<?xml version="1.0" encoding="UTF-8"?><PM1>
<page width="1663" height="2341" resolution="200">
<block><region><rect/></region>
<text>
<par>
<line>K M</line></par>
<par>
<line>Liberté • Égalité • Fraternité</line></par>
<par>
<line>RÉpuBucojE Française</line></par>
<par>
<line>PRÉFET DE LA Haute-Garonne</line></par>
</text>
</block>
<block><region><rect/></region>
<text>
<par>
<line>Direction départementale des territoires</line></par>
<par>
<line>Service risques et gestion de crise</line></par>
</text>
</block>
<block><region><rect/></region>
<text>
<par>
<line>Toulouse, le</line></par>
</text>
</block>
<block><region><rect/></region>
<text>
<par>
<line>J</line></par>
</text>
</block>
<block><region><rect/></region>
<text>
<par>
<line>Arrêté portant approbation du plan de prévention des risques naturels prévisibles de</line>
<line>mouvements différentiels de terrain consécutifs au phénomène de retrait-gonflement des sols</line></par>
<par>
<line>argileux pour la commune de BESSIERES</line></par>
</text>
</block>
<block><region><rect/></region>
<text>
<par>
<line>LE PREFET DE LA REGION MIDI-PYRENEES,</line></par>
<par>
<line>PREFET DE LA Haute-Garonne,</line></par>
<par>
<line>CHEVALIER DE LA LEGION D’HONNEUR,</line></par>
<par>
<line>OFFICIER DE L’ORDRE NATIONAL DU MERITE</line></par>
<par>
<line>VU le Code général des collectivités territoriales ;</line></par>
<par>
<line>VU le Code de l'Urbanisme ;</line></par>
<par>
<line>VU le Code de l’Environnement ;</line></par>
<par>
<line>VU la loi n° 2004-811 du 13 août 2004 de modernisation de la sécurité civile ;</line></par>
<par>
<line>VU la loi n° 95-101 du 2 février 1995 modifiée relative au renforcement de la protection de</line>
<line>l'environnement ;</line></par>
<par>
<line>VU le décret modifié n° 95-1089 du 5 octobre 1995 relatif aux plans de prévention des risques</line>
<line>naturels prévisibles ;</line></par>
<par>
<line>VU l’arrêté préfectoral en date du 24 juin 2004 prescrivant l’établissement d’un plan de prévention</line>
<line>des risques naturels prévisibles de mouvements différentiels de terrain consécutifs au phénomène de</line>
<line>retrait-gonflement des sols argileux pour la commune de BESSIERES;</line></par>
<par>
<line>VU l’arrêté préfectoral en date du 17 août 2010, prescrivant l’ouverture d’une enquête publique du</line>
<line>18 octobre 2010 au 19 novembre 2010 sur le projet de plan de prévention des risques naturels</line>
<line>prévisibles de mouvements différentiels de terrain consécutifs au phénomène de retrait-gonflement</line>
<line>des sols argileux pour la commune de BESSIERES;</line></par>
<par>
<line>VU l’avis favorable du conseil municipal de la commune de BESSIERES en date du 8 septembre</line></par>
<par>
<line>2010;</line></par>
<par>
<line>VU les rapports et conclusions de la Commission d’Enquête en date du 24 janvier 2011;</line></par>
<par>
<line>VU les modifications apportées au dossier pour faire droit aux observations de la Commission</line>
<line>d’Enquête ;</line></par>
<par>
<line>SUR proposition du Directeur Départemental des Territoires de la Haute-Garonne ;</line></par>
</text>
</block>
<block><region><rect/></region>
<text>
<par>
<line>1</line></par>
</text>
</block>

</page>
<page width="1656" height="2336" resolution="200">
<block><region><rect/></region>
<text>
<par>
<line>ARRETE</line></par>
</text>
</block>
<block><region><rect/></region>
<text>
<par>
<line>ARTICLE - Est approuvé le plan de prévention des risques naturels prévisibles de mouvements</line>
<line>différentiels de terrain consécutifs au phénomène de retrait-gonflement des solsygileux pour la</line>
<line>commune de BESSIERES, qui comprend les documents suivants :</line>
<line>le rapport de présentation incluant l’analyse des aléas,</line></par>
<par>
<line>- le règlement,</line></par>
<par>
<line>la cartographie de zonage réglementaire,</line>
<line>annexés au présent arrêté.</line></par>
<par>
<line>ARTICLE 2 - Le plan de prévention des risques naturels prévisibles, visé à l’article 1er, vaut</line>
<line>servitude d’utilité publique et sera, à ce titre, annexé au document d'urbanisme de la commune de</line>
<line>BESSIERES en application des dispositions de l’article L 562-4 - 1 du code de l’environnement, et</line>
<line>selon la procédure énoncée dans l'article R126-2 du code de l'urbanisme.</line></par>
<par>
<line>ARTICLE 3 - Le présent arrêté sera publié, par le maire de BESSIERES, par voie d’affichage,</line>
<line>pendant un mois minimum à la mairie de BESSIERES ainsi qu’au siège des établissements publics</line>
<line>de coopération intercommunale concernés en tout ou partie par le PPRN,</line></par>
<par>
<line>Mention de cet affichage est insérée, par les soins du Préfet, dans un journal diffusé dans le</line>
<line>département,</line></par>
<par>
<line>ARTICLE 4 - Le plan de prévention des risques naturels prévisibles, visé à l’article 1®’’, est tenu à</line>
<line>la disposition du public, tous les jours ouvrables et aux heures habituelles d’ouverture des bureaux :</line></par>
<par>
<line>1 - à la mairie de BESSIERES,</line></par>
<par>
<line>2 - à la préfecture de la Haute - Garonne, au service interministériel régional des affaires</line>
<line>civiles et économiques de défense et de protection civile,</line></par>
<par>
<line>3 - à la direction départementale des territoires de la Haute-Garonne, au service risques et</line>
<line>gestion de crise.</line></par>
<par>
<line>ARTICLE 5 - Le présent arrêté peut faire l’objet d’im recours contentieux auprès du Tribunal</line>
<line>administratif de Toulouse, dans un délai de deux mois à compter de sa publication, conformément</line>
<line>aux dispositions de l’article R421-1 du code de justice administrative.</line></par>
</text>
</block>
<block><region><rect/></region>
<text>
<par>
<line>ARTICLE 6 - Le secrétaire général de la Préfecture de la Haute-Garonne, le maire de la commune</line>
<line>de BESSIERES, le directeur départemental des territoires, sont chargés, chacun en ce qui le</line>
<line>concerne, de l’exécution du présent arrêté qui sera publié au recueil des actes administratifs de la</line>
<line>préfecture de la Haute-Garonne.</line></par>
</text>
</block>
<block><region><rect/></region>
<text>
<par>
<line>îWauri</line></par>
</text>
</block>
<block><region><rect/></region>
<text>
<par>
<line>E PREFET</line></par>
</text>
</block>
<block><region><rect/><rect/></region>
<text>
<par>
<line>Le Sous-Préfejj^reotaur de Cabinet</line></par>
</text>
</block>
<block><region><rect/></region>
<text>
<par>
<line>2</line></par>
</text>
</block>







</page>
</PM1>