<?xml version="1.0" encoding="UTF-8"?><PM1>
<page width="1653" height="2336" resolution="200">
<block><region><rect/></region>
<text>
<par>
<line>mm</line></par>
<par>
<line>Libtrt^ • ÉgalM • FraterniU</line></par>
<par>
<line>RÉFUBLiquE Française</line></par>
<par>
<line>PREFET DE LA HAUTE-GARONNE</line></par>
</text>
</block>
<block><region><rect/></region>
<text>
<par>
<line>Direction Départementale des Territoires</line>
<line>Service Risques et Gestion de Crise</line></par>
</text>
</block>
<block><region><rect/></region>
<text>
<par>
<line>Le Préfet de la Région Midi-Pyrénées</line>
<line>Préfet de la Haute-Garonne</line>
<line>Chevalier de la Légion d'Honneur</line>
<line>Officier de l’Ordre national du Mérite</line></par>
</text>
</block>
<block><region><rect/></region>
<text>
<par>
<line>ARRETE PREFECTORAL</line></par>
<par>
<line>portant approbation du Plan de Prévention des Risques naturels prévisibles</line>
<line>liés aux inondations et aux mouvements de terrain sur la commune de</line></par>
<par>
<line>MURET</line></par>
<par>
<line>Vu le code de l’urbanisme, notamment ses articles L126-1, A126-1 et R123-14 ;</line></par>
<par>
<line>Vu le code de l'environnement, notamment ses articles L562-1 à 9 et R562-1 à 10-2 ;</line></par>
<par>
<line>Vu le code de justice administrative, notamment ses articles R421-1 et suivants ;</line></par>
<par>
<line>Vu l'arrêté préfectoral du 26 juillet 2004 portant prescription de l’élaboration d’un Plan de</line>
<line>Prévention des Risques naturels prévisibles liés aux inondations et mouvements de terrain sur</line>
<line>la commune de MURET ;</line></par>
<par>
<line>Vu l’arrêté préfectoral du 25 octobre 2013 portant ouverture d’une enquête publique au titre du</line>
<line>Plan de Prévention des Risques naturels prévisibles liés aux inondations et mouvements de</line>
<line>terrain sur la commune de Muret</line></par>
<par>
<line>Vu l’arrêté préfectoral du 03 décembre 2013 modifiant certaines dates de pennanence du</line>
<line>commissaire enquêteur lors de l'enquête publique au titre du Plan de Prévention des Risques</line>
<line>naturels prévisibles liés aux inondations et mouvements de terrain sur la commune de Muret</line></par>
<par>
<line>Vu l’avis favorable du Conseil Général de la Haute-Garonne;</line></par>
<par>
<line>Vu l’avis favorable de la Chambre d'Agriculture de la Haute-Garonne;</line></par>
<par>
<line>Vu les avis réputés favorables du Conseil Régional, du Syndicat Mixte d'Etudes et</line>
<line>d'Aménagement de la Garonne, de la Communauté d'Agglomération du Muretain, du</line>
<line>Syndicat Mixte d'Etudes de l'Agglomération Toulousaine et du Syndicat Intercormnunal</line>
<line>d'Aménagement Hydraulique de la Louge ;</line></par>
<par>
<line>Vu l’avis défavorable du conseil municipal de Mui'et, les réponses apportées par la Direction</line>
<line>Départementale des Territoires et figurant au dossier d’enquête, la remarque du commissaire</line>
<line>enquêteur sur ce point et finalement certaines modifications faites dans le dossier ;</line></par>
<par>
<line>Vu le rapport d’analyse, les conclusions et l’avis favorable du commissaire enquêteur assorti de</line>
<line>deux réserves ;</line></par>
</text>
</block>
<block><region><rect/></region>
<text>
<par>
<line>1/2</line></par>
</text>
</block>




</page>
<page width="1653" height="2336" resolution="200">
<block><region><rect/></region>
<text>
<par>
<line>Vu les modifications apportées au dossier pour faire droit aux deux réserves du comiuissaire</line>
<line>enquêteur ;</line></par>
<par>
<line>Sur proposition du Directeur Départemental des Territoires de la Haute-Garonne</line></par>
</text>
</block>
<block><region><rect/></region>
<text>
<par>
<line>ARRETE</line></par>
</text>
</block>
<block><region><rect/></region>
<text>
<par>
<line>Article 1 : Le Plan de Prévention des Risques naturels prévisibles liés aux inondations et aux</line>
<line>mouvements de terrain sur la commune de MURET est approuvé.</line></par>
<par>
<line>Article 2 : Le Plan de Prévention des Risques naturels prévisibles, visé à l’article 1, vaut servitude</line>
<line>d’utilité publique et sera, à ce titre, annexé aux documents d'urbanisme des communes</line>
<line>concernées, en application des dispositions de l’article L 126 - 1 du code de</line>
<line>l’urbanisme.</line></par>
<par>
<line>Article 3 : Le présent arrêté fera l’objet d’une mention, à la diligence du préfet et à ses frais, en</line>
<line>caractères apparents, dans un journal diffusé dans le département.</line></par>
<par>
<line>Cet arrêté sera, en outre, publié au recueil des actes administratifs de la Préfecture de</line>
<line>la Haute-Garomie.</line></par>
</text>
</block>
<block><region><rect/></region>
<text>
<par>
<line>Une copie du présent arrêté sera publiée par voie d’affichage à la mairie de MURET, à</line>
<line>la diligence du maire, pendant un mois au minimum.</line></par>
<par>
<line>Article 4 : Le Plan de Prévention des Risques, visé à l’article 1, est tenu à la disposition du</line>
<line>public, tous les jours ouvrables et aux heures habituelles d’ouverture des bureaux :</line></par>
<par>
<line>1 - A la mairie de MURET,</line></par>
<par>
<line>2 - A la sous-préfecture de la Muret.</line></par>
<par>
<line>Article 5 : La présente décision peut faire l’objet, dans le délai de deux mois à compter de sa</line>
<line>publication, soit d’un recours gracieux auprès du préfet de la Haute-Garonne, soit d’un</line>
<line>recours hiérarchique auprès du ministre de l’écologie, du développement durable, et de</line>
<line>l'énergie.</line></par>
<par>
<line>Il peut faire également l’objet d’un recours contentieux auprès du Tribunal</line>
<line>administratif de Toulouse :</line></par>
<par>
<line>1 - soit directement, en l’absence de recours préalable, dans le délai de</line>
<line>deux mois à compter de la plus tardive des mesures de publicité</line>
<line>prévues à l’article 3,</line></par>
<par>
<line>2 - soit à l’issue d’un recours préalable, dans les deux mois à compter</line>
<line>de la date de notification de la réponse obtenue de l’administration, ou</line>
<line>au terme d’un silence gardé par celle-ci pendant deux mois à compter</line>
<line>de la réception de la demande.</line></par>
<par>
<line>Article 6 : Le préfet de la Haute-Garonne, le maire de la communes de Muret et le directeur</line>
<line>Départemental des Territoires de la Haute-Garomie sont chargés, chacun en ce qui le</line>
<line>concerne, de l’exécution du présent arrêté qui sera publié au recueil des actes</line>
<line>administratifs de l’État dans le département de la Haute-Garonne.</line></par>
</text>
</block>
<block><region><rect/></region>
<text>
<par/>
</text>
</block>
<block><region><rect/></region>
<text>
<par>
<line>foü4e</line></par>
</text>
</block>
<block><region><rect/></region>
<text>
<par>
<line>Rrro</line></par>
</text>
</block>
<block><region><rect/></region>
<text>
<par>
<line>dêj</line></par>
</text>
</block>
<block><region><rect/></region>
<text>
<par>
<line>Tli</line></par>
</text>
</block>
<block><region><rect/></region>
<text>
<par>
<line>? 7 OCT. 2nu</line></par>
</text>
</block>
<block><region><rect/></region>
<text>
<par>
<line>DOi iNiER</line></par>
</text>
</block>
<block><region><rect/></region>
<text>
<par>
<line>2/2</line></par>
</text>
</block>









</page>
</PM1>