<?xml version="1.0" encoding="UTF-8"?><PM1>
<page width="1688" height="2359" resolution="200">
<block><region><rect/></region>
<text>
<par/>
</text>
</block>
<block><region><rect/></region>
<text>
<par/>
</text>
</block>
<block><region><rect/><rect/><rect/></region>
<text>
<par>
<line>REVISION P.RR. approuvé</line></par>
<par>
<line>Se : - 9 AVR, 2008</line></par>
</text>
</block>
<block><region><rect/></region>
<text>
<par>
<line>CABINET</line></par>
</text>
</block>
<block><region><rect/><rect/><rect/></region>
<text>
<par>
<line>Lih^rjf' • É;çiifil5 • Prnlsniil^</line></par>
<par>
<line>République Française</line></par>
<par>
<line>PRÉFECTURE DE LA RÉGION MIDI-PYR</line>
<line>PRÉFECTURE DE LA HAUTE-OARON</line></par>
</text>
</block>
<block blockType="Table" blockName="" l="1142" t="186" r="1247" b="547"><region><rect/></region>
<row>
<cell width="62" height="41">
<text>
<par/>
</text></cell>
<cell width="43" height="41">
<text>
<par/>
</text></cell></row>
<row>
<cell width="62" height="91">
<text>
<par>
<line>GAB</line></par>
<par>
<line>mË</line></par>
</text></cell>
<cell width="43" height="91">
<text>
<par>
<line>fs</line></par>
</text></cell></row>
<row>
<cell width="62" height="45">
<text>
<par>
<line>Wr\</line></par>
</text></cell>
<cell width="43" height="45">
<text>
<par/>
</text></cell></row>
<row>
<cell width="62" height="44">
<text>
<par>
<line>CTN</line></par>
</text></cell>
<cell width="43" height="44">
<text>
<par/>
</text></cell></row>
<row>
<cell width="62" height="45">
<text>
<par>
<line>CTU</line></par>
</text></cell>
<cell width="43" height="45">
<text>
<par/>
</text></cell></row>
<row>
<cell width="62" height="45">
<text>
<par>
<line>CTS</line></par>
</text></cell>
<cell width="43" height="45">
<text>
<par/>
</text></cell></row>
<row>
<cell width="62" height="50">
<text>
<par>
<line>SUB</line></par>
</text></cell>
<cell width="43" height="50">
<text>
<par/>
</text></cell></row>
</block>
<block><region><rect/><rect/><rect/></region>
<text>
<par>
<line>I IdÆiii Innft</line></par>
<par>
<line>.,|iA</line></par>
</text>
</block>
<block><region><rect/></region>
<text>
<par>
<line>OCT. 2001</line></par>
</text>
</block>
<block><region><rect/></region>
<text>
<par>
<line>ISI.PHÛJFT f)E RÉPOHSc</line>
<line>'Y M’EN PARLER</line></par>
</text>
</block>
<block><region><rect/></region>
<text>
<par>
<line>DDQ.</line></par>
</text>
</block>
<block><region><rect/></region>
<text>
<par>
<line>MG</line></par>
</text>
</block>
<block><region><rect/></region>
<text>
<par>
<line>PTAI?</line></par>
</text>
</block>
<block><region><rect/><rect/><rect/></region>
<text>
<par>
<line>SRU</line></par>
<par>
<line>SLH</line></par>
</text>
</block>
<block><region><rect/></region>
<text>
<par>
<line>SGP-</line></par>
</text>
</block>
<block><region><rect/></region>
<text>
<par>
<line>SGI</line></par>
</text>
</block>
<block><region><rect/></region>
<text>
<par>
<line>SEE</line></par>
</text>
</block>
<block><region><rect/></region>
<text>
<par>
<line>SERVICE INTERMINISTERIEL REGIONAL</line>
<line>DES AFFAIRES CIVILES ET ECONOMIQUES</line></par>
<par>
<line>DE DEFENSE ET DE PROTECTION CIVILE ^ ^ ^ -, « «</line></par>
<par>
<line>2001-PREF. ‘51/0001Q3</line></par>
<par>
<line>Fax : 05,.14,45.3^.34</line>
<line>Tél. : 05.34,45.36,5(5</line>
<line>AITniro suivie par :</line></par>
<par>
<line>M, ROUDîN</line></par>
<par>
<line>ARRETE,</line></par>
<par>
<line>portant approbation du</line></par>
<par>
<line>Plan de Prévention des Risques naturels prévisibles</line>
<line>pour la commune de LABARTHE SUR LEZE</line></par>
</text>
</block>
<block><region><rect/></region>
<text>
<par>
<line>LE PREFET DE LA REGION MIDi-PYRENEES,</line>
<line>PREFET DE LA HAUTE-GARONNE</line>
<line>Chevalier de la Légion d'Honneur,</line></par>
</text>
</block>
<block><region><rect/></region>
<text>
<par>
<line>Vu le code général des collectivités territoriales,</line></par>
<par>
<line>Vu !e code de l'urbanisme,</line></par>
<par>
<line>Vu la loi n“ 87 - 565 du 22 juillet 1987, relative à l'organisation de la sécurité civile, à la protection de la</line>
<line>forêt contre l’incendie et à ia prévention des risques majeurs, modifiée par la loi n® 95-101 du 2 février</line>
<line>1995 relative au renforcement de la protection de l’environnement et notamment le titre il,</line></par>
<par>
<line>Vu le décret n° 95-1089 du 5 octobre 1995 relatif aux plans de prévention des risques naturels prévisi¬</line>
<line>bles,</line></par>
<par>
<line>Vu l'arrêté préfectoral en date du 16 juillet 1999, prescrivant l'établissement d'un Plan de Prévention</line>
<line>des Risques naturels prévisibles pour la commune de LABARTHE SUR LEZE,</line></par>
<par>
<line>Vu l'arrêté préfectoral en date du 3 octobre 2000, prescrivant l’ouverture d'une enquête publique sur le</line>
<line>projet de Plan de Prévention des Risques naturels pour la commune de LABARTHE SUR LEZE,</line></par>
<par>
<line>Vu la délibération du 14 décembre 2000 du Conseil Municipal de la commune de LABARTHE SUR</line>
<line>LEZE sur le projet de Plan de Prévention des Risques naturels prévisibles.</line></par>
<par>
<line>Vu l'avis du 22 décembre 2000 émis par la Chambre d'Agriculture de la Haute-Garonne sur le projet de</line>
<line>Plan de Prévention des Risques naturels prévisibles,</line></par>
<par>
<line>Vu le rapport établi le 11 mai 2001 par Madame Michèle GARRIGUES, Commissaire Enquêteur, après</line>
<line>l'enquête publique à laquelle il a été procédé du 4 décembre 2000 au 19 décembre 2000</line></par>
<par>
<line>Sur ia proposition du Sous-Préfet, Directeur de Cabinet du Préfet de la Région Midi-Pyrénées, Préfet</line>
<line>'de la Haute-Garonne,</line></par>
</text>
</block>




























</page>
<page width="1750" height="2402" resolution="200">
<block><region><rect/></region>
<text>
<par>
<line>ARRETE</line></par>
</text>
</block>
<block><region><rect/></region>
<text>
<par>
<line>ARTICLE 1. Le Plan de Prévention des Risques naturels prévisibles d’inondations pour la commune</line>
<line>de LABARTHE SUR LEZE, annexé au présent arrêté, est approuvé.</line></par>
<par>
<line>ARTICLE 2. Le Pian de Prévention des Risques naturels prévisibles, visé à l'article 1, vaut servitude</line>
<line>d'utilité publique et sera, à ce titre, annexé au Pian d'Occupation des Sols de la commune de</line>
<line>LABARTHE SUR LEZE en application des dispositions de l’article L 126-1 du Code de l’Urbanisme.</line></par>
<par>
<line>ARTICLE 3. Le présent arrêté fera ('objet d'une mention, à la diligence du préfet et à ses frais, en ca¬</line>
<line>ractères apparents, dans deux journaux régionaux ou locaux diffusés dans le département,</line></par>
<par>
<line>ARTICLE 4. Une copie du présent arreté sera publiée par voie d'affichage en mairie de LABARTHE</line>
<line>SUR LEZE à la diligence du maire, pendant un mois au minimum.</line></par>
<par>
<line>ARTICLE 5. Le Pian de Prévention des Risques naturels prévisibles, visé â f'articie 1. est tenu à la</line>
<line>disposition du public, tous les jours ouvrables et aux heures habituelles d'ouverture des bureaux :</line></par>
<par>
<line>1 - à la mairie de LABARTHE SUR LEZE,</line></par>
<par>
<line>2 - à la Sous-Préfecture de Muret,</line></par>
<par>
<line>2 - à la Préfecture de la Haute-Garonne,</line></par>
<par>
<line>ARTICLE 6. Le Secrétaire Général de la Préfecture, le Sous-Préfet de Muret, le maire de la commune</line>
<line>de LABARTHE SUR LEZE, le Directeur Départemental de l’Equipement, le Directeur Départemental de</line>
<line>l'Agriculture et de la Forêt sont chargés, chacun en ce qui le concerne, de l’exécution du présent arrêté</line>
<line>qui sera publié au recueil des actes administratifs de l'Etat dans le département.</line></par>
</text>
</block>
<block><region><rect/></region>
<text>
<par>
<line>Fail à TOULOUSE le 1 8 JUÎI . 2001</line></par>
</text>
</block>
<block><region><rect/></region>
<text>
<par>
<line>Le Préfet,</line></par>
</text>
</block>
<block><region><rect/></region>
<text>
<par>
<line>Hubert FOURNIER</line></par>
</text>
</block>


</page>
<page width="1656" height="2336" resolution="200">
<block><region><rect/></region>
<text>
<par/>
</text>
</block>
<block><region><rect/></region>
<text>
<par>
<line>LibBTti » ÉgiHU • PraUmité</line></par>
<par>
<line>RÉFi/BLiQyB Française</line></par>
<par>
<line>PREFECTURE DE LA REGION MIDI-PYRENEE</line>
<line>PREFECTURE DE LA HAUTE-GARONNE</line></par>
</text>
</block>
<block><region><rect/></region>
<text>
<par>
<line>DIRECTION DEPARTEMENTALE DE L’EQUIPEMENT</line>
<line>DE LA HAUTE-GARONNE</line>
<line>SERVICE RISQUES ET SECURl lE</line></par>
<par>
<line>20 0 7 -PREF31- 0 1 8</line></par>
</text>
</block>
<block><region><rect/></region>
<text>
<par>
<line>ARRETE PREFECTORAL portant révision du</line>
<line>Plan de Prévention des Risques naturels</line>
<line>prévisibles pour ia commune de LABARTHE-</line>
<line>SUR-LEZE</line></par>
</text>
</block>
<block><region><rect/></region>
<text>
<par>
<line>LE PREFET DE LA REGION MIDI-PYRENEES, PREFET DE LA HAUTE-</line>
<line>GARONNE, OFFICIER DE LA LEGION D'HONNEUR,</line></par>
</text>
</block>
<block><region><rect/></region>
<text>
<par>
<line>VU le code général des collectivités territoriales ;</line></par>
<par>
<line>VU le code de l'urbanisme ;</line></par>
<par>
<line>VU le code de l'environnement ;</line></par>
<par>
<line>VU la loi n°95-101 du 2 février 1995 relative au renforcement de la protection de</line>
<line>l'environnement</line></par>
<par>
<line>VU la loi n°2003-699 du 30 juillet 2003 relative à la prévention des risques naturels et</line>
<line>technologiques et à la réparation des dommages ;</line></par>
<par>
<line>VU la loi n°2004-811 du 13 août 2004 relative à la modernisation de la sécurité civile ;</line></par>
<par>
<line>VU le décret n° 95-1089 du 5 octobre 1995 relatif aux plans de prévention des risques</line>
<line>naturels prévisibles, modifié par décret n“2005-3 du 4 janvier 2005</line></par>
<par>
<line>VU l'arrêté préfectoral n°2001-PREF-31/000103 du 18 juillet 2001 portant approbation</line>
<line>du Plan de Prévention des Risques naturels d’inondation sur la commune de Labarthe-</line>
<line>su-Lèze :</line></par>
<par>
<line>SUR proposition du Directeur Départemental de l’Equipement de la Haute-Garonne ;</line></par>
</text>
</block>






</page>
<page width="1697" height="2365" resolution="200">
<block><region><rect/></region>
<text>
<par>
<line>ARRETE</line></par>
</text>
</block>
<block><region><rect/></region>
<text>
<par>
<line>ARTICLE 1 :</line></par>
</text>
</block>
<block><region><rect/></region>
<text>
<par>
<line>Le plan de prévention des risques naturels prévisibles d’inondation de la commune de</line>
<line>Labarthe-sur-Lèze est mis en révision.</line></par>
<par>
<line>ARTICLE 2 :</line></par>
</text>
</block>
<block><region><rect/></region>
<text>
<par>
<line>Le périmètre mis à l'étude est représenté sur le plan annexé au présent arrêté,</line></par>
<par>
<line>ARTICLE 3 :</line></par>
</text>
</block>
<block><region><rect/></region>
<text>
<par>
<line>La Direction Départementale de l’Equipement est ohargée de l’instruction de</line>
<line>('élaboration de la révision de ce plan.</line></par>
<par>
<line>ARTICLE 4 :</line></par>
<par>
<line>La commune de Labarthe-sur-Lèze est associée à l’élaboration de ce plan. La</line>
<line>concertation avec la commune est assurée par la tenue de réunions, ainsi que par les</line>
<line>échanges utiles à la mise au point du plan, entre le service instructeur et la municipalité</line>
<line>de Labarthe-sur-Lèze.</line></par>
<par>
<line>ARTICLE 5:</line></par>
</text>
</block>
<block><region><rect/></region>
<text>
<par>
<line>Ampliations du présent arrêté seront adressées :</line></par>
<par>
<line>au maire de la commune de Labarthe-sur-Lèze ;</line></par>
<par>
<line>- à M. le sous-préfet de Muret :</line></par>
<par>
<line>- à M. le directeur départemental de l’agriculture et de la forêt ;</line></par>
<par>
<line>- à M. le directeur régional et départemental de l’équipement ;</line></par>
<par>
<line>- à M. le directeur régional de l’environnement ;</line></par>
<par>
<line>- à M. le délégué aux risques majeurs du Ministère de l’Écologie et du</line>
<line>Développement Durable</line></par>
<par>
<line>ARTICLE 6 :</line></par>
</text>
</block>
<block><region><rect/></region>
<text>
<par>
<line>Le présent arrêté sera tenu à la disposition du public tous les jours ouvrables et aux</line>
<line>heures habituelles d'ouverture des bureaux ;</line></par>
<par>
<line>1 - à la mairie de Labarthe-sur-Lèze ;</line></par>
<par>
<line>2 - à la préfecture du département de la Haute-Garonne (SIRACEDPC);</line></par>
<par>
<line>3 - à la sous-préfecture de l'arrondissement de Muret;</line></par>
<par>
<line>4 - à la direction régionale de l'environnement Midi-Pyrénées ;</line></par>
<par>
<line>5 - à la direction régionale et départementale de l’équipement.</line></par>
<par>
<line>ARTICLE 7 :</line></par>
</text>
</block>
<block><region><rect/><rect/><rect/></region>
<text>
<par>
<line>Le secrétaire général de la préfecture, le sous-préfet de l’arrondissement de Muret, le</line>
<line>Maire de Labarthe-sur-Lèze, le directeur régional et départemental de l'équipement, le</line>
<line>directeur régional de l'environnement Midi-Pyrénées sont chargés chacun en ce qui le</line>
<line>concerne, de l'exécution du présent arrêté qui sera publié^ au recueil des actes</line>
<line>administratifs de l'État dans le département de la Haute-Gare</line></par>
</text>
</block>
<block><region><rect/><rect/><rect/><rect/><rect/></region>
<text>
<par>
<line>Fait à TOUL</line></par>
<par>
<line>Po(J,</line>
<line>_Lô Sécréta'</line>
<line>de</line></par>
</text>
</block>
<block><region><rect/></region>
<text>
<par>
<line>:</line></par>
</text>
</block>
<block><region><rect/></region>
<text>
<par>
<line>E le 2 4 JAfj, 200]</line></par>
</text>
</block>
<block><region><rect/><rect/></region>
<text>
<par>
<line>nèral de la</line></par>
<par>
<line>aute-Garonna</line></par>
</text>
</block>
<block><region><rect/></region>
<text>
<par>
<line>h&amp;dêtelDOUL</line></par>
</text>
</block>
<block><region><rect/></region>
<text>
<par>
<line>4</line></par>
</text>
</block>


















</page>
<page width="2501" height="3517" resolution="300">
<block><region><rect/></region>
<text>
<par>
<line>iRIVlStON P.P.R^ïp^W</line></par>
</text>
</block>
<block><region><rect/></region>
<text>
<par>
<line>PLAN DE PREVENTION DES RISQUES NATUREL</line></par>
<par>
<line>Vw&gt;v*</line></par>
</text>
</block>
<block><region><rect/></region>
<text>
<par/>
</text>
</block>
<block><region><rect/></region>
<text>
<par>
<line>’T'îft V</line></par>
</text>
</block>
<block><region><rect/></region>
<text>
<par>
<line>lB</line></par>
</text>
</block>
<block><region><rect/></region>
<text>
<par>
<line>SÎMESfc'.ïïîSSïSâ&amp;ÆJK.SÎ</line></par>
</text>
</block>
<block><region><rect/></region>
<text>
<par>
<line>‘</line></par>
</text>
</block>
<block><region><rect/></region>
<text>
<par>
<line>i</line></par>
</text>
</block>
<block><region><rect/></region>
<text>
<par/>
</text>
</block>
<block><region><rect/></region>
<text>
<par>
<line>i</line></par>
</text>
</block>
<block><region><rect/></region>
<text>
<par/>
</text>
</block>
<block><region><rect/></region>
<text>
<par>
<line>gf PERIMETRE D'ETUDE g</line></par>
</text>
</block>
<block><region><rect/></region>
<text>
<par/>
</text>
</block>
<block><region><rect/></region>
<text>
<par/>
</text>
</block>
<block><region><rect/></region>
<text>
<par/>
</text>
</block>
<block><region><rect/></region>
<text>
<par>
<line>* *</line></par>
</text>
</block>
<block><region><rect/></region>
<text>
<par>
<line>flttiÏÈ®»</line></par>
</text>
</block>
<block><region><rect/></region>
<text>
<par/>
</text>
</block>
<block><region><rect/></region>
<text>
<par>
<line>sa</line></par>
</text>
</block>
<block><region><rect/></region>
<text>
<par>
<line>&gt;sîrw</line></par>
</text>
</block>
<block><region><rect/></region>
<text>
<par>
<line>Vwjfftpier.</line></par>
</text>
</block>
<block><region><rect/></region>
<text>
<par/>
</text>
</block>
<block><region><rect/></region>
<text>
<par>
<line>ms</line></par>
</text>
</block>
<block><region><rect/></region>
<text>
<par>
<line>I LIMITES COMMUNALE</line></par>
</text>
</block>
<block><region><rect/></region>
<text>
<par>
<line>r.^</line></par>
</text>
</block>
<block><region><rect/></region>
<text>
<par/>
</text>
</block>
<block><region><rect/></region>
<text>
<par/>
</text>
</block>
<block><region><rect/></region>
<text>
<par/>
</text>
</block>
<block><region><rect/></region>
<text>
<par>
<line>il</line></par>
</text>
</block>
<block><region><rect/></region>
<text>
<par>
<line>m</line></par>
</text>
</block>
<block><region><rect/></region>
<text>
<par>
<line>ailli-i'c</line></par>
</text>
</block>
<block><region><rect/></region>
<text>
<par>
<line>iwpt</line></par>
</text>
</block>
<block><region><rect/></region>
<text>
<par/>
</text>
</block>
<block><region><rect/><rect/></region>
<text>
<par/>
</text>
</block>
<block><region><rect/></region>
<text>
<par/>
</text>
</block>
<block><region><rect/></region>
<text>
<par/>
</text>
</block>
<block><region><rect/></region>
<text>
<par>
<line>KJMy</line></par>
</text>
</block>
<block><region><rect/></region>
<text>
<par>
<line>d iki^-</line></par>
</text>
</block>
<block><region><rect/></region>
<text>
<par>
<line>WM</line></par>
</text>
</block>
<block><region><rect/></region>
<text>
<par/>
</text>
</block>
<block><region><rect/></region>
<text>
<par/>
</text>
</block>
<block><region><rect/></region>
<text>
<par>
<line>Prnis-</line></par>
</text>
</block>
<block><region><rect/></region>
<text>
<par/>
</text>
</block>
<block><region><rect/></region>
<text>
<par/>
</text>
</block>
<block><region><rect/></region>
<text>
<par>
<line>P</line></par>
</text>
</block>
<block><region><rect/></region>
<text>
<par/>
</text>
</block>
<block><region><rect/></region>
<text>
<par>
<line>îfSWW</line></par>
<par>
<line>m)ea^'2</line></par>
<par>
<line>nËu^bi</line></par>
</text>
</block>
<block><region><rect/></region>
<text>
<par>
<line>iLdSli/'''</line></par>
</text>
</block>
<block><region><rect/></region>
<text>
<par>
<line>« '</line></par>
</text>
</block>
<block><region><rect/></region>
<text>
<par>
<line>« ê •</line></par>
</text>
</block>
<block><region><rect/></region>
<text>
<par>
<line>BïS</line></par>
</text>
</block>
<block><region><rect/></region>
<text>
<par>
<line>wi</line></par>
</text>
</block>
<block><region><rect/></region>
<text>
<par>
<line>;; ' ■ ’ ■ f^l:y</line></par>
</text>
</block>
<block><region><rect/></region>
<text>
<par>
<line>mm</line></par>
</text>
</block>
<block><region><rect/></region>
<text>
<par>
<line>*^:-f</line></par>
</text>
</block>
<block><region><rect/></region>
<text>
<par>
<line>cpen:c\</line></par>
</text>
</block>
<block><region><rect/></region>
<text>
<par>
<line>ï\- ^</line></par>
</text>
</block>
<block><region><rect/></region>
<text>
<par>
<line>' ^1</line></par>
</text>
</block>
<block><region><rect/></region>
<text>
<par>
<line>•AA</line></par>
</text>
</block>
<block><region><rect/></region>
<text>
<par/>
</text>
</block>
<block><region><rect/></region>
<text>
<par>
<line>mms...ÆP</line></par>
</text>
</block>
<block><region><rect/></region>
<text>
<par/>
</text>
</block>
<block><region><rect/></region>
<text>
<par>
<line>¥^îl</line></par>
</text>
</block>
<block><region><rect/></region>
<text>
<par>
<line>M</line></par>
</text>
</block>
<block><region><rect/></region>
<text>
<par>
<line>1^3</line></par>
</text>
</block>
<block><region><rect/></region>
<text>
<par>
<line>"4**</line></par>
</text>
</block>
<block><region><rect/></region>
<text>
<par/>
</text>
</block>
<block><region><rect/></region>
<text>
<par/>
</text>
</block>
<block><region><rect/></region>
<text>
<par/>
</text>
</block>
<block><region><rect/></region>
<text>
<par/>
</text>
</block>
<block><region><rect/></region>
<text>
<par>
<line>pii</line></par>
</text>
</block>
<block><region><rect/></region>
<text>
<par>
<line>Ikn'i^W</line></par>
</text>
</block>
<block><region><rect/></region>
<text>
<par>
<line>L-ïë</line></par>
</text>
</block>
<block><region><rect/></region>
<text>
<par/>
</text>
</block>
<block><region><rect/></region>
<text>
<par/>
</text>
</block>
<block><region><rect/></region>
<text>
<par/>
</text>
</block>
<block><region><rect/></region>
<text>
<par/>
</text>
</block>
<block><region><rect/></region>
<text>
<par>
<line>f. s</line></par>
</text>
</block>
<block><region><rect/></region>
<text>
<par/>
</text>
</block>
<block><region><rect/></region>
<text>
<par/>
</text>
</block>
<block><region><rect/></region>
<text>
<par/>
</text>
</block>
<block><region><rect/></region>
<text>
<par>
<line>mm</line></par>
</text>
</block>
<block><region><rect/></region>
<text>
<par>
<line>w</line></par>
<par>
<line>■’^vf.^'; -E,-.</line></par>
</text>
</block>
<block><region><rect/></region>
<text>
<par>
<line>ILf</line></par>
</text>
</block>
<block><region><rect/></region>
<text>
<par>
<line>MiiftEArriu</line></par>
</text>
</block>
<block><region><rect/></region>
<text>
<par/>
</text>
</block>
<block><region><rect/></region>
<text>
<par/>
</text>
</block>
<block><region><rect/></region>
<text>
<par/>
</text>
</block>
<block><region><rect/></region>
<text>
<par/>
</text>
</block>
<block><region><rect/></region>
<text>
<par/>
</text>
</block>
<block><region><rect/></region>
<text>
<par/>
</text>
</block>
<block><region><rect/></region>
<text>
<par>
<line>ürf</line></par>
</text>
</block>
<block><region><rect/></region>
<text>
<par>
<line>Kft</line></par>
</text>
</block>
<block><region><rect/></region>
<text>
<par/>
</text>
</block>
<block><region><rect/></region>
<text>
<par/>
</text>
</block>
<block><region><rect/></region>
<text>
<par>
<line>nis-I</line></par>
</text>
</block>
<block><region><rect/></region>
<text>
<par>
<line>I »■:</line></par>
</text>
</block>
<block><region><rect/></region>
<text>
<par>
<line>m</line></par>
</text>
</block>
<block><region><rect/><rect/></region>
<text>
<par/>
</text>
</block>
<block><region><rect/></region>
<text>
<par/>
</text>
</block>
<block><region><rect/></region>
<text>
<par>
<line>ür Babâffjif</line></par>
</text>
</block>
<block><region><rect/></region>
<text>
<par>
<line>èJ à®?</line></par>
</text>
</block>
<block><region><rect/></region>
<text>
<par/>
</text>
</block>
<block><region><rect/></region>
<text>
<par>
<line>'M</line></par>
</text>
</block>
<block><region><rect/></region>
<text>
<par/>
</text>
</block>
<block><region><rect/></region>
<text>
<par/>
</text>
</block>
<block><region><rect/></region>
<text>
<par/>
</text>
</block>
<block><region><rect/></region>
<text>
<par/>
</text>
</block>
<block><region><rect/></region>
<text>
<par>
<line>ji^</line></par>
</text>
</block>
<block><region><rect/></region>
<text>
<par/>
</text>
</block>
<block><region><rect/></region>
<text>
<par/>
</text>
</block>
<block><region><rect/></region>
<text>
<par>
<line>m</line></par>
</text>
</block>
<block><region><rect/></region>
<text>
<par/>
</text>
</block>
<block><region><rect/></region>
<text>
<par/>
</text>
</block>
<block><region><rect/></region>
<text>
<par/>
</text>
</block>
<block><region><rect/></region>
<text>
<par/>
</text>
</block>
<block><region><rect/></region>
<text>
<par/>
</text>
</block>
<block><region><rect/></region>
<text>
<par/>
</text>
</block>
<block><region><rect/><rect/></region>
<text>
<par/>
</text>
</block>
<block><region><rect/><rect/></region>
<text>
<par/>
</text>
</block>
<block><region><rect/></region>
<text>
<par>
<line>''^L</line></par>
</text>
</block>
<block><region><rect/></region>
<text>
<par>
<line>K^’m</line></par>
</text>
</block>
<block><region><rect/></region>
<text>
<par>
<line>1^</line></par>
</text>
</block>
<block><region><rect/></region>
<text>
<par/>
</text>
</block>
<block><region><rect/></region>
<text>
<par/>
</text>
</block>
<block><region><rect/></region>
<text>
<par>
<line>CT a</line></par>
</text>
</block>
<block><region><rect/><rect/></region>
<text>
<par>
<line>.,..f, JM®. J t"</line></par>
</text>
</block>
<block><region><rect/></region>
<text>
<par/>
</text>
</block>
<block><region><rect/></region>
<text>
<par/>
</text>
</block>
<block><region><rect/></region>
<text>
<par/>
</text>
</block>
<block><region><rect/></region>
<text>
<par>
<line>yr-®</line></par>
</text>
</block>
<block><region><rect/></region>
<text>
<par/>
</text>
</block>
<block><region><rect/></region>
<text>
<par/>
</text>
</block>
<block><region><rect/></region>
<text>
<par>
<line>» ini\*'</line></par>
</text>
</block>
<block><region><rect/></region>
<text>
<par>
<line>n^gf</line></par>
</text>
</block>
<block><region><rect/></region>
<text>
<par/>
</text>
</block>
<block><region><rect/></region>
<text>
<par>
<line>N Si^ï»</line></par>
</text>
</block>
<block><region><rect/><rect/></region>
<text>
<par>
<line>\ r-:^ -1 ISfl-</line></par>
</text>
</block>
<block><region><rect/></region>
<text>
<par>
<line>ism</line></par>
</text>
</block>
<block><region><rect/></region>
<text>
<par/>
</text>
</block>
<block><region><rect/></region>
<text>
<par>
<line>fy^ ■.</line></par>
</text>
</block>
<block><region><rect/></region>
<text>
<par>
<line>i:</line></par>
</text>
</block>
<block><region><rect/></region>
<text>
<par/>
</text>
</block>
<block><region><rect/></region>
<text>
<par/>
</text>
</block>
<block><region><rect/></region>
<text>
<par>
<line>P.t&gt;iJ</line></par>
</text>
</block>
<block><region><rect/></region>
<text>
<par/>
</text>
</block>
<block><region><rect/></region>
<text>
<par>
<line>*^Èk îsî^^sÿ</line></par>
</text>
</block>
<block><region><rect/></region>
<text>
<par/>
</text>
</block>
<block><region><rect/></region>
<text>
<par>
<line>TOSfi»</line></par>
</text>
</block>
<block><region><rect/></region>
<text>
<par>
<line>Sî</line></par>
</text>
</block>
<block><region><rect/></region>
<text>
<par>
<line>e4|</line></par>
</text>
</block>
<block><region><rect/></region>
<text>
<par>
<line>m^.</line></par>
</text>
</block>
<block><region><rect/></region>
<text>
<par>
<line>sira</line></par>
</text>
</block>
<block><region><rect/></region>
<text>
<par/>
</text>
</block>
<block><region><rect/></region>
<text>
<par>
<line>«</line></par>
</text>
</block>
<block><region><rect/><rect/></region>
<text>
<par>
<line>M</line></par>
</text>
</block>
<block><region><rect/></region>
<text>
<par>
<line>PiS^ ul^à^</line></par>
</text>
</block>
<block><region><rect/></region>
<text>
<par/>
</text>
</block>
<block><region><rect/></region>
<text>
<par>
<line>i</line></par>
</text>
</block>
<block><region><rect/></region>
<text>
<par>
<line>X -M</line></par>
</text>
</block>
<block><region><rect/></region>
<text>
<par>
<line>Ih^'Et</line></par>
</text>
</block>
<block><region><rect/><rect/></region>
<text>
<par/>
</text>
</block>
<block><region><rect/></region>
<text>
<par>
<line>nulkmt</line></par>
</text>
</block>
<block><region><rect/></region>
<text>
<par>
<line>&lt; iin^i I</line></par>
</text>
</block>
<block><region><rect/></region>
<text>
<par>
<line>iSw</line></par>
</text>
</block>
<block><region><rect/></region>
<text>
<par>
<line>I</line></par>
</text>
</block>
<block><region><rect/></region>
<text>
<par>
<line>Via^BM</line></par>
</text>
</block>
<block><region><rect/></region>
<text>
<par>
<line>«LJr</line></par>
</text>
</block>
<block><region><rect/></region>
<text>
<par>
<line>V -s</line></par>
</text>
</block>
<block><region><rect/></region>
<text>
<par/>
</text>
</block>
<block><region><rect/></region>
<text>
<par>
<line>V</line></par>
</text>
</block>
<block><region><rect/></region>
<text>
<par>
<line>R</line></par>
</text>
</block>
<block><region><rect/></region>
<text>
<par/>
</text>
</block>
<block><region><rect/></region>
<text>
<par>
<line>s&gt;i T</line></par>
</text>
</block>
<block><region><rect/></region>
<text>
<par>
<line>ml</line></par>
</text>
</block>
<block><region><rect/></region>
<text>
<par/>
</text>
</block>
<block><region><rect/></region>
<text>
<par/>
</text>
</block>
<block><region><rect/></region>
<text>
<par>
<line>l*t»iWuu</line></par>
</text>
</block>
<block><region><rect/></region>
<text>
<par/>
</text>
</block>
<block><region><rect/></region>
<text>
<par>
<line>Vjr|«</line></par>
</text>
</block>
<block><region><rect/></region>
<text>
<par>
<line>""W"</line></par>
</text>
</block>
<block><region><rect/></region>
<text>
<par>
<line>è#r^A</line></par>
</text>
</block>
<block><region><rect/></region>
<text>
<par/>
</text>
</block>
<block><region><rect/></region>
<text>
<par>
<line>^,ir4</line></par>
</text>
</block>
<block><region><rect/></region>
<text>
<par>
<line>%'É«4</line></par>
</text>
</block>
<block><region><rect/></region>
<text>
<par>
<line>z'^. i</line></par>
</text>
</block>
<block><region><rect/></region>
<text>
<par>
<line>i ■ itsb^rï</line></par>
</text>
</block>
<block><region><rect/></region>
<text>
<par/>
</text>
</block>
<block><region><rect/></region>
<text>
<par/>
</text>
</block>
<block><region><rect/></region>
<text>
<par>
<line>ÜlrfLJ)** v£y^\i</line></par>
</text>
</block>
<block><region><rect/></region>
<text>
<par>
<line>Mi</line></par>
</text>
</block>
<block><region><rect/></region>
<text>
<par>
<line>^ ffflV ii</line></par>
</text>
</block>
<block><region><rect/></region>
<text>
<par/>
</text>
</block>
<block><region><rect/></region>
<text>
<par>
<line>'W'%.</line></par>
</text>
</block>
<block><region><rect/></region>
<text>
<par>
<line>■i ^</line></par>
<par>
<line>Êtri- ./</line></par>
</text>
</block>
<block><region><rect/></region>
<text>
<par>
<line>■krïÂ'Sfflaa;</line></par>
</text>
</block>
<block><region><rect/></region>
<text>
<par>
<line>•WjHK-i</line></par>
</text>
</block>
<block><region><rect/></region>
<text>
<par>
<line>^Æ7 • r lSrMim»P34s^</line></par>
</text>
</block>
<block><region><rect/></region>
<text>
<par/>
</text>
</block>
<block><region><rect/></region>
<text>
<par/>
</text>
</block>
<block><region><rect/></region>
<text>
<par>
<line>{■^i\^ T 1</line></par>
</text>
</block>
<block><region><rect/></region>
<text>
<par/>
</text>
</block>
<block><region><rect/></region>
<text>
<par/>
</text>
</block>
<block><region><rect/></region>
<text>
<par>
<line>ri</line></par>
</text>
</block>
<block><region><rect/></region>
<text>
<par/>
</text>
</block>
<block><region><rect/></region>
<text>
<par>
<line>VSî'*i</line></par>
</text>
</block>
<block><region><rect/></region>
<text>
<par/>
</text>
</block>
<block><region><rect/></region>
<text>
<par>
<line>m. ;i.. -lu</line></par>
</text>
</block>
<block><region><rect/></region>
<text>
<par/>
</text>
</block>
<block><region><rect/></region>
<text>
<par>
<line>éfVtà</line></par>
</text>
</block>
<block><region><rect/></region>
<text>
<par>
<line>, / ^ {vsh '</line></par>
</text>
</block>
<block><region><rect/></region>
<text>
<par/>
</text>
</block>
<block><region><rect/></region>
<text>
<par>
<line>smp*</line></par>
</text>
</block>






















































<block blockType="Picture" blockName="" l="2234" t="3285" r="2348" b="3316"><region><rect/></region>
</block>
</page>
</PM1>