<?xml version="1.0" encoding="UTF-8"?><PM1>
<page width="1693" height="2362" resolution="200">
<block><region><rect/></region>
<text>
<par/>
</text>
</block>
<block><region><rect/></region>
<text>
<par>
<line>REPUBLIQUE FRANÇAISE</line>
<line>Liberté Égalité Fraternité</line></par>
</text>
</block>
<block><region><rect/></region>
<text>
<par>
<line>PREFECTURE DE LA</line>
<line>PREFECTURE DE</line></par>
<par>
<line>CABINET</line></par>
<par>
<line>SERVICE INTERMINISTERIEL REGIONAL</line>
<line>DES AFFAIRES CIVILES ET ECONOMIQUES</line>
<line>DE DEFENSE ET DE PROTECTION CIVILE</line></par>
</text>
</block>
<block><region><rect/></region>
<text>
<par>
<line>ARRETE</line></par>
<par>
<line>portant approbation du</line></par>
<par>
<line>Plan de Prévention des Risques naturels prévisibles</line>
<line>pour la commune de MAYREGNE</line></par>
</text>
</block>
<block><region><rect/></region>
<text>
<par>
<line>LE PREFET DE LA REGION MIDI-PYRENEES,</line>
<line>PREFET DE LA HAUTE'GARONNE</line></par>
<par>
<line>Chevalier de la Légion d’Honneur,</line></par>
</text>
</block>
<block><region><rect/></region>
<text>
<par>
<line>Vu le code général des collectivités territoriales,</line></par>
<par>
<line>Vu le code de l'urbanisme,</line></par>
<par>
<line>Vu la loi n° 87 - 565 du 22 juillet 1987, relative à l’organisation de la sécurité civile, à la</line>
<line>protection de la forêt contre l’incendie et à la prévention des risques majeurs, modifiée par la loi n" 95 -</line>
<line>101 du 2 février 1995 relative au renforcement de la protection de l’environnement et notamment le ti¬</line>
<line>tre II,</line></par>
</text>
</block>
<block><region><rect/></region>
<text>
<par>
<line>Fax; 05.34.45.36.34</line>
<line>Tel. : 05.34.45.36.56</line>
<line>Affaire suivie par :</line></par>
<par>
<line>M. BOUDIN</line></par>
</text>
</block>
<block blockType="Table" blockName="" l="81" t="708" r="583" b="1083"><region><rect/></region>
<row>
<cell width="69" height="56">
<text>
<par>
<line>DRDE</line></par>
</text></cell>
<cell width="41" height="56">
<text>
<par/>
</text></cell>
<cell width="279" height="56">
<text>
<par>
<line>DA/AT 1 jOA/CEsI</line></par>
</text></cell>
<cell width="62" height="56">
<text>
<par>
<line>DDR</line></par>
</text></cell>
<cell width="51" height="56">
<text>
<par/>
</text></cell></row>
<row>
<cell width="69" height="36">
<text>
<par>
<line>CAB</line></par>
</text></cell>
<cell width="41" height="36">
<text>
<par/>
</text></cell>
<cell rowSpan="3" width="279" height="69">
<text>
<par>
<line>/ INFORMATION -</line></par>
<par>
<line>O SUITE A DONNER</line>
<line>.. X ELEMENT DE RFPnWRF</line></par>
</text></cell>
<cell rowSpan="2" width="62" height="54">
<text>
<par>
<line>SUA</line></par>
</text></cell>
<cell rowSpan="2" width="51" height="54">
<text>
<par/>
</text></cell></row>
<row>
<cell rowSpan="3" width="69" height="54">
<text>
<par>
<line>SG</line></par>
</text></cell>
<cell rowSpan="3" width="41" height="54">
<text>
<par/>
</text></cell></row>
<row>
<cell rowSpan="2" width="62" height="36">
<text>
<par>
<line>STAF</line></par>
</text></cell>
<cell rowSpan="2" width="51" height="36">
<text>
<par/>
</text></cell></row>
<row>
<cell rowSpan="4" width="279" height="116">
<text>
<par>
<line>-2 NOV, 2000 •</line></par>
</text></cell></row>
<row>
<cell width="69" height="35">
<text>
<par>
<line>SGR</line></par>
</text></cell>
<cell width="41" height="35">
<text>
<par/>
</text></cell>
<cell rowSpan="2" width="62" height="53">
<text>
<par>
<line>SRU</line></par>
</text></cell>
<cell rowSpan="2" width="51" height="53">
<text>
<par/>
</text></cell></row>
<row>
<cell rowSpan="2" width="69" height="60">
<text>
<par>
<line>CTN</line></par>
</text></cell>
<cell rowSpan="2" width="41" height="60">
<text>
<par/>
</text></cell></row>
<row>
<cell width="62" height="42">
<text>
<par>
<line>SLH ■</line></par>
</text></cell>
<cell width="51" height="42">
<text>
<par/>
</text></cell></row>
<row>
<cell width="69" height="29">
<text>
<par>
<line>CTU</line></par>
</text></cell>
<cell width="41" height="29">
<text>
<par/>
</text></cell>
<cell rowSpan="3" width="279" height="81">
<text>
<par>
<line>Sï PROJET DE RHPOW^</line>
<line>.M'ÇN PARLER</line></par>
</text></cell>
<cell rowSpan="2" width="62" height="47">
<text>
<par>
<line>SCP i</line></par>
</text></cell>
<cell rowSpan="2" width="51" height="47">
<text>
<par/>
</text></cell></row>
<row>
<cell rowSpan="2" width="69" height="52">
<text>
<par>
<line>CTS</line></par>
</text></cell>
<cell rowSpan="2" width="41" height="52">
<text>
<par/>
</text></cell></row>
<row>
<cell width="62" height="34">
<text>
<par>
<line>SGT ,</line></par>
</text></cell>
<cell width="51" height="34">
<text>
<par/>
</text></cell></row>
<row>
<cell width="69" height="53">
<text>
<par>
<line>SUE</line></par>
</text></cell>
<cell colSpan="2" width="320" height="53">
<text>
<par>
<line>-J_ 1</line></par>
</text></cell>
<cell colSpan="2" width="113" height="53">
<text>
<par>
<line>CEE 1 1</line></par>
</text></cell></row>
</block>
<block><region><rect/></region>
<text>
<par>
<line>REGION MIDI-PYRENEES</line>
<line>LA HAUTE-GARONNE</line></par>
</text>
</block>
<block><region><rect/></region>
<text>
<par>
<line>200n-PREF.-31/00045 0</line></par>
</text>
</block>
<block><region><rect/></region>
<text>
<par>
<line>Vu le décret n® 95-1089 du 5 octobre 1995 relatif aux plans de prévention des risques</line>
<line>naturels prévisibles,</line></par>
<par>
<line>Vu l’arrêté préfectoral en date du 12 juillet 1999, prescrivant l'établissement d'un Plan de</line>
<line>Prévention des Risques naturels prévisibles pour la commune de MAYREGNE,</line></par>
<par>
<line>Vu l'arrêté préfectoral en date du 6 avril 2Q00, prescrivant l’ouverture d'une enquête publi¬</line>
<line>que sur le projet de Pian de Prévention des Risques naturels pour la commune de MAYREGNE,</line></par>
<par>
<line>Vu la délibération du 26 février 2000 du Conseil Municipal de la commune de MAYREGNE</line>
<line>sur le projet de Pian de Prévention des Risques naturels prévisibles.</line></par>
<par>
<line>Vu l'avis favorable du 19 avril 2000 émis par la Chambre d'Agriculture de la Haute-</line>
<line>Garonne sur le.projet de Plan de Prévention des Risques naturels prévisibles,</line></par>
<par>
<line>Vu i'avis favorable du 13 octobre 2000 émis par le Centre Régional de la Propriété Fores¬</line>
<line>tière sur le projet de Plan de Prévention des Risques naturels prévisibles.</line></par>
</text>
</block>
<block><region><rect/></region>
<text>
<par>
<line>1 PI APP ^AlMT-PTrCMMC . Qinoo-rrM</line></par>
</text>
</block>














































</page>
<page width="1693" height="2362" resolution="200">
<block><region><rect/></region>
<text>
<par>
<line>Vu le rapport établi le 19 juin 2000 par Monsieur Michel BORDINAT, Commissaire En¬</line>
<line>quêteur, après l'enquête publique à laquelle il a été procédé du 16 mai 2000 au 31 mai 2000</line></par>
<par>
<line>&gt;</line></par>
<par>
<line>Sur la proposition du Sous-Préfet, Directeur de Cabinet du Préfet de la Région Midi-</line>
<line>Pyrénées, Préfet de la Haute-Garonne,</line></par>
</text>
</block>
<block><region><rect/></region>
<text>
<par>
<line>ARRETE</line></par>
<par>
<line>ARTICLE 1. Le Plan de Prévention des Risques naturels de crues torrentielles, de mou¬</line>
<line>vements de terrain, d'avalanches et de séismes pour la commune de MAYREGNE, annexé au présent</line>
<line>arrêté, est approuvé.</line></par>
<par>
<line>ARTICLE 2. Le Plan de Prévention des Risques naturels prévisibles, visé à l'article 1,</line>
<line>vaut servitude d'utilité publique et sera, à ce titre, annexé au Plan d'Occupation des Sols de la com¬</line>
<line>mune de MAYREGNE en application des dispositions de l'article L 126-1 du Code de l'Urbanisme,</line></par>
<par>
<line>ARTICLE 3. Le présent arrêté fera l'objet d'une mention, à la diligence du préfet et à ses</line>
<line>frais, en caractères apparents, dans deux journaux régionaux ou locaux diffusés dans le département.</line></par>
<par>
<line>ARTICLE 4. Une copie du présent arrêté sera publiée par voie d’affichage en mairie de</line>
<line>MAYREGNE à la diligence du maire, pendant un mois au minimum.</line></par>
<par>
<line>ARTICLE 5. Le Plan de Prévention des Risques naturels prévisibles, visé à l'article 1, est</line>
<line>tenu à la disposition du public, tous les jours ouvrables et aux heures habituelles d’ouverture des bu¬</line>
<line>reaux :</line></par>
</text>
</block>
<block><region><rect/></region>
<text>
<par>
<line>1 - à la mairie de MAYREGNE,</line></par>
<par>
<line>2 - à la Sous-Préfecture de Saint-Gaudens,</line></par>
<par>
<line>2 - à la Préfecture du département de la Haute-Garonne.</line></par>
<par>
<line>ARTICLE 6. Le Secrétaire Général de la Préfecture, le Sous-Préfet de Saint-Gaudens, le</line>
<line>maire de la commune de MAYREGNE, le Directeur Départemental de l’Equipement, le Directeur Dé¬</line>
<line>partemental de l'Agriculture et de la Forêt sont chargés, chacun en ce qui le concerne, de l'exécution</line>
<line>du présent arrêté qui sera publié au recueil des actes administratifs de l'Etat dans le département.</line></par>
</text>
</block>
<block><region><rect/></region>
<text>
<par>
<line>four ampiiaüon</line>
<line>U Attaché délégué</line></par>
</text>
</block>
<block><region><rect/></region>
<text>
<par>
<line>Fait à TOULOUSE le 3 0 OCT. 2000</line></par>
<par>
<line>LE PREFET,</line></par>
</text>
</block>
<block><region><rect/></region>
<text>
<par>
<line>Hubert FOURNIER</line></par>
</text>
</block>

</page>
</PM1>