<?xml version="1.0" encoding="UTF-8"?><PM1>
<page width="1661" height="2342" resolution="200">
<block><region><rect/></region>
<text>
<par>
<line>Ubirt^ • ÉgalM • Pmumilé</line>
<line>RÉPUBUQUE Française</line></par>
</text>
</block>
<block><region><rect/></region>
<text>
<par>
<line>ARRETE PREFECTORAL</line></par>
</text>
</block>
<block><region><rect/></region>
<text>
<par>
<line>portant approbation du</line></par>
<par>
<line>Plan de Prévention des Risques naturels prévisibles de mouvements différentiels de</line>
<line>terrain consécutifs au phénomène de retrait-gonflement des sols argileux</line></par>
<par>
<line>pour la commune de LAUNAC,</line></par>
</text>
</block>
<block><region><rect/></region>
<text>
<par>
<line>LE PREFET DE LA REGION MIDI - PYRENEES,</line>
<line>PREFET DE LA HAUTE - GARONNE</line></par>
<par>
<line>Officier de la Légion d’Honneur,</line></par>
</text>
</block>
<block><region><rect/></region>
<text>
<par>
<line>VU le code général des collectivités territoriales,</line></par>
<par>
<line>VU le code de l’urbanisme</line></par>
<par>
<line>VU le code de l'environnement</line></par>
<par>
<line>VU la loi n" 2004-811 du 13 août 2004, relative à la modernisation de la sécurité civile,</line></par>
<par>
<line>VU la loi n° 95-101 du 2 février 1995 modifiée relative au renforcement de la protection de</line></par>
<par>
<line>l’environnement,</line></par>
<par>
<line>VU le décret n° 95-1089 du 5 octobre 1995 relatif aux plans de prévention des risques</line></par>
<par>
<line>naturels prévisibles ; modifié par décret n°2005-3 du 4 janvier 2005,</line></par>
<par>
<line>VU l’arrêté préfectoral en date du 02 février 2004 prescrivant l’établissement d’un Plan de</line></par>
<par>
<line>Prévention des Risques naturels prévisibles de mouvements différentiels de terrain</line>
<line>consécutifs au phénomène de retrait-gonflement des sols argileux pour la commune de</line>
<line>LAUNAC,</line></par>
<par>
<line>VU l’arrêté préfectoral en date du 11 avril 2005, prescrivant l’ouverture d'une enquête</line></par>
<par>
<line>publique du 01 juin 2005 au 01 juillet 2005 sur le projet de Plan de Prévention des</line>
<line>Risques naturels prévisibles de mouvements différentiels de terrain consécutifs au</line>
<line>phénomène de retrait-gonflement des sols argileux pour la commune de LAUNAC,</line></par>
<par>
<line>VU l’avis réputé favorable du conseil municipal de LAUNAC,</line></par>
<par>
<line>VU les rapports et conclusions de la Commission d’Enquête en date 15 septembre 2005,</line></par>
<par>
<line>VU les modifications apportées au dossier pour faire droit aux observations de la</line></par>
<par>
<line>Commission d’Enquête et du conseil municipal,</line></par>
<par>
<line>SUR proposition du Directeur Départemental de l’Équipement de la Haute-Garonne.</line></par>
</text>
</block>


</page>
<page width="1669" height="2347" resolution="200">
<block><region><rect/></region>
<text>
<par>
<line>ARRETE</line></par>
</text>
</block>
<block><region><rect/></region>
<text>
<par>
<line>Article 1^'“</line></par>
</text>
</block>
<block><region><rect/></region>
<text>
<par>
<line>Article 2 :</line></par>
</text>
</block>
<block><region><rect/></region>
<text>
<par>
<line>Article 3 :</line></par>
</text>
</block>
<block><region><rect/></region>
<text>
<par>
<line>Article 4 :</line></par>
</text>
</block>
<block><region><rect/></region>
<text>
<par>
<line>Article 5 :</line></par>
</text>
</block>
<block><region><rect/></region>
<text>
<par>
<line>Article 6 :</line></par>
</text>
</block>
<block><region><rect/></region>
<text>
<par>
<line>: Le Plan de Prévention des Risques naturels prévisibles de mouvements différentiels</line>
<line>de terrains consécutifs au phénomène de retrait-gonflement des sols argileux pour la</line>
<line>commune de LAUNAC annexé au présent arrêté, est approuvé.</line></par>
<par>
<line>Le Plan de Prévention des Risques naturels prévisibles, visé à l’article 1, vaut</line>
<line>servitude d’utilité publique et sera, à ce titre, annexé au document d’urbanisme de la</line>
<line>commune de LAUNAC, en application des dispositions de l’article L 126 - 1 du code</line>
<line>de l’urbanisme.</line></par>
<par>
<line>Le présent arrêté fera l’objet d’une mention, à la diligence du préfet et à ses frais, en</line>
<line>caractères apparents, dans un journal diffusé dans le département.</line></par>
<par>
<line>Cet arrêté sera, en outre, publié au recueil des actes administratifs de la Préfecture</line>
<line>de la Haute-Garonne.</line></par>
<par>
<line>Une copie du présent arrêté sera publiée par voie d’affichage en mairie de LAUNAC à</line>
<line>la diligence du maire, pendant un mois au minimum.</line></par>
<par>
<line>Le Plan de Prévention des Risques naturels prévisibles, visé à l’article 1, est tenu à la</line>
<line>disposition du public, tous les jours ouvrables et aux heures habituelles d’ouverture</line>
<line>des bureaux :</line></par>
</text>
</block>
<block><region><rect/></region>
<text>
<par>
<line>1 - à la mairie de LAUNAC</line></par>
<par>
<line>2 - à la Préfecture de la Haute - Garonne.</line></par>
</text>
</block>
<block><region><rect/></region>
<text>
<par>
<line>La présente décision peut faire l’objet, dans le délai de deux mois à compter de sa</line>
<line>notification, soit d’un recours gracieux auprès du Préfet de la Haute-Garonne, soit</line>
<line>d’un recours hiérarchique auprès du Ministre de l’écologie, du développement et de</line>
<line>l’aménagement durables.</line></par>
<par>
<line>li peut faire également l’objet d’un recours contentieux auprès du Tribunal</line>
<line>administratif de Toulouse soit :</line></par>
<par>
<line>1 - directement, en l’absence de recours préalable, dans le délai de</line>
<line>deux mois à compter de la plus tardive des mesures de publicité</line>
<line>prévues à l’article 3,</line></par>
<par>
<line>2 - à l’issue d’un recours préalable, dans les deux mois à compter de</line>
<line>la date de notification de la réponse obtenue de l’administration, ou au</line>
<line>terme d’un silence gardé par celle-ci pendant deux mois à compter de</line>
<line>la réception de la demande.</line></par>
<par>
<line>Le Secrétaire Général de la Préfecture, le maire de la commune de LAUNAC, le</line>
<line>Directeur Régional et Départemental de l’Équipement, le Directeur Départemental de</line>
<line>l’Agriculture et de la Forêt sont chargés, chacun en ce qui le concerne, de l’exécution</line>
<line>du présent arrêté qui sera publié au recueil des actes administratifs de l’État dans le</line>
<line>département.</line></par>
</text>
</block>
<block><region><rect/></region>
<text>
<par>
<line>Fait à Toulouse le</line></par>
</text>
</block>
<block><region><rect/></region>
<text>
<par>
<line>DK.</line></par>
</text>
</block>
<block><region><rect/></region>
<text>
<par>
<line>9 t-rsfel</line>
<line>Direcîiica de Gibinet</line></par>
</text>
</block>
<block><region><rect/></region>
<text>
<par>
<line>Pour</line></par>
</text>
</block>
<block><region><rect/></region>
<text>
<par>
<line>rrèH</line></par>
</text>
</block>
<block><region><rect/></region>
<text>
<par>
<line>Anna-OîüwTBAUnODlN-CLERC</line></par>
</text>
</block>







</page>
</PM1>