<?xml version="1.0" encoding="UTF-8"?><PM1>
<page width="1666" height="2343" resolution="200">
<block><region><rect/></region>
<text>
<par>
<line>Liberté • Égalité • Fraternité</line></par>
<par>
<line>RÉPUBLiaUE FRANÇAISE</line></par>
</text>
</block>
<block><region><rect/></region>
<text>
<par>
<line>PREFET DE LA HAUTE-GARONNE</line></par>
<par>
<line>ARRETE PREFECTORAL</line></par>
<par>
<line>Le Préfet de la Région Midi-Pyrénées,</line>
<line>Préfet de la Haute-Garonne,</line>
<line>Officier de la Légion d’Honneur</line>
<line>Officier de l’Ordre National du Mérite</line></par>
</text>
</block>
<block><region><rect/></region>
<text>
<par>
<line>RELATIF A L’INFORMATION</line></par>
<par>
<line>DES ACQUEREURS ET DES LOCATAIRES DE BIENS IMMOBILIERS</line>
<line>SUR LES RISQUES NATURELS ET TECHNOLOGIQUES MAJEURS</line></par>
</text>
</block>
<block><region><rect/></region>
<text>
<par>
<line>VU le cole Général des Collectivités Territoriales ;</line></par>
<par>
<line>VU le code de l'environnement, notamment les articles L 125-5 et R 125-23 à R 125-27 ;</line></par>
<par>
<line>VU le décret n°2010-1255 du 24 octobre 2010 relatif à la prévention du risque sismique ;</line></par>
<par>
<line>VU le décret du 06 juin 1951 portant approbation en Conseil d’État des Plans de Surfaces</line>
<line>Submersibles pour le fleuve de la Garonne et les rivières de l'Ariège, du Salat et de la Save ;</line></par>
<par>
<line>VU l'arrêté préfectoral du 15 juillet 1998 portant approbation du Plan de Prévention du Risque Naturel</line>
<line>Prévisible de Mouvement de Terrain pour la commune de Toulouse ;</line></par>
<par>
<line>VU l'arrêté préfectoral du 30 novembre 1998 portant approbation du Plan de Prévention du Risque</line>
<line>Naturel Prévisible pour la commune de St-Aventin ;</line></par>
<par>
<line>VU l'arrêté préfectoral du 29 août 2000 portant approbation du Plan de Prévention du Risque Naturel</line>
<line>Prévisible pour la Pique Supérieure Amont ;</line></par>
<par>
<line>VU l'arrêté préfectoral du 30 octobre 2000 portant approbation du Plan de Prévention du Risque</line>
<line>Naturel Prévisible pour la Vallée d'Oueil ;</line></par>
<par>
<line>VU l'arrêté préfectoral du 04 décembre 2000 portant approbation du Plan de Prévention du Risque</line>
<line>Naturel Prévisible pour la Pique Supérieure Aval ;</line></par>
<par>
<line>VU l'arrêté préfectoral du 09 février 2001 portant approbation du Plan de Prévention du Risque</line>
<line>Naturel Prévisible pour l’Ariège-Lèze ;</line></par>
<par>
<line>VU l'arrêté préfectoral du 02 juillet 2001 portant approbation du Plan de Prévention du Risque Naturel</line>
<line>Prévisible pour Neste d'Oueil ;</line></par>
<par>
<line>VU l'arrêté préfectoral du 09 novembre 2001 portant approbation du Plan de Prévention du Risque</line>
<line>Naturel Prévisible pour la Garonne Commingeoise (1ère tranche) ;</line></par>
<par>
<line>VU les arrêtés préfectoraux des 06 décembre 2001 et 05 mars 2004 (révisé le 12 novembre 2007)</line>
<line>portant approbation du Plan de Prévention du Risque Naturel Prévisible pour Haut Larboust ;</line></par>
</text>
<text>
<par>
<line>1, Place Saint Etienne 31038 TOULOUSE CEDEX 9 - Tél. 05 34 45 34 45</line></par>
<par>
<line>http://www.haute-garonne.gouv.fr</line></par>
</text>
</block>






</page>
<page width="1656" height="2336" resolution="200">
<block><region><rect/></region>
<text>
<par>
<line>vu l’arrêté préfectoral du 20 décembre 2002 portant approbation du Plan de Prévention du Risque</line>
<line>Naturel Prévisible pour la Lèze Amont ;</line></par>
<par>
<line>VU l'arrêté préfectoral du 03 décembre 2003 portant approbation du Plan de Prévention du Risque</line>
<line>Naturel Prévisible pour la Garonne Amont Toulouse ;</line></par>
<par>
<line>VU l'arrêté préfectoral du 23 mars 2004 portant approbation du Plan de Prévention du Risque Naturel</line>
<line>Prévisible pour la commune de l'Isle-en-Dodon ;</line></par>
<par>
<line>VU l'arrêté préfectoral du 21 juin 2004 portant approbation du Plan de Prévention du Risque Naturel</line>
<line>Prévisible pour la Sausse ;</line></par>
<par>
<line>VU l'arrêté préfectoral du 24 juin 2004 portant la prescription du Plan de Prévention du Risque</line>
<line>Naturel Prévisible de Sécheresse pour les communes appartenant aux cantons de Montgiscard,</line>
<line>Verfeil, Castanet-Tolosan, Lanta, Fousseret, Rieumes ;</line></par>
<par>
<line>VU l'arrêté préfectoral du 28 juin 2004 portant la prescription du Plan de Prévention du Risque</line>
<line>Naturel Prévisible de Sécheresse pour les communes appartenant aux cantons d’Aurignac, Boulogne-</line>
<line>sur-Gesse, l'Isle-en-Dodon ;</line></par>
<par>
<line>VU l'arrêté préfectoral du 26 juillet 2004 portant la prescription du Plan de Prévention du Risque</line>
<line>Naturel Prévisible pour la Garonne Moyenne ;</line></par>
<par>
<line>VU l'arrêté préfectoral du 15 novembre 2004 portant la prescription du Plan de Prévention du Risque</line>
<line>Naturel Prévisible de Sécheresse pour les communes appartenant aux cantons d'Auterive, Carbonne,</line>
<line>Cintegabelle, Aspet (sauf les communes d'Arbon, Fougaron et Portet-d'Aspet), Bagnères-de-Luchon,</line>
<line>Barbazan, Montréjeau, Saint-Béat, Saint-Gaudens, Saint-Martory, Salies-du-Salat, Caraman,</line>
<line>Nailloux, Revel et Villefranche-Lauragais ;</line></par>
<par>
<line>VU l'arrêté préfectoral du 14 septembre 2004 portant approbation du Plan de Prévention du Risque</line>
<line>Naturel Prévisible pour la Vallée du Salat ;</line></par>
<par>
<line>VU l'arrêté préfectoral du 20 septembre 2004 portant la prescription du Plan de Prévention du Risque</line>
<line>Naturel Prévisible pour la Pique Moyenne et la commune de Milhas ;</line></par>
<par>
<line>VU l'arrêté préfectoral du 30 août 2005 portant approbation du Plan de Prévention du Risque Naturel</line>
<line>Prévisible de Sécheresse pour les communes appartenant aux cantons de Toulouse 8, Toulouse 9,</line>
<line>Toulouse 14 et Toulouse 15 ;</line></par>
<par>
<line>VU l'arrêté préfectoral du 31 janvier 2007 portant prescription du Plan de Prévention du Risque</line>
<line>Technologique de la société « ESSO Fondeyre » pour la commune de Toulouse (prorogation 28 juillet</line>
<line>2009);</line></par>
<par>
<line>VU l’arrêté préfectoral du 10 janvier 2007 portant approbation du Plan de Prévention du Risque</line>
<line>Naturel Prévisible pour la commune d'Ore ;</line></par>
<par>
<line>VU l'arrêté préfectoral du 15 octobre 2007 portant approbation du Plan de Prévention du Risque</line>
<line>Naturel Prévisible pour la Garonne Aval Toulouse ;</line></par>
<par>
<line>VU l'arrêté préfectoral du 09 novembre 2007 portant approbation du Plan de Prévention du Risque</line>
<line>Naturel Prévisible pour l’Hers Mort Aval ;</line></par>
<par>
<line>VU l'arrêté préfectoral du 09 novembre 2007 portant la prescription du Plan de Prévention du Risque</line>
<line>Naturel Prévisible pour l'Hers Mort Moyen ;</line></par>
<par>
<line>1, Place Saint Etienne 31038 TOULOUSE CEDEX 9 - Tél. 05 34 45 34 45</line>
<line>http://www.haute-garomie.gouv.fr</line></par>
</text>
</block>








</page>
<page width="1667" height="2344" resolution="200">
<block><region><rect/></region>
<text>
<par>
<line>vu l’arrêté préfectoral du 20 décembre 2007 portant approbation du Plan de Prévention du Risque</line>
<line>Naturel Prévisible pour la Garonne Supérieure et la Garonne Nord ;</line></par>
<par>
<line>VU l'arrêté préfectoral du 03 janvier 2008 portant la prescription du Plan de Prévention du Risque</line>
<line>Naturel Prévisible pour l'Hers Mort Amont ;</line></par>
<par>
<line>VU l'arrêté préfectoral du 22 décembre 2008 portant approbation du Plan de Prévention du Risque</line>
<line>Naturel Prévisible de Sécheresse pour les communes appartenant aux cantons de Toulouse 13,</line>
<line>Blagnac, Léguevin, Toumefeuille, Muret, Portet sur Garonne, Saint-Lys, Cadours et Grenade;</line></par>
<par>
<line>VU l'arrêté préfectoral du 31 décembre 2008 portant approbation du Plan de Prévention du Risque</line>
<line>Naturel Prévisible d'inondation pour les communes de Bessières, Buzet-sur-Tam, Layrac-sur-Tam, La</line>
<line>Magdelaine-sur-Tam, Mirepoix-sur-Tam, Villematier et Villemur-sur-Taiu ;</line></par>
<par>
<line>VU l'arrêté préfectoral du 23 mars 2009 portant approbation du Plan de Prévention du Risque Naturel</line>
<line>Prévisible d'inondation pour la commune de Bondigoux ;</line></par>
<par>
<line>VU l'arrêté préfectoral du 13 novembre 2009 portant approbation du Plan de Prévention du Risque</line>
<line>Naturel Prévisible pour les communes de Aspet et Boutx ;</line></par>
<par>
<line>VU l'arrêté préfectoral du 14 janvier 2010 portant la prescription du Plan de Prévention du Risque</line>
<line>Technologique de la société BASF (ex-COGNIS) sur la commune de Boussens, prorogé les 11 janvier</line>
<line>et 4 juillet 2013 ;</line></par>
<par>
<line>VU l'arrêté préfectoral du 29 janvier 2010 portant la prescription du Plan de Prévention du Risque</line>
<line>Technologique de la société « LINDE GAS » sur la commune de Portet-sur-Garonne ;</line></par>
<par>
<line>VU l'arrêté préfectoral du 26 août 2010 portant modification du périmètre d'étude de l'arrêté</line>
<line>préfectoral du 09 décembre 2009 prescrivant le Plan de Prévention du Risque Technologique de la</line>
<line>société « ANTARGAZ » pour les communes de Boussens, Mancioux et Roquefort-sur-Garonne ;</line></par>
<par>
<line>VU l'arrêté préfectoral n° 6 du 24 août 2010 portant prorogation et modification de l'arrêté n°\l du</line>
<line>10 mars 2008 prescrivant le Plan de Prévention du Risque Technologique de la société « TOTAL</line>
<line>GAZ » pour les communes de Fenouillet et Saint-Alban ;</line></par>
<par>
<line>VU l'arrêté préfectoral du 25 octobre 2010 portant approbation du Plan de Prévention du Risque</line>
<line>Naturel Prévisible de Sécheresse pour la commune de Toulouse ;</line></par>
<par>
<line>VU rarrêté préfectoral du 29 octobre 2010 portant approbation du Plan de Prévention du Risque</line>
<line>Technologique de la société « GACHES-CHIMIE » pour la commune d'Escalquens ;</line></par>
<par>
<line>VU l'arrêté préfectoral du 20 octobre 2010 portant prescription du Plan de Prévention du Risque</line>
<line>Technologique de la société « TEMBEC » pour les communes de Saint-Gaudens et Valentine ;</line></par>
<par>
<line>VU l'arrêté préfectoral du 26 novembre 2010 portant approbation du Plan de Prévention du Risque</line>
<line>Technologique de la société « TOTAL » pour la commune d'Escalquens ;</line></par>
<par>
<line>VU l'arrêté préfectoral du 13 décembre 2010 portant approbation du Plan de Prévention du Risque</line>
<line>Technologique de la société « LACROIX TOUS ARTIFICES » pour les communes de Cambemard et</line>
<line>Sainte-Foy-de-Peyrolières ;</line></par>
</text>
</block>
<block><region><rect/></region>
<text>
<par>
<line>1, Place Saint Etienne 31038 TOULOUSE CEDEX 9 - Tél. 05 34 45 34 45</line></par>
<par>
<line>http://www.liaute-garonne.gouv.fi:</line></par>
</text>
</block>






</page>
<page width="1656" height="2336" resolution="200">
<block><region><rect/></region>
<text>
<par>
<line>vu l'arrêté préfectoral du 19 janvier 2011 portant approbation du Plan de Prévention du Risque</line>
<line>Naturel Prévisible de Sécheresse pour les communes appartenant aux cantons de Cazères,</line>
<line>Montesquieu-Volvestre et Rieux-Volvestre ;</line></par>
<par>
<line>VU l’arrêté préfectoral du 8 novembre 2011 portant la prescription du Plan de Prévention des Risques</line>
<line>Technologiques de la société SME (SAFRAN-HERAKLES) sur la commune de Toulouse ;</line></par>
<par>
<line>VU l'arrêté préfectoral du 18 novembre 2011 portant approbation du Plan de Prévention du Risque</line>
<line>Naturel Prévisible de Sécheresse pour les communes appartenant aux cantons de Fronton,</line>
<line>Montastruc-la-Conseillère et Villemur;</line></par>
<par>
<line>VU l’arrêté préfectoral du 18 novembre 2011 portant approbation du Plan de Prévention du Risque</line>
<line>Naturel Prévisible de Sécheresse pour les communes de Azas, Bazus et Bessieres ;</line></par>
<par>
<line>VU l’arrêté préfectoral du 24 novembre 2011 portant l’approbation du Plan de Prévention du Risque</line>
<line>Naturel Prévisible d’inondation et mouvement de terrain pour les communes de Auterive, Calmont,</line>
<line>Cintegabelle, Grépiac, Miremont ;</line></par>
<par>
<line>VU l’arrêté préfectoral du 20 décembre 2011 portant l’approbation du Plan de Prévention du Risque</line>
<line>Naturel Prévisible d’inondation pour la commune de Toulouse ;</line></par>
<par>
<line>VU l’arrêté préfectoral du 22 décembre 2011 portant la prescription du Plan de Prévention du Risque</line>
<line>Naturel Prévisible d'inondation concernant la Marcaissonne, la Saune et la Seillonne (Aigrefeuille,</line>
<line>Auzielle, Drémil-Lafage, Flourens, Fourquevaux, Lanta, Lauzerville, Mons, Odars, Pin-Balma,</line>
<line>Préserville, Quint-Fonsegrives, Saint-Orens de Gameville, Saint-Pierre de Lages, Sainte-Foy</line>
<line>d’Aigrefeuille, Vallesvilles ) ;</line></par>
<par>
<line>VU l’arrêté préfectoral du 22 décembre 2011 portant la prescription du Plan de Prévention du Risque</line>
<line>Naturel Prévisible d’inondation pour l’Aussonnelle, concernant les communes de Aussonne, Bonrepos</line>
<line>/s Aussormelle, Colomiers, Comebarrieu, Empeaux, Fontenilles, La Salvetat St Gilles, Lèguevin,</line>
<line>Pibrac et St Thomas ;</line></par>
<par>
<line>VU l’arrêté préfectoral du 22 décembre 2011 portant la prescription du Plan de Prévention du Risque</line>
<line>Naturel Prévisible liés aux mouvements de terrain pour les commune de Drémil Lafage, Lanta, Mons</line>
<line>et Préserville;</line></par>
<par>
<line>VU l'arrêté préfectoral du 3 avril 2012 pour l’approbation du Plan de Prévention du Risque</line>
<line>Technologique de l'établissement « TOTAL RAFFINAGE MARKETING » pour les communes de</line>
<line>Lespinasse, Bruguières et Saint-Jory ;</line></par>
<par>
<line>VU l'arrêté préfectoral du 29 mai 2012 portant révision du Plan de Prévention du Risque Naturel</line>
<line>Prévisible pour la commune d’Aspet;</line></par>
<par>
<line>VU l'arrêté préfectoral du 29 juin 2012 portant l’approbation du Plan de Prévention du Risque Naturel</line>
<line>Prévisible pour le Touch Aval pour les communes de Bérat, Fonsorbes, Labastidette, Lamasquère, Le</line>
<line>Lherm, Palisance du Touch, Poucharramet, Saint Clar de Rivière, Saint Lys, Sysses et Toumefeuille ;</line></par>
<par>
<line>CONSIDERANT que dans le cadre de l’Infonnation des Acquéreurs et des Locataires, l'État définit</line>
<line>et publie la liste des risques naturels prévisibles et des risques teclmologiques auxquels une commune</line>
<line>est exposée sur tout ou partie de son territoire, ainsi que la liste des documents auxquels le vendeur ou</line>
<line>bailleur peut se référer ;</line></par>
<par>
<line>CONSIDERANT que les communes concernées par l'obligation d'information des acquéreurs et des</line>
<line>locataires de biens immobiliers selon le type dé risque connu sur le territoire font l’objet d'un Plan de</line></par>
</text>
</block>
<block><region><rect/></region>
<text>
<par>
<line>1, Place Saint Etienne 31038 TOULOUSE CEDEX 9 - Tél. 05 34 45 34 45</line></par>
<par>
<line>htto://www.haute-garonne. gouv.fi.'</line></par>
</text>
</block>





</page>
<page width="1656" height="2336" resolution="200">
<block><region><rect/><rect/></region>
<text>
<par>
<line>Prévention des Risques Naturels et/ou Technologiques majeurs prescrit, mis en enquête publique ou</line>
<line>approuvé ;</line></par>
<par>
<line>SUR PROPOSITION DU DIRECTEUR DEPARTEMENTAL DES TERRITOIRES ;</line></par>
<par>
<line>ARRETE</line></par>
<par>
<line>Article 1 - L’arrêté préfectoral relatif à l’Information Acquéreurs Locataires en date du 26 avril 2011</line>
<line>est abrogé.</line></par>
<par>
<line>Article 2 - La liste des communes concernées par l'obligation d’information sur les risques naturels et</line>
<line>technologiques majeurs prend la forme d’une fiche synthétique qui inventorie, par commune ;</line></par>
<par>
<line>- Le risque Inondation,</line></par>
<par>
<line>- Le risque Mouvement de Terrain,</line></par>
<par>
<line>- Le risque Avalanche,</line></par>
<par>
<line>- Le risque Sécheresse,</line></par>
<par>
<line>- Le risque Technologique,</line></par>
<par>
<line>- Le risque Sismique.</line></par>
<par>
<line>Article 3 - Pour les communes concernées à l'article 2, les documents cartographiques précisent la</line>
<line>nature, la délimitation et, dans la mesure du possible, l'intensité des risques, sur le territoire communal.</line></par>
<par>
<line>Article 4 - Conformément aux principes du droit d’accès aux informations relatives à l'environnement</line>
<line>et à la sécurité civile, la Préfecture de la Haute-Garonne met à disposition du public, sur son site</line>
<line>internet, les documents nécessaires à l'élaboration de l'état des risques naturels et technologiques</line>
<line>majeurs.</line></par>
<par>
<line>L’ensemble des documents utiles pour la constitution du dossier d’informations Acquéreurs Locataires</line>
<line>est ainsi accessible pour impression papier et enregistrement numérique au lien suivant :</line></par>
<par>
<line>http://www.haute- garonne. gouv.fr/ial</line></par>
<par>
<line>Article 5 - Seuls les documents graphiques des documents originaux des Plan de Prévention des</line>
<line>Risques Naturels et Technologiques, précis à l'échelle cadastrale et disponibles en préfecture, sous-</line>
<line>préfectures et mairies, font foi en cas de litige.</line></par>
<par>
<line>Article 6 - Cet arrêté sera adressé à ;</line></par>
<par>
<line>Monsieur le Secrétaire Général de la Préfecture de la Haute-Garonne,</line></par>
<par>
<line>Monsieur le Directeur de Cabinet du Préfet,</line></par>
<par>
<line>Messieurs, Mesdames les Sous-Préfets d’arrondissement</line></par>
<par>
<line>Monsieur le Directeur Départemental des Territoires de la Haute-Garonne,</line></par>
<par>
<line>Messieurs, Mesdames les Maires,</line></par>
<par>
<line>Monsieur le président de la Chambre départementale des notaires de la Haute-Garonne,</line></par>
<par>
<line>Qui sont chargés, chacun en ce qui le concerne, de l'exécution du présent arrêté.</line></par>
<par>
<line>Le présent arrêté sera affiché en mairie et publié au recueil des actes administratifs de la préfecture de</line>
<line>la Haute-Garonne.</line></par>
<par>
<line>2013</line></par>
</text>
</block>
<block><region><rect/><rect/><rect/><rect/></region>
<text>
<par>
<line>Toulouse, le</line></par>
<par>
<line>Pourter'Pfrétet</line></par>
<par>
<line>U Sous-Préf8tJ^lrQï*iyr de Cabinet,</line></par>
</text>
</block>
<block><region><rect/></region>
<text>
<par>
<line>ATE</line></par>
</text>
</block>
<block><region><rect/></region>
<text>
<par>
<line>1, Place Saint Etienne 31038 TOULOUSE CEDEX 9 - Tél. 05 34 45 34 45</line></par>
<par>
<line>Iittp://www.liaute-garonne.gQuv.fr</line></par>
</text>
</block>














</page>
</PM1>