<?xml version="1.0" encoding="UTF-8"?><PM1>
<page width="2479" height="3508" resolution="300">
<block><region><rect/></region>
<text>
<par>
<line>mm</line></par>
<par>
<line>Liberté • Égalité • Fraternité</line></par>
<par>
<line>République Française</line></par>
<par>
<line>PREFET DE LA HAUTE-GARONNE</line></par>
</text>
</block>
<block><region><rect/></region>
<text>
<par>
<line>Direction Départementale des Territoires</line>
<line>Service Risques et Gestion deCrise</line></par>
</text>
</block>
<block><region><rect/></region>
<text>
<par>
<line>Le Préfet de la Région M idi-Pyrénées</line>
<line>Préfet de la Haute-Garonne</line>
<line>Officier de la Légion d'Honneur</line>
<line>Officier de l'Ordre national du M érite</line></par>
</text>
</block>
<block><region><rect/></region>
<text>
<par>
<line>ARRETE PREFECTORAL</line></par>
</text>
</block>
<block><region><rect/></region>
<text>
<par>
<line>portant approbation du Plan de Prévention des Risques naturels prévisibles</line>
<line>liés aux inondations sur le bassin del'Hers-M ort « moyen »sur les communes de</line>
<line>Auzeville-Tolosane, Ayguesvives, Baziège, Belberaud, Castanet-Tolosan,</line></par>
<par>
<line>Deyme, Donneville, Escalquens, Labège, M ontgiscard, M ontlaur,</line></par>
<par>
<line>Péchabou, Pompertuzat et Ramonville-Saint-Agne.</line></par>
<par>
<line>Vu le code de l'urbanisme, notamment ses arti cl es L126-1, A126-1 et R123-14;</line></par>
<par>
<line>Vu le code de l'envi ronnement, notamment ses arti cl es L 562-4 et R 562-9 ;</line></par>
<par>
<line>Vu le code de justice administrative, notammentses articles R421-1 et suivants;</line></par>
<par>
<line>Vu l'arrêté préfectoral du 9 novembre 2007 portant prescription de l'élaboration d'un Plan de</line>
<line>Prévention des Risques naturels prévisibles liés aux inondations sur le bassin de l'Hers-Mort</line>
<line>« moyen » sur les communes d'Auzeville-Tolosane, Ayguesvives, Baziège, Belberaud,</line>
<line>Castanet-Tolosan, Deyme, Donneville, Escalquens, Labège, M ontgiscard, M ontlaur,</line></par>
<par>
<line>Péchabou, Pompertuzat et Ramonvi I le-Sai nt-Agne ;</line></par>
<par>
<line>Vu l'arrêté préfectoral du 27 mai 2013 portant ouverture d'une enquête publique au titre du Plan</line>
<line>de Prévention des Risques naturels prévisibles liés aux inondations sur le bassin de l'Hers-</line>
<line>Mort « moyen » sur les communes d'Auzeville-Tolosane, Ayguesvives, Baziège, Belberaud,</line>
<line>Castanet-Tolosan, Deyme, Donneville, Escalquens, Labège, Montgiscard, Montlaur,</line></par>
<par>
<line>Péchabou, Pompertuzat et Ramonvi I le-Sai nt-Agne ;</line></par>
<par>
<line>Vu l'avis favorable des conseils municipaux d'Auzeville-Tolosane, Ayguesvives, Baziège,</line>
<line>Belberaud, Castanet-Tolosan, Deyme, Donneville, Escalquens, Labège, et Ramonville-Saint-</line>
<line>Agne;</line></par>
<par>
<line>Vu I ' avi s réputé f avorabi e des consei I s muni ci paux de M ontgi scard, Péchabou et Pompertuzat ;</line></par>
<par>
<line>Vu I ' avi s défavorabi e du consei I muni ci pal de M ontl aur ;</line></par>
<par>
<line>Vu l'avis favorable du SICOVAL ;</line></par>
<par>
<line>Vu I ' avi s favorabi e du Syndi cat M i xte du B assi n V ersant de I ' H ers ;</line></par>
<par>
<line>Vu I ' avi s réputé favorabi e du Syndi cat M i xte d'Etudes de I ' A ggl omérati on Toul ousai ne ;</line></par>
</text>
</block>
<block><region><rect/></region>
<text>
<par>
<line>1/3</line></par>
</text>
</block>


</page>
<page width="2479" height="3508" resolution="300">
<block><region><rect/></region>
<text>
<par>
<line>Vu l'avis réputé favorabl e de la C hambre d'Agriculture de la H aute-Garonne ;</line></par>
<par>
<line>V u l'avis réputé favorable du Conseil Général de la Haute-Garonne ;</line></par>
<par>
<line>Vu l'avis réputé favorable du Conseil Régional M idi-Pyrénées ;</line></par>
<par>
<line>Vu le rapport d'anal yse et l'avi s favorabl e de la commi ssi on d'enquête ;</line></par>
<par>
<line>Vu la modification apportée au dossier pour faire droit aux six réserves et aux trois premières</line>
<line>recommandations de la commission d'enquête ;</line></par>
<par>
<line>Sur proposition du Directeur Départemental des Territoires de la Haute-Garonne</line></par>
</text>
</block>
<block><region><rect/></region>
<text>
<par>
<line>ARRETE</line></par>
</text>
</block>
<block><region><rect/></region>
<text>
<par>
<line>Article 1 : Le Plan de Prévention des Risques naturels prévisibles liés aux inondations sur le</line>
<line>bassin de l'Hers-Mort « moyen » sur les communes d'Auzeville-Tolosane,</line>
<line>Ayguesvives, Baziège, Belberaud, Castanet-Tolosan, Deyme, Donneville, Escalquens,</line>
<line>Labège, Montgiscard, Montlaur, Péchabou, Pompertuzat et Ramonville-Saint-Agne,</line>
<line>est approuvé.</line></par>
<par>
<line>Article 2 : Le Plan de Prévention des Risques naturels prévisibles, visé à l'article 1, vaut servitude</line>
<line>d'utilité publique et sera, à ce titre, annexé aux documents d'urbanisme des communes</line>
<line>concernées, en application des dispositions de l'article L 126 - 1 du code de</line>
<line>l'urbanisme.</line></par>
<par>
<line>Article 3 : Le présent arrêté fera l'objet d'une mention, à la diligence du préfet et à ses frais, en</line>
<line>caractères apparents, dans un journal diffusé dans le département.</line></par>
<par>
<line>Cet arrêté sera, en outre, publié au recueil des actes administratifs de la Préfecture de</line>
<line>la Haute-Garonne.</line></par>
<par>
<line>Une copie du présent arrêté sera publiée par voie d'affichage dans les mairies visées à</line>
<line>l'article 1, à la dili gence des mai res, pendant un mois au mi ni mum.</line></par>
<par>
<line>Article 4 : Le Plan de Prévention des Risques, visé à l'article 1, est tenu à la disposition du</line>
<line>public, tous les jours ouvrables et aux heures habituelles d'ouverture des bureaux :</line></par>
<par>
<line>1 - dans l es mai ri es des communes vi sées à l'article 1,</line></par>
<par>
<line>2 - à la Préfecture de la Haute-Garonne.</line></par>
<par>
<line>Article 5 : La présente décision peut faire l'objet, dans le délai de deux mois à compter de sa</line>
<line>publication, soit d'un recours gracieux auprès du préfet de la Haute-Garonne, soit d'un</line>
<line>recours hiérarchique auprès du ministre de l'écologie, du développement durable, et de</line>
<line>l'énergie.</line></par>
<par>
<line>Il peut faire également l'objet d'un recours contentieux auprès du Tribunal</line>
<line>admi nistratif de T oulouse :</line></par>
<par>
<line>1 - soit directement, en l'absence de recours préalable, dans le délai de</line>
<line>deux mois à compter de la plus tardive des mesures de publicité</line>
<line>prévues à l'article 3,</line></par>
<par>
<line>2 - soit à l'issue d'un recours préalable, dans les deux mois à compter</line>
<line>de la date de notification de la réponse obtenue de l'administration, ou</line>
<line>au terme d'un silence gardé par celle-ci pendant deux mois à compter</line>
<line>de la réception de la demande.</line></par>
</text>
</block>
<block><region><rect/></region>
<text>
<par>
<line>2/3</line></par>
</text>
</block>






</page>
<page width="1694" height="2365" resolution="200">
<block><region><rect/></region>
<text>
<par>
<line>Article 6 : Le préfet de la Haute-Garonne, les maires des communes visées à l’article 1 et le</line>
<line>directeur Départemental des Territoires de la Haute-Garonne sont chargés, chacun en</line>
<line>ce qui le concerne, de l’exécution du présent arrêté qui sera publié au recueil des actes</line>
<line>administratifs de l’État dans le département de la Haute-Garonne.</line></par>
</text>
</block>
<block><region><rect/></region>
<text>
<par>
<line>Fait à Toulouse le ^ ^ ^</line></par>
</text>
</block>
<block><region><rect/></region>
<text>
<par>
<line>CaU</line></par>
</text>
</block>
<block><region><rect/></region>
<text>
<par>
<line>U</line></par>
</text>
</block>
<block><region><rect/></region>
<text>
<par>
<line>r OELCAYROU</line></par>
</text>
</block>
<block><region><rect/></region>
<text>
<par>
<line>3/3</line></par>
</text>
</block>



</page>
</PM1>