<?xml version="1.0" encoding="UTF-8"?><PM1>
<page width="1656" height="2336" resolution="200">
<block><region><rect/></region>
<text>
<par>
<line>Libfrté • égatiti “ Prattmlli</line></par>
<par>
<line>RéFUBUQUE Française</line></par>
</text>
</block>
<block><region><rect/></region>
<text>
<par>
<line>ARRETE PREFECTORAL</line></par>
</text>
</block>
<block><region><rect/></region>
<text>
<par>
<line>portant approbation du</line></par>
<par>
<line>Plan de Prévention des Risques naturels majeurs prévisibles</line>
<line>pour la commune d'ASPET,</line></par>
</text>
</block>
<block><region><rect/></region>
<text>
<par>
<line>LE PREFET DE LA REGION MIDI - PYRENEES,</line>
<line>PREFET DE LA HAUTE ~ GARONNE</line>
<line>Officier de la Légion d’Honneur,</line></par>
</text>
</block>
<block><region><rect/></region>
<text>
<par>
<line>le code général des collectivités territoriales,</line></par>
<par>
<line>le code de l’urbanisme, notamment son article L126-1,</line></par>
<par>
<line>le code de la construction et de l’habitation,</line></par>
<par>
<line>le code de l'environnement, notamment les articles L562-1 à L562-9 et R562-1 à</line>
<line>R562-10,</line></par>
<par>
<line>la loi n" 2004-811 du 13 août 2004, relative à la modernisation de ia sécurité civile,</line></par>
<par>
<line>l’arrêté préfectoral en date du 20 septembre 2004 prescrivant l’établissement d’un Plan</line>
<line>de Prévention des Risques naturels majeurs prévisibles pour la commune d’ASPET,</line></par>
<par>
<line>l’arrêté préfectoral en date du 30 mars 2009, prescrivant l’ouverture d’une enquête</line>
<line>publique du 4 mai au 5 juin 2009 sur le projet de Plan de Prévention des Risques</line>
<line>naturels majeurs prévisibles pour la commune d’ASPET,</line></par>
<par>
<line>l’avis favorable du conseil municipal d’ASPET en date du 4 décembre 2008,</line></par>
<par>
<line>l’avis réservé de la Chambre d’Agricuiture la Haute-Garonne en date du 9 avril 2009 ,</line></par>
<par>
<line>l’avis réputé favorable de la Centre Régional de la Propriété Forestière,</line></par>
<par>
<line>les rapports et conclusions du Commissaire Enquêteur en date du 26 juin 2009,</line></par>
<par>
<line>l’examen des recommandations du Commissaire Enquêteur et les modifications</line>
<line>apportées au dossier pour faire droit aux observations de la chambre d'Aghculture,</line></par>
<par>
<line>proposition du Directeur Départemental de l’Équipement et de l'Agriculture de la</line>
<line>Haute-Garonne.</line></par>
</text>
</block>


</page>
<page width="1656" height="2336" resolution="200">
<block><region><rect/></region>
<text>
<par>
<line>ARRETE</line></par>
</text>
</block>
<block><region><rect/></region>
<text>
<par>
<line>Article</line></par>
<par>
<line>Article 2 ;</line></par>
<par>
<line>Article 3 :</line></par>
<par>
<line>Article 4 :</line></par>
<par>
<line>Article 5 :</line></par>
</text>
</block>
<block><region><rect/></region>
<text>
<par>
<line>Article 6 :</line></par>
</text>
</block>
<block><region><rect/></region>
<text>
<par>
<line>: Le Plan de Prévention des Risques naturels majeurs prévisibles pour la commune</line>
<line>d'ASPET annexé au présent arrêté, est approuvé.</line></par>
<par>
<line>Le Plan de Prévention des Risques naturels prévisibles, visé à l’article 1, vaut</line>
<line>servitude d’utilité publique et sera, à ce titre, annexé au document d'urbanisme de la</line>
<line>commune d'ASPET, en application des dispositions de l’article L 126 - 1 du code de</line>
<line>l’urbanisme.</line></par>
<par>
<line>Le présent arrêté fera l’objet d’une mention, à la diligence du préfet et à ses frais, en</line>
<line>caractères apparents, dans un journal diffusé dans le département.</line></par>
<par>
<line>Cet arrêté sera, en outre, publié au recueil des actes administratifs de la Préfecture</line>
<line>de la Haute-Garonne.</line></par>
<par>
<line>Une copie du présent arrêté sera publiée par voie d’affichage en mairie d’ASPET à la</line>
<line>diligence du maire, pendant un mois au minimum,</line></par>
<par>
<line>Le Plan de Prévention des Risques naturels prévisibles, visé à l’article 1, est tenu à la</line>
<line>disposition du public, tous les jours ouvrables et aux heures habituelles d’ouverture</line>
<line>des bureaux :</line></par>
</text>
</block>
<block><region><rect/></region>
<text>
<par>
<line>1 " à la mairie d'ASPET</line></par>
<par>
<line>2 - à la Préfecture de la Haute - Garonne</line></par>
<par>
<line>3 - à la Sous-Préfecture de Saint-Gaudens</line></par>
</text>
</block>
<block><region><rect/></region>
<text>
<par>
<line>La présente décision peut faire l’objet, dans le délai de deux mois à compter de sa</line>
<line>notification, soit d’un recours gracieux auprès du Préfet de la Haute-Garonne, soit</line>
<line>d’un recours hiérarchique auprès du Ministre de l’écologie, de l'énergie, du</line>
<line>développement durable et de la mer.</line></par>
<par>
<line>Il peut faire également l’objet d’un recours contentieux auprès du Tribunal</line>
<line>administratif de Toulouse soit ;</line></par>
<par>
<line>1 - directement, en l’absence de recours préalable, dans le délai de</line>
<line>deux mois à compter de la plus tardive des mesures de publicité</line>
<line>prévues à l’article 3,</line></par>
<par>
<line>2 - à l’issue d’un recours préalable, dans les deux mois à compter de</line>
<line>la date de notification de la réponse obtenue de l’administration, ou au</line>
<line>terme d’un silence gardé par celle-ci pendant deux mois à compter de</line>
<line>la réception de la demande.</line></par>
<par>
<line>Le Secrétaire Général de la Préfecture, le maire de la commune d'ASPET, le</line>
<line>Directeur Départemental de l’Équipement et de l'Agriculture, sont chargés, chacun en</line>
<line>ce qui le concerne, de l’exécution du présent arrêté qui sera publié au recueil des</line>
<line>actes administratifs de l’État dans le département.</line></par>
</text>
</block>
<block><region><rect/></region>
<text>
<par/>
</text>
</block>
<block><region><rect/></region>
<text>
<par>
<line>0</line></par>
</text>
</block>
<block><region><rect/></region>
<text>
<par/>
</text>
</block>
<block><region><rect/></region>
<text>
<par>
<line>?i -</line></par>
</text>
</block>
<block><region><rect/></region>
<text>
<par>
<line>&lt;•1 &gt;</line></par>
</text>
</block>
<block><region><rect/></region>
<text>
<par>
<line>Prancoîse S</line></par>
</text>
</block>







</page>
</PM1>