<?xml version="1.0" encoding="UTF-8"?><PM1>
<page width="1662" height="2341" resolution="200">
<block><region><rect/></region>
<text>
<par>
<line>Liberté • Égalité • Fraternité</line>
<line>RÉPUBLiaUE FRANÇAISE</line></par>
</text>
</block>
<block><region><rect/></region>
<text>
<par>
<line>PRÉFECTURE DE LA RÉGION MIDI-PYRÉNÉES</line>
<line>PRÉFECTURE DE LA HAUTE-GARONNE</line></par>
<par>
<line>ARRETE PREFECTORAL</line></par>
<par>
<line>portant approbation du</line></par>
<par>
<line>Plan de Prévention des Risques naturels prévisibles</line>
<line>pour la commune de Ondes</line></par>
</text>
</block>
<block><region><rect/></region>
<text>
<par>
<line>LE PREFET DE LA REGION MIDI - PYRENEES,</line></par>
<par>
<line>PREFET DE LA HAUTE - GARONNE</line></par>
<par>
<line>Officier de la Légion d’Honneur,</line></par>
<par>
<line>2005-PREF. - 31/0001 0 8</line></par>
<par>
<line>VU le code général des collectivités territoriales,</line></par>
<par>
<line>VU le code de l’urbanisme</line></par>
<par>
<line>VU le code de l'environnement</line></par>
<par>
<line>VU la loi n° 2004-811 du 13 août 2004, relative à la modernisation de la sécurité civile,</line></par>
<par>
<line>VU la loi n® 95-101 du 2 février 1995 modifiée relative au renforcement de la protection de</line></par>
<par>
<line>l'environnement ;</line></par>
<par>
<line>VU le décret n° 95-1089 du 5 octobre 1995 relatif aux plans de prévention des risques</line></par>
<par>
<line>naturels prévisibles ;</line></par>
<par>
<line>VU l’arrêté préfectoral en date du 23 mars 2001, prescrivant l’établissement d’un Plan de</line></par>
<par>
<line>Prévention des Risques naturels prévisibles pour la commune de Ondes,</line></par>
<par>
<line>VU l’arrêté préfectoral en date du 28 juillet 2004, prescrivant l’ouverture d’une enquête</line></par>
<par>
<line>publique du 13 septembre au 113 octobre 2004 sur le projet de Plan de Prévention des</line>
<line>Risques naturels pour la commune de Ondes,</line></par>
<par>
<line>SUR proposition du Sous - Préfet, Secrétaire Général du Préfet de la Région Midi-</line>
<line>Pyrénées, Préfet de la Haute-Garonne.</line></par>
</text>
</block>
<block><region><rect/></region>
<text>
<par>
<line>ARRETE</line></par>
</text>
</block>
<block><region><rect/></region>
<text>
<par>
<line>Article 1^: Le Plan de Prévention des Risques naturels prévisibles d’inondation pour la</line>
<line>commune de Ondes, annexé au présent arrêté, est approuvé.</line></par>
<par>
<line>Article 2 : Le Plan de Prévention des Risques naturels prévisibles, visé à l’article 1, vaut</line>
<line>servitude d’utilité publique et sera, à ce titre, annexé au document d'urbanisme de la</line>
<line>commune de Ondes, en application des dispositions de l’article L 126 - 1 du code de</line>
<line>l’urbanisme.</line></par>
</text>
</block>
<block><region><rect/></region>
<text>
<par>
<line>1. Place Saint-Étienne 31038 TOUI.OnSP, CF.DRX Q -T^l n'I 34 4-1 34 4S</line></par>
</text>
</block>





</page>
<page width="1668" height="2345" resolution="200">
<block><region><rect/></region>
<text>
<par>
<line>Article 3 :</line></par>
<par>
<line>Article 4 :</line></par>
<par>
<line>Article 5 :</line></par>
<par>
<line>Article 6 :</line></par>
</text>
</block>
<block><region><rect/></region>
<text>
<par>
<line>Le présent arrêté fera l’objet d’une mention, à la diligence du préfet et à ses frais, en</line>
<line>caractères apparents, dans deux journaux régionaux ou locaux diffusés dans le</line>
<line>département.</line></par>
<par>
<line>Une copie du présent arrêté sera publiée par voie d’affichage en mairie de Ondes à</line>
<line>la diligence du maire, pendant un mois au minimum.</line></par>
<par>
<line>Le Plan de Prévention des Risques naturels prévisibles, visé à l’article 1, est tenu à la</line>
<line>disposition du public, tous les jours ouvrables et aux heures habituelles d’ouverture</line>
<line>des bureaux :</line></par>
</text>
</block>
<block><region><rect/></region>
<text>
<par>
<line>1 - à la mairie de Ondes,</line></par>
<par>
<line>2 - à la Préfecture de la Haute - Garonne.</line></par>
</text>
</block>
<block><region><rect/></region>
<text>
<par>
<line>Le Secrétaire Général de la Préfecture, le maire de la commune de Ondes, le</line>
<line>Directeur Régional et Départemental de l’Equipement, le Directeur Départemental de</line>
<line>l’Agriculture et de la Forêt sont chargés, chacun en ce qui le concerne, de l’exécution</line>
<line>du présent arrêté qui sera publié au recueil des actes administratifs de l’Etat dans le</line>
<line>département.</line></par>
</text>
</block>
<block><region><rect/></region>
<text>
<par>
<line>Fait à Toulouse le</line></par>
</text>
</block>
<block><region><rect/><rect/></region>
<text>
<par>
<line>Le Sec</line>
<line>Préfeoturi</line></par>
</text>
</block>
<block><region><rect/></region>
<text>
<par>
<line>Oîl 20D5</line></par>
</text>
</block>
<block><region><rect/><rect/><rect/></region>
<text>
<par>
<line>éral do la</line>
<line>apte-Garonne</line></par>
</text>
</block>







</page>
</PM1>