<?xml version="1.0" encoding="UTF-8"?><PM1>
<page width="1667" height="2344" resolution="200">
<block><region><rect/></region>
<text>
<par>
<line>&gt;, i.</line></par>
</text>
</block>
<block><region><rect/></region>
<text>
<par>
<line>1 •</line></par>
</text>
</block>
<block><region><rect/></region>
<text>
<par>
<line>.I</line></par>
</text>
</block>
<block><region><rect/></region>
<text>
<par/>
</text>
</block>
<block><region><rect/></region>
<text>
<par>
<line>;y-</line></par>
</text>
</block>
<block><region><rect/></region>
<text>
<par>
<line>:v: /■</line></par>
</text>
</block>
<block><region><rect/></region>
<text>
<par>
<line>- 7 m, 2005</line></par>
</text>
</block>
<block><region><rect/><rect/><rect/></region>
<text>
<par>
<line>Liberté • Égalité • Fraternité</line></par>
<par>
<line>République Française</line></par>
<par>
<line>CprÉï|eCTURE de la région MIDI-PYRÉNÉES</line>
<line>PRÉFECTURE DE LA HAUTE-GARONNE</line></par>
</text>
</block>
<block blockType="Table" blockName="" l="103" t="429" r="217" b="518"><region><rect/></region>
<row>
<cell width="73" height="45">
<text>
<par>
<line>in'AE</line></par>
</text></cell>
<cell width="41" height="45">
<text>
<par/>
</text></cell></row>
<row>
<cell width="73" height="44">
<text>
<par>
<line>sua</line></par>
</text></cell>
<cell width="41" height="44">
<text>
<par/>
</text></cell></row>
</block>
<block><region><rect/></region>
<text>
<par>
<line>© rs K.i‘</line></par>
</text>
</block>
<block><region><rect/></region>
<text>
<par/>
</text>
</block>
<block><region><rect/></region>
<text>
<par/>
</text>
</block>
<block><region><rect/></region>
<text>
<par>
<line>SiQN AUÉ</line></par>
</text>
</block>
<block><region><rect/></region>
<text>
<par>
<line>A ARRETE PREFECTORAL</line></par>
</text>
</block>
<block><region><rect/></region>
<text>
<par>
<line>portant approbation du</line></par>
</text>
</block>
<block><region><rect/></region>
<text>
<par>
<line>Plan de Prévention des Risques naturels prévisibles</line>
<line>pour la commune de ROQUEFORT-SUR-GARONNE</line></par>
</text>
</block>
<block><region><rect/></region>
<text>
<par>
<line>LE PREFET DE LA REGION MIDI - PYRENEES,</line></par>
<par>
<line>PREFET DE LA HAUTE - GARONNE</line>
<line>Officier de la Légion d’Honneur,</line></par>
<par>
<line>2005-PREF.-31/0Q00Q4</line></par>
<par>
<line>VU le code général des collectivités territoriales,</line></par>
<par>
<line>VU le code de l’urbanisme</line></par>
<par>
<line>VU le code de l'environnement</line></par>
<par>
<line>VU la loi n° 2004-811 du 13 août 2004, relative à la modernisation de la sécurité civile,</line></par>
<par>
<line>VU le décret n° 95 - 1089 du 5 octobre 1995 relatif aux plans de prévention des risques naturels</line>
<line>prévisibles,</line></par>
<par>
<line>VU l’arrêté préfectoral en date du 23 mars 2001, prescrivant l’établissement d’un Plan de</line>
<line>Prévention des Risques naturels prévisibles pour la commune de ROQUEFORT-SUR-</line>
<line>GARONNE,.</line></par>
<par>
<line>VU l’arrêté préfectoral en date du 14 octobre 2003, prescrivant l’ouverture d’une enquête publique</line>
<line>du 13 au 28 novembre 2003 sur le projet de Plan de Prévention des Risques naturels pour la</line>
<line>commune de ROQUEFORT-SUR-GARONNE,</line></par>
<par>
<line>VU la délibération en date du 8 décembre 2003 du Conseil Municipal de la commune de</line>
<line>ROQUEFORT-SUR-GARONNE relative au projet de Plan de Prévention des Risques naturels</line>
<line>prévisibles,</line></par>
<par>
<line>VU l'avis favorable du 10 décembre 2003 émis par le Centre Régional de la Propriété Forestière sur</line>
<line>le projet de Plan de Prévention des Risques naturels prévisibles,</line></par>
<par>
<line>VU l'avis en date du 14 novembre 2003, émis par la chambre d'agriculture de la Haute-Garonne sur</line>
<line>le projet de Plan de Prévention des Risques naturels,</line></par>
<par>
<line>VU le rapport et la conclusion du 29 décembre 2003 établis par Madame Christiane ACQUIER,</line>
<line>commissaire-enquêteur,</line></par>
<par>
<line>VU les modifications portées au document PPRN par le service de Restauration des Terrains en</line>
<line>Montagne et transmises au Maire de ROQUEFORT-SUR-GARONNE le 18 octobre 2004,</line></par>
</text>
</block>
<block><region><rect/></region>
<text>
<par>
<line>1, Place Saint-Étienne 31038 TOULOUSE CEDEX 9 - Tél. 05 34 45 34 45</line></par>
</text>
</block>
















</page>
<page width="1678" height="2351" resolution="200">
<block><region><rect/></region>
<text>
<par>
<line>vu la délibération en date du 8 décembre 2003 du conseil municipal de la commune de</line>
<line>ROQUEFORT-SUR-GARONNE relative au projet de Plan de Prévention des Risques naturels</line>
<line>prévisibles,</line></par>
<par>
<line>SUR proposition du Sous ~ Préfet, Directeur de Cabinet du Préfet de la Région Midi-Pyrénées,</line>
<line>Préfet de la Haute-Garonne.</line></par>
</text>
</block>
<block><region><rect/></region>
<text>
<par>
<line>ARRETE</line></par>
</text>
</block>
<block><region><rect/></region>
<text>
<par>
<line>Article 1^ : Le Plan de Prévention des Risques naturels prévisibles d’inondations et mouvements de</line>
<line>terrains pour la commune de ROQUEFORT-SUR-GARONNE, annexé au présent</line>
<line>arrêté, est approuvé.</line></par>
<par>
<line>Article 2 : Le Plan de Prévention des Risques naturels prévisibles, visé à l’article 1, vaut servitude</line>
<line>d’utilité publique et sera, à ce titre, annexé au Plan d’Occupation des Sols de la</line>
<line>commune de ROQUEFORT-SUR-GARONNE, en application des dispositions de</line>
<line>l’article L 126 - 1 du code de l’urbanisme.</line></par>
<par>
<line>Article 3 : Le présent arrêté fera l’objet d’une mention, à la diligence du préfet et à ses frais, en</line>
<line>caractères apparents, dans deux journaux régionaux ou locaux difEisés dans le</line>
<line>département.</line></par>
<par>
<line>Article 4 : Une copie du présent arrêté sera publiée par voie d’affichage en mairie de</line></par>
<par>
<line>ROQUEFORT-SUR-GARONNE à la diligence du maire, pendant un mois au minimum.</line></par>
<par>
<line>Article 5 : Le Plan de Prévention des Risques naturels prévisibles, visé à l’article 1, est tenu à la</line>
<line>disposition du public, tous les jours ouvrables et aux heures habituelle d’ouverture des</line>
<line>bureaux :</line></par>
</text>
</block>
<block><region><rect/></region>
<text>
<par>
<line>1 - à la mairie de ROQUEFORT-SUR-GARONNE,</line></par>
<par>
<line>2 - à la Sous - Préfecture de Saint-Gaudens,</line></par>
<par>
<line>3 - à la Préfecture de la Haute - Garonne.</line></par>
</text>
</block>
<block><region><rect/></region>
<text>
<par>
<line>Article 6 : Le Secrétaire Général de la Préfecture, le Sous - Préfet de Saint-Gaudens, le maire de la</line>
<line>commune de ROQUEFORT-SUR-GARONNE, le Directeur Régional et Départemental</line>
<line>de l’Equipement, le Directeur Départemental de l’Agriculture et de la Forêt sont chargés,</line>
<line>chacun en ce qui le concerne, de l’exécution du présent arrêté qui sera publié au recueil</line>
<line>des actes administratifs de l’Etat dans le département.</line></par>
</text>
</block>
<block><region><rect/><rect/><rect/><rect/></region>
<text>
<par>
<line>Fait à Toulouse le</line></par>
<par>
<line>Le Sous-Préfet,</line>
<line>fDirecleurJla Cetünei.</line></par>
</text>
</block>
<block><region><rect/></region>
<text>
<par>
<line>Francîs SOUTRIC</line></par>
</text>
</block>










</page>
</PM1>