<?xml version="1.0" encoding="UTF-8"?><PM1>
<page width="1682" height="2354" resolution="200">
<block><region><rect/></region>
<text>
<par>
<line>Liberté • Egalité • Fraternité</line></par>
<par>
<line>RÉPUBLIQUE Française</line></par>
</text>
</block>
<block><region><rect/></region>
<text>
<par>
<line>PRÉFECTURE DE LA RÉGION MIDI-PYRÉNÉES</line>
<line>PRÉFECTURE DE LA HAUTE-GARONNE</line></par>
</text>
</block>
<block><region><rect/></region>
<text>
<par>
<line>ARRETE PREFECTORAL</line></par>
</text>
</block>
<block><region><rect/></region>
<text>
<par>
<line>portant approbation du</line></par>
<par>
<line>Plan de Prévention des Risques naturels prévisibles</line>
<line>pour la commune de MONTRABE</line></par>
</text>
</block>
<block><region><rect/></region>
<text>
<par>
<line>LE PREFET DE LA REGION MIDI - PYRENEES,</line>
<line>PREFET DE LA HAUTE - GARONNE</line>
<line>Officier de la Légion d’Honneur,</line></par>
<par>
<line>04 - P R£ F , - 3 1 ; P Q Qpgj</line></par>
<par>
<line>- r</line></par>
<par>
<line>VU le code général des collectivités territoriales,</line></par>
<par>
<line>VU le code de Turbanisme</line></par>
</text>
</block>
<block><region><rect/></region>
<text>
<par>
<line>VU la loi n° 87 - 565 du 22 juillet 1987, relative à l’organisation de la sécurité civile, à la</line>
<line>protection de la forêt contre l’incendie et à la prévention des risques majeurs, modifiée</line>
<line>par la loi n° 95 - 101 du 2 février 1995 relative au renforcement de la protection de</line>
<line>l’environnement et notamment le titre II,</line></par>
<par>
<line>VU le décret n° 95 - 1089 du 5 octobre 1995 relatif aux plans de prévention des risques</line>
<line>naturels prévisibles,</line></par>
<par>
<line>VU l’arrêté préfectoral en date du 12 septembre 2001, prescrivant l’établissement d’un Plan</line>
<line>de Prévention des Risques naturels prévisibles pour la commune de L’UNION</line></par>
<par>
<line>VU l’arrêté préfectoral en date du 28 octobre 2003, prescrivant l’ouverture d’une enquête</line>
<line>publique sur le projet de Plan de Prévention des Risques naturels pour la commune de</line>
<line>L'UNION.</line></par>
</text>
</block>
<block><region><rect/></region>
<text>
<par>
<line>VU la délibération du 19 novembre 2003 du Conseil Municipal de la commune de</line>
<line>MONTRABE sur le projet de Plan de Prévention des Risques naturels prévisibles,</line></par>
<par>
<line>VU l’avis de la Chambre d’Agriculture de la Haute - Garonne sur le projet de Plan de</line>
<line>Prévention des Risques naturels prévisibles,</line></par>
<par>
<line>VU l’avis de la Direction Régionale de l’Environnement sur le projet de Plan de Prévention</line>
<line>des Risques naturels prévisibles,</line></par>
<par>
<line>VU le rapport établi le 16 janvier 2004 par Monsieur Yves Vuillaume, Commissaire -</line>
<line>Enquêteur, après l’enquête publique à laquelle il a été procédé du 17 novembre au 19</line>
<line>décembre 2003,</line></par>
<par>
<line>SUR proposition du Sous -- Préfet, Directeur de Cabinet du Préfet de la Région</line>
<line>Midi-Pyrénées, Préfet de la Haute-Garonne.</line></par>
</text>
</block>
<block><region><rect/></region>
<text>
<par>
<line>1, Place Saint-Étienne 31038 TOULOUSE CEDEX 9 - Tél. 05 34 45 34 45</line></par>
</text>
</block>


</page>
<page width="1672" height="2347" resolution="200">
<block><region><rect/></region>
<text>
<par>
<line>ARRETE</line></par>
</text>
</block>
<block><region><rect/></region>
<text>
<par>
<line>Article 1-: Le Plan de Prévention des Risques naturels prévisibles d’inondations pour la</line>
<line>commune de MONTRABE, est approuvé.</line></par>
<par>
<line>Article 2 : Le Plan de Prévention des Risques naturels prévisibles, visé à l’article 1, vaut</line>
<line>servitude d’utilité publique et sera, à ce titre, annexé au Plan d’Occupation des</line>
<line>Sols de la commune de MONTRABE en application des dispositions de l’article</line>
<line>L - 126 - 1 du code de l’urbanisme.</line></par>
<par>
<line>Article 3 : Le présent arrêté fera l’objet d’une mention, à la diligence du préfet et à ses frais,</line>
<line>en caractères apparents, dans deux journaux régionaux ou locaux diffusés dans le</line>
<line>département.</line></par>
<par>
<line>Article 4 : Une copie du présent arrêté sera publiée par voie d’affichage en mairie de</line></par>
<par>
<line>MONTRABE à la diligence du maire, pendant un mois au minimum.</line></par>
<par>
<line>Article 5 : Le Plan de Prévention des Risques naturels prévisibles, visé à l’article 1, est tenu à</line>
<line>la disposition du public, tous les jours ouvrables et aux heures habituelles</line>
<line>d’ouverture des bureaux :</line></par>
<par>
<line>1 - à la mairie de MONTRABE,</line></par>
<par>
<line>2 ~ à la Préfecture de la Haute - Garonne.</line></par>
</text>
</block>
<block><region><rect/></region>
<text>
<par>
<line>Article 6 : Le Secrétaire Général de la Préfecture, le maire de la commune de MONTRABE,</line>
<line>le Directeur Régional et Départemental de l’Equipement, le Directeur</line>
<line>Départemental de l’Agriculture et de la Forêt sont chargés, chacun en ce qui le</line>
<line>concerne, de l’exécution du présent arrêté qui sera publié au recueil des actes</line>
<line>administratifs de l’Etat dans le département.</line></par>
</text>
</block>
<block><region><rect/></region>
<text>
<par>
<line>Fait à Toulouse le</line></par>
</text>
</block>
<block><region><rect/></region>
<text>
<par>
<line>JUIN 2004</line></par>
</text>
</block>
<block><region><rect/><rect/></region>
<text>
<par>
<line>,.s Sous-r-réfel,</line>
<line>Directcimrcte Cabinet.</line></par>
</text>
</block>
<block><region><rect/></region>
<text>
<par/>
</text>
</block>
<block><region><rect/></region>
<text>
<par>
<line>Francis SOUTRIC</line></par>
</text>
</block>








</page>
</PM1>