<?xml version="1.0" encoding="UTF-8"?><PM1>
<page width="1653" height="2339" resolution="200">
<block><region><rect/></region>
<text>
<par>
<line>Liberté • Égalité • Fraternité</line></par>
<par>
<line>RÉPUBLIQUE Française</line></par>
</text>
</block>
<block><region><rect/></region>
<text>
<par>
<line>PRÉFET DE LA HAUTE-GARONNE</line></par>
</text>
</block>
<block><region><rect/></region>
<text>
<par>
<line>ARRETE PREFECTORAL</line></par>
<par>
<line>portant approbation du</line></par>
<par>
<line>Plan de Prévention des Risques naturels prévisibles de mouvements différentiels de terrain consécutifs</line>
<line>au phénomène de retrait-gonflement des sols argileux pour la commune de SALLES-SUR-GARONNE</line></par>
</text>
</block>
<block><region><rect/></region>
<text>
<par>
<line>LE PREFET DE LA REGION MIDI-PYRENEES,</line>
<line>PREFET DE LA HAUTE-GARONNE,</line></par>
<par>
<line>OFFICIER DE LA LEGION D'HONNEUR,</line>
<line>OFFICIER DE L’ORDRE NATIONAL DU MERITE,</line></par>
</text>
</block>
<block><region><rect/></region>
<text>
<par>
<line>Vu le code général des collectivités territoriales,</line></par>
<par>
<line>Vu le code de Purbanisme,</line></par>
<par>
<line>Vu le code de l'environnement,</line></par>
<par>
<line>Vu la loi n° 2004-811 du 13 août 2004, relative à la modernisation de la sécurité civile,</line></par>
<par>
<line>Vu la loi n° 95-101 du 2 février 1995 modifiée relative au renforcement de la protection de</line>
<line>l'environnement,</line></par>
<par>
<line>Vu le décret modifié n° 95-1089 du 5 octobre 1995 relatif aux plans de prévention des risques</line>
<line>naturels prévisibles,</line></par>
<par>
<line>Vu l’arrêté préfectoral en date du 28 juin 2004 prescrivant l’établissement d’un Plan de Prévention</line>
<line>des Risques naturels prévisibles de mouvements différentiels de terrain consécutifs au</line>
<line>phénomène de retrait-gonflement des sols argileux pour la commune de SALLES-SUR-</line>
<line>GARONNE,</line></par>
<par>
<line>Vu l’arrêté préfectoral en date du 24 août 2010, prescrivant l’ouverture d’une enquête publique du</line>
<line>18 octobre 2010 au 19 novembre 2010 sur le projet de Plan de Prévention des Risques naturels</line>
<line>prévisibles de mouvements différentiels de terrain consécutifs au phénomène de retrait-</line>
<line>gonflement des sols argileux pour la commune de SALLES-SUR-GARONNE,</line></par>
<par>
<line>Vu l’avis réputé favorable du conseil municipal de la commune de SALLES-SUR-GARONNE,</line></par>
<par>
<line>Vu les rapports et conclusions de la Commission d’Enquête en date du 16 décembre 2010,</line></par>
<par>
<line>Vu les modifications apportées au dossier pour faire droit aux observations de la Commission</line>
<line>d’Enquête,</line></par>
<par>
<line>Vu 1’ avis du directeur départemental des territoires en date du 21 décembre 2010,</line></par>
</text>
</block>
<block><region><rect/></region>
<text>
<par>
<line>Sur proposition du Secrétaire Général de la préfecture de la Haute-Garonne,</line></par>
</text>
</block>
<block><region><rect/></region>
<text>
<par/>
</text>
</block>
<block><region><rect/></region>
<text>
<par>
<line>Cité administrative - 2 bd Armand Diipoital - BP 70001 - 31074 Toulouse cedex 9 - Tél, : 05 61 58 51 00</line></par>
<par>
<line>littp://www.liaule-garonne, gouv.fr</line></par>
</text>
</block>





</page>
<page width="1662" height="2345" resolution="200">
<block><region><rect/></region>
<text>
<par>
<line>ARRETE</line></par>
</text>
</block>
<block><region><rect/></region>
<text>
<par>
<line>Article</line></par>
<par>
<line>Est approuvé le Plan de Prévention des Risques naturels prévisibles de mouvements différentiels de</line>
<line>terrain consécutifs au phénomène de retrait-gonflement des sols argileux pour la commune de</line>
<line>SALLES-SUR-GARONNE, qui comprend les documents suivants :</line></par>
<par>
<line>le rapport de présentation incluant l’analyse des aléas,</line></par>
<par>
<line>le règlement,</line></par>
<par>
<line>la cartographie de zonage réglementaire,</line>
<line>amiexés au présent arrêté.</line></par>
</text>
</block>
<block><region><rect/></region>
<text>
<par>
<line>Article 2 :</line></par>
<par>
<line>Le Plan de Prévention des Risques naturels prévisibles, visé à l’article 1®‘', vaut servitude d’utilité</line>
<line>publique et sera, à ce titre, annexé au document d'urbanisme de la commune de SALLES-SUR-</line>
<line>GARONNE en application des dispositions de l’article L 126 - 1 du code de l’urbanisme.</line></par>
</text>
</block>
<block><region><rect/></region>
<text>
<par>
<line>Article 3 :</line></par>
</text>
</block>
<block><region><rect/></region>
<text>
<par>
<line>Le présent arrêté sera publié, par le maire de SALLES-SUR-GARONNE, par voie d’affichage,</line>
<line>pendant un mois minimum à la mairie de SALLES-SUR-GARONNE ainsi qu’au siège des</line>
<line>établissements publics de coopération intercommunale concernés en tout ou partie par le PPRN,</line></par>
</text>
</block>
<block><region><rect/></region>
<text>
<par>
<line>Mention de cct affichage est insérée, par les soins du Préfet, dans un journal diffusé dans le</line>
<line>département,</line></par>
</text>
</block>
<block><region><rect/></region>
<text>
<par>
<line>Cet arrêté est publié au recueil des actes administratifs de l’Etat dans le département.</line></par>
</text>
</block>
<block><region><rect/></region>
<text>
<par>
<line>Article 4 ;</line></par>
<par>
<line>La copie du présent arrêté sera adressée :</line></par>
<par>
<line>- au maire de SALLES-SUR-GARONNE,</line>
<line>au sous-préfet de MURET,</line></par>
<par>
<line>au directeur départemental des territoires de la Haute-Garonne.</line></par>
<par>
<line>Article 5 :</line></par>
<par>
<line>Le Plan de Prévention des Risques naturels prévisibles, visé à l’article 1®’, est tenu à la disposition</line>
<line>du public, tous les jours ouvrables et aux heures habituelles d’ouverture des bureaux :</line></par>
<par>
<line>1 - à la mairie de SALLES-SUR-GARONNE,</line></par>
<par>
<line>2 - à la préfecture de la Haute - Garonne,</line></par>
<par>
<line>3 - à la sous-préfecture de MURET,</line></par>
<par>
<line>4 - à la direction départementale des territoires de la Haute-Garonne.</line></par>
</text>
</block>
<block><region><rect/></region>
<text>
<par>
<line>Cité administrative - 2 bd Armand Duportal - BP 7OÛ0I - 31074 Toulouse cedex 9 - Tél, : 05 61 58 51 00</line></par>
<par>
<line>!ittp;//www,liaute-gai'oniie.gouv.fr</line></par>
</text>
</block>







</page>
<page width="1653" height="2339" resolution="200">
<block><region><rect/></region>
<text>
<par>
<line>Article 6 :</line></par>
</text>
</block>
<block><region><rect/></region>
<text>
<par>
<line>La présente décision peut faire l’objet, dans le délai de deux mois à compter de sa notification, soit</line>
<line>d’un recours gracieux auprès du Préfet de la Haute-Garonne, soit d’un recours hiérarchique auprès</line>
<line>du Ministre de l’Écologie, du Développement durable, des transports et du logement.</line></par>
</text>
</block>
<block><region><rect/></region>
<text>
<par>
<line>Il peut faire également l’objet d’un recours contentieux auprès du Tribunal administratif de</line>
<line>Toulouse soit :</line></par>
<par>
<line>1 - directement, en Tabsence de recours préalable, dans le délai de deux mois à compter</line>
<line>de sa notification ou de sa publication, conformément aux dispositions de l’article R421-1 du</line>
<line>code de justice administraitve,</line></par>
<par>
<line>2 - à l’issue d’un recours préalable, dans les deux mois à compter de la date de</line>
<line>notification de la réponse obtenue de l’administration, ou au terme d’un silence gardé par celle-ci</line>
<line>pendant deux mois à compter de la réception de la demande.</line></par>
</text>
</block>
<block><region><rect/></region>
<text>
<par>
<line>Article 7 :</line></par>
<par>
<line>Le secrétaire général de la Préfecture de la Haute-Garonne, le sous-préfet de MURET, le maire de la</line>
<line>commune de SALLES-SUR-GARONNE, le directeur départemental des territoires, sont chargés,</line>
<line>chacun en ce qui le concerne, de l’exécution du présent arrêté.</line></par>
</text>
</block>
<block><region><rect/></region>
<text>
<par>
<line>Toulouse, le &lt; y</line></par>
</text>
</block>
<block><region><rect/></region>
<text>
<par>
<line>Pour léfKéfct</line>
<line>tu Süiis.f-'cdfeî,</line></par>
</text>
</block>
<block><region><rect/></region>
<text>
<par>
<line>ATE</line></par>
</text>
</block>
<block><region><rect/></region>
<text>
<par>
<line>Cité admiuisti'ative -2 bd Armand Diiporlal - BP 70001 -31074 Toulouse cedex 9 - Tel. : 05 61 58 51 00</line></par>
<par>
<line>littp://www.haiite-gfli'oime.gouv,fr</line></par>
</text>
</block>







</page>
</PM1>