<?xml version="1.0" encoding="UTF-8"?><PM1>
<page width="2479" height="3508" resolution="300">
<block><region><rect/></region>
<text>
<par>
<line>tttwrf » ÉgêUU • PratÊnUé</line></par>
<par>
<line>RÉnjmiQyB Francaisb</line></par>
</text>
<text>
<par>
<line>PRÉFET DE LA HAUTE-GARONNE</line></par>
</text>
<text>
<par>
<line>Direction départementale des territoires</line></par>
<par>
<line>Service risques et gestion de crise</line></par>
</text>
</block>
<block><region><rect/></region>
<text>
<par>
<line>Arrêté portant approbation du plan de prévention des risques naturels prévisibles liés aux</line></par>
<par>
<line>inondations sur la commune d'Aussonne.</line></par>
<par>
<line>Le préfet de la région Occitanie,</line>
<line>préfet de la Haute-Garonne,</line></par>
<par>
<line>Officier de la Légion d’honneur,</line></par>
<par>
<line>Officier de l’ordre national du Mérite,</line></par>
<par>
<line>Vu le code de l’urbanisme, notamment ses articles L126-1, A126-1, L151-43 et L153-60 ;</line></par>
<par>
<line>Vu le code de la sécurité intérieure, notamment l'article L731-3 ;</line></par>
<par>
<line>Vu le code de l'environnement, notamment ses articles L562-4 et R562-9 ;</line></par>
<par>
<line>Vu le code de justice administrative, notamment ses articles R421-1 et suivants ;</line></par>
<par>
<line>Vu l'arrêté préfectoral du 22 décembre 2011 portant prescription d’un plan de prévention des risques</line>
<line>naturels prévisibles liés aux inondations sur la commune d'Aussonne ;</line></par>
<par>
<line>Vu l'arrêté préfectoral du 22 décembre 2014 portant prolongation de l'arrêté de prescription d’un plan de</line>
<line>prévention des risques naturels liés aux inondations sur la commune d'Aussonne ;</line></par>
<par>
<line>Vu l'avis favorable tacite du conseil municipal d'Aussonne ;</line></par>
<par>
<line>Vu l'avis favorable de Toulouse Métropole du 23 décembre 2015 ;</line></par>
<par>
<line>Vu l’avis favorable du conseil départemental de la Haute-Garonne du 07 janvier 2016 ;</line></par>
<par>
<line>Vu l'avis favorable tacite du conseil régional Midi-Pyrénées ;</line></par>
<par>
<line>Vu l'avis favorable tacite de la chambre d'agriculture de la Haute-Garoime ;</line></par>
<par>
<line>Vu l’arrêté préfectoral du 15 février 2016 portant ouverture d’une enquête publique au titre du plan</line>
<line>de prévention des risques naturels sur le bassin versant de TAussonnelle et de ses affluents ;</line></par>
<par>
<line>Vu l’arrêté préfectoral du 11 avril 2016 portant prolongation de l'enquête publique au titre du plan</line>
<line>de prévention des risques naturels sur le bassin versmit de l’Aussonnelle et de ses affluents ;</line></par>
<par>
<line>Vu le rapport d’analyse, les conclusions et l’avis favorable de la commission d'enquête en date du</line>
<line>18 octobre 2016 ;</line></par>
<par>
<line>Vu les modifications apportées au dossier pour faire droit aux réserves de la commission d'enquête ;</line></par>
</text>
</block>
<block><region><rect/></region>
<text>
<par>
<line>1, place Saint-Étienne - 31038 TOULOUSE CEDEX 9 - Tél. : 05 34 45 34 45</line></par>
<par>
<line>Tittn://www.haute-garonne. gouv.fr</line></par>
</text>
</block>
<block><region><rect/></region>
<text>
<par>
<line>1/3</line></par>
</text>
</block>


</page>
<page width="2479" height="3508" resolution="300">
<block><region><rect/></region>
<text>
<par>
<line>Vu le rapport de la direction départementale des territoires de la Haute-Garonne en date du 27</line>
<line>janvier 2017 ;</line></par>
</text>
</block>
<block><region><rect/></region>
<text>
<par>
<line>Sur proposition du secrétaire général de la préfecture de la Haute-Garonne,</line></par>
</text>
</block>
<block><region><rect/></region>
<text>
<par>
<line>Arrête :</line></par>
<par>
<line>Art. 1*''. - Le plan de prévention des risques naturels prévisibles liés aux inondations sur la commune</line>
<line>d'Aussonne est approuvé.</line></par>
<par>
<line>Art. 2 - Le plan de prévention des risques naturels prévisibles, visé à l’article 1, vaut servitude</line>
<line>d’utilité publique et sera, à ce titre, annexé aux documents d'urbanisme de la commune concernée,</line>
<line>en application des dispositions de l’article L126-1 du code de rurbanisme.</line></par>
<par>
<line>Art. 3 ~ Le présent arrêté fera l’objet d’une mention, à la diligence du Préfet et à ses frds, en</line>
<line>caractères apparents, dans un journal difïusé dans le département.</line></par>
<par>
<line>Cet arrêté sera, en outre, publié au recueil des actes administratifs de la préfecture de la Haute-</line>
<line>Garonne.</line></par>
<par>
<line>Une copie du présent arrêté sera publiée par voie d’affichage au siège de la commune visée à</line>
<line>l’article 1, à la diligence du maire, pendant un mois au minimum.</line></par>
<par>
<line>Art. 4 - Le plan de prévention des risques, visé à l’article 1, est tenu à la disposition du public,</line>
<line>tous les jours ouvrables et aux heures habituelles d’ouverture des bureaux :</line></par>
<par>
<line>1 - dans la mairie de la eommune visée à l’article 1,</line></par>
<par>
<line>2 - à la Préfecture de la Haute-Garonne.</line></par>
<par>
<line>3 - sur le site internet des services de l'État en Haute-Garonne</line></par>
<par>
<line>http ://www.haute-garoime.gouv.fr</line></par>
<par>
<line>Art. 5 - La présente décision peut faire l’objet, dans le délai de deux mois à compter de sa</line>
<line>publication, soit d’un recours gracieux auprès du Préfet de la Haute-Garonne, soit d’im recours</line>
<line>hiérarchique auprès du Ministre de l’environnement, de l'énergie et de la mer.</line></par>
<par>
<line>Il peut faire également l’objet d’un recours contentieux auprès du tribunal administratif de</line>
<line>Toulouse :</line></par>
<par>
<line>1 - soit directement, en l’absence de recours préalable, dans le délai de deux mois à compter de la</line>
<line>plus tardive des mesures de publicité prévues à l’article 3,</line></par>
<par>
<line>2 - soit à l’issue d’un recours préalable, dans les deux mois à compter de la date de notification de</line>
<line>la réponse obtenue de l’administration, ou au terme d’un silence gardé par celle-ci pendant deux</line>
<line>mois à compter de la réception de la demande.</line></par>
<par>
<line>Art. 6 - Le plan de prévention des risques naturels prévisibles entraîne obligation pour la commune</line>
<line>de se doter d'un plan communal de sauvegarde dans les deux années suivant son approbation.</line></par>
</text>
</block>
<block><region><rect/></region>
<text>
<par>
<line>2/3</line></par>
</text>
</block>
</page>
<page width="2485" height="3512" resolution="300">
<block><region><rect/></region>
<text>
<par>
<line>Art. 7 - Le secrétaire général de la prétécture de la Haute-üaronne, le maire de la commune visée à</line></par>
<par>
<line>l'article 1 et le directeur départemental des territoires de la Haute-Garonne sont chargés, chacun en ce</line></par>
<par>
<line>qui le concerne, de Texécution du présent arrêté qui sera publié au recueil des actes administratifs de</line></par>
<par>
<line>l'État dans le département de la Haute-Garonne.</line></par>
</text>
</block>
<block><region><rect/></region>
<text>
<par>
<line>Fait à Toulouse, le J y 2^]1</line></par>
</text>
</block>
<block><region><rect/></region>
<text>
<par>
<line>Pour le préfet et par délégation,</line></par>
<par>
<line>le secrétaire général, ^</line></par>
</text>
</block>
</page>
<page width="2479" height="3508" resolution="300">
<block><region><rect/></region>
<text>
<par>
<line>Ubrra » Ég/Oti • PnUntM</line></par>
<par>
<line>B^umqpB Française</line></par>
</text>
<text>
<par>
<line>PRÉFET DE LA HAUTE-GARONNE</line></par>
</text>
<text>
<par>
<line>Direction départementale des territoires</line></par>
<par>
<line>Service risques et gestion de crise</line></par>
</text>
</block>
<block><region><rect/></region>
<text>
<par>
<line>Arrêté portant approbation du plan de prévention des risques naturels prévisibles liés aux</line>
<line>inondations sur la commune de Bonrepos-sur-Aussonnelle.</line></par>
<par>
<line>Le préfet de la région Occitanie,</line>
<line>préfet de la Haute-Garonne,</line></par>
<par>
<line>Officier de ta Légion d’honneur.</line>
<line>Officier de l’ordre national du Mérite,</line></par>
</text>
</block>
<block><region><rect/></region>
<text>
<par>
<line>Vu le code de rurbanisme, notamment ses articles L126-1, A126-1, L151-43 etL153-60 ;</line></par>
<par>
<line>Vu le code de la sécurité intérieure, notamment l'article L731 -3 ;</line></par>
<par>
<line>Vu le code de l'environnement, notamment ses articles L562-4 et R562-9 ;</line></par>
<par>
<line>Vu le code de justice administrative, notamment ses articles R421-1 et suivants ;</line></par>
<par>
<line>Vu l'arrêté préfectoral du 22 décembre 2011 portant prescription d’un plan de prévention des risques</line>
<line>naturels prévisibles liés aux inondations sur la commune de Bonrepos-sur-Aussonnelle ;</line></par>
<par>
<line>Vu l'arrêté préfectoral du 22 décembre 2014 portant prolongation de l'arrêté de prescription d’un plan de</line>
<line>prévention des risques naturels liés aux inondations sur la commune de Bonrepos-sur-Aussonnelle ;</line></par>
<par>
<line>Vu l'avis favorable du conseil municipal de Bonrepos-sur-Aussonnelle du 20 novembre 2015 ;</line></par>
<par>
<line>Vu l'avis favorable tacite de la communauté des Communes Rurales des Coteaux du Savés et de</line>
<line>l'Aussonnelle ;</line></par>
<par>
<line>Vu l'avis favorable du 07 janvier 2016 du conseil départemental de la Haute-Garonne ;</line></par>
<par>
<line>Vu l'avis favorable tacite du conseil régional Midi-Pyrénées :</line></par>
<par>
<line>Vu l'avis favorable tacite de la chambre d'agriculture de la Haute-Garonne ;</line></par>
<par>
<line>Vu l’arrêté préfectoral du 15 février 2016 portant ouverture d’une enquête publique au titre du plan</line>
<line>de prévention des risques naturels sur le bassin versant de l’Aussonnelle et de ses affluents ;</line></par>
<par>
<line>Vu l’arrêté préfectoral du 11 avril 2016 portant prolongation de l’enquête publique au titre du plan</line>
<line>de prévention des risques naturels sur le bassin versant de l’Aussonnelle et de ses affluents ;</line></par>
<par>
<line>Vu le rapport d’analyse, les conclusions et l’avis favorable de la commission d'enquête en date du</line>
<line>18 octobre 2016 ;</line></par>
</text>
</block>
<block><region><rect/></region>
<text>
<par>
<line>1, place Saint-Étienne - 31038 TOULOUSE CEDEX 9 -Tél. : 05 34 45 34 45</line></par>
<par>
<line>httD://www.haute-garonne. gouv. fr</line></par>
</text>
</block>
<block><region><rect/></region>
<text>
<par>
<line>1/3</line></par>
</text>
</block>


</page>
<page width="2479" height="3508" resolution="300">
<block><region><rect/></region>
<text>
<par>
<line>Vu les modifications apportées au dossier pour faire droit aux réserves de la commission d'enquête ;</line></par>
<par>
<line>Vu le rapport de la direction départementale des territoires de la Haute-Garonne en date du 27</line>
<line>janvier 2017 ;</line></par>
</text>
</block>
<block><region><rect/></region>
<text>
<par>
<line>Sur proposition du secrétaire général de la préfecture de la Haute-Garonne,</line></par>
</text>
</block>
<block><region><rect/></region>
<text>
<par>
<line>Arrête :</line></par>
<par>
<line>Art. 1*^ - Le plan de prévention des risques naturels prévisibles liés aux inondations sur la commune de</line>
<line>Bonrepos-sur-Aussonnelle est approuvé.</line></par>
<par>
<line>Art. 2 - Le plan de prévention des risques naturels prévisibles, visé à l’article 1, vaut servitude</line>
<line>d’utilité publique et sera, à ce titre, annexé aux documents d'urbanisme de la commune concernée,</line>
<line>en application des dispositions de l’article L126-1 du code de l’urbanisme.</line></par>
<par>
<line>Art. 3 - Le présent arrêté fera l’objet d’rme mention, à la diligence du Préfet et à ses frais, en</line>
<line>caractères apparents, dans un journal dififiisé dans le département.</line></par>
<par>
<line>Cet arrêté sera, en outre, publié au recueil des actes administratifs de la préfecture de la Haute-</line>
<line>Garonne.</line></par>
<par>
<line>Une copie du présent arrêté sera publiée par voie d’afitichage au siège de la commune visée à</line>
<line>l’article 1, à la diligence du maire, pendant un mois au minimum.</line></par>
<par>
<line>Art. 4 - Le plan de prévention des risques, visé à l’article 1, est tenu à la disposition du public,</line>
<line>tous les jours ouvrables et aux heures habituelles d’ouverture des bureaux :</line></par>
<par>
<line>1 - dans la mairie de la commune visée à l’article 1,</line></par>
<par>
<line>2 - à la Préfecture de la Haute-Garorme.</line></par>
<par>
<line>3 - sur le site internet des services de l'État en Haute-Garoime</line></par>
<par>
<line>http ://www.haute-garonne.gouv.fr</line></par>
<par>
<line>Art. 5 - La présente décision peut faire l’objet, dans le délai de deux mois à compter de sa</line>
<line>publication, soit d’irn recours gracieux auprès du Préfet de la Haute-Garonne, soit d’un recours</line>
<line>hiérarchique auprès du Ministre de l’environnement, de l'énergie et de la mer.</line></par>
<par>
<line>Il peut faire également l’objet d’un reeours contentieux auprès du tribunal administratif de</line>
<line>Toulouse :</line></par>
<par>
<line>1 - soit directement, en l’absence de recours préalable, dans le délai de deux mois à compter de la</line>
<line>plus tardive des mesures de publicité prévues à l’article 3,</line></par>
<par>
<line>2 - soit à l’issue d’un recours préalable, dans les deux mois à compter de la date de notification de</line>
<line>la réponse obtenue de l’administration, ou au terme d’un silence gardé par celle-ci pendant deux</line>
<line>mois à compter de la réception de la demande.</line></par>
</text>
<text>
<par>
<line>Art. 6 - Le plan de prévention des risques naturels prévisibles entraîne obligation pour la commune</line></par>
<par>
<line>de se doter d'un plan communal de sauvegarde dans les deux années suivant son approbation.</line></par>
</text>
</block>
<block><region><rect/></region>
<text>
<par>
<line>2/3</line></par>
</text>
</block>
</page>
<page width="2485" height="3512" resolution="300">
<block><region><rect/></region>
<text>
<par>
<line>Art. 7 - Le secrétaire général de la préfecture de la Haute-Garonne, le maire de la commime visée à</line></par>
<par>
<line>l'article 1 et le directeur départemental des territoires de la Haute-Garonne sont chargés, chacun en ce</line></par>
<par>
<line>qui le concerne, de l’exécution du présent arrêté qui sera publié au recueil des actes administratifs de</line></par>
<par>
<line>l'État dans le département de la Haute-Garoime.</line></par>
</text>
</block>
<block><region><rect/></region>
<text>
<par>
<line>Fait à Toulouse, le</line></par>
</text>
</block>
<block><region><rect/></region>
<text>
<par>
<line>1 7 FEV. 2017</line></par>
</text>
</block>
<block><region><rect/></region>
<text>
<par>
<line>Pour le préfet et par délégation,</line></par>
<par>
<line>le secrétaire général,</line></par>
</text>
</block>

</page>
<page width="2479" height="3508" resolution="300">
<block><region><rect/></region>
<text>
<par>
<line>Utirtf » ig^Bii • PrùttndU</line></par>
<par>
<line>RÉPiiraA&amp;jB Fkançaisb</line></par>
</text>
</block>
<block><region><rect/></region>
<text>
<par>
<line>PRÉFET DE LA HAUTE-GARONNE</line></par>
</text>
<text>
<par>
<line>Direction départementale des territoires</line></par>
<par>
<line>Service risques et gestion de crise</line></par>
</text>
</block>
<block><region><rect/></region>
<text>
<par>
<line>Arrêté portant approbation du plan de prévention des risques naturels prévisibles liés aux</line></par>
<par>
<line>inondations sur la commune de Brax.</line></par>
</text>
</block>
<block><region><rect/></region>
<text>
<par>
<line>Le préfet de la région Occitanie,</line>
<line>préfet de la Haute-Garonne,</line></par>
<par>
<line>Officier de la Légion d’honneur,</line></par>
<par>
<line>Officier de l’ordre national du Mérite,</line></par>
<par>
<line>Vu le code de rurbanisme, notamment ses articles L126-1, A126-1, L151-43 et L153-60 ;</line></par>
<par>
<line>Vu le code de la sécurité intérieure, notamment l'article L731-3 ;</line></par>
<par>
<line>Vu le code de l'environnement, notamment ses articles L562-4 et R562-9 ;</line></par>
<par>
<line>Vu le code de justice administrative, notmimient ses articles R421-1 et suivants ;</line></par>
<par>
<line>Vu l'arrêté préfectoral du 03 avril 2013 portant prescription d’un plan de prévention des risques</line>
<line>naturels prévisibles liés aux inondations sur la commune de Brax ;</line></par>
<par>
<line>Vu l'arrêté préfectoral du 22 décembre 2014 portant prolongation de l'arrêté de prescription d’un plan de</line>
<line>prévention des risques naturels liés aux inondations sur la commune de Brax ;</line></par>
<par>
<line>Vu l'avis favorable du conseil municipal de Brax du 25 novembre 2015 ;</line></par>
<par>
<line>Vu l'avis favorable de Toulouse Métropole du 23 décembre 2015 ;</line></par>
<par>
<line>Vu l'aVis favorable du conseil départemental de la Haute-Garonne du 07 janvier 2016 ;</line></par>
<par>
<line>Vu l'avis favorable tacite du conseil régional Midi-Pyrénées ;</line></par>
<par>
<line>Vu l'avis favorable tacite de la chambre d'agriculture de la Haute-Garonne ;</line></par>
<par>
<line>Vu l’arrêté préfectoral du 15 février 2016 portant ouverture d’une enquête publique au titre du plmi</line>
<line>de prévention des risques naturels sur le bassin versant de l’Aussonnelle et de ses affluents ;</line></par>
<par>
<line>Vu l’arrêté préfectoral du 11 avril 2016 portant prolongation de l'enquête publique au titre du plan</line>
<line>de prévention des risques naturels sur le bassin versant de l’Aussonnelle et de ses affluents ;</line></par>
<par>
<line>Vu le rapport d’analyse, les conclusions et l’avis favorable de la commission d'enquête en date du</line>
<line>18 octobre 2016 ;</line></par>
<par>
<line>Vu les modifications apportées au dossier pour faire droit aux réserves de la conunission d'enquête ;</line></par>
</text>
</block>
<block><region><rect/></region>
<text>
<par>
<line>1, place Saint-Étienne —31038TOULOUSECEDEX9—Tél. : 05 34 45 3445</line></par>
<par>
<line>httD://www.haute-garorme.gouv.fr</line></par>
</text>
</block>
<block><region><rect/></region>
<text>
<par>
<line>1/3</line></par>
</text>
</block>


</page>
<page width="2479" height="3508" resolution="300">
<block><region><rect/></region>
<text>
<par>
<line>Vu le rapport de la direction départementale des territoires de la Haute-Garonne en date du 27</line></par>
<par>
<line>janvier 2017 ;</line></par>
</text>
</block>
<block><region><rect/></region>
<text>
<par>
<line>Sur proposition du secrétaire général de la préfecture de la Haute-Garonne,</line></par>
</text>
</block>
<block><region><rect/></region>
<text>
<par>
<line>Arrête :</line></par>
<par>
<line>Art. l®'. - Le plan de prévention des risques naturels prévisibles liés aux inondations sur la commune de</line>
<line>Brax est approuvé.</line></par>
<par>
<line>Art. 2 - Le plan de prévention des risques naturels prévisibles, visé à l’article 1, vaut servitude</line>
<line>d’utilité publique et sera, à ce titre, annexé aux documents d'urbanisme de la commune concernée,</line>
<line>en application des dispositions de l’article L126-1 du code de l’urbanisme.</line></par>
<par>
<line>Art. 3 - Le présent arrêté fera l’objet d’une mention, à la diligence du Préfet et à ses frais, en</line>
<line>caractères apparents, dans un journal diffusé dans le département.</line></par>
<par>
<line>Cet arrêté sera, en outre, publié au recueil des actes administratifs de la préfecture de la Haute-</line>
<line>Garonne.</line></par>
<par>
<line>Une copie du présent arrêté sera publiée par voie d’affichage au siège de la commune visée à</line>
<line>l’article 1, à la diligence du maire, pendant un mois au minimum.</line></par>
<par>
<line>Art. 4 - Le plan de prévention des risques, visé à l’article 1, est tenu à la disposition du public,</line>
<line>tous les jours ouvrables et aux heures habituelles d’ouverture des bureaux :</line></par>
<par>
<line>1 - dans la mairie de la commune visée à l’article 1,</line></par>
<par>
<line>2 - à la Préfecture de la Haute-Garonne.</line></par>
<par>
<line>3 - sur le site internet des services de l'État en Haute-Garonne</line></par>
<par>
<line>http ://www.haute-garoime.gouv.fr</line></par>
<par>
<line>Art. 5 - La présente décision peut faire l’objet, dans le délai de deux mois à compter de sa</line>
<line>publication, soit d’un recours gracieux auprès du Préfet de la Haute-Garonne, soit d’un recours</line>
<line>hiérarchique auprès du Ministre de l’environnement, de l'énergie et de la mer.</line></par>
<par>
<line>Il peut faire également l’objet d’un recours contentieux auprès du tribunal administratif de</line>
<line>Toulouse :</line></par>
<par>
<line>1 - soit directement, en l’absence de recours préalable, dans le délai de deux mois à compter de la</line>
<line>plus tardive des mesures de publicité prévues à l’article 3,</line></par>
<par>
<line>2 — soit à l’issue d’un recours préalable, dans les deux mois à compter de la date de notification de</line>
<line>la réponse obtenue de l’administration, ou au terme d’un silence gardé par celle-ci pendant deux</line>
<line>mois à compter de la réception de la demande.</line></par>
<par>
<line>Art. 6 - Le plan de prévention des risques naturels prévisibles entrée obligation pour la commune</line>
<line>de se doter d'un plan communal de sauvegarde dans les deux années suivant son approbation.</line></par>
</text>
</block>
<block><region><rect/></region>
<text>
<par>
<line>2/3</line></par>
</text>
</block>
</page>
<page width="2527" height="3542" resolution="300">
<block><region><rect/></region>
<text>
<par>
<line>Art. 7 - Le secrétaire général de la prétécture de la Haute-Garonne, le maire de la commune visée à</line></par>
<par>
<line>l'article 1 et le directeur départemental des territoires de la Haute-Garonne sont chargés, chacun en ce</line></par>
<par>
<line>qui le concerne, de l’exécution du présent arrêté qui sera publié au recueil des actes administratifs de</line></par>
<par>
<line>l'État dans le d^artement de la Haute-Garonne.</line></par>
</text>
</block>
<block><region><rect/></region>
<text>
<par>
<line>Fait à Toulouse, le Ll 7 FEV. 2017</line></par>
</text>
</block>
<block><region><rect/><rect/><rect/></region>
<text>
<par>
<line>Pour le préfet et par délégation,</line></par>
<par>
<line>le secrétaire général,</line></par>
</text>
</block>

</page>
<page width="2479" height="3508" resolution="300">
<block><region><rect/></region>
<text>
<par>
<line>XÆtitl » ÉgfilUI • PnOmtOi</line></par>
<par>
<line>RÉFUmjiniB FRANÇAISB</line></par>
</text>
</block>
<block><region><rect/></region>
<text>
<par>
<line>PRÉFET DE LA HAUTE-GARONNE</line></par>
</text>
<text>
<par>
<line>Direction départementale des territoires</line></par>
<par>
<line>Service risques et gestion de crise</line></par>
</text>
</block>
<block><region><rect/></region>
<text>
<par>
<line>Arrêté portant approbation du plan de prévention des risques naturels prévisibles liés aux</line></par>
<par>
<line>inondations sur la commune de Colomiers.</line></par>
</text>
</block>
<block><region><rect/></region>
<text>
<par>
<line>Le préfet de la région Occitanie,</line>
<line>préfet de la Haute-Garonne,</line></par>
<par>
<line>Officier de la Légion d’honneur,</line></par>
<par>
<line>Offieier de l’ordre national du Mérite,</line></par>
<par>
<line>Vu le code de Turbanisme, notamment ses articles L126-1, A126-1, L151-43 etL153-60 ;</line></par>
<par>
<line>Vu le code de la sécurité intérieure, notamment l'article L731 -3 ;</line></par>
<par>
<line>Vu le code de l'environnement, notamment ses articles L562-4 et R562-9 ;</line></par>
<par>
<line>Vu le code de justice administrative, notamment ses articles R421-1 et suivants ;</line></par>
<par>
<line>Vu l'arrêté préfectoral du 22 décembre 2011 portant prescription d’un plan de prévention des risques</line>
<line>naturels prévisibles liés aux inondations sur la commune de Colomiers ;</line></par>
<par>
<line>Vu l'arrêté préfectoral du 22 décembre 2014 portant prolongation de l'arrêté de prescription d’un plan de</line>
<line>prévention des risques naturels liés aux inondation sur la commune de Colomiers ;</line></par>
<par>
<line>Vu l'avis favorable du conseil municipal de Colomiers du 16 décembre 2015 ;</line></par>
<par>
<line>Vu l'avis favorable de Toulouse Métropole du 23 décembre 2015 ;</line></par>
<par>
<line>Vu l'aVis favorable du conseil départemental de la Haute-Garonne du 07 janvier 2016 ,</line></par>
<par>
<line>Vu l'avis favorable tacite du conseil régional Midi-Pyrénées ;</line></par>
<par>
<line>Vu l'avis favorable tacite de la chambre d'agriculture de la Haute-Garonne ;</line></par>
<par>
<line>Vu l’arrêté préfectoral du 15 février 2016 portant ouverture d’une enquête publique au titre du pian</line>
<line>de prévention des risques naturels sur le bassin versant de l’Aussonnelle et de ses affluents ;</line></par>
<par>
<line>Vu l’arrêté préfectoral du 11 avril 2016 portmit prolongation de l'enquête publique au titre du plan</line>
<line>de prévention des risques naturels sur le bassin versant de l’Aussonnelle et de ses affluents ;</line></par>
<par>
<line>Vu le rapport d’analyse, les conclusions et l’avis favorable de la commission d'enquête en date du</line>
<line>18 octobre 2016 ;</line></par>
<par>
<line>Vu les modifications apportées au dossier pour faire droit aux réserves de la commission d'enquête ;</line></par>
</text>
</block>
<block><region><rect/></region>
<text>
<par>
<line>1, place Saint-Étienne - 31038 TOULOUSE CEDEX 9 - Tél. : 05 34 45 34 45</line></par>
<par>
<line>httD://www.haute-garonne.eouv.lT</line></par>
</text>
</block>
<block><region><rect/></region>
<text>
<par>
<line>1/3</line></par>
</text>
</block>


</page>
<page width="2479" height="3508" resolution="300">
<block><region><rect/></region>
<text>
<par>
<line>Vu le rapport de la direction départementale des territoires de la Haute-Garonne en date du 27</line></par>
<par>
<line>janvier 2017 ;</line></par>
</text>
<text>
<par>
<line>Sur proposition du secrétaire général de la préfecture de la Haute-Garoime,</line></par>
</text>
</block>
<block><region><rect/></region>
<text>
<par>
<line>Arrête :</line></par>
<par>
<line>Art. 1". - Le plan de prévention des risques naturels prévisibles liés aux inondations sur la commune de</line>
<line>Colomiers est approuvé.</line></par>
<par>
<line>Art. 2 - Le plan de prévention des risques naturels prévisibles, visé à l’article 1, vaut servitude</line>
<line>d’utilité pubKque et sera, à ce titre, armexé aux documents d'urbanisme de la commune concernée,</line>
<line>en application des dispositions de l’article L126-1 du code de Turbanisme.</line></par>
<par>
<line>Art. 3 - Le présent arrêté fera l’objet d’une mention, à la diligence du Préfet et à ses frais, en</line>
<line>caractères apparents, dans un journal diffusé dans le département.</line></par>
<par>
<line>Cet arrêté sera, en outre, publié au recueil des actes administratifs de la préfecture de la Haute-</line>
<line>Garonne.</line></par>
<par>
<line>Une copie du présent arrêté sera publiée par voie d’affichage au siège de la commune visée à</line>
<line>l’article 1, à la diligence du maire, pendant un mois au minimum.</line></par>
<par>
<line>Art. 4 - Le plan de prévention des risques, visé à l’article 1, est tenu à la disposition du public,</line>
<line>tous les jours ouvrables et aux heures habituelles d’ouverture des biueaux :</line></par>
<par>
<line>1 - dans la mairie de la commune visée à l’article 1,</line></par>
<par>
<line>2 - à la Préfecture de la Haute-Garonne.</line></par>
<par>
<line>3 - sur le site internet des services de l'État en Haute-Garonne</line></par>
<par>
<line>http://www.haute-garoime.gouv.fr</line></par>
<par>
<line>Art. 5 - La présente décision peut faire l’objet, dans le délai de deux mois à compter de sa</line>
<line>publication, soit d’un recours gracieux auprès du Préfet de la Haute-Garonne, soit d’vm recours</line>
<line>hiérarchique auprès du Ministre de l’environnement, de l'énergie et de la mer.</line></par>
<par>
<line>Il peut faire également l’objet d’un recours contentieux auprès du tribunal administratif de</line>
<line>Toulouse :</line></par>
<par>
<line>1 - soit directement, en l’absence de recours préalable, dans le délai de deux mois à compter de la</line>
<line>plus tM'dive des mesures de publicité prévues à l’article 3,</line></par>
<par>
<line>2 - soit à l’issue d’im recours préalable, dans les deux mois à compter de la date de notification de</line>
<line>la réponse obtenue de l’administration, ou au terme d’un silence gardé par celle-ci pendant deux</line>
<line>mois à compter de la réception de la demande.</line></par>
<par>
<line>Art. 6 - Le plan de prévention des risques naturels prévisibles entraîne obligation pour la commune</line>
<line>de se doter d'un plan communal de sauvegarde dans les deux années suivant son approbation.</line></par>
</text>
</block>
<block><region><rect/></region>
<text>
<par>
<line>2/3</line></par>
</text>
</block>
</page>
<page width="2516" height="3534" resolution="300">
<block><region><rect/></region>
<text>
<par>
<line>Art. 7 - Le secrétaire général de la prétécture de la Haute-Garonne, le maire de la commune visée à</line>
<line>l'article 1 et le directeur départemental des territoires de la Haute-Garonne sont chargés, chacun en ce</line>
<line>qui le concerne, de l’exécution du présent arrêté qui sera publié au recueil des actes administratifs de</line>
<line>l'État dans le département de la Haute-Garonne.</line></par>
</text>
</block>
<block><region><rect/></region>
<text>
<par>
<line>l 7 FEV. 2017</line></par>
</text>
</block>
<block><region><rect/></region>
<text>
<par>
<line>Fait à Toulouse, le</line></par>
</text>
</block>
<block><region><rect/><rect/></region>
<text>
<par>
<line>Pour le préfet et par délégation,</line></par>
<par>
<line>le secrétaire général,</line></par>
</text>
</block>
</page>
<page width="2479" height="3508" resolution="300">
<block><region><rect/></region>
<text>
<par>
<line>RÉFUBUQPE FBANCABB</line></par>
<par>
<line>PRÉFET DE LA HAUTE-GARONNE</line></par>
</text>
</block>
<block><region><rect/></region>
<text>
<par>
<line>Direction départementale des territoires</line></par>
<par>
<line>Service risques et gestion de crise</line></par>
</text>
</block>
<block><region><rect/></region>
<text>
<par>
<line>Arrêté portant approbation du plan de prévention des risques naturels prévisibles liés aux</line></par>
<par>
<line>inondations sur la commune de Comebarrieu.</line></par>
<par>
<line>Le préfet de la région Occitanie,</line>
<line>préfet de la Haute-Garonne,</line></par>
<par>
<line>Officier de la Légion d’honneur,</line>
<line>Officier de l’ordre national du Mérite,</line></par>
<par>
<line>Vu le code de Turbanisme, notamment ses articles L126-1, A126-1, L151-43 et L153-60 ;</line></par>
</text>
</block>
<block><region><rect/></region>
<text>
<par>
<line>Vu le code de la sécurité intérieure, notamment l'article L731-3 ;</line></par>
<par>
<line>Vu le code de l'environnement, notamment ses articles L562-4 et R562-9 ;</line></par>
<par>
<line>Vu le code de justice administrative, notamment ses articles R421-1 et suivants ;</line></par>
<par>
<line>Vu l'arrêté préfectoral du 22 décembre 2011 portant prescription d’un plan de prévention des risques</line>
<line>naturels prévisibles liés aux inondations sur la commune de Comebarrieu ;</line></par>
<par>
<line>Vu l'arrêté préfectoral du 22 décembre 2014 portant prolongation de l'arrêté de prescription d’un plan de</line>
<line>prévention des risques naturels liés aux inondations sur la commune de Comebarrieu ;</line></par>
<par>
<line>Vu l’arrêté préfectoral du 15 février 2016 portant ouverture d’une enquête publique au titre du plan</line>
<line>de prévention des risques naturels prévisibles liés aux inondations sur la commune de Comebarrieu ;</line></par>
<par>
<line>Vu l'avis défavorable du conseil mrmicipal de Comebarrieu du 8 décembre 2015;</line></par>
<par>
<line>Vu l'avis favorable de Toulouse Métropole du 23 décembre 2015 :</line></par>
<par>
<line>Vu l'avis favorable du conseil départemental de la Haute-Garonne du 07 janvier 2016 ;</line></par>
<par>
<line>Vu l'avis favorable tacite du conseil régional Midi-Pyrénées ;</line></par>
<par>
<line>Vu l'avis favorable tacite de la chambre d'agriculture de la Haute-Garonne ;</line></par>
<par>
<line>Vu l’arrêté préfectoral du 15 février 2016 portant ouverture d’une enquête publique au titre du plan</line>
<line>de prévention des risques naturels sur le bassin versant de l’Aussonnelle et de ses affluents ;</line></par>
<par>
<line>Vu l’arrêté préfectoral du 11 avril 2016 portant prolongation de l'enquête publique au titre du plan</line>
<line>de prévention des risques naturels sur le bassin versant de l’Aussonnelle et de ses affluents ;</line></par>
<par>
<line>Vu le rapport d’analyse, les conclusions et l’avis favorable de la commission d'enquête en date du</line>
<line>18 octobre 2016 ;</line></par>
</text>
</block>
<block><region><rect/></region>
<text>
<par>
<line>1, place Saint-Étienne - 31038 TOULOUSE CEDEX 9 - Tél. : 05 34 45 34 45</line></par>
<par>
<line>httD://www.haute-garonne. gouv.fr</line></par>
</text>
</block>
<block><region><rect/></region>
<text>
<par>
<line>1/3</line></par>
</text>
</block>


</page>
<page width="2479" height="3508" resolution="300">
<block><region><rect/></region>
<text>
<par>
<line>Vu les modifications apportées au dossier pour faire droit aux réserves de la commission d'enquête ;</line></par>
</text>
<text>
<par>
<line>Vu le rapport de la direction départementale des territoires de la Haute-Garonne en date du 27</line>
<line>janvier 2017 ;</line></par>
</text>
</block>
<block><region><rect/></region>
<text>
<par>
<line>Sur proposition du secrétaire général de la préfecture de la Haute-Garonne,</line></par>
</text>
</block>
<block><region><rect/></region>
<text>
<par>
<line>Arrête :</line></par>
<par>
<line>Art. V', — Le plan de prévention des risques naturels prévisibles liés aux inondations sur la commune de</line>
<line>Comebarrieu est approuvé.</line></par>
<par>
<line>Art. 2 - Le plan de prévention des risques naturels prévisibles, visé à l’article 1, vaut servitude</line>
<line>d’utilité publique et sera, à ce titre, annexé aux documents d'urbanisme de la commune concernée,</line>
<line>en application des dispositions de l’article L126-1 du code de l’urbanisme.</line></par>
<par>
<line>Art. 3 - Le présent arrêté fera l’objet d’une mention, à la diligence du Préfet et à ses Irais, en</line>
<line>caractères apparents, dais un journal difiusé dans le département.</line></par>
<par>
<line>Cet arrêté sera, en outre, publié au recueil des actes administratifs de la préfecture de la Haute-</line>
<line>Garonne.</line></par>
<par>
<line>Une copie du présent arrêté sera publiée par voie d’affichage dans la mairie visée à l’article 1, à la</line>
<line>diligence du maire, pendant un mois au minimum.</line></par>
<par>
<line>Art. 4 - Le plan de prévention des risques, visé à l’article 1, est tenu à la disposition du public,</line>
<line>tous les jours ouvrables et aux heures habituelles d’ouverture des bureaux :</line></par>
<par>
<line>1 - dans la mairie de la commune visée à l’article 1,</line></par>
<par>
<line>2 - à la Préfecture de la Haute-G^orme.</line></par>
<par>
<line>3 - sur le site internet des services de l'État en Haute-Garonne</line></par>
<par>
<line>http://www.haute-garonne.gouv.fr</line></par>
<par>
<line>Art. 5 - La présente décision peut faire l’objet, dans le délai de deux mois à compter de sa</line>
<line>publication, soit d’un recours gracieux auprès du Préfet de la Haute-Garoime, soit d’un recours</line>
<line>hiérarchique auprès du Ministre de l’environnement, de l'énergie et de la mer.</line></par>
<par>
<line>Il peut faire également l’objet d’un recours contentieux auprès du tribunal administratif de</line>
<line>Toulouse :</line></par>
<par>
<line>1 - soit directement, en l’absence de recours préalable, dans le délai de deux mois à compter de la</line>
<line>plus tardive des mesures de publicité prévues à l’article 3,</line></par>
<par>
<line>2 - soit à l’issue d’un recours préalable, dans les deux mois à compter de la date de notification de</line>
<line>la réponse obtenue de l’administration, ou au terme d’un silence gardé par celle-ci pendant deux</line>
<line>mois à compter de la réception de la demande.</line></par>
</text>
<text>
<par>
<line>Art. 6 - Le plan de prévention des risques naturels prévisibles entraîne obligation pour la commune</line></par>
<par>
<line>de se doter d'un plan communal de sauvegarde dans les deux années suivant son approbation.</line></par>
</text>
</block>
<block><region><rect/></region>
<text>
<par>
<line>2/3</line></par>
</text>
</block>
</page>
<page width="2489" height="3515" resolution="300">
<block><region><rect/></region>
<text>
<par>
<line>Art. 7 - Le secrétaire général de la préfecture de la Haute-Garonne, le maire de la commune visée à</line>
<line>l'article 1 et le directeur d^artemental des territoires de la Haute-Garonne sont chargés, chacun en ce</line>
<line>qui le concerne, de l’exécution du présent arrêté qui sera publié au recueil des actes administratifs de 1'</line>
<line>État dans le département de la Haute-Garonne.</line></par>
</text>
</block>
<block><region><rect/></region>
<text>
<par>
<line>Fait à Toulouse, le 1 7 FEV. 2017</line></par>
</text>
</block>
<block><region><rect/></region>
<text>
<par>
<line>Pour le préfet et par délégation,</line></par>
<par>
<line>le secrétaire général,</line></par>
</text>
</block>
</page>
<page width="2479" height="3508" resolution="300">
<block><region><rect/></region>
<text>
<par>
<line>Ubntt » É^lUt • Pra^raUi</line></par>
<par>
<line>RÉFimAfilB Funcabe</line></par>
</text>
<text>
<par>
<line>PRÉFET DE LA HAUTE-GARONNE</line></par>
</text>
<text>
<par>
<line>Direction départementale des territoires</line></par>
<par>
<line>Service risques et gestion de crise</line></par>
</text>
</block>
<block><region><rect/></region>
<text>
<par>
<line>Arrêté portant approbation du plan de prévention des risques naturels prévisibles liés aux</line></par>
<par>
<line>inondations sur ia commune de Empeaux.</line></par>
<par>
<line>Le préfet de la région Occitanie,</line>
<line>préfet de la Haute-Garonne,</line></par>
<par>
<line>OfiBcier de la Légion d’honneur,</line>
<line>Officier de l’ordre national du Mérite,</line></par>
</text>
</block>
<block><region><rect/></region>
<text>
<par>
<line>Vu le code de l’urbanisme, notamment ses articles L126-1, A126-1, L151-43 et L153-60 ;</line></par>
<par>
<line>Vu le code de la sécurité intérieure, notamment l'article L731-3 ;</line></par>
<par>
<line>Vu le code de l'enviroimement, notamment ses articles L562-4 et R562-9 ;</line></par>
<par>
<line>Vu le code de justice administrative, not^nment ses articles R421-1 et suivants ;</line></par>
<par>
<line>Vu l'arrêté préfectoral du 22 décembre 2011 portant prescription d’un plan de prévention des risques</line>
<line>naturels prévisibles liés aux inondations sur la commune de Empeaux ;</line></par>
<par>
<line>Vu l’arrêté préfectoral du 22 décembre 2014 portant prolongation de l'arrêté de prescription d’un plan de</line>
<line>prévention des risques naturels bés aux inondations sur la commune de Empeaux ;</line></par>
<par>
<line>Vu l’arrêté préfeetoral du 15 février 2016 portant ouverture d’une enquête publique au titre du plan</line>
<line>de prévention des risques naturels prévisibles liés aux inondations sur la commune de Empeaux ;</line></par>
<par>
<line>Vu l'avis favorable tacite du conseil municipal de Empeaux ;</line></par>
<par>
<line>Vu l'avis favorable tacite de la communauté des Communes Rurales des Coteaux du Savés et de</line>
<line>l'Aussonnelle ;</line></par>
<par>
<line>Vu l'avis favorable du conseil départemental de la Haute-Garonne du 07 janvier 2016 ;</line></par>
<par>
<line>Vu l'avis favorable tacite du conseil régional Midi-Pyrénées ;</line></par>
<par>
<line>Vu l'avis favorable tacite de la chambre d'agriculture de la Haute-Garonne ;</line></par>
<par>
<line>Vu l’arrêté préfectoral du 15 février 2016 portant ouverture d’une enquête publique au titre du plan</line>
<line>de prévention des risques naturels sur le bassin versant de l’Aussonnelle et de ses affluents ;</line></par>
<par>
<line>Vu l’arrêté préfectoral du 11 avril 2016 portant prolongation de l'enquête publique au titre du plan</line>
<line>de prévention des risques naturels sur le bassin versant de l’Aussonnelle et de ses affluents ;</line></par>
<par>
<line>Vu le rapport d’analyse, les conclusions et l’avis favorable de la commission d'enquête en date du</line></par>
</text>
</block>
<block><region><rect/></region>
<text>
<par>
<line>1, place Saint-Étienne - 31038 TOULOUSE CEDEX 9 - Tél. : 05 34 45 34 45</line></par>
<par>
<line>httD://www.haute-garonne. eouv.fr</line></par>
</text>
</block>
<block><region><rect/></region>
<text>
<par>
<line>1/3</line></par>
</text>
</block>


</page>
<page width="2479" height="3508" resolution="300">
<block><region><rect/></region>
<text>
<par>
<line>18 octobre 2016 ;</line></par>
</text>
<text>
<par>
<line>Vu les modifications apportées au dossier pour faire droit aux réserves de la commission d'enquête ;</line></par>
</text>
<text>
<par>
<line>Vu le rapport de la direction départementale des territoires de la Haute-Garonne en date du 27</line>
<line>janvier 2017 ;</line></par>
</text>
</block>
<block><region><rect/></region>
<text>
<par>
<line>Sur proposition du secrétaire général de la préfecture de la Haute-Garonne,</line></par>
</text>
</block>
<block><region><rect/></region>
<text>
<par>
<line>Arrête :</line></par>
<par>
<line>Art. 1®'“. - Le plan de prévention des risques naturels prévisibles liés aux inondations sur la commune de</line>
<line>Empeaux est approuvé.</line></par>
<par>
<line>Art. 2 - Le plan de prévention des risques naturels prévisibles, visé à l’article 1, vaut servitude</line>
<line>d’utilité publique et sera, à ce titre, annexé aux documents d'urbanisme de la commune concernée,</line>
<line>en application des dispositions de l’article L126-1 du code de Turbanisme.</line></par>
<par>
<line>Art. 3 - Le présent mrêté fera l’objet d’une mention, à la diligence du Préfet et à ses fiais, en</line>
<line>caractères apparents, dans un journal diffusé dans le département.</line></par>
<par>
<line>Cet arrêté sera, en outre, publié au recueil des actes administratifs de la préfecture de la Haute-</line>
<line>Garonne.</line></par>
<par>
<line>Une copie du présent arrêté sera publiée par voie d’affichage dans la mairie visée à l’article 1, à la</line>
<line>diligence du maire, pendant un mois au minimum.</line></par>
<par>
<line>Art. 4 - Le plan de prévention des risques, visé à l’article 1, est tenu à la disposition du public,</line>
<line>tous les jours ouvrables et aux heures habituelles d’ouverture des bureaux :</line></par>
<par>
<line>1 - dans la mairie de la commune visée à l’article 1,</line></par>
<par>
<line>2 - à la Préfecture de la Haute-Garonne.</line></par>
<par>
<line>3 - sur le site internet des services de l'État en Haute-Garonne</line></par>
<par>
<line>http ://www.haute-garonne.gouv.fr</line></par>
<par>
<line>Art. 5 - La présente décision peut faire l’objet, dans le délai de deux mois à compter de sa</line>
<line>publication, soit d’un recours gracieux auprès du Préfet de la Haute-Garoime, soit d’un recours</line>
<line>hiérarchique auprès du Ministre de l’environnement, de l'énergie et de la mer.</line></par>
<par>
<line>Il peut faire également l’objet d’un recours contentieux auprès du tribunal administratif de</line>
<line>Toulouse :</line></par>
<par>
<line>1 - soit directement, en l’absence de recours préalable, dans le délai de deux mois à compter de la</line>
<line>plus tardive des mesures de publicité prévues à l’article 3,</line></par>
<par>
<line>2 - soit à l’issue d’un recours préalable, dans les deux mois à compter de la date de notifieation de</line>
<line>la réponse obtenue de l’administration, ou au terme d’un silence gardé par celle-ci pendant deux</line>
<line>mois à compter de la réception de la demande.</line></par>
</text>
<text>
<par>
<line>Art. 6 - Le plan de prévention des risques naturels prévisibles entraîne obligation pour la commune</line></par>
<par>
<line>de se doter d'un plan communal de sauvegarde dans les deux années suivant son approbation.</line></par>
</text>
</block>
<block><region><rect/></region>
<text>
<par>
<line>2/3</line></par>
</text>
</block>
</page>
<page width="2514" height="3532" resolution="300">
<block><region><rect/></region>
<text>
<par>
<line>Art. 7 - Le secrétaire général de la prétècture de la Haute-Garonne, le maire de la commune visée à</line>
<line>l'article 1 et le directeur départemental des territoires de la Haute-Garonne sont chargés, chacun en ce</line>
<line>cjui le concerne, de l’exécution du présent arrêté qui sera publié au recueil des actes administratifs de 1'</line>
<line>Etat dans le département de la Haute-Garonne.</line></par>
</text>
</block>
<block><region><rect/></region>
<text>
<par>
<line>Fait à Toulouse, le</line></par>
</text>
</block>
<block><region><rect/></region>
<text>
<par>
<line>1 7 FEV. 2017</line></par>
</text>
</block>
<block><region><rect/></region>
<text>
<par>
<line>Pour le préfet et par délégation,</line></par>
<par>
<line>le secrétaire général,</line></par>
</text>
</block>
</page>
<page width="2479" height="3508" resolution="300">
<block><region><rect/></region>
<text>
<par>
<line>Itttrtf Pn^niH</line></par>
<par>
<line>RÉniHWJpB Funcaise</line></par>
</text>
<text>
<par>
<line>PRÉFET DE LA HAUTE-GARONNE</line></par>
</text>
<text>
<par>
<line>Direction départementale des territoires</line></par>
<par>
<line>Service risques et gestion de crise</line></par>
</text>
</block>
<block><region><rect/></region>
<text>
<par>
<line>Arrêté portant approbation du plan de prévention des risques naturels prévisibles liés aux</line></par>
<par>
<line>inondations sur la commune de Fontenilles.</line></par>
<par>
<line>Le préfet de la région Occitanie,</line>
<line>préfet de la Haute-Garonne,</line></par>
<par>
<line>Officier de la Légion d’honneur,</line></par>
<par>
<line>Officier de l’ordre national du Mérite,</line></par>
<par>
<line>Vu le code de l’urbanisme, notamment ses articles L126-1, A126-1, L151-43 et L153-60 ;</line></par>
<par>
<line>Vu le code de la sécurité intérieure, notamment l'article L731-3 ;</line></par>
<par>
<line>Vu le code de l'envirormemait, notamment ses articles L562-4 et R562-9 ,</line></par>
<par>
<line>Vu le code de justice administrative, notamment ses articles R421-1 et suivants ,</line></par>
<par>
<line>Vu l'arrêté préfectoral du 22 décembre 2011 portant prescription d’un plan de prévention des risques</line>
<line>naturels prévisibles liés aux inondations sur la commune de Fontenilles ;</line></par>
<par>
<line>Vu l'arrêté préfectoral du 22 décembre 2014 portant prolongation de l'arrêté de prescription d’un plan de</line>
<line>prévention des risques naturels liés aux inondations sur la commune de Fontenilles ;</line></par>
<par>
<line>Vu l’arrêté préfectoral du 15 février 2016 portant ouverture d’une enquête publique au titre du plan</line>
<line>de prévention des risques naturels prévisibles liés aux inondations sur la commune de Fontenilles ,</line></par>
<par>
<line>Vu l'avis favorable tacite du conseil municipal de Fontenilles ;</line></par>
<par>
<line>Vu l'avis favorable tacite de la Communauté des Communes de la Gascogne Toulousaine ;</line></par>
<par>
<line>Vu l'avis favorable du conseil départemental de la Haute-Garonne du 07 janvier 2016 ;</line></par>
<par>
<line>Vu l'avis favorable tacite du conseil régional Midi-Pyrénées ;</line></par>
<par>
<line>Vu l'avis favorable tacite de la chambre d'agriculture de la Haute-Garonne ;</line></par>
<par>
<line>Vu l’arrêté préfectoral du 15 février 2016 portant ouverture d’une enquête publique au titre du plan</line>
<line>de prévention des risques naturels sur le bassin versant de l’Aussoimelle et de ses affluents ;</line></par>
<par>
<line>Vu l’arrêté préfectoral du 11 avril 2016 portant prolongation de l'enquête publique au titre du plan</line>
<line>de prévention des risques naturels sur le bassin versant de l’Aussonnelle et de ses affluents ;</line></par>
<par>
<line>Vu le rapport d’analyse, les conclusions et l’avis favorable de la commission d'enquête en date du</line>
<line>18 octobre 2016 :</line></par>
</text>
</block>
<block><region><rect/></region>
<text>
<par>
<line>1, place Saint-Étienne - 31038 TOULOUSE CEDEX 9 - Tél. : 05 34 45 34 45</line></par>
<par>
<line>http://www.haute-earonne.gouv.fr</line></par>
</text>
</block>
<block><region><rect/></region>
<text>
<par>
<line>1/3</line></par>
</text>
</block>


</page>
<page width="2479" height="3508" resolution="300">
<block><region><rect/></region>
<text>
<par>
<line>Vu les modifications apportées au dossier pour faire droit aux réserves de la commission d'enquête ;</line></par>
</text>
<text>
<par>
<line>Vu le rapport de la direction départementale des territoires de la Haute-Garonne en date du 27</line>
<line>janvier 2017 ;</line></par>
</text>
</block>
<block><region><rect/></region>
<text>
<par>
<line>Sur proposition du secrétaire général de la préfecture de la Haute-Garonne,</line></par>
</text>
</block>
<block><region><rect/></region>
<text>
<par>
<line>Arrête ;</line></par>
<par>
<line>Art. 1". - Le plan de prévention des risques naturels prévisibles liés aux inondations sur la commune de</line>
<line>Fontenilles est approuvé.</line></par>
<par>
<line>Art. 2 - Le plan de prévention des risques naturels prévisibles, visé à l’article 1, vaut servitude</line>
<line>d’utilité publique et sera, à ce titre, annexé aux documents d'urbanisme de la commune concernée,</line>
<line>en application des dispositions de l’article L126-1 du code de rurbanisme,</line></par>
<par>
<line>Art. 3 - Le présent arrêté fera l’objet d’une mention, à la diligence du Préfet et à ses frais, en</line>
<line>caractères apparents, dans un journal diffusé dans le département.</line></par>
<par>
<line>Cet arrêté sera, en outre, publié au recueil des actes administratifs de la préfecture de la Haute-</line>
<line>Garonne.</line></par>
<par>
<line>Une copie du présent arrêté sera publiée par voie d’affichage dans la mairie visée à l’article 1, à la</line>
<line>diligence du maire, pendant un mois au minimum.</line></par>
<par>
<line>Art. 4 - Le plan de prévention des risques, visé à l’article 1, est tenu à la disposition du public,</line>
<line>tous les jours ouvrables et aux heures habituelles d’ouverture des bureaux :</line></par>
<par>
<line>1 - dans la mairie de la commune visée à l’article 1,</line></par>
<par>
<line>2 - à la Préfecture de la Haute-Garonne.</line></par>
<par>
<line>3 - sur le site internet des services de l'État en Haute-Garonne</line></par>
<par>
<line>http ://www.haute-garonne.gou v.fr</line></par>
<par>
<line>Art. 5 - La présente décision peut faire l’objet, dans le délai de deux mois à compter de sa</line>
<line>publication, soit d’un recours gracieux auprès du Préfet de la Haute-Garonne, soit d’un recours</line>
<line>hiérarchique auprès du Ministre de l’enviroimement, de l'énergie et de la mer.</line></par>
<par>
<line>Il peut faire également l’objet d’un recours contentieux auprès du tribunal administratif de</line>
<line>Toulouse :</line></par>
<par>
<line>1 - soit directement, en l’absence de recours préalable, dans le délai de deux mois à compter de la</line>
<line>plus tardive des mesures de publicité prévues à l’article 3,</line></par>
<par>
<line>2 - soit à l’issue d’un recours préalable, dans les deux mois à compter de la date de notification de</line>
<line>la réponse obtenue de l’administration, ou au terme d’un süence gardé par celle-ci pendant deux</line>
<line>mois à compter de la réception de la demande.</line></par>
</text>
<text>
<par>
<line>Art. 6 - Le plan de prévention des risques naturels prévisibles entraîne obligation pour la commune</line></par>
<par>
<line>de se doter d'un plan communal de sauvegarde dans les deux années suivant son approbation.</line></par>
</text>
</block>
<block><region><rect/></region>
<text>
<par>
<line>2/3</line></par>
</text>
</block>
</page>
<page width="2488" height="3515" resolution="300">
<block><region><rect/></region>
<text>
<par>
<line>Art, 7 - Le secrétaire général de la préfecture de la Haute-Ciaronne, le maire de la commune visée à</line>
<line>l'article 1 et le directeur départemental des territoires de la Haute-Garonne sont chargés, chacun en ce</line>
<line>qui le concerne, de l’exécution du présent arrêté qui sera publié au recueil des actes administratifs de 1'</line>
<line>État dans le département de la Haute-Garonne.</line></par>
</text>
</block>
<block><region><rect/></region>
<text>
<par>
<line>Fait à Toulouse, le</line></par>
</text>
</block>
<block><region><rect/></region>
<text>
<par>
<line>1 7 FEV. 2017</line></par>
</text>
</block>
<block><region><rect/></region>
<text>
<par>
<line>Pour le préfet et par délégation,</line></par>
<par>
<line>le secrétaire général.</line></par>
</text>
</block>
</page>
<page width="2479" height="3508" resolution="300">
<block><region><rect/></region>
<text>
<par>
<line>E£</line></par>
<par>
<line>Ubnti • È§attti • frattndtt</line></par>
<par>
<line>BfninLKSiB Fiancaisb</line></par>
</text>
<text>
<par>
<line>PRÉFET DE LA HAUTE-GARONNE</line></par>
</text>
<text>
<par>
<line>Direction départementale des territoires</line></par>
<par>
<line>Service risques et gestion de crise</line></par>
</text>
</block>
<block><region><rect/></region>
<text>
<par>
<line>Arrêté portant approbation dn plan de prévention des risques naturels prévisibles liés aux</line>
<line>inondations sur la commune de la Salvetat-Saint-Gilles.</line></par>
<par>
<line>Le préfet de la région Oecitanie,</line>
<line>préfet de la Haute-Garonne,</line></par>
<par>
<line>Officier de la Légion d’honneur,</line></par>
<par>
<line>Officier de l’ordre national du Mérite,</line></par>
<par>
<line>Vu le code de rurbanisme, notamment ses articles L126-1, A126-1, L151-43 et L153-60 ;</line></par>
<par>
<line>Vu le code de la sécurité intérieure, notamment l'article L731-3 ;</line></par>
<par>
<line>Vu le code de l'environnement, notamment ses articles L562-4 et R562-9 ;</line></par>
<par>
<line>Vu le code de justice administrative, notamment ses articles R421-1 et suivants ,</line></par>
<par>
<line>Vu l'arrêté préfectoral du 22 décembre 2011 portant prescription d’un plan de prévention des risques</line>
<line>naturels prévisibles liés aux inondations sur la commune de la Salvetat-Saint-GiUes ;</line></par>
<par>
<line>Vu l'arrêté préfectoral du 22 décembre 2014 portant prolongation de l'arrêté de prescription d’un plan de</line>
<line>prévention des risques naturels liés aux inondations sur la commune de la Salvetat-Saint-Gilles ;</line></par>
<par>
<line>Vu l’arrêté préfectoral du 15 février 2016 portant ouverture d’une enquête publique au titre du plan</line>
<line>de prévention des risques naturels prévisibles liés aux inondations sur la commune de la Salvetat-</line>
<line>Saint-Gilles ;</line></par>
<par>
<line>Vu l'avis favorable tacite du conseil municipal de la Salvetat-Saint-Gilles ;</line></par>
<par>
<line>Vu l'avis favorable tacite de la Communauté de Communes de la Save au Touch :</line></par>
<par>
<line>Vu l'avis favorable du conseil départemental de la Haute-Garonne du 07 janvier 2016 ;</line></par>
<par>
<line>Vu l'avis favorable tacite du conseil régional Midi-Pyrénées ;</line></par>
<par>
<line>Vu l'avis favorable tacite de la chambre d'agriculture de la Haute-Garonne ;</line></par>
<par>
<line>Vu l’arrêté préfectoral du 15 février 2016 portant ouverture d’une enquête publique au titre du plan</line>
<line>de prévention des risques naturels sur le bassin versant de l’Aussonnelle et de ses affluents ;</line></par>
<par>
<line>Vu l’arrêté préfectoral du 11 avril 2016 portant prolongation de l'enquête publique au titre du plan</line>
<line>de prévention des risques naturels sur le bassin versant de l’Aussoimelle et de ses affluents ;</line></par>
<par>
<line>Vu le rapport d’analyse, les conclusions et l’avis favorable de la commission d'enquête en date du</line></par>
</text>
</block>
<block><region><rect/></region>
<text>
<par>
<line>1, place Saiiit-Étieime - 31038 TOULOUSE CEDEX 9 - Tél. : 05 34 45 34 45</line></par>
<par>
<line>httn://www.haute-garonne.gouv.fr</line></par>
</text>
</block>
<block><region><rect/></region>
<text>
<par>
<line>1/3</line></par>
</text>
</block>


</page>
<page width="2479" height="3508" resolution="300">
<block><region><rect/></region>
<text>
<par>
<line>18 octobre 2016 ;</line></par>
</text>
<text>
<par>
<line>Vu les modifications apportées au dossier pour faire droit aux réserves de la commission d'enquête ;</line></par>
</text>
<text>
<par>
<line>Vu le rapport de la direction départementale des territoires de la Haute-Garonne en date du 27</line>
<line>janvier 2017 ;</line></par>
<par>
<line>Sur proposition du secrétaire général de la préfecture de la Haute-Garonne,</line></par>
</text>
</block>
<block><region><rect/></region>
<text>
<par>
<line>Arrête :</line></par>
<par>
<line>Art. 1". - Le plan de prévention des risques naturels prévisibles liés aux inondations sur la commune de la</line>
<line>Salvetat-Saint-Gilles est approuvé.</line></par>
<par>
<line>Art. 2 - Le plan de prévention des risques naturels prévisibles, visé à l’article 1, vaut servitude</line>
<line>d’utilité publique et sera, à ce titre, annexé aux docmnents d'urbanisme de la commime concernée,</line>
<line>en application des dispositions de l’article L126-1 du code de rurbanisme.</line></par>
<par>
<line>Art. 3 - Le présent arrêté fera l’objet d’une mention, à la diligence du Préfet et à ses frais, en</line>
<line>caractères apparents, dans un journal difiusé dans le dép^ement.</line></par>
<par>
<line>Cet arrêté sera, en outre, publié au recueil des actes administratifs de la préfecture de la Haute-</line>
<line>Garonne.</line></par>
<par>
<line>Une copie du présent arrêté sera publiée par voie d’affichage dans la mairie visée à l’article 1, à la</line>
<line>diligence du maire, pendant un mois au minimum.</line></par>
<par>
<line>Art. 4 - Le plan de prévention des risques, visé à l’article 1, est tenu à la disposition du public,</line>
<line>tous les jours ouvrables et aux heures habituelles d’ouverture des bureaux :</line></par>
<par>
<line>1 - dans la mairie de la commune visée à l’article 1,</line></par>
<par>
<line>2 - à la Préfecture de la Haute-Garonne.</line></par>
<par>
<line>3 - sur le site internet des services de l'État en Haute-Garonne</line></par>
<par>
<line>http;//www.haute-garoime.gouv.fr</line></par>
<par>
<line>Art. 5 - La présente décision peut faire l’objet, dans le délai de deux mois à compter de sa</line>
<line>publication, soit d’un recours gracieux auprès du Préfet de la Haute-Garoime, soit d’un recours</line>
<line>hiérarchique auprès du Ministre de l’environnement, de l'énergie et de la mer.</line></par>
<par>
<line>Il peut faire également l’objet d’un recours contentieux auprès du tribunal administratif de</line>
<line>Toulouse :</line></par>
<par>
<line>1 - soit directement, en l’absence de recours préalable, dans le délai de deux mois à compter de la</line>
<line>plus tardive des mesures de publicité prévues à l’article 3,</line></par>
<par>
<line>2 - soit à l’issue d’im recours préeilable, dans les deux mois à compter de la date de notification de</line>
<line>la réponse obtenue de l’administration, ou au terme d’un silence gardé par celle-ci pendant deux</line>
<line>mois à compter de la réception de la demande.</line></par>
</text>
<text>
<par>
<line>Art. 6 - Le plan de prévention des risques naturels prévisibles entraîne obligation pour la commune</line></par>
<par>
<line>de se doter d'un plan communal de sauvegarde dans les deux années suivant son approbation.</line></par>
</text>
</block>
<block><region><rect/></region>
<text>
<par>
<line>2/3</line></par>
</text>
</block>
</page>
<page width="2512" height="3531" resolution="300">
<block><region><rect/></region>
<text>
<par>
<line>Art. 7 - Le secrétaire général de la préfecture de la Haute-Garonne, le maire de la commune visée à</line>
<line>l’article 1 et le directeur départemental des territoires de la Haute-Garonne sont chargés, chacun en ce</line>
<line>(jui le concerne, de l’exécution du présent arrêté qui sera publié au recueil des actes administratifs de 1'</line>
<line>Etat dans le département de la Haute-Garonne.</line></par>
</text>
</block>
<block><region><rect/></region>
<text>
<par>
<line>Fait à Toulouse, le</line></par>
</text>
</block>
<block><region><rect/></region>
<text>
<par>
<line>1 7 FEV. 2017</line></par>
</text>
</block>
<block><region><rect/></region>
<text>
<par>
<line>Pour le préfet et par délégation,</line></par>
<par>
<line>le secrétaire général,</line></par>
</text>
</block>
</page>
<page width="2479" height="3508" resolution="300">
<block><region><rect/></region>
<text>
<par>
<line>Wma » 4i«IW • fttttmufli</line></par>
<par>
<line>RÉPIIBUqiIB Funcaisb</line></par>
</text>
<text>
<par>
<line>PRÉFET DE LA HAUTE-GARONNE</line></par>
</text>
<text>
<par>
<line>Direction départementale des territoires</line></par>
<par>
<line>Service risques et gestion de crise</line></par>
</text>
</block>
<block><region><rect/></region>
<text>
<par>
<line>Arrêté portant approbation du plan de prévention des risques naturels prévisibles liés aux</line></par>
<par>
<line>inondations sur la commune de Léguevin.</line></par>
<par>
<line>Le préfet de la région Occitanie,</line>
<line>préfet de la Haute-Garonne,</line></par>
<par>
<line>Officier de la Légion d’honneur,</line>
<line>Officier de l’ordre national du Mérite,</line></par>
</text>
</block>
<block><region><rect/></region>
<text>
<par>
<line>Vu le code de l’urbanisme, notamment ses articles L126-1, Al26-1, LIS 1-43 et L153-60 ;</line></par>
<par>
<line>Vu le code de la sécurité intériewe, notamment l'article L731-3 ;</line></par>
<par>
<line>Vu le code de l'environnemait, notamment ses articles L562-4 et R562-9 ;</line></par>
<par>
<line>Vu le code de justice administrative, notanment ses articles R421-1 et suivants :</line></par>
<par>
<line>Vu l'arrêté préfectoral du 22 décembre 2011 portant prescription d’un plan de prévention des risques</line>
<line>naturels prévisibles liés aux inondations sur la commune de Léguevin ;</line></par>
<par>
<line>Vu l'arrêté préfectoral du 22 décembre 2014 portant prolongation de l'arrêté de prescription d’un plan de</line>
<line>prévention des risques naturels liés aux inondations sur la commune de Léguevin ;</line></par>
<par>
<line>Vu l’arrêté préfectoral du 15 février 2016 portmit ouverture d’ime enquête publique au titre du plan</line>
<line>de prévention des risques naturels prévisibles liés aux inondations sur la commune de Léguevin ;</line></par>
<par>
<line>Vu l'avis défavorable du conseil municipal de Léguevin du 16 décembre 2015 ;</line></par>
<par>
<line>Vu l'avis favorable tacite de la Communauté de Communes de la Save au Touch ;</line></par>
<par>
<line>Vu l'avis favorable du conseil départemental de la Haute-Garonne du 07 janvier 2016 ;</line></par>
<par>
<line>Vu l'avis favorable tacite du conseil régional Midi-Pyrénées ;</line></par>
<par>
<line>Vu l'avis favorable tacite de la chambre d'agriculture de la Haute-Garonne ;</line></par>
<par>
<line>Vu l’arrêté préfectoral du 15 février 2016 portant ouverture d’une enquête publique au titre du plan</line>
<line>de prévention des risques naturels sur le bassin versant de l’Aussoimelle et de ses affluents ;</line></par>
<par>
<line>Vu l’arrêté préfectoral du 11 avril 2016 portant prolongation de l'enquête publique au titre du plan</line>
<line>de prévention des risques naturels sur le bassin versant de l’Aussonnelle et de ses affluents ;</line></par>
<par>
<line>Vu le rapport d’analyse, les conclusions et l’avis favorable de la commission d'enquête en date du</line>
<line>18 octobre 2016 ;</line></par>
</text>
</block>
<block><region><rect/></region>
<text>
<par>
<line>1, place Saint-Étienne - 31038 TOULOUSE CEDEX 9 - Tél. : 05 34 45 34 45</line></par>
<par>
<line>http://www. hante-earonne. gouv.fr</line></par>
</text>
</block>
<block><region><rect/></region>
<text>
<par>
<line>1/3</line></par>
</text>
</block>


</page>
<page width="2479" height="3508" resolution="300">
<block><region><rect/></region>
<text>
<par>
<line>Vu les modifications apportées au dossier pour faire droit aux réserves de la commission d'enquête ;</line></par>
</text>
<text>
<par>
<line>Vu le rapport de la direction départementale des territoires de la Haute-Garonne ai date du 27</line>
<line>janvier 2017 ;</line></par>
</text>
</block>
<block><region><rect/></region>
<text>
<par>
<line>Sur proposition du secrétaire général de la préfecture de la Haute-Garorme,</line></par>
</text>
</block>
<block><region><rect/></region>
<text>
<par>
<line>Arrête ;</line></par>
<par>
<line>Art. 1“'. - Le plan de prévention des risques naturels prévisibles liés aux inondations sur la commune de</line>
<line>Léguevin est approuvé.</line></par>
<par>
<line>Art. 2 - Le plan de prévention des risques naturels prévisibles, visé à T article 1, vaut servitude</line>
<line>d’utilité publique et sera, à ce titre, annexé aux documents d'urbanisme de la commune concernée,</line>
<line>en application des dispositions de l’article L126-1 du code de rurbanisme.</line></par>
<par>
<line>Art. 3 - Le présent arrêté fera l’objet d’une mention, à la diligence du Préfet et à ses fi'ais, en</line>
<line>caractères apparents, dans un journal diffusé dans le département.</line></par>
<par>
<line>Cet arrêté sera, en outre, publié au recueil des actes administratifs de la préfecture de la Haute-</line>
<line>Garonne.</line></par>
<par>
<line>Une copie du présent arrêté sera publiée par voie d’affichage dans la mairie visée à l’article 1, à la</line>
<line>diligence du maire, pendant un mois au minimum.</line></par>
<par>
<line>Art. 4 - Le plan de prévention des risques, visé à l’article 1, est tenu à la disposition du public,</line>
<line>tous les jours ouvrables et aux heures habituelles d’ouverture des bureaux :</line></par>
<par>
<line>1 - dans la mairie de la commune visée à l’article 1,</line></par>
<par>
<line>2 - à la Préfecture de la Haute-Garonne.</line></par>
<par>
<line>3 - sur le site internet des services de l'État en Haute-Garonne</line></par>
<par>
<line>http ://www.haute-garonne.gou v.fr</line></par>
<par>
<line>Art. 5 - La présente décision peut faire l’objet, dans le délai de deux mois à compter de sa</line>
<line>publication, soit d’un recours gracieux auprès du Préfet de la Haute-Garorme, soit d’un recours</line>
<line>hiérarchique auprès du Ministre de l’environnement, de l'énergie et de la mer.</line></par>
<par>
<line>Il peut faire également l’objet d’un recours contentieux auprès du tribunal administratif de</line>
<line>Toulouse :</line></par>
<par>
<line>1 - soit directement, en l’absence de recours préalable, dans le délai de deux mois à compter de la</line>
<line>plus tardive des mesures de publicité prévues à l’article 3,</line></par>
<par>
<line>2 - soit à l’issue d’un recours préalable, dans les deux mois à compter de la date de notification de</line>
<line>la réponse obtenue de l’administration, ou au terme d’un silence gardé par celle-ci pendant deux</line>
<line>mois à compter de la réception de la demande.</line></par>
</text>
<text>
<par>
<line>Art. 6 - Le plan de prévention des risques naturels prévisibles entrée obligation pour la commune</line></par>
<par>
<line>de se doter d'un plan communal de sauvegarde dans les deux années suivant son approbation.</line></par>
</text>
</block>
<block><region><rect/></region>
<text>
<par>
<line>2/3</line></par>
</text>
</block>
</page>
<page width="2479" height="3508" resolution="300">
<block><region><rect/></region>
<text>
<par>
<line>Art. 7 - Le secrétaire général de la prétécture de la Haute-Garonne, le maire de la commune visée à</line>
<line>l'article 1 et le directeur départemental des territoires de la Haute-Garonne sont chargés, chacun en ce</line>
<line>qui le concerne, de l’exécution du présent arrêté qui sera publié au recueil des actes administratifs de 1'</line>
<line>État dans le département de la Haute-Garonne.</line></par>
</text>
</block>
<block><region><rect/></region>
<text>
<par>
<line>Fait à Toulouse, le 7 FEV. Z017</line></par>
</text>
</block>
<block><region><rect/></region>
<text>
<par>
<line>Pour le préfet et par délégation,</line>
<line>le secrétaire général,</line></par>
</text>
</block>
<block><region><rect/></region>
<text>
<par>
<line>Stéphani</line></par>
</text>
</block>
<block><region><rect/></region>
<text>
<par>
<line>3/3</line></par>
</text>
</block>
</page>
<page width="2479" height="3508" resolution="300">
<block><region><rect/></region>
<text>
<par>
<line>lairtl •ig^ua • PnUtndU</line></par>
<par>
<line>RÉFUniQlJB FMNCAISE</line></par>
</text>
<text>
<par>
<line>PRÉFET DE LA HAUTE-GARONNE</line></par>
</text>
<text>
<par>
<line>Direction départementale des territoires</line></par>
<par>
<line>Service risques et gestion de crise</line></par>
</text>
</block>
<block><region><rect/></region>
<text>
<par>
<line>Arrêté portant approbation du plan de prévention des risques naturels prévisibles liés aux</line></par>
<par>
<line>inondations sur la conunune de Pibrac.</line></par>
</text>
</block>
<block><region><rect/></region>
<text>
<par>
<line>Le préfet de la région Occitanie,</line>
<line>préfet de la Haute-Garonne,</line></par>
<par>
<line>Officier de la Légion d’honneur.</line>
<line>Officier de l’ordre national du Mérite,</line></par>
</text>
</block>
<block><region><rect/></region>
<text>
<par>
<line>Vu le code de rurbanisme, notamment ses articles L126-1, A126-1, L151-43 et L153-60 ;</line></par>
<par>
<line>Vu le code de la sécurité intérieure, notamment l'article L731 -3 ;</line></par>
<par>
<line>Vu le code de l'environnement, notamment ses articles L562-4 et R562-9 ;</line></par>
<par>
<line>Vu le code de justice administrative, notamment ses articles R421-1 et suivants ;</line></par>
<par>
<line>Vu l'arrêté préfectoral du 22 décembre 2011 portant prescription d’un plan de prévention des risques</line>
<line>naturels prévisibles liés aux inondations sur la commune de Pibrac ;</line></par>
<par>
<line>Vu l'arrêté préfectoral du 22 décembre 2014 portant prolongation de l'arrêté de prescription d’im plan de</line>
<line>prévention des risques naturels liés aux inondations sur la commune de Pibrac ;</line></par>
<par>
<line>Vu l’arrêté préfectoral du 15 février 2016 portEmt ouverture d’ime enquête publique au titre du plan</line>
<line>de prévention des risques naturels prévisibles liés aux inondations sur la commune de Pibrac ;</line></par>
<par>
<line>Vu l'avis défavorable du conseil municipal de Pibrac du 13 janvier 2016 ;</line></par>
<par>
<line>Vu l'avis favorable de Toulouse Métropole du 23 décembre 2015 ;</line></par>
<par>
<line>Vu l'avis favorable du conseil départemental de la Haute-Garonne du 07 janvier 2016 ;</line></par>
<par>
<line>Vu l'avis favorable tacite du conseil régional Midi-Pyrénées ‘</line></par>
<par>
<line>Vu l'avis favorable tacite de la chambre d'agriculture de la Haute-Garonne ,</line></par>
<par>
<line>Vu l’arrêté préfectoral du 15 février 2016 portant ouverture d’une enquête publique au titre du plan</line>
<line>de prévention des risques naturels sur le bassin versant de TAussonnelle et de ses affluents ;</line></par>
<par>
<line>Vu l’arrêté préfectoral du 11 avril 2016 portant prolongation de l'enquête publique au titre du plan</line>
<line>de prévention des risques naturels sur le bassin versant de l’Aussonnelle et de ses affluents ;</line></par>
<par>
<line>Vu le rapport d’analyse, les conclusions et l’avis favorable de la commission d'enquête en date du</line>
<line>18 octobre 2016 ;</line></par>
</text>
</block>
<block><region><rect/></region>
<text>
<par>
<line>1, place Saint-Étienne-31038 TOULOUSE CEDEX 9-Tél. ; 05 34 45 34 45</line></par>
<par>
<line>httti://www.haute-earonne. eouv.fr</line></par>
</text>
</block>
<block><region><rect/></region>
<text>
<par>
<line>1/3</line></par>
</text>
</block>


</page>
<page width="2479" height="3508" resolution="300">
<block><region><rect/></region>
<text>
<par>
<line>Vu les modifications apportées au dossier pour faire droit aux réserves de la commission d'enquête ;</line></par>
</text>
<text>
<par>
<line>Vu le rapport de la direction départementale des territoires de la Haute-Garonne en date du 27</line>
<line>janvier 2017 ;</line></par>
</text>
</block>
<block><region><rect/></region>
<text>
<par>
<line>Sur proposition du secrétaire général de la préfecture de la Haute-Garonne,</line></par>
</text>
</block>
<block><region><rect/></region>
<text>
<par>
<line>Arrête :</line></par>
<par>
<line>Art. 1®'“. - Le plan de prévention des risques naturels prévisibles liés aux inondations sur la commune de</line>
<line>Pibrac est approuvé.</line></par>
<par>
<line>Art. 2 - Le plan de prévention des risques naturels prévisibles, visé à r article 1, vaut servitude</line>
<line>d’utilité publique et sera, à ce titre, annexé aux documents d'urbanisme de la commune concernée,</line>
<line>en application des dispositions de l’^cle L126-1 du code de Purbanisme.</line></par>
<par>
<line>Art. 3 - Le présent arrêté fera l’objet d’une mention, à la diligence du Préfet et à ses fi:ais, en</line>
<line>caractères apparents, dans un journal difiusé dans le département.</line></par>
<par>
<line>Cet arrêté sera, en outre, publié au recueil des actes administratifs de la préfecture de la Haute-</line>
<line>Garonne.</line></par>
<par>
<line>Une copie du présent arrêté sera publiée par voie d’affichage dans la mairie visée à l’article 1, à la</line>
<line>diligence du maire, pendant un mois au minimum.</line></par>
<par>
<line>Art. 4 - Le plan de prévention des risques, visé à l’article 1, est tenu à la disposition du public,</line>
<line>tous les jours ouvrables et aux heures habituelles d’ouverture des bureaux :</line></par>
<par>
<line>1 - dans la mairie de la commime visée à l’article 1,</line></par>
<par>
<line>2 - à la Préfecture de la Haute-Garonne.</line></par>
<par>
<line>3 - sur le site internet des services de l'État en Haute-Garonne</line></par>
<par>
<line>http ://www.haute-garonne.gouv.fr</line></par>
<par>
<line>Art. 5 - La présente décision peut faire l’objet, dmis le délai de deux mois à compter de sa</line>
<line>publication, soit d’un recours gracieux auprès du Préfet de la Haute-Gæ:onne, soit d’un recours</line>
<line>hiérarchique auprès du Ministre de l’environnement, de l'énergie et de la mer.</line></par>
<par>
<line>Il peut faire également l’objet d’un recours contentieux auprès du tribunal administratif de</line>
<line>Toulouse :</line></par>
<par>
<line>1 - soit directement, en l’absence de recours préalable, dans le délai de deux mois à compter de la</line>
<line>plus tardive des mesures de publicité prévues à l’article 3,</line></par>
<par>
<line>2 - soit à l’issue d’un recours préalable, dans les deux mois à compter de la date de notification de</line>
<line>la réponse obtenue de l’administration, ou au terme d’un silence gardé par celle-ci pendant deux</line>
<line>mois à compter de la réception de la demande.</line></par>
</text>
<text>
<par>
<line>Art. 6 - Le plan de prévention des risques naturels prévisibles entraîne obligation pour la commune</line></par>
<par>
<line>de se doter d'un plan communal de sauvegarde dans les deux années suivant son approbation.</line></par>
</text>
</block>
<block><region><rect/></region>
<text>
<par>
<line>2/3</line></par>
</text>
</block>
</page>
<page width="2515" height="3533" resolution="300">
<block><region><rect/></region>
<text>
<par>
<line>Art. 7 - Le secrétaire général de la préfecture de la Haute-Garonne, le m^e de la commune visée à</line>
<line>l'article 1 et le directeur départemental des territoires de la Haute-Garonne sont chargés, chacun en ce</line>
<line>qm le concerne, de l’exécution du présent arrêté qui sera publié au recueil des actes administratifs de 1'</line>
<line>Etat dans le département de la Haute-Garonne.</line></par>
<par>
<line>Fait à Toulouse, le 1 7 FEV. 2017 Pour le préfet et par délégation,</line></par>
<par>
<line>le secrétaire général,</line></par>
</text>
</block>
<block><region><rect/></region>
<text>
<par>
<line>Stéphi</line></par>
</text>
</block>
<block><region><rect/></region>
<text>
<par>
<line>D</line></par>
</text>
</block>
<block><region><rect/></region>
<text>
<par>
<line>IN</line></par>
</text>
</block>
<block><region><rect/></region>
<text>
<par>
<line>3/3</line></par>
</text>
</block>
</page>
<page width="2479" height="3508" resolution="300">
<block><region><rect/><rect/></region>
<text>
<par>
<line>tlhrtf » ÉgalU • Pmtraüé</line></par>
<par>
<line>lÉFumiQiJB Française</line></par>
</text>
</block>
<block><region><rect/></region>
<text>
<par>
<line>PRÉFET DE LA HAUTE-GARONNE</line></par>
<par>
<line>Direction départementale des territoires</line>
<line>Service risques et gestion de crise</line></par>
</text>
</block>
<block><region><rect/></region>
<text>
<par>
<line>Arrêté portant approbation du plan de prévention des risques naturels prévisibles liés aux</line></par>
<par>
<line>inondations sur la commune de Saint-Thomas.</line></par>
</text>
</block>
<block><region><rect/></region>
<text>
<par>
<line>Le préfet de la région Occitanie,</line>
<line>préfet de la Haute-Garonne,</line></par>
<par>
<line>Officier de la Légion d’honneur,</line>
<line>Officier de l’ordre national du Mérite,</line></par>
</text>
</block>
<block><region><rect/></region>
<text>
<par>
<line>Vu le code de Furbanisme, notamment ses articles L126-1, A126-1, L151-43 etL153-60 ;</line></par>
<par>
<line>Vu le code de la sécurité intérieure, notamment l'article L731 -3 ;</line></par>
<par>
<line>Vu le code de l'environnement, notamment ses articles L562-4 et R562-9 ;</line></par>
<par>
<line>Vu le code de justice administrative, notamment ses articles R421-1 et suivants ;</line></par>
<par>
<line>Vu l'arrêté préfectoral du 22 décembre 2011 portant prescription d’un plan de prévention des risques</line>
<line>naturels prévisibles liés aux inondations sur la commune de Saint-Thomas ;</line></par>
<par>
<line>Vu l'arrêté préfectoral du 22 décembre 2014 portant prolongation de l'arrêté de prescription d’im plan de</line>
<line>prévention des risques naturels liés aux inondations sur la commune de Saint-Thomas ;</line></par>
<par>
<line>Vu l’arrêté préfectoral du 15 février 2016 portant ouverture d’une enquête publique au titre du plan</line>
<line>de prévention des risques naturels prévisibles liés aux inondations sur la conunune de Saint-Thomas ;</line></par>
<par>
<line>Vu l'avis favorable tacite du conseil municipal de Saint-Thomas ;</line></par>
<par>
<line>Vu l'avis favorable tacite de la communauté des Communes Rurales des Coteaux du Savés et de</line>
<line>l'Aussonnelle ;</line></par>
<par>
<line>Vu l'avis favorable du conseil départemental de la Haute-Garonne du 07 janvier 2016 ;</line></par>
<par>
<line>Vu l'avis favorable tacite du conseil régional Midi-Pyrénées ;</line></par>
<par>
<line>Vu l'avis favorable tacite de la chambre d'agriculture de la Haute-Garonne ;</line></par>
<par>
<line>Vu l’arrêté préfectoral du 15 février 2016 portant ouverture d’une enquête publique au titre du plan</line>
<line>de prévention des risques naturels sur le bEissin versant de l’Aussonnelle et de ses affluents ;</line></par>
<par>
<line>Vu l’arrêté préfectoral du 11 avril 2016 portant prolongation de l'enquête publique au titre du plan</line>
<line>de prévention des risques naturels sur le bassin versant de l’Aussonnelle et de ses affluents ;</line></par>
<par>
<line>Vu le rapport d’analyse, les conclusions et l’avis favorable de la commission d'enquête en date du</line></par>
</text>
</block>
<block><region><rect/></region>
<text>
<par>
<line>1, place Saint-Étienne - 31038 TOULOUSE CEDEX 9 - Tél. : 05 34 45 34 45</line>
<line>httD://www.haute-garonne. gouv.fr</line></par>
</text>
</block>
<block><region><rect/></region>
<text>
<par>
<line>1/3</line></par>
</text>
</block>


</page>
<page width="2479" height="3508" resolution="300">
<block><region><rect/></region>
<text>
<par>
<line>18 octobre 2016 ;</line></par>
</text>
</block>
<block><region><rect/></region>
<text>
<par>
<line>Vu les modifications apportées au dossier pour faire droit aux réserves de la commission d’enquête ;</line></par>
<par>
<line>Vu le rapport de la direction départementale des territoires de la Haute-Garonne en date du 27</line>
<line>janvier 2017 ;</line></par>
<par>
<line>Sur proposition du secrétaire général de la préfecture de la Haute-Garonne,</line></par>
</text>
</block>
<block><region><rect/></region>
<text>
<par>
<line>Arrête :</line></par>
<par>
<line>Art. 1". - Le plan de prévention des risques naturels prévisibles liés aux inondations sur la commune de</line>
<line>Saint-Thomas est approuvé.</line></par>
<par>
<line>Art. 2 - Le plrni de prévention des risques naturels prévisibles, visé à l’article 1, vaut servitude</line>
<line>d’utilité publique et sera, à ce titre, annexé aux documents d'urbanisme de la commune concernée,</line>
<line>en application des dispositions de l’article L126-1 du code de Turbanisme.</line></par>
<par>
<line>Art. 3 - Le présent arrêté fera l’objet d’une mention, à la diligence du Préfet et à ses frais, en</line>
<line>caractères apparents, dans un journal diffusé dans le département.</line></par>
<par>
<line>Cet arrêté sera, en outre, publié au recueil des actes administratifs de la préfecture de la Haute-</line>
<line>Garonne.</line></par>
<par>
<line>Une copie du présent arrêté sera publiée par voie d’affichage dans la mairie visée à l’article 1, à la</line>
<line>diligence du maire, pendant un mois au minimum.</line></par>
<par>
<line>Art. 4 ~ Le plan de prévention des risques, visé à l’article 1, est tenu à la disposition du public,</line>
<line>tous les jours ouvrables et aux heures habituelles d’ouverture des bureaux :</line></par>
<par>
<line>1 - dans la mairie de la commune visée à Tmticle 1,</line></par>
<par>
<line>2 - à la Préfecture de la Haute-Garoime.</line></par>
<par>
<line>3 - SUT le site internet des services de l'État en Haute-Garonne</line></par>
<par>
<line>http ://www.haute-garoime.gouv.fr</line></par>
<par>
<line>Art. 5 - La présente décision peut faire l’objet, dans le délai de deux mois à compter de sa</line>
<line>publication, soit d’un recours gracieux auprès du Préfet de la Haute-Garonne, soit d’un recours</line>
<line>hiérarchique auprès du Ministre de l’environnement, de l'énergie et de la mer.</line></par>
<par>
<line>Il peut faire également l’objet d’un recours contentieux auprès du tribunal administratif de</line>
<line>Toulouse :</line></par>
<par>
<line>1 - soit directement, en l’absence de recours préalable, dans le délai de deux mois à compter de la</line>
<line>plus tardive des mesures de publicité prévues à l’article 3,</line></par>
<par>
<line>2 - soit à l’issue d’un recours préalable, dans les deux mois à compter de la date de notification de</line>
<line>la réponse obtenue de l’administration, ou au terme d’un silence gardé par celle-ci pendant deux</line>
<line>mois à compter de la réception de la demande.</line></par>
<par>
<line>Art. 6 - Le plan de prévention des risques naturels prévisibles entraîne obligation pour la commune</line>
<line>de se doter d’un plan communal de sauvegarde dans les deux années suivant son approbation.</line></par>
</text>
</block>
<block><region><rect/></region>
<text>
<par>
<line>2/3</line></par>
</text>
</block>
</page>
<page width="2479" height="3508" resolution="300">
<block><region><rect/></region>
<text>
<par>
<line>Alt. 7 - Le secrétaire général de la prétècture de la Haute-Garonne, le maire de la commune visée à</line>
<line>l'article 1 et le directeur départemental des territoires de la Haute-Garonne sont chargés, chacun en ce</line>
<line>qui le concerne, de l’exécution du présent arrêté qui sera publié au recueil des actes administratifs de 1'</line>
<line>État dans le département de la Haute-Garoime.</line></par>
</text>
</block>
<block><region><rect/></region>
<text>
<par>
<line>Fait à Toulouse, le</line></par>
</text>
</block>
<block><region><rect/></region>
<text>
<par>
<line>1 7 FEV. 2017</line></par>
</text>
</block>
<block><region><rect/></region>
<text>
<par>
<line>Pour le préfet et par délégation,</line>
<line>le secrétaire général.</line></par>
</text>
</block>
</page>
</PM1>