<?xml version="1.0" encoding="UTF-8"?><PM1>
<page width="1662" height="2340" resolution="200">
<block><region><rect/></region>
<text>
<par>
<line>Plau de Pré', enrion de&gt;&gt; Risgucs Inondation - Garonne ,4nionî</line>
<line>C'oinmune ü‘’ RoejUeo.es</line></par>
</text>
</block>
<block><region><rect/></region>
<text>
<par>
<line>Page 13</line></par>
</text>
</block>
<block><region><rect/></region>
<text>
<par>
<line>Wdci 2 - Note cominunale</line></par>
</text>
</block>
<block><region><rect/></region>
<text>
<par>
<line>RÈPU3L['Qlj'5FRANÇ.USB</line></par>
</text>
</block>
<block><region><rect/></region>
<text>
<par>
<line>PRÉFECTURE DE LA RÉGION NÜDI-PYRÉNÉES</line>
<line>PRÉFECTü'ERE D£ LA HAUTE-GARONNE</line></par>
</text>
</block>
<block><region><rect/></region>
<text>
<par>
<line>ARRETE PREFECTORAL</line></par>
</text>
</block>
<block><region><rect/></region>
<text>
<par>
<line>portanL approbation du</line></par>
<par>
<line>Plan de Prévention des Risques naturels prévisibles</line>
<line>pour la commune de ROQUETTES</line></par>
</text>
</block>
<block><region><rect/></region>
<text>
<par>
<line>2 0 0 3 - P R E F . * 3 1 / Q Q 0 1 7 (P</line></par>
<par>
<line>LE PREFET DE LA REGION MIDI - PYRENEES,</line>
<line>PREFET DE LA HAUTE - GARONNE</line>
<line>Officier de la Légion d'Honneur,</line></par>
</text>
</block>
<block><region><rect/></region>
<text>
<par>
<line>VTj le code général des collectivités territoriales,</line></par>
<par>
<line>VU le codé de ['urbanisme</line></par>
<par>
<line>VU la loi n® 87 - 5d5 du 22 juillet 1987, relative à rorganisatioii de la sécurité civile, à la</line>
<line>protection de !a foret contre l’incendie et à ia prévention des risques majeurs, modifiée</line>
<line>par ia loi n® 95 - 101 du 2 février 1995 relative au renfbrcêment de la protection de</line>
<line>l’environnement et notamment le titre 11,</line></par>
<par>
<line>VU le décret n’^ 95 ■“ i089 du 5 octobre 1995 relatif aux pians de prévention des risques</line>
<line>naturels prévisibles,</line></par>
<par>
<line>VTJ [’arrùté préfcclorâl en date du 26 Janvier 20OL prêscrivanl rétablissement d’un Plan de</line>
<line>Prévention des Risques naturels prévisibles pour la commune de ROQUETTES,</line></par>
<par>
<line>VU PaiTété préfectoral en daté du 10 janvier 2003 inscrivant l’ouverture d’une enquête</line>
<line>publique sur le projet de Plan de Prévention des Risques naturels pour la commune de</line>
<line>ROQUETTES,</line></par>
<par>
<line>V'U la délibération, du 7 mars 2003 du Conseil Municipal de la commune de ROQUETTES</line>
<line>sur le projet de Plan de Prévention des Risques naturels prévisibles,</line></par>
<par>
<line>VU l’avis de la Chambre d'AgricuIture de la Haute -- Garonne sur le projet de. Plan de</line>
<line>Préveniiùrt des Risques naturels prévisibles,</line></par>
<par>
<line>VU le rapport établi ie 2S mars 2003 par Madame Michèle GARRIGUES,</line></par>
<par>
<line>Commissaire Enquêteur, après l'enquête publique à laquelle il a été procédé du</line></par>
<par>
<line>3 février au 2S février 2003.</line></par>
<par>
<line>Sur la proposition du Sous-Préfet, Directeur de Cabinet du Préfet de la Région</line></par>
<par>
<line>iVIidi- Pyrénées, Préfet de la Haute -•* Garonne.</line></par>
</text>
</block>
<block><region><rect/></region>
<text>
<par>
<line>Direction Départementale de l’Equipement de</line></par>
<par>
<line>Haute Garonne</line></par>
</text>
</block>
<block><region><rect/></region>
<text>
<par>
<line>C.E.T.E, du Sud Ouest / Laboratoire Régionaux des Ponts et</line>
<line>Chaussées de Bordeaux et Toulouse</line></par>
</text>
</block>













</page>
<page width="1656" height="2336" resolution="200">
<block><region><rect/></region>
<text>
<par>
<line>Piaa de Prc\canon des Risqises Inondafion - Garonne Amont</line>
<line>C.ümivuine de Roquettes</line></par>
</text>
</block>
<block><region><rect/></region>
<text>
<par>
<line>Page 14</line></par>
<par>
<line>Voler 2 - Note eoinn'unaie</line></par>
</text>
</block>
<block><region><rect/></region>
<text>
<par>
<line>ARRETE</line></par>
</text>
</block>
<block><region><rect/></region>
<text>
<par>
<line>Art'iele 1*^'’: Le Plan de Prévention des Risques naturels prévisibles d’inondations et</line>
<line>mouvements de terrains pour la commune do ROQUETTES, anncKé au présent</line>
<line>arrêté, est approuvé.</line></par>
</text>
</block>
<block><region><rect/></region>
<text>
<par>
<line>Article 2 ; Le Plan de Prévention des Risques riaiuroU prévisibles, visé à Parlicle l, vaut</line>
<line>servitude d’utilité publique et sera, à ce titre, annexé att Plan d'Occupation des</line>
<line>Sols de la commune de ROQUETTES en application des dispositions de i’aiticle</line>
<line>L - 126 - I du code de l’urbanisme.</line></par>
</text>
</block>
<block><region><rect/></region>
<text>
<par>
<line>■Article 3 : Le présent arrêté fera Tobjet d’une mention, à la diligence dn préfet et à scs frais,</line>
<line>en caractères apparents, dans deux journaux régionaux ou locaux diffusés dans le</line>
<line>departement</line></par>
</text>
</block>
<block><region><rect/></region>
<text>
<par>
<line>A.rtlcle.4 : Une copte du présent arrêté sera publiée par voie d’affichage en mairie de</line>
<line>ROQUETTES à la diligetice du maire, pendant un mois au minimum.</line></par>
</text>
</block>
<block><region><rect/></region>
<text>
<par>
<line>Article 5 : Le Flan de Prévention des Risques naturels prévisibles, visé à l’arücle 1, est tenu</line>
<line>à la disposition du public, tous Ie.s jours ouvrables et aux heures habituelle</line>
<line>d'ouverture des bureaux :</line></par>
</text>
</block>
<block><region><rect/></region>
<text>
<par>
<line>1 â la mairie de ROQUETrESl</line></par>
<par>
<line>2 - à la Sûus - Préfecture tic'Muret,</line></par>
<par>
<line>3 - à la Préfecture de îa Haute - Garonne.</line></par>
</text>
</block>
<block><region><rect/></region>
<text>
<par>
<line>Article 6 ; Le Secrétaire Général de la Préfecture, !e Sous - Préfet de Muret, le ituiirû de la</line>
<line>commune de ROQUETTES, le Direcîetir Départemental de LEquipement, le</line>
<line>Directeur Départemental de l'AgidcuIture et de la Poréi sont chargés, chacun en oc</line>
<line>qui le cûncerne, de Texécution du présent anété qui sera publié au recueil des actes</line>
<line>administrants de l'Etat dans le dépaïtemenr.</line></par>
<par>
<line>Fait à Toulouse le 03 DÉC 2QG,E</line></par>
</text>
</block>
<block><region><rect/></region>
<text>
<par>
<line>Le Pretet,</line></par>
</text>
</block>
<block><region><rect/></region>
<text>
<par/>
</text>
</block>
<block><region><rect/></region>
<text>
<par>
<line>Jerifr DAUBIC</line></par>
</text>
</block>
<block><region><rect/></region>
<text>
<par>
<line>Direction Départementale de l’Equipement de</line></par>
<par>
<line>Haute Garonne</line></par>
</text>
</block>
<block><region><rect/></region>
<text>
<par>
<line>C.E.T.E. du Sud Ouest / Laboratoire Régionaux des Ponts et</line>
<line>Chaussées de Bordeaux et Toulouse</line></par>
</text>
</block>















</page>
</PM1>