<?xml version="1.0" encoding="UTF-8"?><PM1>
<page width="1656" height="2336" resolution="200">
<block><region><rect/></region>
<text>
<par>
<line>Liberté • Egalité • Fraternité</line></par>
<par>
<line>RÉPUBLiauE Française</line></par>
</text>
</block>
<block><region><rect/></region>
<text>
<par>
<line>PRÉFET DE LA HAUTE-GARONNE</line></par>
</text>
</block>
<block><region><rect/></region>
<text>
<par>
<line>ARRETE PREFECTORAL</line></par>
</text>
</block>
<block><region><rect/></region>
<text>
<par>
<line>portant approbation du</line></par>
<par>
<line>Plan de Prévention des Risques naturels prévisibles de mouvements différentiels de terrain consécutifs</line>
<line>au phénomène de retrait-gonflement des sols argileux pour la commune de LAPEYRERE</line></par>
</text>
</block>
<block><region><rect/></region>
<text>
<par>
<line>LE PREFET DE LA REGION MIDI-PYRENEES,</line>
<line>PREFET DE LA HAUTE-GARONNE,</line></par>
<par>
<line>OFFICIER DE LA LEGION D'HONNEUR,</line>
<line>OFFICIER DE L'ORDRE NATIONAL DU MERITE,</line></par>
</text>
</block>
<block><region><rect/></region>
<text>
<par>
<line>Vu le code général des collectivités territoriales,</line></par>
<par>
<line>Vu le code de l'urbanisme.</line></par>
<par>
<line>Vu le code de l'environnement,</line></par>
<par>
<line>Vu la loi n° 2004-811 du 13 août 2004, relative à la modernisation de la sécurité civile.</line></par>
<par>
<line>Vu la loi n° 95-101 du 2 février 1995 modifiée relative au renforcement de la protection de</line>
<line>l'environnement,</line></par>
<par>
<line>Vu le décret modifié n° 95-1089 du 5 octobre 1995 relatif aux plans de prévention des risques</line>
<line>naturels prévisibles,</line></par>
<par>
<line>Vu l’arrêté préfectoral en date du 28 juin 2004 prescrivant l’établissement d’un Plan de Prévention</line>
<line>des Risques naturels prévisibles de mouvements différentiels de teiTain consécutifs au</line>
<line>phénomène de retrait-gonflement des sols argileux pour la commune de LAPEYRERE,</line></par>
<par>
<line>Vu l’arrêté préfectoral en date du 24 août 2010, prescrivant l’ouverture d’une enquête publique du</line>
<line>18 octobre 2010 au 19 novembre 2010 sur le projet de Plan de Prévention des Risques naturels</line>
<line>prévisibles de mouvements différentiels de terrain consécutifs au phénomène de retrait-</line>
<line>gonflement des sols argileux pour la commune de LAPEYRERE,</line></par>
<par>
<line>Vu l’avis réputé favorable du conseil municipal de la commune de LAPEYRERE,</line></par>
<par>
<line>Vu les rapports et conclusions de la Commission d’Enquête en date du 16 décembre 2010,</line></par>
<par>
<line>Vu les modifications apportées au dossier pour faire droit aux observations de la Coimnission</line>
<line>d’Enquête,</line></par>
<par>
<line>Vu 1’ avis du directeur départemental des territoires en date du 21 décembre 2010,</line></par>
</text>
</block>
<block><region><rect/></region>
<text>
<par>
<line>Sur proposition du Secrétaire Général de la préfecture de la Haute-Garonne,</line></par>
</text>
</block>
<block><region><rect/></region>
<text>
<par/>
</text>
</block>
<block><region><rect/></region>
<text>
<par>
<line>Cité administifitive - 2 bd Armand Duportal - BP 70001 - 31074 Toulouse cedcx9 - Tel. ; 05 61 58 51 00</line></par>
<par>
<line>http://www.haiilc-gaionne,gouv,fr</line></par>
</text>
</block>





</page>
<page width="1656" height="2336" resolution="200">
<block><region><rect/></region>
<text>
<par>
<line>ARRETE</line></par>
</text>
</block>
<block><region><rect/></region>
<text>
<par>
<line>Article r*':</line></par>
<par>
<line>Est approuvé le Plan de Prévention des Risques naturels prévisibles de mouvements différentiels de</line>
<line>terrain consécutifs au phénomène de retrait-gonflement des sols argileux pour la commune de</line>
<line>LAPEYRERE, qui comprend les documents suivants :</line></par>
<par>
<line>le rapport de présentation incluant l’analyse des aléas,</line></par>
<par>
<line>le règlement,</line></par>
<par>
<line>la cartographie de zonage réglementaire,</line>
<line>annexés au présent arrêté.</line></par>
</text>
</block>
<block><region><rect/></region>
<text>
<par>
<line>Article 2 :</line></par>
<par>
<line>Le Plan de Prévention des Risques naturels prévisibles, visé à l’article vaut servitude d’utilité</line>
<line>publique et sera, à ce titre, annexé au document d'urbanisme de la commune de LAPEYRERE en</line>
<line>application des dispositions de l’article L 126 - 1 du code de l’urbanisme.</line></par>
</text>
</block>
<block><region><rect/></region>
<text>
<par>
<line>Article 3 :</line></par>
<par>
<line>Le présent arrêté sera publié, par le maire de LAPEYRERE, par voie d’affichage, pendant un mois</line>
<line>minimum à la mairie de LAPEYRERE ainsi qu’au siège des établissements publics de coopération</line>
<line>intercommunale concernés en tout ou partie par le PPRN,</line></par>
<par>
<line>Mention de cet affichage est insérée, par les soins du Préfet, dans un journal difhasé dans le</line>
<line>département,</line></par>
<par>
<line>Cet arrêté est publié au recueil des actes administratifs de l’Etat dans le département.</line></par>
</text>
</block>
<block><region><rect/></region>
<text>
<par>
<line>Article 4 :</line></par>
<par>
<line>La copie du présent arrêté sera adressée :</line></par>
<par>
<line>- au maire de LAPEYRERE,</line></par>
<par>
<line>- au sous-préfet de MURET,</line></par>
<par>
<line>au directeur départemental des territoires de la Haute-Garonne.</line></par>
<par>
<line>Article 5 ;</line></par>
<par>
<line>Le Plan de Prévention des Risques naturels prévisibles, visé à l’article 1®', est tenu à la disposition</line>
<line>du public, tous les jours ouvrables et aux heures habituelles d’ouverture des bureaux :</line></par>
<par>
<line>1 - à la mairie de LAPEYRERE,</line></par>
<par>
<line>2 - à la préfecture de la Haute - Garonne,</line></par>
<par>
<line>3 ~ à la sous-préfecture de MURET,</line></par>
<par>
<line>4 - à la direction départementale des territoires de la Haute-Garonne.</line></par>
</text>
</block>
<block><region><rect/></region>
<text>
<par>
<line>Cité admiiiislrative - 2 bd Annaiid Duportal- BP 70001 -31074 Toulouse cedex9 -Tél, ; 05 61 58 51 00</line></par>
<par>
<line>http;//www.liaiite-gai'onne.gouv.fr</line></par>
</text>
</block>











</page>
<page width="1656" height="2336" resolution="200">
<block><region><rect/></region>
<text>
<par>
<line>Article 6 :</line></par>
</text>
</block>
<block><region><rect/></region>
<text>
<par>
<line>La présente décision peut faire l’objet, dans le délai de deux mois à compter de sa notification, soit</line>
<line>d’un recours gracieux auprès du Préfet de la Haute-Garonne, soit d’un recours hiérarchique auprès</line>
<line>du Ministre de l’Écologie, du Développement durable, des transports et du logement.</line></par>
</text>
</block>
<block><region><rect/></region>
<text>
<par>
<line>Il peut faire également l’objet d’un recours contentieux auprès du Tribunal administratif de</line>
<line>Toulouse soit :</line></par>
<par>
<line>1 - directement, en l’absence de recours préalable, dans le délai de deux mois à compter</line>
<line>de sa notification ou de sa publication, conformément aux dispositions de l’article R421-1 du</line>
<line>code de justice administraitve,</line></par>
<par>
<line>2 - à l’issue d’un recours préalable, dans les deux mois à compter de la date de</line>
<line>notification de la réponse obtenue de l’administration, ou au terme d’un silence gardé par celle-ci</line>
<line>pendant deux mois à compter de la réception de la demande.</line></par>
</text>
</block>
<block><region><rect/></region>
<text>
<par>
<line>Article 7 :</line></par>
<par>
<line>Le secrétaire général de la Préfecture de la Haute-Garonne, le sous-préfet de MURET, le maire de la</line>
<line>commune de LAPEYRERE, le directeur départemental des territoires, sont chargés, chacun en ce</line>
<line>qui le concerne, de l’exécution du présent arrêté.</line></par>
</text>
</block>
<block><region><rect/><rect/></region>
<text>
<par>
<line>TouW,le 1 9 JAM. 2011</line></par>
</text>
</block>
<block><region><rect/><rect/></region>
<text>
<par>
<line>Pour</line>
<line>teSous-Prüi(;î,Di(«</line></par>
</text>
</block>
<block><region><rect/></region>
<text>
<par>
<line>rêfef</line></par>
</text>
</block>
<block><region><rect/></region>
<text>
<par>
<line>abîn()t</line></par>
</text>
</block>
<block><region><rect/></region>
<text>
<par>
<line>Màl/nce BÂRATS</line></par>
</text>
</block>
<block><region><rect/></region>
<text>
<par>
<line>Cité administrative-2 bd Annaiid Diiportal - BP 70001 - 31074 Toulouse cedex 9 - Tel. : 05 61 58 51 00</line></par>
<par>
<line>http://www.liaute-gai'onne.goiiv.rr</line></par>
</text>
</block>









</page>
</PM1>