<?xml version="1.0" encoding="UTF-8"?><PM1>
<page width="1673" height="2348" resolution="200">
<block><region><rect/></region>
<text>
<par>
<line>Liberté • Egalité • Fraleriilté</line></par>
<par>
<line>RÉPUBLIQUE Française</line></par>
</text>
</block>
<block><region><rect/></region>
<text>
<par>
<line>PRÉFET DE LA HAUTE-GARONNE</line></par>
</text>
</block>
<block><region><rect/></region>
<text>
<par>
<line>Direction départementale des territoires</line>
<line>Service risques et gestion de crise</line></par>
</text>
</block>
<block><region><rect/></region>
<text>
<par>
<line>Toulouse, le</line></par>
</text>
</block>
<block><region><rect/></region>
<text>
<par>
<line>Arrêté portant approbation du plan de prévention des risques naturels prévisibles liés aux</line>
<line>inondations et au mouvement de terrain pour la commune de CINTEGABELLE.</line></par>
</text>
</block>
<block><region><rect/></region>
<text>
<par>
<line>LE PREFET DE LA REGION MIDI-PYRENEES,</line></par>
<par>
<line>PREFET DE LA HAUTE-GARONNE,</line></par>
<par>
<line>CHEVALIER DE LA LEGION D’HONNEUR,</line></par>
<par>
<line>OFFICIER DE L’ORDRE NATIONAL DU MERITE</line></par>
<par>
<line>VU le Code général des collectivités territoriales ;</line></par>
<par>
<line>VU le Code de TUrbanisme ;</line></par>
<par>
<line>VU le Code de rEnvironnement ;</line></par>
<par>
<line>VU la loi n° 2004-811 du 13 août 2004 de modernisation de la sécurité civile ;</line></par>
<par>
<line>VU la loi n° 95-101 du 2 février 1995 modifiée relative au renforcement de la protection de</line>
<line>renvironnement ;</line></par>
<par>
<line>VU le décret n° 95-1089 du 5 octobre 1995 relatif aux plans de prévention des risques naturels</line>
<line>prévisibles ; modifié par décret n°2005-3 du 4 janvier 2005 ;</line></par>
<par>
<line>VU les arrêtés préfectoraux en date du 11 mars 2004 et du 23 juillet 2004 prescrivant</line>
<line>rétablissement d’un Plan de Prévention des Risques naturels prévisibles respectivement</line>
<line>d’inondation et de mouvements de terrain pour la commune de CINTEGABELLE ;</line></par>
<par>
<line>VU l’arrêté préfectoral en date du 4 mai 2011, prescrivant l’ouverture d’une enquête publique du 18</line>
<line>juin au 19 juillet 2011 sur le projet de Plan de Prévention des Risques naturels prévisibles</line>
<line>d’inondation pour la commune de CINTEGABELLE ;</line></par>
<par>
<line>VU l’avis favorable du conseil municipal de la commune de CINTEGABELLE en date du 28 avril</line>
<line>2011; .</line></par>
<par>
<line>VU l’avis réputé favorable de la chambre d’agriculture de la Haute-Garomie ;</line></par>
<par>
<line>VU les rapports et conclusions du commissaire enquêteur en date du 15 septembre 2011 ;</line></par>
<par>
<line>VU les modifications apportées au dossier pour faire droit aux observations du commissaire</line>
<line>enquêteur ;</line></par>
<par>
<line>SUR proposition du Directeur Départementale des Territoires de la Haute-Garomie ;</line></par>
</text>
</block>
<block><region><rect/></region>
<text>
<par>
<line>1</line></par>
</text>
</block>

</page>
<page width="1666" height="2343" resolution="200">
<block><region><rect/></region>
<text>
<par>
<line>A R R E T E</line></par>
</text>
</block>
<block><region><rect/></region>
<text>
<par>
<line>ARTICLE 1^*^ - Le plan de prévention des risques naturels prévisibles d’inondation et de</line>
<line>mouvements de teiTain pour la commune de CINTEGABELLE amiexé au présent arrêté, est</line>
<line>approuvé.</line></par>
<par>
<line>ARTICLE 2 - Le plan de prévention des risques naturels prévisibles, visé à l’article 1er, vaut</line>
<line>servitude d’utilité publique et sera, à ce titre, annexé au document d’urbanisme de la commune de</line>
<line>CINTEGABELLE en application des dispositions de l’article L 562-4 - 1 du code de</line>
<line>l’environnement, et selon la procédure énoncée dans l'article R126--2 du code de Turbanisme.</line></par>
<par>
<line>ARTICLE 3 - Le présent arrêté sera publié, par le maire de CINTEGABELLE, par voie</line>
<line>d’affichage, pendant un mois minimum à la mairie de CINTEGABELLE ainsi qu’au siège des</line>
<line>établissements publics de coopération intercommunale concernés en tout ou partie par le PPRN,</line></par>
<par>
<line>Mention de cet affichage est insérée, par les soins du Préfet, dans un journal diffusé dans le</line>
<line>département,</line></par>
<par>
<line>ARTICLE 4 - Le plan de prévention des risques naturels prévisibles, visé à l’article est tenu à</line>
<line>la disposition du public, tous les jours ouvrables et aux heures habituelles d’ouverture des bureaux :</line></par>
<par>
<line>1 - à la mairie de CINTEGABELLE,</line></par>
<par>
<line>2 - à la préfecture de la Haute - Garonne, au service intenninistériel régional des affaires</line>
<line>civiles et économiques de défense et de protection civile,</line></par>
<par>
<line>3 - à la direction départementale des territoires de la Haute-Garonne, au service risques et</line>
<line>gestion de crise.</line></par>
<par>
<line>ARTICLE 5 - Le présent arrêté peut faire l’objet d’un recours contentieux auprès du Tribunal</line>
<line>administratif de Toulouse, dans un délai de deux mois à compter de sa publication, conformément</line>
<line>aux dispositions de l’article R421-1 du code de justice administrative.</line></par>
<par>
<line>ARTICLE 6 - Le secrétaire général de la Préfecture de la Haute-Garonne, le maire de la commune</line>
<line>de CINTEGABELLE, le directeur départemental des territoires, sont chargés, chacun en ce qui le</line>
<line>concerne, de l’exécution du présent arrêté qui sera publié au recueil des actes administratifs de la</line>
<line>préfecture de la haute-garonne.</line></par>
</text>
</block>
<block><region><rect/></region>
<text>
<par>
<line>LE PREFET</line></par>
</text>
</block>
<block><region><rect/></region>
<text>
<par>
<line>2</line></par>
</text>
</block>








</page>
</PM1>