<?xml version="1.0" encoding="UTF-8"?><PM1>
<page width="1686" height="2357" resolution="200">
<block><region><rect/></region>
<text>
<par>
<line>ARRETE PREFECTORAL</line></par>
</text>
</block>
<block><region><rect/></region>
<text>
<par>
<line>portant approbation du</line></par>
<par>
<line>Plan de Prévention des Risques Naturels prévisibles</line>
<line>pour la commune de SALIES-DU~SALAT</line></par>
</text>
</block>
<block><region><rect/></region>
<text>
<par>
<line>LE PREFET DE LA REGION MIDI - PYRENEES,</line>
<line>PREFET DE LA HAUTE - GARONNE</line>
<line>Officier de la Légion d’Honneur,</line></par>
</text>
</block>
<block><region><rect/></region>
<text>
<par>
<line>VU le code général des collectivités territoriales,</line></par>
<par>
<line>VU le code de Purbanisme,</line></par>
<par>
<line>VU le code de l'environnement,</line></par>
<par>
<line>VU la loi n"" 2004-811 du 13 août 2004, relative à la modernisation de la sécurité civile,</line></par>
<par>
<line>VU le décret n° 95 - 1089 du 5 octobre 1995 relatif aux plans de prévention des risques naturels</line>
<line>prévisibles,</line></par>
<par>
<line>VU l’arrêté préfectoral en date du 23 mars 2001, prescrivant l’établissement d’un plan de</line>
<line>prévention des risques naturels prévisibles pour la commune de SALIES-DU-SALAT,</line></par>
<par>
<line>VU la réunion préparatoire qui s’est tenue le 1®’’ octobre 2002,</line></par>
<par>
<line>VU la délibération en date du 28 novembre 2003 du conseil municipal de SALÎES-DU-SALAT</line>
<line>relative au projet de plan de prévention des risques naturels prévisibles,</line></par>
<par>
<line>VU 1’ avis de la Direction Départemental de l’Équipement (Service Eau et Environnement) en date</line>
<line>du 20 octobre 2004,</line></par>
<par>
<line>VU lé courrier du maire de SALIES-DU-SALAT en date du 27 septembre 2004 relatif au projet de</line>
<line>prévention des risques naturels prévisibles,</line></par>
<par>
<line>VU la réunion préparatoire qui s’est tenue le 26 octobre 2004,</line></par>
<par>
<line>VU le courrier en date du 2 novembre 2005 du Sous-Préfet de Saint-Gaudens adressé au maire de</line>
<line>SALIES-DU-SALAT,</line></par>
<par>
<line>VU le courrier en date du 11 janvier 2005 du Service de Restauration des Terrains de Montagne</line>
<line>adressé au maire de SALIES-DU-SALAT,</line></par>
<par>
<line>VU la réunion préparatoire qui s’est tenue le 2 février 2005,</line></par>
<par>
<line>VU l’arrêté préfectoral en date du 2 mai 2005, prescrivant l’ouverture d’une enquête publique du 30</line>
<line>mai 2005 au 30 juin 2005 sur le projet de Plan de Prévention des Risques naturels pour la</line>
<line>commune de SALIES-DU-SALAT,</line></par>
<par>
<line>VU l'avis du 26 mai 2005 émis par le Centre Régional de la Propriété Forestière sur le projet de</line>
<line>plan de prévention des risques naturels prévisibles,</line></par>
</text>
</block>




</page>
<page width="1695" height="2363" resolution="200">
<block><region><rect/></region>
<text orientation="RotatedClockwise">
<par>
<line>'îiin</line></par>
</text>
</block>
<block><region><rect/></region>
<text>
<par>
<line>VU l'avis en date du 16 juin 2005, émis par la chambre d'agriculture de la Haute-Garonne sur le</line>
<line>projet de plan de prévention des risques naturels prévisibles, - ^</line></par>
<par>
<line>VU la délibération en date du 17 juin 2005 du Conseil Municipal de la commune de SALIES-DU-</line>
<line>SALAT relative au projet de plan de prévention des risques naturels prévisibles,</line></par>
<par>
<line>VU le rapport et la conclusion avec avis favorable, faisant suite à l’enquête publique, en date du</line>
<line>août 2005 par Monsieur Nicolas DELAYE, Commissaire-Enquêteur,</line></par>
<par>
<line>VU la réunion de concertation qui s’est tenue le 5 septembre 2005,</line></par>
<par>
<line>SUR proposition du Sous-Préfet, Directeur de Cabinet du Préfet de la Région Midi-Pyrénées,</line>
<line>Préfet de la Haute-Garonne,</line></par>
</text>
</block>
<block><region><rect/></region>
<text>
<par>
<line>ARRETE</line></par>
</text>
</block>
<block><region><rect/></region>
<text>
<par>
<line>Article : Le plan de prévention des risques naturels prévisibles pour la commune de SALIES-</line>
<line>DU-SALAT, annexé au présent arrêté, est approuvé.</line></par>
<par>
<line>Article 2 : Le plan de prévention des risques naturels prévisibles, visé à l’article 1, vaut servitude</line>
<line>d’utilité publique et sera, à ce titre, annexé au Plan d’Occupation des Sols de la</line>
<line>commune de SALIES-DU-SALAT, en application des dispositions de l’article L 126-</line>
<line>1 du code de l’urbanisme.</line></par>
<par>
<line>Article 3 : Le présent arrêté fera l’objet d’une mention, à la diligence du préfet et à ses frais, en</line>
<line>caractères apparents, dans deux journaux régionaux ou locaux diffusés dans le</line>
<line>département.</line></par>
<par>
<line>Article 4 : Une copie du présent arrêté sera publiée par voie d’affichage en mairie de SALIES-DU-</line>
<line>SALAT à la diligence du maire, pendant un mois au minimum.</line></par>
<par>
<line>Article 5 ; Le Plan de Prévention des Risques naturels prévisibles, visé à l’article 1, est tenu à la</line>
<line>disposition du public, tous les jours ouvrables et aux heures habituelles d’ouverture des</line>
<line>bureaux :</line></par>
</text>
</block>
<block><region><rect/></region>
<text>
<par>
<line>1 - à la mairie de SALIES-DU-SALAT,</line></par>
<par>
<line>2 - à la Sous - Préfecture de Saint-Gaudens,</line></par>
<par>
<line>3 - à la Préfecture de la Haute - Garonne.</line></par>
</text>
</block>
<block><region><rect/></region>
<text>
<par>
<line>Article 6 : Le Secrétaire Général de la Préfecture, le Sous - Préfet de Saint-Gaudens, le maire de la</line>
<line>commune de SALIES-DU-SALAT, le Directeur Régional et Départemental de</line>
<line>l’Equipement, le Directeur Départemental de l’Agriculture et de la Forêt sont chargés,</line>
<line>chacun en ce qui le concerne, de l’exécution du présent arrêté qui sera publié au recueil</line>
<line>des actes administratifs de l’État dans le département.</line></par>
</text>
</block>
<block><region><rect/></region>
<text>
<par>
<line>Fait à Toulouse le</line></par>
</text>
</block>
<block><region><rect/></region>
<text>
<par>
<line>JâN. 2306</line></par>
</text>
</block>
<block><region><rect/></region>
<text>
<par>
<line>§OUTRfe</line></par>
</text>
</block>










</page>
</PM1>