<?xml version="1.0" encoding="UTF-8"?><PM1>
<page width="1667" height="2346" resolution="200">
<block><region><rect/></region>
<text>
<par>
<line>mm</line></par>
<par>
<line>Liberté • Égalité • Fraternité</line>
<line>RÉPUBLIQUE FRANÇAISE</line></par>
</text>
</block>
<block><region><rect/></region>
<text>
<par>
<line>Direction départementale</line>
<line>des territoires</line></par>
<par>
<line>Service Prévention des Risques</line></par>
<par>
<line>ARRÊTÉ PRÉFECTORAL n° 0 5'â . O00«0</line></par>
<par>
<line>portant approbation du Plan de Prévention des Risques Naturels d'inondation dans la</line></par>
<par>
<line>commune de Peyraud</line></par>
</text>
</block>
<block><region><rect/></region>
<text>
<par>
<line>Le Préfet de PArdèche,</line></par>
<par>
<line>Officier National de l'Ordre du Mérite,</line></par>
<par>
<line>VU le code de T environnement et notamment ses articles L.562-1 à 562-7 instaurant les Plans</line>
<line>de Prévention des Risques Naturels Prévisibles,</line></par>
</text>
</block>
<block><region><rect/></region>
<text>
<par>
<line>VU l’arrêté préfectoral n° 2010-197-27 du 16 juillet 2010 prescrivant le Plan de Prévention</line>
<line>des Risques Naturels d'inondation dans la commune de Peyraud,</line></par>
<par>
<line>VU l’avis du Conseil Municipal en date du 26/09/2012,</line></par>
<par>
<line>VU l’arrêté préfectoral n° 2012-292-0007 du 18 octobre 2012 prescrivant l’enquête publique</line>
<line>du Plan de Prévention des Risques Naturels d'inondation dans la commune de Peyraud,</line></par>
<par>
<line>VU le procès-verbal de l’enquête publique à laquelle il a été procédé du 12/11/2012 au</line>
<line>13/12/2012,</line></par>
<par>
<line>VU le rapport du commissaire-enquêteur en date du 26/12/2012,</line></par>
</text>
</block>
<block><region><rect/></region>
<text>
<par>
<line>SUR PROPOSITION de Monsieur le Secrétaire Général de la Préfecture</line></par>
</text>
</block>
<block><region><rect/></region>
<text>
<par>
<line>Direction départementale des territoires - 2, Place des Mobiles BP 613 - 07006 Privas Cedex -Tél : 04.75,65.50.00 - Fax : 04.75.64.59.44</line>
<line>Adresse internet des services de l’Etat en Ardèche : aaw .irdcche itou’. ir</line>
<line>Adresse internet de la DDT ; hc '.\jiiiivinenc-j-;rK'uln.u'e i’ouv.tV</line></par>
</text>
</block>
<block><region><rect/></region>
<text>
<par>
<line>1/2</line></par>
</text>
</block>



</page>
<page width="1665" height="2345" resolution="200">
<block><region><rect/></region>
<text>
<par>
<line>ARRÊTE :</line></par>
</text>
</block>
<block><region><rect/></region>
<text>
<par>
<line>Article :</line></par>
<par>
<line>1 - Le Plan de Prévention des Risques Naturels d’inondation dans la commune de Peyraud est</line>
<line>approuvé.</line></par>
<par>
<line>2-11 comprend</line></par>
<par>
<line>• un rapport de présentation</line></par>
<par>
<line>• des documents cartographiques</line></par>
<par>
<line>• un règlement</line></par>
<par>
<line>3-11 est tenu à la disposition du public</line></par>
<par>
<line>• à la mairie de Peyraud aux heures et jours ouvrables de celle-ci</line></par>
<par>
<line>• dans les locaux de la Direction Départementale des Territoires de Privas, aux heures</line>
<line>et jours ouvrables des bureaux de celle-ci,</line></par>
<par>
<line>• dans les locaux de la Sous-Préfecture de Toumon sur Rhône aux heures et jours</line>
<line>ouvrables de ses bureaux.</line></par>
<par>
<line>Article 2 : Le présent arrêté sera publié au Recueil des Actes Administratifs de la Préfecture</line>
<line>et mention en sera faite en caractères apparents dans le Dauphiné Libéré.</line></par>
<par>
<line>Cet avis sera par ailleurs affiché en mairie de Peyraud pendant une durée minimum d’un mois</line>
<line>et porté à la connaissance du public par tout autre procédé en usage dans la commune.</line></par>
<par>
<line>Article 3 : Au terme des mesures de publicité, le Plan de Prévention des Risques Naturels</line>
<line>d'inondation dans la commune de Peyraud s’imposera à toute demande d’autorisation</line>
<line>d’occupation du sol en qualité de servitude d’utilité publique.</line></par>
<par>
<line>Article 4 : Le plan de prévention des risques de la commune de Peyraud peut faire l'objet d'un</line>
<line>recours contentieux devant le tribunal administratif dans un délai de deux mois courant à</line>
<line>compter de sa publication</line></par>
<par>
<line>Article 5 : Le présent arrêté sera adressé :</line></par>
<par>
<line>. au Maire de la commune de Peyraud</line>
<line>. au Sous-Préfet de Toumon-sur-Rhône</line>
<line>. au Directeur Départemental des Territoires</line></par>
<par>
<line>. au Directeur Régional de l’Environnement, de l'Aménagement et du Logement</line></par>
<par>
<line>Article 6 : Monsieur le Sous-Préfet de Toumon-sur-Rhône et Monsieur le Directeur</line>
<line>Départemental des Territoires sont chargés, chacun en ce qui le concerne, de l’exécution du</line>
<line>présent arrêté.</line></par>
</text>
</block>
<block><region><rect/></region>
<text>
<par>
<line>2 8 FElf. 20n</line></par>
</text>
</block>

</page>
</PM1>