<?xml version="1.0" encoding="UTF-8"?><PM1>
<page width="1654" height="2339" resolution="200">
<block><region><rect/></region>
<text>
<par>
<line>LibirU • ÉgatUi • Prattmilé</line></par>
<par>
<line>Réfubuque Française</line></par>
</text>
</block>
<block><region><rect/></region>
<text>
<par>
<line>PREFET DES BOUCHES-DU-RHONE</line></par>
</text>
</block>
<block><region><rect/></region>
<text>
<par>
<line>DIRECTION DEPARTEMENTALE DES TERRITOIRES ET DE LA MER</line>
<line>Service Urbanisme/Pôle Risques</line></par>
</text>
</block>
<block><region><rect/></region>
<text>
<par>
<line>Arrêté approuvant l’établissement d’un</line>
<line>Plan de Prévention des Risques Naturels Prévisibles</line>
<line>retrait-gonflement des argiles</line>
<line>sur la commune de Ventabren</line></par>
</text>
</block>
<block><region><rect/></region>
<text>
<par>
<line>Le Préfet de la région Provence-Alpes-Côte d’Azur,</line>
<line>Préfet de la zone de défense et de sécurité sud,</line>
<line>Préfet des Bouches-du-Rhône</line></par>
</text>
</block>
<block><region><rect/></region>
<text>
<par>
<line>VU le Code de l’environnement, notamment ses articles L.562-1 à L.562-8 et R.562-1 à</line>
<line>R.562-12,</line></par>
</text>
</block>
<block><region><rect/></region>
<text>
<par>
<line>VU le Code de la construction et de l'habitation, notamment son article R.126-1,</line></par>
<par>
<line>VU le Code de Purbanisme, notamment les articles L.151-43, L.152-7, L.153-60 et R.111-2,</line></par>
<par>
<line>VU le décret n°2004-374 du 29 avril 2004 relatif aux pouvoirs des Préfets, à l'organisation et à</line>
<line>l'action des services de l’État dans les régions et départements,</line></par>
<par>
<line>VU le décret n°2009-1484 du 3 décembre 2009 modifié relatif aux directions départementales</line>
<line>interministérielles,</line></par>
<par>
<line>VU l’arrêté préfectoral en date du 5 février 2016, portant preseription d'un plan de prévention</line>
<line>des risques naturels retrait gonflement des argiles sur la commune de Ventabren,</line></par>
<par>
<line>VU l’arrêté préfectoral en date du 6 septembre 2016 portant ouverture et organisation d'une</line>
<line>enquête publique sur le projet de plan de prévention des risques naturels sur la commune de</line>
<line>Ventabren,</line></par>
<par>
<line>VU l'avis réputé favorable (sans réponse à l’expiration du délai de 2 mois) de la Chambre</line>
<line>d’Agriculture des Bouches-du-Rhône, du Centre National de la Propriété Forestière,</line></par>
<par>
<line>VU l'avis du Conseil Régional en date du 2 août 2016,</line></par>
<par>
<line>VU l'avis de la Métropole Aix-Marseille-Provence-Conseil de territoire 2-Pays d’Aix en date</line>
<line>du 19 août 2016,</line></par>
</text>
</block>



</page>
<page width="1666" height="2347" resolution="200">
<block><region><rect/></region>
<text>
<par>
<line>vu l’avis du Conseil Départemental des Bouches-du-Rhône avec observation en date du 1er</line>
<line>septembre 2016,</line></par>
<par>
<line>VU l’avis réputé favorable de la commune de Ventabren en date du 5 septembre 2016,</line></par>
<par>
<line>VU le procès-verbal de communication des observations écrites ou orales et des courriers</line>
<line>recueillis au cours de l’enquête publique, daté du 15 novembre 2016,</line></par>
<par>
<line>VU les observations de la Direction Départementale des Territoires et de la Mer des Bouches-</line>
<line>du-Rhône complétant le procès-verbal de synthèse des observations de la commission d’</line>
<line>enquête, en date du 24 novembre 2016,</line></par>
<par>
<line>VU le rapport, les conclusions motivées, ainsi que l’avis favorable assorti de</line>
<line>recommandations, rédigés par la commission d’enquête et chaque commissaire enquêteur et</line>
<line>datés du 9 décembre 2016,</line></par>
<par>
<line>VU les réponses apportées par le maître d'ouvrage aux remarques émises lors de la procédure,</line></par>
<par>
<line>VU le rapport de synthèse de la procédure, présenté par la Direction Départementale des</line>
<line>Territoires et de la Mer des Bouches-du-Rhône, daté du 23 janvier 2017,</line></par>
<par>
<line>CONSIDERANT que les modifications apportées au projet de plan de prévention des risques</line>
<line>naturels prévisibles retrait -gonflement des argiles sur la commune de Ventabren, à l'issue de</line>
<line>l'enquête publique, ne remettent pas en cause l'économie générale du plan,</line></par>
<par>
<line>SUR proposition du Secrétaire Général de la Préfecture des Bouches-du-Rhône,</line></par>
</text>
</block>
<block><region><rect/></region>
<text>
<par>
<line>ARRETE</line></par>
</text>
</block>
<block><region><rect/></region>
<text>
<par>
<line>ARTICLE 1—: Le plan de prévention des risques naturels prévisibles retrait-gonflement des</line>
<line>argiles de la commune de Ventabren, tel qu’il est annexé au présent arrêté, est approuvé.</line></par>
<par>
<line>Le dossier comprend :</line></par>
<par>
<line>- un rapport de présentation,</line></par>
<par>
<line>- un règlement,</line></par>
<par>
<line>- deux plans de zonage réglementaire,</line></par>
<par>
<line>- les annexes du PPR .</line></par>
<par>
<line>ARTICLE 2 : Le plan de prévention des risques naturels prévisibles est tenu à la disposition</line>
<line>du public dans les locaux :</line></par>
<par>
<line>- de la mairie de Ventabren,</line></par>
<par>
<line>- de la Préfecture des Bouches-du-Rhône/ Direction Départementale des</line>
<line>Territoires et de la Mer des Bouches-du Rhône/Service Urbanisme (16 rue Antoine</line>
<line>Zattara - 13332 Marseille Cedex 3)</line></par>
</text>
</block>
















</page>
<page width="1654" height="2339" resolution="200">
<block><region><rect/></region>
<text>
<par>
<line>Il est également consultable sur le site internet des Semces de l’État dans le département des</line>
<line>Bouches-du-Rhône, www.bouches-du-rhone.gouv.fr.</line></par>
<par>
<line>ARTICLE 3 : Le présent arrêté sera publié au recueil des actes administratifs de la Préfecture</line>
<line>et mention en sera faite en caractères apparents dans un journal diffusé dans le département.</line></par>
<par>
<line>Une copie du présent arrêté sera affichée pendant au moins un mois en mairie</line>
<line>de Ventabren et au siège de la Métropole Aix-Marseille-Provence. Un certificat signé du</line>
<line>Maire et du Président justifiera l’accomplissement de cette mesure de publicité.</line></par>
<par>
<line>Une copie du certificat d'affichage sera adressée à la DDTM des Bouches-du-</line></par>
<par>
<line>Rhône.</line></par>
<par>
<line>ARTICLE 4 ; Des copies du présent arrêté seront adressées :</line></par>
<par>
<line>- au Maire de Ventabren,</line></par>
<par>
<line>- au Président de la Métropole Aix-Marseille-Provence,</line></par>
<par>
<line>- au Directeur Départemental des Territoires et de la Mer des Bouches-du-Rhône,</line></par>
<par>
<line>ARTICLE 5 ; En application de l'article L.562-4 du Code de l'Environnement, le plan de</line>
<line>prévention des risques naturels prévisibles retrait gonflement des argiles vaut servitude</line>
<line>d'utilité publique. A ce titre, il doit être annexé au document d'urbanisme de la commune sans</line>
<line>délai à compter de la réception du présent arrêté.</line></par>
<par>
<line>ARTICLE 6 : - Le Secrétaire Général de la Préfecture des Bouches du Rhône,</line></par>
<par>
<line>- Le Maire de la commune de Ventabren,</line></par>
<par>
<line>- Le Président de la Métropole Aix-Marseille-Provence,</line></par>
<par>
<line>- Le Directeur Départemental des Territoires et de la Mer des Bouches-du-</line>
<line>Rhône,</line></par>
<par>
<line>sont chargés, chacun en ce qui le concerne, de l’exécution du présent an'êté.</line></par>
</text>
</block>
<block><region><rect/></region>
<text>
<par>
<line>A MARSEILLE, le 27 FfV. ^017</line></par>
</text>
</block>
<block><region><rect/></region>
<text>
<par>
<line>Stéphane BOUILLON</line></par>
</text>
</block>






</page>
<page width="1654" height="2339" resolution="200">







</page>
</PM1>