<?xml version="1.0" encoding="UTF-8"?><PM1>
<page width="2504" height="3543" resolution="303">
<block><region><rect/></region>
<text>
<par>
<line>mm</line></par>
<par>
<line>Liberté • Egalité • Fraternité</line></par>
<par>
<line>RÉPUBLIQUE Française</line></par>
</text>
</block>
<block><region><rect/></region>
<text>
<par>
<line>Direction départementale</line>
<line>des territoires</line></par>
<par>
<line>Service Prévention des Risques</line></par>
<par>
<line>ARRÊTÉ PRÉFECTORAL N° 07-2016-12-12-013</line>
<line>portant approbation du Plan de Prévention des Risques inondation de la commune de</line></par>
<par>
<line>CORNAS</line></par>
</text>
</block>
<block><region><rect/></region>
<text>
<par>
<line>Le Préfet de l’Ardèche,</line></par>
<par>
<line>Chevalier de la Légion d’Honneur</line>
<line>Officier de l’Ordre National du Mérite</line></par>
</text>
</block>
<block><region><rect/></region>
<text>
<par>
<line>VU le code de l’environnement et notamment ses articles L 562-1 à L 562-9 et R 562-1 à</line>
<line>R 562-10-2 relatifs aux Plans de Prévention des Risques Naturels Prévisibles ;</line></par>
<par>
<line>VU le code de l'environnement, notamment ses articles L 123-1 et suivants et R 123-1 et suivants,</line>
<line>concernant les enquêtes publiques relatives aux opérations susceptibles d'affecter l'environnement ;</line></par>
</text>
</block>
<block><region><rect/></region>
<text>
<par>
<line>VU l’arrêté préfectoral n° 2014164-0006 en date du 13 juin 2014 prescrivant l’établissement d’un</line>
<line>Plan de Prévention des Risques inondation du Rhône et de ses affluents (Chaillot, Sauman, des</line>
<line>Côtes et de Bouyonnet) ;</line></par>
<par>
<line>VU l’avis favorable du Conseil Municipal en date du 04/07/2016 ;</line></par>
<par>
<line>VU l'avis favorable de la Chambre d'Agriculture en date du 04/07/2016 ;</line></par>
<par>
<line>VU l'avis réputé favorable de la Communauté de Communes Rhône-Crussol et du Centre Régional</line>
<line>de la Propriété Forestière ;</line></par>
<par>
<line>VU l’arrêté préfectoral n°2016-09-09-001 en date du 08/09/2016 prescrivant l'ouverture de</line>
<line>l’enquête publique relative au Plan de Prévention des Risques inondation de la commune Cornas ;</line></par>
<par>
<line>VU le rapport et les conclusions favorables du commissaire-enquêteur en date du 19/11/2016 ;</line></par>
</text>
</block>
<block><region><rect/></region>
<text>
<par>
<line>SUR PROPOSITION du secrétaire général de la Préfecture de l'Ardèche,</line></par>
</text>
</block>

</page>
<page width="2479" height="3508" resolution="300">
<block><region><rect/></region>
<text>
<par>
<line>ARRÊTE :</line></par>
</text>
</block>
<block><region><rect/></region>
<text>
<par>
<line>Article 1 : Le Plan de Prévention des Risques inondation de la commune de Cornas est</line>
<line>approuvé.</line></par>
<par>
<line>Il comprend :</line></par>
<par>
<line>• un rapport de présentation qui décrit : les généralités sur les PPR, la caractérisation</line>
<line>des aléas inondation, les enjeux situés en zone inondable et le zonage réglementaire ;</line></par>
<par>
<line>• des documents graphiques :</line></par>
<par>
<line>- aléas : 1 plan à l'échelle 1/2500 pour le Rhône et 1 plan à l'échelle</line>
<line>1/5000 pour les affluents</line></par>
<par>
<line>- enjeux : 1 plan à l'échelle 1/5000</line></par>
<par>
<line>- zonage : 1 plan à l'échelle 1/5000</line></par>
<par>
<line>• un règlement qui précise, pour chaque zone, les occupations et utilisations du sol -</line>
<line>interdites ou autorisées sous condition.</line></par>
</text>
</block>
<block><region><rect/></region>
<text>
<par>
<line>Article 2 : Une copie du présent arrêté est affichée pendant un mois en mairie de Cornas et</line>
<line>portée à la connaissance du public par tout autre procédé en usage dans la commune. Mention</line>
<line>en est faite, en caractères apparents, dans un journal diffusé dans le département, à savoir :</line>
<line>Le Dauphiné Libéré.</line></par>
<par>
<line>Article 3 : Le plan approuvé est tenue à la disposition du public :</line></par>
<par>
<line>- à la mairie de Cornas,</line></par>
<par>
<line>- à la Communauté de Communes Rhône Crussol,</line></par>
<par>
<line>- à la Préfecture de l’Ardèche.</line></par>
<par>
<line>Article 4 : Le PPRi approuvé vaut servitude d'utilité publique. Il est annexé au document</line>
<line>d'urbanisme de la commune.</line></par>
<par>
<line>Article 5 : Le présent arrêté peut faire l'objet d'un recours devant le tribunal administratif de</line>
<line>Lyon dans un délai de 2 mois à compter de sa publication.</line></par>
<par>
<line>Article 6 : Le Secrétaire Général de la Préfecture de l'Ardèche, le maire de la commune de</line>
<line>Cornas, le Directeur Départemental des Territoires de l’Ardèche sont chargés, chacun en ce</line>
<line>qui le concerne de l'exécution du présent arrêté qui sera publié au recueil des actes</line>
<line>administratifs de la préfecture.</line></par>
</text>
</block>
<block><region><rect/></region>
<text>
<par>
<line>Privas le 12/12/2016</line></par>
</text>
</block>
<block><region><rect/></region>
<text>
<par>
<line>Pour le Préfet</line>
<line>Le Secrétaire Général</line>
<line>signé</line></par>
<par>
<line>Paul-Marie CLAUDON</line></par>
</text>
</block>






</page>
</PM1>