<?xml version="1.0" encoding="UTF-8"?><PM1>
<page width="1653" height="2339" resolution="200">
<block><region><rect/></region>
<text>
<par>
<line>Libirié • Égaliif • Fritierniié</line></par>
<par>
<line>RÉPUDLiauE Française</line></par>
</text>
</block>
<block><region><rect/></region>
<text>
<par>
<line>PREFECTURE DES BOUCHES-DU-RHONE</line></par>
</text>
</block>
<block><region><rect/></region>
<text>
<par>
<line>DIRECTION DEPARTEMENTALE</line>
<line>DES TERRITOIRES ET DE LA MER</line></par>
<par>
<line>Service Urbanisme</line>
<line>Pôle risques</line></par>
</text>
</block>
<block><region><rect/></region>
<text>
<par>
<line>ARRETE APPROUVANT L’ETABLISSEMENT D’UN</line>
<line>PLAN DE PREVENTION DES RISQUES NATURELS PREVISIBLES</line>
<line>SUR LE TERRITOIRE DE LA COMMUNE DE MARTIGUES</line>
<line>(« retrait-gonflement » des argiles)</line></par>
</text>
</block>
<block><region><rect/></region>
<text>
<par>
<line>Préfet de la région Provence, Alpes, Côte d'Aziir,</line>
<line>Préfet de la zone de défense et de sécurité Sud,</line>
<line>Préfet des Bouches-du-RJiône,</line></par>
<par>
<line>Officier de la Légion d'Honneur,</line>
<line>Chevalier de l'Ordre National du Mérite</line></par>
</text>
</block>
<block><region><rect/></region>
<text>
<par>
<line>VU le Code de rEnvironnement, notamment ses articles L.562-1 et suivants et R.562-1 et suivants,</line></par>
<par>
<line>VU le Code de rUrbanisine, notaimnent les articles L. 126-1 et R. 111-2,</line></par>
<par>
<line>VU le décret n*2004-374 du 29 avril 2004 relatif aux pouvoirs des préfets, à l'organisation et à l'action des services de</line>
<line>l’État dans les régions et départements,</line></par>
<par>
<line>VU le décret n°2009-l484 du 3 décembre 2009 modifié relatif aux directions départementales intenninistérielles,</line></par>
<par>
<line>VU l’arrêté préfectoral en date du 22 juillet 2013 par lequel a été prescrite l’ouverture d’une enquête publique sur le</line>
<line>plan de prévention des risques naturels prévisibles « retrait-gonflement» des argiles sur la commune de Martigues,</line></par>
<par>
<line>VU l’arrêté préfectoral en date du 26 avril 2010, prescrivant le plan de prévention des risques naturels prévisible</line>
<line>« retrait-gonflement» des argiles sur la conumme de Martigues,</line></par>
<par>
<line>VU l'avis favorable du Centre Régional de la Propriété Forestière PACA en date du 8 février 2013</line>
<line>VU la délibération du conseil municipal en date du 15 mars 2013,</line></par>
<par>
<line>VU les avis favorables tacites, du fait de l'absence de réponse dans les délais, du Conseil Général des Bouches-du-</line>
<line>Rhône, du Conseil Régional PACA, de la Chambre d'Agriculture, du Service Départemental d’incendie et de Secours et</line>
<line>de la Communauté d'Agglomération du Pays de Martigues</line></par>
<par>
<line>VU les obseiA'ations présentées au cours de l’enquête publique qui s’est déroulée entre le 8 septembre et le 18 octobre</line>
<line>2013 inclus,</line></par>
<par>
<line>VU l’avis favorable de la commission d'enquête en date du 18 novembre 2013,</line></par>
<par>
<line>VU les modifications apportées, en réponse aux remarques émises lors de la procédure, à la rédaction du règlement dans</line>
<line>le Titre II- notamment en ce qui concerne les mesures applicables aux constnictions de maisons individuelles et de leurs</line>
<line>extensions,</line></par>
<par>
<line>CONSIDERANT que le dossier établi par la Direction Départementale des Territoires et de la Mer peut, en l’état de la</line>
<line>procédure, être approuvé,</line></par>
<par>
<line>SUR proposition du Secrétaire Général de la Préfecture des Bouches du Rhône,</line></par>
</text>
</block>



</page>
<page width="1653" height="2339" resolution="200">
<block><region><rect/></region>
<text>
<par>
<line>ARRETE</line></par>
</text>
</block>
<block><region><rect/></region>
<text>
<par>
<line>ARTICLE 1^" ; Le plan de prévention des risques naturels prévisibles « retrait-gonflement » des argiles, de</line>
<line>la conmuine de Martigues, tel qu’ii est annexé au présent anêté, est approuvé.</line></par>
<par>
<line>Ce document comprend :</line></par>
<par>
<line>- un rapport de présentation,</line></par>
<par>
<line>- un plan de zonage,</line></par>
<par>
<line>- un règlement,</line></par>
<par>
<line>- des aimexes.</line></par>
<par>
<line>ARTICLE 2 : Ce plan de prévention des risques naturels prévisibles est tenu à la disposition du public aux</line>
<line>heures d’ouverture des bureaux :</line></par>
<par>
<line>- à la mairie de Martigues,</line></par>
<par>
<line>- à la Préfecture des Bouches du Rhône, Directioii Départementale des Tenitoires et de la</line>
<line>Mer, Sewice Urbanisme, 16 me Antoine Zattara 13332 Marseille Cedex 3.</line></par>
<par>
<line>Il sera consultable sur le site internet des sei-vices de l’État dans le département des Bouchcs-du-Rhône ?</line></par>
<par>
<line>ARTICLE 3 : Le présent arrêté sera publié au recueil des actes administratifs de la Préfecture et mention en</line>
<line>sera faite en caractères apparents dans un journal diffusé dans le département.</line></par>
<par>
<line>Cet avis sera affiché pendant un mois en mairie de Martigues et un certificat du Maire</line>
<line>justifiera raccomplissernent de cette mesure de publicité.</line></par>
<par>
<line>ARTICLE 4 ; Le pian de prévention des risques naturels prévisibles vaut sei-vitude d'utilité publique. Il doit</line>
<line>être aimexé au plan local d'urbanisme de la commune de Martigues dans un délai de 3 mois à compter de la</line>
<line>réception de présent arrêté.</line></par>
<par>
<line>ARTICLE 5 ; Tout recours gracieux contre le présent airêté doit paivenir à la Préfecture des Bouches du</line>
<line>Rliône dans un délai de deux mois à compter de la dernière des parutions citées à l’article 3.</line></par>
<par>
<line>Tout recours contre le présent arrête doit parvenir au tribunal administratif de Marseille</line>
<line>dans un délai de deux mois à compter de la dernière des parutions citées à l’article 3.</line></par>
<par>
<line>ARTICLE 6 ; Des copies du présent anêté seront adressées :</line></par>
<par>
<line>- au Maire de Martigues,</line></par>
<par>
<line>- au Directeur Départemental des Ten itoires et de la Mer,</line></par>
<par>
<line>- au Président de la Communauté d'Agglomération du Pays de Martigues</line></par>
<par>
<line>ARTICLE 7 : - Le Secrétaire Général de la Préfecture des Bouches du Rliône,</line></par>
<par>
<line>- Le Maire de la commune de Martigues,</line></par>
<par>
<line>- Le Directeur Départemental des Tenitoires et de la Mer des Bouches du Rliône,</line>
<line>sont chargés, chacun en ce qui le concerne, de Texécution du présent arrêté.</line></par>
</text>
</block>
<block><region><rect/></region>
<text>
<par>
<line>Fait à Marseille, le f 'i AVR. 2014</line></par>
</text>
</block>
<block><region><rect/></region>
<text>
<par>
<line>Michel CADOT</line></par>
</text>
</block>







</page>
</PM1>