<?xml version="1.0" encoding="UTF-8"?><PM1>
<page width="2574" height="3524" resolution="300">
<block><region><rect/></region>
<text>
<par>
<line>PREFECTURE DES BOUCHES DU RHONE</line></par>
</text>
</block>
<block><region><rect/></region>
<text>
<par>
<line>REPUBLIQUE FRANÇAISE</line></par>
</text>
</block>
<block><region><rect/></region>
<text>
<par>
<line>Direction des Collectivités locales</line>
<line>et du Cadre de vie</line></par>
</text>
</block>
<block><region><rect/></region>
<text>
<par>
<line>Direction Départementale de l'Equipement</line></par>
</text>
</block>
<block><region><rect/></region>
<text>
<par>
<line>Marseille, le</line></par>
</text>
</block>
<block><region><rect/></region>
<text>
<par/>
</text>
</block>
<block><region><rect/></region>
<text>
<par>
<line>5 Mâ!</line></par>
</text>
</block>
<block><region><rect/></region>
<text>
<par/>
</text>
</block>
<block><region><rect/></region>
<text>
<par>
<line>ARRETE PORTANT APPROBATION DE LA MODIFICATION DU</line>
<line>PLAN DE PREVENTION DES RISQUES NATURELS PREVISIBLES</line>
<line>DE LA COMMUNE DE ROQUEVAIRE</line></par>
</text>
</block>
<block><region><rect/></region>
<text>
<par>
<line>Le Préfet de la Région Provence, Alpes, Côte d'Azur</line>
<line>Préfet des Bouches du Rhône</line>
<line>Officier de la Légion d'Honneur</line></par>
</text>
</block>
<block><region><rect/></region>
<text>
<par>
<line>VU la loi n° 82.600 du 13 Juillet 1982, relative à l'indemnisation des victimes de catastrophes</line>
<line>naturelles;</line></par>
<par>
<line>Vu la loi n° 87-565 du 22 Juillet 1987 relative à l'organisation de la sécurité civile, à la protection de</line>
<line>la forêt contre l'incendie et à la prévention des risques majeurs,</line></par>
<par>
<line>VU le décret n° 95-1089 du 5 Octobre 1995 relatif aux plans de prévention des risques naturels</line>
<line>prévisibles,</line></par>
<par>
<line>VU l'arrêté préfectoral en date du 5 Août 1997, prescrivant l'établissement d'un plan de prévention</line>
<line>des risques naturels prévisibles sur le territoire de la Commune de Roquevaire;</line></par>
<par>
<line>VU l'arrêté préfectoral en date du-16 Septembre 1998 par lequel a été prescrite l'ouverture d'une</line>
<line>enquête publique sur la modification du plan de prévention des risques naturels prévisibles de la</line>
<line>Commune de Roquevaire;</line></par>
<par>
<line>VU les observations présentées au cours de l'enquête;</line></par>
<par>
<line>VU l'avis du Commissaire Enquêteur en date du 12 Décembre 1998;</line></par>
<par>
<line>VU la délibération du 31 Mars 1999 du Conseil Municipal de la Commune de Roquevaire émettant</line>
<line>un avis favorable au dossier de plan de prévention des risques naturels prévisibles soumis à l'enquête</line>
<line>publique;</line></par>
<par>
<line>CONSIDERANT que le dossier établi par la Direction Départementale de l'Equipement peut, en</line>
<line>l'état de la procédure, être approuvé.</line></par>
</text>
</block>


</page>
<page width="2558" height="3512" resolution="300">
<block><region><rect/></region>
<text>
<par>
<line>SUR proposition du Secrétaire Général de la Préfecture des Bouches du Rhône,</line></par>
</text>
</block>
<block><region><rect/></region>
<text>
<par>
<line>ARRETE</line></par>
</text>
</block>
<block><region><rect/></region>
<text>
<par>
<line>ARTICLE 1er: le plan de prévention des risques naturels prévisibles de la Commune de Roquevaire,</line>
<line>tel qu'il est aimexé au présent arrêté, est approuvé.</line></par>
<par>
<line>Ce document comprend:</line></par>
<par>
<line>- un rapport de présentation,</line></par>
<par>
<line>- un plan de zonage à l'échelle du 1/5 OOOème,</line></par>
<par>
<line>- un règlement.</line></par>
</text>
</block>
<block><region><rect/></region>
<text>
<par>
<line>ARTICLE 2: ce plan de prévention des risques naturels prévisibles est tenu à la disposition du public,</line>
<line>aux heures d'ouvertures des bureaux;</line></par>
<par>
<line>- à la Mairie de Roquevaire,</line></par>
<par>
<line>- à la Préfecture des Bouches du Rhône, Place Félix Baret,</line></par>
<par>
<line>- à la Direction Départementale de l'Equipement, Service Juridique,</line></par>
<par>
<line>7, avenue Général Leclerc - 13332 Marseille</line></par>
</text>
</block>
<block><region><rect/></region>
<text>
<par>
<line>ARTICLE 3: le présent arrêté sera affiché en Mairie de Roquevaire; un certificat du Maire justifiera</line>
<line>l'accomplissement de cette mesure de publicité.</line></par>
</text>
</block>
<block><region><rect/></region>
<text>
<par>
<line>ARTICLE 4: des copies conformes du présent arrêté seront adressées:</line></par>
<par>
<line>- au Maire de la Commune de Roquevaire,</line></par>
<par>
<line>- au Directeur Départemental de l'Equipement,</line></par>
<par>
<line>- au Directeur de la Prévention des Pollutions et des Risques.</line></par>
</text>
</block>
<block><region><rect/></region>
<text>
<par>
<line>ARTICLE 5: - le Secrétaire Général de la Préfecture des Bouches du Rhône,</line></par>
<par>
<line>- le Maire de la Commune de Roquevaire,</line></par>
<par>
<line>- le Directeur Départemental de l'Equipement des Bouches du Rhône sont chargés,</line>
<line>chacun en ce qui le concerne, de l'exécution du présent arrêté, qui sera publié au</line>
<line>recueil des actes administratifs de l'Etat et dont mention sera faite en caractères</line>
<line>apparents dans les journaux "La Provence " et "La Marseillaise".</line></par>
</text>
</block>
<block><region><rect/></region>
<text>
<par>
<line>POUR COPIE CONFORME</line>
<line>F;;:’- ^PD^î fe</line></par>
<par>
<line>i.s f"-'</line></par>
<par>
<line>des Coîf#Cf''v;fW5 Locales</line>
<line>et dJ Cadra de Via</line></par>
<par>
<line>Yves JALABERT</line></par>
</text>
</block>
<block><region><rect/></region>
<text>
<par>
<line>Pour io Préfet</line>
<line>Le Secrétaire Général</line></par>
<par>
<line>Plarre SOUBELET</line></par>
</text>
</block>









</page>
</PM1>