<?xml version="1.0" encoding="UTF-8"?><PM1>
<page width="2504" height="3543" resolution="303">
<block><region><rect/></region>
<text>
<par>
<line>MM</line></par>
<par>
<line>Liberté • Egalité • Fraternité</line></par>
<par>
<line>République Française</line></par>
</text>
</block>
<block><region><rect/></region>
<text>
<par>
<line>Direction départementale</line>
<line>des territoires</line></par>
<par>
<line>Service Prévention des Risques</line></par>
<par>
<line>ARRÊTÉ PRÉFECTORAL N°</line></par>
<par>
<line>portant approbation du Plan de Prévention des Risques d'inondation</line></par>
<par>
<line>de la commune d’Arras</line></par>
</text>
</block>
<block><region><rect/></region>
<text>
<par>
<line>Le Préfet de l’Ardèche,</line></par>
<par>
<line>Chevalier de l’Ordre National du Mérite</line></par>
</text>
</block>
<block><region><rect/></region>
<text>
<par>
<line>VU le code de l’environnement et notamment ses articles L 562-1 à L 562-9 et R 562-1 à</line>
<line>R 562-10-2 relatifs aux Plans de Prévention des Risques Naturels Prévisibles ;</line></par>
<par>
<line>VU le code de l'environnement, notamment ses articles L 123-1 et suivants et R 123-1 et</line>
<line>suivants, concernant les enquêtes publiques relatives aux opérations susceptibles d'affecter</line>
<line>l'environnement ;</line></par>
<par>
<line>VU l’arrêté préfectoral n° 2014164-0008 en date du 13 juin 2014 prescrivant l’établissement</line>
<line>d’un Plan de Prévention des Risques inondation du Rhône et de ses affluents (de la Vernate,</line>
<line>de Bachasse, d’Ozo, et des Murets) dans la commune d’Arras ;</line></par>
<par>
<line>VU l’avis favorable du Conseil Municipal en date du 23/05/2017 ;</line></par>
<par>
<line>VU l'avis de la Chambre d'Agriculture en date du 05/05/2017 ;</line></par>
<par>
<line>VU l'avis réputé favorable de la Communauté de Communes Porte Drôm’Ardèche ;</line></par>
<par>
<line>VU l'avis réputé favorable du Centre Régional de la Propriété Forestière ;</line></par>
<par>
<line>VU l’arrêté préfectoral n° 18092017/70 du 18 septembre 2017 prescrivant l'ouverture de</line>
<line>l’enquête publique relative au Plan de Prévention des Risques inondation de la commune</line>
<line>d’Arras ;</line></par>
<par>
<line>VU les remarques émises par le public lors de l’enquête publique qui s’est déroulée du</line>
<line>10/10/2017 au 10/11/2017 inclus</line></par>
<par>
<line>VU le rapport et les conclusions favorables du commissaire-enquêteur en date du 05/12/2017 ;</line></par>
</text>
</block>
<block><region><rect/></region>
<text>
<par>
<line>SUR PROPOSITION du secrétaire général de la Préfecture de l'Ardèche,</line></par>
</text>
</block>

</page>
<page width="2479" height="3508" resolution="300">
<block><region><rect/></region>
<text>
<par>
<line>ARRÊTE :</line></par>
</text>
</block>
<block><region><rect/></region>
<text>
<par>
<line>Article 1 : Le Plan de Prévention des Risques d'inondation (PPRi) de la commune d’Arras est</line>
<line>approuvé.</line></par>
<par>
<line>Il comprend :</line></par>
<par>
<line>• un rapport de présentation qui décrit : les généralités sur les PPR, la caractérisation</line>
<line>des aléas inondation, les enjeux situés en zone inondable et le zonage réglementaire ;</line></par>
<par>
<line>• des documents graphiques :</line></par>
<par>
<line>- aléas : 1 plan à l'échelle 1/5000 pour le Rhône et 1 plan à l'échelle</line>
<line>1/5000 pour les affluents</line></par>
<par>
<line>- enjeux : 1 plan à l'échelle 1/5000</line></par>
<par>
<line>- zonage : 1 plan à l'échelle 1/5000</line></par>
<par>
<line>• un règlement qui précise, pour chaque zone, les occupations et utilisations du sol</line>
<line>interdites ou autorisées sous condition.</line></par>
</text>
</block>
<block><region><rect/></region>
<text>
<par>
<line>Article 2 : Le présent arrêté fera l’objet des mesures de publicité suivantes :</line></par>
<par>
<line>- publication au Recueil des Actes Administratifs de la Préfecture de l’Ardèche ;</line></par>
<par>
<line>- affichage pendant un mois à la mairie d’Arras et aux sièges de la Communauté de Communes Porte</line>
<line>Drôm’Ardèche</line></par>
<par>
<line>- insertion d’une mention dans le journal « Le Dauphiné Libéré ».</line></par>
<par>
<line>Article 3 : Le plan approuvé est tenu à la disposition du public :</line></par>
<par>
<line>- à la mairie d’Arras,</line></par>
<par>
<line>- à la Communauté de Communes Porte Drôm’Ardèche ,</line></par>
<par>
<line>- à la Préfecture de l’Ardèche.</line></par>
<par>
<line>Article 4 : Le PPRi approuvé vaut servitude d'utilité publique. Il est annexé au document</line>
<line>d'urbanisme de la commune.</line></par>
<par>
<line>Article 5 : Le présent arrêté peut faire l'objet d'un recours devant le tribunal administratif de</line>
<line>Lyon dans un délai de 2 mois à compter de sa publication.</line></par>
<par>
<line>Article 6 : Le Secrétaire Général de la Préfecture de l'Ardèche, le maire de la commune</line>
<line>d’Arras, le président de la Communauté de Communes Porte Drôm’Ardèche, le Directeur</line>
<line>Départemental des Territoires de l’Ardèche sont chargés, chacun en ce qui le concerne de</line>
<line>l'exécution du présent arrêté qui sera publié au recueil des actes administratifs de la préfecture.</line></par>
<par>
<line>Privas le 5 février 2018</line>
<line>Pour le Préfet</line>
<line>Le Secrétaire Général</line>
<line>signé</line></par>
<par>
<line>Laurent LENOBLE</line></par>
</text>
</block>






</page>
</PM1>