<?xml version="1.0" encoding="UTF-8"?><PM1>
<page width="2498" height="3521" resolution="300">
<block><region><rect/></region>
<text>
<par>
<line>Liberté * Égalité • Fraternité</line></par>
<par>
<line>Répubuque Française</line></par>
</text>
</block>
<block><region><rect/></region>
<text>
<par>
<line>PREFECTURE DE LA REGION PROVENCE - ALPES - COTE D'AZUR</line>
<line>PREFECTURE DES BOUCHES DU RHONE</line></par>
</text>
</block>
<block><region><rect/></region>
<text>
<par>
<line>Direction des Collectivites locales</line>
<line>ET DU Cadre de vie</line></par>
</text>
</block>
<block><region><rect/></region>
<text>
<par>
<line>ARRETE APPROUVANT L'ETABLISSEMENT D’UN</line>
<line>PLAN DE PREVENTION DES RISQUES NATURELS PREVISIBLES</line>
<line>SUR LE TERRITOIRE pE LA COMMUNE DE CABRIES</line></par>
<par>
<line>(Retrait-gonflement des argiles) ’■</line></par>
</text>
</block>
<block><region><rect/></region>
<text>
<par>
<line>Le Préfet de la Région Provence-Alpes-Côte d’Azur</line>
<line>Préfet des Bouches-du-Rhône</line>
<line>Chevalier de la Légion d'Honneur</line>
<line>Officier de l'Ordre National du Mérite</line></par>
</text>
</block>
<block><region><rect/></region>
<text>
<par>
<line>VU le code de l'environnement, notamment ses articles L.562-1 et suivants ;</line></par>
<par>
<line>VU la loi n° 82.600 du 13 juillet 1982, relative à l'indemnisation des victimes de catastrophes</line>
<line>naturelles ;</line></par>
<par>
<line>VU le décret n° 95-1089 du 5 octobre 1995 modifié relatif aux plans de prévention des risques</line>
<line>naturels prévisibles ;</line></par>
<par>
<line>VU l'arrêté préfectoral en date du 06 juillet 2005, prescrivant le plan de prévention des risques naturels</line>
<line>prévisibles sur le territoire de la Commune de Cabriès ;</line></par>
<par>
<line>VU l'arrêté préfectoral en date du 8 novembre 2006 par lequel a été prescrite l'ouverture d'une enquête</line>
<line>publique sur le plan de prévention des risques naturels prévisibles de la Commune de Cabriès ;</line></par>
<par>
<line>VU la délibération du conseil municipal de Cabriès en date du 27 décembre 2006 ;</line></par>
<par>
<line>VU les observations présentées au cours de l'enquête ;</line></par>
<par>
<line>VU l'avis de la commission d’enquête en date du 21 février 2007 ;</line></par>
<par>
<line>CONSIDERANT que le dossier établi par la Direction Départementale de l'Equipement peut, en l'état</line>
<line>de la procédure, être approuvé ;</line></par>
<par>
<line>SUR proposition du Secrétaire Général de la Préfecture des Bouches du Rhône ;</line></par>
</text>
</block>
<block><region><rect/></region>
<text>
<par>
<line>ARRETE</line></par>
</text>
</block>
<block><region><rect/></region>
<text>
<par>
<line>ARTICLE 1er : Le plan de prévention des risques naturels prévisibles de la commune de Cabriès</line>
<line>"retrait gonflement des argiles", tel qu'il est annexé au présent arrêté, est approuvé.</line></par>
<par>
<line>Ce document comprend :</line></par>
<par>
<line>- un rapport de présentation,</line></par>
<par>
<line>- un plan de zonage à l'échelle du 1/10 000°,</line></par>
<par>
<line>- un règlement,</line></par>
<par>
<line>- des annexes</line></par>
</text>
</block>




</page>
<page width="2479" height="3508" resolution="300">
<block><region><rect/></region>
<text>
<par>
<line>ARTICLE 2 : Ce plan de prévention des risques naturels prévisibles est tenu à la disposition du public,</line>
<line>aux heures d'ouvertures des bureaux:</line></par>
<par>
<line>- à la Mairie de Cabriès,</line></par>
<par>
<line>- à la Préfecture des Bouches du Rhône, Boulevard Paul Peytral -</line>
<line>13282 Marseille Cedex 20,</line></par>
<par>
<line>- à la Direction Départementale de l'Equipement, Service Aménagement,</line>
<line>9, avenue Général Leclerc - 13332 Marseille Cedex 3.</line></par>
<par>
<line>- à la Sous-Préfecture d’Aix-en-Provence, 24, rue Mignet - 13617 Aix-en-</line>
<line>Provence Cedex 01.</line></par>
<par>
<line>ARTICLE 3 : Le présent arrêté sera publié au recueil des actes administratifs de la Préfecture et</line>
<line>mention en sera faite en caractères apparents dans im journal diffusé dans le</line>
<line>département.</line></par>
<par>
<line>Cet avis sera affiché pendant un mois en mairie de Cabriès et un certificat du Maire</line>
<line>justifiera l’accomplissement de cette mesure de publicité.</line></par>
</text>
</block>
<block><region><rect/></region>
<text>
<par>
<line>ARTICLE 4 : Des copies conformes du présent arrêté seront adressées :</line></par>
<par>
<line>- au Maire de Cabriès,</line></par>
<par>
<line>- au Directeur Départemental de l'Equipement,</line></par>
<par>
<line>- au Directeur de la Prévention des Pollutions et des Risques,</line>
<line>au Sous-Préfet d’Aix-en-Provence.</line></par>
<par>
<line>ARTICLE 5 : - Le Secrétaire Général de la Préfecture des Bouches du Rhône,</line></par>
<par>
<line>- Le Sous-Préfet d’Aix-en-Provence,</line></par>
<par>
<line>- Le Maire de la Commune de Cabriès,</line></par>
<par>
<line>- Le Directeur Départemental de l’Equipement des Bouches du Rhône</line></par>
<par>
<line>sont chargés, chacun en ce qui le concerne, de l'exécution du présent arrêté.</line></par>
</text>
</block>
<block><region><rect/></region>
<text>
<par>
<line>Fait à Marseille, le i B JUIL. I</line></par>
</text>
</block>
<block><region><rect/><rect/><rect/><rect/></region>
<text>
<par>
<line>Â</line></par>
<par>
<line>Sscr^rs</line></par>
</text>
</block>
<block><region><rect/></region>
<text>
<par/>
</text>
</block>
<block><region><rect/></region>
<text>
<par/>
</text>
</block>
<block><region><rect/></region>
<text>
<par>
<line>Didier MAFiT’tt.i</line></par>
</text>
</block>
<block><region><rect/><rect/></region>
<text>
<par>
<line>Pour copie conforme</line></par>
<par>
<line>Chef Bureau de l'ürbaniama</line></par>
</text>
</block>




</page>
</PM1>