<?xml version="1.0" encoding="UTF-8"?><PM1>
<page width="1653" height="2336" resolution="200">
<block><region><rect/></region>
<text>
<par>
<line>'■</line></par>
</text>
</block>
<block><region><rect/></region>
<text>
<par>
<line>.Libeité.^iiallti • Fraternité.</line></par>
</text>
</block>
<block><region><rect/></region>
<text>
<par>
<line>Réfubuque Française</line></par>
<par>
<line>PRÉFECTURE DES BOUCHES-DU-RHÔNE</line></par>
</text>
</block>
<block><region><rect/></region>
<text>
<par>
<line>DIRECriOIN' DES COLLECTmTÉS LOCALES</line>
<line>ET DU CADRE DE VIE</line></par>
</text>
</block>
<block><region><rect/></region>
<text>
<par>
<line>BUREAU DE L'EN\TRONNE.MjLNT</line></par>
</text>
</block>
<block><region><rect/></region>
<text>
<par>
<line>MarseiUe,le 17^0012004</line></par>
</text>
</block>
<block><region><rect/></region>
<text>
<par>
<line>Poÿÿicr suK'i par ; Madame BRUNO</line>
<line>S 04.91.15,64.65,</line></par>
<par>
<line>EB/BN</line>
<line>N° 2004-69 C</line></par>
<par>
<line>ARRÊTÉ</line></par>
</text>
</block>
<block><region><rect/></region>
<text>
<par>
<line>Instituant des seivitudes d'utiiité publique sur le site</line>
<line>de l'ancienne carrière souterraine de gypse</line>
<line>de Saint-Pierre/Saint-Jnlien-Les-IMartigucs,</line>
<line>sur le territoire de la commune de MARTIGüES</line></par>
</text>
</block>
<block><region><rect/></region>
<text>
<par>
<line>LE PRÉFET DE LA RÉGION PROVENCE, ALPES, CÔTE D'AZUR,</line>
<line>PRÉFET DES BOUCHES-DU-RHÔNE,</line></par>
<par>
<line>OFFICIER DE LA lÉGION D'HONNEUR,</line></par>
</text>
</block>
<block><region><rect/></region>
<text>
<par>
<line>'VU le Code de lUrbanisme et notamment ses articles L. 123-1 - 123-16 et 126-1,</line></par>
<par>
<line>VU le Code de l’Environnement et notamment ses articles L.515-9 à I..5] 5-12,</line></par>
<par>
<line>VU le décret n° 77-1133 du 21 Septembre 1977 modiûé relatif aux Installations Classées pour la</line>
<line>Protection de rEnwonnemeut et notamment ses articles 24-1 à 24-8,</line></par>
<par>
<line>VTT l'arrêté préfectoral \\° 86-150 C du 19 Septembre 1986 autorisant la Société des PLATIUES</line>
<line>LAFARGE à exploiter, par travaux souterrains, une carrière de gypse sur le territoire de la commune de</line>
<line>MARTIGUES,</line></par>
<par>
<line>VU rarrêté préfectoral n° 91-1 i 1 C du 17 Mai 1991 autorisant la Société des PLATRES LAFARGE</line>
<line>à procéder au délaissement d'exploitation des panneaux 0, 1 et 2 de la carrière souterraine de</line>
<line>susvisée,</line></par>
<par>
<line>Mj rairêté préfectoral coniplémeulaire n° 2000-324 C du 18 Octobre 2000 fixant des prescriptions</line>
<line>complémentaires pour assurer un suivi au plan de la sécurité des personnes et des biens après abandon de</line>
<line>l'exploitation, et le procès-verbal de récolement du 19 Décembre 2000,</line></par>
<par>
<line>VU le dossier transmis le U Juillet 2002 par la Société LAFARGE PLATRES, et notamment le</line>
<line>rapport INERIS DRS.02.20945yR02 du 25 Mars 2002, en vue de l'iîtstitution de serv-itudes d'utilité</line>
<line>publique sur le site de l'ancienne carrière souteiiaine de gt'pse sise à Saint-Pien-e/Saint-Julien-Les-</line>
<line>Martigues, sur le territoire de la commune de RIARTIGÜES,</line></par>
</text>
</block>
<block><region><rect/></region>
<text>
<par>
<line>f’RiFrsrjnriikssa^crŒj-Düw'HûK'x- jsus:M.ir.stnusaiDF.K:^o - mjsu:moi. - ri'iscofjc:Ci.9i.is.i3i.c7.</line></par>
</text>
</block>
<block><region><rect/></region>
<text>
<par>
<line>P L.U. os la Ville de Maitigues du 10-12-2010 ~ 05a1-L(SteServiîiides</line></par>
</text>
</block>
<block><region><rect/></region>
<text>
<par>
<line>k</line></par>
</text>
</block>
<block><region><rect/></region>
<text>
<par>
<line>23</line></par>
</text>
</block>













</page>
<page width="1653" height="2336" resolution="200">
<block><region><rect/></region>
<text>
<par>
<line>vu le rapport du Directeur Régional de l’Industrie, de la Recherche et de l’Environnement en date</line>
<line>du 17 Juillet 2002, complété le 5 Décembre 2002 et le 5 Mars 2003,</line></par>
<par>
<line>VU l'avis du Ser\dce Interministériel Régional des Affaires Civiles et Economiques de Défense et</line>
<line>de la Protection Civile en date du 27 Août 2002,</line></par>
<par>
<line>l'avis de la Direction Départementale de lEquipement en date du 5 Novembre 2002,</line></par>
<par>
<line>VU l'avis de la Direction Départementale de l’Agriculture et de la Forêt en date du 17 Juillet 2003,</line></par>
<par>
<line>VU l'avis de la Direction Régionale de rEnvironnement en date du 5 Août 2003,</line></par>
<par>
<line>VU l'avis du Sous-Préfet d'ISTRES en date du 1*^ Septembre 2003,</line></par>
<par>
<line>VU l'arrêté préfectoral 2003-128 C du 23 Avril 2003 soumettant le dossier à l'enquête publique,</line></par>
<par>
<line>VU les résultats de l'enquête publique qui s'est déroulée du 4 Juin 2003 au 4 Juillet 2003 inclus et</line>
<line>les conclusions du commissaire enquêteur,</line></par>
<par>
<line>MJ le rapport de synthèse du Directeur Régional de l’Industrie, de la Recherche et de</line>
<line>rEnvironnement en date du 2 Décembre 2003,</line></par>
<par>
<line>VU l'avis motivé émis par la Commission Départementale des Carrières au cours de sa séance en</line>
<line>date du 13 Janvier 2004,</line></par>
<par>
<line>CONSroÉRANT que les risques de mouvements de terrain lies à la présence de lits argileux et de</line>
<line>vides souterrains résultant de l’exploitation du gisement de gypse, nécessitent la mise en place de</line>
<line>dispositions particulières de protection,</line></par>
<par>
<line>SUR PROPOSITION du Secrétaire Générai de la Préfecture des Bouches-du-Rhône,</line></par>
</text>
</block>
<block><region><rect/></region>
<text>
<par>
<line>ARRÊTE</line></par>
</text>
</block>
<block><region><rect/></region>
<text>
<par>
<line>ARTICLE 1er</line></par>
</text>
</block>
<block><region><rect/></region>
<text>
<par>
<line>Par référence au rapport INERIS DRS-02-20945/R02 en date du 25 Mars 2002, des scivitudes</line>
<line>d'utilité publique sont instituées sur les parcelles du territoire de la commune de MARTIGUES figurant</line>
<line>dans la liste et dans les zones délimitées sur le plan annexé au présent arrêté.</line></par>
</text>
</block>
<block><region><rect/></region>
<text>
<par>
<line>ARTICLE 2</line></par>
</text>
</block>
<block><region><rect/></region>
<text>
<par>
<line>Ces servitudes sont destinées à assurer la protection des personnes et des biens existants et futurs.</line></par>
</text>
</block>
<block><region><rect/></region>
<text>
<par>
<line>Arrêt du Projet de P.L.U. rJe ia VHle de Martigues du_29-01-l£- OSal-ListeServitudes</line></par>
<par>
<line>24</line></par>
</text>
</block>



</page>
<page width="1653" height="2336" resolution="200">
<block><region><rect/></region>
<text>
<par>
<line>ARTICLE 3</line></par>
</text>
</block>
<block><region><rect/></region>
<text>
<par>
<line>Les servitudes applicables aux parcelles concernées sont les suivantes ;</line></par>
<par>
<line>&gt; ZONE Zî</line></par>
<par>
<line>Dans cette zone, soumise à des risques d’instabilités dangereuses pour les personnes ou</line>
<line>susceptibles d’affecter sérieusement la stabilité des omTages en surface, les constructions nouvelles sont</line>
<line>interdites et les travaux à réaliser sur les constructions existantes réglementés.</line></par>
<par>
<line>Les parcelles considérées comme dangereuses pour Iss personnes, délimitées lors de l'abandon</line>
<line>des travaux et inscrites à la conservation des hypothèques comme incessibles, devront rester clôturées.</line></par>
<par>
<line>—&gt;■ Biens et activités existants :</line></par>
<par>
<line>Sont autorisés, à condition qu’ils n’aggravent pas les risques ou ne donnent pas Heu à leurs</line></par>
<par>
<line>effets ;</line></par>
<par>
<line>• les travaux d’entretien courant des constructions et infrastructures implantées</line>
<line>antérieurement à l’élaboration du zonage, notamment les aménagements routiers, les</line>
<line>traitements de façade, la réfection des toitures,</line></par>
<par>
<line>■ les travaux agricoles, sous réserve qu’ils ne fassent pas l’-objet d’une occupation humaine</line>
<line>permanente,</line></par>
<par>
<line>■ les travaux d’infrastracture nécessaires au fonctionnement des services publics, y compris</line>
<line>la pose de lignes et de câbles, sous réserve que le maître d’ouvrage prenne les dispositions</line>
<line>appropriées au-x risques engendrés par ces travaux et en avertisse le public par une</line>
<line>signalisation efficace,</line></par>
<par>
<line>■ tous travaux et aménagements destinés à réduire les risques, à condition que ces mesures</line>
<line>ne soient pas de nature à compromettre la sécurité des parcelles voisines,</line></par>
<par>
<line>■ tous travaux de démolition à condition de ne pas aggraver les risques de mouvement de</line>
<line>terrain pendant et après les tra%'aux.</line></par>
<par>
<line>—&gt; Biens et activités futurs :</line></par>
<par>
<line>La zouc est inconstructible. Aucune nouvelle construction n’est autorisée. Sont également</line>
<line>interdits les projets d’occupation et d’utilisation du sol suivants ;</line></par>
<par>
<line>■ l’habitat léger de loisirs,</line></par>
<par>
<line>■ le camping et les caravanes isolées,</line></par>
<par>
<line>■ les terrains de camping et caravaning,</line></par>
<par>
<line>■ les installations classées.</line></par>
<par>
<line>Ne peuvent faire l’objet d’aménagement que les ouvrages techniques d’intérêt public destinés</line>
<line>à assurer les communications ou à protéger la zone. Ces travaux exigent la mise en œuvre d’une étude</line>
<line>spécifique visant à défiuir les travaux de mise en sécurité préalables à réaliser.</line></par>
</text>
</block>
<block><region><rect/></region>
<text>
<par>
<line>P.L.U. de la Ville de Martigues du 10-12-2010 - 05a1-ListeServiîudes</line></par>
</text>
</block>
<block><region><rect/></region>
<text>
<par>
<line>25</line></par>
</text>
</block>













</page>
<page width="1662" height="2342" resolution="200">
<block><region><rect/></region>
<text>
<par>
<line>&gt; ZOIVE 22</line></par>
</text>
</block>
<block><region><rect/></region>
<text>
<par>
<line>Dans cette zone soumise à des risques d’instabilités non dangereuses pour les personnes niais</line>
<line>susceptibles d’affecter la stabilité des bâtiments, les constructions nouvelles et les travaux à réaliser sur</line>
<line>les constructions existantes sont réglementés :</line></par>
</text>
</block>
<block><region><rect/></region>
<text>
<par>
<line>Biens et activités existants :</line></par>
</text>
</block>
<block><region><rect/></region>
<text>
<par>
<line>Sont autorisés, à condition qu’ils n’aggravent pas les risques ou ne donnent pas lieu à leurs</line></par>
<par>
<line>effets ;</line></par>
<par>
<line>• les travaux d’entretien courant des constiuctions et infrastructures implantées</line>
<line>antérieurement à l’élaboration du zonage, notamment les aménagements routiers, les</line>
<line>traitements de façade, la réfection des toitures,</line></par>
<par>
<line>■ les travaux d’infrastructure nécessaires au fonctionnement des services publics, y compris</line>
<line>la pose de lignes et de câbles sous résen^e que le maître d’ouvrage prenne les dispositions</line>
<line>appropriées aiLX risques engendrés par ces travaux et en avertisse le public par une</line>
<line>signalisation efficace,</line></par>
<par>
<line>■ tous travaax de démolition à condition de ne pas aggraver les risques de mouvements de</line>
<line>terrain pendant et après les travaux.</line></par>
<par>
<line>—&gt; Biens et activités futurs (v compris Textension du bâtit :</line></par>
<par>
<line>Dans cette zone, les projets de construction qui conduisent à une occupation permanente ou</line>
<line>temporaire de la surface, doivent prendre en considération l’aléa géotechnique et prévoir le cas échéant</line>
<line>des dispositions constructives aptes à supporter les mouvements de terrain (fondations spécifiques,</line>
<line>structure, etc...)</line></par>
<par>
<line>&gt; ZONE Z3</line></par>
</text>
</block>
<block><region><rect/></region>
<text>
<par>
<line>Dans cette zone sous-minée, peu sensible à l’apparition de mouvements en surface, les</line>
<line>constructions nouvelles et les travamx à réaliser sur les constructions existantes sont réglementés.</line></par>
<par>
<line>- &gt; Biens et activités existants :</line></par>
<par>
<line>Sont autorisés, à condition qu’ils n’aggravent pas les risques existants ou qu’ils n’engendrent</line>
<line>pas de nouveaux risques :</line></par>
<par>
<line>■ tous travaux d’entretien courant des constructions et infrastructures présentes sur la zone,</line></par>
<par>
<line>• tous travaux d’infrastructure nécessaires au fonctionnement des sendees publics,</line></par>
<par>
<line>■ tous travaux de démolitioa</line></par>
<par>
<line>-&gt; Biens et activités futurs (v comuri.s Textension du bâti) :</line></par>
<par>
<line>Sont autorisés, à condition qu'ils n'aggravent pas les risques existants ou qu'ils n'engendrent</line>
<line>pas de nouveaux risques, tous projets de construction individuelle de t&gt;pe pavillonnaire.</line></par>
</text>
</block>
<block><region><rect/></region>
<text>
<par>
<line>Arrêt du Projet de P.L.U. de la Ville de Martigues du 29-01-10 ~ OBal-ListeServitudes</line></par>
<par>
<line>26</line></par>
</text>
</block>













</page>
<page width="1653" height="2336" resolution="200">
<block><region><rect/></region>
<text>
<par>
<line>La construction de bâtiments autres que pavillonnaires (lotissement, structure industrielle ou</line>
<line>agricole... ) est réglementée.</line></par>
<par>
<line>Dans cette zone, les projets de construction qui conduisent à une occupation permanente ou</line>
<line>temporaire de la surface, doivent prendre en considération l’aléa géotechnique et prévoir le cas échéant</line>
<line>des dispositions constructives aptes à supporter les mouvements de terrain (fondations spécifiques,</line>
<line>structure, etc...)</line></par>
</text>
</block>
<block><region><rect/></region>
<text>
<par>
<line>ARTICLE 4</line>
<line>&gt; ZONE Z4</line></par>
</text>
</block>
<block><region><rect/></region>
<text>
<par>
<line>Cette zone étudiée dans l'étude INERIS susvisée est hors influence des exploitations</line>
<line>souterraines connues.</line></par>
<par>
<line>La géologie particulière de son sous-sol (argile en surface et gypse en sous-sol) et de son</line>
<line>comportement est portée à la connaissance de la commune de MARTIGUES qui aura à tenir compte,</line>
<line>dans son Plan Local dTJrbanisme des phénomènes de retrait-gonflement de la couverture argileuse et de</line>
<line>veiller à éviter des projets ou des aménagements qui créeraient des risques de dissolution du gypse.</line></par>
</text>
</block>
<block><region><rect/></region>
<text>
<par>
<line>ARTICLE 5</line></par>
</text>
</block>
<block><region><rect/></region>
<text>
<par>
<line>Les servitudes ci-dessus seront annexées au Plan Local d'Urbanisme de la commune de</line>
<line>MARTIGUES dans les conditions prévues à l'article L.126-1 du Code de l'Urbanisme,</line></par>
</text>
</block>
<block><region><rect/></region>
<text>
<par>
<line>ARTICLE 6</line></par>
</text>
</block>
<block><region><rect/></region>
<text>
<par>
<line>Les propriétaires concernés figurant sur la liste ci-annexée, seront rendus destinataires du présent</line>
<line>arrêté, dont une copie sera également transmise à la Société LAJFARGE PLATRES et au Maire de</line>
<line>MARTIGUES.</line></par>
<par>
<line>Cette copie sera déposée aux archives de la commune pour être communiquée à toute partie</line>
<line>intéressée qui en fera la demande.</line></par>
</text>
</block>
<block><region><rect/></region>
<text>
<par>
<line>ARTICLE 7</line></par>
</text>
</block>
<block><region><rect/></region>
<text>
<par>
<line>Le Maire est également chargé de faire afficher un extrait du présent arrêté en mairie, pendant une</line>
<line>durée minimale d'un mois.</line></par>
<par>
<line>Enfin, un avis sera inséré dans deux journaux du département par les soins de la Préfecture aux</line>
<line>frais de la Société LAFARGE PLATRES.</line></par>
</text>
</block>
<block><region><rect/></region>
<text>
<par>
<line>P.L.U. de la Ville de Martigues du 10-12-2010- 05a1-ListeServitudes</line></par>
</text>
</block>
<block><region><rect/></region>
<text>
<par>
<line>27</line></par>
</text>
</block>








</page>
<page width="1705" height="2373" resolution="200">
<block><region><rect/></region>
<text>
<par>
<line>ARTICLE 8</line></par>
</text>
</block>
<block><region><rect/></region>
<text>
<par>
<line>La présente décision peut être déférée au Tribunal Administratif de Marseille, le délai de recours</line>
<line>étant de deux mois pour l’exploitant à compter de la date de notification de la décision et de quatre ans</line>
<line>pour les tiers à compter de la date du présent arrêté.</line></par>
</text>
</block>
<block><region><rect/></region>
<text>
<par>
<line>yVJRTICLE 9</line></par>
</text>
</block>
<block><region><rect/></region>
<text>
<par>
<line>Les droits des tiers sont et demeurent expressément réserv’és.</line></par>
</text>
</block>
<block><region><rect/></region>
<text>
<par>
<line>ARTICLE 10</line></par>
</text>
</block>
<block><region><rect/></region>
<text>
<par>
<line>- Le Secrétaire Général de la Préfecture des Bouches-du-Rtiône,</line></par>
<par>
<line>- Le Sous-Préfet d'ISTRES,</line></par>
<par>
<line>- Le Maire de MARTIGUES,</line></par>
<par>
<line>- Le Directeur Régional de l'Industrie, de la Recherche et de l'Environnement,</line></par>
<par>
<line>- Le Directeur Régional de lEnvironnement,</line></par>
<par>
<line>- Le Directeur Départemental de lEquipement,</line></par>
<par>
<line>- Le Directeur Départemental de l’Agriculture et de la Forêt,</line></par>
<par>
<line>- Le Chef du Senrice Interministériel Régional des Affaires Civiles et Economiques de Défense</line>
<line>et de la Protection Chrile,</line></par>
<par>
<line>sont chargés, chacun en ce qui le concerne, de l'exécution du présent arrêté.</line></par>
</text>
</block>
<block><region><rect/></region>
<text>
<par>
<line>MARSEILLE, le j 7 AOUT 2004</line></par>
</text>
</block>
<block><region><rect/><rect/></region>
<text>
<par>
<line>Pour le Pr^et,</line></par>
<par>
<line>Le Secrétaire Général ji^r intér</line></par>
</text>
</block>
<block><region><rect/></region>
<text>
<par/>
</text>
</block>
<block><region><rect/></region>
<text>
<par>
<line>Le Sous-Préfet d'ISTRES</line>
<line>Jacques DELPEY</line></par>
</text>
</block>
<block><region><rect/></region>
<text>
<par>
<line>Arrêt du Projet de P.L.U. de la Ville de Martigues du 29-01-10 - 05a1-LisleServitudes</line></par>
<par>
<line>. 28</line></par>
</text>
</block>








</page>
</PM1>