<?xml version="1.0" encoding="UTF-8"?><PM1>
<page width="2729" height="3635" resolution="300">
<block><region><rect/></region>
<text>
<par>
<line>REPUBLIQUE FRANÇAISE</line></par>
</text>
</block>
<block><region><rect/></region>
<text>
<par>
<line>PREFECrURE DES BOUCHES DU RHONE</line></par>
</text>
</block>
<block><region><rect/></region>
<text>
<par>
<line>Direction des Collectivités locales</line>
<line>et du Cadre de vie</line></par>
</text>
</block>
<block><region><rect/></region>
<text>
<par>
<line>V Direction Départementale de l'Equipement</line></par>
</text>
</block>
<block><region><rect/></region>
<text>
<par/>
</text>
</block>
<block><region><rect/></region>
<text>
<par/>
</text>
</block>
<block><region><rect/><rect/></region>
<text>
<par>
<line>■UT-.</line></par>
</text>
</block>
<block><region><rect/></region>
<text>
<par>
<line>&amp;■</line></par>
<par>
<line>f-</line></par>
</text>
</block>
<block><region><rect/></region>
<text>
<par>
<line>Marseille, le gS QCT 200^</line></par>
</text>
</block>
<block><region><rect/></region>
<text>
<par>
<line>ARRETE PORTANT APPROBATION DU</line>
<line>PLAN DE PREVENTION DES RISQUES NATURELS PREVISIBLES</line>
<line>DE LA COMMUNE DE MARSEILLE</line></par>
</text>
</block>
<block><region><rect/></region>
<text>
<par>
<line>(Mm.r\&gt;ements de terrain)</line></par>
</text>
</block>
<block><region><rect/></region>
<text>
<par>
<line>Le Préfet de la Région Provence. Alpes, Côte d'Azur</line>
<line>Préfet des Bouches du Rliône</line>
<line>Officier de la Légion d'Honneur</line></par>
</text>
</block>
<block><region><rect/></region>
<text>
<par>
<line>VU la loi n° 82.600 du 13 Juillet 1982, relative à l'indemnisation des victimes de catastrophes naturelles;</line></par>
<par>
<line>Vu la loi n° 87-565 du 22 Juillet 1987 relative à l'organisation de la sécurité civile, à la protection de la forêt contre</line>
<line>l'incendie et à la prévention des risques majeurs.</line></par>
<par>
<line>VU le décret 95-1089 du 5 Octobre 1995 relatif aux plans de prévention des risques naturels prévisibles;,</line></par>
<par>
<line>VU l'arrêté préfectoral en date du 15 Juin 1998, prescrivant l'établissement d'un plan de prévention des risques</line>
<line>naturels prévisibles sur le territoire de la Commune de Marseille;</line></par>
<par>
<line>VU l'arrêté préfectoral en date du 13 Mars 2002 par lequel a été prescrite l'ouverture d'une enquête publique sur le</line>
<line>plan de prévention des risques naturels prévisibles de la Commune de Marseille;</line></par>
<par>
<line>VU les observations présentées au cours de l'enquêtej</line></par>
<par>
<line>VU l'avis du Commissaire Enquêteur en date du 28 Mai 2002;</line></par>
<par>
<line>VU la lettre adressée au Maire de Marseille le 21 juin 2002 pour lui demander de faire délibérer le Conseil Municipal;</line></par>
<par>
<line>CONSIDERANT que le dossier établi par la Direction Départementale de l'Equipement peut, en l’état de la procédure,</line>
<line>être approuvé,</line></par>
<par>
<line>SUR proposition du Secrétaire Général de la Préfecture des Bouches du Rhône,</line></par>
</text>
</block>



</page>
<page width="2624" height="3560" resolution="300">
<block><region><rect/></region>
<text>
<par>
<line>ARRETE</line></par>
</text>
</block>
<block><region><rect/></region>
<text>
<par>
<line>ARTICLE 1er: le plan de prévention des risques naturels prévisibles de la Commune de Marseille (Mouvements de</line>
<line>terrain), tel qu'il est annexé au présent arrêté, est approuvé.</line></par>
<par>
<line>Ce document comprend:</line></par>
<par>
<line>- un rapport de présentation,</line></par>
<par>
<line>- un plan de situation à l'échelle du 1/25 000°</line></par>
<par>
<line>- un plan de zonage à l'échelle du 1/5 000°,</line></par>
<par>
<line>- un règlement.</line></par>
</text>
</block>
<block><region><rect/></region>
<text>
<par>
<line>ARTICLE 2: ce plan de prévention des risques naturels prévisibles est tenu à la disposition du public, aux heures</line>
<line>d'ouvertures des bureaux:</line></par>
<par>
<line>- à la Mairie de Marseille, ^</line></par>
<par>
<line>- à la Préfecture des Bouches du Rhône, Boulevard Paul Pe3iral - 13282 Marseille CEDEX 20,</line></par>
<par>
<line>- à la Direction Départementale de l'Equipement, Service Aménagement, 7, avenue Général Leclerc -</line>
<line>13332 Marseille</line></par>
</text>
</block>
<block><region><rect/></region>
<text>
<par>
<line>ARTICLE 3 ■' le présent arrêté sera afiSché en Mairie de Marseille; un certificat du Maire justifiera l'accomplissement</line>
<line>de cette mesure de publicité.</line></par>
</text>
</block>
<block><region><rect/></region>
<text>
<par>
<line>ARTICLE 4: des copies conformes du présent arrêté seront adressées;</line></par>
<par>
<line>- au Maire de la Commune de Marseille,</line></par>
<par>
<line>- au Directeur Départemental de lEquipement,</line></par>
<par>
<line>- au Directeur de la Prévention des Pollutions et des Risques.</line></par>
</text>
</block>
<block><region><rect/></region>
<text>
<par>
<line>ARTICLE 5: - le Secrétaire Général de la Préfecture des Bouches du Rhône,</line></par>
<par>
<line>- le Maire de la Commune de Marseille,</line></par>
<par>
<line>- le Directeur Départemental de lEquipement des Bouches du Rhône sont chargés, chacun en ce qui le</line>
<line>concerne, de l'exécution du présent arrêté, qui sera publié au recueil des actes administratifs de la</line>
<line>Préfecture et dont mention sera faite en caractères apparents dans les journaux "La Provence et "La</line>
<line>Marseillaise".</line></par>
</text>
</block>
<block><region><rect/><rect/><rect/><rect/><rect/><rect/></region>
<text>
<par/>
</text>
</block>
<block><region><rect/></region>
<text>
<par/>
</text>
</block>
<block><region><rect/></region>
<text>
<par/>
</text>
</block>
<block><region><rect/></region>
<text>
<par>
<line>3</line></par>
</text>
</block>
<block><region><rect/><rect/></region>
<text>
<par/>
</text>
</block>
<block><region><rect/></region>
<text>
<par>
<line>PoiiS le Préfet</line>
<line>Le SscrétarB Général Adjoint</line></par>
</text>
</block>
<block><region><rect/></region>
<text>
<par>
<line>GérardOF^êHAUT</line></par>
</text>
</block>










</page>
</PM1>