<?xml version="1.0" encoding="UTF-8"?><PM1>
<page width="1653" height="2339" resolution="200">
<block><region><rect/><rect/></region>
<text>
<par>
<line>Liberté • Égalité • Fraternité</line>
<line>RÉPUBLIQUE FRANÇAISE</line></par>
<par>
<line>PREFECTURE DES BOUCHES-DU-RHONE</line></par>
</text>
</block>
<block><region><rect/></region>
<text>
<par>
<line>DIRECTION DES COLLECTIVITES LOCALES</line>
<line>ET DU DEVELOPPEMENT DURABLE</line>
<line>Bureau du Développement Durable</line>
<line>et de rUrbanisme</line></par>
</text>
</block>
<block><region><rect/></region>
<text>
<par>
<line>ARRETE APPROUVANT L’ETABLISSEMENT D’UN</line>
<line>PLAN DE PREVENTION DES RISQUES NATURELS PREVISIBLES</line>
<line>SUR LE TERRITOIRE DE LA COMMUNE DE ROQUEVAIRE</line>
<line>( « retrait-gonflement » des argiles)</line></par>
</text>
</block>
<block><region><rect/></region>
<text>
<par>
<line>Le Préfet de la Région Provence, Alpes, Côte d'Azur</line>
<line>Préfet des Bouches du Rhône</line>
<line>Officier de la Légion d’Honneur</line>
<line>Officier de TOrdre National du Mérite</line></par>
</text>
</block>
<block><region><rect/></region>
<text>
<par>
<line>VU le Code de l’Environnement, notamment ses articles L.562-1 et suivants et R.562-1 et suivants,</line></par>
<par>
<line>VU le Code de l’Expropriation pour cause d’utilité publique, notamment ses articles L.l 1-4 et R. 11-4 à</line>
<line>R.U-14,</line></par>
<par>
<line>VU le Code de l’Urbanisme, notamment l’article R.l 11-2,</line></par>
<par>
<line>VU le Code des Assurances, notamment l’article L. 125-6,</line></par>
<par>
<line>VU le Code Civil, notamment les articles 552, 553 et 1384 - ■</line></par>
<par>
<line>VU la Loi n° 1982.600 du 13 juillet 1982, relative à l’indemnisation des victimes de catastrophes naturelles,</line></par>
<par>
<line>VU la Loi n® 1983.630 du 12 juillet 1983 relative à la démocratisation des enquêtes publiques et à la</line>
<line>protection de l’environnement,</line></par>
<par>
<line>VU la Loi n° 1995-101 du 2 février 1995 relative au renforcement de la protection de l’environnement,</line></par>
<par>
<line>* ■</line></par>
<par>
<line>VU la Loi n® 2003-699 du 30 juillet 2003 relative à la prévention des risques technologiques et naturels et à</line>
<line>la réparation des dommages et notamment les articles 39 et 40,</line></par>
<par>
<line>VU la Loi n®2004-811 du 13 août 2004 relative à la modernisation de la sécurité civile,</line></par>
<par>
<line>VU la Circulaire interministérielle du 23 avril 2007 relative au financement par le fonds de prévention des</line>
<line>risques naturels majeurs de certaines mesures de prévention,</line></par>
<par>
<line>VU le décret n°1995-I089 du 5 octobre 1995 modifié par le décret n® 2005-3 du 4 janvier 2005, relatif aux</line>
<line>plans de prévention des risques naturels prévisibles,</line></par>
<par>
<line>VU le décret n®2005- 1156 du 13 septembre 2005 relatif au pian communal de sauvegarde.</line></par>
</text>
</block>



</page>
<page width="1653" height="2339" resolution="200">
<block><region><rect/></region>
<text>
<par>
<line>vu le décret n° 2007-1400 du 28 septembre 2007 relatif aux besoins prioritaires de la population et aux</line>
<line>mesures à prendre par les exploitants d'un service destiné au public lors de situations de crise, pris en</line>
<line>application du I de l'article 6 de la loi n° 2004-811 du 13 août 2004,</line></par>
<par>
<line>VU l’arrêté préfectoral en date du 6 juillet 2005, prescrivant le plan de prévention des risques naturels</line>
<line>prévisible « retrai-gonflement » des argiles sur la commune de Roquevaire,</line></par>
<par>
<line>VU l’arrêté préfectoral en date du 17 décembre 2008 par lequel a été prescrite l’ouverture d’une enquête</line>
<line>publique sur le plan de prévention des risques naturels prévisibles « retrait-gonflement» des argiles sur la</line>
<line>commune de Roquevaire,</line></par>
<par>
<line>VU la délibération du conseil municipal en date du 26 octobre 2009,</line></par>
<par>
<line>VU les observations présentées au cours de l’enquête publique qui s’est déroulée entre le 26 janvier et le 26</line>
<line>mars 2009,</line></par>
<par>
<line>VU l’avis du commissaire enquêteur en date du 24 avril 2009,</line></par>
<par>
<line>CONSIDERANT que le dossier établi par la Direction Départementale des Territoires et de la Mer peut, en</line>
<line>l’état de la procédure, être approuvé,</line></par>
<par>
<line>SUR proposition du Secrétaire Général de la Préfecture des Bouches du Rhône,</line></par>
</text>
</block>
<block><region><rect/></region>
<text>
<par>
<line>ARRETE</line></par>
</text>
</block>
<block><region><rect/></region>
<text>
<par>
<line>ARTICLE 1*"^: Le plan de prévention des risques naturels prévisibles « retrait-gonflement des</line>
<line>argiles » de la commune de Roquevaire, tel qu’il est annexé au présent arrêté, est</line>
<line>approuvé.</line></par>
<par>
<line>Ce document comprend :</line></par>
<par>
<line>- un rapport de présentation, ' •</line></par>
<par>
<line>- un plan de zonage,</line></par>
<par>
<line>- un règlement,</line></par>
<par>
<line>- une annexe</line></par>
<par>
<line>ARTICLE 2 : Ce plan de prévention des risques naturels prévisibles est tenu à la disposition du</line>
<line>public aux heures d’ouverture des bureaux :</line></par>
<par>
<line>- à la mairie de Roquevaire,</line></par>
<par>
<line>- à la Préfecture des Bouches du Rhône, boulevard Paul Peytral - 13282</line>
<line>Marseille Cedex 20,</line></par>
<par>
<line>- à la Direction Départementale des Territoires et de la Mer, Service</line>
<line>Urbanisme, 16 rue Antoine Zattara 13332 Marseille Cedex 3.</line></par>
<par>
<line>ARTICLE 3 : Le présent arrêté sera publié au recueil des actes administratifs de l’Etat et mention</line>
<line>en sera faite en caractères apparents dans un journal diffusé dans le département.</line></par>
<par>
<line>Cet avis sera affiché pendant un mois en mairie de Roquevaire et un certificat du</line>
<line>Maire justifiera l’accomplissement de cette mesure de publicité.</line></par>
</text>
</block>



</page>
<page width="1653" height="2339" resolution="200">
<block><region><rect/></region>
<text>
<par>
<line>ARTICLE 4:</line></par>
</text>
</block>
<block><region><rect/></region>
<text>
<par>
<line>Tout recours gracieux contre le présent arrêté doit parvenir à la Préfecture des</line>
<line>Bouches du Rhône dans un délai de deux mois à compter de la dernière des</line>
<line>parutions citées à l’article 3.</line></par>
<par>
<line>Tout recours contre le présent arrêté doit parvenir au tribunal administratif de</line>
<line>Marseille dans un délai de deux mois à compter de la dernière des parutions citées à</line>
<line>l’article 3.</line></par>
</text>
</block>
<block><region><rect/></region>
<text>
<par>
<line>ARTICLE 5 : Des copies du présent arrêté seront adressées :</line></par>
<par>
<line>- au Maire de Roquevaire,</line></par>
<par>
<line>- au Directeur Départemental des Territoires et de la mer,</line></par>
<par>
<line>- au Directeur Général de la Prévention et des Risques - Ministère de</line>
<line>l’Ecologie, de l’Energie, du Développement Durable et de la Mer.</line></par>
<par>
<line>ARTICLE 6 : - Le Secrétaire Général de la Préfecture des Bouches du Rhône,</line></par>
<par>
<line>- Le Maire de la commune de Roquevaire,</line></par>
<par>
<line>- Le Directeur Départemental des Territoires et de la Mer des Bouches du Rhône,</line>
<line>sont chargés, chacun en ce qui le concerne, de l’exécution du présent arrêté.</line></par>
</text>
</block>
<block><region><rect/></region>
<text>
<par>
<line>Fait à</line></par>
</text>
</block>
<block><region><rect/></region>
<text>
<par>
<line>e ille, le ■</line></par>
</text>
</block>
<block><region><rect/></region>
<text>
<par>
<line>Pni»r/le Pr,',-Gt</line>
<line>ScadakQ -Générai</line></par>
</text>
</block>





</page>
</PM1>