<?xml version="1.0" encoding="UTF-8"?><PM1>
<page width="2584" height="3531" resolution="300">
<block><region><rect/></region>
<text>
<par>
<line>REPUBLIQUE FRANÇAISE</line></par>
</text>
</block>
<block><region><rect/></region>
<text>
<par>
<line>Préfecture des bouches du rhone</line></par>
<par>
<line>\ —</line></par>
<par>
<line>direction des collectivites locales et</line></par>
<par>
<line>DU CADRE DE VIE</line></par>
</text>
</block>
<block><region><rect/></region>
<text>
<par>
<line>Direction Départementale de l'Equipement</line></par>
</text>
</block>
<block><region><rect/></region>
<text>
<par>
<line>ARRETE PORTANT APPROBATION DU</line>
<line>PLAN DE PREVENTION DES RISQUES NATURELS PREVISIBLES</line>
<line>DE LA COMMUNE DE SEPTEMES LES VALLONS</line></par>
<par>
<line>(Inondation)</line></par>
</text>
</block>
<block><region><rect/></region>
<text>
<par>
<line>Le Préfet de la Région Provence, Alpes, Côte d'Azur,</line>
<line>Préfet des Bouches du Rhône,</line></par>
<par>
<line>Officier de la Légion d Honneur,</line></par>
</text>
</block>
<block><region><rect/></region>
<text>
<par>
<line>Vu la loi n° 82-600 du 13 juillet 1982 relative à l'indemnisation des victimes de catastrophes</line>
<line>naturelles ;</line></par>
<par>
<line>Vu la loi n° 87-565 du 22 juillet 1987 relative à l'organisation de la sécurité civile, à la protection de</line>
<line>la forêt contre l'incendie et à la prévention des risques majeurs ;</line></par>
<par>
<line>Vu le décret n° 95-1089 du 5 octobre 1995 relatif aux plans de prévention des risques naturels</line>
<line>prévisibles,</line></par>
<par>
<line>Vu l'arrêté préfectoral du 6 mai 1998 prescrivant l’établissement d’un plan de prévention des risques</line>
<line>naturels prévisibles sur le territoire de la commune de SEPTEMES-les-VALLONS ;</line></par>
<par>
<line>VU l'arrêté préfectoral du 16 février 2000 par lequel a été prescrite l’ouverture d’une enquête</line>
<line>publique sur le plan de prévention des risques naturels prévisibles de la commune de SEPTEMES-</line>
<line>les-VALLONS ;</line></par>
<par>
<line>VU les observations présentées au cours de l’enquête</line>
<line>VU l’avis du Commissaire-Enquêteur en date du 23 mai 2000 ;</line></par>
<par>
<line>VU la délibération du 7 septembre 2000 du Conseil Municipal de la commune de SEPTEMES-les-</line>
<line>VALLONS émettant un avis favorable au dossier de plan de prévention des risques naturels</line>
<line>prévisibles soumis à l’enquête publique ;</line></par>
<par>
<line>CONSIDERANT que le dossier établi par la Direction Départementale de l'Equipement peut, en</line>
<line>l'état de la procédure, être approuvé ;</line></par>
<par>
<line>SUR proposition du Secrétaire Général de la Préfecture des Bouches du Rhône.</line></par>
<par>
<line>ARRETE</line></par>
<par>
<line>ARTICLE 1 : Le Plan de Prévention des Risques Naturels Prévisibles de la commune de</line>
<line>SEPTEMES-les-VALLONS (inondation), tel qu’il est annexé au présent arrêté, est</line>
<line>approuvé.</line></par>
</text>
</block>








</page>
<page width="2668" height="3593" resolution="300">
<block><region><rect/></region>
<text>
<par>
<line>Ce document comprend</line></par>
</text>
</block>
<block><region><rect/></region>
<text>
<par>
<line>- un rapport' de présentation,</line></par>
<par>
<line>- un plan de zonage à l’échelle du 1/ 2000ème,</line></par>
<par>
<line>- un règlement.</line></par>
<par>
<line>ARTICLE 2: Ce Plan de Prévention des Risques Naturels Prévisibles est tenu à la disposition du</line>
<line>public, aux heures d'ouverture des bureaux :</line></par>
<par>
<line>- à la Mairie de SEPTEMES-les-VALLONS,</line></par>
<par>
<line>- à Sous-Préfecture d'Aix en Provence, 24, rue Mignet - 13617 AIX-en-PROVENCE</line>
<line>Cedex 01,</line></par>
<par>
<line>- à la Préfecture des Bouches du Rhône, boulevard Paul Peytral - 13282 MARSEILLE</line>
<line>Cedex 20,</line></par>
<par>
<line>- à la Direction Départementale de 1 Equipement, Service de Défense et Sécurité</line>
<line>Civiles, 7, avenue Général Leclerc - 13332 MARSEILLE Cedex 3.</line></par>
<par>
<line>ARTICLE 3: Le présent arrêté sera affiché en Mairie de SEPTEMES-Ies-VALLONS, un certificat</line>
<line>du Maire justifiera l’accomplissement de cette mesure de publicité.</line></par>
<par>
<line>ARTICLE 4: Des copies conformes du présent arrêté seront adressées :</line></par>
<par>
<line>- au Sous-Préfet de l'arrondissement d'Aix en Provence,</line></par>
<par>
<line>- au Maire de la commune de SEPTEMES-les-VALLONS,</line></par>
<par>
<line>- au Directeur Départemental de 1 Equipement,</line></par>
<par>
<line>- au Directeur de la Prévention des Pollutions et des Risques.</line></par>
<par>
<line>ARTICLE 5: le Secrétaire Général de la Préfecture des Bouches du Rhône,</line>
<line>le Sous-Préfet de l'arrondissement d'Aix en Provence,</line>
<line>le Maire de la commune de SEPTEMES-les-VALLONS,</line>
<line>le Directeur Départemental de lEquipement des Bouches du Rhône,</line>
<line>sont chargés, chacun en ce qui le concerne, de l'exécution du présent arrêté, qui sera</line>
<line>publié au recueil des actes administratifs de la Préfecture et dont mention sera faite en</line>
<line>caractères apparents dans les journaux « La Provence » et « La Marseillaise ».</line></par>
</text>
</block>
<block><region><rect/></region>
<text>
<par>
<line>POUR COPIÉ CONFORME</line>
<line>Le Chef de Bureau de "Urbanisme</line></par>
</text>
</block>
<block><region><rect/></region>
<text>
<par>
<line>RUG</line></par>
</text>
</block>
<block><region><rect/></region>
<text>
<par>
<line>Marseille, le 3 0 OCT 2008</line></par>
</text>
</block>
<block><region><rect/></region>
<text>
<par>
<line>Pour, le Préfet</line>
<line>Le Secrétafre Général</line></par>
</text>
</block>
<block><region><rect/></region>
<text>
<par>
<line>Emmanuel BERTHIE3</line></par>
</text>
</block>
<block><region><rect/></region>
<text>
<par>
<line>.auren;</line></par>
</text>
</block>








</page>
</PM1>