<?xml version="1.0" encoding="UTF-8"?><PM1>
<page width="1654" height="2339" resolution="200">
<block><region><rect/></region>
<text>
<par>
<line>lÀhnti * ÉgAlltt • Pmltmlti</line></par>
<par>
<line>Réfubuque Française</line></par>
</text>
</block>
<block><region><rect/></region>
<text>
<par>
<line>PREFET DES BOUCHES-DU-RHONE</line></par>
</text>
</block>
<block><region><rect/></region>
<text>
<par>
<line>DIRECTION DEPARTEMENTALE DES TERRITOIRES ET DE LA MER</line></par>
<par>
<line>Service Urbanisme/Pôle Risques</line></par>
<par>
<line>RAA</line></par>
</text>
</block>
<block><region><rect/></region>
<text>
<par>
<line>Arrêté</line></par>
<par>
<line>Approuvant l’établissement d’un Plan de Prévention des Risques Naturels prévisibles</line></par>
<par>
<line>d’inondation sur la commune de Gémenos</line></par>
</text>
</block>
<block><region><rect/></region>
<text>
<par>
<line>Le Préfet de la région Provence-Alpes-Côte d’Azui-,</line>
<line>Préfet de la zone de défense et de sécurité sud,</line>
<line>Préfet des Bouches-du-Rhône</line></par>
</text>
</block>
<block><region><rect/></region>
<text>
<par>
<line>VU le Code de l’environnement, notamment ses articles L.562-1 à L.562-8 et R.562-1 à</line>
<line>R.562-12, .</line></par>
</text>
</block>
<block><region><rect/></region>
<text>
<par>
<line>VU le Code de la construction et de l’habitation, notamment son article R. 126-1,</line></par>
<par>
<line>VU le Code de l’urbanisme, notamment les articles L. 151-43, L. 152-7, L. 153-60 et R. 111-2,</line></par>
<par>
<line>VU le décret n°2004-374 du 29 avril 2004 relatif aux pouvoirs des Préfets, à l’organisation et à</line>
<line>l'action des services de l’État dans les régions et départements,</line></par>
<par>
<line>VU le décret n°2009-1484 du 3 décembre 2009 modifié relatif aux directions départementales</line>
<line>interministérielles,</line></par>
<par>
<line>VU l’arrêté préfectoral en date du 26 janvier 2015, portant prescription d'un plan de</line>
<line>prévention des risques naturels prévisibles, (inondation par débordement de la Maïre et de ses</line>
<line>affluents) sur la commune de Gémenos,</line></par>
<par>
<line>VU l’arrêté préfectoral en date du 28 septembre 2016 portant ouverture et organisation d’une</line>
<line>enquête publique sur le projet de plan de prévention des risques naturels prévisibles</line>
<line>d’inondation sur la commune de Gémenos,</line></par>
<par>
<line>VU l'avis favorable du SDIS en date du 13 septembre 2016,</line></par>
<par>
<line>VU l'avis favorable du SIBVH en date du 20 septembre 2016,</line></par>
<par>
<line>VU l’avis favorable avec réserves de la Chambre d’Agriculture des Bouches-du-Rhône en date</line>
<line>du 21 septembre 2016,</line></par>
</text>
</block>




</page>
<page width="1654" height="2339" resolution="200">
<block><region><rect/></region>
<text>
<par>
<line>vu l'avis favorable avec recommandations de la Chambre de Commerce et d’Industiie des</line>
<line>Bouches-du-Rhône en date du 23 septembre 2016,</line></par>
<par>
<line>VU l’avis favorable avec réserves de la commune de Gémenos en date du 26 septembre 2016,</line></par>
<par>
<line>VU l’avis favorable du Conseil Départemental des Bouches-du-Rhône en date du 5 octobre</line>
<line>2016,</line></par>
<par>
<line>VU l'avis favorable avec réserve de la Métropole Aix-Marseille-Provence en date du 17</line>
<line>octobre 2016,</line></par>
<par>
<line>VU le rapport, les conclusions motivées, ainsi que l’avis favorable assorti de</line>
<line>recommandations, rédigés par la commission d’enquête et datés du 9 janvier 2017,</line></par>
<par>
<line>VU les réponses apportées par le maître d'ouvrage aux remarques émises lors de la procédure,</line></par>
<par>
<line>CONSIDERANT que les modifications apportées au projet de plan de prévention des risques</line>
<line>naturels prévisibles d’inondation sur la commune de Gémenos à l’issue de l'enquête publique,</line>
<line>ne remettent pas en cause l'économie générale du plan,</line></par>
<par>
<line>SUR proposition du Secrétaire Général de la Préfecture des Bouches-du-Rhône,</line></par>
</text>
</block>
<block><region><rect/></region>
<text>
<par>
<line>ARRETE</line></par>
</text>
</block>
<block><region><rect/></region>
<text>
<par>
<line>ARTICLE 1—; Le plan de prévention des risques naturels prévisibles d’inondation de la</line>
<line>commune de Gémenos, tel qu’il est annexé au présent arrêté, est approuvé.</line></par>
<par>
<line>Le dossier comprend :</line></par>
<par>
<line>- un rapport de présentation,</line></par>
<par>
<line>- un règlement,</line></par>
<par>
<line>- un plan de zonage réglementaire (2 planches),</line></par>
<par>
<line>- une carte des aléas (2 planches),</line></par>
<par>
<line>- les annexes du PPRi (support numérique).</line></par>
<par>
<line>ARTICLE 2 : Le plan de prévention des risques naturels prévisibles d’inondation est tenu à</line>
<line>la disposition du public dans les locaux :</line></par>
<par>
<line>- de la mairie de Gémenos,</line></par>
<par>
<line>- de la Préfecture des Bouches-du-Rhône / Direction Départementale des</line>
<line>Territoires et de la Mer (DDTM) des Bouches-du-Rhône / Service Urbanisme (16</line>
<line>rue Antoine Zattara - 13332 Marseille Cedex 3).</line></par>
<par>
<line>Il est également consultable sur le site internet des Sei*vices de l’État dans le département des</line>
<line>Bouches-du-Rhône, www.bouches-du-rhone. gouv.fr.</line></par>
</text>
</block>






</page>
<page width="1654" height="2339" resolution="200">
<block><region><rect/></region>
<text>
<par>
<line>ARTICLE 3 : Le présent arrêté sera publié au recueil des actes administratifs de la Préfecture</line>
<line>et mention en sera faite en caractères apparents dans un journal diffusé dans le département.</line></par>
<par>
<line>Une copie du présent arrêté sera affichée pendant au moins un mois en mairie</line>
<line>de Gémenos et au siège de la Métropole Aix-Marseille-Provence. Un certificat signé du Maire</line>
<line>et du Président justifiera l’accomplissement de cette mesure de publicité.</line></par>
<par>
<line>Une copie du certificat d'affichage sera adressée à la DDTM des Bouches-du-</line></par>
<par>
<line>Rhône.</line></par>
<par>
<line>ARTICLE 4 ; Des copies du présent arrêté seront adressées :</line></par>
<par>
<line>- au Maire de Gémenos,</line></par>
<par>
<line>- au Président de la Métropole Aix-Marseille-Provence,</line></par>
<par>
<line>- au Directeur Départemental des Territoires et de la Mer des Bouches-du-Rhône,</line></par>
<par>
<line>ARTICLE 5 : En application de l'article L.562-4 du Code de l’Environnement, le plan de</line>
<line>prévention des risques naturels prévisibles vaut servitude d'utilité publique. A ce titre, il doit</line>
<line>être annexé au document d'urbanisme de la commune dans un délai de 1 an à compter de la</line>
<line>réception du présent arrêté.</line></par>
<par>
<line>ARTICLE 6 : - Le Secrétaire Général de la Préfecture des Bouches du Rhône,</line></par>
<par>
<line>- Le Maire de la commune de Gémenos,</line></par>
<par>
<line>- Le Président de la Métropole Aix-Marseille-Provence,</line></par>
<par>
<line>- Le Directeur Départemental des Territoires et de la Mer des Bouches-du-</line>
<line>Rhône,</line></par>
<par>
<line>sont chargés, chacun en ce qui le concerne, de l’exécution du présent arrêté.</line></par>
</text>
</block>
<block><region><rect/></region>
<text>
<par>
<line>A MARSEILLE, le</line></par>
</text>
</block>
<block><region><rect/></region>
<text>
<par>
<line>Préfet</line></par>
</text>
</block>
<block><region><rect/></region>
<text>
<par>
<line>? FfV</line></par>
</text>
</block>
<block><region><rect/></region>
<text>
<par>
<line>BOUÏÏXDN</line></par>
</text>
</block>























</page>
</PM1>