<?xml version="1.0" encoding="UTF-8"?><PM1>
<page width="1653" height="2339" resolution="200">
<block><region><rect/></region>
<text>
<par>
<line>Liberté ■ Égalité • fraternité</line></par>
<par>
<line>RÉPUBLIQUE Française</line></par>
</text>
</block>
<block><region><rect/></region>
<text>
<par>
<line>PREFECTURE DES BOUCHES-DU-RHONE</line></par>
</text>
</block>
<block><region><rect/></region>
<text>
<par>
<line>DIRECTION DEPARTEMENTALE</line>
<line>DES TERRITOIRES ET DE LA MER</line></par>
<par>
<line>Service Urbanisme</line>
<line>Pôle risques</line></par>
</text>
</block>
<block><region><rect/></region>
<text>
<par>
<line>ARRETE APPROUVANT L’ETABLISSEMENT D’UN</line>
<line>PLAN DE PREVENTION DES RISQUES NATURELS PREVISIBLES</line>
<line>SUR LE TERRITOIRE DE LA COMMUNE D’AUBAGNE</line>
<line>(« relrait-gonfleinent » des argiles)</line></par>
</text>
</block>
<block><region><rect/></region>
<text>
<par>
<line>Préfet de la région Provence, Alpes, Côte d'Azur,</line>
<line>Préfet de la zone de défense et de sécurité Sud,</line>
<line>Préfet des Bouches-du-RJiône,</line></par>
<par>
<line>Officier de la Légion dTIonneur,</line>
<line>Chevalier de l'Ordre National du Mérite</line></par>
</text>
</block>
<block><region><rect/></region>
<text>
<par>
<line>VU le Code de l’Environnement, notamment ses articles L.562-1 et suivants et R.562-1 et suivants,</line></par>
<par>
<line>VU le Code de l’Urbanisme, notamment les articles L. 126-1 et R. 111-2,</line></par>
<par>
<line>VU le décret n®2004-374 du 29 avril 2004 relatif aux pouvoirs des préfets, à l’organisation et à l'action des services de</line>
<line>l’Etat dans les régions et départements,</line></par>
<par>
<line>VU le décret n°2009-1484 du 3 décembre 2009 modifié relatif aux directions départementales intenninistérielles,</line></par>
<par>
<line>VU l’arrêté préfectoral en date du 22 juillet 2013 par lequel a été prescrite l’ouverture d’une enquête publique sur le</line>
<line>plan de prévention des risques naturels prévisibles « retrait-gonflement» des argiles sur la commune de Aubagne,</line></par>
<par>
<line>VU l’arrêté préfectoral en date du 26 avril 2010, prescrivant le plan de prévention des risques naturels prévisible</line>
<line>« retrait-gonflement» des argiles sur la commune de Aubagne,</line></par>
<par>
<line>VU l'avis favorable du Centre Régional de la Propriété Forestière PACA en date du 8 février 2013</line></par>
<par>
<line>VU les avis favorables tacites, du fait de l’absence de réponse dans les délais, du Conseil Général des Bouches-du-</line>
<line>Riiône, du Conseil Régional PACA, de la Chambre d'Agricullure, du Service Départemental d'incendie et de Secours et</line>
<line>de la Communauté d'Agglomération du Pays d'Aubagne et de l’Étoile</line></par>
<par>
<line>VU les obser\'ations présentées au cours de l’enquête publique qui s’est déroulée entre le 8 septembre et le 18 octobre</line>
<line>2013 inclus,</line></par>
<par>
<line>VU l’avis favorable de la conunission d'enquête en date du 18 novembre 2013,</line></par>
<par>
<line>VU les modifications apportées, en réponse aux remarques émises lors de la procédure, à la rédaction du règlement dans</line>
<line>le Titre II- notamment en ce qui concerne les mesures applicables aux constructions de maisons individuelles et de leurs</line>
<line>extensions,</line></par>
<par>
<line>CONSIDERANT que le dossier établi par la Direction Départementale des Territoires et de la Mer peut, en l’état de la</line>
<line>procédure, être approuvé,</line></par>
<par>
<line>SUR proposition du Secrétaire Général de la Préfecture des Bouches du Rliône,</line></par>
</text>
</block>



<block blockType="Picture" blockName="" l="830" t="40" r="912" b="119"><region><rect/></region>
</block>
</page>
<page width="1660" height="2344" resolution="200">
<block><region><rect/></region>
<text>
<par>
<line>ARRETE</line></par>
</text>
</block>
<block><region><rect/></region>
<text>
<par>
<line>ARTICLE r^i Le plan de prévention des risques naturels prévisibles « retrait-gonflement » des argiles, de</line>
<line>la commune de Aubagne, tel qu’il est annexé au présent ari’êté, est approuvé.</line></par>
<par>
<line>Ce document comprend :</line></par>
<par>
<line>- un rapport de présentation,</line></par>
<par>
<line>- un plan de zonage,</line></par>
<par>
<line>- un règlement,</line></par>
<par>
<line>- des amiexes.</line></par>
<par>
<line>ARTICLE 2 : Ce plan de prévention des risques naturels prévisibles est tenu à la disposition du public aux</line>
<line>heures d’ouverture des bureaux :</line></par>
<par>
<line>- à la mairie de Aubagne,</line></par>
<par>
<line>- à la Préfecture des Bouches du Rhône, Direction Départementale des Territoires et de la</line>
<line>Mer, Service Urbanisme, 16 rue Antoine Zattara 13332 Marseille Cedex 3.</line></par>
<par>
<line>Il sera consultable sur le site internet des sei'vices de l’État dans le département des Bouches-du-Rliône.</line></par>
<par>
<line>ARTICLE 3 : Le présent arrête sera publié au recueil des actes administratifs de la Préfecture et mention en</line>
<line>sera faite en caractères apparents dans un journal difhjsé dans le département.</line></par>
<par>
<line>Cet avis sera affiché pendant un mois en mairie de Aubagne et un certificat du Maire</line>
<line>justifiera raccomplissemcnl de cette mesure de publicité.</line></par>
<par>
<line>ARTICLE 4 ; Le plan de prévention des risques naturels prévisibles vaut servitude d’utilité publique. Il doit</line>
<line>être annexé au plan local d'urbanisme de la commune d'Aubagne dans un délai de 3 mois à compter de la</line>
<line>réception du présent arrêté.</line></par>
<par>
<line>ARTICLE 5 ; Tout recours gracieux contre le présent arrêté doit parvenir à la Préfecture des Bouches du</line>
<line>Rhône dans un délai de deux mois à compter de la dernière des panations citées à l’article 3.</line></par>
<par>
<line>Tout recours contre le présent arrêté doit parvenir au tribunal administratif de Marseille</line>
<line>dans un délai de deux mois à compter de la dernière des parutions citées à l’article 3.</line></par>
<par>
<line>ARTICLE 6 ; Des copies du présent aiTêté seront adressées :</line></par>
<par>
<line>- au Maire de Aubagne,</line></par>
<par>
<line>- au Directeur Départemental des Tenitoircs et de la Mer,</line></par>
<par>
<line>- au Président de la Communauté d'Agglomération du Pays d'Aubagne et de l’Étoile</line></par>
<par>
<line>ARTICLE 7 : - Le Secrétaire Général de la Préfecture des Bouches du Rhône,</line></par>
<par>
<line>- Le Maire de la commune de Aubagne,</line></par>
<par>
<line>- Le Directeur Départemental des Territoires et de la Mer des Bouches du Rhône,</line>
<line>sont chargés, chacun en ce qui le concerne, de l’exécution du présent arrêté.</line></par>
</text>
</block>
<block><region><rect/></region>
<text>
<par>
<line>Fait à Marseille, le f2ÿ^</line></par>
</text>
</block>
<block><region><rect/></region>
<text>
<par>
<line>OaüOI</line></par>
</text>
</block>









</page>
</PM1>