<?xml version="1.0" encoding="UTF-8"?><PM1>
<page width="2479" height="3508" resolution="300">
<block><region><rect/></region>
<text>
<par>
<line>mm</line></par>
<par>
<line>Liberté • Egalité * Fraternité</line></par>
<par>
<line>république Française</line>
<line>PREFECTURE DE L'ARDECHE</line></par>
</text>
</block>
<block><region><rect/></region>
<text>
<par>
<line>ü</line></par>
<par>
<line>Direction</line>
<line>départementale</line>
<line>de l'Equipement</line>
<line>De l'Ardèche</line></par>
</text>
</block>
<block><region><rect/></region>
<text>
<par>
<line>Service de l'urbanisme, de</line>
<line>l'Aménagement et de l'Environnement</line></par>
<par>
<line>2 place des Mobiles</line>
<line>BP 613</line></par>
<par>
<line>07006 Privas Cedex</line>
<line>Tél : 04 75 65 50 00</line>
<line>Fax : 04 75 64 59 44</line></par>
</text>
</block>
<block><region><rect/></region>
<text>
<par>
<line>ARRETE PREFECTORAL N° 2005-248-25</line></par>
<par>
<line>DU 5/09/2005</line></par>
<par>
<line>portant approbation du Plan de Prévention des</line>
<line>Risques d'inondation de la rivière La Dorne</line>
<line>dans la commune de Dornas</line></par>
</text>
</block>
<block><region><rect/></region>
<text>
<par>
<line>LE PREFET DE L'ARDECHE</line>
<line>Chevalier de \a Légion d'Honneur,</line>
<line>Chevalier de l'Ordre National du Mérite</line></par>
</text>
</block>
<block><region><rect/></region>
<text>
<par>
<line>Vu le code de l'environnement et notamment ses articles L 562-1 à 562-7 instaurant les Plans de</line>
<line>Prévention des Risques Naturels Prévisibles,</line></par>
<par>
<line>Vu le décret n° 95-1089 du 5 octobre 1995 relatif aux Plans de Prévention des Risques, et en</line>
<line>particulier les articles 1 à 7 précisant les modalités de leur élaboration,</line></par>
<par>
<line>Vu le code de l'expropriation pour cause d'utilité publique et notamment son article R 111-4</line>
<line>relatif aux procédures d'enquête publique,</line></par>
<par>
<line>Vu l'arrêté préfectoral n° 2002-290-40 du 17/10/2002 prescrivant l'établissement d'un PPR</line>
<line>Inondation sur la rivière La Dorne,</line></par>
<par>
<line>Vu l'avis du Consei l M uni ci pal de Dornas en date du 03/09/2004,</line></par>
<par>
<line>Vu l'arrêté préfectoral n° 2004-272-27 du 28/09/2004 prescrivant l'enquête publique sur le Plan</line>
<line>de Prévention des Risques d'Inondation de la rivière La Dorne dans la commune de Dornas ,</line></par>
<par>
<line>Vu le procès-verbal de l'enquête publique à laquelle il a été procédé du 19/10 au 9/11/2004,</line></par>
<par>
<line>Vu le rapport du commissai re-enquêteur en date du 6/12/2004,</line></par>
<par>
<line>Sur proposition du Secrétaire Général de la Préfecture,</line></par>
</text>
</block>



<block blockType="Picture" blockName="" l="237" t="362" r="593" b="903"><region><rect/></region>
</block>
</page>
<page width="2479" height="3508" resolution="300">
<block><region><rect/></region>
<text>
<par>
<line>A R R E TE :</line></par>
</text>
</block>
<block><region><rect/></region>
<text>
<par>
<line>ARTICLE 1</line></par>
<par>
<line>1 - Le Plan de Prévention des Risques d'Inondation de la rivière La Dorne dans la commune de</line>
<line>Dornas est approuvé.</line></par>
<par>
<line>2 - Il comprend</line></par>
<par>
<line>• un rapport de présentati on</line></par>
<par>
<line>• des documents cartographi ques</line></par>
<par>
<line>• un règlement</line></par>
<par>
<line>3 - Il est tenu à la disposition du public</line></par>
<par>
<line>• à la mairie de Dornas aux heures et jours ouvrables habituels de celle-ci</line></par>
<par>
<line>• dans les locaux de la Direction Départementale de l'Equipement de Privas, aux heures</line>
<line>et jours ouvrabl es des bureaux de cel l e-ci.</line></par>
<par>
<line>• dans les locaux de la Préfecture de l'Ardèche à Privas (Service Interministériel de</line>
<line>Défense et de Protection Civile) aux heures et jours ouvrables de ses bureaux.</line></par>
<par>
<line>ARTICLE 2 - Le présent arrêté sera publié au Recueil des Actes Administratifs de la Préfecture</line>
<line>et mention en sera faite en caractères apparents dans le journal LE DAUPHINE LIBERE.</line></par>
<par>
<line>Cet avis sera par ailleurs affiché en mairie de Dornas pendant une durée minimum d'un mois et</line>
<line>porté à la connaissance du public pour tout autre procédé en usage dans la commune.</line></par>
</text>
</block>
<block><region><rect/></region>
<text>
<par>
<line>ARTICLE 3 - Dès les dernières mesures de publicité effectuées, le Plan de Prévention des</line>
<line>Risques d'Inondation s'imposera à toute demande d'autorisation d'occupation du sol en qualité</line>
<line>de servitude d'uti lité publique.</line></par>
</text>
</block>
<block><region><rect/></region>
<text>
<par>
<line>ARTICLE 4 - Des ampliations du présent arrêté seront adressées :</line></par>
<par>
<line>. au mai re de la commune de Dornas</line>
<line>. à Mme la Sous-Préfète de Tournon sur Rhône</line>
<line>. au Commissaire-Enquêteur</line>
<line>. au Directeur Départemental de l'Equipement</line>
<line>. au Directeur Régional de l'Environnement</line></par>
</text>
</block>





</page>
<page width="2479" height="3508" resolution="300">
<block><region><rect/></region>
<text>
<par>
<line>ARTICLE 5 -Mme la Sous-Préfète de Tournon sur Rhône sont chargés, chacun en ce qui le</line>
<line>concerne, de l'exécution du présent arrêté.</line></par>
<par>
<line>ARTICLE 6 : Le plan de prévention des risques de la commune de Dornas peut faire l'objet d'un</line>
<line>recours contentieux devant le tribunal administratif dans un délai de deux mois courant à</line>
<line>compter de sa publication.</line></par>
</text>
</block>


</page>
</PM1>