<?xml version="1.0" encoding="UTF-8"?><PM1>
<page width="2506" height="3527" resolution="300">
<block><region><rect/></region>
<text>
<par>
<line>Liberté • É^àlitc •' Fraternité</line></par>
</text>
</block>
<block><region><rect/></region>
<text>
<par>
<line>RÉPUBUQUE Française</line></par>
<par>
<line>PREFECTURE DE LA REGION PROVENCE - ALPES - COTE D’AZUR</line>
<line>PREFECTURE DES BOUCHES DU RHONE</line></par>
</text>
</block>
<block><region><rect/></region>
<text>
<par>
<line>Direction des Collectivites locales</line>
<line>ET DU Cadre DE VIE</line></par>
</text>
</block>
<block><region><rect/></region>
<text>
<par>
<line>ARRETE APPROUVANT L'ETABLISSEMENT D'UN</line>
<line>PLAN DE PREVENTION DES RISQUES NATURELS PREVISIBLES</line>
<line>SUR LE TERRITOIRE DE LA COMMUNE DE SAUSSET-LES-PINS</line>
<line>(Retrait-gonflement des argiles)</line></par>
</text>
</block>
<block><region><rect/></region>
<text>
<par>
<line>Le Préfet de la Région Provence-Alpes-Côte d’Azu</line>
<line>Préfet des Bouches du Rhône</line>
<line>Chevalier de la Légion d'Honneur</line>
<line>Officier de l'Ordre National du Mérite</line></par>
</text>
</block>
<block><region><rect/></region>
<text>
<par>
<line>A/TJ le code de l'environnement, notamment ses articles L.562-1 et suivants ;</line></par>
<par>
<line>ATU la loi n“ 82.600 du 13 juillet 1982, relative à. l'indemnisation des victimes de catastrophes</line>
<line>naturelles ;</line></par>
<par>
<line>AJU le décret n'’ 95-1089 du 5 octobre 1995 modifié relatif aux plans de prévention des risques</line>
<line>naturels prévisibles ;</line></par>
<par>
<line>ATI l'arrêté préfectoral en date du 06 juillet 2005, prescrivant le plan de prévention des risques naturels</line>
<line>prévisibles sur le territoire de la Commime de Sausset-les-Pins ;</line></par>
<par>
<line>A/U l'arrêté préfectoral en date du 8 novembre 2006 par lequel a été prescrite l'ouverture d'une enquête</line>
<line>publique sur le plan de prévention des risques naturels prévisibles de la Commune de Sausset-les-</line>
<line>Pins;</line></par>
<par>
<line>A/U la délibération du conseil municipal en date du 19 décembre 2005 ;</line></par>
<par>
<line>A/U les observations présentées au cours de l'enquête ;</line></par>
<par>
<line>A/U l'avis de la commission d’enquête en date du 21 février 2007 ;</line></par>
<par>
<line>CONSIDERANT que le dossier établi par la Direction Départementale de lEquipement peut, en l'état</line>
<line>de la procédure, être approuvé ;</line></par>
<par>
<line>SUR proposition du Secrétaire Général de la Préfecture des Bouches du Rhône ;</line></par>
</text>
</block>
<block><region><rect/></region>
<text>
<par>
<line>ARRETE</line></par>
</text>
</block>
<block><region><rect/></region>
<text>
<par>
<line>ARTICLE 1 er : Le plan de prévention des risques naturels prévisibles de la commune de Sausset-les-</line>
<line>Pins "retrait gonflement des argiles", tel qu'il est annexé au présent arrêté, est</line>
<line>approuvé.</line></par>
<par>
<line>Ce document comprend ;</line></par>
<par>
<line>- un rapport de présentation,</line></par>
<par>
<line>- un plan de zonage à l'échelle du 1/10 000°,</line></par>
<par>
<line>- un règlement,</line></par>
<par>
<line>- des annexes</line></par>
</text>
</block>




<block blockType="Picture" blockName="" l="1024" t="40" r="1117" b="125"><region><rect/></region>
</block>
</page>
<page width="2491" height="3516" resolution="300">
<block><region><rect/></region>
<text>
<par>
<line>ARTICLE 2 : Ce plan de prévention des risques naturels prévisibles est tenu à la disposition du public,</line>
<line>aux hexires d'ouvertures des bureaux :</line></par>
<par>
<line>- à la Mairie de Sausset-les-Pins ,</line></par>
<par>
<line>- à la Préfecture des Bouches du Rhône, Boulevard Paul Peytral -</line>
<line>13282 Marseille Cedex 20,</line></par>
<par>
<line>- à la Direction Départementale de l'Equipement, Service Aménagement,</line>
<line>9, avenue Général Leclerc - 13332 Marseille Cedex 3.</line></par>
<par>
<line>- à la Sous-Préfecture d’Istres - BP 648 - 13808 Istres cedex.</line></par>
<par>
<line>ARnÇLE_3_:Le présent arrêté sera publié au recueil des actes administratifs de la Préfecture et</line>
<line>mention en sera faite en caractères apparents dans un journal dilïusé dans le</line>
<line>département.</line></par>
<par>
<line>Cet avis sera affiché pendant un mois en mairie de Sausset-les-Pins et im certificat du</line>
<line>Maire justifiera l'accomplissement de cette mesure de publicité.</line></par>
</text>
</block>
<block><region><rect/></region>
<text>
<par>
<line>ARTTCTE4 ; Des copies conformes du présent arrêté seront adressées :</line></par>
<par>
<line>- au Maire de Sausset-les-Pins,</line></par>
<par>
<line>- au Directeur Départemental de l'Equipement,</line></par>
<par>
<line>- au Directeur de la Prévention des Pollutions et des Risques,</line>
<line>au Sous-Préfet d’Istres.</line></par>
<par>
<line>ARTICLE 5 : - Le Secrétaire Général de la Préfecture des Bouches du Rhône,</line></par>
<par>
<line>- Le Sous-Préfet d’Istres,</line></par>
<par>
<line>- Le Maire de la Commune de Sausset-les-Pins,</line></par>
<par>
<line>- Le Directeur Départemental de l'Equipement des Bouches du Rhône,</line>
<line>sont chargés, chacun en ce qui le concerne, de l'exécution du présent arrêté.</line></par>
</text>
</block>
<block><region><rect/></region>
<text>
<par>
<line>Fait à Marseille, le g 0 2007</line></par>
</text>
</block>
<block><region><rect/></region>
<text>
<par>
<line>Pour</line></par>
</text>
</block>
<block><region><rect/></region>
<text>
<par/>
</text>
</block>
<block><region><rect/></region>
<text>
<par/>
</text>
</block>
<block><region><rect/></region>
<text>
<par>
<line>Didier MA</line></par>
</text>
</block>
<block><region><rect/></region>
<text>
<par>
<line>mM</line></par>
</text>
</block>
<block><region><rect/></region>
<text>
<par>
<line>conforme</line></par>
<par>
<line>Le Chef rie Pureau de ('ürbanlame</line></par>
</text>
</block>
<block><region><rect/></region>
<text>
<par>
<line>Laure</line></par>
</text>
</block>
<block><region><rect/></region>
<text>
<par>
<line>HUGUES</line></par>
</text>
</block>






</page>
</PM1>