<?xml version="1.0" encoding="UTF-8"?><PM1>
<page width="1654" height="2339" resolution="200">
<block><region><rect/></region>
<text>
<par>
<line>Ubirté ■ égalité • Pratirnllé</line>
<line>RÉFUBUQW FRANÇAISB</line></par>
</text>
</block>
<block><region><rect/></region>
<text>
<par>
<line>PREFET DES BOUCHES-DU-RHONE</line></par>
</text>
</block>
<block><region><rect/></region>
<text>
<par>
<line>DIRECTION DEPARTEMENTALE DES TERRITOIRES ET DE LA MER</line>
<line>Service Urbanisme/Pôle Risques</line></par>
</text>
</block>
<block><region><rect/></region>
<text>
<par>
<line>Arrêté du</line></par>
<par>
<line>Approuvant l’établissement d’un Plan de Prévention des Risques d’incendie de forêt</line>
<line>sur le territoire de la commune de Marseille</line></par>
</text>
</block>
<block><region><rect/></region>
<text>
<par>
<line>Le Préfet de la Région Provence-Alpes-Côte d’Azur,</line>
<line>Préfet de la zone de défense et de sécurité Sud,</line>
<line>Préfet des Bouches-du-Rhône,</line></par>
<par>
<line>Officier de la Légion d’Honneur,</line>
<line>Commandeur de l’Ordre National du Mérite</line></par>
</text>
</block>
<block><region><rect/></region>
<text>
<par>
<line>VU le Code de l’Environnement, notamment ses articles L.562-1 à L.562-8 et R.562-1 à</line>
<line>R.562-12,</line></par>
</text>
</block>
<block><region><rect/></region>
<text>
<par>
<line>VU le Code Forestier, notamment ses articles L.131-7 et suivants et L. 134-5,</line></par>
<par>
<line>VU le Code de l’Urbanisme, notamment les articles L.152-7 et R.111-2,</line></par>
<par>
<line>VU le décret n°2002-679 du 29 avril 2002 relatif à la défense et la lutte contre l’incendie et</line>
<line>modifiant le Code Forestier,</line></par>
<par>
<line>VU le décret n°2004-374 du 29 avril 2004 relatif aux pouvoirs des Préfets, à l'organisation et à</line>
<line>l'action des services de l’État dans les régions et départements,</line></par>
<par>
<line>VU le décret n°2009-1484 du 3 décembre 2009 modifié relatif aux directions départementales</line>
<line>intenninistérielles,</line></par>
<par>
<line>VU l’arrêté préfectoral en date du 30 mars 2011 portant prescription d'un plan de prévention</line>
<line>des risques naturels prévisibles incendie de forêt sur la commune de Marseille,</line></par>
<par>
<line>VU l'avis favorable du Centre National de la Propriété Forestière en date du 15 juin 2017,</line></par>
<par>
<line>VU l’avis favorable du Bataillon des Marins Pompiers de Marseille en date du 11 juillet 2017,</line></par>
<par>
<line>VU l’avis du Parc national des Calanques en date du 21 juillet 2017,</line></par>
<par>
<line>VU l’avis de la Chambre d’Agriculture des Bouches-du-Rhône en date du 25 juillet 2017,</line></par>
</text>
</block>



</page>
<page width="1661" height="2344" resolution="200">
<block><region><rect/></region>
<text>
<par>
<line>vu l’avis favorable assorti de sept réserves de la commune de Marseille par la délibération du</line>
<line>16 octobre 2017,</line></par>
<par>
<line>VU les avis favorables tacites du Conseil Départemental, du Conseil Régional, de la</line>
<line>Métropole Aix-Marseille-Provence et du Conseil de Tenitoire Marseille-Provence de la</line>
<line>Métropole Aix-Marseille-Provence,</line></par>
<par>
<line>VU l’arrêté préfectoral en date du 9 octobre 2017 portant ouveiture et organisation d'une</line>
<line>enquête publique sur le projet de plan de prévention des risques naturels prévisibles incendie</line>
<line>de forêt sur le territoire de la commune de Marseille,</line></par>
<par>
<line>VU le procès-verbal de la commission d’enquête, de synthèse des observations assorti de</line>
<line>questions adressées au maître d’ouvrage, daté du 8 janvier 2018,</line></par>
<par>
<line>VU la note de réponse de la Direction Départementale des Tenitoires et de la Mer des</line>
<line>Bouches-du-Rhône au procès-verbal de synthèse des observations du commissaire enquêteur,</line>
<line>datée du 16 janvier 2018,</line></par>
<par>
<line>VU le rapport, les conclusions motivées, ainsi que l'avis favorable assorti d’une réserve et de</line>
<line>23 recommandations, de la commission d’enquête datés du 30 janvier 2018,</line></par>
<par>
<line>VU les réponses apportées par le maître d'ouvrage aux remarques émises lors de la procédure,</line></par>
<par>
<line>VU le rapport de synthèse de la procédure, présenté par la Direction Départementale des</line>
<line>Territoires et de la Mer des Bouches-du-Rhône, daté du 19 avril 2018,</line></par>
<par>
<line>CONSIDERANT que les modifications apportées au projet de plan de prévention des risques</line>
<line>naturels prévisibles incendie de forêt sur la commune de Marseille, à l'issue de l'enquête</line>
<line>publique, ne remettent pas en cause l'économie générale du plan,</line></par>
<par>
<line>SUR proposition du Secrétaire Général de la Préfecture des Bouches-du-Rhône,</line></par>
</text>
</block>
<block><region><rect/></region>
<text>
<par>
<line>ARRETE</line></par>
<par>
<line>ARTICLE 1—: Le plan de prévention des risques d’incendie de forêt sur la commune de</line>
<line>Marseille, tel qu’il est annexé au présent arrêté, est approuvé.</line></par>
<par>
<line>Le dossier comprend :</line></par>
<par>
<line>- un rapport de présentation,</line></par>
<par>
<line>- un règlement,</line></par>
<par>
<line>- un plan de zonage réglementaire,</line></par>
<par>
<line>- des annexes (cartes techniques d’aléa, de la typologie du bâti, et des moyens</line>
<line>de protection contre les feux de forêt).</line></par>
</text>
</block>

</page>
<page width="1654" height="2339" resolution="200">
<block><region><rect/></region>
<text>
<par>
<line>ARTICLE 2 : Le plan de prévention des risques d’incendie de forêt est tenu à la disposition</line>
<line>du public dans les locaux :</line></par>
<par>
<line>- de la mairie de Marseille,</line></par>
<par>
<line>- de la Métropole Aix-Marseille-Provence,</line></par>
<par>
<line>- du Conseil de Territoire Marseille-Provence de la Métropole Aix-Marseille-</line>
<line>Provence,</line></par>
<par>
<line>- de la Préfecture des Bouches-du-Rhône - Direction Départementale des</line>
<line>Tenitoires et de la Mer des Bouches-du-Rhône, Service Urbanisme, 16 rue</line>
<line>Antoine Zattara 13332 Marseille Cedex 3.</line></par>
<par>
<line>Il sera consultable sur le site internet des sei-vices de l’État dans le département des Bouches-</line>
<line>du-Rhône, www.bouches-du-rhone.gouv.fr.</line></par>
<par>
<line>ARTICLE 3 : Le présent arrêté sera publié au recueil des actes administratifs de la préfecture</line>
<line>des Bouches-du-Rhône et mention en sera faite en caractères apparents dans un journal diffusé</line>
<line>dans le département.</line></par>
<par>
<line>Une copie du présent ari'êté sera affichée pendant au moins un mois en mairie de Marseille et</line>
<line>au siège de la Métropole Aix-Marseille-Provence, au siège du Conseil de Territoire Mai-seille-</line>
<line>Provence de la Métropole Aix-Marseille-Provence et des certificats respectivement du Maire,</line>
<line>du Président de la Métropole, du Président du Conseil de Territoire justifieront</line>
<line>l’accomplissement de cette mesure de publicité.</line></par>
<par>
<line>Une copie du certificat d’affichage sera adressée à la DDTM des Bouches-du-Rhône.</line></par>
<par>
<line>ARTICLE 4 : Des copies du présent an’êté seront adressées :</line></par>
<par>
<line>- au Maire de Marseille,</line></par>
<par>
<line>- au Président de la Métropole Aix-Marseille-Provence,</line></par>
<par>
<line>- au Président du Conseil de Territoire Marseille-Provence de la Métropole Aix-</line>
<line>Marseille-Provence,</line></par>
<par>
<line>- au Directeur Départemental des Territoires et de la Mer des Bouches-du-</line>
<line>Rhône.</line></par>
<par>
<line>ARTICLE 5 ; En application de l’article L.562-4 du Code de l’Environnement, le plan de</line>
<line>prévention des risques d’incendie de forêt vaut servitude d’utilité publique. A ce titre, il doit</line>
<line>être annexé au document d’urbanisme de la commune dans un délai de 1 an à compter de la</line>
<line>réception du présent arrêté.</line></par>
<par>
<line>ARTICLE 6 : Le présent arrêté peut faire l’objet dans un délai de deux mois à compter de sa</line>
<line>notification, d’un recours gracieux auprès du Préfet des Bouches-du-Rhône ou d’un recours</line>
<line>hiérarchique adressé au ministre en chaige de l’environnement.</line></par>
<par>
<line>Il peut faire également l’objet d’un recours contentieux auprès du tribunal administratif de</line>
<line>Marseille soit directement, en l’absence de recours préalable, dans le délai de deux mois à</line>
<line>compter de la plus tardive des mesures de publicité prévues à l’article 3, soit à l’issue d’un</line>
<line>recours préalable dans les deux mois à compter de la notification de la réponse obtenue de</line>
<line>l’administration, ou au terme d’un silence gardé par celle-ci pendant quatre mois à compter de</line>
<line>la réception de la demande.</line></par>
</text>
</block>










</page>
<page width="1654" height="2339" resolution="200">
<block><region><rect/></region>
<text>
<par>
<line>ARTICLE 7 : - Le Secrétaire Général de la Préfecture des Bouches du Rhône,</line></par>
<par>
<line>- Le Maire de la commune de Marseille,</line></par>
<par>
<line>- Le Président de la Métropole Aix-Marseille-Provence,</line></par>
<par>
<line>- Le Président du Conseil de Territoire Marseille-Provence de la Métropole</line>
<line>Aix-Marseille-Provence,</line></par>
<par>
<line>- Le Directeur Départemental des Territoires et de la Mer des Bouches-du-</line>
<line>Rliône,</line></par>
<par>
<line>sont chargés, chacun pour ce qui le concerne, de l’exécution du présent arrêté.</line></par>
</text>
</block>
<block><region><rect/></region>
<text>
<par>
<line>A MARSEILLE, le 2 2 MAI 2018</line></par>
</text>
</block>
<block><region><rect/></region>
<text>
<par>
<line>fer</line></par>
</text>
</block>
<block><region><rect/></region>
<text>
<par>
<line>5</line></par>
</text>
</block>
<block><region><rect/></region>
<text>
<par>
<line>Pierre DARTOUT</line></par>
</text>
</block>





</page>
</PM1>