<?xml version="1.0" encoding="UTF-8"?><PM1>
<page width="1721" height="2384" resolution="200">
<block><region><rect/></region>
<text>
<par>
<line>Liberté • Egalité • Fraternité</line>
<line>RÉPUBLIQUE FRANÇAISE</line></par>
</text>
</block>
<block><region><rect/></region>
<text>
<par>
<line>PREFECTURE DES BOUCHES-DU-RHONE</line></par>
</text>
</block>
<block><region><rect/></region>
<text>
<par>
<line>DIRECTION DEPARTEMENTALE</line>
<line>DES TERRITOIRES ET DE LA MER</line></par>
<par>
<line>Ser&gt;’icc Urbanisme</line></par>
</text>
</block>
<block><region><rect/></region>
<text>
<par>
<line>N» 2,c/\Uo^8 -</line></par>
</text>
</block>
<block><region><rect/></region>
<text>
<par>
<line>ARRETE DU 2» 'AN ZOU APPROUVANT L’ETABLISSEMENT D’UN</line>
<line>PLAN DE PReVeNTION DES RISQUES NATURELS PREVISIBLES</line>
<line>D'INCENDIE DE FORET SUR LE TERRITOIRE DE LA COMMUNE</line>
<line>DE CARNOUX-EN-PROVENCE</line></par>
</text>
</block>
<block><region><rect/></region>
<text>
<par>
<line>Le Préfet de la Région Provence, Alpes, Côte d'Azur</line>
<line>Préfet des Bouches du Rhône</line>
<line>Officier de la Légion d'Honneur</line>
<line>Chevalier de l’Ordre National du Mérite</line></par>
</text>
</block>
<block><region><rect/></region>
<text>
<par>
<line>VU le Code de l’Environnement, notamment ses articles L.562-1 et suivants,</line></par>
<par>
<line>VU le Code Forestier, notamment ses articles L. 131-17 et suivants et L.134-5,</line></par>
<par>
<line>VU le décret n° 2004-374 du 29 avril 2004 modifié relatif aux pouvoirs des préfets, à l'organisation et à</line>
<line>l'action des services de l'Etat dans les régions et départements,</line></par>
<par>
<line>VU le décret n® 2009-1484 du 3 décembre 2009 modifié relatif aux directions départementales</line>
<line>interministérielles,</line></par>
<par>
<line>VU l’arrêté préfectoral en date du 30 mars 2011 prescrivant l'élaboration d'un plan de prévention des risques</line>
<line>naturels prévisibles « Incendie de Forêt » sur la commune de Camoux-en-Provence,</line></par>
<par>
<line>VU l’arrêté préfectoral en date du 28 août 2013 par lequel a été prescrite l’ouverture d’une enquête publique</line>
<line>sur le plan de prévention des risques naturels prévisibles « Incendie de forêt» sur la commune de Camoux-</line>
<line>en-Provence,</line></par>
<par>
<line>VU l'avis du Centre régional de la propriété forestière en date du 28 janvier 2013,</line></par>
<par>
<line>VU l'avis défavorable du conseil municipal de la commune de Camoux-en-Provence en date du 6 février</line>
<line>2013,</line></par>
<par>
<line>VU les avis favorables tacites du Conseil général, du Conseil régional, de la Communauté Urbaine Marseille</line>
<line>Provence Métropole, de la Chambre d'agriculture,</line></par>
<par>
<line>VU l'avis favorable du service départemental d'incendie et de secours en date du 14 mars 2013,</line></par>
</text>
</block>



</page>
<page width="1731" height="2391" resolution="200">
<block><region><rect/></region>
<text>
<par>
<line>vu les observations présentées au cours de l’enquête publique qui s’est déroulée entre le 23 septembre et le</line>
<line>24 octobre 2013 ,</line></par>
<par>
<line>VU l’avis du commissaire enquêteur en date du 15 novembre 2013 ,</line></par>
<par>
<line>SUR proposition du Secrétaire Général de la Préfecture des Bouches du Rhône,</line></par>
</text>
</block>
<block><region><rect/></region>
<text>
<par>
<line>ARRETE</line></par>
<par>
<line>ARTICLE</line></par>
</text>
</block>
<block><region><rect/></region>
<text>
<par>
<line>Le plan de prévention des risques naturels prévisibles «Incendie de Forêt» de la commune de</line>
<line>Camoux-en-Provence, tel qu’il est annexé au présent arrêté, est approuvé.</line></par>
<par>
<line>Ce document comprend :</line></par>
<par>
<line>- un rapport de présentation,</line></par>
<par>
<line>- un plan de zonage règlementaire,</line></par>
<par>
<line>- un règlement,</line></par>
<par>
<line>- des annexes (cartes d'aléa, d’enjeux et des équipements de lutte contre les</line></par>
<par>
<line>feux de forêt).</line></par>
</text>
</block>
<block><region><rect/></region>
<text>
<par>
<line>ARTICLE 2</line></par>
</text>
</block>
<block><region><rect/></region>
<text>
<par>
<line>Ce plan de prévention des risques naturels prévisibles est tenu à la disposition du public aux heures</line>
<line>d’ouverture des bureaux au public :</line></par>
<par>
<line>- à la mairie de Camoux-en-Provence,</line></par>
<par>
<line>- à la Préfecture des Bouches-du-Rhône, Direction Départementale des</line>
<line>Territoires et de la Mer, Service Urbanisme, 16 rue Antoine Zattara 13332</line>
<line>Marseille Cedex 3.</line></par>
<par>
<line>Il sera consultable sur le site internet de la Préfecture des Bouches-du-Rhône.</line></par>
</text>
</block>
<block><region><rect/></region>
<text>
<par>
<line>ARTICLE 3</line></par>
</text>
</block>
<block><region><rect/></region>
<text>
<par>
<line>I- Le présent arrêté sera notifié au Maire et au Président de la Communauté Urbaine Marseille</line>
<line>Provence Métropole pour affichage pendant un mois.</line></par>
<par>
<line>Un certificat du Maire et du Président de la Communauté urbaine justifieront l’accomplissement de</line>
<line>cette mesure de publicité, à l’issue du délai d'affichage.</line></par>
<par>
<line>II- Le présent arrêté sera notifié, pour infonnation, au Président du Conseil régional et au Président</line>
<line>du Conseil général.</line></par>
</text>
</block>



</page>
<page width="1726" height="2387" resolution="200">
<block><region><rect/></region>
<text>
<par>
<line>ARTICLE 4</line></par>
</text>
</block>
<block><region><rect/></region>
<text>
<par>
<line>Le Secrétaire Général de la Préfecture des Bouches-du-Rhône, le Maire de la commune de Camoux-</line>
<line>en-Provence, le Président de la Communauté Urbaine Marseille Provence Métropole et le Directeur</line>
<line>Départemental des Territoires et de la Mer des Bouches-du-Rhône sont chargés, chacun en ce qui le</line>
<line>concerne, de l’exécution du présent arrêté qui sera publié au recueil des actes administratifs et fera</line>
<line>l'objet d'un avis dans un journal diffusé dans le département et habilité à recevoir les annonces</line>
<line>légales ou judiciaires.</line></par>
</text>
</block>
<block><region><rect/></region>
<text>
<par>
<line>Fait à Marseille, le 2 8 JAN. ZOH</line></par>
</text>
</block>
<block><region><rect/></region>
<text>
<par>
<line>Miche! CADCXr</line></par>
</text>
</block>

</page>
</PM1>