<?xml version="1.0" encoding="UTF-8"?><PM1>
<page width="2479" height="3508" resolution="300">
<block><region><rect/></region>
<text>
<par>
<line>mm</line></par>
<par>
<line>Liberté • Egalité * Fraternité</line></par>
<par>
<line>république Française</line>
<line>PREFECTURE DE L'ARDECHE</line></par>
</text>
</block>
<block><region><rect/></region>
<text>
<par>
<line>Direction</line>
<line>départementale</line>
<line>de l'Equipement</line>
<line>De l'Ardèche</line></par>
</text>
</block>
<block><region><rect/></region>
<text>
<par>
<line>ARRETE PREFECTORAL N° 2008-44-11</line></par>
<par>
<line>DU 13/02/2008</line></par>
</text>
</block>
<block><region><rect/></region>
<text>
<par>
<line>Service de l'urbanisme</line>
<line>et de l'Environnement</line></par>
<par>
<line>2 place des Mobiles</line>
<line>BP 613</line></par>
<par>
<line>07006 Privas Cedex</line>
<line>Tél : 04 75 65 50 00</line>
<line>Fax : 04 75 64 59 44</line></par>
</text>
</block>
<block><region><rect/></region>
<text>
<par>
<line>portant approbation du Plan de Prévention des</line>
<line>Risques d'inondation de la rivière La Deûme</line>
<line>dans la commune de Saint-M arcel-les-Annonay</line></par>
</text>
</block>
<block><region><rect/></region>
<text>
<par>
<line>LE PREFET DE L'ARDECHE</line>
<line>Chevalier de \a Légion d'Honneur,</line>
<line>Officier de l'Ordre National du Mérite</line></par>
</text>
</block>
<block><region><rect/></region>
<text>
<par>
<line>Vu le code de l'environnement et notamment ses articles L.562-1 à 562-7 instaurant les Plans de</line>
<line>Prévention des Risques Naturels Prévisibles,</line></par>
<par>
<line>Vu le décret n° 95-1089 du 5 octobre 1995 relatif aux Plans de Prévention des Risques, et en</line>
<line>particulier les articles 1 à 7 précisant les modalités de leur élaboration,</line></par>
<par>
<line>Vu le code de l ' expropri ati on pour cause d'utilité publique et notamment son arti cle R.111-4</line>
<line>relatif aux procédures d'enquête publique,</line></par>
<par>
<line>Vu l'arrêté préfectoral n°2002-290-49 du 17/10/2002 prescrivant l'établissement d'un PPR</line>
<line>Inondation sur la rivière La Deûme,</line></par>
<par>
<line>Vu l'avis du Consei l M uni ci pal en date du 2/08/2007,</line></par>
<par>
<line>V u l'arrêté préfectoral n° 2007-289-16 du 16/10/2007 prescrivant l'enquête publique sur le Plan</line>
<line>de Prévention des Risques d'Inondation de la rivière La Deûme dans la commune de Saint-</line>
<line>Marcel-les-Annonay ,</line></par>
<par>
<line>Vu le procès-verbal de l'enquête publique à laquelle il a été procédé du 14/11 au 19/12/2007,</line></par>
<par>
<line>Vu le rapport du commissai re-enquêteur en date du 28/12/2007,</line></par>
<par>
<line>Sur proposition de M adame la Secrétaire Générale de la Préfecture</line></par>
</text>
</block>



</page>
<page width="2479" height="3508" resolution="300">
<block><region><rect/></region>
<text>
<par>
<line>A R R E TE :</line></par>
</text>
</block>
<block><region><rect/></region>
<text>
<par>
<line>ARTICLE 1</line></par>
<par>
<line>1 - Le Plan de Prévention des Risques d'Inondation de la rivière La Deûme dans la commune de</line>
<line>Sai nt-M arcel-les-A nnonay est approuvé</line></par>
<par>
<line>2 - Il comprend</line></par>
<par>
<line>• un rapport de présentati on</line></par>
<par>
<line>• des documents cartographi ques</line></par>
<par>
<line>• un règlement</line></par>
<par>
<line>3 - Il est tenu à la disposition du public</line></par>
<par>
<line>• à la mairie de Saint-Marcel-les-Annonay aux heures et jours ouvrables habituels de</line>
<line>celle-ci</line></par>
<par>
<line>• dans les locaux de la Direction Départementale de l'Equipement de Privas, aux heures</line>
<line>et jours ouvrabl es des bureaux de cel l e-ci.</line></par>
<par>
<line>• dans les locaux de la Préfecture de l'Ardèche à Privas (Service Interministériel de</line>
<line>Défense et de Protection Civile) aux heures et jours ouvrables de ses bureaux.</line></par>
<par>
<line>ARTICLE 2 - Le présent arrêté sera publié au Recueil des Actes Administratifs de la Préfecture</line>
<line>et menti on en sera fai te en caractères apparents dans le Dauphi né Li béré.</line></par>
<par>
<line>Cet avis sera par ailleurs affiché en mairie de Saint-Marcel-les-Annonay pendant une durée</line>
<line>minimum d'un mois et porté à l a connai ssance du public pour tout autre procédé en usage dans l a</line>
<line>commune.</line></par>
<par>
<line>ARTICLE 3 - Dès les dernières mesures de publicité effectuées, le Plan de Prévention des</line>
<line>Risques d'Inondation s'imposera à toute demande d'autorisation d'occupation du sol en qualité</line>
<line>de servitude d'uti lité publique.</line></par>
<par>
<line>ARTICLE 4 - Des ampliations du présent arrêté seront adressées :</line></par>
<par>
<line>. au maire de la commune de Saint-Marcel-les-Annonay</line>
<line>. au sous Préfet de Tournon-sur-Rhône</line>
<line>. au Commissaire-Enquêteur</line>
<line>. au Directeur Départemental de l'Equipement</line>
<line>. au Directeur Régional de l'Environnement</line></par>
<par>
<line>ARTICLE 5 -M. le sous Préfet de Tournon-sur-Rhône et le Directeur Départemental de</line>
<line>l'Equi pement sont chargés, chacun en ce qui l e concerne, de l ' exécuti on du présent arrêté.</line></par>
<par>
<line>ARTICLE 6 : Le plan de prévention des risques de la commune de Saint-Marcel-les-Annonay</line>
<line>peut faire l'objet d'un recours contentieux devant le tribunal administratif dans un délai de deux</line>
<line>mois courant à compter de sa publication.</line></par>
</text>
</block>
<block><region><rect/></region>
<text>
<par>
<line>SIGNE : Claude Valeix</line></par>
</text>
</block>







</page>
</PM1>