<?xml version="1.0" encoding="UTF-8"?><PM1>
<page width="2479" height="3504" resolution="300">
<block><region><rect/></region>
<text>
<par>
<line>mm</line></par>
<par>
<line>lOÊrtt • ÉaaOlt • Fr^tnM</line></par>
<par>
<line>UnnuQUE Française</line></par>
<par>
<line>PREFET DES BOUCHES-DU-RHONE</line></par>
</text>
</block>
<block><region><rect/></region>
<text>
<par>
<line>DIRECTION DEPARTEMENTALE DES TERRITOIRES ET DE LA MER</line>
<line>Service Urbanisme/Pôle Risques</line></par>
<par>
<line>RAA_</line></par>
<par>
<line>Arrêté approuvant l’établissement d’un</line>
<line>Plan de Prévention des Risques Naturels Prévisibles</line>
<line>Séisme et Mouvements de terrain</line>
<line>sur la commune de Salon-de-Provence</line></par>
</text>
</block>
<block><region><rect/></region>
<text>
<par>
<line>Le Préfet de la région Provence-Alpes-Côte d’Azur,</line>
<line>Préfet de la zone de défense et de sécurité sud,</line>
<line>Préfet des Bouches-du-Rhône</line></par>
</text>
</block>
<block><region><rect/></region>
<text>
<par>
<line>VU le Code de l’environnement, notamment ses articles L.562-1 à L.562-8 et R.562-1 à</line>
<line>R.562-12,</line></par>
<par>
<line>VU le Code de la construction et de l'habitation, notamment son article R. 126-1,</line></par>
<par>
<line>VU le Code de rurbanisme, notamment les articles L.151-43, L.152-7, L.153-60 et R.111-2,</line></par>
<par>
<line>VU le décret n‘'2004-374 du 29 avril 2004 relatif aux pouvoirs des Préfets, à l'organisation et à</line>
<line>l'action des services de l’État dans les régions et dépîutements,</line></par>
<par>
<line>VU le décret n°2009-1484 du 3 décembre 2009 modifié relatif aux directions départementales</line>
<line>interministérielles,</line></par>
<par>
<line>VU l’arrêté préfectoral en date du 10 mars 2016 abrogeant partiellement (pour sa partie</line>
<line>sismique et mouvements de terrain) l’arrêté du 9 décembre 1985 prescrivant l’établissement</line>
<line>d’un Plan d’Exposition aux Risques (PER) Séisme, Mouvements de terrain et Inondation sur</line>
<line>le territoire de la commune de Salon-de-Provence,</line></par>
<par>
<line>VU l’arrêté préfectoral en date du 10 mars 2016, portant presaiption d'un Plan de Prévention</line>
<line>des Risques Naturels (PPRN) Séisme et Mouvements de terrain sur la commune de Salon-de-</line>
<line>Provence,</line></par>
<par>
<line>VU l’arrêté préfectoral en date du 3 octobre 2017 portant ouverture et organisation d'une</line>
<line>enquête publique sur le projet de Plan de Prévention des Risques Naturels sur la commune de</line>
<line>Salon-de-Provence,</line></par>
<par>
<line>VU l’avis favorable de la Chambre d’Agriculture,</line></par>
</text>
</block>








</page>
<page width="2479" height="3504" resolution="300">
<block><region><rect/></region>
<text>
<par>
<line>vu l'avis favorable tacite (sans réponse à l’expiration du délai de 2 mois) de la commune de</line></par>
<par>
<line>Salon-de-Provence,</line></par>
<par>
<line>VU l'avis favorable tacite (sans réponse à l’expiration du délai de 2 mois) du Centre National</line>
<line>de la Propriété Forestière,</line></par>
<par>
<line>VU l'avis favorable tacite (sans réponse à l’expiration du délai de 2 mois) du Conseil</line>
<line>Régional,</line></par>
<par>
<line>Vu l’avis favorable tacite (sans réponse à l’expiration du délai de 2 mois) du Conseil</line>
<line>Départemental des Bouches-du-Rhône,</line></par>
<par>
<line>VU l'avis favorable tacite (sans réponse à l’expiration du délai de 2 mois) de la Métropole</line>
<line>Aix-Marseille-Provence,</line></par>
<par>
<line>VU le procès-verbal de communication des observations écrites ou orales et des courriers</line>
<line>recueillis au cours de l’enquête publique, en date du 4 décembre (complété le 12 décembre)</line>
<line>2017,</line></par>
<par>
<line>VU les réponses apportées par la Direction Départementale des Territoires et de la Mer des</line>
<line>Bouches-du-Rhône aux remarques émises lors de la procédure notamment celles formulées</line>
<line>dans le procès-verbal de synthèse des observations du Commissaire Enquêteur, en date des 7</line>
<line>et 14 décembre 2017,</line></par>
<par>
<line>VU le rapport, les conclusions motivées, ainsi que l’avis favorable, rédigés par le</line>
<line>Commissaire Enquêteur, datés du 17 décembre 2017,</line></par>
<par>
<line>VU le rapport de synthèse de la procédure, présenté p^ la Direction Départementale des</line>
<line>Territoires et de la Mer des Bouches-du-Rhône, daté du 19 février 2018,</line></par>
<par>
<line>CONSIDERANT que les modifications apportées au projet de Plan de Prévention des Risques</line>
<line>Naturels prévisibles Séisme et Mouvements de terrain sur la commune de Salon-de-Provence,</line>
<line>à l'issue de l'enquête publique, ne remettent pas en cause l'économie générale du plan,</line></par>
<par>
<line>SUR proposition du Secrétaire Général de la Préfecture des Bouches-du-Rhône,</line></par>
</text>
</block>
<block><region><rect/></region>
<text>
<par>
<line>ARRETE</line></par>
</text>
</block>
<block><region><rect/></region>
<text>
<par>
<line>ARTICLE 1^: Le Plan de Prévention des Risques Naturels prévisibles Séisme et</line>
<line>Mouvements de terrain de la commune de Salon-de-Provence, tel qu’il est annexé au présent</line>
<line>arrêté, est approuvé.</line></par>
</text>
</block>

</page>
<page width="2479" height="3504" resolution="300">
<block><region><rect/></region>
<text>
<par>
<line>Le dossier comprend ;</line></par>
<par>
<line>- un rapport de présentation,</line></par>
<par>
<line>- un règlement,</line></par>
<par>
<line>- un plan de zonage réglementaire,</line></par>
<par>
<line>- des annexes.</line></par>
<par>
<line>ARTICLE 2 : Le Plan de Prévention des Risques Naturels prévisibles est tenu à la disposition</line>
<line>du public dans les locaux :</line></par>
<par>
<line>- de la mairie de Salon-de-Provence,</line></par>
<par>
<line>- de la Préfecture des Bouches-du-Rhône/Direction Départementale des Territoires</line>
<line>et de la Mer des Bouches-du Rhône/Service Urbanisme (16 me Antoine Zattara —</line>
<line>13332 Marseille Cedex 3)</line></par>
<par>
<line>- de la Métropole Aix-Mmseille-Provence</line></par>
<par>
<line>Il est également consultable sur le site internet des Services de TÉtat dans le département des</line>
<line>Bouches-du-Rhône, www.bouches-du-rhone.gouv.fi:.</line></par>
<par>
<line>ARTICLE 3 : Le présent arrêté sera publié au Recueil des Actes Adminishatifs de la</line>
<line>Préfecture et mention en sera faite en caractères apparents dans un journal diffusé dans le</line>
<line>département.</line></par>
<par>
<line>Une copie du présent iurêté sera affichée pendant au moins un mois en mairie</line>
<line>de Salon-de-Provence et au siège de la Métropole Aix-Marseille-Provence, établissement</line>
<line>public de coopération intercommimale. Un certificat signé du Maire et du Président justifiera</line>
<line>l’accomplissement de cette mesure de publicité.</line></par>
<par>
<line>Une copie du certificat d'affichage sera adressée à la DDTM des Bouches-du-</line></par>
<par>
<line>Rhône.</line></par>
<par>
<line>ARTICLE 4 : Des copies du présent arrêté seront adressées :</line></par>
<par>
<line>- au Maire de Salon-de-Provence,</line></par>
<par>
<line>- au Président de la Métropole Aix-Marseille-Provence,</line></par>
<par>
<line>- au Directeur Départemental des Territoires et de la Mer des Bouches-du-Rhône,</line></par>
<par>
<line>ARTICLE 5 : En application de l'article L.562-4 du Code de l'Environnement, le Plan de</line>
<line>Prévention des Risques Naturels prévisibles Séisme et Mouvements de terrain vaut servitude</line>
<line>d'utilité publique. A ce titre, il doit être annexé au document d'urbanisme de la commune sans</line>
<line>délai à compter de la réception du présent arrêté.</line></par>
<par>
<line>ARTICLE 6 : Le présent arrêté peut faire Tobjet dans im délai de deux mois à compter de sa</line>
<line>notification, d’un recours gracieux auprès du Préfet des Bouches-du-Rhône ou d’un recours</line>
<line>hiérarchique adressé au ministre en charge de l’environnement.</line></par>
<par>
<line>Il peut faire également l’objet d’un recours contentieux auprès du tribunal administratif de</line>
<line>Marseille soit directement, en l’absence de recours préalable, dans le délai de deux mois à</line>
<line>compter de la plus tardive des mesures de publicité prévues à l’article 3, soit à l’issue d’un</line>
<line>recours préalable dans les deux mois à compta: de la notification de la réponse obtenue de</line>
<line>l’administration, ou au terme d’un silence gardé par celle-ci pendant quatre mois à compter de</line>
<line>la réception de la demande.</line></par>
</text>
</block>







</page>
<page width="2479" height="3504" resolution="300">
<block><region><rect/></region>
<text>
<par>
<line>ARTICLE 7 :</line></par>
</text>
</block>
<block><region><rect/></region>
<text>
<par>
<line>- Le Secrétaire Général de la Préfecture des Bouches du Rhône,</line></par>
<par>
<line>- le Sous-Préfet d’Aix-en-Provence</line></par>
<par>
<line>- Le Maire de la commune de Salon-de-Provence,</line></par>
<par>
<line>- Le Président de la Métropole Aix-Marseille-Provence,</line></par>
<par>
<line>- Le Directeur Départemental des Territoires et de la Mer des Bouches-du-</line>
<line>Rhône,</line></par>
<par>
<line>sont chargés, chacun en ce qui le concerne, de l’exécution du présent arrêté.</line></par>
</text>
</block>
<block><region><rect/></region>
<text>
<par>
<line>1 3 BAIS 2D18</line></par>
</text>
</block>
<block><region><rect/></region>
<text>
<par>
<line>A</line></par>
</text>
</block>
<block><region><rect/></region>
<text>
<par>
<line>&gt;réfet</line></par>
</text>
</block>
<block><region><rect/></region>
<text>
<par>
<line>Rerre DARTOUT</line></par>
</text>
</block>





</page>
</PM1>