<?xml version="1.0" encoding="UTF-8"?><PM1>
<page width="2655" height="3583" resolution="300">
<block><region><rect/></region>
<text>
<par>
<line>REPUBLIQUE FRANÇAISE</line></par>
</text>
</block>
<block><region><rect/></region>
<text>
<par>
<line>:F£CTURE des BOUCHES DU RHONE</line></par>
</text>
</block>
<block><region><rect/></region>
<text>
<par>
<line>Direction des Collectivités locales</line>
<line>et du Cadre de vie</line></par>
</text>
</block>
<block><region><rect/></region>
<text>
<par>
<line>Direction Départementale de l'Equipement</line></par>
</text>
</block>
<block><region><rect/></region>
<text>
<par>
<line>Marseille, le 5£p 2001</line></par>
</text>
</block>
<block><region><rect/></region>
<text>
<par>
<line>ARRETE PORTANT APPROBATION DU</line>
<line>PLAN DE PREVENTION DES RISQUES NATURELS PREVISIBLES</line>
<line>DE LA COMMUNE DE CASSIS</line>
<line>(Inondation)</line></par>
</text>
</block>
<block><region><rect/></region>
<text>
<par>
<line>Le Préfet de la Région Provence, Alpes, Côte d'Azur</line>
<line>Préfet des Bouches du Rhône</line>
<line>Officier de la Légion d'Honneur</line></par>
</text>
</block>
<block><region><rect/></region>
<text>
<par>
<line>VU la loi n° 82.600 du 13 Juillet 1982, relative à l'indemnisation des victimes de catastrophes</line>
<line>naturelles;</line></par>
<par>
<line>Vu la loi n° 87-565 du 22 Juillet 1987 relative à l'organisation de la sécurité civile, à la protection de</line>
<line>la forêt contre l'incendie et à la prévention des risques majeurs,</line></par>
<par>
<line>VU le décret n° 95-1089 du 5 Octobre 1995 relatif aux plans de prévention des risques naturels</line>
<line>prévisibles,</line></par>
<par>
<line>VU l'arrêté préfectoral en date du 25 Juin 1999, prescrivant l'établissement d'un plan de prévention</line>
<line>des risques naturels prévisibles sur le territoire de la Commune de Cassis;</line></par>
<par>
<line>VU l'arrêté préfectoral en date du 5 Janvier 2001 par lequel a été prescrite l'ouverture d'une enquête</line>
<line>publique sur le plan de prévention des risques naturels prévisibles de la Commune de Cassis;</line></par>
<par>
<line>VU les observations présentées au cours de l'enquête;</line></par>
<par>
<line>VTJ l'avis du Commissaire Enquêteur en date du 30 Mars 2001</line></par>
<par>
<line>CONSIDERANT que le dossier établi par la Direction Départementale de l'Equipement peut, en</line>
<line>l'état de la procédure, être approuvé,</line></par>
<par>
<line>SUR proposition du Secrétaire Généra! de la Préfecture des Bouches du Rhône.</line></par>
</text>
</block>






</page>
<page width="2647" height="3577" resolution="300">
<block><region><rect/></region>
<text>
<par>
<line>ARRETE</line></par>
</text>
</block>
<block><region><rect/></region>
<text>
<par>
<line>ARTICLE 1er: le plan de prévention des risques naturels prévisibles de la Commune de Cassis</line>
<line>(inondation), tel qu'il est annexé au présent arrêté, est approuvé.</line></par>
<par>
<line>Ce document comprend</line></par>
<par>
<line>- un rapport de présentation,</line></par>
<par>
<line>- un plan de zonage à l'échelle du 1/5 OOOème,</line></par>
<par>
<line>- un plan de zonage à l'échelle du 1/2 OOOème,</line></par>
<par>
<line>- un règlement.</line></par>
</text>
</block>
<block><region><rect/></region>
<text>
<par>
<line>ARTICLE 2: ce plan de prévention des risques naturels prévisibles est tenu à la disposition du public,</line>
<line>aux heures d'ouvertures des bureaux;</line></par>
<par>
<line>- à la Mairie de Cassis,</line></par>
<par>
<line>- à la Préfecture des Bouches du Rhône, Boulevard Paul Peytral - 13282 MARSEILLE</line>
<line>CEDEX 20,</line></par>
<par>
<line>- à la Direction Départementale de l'Equipement, Service de Défense et Sécurité Civiles,</line>
<line>7, avenue Général Leclerc - 13332 MARSEILLE CEDEX 3</line></par>
</text>
</block>
<block><region><rect/></region>
<text>
<par>
<line>ARTICLE 3; le présent arrêté sera affiché en Mairie de Cassis; un certificat du Maire justifiera</line>
<line>l'accomplissement de cette mesure de publicité.</line></par>
</text>
</block>
<block><region><rect/></region>
<text>
<par>
<line>ARTICLE 4: des copies conformes du présent arrêté seront adressées:</line></par>
<par>
<line>- au Maire de la Commune de Cassis,</line></par>
<par>
<line>- au Directeur Départemental de l'Equipement,</line></par>
<par>
<line>- au Directeur de la Prévention des Pollutions et des Risques</line></par>
</text>
</block>
<block><region><rect/></region>
<text>
<par>
<line>ARTICLE 5: - le Secrétaire Général de la Préfecture des Bouches du Rhône,</line></par>
<par>
<line>- le Maire de la Commune de Cassis,</line></par>
<par>
<line>- le Directeur Départemental de l'Equipement des Bouches du Rhône sont chargés,</line>
<line>chacun en ce qui le concerne, de l'exécution du présent arrêté, qui sera publié au</line>
<line>recueil des actes administratifs de la Préfecture et dont mention sera faite en</line>
<line>caractères apparents dans les journaux "La Provence " et "La Marseillaise".</line></par>
</text>
</block>
<block><region><rect/><rect/><rect/><rect/><rect/></region>
<text>
<par>
<line>PÔOR C©PIE CONFORME</line></par>
<par>
<line>Pour le Préfet</line></par>
<par>
<line>Le Directeur</line></par>
<par>
<line>des Cc^iecîivîtés Locales</line>
<line>et qü. Câdr^ de Vie</line></par>
<par>
<line>/</line></par>
</text>
</block>
<block><region><rect/></region>
<text>
<par>
<line>Pour, le Préfet</line>
<line>Le Secrÿ^ire Général</line></par>
</text>
</block>
<block><region><rect/></region>
<text>
<par>
<line>Emm</line></par>
</text>
</block>
<block><region><rect/></region>
<text>
<par/>
</text>
</block>
<block><region><rect/></region>
<text>
<par>
<line>THIER</line></par>
</text>
</block>
<block><region><rect/></region>
<text>
<par>
<line>YvesJALABERT</line></par>
</text>
</block>










</page>
</PM1>