<?xml version="1.0" encoding="UTF-8"?><PM1>
<page width="2479" height="3504" resolution="300">
<block><region><rect/></region>
<text>
<par>
<line>DDTM13</line></par>
</text>
</block>
<block><region><rect/></region>
<text>
<par>
<line>13-2019-06-21-011</line></par>
<par>
<line>Arrêté</line></par>
<par>
<line>Approuvant l’établissement d’un Plan de Prévention des</line>
<line>Risques Naturels prévisibles d’inondation sur la commune</line></par>
<par>
<line>de Marseille</line></par>
<par>
<line>(inondation par débordement des Aygalades et affluents)</line></par>
</text>
</block>
<block><region><rect/></region>
<text>
<par>
<line>DDTM13 - 13-2019-06-21-011 - Airfté</line></par>
<par>
<line>Approuvant l’établissement d’un Plan de Prévention des Risques Naturels prévisibles d’inondation sur la commune de Marseille</line>
<line>rinnnHatinn nar Héhimtement des Avoalsdes et afflnentst</line></par>
</text>
</block>
<block><region><rect/></region>
<text>
<par>
<line>11</line></par>
</text>
</block>





</page>
<page width="2479" height="3504" resolution="300">
<block><region><rect/></region>
<text>
<par>
<line>Uintt * Égaltli » FiatmUlt</line></par>
<par>
<line>UFDBUqpE TUNCAISE</line></par>
<par>
<line>PREFET DES BOUCHES-DU-RHONE</line></par>
</text>
</block>
<block><region><rect/></region>
<text>
<par>
<line>DIRECTION DÉPARTEMENTALE DES TERRITOIRES ET DE LA MER</line>
<line>Service Urbanisme-Pôle Risques</line></par>
</text>
</block>
<block><region><rect/></region>
<text>
<par>
<line>Arrêté</line></par>
<par>
<line>Approuvant l’établissement d’un Plan de Prévention des Risques Naturels prévisibles</line>
<line>d’inondation sur la commune de Marseille</line>
<line>(inondation par débordement des Aygalades et affluents)</line></par>
</text>
</block>
<block><region><rect/></region>
<text>
<par>
<line>Le Préfet de la région Provence-Alpes-Côte d’Azur,</line>
<line>Préfet de la zone de défense et de sécurité sud,</line>
<line>Préfet des Bouches-du-Rhône</line></par>
</text>
</block>
<block><region><rect/></region>
<text>
<par>
<line>VU le Code de l’environnement, notamment ses articles L.562-1 à L.562-8 et R.562-1 à</line>
<line>R.562-12,</line></par>
</text>
</block>
<block><region><rect/></region>
<text>
<par>
<line>VU le Code de la construction et de l'habitation, notamment son article R. 126-1,</line></par>
<par>
<line>VU le Code de Turbanisme, notamment les articles L.151-43, L.152-7, L,153-60 et R.111-2,</line></par>
<par>
<line>VU le décret n‘’2004-374 du 29 avril 2004 relatif aux pouvoirs des Préfets, à l'organisation et à</line>
<line>l'action des services de l’État dans les régions et départements,</line></par>
<par>
<line>VU le décret n‘’2009-1484 du 3 décembre 2009 modifié relatif aux directions départementales</line>
<line>interministérielles,</line></par>
<par>
<line>VU l’arrêté préfectoral en date du 26 janvier 2015, portant prescription d'un plan de</line>
<line>prévention des risques naturels prévisibles d’inondation par débordement de cours d’eau</line>
<line>(bassins versants de l’Huveaune et des Aygalades) sur la commune de Marseille,</line></par>
<par>
<line>VU l’arrêté préfectoral en date du 16 janvier 2018, portant prorogation du Plan de Prévention</line>
<line>des Risques Naturels prévisibles d’inondation (débordement de cours d’eau - bassin versant</line>
<line>des Aygalades) sur la commune de Marseille,</line></par>
<par>
<line>VU l’arrêté préfectoral en date du 28 janvier 2019 prescrivant l’ouverture d'une enquête</line>
<line>publique sur le projet de Plan de Prévention des Risques d’inondation par débordement des</line>
<line>Aygalades et de ses affluents sur le territoire de la commune de Marseille,</line></par>
</text>
</block>
<block><region><rect/></region>
<text>
<par>
<line>DDTM13 - 13-2019-06-21-011 - Arrêté</line></par>
<par>
<line>Approuvant l'établissement d'un Plan de Prévention des Risques Naturels prévisibles d'inondation sur la commune de Marseille</line></par>
<par>
<line>finrvnHrttirvn twt Hpç AvorIaHpr nt nfFlnpnts')</line></par>
</text>
</block>
<block><region><rect/></region>
<text>
<par>
<line>12</line></par>
</text>
</block>






</page>
<page width="2487" height="3509" resolution="300">
<block><region><rect/></region>
<text>
<par>
<line>vu l'avis favorable avec réserve de la Métropole Aix-Marseille-Provence en date du</line>
<line>6 décembre 2018,</line></par>
<par>
<line>VU l'avis favorable avec réserve du Conseil Départemental des Bouches-du-Rhône en date du</line>
<line>17 décembre 2018,</line></par>
<par>
<line>Vu l’avis favorable avec réserve du Bataillon des Marins Pompiers de Marseille en date du</line>
<line>30 novembre 2019,</line></par>
<par>
<line>VU l'avis favorable de la Chambre d’Agriculture des Bouches-du-Rhône en date du</line>
<line>27 novembre 2018,</line></par>
<par>
<line>VU l’avis favorable avec réserves de l’Établissement Public d’Aménagement Euro-</line>
<line>Méditerranée en date du 2 décembre 2018,</line></par>
<par>
<line>VU l’avis favorable du Grand Port Maritime de Marseille en date du 9 janvier 2019,</line></par>
<par>
<line>VU l’avis tacite réputé favorable du Conseil Régional,</line></par>
<par>
<line>VU l’avis tacite réputé favorable du Maire de Marseille,</line></par>
<par>
<line>VU l’avis tacite réputé favorable du Centre Régional de la Propriété forestière,</line></par>
<par>
<line>VU l'avis tacite réputé favorable de la Chambre de Commerce et d’industrie des Bouches-du-</line>
<line>Rhône,</line></par>
<par>
<line>VU les réponses apportées par le maître d’ouvrage aux remarques émises lors de la procédure,</line></par>
<par>
<line>VU le rapport, les conclusions motivées, ainsi que l’avis favorable assortis de</line>
<line>recommandations, rédigés par la commission d’enquête et datés du 27 avril 2019,</line></par>
</text>
</block>
<block><region><rect/></region>
<text>
<par>
<line>CONSIDERANT que les modifications apportées au projet de plan de prévention des risques</line>
<line>naturels prévisibles d’inondation (débordement des Aygalades et affluents) sur la commune de</line>
<line>Marseille à l'issue de l'enquête publique, ne remettent pas en cause l'économie générale du</line>
<line>plan,</line></par>
<par>
<line>CONSIDERANT que l’arrêté de prescription du 26 janvier 2015 prévoit la possibilité</line>
<line>d’approuver un Plan de Prévention des Risques d’inondation partiel sur le secteur</line>
<line>géographique du bassin versant des Aygalades.</line></par>
</text>
</block>
<block><region><rect/></region>
<text>
<par>
<line>SUR proposition de la Secrétaire Générale de la Préfecture des Bouches-du-Rhône,</line></par>
</text>
</block>
<block><region><rect/></region>
<text>
<par>
<line>DDTM13- 13-2019-06-21-011 - Arrêté</line></par>
</text>
<text>
<par>
<line>Approuvant rétablissement d*im Plan de Prévention des Risques Naturels prévisibles d’inondation sur la commune de Marseille</line></par>
<par>
<line>finnnHfltînn rwr H^^HrtrHemPint Hps Avfrnl^HpR pf «ffliiPTitRl</line></par>
</text>
</block>
<block><region><rect/></region>
<text>
<par>
<line>13</line></par>
</text>
</block>



</page>
<page width="2479" height="3504" resolution="300">
<block><region><rect/></region>
<text>
<par>
<line>ARRÊTE</line></par>
</text>
</block>
<block><region><rect/></region>
<text>
<par>
<line>ARTICLE 1^: Le plan de prévention des risques naturels prévisibles d’inondation du secteur</line>
<line>géographique du bassin versant des Aygalades (inondation par débordement des Aygalades et</line>
<line>de ses affluents) sur la commune de Marseille, tel qu’il est annexé au présent arrêté, est</line>
<line>approuvé.</line></par>
<par>
<line>Le dossier comprend :</line></par>
<par>
<line>- un rapport de présentation,</line></par>
<par>
<line>- un règlement,</line></par>
<par>
<line>- un plan de zonage réglementaire (11 planches),</line></par>
<par>
<line>- une carte des aléas (11 planches),</line></par>
<par>
<line>- les annexes du PPRi (support numérique).</line></par>
<par>
<line>ARTICLE 2 : Le plan de prévention des risques naturels prévisibles d’inondation (inondation</line>
<line>par débordement des Aygalades et affluents) est tenu à la disposition du public dans les</line>
<line>locaux ;</line></par>
<par>
<line>- de la mairie de Marseille,</line></par>
<par>
<line>- de la Préfecture des Bouches-du-Rhône / Direction Départementale des</line>
<line>Territoires et de la Mer (DDTM) des Bouches-du-Rhône / Service Urbanisme (16</line>
<line>rue Antoine Zattara - 13332 Marseille Cedex 3).</line></par>
<par>
<line>Il est également consultable sur le site internet des Services de l’État dans le département des</line>
<line>Bouches-du-Rhône, www.bouches-du-rhone .gouv. fr.</line></par>
<par>
<line>ARTICLE 3 : Le présent arrêté sera publié au recueil des actes administratifs de la Préfecture</line>
<line>et mention en sera faite en caractères apparents dans un journal diffusé dans le département.</line></par>
<par>
<line>Une copie du présent arrêté sera affichée pendant au moins un mois en mairie</line>
<line>de Marseille et au siège de la Métropole Aix-Marseille-Provence. Un certificat signé du Maire</line>
<line>et du Président justifiera l’accomplissement de cette mesure de publicité.</line></par>
<par>
<line>Une copie du certificat d'affichage sera adressée à la DDTM des Bouches-du-</line></par>
<par>
<line>Rhône.</line></par>
<par>
<line>ARTICLE 4: Des copies du présent arrêté seront adressées :</line></par>
<par>
<line>- au Maire de Marseille,</line></par>
<par>
<line>- à la Présidente de la Métropole Aix-Marseille-Provence,</line></par>
<par>
<line>- au Directeur Départemental des Territoires et de la Mer des Bouches-du-Rhône,</line></par>
<par>
<line>ARTICLE 5 ; En application de l'article L.562-4 du Code de l'Environnement, le plan de</line>
<line>prévention des risques naturels prévisibles d’inondation vaut servitude d'utilité publique. Ace</line>
<line>titre, il doit être annexé au document d'urbanisme de la commune dans un délai de 1 {m à</line>
<line>compter de la réception du présent arrêté.</line></par>
</text>
</block>
<block><region><rect/></region>
<text>
<par>
<line>DDTMI3 - 13-2019-06-21-011 - Arrêté</line></par>
</text>
<text>
<par>
<line>Approuvant l’établissement d’un Plan de Prévention des Risques Naturels prévisibles d’inondation sur la commune de Marseille</line>
<line>nnnnHfltirtn nar rlpift AvaalR&lt;ip« Pt flffliiPntR’i</line></par>
</text>
</block>
<block><region><rect/></region>
<text>
<par>
<line>14</line></par>
</text>
</block>










</page>
<page width="2479" height="3504" resolution="300">
<block><region><rect/></region>
<text>
<par>
<line>ARTICLE 6 : - La Secrétaire Générale de la Préfecture des Bouches-du-Rhône,</line></par>
<par>
<line>- Le Maire de la commune de Marseille,</line></par>
<par>
<line>- La Présidente de la Métropole Aix-Marseille-Provence,</line></par>
<par>
<line>- Le Directeur Départemental des Territoires et de la Mer des Bouches-du-</line>
<line>Rhône,</line></par>
<par>
<line>sont chargés, chacun en ce qui le concerne, de l’exécution du présent arrêté.</line></par>
</text>
</block>
<block><region><rect/></region>
<text>
<par>
<line>AMiuseille, le 21 juin 2019</line>
<line>Signé</line></par>
<par>
<line>Pierre DARTOUT</line></par>
</text>
</block>
<block><region><rect/></region>
<text>
<par>
<line>DD™13 - 13-2019-06-21-011 -Arrêté</line></par>
<par>
<line>Approuvant rétablissement d’un Plan de Prévention des Risques Naturels prévisibles d’inondation sur la commune de Marseille</line></par>
<par>
<line>ftnofidfltirm nardphnn1f*Tnpnf Hpç AvmIj^Hpr pt afFliipntR'l</line></par>
</text>
</block>
<block><region><rect/></region>
<text>
<par>
<line>15</line></par>
</text>
</block>




</page>
</PM1>