<?xml version="1.0" encoding="UTF-8"?><PM1>
<page width="1654" height="2339" resolution="200">
<block><region><rect/></region>
<text>
<par>
<line>Libirti • Égallti • Prattrnlli</line></par>
<par>
<line>Répubuque Française</line></par>
</text>
</block>
<block><region><rect/></region>
<text>
<par>
<line>PREFET DES BOUCHES-DU-RHONE</line></par>
</text>
</block>
<block><region><rect/></region>
<text>
<par>
<line>DIRECTION DEPARTEMENTALE DES TERRITOIRES ET DE LA MER</line>
<line>Sei'vice Urbanisme/Pôle Risques</line></par>
</text>
</block>
<block><region><rect/></region>
<text>
<par>
<line>Arrête approuvant l’établissement</line>
<line>d’un Plan de Prévention des Risques d’incendie de forêt</line>
<line>sur le territoire de la commune de Cassis</line></par>
</text>
</block>
<block><region><rect/></region>
<text>
<par>
<line>Le Préfet de la Région Provence-Alpes-Côte d’Azur,</line>
<line>Préfet de la zone de défense et de sécurité Sud,</line>
<line>Préfet des Bouches-du-Rhône,</line></par>
<par>
<line>Officier de la Légion d’Honneur,</line>
<line>Commandeur de l’Ordre National du Mérite</line></par>
</text>
</block>
<block><region><rect/></region>
<text>
<par>
<line>VU le Code de l’Environnement, notamment ses articles L.562-1 à L.562-8 et R.562-1 à</line>
<line>R.562-12,</line></par>
</text>
</block>
<block><region><rect/></region>
<text>
<par>
<line>VU le Code Forestier, notamment ses articles L.13i-7 et suivants et L. 134-5,</line></par>
<par>
<line>VU le Code de l’Urbanisme, notamment les articles L. 152-7 et R. 111-2,</line></par>
<par>
<line>VU le décret n°2002-679 du 29 avril 2002 relatif à la défense et la lutte contre l’incendie et</line>
<line>modifiant le Code Forestier,</line></par>
<par>
<line>VU le décret n°2004-374 du 29 avril 2004 relatif aux pouvoirs des Préfets, à l'organisation et</line>
<line>à l'action des services de l’Etat dans les régions et départements,</line></par>
<par>
<line>VU le décret n°2009-1484 du 3 décembre 2009 modifié relatif aux directions départementales</line>
<line>interministérielles,</line></par>
<par>
<line>VU l’amêté préfectoral en date du 30 mars 2011 portant prescription d'un plan de prévention</line>
<line>des risques naturels prévisibles incendie de forêt sur la commune de Cassis,</line></par>
<par>
<line>VU l'avis favorable du Centre National de la Propriété Forestière en date du 15 juin 2017,</line></par>
<par>
<line>VU l’avis favorable du Service Départemental d’incendie et de Secours des Bouches-du-</line>
<line>Rhône en date du 11 juin 2017,</line></par>
<par>
<line>VU l’avis du Parc national des Calanques en date du 21 juillet 2017,</line></par>
<par>
<line>VU l’avis de la Chambre d’Agriculture des Bouches-du-Rhône en date du 25 juillet 2017,</line></par>
</text>
</block>



<block blockType="Picture" blockName="" l="869" t="203" r="955" b="289"><region><rect/></region>
</block>
</page>
<page width="1654" height="2339" resolution="200">
<block><region><rect/></region>
<text>
<par>
<line>vu l’avis favorable assorti de sept réserves de la commune de Cassis par la délibération du 16</line>
<line>octobre 2017,</line></par>
<par>
<line>VU les avis favorables tacites du Conseil Départemental, du Conseil Régional, de la</line>
<line>Métropole Aix-Marseille-Provence et du Conseil de Territoire Marseille-Provence de la</line>
<line>Métropole Aix-Marseille-Provence,</line></par>
<par>
<line>VU l’arrêté préfectoral en date du 29 décembre 2017 portant ouverture et organisation d'une</line>
<line>enquête publique sur le projet de plan de prévention des risques naturels prévisibles incendie</line>
<line>de forêt sur le temtoire de la commune de Cassis,</line></par>
<par>
<line>VU le procès-verbal de synthèse des observations du commissaire-enquêteur assorti de</line>
<line>questions adressées au maître d’ouvrage, daté du 2 mars 2018,</line></par>
<par>
<line>VU la note de réponse de la Direction Départementale des Territoires et de la Mer des</line>
<line>Bouches-du-Rliône au procès-verbal de synthèse des observations du commissaire enquêteur,</line>
<line>datée du 15 mars 2018,</line></par>
<par>
<line>VU le rapport, les conclusions motivées, ainsi que l'avis favorable assorti de 4</line>
<line>recommandations, du commissaire-enquêteur datés du 23 mars 2018,</line></par>
<par>
<line>VU le rapport de synthèse de la procédure, présenté par la Direction Départementale des</line>
<line>Territoires et de la Mer des Bouches-du-Rhône, daté du 25 juin 2018,</line></par>
<par>
<line>CONSIDERANT que les modifications apportées au projet de pian de prévention des risques</line>
<line>naturels prévisibles incendie de forêt sur la commune de Cassis, à l'issue de l'enquête</line>
<line>publique, ne remettent pas en cause l'économie générale du plan,</line></par>
<par>
<line>SUR proposition de la Secrétaire Générale de la Préfecture des Bouches-du-Rhône,</line></par>
</text>
</block>
<block><region><rect/></region>
<text>
<par>
<line>ARRETE</line></par>
<par>
<line>ARTICLE 1—; Le plan de prévention des risques d’incendie de forêt sur la commune de</line>
<line>Cassis, tel qu’il est annexé au présent arrêté, est approuvé.</line></par>
<par>
<line>Le dossier comprend :</line></par>
<par>
<line>- un rapport de présentation,</line></par>
<par>
<line>- un règlement,</line></par>
<par>
<line>- un plan de zonage réglementaire,</line></par>
<par>
<line>- des annexes (cartes techniques d’aléa, de la typologie du bâti, et des moyens</line>
<line>de protection contre les feux de forêt).</line></par>
<par>
<line>ARTICLE 2 : Le plan de prévention des risques d’incendie de forêt est tenu à la disposition</line>
<line>du public dans les locaux :</line></par>
<par>
<line>- de la mairie de Cassis,</line></par>
<par>
<line>- de la Métropole Aix-Marseille-Provence,</line></par>
<par>
<line>- de la Préfecture des Bouches-du-Rhône - Direction Départementale des</line>
<line>Territoires et de la Mer des Bouches-du-Rhône, Service Urbanisme, 16 rue</line>
<line>Antoine Zattara 13332 Marseille Cedex 3.</line></par>
</text>
</block>



</page>
<page width="1667" height="2348" resolution="200">
<block><region><rect/></region>
<text>
<par>
<line>U est consultable sur le site internet des services de l’État dans le département des Bouches-</line>
<line>du-Rhône, www.bouches-du-rhone.gouv.fr.</line></par>
<par>
<line>ARTICLE 3 : Le présent arrête sera publié au recueil des actes administratifs de la préfecture</line>
<line>des Bouches-du-Rhône et mention en sera faite en caractères apparents dans un journal diffusé</line>
<line>dans le département.</line></par>
<par>
<line>Une copie du présent ari'êté sera affichée pendant au moins un mois en mairie de Cassis et au</line>
<line>siège de la Métropole Aix-Marseille-Provence, et des certificats respectivement du Maire et</line>
<line>du Président de la Métropole justifieront l’accomplissement de cette mesure de publicité.</line></par>
<par>
<line>Une copie du certificat d'affichage sera adressée à la DDTM des Bouches-du-Rhône.</line></par>
<par>
<line>ARTICLE 4 : Des copies du présent aircté seront adressées :</line></par>
<par>
<line>- au Maire de Cassis,</line></par>
<par>
<line>- au Président de la Métropole Aix-Marseille-Provence,</line></par>
<par>
<line>- au Directeur Départemental des Temtoires et de la Mer des Bouches-du-</line>
<line>Rhône.</line></par>
<par>
<line>ARTICLE 5 ; En application de l'article L.562-4 du Code de l'Environnement, le plan de</line>
<line>prévention des risques d’incendie de forêt vaut servitude d'utilité publique. A ce titre, il est</line>
<line>annexé au document d'urbanisme de la commune dans un délai de 1 an à compter de la</line>
<line>réception du présent aixêté.</line></par>
<par>
<line>ARTICLE 6 : Le présent arrêté peut faire l’objet dans un délai de deux mois à compter de sa</line>
<line>notification, d’un recours gracieux auprès du Préfet des Bouches-du-Rhône ou d’un recours</line>
<line>hiérarchique adressé au ministre en charge de l’environnement.</line></par>
<par>
<line>Il peut faire également l’objet d’un recours contentieux auprès du tribunal administratif de</line>
<line>Marseille soit directement, en l’absence de recours préalable, dans le délai de deux mois à</line>
<line>compter de la plus tardive des mesures de publicité prévues à l’article 3, soit à l’issue d’un</line>
<line>recours préalable dans les deux mois à compter de la notification de la réponse obtenue de</line>
<line>l’administration, ou au terme d’un silence gardé par celle-ci pendant quatre mois à compter de</line>
<line>la réception de la demande.</line></par>
<par>
<line>ARTICLE 7 : - Le Secrétaire Général de la Préfecture des Bouches du Rhône,</line></par>
<par>
<line>- Le Maire de la commune de Cassis,</line></par>
<par>
<line>- Le Président de la Métropole Aix-Marseille-Provence,</line></par>
<par>
<line>- Le Directeur Départemental des Territoires et de la Mer des Bouches-du-</line>
<line>Rhône,</line></par>
<par>
<line>sont chargés, chacun pour ce qui le concerne, de l’exécution du présent airêté.</line></par>
</text>
</block>
<block><region><rect/><rect/><rect/><rect/><rect/></region>
<text>
<par>
<line>A MARSEfel^, le 1 7 JUIL 2018</line>
<line>Le Préfet</line></par>
</text>
</block>
<block><region><rect/></region>
<text>
<par>
<line>■ &gt;</line></par>
</text>
</block>
<block><region><rect/></region>
<text>
<par>
<line>Pierre DARTOUT</line></par>
</text>
</block>








</page>
</PM1>