<?xml version="1.0" encoding="UTF-8"?><PM1>
<page width="2479" height="3504" resolution="300">
<block><region><rect/></region>
<text>
<par>
<line>RfiniEUQtlB FUNCABB</line></par>
</text>
</block>
<block><region><rect/></region>
<text>
<par>
<line>PREFET DES BOUCHES-DU-RHONE</line></par>
</text>
</block>
<block><region><rect/></region>
<text>
<par>
<line>DIRECTION DEPARTEMENTALE DES TERRITOIRES ET DE LA MER</line>
<line>Service Urbanisme/Pôle Risques Naturels</line></par>
<par>
<line>Arrêté</line></par>
<par>
<line>Approuvant l’établissement d’un Plan de Prévention des Risques d’incendie de forêt</line>
<line>sur le territoire de la commune de Plan-de-Cuques</line></par>
</text>
</block>
<block><region><rect/></region>
<text>
<par>
<line>Le Préfet</line></par>
<par>
<line>de la région Provence-Alpes-Côte d’Azur</line>
<line>Préfet de la zone de défense et de sécurité sud</line>
<line>Préfet des Bouches-du-Rhône</line></par>
</text>
</block>
<block><region><rect/></region>
<text>
<par>
<line>VU le Code de l’Environnement, notamment ses articles L.562-1 à L.562-8 et R.562-1 à</line>
<line>R.562-12,</line></par>
<par>
<line>VU le Code Forestier, notamment ses articles L.131-7 et suivants et L. 134-5,</line></par>
<par>
<line>VU le Code de l’Urbanisme, notamment les articles L. 152-7 et R. 111-2,</line></par>
<par>
<line>VU le décret n°2002-679 du 29 avril 2002 relatif à la défense et la lutte contre l’incendie et</line>
<line>modifiant le Code Forestier.</line></par>
<par>
<line>VU le décret n°2004-374 du 29 avril 2004 relatif aux pouvoirs des Préfets, à l'organisation et à</line>
<line>l'action des services de l’État dans les régions et départements,</line></par>
<par>
<line>VU le décret n°2009-1484 du 3 décembre 2009 modifié relatif aux directions départementales</line>
<line>interministérielles,</line></par>
<par>
<line>VU l’arrêté préfectoral en date du 30 mars 2011 portant prescription d'un plan de prévention</line>
<line>des risques naturels prévisibles incendie de forêt sur la commime de Plan-de-Cuques,</line></par>
<par>
<line>VU l'avis favorable assorti d’une réserve du Centre Régional de la Propriété Forestière en date</line>
<line>du 7 mars 2018,</line></par>
<par>
<line>VU l’avis favorable du Conseil Départemental des Bouches-du-Rhône en date du 22 février</line>
<line>2018,</line></par>
<par>
<line>VU l’avis favorable de la Chambre d’Agriculture des Bouches-du-Rhône en date du 19 février</line>
<line>2018,</line></par>
<par>
<line>VU l’avis favorable de la commune de Plan-de-Cuques par délibération du 12 avril 2018,</line></par>
</text>
</block>



</page>
<page width="2479" height="3504" resolution="300">
<block><region><rect/></region>
<text>
<par>
<line>vu l’avis favorable du Service Départemental d’incendie et de Secours en date du 26 avril</line>
<line>2018,</line></par>
<par>
<line>VU les avis favorables tacites du Conseil Régional, de la Métropole Aix-Marseille-Provence</line>
<line>et du Conseil de Territoire Marseille Provence de la Métropole Aix-Marseille-Provence,</line></par>
<par>
<line>VU l’arrêté préfectoral en date du 26 octobre 2018 portant ouverture et organisation d'une</line>
<line>enquête publique sur le projet de plan de prévention des risques naturels prévisibles incendie</line>
<line>de forêt sur le territoire de la commune de Plan-de-Cuques,</line></par>
<par>
<line>VU le procès-verbal de synthèse des observations assorti de questions adressées au porteur de</line>
<line>projet du commissaire enquêteur, daté du 10 janvier 2019,</line></par>
<par>
<line>VU la note de réponse de la Direction Départementale des Territoires et de la Mer des</line>
<line>Bouches-du-Rhône au procès-verbal de synthèse des observations du commissaire enquêteur,</line>
<line>datée du 22 janvier 2019,</line></par>
<par>
<line>VU le rapport, les conclusions motivées, ainsi que l'avis favorable assorti de trois</line>
<line>recommandations, du commissaire enquêteur, datés du 28 janvier 2019,</line></par>
<par>
<line>VU les réponses apportées par le maître d'ouvrage aux remarques émises lors de la procédure,</line></par>
<par>
<line>VU le rapport de synthèse de la procédure, présenté par la Direction Départementale des</line>
<line>Territoires et de la Mer des Bouches-du-Rhône, daté du 2 avril 2019,</line></par>
<par>
<line>CONSIDERANT que les modifications apportées au projet de plan de prévention des risques</line>
<line>naturels prévisibles incendie de forêt sur la commune de Plan-de-Cuques, à l'issue de l'enquête</line>
<line>publique, ne remettent pas en cause l'économie générale du plan,</line></par>
<par>
<line>SUR proposition du Directeur Départemental des Territoires et de la Mer des Bouches-du-</line>
<line>Rhône,</line></par>
</text>
</block>
<block><region><rect/></region>
<text>
<par>
<line>ARRETE</line></par>
</text>
</block>
<block><region><rect/></region>
<text>
<par>
<line>ARTICLE 1": Le plan de prévention des risques incendie de forêt sur la commune de Plan-</line>
<line>de-Cuques, tel qu’il est annexé au présent arrêté, est approuvé.</line></par>
<par>
<line>Le dossier comprend :</line></par>
<par>
<line>- un rapport de présentation,</line></par>
<par>
<line>- un règlement,</line></par>
<par>
<line>- un plan de zonage réglementaire,</line></par>
<par>
<line>- des annexes (carte d’aléa, d’enjeux et des équipements de défense contre les</line>
<line>feux de forêt).</line></par>
</text>
</block>


</page>
<page width="2486" height="3509" resolution="300">
<block><region><rect/></region>
<text>
<par>
<line>ARTICLE 2 : Le plan de prévention des risques incendies de forêt est tenu à la disposition du</line>
<line>public dans les locaux :</line></par>
<par>
<line>- de la mairie de Plan-de-Cuques,</line></par>
<par>
<line>- de la Métropole Aix-Marseille-Provence,</line></par>
<par>
<line>- de la Préfecture des Bouches-du-Rhône - Direction Départementale des</line>
<line>Territoires et de la Mer des Bouches-du-Rhône, Service Urbanisme, 16 rue</line>
<line>Antoine Zattara 13332 Marseille Cedex 3.</line></par>
<par>
<line>Il sera consultable sur le site internet des services de TÉtat dans le département des Bouches-</line>
<line>du-Rhône, www.bouches-du-rhone.gouv.fr.</line></par>
<par>
<line>ARTICLE 3 : Le présent arrêté sera publié au recueil des actes administratifs de la Préfecture</line>
<line>et mention en sera faite en caractères apparents dans un journal diffusé dans le département.</line>
<line>Une copie du présent arrêté sera affichée pendant au moins un mois en mairie de Plan-de-</line>
<line>Cuques et au siège de la Métropole Aix-Marseille-Provence, et des certificats respectivement</line>
<line>du Maire et de la Présidente de la Métropole justifieront l’accomplissement de ces mesures de</line>
<line>publicité. Les copies des certificats d'affichage seront adressées à la DDTM des Bouches-du-</line>
<line>Rhône.</line></par>
</text>
</block>
<block><region><rect/></region>
<text>
<par>
<line>ARTICLE 4 : Des copies du présent arrêté seront adressées :</line></par>
<par>
<line>- au Maire de Plan-de-Cuques,</line></par>
<par>
<line>- à la Présidente de la Métropole Aix-Marseille-Provence,</line></par>
<par>
<line>- au Directeur Départemental des Territoires et de la Mer des Bouches-du-</line>
<line>Rhône.</line></par>
</text>
</block>
<block><region><rect/></region>
<text>
<par>
<line>ARTICLE 5 : En application de l'article L.562-4 du Code de l'Environnement, le plan de</line>
<line>prévention des risques incendies de forêt vaut servitude d’utilité publique. A ce titre, il doit</line>
<line>être annexé au document d'urbanisme de la commune dans un délai de 1 an à compter de la</line>
<line>réception du présent arrêté.</line></par>
</text>
</block>
<block><region><rect/></region>
<text>
<par>
<line>ARTICLE 6 : Le présent arrêté peut faire l’objet dans un délai de deux mois à compter de sa</line>
<line>notification, d’un recours gracieux auprès du Préfet des Bouches-du-Rhône ou d’un recours</line>
<line>hiérarchique adressé au ministre en charge de l’environnement.</line></par>
<par>
<line>Il peut faire également l’objet d’un recours contentieux auprès du tribunal administratif de</line>
<line>Marseille soit directement, en l’absence de recours préalable, dans le délai de deux mois à</line>
<line>compter de la plus tardive des mesures de publicité prévues à l’article 3, soit à l’issue d’un</line>
<line>recours préalable dans les deux mois à compter de la notification de la réponse obtenue de</line>
<line>l’administration, ou au terme d’un silence gardé par celle-ci pendant quatre mois à compter de</line>
<line>la réception de la demande.</line></par>
<par>
<line>La juridiction administrative compétente peut aussi être saisie par l’application Télérecours</line>
<line>citoyens accessible à partir du site www.telerecours.fi.</line></par>
</text>
</block>
<block><region><rect/></region>
<text>
<par>
<line>ARTICLE 6 :</line></par>
</text>
</block>
<block><region><rect/><rect/><rect/></region>
<text>
<par>
<line>- La Secrétaire Générale de la Préfecture des Bouches du Rhône,</line></par>
<par>
<line>- Le Maire de la commune de Plan-de-Cuques,</line></par>
<par>
<line>- La Présidente de la Métropole Aix-Marseille-Provence,</line></par>
<par>
<line>- Le Directeur Départemental des Territoires et de la Mer des Bouches-du-</line>
<line>Rhône,</line></par>
<par>
<line>sont chargés, chacun pom ce qui le concerne, de l’exécution du présent arrêté.</line></par>
<par>
<line>! tm</line></par>
</text>
</block>
<block><region><rect/></region>
<text>
<par>
<line>A</line></par>
</text>
</block>
<block><region><rect/></region>
<text>
<par>
<line>SEILLE</line></par>
</text>
</block>
<block><region><rect/></region>
<text>
<par>
<line>le</line></par>
</text>
</block>
<block><region><rect/></region>
<text>
<par>
<line>Préfet</line></par>
</text>
</block>
<block><region><rect/></region>
<text>
<par>
<line>t.'</line></par>
</text>
</block>
<block><region><rect/></region>
<text>
<par>
<line>Pierre DARTOUT</line></par>
</text>
</block>








</page>
</PM1>