<?xml version="1.0" encoding="UTF-8"?><PM1>
<page width="2499" height="3529" resolution="301">
<block><region><rect/></region>
<text>
<par>
<line>Liberté • Égalité * Fraternité</line></par>
<par>
<line>RÉPUBLiauE Française</line></par>
</text>
</block>
<block><region><rect/></region>
<text>
<par>
<line>PREFECTURE DE L'ARDECHE</line></par>
</text>
</block>
<block><region><rect/></region>
<text>
<par>
<line>direction</line>
<line>départementale</line>
<line>de l'Équipement</line>
<line>Ardèche</line></par>
</text>
</block>
<block><region><rect/></region>
<text>
<par>
<line>ü</line></par>
</text>
</block>
<block><region><rect/></region>
<text>
<par>
<line>service de l'Urbanisme</line>
<line>de l'Aménagement et</line>
<line>du paysage</line></par>
</text>
</block>
<block><region><rect/></region>
<text>
<par>
<line>Arrêté N°2003-71-29</line></par>
<par>
<line>portant approbation du Plan de Prévention des Risques</line>
<line>d’inondation de l’Ardèche amont</line>
<line>dans la commune de Fabras</line></par>
</text>
</block>
<block><region><rect/></region>
<text>
<par>
<line>LE PREFET DE L’ARDECHE</line>
<line>Chevalier de la Légion d’Honneur</line>
<line>Chevalier de l’Ordre National du Mérite</line></par>
</text>
</block>
<block><region><rect/></region>
<text>
<par>
<line>Vu le code de l’environnement et notamment ses articles L 562-1 à 562-7 instaurant les</line>
<line>Plans de Prévention des Risques Naturels Prévisibles,</line></par>
<par>
<line>Vu le décret n® 95-1089 du 5 octobre 1995 relatif aux Plans de Prévention des Risques,</line>
<line>et en particulier les articles 1 à 7 précisant les modalités de leur élaboration.</line></par>
<par>
<line>Vu le code de l’expropriation pour cause d’utilité publique et notamment son article</line>
<line>R 111-4 relatif aux procédures d’enquête publique.</line></par>
</text>
</block>
<block><region><rect/></region>
<text>
<par>
<line>Vu l’arrêté préfectoral n® 1123-2001 du 25 juillet 2001 prescrivant l’établissement d’un</line>
<line>PPR Inondation sur l’Ardèche amont.</line></par>
<par>
<line>Vu l’avis du Conseil Municipal de Fabras en date du 30 octobre 2002,</line></par>
<par>
<line>Vu l’arrêté préfectoral n° 2002308-5 du 4 novembre 2002 prescrivant l’enquête</line>
<line>publique sur le Plan de Prévention des Risques d’inondation de l’Ardèche amont dans</line>
<line>la commune de Fabras,</line></par>
<par>
<line>Vu le procès-verbal de l’enquête publique à laquelle il a été procédé du 18 novembre au</line>
<line>6 décembre 2002,</line></par>
<par>
<line>Vu le rapport du commissaire-enquêteur en date du 10 décembre 2002</line></par>
<par>
<line>2 place des Mobiles</line></par>
<par>
<line>BP 613 Sur proposition du Secrétaire Général de la Préfecture</line></par>
<par>
<line>07006 Privas cedex</line>
<line>téléphone :</line></par>
<par>
<line>04 75 65 50 00</line>
<line>télécopie :</line></par>
<par>
<line>04 75 64 59 44</line>
<line>mél :</line></par>
<par>
<line>DDE-Ardeche</line>
<line>©équipement .gouv.fr</line></par>
</text>
</block>

</page>
<page width="2533" height="3552" resolution="301">
<block><region><rect/></region>
<text>
<par>
<line>2/2</line></par>
</text>
</block>
<block><region><rect/></region>
<text>
<par>
<line>A R R E TE :</line></par>
<par>
<line>Article V'</line></par>
<par>
<line>1 - Le Plan de Prévention des Risques d’inondation de l’Ardèche amont dans la</line>
<line>commune de Fabras est approuvé.</line></par>
<par>
<line>2-11 comprend</line></par>
<par>
<line>• un rapport de présentation</line></par>
<par>
<line>• une cartographie aux échelles 1/5 000 et 1/2 500</line></par>
<par>
<line>• un règlement</line></par>
<par>
<line>3-11 est tenu à la disposition du public</line></par>
<par>
<line>• à la mairie de Fabras aux heures et jours ouvrables habituels de celle-ci</line></par>
<par>
<line>• dans les locaux de la Direction Départementale de l’Equipement de Privas,</line>
<line>aux heures et jours ouvrables des bureaux de celle-ci.</line></par>
<par>
<line>• dans les locaux de la Préfecture de l’Ardèche à Privas (Service</line>
<line>Interministériel de Défense et de Protection Civile) aux heures et jours</line>
<line>ouvrables de ses bureaux.</line></par>
<par>
<line>Article 2 - Le présent arrêté sera publié au Recueil des Actes Administratifs de la</line>
<line>Préfecture et mention en sera faite en caractères apparents dans les deux journaux ci-</line>
<line>après désignés :</line></par>
<par>
<line>. LE DAUPHINE LIBERE</line>
<line>. TERRE VIVAROISE</line></par>
<par>
<line>Cet avis sera par ailleurs affiché en mairie de Fabras pendant une durée minimum d’un</line>
<line>mois et porté à la connaissance du public pour tout autre procédé en usage dans la</line>
<line>commune.</line></par>
<par>
<line>Article 3 - Dès les dernières mesures de publicité effectuées, le Plan de Prévention des</line>
<line>Risques d’inondation s’imposera à toute demande d’autorisation d’occupation du sol en</line>
<line>qualité de servitude d’utilité publique.</line></par>
<par>
<line>Article 4 - Des ampliations du présent arrêté seront adressées :</line></par>
<par>
<line>. au maire de la commune de Fabras</line>
<line>. au Sous Préfet de Largentière</line>
<line>. au Commissaire-Enquêteur</line>
<line>. au Directeur Départemental de l’Equipement</line>
<line>. au Directeur Régional de l’Environnement</line></par>
<par>
<line>Article 5 - Le Sous Préfet de Largentière et le Directeur Départemental de</line>
<line>l’Equipement sont chargés, chacun en ce qui le concerne, de l’exécution du présent</line>
<line>arrêté.</line></par>
</text>
</block>
<block><region><rect/></region>
<text>
<par>
<line>Fait à Privas, le</line></par>
</text>
</block>
<block><region><rect/></region>
<text>
<par>
<line>ai</line></par>
</text>
</block>
<block><region><rect/><rect/><rect/></region>
<text>
<par>
<line>VT' ..</line></par>
</text>
</block>
<block><region><rect/></region>
<text>
<par>
<line>Lib rsKAFT</line></par>
</text>
</block>





</page>
</PM1>