<?xml version="1.0" encoding="UTF-8"?><PM1>
<page width="2486" height="3513" resolution="300">
<block><region><rect/></region>
<text>
<par>
<line>mm</line></par>
<par>
<line>Liberic • Egafjlé • ErcU’rnilê</line></par>
<par>
<line>république Française</line></par>
<par>
<line>PREFECTURE DE L’ARDECHE</line></par>
</text>
</block>
<block><region><rect/></region>
<text>
<par>
<line>Direction</line>
<line>départementale</line>
<line>de l'Equipement</line>
<line>De l’Ardèche</line></par>
</text>
</block>
<block><region><rect/></region>
<text>
<par>
<line>ARRETE PREFECTORAL 2004-77-26</line></par>
</text>
</block>
<block><region><rect/></region>
<text>
<par>
<line>portant approbation du Plan de Prévention des</line>
<line>Risques d’inondation de la rivière Eyrieux dans</line>
<line>la commune de Les Nonières</line></par>
</text>
</block>
<block><region><rect/></region>
<text>
<par>
<line>Senice de Purbanisme, de</line>
<line>l’Aménagement et de l’Emironnement</line></par>
<par>
<line>LE PREFET DE L ’ARDECHE</line></par>
<par>
<line>2 place des Mobiles Chevalier de la Légion d’Honneur,</line></par>
<par>
<line>^^ ^ Chey^alier de l’Ordre National du Mérite</line></par>
<par>
<line>07006 Prn’as Cedex</line></par>
<par>
<line>Tél : 04 75 65 50 00</line>
<line>Fax : 04 75 64 59 44</line></par>
</text>
</block>
<block><region><rect/></region>
<text>
<par>
<line>Vu le code de l’environnement et notamment ses articles L 562-1 à 562-7 instaurant les Plans de</line>
<line>Prévention des Risques Naturels Prévisibles,</line></par>
<par>
<line>Vu le décret n° 95-1089 du 5 octobre 1995 relatif aux Plans de Prévention des Risques, et en</line>
<line>particulier les articles 1 à 7 précisant les modalités de leur élaboration.</line></par>
<par>
<line>Vu le code de l’expropriation pour cause d’utilité publique et notamment son article R 111-4</line>
<line>relatif aux procédures d’enquête publique,</line></par>
</text>
</block>
<block><region><rect/></region>
<text>
<par>
<line>Vu l’arrêté préfectoral n°2002-290-24 prescrivant l’établissement d’un PPR Inondation sur la</line>
<line>rivière Eyrieux,</line></par>
<par>
<line>Vu l’avis du Conseil Municipal de Les Nonières en date du 15 décembre 2003,</line></par>
<par>
<line>Vu l’arrêté préfectoral n°2004-13-8 du 13 janvier 2004 prescrivant l’enquête publique sur le Plan</line>
<line>de Prévention des Risques d’inondation de la rivière Eyrieux dans la commune de Les Nonières ,</line></par>
<par>
<line>Vu le procès-verbal de l’enquête publique à laquelle il a été procédé du 27 janvier au 13 février</line>
<line>2004,</line></par>
<par>
<line>Vu le rapport du commissaire-enquêteur en date du 8 mars 2004,</line></par>
<par>
<line>Sur proposition du Secrétaire Général de la Préfecture</line></par>
</text>
</block>



</page>
<page width="2493" height="3524" resolution="301">
<block><region><rect/></region>
<text>
<par>
<line>A R R E TE :</line></par>
</text>
</block>
<block><region><rect/></region>
<text>
<par>
<line>ARTICLE 1</line></par>
<par>
<line>1 - Le Plan de Prévention des Risques d’inondation de la rivière Eyrieux dans la commune de</line>
<line>Les Nonières est approuvé.</line></par>
<par>
<line>2-11 comprend</line></par>
<par>
<line>• un rapport de présentation</line></par>
<par>
<line>• des documents cartographiques</line></par>
<par>
<line>• un règlement</line></par>
<par>
<line>3-11 est tenu à la disposition du public</line></par>
<par>
<line>• à la mairie de Les Nonières aux heures et jours ouvrables habituels de celle-ci</line></par>
<par>
<line>• dans les locaux de la Direction Départementale de l’Equipement de Privas, aux heures</line>
<line>et jours ouvrables des bureaux de celle-ci.</line></par>
<par>
<line>• dans les locaux de la Préfecture de l’Ardèche à Privas (Service Interministériel de</line>
<line>Défense et de Protection Civile) aux heures et jours ouvrables de ses bureaux.</line></par>
<par>
<line>ARTICLE 2 - Le présent arrêté sera publié au Recueil des Actes Administratifs de la Préfecture</line>
<line>et mention en sera faite en caractères apparents dans les deux journaux ci-après désignés :</line></par>
<par>
<line>. LE DAUPHINE LIBERE</line>
<line>. TERRE VIVAROISE</line></par>
<par>
<line>Cet avis sera par ailleurs affiché en mairie de Les Nonières pendant une durée minimum d’un</line>
<line>mois et porté à la connaissance du public pour tout autre procédé en usage dans la commune.</line></par>
<par>
<line>ARTICLE 3 - Dès les dernières mesures de publicité effectuées, le Plan de Prévention des</line>
<line>Risques d’inondation s’imposera à toute demande d’autorisation d’occupation du sol en qualité</line>
<line>de servitude d’utilité publique.</line></par>
<par>
<line>ARTICLE 4 - Des ampliations du présent arrêté seront adressées :</line></par>
<par>
<line>. au maire de la commune de Les Nonières</line>
<line>. au Secrétaire Général de la Préfecture</line>
<line>. au Commissaire-Enquêteur</line>
<line>. au Directeur Départemental de l’Equipement</line>
<line>. au Directeur Régional de l’Environnement</line></par>
<par>
<line>ARTICLE 5 - La Sous Préfète de l’Arrondissement de Tournon et le Directeur Départemental de</line>
<line>l’Equipement sont chargés, chacun en ce qui le concerne, de l’exécution du présent arrêté.</line></par>
</text>
</block>
<block><region><rect/></region>
<text>
<par>
<line>Fait à Privas, le il I</line></par>
</text>
</block>






</page>
</PM1>