<?xml version="1.0" encoding="UTF-8"?><PM1>
<page width="2587" height="3533" resolution="300">
<block><region><rect/></region>
<text>
<par>
<line>PREFECTURE DES BOUCnès DU RHONE REPUBLIQUE FRANÇAISE</line></par>
<par>
<line>Direction des Collectivités locales</line>
<line>et du Cadre de vie</line></par>
<par>
<line>Direction Départementale de l'Equipement</line></par>
<par>
<line>Marseille, le</line></par>
</text>
</block>
<block><region><rect/></region>
<text>
<par>
<line>ARRETE PORTANT APPROBATION DU</line>
<line>PLAN DE PREVENTION DES RISQUES NATURELS PREVISIBLES</line>
<line>DE LA COMMUNE DE PEYPIN</line>
<line>(Mouvements de terrain, effondrements)</line></par>
</text>
</block>
<block><region><rect/></region>
<text>
<par>
<line>Le Préfet de la Région Provence, Alpes, Côte d'Azur</line>
<line>Préfet des Bouches du Rhône</line>
<line>Officier de la Légion d'Honneur</line></par>
</text>
</block>
<block><region><rect/></region>
<text>
<par>
<line>VU la loi n° 82.600 du 13 Juillet 1982, relative à l'indemnisation des victimes de catastrophes</line>
<line>naturelles;</line></par>
<par>
<line>Vu la loi n° 87-565 du 22 Juillet 1987 relative à l'organisation de la sécurité civile, à la protection de</line>
<line>la forêt contre l'incendie et à la prévention des risques majeurs,</line></par>
<par>
<line>VU le décret n° 95-1089 du 5 Octobre 1995 relatif aux plans de prévention des risques naturels</line>
<line>prévisibles,</line></par>
<par>
<line>VU l'arrêté préfectoral en date du 5 Août 1997, prescrivant l'établissement d'un plan de prévention</line>
<line>des risques naturels prévisibles sur le territoire de la Commune de Peypin;</line></par>
<par>
<line>VU l'arrêté préfectoral en date du 14 Mars 2000 par lequel a été prescrite l'ouverture d'une enquête</line>
<line>publique sur le plan de prévention des risques naturels prévisibles de la Commune de Peypin;</line></par>
<par>
<line>VU les observations présentées au cours de l'enquête;</line></par>
<par>
<line>VU l'avis du Commissaire Enquêteur en date du 19 Mai 2000;</line></par>
<par>
<line>VU la délibération du 3 Juillet 2000 du Conseil Municipal de la Commune de Peypin émettant un</line>
<line>avis favorable au dossier de plan de prévention des risques naturels prévisibles soumis à l'enquête</line>
<line>publique;</line></par>
<par>
<line>CONSIDERANT que le dossier établi par la Direction Départementale de l'Equipement peut, en</line>
<line>l'état de la procédure, être approuvé.</line></par>
</text>
</block>

</page>
<page width="2572" height="3523" resolution="300">
<block><region><rect/><rect/><rect/></region>
<text>
<par/>
</text>
</block>
<block><region><rect/></region>
<text>
<par>
<line>sV,</line></par>
</text>
</block>
<block><region><rect/></region>
<text>
<par/>
</text>
</block>
<block><region><rect/></region>
<text>
<par/>
</text>
</block>
<block><region><rect/></region>
<text>
<par/>
</text>
</block>
<block><region><rect/></region>
<text>
<par>
<line>r</line></par>
</text>
</block>
<block><region><rect/></region>
<text>
<par>
<line>SUR proposition du Secrétaire Général de la Préfecture des Bouches du Rhône,</line></par>
</text>
</block>
<block><region><rect/></region>
<text>
<par>
<line>ARRETE</line></par>
</text>
</block>
<block><region><rect/></region>
<text>
<par>
<line>ARTICLE 1er: le plan de prévention des risques naturels prévisibles de la Commune de Peypin</line>
<line>(Mouvements de terrain, effondrements), tel qu'il est annexé au présent arrêté, est</line>
<line>approuvé.</line></par>
<par>
<line>Ce document comprend:</line></par>
<par>
<line>- un rapport de présentation,</line></par>
<par>
<line>- un plan de zonage à l'échelle du 1/5 OOOème,</line></par>
<par>
<line>- im règlement,</line></par>
<par>
<line>- des annexes.</line></par>
</text>
</block>
<block><region><rect/></region>
<text>
<par>
<line>ARTICLE 2: ce plan de prévention des risques naturels prévisibles est tenu à la disposition du</line>
<line>public, aux heures d'ouverture, des bureaux:</line></par>
<par>
<line>- à la Mairie de Peypin,</line></par>
<par>
<line>- à la Préfecture des Bouches du Rhône, Boulevard Paul Peytral - 13282 Marseille</line>
<line>CEDEX 20,</line></par>
<par>
<line>' à la Direction Départementale de l'Equipement, Service de Défense et Sécurité</line>
<line>Civiles, 7, avenue Général Leclerc - 13332 Marseille CEDEX 3</line></par>
</text>
</block>
<block><region><rect/></region>
<text>
<par>
<line>ARTICLE 3: le présent arrêté sera affiché en Mairie de Peypin; un certificat du Maire justifiera</line>
<line>l'accomplissement de cette mesure de publicité.</line></par>
</text>
</block>
<block><region><rect/></region>
<text>
<par>
<line>ARTICLE 4: des copies conformes du présent arrêté seront adressées:</line></par>
<par>
<line>- au Maire de la Commune de Peypin,</line></par>
<par>
<line>- au Directeur Départemental de l'Equipement,</line></par>
<par>
<line>- au Directeur de la Prévention des Pollutions et des Risques.</line></par>
</text>
</block>
<block><region><rect/></region>
<text>
<par>
<line>ARTICLE 5: - le Secrétaire Général de la Préfecture des Bouches du Rhône,</line></par>
<par>
<line>- le Maire de la Commune de Peypin,</line></par>
<par>
<line>- le Directeur Départemental de l'Equipement des Bouches du Rhône sont chargés,</line>
<line>chacun en ce qui le concerne, de l'exécution du présent arrêté, qui sera publié au</line>
<line>recueil des actes administratifs de la Préfecture et dont mention sera faite en</line>
<line>caractères apparents dans les journaux "La Provence " et "La Marseillaise".</line></par>
</text>
</block>
<block><region><rect/></region>
<text>
<par>
<line>PDDR COPIE CONFORME</line>
<line>Pour !a Préfet</line></par>
<par>
<line>Le D'-r Lcur</line></par>
<par>
<line>des Coiî&amp;cvr ■ ■t'C Lccaies</line>
<line>et dfi i de Vio</line></par>
<par>
<line>|j I</line></par>
<par>
<line>Yves J.AL.ABERT</line></par>
</text>
</block>
<block><region><rect/></region>
<text>
<par>
<line>Pour, le Préfet</line>
<line>Le Secréfeire Général</line></par>
</text>
</block>
<block><region><rect/></region>
<text>
<par>
<line>A</line></par>
</text>
</block>
<block><region><rect/></region>
<text>
<par>
<line>Ernmanuel BERTHIER</line></par>
</text>
</block>





</page>
</PM1>