<?xml version="1.0" encoding="UTF-8"?><PM1>
<page width="2568" height="3577" resolution="301">
<block><region><rect/></region>
<text>
<par>
<line>K</line></par>
<par>
<line>Direction</line>
<line>départementale</line>
<line>de l'Equipement</line>
<line>De l’Ardèche</line></par>
</text>
</block>
<block><region><rect/></region>
<text>
<par>
<line>Liberté • Égalité • Fraternité</line></par>
<par>
<line>RÉPUBLiaoE Française</line>
<line>PREFECTURE DE L’ARDECHE</line></par>
</text>
</block>
<block><region><rect/></region>
<text>
<par>
<line>ARRETE PREFECTORAL</line></par>
</text>
</block>
<block><region><rect/></region>
<text>
<par>
<line>portant approbation du Plan de Prévention des</line>
<line>Risques d’inondation de la rivière Le Chassezac</line>
<line>dans la commune de Grospierres</line></par>
</text>
</block>
<block><region><rect/></region>
<text>
<par>
<line>Service de l’urbanisme, de</line>
<line>l’Aménagement et de l’Environnement</line></par>
<par>
<line>LE PREFET DE L'ARDECHE</line></par>
<par>
<line>2 place des Mobiles Chevalier de la Légion d’Honneur,</line></par>
<par>
<line>Chevalier de l'Ordre National du Mérite</line></par>
<par>
<line>07006 Privas Cedex</line>
<line>Tél : 04 75 65 50 00</line>
<line>Fax ; 04 75 64 59 44</line></par>
</text>
</block>
<block><region><rect/></region>
<text>
<par>
<line>Vu le code de l’environnement et notamment ses articles L 562-1 à 562-7 instaurant les Plans de</line>
<line>Prévention des Risques Naturels Prévisibles,</line></par>
<par>
<line>Vu le décret n° 95-1089 du 5 octobre 1995 relatif aux Plans de Prévention des Risques, et en</line>
<line>particulier les articles 1 à 7 précisant les modalités de leur élaboration.</line></par>
<par>
<line>Vu le code de l’expropriation pour cause d’utilité publique et notamment son article R 111-4</line>
<line>relatif aux procédures d’enquête publique.</line></par>
<par>
<line>Vu l’arrêté préfectoral n° 2002-290-10 du 17/10/2002 prescrivant l’établissement d’un PPR</line>
<line>Inondation sur la rivière Le Chassezac ,</line></par>
<par>
<line>Vu l’avis du Conseil Municipal de Grospierres en date du 09/02/2004,</line></par>
<par>
<line>Vu l’arrêté préfectoral n° 2004-77-12 du 17/03/2004 prescrivant l’enquête publique sur le Plan</line>
<line>de Prévention des Risques d’inondation de la rivière Le Chassezac dans la commune de</line>
<line>Grospierres,</line></par>
<par>
<line>Vu le procès-verbal de l’enquête publique à laquelle il a été procédé du 13/04/2004 au</line>
<line>30/04/2004,</line></par>
<par>
<line>Vu le rapport du commissaire-enquêteur en date du 21/05/2004,</line></par>
<par>
<line>Sur proposition du Secrétaire Général de la Préfecture</line></par>
</text>
</block>



</page>
<page width="2557" height="3569" resolution="301">
<block><region><rect/></region>
<text>
<par>
<line>A R R E TE :</line></par>
</text>
</block>
<block><region><rect/></region>
<text>
<par>
<line>ARTICLE 1</line></par>
<par>
<line>1 - Le Plan de Prévention des Risques d’inondation de la rivière Le Chassezac dans la commune</line>
<line>de Grospierres est approuvé.</line></par>
<par>
<line>2-11 comprend</line></par>
<par>
<line>• un rapport de présentation</line></par>
<par>
<line>• des documents cartographiques</line></par>
<par>
<line>• un règlement</line></par>
<par>
<line>3-11 est tenu à la disposition du public</line></par>
<par>
<line>• à la mairie de Grospierres aux heures et jours ouvrables habituels de celle-ci</line></par>
<par>
<line>• dans les locaux de la Direction Départementale de l’Equipement de Privas, aux heures</line>
<line>et jours ouvrables des bureaux de celle-ci.</line></par>
<par>
<line>• dans les locaux de la Préfecture de l’Ardèche à Privas (Service Interministériel de</line>
<line>Défense et de Protection Civile) aux heures et jours ouvrables de ses bureaux.</line></par>
<par>
<line>• dans les bureaux de la Sous Préfecture de l’arrondissement de Largentière aux heures</line>
<line>et jours ouvrables de ses bureaux.</line></par>
<par>
<line>ARTICLE 2 - Le présent arrêté sera publié au Recueil des Actes Administratifs de la Préfecture</line>
<line>et mention en sera faite en caractères apparents dans les deux journaux ci-après désignés :</line></par>
<par>
<line>. LE DAUPHINE LIBERE</line>
<line>. TERRE VIVAROISE</line></par>
<par>
<line>Cet avis sera par ailleurs affiché en mairie de Grospierres pendant une durée minimum d’un mois</line>
<line>et porté à la connaissance du public pour tout autre procédé en usage dans la commune.</line></par>
<par>
<line>ARTICLE 3 - Dès les dernières mesures de publicité effectuées, le Plan de Prévention des</line>
<line>Risques d’inondation s’imposera à toute demande d’autorisation d’occupation du sol en qualité</line>
<line>de servitude d’utilité publique.</line></par>
<par>
<line>ARTICLE 4 - Des ampliations du présent arrêté seront adressées :</line></par>
<par>
<line>. au maire de la commune de Grospierres</line>
<line>. à M. le Sous-Préfet de Largentière</line>
<line>. au Commissaire-Enquêteur</line>
<line>. au Directeur Départemental de l’Equipement</line>
<line>. au Directeur Régional de l’Environnement</line></par>
</text>
</block>





</page>
<page width="2528" height="3549" resolution="301">
<block><region><rect/></region>
<text>
<par>
<line>ARTICLE 5 -M. le Sous-Préfet de l’arrondissement de Largentière et le Directeur</line>
<line>Départemental de l’Equipement sont chargés, chacun en ce qui le concerne, de l’exécution du</line>
<line>présent arrêté.</line></par>
<par>
<line>ARTICLE 6 : Le plan de prévention des risques de la commune de Grospierres peut faire l'objet</line>
<line>d'un recours contentieux devant le tribunal administratif dans un délai de deux mois courant à</line>
<line>compter de sa publication.</line></par>
</text>
</block>
<block><region><rect/></region>
<text>
<par/>
</text>
</block>





</page>
</PM1>