<?xml version="1.0" encoding="UTF-8"?><PM1>
<page width="2504" height="3543" resolution="303">
<block><region><rect/></region>
<text>
<par>
<line>mm</line></par>
<par>
<line>Liberté • Egalité • Fraternité</line></par>
<par>
<line>RÉPUBLIQUE Française</line></par>
</text>
</block>
<block><region><rect/></region>
<text>
<par>
<line>PRÉFET DE L’ARDÈCHE</line></par>
</text>
</block>
<block><region><rect/></region>
<text>
<par>
<line>Direction départementale</line>
<line>des territoires</line></par>
<par>
<line>Service urbanisme</line>
<line>et territoires</line></par>
<par>
<line>Prévention des Risques</line></par>
</text>
</block>
<block><region><rect/></region>
<text>
<par>
<line>ARRETE PREFECTORAL</line></par>
<par>
<line>N° 2010-294-0021 du 21/10/2010</line></par>
<par>
<line>portant approbation</line>
<line>du Plan de Prévention des Risques</line>
<line>d'inondation du Rhône et du Mialan</line>
<line>dans la commune de Saint-Péray</line></par>
</text>
</block>
<block><region><rect/></region>
<text>
<par>
<line>Le Préfet de l'Ardèche</line></par>
</text>
</block>
<block><region><rect/></region>
<text>
<par>
<line>Vu le code de l’environnement et notamment ses articles L.562-1 à 562-7</line>
<line>instaurant les Plans de Prévention des Risques Naturels Prévisibles,</line></par>
</text>
</block>
<block><region><rect/></region>
<text>
<par>
<line>Vu le code de l’expropriation pour cause d’utilité publique et notamment son</line>
<line>article R.111-4 relatif aux procédures d’enquête publique,</line></par>
</text>
</block>
<block><region><rect/></region>
<text>
<par>
<line>Vu l’arrêté préfectoral n° 2008-210-13 du 28/07/2008 prescrivant l’établissement</line>
<line>d’un PPR d'inondation du Rhône et du Mialan,</line></par>
<par>
<line>Vu l’avis du Conseil Municipal en date du 24/09/2009,</line></par>
<par>
<line>Vu l’arrêté préfectoral n° 2009-355-14 du 21/12/2009 prescrivant l’enquête</line>
<line>publique sur le Plan de Prévention des Risques d’Inondation du Rhône et du</line>
<line>Mialan dans la commune de Saint-Péray,</line></par>
<par>
<line>Vu le procès-verbal de l’enquête publique à laquelle il a été procédé du 25/01 au</line>
<line>25/02/2010,</line></par>
<par>
<line>Vu le rapport du commissaire-enquêteur en date du 24/03/2010</line></par>
</text>
</block>
<block><region><rect/></region>
<text>
<par>
<line>Direction départementale des territoires - 2, Place des Mobiles BP 613 - 07006 Privas Cedex -Tél : 04.75.65.50.00 - Fax : 04.75.64.59.44</line>
<line>Adresse internet des services de l’Etat en Ardèche : www. ardeche .gouv. fr</line>
<line>Adresse internet de la DDT : www.ardeche.equipement-agriculture.gouv.fr</line></par>
</text>
</block>
<block><region><rect/></region>
<text>
<par>
<line>1/2</line></par>
</text>
</block>



</page>
<page width="2479" height="3508" resolution="300">
<block><region><rect/></region>
<text>
<par>
<line>A R R E TE :</line></par>
</text>
</block>
<block><region><rect/></region>
<text>
<par>
<line>ARTICLE 1</line></par>
<par>
<line>1 - Le Plan de Prévention des Risques d’Inondation du Rhône et du Mialan dans</line>
<line>la commune de Saint-Péray est approuvé.</line></par>
<par>
<line>2 - Il comprend</line></par>
<par>
<line>1. un rapport de présentation</line></par>
<par>
<line>2. des documents cartographiques</line></par>
<par>
<line>3. un règlement</line></par>
<par>
<line>3 - Il est tenu à la disposition du public</line></par>
<par>
<line>• à la mairie de Saint-Péray aux heures et jours ouvrables habituels de</line>
<line>celle-ci</line></par>
<par>
<line>• dans les locaux de la Direction Départementale des Territoires de Privas,</line>
<line>aux heures et jours ouvrables des bureaux de celle-ci.</line></par>
<par>
<line>• dans les locaux de la Préfecture de l’Ardèche à Privas (Service</line>
<line>Interministériel de Défense et de Protection Civile) aux heures et jours</line>
<line>ouvrables de ses bureaux.</line></par>
<par>
<line>ARTICLE 2 - Le présent arrêté sera publié au Recueil des Actes Administratifs de</line>
<line>la Préfecture et mention en sera faite en caractères apparents dans le Dauphiné</line>
<line>Libéré.</line></par>
<par>
<line>Cet avis sera par ailleurs affiché en mairie de Saint-Péray pendant une durée</line>
<line>minimum d’un mois et porté à la connaissance du public par tout autre procédé en</line>
<line>usage dans la commune.</line></par>
<par>
<line>ARTICLE 3 - Dès les dernières mesures de publicité effectuées, le Plan de</line>
<line>Prévention des Risques d’Inondation s’imposera à toute demande d’autorisation</line>
<line>d’occupation du sol en qualité de servitude d’utilité publique.</line></par>
<par>
<line>ARTICLE 4 - Le présent arrêté sera adressé :</line></par>
<par>
<line>. au maire de la commune de Saint-Péray</line>
<line>. au sous Préfet de Tournon-sur-Rhône</line>
<line>. au Directeur Départemental des Territoires</line></par>
<par>
<line>. au Directeur Régional de l’Environnement, de l'Aménagement et du Logement</line></par>
<par>
<line>ARTICLE 5 -M. le sous Préfet de Tournon-sur-Rhône et le Directeur</line>
<line>Départemental des Territoires sont chargés, chacun en ce qui le concerne, de</line>
<line>l’exécution du présent arrêté.</line></par>
<par>
<line>ARTICLE 6 : Le plan de prévention des risques de la commune de Saint-Péray</line>
<line>peut faire l'objet d'un recours contentieux devant le tribunal administratif dans un</line>
<line>délai de deux mois courant à compter de sa publication.</line></par>
<par>
<line>Signé</line></par>
<par>
<line>LE PREFET</line>
<line>A. DE ST QUENTIN</line></par>
</text>
</block>







</page>
</PM1>