<?xml version="1.0" encoding="UTF-8"?><PM1>
<page width="2499" height="3528" resolution="301">
<block><region><rect/></region>
<text>
<par>
<line>Liberté • Égalité • Fraternité</line></par>
<par>
<line>RÉPUBLiauE Française</line></par>
</text>
</block>
<block><region><rect/></region>
<text>
<par>
<line>PREFECTURE DE L'ARDECHE</line></par>
</text>
</block>
<block><region><rect/></region>
<text>
<par>
<line>direction</line>
<line>départementale</line>
<line>de l’Équipement</line>
<line>Ardèche</line></par>
</text>
</block>
<block><region><rect/></region>
<text>
<par>
<line>ü</line></par>
</text>
</block>
<block><region><rect/></region>
<text>
<par>
<line>service de l’Urbanisme</line>
<line>de l’Aménagement et</line>
<line>du paysage</line></par>
</text>
</block>
<block><region><rect/></region>
<text>
<par>
<line>Arrêté N°2003-71-9</line></par>
<par>
<line>portant approbation du Plan de Prévention des Risques</line>
<line>d’inondation de la rivière Ouvèze</line>
<line>dans la commune de Privas</line></par>
</text>
</block>
<block><region><rect/></region>
<text>
<par>
<line>LE PREFET DE L’ARDECHE</line>
<line>Chevalier de la Légion d’Honneur</line>
<line>Chevalier de l’Ordre National du Mérite</line></par>
</text>
</block>
<block><region><rect/></region>
<text>
<par>
<line>Vu le code de l’environnement et notamment ses articles L 562-1 à 562-7 instaurant les</line>
<line>Plans de Prévention des Risques Naturels Prévisibles,</line></par>
<par>
<line>Vu le décret n° 95-1089 du 5 octobre 1995 relatif aux Plans de Prévention des Risques,</line>
<line>et en particulier les articles 1 à 7 précisant les modalités de leur élaboration.</line></par>
<par>
<line>Vu le code de l’expropriation pour cause d’utilité publique et notamment son article</line>
<line>R 111-4 relatif aux procédures d’enquête publique.</line></par>
<par>
<line>Vu l’arrêté préfectoral n° 1126-2001 du 25 juillet 2001 prescrivant l’établissement d’un</line>
<line>PPR Inondation sur la rivière Ouvèze,</line></par>
<par>
<line>Vu l’avis du Conseil Municipal de Privas en date du 27 mai 2002,</line></par>
<par>
<line>Vu l’arrêté préfectoral n° 200280-7 du 7 octobre 2002 prescrivant l’enquête publique</line>
<line>sur le Plan de Prévention des Risques d’inondation de la rivière Ouvèze dans la</line>
<line>commune de Privas,</line></par>
<par>
<line>Vu le procès-verbal de l’enquête publique à laquelle il a été procédé du 21 octobre au</line>
<line>8 novembre 2002,</line></par>
<par>
<line>Vu le rapport du commissaire-enquêteur en date du 1“ décembre 2002</line></par>
<par>
<line>2 place des Mobiles</line></par>
<par>
<line>BP 613 Sur proposition du Secrétaire Général de la Préfecture</line></par>
<par>
<line>07006 Privas cedex</line>
<line>téléphone :</line></par>
<par>
<line>04 75 65 50 00</line>
<line>télécopie :</line></par>
<par>
<line>04 75 64 5944</line>
<line>mél ;</line></par>
<par>
<line>DDE-Ardeche</line>
<line>©équipement .gouv.fr</line></par>
</text>
</block>

</page>
<page width="2545" height="3561" resolution="301">
<block><region><rect/></region>
<text>
<par>
<line>2/2</line></par>
</text>
</block>
<block><region><rect/></region>
<text>
<par>
<line>A R R E TE :</line></par>
<par>
<line>Article</line></par>
<par>
<line>1 - Le Plan de Prévention des Risques d’inondation de la rivière Ouvèze dans la</line>
<line>commune de Privas est approuvé.</line></par>
<par>
<line>2-11 comprend</line></par>
<par>
<line>• un rapport de présentation</line></par>
<par>
<line>• des documents cartographiques</line></par>
<par>
<line>• un règlement</line></par>
<par>
<line>3-11 est tenu à la disposition du public</line></par>
<par>
<line>• à la mairie de Privas aux heures et jours ouvrables habituels de celle-ci</line></par>
<par>
<line>• dans les locaux de la Direction Départementale de l’Equipement de Privas,</line>
<line>aux heures et jours ouvrables des bureaux de celle-ci.</line></par>
<par>
<line>• dans les locaux de la Préfecture de l’Ardèche à Privas (Service</line>
<line>Interministériel de Défense et de Protection Civile) aux heures et jours</line>
<line>ouvrables de ses bureaux.</line></par>
<par>
<line>Article 2 - Le présent arrêté sera publié au Recueil des Actes Administratifs de la</line>
<line>Préfecture et mention en sera faite en caractères apparents dans les deux journaux ci-</line>
<line>après désignés :</line></par>
<par>
<line>. LE DAUPHINE LIBERE</line>
<line>. TERRE VIVAROISE</line></par>
<par>
<line>Cet avis sera par ailleurs affiché en mairie de Privas pendant une durée minimum d’un</line>
<line>mois et porté à la connaissance du public pour tout autre procédé en usage dans la</line>
<line>commune de Privas.</line></par>
<par>
<line>Article 3 - Dès les dernières mesures de publicité effectuées, le Plan de Prévention des</line>
<line>Risques d’inondation s’imposera à toute demande d’autorisation d’occupation du sol en</line>
<line>qualité de servitude d’utilité publique.</line></par>
<par>
<line>Article 4 - Des ampliations du présent arrêté seront adressées :</line></par>
<par>
<line>. au maire de la commune de Privas</line>
<line>. au Secrétaire Général de la Préfecture</line>
<line>. au Commissaire-Enquêteur</line>
<line>. au Directeur Départemental de l’Equipement</line>
<line>. au Directeur Régional de l’Environnement</line></par>
</text>
</block>




</page>
<page width="2530" height="3550" resolution="301">
<block><region><rect/></region>
<text>
<par>
<line>3/3</line></par>
</text>
</block>
<block><region><rect/></region>
<text>
<par>
<line>Article 5 - Le Secrétaire Général de la Préfecture et le Directeur Départemental de</line>
<line>l’Equipement sont chargés, chacun en ce qui le concerne, de l’exécution du présent</line>
<line>arrêté.</line></par>
</text>
</block>
<block><region><rect/></region>
<text>
<par>
<line>Fait à Privas, le 1 ^</line></par>
</text>
</block>
<block><region><rect/></region>
<text>
<par>
<line>’imi</line></par>
</text>
</block>
<block><region><rect/></region>
<text>
<par>
<line>ImJ^</line></par>
</text>
</block>
<block><region><rect/></region>
<text>
<par>
<line>Préfet</line></par>
</text>
</block>
<block><region><rect/></region>
<text>
<par>
<line>ncois</line></par>
</text>
</block>
<block><region><rect/></region>
<text>
<par>
<line>Jean-rra</line></par>
</text>
</block>
<block><region><rect/></region>
<text>
<par>
<line>KRAJF^</line></par>
</text>
</block>
<block><region><rect/></region>
<text>
<par>
<line>FM/GTPrivas-8</line></par>
</text>
</block>

</page>
</PM1>