<?xml version="1.0" encoding="UTF-8"?><PM1>
<page width="1745" height="2400" resolution="200">
<block><region><rect/></region>
<text>
<par>
<line>OIRECTiON DES ACTIONS</line>
<line>INTERMINISTERIELLES</line></par>
</text>
</block>
<block><region><rect/></region>
<text>
<par>
<line>mm</line></par>
<par>
<line>Liberré • Égalité • Fraierniié</line></par>
<par>
<line>RÉPUBLIQUE Française</line></par>
</text>
</block>
<block><region><rect/></region>
<text>
<par>
<line>BUREAU DE l'ENVIRONNEMENT PRÉFECTURE DE LA NIÈVRE</line></par>
<par>
<line>ET DE L'URBANISME</line></par>
<par>
<line>58026 NEVERS CEDEX</line></par>
</text>
</block>
<block><region><rect/></region>
<text>
<par>
<line>Affaire suivie par Françoise JACOB</line></par>
<par>
<line>TEL. ■.03.86.60.71.45</line>
<line>Télécopie ; 03.86.60.72.51</line>
<line>PPR/Arrôlé approbation val Givry</line></par>
<par>
<line>N“ 2002/P/</line></par>
<par>
<line>ARRETE</line></par>
<par>
<line>portant approbation du plan de prévention des risques naturels d’inondation</line>
<line>du Val du Bec d’Allier - Val de Givry sur le territoire des communes de</line></par>
<par>
<line>GERMIGNY-SUR-LOIRE, GARCHIZY, FOURCHAMBAULT, MARZY, GIMOUILLE</line></par>
<par>
<line>&gt;</line></par>
<par>
<line>LE PREFET DE LA NIEVRE,</line></par>
<par>
<line>Chevalier de la Légion d'honneur,</line></par>
</text>
</block>
<block><region><rect/></region>
<text>
<par/>
</text>
</block>
<block><region><rect/></region>
<text>
<par>
<line>- Vu le code de l’urbanisme ;</line></par>
<par>
<line>- VU le code de la construction et de l’habitat ;</line></par>
<par>
<line>- Vu le code général des collectivités territoriales ;</line></par>
<par>
<line>- Vu le code des assurances ;</line></par>
</text>
</block>
<block><region><rect/></region>
<text>
<par>
<line>- VU la loi n'’ 87-565 du 22 juillet 1987 relative à l'organisation de la sécurité civile, à la</line>
<line>protection de la forêt contre l'incendie et à la prévention des risques majeurs, modifiée par la loi n° 95-101</line>
<line>du 2 février 1995 relative au renforcement de la protection de l'environnement, et notamment ses articles</line>
<line>40-1 à 40-7 ;</line></par>
</text>
</block>
<block><region><rect/></region>
<text>
<par>
<line>- VU la loi n° 92-3 du 3 janvier 1992 sur l’eau et notamment son article 16 ;</line></par>
<par>
<line>- Vu le décret du 4 septembre 1975 portant approbation du plan des surfaces submersibles de</line>
<line>la vallée de la Loire sur les deux rives dans la section comprise entre DIGOIN (Saône-et-Loire) à l’amont,</line>
<line>et BRIARE (Loiret) à l’aval ;</line></par>
<par>
<line>- Vu le décret modifié n** 82-389 du 10 mai 1982 relatif aux pouvoirs des Préfets et à l’action</line>
<line>des services de l’Etat dans les départements ;</line></par>
<par>
<line>- VU le décret n'’ 90-918 du 11 octobre relatif à l’exercice du droit à l’information sur les</line>
<line>risques majeurs ;</line></par>
<par>
<line>- VU le décret n° 92-604 du 1®'juillet 1992 portant charte de la déconcentration ;</line></par>
<par>
<line>- Vu le décret n° 95-1089 du 5 octobre 1995 et notamment son article 7 ;</line></par>
<par>
<line>- Vu la circulaire interministérielle du 24 janvier 1994 relative à la prévention des inondations</line>
<line>et à la gestion des zones inondables ;</line></par>
<par>
<line>- VU la circulaire interministérielle du 24 avril 1996 relative aux dispositions applicables au bâti</line>
<line>et aux ouvrages existants en zone inondable ;</line></par>
</text>
</block>
<block><region><rect/></region>
<text>
<par>
<line>./.</line></par>
</text>
</block>
<block><region><rect/></region>
<text>
<par>
<line>40, rue de la Préfecture</line>
<line>58026 NEVERS CEDEX</line></par>
</text>
</block>



</page>
<page width="1709" height="2375" resolution="200">
<block><region><rect/></region>
<text>
<par>
<line>-2-</line></par>
</text>
</block>
<block><region><rect/></region>
<text>
<par>
<line>- VU l’arrêté préfectoral n° 2000/DDE/134 du 14 janvier 2000 prescrivant l’élaboration d’un</line>
<line>plan de prévention des risques naturels prévisibles d’inondation du Val du Bec d’AIlier - Val de Givry ;</line></par>
<par>
<line>- VU l’arrêté préfectoral n“ 2001/P/3217 du 15 octobre 2001 portant ouverture d’une enquête</line>
<line>publique relative au projet de plan de prévention des risques naturels prévisibles d’inondation du Val du</line>
<line>Bec d’Allier - Val de Givry sur le territoire des communes de GERMIGNY-SUR-LOIRE, GARCHIZY,</line>
<line>FOURCHAMBAULT, MAR2Y, GIMOUILLE ;</line></par>
<par>
<line>- VU les avis des conseils municipaux des communes précitées, consultés ie 16 octobre</line></par>
<par>
<line>2001 ;</line></par>
</text>
</block>
<block><region><rect/></region>
<text>
<par>
<line>- VU les avis du Centre régional de la propriété forestière et de la Chambre d’agriculture,</line>
<line>consultés le 16 octobre 2001 ;</line></par>
<par>
<line>- VU les pièces du dossier soumis à l’enquête ;</line></par>
<par>
<line>' VU l’avis favorable, du commissaire enquêteur en date du 27 décembre 2001 ;</line></par>
<par>
<line>- CONSIDERANT la nécessité de délimiter les terrains sur lesquels l’occupation ou l’utilisation</line>
<line>du sol doit être réglementée du fait de leur exposition à un risque nature! d’inondation et de définir les</line>
<line>mesures de prévention, de protection et de sauvegarde ;</line></par>
<par>
<line>- SUR la proposition de M. le Secrétaire Général de la Préfecture ;</line></par>
</text>
</block>
<block><region><rect/></region>
<text>
<par>
<line>ARRETE</line></par>
</text>
</block>
<block><region><rect/></region>
<text>
<par>
<line>ARTICLE 1er:</line></par>
<par>
<line>Est approuvé tel qu’il est annexé au présent arrêté, le pian de prévention des risques naturels</line>
<line>prévisibles d’inondation du Val du Bec d’Allier - Val de Givry, qui comprend :</line></par>
<par>
<line>- un rapport de présentation,</line></par>
<par>
<line>- un règlement,</line></par>
<par>
<line>- un plan de zonage par commune,</line></par>
<par>
<line>- une carte des enjeux de l’ensemble du val.</line></par>
<par>
<line>ARTICLE 2 :</line></par>
<par>
<line>Dans les communes dotées d’un plan local d’urbanisme ou d’un plan d'occupation des sols valant</line>
<line>P.L.U., le plan de prévention des risques d’inondation sera annexé comme servitude d’utilité publique en</line>
<line>application de l’article L. 126-1 du code de l’urbanisme.</line></par>
<par>
<line>ARTICLES :</line></par>
<par>
<line>Le plan approuvé est tenu à la disposition du public à la Préfecture de la Nièvre, bureau de</line>
<line>l’environnement et de l’urbanisme, ainsi que dans les mairies des communes de GERMIGNY-SUR-</line>
<line>LOIRE, GARCHIZY, FOURCHAMBAULT, MARZY, GIMOUILLE,</line></par>
<par>
<line>ARTICLE 4 :</line></par>
<par>
<line>Cet arrêté fera l’objet d'une mention qui sera insérée en caractères apparents dans « Le Journal</line>
<line>du Centre » et « Le Journal du Centre Dimanche ».</line></par>
<par>
<line>Il sera, en outre, affiché pendant une durée minimum d’un mois dans chacune des mairies</line>
<line>précitées.</line></par>
<par>
<line>Un certificat d’affichage sera établi par chaque maire pour constater l’accomplissement de cette</line>
<line>formalité.</line></par>
</text>
</block>
<block><region><rect/></region>
<text>
<par/>
</text>
</block>






</page>
<page width="1780" height="2424" resolution="200">
<block><region><rect/></region>
<text>
<par>
<line>-3-</line></par>
</text>
</block>
<block><region><rect/></region>
<text>
<par>
<line>ARTICLE 5 :</line></par>
</text>
</block>
<block><region><rect/></region>
<text>
<par>
<line>La présente décision d’approbation du plan de prévention des risques naturels d’inondation du Va!</line>
<line>du Bec d’Allier - Val de Givry peut être contestée dans un délai de deux mois à compter de sa</line>
<line>notification :</line></par>
<par>
<line>- par recours gracieux auprès de l'auteur de la décision,</line></par>
<par>
<line>- par recours contentieux auprès du tribunal administratif.</line></par>
</text>
</block>
<block><region><rect/></region>
<text>
<par>
<line>ARTICLE 6:</line></par>
<par>
<line>- M. le Secrétaire Général de la Préfecture de la Nièvre</line></par>
<par>
<line>- M. le Directeur départemental de l’équipement</line></par>
<par>
<line>- MM. les Maires de GERMIGNY-StJR-LOIRE, GARCHIZY, FOURCHAMBAULT, MAR2Y, GIMOUILLE,</line></par>
<par>
<line>sont chargés, chacun en ce qui le concerne, de l'exécution du présent arrêté qui sera publié au</line>
<line>recueil des actes administratifs de la Préfecture.</line></par>
</text>
</block>
<block><region><rect/></region>
<text>
<par>
<line>FaitàNevers, le \ 4 AflO[ 2002</line></par>
</text>
</block>
<block><region><rect/></region>
<text>
<par>
<line>Le Préfet,</line></par>
<par>
<line>Pour le Préfet absent.</line>
<line>Le Sous-Préfet,</line></par>
</text>
</block>
<block><region><rect/></region>
<text>
<par>
<line>Didier BRAëSART</line></par>
</text>
</block>




</page>
</PM1>