<?xml version="1.0" encoding="UTF-8"?><PM1>
<page width="1644" height="2331" resolution="200">
<block><region><rect/></region>
<text>
<par>
<line>mm</line></par>
<par>
<line>Liberté • Egalité • Fraternité</line></par>
<par>
<line>République Française</line></par>
</text>
</block>
<block><region><rect/></region>
<text>
<par>
<line>PRÉFET DE LA HAUTE-LOIRE</line></par>
</text>
</block>
<block><region><rect/></region>
<text>
<par>
<line>DIRECTION DES POLITIQUES PUBLIQUES ET DE L’ADMINISTRATION LOCALE</line></par>
</text>
</block>
<block><region><rect/></region>
<text>
<par>
<line>ARRETE N** DlPPAL-2014-136</line></par>
</text>
</block>
<block><region><rect/></region>
<text>
<par>
<line>portant approbation du Plan de Prévention des Risques Naturels Prévisibles</line>
<line>pour le risque Retrait-Gonflement des Argiles</line>
<line>sur les communes d'Aiguilhe, Arsac-en-Velay, Blavozy, Brives-Charensac, Coubon,</line>
<line>Espaly-Saint-Marcel, Malrevers, Poiignac, Le Puy-en-Velay, Saint-Germain-Laprade,</line>
<line>Saint-Julien-Chapteuil, Saint-Pierre-Eynac et Vals-près-le-Puy</line></par>
</text>
</block>
<block><region><rect/></region>
<text>
<par>
<line>LE PREFET DE LA HAUTE-LOIRE</line></par>
<par>
<line>Chevalier de l'Ordre National de la Légion d'honneur</line></par>
<par>
<line>VU le code de l’environnement, notamment ses articles R 123-6 à R 123-23, L 562.1 et suivants et</line>
<line>R 562.1 et suivants ;</line></par>
<par>
<line>VU le code de l'urbanisme ;</line></par>
<par>
<line>VU le code de la construction et de l'habitation ;</line></par>
<par>
<line>VU l'arrêté préfectoral du 26 décembre 2012 prescrivant l'établissement d'un Plan de Prévention</line>
<line>du Risque « retrait-gonflement des argiles » sur les communes d'Aiguilhe, Arsac-en-Velay, Blavozy,</line>
<line>Brives-Charensac, Coubon, Espaly-Saint-Marcel, Malrevers, Poiignac, Le Puy-en-Velay, Saint-</line>
<line>Germain-Laprade, Saint-Julien-Chapteuil, Saint-Pierre-Eynac et Vals-près-le-Puy ;</line></par>
<par>
<line>VU les pièces du dossier établi par les services de la Direction Départementale des Territoires ;</line></par>
<par>
<line>VU l'avis favorable des communes du Puy-en-Velay le 18 décembre 2013 et de Malrevers le 16</line>
<line>janvier 2014 ;</line></par>
<par>
<line>VU l’avis réputé favorable des conseils municipaux des communes d’Aiguilhe, Arsac-en-Velay,</line>
<line>Blavozy, Coubon, Espaly-Saint-Marcel, Saint-Germain-Laprade, Saint-Julien-Chapteuil et Saint-</line>
<line>Pierre-Eynac :</line></par>
<par>
<line>vu l'avis du 18 décembre 2013 de la commune de Brives-Charensac émettant les plus extrêmes</line>
<line>réserves et l'abstention du conseil municipal ;</line></par>
<par>
<line>VU l'avis du 24 décembre 2013 de la commune de Vals-près-le-Puy indiquant qu’elle n’avait pas de</line>
<line>remarque particulière ;</line></par>
<par>
<line>VU l'avis du 20 janvier 2014 de la commune de Poiignac émettant des remarques sur le zonage ;</line></par>
<par>
<line>VU l’avis réputé favorable du conseil des communautés de communes de l'Emblavez et du</line>
<line>Meygal ;</line></par>
<par>
<line>VU l'avis favorable du 21 janvier 2014 de la Communauté d’Agglomération du Puy-en-Velay ;</line></par>
</text>
</block>
<block><region><rect/></region>
<text>
<par>
<line>1/3</line></par>
</text>
</block>


</page>
<page width="1650" height="2336" resolution="200">
<block><region><rect/></region>
<text>
<par>
<line>vu l'avis réputé favorable du Centre régional de la propriété forestière d'Auvergne ;</line></par>
<par>
<line>VU l'avis réputé favorable du Conseil Général de Haute-Loire ;</line></par>
<par>
<line>VU l'avis défavorable du 8 janvier 2014 de la Chambre d'Agriculture ;</line></par>
<par>
<line>VU le dossier adressé à la Préfecture le 15 mai 2014 pour être soumis à enquête publique ;</line></par>
<par>
<line>VU l'arrêté préfectoral n'’DIPPAL-B3-2014/80 du 4 juin 2014 prescrivant l'enquête publique relative</line>
<line>au projet d'établissement d'un Plan de Prévention du Risque retrait et gonflement des argiles sur</line>
<line>les communes d'Aiguilhe, Arsac-en-Velay, Blavozy, Brives-Charensac, Coubon, Espaly-Saint-</line>
<line>Marcel, Malrevers, Polignac, Le Puy-en-Velay, Saint-Germain-Laprade, Saint-Julien-Chapteull,</line>
<line>Saint-Pierre-Eynac et Vals-près-le-Puy du 30 juin au 30 juillet 2014 inclus ;</line></par>
<par>
<line>VU l'avis favorable émis le 29 août 2014 par la commission d’enquête ;</line></par>
<par>
<line>CONSIDERANT que les résultats de ladite enquête ne nécessitent pas de modification du dossier ;</line>
<line>SUR proposition du Directeur Départemental des Territoires ;</line></par>
</text>
</block>
<block><region><rect/></region>
<text>
<par>
<line>ARRETE :</line></par>
</text>
</block>
<block><region><rect/></region>
<text>
<par>
<line>ARTICLE Objet</line></par>
<par>
<line>Est approuvé, tel qu'il est annexé au présent arrêté, le Plan de Prévention des Risques naturels</line>
<line>prévisibles (PPR) pour le risque « retrait-gonflement des argiles » sur les communes d'Aiguilhe,</line>
<line>Arsac-en-Velay, Blavozy, Brives-Charensac, Coubon, Espaly-Saint-Marcel, Malrevers, Polignac, Le</line>
<line>Puy-en-Velay, Saint-Germain-Laprade, Saint-Julien-Chapteuil, Saint-Pierre-Eynac et Vals-près-le-</line>
<line>Puy.</line></par>
</text>
</block>
<block><region><rect/></region>
<text>
<par>
<line>ARTICLE 2 : Notification</line></par>
<par>
<line>Le présent arrêté sera notifié à :</line></par>
<par>
<line>• MM. les Maires d'Aiguilhe, Arsac-en-Velay, Blavozy, Brives-Charensac, Coubon, Espaly-Saint-</line>
<line>Marcel, Malrevers, Polignac, Le Puy-en-Velay, Saint-Germain-Laprade, Saint-Julien-Chapteuil,</line>
<line>Saint-Pierre-Eynac et Vals-près-le-Puy,</line></par>
<par>
<line>• MM. les Présidents de la communauté d'agglomération du Puy-en-Velay, de la communauté de</line>
<line>communes de l'Emblavez et de la communauté de communes du Meygal,</line></par>
<par>
<line>• M. le Directeur Départemental des Territoires,</line></par>
<par>
<line>M. le Directeur Régional de l'Environnement, de l'Aménagement et du Logement d'Auvergne,</line></par>
<par>
<line>• Mme le Ministre de l'Ecologie, du Développement Durable et de l’Energie (MEDDE)</line></par>
</text>
</block>
<block><region><rect/></region>
<text>
<par>
<line>ARTICLE 3 : Mesures de publicité</line></par>
<par>
<line>Le présent arrêté fera l'objet d'une mention au recueil des actes administratifs de la Préfecture</line>
<line>ainsi que dans un journal diffusé dans le département ;</line></par>
<par>
<line>Copie du présent arrêté sera affichée en mairies d'Aiguilhe, Arsac-en-Velay, Blavozy, Brives-</line>
<line>Charensac, Coubon, Espaly-Saint-Marcel, Malrevers, Polignac, Le Puy-en-Velay, Saint-Germain-</line>
<line>Laprade, Saint-Julien-Chapteuil, Saint-Pierre-Eynac et Vals-près-le-Puy, et aux sièges de la</line>
<line>communauté d'agglomération du Puy-en-Velay, de la communauté de communes de l'Emblavez et</line>
<line>de la communauté de communes du Meygal pendant un mois.</line></par>
</text>
</block>
<block><region><rect/></region>
<text>
<par>
<line>2/3</line></par>
</text>
</block>




</page>
<page width="1654" height="2338" resolution="200">
<block><region><rect/></region>
<text>
<par>
<line>Le présent arrêté et le plan qui lui est annexé seront tenus à la disposition du public :</line></par>
<par>
<line>• à la Préfecture de la Haute-Loire,</line></par>
<par>
<line>à la Direction départementale des territoires,</line></par>
<par>
<line>dans les mairies d'Aiguilhe, Arsac-en-Velay, Blavozy, Brives-Charensac, Coubon, Espaly-Saint-</line>
<line>Marcel, Malrevers, Polignac, Le Puy-en-Velay, Saint-Germain-Laprade, Saint-Juiien-Chapteuil,</line>
<line>Saint-Pierre-Eynac et Vals-près-le-Puy</line></par>
<par>
<line>• aux sièges de la communauté d'agglomération du Puy-en-Velay, de la communauté de</line>
<line>communes de l’Embiavez et de la communauté de communes du Meygal.</line></par>
</text>
</block>
<block><region><rect/></region>
<text>
<par>
<line>ARTICLE 6 : Vole de recours</line></par>
<par>
<line>Le présent arrêté pourra faire l’objet, dans le délai de deux mois à compter de sa notification, soit</line>
<line>d'un recours gracieux auprès du préfet de la Haute-Loire, soit d'un recours hiérarchique adressé</line>
<line>au ministre de l'Ecologie, du Développement Durable et de l'Energie.</line></par>
<par>
<line>Il peut également faire l'objet d'un recours contentieux auprès du tribunal administratif de Clermont-</line>
<line>Ferrand, soit directement, soit, dans le cas d'un recours gracieux ou hiérarchique, dans les deux</line>
<line>mois à compter de la réponse explicite de l'administration ou de la décision implicite de rejet</line>
<line>résultant du silence de l'administration pendant deux mois.</line></par>
<par>
<line>Dans ce dernier cas, une décision explicite de rejet intervenue dans le délai de deux mois ouvert</line>
<line>par une décision implicite créerait un nouveau délai pour se pourvoir,</line></par>
</text>
</block>
<block><region><rect/></region>
<text>
<par>
<line>ARTICLE 7 :</line></par>
<par>
<line>Le présent Plan de Prévention du Risque retrait-gonflement des argiles valant servitude d'utilité</line>
<line>publique sera annexé au document d'urbanisme des communes d'Aiguilhe, Arsac-en-Velay,</line>
<line>Blavozy, Brives-Charensac, Coubon, Espaly-Saint-Marcel, Malrevers, Polignac, Le Puy-en-Velay,</line>
<line>Saint-Germain-Laprade, Saint-Julien-Chapteuil, Saint-Pierre-Eynac et Vals-près-le-Puy qui seront</line>
<line>mis à jour conformément aux dispositions prévues à l’article R 126-2 du code de l'urbanisme.</line></par>
</text>
</block>
<block><region><rect/></region>
<text>
<par>
<line>ARTICLE 8 : Exécution</line></par>
<par>
<line>Le Secrétaire Général de la Préfecture de la Haute-Loire, les Maires d'Aiguilhe, Arsac-en-Velay,</line>
<line>Blavozy, Brives-Charensac, Coubon, Espaly-Saint-Marcel, Malrevers, Polignac, Le Puy-en-Velay,</line>
<line>Saint-Germain-Laprade, Saint-Julien-Chapteuil, Saint-Pierre-Eynac et Vals-près-le-Puy, les</line>
<line>Présidents de la communauté d'agglomération du Puy-en-Velay, de la communauté de communes</line>
<line>de l'Emblavez et de la communauté de communes du Meygal et le Directeur Départemental des</line>
<line>Territoires sont chargés, chacun en ce qui le concerne, de l'exécution du présent arrêté.</line></par>
</text>
</block>
<block><region><rect/><rect/></region>
<text>
<par>
<line>Au PUY Elj V^AY, le 30 septembre 2014</line>
<line>Poi</line></par>
</text>
</block>
<block><region><rect/></region>
<text>
<par>
<line>del(</line></par>
</text>
</block>
<block><region><rect/></region>
<text>
<par>
<line>par</line></par>
</text>
</block>
<block><region><rect/></region>
<text>
<par>
<line>ga</line></par>
</text>
</block>
<block><region><rect/></region>
<text>
<par>
<line>Secrét u</line></par>
</text>
</block>
<block><region><rect/></region>
<text>
<par>
<line>Gé</line></par>
</text>
</block>
<block><region><rect/></region>
<text>
<par>
<line>ra</line></par>
</text>
</block>
<block><region><rect/></region>
<text>
<par>
<line>re</line></par>
</text>
</block>
<block><region><rect/></region>
<text>
<par>
<line>OU</line></par>
</text>
</block>
<block><region><rect/></region>
<text>
<par>
<line>ent</line></par>
</text>
</block>
<block><region><rect/></region>
<text>
<par>
<line>OUSE</line></par>
</text>
</block>
<block><region><rect/></region>
<text>
<par>
<line>3/3</line></par>
</text>
</block>





</page>
</PM1>