<?xml version="1.0" encoding="UTF-8"?><PM1>
<page width="1647" height="2333" resolution="200">
<block><region><rect/></region>
<text>
<par>
<line>Liberté » égalité • Fraternité</line></par>
<par>
<line>RÉFUBUQpE Française</line></par>
</text>
</block>
<block><region><rect/></region>
<text>
<par/>
</text>
</block>
<block><region><rect/></region>
<text>
<par/>
</text>
</block>
<block><region><rect/></region>
<text>
<par>
<line>PREFECTURE DE LA HAUTE-LOIRE</line></par>
</text>
</block>
<block><region><rect/></region>
<text>
<par>
<line>ARRAoprobPPRIBeaulieuAS</line></par>
<par>
<line>DIRECTION DES ACTIONS INTERMINISTERIELLES</line>
<line>Délégation Interservices pour l’eau</line>
<line>ARRETE N° DIRE 2006/ 4 A</line></par>
<par>
<line>portant approbation du Plan de Prévention du Risque Inondation (P.P.R.I.) de la Loire,de la Suissesse</line></par>
<par>
<line>et de la Courbeyre sur la commune de Beaulieu</line></par>
</text>
</block>
<block><region><rect/></region>
<text>
<par>
<line>Le Secrétaire Général</line></par>
<par>
<line>VU le code de l'urbanisme ;</line></par>
<par>
<line>VU le code de la construction et de l’habitation ;</line></par>
<par>
<line>VU le code de l’expropriation pour cause d’utilité publique, notamment ses articles R 11-4 à R 11-14 modifié</line>
<line>par l'article 4 du décret n° 2002-1341 du 5 novembre 2002 relatif à la désignation et à l'indemnisation des</line>
<line>commissaires-enquêteurs ;</line></par>
<par>
<line>VU le code de l'environnement, partie législative, livre V, titre VI, article L 562.1 et suivants ;</line></par>
<par>
<line>VU la loi n° 87-565 du 22 juillet 1987 relative à l’organisation de la sécurité civile, à la protection de la forêt</line>
<line>contre l’incendie et à la prévention des risques majeurs ;</line></par>
<par>
<line>VU le décret n° 90-918 du 11 octobre 1990 relatif à l’exercice du droit à l’information sur les risques majeurs ;</line></par>
<par>
<line>VU le décret n° 95-1089 du 5 octobre 1995 relatif aux plans de prévention des risques naturels prévisibles,</line>
<line>modifié par le décret n'’ 2005-3 du 4 janvier 2005;</line></par>
<par>
<line>VU l'arrêté préfectoral du 20 novembre 1998 prescrivant l'établissement d'un Plan de Prévention du Risque</line>
<line>Inondation (P.P.R.I.) de la Loire sur la commune de Beaulieu;</line></par>
<par>
<line>VU l'arrêté préfectoral n°D2B1-2001/85 du 8 mars 2001 portant nomination du délégué interservices pour</line>
<line>l'eau;</line></par>
<par>
<line>VU la délibération du 25 novembre 2005 du conseil municipal de Beaulieu;</line></par>
<par>
<line>VU la délibération du 16 janvier 2006 du conseil de la communauté de communes de l'Emblavez;</line></par>
<par>
<line>VU l'avis du 2 janvier 2006 de la Chambre d’agriculture;</line></par>
<par>
<line>VU l'avis du 18 janvier 2006 du centre régional de la propriété forestière d'Auvergne;</line></par>
<par>
<line>VU l'arrêté préfectoral DiPE n° 2005/23 du 8 février 2006 prescrivant l'enquête publique relative au projet</line>
<line>d'établissement d'un Plan de Prévention du Risque Inondation (P.P.R.I.) de la Loire, de la Suissesse et de la</line>
<line>Courbeyre sur la commune de Beaulieu du 7 mars au 8 avril 2006 inclus;</line></par>
<par>
<line>Vu l'avis favorable émis le 2 mai 2006 par le commissaire enquêteur.</line></par>
<par>
<line>Considérant que les résultats de ladite enquête ne nécessitent pas de modification du dossier;</line></par>
<par>
<line>SUR proposition du Directeur départementai.de l'équipement;</line></par>
</text>
</block>








</page>
<page width="1653" height="2337" resolution="200">
<block><region><rect/></region>
<text>
<par>
<line>ARRETE:</line></par>
</text>
</block>
<block><region><rect/></region>
<text>
<par>
<line>ARTICLE 1er - Est approuvé, tel qu'il est annexé au présent arrêté, le Plan de Prévention du Risque</line>
<line>Inondation (PPRl) de ta Loire, de la Suissesse et de la Courbeyre sur la commune de Beaulieu</line></par>
<par>
<line>ARTICLE 2 - Le présent arrêté fera l'objet d'une mention au recueil des actes administratifs de la Préfecture</line>
<line>ainsi que dans un journal diffusé dans le département.</line></par>
<par>
<line>ARTICLE 3 - Une copie du présent arrêté sera affichée à la mairie de Beaulieu et au siège de la</line>
<line>communauté de communes de ('Emblavez pendant une durée minimum de 1 mois.</line></par>
<par>
<line>ARTICLE 4 - Le Pian de Prévention du Risque inondation sera tenu à la disposition du public :</line></par>
<par>
<line>- à la Préfecture de la Haute-Loire,</line></par>
<par>
<line>- à la Direction départementale de l'équipement de la Haute-Loire,</line></par>
<par>
<line>- à la Mairie de Beaulieu,</line></par>
<par>
<line>- au siège de la communauté de communes de ('Emblavez</line>
<line>ARTICLE 5 - Le présent arrêté sera notifié à :</line></par>
<par>
<line>- M. le Maire de Beaulieu</line></par>
<par>
<line>- M le Président de la communauté de communes de l'Emblavez</line></par>
<par>
<line>- M. le Directeur départemental de l’équipement,</line></par>
<par>
<line>- M. le Directeur départemental de l’agriculture et de la forêt,</line></par>
<par>
<line>- Mme la Ministre de l'écologie et du développement durable,</line></par>
<par>
<line>- M. le Directeur régional de l'environnement Auvergne.</line></par>
<par>
<line>ARTICLE 6 - Le présent P.P.R.i. valant servitude d'utilité publique sera annexé au document d'urbanisme de</line>
<line>la commune qui sera mis à jour conformément aux dispositions prévues à l'article R 126.2 du code de</line>
<line>l'urbanisme.</line></par>
<par>
<line>ARTICLE 7 M le délégué interservices pour i'eau, M. le Secrétaire Général de la préfecture de la Haute-</line>
<line>Loire, M. le Directeur des Services du Cabinet, le Maire de Beaulieu, le Président de la communauté de</line>
<line>communes de l'Emblavez et M. le Directeur départemental de l’équipement sont chargés, chacun en ce qui</line>
<line>le concerne, de l’exécution du présent arrêté.</line></par>
</text>
</block>
<block><region><rect/></region>
<text>
<par>
<line>Au PUY-EN-VELAY, le gig j|j|_ 2îj(J6</line></par>
</text>
</block>
<block><region><rect/></region>
<text>
<par>
<line>Le Secrétaire Général</line></par>
</text>
</block>
<block><region><rect/></region>
<text>
<par>
<line>mm</line></par>
</text>
</block>
<block><region><rect/></region>
<text>
<par>
<line>Philippe JAUMOUILLIE</line></par>
</text>
</block>
<block><region><rect/></region>
<text>
<par>
<line>O ?I9</line></par>
</text>
</block>










</page>
</PM1>