<?xml version="1.0" encoding="UTF-8"?><PM1>
<page width="1654" height="2339" resolution="200">
<block><region><rect/></region>
<text>
<par>
<line>Liberté • Égalité • Fraternité</line></par>
<par>
<line>RÉPUBLIQUE Française</line></par>
</text>
</block>
<block><region><rect/></region>
<text>
<par>
<line>PRÉFET DES ALPES-DE-HAUTE-PROVENCE</line></par>
</text>
</block>
<block><region><rect/></region>
<text>
<par>
<line>DIRECTION DEPARTEMENTALE DES TERRITOIRES</line>
<line>Service Environnemeiit Risques</line>
<line>Pôle Risques</line></par>
</text>
</block>
<block><region><rect/></region>
<text>
<par>
<line>Digne-les-Bains, le</line></par>
</text>
</block>
<block><region><rect/></region>
<text>
<par>
<line>ARRETE PREFECTORAL N° 2013- -f S</line>
<line>portant approbation du plan de prévention des</line>
<line>risques naturels prévisibles de la commune</line>
<line>d’Esparron-de-Verdon</line></par>
</text>
</block>
<block><region><rect/></region>
<text>
<par>
<line>LE PRÉFET DES ALPES-DE-HAUTE-PROVENCE</line></par>
<par>
<line>Chevalier de la Légion d'Honneur,</line></par>
<par>
<line>Officier de l'ordre national du Mérite</line></par>
</text>
</block>
<block><region><rect/></region>
<text>
<par>
<line>VU le code de l'environnement et notamment ses articles L 562-1 à L 562-9 et R 562-1 à</line>
<line>R 562-10-2 relatifs aux plans de prévention des risques naturels prévisibles ;</line></par>
<par>
<line>VU le code de Turbanisme et notamment son article L 126-1 ;</line></par>
<par>
<line>VU le code de la construction et de l'habitation ;</line></par>
<par>
<line>VU le code des assurances ;</line></par>
<par>
<line>VU la loi n°78-753 du 17 juillet 1978 portant diverses mesures d'amélioration des relations</line>
<line>entre l'administration et le public ;</line></par>
<par>
<line>VU la loi n°2000-321 du 12 avril 2000 relative aux droits des citoyens dans leurs relations avec</line>
<line>les administrations ;</line></par>
<par>
<line>VU la loi n°2004-811 du 13 août 2004 de modernisation de la sécurité civile, notamment</line>
<line>l'article 13 ;</line></par>
<par>
<line>VU le décret n‘^2004-374 du 29 avril 2004 modifié relatif aux pouvoirs des préfets, à</line>
<line>l'organisation et à l'action des services de l'Etat dans les régions et les départements ;</line></par>
<par>
<line>VU le décret n° 2005-1156 du 13 septembre 2005 relatif au plan communal de sauvegarde et pris</line>
<line>pour application de l'article 13 de la loi du 13 août 2004 susvisée ;</line></par>
</text>
</block>
<block><region><rect/></region>
<text>
<par>
<line>DIRECTION DEPARTEMENTALE DES TERRITOIRES</line>
<line>AVENUE DEjMONTZEY BP211 04002 DIGNE-LES-BAINS CEDEX-Téléphone 04.02.30.55.00</line>
<line>Hoimes d'ou.verlui'e au public ; de 9h à 11 h 30 et de !4h 15 à 16h 15, du lundi au vendredi</line>
<line>Site internet : vvww,alpes-de-haule-provence.gouv,fr</line></par>
</text>
</block>






</page>
<page width="1654" height="2339" resolution="200">
<block><region><rect/></region>
<text>
<par>
<line>le décret de M. le Président de la République en date du 14 mars 2013 nommant Mme</line>
<line>Patricia WILAERT, Préfet des Alpes-de-Haute-Provence ;</line></par>
</text>
</block>
<block><region><rect/></region>
<text>
<par>
<line>VU l'arrêté préfectoral n°2008-1797 du 18 juillet 2008 prescrivant l'établissement du plan de</line>
<line>prévention des risques naturels prévisibles de la commune d'Esparron-de-Verdon ;</line></par>
<par>
<line>VU l'avis du Conseil municipal de la commune d'Esparron-de-Verdon en date du 28 juin 2012 ;</line></par>
<par>
<line>VU l'avis du Service départemental d'incendie et de secours en date du 13 juin 2012 ;</line></par>
<par>
<line>VU l'avis de la Chambre d'agriculture du 12 juillet 2012 ;</line></par>
<par>
<line>VU l'avis du Centre régional de la propriété forestière en date du 23 juillet 2012 ;</line></par>
<par>
<line>VU l'avis réputé favorable du Conseil général des Alpes-de-Haute-Provence ;</line></par>
<par>
<line>VU l'avis réputé favorable du Conseil régional Provence-Alpes-Côte d'Azur ;</line></par>
<par>
<line>VU l'avis réputé favorable du Syndicat d'études et de programmation de la région de Manosque ;</line></par>
<par>
<line>VU l'arrêté préfectoral n°2012-1765 du 10 août 2012 prescrivant l'ouverture d'une enquête</line></par>
<par>
<line>publique relative au projet de plan de prévention des risques naturels prévisibles de la</line>
<line>commune d'Esparron-de-Verdon ;</line></par>
<par>
<line>VU les pièces constatant que l'arrêté du 10 août 2012 susvisé a été publié, affiché et a fait l'objet</line>
<line>d'un avis, inséré quinze jours au moins avant le début de l'enquête et rappelé dans les huit</line>
<line>premiers jours de celle-ci, dans deux journaux régionaux diffusés dans le département ;</line></par>
<par>
<line>VU les résultats de l'enquête publique qui s'est déroulée du lundi 1er septembre 2012 au 1er</line>
<line>octobre 2012 inclus ;</line></par>
<par>
<line>VU le rapport du commissaire enquêteur relatif au présent plan, ses conclusions motivées ainsi</line>
<line>que son avis favorable avec réserves ;</line></par>
<par>
<line>VU le rapport de la directrice départementale des territoires ;</line></par>
<par>
<line>Le Maire entendu,</line></par>
<par>
<line>CONSIDERANT que le présent plan de prévention des risques naturels prévisibles constitue une</line>
<line>servitude d'utilité publique et, qu'à ce titre, il est établi sur la base de la connaissance de l'occupation</line>
<line>existante des sols à la date de son approbation ;</line></par>
<par>
<line>CONSIDERANT que les avis reçus et les observations déposées lors de l'enquête publique</line>
<line>justifient des adaptations limitées du projet de plan de prévention des risques naturels prévisibles de</line>
<line>la commune d'Esparron-de-Verdon et que celles-ci n'ont pour objet que de tenir compte des résultats</line>
<line>de l'enquête et qu'elles n'ont pas pour effet de remettre en cause l'économie générale du projet ;</line></par>
<par>
<line>SUR la proposition de la directrice de la sécurité et des services du cabinet de la préfecture des</line>
<line>Alpes-de-Haute-Provence ;</line></par>
</text>
</block>
<block><region><rect/></region>
<text>
<par>
<line>Page 2</line></par>
</text>
</block>
</page>
<page width="1654" height="2339" resolution="200">
<block><region><rect/></region>
<text>
<par>
<line>ARTICLE 1er :</line></par>
</text>
</block>
<block><region><rect/></region>
<text>
<par>
<line>ARRETE</line></par>
</text>
</block>
<block><region><rect/></region>
<text>
<par>
<line>Le plan de prévention des risques naturels prévisibles de la commune d’Esparron-de-Verdon est</line>
<line>approuvé tel qu'il est annexé au présent arrêté.</line></par>
<par>
<line>ARTICLE 2 :</line></par>
</text>
</block>
<block><region><rect/></region>
<text>
<par>
<line>Le dossier de plan de prévention des risques naturels prévisibles de la commune d'Esparron-de-</line>
<line>Verdon, conformément à l'article 3 du décret du 5 octobre 1995 modifié, contient les documents</line>
<line>suivants, joints en annexe :</line></par>
<par>
<line>sous-dossier relatif au risque incendies de forêt :</line></par>
<par>
<line>- un rapport de présentation,</line></par>
<par>
<line>- une carte d'aléas à l'échelle 1/10 000° couvrant l'ensemble du territoire communal,</line></par>
<par>
<line>- un règlement,</line></par>
<par>
<line>- une carte du zonage réglementaire sur fond cadastral à l'échelle 1/12 000° avec quatre</line>
<line>loupes à l'échelle 1/5000°, également sur fond cadastral.</line></par>
<par>
<line>sous-dossier relatif aux autres risques :</line></par>
<par>
<line>- un rapport de présentation,</line></par>
<par>
<line>- une carte informative des mouvements de terrain à l'échelle 1/10 000°,</line></par>
<par>
<line>- une carte hydrogéomorphologique des zones inondables à l'échelle 1/10 000°,</line></par>
<par>
<line>- une carte des enjeux à l'échelle 1/10 000°couvrant l'ensemble du territoire communal</line>
<line>avec quatre loupes aux échelles 1/5000° et 1/2500°,</line></par>
<par>
<line>- six cartes d'aléas à l'échelle 1/10 000° couvrant l'ensemble du territoire communal,</line></par>
<par>
<line>- un règlement,</line></par>
<par>
<line>- une carte de zonage réglementaire sur fond cadastral à l'échelle 1/5000°.</line></par>
<par>
<line>Il est tenu à la disposition du public dans les locaux :</line></par>
<par>
<line>- de la mairie d'Esparron-de-Verdon,</line></par>
<par>
<line>- de la communauté d'agglomération Durance - Luberon - Verdon,</line></par>
<par>
<line>- de la préfecture du département des Alpes-de-Haute-Provence,</line></par>
<par>
<line>- de la direction départementale des territoires des Alpes-de-Haute-Provence : Avenue</line>
<line>Demontzey 04 000 Digne-les-Bains.</line></par>
<par>
<line>ARTICLE 3 :</line></par>
</text>
</block>
<block><region><rect/></region>
<text>
<par>
<line>Une copie</line></par>
</text>
</block>
<block><region><rect/></region>
<text>
<par>
<line>du présent arrêté sera adressée à :</line></par>
<par>
<line>Monsieur le maire de la commune d'Esparron-de-Verdon,</line></par>
<par>
<line>Monsieur le président du Conseil général des Alpes-de-Haute-Provence,</line></par>
<par>
<line>Monsieur le président du Conseil régional Provence-Alpes-Côte d'Azur,</line></par>
<par>
<line>Monsieur le président du Service départemental d'incendie et de secours du département</line>
<line>des Alpes-de-Haute Provence,</line></par>
<par>
<line>Monsieur le président de la Chambre d'agriculture des Alpes-de-Haute-Provence,</line>
<line>Monsieur le président du Centre régional de la propriété forestière de Provence-Alpes-</line>
<line>Côte d'Azur,</line></par>
<par>
<line>Monsieur le président de la Communauté d'agglomération Durance-Luberon-Verdon,</line>
<line>Monsieur le président du Tribunal administratif de Marseille,</line></par>
</text>
</block>
<block><region><rect/></region>
<text>
<par>
<line>Page 3</line></par>
</text>
</block>






</page>
<page width="1654" height="2339" resolution="200">
<block><region><rect/></region>
<text>
<par>
<line>- Monsieur Bernard AUBINEAU, commissaire enquêteur et Monsieur Georges MORIN,</line>
<line>commissaire enquêteur suppléant,</line></par>
<par>
<line>- Monsieur le président de la Chambre des notaires des Alpes-de-Haute-Provence.</line>
<line>ARTICLE 4 :</line></par>
</text>
</block>
<block><region><rect/></region>
<text>
<par>
<line>Une copie du présent arrêté sera affichée en mairie d'Esparron-de-Verdon ainsi qu’au siège de</line>
<line>l'agglomération Durance-Luberon-Verdon pendant au moins un mois à partir de la date de réception</line>
<line>de la notification du présent arrêté. A l'expiration du délai d'affichage, et après mise à disposition du</line>
<line>public du dossier durant au moins un mois, le maire et le président de la communauté</line>
<line>d'agglomération Durance-Luberon-Verdon transmettront au préfet un certificat justifiant</line>
<line>l'accomplissement de cette mesure de publicité.</line></par>
<par>
<line>ARTICLE 5 :</line></par>
<par>
<line>Mention du présent arrêté sera faite dans les deux journaux locaux « La Provence » et « La</line>
<line>Marseillaise » par un avis inséré par les soins et aux frais de l'Etat.</line></par>
<par>
<line>Le présent arrêté sera publié au Recueil des Actes Administratifs de la Préfecture des Alpes-de-</line>
<line>Haute-Provence.</line></par>
<par>
<line>ARTICLE 6 :</line></par>
</text>
</block>
<block><region><rect/></region>
<text>
<par>
<line>Sont chargés, chacun en ce qui le concerne, de l'exécution du présent arrêté :</line></par>
<par>
<line>- le secrétaire général de la préfecture des Alpes-de-Haute-Provence,</line></par>
<par>
<line>- la directrice de la sécurité et des services du cabinet de la préfecture des Alpes-de-Haute-</line>
<line>Provence,</line></par>
<par>
<line>- la directrice départementale des territoires des Alpes-de-Haute-Provence,</line></par>
<par>
<line>- le maire d'Esparron-de-Verdon,</line></par>
<par>
<line>- le président de l'agglomération Durance-Luberon-Verdon.</line></par>
<par>
<line>ARTICLE 7:</line></par>
</text>
</block>
<block><region><rect/></region>
<text>
<par>
<line>Le présent arrêté peut faire l'objet :</line></par>
<par>
<line>- d'un recours gracieux auprès du préfet des Alpes-de-Haute-Provence,</line></par>
<par>
<line>- d'im recours hiérarchique auprès du ministre de l'intérieur de l'outre-mer, des</line>
<line>collectivités territoriales et de l'immigration, direction de la sécurité civile,</line></par>
<par>
<line>- d'un recours contentieux devant le Tribunal Administratif de Marseille (22-24, Rue</line>
<line>Breteuil 13281 Marseille Cedex 6) dans un délai de deux mois à compter de sa</line>
<line>notification.</line></par>
</text>
</block>
<block><region><rect/></region>
<text>
<par>
<line>Patricia WILLAERT^.</line></par>
<par>
<line>—--ti</line></par>
</text>
</block>
<block><region><rect/></region>
<text>
<par>
<line>Page 4</line></par>
</text>
</block>




</page>
</PM1>