<?xml version="1.0" encoding="UTF-8"?><PM1>
<page width="1660" height="2341" resolution="200">
<block><region><rect/></region>
<text>
<par>
<line>Liberté • Égalité • Fraternité</line>
<line>RÉPUBLIQPE FRANÇAISE</line></par>
<par>
<line>PREFET DE LA NIEVRE</line></par>
</text>
</block>
<block><region><rect/></region>
<text>
<par>
<line>Direction Départementale des Teiritoires</line></par>
<par>
<line>Service de la Sécurité et de la Prévention des Risques</line></par>
</text>
</block>
<block><region><rect/></region>
<text>
<par>
<line>N°2010-DDT-!2L'TG&gt;S</line></par>
</text>
</block>
<block><region><rect/></region>
<text>
<par>
<line>ARRÊTÉ</line></par>
<par>
<line>portant approbation du plan de prévention des risques naturels d'inondation de la rivière</line>
<line>Nièvre sur le territoire des communes de PREMERY, SICHAMPS, NOLAY,</line>
<line>POISEUX, GUERIGNY, URZY et SAINT-MARTIN-D’HEUILLE</line></par>
</text>
</block>
<block><region><rect/></region>
<text>
<par>
<line>LE PREFET DE LA NIEVRE,</line>
<line>Chevalier de la Légion d'Honneur,</line>
<line>Chevalier de l'Ordre National du Mérite,</line></par>
</text>
</block>
<block><region><rect/></region>
<text>
<par>
<line>VU le code de l'urbanisme ;</line></par>
<par>
<line>VU le code de l'environnement et notamment les article L562-1 et suivants et R123-6 à R123-23 ;</line></par>
<par>
<line>VU le code de la construction et de l'habitat ;</line></par>
<par>
<line>VU le code général des collectivités territoriales ;</line></par>
<par>
<line>VU le code des assurances ;</line></par>
<par>
<line>VU la loi n°2004-811 du 13 août 2004 de modernisation de la sécurité civile ;</line></par>
<par>
<line>VU le décret n®95-1089 du 5 octobre 1995 modifié relatif aux plans de prévention des risques naturels prévisibles ;</line></par>
<par>
<line>VU le décret n®2004-374 relatif aux pouvoirs des préfets, à l'organisation et à l'action des services de l'Etat dans les</line>
<line>régions et départements ;</line></par>
<par>
<line>VU la circulaire interministérielle du 24 janvier 1994 relative à la prévention des inondations et à la gestion des zones</line>
<line>inondables ;</line></par>
<par>
<line>VU la circulaire interministérielle du 24 avril 1996 relative aux dispositions applicables au bâti et aux ouvrages</line>
<line>existants en zone inondable ;</line></par>
<par>
<line>VU l'arrêté préfectoral n°2002/DDE/2705 du 25 juillet 2002 prescrivant la réalisation du plan de prévention des risques</line>
<line>naturels prévisibles d'inondation de de la rivière Nièvre sur le territoire des communes de Prémery, Sichamps, Nolay,</line>
<line>Poiseux, Guerigny, Urzy et Saint-Martin-d'Heuille ;</line></par>
<par>
<line>VU l'arrêté préfectoral n'^2010-P-1172 du 27 avril 2010 portant ouverture d'une enquête publique relative au projet de</line>
<line>plan de prévention des risques naturels d'inondation de la rivière Nièvre concernant les communes de Prémery,</line>
<line>Sichamps, Nolay, Poiseux, Guerigny, Urzy et Saint-Martin-d'Heuille ;</line></par>
<par>
<line>VU les avis des conseils municipaux des communes précitées, consultées les 8 et 9 mars 2010 ;</line></par>
</text>
</block>



<block blockType="Picture" blockName="" l="705" t="155" r="770" b="212"><region><rect/></region>
</block>
</page>
<page width="1653" height="2336" resolution="200">
<block><region><rect/></region>
<text>
<par>
<line>vu les avis du centre régional de la propriété forestière et de la chambre d'agriculture, consultés le 10 mars 2010 ;</line></par>
<par>
<line>VU les pièces du dossier soumis à l'enquête ;</line></par>
<par>
<line>VU l'avis favorable sous réserves et recommandations de la commission d'enquête en date du 12 juillet 2010 ;</line></par>
<par>
<line>CONSIDERANT la nécessité de délimiter les terrains sur lesquels l'occupation ou l'utilisation du sol doit être</line>
<line>réglementée du fait de leur exposition à un risque naturel d'inondation et de définir les mesures de prévention, de</line>
<line>protection et de sauvegarde ;</line></par>
<par>
<line>SUR la proposition de M. le secrétaire général de la préfecture ;</line></par>
</text>
</block>
<block><region><rect/></region>
<text>
<par>
<line>ARRETE</line></par>
</text>
</block>
<block><region><rect/></region>
<text>
<par>
<line>ARTICLE Ur</line></par>
</text>
</block>
<block><region><rect/></region>
<text>
<par>
<line>Est approuvé tel qu'il est annexé au présent arrêté, le plan de prévention des risques naturels prévisibles</line>
<line>d'inondation de la rivière Nièvre sur le territoire des communes de Prémery, Sichamps, Nolay, Poiseux, Guerigny, Urzy</line>
<line>et Saint-Martin-d'Heuille, qui comprend :</line></par>
<par>
<line>• une note de présentation,</line></par>
<par>
<line>• un règlement,</line></par>
<par>
<line>• les cartes de zonage réglementaire,</line></par>
<par>
<line>• une annexe à la note de présentation (cartes des aléas et des enjeux).</line></par>
</text>
</block>
<block><region><rect/></region>
<text>
<par>
<line>ARTICLE 2</line></par>
</text>
</block>
<block><region><rect/></region>
<text>
<par>
<line>Dans les communes dotées d'un plan local d’urbanisme ou d'un plan d’occupation des sols valant PLU, le plan</line>
<line>de prévention des risques d’inondation sera annexé comme servitude d’utilité publique, en application de l'article L.126-</line>
<line>1 du code de l'urbanisme.</line></par>
</text>
</block>
<block><region><rect/></region>
<text>
<par>
<line>ARTICLE 3</line></par>
</text>
</block>
<block><region><rect/></region>
<text>
<par>
<line>Le plan approuvé est tenu à la disposition du public à la préfecture de la Nièvre, Guichet Unique ICPE, Pôle</line>
<line>enquêtes publiques, ainsi que dans les mairies des communes de Prémery, Sichamps, Nolay, Poiseux, Guerigny, Urzy et</line>
<line>Saint-Martin-d'Heuille.</line></par>
</text>
</block>
<block><region><rect/></region>
<text>
<par>
<line>ARTICLE 4</line></par>
</text>
</block>
<block><region><rect/></region>
<text>
<par>
<line>Cet arrêté fera l'objet d’une mention qui sera insérée en caractères apparents dans un journal diffusé dans le</line>
<line>département.</line></par>
<par>
<line>Il sera, en outre, affiché pendant une durée minimum d'un mois dans chacune des communes précitées. Un</line>
<line>certificat d'affichage sera établi par chaque maire pour constater l'accomplissement de cette formalité.</line></par>
</text>
</block>
<block><region><rect/></region>
<text>
<par>
<line>ARTICLE 5</line></par>
</text>
</block>
<block><region><rect/></region>
<text>
<par>
<line>La présente décision d’approbation du plan de prévention des risques naturels prévisibles d'inondation de la</line>
<line>rivière Nièvre sur le territoire des communes de Prémery, Sichamps, Nolay, Poiseux, Guerigny, Urzy et Saint-Martin-</line>
<line>d’Heuille peut être contestée dans un délai de deux mois à compter de sa notification :</line></par>
</text>
</block>







</page>
<page width="1667" height="2346" resolution="200">
<block><region><rect/></region>
<text>
<par>
<line>par recours gracieux adressé à M. le préfet de la Nièvre,</line></par>
<par>
<line>par recours contentieux auprès du tribunal administratif de Dijon.</line></par>
</text>
</block>
<block><region><rect/></region>
<text>
<par>
<line>ARTICLE 6</line></par>
</text>
</block>
<block><region><rect/></region>
<text>
<par>
<line>M. le secrétaire général de la préfecture de la Nièvre,</line></par>
<par>
<line>M. le directeur départemental des territoires,</line></par>
<par>
<line>Mmes et MM. les maires de Prémery, Sichamps, Nolay, Poiseux, Guerigny, Urzy et Saint-Martin-d'Heuille,</line></par>
<par>
<line>sont chargés, chacun en ce qui le concerne, de l'exécution du présent arrêté qui sera publié au recueil des actes</line>
<line>administratifs de la préfecture.</line></par>
</text>
</block>
<block><region><rect/></region>
<text>
<par>
<line>Fait à Nevers, le</line></par>
</text>
</block>
<block><region><rect/></region>
<text>
<par>
<line>Le Préfet,</line></par>
</text>
</block>



</page>
<page width="1653" height="2336" resolution="200">

</page>
</PM1>