<?xml version="1.0" encoding="UTF-8"?><PM1>
<page width="2465" height="3501" resolution="300">
<block><region><rect/></region>
<text>
<par>
<line>Liberté • Égalité • Fraternité</line></par>
<par>
<line>république Française</line></par>
</text>
</block>
<block><region><rect/></region>
<text>
<par>
<line>PREFECTURE DE L'AIN</line></par>
<par>
<line>Direction Départementale</line>
<line>de l’Agriculture</line>
<line>et de la Forêt de l’Ain</line></par>
</text>
</block>
<block><region><rect/></region>
<text>
<par>
<line>ARRETE PREFECTORAL</line>
<line>portant approbation</line></par>
<par>
<line>du Plan de Prévention des Risques naturels prévisibles</line>
<line>inondations du Lange et de l’Oignin</line>
<line>sur la commune de GROISSIAT</line></par>
</text>
</block>
<block><region><rect/></region>
<text>
<par>
<line>Le Préfet de l'Ain,</line></par>
<par>
<line>Chevalier de la Légion d'Honneur.</line></par>
</text>
</block>
<block><region><rect/></region>
<text>
<par>
<line>VU la loi n° 82-600 du 13 juillet 1982 relative à l’indennnisation des victimes des catastrophes naturelles ;</line></par>
<par>
<line>VU le décret n° 95-1089 du 5 octobre 1995 relatif à l'élaboration des plans de prévention des risques naturels prévisibles</line>
<line>et notamment l’article 7 ;</line></par>
<par>
<line>VU l’arrêté préfectoral du 10 novembre 2000 prescrivant l’établissement d’un plan de prévention aux risques natureis</line>
<line>prévisibles inondations du Lange et de l’Oignin sur la commune de GROISSIAT ;</line></par>
<par>
<line>VU l’arrêté préfectoral du 2 mai 2005 prescrivant la mise à l’enquête publique du plan de prévention des risques naturels</line>
<line>prévisibles inondations du Lange et de l’Oignin sur la commune de GROISSIAT ;</line></par>
<par>
<line>VU le procès-verbal de l’enquête publique à laquelle il a été procédé du 30 mai 2005 au 30 juin 2005 et l’avis du</line>
<line>commissaire enquêteur du 28 juillet 2005 ;</line></par>
<par>
<line>VU la délibération du conseil municipal de la commune de GROISSIAT en date du 13 juin 2005 ;</line></par>
<par>
<line>VU les avis en date des 14 et 28 juin 2005 de la chambre d’agriculture et du centre régional de la propriété forestière ;</line>
<line>SUR proposition du directeur départemental de l’agriculture et de la forêt de l’Ain.</line></par>
<par>
<line>ARRETE</line></par>
</text>
</block>
<block><region><rect/></region>
<text>
<par>
<line>ARTICLE 1er :</line></par>
</text>
</block>
<block><region><rect/></region>
<text>
<par>
<line>Est approuvé, tel qu’il est annexé au présent arrêté le plan de prévention des risques naturels prévisibles inondations du</line>
<line>Lange et de l’Oignin sur la commune de GROISSIAT.</line></par>
<par>
<line>Ce plan de prévention des risques naturels comporte un rapport de présentation, une carte informative des crues</line>
<line>historiques, une carte des ouvrages existants sur le réseau hydrographique, une carte des aléas, une carte des enjeux,</line>
<line>un plan de zonage réglementaire et un règlement.</line></par>
<par>
<line>ARTICLE 2 :</line></par>
</text>
</block>
<block><region><rect/></region>
<text>
<par>
<line>1/2</line></par>
</text>
</block>







</page>
<page width="2450" height="3492" resolution="300">
<block><region><rect/></region>
<text>
<par>
<line>Il est tenu à la disposition du public avec l’ensemble des documents de la procédure :</line></par>
</text>
</block>
<block><region><rect/></region>
<text>
<par>
<line>• à la mairie de GROISSIAT ;</line></par>
<par>
<line>• au siège de la communauté de communes d’OYONNAX - 57, rue René Nicod - BP 809 - 01108</line>
<line>OYONNAX Cedex ;</line></par>
<par>
<line>• dans les locaux de la préfecture de l’Ain (SID-PC) aux horaires suivants : de 9h30 à 11 h45 et de 14h</line>
<line>à 16h du lundi au vendredi.</line></par>
</text>
</block>
<block><region><rect/></region>
<text>
<par>
<line>ARTICLE 3 :</line></par>
</text>
</block>
<block><region><rect/></region>
<text>
<par>
<line>Le présent arrêté sera publié au recueil des actes administratifs de la préfecture et mention en sera faite en caractères</line>
<line>apparents dans le journal cl-après désigné : « Le Progrès édition de l’Ain»</line></par>
<par>
<line>Cet avis sera affiché notamment :</line></par>
<par>
<line>■ en mairie de GROISSIAT</line></par>
<par>
<line>■ au siège de la communauté de communes d’OYONNAX - 57, rué René Nicod - BP 809 - 01108 OYONNAX</line>
<line>Cedex ;</line></par>
<par>
<line>■ pendant un mois et porté à connaissance du pubiic par tout autre procédé en usage dans la commune de</line>
<line>GROISSIAT et à la communauté de communes d’OYONNAX. Ces mesures de publicité seront justifiées par un</line>
<line>certificat du maire et du président de la communauté de communes et un exemplaire des journaux sera annexé à ia</line>
<line>copie du présent arrêté affiché en mairie.</line></par>
<par>
<line>ARTICLE 4 :</line></par>
<par>
<line>Des ampliations du présent arrêté seront adressées :</line></par>
<par>
<line>- au maire de la commune de GROISSIAT ;</line></par>
<par>
<line>- au directeur départemental de l’agriculture et de la forêt ;</line></par>
<par>
<line>- à la directrice départementaie de l’équipement de l’Ain ;</line></par>
<par>
<line>- au directeur régionai de l’environnement ;</line></par>
<par>
<line>- au directeur régionai de l’industrie, de la recherche et de l’environnement ;</line></par>
<par>
<line>- au délégué militaire départemental,</line></par>
<par>
<line>- au délégué aux risques majeurs du ministère de l’environnement,</line></par>
<par>
<line>- au président de la communauté de communes d’OYONNAX ;</line></par>
<par>
<line>- au président de la chambre d’agriculture ;</line></par>
<par>
<line>- au directeur du centre régional de la propriété forestière,</line></par>
<par>
<line>ARTICLE 5 :</line></par>
<par>
<line>Le secrétaire général de la préfecture et le directeur départemental de l’agriculture et de la forêt sont chargés, chacun en</line>
<line>ce qui le concerne, de l’exécution du présent arrêté.</line></par>
</text>
</block>
<block><region><rect/></region>
<text>
<par>
<line>Fait à BOURG-en-BRESSE, le 2 0 SEP. Z§§|</line>
<line>Le Préfet,</line></par>
</text>
</block>
<block><region><rect/></region>
<text>
<par>
<line>Pierre SOUbblëT</line></par>
</text>
</block>
<block><region><rect/></region>
<text>
<par>
<line>2/2</line></par>
</text>
</block>



</page>
</PM1>