<?xml version="1.0" encoding="UTF-8"?><PM1>
<page width="2487" height="3520" resolution="301">
<block><region><rect/></region>
<text>
<par>
<line>mm</line></par>
<par>
<line>Liberté • Egalité • Fraternité</line></par>
<par>
<line>république Française</line>
<line>PRÉFET DE L'AIN</line></par>
</text>
</block>
<block><region><rect/></region>
<text>
<par>
<line>Direction départementale des territoires</line></par>
</text>
</block>
<block><region><rect/></region>
<text>
<par>
<line>Service Prospective Urbanisme Risques</line></par>
</text>
</block>
<block><region><rect/></region>
<text>
<par>
<line>Unité Prévention des Risques</line></par>
</text>
</block>
<block><region><rect/></region>
<text>
<par>
<line>A R R E T E</line></par>
<par>
<line>portant approbation du plan de prévention des risques</line>
<line>"mouvements de terrains - inondations du Rhône et de ses affluents"</line></par>
<par>
<line>de MONTAGNIEU</line></par>
<par>
<line>Le préfet de l'Ain,</line></par>
</text>
</block>
<block><region><rect/></region>
<text>
<par>
<line>Vu le code de l'environnement, notamment ses articles L.562-1 à L.562-9, L.125-5, et R.562-1 à R.562-</line>
<line>10, R.563-1 à R.563-8, D.563-8-1, R.125-23 à R.125-27 ;</line></par>
<par>
<line>Vu le code de la sécurité intérieure, notamment ses articles L.732-1 à L.732-2 ;</line></par>
<par>
<line>Vu la loi n° 82-600 du 13 juillet 1982 relative à l'indemnisation des victimes des catastrophes naturelles ;</line></par>
<par>
<line>Vu l'arrêté préfectoral n° IAL2011-01 du 19 avril 2011 relatif à la liste des communes où s'applique l'article</line>
<line>L.125-5 du code de l'environnement ;</line></par>
<par>
<line>Vu l'arrêté préfectoral n° 2006-139 modifié relatif à l'information des acquéreurs et des locataires de biens</line>
<line>immobiliers sur les risques majeurs de Montagnieu ;</line></par>
<par>
<line>Vu l'arrêté préfectoral du 21 décembre 2012 prescrivant la révision du plan de prévention des risques</line>
<line>naturels de Montagnieu ;</line></par>
<par>
<line>Vu l'arrêté préfectoral du 17 décembre 2013 prescrivant l'ouverture d'une enquête publique sur la révision</line>
<line>du plan de prévention des risques "mouvements de terrains - inondations du Rhône et de ses affluents"</line>
<line>de Montagnieu ;</line></par>
<par>
<line>Vu le rapport et l'avis du commissaire-enquêteur du 15 mars 2014 à l'issue de l'enquête publique à</line>
<line>laquelle il a été procédé du 23 janvier 2014 au 27 février 2014 inclus ;</line></par>
<par>
<line>Vu la délibération du conseil municipal de Montagnieu en date du 30 janvier 2014 ;</line></par>
<par>
<line>Vu l'avis de monsieur le président de la chambre d'agriculture du 31 janvier 2014 ;</line></par>
<par>
<line>Vu l'avis de monsieur le président du centre régional de la propriété forestière du 04 février 2014 ;</line></par>
<par>
<line>Sur proposition du directeur départemental des territoires,</line></par>
</text>
</block>
<block><region><rect/></region>
<text>
<par>
<line>A R R Ê T E</line></par>
</text>
</block>
<block><region><rect/></region>
<text>
<par>
<line>Article 1er</line></par>
<par>
<line>Est approuvée, telle qu'elle est annexée au présent arrêté, la révision du plan de prévention des risques</line>
<line>"mouvements de terrains - inondations du Rhône et de ses affluents" de Montagnieu.</line></par>
<par>
<line>Article 2</line></par>
<par>
<line>Ce plan se compose d'un dossier comprenant une note synthétique de présentation, un rapport de</line>
<line>présentation,une carte des formations géologiques et des instabilités, une carte des aléas, une carte des</line>
<line>enjeux, un plan de zonage réglementaire et un règlement.</line></par>
</text>
</block>
<block><region><rect/></region>
<text>
<par>
<line>^/...</line></par>
</text>
</block>

</page>
<page width="2479" height="3508" resolution="300">
<block><region><rect/></region>
<text>
<par>
<line>Le plan est tenu à la disposition du public avec l'ensemble des documents de la procédure :</line></par>
<par>
<line>• à la mairie de Montagnieu,</line></par>
<par>
<line>• à la préfecture de l'Ain,</line></par>
<par>
<line>• à la sous-préfecture de Belley,</line></par>
<par>
<line>• à la DDT de l'Ain.</line></par>
<par>
<line>Article 3</line></par>
<par>
<line>Le présent arrêté est publié au recueil des actes administratifs de la préfecture et mention en est faite en</line>
<line>caractères apparents dans le journal ci-après désigné "Le Progrès". Un exemplaire du journal est annexé</line>
<line>à la copie du présent arrêté.</line></par>
<par>
<line>Cet avis est affiché en mairie de Montagnieu pendant un mois et porté à la connaissance du public par</line>
<line>tout autre procédé en usage dans la commune de Montagnieu. Ces mesures de publicité sont justifiées</line>
<line>par un certificat du maire.</line></par>
<par>
<line>Article 4</line></par>
<par>
<line>Les éléments nécessaires à l'établissement de l'état des risques destiné à l’information sur les risques</line>
<line>naturels et technologiques majeurs des acquéreurs et des locataires de biens immobiliers situés à</line>
<line>Montagnieu et consignés dans le dossier communal d’informations sur les risques, annexé à l'arrêté n°</line>
<line>2006-139, modifié le 15 février 2006, sont modifiés en conséquence de la présente approbation.</line></par>
<par>
<line>Le directeur départemental des territoires est chargé de ces modifications qui sont transmises :</line></par>
<par>
<line>• à la préfecture,</line></par>
<par>
<line>• à la sous-préfecture de Belley,</line></par>
<par>
<line>• au maire de Montagnieu,</line></par>
<par>
<line>• à la chambre départementale des notaires.</line></par>
<par>
<line>Les éléments du dossier communal d'information sur les risques sont consultables sur le site Internet de</line>
<line>l'Etat dans le département de l'Ain (www.ain.gouv.fr) et le dossier est tenu à la disposition du public :</line></par>
<par>
<line>• à la mairie de Montagnieu,</line></par>
<par>
<line>• à la préfecture de l'Ain.</line></par>
<par>
<line>Article 5</line></par>
<par>
<line>En application de l'article R.123-22 du code de l'urbanisme, un arrêté pris par le maire de Montagnieu</line>
<line>constate qu'il a été procédé à la mise à jour du plan local d'urbanisme. A défaut d'accomplissement de</line>
<line>cette procédure dans le délai de trois mois suivant la notification du présent arrêté, un arrêté préfectoral</line>
<line>procède à cette mise à jour.</line></par>
</text>
</block>
<block><region><rect/></region>
<text>
<par>
<line>Article 6</line></par>
<par>
<line>Des copies du présent arrêté sont adressées :</line></par>
<par>
<line>• au maire de Montagnieu,</line></par>
<par>
<line>• au directeur régional de l'environnement, de l'aménagement et du logement,</line></par>
<par>
<line>• au directeur du centre régional de la propriété forestière</line></par>
<par>
<line>• au président de la chambre d'agriculture,</line></par>
<par>
<line>• au directeur départemental des territoires de l'Ain.</line></par>
<par>
<line>Article 7</line></par>
<par>
<line>La sous-préfète de Belley, le maire de Montagnieu, et le directeur départemental des territoires sont</line>
<line>chargés, chacun en ce qui le concerne de l'exécution du présent arrêté.</line></par>
</text>
</block>
<block><region><rect/></region>
<text>
<par>
<line>A Bourg-en-Bresse, le 24 avril 2014</line>
<line>Le Préfet,</line></par>
<par>
<line>signé Laurent TOUVET</line></par>
</text>
</block>
<block><region><rect/></region>
<text>
<par>
<line>2/2</line></par>
</text>
</block>

</page>
</PM1>