<?xml version="1.0" encoding="UTF-8"?><PM1>
<page width="1715" height="2381" resolution="200">
<block><region><rect/></region>
<text>
<par>
<line>PREFECTURE DU NORD</line></par>
</text>
</block>
<block><region><rect/></region>
<text>
<par>
<line>LE PREFET</line></par>
<par>
<line>DELEGUE POUR LA SECURITE</line>
<line>ET LA DEFENSE</line></par>
<par>
<line>Service Interministériel Régional</line>
<line>des Affaires Civiles et Economiques</line>
<line>de Défense et de la Protection Civile</line></par>
</text>
</block>
<block><region><rect/></region>
<text>
<par>
<line>LILLE, le 2 if JUIN 1997</line></par>
<par>
<line>ARRETE PORTANT APPROBATION DU P.P.R.</line>
<line>INONDATIONS de LEVAL</line></par>
</text>
</block>
<block><region><rect/></region>
<text>
<par>
<line>Affaire suivie par M. VERBECQ</line>
<line>Tel.: 20.30. 55.94</line>
<line>Fax : 20.30.57.69</line>
<line>AV /DH</line></par>
</text>
</block>
<block><region><rect/></region>
<text>
<par>
<line>LE PREFET, DELEGUE POUR LA SECURITE ET</line>
<line>LA DEFENSE,</line></par>
<par>
<line>CHEVALIER DE LA LEGION D'HONNEUR,</line></par>
</text>
</block>
<block><region><rect/></region>
<text>
<par>
<line>Vu la loi n° 82.600 du 13 juillet 1982 relative à-1'indemnisation</line>
<line>des victimes des catastrophes naturelles modifiée par la loi n° 87.565 du</line>
<line>22 juillet 1987 relative à l'organisation de la Sécurité Civile, à la protec¬</line>
<line>tion de la forêt contre l'incendie et è la prévention des risques majeurs et</line>
<line>notamment ses articles 40.1 à 40.7 issus de la loi n° 95.101 du 2 février 1995</line></par>
<par>
<line>Vu le décret n'^ 93.351 du 15 mars 1993 relatif è l'élaboration des</line>
<line>plans d’exposition aux risques naturels prévisibles et abrogeant le décret</line>
<line>n° 84.328 du 3 mai 1984 ;</line></par>
<par>
<line>Vu le décret n° 95.1089 du 5 octobre 1995 relatif aux plans de</line>
<line>prévention des risques naturels prévisibles ;</line></par>
<par>
<line>Vu la délibération du 27 novembre 1985 du Conseil Municipal</line>
<line>de la commune de LEVAL prise avant la prescription du P.E.R. ;</line></par>
<par>
<line>Vu l'arrêté préfectoral du30 janvier 1996 rendant public le</line>
<line>Plan d’Exposition aux Risques Naturels de la commune de LEVAL ^</line>
<line>valant P.P.R. et prescrivant l’ouverture d'une enquête publique sur les dispo¬</line>
<line>sitions du projet ci-dessus visé ;</line></par>
<par>
<line>Vu les documents constatant l'accomplissement des formalités de</line>
<line>publication et d'affichage de cette décision ;</line></par>
<par>
<line>Vu le procès-verbal de l'enquête publique à laquelle il a été</line>
<line>procédé du ^ mars 1996 gy 4 avril 1996 et l'avis du</line>
<line>Commissaire-Enquêteur ;</line></par>
<par>
<line>Vu le rapport du 10 juin 1997 des services de la Navigation ;</line></par>
</text>
</block>
<block><region><rect/></region>
<text>
<par>
<line>Sur proposition du Chef du Service Interminsitériel Régional des</line>
<line>Affaires Civiles et Economiques de Défense et de la Protection Civile ;</line></par>
</text>
</block>
<block><region><rect/></region>
<text>
<par>
<line>REPUBLIQUE FRANÇAISE</line>
<line>Lilx’nù Èj'ttliic J'mit'niiu’</line></par>
</text>
</block>
<block><region><rect/></region>
<text>
<par/>
</text>
</block>






</page>
<page width="1705" height="2374" resolution="200">
<block><region><rect/></region>
<text>
<par>
<line>- 2 -</line></par>
</text>
</block>
<block><region><rect/></region>
<text>
<par>
<line>ARTICLE 1ER : - Est approuvé tel qu'il est annexé au présent arrêté, le Plan</line>
<line>de Prévention des Risques Inondations de la commune de LEVAI</line></par>
<par>
<line>ARTICLE 2 : - Ce plan comprend :</line></par>
<par>
<line>1) un rapport de présentation</line></par>
<par>
<line>2) des plans à l'échelle 1/5 OOOème</line></par>
<par>
<line>3) un règlement</line></par>
<par>
<line>ARTICLE 3 : - Il est tenu à la disposition du public aux jours et heures</line>
<line>habituels d'ouverture des bureaux :</line></par>
<par>
<line>1) ê la Mairie de LEVAL</line></par>
<par>
<line>2) dans les services de la Préfecture - SIR.ACED.PC. ■</line></par>
<par>
<line>54, rue Jean Sans Peur à LILLE</line></par>
<par>
<line>3) au service des Voies Navigables</line></par>
<par>
<line>37, rue du Plat - 59034 LILLE CEDEX</line></par>
<par>
<line>4) ê la Direction Départementale de l'Equipement</line>
<line>44, rue de Tournai à LILLE</line></par>
<par>
<line>5) à la Sous-Préfecture d'AVESNES-SUR-HELPE</line></par>
</text>
</block>
<block><region><rect/></region>
<text>
<par>
<line>ARTICLE 4 : - Le présent arrêté sera publié au recueil des actes administra¬</line>
<line>tifs et mention en sera faite en caractères apparents dans les deux journaux</line>
<line>ci-après désignés : LA VOIX DU NORD et L'OBSERVATEUR.</line></par>
<par>
<line>ARTICLE 5 : - Cet avis sera affiché notamment en Mairie de LEVAL</line>
<line>et porté à la connaissance du public par tout autre procédé en usage dans la</line>
<line>commune de LEVAL ; les mesures de publicité seront</line></par>
<par>
<line>justifiées par un certificat du Maire et un exemplaire des journaux sera</line>
<line>annexé au dossier principal.</line></par>
</text>
</block>
<block><region><rect/></region>
<text>
<par/>
</text>
</block>





</page>
<page width="1742" height="2400" resolution="200">
<block><region><rect/></region>
<text>
<par>
<line>- 3 -</line></par>
</text>
</block>
<block><region><rect/></region>
<text>
<par>
<line>ARTICLE 6 : - Ampliation du présent arrêté sera adressée :</line></par>
<par>
<line>1) au Maire de la commune de LEVAI</line></par>
<par>
<line>2) aux membres du groupe de travail chargé de l'instruction</line>
<line>du dossier P.E.R.</line></par>
<par>
<line>3) au Délégué aux Risques Majeurs</line></par>
<par>
<line>4) à M. le Secrétaire Général de la Préfecture</line></par>
<par>
<line>5) à M. le Sous-Préfet, Directeur de Cabinet</line></par>
<par>
<line>6) à M. le Sous-Préfet d'AVESNES-SUR-HELPE</line></par>
<par>
<line>7) à M. le Directeur Départemental de l'Equipement</line></par>
<par>
<line>8) à M. le Directeur Régional de l'Environnement</line></par>
<par>
<line>FAIT A LILLE, LE 2AJUJN1997</line></par>
</text>
</block>
<block><region><rect/></region>
<text>
<par>
<line>Jacques FRANQUET</line></par>
</text>
</block>
<block><region><rect/></region>
<text>
<par>
<line>Pour ampliation,</line></par>
<par>
<line>Pour le Préfet délégué pour la sécurité</line>
<line>et la défense et par délégation.</line></par>
<par>
<line>Le Directeur du SIR.ACED.PC.,</line></par>
<par>
<line>Pour le Directeur, le Chef de bureau,</line></par>
</text>
</block>
<block><region><rect/></region>
<text>
<par>
<line>Thérèse DUSSERRE</line></par>
</text>
</block>
<block><region><rect/></region>
<text>
<par>
<line>BERV^Ct</line></par>
</text>
</block>
<block><region><rect/></region>
<text>
<par>
<line>Numéro</line></par>
</text>
</block>
<block><region><rect/></region>
<text>
<par>
<line>S5H</line></par>
</text>
</block>
<block><region><rect/></region>
<text>
<par>
<line>r</line></par>
</text>
</block>
<block><region><rect/></region>
<text>
<par>
<line>i/</line></par>
</text>
</block>
<block><region><rect/></region>
<text>
<par/>
</text>
</block>
<block><region><rect/></region>
<text>
<par>
<line>itK</line></par>
</text>
</block>
<block><region><rect/></region>
<text>
<par>
<line>m</line></par>
</text>
</block>
<block><region><rect/></region>
<text>
<par/>
</text>
</block>
<block><region><rect/></region>
<text>
<par>
<line>ta</line></par>
</text>
</block>
<block><region><rect/></region>
<text>
<par>
<line>VISÜ</line></par>
</text>
</block>



</page>
</PM1>