<?xml version="1.0" encoding="UTF-8"?><PM1>
<page width="1622" height="2306" resolution="200">
<block><region><rect/></region>
<text>
<par>
<line>mm</line></par>
<par>
<line>KipLRLfQUfi pRAKCAfSf</line></par>
</text>
</block>
<block><region><rect/></region>
<text>
<par>
<line>iMUte</line></par>
<par>
<line>4e riaio^, 4e i’inef^e,</line>
<line>4» MiewpteiMf* fcijWe</line>
<line>«(4e r&lt;«M)4f«gsi&gt;e«</line>
<line>^Kiaiaoire</line></par>
</text>
</block>
<block><region><rect/></region>
<text>
<par>
<line>D^Klion OéparteirantA</line>
<line>de rÉquipement de Mh</line></par>
</text>
</block>
<block><region><rect/></region>
<text>
<par>
<line>DIRECTION DÉPARTEMENTALE DE L’ÉQUIPEMENT</line></par>
</text>
</block>
<block><region><rect/></region>
<text>
<par>
<line>PRÉFECTURE DE L'AIN</line></par>
</text>
</block>
<block><region><rect/></region>
<text>
<par>
<line>ARRETÉ</line></par>
<par>
<line>prescrivant la révision des plans de prévention des risques naturels</line></par>
<par>
<line>dans la Vallée de la Saône</line></par>
</text>
</block>
<block><region><rect/></region>
<text>
<par>
<line>Le préfet de l'Ain</line>
<line>Chevalier de la légion d'honneur</line></par>
</text>
</block>
<block><region><rect/></region>
<text>
<par>
<line>Vu le code de renvironnement, notamment ses articles L.562-1 à L.562-8 et R.562-1 à R.562-10</line>
<line>relatifs à l'élaboration des plans de prévention des risques naturels, et les articles L.125-5 et</line>
<line>R.125-23 à R.125-27 relatifs à l'information des acquéreurs et des locataires de biens</line>
<line>immobiliers sur les risques naturels et technologiques majeurs,</line></par>
<par>
<line>Vu la loi n“ 82-600 du 13 juillet 1982 relative à l'indemnisation des victimes des catastrophes</line>
<line>naturelles,</line></par>
<par>
<line>Vu l’arrêté préfectoral n'’2006-l modifié relatif à la liste des communes où s'applique l'article</line>
<line>L.125-5 du code de l'environnement et les arrêtés préfectoraux relatifs à l'information des</line>
<line>acquéreurs et des locataires de biens immobiliers sur les risques majeurs sur les communes</line>
<line>citées aux visas suivants.</line></par>
<par>
<line>Vu les arrêtés approuvant les Plans d'Exposition aux Risques d'inondation (PERI) des</line>
<line>communes suivantes : Asnières-sur-Saône, Beauregard, Crottet, Fareins, Feillens, Grièges,</line>
<line>Jassans-Riottier, Laiz, Lurcy, Manziat, Massieux, Messimy-sur-Saône, Montmerle-sur-Saône,</line>
<line>Ozan, Parcieux, Pont-de-Veyle, Replonges, Reyrieux, Saint-Bernard, Saint-Didier-sur-</line>
<line>Chalaronne, Saint-Laurent-sur-Saône, Vésines,</line></par>
<par>
<line>Vu les arrêtés approuvant les Plans de Prévention des Risques (PPR) des communes suivantes :</line>
<line>Arbigny, Boz, Cormoranche-sur-Saône, Garnerans, Genouilleux, Guereins, Mogneneins,</line>
<line>Peyzieux-sur-Saône, Pont-de-Vaux, Reyssouze, Saint-Benigne, Sermoyer, Thoissey,</line>
<line>Trévoux,</line></par>
<par>
<line>Vu le Plan des Surfaces Submersibles (PSS) de la Saône institué par décret du 16 août 1972,</line></par>
<par>
<line>Vu l'arrêté de prescription du PPR « Inondations par le Formans » du 25 janvier 1999 sur la</line>
<line>commune de Trévoux,</line></par>
<par>
<line>Vu l'arrêté de prescription du PPR « Inondations par le Marmont » du 7 mai 2007 sur la</line>
<line>commune de Jassans-Riottier,</line></par>
<par>
<line>Vu la circulaire interministérielle du 3 juillet 2007 relative à la consultation des acteurs, la</line>
<line>concertation des populations et l'association avec les collectivités territoriales dans les plans</line>
<line>de prévention des risques naturels prévisibles.</line></par>
<par>
<line>Considérant que les PERI et les PPR relatifs au risque d'inondation de la Saône ont été élaborés</line>
<line>en référence à une crue centennale calculée.</line></par>
</text>
</block>




</page>
<page width="1622" height="2306" resolution="200">
<block><region><rect/></region>
<text>
<par>
<line>2/4</line></par>
</text>
</block>
<block><region><rect/></region>
<text>
<par>
<line>Considérant qu'ii convient de prendre comme crue de référence la plus haute crue connue et</line>
<line>bien renseignée, c'est-à-dire la crue de 1840, supérieure à la crue d'occurrence centennale,</line></par>
<par>
<line>Considérant que la modélisation d'une crue équivalente en débit à celle de 1840 (soit 3240 m^/s</line>
<line>à Chalon, 3480 m^/s à Mâcon et 3660 mVs à Couzon), dans les conditions actuelles</line>
<line>d'écoulement, constitue une référence fiable et réaliste,</line></par>
<par>
<line>Considérant que les résultats de cette modélisation ont permis de définir l'aléa de référence pour</line>
<line>les crues de la Saône à l'aval de Chalon, et que cet aléa a été porté à ta connaissance des</line>
<line>maires et de l'EPCi compétent en matière d'urbanisme, par un courrier du 23 décembre 2008,</line></par>
<par>
<line>Considérant qu'au regard de cette référence, le PSS, les PERI et les PPR existants ne sont pas</line>
<line>de nature à assurer une prévention satisfaisante.</line></par>
<par>
<line>Considérant en conséquence qu'il convient de réviser les PERI et PPR en se référant à la crue</line>
<line>de 1840 modélisée,</line></par>
<par>
<line>Considérant que sur certaines communes, d'autres aléas notamment d'inondation d'affluents de</line>
<line>la Saône, génèrent des risques qu'il convient de prendre en compte.</line></par>
<par>
<line>Sur proposition du secrétaire général de la préfecture.</line></par>
</text>
</block>
<block><region><rect/></region>
<text>
<par>
<line>ARRETE</line></par>
</text>
</block>
<block><region><rect/></region>
<text>
<par>
<line>Article 1er</line></par>
<par>
<line>L'arrêté préfectoral du 7 mai 2007 prescrivant le plan de prévention des risques prévisibles</line>
<line>d'inondation sur le bassin versant du Marmont sur la commune de Jassans-Riottier est abrogé.</line>
<line>L'arrêté préfectoral du 25 janvier 1999 prescrivant le plan de prévention des risques prévisibles</line>
<line>d'inondation du Formans sur la commune de Trévoux est abrogé.</line></par>
<par>
<line>Article 2</line></par>
<par>
<line>Le présent arrêté prescrit la révision des plans d'exposition au risque inondation et des plans de</line>
<line>prévention des risques naturels prévisibles sur les territoires des communes et pour les aléas</line>
<line>figurant à l'article 3.</line></par>
<par>
<line>La révision devra conduire à l'approbation de plans de prévention des risques qui pourront être</line>
<line>mono-communaux ou multi-communaux, selon les circonstances, la procédure de chaque PPR</line>
<line>étant conduite indépendamment des autres.</line></par>
<par>
<line>Article 3</line></par>
<par>
<line>Les communes et les aléas visés à l'article 2 sont listés dans le tableau ci-dessous, dans lequel</line>
<line>l'aléa Inondation de la Saône est l'aléa de référence défini par l'étude de modélisation de la crue</line>
<line>de 1840 aux conditions actuelles d'écoulement :</line></par>
</text>
</block>
<block blockType="Table" blockName="" l="233" t="1702" r="1539" b="2168"><region><rect/></region>
<row>
<cell width="382" height="48">
<text>
<par>
<line>Commune</line></par>
</text></cell>
<cell width="924" height="48">
<text>
<par>
<line>aléas</line></par>
</text></cell></row>
<row>
<cell width="382" height="46">
<text>
<par>
<line>Sermoyer</line></par>
</text></cell>
<cell width="924" height="46">
<text>
<par>
<line>Inondation de la Saône et inondation de la Seille</line></par>
</text></cell></row>
<row>
<cell width="382" height="47">
<text>
<par>
<line>Arbigny</line></par>
</text></cell>
<cell width="924" height="47">
<text>
<par>
<line>Inondation de la Saône</line></par>
</text></cell></row>
<row>
<cell width="382" height="46">
<text>
<par>
<line>Saint-Benigne</line></par>
</text></cell>
<cell width="924" height="46">
<text>
<par>
<line>Inondation de la Saône</line></par>
</text></cell></row>
<row>
<cell width="382" height="46">
<text>
<par>
<line>Pont-de-Vaux</line></par>
</text></cell>
<cell width="924" height="46">
<text>
<par>
<line>Inondation de la Saône et inondation de la Reyssouze</line></par>
</text></cell></row>
<row>
<cell width="382" height="47">
<text>
<par>
<line>Reyssouze</line></par>
</text></cell>
<cell width="924" height="47">
<text>
<par>
<line>Inondation de la Saône et inondation de la Reyssouze</line></par>
</text></cell></row>
<row>
<cell width="382" height="46">
<text>
<par>
<line>Boz</line></par>
</text></cell>
<cell width="924" height="46">
<text>
<par>
<line>Inondation de la Saône</line></par>
</text></cell></row>
<row>
<cell width="382" height="46">
<text>
<par>
<line>Ozan</line></par>
</text></cell>
<cell width="924" height="46">
<text>
<par>
<line>Inondation de la Saône</line></par>
</text></cell></row>
<row>
<cell width="382" height="46">
<text>
<par>
<line>Asnières-sur-Saône</line></par>
</text></cell>
<cell width="924" height="46">
<text>
<par>
<line>Inondation de la Saône</line></par>
</text></cell></row>
<row>
<cell width="382" height="48">
<text>
<par>
<line>Manziat</line></par>
</text></cell>
<cell width="924" height="48">
<text>
<par>
<line>Inondation de la Saône</line></par>
</text></cell></row>
</block>














</page>
<page width="1622" height="2306" resolution="200">
<block><region><rect/></region>
<text>
<par>
<line>3/4</line></par>
</text>
</block>
<block blockType="Table" blockName="" l="224" t="87" r="1534" b="1416"><region><rect/></region>
<row>
<cell width="382" height="48">
<text>
<par>
<line>Commune</line></par>
</text></cell>
<cell width="928" height="48">
<text>
<par>
<line>aléas</line></par>
</text></cell></row>
<row>
<cell width="382" height="46">
<text>
<par>
<line>Vésines</line></par>
</text></cell>
<cell width="928" height="46">
<text>
<par>
<line>Inondation de la Saône</line></par>
</text></cell></row>
<row>
<cell width="382" height="46">
<text>
<par>
<line>Feillens</line></par>
</text></cell>
<cell width="928" height="46">
<text>
<par>
<line>Inondation de la Saône</line></par>
</text></cell></row>
<row>
<cell width="382" height="47">
<text>
<par>
<line>Replonges</line></par>
</text></cell>
<cell width="928" height="47">
<text>
<par>
<line>Inondation de la Saône</line></par>
</text></cell></row>
<row>
<cell width="382" height="46">
<text>
<par>
<line>Saint-Laurent-sur-Saône</line></par>
</text></cell>
<cell width="928" height="46">
<text>
<par>
<line>Inondation de la Saône</line></par>
</text></cell></row>
<row>
<cell width="382" height="46">
<text>
<par>
<line>Crottet</line></par>
</text></cell>
<cell width="928" height="46">
<text>
<par>
<line>Inondation de la Saône et inondation de la Veyle</line></par>
</text></cell></row>
<row>
<cell width="382" height="47">
<text>
<par>
<line>Grièges</line></par>
</text></cell>
<cell width="928" height="47">
<text>
<par>
<line>Inondation de la Saône et inondation de la Veyle</line></par>
</text></cell></row>
<row>
<cell width="382" height="46">
<text>
<par>
<line>Pont-de-Veyie</line></par>
</text></cell>
<cell width="928" height="46">
<text>
<par>
<line>Inondation de la Saône et inondation de la Veyle</line></par>
</text></cell></row>
<row>
<cell width="382" height="46">
<text>
<par>
<line>Lai Z</line></par>
</text></cell>
<cell width="928" height="46">
<text>
<par>
<line>Inondation de la Saône et inondation de la Veyle</line></par>
</text></cell></row>
<row>
<cell width="382" height="46">
<text>
<par>
<line>Cormoranche-sur-Saône</line></par>
</text></cell>
<cell width="928" height="46">
<text>
<par>
<line>Inondation de la Saône</line></par>
</text></cell></row>
<row>
<cell width="382" height="47">
<text>
<par>
<line>Garnerans</line></par>
</text></cell>
<cell width="928" height="47">
<text>
<par>
<line>Inondation de la Saône</line></par>
</text></cell></row>
<row>
<cell width="382" height="46">
<text>
<par>
<line>Saint-Didier-sur-Chalaronne</line></par>
</text></cell>
<cell width="928" height="46">
<text>
<par>
<line>inondation de la Saône et inondation de la Chalaronne</line></par>
</text></cell></row>
<row>
<cell width="382" height="46">
<text>
<par>
<line>Thoissey</line></par>
</text></cell>
<cell width="928" height="46">
<text>
<par>
<line>Inondation de la Saône et inondation de la Chalaronne</line></par>
</text></cell></row>
<row>
<cell width="382" height="47">
<text>
<par>
<line>Mogneneins</line></par>
</text></cell>
<cell width="928" height="47">
<text>
<par>
<line>Inondation de la Saône</line></par>
</text></cell></row>
<row>
<cell width="382" height="46">
<text>
<par>
<line>Peyzieux-sur-Saône</line></par>
</text></cell>
<cell width="928" height="46">
<text>
<par>
<line>Inondation de la Saône</line></par>
</text></cell></row>
<row>
<cell width="382" height="46">
<text>
<par>
<line>Genouilleux</line></par>
</text></cell>
<cell width="928" height="46">
<text>
<par>
<line>Inondation de la Saône</line></par>
</text></cell></row>
<row>
<cell width="382" height="47">
<text>
<par>
<line>Guereins</line></par>
</text></cell>
<cell width="928" height="47">
<text>
<par>
<line>Inondation de la Saône</line></par>
</text></cell></row>
<row>
<cell width="382" height="46">
<text>
<par>
<line>Montmerle-sur-Saône</line></par>
</text></cell>
<cell width="928" height="46">
<text>
<par>
<line>Inondation de la Saône</line></par>
</text></cell></row>
<row>
<cell width="382" height="46">
<text>
<par>
<line>Lurcy</line></par>
</text></cell>
<cell width="928" height="46">
<text>
<par>
<line>Inondation de la Saône</line></par>
</text></cell></row>
<row>
<cell width="382" height="46">
<text>
<par>
<line>Messimy-sur-Saône</line></par>
</text></cell>
<cell width="928" height="46">
<text>
<par>
<line>Inondation de la Saône</line></par>
</text></cell></row>
<row>
<cell width="382" height="47">
<text>
<par>
<line>Fareins</line></par>
</text></cell>
<cell width="928" height="47">
<text>
<par>
<line>Inondation de la Saône</line></par>
</text></cell></row>
<row>
<cell width="382" height="46">
<text>
<par>
<line>Beauregard</line></par>
</text></cell>
<cell width="928" height="46">
<text>
<par>
<line>Inondation de la Saône</line></par>
</text></cell></row>
<row>
<cell width="382" height="46">
<text>
<par>
<line>Jassans-Riottier</line></par>
</text></cell>
<cell width="928" height="46">
<text>
<par>
<line>Inondation de la Saône et inondation du Marmont</line></par>
</text></cell></row>
<row>
<cell width="382" height="46">
<text>
<par>
<line>Saint-Bernard</line></par>
</text></cell>
<cell width="928" height="46">
<text>
<par>
<line>Inondation de la Saône et inondation du Formans</line></par>
</text></cell></row>
<row>
<cell width="382" height="77">
<text>
<par>
<line>Trévoux</line></par>
</text></cell>
<cell width="928" height="77">
<text>
<par>
<line>Inondations de la Saône et inondation du Formans ; ruissellement de</line>
<line>versant ; mouvements de terrain</line></par>
</text></cell></row>
<row>
<cell width="382" height="46">
<text>
<par>
<line>Reyrieux</line></par>
</text></cell>
<cell width="928" height="46">
<text>
<par>
<line>Inondation de la Saône</line></par>
</text></cell></row>
<row>
<cell width="382" height="46">
<text>
<par>
<line>Parcieux</line></par>
</text></cell>
<cell width="928" height="46">
<text>
<par>
<line>inondation de la Saône</line></par>
</text></cell></row>
<row>
<cell width="382" height="48">
<text>
<par>
<line>Massieux</line></par>
</text></cell>
<cell width="928" height="48">
<text>
<par>
<line>Inondation de la Saône</line></par>
</text></cell></row>
</block>
<block><region><rect/></region>
<text>
<par>
<line>Article 4</line></par>
<par>
<line>Le directeur départemental de l'Equipement de l'Ain est chargé de mener les procédures de</line>
<line>révision des plans d’exposition au risque inondation et des plans de prévention des risques</line>
<line>naturels.</line></par>
<par>
<line>Article 5</line></par>
<par>
<line>La concertation sur la révision des PERI et PPR sera conduite selon les modalités suivantes :</line></par>
<par>
<line>♦ information des maires, des conseils municipaux et des représentants des EPCI compétents,</line>
<line>sur la procédure et le montage du dossier, et sur l'aléa de référence ;</line></par>
<par>
<line>♦ définition des enjeux, du zonage et du règlement en association avec les élus communaux et/</line>
<line>ou supra-communaux compétents, sous la forme de réunions de travail et de visites de terrain</line>
<line>réunissant la DDE service instructeur et des représentants de la ou des commune(s). Ces</line>
<line>réunions feront l'objet de comptes-rendus qui seront joints au registre d'enquête publique ;</line></par>
<par>
<line>♦ parallèlement au lancement de l'enquête publique, envoi du projet de dossier pour avis :</line></par>
<par>
<line>- aux communes et EPCI compétents ;</line></par>
<par>
<line>- aux établissements de bassin et syndicats de rivière, à la Chambre d'agriculture et, le cas</line>
<line>échéant, au Centre régional de la propriété forestière ;</line></par>
<par>
<line>♦ Information du public sur le projet de dossier, sous la forme de réunions publiques, ou</line>
<line>d'autres formes de communication avant l'enquête publique ;</line></par>
<par>
<line>♦ mise en ligne, sur le site internet de la DDE, du projet de dossier soumis à l'enquête publique ;</line></par>
</text>
</block>

































</page>
<page width="1622" height="2306" resolution="200">
<block><region><rect/></region>
<text>
<par>
<line>4/4</line></par>
</text>
</block>
<block><region><rect/></region>
<text>
<par>
<line>♦ après la phase de consultations et avant approbation, mise au point du dossier avec les</line>
<line>communes et EPCI concernés.</line></par>
<par>
<line>Article 6</line></par>
<par>
<line>Le présent arrêté sera publié au recueil des actes administratifs de la préfecture.</line></par>
<par>
<line>Article 7</line></par>
<par>
<line>Un avis d'information au public se rapportant au présent arrêté sera inséré par mes soins, en</line>
<line>caractères apparents dans un journal diffusé dans le département.</line></par>
<par>
<line>Article 8</line></par>
<par>
<line>Le présent arrêté sera notifié :</line></par>
<par>
<line>- à chacun des maires des communes concernées,</line></par>
<par>
<line>- aux présidents des EPCI compétents pour l'élaboration des documents d'urbanisme et</line>
<line>concernés par leur territoire.</line></par>
<par>
<line>Le présent arrêté sera affiché pendant un mois dans les mairies de ces communes et aux sièges</line>
<line>de ces EPCI.</line></par>
<par>
<line>Des copies du présent arrêté seront adressées :</line></par>
<par>
<line>- au préfet de région Bourgogne,</line></par>
<par>
<line>- au directeur départemental de l'équipement de l'Ain,</line></par>
<par>
<line>- au directeur départemental de l'agriculture et de la forêt de l'Ain,</line></par>
<par>
<line>- au directeur général de la prévention des risques du ministère de l'écologie, de l'énergie, du</line>
<line>développement durable et de l’aménagement du territoire,</line></par>
<par>
<line>- au directeur régional de l'environnement, de l'aménagement et du logement Rhône-Alpes,</line></par>
<par>
<line>- au directeur régional de l'environnement Bourgogne,</line></par>
<par>
<line>- au directeur du Service Navigation Rhône-Saône,</line></par>
<par>
<line>- aux établissements de bassin et syndicats de rivière,</line></par>
<par>
<line>- à la Chambre d'agriculture de l'Ain.</line></par>
<par>
<line>Article 9</line></par>
<par>
<line>Les éléments nécessaires à l'établissement de l'état des risques destiné à l’information sur les</line>
<line>risques naturels et technologiques majeurs des acquéreurs et des locataires de biens</line>
<line>immobiliers situés dans les communes listées à l'article 3, et consignés dans les dossiers</line>
<line>communaux d’informations sur les risques, sont modifiés en conséquence de la présente</line>
<line>prescription.</line></par>
<par>
<line>Le directeur départemental de l’équipement est chargé de ces modifications qui seront</line>
<line>transmises :</line></par>
<par>
<line>- à la préfecture de l'Ain,</line></par>
<par>
<line>- aux maires des communes concernées,</line></par>
<par>
<line>- à la chambre départementale des notaires.</line></par>
<par>
<line>Les éléments de chaque dossier communal d'information sur les risques seront consultables sur</line>
<line>le site Internet de la direction départementale de l'équipement de l’Ain (www.ain.developpement-</line>
<line>durable.gouv.fr'l et accessibles depuis le site Internet de la Préfecture de l'Ain</line>
<line>fwww.ain.Dref.aouv.fr ). Chaque dossier sera tenu à la disposition du public à la mairie et à la</line>
<line>préfecture de l'Ain.</line></par>
<par>
<line>Article 10</line></par>
<par>
<line>Le secrétaire général de la préfecture de l'Ain, le directeur départemental de l'équipement et les</line>
<line>maires des communes concernées sont chargés, chacun en ce qui le concerne, de l'exécution du</line>
<line>présent arrêté.</line></par>
</text>
</block>
<block><region><rect/></region>
<text>
<par>
<line>Bourg en Bresse, le</line>
<line>Le préfet.</line></par>
</text>
</block>
<block><region><rect/></region>
<text>
<par>
<line>2 1 AVR. 2009</line></par>
</text>
</block>











</page>
</PM1>