<?xml version="1.0" encoding="UTF-8"?><PM1>
<page width="1656" height="2336" resolution="200">
<block><region><rect/></region>
<text>
<par>
<line>Ubi'ri&lt; • ^gallh' • Frahmité</line>
<line>Kj5.PUKUQ.Uri hrançaisc</line></par>
</text>
</block>
<block><region><rect/></region>
<text>
<par>
<line>PRÉFECTURE DES ALPES DE HAUTE-PROVENCE</line></par>
<par>
<line>Direction départementale</line>
<line>de l'équipement</line></par>
<par>
<line>Pôle prévention des risques naturels</line>
<line>et technologiques</line></par>
</text>
</block>
<block><region><rect/></region>
<text>
<par>
<line>Arrêté préfectoral n° 2008--^ \ t^</line></par>
<par>
<line>portant approbation du plan de prévention des</line>
<line>risques naturels prévisibles de la commune de</line>
<line>Moustiers-Sainte-Marie</line></par>
</text>
</block>
<block><region><rect/></region>
<text>
<par>
<line>La Préfète des Alpes de Haute-Provence</line>
<line>Chevalier de la Légion d'Honneiir,</line></par>
</text>
</block>
<block><region><rect/></region>
<text>
<par>
<line>VU le Code de T environnement ;</line></par>
<par>
<line>VU la loi n° 2003-699 du 30 juillet 2003 relative à la prévention des risques teclinologiques et</line>
<line>naturels et à la réparation des dommages ;</line></par>
<par>
<line>VU le décret n° 95-1089 du 5 octobre 1995 relatif aux plans de prévention des risques naturels</line>
<line>prévisibles modifié par le décret n° 2005-3 du 4 janvier 2005 ;</line></par>
<par>
<line>VU raiïêté préfectoral 2004-2784 du 09 novembre 2004 prescrivant l’élaboration du plan de</line>
<line>prévention des risques naturels de la commune de Moustiers-Sainte-Marie ;</line></par>
<par>
<line>VU l’arrêté préfectoral n° 2007-2176 du 12 octobre 2007 prescrivant l’enquête publique sur</line>
<line>l’élaboration du plan de prévention des risques naturels prévisibles de la commune de</line>
<line>Moustiers-Sainte-Marie ;</line></par>
<par>
<line>VU les résultats de l’enquête publique à laquelle il a été procédé et l’avis du commissaire</line>
<line>enquêteur ;</line></par>
<par>
<line>VU le rapport du Directeur Départemental de l’Equipement en date du 12 août 2008 ;</line></par>
<par>
<line>SUR proposition de Monsieur le Directeur des Services du Cabinet de la Préfecture des Alpes de</line></par>
<par>
<line>Haute-Provence ;</line></par>
</text>
</block>
<block><region><rect/></region>
<text>
<par>
<line>ARRÊTE;</line></par>
</text>
</block>
<block><region><rect/></region>
<text>
<par>
<line>Article 1er ;</line></par>
<par>
<line>Est approuvé, tel qu’il est annexé au présent arrêté, le plan de prévention des risques naturels</line>
<line>prévisibles de la commune de Moustiers-Sainte-Marie.</line></par>
</text>
</block>
<block><region><rect/></region>
<text>
<par>
<line>AiTèté Préfectoral 2008-^11</line>
<line>cPx û A /'CoUckoS</line></par>
</text>
</block>
<block><region><rect/></region>
<text>
<par>
<line>page 1/2</line></par>
</text>
</block>
















</page>
<page width="1663" height="2341" resolution="200">
<block><region><rect/></region>
<text>
<par>
<line>Article 2 :</line></par>
</text>
</block>
<block><region><rect/></region>
<text>
<par>
<line>Le plan de prévention des risques comprend :</line></par>
<par>
<line>- une note de présentation,</line></par>
<par>
<line>- un règlement,</line></par>
<par>
<line>- ime carte d’aléas,</line></par>
<par>
<line>" une carte de zonage réglementaire des risques,</line></par>
<par>
<line>Il est tenu à la disposition du public :</line></par>
<par>
<line>- à la Mairie de Moustiers-Sainte-Marie tous les jours ouvrables et aux heures</line>
<line>d’ouvertures de la Mairie ;</line></par>
<par>
<line>- à la Préfecture des Alpes de Haute-Provence - Cabinet (Service Intenninistériel de</line>
<line>la Défense et de Protection Civiles).</line></par>
</text>
</block>
<block><region><rect/></region>
<text>
<par>
<line>Article 3 :</line></par>
<par>
<line>Le présent arrêté sera affiché en Mairie de Moustiers-Samte-Marie pendant un mois</line>
<line>niinhnum.</line></par>
<par>
<line>Il sera inséré dans le Recueil des Actes Administratifs de la Préfecture ainsi que dans les</line>
<line>journaux « LA PROVENCE » et « LA MARSEILLAISE ».</line></par>
<par>
<line>Article 4 ;</line></par>
</text>
</block>
<block><region><rect/></region>
<text>
<par>
<line>Le Secrétaire Général de la Préfecture, le Directeur des Services du Cabinet de la Préfecture,</line>
<line>le Directeur Départemental de l’Equipement, le Maire de la commune de Moustiers-Sainte-</line>
<line>Marie, sont chargés, chacun en ce qui le concerne, de l’exécution du présent airêté, qui sera</line>
<line>notifié à :</line></par>
</text>
</block>
<block><region><rect/></region>
<text>
<par>
<line>- Monsieur le Maire de Moustiers-Sainte-Marie,</line></par>
<par>
<line>- Monsieur le Directeur Départemental de l’Equipement,</line></par>
<par>
<line>- Monsieur le Directeur Départemental de l’Agricultui’e et de la Forêt - Service de</line>
<line>Restauration des Terrains en Montagne,</line></par>
<par>
<line>- Monsieur le Directeur Régional de l’Environnement Provence-Alpes-Côte d’Azur.</line></par>
</text>
</block>
<block><region><rect/></region>
<text>
<par>
<line>Fait à Digne les bains, le</line></par>
</text>
</block>
<block><region><rect/></region>
<text>
<par/>
</text>
</block>
<block><region><rect/></region>
<text>
<par>
<line>La Préfète,</line></par>
</text>
</block>
<block><region><rect/></region>
<text>
<par>
<line>Béatrice ABOLLIVIER</line></par>
</text>
</block>
<block><region><rect/></region>
<text>
<par>
<line>Arrêté Préfectoral 2008-im-l.</line></par>
<par>
<line>cU&lt;- ûA|A6'| j-eoS</line></par>
</text>
</block>
<block><region><rect/></region>
<text>
<par>
<line>page 2/2</line></par>
</text>
</block>









</page>
</PM1>