<?xml version="1.0" encoding="UTF-8"?><PM1>
<page width="1240" height="1754" resolution="150">
<block><region><rect/></region>
<text>
<par>
<line>UbtrtJ ■ ig^Ué * FnUnM</line>
<line>ftipuiu^ys PlANCAISB</line></par>
</text>
</block>
<block><region><rect/></region>
<text>
<par>
<line>PRÉFET DE VAUCLUSE</line></par>
</text>
</block>
<block><region><rect/></region>
<text>
<par>
<line>Direction dcpartuncntalc</line>
<line>des Tctfitoîres</line></par>
<par>
<line>Service Urbanùme et Risques Naturels</line>
<line>Courdel : ddt'Sum^riucluse.gouT.fr</line></par>
</text>
</block>
<block><region><rect/></region>
<text>
<par>
<line>ARRÊTÉ n» 3^2.,</line></par>
<par>
<line>portant approbation du</line></par>
<par>
<line>Plan de Prévention des Risques d’inondation de la Durance</line>
<line>sur la commune de Mirabeau</line></par>
</text>
</block>
<block><region><rect/></region>
<text>
<par>
<line>LE PRÉFET DE VAUCLUSE</line>
<line>CHEVALIER DE LA LÉGION D’HONNEUR</line></par>
</text>
</block>
<block><region><rect/></region>
<text>
<par>
<line>VU le code de l’environnement et notamment les articles L.562-1 et suivants et R.562-1 et</line>
<line>suivants relatifs aux Plans de Prévention des Risques Naturels prévisibles ;</line></par>
<par>
<line>VU le code de l’iirbanismc et son article L.126-1 ;</line></par>
<par>
<line>VU le décret n° 2004-374 du 29 avril 2004 relatif aux pouvoirs des préfets, à l’organisation et à</line>
<line>l’action des services de l’État dans les régions et départements ;</line></par>
<par>
<line>\'LT l’arrêté préfectoral n” 2011342-0017 du 7 décembre 2011 portant prescription du Plan de</line>
<line>Prévention des Risques d’inondation (PPRI) de la Durance sur la commune de Mirabeau ;</line></par>
<par>
<line>VU l’arrêté préfectoral n® 2013354-0017 en date du 20 décembre 2013 portant ouverture et</line>
<line>organisation d’une enquête pubUque sur le projet de Plan de Prévention des Risques d’inondation de la</line>
<line>Durance sur la commune de Mirabeau ;</line></par>
<par>
<line>VU l’avis favorable du conseil municipal de la commune de Mirabeau en date du 27 novembre</line></par>
<par>
<line>2013;</line></par>
</text>
</block>
<block><region><rect/></region>
<text>
<par>
<line>VU l’avis favorable du Centre National de la Propriété Forestière, assorti d’une réserve, en date</line>
<line>du 8 janvier 2014 ;</line></par>
<par>
<line>VU l’avis défavorable de la Chambre d’Agriculture de Vaucluse en date du 13 décembre 2013 ;</line></par>
<par>
<line>VU l’avis favorable de la commission d’enquête, assorti de réserves et de recommandations, en</line>
<line>date du 8 avril 2014 ;</line></par>
</text>
</block>






</page>
<page width="1254" height="1764" resolution="150">
<block><region><rect/></region>
<text>
<par>
<line>CONSIDPIRANT que les modifications appoitces au projet de Plan de Prévention des Risques</line>
<line>' d’inondation de la Diuance stu la commune de Mirabeau, à l’issue de l’enquête publique, ne remettent</line>
<line>pas en cause l’économie générale du plan soumis à l’enquête publique ;</line></par>
<par>
<line>SUR proposition de Madame la secrétaire générale de la préfecture de Vaucluse,</line></par>
</text>
</block>
<block><region><rect/></region>
<text>
<par>
<line>ARRETE</line></par>
</text>
</block>
<block><region><rect/></region>
<text>
<par>
<line>ARTICLE 1» :</line></par>
<par>
<line>Le Plan de Prévention des Risques d’inondation (PPRl) de la Durance sur la commune de</line>
<line>Mirabeau est approuve, tel qu’il est annexé au présent arreté.</line></par>
<par>
<line>ARTICLE 2 :</line></par>
<par>
<line>Le plan approuvé comprend un rapport de présentation, une note d’analyse du rapport d’enquête</line>
<line>publique, un reglement, et des documents gi-apliiques (cattc(s) d’aléa, carte d'enjeux, plan(s) de zonage</line>
<line>réglementaire et carte(s) des cotes de référence).</line></par>
<par>
<line>Il est tenu à la disposition du public à la mairie de Mirabeau, au siège du Syndicat Mixte du SCOT</line>
<line>du Sud Luberon, à la direction départementale des territoires de Vauduse et à la préfecture de Vauduse.</line></par>
<par>
<line>ARTICLE 3 I</line></par>
<par>
<line>Une copie du présent arrêté sera adressée à Monsietu le maire de la commune de Mirabeau et à</line>
<line>Monsieur le président du Syndicat Mixte du SCOT du Sud Luberon.</line></par>
<par>
<line>ARTICLE 4 ;</line></par>
<par>
<line>Le présent arrêté sera public au recueil des actes administratifs de la préfecture de Vauduse et</line>
<line>mention en seca faite dans un journal diffuse dans le département et habilité à recevoir les annonces</line>
<line>judiciaires et légales. Une copie du présent arrêté sera affichée pendant un mois au moins en mairie de</line>
<line>Mirabeau et au siège du Syndicat Mixte du SCOT du Sud Luberon, à partir de la date de réception de la</line>
<line>notlOcation du présent arreté.</line></par>
<par>
<line>ARTICLE 5 :</line></par>
<par>
<line>En application de l'ardde L562 4 du code de l’environnement, le plan de prévention des risques</line>
<line>naturels prévisibles approuvé vaut servitude d’utilité publique. A ce titre. Monsieur le maire de</line>
<line>Mirabeau devra annexer le présent PPRI au document d'urbanisme communal, conformément à</line>
<line>l’article L 126-1 du code de l’urbanisme.</line></par>
<par>
<line>ARTICLE 6 :</line></par>
<par>
<line>La présente décision pourra faire l’objet dans le délai de 2 mois à compter de sa publication :</line></par>
<par>
<line>- soit d'un recours gracieux auprès du préfet de Vaucluse,</line></par>
<par>
<line>- soit d’un recours hiérarchique adressé au ministre de l’Écologie, du Développement Durable</line>
<line>et de l’Énergie.</line></par>
<par>
<line>Cette démarche prolonge le delai de recours contentieux qui doit alors être introduit dnps les</line>
<line>deux mois suivant k réponse (l’absence de réponse au terme du délai de deux mois vaut rejet implicite).</line></par>
<par>
<line>En l’absence de recours gracieux ou lucratchique, la présente décision peut directement faire</line>
<line>l’objet d’un recours contentieux dans le delai de 2 mois à compter de la plus tardive des mesures de</line>
<line>publicité prévues à l’article 4, auprès du Tribunal Administratif de Nîmes. 16 avenue Feuchères,</line>
<line>30000 Nîmes.</line></par>
</text>
</block>










</page>
<page width="1240" height="1754" resolution="150">
<block><region><rect/></region>
<text>
<par>
<line>ARTICLE 7 :</line></par>
<par>
<line>Miidamc la scctétaiie générale de la préfecture de Vaucluse, Monsieur le directeur de cabinet du</line>
<line>préfet de Vaucluse, Madame la sous-préfète de l’arrondissement d’Apt, Monsieur le directeur</line>
<line>départemental des territoires de Vaucluse, Monsiexu' le maire de Mirabeau, Monsieur le président du</line>
<line>Syndicat Mixte du SCO’l’ du Sxid Luberon sont charges, chacun en ce qui le concerne, de rexccution du</line>
<line>présent artctc.</line></par>
</text>
</block>
<block><region><rect/></region>
<text>
<par>
<line>Fait à Avignon, le 2 8 NOV, 2014</line></par>
</text>
</block>
<block><region><rect/></region>
<text>
<par>
<line>COPIE CEn”r'; :. i COVFCrîME</line>
<line>AL’Or-.iSi.'iAL</line></par>
</text>
</block>
<block><region><rect/></region>
<text>
<par>
<line>Le Préfet</line></par>
</text>
</block>
<block><region><rect/></region>
<text>
<par/>
</text>
</block>
<block><region><rect/></region>
<text>
<par>
<line>f</line></par>
</text>
</block>
<block><region><rect/></region>
<text>
<par>
<line>Vaiinick BLANC:</line></par>
</text>
</block>







</page>
</PM1>