<?xml version="1.0" encoding="UTF-8"?><PM1>
<page width="1654" height="2340" resolution="200">
<block><region><rect/></region>
<text>
<par>
<line>mm</line></par>
<par>
<line>Liberté • Egalité • Fraternité</line>
<line>RÉPUBLIQUE FRANÇAISE</line></par>
<par>
<line>PRÉFET DE LA CÔTE-D'OR</line></par>
</text>
</block>
<block><region><rect/></region>
<text>
<par>
<line>Direction départementale des territoires</line></par>
<par>
<line>Service de l’eau et des risques</line></par>
<par>
<line>Bureau prévention des risques naturels et</line>
<line>hydrauliques</line></par>
<par>
<line>Affaire suivie par Laurence Villeret</line>
<line>n° 104/2015 Iv/Iv</line></par>
<par>
<line>Tél. : 03.80.29.43.56 - Fax 03.80.29.42.60</line>
<line>laurence.villeret@cote-dor.gouv.fr</line></par>
</text>
</block>
<block><region><rect/></region>
<text>
<par>
<line>Le préfet de la région Bourgogne</line>
<line>Préfet de la Côte-d’Or</line>
<line>Chevalier de la Légion d’Honneur</line>
<line>Chevalier de l’Ordre National du Mérite</line></par>
</text>
</block>
<block><region><rect/></region>
<text>
<par>
<line>ARRETE PREFECTORAL N° 5^0</line></par>
<par>
<line>portant approbation du plan de prévention des risques naturels d’inondation (P.P.R.N.I.) par la Tille et par le</line>
<line>Gourmerault sur le territoire de la commune de Bressey sur Tille.</line></par>
</text>
</block>
<block><region><rect/></region>
<text>
<par>
<line>VU le code de l’environnement, notamment les articles L 123-1 à L 123-19, L 562-1 à L 562-9, les</line>
<line>articles R 123-2 à R 123-27, les articles R125-9 à R125-14, et R 562-1 à R 562-10,</line></par>
<par>
<line>VU le code de la sécurité intérieure et notamment les articles L 112-1 et 112-2, et le livre VII sécurité</line>
<line>civile,</line></par>
<par>
<line>VU le décret n° 2004-374 du 29 avril 2004 modifié relatif aux pouvoirs des préfets, à l'organisation et à</line>
<line>l'action des services de l'Etat dans les régions et départements,</line></par>
<par>
<line>VU le décret du 12 juin 2014 nommant M. Eric DELZANT, préfet de la région Bourgogne, préfet de la</line>
<line>Côte-d’Or,</line></par>
<par>
<line>VU la circulaire ministérielle du 3 juillet 2007 relative à la consultation des acteurs, la concertation avec</line>
<line>la population et l’association des collectivités territoriales dans les plans de prévention des risques</line>
<line>naturels prévisibles,</line></par>
<par>
<line>VU l'arrêté préfectoral du 27 septembre 2010 portant prescription d’un plan de prévention des risques</line>
<line>naturels d'inondation par la Tille et par le Gourmerault sur le territoire de la commune de Bressey sur</line>
<line>Tille,</line></par>
</text>
</block>
<block><region><rect/></region>
<text>
<par>
<line>57, rue de Mulhouse - BP 53317-21033 DIJON Cedex - Tél. : 03 80 29 44 44 - fax : 03 80 29 43 99</line></par>
<par>
<line>http://www.cote-dor.gouv.fr</line></par>
<par>
<line>.Accès DPT par Divia Tl - T2 - L3 - L6 - Station République</line></par>
</text>
</block>



</page>
<page width="1654" height="2340" resolution="200">
<block><region><rect/></region>
<text>
<par>
<line>vu l'arrêté préfectoral du 4 mars 2015 portant ouverture de l'enquête publique préalable à l'approbation</line>
<line>du plan de prévention des risques naturels d'inondation de la commune de Bressey sur Tille,</line></par>
<par>
<line>VU le rapport et les conclusions de l’enquête publique qui s’est déroulée du 30 mars au 7 mai 2015 inclus</line>
<line>et l'avis favorable de la commission d’enquête suite à cette enquête ;</line></par>
<par>
<line>VU le rapport du directeur départemental des territoires ;</line></par>
<par>
<line>SUR proposition de la sous-préfète, directrice de cabinet, et du directeur départemental des territoires ;</line></par>
</text>
</block>
<block><region><rect/></region>
<text>
<par>
<line>ARRETE</line></par>
</text>
</block>
<block><region><rect/></region>
<text>
<par>
<line>Article 1er ; Est approuvé tel qu'il est annexé au présent arrêté, le plan de prévention des</line>
<line>risques naturels d'inondation (RP.R.N.I.) par la Tille et par le Gourmerault sur le territoire de la</line>
<line>commune de Bressey sur Tille.</line></par>
<par>
<line>Article 2 : Ce plan de prévention des risques naturels d'inondation (RP.R.N.I.) comporte :</line></par>
<par>
<line>- une note de présentation,</line></par>
<par>
<line>- un règlement,</line></par>
<par>
<line>- une carte des aléas,</line></par>
<par>
<line>- une carte des enjeux,</line></par>
<par>
<line>- une carte de zonage réglementaire.</line></par>
<par>
<line>La commune de Bressey sur Tille disposant d’un plan local d'urbanisme (PLU) approuvé le 22 février</line>
<line>2008 et des mises à jour, le plan de prévention des risques naturels d'inondation (RP.R.N.I.) devra lui être</line>
<line>annexé, conformément à l'article L 126-1 du code de l'urbanisme.</line></par>
<par>
<line>Article 3 ; Le présent arrêté sera publié au recueil des actes administratifs de la préfecture de Côte-d'Or</line>
<line>et mention apparente en sera faite dans un journal diffusé dans le département.</line></par>
<par>
<line>Article 4 : Le présent arrêté, avec le plan de prévention des risques naturels d'inondation (RRR.N.I.)</line>
<line>annexé, sera notifié au maire de Bressey sur Tille, au président de la communauté urbaine de Dijon, et au</line>
<line>président du syndicat mixte du schéma de cohérence territoriale (SCOT) du Dijonnais.</line></par>
<par>
<line>Il sera afFiehé en mairie de la commune précitée pendant un mois, par les soins du maire.</line></par>
<par>
<line>Article 5 : Le plan de prévention des risques naturels d'inondation (RP.R.N.I.) annexé au présent arrêté</line>
<line>est tenu à la disposition du public :</line></par>
<par>
<line>à la mairie de Bressey sur Tille,</line></par>
<par>
<line>- dans les locaux de la préfecture (direction de la défense et de la protection civiles - bureau de la</line>
<line>prévention des risques)</line></par>
<par>
<line>- dans les locaux de la direction départementale des territoires (S.E.R./P.R.N.H).</line></par>
</text>
</block>






</page>
<page width="1654" height="2340" resolution="200">
<block><region><rect/></region>
<text>
<par>
<line>Article 6 : Copies du présent arrêté et du plan de prévention des risques naturels d'inondation</line>
<line>(P.RR.N.I.) annexé seront adressées à :</line></par>
</text>
</block>
<block><region><rect/></region>
<text>
<par>
<line>- Monsieur le délégué aux risques majeurs du ministère de l'écologie, du développement durable</line>
<line>et de l'énergie,</line></par>
<par>
<line>- Madame la directrice régionale de l'environnement, de l'aménagement et du logement,</line></par>
<par>
<line>- Monsieur le directeur départemental des services d’incendie et de secours,</line></par>
<par>
<line>- Monsieur le président de la chambre d'agriculture de Côte-d'Or,</line></par>
<par>
<line>- Monsieur le président du centre national de la propriété forestière,</line></par>
<par>
<line>- Monsieur le président du conseil général de Côte-d'Or,</line></par>
<par>
<line>- Monsieur le président du conseil régional de Bourgogne,</line></par>
<par>
<line>- Monsieur le président du syndicat mixte du SCOT,</line></par>
<par>
<line>- Monsieur le président de la communauté urbaine de Dijon,</line></par>
<par>
<line>- Monsieur le président du syndicat intercommunal d'aménagement et d'entretien de la Norges.</line></par>
<par>
<line>Article 7 : Délai et voie de recours</line></par>
<par>
<line>Le présent an'êté peut faire l'objet dans un délai de deux mois à compter de sa publication au recueil des</line>
<line>actes administratifs de la préfecture, d'un recours auprès du tribunal administratif de Dijon.</line></par>
<par>
<line>Article 8 : La sous-préfète, directrice de cabinet, le directeur départemental des territoires de la Côte-</line>
<line>d'Or, et le maire de la commune de Bressey sur Tille sont chargés, chacun en ce qui les concerne, de</line>
<line>l’exécution du présent arrêté.</line></par>
</text>
</block>
<block><region><rect/></region>
<text>
<par>
<line>Fait à Dijon, le ( 3 Aai 21)15</line></par>
</text>
</block>
<block><region><rect/></region>
<text>
<par>
<line>Le préfet,</line></par>
</text>
</block>




</page>
</PM1>