<?xml version="1.0" encoding="UTF-8"?><PM1>
<page width="1600" height="2272" resolution="200">
<block><region><rect/></region>
<text>
<par>
<line>REPUBLIQUE FRANÇAISE</line></par>
</text>
</block>
<block><region><rect/></region>
<text>
<par>
<line>PRÉFECTURE DU NORD</line></par>
</text>
</block>
<block><region><rect/></region>
<text>
<par>
<line>•CABINET DU PREFET</line></par>
</text>
</block>
<block><region><rect/></region>
<text>
<par>
<line>Service Interministériel Régional des</line>
<line>Affaires Civiles et Ecoocmiques de</line>
<line>Défense et de la Protection Civilé</line></par>
</text>
</block>
<block><region><rect/></region>
<text>
<par>
<line>Lille, le</line></par>
</text>
</block>
<block><region><rect/></region>
<text>
<par>
<line>!2</line></par>
</text>
</block>
<block><region><rect/></region>
<text>
<par>
<line>PLAN d'EXPOSÏTIOK aux RISQUES</line></par>
<par>
<line>5^, rue Jean Sans Peur</line>
<line>59000 LILLE</line></par>
<par>
<line>P.C./N° 4\\ /P.E.R. /AV/</line></par>
</text>
</block>
<block><region><rect/></region>
<text>
<par>
<line>Affaire suivie par M. VERBECQ</line></par>
</text>
</block>
<block><region><rect/></region>
<text>
<par>
<line>LE PREFET DE LA REGION NORD-PAS-de-CALAIS</line>
<line>-PREFET du NORD</line></par>
<par>
<line>Officier de la Légion d’Honneur</line></par>
</text>
</block>
<block><region><rect/></region>
<text>
<par>
<line>Vu la loi 82-600 du 13 juillet 1982 relative à l'indem¬</line>
<line>nisation des victimes des catastrophes naturelles ;</line></par>
<par>
<line>Vu la loi N° 83-603 du 12 juillet 1983, relative à la</line>
<line>démocratisation des enquêtes publiques et à la protection de l'Environnement</line>
<line>et le décret N° 84-453 du 23 avril 1985 pris par l'application de cette loi ;</line></par>
<par>
<line>VU le décret N° 84-328 du 3 mai 1984 relatif à l'élaboration</line>
<line>des Plans d'Exposition aux Risques Naturels prévisibles ;</line></par>
<par>
<line>VU l'ordonnance du Tribunal Administratif de LILLE en date</line>
<line>du 2 janvier 1992 désignant M. Pierre HALLIEZ en qualité de commissaire</line>
<line>enquêteur ;</line></par>
<par>
<line>VU l'arrêté préfectoral 594 du 2 janvier 1992</line></par>
<par>
<line>rendant public le Plan d'Exposition aux risques naturels de la commune de</line></par>
<par>
<line>RONCHIN et prescrivant l'ouverture d'une enquête publique</line></par>
<par>
<line>sur les dispositions du projet ci-dessus visé ;</line></par>
<par>
<line>VU les documents constatant l'accomplissement des formalités</line>
<line>de publication et d'affichage de cette décision ;</line></par>
</text>
</block>
<block><region><rect/></region>
<text>
<par>
<line>VU le procès-verbal de l'enquête publique à laquelle il</line>
<line>a été procédé du 10 Février 1992 au 10 Mars 1992 et l'avis du</line>
<line>Commissaire Enquêteur ;</line></par>
</text>
</block>
<block><region><rect/><rect/><rect/><rect/></region>
<text>
<par>
<line>et ^</line></par>
<par>
<line>pris avantvput</line></par>
</text>
</block>
<block><region><rect/></region>
<text>
<par>
<line>^ VLi la délibération du Conseil Municipal de RONCHIN</line>
<line>ication du plan ;</line></par>
</text>
</block>




</page>
<page width="1649" height="2306" resolution="200">
<block><region><rect/></region>
<text>
<par>
<line>.2.</line></par>
</text>
</block>
<block><region><rect/></region>
<text>
<par>
<line>Sur proposition du Chef du Service Interministériel Régional</line>
<line>des Affaires Civiles et Economiques de Défense et de la Protection</line>
<line>Civile ;</line></par>
</text>
</block>
<block><region><rect/></region>
<text>
<par>
<line>ARRETE</line></par>
</text>
</block>
<block><region><rect/></region>
<text>
<par>
<line>ARTICLE 1er : Est approuvé tel qu'il est annexé au présent arrêté, le plan</line>
<line>d'exposition aux risques naturels prévisibles de la Commune de RONCHIN.</line></par>
<par>
<line>ARTICLE II : Le plan d'exposition aux risques naturels prévisibles de</line>
<line>comprend :</line></par>
<par>
<line>1°) - un rapport de présentation</line>
<line>2°) - des plans à l'échelle 1/5 OOOème</line>
<line>3°) - un règlement</line></par>
<par>
<line>ARTICLE IXI : Il est tenu a la disposition du public aux jours et heures</line>
<line>habituels d'ouverture des bureaux :</line></par>
<par>
<line>1“) - A la Mairie de RONCHIN</line></par>
<par>
<line>2°) - Dans les services de la Préfecture</line></par>
<par>
<line>SIR-ACED.PC. - 54 rue Jean Sans Peur à LILLE</line></par>
<par>
<line>J") - A la Direction Départementale de l'Equipement</line>
<line>44 rue de Tournai à LILLE</line></par>
<par>
<line>4*") - Au service d ' Inspection'des Carrières Souterraines</line>
<line>50 Boulevard J. Breguet à DOUAI</line></par>
<par>
<line>5*“) - A la Direction Départementale de l'Agriculture et de</line>
<line>la'Forêt</line></par>
<par>
<line>Cité Administrative - 59048 LILLE CEDEX</line></par>
<par>
<line>ARTICLE IV : Le présent arrêté sera publié au recueil des actes administratifs</line>
<line>et mention en sera faite en caractères apparents dans les deux journaux ci-</line>
<line>après désignés : LA *VOIX DU NORD et NORD-ECLAIR.</line></par>
</text>
</block>






</page>
<page width="1624" height="2289" resolution="200">
<block><region><rect/></region>
<text>
<par>
<line>.3.</line></par>
</text>
</block>
<block><region><rect/></region>
<text>
<par>
<line>ARTICLE V : Cet avis sera affiché notamment en Mairie de RONCHIN et</line></par>
<par>
<line>porté à la connaissance du public par tout autre procédé èn usage dans la</line>
<line>commune de RONCHIN ; les mesures de publicité seront justifiées</line></par>
<par>
<line>par un certificat du Maire et un exemplaire des journaux sera annexé au</line>
<line>dossier principal.</line></par>
</text>
</block>
<block><region><rect/></region>
<text>
<par>
<line>ARTICLE VI ; Ampliation du présent arrêté sera adressée :</line></par>
<par>
<line>1°) - au Maire de la commune de RONCHIN</line></par>
<par>
<line>2°) - auxmembres du groupe de travail chargé de l'instruction</line>
<line>du dossier P.E.R.</line></par>
<par>
<line>3°) - au délégué aux risques majeurs.</line></par>
</text>
</block>
<block><region><rect/></region>
<text>
<par>
<line>ARTICLE VII : Monsieur le Secrétaire Général de la Préfecture, Monsieur le</line>
<line>Directeur de Cabinet, Monsieur le Chef du Service Interministériel Régional</line>
<line>des Affaires Civiles et Economiques de Défense et de la Protection Civile sont</line>
<line>chargés chacun en ce qui le concerne de l'exécution du présent arrêté.</line></par>
</text>
</block>
<block><region><rect/></region>
<text>
<par>
<line>Fait à LILLE, le</line></par>
</text>
</block>
<block><region><rect/></region>
<text>
<par>
<line>SEP. 1QS2</line></par>
</text>
</block>
<block><region><rect/><rect/><rect/><rect/></region>
<text>
<par>
<line>Pour ampüntion'</line>
<line>DireciCAiï do Fu-ctecturé,^</line>
<line>Phef du Slï^ÇED. PC,-</line></par>
</text>
</block>
<block><region><rect/></region>
<text>
<par>
<line>Jean-Claude AUROUSSEAU</line></par>
</text>
</block>
<block><region><rect/></region>
<text>
<par>
<line>ûflbert HURBES</line></par>
</text>
</block>





</page>
</PM1>