<?xml version="1.0" encoding="UTF-8"?><PM1>
<page width="1654" height="2339" resolution="200">
<block><region><rect/></region>
<text>
<par>
<line>Liberté • Égalité • Fraternité</line></par>
<par>
<line>RÉPUBLIQUE Française</line>
<line>PRÉFECTURE DU TARN</line></par>
</text>
</block>
<block><region><rect/></region>
<text>
<par>
<line>DIRECTION DÉPARTEMENTALE</line>
<line>DES TERRITOIRES</line></par>
<par>
<line>Service eau environnement et urbanisme</line>
<line>Pôle risques, environnement, urbanisme</line>
<line>Bureau prévention des risques</line></par>
</text>
</block>
<block><region><rect/><rect/></region>
<text>
<par>
<line>Arrêté du 3 0</line></par>
<par>
<line>portant approbation du plan de prévention des risques naturels prévisibles</line>
<line>concernant le risque « inondation » sur le bassin versant du Dadou</line></par>
</text>
</block>
<block><region><rect/></region>
<text>
<par>
<line>Le préfet du Tarn,</line></par>
<par>
<line>Chevalier de la Légion d’honneur,</line>
<line>Chevalier de l’ordre national du Mérite,</line></par>
</text>
</block>
<block><region><rect/></region>
<text>
<par>
<line>Vu le code de l’environnement et notamment ses articles L562-1 à L562-9 et R562-1 à</line>
<line>R562-10 relatifs aux plans de prévention des risques naturels prévisibles ;</line></par>
<par>
<line>Vu le code de l’urbanisme et notamment son article L126-1 ;</line></par>
<par>
<line>Vu l’arrêté préfectoral du 24 novembre 2006 portant prescription de l’élaboration du plan</line>
<line>de prévention des risques naturels prévisibles concernant le risque « inondation » sur le</line>
<line>bassin versant du Dadou ;</line></par>
<par>
<line>Vu l’arrêté préfectoral du 12 mai 2010 prescrivant l’ouverture de l’enquête publique</line>
<line>préalable à l’établissement du plan de prévention des risques naturels prévisibles</line>
<line>concernant le risque « inondation » sur le bassin versant du Dadou ;</line></par>
<par>
<line>Vu l’avis favorable de la chambre d’agriculture du Tarn en date du 22 mars 2010 ;</line></par>
<par>
<line>Vu l’avis réputé favorable du centre régional de la propriété forestière Midi Pyrénées ;</line></par>
<par>
<line>Vu l’avis favorable, assorti de réserves et de recommandations, émis par la commission</line>
<line>d’enquête dans les conclusions de son rapport en date du 2 août 2010 ;</line></par>
<par>
<line>Vu le décret du Président de la République du 29 septembre 2011 portant nomination de</line>
<line>Monsieur Jean-Marc FALCONE en qualité de préfet du Tarn ;</line></par>
<par>
<line>Vu l’analyse du rapport de l’enquête publique du PPRi Dadou produit par la directi'ice</line>
<line>départementale des territoires du 23 mars 2012 ;</line></par>
</text>
</block>
<block><region><rect/></region>
<text>
<par>
<line>81013 ALBICedex 09 - standard: 05 63 45 61 61 - FAX: 05 63 45 60 20</line>
<line>www.tam.pref.gouv.fr</line></par>
</text>
</block>


</page>
<page width="1654" height="2339" resolution="200">
<block><region><rect/></region>
<text>
<par>
<line>-2-</line></par>
</text>
</block>
<block><region><rect/></region>
<text>
<par>
<line>Considérant que le PPRi Dadou a fait l’objet d’études complémentaires conformes à la</line>
<line>demande formulée par la commission d’enquête, dans ses conclusions du 2 août 2010 ;</line></par>
<par>
<line>Considérant que ces nouveaux éléments ont été pris en compte dans les conditions précisées</line>
<line>dans l’analyse du rapport de l’enquête publique produit par la directrice départementale des</line>
<line>territoires le 23 mars 2012, visées ci-dessus ;</line></par>
<par>
<line>Sur proposition de la secrétaire générale de la préfecture du Tarn,</line></par>
<par>
<line>Arrête</line></par>
<par>
<line>Article 1®'’ - Le plan de prévention du risque naturel prévisible « inondation » sur le bassin</line>
<line>versant du Dadou est approuvé.</line></par>
<par>
<line>Les pièces du dossier, prévues à l’article R562-3 du code de l’environnement, sont annexées</line>
<line>au présent arrêté.</line></par>
<par>
<line>Article 2 - Le plan de prévention du risque naturel prévisible « inondation » sur le bassin</line>
<line>versant du Dadou concerne les communes suivantes : Alban, Ambres, Arifat, Briatexte,</line>
<line>Brousse, Busqué, Cadalen, Curvalle, Dénat, Fauch, Le Fraysse, Fréjairolles, Giroussens,</line>
<line>Graulhet, Labastide-Dénat, Labessière-Candeil, Laboutarié, Lacaze, Lamillarié, Lasgraisses,</line>
<line>Lautrec, Lombers, Le Masnau-Massaguiès, Massais, Miolles, Montdragon, Montredon-</line>
<line>Labessonnié, Mont-Roc, Mouzieys-Teulet, Orban, Parisot, Paulinet, Peyrole, Poulan-Pouzols,</line>
<line>Puybegon, Rayssac, Réalmont, Ronel, Roumegoux, Saint Antonin-de-Lacalm, Saint Gauzens,</line>
<line>Saint Genest-de-Contest, Saint Julien-du-Puy, Saint Lieux-Lafenasse, Saint Pierre-de-Trivisy,</line>
<line>St Salvi-de-Carcavès, Sieurac, Teillet, Terre-Clapier, Le Travet, Vabre, Vénès, Villefranche-</line>
<line>d’Albigeois.</line></par>
<par>
<line>Article 3 - Le plan de prévention du risque naturel prévisible « inondation » sur le bassin</line>
<line>versant du Dadou, étant une servitude d’utilité publique au titre de la sécurité publique, sera</line>
<line>annexé, conformément à l’article L126-1 du code de l’urbanisme, aux documents</line>
<line>d’urbanisme des communes concernées dans un délai de trois mois à compter de la</line>
<line>notification du présent arrêté au maire de chacune des communes citées à l’article 2.</line></par>
<par>
<line>Article 4 - Une copie du présent arrêté sera affichée pendant au moins un mois à partir de la</line>
<line>date de réception de la notification du présent arrêté dans les mairies des communes citées à</line>
<line>l’article 2. Mention en sera faite dans le journal local «la Dépêche du Midi ».</line></par>
<par>
<line>Article 5 - Une copie du présent arrêté sera adressée à :</line></par>
<par>
<line>- Monsieur le sous-préfet de Castres,</line></par>
<par>
<line>- Mesdames et Messieurs les maires des communes citées à l’article 2,</line></par>
<par>
<line>- Mesdames et Messieurs les présidents des établissements publics de coopération</line>
<line>intercommunale (EPCI) cités à l’article 6,</line></par>
<par>
<line>- Monsieur de directeur régional de l’environnement, de l’aménagement et du logement</line>
<line>de Midi Pyrénées,</line></par>
<par>
<line>- Madame la directrice départementale des territoires du Tarn.</line></par>
<par>
<line>Article 6 - Une copie du présent arrêté sera tenue à la disposition du public dans les locaux ;</line>
<line>des mairies des communes concernées,</line></par>
</text>
</block>

</page>
<page width="1654" height="2339" resolution="200">
<block><region><rect/></region>
<text>
<par>
<line>-3-</line></par>
</text>
</block>
<block><region><rect/></region>
<text>
<par>
<line>- des établissements publics de coopération intercommunale suivants qui ont la</line>
<line>compétence pour l’élaboration des documents d’urbanisme sur le territoire desquels le</line>
<line>plan est applicable :</line></par>
<par>
<line>• communauté de communes des Vais et Plateaux des Monts de Lacaune (3</line>
<line>place de la mairie 81330 Vahre),</line></par>
<par>
<line>• syndicat mixte du SCOT du Grand Albigeois (parc François Mitierand 81160</line>
<line>Saint Juery),</line></par>
<par>
<line>• syndicat mixte du pays du Vignoble Gaillacois, Bastides et Val Dadou (abbaye</line>
<line>Saint Michel 81600 Gaillac),</line></par>
<par>
<line>• syndicat mixte du SCOT du Vaurais (rond point de gabor 81370 Saint</line>
<line>Sulpice),</line></par>
<par>
<line>- de la préfecture du Tarn ( bureau de l'environnement et des affaires foncières-</line>
<line>direction des libertés publiques et des collectivités territoriales - place de la</line>
<line>préfecture- 81013 Albi Cédex 09)^</line></par>
<par>
<line>- de la sous préfecture de Castres ( bureau du développement durable des territoires -</line>
<line>16 boulevard Georges Clémenceau - 81108 Castres Cédex),</line></par>
<par>
<line>- de la direction départementale des territoires du Tarn ( bureau prévention des risques</line>
<line>19 f'ue de Ciron 81013 Albi Cédex 9).</line></par>
<par>
<line>Article 7- La secrétaire générale de la préfecture du Tarn, le sous-préfet de Castres, la</line>
<line>directrice départementale des territoires du Tarn, les maires des communes concernées sont</line>
<line>chargés, chacun en ce qui les concerne, de l’exécution du présent arrêté qui sera publié au</line>
<line>recueil des actes administratifs de la préfecture du Tarn.</line></par>
</text>
</block>
<block><region><rect/></region>
<text>
<par>
<line>Albi, le Î3 fi MARS 201?</line></par>
<par>
<line>\</line></par>
</text>
</block>
<block><region><rect/></region>
<text>
<par>
<line>Le préfet.</line></par>
</text>
</block>
<block><region><rect/></region>
<text>
<par>
<line>n-Marc</line></par>
</text>
</block>
<block><region><rect/></region>
<text>
<par>
<line>Délais et voies de recours - La présente décision peut faire l’objet d’un recours contentieux devant le</line>
<line>tribunal administratif de Toulouse dans les deirx mois à compter de sa notification ou de sa</line>
<line>publication.</line></par>
</text>
</block>




</page>
</PM1>