<?xml version="1.0" encoding="UTF-8"?><PM1>
<page width="1686" height="2361" resolution="200">
<block><region><rect/></region>
<text>
<par>
<line>SECRETARIAT GENERAL</line></par>
</text>
</block>
<block><region><rect/></region>
<text>
<par>
<line>Lih£Tié'‘ Égalité • Fratemiié</line></par>
<par>
<line>RÉPUBUQyS FRANÇAISE</line></par>
</text>
</block>
<block><region><rect/></region>
<text>
<par>
<line>PREFECTURE</line></par>
<par>
<line>DE LA REGION GUADELOUPE.</line></par>
</text>
</block>
<block><region><rect/></region>
<text>
<par>
<line>Direction de T administration</line>
<line>Générale et de la Réglementation</line></par>
</text>
</block>
<block><region><rect/></region>
<text>
<par>
<line>Bureau de TUrbanisme,</line></par>
<par>
<line>de rEnvironnement elrdii Cadre</line></par>
<par>
<line>de*-Vie</line></par>
</text>
</block>
<block><region><rect/></region>
<text>
<par>
<line>N® 2007 -</line></par>
</text>
</block>
<block><region><rect/></region>
<text>
<par>
<line>AD/I/4--</line></par>
</text>
</block>
<block><region><rect/></region>
<text>
<par>
<line>ARRETE</line></par>
<par>
<line>PORTANT APPROBATION DU PLAN DE PREVENTION DES</line>
<line>RISQUES NATURELS PREVISIBLES POUR LA COMMUNE DE</line></par>
<par>
<line>DESHAIES</line></par>
</text>
</block>
<block><region><rect/></region>
<text>
<par>
<line>********** *:</line></par>
<par>
<line>LE PRÉFET DE LA GUADELOUPE</line>
<line>CHEVALIER DE LA LÉGION D^HONNEUR</line></par>
<par>
<line>VU le Code de ^Environnement, et notamment le livre V, titre Vï sur la prévention des</line>
<line>risques naturels ;</line></par>
<par>
<line>VU le Code de l'urbanisme ;</line></par>
<par>
<line>VU le code de îa construction et de Thabitation, notamment son article 111-4 ;</line></par>
<par>
<line>VU le code de l'expropriation pour cause d'utilité publique ;</line></par>
<par>
<line>VU le Code forestier ;</line></par>
<par>
<line>VU le Code pénal ;</line></par>
<par>
<line>VU le Code de procédure pénale ;</line></par>
<par>
<line>VU le Code civil ;</line></par>
</text>
</block>
















</page>
<page width="1654" height="2339" resolution="200">
<block><region><rect/></region>
<text>
<par>
<line>vu îë Code général des collectivités territoriales ;</line></par>
<par>
<line>VU le Code des assurances ;</line></par>
<par>
<line>VU le décret n°90- 918 du 11 octobre 1990^ relatif à Texerciee du droit à-Finforroation sur</line>
<line>les risques majeurs modifié par le'décret n®2Ô04-554 du 9‘juin2004 ;</line></par>
<par>
<line>VU le décret n°91-461 du 14 mai 1991 relatif à la prévention du risque sisimque modifié par</line>
<line>le décret n°2004 -1413 du-23 décembre 2^004 ;</line></par>
<par>
<line>VU le décret n°95-630 du 5 mai 1995 relatif au commissionnement et à fassermentation</line>
<line>d’agents^habilités à rediercher et à constater les iniSractions à-Ia-loi n®92-3 du 3 janvier</line>
<line>Ï992-sur f eau ;</line></par>
<par>
<line>Vü le dé&lt;^et n®95-1089 du 5 octobre 1995-Telarif auît plans' de prévention- des risques-</line>
<line>naturels prévisibles modifié par le décret n°2005-3 du 5 janvier 2005</line></par>
</text>
</block>
<block><region><rect/></region>
<text>
<par>
<line>Vü llarrêté préfectoral n'’2006-150 AD/l/4-dU'02 février 2006-prescrivant l’ouverture d’une</line>
<line>enquête publique relative au plan de prévention des risques naturels prévisibles sur le</line>
<line>territoire de la commune de DESHAIES ;</line></par>
<par>
<line>VÜ l’avis favorable, émis le 20 juin 2005 par le Conseil Municipal de Deshaies ;</line></par>
<par>
<line>Vü le rapport et les conclusions motivées du commissaire enquêteur Mme Fatima NAVES</line>
<line>qui a mené l’enquête publique qm s’est déroulée du 07 mars 2006 au 04 avril 2006</line>
<line>inclus ;</line></par>
</text>
</block>
<block><region><rect/></region>
<text>
<par>
<line>Vü le rapport dû Directeur DépartementaHe l’Equipementjjnstructeundu projet ;</line></par>
</text>
</block>
<block><region><rect/></region>
<text>
<par>
<line>SÜR proposition du Secrétaire-Génà-ai de la Préfecture</line></par>
</text>
</block>
<block><region><rect/></region>
<text>
<par>
<line>AERETE</line></par>
</text>
</block>
<block><region><rect/></region>
<text>
<par>
<line>ARTICLE 1 :</line></par>
</text>
</block>
<block><region><rect/></region>
<text>
<par>
<line>I - Est approuvé, tel qu’il est annexé au présent arrêté, le Plan de Prévention des Risques</line>
<line>Naturels Prévisibles de la commune de DESHAIES.</line></par>
</text>
</block>
<block><region><rect/></region>
<text>
<par>
<line>n - Le P.P.R.N se présente sous forme d’un dossier comportant 4 pièces :</line></par>
<par>
<line>• 1) Règlement</line></par>
<par>
<line>• 2) Carte de zonage ré^ementaire</line></par>
<par>
<line>• 3) Rapport de présentation</line></par>
<par>
<line>-•—4)-Atias-cartographique-</line></par>
</text>
</block>









</page>
<page width="1681" height="2358" resolution="200">
<block><region><rect/></region>
<text>
<par>
<line>XS"- H est tenu à la disposition du public tous les jours ouvrables et aux heures habituelles</line>
<line>d^’ouverture des-bureaux :</line></par>
<par>
<line>- à la mairie de Deshaies ;</line></par>
<par>
<line>- à la Préfecture de la Guadeloupe</line></par>
</text>
</block>
<block><region><rect/></region>
<text>
<par>
<line>ARTICLE 2 r</line></par>
</text>
</block>
<block><region><rect/></region>
<text>
<par>
<line>Le Plan de Prévention des Risques Naturels Prévisibles delà commune de DESHAÎES sera</line>
<line>notifié à madame le Député-Maire de Deshaies en vue de -son annexion au document</line>
<line>d’urbanisme de-la commune pour sa prise en compte lors de la délivrance des^utorisations de</line>
<line>construire.</line></par>
<par>
<line>ARTI(XE3:</line></par>
</text>
</block>
<block><region><rect/></region>
<text>
<par>
<line>Ampliatbn du présent arrêté sera adressé à :</line></par>
<par>
<line>- M. le Sous-préfet de rarrondissement de Basse-Terre</line></par>
<par>
<line>- Mme le Député- Maire de la commune de Deshaies</line></par>
<par>
<line>- M. le Directeur Départemental de TEquipement</line></par>
<par>
<line>- M. le Directeur Régional de TEnvironnement</line></par>
</text>
</block>
<block><region><rect/></region>
<text>
<par>
<line>ARTICLE 4 :</line></par>
<par>
<line>Le Secrétaire Général de la Préfecture, le Directeur de Cabinet, le Député-Maire</line>
<line>de la commune de Deshaies, le Directeur Départemental de l’Equipement, le Directeur</line>
<line>Régional de l’Environnement, sont chargés en ce qui les concerne de l’exécution du présent</line>
<line>arrêté qui sera publié au recueil des actes administratifs de la Préfecture.</line></par>
</text>
</block>
<block><region><rect/></region>
<text>
<par>
<line>Basse-Terrè le 1 ^</line></par>
</text>
</block>
<block><region><rect/><rect/></region>
<text>
<par>
<line>LE PREEE%, iè l&amp;Secrétaire Général</line></par>
</text>
</block>
<block><region><rect/></region>
<text>
<par>
<line>Vif</line></par>
</text>
</block>
<block><region><rect/></region>
<text>
<par>
<line>Vvôîl ALAIN</line></par>
</text>
</block>
<block><region><rect/></region>
<text>
<par>
<line>A.K-^'LU-Tr0î1</line></par>
</text>
</block>
<block><region><rect/></region>
<text>
<par/>
</text>
</block>
<block><region><rect/></region>
<text>
<par/>
</text>
</block>
<block><region><rect/></region>
<text>
<par>
<line>'</line></par>
</text>
</block>
<block><region><rect/></region>
<text>
<par>
<line>J &amp;</line></par>
</text>
</block>
<block><region><rect/></region>
<text>
<par>
<line>d-ifr^SEAU</line></par>
</text>
</block>
<block><region><rect/></region>
<text>
<par>
<line>.(ÙËü «iieir. '</line></par>
</text>
</block>
















</page>
</PM1>