<?xml version="1.0" encoding="UTF-8"?><PM1>
<page width="1653" height="2336" resolution="200">
<block><region><rect/></region>
<text>
<par>
<line>Liberté • Egalité • Fraternité</line>
<line>RÉPUBLIQUE FRANÇAISE</line></par>
<par>
<line>PRÉFET DE L'AIN</line></par>
</text>
</block>
<block><region><rect/></region>
<text>
<par>
<line>Direction départementale des territoires</line></par>
</text>
</block>
<block><region><rect/></region>
<text>
<par>
<line>Service Urbanisme Risques</line></par>
</text>
</block>
<block><region><rect/></region>
<text>
<par>
<line>Unité Prévention des Risques</line></par>
</text>
</block>
<block><region><rect/></region>
<text>
<par>
<line>ARRÊTÉ</line></par>
<par>
<line>portant approbation du plan de prévention des risques</line>
<line>"inondation de l'Albarine et de ses affluents"</line>
<line>sur la commune de CHALEY</line></par>
</text>
</block>
<block><region><rect/></region>
<text>
<par>
<line>Le préfet de l'Ain</line></par>
</text>
</block>
<block><region><rect/></region>
<text>
<par>
<line>Vu le code de l'environnement, notamment ses articles L.125&gt;5, L.562-1 à L.562-9, R.125-23</line>
<line>à R.125-27, R.562-1 à R.562-10, R.563-1 à R.563-8 et D.563-8-1 ;</line></par>
<par>
<line>Vu la loi 82-600 du 13 juillet 1982 relative à l'indemnisation des victimes des catastrophes</line>
<line>naturelles ;</line></par>
<par>
<line>Vu l'arrêté préfectoral du 06 mars 2009 modifiant l’arrêté préfectoral n° 2006-41 du 15 février</line>
<line>2006 mis à jour le 25 juin 2015 relatif à l'information des acquéreurs et des locataires de biens</line>
<line>immobiliers sur les risques majeurs sur la commune de Chaley ;</line></par>
<par>
<line>Vu l'arrêté du préfet coordonnateur de bassin Rhône-Méditerranée du 7 décembre 2015</line>
<line>portant approbation du plan de gestion des risques d'inondation 2016-2021 du bassin Rhône-</line>
<line>Méditerranée :</line></par>
<par>
<line>Vu l'arrêté préfectoral du 11 mai 2016 prescrivant le plan de prévention des risques</line>
<line>"inondation de l'Albarine et de ses affluents" sur la commune de Chaley ;</line></par>
<par>
<line>Vu l'arrêté préfectoral du 17 mai 2016 relatif à l'information des acquéreurs et des locataires</line>
<line>(lAL) de biens immobiliers sur les risques naturels et technologiques majeurs et abrogeant</line>
<line>l'arrêté n°IAL2011_01 du 19 avril 2011 ;</line></par>
<par>
<line>Vu l'arrêté préfectoral du 2 août 2016 prescrivant l'ouverture d'une enquête publique sur le</line>
<line>plan de prévention des risques "inondation de l'Albarine et de ses affluents" sur la commune</line>
<line>de Chaley ;</line></par>
<par>
<line>Vu la circulaire du 30 avril 2002 relative à la politique de l’État en matière de risques naturels</line>
<line>prévisibles et de gestion des espaces situés derrière les digues de protection contre les</line>
<line>inondations et les submersions marines ;</line></par>
<par>
<line>Vu le rapport et l'avis favorable du commissaire enquêteur du 19 novembre 2016 à l'issue de</line>
<line>l'enquête publique qui s’est déroulée du 20 septembre 2016 au 20 octobre 2016 ;</line></par>
<par>
<line>Vu l'avis favorable du conseil municipal de Chaley du 27 juillet 2016 ;</line></par>
<par>
<line>Vu l'avis favorable du syndicat intercommunal d'aménagement du bassin versant de l'Albarine</line>
<line>du 18 août 2016 ;</line></par>
<par>
<line>Vu l'avis favorable de la chambre d'agriculture du 31 août 2016 ;</line></par>
<par>
<line>Vu l’avis réputé favorable de la communauté de communes de la vallée de l'Albarine ;</line></par>
</text>
</block>

</page>
<page width="1653" height="2336" resolution="200">
<block><region><rect/></region>
<text>
<par>
<line>Vu l'avis réputé favorable du centre national de la propriété forestière ;</line>
<line>Sur proposition du directeur départemental des territoires ;</line></par>
</text>
</block>
<block><region><rect/></region>
<text>
<par>
<line>ARRÊTE</line></par>
</text>
</block>
<block><region><rect/></region>
<text>
<par>
<line>Article 1®'</line></par>
<par>
<line>Est approuvé, tel qu'il est annexé au présent arrêté, le plan de prévention des risques "inondation</line>
<line>de l'Albarine et de ses affluents" sur la commune de Chaley.</line></par>
<par>
<line>Article 2</line></par>
<par>
<line>Le plan se compose d'un dossier comprenant une note synthétique de présentation, un rapport de</line>
<line>présentation, une carte des aléas, une carte des enjeux, un plan de zonage réglementaire et un</line>
<line>règlement.</line></par>
<par>
<line>Le plan est tenu à la disposition du public ;</line></par>
<par>
<line>• à la mairie de Chaley,</line></par>
<par>
<line>• à la direction départementale des territoires de l'Ain,</line></par>
<par>
<line>• à la sous-préfecture de Belley,</line></par>
<par>
<line>• à la préfecture de l'Ain,</line></par>
<par>
<line>• sur le site internet des services de l’État dans l'Ain (www.ain.Qouv.fr).</line></par>
<par>
<line>Article 3</line></par>
<par>
<line>Les éléments nécessaires à l'établissement de l'état des risques destiné à l’information sur les</line>
<line>risques naturels et technologiques majeurs des acquéreurs et des locataires de biens immobiliers</line>
<line>situés sur la commune de Chaley, et consignés dans le dossier communal d’information sur les</line>
<line>risques, annexé à l'arrêté n° 2006-41 du 15 février 2006, modifié le 6 mars 2009 et mis à jour le 11</line>
<line>mai 2016, sont modifiés en conséquence de la présente approbation.</line></par>
<par>
<line>Le directeur départemental des territoires est chargé de ces modifications qui sont transmises ;</line></par>
<par>
<line>• à la préfecture,</line></par>
<par>
<line>• à la sous-préfecture de Belley,</line></par>
<par>
<line>• au maire de Chaley,</line></par>
<par>
<line>• à la chambre départementale des notaires.</line></par>
<par>
<line>Les éléments du dossier communal d'information sur les risques sont consultables sur le site</line>
<line>Internet de l'État dans l'Ain (www.ain.gouv.fr) et le dossier est tenu à la disposition du public :</line></par>
<par>
<line>• a la mairie de Chaley,</line></par>
<par>
<line>• à la préfecture de l'Ain,</line></par>
<par>
<line>• à la sous-préfecture de Belley.</line></par>
<par>
<line>Article 4</line></par>
<par>
<line>Le plan de prévention des risques vaut servitude d'utilité publique en application de l'article L.562-4</line>
<line>du code de l'environnement.</line></par>
<par>
<line>Article 5</line></par>
<par>
<line>Le présent arrêté est publié au recueil des actes administratifs de la préfecture et mention en est</line>
<line>faite en caractères apparents dans le journal ci-après désigné "La Voix de l'Ain". Un exemplaire du</line>
<line>journal est annexé au présent arrêté.</line></par>
<par>
<line>Cet arrêté est également affiché en mairie de Chaley, pendant au moins un mois et porté à la</line>
<line>connaissance du public par tout autre procédé en usage dans la commune. Cette mesure de</line>
<line>publicité est justifiée par un certificat du maire.</line></par>
</text>
</block>
<block><region><rect/></region>
<text>
<par>
<line>2/3</line></par>
</text>
</block>

</page>
<page width="1653" height="2336" resolution="200">
<block><region><rect/></region>
<text>
<par>
<line>Artfcie 6</line></par>
<par>
<line>Des copies du présent arrêté sont adressées :</line></par>
<par>
<line>• au maire de Chaley,</line></par>
<par>
<line>• au président de la communauté de communes de la vallée de l'Albarine,</line></par>
<par>
<line>• au président du syndicat intercommunal d’aménagement du bassin versant de</line>
<line>l'Albarine,</line></par>
<par>
<line>• à la directrice régionale de l'environnement, de l'aménagement et du logement Auvergne-</line>
<line>Rhône-Alpes,</line></par>
<par>
<line>• au président de la chambre départementale d’agriculture,</line></par>
<par>
<line>• au président du centre national de la propriété forestière,</line></par>
<par>
<line>• au directeur départemental des territoires de l'Ain.</line></par>
<par>
<line>Article 7</line></par>
<par>
<line>Tout recours à l'encontre du présent arrêté peut être porté devant le tribunal administratif de Lyon</line>
<line>dans un délai de deux mois à compter de l'exécution de l'ensemble des formalités de publicité.</line>
<line>Dans ce même délai, un recours gracieux ou un recours hiérarchique peut être présenté</line>
<line>respectivement devant l'auteur de la présente décision ou auprès du ministre en charge de la</line>
<line>prévention des risques naturels et technologiques. Dans ce cas, le recours contentieux peut alors</line>
<line>être introduit dans les deux mois suivant la réponse (le silence gardé pendant les deux mois suivant</line>
<line>le recours gracieux emporte rejet de cette demande).</line></par>
<par>
<line>Article 8</line></par>
<par>
<line>La secrétaire générale de la préfecture, la sous-préfète de Belley, le maire de Chaley et le directeur</line>
<line>départemental des territoires sont chargés, chacun en ce qui le concerne, de l'exécution du présent</line>
<line>arrêté.</line></par>
</text>
</block>
<block><region><rect/><rect/></region>
<text>
<par>
<line>A Bourg-en-Bresse, le 27 DEC. 2015</line>
<line>Le préfet</line></par>
</text>
</block>
<block><region><rect/></region>
<text>
<par/>
</text>
</block>
<block><region><rect/></region>
<text>
<par>
<line>FArhjïûd COCHET'</line></par>
</text>
</block>
<block><region><rect/></region>
<text>
<par>
<line>3/3</line></par>
</text>
</block>
</page>
</PM1>