<?xml version="1.0" encoding="UTF-8"?><PM1>
<page width="1653" height="2336" resolution="200">
<block><region><rect/></region>
<text>
<par>
<line>mm</line></par>
<par>
<line>Liberté • Egalité • Fraternité</line></par>
<par>
<line>République française</line>
<line>PRÉFET DE L’AIN</line></par>
</text>
</block>
<block><region><rect/></region>
<text>
<par>
<line>Direction départementale des territoires</line></par>
</text>
</block>
<block><region><rect/></region>
<text>
<par>
<line>Service Prospective Urbanisme Risques</line></par>
</text>
</block>
<block><region><rect/></region>
<text>
<par>
<line>Unité Prévention des Risques</line></par>
</text>
</block>
<block><region><rect/></region>
<text>
<par>
<line>ARRÊTÉ</line></par>
<par>
<line>portant approbation du plan de prévention des risques</line>
<line>"inondations de la Saône"</line></par>
<par>
<line>sur les communes de CORMORANCHE SUR SAONE et GARNERANS</line></par>
<par>
<line>Le préfet de l'Ain,</line></par>
</text>
</block>
<block><region><rect/></region>
<text>
<par>
<line>Vu le code de l'environnement, notamment ses articles L.562-1 à L.562-9, L.125-5, et R.562-1 à R.562-</line>
<line>10, R.563-1 à R.563-8, D.563-8-1, R.125-23 à R.125-27 ;</line></par>
<par>
<line>Vu la loi n° 82-600 du 13 juillet 1982 relative à l'indemnisation des victimes des catastrophes naturelles ;</line></par>
<par>
<line>Vu l'arrêté préfectoral n° IAL2011-01 du 19 avril 2011 relatif à la liste des communes où s'applique l'article</line>
<line>L.125-5 du code de l'environnement ;</line></par>
<par>
<line>Vu l'arrêté préfectoral n° 2006-71 modifié relatif à l'information des acquéreurs et des locataires de biens</line>
<line>immobiliers sur les risques majeurs sur la commune de Cormoranche-sur-Saône ;</line></par>
<par>
<line>Vu l’arrêté préfectoral n° 2006-90 modifié relatif à l'information des acquéreurs et des locataires de biens</line>
<line>immobiliers sur les risques majeurs sur la commune de Garnerans</line></par>
<par>
<line>Vu l'arrêté préfectoral du 26 août 1997 approuvant le plan de prévention des risques d’inondation de la</line>
<line>commune de Cormoranche-sur-Saône ;</line></par>
<par>
<line>Vu l’arrêté préfectoral du 26 décembre 1996 approuvant le plan de prévention des risques d'inondation de</line>
<line>la commune de Garnerans ;</line></par>
<par>
<line>Vu l’arrêté préfectoral du 21 avril 2009 prescrivant la révision des plans de prévention des risques naturels</line>
<line>dans la vallée de la Saône :</line></par>
<par>
<line>Vu l'arrêté préfectoral du 20 mars 2013 prescrivant l'ouverture d'une enquête publique sur le plan de</line>
<line>prévention des risques "inondations de la Saône" des communes de Cormoranche-sur-Saône et</line>
<line>Garnerans ;</line></par>
<par>
<line>Vu le rapport et l'avis du commissaire enquêteur du 7 juin 2013 à l’issue de l’enquête publique à laquelle il</line>
<line>a été procédé du 15 avril 2013 au 17 mai 2013 inclus ;</line></par>
<par>
<line>Vu la délibération du conseil municipal de la commune de Cormoranche-sur-Saône en date du 12 avril</line>
<line>2013 ;</line></par>
<par>
<line>Vu la délibération du conseil municipal de la commune de Garnerans en date du 3 mai 2013 ;</line></par>
<par>
<line>Vu la délibération du conseil communautaire Val de Saône Chalaronne en date du 15 avril 2013 ;</line></par>
<par>
<line>Vu l'avis de monsieur le président de la chambre d'agriculture du 15 mars 2013 ;</line></par>
<par>
<line>Vu l'avis de monsieur le président du centre régional de la propriété forestière du 19 avril 2013 ;</line></par>
<par>
<line>Sur proposition du directeur départemental des territoires,</line></par>
</text>
</block>




</page>
<page width="1665" height="2344" resolution="200">
<block><region><rect/></region>
<text>
<par>
<line>ARRÊTE</line></par>
</text>
</block>
<block><region><rect/></region>
<text>
<par>
<line>Article 1^'</line></par>
<par>
<line>Est approuvé, tel qu’il est annexé au présent arrêté le plan de prévention des risques "inondations de la</line>
<line>Saône" des communes de Cormoranche-sur-Saône et Garnerans;</line></par>
<par>
<line>Ce plan vaut révision des plans de prévention des risques d'inondation de ces communes.</line></par>
<par>
<line>Article 2</line></par>
<par>
<line>Ce plan se compose d'une part d'un dossier général pour les 2 communes comprenant une note</line>
<line>synthétique de présentation, un rapport de présentation, et un règlement ; et d'autre part 2 dossiers</line>
<line>particuliers (un dossier par commune) comprenant chacun une carte des aléas, une carte des enjeux, un</line>
<line>plan de zonage réglementaire</line></par>
<par>
<line>Le plan est tenu à la disposition du public avec l'ensemble des documents de la procédure :</line></par>
<par>
<line>• dans les mairies de Cormoranche-sur-Saône et Garnerans,</line></par>
<par>
<line>• à la préfecture de l'Ain,</line></par>
<par>
<line>• à la DDT de l’Ain.</line></par>
<par>
<line>Article 3</line></par>
<par>
<line>Le présent arrêté est publié au recueil des actes administratifs de la préfecture et mention en est faite en</line>
<line>caractères apparents dans le journal ci-après désigné « Le Progrès ». Un exemplaire du journal est</line>
<line>annexé à la copie du présent arrêté.</line></par>
<par>
<line>Cet avis est affiché notamment dans chacune des mairies de Cormoranche-sur-Saône et Garnerans</line>
<line>pendant un mois et porté à la connaissance du public par tout autre procédé en usage dans ces</line>
<line>communes. Ces mesures de publicité sont justifiées par un certificat de chacun des maires.</line></par>
<par>
<line>Article 4</line></par>
<par>
<line>Les éléments nécessaires à l’établissement de l'état des risques destiné à l’information sur les risques</line>
<line>naturels et technologiques majeurs des acquéreurs et des locataires de biens immobiliers situés dans les</line>
<line>communes de Cormoranche-sur-Saône et Garnerans et consignés dans le dossier communal</line>
<line>d’informations sur les risques, annexé aux arrêtés n° 2006-71, n" 2006-90, modifiés le 21 avril 2009, sont</line>
<line>modifiés en conséquence de la présente approbation.</line></par>
<par>
<line>Le directeur départemental des territoires est chargé de ces modifications qui sont transmises ;</line></par>
<par>
<line>• à la préfecture,</line></par>
<par>
<line>• aux maires des communes de Cormoranche-sur-Saône et Garnerans,</line></par>
<par>
<line>• à la chambre départementale des notaires.</line></par>
<par>
<line>Les éléments du dossier communal d’information sur les risques sont consultables sur le site Internet de</line>
<line>l'Etat dans le département de l'Ain (www.ain.gouv.fr) et le dossier est tenu à la disposition du public ;</line></par>
<par>
<line>1. dans les mairies de Cormoranche-sur-Saône et Garnerans,</line></par>
<par>
<line>2. à la préfecture de l'Ain.</line></par>
<par>
<line>Article 5</line></par>
<par>
<line>En application de l'article R.123-22 du code de l'urbanisme, un arrêté pris par chacun des maires de</line>
<line>Cormoranche-sur-Saône et Garnerans constate qu'il a été procédé à la mise à jour du plan local</line>
<line>d'urbanisme. A défaut d'accomplissement de cette procédure dans le délai de trois mois suivant la</line>
<line>notification du présent arrêté, un arrêté préfectoral procède à cette mise à jour.</line></par>
</text>
</block>
<block><region><rect/></region>
<text>
<par>
<line>Article 6</line></par>
<par>
<line>Des copies du présent arrêté sont adressées :</line></par>
<par>
<line>• aux maires des communes de Cormoranche-sur-Saône et Garnerans,</line></par>
<par>
<line>• au directeur régional de l'environnement, de l’aménagement et du logement,</line></par>
<par>
<line>• au directeur du centre régional de la propriété forestière,</line></par>
<par>
<line>• au président de la chambre d'agriculture,</line></par>
<par>
<line>• au président du conseil général de l'Ain,</line></par>
<par>
<line>• au président de l'établissement public territorial de bassin Saône&amp;Doubs,</line></par>
</text>
</block>
<block><region><rect/></region>
<text>
<par>
<line>2/3</line></par>
</text>
</block>



</page>
<page width="1653" height="2336" resolution="200">
<block><region><rect/></region>
<text>
<par>
<line>• au directeur des Voies Navigables de France,</line></par>
<par>
<line>• à la présidente de la communauté de communes Val de Saône Chalaronne,</line></par>
<par>
<line>• au président de la communauté de communes du canton de Pont de Veyle,</line></par>
<par>
<line>• au directeur départemental des territoires de l’Ain.</line></par>
<par>
<line>Article 7</line></par>
<par>
<line>Le secrétaire général de la préfecture, les maires de Cormoranche-sur-Saône et Garnerans, et le</line>
<line>directeur départemental des territoires sont chargés, chacun en ce qui le concerne de l'exécution du</line>
<line>présent arrêté.</line></par>
</text>
</block>
<block><region><rect/></region>
<text>
<par>
<line>A Bourg-en-Bresse, le</line>
<line>Le préfet,</line></par>
</text>
</block>
<block><region><rect/></region>
<text>
<par>
<line>1 8 JUIL 2013</line></par>
</text>
</block>
<block><region><rect/></region>
<text>
<par>
<line>3/3</line></par>
</text>
</block>


</page>
</PM1>