<?xml version="1.0" encoding="UTF-8"?><PM1>
<page width="1653" height="2338" resolution="200">
<block><region><rect/></region>
<text>
<par>
<line>pm^,_ é3- Qp</line></par>
</text>
</block>
<block><region><rect/></region>
<text>
<par>
<line>Llhertd • ÉgdlUi &gt; Fraiernlté</line>
<line>Rrâ^UQjJB FSANÇAISE</line></par>
</text>
</block>
<block><region><rect/></region>
<text>
<par>
<line>PRIÎFKCTURE DES V()S(.ÎES</line></par>
</text>
</block>
<block><region><rect/></region>
<text>
<par>
<line>Direction Départementale de l'Equipement</line>
<line>des Vosges</line></par>
<par>
<line>Service Urbanisme et Habitat</line></par>
<par>
<line>Bureau Planification et Prévention des Risques</line></par>
</text>
</block>
<block><region><rect/></region>
<text>
<par>
<line>ARRÊTÉ N°1 06/08/DDE</line></par>
<par>
<line>portant approbation</line>
<line>du Plan de Prévention des Risques naturels</line>
<line>« inondations » du Madon-centre</line></par>
<par>
<line>sur les communes de Hagécourt, Valleroy auX Saules, Maroncourt,</line>
<line>Velotte et Tatlgnécourt, Hymont, Vroville, Mattaincourt,</line>
<line>Mirecourt, Poussay, Mazirot, Chauffecourt etAmbacourt,</line></par>
</text>
</block>
<block><region><rect/></region>
<text>
<par>
<line>Le Préfet des Vosges</line>
<line>Chevalier de la Légion d'Honneur</line>
<line>Chevalier de l’Ordre National du Mérite</line></par>
</text>
</block>
<block><region><rect/></region>
<text>
<par>
<line>VU le code de l'environnement, art, L 562-1 à L 562-8 ;</line></par>
<par>
<line>VU le code de l'urbanisme, art. L 126-1 et R 126-1 ;</line></par>
<par>
<line>VU le code de la construction et de l’habitation, art. L 126-1 ;</line></par>
<par>
<line>VU le livre II nouveau du code rural modifié ;</line></par>
<par>
<line>VU la loi n° 82-600 du 13 juillet 1982 modifiée relative à l'indemnisation des victimes de catastrophes</line>
<line>naturelles ;</line></par>
<par>
<line>VU la loi n° 87-565 du 22 juillet 1987 modifiée relative à l'organisation de la sécurité civile, à la protection</line>
<line>de la forêt contre l'incendie et à la prévention des risques majeurs, chapitre IV ;</line></par>
<par>
<line>VU la loi 95-101 du 2 février 1995 relative au renforcement de la protection de l'environnement, chapitre</line>
<line>II, art. 16 ;</line></par>
<par>
<line>VU la loi n° 2003/699 du 30 juillet 2003 relative à la prévention des risques technologiques et naturels et</line>
<line>à la réparation des dommages ;</line></par>
<par>
<line>VU la loi n° 2004-811 du 13 juillet 2004 dite loi de modernisation de la sécurité civile ;</line></par>
</text>
</block>
<block><region><rect/></region>
<text>
<par>
<line>Direction Départementale de l'Equipement des Vosges - 22 à 26 av Dutac 88026 EPINAL CEDEX</line>
<line>Tél. : 03 29 69 12 12 - www.vosges.equipement.gouv.fr</line></par>
</text>
</block>

<block blockType="Picture" blockName="" l="951" t="75" r="1028" b="155"><region><rect/></region>
</block>
</page>
<page width="1653" height="2338" resolution="200">
<block><region><rect/></region>
<text>
<par>
<line>vu le décret n° 95-1089 du 5 octobre 1995 relatif aux Plans de Prévention des Risques Naturels</line>
<line>Prévisibles ;</line></par>
<par>
<line>VU les arrêtés préfectoraux n°2001/804 en date du 14 mars 2001 prescrivant un PPRi sur les communes</line>
<line>de Hagécourt, Ve!otte-et-Tatignécourt, Hymont, Vroviile, Mattaincourt, Mirecourt, Poussay et Ambacourt</line>
<line>et n° 22/05/DDE en date du 07 février 2002 pour les communes de Chauffecourt, Mazirot, Valleroy-aux-</line>
<line>Saules et Maroncourt.</line></par>
<par>
<line>VU l'arrêté préfectoral n° 14/07/DDE du 2 février 2007 rendant immédiatement opposables les</line>
<line>prescriptions du projet initial du PPRi suite à la crue du 3 octobre 2006 ;</line></par>
<par>
<line>VU l'arrêté préfectoral n°185/07/DDE du 24 septembre 2007 portant ouverture de i' enquête publique</line>
<line>relative au PPRi du Madon-centre prévue du 15 octobre au 16 novembre 2007 ;</line></par>
<par>
<line>VU l’avis défavorable de Monsieur M. Gilbert JEANDEL, commissaire-enquêteur, en date du 8 décembre</line>
<line>2007;</line></par>
<par>
<line>VU le rapport du Directeur Départemental de l’Equipement,</line></par>
<par>
<line>CONSIDERANT la nécessité de délimiter les terrains sur lesquels l’occupation ou l'utilisation du sol doit</line>
<line>être réglementée du fait de son exposition aux risques « inondations » sur ces communes,</line></par>
<par>
<line>SUR proposition de la Secrétaire Générale de la Préfecture,</line></par>
</text>
</block>
<block><region><rect/></region>
<text>
<par>
<line>ARRÊTE :</line></par>
</text>
</block>
<block><region><rect/></region>
<text>
<par>
<line>Article</line></par>
<par>
<line>Le Plan de Prévention des Risques « inondations » du Madon-centre sur les 12 communes pré-citées tel</line>
<line>qu'il est annexé au présent arrêté, et comprenant les pièces mentionnées à l’article 2, est approuvé.</line></par>
</text>
</block>
<block><region><rect/></region>
<text>
<par>
<line>Article 2 :</line></par>
<par>
<line>Le dossier réglementaire du PPRi du Madon-centre comprend :</line></par>
<par>
<line>O une note de présentation</line>
<line>0 un règlement</line>
<line>O des documents graphiques.</line></par>
</text>
</block>
<block><region><rect/></region>
<text>
<par>
<line>Article 3 :</line></par>
<par>
<line>Le présent arrêté fera l'objet d'une mention dans le journal local « la Liberté de l'Est »,</line></par>
</text>
</block>




</page>
<page width="1662" height="2345" resolution="200">
<block><region><rect/></region>
<text>
<par>
<line>Article 4 :</line></par>
</text>
</block>
<block><region><rect/></region>
<text>
<par>
<line>Le présent arrêté fera l’objet d’une mention au Recueil des actes administratifs et informations officielles</line>
<line>de la Préfecture des Vosges.</line></par>
<par>
<line>Article 5 :</line></par>
<par>
<line>Copie du présent arrêté sera adressée :</line></par>
<par>
<line>- aux mairies des 12 communes concernées ainsi qu'au siège de la Communauté de Communes de Pays</line>
<line>de Mirecourt, de la Communauté de communes du Pays d'entre Madon et Moselle pour affichage pendant</line>
<line>un mois au minimum et du Sivom de Mirecourt,</line></par>
<par>
<line>L'accomplissement de cette mesure incombe aux maires et aux Présidents des EPCI cités ci-dessus et</line>
<line>est certifié par eux.</line></par>
<par>
<line>Articles :</line></par>
<par>
<line>Le plan approuvé est tenu à la disposition du public dans les Mairies concernées, au siège des EPC!</line>
<line>ainsi qu’en Préfecture.</line></par>
<par>
<line>Article 7 :</line></par>
<par>
<line>Le présent arrêté abroge l'arrêté préfectoral n* 14/07/DDE du 2 février 2007 rendant immédiatement</line>
<line>opposables les prescriptions du projet initiai du PPRi.</line></par>
<par>
<line>Article 8 :</line></par>
<par>
<line>La Secrétaire Générale de la Préfecture, le Directeur Départemental de l’Equipement, les Maires des</line>
<line>communes concernées et les Présidents des EPCI concernés, sont chargés, chacun en ce qui le</line>
<line>concerne, de l’exécution du présent arrêté.</line></par>
</text>
</block>
<block><region><rect/><rect/></region>
<text>
<par>
<line>A Epinal, le 29</line></par>
<par>
<line>Le Préfet,</line></par>
</text>
</block>
<block><region><rect/></region>
<text>
<par>
<line>-/</line></par>
</text>
</block>
<block><region><rect/></region>
<text>
<par>
<line>Albert DUPUY</line></par>
</text>
</block>
<block><region><rect/></region>
<text>
<par>
<line>Copie cerflf*4e h l’original,</line></par>
<par>
<line>Directior nénarr^'.rrentaJs’ d' ’’Eûuipement</line>
<line>le Chef de la Ceimie Planification de la Prévention des Risques</line></par>
<par>
<line>Caude PRESSE</line></par>
</text>
</block>
<block><region><rect/></region>
<text>
<par>
<line>Cette décision peut faire l’objet d'un recours gracieux auprès de mes services dans un délai de 2 mois à compter de sa notification.</line>
<line>Il est également possible de contester cette décision devant le Tribunal Administratif dans les mêmes conditions de délai (’)</line></par>
</text>
</block>







</page>
</PM1>