<?xml version="1.0" encoding="UTF-8"?><PM1>
<page width="1653" height="2336" resolution="200">
<block><region><rect/></region>
<text>
<par>
<line>mm</line></par>
<par>
<line>Liber(à • Egalité • Eralernité</line></par>
<par>
<line>RÉPUBLIQUE Française</line></par>
<par>
<line>PRÉFET DES ALPES-DE-HAUTE-PROVENCE</line></par>
</text>
</block>
<block><region><rect/></region>
<text>
<par>
<line>Digne-les-Bains, le | ïfipf</line></par>
<par>
<line>DIRECTION DEPARTEMENTALE DES TERRITOIRES î</line></par>
<par>
<line>Service Environnement Risques</line>
<line>Pôle Risques</line></par>
</text>
</block>
<block><region><rect/></region>
<text>
<par>
<line>ARRÊTÉ PRÉFECTORAL N” 2014 '^fo-0=igC</line>
<line>portant approbation du plan de prévention des risques naturels</line>
<line>prévisibles de la commune des THUÏLES</line></par>
</text>
</block>
<block><region><rect/></region>
<text>
<par>
<line>LE PRÉFET DES ALPES-DE-HAUTE-PROVENCE</line>
<line>Chevalier de la Légion d’Honneur</line>
<line>Officier de l’ordre national du Mérite</line></par>
</text>
</block>
<block><region><rect/></region>
<text>
<par>
<line>VU le code de l’environnement et notamment ses articles L 562-1 à L 562-9 et R 562-1</line>
<line>à R 562-10-2 relatifs aux plans de prévention des risques naturels prévisibles ;</line></par>
<par>
<line>VU le code de l’urbanisme et notamment son article L 126-1 ;</line></par>
<par>
<line>VU le code de la construction et de l’habitation ;</line></par>
<par>
<line>VU le code des assurances ;</line></par>
<par>
<line>VU la loi n° 2000-321 du 12 avril 2000 relative aux droits des citoyens dans leurs relations</line>
<line>avec les administrations ;</line></par>
<par>
<line>VU la loi n° 2004-811 du 13 août 2004 de modernisation de la sécurité civile, modifiée par</line>
<line>l’ordonnance n°2012-351 du 12 mars 2012;</line></par>
<par>
<line>VU la loi n° 2010-788 du 12 juillet 2010 portant engagement national pour l’environnement,</line>
<line>notamment son article 222 ;</line></par>
<par>
<line>VU le décret n° 95-1089 du 5 octobre 1995, modifié par le décret n° 2005-3 du 4 janvier 2005</line>
<line>relatif aux plans de prévention des risques naturels prévisibles ;</line></par>
<par>
<line>VU le décret n° 2004-374 du 29 avril 2004 modifié relatif aux pouvoirs des préfets, à</line>
<line>l’organisation et à l’action des services de l’État dans les régions et les départements ;</line></par>
<par>
<line>VU le décret de M. le président de la République en date du 14 mars 2013, nommant Mme</line>
<line>Patricia WILLAERT, Préfet des Alpes-de-Haute-Provence ;</line></par>
<par>
<line>VU l’arrêté préfectoral n° 2008-3057 du 2 décembre 2008 prescrivant l’élaboration du plan de</line>
<line>prévention des risques naturels de la commune des THUÏLES ;</line></par>
<par>
<line>DIRECTION DEPARTEMENTALE DES TERRITOIRES</line>
<line>AVENUE DFivlOMTZEY - CS 1021.1 • 04002 DIGNE-LES-BAINS CFDE'&lt; - T»5rAp,v,;iie û4 92.00 55 00</line>
<line>Hoia.res d'OLv&gt;-:t:,ure au piih’H-:. 0-’ a il'i 30 cH de 14 i 1-3 .t 15*^ 15 cT. nrRl' •K, td eJ</line></par>
</text>
</block>





</page>
<page width="1659" height="2340" resolution="200">
<block><region><rect/></region>
<text>
<par>
<line>vu l'arrêté préfectoral n° 2014-806 du 25 avril 2014 prescrivant l’ouverture d’une</line></par>
<par>
<line>enquête publique relative au projet de plan de prévention des risques naturels de la</line>
<line>commune des THUILES ;</line></par>
<par>
<line>VU les pièces constatant que l'arrêté du 25 avril 2014 susvisé a été publié, affiché et a fait</line>
<line>l'objet d’un avis, inséré quinze jours au moins avant le début de l’enquête et rappelé dans</line>
<line>les huit premiers jours de celle-ci, dans deux journaux régionaux diffusés dans le</line>
<line>département ;</line></par>
<par>
<line>VU l’avis du Conseil Municipal de la commune des THUILES ;</line></par>
<par>
<line>VU l’avis réputé favorable de la Chambre d’Agriculture ;</line></par>
<par>
<line>VU l'avis du Centre Régional de la Propriété forestière ;</line></par>
<par>
<line>VU les résultats de l’enquête publique qui s’est déroulée du 27 mai au 26 juin 2014 ;</line></par>
<par>
<line>VU le rapport du commissaire enquêteur relatif au présent plan, ses conclusions motivées ainsi</line>
<line>que son avis favorable avec réserve ;</line></par>
<par>
<line>VU le rapport de la directrice départementale des territoires ;</line></par>
<par>
<line>Le maire entendu,</line></par>
<par>
<line>CONSIDERANT que le présent plan de prévention des risques naturels constitue une servitude</line>
<line>d'utilité publique et, qu’à ce titre, il est établi sur la base de la connaissance de l’occupation</line>
<line>existante des sols à la date de son approbation ;</line></par>
<par>
<line>CONSIDERANT que les avis reçus et les observations déposées justifient des adaptations limitées</line>
<line>du projet de plan de prévention des risques naturels de la commune des THUILES et que celles-ci</line>
<line>n’ont pas pour effet de remettre en cause l’économie générale du projet ;</line></par>
<par>
<line>SUR la proposition de madame le directeur des services du cabinet de la préfecture des Alpes-de-</line>
<line>Haute-Provence,</line></par>
</text>
</block>
<block><region><rect/></region>
<text>
<par>
<line>ARRÊTE</line></par>
</text>
</block>
<block><region><rect/></region>
<text>
<par>
<line>ARTICLE y : Approbation du PPRN.</line></par>
<par>
<line>Le plan de prévention des risques naturels prévisibles de la commune des THUILES est approuvé</line>
<line>tel qu’il est annexé au présent arrêté.</line></par>
<par>
<line>ARTICLE 2 : Contenu du dossier PPR et possibilités de consultation.</line></par>
<par>
<line>Le dossier de plan de prévention des risques de la commune des THUILES, conformément à</line>
<line>l'article 3 du décret du 5 octobre 1995 modifié, contient les documents suivants, joints en annexe :</line></par>
</text>
</block>
<block><region><rect/></region>
<text>
<par>
<line>- un rapport de présentation,</line></par>
<par>
<line>- un règlement</line></par>
</text>
</block>
<block><region><rect/></region>
<text>
<par>
<line>Page 2</line></par>
</text>
</block>






</page>
<page width="1653" height="2336" resolution="200">
<block><region><rect/></region>
<text>
<par>
<line>- une carte d’historicité à l’échelle 1/5000,</line></par>
<par>
<line>- une carte des ouvrages de protection et de prévention à l’échelle 1/2500,</line></par>
<par>
<line>- une carte des aléas inondation, glissement de terrain, chutes de pierres et de blocs,</line>
<line>affaissement / effondrement de ten'ain, ravinement, avalanches à l’échelle 1/10000,</line></par>
<par>
<line>- une carte des aléas inondation, glissement de terrain, chutes de pierres et de blocs,</line>
<line>affaissement / effondrement de terrain, ravinement à l’échelle 1/5000,</line></par>
<par>
<line>- une carte de l’aléa retrait-gonflement des argiles à l’échelle l/lOOOO,</line></par>
<par>
<line>- une carte du zonage réglementaire à l’échelle 1/5000,</line></par>
<par>
<line>- une carte du zonage réglementaire retrait-gonflement des argiles au 1/10000.</line></par>
<par>
<line>11 est tenu à la disposition du public dans les locaux :</line></par>
<par>
<line>- de la mairie des THUILES,</line></par>
<par>
<line>- de la préfecture du département des Alpes-de-Haute-Provence,</line></par>
<par>
<line>- de la direction départementale des territoires des Alpes-de-Haute-Provence.</line></par>
<par>
<line>Il est téléchargeable sur le site internet du département : www.alDes-de-haute-provence.gouv.fr</line></par>
</text>
</block>
<block><region><rect/></region>
<text>
<par>
<line>ARTICLE 3 : Adressage du présent arrêté.</line></par>
<par>
<line>Une copie du présent arrêté sera adressée à :</line></par>
<par>
<line>- Monsieur le maire de la commune des THUILES,</line></par>
<par>
<line>- Monsieur le président de la Chambre d'agriculture des Alpes-de-Haute-Provence,</line></par>
<par>
<line>- Monsieur le président du Centre régional de la propriété forestière de Provence Alpes-</line>
<line>Côte d’Azur,</line></par>
<par>
<line>- Monsieur le président du Tribunal Administratif de Marseille,</line></par>
<par>
<line>- Monsieur Claude MIQUÉROL, commissaire enquêteur et Monsieur Marc CONSTANS,</line>
<line>commissaire enquêteur suppléant,</line></par>
<par>
<line>- Madame la présidente de la Chambre des notaires des Alpes-de-Haute-Provence.</line></par>
</text>
</block>
<block><region><rect/></region>
<text>
<par>
<line>ARTICLE 4 : Affichage du présent arrêté.</line></par>
<par>
<line>Une copie du présent arrêté sera affichée en mairie des THUILES pendant au moins un mois à partir</line>
<line>de la date de réception de la notification du présent arrêté. A l’expiration du délai d’affichage et</line>
<line>après mise à disposition du public du dossier durant au moins un mois, le maire transmettra au</line>
<line>préfet un certificat justifiant l’accomplissement de cette mesure de publicité.</line></par>
</text>
</block>
<block><region><rect/></region>
<text>
<par>
<line>ARTICLE 5 : Avis dans la presse et au recueil des actes administratifs.</line></par>
<par>
<line>Mention du présent arrêté sera faite dans les deux journaux locaux « La Provence » et « Haute</line>
<line>Provence Info » par un avis inséré par les soins et aux frais de l’Etat. Le présent arrêté sera publié</line>
<line>au Recueil des Actes Administratifs de la préfecture des Alpes-de-Haute-Provence.</line></par>
</text>
</block>
<block><region><rect/></region>
<text>
<par>
<line>ARTICLE 6 : Annexion au document d’urbanisme de la commune.</line></par>
</text>
</block>
<block><region><rect/></region>
<text>
<par>
<line>Le maire annexera au document d’urbanisme communal en vigueur la servitude d’utilité publique</line>
<line>instituée par le présent arrêté. Une copie de l'an-êté du maire constatant la mise à jour du document</line>
<line>d’urbanisme communal sera également adressée au Préfet des Alpes-de-Haute-Provence.</line></par>
</text>
</block>
<block><region><rect/></region>
<text>
<par>
<line>Page 3</line></par>
</text>
</block>










</page>
<page width="1653" height="2336" resolution="200">
<block><region><rect/></region>
<text>
<par>
<line>ARTICLE 7 : Exécution du présent arrêté.</line></par>
<par>
<line>Sont chargés, chacun en ce qui le concerne, de l’exécution du présent arrêté ;</line></par>
<par>
<line>- le secrétaire général de la préfecture des Alpes-de-Haute-Provence,</line></par>
<par>
<line>- le directeur des sei*vices du cabinet de la préfecture des Alpes-de-Haute-Provence,</line></par>
<par>
<line>- la directrice départementale des territoires des Alpes-de-Haute-Provence,</line></par>
<par>
<line>- le maire des THUILES.</line></par>
</text>
</block>
<block><region><rect/></region>
<text>
<par>
<line>ARTICLE 8 : Délais et voies de recours.</line></par>
<par>
<line>Le présent arrêté peut faire l'objet, dans un délai de deux mois à compter de sa publication. :</line></par>
<par>
<line>- d’un recours gracieux auprès du Préfet des Alpes-de-Haute-Provence,</line></par>
<par>
<line>- d’un recours hiérarchique adressé à Mme le Ministre de l’Écologie, du Développement</line>
<line>Durable, et de l’Energie à la Direction Générale de la Prévention des Risques, Arche de la</line>
<line>Défense, paroi Nord - 92055 LA DEFENSE CEDEX</line></par>
<par>
<line>- d’un recours contentieux devant le Tribunal Administratif de Marseille (22-24, Rue</line>
<line>Breteuil 13281 Marseille Cedex 6)</line></par>
</text>
</block>
<block><region><rect/></region>
<text>
<par>
<line>Page 4</line></par>
</text>
</block>




</page>
</PM1>