<?xml version="1.0" encoding="UTF-8"?><PM1>
<page width="2463" height="3501" resolution="300">
<block><region><rect/></region>
<text>
<par>
<line>PREFECTURE DE L'AIN</line></par>
</text>
</block>
<block><region><rect/></region>
<text>
<par>
<line>REPUBLIQUE FRANÇAISE</line></par>
</text>
</block>
<block><region><rect/></region>
<text>
<par>
<line>DIRECTION DEPARTEMENTALE DE</line>
<line>L'AGRICULTURE ET DE LA FORET</line></par>
</text>
</block>
<block><region><rect/></region>
<text>
<par>
<line>ARRETE PREFECTORAL</line></par>
<par>
<line>portant approbation du plan de prévention des risques inondations</line>
<line>du Formans et du Morbier sur la commune de ST DIDIER DE FORMANS</line></par>
</text>
</block>
<block><region><rect/></region>
<text>
<par>
<line>Le Préfet de l'Ain,</line>
<line>Chevalier de la Légion d'Honneur,</line></par>
</text>
</block>
<block><region><rect/></region>
<text>
<par>
<line>VU la loi n° 82-600 du 13 juillet 1982 relative à l’indemnisation des victimes des catastrophes naturelles ;</line></par>
<par>
<line>VU le décret n° 95-1089 du 5 octobre 1995 relatif à l’élaboration des plans de prévention des risques</line>
<line>naturels prévisibles, et notamment l’article 7 ;</line></par>
<par>
<line>VU l’arrêté préfectoral du 25 janvier 1999 prescrivant l’établissement d’un plan de prévention des risques</line>
<line>inondations prévisibles du Formans et du Morbier pour la commune de St Didier de Formans ;</line></par>
<par>
<line>VU l’arrêté préfectoral du 17 novembre 2000 prescrivant l’ouverture d’une enquête publique sur le plan de</line>
<line>prévention des risques naturels prévisibles (Formans et Morbier) pour la commune de St Didier de</line>
<line>Formans ;</line></par>
<par>
<line>VU le procès-verbal de l’enquête publique à laquelle il a été procédé le 6 janvier 2001 et l’avis du</line>
<line>commissaire enquêteur du 6 janvier 2001 ;</line></par>
<par>
<line>VU la délibération avec avis favorable du conseil municipal de la commune de St Didier de Formans en</line>
<line>date du 12 décembre 2000 prise dans la même période que l’enquête publique ;</line></par>
<par>
<line>VU les avis en date du 22 décembre 2000 et 16 janvier 2001 de la chambre d’agriculture et du centre</line>
<line>régional de la propriété forestière ;</line></par>
<par>
<line>SUR proposition du directeur départemental de l’agriculture et de la forêt de l’ain ;</line></par>
</text>
</block>
<block><region><rect/></region>
<text>
<par>
<line>ARRETE</line></par>
</text>
</block>
<block><region><rect/></region>
<text>
<par>
<line>ARTICLE 1er ;</line></par>
</text>
</block>
<block><region><rect/></region>
<text>
<par>
<line>Est approuvé, tel qu’il est annexé au présent arrêté le plan de prévention des risques inondations</line>
<line>« Formans et Morbier » de la commune de St Didier de Formans.</line></par>
<par>
<line>Ce plan de prévention des risques inondations comporte une note de présentation, un plan de zonage à</line>
<line>l’échelle du 1/5000'””^ et un règlement.</line></par>
</text>
</block>
<block><region><rect/></region>
<text>
<par>
<line>1</line></par>
</text>
</block>




</page>
<page width="2465" height="3500" resolution="300">
<block><region><rect/></region>
<text>
<par>
<line>ARTICLE 2 :</line></par>
</text>
</block>
<block><region><rect/></region>
<text>
<par>
<line>Il est tenu à la disposition du public avec l’ensemble des documents de la procédure :</line>
<line>à la mairie de ST DIDIER DE FORMANS,</line></par>
<par>
<line>dans les locaux de la préfecture de l’Ain (SID-PC) aux horaires suivants : de 9 h 30 à 11 h 45 et de</line>
<line>14 h à 16 h du lundi au vendredi.</line></par>
</text>
</block>
<block><region><rect/></region>
<text>
<par>
<line>ARTICLE 3 :</line></par>
</text>
</block>
<block><region><rect/></region>
<text>
<par>
<line>Le présent arrêté sera publié au recueil des actes administratifs de la préfecture et mention en sera</line>
<line>faite en caractères apparents dans les deux journaux ci-après désignés : « Le Progrès » et « Voix de</line>
<line>l’Ain ».</line></par>
<par>
<line>Cet avis sera affiché notamment en mairie de ST DEDIER DE FORMANS pendant un mois et porté à</line>
<line>la connaissance du public par tout autre procédé en usage dans la commune de ST DIDIER DE</line>
<line>FORMANS. Ces mesures de publicité seront justifiées par un certificat du maire et un exemplaire des</line>
<line>journaux sera annexé à la copie du présent arrêté affiché en mairie.</line></par>
<par>
<line>ARTICLE 4 :</line></par>
</text>
</block>
<block><region><rect/></region>
<text>
<par>
<line>Des ampliations du présent arrêté seront adressées au ;</line></par>
<par>
<line>- maire de la commune de ST DIDIER DE FORMANS,</line></par>
<par>
<line>- directeur départemental de l’équipement,</line></par>
<par>
<line>- directeur départemental de l’agriculture et de la forêt,</line></par>
<par>
<line>- délégué militaire départemental,</line></par>
<par>
<line>- directeur de la région SNCF de CHAMBERY,</line></par>
<par>
<line>- délégué aux risques majeurs du ministère de l’environnement,</line></par>
<par>
<line>- directeur régional de l’environnement,</line></par>
<par>
<line>- directeur régional de l’industrie, de la recherche et de l’environnement,</line></par>
<par>
<line>- directeur du centre régional de la propriété forestière,</line>
<line>à :</line></par>
<par>
<line>- l’ingénieur en chef, chef du service de la navigation de Lyon.</line></par>
</text>
</block>
<block><region><rect/></region>
<text>
<par>
<line>ARTICLE 6 :</line></par>
</text>
</block>
<block><region><rect/></region>
<text>
<par>
<line>Le secrétaire général de la préfecture de l’Ain, le directeur départemental de l’agriculture et de la</line>
<line>forêt et le chef du service de la navigation sont chargés, chacun en ce qui le concerne, de l’exécution</line>
<line>du présent arrêté.</line></par>
</text>
</block>
<block><region><rect/><rect/></region>
<text>
<par>
<line>Pour ampiiâii</line>
<line>Le Chef diF’élD-PC</line></par>
</text>
</block>
<block><region><rect/></region>
<text>
<par>
<line>ÈMENl</line></par>
</text>
</block>
<block><region><rect/></region>
<text>
<par>
<line>BOURG EN BRESSE, le f J 2002</line>
<line>LE PREFET,</line></par>
<par>
<line>Signé ; Pierre Etienne BISCH</line></par>
</text>
</block>
<block><region><rect/></region>
<text>
<par>
<line>Myriam\Atlas\PPR\Morfom\arrmorfo.doc</line></par>
</text>
</block>
<block><region><rect/></region>
<text>
<par>
<line>2</line></par>
</text>
</block>




</page>
</PM1>