<?xml version="1.0" encoding="UTF-8"?><PM1>
<page width="2487" height="3520" resolution="301">
<block><region><rect/></region>
<text>
<par>
<line>mm</line></par>
<par>
<line>Liberté • Egalité • Fraternité</line></par>
<par>
<line>république Française</line>
<line>PRÉFET DE L'AIN</line></par>
</text>
</block>
<block><region><rect/></region>
<text>
<par>
<line>Direction départementale des territoires</line></par>
</text>
</block>
<block><region><rect/></region>
<text>
<par>
<line>Service Prospective Urbanisme Risques</line></par>
</text>
</block>
<block><region><rect/></region>
<text>
<par>
<line>Unité Prévention des Risques</line>
<line>MB/GR/mg</line></par>
</text>
</block>
<block><region><rect/></region>
<text>
<par>
<line>A R R E T E</line></par>
<par>
<line>portant approbation du plan de prévention des risques</line>
<line>"inondation de la Saône et de ses affluents"</line>
<line>sur la commune de Feillens</line></par>
<par>
<line>Le Préfet de l'Ain,</line></par>
</text>
</block>
<block><region><rect/></region>
<text>
<par>
<line>Vu le code de l'environnement, notamment ses articles L.562-1 à L.562-9, L.125-5, et R.562-1 à R.562-</line>
<line>10, R.563-1 à R.563-8, D.563-8-1, R.125-23 à R.125-27 ;</line></par>
<par>
<line>Vu la loi n° 82-600 du 13 juillet 1982 relative à l'indemnisation des victimes des catastrophes naturelles ;</line></par>
<par>
<line>Vu l'arrêté préfectoral n° IAL2011-01 du 19 avril 2011 relatif à la liste des communes où s'applique l'article</line>
<line>L.125-5 du code de l'environnement ;</line></par>
<par>
<line>Vu l'arrêté préfectoral n° 2006-86 modifié relatif à l'information des acquéreurs et des locataires de biens</line>
<line>immobiliers sur les risques majeurs sur la commune de Feillens ;</line></par>
<par>
<line>Vu l'arrêté préfectoral du 12 septembre 1994 approuvant le plan de prévention des risques d'inondation de</line>
<line>la commune de Feillens ;</line></par>
<par>
<line>Vu l'arrêté préfectoral du 21 avril 2009 prescrivant la révision des plans de prévention des risques naturels</line>
<line>dans la vallée de la Saône ;</line></par>
<par>
<line>Vu l'arrêté préfectoral du 26 juin 2014 prescrivant l'ouverture d'une enquête publique sur le plan de</line>
<line>prévention des risques "inondation de la Saône et de ses affluents" de la commune de Feillens ;</line></par>
<par>
<line>Vu le rapport et l'avis du commissaire-enquêteur du 15 octobre 2014 à l'issue de l'enquête publique à</line>
<line>laquelle il a été procédé du 25 août 2014 au 27 septembre 2014 inclus ;</line></par>
<par>
<line>Vu la délibération du conseil municipal de Feillens en date du 4 septembre 2014 ;</line></par>
<par>
<line>Vu l'avis de la chambre d'agriculture du 29 juillet 2014 ;</line></par>
<par>
<line>Vu la réponse de la communauté de communes du Pays de Bâgé du 3 septembre 2014 ;</line></par>
<par>
<line>Sur proposition du directeur départemental des territoires,</line></par>
</text>
</block>
<block><region><rect/></region>
<text>
<par>
<line>A R R E T E</line></par>
</text>
</block>
<block><region><rect/></region>
<text>
<par>
<line>Article 1er</line></par>
<par>
<line>Est approuvé, tel qu'il est annexé au présent arrêté le plan de prévention des risques "inondation de la</line>
<line>Saône et de ses affluents" de la commune de Feillens.</line></par>
<par>
<line>Ce plan vaut révision du plan de prévention des risques d'inondation de cette commune.</line></par>
<par>
<line>Article 2</line></par>
<par>
<line>Ce plan se compose d'une part d'une note synthétique de présentation, un rapport de présentation et un</line>
<line>règlement ; et d'autre part, d'une carte des aléas, une carte des enjeux et un plan de zonage.</line></par>
</text>
</block>

</page>
<page width="2479" height="3508" resolution="300">
<block><region><rect/></region>
<text>
<par>
<line>Le plan est tenu à la disposition du public avec l'ensemble des documents de la procédure :</line></par>
<par>
<line>• à la mairie de Feillens,</line></par>
<par>
<line>• à la préfecture de l'Ain,</line></par>
<par>
<line>• à la DDT de l'Ain.</line></par>
<par>
<line>Article 3</line></par>
<par>
<line>Le présent arrêté est publié au recueil des actes administratifs de la préfecture et mention en est faite en</line>
<line>caractères apparents dans le journal ci-après désigné «Le Progrès». Un exemplaire du journal est annexé</line>
<line>à la copie du présent arrêté.</line></par>
<par>
<line>Cet avis est affiché notamment en mairie de Feillens pendant un mois et porté à la connaissance du</line>
<line>public par tout autre procédé en usage dans ces communes. Ces mesures de publicité sont justifiées par</line>
<line>un certificat du maire.</line></par>
<par>
<line>Article 4</line></par>
<par>
<line>Les éléments nécessaires à l'établissement de l'état des risques destiné à l’information sur les risques</line>
<line>naturels et technologiques majeurs des acquéreurs et des locataires de biens immobiliers situés dans la</line>
<line>commune de Feillens et consignés dans le dossier communal d’informations sur les risques, annexé à l'</line>
<line>arrêté n° 2006-86, modifié le 21 avril 2009, sont modifiés en conséquence de la présente approbation.</line></par>
<par>
<line>Le directeur départemental des territoires est chargé de ces modifications qui sont transmises :</line></par>
<par>
<line>• à la préfecture,</line></par>
<par>
<line>• à la mairie de Feillens,</line></par>
<par>
<line>• à la chambre départementale des notaires.</line></par>
<par>
<line>Les éléments du dossier communal d'information sur les risques sont consultables sur le site Internet de</line>
<line>l'Etat dans le département de l'Ain (www.ain.gouv.fr) et le dossier est tenu à la disposition du public :</line></par>
<par>
<line>1. à la mairie de Feillens,</line></par>
<par>
<line>2. à la préfecture de l'Ain.</line></par>
<par>
<line>Article 5</line></par>
<par>
<line>En application de l'article R.123-22 du code de l'urbanisme, un arrêté pris par le maire de Feillens</line>
<line>constate qu'il a été procédé à la mise à jour du plan local d'urbanisme. A défaut d'accomplissement de</line>
<line>cette procédure dans le délai de trois mois suivant la notification du présent arrêté, un arrêté préfectoral</line>
<line>procède à cette mise à jour.</line></par>
</text>
</block>
<block><region><rect/></region>
<text>
<par>
<line>Article 6</line></par>
<par>
<line>Des copies du présent arrêté sont adressées :</line></par>
<par>
<line>• au maire de Feillens,</line></par>
<par>
<line>• à la directrice régionale de l'environnement, de l'aménagement et du logement,</line></par>
<par>
<line>• au directeur du centre régional de la propriété forestière,</line></par>
<par>
<line>• au président de la chambre d'agriculture,</line></par>
<par>
<line>• au président du conseil général de l'Ain,</line></par>
<par>
<line>• au président de l'établissement public territorial de bassin Saône&amp;Doubs,</line></par>
<par>
<line>• au directeur des voies navigables de France,</line></par>
<par>
<line>• au président de la communauté de communes du Pays de Bâgé,</line></par>
<par>
<line>• au directeur départemental des territoires de l'Ain.</line></par>
<par>
<line>Article 7</line></par>
<par>
<line>La secrétaire générale de la préfecture, le maire de Feillens et le directeur départemental des territoires</line>
<line>sont chargés, chacun en ce qui le concerne, de l'exécution du présent arrêté.</line></par>
<par>
<line>A Bourg-en-Bresse, le 24 novembre 2014</line>
<line>Le Préfet,</line></par>
<par>
<line>signé Laurent TOUVET</line></par>
</text>
</block>
<block><region><rect/></region>
<text>
<par>
<line>2/2</line></par>
</text>
</block>

</page>
</PM1>