<?xml version="1.0" encoding="UTF-8"?><PM1>
<page width="2498" height="3518" resolution="300">
<block><region><rect/></region>
<text>
<par>
<line>Liberté • Égalité ■ Fraternité</line></par>
</text>
</block>
<block><region><rect/></region>
<text>
<par>
<line>République Française</line></par>
</text>
</block>
<block><region><rect/></region>
<text>
<par>
<line>PRÉFECTURE DE SAONE ET LOIRE</line></par>
</text>
</block>
<block><region><rect/></region>
<text>
<par>
<line>direction</line>
<line>départementale</line>
<line>de l'Équipement</line></par>
</text>
</block>
<block><region><rect/></region>
<text>
<par>
<line>V</line></par>
</text>
</block>
<block><region><rect/></region>
<text>
<par>
<line>ARRETE ni°Cé.32lS</line></par>
<par>
<line>portant approbation du plan de prévention</line>
<line>du risque naturel prévisible inondation</line></par>
<par>
<line>de la rivière «Arroux»</line></par>
<par>
<line>sur la commune de TOULON-SUR-ARROUX</line></par>
</text>
</block>
<block><region><rect/></region>
<text>
<par>
<line>La Préfète de Saône-et-Loire</line>
<line>Chevalier de la Légion d'honneur,</line>
<line>officier de l'ordre national du Mérite</line></par>
</text>
</block>
<block><region><rect/></region>
<text>
<par>
<line>Vu le Code de l’Environnement et notamment ses articles L123.1 et suivant et L.562.1</line>
<line>à L,562.9 ;</line></par>
<par>
<line>Vu le code des Assurances et notamment ses articles L125.1 à L125.6 ;</line></par>
<par>
<line>Vu le code de TUrbanisme ;</line></par>
<par>
<line>Vu le code de la Construction et de l’Habitat ;</line></par>
<par>
<line>Vu le décret n° 95-1089 du 5 octobre 1995 modifié, relatif à l’élaboration des plans de</line>
<line>prévention des risques naturels prévisibles ;</line></par>
<par>
<line>Vu l’arrêté préfectoral n° 2002.3898 du 27 novembre 2002, prescrivant l’établissement</line>
<line>d’un plan de prévention du risque naturel prévisible inondation de l’ARROUX sur la</line>
<line>commune de TOULON-SUR-ARROUX ;</line></par>
<par>
<line>Vu l’arrêté préfectoral du 25 novembre 2005 prescrivant l’ouverture d’une enquête</line>
<line>publique sur le plan de prévention du risque naturel prévisible inondation de l’Arroux</line>
<line>sur la commune de TOULON-SUR-ARROUX ;</line></par>
<par>
<line>Vu le procès-verbal de l’enquête publique à laquelle il a été procédé du 12 décembre</line>
<line>2005 au 25 janvier 2006 inclus et l’avis favorable du commissaire enquêteur ;</line></par>
<par>
<line>Vu la délibération du Conseil Municipal de la commune de TOULON-SUR-ARROUX</line>
<line>en date du 15 décembre 2005 ;</line></par>
</text>
</block>

</page>
<page width="2490" height="3512" resolution="300">
<block><region><rect/></region>
<text>
<par>
<line>2/3</line></par>
</text>
</block>
<block><region><rect/></region>
<text>
<par>
<line>Vu les avis de la Chambre d’Agriculture et du Centre Régional de la propriété forestière</line>
<line>de Bourgogne ;</line></par>
<par>
<line>Vu les pièces du dossier concernant le projet du plan de prévention du risque naturel</line>
<line>prévisible inondation de l’Arroux sur le territoire de la commune de TOULON-SUR-</line>
<line>ARROUX transmis par le directeur de la direetion départementale de l’Équipement de</line>
<line>Saône-et-Loire ;</line></par>
<par>
<line>Sur proposition de monsieur le secrétaire général de la préfecture de Saône et Loire,</line></par>
</text>
</block>
<block><region><rect/></region>
<text>
<par>
<line>ARRETE</line></par>
<par>
<line>Article 1er</line></par>
</text>
</block>
<block><region><rect/></region>
<text>
<par>
<line>a) Est approuvé, tel qu’il est annexé au présent arrêté, le plan de prévention du risque</line></par>
<par>
<line>naturel prévisible inondation «Arroux» de la commune de TOULON-SUR-</line>
<line>ARROUX, composé :</line></par>
<par>
<line>1 - d’un rapport de présentation</line></par>
<par>
<line>2 - d’un règlement</line></par>
<par>
<line>2 -d’un plan de zonage réglementaire au 1/5000™ et d’un plan de zonage</line>
<line>réglementaire au 1/2000™</line></par>
<par>
<line>3 - d’une carte d’aléa inondation au 1/5000™</line></par>
<par>
<line>4 - d’une carte d’aléa iso-vitesse au 1/5000™</line></par>
<par>
<line>5 - d’une carte d’aléa iso-submersion 1/5000™</line></par>
<par>
<line>6 - d’une carte des crues historiques 1/5000™</line></par>
<par>
<line>b) Le plan est tenu à la disposition du public avec l’ensemble des documents de la</line>
<line>procédure :</line></par>
<par>
<line>- à la mairie de TOULON-SUR-ARROUX</line></par>
<par>
<line>- dans les locaux de la Préfecture de Saône-et-Loire à Mâcon</line></par>
<par>
<line>- dans les locaux de la direction départementale de l’Équipement de Saône-et-Loire</line></par>
<par>
<line>Article 2</line></par>
</text>
</block>
<block><region><rect/></region>
<text>
<par>
<line>Le présent eirrêté sera publié au recueil des actes administratifs de la Préfecture de</line>
<line>Saône-et-Loire et mention apparente sera faite dans les deux journaux ci-après</line>
<line>désignés ;</line></par>
<par>
<line>Le journal de Saône-et-Loire</line>
<line>La Rennaissance</line></par>
<par>
<line>Cet arrêté sera affiché pendant trente (30) jours en mairie de TOULON-SUR-ARROUX</line>
<line>et porté à la connaissance du public par tout autre procédé en usage dans la commune</line>
<line>de TOULON-SUR-ARROUX. Ces mesures de publicité seront justifiées par un</line></par>
</text>
</block>


</page>
<page width="2498" height="3517" resolution="300">
<block><region><rect/></region>
<text>
<par>
<line>3/3</line></par>
</text>
</block>
<block><region><rect/></region>
<text>
<par>
<line>certificat du maire et un exemplaire des journaux sera annexé à la copie du présent</line>
<line>arrêté affiché en mairie.</line></par>
<par>
<line>Article 3</line></par>
</text>
</block>
<block><region><rect/></region>
<text>
<par>
<line>Des copies du présent arrêté seront adressées à :</line></par>
<par>
<line>M. le Maire de la commune de TOULON-SUR-ARROUX,</line></par>
<par>
<line>M. le Directeur du Centre Régional de la Propriété Forestière de Bourgogne,</line></par>
<par>
<line>Mme la Présidente de la Chambre d’Agriculture de Saône-et-Loire,</line></par>
<par>
<line>M. le directeur départemental de PÉquipement de Saône-et-Loire,</line></par>
<par>
<line>Mme la directrice départemental de l’Agriculture et de la Forêt de Saône-et-Loire,</line></par>
<par>
<line>M. le directeur régional de l’Industrie, de la Recherche et de l’Environnement,</line></par>
<par>
<line>M. le délégué aux Risques Majeurs,</line></par>
<par>
<line>Mme la directrice régionale de l’Environnement de Bourgogne,</line></par>
<par>
<line>M, le directeur régional de l’Environnement de la région Centre - Bassin Loire-</line>
<line>Bretagne</line></par>
<par>
<line>M. le directeur des Services Fiscaux.</line></par>
<par>
<line>M. le directeur des Services Départementales d’incendie et de Secours</line>
<line>Article 4</line></par>
</text>
</block>
<block><region><rect/></region>
<text>
<par>
<line>Monsieur le secrétaire général de la Préfectiue de Saône-et-Loire et Monsieur le</line>
<line>directeur de la direction départementale de l’Équipement sont chargés, chacun en ce qui</line>
<line>le concerne, de l’exécution du présent arrêté.</line></par>
<par>
<line>Fait à Mâcon, le * g 2006</line></par>
</text>
</block>
<block><region><rect/></region>
<text>
<par>
<line>La Préfète de Saône et Loire,</line></par>
</text>
</block>
<block><region><rect/><rect/></region>
<text>
<par>
<line>Pour]</line></par>
<par>
<line>Le Sous-Préfel</line></par>
</text>
</block>
<block><region><rect/></region>
<text>
<par>
<line>fête</line></par>
</text>
</block>
<block><region><rect/></region>
<text>
<par>
<line>eur</line></par>
</text>
</block>
<block><region><rect/></region>
<text>
<par>
<line>Cabinelt</line></par>
</text>
</block>
<block><region><rect/></region>
<text>
<par>
<line>Xavier PELLETIER</line></par>
</text>
</block>



</page>
</PM1>