<?xml version="1.0" encoding="UTF-8"?><PM1>
<page width="1666" height="2346" resolution="200">
<block><region><rect/></region>
<text>
<par>
<line>Liberté • Égalité • Fraternité</line></par>
<par>
<line>République Française</line></par>
<par>
<line>PREFET DE LA HAUTE-LOIRE</line></par>
<par>
<line>DIRECTION DES POLITIQUES PUBLIQUES ET DE L'ADMINISTRATION LOCALE</line></par>
</text>
</block>
<block><region><rect/></region>
<text>
<par>
<line>ARRETE N° DIPPAL-B3-2012-48</line></par>
<par>
<line>portant approbation du Plan de Prévention du Risque Inondation (P.P.R.I.) de la Loire</line>
<line>et de l'Ance du Nord sur la commune de Bas en Basset</line></par>
</text>
</block>
<block><region><rect/></region>
<text>
<par>
<line>LE PREFET DE LA HAUTE-LOIRE</line>
<line>Chevalier de l'Ordre National du Mérite,</line></par>
<par>
<line>VU le code de Turbanisme ;</line></par>
<par>
<line>VU le code de la construction et de l'habitation ;</line></par>
<par>
<line>VU le code de l'expropriation pour cause d'utilité publique, notamment ses articles R 11-4 à R 11-14 ;</line></par>
<par>
<line>VU le code l'environnement, articles L 562.1 et suivants et R 562,1 et suivants ;</line></par>
<par>
<line>VU l'arrêté préfectoral du 9 mars 2001 prescrivant l'établissement d'un Plan de Prévention du Risque</line>
<line>Inondation (P.P.R.L) de la Loire et de l'Ance du Nord sur la commune de Bas en Basset ;</line></par>
<par>
<line>VU les pièces du dossier établi par les services de la Direction Départementale des Territoires ;</line></par>
<par>
<line>VU l’avis favorable du 17 juin 2011 du conseil municipal de Bas en Basset ;</line></par>
<par>
<line>VU l'avis réputé favorable de la communauté de communes de Rochebaron à Chalencon ;</line></par>
<par>
<line>VU l'avis favorable du 1er juillet 2011 du Centre régional de la propriété forestière d'Auvergne ;</line></par>
<par>
<line>VU l'avis favorable du 29 juin 2011 du Conseil Général de Haute-Loire ;</line></par>
<par>
<line>VU l'avis favorable du 4 juillet 2011 de la chambre d'agriculture ;</line></par>
<par>
<line>VU le dossier adressé à la Préfecture le 31 août 2011 pour être soumis à enquête publique ;</line></par>
<par>
<line>VU l'arrêté préfectoral n° DIPPAL-B3-2011/200 du 16 septembre 2011 prescrivant l'enquête publique</line>
<line>relative au projet d'établissement d'un Plan de Prévention du Risque Inondation (P .P.R .1.) de la Loire et</line>
<line>de l'Ance du Nord sur la commune de Bas en Basset du 17 octobre 2011 au 17 novembre 2011 inclus ;</line></par>
<par>
<line>VU la délibération du 9 décembre 2011 du Conseil Municipal de Bas en Basset ;</line></par>
<par>
<line>VU l'avis favorable émis le 2 janvier 2012 par le commissaire enquêteur ;</line></par>
<par>
<line>Considérant que les résultats de ladite enquête ne nécessitent pas de modification du dossier ;</line></par>
<par>
<line>SUR proposition du Directeur Départemental des Territoires ;</line></par>
</text>
</block>



</page>
<page width="1661" height="2343" resolution="200">
<block><region><rect/></region>
<text>
<par>
<line>ARRETE;</line></par>
</text>
</block>
<block><region><rect/></region>
<text>
<par>
<line>ARTICLE 1er : Est approuvé, tel qu'il est annexé au présent arrêté, le Plan de Prévention du Risque</line>
<line>Inondation (PPRI) de la Loire et de l'Ance du Nord sur la commune de Bas en Basset.</line></par>
<par>
<line>ARTICLE 2 2 Le présent arrêté fera l'objet d'une mention au recueil des actes administratifs de la</line>
<line>Préfecture ainsi que dans un journal diffusé dans le département.</line></par>
<par>
<line>ARTICLE 3 ; Une copie du présent arrêté sera affichée à la mairie de Bas en Basset et au siège de la</line>
<line>communauté de communes de Rochebaron à Chalencon pendant une durée minimum de 1 mois.</line></par>
<par>
<line>ARTICLE 4 ; Le Plan de Prévention du Risque Inondation sera tenu à la disposition du public :</line></par>
<par>
<line>- à la Préfecture de la Haute-Loire,</line></par>
<par>
<line>- à la Direction Départementale des Territoires,</line></par>
<par>
<line>- à la Mairie de Bas en Basset,</line></par>
<par>
<line>- au siège de la communauté de communes de Rochebaron à Chalencon.</line></par>
<par>
<line>ARTICLE 5 : Le présent arrêté sera notifié à :</line></par>
<par>
<line>- M. le Maire de Bas en Basset,</line></par>
<par>
<line>- M. le Président de la communauté de communes de Rochebaron à Chalencon,</line></par>
<par>
<line>- M. le Directeur Départemental des Territoires,</line></par>
<par>
<line>- M. le Directeur Régional de l'Environnement, de l'Aménagement et du Logement d'Auvergne,</line></par>
<par>
<line>- ^tte Ministre de l'Ecologie, du Développement Durable, des Transports et du Logement.</line></par>
<par>
<line>ARTICLE 6 : Le présent PPRI valant servitude d'utilité publique sera annexé au document d'urbanisme</line>
<line>de la commune de Bas en Basset qui sera mis à jour conformément aux dispositions prévues à l'article R</line>
<line>126-2 du code de l'urbanisme.</line></par>
<par>
<line>ARTICLE 7 : Le Secrétaire Général de la Préfecture de la Haute-Loire, le Sous-Préfet d'Yssingeaux, le</line>
<line>Directeur des Services du Cabinet, le Maire de Bas en Basset, le Président de la communauté de</line>
<line>communes de Rochebaron à Chalencon et le Directeur Départemental des Territoires sont chargés,</line>
<line>chacun en ce qui le concerne, de l'exécution du présent arrêté.</line></par>
</text>
</block>
<block><region><rect/><rect/></region>
<text>
<par>
<line>Au PUY EN VELAY, ^e 6 mars 2012</line></par>
</text>
</block>
<block><region><rect/><rect/><rect/></region>
<text>
<par>
<line>Pour le Préfet</line>
<line>et par délégation</line></par>
<par>
<line>S^ire Général,</line></par>
</text>
</block>
<block><region><rect/></region>
<text>
<par>
<line>Robert ROUQUETTE</line></par>
</text>
</block>












</page>
</PM1>