<?xml version="1.0" encoding="UTF-8"?><PM1>
<page width="2481" height="3508" resolution="300">
<block><region><rect/><rect/><rect/></region>
<text>
<par>
<line>UberiB ■ ÉgaUté * FratsrnUé</line></par>
<par>
<line>RÉPUBUQUE Française</line></par>
</text>
</block>
<block><region><rect/></region>
<text>
<par>
<line>PREFET DE L'ALLIER</line></par>
</text>
</block>
<block><region><rect/></region>
<text>
<par>
<line>Direction départementale des territoires</line></par>
<par>
<line>Service Aménagement et Urbanisme Durable des Territoires</line></par>
</text>
</block>
<block><region><rect/></region>
<text>
<par>
<line>Bureau : Fiéveution des Risques</line></par>
<par>
<line>N° /</line></par>
</text>
</block>
<block><region><rect/></region>
<text>
<par>
<line>ARRETE n°/^^^5r2017endatedu 31 MAI 2ÛÜ</line>
<line>portant approbation de la révision générale du plan de prévention des risques naturels</line>
<line>prévisibles inondation (PPRi) de la rivière ALLIER</line></par>
</text>
</block>
<block><region><rect/></region>
<text>
<par>
<line>sur les communes d’Avermes, BressoUes, Moulins, Neuvy et Toulon/Allier</line></par>
</text>
</block>
<block><region><rect/></region>
<text>
<par>
<line>Le Préfet de l’Ailier</line></par>
<par>
<line>Vu le code de renvironnement, notamment ses articles L, 562-1 à L.562-8-1 et R.562-1 à R.</line>
<line>562-10-2 relatifs aux plans de prévention des risques naturels prévisibles,</line></par>
<par>
<line>Vu le code de l’urbanisme.</line></par>
<par>
<line>Vu le Plan de Gestion du risque inondation du bassin Loire Bretagne 2016-2021 approuvé le</line>
<line>23 novembre 2015,</line></par>
<par>
<line>Vu le Schéma directeur d’aménagement et de gestion des eaux (SDAGE) du bassin Loire</line>
<line>Bretagne approuvé le 18 novembre 2015,</line></par>
<par>
<line>Vu l’arrêté n°1789/2015 du 8 juillet 2015 prescrivant la révision générale du PPRi,</line></par>
<par>
<line>Vu le décret n° 2010-146 du 16 février 2010 modifiant le décret n° 2004-374 du 29 avril 2004</line>
<line>relatif aux pouvoirs des préfets, à l’organisation et à l’action des services de l’État dans les régions et</line>
<line>départements.</line></par>
<par>
<line>Vu l’arrêté du 27 juin 1997 portant approbation du plan de prévention des risques naturels</line>
<line>prévisibles inondation (PPRi) de la rivière Allier - Agglomération de Moulins,</line></par>
<par>
<line>Vu l’arrêté du 27 octobre 1998 relatif à l’approbation de la révision du PPRi de la rivière</line>
<line>Allier - agglomération de Moulins - Commune de Neuvy,</line></par>
<par>
<line>Vu l’arrêté du 06 février 2009 relatif à l’approbation de la révision du PPRi de la rivière</line>
<line>Allier - agglomération de Moulins,</line></par>
<par>
<line>Vil l’arrêté préfectoral n° 2015/DREAL/99 du 28 avril 2015 annexé à cet arrêté et portant</line>
<line>décision d’examen au cas par cas en application de l’article R.122-18 du code de l’environnement</line></par>
</text>
</block>
<block><region><rect/></region>
<text>
<par>
<line>51, Boulevard Saint-Exupéiy - CS30110 - 03403 Y2EURE Cedex</line>
<line>Site internet : litlpiVwwTv.allier.gouv.fr</line>
<line>Téléphone 04 70 48 79 79 - Télécopie 04 70 48 79 01</line>
<line>horaires d'ouverture ; 8h30-12h00 ! 13h30 - IThOO et sur rendez-vous</line></par>
</text>
</block>


<block blockType="Picture" blockName="" l="1081" t="148" r="1182" b="247"><region><rect/></region>
</block>
<block blockType="Picture" blockName="" l="1074" t="139" r="1217" b="264"><region><rect/></region>
</block>
<block blockType="Picture" blockName="" l="1306" t="139" r="1427" b="264"><region><rect/></region>
</block>
</page>
<page width="2481" height="3508" resolution="300">
<block><region><rect/></region>
<text>
<par>
<line>relatif à la révision du plan de prévention des risques naturels inondations de l’agglomération de</line>
<line>Moulins précisant dans l’article 1® de son arrêté que le projet de plan de prévention du risque</line>
<line>inondation sur les communes de l’agglomération de Moulins (03), présenté par la direction</line>
<line>départementale des territoires de l’Allier n’est pas soumis à évaluation environnementale en</line>
<line>application de la section II du chapitre II du titre n du livre premier du code de l’environnement,</line></par>
<par>
<line>Vil l’arrêté préfectoral n°89/2017 du 16 janvier 2017 prescrivant l’enquête publique relative à</line>
<line>ce plan qui s’est déroulée du 13 février 2017 au 15 mars 2017,</line></par>
<par>
<line>Vu le rapport du commissaire enquêteur et son avis favorable,</line></par>
<par>
<line>Vil, le rapport du directeur départemental des territoires de l’Allier proposant approbation du</line></par>
<par>
<line>PPRi,</line></par>
</text>
</block>
<block><region><rect/></region>
<text>
<par>
<line>Considérant l’évolution de la réglementation au niveau national relative au domaine des</line>
<line>risques d’inondation.</line></par>
<par>
<line>Considérant l’évolution des connaissances techniques et données historiques disponibles sur</line>
<line>le secteur de l’agglomération moulinoise et en particulier la phase préparatoire à la procédure PPRi</line>
<line>qui s’est traduite par une étude de l’aléa inondation par le bureau d’études HYDRATEC,</line></par>
<par>
<line>Considérant les risques liés à la présence des levées et à leur risque de rupture.</line></par>
<par>
<line>Considérant la nécessité d’informer la population et plus particulièrement les propriétaires</line>
<line>fonciers et les gestionnaires de l’espace, sur les risques auxquels ils sont exposés,</line></par>
<par>
<line>Considérant la nécessité de préserver le caractère naturel des champs d’écoulement et</line>
<line>d’expansion des crues.</line></par>
<par>
<line>Considérant que les dispositions du plan de prévention des risques d’inondation de la rivière</line>
<line>Allier, secteur agglomération de Moulins, dont la révision approuvée par arrêté préfectoral</line>
<line>du 06/02/2009 paraissent insuffisantes vis-à-vis de l’ensemble des objectifs actuels de prévention des</line>
<line>risques naturels, en particulier en ce qui concerne la maîtrise de l’urbanisation dans les zones à risque,</line>
<line>la sécurité des personnes et l’objectif de réduction de la vulnérabilité des biens,</line></par>
<par>
<line>Sur proposition du secrétaire général de la préfecture de l’Ailier</line></par>
<par>
<line>ARRETE</line></par>
</text>
</block>
<block><region><rect/></region>
<text>
<par>
<line>Article 1" :</line></par>
<par>
<line>Le Plan de Prévention des Risques naturels prévisibles inondation de la rivière Allier sur le</line>
<line>territoire de l’agglomération moulinoise est approuvé, tel qu’il est annexé au présent arrêté. ^.</line></par>
<par>
<line>Cette approbation emporte révision du périmètre de risque d’inondation sur le territoire des</line>
<line>communes d’Avenues, Bressolles, Moulins, Neuvy et Toulon sur Allier</line></par>
</text>
</block>
<block><region><rect/></region>
<text>
<par>
<line>Article 2 :</line></par>
<par>
<line>Le Plan de Prévention des Risques est constitué des documents suivants :</line>
<line>• une note de présentation,</line></par>
<par>
<line>' me cartographie du zonage réglementaire,</line></par>
<par>
<line>■ m règlement,</line></par>
</text>
</block>
<block><region><rect/></region>
<text>
<par>
<line>Page :m</line></par>
</text>
</block>



</page>
<page width="2501" height="3522" resolution="300">
<block><region><rect/></region>
<text>
<par>
<line>• une cartographie des enjeux du territoire,</line></par>
<par>
<line>une cartographie informative des crues passées,</line></par>
<par>
<line>* L’étude Hyrfratec ayant servi de base à l’élaboration du PPRi.</line></par>
<par>
<line>Article 3 :</line></par>
<par>
<line>Ce PPRi vaut servitude d’utilité publique et doit être annexé aux documents d’urbanisme des</line>
<line>communes concernées, dans les conditions prévues par le code de l’urbanisme.</line></par>
<par>
<line>Article 4 :</line></par>
<par>
<line>Le présent arrêté sera publié au recueil des actes administratifs et ime mention sera faite dans le</line>
<line>journal La Montagne et de la Semaine de l’AUier.</line></par>
<par>
<line>Il sera de plus affiché pendant une durée minimale d’un mois dans les mairies concernées par leur</line>
<line>soin.</line></par>
</text>
</block>
<block><region><rect/></region>
<text>
<par>
<line>Article 5 :</line></par>
<par>
<line>Le plan approuvé sera tenu à la disposition du public :</line></par>
<par>
<line>• à la préfecture de l’Ailier</line></par>
<par>
<line>• à la direction départementale des territoires</line></par>
<par>
<line>• en mairie d’Avermes, BressoUes, Moulins, Neuvy et Toulon sur Allier</line></par>
<par>
<line>• au siège de la communauté de communes de Moulins</line></par>
<par>
<line>Article 6 :</line></par>
<par>
<line>Le présent arrêté peut faire l’objet d’rm recours contentieux auprès du tribunal administratif de</line>
<line>Clermont-Ferrand dans le délai de deux mois à compter de l’exécution des formalités de publicité.</line></par>
<par>
<line>Article 7 :</line></par>
<par>
<line>Le préfet de F Allier, le directeur départemental des Territoires de l’Allier, les maires des communes</line>
<line>d’Avermes, BressoUes, Moulins, Neuvy et Toulon sur Allier, ainsi que le président de la communauté</line>
<line>de communes de Moulins, sont chargés, chacun en ce qui les concerne, de l’exécution du présent</line>
<line>arrêté.</line></par>
</text>
</block>
<block><region><rect/></region>
<text>
<par>
<line>Moulins,le 3-1 MAI 201?</line></par>
</text>
</block>
<block><region><rect/></region>
<text>
<par>
<line>Poaffki</line></par>
</text>
</block>
<block><region><rect/></region>
<text>
<par/>
</text>
</block>
<block><region><rect/></region>
<text>
<par>
<line>Le</line></par>
</text>
</block>
<block><region><rect/></region>
<text>
<par>
<line>Domihicftiè SCHUFFÈNIECKER</line></par>
</text>
</block>







</page>
<page width="2481" height="3508" resolution="300">
<block><region><rect/></region>
<text>
<par>
<line>*1</line></par>
</text>
</block>
<block><region><rect/></region>
<text>
<par>
<line>I I*'</line></par>
</text>
</block>






</page>
</PM1>