<?xml version="1.0" encoding="UTF-8"?><PM1>
<page width="1663" height="2343" resolution="200">
<block><region><rect/></region>
<text>
<par>
<line>mm</line></par>
<par>
<line>Liberté • Égûlité • Fraternité</line></par>
<par>
<line>RÉPUBLicyjE Française</line></par>
</text>
</block>
<block><region><rect/></region>
<text>
<par>
<line>SERVICES DECONCENTRES DE L’ETAT</line>
<line>AUPRES DU PREFET</line></par>
<par>
<line>DIRECTION DEPARTEMENTALE DE L’EQUIPEMENT</line>
<line>CITE ADMINISTRATIVE</line>
<line>24016 - PERIGUEUX CÉDEX</line>
<line>TEL. : 05 53 03 65 00</line></par>
</text>
</block>
<block><region><rect/></region>
<text>
<par>
<line>49</line></par>
</text>
</block>
<block><region><rect/></region>
<text>
<par>
<line>REFERENCES A RAPPELER ;</line>
<line>SPE/DFR</line></par>
</text>
</block>
<block><region><rect/></region>
<text>
<par>
<line>ARRETE</line></par>
<par>
<line>approuvant le plan de prévention du</line>
<line>risque inondation sur la commune de</line>
<line>GARDONNE</line></par>
</text>
</block>
<block><region><rect/></region>
<text>
<par>
<line>Le Préfet de la Dordogne</line>
<line>Officier de la Légion d'Honneur</line></par>
<par>
<line>VU la loi n® 87-565 du 22 juillet 1987 relative à l’organisation de la sécurité civile, à la protection</line>
<line>de la forêt contre l'incendie et à la prévention des risques majeurs, notamment ses articles 40-1</line>
<line>à 40-7 issus de la loi n“ 95-101 du 2 février 1995 ;</line></par>
<par>
<line>VU la loi n° 92-3 du 3 janvier 1992 sur l’eau, et notamment son article 16 ;</line></par>
<par>
<line>VU le décret n® 95-1089 du 5 octobre 1995 relatif aux plans de prévention des risques naturels</line>
<line>prévisibles ;</line></par>
<par>
<line>VU l'arrêté préfectoral du 26 septembre 2000 prescrivant le plan de prévention du risque</line>
<line>inondation sur la commune de GARDONNE ;</line></par>
<par>
<line>VU l'arrêté préfectoral du 24mai 2002 prescrivant l’enquête publique pour l’établissement de ce</line>
<line>plan :</line></par>
<par>
<line>VU le procès-verbal de l'enquête publique à laquelle il a été procédé du 10 juin 2002 au 2 juillet</line>
<line>2002 et l'avis du commissaire enquêteur ;</line></par>
<par>
<line>VU la délibération du conseil municipal de la commune de GARDONNE ;</line></par>
<par>
<line>VU le projet établi par le directeur départemental de l'équipement ;</line></par>
<par>
<line>SUR proposition de M. le Secrétaire Général de la préfecture de la Dordogne ;</line></par>
<par>
<line>ARRETE</line></par>
<par>
<line>Article 1 - Le plan de prévention du risque inondation de la commune de GARDONNE est</line>
<line>approuvé.</line></par>
</text>
</block>




</page>
<page width="1662" height="2343" resolution="200">
<block><region><rect/></region>
<text>
<par>
<line>Le dossier du plan de prévention du risque inondation annexé au présent arrêté comprend :</line></par>
<par>
<line>- un rapport de présentation,</line></par>
<par>
<line>- un règlement</line></par>
<par>
<line>- un plan de zonage.</line></par>
<par>
<line>- la carte des aléas, la carte des vitesses, la carte des hauteurs d'eau.</line></par>
<par>
<line>Il est tenu à la disposition du public :</line></par>
<par>
<line>- à la mairie de la commune de GARDONNE,</line></par>
<par>
<line>- à la préfecture et à la sous préfecture de Bergerac,</line></par>
<par>
<line>- à la direction départementale de l'équipement à Périgueux et à la subdivision de</line>
<line>l’équipement d’Eymet-Vélines.</line></par>
<par>
<line>Article 2 - Le présent arrêté sera publié au recueil des actes administratifs et mention en sera</line>
<line>faite en caractères apparents dans deux journaux. Une copie de cet arrêté sera affichée dans</line>
<line>la mairie de la commune de GARDONNE pendant un mois au minimum.</line></par>
</text>
</block>
<block><region><rect/></region>
<text>
<par>
<line>Article 3 - Des ampliations du présent arrêté seront adressées à ;</line></par>
<par>
<line>- M. le maire de la commune de GARDONNE,</line></par>
<par>
<line>- M. le directeur départemental de l'équipement</line></par>
<par>
<line>- M. le délégué aux risques majeurs.</line></par>
</text>
</block>
<block><region><rect/></region>
<text>
<par>
<line>Article 4 - M. le secrétaire général de la préfecture est chargé de l'exécution du présent</line>
<line>arrêté, qui sera publié au recueil des actes administratifs du département.</line></par>
</text>
</block>
<block><region><rect/></region>
<text>
<par>
<line>Pour ampliation</line></par>
</text>
</block>
<block><region><rect/></region>
<text>
<par>
<line>Fait à Périgueux, le 19 DEC. ?oo?</line></par>
</text>
</block>
<block><region><rect/></region>
<text>
<par>
<line>Pour!© n^r délégation</line></par>
<par>
<line>ieO--' ■■‘-■•tèiiel</line></par>
<par>
<line>ddÛL. ynQvüe</line></par>
</text>
</block>
<block><region><rect/></region>
<text>
<par>
<line>‘-■•tàtiel</line>
<line>yn Qvüe</line></par>
</text>
</block>
<block><region><rect/></region>
<text>
<par>
<line>Le Préfet,</line></par>
</text>
</block>








</page>
</PM1>