<?xml version="1.0" encoding="UTF-8"?><PM1>
<page width="2495" height="3515" resolution="300">
<block><region><rect/></region>
<text>
<par>
<line>mÆ</line></par>
<par>
<line>Liberté * égalité • Fraternité</line></par>
<par>
<line>RÉPUBLiQjjE Française</line></par>
<par>
<line>PREFET DU LOT</line></par>
</text>
</block>
<block><region><rect/></region>
<text>
<par>
<line>Enregistré le : ^</line>
<line>Sous le N°:</line></par>
</text>
</block>
<block><region><rect/></region>
<text>
<par/>
</text>
</block>
<block><region><rect/></region>
<text>
<par>
<line>ARRETE</line></par>
<par>
<line>portant approbation</line></par>
<par>
<line>du Plan de Prévention des Risques Naturels Prévisibles</line>
<line>- Risque Inondation et Mouvements de terrain •</line>
<line>Rocamadour</line></par>
</text>
</block>
<block><region><rect/></region>
<text>
<par>
<line>La Préfète du Lot,</line></par>
<par>
<line>Chevalier de la Légion d’Hormeur</line>
<line>Chevalier de l’Ordre National du Mérite</line></par>
</text>
</block>
<block><region><rect/></region>
<text>
<par>
<line>VU le code de l’environnement notamment ses articles L 562-1 et suivants et R 562-1 et suivants ;</line></par>
<par>
<line>VU la loi n° 92-3 du 3 janvier 1992 sur l’eau et notamment son article 16 modifié ;</line></par>
<par>
<line>VU la loi n° 95-101 du 2 février 1995 relative au renforcement de la protection de l’environnement et</line>
<line>notamment son titre n ;</line></par>
<par>
<line>VU la loi n° 2003-699 du 30 juillet 2003 sur les risques naturels et technologiques ;</line></par>
<par>
<line>VU la loi n° 2004-811 du 13 août 2004 de modernisation de la sécurité civile ;</line></par>
<par>
<line>VU le décret n° 90-918 du 11 octobre 1990 relatif à l’exercice du droit à l’information sur les risques</line>
<line>majeurs ;</line></par>
<par>
<line>VU le décret n° 95-1089 du 5 octobre 1995 relatif aux Plans de Prévention des Risques Naturels</line>
<line>Prévisibles ;</line></par>
<par>
<line>VU le décret n° 2005-3 du 4 janvier 2005 modifiant le décret n° 95-1089 du 5 octobre 1995 relatif aux</line>
<line>plans de prévention des risques naturels prévisibles ;</line></par>
<par>
<line>VU l’arrêté préfectoral en date du 26 janvier 2007 modifié par l’arrêté du 08 avril 2009 prescrivant</line>
<line>l’établissement d’un Plan de Prévention des Risques Naturels - Inondation et Mouvements de</line>
<line>terrain - sur la cité de Rocamadour ;</line></par>
<par>
<line>VU la saisine, en date du 03 août 2012, du maire de Rocamadour en vue de recueillir l'avis du conseil</line>
<line>municipal sur le projet de Plan de Prévention des Risques inondation et mouvements de terrain et</line>
<line>son avis du 1 octobre 2012 ;</line></par>
</text>
</block>


</page>
<page width="2479" height="3504" resolution="300">
<block><region><rect/></region>
<text>
<par>
<line>vu la saisine, en date du 03 août 2012, de la Chambre d'Agriculture du Lot ;</line></par>
<par>
<line>VU la saisine, en date du 03 août 2012, du Centre Régional de la Propriété Forestière ;</line></par>
<par>
<line>VU l’arrêté préfectoral en date du 26 février 2013, portant ouverture d’une enquête publique sur le</line>
<line>projet de Plan de Prévention des Risques inondation et mouvements de terrain de Rocamadour ;</line></par>
<par>
<line>VU le rapport du commissaire enquêteur, transmis à la préfecture du Lot le 13 juin 2013 donnant un</line>
<line>avis favorable au Plan de Prévention de Risques Naturels Prévisibles, risque inondation et</line>
<line>mouvements de terrain de Rocamadour, assorti d’une recommandation ;</line></par>
<par>
<line>VU les modifications apportées au projet de Plan de Prévention des Risques Naturels à l’issue de</line>
<line>l’enquête publique et des concertations engagées suite à la recommandation de la commission</line>
<line>d’enquête.</line></par>
<par>
<line>SUR PROPOSITION du Directeur Départemental des Territoires du Lot,</line></par>
</text>
</block>
<block><region><rect/></region>
<text>
<par>
<line>ARRETE</line></par>
<par>
<line>Article :</line></par>
<par>
<line>Le Plan de Prévention des Risques Naturels Prévisibles - inondation et mouvements de terrain - sur la</line>
<line>cité de Rocamadour est approuvé tel qu’il est annexé au présent arrêté.</line></par>
<par>
<line>Article 2 :</line></par>
<par>
<line>Le plan de Prévention des Risques Naturels prévisibles - inondation et mouvements de terrain -</line>
<line>compraid, pour chaque commime :</line></par>
<par>
<line>une note de présentation, indiquant le secteur géographique concerné, la nature des</line>
<line>phénomènes naturels pris en compte et leurs conséquences possibles compte tenu de l'état</line>
<line>des connaissances,</line></par>
<par>
<line>un plan de zonage, délimitant les différentes zones, en fonction de l’aléa et du degré</line>
<line>d’urbanisation constaté,</line></par>
<par>
<line>- un règlement, définissant les prescriptions applicables en matière d'aménagement dans</line>
<line>chacune de ces zones.</line></par>
</text>
</block>
<block><region><rect/></region>
<text>
<par>
<line>Article 3 :</line></par>
<par>
<line>Le plan de Prévention des Risques naturels prévisibles vaut servitude d’utilité publique conformément</line>
<line>à l’article L 562-4 du code de l’environnement.</line></par>
<par>
<line>Il sera annexé au plan local d’urbanisme (P.L.U.) de la commune concernée, conformément à l’article</line>
<line>L 126-1 du code de l’urbanisme.</line></par>
</text>
</block>



</page>
<page width="2496" height="3516" resolution="300">
<block><region><rect/></region>
<text>
<par>
<line>Article 4 ;</line></par>
<par>
<line>Ce Plan de Prévention des Risques naturels prévisibles sera tenu à la disposition du public :</line>
<line>en mairie de la commune de Rocamadour ;</line></par>
<par>
<line>- à la préfecture du Lot (Service de la Sécurité Intérieure),</line></par>
<par>
<line>- à la direction départementale des territoires du Lot (Service Gestion des Sols et Ville</line>
<line>Durable, Unité Risques Naturels).</line></par>
</text>
</block>
<block><region><rect/></region>
<text>
<par>
<line>Article S ;</line></par>
<par>
<line>Le secrétaire général de la préfecture du Lot, le directeur départemental des territoires du Lot, le maire</line>
<line>de la commune de Rocamadour sont chargés, chacun en ce qui les concerne, de l’exécution du présent</line>
<line>arrêté qui sera publié au Recueil des Actes Administratifs de la Préfecture, mentionné dans deux</line>
<line>journaux régionaux ou locaux diffusés dans le département, et affiché en mairie de Rocamadour,</line>
<line>durant un mois au minimum.</line></par>
</text>
</block>
<block><region><rect/></region>
<text>
<par>
<line>FaitàCahors,le t 6 JAk 2ûW</line></par>
</text>
</block>
<block><region><rect/></region>
<text>
<par>
<line>du Lot,</line></par>
</text>
</block>
<block><region><rect/></region>
<text>
<par>
<line>Catherine FERRIER</line></par>
</text>
</block>
<block><region><rect/></region>
<text>
<par>
<line>Délais et voies de recours</line></par>
<par>
<line>Toute personne ayant un intà^ à agir peut exercer un recours devant le tribunal administratif compétent dans un délai de 2 mois à compter de la</line>
<line>publication de l’anété approuvant le PFR. Elle peut également saisir d’un recours gracieux l’auteur de la décision ou saisir d’un recours hiérarchique le</line>
<line>ministre chargé de l’environnement. Cette démarche prolonge le délai du recours contentieux qui doit être introduit dans les deux mois suivant la réponse</line>
<line>(l’absence de réponse au terme d’un délai de deux mois vaut rejet implicite).</line></par>
</text>
</block>




</page>
<page width="2479" height="3504" resolution="300">
</page>
</PM1>