<?xml version="1.0" encoding="UTF-8"?><PM1>
<page width="1653" height="2339" resolution="200">
<block><region><rect/></region>
<text>
<par>
<line>. Liberté • Égalité • Fraternité</line></par>
<par>
<line>RÉPUBLIQUE FRANÇAISE</line></par>
<par>
<line>PRÉFET DE LA DROME</line></par>
</text>
</block>
<block><region><rect/></region>
<text>
<par>
<line>Préfecture</line></par>
<par>
<line>Direction des collectivités</line>
<line>et de futilité publique</line>
<line>Bureau des enquêtes publiques</line>
<line>Affaire suivie par :</line></par>
<par>
<line>Lucette MANGUJN</line>
<line>Tel.: 04.75.79,28.71</line>
<line>Fax: 04 75 79 28.55</line>
<line>E-niail: Iucette.manguin@drome.gouv,fr</line></par>
<par>
<line>Direction des Teri'itoires</line></par>
<par>
<line>Service Aménagement du Territoire et des Risques</line>
<line>Pôle Prévention des Risques</line>
<line>Affaire suivie par :</line></par>
<par>
<line>Philippe DAYET</line>
<line>• Tél. :04 81 66 81 26</line>
<line>courriel : philippe.dayet@drome.gouv.fr</line></par>
</text>
</block>
<block><region><rect/></region>
<text>
<par>
<line>Valence, le -3 OCT. 2011</line></par>
</text>
</block>
<block><region><rect/></region>
<text>
<par>
<line>ArrêténO OOO ^</line></par>
<par>
<line>portant approbation du</line></par>
<par>
<line>Plan de Prévention des Risques naturels-inondations prévisibles</line>
<line>de la commune de Mirabel aux Baronnies</line></par>
<par>
<line>Le Préfet de la Drôme,</line></par>
<par>
<line>Chevalier de la Légion d’Honneur,</line></par>
<par>
<line>Chevalier de l’Ordre National du Mérite</line></par>
</text>
</block>
<block><region><rect/><rect/><rect/><rect/></region>
<text>
<par>
<line>VU le Code de l’Environnement et notamment ses articles L562-1 à L562-9 et R562-1 à R562-12 ;</line></par>
<par>
<line>VU le code de l'urbanisme ;</line></par>
<par>
<line>VU la loin® 2004.811 du 13 août 2004 modifiée, de modernisation de la sécurité civile;</line></par>
<par>
<line>VU le décret n® 2004-374 du 29 avril 2004 modifié, relatif aux pouvoirs des Préfets, à l’organisation et à</line>
<line>l'action des services de l'État dans les régions et départements ;</line></par>
<par>
<line>VU la circulaire du 24 janvier 1994 relative à la prévention des inondations et à la gestion des zones</line>
<line>inondables ; . .</line></par>
<par>
<line>VU la circulaire du 24 avril 1996 relative aux dispositions applicables au bâti et ouvrages existants en zones</line>
<line>inondables ;</line></par>
<par>
<line>VU la circulaire du 30 avril 2002 relative à la politique de l'État en matière de risques naturels prévisibles et</line>
<line>de gestion des espaces situés derrière les digues de protection contre les inondations et les submersions</line>
<line>marines ;</line></par>
<par>
<line>VU la circulaire du 21 janvier 2004 relative à la maîtrise de l'urbanisme et de l'adaptation des constructions en</line>
<line>zone inondable ;</line></par>
</text>
</block>
<block><region><rect/></region>
<text>
<par>
<line>3, boulevard Vauban - 26030 VALENCE cedex 9 - Téléphone ; 04 75 79 28 00</line>
<line>Site Internet de l'Etat en Drôme : http://www.drome.pref.gouv.fr/</line></par>
</text>
</block>






</page>
<page width="1659" height="2343" resolution="200">
<block><region><rect/></region>
<text>
<par>
<line>vu l'arrêté préfectoral interdépartemental n°S!-2001-ll-ll-1160-PREF du 12 novembre 2001 prescrivant le</line>
<line>plan de prévention des Risques Naturels Prévisibles prise en compte des risques inondation PPRi de</line>
<line>l’Aygues/Eygues aval, de la Meyne et du Rieu ;</line></par>
<par>
<line>VU l'arrêté interpréfectoral n°06-1863 du 26 avril 2006 modifiant, pour la commune de Piégon, l'arrêté</line>
<line>préfectoral interdépartemental n°S&gt;2001-ll-ll-1160-PREF du 12 novembre 2001 prescrivant le plan de</line>
<line>prévention des Risques Naturels Prévisibles prise en compte des risques inondation PPRi de</line>
<line>l’Aygues/Eygues aval, de la Meyne et du Rieu ;</line></par>
<par>
<line>VU l'aiTêté interpréfectoral n°SI2009“12-04-0060-DDEA et n°09-5596 du 4 décembre 2009 portant</line>
<line>prescriptions complémentaires concernant le Plan de Prévention des Risques Naturels d'inondation du</line>
<line>bassin versant de l'Aygues, de la Meyne et du Rieu ;</line></par>
<par>
<line>VU l'arrêté n° 10-2293 du 3 juin 2010 portant prescriptions complémentaires concernant le plan de</line>
<line>prévention des risques naturels inondations du bassin versant de l'Aygues-Eygues aval, de la Meyne et du</line>
<line>Rieu ;</line></par>
<par>
<line>VU l'arrêté préfectoral n°2011117-0012 du 27 avril 2011 prescrivant cinq enquêtes publiques conjointes sur</line>
<line>les projets de Plan de Prévention des Risques Naturels - inondations du bassin versant de l’Eygues aval ;</line></par>
<par>
<line>VU la délibération du conseil municipal de Mirabel aux Baronnies du 17 décembre 2010 ;</line></par>
<par>
<line>VU l'avis du centre régional de la propriété forestière Rhône-Alpes du 18 novembre 2010;</line></par>
<par>
<line>VU l'avis de la'direction régionale de l'environnement de l'aménagement et du logement du 22 novembre</line>
<line>2010;</line></par>
<par>
<line>VU l'avis du service départemental d'incendie et de secours de la Drôme du 29 novembre 2010 ;</line></par>
<par>
<line>VU l'avis de la chambre d'agriculture de la Drôme du 16 décembre 2010 ;</line></par>
<par>
<line>VU le bilan de la consultation des services et de la concertation avec le public annexé au registre de l'enquête</line>
<line>publique ;</line></par>
<par>
<line>VU le rapport et les conclusions du commissaire enquêteur du 21 juillet 2011;</line></par>
<par>
<line>VU le rapport d'analyse de août 2011 de la direction départementale des territoires en réponse à chacune des</line>
<line>observations du commissaire enquêteur (rapport à M. je Préfet de la Drôme : analyse des enquêtes</line>
<line>publiques conjointes, propositions de suite à donner) ;</line></par>
<par>
<line>Considérant que le contenu du plan apporte une réponse satisfaisante aux interrogations et observations</line>
<line>formulées lors de l'enquête publique notamment pour la pérennisation des intérêts agricoles et</line>
<line>économiques existants et adaptation des conditions de leur maintien, voire de leur développement dès lors</line>
<line>que demeure préservé l'objectif de non aggravation de la vulnérabilité des biens en zone inondable;</line></par>
<par>
<line>I</line></par>
<par>
<line>Considérant que le plan de prévention des risques inondations de la commune de Mirabel aux Baronnies est</line>
<line>conforme aux objectifs de préservation des vies humaines et de réduction de la vulnérabilité des personnes</line>
<line>et des biens, que le règlement contient des mesures de prévention et de sauvegarde conformes à la</line>
<line>doctrine nationale exprimée dans les circulaires sus-visées et que rien ne s'oppose à sa mise en oeuvre ;</line></par>
<par>
<line>Sur la proposition de Madame la Secrétaire Générale de la préfecture de la Drôme ;</line></par>
</text>
</block>
<block><region><rect/></region>
<text>
<par>
<line>2/3</line></par>
</text>
</block>




</page>
<page width="1663" height="2346" resolution="200">
<block><region><rect/></region>
<text>
<par>
<line>Article 1er :</line></par>
</text>
</block>
<block><region><rect/></region>
<text>
<par>
<line>Le Plan de Prévention des Risques naturels inondation prévisibles de la commune de Mirabel aux Baronnies</line>
<line>est approuvé.</line></par>
</text>
</block>
<block><region><rect/></region>
<text>
<par>
<line>Article 2</line></par>
</text>
</block>
<block><region><rect/></region>
<text>
<par>
<line>Le Plan de Prévention des Risques naturels inondation prévisibles comprend les pièces suivantes ci-annexées :</line></par>
<par>
<line>® la note de présentation</line></par>
<par>
<line>« la carte de zonage réglementaire</line></par>
<par>
<line>• le règlement</line></par>
<par>
<line>Sont également annexées, à titre d'information :</line></par>
<par>
<line>• les pièces graphiques complémentaires</line></par>
<par>
<line>Article 3</line></par>
</text>
</block>
<block><region><rect/></region>
<text>
<par>
<line>Le Plan de Prévention des Risques naturels inondation prévisibles de la commune de Mirabel aux Baronnies</line>
<line>est tenu à la disposition du public aux jours et heures ouvrables à .la mairie de Mirabel aux Baronnies ainsi</line>
<line>qu'en Préfecture de la Drôme (bureau dés Enquêtes Publiques).</line></par>
</text>
</block>
<block><region><rect/></region>
<text>
<par>
<line>Article 4</line></par>
</text>
</block>
<block><region><rect/><rect/><rect/><rect/><rect/></region>
<text>
<par>
<line>Le présent arrêté sera publié au Recueil des Actes Administratifs de la Préfecture et mention en sera faite dans</line>
<line>un journal difflisé dans le département.</line></par>
<par>
<line>L'arrêté sera également affiché pendant un mois au minimum à la mairie de Mirabel aux Baronnies et porté à</line>
<line>la connaissance du public par tout autre procédé en usage dans la commune.</line></par>
<par>
<line>Un certificat du maire justifiera raccomplissementde cette formalité.</line></par>
</text>
</block>
<block><region><rect/></region>
<text>
<par>
<line>Article 5</line></par>
</text>
</block>
<block><region><rect/></region>
<text>
<par>
<line>Le présent airêté peut faire l'objet d'un recours contentieux devant le tribunal administratif de Grenoble (2</line>
<line>place de Verdun BP1135 38022 GRENOBLE Cedex 1) dans un délai de deux mois à compter de sa date de</line>
<line>publication.</line></par>
</text>
</block>
<block><region><rect/></region>
<text>
<par>
<line>Article 6</line></par>
</text>
</block>
<block><region><rect/></region>
<text>
<par>
<line>Madame la Secrétaire Générale de la préfecture de la Drôme, Monsieur le Sous-Préfet de Nyons, Monsieur le</line>
<line>maire de la commune de Mirabel aux Baronnies, Monsieur le Directeur Départemental des Territoires de la</line>
<line>Drôme sont chargés, chacun en ce qui le concerne, de Texécution du présent arrêté.</line></par>
</text>
</block>
<block><region><rect/><rect/></region>
<text>
<par>
<line>Fait à Valence, le</line>
<line>Le Préfet,</line></par>
</text>
</block>
<block><region><rect/></region>
<text>
<par/>
</text>
</block>
<block><region><rect/></region>
<text>
<par>
<line>3/3</line></par>
</text>
</block>











</page>
<page width="1653" height="2339" resolution="200">







</page>
</PM1>