<?xml version="1.0" encoding="UTF-8"?><PM1>
<page width="1653" height="2339" resolution="200">
<block><region><rect/></region>
<text>
<par>
<line>Liberté • Égalité • Fraternité</line></par>
<par>
<line>RÉPUBLIQUE Française</line></par>
</text>
</block>
<block><region><rect/></region>
<text>
<par>
<line>PRÉFET DU GARD</line></par>
</text>
</block>
<block><region><rect/></region>
<text>
<par>
<line>Direction Départementale</line>
<line>des Territoires et de la Mer</line></par>
<par>
<line>Service Observation Territoriale Urbanisme et Risques</line>
<line>Unité Risque Inondation</line>
<line>Réf. :</line></par>
<par>
<line>Affaire suivie par : Jean-Marc Lacarrau</line>
<line>. 04 66 62 63 16</line></par>
<par>
<line>Mél Jean-Marc.I.acarrauîîgard.gouv.fr</line></par>
</text>
</block>
<block><region><rect/></region>
<text>
<par>
<line>ARRETE</line></par>
<par>
<line>Portant approbation d'un Plan de Prévention des Risques Inondation (PPRi)</line>
<line>sur la Commune de SAINT MARCEL DE CAREÏRET</line></par>
</text>
</block>
<block><region><rect/></region>
<text>
<par>
<line>Le Préfet du Gard</line>
<line>Chevalier de la Légion d’Honneur,</line></par>
</text>
</block>
<block><region><rect/></region>
<text>
<par>
<line>Vu le Code de l’Environnement et notamment ses articles L,562-1 à L.562-9 et R.562-1 à R.562-10 relatifs</line>
<line>aux Plans de Prévention des Risques Naturels,</line></par>
<par>
<line>Vu le Code de l'Urbanisme et notamment son article L.126-1.</line></par>
<par>
<line>Vu l’arrêté préfectoral n®2002-5-003 du 17 septembre 2002 portant prescription d'un Plan de Prévention</line>
<line>des Risques Inondation,</line></par>
<par>
<line>Vu l'arrêté préfectoral du 3 mai 2011 prescrivant l'ouverture d'une enquête publique relative au projet de</line>
<line>Plan de Prévention des Risques Inondation de la Commune de SAINT MARCEL DE CAREÏRET,</line></par>
<par>
<line>Vu l'avis réputé favorable du Conseil Municipal de la Commune de SAINT MARCEL DE CAREÏRET,</line></par>
<par>
<line>Vu l'avis réputé favorable du Conseil Général du Gard,</line></par>
<par>
<line>Vu l'avis réputé favorable du Conseil Régional Languedoc-Roussillon,</line></par>
<par>
<line>Vu l'avis de la Chambre d'Agriculture du Gard en date du 3 mars 2011.</line></par>
<par>
<line>Vu l'avis du Centre Régional de la Propriété Forestière Languedoc-Roussillon en date du 1er mars 2011,</line></par>
<par>
<line>Vu le rapport et les conclusions de la commission d'enquête en date du 23 septembre 2011.</line></par>
<par>
<line>Vu le rappoil du Directeur Départemental des Territoires et de la Mer du Gard du 19 octobre 2011,</line></par>
<par>
<line>SUR proposition de Madame la Secrétaire Générale de la Préfecture du Gard,</line></par>
</text>
</block>


</page>
<page width="1653" height="2339" resolution="200">
<block><region><rect/></region>
<text>
<par>
<line>ARRETE</line></par>
</text>
</block>
<block><region><rect/></region>
<text>
<par>
<line>Article 1er :</line></par>
<par>
<line>te Plan de Prévention des Risques Inondation (PPRi) de la Commune de SAINT MARCEL DE</line>
<line>CAREIRET est approuvé, tel qu’il est annexé au présent arrêté.</line></par>
<par>
<line>Article 2 :</line></par>
<par>
<line>le dossier comprend :</line></par>
<par>
<line>-un rapport de présentation</line>
<line>-un résumé non technique</line>
<line>-un règlement</line>
<line>-le zonage réglementaire</line></par>
<par>
<line>-une annexe cartographique : carte d'aléa sur le bassin versant</line></par>
<par>
<line>Il est tenu à la disposition du public dans tes locaux :</line></par>
<par>
<line>-de la Mairie de SAINT MARCEL DE CAREIRET,</line></par>
<par>
<line>-de la Préfecture du département du GARD,</line></par>
<par>
<line>-de la Direction Départementale des Territoires et de la Mer du Gard ;</line></par>
<par>
<line>89, rue Weber 30907 NÎMES.</line></par>
<par>
<line>Article 3 ;</line></par>
<par>
<line>une copie du présent arrêté sera adressée à ;</line></par>
<par>
<line>-Monsieur le Maire de la Commune de SAINT MARCEL DE CAREIRET,</line></par>
<par>
<line>-La Direction Régionale de l’Environnement, de l'Aménagement et du Logement Languedoc-</line>
<line>Roussillon,</line></par>
<par>
<line>-Monsieur le Directeur Général de la Prévention des Risques du Ministère en charge de</line>
<line>l’Ecologie et du Développement Durable,</line></par>
<par>
<line>Article 4 ;</line></par>
<par>
<line>une copie du présent arrêté sera affichée en Mairie de SAINT MARCEL DE CAREIRET</line>
<line>pendant au moins un mois à partir de la date de réception de la notification du présent arrêté et mention en</line>
<line>sera faite en caractères apparents dans le journal MIDI LIBRE.</line></par>
<par>
<line>Article 5 :</line></par>
<par>
<line>le présent arrêté sera publié au Recueil des Actes Administratifs de la Préfecture.</line></par>
<par>
<line>Article 6 ;</line></par>
<par>
<line>en application de l’article L,562-4 du Code de l’Environnement, le Plan de Prévention des Risques</line>
<line>Naturels Prévisibles approuvé vaut servitude d'utilité publique. A ce titre, le Maire devra annexer le</line>
<line>présent PPRi au document d’urbanisme de la Commune, conformément à l'article l..126-1 du Code de</line>
<line>l’Urbanisme.</line></par>
<par>
<line>Article 7 ;</line></par>
<par>
<line>la Secrétaire Générale de la Préfecture du Gard, le Directeur Départemental des Territoires et de la Mer</line>
<line>du Gard et le Maire de SAINT MARCEL DE CAREIRET sont chargés, chacun en ce qui les concerne,</line>
<line>de l’exécution du présent arrêté.</line></par>
</text>
</block>
<block><region><rect/></region>
<text>
<par>
<line>Fait à Nîmes, le</line></par>
</text>
</block>
<block><region><rect/></region>
<text>
<par>
<line>19 OCT. 2011</line></par>
</text>
</block>
<block><region><rect/></region>
<text>
<par/>
</text>
</block>
<block><region><rect/></region>
<text>
<par>
<line>,7</line></par>
<par>
<line>/</line></par>
</text>
</block>
<block><region><rect/></region>
<text>
<par>
<line>Le Préfet</line></par>
</text>
</block>







</page>
</PM1>