<?xml version="1.0" encoding="UTF-8"?><PM1>
<page width="1653" height="2336" resolution="200">
<block><region><rect/></region>
<text>
<par>
<line>Liberté • Égalité • Fraternité</line></par>
<par>
<line>RÉPUBUCyJE FRANÇAISE</line></par>
<par>
<line>PRÉFÈTE DE LA NIÈVRE</line></par>
</text>
</block>
<block><region><rect/></region>
<text>
<par>
<line>Direction départementale</line>
<line>des territoires de la Nièvre</line></par>
<par>
<line>Service Sécurité et Prévention des Risques</line></par>
<par>
<line>io/14 â53-000^</line></par>
</text>
</block>
<block><region><rect/></region>
<text>
<par>
<line>ARRÊTÉ</line></par>
<par>
<line>portant approbation de la modiRcation du Plan de Prévention du Risque</line></par>
<par>
<line>inondation Loire val de Nevers</line></par>
</text>
</block>
<block><region><rect/></region>
<text>
<par>
<line>La Préfète de la Nièvre</line>
<line>Chevalier de la Légion d’Honneur,</line></par>
<par>
<line>Chevalier de TOrdre National du Mérite,</line></par>
<par>
<line>Vu le code de l'environnement et notamment ses articles L562-1 à L562-9 et R562-1 à R562-10-</line></par>
<par>
<line>2;</line></par>
<par>
<line>Vu le décret n° 2011-765 du 28 juin 2011 relatif à la procédure d’élaboration, de révision et de</line>
<line>modification des plans de prévention des risques naturels prévisibles ;</line></par>
<par>
<line>Vu l'arrêté préfectoral n° 2001-P-4469 du 17 décembre 2001 portant approbation du Plan de</line>
<line>Prévention du Risque inondation Loire val de Nevers sur les communes de Challuy, Coulanges-</line>
<line>Les-Nevers, Nevers, Saint-Éloi et Sermoise-Sur-Loire ;</line></par>
<par>
<line>Vu l'arrêté préfectoral n°2014031-0002 du 31 janvier 2014 prescrivant la modification du Plan</line>
<line>de Prévention du Risque inondation (PPRi) Loire val de Nevers ;</line></par>
<par>
<line>Vu l'arrêté préfectoral n°2014164-0005 du 13 juin 2014 portant modification de l'arrêté</line>
<line>n°2014031-0002 du 31 janvier 2014 prescrivant la modification du Plan de Prévention du Risque</line>
<line>inondation (PPRi) Loire val de Nevers ;</line></par>
<par>
<line>Vu les résultats de la consultation des organismes associés et de la mise à disposition du public,</line>
<line>qui se sont déroulées conformément à l'article R562-10-2 du code de l'environnement ;</line></par>
<par>
<line>Considérant la nécessité de corriger le contour de la zone inondable reportée sur le plan de</line>
<line>zonage réglementaire, au regard des nouvelles données topographiques, au droit du secteur</line>
<line>destiné à accueillir l'aire de grand passage des gens du voyage sur la commune de Saint-Éloi ;</line></par>
<par>
<line>Considérant que la modification n'est pas de nature à porter atteinte à l'économie générale du</line>
<line>PPRi approuvé en date du 17 décembre 2001 ;</line></par>
<par>
<line>Sur proposition du Secrétaire Général de la Préfecture de la Nièvre.</line></par>
</text>
</block>

</page>
<page width="1653" height="2336" resolution="200">
<block><region><rect/></region>
<text>
<par>
<line>ARRETE</line></par>
</text>
</block>
<block><region><rect/></region>
<text>
<par>
<line>Article 1 :</line></par>
<par>
<line>La modification du Plan de Prévention du Risque inondation (PPRi) Loire val de Nevers qui</line>
<line>s'étend sur les communes de Challuy, Coulanges-Les-Nevers, Nevers, Saint-Eloi et Sermoise-</line>
<line>Sur-Loire est approuvé tel qu’il est annexé au présent arrêté.</line></par>
<par>
<line>Article 2 : - . : . - . j</line></par>
<par>
<line>Le PPRi Loire val de Nevers modifié est composé des pièces suivantes :</line></par>
<par>
<line>- un rapport de présentation ;</line></par>
<par>
<line>- une note synthétique de présentation de la modification ;</line></par>
<par>
<line>- un règlement ;</line></par>
<par>
<line>- des plans de zonage réglementaire ;</line></par>
<par>
<line>- de la carte des enjeux.</line></par>
</text>
</block>
<block><region><rect/></region>
<text>
<par>
<line>Article 3 :</line></par>
<par>
<line>Le PPRi Loire val de Nevers modifié sera tenu à la disposition du public dans la mairie de la</line>
<line>commune de Saint-Eloi, ainsi qu'à la préfecture de la Nièvre et à la Direction Départementale des</line>
<line>Territoires de la Nièvre. Il sera mis en ligne sur le site internet des services de l'Etat dans la</line>
<line>Nièvre : http://vvww.nievre.goüv.fr/.</line></par>
</text>
</block>
<block><region><rect/></region>
<text>
<par>
<line>Article 4 ;</line></par>
<par>
<line>Le présent arrêté sera publié au recueil des actes administratifs de l’Etat dans la Nièvre et dans</line>
<line>un journal diffusé dans le département.</line></par>
<par>
<line>Il sera notifié au maire de la commune de Saint-Eloi et affiché dans la mairie pendant au moins</line>
<line>un mois à partir de la date de notification du présent arrêté.</line></par>
</text>
</block>
<block><region><rect/></region>
<text>
<par>
<line>Article 5 :</line></par>
<par>
<line>Dans un délai de deux mois à compter de la notification ou de la publication du présent arrêté,</line>
<line>les recours suivants peuvent être introduits en recommandé avec accusé de réception :</line></par>
<par>
<line>- soit un recours gracieux, adressé à Madame La Préfète de la Nièvre ;</line></par>
<par>
<line>- soit un recours hiérarchique, adressé à Monsieur le Ministre de l’Écologie, du</line>
<line>Développement Durable et de l'Énergie ;</line></par>
<par>
<line>- soit un recours contentieux en saisissant le tribunal administratif compétent.</line></par>
<par>
<line>Après un recours gracieux ou hiérarchique, le délai du recours contentieux ne court qu'à compter</line>
<line>du rejet explicite ou implicite de l'un de ces recours. Un rejet est considéré comme implicite au</line>
<line>terme d'un silence de l'Administration pendant deux mois.</line></par>
</text>
</block>






</page>
<page width="1653" height="2336" resolution="200">
<block><region><rect/></region>
<text orientation="RotatedCounterclockwise">
<par/>
</text>
</block>
<block><region><rect/></region>
<text>
<par>
<line>Article 6 :</line></par>
</text>
</block>
<block><region><rect/><rect/></region>
<text>
<par>
<line>. le secrétaire général de la préfecture de la Nièvre,</line></par>
<par>
<line>. le directeur départemental des territoires de la Nièvre,</line></par>
<par>
<line>. le maire de la commune de Saint-Eloi,</line></par>
<par>
<line>. le président de la communauté de communes Loire et Allier,</line></par>
<par>
<line>. le président du syndicat mixte du SCOT du Grand Nevers.</line></par>
<par>
<line>sont chargés, chacun en ce qui le concerne, de l'exécution du présent arrêté.</line></par>
</text>
</block>
<block><region><rect/></region>
<text>
<par>
<line>Fait à Nevers, le</line>
<line>La Préfète,</line></par>
</text>
</block>
<block><region><rect/><rect/><rect/></region>
<text>
<par>
<line>01. ' \9 Préfète</line>
<line>? '^élégatioi</line></par>
</text>
</block>
<block><region><rect/></region>
<text>
<par>
<line>et</line></par>
</text>
</block>
<block><region><rect/></region>
<text>
<par>
<line>taire</line></par>
</text>
</block>
<block><region><rect/></region>
<text>
<par>
<line>Le</line></par>
</text>
</block>
<block><region><rect/></region>
<text>
<par>
<line>^an-1</line></par>
</text>
</block>
<block><region><rect/></region>
<text>
<par>
<line>,iche! VIDÜS</line></par>
</text>
</block>


</page>
<page width="1677" height="2351" resolution="200">
<block><region><rect/></region>
<text>
<par>
<line>direction des actions</line></par>
<par>
<line>INTERMINISTERIELLES</line></par>
</text>
</block>
<block><region><rect/></region>
<text>
<par>
<line>Liberfé • Egaillé • Fraternité</line></par>
<par>
<line>République Française</line></par>
</text>
</block>
<block><region><rect/></region>
<text>
<par>
<line>BUREAU DE l'ENVIRONNEMENT PRÉFECTURE DE LA NIÈVRE</line></par>
<par>
<line>ET DE L'URBANISME</line></par>
<par>
<line>58026 NEVERS CEDEX</line></par>
<par>
<line>Affaire suivie par Mme JACOB"</line></par>
<par>
<line>TEL : 03.86.60.71.45</line>
<line>Télécopie : 03.86.60.72.51</line>
<line>PPR/Arrôt3 approbation val Nevers</line></par>
<par>
<line>N° 2001/P/ !{■</line></par>
</text>
</block>
<block><region><rect/></region>
<text>
<par>
<line>ARRETE</line></par>
<par>
<line>portant approbation du plan de prévention des risques naturels d’inondation</line>
<line>du Val de Nevers sur le territoire des communes de</line>
<line>NEVERS, CHALLUY, COULANGES-LES-NEVERS, SAINT-ELOI et SERMOISE-SUR-LOIRE</line></par>
</text>
</block>
<block><region><rect/></region>
<text>
<par>
<line>LE PREFET DE LA NiEVRE,</line></par>
<par>
<line>Chevalier de la Légion d'honneur,</line></par>
<par>
<line>- Vu le code de l’urbanisme ;</line></par>
<par>
<line>- VU le code de la construction et de l’habitat ;</line></par>
<par>
<line>- Vu le code générai des collectivités territoriales ;</line></par>
<par>
<line>, - Vu le code des assurances ;</line></par>
<par>
<line>- VU la loi n° 87-565 du 22 juillet 1987 relative à l'organisation de la sécurité civile, à la</line>
<line>protection de la forêt contre l'incendie et à la prévention des risques majeurs, modifiée par la loi n° 95-101</line>
<line>du 2 février 1995 relative au renforcement de la protection de l’environnement, et notamment ses articles</line>
<line>40-1 à 40-7 ;</line></par>
</text>
</block>
<block><region><rect/></region>
<text>
<par>
<line>- VU la loi n° 92-3 du 3 janvier 1992 sur l’eau et notamment son article 16 ;</line></par>
<par>
<line>- Vu le décret du 4 septembre 1975 portant approbation du plan des surfaces submersibles de</line>
<line>la vallée de la Loire sur les deux rives dans la section comprise entre DiGOlN (Saône-et-Loire) à l’amont,</line>
<line>et BRIARE (Loiret) à l’aval ;</line></par>
<par>
<line>- Vu le décret modifié n° 82-389 du 10 mai 1982 relatif aux pouvoirs des Préfets et à l’action</line>
<line>des services de l’Etat dans les départements ;</line></par>
<par>
<line>- VU le décret n° 90-918 du 11 octobre relatif à l’exercice du droit à l’information sur les</line>
<line>risques majeurs ;</line></par>
<par>
<line>- VU le décret n° 92-604 du juillet 1992 portant charte de la déconcentration ;</line></par>
<par>
<line>- Vu le décret n° 95-1089 du 5 octobre 1995 et notamment son article 7 ;</line></par>
<par>
<line>- Vu la circulaire interministérielle du 24 janvier 1994 relative à la prévention des inondations</line>
<line>et à la gestion des zones inondables ;</line></par>
<par>
<line>- VU la circulaire interministérielle du 24 avril 1996 relative aux dispositions applicables au bâti</line>
<line>et aux ouvrages existants en zone inondable ;</line></par>
</text>
</block>
<block><region><rect/></region>
<text>
<par>
<line>.../...</line></par>
</text>
</block>
<block><region><rect/></region>
<text>
<par>
<line>40, rue de la Préfecture</line>
<line>58026 NEVERS CEDEX</line></par>
</text>
</block>



</page>
<page width="1675" height="2349" resolution="200">
<block><region><rect/></region>
<text>
<par>
<line>-2-</line></par>
</text>
</block>
<block><region><rect/></region>
<text>
<par>
<line>- VU l'arrêté préfectoral n'’ 2000/ODE/3945 du 31 octobre 2000 prescrivant l’élaboration d’un</line>
<line>pian de prévention des risques naturels prévisibles d’inondation du Val de Nevers ;</line></par>
<par>
<line>- VU l’arrêté préfectoral n° 2001/P/1794 du 13 juin 2001 portant ouverture d’une enquête</line>
<line>publique relative au projet de plan de prévention des risques naturels prévisibles d’inondation du Val de</line>
<line>Nevers sur le territoire des communes de NEVERS, CHALLUY, COULANGES-LES-NEVERS, SAINT-</line>
<line>ELOI et SERMOISE-SUR-LOIRË .</line></par>
<par>
<line>- VU les avis des conseils municipaux des communes précitées, consultés le 13 juin 2001 ;</line></par>
<par>
<line>- VU les avis du Centre régional de la propriété forestière et de ta Chambre d’agriculture,</line>
<line>consultés le 13 juin 2001 ;</line></par>
<par>
<line>- VU les pièces du dossier soumis à l’enquête ;</line></par>
<par>
<line>VU l'avis favorable, sous réserve de modifications, du commissaire enquêteur en date du</line>
<line>17 août 2001 ;</line></par>
<par>
<line>- CONSIDERANT la nécessité de délimiter les terrains sur lesquels l’occupation ou l’utilisation</line>
<line>du sol doit être réglementée du fait de leur exposition à un risque naturel d'inondation et de définir les</line>
<line>mesures de prévention, de protection et de sauvegarde ;</line></par>
<par>
<line>- SUR la proposition de M. le Secrétaire Général de la Préfecture ;</line></par>
</text>
</block>
<block><region><rect/></region>
<text>
<par>
<line>ARRETE</line></par>
</text>
</block>
<block><region><rect/></region>
<text>
<par>
<line>ARTICLE 1er:</line></par>
<par>
<line>Est approuvé te! qu’il est annexé au présent arrêté, le pian de prévention des risques naturels</line>
<line>prévisibles d'inondation du Va! de Nevers, qui comprend :</line></par>
<par>
<line>- un rapport de présentation,</line></par>
<par>
<line>- un règlement,</line></par>
<par>
<line>- un plan de zonage par commune,</line></par>
<par>
<line>- une carte des enjeux de l’ensemble du val.</line></par>
</text>
</block>
<block><region><rect/></region>
<text>
<par>
<line>Le présent plan de prévention des risques naturels prévisibles d’inondation sera annexé aux pians</line>
<line>locaux d’urbanisme des communes de NEVERS, CHALLUY, COULANGES-LES-NEVERS, SAINT-ELOI</line>
<line>et SERMOlSE-SUR-LOiRE, comme servitude d’utilité publique en application de l’article L. 126-1 du code</line>
<line>de l’urbanisme.</line></par>
<par>
<line>ARTICLE 3 :</line></par>
<par>
<line>Le plan approuvé est tenu à la disposition du public à la Préfecture de la Nièvre, bureau de</line>
<line>['environnement et de l’urbanisme, ainsi que dans les mairies des communes de NEVERS, CHALLUY,</line>
<line>COULANGES-LES-NEVERS, SAINT-ELOi et SERMOISE-SUR-LOiRE.</line></par>
</text>
</block>
<block><region><rect/></region>
<text>
<par>
<line>./.</line></par>
</text>
</block>







</page>
<page width="1673" height="2348" resolution="200">
<block><region><rect/></region>
<text>
<par>
<line>-3-</line></par>
</text>
</block>
<block><region><rect/></region>
<text>
<par>
<line>ARTICLE 4 :</line></par>
<par>
<line>Cet arrêté fera l’objet d’une mention qui sera insérée en caractères apparents dans « Le Journal</line>
<line>du Centre » et « Le Journal du Centre Dimanche ».</line></par>
<par>
<line>il sera, en outre, affiché pendant une durée minimum d’un mots dans chacune des mairies</line>
<line>précitées.</line></par>
<par>
<line>Un certificat d’affichage sera établi par chaque maire pour constater l’accomplissement de cette</line>
<line>formalité.</line></par>
<par>
<line>ARTICLE 5 :</line></par>
<par>
<line>La présente décision d’approbation du plan de prévention des risques naturels d’inondation du Val</line>
<line>de Nevers peut être contestée dans un délai de deux mois à compter de sa notification :</line></par>
<par>
<line>- par recours gracieux auprès de l’auteur de la décision,</line></par>
<par>
<line>- par recours contentieux auprès du tribunal administratif.</line></par>
</text>
</block>
<block><region><rect/></region>
<text>
<par>
<line>ARTICLE 6:</line></par>
<par>
<line>- M. le Secrétaire Général de la Préfecture de la Nièvre</line></par>
<par>
<line>- M. le Directeur départemental de l’équipement</line></par>
<par>
<line>- MM. les Maires NEVERS, CHALLUY, COULANGES-LES-NEVERS, SAINT-ELOI et</line>
<line>^ SERMOISË-SUp-LOlRE,</line></par>
<par>
<line>sont chargés, chacun en ce qui le concerne, de l'exécution du présent arrêté qui sera publié au</line>
<line>recueil des actes administratifs de la Préfecture.</line></par>
</text>
</block>
<block><region><rect/></region>
<text>
<par>
<line>Fait à Nevers, le 1 ^ OEC. 2001</line></par>
</text>
</block>
<block><region><rect/></region>
<text>
<par>
<line>f.f.</line></par>
</text>
</block>
<block><region><rect/><rect/><rect/></region>
<text>
<par>
<line>Peur Ernp'îatton "</line></par>
<par>
<line>Le Ch^rds D.Tij</line></par>
</text>
</block>
<block><region><rect/></region>
<text>
<par/>
</text>
</block>
<block><region><rect/></region>
<text>
<par>
<line>07</line></par>
</text>
</block>
<block><region><rect/></region>
<text>
<par/>
</text>
</block>
<block><region><rect/></region>
<text>
<par/>
</text>
</block>
<block><region><rect/></region>
<text>
<par/>
</text>
</block>
<block><region><rect/></region>
<text>
<par/>
</text>
</block>
<block><region><rect/></region>
<text>
<par>
<line>LE PREFET</line></par>
</text>
</block>
<block><region><rect/></region>
<text>
<par/>
</text>
</block>




</page>
</PM1>