<?xml version="1.0" encoding="UTF-8"?><PM1>
<page width="1726" height="2389" resolution="200">
<block><region><rect/></region>
<text>
<par/>
</text>
</block>
<block><region><rect/></region>
<text>
<par>
<line>Liberté • Égalité • Fraternité</line></par>
</text>
</block>
<block><region><rect/></region>
<text>
<par>
<line>RÉPUBuauE Française</line>
<line>PREFECTURE</line></par>
<par>
<line>DE LA REGION GUADELOUPE</line></par>
</text>
</block>
<block><region><rect/></region>
<text>
<par>
<line>SECRETARIAT GENERAL</line></par>
<par>
<line>Direction de radniinistration Générale</line>
<line>et de la Réglementation</line></par>
<par>
<line>Bureau de rUrbanisme,</line></par>
<par>
<line>de l'Environnement et du Cadre de Vie</line></par>
<par>
<line>N° 2010 AD/I/4</line></par>
</text>
</block>
<block><region><rect/></region>
<text>
<par>
<line>Basse-Terre, îe</line></par>
</text>
</block>
<block><region><rect/></region>
<text>
<par>
<line>24 JUIN 2010</line></par>
</text>
</block>
<block><region><rect/></region>
<text>
<par>
<line>ARRETE</line></par>
<par>
<line>PORTANT APPROBATION DU PLAN DE PREVENTION DES</line>
<line>RISQUES NATURELS PREVISIBLES DE LA COMMUNE DE</line></par>
<par>
<line>SAINT-FRANÇOIS</line></par>
<par>
<line>***********</line></par>
</text>
</block>
<block><region><rect/></region>
<text>
<par>
<line>LE PRÉFET DE LA GUADELOUPE</line></par>
<par>
<line>VU le code de T environnement, et notamment ie livre V, titre VI sur la prévention des</line>
<line>risques naturels ;</line></par>
<par>
<line>VU le code de Turbanisme ;</line></par>
<par>
<line>VU îe code de la construction et de l’habitation, notamment son article 111--4 ;</line></par>
<par>
<line>VU le code de l’expropriation pour cause d’utilité publique ;</line></par>
<par>
<line>VU le code forestier ;</line></par>
<par>
<line>VU le code pénal ;</line></par>
<par>
<line>VU le code de procédure pénale ;</line></par>
<par>
<line>VU le code civil ;</line></par>
<par>
<line>VU le code général des collectivités territoriales ;</line></par>
<par>
<line>VU le code des assurances ;</line></par>
<par>
<line>VU le décret n°9Û- 918 du 11 octobre 1990 relatif à l’exercice du droit à l’information sur</line>
<line>les risques majeurs modifié par le décret n°2004-554 du 9 juin 2004 ;</line></par>
</text>
</block>












</page>
<page width="1688" height="2363" resolution="200">
<block><region><rect/></region>
<text>
<par>
<line>vu le décret n°91-461 du 14 mai 1991 relatif à la prévention du risque sismique modifié par</line>
<line>le décret n°2004 -1413 du 23 décembre 2004 ;</line></par>
<par>
<line>VU le décret n°95-630 du 5 mai 1995 relatif au commissionnement et à l’assermentation</line>
<line>d’agents habilités à rechercher et à constater les infractions à la loi n®92-3 du 3 janvier</line>
<line>1992 sur l’eau ;</line></par>
<par>
<line>VU le décret n°95-1089 du 5 octobre 1995 relatif aux plans de prévention des risques</line>
<line>naturels prévisibles modifié par le décret n°2005-3 du 5 janvier 2005 ;</line></par>
<par>
<line>VU l’arrêté préfectoral n® 2004-550 AD 1/4 du 29 avril 2004 portant prescription d’un plan</line>
<line>de prévention des risques naturels prévisibles sur le territoire de la commune de SAINT-</line>
<line>FRANÇOIS ;</line></par>
<par>
<line>VU l’arrêté préfectoral n° 2009-1554 AD 1/4 du 08/10/2009 prescrivant l’ouverture d’une</line>
<line>enquête publique relative au plan de prévention des risques naturels prévisibles sur le</line>
<line>territoire de la commune de SAINT-FRANÇOIS ;</line></par>
<par>
<line>VU l’avis réputé favorable du conseil municipal de SAINT-FRANÇOIS ;</line></par>
<par>
<line>VU les conclusions motivées du commissaire enquêteur monsieur Jack CAILACHON qui a</line>
<line>émis un avis favorable au projet soumis à l’enquête publique qui s’est déroulée du 10</line>
<line>novembre 2009 au 10 décembre 2009 inclus ;</line></par>
<par>
<line>VU le rapport du directeur départemental de l’équipement, instructeur du projet ;</line></par>
</text>
</block>
<block><region><rect/></region>
<text>
<par>
<line>SUR proposition du secrétaire général de la préfecture</line></par>
</text>
</block>
<block><region><rect/></region>
<text>
<par>
<line>ARRETE</line></par>
</text>
</block>
<block><region><rect/></region>
<text>
<par>
<line>ARTICLE 1 :</line></par>
<par>
<line>I - Est approuvé, tel qu’il est annexé au présent arrêté, le plan de prévention des risques</line>
<line>naturels prévisibles de SAINT-FRANÇOIS.</line></par>
<par>
<line>II -• Le P.P.R.N se présente sous forme d’un dossier comportant 6 pièces :</line></par>
<par>
<line>• 1) un règlement</line></par>
<par>
<line>• 2) deux plans de zonage réglementaire</line></par>
<par>
<line>• 3) un rapport de présentation</line></par>
<par>
<line>• 4) une note méthodologique sur l’élaboration du PPR</line></par>
<par>
<line>• 5) 5 cartes (enjeux et aléas)</line></par>
<par>
<line>• 6) documents graphiques</line></par>
</text>
</block>









</page>
<page width="1681" height="2358" resolution="200">
<block><region><rect/></region>
<text>
<par>
<line>III- Il est tenu à la disposition du public tous les jours ouvrables et aux heures habituelles</line>
<line>d’ouverture des bureaux :</line></par>
</text>
</block>
<block><region><rect/></region>
<text>
<par>
<line>à la mairie de SAINT-FRANÇOIS ;</line>
<line>à la préfecture de la Guadeloupe</line></par>
</text>
</block>
<block><region><rect/></region>
<text>
<par>
<line>ARTICLE 2 :</line></par>
<par>
<line>Le plan de prévention des risques naturels prévisibles de la commune de Saint-François sera</line>
<line>notifié au maire de Saint-François en vue de son annexion au document d’urbanisme de la</line>
<line>commune pour sa prise en compte lors de la délivrance des autorisations de construire.</line></par>
<par>
<line>ARTICLE 3 :</line></par>
<par>
<line>Le secrétaire général de la préfecture, le directeur de cabinet, le sous-préfet de Pointe-à-Pitre,</line>
<line>le directeur départemental de l’équipement, le directeur régional de l’environnement, le maire</line>
<line>de Saint-François, sont chargés en ce qui le concerne de l’exécution du présent arrêté qui sera</line>
<line>publié au recueil des actes administratifs de la préfecture.</line></par>
</text>
</block>
<block><region><rect/></region>
<text>
<par>
<line>Pour le Préfet,</line></par>
</text>
</block>
















</page>
</PM1>