<?xml version="1.0" encoding="UTF-8"?><PM1>
<page width="2479" height="3508" resolution="300">
<block><region><rect/></region>
<text>
<par>
<line>mm</line></par>
<par>
<line>Llterté • Égalilt • Fraternité</line>
<line>RÉPUBUQyE FRANÇAISE</line>
<line>PREFET DES VOSGES</line></par>
</text>
</block>
<block><region><rect/></region>
<text>
<par>
<line>DIRECTION DEPARTEMENTALE</line>
<line>DES TERRITOIRES</line></par>
<par>
<line>Service de l'Environnement et des</line>
<line>Risques</line></par>
<par>
<line>Bureau de la Prévention des Risques</line></par>
</text>
</block>
<block><region><rect/></region>
<text>
<par>
<line>Arrêté ii‘’901/2016/DDT du 2 9 2916</line></par>
<par>
<line>portant approbation</line>
<line>du Plan de Prévention des Risques</line>
<line>« inondations » du Côney</line>
<line>sur la conunune de Fontenoy-le-Château</line></par>
<par>
<line>Le Préfet des Vosges,</line></par>
<par>
<line>Chevalier de la Légion d’honneur,</line></par>
<par>
<line>Officier de l’ordre national du Mérite,</line></par>
<par>
<line>Vu le code de l’environnement et notamment son artiele L.562-1 et suivants et R.562-1 et</line>
<line>suivants ;</line></par>
<par>
<line>Vu le code de l’urbanisme, articles L. 126-1 et R. 126-1 ;</line></par>
<par>
<line>Vu le code de la construction et de l’habitation, et notamment l’article R. 126-1 ;</line></par>
<par>
<line>Vu la loi n° 82-600 du 13 juillet 1982 modifiée relative à l’indemnisation des vietimes de</line>
<line>catastrophes naturelles ;</line></par>
<par>
<line>Vu la loi n® 2004-811 du 13 juillet 2004 dite loi de modernisation de la sécurité civile ;</line></par>
<par>
<line>Vu le décret du 19 février 2015 nommant Monsieur Jean-Pierre CAZENAVE-</line>
<line>LACROUTS, Préfet des Vosges ;</line></par>
<par>
<line>Vu l’arrêté préfectoral prescrivant le PPRi sur le territoire de la commune de Fontenoy-le-</line>
<line>Château par arrêté préfectoral n°370/2015/DDT du 4 septembre 2015 ;</line></par>
<par>
<line>Vu l'arrêté DREAL-88PLU15PL32 du 31/07/2015 portant décision d'examen au cas par</line>
<line>cas en application de l'article R. 122-18 du code de l'enviroimement ;</line></par>
<par>
<line>Vu l’arrêté préfectoral n°1450/2016 du 18 juillet 2016 portant ouverture du 2 septembre au</line>
<line>3 octobre 2016 de l'enquête publique relative au Plan de Prévention des Risques</line>
<line>inondations de la rivière le Côney sur le territoire de la commune de Fontenoy-le-</line>
<line>Château ;</line></par>
<par>
<line>Vu l’arrêté du 3 décembre 2015 portant approbation du schéma directeurs d’aménagement</line>
<line>et de gestion des eaux (SDAGE) du bassin Rhône-Méditerrîumée ;</line></par>
<par>
<line>Vu l’arrêté du 7 décembre 2015 portant approbation du Plan de Gestion des Risques</line>
<line>d’inondation (PGRI) du bassin Rhône-Méditerrannée ;</line></par>
</text>
</block>

</page>
<page width="2479" height="3508" resolution="300">
<block><region><rect/></region>
<text>
<par>
<line>Vu la consultation pour avis réalisée auprès du conseil municipal et conseils</line>
<line>communautaires concernés du 29 janvier 2016 au 1" Avril 2016 et les délibérations</line>
<line>prises par la commune de :</line></par>
<par>
<line>• Fontenoy-le-Château, délibération en date du 04/04/2016,</line>
<line>et par la communauté de communes du val de voge, délibération en date du 18/04/2016 ;</line>
<line>et par le Syndicat mixte du SCoT des Vosges Centrales, délibération en date du 30/05/2016 ;</line></par>
</text>
</block>
<block><region><rect/></region>
<text>
<par>
<line>Vu l'avis du Centre National de la Propriété Forestière, pas de délibération ;</line></par>
<par>
<line>Vu l'avis de la Chambre d'Agriculture en date du 08/03/2016 ;</line></par>
<par>
<line>Vu l’avis favorable de M. Paul Besseyrias, commissaire-enquêteur en date du 28/10/2016 ;</line></par>
<par>
<line>CONSIDERANT la nécessité de délimiter les terrains sur lesquels l’occupation ou l’utilisation</line>
<line>du sol doit être réglementée du fait de son exposition aux risques « inondations » sur ces</line>
<line>communes ;</line></par>
<par>
<line>Sur proposition de la Secrétaire Générale de la Préfecture</line>
<line>Arrête</line></par>
<par>
<line>Article l®*" : Le projet de Plan de Prévention des Risques « inondations » lié à la rivière le</line>
<line>Côney et une partie de ses affluents sur la commime de Fontenoy-le-Château, tel qu’il est</line>
<line>annexé au présent arrêté, et comprenant les pièces mentioimées à l’article 2, est approuvé.</line></par>
<par>
<line>Article 2 : Le dossier réglementaire de Plan de Prévention des Risques « inondations » de la</line>
<line>rivière lie Côney et une partie de ses affluents sur la commune de Fontenoy-le-Château,</line>
<line>comprend :</line></par>
</text>
</block>
<block><region><rect/></region>
<text>
<par>
<line>- une note de présentation,</line></par>
<par>
<line>- un règlement,</line></par>
<par>
<line>- des documents graphiques.</line></par>
<par>
<line>Article 3 : Le présent arrêté fera l’objet d’une mention au Recueil des Actes Administratifs</line>
<line>de la Préfecture des Vosges et d'une publication dans deux journaux diffusés dans les Vosges.</line></par>
</text>
</block>
<block><region><rect/></region>
<text>
<par>
<line>Article 4 : Une copie du présent arrêté sera affichée dans la mairie de Fontenoy-le-Château,</line>
<line>au siège de la communauté de commîmes du val de voge, pendant un mois au minimum et au</line>
<line>siège du Scot des Vosges Centrales.</line></par>
<par>
<line>L’accomplissement de cette mesure incombe aux Maires, au Président de la Communauté de</line>
<line>commune concerné et au Président du Scot des Vosges Centrales, puis est certifié par eux.</line></par>
<par>
<line>Le certificat d’affichage sera retourné complété et signé au terme du délai d'affichage, à la</line>
<line>Direction Départementale des Territoires, Service Envirormement et Risques, Bureau</line>
<line>Prévention des Risques.</line></par>
</text>
</block>
<block><region><rect/></region>
<text>
<par>
<line>2/3</line></par>
</text>
</block>
</page>
<page width="2479" height="3508" resolution="300">
<block><region><rect/></region>
<text>
<par>
<line>Article 5 : Le Plan de Prévention des Risques « inondations » de la rivière le Côney</line>
<line>approuvé, est tenu à la disposition du public en Préfecture des Vosges, dans la Mairie de</line>
<line>Fontenoy-le-Château, au siège de la communauté de communes du val de voge et au siège du</line>
<line>Scot des Vosges Centrales.</line></par>
</text>
</block>
<block><region><rect/></region>
<text>
<par>
<line>Article 6 : La Secrétaire Générale de la Préfecture, le Directeur D^artemental des</line>
<line>Territoires, le Maire de la commune concernée et le Président de la Communauté de</line>
<line>communes, le Président du Scot des Vosges Centrales, sont chargés, chacun en ce qui le</line>
<line>concerne, de l’exécution du présent arrêté qui sera publié au Recueil des Actes Administratifs</line>
<line>de la Préfecture.</line></par>
</text>
</block>
<block><region><rect/></region>
<text>
<par>
<line>Fait à Epinal, le</line></par>
</text>
</block>
<block><region><rect/></region>
<text>
<par>
<line>2 9 NOV. 2016</line></par>
</text>
</block>
<block><region><rect/><rect/></region>
<text>
<par>
<line>Le Préfet,</line></par>
<par>
<line>Pour le Préfet et par délégation,</line></par>
<par>
<line>La secrétaire àéMre/e de la Préfecture,</line></par>
</text>
</block>
<block><region><rect/></region>
<text>
<par>
<line>Claire WANDEROILD</line></par>
</text>
</block>
<block><region><rect/></region>
<text>
<par>
<line>Délais et voies de recours.</line></par>
<par>
<line>Le présent arrêté peut faire l’objet d’un recours gracieux auprès de mes services dans un délai de</line>
<line>2 mois à compter de sa publication.</line></par>
<par>
<line>n peut également faire l’objet d’un recours contentieux devant le Tribunal Administratif de Nancy</line>
<line>dans un délai de 2 mois à compter de sa publication.</line></par>
</text>
</block>
<block><region><rect/></region>
<text>
<par>
<line>3/3</line></par>
</text>
</block>

</page>
</PM1>