<?xml version="1.0" encoding="UTF-8"?><PM1>
<page width="1653" height="2339" resolution="200">
<block><region><rect/></region>
<text>
<par>
<line>Liberté • Égalité • Fraternité</line>
<line>RÉPUBLIQUE FRANÇAISE</line></par>
<par>
<line>PREFECTURE DE L'EURE</line></par>
</text>
</block>
<block><region><rect/></region>
<text>
<par>
<line>Arrêté n° DDE-SSCPR-2007-03</line>
<line>portant approbation du plan de prévention des risques</line>
<line>d’inondation de Piton aval</line></par>
<par>
<line>Le préfet de l’Eure</line>
<line>Officier de la Légion d’Honneur</line>
<line>Officier de l’Ordre National du Mérite</line></par>
</text>
</block>
<block><region><rect/></region>
<text>
<par>
<line>VU</line></par>
<par>
<line>- le code de l'environnement ;</line></par>
<par>
<line>- le code de Turbanisme ;</line></par>
<par>
<line>- le code de la construction et de l’habitation ;</line></par>
<par>
<line>- le code général des collectivités territoriales ;</line></par>
<par>
<line>- le décret n° 95-1089 du 5 octobre 1995 relatif aux plans de prévention des risques naturels,</line>
<line>modifié par le décret n° 2G05-3 du 4 janvier 2005 ;</line></par>
<par>
<line>- le décret n° 2004-374 du 29 avril 2004 relatif aux pouvoirs des préfets, à l'organisation et à</line>
<line>l'action des services de l'Etat dans les régions et départements ;</line></par>
<par>
<line>- l'arrêté préfectoral du 1er août 2001 prescrivant l'établissement d'un plan de prévision des</line>
<line>risques d'inondation de Tlton aval ;</line></par>
<par>
<line>- l'arrêté préfectoral du 24 octobre 2006 régissant l'enquête publique prévue dans le cadre du</line>
<line>plan de prévision des risques d'inondation de l'Iton aval ;</line></par>
<par>
<line>- l'ensemble des avis recueillis au cours de la procédure d'instruction du dossier ;</line></par>
<par>
<line>- le rapport établi par le commissaire enquêteur ;</line></par>
<par>
<line>- les conclusions motivées et l'avis favorable du commissaire enquêteur en date du</line>
<line>22 janvier 2007 ;</line></par>
<par>
<line>Sur proposition du Directeur Départemental de l'Equipement de l'Eure ;</line></par>
<par>
<line>ARRÊTE</line></par>
</text>
</block>
<block><region><rect/></region>
<text>
<par>
<line>Article 1 : Est approuvé, tel qu'il est annexé au présent arrêté, le plan de prévention des</line>
<line>risques d'inondation de l'Iton aval sur le territoire des communes suivantes : TOURNEVILLE,</line>
<line>La Vacherie, Hondouville, Houetteville, Brosville, Amfreville-sur-Iton,</line>
<line>Acquigny.</line></par>
</text>
</block>
<block><region><rect/></region>
<text>
<par>
<line>1</line></par>
</text>
</block>







</page>
<page width="1653" height="2339" resolution="200">
<block><region><rect/></region>
<text>
<par>
<line>Article 2 : Le plan de prévention des risques comprend :</line></par>
<par>
<line>- une note de présentation ;</line></par>
<par>
<line>- quatre documents graphiques ;</line></par>
<par>
<line>- un règlement.</line></par>
<par>
<line>Le plan de prévention des risques d'inondation est tenu à la disposition du public</line>
<line>tous les jours ouvrables aux heures habituelles d'ouverture des bureaux :</line></par>
<par>
<line>- dans les mairies des sept communes précitées ;</line></par>
<par>
<line>- au siège de la communauté d'Agglomération d'Evreux;</line></par>
<par>
<line>- au siège du Syndicat Mixte SCOT Seine Eure Forêt de Bord;</line></par>
<par>
<line>- au siège de la communauté de communes du plateau du Neubourg;</line></par>
<par>
<line>- à la Préfecture de l'Eure ;</line></par>
<par>
<line>- à la Sous-préfecture des Andelys ;</line></par>
<par>
<line>- à la Direction Départementale de l'Equipement de l'Eure.</line></par>
<par>
<line>Article 3 ; Le présent arrêté sera publié au recueil des actes administratifs de la préfecture</line>
<line>de l'Eure et mention en sera faite en caractères apparents dans les deux journaux suivants :</line></par>
<par>
<line>- Paris Normandie ;</line></par>
<par>
<line>- l'impartial des Andelys.</line></par>
<par>
<line>Le présent arrêté sera affiché dans les mairies des communes précitées et aux</line>
<line>sièges de la communauté d'Agglomération d'Evreux, du Syndicat Mixte SCOT Seine Eure</line>
<line>Forêt de Bord et de la communauté de communes du plateau du Neubourg, et porté à la</line>
<line>connaissance du public par tous procédés en usage dans les communes pendant un mois au</line>
<line>minimum. Ces mesures de publicité seront justifiées par chacun des maires et des présidents</line>
<line>des établissements publics de coopération intercommtmale.</line></par>
<par>
<line>Article 4 ; Le plan de prévention des risques approuvé vaut servitude d'utilité publique et</line>
<line>sera annexé aux documents d'urbanisme des communes précitées.</line></par>
<par>
<line>Article 5 : Le Sous-préfet, Directeur de Cabinet, le Sous-préfet des Andelys, le Directeur</line>
<line>Départemental de l'Equipement de l'Eure, les maires des sept communes Concernées, le</line>
<line>Président de la communauté d'Agglomération d'Evreux, le Président du Syndicat Mixte SCOT</line>
<line>Seine Eure Forêt de Bord, le Président de la communauté de communes du plateau du</line>
<line>Neubourg sont chargés, chacun en ce qui le concerne, de l'exécution du présent arrêté.</line></par>
</text>
</block>
<block><region><rect/></region>
<text>
<par>
<line>Évreux, le 12 juillet 2007</line></par>
</text>
</block>
<block><region><rect/></region>
<text>
<par>
<line>e Préfet,</line></par>
</text>
</block>
<block><region><rect/></region>
<text>
<par>
<line>Jacques LAIBNE</line></par>
</text>
</block>
<block><region><rect/></region>
<text>
<par>
<line>2</line></par>
</text>
</block>








</page>
</PM1>