<?xml version="1.0" encoding="UTF-8"?><PM1>
<page width="799" height="1128" resolution="96">
<block><region><rect/></region>
<text>
<par>
<line>LA0»it •</line></par>
<par>
<line>itrVKIQMt FtUfÇMft</line></par>
</text>
</block>
<block><region><rect/></region>
<text>
<par>
<line>ARRETE</line></par>
</text>
</block>
<block><region><rect/></region>
<text>
<par>
<line>4rittM</line></par>
</text>
</block>
<block><region><rect/></region>
<text>
<par/>
</text>
</block>
<block><region><rect/></region>
<text>
<par/>
</text>
</block>
<block><region><rect/></region>
<text>
<par>
<line>UKWfflMl</line></par>
</text>
</block>
<block><region><rect/></region>
<text>
<par>
<line>llWSM</line></par>
</text>
</block>
<block><region><rect/></region>
<text>
<par>
<line>OWlÉWl</line></par>
</text>
</block>
<block><region><rect/></region>
<text>
<par>
<line>portant approbation du plan da prévention oea naquaa naturels</line>
<line>prèvislbtes d’inondation et de mouvements de terrain</line>
<line>sur la commune d’Aurlbeau'Sur-Sla^ne</line></par>
</text>
</block>
<block><region><rect/></region>
<text>
<par>
<line>Le protêt du departement oes Alpec-Mantmes</line>
<line>Otticier de la Letton dtionneu'</line></par>
<par>
<line>CtievaKer de l’Ordre national du Mèn e</line></par>
</text>
</block>
<block><region><rect/></region>
<text>
<par>
<line>Vu la loi n* 07*565 du 22 juillet 'dS? relative à I orQan^satlon de a sécjritè civile,</line>
<line>â la pfotecüon de la forêt contre riiKendle et à la prévention des risques</line>
<line>majeurs,</line></par>
</text>
</block>
<block><region><rect/></region>
<text>
<par>
<line>Vu la foi n* 95*101 du 02 féviier 1995 relative au rertofcemont de ta protection</line>
<line>de renvkonnc rnent mocf fiant le toi n* 67-565 précitée.</line></par>
<par>
<line>Vj le décret n* 95-1089 du OS o;.toDre 1995 leiatif aux plans de prévention aes</line>
<line>risques naturels prévisibles.</line></par>
<par>
<line>Vu le code de rexproorlation pour cause o’utilité publique et notamment ses</line>
<line>artidea R.im à R.11-12.</line></par>
<par>
<line>Vu rarrété préfectoral du 17 octobre 1994 pres^rtyant Tétab^ «serrent d'un plart</line>
<line>de p&lt;éve&lt;ition des risques naturels prévisible d’inondation et de mouvements de</line>
<line>terrain sur le temtoim de la comrnune d'Aur&gt;ueau-sur-Siagr&gt;e,</line></par>
<par>
<line>Vu l’article 40-6 de la toi susv'sée stipulant que les plans O expositioo eux</line>
<line>risques naturels prévisibles en cours détaboration sont considérés comme des</line>
<line>priais de plan de prévention dev risques naturels prévisibles.</line></par>
<par>
<line>Vu rarrêtè préfectoral en date du 01 août 2002 rendant Immédiatement</line>
<line>opposables les dispositions du RPR inondaton el mouvemer^ de terram</line>
<line>d’Aurlbeau-sur-Siagne.</line></par>
<par>
<line>Vu les lettres en date du 15 avrM 2004 tranerrrettant le projet de RPR IrKndation</line>
<line>et mouvements de terrain pour avis é la chambre d’agriculture, au centre</line>
<line>régional de la propriété forestière de Rrovence-Alpes-COte d’Azur et au maire</line>
<line>d'Aunbeau-sur-6iagne aux fins de saisine du conseil municipal.</line></par>
</text>
</block>
<block><region><rect/></region>
<text>
<par>
<line>ewn</line></par>
<par>
<line>«SWtoMH]</line></par>
</text>
</block>
<block><region><rect/><rect/></region>
<text>
<par>
<line>•»iTr?J7</line></par>
</text>
</block>
<block><region><rect/></region>
<text>
<par>
<line>Vu l’avis de la chambre d’agncuiture des Alpes-Meritlmos en date du</line>
<line>11 juin 2004,</line></par>
<par>
<line>Vu l'avis du centre régional de ia propriété forestère de Provence-Alpes-Côte</line>
<line>(TAzur en date du 01 jiin 2004.</line></par>
<par>
<line>.J,</line></par>
</text>
</block>



</page>
<page width="799" height="1127" resolution="96">
<block><region><rect/></region>
<text>
<par>
<line>Vu la délibération du consori mumdpal d'AunbeaU'Sur-Siagnd en date du</line>
<line>01 juin 2004.</line></par>
</text>
</block>
<block><region><rect/></region>
<text>
<par>
<line>Vu i'afrètè préfectoral du 15 avril 2004 prescrivant Vouverture d'une enquête</line>
<line>publique sur le projet de PPR inondation et mouvements de temein d*Auribeau-</line>
<line>sur-Siagne,</line></par>
<par>
<line>Vu I avis et 'es conclusions du commissaire enquôleu'.</line></par>
<par>
<line>Considérant que les evis reçus et les observations déposées lors de Tenquéte</line>
<line>publique oe lustifient pas des modlficatiortt sur le règlement et les plens de</line>
<line>zonage réglementaire par rapport au PPR soumis è enquête pubique,</line></par>
</text>
</block>
<block><region><rect/></region>
<text>
<par>
<line>ARRÊTE:</line></par>
</text>
</block>
<block><region><rect/></region>
<text>
<par>
<line>Article 1 .1. Est approuvé ie plan de prévention des risoues naturels prévisibles</line>
<line>d’inondation et de mouvements de terrain sur la commune d’AuriDeau-sur&gt;</line>
<line>Siagne tel qu’annexé au présent arrêté</line></par>
<par>
<line>'I. Il est tenu à la disposition eu public.</line></par>
<par>
<line>1 • à la mairia iTAuribeaL-sur-Siagne, tous les iours ouvrâmes aux lieures</line>
<line>babrjieHes (Touveniae oe ta malr^.</line></par>
<par>
<line>2 • au bureau d’accueil de la direction départementale de ^équipement du</line>
<line>centie admlnistraif départemental à Nlre tous «es jours ouvrables (sauf le</line>
<line>samedi) de 9h00 é 151&gt;30.</line></par>
<par>
<line>3 &gt; é la subdivision de réquioement de Grasse, tous les jours ouvrables (sauf le</line>
<line>samedi) aux heures habituelles d'ouverture.</line></par>
<par>
<line>\'\ Ce plan de prévention des risques netwels prévisibles campons é la fois</line>
<line>pour rmondation al le mouveitert de terrain :</line></par>
<par>
<line>lamèté préfectoral du 17 octoore 1994 preserrvant le PPR.</line></par>
<par>
<line>- un rapport de présentation.</line></par>
<par>
<line>- deux ^ans de zonage au 1/2500^ pour l’inondat'on.</line></par>
<par>
<line>- un plan de zonage au 1/2£00^ pour le mouvements de terrain.</line></par>
<par>
<line>• un règlement.</line></par>
<par>
<line>• deux annexes graphiques, carte des hauteurs, des vitesses et de l'alèa.</line></par>
<par>
<line>Article 2 : Le présent arrêté fera l’objet d’une mention eu recueil des actes</line>
<line>administratifs de le préfecture, arnsi que dans les deux journaux beaux diaprés</line>
<line>oéslgriés ; &lt;N)ce Matin» et «Le Patriote Céte d’azur».</line></par>
<par>
<line>Une copie de rarrètè sera affichée en marie pendant un mois au mbimum</line></par>
<par>
<line>Article 3 : des copies du présent arrêté seront adressées à ;</line></par>
<par>
<line>• M. le sous-préfet de Grasse</line></par>
<par>
<line>• M. le Maire de la commune d'Aurfoeau-sur-Siagne.</line></par>
<par>
<line>&gt; M. le Ministre de l'écobgie et du développemenl duraole/DPPR.</line></par>
<par>
<line>• Mme la Directrtee Régionale de ['environnement Provence^Alpes-Céte d'azur.</line>
<line>' Mme la Directrice Départementale de l’agriculture et de la fork.</line></par>
<par>
<line>• M. le Directeur Départemental de i équipement.</line></par>
</text>
</block>





</page>
</PM1>