<?xml version="1.0" encoding="UTF-8"?><PM1>
<page width="2474" height="3509" resolution="300">
<block><region><rect/></region>
<text>
<par>
<line>Liberté • Ègûlité • Fraternité</line></par>
<par>
<line>RÉPUBLiauE Française</line></par>
<par>
<line>-PREFECTURE DE L’AIN</line></par>
</text>
</block>
<block><region><rect/></region>
<text>
<par>
<line>ARRETE N**</line></par>
</text>
</block>
<block><region><rect/></region>
<text>
<par>
<line>portant approbation du</line>
<line>plan de prévention des risques d'inondation</line>
<line>du Rhône sur la commune de Pollieu</line></par>
</text>
</block>
<block><region><rect/></region>
<text>
<par>
<line>Le préfet de l'Ain,</line></par>
</text>
</block>
<block><region><rect/></region>
<text>
<par>
<line>VU le code de l'environnement, et notamment ses articles L562-1 à L562-9 ;</line></par>
<par>
<line>VU la code des assurances, et notamment ses articles L125-1 à L125-6 ;</line></par>
<par>
<line>VU le code de l’expropriation pour cause d’utilité publique et notamment ses articles R11-4 à R11-14 ;</line></par>
<par>
<line>VU le décret n° 95-1089 du 5 octobre 1995 relatif aux plans de prévention des risques naturels</line>
<line>prévisibles ;</line></par>
<par>
<line>VU l’arrêté préfectoral du 13/10/1999 prescrivant l’établissement d’un plan de prévention des</line>
<line>risques d'inondation sur le territoire de la commune de Pollieu ;</line></par>
<par>
<line>VU l'arrêté préfectoral du 18/06/2003 prescrivant l'ouverture d'une enquête publique, du</line>
<line>30/06/2003 au 08/08/2003 inclus, sur le projet de P. P. R. de la commune de Pollieu ;</line></par>
<par>
<line>VU la délibération du conseil municipal de Pollieu du 17/02/2003</line></par>
<par>
<line>VU le rapport et l'avis du commissaire enquêteur en date du 20/08/2003 ;</line></par>
<par>
<line>VU l’avis après enquête de l’ingénieur en chef du service de la navigation Rhône Saône ;</line></par>
<par>
<line>VU les pièces du dossier concernant le projet de plan de prévention des risques d'inondation du</line>
<line>Rhône et du Séran sur le territoire de la commune de Pollieu transmis par l’ingénieur en chef du</line>
<line>service de la navigation Rhône Saône ;</line></par>
<par>
<line>SUR proposition du secrétaire général de la préfecture de l'Ain</line></par>
</text>
</block>
<block><region><rect/></region>
<text>
<par>
<line>ARRETE</line></par>
</text>
</block>
<block><region><rect/></region>
<text>
<par>
<line>Article 1 : Est approuvé tel qu'il est annexé au présent arrêté, le plan de prévention des risques</line>
<line>d'inondation du Rhône et du Séran sur le territoire de la commune de Pollieu.</line></par>
</text>
</block>



</page>
<page width="2459" height="3502" resolution="300">
<block><region><rect/></region>
<text>
<par>
<line>Ce plan de prévention des risques comprend :</line></par>
<par>
<line>- une note de présentation ;</line></par>
<par>
<line>- une carte de zonage polychrome au 1/5000 ;</line></par>
<par>
<line>- un réglement. •:</line></par>
<par>
<line>- une carte d’aléas polychrome au 1/5000 ;</line></par>
<par>
<line>- une carte du périmètre d’étude au 1/25000 ;</line></par>
<par>
<line>- une carte d'information sur les crues historiques ;</line></par>
<par>
<line>Article 2 : Le présent arrêté sera publié au recueil des actes administratifs de la préfecture de l'Ain</line>
<line>et mention en sera faite en caractères apparents dans les deux journaux ci-après désignés : «LE</line>
<line>PROGRÈS» et «LA VOIX DE L'AIN».</line></par>
<par>
<line>En outre, cet arrêté sera affiché pendant 30 jours en mairie de Pollieu, aux lieux habituels</line>
<line>d'affichage et éventuellement en tout autre lieu et par tous les autres procédés en usage.</line></par>
<par>
<line>Article 3 : Des ampliations du présent arrêté seront adressées à :</line></par>
<par>
<line>- monsieur le maire de la commune de Pollieu,</line></par>
<par>
<line>- monsieur le chef du service de la navigation Rhône Saône,</line></par>
<par>
<line>- monsieur le Subdivisionnaire de la subdivision Rhône et Alpes (S.N.R.S.),</line></par>
<par>
<line>- monsieur le directeur du service interministériel des affaires civiles et économiques de défense et de</line>
<line>protection civile de l'Ain,</line></par>
<par>
<line>- monsieur le délégué aux risques majeurs du ministère de l'aménagement du territoire et de</line>
<line>l'environnement,</line></par>
<par>
<line>- monsieur le Sous-Préfet de Belley,</line></par>
<par>
<line>- monsieur le directeur régional de l'industrie, de la recherche et de l'environnement Rhône-Alpes,</line></par>
<par>
<line>- monsieur le directeur régional de l'environnement Rhône-Alpes,</line></par>
<par>
<line>- monsieur le directeur départemental de l'équipement de l'Ain,</line></par>
<par>
<line>- monsieur le Subdivisionnaire de la Subdivision Belley - Culoz (DDE01),</line></par>
<par>
<line>- monsieur le directeur départemental de l'agriculture et de la forêt de l'Ain,</line></par>
<par>
<line>- monsieur le directeur départemental des affaires sanitaires et sociales de l'Ain,</line></par>
<par>
<line>- monsieur le président de la chambre d’agriculture de l'Ain,</line></par>
<par>
<line>- monsieur le président du centre régional de la propriété forestière ;</line></par>
</text>
</block>
<block><region><rect/></region>
<text>
<par>
<line>Article 5 : Le présent arrêté, ainsi que le plan qui lui est annexé, seront tenus,à la disposition du</line>
<line>public ;</line></par>
<par>
<line>- en mairie de Pollieu,</line></par>
<par>
<line>- en préfecture de l'Ain,</line></par>
<par>
<line>- en sous-préfecture de Belley,</line></par>
<par>
<line>- au service navigation Rhône Saône à Lyon.</line></par>
<par>
<line>Article 4 : Le secrétaire général de la préfecture de l'Ain, le sous-préfet de Belley, le maire de</line>
<line>Pollieu, le chef du service de la navigation Rhône Saône sont chargés, chacun en ce qui le</line>
<line>concerne, de l'exécution du présent arrêté.</line></par>
</text>
</block>
<block><region><rect/></region>
<text>
<par>
<line>Boura-en-Bresse, le | 5 5£p 20gj</line></par>
</text>
</block>
<block><region><rect/></region>
<text>
<par>
<line>C</line></par>
</text>
</block>
<block><region><rect/></region>
<text>
<par>
<line>Bernard TOMASiNt</line></par>
</text>
</block>








</page>
</PM1>