<?xml version="1.0" encoding="UTF-8"?><PM1>
<page width="2479" height="3508" resolution="300">
<block><region><rect/></region>
<text>
<par>
<line>PREFECTURE DE LA LOIRE</line></par>
</text>
</block>
<block><region><rect/></region>
<text>
<par>
<line>Enregistré au bureau de gestion des moyens</line></par>
<par>
<line>et de coordination des Sces de I Etat, le ^ g</line>
<line>sous len</line></par>
</text>
</block>
<block><region><rect/></region>
<text>
<par>
<line>DIRECTION</line></par>
<par>
<line>DEPARTEMENTALE DE L'EQUIPEMENT</line></par>
</text>
</block>
<block><region><rect/></region>
<text>
<par>
<line>LE PREFET DE LA LOIRE</line>
<line>CHEVALIER DE LA LEGION D'HONNEUR,</line>
<line>CHEVALIER DE L'ORDRE NATIONAL DU MERITE,</line></par>
</text>
</block>
<block><region><rect/></region>
<text>
<par>
<line>PLAN DE PREVENTION DES RISQUES NATURELS PREVISIBLES : REVISION PARTIELLE</line>
<line>Plan de surfaces submrsibles approuvé par décret n° 47.1799 du 2 septembre 1947 valant</line>
<line>plan de prévenion des risques naturels prévisibles.</line></par>
</text>
</block>
<block><region><rect/></region>
<text>
<par>
<line>Vu le code de l'expropriation pour cause d'utilité publique ;</line></par>
<par>
<line>Vu le code de l'Urbanisme ;</line></par>
<par>
<line>Vu le code de la Construction et de l'habitation ;</line></par>
<par>
<line>Vu le code forestier ;</line></par>
<par>
<line>Vu le code pénal ;</line></par>
<par>
<line>Vu le code de procédure pénale ;</line></par>
<par>
<line>Vu le code de la construction et de l habitation , notamment son article L.111.4;</line></par>
<par>
<line>Vu la loi n° 87.565 du 22 juillet 1987 relative à l'organisation de la sécurité civile, à la protection de la forêt</line>
<line>contre l'incendie et à la prévention des risques majeurs, notamment ses articles 40-1 à 40-7 issus de la</line>
<line>loi n° 95.101 du 2 février 1995 ;</line></par>
<par>
<line>Vu la loi n° 92.3 du 3 janvier 1992 sur l'eau notamment son article 16 ;</line></par>
<par>
<line>Vu le décret du 20 octobre 1937 relatif aux plans de surfaces submersibles;</line></par>
<par>
<line>Vu le décret n° 90-919 du 11 octobre 1990 relatif à l'exercice du droit à l'information sur les risques</line>
<line>majeurs;</line></par>
<par>
<line>Vu le décret n° 95-630 du 5 mai 1995 relatif au commissionnement et à l'assermentation d'agents</line>
<line>habilités à rechercher et à constater les infractions à la loi n° 92.3 du 3 janvier 1992 sur l'eau ;</line></par>
<par>
<line>Vu le décret n° 95-1089 du 5 octobre 1995 relatif aux plans de prévention des risques naturels</line>
<line>prévisibles et notamment son article 13 abrogeant le décret du 20 octobre 1937 relatif aux plans de</line>
<line>surfaces submersibles;</line></par>
<par>
<line>Vu le plan de surface submersible appruvé par décret 47.1799 du 2 septembre 1947;</line></par>
<par>
<line>Vu les circulaires interministérielles du 24 janvier 1994 et du 24 avril 1996 relatives à la prévention des</line>
<line>inondations et à la gestion des zones inondables.</line></par>
<par>
<line>Considérant qu'en application de l'article 16 de la loi 95.101 du 2 février 1995 le plan de surfaces</line>
<line>submersible vaut plan de prévention des risques naturels prévisibles;</line></par>
</text>
</block>



</page>
<page width="2479" height="3508" resolution="300">
<block><region><rect/></region>
<text>
<par>
<line>Considérant que pour être conforme aux prescriptions actuelles, ce plan de prévention des</line>
<line>risques naturels prévisibles doit faire lobjet d'unen révision.</line></par>
</text>
</block>
<block><region><rect/></region>
<text>
<par>
<line>A R R E T E</line></par>
</text>
</block>
<block><region><rect/></region>
<text>
<par>
<line>Article 1 :</line></par>
<par>
<line>La révision partielle du plan des surfaces submersibles du fleuve Loire, approuvé par décret</line>
<line>n°47-1799 du 2 septembre 1947, valant plan de prévention des risques naturels prévisibles, est</line>
<line>prescrite.</line></par>
<par>
<line>Article 2 :</line></par>
<par>
<line>Le périmètre d'étude de cette révision partielle concerne le territoire des communes de</line>
<line>Magneux-Haute Rive, Chalain-le-Comtal, Chambéon, St Laurent-le-Conche et Marclopt.</line></par>
<par>
<line>Article 3 :</line></par>
<par>
<line>Le risque pris en compte est le risque d'inondation de plaine lié au fleuve Loire.</line></par>
<par>
<line>Article 4 :</line></par>
<par>
<line>La direction départementale de l''équipement de la Loire est chargée de l'instruction de cette</line>
<line>révision.</line></par>
<par>
<line>Article 5 :</line></par>
<par>
<line>Le présent arrêté sera notifié aux maires des communes de Magneux-Haute Rive, Chalain-le-</line>
<line>Comtal, Chambéon, St Laurent-le-Conche et Marclopt.</line></par>
<par>
<line>Article 6 :</line></par>
<par>
<line>Le présent arrêté sera publié au recueil des actes administratifs de l'Etat du département de la</line>
<line>Loire.</line></par>
</text>
</block>
<block><region><rect/></region>
<text>
<par>
<line>Article 7 :</line></par>
<par>
<line>Monsieur le secrétaire Général de la préfecture et monsieur le directeur départemental de</line>
<line>l'Equipement de Loire sont chargés, chacun en ce qui le concerne, de l'excécution du présent</line>
<line>arrêté.</line></par>
</text>
</block>
<block><region><rect/></region>
<text>
<par>
<line>Ampliation adressée à :</line></par>
<par>
<line>Monsieur le Maire de la commune de Magneux-Haute-Rive</line></par>
<par>
<line>Monsieur le Maire de la commune de Chalain-le-Comtal</line></par>
<par>
<line>Monsieur le Maire de la commune de Chambéon</line></par>
<par>
<line>Monsieur le Maire de la commune Saint-Laurent-la-Conche</line></par>
<par>
<line>Madame, Monsieur, le Maire de la commune de Marclopt</line></par>
<par>
<line>Monsieur le directeur départemental de l'Equipement</line></par>
<par>
<line>Monsieur le directeur départemental de l'Agriculture et de la Forêt</line></par>
<par>
<line>Madame le directeur départemental des l'Actions Sanitaires et Sociales</line></par>
<par>
<line>Archives</line></par>
<par>
<line>Chrono</line></par>
</text>
</block>


</page>
<page width="2479" height="3508" resolution="300">
<block><region><rect/></region>
<text>
<par>
<line>NOTE DE PRESENTATION</line></par>
</text>
</block>
<block><region><rect/></region>
<text>
<par>
<line>Le présent projet de plan de prévention des risques naturels prévisibles concerne les zones inondables de la Loire</line>
<line>des communes de Marclopt, Chalain-le-Comtal, Magneux-Haute-Rive, Chambéon, Saint-Laurent-la-Conche.</line></par>
<par>
<line>D'une manière générale, les zones inondables de ces communes sont peu aménagées et constituent des espaces</line>
<line>agricoles et faisant l'objet de carri ères alluvionaires</line></par>
<par>
<line>Il est à noter toutefois la présence d'habitations dans le bourg de Villeneuve situé sur la commune de Chambéon</line>
<line>ainsi que d'une entreprise en zone fortement à risque sur la commune de St-Laurent-la-Conche.</line></par>
<par>
<line>Ce plan de prévention des risques naturels prévisibles d'inondations fait suite à ceux déjà mis en œuvre sur les huit</line>
<line>communes en amont (Saint J ust-Saint Rambert, Andrézieux-Bouthéon, Bonson, Saint-Cyprien, Veauche,</line>
<line>Veauchette, Rivas et Craintilleux) et bénéficie des études réalisées dans ce cadre. Il s'inscrit en parallèle de celui en</line>
<line>cours concernant les communes d'Unias, Cuzieu, Boisset-les-M ontrond et M ontrond-les-Bains.</line></par>
</text>
</block>
<block><region><rect/></region>
<text>
<par>
<line>1- Le fleuve Loire</line></par>
<par>
<line>1.1 Description du cours</line></par>
<par>
<line>La Loire, plus long fleuve français (1012 kilomètres), prend sa source au M ont Gerbier de J onc ( 1420 mètres) dans</line></par>
<par>
<line>I e département de l'Ardèche à moi ns de cent ci nquante ki l omètres de la M éditerranée.</line></par>
<par>
<line>II traverse le département de la Haute-Loire en direction du nord où il creuse une première série de gorges. A la</line>
<line>sortie de ces gorges, il reçoit les eaux de son premier affluent important, le Lignon du Velay, et débouche dans la</line>
<line>plaine de Bas en Basset.</line></par>
<par>
<line>11 pénètre dans le département de la Loire au niveau du confluent avec la rivière la Semène. Son cours</line>
<line>traverse à nouveau une série de gorges avant de déboucher dans la plaine du Forez.</line></par>
<par>
<line>Dans ces gorges a été érigé le barrage hydroélectrique de Grangent dont la première mise en eau remonte à 1957. La</line>
<line>superficie du bassin versant de la Loire au niveau du barrage est de 3 850 kilomètres carrés.</line></par>
<par>
<line>1.2 - Généralités hydrologiques et hydrauliques</line></par>
<par>
<line>Le régime de la Loire est très i rrégul ier en rai son de l'i mperméabi l i sati on des terrai ns traversés, de l ' absence de</line>
<line>réserves nivales et de nappes régulatrices. Les crues succèdent aux maigres indépendamment des périodes de basses</line>
<line>et hautes eaux.</line></par>
</text>
<text>
<par>
<line>L e tabl eau ci -dessous donne quelques valeurs des débits observés à Andrézieux-Bouthéon :_</line></par>
</text>
</block>
<block blockType="Table" blockName="" l="584" t="2104" r="2008" b="2423"><region><rect/></region>
<row>
<cell width="1126" height="83">
<text>
<par>
<line>Débit mensuel minimal (durée de retour : 2 ans)</line></par>
</text></cell>
<cell width="298" height="83">
<text>
<par>
<line>7 m^/s</line></par>
</text></cell></row>
<row>
<cell width="1126" height="77">
<text>
<par>
<line>Débit de référence d'étiage</line></par>
</text></cell>
<cell width="298" height="77">
<text>
<par>
<line>5,7 m^/s</line></par>
</text></cell></row>
<row>
<cell width="1126" height="77">
<text>
<par>
<line>Débit moyen</line></par>
</text></cell>
<cell width="298" height="77">
<text>
<par>
<line>47 m^/s</line></par>
</text></cell></row>
<row>
<cell width="1126" height="82">
<text>
<par>
<line>Débit de la crue d'octobre 1907</line></par>
</text></cell>
<cell width="298" height="82">
<text>
<par>
<line>4 550 m^/s</line></par>
</text></cell></row>
</block>
<block><region><rect/></region>
<text>
<par>
<line>La Loire supérieure est notamment soumise au régime des crues cévenoles. Survenant majoritairement en automne,</line>
<line>elles sont brutales mais de courte durée (quelques heures). Lors de la crue de 1980, le débit de la Loire est passé de</line>
<line>600 m^/s à 3400 m^/s en quatre heures et est resté supérieur à 900 m^/s pendant 15 heures.</line></par>
<par>
<line>1.3- Les crues historiques</line></par>
<par>
<line>Les chroniques historiques font état d'une cinquantaine de crues ayant marqué la mémoire des hommes depuis le</line>
<line>XIVéme siècle.</line></par>
<par>
<line>La première crue sur laquelle des informations précises sont disponibles s'est déroulée le 11 novembre 1790. Les</line>
<line>dégâts provoqués dans le département de la Loire se sont élevés à environ deux millions de livres de l'époque.</line></par>
<par>
<line>La crue du 16 octobre 1846 est considérée dans la plaine du Forez comme la crue ayant recouvert la plus grande</line>
<line>étendue. Le niveau des eaux s'était élevé à 14,50 m à l'ancienne échelle du pont du Pertuiset. Cette crue a été suivie</line>
<line>de deux autres importantes en 1856 et 1866.</line></par>
<par>
<line>Le XXéme siècle a connu deux crues très importantes :</line></par>
<par>
<line>- le 17 octobre 1907 ;</line></par>
</text>
</block>






</page>
<page width="2479" height="3508" resolution="300">
<block><region><rect/></region>
<text>
<par>
<line>le 21 septembre 1980, réplique de la crue de 1866.</line></par>
</text>
</block>
<block><region><rect/></region>
<text>
<par>
<line>1.4- Hydrologie</line></par>
</text>
<text>
<par>
<line>Dans le cadre de l'étude hydraulique de la construction du pont autoroutier à Veauchette, une analyse des débits à la</line>
<line>station d'annonce des crues de Bas en Basset a été conduite par la société SOGREAH :_</line></par>
</text>
</block>
<block blockType="Table" blockName="" l="499" t="552" r="1923" b="947"><region><rect/></region>
<row>
<cell width="653" height="82">
<text>
<par>
<line>Date de la crue</line></par>
</text></cell>
<cell width="472" height="82">
<text>
<par>
<line>Hauteur à l'échelle</line></par>
</text></cell>
<cell width="299" height="82">
<text>
<par>
<line>Débit corrigé</line></par>
</text></cell></row>
<row>
<cell width="653" height="77">
<text>
<par>
<line>18 octobre 1846</line></par>
</text></cell>
<cell width="472" height="77">
<text>
<par>
<line>7 m 10</line></par>
</text></cell>
<cell width="299" height="77">
<text>
<par>
<line>3 950 m^/s</line></par>
</text></cell></row>
<row>
<cell width="653" height="77">
<text>
<par>
<line>17 Octobre 1907</line></par>
</text></cell>
<cell width="472" height="77">
<text>
<par>
<line>6 m 80</line></par>
</text></cell>
<cell width="299" height="77">
<text>
<par>
<line>4 550 m^/s</line></par>
</text></cell></row>
<row>
<cell width="653" height="77">
<text>
<par>
<line>24 Septembre 1866</line></par>
</text></cell>
<cell width="472" height="77">
<text>
<par>
<line>6 m 25</line></par>
</text></cell>
<cell width="299" height="77">
<text>
<par>
<line>3 280 m^/s</line></par>
</text></cell></row>
<row>
<cell width="653" height="82">
<text>
<par>
<line>25 Octobre 1943</line></par>
</text></cell>
<cell width="472" height="82">
<text>
<par>
<line>4 m 50</line></par>
</text></cell>
<cell width="299" height="82">
<text>
<par>
<line>2 150 m^/s</line></par>
</text></cell></row>
</block>
<block><region><rect/></region>
<text>
<par>
<line>Depuis cette étude, deux nouvelles crues se sont produites :</line></par>
</text>
</block>
<block blockType="Table" blockName="" l="499" t="1144" r="1923" b="1386"><region><rect/></region>
<row>
<cell width="653" height="83">
<text>
<par>
<line>Date de la crue</line></par>
</text></cell>
<cell width="472" height="83">
<text>
<par>
<line>Hauteur à l'échelle</line></par>
</text></cell>
<cell width="299" height="83">
<text>
<par>
<line>Débit</line></par>
</text></cell></row>
<row>
<cell width="653" height="77">
<text>
<par>
<line>21 Septembre 1980</line></par>
</text></cell>
<cell width="472" height="77">
<text>
<par>
<line>6 m 05</line></par>
</text></cell>
<cell width="299" height="77">
<text>
<par>
<line>3 400 m^/s</line></par>
</text></cell></row>
<row>
<cell width="653" height="82">
<text>
<par>
<line>13 Novembre 1996</line></par>
</text></cell>
<cell width="472" height="82">
<text>
<par>
<line>4 m 19</line></par>
</text></cell>
<cell width="299" height="82">
<text>
<par>
<line>2 250 m^/s</line></par>
</text></cell></row>
</block>
<block><region><rect/></region>
<text>
<par>
<line>L ' étude hydrol ogique SOGREAH, réalisé pour l ' établ i ssement des pl ans de préventi on des ri sques des communes</line>
<line>amont, a déterminé plus finement les débits à prendre en compte :</line></par>
</text>
</block>
<block blockType="Table" blockName="" l="436" t="1632" r="2156" b="2151"><region><rect/></region>
<row>
<cell width="1126" height="206">
<text>
<par>
<line>Crues</line></par>
</text></cell>
<cell width="295" height="206">
<text>
<par>
<line>Grangent</line></par>
</text></cell>
<cell width="299" height="206">
<text>
<par>
<line>Andrézieux</line></par>
</text></cell></row>
<row>
<cell width="1126" height="77">
<text>
<par>
<line>Débit de la crue décennale</line></par>
</text></cell>
<cell width="295" height="77">
<text>
<par>
<line>1 600 m^/s</line></par>
</text></cell>
<cell width="299" height="77">
<text>
<par>
<line>1 780 m^/s</line></par>
</text></cell></row>
<row>
<cell width="1126" height="77">
<text>
<par>
<line>Débit de la crue trentennale</line></par>
</text></cell>
<cell width="295" height="77">
<text>
<par>
<line>2 850 m3/s</line></par>
</text></cell>
<cell width="299" height="77">
<text>
<par>
<line>3 170 m3/s</line></par>
</text></cell></row>
<row>
<cell width="1126" height="77">
<text>
<par>
<line>Débit de la crue cinquantennale</line></par>
</text></cell>
<cell width="295" height="77">
<text>
<par>
<line>3 550 m3/s</line></par>
</text></cell>
<cell width="299" height="77">
<text>
<par>
<line>3 950 m3/s</line></par>
</text></cell></row>
<row>
<cell width="1126" height="82">
<text>
<par>
<line>Débit de la crue centennale</line></par>
</text></cell>
<cell width="295" height="82">
<text>
<par>
<line>4 400 m^/s</line></par>
</text></cell>
<cell width="299" height="82">
<text>
<par>
<line>4 900 m^/s</line></par>
</text></cell></row>
</block>
<block><region><rect/></region>
<text>
<par>
<line>1.5- Le barrage de Grangent</line></par>
<par>
<line>Le barrage de Grangent a été construit dans les gorges de Saint Victor sur les communes de Chambles et Saint J ust-</line>
<line>Saint R ambert et a été concédé à E l ectri ci té de F rance.</line></par>
<par>
<line>Ce barrage a pour vocation la production d'électricité et n'a pas de rôle d'écrêtement des crues. L'application des</line>
<line>consignes de gestion le rend "transparent" aux crues: les débits sortants sont égaux aux débits entrants.</line></par>
</text>
</block>
<block><region><rect/></region>
<text>
<par>
<line>2- Prévention des inondations</line></par>
<par>
<line>Les mesures de protection sont de trois types : l'annonce des crues, les mesures physiques, les</line>
<line>mesures réglementaires.</line></par>
<par>
<line>2.1- L'annonce des crues</line></par>
<par>
<line>L'objectif primordial de l'annonce des crues est d'éviter les pertes humaines lors d'une crue en</line>
<line>évacuant les riverains menacées dans des lieux sûrs. Elle permet également de prendre des dispositions</line>
<line>pour limiter les atteintes aux biens qui peuvent être déplacés dans un délai assez court.</line></par>
<par>
<line>Le service d'annonce des crues sur le bassin de la Loire existe depuis 1864.</line></par>
</text>
</block>



















</page>
<page width="2479" height="3508" resolution="300">
<block><region><rect/></region>
<text>
<par>
<line>Actuellement, avec l'aide des données transmises par le réseau CRISTAL, cofinancé par</line>
<line>l'établissement public d'Aménagement de la Loire et de ses affluents (E.P.A.L.A.), l'agence de l'Eau</line>
<line>Loire-Bretagne et l'Etat, le service d'annonce des crues de la direction départementale de l'Equipement</line>
<line>de la Loire est en mesure de prévoir les crues avec une précision suffisante jusqu'à environ 10 heures</line>
<line>avant l'arrivée de la crue.</line></par>
<par>
<line>Le centre opérationnel départemental d'incendie et de Secours (C.O.D.I.S.) alerte, pour le compte</line>
<line>du préfet, les maires de l'imminence d'une crue, et leur transmet les avis de crue élaborés par le service</line>
<line>d'annonce des crues. Le maire peut alors alerter les riverains et prendre les mesures adéquates de</line>
<line>sauvegarde des biens et des personnes. Lorsque les événements le nécessitent, l'Etat peut mettre à sa</line>
<line>disposition des moyens d'intervention plus importants (plan ORSEC).</line></par>
<par>
<line>La modernisation du réseau CRISTAL (stations automatiques, radar météorologique,</line>
<line>transmissions par satellite, modèles de prévision plus fiables ... ) et la mise en place d'un système</line>
<line>automatique d'appel des maires (DALI) permettront d'améliorer sensiblement ce dispositif dans les</line>
<line>prochaines années.</line></par>
<par>
<line>2.2 Mesures physiques</line></par>
<par>
<line>Actuellement, il n'existe pratiquement pas de mesures physiques de protection.</line></par>
<par>
<line>Celles-ci se limitent à des murs ou des digues très localisées construites avant tout pour se</line>
<line>protéger de l'érosion des berges. Il n'est pas prévu de prendre des mesures physiques de protection.</line></par>
<par>
<line>Les mesures de protection vraiment efficaces sont en effet très onéreuses. Elles perturbent</line>
<line>l'équilibre hydraulique du fleuve et surtout ne sont efficaces que pour les crues inférieures à la valeur</line>
<line>prise en compte. Ainsi, une digue qui protège pour une crue de période de retour de 50 ans donne une</line>
<line>impression de sécurité et fait oublier les mesures élémentaires de prévention. Quand une crue de</line>
<line>périodicité supérieure arrivera, les dégâts seront considérables (submersion brutale en écoulement</line>
<line>torrentiel).</line></par>
<par>
<line>Il est également rappelé que le barrage de Grangent n'a pas été conçu pour écrêter les crues. Sa</line>
<line>capacité est faible et la précision des prévisions en volume des crues est actuellement insuffisante pour</line>
<line>pouvoir gérer le barrage en conséquence. Une mauvaise estimation des caractéristiques d'une crue</line>
<line>pourrait avoir pour conséquence une aggravation des crues à l'aval.</line></par>
<par>
<line>Par contre, comme cela s'est produit en 1980, le barrage limite le charriage des objets de toutes sortes, protégeant</line>
<line>les ouvrages et constructions en aval de dégâts beaucoup plus importants.</line></par>
<par>
<line>2.3 Les mesures réglementaires</line></par>
<par>
<line>Les communes de Marclopt, Chalain-le-Comtal, Magneux-Haute-Rive, Chambéon, Saint-Laurent-la-Conche sont</line>
<line>couvertes par le plan des surfaces submersibles de la vallée de la Loire dans le département de la Loire approuvé par</line>
<line>décret n° 47-1799 du 2 septembre 1947.</line></par>
<par>
<line>Les dispositions techniques applicables dans ces zones ont été définies par le décret n° 76-222 du 4 mars 1976 qui</line>
<line>délimite une zone A de «grand débit » ainsi qu'une zone B «complémentaire» et précise les possibilités d'occupation</line>
<line>ou d'utilisation du sol.</line></par>
</text>
</block>
<block><region><rect/></region>
<text>
<par>
<line>3- Contexte réglementaire de ce plan</line></par>
<par>
<line>3.1- Les textes en vigueur</line></par>
<par>
<line>Les plans de prévention des risques naturels prévisibles sont établis par l'Etat en application :</line></par>
<par>
<line>• • de la loi n° 87-565 du 22 juillet 1987 relative à l'organisation de la sécurité civile, à la protection de la</line></par>
<par>
<line>forêt contre l'incendie et à la prévention des risques majeurs, modifiée par la loi n° 95-101 du 2 février</line>
<line>1995 relative au renforcement de la protection de l'environnement.</line></par>
<par>
<line>• • du décret n° 95-1089 du 5 octobre 1995 relatif aux plans de prévention des risques naturels</line></par>
<par>
<line>prévisibles.</line></par>
<par>
<line>L'objet de ces plans est de limiter les dommages causés aux personnes et aux biens par les inondations et d'éviter</line>
<line>l'accroi ssement de ceux-ci dans l'aveni r.</line></par>
</text>
</block>
</page>
<page width="2479" height="3508" resolution="300">
<block><region><rect/></region>
<text>
<par>
<line>I Is délimitent les zones exposées en tenant compte de la nature et de l'intensité du risque encouru et des champs</line>
<line>d'expansi on des crues à préserver ou à restaurer ; ils y i nterdi sent tout type de constructi on, d'ouvrage,</line>
<line>d'aménagement ou d'exploitation agricole, forestière, artisanale, commerciale ou industrielle, ou dans le cas où</line>
<line>ceux-ci pourraient y être autorisés, ils prescrivent les conditions dans lesquelles ils doivent être réalisés, utilisés ou</line>
<line>exploités.</line></par>
<par>
<line>Ils peuvent définir:</line></par>
<par>
<line>• • Les mesures de prévention, de protection et de sauvegarde qui doivent être prises par les collectivités</line></par>
<par>
<line>locales, ainsi que celles qui peuvent incomber aux particuliers ;</line></par>
<par>
<line>• Les mesures qui doivent être prises par les propriétaires, exploitants ou utilisateurs relatives à</line>
<line>l'aménagement, l'utilisation ou l'exploitation des constructions, des ouvrages, des espaces mis en</line>
<line>culture ou plantés existants à la date d'approbation du plan ;</line></par>
<par>
<line>Les plans de prévention des risques approuvés valent servitude d'utilité publique. Ils sont annexés au plan</line>
<line>d'occupation des sols des communes concernées conformément à l'article R 126-1 du code de l'U rbanisme.</line></par>
<par>
<line>Le fait de construire ou d'aménager un terrain dans une zone interdite par un plan de prévention des risques ou de ne</line>
<line>pas respecter les conditions de réalisation, d'utilisation ou d'exploitation prescrites est puni des peines prévues à</line>
<line>l'article L 480-4 du Code de l'U rbanisme.</line></par>
<par>
<line>3.2- Objectifs poursuivis</line></par>
<par>
<line>L es obj ectifs à attei ndre ont été fi xés par l a ci rcul ai re i ntermi nistéri elle (I ntéri eur, Équi pement,</line>
<line>Environnement) du 24 janvier 1994 ( J .0. du 10 avril 1994) :</line></par>
<par>
<line>• • Interdire les implantations humaines dans les zones les plus dangereuses où, quels que soient</line></par>
<par>
<line>les aménagements, la sécurité des personnes ne peut être garantie intégralement les limiter</line>
<line>strictement dans les autres zones inondables ;</line></par>
<par>
<line>• • Préserver les capacités d'écoulement et d'expansion des crues pour ne pas aggraver les risques</line></par>
<par>
<line>pour les zones situées en amont et en aval ;</line></par>
<par>
<line>• • Sauvegarder l'équilibre des milieux dépendant des petites crues et la qualité des paysages souvent</line></par>
<par>
<line>remarquables du fait de la proximité de l'eau et du caractère encore naturel des vallées concernées.</line></par>
</text>
</block>
<block><region><rect/></region>
<text>
<par>
<line>Les principes à mettre en ouvre sont les suivants :</line></par>
<par>
<line>• • Interdire toute construction nouvelle à l'intérieur des zones inondables soumises aux aléas les</line></par>
<par>
<line>plus forts et saisir toutes les opportunités pour réduire le nombre des constructions exposées.</line></par>
<par>
<line>Dans les autres zones inondables où les aléas sont moins importants, il convient donc de prendre les</line>
<line>dispositions nécessaires pour :</line></par>
<par>
<line>• • Hors agglomération, maintenir le caractère des zones naturelles (NC ou ND)</line></par>
<par>
<line>• • En agglomération, réduire la vulnérabilité des constructions qui pourront éventuellement être autorisées.</line></par>
<par>
<line>• • Contrôler strictement l'extension de l'urbanisation dans les zones d'expansion des crues, c'est-à-</line></par>
<par>
<line>dire les secteurs non urbanisés ou peu urbanisés et peu aménagés où la crue peut stocker un volume</line>
<line>d'eau important.</line></par>
<par>
<line>Elles jouent en effet un rôle déterminant en réduisant momentanément le débit à l'aval, mais en allongeant la</line>
<line>durée de l'écoulement. La crue peut ainsi dissiper son énergie au prix de risques limités pour les vies humaines</line>
<line>et les biens. Ces zones d'expansion de crues jouent également le plus souvent un rôle important dans la</line>
<line>structuration du paysage et l'équilibre des écosystèmes.</line></par>
<par>
<line>Il convient donc de veiller fermement à ce que les constructions qui pourront éventuellement être autorisées</line>
<line>soient compatibles avec les impératifs de la protection des personnes, de l'écoulement des eaux, et avec les</line>
<line>autres réglementations existantes en matière d'occupation et d'utilisation du sol (notamment celles concernant</line>
<line>la protection des paysages et la sauvegarde des milieux naturels).</line></par>
<par>
<line>• • Eviter tout endiguement ou remblaiement nouveau qui ne serait pas justifié par la protection de</line></par>
<par>
<line>lieux fortement urbanisés. En effet, ces aménagements sont susceptibles d'aggraver les risques en</line>
<line>amont et en aval.</line></par>
</text>
</block>
</page>
<page width="2479" height="3508" resolution="300">
<block><region><rect/></region>
<text>
<par>
<line>3.3- Origine du présent projet de plan de prévention des risques</line></par>
<par>
<line>Le projet de plan de prévention des risques a été prescrit par l'arrêté préfectoral n° 00-292 du 10 avril 2000.</line></par>
<par>
<line>4- Elaboration du présent projet de plan de prévention des risques</line></par>
<par>
<line>4.1 - Données et étude</line></par>
<par>
<line>Avant de procéder à toute étude, il a été procédé à un levé topographique de la zone d'étude. Ce levé, numérisé au</line>
<line>format Autocad®, constituera le fond de plan des documents cartographiques du présent projet de plan de prévention</line>
<line>des risques.</line></par>
<par>
<line>Les calculs sont menés en écoulement permanent (débit constant avec le temps). La zone à étudier est découpée en</line>
<line>casi ers. L e calcul se fai t par échange de débi ts entre l es casi ers en i ntroduisant des conditi ons d'écoul ement aux</line>
<line>limites entre casiers.</line></par>
<par>
<line>L'étude fait l'objet du rapport n°55 0538 de mai 2000 de la société SOGREAH.</line></par>
<par>
<line>4.2 - Crues de référence</line></par>
<par>
<line>Pour la Loire, le débit de la crue de référence pri se en compte dans le présent plan, correspond à celui de la crue</line>
<line>centennale calculé lors des études hydrologiques menées par SOGREAH. Il correspond aux débits estimés des crues</line>
<line>de 1846 et 1907 qui ont délimité les zones inondables du décret n° 47-1799 du 2 septembre 1947.</line></par>
<par>
<line>Ainsi, l'étude défi nit les i nondati ons pour des crues si milaires à celles de 1846 et 1907 dans l a topographie actuel l e.</line></par>
<par>
<line>4.3- Détermination des aléas</line></par>
<par>
<line>L'étude SOGREAH indiquera, pour les crues de référence :</line></par>
<par>
<line>• • Les limites de la crue ;</line></par>
<par>
<line>• • L'altitude du niveau de l'eau ;</line></par>
<par>
<line>• • La vitesse du courant.</line></par>
<par>
<line>Les aléas seront déterminés à partir de la modélisation de la crue de référence en fonction de la hauteur d'eau et de</line>
<line>la vitesse selon le tableau ci-après.</line></par>
<par>
<line>Définition des aléas :</line></par>
</text>
</block>
<block blockType="Table" blockName="" l="348" t="2170" r="2245" b="2577"><region><rect/></region>
<row>
<cell rowSpan="2" width="475" height="161">
<text>
<par>
<line>vitesse du courant</line></par>
</text></cell>
<cell colSpan="4" width="1422" height="82">
<text>
<par>
<line>hauteur de submersion pour la crue centennale</line></par>
</text></cell></row>
<row>
<cell width="355" height="79">
<text>
<par>
<line>non inondé (a)</line></par>
</text></cell>
<cell width="354" height="79">
<text>
<par>
<line>0m &lt; h &lt; 1m</line></par>
</text></cell>
<cell width="355" height="79">
<text>
<par>
<line>1m&lt;h&lt;2m</line></par>
</text></cell>
<cell width="358" height="79">
<text>
<par>
<line>2m &lt; h</line></par>
</text></cell></row>
<row>
<cell width="475" height="81">
<text>
<par>
<line>0&lt;V&lt;0,5m/s</line></par>
</text></cell>
<cell width="355" height="81">
<text>
<par>
<line>très faibles</line></par>
</text></cell>
<cell width="354" height="81">
<text>
<par>
<line>faibles</line></par>
</text></cell>
<cell width="355" height="81">
<text>
<par>
<line>moyens</line></par>
</text></cell>
<cell width="358" height="81">
<text>
<par>
<line>forts</line></par>
</text></cell></row>
<row>
<cell width="475" height="80">
<text>
<par>
<line>0,5m/s&lt;V&lt;1m/s</line></par>
</text></cell>
<cell width="355" height="80">
<text>
<par>
<line>très faibles</line></par>
</text></cell>
<cell width="354" height="80">
<text>
<par>
<line>moyens</line></par>
</text></cell>
<cell width="355" height="80">
<text>
<par>
<line>forts</line></par>
</text></cell>
<cell width="358" height="80">
<text>
<par>
<line>très forts</line></par>
</text></cell></row>
<row>
<cell width="475" height="85">
<text>
<par>
<line>1m/s &lt;V</line></par>
</text></cell>
<cell width="355" height="85">
<text>
<par>
<line>très faibles</line></par>
</text></cell>
<cell width="354" height="85">
<text>
<par>
<line>forts</line></par>
</text></cell>
<cell width="355" height="85">
<text>
<par>
<line>très forts</line></par>
</text></cell>
<cell width="358" height="85">
<text>
<par>
<line>très forts</line></par>
</text></cell></row>
</block>
<block><region><rect/></region>
<text>
<par>
<line>(a) Avec l'abaissement du lit de la Loire consécutif à l'exploitation de nombreuses gravières, certaines zones qui avaient été inondées par le passé ne le</line>
<line>sont plus pour la crue de référence. Néanmoins, une crue plus importante, qui n'est pas à exclure, peut à nouveau les submerger. Ces zones ont été</line>
<line>classées en aléas très faibles.</line></par>
</text>
</block>
<block><region><rect/></region>
<text>
<par>
<line>4.4- Détermination du zonage</line></par>
</text>
</block>
<block><region><rect/></region>
<text>
<par>
<line>La partie réglementée par le présent projet de plan de prévention des risques comprendra, comme pour les</line>
<line>communes amont, quatre types de zones, qui sont défi nies en fonction des aléas et du caractère urbanisé ou non en</line></par>
</text>
</block>
<block blockType="Table" blockName="" l="347" t="3065" r="2245" b="3308"><region><rect/></region>
<row>
<cell rowSpan="2" width="417" height="161">
<text>
<par>
<line>zones</line></par>
</text></cell>
<cell colSpan="5" width="1481" height="83">
<text>
<par>
<line>aléas</line></par>
</text></cell></row>
<row>
<cell width="296" height="78">
<text>
<par>
<line>très forts</line></par>
</text></cell>
<cell width="295" height="78">
<text>
<par>
<line>forts</line></par>
</text></cell>
<cell width="296" height="78">
<text>
<par>
<line>moyens</line></par>
</text></cell>
<cell width="295" height="78">
<text>
<par>
<line>faibles</line></par>
</text></cell>
<cell width="299" height="78">
<text>
<par>
<line>très faibles</line></par>
</text></cell></row>
<row>
<cell width="417" height="82">
<text>
<par>
<line>construites</line></par>
</text></cell>
<cell width="296" height="82">
<text>
<par>
<line>rouge</line></par>
</text></cell>
<cell width="295" height="82">
<text>
<par>
<line>bleu (foncé)</line></par>
</text></cell>
<cell width="296" height="82">
<text>
<par>
<line>bleu (foncé)</line></par>
</text></cell>
<cell width="295" height="82">
<text>
<par>
<line>bleu (clair)</line></par>
</text></cell>
<cell width="299" height="82">
<text>
<par>
<line>blanc</line></par>
</text></cell></row>
</block>

















</page>
<page width="2479" height="3508" resolution="300">
<block blockType="Table" blockName="" l="347" t="206" r="2245" b="291"><region><rect/></region>
<row>
<cell width="417" height="85">
<text>
<par>
<line>non construites</line></par>
</text></cell>
<cell width="296" height="85">
<text>
<par>
<line>rouge</line></par>
</text></cell>
<cell width="295" height="85">
<text>
<par>
<line>vert</line></par>
</text></cell>
<cell width="296" height="85">
<text>
<par>
<line>vert</line></par>
</text></cell>
<cell width="295" height="85">
<text>
<par>
<line>vert</line></par>
</text></cell>
<cell width="299" height="85">
<text>
<par>
<line>blanc</line></par>
</text></cell></row>
</block>
<block><region><rect/></region>
<text>
<par>
<line>Le règlement associé à ces zones sera identique à celui mis en œuvre sur les huit communes amont.</line></par>
<par>
<line>Zone rouge</line></par>
<par>
<line>C'est une zone très exposée où les inondations sont redoutables en raison notamment des hauteurs de submersion et</line>
<line>de la vitesse du courant.</line></par>
<par>
<line>T outes les opportunités doivent être saisies pour diminuer le nombre des implantations présentes ou pour supprimer</line>
<line>les ouvrages qui restreignent de façon importante le libre écoulement des eaux.</line></par>
<par>
<line>Zone bleue</line></par>
<par>
<line>Elle est urbanisée et exposée à un risque plus ou moins important sans toutefois atteindre les mêmes intensités que</line>
<line>dans la zone rouge.</line></par>
<par>
<line>Elle se subdivi se en deux sous-zones :</line></par>
<par>
<line>• La zone bleue foncée, soumise à des aléas importants, sur laquelle le développement de l'urbanisation est à</line>
<line>proscrire.</line></par>
<par>
<line>• La zone bl eue clai re, soumi se à des al éas limités sur laquelle de nouvel les impl antati ons peuvent être admi ses</line>
<line>sous certaines conditions ;</line></par>
<par>
<line>Zone verte</line></par>
<par>
<line>L a zone verte est non urbanisée et parti ci pe au stockage des eaux débordantes des crues en limi tant l es effets en</line>
<line>amont et aval.</line></par>
<par>
<line>Celle-ci doit être protégée de toute urbanisation nouvelle pour conserver ou retrouver un caractère naturel. Les</line>
<line>activités agricoles doivent cependant pouvoir s'y maintenir.</line></par>
<par>
<line>Zone blanche</line></par>
<par>
<line>C'est une zone qui a été inondée lors des crues historiques de 1846 et de 1907 mais qui ne serait normalement plus</line>
<line>inondée par la crue de référence.</line></par>
<par>
<line>Le risque n'est toutefois pas nul de voir se produire une crue d'intensité supérieure.</line></par>
<par>
<line>Ainsi, l'utilisation et l'occupation des sols de cette zone devront s'opérer moyennant quelques précautions.</line></par>
</text>
</block>






</page>
<page width="2479" height="3508" resolution="300">
<block><region><rect/></region>
<text>
<par>
<line>REGLEMENT</line></par>
</text>
</block>
<block><region><rect/></region>
<text>
<par>
<line>TITRE 1</line></par>
<par>
<line>DISPOSITIONS GENERALES</line></par>
</text>
</block>
<block><region><rect/></region>
<text>
<par>
<line>Article DG 1: Champs d'application</line></par>
<par>
<line>L e présent règl ement s'appl ique à l'i ntéri eur des zones submersi bles du fl euve des communes de M arcl opt, C hal ai n-</line>
<line>le-Comtal, M agneux-Haute-Rive, Chambéon, Saint-Laurent-la-Conche, telles que délimitées sur les plans ci-joints.</line></par>
</text>
</block>
<block><region><rect/></region>
<text>
<par>
<line>Article DG 2: Objet et contenu du plan</line></par>
<par>
<line>Le présent plan de prévention des risques est établi en application:</line></par>
<par>
<line>• de la loi n°87-565 du 22 juillet 1987 relative à l'organisation de la sécurité civile, à la protection de la forêt</line>
<line>contre l'incendie et la prévention des risques majeurs, modifiée par la loi n°95-101 du 2 février 1995 relative au</line>
<line>renforcement de la protection de l'environnement;</line></par>
<par>
<line>• du décret n°95-1089 du 5 octobre 1995 relatif aux plans de prévention des risques naturels prévisibles.</line></par>
<par>
<line>11 est établi en appl ication des di recti ves ministérielles des circulai res:</line></par>
<par>
<line>• du 24 janvier 1994 relative à la prévention des inondations et à la gestion des zones inondables (journal officiel</line>
<line>du 10 avril 1994);</line></par>
<par>
<line>• du 24 avril 1996 relative aux dispositions applicables au bâti et ouvrages existants en zones inondables (journal</line>
<line>officiel du 14 juillet 1996).</line></par>
<par>
<line>L'objet de ces plans est de limiter les dommages causés aux personnes et aux biens par les inondations et</line>
<line>d'éviter l'accroi ssement de ceux-ci à l ' aveni r.</line></par>
<par>
<line>Le présent plan de prévention des risques délimite les zones exposées aux risques en tenant compte de la</line>
<line>nature et de l'intensité du risque encouru et des champs d'expansion des crues à préserver ou à restaurer; il y interdit</line>
<line>tout type de construction, d'ouvrage, d'aménagement ou d'exploitation agricole, forestière artisanale, commerciale</line>
<line>ou industrielle, ou dans les cas où ceux-ci pourraient être autorisés, il prescrit les conditions dans lesquelles ils</line>
<line>doivent être réalisés, utilisés ou exploités.</line></par>
<par>
<line>11 définit également en tant que de besoin:</line></par>
<par>
<line>• les mesures de prévention, de protection et de sauvegarde qui doivent être prises;</line></par>
<par>
<line>• les mesures qui doivent être prises par les propriétaires, exploitants ou utilisateurs relatives à l'aménagement,</line>
<line>l'utilisation ou l'exploitation des constructions, des ouvrages, des espaces mis en culture ou plantés existants à la</line>
<line>date d'approbation du plan.</line></par>
</text>
</block>
<block><region><rect/></region>
<text>
<par>
<line>Article DG 3: Effet du plan</line></par>
<par>
<line>Le présent plan fixe les dispositions applicables:</line></par>
<par>
<line>• aux occupati ons et utili sati ons exi stantes;</line></par>
<par>
<line>• aux travaux, occupati ons, uti l i sati ons futures.</line></par>
</text>
</block>

</page>
<page width="2479" height="3508" resolution="300">
<block><region><rect/></region>
<text>
<par>
<line>Le plan de prévention des risques approuvé vaut servitude d'utilité publique. Il doit être annexé au plan</line>
<line>d'occupation des sols conformément à l'article L 126-1 du code de l'Urbanisme (article 40-4 de la loi n°87-565 du</line>
<line>22 juillet 1987 modifiée).</line></par>
<par>
<line>Le fait de construire ou d'aménager un terrain dans une zone interdite par le plan de prévention des risques</line>
<line>ou de ne pas respecter les conditions de réalisation, d'utilisation ou d'exploitation prescrites par ce plan est puni des</line>
<line>peines prévues à l'article L 480-4 du code de l'Urbanisme (article 40-5 de la loi n°87-565 du 22 juillet 1987</line>
<line>modifiée).</line></par>
<par>
<line>Les autres réglementations en vigueur continuent de s'appliquer.</line></par>
</text>
</block>
<block><region><rect/></region>
<text>
<par>
<line>Article DG 4: Crue de référence</line></par>
<par>
<line>Fleuve Loire</line></par>
<par>
<line>La crue de référence est la crue de fréquence centennale dont les caractéristiques ont été définies par l'étude</line>
<line>hydraulique des crues de la Loire entre Rivas et feurs, réalisée par la société SOGREAH Ingéniérie de Grenoble.</line>
<line>Cette étude porte les références n° 55 0538 de mai 2000.</line></par>
<par>
<line>Son débit correspond aux débits estimés des crues de 1846 et de 1907.</line></par>
<par>
<line>Les cotes atteintes par cette crue sont matérialisées sur les plans par des courbes où le niveau de la crue est le</line>
<line>même en tout point; Ces courbes sont dites « isocotes ». La cote atteinte par cette crue entre deux courbes</line>
<line>« isocotes » s'obtient par interpolation linéaire.</line></par>
</text>
</block>
<block><region><rect/></region>
<text>
<par>
<line>Article DG 5: Dispositions applicables à certaines demandes</line>
<line>Afin de permettre l ' examen de certai nes demandes:</line></par>
<par>
<line>• lors d'une demande de mutation d'immeuble bâti ou de travaux de restauration importants, le niveau du sol des</line>
<line>pièces du rez de chaussée devra être coté par rapport au Nivellement Général de la France. Ces travaux sont à</line>
<line>effectuer par un géomètre expert qui en établira le procès verbal; ce procès-verbal devra être joint à l'acte de</line>
<line>mutation.</line></par>
<par>
<line>• Il est recommandé qu'un terrain destiné à être construit soit doté d'un repère N.G.F.. En l'absence d'un tel</line>
<line>repère, la hauteur de submersion sera déterminée à l'aide de la carte des hauteurs d'eau en prenant</line>
<line>systématiquement la borne maximale de la classe dans laquelle est situé le terrain.</line></par>
</text>
</block>
<block><region><rect/></region>
<text>
<par>
<line>Article DG 6: Rappel du Code des Assurances</line></par>
<par>
<line>Article 17 de la loi n°95-101 du 2 février 1995 relative au renforcement de la protection de l'environnement,</line>
<line>incluant un article L 121-16 au Code des Assurances:</line></par>
<par>
<line>« Toute clause des contrats d'assurance tendant à subordonner le versement d'une indemnité en réparation</line>
<line>d'un dommage causé par une catastrophe naturelle au sens de l'article L 125-1 à sa reconstruction sur place est</line>
<line>réputée non écrite dès lors que l'espace est soumis à un plan de prévention des risques naturels prévisibles. »</line></par>
</text>
</block>
<block><region><rect/></region>
<text>
<par>
<line>Article DG 7: Division du territoire en zone</line></par>
</text>
</block>
<block><region><rect/></region>
<text>
<par>
<line>Zone rouge</line></par>
</text>
</block>
</page>
<page width="2479" height="3508" resolution="300">
<block><region><rect/></region>
<text>
<par>
<line>C'est une zone très exposée où les inondations sont redoutables en raison notamment des hauteurs de</line>
<line>submersion et de la vitesse du courant.</line></par>
<par>
<line>Toutes les opportunités doivent être saisies pour diminuer le nombre des implantations présentes ou pour</line>
<line>supprimer les ouvrages qui restreignent de façon importante le libre écoulement des eaux.</line></par>
</text>
</block>
<block><region><rect/></region>
<text>
<par>
<line>Zone bleue</line></par>
<par>
<line>Elle est urbanisée et exposée à un risque plus ou moins important sans toutefois atteindre les mêmes</line>
<line>intensités que dans la zone rouge.</line></par>
<par>
<line>Elle se subdivise en deux sous-zones:</line></par>
<par>
<line>• la zone bleue foncée, soumise à des aléas importants, sur laquelle le développement de l'urbanisation est à</line>
<line>proscrire.</line></par>
<par>
<line>• la zone bleue claire, soumise à des aléas limités sur laquelle de nouvelles implantations peuvent être admises</line>
<line>sous certaines conditions;</line></par>
</text>
</block>
<block><region><rect/></region>
<text>
<par>
<line>Zone verte</line></par>
<par>
<line>L a zone verte est non urbanisée et parti ci pe au stockage des eaux en limi tant l es effets en amont et en aval.</line></par>
<par>
<line>Celle-ci doit être protégée de toute urbanisation nouvelle pour conserver ou retrouver un caractère naturel.</line>
<line>Les activités agricoles doivent cependant pouvoir s'y maintenir.</line></par>
</text>
</block>
<block><region><rect/></region>
<text>
<par>
<line>Zone blanche</line></par>
<par>
<line>C'est une zone qui a été inondée lors des crues historiques de 1846 et de 1907 mais qui ne serait</line>
<line>normalement plus inondée par la crue de référence.</line></par>
<par>
<line>Le risque n'est toutefois pas nul de voir se produire une crue d'intensité supérieure.</line></par>
<par>
<line>Ainsi, l'utilisation et l'occupation des sols de cette zone devront s'opérer moyennant quelques précautions.</line></par>
</text>
</block>
</page>
<page width="2479" height="3508" resolution="300">
<block><region><rect/></region>
<text>
<par>
<line>TITRE 2</line></par>
</text>
</block>
<block><region><rect/></region>
<text>
<par>
<line>DISPOSITIONS APPLICABLES EN ZONE ROUGE</line></par>
</text>
</block>
<block><region><rect/></region>
<text>
<par>
<line>La zone rouge est une zone très exposée où les inondations sont redoutables en raison notamment des</line>
<line>hauteurs de submersion et de la vitesse du courant.</line></par>
<par>
<line>Toutes les opportunités doivent être saisies pour diminuer le nombre des implantations présentes ou pour</line>
<line>supprimer les ouvrages qui restreignent de façon importante le libre écoulement des eaux.</line></par>
</text>
</block>
<block><region><rect/></region>
<text>
<par>
<line>Article R 1: Travaux, occupations ou utilisations du sol</line>
<line>Article R 1-1: sont interdits</line></par>
<par>
<line>T ous travaux, occupations ou utilisations du sol, de quelque nature que ce soit, sont interdits à l'exception de</line>
<line>ceux visés à l'article R 1-2 du présent titre.</line></par>
</text>
</block>
<block><region><rect/></region>
<text>
<par>
<line>Article R 1-2: sont autorisés</line></par>
<par>
<line>Les travaux, occupations ou utilisations du sol mentionnés ci-dessous sont autorisés.</line></par>
<par>
<line>Occupations ou utilisations du sol existantes</line></par>
<par>
<line>• l es travaux d'entreti en et de gesti on courants tels que les trai tements de façade, l es réfecti ons de toitures,...;</line></par>
<par>
<line>• les aménagements des constructions nécessaires aux activités implantées antérieurement à la publication du</line>
<line>présent plan, strictement rendus obligatoires par la mise en conformité avec les lois, règlements et normes en</line>
<line>vigueur au moment de la demande;</line></par>
<par>
<line>• les aménagements des équipements publics implantés antérieurement à la publication du présent plan;</line></par>
<par>
<line>• les surélévations des constructions restant dans l'emprise au sol du bâtiment existant à condition que le nouveau</line>
<line>plancher soit situé à au moins trente centimètres au-dessus de la cote de la crue de référence et que le nombre de</line>
<line>logements n'augmente pas;</line></par>
<par>
<line>• les extensions au sol des habitations pour locaux sanitaires ou techniques limitées à 10 m^;</line></par>
<par>
<line>• l a créati on de nouvel l es ouvertures en dessus de l a cote de la crue de référence;</line></par>
<par>
<line>• la création de nouvelles ouvertures en dessous de la cote de la crue de référence pour les pièces habitables;</line></par>
<par>
<line>• la pose d'antennes de réception hertzienne à condition que les installations sensibles à l'immersion soient à une</line>
<line>cote al ti métri que supéri eure de trente centi mètres à l a cote de l a crue de référence;</line></par>
<par>
<line>• les aménagements internes des constructions sous réserve du respect des dispositions du deuxième alinéa de</line>
<line>l'article R 2 et des articles R 3-1, R 3-2, R 3-3, R 3-4, R 4 et R 5 du présent titre.</line></par>
</text>
</block>
<block><region><rect/></region>
<text>
<par>
<line>Travaux, occupations ou utilisations du sol nouveaux</line></par>
</text>
</block>
<block><region><rect/></region>
<text>
<par>
<line>les piscines non couvertes et les bassins non couverts;</line></par>
</text>
</block>

</page>
<page width="2479" height="3508" resolution="300">
<block><region><rect/></region>
<text>
<par>
<line>• la reconstruction des ouvrages ruinés par un sinistre ne relevant pas du régime des catastrophes naturelles;</line></par>
<par>
<line>• les terrains de sports, les aires de jeux ou de loisirs (y compris les bâtiments sanitaires et les bâtiments ne créant</line>
<line>pas de surfaces hors d'oeuvre nettes) à l'exception des foires et des installations foraines non liées à des activités</line>
<line>nautiques et des terrains de camping et de caravanage;</line></par>
<par>
<line>• les travaux, occupations ou utilisations du sol liés aux infrastructures publiques et à leurs annexes à condition de</line>
<line>ne pas aggraver les aléas dans les zones bleues;</line></par>
<par>
<line>• l'exploitation des ressources naturelles qui ne comportent ni installations fixes ni stockages permanents de</line>
<line>matériaux et à condition de n'avoir pas pour effet d'affouiller les berges ou de mettre en danger la stabilité des</line>
<line>talus de rive et des digues de protection;</line></par>
<par>
<line>• les puits et les dispositifs d'épuisement;</line></par>
<par>
<line>• l'aménagement des plans d'eau existants;</line></par>
<par>
<line>• les clôtures d'habitations ajourées sur au moins deux tiers de leurs surfaces et sans fondations faisant saillies au-</line>
<line>dessus du terrain naturel;</line></par>
<par>
<line>• cultures et plantations:</line></par>
<par>
<line>- les cultures annuelles et les pacages;</line></par>
<par>
<line>- les clôtures de prairie constituées d'au maximum trois fils superposés et espacés d'au moins vingt</line>
<line>centimètres avec des poteaux distants d'au moins trois mètres;</line></par>
<par>
<line>- la plantation en crête de berge d'une file d'arbre, à l'exclusion des acacias et des bois taillis, et à</line>
<line>condition d'empêcher leur extension par drageons;</line></par>
<par>
<line>- les vergers et les plantations en futaies d'arbres espacés d'au moins six mètres à la condition</line>
<line>expresse que les arbres soient régulièrement élagués jusqu'à un mètre de la cote de la crue de</line>
<line>référence et que le sol entre les arbres reste bien dégagé.</line></par>
</text>
</block>
<block><region><rect/></region>
<text>
<par>
<line>Article R 2: Prescriptions d'urbanisme</line></par>
<par>
<line>• l'axe pri nci pal des constructi ons et i nstal l ati ons sera paral lèle au flux du pl us grand écoul ement;</line></par>
<par>
<line>• la cote du premier niveau habitable sera supérieure d'au moins trente centimètres à la cote de la crue de</line>
<line>référence.</line></par>
<par>
<line>Article R 3: Règles de constructions</line>
<line>Article R 3-1: sont interdits</line></par>
<par>
<line>• l es fondati ons de type « dal l e fl ottante ».</line></par>
<par>
<line>Article R 3-2: sont interdits sous la cote de la crue de référence</line></par>
<par>
<line>• l es matéri aux ne rési stant pas aux dégradati ons par i mmersi on;</line></par>
<par>
<line>• l'installation de tout équipement tel que chaudière ou ballon d'eau chaude.</line></par>
</text>
</block>
</page>
<page width="2479" height="3508" resolution="300">
<block><region><rect/></region>
<text>
<par>
<line>Article R 3-3: prescriptions</line></par>
</text>
</block>
<block><region><rect/></region>
<text>
<par>
<line>• les commerces de détail et les restaurants devront disposer d'un local situé au-dessus de la cote de la crue de</line>
<line>référence où seront stockées les marchandises sensibles. En cas d'impossibilité technique, des dispositions</line>
<line>devront être prises pour permettre la mise hors d'eau rapide;</line></par>
<par>
<line>• les constructions et installations seront fondées dans le sol de façon à résister à des affouillements, des</line>
<line>tassements ou des érosions localisés;</line></par>
<par>
<line>• une arase étanche sera réalisée entre les fondations, murs et parties de la structure situées de part et autre de la</line>
<line>cote de la crue de référence;</line></par>
<par>
<line>• les cuves seront lestées pour compenser la poussée d'Archimède et arrimées;</line></par>
<par>
<line>• i nstal l ati ons él ectriques:</line></par>
<par>
<line>- le comptage EDF, sauf impossibilité technique, sera placé au-dessus de la cote de la crue de</line>
<line>référence;</line></par>
<par>
<line>- le raccordement entre celui-ci et le tableau de distribution électrique principal sera réalisé sans</line>
<line>raccord ni épissures;</line></par>
<par>
<line>- l e tabl eau de di stri buti on él ectrique sera pl acé dans un espace accessi ble pour la crue de référence;</line></par>
<par>
<line>- les circuits électriques des espaces situés de part et autre de la cote de la crue de référence seront</line>
<line>indépendants.</line></par>
</text>
</block>
<block><region><rect/></region>
<text>
<par>
<line>Article R 3-4: prescriptions en dessous de la cote de la crue de référence</line></par>
<par>
<line>• les réseaux privés devront être étanches (regards munis de plaques étanches et verrouillées);</line></par>
<par>
<line>• les menuiseries extérieures devront être soit en métal, soit en PVC, soit en aluminium, excepté pour l'entrée</line>
<line>principale qui pourra être en bois non sensible à l'immersion (châtaigniers ou red-cedar par exemple);</line></par>
<par>
<line>• les matériaux d'isolation devront être insensibles à l'immersion (polystyrène extrudé haute densité à cellules</line>
<line>fermées par exemple).</line></par>
<par>
<line>Article R 4: mesures de prévention, de protection et de sauvegarde</line>
<line>Dans les cinq ans suivant la date d'approbation du plan:</line></par>
<par>
<line>• toute construction devra disposer d'un dispositif permettant de rendre étanche les ouvertures en cas de</line>
<line>submersi on i nféri eure à trente centi mètres;</line></par>
<par>
<line>• toute construction d'habitation devra disposer d'un accès de secours accessible pour la crue de référence</line>
<line>permettant l'évacuation d'une personne allongée;</line></par>
<par>
<line>• tout bâti ment abri tant l e cheptel ( mort ou vi f) devra fai re l'objet d'un plan d'évacuati on en cas de crue.</line></par>
</text>
</block>
<block><region><rect/></region>
<text>
<par>
<line>Article R 5: mesures relatives à l'aménagement, l'utilisation ou l'exploitation des</line>
<line>constructions, ouvrages et des espaces mis en culture ou plantés.</line></par>
<par>
<line>• le stockage et les dépôts de toute nature et notamment ceux de matériaux flottables, de produits susceptibles de</line>
<line>présenter des dangers pour la salubrité publique ou la sécurité publique en cas d'inondation ou de faire obstacle</line>
<line>au libre écoulement des eaux sont interdits; sont tolérés les stocks limités des particuliers, des artisans, des</line>
<line>revendeurs détaillants et des agriculteurs;</line></par>
<par>
<line>• la végétation devra être régulièrement entretenue afin d'éviter son développement excessif.</line></par>
</text>
</block>
</page>
<page width="2479" height="3508" resolution="300">
<block><region><rect/></region>
<text>
<par>
<line>TITRE 3</line></par>
</text>
</block>
<block><region><rect/></region>
<text>
<par>
<line>DISPOSITIONS APPLICABLES EN ZONE BLEUE</line></par>
</text>
</block>
<block><region><rect/></region>
<text>
<par>
<line>La zone bleue est urbanisée et exposée à un risque plus ou moins important sans toutefois atteindre les</line>
<line>mêmes intensités que dans la zone rouge.</line></par>
<par>
<line>Elle se subdivise en deux sous-zones:</line></par>
<par>
<line>• la zone bleue foncée, soumise à des aléas importants, sur laquelle le développement de l'urbanisation est à</line>
<line>proscrire.</line></par>
<par>
<line>• la zone bleue claire, soumise à des aléas limités sur laquelle de nouvelles implantations peuvent être admises</line>
<line>sous certaines conditions;</line></par>
</text>
</block>
<block><region><rect/></region>
<text>
<par>
<line>Article BU 1: Travaux, occupations ou utilisations du sol</line>
<line>Article BU 1-1: sont interdits</line></par>
<par>
<line>T ous travaux, occupations ou utilisation du sol, de quelque nature que ce soit, sont interdits à l'exception de</line>
<line>ceux visés à l'article BU 1-2 du présent titre.</line></par>
</text>
</block>
<block><region><rect/></region>
<text>
<par>
<line>Article BU 1-2: sont autorisés</line></par>
<par>
<line>Les travaux, occupations ou utilisations du sol mentionnés ci-dessous sont autorisés.</line></par>
<par>
<line>Occupations ou utilisations du sol existantes</line></par>
<par>
<line>• l es travaux d'entreti en et de gesti on courants tels que les trai tements de façade, l es réfecti ons de toitures,...;</line></par>
<par>
<line>• les aménagements internes, à l'exception des sous-sols, et sous réserve de ne pas augmenter le nombre de</line>
<line>logements;</line></par>
<par>
<line>• les aménagements des constructions nécessaires aux activités implantées antérieurement à la publication du</line>
<line>présent plan, strictement rendus obligatoire par la mise en conformité avec les lois, règlements et normes en</line>
<line>vigueur au moment de la demande;</line></par>
<par>
<line>• les aménagements des équipements publics implantés antérieurement à la publication du présent plan;</line></par>
<par>
<line>• les extensions d'habitations à l'exception de la création de sous-sols;</line></par>
<par>
<line>• l a créati on de nouvel l es ouvertures en dessus de l a cote de la crue de référence;</line></par>
<par>
<line>• la création de nouvelles ouvertures en dessous de la cote de la crue de référence pour les pièces habitables;</line></par>
<par>
<line>• la pose d'antennes de réception hertzienne à condition que les installations sensibles à l'immersion soient à une</line>
<line>cote al ti métri que supéri eure de trente centi mètres à l a cote de l a crue de référence;</line></par>
<par>
<line>• les aménagements internes des constructions et les changements de destination sous réserve du respect des</line>
<line>dispositions du deuxième alinéa de l'article BU 2 et des articles BU 3-1, BU 3-2, BU 3-3, BU 3-4, BU 4 et BU 5</line>
<line>du présent titre;</line></par>
<par>
<line>• les changements de destinations.</line></par>
</text>
</block>
</page>
<page width="2479" height="3508" resolution="300">
<block><region><rect/></region>
<text>
<par>
<line>Travaux, occupations ou utilisations du sol nouveaux</line></par>
<par>
<line>• les piscines non couvertes et l es bassi ns non couverts;</line></par>
<par>
<line>• la reconstruction des ouvrages ruinés par un sinistre ne relevant pas du régime des catastrophes naturelles;</line></par>
<par>
<line>• l es terrai ns de sports, les aires de j eux ou de loisirs (y compri s l es bâti ments et aménagements annexes liés à ces</line>
<line>acti vi tés) à l'exception des terrai ns de campi ngs et de caravanages;</line></par>
<par>
<line>• les travaux, occupations ou utilisations du sol liés aux infrastructures publiques et à leurs annexes à condition de</line>
<line>ne pas aggraver les aléas dans les zones bleues;</line></par>
<par>
<line>• les exploitations agricoles;</line></par>
<par>
<line>• les puits et les dispositifs d'épuisement;</line></par>
<par>
<line>• l'aménagement de plans d'eau existants;</line></par>
<par>
<line>• les clôtures;</line></par>
<par>
<line>• les parcs de stationnement au niveau du sol;</line></par>
<par>
<line>• l es rembl ais dans l'empri se des bâti ments;</line></par>
<par>
<line>• tout type de culture et de plantations.</line></par>
<par>
<line>Article BU 1-3: sont autorisés dans la zone bleue claire uniquement</line></par>
<par>
<line>• les piscines et les bassi ns;</line></par>
<par>
<line>• l es aménagements i nternes à l ' excepti on des sous-sol s;</line></par>
<par>
<line>• l'impl antati on de nouvel l es constructi ons sans sous-sol s;</line></par>
<par>
<line>• l'implantation de nouvelles activités à condition que soient prises des mesures adaptées au risque encouru;</line></par>
<par>
<line>Article BU 2: Prescriptions d'urbanisme</line></par>
<par>
<line>• l'axe pri nci pal des constructi ons et i nstal l ati ons sera paral lèle au flux du pl us grand écoul ement;</line></par>
<par>
<line>• la cote du premier niveau habitable sera supérieure d'au moins trente centimètres à la cote de la crue de</line>
<line>référence.</line></par>
<par>
<line>Article BU 3: Règles de constructions</line>
<line>Article BU 3-1: sont interdits</line></par>
<par>
<line>• l es fondati ons de type « dal l e fl ottante ».</line></par>
<par>
<line>Article BU 3-2: sont interdits sous la cote de la crue de référence</line></par>
<par>
<line>• l es matéri aux ne rési stant pas aux dégradati ons par i mmersi on;</line></par>
<par>
<line>• l'installation de tout équipement tel que chaudière ou ballon d'eau chaude;</line></par>
</text>
</block>

</page>
<page width="2479" height="3508" resolution="300">
<block><region><rect/></region>
<text>
<par>
<line>Article BU 3-3: prescriptions</line></par>
</text>
</block>
<block><region><rect/></region>
<text>
<par>
<line>• les commerces de détail et les restaurants devront disposer d'un local situé au-dessus de la cote de la crue de</line>
<line>référence où seront stockées les marchandises sensibles. En cas d'impossibilité technique, des dispositions</line>
<line>devront être prises pour permettre la mise hors d'eau rapide;</line></par>
<par>
<line>• les constructions et installations seront fondées dans le sol de façon à résister à des affouillements, des</line>
<line>tassements ou des érosions localisés;</line></par>
<par>
<line>• une arase étanche sera réalisée entre les fondations, murs et parties de la structure situées de part et autre de la</line>
<line>cote de la crue de référence;</line></par>
<par>
<line>• les cuves seront lestées pour compenser la poussée d'Archimède et arrimées;</line></par>
<par>
<line>• i nstal l ati ons él ectriques:</line></par>
<par>
<line>- le comptage EDF, sauf impossibilité technique, sera placé au-dessus de la cote de la crue de</line>
<line>référence;</line></par>
<par>
<line>- le raccordement entre celui-ci et le tableau de distribution électrique principal sera réalisé sans</line>
<line>raccord ni épissures;</line></par>
<par>
<line>- l e tabl eau de di stri buti on él ectrique sera pl acé dans un espace accessi ble pour la crue de référence;</line></par>
<par>
<line>- les circuits électriques des espaces situés de part et autre de la cote de la crue de référence seront</line>
<line>indépendants.</line></par>
<par>
<line>Article BU 3-4: prescriptions en dessous de la cote de la crue de référence</line></par>
<par>
<line>• les réseaux privés devront être étanches (regards munis de plaques étanches et verrouillées);</line></par>
<par>
<line>• les menuiseries extérieures devront être soit en métal, soit en PVC, soit en aluminium, excepté pour l'entrée</line>
<line>principale qui pourra être en bois non sensible à l'immersion (châtaigniers ou red-cedar par exemple);</line></par>
<par>
<line>• les matériaux d'isolation devront être insensibles à l'immersion (polystyrène extrudé haute densité à cellules</line>
<line>fermées par exemple).</line></par>
</text>
</block>
<block><region><rect/></region>
<text>
<par>
<line>Article BU 4: mesures de prévention, de protection et de sauvegarde</line>
<line>Dans les cinq ans suivant la date d'approbation du plan:</line></par>
<par>
<line>• toute construction devra disposer d'un dispositif permettant de rendre étanche les ouvertures en cas de</line>
<line>submersi on i nféri eure à trente centi mètres;</line></par>
<par>
<line>• toute construction d'habitation devra disposer d'un accès de secours accessible pour la crue de référence</line>
<line>permettant l'évacuation d'une personne allongée;</line></par>
<par>
<line>• tout bâti ment abri tant l e cheptel ( mort ou vi f) devra fai re l'objet d'un plan d'évacuati on en cas de crue.</line></par>
</text>
</block>
<block><region><rect/></region>
<text>
<par>
<line>Article BU 5: mesures relatives à l'aménagement, l'utilisation ou l'exploitation des</line>
<line>constructions, ouvrages et des espaces mis en culture ou plantés.</line></par>
<par>
<line>• le stockage et les dépôts de toute nature et notamment ceux de matériaux flottables, de produits susceptibles de</line>
<line>présenter des dangers pour la salubrité publique ou la sécurité publique en cas d'inondation ou de faire obstacle</line>
<line>au libre écoulement des eaux sont interdits; sont tolérés les stocks limités des particuliers, des artisans, des</line>
<line>revendeurs détaillants et des agriculteurs.</line></par>
</text>
</block>
</page>
<page width="2479" height="3508" resolution="300">
<block><region><rect/></region>
<text>
<par>
<line>TITRE 4</line></par>
</text>
</block>
<block><region><rect/></region>
<text>
<par>
<line>DISPOSITIONS APPLICABLES EN ZONE VERTE</line></par>
</text>
</block>
<block><region><rect/></region>
<text>
<par>
<line>La zone verte n'est pas urbanisée et participe au stockage des eaux débordantes des crues en limitant les</line>
<line>effets en amont et en aval.</line></par>
<par>
<line>Celle-ci doit être protégée de toute urbanisation nouvelle pour conserver ou retrouver un caractère naturel.</line>
<line>Les activités agricoles doivent cependant pouvoir s'y maintenir.</line></par>
</text>
</block>
<block><region><rect/></region>
<text>
<par>
<line>Article V 1: T ravaux, occupations ou utilisations du sol</line>
<line>Article V 1-1: sont interdits</line></par>
<par>
<line>T ous travaux, occupations ou utilisations du sol, de quelque nature que ce soit, sont interdits à l'exception de</line>
<line>ceux visés à l'article V 1-2 du présent titre.</line></par>
</text>
</block>
<block><region><rect/></region>
<text>
<par>
<line>Article V 1-2: sont autorisés</line></par>
<par>
<line>Les travaux, occupations ou utilisations du sol mentionnés ci-dessous sont autorisés.</line></par>
<par>
<line>Occupations ou utilisations du sol existantes</line></par>
<par>
<line>• l es travaux d'entreti en et de gesti on courants tels que les trai tements de façade, l es réfecti ons de toitures,...;</line></par>
<par>
<line>• les aménagements internes, à l'exception des sous-sols, et sous réserve de ne pas augmenter le nombre de</line>
<line>logements;</line></par>
<par>
<line>• les aménagements des constructions nécessaires aux activités implantées antérieurement à la publication du</line>
<line>présent plan à condition que soient prises des mesures adaptées au risque encouru;</line></par>
<par>
<line>• les aménagements des équipements publics implantés antérieurement à la publication du présent plan;</line></par>
<par>
<line>• les surélévations des constructions restant dans l'emprise au sol de la construction et à condition que le nouveau</line>
<line>plancher soit situés à au moins trente centimètres au-dessus de la cote de la crue de référence;</line></par>
<par>
<line>• les extensions au sol des habitations, limitées à 20% de l'existant;</line></par>
<par>
<line>• l a créati on de nouvel l es ouvertures en dessus de l a cote de la crue de référence;</line></par>
<par>
<line>• la création de nouvelles ouvertures en dessous de la cote de la crue de référence pour les pièces habitables;</line></par>
<par>
<line>• la pose d'antennes de réception hertzienne à condition que les installations sensibles à l'immersion soient à une</line>
<line>cote al ti métri que supéri eure de trente centi mètres à l a cote de l a crue de référence;</line></par>
<par>
<line>• les aménagements internes des constructions et les changements de destination sous réserve du respect des</line>
<line>dispositions du deuxième alinéa de l'article V 2 et des articles V 3-1, V 3-2, V 3-3, V 3-4, V 4 et V 5 du présent</line>
<line>titre.</line></par>
</text>
</block>
<block><region><rect/></region>
<text>
<par>
<line>Travaux, occupations ou utilisations du sol nouveaux</line></par>
</text>
</block>

</page>
<page width="2479" height="3508" resolution="300">
<block><region><rect/></region>
<text>
<par>
<line>• les piscines non couvertes et l es bassi ns non couverts;</line></par>
<par>
<line>• la reconstruction des ouvrages ruinés par un sinistre ne relevant pas du régime des catastrophes naturelles;</line></par>
<par>
<line>• les terrains de sports, les aires de jeux ou de loisirs (y compris les batiments et aménagements annexes</line>
<line>nécessaires aux activités) à l'exception des terrains de campings et de caravanages;</line></par>
<par>
<line>• les travaux, occupations ou utilisations du sol liés aux infrastructures publiques et à leurs annexes à condition de</line>
<line>ne pas aggraver les aléas dans les zones bleues;</line></par>
<par>
<line>• l'exploitation des ressources naturelles à condition que les installations fixes et les stockages permanents de</line>
<line>matériaux ne fassent pas obstacle à l'écoulement des eaux et ne réduisent pas de façon sensible les champs</line>
<line>d'expansion des crues;</line></par>
<par>
<line>• les exploitations agricoles;</line></par>
<par>
<line>• les déblais;</line></par>
<par>
<line>• l es clôtures aj ourés sur deux ti ers de leurs surfaces et sans fondati ons fai sant saillies au dessus du terrai n naturel ;</line></par>
<par>
<line>• les puits et les dispositifs d'épuisement;</line></par>
<par>
<line>• l'aménagement de plans d'eau;</line></par>
<par>
<line>• tout type de cultures et de plantations.</line></par>
</text>
</block>
<block><region><rect/></region>
<text>
<par>
<line>Article V 2: Prescriptions d'urbanisme</line></par>
<par>
<line>• l'axe pri nci pal des constructi ons et i nstal l ati ons sera paral lèle au flux du pl us grand écoul ement;</line></par>
<par>
<line>• la cote du premier niveau habitable sera supérieure d'au moins trente centimètres à la cote de la crue de</line>
<line>référence.</line></par>
<par>
<line>Article V 3: Règles de constructions</line>
<line>Article V 3-1: sont interdits</line></par>
<par>
<line>• l es fondati ons de type « dal l e fl ottante ».</line></par>
<par>
<line>Article V 3-2: sont interdits sous la cote de la crue de référence</line></par>
<par>
<line>• l es matéri aux ne rési stant pas aux dégradati ons par i mmersi on;</line></par>
<par>
<line>• l'installation de tout équipement tel que chaudière ou ballon d'eau chaude;</line></par>
</text>
</block>
<block><region><rect/></region>
<text>
<par>
<line>Article V 3-3: prescriptions</line></par>
<par>
<line>• les commerces de détail et les restaurants devront disposer d'un local situé au-dessus de la cote de la crue de</line>
<line>référence où seront stockées les marchandises sensibles. En cas d'impossibilité technique, des dispositions</line>
<line>devront être prises pour permettre la mise hors d'eau rapide;</line></par>
<par>
<line>• les constructions et installations seront fondées dans le sol de façon à résister à des affouillements, des</line>
<line>tassements ou des érosions localisés;</line></par>
<par>
<line>• une arase étanche sera réalisée entre les fondations, murs et parties de la structure situées de part et autre de la</line>
<line>cote de la crue de référence;</line></par>
</text>
</block>

</page>
<page width="2479" height="3508" resolution="300">
<block><region><rect/></region>
<text>
<par>
<line>• les cuves seront lestées pour compenser la poussée d'Archimède et arrimées;</line></par>
<par>
<line>• i nstal l ati ons él ectriques:</line></par>
<par>
<line>- le comptage EDF, sauf impossibilité technique, sera placé au-dessus de la cote de la crue de</line>
<line>référence;</line></par>
<par>
<line>- le raccordement entre celui-ci et le tableau de distribution électrique principal sera réalisé sans</line>
<line>raccord ni épissures;</line></par>
<par>
<line>- l e tabl eau de di stri buti on él ectrique sera pl acé dans un espace accessi ble pour la crue de référence;</line></par>
<par>
<line>- les circuits électriques des espaces situés de part et autre de la cote de la crue de référence seront</line>
<line>indépendants.</line></par>
</text>
</block>
<block><region><rect/></region>
<text>
<par>
<line>Article V 3-4: prescriptions en dessous de la cote de la crue de référence</line></par>
<par>
<line>• les réseaux privés devront être étanches (regards munis de plaques étanches et verrouillées);</line></par>
<par>
<line>• les menuiseries extérieures devront être soit en métal, soit en PVC, soit en aluminium, excepté pour l'entrée</line>
<line>principale qui pourra être en bois non sensible à l'immersion imputrescibles (châtaigniers ou red-cedar par</line>
<line>exemple);</line></par>
<par>
<line>• les matériaux d'isolation devront être insensibles à l'immersion (polystyrène extrudé haute densité à cellules</line>
<line>fermées par exemple).</line></par>
</text>
</block>
<block><region><rect/></region>
<text>
<par>
<line>Article V 4: mesures de prévention, de protection et de sauvegarde</line>
<line>Dans les cinq ans suivant la date d'approbation du plan:</line></par>
<par>
<line>• toute construction devra disposer d'un dispositif permettant de rendre étanche les ouvertures en cas de</line>
<line>submersi on i nféri eure à trente centi mètres;</line></par>
<par>
<line>• toute construction d'habitation devra disposer d'un accès de secours accessible pour la crue de référence</line>
<line>permettant l'évacuation d'une personne allongée;</line></par>
<par>
<line>• tout bâti ment abri tant l e cheptel ( mort ou vi f) devra fai re l'objet d'un plan d'évacuati on en cas de crue.</line></par>
</text>
</block>
<block><region><rect/></region>
<text>
<par>
<line>Article V 5: mesures relatives à l'aménagement, l'utilisation ou l'exploitation des</line>
<line>constructions, ouvrages et des espaces mis en culture ou plantés.</line></par>
<par>
<line>• le stockage et les dépôts de toute nature et notamment ceux de matériaux flottables, de produits susceptibles de</line>
<line>présenter des dangers pour la salubrité publique ou la sécurité publique en cas d'inondation ou de faire obstacle</line>
<line>au libre écoulement des eaux sont interdits; sont tolérés les stocks limités des particuliers, des artisans, des</line>
<line>revendeurs détaillants et des agriculteurs.</line></par>
</text>
</block>
</page>
<page width="2479" height="3508" resolution="300">
<block><region><rect/></region>
<text>
<par>
<line>TITRE 5</line></par>
</text>
</block>
<block><region><rect/></region>
<text>
<par>
<line>DISPOSITIONS APPLICABLES EN ZONE BLANCHE</line></par>
</text>
</block>
<block><region><rect/></region>
<text>
<par>
<line>La zone blanche est une zone qui a été inondée lors des crues historiques de 1846 et de 1907 mais qui ne</line>
<line>serait normalement plus inondée pour la crue de référence.</line></par>
<par>
<line>Le risque n'est toutefois pas nul de voir se produire une crue d'intensité supérieure.</line></par>
<par>
<line>Ainsi, l'utilisation et l'occupation des sols de cette zone devront s'opérer moyennant quelques précautions.</line></par>
<par>
<line>Article BC 1: Travaux, occupations ou utilisations du sol</line>
<line>Article BC 1-1: sont interdits</line></par>
<par>
<line>Les travaux, occupations ou utilisations du sol suivants sont interdits:</line></par>
<par>
<line>• les travaux de terrassements ayant pour effet d'affouiller les berges naturelles ou protégées, de mettre en danger</line>
<line>l a stabi lité des tal us de rive ou de fai re obstacle au l i bre écoul ement des eaux;</line></par>
<par>
<line>• les activités nouvelles qui ne peuvent supporter l'isolement, même temporaire;</line></par>
<par>
<line>• l es aménagements au-dessous du terrai n naturel ;</line></par>
<par>
<line>• l'implantation de nouvelles activités utilisant des produits susceptibles de présenter des dangers pour la salubrité</line>
<line>ou la sécurité publique en cas d'inondation.</line></par>
<par>
<line>Article BC 1-2: sont autorisés</line></par>
<par>
<line>T ous travaux, occupations ou utilisation du sol, à l'exception de ceux mentionnés à l'article BC 1-1.</line></par>
<par>
<line>Article BC 2: Prescriptions d'urbanisme</line></par>
<par>
<line>• l a cote du premi er ni veau habi tabl e sera supéri eure d'au moi ns trente centi mètres du terrai n naturel.</line></par>
</text>
</block>
<block><region><rect/></region>
<text>
<par>
<line>Article BC 2-1: Dans la zone blanche hachurée uniquement</line></par>
<par>
<line>• Les remblais seront limités aux abords des constructions ou ouvrages; ils ne devront pas empêcher l'écoulement</line>
<line>des eaux de ruissellement provenant du débordement des ruisseaux.</line></par>
<par>
<line>Article BC 3: Règles de constructions</line>
<line>Article BC 3-1: sont interdits</line></par>
<par>
<line>• l es fondati ons de type « dal l e fl ottante ».</line></par>
</text>
</block>
</page>
<page width="2479" height="3508" resolution="300">
<block><region><rect/></region>
<text>
<par>
<line>Article BC 3-2: sont interdits en sous-sols</line></par>
</text>
</block>
<block><region><rect/></region>
<text>
<par>
<line>• l'installation de tout équipement tel que chaudière ou ballon d'eau chaude.</line></par>
<par>
<line>Article BC 3-3: prescriptions</line></par>
<par>
<line>• les constructions et installations seront fondées dans le sol de façon à résister à des affouillements, des</line>
<line>tassements ou des érosions localisés;</line></par>
<par>
<line>• une arase étanche sera réalisée entre les fondations, murs et parties de la structure situés de part et autre de la</line>
<line>cote du terrain naturel;</line></par>
<par>
<line>• les cuves seront lestées pour compenser la poussée d'Archimède;</line></par>
<par>
<line>• i nstal l ati ons él ectriques:</line></par>
<par>
<line>- l e comptage EDF, sauf i mpossi bilité technique, sera placé au-dessus du terrai n naturel ;</line></par>
<par>
<line>- le raccordement entre celui-ci et le tableau de distribution électrique principal sera réalisé sans</line>
<line>raccord ni épissures;</line></par>
<par>
<line>- l e tabl eau de di stri buti on él ectrique sera pl acé au-dessus du terrai n naturel ;</line></par>
<par>
<line>- les circuits électriques des espaces situés de part et autre du terrain naturel seront indépendants.</line></par>
<par>
<line>• les réseaux privés devront être étanches (regards munis de plaques étanches et verrouillées).</line></par>
</text>
</block>
<block><region><rect/></region>
<text>
<par>
<line>Article BC 4: mesures relatives à l'aménagement, l'utilisation ou l'exploitation des</line>
<line>constructions, ouvrages et des espaces mis en culture ou plantés.</line></par>
<par>
<line>• le stockage et les dépôts de toute nature et notamment ceux de matériaux flottables, de produits susceptibles de</line>
<line>présenter des dangers pour la salubrité publique ou la sécurité publique en cas d'inondation ou de faire obstacle</line>
<line>au libre écoulement des eaux sont interdits; sont tolérés les stocks limités des particuliers, des artisans, des</line>
<line>revendeurs détaillants et des agriculteurs.</line></par>
</text>
</block>
</page>
<page width="2818" height="3988" resolution="341">
<block><region><rect/></region>
<text>
<par>
<line>CARTES DE ZONAGE</line></par>
</text>
</block>
<block><region><rect/></region>
<text>
<par>
<line>de IEqup</line></par>
</text>
</block>
<block><region><rect/></region>
<text>
<par>
<line>PLAN DE PRiViNTION</line></par>
</text>
</block>
<block><region><rect/></region>
<text>
<par>
<line>DES PIQUES NATURELS PREVISIBLES</line></par>
</text>
</block>
<block><region><rect/></region>
<text>
<par>
<line>m.</line></par>
</text>
</block>
<block><region><rect/></region>
<text>
<par>
<line>SOGREAH</line></par>
</text>
</block>
<block><region><rect/></region>
<text>
<par/>
</text>
</block>
<block><region><rect/></region>
<text>
<par/>
</text>
</block>
<block><region><rect/></region>
<text>
<par/>
</text>
</block>
<block><region><rect/></region>
<text>
<par/>
</text>
</block>
<block><region><rect/></region>
<text>
<par/>
</text>
</block>
<block><region><rect/></region>
<text>
<par>
<line>■tSiÿ^N</line></par>
</text>
</block>
<block><region><rect/></region>
<text>
<par>
<line>A</line></par>
</text>
</block>

























</page>
<page width="2520" height="3567" resolution="305">
<block><region><rect/><rect/><rect/></region>
<text>
<par>
<line>FLEUVE LOIRE</line>
<line>d8 l'EtiuiwniBilt | POTM ÇWtn</line></par>
<par>
<line>SKSH LOIRE SEA I CUZIEU-FEURS</line>
<line>PLAN DE PREVENTION</line>
<line>DES RIQUES NATURELS PREVISIBLES</line>
<line>□‘INONDATION</line>
<line>CARTE DE ZONAGE</line>
<line>COMMUNE DE CHAMBEON</line></par>
</text>
</block>
<block><region><rect/></region>
<text>
<par>
<line>SOGREAH</line></par>
</text>
</block>
<block><region><rect/></region>
<text>
<par/>
</text>
</block>
<block><region><rect/></region>
<text>
<par/>
</text>
</block>
<block><region><rect/></region>
<text>
<par/>
</text>
</block>
<block><region><rect/></region>
<text>
<par/>
</text>
</block>
<block><region><rect/></region>
<text>
<par>
<line>i</line></par>
</text>
</block>
<block><region><rect/></region>
<text>
<par/>
</text>
</block>











































































</page>
<page width="2281" height="3228" resolution="276">
<block><region><rect/></region>
<text>
<par>
<line>FLEUVE LOIRE</line>
<line>Forez centre</line>
<line>CUZIEU-FEURS</line></par>
</text>
</block>
<block><region><rect/></region>
<text>
<par>
<line>PLAN DE PREVENTION</line></par>
</text>
</block>
<block><region><rect/></region>
<text>
<par>
<line>DES RIQUES NATURELS PR€VISiet.lS</line></par>
</text>
</block>
<block><region><rect/></region>
<text>
<par>
<line>D'NONDAHON</line></par>
</text>
</block>
<block><region><rect/></region>
<text>
<par>
<line>CARTE DE ZONAGE</line></par>
</text>
</block>
<block><region><rect/></region>
<text>
<par>
<line>COMMUNE DE MAGNBUX HAUTE R VE</line></par>
</text>
</block>
<block><region><rect/></region>
<text>
<par>
<line>SOGREAH</line></par>
</text>
</block>

















































</page>
<page width="2479" height="3508" resolution="300">
<block><region><rect/></region>
<text>
<par>
<line>Drecbon</line>
<line>Départenentale</line>
<line>de l'Efliiiiieflierl</line>
<line>LORE - S[A</line></par>
</text>
</block>
<block><region><rect/></region>
<text>
<par>
<line>FLEUVE LOtRB</line>
<line>Forûz canin</line>
<line>CUZtEU-FEURS</line></par>
</text>
</block>
<block><region><rect/></region>
<text>
<par>
<line>PLAN DE PREVENTiON</line></par>
</text>
</block>
<block><region><rect/></region>
<text>
<par>
<line>DES RIQUES NATURELS PREVISIBLES</line></par>
</text>
</block>
<block><region><rect/></region>
<text>
<par>
<line>D'INONDATION</line></par>
</text>
</block>
<block><region><rect/></region>
<text>
<par>
<line>CARTE DE ZONAGE</line></par>
</text>
</block>
<block><region><rect/></region>
<text>
<par>
<line>COMMUNE DE MARCLOPT</line></par>
</text>
</block>
<block><region><rect/></region>
<text>
<par>
<line>SOGREAH</line></par>
</text>
</block>
<block><region><rect/></region>
<text>
<par/>
</text>
</block>
<block><region><rect/></region>
<text>
<par/>
</text>
</block>
<block><region><rect/></region>
<text>
<par/>
</text>
</block>
<block><region><rect/></region>
<text>
<par/>
</text>
</block>































<block blockType="Picture" blockName="" l="538" t="1557" r="611" b="1637"><region><rect/></region>
</block>
</page>
<page width="2545" height="3602" resolution="308">
<block><region><rect/></region>
<text>
<par/>
</text>
</block>
<block><region><rect/></region>
<text>
<par/>
</text>
</block>
<block><region><rect/></region>
<text>
<par>
<line>-4</line></par>
</text>
</block>
<block><region><rect/></region>
<text>
<par>
<line>cv</line></par>
</text>
</block>
<block><region><rect/></region>
<text>
<par/>
</text>
</block>
<block><region><rect/></region>
<text>
<par>
<line>DirKtnn</line></par>
<par>
<line>Dépa1en.«tale FLEUVE LOIRE</line>
<line>Je l'Equipenent For^ZCWtr^</line></par>
<par>
<line>LOIRE. SER CUZIEU^EURS</line></par>
</text>
</block>
<block><region><rect/></region>
<text>
<par>
<line>PLAN DE PREVENTION</line>
<line>DIS PIQUES NATURELS PREVISIBLES</line>
<line>D'INONDATION</line>
<line>CARTE DE ZONAGE</line></par>
<par>
<line>COMMUNE DE SAINT LAURENT LA CONCHE</line></par>
</text>
</block>
<block><region><rect/></region>
<text>
<par>
<line>SOGREAH</line></par>
</text>
</block>
























</page>
</PM1>