<?xml version="1.0" encoding="UTF-8"?><PM1>
<page width="1672" height="2352" resolution="200">
<block><region><rect/></region>
<text>
<par>
<line>Liberté • Egalité • Fraternité</line></par>
<par>
<line>République Française</line>
<line>PRÉFECTURE DU TARN</line></par>
</text>
</block>
<block><region><rect/></region>
<text>
<par>
<line>DIRECTION DEPARTEMENTALE</line>
<line>DE L’EQUIPEMENT</line></par>
<par>
<line>Service de l’habitat, de raménagement</line>
<line>et de l’urbanisme</line></par>
<par>
<line>Affaire suivie par ; Francis Sévérac</line>
<line>Tél : 05.63.47.30.52</line></par>
<par>
<line>Référence : SHAU/EGAE/APPROPPR</line></par>
<par>
<line>Arrêté relatif à l’approbation du plan de prévention des risques naturels prévisibles</line>
<line>concernant le risque « inondation » sur les communes d’Albi, Arthès, Bellegarde,</line>
<line>Cagnac-les-Mines, Cambon, Cunac, Fréjairolles, Le Garric, Labastide-Dénat,</line>
<line>Lescure-d'Albigeois, Mouzieys-Teulet, Puygouzon, Saint-Juérj', Saussenac,</line></par>
<par>
<line>Le Séquestre, Valdériès et Villcfranche-d’Albigeois</line></par>
</text>
</block>
<block><region><rect/></region>
<text>
<par>
<line>Le préfet du Tarn,</line></par>
<par>
<line>Chevalier de la Légion d’honneur,</line>
<line>Officier de TOrdre National du Mérite</line></par>
</text>
</block>
<block><region><rect/></region>
<text>
<par>
<line>Vu la loi n° 87-565 du 22 juillet 1987 relative à l'organisation de la sécurité civile, à la</line>
<line>protection de la forêt contre l'incendie et à la prévention des risques majeurs, modifiée par</line>
<line>la loi n° 95-101 du 2 février 1995 relative au renforcement de la protection de l'envi¬</line>
<line>ronnement, et notamment ses articles 40-1 à 40-7 ;</line></par>
<par>
<line>Vu la loi n° 92-3 du 3 janvier 1992 sur l’eau, et notamment son article 16 ;</line></par>
<par>
<line>Vu le décret n® 90-918 du 11 octobre 1990 relatif à l’exercice du droit à l’information sur</line>
<line>les risques majeurs ;</line></par>
<par>
<line>Vu le décret n° 95-1089 du 5 octobre 1995 relatif aux plans de prévention des risques</line>
<line>naturels prévisibles ;</line></par>
<par>
<line>Vu l'arrêté préfectoral en date du 21 juin 2001 portant prescription d'un plan de prévention</line>
<line>des risques naturels prévisibles concernant le risque inondations sur l’Albigeois ;</line></par>
<par>
<line>Vu l’arrêté préfectoral du 18 avril 2003 portant ouverture d’une enquête publique préalable</line>
<line>à l’établissement d’un plan de prévention des risques naturels prévisibles « inondation » de</line>
<line>l’Albigeois ainsi que les pièces qui y étaient annexées ;</line></par>
<par>
<line>Vu les pièces du dossier de l’enquête publique qui a eu lieu du 5 mai au 6 juin 2003</line>
<line>inclus ;</line></par>
<par>
<line>Vu l’avis favorable émis par le commissaire enquêteur dans ses conclusions en date du 17</line>
<line>octobre 2003 ;</line></par>
</text>
</block>
<block><region><rect/></region>
<text>
<par>
<line>81013 ALBI CEDEX 09 - STANDARD : 05 63 45 61 61 - TÉLÉCOPIE : 05 63 45 60 20</line></par>
</text>
</block>

</page>
<page width="1673" height="2353" resolution="200">
<block><region><rect/></region>
<text>
<par>
<line>Vu l’avis du directeur départemental de l’équipement du Tarn en date du 29 avril 2004 ;</line></par>
<par>
<line>Considérant la nécessité de délimiter les terrains du bassin de l’Albigeois sur lesquels</line>
<line>l'occupation du sol doit être réglementée du fait de leur exposition au risque naturel</line>
<line>d'inondations ;</line></par>
<par>
<line>Sur proposition du secrétaire général,</line></par>
</text>
</block>
<block><region><rect/></region>
<text>
<par>
<line>Arrête</line></par>
</text>
</block>
<block><region><rect/></region>
<text>
<par>
<line>Article 1er : Le plan de prévention des risques naturels prévisibles (PPR) annexé au</line>
<line>présent arrêté et concernant le risque naturel d’inondation de l’Albigeois, sur le territoire</line>
<line>des communes d’Albi, Arthès, Bellegarde, Cagnac-les-Mines, Cambon, Cunac,</line>
<line>Fréjairolles, Le Garric, Labastide-Dénat, Lescure-d’Albigeois, Mouzieys-Teulet,</line>
<line>Puygouzon, Saint-Juéry, Saussenac, Le Séquestre, Valdériès et Villefranche-d’Albigeois</line>
<line>est approuvé.</line></par>
<par>
<line>Les pièces du dossier sont annexées au présent arrêté. Elles sont dans une</line>
<line>forme similaire à celle en laquelle elles ont été soumises à enquête publique. Quelques</line>
<line>modifications mineures, suivant soit les remarques du commissaire enquêteur soit des</line>
<line>observations faites par des conseils municipaux ou des particuliers, ont été apportées,</line>
<line>principalement dans les parties cartographiques.</line></par>
<par>
<line>Article 2 : Le plan de prévention des risques naturels prévisibles « inondation » étant une</line>
<line>servitude d’utilité publique au titre de la sécurité publique, il sera annexé aux plans</line>
<line>d’occupation des sols des communes qui en sont dotées dans un délai de trois mois à</line>
<line>compter de la notification du présent arrêté au maire de chacune des communes visées à</line>
<line>l’article 1".</line></par>
<par>
<line>Dans les communes non dotées d’un plan d’occupation des sols, les dispositions du présent</line>
<line>arrêté seront prises en compte dans les décisions d’utilisation du sol à venir.</line></par>
<par>
<line>Article 3 : Une copie de l’arrêté sera affichée, par les moyens habituels, dans les mairies</line>
<line>des communes visées à l’article 2.</line></par>
<par>
<line>Article 4 : Une copie du présent arrêté sera adressé à :</line></par>
<par>
<line>- MM. les maires des communes dont le territoire est inclus dans le périmètre</line>
<line>mis à l’étude</line></par>
<par>
<line>- M. le Directeur Régional de l'Environnement,</line></par>
<par>
<line>- M. le Directeur Départemental de l'Equipement.</line></par>
<par>
<line>Article 5 : Une copie du présent arrêté sera tenue à la disposition du public :</line></par>
<par>
<line>- dans les bureaux de la Préfecture du Tarn (direction des relations avec les</line>
<line>collectivités locales, bureau du contrôle de légalité et des affaires juridiques),</line></par>
<par>
<line>" dans les mairies concernées,</line></par>
<par>
<line>- à la direction départementale de l'équipement du Tarn.</line></par>
</text>
</block>
<block><region><rect/></region>
<text>
<par>
<line>Article 6 : Le présent arrêté sera publié au recueil des actes administratifs de la préfecture</line>
<line>du Tarn et fera l’objet d’une publicité dans deux journaux locaux d’amionces légales.</line></par>
</text>
</block>






</page>
<page width="1669" height="2350" resolution="200">
<block><region><rect/></region>
<text>
<par>
<line>Article 7 : Le Secrétaire Général de la Préfecture du Tarn, les maires des communes</line>
<line>concernées et le Directeur Départemental de TEquipement du Tarn, sont chargés, chacun</line>
<line>en ce qui le concerne, de l'exécution du présent arrêté.</line></par>
<par>
<line>FaitàAJbile 1 8 MAI 20Û4</line></par>
</text>
</block>
<block><region><rect/></region>
<text>
<par>
<line>Pour le Préfet,</line>
<line>et par délé^iation,</line>
<line>le secréiaire général</line></par>
</text>
</block>
<block><region><rect/></region>
<text>
<par>
<line>Clîrlstîcjn JOUVE</line></par>
</text>
</block>


</page>
</PM1>