<?xml version="1.0" encoding="UTF-8"?><PM1>
<page width="2487" height="3520" resolution="301">
<block><region><rect/></region>
<text>
<par>
<line>mm</line></par>
<par>
<line>Liberté • Egalité • Fraternité</line></par>
<par>
<line>république Française</line>
<line>PRÉFET DE L'AIN</line></par>
</text>
</block>
<block><region><rect/></region>
<text>
<par>
<line>Direction départementale des territoires</line></par>
</text>
</block>
<block><region><rect/></region>
<text>
<par>
<line>Service Urbanisme Risques</line></par>
</text>
</block>
<block><region><rect/></region>
<text>
<par>
<line>Unité Prévention des Risques</line></par>
</text>
</block>
<block><region><rect/></region>
<text>
<par>
<line>A R R E T E</line></par>
<par>
<line>portant approbation du plan de prévention des risques</line>
<line>"inondation de la Reyssouze et de ses affluents"</line>
<line>sur la commune de Viriat</line></par>
<par>
<line>Le préfet de l'Ain</line></par>
<par>
<line>Vu le code de l'environnement, notamment ses articles L.562-1 à L.562-9, L.125-5, et R.562-1 à R.562-10,</line>
<line>R.563-1 à R.563-8, D.563-8-1, R.125-23 à R.125-27 ;</line></par>
<par>
<line>Vu la loi n° 82-600 du 13 juillet 1982 relative à l'indemnisation des victimes des catastrophes naturelles ;</line></par>
<par>
<line>Vu l'arrêté préfectoral n° IAL2011-01 du 19 avril 2001 relatif à la liste des communes où s'applique l'article</line>
<line>L125-5 du code de l'environnement ;</line></par>
<par>
<line>Vu l'arrêté préfectoral n° 2011-01451 du 27 avril 2011 relatif à l'information des acquéreurs et des</line>
<line>locataires de biens immobiliers sur les risques majeurs sur la commune de Viriat ;</line></par>
<par>
<line>Vu l'arrêté préfectoral du 14 décembre 2014 prescrivant le plan de prévention des risques "inondation de</line>
<line>la Reyssouze et de ses affluents" de la commune de Viriat ;</line></par>
<par>
<line>Vu l'arrêté préfectoral du 26 mai 2015 prescrivant l'ouverture d'une enquête publique sur le plan de</line>
<line>prévention des risques "inondation de la Reyssouze et de ses affluents" sur la commune de Viriat ;</line></par>
<par>
<line>Vu l'avis de la chambre d'agriculture du 15 juin 2015 ;</line></par>
<par>
<line>Vu la délibération du conseil municipal de Viriat du 17 juin 2015 ;</line></par>
<par>
<line>Vu l'avis du syndicat du bassin versant de la Reyssouze du 3 juillet 2015 ;</line></par>
<par>
<line>Vu la délibération du conseil de la communauté d'agglomération Bourg en Bresse Agglomération du 10</line>
<line>juillet 2015 ;</line></par>
<par>
<line>Vu le rapport et l'avis du commissaire enquêteur du 17 août 2015 à l'issue de l'enquête publique à laquelle</line>
<line>il a été procédé du 15 juin 2015 au 17 juillet 2015 ;</line></par>
<par>
<line>Sur proposition du directeur départemental des territoires ;</line></par>
</text>
</block>
<block><region><rect/></region>
<text>
<par>
<line>ARRÊTE</line></par>
</text>
</block>
<block><region><rect/></region>
<text>
<par>
<line>Article 1er</line></par>
<par>
<line>Est approuvé, tel qu'il est annexé au présent arrêté, le plan de prévention des risques "inondation de la</line>
<line>Reyssouze et de ses affluents" sur la commune de Viriat.</line></par>
<par>
<line>Article 2</line></par>
<par>
<line>Le plan se compose d'un dossier comprenant un rapport de présentation, une carte des aléas, une carte</line>
<line>des enjeux, une carte de zonage réglementaire et un règlement.</line></par>
<par>
<line>Le plan est tenu à la disposition du public :</line></par>
<par>
<line>- à la mairie de Viriat</line></par>
<par>
<line>- à la DDT de l'Ain,</line></par>
<par>
<line>- à la préfecture de l'Ain,</line></par>
<par>
<line>- sur le site internet des services de l'État dans l'Ain (www.ain.gouv.fr).</line></par>
</text>
</block>


</page>
<page width="2479" height="3508" resolution="300">
<block><region><rect/></region>
<text>
<par>
<line>Article 3</line></par>
<par>
<line>Les éléments nécessaires à l'établissement de l'état des risques destiné à l’information sur les risques</line>
<line>naturels et technologiques majeurs des acquéreurs et des locataires de biens immobiliers situés dans la</line>
<line>commune de Viriat et consignés dans le dossier communal d’informations sur les risques, annexé à</line>
<line>l'arrêté n°IAL2011- 01451 sont modifiés en conséquence de la présente approbation.</line></par>
<par>
<line>Le directeur départemental des territoires est chargé de ces modifications qui sont transmises :</line></par>
<par>
<line>- à la préfecture,</line></par>
<par>
<line>- au maire de Viriat,</line></par>
<par>
<line>- à la chambre départementale des notaires.</line></par>
<par>
<line>Les éléments du dossier communal d'information sur les risques sont consultables sur le site Internet des</line>
<line>services de l'État dans l'Ain (www.ain.gouv.fr) et le dossier est tenu à la disposition du public :</line></par>
<par>
<line>1 - à la mairie de Viriat</line></par>
<par>
<line>2 - à la préfecture de l'Ain.</line></par>
<par>
<line>Article 4</line></par>
<par>
<line>Le plan de prévention des risques vaut servitude d'utilité publique en application de l'article L.562-4 du</line>
<line>code de l'environnement. Il devra être annexé au plan local d'urbanisme de la commune de Viriat en</line>
<line>application des dispositions de l'article L.126-1 du code de l'urbanisme.</line></par>
<par>
<line>Article 5</line></par>
<par>
<line>Des copies du présent arrêté sont adressées :</line></par>
<par>
<line>- au maire de Viriat,</line></par>
<par>
<line>- à la directrice régionale de l'environnement, de l'aménagement et du logement Rhône-Alpes,</line></par>
<par>
<line>- au président de la chambre départementale d'agriculture,</line></par>
<par>
<line>- au président du syndicat du bassin versant de la Reyssouze,</line></par>
<par>
<line>- au président de Bourg en Bresse Agglomération,</line></par>
<par>
<line>- au directeur départemental des territoires de l'Ain,</line></par>
<par>
<line>- à l'office national de l'eau et des milieux aquatiques.</line></par>
<par>
<line>Article 6</line></par>
<par>
<line>Tout recours à l'encontre du présent arrêté pourra être porté devant le tribunal administratif de Lyon dans</line>
<line>un délai de deux mois à compter de l'exécution des formalités de publicité. Dans ce même délai, un</line>
<line>recours gracieux ou un recours hiérarchique peut être présenté respectivement devant l'auteur de la</line>
<line>présente décision ou auprès du ministre en charge de la prévention des risques naturels et</line>
<line>technologiques. Dans ce cas, le recours contentieux pourra alors être introduit dans les deux mois suivant</line>
<line>la réponse (le silence gardé pendant les deux mois suivant le recours gracieux emporte rejet de cette</line>
<line>demande).</line></par>
<par>
<line>Article 7</line></par>
<par>
<line>Le présent arrêté est publié au recueil des actes administratifs de la préfecture et mention en est faite en</line>
<line>caractères apparents dans le journal ci-après désigné "La Voix de l'Ain". Un exemplaire du journal est</line>
<line>annexé à la copie du présent arrêté.</line></par>
<par>
<line>Cet arrêté est également affiché en mairie de Viriat pendant au moins un mois par le maire et porté à la</line>
<line>connaissance du public par tout autre procédé en usage dans la commune. Ces mesures de publicité</line>
<line>sont justifiées par un certificat du maire.</line></par>
<par>
<line>Article 8</line></par>
<par>
<line>La secrétaire générale de la préfecture, le maire de Viriat et le directeur départemental des territoires sont</line>
<line>chargés, chacun en ce qui le concerne, de l'exécution du présent arrêté.</line></par>
</text>
</block>
<block><region><rect/></region>
<text>
<par>
<line>A Bourg-en-Bresse, le 26 octobre 2015</line>
<line>Le préfet,</line></par>
<par>
<line>signé Laurent Touvet</line></par>
</text>
</block>
<block><region><rect/></region>
<text>
<par>
<line>2/2</line></par>
</text>
</block>

</page>
</PM1>