<?xml version="1.0" encoding="UTF-8"?><PM1>
<page width="4887" height="6931" resolution="600">
<block><region><rect/></region>
<text>
<par>
<line>REPUBLIQUE FRANÇAISE</line></par>
<par>
<line>Liberté Egalité Fraternité</line></par>
</text>
</block>
<block><region><rect/></region>
<text>
<par>
<line>PREFECTURE DES ALPES-MARITIMES</line></par>
</text>
</block>
<block><region><rect/></region>
<text>
<par>
<line>DIRECTION DEPARTEMENTALE</line>
<line>DE L’EQUIPEMENT</line></par>
</text>
</block>
<block><region><rect/></region>
<text>
<par>
<line>ARRETE</line></par>
</text>
</block>
<block><region><rect/></region>
<text>
<par>
<line>portant approbation du plan de prévention des risques naturels prévisibles</line>
<line>d’inondation sur la commune d’Antibes</line></par>
</text>
</block>
<block><region><rect/></region>
<text>
<par>
<line>Le Préfet du département</line></par>
<par>
<line>des Alpes-Maritimes</line></par>
<par>
<line>Chevalier de la Légion d’honneur</line></par>
</text>
</block>
<block><region><rect/></region>
<text>
<par>
<line>Vu la loi n° 87-565 du 22 juillet 1987 relative à la prévention des risques majeurs,</line>
<line>modifiée par la loi n° 95-101 du 2 février 1995 relative au renforcement et de la protection de</line>
<line>l’environnement.</line></par>
<par>
<line>Vu le code de l'expropriation pour cause d'utilité publique et notamment ses articles R.11-</line></par>
<par>
<line>4àR.ll-14,</line></par>
</text>
</block>
<block><region><rect/></region>
<text>
<par>
<line>Vu le décret n° 95-1089 du 5 Octobre 1995 relatif aux plans de prévention des risques</line>
<line>naturels prévisibles.</line></par>
<par>
<line>Vu l’arrêté préfectoral du 12 mars 1996 prescrivant l’établissement du plan de prévention</line>
<line>du risque naturel prévisible d’inondation sur la commune d’Antibes,</line></par>
<par>
<line>Vu les lettres en date du 13 juin 1997 transmettant le projet de plan de prévention des</line>
<line>risques naturels prévisibles pour avis à la chambre d’agriculture, au centre régional de la propriété</line>
<line>forestière de Provence-Alpes-Côte d’Azur et au maire d’Antibes aux fins de saisine du conseil</line>
<line>municipal.</line></par>
</text>
</block>
<block><region><rect/></region>
<text>
<par>
<line>Vu l’avis de la chambre d’agriculture des Alpes-Maritimes en date du 30 juillet 1997,</line></par>
<par>
<line>Vu l’absence de réponse du centre régional de la propriété forestière de Provence-Alpes-</line>
<line>Côte d’Azur dans les délais réglementaires de consultation.</line></par>
</text>
</block>




</page>
<page width="4989" height="7002" resolution="600">
<block><region><rect/></region>
<text>
<par>
<line>Vu la délibération du conseil municipal d’Antibes en date du 22 juillet 1997,</line></par>
<par>
<line>Vu l’arrêté préfectoral du 27 octobre 1997 prescrivant l’ouverture d’une enquête publique</line>
<line>sur le plan de prévention des risques naturels prévisibles d’inondation sur la commune d’Antibes,</line></par>
<par>
<line>Vu le rapport et les conclusions de la commission d’enquête chargée de l’enquête</line></par>
<par>
<line>publique.</line></par>
</text>
</block>
<block><region><rect/></region>
<text>
<par>
<line>Considérant que les avis reçus et les observations déposées, lors de l’enquête publique</line>
<line>Justifient des modifications par rapport au projet de plan de prévention des risques naturels prévisibles</line>
<line>d’inondation soumis à enquête publique.</line></par>
</text>
</block>
<block><region><rect/></region>
<text>
<par>
<line>ARRETE:</line></par>
</text>
</block>
<block><region><rect/><rect/></region>
<text>
<par>
<line>Article 1er : I. Est approuvé le plan de prévention des risques naturels prévisibles d’inondation sur la</line>
<line>commune d’Antibes tel qu’annexé au présent arrêté.</line></par>
<par>
<line>n. Il est tenu à la disposition du public :</line></par>
<par>
<line>1 - à la mairie d’Antibes tous les jours ouvrables aux heures habituelles d’ouverture</line>
<line>de la mairie.</line></par>
<par>
<line>2 - au bureau d'accueil de la direction départementale de l'équipement du centre</line>
<line>administratif départemental à Nice tous les jours ouvrables (sauf le samedi) de 9 h</line>
<line>à 15 hSO.</line></par>
<par>
<line>3 - à la subdivision de l’équipement d’Antibes-Cagnes sur Mer tous les jours</line>
<line>ouvrables (sauf le samedi) de 9 h à 12 h et de 14 h à 16 h 30, 470 avenue Jules</line>
<line>Grec, BP 09, 06600 Antibes .</line></par>
<par>
<line>ni. Ce plan de prévention des risques naturels prévisibles comporte :</line></par>
<par>
<line>- l’arrêté préfectoral du 12 mars 1996 prescrivant l’établissement du plan de</line>
<line>prévention des risques naturels prévisibles d’inondation sur la commune de</line>
<line>Biot,</line></par>
<par>
<line>- une note de présentation</line></par>
<par>
<line>- un document graphique au 1/10 000®™® (cartographie du risque)</line></par>
<par>
<line>- 8 documents graphiques au 1/2 000®™® (cartographie du risque),</line></par>
<par>
<line>- un règlement,</line></par>
<par>
<line>- des annexes graphiques comprenant la carte des vitesses, la carte des hauteurs et la</line>
<line>carte d’aléa d’inondation.</line></par>
<par>
<line>Le présent arrêté fera l’objet d’une mention au recueil des actes administratifs du</line>
<line>département ainsi que dans les deux journaux locaux ci-après désignés : « Nice-</line>
<line>Matin » et « Le Patriote Côte d’azur ». Une copie de l’arrêté sera affichée en mairie</line>
<line>pendant un mois au minimum.</line></par>
</text>
</block>
<block><region><rect/></region>
<text>
<par>
<line>Article 2 :</line></par>
</text>
</block>


</page>
<page width="4867" height="6917" resolution="600">
<block><region><rect/></region>
<text>
<par>
<line>Article 3 :</line></par>
</text>
</block>
<block><region><rect/></region>
<text>
<par>
<line>des copies du présent arrêté seront adressées :</line></par>
<par>
<line>- à monsieur le maire de la commune d’Antibes,</line></par>
<par>
<line>- à madame la ministre de l’aménagement du territoire et de l’environnement -</line>
<line>direction de la prévention des pollutions et des risques,</line></par>
<par>
<line>- à monsieur le directeur régional de l’environnement Provence-Alpes-Côte d’azur,</line></par>
<par>
<line>- à monsieur le président de la chambre d’agriculture des Alpes-Maritimes,</line></par>
<par>
<line>- à monsieur le président du centre régional de la propriété forestière,</line></par>
<par>
<line>- à monsieur le directeur départemental de l’agriculture et de la forêt,</line></par>
<par>
<line>- à monsieur le directeur départemental de l’équipement.</line></par>
</text>
</block>
<block><region><rect/></region>
<text>
<par>
<line>Nice, le 2 9 DEC. 1998</line></par>
</text>
</block>



</page>
</PM1>