<?xml version="1.0" encoding="UTF-8"?><PM1>
<page width="2487" height="3510" resolution="300">
<block><region><rect/></region>
<text>
<par>
<line>Liberté * Égalité * Fraternité</line></par>
<par>
<line>RÉPUBLIQUE Française</line></par>
</text>
</block>
<block><region><rect/></region>
<text>
<par>
<line>PRÉFECTURE D’EURE-ET-LOIR</line></par>
</text>
</block>
<block><region><rect/></region>
<text>
<par>
<line>Direction</line>
<line>Départementale</line>
<line>de l'Équipement</line>
<line>Eure-et-Loir</line></par>
</text>
</block>
<block><region><rect/></region>
<text>
<par>
<line>Service Juridique</line>
<line>de l'Urbanisme,</line>
<line>du Logement et</line>
<line>de l’Environnement</line></par>
</text>
</block>
<block><region><rect/></region>
<text>
<par>
<line>Arrêté n° 2004-1016</line></par>
</text>
</block>
<block><region><rect/></region>
<text>
<par>
<line>Environnement</line></par>
</text>
</block>
<block><region><rect/></region>
<text>
<par>
<line>REVISION DU PLAN DE PREVENTION DES RISQUES</line>
<line>« MOUVEMENTS DE TERRAIN » DE CHATEAUDUN</line></par>
</text>
</block>
<block><region><rect/></region>
<text>
<par>
<line>Le Préfet d’Eure-et-Loir,</line></par>
<par>
<line>Chevalier de la Légion d’Honneur,</line></par>
</text>
</block>
<block><region><rect/></region>
<text>
<par>
<line>Vu le code de l'Environnement notamment ses articles L.562-1 à L 562-7,</line></par>
<par>
<line>Vu le code de la Construction et de l'Habitat,</line></par>
<par>
<line>Vu le code de l'Urbanisme,</line></par>
<par>
<line>Vu le décret n° 95.1089 du 5 octobre 1995 relatif aux plans de prévention des risques</line>
<line>naturels prévisibles,</line></par>
<par>
<line>Vu l'arrêté préfectoral n° 3252 du 10 octobre 1995 portant déclaration d'utilité publique et</line>
<line>approbation du Plan d'Exposition aux Risques naturels prévisibles «Mouvements de</line>
<line>Terrain » dans le périmètre de la commune de Châteaudun,</line></par>
<par>
<line>Vu la demande de révision du Plan d'Exposition au Risque « Mouvement de Terrain » de</line>
<line>Châteaudun formulée p^ Monsieur le Maire de Châteaudun le 26 août 2002,</line></par>
<par>
<line>Vu l'arrêté préfectoral n° 2003-0194 du 14 mars 2003 modifié par arrêté n° 2003-0703 du</line>
<line>14 août 2003 prescrivant la révision du plan de prévention des risques</line>
<line>naturels « Mouvements de terrain » sur la commune de Châteaudun,</line></par>
</text>
</block>



</page>
<page width="2498" height="3518" resolution="300">
<block><region><rect/></region>
<text>
<par>
<line>Vu l'arrêté préfectoral du 19 mars 2004 prescrivant une enquête publique du 13 au 28 avril</line>
<line>2004 sur le projet de révision du plan de prévention des risques naturels « Mouvements de</line>
<line>terrain »,</line></par>
<par>
<line>Vu le rapport et les conclusions du Commissaire-Enquêteur en date du 22 mai 2004,</line></par>
<par>
<line>Vu la délibération du Conseil Municipal de la commune de Châteaudun en date du 26 mai</line>
<line>2004,</line></par>
<par>
<line>Vu les observations et le rapport présentés par Madame la Directrice Départementale de</line>
<line>l’Equipement,</line></par>
<par>
<line>Sur proposition de Monsieur le Secrétaire Général de la Préfecture d’Eure et Loir,</line></par>
</text>
</block>
<block><region><rect/></region>
<text>
<par>
<line>Arrête :</line></par>
</text>
</block>
<block><region><rect/></region>
<text>
<par>
<line>Article : Les documents énumérés ci-dessous et annexés à l’arrêté préfectoral n° 3252</line>
<line>du 10 octobre 1995 sont modifiés :</line></par>
<par>
<line>- "Rapport de présentation" (pièce n°l),</line></par>
<par>
<line>- "Documents Graphiques" (pièce n°2),</line></par>
<par>
<line>- "Règlement"(pièce n°3).</line></par>
<par>
<line>Article 2 : Le "Règlement" est modifié comme suit ;</line></par>
<par>
<line>Titre II "Dispositions applicables en zone rouee" :</line></par>
<par>
<line>La rédaction suivante: " Sont interdits : Tous travaux, constructions, installations et</line>
<line>activités de quelque nature qu'ils soient, à l’exception de ceux visés ci-après"</line></par>
<par>
<line>est annulée et remplacée par la rédaction ci-dessous:</line></par>
<par>
<line>” Sont interdits : Les défrichements sans mesure compensatoire, tous travaux,</line>
<line>constructions, installations et activités de quelque nature qu'ils soient, à l'exception de</line>
<line>ceux visés ci-après",</line></par>
<par>
<line>La rédaction suivante : " Sont admis ; - Les travaux et installations destinés à réduire les</line>
<line>conséquences des risques, sous réserve, lorsqu’ils auront pour objet la consolidation d’une</line>
<line>cavité souterraine, d’être réalisés avec autorisation préalable du service compétent en</line>
<line>matière de mines et carrières".</line></par>
<par>
<line>est annulée et remplacée par la rédaction ci-dessous :</line></par>
<par>
<line>" Sont admis : les travaux et installations destinés à réduire les conséquences des</line>
<line>risques, sous réserve :</line></par>
<par>
<line>- de faire Pobjet d’une étude préalable et d’un suivi de chantier par un bureau</line>
<line>d’études qualifié dans le domaine, indépendant de l’entreprise chargée des travaux</line>
<line>(«),</line></par>
<par>
<line>- d’être réalisés par une entreprise qualifiée dans le domaine (ft).</line></par>
</text>
</block>



</page>
<page width="2498" height="3518" resolution="300">
<block><region><rect/></region>
<text>
<par>
<line>Article 3 : Le "Règlement” est modifié comme suit :</line></par>
</text>
</block>
<block><region><rect/></region>
<text>
<par>
<line>Les "Mesures de prévention" du titre II "Dispositions applicables en zone rouge" et les</line>
<line>"Mesures de prévention" mentionnées aux 1-1.2 et 2-1,2 du titre III "Dispositions</line>
<line>applicables en zone bleue" sont précédées par des "Mesures obligatoires" comprenant</line>
<line>les dispositions suivantes:</line></par>
<par>
<line>- obligation de maintenance relative aux ouvrages de confortement :</line></par>
<par>
<line>" Mise en place de mesures de maintenance qui garantissent la; stabilité des ouvrages</line>
<line>de confortement (entretien, auscultation, surveillance périodique...), et notamment</line>
<line>celles recommandées par des études techniques antérieures" (*$()</line></par>
<par>
<line>- obligation de surveillance et de réalisation de travaux sur les bâtiments présentant</line>
<line>des manifestations d’instabilité :</line></par>
<par>
<line>"Pour les bâtiments présentant des manifestations connues d’instabilité, mise en</line>
<line>place de mesures de surveillance périodiques, d’entretien et réalisation éventuelle de</line>
<line>travaux spécifiques de prévention, notamment ceux recommandés par des études</line>
<line>antérieures "(^).</line></par>
<par>
<line>Article 4 : Les "Documents Graphiques"sont modifiés comme suit:</line></par>
<par>
<line>- le plan du secteur I est annulé et remplacé par celui annexé au présent arrêté,</line></par>
<par>
<line>- le plan du secteur III est annulé et remplacé par celui annexé au présent</line>
<line>arrêté.</line></par>
<par>
<line>Article 5 : A titre informatif, la Note de Présentation annexée au présent arrêté complète le</line>
<line>Rapport de Présentation.</line></par>
<par>
<line>Article 6 : Le plan de Prévention des Risques Mouvements de Terrain ainsi révisé est</line>
<line>APPROUVE.</line></par>
<par>
<line>Article 7 : Le présent arrêté sera annexé au Plan Local d'Urbanisme de Châteaudun en tant</line>
<line>que servitude d'utilité publique.</line></par>
<par>
<line>Article 8 : Le présent arrêté fera l’objet d’une mention au Recueil des Actes Administratifs</line>
<line>de la Préfecture d’Eure et Loir ainsi que dans deux journaux d’annonces légales du</line>
<line>département et sera affiché en mairie de Châteaudun.</line></par>
<par>
<line>Article 9 : Monsieur le Secrétaire Général de la Préfecture d’Eure et Loir, Monsieur le</line>
<line>Sous-Préfet de Châteaudun, Monsieur le Maire de Châteaudun, Madame la Directrice</line>
<line>Départementale de l'Equipement, sont chargés chacun en ce qui le concerne, de</line>
<line>l’exécution du présent arrêté.</line></par>
</text>
</block>
<block><region><rect/></region>
<text>
<par>
<line>Fait à CHARTRES, le 27 octobre 2004</line></par>
</text>
</block>
<block><region><rect/></region>
<text>
<par>
<line>LE PREFET,</line>
<line>Signé :</line></par>
</text>
</block>
<block><region><rect/></region>
<text>
<par>
<line>POUR COPIE CONFCMtMg</line></par>
</text>
</block>
<block><region><rect/></region>
<text>
<par>
<line>Marc CABANE</line></par>
</text>
</block>











</page>
</PM1>