<?xml version="1.0" encoding="UTF-8"?><PM1>
<page width="1240" height="1754" resolution="150">
<block><region><rect/></region>
<text>
<par>
<line>ttnnuQtn FuHcun</line></par>
<par>
<line>PRÉFET DE VAUCLUSE</line></par>
</text>
</block>
<block><region><rect/></region>
<text>
<par>
<line>Direction DépanemoUale</line>
<line>def Toritoirct de Vaucleie</line></par>
<par>
<line>Setviee Pioqjectivo^ Uibeniaiiie « Ritquet</line>
<line>Td ; 04 »8 17 82 79</line>
<line>Tdccopie : 04 88 17 87 91</line>
<line>Coimiel : &lt;ldl*«tni@lvaiiduie.goav.ft</line></par>
</text>
</block>
<block><region><rect/></region>
<text>
<par>
<line>, - 3 OEC. 2015</line></par>
<par>
<line>ARRÊTÉ duu</line>
<line>portant approbation du</line></par>
<par>
<line>pian de prévention des risques d'incendie de forêt</line>
<line>du massif des monts de Vauciuse ouest</line></par>
</text>
</block>
<block><region><rect/></region>
<text>
<par>
<line>LE PRÉFET DE VAUCLUSE,</line>
<line>CHEVALIER DE LA LÉGION D'HONNEUR</line>
<line>OFFICIER DE L’ORDRE NATIONAL DU MÉRITE</line></par>
</text>
</block>
<block><region><rect/></region>
<text>
<par>
<line>VU le code de l’environnement et notamment ses articles L. 562-1 et suivants et</line>
<line>R. 562-1 et suivants relatifs aux plans de prévention des risques naturels prévisibles ;</line></par>
<par>
<line>VU le code forestier et notamment Tarticle L. 131-18 ;</line></par>
<par>
<line>VU le décret n" 2004-374 du 29 avril 2004 relatif aux pouvoirs des préfefe, à</line>
<line>l'or^isation et à l'action des services de l’État dans les régions et départements ;</line></par>
<par>
<line>VU l'arrêté préfisctoral n® SI2006-10-16-0030-PREF du 16 octobre 2006 portant</line>
<line>prescription du plan de prévention du risque incendie de forêt dans certeines communes du</line>
<line>massif forestier des monts de Vaucluse ouest ;</line></par>
<par>
<line>VU l'arrêté préfectoral du 6 mai 2015 portant ouverture d'une enquête publique sur le</line>
<line>projet de plan de prévention des risques d'incendie de forêt (PPRIF) du massif des monts de</line>
<line>Vaucluse ouest ;</line></par>
</text>
</block>
<block><region><rect/></region>
<text>
<par>
<line>U» MrvKM O* rÊW «n ^duM - DinetiBn 04p«tMn*ntai» d«i Tvrllobii - 8440} Avignon codox »</line></par>
</text>
</block>



</page>
<page width="1240" height="1754" resolution="150">
<block><region><rect/></region>
<text>
<par>
<line>vu les délibérations des conseils municipaux de Cabrières d'Avignon en date du</line>
<line>31 mars 2015 (fevorable), de Cordes en date du 2 juin 2015 (défavorable), de L'Isle sur la</line>
<line>Sorgue en date du 4 avril 2015 (favorable), de Lagnes en date du 28 avril 2015 (favorable),</line>
<line>de La Roque sur Pemes en date du 11 mai 2015 (favorable), de Pemes les Fontaines en date</line>
<line>du 15 avril 2015 (fevorablc), de Saumane de Vaucluse en date du 23 avril 2015 (favorable) ;</line></par>
<par>
<line>VU les avis favorables des comités syndicaux du schéma de cohérence territoriale du</line>
<line>bassin de vie d’Avignon en date du 4 mai 2015 et du bassin de vie de Cavaillon-Coustellet-</line>
<line>L'Isle sur la Sorgue en date du 7 mai 2015 ;</line></par>
<par>
<line>VU l'avis favorable du centre national de la propriété forestière de Provence-Alpes-</line>
<line>Côte d'Azur en date du 20 mai 2015 ;</line></par>
<par>
<line>VU l'avis favorable de la chambre d’agriculture de Vaucluse en date du 21 mai 2015 ;</line></par>
<par>
<line>VU l'avis fovorable du service départemental d'incmdie et de secours de Vaucluse en</line>
<line>date du 26 mai 2015 ;</line></par>
<par>
<line>VU l'avis fovorable du conseil départemental de Vaucluse en date du 28 mai 2015 ;</line></par>
<par>
<line>VU l'avis favorable de la commission d'enquête, assorti de recommandations, en date</line>
<line>du 30 juillet 2015 ;</line></par>
<par>
<line>VU le rapport de la direction départementale des territoires de Vaucluse en date du</line>
<line>29 juillet 2015 en réponse aux observations du commissaire enquêteur ;</line></par>
<par>
<line>SUR proposition de Monsieur le secrétaire général de la préfecture,</line></par>
</text>
</block>
<block><region><rect/></region>
<text>
<par>
<line>ARRETE</line></par>
</text>
</block>
<block><region><rect/></region>
<text>
<par>
<line>ARTICLE l*' : le plan de prévention des risques d'incendie de forêt du massif des</line>
<line>monts de Vaucluse ouest sur le teiritoire des communes de Cabrières d'Avignon,</line>
<line>Fontaine de Vaucluse, Cordes, L’Isle sur la Sorgue, Lagnes, La Roque sur Pemes, Le</line>
<line>Beaucet, Pmies les Fontaines, Saint-Didier, Saumane de Vaucluse et Velleron est</line>
<line>approuvé, tel qu'il est aimexé au présent arrêté.</line></par>
<par>
<line>ARTICLE 2 : le plan approuvé comprend un rapport de présentation, un règlement,</line>
<line>des documents graphiques (cartes d'aléas, cartes d'enjeux, cartes des moyens de</line>
<line>protection et cartes de zonage réglementaire).</line></par>
<par>
<line>Il est tenu à la disposition du public ;</line></par>
<par>
<line>- dans les mairies des communes citées à l’article 1 (Cabrières d'Avignon,</line>
<line>Fontaine de Vaucluse, Cordes, L’Isle sur la Sorgue, Lagnes, La Roque sur Pernes, Le</line>
<line>Beaucet, Pemes les Fontaines, Saint-Didia*, Saumane de Vaucluse et Velleron),</line></par>
</text>
</block>



</page>
<page width="1258" height="1767" resolution="150">
<block><region><rect/></region>
<text>
<par>
<line>- aux si^es des établissements publics de coopération intercommunale (des</line>
<line>communautés de communes du pays des SoiBues et des monts de Vaucluse, les</line>
<line>Sorgues du Comtat, Luberon monts de Vaucluse et des conseils des communautés</line>
<line>d’agglomération du Grand Avignon et Ventoux-Comtat Venaissin),</line></par>
<par>
<line>- aux sièges des comités syndicaux du schéma de cohérence territoriale (des</line>
<line>bassins de vie de Cavaillon-Coustellet-L’lsle sur la Sorgue, de l’Arc Comtat Ventoux</line>
<line>et d’Avignon),</line></par>
<par>
<line>» au siège du syndicat mixte de défense et de valorisation forestière de</line>
<line>Vaucluse,</line></par>
<par>
<line>- à la préfecture de Vaucluse.</line></par>
<par>
<line>ARTICLE 3 : une copie du présoit arrêté sera adressée aux maires des communes</line>
<line>concernées ainsi qu’aux présidents des communautés de conununes concernées, aux</line>
<line>présidents des comités syndicaux du schéma de cdiérence territoriale concernés, au</line>
<line>président du conseil régional Prov(mce-Alpes-Côte cfAzur, au président du conseil</line>
<line>départemental de Vaucluse, au président du service d^Mitemental d’in^die et de</line>
<line>secours et au président du syndicat mixte de défense et de valorisation forestière de</line>
<line>Vaucluse.</line></par>
<par>
<line>ARTICLE 4 ; le présent arrêté sera publié au recueil des actes administratifs de la</line>
<line>préfecture de Vaucluse et sera inséré dans un journal diffusé dans le département et</line>
<line>habilité à recevoir les annonces judiciaires et légales. Une copie du présent arrêté sera</line>
<line>afBchéfpendant un mois dans les mairies concernées et aux sièges des établissemoits</line>
<line>publics de coopération Intercommunale concernés à partir de la date de réception de la</line>
<line>notification du présent arrêté.</line></par>
<par>
<line>ARTICLE S ; en application de l’article L. 562-4 du code de l’environnement, le plan</line>
<line>de prévmtion des risques naturels prévisibles approuvé vaut servitude d'utilhé</line>
<line>pubUque. A ce titre, les maires des communes concernées devront annexer le présent</line>
<line>PPRIF au document d’urbanisme communal, conformément à l'article L. 126-1 du</line>
<line>code de l’urbanisme.</line></par>
<par>
<line>ARTICLE 6 ; la présente décision pourra faire l'objet dans le délai de deux mois à</line>
<line>con:q)ter de sa publication, soit d'un recours gracieux auprès du préfet de Vaucluse, soit</line>
<line>d'un recours hiàarchique adressé au ministre de Técoiogic, du développement durable</line>
<line>et de l’énergie.</line></par>
<par>
<line>Cette démarche prolonge le délai de recours contentieux qui doit alors être introduit</line>
<line>dans 1^ deux mois suivant la réponse (l'absence de réponse au terme de deux mois</line>
<line>vaut rejet implicite).</line></par>
<par>
<line>En l'absence de recours gracieux ou hiérarchique, la présente décision peut directement</line>
<line>faire l'objet d’un recours contentieux dans le délai de deux mois à compter de la plus</line>
<line>tardive des mesures de publicité prévues à l'article 4, auprès du tribunal administratif</line>
<line>de Nîmes, 16 avenue Feuchères, 30000 Nîmes.</line></par>
</text>
</block>





</page>
<page width="1240" height="1754" resolution="150">
<block><region><rect/></region>
<text>
<par>
<line>ARTICLE 7 : Monsieur le secrétaire général de la préfecture de Vaucluse, Monsieur le</line>
<line>directeur de cabinet du préfet de Vaucluse, Monsieur le sous-préfet de l'arrondissement</line>
<line>de Carpentras, Madame la sous-préfête de l'arrondissement d'Apt, Mcmsieur le</line>
<line>directeur départemental des territoires de Vaucluse, Mesdames et M^sieurs les maires</line>
<line>des communes et les présidents des établissements publics de coopération concernés,</line>
<line>sont chargés, chacun en ce qui le concerne, de l’exécution du présent arrêté.</line></par>
</text>
</block>
<block><region><rect/></region>
<text>
<par>
<line>Fait à Avignon, le “3 0£C. 2015</line></par>
</text>
</block>
<block><region><rect/></region>
<text>
<par>
<line>COPIE</line></par>
</text>
</block>
<block><region><rect/></region>
<text>
<par>
<line>CERTIFIÉE COWPORr.12</line></par>
<par>
<line>A L’ORIGINAL</line></par>
</text>
</block>
<block><region><rect/></region>
<text>
<par>
<line>Le Préfet,</line></par>
</text>
</block>
<block><region><rect/></region>
<text>
<par>
<line>Berlard</line></par>
</text>
</block>
<block><region><rect/></region>
<text>
<par>
<line>ZALEZ</line></par>
</text>
</block>





</page>
<page width="1240" height="1754" resolution="150">
<block><region><rect/></region>
<text>
<par>
<line>PLAN DE PREVENTION DES RISQUES</line>
<line>NATURELS INCENDIES DE FORETS</line></par>
<par>
<line>MONTS oe VAUCLUS OUEST</line></par>
<par>
<line>COMHUNË DE FONTAINE-DE-VAUCLUSE</line></par>
<par>
<line>ZONAOe REGLEMENTAIRE</line></par>
<par>
<line>Scneiie w S 000 ém»</line></par>
<par>
<line>Do»«é*r •ppfOMvé</line></par>
</text>
</block>
<block><region><rect/></region>
<text>
<par/>
</text>
</block>
<block blockType="Table" blockName="" l="52" t="1351" r="352" b="1711"><region><rect/></region>
<row>
<cell rightBorder="White" bottomBorder="White" width="113" height="81">
<text>
<par/>
</text></cell>
<cell leftBorder="White" bottomBorder="White" width="187" height="81">
<text>
<par>
<line>LfoEwoe</line></par>
<par>
<line>ZaimR</line></par>
</text></cell></row>
<row>
<cell topBorder="White" rightBorder="White" bottomBorder="White" width="113" height="36">
<text>
<par>
<line>■1</line></par>
</text></cell>
<cell leftBorder="White" topBorder="White" bottomBorder="White" width="187" height="36">
<text>
<par>
<line>bRM V</line></par>
</text></cell></row>
<row>
<cell topBorder="White" rightBorder="White" bottomBorder="White" width="113" height="34">
<text>
<par>
<line>■</line></par>
</text></cell>
<cell leftBorder="White" topBorder="White" bottomBorder="White" width="187" height="34">
<text>
<par>
<line>Zmim IV {lqiiUw Mietin)</line></par>
</text></cell></row>
<row>
<cell topBorder="White" rightBorder="White" bottomBorder="White" width="113" height="36">
<text>
<par>
<line>■</line></par>
</text></cell>
<cell leftBorder="White" topBorder="White" bottomBorder="White" width="187" height="36">
<text>
<par>
<line>bnM01</line></par>
</text></cell></row>
<row>
<cell topBorder="White" rightBorder="White" width="113" height="43">
<text>
<par>
<line>□</line></par>
</text></cell>
<cell leftBorder="White" topBorder="White" width="187" height="43">
<text>
<par>
<line>ZomH</line></par>
</text></cell></row>
<row>
<cell rightBorder="White" bottomBorder="White" width="113" height="48">
<text>
<par>
<line>■</line></par>
</text></cell>
<cell leftBorder="White" bottomBorder="White" width="187" height="48">
<text>
<par>
<line>C«n«( «• C«rB»«MrM</line></par>
</text></cell></row>
<row>
<cell colSpan="2" topBorder="White" width="300" height="82">
<text>
<par>
<line>4.</line></par>
<par>
<line>•</line></par>
</text></cell></row>
</block>


















<block blockType="Picture" blockName="" l="533" t="1293" r="579" b="1323"><region><rect/></region>
</block>
</page>
</PM1>