<?xml version="1.0" encoding="UTF-8"?><PM1>
<page width="1654" height="2339" resolution="200">
<block><region><rect/></region>
<text>
<par>
<line>Liberté • Égalité • Fraternité</line>
<line>RÉPUBLIQUE FRANÇAISE</line></par>
</text>
</block>
<block><region><rect/></region>
<text>
<par>
<line>PRÉFET DE LA DRÔME</line></par>
</text>
</block>
<block><region><rect/></region>
<text>
<par>
<line>Direction départementale des lenitoires</line>
<line>Service aménagement du territoire et risques</line>
<line>Pôle risques</line></par>
<par>
<line>Affaire suivie par. Philippe DAYET</line>
<line>Tel. 04 81 66 8126</line>
<line>E-mail. philippe,dayel@drome.gouvfr</line></par>
</text>
</block>
<block><region><rect/></region>
<text>
<par>
<line>Arrêté n°26-2017-01-ll-019 du 11 janvier 2017</line>
<line>portant approbation du Plan de Prévention des Risques naturels inondation</line>
<line>sur la commune de CHATEAUNEUF-DU-RHONE</line></par>
</text>
</block>
<block><region><rect/></region>
<text>
<par>
<line>Le Préfet de la Drôme,</line>
<line>Chevalier de la Légion d’Honneur,</line>
<line>Chevalier de l’Ordre National du Mérite,</line></par>
</text>
</block>
<block><region><rect/></region>
<text>
<par>
<line>VIT le code de T environnement et notamment ses articles L562-1 à L562-9 et R562-1 à R562-11,</line></par>
<par>
<line>VU le code de Turbanisme,</line></par>
<par>
<line>VU la loi n° 2004.811 du 13 août 2004 modifiée, de modernisation de la sécurité civile,</line></par>
<par>
<line>VU le décret n° 2004-374 du 29 avril 2004 modifié, relatif aux pouvoirs des Préfets, à l’organisation et à</line>
<line>l’action des services de l’État dans les régions et départements,</line></par>
<par>
<line>VU la circulaire du 24 janvier 1994 relative à la prévention des inondations et à la gestion des zones</line>
<line>inondables,</line></par>
<par>
<line>VU la circulaire du 24 avril 1996 relative aux dispositions applicables au bâti et ouvrages existants en zones</line>
<line>inondables,</line></par>
<par>
<line>VU la circulaire du 30 avril 2002 relative à la politique de l’État en matière de risques naturels prévisibles et</line>
<line>de gestion des espaces situés derrière les digues de protection contre les inondations et les submersions</line>
<line>marines,</line></par>
<par>
<line>VU la circulaire du 21 janvier 2004 relative à la maîtrise de l’urbanisme et de l’adaptation des constructions en</line>
<line>zone inondable,</line></par>
<par>
<line>VU l’arrêté préfectoral n° 2011178-0004 du 27 juin 2011 prescrivant l’élaboration du Plan de Prévention des</line>
<line>Risques naturels inondation de la commune de CHATEAUNEUF-DU-RHONE,</line></par>
<par>
<line>VU l’avis favorable avec réserves du conseil municipal de la commune de CHATEAUNEUF-DU-RHONE, en</line>
<line>date du 18 mai 2016, et les réponses apportées dans le bilan, de juin 2016, de la consultation des services et de</line>
<line>la concertation avec le public annexé au registre de l’enquête publique.</line></par>
</text>
</block>
<block><region><rect/></region>
<text>
<par>
<line>3, boulevard Vauban - 26030 VALENCE Cedex 9 - Téléphone : 04.75.79.28.00 - Télécopie : 04 75 42 87 55</line>
<line>Horaires et modalités d'accueil disponibles sur le site www, drome. eouv. fr</line></par>
</text>
</block>



</page>
<page width="1667" height="2348" resolution="200">
<block><region><rect/></region>
<text>
<par>
<line>vu l’avis de la Chambre d’Agriculture de la Drôme du 17 mai 2016,</line></par>
<par>
<line>VU l’avis du Centre Régional de la Propriété Forestière Rhône-Alpes du 22 mars 2016,</line></par>
<par>
<line>VU l’avis de la communauté d’agglomération Montélimar-Agglomération du 17 mai 2016,</line></par>
<par>
<line>VU l’avis du Service Départemental d’incendie et de Secours du 29 avril 2016,</line></par>
<par>
<line>VU le bilan, de juin 2016, de la consultation des services et de la concertation avec le public annexé au registre</line>
<line>de l’enquête publique,</line></par>
<par>
<line>VU l’arrêté préfectoral n‘^ 2016223-0014 du 10 août 2016 prescrivant l’ouverture d’une enquête publique</line>
<line>environnementale sur le projet de Plan de Prévention des Risques naturels inondation de la commune de</line>
<line>CHATEAUNEUF-DU-RHONE,</line></par>
<par>
<line>VU le rapport du commissaire enquêteur du 24 novembre 2016,</line></par>
<par>
<line>VU les conclusions du commissaire enquêteur du 24 novembre 2016 dans lesquelles il formule un avis</line>
<line>favorable sans réserve ni recommandation,</line></par>
<par>
<line>VU l’analyse de ce rapport et des conclusions réalisée en décembre 2016 par la direction départementale des</line>
<line>territoires (rapport à M. le Préfet de la Drôme : analyse de l’enquête publique et proposition de suite à donner),</line></par>
<par>
<line>Considérant que le bilan de la consultation des services et de la concertation avec le public et le rapport</line>
<line>d’analyse de l’enquête apportent des réponses adaptées aux avis exprimés avant et pendant l’enquête publique,</line></par>
<par>
<line>Considérant que les légères propositions d’adaptations du règlement, de la note de présentation et des fonds</line>
<line>de plan répondent aux demandes émises par le public et les personnes associées, sans remettre en cause</line>
<line>l’économie générale du projet,</line></par>
<par>
<line>Considérant dès lors que :</line></par>
<par>
<line>• le plan de prévention des risques naturels inondation de la commune de CHATEAUNEUF-DU-</line>
<line>RHONE est conforme aux objectifs de préservation des vies humaines et de réduction de la vulnérabilité des</line>
<line>personnes et des biens,</line></par>
<par>
<line>• le règlement contient des mesures de prévention et de sauvegarde conformes à la doctrine nationale</line>
<line>exprimée dans les circulaires sus-visées,</line></par>
<par>
<line>• rien ne s’oppose à sa mise en œuvre,</line></par>
</text>
</block>
<block><region><rect/></region>
<text>
<par>
<line>Sur proposition du Secrétaire Général de la Préfecture de la Drôme,</line></par>
</text>
</block>
<block><region><rect/></region>
<text>
<par>
<line>ARRETE</line></par>
</text>
</block>
<block><region><rect/></region>
<text>
<par>
<line>Article 1er :</line></par>
<par>
<line>Le Plan de Prévention des Risques naturels inondation de la commune de CHATEAUNEUF-DU-RHONE est</line>
<line>approuvé.</line></par>
</text>
</block>
<block><region><rect/></region>
<text>
<par>
<line>Article 2</line></par>
<par>
<line>Le Plan de Prévention des Risques naturels inondation comprend les pièces suivantes annexées au présent</line>
<line>arrêté :</line></par>
<par>
<line>• une note de présentation,</line></par>
<par>
<line>• un plan de zonage réglementaire,</line></par>
<par>
<line>• un règlement.</line></par>
</text>
</block>
<block><region><rect/></region>
<text>
<par>
<line>2/3</line></par>
</text>
</block>



</page>
<page width="1654" height="2339" resolution="200">
<block><region><rect/></region>
<text>
<par>
<line>Sont également annexées, à titre d’information :</line></par>
<par>
<line>• les pièces graphiques complémentaires (carte des aléas et carte des enjeux).</line></par>
</text>
</block>
<block><region><rect/></region>
<text>
<par>
<line>Article 3</line></par>
<par>
<line>Le Plan de Prévention des Risques naturels inondation de la commune de CHATEAUNEUF-DU-RHONE est</line>
<line>tenu à la disposition du public aux jours et heures ouvrables à la mairie de CHATEAUNEUE-DU-RHONE</line>
<line>ainsi qu’en Préfecture de la Drôme (bureau des enquêtes publiques).</line></par>
</text>
</block>
<block><region><rect/></region>
<text>
<par>
<line>Article 4</line></par>
<par>
<line>Le présent arrêté sera publié au recueil des actes administratifs de la Préfecture et sur le site Internet des</line>
<line>services de l’Etat en Drôme (www.drome.gouv.frl et mention sera faite dans un journal diffusé dans le</line>
<line>département.</line></par>
<par>
<line>Il sera également affiché pendant un mois à la mairie de CHATEAUNEUF-DU-RHONE.</line></par>
<par>
<line>Cette mesure de publicité sera justifiée par un certificat d'affichage.</line></par>
</text>
</block>
<block><region><rect/></region>
<text>
<par>
<line>Article 5</line></par>
<par>
<line>Le présent arrêté peut faire l’objet d’un recours contentieux devant le tribunal administratif de Grenoble</line>
<line>(2 place de Verdun BPI 135 38022 GRENOBLE Cedex 1) dans un délai de deux mois à compter de sa date de</line>
<line>publication.</line></par>
</text>
</block>
<block><region><rect/><rect/><rect/><rect/><rect/><rect/><rect/><rect/><rect/><rect/></region>
<text>
<par>
<line>Article 6</line></par>
<par>
<line>Le Secrétaire Général de la préfecture de la Drôme, le Maire de la commune de CHATEAUNEUF-DU-</line>
<line>RHONE, le Directeur Départemental des Territoires de la Drôme sont chargés, chacun en ce qui le concerne,</line>
<line>de l’exécution du présent arrêté.</line></par>
<par>
<line>'ait\ Valence,</line></par>
<par>
<line>/Le Pr^et,</line></par>
<par>
<line>Pouf ’</line></par>
</text>
</block>
<block><region><rect/></region>
<text>
<par/>
</text>
</block>
<block><region><rect/></region>
<text>
<par>
<line>délégation</line></par>
</text>
</block>
<block><region><rect/></region>
<text>
<par>
<line>'réfol, par</line></par>
</text>
</block>
<block><region><rect/></region>
<text>
<par>
<line>irai</line></par>
</text>
</block>
<block><region><rect/></region>
<text>
<par>
<line>Le aecrétaire C «n</line></par>
</text>
</block>
<block><region><rect/></region>
<text>
<par>
<line>Â</line></par>
</text>
</block>
<block><region><rect/></region>
<text>
<par>
<line>PrédériSTOiSp^</line></par>
</text>
</block>
<block><region><rect/></region>
<text>
<par>
<line>3/3</line></par>
</text>
</block>









</page>
<page width="6496" height="5315" resolution="150">
<block blockType="Table" blockName="" l="85" t="27" r="1326" b="1782"><region><rect/></region>
<row>
<cell width="960" height="264">
<text>
<par>
<line>Rhône et affluents</line></par>
</text></cell>
<cell bottomBorder="White" width="281" height="264">
<text>
<par/>
</text></cell></row>
<row>
<cell bottomBorder="White" width="960" height="204">
<text>
<par>
<line>Plan de Prévention des Risques</line>
<line>Naturels - inondation</line></par>
</text></cell>
<cell topBorder="White" bottomBorder="White" width="281" height="204">
<text>
<par/>
</text></cell></row>
<row>
<cell topBorder="White" bottomBorder="White" width="960" height="134">
<text>
<par>
<line>Commune de</line></par>
</text></cell>
<cell topBorder="White" bottomBorder="White" width="281" height="134">
<text>
<par/>
</text></cell></row>
<row>
<cell topBorder="White" width="960" height="201">
<text>
<par>
<line>CHÂTEAUNEUF-DU-RHÔNE</line></par>
</text></cell>
<cell topBorder="White" bottomBorder="White" width="281" height="201">
<text>
<par/>
</text></cell></row>
<row>
<cell width="960" height="157">
<text>
<par>
<line>2 - Plan de zonage réglementaire</line></par>
</text></cell>
<cell topBorder="White" bottomBorder="White" width="281" height="157">
<text>
<par/>
</text></cell></row>
<row>
<cell width="960" height="429">
<text>
<par>
<line>Direction Départementale</line>
<line>des Territoires de la Drôme</line></par>
</text></cell>
<cell topBorder="White" width="281" height="429">
<text>
<par/>
</text></cell></row>
<row>
<cell bottomBorder="White" width="960" height="73">
<text>
<par/>
</text></cell>
<cell bottomBorder="White" width="281" height="73">
<text>
<par>
<line>Echelle : 1/5000ème</line></par>
</text></cell></row>
<row>
<cell topBorder="White" width="960" height="293">
<text>
<par>
<line>Liberté • Égalité • Fraternité</line></par>
<par>
<line>République Française</line></par>
</text></cell>
<cell topBorder="White" width="281" height="293">
<text>
<par>
<line>Dossier approuvé</line></par>
<par>
<line>le: 11/01/207</line></par>
</text></cell></row>
</block>



















































































































































































































































































<block blockType="Picture" blockName="" l="2764" t="697" r="2809" b="728"><region><rect/></region>
</block>
<block blockType="Picture" blockName="" l="2152" t="1777" r="2194" b="1807"><region><rect/></region>
</block>
<block blockType="Picture" blockName="" l="3590" t="1867" r="3616" b="1912"><region><rect/></region>
</block>
<block blockType="Picture" blockName="" l="2338" t="2166" r="2378" b="2186"><region><rect/></region>
</block>
<block blockType="Picture" blockName="" l="2873" t="3122" r="2964" b="3151"><region><rect/></region>
</block>
<block blockType="Picture" blockName="" l="3227" t="3600" r="3278" b="3621"><region><rect/></region>
</block>
<block blockType="Picture" blockName="" l="2279" t="2677" r="2339" b="2712"><region><rect/></region>
</block>
<block blockType="Picture" blockName="" l="3230" t="2801" r="3265" b="2846"><region><rect/></region>
</block>
<block blockType="Picture" blockName="" l="277" t="3126" r="370" b="3170"><region><rect/></region>
</block>
<block blockType="Picture" blockName="" l="272" t="2703" r="364" b="2746"><region><rect/></region>
</block>
</page>
</PM1>