<?xml version="1.0" encoding="UTF-8"?><PM1>
<page width="1662" height="2340" resolution="200">
<block><region><rect/></region>
<text>
<par>
<line>» «</line></par>
</text>
</block>
<block><region><rect/></region>
<text>
<par>
<line>Liberté • Égalité • Fralernilé</line></par>
<par>
<line>RÉPUBLIQUE FRANÇAISE</line></par>
<par>
<line>PRÉFECTURE DE VAUCLUSE</line></par>
</text>
</block>
<block><region><rect/></region>
<text>
<par>
<line>ARRÊTÉ PRÉFECTORAL , , , ,</line></par>
<par>
<line>N°Si2oo'i-0U-io-0^o--&amp;&lt;f 3û(d4,(o3</line></par>
<par>
<line>Approuvant le Plan de Prévention des Risques naturels d'inondation</line>
<line>du Bassin versant de l'Ouvèze</line>
<line>sur la commune de Beaumont du Ventoux</line></par>
<par>
<line>LE PRÉFET DU DÉPARTEMENT DE VAUCLUSE</line>
<line>Chevalier de la Légion d'honneur</line>
<line>Chevalier de 1' Ordre National du Mérite</line></par>
</text>
</block>
<block><region><rect/></region>
<text>
<par>
<line>vu le code de l'environnement, et notamment ses articles L.123-1, L.562-1 àL.562-9 ;</line></par>
<par>
<line>VU le décret n° 2004-374 du 29 avril 2004 relatif aux pouvoirs des préfets, à l'organisation et à l'action des services de</line>
<line>l'Etat dans les régions et départements ;</line></par>
<par>
<line>VU l'arrêté interpréfectoral du 26 octobre 2000, prescrivant l'établissement du plan de prévention des risques d'inondation</line>
<line>sur le bassin versant de l'Ouvèze, modifié par l’arrêté interpréfectoral du 01 mars 2007;</line></par>
<par>
<line>VU l'arrêté préfectoral du 17 janvier 2007 prescrivant l’ouverture d'une enquête publique du 07 février au 14 mars 2007</line>
<line>relative au plan de prévention des risques d’inondation sur le bassin versant de l'Ouvèze en Vaucluse ;</line></par>
<par>
<line>VU la délibération du Conseil Municipal de la commune de Beaumont du Ventoux en date du 30 mars 2007|;</line></par>
<par>
<line>VU l'avis de la Chambre d’Agriculture de Vaucluse du 16 mars 2007 ;</line></par>
<par>
<line>VU l'avis du Syndicat Mixte du SCOT du bassin de vie d’Avignon du 12 février 2007 ;</line></par>
<par>
<line>VU l'avis de la Communauté de Communes du Pays Voconces du 22 février 2007 ;</line></par>
<par>
<line>VU l'avis de la Communauté de Communes des Pays de Rhône Ouvèze du 26 février 2007 ;</line></par>
<par>
<line>VU le rapport et les conclusions de la Commission d'enquête du 31 mars 2008 ;</line></par>
<par>
<line>VU le rapport d'analyse de la Direction Départementale de l'Equipement et de l'Agriculture de février 2009 en réponse</line>
<line>aux observations de la commission d’enquête ;</line></par>
<par>
<line>SUR proposition de la Secrétaire Générale de la Préfecture ;</line></par>
</text>
</block>
<block><region><rect/></region>
<text>
<par>
<line>Le courrier doit être adressé à M. le Préfet sous forme impersonnelle</line>
<line>84905 AVIGNON Cedex 09 - Téléphone 04 88 17 84 84 - Télécopie 04 90 86 20 76 - Internet : www.vaucluse.pref.gouv.fr</line></par>
</text>
</block>

</page>
<page width="1668" height="2349" resolution="200">
<block><region><rect/></region>
<text>
<par>
<line>ARRETE</line></par>
</text>
</block>
<block><region><rect/></region>
<text>
<par>
<line>Article 1 :</line></par>
<par>
<line>Est approuvé, tel qu'il est annexé au présent arrêté, le Plan de Prévention des Risques naturels d'inondation du</line>
<line>Bassin versant de l'Ouvèze sur le territoire de la commune de Beaumont du Ventoux.</line></par>
</text>
</block>
<block><region><rect/></region>
<text>
<par>
<line>Article 2 :</line></par>
<par>
<line>Le plan approuvé comprend :</line></par>
<par>
<line>-le rapport de présentation ;</line></par>
<par>
<line>-le règlement ;</line></par>
<par>
<line>-les documents graphiques de synthèse à l'échelle du bassin versant vauclusien : cartes des aléas, des enjeux, et</line>
<line>zonage réglementaire.</line></par>
<par>
<line>-les documents graphiques communaux : cartes d'aléa et des enjeux ; cartographie réglementaire.</line></par>
<par>
<line>Article 3 :</line></par>
<par>
<line>Une copie du présent arrêté sera adressée à Monsieur le Préfet de la Drôme et à Monsieur le Ministre de</line>
<line>l'Ecologie, de l'Énergie, du Développement Durable et de l'Aménagement du Territoire.</line></par>
<par>
<line>Article 4 :</line></par>
<par>
<line>Le présent arrêté sera publié au recueil des actes administratifs de la préfecture de Vaucluse.</line></par>
<par>
<line>Une copie sera affichée pendant un mois à partir de la date de réception de la notification en mairie de Beaumont</line>
<line>du Ventoux, ainsi qu'aux sièges de la Communauté de Communes du Pays Voconces, du Syndicat Mixte du</line>
<line>SCOT Comtat-Ventoux et du Syndicat Mixte du SCOT du bassin de vie d'Avignon, compétents pour</line>
<line>l'établissement des Schémas de Cohérence Territoriale. Un procès verbal constatant l'accomplissement de ces</line>
<line>formalités devra être adressé à la Préfecture.</line></par>
<par>
<line>Un avis sera inséré dans un journal diffusé dans le département de Vaucluse.</line></par>
<par>
<line>Le plan approuvé est tenu à la disposition du public à la mairie de Beaumont du Ventoux, aux sièges de la</line>
<line>Communauté de Communes du Pays Voconces, du Syndicat Mixte du SCOT Comtat-Ventoux et du Syndicat</line>
<line>Mixte du SCOT du bassin de vie d'Avignon, ainsi qu’en préfecture.</line></par>
<par>
<line>Article 5 :</line></par>
<par>
<line>La présente décision pourra faire l'objet dans le délai de 2 mois à compter de sa publication :</line></par>
<par>
<line>-soit d'un recours gracieux auprès du préfet de Vaucluse,</line></par>
<par>
<line>-soit d'un recours hiérarchique adressé au ministre de l'Écologie, de l'Énergie, du Développement durable et de</line>
<line>l'Aménagement du territoire.</line></par>
<par>
<line>11 peut également faire l'objet d'un recours contentieux auprès du Tribunal administratif de Nîmes :</line></par>
<par>
<line>-soit directement, en l'absence de recours gracieux ou hiérarchique dans le délai de 2 mois à compter de la plus</line>
<line>tardive des mesures de publicité prévues à l'article 4 ;</line></par>
<par>
<line>-soit, à l'issue d'un recours gracieux ou hiérarchique dans les 2 mois à compter de la date de notification de la</line>
<line>réponse obtenue de l'administration, ou au terme d'un silence gardé par celle-ci pendant 2 mois à compter de la</line>
<line>réception de la demande.</line></par>
</text>
</block>
<block><region><rect/></region>
<text>
<par>
<line>Article 6 :</line></par>
<par>
<line>La Secrétaire Générale de la préfecture, le Maire de Beaumont du Ventoux et le Directeur Départemental de</line>
<line>l'Equipement et de l'Agriculture sont chargés, chacun en ce qui le concerne, de l'exécution du présent arrêté.</line></par>
</text>
</block>
<block><region><rect/></region>
<text>
<par>
<line>Avignon, le_</line></par>
<par>
<line>■ t</line></par>
<par>
<line>l</line></par>
<par>
<line>_ Tte Préfet,</line></par>
</text>
</block>
<block><region><rect/></region>
<text>
<par>
<line>rfm</line></par>
</text>
</block>
<block><region><rect/></region>
<text>
<par>
<line>Jean-Michd! DREVE</line></par>
</text>
</block>








</page>
</PM1>