<?xml version="1.0" encoding="UTF-8"?><PM1>
<page width="2540" height="3549" resolution="300">
<block><region><rect/></region>
<text>
<par>
<line>PREFECTURE DE LA DROME</line></par>
</text>
</block>
<block><region><rect/></region>
<text>
<par>
<line>ARRETE N° 2473</line></par>
<par>
<line>Portant approbation du Plan d'Exposition au Risque Naturel Prévisible Inondation</line>
<line>(P.E.R.I.) de la commune de MONTELIMAR</line></par>
<par>
<line>le Préfet de la DROME,</line></par>
<par>
<line>Chevalier de la Légion d'Honneur,</line></par>
<par>
<line>Chevalier de l'Ordre National du Mérite</line></par>
<par>
<line>VU la loi n° 82-600 du 13 juillet 1982, relative à l'indemnisation des victimes de</line>
<line>catastrophes naturelles,</line></par>
<par>
<line>VU le décret n° 93-351 du 15 mars 1993, relatif à l'élaboration des Plans</line>
<line>d'Exposition aux Risques Naturels Prévisibles,</line></par>
<par>
<line>VU l'arrêté préfectoral n° 3844 du 18 juin 1990, prescrivant l'établissement</line>
<line>d'un Pian d'Exposition au Risque Naturel Prévisible Inondation (P.E.R.I.) sur le</line>
<line>territoire de la commune de MONTELIMAR,</line></par>
<par>
<line>VU l'arrêté préfectoral n° 2442 du 28 juillet 1993, prescrivant l'ouverture d'une</line>
<line>enquête publique du 6 septembre au 6 octobre 1993 sur le dossier de P.E.R.I.</line>
<line>présenté,</line></par>
<par>
<line>VU l'avis du commissaire-enquêteur du 30 octobre 1993,</line></par>
<par>
<line>VU la délibération du Conseil Municipal de MONTELIMAR du 28 mars 1994</line>
<line>émettant un avis favorable sur le dossier de P.E.R.I.</line></par>
<par>
<line>SUR proposition du Secrétaire Général de la Préfecture,</line></par>
<par>
<line>ARRETE</line></par>
<par>
<line>ARTICLE 1er :</line></par>
<par>
<line>1/Est approuvé, tel qu'il est annexé au présent arrêté, le P.E.R.I. de la</line>
<line>commune de MONTELIMAR.</line></par>
<par>
<line>2/Le P.E.R.I. comprend notamment :</line></par>
<par>
<line>a/ un rapport de présentation,</line>
<line>b/ un plan de zonage au 1/5000,</line>
<line>c/ un règlement.</line></par>
<par>
<line>REPUBLIQUE FRANÇAISE</line>
<line>l-iberté Egalité Fraternité</line></par>
</text>
</block>
<block><region><rect/></region>
<text>
<par>
<line>3, boulevard Vauban</line></par>
</text>
</block>
<block><region><rect/></region>
<text>
<par>
<line>26030 VALENCE Cedex 9 - Téléphone 75-79-26-00 - Télécopie 75-42-87-55</line></par>
</text>
</block>






</page>
<page width="2502" height="3522" resolution="300">
<block><region><rect/></region>
<text>
<par>
<line>3/Ce P.E.R.I. est tenu à la disposition du public :</line></par>
</text>
</block>
<block><region><rect/></region>
<text>
<par>
<line>a/ à la mairie de MONTELIMAR,</line>
<line>b/ dans les locaux de la Préfecture à VALENCE,</line>
<line>c/ dans les locaux du service de la Navigation RHONE-SAONE à</line>
<line>PORTES LES VALENCE.</line></par>
<par>
<line>ARTICLE 2 :</line></par>
<par>
<line>Le présent arrêté sera publié au recueil des actes administratifs de la</line>
<line>Préfecture et mention en sera faite en caractères apparents dans les deux</line>
<line>journaux ci-après désignés :</line></par>
<par>
<line>• le Dauphiné Libéré,</line></par>
<par>
<line>. la Tribune de MONTELIMAR,</line></par>
<par>
<line>En outre cet arrêté sera affiché pendant 30 jours en Mairie de</line>
<line>MONTELIMAR, aux lieux habituels d'affichage.</line></par>
<par>
<line>ARTICLE 3 :</line></par>
<par>
<line>Des ampliations du présent arrêté seront adressées :</line></par>
<par>
<line>• à Monsieur le Maire de MONTELIMAR (avec 1 dossier),</line></par>
<par>
<line>• à Monsieur le Chef du Service de la Navigation RHONE-SAONE à la</line>
<line>subdivision de VALENCE,</line></par>
<par>
<line>• à Monsieur le Délégué aux risques majeurs (avec 1 dossier),</line></par>
<par>
<line>• à Monsieur le Directeur Départemental de l'Equipement de la</line></par>
<par>
<line>DROME.</line></par>
<par>
<line>ARTICLE 4 :</line></par>
</text>
</block>
<block><region><rect/></region>
<text>
<par>
<line>Le Secrétaire Général de la Préfecture, le Chef du Service de la</line>
<line>Navigation RHONE-SAONE, sont chargés, chacun en ce qui le concerne, de</line>
<line>l'exécution du présent arrêté.</line></par>
</text>
</block>
<block><region><rect/></region>
<text>
<par>
<line>Fait à VALENCE, le 11 juillet 1994</line></par>
</text>
</block>
<block><region><rect/></region>
<text>
<par>
<line>le Préfet,</line></par>
</text>
</block>
<block><region><rect/></region>
<text>
<par>
<line>Pour ampliation</line>
<line>le Chef du SIACED-PC,</line>
<line>Par intérim, l'attaché.</line></par>
</text>
</block>
<block><region><rect/></region>
<text>
<par>
<line>Bernard COQUET</line></par>
</text>
</block>
<block><region><rect/></region>
<text>
<par>
<line>Jean-Noël PERRARD</line></par>
</text>
</block>



</page>
</PM1>