<?xml version="1.0" encoding="UTF-8"?><PM1>
<page width="2487" height="3510" resolution="300">
<block><region><rect/></region>
<text>
<par>
<line>mm</line></par>
<par>
<line>l^trü • ^IêIU/• PmtHÊùi</line></par>
<par>
<line>RiFUHKtPB FUHCAISE</line></par>
<par>
<line>PRÉFET DE VAUCLUSE</line></par>
</text>
</block>
<block><region><rect/></region>
<text>
<par>
<line>Direction départementale</line>
<line>des Taritoires</line></par>
<par>
<line>Service Prospective, Urbanisme et Risques</line>
<line>Affaire suivie par : Mathilde BASTAERT</line>
<line>Téléphone : 04 88 17 82 86</line>
<line>Télécopie ; 04 88 17 87 91</line>
<line>Courriel :</line></par>
<par>
<line>mathilde.bastaert@vaucluse.gouv.fr</line></par>
</text>
</block>
<block><region><rect/></region>
<text>
<par>
<line>ARRÊTÉ du “3Jüliil2016</line>
<line>portant approbation du</line></par>
<par>
<line>plan de prévention des risques d’inondation de la Durance</line>
<line>sur la commune de Cavaillon</line></par>
</text>
</block>
<block><region><rect/></region>
<text>
<par>
<line>LE PRÉFET DE VAUCLUSE,</line>
<line>CHEVALIER DE LA LÉGION D'HONNEUR</line>
<line>OFFICIER DE L'ORDRE NATIONAL DU MÉRITE</line></par>
</text>
</block>
<block><region><rect/></region>
<text>
<par>
<line>VU le code de l’environnement, et notamment les articles L. 562-1 et suivants et</line>
<line>R. 562.1 et suivants relatifs aux plans de prévention des risques naturels prévisibles ;</line></par>
<par>
<line>VU le code de l’environnement, et notamment les articles L. 123-1 et suivants et</line>
<line>R. 123-1 et suivants relatifs aux enquêtes publiques ;</line></par>
<par>
<line>VU le code de l’urbanisme et ses articles L. 151-43, L. 152-7 et L. 153-60 ;</line></par>
<par>
<line>VU le décret n° 2004-374 du 29 avril 2004 relatif aux pouvoirs des préfets, à</line>
<line>l’organisation et à l’action des services de l’État dans les régions et départements ;</line></par>
<par>
<line>VU l’arrêté préfectoral n° 2011342-0013 du 7 décembre 2011 portant prescription du</line>
<line>plan de prévention des risques d’inondation (PPRi) de la Durance sur la commune de</line>
<line>Cavaillon ;</line></par>
<par>
<line>VU l’arrêté préfectoral n" 20140332-0028 du 28 novembre 2014 portant prorogation</line>
<line>du délai d’approbation du PPRi de la Durance sur la commune de Cavaillon ;</line></par>
<par>
<line>VU l’arrêté préfectoral n° 2015047-0009 du 26 février 2015 portant application</line>
<line>anticipée de certaines dispositions du projet de PPRi de la Durance sur la commune de</line>
<line>Cavaillon :</line></par>
</text>
</block>

</page>
<page width="2479" height="3504" resolution="300">
<block><region><rect/></region>
<text>
<par>
<line>vu l’arrêté préfectoral du 12 février 2016 portant ouverture et organisation d’une</line>
<line>enquête publique sur le projet de PPRi de la Durance sur la commune de Cavaillon ;</line></par>
<par>
<line>VU la consultation des collectivités et personnes publiques associées prévue à l’article</line>
<line>R. 562-7 du code de l’environnement, effectuée par courrier, et dont les avis ont été</line>
<line>annexés au registre d’enquête publique ;</line></par>
<par>
<line>VU l’avis réputé favorable de la commune de Cavaillon en date du 11 février 2016 ;</line></par>
<par>
<line>VU l’avis favorable du comité syndical du syndicat mixte du SCoT du bassin de vie de</line>
<line>Cavaillon - Coustellet - L'Isle-sur-la-Sorgue en date du 10 février 2016 ;</line></par>
<par>
<line>VU l’avis de la chambre d’agriculture de Vaucluse, assorti d’observations, en date du</line>
<line>25 janvier 2016 ;</line></par>
<par>
<line>VU les avis réputés favorables du centre de la propriété forestière, du conseil</line>
<line>départemental de Vaucluse et du conseil régional de PACA ;</line></par>
<par>
<line>VU le rapport de la commission d’enquête publique relative au présent plan, ses</line>
<line>conclusions motivées ainsi que son avis favorable, assorti de trois recommandations,</line>
<line>en date du 6 mai 2016 ;</line></par>
<par>
<line>CONSIDERANT que les aléas d’inondation par la Durance sur la commune de</line>
<line>CavaiUon sont de nature à engendrer des risques pour les personnes et les biens qui y</line>
<line>sont exposés ;</line></par>
<par>
<line>CONSIDERANT que le projet de plan de prévention des risques d’inondation de la</line>
<line>Durance sur la commune de Cavaillon a pour but de limiter la vulnérabilité des</line>
<line>personnes et des biens à ces aléas en délimitant des zones exposées au risque et en</line>
<line>déterminant, en fonction de l’intensité du risque encoimi, les interdictions de</line>
<line>constructions ou les autorisations avec prescriptions, en définissant les mesures de</line>
<line>réduction de la vulnérabilité des biens existants, ainsi qu’en définissant les mesures de</line>
<line>prévention, de protection et de sauvegarde ;</line></par>
<par>
<line>CONSIDERANT que la procédure de PPRi a fait l’objet d’une association de la</line>
<line>commune de Cavaillon et des personnes publiques associées, et d’une concertation</line>
<line>publique ;</line></par>
<par>
<line>CONSIDERANT que l’enquête publique portant sur le projet de plan s’est déroulée du</line>
<line>07 mars au 07 avril 2016 inclus sur la commune de Cavaülon, conformément aux</line>
<line>prescriptions de l’arrêté préfectoral du 12 février 2016 ;</line></par>
<par>
<line>CONSIDERANT que les avis reçus et les observations déposées lors de l’enquête</line>
<line>publique justifient des adaptations limitées ne portant pas atteinte à l’économie</line>
<line>générale du plan de prévention des risques d’inondation de la Durance sur la commune</line>
<line>de Cavaillon soumis à enquête publique ;</line></par>
<par>
<line>SUR proposition de Monsieur le secrétaire général de la préfecture de Vaucluse,</line></par>
</text>
</block>
</page>
<page width="2479" height="3504" resolution="300">
<block><region><rect/></region>
<text>
<par>
<line>ARRETE</line></par>
</text>
</block>
<block><region><rect/></region>
<text>
<par>
<line>ARTICLE 1“:</line></par>
<par>
<line>Le plan de prévention des risques d’inondation (PPRi) de la Durance sur la conunune</line>
<line>de Cavaillon est approuvé, tel qu’il est annexé au présent arrêté.</line></par>
<par>
<line>ARTICLE 2 :</line></par>
<par>
<line>Le plan approuvé comprend un rapport de présentation auquel est annexé le bilan de la</line>
<line>concertation, un règlement, et des documents graphiques (cartes d’aléa, carte d’enjeux,</line>
<line>plans de zonage réglementaire et cartes des cotes de référence).</line></par>
<par>
<line>Il est tenu à la disposition du public à la mairie de Cavaillon, au siège du syndicat</line>
<line>mixte du ScoT du bassin de vie Cavaillon - Coustellet - L'Isle-sur-la-Sorgue, à la</line>
<line>direction départementale des territoires de Vaucluse et à la préfecture de Vaucluse</line>
<line>(auprès du service intenniaistériel de défense et de protection civile).</line></par>
<par>
<line>ARTICLE 3 :</line></par>
<par>
<line>Le présent arrêté sera adressé à Monsieur le maire de la commune de Cavaillon, ainsi</line>
<line>qu’à Monsieur le président du syndicat mixte du SCoT du bassin de vie de Cavaillon -</line>
<line>Coustellet - L'Isle-sur-la-Sorgue.</line></par>
<par>
<line>ARTICLE 4 :</line></par>
<par>
<line>Le présent arrêté sera publié au recueil des actes administratifs de la préfecture de</line>
<line>Vaucluse et mention en sera faite dans im journal diffusé dans le département et</line>
<line>habilité à recevoir les annonces judiciaires et légales. Une copie du présent arrêté devra</line>
<line>également être affichée pendmit un mois au moins, en mairie de Cavaillon et au siège</line>
<line>du syndicat mixte du SCoT du bassin de vie de Cavaillon - Coustellet - L'Isle-sur-la-</line>
<line>Sorgue, à partir de la date de notification du présent arrêté.</line></par>
<par>
<line>ARTICLE 5 :</line></par>
<par>
<line>En application de l’article L. 562-4 du code de l’environnement, le plan de prévention</line>
<line>des risques naturels prévisibles approuvé vaut servitude d’utilité publique. À ce titre.</line>
<line>Monsieur le maire de Cavaillon devra annexer le présent PPRi au document</line>
<line>d’urbanisme communal, conformément aux articles L. 151-43, L. 152-7 et L. 153-60</line>
<line>du code de l’urbanisme.</line></par>
<par>
<line>ARTICLE 6 :</line></par>
<par>
<line>La présente décision pourra faire l’objet dans le délai de 2 mois à compter de sa</line>
<line>publication :</line></par>
<par>
<line>- soit d’un recours gracieux auprès du préfet de Vaucluse,</line></par>
<par>
<line>- soit d’un recours hiérarchique adressé au ministre de l’environnement, de l’énergie</line>
<line>et de la mer.</line></par>
<par>
<line>Cette démarche prolonge le délai de recours contentieux qui doit alors être introduit</line>
<line>dans les deux mois suivant la réponse (l’absence de réponse au terme de deux mois</line>
<line>vaut rejet implicite).</line></par>
</text>
</block>






</page>
<page width="2479" height="3504" resolution="300">
<block><region><rect/></region>
<text>
<par>
<line>En l’absence de recours gracieux ou hiérarchique, la présente décision peut</line>
<line>directement faire l’objet d’un recours contentieux dans le délai de 2 mois à compter de</line>
<line>la plus tardive des mesures de publicité prévues à l’article 4, auprès du tribunal</line>
<line>administratif de Nîmes, 16 avenue Feuchères, 30000 Nîmes.</line></par>
<par>
<line>ARTICLE 7 :</line></par>
<par>
<line>Monsieur le secrétaire général de la préfecture de Vaucluse, Monsieur le directeur de</line>
<line>cabinet du préfet de Vaucluse, Madame la sous-préfète de l’arrondissement d’Apt,</line>
<line>Monsieur le directeur départemental des territoires de Vaucluse, Monsieur le maire de</line>
<line>Cavaillon, Monsieur le président du syndicat mixte du SCoT du bassin de vie de</line>
<line>Cavaillon - Coustellet — L'Isle-sur-la-Sorgue sont chargés, chacun en ce qui le</line>
<line>concerne, de l’exécution du présent arrêté.</line></par>
</text>
</block>
<block><region><rect/><rect/><rect/></region>
<text>
<par>
<line>Fait à Avignon, le 0 3 JUIN 2016</line></par>
<par>
<line>/tel</line></par>
</text>
</block>
<block><region><rect/><rect/><rect/></region>
<text>
<par>
<line>Bemanf</line></par>
</text>
</block>


</page>
</PM1>