<?xml version="1.0" encoding="UTF-8"?><PM1>
<page width="1662" height="2340" resolution="200">
<block><region><rect/><rect/></region>
<text>
<par>
<line>llbeiiâ ■ BguUii -</line>
<line>^PUBLIQUE i^RANÇAISB</line></par>
</text>
</block>
<block><region><rect/></region>
<text>
<par>
<line>PREFECTURE DES ALPES-DE-HAUTE-PROVENCE</line></par>
</text>
</block>
<block><region><rect/></region>
<text>
<par>
<line>Direction départementale</line>
<line>de l'équipement</line></par>
<par>
<line>Pôle prévention des risques naturels</line>
<line>et technologiques</line></par>
</text>
</block>
<block><region><rect/></region>
<text>
<par>
<line>Arrêté préfectoral îi° ^08- ZHHO</line></par>
<par>
<line>portant approbation du plan, de préveiitipn des</line></par>
<par>
<line>risques na.turels prévisibles de la commune de</line></par>
</text>
</block>
<block><region><rect/></region>
<text>
<par>
<line>La Préfète des Alpes de Haute-Provençe</line>
<line>Chevalier de la Légion d'Honneur,</line></par>
</text>
</block>
<block><region><rect/></region>
<text>
<par>
<line>VU le Code de P environnement</line></par>
<par>
<line>VU la loi 2003-699 du^ 3Q juillet 2003 relative à. la prévention des risqués technologiques, et</line>
<line>naturels et k la répai-ation des dommages ;</line></par>
<par>
<line>VU le décret 95-1089 du. 05 octobre 1995 relatif aux pians de prévention des risques natmels</line>
<line>prévisibles modifié par le décret n° 2005-3 du 04 janvier 2005 ;</line></par>
<par>
<line>VU l’aixêté préfectoral 99-1686 du 23 juillet 1999 preserivailt la modific^ion du plan de</line>
<line>prévention des risques naturels prévisibles de îa.commune de Cliamptercier ;</line></par>
<par>
<line>VU fanêté préfectoral 2007-2348 du 18 octobre 2007 piescrîvant Tenquéte publique sur la</line>
<line>modification du plan de prévention des risques natui'els prévisibles de la commune de</line>
<line>Cliamptercier ;</line></par>
<par>
<line>VU les résultats de l’enquête publique à laquelle il a été procédé et l’avis du commissaire</line>
<line>enquêteur ;</line></par>
<par>
<line>VU le rapport du Directeur Départemental de l’Equipement en date du 11 juin 2008 ;</line></par>
<par>
<line>SUR proposition du Dbecteui* des Services du Cabinet de la préfecture des Alpes de Haute-</line></par>
<par>
<line>Provence ;</line></par>
</text>
</block>
<block><region><rect/></region>
<text>
<par>
<line>ARRETE:</line></par>
</text>
</block>
<block><region><rect/></region>
<text>
<par>
<line>Article 1er ;</line></par>
<par>
<line>Est approuvé, tel qu’il est annexé au présent., airêté, le plan de prévention des risques naturels</line>
<line>prévisibles de la commune de Champtercier.</line></par>
</text>
</block>
<block><region><rect/></region>
<text>
<par>
<line>Arr&lt;5téPféfecîaral 2008-</line></par>
</text>
</block>
<block><region><rect/></region>
<text>
<par>
<line>pagtf 1/2</line></par>
</text>
</block>
<block><region><rect/></region>
<text>
<par>
<line>S, RUE DU DOCrECiJl ROMIEÜ - 04016 DIGHE-LES-BAINS Cetiex - TÉLÉi’ilOKE04 92 36 72 CK)</line>
<line>hilp://wvMv,iil[KS-tle-hi«ilé-pr()vcni:tf.prcf.g«uv.I'r</line></par>
</text>
</block>



















</page>
<page width="1672" height="2347" resolution="200">
<block><region><rect/></region>
<text>
<par>
<line>Article 2 t</line></par>
</text>
</block>
<block><region><rect/></region>
<text>
<par>
<line>Le plaii de prévention des risques comprend :</line></par>
<par>
<line>- une note de présentation,</line></par>
<par>
<line>“ un règlement,</line></par>
<par>
<line>- une caite d’aléàs,</line></par>
<par>
<line>- une carte de zonage réglementaire des risques.</line></par>
</text>
</block>
<block><region><rect/></region>
<text>
<par>
<line>Il est tenu à. la disposition du public :</line></par>
<par>
<line>- à la mairie de Champtereier tous les jours ouvrables et aux heures d’ouvertures, de</line>
<line>ia.mairie ;</line></par>
<par>
<line>- à la préfecture des Alpes de Haute-Provence - Cabinet (Service Interministériel de</line>
<line>la Défense et de Protection Civiles).</line></par>
</text>
</block>
<block><region><rect/></region>
<text>
<par>
<line>Article 3 :</line></par>
</text>
</block>
<block><region><rect/></region>
<text>
<par>
<line>Le présent arrêté sera affiché en mairie de Champtereier pendant un mois minimum.</line></par>
<par>
<line>Il sera inséré dans le Recueil des Actes Administratifs de la Préfecture ainsi que. dans, les</line>
<line>journaux « LA PROVENCE » et «■ LA MARSEILLAISE ».</line></par>
<par>
<line>Ailicle 4 ;</line></par>
</text>
</block>
<block><region><rect/><rect/><rect/><rect/></region>
<text>
<par>
<line>Le Secrétaire Général de. la préfecture, le Directeur des Services du Cabinet de la préfecture,</line>
<line>le Directeur Départemental de l’Equipement, le Maiie de la .comrmme de Champtereier, sont</line>
<line>chargés, chacun en. çe qui le concerne, de Pexécutîoii du présent an-êté, qui, sera notifié à :</line></par>
<par>
<line>- Madame le Maire de là commune de Champtereier,</line></par>
<par>
<line>- Monsieur le Directeur Départemental de l’Equipement,</line></par>
<par>
<line>- Monsieur, le Directeur Départemental de l’Agriculture, et de la Forêt - Service de</line>
<line>Restauration des.Teirains en Montagne,</line></par>
<par>
<line>“ Monsieur le Directeur Régional de P En vironnement Provence-Alpes-Côte d’Azur.</line></par>
</text>
</block>
<block><region><rect/></region>
<text>
<par>
<line>Fait à Digoe-les-Baîns, le</line></par>
</text>
</block>
<block><region><rect/></region>
<text>
<par>
<line>La Préfète</line></par>
</text>
</block>
<block><region><rect/></region>
<text>
<par>
<line>Béatrice ABOLLIVIER</line></par>
</text>
</block>
<block><region><rect/></region>
<text>
<par>
<line>Arrêté Préfécloraî 2008-</line></par>
</text>
</block>
<block><region><rect/></region>
<text>
<par>
<line>page 2/2</line></par>
</text>
</block>













</page>
</PM1>