<?xml version="1.0" encoding="UTF-8"?><PM1>
<page width="2486" height="3509" resolution="300">
<block><region><rect/></region>
<text>
<par>
<line>Liberté * Égniité • Fraternité</line></par>
<par>
<line>R£PUBLiq.UE Française</line></par>
</text>
</block>
<block><region><rect/></region>
<text>
<par>
<line>PRÉFECTURE DE SAÔNE-ET-LOIRE</line></par>
</text>
</block>
<block><region><rect/></region>
<text>
<par>
<line>Direction départementale de l'Équipement</line></par>
<par>
<line>de Saône-et-Loire Mâcon, le 2 J MAI 2009</line></par>
</text>
</block>
<block><region><rect/></region>
<text>
<par>
<line>Service Risques, Sécurité Routière et Crises</line>
<line>Bureau Prévention des Risques</line></par>
</text>
</block>
<block><region><rect/></region>
<text>
<par>
<line>ARRÊTÉ</line></par>
<par>
<line>Le préfet de Saône-et-Loire</line></par>
<par>
<line>Chevalier de la Légion d'honneur</line>
<line>Chevalier de l'Ordre National du Mérite</line></par>
</text>
</block>
<block><region><rect/></region>
<text>
<par>
<line>Arrêté portant approbation du plan de</line>
<line>prévention du risque naturel prévisible</line>
<line>inondation de la rivière "Bourbince"</line>
<line>sur la commune de Montceau-les-Mines</line></par>
<par>
<line>o3^0</line></par>
</text>
</block>
<block><region><rect/></region>
<text>
<par>
<line>E</line></par>
</text>
</block>
<block><region><rect/></region>
<text>
<par/>
</text>
</block>
<block><region><rect/><rect/></region>
<text>
<par>
<line>s.-</line></par>
<par>
<line>vt</line>
<line>E t</line></par>
<par>
<line>= g</line>
<line>r ë</line></par>
<par>
<line>. ? I</line>
<line>^</line></par>
<par>
<line>= 1 S</line></par>
<par>
<line>i||</line></par>
</text>
</block>
<block><region><rect/></region>
<text>
<par>
<line>- Æ ■/</line></par>
</text>
</block>
<block><region><rect/></region>
<text>
<par>
<line>Présent</line></par>
<par>
<line>pour</line></par>
<par>
<line>l'avenir</line></par>
</text>
</block>
<block><region><rect/></region>
<text>
<par>
<line>Vu le code de l’environnement et notamment ses articles L 123.1 et suivant et L 562.1 à L 562.9 ;</line></par>
<par>
<line>Vu la loi n° 2003-699 du 30 juillet 2003 relative à la prévention des risques technologiques et</line>
<line>naturels et à la réparation des dommages ;</line></par>
<par>
<line>Vu le code des assurances et notamment ses articles L 125.1 à L 125.6 ,</line></par>
<par>
<line>Vu le code de l'Urbanisme ;</line></par>
<par>
<line>Vu le code de la construction et de l’Habitat ;</line></par>
<par>
<line>Vu le décret n" 95-1089 du 5 octobre 1995 modifié, relatif à l'élaboration des plans de prévention</line>
<line>des risques naturels prévisibles ;</line></par>
<par>
<line>Vu l'arrêté préfectoral n® 2003.32812 du 11 septembre 2003 prescrivant l'établissement d'un plan de</line>
<line>prévention du risque naturel prévisible inondation de la Bourbince sur la commune de Montceau-</line>
<line>les-Mines ;</line></par>
<par>
<line>Vu l’arrêté préfectoral n° 08-03883 du 6 août 2008 prescrivant l'ouverture d'une enquête publique</line>
<line>sur le plan de prévention du risque naturel prévisible inondation de la Bourbince sur la commune de</line>
<line>Montceau-les-Mines ;</line></par>
<par>
<line>Vu le rapport de l’enquête publique et les conclusions motivées des membres de la commission</line>
<line>d'enquête, en date du 22 octobre 2008 ;</line></par>
</text>
</block>
<block><region><rect/></region>
<text>
<par>
<line>Horaires d'ouverture : 8h30-12h00 / 13h30-17ti00</line>
<line>Tél. ; 03 85 2128 00 - lax : 03 85 38 01 55</line>
<line>BP 94027 - 37 boulevard Henri Dunant</line>
<line>71040 Mâcon Cedex 9</line></par>
</text>
</block>
<block><region><rect/></region>
<text>
<par>
<line>www.saone-et-loire.devekippement-durable.gouv.fr</line></par>
</text>
</block>


</page>
<page width="2479" height="3504" resolution="300">
<block><region><rect/></region>
<text>
<par>
<line>T</line></par>
</text>
</block>
<block><region><rect/></region>
<text>
<par>
<line>Vu la délibération du Conseil communautaire de la communauté urbaine Le Creusot-Montceau.</line>
<line>en date du 10 juillet 2008 ;</line></par>
<par>
<line>Vu la délibération du Conseil municipal de la commune de Montceau-les-Mines, en date du</line>
<line>07 juillet 2008 ;</line></par>
<par>
<line>Vu les avis de la Chambre d'agriculture et du Centre régional de la propriété forestière de</line>
<line>Bourgogne ;</line></par>
<par>
<line>Vu les pièces du dossier concernant le projet du plan de prévention du risque naturel prévisible</line>
<line>inondation de la Bourbince sur le territoire de la commune de Montceau-les-Mines transmis par</line>
<line>la directrice départementale de l'Équipement de Saône-et-Loire ;</line></par>
<par>
<line>Sur proposition de Mme la directrice départementale de l'Équipement de Saône-et-Loire,</line></par>
<par>
<line>ARRETE</line></par>
</text>
</block>
<block><region><rect/></region>
<text>
<par>
<line>Article 1 :</line></par>
<par>
<line>a) Est approuvé, tel qu'il est annexe au présent arrêté, le plan de prévention du risque naturel</line>
<line>prévisible inondation "Bourbince" de la commune de Montceau-les-Mines, composé :</line></par>
<par>
<line>1. d'un rapport de présentation,</line></par>
<par>
<line>2. d’une carte de zonage réglementaire au l/5000ème,</line></par>
<par>
<line>3. d'un règlement afférent à la carte de zonage réglementaire,</line></par>
<par>
<line>4. d’une carte d'aléa inondation de synthèse au l/SOOOème,</line></par>
<par>
<line>5. d'une carte des enjeux au l/5000ème.</line></par>
<par>
<line>b) Le plan est tenu à la disposition du public avec l'ensemble des documents de la procédure :</line></par>
<par>
<line>- à la mairie de Montceau-les-Mines.</line></par>
<par>
<line>- dans les locaux de la préfecture de Saône-et-Loire à Mâcon,</line></par>
<par>
<line>- dans les locaux de la direction départementale de l'Équipement de Saône-et-Loire.</line></par>
<par>
<line>Article 2 ; Le présent arrêté sera publié au recueil des actes administratifs de la préfecture de</line>
<line>Saône-et-Loire et mention apparente sera faite dans les deux journaux ci-après désignés.</line></par>
<par>
<line>- le Journal de Saône-et-Loire,</line></par>
<par>
<line>- la Renaissance.</line></par>
</text>
</block>
<block><region><rect/></region>
<text>
<par>
<line>Cet arrêté sera affiché pendant trente (30) jours en mairie de Montceau-les-Mines et porté à la</line>
<line>connaissance du public par tout autre procédé en usage dans la commune de Montceau-les-</line>
<line>Mines. Ces mesures de publicité seront justifiées par un certificat du maire.</line></par>
<par>
<line>Article 3 : Des copies du présent arrêté seront adressées à</line></par>
<par>
<line>M. le maire de la commune de Montceau-les-Mines,</line></par>
<par>
<line>M, le président de la communauté Le Creusot-Montceau,</line></par>
<par>
<line>M. le sous-préfet de Chalon S/Saône,</line></par>
<par>
<line>M. le directeur du Centre régional de la Propriété forestière de Bourgogne,</line></par>
<par>
<line>M. le président de la Chambre d'agriculture de Saône-et-Loire,</line></par>
<par>
<line>Mme la directrice départementale de l'Équipement de Saône-et-Loire,</line></par>
<par>
<line>. M, le délégué aux risques majeurs,</line></par>
<par>
<line>; M. le directeur régional de l'Environnement de Bourgogne,</line></par>
<par>
<line>i M. le directeur régional de l'Environnement de la région Centre - Bassin Loire-Bretagne,</line></par>
<par>
<line>IM. le directeur des services Fiscaux,</line></par>
<par>
<line>M. le directeur des services départementaux d'incendie et de secours,</line></par>
<par>
<line>M. le président de l'établissement public Loire-Bretagne,</line></par>
<par>
<line>M. le président du Syndicat intercommunal d'étude et d'aménagement de la Bourbince.</line></par>
<par>
<line>Présent</line></par>
<par>
<line>pour</line></par>
<par>
<line>ravenîf</line></par>
<par>
<line>www.devefoppement-durabie.gouv.fr</line></par>
</text>
</block>
<block><region><rect/></region>
<text>
<par>
<line>-2</line></par>
</text>
</block>








</page>
<page width="2497" height="3517" resolution="300">
<block><region><rect/></region>
<text>
<par>
<line>Article 4 : Le présent arrêté peut faire l'objet d'un recours gracieux auprès du préfet de Saône-et-</line>
<line>Loire ou d'un recours contentieux devant le Tribunal administratif de Dijon dans un délai de deux</line>
<line>mois suivant sa publication.</line></par>
<par>
<line>Article 5 : Mme la secrétaire générale de la préfecture de Saône-et-Loire,</line></par>
<par>
<line>Mme la directrice départementale de l'Équipement de Saône-et-Loire,</line></par>
<par>
<line>M. le président de la communauté urbaine Le Creusot-Montceau,</line></par>
<par>
<line>M. le maire de Montceau-les-Mines,</line></par>
<par>
<line>sont chargés, chacun en ce qui le concerne, de l'exécution du présent arrêté.</line></par>
</text>
</block>
<block><region><rect/></region>
<text>
<par>
<line>Le Préfet</line></par>
</text>
</block>
<block><region><rect/></region>
<text>
<par/>
</text>
</block>
<block><region><rect/></region>
<text>
<par>
<line>1/</line></par>
<par>
<line>f</line></par>
</text>
</block>
<block><region><rect/></region>
<text>
<par>
<line>Présent</line></par>
<par>
<line>pour</line></par>
<par>
<line>ravenlr</line></par>
</text>
</block>
<block><region><rect/></region>
<text>
<par>
<line>www.devBloi)pement-durable.gouv.fr</line></par>
</text>
</block>
<block><region><rect/></region>
<text>
<par>
<line>3-</line></par>
</text>
</block>







</page>
</PM1>