<?xml version="1.0" encoding="UTF-8"?><PM1>
<page width="2485" height="3509" resolution="300">
<block><region><rect/></region>
<text>
<par>
<line>Liberté * Egatité * Fraternité</line></par>
<par>
<line>République Française</line>
<line>PRÉFET DU PAS-DE-CALAIS</line></par>
</text>
</block>
<block><region><rect/></region>
<text>
<par>
<line>Direction départementale</line></par>
<par>
<line>des territoires et</line></par>
<par>
<line>de la mer du Pas-de-Calais</line></par>
</text>
</block>
<block><region><rect/></region>
<text>
<par>
<line>Arrêté préfectoral portant approbation du plan de prévention des risques littoraux</line>
<line>du secteur du Calaisis sur le territoire des conununes de CALAIS, COQUELLES, MARCK et</line></par>
<par>
<line>SANGATTE</line></par>
</text>
</block>
<block><region><rect/></region>
<text>
<par>
<line>Le préfet du Pas-de-Calais</line></par>
</text>
</block>
<block><region><rect/></region>
<text>
<par>
<line>Vu le code de l’environnement et notamment ses articles L.562-3, L.562-4, R.562-8 et R.562-9</line></par>
<par>
<line>Vu le décret n°2004-374 du 29 avril 2004 modifié relatif aux pouvoirs des préfets, à l’organisation</line>
<line>des services de l’État dans les régions et les départements ;</line></par>
<par>
<line>Vu le décret du 16 février 2017 nommant Fabien SUDRY en qualité de Préfet du Pas-de-Calais</line>
<line>(hors classe) ;</line></par>
<par>
<line>Vu la décision de l’autorité environnementale en date du 11 avril 2016 dispensant le projet de plan</line>
<line>de prévention des risques littoraux du Calaisis de la production d’une évaluation environnementale</line>
<line>respectivement pour les communes de CALAIS, COQUELLES, MARCK et SANGATTE ;</line></par>
<par>
<line>Vu la décision de l’autorité environnementale en date du 16 mai 2018 régularisant la décision du 11</line>
<line>avril 2016 et dispensant le projet de plan de prévention des risques littoraux du Calaisis de la</line>
<line>production d’ime évaluation environnementale respectivement pour les communes de CALAIS,</line>
<line>COQUELLES, MARCK et SANGATTE ;</line></par>
<par>
<line>Vu l’arrêté préfectoral du 10 mai 2016 portant prescription du plan de prévention des risques</line>
<line>littoraux du Calaisis sur les communes de CALAIS, COQUELLES, MARCK et SANGATTE ;</line></par>
<par>
<line>Vu l’avis du 8 février 2017 du conseil municipal de la commune de COQUELLES, en application</line>
<line>de l’article R.562-7 du code de l’environnement ;</line></par>
</text>
</block>
<block><region><rect/></region>
<text>
<par>
<line>1/4</line></par>
</text>
</block>



</page>
<page width="2491" height="3512" resolution="300">
<block><region><rect/></region>
<text>
<par>
<line>Vu l’avis du 10 mars 2017 de la chambre d’agriculture du Nord - Pas-de-Calais ;</line></par>
<par>
<line>Vu l’avis du 17 mars 2017 de l’organe délibérant du syndicat mixte du pays de Calaisis, en</line>
<line>application de l’article R.562-7 du code de l’environnement ;</line></par>
<par>
<line>Vu l’avis du 28 mars 2017 du conseil municipal de la commune de CALAIS, en application de</line>
<line>l’article R.562-7 du code de l’environnement ;</line></par>
<par>
<line>Vu l’avis du 28 mars 2017 du conseil municipal de la commune de MARCK, en application de</line>
<line>l’article R.562-7 du code de l’environnement ;</line></par>
<par>
<line>Vu la délibération du 3 avril 2017 de l’organe délibérant du département du Pas-de-Calais, en</line>
<line>application de l’article R.562-7 du code de l’environnement ;</line></par>
<par>
<line>Vu l’avis du 7 avril 2017 du conseil municipal de la commune de SANGATTE, en application de</line>
<line>l’article R.562-7 du code de l’environnement ;</line></par>
<par>
<line>Vu l’avis favorable tacite des organes délibérants de la région Hauts-de-France et de la communauté</line>
<line>d’agglomération Grand Calais Terres &amp; Mers en application de l’article R.562-7 du code de</line>
<line>l’environnement ;</line></par>
<par>
<line>Vu l’avis favorable tacite du centre national de la propriété forestière, en application de l’article</line>
<line>R.562-7 du code de l’environnement ;</line></par>
<par>
<line>Vu la décision du président du tribunal administratif de Lille n° El 7000033/59 du 7 mars 2017</line>
<line>portant désignation d’im commissaire enquêteur ;</line></par>
<par>
<line>Vu l’arrêté préfectoral du 11 avril 2017 portant ouverture d’une enquête publique sur le projet de</line>
<line>plan de prévention des risques littoraux du Calaisis, conformément aux dispositions des articles</line>
<line>L.562-3 et R.562-8 et 9 du code de l’environnement sur les communes de CALAIS, COQUELLES,</line>
<line>MARCK et SANGATTE ;</line></par>
<par>
<line>Vu les résultats de l’enquête publique qui s’est déroulée du lundi 15 mai 2017 au vendredi 16 juin</line>
<line>2017 inclus, conformément aux dispositions des articles L.562-3, R.562-8 et R.562-9 du code de</line>
<line>l’environnement ;</line></par>
<par>
<line>Vu le rapport et les conclusions du 8 juillet 2017 du commissaire enquêteur ;</line></par>
<par>
<line>Vu les modifications apportées au projet de plan de prévention des risques littoraux du Calaisis,</line>
<line>suite à l’enquête publique ;</line></par>
</text>
</block>
<block><region><rect/></region>
<text>
<par>
<line>2/4</line></par>
</text>
</block>

</page>
<page width="2492" height="3513" resolution="300">
<block><region><rect/></region>
<text>
<par>
<line>Considérant que la direction départementale des territoires et de la mer du Pas-de-Calais est chargée</line>
<line>de l’instruction et de l’élaboration du projet de plan, par l’article 4 de l’arrêté préfectoral du 10 mai</line>
<line>2016 portant prescription d’un plan de prévention des risques littoraux du secteur du Calaisis ;</line></par>
<par>
<line>Sur proposition du directeur départemental des territoires et de la mer du Pas-de-Calais et du</line>
<line>secrétaire général de la préfecture du Pas-de-Calais.</line></par>
</text>
</block>
<block><region><rect/></region>
<text>
<par>
<line>ARRÊTE</line></par>
</text>
</block>
<block><region><rect/></region>
<text>
<par>
<line>Article 1- - Le plan de prévention des risques littoraux du secteur du Calaisis sur les communes de</line>
<line>CALAIS, COQUELLES, MARCK et SANGATTE, tel qu’annexé au présent arrêté, conformément</line>
<line>aux dispositions de l’article R.562-9 du code de l’environnement, est approuvé.</line></par>
<par>
<line>Article 2 - Le plan de prévention des risques littoraux du secteur du Calaisis sur les communes de</line>
<line>CALAIS, COQUELLES, MARCK et SANGATTE contient conformément à l’article R.562-3 du</line>
<line>code de l’environnement, les documents suivants, joints en annexe :</line></par>
<par>
<line>— un rapport de présentation et ses annexes,</line></par>
<par>
<line>— des documents graphiques au 1/5000®”® reprenant les zones réglementées,</line></par>
<par>
<line>— des cartes de cotes de référence au 1/5000®”®.</line></par>
<par>
<line>— un règlement définissant les zones de risques différenciées et les modalités applicables pour</line>
<line>chaque zone,</line></par>
<par>
<line>— im bilan de la coneertation et ses annexes.</line></par>
<par>
<line>Le plan comporte en outre les documents informatifs suivants :</line></par>
<par>
<line>— des cartes d’aléa au 1/10000®”®,</line></par>
<par>
<line>— des cartes d’enjeux au 1/10000®”®,</line></par>
<par>
<line>Article 3 - Conformément à l’article L.562-4 du code de l’environnement, le plan de prévention des</line>
<line>risques littoraux du secteur du Calaisis approuvé vaut servitude d’utilité publique. Les maires des</line>
<line>communes concernées ou, selon le cas, les présidents des établissements publics de coopération</line>
<line>intercommunale compétents pour l’élaboration des documents d’urbanisme annexeront, sans délai,</line>
<line>le présent arrêté et le PPR qui lui est joint au plan local d’urbanisme approuvé, conformément aux</line>
<line>dispositions de l’article L.153-60 du code de l’urbanisme, ou à la carte eommunale en application</line>
<line>de l’article L.163-10 du même code.</line></par>
<par>
<line>Article 4 - Le présent arrêté et le dossier qui lui est annexé, seront notifiés aux maires des</line>
<line>communes concernées et aux présidents de la communauté d’agglomération Grand Calais Terres &amp;</line>
<line>Mers, du syndicat mixte du pays du Calaisis, du conseil régional des Hauts-de-Franee, du conseil</line>
<line>départemental du Pas-de-Calais.</line></par>
</text>
</block>
<block><region><rect/></region>
<text>
<par>
<line>3/4</line></par>
</text>
</block>






</page>
<page width="2490" height="3512" resolution="300">
<block><region><rect/></region>
<text>
<par>
<line>Article 5 - La copie de cet arrêté sera affichée pendant 1 mois minimum dans la mairie des</line>
<line>communes concernées et aux sièges de le la conmumauté d’agglomération Grand Calais Terres &amp;</line>
<line>Mers, du syndicat mixte du pays du Calaisis. Un certificat de chacun des maires et des présidents</line>
<line>des établissements de coopération intercommunale concernés, attestera de l’observation de cette</line>
<line>formalité. Ce certificat sera adressé à la direction départementale des territoires et de la mer du</line>
<line>Pas-de-Calais à l’expiration du délai d’affichage.</line></par>
<par>
<line>Article 6 - Le présent arrêté et le dossier qui lui est aimexé seront tenus à la disposition du public,</line>
<line>conformément à l’article R.562-9 du code de l’environnement alinéa 2, dans les locaux :</line></par>
<par>
<line>— de chacune des mairies concernées,</line></par>
<par>
<line>— de la eommunauté d’agglomération Grand Calais Terres &amp; Mers</line></par>
<par>
<line>— du syndicat mixte du pays du Calaisis</line></par>
<par>
<line>— de la préfecture du Pas-de-Calais</line></par>
<par>
<line>— de la sous-préfecture de l’arrondissement de Calais</line></par>
<par>
<line>— de la direction départementale des territoires et de la Mer du Pas-de-Calais.</line></par>
<par>
<line>Article 7 - Mention du présent arrêté sera publiée dans un journal diffusé dans le département du</line>
<line>Pas-de-Calais.</line></par>
<par>
<line>Article 8 - Le présent arrêté peut faire l’objet d’un reeours eontentieux devant le Tribunal</line>
<line>Administratif de Lille, 5 rue GeofBroy de Saint Hilaire - CS 62039 - 59014 Lille cedex, dans le</line>
<line>délai de 2 mois à compter de l’accomplissement des mesures de publicité.</line></par>
<par>
<line>Article 9 - Le secrétaire général de la préfecture du Pas-de-Calais, le sous-préfet de Calais, les</line>
<line>maires des communes concernées, les présidents de la communauté d’agglomération Grand Calais</line>
<line>Terres &amp; Mers, du syndicat mixte du pays du Calaisis, et le directeur départemental des territoires et</line>
<line>de la mer du Pas-de-Calais, sont chargés, chacun en ce qui le eonceme, de l’exécution du présent</line>
<line>arrêté, qui sera publié au recueil des actes administratifs de la préfecture du Pas-de-Calais.</line></par>
<par>
<line>Fait à Arras, le 14 JÜIL 2018</line></par>
</text>
</block>
<block><region><rect/></region>
<text>
<par>
<line>Le préfet</line></par>
</text>
</block>
<block><region><rect/></region>
<text>
<par>
<line>—-k</line></par>
<par>
<line>I</line></par>
</text>
</block>
<block><region><rect/></region>
<text>
<par>
<line>Fabien SUDRY</line></par>
</text>
</block>
<block><region><rect/></region>
<text>
<par>
<line>4/4</line></par>
</text>
</block>






</page>
</PM1>