<?xml version="1.0" encoding="UTF-8"?><PM1>
<page width="1656" height="2336" resolution="200">
<block><region><rect/></region>
<text>
<par>
<line>Libmif • Égalité • Fraternité</line></par>
<par>
<line>RÉPUBLiQyE Française</line></par>
</text>
</block>
<block><region><rect/></region>
<text>
<par>
<line>PRÉFECTURE DE LA HAUTE SAONE</line></par>
</text>
</block>
<block><region><rect/></region>
<text>
<par>
<line>Service Nfl'Vig?:itîon</line>
<line>RliOne Ssione</line></par>
</text>
</block>
<block><region><rect/></region>
<text>
<par>
<line>Subdivmein. de Gray</line></par>
</text>
</block>
<block><region><rect/></region>
<text>
<par>
<line>Arrêté préfectoral n° 3 du ^ 5</line></par>
<par>
<line>portant approbation du Plan de Prévention des Risques Inondation sur les communes de</line>
<line>BROyE-AUBIGNEY-MONTSEUGNY, ESSERTENNE ET CECEY, GERMIGNEY,</line>
<line>APREMONT, ESMOULINS, MANTOCHE, VELET, GRAY-LA-VJLLE, ARC-LES-</line>
<line>GRAY, GRAY, ANCIER, SAINT-BROING et RIGNY.</line></par>
</text>
</block>
<block><region><rect/></region>
<text>
<par>
<line>LE PREFET DE LA HAUTE SAONE</line>
<line>Chevalier de la Légion d’Honneur</line></par>
</text>
</block>
<block><region><rect/></region>
<text>
<par>
<line>VU le Code de l’Environnement, notamment les articles L 562-1 et suivants relatifs aux plans de</line>
<line>prévention des risques naturels prévisibles,</line></par>
<par>
<line>VU le Code de l'Urbanisme, notamment l'article L 126-1,</line></par>
<par>
<line>VU la loi n° 2003-699 du 30 juillet 2003 relative à la prévention des risques technologiques et</line>
<line>naturels, et à la réparation des dommages,</line></par>
<par>
<line>VU la loi n° 2004-811 du 13 août 2004 de modernisation de la sécurité civile, et notamment son</line>
<line>article 1,</line></par>
<par>
<line>VU le décret n° 90-918 du 11 octobre 1990, modifié par le décret n'^ 2004-554 du 9 juin 2004, relatif</line>
<line>à l'exercice du droit à l’information sur les risques pris en application de l'article L 125-2 du code de</line>
<line>l'environnement,</line></par>
<par>
<line>VU le décret n° 95-1089 du 5 octobre 1995, modifié par le décret n° 2005-3 du 04 janvier 2005,</line>
<line>relatif aux plans de prévention des risques naturels prévisibles,</line></par>
<par>
<line>VU l’arrêté préfectoral du 16 juin 1998 prescrivant la révision du plan des surfaces submersibles</line>
<line>(P.S.S.) de la rivière « la Saône » dans le département de la Haute-Saône, approuvé par décret du</line>
<line>22 juillet 1966, valant plan de prévention des risques naturels prévisibles ( P.P.R.)»</line></par>
</text>
</block>




</page>
<page width="1656" height="2336" resolution="200">
<block><region><rect/></region>
<text>
<par>
<line>vu les délibérations des conseils municipaux d'ANCIER du 30 mars 2006, d'ARC-LES-GRAY du</line>
<line>24 mars 2006, d'APREMONT du 31 mars 2006, de BROYE-AUBIGNEY-MONTSEUGNY du</line>
<line>31 mars 2006, d’ESMOULINS du 29 mars 2006, d’ESSERTENNE ET CECEY du 27 février 2006, de</line>
<line>GERMIGNEY du 30 mars 2006, de GRAY du 20 mars 2006, de GRAY-LA-VILLE du 24 mars 2006,</line>
<line>de MANTOCHE du 3 février 2006, de RIGNY du 28 mars 2006, de SAE4T-BROING du 28 avril</line>
<line>2006, de VELET du 04 juillet 2006 et de la communauté de communes du VAL DE GRAY du 23</line>
<line>mars 2006,</line></par>
<par>
<line>VU l'arrêté préfectoral n° 1305 du 6 juin 2006 portant ouverture de l'enquête publique sur le projet de</line>
<line>plan de prévention des risques inondations sur les communes d'ANCIER, ARC-LES-GRAY,</line>
<line>APREMONT, BROYE-AUBIGNEY-MONTSEUGNY, ESMOULINS, ESSERTENNE ET CECEY,</line>
<line>GERMIGNEY, GRAY, GRAY-LA-VILLE, MANTOCHE, RIGNY, SAINT-BROING et VELET,</line></par>
<par>
<line>VU l'avis du 19 octobre 2006 de la commission d'enquête,</line></par>
<par>
<line>VU le rapport du service navigation Rhône-Saône, service instructeur,</line></par>
<par>
<line>CONSIDERANT que l'extension de la zone industrielle au "Bois des Giranaux" située sur la</line>
<line>commune d'ARC-LES-GRAY et les parcelles situées en zone UE du POS (n° 71, ZL 86 n° plan 20,</line>
<line>AL n° 460 et ZL 118 n° plan 21) sur la commune de RIGNY ne sont pas enclavées dans une zone</line>
<line>physiquement urbanisée, mais en limite extérieure ; elles s'inscrivent dans le champ de la circulaire du</line>
<line>24 janvier 1994, définissant la politique de l'Etat dans la gestion des zones inondables, qui pose</line>
<line>comme principe le contrôle strict de l'extension de l'urbanisation dans les zones non urbanisées,</line>
<line>servant de champ d'expansion des crues,</line></par>
<par>
<line>SUR proposition de la secrétaire générale.</line></par>
</text>
</block>
<block><region><rect/></region>
<text>
<par>
<line>ARRETE</line></par>
</text>
</block>
<block><region><rect/></region>
<text>
<par>
<line>Article 1er ; Le plan de prévention des risques inondations ( P.P.R.L ), tel qu'il est annexé au présent</line>
<line>arrêté, est approuvé sur le territoire des communes de BROYE-AUBIGNEY-MONTSEUGNY,</line>
<line>ESSERTENNE ET CECEY, GERMIGNEY, APREMONT, ESMOULINS, MANTOCHE, VELET,</line>
<line>GRAY-LA-VILLE, ARC-LES-GRAY, GRAY, ANCIER, SAINT-BROING et RIGNY.</line></par>
<par>
<line>Article 2 : Ce plan de prévention des risques naturels prévisibles d'inondations comporte :</line></par>
<par>
<line>• un rapport de présentation,</line></par>
<par>
<line>• des documents cartographiques au 1/5000^™® (une carte des aléas, une carte des enjeux, une carte</line>
<line>du zonage réglementaire),</line></par>
<par>
<line>• un règlement.</line></par>
<par>
<line>Il devra être annexé aux documents d'urbanisme en vigueur dans chacune des communes.</line></par>
<par>
<line>Article 3 : Le présent arrêté sera publié au recueil des actes administratifs de la préfecture et mention</line>
<line>apparente en sera faite dans un journal diffusé dans le département.</line></par>
<par>
<line>Article 4 : Le présent arrêté, avec le plan de prévention des risques d'inondations annexé, sera notifié</line>
<line>aux maires des communes de BROYE-AUBIGNEY-MONTSEUGNY, ESSERTENNE ET CECEY,</line>
<line>GERMIGNEY, APREMONT, ESMOULE4S, MANTOCHE, VELET, GRAY-LA-VILLE, ARC-</line>
<line>LES-GRAY, GRAY, ANCIER, SAINT-BROING et RIGNY, au président de la communauté de</line>
<line>communes du VAL DE GRAY.</line></par>
<par>
<line>L'arrêté sera affiché en mairie de BROYE-AUBIGNEY-MONTSEUGNY, ESSERTENNE ET</line>
<line>CECEY, GERMIGNEY, APREMONT, ESMOULINS, MANTOCHE, VELET, GRAY-LA-VILLE,</line>
<line>ARC-LES-GRAY, GRAY, ANCIER, SAINT-BROING et RIGNY ainsi qu'au siège de la</line>
<line>communauté de communes du VAL DE GRAY pendant un mois.</line></par>
</text>
</block>




</page>
<page width="1656" height="2336" resolution="200">
<block><region><rect/></region>
<text>
<par>
<line>Article 5 : Le plan de prévention des risques d'inondations annexé au présent arrêté est tenu à la</line>
<line>disposition du public :</line></par>
<par>
<line>• dans les mairies de BROYE-AUBIGNEY-MONTSEUGNY, ESSERTENNE ET CECEY,</line>
<line>GERMIGNEY, APREMONT, ESMOULINS, MANTOCHE, VELET, GRAY-LA-VILLE, ARC-</line>
<line>LES-GRAY, GRAY, ANCIER, SAINT-BROING, RIGNY et au siège de la communauté de</line>
<line>commues du VAL DE GRAY,</line></par>
<par>
<line>• à la préfecture de Haute-Saône (Direction des actions interministérielles - Bureau de</line>
<line>l'environnement et de Turbanisme),</line></par>
<par>
<line>• à la direction départementale de l'équipement de Haute-Saône (Service Urbanisme et Habitat -</line>
<line>Cellule Risques).</line></par>
<par>
<line>Article 6 : Copie du présent arrêté et du plan de prévention des risques d'inondations annexé sera</line>
<line>adressée aux :</line></par>
<par>
<line>• ministre de l'écologie et du développement durable,</line></par>
<par>
<line>• directeur régional de l'environnement de Franche-Comté,</line></par>
<par>
<line>• directeur départemental de l'agriculture et de la forêt,</line></par>
<par>
<line>• président du conseil régional de Franche-Comté,</line></par>
<par>
<line>• président du conseil général de Haute-Saône,</line></par>
<par>
<line>• président de la chambre d'agriculture de Haute-Saône,</line></par>
<par>
<line>• président du centre régional de la propriété forestière.</line></par>
<par>
<line>Article 7 : La présente décision est susceptible de recours devant le tribunal administratif de</line>
<line>BESANCON dans un délai de deux mois à compter de sa notification ou publication.</line></par>
<par>
<line>Article 8 : La secrétaire générale, le directeur départemental de l'équipement, le chef de la subdivision</line>
<line>de GRAY du service navigation Rhône-Saône, les maires des communes de BROYE-AUBIGNEY-</line>
<line>MONTSEUGNY, ESSERTENNE et CECEY, GERMIGNEY, APREMONT, ESMOULINS,</line>
<line>MANTOCHE, VELET, GRAY-LA-VILLE, ARC-LES^GRAY, GRAY, ANCIER, SAINT-BROING,</line>
<line>RIGNY et le président de la communauté de communes du VAL DE GRAY sont chargés, chacunn ce</line>
<line>qui le concerne, de l'exécution du présent arrêté.</line></par>
</text>
</block>
<block><region><rect/></region>
<text>
<par>
<line>Vesoul, le fe 5 JUIN 200?</line></par>
</text>
</block>








</page>
<page width="1656" height="2336" resolution="200">
</page>
</PM1>