<?xml version="1.0" encoding="UTF-8"?><PM1>
<page width="1664" height="2345" resolution="200">
<block><region><rect/></region>
<text>
<par>
<line>PREFECTURE DE LA HAUTE-LOIRE</line></par>
</text>
</block>
<block><region><rect/></region>
<text>
<par>
<line>DELEGATION INTERSERViCE POUR L’EAU</line></par>
</text>
</block>
<block><region><rect/></region>
<text>
<par>
<line>ARRETE N° DlPE-2003/ ^</line></par>
<par>
<line>Portant approbation du Plan de Prévention du Risque inondation (PPRI)</line>
<line>de PALLIER sur la Commune de AZERAT</line></par>
</text>
</block>
<block><region><rect/></region>
<text>
<par>
<line>LE PREFET,</line></par>
<par>
<line>Vu le Code de l’Urbanisme ;</line></par>
<par>
<line>Vu le code de la construction et de l’habitation :</line></par>
</text>
</block>
<block><region><rect/></region>
<text>
<par>
<line>Vu le Code de l’environnement-partie législative, livre V titre VI, article L 562.1 et suivants;</line></par>
<par>
<line>Vu la loi n® 87.565 du 22 Juillet 1987 relative à l’organisation de la sécurité civile, à la protection de la forêt</line>
<line>contre l’incendie et la prévention des risques majeurs ;</line></par>
<par>
<line>Vu le décret n® 90.918 du 11 Octobre 1990 relatif à l’exercice du droit à l’information sur ies risques majeurs ;</line></par>
<par>
<line>Vu le decret 95-1089 du 5 Octobre 1995 relatif aux plans de prévention des risques naturels prévisibles ;</line></par>
<par>
<line>Vu l'arrêté préfectoral n® D2-B1 94 du 9 Avril 2001 prescrivant l’établissement d’un plan de prévention du risque</line>
<line>inondation (PPRI) de ['ALLIER sur la commune de AZERAT</line></par>
<par>
<line>Vu l’arrêté préfectoral n° D2-B1 2001/85 du 8 Mars 2001 portant nomination du délégué interservice pour l’eau</line></par>
<par>
<line>VU la délibération du Conseil Municipal d’Azérat du S.Mars 2002 émettant un avis favorable sur le projet de</line>
<line>plan de prévention du risque inondation avec réserves sur le secteur de « Fouret » ;</line></par>
<par>
<line>Vu l’avis favorable sous réserves émis le 7 Mai 2002 par la chambre d’agriculture de la Haute-Loire ;</line></par>
<par>
<line>Vu l’arrêté préfectoral n" D2-B1 2003-53 du 30 Janvier 2003 prescrivant l’enquête publique relative au projet</line>
<line>d’établissemen^d’un PPRI de i’ALLIER sur la commune de AZERAT.</line></par>
<par>
<line>Vu le rapport du commissaire enquêteur en date du 5 Mai 2003 émettant un avis favorable sur le projet plan de</line>
<line>prévention du risque inondation;</line></par>
<par>
<line>Considérant que les résultats de ladite enquête ne nécessitent q’une modification mineure du pian de zonage</line>
<line>réglementaire au lieu dit « LINDES'» du projet de plan de prévention du risque inondation;</line></par>
<par>
<line>Sur proposition du directeur départemental de l’équipement ;</line></par>
</text>
</block>
<block><region><rect/></region>
<text>
<par>
<line>ARRETE</line></par>
</text>
</block>
<block><region><rect/></region>
<text>
<par>
<line>ARTICLE 1 — Est approuvé, te! qu’il est présenté annexé au présent arrêté, le plan de prévention du risque</line>
<line>inondation (PPRI) de l’ALLIER, sur la commune de AZERAT.</line></par>
</text>
</block>
<block><region><rect/></region>
<text>
<par>
<line>ARTICLE 2 — Le présent arrêté fera l’objet d’une mention au recueil des actes administratifs de la préfecture</line>
<line>ainsi que dans deux journaux locaux ou régionaux diffusés dans ie département. .</line></par>
</text>
</block>












</page>
<page width="1661" height="2343" resolution="200">
<block><region><rect/></region>
<text>
<par>
<line>ARTfCLE</line></par>
</text>
</block>
<block><region><rect/></region>
<text>
<par>
<line>ARTICLE</line></par>
</text>
</block>
<block><region><rect/></region>
<text>
<par>
<line>3 — une copie du présent arrêté sera affichée en mairie d’AZERAT pendant une durée de 1 mois.</line></par>
<par>
<line>4 - le plan de prévention du risque inondation (PPRI) sera tenu à la disposition du public;</line>
<line>à la préfecture de la Haute-ioire</line></par>
<par>
<line>à la sous-préfecture de Brioude</line></par>
<par>
<line>à la direction départementale de l’équipement de la Haute-ioire</line>
<line>à la mairie de AZERAT.</line></par>
</text>
</block>
<block><region><rect/></region>
<text>
<par>
<line>ARTICLE 5 — Le présent arrêté sera notifié à ;</line></par>
<par>
<line>M. le maire de AZERAT</line></par>
<par>
<line>M. le sous préfet de Brioude</line></par>
<par>
<line>M. le directeur départemental de l’équipement</line></par>
<par>
<line>M. le directeur départemental de l’agriculture et de la forêt.</line></par>
<par>
<line>MHcLministre de l’écologie et du développement durable</line>
<line>M. le directeur régional de l’environnement d’Auvergne.</line></par>
<par>
<line>ARTICLE 6— Le présent PPRI valant servitude d’utilité publique, sera annexé au document d’urbanisme</line>
<line>éventuel de la commune qui sera mis à jour, conformément aux dispositions prévues à l’article R 126.2 du code</line>
<line>de l’urbanisme..</line></par>
</text>
</block>
<block><region><rect/></region>
<text>
<par>
<line>ARTICLE 7— Le secrétaire générai de la préfecture de la Haute-ioire, M. le directeur des services du cabinet,</line>
<line>M. le directeur départemental de l’équipement et M. le maire d’AZERAT sont chargés de l’exécution du présent</line>
<line>arrêté,</line></par>
</text>
</block>
<block><region><rect/></region>
<text>
<par>
<line>Au PUY-EN-VELAY, le</line></par>
</text>
</block>
<block><region><rect/></region>
<text>
<par/>
</text>
</block>
<block><region><rect/></region>
<text>
<par>
<line>TH ri’’?</line></par>
</text>
</block>
<block><region><rect/><rect/></region>
<text>
<par>
<line>Pour le Préfet,</line></par>
<par>
<line>Le dél^ué inter-services pour i’Eau,</line>
<line>5-Préfet d’Yssingeaux,</line></par>
</text>
</block>

















</page>
</PM1>