<?xml version="1.0" encoding="UTF-8"?><PM1>
<page width="2468" height="3513" resolution="300">
<block><region><rect/></region>
<text>
<par>
<line>Liberté - Cguliié » L'raientiic</line></par>
<par>
<line>Républkiub Française</line></par>
</text>
</block>
<block blockType="Table" blockName="" l="1032" t="406" r="1533" b="743"><region><rect/></region>
<row>
<cell bottomBorder="White" width="106" height="80">
<text>
<par/>
</text></cell>
<cell bottomBorder="White" width="395" height="80">
<text>
<par>
<line>Ministère</line></par>
</text></cell></row>
<row>
<cell topBorder="White" bottomBorder="White" width="106" height="47">
<text>
<par>
<line>1 1</line></par>
</text></cell>
<cell topBorder="White" bottomBorder="White" width="395" height="47">
<text>
<par>
<line>1 de l'Écologie,</line></par>
</text></cell></row>
<row>
<cell topBorder="White" bottomBorder="White" width="106" height="45">
<text>
<par>
<line>lii</line></par>
</text></cell>
<cell topBorder="White" bottomBorder="White" width="395" height="45">
<text>
<par>
<line>1 de l'Énergie,</line></par>
</text></cell></row>
<row>
<cell topBorder="White" rightBorder="White" bottomBorder="White" width="106" height="43">
<text>
<par>
<line>II*</line></par>
</text></cell>
<cell leftBorder="White" topBorder="White" bottomBorder="White" width="395" height="43">
<text>
<par>
<line>1 du Développement</line></par>
</text></cell></row>
<row>
<cell topBorder="White" rightBorder="White" bottomBorder="White" width="106" height="40">
<text>
<par>
<line>II!</line></par>
</text></cell>
<cell leftBorder="White" topBorder="White" bottomBorder="White" width="395" height="40">
<text>
<par>
<line>1 durable</line></par>
</text></cell></row>
<row>
<cell topBorder="White" rightBorder="White" width="106" height="82">
<text>
<par>
<line>H’</line></par>
</text></cell>
<cell leftBorder="White" topBorder="White" width="395" height="82">
<text>
<par>
<line>j j et de la Mer</line></par>
<par>
<line>«</line></par>
</text></cell></row>
</block>
<block><region><rect/></region>
<text>
<par>
<line>DIRECTION DÉPARTEMENTALE DE L'ÉQUIPEMENT</line></par>
</text>
</block>
<block><region><rect/></region>
<text>
<par>
<line>PRÉFECTURE DE L'AIN</line></par>
</text>
</block>
<block><region><rect/></region>
<text>
<par>
<line>ARRETE</line></par>
<par>
<line>portant approbation du plan de prévention des risques</line>
<line>"Crues torrentielles"</line>
<line>sur la commune de Port</line></par>
<par>
<line>Le préfet de l'Ain</line>
<line>Chevalier de la légion d'honneur</line></par>
</text>
</block>
<block><region><rect/></region>
<text>
<par>
<line>Vu le code de l'environnement (article L.125-5 et R125-23 à R125-27),</line></par>
<par>
<line>Vu la loi n° 82-600 du 13 juillet 1982 relative à l'indemnisation des victimes des catastrophes naturelles,</line></par>
<par>
<line>Vu le décret n° 91-461 du 14 mai 1991 modifié relatif à la prévention du risque sismique,</line></par>
<par>
<line>Vu le décret n° 95-1089 du 5 octobre 1995 relatif à l'élaboration des plans de prévention des risques naturels</line>
<line>prévisibles, et notamment l'article 7,</line></par>
<par>
<line>Vu l'arrêté préfectoral n°2006-l modifié relatif à la liste des communes où s'applique l'article L125-5 du code de</line>
<line>l'environnement.</line></par>
<par>
<line>Vu l'arrêté préfectoral n'" 2006-171 du 15/02/2006 relatif à l'information des acquéreurs et des locataires de biens</line>
<line>immobiliers sur les risques majeurs sur ta commune de Port,</line></par>
<par>
<line>Vu l'arrêté préfectoral du 14 mai 2009 prescrivant l'établissement d'un plan de prévention des risques "Crues</line>
<line>torrentielles" sur la commune de Port,</line></par>
<par>
<line>Vu l'arrêté préfectoral du 31/03/09 prescrivant l'ouverture d'une enquête publique sur le plan de prévention des</line>
<line>risques "Crues torrentielles" sur la commune de Port,</line></par>
<par>
<line>Vu le procès-verbal de l'enquête publique à laquelle il a été procédé du 27/04/09 au 29/05/09 et l'avis du</line>
<line>commissaire enquêteur du 20/06/09,</line></par>
<par>
<line>Vu la délibération avec avis favorable du conseil municipal de la commune de Port du 14/05/09,</line></par>
<par>
<line>Vu l'avis du 25/05/09 de la chambre d'agriculture.</line></par>
<par>
<line>Vu l'avis du 27/04/09 du centre régional de la propriété forestière.</line></par>
<par>
<line>Vu l'avis de la Communauté des communes du lac de Nantua du 14 mai 2009,</line></par>
<par>
<line>Vu l'avis du SIVU du Lange et de l'Oignin du 20 avril 2009,</line></par>
<par>
<line>Sur proposition du directeur départemental de l'équipement</line></par>
</text>
</block>








</page>
<page width="2472" height="3506" resolution="300">
<block><region><rect/></region>
<text>
<par>
<line>ARRETE</line></par>
</text>
</block>
<block><region><rect/></region>
<text>
<par>
<line>Article 1</line></par>
<par>
<line>Est approuvé, tel qu’il est annexé au présent arrêté, le plan de prévention des risques "Crues torrentielles" sur la</line>
<line>commune de Port.</line></par>
<par>
<line>Ce plan se compose d'un dossier comprenant un rapport de présentation, une carte des aléas, un plan de zonage</line>
<line>réglementaire à l'échelle 1/5000 et un règlement.</line></par>
<par>
<line>Article 2</line></par>
<par>
<line>11 est tenu à la disposition du public avec l’ensemble des documents de la procédure :</line></par>
<par>
<line>1- à la mairie de Port,</line></par>
<par>
<line>3- à la sous-préfecture de Nantua</line></par>
<par>
<line>2- à la préfecture de l'Ain,</line></par>
<par>
<line>3- à la DDE de l'Ain.</line></par>
<par>
<line>Article 3</line></par>
<par>
<line>Le présent arrêté sera publié au recueil des actes administratifs de la préfecture et mention en sera faite en</line>
<line>caractères apparents dans un journal diffusé dans tout le département.</line></par>
<par>
<line>Cet avis sera affiché notamment en mairie de Port pendant un mois et porté à la connaissance du public par tout</line>
<line>autre procédé en usage dans la commune de Port. Ces mesures de publicité seront justifiées par un certificat du</line>
<line>maire et un exemplaire du journal sera annexé à la copie du présent arrêté affiché en mairie.</line></par>
<par>
<line>Article 4</line></par>
<par>
<line>Les éléments nécessaires à l'établissement de l'état des risques destiné à l’information sur les risques naturels et</line>
<line>technologiques majeurs des acquéreurs et des locataires de biens immobiliers situés dans la commune de Port et</line>
<line>consignés dans le dossier communal d’informations sur les risques annexé à l'arrêté n” 2006-171 du 15/02/2006</line>
<line>sont modifiés en conséquence de la présente approbation.</line></par>
<par>
<line>Le directeur départemental de l'équipement est chargé de ces modifications qui seront transmises :</line></par>
<par>
<line>- à la préfecture et à la sous-préfecture de Nantua,</line></par>
<par>
<line>- au maire de la commune,</line></par>
<par>
<line>- à la chambre départementale des notaires.</line></par>
<par>
<line>Les éléments du dossier communal d’information sur les risques seront consultables sur le site Internet de la</line>
<line>préfecture de l'Ain (vwvw.ain.pref.gouv.fr) et le dossier sera tenu à la disposition du public :</line></par>
<par>
<line>1- à la mairie,</line></par>
<par>
<line>2- à la préfecture de l'Ain.</line></par>
<par>
<line>Article 5</line></par>
<par>
<line>En application de l'article R 123-22 du code de l’urbanisme, un arrêté pris par le maire de Port, constatera qu'il a</line>
<line>été procédé à la mise à jour du plan local d'urbanisme. A défaut d'accomplissement de cette procédure dans le</line>
<line>délai de trois mois suivant la notification du présent arrêté, un arrêté préfectoral procédera à cette mise à jour.</line></par>
<par>
<line>Article 6</line></par>
<par>
<line>Des copies du présent arrêté seront adressées :</line></par>
<par>
<line>- au sous- préfet de Nantua</line></par>
<par>
<line>- au maire de la commune de Port,</line></par>
<par>
<line>- au président le la communauté de communes du lac de Nantua</line></par>
<par>
<line>- au président du SIVU du lange et de l'Oignin</line></par>
<par>
<line>- au directeur de RFF,</line></par>
<par>
<line>- au directeur de la prévention de la pollution et des risques (ministère de l'écologie, de l'énergie du développement</line>
<line>durable et de la mer) ,</line></par>
<par>
<line>- au directeur régional de l'environnement, de l'aménagement et du logement,</line></par>
<par>
<line>- au directeur du centre régional de la propriété forestière,</line></par>
<par>
<line>- au président de la chambre d'agriculture,</line></par>
<par>
<line>- au directeur départemental de l'équipement de l'Ain,</line></par>
<par>
<line>Article 7</line></par>
<par>
<line>Le secrétaire général de la préfecture et le directeur départemental de l'équipement sont chargés, chacun en ce</line>
<line>qui le concerne de l'exécution du présent arrêté.</line></par>
</text>
</block>
<block><region><rect/><rect/></region>
<text>
<par>
<line>A BOURG-en-BRESSE, le</line>
<line>Le Préfet</line></par>
</text>
</block>
<block><region><rect/></region>
<text>
<par>
<line>2 0 JUIL, 2009</line></par>
</text>
</block>








</page>
</PM1>