<?xml version="1.0" encoding="UTF-8"?><PM1>
<page width="1661" height="2342" resolution="200">
<block><region><rect/></region>
<text>
<par>
<line>Liberté • Égalité • Fraternité</line></par>
<par>
<line>RÉPUBLIQUE Française</line>
<line>PRÉFET DE LA LOZÈRE</line></par>
</text>
</block>
<block><region><rect/></region>
<text>
<par>
<line>DIRECTION DEPARTEMENTALE DES</line>
<line>TERRITOIRES</line></par>
<par>
<line>Service Sécurité Risques Energie</line>
<line>Construction</line></par>
</text>
</block>
<block><region><rect/></region>
<text>
<par>
<line>ARRETE n° 2014066-0007 du 7 mars 2014</line></par>
<par>
<line>portant approbation du plan de prévention des risques d’inondation (PPRI) du bassin de</line>
<line>l’Ailier en Lozère sur le territoire des communes de Auroux, La Bastide-Puylaurent,</line>
<line>Chastanier, Grandrieu, Langogne, Laval-Atger, Luc, Pierrefiche et Saint-Bonnet-de-</line></par>
<par>
<line>Montauroux</line></par>
</text>
</block>
<block><region><rect/></region>
<text>
<par>
<line>Le préfet,</line></par>
</text>
</block>
<block><region><rect/></region>
<text>
<par>
<line>VU le code de l’environnement et notamment ses articles L.562-1 à L.562-9, R.562-1 à</line>
<line>R.562-12 relatifs aux plans de prévention des risques naturels.</line></par>
<par>
<line>VU le code de l’urbanisme et notamment son article L.126-L</line></par>
<par>
<line>VU l’arrêté préfectoral n°2010160-0002 du 9 juin 2010 prescrivant l'élaboration du plan de</line>
<line>prévention des risques d’inondation (PPRI) du bassin de l’Ailier en Lozère sur le territoire</line>
<line>des communes de Auroux, La Bastide-Puylaurent, Chastanier, Grandrieu, Langogne, Laval-</line>
<line>Atger, Luc, Pierrefiche et Saint-Bonnet-de-Montauroux.</line></par>
<par>
<line>VU l’arrêté préfectoral n°2013221-0002 du 9 août 2013, prescrivant l’ouverture d’une</line>
<line>enquête publique relative au projet d'un plan de prévention des risques d’inondation (PPRI)</line>
<line>du bassin de l’Ailier en Lozère sur le territoire des communes de Auroux, La Bastide-</line>
<line>Puylaurent, Chastanier, Grandrieu, Langogne, Laval-Atger, Luc, Pierrefiche et Saint-Bonnet-</line>
<line>de-Montauroux.</line></par>
<par>
<line>VU l'avis des conseils municipaux des communes concernées et des services consultés.</line></par>
<par>
<line>VU le rapport et les conclusions du commissaire enquêteur en date du 14 novembre 2013.</line></par>
<par>
<line>VU le rapport du directeur départemental des territoires de la Lozère.</line></par>
<par>
<line>SUR proposition du directeur départemental des territoires.</line></par>
</text>
</block>
<block><region><rect/></region>
<text>
<par>
<line>ARRETE :</line></par>
</text>
</block>
<block><region><rect/></region>
<text>
<par>
<line>Article 1 - Est approuvé tel qu’il est annexé au présent arrêté, le plan de prévention des</line>
<line>risques d’inondation (PPRI) du bassin de l’Ailier en Lozère sur le territoire des communes de</line>
<line>Auroux, La Bastide-Puylaurent, Chastanier, Grandrieu, Langogne, Laval-Atger, Luc,</line>
<line>Pierrefiche et Saint-Bonnet-de-Montauroux.</line></par>
</text>
</block>


</page>
<page width="1653" height="2336" resolution="200">
<block><region><rect/></region>
<text>
<par>
<line>Article 2 — Le dossier comprend :</line></par>
</text>
</block>
<block><region><rect/></region>
<text>
<par>
<line>- un rapport de présentation ;</line></par>
<par>
<line>- les cartes de zonage ;</line></par>
<par>
<line>- un règlement.</line></par>
<par>
<line>Article 3 - En application de l’article L.562-4 du code de l’environnement, le plan de</line>
<line>prévention des risques naturels prévisibles approuvé vaut servitude d’utilité publique. À ce</line>
<line>titre, les maires et le président de communauté de communes concernés devront annexer le</line>
<line>présent PPRI au plan local d’urbanisme de la commune ou au plan local d’urbanisme</line>
<line>intercommunal, conformément à l’article L. 126-1 du code de l’urbanisme.</line></par>
<par>
<line>Article 4 — Le présent arrêté fera l'objet d'une mention au recueil des actes administratifs de</line>
<line>l’Etat dans le département ainsi que dans un journal diffusé dans le département.</line></par>
<par>
<line>Une copie de l’arrêté sera affichée pendant au moins un mois dans les mairies de Auroux,</line>
<line>La Bastide-Puylaurent, Chastanier, Grandrieu, Langogne, Laval-Atger, Luc, Pierrefiche et</line>
<line>Saint-Bonnet-de-Montauroux, et au siège de la communauté de communes du Haut-Allier.</line></par>
<par>
<line>Article 5 - Le dossier de plan de prévention des risques et le présent arrêté seront tenus à la</line>
<line>disposition du public :</line></par>
<par>
<line>- dans les mairies de Auroux, La Bastide-Puylaurent, Chastanier, Grandrieu, Langogne,</line>
<line>Laval-Atger, Luc, Pierrefiche et Saint-Bonnet-de-Montauroux ;</line></par>
<par>
<line>- au siège de la communauté de communes du Haut-Allier ;</line></par>
<par>
<line>- à la préfecture ;</line></par>
<par>
<line>- au siège de la direction départementale des territoires.</line></par>
<par>
<line>Article 6 - La secrétaire générale de la préfecture, les maires des communes de Auroux,</line>
<line>La Bastide-Puylaurent, Chastanier, Grandrieu, Langogne, Laval-Atger, Luc, Pierrefiche et</line>
<line>Saint-Bonnet-de-Montauroux, le président de la communauté de communes du Haut-Ailier,</line>
<line>le directeur départemental des territoires sont chargés, chacun en ce qui le concerne, de</line>
<line>l’exécution du présent arrêté, dont copie sera adressée à monsieur le directeur des services</line>
<line>d’incendie et de secours de la Lozère et à monsieur le directeur régional de l’environnement,</line>
<line>de l’aménagement et du logement de Languedoc-Roussillon.</line></par>
</text>
</block>
<block><region><rect/></region>
<text>
<par>
<line>Le dréfet</line></par>
</text>
</block>
<block><region><rect/></region>
<text>
<par>
<line>J</line></par>
</text>
</block>
<block><region><rect/></region>
<text>
<par>
<line>Guillaume LAMBERT</line></par>
</text>
</block>







</page>
</PM1>