<?xml version="1.0" encoding="UTF-8"?><PM1>
<page width="1671" height="2347" resolution="200">
<block><region><rect/></region>
<text>
<par>
<line>PRÉFECTURE DES ALPES DE HAUTE - PROVENCE</line></par>
</text>
</block>
<block><region><rect/></region>
<text>
<par>
<line>DIRECTION DEPARTEMENTALE DES TERRITOIRES</line></par>
</text>
</block>
<block><region><rect/></region>
<text>
<par>
<line>Bureau : Pôle Risques</line>
<line>Afifeire suivie par :</line></par>
<par>
<line>Gibelin Jean-Marie</line>
<line>Tél. : 04.92.30.55,23</line>
<line>Fax : 04.92,30.55.C4</line></par>
<par>
<line>E-Mail : jean-marie,giberm@alpes-de-haute-prov6nt3e.gouv.fr</line></par>
</text>
</block>
<block><region><rect/></region>
<text>
<par>
<line>Digne-les-Bains, le</line></par>
</text>
</block>
<block><region><rect/></region>
<text>
<par>
<line>ARRETE PREFECTORAL N° 2010-^g</line>
<line>portant approbation du plan de prévention</line>
<line>des risques naturels prévisibles de la</line>
<line>commune d’Estoublon.</line></par>
</text>
</block>
<block><region><rect/></region>
<text>
<par>
<line>LE PREFET DES ALPES DE HAUTE-PROVENCE</line></par>
<par>
<line>VU le Code de l’environnement ;</line></par>
<par>
<line>VU la loi 2003-699 du 30 juillet 2003 relative à la prévention des risques technologiques et</line>
<line>naturels et à la réparation des dommages ;</line></par>
<par>
<line>VU le décret 95-1089 du 05 octobre 1995 relatif aux plans de prévention des risques</line>
<line>naturels prévisibles modifié par le décret n° 2005-3 du 04 janvier 2005 ;</line></par>
</text>
</block>
<block><region><rect/></region>
<text>
<par>
<line>VU l’arrêté préfectoral N° 2005-167 du 27 janvier 2005 prescrivant l'élaboration du plan</line>
<line>de prévention des risques naturels prévisibles de la commune d'Estoublon ;</line></par>
</text>
</block>
<block><region><rect/></region>
<text>
<par>
<line>VU l’arrêté préfectoral N® 2009-2031bis du 05 octobre 2009 prescrivant Tenquête</line>
<line>publique sur le projet d'élaboration du plan de prévention des risques naturels</line>
<line>prévisibles de la commune d'Estoublon ;</line></par>
</text>
</block>
<block><region><rect/></region>
<text>
<par>
<line>VU les résultats de l’enquête publique à laquelle il a été procédé et î’avis du commissaire</line>
<line>enquêteur ;</line></par>
<par>
<line>VU le rapport de M. le Directeur Départemental des Territoires en date du 29 avril 2010 ;</line></par>
<par>
<line>SUR proposition de M. le Directeur de la Sécurité et des Services du Cabinet de la préfecture</line>
<line>des Alpes de Haute-Provence ;</line></par>
</text>
</block>
<block><region><rect/></region>
<text>
<par>
<line>8, RUE DU Docteur Romteu- 04016 DIGNE LES Cedex - Tel. : 04.92.36.72.00</line></par>
<par>
<line>Ouvert au public du lundi au vendredi de8H30 à 11 H30et de 13 H 30 à 16 H 00</line>
<line>httpr/v^^vw.alpes-de-haute-proveTVGG.pref.gouv.fi:</line></par>
</text>
</block>

</page>
<page width="1676" height="2350" resolution="200">
<block><region><rect/></region>
<text>
<par>
<line>ARRETE:</line></par>
</text>
</block>
<block><region><rect/></region>
<text>
<par>
<line>ARTICLE 1 : Le plan de prévention des risques naturels prévisibles de la commune</line>
<line>d'Estoublon est approuvé, tel qu’il est annexé au présent aiïêté.</line></par>
</text>
</block>
<block><region><rect/></region>
<text>
<par>
<line>ARTICLE 2 : Le plan de prévention des risques comprend :</line></par>
<par>
<line>- une note de présentation,</line></par>
<par>
<line>- un règlement,</line></par>
<par>
<line>" une carte d’aléas,</line></par>
<par>
<line>- une carte de zonage réglementaire des risques.</line></par>
<par>
<line>H est tenu à la disposition du public :</line></par>
<par>
<line>^ à la Mairie d'Estoublon tous les jours ouvrables et aux heures d’ouvertures de la</line>
<line>mairie ;</line></par>
<par>
<line>- à la Préfecture des Alpes de Haute-Provence - Bureau des Relations avec les</line>
<line>Collectivités locales, tous les jours ouvrables et aux heures d’ouvertures de la</line>
<line>préfecture ;</line></par>
<par>
<line>- à la Direction départementale des Territoires - Pôle Risques, tous les jours</line>
<line>ouvrables et aux heures d’ouvertures de la Direction départementale des</line>
<line>Territoires.</line></par>
<par>
<line>ARTICLE 3 : Le présent arrêté sera affiché en Mairie d'Estoublon pendant un mois</line>
<line>minimum.</line></par>
<par>
<line>Il sera inséré dans le Recueil des Actes Administratifs de la Préfecture ainsi que dans les</line>
<line>journaux « LA PROVENCE » et « LA MARSEILLAISE ».</line></par>
<par>
<line>ARTICLE 4 :_Le Secrétaire Général de la Préfecture, le Directeur de la Sécurité et des</line>
<line>Services du Cabinet de la préfecture, le Directeur Départemental des Territoires, le Maire de</line>
<line>la commune d'Estoublon, sont chargés, chacun en ce qui le concerne, de l’exécution du</line>
<line>présent arrêté, qui sera notifié à M. le Maire d'Estoublon et à M. le Directeur Départemental</line>
<line>des Territoires.</line></par>
</text>
</block>
<block><region><rect/></region>
<text>
<par>
<line>ARTICLE 5 : Le présent arrêté peut faire l’objet :</line></par>
<par>
<line>- d’un recours gracieux auprès du Préfet des Alpes de Haute-Provence ;</line></par>
<par>
<line>- d’un recours hiérarchique auprès du Ministre de l’intérieur, de l’outre-mer et</line>
<line>des collectivités territoriales, direction de la sécurité civile ;</line></par>
<par>
<line>~ d’un recours contentieux devant le Tribunal administratif de Marseille (22-24,</line>
<line>rue Breteuil - 13281 MARSEILLE Cedex 6).</line></par>
<par>
<line>dans un délai de deux mois à compter de sa notification.</line></par>
</text>
</block>
<block><region><rect/></region>
<text>
<par>
<line>Fait à Digne-les</line></par>
</text>
</block>
<block><region><rect/></region>
<text>
<par>
<line>Bains</line></par>
</text>
</block>
<block><region><rect/></region>
<text>
<par>
<line>e</line></par>
</text>
</block>
<block><region><rect/></region>
<text>
<par>
<line>Pierre N''</line></par>
</text>
</block>







</page>
</PM1>