<?xml version="1.0" encoding="UTF-8"?><PM1>
<page width="1622" height="2306" resolution="200">
<block><region><rect/></region>
<text>
<par>
<line>Libent • Égalité ■ f-'raternhé</line></par>
<par>
<line>RÉPUBUQIÎE FRANÇAÎ5Î</line></par>
<par>
<line>PREFECTURE DU PAS-DE-CALAIS</line></par>
</text>
</block>
<block><region><rect/></region>
<text>
<par>
<line>DIRECTION DES AFFAIRES GENERALES</line>
<line>BUREAU DES PROCEDURES D'UTILITE PUBLIQUE</line>
<line>Section d'Utilité Publique/ID</line></par>
</text>
</block>
<block><region><rect/></region>
<text>
<par>
<line>ARRETE D'APPROBATION</line></par>
<par>
<line>DU PLAN DE PREVENTION DES RISQUES INONDATIONS</line>
<line>de la commune d'OIGNEES</line></par>
</text>
</block>
<block><region><rect/></region>
<text>
<par>
<line>Le Préfet du Pas-de-Calais,</line>
<line>Chevalier de la Légion d'Honneur,</line>
<line>Officier de l'Ordre National du Mérite,</line></par>
<par>
<line>VU le Code de l'Environnement et notamment les articles L 562-1 et suivants et R 562-1 et suivants ;</line></par>
<par>
<line>VU le décret n° 2004-374 du 29 avril 2004 modifié relatif aux pouvoirs des préfets, à l'organisation et</line>
<line>à l'action des ser\4ces de l'Etat dans les régions et départements ;</line></par>
<par>
<line>NTJ le décret n° 2005-3 du 4 janvier 2005 modifiant le décret n° 95-1089 du 5 octobre 1995 relatif aux</line>
<line>plans de prévention des risques naturels prévisibles ;</line></par>
<par>
<line>\TJ le décret du 8 jain’ier 2009 portant nomination de Monsieur Pierre de BOUSQUET DE</line>
<line>FLORIAN, en qualité de Préfet du Pas-de-Calais ;</line></par>
<par>
<line>\TJ l'arrêté préfectoral du 30 octobre 2001 prescrivant le Plan de Prévention des Risques Inondations</line>
<line>de la commune d'OIGNIES ;</line></par>
<par>
<line>VU les avis exprimés lors de la consultation officielle de la commune, des collecti\ ités territoriales et</line>
<line>des établissements publics sur le projet ;</line></par>
<par>
<line>VU l'arrêté préfectoral du 4 mai 2010 prescrivant l'enquête publique du Plan de Prévention des</line>
<line>Risques Inondations de la commune d'OIGNIES du 31 mai au 2 juillet 2010 inclus ;</line></par>
<par>
<line>\TJ le dossier soumis à enquête publique ;</line></par>
<par>
<line>VU l'entretien du Maire d’Oignies avec le commissaire enquêteur ;</line></par>
<par>
<line>VU le rapport et les conclusions de la commission d'enquête en date du 2 août 2010 ;</line></par>
<par>
<line>\TJ le rapport de M. le Directeur Départemental des Territoires et de la Mer du 30 décembre 2010 ;</line></par>
<par>
<line>VU l'arrêté préfectoral n°2010-10- 117 du 5 février 2010 accordant délégation de signature ;</line></par>
<par>
<line>CONSIDERANT l'existence du risque inondation sur la commune d'OIGNIES ;</line></par>
<par>
<line>CONSIDERANT la nécessité de délimiter les terrains sur lesquels l'occupation ou l'utilisation du sol</line>
<line>doit être réglementée en vue de ne pas aggraver ces risques ou de ne pas en provoquer de nouveaux ;</line></par>
<par>
<line>Sur la proposition de Monsieur le Secrétaire Général de la Préfecture du Pas-de-Calais ;</line></par>
</text>
</block>


</page>
<page width="1629" height="2311" resolution="200">
<block><region><rect/></region>
<text>
<par>
<line>ARRETE :</line></par>
</text>
</block>
<block><region><rect/></region>
<text>
<par>
<line>Article V'</line></par>
<par>
<line>Le Plan de Pré\'ention des Risques d'inondation de la commune d'OlGNTES est approuvé</line>
<line>conformément à l'article L562-3 du Code de l’Environnement.</line></par>
</text>
</block>
<block><region><rect/></region>
<text>
<par>
<line>Article 2 :</line></par>
<par>
<line>Le Plan de Prévention des Risques Inondations de la commune d’OIGNIES approuvé au titre du</line>
<line>présent arrêté vaut servitude d'utilité publique, conformément à l'article L 562-4 du Code de</line>
<line>l'Environnement.</line></par>
<par>
<line>A ce titre, il devra être annexé au Plan Local d'Urbanisme (PLU) approuvé de la commune</line>
<line>concernée, en vertu de l'article L 126-1 du Code de l'urbanisme.</line></par>
</text>
</block>
<block><region><rect/></region>
<text>
<par>
<line>Article 3 :</line></par>
<par>
<line>Le présent arrêté sera notifié au Maire d'OlGNIES.</line></par>
<par>
<line>Il devra être affiché en mairie pendant un mois minimum et au siège de Communauté</line>
<line>d'Agglomération d'Henin-Carvin.</line></par>
<par>
<line>En outre, le présent arrêté fera l'objet d’une mention au Recueil des Actes Administratifs du</line>
<line>département du Pas-de-Calais, ainsi que dans un journal diffusé dans le département.</line></par>
<par>
<line>Article 4 :</line></par>
<par>
<line>Le Plan de Prévention approuvé sera tenu à la disposition du public à la Préfecture du Pas-de-Calais,</line>
<line>en Sous-Préfecture de LENS, en mairie d'OIGNIES ainsi qu'au siège de la Communauté d’Agglomération</line>
<line>d'Henin-Carvin.</line></par>
</text>
</block>
<block><region><rect/></region>
<text>
<par>
<line>Article 5 :</line></par>
<par>
<line>Le présent arrêté peut faire l'objet d’un recours contentieux dans un délai de deux mois à compter de</line>
<line>l’exécution des formalités de publicité.</line></par>
</text>
</block>
<block><region><rect/></region>
<text>
<par>
<line>Article 6 :</line></par>
<par>
<line>Monsieur le Secrétaire Général de la Préfecture du Pas-de-Calais, Monsieur le Maire d'OIGNIES</line>
<line>Monsieur le Président de la Communauté d'Agglomération d'Henin-Carvin et Monsieur le Directeur</line>
<line>Départemental des Territoires et de la Mer sont chargés, chacun en ce qui le concerne, de l'exécution du</line>
<line>présent arrêté dont copie sera adressée à Mme le Sous-Préfet de LENS.</line></par>
</text>
</block>
<block><region><rect/></region>
<text>
<par>
<line>ARRAS, le</line></par>
</text>
</block>
<block><region><rect/></region>
<text>
<par>
<line>31</line></par>
</text>
</block>
<block><region><rect/></region>
<text>
<par>
<line>DES.</line></par>
</text>
</block>
<block><region><rect/><rect/></region>
<text>
<par>
<line>Pour le</line>
<line>Le Secrétairè</line></par>
</text>
</block>
<block><region><rect/><rect/></region>
<text>
<par>
<line>’réfet,</line>
<line>Général.</line></par>
</text>
</block>
<block><region><rect/></region>
<text>
<par>
<line>Ra</line></par>
</text>
</block>
<block><region><rect/></region>
<text>
<par>
<line>in(</line></par>
</text>
</block>
<block><region><rect/></region>
<text>
<par>
<line>JEDEUN</line></par>
</text>
</block>










</page>
<page width="1628" height="2310" resolution="200">
<block><region><rect/></region>
<text>
<par>
<line>Liste des destinataires</line></par>
</text>
</block>
<block><region><rect/></region>
<text>
<par>
<line>Madame le Sous-Préfet de Lens</line></par>
</text>
</block>
<block><region><rect/></region>
<text>
<par>
<line>Monsieur le Président du Conseil Régional</line>
<line>Monsieur le Président du Conseil Général</line></par>
</text>
</block>
<block><region><rect/></region>
<text>
<par>
<line>Monsieur le Président de la Chambre d'Agriculture du Pas-de-Calais</line>
<line>Monsieur le Président de la Communauté d'Agglomération d'Hénin-Carvio</line>
<line>Monsieur le Directeur Régional de l'Environnement, de l'Aménagement et du Logement</line>
<line>Monsieur le Directeur des Voies Navigables</line></par>
<par>
<line>Monsieur le Directeur Départemental des Territoires et de la Mer du Pas-de-Calais</line>
<line>Monsieur le Directeur Départemental des Territoires et de la Mer du Nord</line>
<line>Monsieur le Maire de Oignies</line></par>
</text>
</block>
<block><region><rect/></region>
<text>
<par>
<line>DDTM-S2</line></par>
<par>
<line>! 8 JAU, im</line></par>
</text>
</block>






</page>
</PM1>