<?xml version="1.0" encoding="UTF-8"?><PM1>
<page width="1653" height="2338" resolution="200">
<block><region><rect/></region>
<text>
<par>
<line>PREFECTURE DU NORD</line></par>
</text>
</block>
<block><region><rect/></region>
<text>
<par>
<line>LE PREFET</line></par>
<par>
<line>DELEGUE POUR LA SECURITE LILLE, ie ^ ^ BEC. 199^</line></par>
<par>
<line>ET LA DEFENSE</line></par>
</text>
</block>
<block><region><rect/></region>
<text>
<par>
<line>Service Interministériel Régional</line>
<line>des Affaires Civiles et Economiques</line>
<line>de Défense et de la Protection Civile</line></par>
</text>
</block>
<block><region><rect/></region>
<text>
<par>
<line>ARRETE PORTANT APPROBATION DU P.E.R.</line>
<line>INONDATIONS DE MARPENT</line></par>
</text>
</block>
<block><region><rect/></region>
<text>
<par>
<line>Affaire suivie par M. VERBECQ</line>
<line>Téi.:20.30. 55.94</line>
<line>Fax ; 20.30.57.69</line></par>
</text>
</block>
<block><region><rect/></region>
<text>
<par>
<line>LE PREFET, DELEGUE POUR LA SECURITE ET</line>
<line>LA DEFENSE,</line></par>
<par>
<line>CHEVALIER DE LA LEGION D'HONNEUR,</line></par>
</text>
</block>
<block><region><rect/></region>
<text>
<par>
<line>VU la loi n° 82.600 du 13 juillet 1982 relative à l'indemnisation</line>
<line>des victimes des catastrophes naturelles modifiée par la loi n° 87.565 du</line>
<line>22 juillet 1987 relative à l'organisation de la Sécurité Civile,à la protec¬</line>
<line>tion de la Forêt contre l'Incendie et à la prévention des risques majeurs ;</line></par>
<par>
<line>VU le décret n° 93.351 du 15 mars 1993 relatif à l’élaboration des</line>
<line>plans d'exposition aux risques naturels prévisibles et abrogeant le décret</line>
<line>n° 84.328 du 3 mai 1984 ;</line></par>
<par>
<line>VU la délibération du 7 novembre 1985 du Conseil Municipal de la</line>
<line>commune de MARPENT prise avant la prescription du P.E.R. ;</line></par>
<par>
<line>VU l'arrêté préfectoral du 10 mars 1994 rendant public le Plen'</line>
<line>d'Exposition aux Risques Naturels de la commune de MARPENT</line></par>
<par>
<line>et prescrivant l'ouverture d'une enquête publique sur les dispositions du</line>
<line>projet ci-dessus visé ;</line></par>
<par>
<line>Vu les documents constatant l'accomplissement des formalités de</line>
<line>publication et d’affichage de cette décision ;</line></par>
<par>
<line>Vu le procès-verbal de l'enquête publique à laquelle il a été</line>
<line>procédé du 18 avril 1994 au 21 mai 1994 et l'avis du</line></par>
<par>
<line>Commissaire Enquêteur ;</line></par>
<par>
<line>Vu la délibération du Conseil Municipal de MARPENT</line>
<line>prise après publication du plan ;</line></par>
<par>
<line>SUR proposition du Chef du Service Interministériel Régional des</line>
<line>Affaires Civiles et Economiques de Défense et de la Protection Civile ;</line></par>
</text>
</block>
<block><region><rect/></region>
<text>
<par/>
</text>
</block>
<block><region><rect/></region>
<text>
<par>
<line>REPUBLIQUE FRANÇAISE</line>
<line>Liberté Égalité Fraternité</line>
<line>- 2 -</line></par>
</text>
</block>





</page>
<page width="1663" height="2345" resolution="200">
<block><region><rect/></region>
<text>
<par>
<line>- 2 -</line></par>
</text>
</block>
<block><region><rect/></region>
<text>
<par>
<line>ARTICLE 1ER : Est approuvé tel qu’il est annexé au présent arrêté, le Plan</line>
<line>d’Exposition aux Risques Naturels prévisibles de la commune de MARPENT</line></par>
<par>
<line>ARTICLE 2 : Le Plan d'Exposition aux Risques Naturels de MARPENT</line>
<line>comprend ;</line></par>
</text>
</block>
<block><region><rect/></region>
<text>
<par>
<line>1) un rapport de présentation</line></par>
<par>
<line>2) des plans â l'échelle 1/5 OOOème</line></par>
<par>
<line>3) un règlement</line></par>
<par>
<line>ARTICLE 3 : Il est tenu à la disposition du public aux jours et heures</line>
<line>habituels d'ouverture des bureaux :</line></par>
<par>
<line>1) à la Mairie de MARPENT</line></par>
<par>
<line>2) dans les services de la Préfecture - SIR.ACED.PC.</line></par>
<par>
<line>54, rue Jean Sans Peur à LILLE</line></par>
<par>
<line>3) au service des Voies Navigables</line>
<line>37, rue du Plat - 59034 LILLE CEDEX</line></par>
<par>
<line>4) à la Direction Départementale de l'Equipement</line>
<line>44, rue de Tournai à LILLE</line></par>
<par>
<line>5) à la Direction Départementale de l'Agriculture</line>
<line>et de la Forêt</line></par>
<par>
<line>Cité Administrative - 59048 LILLE CEDEX</line></par>
<par>
<line>6) à la Sous-Préfecture d'AVESNES-SUR-HELPE</line></par>
<par>
<line>7) à la Direction Régionale de l'Environnement</line></par>
<par>
<line>ARTICLE 4 : Le présent arrêté sera publié au recueil des actes administratifs</line>
<line>et mention en sera faite en caractères apparents dans les deux journaux ci-</line>
<line>après désignés : LA VOIX DU NORD et L'OBSERVATEUR.</line></par>
<par>
<line>ARTICLE 5 : Cet avis sera affiché notamment en Mairie de MARPENT</line>
<line>et porté à la connaissance du public par tout autre procédé en usage dans la</line>
<line>commune de MARPENT ; les mesures de publicité seront</line></par>
<par>
<line>justifiées par un certificat du Maire et un exemplaire des journaux sera</line>
<line>annexé au dossier principal.</line></par>
</text>
</block>
<block><region><rect/></region>
<text>
<par/>
</text>
</block>





</page>
<page width="1660" height="2343" resolution="200">
<block><region><rect/></region>
<text>
<par>
<line>- 3 -</line></par>
</text>
</block>
<block><region><rect/></region>
<text>
<par>
<line>ARTICLE 6 : Ampliation du présent arrêté sera adressée :</line></par>
<par>
<line>1) au Maire de la comune de MARRENT</line></par>
<par>
<line>2) aux membres du groupe de travail chargé de l'instruction</line>
<line>du dossier P.E.R.</line></par>
<par>
<line>3) au Délégué aux Risques Majeurs</line></par>
<par>
<line>4) à M. le Secrétaire Général de la Préfecture</line></par>
<par>
<line>5) è M. le Sous-Préfet, Directeur de Cabinet</line></par>
<par>
<line>6) à M. le Sous-Préfet d’AVESNES-SUR-HELPE</line></par>
<par>
<line>7) à M. le Directeur Départemental de l'Equipement</line></par>
<par>
<line>8) à M. le Directeur Régional de l'Environnement.</line></par>
<par>
<line>FAIT A LILLE, LE ^ 199V</line></par>
</text>
</block>
<block><region><rect/></region>
<text>
<par>
<line>JEAN-MICHEL ROULET</line></par>
</text>
</block>
<block><region><rect/><rect/></region>
<text>
<par>
<line>Pour ampl'aHon</line>
<line>Pour le Préfet,</line>
<line>Le Directeur du Slp.ACt</line></par>
</text>
</block>
<block><region><rect/></region>
<text>
<par>
<line>TA/H'^ntrc;</line></par>
</text>
</block>
<block><region><rect/></region>
<text>
<par>
<line>/jv</line></par>
</text>
</block>
<block><region><rect/></region>
<text>
<par>
<line>::,D.</line></par>
<par>
<line>IC ..</line></par>
</text>
</block>
<block><region><rect/></region>
<text>
<par>
<line>i J</line></par>
</text>
</block>
<block blockType="Table" blockName="" l="1018" t="1634" r="1412" b="2257"><region><rect/></region>
<row>
<cell colSpan="4" width="394" height="66">
<text>
<par/>
</text></cell></row>
<row>
<cell rightBorder="White" width="159" height="59">
<text>
<par/>
</text></cell>
<cell colSpan="2" leftBorder="White" rightBorder="White" width="177" height="59">
<text>
<par>
<line>17 JAfJ. 1935</line></par>
</text></cell>
<cell leftBorder="White" width="58" height="59">
<text>
<par/>
</text></cell></row>
<row>
<cell leftBorder="White" width="159" height="58">
<text>
<par>
<line>i '■PKNIUaS.:</line></par>
</text></cell>
<cell width="54" height="58">
<text>
<par>
<line>è&gt;</line></par>
</text></cell>
<cell colSpan="2" width="181" height="58">
<text>
<par/>
</text></cell></row>
<row>
<cell leftBorder="White" width="159" height="24">
<text>
<par>
<line>! aSÜSCT.</line></par>
</text></cell>
<cell rightBorder="White" width="54" height="24">
<text>
<par>
<line>-!</line></par>
</text></cell>
<cell leftBorder="White" width="123" height="24">
<text>
<par/>
</text></cell>
<cell width="58" height="24">
<text>
<par/>
</text></cell></row>
<row>
<cell leftBorder="White" width="159" height="24">
<text>
<par>
<line>/ sirciurr.</line></par>
</text></cell>
<cell rightBorder="White" bottomBorder="White" width="54" height="24">
<text>
<par/>
</text></cell>
<cell leftBorder="White" width="123" height="24">
<text>
<par/>
</text></cell>
<cell width="58" height="24">
<text>
<par/>
</text></cell></row>
<row>
<cell rightBorder="White" width="159" height="25">
<text>
<par/>
</text></cell>
<cell leftBorder="White" topBorder="White" rightBorder="White" bottomBorder="White" width="54" height="25">
<text>
<par>
<line>1</line></par>
</text></cell>
<cell leftBorder="White" width="123" height="25">
<text>
<par>
<line>,y.'</line></par>
</text></cell>
<cell width="58" height="25">
<text>
<par/>
</text></cell></row>
<row>
<cell rightBorder="White" width="159" height="23">
<text>
<par>
<line>SFiO</line></par>
</text></cell>
<cell leftBorder="White" topBorder="White" rightBorder="White" bottomBorder="White" width="54" height="23">
<text>
<par>
<line>'</line></par>
</text></cell>
<cell leftBorder="White" width="123" height="23">
<text>
<par/>
</text></cell>
<cell width="58" height="23">
<text>
<par/>
</text></cell></row>
<row>
<cell rightBorder="White" bottomBorder="White" width="159" height="23">
<text>
<par>
<line>sytOiC</line></par>
</text></cell>
<cell leftBorder="White" topBorder="White" rightBorder="White" bottomBorder="White" width="54" height="23">
<text>
<par/>
</text></cell>
<cell leftBorder="White" width="123" height="23">
<text>
<par>
<line>‘.V.</line></par>
</text></cell>
<cell width="58" height="23">
<text>
<par/>
</text></cell></row>
<row>
<cell topBorder="White" rightBorder="White" bottomBorder="White" width="159" height="25">
<text>
<par/>
</text></cell>
<cell leftBorder="White" topBorder="White" rightBorder="White" bottomBorder="White" width="54" height="25">
<text>
<par/>
</text></cell>
<cell leftBorder="White" width="123" height="25">
<text>
<par>
<line>:;.?L</line></par>
</text></cell>
<cell width="58" height="25">
<text>
<par/>
</text></cell></row>
<row>
<cell rowSpan="2" topBorder="White" rightBorder="White" bottomBorder="White" width="159" height="49">
<text>
<par>
<line>TrV</line></par>
</text></cell>
<cell leftBorder="White" topBorder="White" rightBorder="White" bottomBorder="White" width="54" height="22">
<text>
<par/>
</text></cell>
<cell leftBorder="White" width="123" height="22">
<text>
<par>
<line>• / -'-.A</line></par>
</text></cell>
<cell width="58" height="22">
<text>
<par/>
</text></cell></row>
<row>
<cell leftBorder="White" topBorder="White" rightBorder="White" bottomBorder="White" width="54" height="27">
<text>
<par>
<line>X</line></par>
</text></cell>
<cell leftBorder="White" width="123" height="27">
<text>
<par/>
</text></cell>
<cell width="58" height="27">
<text>
<par/>
</text></cell></row>
<row>
<cell topBorder="White" rightBorder="White" width="159" height="22">
<text>
<par>
<line>f.CL'</line></par>
</text></cell>
<cell leftBorder="White" topBorder="White" rightBorder="White" bottomBorder="White" width="54" height="22">
<text>
<par/>
</text></cell>
<cell leftBorder="White" width="123" height="22">
<text>
<par/>
</text></cell>
<cell width="58" height="22">
<text>
<par/>
</text></cell></row>
<row>
<cell rightBorder="White" width="159" height="27">
<text>
<par>
<line>ÎCJ</line></par>
</text></cell>
<cell leftBorder="White" topBorder="White" rightBorder="White" width="54" height="27">
<text>
<par/>
</text></cell>
<cell leftBorder="White" width="123" height="27">
<text>
<par/>
</text></cell>
<cell width="58" height="27">
<text>
<par/>
</text></cell></row>
<row>
<cell width="159" height="76">
<text>
<par>
<line>êU-T'S</line></par>
</text></cell>
<cell rightBorder="White" width="54" height="76">
<text>
<par/>
</text></cell>
<cell leftBorder="White" width="123" height="76">
<text>
<par>
<line>JM.-'?.</line></par>
</text></cell>
<cell width="58" height="76">
<text>
<par>
<line>O</line></par>
<par>
<line>/</line></par>
</text></cell></row>
<row>
<cell rightBorder="White" width="159" height="58">
<text>
<par>
<line>mA:</line></par>
</text></cell>
<cell leftBorder="White" rightBorder="White" width="54" height="58">
<text>
<par/>
</text></cell>
<cell leftBorder="White" rightBorder="White" width="123" height="58">
<text>
<par/>
</text></cell>
<cell leftBorder="White" bottomBorder="White" width="58" height="58">
<text>
<par/>
</text></cell></row>
<row>
<cell leftBorder="White" rightBorder="White" width="159" height="64">
<text>
<par/>
</text></cell>
<cell leftBorder="White" rightBorder="White" width="54" height="64">
<text>
<par>
<line>IB</line></par>
</text></cell>
<cell leftBorder="White" rightBorder="White" width="123" height="64">
<text>
<par>
<line>m. 1995</line></par>
</text></cell>
<cell leftBorder="White" topBorder="White" width="58" height="64">
<text>
<par/>
</text></cell></row>
</block>















































</page>
</PM1>