<?xml version="1.0" encoding="UTF-8"?><PM1>
<page width="1653" height="2338" resolution="200">
<block><region><rect/></region>
<text>
<par>
<line>PREFECTURE DU NORD</line></par>
</text>
</block>
<block><region><rect/></region>
<text>
<par>
<line>LE PREFET</line></par>
<par>
<line>DELEGUE POUR LA SECURITE</line>
<line>ET LA DEFENSE</line></par>
</text>
</block>
<block><region><rect/></region>
<text>
<par>
<line>LILLE, le UbtRig95</line></par>
</text>
</block>
<block><region><rect/></region>
<text>
<par>
<line>Service Interministériel Régional ARRETE PORTANT APPROBATION DU P. B. R.</line></par>
<par>
<line>des Affaires Civiles et Economiques INONDATIONS DE BOUSSIERES-SUR-SANBRE</line></par>
<par>
<line>de Défense et de la Protection Civile</line></par>
</text>
</block>
<block><region><rect/></region>
<text>
<par>
<line>LE PREFET, DELEGUE POUR LA SECURITE ET</line>
<line>Affaire suivie par M. VERBECQ LA DEFENSE,</line></par>
<par>
<line>Tél.:20.30. 55.94 CHEVALIER DE LA LEGION D'HONNEUR,</line></par>
<par>
<line>Fax; 20.30.57.69</line></par>
</text>
</block>
<block><region><rect/></region>
<text>
<par>
<line>VU la loi n° 82.600 du 13 juillet 1982 relative à l'indemnisation</line>
<line>des victimes des catastrophes naturelles modifiée par la loi n° 87.565 du</line>
<line>22 juillet 1987 relative à l'organisation de la Sécurité Civile,à la protec¬</line>
<line>tion de la Forêt contre l'Incendie et à la prévention des risques majeurs ;</line></par>
<par>
<line>VU le décret n° 93.351 du 15 mars 1993 relatif à l'élaboration des</line>
<line>plans d'exposition aux risques naturels prévisibles et abrogeant le décret</line>
<line>n° 84.328 du 3 mai 1984 ;</line></par>
<par>
<line>VU la délibération du 3 Novembre 1985 du Conseil Municipal de la</line>
<line>commune de BOUSSIERESprise avant la prescription du P.E.R. ;</line></par>
<par>
<line>VU l'arrêté préfectoral du 25 novembre 1994 rendant public le Plan'</line>
<line>d'Exposition aux Risques Naturels de la commune de BOUSSIERES-SUR-SAMBRE</line>
<line>et prescrivant l'ouverture d'une enquête publique sur les dispositions du</line>
<line>projet ci-dessus visé ;</line></par>
<par>
<line>Vu les documents constatant l'accomplissement des formalités de</line>
<line>publication et d'affichage de cette décision ;</line></par>
<par>
<line>Vu le procès-verbal de l'enquête publique à laquelle il a été</line>
<line>procédé du 9 janvier 1995 au 9 février 1995 et l'avis du</line></par>
<par>
<line>Commissaire Enquêteur ;</line></par>
<par>
<line>Vu la délibération du Conseil Municipal de BOUSSIERES-SUR-SAMBRE</line>
<line>prise après publication du plan ;</line></par>
<par>
<line>SUR proposition du Chef du Service Interministériel Régional des</line>
<line>Affaires Civiles et Economiques de Défense et de la Protection Civile ;</line></par>
</text>
</block>
<block><region><rect/></region>
<text>
<par/>
</text>
</block>
<block><region><rect/></region>
<text>
<par>
<line>REPUBLIQUE FRANÇAISE</line>
<line>Liberté Égalité Fmtemité -</line>
<line>- 2 -</line></par>
</text>
</block>







</page>
<page width="1674" height="2353" resolution="200">
<block><region><rect/></region>
<text>
<par>
<line>- 2 -</line></par>
</text>
</block>
<block><region><rect/></region>
<text>
<par>
<line>ARTICLE 1ER : Est approuvé tel qu*il est annexé au présent arrêté, le Plan</line>
<line>d* Exposition aux Risques Naturels prévisiblès de la commune de BOUSSIERES-SUR-SAMBRE</line></par>
</text>
</block>
<block><region><rect/></region>
<text>
<par>
<line>ARTICLE 2 ; Le Plan d'Exposition aux Risques Naturels de BOUSSlERES-SUR-SAMBRE</line>
<line>comprend :</line></par>
<par>
<line>1) un rapport de présentation</line></par>
<par>
<line>2) des plans ê l'échelle 1/5 OOOème</line></par>
<par>
<line>3) un règlement</line></par>
<par>
<line>ARTICLE 3 : Il est tenu à la disposition du public aux jours et heures</line></par>
<par>
<line>habituels d'ouverture des bureaux :</line></par>
<par>
<line>1) à la Mairie de BOUSSIERES-SUR-SAMBRE</line></par>
<par>
<line>2) dans les services de la Préfecture - SIR.ACED.PC.</line></par>
<par>
<line>54, rue Jean Sans Peur è LILLE</line></par>
<par>
<line>3) au service des Voies Navigables</line></par>
<par>
<line>37, rue du Plat - 59034 LILLE CEDEX</line></par>
<par>
<line>4) à la Direction Départementale de l'Equipement</line>
<line>44, rue de Tournai à LILLE</line></par>
<par>
<line>5) a la Sous-Préfecture d'AVESNES-SUR-HELPE</line></par>
</text>
</block>
<block><region><rect/></region>
<text>
<par>
<line>ARTICLE 4 : Le présent arrêté sera publié au recueil des actes administratifs</line>
<line>et mention en sera faite en caractères apparents dans les deux journaux ci-</line>
<line>après désignés : LA VOIX OU NORD et L'OBSERVATEUR.</line></par>
<par>
<line>ARTICLE 5 ; Cet avis sera affiché notamment en Mairie de BOUSSIERES-SUR-SAMBRE</line>
<line>et porté ê la connaissance du public par tout autre procédé en usage dans la</line>
<line>commune de BOUSSIERES-SUR-SAMBRE ; les mesures de publicité seront</line>
<line>justifiées par un certificat du Maire et un exemplaire des journaux sera</line>
<line>annexé au dossier principal.</line></par>
</text>
</block>
<block><region><rect/></region>
<text>
<par/>
</text>
</block>





</page>
<page width="1653" height="2338" resolution="200">
<block><region><rect/></region>
<text>
<par>
<line>ARTICLE 6</line></par>
</text>
</block>
<block><region><rect/></region>
<text>
<par>
<line>- 3 -</line></par>
</text>
<text>
<par>
<line>: Ampliation du présent arrêté sera adressée :</line></par>
<par>
<line>1) au Maire de la commune de BOUSSIERES-SUR-SAMBRE</line></par>
<par>
<line>2) au Délégué aux Risques Majeurs</line></par>
<par>
<line>3) à M. le Secrétaire Général de la Préfecture</line></par>
<par>
<line>4) à M. le Sous-Préfet d’AVESNES-SUR-HELPE</line></par>
<par>
<line>5) à M. le Directeur Départemental de l'Equipement</line></par>
<par>
<line>6) à M. le Directeur Régional de l'Environnement.</line></par>
</text>
</block>
<block><region><rect/></region>
<text>
<par>
<line>Pour ampliation</line>
<line>Pour le Préf^,</line></par>
<par>
<line>Le Directeur du SIrAcEIIPC.</line></par>
</text>
</block>
<block><region><rect/></region>
<text>
<par>
<line>FAIT A LILLE, LE</line></par>
</text>
</block>
<block><region><rect/></region>
<text>
<par>
<line>1 ^ S£K 1995</line></par>
</text>
</block>



</page>
</PM1>