<?xml version="1.0" encoding="UTF-8"?><PM1>
<page width="1672" height="2348" resolution="200">
<block><region><rect/></region>
<text>
<par>
<line>Liberté • Egalité * Fraternité</line></par>
<par>
<line>RÉPUBLIQ.UE Française</line>
<line>PREFECTURE DU GERS</line></par>
</text>
</block>
<block><region><rect/></region>
<text>
<par>
<line>CABINET DU PREFET</line></par>
<par>
<line>SERVICE DE SECURITE INTERIEURE</line>
<line>Unité Défense et sécurité civile</line></par>
<par>
<line>N° - OOùZ</line></par>
<par>
<line>ARRETE PORTANT APPROBATION DU PLAN DE PREVENTION</line>
<line>DES RISQUES NATURELS PREVISIBLES</line>
<line>« RISQUE INONDATION »</line></par>
<par>
<line>Commune de RISCLE</line></par>
<par>
<line>Le Préfet du Gers,</line></par>
</text>
</block>
<block><region><rect/></region>
<text>
<par>
<line>VU la loi n° 2006-1772 du 30 décembre 2006 sur l’eau et les milieux aquatiques ;</line></par>
<par>
<line>VU la loi n° 95-101 du 2 février 1995 relative au renforcement de la protection de l’environnement ;</line></par>
<par>
<line>VU la loi n® 2003-699 du 30 juillet 2003 relative à la prévention des risques technologiques et naturels et à la</line>
<line>réparation des dommages ;</line></par>
<par>
<line>VU la loi n° 2004-811 du 13 août 2004 de modernisation de la sécurité civile ;</line></par>
<par>
<line>VU le décret n° 95-1089 du 5 octobre 1995 relatif à l’élaboration des plans de prévention des risques naturels</line>
<line>prévisibles et des circulaires ministérielles prises pour son application (prise en compte des Plus Hautes</line>
<line>Eaux Connues -P.H.E.C.) ;</line></par>
<par>
<line>VU le décret n® 2005-134 du 15 février 2005 relatif à l’information des acquéreurs et des locataires de biens</line>
<line>immobiliers sur les risques naturels et technologiques majeurs ;</line></par>
<par>
<line>VU le décret n° 2005-1156 du 13 septembre 2005, notamment l’article 8, relatif au plan communal de</line>
<line>sauvegarde, pris pour l’application de l’article 13 de la loi n° 2004-811 du 13 août 2004 de modernisation</line>
<line>de la sécurité civile ;</line></par>
<par>
<line>VU le décret du 02 novembre 1960 portant approbation des Plans des Surfaces Submersibles de la vallée de la</line>
<line>rivière l’Adour dans le département du Gers et englobant les communes de Tieste-Uragnoux, Ju-Belloc,</line>
<line>Préchac/Adour, Goux, Galiax, Tasque, Cahuzac/Adour, Izotges, Termes d’Armagnac, Riscle, Sarragachies,</line>
<line>Maulichères, Tarsac, Caumont, Saint-Germé, Saint-Mont, Comeillan, Barcelonne du Gers, Gee-Rivière et</line>
<line>Bemède,</line></par>
<par>
<line>VU le décret du 02 novembre 1960 déterminant les dispositions techniques applicables dans les parties</line>
<line>submersibles de la vallée de la rivière Adour dans le département du Gers</line></par>
<par>
<line>VU les arrêtés du 5 septembre 2000 du ministère de l’économie, des finances et de l’industrie portant</line>
<line>modification des articles A. 125-1, A 125-2 et création de l’article A 125-3 du code des assurances ;</line></par>
<par>
<line>VU les dispositions du Code Civil ;</line></par>
<par>
<line>VU la circulaire interministérielle du 24 novembre 2000 relative aux arrêtés du 5 septembre 2000, renforçait le</line>
<line>lien entre l’indemnisation des dommages résultant des catastrophes naturelles et les mesures de prévention</line>
<line>de ces risques ;</line></par>
<par>
<line>VU l’arrêté préfectoral du 16 avril 2010 prescrivant l’établissement d’un Plan de Prévention des Risques</line>
<line>Naturels prévisibles sur la commune de Riscle, pour le risque inondation ;</line></par>
<par>
<line>VU l’avis de la Chambre d’Agriculture du Gers en date du 27 février 2012 relatif aux exploitations agricoles ;</line></par>
<par>
<line>VU les avis du conseil municipal de Riscle, en date du 14 février 2012 et du 21 mars 2013;</line></par>
<par>
<line>VU l’avis du Centre Régional de la Propriété Forestière de Midi-Pyrénées en date du 23 février 2012 ;</line></par>
<par>
<line>VU l’arrêté préfectoral du 11 février 2013 prescrivant, du 04 mars 2013 au 04 avril 2013 inclus, la mise à</line>
<line>l’enquête publique du projet du Plan de Prévention des Risques Naturels prévisibles sur la commune de</line>
<line>Riscle, pour le risque inondation ;</line></par>
<par>
<line>VU l’avis favorable du commissaire enquêteur en date du 26 avril 2013, assorti de recommandation s;</line></par>
<par>
<line>SUR proposition de Monsieur le Secrétaire Général du Gers ;</line></par>
</text>
</block>


</page>
<page width="1669" height="2345" resolution="200">
<block><region><rect/></region>
<text>
<par>
<line>ARRÊTE</line></par>
</text>
</block>
<block><region><rect/></region>
<text>
<par>
<line>Article 1^ -Le Plan de Prévention des Risques Naturels Inondation (P.P.R.I.) prévisibles de la commune de</line>
<line>Riscle, annexé au présent arrêté, est approuvé.</line></par>
<par>
<line>Ce P.P.R.I. approuvé vaut servitude d’utilité publique et doit être annexé au document d’urbanisme</line>
<line>de la commune de Riscle.</line></par>
<par>
<line>Le décret du 2 novembre 1960 portant approbation des Plans des Surfaces Submersibles de la vallée</line>
<line>de la rivière l’Adour et le décret du 2 novembre 1960 déterminant les dispositions techniques applicables dans</line>
<line>les parties submersibles de la vallée de la rivière Adour, dans le département du Gers, sont abrogés sur le</line>
<line>territoire de la commxme de Riscle.</line></par>
<par>
<line>Article 2. - Il appartiendra à la commune de Riscle de réaliser un Plan Communal de Sauvegarde dans un délai</line>
<line>de 2 ans à compter de la date d’approbation du présent arrêté.</line></par>
<par>
<line>Article 3. - Mention de l’arrêté sera publiée dans deux journaux locaux par la Préfecture du Gers :</line>
<line>la Dépêche du Midi ;</line>
<line>le Sud-Ouest.</line></par>
<par>
<line>Article 4 Copie du présent arrêté, accompagnée du Plan de Prévention des Risques Naturels prévisibles, sera</line>
<line>adressée :</line></par>
<par>
<line>à Monsieur le maire de Riscle qui en assurera l’affichage en mairie ;</line>
<line>à Monsieur le Directeur Départemental des Territoires ;</line></par>
<par>
<line>Article 5. - Le présent arrêté, ainsi que les documents qui lui sont annexés, seront tenus à la disposition du</line>
<line>public :</line></par>
<par>
<line>en mairie de Riscle;</line></par>
<par>
<line>à la Préfecture du Gers, Service de Sécurité Intérieure, Unité de Défense et de Sécurité</line>
<line>Civiles (SSI/UDSC)</line></par>
</text>
</block>
<block><region><rect/></region>
<text>
<par>
<line>Article 6. -</line></par>
<par>
<line>Monsieur le Secrétaire Général de la Préfecture du Gers, Sous-Préfet de l’arrondissement d’Auch,</line></par>
<par>
<line>Monsieur le Sous-préfet de l’arrondissement de Mirande,</line></par>
<par>
<line>Monsieur le Maire de Riscle,</line></par>
<par>
<line>Monsieur le Directeur Départemental des Territoires,</line></par>
<par>
<line>sont chargés, chacun en ce qui le concerne, de l’exécution du présent arrêté qui sera publié au recueil des actes</line>
<line>administratifs des services de l’Etat.</line></par>
</text>
</block>
<block><region><rect/></region>
<text>
<par>
<line>FaitàAuch, le O 8 JUIN 2013</line></par>
</text>
</block>
<block><region><rect/></region>
<text>
<par>
<line>Le Préfet,</line></par>
</text>
</block>
<block><region><rect/><rect/><rect/><rect/><rect/></region>
<text>
<par>
<line>j-'H (/</line></par>
<par>
<line>Jean- vlarc SABATHE</line></par>
</text>
</block>







</page>
</PM1>