<?xml version="1.0" encoding="UTF-8"?><PM1>
<page width="1664" height="2368" resolution="200">
<block><region><rect/></region>
<text>
<par>
<line>Liberté • Égûlilé • Fraumhé</line></par>
<par>
<line>REPUBLIQUE Française</line></par>
</text>
</block>
<block><region><rect/></region>
<text>
<par>
<line>PREFECTURE DE L’INDRE</line></par>
</text>
</block>
<block><region><rect/></region>
<text>
<par>
<line>DIRECTION DEPARTEMENTALE</line>
<line>DE L’EQUIPEMENT DE L’INDRE</line>
<line>SERVICE ENVIRONNEMENT URBANISME</line>
<line>REGLEMENTAIRE ET HABITAT/SEURH/BEH</line>
<line>Affaire suivie par ; Maryse MAUBANT</line>
<line>e-mail : maryse.maubam@equipement.gouv.ff</line>
<line>Téléphone : 02 54 53 20 90</line>
<line>Télécopie : 02 54 53 2190</line></par>
</text>
</block>
<block><region><rect/></region>
<text>
<par>
<line>ARRETE N° 2008-05-0182 en date du 23 mai 2008</line></par>
</text>
</block>
<block><region><rect/></region>
<text>
<par>
<line>Portant approbation de l'établissement d'un Plan de Prévention du risque « mouvements de terrain</line>
<line>différentiels liés à la sécheresse et à la réhydratation des sols » sur les communes de : Anjouin,</line>
<line>Bagneux, Baudres, Bouges-le-Château, Chabris, Châtillon-sur-Indre, Cléré-du-Bois, Clion, Dun-le-</line>
<line>Poëlîer, Ecueillé, Faverolles, Fontguenand, Frédille, Géhée, Heugnes, Jeu-Maloches, La Vernelle,</line>
<line>Langé, Le Tranger, Levroux, Luçay-le-Mâle, Lye, Menetou-sur-Nahon, Moulin-sur-Céphons, Murs,</line>
<line>Orville, Palluau-sur-Indre, Parpeçay, Pellevoisin, Poulaines, Préaux, Rouvres-les-Bois, Saint-</line>
<line>Christophe-en-Bazelle, Sainte-Cécile, Saint-Martin-de-Lamps, Sembleçay, Valençay, Varennes-sur-</line>
<line>Fouzon, Veuil, Vicq-sur-Nahon, Villegongis, Villegoin et Villiers.</line></par>
</text>
</block>
<block><region><rect/></region>
<text>
<par>
<line>LE PREFET,</line></par>
<par>
<line>Chevalier de l’Ordre National du Mérite,</line></par>
<par>
<line>VU le code de l'environnement ;</line></par>
<par>
<line>VU le code de l'urbanisme ;</line></par>
<par>
<line>Vu la loi n° 2004-811 du 13 août 2004 de modeniisation de la sécurité civile ;</line></par>
<par>
<line>Vu le décret n°95-1089 du 5 octobre 1995 modifié, relatif aux plans de prévention des risques naturels</line>
<line>prévisibles et notamment son article 7 ;</line></par>
<par>
<line>VU l'arrêté préfectoral n° E-2001-1600 du 18 juin 2001 prescrivant l'établissement d'un plan de prévention</line>
<line>du risque « mouvements de terrain différentiels liés à la sécheresse et à la réhydratation des sols » sur les</line>
<line>communes de : Anjouin, Bagneux, Baudres, Bouges-le-Château, Chabris, Châtillon-sur-Indre, Cléré-du-</line>
<line>Bois, Clion, Dun-le-Poëlier, Ecueillé, Faverolles, Fontguenand, Frédille, Géhée, Heugnes, Jeu-Maloches, La</line>
<line>Vernelle, Langé, Levroux, Luçay-le-Mâle, Lye, Menetou-sur-Nahon, Moulin-sur-Céphons, Orville, Palluau-</line>
<line>sur-Indre, Parpeçay, Pellevoisin, Poulaines, Préaux, Rouvres-les-Bois, Saint-Christophe-en-Bazelle, Sainte-</line>
<line>Cécile, Saint-Martin-de-Lamps, Sembleçay, Valençay, Vareimes-sur-Fouzon, Veuil, Vicq-sur-Nahon,</line>
<line>Villegongis, Villegoin et Villiers ;</line></par>
<par>
<line>Vu l'arrêté préfectoral n° 2003-E-62 du 13 janvier 200 rescrivant l'établissement d'un plan de prévention du</line>
<line>risque « mouvements de terrain différentiels liés à la sécheresse et à la réhydratation des sols » sur les</line>
<line>communes de : Le Tranger et Murs ;</line></par>
<par>
<line>Vu l'avis de la Direction Régionale de l'Environnement en date du 24 mai 2006 ;</line></par>
</text>
</block>
<block><region><rect/></region>
<text>
<par>
<line>PLACE DELA VICTOIRE ET DES ALLIES - B.P. 5JI3 - 3601^ CHATEAUROUX CEDEX - TÉLÉPHONE ; 02 54 29 50 00 - TÉLÉCOPIE : 02 54 34 10 08</line></par>
<par>
<line>siie Inicnici : www.indre.pref.gQUV.fr</line></par>
</text>
</block>


</page>
<page width="1664" height="2368" resolution="200">
<block><region><rect/></region>
<text>
<par>
<line>Vu l'avis de la Direction Régionale de l'Industrie, de la Recherche et de l'Environnement du Centre en date</line>
<line>du 29 mai 2006 ;</line></par>
<par>
<line>Vu l'avis du Service Départemental de l'Architecture et du Patrimoine en date du 28 avril 2006 ;</line></par>
<par>
<line>Vu l'avis du Service Interministériel de Défense et de Protection Civiles en date du 23 mai 2006 ;</line></par>
<par>
<line>Vu la délibération du conseil municipal de Anjouin en date du 27 juin 2006 ;</line></par>
<par>
<line>Vu la délibération du conseil municipal de Bagneux en date du 9 mai 2006 ;</line></par>
<par>
<line>Vu la délibération du conseil municipal de Baudres en date du 23 juin 2006 ;</line></par>
<par>
<line>Vu la délibération du conseil municipal de Bouges Le Château en date du 13 mai 2006 ;</line></par>
<par>
<line>Vu la délibération du conseil municipal de Chabris en date du 6 juin 2006 ;</line></par>
<par>
<line>Vu la délibération du conseil municipal de Chatillon-sur-Indre en date du 18 mai 2006 ;</line></par>
<par>
<line>Vu la délibération du conseil municipal de Cléré-du-Bois en date du 14 juin 2006 ;</line></par>
<par>
<line>Vu la délibération du conseil municipal de Clion sur Indre en date du 6 juin 2006 ;</line></par>
<par>
<line>Vu la délibération du conseil municipal de Dun Le Poelier en date du 19 juin 2006 ;</line></par>
<par>
<line>Vu la délibération du conseil municipal d'Ecueille en date du 24 juin 2006 ;</line></par>
<par>
<line>Vu la délibération du conseil municipal de Faverolles en date du 19 juin 2006 ;</line></par>
<par>
<line>Vu la délibération du conseil municipal de Fontguenand en date du 22 juin 2006 ;</line></par>
<par>
<line>Vu la délibération du conseil municipal de Freddie en date du 22 juin 2006 ;</line></par>
<par>
<line>Vu la délibération du conseil murdcipal de Gehee en date du 18 mai 2006 ;</line></par>
<par>
<line>Vu la délibération du conseil municipal de Heugnes en date du 28 avril 2006 ;</line></par>
<par>
<line>Vu la délibération du conseil municipal de Jeu-Maloches en date du 17 juin 2006 ;</line></par>
<par>
<line>Vu la délibération du conseil municipal de Lange en date du 7 septembre 2007 ;</line></par>
<par>
<line>Vu la délibération du conseil municipal de La Vemelle en date 22 octobre 2007 ;</line></par>
<par>
<line>Vu la délibération du conseil municipal de Le Franger en date 12 mai 2006 ;</line></par>
<par>
<line>Vu la délibération du conseil municipal de Levroux en date 4 mai 2006 ;</line></par>
<par>
<line>Vu la délibération du conseil municipal de Lucay le Male en date 2 mai 2006 ;</line></par>
<par>
<line>Vu la délibération du conseil municipal de Lye en date 9 mai 2006 ;</line></par>
<par>
<line>Vu la délibération du conseil municipal de Menetou sur Nahon en date 25 septembre 2007 ;</line></par>
<par>
<line>Vu la délibération du conseil municipal de Moulin sur Céphon en date 9 juin 2006 ;</line></par>
</text>
</block>
<block><region><rect/></region>
<text>
<par>
<line>Arrêté n° 2008-û5-0A22 en date du 3 Orne:-.</line></par>
</text>
</block>
</page>
<page width="1693" height="2388" resolution="200">
<block><region><rect/></region>
<text>
<par>
<line>Vu la délibération du conseil municipal de Murs en date du 2 juin 2006 ;</line></par>
<par>
<line>Vu la délibération du conseil municipal d’Orville en date 16 juin 2006 ;</line></par>
<par>
<line>Vu la délibération du conseil municipal de Palluau-sur-Indre en date 1 juin 2006 ;</line></par>
<par>
<line>Vu la délibération du conseil municipal de Parpecay en date 2 juin 2006 ;</line></par>
<par>
<line>Vu la délibération du conseil municipal de Pellevoisin en date 25 mai 2006 ;</line></par>
<par>
<line>Vu la délibération du conseil municipal de Poulaines en date 22 mai 2006 ;</line></par>
<par>
<line>Vu la délibération du conseil municipal de Préaux 26 juin 2006 ;</line></par>
<par>
<line>Vu la délibération du conseil municipal de Rouvres- les- Bois en date 17 juin 2006 ;</line></par>
<par>
<line>Vu la délibération du conseil municipal de Saint-Christophe-en-Bazelle en date 23 juin 2006 ;</line></par>
<par>
<line>Vu la délibération du conseil municipal de Saint-Martin-de-Lamps en date 23 mai 2006 ;</line></par>
<par>
<line>Vu la délibération du conseil municipal de Sainte-Cécile en date 15 mai 2006 ;</line></par>
<par>
<line>Vu la délibération du conseil municipal de Sembleçay en date 15 juin 2006 ;</line></par>
<par>
<line>Vu la délibération du conseil municipal de Valençay en date 14 juin 2006 ;</line></par>
<par>
<line>Vu la délibération du conseil municipal de Varennes sur Fouzon en date 15 mai 2006 ;</line></par>
<par>
<line>Vu la délibération du conseil municipal de Veuil en date 27 juin 2006 ;</line></par>
<par>
<line>Vu la délibération du conseil municipal de Vicq sur Nahon en date 24 mai 2006 ;</line></par>
<par>
<line>Vu la délibération du conseil municipal de Villiers en date 21 juin 2006 ;</line></par>
<par>
<line>Vu la délibération du conseil municipal de Villegongis en date 12 juin 2006 ;</line></par>
<par>
<line>Vu la délibération du conseil municipal de Villegouin en date 29 septembre 2006 ;</line></par>
<par>
<line>Vu le rapport et les conclusions motivées de la commission d'enquête en date du 26 février 2008 ;</line></par>
<par>
<line>Vu le rapport du Directeur Départemental de l'Equipement en date du 28 mars 2008 ;</line></par>
<par>
<line>Sur proposition de madame la directrice des services du cabinet et de la sécurité ;</line></par>
<par>
<line>ARRETE</line></par>
<par>
<line>ARTICLE 1^*^ : est approuvé, tel qu'il est annexé au présent arrêté le Plan de Prévention du risque</line>
<line>« mouvements de terrain différentiels liés à la sécheresse et à la réhydratation des sols » sur les communes</line>
<line>de:Anjouin, Bagneux, Baudres, Bouges-le-Château, Chabris, Châtillon-sur-Indre, Cléré-du-Bois, Clion,</line>
<line>Dun-le-Poëlier, Ecueillé, Faverolles, Fontguenand, Frédille, Géhée, Heugnes, Jeu-Maloches, La Veraelle,</line>
<line>Langé, Le Tranger, Levroux, Luçay-le-Mâle, Lye, Menetou-sur-Nahon, Moulin-sur-Céphons, Murs, Orville,</line>
<line>Palluau-sur-Indre, Parpeçay, Pellevoisin, Poulaines, Préaux, Rouvres-les-Bois, Saint-Christophe-en-Bazelle,</line>
<line>Sainte-Cécile, Saint-Martin-de-Lamps, Sembleçay, Valençay, Varennes-sur-Fouzon, Veuil, Vicq-sur-</line>
<line>Nahon, Villegongis, Villegoin et Villiers.</line></par>
<par>
<line>ARTICLE 2 : Madame la directrice des services du cabinet et de la sécurité, Monsieur le directeur</line>
<line>départemental de l'équipement. Mesdames et Messieurs les maires des communes de: Anjouin, Bagneux,</line></par>
</text>
</block>
<block><region><rect/></region>
<text>
<par>
<line>Arrêté n® 2008-cS-C'122 endatedu2.2ï crrvcu. .Zco'ï</line></par>
</text>
</block>


</page>
<page width="1664" height="2368" resolution="200">
<block><region><rect/></region>
<text>
<par>
<line>Baudres, Bouges-le-Château, Chabris, Châtillon-sur-Indre, Cléré-du-Bois, Clion, Dun-le-Poëlier, Ecueillé,</line>
<line>Faverolles, Fontguenand, Frédille, Géhée, Heugnes, Jeu-Maloches, La Veraelle, Langé, Le Tranger,</line>
<line>Levroux, Luçay-le-Mâle, Lye, Menetou-sur-Nahon, Moulin-sur-Céphons, Murs, Orville, Palluau-sur-Indre,</line>
<line>Parpeçay, Pellevoisin, Poulaines, Préaux, Rouvres-les-Bois, Saint-Christophe-en-Bazelle, Sainte-Cécile,</line>
<line>Saint-Martin-de-Lamps, Sembleçay, Valençay, Varennes-sur-Fouzon, Veuil, Vicq-sur-Nahon, Villegongis,</line>
<line>Villegoin et Villiers sont chargés chacun en ce qui les concerne, de l’exécution du présent arrêté qui sera</line>
<line>publié au recueil des actes administratifs de la préfecture de l'Indre.</line></par>
</text>
</block>
<block><region><rect/></region>
<text>
<par>
<line>Arrêté ii° 2008-CS- CA ST.en date du T- ^ owôj. -SooS</line></par>
</text>
</block>

</page>
</PM1>