<?xml version="1.0" encoding="UTF-8"?><PM1>
<page width="1689" height="2358" resolution="199">
<block><region><rect/></region>
<text>
<par>
<line>Lihntà • Égaim » jVartwritf</line></par>
<par>
<line>RipuBUQpB Française</line></par>
</text>
</block>
<block><region><rect/></region>
<text>
<par>
<line>PREFECTURE DE LA HAUTE-LOIRE</line></par>
<par>
<line>bELESATION INTERSERVICES POUR L'Eau</line></par>
</text>
</block>
<block><region><rect/></region>
<text>
<par>
<line>ARRApprobPPRIAuzonAS.DOC</line></par>
</text>
</block>
<block><region><rect/></region>
<text>
<par>
<line>ARRETE DIPE N" 2004/</line></par>
<par>
<line>portant approbation du Plan de Prévention du Risque Inondation (PPRi)</line>
<line>de l’Allter sur la commune d'AUZON</line></par>
</text>
</block>
<block><region><rect/></region>
<text>
<par>
<line>LE PREFET DE LA HAUTE-LOIRE,</line>
<line>Officier de l'Ordre National du Mérite</line></par>
</text>
</block>
<block><region><rect/></region>
<text>
<par>
<line>Vu le code de l'urbanisme ;</line></par>
<par>
<line>VU le code de la construction et de l’habitation ;</line></par>
<par>
<line>VU le code de {'environnement -partie législative, livre V titre VI, article L 562.1 et suivants ;</line></par>
<par>
<line>VU la loi n° 87.565 du 22 juillet 1987 relative à l’organisation de la sécurité civile, à la protection de la forêt</line>
<line>contre l’incendie et la prévention des risques majeurs ;</line></par>
<par>
<line>VU le décret n“ 90.918 du 11 octobre 1990 relatif à l’exercice du droit à l'information sur les risques majeurs ;</line></par>
<par>
<line>VU le décret n'’ 95.1089 du 5 octobre 1995 relatif aux plans de prévention des risques naturels prévisibles ;</line></par>
<par>
<line>VU l’arrêté préfectoral n° D2-B1-2001/94 du 9 mars 2001 prescrivant l’établissement d’un pian de prévention</line>
<line>du risque inondation (PPRl) de l'Ailier sur la commune d'AUZON ;</line></par>
<par>
<line>VU l’arrêté préfectoral n° D2-B1-2001/85 du 8 mars 2001 portant nomination du délégué interservices pour</line>
<line>l’eau ;</line></par>
<par>
<line>VU la délibération du conseil municipal d’AUZON du 18 juillet 2003 émettant un avis favorable sur le projet de</line>
<line>plan de prévention du risque inondation ;</line></par>
<par>
<line>VU l’avis favorable sous réserves émis le 7 juillet 2003 par la chambre d’agriculture de la Haute-Loire ;</line></par>
<par>
<line>VU l’arrêté préfectoral n° D2-B1-2003/31 du 14 octobre 2003 prescrivant l’enquête publique relative au projet</line>
<line>d’établissement d’un PPRl de l’Allier sur la commune d'AUZON ;</line></par>
<par>
<line>VU le rapport du commissaire-enquêteur en date du 19 décembre 2003 émettant un avis favorable sur le</line>
<line>projet de plan de prévention du risque inondation ;</line></par>
<par>
<line>CONSIDERANT que les résultats de ladite enquête ne nécessitent aucune modification des pièces</line>
<line>réglementaires sur le projet de plan de prévention du risque inondation ;</line></par>
<par>
<line>SUR proposition du directeur départemental de l'équipement ;</line></par>
<par>
<line>ARRETE;</line></par>
</text>
</block>
<block><region><rect/></region>
<text>
<par>
<line>ARTICLE 1er^ Est approuvé, tel qu’il est présenté annexé au présent arrêté, le plan de prévention du risque</line>
<line>inondation (PPRl) de l’Ailier, sur la commune d'AUZON.</line></par>
</text>
</block>
<block><region><rect/></region>
<text>
<par>
<line>ARTICLE 2 - Le présent arrêté fera l’objet d’une mention au recueil des actes administratifs de la préfecture</line>
<line>ainsi que dans deux journaux locaux ou régionaux diffusés dans le département.</line></par>
</text>
</block>


















</page>
<page width="1645" height="2327" resolution="199">
<block><region><rect/></region>
<text>
<par>
<line>ARTICLE 3 - Une copie du présent arrêté sera affichée en mairie d'AUZON pendant une durée de 1 mois.</line></par>
<par>
<line>ARTICLE 4 - Le plan de prévention du risque inondation (PPRi) sera tenu à ia disposition du public :</line>
<line>à la préfecture de la Haute-Loire</line>
<line>à la sous-préfecture de Brioude</line></par>
<par>
<line>- à ia direction départementale de l’équipement de la Haute-Loire</line></par>
<par>
<line>- à la mairie d'AUZON.</line></par>
<par>
<line>ARTICLE 5 - Le présent arrêté sera notifié à :</line></par>
<par>
<line>- M. le maire d'AUZON</line></par>
<par>
<line>- M. le sous-préfet de Brioude</line></par>
<par>
<line>M. le directeur départemental de l’équipement</line></par>
<par>
<line>M. le directeur départemental de l’agriculture et de la forêt.</line></par>
<par>
<line>Mme la ministre de l’écologie et du développement durable</line></par>
<par>
<line>- M. le directeur régional de l’environnement d’Auvergne.</line></par>
<par>
<line>ARTICLE 6 - Le présent PPRI valant servitude d’utilité publique, sera annexé au document d'urbanisme</line>
<line>éventuel de la commune qui sera mis à jour, conformément aux dispositions prévues à l’article R 126.2 du</line>
<line>code de l’urbanisme.</line></par>
<par>
<line>ARTICLE 7 - Le délégué interservices pour l'eau, ie secrétaire général de la préfecture de la Haute-loire, le</line>
<line>directeur des services du cabinet, le directeur départemental de l’équipement et ie maire d’AUZON sont</line>
<line>chargés de l’exécution du présent arrêté.</line></par>
</text>
</block>
<block><region><rect/></region>
<text>
<par>
<line>Au PUY-EN-VELAY, le</line></par>
</text>
</block>
<block><region><rect/></region>
<text>
<par>
<line>Pour le Préfet par délégation,</line>
<line>le SouS' Préfet,</line></par>
<par>
<line>Délégué Interaer Mces Pour l'Eau</line></par>
</text>
</block>
<block><region><rect/></region>
<text>
<par>
<line>9/9</line></par>
</text>
</block>












</page>
</PM1>