<?xml version="1.0" encoding="UTF-8"?><PM1>
<page width="2503" height="3523" resolution="300">
<block><region><rect/><rect/></region>
<text>
<par>
<line>Libellé » Égalité « Fraternié</line>
<line>RÉPUBLIQUE FRANÇAISE</line></par>
</text>
</block>
<block><region><rect/></region>
<text>
<par>
<line>PRÉFET DE LA DRÔME</line></par>
</text>
</block>
<block><region><rect/></region>
<text>
<par>
<line>Valence, le 2 5 JAI.</line></par>
</text>
</block>
<block><region><rect/></region>
<text>
<par>
<line>Direction des Territoires</line></par>
<par>
<line>Service Aménagement du Territoire et des Risques</line>
<line>Pôle Prévention des Risques</line>
<line>Affaire suivie par :</line></par>
<par>
<line>Alain BRECHET</line>
<line>Tél. :04 81 66 81 24</line>
<line>courriel : alain.brechet@drome.gouv.fr</line></par>
<par>
<line>Préfecture</line></par>
<par>
<line>Direction des collectivités</line>
<line>et de l'utilité publique</line>
<line>Bureau des enquêtes publiques</line>
<line>Affaire suivie par :</line></par>
<par>
<line>Lucette MANGUIN</line>
<line>Tel.; 04.75.79.28.71</line>
<line>Fax : 04 75 79 28.55</line>
<line>E-mail: lucette.manguin@drome.gouv.fr</line></par>
</text>
</block>
<block><region><rect/></region>
<text>
<par>
<line>Arrêtén° 3.0^^ ^ ooO^</line></par>
<par>
<line>portant approbation du Plan de Prévention des Risques naturels-inondations prévisibles sur la</line></par>
<par>
<line>commune de SERVES-SUR-RHÔNE</line></par>
</text>
</block>
<block><region><rect/></region>
<text>
<par>
<line>Le Préfet de la Drôme,</line>
<line>Chevalier de la Légion d'Honneur,</line>
<line>Officier de l'Ordre National du Mérite</line></par>
</text>
</block>
<block><region><rect/></region>
<text>
<par>
<line>VU le Code de l’Environnement et notamment ses articles L562-1 à L562-9 et R562-1 à R562-12 ;</line></par>
<par>
<line>VU le code de l'urbanisme ;</line></par>
<par>
<line>VU la loi n° 2004.811 du 13 août 2004 modifiée, de modernisation de la sécurité civile ;</line></par>
<par>
<line>VU le décret n° 2004-374 du 29 avril 2004 modifié, relatif aux pouvoirs des Préfets, à l’organisation et à</line>
<line>l'action des services de l'État dans les régions et départements ;</line></par>
<par>
<line>VU la circulaire du 24 janvier 1994 relative à la prévention des inondations et à la gestion des zones</line>
<line>inondables ;</line></par>
<par>
<line>VU la circulaire du 24 avril 1996 relative aux dispositions applicables au bâti et ouvrages existants en zones</line>
<line>inondables ;</line></par>
<par>
<line>VU la circulaire du 30 avril 2002 relative à la politique de l'État en matière de risques naturels prévisibles et</line>
<line>de gestion des espaces situés derrière les digues de protection contre les inondations et les submersions</line>
<line>marines ;</line></par>
<par>
<line>VU la circulaire du 21 janvier 2004 relative à la maîtrise de Turbanisme et de l'adaptation des constructions en</line>
<line>zone inondable ;</line></par>
</text>
</block>
<block><region><rect/></region>
<text>
<par>
<line>3, boulevard Vauban - 26030 VALENCE cedex 9 - Téléphone : 04 75 79 28 00</line>
<line>Site Internet de l’État en Drôme : http://www.drome. gouv.fr/</line></par>
</text>
</block>


</page>
<page width="2552" height="3557" resolution="300">
<block><region><rect/></region>
<text>
<par>
<line>vu l'arrêté préfectoral n°09-1485 du 23 avril 2009 prescrivant l'élaboration du Plan de Prévention des Risques</line>
<line>naturels inondation de la commune de SERVES-SIJÎr.-RHÔNE ;</line></par>
<par>
<line>VU l'arrêté préfectoral n°2012012-0001 du 12 janvier 2012 prescrivant l'ouverture d'une enquête publique sur</line>
<line>le projet de Plan de Prévention des Risques naturels inondation de la commune de SERVES-SUR-RHÔÎÆ ;</line></par>
<par>
<line>VU l'avis du conseil municipal de SERVES-SUR-RHÔNE du 29 septembre 2011,</line></par>
<par>
<line>VU l'avis du centre régional de la propriété forestière Rhône-Alpes du 27 septembre 2011,</line></par>
<par>
<line>VU l'avis du service départemental d'incendie et de secours du 17 août 2011,</line></par>
<par>
<line>VU l'avis de la direction régionale de l'environnement, de l'aménagement et du logement de Rhône-Alpes du</line>
<line>25 octobre 2011, parvenu en préfecture le 2 novembre 2011 ;</line></par>
<par>
<line>VU l'avis de la chambre d'agriculture du 27 octobre 2011, parvenu en préfecture le 2 novembre 2011 ;</line></par>
<par>
<line>VU le bilan de la consultation des services et de la concertation avec le public annexé au dossier d'enquête</line>
<line>publique ;</line></par>
<par>
<line>VU le rapport et les conclusions du commissaire enquêteur du 20 avril 2012;</line></par>
<par>
<line>VU le rapport d'analyse de janvier 2013 de la direction départementale des territoires en réponse à une réserve</line>
<line>et une recommandation du commissaire enquêteur, (rapport à M. le Préfet de la Drôme : analyse de l'enquête</line>
<line>publique, propositions de suite à donner) ;</line></par>
<par>
<line>Considérant que les avis exprimés avant et lors de l'enquête publique ne remettent pas en cause le contenu du</line>
<line>plan élaboré et que les modifications apportées au règlement ne remettent pas en cause l'économie générale du</line>
<line>projet.</line></par>
<par>
<line>Considérant dès lors :</line></par>
<par>
<line>• que le plan de prévention des risques inondations de la commune de SERVES-SUR-RHÔNE est</line>
<line>conforme aux objectifs de préservation des vies humaines et de réduction de la vulnérabilité des personnes et</line>
<line>des biens,</line></par>
<par>
<line>• que le règlement contient des mesures de prévention et de sauvegarde conformes à la doctrine</line>
<line>nationale exprimée dans les circulaires sus-visées,</line></par>
<par>
<line>• que rien ne s'oppose à sa mise en oeuvre ;</line></par>
<par>
<line>Sur la proposition de Monsieur le Directeur de Cabinet de la préfecture de la Drôme ;</line></par>
<par>
<line>ARRETE</line></par>
</text>
</block>
<block><region><rect/></region>
<text>
<par>
<line>Article 1er :</line></par>
<par>
<line>Le Plan de Prévention des Risques naturels inondation prévisibles de la commune de SERVES-SUR-RHÔNE</line>
<line>est approuvé.</line></par>
</text>
</block>
<block><region><rect/></region>
<text>
<par>
<line>Article 2</line></par>
<par>
<line>Le Plan de Prévention des Risques naturels inondation prévisibles comprend les pièces suivantes ci-aimexées :</line></par>
<par>
<line>• la note de présentation</line></par>
<par>
<line>• la carte de zonage réglementaire</line></par>
<par>
<line>• le règlement.</line></par>
<par>
<line>Sont également annexées, à titre d'information :</line></par>
<par>
<line>• les pièces graphiques complémentaires (carte des aléas et carte des enjeux).</line></par>
</text>
</block>
<block><region><rect/></region>
<text>
<par>
<line>2/3</line></par>
</text>
</block>


</page>
<page width="2503" height="3523" resolution="300">
<block><region><rect/></region>
<text>
<par>
<line>Article 3</line></par>
<par>
<line>Le Plan de Prévention des Risques naturels inondation prévisibles de la commune de SERVES-SUR-RHÔNE</line>
<line>est tenu à la disposition du public aux jours et heures ouvrables à la mairie de SERVES-SUR-RHÔNE ainsi</line>
<line>qu'en Préfecture de la Drôme (bureau des Enquêtes Publiques).</line></par>
</text>
</block>
<block><region><rect/></region>
<text>
<par>
<line>Article 4</line></par>
<par>
<line>Le présent eurêté sera publié au Recueil des Actes Administratifs de la Préfecture et mention en sera faite dans</line>
<line>un journal diffusé dans le département.</line></par>
<par>
<line>L'arrêté sera également affiché pendant un mois au minimum à la mairie de SERVES-SUR-RHÔNE et porté à</line>
<line>la connaissance du public par tout autre procédé en usage dans la commune.</line></par>
<par>
<line>Un certificat du maire justifiera l’accomplissement de cette formalité.</line></par>
</text>
</block>
<block><region><rect/></region>
<text>
<par>
<line>Article 5</line></par>
<par>
<line>Le présent arrêté peut faire l'objet d'un recours contentieux devant le tribimal administratif de Grenoble (2</line>
<line>place de Verdun BPI 135 38022 GRENOBLE Cedex 1) dans un délai de deux mois à compter de sa date de</line>
<line>publication.</line></par>
</text>
</block>
<block><region><rect/></region>
<text>
<par>
<line>Article 6</line></par>
<par>
<line>Le Directeur de Cabinet de la préfecture de la Drôme, le Maire de la commune de SERVES-SUR-RHÔNE et</line>
<line>le Directeur Départemental des Territoires de la Drôme sont chargés, chacun en ce qui le concerne, de</line>
<line>l’exécution du présent arrêté.</line></par>
</text>
</block>
<block><region><rect/></region>
<text>
<par>
<line>Fait à Valence, le | | 2P13</line></par>
<par>
<line>Le Préfet</line></par>
</text>
</block>
<block><region><rect/></region>
<text>
<par>
<line>ferre-André DU</line></par>
</text>
</block>
<block><region><rect/></region>
<text>
<par>
<line>3/3</line></par>
</text>
</block>





</page>
<page width="11220" height="8976" resolution="300">
<block><region><rect/></region>
<text>
<par>
<line>Rhône et affluents</line></par>
</text>
</block>
<block><region><rect/></region>
<text>
<par>
<line>Plan de Prévention des Risques</line>
<line>Naturels - inondation</line></par>
</text>
</block>
<block><region><rect/></region>
<text>
<par>
<line>Commune de</line></par>
</text>
</block>
<block><region><rect/></region>
<text>
<par>
<line>SERVES-SUR-RHÔNE</line></par>
</text>
</block>
<block><region><rect/></region>
<text>
<par>
<line>2 Plan de zonage réglementaire</line></par>
</text>
</block>
<block><region><rect/></region>
<text>
<par>
<line>Qj</line></par>
</text>
</block>
<block><region><rect/></region>
<text>
<par/>
</text>
</block>
<block><region><rect/></region>
<text>
<par/>
</text>
</block>
<block><region><rect/></region>
<text>
<par>
<line>Direction Départementale</line>
<line>des Territoires de la Drôme</line></par>
</text>
</block>
<block><region><rect/></region>
<text>
<par/>
</text>
</block>
<block><region><rect/></region>
<text>
<par/>
</text>
</block>
<block><region><rect/></region>
<text>
<par/>
</text>
</block>
<block><region><rect/></region>
<text>
<par>
<line>Echelle: 1/5000eme</line></par>
</text>
</block>
<block><region><rect/></region>
<text>
<par>
<line>Edité le: Janvier 2013</line></par>
</text>
</block>
<block><region><rect/></region>
<text>
<par>
<line>La^Rochette</line></par>
</text>
</block>
<block><region><rect/></region>
<text>
<par>
<line>Dossier approuvé le</line>
<line>25 janvier 2013</line></par>
</text>
</block>
<block><region><rect/></region>
<text>
<par/>
</text>
</block>
<block><region><rect/></region>
<text>
<par/>
</text>
</block>
<block><region><rect/></region>
<text>
<par>
<line>Liberté • Egalité • Fraternité</line></par>
</text>
</block>
<block><region><rect/></region>
<text>
<par>
<line>REPUBLIQUE Française</line></par>
</text>
</block>
<block><region><rect/></region>
<text>
<par>
<line>6üO</line></par>
</text>
</block>
<block><region><rect/></region>
<text>
<par>
<line>N</line></par>
</text>
</block>
<block><region><rect/></region>
<text>
<par>
<line>LEGENDE</line></par>
</text>
</block>
<block><region><rect/></region>
<text>
<par>
<line>P.K 82 Poinklomérique Rhône</line></par>
<par>
<line>125.82 Cote de la crue de réféence*</line></par>
</text>
</block>
<block><region><rect/></region>
<text>
<par>
<line>* Se reporter au chapitre 3 du titre 1 du réglement pour l'utilisation</line>
<line>des cotes de référence</line></par>
</text>
</block>
<block><region><rect/></region>
<text>
<par/>
</text>
</block>
<block><region><rect/></region>
<text>
<par>
<line>Digue C.N.R</line></par>
</text>
</block>
<block><region><rect/></region>
<text>
<par>
<line>\—\—\</line></par>
</text>
</block>
<block><region><rect/></region>
<text>
<par>
<line>&gt;7/</line></par>
<par>
<line>&gt;7/</line></par>
</text>
</block>
<block><region><rect/></region>
<text>
<par>
<line>y/</line></par>
</text>
</block>
<block><region><rect/></region>
<text>
<par>
<line>Digue "ruisseau des Barres"</line></par>
<par>
<line>Affluents</line></par>
</text>
</block>
<block><region><rect/></region>
<text>
<par>
<line>♦7</line></par>
</text>
</block>
<block><region><rect/></region>
<text>
<par>
<line>y/l</line></par>
</text>
</block>
<block><region><rect/></region>
<text>
<par>
<line>y/l</line></par>
</text>
</block>
<block><region><rect/></region>
<text>
<par>
<line>y/'/'</line></par>
</text>
</block>
<block><region><rect/></region>
<text>
<par>
<line>Rad = Bande de sécurité digue : Inconstructible</line>
<line>Ra = Zone non urbanisée : Inconstructible</line>
<line>Ba = Zone bleu : Constructible sous conditions</line>
<line>Rhône</line></par>
</text>
</block>
<block><region><rect/></region>
<text>
<par/>
</text>
</block>
<block><region><rect/></region>
<text>
<par/>
</text>
</block>
<block><region><rect/></region>
<text>
<par>
<line>Ba</line></par>
</text>
</block>
<block><region><rect/></region>
<text>
<par/>
</text>
</block>
<block><region><rect/></region>
<text>
<par/>
</text>
</block>
<block><region><rect/></region>
<text>
<par>
<line>c:^</line></par>
</text>
</block>
<block><region><rect/></region>
<text>
<par>
<line>Rrd = Bande de sécurité digue : Inconstructible</line></par>
</text>
</block>
<block><region><rect/></region>
<text>
<par/>
</text>
</block>
<block><region><rect/></region>
<text>
<par/>
</text>
</block>
<block><region><rect/></region>
<text>
<par/>
</text>
</block>
<block><region><rect/></region>
<text>
<par>
<line>Rrdu = Bande de sécurité digue urbain : Constructible sous conditions</line></par>
</text>
</block>
<block><region><rect/><rect/></region>
<text>
<par>
<line>VWi</line></par>
</text>
</block>
<block><region><rect/></region>
<text>
<par>
<line>Bre Bre = Zone crue exeptionnelle : constructible</line></par>
</text>
</block>
<block><region><rect/></region>
<text>
<par/>
</text>
</block>
<block><region><rect/></region>
<text>
<par>
<line>Voie SNCF</line>
<line>Route primaire</line></par>
</text>
</block>
<block><region><rect/></region>
<text>
<par>
<line>Route secondaire</line></par>
</text>
</block>
<block><region><rect/></region>
<text>
<par/>
</text>
</block>
<block><region><rect/></region>
<text>
<par/>
</text>
</block>
<block><region><rect/></region>
<text>
<par>
<line>"O® ;</line></par>
</text>
</block>
<block><region><rect/></region>
<text>
<par/>
</text>
</block>
<block><region><rect/></region>
<text>
<par/>
</text>
</block>
<block><region><rect/></region>
<text>
<par>
<line>S'</line></par>
</text>
</block>
<block><region><rect/></region>
<text>
<par>
<line>S!</line></par>
</text>
</block>
<block><region><rect/></region>
<text>
<par>
<line>S?</line></par>
</text>
</block>
<block><region><rect/></region>
<text>
<par>
<line>S'</line></par>
</text>
</block>
<block><region><rect/></region>
<text>
<par>
<line>&lt;s&gt;</line></par>
</text>
</block>
<block><region><rect/></region>
<text>
<par>
<line>\\\</line></par>
</text>
</block>
<block><region><rect/></region>
<text>
<par/>
</text>
</block>
<block><region><rect/></region>
<text>
<par>
<line>S'"</line></par>
</text>
</block>
<block><region><rect/></region>
<text>
<par/>
</text>
</block>
<block><region><rect/></region>
<text>
<par/>
</text>
</block>
<block><region><rect/></region>
<text>
<par/>
</text>
</block>
<block><region><rect/></region>
<text>
<par/>
</text>
</block>
<block><region><rect/></region>
<text>
<par>
<line>sS'</line></par>
</text>
</block>
<block><region><rect/></region>
<text>
<par/>
</text>
</block>
<block><region><rect/></region>
<text>
<par/>
</text>
</block>
<block><region><rect/></region>
<text>
<par/>
</text>
</block>
<block><region><rect/></region>
<text>
<par>
<line>B</line></par>
</text>
</block>
<block><region><rect/></region>
<text>
<par/>
</text>
</block>
<block><region><rect/></region>
<text>
<par>
<line>(S&gt;</line></par>
</text>
</block>
<block><region><rect/></region>
<text>
<par>
<line>'S</line></par>
</text>
</block>
<block><region><rect/></region>
<text>
<par/>
</text>
</block>
<block><region><rect/></region>
<text>
<par/>
</text>
</block>
<block><region><rect/></region>
<text>
<par>
<line>&lt;îr</line></par>
</text>
</block>
<block><region><rect/></region>
<text>
<par>
<line>O:</line></par>
</text>
</block>
<block><region><rect/></region>
<text>
<par/>
</text>
</block>
<block><region><rect/></region>
<text>
<par>
<line>T.</line></par>
</text>
</block>
<block><region><rect/></region>
<text>
<par/>
</text>
</block>
<block><region><rect/></region>
<text>
<par/>
</text>
</block>
<block><region><rect/></region>
<text>
<par/>
</text>
</block>
<block><region><rect/></region>
<text>
<par>
<line>Qj</line></par>
</text>
</block>
<block><region><rect/></region>
<text>
<par/>
</text>
</block>
<block><region><rect/></region>
<text>
<par/>
</text>
</block>
<block><region><rect/></region>
<text>
<par/>
</text>
</block>
<block><region><rect/></region>
<text>
<par>
<line>U</line></par>
</text>
</block>
<block><region><rect/></region>
<text>
<par/>
</text>
</block>
<block><region><rect/></region>
<text>
<par>
<line>Ruisseau.desiCSffins</line></par>
</text>
</block>
<block><region><rect/></region>
<text>
<par>
<line>O</line></par>
</text>
</block>
<block><region><rect/></region>
<text>
<par/>
</text>
</block>
<block><region><rect/></region>
<text>
<par>
<line>Qj</line></par>
</text>
</block>
<block><region><rect/></region>
<text>
<par/>
</text>
</block>
<block><region><rect/></region>
<text>
<par/>
</text>
</block>
<block><region><rect/></region>
<text>
<par>
<line>O</line></par>
</text>
</block>
<block><region><rect/></region>
<text>
<par>
<line>O</line></par>
</text>
</block>
<block><region><rect/></region>
<text>
<par>
<line>C</line></par>
</text>
</block>
<block><region><rect/></region>
<text>
<par>
<line>CD</line></par>
</text>
</block>
<block><region><rect/></region>
<text>
<par>
<line>Qj</line></par>
</text>
</block>
<block><region><rect/></region>
<text>
<par>
<line>c</line></par>
</text>
</block>
<block><region><rect/></region>
<text>
<par>
<line>s</line></par>
</text>
</block>
<block><region><rect/></region>
<text>
<par>
<line>O</line></par>
</text>
</block>
<block><region><rect/></region>
<text>
<par>
<line>*.:..</line></par>
</text>
</block>
<block><region><rect/></region>
<text>
<par/>
</text>
</block>
<block><region><rect/></region>
<text>
<par>
<line>Ba</line></par>
</text>
</block>
<block><region><rect/></region>
<text>
<par/>
</text>
</block>
<block><region><rect/></region>
<text>
<par/>
</text>
</block>
<block><region><rect/></region>
<text>
<par>
<line>Or</line></par>
</text>
</block>
<block><region><rect/></region>
<text>
<par/>
</text>
</block>
<block><region><rect/></region>
<text>
<par>
<line>J</line></par>
</text>
</block>
<block><region><rect/></region>
<text>
<par>
<line>^es</line></par>
</text>
</block>
<block><region><rect/></region>
<text>
<par>
<line>oa</line></par>
</text>
</block>
<block><region><rect/></region>
<text>
<par/>
</text>
</block>
<block><region><rect/></region>
<text>
<par/>
</text>
</block>
<block><region><rect/></region>
<text>
<par>
<line>ro</line></par>
</text>
</block>
<block><region><rect/></region>
<text>
<par>
<line>LâSHliini</line></par>
</text>
</block>
<block><region><rect/></region>
<text>
<par>
<line>c</line></par>
</text>
</block>
<block><region><rect/></region>
<text>
<par/>
</text>
</block>
<block><region><rect/></region>
<text>
<par>
<line>rd</line></par>
</text>
</block>
<block><region><rect/></region>
<text>
<par>
<line>O</line></par>
</text>
</block>
<block><region><rect/></region>
<text>
<par>
<line>Source fond: BD Parcellaire IGN 2009 DDT/SATR-Risques</line></par>
</text>
</block>














































































































































































































































































































































































































































































































































































































































































































































































































































































































































































<block blockType="Picture" blockName="" l="4519" t="4035" r="4619" b="4121"><region><rect/></region>
</block>
</page>
</PM1>