<?xml version="1.0" encoding="UTF-8"?><PM1>
<page width="1659" height="2342" resolution="200">
<block><region><rect/></region>
<text>
<par>
<line>Liberté ♦ Égalité • Fraternité</line>
<line>RÉPUBLIQUE FRANÇAISE</line></par>
<par>
<line>PREFECTURE DES VOSGES</line></par>
</text>
</block>
<block><region><rect/></region>
<text>
<par>
<line>Direction Départementale des Territoires</line></par>
</text>
</block>
<block><region><rect/></region>
<text>
<par>
<line>Service Environnement et Risques</line>
<line>Bureau de la Prévention des Risques</line></par>
</text>
</block>
<block><region><rect/></region>
<text>
<par>
<line>ARRÊTÉ N° 492/2010/DPT</line></par>
<par>
<line>portant approbation</line>
<line>du Plan de Prévention des Risques</line>
<line>« inondations » de la rivière la Meurthe</line>
<line>sur les communes de:</line></par>
</text>
</block>
<block><region><rect/></region>
<text>
<par>
<line>Anould, Saint-Léonard, Saulcy-sur-Meurthe, Sainte-Marguerite,</line>
<line>Saint-Dié des Vosges, Saint-Michel-sur-Meurthe, La Voivre, Nompatelize,</line>
<line>Etival-Clairefontaine, Moyenmoutier et Raon l'Etape.</line></par>
</text>
</block>
<block><region><rect/></region>
<text>
<par>
<line>Le Préfet des Vosges,</line>
<line>Chevalier de La Légion d'Honneur,</line>
<line>Chevalier de l'Ordre National du Mérite,</line></par>
</text>
</block>
<block><region><rect/></region>
<text>
<par>
<line>VU le code de l’environnement ;</line></par>
<par>
<line>VU le code de Turbanisme, art. L 126-1 et R 126-1 ;</line></par>
<par>
<line>VU le code de la construction et de l’habitation, art. L 126-1 ;</line></par>
<par>
<line>VU le livre II nouveau du code rural modifié ;</line></par>
<par>
<line>VU la loi n° 82-600 du 13 juillet 1982 modifiée relative à l’indemnisation.des victimes</line>
<line>de catastrophes naturelles ;</line></par>
<par>
<line>VU la loi n° 2004-811 du 13 juillet 2004 dite loi de modernisation de la sécurité</line>
<line>civile ;</line></par>
<par>
<line>VU le SDAGE Meuse approuvé le 27 novembre 2009 ;</line></par>
<par>
<line>VU la circulaire du 24 janvier 1994 relative à la prévention des inondations et à la</line>
<line>gestion des zones inondables, et son annexe sur les inondations de plaine ;</line></par>
<par>
<line>VU l'arrêté préfectoral n° 509/09/DDEA en date du 6 novembre 2009 prescrivant la</line>
<line>révision du PPRi de la Moselle sur les communes de Anould, Saint-Léonard, Saulcy</line>
<line>sur-Meurthe, Sainte-Marguerite, Saint-Dié des Vosges, Saint-Michel-sur-Meurthe, La</line>
<line>Voivre, Nompatelize, Etival-Clairefontaine, Moyenmoutier et Raon l'Etape ;</line></par>
</text>
</block>
<block><region><rect/></region>
<text>
<par>
<line>Place Foch 88026 EPINAL Cedex Tél. : 03 29 69 88 88 Fax 03 29 82 42 15</line>
<line>Internet : ht^V/www.vosges.pref.gouv.fr - Serveur Vocal : 03 29 69 88 89 '</line></par>
</text>
</block>

</page>
<page width="1653" height="2338" resolution="200">
<block><region><rect/></region>
<text>
<par>
<line>Article 3 :</line></par>
<par>
<line>Le présent arrêté fera Tobjet d’une mention dans le journal « Vosges Matin ».</line></par>
</text>
</block>
<block><region><rect/></region>
<text>
<par>
<line>Article 4 :</line></par>
<par>
<line>Le présent arrêté fera l’objet d’une mention au Recueil des actes administratifs et informations</line>
<line>officielles de la Préfecture des Vosges .</line></par>
<par>
<line>Article 5 :</line></par>
<par>
<line>Copie du présent arrêté sera adressée :</line></par>
<par>
<line>X aux mairies des 11 communes concernées,</line></par>
<par>
<line>X au siège de la Communauté de communes du Ban d'Etival,</line></par>
<par>
<line>X au siège de la Communauté de communes des Hauts Champs ,</line></par>
<par>
<line>X au siège de la Communauté de communes du Pays de Senones ,</line></par>
<par>
<line>X au siège de la Communauté de communes de la Fave et de la Meurthe ,</line></par>
<par>
<line>X au siège de la Communauté de communes du Val de Meiirthe</line>
<line>X au siège de la Communauté de communes de la vallée de la Plaine</line>
<line>pour affichage pendant un mois au minimum.</line></par>
<par>
<line>L’accomplissement de cette mesure incombe aux maires et aux Présidents des EPCI concernés</line>
<line>et est certifié par eux.</line></par>
<par>
<line>Article 6 :</line></par>
<par>
<line>Le plan approuvé est tenu à la disposition du public dans les Mairies et au siège des EPCI</line>
<line>concernés ainsi qu’en Préfecture.</line></par>
<par>
<line>Article 7 :</line></par>
<par>
<line>M. le Secrétaire Général de la Préfecture, M. le Directeur Départemental des territoires, Mmes</line>
<line>et Mrs les Maires des communes concernées et Présidents des communautés de communes</line>
<line>concernées, sont chargés, chacun en ce qui le concerne, de l'exécution du présent arrêté.</line></par>
<par>
<line>Cette décision peut faire l’objet d'un recours gracieux auprès du Préfet des Vosges - Direction</line>
<line>Départementale des Territoires, dans un délai de 2 mois à compter de sa notification.</line></par>
<par>
<line>Il est également possible de contester cette décision devant le Tribunal Administratif dans les</line>
<line>mêmes conditions de délai (1).</line></par>
</text>
</block>
<block><region><rect/></region>
<text>
<par>
<line>Epinal, /e £ 4 DEL 23I0</line></par>
<par>
<line>Le Préfet des Vosges</line></par>
</text>
</block>
<block><region><rect/></region>
<text>
<par>
<line>ar</line></par>
</text>
</block>
<block><region><rect/></region>
<text>
<par>
<line>Lé</line></par>
</text>
</block>
<block><region><rect/></region>
<text>
<par>
<line>né</line></par>
</text>
</block>
<block><region><rect/><rect/></region>
<text>
<par>
<line>délégation</line>
<line>de la Préfecture</line></par>
</text>
</block>
<block><region><rect/></region>
<text>
<par>
<line>malecki</line></par>
</text>
</block>
<block><region><rect/></region>
<text>
<par>
<line>(1) fl est conseillé avant tout recours, de demander les fiches d'information établies à cet effet par le Tribunal</line>
<line>Administratif de Nancy.</line></par>
<par>
<line>Ces fiches seront adressées gratuitement, sur simple demande par lettre ou par téléphone au Tribunal</line>
<line>Administratif de Nancy, 5 place de la Camere, C.O. N' 38, 54036 NANCY Cedex-Tél. : 03.83.17.43.43.</line></par>
</text>
</block>







</page>
</PM1>