<?xml version="1.0" encoding="UTF-8"?><PM1>
<page width="4958" height="7017" resolution="600">
<block><region><rect/></region>
<text>
<par/>
</text>
</block>
<block><region><rect/></region>
<text>
<par/>
</text>
</block>
<block><region><rect/></region>
<text>
<par/>
</text>
</block>
<block><region><rect/></region>
<text>
<par>
<line>mû</line></par>
</text>
</block>
<block><region><rect/></region>
<text>
<par>
<line>Liberté • Égalité • Fraternité</line></par>
<par>
<line>RÉPUBuauE Française</line></par>
</text>
</block>
<block><region><rect/></region>
<text>
<par>
<line>Ü</line></par>
</text>
</block>
<block><region><rect/></region>
<text>
<par>
<line>PRÉFECTURE DE L’ARIÈGE</line></par>
</text>
</block>
<block><region><rect/></region>
<text>
<par>
<line>LJvBINET DU PRÉFET</line></par>
<par>
<line>SERVICEINTERMINISTÉRIEL</line>
<line>' "t DÉFENSE</line></par>
<par>
<line>r DE PROTECTION CIVILE</line></par>
<par>
<line>J</line></par>
</text>
</block>
<block><region><rect/></region>
<text>
<par>
<line>U</line></par>
</text>
</block>
<block><region><rect/></region>
<text>
<par>
<line>Arrêté préfectoral</line>
<line>prescrivant l'établissement</line>
<line>d'un plan de prévention des risques naturels</line>
<line>prévisibles dans la commune</line>
<line>de Durban-sur-Arize</line></par>
</text>
</block>
<block><region><rect/></region>
<text>
<par>
<line>n</line></par>
</text>
</block>
<block><region><rect/></region>
<text>
<par>
<line>Le préfet de l'Ariège,</line></par>
<par>
<line>Chevalier de la Légion d'Honneur</line></par>
<par>
<line>Vu la loi n° 87-585 du 22 juillet 1987 relative à l'organisation de la sécurité civile, à la protection de la</line>
<line>forêt contre l'incendie et à la prévention des risques majeurs ;</line></par>
<par>
<line>Vu la loi n° 92-3 du 3 janvierl992 sur l'eau ;</line></par>
</text>
</block>
<block><region><rect/></region>
<text>
<par>
<line>Vu la loi n° 95-101 du 2 février 1995 relative au renforcement de la protection de l'environnement ;</line></par>
<par>
<line>Vu le décret n° 95-1089 du 5 octobre 1995 relatif aux plans de prévention des risques naturels</line>
<line>prévisibles ;</line></par>
<par>
<line>Considérant la nécessité de délimiter sur le territoire de la commune de Durban-sur-Arize les terrains</line>
<line>sur lesquels l'occupation ou l'utilisation du sol doit être réglementée du fait de leur exposition aux</line>
<line>risques naturels (mouvements de terrains, inondations et crues torrentielles) ;</line></par>
<par>
<line>Sur proposition du directeur départemental de l'agriculture et de la forêt - service interdépartemental</line>
<line>de restauration des terrains en montagne de l'Ariège et de la Haute-Garoime ;</line></par>
<par>
<line>Arrête</line></par>
<par>
<line>Article 1 - L'établissement d'im plan de prévention des risques naturels prévisibles est prescrit dans la</line>
<line>commune de Diurban-sur-Arize.</line></par>
</text>
</block>
<block><region><rect/></region>
<text>
<par>
<line>^ Article 2 - Le périmètre mis à l'étude est délimité sur le plan au l/25.000ème aimexé au présent arrêté.</line></par>
<par>
<line>Article 3 - Les risques étudiés seront les mouvements de terrains, les inondations et les crues</line>
<line>torrentielles.</line></par>
<par>
<line>J Article 4 - La direction départementale de l'agriculture et de la forêt de l'Ariège - service</line></par>
<par>
<line>interdépartemental de restauration des terrains en montagne de l'Ariège et de la Haute-</line>
<line>1 Garonne - est chargée de l'instruction et de l'élaboration du plan de prévention dés risques</line></par>
<par>
<line>j naturels prévisibles de Durban-sur-Arize.</line></par>
<par>
<line>Article 5 - Une ampliation du présent arrêté sera adressée à :</line></par>
<par>
<line>- M. le maire de la commune de Durban-sur-Arize ;</line></par>
<par>
<line>- M. le directeur départemental de l'agriculture et de la forêt ;</line></par>
<par>
<line>] - M. le chef du service interdépartemental de restauration des terrains en montagne de l'Ariège</line></par>
<par>
<line>j et de la Haute-Garonne ;</line></par>
<par>
<line>- M. le directeur départemental de l'équipement ;</line></par>
<par>
<line>j - M. le directeur régional de l'enviroimement.</line></par>
</text>
</block>
<block><region><rect/></region>
<text>
<par>
<line>1</line></par>
</text>
</block>
<block><region><rect/></region>
<text>
<par>
<line>2. RUE DE LA PRÉFECTURE - B.P. 87 - 09007 FOIX CEDEX - STANDARD 05 61 07. 10 00 - TÉ.I .RCOPTE 05 61 02 74 82</line></par>
</text>
</block>

















</page>
<page width="4973" height="7028" resolution="600">
<block><region><rect/></region>
<text>
<par>
<line>-2-</line></par>
</text>
</block>
<block><region><rect/></region>
<text>
<par>
<line>Article 6 - Le présent arrêté et son annexe seront tenus à la disposition du public en mairie de Durban-</line>
<line>sur-Arize et à la préfecture de l'Ariège - service interministériel de défense et de protection</line>
<line>civile.</line></par>
<par>
<line>Article 7 - Le secrétaire général de la préfecture, le directeur départemental de l'agriculture et de la</line>
<line>forêt - service interdépartemental de restauration des terrains en montagne de l'Ariège et de</line>
<line>la Haute-Garonne et le maire de Durban-sur-Arize sont chargés, chacun en ce qui le</line>
<line>concerne, de l'exécution du présent arrêté qui sera publié au Recueil des Actes</line>
<line>Administratifs,</line></par>
</text>
</block>
<block><region><rect/></region>
<text>
<par>
<line>Fait à Foix, le 29 juillet 2002</line></par>
</text>
</block>
<block><region><rect/></region>
<text>
<par>
<line>Pour ampliation,</line>
<line>le chef de bureau du Cabinet,</line></par>
</text>
</block>
<block><region><rect/></region>
<text>
<par>
<line>erge ui</line></par>
</text>
</block>
<block><region><rect/></region>
<text>
<par>
<line>Signé : Pierre Soubelet</line></par>
</text>
</block>







</page>
<page width="2524" height="3540" resolution="300">
<block><region><rect/></region>
<text>
<par/>
</text>
</block>
<block><region><rect/></region>
<text>
<par/>
</text>
</block>
<block><region><rect/><rect/><rect/></region>
<text>
<par>
<line>V k ? i</line></par>
</text>
</block>
<block><region><rect/></region>
<text>
<par/>
</text>
</block>
<block><region><rect/><rect/></region>
<text>
<par>
<line>0 - i iv</line></par>
</text>
</block>
<block><region><rect/></region>
<text>
<par/>
</text>
</block>
<block><region><rect/></region>
<text>
<par/>
</text>
</block>
<block><region><rect/></region>
<text>
<par>
<line>r/ \9</line></par>
</text>
</block>
<block><region><rect/></region>
<text>
<par/>
</text>
</block>
<block><region><rect/></region>
<text>
<par/>
</text>
</block>
<block><region><rect/></region>
<text>
<par/>
</text>
</block>
<block><region><rect/></region>
<text>
<par/>
</text>
</block>
<block><region><rect/></region>
<text>
<par>
<line>m</line></par>
</text>
</block>
<block><region><rect/></region>
<text>
<par>
<line>If/'.</line></par>
</text>
</block>
<block><region><rect/></region>
<text>
<par/>
</text>
</block>
<block><region><rect/></region>
<text>
<par/>
</text>
</block>
<block><region><rect/></region>
<text>
<par>
<line>4»ra)</line></par>
</text>
</block>
<block><region><rect/></region>
<text>
<par>
<line>fi'—-</line></par>
</text>
</block>
<block><region><rect/></region>
<text>
<par>
<line>^ûa</line></par>
</text>
</block>
<block><region><rect/></region>
<text>
<par/>
</text>
</block>
<block><region><rect/></region>
<text>
<par>
<line>'v</line></par>
</text>
</block>
<block><region><rect/></region>
<text>
<par/>
</text>
</block>
<block><region><rect/></region>
<text>
<par>
<line>iJPl</line></par>
</text>
</block>
<block><region><rect/></region>
<text>
<par/>
</text>
</block>
<block><region><rect/></region>
<text>
<par>
<line>'&amp;h</line></par>
</text>
</block>
<block><region><rect/></region>
<text>
<par>
<line>f 7</line></par>
</text>
</block>
<block><region><rect/></region>
<text>
<par>
<line>m.</line></par>
</text>
</block>
<block><region><rect/></region>
<text>
<par>
<line>^*5</line></par>
</text>
</block>
<block><region><rect/></region>
<text>
<par/>
</text>
</block>
<block><region><rect/></region>
<text>
<par>
<line>&gt;'e'</line></par>
</text>
</block>
<block><region><rect/></region>
<text>
<par>
<line>AM'l</line></par>
</text>
</block>
<block><region><rect/></region>
<text>
<par/>
</text>
</block>
<block><region><rect/></region>
<text>
<par/>
</text>
</block>
<block><region><rect/></region>
<text>
<par>
<line>7/A-</line></par>
</text>
</block>
<block><region><rect/></region>
<text>
<par/>
</text>
</block>
<block><region><rect/></region>
<text>
<par>
<line>*.0'.»</line></par>
</text>
</block>
<block><region><rect/></region>
<text>
<par>
<line>. i</line></par>
</text>
</block>
<block><region><rect/></region>
<text>
<par>
<line>u%(i&gt;0</line></par>
</text>
</block>
<block><region><rect/></region>
<text>
<par/>
</text>
</block>
<block><region><rect/></region>
<text>
<par>
<line>î &lt;7 A.-'.}</line></par>
</text>
</block>
<block><region><rect/></region>
<text>
<par/>
</text>
</block>
<block><region><rect/></region>
<text>
<par>
<line>es)</line></par>
</text>
</block>
<block><region><rect/><rect/><rect/></region>
<text>
<par>
<line>m</line></par>
</text>
</block>
<block><region><rect/></region>
<text>
<par>
<line>lÉ/c:</line></par>
</text>
</block>
<block><region><rect/></region>
<text>
<par>
<line>Ji /7</line></par>
</text>
</block>
<block><region><rect/></region>
<text>
<par/>
</text>
</block>
<block><region><rect/></region>
<text>
<par/>
</text>
</block>
<block><region><rect/></region>
<text>
<par/>
</text>
</block>
<block><region><rect/></region>
<text>
<par>
<line>I3t -</line></par>
</text>
</block>
<block><region><rect/></region>
<text>
<par/>
</text>
</block>
<block><region><rect/></region>
<text>
<par>
<line>î/i W;/</line></par>
</text>
</block>
<block><region><rect/></region>
<text>
<par>
<line>;' i</line></par>
</text>
</block>
<block><region><rect/></region>
<text>
<par/>
</text>
</block>
<block><region><rect/></region>
<text>
<par>
<line>Kto</line></par>
</text>
</block>
<block><region><rect/></region>
<text>
<par>
<line>raHir;</line></par>
</text>
</block>
<block><region><rect/></region>
<text>
<par/>
</text>
</block>
<block><region><rect/></region>
<text>
<par>
<line>71</line></par>
</text>
</block>
<block><region><rect/></region>
<text>
<par>
<line>* r- \»-'</line></par>
</text>
</block>
<block><region><rect/></region>
<text>
<par>
<line>MiJUM</line></par>
</text>
</block>
<block><region><rect/></region>
<text>
<par>
<line>i\ ,\ ^</line></par>
</text>
</block>
<block><region><rect/></region>
<text>
<par/>
</text>
</block>
<block><region><rect/></region>
<text>
<par/>
</text>
</block>
<block><region><rect/></region>
<text>
<par/>
</text>
</block>
<block><region><rect/></region>
<text>
<par/>
</text>
</block>
<block><region><rect/></region>
<text>
<par/>
</text>
</block>
<block><region><rect/></region>
<text>
<par>
<line>S'Ai</line></par>
</text>
</block>
<block><region><rect/></region>
<text>
<par>
<line>tllW"' i" .t\lV^</line></par>
</text>
</block>
<block><region><rect/></region>
<text>
<par>
<line>5y=xw;</line></par>
</text>
</block>
<block><region><rect/></region>
<text>
<par>
<line>WÛ%Cé '}&gt;i!i fTi</line></par>
<par>
<line>iSTy^T frf^ -kP ll&gt;^i i;//4-^! i r-</line></par>
</text>
</block>
<block><region><rect/></region>
<text>
<par>
<line>' CD.</line></par>
</text>
</block>
<block><region><rect/></region>
<text>
<par/>
</text>
</block>
<block><region><rect/></region>
<text>
<par>
<line>\\k\Ai^</line></par>
</text>
</block>
<block><region><rect/></region>
<text>
<par>
<line>m</line></par>
</text>
</block>
<block><region><rect/></region>
<text>
<par/>
</text>
</block>
<block><region><rect/></region>
<text>
<par>
<line>(T\</line></par>
</text>
</block>
<block><region><rect/></region>
<text>
<par/>
</text>
</block>
<block><region><rect/></region>
<text>
<par>
<line>vy</line></par>
</text>
</block>
<block><region><rect/><rect/></region>
<text>
<par>
<line>' Jty-</line></par>
</text>
</block>
<block><region><rect/></region>
<text>
<par/>
</text>
</block>
<block><region><rect/></region>
<text>
<par/>
</text>
</block>
<block><region><rect/></region>
<text>
<par>
<line>■a.W</line></par>
</text>
</block>
<block><region><rect/></region>
<text>
<par>
<line>''!X\:</line></par>
</text>
</block>
<block><region><rect/></region>
<text>
<par>
<line>ys;</line></par>
</text>
</block>
<block><region><rect/></region>
<text>
<par>
<line>; RS» yi</line></par>
</text>
</block>
<block><region><rect/></region>
<text>
<par>
<line>3 O</line></par>
</text>
</block>
<block><region><rect/></region>
<text>
<par/>
</text>
</block>
<block><region><rect/></region>
<text>
<par/>
</text>
</block>
<block><region><rect/></region>
<text>
<par/>
</text>
</block>
<block><region><rect/></region>
<text>
<par>
<line>IW</line></par>
</text>
</block>
<block><region><rect/></region>
<text>
<par/>
</text>
</block>
<block><region><rect/></region>
<text>
<par>
<line>-IJ 11 &lt;MUèM?</line></par>
<par>
<line>'If^ HJ' ’iWvw^ '*/r^</line></par>
</text>
</block>
<block><region><rect/></region>
<text>
<par>
<line>r V.</line></par>
</text>
</block>
<block><region><rect/></region>
<text>
<par/>
</text>
</block>
<block><region><rect/></region>
<text>
<par>
<line>VXCi</line></par>
</text>
</block>
<block><region><rect/></region>
<text>
<par>
<line>s^-s</line></par>
</text>
</block>
<block><region><rect/></region>
<text>
<par>
<line>/ 1°</line></par>
</text>
</block>
<block><region><rect/></region>
<text>
<par/>
</text>
</block>
<block><region><rect/></region>
<text>
<par>
<line>b.-i''</line></par>
</text>
</block>
<block><region><rect/></region>
<text>
<par>
<line>kSI</line></par>
</text>
</block>
<block><region><rect/></region>
<text>
<par>
<line>.' 7/1 I !</line></par>
</text>
</block>
<block><region><rect/></region>
<text>
<par>
<line>• i/t. A /c</line></par>
</text>
</block>
<block><region><rect/></region>
<text>
<par/>
</text>
</block>
<block><region><rect/></region>
<text>
<par>
<line>O \</line></par>
</text>
</block>
<block><region><rect/></region>
<text>
<par>
<line>N*"-9?</line></par>
</text>
</block>
<block><region><rect/></region>
<text>
<par>
<line>O</line></par>
</text>
</block>
<block><region><rect/></region>
<text>
<par/>
</text>
</block>
<block><region><rect/></region>
<text>
<par>
<line>?Wè</line></par>
</text>
</block>
<block><region><rect/></region>
<text>
<par>
<line>S</line></par>
</text>
</block>
<block><region><rect/></region>
<text>
<par>
<line>*\x^.</line></par>
</text>
</block>
<block><region><rect/></region>
<text>
<par>
<line>c:</line></par>
</text>
</block>
<block><region><rect/></region>
<text>
<par>
<line>T)</line></par>
</text>
</block>
<block><region><rect/></region>
<text>
<par/>
</text>
</block>
<block><region><rect/></region>
<text>
<par>
<line>z</line></par>
</text>
</block>
<block><region><rect/><rect/></region>
<text>
<par/>
</text>
</block>
<block><region><rect/></region>
<text>
<par>
<line>m</line></par>
</text>
</block>
<block><region><rect/></region>
<text>
<par>
<line>• -\</line></par>
</text>
</block>
<block><region><rect/></region>
<text>
<par>
<line>î: \ i;</line></par>
</text>
</block>
<block><region><rect/></region>
<text>
<par/>
</text>
</block>
<block><region><rect/></region>
<text>
<par>
<line>a</line></par>
</text>
</block>
<block><region><rect/></region>
<text>
<par>
<line>Sî\</line></par>
</text>
</block>
<block><region><rect/></region>
<text>
<par>
<line>mXv</line></par>
</text>
</block>
<block><region><rect/></region>
<text>
<par/>
</text>
</block>
<block><region><rect/></region>
<text>
<par>
<line>m</line></par>
</text>
</block>
<block><region><rect/></region>
<text>
<par>
<line>iV- /MJ</line></par>
</text>
</block>
<block><region><rect/></region>
<text>
<par>
<line>/ O</line></par>
</text>
</block>
<block><region><rect/></region>
<text>
<par>
<line>m</line></par>
</text>
</block>
<block><region><rect/></region>
<text>
<par>
<line>/ ■; /</line></par>
</text>
</block>
<block><region><rect/></region>
<text>
<par/>
</text>
</block>
<block><region><rect/></region>
<text>
<par>
<line>O</line></par>
</text>
</block>
<block><region><rect/></region>
<text>
<par>
<line>im</line></par>
</text>
</block>
<block><region><rect/></region>
<text>
<par>
<line>' H</line></par>
</text>
</block>
<block><region><rect/></region>
<text>
<par>
<line>T JT »»*</line></par>
</text>
</block>
<block><region><rect/></region>
<text>
<par>
<line>C</line></par>
</text>
</block>
<block><region><rect/></region>
<text>
<par>
<line>Q.</line></par>
</text>
</block>
<block><region><rect/></region>
<text>
<par>
<line>'i A</line></par>
</text>
</block>
<block><region><rect/></region>
<text>
<par>
<line>73</line></par>
</text>
</block>
<block><region><rect/></region>
<text>
<par>
<line>\\1 ( '^.\</line></par>
</text>
</block>
<block><region><rect/></region>
<text>
<par/>
</text>
</block>
<block><region><rect/></region>
<text>
<par>
<line>DO O</line></par>
</text>
</block>
<block><region><rect/></region>
<text>
<par>
<line>m</line></par>
</text>
</block>
<block><region><rect/></region>
<text>
<par>
<line>./A</line></par>
</text>
</block>
<block><region><rect/></region>
<text>
<par>
<line>5y1 Ça</line></par>
</text>
</block>
<block><region><rect/></region>
<text>
<par>
<line>&gt;</line></par>
</text>
</block>
<block><region><rect/></region>
<text>
<par>
<line>w. J m</line></par>
</text>
</block>
<block><region><rect/></region>
<text>
<par>
<line>s i ‘'t\&gt;'</line></par>
</text>
</block>
<block><region><rect/></region>
<text>
<par>
<line>Q. ÛJ</line></par>
</text>
</block>
<block><region><rect/></region>
<text>
<par>
<line>TS .c</line></par>
</text>
</block>
<block><region><rect/></region>
<text>
<par>
<line>CD (D</line></par>
</text>
</block>
<block><region><rect/></region>
<text>
<par>
<line>Z</line></par>
</text>
</block>
<block><region><rect/></region>
<text>
<par>
<line>m:n</line></par>
</text>
</block>
<block><region><rect/></region>
<text>
<par>
<line>zr</line></par>
</text>
</block>
<block><region><rect/></region>
<text>
<par>
<line>kll-</line></par>
</text>
</block>
<block><region><rect/></region>
<text>
<par/>
</text>
</block>
<block><region><rect/></region>
<text>
<par>
<line>Q.</line></par>
</text>
</block>
<block><region><rect/></region>
<text>
<par>
<line>ü)</line></par>
</text>
</block>
<block><region><rect/></region>
<text>
<par>
<line>rs., ^</line></par>
<par>
<line>i^\ l'^l Ni ..</line></par>
</text>
</block>
<block><region><rect/></region>
<text>
<par>
<line>\ 5</line></par>
</text>
</block>
<block><region><rect/></region>
<text>
<par>
<line>c</line></par>
</text>
</block>
<block><region><rect/></region>
<text>
<par/>
</text>
</block>
<block><region><rect/></region>
<text>
<par/>
</text>
</block>
<block><region><rect/></region>
<text>
<par>
<line>y?</line></par>
</text>
</block>
<block><region><rect/></region>
<text>
<par>
<line>Tl</line></par>
</text>
</block>
<block><region><rect/></region>
<text>
<par>
<line>73</line></par>
</text>
</block>
<block><region><rect/></region>
<text>
<par>
<line>T)</line></par>
</text>
</block>
<block><region><rect/></region>
<text>
<par/>
</text>
</block>
<block><region><rect/></region>
<text>
<par>
<line>&gt;</line></par>
</text>
</block>
<block><region><rect/></region>
<text>
<par>
<line>K</line></par>
</text>
</block>
<block><region><rect/></region>
<text>
<par>
<line>&gt;7^</line></par>
</text>
</block>
<block><region><rect/></region>
<text>
<par>
<line>m</line></par>
</text>
</block>
<block><region><rect/></region>
<text>
<par>
<line>M</line></par>
</text>
</block>
<block><region><rect/></region>
<text>
<par>
<line>73</line></par>
</text>
</block>
<block><region><rect/><rect/></region>
<text>
<par/>
</text>
</block>
<block><region><rect/></region>
<text>
<par>
<line>73</line></par>
</text>
</block>
<block><region><rect/></region>
<text>
<par/>
</text>
</block>
<block><region><rect/></region>
<text>
<par>
<line>Oî</line></par>
</text>
</block>
<block><region><rect/></region>
<text>
<par/>
</text>
</block>
<block><region><rect/></region>
<text>
<par>
<line>N</line></par>
</text>
</block>
<block><region><rect/></region>
<text>
<par>
<line>rK^- V^t</line></par>
</text>
</block>
<block><region><rect/></region>
<text>
<par>
<line>O</line></par>
</text>
</block>
<block><region><rect/></region>
<text>
<par>
<line>X</line></par>
</text>
</block>
<block><region><rect/></region>
<text>
<par>
<line>m</line></par>
</text>
</block>
<block><region><rect/><rect/></region>
<text>
<par/>
</text>
</block>
<block><region><rect/></region>
<text>
<par>
<line>O</line></par>
</text>
</block>
<block><region><rect/></region>
<text>
<par>
<line>O</line></par>
</text>
</block>
<block><region><rect/></region>
<text>
<par>
<line>I '</line></par>
</text>
</block>
<block><region><rect/></region>
<text>
<par>
<line>O</line></par>
</text>
</block>
<block><region><rect/></region>
<text>
<par>
<line>r^mîm</line></par>
</text>
</block>
<block><region><rect/></region>
<text>
<par>
<line>fe:.''&amp;.‘-</line></par>
</text>
</block>
<block><region><rect/><rect/></region>
<text>
<par/>
</text>
</block>
<block><region><rect/></region>
<text>
<par>
<line>4 » * /</line></par>
<par>
<line>î</line></par>
</text>
</block>
<block><region><rect/></region>
<text>
<par>
<line>i Ms J,</line></par>
</text>
</block>
<block><region><rect/></region>
<text>
<par>
<line>I</line></par>
</text>
</block>
<block><region><rect/></region>
<text>
<par/>
</text>
</block>
<block><region><rect/></region>
<text>
<par>
<line>X Imk</line></par>
</text>
</block>
<block><region><rect/></region>
<text>
<par>
<line>-. r</line></par>
</text>
</block>
<block><region><rect/></region>
<text>
<par>
<line>3 h:</line></par>
</text>
</block>
<block><region><rect/></region>
<text>
<par/>
</text>
</block>
<block><region><rect/></region>
<text>
<par>
<line>IH O</line></par>
</text>
</block>
<block><region><rect/></region>
<text>
<par>
<line>\</line></par>
</text>
</block>
<block><region><rect/></region>
<text>
<par/>
</text>
</block>
<block><region><rect/></region>
<text>
<par>
<line>a ?</line></par>
</text>
</block>
<block><region><rect/></region>
<text>
<par>
<line>wilji/// &gt;g</line></par>
</text>
</block>
<block><region><rect/></region>
<text>
<par/>
</text>
</block>
<block><region><rect/></region>
<text>
<par>
<line>îri&lt;^</line></par>
</text>
</block>
<block><region><rect/></region>
<text>
<par>
<line>■i ' \</line></par>
</text>
</block>
<block><region><rect/></region>
<text>
<par>
<line>&gt; y. fcï».</line></par>
</text>
</block>
<block><region><rect/></region>
<text>
<par>
<line>;</line></par>
</text>
</block>
<block><region><rect/></region>
<text>
<par>
<line>'iAx; _</line></par>
</text>
</block>
<block><region><rect/></region>
<text>
<par>
<line>71. s</line></par>
</text>
</block>
<block><region><rect/></region>
<text>
<par>
<line>V</line></par>
</text>
</block>
<block><region><rect/></region>
<text>
<par>
<line>X\|,2 &lt;</line></par>
<par>
<line>i-V.s c J ‘e'W</line></par>
</text>
</block>
<block><region><rect/></region>
<text>
<par/>
</text>
</block>
<block><region><rect/></region>
<text>
<par>
<line>5, O</line></par>
</text>
</block>
<block><region><rect/></region>
<text>
<par>
<line>AA</line></par>
</text>
</block>
<block><region><rect/></region>
<text>
<par>
<line>-nX//</line></par>
</text>
</block>





















































</page>
<page width="4958" height="7017" resolution="600">
<block><region><rect/></region>
<text>
<par>
<line>mm</line></par>
<par>
<line>Liberté • Egalité • Fraternité</line></par>
<par>
<line>RÉPUBLIQUE Française</line></par>
<par>
<line>direction départementale</line>
<line>de l'Équipement</line>
<line>et de l'Agriculture</line></par>
<par>
<line>Ariège</line></par>
</text>
</block>
<block><region><rect/></region>
<text>
<par>
<line>■</line></par>
</text>
</block>
<block><region><rect/></region>
<text>
<par>
<line>Libtrté ♦ Égalité « Fratirnité</line></par>
<par>
<line>RÉPUBLiQyE Française</line></par>
</text>
</block>
<block><region><rect/></region>
<text>
<par>
<line>A</line></par>
</text>
</block>
<block><region><rect/></region>
<text>
<par>
<line>rtm</line></par>
</text>
</block>
<block><region><rect/></region>
<text>
<par>
<line>Restauration des Terrains en Montagne</line></par>
</text>
</block>
<block><region><rect/></region>
<text>
<par>
<line>PREFECTURE DE l'ARIEGE Service bi-départemental de</line></par>
<par>
<line>l’Ariège et de la Haute-Garonne</line></par>
</text>
</block>
<block><region><rect/></region>
<text>
<par>
<line>Commune de</line></par>
<par>
<line>DURBAN SUR ARIZE</line></par>
<par>
<line>(N° INSEE 09 108)</line></par>
</text>
</block>
<block><region><rect/></region>
<text>
<par>
<line>Plan de Prévention des Risques</line>
<line>natureis prévisibles</line></par>
<par>
<line>- P.P.R. -</line>
<line>Livret 2</line></par>
<par>
<line>Règlement</line></par>
</text>
</block>
<block><region><rect/></region>
<text>
<par/>
</text>
</block>
<block><region><rect/></region>
<text>
<par/>
</text>
</block>
<block><region><rect/></region>
<text>
<par/>
</text>
</block>
<block><region><rect/></region>
<text>
<par/>
</text>
</block>
<block><region><rect/></region>
<text>
<par/>
</text>
</block>
<block><region><rect/></region>
<text>
<par/>
</text>
</block>
<block><region><rect/></region>
<text>
<par/>
</text>
</block>
<block><region><rect/></region>
<text>
<par/>
</text>
</block>
<block><region><rect/></region>
<text>
<par/>
</text>
</block>
<block><region><rect/></region>
<text>
<par/>
</text>
</block>
<block><region><rect/></region>
<text>
<par/>
</text>
</block>
<block><region><rect/></region>
<text>
<par/>
</text>
</block>
<block><region><rect/></region>
<text>
<par>
<line>%</line></par>
</text>
</block>
<block><region><rect/></region>
<text>
<par>
<line>1 • 'v : "i:</line></par>
</text>
</block>
<block><region><rect/></region>
<text>
<par>
<line>B</line></par>
</text>
</block>
<block><region><rect/></region>
<text>
<par/>
</text>
</block>
<block><region><rect/></region>
<text>
<par/>
</text>
</block>
<block><region><rect/></region>
<text>
<par/>
</text>
</block>
<block><region><rect/></region>
<text>
<par>
<line>wr</line></par>
</text>
</block>
<block><region><rect/></region>
<text>
<par/>
</text>
</block>
<block><region><rect/></region>
<text>
<par/>
</text>
</block>
<block><region><rect/></region>
<text>
<par/>
</text>
</block>
<block><region><rect/></region>
<text>
<par/>
</text>
</block>
<block><region><rect/></region>
<text>
<par/>
</text>
</block>
<block><region><rect/></region>
<text>
<par/>
</text>
</block>
<block><region><rect/></region>
<text>
<par/>
</text>
</block>
<block><region><rect/></region>
<text>
<par>
<line>AGERIN SARL</line></par>
</text>
</block>
<block><region><rect/><rect/><rect/></region>
<text>
<par>
<line>Prescription : 29 juiilet 2002</line></par>
</text>
</block>
<block><region><rect/><rect/><rect/><rect/></region>
<text>
<par>
<line>Office National des Forêts</line></par>
</text>
</block>
<block><region><rect/></region>
<text>
<par>
<line>DOCUMENT APPROUVE</line></par>
</text>
</block>







<block blockType="Picture" blockName="" l="832" t="3970" r="1096" b="4042"><region><rect/></region>
</block>
<block blockType="Picture" blockName="" l="802" t="5378" r="1224" b="5758"><region><rect/></region>
</block>
</page>
</PM1>