<?xml version="1.0" encoding="UTF-8"?><PM1>
<page width="1699" height="2371" resolution="200">
<block><region><rect/></region>
<text>
<par>
<line>libtnf » Égalité • Fraternité</line></par>
<par>
<line>RÉFUBLiQyS F^ÇAISB</line></par>
</text>
</block>
<block><region><rect/></region>
<text>
<par>
<line>PREFECTURE DE LA REGION GUADELOUPE</line></par>
<par>
<line>ARRETE</line></par>
<par>
<line>/sidpc</line></par>
</text>
</block>
<block><region><rect/></region>
<text>
<par>
<line>ARRETE</line></par>
<par>
<line>Portant approbation du Plan de Prévention des Risques</line>
<line>naturels prévisibles pour la commune de Basse-Terre</line></par>
<par>
<line>*********</line></par>
</text>
</block>
<block><region><rect/></region>
<text>
<par>
<line>LE PREFET DE LA REGION GUADELOUPE,</line>
<line>CHEVALIER DE LA LEGION D’HONNEUR</line>
<line>COMMANDEUR DE L’ORDRE NATIONAL DU MERITE</line></par>
</text>
</block>
<block><region><rect/></region>
<text>
<par>
<line>Vu le Code de l’environnement, et notamment le livre V, titre VI sur la prévention des risques</line>
<line>naturels ;</line></par>
<par>
<line>Vu le code de Turbanisme ;</line></par>
<par>
<line>Vu le code de la construction et de l’habitation ;</line></par>
<par>
<line>Vu le code de l’expropriation pour cause d’utilité publique ;</line></par>
<par>
<line>Vu le code forestier ;</line></par>
<par>
<line>Vu le code pénal ;</line></par>
<par>
<line>Vu le code de procédure pénale ;</line></par>
<par>
<line>Vu le code civil ;</line></par>
<par>
<line>Vu le code général des collectivités tenitoriales ;</line></par>
<par>
<line>Vu le code des assurances ;</line></par>
<par>
<line>Vu le décret n'’ 90-918 du 11 octobre 1990 relatif à l’exercice du droit à l’information sur les</line></par>
<par>
<line>risques majeurs modifié par le décret n°2004-554 du 09 juin 2004 ;</line></par>
<par>
<line>Vu le décret n° 91-461 du 14 mai 1991 relatif à la prévention du risque sismique modifié par le</line>
<line>décret n°2004-1413 du 23 décembre 2004 ;</line></par>
<par>
<line>Vu le décret n^’ 95-630 du 05 mai 1995 relatif au commissionnement et à l’assermentation</line>
<line>d’agents habilités à rechercher et à constater les infractions à la loi n® 92-3 du 03 Janvier</line>
<line>1992 sur l’eau;</line></par>
</text>
</block>





















</page>
<page width="1701" height="2372" resolution="200">
<block><region><rect/></region>
<text>
<par>
<line>Vu le décret n° 95-1089 du 05 octobre 1995 relatif aux plans de prévention des risques naturels</line>
<line>prévisibles modifié par le décret n°2005-3 du 05 janvier 2005</line></par>
<par>
<line>Vu l’arrêté préfectoral n° 2002-1754-AD/1/4 du 16 octobre 2002 portant prescription d’un plan</line></par>
<par>
<line>de prévention des risques naturels prévisibles sur le territoire de la commune de BASSE-</line></par>
<par>
<line>TERRE ;</line></par>
<par>
<line>Vu l’arrêté préfectoral n° 2004-1611AD/1/4 du 19 octobre 2004 prescrivant l’ouverture d’une</line>
<line>enquête publique relative au plan de prévention des risques naturels prévisibles sur le</line>
<line>territoire de la commime de BASSE-TERRE ;</line></par>
<par>
<line>Vu l’avis défavorable émis le 15 novembre 2004 par le Conseil Municipal de Basse-Terre ;</line></par>
<par>
<line>Vu le procès-verbal de l’enquête publique à laquelle il a été procédé du 16 novembre 2004 au 16</line>
<line>décembre 2004 inclus et les conclusions motivées du commissaire enquêteur ;</line></par>
<par>
<line>Vu le rapport du Directeur Départemental de l’Equipement, instructeur du projet ;</line></par>
<par>
<line>- Considérant que les modifications et corrections apportées au dossier du projet de plan</line>
<line>de prévention des risques naturels prévisibles de la commune de Basse-Terre ne changent</line>
<line>pas de manière substantielle l’économie générale du projet ;</line></par>
<par>
<line>- Sur proposition de Monsieur le Secrétaire Général de la Préfecture ;</line></par>
</text>
</block>
<block><region><rect/></region>
<text>
<par>
<line>ARRETE</line></par>
</text>
</block>
<block><region><rect/></region>
<text>
<par>
<line>Article l®*": I- Est approuvé, tel qu’il est annexé au présent arrêté, le Plan de</line></par>
<par>
<line>Prévention des Risques naturels prévisibles de la commune de Basse-Terre.</line></par>
<par>
<line>II- le P.P.R. comprend :</line></par>
<par>
<line>- un rapport de présentation ;</line></par>
<par>
<line>- un règlement ;</line></par>
<par>
<line>- uii plan de zone^e ;</line></par>
<par>
<line>- des annexes.</line></par>
<par>
<line>III- Il est tenu à la disposition du public tous les jours ouvrables et aux</line>
<line>heures habituelles d’ouverture des bureaux :</line></par>
<par>
<line>- à la mairie de Basse-Terre ;</line></par>
<par>
<line>- à la Préfecture de la Guadeloupe.</line></par>
<par>
<line>Article 2 : Le Plan de Prévention des Risques naturels prévisibles de la commune de Basse-</line>
<line>Terre sera notifié à Monsieur le Maire de Basse-Terre en vue de son annexion au document</line>
<line>d’urbanisme de la commune pour sa prise en compte lors de la délivrance des autorisations de</line>
<line>construire.</line></par>
</text>
</block>



















</page>
<page width="1691" height="2365" resolution="200">
<block><region><rect/></region>
<text>
<par>
<line>Article 3 :</line></par>
</text>
</block>
<block><region><rect/></region>
<text>
<par>
<line>Ampliation du présent arrêté sera adressé à :</line></par>
<par>
<line>- M. le Sous-Préfet de rarrondissement de Basse-Terre ;</line></par>
<par>
<line>- M. le Maire de la commune de Basse-Terre ;</line></par>
<par>
<line>- M. le Directeur Départemental de l’Equipement ;</line></par>
<par>
<line>- M. le Directeur Régional de rEnvironnement.</line></par>
</text>
</block>
<block><region><rect/></region>
<text>
<par>
<line>Article 4 : Le Secrétaire Général de la Préfecture, le Directeur de Cabinet, le Maire de la</line>
<line>commtme de Basse-Terre, le Directeur Départemental de rEquipement, le. Directeur Régional</line>
<line>de l’Environnement, sont chargés en ce qui les concerne de l’exécution du présent arrêté qui</line>
<line>sera publié au recueil des actes administratif de la Préfectme.</line></par>
</text>
</block>
<block><region><rect/></region>
<text>
<par>
<line>Fait à Basse-Terre le 3,9 DEC. 2895</line></par>
</text>
</block>
<block><region><rect/></region>
<text>
<par>
<line>Pour AmpMion</line></par>
</text>
</block>
<block><region><rect/></region>
<text>
<par>
<line>Le Préfet</line></par>
<par>
<line>3 Paul GIROT de LANGLADE</line></par>
</text>
</block>



















</page>
</PM1>