<?xml version="1.0" encoding="UTF-8"?><PM1>
<page width="1688" height="2356" resolution="200">
<block><region><rect/></region>
<text>
<par>
<line>' ' ■ ' f '</line></par>
<par>
<line>rvice de la Coordination et de l’Action</line>
<line>Economique</line></par>
<par>
<line>f':.</line></par>
</text>
</block>
<block><region><rect/></region>
<text>
<par>
<line>%</line></par>
</text>
</block>
<block><region><rect/></region>
<text>
<par>
<line>Le PREFET du VAR, Chevalier de la Légion d’Honneur,</line></par>
<par>
<line>- VU le loi n°78-12 du 14 Janvier 1979, relative à la responsabilité</line>
<line>et à l'assurance dans le domaine de la construction,</line></par>
<par>
<line>- VU le décret n°77"775. du 7 Juillet 1977 codifiant le Code de l'Urôanisn</line>
<line>et relatif aux règles nationales d'urbanisTne, et notamment l'article</line></par>
<par>
<line>R. 111-3 du Code de l'Urbanisme relatif à la construction sur les</line>
<line>terrains exposés à des risques naturels.</line></par>
</text>
</block>
<block><region><rect/></region>
<text>
<par>
<line>- VU le décret n°59“701 du 6Juin 1959 relatif à la procédure d'enquête</line></par>
<par>
<line>préalable d’utilité publique,</line></par>
<par>
<line>\</line></par>
<par>
<line>- VU l'arrêté préfectoral du l4 Juin 1978 prescrivant l'enquête publique</line>
<line>sur la délimitation des zones de risques naturels des territoires des</line>
<line>cormunes de SAIhT.CYR-sur-MER, LE CASTELLEU?, LA CADÏERE D'AZUH,</line></par>
<par>
<line>LE BEAÜSSET et SANARY-sur-î-'EH,</line></par>
<par>
<line>» »</line></par>
<par>
<line>- VU les conclusions du Corrmissaire-Enquêceur en date du i5*Aàrs 1979,</line></par>
<par>
<line>&gt;&gt; &gt; ••&gt;&gt;«*</line></par>
<par>
<line>2 » » 2 1</line></par>
<par>
<line>- VU le rapport de Monsieur le Directeur Eepartemental de l^’Equip-enent ’</line>
<line>rendant a réglementer la construction sur les terrains scurfiis à ces</line>
<line>risques naturels, en date du 30 Septemore I980,</line></par>
</text>
</block>
<block><region><rect/></region>
<text>
<par>
<line>- VU les délibérations des conseils imnicipaüx des • cornâmes do</line>
<line>SAJINT’.CYR.SUR.r^ER, en date du 28 Novenore 198O,</line></par>
<par>
<line>LE CA^TELLET, en date du 7 Février 198I, . ^</line></par>
<par>
<line>LA CADÏERE D'AliUR en date du 16 Eécembre 198O,</line></par>
<par>
<line>LE 3EAUSSET, en date du 11 Avril 1981,</line></par>
<par>
<line>SAiLAHF, en date du l4 Novembre 198O,</line></par>
</text>
</block>
<block><region><rect/><rect/></region>
<text>
<par>
<line>VU l'avis de la Cormiission Déoartemental-e du</line></par>
<par>
<line>,Q *. • 400, ‘ /î/ adjoint A Uüi-i^ANiSME</line></par>
<par>
<line>19 octocre 19B1 p/ - 83230 LE BEAüSSET</line></par>
</text>
</block>
<block><region><rect/></region>
<text>
<par>
<line>-'A-R R E'T E -</line></par>
</text>
</block>
<block><region><rect/></region>
<text>
<par/>
</text>
</block>
<block><region><rect/></region>
<text>
<par>
<line>orz</line></par>
</text>
</block>
<block><region><rect/></region>
<text>
<par>
<line>• -AfïriCLE 1.-</line></par>
</text>
</block>
<block><region><rect/></region>
<text>
<par>
<line>Sur le territoire des conmunes de SAINT.CYH.SUR.fSÎ, LE CAEiu_Lz</line>
<line>LA CADIEHE D'Ai;UH, LE BEAÜSSET et SAi'LûJîV.srj'R.p^, les terrains délimités</line>
<line>aux plans annexés au présent arrêté sont reconnus corme étant soamis à</line>
<line>des risques naturels : glissements de terr-ains, chutes de pierres et de</line>
<line>blocs, effondrements liés au ccmblerr.ent de- cavités souterrainen, érusicns</line>
<line>superficielles et ravinements, entraînant ou susceptibles d'entraîner ces</line>
<line>désordres.</line></par>
</text>
</block>
<block><region><rect/></region>
<text>
<par/>
</text>
</block>















</page>
<page width="1709" height="2371" resolution="200">
<block><region><rect/></region>
<text>
<par>
<line>- AKnci£ 2.-</line></par>
</text>
</block>
<block><region><rect/></region>
<text>
<par>
<line>Les terrains soumis à des risques naturels sont classes en</line>
<line>■ deux types de zones en raison de la gravite des lisques :</line></par>
<par>
<line>ZONES 1. : dans lesquelles les constructions nouvelles sont interdites</line>
<line>à 1*exception des ouvrages d’intérêt public.</line></par>
<par>
<line>Ce type de zones est porté en trame grisée foncée aux plans</line>
<line>à l'échelle du l/5.000èj annexés au présent arrêtë.</line></par>
<par>
<line>ZONES 2 : dans lesquelles les constructions nouvelles sont soumises à</line></par>
<par>
<line>études préalables et contrôles geothechniques. 'Ce type de zones</line>
<line>est porté en trame grisée claire aux plans à l'échelle du</line>
<line>l/5.000ëj annexés au présent arreté. • '</line></par>
<par>
<line>\ article 3.- ' ; ■</line></par>
</text>
</block>
<block><region><rect/></region>
<text>
<par>
<line>Eens les zones tous les projets de-lotissements ou de</line>
<line>constructions nouvelles sont interdits, à l'exception des ouvrages d'inté—</line>
<line>rêt public, tels que : réservoirs d'eau ôss Collectivités, station</line>
<line>d'épuration, réseaux publics d'eau de consonTra.tion, d'assainissement vanne,</line>
<line>ou pluviaux, de gaz et d'électricité, liaîsor^ dé télécornnunications,</line>
<line>routes et autoroutes-. • • - - -</line></par>
</text>
</block>
<block><region><rect/><rect/><rect/><rect/></region>
<text>
<par>
<line>ARTICLE 3.1--</line></par>
<par>
<line>Dans les zones 1, les ouvrages d'intérêt public, ’cru^:^.*! s'â^s'se</line>
<line>de constructions ou de démolitions, feront l'objet d'études et de conti'ôLe</line>
<line>géotechniques approfondis. Le constructeur sera te-iu d'^porter la preuve</line>
<line>de la stabilisation du terrain qu'il se propose d'utrliser ainsi qua ces</line>
<line>terrains avoisinants.</line></par>
<par>
<line>■ '■ ARTICLE'3.'2.-</line></par>
<par>
<line>Dans les zones 1, les constructions existantes pourront être</line>
<line>reconstruites après sinistre, sous réserve d'uns étude, géotechniqus</line>
<line>approfondie et contrôle géotechnique, en cours de démolition ou de</line>
<line>construction. ^</line></par>
<par>
<line>Dans tous les cas, la reconstruction se fera à l'identique</line>
<line>sur les emorises existantes, sauf avis teclhniaue contraire.</line></par>
<par>
<line>Les démolitions éventuelles nécessiteront, outre le permis de</line>
<line>démolir, le contrôle géotechnique en cours d'opération.</line></par>
<par>
<line>■ 'AP?riCL£ 4.- . ;</line></par>
<par>
<line>Dans les zones 2, où subsiste un. doute sur la stabilité des</line>
<line>terrains, tous projets de lotissements ou âe coostr’actions seront cbliga-</line>
<line>toirsment soumis à études-géotechniques approfondies, préalablement à</line>
<line>l'ÎTiStruction du permis de construire. Ces études feront partie intégrante</line>
<line>du dossier de permis de construire.</line></par>
</text>
</block>
<block><region><rect/></region>
<text>
<par>
<line>» I</line>
<line>I</line></par>
<par>
<line>I »</line></par>
</text>
</block>
<block><region><rect/></region>
<text>
<par/>
</text>
</block>








</page>
<page width="1674" height="2346" resolution="200">
<block><region><rect/></region>
<text>
<par>
<line>mesures de sécurité et de stabilité du terrain qu'il se propose d’util</line>
<line>ont été prises et que la ou les constructions qu'il se propose d'édifie</line>
<line>n'apporteront pas de trouble dans les terrains avoisinants.</line></par>
<par>
<line>Dans tous les cas, l'exécution des travaux, soumise â l'accor</line>
<line>des services conpetents, sera suivie et contrôlée -par un Géotechnicien.</line></par>
<par>
<line>. . AHTICLE 4:1.- ■ . - .</line></par>
<par>
<line>■■■■ »</line></par>
<par>
<line>Les constructions existantes pourront être reconstruites, apr</line>
<line>sinistre, dans les conditions fixées par l'article 4 ci-dessus. '</line></par>
<par>
<line>AHTXCrE 4:2.:</line></par>
</text>
</block>
<block><region><rect/></region>
<text>
<par>
<line>Les dénxlitions éventuelles, outre la délivrance, du permis de</line>
<line>démolir, seront soumises au contrôle d'un Géotechnicien.</line></par>
<par>
<line>■ARncLE-5.-</line></par>
</text>
</block>
<block><region><rect/></region>
<text>
<par>
<line>Eans tous les cas, le candidat à la construction'devra fournie</line>
<line>un dossier géotechnique prouvant qu'il a adopté pour sa construction</line>
<line>les disDositions nécessaires pour parer aux risques.</line></par>
<par>
<line>_ ■ y</line></par>
<par>
<line>Les dispositions propres pour pareÈ aux risques, quelle qu'en</line>
<line>sbît la nature, s'étendent aux terrassements, drains^es, évacuation des</line></par>
<par>
<line>eaux usées et pluviales, fondations et structures de la construction.</line></par>
<par>
<line>»</line></par>
<par>
<line>•'AFiTICLE-fi.- ' îT”’</line></par>
<par>
<line>^ &gt; y ^</line></par>
<par>
<line>Les articles 2,3, 4- et 5 précédents, re3ai.ifs aux disposition:</line>
<line>afférentes aux zones 1 et zones 2, soumises à- des risques naturels, spn.'</line>
<line>applicables nonobstant les dispositions des plans-d'occupation des- sols</line>
<line>prescrits, publiés, aocrouvés ou mis en révision dans les^coiimunés dq</line>
<line>SAiOT.CYR.SUR.rCR, Œ CASTELLET, LA CADIERE D'AZUR, LE BEA’ÛSSET</line></par>
<par>
<line>sanpj^.sur.merT :</line></par>
<par>
<line>»»•» !»*»&gt;•</line></par>
<par>
<line>■•ARTICLE'?.-</line></par>
</text>
</block>
<block><region><rect/></region>
<text>
<par>
<line>' .Le Secrétaire Général du Var, Monsieur le Sous-Préfet de lOUD</line>
<line>chargé de mission, Monsieur le .r^felre de SAJNT.CYR-sur-MER, Monsieur le</line>
<line>Maire du CASTELLET, Monsieur le Nfeire de LA CADIERE D'Azur, Monsieur le</line>
<line>Maire du .BEAUSSETT, Monsieur le Maire de SANARÏ.SUR.MER, le Directeur</line>
<line>Départemental de l'Equipement et le-Directeur Départemental de l'Agricu.</line>
<line>re sont chargés, chacun* en 'ce qui le concerne de l'application du prése</line>
<line>arrêté qui sera inséré au Recueil des Actes Administratifs de la Préfec</line></par>
</text>
</block>
<block><region><rect/><rect/><rect/></region>
<text>
<par>
<line>ATiON</line></par>
</text>
</block>
<block><region><rect/><rect/><rect/></region>
<text>
<par>
<line>'Z A</line></par>
<par>
<line>aiii -Lu</line></par>
</text>
</block>
<block><region><rect/></region>
<text>
<par>
<line>. TOULON, le 2 9 G CT. 1981</line></par>
<par>
<line>lE PREFET,</line></par>
<par>
<line>POUR LE PREFET tlWay"</line></par>
<par>
<line>Le Secrétaire Général</line></par>
</text>
</block>
<block><region><rect/></region>
<text>
<par/>
</text>
</block>
<block><region><rect/></region>
<text>
<par>
<line>Jean-Pferre f\ÂRQU/É</line></par>
</text>
</block>



















</page>
<page width="2529" height="3532" resolution="300">
<block><region><rect/></region>
<text>
<par>
<line>‘■.yr —</line></par>
</text>
</block>
<block><region><rect/></region>
<text>
<par/>
</text>
</block>
<block><region><rect/></region>
<text>
<par>
<line>DEPARTEMENT Dt/^'-VAR</line></par>
</text>
</block>
<block><region><rect/></region>
<text>
<par>
<line>V?' -.* .. ■' &gt;_;■</line></par>
</text>
</block>
<block><region><rect/></region>
<text>
<par>
<line>lilSfeDE, ST,:;(:ŸU</line></par>
</text>
</block>
<block><region><rect/></region>
<text>
<par/>
</text>
</block>
<block><region><rect/></region>
<text>
<par/>
</text>
</block>
<block><region><rect/></region>
<text>
<par>
<line>ï\^-</line></par>
</text>
</block>
<block><region><rect/><rect/></region>
<text>
<par/>
</text>
</block>
<block><region><rect/><rect/></region>
<text>
<par/>
</text>
</block>
<block><region><rect/><rect/></region>
<text>
<par>
<line>lùîljISII'rATKKX lÜKS Z(K\BS</line></par>
<par>
<line>iilhismjiîS: ^NArïiiiijBSlï-</line></par>
</text>
</block>
<block><region><rect/><rect/></region>
<text>
<par>
<line>I* e .A .*■ • '•^■'‘», -■* '"■'. ’: '</line></par>
<par>
<line>‘ •''’L —•</line></par>
</text>
</block>
<block><region><rect/><rect/><rect/><rect/><rect/><rect/><rect/><rect/><rect/><rect/><rect/><rect/></region>
<text>
<par>
<line>.-r-- .7 fA.;.-</line></par>
<par>
<line>• "y■’</line></par>
<par>
<line>&gt; • ' lêi</line>
<line>■-■■'Üi</line></par>
<par>
<line>■ 't.-îevS</line></par>
</text>
</block>
<block><region><rect/><rect/><rect/></region>
<text>
<par>
<line>; wfïxfi</line></par>
<par>
<line>r V</line></par>
</text>
</block>
<block><region><rect/><rect/></region>
<text>
<par/>
</text>
</block>
<block><region><rect/><rect/></region>
<text>
<par>
<line>PREFen'ORAL'DU^</line></par>
<par>
<line>IMSI^ftlCATlbN PE'kARtiCLE R .111-3 ' DU CODE</line></par>
</text>
</block>
<block><region><rect/></region>
<text>
<par>
<line>. &gt;.. ;!•.-.' -ii"</line></par>
</text>
</block>
<block><region><rect/></region>
<text>
<par>
<line>.• ■ *</line></par>
</text>
</block>
<block><region><rect/></region>
<text>
<par>
<line>S î;dêSL;\ühbanisme</line></par>
</text>
</block>
<block><region><rect/></region>
<text>
<par>
<line>'K ECHELLE :</line></par>
</text>
</block>
<block><region><rect/></region>
<text>
<par/>
</text>
</block>
<block><region><rect/></region>
<text>
<par>
<line>33</line></par>
</text>
</block>
<block><region><rect/></region>
<text>
<par>
<line>V*t;t t : "j</line></par>
</text>
</block>
<block><region><rect/></region>
<text>
<par/>
</text>
</block>
<block><region><rect/><rect/><rect/><rect/></region>
<text>
<par>
<line>’u eî SDprouvô corRme .annexé</line>
<line>on arrâtâ en date'de ca jour</line></par>
<par>
<line>'TOULON, le 2 9 OCT. 1981</line>
<line>.-■ LS PREFET, '</line></par>
</text>
</block>
<block><region><rect/></region>
<text>
<par>
<line>aO.E. DÜ.VAR ::.i</line></par>
</text>
</block>
<block><region><rect/><rect/></region>
<text>
<par>
<line>‘-TT "-z' . h- .</line></par>
<par>
<line>^ ‘i</line></par>
</text>
</block>
<block><region><rect/><rect/></region>
<text>
<par>
<line>;. pour le. P'r'.;at^</line></par>
<par>
<line>: .îé Chef às</line></par>
</text>
</block>
<block><region><rect/></region>
<text>
<par/>
</text>
</block>
<block><region><rect/><rect/><rect/><rect/><rect/></region>
<text>
<par/>
</text>
</block>
<block><region><rect/></region>
<text>
<par>
<line>J ' - .'</line></par>
</text>
</block>
<block><region><rect/></region>
<text>
<par/>
</text>
</block>
<block><region><rect/></region>
<text>
<par/>
</text>
</block>
<block><region><rect/></region>
<text>
<par/>
</text>
</block>
<block><region><rect/></region>
<text>
<par/>
</text>
</block>
<block><region><rect/></region>
<text>
<par>
<line>ZONE 1</line></par>
</text>
</block>
<block><region><rect/></region>
<text>
<par/>
</text>
</block>
<block><region><rect/><rect/></region>
<text>
<par>
<line>.'.ElPL s^-J-^îWDLEî!-" ^</line></par>
<par>
<line>Dans : iGsquGllQs’: les coretajctibni</line>
<line>noLM2(l(S sont interdités'al'exc^jtKM</line>
<line>des' ouvrages d’rtenzt publiqijàÿï^</line></par>
</text>
</block>
<block><region><rect/><rect/><rect/></region>
<text>
<par>
<line>'rj,</line></par>
</text>
</block>
<block><region><rect/><rect/></region>
<text>
<par>
<line>■ -W9'.</line></par>
</text>
</block>
<block><region><rect/></region>
<text>
<par/>
</text>
</block>
<block><region><rect/></region>
<text>
<par>
<line>ZONE 2</line></par>
</text>
</block>
<block><region><rect/><rect/><rect/></region>
<text>
<par>
<line>Dans lesquelles toutes les</line>
<line>constructions nouvelles</line>
<line>soLTnises a etudes gaotechniques i</line></par>
</text>
</block>
<block><region><rect/></region>
<text>
<par>
<line>;.Tv</line></par>
</text>
</block>
<block><region><rect/></region>
<text>
<par/>
</text>
</block>


































</page>
</PM1>