<?xml version="1.0" encoding="UTF-8"?><PM1>
<page width="2479" height="3508" resolution="300">
<block><region><rect/></region>
<text>
<par>
<line>Liberté * Égalité * Fraternité</line></par>
</text>
</block>
<block><region><rect/></region>
<text>
<par>
<line>République Française</line></par>
</text>
</block>
<block><region><rect/></region>
<text>
<par>
<line>PREFECTURE DE LA LOIRE</line></par>
</text>
</block>
<block><region><rect/></region>
<text>
<par>
<line>Saint-Etienne, le 30 juillet 2001</line></par>
</text>
</block>
<block><region><rect/></region>
<text>
<par>
<line>LE PREFET DE LA LOIRE</line>
<line>CHEVALIER DE LA LEGION D'HONNEUR,</line>
<line>OFFICIER DE L'ORDRE NATIONAL DU MERITE,</line></par>
</text>
</block>
<block><region><rect/></region>
<text>
<par>
<line>PLAN DE PREVENTION DES RISQUES NATURELS PREVISIBLES D'INONDATIONS</line>
<line>COMMUNES DE CUZIEU, UNIAS, MONTROND-LES-BAINS,BOISSET- LES- MONTROND</line></par>
<par>
<line>Vu le code de l'expropriation pour cause d'utilité publique ;</line></par>
<par>
<line>Vu le code de l'Urbanisme ;</line></par>
<par>
<line>Vu le code de la Construction et de l'habitation ;</line></par>
<par>
<line>Vu le code forestier ;</line></par>
<par>
<line>Vu le code pénal ;</line></par>
<par>
<line>Vu le code de l'Environnement notamment ses articles L562-1 à L562-9;</line></par>
<par>
<line>Vu le code de procédure pénale ;</line></par>
<par>
<line>Vu le décret n° 95-1089 du 5 octobre 1995 relatif aux plans de prévention des risques naturels</line>
<line>prévisibles ;</line></par>
<par>
<line>Vu le décret n° 90-918 du 11 octobre 1990 relatif à l'exercice du droit à l'information sur les</line>
<line>risques majeurs ;</line></par>
<par>
<line>Vu le décret n° 95-630 du 5 mai 1995 relatif au commissionnement et à l'assermentation</line>
<line>d'agents habilités à rechercher et à constater les infractions à la loi n° 92.3 du 3 janvier 1992 sur</line>
<line>l'eau ;</line></par>
<par>
<line>Vu la circulaire du 24 janvier 1994 relative à la prévention des inondations et à la gestion des</line>
<line>zones inondables ( J .0. du 10 avril 1994) ;</line></par>
<par>
<line>Vu la circulaire du 24 avril 1996 relative aux dispositions applicables au bâti et ouvrages</line>
<line>existants en zones inondables ( J .0. du 14 juillet 1996) ;</line></par>
<par>
<line>Vu l'arrêté n° 99-1002 de Monsieur le Préfet de la Loire du 9 novembre 1999 approuvant</line>
<line>l'élaboration d'un plan de prévention des risques naturels prévisibles d'inondations du fleuve</line>
<line>Loire sur les communes de Cuzieu, Unias, Montrond-Les-Bains et Boisset-Les-Montrond ;</line></par>
</text>
</block>

</page>
<page width="2479" height="3508" resolution="300">
<block><region><rect/></region>
<text>
<par>
<line>Vu l'avis en date du 12 janvier 2001 du conseil municipal de la commune de Cuzieu ;</line></par>
<par>
<line>Vu les avis réputés favorables des communes de Unias, Montrond-Les-Bains et Boisset-Les-</line>
<line>Montrond;</line></par>
<par>
<line>Vu l'avis de la chambre d'agriculture du 30 janvier 2001 ;</line></par>
<par>
<line>Vu l'enquête publique du 3 janvier 2001 au 17 janvier 2001 inclus et notamment le rapport</line>
<line>favorable du commissaire enquêteur ;</line></par>
<par>
<line>Sur le rapport de Monsieur le directeur départemental de l'Equipement de la Loire,</line></par>
<par>
<line>Sur proposition de Monsieur le Secrétaire Général de la Préfecture de la Loire,</line></par>
</text>
</block>
<block><region><rect/></region>
<text>
<par>
<line>A R R E T E</line></par>
</text>
</block>
<block><region><rect/></region>
<text>
<par>
<line>ARTICLE 1er : Le plan de prévention des risques naturels prévisibles d'inondations du fleuve</line>
<line>Loire sur le territoire des communes de Cuzieu, Unias, Montrond-Les-Bains et Boisset-Les-</line>
<line>Montrond est approuvé tel qu'il est annexé au présent arrêté.</line></par>
</text>
</block>
<block><region><rect/></region>
<text>
<par>
<line>ARTICLE 2 : Ce plan de prévention des risques naturels prévisibles vaut servitude d'utilité</line>
<line>publique et devra être annexé au plan d'occupation des sols des communes de Cuzieu, Unias,</line>
<line>Montrond-Les-Bains et Boisset-Les-Montrond conformément aux dispositions de l'article L126-1</line>
<line>du code de l'urbanisme (article 40-4 de la loi n° 87-565 du 22 J uillet 1987 modifiée).</line></par>
</text>
</block>
<block><region><rect/></region>
<text>
<par>
<line>ARTICLE 3 : Le présent arrêté sera publié au recueil des actes administratifs de la préfecture</line>
<line>du département de la Loire et mention en sera faite dans deux journaux publiés dans le</line>
<line>département. En outre, cet arrêté sera affiché pendant trente jours en mairie de Cuzieu, Unias,</line>
<line>Montrond-Les-Bains et Boisset-Les-Montrond.</line></par>
</text>
</block>
<block><region><rect/></region>
<text>
<par>
<line>ARTICLE 4 : Monsieur le secrétaire général de la préfecture de la Loire, monsieur le Directeur</line>
<line>Départemental de l'Equipement, Messieurs les Maires des communes de Cuzieu, Unias,</line>
<line>Montrond-Les-Bains et Boisset-Les-Montrond sont chargés, chacun en ce qui le concerne, de</line>
<line>l'exécution du présent arrêté.</line></par>
</text>
</block>
<block><region><rect/></region>
<text>
<par>
<line>Le Préfet de la Loire</line>
<line>le 30 juillet 2001</line></par>
</text>
</block>
<block><region><rect/></region>
<text>
<par/>
</text>
</block>
<block><region><rect/></region>
<text>
<par>
<line>Four fe Ftéfei</line></par>
</text>
</block>
<block><region><rect/></region>
<text>
<par>
<line>par (içïéeahon</line></par>
</text>
</block>
<block><region><rect/><rect/></region>
<text>
<par/>
</text>
</block>
<block><region><rect/></region>
<text>
<par>
<line>Le Secrélalre</line></par>
</text>
</block>
<block><region><rect/></region>
<text>
<par>
<line>neral</line></par>
</text>
</block>
<block><region><rect/></region>
<text>
<par>
<line>U)(f^</line></par>
</text>
</block>
<block><region><rect/></region>
<text>
<par/>
</text>
</block>
<block><region><rect/></region>
<text>
<par>
<line>Philippe DARCEL</line></par>
</text>
</block>
<block><region><rect/></region>
<text>
<par/>
</text>
</block>





</page>
<page width="2479" height="3508" resolution="300">
<block><region><rect/></region>
<text>
<par>
<line>NOTE DE PRESENTATION</line></par>
</text>
</block>
<block><region><rect/></region>
<text>
<par>
<line>Le présent projet de plan de prévention des risques naturels prévisibles concerne les zones inondables de</line>
<line>la Loire des communes d'Unias, C uzieu, B oi sset-l es- M ontrond et M ontrond-l es- B ai ns, si tuée à envi ron</line>
<line>20 kilomètres à l'aval du barrage de Grangent.</line></par>
<par>
<line>D'une manière générale, les zones inondables de ces communes sont peu aménagées et constituent des</line>
<line>espaces agricoles et fai sant l'objet de carri ères al l uvi onaires</line></par>
<par>
<line>11 fait suite à ceux mis en œuvre sur les huit communes en amont (Saint J ust-Saint Rambert, Andrézieux-</line>
<line>Bouthéon, Bonson, Saint-Cyprien, Veauche, Veauchette, Rivas et Craintilleux) et bénéficie des études</line>
<line>réalisées dans ce cadre.</line></par>
</text>
</block>
<block><region><rect/></region>
<text>
<par>
<line>I - Le fleuve Loire</line></par>
<par>
<line>1.1 Description du cours</line></par>
<par>
<line>La Loire, plus long fleuve français (1012 kilomètres), prend sa source au M ont Gerbier de J onc ( 1420</line>
<line>mètres) dans le département de l'Ardèche à moins de cent cinquante kilomètres de la M éditerranée.</line></par>
<par>
<line>II traverse le département de la Haute-Loire en direction du nord où il creuse une première série de</line>
<line>gorges. A la sortie de ces gorges, il reçoit les eaux de son premier affluent important, le Lignon du Velay,</line>
<line>et débouche dans la plaine de Bas en Basset.</line></par>
<par>
<line>11 pénètre dans le département de la Loire au niveau du confluent avec la rivière la Semène.</line></par>
<par>
<line>Son cours traverse à nouveau une série de gorges avant de déboucher dans la plaine du Forez.</line></par>
<par>
<line>Dans ces gorges a été érigé le barrage hydroélectrique de Grangent dont la première mise en eau remonte</line>
<line>à 1957. La superficie du bassin versant de la Loire au niveau du barrage est de 3 850 kilomètres carrés.</line></par>
<par>
<line>1.2 - Généralités hydrologiques et hydrauliques</line></par>
<par>
<line>Le régime de la Loire est très i rrégul ier en rai son de l'i mperméabi l i sati on des terrai ns traversés, de</line>
<line>l'absence de réserves nivales et de nappes régulatrices. Les crues succèdent aux maigres indépendamment</line>
<line>des périodes de basses et hautes eaux.</line></par>
<par>
<line>Le tableau ci-dessous donne quelques valeurs des débits observés à Andrézieux-Bouthéon :</line></par>
</text>
</block>
<block blockType="Table" blockName="" l="672" t="2237" r="2097" b="2555"><region><rect/></region>
<row>
<cell width="1126" height="82">
<text>
<par>
<line>Débit mensuel minimal (durée de retour : 2 ans)</line></par>
</text></cell>
<cell width="299" height="82">
<text>
<par>
<line>7 m^/s</line></par>
</text></cell></row>
<row>
<cell width="1126" height="77">
<text>
<par>
<line>Débit de référence d'éti age</line></par>
</text></cell>
<cell width="299" height="77">
<text>
<par>
<line>5,7 m^/s</line></par>
</text></cell></row>
<row>
<cell width="1126" height="77">
<text>
<par>
<line>Débit moyen</line></par>
</text></cell>
<cell width="299" height="77">
<text>
<par>
<line>47 m^/s</line></par>
</text></cell></row>
<row>
<cell width="1126" height="82">
<text>
<par>
<line>Débit de la crue d'octobre 1907</line></par>
</text></cell>
<cell width="299" height="82">
<text>
<par>
<line>4 550 m^/s</line></par>
</text></cell></row>
</block>
<block><region><rect/></region>
<text>
<par>
<line>La Loire supérieure est notamment soumise au régime des crues cévenoles. Survenant majoritairement en</line>
<line>automne, elles sont brutales mais de courte durée (quelques heures). Lors de la crue de 1980, le débit de</line>
<line>la Loire est passé de 600 m^/s à 3400 m^/s en quatre heures et est resté supérieur à 900 m^/s pendant 15</line>
<line>heures.</line></par>
<par>
<line>1.3- Les crues historiques</line></par>
<par>
<line>Les chroniques historiques font état d'une cinquantaine de crues ayant marqué la mémoire des hommes</line>
<line>depuis le XIVéme siècle.</line></par>
<par>
<line>La première crue sur laquelle des informations précises sont disponibles s'est déroulée le 11 novembre</line>
<line>1790. Les dégâts provoqués dans le département de la Loire se sont élevés à environ deux millions de</line>
<line>livres de l'époque.</line></par>
</text>
</block>






</page>
<page width="2479" height="3508" resolution="300">
<block><region><rect/></region>
<text>
<par>
<line>La crue du 16 octobre 1846 est considérée dans la plaine du Forez comme la crue ayant recouvert la plus</line>
<line>grande étendue. Le niveau des eaux s'était élevé à 14,50 m à l'ancienne échelle du pont du Pertuiset.</line>
<line>Cette crue a été suivie de deux autres importantes en 1856 et 1866.</line></par>
<par>
<line>Le XXéme siècle a connu deux crues très importantes :</line></par>
<par>
<line>- le 17 octobre 1907 ;</line></par>
<par>
<line>- le 21 septembre 1980, réplique de la crue de 1866.</line></par>
</text>
</block>
<block><region><rect/></region>
<text>
<par>
<line>1.4- Hydrologie</line></par>
</text>
</block>
<block><region><rect/></region>
<text>
<par>
<line>Dans le cadre de l'étude hydraulique de la construction du pont autoroutier à Veauchette, une analyse des</line>
<line>débits à la station d'annonce des crues de Bas en Basset a été conduite par la société SOGREAH :</line></par>
</text>
</block>
<block blockType="Table" blockName="" l="676" t="984" r="2102" b="1379"><region><rect/></region>
<row>
<cell width="653" height="82">
<text>
<par>
<line>Date de la crue</line></par>
</text></cell>
<cell width="472" height="82">
<text>
<par>
<line>Hauteur à l'échelle</line></par>
</text></cell>
<cell width="301" height="82">
<text>
<par>
<line>Débit corrigé</line></par>
</text></cell></row>
<row>
<cell width="653" height="77">
<text>
<par>
<line>18 octobre 1846</line></par>
</text></cell>
<cell width="472" height="77">
<text>
<par>
<line>7 m 10</line></par>
</text></cell>
<cell width="301" height="77">
<text>
<par>
<line>3 950 m^/s</line></par>
</text></cell></row>
<row>
<cell width="653" height="77">
<text>
<par>
<line>17 Octobre 1907</line></par>
</text></cell>
<cell width="472" height="77">
<text>
<par>
<line>6 m 80</line></par>
</text></cell>
<cell width="301" height="77">
<text>
<par>
<line>4 550 m^/s</line></par>
</text></cell></row>
<row>
<cell width="653" height="77">
<text>
<par>
<line>24 Septembre 1866</line></par>
</text></cell>
<cell width="472" height="77">
<text>
<par>
<line>6 m 25</line></par>
</text></cell>
<cell width="301" height="77">
<text>
<par>
<line>3 280 m^/s</line></par>
</text></cell></row>
<row>
<cell width="653" height="82">
<text>
<par>
<line>25 Octobre 1943</line></par>
</text></cell>
<cell width="472" height="82">
<text>
<par>
<line>4 m 50</line></par>
</text></cell>
<cell width="301" height="82">
<text>
<par>
<line>2 150 m^/s</line></par>
</text></cell></row>
</block>
<block><region><rect/></region>
<text>
<par>
<line>Depuis cette étude, deux nouvelles crues se sont produites :</line></par>
</text>
</block>
<block blockType="Table" blockName="" l="676" t="1576" r="2100" b="1818"><region><rect/></region>
<row>
<cell width="653" height="83">
<text>
<par>
<line>Date de la crue</line></par>
</text></cell>
<cell width="472" height="83">
<text>
<par>
<line>Hauteur à l'échelle</line></par>
</text></cell>
<cell width="299" height="83">
<text>
<par>
<line>Débit</line></par>
</text></cell></row>
<row>
<cell width="653" height="77">
<text>
<par>
<line>21 Septembre 1980</line></par>
</text></cell>
<cell width="472" height="77">
<text>
<par>
<line>6 m 05</line></par>
</text></cell>
<cell width="299" height="77">
<text>
<par>
<line>3 400 m^/s</line></par>
</text></cell></row>
<row>
<cell width="653" height="82">
<text>
<par>
<line>13 Novembre 1996</line></par>
</text></cell>
<cell width="472" height="82">
<text>
<par>
<line>4 m 19</line></par>
</text></cell>
<cell width="299" height="82">
<text>
<par>
<line>2 250 m^/s</line></par>
</text></cell></row>
</block>
<block><region><rect/></region>
<text>
<par>
<line>L ' étude hydrol ogique SOGREAH, réalisé pour l ' établ i ssement des pl ans de préventi on des ri sques des</line>
<line>communes amont, a déterminé plus finement les débits à prendre en compte :</line></par>
</text>
</block>
<block blockType="Table" blockName="" l="525" t="2064" r="2245" b="2583"><region><rect/></region>
<row>
<cell width="1125" height="206">
<text>
<par>
<line>Crues</line></par>
</text></cell>
<cell width="296" height="206">
<text>
<par>
<line>Grangent</line></par>
</text></cell>
<cell width="299" height="206">
<text>
<par>
<line>Andrézieux</line></par>
</text></cell></row>
<row>
<cell width="1125" height="77">
<text>
<par>
<line>Débit de la crue décennale</line></par>
</text></cell>
<cell width="296" height="77">
<text>
<par>
<line>1 600 m^/s</line></par>
</text></cell>
<cell width="299" height="77">
<text>
<par>
<line>1 780 m^/s</line></par>
</text></cell></row>
<row>
<cell width="1125" height="77">
<text>
<par>
<line>Débit de la crue trentennale</line></par>
</text></cell>
<cell width="296" height="77">
<text>
<par>
<line>2 850 m3/s</line></par>
</text></cell>
<cell width="299" height="77">
<text>
<par>
<line>3 170 m3/s</line></par>
</text></cell></row>
<row>
<cell width="1125" height="77">
<text>
<par>
<line>Débit de la crue cinquantennale</line></par>
</text></cell>
<cell width="296" height="77">
<text>
<par>
<line>3 550 m3/s</line></par>
</text></cell>
<cell width="299" height="77">
<text>
<par>
<line>3 950 m3/s</line></par>
</text></cell></row>
<row>
<cell width="1125" height="82">
<text>
<par>
<line>Débit de la crue centennale</line></par>
</text></cell>
<cell width="296" height="82">
<text>
<par>
<line>4 400 m^/s</line></par>
</text></cell>
<cell width="299" height="82">
<text>
<par>
<line>4 900 m^/s</line></par>
</text></cell></row>
</block>
<block><region><rect/></region>
<text>
<par>
<line>1.5- Le barrage de Grangent</line></par>
<par>
<line>Le barrage de Grangent a été construit dans les gorges de Saint Victor sur les communes de Chambles et</line>
<line>Saint J ust-Saint Rambert et a été concédé à Electricité de France.</line></par>
<par>
<line>Ce barrage a pour vocation la production d'électricité et n'a pas de rôle d'écrêtement des crues.</line>
<line>L'application des consignes de gestion le rend "transparent" aux crues: les débits sortants sont égaux aux</line>
<line>débits entrants.</line></par>
</text>
</block>






















</page>
<page width="2479" height="3508" resolution="300">
<block><region><rect/></region>
<text>
<par>
<line>2- Prévention des inondations</line></par>
</text>
</block>
<block><region><rect/></region>
<text>
<par>
<line>Les mesures de protection sont de trois types : l'annonce des crues, les mesures</line>
<line>physiques, les mesures réglementaires.</line></par>
<par>
<line>2.1 - L'annonce des crues</line></par>
<par>
<line>L'objectif primordial de l'annonce des crues est d'éviter les pertes humaines lors d'une</line>
<line>crue en évacuant les riverains menacées dans des lieux sûrs. Elle permet également de</line>
<line>prendre des dispositions pour limiter les atteintes aux biens qui peuvent être déplacés dans un</line>
<line>délai assez court.</line></par>
<par>
<line>Le service d'annonce des crues sur le bassin de la Loire existe depuis 1864.</line></par>
<par>
<line>Actuellement, avec l'aide des données transmises par le réseau CRISTAL, cofinancé par</line>
<line>l'établissement public d'Aménagement de la Loire et de ses affluents (E.P.A.L.A.), l'agence de</line>
<line>l'Eau Loire-Bretagne et l'Etat, le service d'annonce des crues de la direction départementale de</line>
<line>l'Equipement de la Loire est en mesure de prévoir les crues avec une précision suffisante</line>
<line>jusqu'à environ 10 heures avant l'arrivée de la crue.</line></par>
<par>
<line>Le centre opérationnel départemental d'incendie et de Secours (C.O.D.I.S.) alerte, pour</line>
<line>le compte du préfet, les maires de l'imminence d'une crue, et leur transmet les avis de crue</line>
<line>élaborés par le service d'annonce des crues. Le maire peut alors alerter les riverains et prendre</line>
<line>les mesures adéquates de sauvegarde des biens et des personnes. Lorsque les événements le</line>
<line>nécessitent, l'Etat peut mettre à sa disposition des moyens d'intervention plus importants (plan</line>
<line>ORSEC).</line></par>
<par>
<line>La modernisation du réseau CRISTAL (stations automatiques, radar météorologique,</line>
<line>transmissions par satellite, modèles de prévision plus fiables ... ) et la mise en place d'un</line>
<line>système automatique d'appel des maires (DALI) permettront d'améliorer sensiblement ce</line>
<line>dispositif dans les prochaines années.</line></par>
<par>
<line>2.2 Mesures physiques</line></par>
<par>
<line>Actuellement, il n'existe pratiquement pas de mesures physiques de protection.</line></par>
<par>
<line>Celles-ci se limitent à des murs ou des digues très localisées construites avant tout pour</line>
<line>se protéger de l'érosion des berges. Il n'est pas prévu de prendre des mesures physiques de</line>
<line>protection.</line></par>
<par>
<line>Les mesures de protection vraiment efficaces sont en effet très onéreuses. Elles</line>
<line>perturbent l'équilibre hydraulique du fleuve et surtout ne sont efficaces que pour les crues</line>
<line>inférieures à la valeur prise en compte. Ainsi, une digue qui protège pour une crue de période</line>
<line>de retour de 50 ans donne une impression de sécurité et fait oublier les mesures élémentaires</line>
<line>de prévention. Quand une crue de périodicité supérieure arrivera, les dégâts seront</line>
<line>considérables (submersion brutale en écoulement torrentiel).</line></par>
<par>
<line>Il est également rappelé que le barrage de Grangent n'a pas été conçu pour écrêter les</line>
<line>crues. Sa capacité est faible et la précision des prévisions en volume des crues est</line>
<line>actuellement insuffisante pour pouvoir gérer le barrage en conséquence. Une mauvaise</line>
<line>estimation des caractéristiques d'une crue pourrait avoir pour conséquence une aggravation</line>
<line>des crues à l'aval.</line></par>
<par>
<line>Par contre, comme cela s'est produit en 1980, le barrage limite le charriage des objets de toutes sortes,</line>
<line>protégeant les ouvrages et constructions en aval de dégâts beaucoup plus importants.</line></par>
<par>
<line>2.3 Les mesures réglementaires</line></par>
</text>
</block>
</page>
<page width="2479" height="3508" resolution="300">
<block><region><rect/></region>
<text>
<par>
<line>Les communes d'Unias, Cuzieu, Boisset-les-M ontrond et M ontrond-les-Bains sont couvertes par le plan</line>
<line>des surfaces submersibles de la vallée de la Loire dans le département de la Loire approuvé par décret n°</line>
<line>47-1799 du 2 septembre 1947.</line></par>
<par>
<line>Les dispositions techniques applicables dans ces zones ont été définies par les décrets du 5 décembre</line>
<line>1972 et du 4 mars 1976 qui délimitent une zone A de «grand débit » ainsi qu'une zone B</line>
<line>«complémentaire» et précisent les possibilités d'occupation ou d'utilisation du sol.</line></par>
</text>
</block>
<block><region><rect/></region>
<text>
<par>
<line>3- Contexte réglementaire de ce plan</line></par>
<par>
<line>3.1 - Les textes en vigueur</line></par>
<par>
<line>Les plans de prévention des risques naturels prévisibles sont établis par l'Etat en application :</line></par>
<par>
<line>• • de la loi n° 87-565 du 22 juillet 1987 relative à l'organisation de la sécurité civile, à la</line></par>
<par>
<line>protection de la forêt contre l'incendie et à la prévention des risques majeurs, modifiée par la</line>
<line>loi n° 95-101 du 2 février 1995 relative au renforcement de la protection de l'environnement.</line></par>
<par>
<line>• • du décret n° 95-1089 du 5 octobre 1995 relatif aux plans de prévention des risques naturels</line></par>
<par>
<line>prévisibles.</line></par>
<par>
<line>L'objet de ces plans est de limiter les dommages causés aux personnes et aux biens par les inondations et</line>
<line>d'éviter l'accroissement de ceux-ci dans l'aveni r.</line></par>
<par>
<line>Ils délimitent les zones exposées en tenant compte de la nature et de l'intensité du risque encouru et des</line>
<line>champs d'expansion des crues à préserver ou à restaurer ; ils y interdisent tout type de construction,</line>
<line>d'ouvrage, d'aménagement ou d'exploitation agricole, forestière, artisanale, commerciale ou industrielle,</line>
<line>ou dans le cas où ceux-ci pourraient y être autorisés, ils prescrivent les conditions dans lesquelles ils</line>
<line>doivent être réalisés, utilisés ou exploités.</line></par>
<par>
<line>Ils peuvent définir:</line></par>
<par>
<line>• • Les mesures de prévention, de protection et de sauvegarde qui doivent être prises par les</line></par>
<par>
<line>collectivités locales, ainsi que celles qui peuvent incomber aux particuliers ;</line></par>
<par>
<line>• • Les mesures qui doivent être prises par les propriétaires, exploitants ou utilisateurs relatives</line></par>
<par>
<line>à l'aménagement, l'utilisation ou l'exploitation des constructions, des ouvrages, des espaces</line>
<line>mis en culture ou plantés existants à la date d'approbation du plan ;</line></par>
<par>
<line>Les plans de prévention des risques approuvés valent servitude d'utilité publique. Ils sont annexés au plan</line>
<line>d'occupation des sols des communes concernées conformément à l'article R 126-1 du code de</line>
<line>l'U rbanisme.</line></par>
<par>
<line>Le fait de construire ou d'aménager un terrain dans une zone interdite par un plan de prévention des</line>
<line>risques ou de ne pas respecter les conditions de réalisation, d'utilisation ou d'exploitation prescrites est</line>
<line>puni des pei nes prévues à l'article L 480-4 du Code de l'U rbani sme.</line></par>
<par>
<line>3.2 - Objectifs poursuivis</line></par>
<par>
<line>L es obj ecti fs à attei ndre ont été fixés par l a ci rcul ai re i ntermi ni stéri elle (I ntéri eur,</line>
<line>Équipement, Environnement) du 24 janvier 1994 ( J .0. du 10 avril 1994) :</line></par>
<par>
<line>• • Interdire les implantations humaines dans les zones les plus dangereuses où, quels</line></par>
<par>
<line>que soient les aménagements, la sécurité des personnes ne peut être garantie intégralement</line>
<line>et les limiter strictement dans les autres zones inondables ;</line></par>
<par>
<line>• • Préserver les capacités d'écoulement et d'expansion des crues pour ne pas aggraver les</line></par>
<par>
<line>risques pour les zones situées en amont et en aval ;</line></par>
</text>
</block>
</page>
<page width="2479" height="3508" resolution="300">
<block><region><rect/></region>
<text>
<par>
<line>• • Sauvegarder l'équilibre des milieux dépendant des petites crues et la qualité des</line>
<line>paysages souvent remarquables du fait de la proximité de l'eau et du caractère encore</line>
<line>naturel des vallées concernées.</line></par>
</text>
</block>
<block><region><rect/></region>
<text>
<par>
<line>Les principes à mettre en ouvre sont les suivants :</line></par>
<par>
<line>• • Interdire toute construction nouvelle à l'intérieur des zones inondables soumises aux</line></par>
<par>
<line>aléas les plus forts et saisir toutes les opportunités pour réduire le nombre des</line>
<line>constructions exposées.</line></par>
<par>
<line>Dans les autres zones inondables où les aléas sont moins importants, il convient donc de prendre les</line>
<line>dispositions nécessaires pour :</line></par>
<par>
<line>• • Hors agglomération, maintenir le caractère des zones naturelles (NC ou ND)</line></par>
<par>
<line>• • En agglomération, réduire la vulnérabilité des constructions qui pourront éventuellement être</line></par>
<par>
<line>autorisées.</line></par>
<par>
<line>• • Contrôler strictement l'extension de l'urbanisation dans les zones d'expansion des</line></par>
<par>
<line>crues, c'est-à-dire les secteurs non urbanisés ou peu urbanisés et peu aménagés où la crue</line>
<line>peut stocker un volume d'eau important.</line></par>
<par>
<line>Elles jouent en effet un rôle déterminant en réduisant momentanément le débit à l'aval, miais en</line>
<line>allongeant la durée de l'écoulement. La crue peut ainsi dissiper son énergie au prix de risques limités</line>
<line>pour les vies humaines et les biens. Ces zones d'expansion de crues jouent également le plus souvent</line>
<line>un rôle important dans la structuration du paysage et l'équilibre des écosystèmes.</line></par>
<par>
<line>il convient donc de veiller fermement à ce que les constructions qui pourront éventuellement être</line>
<line>autorisées soient compatibles avec les impératifs de la protection des personnes, de l'écoulement des</line>
<line>eaux, et avec les autres réglementations existantes en matière d'occupation et d'utilisation du sol</line>
<line>(notamment celles concernant la protection des paysages et la sauvegarde des milieux naturels).</line></par>
<par>
<line>• • Eviter tout endiguement ou remblaiement nouveau qui ne serait pas justifié par la</line></par>
<par>
<line>protection de lieux fortement urbanisés. En effet, ces aménagements sont susceptibles</line>
<line>d'aggraver les risques en amont et en aval.</line></par>
<par>
<line>3.3- Origine du présent projet de plan de prévention des risques</line></par>
<par>
<line>Le projet de plan de prévention des risques a été prescrit par l'arrêté préfectoral n° 99-1002 du 9</line>
<line>novembre 1999.</line></par>
</text>
</block>
<block><region><rect/></region>
<text>
<par>
<line>4- Elaboration du présent projet de plan de prévention des risques</line></par>
<par>
<line>4.1 - Données et étude</line></par>
<par>
<line>Avant de procéder à toute étude, il a été procédé à un levé topographique de la zone d'étude. Ce levé,</line>
<line>numérisé au format Autocad®, constituera le fond de plan des documents cartographiques du présent</line>
<line>projet de plan de prévention des risques.</line></par>
<par>
<line>Les calculs sont menés en écoulement permanent (débit constant avec le temps). La zone à étudier est</line>
<line>découpée en casiers. Le calcul se fait par échange de débits entre les casiers en introduisant des conditions</line>
<line>d'écoulement aux limites entre casiers.</line></par>
<par>
<line>L'étude fait l'objet du rapport n°55 0538 de mai 2000 de la société SOGREAH.</line></par>
<par>
<line>4.2 - Crues de référence</line></par>
<par>
<line>Pour la Loire, le débit de la crue de référence prise en compte dans le présent plan, correspond à celui de</line>
<line>la crue centennale calculé lors des études hydrologiques menées par SOGREAH. 11 correspond aux débits</line></par>
</text>
</block>
</page>
<page width="2479" height="3508" resolution="300">
<block><region><rect/></region>
<text>
<par>
<line>estimés des crues de 1846 et 1907 qui ont délimité les zones inondables du décret n° 47-1799 du</line>
<line>2 septembre 1947.</line></par>
<par>
<line>Ainsi, l'étude défi nit les i nondati ons pour des crues si milaires à celles de 1846 et 1907 dans l a</line>
<line>topographie actuelle.</line></par>
<par>
<line>4.3- Détermination des aléas</line></par>
<par>
<line>L'étude SOGREAH indiquera, pour les crues de référence :</line></par>
<par>
<line>• • Les limites de la crue ;</line></par>
<par>
<line>• • L'altitude du niveau de l'eau ;</line></par>
<par>
<line>• • La vitesse du courant.</line></par>
<par>
<line>Les aléas seront déterminés à partir de la modélisation de la crue de référence en fonction de la hauteur</line>
<line>d'eau et de la vitesse selon le tableau ci-après.</line></par>
<par>
<line>Définition des aléas :</line></par>
</text>
</block>
<block blockType="Table" blockName="" l="436" t="1310" r="2333" b="1717"><region><rect/></region>
<row>
<cell rowSpan="2" width="476" height="161">
<text>
<par>
<line>vitesse du courant</line></par>
</text></cell>
<cell colSpan="4" width="1421" height="82">
<text>
<par>
<line>hauteur de submersion pour la crue centennale</line></par>
</text></cell></row>
<row>
<cell width="355" height="79">
<text>
<par>
<line>non inondé (a)</line></par>
</text></cell>
<cell width="354" height="79">
<text>
<par>
<line>0m &lt; h &lt; 1m</line></par>
</text></cell>
<cell width="354" height="79">
<text>
<par>
<line>1m&lt;:h&lt;2m</line></par>
</text></cell>
<cell width="358" height="79">
<text>
<par>
<line>2m &lt; h</line></par>
</text></cell></row>
<row>
<cell width="476" height="81">
<text>
<par>
<line>0&lt;V&lt;0,5m/s</line></par>
</text></cell>
<cell width="355" height="81">
<text>
<par>
<line>très faibles</line></par>
</text></cell>
<cell width="354" height="81">
<text>
<par>
<line>faibles</line></par>
</text></cell>
<cell width="354" height="81">
<text>
<par>
<line>moyens</line></par>
</text></cell>
<cell width="358" height="81">
<text>
<par>
<line>forts</line></par>
</text></cell></row>
<row>
<cell width="476" height="80">
<text>
<par>
<line>0,5m/s&lt;V&lt;1m/s</line></par>
</text></cell>
<cell width="355" height="80">
<text>
<par>
<line>très faibles</line></par>
</text></cell>
<cell width="354" height="80">
<text>
<par>
<line>moyens</line></par>
</text></cell>
<cell width="354" height="80">
<text>
<par>
<line>forts</line></par>
</text></cell>
<cell width="358" height="80">
<text>
<par>
<line>très forts</line></par>
</text></cell></row>
<row>
<cell width="476" height="85">
<text>
<par>
<line>1m/s &lt;V</line></par>
</text></cell>
<cell width="355" height="85">
<text>
<par>
<line>très faibles</line></par>
</text></cell>
<cell width="354" height="85">
<text>
<par>
<line>forts</line></par>
</text></cell>
<cell width="354" height="85">
<text>
<par>
<line>très forts</line></par>
</text></cell>
<cell width="358" height="85">
<text>
<par>
<line>très forts</line></par>
</text></cell></row>
</block>
<block><region><rect/></region>
<text>
<par>
<line>(a) Avec l'abaissement du lit de la Loire consécutif à l'exploitation de nombreuses gravières, certaines zones qui avaient été inondées par</line>
<line>le passé ne le sont plus pour la crue de référence. Néanmoins, une crue plus importante, qui n'est pas à exclure, peut à nouveau les</line>
<line>submerger. Ces zones ont été classées en aléas très faibles.</line></par>
</text>
</block>
<block><region><rect/></region>
<text>
<par>
<line>4.4 - Détermination du zonage</line></par>
<par>
<line>La partie réglementée par le présent projet de plan de prévention des risques comprendra, comme pour les</line>
<line>communes amont, quatre types de zones, qui sont défi nies en fonction des aléas et du caractère urbanisé</line>
<line>ou non en appliquant les principes du tableau suivant._</line></par>
</text>
</block>
<block blockType="Table" blockName="" l="436" t="2205" r="2333" b="2528"><region><rect/></region>
<row>
<cell rowSpan="2" width="416" height="161">
<text>
<par>
<line>zones</line></par>
</text></cell>
<cell colSpan="5" width="1481" height="83">
<text>
<par>
<line>aléas</line></par>
</text></cell></row>
<row>
<cell width="296" height="78">
<text>
<par>
<line>très forts</line></par>
</text></cell>
<cell width="296" height="78">
<text>
<par>
<line>forts</line></par>
</text></cell>
<cell width="295" height="78">
<text>
<par>
<line>moyens</line></par>
</text></cell>
<cell width="295" height="78">
<text>
<par>
<line>faibles</line></par>
</text></cell>
<cell width="299" height="78">
<text>
<par>
<line>très faibles</line></par>
</text></cell></row>
<row>
<cell width="416" height="80">
<text>
<par>
<line>construites</line></par>
</text></cell>
<cell width="296" height="80">
<text>
<par>
<line>rouge</line></par>
</text></cell>
<cell width="296" height="80">
<text>
<par>
<line>bleu (foncé)</line></par>
</text></cell>
<cell width="295" height="80">
<text>
<par>
<line>bleu (foncé)</line></par>
</text></cell>
<cell width="295" height="80">
<text>
<par>
<line>bleu (clair)</line></par>
</text></cell>
<cell width="299" height="80">
<text>
<par>
<line>blanc</line></par>
</text></cell></row>
<row>
<cell width="416" height="82">
<text>
<par>
<line>non construites</line></par>
</text></cell>
<cell width="296" height="82">
<text>
<par>
<line>rouge</line></par>
</text></cell>
<cell width="296" height="82">
<text>
<par>
<line>vert</line></par>
</text></cell>
<cell width="295" height="82">
<text>
<par>
<line>vert</line></par>
</text></cell>
<cell width="295" height="82">
<text>
<par>
<line>vert</line></par>
</text></cell>
<cell width="299" height="82">
<text>
<par>
<line>blanc</line></par>
</text></cell></row>
</block>
<block><region><rect/></region>
<text>
<par>
<line>Le règlement associé à ces zones sera identique à celui mis en œuvre sur les huit communes amont.</line></par>
<par>
<line>Zone rouge</line></par>
<par>
<line>C'est une zone très exposée où les inondations sont redoutables en raison notamment des hauteurs de</line>
<line>submersion et de la vitesse du courant.</line></par>
<par>
<line>T outes les opportunités doivent être saisies pour diminuer le nombre des implantations présentes ou pour</line>
<line>suppri mer l es ouvrages qui restreignent de façon i mportante le libre écoulement des eaux.</line></par>
<par>
<line>Zone bleue</line></par>
<par>
<line>Elle est urbanisée et exposée à un risque plus ou moins important sans toutefois atteindre les mêmes</line>
<line>intensités que dans la zone rouge.</line></par>
</text>
</block>


















</page>
<page width="2479" height="3508" resolution="300">
<block><region><rect/></region>
<text>
<par>
<line>Elle se subdivise en deux sous-zones :</line></par>
<par>
<line>• La zone bl eue foncée, soumi se à des al éas i mportants, sur laquelle le dével oppement de l ' urbanisati on</line>
<line>est à proscrire.</line></par>
<par>
<line>• La zone bl eue clai re, soumi se à des al éas limités sur laquelle de nouvel les impl antati ons peuvent être</line>
<line>admises sous certaines conditions ;</line></par>
<par>
<line>Zone verte</line></par>
<par>
<line>L a zone verte est non urbanisée et parti ci pe au stockage des eaux débordantes des crues en limi tant l es</line>
<line>effets en amont et aval.</line></par>
<par>
<line>Celle-ci doit être protégée de toute urbanisation nouvelle pour conserver ou retrouver un caractère</line>
<line>naturel. Les activités agricoles doivent cependant pouvoir s'y maintenir.</line></par>
<par>
<line>Zone blanche</line></par>
<par>
<line>C'est une zone qui a été inondée lors des crues historiques de 1846 et de 1907 mais qui ne serait</line>
<line>normalement plus inondée par la crue de référence.</line></par>
<par>
<line>Le risque n'est toutefois pas nul de voir se produire une crue d'intensité supérieure.</line></par>
<par>
<line>Ainsi, l'utilisation et l'occupation des sols de cette zone devront s'opérer moyennant quelques</line>
<line>précautions.</line></par>
</text>
</block>
</page>
<page width="2479" height="3508" resolution="300">
<block><region><rect/></region>
<text>
<par>
<line>REGLEMENT</line></par>
</text>
</block>
<block><region><rect/></region>
<text>
<par>
<line>TITRE 1</line></par>
<par>
<line>DISPOSITIONS GENERALES</line></par>
</text>
</block>
<block><region><rect/></region>
<text>
<par>
<line>Article DG 1: Champs d'application</line></par>
<par>
<line>Le présent règlement s'applique à l'intérieur des zones submersibles du fleuve des communes de</line>
<line>Cuzieu, Unias, Boisset-les-M ontrond et M ontrond-les-Bains telles que délimitées sur les plans ci-joints.</line></par>
</text>
</block>
<block><region><rect/></region>
<text>
<par>
<line>Article DG 2: Objet et contenu du plan</line></par>
<par>
<line>Le présent plan de prévention des risques est établi en application:</line></par>
<par>
<line>• de la loi n°87-565 du 22 juillet 1987 relative à l'organisation de la sécurité civile, à la protection de la</line>
<line>forêt contre l'incendie et la prévention des risques majeurs, modifiée par la loi n°95-101 du 2 février</line>
<line>1995 relative au renforcement de la protection de l'environnement;</line></par>
<par>
<line>• du décret n°95-1089 du 5 octobre 1995 relatif aux plans de prévention des risques naturels prévisibles.</line></par>
<par>
<line>11 est établ i en appl i cati on des di recti ves mi nistéri elles des ci rculai res:</line></par>
<par>
<line>• du 24 janvier 1994 relative à la prévention des inondations et à la gestion des zones inondables</line>
<line>(journal officiel du 10 avril 1994);</line></par>
<par>
<line>• du 24 avril 1996 relative aux dispositions applicables au bâti et ouvrages existants en zones</line>
<line>inondables (journal officiel du 14 juillet 1996).</line></par>
<par>
<line>L'objet de ces plans est de limiter les dommages causés aux personnes et aux biens par les</line>
<line>i nondati ons et d'évi ter l ' accroi ssement de ceux-ci à l ' aveni r.</line></par>
<par>
<line>Le présent plan de prévention des risques délimite les zones exposées aux risques en tenant</line>
<line>compte de la nature et de l'intensité du risque encouru et des champs d'expansion des crues à préserver</line>
<line>ou à restaurer; il y interdit tout type de construction, d'ouvrage, d'aménagement ou d'exploitation</line>
<line>agricole, forestière artisanale, commerciale ou industrielle, ou dans les cas où ceux-ci pourraient être</line>
<line>autorisés, il prescrit les conditions dans lesquelles ils doivent être réalisés, utilisés ou exploités.</line></par>
<par>
<line>Il définit également en tant que de besoin:</line></par>
<par>
<line>• les mesures de prévention, de protection et de sauvegarde qui doivent être prises;</line></par>
<par>
<line>• les mesures qui doivent être prises par les propriétaires, exploitants ou utilisateurs relatives à</line>
<line>l'aménagement, l'utilisation ou l'exploitation des constructions, des ouvrages, des espaces mis en</line>
<line>culture ou plantés existants à la date d'approbation du plan.</line></par>
</text>
</block>

</page>
<page width="2479" height="3508" resolution="300">
<block><region><rect/></region>
<text>
<par>
<line>Article DG 3: Effet du plan</line></par>
<par>
<line>Le présent plan fixe les dispositions applicables:</line></par>
<par>
<line>• aux occupati ons et utili sati ons exi stantes;</line></par>
<par>
<line>• aux travaux, occupati ons, uti l i sati ons futures.</line></par>
</text>
</block>
<block><region><rect/></region>
<text>
<par>
<line>Le plan de prévention des risques approuvé vaut servitude d'utilité publique. Il doit être annexé</line>
<line>au plan d'occupation des sols conformément à l'article L 126-1 du code de l'Urbanisme (article 40-4 de</line>
<line>la loi n°87-565 du 22 juillet 1987 modifiée).</line></par>
<par>
<line>Le fait de construire ou d'aménager un terrain dans une zone interdite par le plan de prévention</line>
<line>des risques ou de ne pas respecter les conditions de réalisation, d'utilisation ou d'exploitation prescrites</line>
<line>par ce plan est puni des peines prévues à l'article L 480-4 du code de l'Urbanisme (article 40-5 de la loi</line>
<line>n°87-565 du 22 juillet 1987 modifiée).</line></par>
<par>
<line>L es autres régl ementati ons en vigueur conti nuent de s'appl iquer.</line></par>
</text>
</block>
<block><region><rect/></region>
<text>
<par>
<line>Article DG 4: Crue de référence</line></par>
<par>
<line>Fleuve Loire</line></par>
<par>
<line>La crue de référence est la crue de fréquence centennale dont les caractéristiques ont été définies</line>
<line>par l'étude hydraulique des crues de la Loire entre Rivas et feurs, réalisée par la société SOGREAH</line>
<line>I ngéniérie de Grenoble. Cette étude porte les références n° 55 0538 de mai 2000.</line></par>
<par>
<line>Son débit correspond aux débits estimés des crues de 1846 et de 1907.</line></par>
<par>
<line>Les cotes atteintes par cette crue sont matérialisées sur les plans par des courbes où le niveau de la</line>
<line>crue est le même en tout point; Ces courbes sont dites « isocotes ». La cote atteinte par cette crue entre</line>
<line>deux courbes « isocotes » s'obtient par interpolation linéaire.</line></par>
</text>
</block>
<block><region><rect/></region>
<text>
<par>
<line>Article DG 5: Dispositions applicables à certaines demandes</line>
<line>Afin de permettre l ' examen de certai nes demandes:</line></par>
<par>
<line>• lors d'une demande de mutation d'immeuble bâti ou de travaux de restauration importants, le niveau</line>
<line>du sol des pièces du rez de chaussée devra être coté par rapport au Nivellement Général de la France.</line>
<line>Ces travaux sont à effectuer par un géomètre expert qui en établira le procès verbal; ce procès-verbal</line>
<line>devra être joint à l'acte de mutati on.</line></par>
<par>
<line>• Il est recommandé qu'un terrain destiné à être construit soit doté d'un repère N.G.F.. En l'absence</line>
<line>d'un tel repère, la hauteur de submersion sera déterminée à l'aide de la carte des hauteurs d'eau en</line>
<line>prenant systématiquement la borne maximale de la classe dans laquelle est situé le terrain.</line></par>
</text>
</block>
<block><region><rect/></region>
<text>
<par>
<line>Article DG 6: Rappel du Code des Assurances</line></par>
</text>
</block>
</page>
<page width="2479" height="3508" resolution="300">
<block><region><rect/></region>
<text>
<par>
<line>Article 17 de la loi n°95-101 du 2 février 1995 relative au renforcement de la protection de</line>
<line>l'environnement, incluant un article L 121-16 au Code des Assurances:</line></par>
<par>
<line>« Toute clause des contrats d'assurance tendant à subordonner le versement d'une indemnité en</line>
<line>réparation d'un dommage causé par une catastrophe naturelle au sens de l'article L 125-1 à sa</line>
<line>reconstruction sur place est réputée non écrite dès lors que l'espace est soumis à un plan de prévention</line>
<line>des risques naturels prévisibles. »</line></par>
</text>
</block>
<block><region><rect/></region>
<text>
<par>
<line>Article DG 7: Division du territoire en zone</line>
<line>Zone rouge</line></par>
<par>
<line>C'est une zone très exposée où les inondations sont redoutables en raison notamment des hauteurs</line>
<line>de submersion et de la vitesse du courant.</line></par>
<par>
<line>Toutes les opportunités doivent être saisies pour diminuer le nombre des implantations présentes</line>
<line>ou pour supprimer les ouvrages qui restreignent de façon importante le libre écoulement des eaux.</line></par>
</text>
</block>
<block><region><rect/></region>
<text>
<par>
<line>Zone bleue</line></par>
<par>
<line>Elle est urbanisée et exposée à un risque plus ou moins important sans toutefois atteindre les</line>
<line>mêmes intensités que dans la zone rouge.</line></par>
<par>
<line>Elle se subdivise en deux sous-zones:</line></par>
<par>
<line>• l a zone bl eue foncée, soumi se à des al éas i mportants, sur laquelle le dével oppement de l ' urbani sati on</line>
<line>est à proscrire.</line></par>
<par>
<line>• la zone bleue claire, soumise à des aléas limités sur laquelle de nouvelles implantations peuvent être</line>
<line>admises sous certaines conditions;</line></par>
</text>
</block>
<block><region><rect/></region>
<text>
<par>
<line>Zone verte</line></par>
<par>
<line>La zone verte est non urbanisée et participe au stockage des eaux en limitant les effets en amont et</line></par>
<par>
<line>en aval.</line></par>
</text>
</block>
<block><region><rect/></region>
<text>
<par>
<line>Celle-ci doit être protégée de toute urbanisation nouvelle pour conserver ou retrouver un caractère</line>
<line>naturel. Les activités agricoles doivent cependant pouvoir s'y maintenir.</line></par>
</text>
</block>
<block><region><rect/></region>
<text>
<par>
<line>Zone blanche</line></par>
<par>
<line>C'est une zone qui a été inondée lors des crues historiques de 1846 et de 1907 mais qui ne serait</line>
<line>normalement plus inondée par la crue de référence.</line></par>
<par>
<line>Le risque n'est toutefois pas nul de voir se produire une crue d'intensité supérieure.</line></par>
<par>
<line>Ainsi, l'utilisation et l'occupation des sols de cette zone devront s'opérer moyennant quelques</line>
<line>précautions.</line></par>
</text>
</block>
</page>
<page width="2479" height="3508" resolution="300">
<block><region><rect/></region>
<text>
<par>
<line>TITRE 2</line></par>
</text>
</block>
<block><region><rect/></region>
<text>
<par>
<line>DISPOSITIONS APPLICABLES EN ZONE ROUGE</line></par>
</text>
</block>
<block><region><rect/></region>
<text>
<par>
<line>La zone rouge est une zone très exposée où les inondations sont redoutables en raison notamment</line>
<line>des hauteurs de submersion et de la vitesse du courant.</line></par>
<par>
<line>Toutes les opportunités doivent être saisies pour diminuer le nombre des implantations présentes</line>
<line>ou pour supprimer les ouvrages qui restreignent de façon importante le libre écoulement des eaux.</line></par>
</text>
</block>
<block><region><rect/></region>
<text>
<par>
<line>Article R 1: Travaux, occupations ou utilisations du sol</line>
<line>Article R 1-1: sont interdits</line></par>
<par>
<line>Tous travaux, occupations ou utilisations du sol, de quelque nature que ce soit, sont interdits à</line>
<line>l'exception de ceux visés à l'article R 1-2 du présent titre.</line></par>
</text>
</block>
<block><region><rect/></region>
<text>
<par>
<line>Article R 1-2: sont autorisés</line></par>
<par>
<line>Les travaux, occupations ou utilisations du sol mentionnés ci-dessous sont autorisés.</line></par>
<par>
<line>Occupations ou utilisations du sol existantes</line></par>
<par>
<line>• les travaux d'entretien et de gestion courants tels que les traitements de façade, les réfections de</line>
<line>toitures,...;</line></par>
<par>
<line>• les aménagements des constructions nécessaires aux activités implantées antérieurement à la</line>
<line>publication du présent plan, strictement rendus obligatoires par la mise en conformité avec les lois,</line>
<line>règlements et normes en vigueur au moment de la demande;</line></par>
<par>
<line>• les aménagements des équipements publics implantés antérieurement à la publication du présent plan;</line></par>
<par>
<line>• les surélévations des constructions restant dans l'emprise au sol du bâtiment existant à condition que</line>
<line>le nouveau plancher soit situé à au moins trente centimètres au-dessus de la cote de la crue de</line>
<line>référence et que le nombre de logements n'augmente pas;</line></par>
<par>
<line>• les extensions au sol des habitations pour locaux sanitaires ou techniques limitées à 10 m^;</line></par>
<par>
<line>• l a créati on de nouvel l es ouvertures en dessus de l a cote de la crue de référence;</line></par>
<par>
<line>• la création de nouvelles ouvertures en dessous de la cote de la crue de référence pour les pièces</line>
<line>habitables;</line></par>
<par>
<line>• la pose d'antennes de réception hertzienne à condition que les installations sensibles à l'immersion</line>
<line>soient à une cote altimétrique supérieure de trente centimètres à la cote de la crue de référence;</line></par>
</text>
</block>
</page>
<page width="2479" height="3508" resolution="300">
<block><region><rect/></region>
<text>
<par>
<line>les aménagements internes des constructions sous réserve du respect des dispositions du deuxième</line>
<line>alinéa de l'article R 2 et des articles R 3-1, R 3-2, R 3-3, R 3-4, R 4 et R 5 du présent titre.</line></par>
</text>
</block>
<block><region><rect/></region>
<text>
<par>
<line>Travaux, occupations ou utilisations du sol nouveaux</line></par>
<par>
<line>• les piscines non couvertes et l es bassi ns non couverts;</line></par>
<par>
<line>• la reconstruction des ouvrages ruinés par un sinistre ne relevant pas du régime des catastrophes</line>
<line>naturelles;</line></par>
<par>
<line>• les terrains de sports, les aires de jeux ou de loisirs (y compris les bâtiments sanitaires et les bâtiments</line>
<line>ne créant pas de surfaces hors d'oeuvre nettes) à l'exception des foires et des installations foraines non</line>
<line>liées à des activités nautiques et des terrains de camping et de caravanage;</line></par>
<par>
<line>• les travaux, occupations ou utilisations du sol liés aux infrastructures publiques et à leurs annexes à</line>
<line>condition de ne pas aggraver les aléas dans les zones bleues;</line></par>
<par>
<line>• l'exploitation des ressources naturelles qui ne comportent ni installations fixes ni stockages</line>
<line>permanents de matériaux et à condition de n'avoir pas pour effet d'affouiller les berges ou de mettre</line>
<line>en danger la stabilité des talus de rive et des digues de protection;</line></par>
<par>
<line>• les puits et les dispositifs d'épuisement;</line></par>
<par>
<line>• l'aménagement des plans d'eau existants;</line></par>
<par>
<line>• les clôtures d'habitations ajourées sur au moins deux tiers de leurs surfaces et sans fondations faisant</line>
<line>saillies au-dessus du terrain naturel;</line></par>
<par>
<line>• cultures et plantations:</line></par>
<par>
<line>- les cultures annuelles et les pacages;</line></par>
<par>
<line>- les clôtures de prairie constituées d'au maximum trois fils superposés et espacés d'au</line>
<line>moi ns vi ngt centi mètres avec des poteaux distants d'au moi ns troi s mètres;</line></par>
<par>
<line>- la plantation en crête de berge d'une file d'arbre, à l'exclusion des acacias et des bois</line>
<line>taillis, et à condition d'empêcher leur extension par drageons;</line></par>
<par>
<line>- les vergers et les plantations en futaies d'arbres espacés d'au moins six mètres à la</line>
<line>condition expresse que les arbres soient régulièrement élagués jusqu'à un mètre de la</line>
<line>cote de la crue de référence et que le sol entre les arbres reste bien dégagé.</line></par>
</text>
</block>
<block><region><rect/></region>
<text>
<par>
<line>Article R 2: Prescriptions d'urbanisme</line></par>
<par>
<line>• l'axe pri nci pal des constructi ons et i nstal l ati ons sera paral lèle au flux du pl us grand écoul ement;</line></par>
<par>
<line>• la cote du premier niveau habitable sera supérieure d'au moins trente centimètres à la cote de la crue</line>
<line>de référence.</line></par>
</text>
</block>
</page>
<page width="2479" height="3508" resolution="300">
<block><region><rect/></region>
<text>
<par>
<line>Article R 3: Règles de constructions</line>
<line>Article R 3-1: sont interdits</line></par>
<par>
<line>• l es fondati ons de type « dal l e fl ottante ».</line></par>
<par>
<line>Article R 3-2: sont interdits sous la cote de la crue de référence</line></par>
<par>
<line>• l es matéri aux ne rési stant pas aux dégradati ons par i mmersi on;</line></par>
<par>
<line>• l'installation de tout équipement tel que chaudière ou ballon d'eau chaude.</line></par>
</text>
</block>
<block><region><rect/></region>
<text>
<par>
<line>Article R 3-3: prescriptions</line></par>
<par>
<line>• les commerces de détail et les restaurants devront disposer d'un local situé au-dessus de la cote de la</line>
<line>crue de référence où seront stockées les marchandises sensibles. En cas d'impossibilité technique, des</line>
<line>dispositions devront être prises pour permettre la mise hors d'eau rapide;</line></par>
<par>
<line>• l es constructi ons et i nstal l ati ons seront fondées dans l e sol de façon à rési ster à des affoui 11 ements, des</line>
<line>tassements ou des érosions localisés;</line></par>
<par>
<line>• une arase étanche sera réalisée entre les fondations, murs et parties de la structure situées de part et</line>
<line>autre de la cote de la crue de référence;</line></par>
<par>
<line>• les cuves seront lestées pour compenser la poussée d'Archimède et arrimées;</line></par>
<par>
<line>• i nstal l ati ons él ectriques:</line></par>
<par>
<line>- le comptage EDF, sauf impossibilité technique, sera placé au-dessus de la cote de la</line>
<line>crue de référence;</line></par>
<par>
<line>- le raccordement entre celui-ci et le tableau de distribution électrique principal sera</line>
<line>réalisé sans raccord ni épissures;</line></par>
<par>
<line>- le tableau de distribution électrique sera placé dans un espace accessible pour la crue de</line>
<line>référence;</line></par>
<par>
<line>- les circuits électriques des espaces situés de part et autre de la cote de la crue de</line>
<line>référence seront i ndépendants.</line></par>
</text>
</block>
<block><region><rect/></region>
<text>
<par>
<line>Article R 3-4: prescriptions en dessous de la cote de la crue de référence</line></par>
<par>
<line>• les réseaux privés devront être étanches (regards munis de plaques étanches et verrouillées);</line></par>
<par>
<line>• les menuiseries extérieures devront être soit en métal, soit en PVC, soit en aluminium, excepté pour</line>
<line>l'entrée principale qui pourra être en bois non sensible à l'immersion (châtaigniers ou red-cedar par</line>
<line>exemple);</line></par>
<par>
<line>• les matériaux d'isolation devront être insensibles à l'immersion (polystyrène extrudé haute densité à</line>
<line>cellules fermées par exemple).</line></par>
</text>
</block>
</page>
<page width="2479" height="3508" resolution="300">
<block><region><rect/></region>
<text>
<par>
<line>Article R 4: mesures de prévention, de protection et de sauvegarde</line>
<line>Dans les cinq ans suivant la date d'approbation du plan:</line></par>
<par>
<line>• toute construction devra disposer d'un dispositif permettant de rendre étanche les ouvertures en cas de</line>
<line>submersi on i nféri eure à trente centi mètres;</line></par>
<par>
<line>• toute construction d'habitation devra disposer d'un accès de secours accessible pour la crue de</line>
<line>référence permettant l'évacuation d'une personne allongée;</line></par>
<par>
<line>• tout bâtiment abritant le cheptel (mort ou vif) devra faire l'objet d'un plan d'évacuation en cas de</line>
<line>crue.</line></par>
</text>
</block>
<block><region><rect/></region>
<text>
<par>
<line>Article R 5: mesures relatives à l'aménagement, l'utilisation ou l'exploitation des</line>
<line>constructions, ouvrages et des espaces mis en culture ou plantés.</line></par>
<par>
<line>• le stockage et les dépôts de toute nature et notamment ceux de matériaux flottables, de produits</line>
<line>susceptibles de présenter des dangers pour la salubrité publique ou la sécurité publique en cas</line>
<line>d'inondation ou de faire obstacle au libre écoulement des eaux sont interdits; sont tolérés les stocks</line>
<line>limités des particuliers, des artisans, des revendeurs détaillants et des agriculteurs;</line></par>
<par>
<line>• l a végétati on devra être régul i èrement entretenue afin d'évi ter son dével oppement excessi f.</line></par>
</text>
</block>
</page>
<page width="2479" height="3508" resolution="300">
<block><region><rect/></region>
<text>
<par>
<line>TITRE 3</line></par>
</text>
</block>
<block><region><rect/></region>
<text>
<par>
<line>DISPOSITIONS APPLICABLES EN ZONE BLEUE</line></par>
</text>
</block>
<block><region><rect/></region>
<text>
<par>
<line>La zone bleue est urbanisée et exposée à un risque plus ou moins important sans toutefois</line>
<line>atteindre les mêmes intensités que dans la zone rouge.</line></par>
<par>
<line>Elle se subdivise en deux sous-zones:</line></par>
<par>
<line>• l a zone bl eue foncée, soumi se à des al éas i mportants, sur laquelle le dével oppement de l ' urbani sati on</line>
<line>est à proscrire.</line></par>
<par>
<line>• la zone bleue claire, soumise à des aléas limités sur laquelle de nouvelles implantations peuvent être</line>
<line>admises sous certaines conditions;</line></par>
</text>
</block>
<block><region><rect/></region>
<text>
<par>
<line>Article BU 1: Travaux, occupations ou utilisations du sol</line>
<line>Article BU 1-1: sont interdits</line></par>
<par>
<line>Tous travaux, occupations ou utilisation du sol, de quelque nature que ce soit, sont interdits à</line>
<line>l ' excepti on de ceux visés à l'article BU 1-2 du présent titre.</line></par>
</text>
</block>
<block><region><rect/></region>
<text>
<par>
<line>Article BU 1-2: sont autorisés</line></par>
<par>
<line>Les travaux, occupations ou utilisations du sol mentionnés ci-dessous sont autorisés.</line></par>
<par>
<line>Occupations ou utilisations du sol existantes</line></par>
<par>
<line>• les travaux d'entretien et de gestion courants tels que les traitements de façade, les réfections de</line>
<line>toitures,...;</line></par>
<par>
<line>• l es aménagements i nternes, à l'exception des sous-sols, et sous réserve de ne pas augmenter le nombre</line>
<line>de logements;</line></par>
<par>
<line>• les aménagements des constructions nécessaires aux activités implantées antérieurement à la</line>
<line>publication du présent plan, strictement rendus obligatoire par la mise en conformité avec les lois,</line>
<line>règlements et normes en vigueur au moment de la demande;</line></par>
<par>
<line>• les aménagements des équipements publics implantés antérieurement à la publication du présent plan;</line></par>
<par>
<line>• les extensions d'habitations à l'exception de la création de sous-sols;</line></par>
<par>
<line>• l a créati on de nouvel l es ouvertures en dessus de l a cote de la crue de référence;</line></par>
<par>
<line>• la création de nouvelles ouvertures en dessous de la cote de la crue de référence pour les pièces</line>
<line>habitables;</line></par>
</text>
</block>
</page>
<page width="2479" height="3508" resolution="300">
<block><region><rect/></region>
<text>
<par>
<line>la pose d'antennes de réception hertzienne à condition que les installations sensibles à l'immersion</line>
<line>soient à une cote altimétrique supérieure de trente centimètres à la cote de la crue de référence;</line></par>
</text>
</block>
<block><region><rect/></region>
<text>
<par>
<line>• l es aménagements i nternes des constructi ons et l es changements de desti nati on sous réserve du respect</line>
<line>des dispositions du deuxième alinéa de l'article BU 2 et des articles BU 3-1, BU 3-2, BU 3-3, BU 3-4,</line>
<line>BU 4 et BU 5 du présent titre;</line></par>
<par>
<line>• les changements de destinations.</line></par>
<par>
<line>Travaux, occupations ou utilisations du sol nouveaux</line></par>
<par>
<line>• les piscines non couvertes et l es bassi ns non couverts;</line></par>
<par>
<line>• la reconstruction des ouvrages ruinés par un sinistre ne relevant pas du régime des catastrophes</line>
<line>naturelles;</line></par>
<par>
<line>• l es terrai ns de sports, les aires de j eux ou de loisirs (y compri s l es bâti ments et aménagements annexes</line>
<line>liés à ces activités) à l'exception des terrains de campings et de caravanages;</line></par>
<par>
<line>• les travaux, occupations ou utilisations du sol liés aux infrastructures publiques et à leurs annexes à</line>
<line>condition de ne pas aggraver les aléas dans les zones bleues;</line></par>
<par>
<line>• les exploitations agricoles;</line></par>
<par>
<line>• les puits et les dispositifs d'épuisement;</line></par>
<par>
<line>• l'aménagement de plans d'eau existants;</line></par>
<par>
<line>• les clôtures;</line></par>
<par>
<line>• les parcs de stationnement au niveau du sol;</line></par>
<par>
<line>• l es rembl ais dans l'empri se des bâti ments;</line></par>
<par>
<line>• tout type de culture et de plantations.</line></par>
<par>
<line>Article BU 1-3: sont autorisés dans la zone bleue claire uniquement</line></par>
<par>
<line>• les piscines et les bassi ns;</line></par>
<par>
<line>• l es aménagements i nternes à l ' excepti on des sous-sol s;</line></par>
<par>
<line>• l'impl antati on de nouvel l es constructi ons sans sous-sol s;</line></par>
<par>
<line>• l'implantation de nouvelles activités à condition que soient prises des mesures adaptées au risque</line>
<line>encouru;</line></par>
<par>
<line>Article BU 2: Prescriptions d'urbanisme</line></par>
<par>
<line>• l'axe pri nci pal des constructi ons et i nstal l ati ons sera paral lèle au flux du pl us grand écoul ement;</line></par>
<par>
<line>• la cote du premier niveau habitable sera supérieure d'au moins trente centimètres à la cote de la crue</line>
<line>de référence.</line></par>
</text>
</block>

</page>
<page width="2479" height="3508" resolution="300">
<block><region><rect/></region>
<text>
<par>
<line>Article BU 3: Règles de constructions</line>
<line>Article BU 3-1: sont interdits</line></par>
<par>
<line>• l es fondati ons de type « dal l e fl ottante ».</line></par>
<par>
<line>Article BU 3-2: sont interdits sous la cote de la crue de référence</line></par>
<par>
<line>• l es matéri aux ne rési stant pas aux dégradati ons par i mmersi on;</line></par>
<par>
<line>• l'installation de tout équipement tel que chaudière ou ballon d'eau chaude;</line></par>
</text>
</block>
<block><region><rect/></region>
<text>
<par>
<line>Article BU 3-3: prescriptions</line></par>
<par>
<line>• les commerces de détail et les restaurants devront disposer d'un local situé au-dessus de la cote de la</line>
<line>crue de référence où seront stockées les marchandises sensibles. En cas d'impossibilité technique, des</line>
<line>dispositions devront être prises pour permettre la mise hors d'eau rapide;</line></par>
<par>
<line>• l es constructi ons et i nstal l ati ons seront fondées dans l e sol de façon à rési ster à des affoui 11 ements, des</line>
<line>tassements ou des érosions localisés;</line></par>
<par>
<line>• une arase étanche sera réalisée entre les fondations, murs et parties de la structure situées de part et</line>
<line>autre de la cote de la crue de référence;</line></par>
<par>
<line>• les cuves seront lestées pour compenser la poussée d'Archimède et arrimées;</line></par>
<par>
<line>• i nstal l ati ons él ectriques:</line></par>
<par>
<line>- le comptage EDF, sauf impossibilité technique, sera placé au-dessus de la cote de la</line>
<line>crue de référence;</line></par>
<par>
<line>- le raccordement entre celui-ci et le tableau de distribution électrique principal sera</line>
<line>réalisé sans raccord ni épissures;</line></par>
<par>
<line>- le tableau de distribution électrique sera placé dans un espace accessible pour la crue de</line>
<line>référence;</line></par>
<par>
<line>- les circuits électriques des espaces situés de part et autre de la cote de la crue de</line>
<line>référence seront i ndépendants.</line></par>
<par>
<line>Article BU 3-4: prescriptions en dessous de la cote de la crue de référence</line></par>
<par>
<line>• les réseaux privés devront être étanches (regards munis de plaques étanches et verrouillées);</line></par>
<par>
<line>• les menuiseries extérieures devront être soit en métal, soit en PVC, soit en aluminium, excepté pour</line>
<line>l'entrée principale qui pourra être en bois non sensible à l'immersion (châtaigniers ou red-cedar par</line>
<line>exemple);</line></par>
<par>
<line>• les matériaux d'isolation devront être insensibles à l'immersion (polystyrène extrudé haute densité à</line>
<line>cellules fermées par exemple).</line></par>
</text>
</block>
</page>
<page width="2479" height="3508" resolution="300">
<block><region><rect/></region>
<text>
<par>
<line>Article BU 4: mesures de prévention, de protection et de sauvegarde</line>
<line>Dans les cinq ans suivant la date d'approbation du plan:</line></par>
<par>
<line>• toute construction devra disposer d'un dispositif permettant de rendre étanche les ouvertures en cas de</line>
<line>submersi on i nféri eure à trente centi mètres;</line></par>
<par>
<line>• toute construction d'habitation devra disposer d'un accès de secours accessible pour la crue de</line>
<line>référence permettant l'évacuation d'une personne allongée;</line></par>
<par>
<line>• tout bâtiment abritant le cheptel (mort ou vif) devra faire l'objet d'un plan d'évacuation en cas de</line>
<line>crue.</line></par>
</text>
</block>
<block><region><rect/></region>
<text>
<par>
<line>Article BU 5: mesures relatives à l'aménagement, l'utilisation ou l'exploitation des</line>
<line>constructions, ouvrages et des espaces mis en culture ou plantés.</line></par>
<par>
<line>• le stockage et les dépôts de toute nature et notamment ceux de matériaux flottables, de produits</line>
<line>susceptibles de présenter des dangers pour la salubrité publique ou la sécurité publique en cas</line>
<line>d'inondation ou de faire obstacle au libre écoulement des eaux sont interdits; sont tolérés les stocks</line>
<line>limités des particuliers, des artisans, des revendeurs détaillants et des agriculteurs.</line></par>
</text>
</block>
</page>
<page width="2479" height="3508" resolution="300">
<block><region><rect/></region>
<text>
<par>
<line>TITRE 4</line></par>
</text>
</block>
<block><region><rect/></region>
<text>
<par>
<line>DISPOSITIONS APPLICABLES EN ZONE VERTE</line></par>
</text>
</block>
<block><region><rect/></region>
<text>
<par>
<line>La zone verte n'est pas urbanisée et participe au stockage des eaux débordantes des crues en</line>
<line>l i mi tant l es effets en amont et en aval.</line></par>
<par>
<line>Celle-ci doit être protégée de toute urbanisation nouvelle pour conserver ou retrouver un caractère</line>
<line>naturel. Les activités agricoles doivent cependant pouvoir s'y maintenir.</line></par>
</text>
</block>
<block><region><rect/></region>
<text>
<par>
<line>Article V 1: T ravaux, occupations ou utilisations du sol</line>
<line>Article V 1-1: sont interdits</line></par>
<par>
<line>Tous travaux, occupations ou utilisations du sol, de quelque nature que ce soit, sont interdits à</line>
<line>l ' excepti on de ceux visés à l'article V 1-2 du présent titre.</line></par>
</text>
</block>
<block><region><rect/></region>
<text>
<par>
<line>Article V 1-2: sont autorisés</line></par>
<par>
<line>Les travaux, occupations ou utilisations du sol mentionnés ci-dessous sont autorisés.</line></par>
<par>
<line>Occupations ou utilisations du sol existantes</line></par>
<par>
<line>• les travaux d'entretien et de gestion courants tels que les traitements de façade, les réfections de</line>
<line>toitures,...;</line></par>
<par>
<line>• l es aménagements i nternes, à l'exception des sous-sols, et sous réserve de ne pas augmenter le nombre</line>
<line>de logements;</line></par>
<par>
<line>• les aménagements des constructions nécessaires aux activités implantées antérieurement à la</line>
<line>publication du présent plan à condition que soient prises des mesures adaptées au risque encouru;</line></par>
<par>
<line>• les aménagements des équipements publics implantés antérieurement à la publication du présent plan;</line></par>
<par>
<line>• les surélévations des constructions restant dans l'emprise au sol de la construction et à condition que</line>
<line>le nouveau plancher soit situés à au moins trente centimètres au-dessus de la cote de la crue de</line>
<line>référence;</line></par>
<par>
<line>• les extensions au sol des habitations, limitées à 20% de l'existant;</line></par>
<par>
<line>• l a créati on de nouvel l es ouvertures en dessus de l a cote de la crue de référence;</line></par>
<par>
<line>• la création de nouvelles ouvertures en dessous de la cote de la crue de référence pour les pièces</line>
<line>habitables;</line></par>
<par>
<line>• la pose d'antennes de réception hertzienne à condition que les installations sensibles à l'immersion</line>
<line>soient à une cote altimétrique supérieure de trente centimètres à la cote de la crue de référence;</line></par>
</text>
</block>

</page>
<page width="2479" height="3508" resolution="300">
<block><region><rect/></region>
<text>
<par>
<line>les aménagements internes des constructions et les changements de destination sous réserve du respect</line>
<line>des dispositions du deuxième alinéa de l'article V 2 et des articles V 3-1, V 3-2, V 3-3, V 3-4, V 4 et</line>
<line>V 5 du présent titre.</line></par>
</text>
</block>
<block><region><rect/></region>
<text>
<par>
<line>Travaux, occupations ou utilisations du sol nouveaux</line></par>
<par>
<line>• les piscines non couvertes et l es bassi ns non couverts;</line></par>
<par>
<line>• la reconstruction des ouvrages ruinés par un sinistre ne relevant pas du régime des catastrophes</line>
<line>naturelles;</line></par>
<par>
<line>• l es terrai ns de sports, les aires de j eux ou de loisirs (y compri s l es bati ments et aménagements annexes</line>
<line>nécessaires aux activités) à l'exception des terrains de campings et de caravanages;</line></par>
<par>
<line>• les travaux, occupations ou utilisations du sol liés aux infrastructures publiques et à leurs annexes à</line>
<line>condition de ne pas aggraver les aléas dans les zones bleues;</line></par>
<par>
<line>• l'exploitation des ressources naturelles à condition que les installations fixes et les stockages</line>
<line>permanents de matériaux ne fassent pas obstacle à l'écoulement des eaux et ne réduisent pas de façon</line>
<line>sensible les champs d'expansion des crues;</line></par>
<par>
<line>• les exploitations agricoles;</line></par>
<par>
<line>• les déblais;</line></par>
<par>
<line>• les clôtures ajourés sur deux tiers de leurs surfaces et sans fondations faisant saillies au dessus du</line>
<line>terrain naturel;</line></par>
<par>
<line>• les puits et les dispositifs d'épuisement;</line></par>
<par>
<line>• l'aménagement de plans d'eau;</line></par>
<par>
<line>• tout type de cultures et de plantations.</line></par>
</text>
</block>
<block><region><rect/></region>
<text>
<par>
<line>Article V 2: Prescriptions d'urbanisme</line></par>
<par>
<line>• l'axe pri nci pal des constructi ons et i nstal l ati ons sera paral lèle au flux du pl us grand écoul ement;</line></par>
<par>
<line>• la cote du premier niveau habitable sera supérieure d'au moins trente centimètres à la cote de la crue</line>
<line>de référence.</line></par>
<par>
<line>Article V 3: Règles de constructions</line>
<line>Article V 3-1: sont interdits</line></par>
<par>
<line>• l es fondati ons de type « dal l e fl ottante ».</line></par>
<par>
<line>Article V 3-2: sont interdits sous la cote de la crue de référence</line></par>
<par>
<line>• l es matéri aux ne rési stant pas aux dégradati ons par i mmersi on;</line></par>
<par>
<line>• l'installation de tout équipement tel que chaudière ou ballon d'eau chaude;</line></par>
</text>
</block>

</page>
<page width="2479" height="3508" resolution="300">
<block><region><rect/></region>
<text>
<par>
<line>Article V 3-3: prescriptions</line></par>
</text>
</block>
<block><region><rect/></region>
<text>
<par>
<line>• les commerces de détail et les restaurants devront disposer d'un local situé au-dessus de la cote de la</line>
<line>crue de référence où seront stockées les marchandises sensibles. En cas d'impossibilité technique, des</line>
<line>dispositions devront être prises pour permettre la mise hors d'eau rapide;</line></par>
<par>
<line>• l es constructi ons et i nstal l ati ons seront fondées dans l e sol de façon à rési ster à des affoui 11 ements, des</line>
<line>tassements ou des érosions localisés;</line></par>
<par>
<line>• une arase étanche sera réalisée entre les fondations, murs et parties de la structure situées de part et</line>
<line>autre de la cote de la crue de référence;</line></par>
<par>
<line>• les cuves seront lestées pour compenser la poussée d'Archimède et arrimées;</line></par>
<par>
<line>• i nstal l ati ons él ectriques:</line></par>
<par>
<line>- le comptage EDF, sauf impossibilité technique, sera placé au-dessus de la cote de la</line>
<line>crue de référence;</line></par>
<par>
<line>- le raccordement entre celui-ci et le tableau de distribution électrique principal sera</line>
<line>réalisé sans raccord ni épissures;</line></par>
<par>
<line>- le tableau de distribution électrique sera placé dans un espace accessible pour la crue de</line>
<line>référence;</line></par>
<par>
<line>- les circuits électriques des espaces situés de part et autre de la cote de la crue de</line>
<line>référence seront i ndépendants.</line></par>
</text>
</block>
<block><region><rect/></region>
<text>
<par>
<line>Article V 3-4: prescriptions en dessous de la cote de la crue de référence</line></par>
<par>
<line>• les réseaux privés devront être étanches (regards munis de plaques étanches et verrouillées);</line></par>
<par>
<line>• les menuiseries extérieures devront être soit en métal, soit en PVC, soit en aluminium, excepté pour</line>
<line>l'entrée principale qui pourra être en bois non sensible à l'immersion imputrescibles (châtaigniers ou</line>
<line>red-cedar par exemple);</line></par>
<par>
<line>• les matériaux d'isolation devront être insensibles à l'immersion (polystyrène extrudé haute densité à</line>
<line>cellules fermées par exemple).</line></par>
</text>
</block>
<block><region><rect/></region>
<text>
<par>
<line>Article V 4: mesures de prévention, de protection et de sauvegarde</line>
<line>Dans les cinq ans suivant la date d'approbation du plan:</line></par>
<par>
<line>• toute construction devra disposer d'un dispositif permettant de rendre étanche les ouvertures en cas de</line>
<line>submersi on i nféri eure à trente centi mètres;</line></par>
<par>
<line>• toute construction d'habitation devra disposer d'un accès de secours accessible pour la crue de</line>
<line>référence permettant l'évacuation d'une personne allongée;</line></par>
<par>
<line>• tout bâtiment abritant le cheptel (mort ou vif) devra faire l'objet d'un plan d'évacuation en cas de</line>
<line>crue.</line></par>
</text>
</block>
</page>
<page width="2479" height="3508" resolution="300">
<block><region><rect/></region>
<text>
<par>
<line>Article V 5: mesures relatives à l'aménagement, l'utilisation ou l'exploitation des</line>
<line>constructions, ouvrages et des espaces mis en culture ou plantés.</line></par>
<par>
<line>• le stockage et les dépôts de toute nature et notamment ceux de matériaux flottables, de produits</line>
<line>susceptibles de présenter des dangers pour la salubrité publique ou la sécurité publique en cas</line>
<line>d'inondation ou de faire obstacle au libre écoulement des eaux sont interdits; sont tolérés les stocks</line>
<line>limités des particuliers, des artisans, des revendeurs</line></par>
</text>
</block>
</page>
<page width="2479" height="3508" resolution="300">
<block><region><rect/></region>
<text>
<par>
<line>TITRE 5</line></par>
</text>
</block>
<block><region><rect/></region>
<text>
<par>
<line>DISPOSITIONS APPLICABLES EN ZONE BLANCHE</line></par>
</text>
</block>
<block><region><rect/></region>
<text>
<par>
<line>La zone blanche est une zone qui a été inondée lors des crues historiques de 1846 et de 1907 mais</line>
<line>qui ne serait normalement plus inondée pour la crue de référence.</line></par>
<par>
<line>Le risque n'est toutefois pas nul de voir se produire une crue d'intensité supérieure.</line></par>
<par>
<line>Ainsi, l'utilisation et l'occupation des sols de cette zone devront s'opérer moyennant quelques</line>
<line>précautions.</line></par>
</text>
</block>
<block><region><rect/></region>
<text>
<par>
<line>Article BC 1: Travaux, occupations ou utilisations du sol</line>
<line>Article BC 1-1: sont interdits</line></par>
<par>
<line>Les travaux, occupations ou utilisations du sol suivants sont interdits:</line></par>
<par>
<line>• l es travaux de terrassements ayant pour effet d'affoui ller les berges naturel l es ou protégées, de mettre</line>
<line>en danger la stabilité des talus de rive ou de faire obstacle au libre écoulement des eaux;</line></par>
<par>
<line>• les activités nouvelles qui ne peuvent supporter l'isolement, même temporaire;</line></par>
<par>
<line>• l es aménagements au-dessous du terrai n naturel ;</line></par>
<par>
<line>• l'implantation de nouvelles activités utilisant des produits susceptibles de présenter des dangers pour</line>
<line>la salubrité ou la sécurité publique en cas d'inondation.</line></par>
<par>
<line>Article BC 1-2: sont autorisés</line></par>
<par>
<line>T ous travaux, occupati ons ou uti lisation du sol, à l'excepti on de ceux menti onnés à l'article BC 1¬</line>
<line>1.</line></par>
<par>
<line>Article BC 2: Prescriptions d'urbanisme</line></par>
<par>
<line>• l a cote du premi er ni veau habi tabl e sera supéri eure d'au moi ns trente centi mètres du terrai n naturel.</line></par>
<par>
<line>Article BC 2-1: Dans la zone blanche hachurée uniquement</line></par>
<par>
<line>• Les remblais seront limités aux abords des constructions ou ouvrages; ils ne devront pas empêcher</line>
<line>l'écoulement des eaux de ruissellement provenant du débordement des ruisseaux.</line></par>
</text>
</block>
</page>
<page width="2479" height="3508" resolution="300">
<block><region><rect/></region>
<text>
<par>
<line>Article BC 3: Règles de constructions</line>
<line>Article BC 3-1: sont interdits</line></par>
<par>
<line>• l es fondati ons de type « dal l e fl ottante ».</line></par>
<par>
<line>Article BC 3-2: sont interdits en sous-sols</line></par>
<par>
<line>• l'installation de tout équipement tel que chaudière ou ballon d'eau chaude.</line></par>
<par>
<line>Article BC 3-3: prescriptions</line></par>
<par>
<line>• l es constructi ons et i nstal l ati ons seront fondées dans l e sol de façon à rési ster à des affoui 11 ements, des</line>
<line>tassements ou des érosions localisés;</line></par>
<par>
<line>• une arase étanche sera réalisée entre les fondations, murs et parties de la structure situés de part et</line>
<line>autre de l a cote du terrai n naturel ;</line></par>
<par>
<line>• les cuves seront lestées pour compenser la poussée d'Archimède;</line></par>
<par>
<line>• i nstal l ati ons él ectriques:</line></par>
<par>
<line>- l e comptage EDF, sauf i mpossi bilité technique, sera placé au-dessus du terrai n naturel ;</line></par>
<par>
<line>- le raccordement entre celui-ci et le tableau de distribution électrique principal sera</line>
<line>réalisé sans raccord ni épissures;</line></par>
<par>
<line>- l e tabl eau de di stri buti on él ectrique sera pl acé au-dessus du terrai n naturel ;</line></par>
<par>
<line>- les circuits électriques des espaces situés de part et autre du terrain naturel seront</line>
<line>indépendants.</line></par>
<par>
<line>• les réseaux privés devront être étanches (regards munis de plaques étanches et verrouillées).</line></par>
</text>
</block>
<block><region><rect/></region>
<text>
<par>
<line>Article BC 4: mesures relatives à l'aménagement, l'utilisation ou l'exploitation des</line>
<line>constructions, ouvrages et des espaces mis en culture ou plantés.</line></par>
<par>
<line>• le stockage et les dépôts de toute nature et notamment ceux de matériaux flottables, de produits</line>
<line>susceptibles de présenter des dangers pour la salubrité publique ou la sécurité publique en cas</line>
<line>d'inondation ou de faire obstacle au libre écoulement des eaux sont interdits; sont tolérés les stocks</line>
<line>limités des particuliers, des artisans, des revendeurs détaillants et des agriculteurs.</line></par>
</text>
</block>
</page>
<page width="2653" height="3754" resolution="321">
<block><region><rect/></region>
<text>
<par>
<line>CARTES DE ZONAGE</line></par>
</text>
</block>
<block><region><rect/></region>
<text>
<par/>
</text>
</block>
<block><region><rect/></region>
<text>
<par/>
</text>
</block>
<block><region><rect/></region>
<text>
<par>
<line>'^^OGREAH</line></par>
</text>
</block>
<block><region><rect/></region>
<text>
<par>
<line>"S</line></par>
</text>
</block>
<block><region><rect/></region>
<text>
<par/>
</text>
</block>
<block><region><rect/></region>
<text>
<par/>
</text>
</block>
<block><region><rect/></region>
<text>
<par/>
</text>
</block>
<block><region><rect/></region>
<text>
<par/>
</text>
</block>
<block><region><rect/></region>
<text>
<par/>
</text>
</block>
<block><region><rect/></region>
<text>
<par>
<line>Ma</line></par>
</text>
</block>
<block><region><rect/></region>
<text>
<par>
<line>■A'</line></par>
</text>
</block>
<block><region><rect/></region>
<text>
<par/>
</text>
</block>
<block><region><rect/></region>
<text>
<par/>
</text>
</block>
<block><region><rect/></region>
<text>
<par/>
</text>
</block>




























<block blockType="Picture" blockName="" l="1154" t="1948" r="1258" b="2037"><region><rect/></region>
</block>
<block blockType="Picture" blockName="" l="1530" t="1499" r="1593" b="1729"><region><rect/></region>
</block>
</page>
<page width="2363" height="3345" resolution="286">
<block><region><rect/></region>
<text>
<par/>
</text>
</block>
<block><region><rect/></region>
<text>
<par>
<line>PLAN De PREVENTION</line>
<line>DES RIQUES NATURELS PREVISIBLES</line>
<line>D'INONDATION</line>
<line>CARTE DEZONAGE</line>
<line>COMMUNE DE CU23EU</line></par>
</text>
</block>
<block><region><rect/></region>
<text>
<par>
<line>50GREAH</line></par>
</text>
</block>
<block><region><rect/></region>
<text>
<par>
<line>0</line></par>
</text>
</block>
<block><region><rect/></region>
<text>
<par/>
</text>
</block>
<block><region><rect/></region>
<text>
<par/>
</text>
</block>




















































































<block blockType="Picture" blockName="" l="471" t="1607" r="643" b="1660"><region><rect/></region>
</block>
</page>
<page width="3578" height="5064" resolution="433">
<block><region><rect/></region>
<text>
<par/>
</text>
</block>
<block><region><rect/></region>
<text>
<par>
<line>I FLEUVELOIRE</line></par>
</text>
</block>
<block><region><rect/></region>
<text>
<par>
<line>fcl'Eiluteinjiit I Forez</line></par>
</text>
</block>
<block><region><rect/></region>
<text>
<par>
<line>50GREAH</line></par>
</text>
</block>
<block><region><rect/></region>
<text>
<par/>
</text>
</block>
<block><region><rect/></region>
<text>
<par/>
</text>
</block>
<block><region><rect/></region>
<text>
<par>
<line>lV</line></par>
</text>
</block>
<block><region><rect/></region>
<text>
<par>
<line>r\</line></par>
</text>
</block>
















</page>
<page width="2372" height="3356" resolution="287">
<block><region><rect/></region>
<text>
<par>
<line>"h</line></par>
</text>
</block>
<block><region><rect/></region>
<text>
<par>
<line>4</line></par>
</text>
</block>
<block><region><rect/></region>
<text>
<par/>
</text>
</block>
<block><region><rect/></region>
<text>
<par/>
</text>
</block>
<block><region><rect/></region>
<text>
<par>
<line>FLEUVE LOIRE</line>
<line>Fom centre</line>
<line>CUZIEU-FEURS</line></par>
</text>
</block>
<block><region><rect/></region>
<text>
<par>
<line>PLAN DE PREVENTION</line>
<line>DESRIQUES NATURELS PREVISIBLES</line>
<line>D’INONDATION</line>
<line>CARTE DE ZONAGE</line>
<line>COMMUNE D'UNIAS</line></par>
</text>
</block>
<block><region><rect/></region>
<text>
<par>
<line>SOGREAH</line></par>
</text>
</block>



































































</page>
</PM1>