<?xml version="1.0" encoding="UTF-8"?><PM1>
<page width="2450" height="3492" resolution="300">
<block><region><rect/></region>
<text>
<par>
<line>RÉPUBLIQUE FRANÇAISE</line>
<line>PRÉFECTURE DE L'AIN</line></par>
</text>
</block>
<block><region><rect/></region>
<text>
<par>
<line>A I ' N</line></par>
<par>
<line>U</line></par>
</text>
</block>
<block><region><rect/></region>
<text>
<par>
<line>(5]</line></par>
</text>
</block>
<block><region><rect/></region>
<text>
<par>
<line>n°046</line></par>
</text>
</block>
<block><region><rect/></region>
<text>
<par>
<line>ARRETE</line></par>
</text>
</block>
<block><region><rect/></region>
<text>
<par>
<line>portant approbation du plan de prévention des risques Inondations</line>
<line>de la commune de Jujurieux</line></par>
</text>
</block>
<block><region><rect/></region>
<text>
<par>
<line>Direction</line>
<line>Départementale</line>
<line>de l’Equipement</line></par>
</text>
</block>
<block><region><rect/></region>
<text>
<par>
<line>23, rue Bourgmayer</line>
<line>01012</line></par>
<par>
<line>Bourg-en-Bresse cedex</line>
<line>Tél. 04 74 45 62 37</line>
<line>Fax 04 74 45 24 48</line></par>
</text>
</block>
<block><region><rect/></region>
<text>
<par>
<line>Le préfet de l'Ain</line></par>
<par>
<line>Chevalier de la Légion d'Honneur</line></par>
</text>
</block>
<block><region><rect/></region>
<text>
<par>
<line>Vu la loi n° 82-600 du 13 juillet 1982 relative à l’indemnisation des victimes des</line>
<line>catastrophes naturelles,</line></par>
<par>
<line>Vu le décret n° 95-1089 du 5 octobre 1995 relatif à l'élaboration des plans de prévention</line>
<line>des risques naturels prévisibles, et notamment l'article 7,</line></par>
<par>
<line>Vu l'arrêté préfectoral du 20 mars 2000 prescrivant l'établissement d'un plan de</line>
<line>prévention des risques Inondations pour la commune de Jujurieux,</line></par>
<par>
<line>Vu l'arrêté préfectoral du 27 octobre 2000 prescrivant l'ouverture d'une enquête publique</line>
<line>sur le plan de prévention des risques Inondations de la commune de Jujurieux,</line></par>
<par>
<line>Vu le procès-verbal de l'enquête publique à laquelle il a été procédé du 13 novembre</line>
<line>2000 au 1er décembre 2000 et l'avis du commissaire enquêteur du 30 décembre 2000,</line></par>
<par>
<line>Vu la délibération avec avis favorable du conseil municipal de la commune de Jujurieux</line>
<line>en date du 22 décembre 2000,</line></par>
<par>
<line>Vu les avis en date des 13 décembre 2000 et 5 janvier 2001 de la chambre d'agriculture</line>
<line>et du centre régional de la propriété forestière.</line></par>
<par>
<line>Sur proposition du directeur départemental de l'équipement</line></par>
<par>
<line>ARRETE</line></par>
</text>
</block>
<block><region><rect/></region>
<text>
<par>
<line>Article 1</line></par>
</text>
</block>
<block><region><rect/></region>
<text>
<par>
<line>Est approuvé, tel qu'il est annexé au présent arrêté le plan de prévention des</line>
<line>risques Inondations de la commune de Jujurieux.</line></par>
<par>
<line>Ce plan se compose de deux dossiers comprenant chacun un rapport de</line>
<line>présentation, une carte des aléas, un plan de zonage réglementaire à l'échelle 1/5000 et</line>
<line>un règlement.</line></par>
</text>
</block>
<block><region><rect/></region>
<text>
<par>
<line>Article 2</line></par>
</text>
</block>
<block><region><rect/></region>
<text>
<par>
<line>Il est tenu à la disposition du public avec l'ensemble des documents de la</line>
<line>procédure :</line></par>
<par>
<line>1- à la mairie de Jujurieux,</line></par>
<par>
<line>2- dans les locaux de la préfecture de l'Ain (SID-PC) aux horaires suivants : de 9h30 à</line>
<line>11h45 et de 14h à 16h du lundi au vendredi.</line></par>
<par>
<line>' .../...</line></par>
</text>
</block>








<block blockType="Picture" blockName="" l="265" t="131" r="373" b="243"><region><rect/></region>
</block>
</page>
<page width="2454" height="3496" resolution="300">
<block><region><rect/></region>
<text>
<par>
<line>2</line></par>
</text>
</block>
<block><region><rect/></region>
<text>
<par>
<line>Article 3</line></par>
</text>
</block>
<block><region><rect/></region>
<text>
<par>
<line>Le présent arrêté sera publié au recueil des actes administratifs de la préfecture</line>
<line>et mention en sera faite en caractères apparents dans les deux journaux ci-après</line>
<line>désignés : "Le Progrès" et "Voix de l'Ain".</line></par>
<par>
<line>Cet avis sera affiché notamment en mairie de Jujurieux pendant un mois et porté</line>
<line>à la connaissance du public par tout autre procédé en usage dans la commune de</line>
<line>Jujurieux. Ces mesures de publicité seront justifiées par un certificat du maire et un</line>
<line>exemplaire des journaux sera annexé à la copie du présent arrêté affiché en mairie.</line></par>
</text>
</block>
<block><region><rect/></region>
<text>
<par>
<line>Article 4</line></par>
<par>
<line>Des ampliations du présent arrêté seront adressées</line>
<line>au ;</line></par>
<par>
<line>- maire de la commune de Jujurieux,</line></par>
<par>
<line>- directeur départemental de l'équipement de l'Ain,</line></par>
<par>
<line>- directeur départemental de l'agriculture et de la forêt,</line></par>
<par>
<line>- délégué militaire départemental,</line></par>
<par>
<line>- délégué aux risques majeurs,</line></par>
<par>
<line>- directeur régional de l'environnement,</line></par>
<par>
<line>- directeur régional de l'industrie, de la recherche et de l'environnement,</line></par>
<par>
<line>- directeur du centre régional de la propriété forestière,</line></par>
<par>
<line>- président de la chambre d'agriculture.</line></par>
</text>
</block>
<block><region><rect/></region>
<text>
<par>
<line>Article 5</line></par>
</text>
</block>
<block><region><rect/></region>
<text>
<par>
<line>Le secrétaire général de la préfecture, le directeur départemental de</line>
<line>l'équipement sont chargés, chacun en ce qui le concerne de l'exécution du présent</line>
<line>arrêté.</line></par>
</text>
</block>
<block><region><rect/></region>
<text>
<par>
<line>A BOURG-en-BRESSE, 2l FÉV 2001</line></par>
<par>
<line>Le Préfet,</line></par>
</text>
</block>




</page>
</PM1>