<?xml version="1.0" encoding="UTF-8"?><PM1>
<page width="4970" height="7025" resolution="600">
<block><region><rect/></region>
<text>
<par>
<line>PPR de la commune de Montgailhard</line></par>
</text>
</block>
<block><region><rect/></region>
<text>
<par>
<line>13 septembre 2010</line></par>
</text>
</block>
<block><region><rect/></region>
<text>
<par>
<line>À'</line></par>
</text>
</block>
<block><region><rect/><rect/></region>
<text>
<par>
<line>E*rTTf ■ ■■</line></par>
<par>
<line>iit^WILI^pE rUKÇJUSI</line></par>
</text>
</block>
<block><region><rect/></region>
<text>
<par>
<line>FJtÊrECTÜWi DE L!aR(È(jE</line></par>
</text>
</block>
<block><region><rect/></region>
<text>
<par>
<line>SNR-VlCEa Dir-CAGHET, D£ LA SÏCiJPITE ET DE LU Pfiew&amp;TJlhl</line></par>
<par>
<line>SEHvCE iifTEFrJrilErËREL ÜE DËFEhfiE Arrcl^ pr^CTloral ll10diJ1t:uLif jir«crlvsnl</line></par>
<par>
<line>tl" U -mofTEDTION d^flLES rAalilIcQciingiil d'iui plu.n de ptrévcjillnn</line></par>
<par>
<line>des rûitiieï nn(itrï![9 iKrcTisibJcs (P.P.R.)</line>
<line>iklD CDEnmung 4c MÜMTÜAILUARD</line></par>
</text>
</block>
<block><region><rect/></region>
<text>
<par>
<line>Ld iH-éfcE üc- L'Ariê^e,</line></par>
<par>
<line>OrJlÆlff cld''Üt^d^^ NaLÏLiQDl du</line></par>
<par>
<line>Vn JbrrËüi |&gt;rtf««rtd du 6 auranbre 2006 PL-CâCri-™r l'éîBlilLuErninr dUn plto dn prfvmliDn din</line>
<line>riSquŒ nnluralç jïrtvisiUta Éur U cummuriE d£ MO&gt;JTUA.rLHA.G.D ;</line></par>
<par>
<line>Sur proportion te. Si. ^ dire^lHur ddturtemenifll de l'éiiuJpemcnL de l'AUt^C- - 5ecviM</line>
<line>EnvjiCrrtiifmEnt RiaquEE - R-ÆvEnüun du R-isqueset EnvjKpnntïinent ;</line></par>
<par>
<line>ARKtTE</line></par>
</text>
</block>
<block><region><rect/></region>
<text>
<par>
<line>ArfLcLi^J</line></par>
<par>
<line>L'tfffiClu 3 do rumEod: C£-1 inudifiË DomnKsuiE ■</line></par>
<par>
<line>■ LurÂquEs éludiéi^nl' '</line></par>
<par>
<line>- kâ iiHndotSonx E£ lu cnK$ irHrctïliClkÿï,</line></par>
<par>
<line>-■ fcs moflMçniCilQ ÜE Len-iin.</line></par>
<par>
<line>En tTï- quL con^ErnE les S^iijnCS. lurlLIc K5fi^ du Codù de l'uivirDno^-nçni diriniL lu znnti</line>
<line>jisiïlIqüH. Lei kuiikï; n±fï:tni [XPtrobjH d'uiiE i^.uüe rp^ciflqji;^ x-</line></par>
<par>
<line>Ijc fcsre -lIi jiii^ErEieni.</line></par>
<par>
<line>Arit^cJ</line></par>
<par>
<line>Lu «crftrirt: ydiidrale de la jir*fe«iire. It dictSImr depariEmEnr^l de réquipunEnl «1 dt l'njirkMlLurï:,</line>
<line>MRC chire.d5. di L'cXÉiulion du pci^ni nnfi^qui SSiû uTfichê pcndaiu un inaiS- duia lu Icicqijk de |t</line>
<line>mairiE dE MÛWTCAILHARD lineiUiDii Je oei Sm iîudrie dont « Lù Drpfiche du Midi -</line></par>
<par>
<line>Ëdilfüii de rAnâg^}t&gt;ErpaMlf WiïL-uEil des ïEtes adn^inisiiKir^ek la pidJeaurc.</line></par>
</text>
</block>
<block><region><rect/></region>
<text>
<par>
<line>FüiCiFDÜ, Ie ■'i lI.'Ï, fyjp</line></par>
</text>
</block>
<block><region><rect/></region>
<text>
<par>
<line>JnciÿJW.fHtLw</line></par>
</text>
</block>
<block><region><rect/></region>
<text>
<par>
<line>ri;e de la PH.EF&amp;rTuii6- r-RdiFtT i l.m.ue ebicnac - B !■ -n)gST,&lt;nuü7 FDtvrrrje.^</line></par>
<par>
<line>TT-^n"" |||«I . "rri Hrf AP ii&gt; . -^ir-L iK'-Tuc-'.-cT i.M----</line></par>
</text>
</block>
<block><region><rect/></region>
<text>
<par>
<line>Règlement</line></par>
</text>
</block>
<block><region><rect/></region>
<text>
<par>
<line>73</line></par>
</text>
</block>







</page>
<page width="4958" height="7017" resolution="600">
<block><region><rect/></region>
<text>
<par>
<line>PPR de la commune de Montgailhard</line></par>
</text>
</block>
<block><region><rect/></region>
<text>
<par>
<line>13 septembre 2010</line></par>
</text>
</block>
<block><region><rect/></region>
<text>
<par>
<line>AJI^I!éL2C||:F I</line></par>
<par>
<line>l'kJ N- r ny</line></par>
</text>
</block>
<block><region><rect/></region>
<text>
<par/>
</text>
</block>
<block><region><rect/></region>
<text>
<par>
<line>AtmtTÜLMUihïïCrüHAl.</line></par>
</text>
</block>
<block><region><rect/></region>
<text>
<par>
<line>UH ïuvk-k:</line>
<line>L&gt;: nuruT</line></par>
</text>
</block>
<block><region><rect/></region>
<text>
<par>
<line>h pluD â\i |jrûruDLiL;ji dcK ri\ï]UL!Jt ruil4jri:k</line></par>
<par>
<line>lirfv^ithK (l^r.R.]i [h lu rv^mniuBt</line>
<line>dû MÜM(ÏAJ[.tlARII</line></par>
</text>
</block>
<block><region><rect/></region>
<text>
<par>
<line>U+Ml'f NM JiHIKiSrtHlIi Itf. tmï^c</line>
<line>H'tK fflCrtim r\VM.r\</line></par>
</text>
</block>
<block><region><rect/></region>
<text>
<par>
<line>Lfif'ttKt h-I JÏt i;:\h]h:XrK</line></par>
<par>
<line>iû l'Ul-ln ^JLiulldl Ju MilriCu</line></par>
</text>
</block>
<block><region><rect/></region>
<text>
<par>
<line>Vu le endi aiïl-'«ivBmni™iLru ;.</line></par>
<par>
<line>Vu II Lüdû dû L'c.i[jLUfirijlïJiL puur ^ju!vf-J'uULUï publique ,</line></par>
<par>
<line>Vu le cüdc du l'ijrhunûme :</line></par>
<par>
<line>Vil le eude Ëiirustier:</line>
<line>le Lndr pdniil ;</line></par>
<par>
<line>^^1 Jt L'iïdf dt pciVMuct i^iiafc :</line></par>
<par>
<line>II Ldit Jë Iû LCnii/iuLlhOnL-f iIa: l'IïéïiiCsIiLin .</line></par>
<par>
<line>Vu Jd lai n^42-n du 3 jun-vier ujr l'euu ;</line></par>
<par>
<line>\\i h kij du .^plLllL[ 200.^ rtLirj^L à. lâ prï^'c^lkïii rijijUJï:^ rudurrlK ul Ifichncik^iquec ifi -il#</line></par>
<par>
<line>rûpüTüliLin ôa dLaiiin^ut. iiMluniTTWiit hoii oniele ^ ei Hnii 4'3f)pl^Qlii:i|l ^ 4j4nvk'r</line></par>
<par>
<line>avidlQ^nr Ïï d^troi rli^ ^Sl-o^ du S Lk'tulrfï! I9i]3 n::]iKir zutl pluiih de prêvcfiü^ d^ rii^jui^</line>
<line>TiiiUin^li -,</line></par>
<par>
<line>\\2 le àéever n" 9Ü.^(Î du II WIoIt? L^Û rCiMlf îi rfSuCfCiut du liuiC j l'iiifonruliLO jîut l« riïiÿifi!,</line>
<line>iiûUnjrj. iiiLxJir^ pâr II ckSicEl. il^ 2]Ck&gt;i-53d dii-f) iiia 2\XÜ ;</line></par>
<par>
<line>l u ï'anûle fcef-SL-dïnt du lu^vdmfwe prehiriv^Jii l'iÿlnNi^Icnt pldFi dL [jtfyfvciili^in dL-i risque.-:</line></par>
<par>
<line>pllf^'FSiï)lLï- dû^X^ lu ojiiuriuiiL du MD.VrG.A[LLJ.-\RD. iiKuliné par l'nijji^ d^</line></par>
<par>
<line>la.idrtre :iVfl :.</line></par>
<par>
<line>l u Vnnüté prËlLVjUjrjl du 3L décembre 2Ü(fi nelailfi lu Iwle dçü hfliMlil^^ â [^Utlhtr dri uimunce^</line></par>
<par>
<line>judJelnÎTe^ei Ici^nleï;, mei^lifïé poj l'iTT^r^ pr-^fëcc^nil du ÎC f^vritr^UIÛ |</line></par>
<par>
<line>V'lJ FurKjlü prcre^kiiûl du 12* niJ 20141 punxiL ;iui?Jiun d'enqu^i^ publiquC- &gt;ur k pMijûC ik plJn d±</line>
<line>pjï^-înLiuitdus nsi^LEi rkMurcIs pm isiWrji de l:i ûimmuiid il± K'1Ü\Ttj.A|LHAWL'ï :</line></par>
<par>
<line>Vil Io dilil'Kf-rJtjLio^^ i^îâCüLi^üj-UidplJ ül ^-lÜM^.AIldlARDeudald ikj ^ rê^rici 2t]l0 ;</line></par>
<par>
<line>Vu le ripiïiïfi cr kï; pirKÏMS^n:^ ü^v^imiSSUifï-ûlklUr^tüû W ikjltihj 20 julllûl 2JbLa:</line></par>
<par>
<line>Sur pn^xitHiLde M. le dirüLieurddpjnieTïierunl d« lepriEiNr» ;</line></par>
</text>
</block>
<block><region><rect/></region>
<text>
<par>
<line>AHftKTE-</line></par>
</text>
</block>
<block><region><rect/></region>
<text>
<par>
<line>i,ni.i-ni-i.Ai'h:fh1i.T::Ri- e U-tiu hntMï^AL'■ fi|^^nik(?</line></par>
<par>
<line>ill^7 I-1 ft2 Kl ^Vl rf .1 .CWM U J -02 : J Ü ■ Sll Iv l^2K^:^^ HT \ur\r. ■■Wf.m eOii^ &amp;</line></par>
</text>
</block>
<block><region><rect/></region>
<text>
<par>
<line>Règlement</line></par>
</text>
</block>
<block><region><rect/></region>
<text>
<par>
<line>74</line></par>
</text>
</block>



</page>
<page width="4958" height="7017" resolution="600">
<block><region><rect/></region>
<text>
<par>
<line>PPR de la commune de Montgailhard</line></par>
</text>
</block>
<block><region><rect/></region>
<text>
<par>
<line>13 septembre 2010</line></par>
</text>
</block>
<block><region><rect/></region>
<text>
<par>
<line>•MiUf i</line></par>
</text>
</block>
<block><region><rect/></region>
<text>
<par>
<line>L« l'ilJlt Jl pfd'VrtIlLin Jet ri.«jiids nmiuclx p^ïisililüidç Jflfljinmifntilc -4(]NTtiA3I.KAKD üM u|!tir(iuïÉ ldi qu'il</line>
<line>paëïvc'ïil \\nê\û.</line></par>
</text>
</block>
<block><region><rect/></region>
<text>
<par>
<line>■mkki</line></par>
</text>
</block>
<block><region><rect/></region>
<text>
<par>
<line>Le pljD lie prti'tT^liOn te Sfr^ïÿiK-^ ihj[uilûlï pifiî^'iNiblrj vjuc ïKr^'itjde piihli^ijç -tf sCfR df1lir\j(! -LuX</line></par>
<par>
<line>LJ^K:ü.iiL£Lj!hd'urbjiiijiTie ik bcHiiinmiïc def MONTGi^ïC/H&gt;=\R.D.</line></par>
<par>
<line>Arclrti:- 3</line></par>
<par>
<line>plw üC^ïiS^iïï^lunii LLoiipr^ -</line></par>
<par>
<line>&gt;- un rtiï-pr-iJ^ni-KLon j</line></par>
<par>
<line>*Mn rïfleLunI' ;</line></par>
<par>
<line>- iiikMJJTiç Je te ph^noni^lWb nJLürtIy :</line></par>
<par>
<line>&gt;■ uiLf ;.</line></par>
<par>
<line>- jnecuru (nj^iM ;</line></par>
<par>
<line>-uni; lIc dllfi^^iüt.</line></par>
<par>
<line>A.rlirlu A</line></par>
<par>
<line>Le pinn de tffl] te rah^MW nûtiirtk pr^^'ihilJltS- Ki'a lùiiU û lu üi^ipt^fiilifirt âu publia rM_pKûfjî ^wühlç;:, nui</line></par>
<par>
<line>huucfn J'uuvun^ ^ Il fXff^CUr^ iï^lOrl]iiiKïkrï«l de üëfenv; e^nle pmkedm civjk^ -&lt;4 ^ l:i</line></par>
<par>
<line>rruinu ÏN ] LrALI .H ^ h! D,</line></par>
<par>
<line>Ai'llck j</line></par>
<par>
<line>b: pdKHi Hrüld suru publid zu Jîdciwil Jïj Acl*^ Adnunixirülcrt et ffrn l'ülljet J'uin; iimlnliun duns If j«ini:il</line>
<line>sum'snc :</line></par>
<par>
<line>Lu Cvfpêdic-üu. Midi &gt;■ Edilé{M^ de t'A.rk|^</line></par>
<par>
<line>Un^ C*^y\ù ^ urliLlI^ ^ b nLurie du MONTCp^EL.H^itD peniirc Rins-^U niÉiiimuihi.</line></par>
<par>
<line>b,V k du ^-0'-'vTGAlLh]AHE&gt;^jN.irij ulWbLinl di; h r^liutiLoi ik cecie funnûlild.</line></par>
<par>
<line>AHiçii^JÉ</line></par>
<par>
<line>Mrrw b «owhire jidncmle ik li pr.ÿfçcr\]n±, M. fc Jifwwur te borvkri du labincL li; prêrêt, M. Icdic^çiçur</line>
<line>ikEurteniinlul dei cerriiuirui « M k ir/jiiede MGNTGAJLHARI'] s^-inc IV^Æt-iJlirtn du ?rdspnl unwé.</line></par>
</text>
</block>
<block><region><rect/></region>
<text>
<par>
<line>Kuili ^ Um. le</line></par>
</text>
</block>
<block><region><rect/></region>
<text>
<par>
<line>lUStP- ÎO*</line></par>
</text>
</block>
<block><region><rect/></region>
<text>
<par>
<line>J uLxi^Uti- ÛfLt-A.NE'</line></par>
</text>
</block>
<block><region><rect/></region>
<text>
<par>
<line>Règlement</line></par>
</text>
</block>
<block><region><rect/></region>
<text>
<par>
<line>75</line></par>
</text>
</block>





</page>
<page width="4958" height="7017" resolution="600">
<block><region><rect/></region>
<text>
<par>
<line>Direction Départementaie</line>
<line>des Territoires</line>
<line>de i'Ariège</line></par>
</text>
</block>
<block><region><rect/></region>
<text>
<par/>
</text>
</block>
<block><region><rect/></region>
<text>
<par>
<line>Liberté • Ègatité • Freilernité</line></par>
</text>
</block>
<block><region><rect/></region>
<text>
<par>
<line>République Française</line></par>
</text>
</block>
<block><region><rect/></region>
<text>
<par>
<line>Préfecture de I'Ariège</line></par>
</text>
</block>
<block><region><rect/></region>
<text>
<par>
<line>Plan de prévention des risques naturels prévisibles</line></par>
</text>
</block>
<block><region><rect/></region>
<text>
<par>
<line>Commune de Montgailhard</line></par>
</text>
</block>
<block><region><rect/></region>
<text>
<par>
<line>Règlement</line></par>
</text>
</block>
<block><region><rect/></region>
<text>
<par>
<line>Aip'iàfurimfHérv</line></par>
</text>
</block>
<block><region><rect/></region>
<text>
<par>
<line>Dossier prescrit par i'arrêté préfectoral du 6 novembre 2006 et l'arrêté</line>
<line>préfectoral modificatif du 15 octobre 2009</line></par>
<par>
<line>Dossier approuvé le : 13 septembre 2010</line></par>
</text>
</block>
<block><region><rect/></region>
<text>
<par>
<line>ALP’GEORISQUES, Z.l. - rue du Moirond - 38420 DOMENE - FRANCE S 04-76-77-92-00 Fax : 04-76-77-55-90</line>
<line>e-mail : info@alpgeorisques.com sari au capital de 18 300 € - Siret : 380 934 216 00025 - Code A.P.E. 7112B</line></par>
</text>
</block>









</page>
</PM1>