<?xml version="1.0" encoding="UTF-8"?><PM1>
<page width="1653" height="2336" resolution="200">
<block><region><rect/></region>
<text>
<par>
<line>ô</line></par>
</text>
</block>
<block><region><rect/></region>
<text>
<par>
<line>Ltbtrié • Égalité • Fralernilé</line></par>
<par>
<line>RÉPUBLrcyjE Française</line></par>
</text>
</block>
<block><region><rect/></region>
<text>
<par>
<line>PREFECTURE DE LA DORDOGNE</line></par>
</text>
</block>
<block><region><rect/></region>
<text>
<par>
<line>SERVICES DECONCENTRES DE L’ETAT</line>
<line>AUPRES DU PREFET</line></par>
<par>
<line>DIRECTION DEPARTEMENTALE DE L’EQUIPEMENT</line>
<line>CITE ADMINISTRATIVE</line>
<line>24016 - PERIGUEUX CEDEX</line>
<line>TEL. : 05 53 03 65 00</line></par>
<par>
<line>REFERENCES A RAPPELER :</line></par>
<par>
<line>SPE/DFR</line></par>
<par>
<line>ARRETE</line></par>
<par>
<line>approuvant le plan de prévention du</line>
<line>risque retrait-gonflement des argiles</line>
<line>„ . Q sur la commune de COURSAC</line></par>
<par>
<line>050 / i O</line></par>
</text>
</block>
<block><region><rect/></region>
<text>
<par>
<line>Le Préfet de la Dordogne</line>
<line>Chevalier de la Légion d'Honneur</line></par>
<par>
<line>VU la loi n“ 87-565 du 22 juillet 1987 relative à l'organisation de la sécurité civile, à la protection</line>
<line>de la forêt contre l'incendie et à la prévention des risques majeurs, notamment ses articles 40-1</line>
<line>à 40-7 issus de la loi n® 95-101 du 2 février 1995 ;</line></par>
<par>
<line>VU la loi n“ 92-3 du 3 janvier 1992 sur l'eau, et notamment son article 16 ;</line></par>
<par>
<line>VU la loi n”2003-699 du 30 juillet 2003 relative à la prévention des risques naturels et ses</line>
<line>décrets d’application ;</line></par>
<par>
<line>VU le décret n° 95-1089 du 5 octobre 1995 relatif aux plans de prévention des risques naturels</line>
<line>prévisibles ;</line></par>
<par>
<line>VU l'arrêté préfectoral du 25 mai 2004 prescrivant le plan de prévention du risque retrait-</line>
<line>gonflement des argiles sur la commune de COURSAC;</line></par>
<par>
<line>VU l’arrêté préfectoral du 2 novembre 2004 prescrivant l’enquête publique pour l’établissement</line>
<line>de ce plan ;</line></par>
<par>
<line>VU le rapport de l'enquête publique à laquelle il a été procédé du 26 novembre 2004 au 10</line>
<line>décembre 2004 et l'avis du commissaire enquêteur ;</line></par>
<par>
<line>VU la délibération du conseil municipal de la commune de COURSAC</line></par>
<par>
<line>VU le projet établi par le directeur départemental de l'équipement ;</line></par>
<par>
<line>SUR proposition de M. le Secrétaire Général de la préfecture de la Dordogne ;</line></par>
<par>
<line>ARRETE</line></par>
<par>
<line>Article 1 - Le plan de prévention du risque retrait-gonflement des argiles de la commune de</line>
<line>COURSAC est approuvé.</line></par>
</text>
</block>



</page>
<page width="1682" height="2356" resolution="200">
<block><region><rect/></region>
<text>
<par>
<line>Le dossier du plan de prévention du risque retrait-gonflement des argiles annexé au présent</line>
<line>arrêté comprend :</line></par>
<par>
<line>- un rapport de présentation,</line></par>
<par>
<line>- un règlement</line></par>
<par>
<line>- un plan de zonage.</line></par>
<par>
<line>Il est tenu à la disposition du public :</line></par>
<par>
<line>- à la mairie de la commune de COURSAC</line></par>
<par>
<line>- à la préfecture ( SiDPC ),</line></par>
<par>
<line>- à la direction départementale de l'équipement à Périgueux ( SPE / DFR) et à la</line>
<line>subdivision de l’équipement de St Astier</line></par>
<par>
<line>Article 2 - Le présent arrêté sera publié au recueil des actes administratifs et mention en sera</line>
<line>faite en caractères apparents dans deux journaux. Une copie de cet arrêté sera affichée dans</line>
<line>la mairie de la commune de COURSACpendant un mois au minimum.</line></par>
</text>
</block>
<block><region><rect/></region>
<text>
<par>
<line>Article 3 - Des ampliations du présent arrêté seront adressées à :</line></par>
<par>
<line>- M. le maire de la commune de COURSAC</line></par>
<par>
<line>- M. le directeur départemental de l’équipement</line></par>
<par>
<line>- M. le délégué aux risques majeurs.</line></par>
</text>
</block>
<block><region><rect/></region>
<text>
<par>
<line>Article 4 - M. le secrétaire général de la préfecture est chargé de l'exécution du présent</line>
<line>arrêté, qui sera publié au recueil des actes administratifs du département.</line></par>
</text>
</block>
<block><region><rect/></region>
<text>
<par>
<line>Fait à Périgueux, le 23 MAI 2005</line></par>
</text>
</block>
<block><region><rect/></region>
<text>
<par>
<line>Le Préfet,</line></par>
</text>
</block>






</page>
</PM1>