<?xml version="1.0" encoding="UTF-8"?><PM1>
<page width="2487" height="3510" resolution="300">
<block><region><rect/></region>
<text>
<par>
<line>mm</line></par>
<par>
<line>Liberté • Egalité • Fraternité</line></par>
<par>
<line>République Française</line>
<line>PRÉFET DU PAS-DE-CALAIS</line></par>
</text>
</block>
<block><region><rect/></region>
<text>
<par>
<line>Direction départementale</line></par>
<par>
<line>des territoires et</line></par>
<par>
<line>de la mer du Pas-de-Calais</line></par>
</text>
</block>
<block><region><rect/></region>
<text>
<par>
<line>Arrêté préfectoral portant approbation du plan de prévention des risques littoraux</line>
<line>du secteur du Montreuillois sur le territoire des communes de BERCK-SUR-MËR,</line>
<line>CONCHIL-LE-TEMPLE, CUCQ, ETAPLES-SUR-MER, GROFFLIERS,</line>
<line>RANG-DU-FLIERS, SAINT-JOSSE, LE TOUQUET-PARIS-PLAGE, VERTON et WABEN</line></par>
</text>
</block>
<block><region><rect/></region>
<text>
<par>
<line>Le préfet du Pas-de-Calais</line></par>
</text>
</block>
<block><region><rect/></region>
<text>
<par>
<line>Vu le code de l’environnement et notamment ses articles L.562-3, L.562-4, R.562-8 et R.562-9 ;</line></par>
<par>
<line>Vu le décret n°2004-374 du 29 avril 2004 modifié relatif aux pouvoirs des préfets, à l’organisation</line>
<line>et à l’action des services de l’État dans les régions et départements ;</line></par>
<par>
<line>Vu le décret du 16 février 2017 nommant Fabien SUDRY en qualité de Préfet du Pas-de-Calais</line>
<line>(hors classe) ;</line></par>
<par>
<line>Vu la décision de l’autorité enviroimementale en date du 11 avril 2016 dispensant le projet de plan</line>
<line>de prévention des risques littoraux du Montreuillois de la production d’une évaluation</line>
<line>environnementale respectivement pour les communes de BERCK-SUR-MER,</line>
<line>CONCHIL-LE-TEMPLE, CUCQ, ETAPLES-SUR-MER, GROFFLIERS, RANG-DU-FLIERS,</line>
<line>SAINT-JOSSE, LE TOUQUET-PARIS-PLAGE, VERTON et WABEN ;</line></par>
<par>
<line>Vu la décision de l’autorité enviroimementale en date du 16 mai 2018 régularisant la décision du 11</line>
<line>avril 2016 et dispensant le projet de plan de prévention des risques littoraux du Montreuillois de la</line>
<line>production d’une évaluation environnementale respectivement pour les communes de</line>
<line>BERCK-SUR-MER, CONCHIL-LE-TEMPLE, CUCQ, ETAPLES-SUR-MER, GROFFLIERS,</line>
<line>RANG-DU-FLIERS, SAINT-JOSSE, LE TOUQUET-PARIS-PLAGE, VERTON et WABEN ;</line></par>
<par>
<line>Vu l’arrêté préfectoral du 10 mai 2016 portant prescription du plan de prévention des risques</line>
<line>littoraux du secteur du Montreuillois sur les communes de BERCK-SUR-MER,</line>
<line>CONCHIL-LE-TEMPLE, CUCQ, ETAPLES-SUR-MER, GROFFLIERS, RANG-DU-FLIERS,</line></par>
</text>
</block>
<block><region><rect/></region>
<text>
<par>
<line>1/5</line></par>
</text>
</block>


</page>
<page width="2494" height="3515" resolution="300">
<block><region><rect/></region>
<text>
<par>
<line>SAINT-JOSSE, LE TOUQUET-PARIS-PLAGE, VERTON et WABEN ;</line></par>
</text>
</block>
<block><region><rect/></region>
<text>
<par>
<line>Vu Tavis du 6 mars 2017 du conseil municipal de la commune de CUCQ, en application de l’article</line>
<line>R.562-7 du code de l’environnement ;</line></par>
<par>
<line>Vu l’avis du 9 mars 2017 du conseil municipal de la commune de RANG-DU-FLIERS, en</line>
<line>application de l’article R.562-7 du code de l’environnement ;</line></par>
<par>
<line>Vu Tavis du 10 mars 2017 de la chambre d’agriculture du Nord - Pas-de-Calais ;</line></par>
<par>
<line>Vu Tavis du 16 mars 2017 du conseil municipal de la commune de VERTON, en application de</line>
<line>l’article R.562-7 du code de l’environnement ;</line></par>
<par>
<line>Vu Tavis du 27 mars 2017 du conseil municipal du TOUQUET-PARIS-PLAGE, en application de</line>
<line>l’article R.562-7 du code de l’environnement ;</line></par>
<par>
<line>Vu la délibération du 3 avril 2017 de l’organe délibérant du département du Pas-de-Calais, en</line>
<line>application de l’article R.562-7 du code de l’environnement ;</line></par>
<par>
<line>Vu la délibération du 6 avril 2017 de l’organe délibérant de la communauté d’agglomération des</line>
<line>deux baies en Montreuillois ;</line></par>
<par>
<line>Vu les avis favorables tacites des conseils municipaux des communes de BERCK-SUR-MER,</line>
<line>CONCHIL-LE-TEMPLE, ETAPLES, GROFFLIERS, SAINT-JOSSE et de WABEN en application</line>
<line>de l’article R.562-7 du code de l’environnement ;</line></par>
<par>
<line>Vu Tavis favorable tacite de l’organe délibérant de la région Hauts-de-France, en application de</line>
<line>l’article R.562-7 du code de l’environnement ;</line></par>
<par>
<line>Vu Tavis favorable tacite de T organe délibérant du syndicat mixte du pays maritime et rural du</line>
<line>Montreuillois, en application de l’article R.562-7 du code de l’environnement ;</line></par>
<par>
<line>Vu Tavis favorable tacite du centre national de la propriété forestière, en application de l’article</line>
<line>R.562-7 du code de Tenviroimement ;</line></par>
<par>
<line>Vu la décision du président du tribunal administratif de Lille n° El 7000034/59 du 13 mars 2017</line>
<line>portant désignation d’une commission d’enquête ;</line></par>
<par>
<line>Vu l’arrêté préfectoral du 11 avril 2017 portant ouverture d’une enquête publique sur le projet de</line>
<line>plan de prévention des risques littoraux du Montreuillois, conformément aux dispositions des</line>
<line>articles L.562-3 et R.562-8 et 9 du code de l’environnement sur les communes de</line></par>
</text>
</block>
<block><region><rect/></region>
<text>
<par>
<line>2/5</line></par>
</text>
</block>

</page>
<page width="2488" height="3510" resolution="300">
<block><region><rect/></region>
<text>
<par>
<line>BERCK-SUR-MER, CONCHIL-LE-TEMPLE, CUCQ, ETAPLES-SUR-MER, GROFFLIERS,</line>
<line>RANG-DU-FLIERS, SAINT-JOSSE, LE TOUQUET-PARIS-PLAGE, VERTON et WABEN;</line></par>
</text>
</block>
<block><region><rect/></region>
<text>
<par>
<line>Vu les résultats de l’enquête publique qui s’est déroulée du lundi 15 mai 2017 au vendredi 16 juin</line>
<line>2017 inclus, conformément aux dispositions des articles L.562-3, R.562-8 et R.562-9 du code de</line>
<line>l’environnement ;</line></par>
<par>
<line>Vu le rapport et les conclusions du 11 juillet 2017 de la commission d’enquête ;</line></par>
<par>
<line>Vu les modifications apportées au projet de plan de prévention des risques littoraux du</line>
<line>Montreuillois, suite à l’enquête publique ;</line></par>
<par>
<line>Considérant que la direction départementale des territoires et de la mer du Pas-de-Calais est chargée</line>
<line>de l’instruction et de l’élaboration du projet de plan, par l’article 4 de l’arrêté préfectoral du 10 mai</line>
<line>2016 portant prescription d’un plan de prévention des risques littoraux du secteur du Montreuillois ;</line></par>
<par>
<line>Sur proposition du directeur départemental des territoires et de la mer du Pas-de-Calais et du</line>
<line>secrétaire général de la préfecture du Pas-de-Calais.</line></par>
</text>
</block>
<block><region><rect/></region>
<text>
<par>
<line>ARRÊTE</line></par>
</text>
</block>
<block><region><rect/></region>
<text>
<par>
<line>Article 1- - Le plan de prévention des risques littoraux du secteur du Montreuillois sur les</line>
<line>communes de BERCK-SUR-MER, CONCHIL-LE-TEMPLE, CUCQ, ETAPLES-SUR-MER,</line>
<line>GROFFLIERS, RANG-DU-FLIERS, SAINT-JOSSE, LE TOUQUET-PARIS-PLAGE, VERTON et</line>
<line>WABEN, tel qu’annexé au présent arrêté, conformément aux dispositions de l’article R.562-9 du</line>
<line>code de l’environnement, est approuvé.</line></par>
<par>
<line>Article 2 - Le plan de prévention des risques littoraux du secteur du Montreuillois sur les</line>
<line>communes de BERCK-SUR-MER, CONCHIL-LE-TEMPLE, CUCQ, ETAPLES-SUR-MER,</line>
<line>GROFFLIERS, RANG-DU-FLIERS, SAINT-JOSSE, LE TOUQUET-PARIS-PLAGE, VERTON et</line>
<line>WABEN contient, conformément à l’article R.562-3 du code de l’environnement, les documents</line>
<line>suivants, joints en annexe :</line></par>
<par>
<line>— un rapport de présentation et ses annexes,</line></par>
<par>
<line>— des documents graphiques au 1/5000^”® reprenant les zones réglementées,</line></par>
<par>
<line>— des cartes de cotes de référence au 1/5000®”®.</line></par>
<par>
<line>— un règlement définissant les zones de risques différenciées et les modalités applicables pour</line>
<line>chaque zone,</line></par>
<par>
<line>— im bilan de la concertation et ses annexes.</line></par>
</text>
</block>
<block><region><rect/></region>
<text>
<par>
<line>3/5</line></par>
</text>
</block>



</page>
<page width="2490" height="3512" resolution="300">
<block><region><rect/></region>
<text>
<par>
<line>Le plan comporte en outre les documents informatifs suivants :</line></par>
<par>
<line>— des cartes d’aléa au 1/10000®™,</line></par>
<par>
<line>— des cartes d’enjeux au 1/10000^™.</line></par>
<par>
<line>Article 3 - Conformément à l’article L.562-4 du code de l’environnement, le plan de prévention des</line>
<line>risques littoraux du secteur du Montreuillois approuvé vaut servitude d’utilité publique. Les maires</line>
<line>des commîmes concernées ou, selon le cas, les présidents des établissements publics de coopération</line>
<line>intercommunale compétents pour l’élaboration des documents d’urbanisme annexeront, sans délai,</line>
<line>le présent arrêté et le PPR qui lui est joint au plan local d’urbanisme approuvé, conformément aux</line>
<line>dispositions de l’article L. 153-60 du code de l’urbanisme, ou à la carte communale en application</line>
<line>de l’article L. 163-10 du même code.</line></par>
<par>
<line>Article 4 - Le présent arrêté et le dossier qui lui est annexé, seront notifiés aux maires des</line>
<line>communes concernées et aux présidents de la communauté d’agglomération des deux baies en</line>
<line>Montreuillois, du syndicat mixte du pays maritime et rural du Montreuillois, du conseil régional des</line>
<line>Hauts-de-France, du conseil départemental du Pas-de-Calais.</line></par>
<par>
<line>Article 5 - La copie de cet arrêté sera affichée pendant 1 mois minimum dans la mairie des</line>
<line>communes concernées et aux sièges de la communauté d’agglomération des deux baies en</line>
<line>Montreuillois, du syndicat mixte du pays maritime et rural du montreuillois. Un certificat de chacun</line>
<line>des maires et des présidents des établissements de coopération intercommunale concernés, attestera</line>
<line>de l’observation de cette formalité. Ce certificat sera adressé à la direction départementale des</line>
<line>territoires et de la mer du Pas-de-Calais à l’expiration du délai d’affichage.</line></par>
<par>
<line>Article 6 - Le présent arrêté et le dossier qui lui est annexé seront tenus à la disposition du public,</line>
<line>conformément à l’article R.562-9 du code de l’environnement alinéa 2, dans les locaux :</line></par>
<par>
<line>— de chacune des mairies concernées,</line></par>
<par>
<line>— de la communauté d’agglomération des deux baies en Montreuillois</line></par>
<par>
<line>— du syndicat mixte du pays du maritime et rural du Montreuillois</line></par>
<par>
<line>— de la préfecture du Pas-de-Calais</line></par>
<par>
<line>— de la sous-préfecture de l’arrondissement de Montreuil-sur-Mer</line></par>
<par>
<line>— de la direction départementale des territoires et de la mer du Pas-de-Calais.</line></par>
<par>
<line>Article 7 - Mention du présent arrêté sera publiée dans un journal diffusé dans le département du</line>
<line>Pas-de-Calais.</line></par>
<par>
<line>Article 8- Le présent arrêté peut faire l’objet d’un recours contentieux devant le Tribunal</line>
<line>Administratif de Lille, 5 rue Geoffroy de Saint Hilaire - CS 62039 - 59014 Lille cedex, dans le</line>
<line>délai de 2 mois à compter de l’accomplissement des mesures de publicité.</line></par>
</text>
</block>
<block><region><rect/></region>
<text>
<par>
<line>4/5</line></par>
</text>
</block>







</page>
<page width="2489" height="3511" resolution="300">
<block><region><rect/></region>
<text>
<par>
<line>Article 9 - Le secrétaire général de la préfecture du Pas-de-Calais, la sous-préfète de</line>
<line>Montreuil-sur-Mer, les maires des communes concernées, les présidents de la communauté</line>
<line>d’agglomération des deux baies en Montreuillois, du syndicat mixte du pays du pays maritime et</line>
<line>rural du Montreuillois, et le directeur départemental des territoires et de la mer du Pas-de-Calais,</line>
<line>sont chargés, chacun en ce qui le concerne, de l’exécution du présent arrêté, qui sera publié au</line>
<line>recueil des actes administratifs de la préfecture du Pas-de-Calais.</line></par>
</text>
</block>
<block><region><rect/></region>
<text>
<par>
<line>Fait à Arras, le j|||^ 2018</line></par>
</text>
</block>
<block><region><rect/></region>
<text>
<par>
<line>Le préfet</line></par>
</text>
</block>
<block><region><rect/></region>
<text>
<par>
<line>h</line></par>
</text>
</block>
<block><region><rect/></region>
<text>
<par>
<line>Fabien SUDRY</line></par>
</text>
</block>
<block><region><rect/></region>
<text>
<par>
<line>5/5</line></par>
</text>
</block>


</page>
</PM1>