<?xml version="1.0" encoding="UTF-8"?><PM1>
<page width="4998" height="7045" resolution="600">
<block><region><rect/></region>
<text>
<par>
<line>PPR de la commune de La-Bastide-Sur-L’Hers</line></par>
</text>
</block>
<block><region><rect/></region>
<text>
<par>
<line>Mars 2015</line></par>
</text>
</block>
<block><region><rect/></region>
<text>
<par>
<line>PlŒFECTURIi</line></par>
<par>
<line>DIRECTION DES SERVICES DU CABINET</line></par>
<par>
<line>SERVICE INTERA1INISTÉR1EL DE DÉFENSE ET DE</line>
<line>PROTECTION CTVn.ES</line></par>
<par>
<line>Danièle VIGNEAUX</line></par>
</text>
</block>
<block><region><rect/></region>
<text>
<par>
<line>mm</line></par>
<par>
<line>Ubtrié • Égatili • Frattrnité</line></par>
<par>
<line>RÉPUBLIQUE Française</line>
<line>PRÉFET DE L’ARIÈGE</line></par>
</text>
</block>
<block><region><rect/></region>
<text>
<par>
<line>Arrêté préfectoral approuvant le plan de prévention</line>
<line>des risques naturels (P.P.R.N.)</line>
<line>de la coniimiiie de LA BASTIDE-SUR-L'HERS</line></par>
</text>
</block>
<block><region><rect/><rect/></region>
<text>
<par>
<line>Le Préfet de l'Ariège</line>
<line>Chevalier de la Légion d'Honiieur,</line></par>
<par>
<line>Chevalier de l'Ordre National du Mérite,</line></par>
<par>
<line>Vu le code de renvironnenient ;</line></par>
<par>
<line>Vu le code de T expropriation pour cause d’utilité publique ;</line></par>
<par>
<line>Vu le code de l’urbanisme ;</line></par>
<par>
<line>Vu le code forestier ;</line></par>
<par>
<line>Vu le code pénal ;</line></par>
<par>
<line>Vu le code de procédure pénale ;</line></par>
<par>
<line>Vu le code de la construction et de l’habitation ;</line></par>
<par>
<line>Vu le décret n° 2005-3 du 4 janvier 2005 relatif aux plans de prévention des risques naturels prévisibles ;</line></par>
<par>
<line>Vu l'arrêté préfectoral du 28 avril 2008 prescrivant l'établissement d'un plan de prévention des risques naturels</line>
<line>prévisibles dans la commune de LA BASTIDE-SUR-L'HERS ;</line></par>
<par>
<line>Vu les délibérations du conseil municipal de LA BASTIDE-SUR-L'HERS en date des 13 décembre 2007, 27 juin</line>
<line>2013 et 29 septembre 2014 ;</line></par>
<par>
<line>Vu l'arrêté préfectoral du 23 décembre 2014 relatif à la liste des Journaux habilités à publier des annonces</line>
<line>judiciaires et légales pour l'année 2015 ;</line></par>
<par>
<line>Vu l'arrêté préfectoral du 22 septembre 2014 portant ouverture d'enquête publique sur le projet de plan de</line>
<line>prévention des risques naturels prévisibles de la commune de LA BASTIDE-SUR-L'HERS ;</line></par>
<par>
<line>Vu le rapport et les conclusions du commissaire-enquêteur en date du 16 décembre 2014 ;</line></par>
<par>
<line>Sur proposition de M. le directeur départemental des territoires ;</line></par>
<par>
<line>ARRÊTE</line></par>
<par>
<line>Article 1</line></par>
<par>
<line>Le plan de prévention des risques naturels prévisibles de la commune de LA BASTIDE-SUR-L'HERS est</line>
<line>approuvé tel qu'il est annCxXé au présent arrêté.</line></par>
<par>
<line>./...</line></par>
<par>
<line>2, RUE DE LA PRÉFECTURE - PRÉFET CLAUDE ERIGNAC - B.P. 40087 - 09007 FOIX CEDEX</line>
<line>STANDARD 05.61.02.10.00 - TÉLÉCOPIE 05.61.02.74,82 - SITE INTERNET ; http://www.ai iege.pref.gouv.fr</line></par>
</text>
</block>
<block><region><rect/></region>
<text>
<par>
<line>w</line></par>
</text>
</block>
<block><region><rect/></region>
<text>
<par>
<line>Règlement</line></par>
</text>
</block>
<block><region><rect/></region>
<text>
<par>
<line>79</line></par>
</text>
</block>











</page>
<page width="4980" height="7033" resolution="600">
<block><region><rect/></region>
<text>
<par>
<line>PPR de la commune de La-Bastide-Sur-L’Hers</line></par>
</text>
</block>
<block><region><rect/></region>
<text>
<par>
<line>Mars 2015</line></par>
</text>
</block>
<block><region><rect/></region>
<text>
<par>
<line>Article 2</line></par>
<par>
<line>Le plan de prévention des risques naturels prévisibles vaut servitude d'utilité publique et sera annexé aux</line>
<line>documents d'urbanisme de la commune de LA BASTIDE-SUR-L'HERS.</line></par>
<par>
<line>Article 3</line></par>
<par>
<line>Le plan de prévention des risques naturels prévisibles comprend :</line></par>
<par>
<line>- un bilan de concertation ;</line></par>
<par>
<line>- un rapport de présentation ;</line></par>
<par>
<line>- un règlement ;</line></par>
<par>
<line>- une carte des phénomènes ;</line></par>
<par>
<line>- une carte des aléas ;</line></par>
<par>
<line>- une carte des enjeux ;</line></par>
<par>
<line>- un plan de zonage ;</line></par>
<par>
<line>- une carte des hauteurs d'eau ;</line></par>
<par>
<line>- une carte des vitesses ;</line></par>
<par>
<line>- une carte des aléas (issus du modèle).</line></par>
<par>
<line>Article 4</line></par>
<par>
<line>Le plan de prévention des risques naturels prévisibles sera tenu à la disposition du public les jours ouvrables, aux</line>
<line>heures d'ouverture des bureaux, à la préfecture - service interministériel de défense et de protection civiles - et à la</line>
<line>mairie de LA BASTmE-SUR^L'HERS.</line></par>
<par>
<line>Article 5</line></par>
<par>
<line>Le présent arrêté sera publié au Recueil des Actes Administratifs et fera Lobjet d’une mention dans le journal</line>
<line>suivant :</line></par>
<par>
<line>La Dépêche du Midi - Édition de TAriège.</line></par>
<par>
<line>Une copie de TaiTêté sera affichée à la mairie de LA BASTIDE-SUR-L'HERS pendant une durée d'un mois au</line>
<line>minimum.</line></par>
<par>
<line>M, le maire de LA BASTIDE-SUR-L'HERS établira un certificat attestant de la réalisation de cette formalité.</line>
<line>Article 6</line></par>
<par>
<line>Comme tout acte administratif à caractère réglementaire, le PPRN approuvé n'est opposable qu'une fois porté à la</line>
<line>connaissance du public, c'est-à-dire une fois l'ensemble des formalités de publicité effectuées (mention au recueil</line>
<line>des actes administratifs de l'État dans le département et dans un journal diffusé dans le département, affichage</line>
<line>pendant un mois au moins en mairie). Le tribunal administratif de Toulouse peut être saisi d'un recours contentieux</line>
<line>dans un délai de deux mois suivant la publication. Le PPRN peut également faire l'objet d'un recours gracieux</line>
<line>auprès du préfet de l'Ariège. Cette démarche prolonge le délai de recours contentieux qui doit alors être introduit</line>
<line>dans les deux mois suivant la réponse (l'absence de réponse au terme de deux mois vaut rejet implicite).</line></par>
<par>
<line>Article 7</line></par>
<par>
<line>M. le secrétaire général de la préfecture, Mme la directrice des services du cabinet du préfet, M. le directeur</line>
<line>départemental des territoires et M. le maire de LA BASTIDE-SUR-L’HERS sont chargés de rexécutioii du présent</line>
<line>arrêté.</line></par>
<par>
<line>Fait à Foix, le 27 mars 2015</line></par>
</text>
</block>
<block><region><rect/></region>
<text>
<par>
<line>Nathalie MARTHIEN</line></par>
</text>
</block>
<block><region><rect/></region>
<text>
<par>
<line>2</line></par>
</text>
</block>
<block><region><rect/></region>
<text>
<par>
<line>Règlement</line></par>
</text>
</block>
<block><region><rect/></region>
<text>
<par>
<line>80</line></par>
</text>
</block>









</page>
<page width="4958" height="7017" resolution="600">
<block><region><rect/></region>
<text>
<par>
<line>PPR de la commune de La-Bastide-Sur-L’Hers</line></par>
</text>
</block>
<block><region><rect/></region>
<text>
<par>
<line>Mars 2015</line></par>
</text>
</block>
<block><region><rect/></region>
<text>
<par>
<line>Liberia • Egalité * Fraiemité</line></par>
<par>
<line>République Française</line></par>
</text>
</block>
<block><region><rect/></region>
<text>
<par>
<line>Direction régionale</line>
<line>de rEnvironnement,</line>
<line>de rAménagement</line>
<line>et du Logement</line></par>
<par>
<line>MIDI-PYRÉNÉES</line></par>
</text>
</block>
<block><region><rect/></region>
<text>
<par>
<line>AC^EKIN SAS</line></par>
</text>
</block>
<block><region><rect/></region>
<text>
<par>
<line>Liberté • Égalité • Fraternité</line></par>
<par>
<line>RÉPUBLIQUE Française</line></par>
<par>
<line>Préfet de l'Ariège</line></par>
</text>
</block>
<block><region><rect/></region>
<text>
<par>
<line>Direction Départementale</line>
<line>des Territoires</line></par>
</text>
</block>
<block><region><rect/></region>
<text>
<par>
<line>Plan de prévention des risques</line>
<line>naturels prévisibles</line></par>
<par>
<line>Commune de LA BASTIDE SUR L'HERS</line></par>
<par>
<line>(N° INSEE 09043)</line></par>
</text>
</block>
<block><region><rect/></region>
<text>
<par>
<line>Livret 2</line>
<line>Règlement</line></par>
</text>
</block>
<block><region><rect/></region>
<text>
<par>
<line>Document approuvé</line></par>
</text>
</block>
<block><region><rect/></region>
<text>
<par>
<line>Réglement</line></par>
</text>
</block>
<block><region><rect/></region>
<text>
<par>
<line>1</line></par>
</text>
</block>









<block blockType="Picture" blockName="" l="2124" t="800" r="2810" b="1412"><region><rect/></region>
</block>
</page>
</PM1>