<?xml version="1.0" encoding="UTF-8"?><PM1>
<page width="1667" height="2348" resolution="200">
<block><region><rect/></region>
<text>
<par>
<line>Libtni • • Prùlmtili</line></par>
<par>
<line>RâFUBuQjjB Française</line></par>
</text>
</block>
<block><region><rect/></region>
<text>
<par>
<line>PRÉFECTURE DE LA NIÈVRE</line></par>
</text>
</block>
<block><region><rect/></region>
<text>
<par>
<line>DIRECTION DÉPARTEMENTALE</line>
<line>DE L’EQUIPEMENT</line></par>
<par>
<line>SERVICE SÉCURITÉ ET PRÉVENTION DES RISQUES</line>
<line>Bureau Connaissance et Prévention des Risques</line></par>
<par>
<line>Tél. 103.86.71.71.71</line>
<line>Télécopie :03.86.71.71.32</line></par>
<par>
<line>N°2008-DDE-</line></par>
</text>
</block>
<block><region><rect/></region>
<text>
<par>
<line>ARRÊTÉ</line></par>
</text>
</block>
<block><region><rect/></region>
<text>
<par>
<line>portant approbation du plan de prévention des risques naturels d'inondation de</line>
<line>l’YONNE sur ie secteur de Corbigny sur le territoire des communes de</line>
<line>CERVON. CHAUMARD, CHAUMOT, CHITRY-LES-MINES, CORBiGNY,</line>
<line>EPIRY, MARiGNY-SUR-YONNE, MHERE, MONTiGNY-EN-MORVAN,</line>
<line>MONTREUiLLON. MOURON-SUR-YONNE, PAZYet SARDY-LES-EPIRY</line></par>
</text>
</block>
<block><region><rect/></region>
<text>
<par>
<line>LE PREFET DE LA NiEVRE,</line>
<line>Chevaiier de ia Légion d’Honneur,</line>
<line>Chevalier de l'Ordre National du Mérite,</line></par>
</text>
</block>
<block><region><rect/></region>
<text>
<par>
<line>VU le code de l'urbanisme ;</line></par>
<par>
<line>VU le code de l'environnement et notamment les article L. 562-1 et suivants et R. 123-6 à R. 123-23 :</line></par>
<par>
<line>VU le code de la construction et de l'habitat ;</line></par>
<par>
<line>VU le code général des collectivités territoriales ;</line></par>
<par>
<line>VU le code des assurances ;</line></par>
<par>
<line>VU la loi n" 2004-811 du 13 août 2004 de modernisation de la sécurité civile ;</line></par>
<par>
<line>VU le décret n° 95-1089 du 5 octobre 1995 modifié relatif aux plans de prévention des risques naturels</line>
<line>prévisibles ;</line></par>
<par>
<line>VU le décret n“ 2004-374 du 29 avril 2004 relatif aux pouvoirs des préfets, à l'organisation et à l'action des</line>
<line>services de l'Etat dans les régions et départements ;</line></par>
<par>
<line>VU la circulaire interministérielle du 24 janvier 1994 relative à la prévention des inondations et à la gestion</line>
<line>des zones inondables ;</line></par>
<par>
<line>VU la circulaire interministérielle du 24 avril 1996 relative aux dispositions applicables au bâti et aux</line>
<line>ouvrages existants en zone inondable ;</line></par>
<par>
<line>VU l'arrêté préfectoral n“ 2002/DDE/2698 du 25 juillet 2002 prescrivant la réalisation du plan de prévention</line>
<line>des risques naturels prévisibles de l'YONNE sur le secteur de Corbigny sur le territoire des communes de</line>
<line>Cervon, Chaumard, Chaumot, Chitry-les-mines, Corbigny, Epiry, Marigny-sur-Yonne, Mhere, Montigny-en-</line>
<line>morvan, Montreuillon, Mouron-sur-yonne, Pazy et Sardy-les-epiry ;</line></par>
<par>
<line>VU l'arrêté préfectoral n'’ 2008-P-1309 du 11 mars 2008 portant ouverture d'une enquête publique relative</line>
<line>au projet de plan de prévention des risques naturels prévisibles d'inondation de l’YONNE sur le secteur de</line>
<line>Corbigny sur le territoire des communes de Cervon, Chaumard, Chaumot, Chitry-les-mines, Corbigny, Epiry,</line>
<line>Marigny-sur-Yonne, Mhere, Montigny-en-morvan, Montreuillon, Mouron-sur-yonne, Pazy et Sardy-les-epiry ;</line></par>
</text>
</block>
<block><region><rect/></region>
<text>
<par/>
</text>
</block>


</page>
<page width="1665" height="2347" resolution="200">
<block><region><rect/></region>
<text>
<par>
<line>2</line></par>
</text>
</block>
<block><region><rect/></region>
<text>
<par>
<line>VU les avis des conseils municipaux des communes précitées, consultées le 06 décembre 2007 ;</line></par>
<par>
<line>VU les avis du centre régional de la propriété forestière et de la chambre d’Agriculture, consultés le 06</line>
<line>décembre 2007 ;</line></par>
<par>
<line>VU les pièces du dossier soumis à l'enquête ;</line></par>
<par>
<line>VU l'avis favorable sous réserve de la commission d'enquête en date du 28 mai 2008 ;</line></par>
<par>
<line>CONSIDERANT la nécessité de délimiter les terrains sur lesquels l'occupation ou l’utilisation du sol doit être</line>
<line>réglementée du fait de leur exposition à un risque naturel d'inondation et de définir les mesures de</line>
<line>prévention, de protection et de sauvegarde ;</line></par>
<par>
<line>SUR la proposition de M. le secrétaire général de la préfecture ;</line></par>
<par>
<line>ARRÊTE</line></par>
</text>
</block>
<block><region><rect/></region>
<text>
<par>
<line>ARTICLE 1^^</line></par>
</text>
</block>
<block><region><rect/></region>
<text>
<par>
<line>Est approuvé tel qu'il est annexé au présent arrêté, le plan de prévention des risques naturels</line>
<line>prévisibles d'inondation du secteur de l'YONNE sur le secteur de Corbigny sur le territoire des communes de</line>
<line>Cervon, Chaumard, Chaumot, Chitry-Ies-mines, Corbigny. Epiry, Marigny-sur-Yonne. Mhere, Montigny-en-</line>
<line>morvan, Montreuiilon, Mouron-sur-yonne, Pazy et Sardy-Ies-epiry. qui comprend :</line></par>
<par>
<line>• une note de présentation,</line></par>
<par>
<line>• un règlement,</line></par>
<par>
<line>• des annexes à la note de présentation (méthodologie, photos, glossaire)</line></par>
<par>
<line>• les cartes des aléas, les cartes des enjeux, les cartes de zonage.</line></par>
</text>
</block>
<block><region><rect/></region>
<text>
<par>
<line>ARTICLE 2</line></par>
</text>
</block>
<block><region><rect/></region>
<text>
<par>
<line>Dans les communes dotées d'un plan local d'urbanisme ou d'un plan d’occupation des sols valant</line>
<line>PLU, le plan de prévention des risques d'inondation sera annexé comme servitude d'utilité publique, en</line>
<line>application de l'article L.126-1 du code de l'urbanisme.</line></par>
<par>
<line>ARTICLE 3</line></par>
</text>
</block>
<block><region><rect/></region>
<text>
<par>
<line>Le plan approuvé est tenu à la disposition du public à la préfecture de la Nièvre, bureau de</line>
<line>l'environnement et de l'urbanisme, ainsi que dans les mairies des communes de Cervon. Chaumard.</line>
<line>Chaumot, Chitry-Ies-mines. Corbigny, Epiry, Marigny-sur-Yonne, Mhere, Montigny-en-morvan, Montreuiilon,</line>
<line>Mouron-sur-yonne, Pazy et Sardy-Ies-epiry.</line></par>
<par>
<line>ARTICLE 4</line></par>
</text>
</block>
<block><region><rect/></region>
<text>
<par>
<line>Cet arrêté fera l'objet d'une mention qui sera insérée en caractères apparents dans un journal diffusé</line>
<line>dans le département.</line></par>
<par>
<line>il sera, en outre, affiché pendant une durée minimum d'un mois dans chacune des mairies précitées.</line>
<line>Un certificat d'affichage sera établi par chaque maire pour constater l'accomplissement de cette formalité.</line></par>
<par>
<line>ARTICLE 5</line></par>
</text>
</block>
<block><region><rect/></region>
<text>
<par>
<line>La présente décision d'approbation du plan de prévention des risques naturels d'inondation du</line>
<line>secteur de l'YONNE sur le secteur de Corbigny sur le territoire des communes de Cervon, Chaumard.</line>
<line>Chaumot, Chitry-les-mines, Corbigny, Epiry, Marigny-sur-Yonne, Mhere, Montigny-en-morvan, Montreuiilon,</line>
<line>Mouron-sur-yonne, Pazy et Sardy-Ies-epiry peut être contestée dans un délai de deux mois à compter de sa</line>
<line>notification :</line></par>
</text>
</block>
<block><region><rect/></region>
<text>
<par>
<line>par recours gracieux adressé à M. le préfet de la Nièvre,</line>
<line>par recours contentieux auprès du tribunal administratif de Dijon.</line></par>
</text>
</block>
<block><region><rect/></region>
<text>
<par>
<line>/</line></par>
</text>
</block>






</page>
<page width="1667" height="2348" resolution="200">
<block><region><rect/></region>
<text>
<par>
<line>3</line></par>
</text>
</block>
<block><region><rect/></region>
<text>
<par>
<line>ARTICLE 6</line></par>
</text>
</block>
<block><region><rect/></region>
<text>
<par>
<line>M. le secrétaire général de la préfecture de la Nièvre,</line></par>
<par>
<line>M. le sous-préfet de Ciamecy,</line></par>
<par>
<line>M. le sous-préfet de Château-Chinon,</line></par>
<par>
<line>M. le directeur départemental de l'équipement,</line></par>
<par>
<line>Mmes et MM. les maires de Cervon. Chaumard, Chaumot, Chitry-ies-mlnes. Corbigny, Epiry,</line>
<line>Marigny-sur-Yonne, Mhere, Montigny-en-morvan, Montreuillon, Mouron-sur-yonne, Pazy et Sardy-</line>
<line>les-epiry,</line></par>
</text>
</block>
<block><region><rect/></region>
<text>
<par>
<line>sont chargés, chacun en ce qui te concerne, de l'exécution du présent arrêté qui sera publié au recueil des</line>
<line>actes administratifs de la préfecture.</line></par>
</text>
</block>
<block><region><rect/></region>
<text>
<par>
<line>Fait à Nevers, le</line></par>
</text>
</block>
<block><region><rect/></region>
<text>
<par>
<line>2008</line></par>
</text>
</block>
<block><region><rect/></region>
<text>
<par>
<line>Gilbert PAV^j</line></par>
</text>
</block>





</page>
</PM1>