<?xml version="1.0" encoding="UTF-8"?><PM1>
<page width="4996" height="7044" resolution="600">
<block><region><rect/></region>
<text>
<par>
<line>Liberté • Egalité • Fraterjiîté</line></par>
<par>
<line>République Française</line></par>
</text>
</block>
<block><region><rect/></region>
<text>
<par>
<line>PRÉFECTURE DE U ARIÈGE</line></par>
</text>
</block>
<block><region><rect/></region>
<text>
<par>
<line>ABlMcT DU PRÉFET</line></par>
<par>
<line>SERVICE interministériel</line>
<line>DE DÉFENSE</line></par>
<par>
<line>"r DE PROTECTION CIVILE</line></par>
</text>
</block>
<block><region><rect/></region>
<text>
<par>
<line>Le préfet de l'Ariège,</line></par>
<par>
<line>Chevalier de la Légion d'Honneur</line></par>
<par>
<line>Vu la loi 11° 87-585 du 22 juillet 1987 relative à l'organisation de la sécurité civile, à la protection de la</line>
<line>forêt contre l'incendie et à la prévention des risques majeurs ;</line></par>
</text>
</block>
<block><region><rect/></region>
<text>
<par>
<line>Vu la loi n° 92-3 du 3 janvierl992 sur l'eau ;</line></par>
<par>
<line>Vu la loi n° 95-101 du 2 février 1995 relative au renforcement de la protection de l'environnement ;</line></par>
<par>
<line>Vu le décret n° 95-1089 du 5 octobre 1995 relatif aux plans de prévention des risques naturels</line>
<line>prévisibles ;</line></par>
<par>
<line>Vu l'avis favorable à l'établissement d'un plan de prévention des risques naturels prévisibles du conseil</line>
<line>municipal d'Eycheil en date du 9 octobre 2000 ;</line></par>
<par>
<line>Considérant la nécessité de délimiter sur le territoire de la commune d'Eycheil les terrains sur</line>
<line>lesquels l'occupation ou l'utilisation du sol doit être réglementée du fait de leur exposition aux</line>
<line>risques naturels (mouvements de terrains, inondations et crues torrentielles) ;</line></par>
<par>
<line>Sur proposition du directeur départemental de l'agriculture et de la forêt - service interdépartemental</line>
<line>de restauration des terrains en montagne de l'Ariège et de la Haute-Garonne ;</line></par>
<par>
<line>Arrête</line></par>
<par>
<line>Article 1 - L'établissement d'un plan de prévention des risques naturels prévisibles est prescrit dans la</line>
<line>commune d'Eycheil.</line></par>
<par>
<line>Article 2 - Le périmètre mis à l'étude est délimité sur le plan au l/25.000ème annexé au présent arrêté.</line></par>
<par>
<line>Article 3 - Les risques étudiés seront les mouvements de terrains, les inondations et les crues</line>
<line>torrentielles.</line></par>
<par>
<line>Article 4 - La direction départementale de l'agriculture et de la forêt de l'Ariège - service</line>
<line>interdépartemental de restauration des terrains en montagne de l'Ariège et de la Haute-</line>
<line>Garonne - est chargée de l'instruction et de l'élaboration du plan de prévention des risques</line>
<line>naturels prévisibles d'Eycheil.</line></par>
<par>
<line>Article 5 - Une ampliation du présent arrêté sera adressée à ;</line></par>
<par>
<line>- M. le maire de la commune d'Eycheil ;</line></par>
<par>
<line>- M. le sous-préfet de Saint-Girons ;</line></par>
<par>
<line>- M. le directeur départemental de l'agriculture et de la forêt ;</line></par>
<par>
<line>- M. le chef du service interdépartemental de restauration des terrains en montagne de l'Ariège</line></par>
<par>
<line>et de la Haute-Garonne ;</line></par>
<par>
<line>- M. le directeur départemental de l'équipement ;</line></par>
<par>
<line>- M. le directeur régional de l'environnement.</line></par>
<par>
<line>./...</line></par>
</text>
<text>
<par>
<line>2, RUE DE LA PRÉFECTURE - B.P. 87 - 09007 FOIX CEDEX - STANDARD 05 61 02 10 00 - TÉLÉCOPIE 05 61 02 74 82</line></par>
</text>
</block>
<block><region><rect/></region>
<text>
<par>
<line>Arrêté préfectoral</line>
<line>prescrivant l'établissement</line>
<line>d'un plan de prévention des risques naturels</line>
<line>prévisibles dans la commune</line>
<line>d'Eycheil</line></par>
</text>
</block>























</page>
<page width="4992" height="7041" resolution="600">
<block><region><rect/></region>
<text>
<par>
<line>-2-</line></par>
</text>
</block>
<block><region><rect/></region>
<text>
<par>
<line>Article 6 - Le présent arrêté et son annexe seront tenus à la disposition du public en mairie d'Eycheil, à</line>
<line>la préfecture de l'Ariège - service interministériel de défense et de protection civile et à la</line>
<line>sous-préfecture de Saint-Girons.</line></par>
<par>
<line>- Article 7 Le secrétaire général, de da méfecture, le sous-préfet de Saint-Girons, la directrice des</line>
<line>services du cabinet, le directeur départemental de l'agriculture et de la forêt - service</line>
<line>interdépartemental de restauration des terrains en montagne de l'Ariège et de la Haute-</line>
<line>Garonne et le maire d'Ej'cheil sont chargés, chacun en ce qui le concerne, de l'exécution du</line>
<line>présent arrêté qui sera publié au Recueil des Actes Administratifs.</line></par>
</text>
</block>
<block><region><rect/></region>
<text>
<par>
<line>Fait à Foix, le 12 septembre 2001</line></par>
</text>
</block>
<block><region><rect/></region>
<text>
<par>
<line>Pour-ampliatiï</line></par>
</text>
</block>
<block><region><rect/></region>
<text>
<par>
<line>D</line></par>
</text>
</block>
<block><region><rect/></region>
<text>
<par>
<line>efdu</line></par>
</text>
</block>
<block><region><rect/></region>
<text>
<par/>
</text>
</block>
<block><region><rect/></region>
<text>
<par>
<line>Jeaîh=RieEiD0'^Sudrié'</line></par>
</text>
</block>
<block><region><rect/></region>
<text>
<par>
<line>Signé : Pierre Soubelet</line></par>
</text>
</block>
















</page>
<page width="2479" height="3508" resolution="300">
<block><region><rect/></region>
<text>
<par/>
</text>
</block>
<block><region><rect/><rect/></region>
<text>
<par/>
</text>
</block>
<block><region><rect/></region>
<text>
<par/>
</text>
</block>
<block><region><rect/></region>
<text>
<par/>
</text>
</block>
<block><region><rect/></region>
<text>
<par/>
</text>
</block>
<block><region><rect/></region>
<text>
<par/>
</text>
</block>
<block><region><rect/></region>
<text>
<par/>
</text>
</block>
<block><region><rect/></region>
<text>
<par/>
</text>
</block>
<block><region><rect/></region>
<text>
<par>
<line>'V^L</line></par>
</text>
</block>
<block><region><rect/></region>
<text>
<par>
<line>■50c</line></par>
</text>
</block>
<block><region><rect/></region>
<text>
<par/>
</text>
</block>
<block><region><rect/></region>
<text>
<par>
<line>,- i;'</line></par>
</text>
</block>
<block><region><rect/><rect/></region>
<text>
<par/>
</text>
</block>
<block><region><rect/></region>
<text>
<par>
<line>■?te</line></par>
</text>
</block>
<block><region><rect/></region>
<text>
<par>
<line>Si Vjf,</line></par>
</text>
</block>
<block><region><rect/></region>
<text>
<par/>
</text>
</block>
<block><region><rect/></region>
<text>
<par/>
</text>
</block>
<block><region><rect/></region>
<text>
<par/>
</text>
</block>
<block><region><rect/></region>
<text>
<par>
<line>e Char''%,&lt;r?‘. V</line></par>
<par>
<line>!rW-</line></par>
</text>
</block>
<block><region><rect/></region>
<text>
<par>
<line>NAuIoI</line></par>
</text>
</block>
<block><region><rect/></region>
<text>
<par>
<line>'i^aW'eN-. '. Il</line></par>
</text>
</block>
<block><region><rect/></region>
<text>
<par>
<line>tT 1»</line></par>
</text>
</block>
<block><region><rect/></region>
<text>
<par>
<line>'-'N;</line></par>
</text>
</block>
<block><region><rect/></region>
<text>
<par>
<line>OV</line></par>
</text>
</block>
<block><region><rect/></region>
<text>
<par/>
</text>
</block>
<block><region><rect/></region>
<text>
<par>
<line>:&lt;^v</line></par>
</text>
</block>
<block><region><rect/></region>
<text>
<par>
<line>Chain</line></par>
</text>
</block>
<block><region><rect/></region>
<text>
<par>
<line>lil</line></par>
</text>
</block>
<block><region><rect/></region>
<text>
<par>
<line>Wl-</line></par>
</text>
</block>
<block><region><rect/></region>
<text>
<par>
<line>\s'</line></par>
</text>
</block>
<block><region><rect/></region>
<text>
<par>
<line>==!ï</line></par>
</text>
</block>
<block><region><rect/></region>
<text>
<par>
<line>rfa.llJ</line></par>
</text>
</block>
<block><region><rect/></region>
<text>
<par/>
</text>
</block>
<block><region><rect/></region>
<text>
<par/>
</text>
</block>
<block><region><rect/><rect/></region>
<text>
<par/>
</text>
</block>
<block><region><rect/></region>
<text>
<par>
<line>Lan«j</line></par>
</text>
</block>
<block><region><rect/></region>
<text>
<par/>
</text>
</block>
<block><region><rect/></region>
<text>
<par/>
</text>
</block>
<block><region><rect/></region>
<text>
<par>
<line>^4P,‘g</line></par>
</text>
</block>
<block><region><rect/></region>
<text>
<par>
<line>oumas</line></par>
</text>
</block>
<block><region><rect/><rect/></region>
<text>
<par/>
</text>
</block>
<block><region><rect/></region>
<text>
<par>
<line>r/ïR</line></par>
</text>
</block>
<block><region><rect/><rect/></region>
<text>
<par/>
</text>
</block>
<block><region><rect/></region>
<text>
<par>
<line>pHtOlll</line></par>
</text>
</block>
<block><region><rect/></region>
<text>
<par>
<line>ChafV;^</line></par>
</text>
</block>
<block><region><rect/></region>
<text>
<par/>
</text>
</block>
<block><region><rect/></region>
<text>
<par>
<line>Perroul</line></par>
</text>
</block>
<block><region><rect/></region>
<text>
<par/>
</text>
</block>
<block><region><rect/><rect/></region>
<text>
<par/>
</text>
</block>
<block><region><rect/></region>
<text>
<par>
<line>»è</line></par>
</text>
</block>
<block><region><rect/></region>
<text>
<par>
<line>-îuar</line></par>
</text>
</block>
<block><region><rect/></region>
<text>
<par/>
</text>
</block>
<block><region><rect/></region>
<text>
<par>
<line>&gt; /Æ ^;A/;;-^i-k</line></par>
</text>
</block>
<block><region><rect/></region>
<text>
<par>
<line>t/sinft'd</line></par>
</text>
</block>
<block><region><rect/></region>
<text>
<par/>
</text>
</block>
<block><region><rect/></region>
<text>
<par>
<line>à^5\</line></par>
</text>
</block>
<block><region><rect/></region>
<text>
<par>
<line>Tyc</line></par>
</text>
</block>
<block><region><rect/></region>
<text>
<par>
<line>C.BG</line></par>
</text>
</block>
<block><region><rect/></region>
<text>
<par>
<line>Pl^yQ</line></par>
</text>
</block>
<block><region><rect/></region>
<text>
<par/>
</text>
</block>
<block><region><rect/></region>
<text>
<par>
<line>Gcuaieli</line></par>
</text>
</block>
<block><region><rect/></region>
<text>
<par/>
</text>
</block>
<block><region><rect/></region>
<text>
<par/>
</text>
</block>
<block><region><rect/></region>
<text>
<par>
<line>Ere</line></par>
</text>
</block>
<block><region><rect/></region>
<text>
<par/>
</text>
</block>
<block><region><rect/></region>
<text>
<par>
<line>.'TC</line></par>
</text>
</block>
<block><region><rect/><rect/></region>
<text>
<par>
<line>■iiw^</line></par>
</text>
</block>
<block><region><rect/></region>
<text>
<par>
<line>Vf</line></par>
</text>
</block>
<block><region><rect/></region>
<text>
<par/>
</text>
</block>
<block><region><rect/></region>
<text>
<par>
<line>J^f?de fatêiè</line></par>
</text>
</block>
<block><region><rect/></region>
<text>
<par/>
</text>
</block>
<block><region><rect/><rect/></region>
<text>
<par/>
</text>
</block>
<block><region><rect/></region>
<text>
<par/>
</text>
</block>
<block><region><rect/></region>
<text>
<par>
<line>jytir,</line></par>
</text>
</block>
<block><region><rect/></region>
<text>
<par/>
</text>
</block>
<block><region><rect/></region>
<text>
<par>
<line>irrie</line></par>
</text>
</block>
<block><region><rect/></region>
<text>
<par/>
</text>
</block>
<block><region><rect/></region>
<text>
<par/>
</text>
</block>
<block><region><rect/></region>
<text>
<par>
<line>^ses</line></par>
</text>
</block>
<block><region><rect/></region>
<text>
<par/>
</text>
</block>
<block><region><rect/></region>
<text>
<par/>
</text>
</block>
<block><region><rect/></region>
<text>
<par/>
</text>
</block>
<block><region><rect/></region>
<text>
<par>
<line>.s_4ni</line></par>
</text>
</block>
<block><region><rect/></region>
<text>
<par/>
</text>
</block>
<block><region><rect/></region>
<text>
<par/>
</text>
</block>
<block><region><rect/></region>
<text>
<par/>
</text>
</block>
<block><region><rect/></region>
<text>
<par>
<line>Mafldetie^</line></par>
</text>
</block>
<block><region><rect/></region>
<text>
<par>
<line>Anir</line></par>
</text>
</block>
<block><region><rect/></region>
<text>
<par/>
</text>
</block>
<block><region><rect/></region>
<text>
<par/>
</text>
</block>
<block><region><rect/></region>
<text>
<par>
<line>m</line></par>
</text>
</block>
<block><region><rect/></region>
<text>
<par>
<line>sÇfÉujîitftf Siu/feciiyp</line></par>
</text>
</block>
<block><region><rect/></region>
<text>
<par/>
</text>
</block>
<block><region><rect/></region>
<text>
<par>
<line>D-5, [C</line></par>
</text>
</block>
<block><region><rect/></region>
<text>
<par>
<line>S!&gt;\sc, «</line></par>
</text>
</block>
<block><region><rect/></region>
<text>
<par/>
</text>
</block>
<block><region><rect/></region>
<text>
<par>
<line>ph'&amp;^aj</line></par>
</text>
</block>
<block><region><rect/></region>
<text>
<par/>
</text>
</block>
<block><region><rect/><rect/></region>
<text>
<par/>
</text>
</block>
<block><region><rect/></region>
<text>
<par/>
</text>
</block>
<block><region><rect/><rect/><rect/></region>
<text>
<par/>
</text>
</block>
<block><region><rect/></region>
<text>
<par>
<line>etre</line></par>
</text>
</block>
<block><region><rect/></region>
<text>
<par/>
</text>
</block>
<block><region><rect/></region>
<text>
<par>
<line>/ •—</line></par>
</text>
</block>
<block><region><rect/></region>
<text>
<par>
<line>vision eu</line></par>
</text>
</block>
<block><region><rect/></region>
<text>
<par/>
</text>
</block>
<block><region><rect/></region>
<text>
<par>
<line>aîâi.</line></par>
</text>
</block>
<block><region><rect/><rect/></region>
<text>
<par>
<line>.-rf :\H\1</line></par>
</text>
</block>
<block><region><rect/></region>
<text>
<par/>
</text>
</block>
<block><region><rect/><rect/></region>
<text>
<par/>
</text>
</block>
<block><region><rect/></region>
<text>
<par>
<line>i'yj</line></par>
</text>
</block>
<block><region><rect/></region>
<text>
<par>
<line>t'//^</line></par>
</text>
</block>
<block><region><rect/></region>
<text>
<par>
<line>t'y</line></par>
</text>
</block>
<block><region><rect/></region>
<text>
<par/>
</text>
</block>
<block><region><rect/></region>
<text>
<par/>
</text>
</block>
<block><region><rect/></region>
<text>
<par>
<line>kV,if</line></par>
</text>
</block>
<block><region><rect/></region>
<text>
<par>
<line>^1</line></par>
</text>
</block>
<block><region><rect/></region>
<text>
<par/>
</text>
</block>
<block><region><rect/></region>
<text>
<par/>
</text>
</block>
<block><region><rect/></region>
<text>
<par>
<line>ÿs „ ■</line></par>
</text>
</block>
<block><region><rect/></region>
<text>
<par/>
</text>
</block>
<block><region><rect/></region>
<text>
<par/>
</text>
</block>
<block><region><rect/></region>
<text>
<par/>
</text>
</block>
<block><region><rect/></region>
<text>
<par>
<line>a sseen</line></par>
</text>
</block>
<block><region><rect/></region>
<text>
<par>
<line>Lidçgt):</line></par>
</text>
</block>
<block><region><rect/></region>
<text>
<par>
<line>PeïiSH</line></par>
</text>
</block>
<block><region><rect/></region>
<text>
<par/>
</text>
</block>
<block><region><rect/></region>
<text>
<par>
<line>fiKI</line></par>
</text>
</block>
<block><region><rect/></region>
<text>
<par/>
</text>
</block>
<block><region><rect/></region>
<text>
<par>
<line>a</line></par>
</text>
</block>
<block><region><rect/></region>
<text>
<par/>
</text>
</block>
<block><region><rect/></region>
<text>
<par>
<line>6&gt;</line></par>
</text>
</block>
<block><region><rect/></region>
<text>
<par>
<line>g</line></par>
</text>
</block>
<block><region><rect/><rect/></region>
<text>
<par/>
</text>
</block>
<block><region><rect/></region>
<text>
<par>
<line>^^5</line></par>
</text>
</block>
<block><region><rect/></region>
<text>
<par/>
</text>
</block>
<block><region><rect/></region>
<text>
<par>
<line>miî.A</line></par>
</text>
</block>
<block><region><rect/></region>
<text>
<par>
<line>o^ut-'yf•/,.y</line></par>
</text>
</block>
<block><region><rect/></region>
<text>
<par/>
</text>
</block>
<block><region><rect/></region>
<text>
<par>
<line>Calï</line></par>
</text>
</block>
<block><region><rect/></region>
<text>
<par>
<line>C?!:i</line></par>
</text>
</block>
<block><region><rect/></region>
<text>
<par>
<line>?sfi</line></par>
</text>
</block>
<block><region><rect/></region>
<text>
<par/>
</text>
</block>
<block><region><rect/></region>
<text>
<par/>
</text>
</block>
<block><region><rect/></region>
<text>
<par>
<line>ioüiùic,''^^</line></par>
</text>
</block>
<block><region><rect/></region>
<text>
<par>
<line>i^liechB</line></par>
</text>
</block>
<block><region><rect/></region>
<text>
<par/>
</text>
</block>
<block><region><rect/></region>
<text>
<par>
<line>rfu. E^1</line></par>
</text>
</block>
<block><region><rect/></region>
<text>
<par>
<line>îü&amp;eïiiSo^</line></par>
</text>
</block>
<block><region><rect/></region>
<text>
<par/>
</text>
</block>
<block><region><rect/></region>
<text>
<par>
<line>■-0</line></par>
</text>
</block>
<block><region><rect/></region>
<text>
<par/>
</text>
</block>
<block><region><rect/></region>
<text>
<par>
<line>Mt</line></par>
</text>
</block>
<block><region><rect/></region>
<text>
<par/>
</text>
</block>
<block><region><rect/></region>
<text>
<par/>
</text>
</block>
<block><region><rect/></region>
<text>
<par/>
</text>
</block>
<block><region><rect/></region>
<text>
<par/>
</text>
</block>
<block><region><rect/></region>
<text>
<par>
<line>ïii</line></par>
</text>
</block>
<block><region><rect/></region>
<text>
<par>
<line>iW</line></par>
</text>
</block>
<block><region><rect/></region>
<text>
<par/>
</text>
</block>
<block><region><rect/></region>
<text>
<par>
<line>isii</line></par>
</text>
</block>
<block><region><rect/></region>
<text>
<par>
<line>U</line></par>
</text>
</block>
<block><region><rect/></region>
<text>
<par>
<line>w</line></par>
</text>
</block>
<block><region><rect/></region>
<text>
<par/>
</text>
</block>
<block><region><rect/></region>
<text>
<par/>
</text>
</block>
<block><region><rect/></region>
<text>
<par>
<line>iVféi</line></par>
</text>
</block>
<block><region><rect/></region>
<text>
<par>
<line>Ca/</line></par>
</text>
</block>
<block><region><rect/></region>
<text>
<par>
<line>m</line></par>
</text>
</block>
<block><region><rect/></region>
<text>
<par/>
</text>
</block>
<block><region><rect/></region>
<text>
<par>
<line>t\</line></par>
</text>
</block>
<block><region><rect/></region>
<text>
<par>
<line>B9t»0ue</line></par>
</text>
</block>
<block><region><rect/></region>
<text>
<par/>
</text>
</block>
<block><region><rect/></region>
<text>
<par/>
</text>
</block>
<block><region><rect/></region>
<text>
<par>
<line>n</line></par>
</text>
</block>
<block><region><rect/></region>
<text>
<par>
<line>lâVR</line></par>
</text>
</block>
<block><region><rect/></region>
<text>
<par/>
</text>
</block>
<block><region><rect/></region>
<text>
<par/>
</text>
</block>
<block><region><rect/></region>
<text>
<par>
<line>■^'4.-S</line></par>
</text>
</block>
<block><region><rect/></region>
<text>
<par>
<line>mi</line></par>
</text>
</block>
<block><region><rect/></region>
<text>
<par>
<line>Chattteuii</line></par>
</text>
</block>
<block><region><rect/></region>
<text>
<par>
<line>■rÎDlfdc'*Ja R</line></par>
</text>
</block>
<block><region><rect/></region>
<text>
<par/>
</text>
</block>
<block><region><rect/></region>
<text>
<par/>
</text>
</block>
<block><region><rect/></region>
<text>
<par>
<line>■sLîSe'</line></par>
</text>
</block>
<block><region><rect/></region>
<text>
<par>
<line>wÏ5ao\l"S^</line></par>
</text>
</block>
<block><region><rect/></region>
<text>
<par>
<line>1 &lt;</line></par>
</text>
</block>
<block><region><rect/></region>
<text>
<par/>
</text>
</block>
<block><region><rect/></region>
<text>
<par>
<line>WiL-Vieil</line></par>
</text>
</block>
<block><region><rect/></region>
<text>
<par/>
</text>
</block>
<block><region><rect/></region>
<text>
<par>
<line>Vo/x't?*</line></par>
</text>
</block>
<block><region><rect/></region>
<text>
<par/>
</text>
</block>
<block><region><rect/></region>
<text>
<par>
<line>,^HEns</line></par>
</text>
</block>
<block><region><rect/></region>
<text>
<par>
<line>COURCDES</line></par>
</text>
</block>
<block><region><rect/></region>
<text>
<par>
<line>r/yy/M</line></par>
</text>
</block>
<block><region><rect/></region>
<text>
<par/>
</text>
</block>
<block><region><rect/></region>
<text>
<par/>
</text>
</block>
<block><region><rect/></region>
<text>
<par>
<line>A lie 6£_&lt;_</line></par>
</text>
</block>
<block><region><rect/></region>
<text>
<par/>
</text>
</block>
<block><region><rect/></region>
<text>
<par>
<line>yZ/fÉ?</line></par>
</text>
</block>
<block><region><rect/></region>
<text>
<par>
<line>vPie</line></par>
</text>
</block>
<block><region><rect/></region>
<text>
<par>
<line>J</line></par>
</text>
</block>
<block><region><rect/></region>
<text>
<par/>
</text>
</block>
<block><region><rect/></region>
<text>
<par>
<line>3-^1</line></par>
</text>
</block>
<block><region><rect/></region>
<text>
<par/>
</text>
</block>
<block><region><rect/></region>
<text>
<par/>
</text>
</block>
<block><region><rect/></region>
<text>
<par>
<line>.651</line></par>
</text>
</block>
<block><region><rect/></region>
<text>
<par/>
</text>
</block>
<block><region><rect/></region>
<text>
<par/>
</text>
</block>
<block><region><rect/></region>
<text>
<par>
<line>Scii</line></par>
</text>
</block>
<block><region><rect/></region>
<text>
<par/>
</text>
</block>
<block><region><rect/></region>
<text>
<par/>
</text>
</block>
<block><region><rect/></region>
<text>
<par/>
</text>
</block>
<block><region><rect/></region>
<text>
<par>
<line>I</line></par>
</text>
</block>
<block><region><rect/></region>
<text>
<par/>
</text>
</block>
<block><region><rect/></region>
<text>
<par/>
</text>
</block>
<block><region><rect/></region>
<text>
<par/>
</text>
</block>
<block><region><rect/></region>
<text>
<par>
<line>r-Auos</line></par>
</text>
</block>
<block><region><rect/></region>
<text>
<par>
<line>* œ</line></par>
</text>
</block>
<block><region><rect/></region>
<text>
<par/>
</text>
</block>
<block><region><rect/></region>
<text>
<par>
<line>iitrft</line></par>
</text>
</block>
<block><region><rect/></region>
<text>
<par>
<line>5^^</line></par>
</text>
</block>
<block><region><rect/></region>
<text>
<par/>
</text>
</block>
<block><region><rect/></region>
<text>
<par>
<line>,€Vt</line></par>
</text>
</block>
<block><region><rect/></region>
<text>
<par/>
</text>
</block>
<block><region><rect/></region>
<text>
<par/>
</text>
</block>
<block><region><rect/></region>
<text>
<par/>
</text>
</block>
<block><region><rect/></region>
<text>
<par>
<line>U"</line></par>
</text>
</block>
<block><region><rect/></region>
<text>
<par>
<line>W</line></par>
</text>
</block>
<block><region><rect/></region>
<text>
<par/>
</text>
</block>
<block><region><rect/></region>
<text>
<par>
<line>Cti'i</line></par>
</text>
</block>
<block><region><rect/></region>
<text>
<par/>
</text>
</block>
<block><region><rect/><rect/><rect/><rect/><rect/></region>
<text>
<par>
<line>COMMUNE D’EYCHEIL</line></par>
<par>
<line>Limites communales</line>
<line>._ Périmètre d'étude du P.P.R.</line></par>
<par>
<line>Echelle : 1/ 25 000°</line></par>
</text>
</block>












































</page>
<page width="4967" height="7024" resolution="600">
<block><region><rect/></region>
<text>
<par>
<line>Direction Départementale de l'Agriculture et</line>
<line>de la Forêt de l'Ariège</line></par>
</text>
</block>
<block><region><rect/></region>
<text>
<par>
<line>Liberté • Égalité * fraternité</line></par>
<par>
<line>RÉPUBLIQUE Française</line></par>
<par>
<line>PREFECTURE DE l’ARlEGE</line></par>
</text>
</block>
<block><region><rect/></region>
<text>
<par/>
</text>
</block>
<block><region><rect/></region>
<text>
<par>
<line>rtm</line></par>
</text>
</block>
<block><region><rect/></region>
<text>
<par>
<line>restauration des terrains en montagne</line></par>
</text>
</block>
<block><region><rect/></region>
<text>
<par>
<line>Commune de</line></par>
</text>
</block>
<block><region><rect/></region>
<text>
<par>
<line>EYCHEIL^</line></par>
</text>
</block>
<block><region><rect/><rect/></region>
<text>
<par/>
</text>
</block>
<block><region><rect/></region>
<text>
<par>
<line>(N“ INSEE; 09-261)</line></par>
</text>
</block>
<block><region><rect/></region>
<text>
<par>
<line>Plan de Prévention des Risques</line>
<line>naturels prévisibles</line></par>
<par>
<line>- P.P.R. -</line></par>
</text>
</block>
<block><region><rect/></region>
<text>
<par>
<line>Livret 2</line></par>
<par>
<line>Règlement</line></par>
</text>
</block>
<block><region><rect/></region>
<text>
<par>
<line>ç.VT-'</line></par>
<par>
<line>.&lt;3 il-</line></par>
</text>
</block>
<block><region><rect/></region>
<text>
<par/>
</text>
</block>
<block><region><rect/></region>
<text>
<par/>
</text>
</block>
<block><region><rect/></region>
<text>
<par/>
</text>
</block>
<block><region><rect/></region>
<text>
<par>
<line>»</line></par>
</text>
</block>
<block><region><rect/></region>
<text>
<par>
<line>i;'-;</line></par>
</text>
</block>
<block><region><rect/></region>
<text>
<par/>
</text>
</block>
<block><region><rect/></region>
<text>
<par/>
</text>
</block>
<block><region><rect/></region>
<text>
<par>
<line>Prescription : 12 septembre 2001</line>
<line>Eiaboration : novembre 2002</line></par>
</text>
</block>
<block><region><rect/></region>
<text>
<par>
<line>DOCUMENT APPROUVE</line></par>
</text>
</block>















<block blockType="Picture" blockName="" l="2350" t="4838" r="2654" b="4910"><region><rect/></region>
</block>
</page>
</PM1>