<?xml version="1.0" encoding="UTF-8"?><PM1>
<page width="2486" height="3509" resolution="300">
<block><region><rect/></region>
<text>
<par>
<line>K</line></par>
<par>
<line>DiiBCtion</line>
<line>Départementaie</line>
<line>de fEquipement</line></par>
<par>
<line>Landes</line></par>
<par>
<line>Service</line></par>
<par>
<line>Urtoanisme</line></par>
<par>
<line>Environnement</line></par>
</text>
</block>
<block><region><rect/></region>
<text>
<par>
<line>PLAN DE</line></par>
<par>
<line>PREVENTION DES</line>
<line>RISQUES</line></par>
</text>
</block>
<block><region><rect/></region>
<text>
<par>
<line>INONDATION SECTEUR</line>
<line>D’AIRE-SUR-L’ADOUR</line></par>
</text>
</block>
<block><region><rect/></region>
<text>
<par>
<line>0</line></par>
</text>
</block>
<block><region><rect/></region>
<text>
<par>
<line>ARRETE D’APPROBATION</line></par>
</text>
</block>












</page>
<page width="2479" height="3504" resolution="300">
<block><region><rect/></region>
<text>
<par>
<line>Liberté • Égalité • Fraternité</line></par>
<par>
<line>République Française</line>
<line>PRÉFECTURE DES LANDES</line></par>
</text>
</block>
<block><region><rect/></region>
<text>
<par>
<line>Direction Départementale</line>
<line>de l’Equipement</line></par>
</text>
</block>
<block><region><rect/></region>
<text>
<par>
<line>jE T E</line></par>
</text>
</block>
<block><region><rect/></region>
<text>
<par>
<line>Approuvant la Plan de Prévention des Risques Inondation</line>
<line>du Secteur d’AIRE-SUR-L’ADOüR</line></par>
<par>
<line>Le Préfet</line></par>
</text>
</block>
<block><region><rect/></region>
<text>
<par>
<line>VU la Loi 87.565 du 22 Juillet 1987 modifiée relative à</line>
<line>l’organisation de la sécurité civile à la protection de la forêt contre l’incendie et à la</line>
<line>prévention des risques majeur, notamment les articles 40.1 à 40.7 issus de la loi</line>
<line>95.101 du 2 Février 1995 relative au renforcement de la protection de</line>
<line>l’Environnement,</line></par>
</text>
</block>
<block><region><rect/></region>
<text>
<par>
<line>VU le décret 95.1089 du 5 Octobre 1995 relatif à l’élaboration</line>
<line>des Plans de Prévention des Risques Prévisibles,</line></par>
<par>
<line>VU le SDAGE Adour Garonne approuvé le 6 Août 1996,</line></par>
<par>
<line>VU l’arrêté préfectoral du 17 Juin 1997 prescrivant</line>
<line>rétablissement d’un Plan de Prévention des Risques naturels prévisibles en</line>
<line>particulier sur la Commune d’AIRE-SUR-L’ADOUR.</line></par>
<par>
<line>VU le projet présenté le l®"” Décembre 1999 par la Direction</line>
<line>Départementale de l’Equipement,</line></par>
<par>
<line>VU les observations formulées lors de l’enquête publique</line>
<line>prescrite par arrêté préfectoral du 3 Février 2000, les conclusions motivées et l’avis</line>
<line>favorable du Commissaire Enquêteur en date du 29 Mars 2000.</line></par>
<par>
<line>VU l’avis réputé favorable de la Chambre d’Agriculture des</line>
<line>Landes et du Centre Régional de la Propriété Forestière consultés le 26 Janvier</line>
<line>2000.</line></par>
<par>
<line>VU la délibération du Conseil Municipal d’AIRE-SUR-L’ADOUR</line>
<line>en date du 31 Mars 2000.</line></par>
<par>
<line>VU le rapport de M. le Directeur Départemental de l’Equipement</line>
<line>en date du 26 Avril 2000.</line></par>
<par>
<line>SUR la proposition de M. le Secrétaire Général de la Préfecture</line></par>
<par>
<line>des Landes,</line></par>
</text>
</block>
<block><region><rect/></region>
<text>
<par>
<line>351,boulevatdSaiot-Mëdard-B.P.369-40012Mrait-da-Mai:saiioedex-Tél^hone05 58513147-Fax05 58 51 30 10</line></par>
</text>
</block>





</page>
<page width="2479" height="3504" resolution="300">
<block><region><rect/></region>
<text>
<par>
<line>ARTICLE 1 er - le Plan de Prévention des Risques inondation du Secteur d’AIRE-</line>
<line>SUR-L’ADOUR tel qu’il est annexé au présent arrêté est approuvé.</line></par>
</text>
</block>
<block><region><rect/></region>
<text>
<par>
<line>ARTICLE 2 - Le présent arrêté sera notifié à M. le Maire d’AIRE-SUR-L’ADOUR</line>
<line>pour être annexé au Plan d’Occupation des Sols de la Commune.</line></par>
<par>
<line>H sera publié au Recueil des Actes Administratifs de la Préfecture des</line>
<line>Landes ainsi que dans deux journaux régionaux ou locaux diffusés dans le</line>
<line>département.</line></par>
</text>
</block>
<block><region><rect/></region>
<text>
<par>
<line>Il sera affiché en Mairie d’AIRE-SUR-L’ADOUR et les annexes tenues</line>
<line>à disposition du public.</line></par>
</text>
</block>
<block><region><rect/></region>
<text>
<par>
<line>ARTICLE 3 - M le Secrétaire Général de la Préfecture, M. le Maire d’AIRE-SUR-</line>
<line>L’ADOUR, M. le Directeur Départemental de l'Equipement sont chargés, chacun en</line>
<line>ce qui les concerne, de l’exécution du présent arrêté dont ampliation sera adressée</line>
<line>à;</line></par>
</text>
</block>
<block><region><rect/></region>
<text>
<par>
<line>■ M. le Préfet du GERS,</line></par>
<par>
<line>■ M. le Président de la Chambre d’Agriculture des Landes,</line></par>
<par>
<line>■ M. le Président du Centre Régional de la propriété Forestière,</line></par>
<par>
<line>■ M. le Directeur Départemental de l’Agriculture et de la Forêt des Landes,</line></par>
<par>
<line>■ M. le Directeur Départemental des Affaires Sanitaires et Sociales des</line>
<line>Landes,</line></par>
<par>
<line>■ M. le Directeur Régional de l’Environnement.</line></par>
</text>
</block>
<block><region><rect/><rect/></region>
<text>
<par>
<line>Signé en présence du Maire d/!</line>
<line>Vice Président du</line></par>
</text>
</block>
<block><region><rect/></region>
<text>
<par>
<line>ons</line></par>
</text>
</block>
<block><region><rect/></region>
<text>
<par>
<line>A</line></par>
</text>
</block>
<block><region><rect/><rect/></region>
<text>
<par>
<line>e-sur-L’Adour</line></par>
<par>
<line>énéral</line></par>
</text>
</block>
<block><region><rect/></region>
<text>
<par>
<line>Robert</line></par>
</text>
</block>
<block><region><rect/></region>
<text>
<par>
<line>A MONT-DE-MARSAN, le</line></par>
<par>
<line>Le Préfet, 2 9 JUIN</line></par>
</text>
</block>
<block><region><rect/></region>
<text>
<par>
<line>- /I</line></par>
</text>
</block>
<block><region><rect/></region>
<text>
<par>
<line>Jacques SANS</line></par>
</text>
</block>







</page>
</PM1>