<?xml version="1.0" encoding="UTF-8"?><PM1>
<page width="1240" height="1752" resolution="150">
<block><region><rect/></region>
<text>
<par>
<line>libtni • ÉgaUté • Praimili</line></par>
<par>
<line>RÉPUBUQSJE Française</line>
<line>PREFECTURE DE LA REUNION</line></par>
</text>
</block>
<block><region><rect/></region>
<text>
<par>
<line>SECRETARIAT GENERAL</line></par>
<par>
<line>Direction des Relations</line>
<line>avec les Collectivités Territoriales</line>
<line>et du Cadre de Vie</line></par>
<par>
<line>Bureau du Contrôle de Légalité</line></par>
</text>
</block>
<block><region><rect/></region>
<text>
<par>
<line>Saint-Denis, le Q 9 JUIN 2011</line></par>
</text>
</block>
<block><region><rect/></region>
<text>
<par>
<line>ARRETE N“</line></par>
</text>
</block>
<block><region><rect/></region>
<text>
<par>
<line>-- 882</line></par>
</text>
</block>
<block><region><rect/></region>
<text>
<par>
<line>approuvant le Pian de Prévention des Risques</line>
<line>(PPR) naturels prévisibles relatif aux phénomènes</line>
<line>de mouvement de terrain sur la commune de</line>
<line>Cilaos.</line></par>
</text>
</block>
<block><region><rect/></region>
<text>
<par>
<line>LE PREFET DE LA REUNION</line>
<line>CHEVALIER DE LA LEGION D'HONNEUR</line></par>
</text>
</block>
<block><region><rect/></region>
<text>
<par>
<line>VU le Code de l’Urbanisme ;</line></par>
<par>
<line>VU le Code de la Construction et de l'Habitation ;</line></par>
<par>
<line>VU le Code de l'Environnement, et notamment son livre V - Titre VI sur la prévention des</line>
<line>risques majeurs ;</line></par>
<par>
<line>VU la loi n° 87-565 du 22 juillet 1987 relative à l'organisation de la sécurité civile, à la</line>
<line>protection de la forêt contre l'incendie et à la prévention des risques majeurs,</line>
<line>notamment ses articles 40 -1 à 40 -7 issus de la loi n° 95-101 du 2 février 1995 ;</line></par>
<par>
<line>VU la loi n' 2003-699 du 30 juillet 2003 relative à la prévention des risques technologiques</line>
<line>et naturels et à la réparation des dommage? ;</line></par>
<par>
<line>VU le décret n" 95-1089 du 5 octobre 1995 relatif aux Plans de Prévention des Risques</line>
<line>naturels prévisibles, modifié par le décret n® 2005-3 du 04 janvier 2005 ;</line></par>
<par>
<line>VU l’arrêté préfectoral n’ 2002/1217/SG/DRCTCV du 17 avril 2002 prescrivant</line>
<line>l'établissement d’un Plan de Prévention des Risques (PPR) naturels prévisibles, sur la</line>
<line>commune de Cilaos, relatif aux phénomènes de mouvement de terrain ;</line></par>
</text>
</block>


</page>
<page width="1240" height="1752" resolution="150">
<block><region><rect/></region>
<text>
<par>
<line>vu le procès-verbal de Délibération du Conseil Municipal de Cilaos en date du 12 mai 2010</line>
<line>donnant un avis favorable au plan de prévention des risques « mouvement de terrain » ;</line></par>
<par>
<line>VU l'impossibilité de consulter le Centre Régional de la Propriété Forestière, qui n'existe pas</line>
<line>à la Réunion ;</line></par>
<par>
<line>VU l'avis réputé favorable de la Communauté Intercommunale des Villes Solidaires (CIVIS) ;</line></par>
<par>
<line>VU l’avis assorti d'obsen/ations de la Chambre d'Aghculture de la Réunion en date du 20</line>
<line>mai 2010 :</line></par>
<par>
<line>VU l'avis réputé favorable de la Direction Régionale de l'Environnement de la Réunion ;</line></par>
<par>
<line>VU l'avis favorable assorti d'observations de l'Office National des Forêts en date du 8 juin</line>
<line>2010 ;</line></par>
<par>
<line>VU l’avis favorable assorti d'observations de la Direction de l'Agriculture et de la Forêt de la</line>
<line>Réunion en date du 9 juin 2010 ;</line></par>
<par>
<line>VU l’arrêté préfectoral n° 2553/SG/DRCTCV4 du 29 octobre 2010 prescrivant sur le territoire</line>
<line>de la commune de Cilaos l’ouverture d'une enquête publique relative au PPR du 22</line>
<line>novembre au 22 décembre 2010 inclus ;</line></par>
<par>
<line>VU l'avis favorable avec recommandations du commissaire enquêteur en date du 19 janvier</line>
<line>2011 ;</line></par>
<par>
<line>VU le projet de Plan de Prévention des Risques naturels prévisibles ;</line></par>
<par>
<line>CONSIDÉRANT que les études d'aléa réalisées par le BRGM depuis 2002 constituent des</line>
<line>fondements techniques suffisants pour une délimitation des zones exposées ;</line></par>
<par>
<line>CONSIDÉRANT la concertation approfondie menée sur le dossier PPR sur la période</line>
<line>2002/2010, entre les services de l’Etat et les représentants de la commune de</line>
<line>Cilaos ;</line></par>
<par>
<line>CONSIDÉRANT que, conformément à la législation en vigueur, le PPR pourra être révisé en</line>
<line>fonction de l'évolution de la connaissance des phénomènes naturels, et qu’ainsi les</line>
<line>interdictions et les prescriptions pourront être revues partiellement, voire totalement,</line>
<line>dans les zones agglomérées, dans la mesure où des travaux de protection, dont les</line>
<line>incidences auront été évaluées et maîtrisées, auront été réalisés pour sécuriser les</line>
<line>secteurs exposés ;</line></par>
<par>
<line>CONSIDÉRANT le principe de « précaution » inscrit en tète des dispositions de la loi</line>
<line>précitée du 2 février 1995, selon lequel l’absence de certitudes, compte tenu des</line>
<line>connaissances scientifiques et techniques du moment, ne doit pas retarder l'adoption de</line>
<line>mesures effectives et proportionnées visant à prévenir un risque ;</line></par>
<par>
<line>SUR proposition de Monsieur le Secrétaire Général de la Préfecture ;</line></par>
</text>
</block>
</page>
<page width="1240" height="1752" resolution="150">
<block><region><rect/></region>
<text>
<par>
<line>ARRETE</line></par>
</text>
</block>
<block><region><rect/></region>
<text>
<par>
<line>ARTICLE 1</line></par>
<par>
<line>Le Plan de Prévention des Risques (PPR) naturels prévisibles relatif aux phénomènes de</line>
<line>mouvement de terrain portant sur la commune de Cilaos est approuvé, conformément au</line>
<line>dossier annexé au présent arrêté.</line></par>
<par>
<line>ARTICLE 2</line></par>
<par>
<line>Le présent arrêté fera l’objet d’une mention au Recueil des Actes Administratifs de la</line>
<line>Préfecture, ainsi que dans deux Journaux locaux.</line></par>
<par>
<line>ARTICLE 3</line></par>
</text>
</block>
<block><region><rect/></region>
<text>
<par>
<line>Une copie de cet arrêté devra être affichée à la mairie de Cilaos ainsi qu'au siège de la</line>
<line>Communauté Intercommunale des Villes Solidaires (CIVIS) pendant un mois au minimum,</line>
<line>conformément aux dispositions de l'article R,562-9 du Code de l'Environnement,</line></par>
<par>
<line>ARTICLE 4</line></par>
</text>
</block>
<block><region><rect/></region>
<text>
<par>
<line>Le dossier du PPR approuvé sera tenu à la disposition du public en Préfecture de Saint-</line>
<line>Denis. en Sous-Préfecture de Saint-Pierre, à la mairie de Cilaos et au siège de la CIVIS.</line>
<line>Cette mesure fera également l'objet d'une mention avec les publications et l’affichage</line>
<line>prévus respectivement aux articles 2 et 3 précédents.</line></par>
<par>
<line>ARTICLE 5</line></par>
</text>
</block>
<block><region><rect/></region>
<text>
<par>
<line>Conformément aux articles L.126-1. R.123-22, R.126-1 et R.126-2 du Code de l’Urbanisme,</line>
<line>cette pièce réglementaire devra être annexée par Monsieur le Maire de Cilaos au document</line>
<line>d'urbanisme de la commune suivant la procédure de mise à jour et dans un délai maximum</line>
<line>de 3 mois.</line></par>
<par>
<line>ARTICLE 6</line></par>
</text>
</block>
<block><region><rect/></region>
<text>
<par>
<line>Le Secrétaire Général de la Préfecture, le Sous-Préfet de Saint-Pierre, le Maire de la</line>
<line>commune de Cilaos, le Président de la CIVIS et le Directeur de l'Environnement, de</line>
<line>l'Aménagement et du Logement (DEAL) sont chargés, chacun en ce qui le concerne, de</line>
<line>l’exécution du présent arrêté dont une copie leur sera adressée.</line></par>
</text>
</block>
<block><region><rect/></region>
<text>
<par>
<line>LE P</line></par>
</text>
</block>
<block><region><rect/><rect/></region>
<text>
<par>
<line>par déléjjstion,</line>
<line>rc Général</line></par>
</text>
</block>
<block><region><rect/></region>
<text>
<par>
<line>Xavier BRUNETiÈRE</line></par>
</text>
</block>







</page>
</PM1>