<?xml version="1.0" encoding="UTF-8"?><PM1>
<page width="5000" height="7047" resolution="600">
<block><region><rect/></region>
<text>
<par>
<line>-2-</line></par>
</text>
</block>
<block><region><rect/></region>
<text>
<par>
<line>Article 5</line></par>
<par>
<line>Une concertation sera réalisée avec la commune pendant les phases d’élaboration des documents</line>
<line>devant être présentés à l’enquête publique. Celle-ci comprendra, au minimum :</line></par>
<par>
<line>une réunion de présentation du PPR,</line></par>
<par>
<line>une réunion de présentation des aléas et des enjeux,</line></par>
<par>
<line>une réunion de présentation du document complet avant enquête»</line></par>
<par>
<line>Une concertation sera réalisée avec les habitants. Ses modalités seront définies avec la</line>
<line>commune.</line></par>
<par>
<line>Article 6</line></par>
</text>
</block>
<block><region><rect/></region>
<text>
<par>
<line>Une copie du présent arrêté sera adressée à :</line></par>
<par>
<line>' Monsieur le maire de la commune de L’AîGUIIXON,</line></par>
<par>
<line>- Monsieur le directeur départemental de réquipemenl et de l'agriculture,</line></par>
<par>
<line>- Monsieur le chef du service interdépartemental de restauration des terrains en montagne,</line></par>
<par>
<line>- Monsieur le directeur régional de l'environnement,</line></par>
<par>
<line>- Monsieur le directeur départemental des services d’incendie et de secours.</line></par>
<par>
<line>Article 7</line></par>
<par>
<line>Le présent arrêté et son annexe seront tenus à la disposition du public :</line></par>
<par>
<line>Q en mairie de L’AIGUILLON</line></par>
<par>
<line>□ à la Préfecture de l'Ariége - Service interministériel de défense et de protection civiles</line></par>
<par>
<line>Article 8</line></par>
<par>
<line>Le secrétaire général de la préfecture, le directeur départemental de l’équipement et de l’agriculture,</line>
<line>sont chargés de l'exécution du présent arrêté qui sera ûfïîché pendant un mois dans les locaux de la</line>
<line>mairie de L’AIGUILLON (mention de cet affichage sera insérée dans « La Gazette Ariégeoisc et le</line>
<line>Courrier de l’Ariège réunis») et publié au recueil des actes administratifs de la préfecture.</line></par>
</text>
</block>
<block><region><rect/></region>
<text>
<par>
<line>Fait à Foix, le</line></par>
</text>
</block>
<block><region><rect/></region>
<text>
<par>
<line>28 m. 2008</line></par>
</text>
</block>
<block><region><rect/></region>
<text>
<par>
<line>Jean-François VALETTE</line></par>
</text>
</block>
<block><region><rect/></region>
<text>
<par>
<line>Règlement du RPR de L’Aiguillon - Document approuvé -Janvier 2011</line></par>
</text>
</block>
<block><region><rect/></region>
<text>
<par>
<line>11</line></par>
</text>
</block>




</page>
<page width="5030" height="7068" resolution="600">
<block><region><rect/><rect/></region>
<text>
<par>
<line>Liberté • Égalité • Fraternité</line>
<line>RÉPUBLiaUE FRANÇAISE</line></par>
<par>
<line>PRÉFECTURE DE UARIÈGE</line></par>
</text>
</block>
<block><region><rect/></region>
<text>
<par>
<line>SERVICES DU CABINET. DE LA SECURITE ET DE LA PREVENTION</line>
<line>SERVICE INTERMINISTÉRIEL DE DÉFENSE</line>
<line>ET DE PROTECTION CIVILES</line></par>
</text>
</block>
<block><region><rect/></region>
<text>
<par/>
</text>
</block>
<block><region><rect/></region>
<text>
<par/>
</text>
</block>
<block><region><rect/></region>
<text>
<par/>
</text>
</block>
<block><region><rect/></region>
<text>
<par/>
</text>
</block>
<block><region><rect/></region>
<text>
<par/>
</text>
</block>
<block><region><rect/></region>
<text>
<par>
<line>Arrêté préfectoral modificatif prescrivant</line>
<line>l’établissement d’un plan de prévention</line>
<line>des risques naturels prévisibles (P.P.R.)</line>
<line>de la commune de L’AIGUILLON</line></par>
</text>
</block>
<block><region><rect/></region>
<text>
<par>
<line>Le préfet de l’Ariège,</line></par>
<par>
<line>Officier de l’Ordre National du Mérite,</line></par>
</text>
</block>
<block><region><rect/></region>
<text>
<par>
<line>Vu l'arrêté préfectoral du 28 avril 2008 prescrivant l’établissement d’un plan de prévention des risques</line>
<line>naturels prévisibles sur la commune de L'AIGUILLON ;</line></par>
<par>
<line>Sur proposition de M. le directeur départemental de l’équipement et de l’agriculture de l’Ariège -</line>
<line>- Service Environnement Risques - Bureau Prévention des Risques et Environnement ;</line></par>
<par>
<line>ARRETE</line></par>
</text>
</block>
<block><region><rect/></region>
<text>
<par>
<line>Article 1</line></par>
</text>
</block>
<block><region><rect/></region>
<text>
<par>
<line>L'article 3 de l'arrêté susvisé est modifié comme suit :</line></par>
<par>
<line>« Les risques étudiés sont :</line></par>
<par>
<line>- les inondations et les crues torrentielles,</line></par>
<par>
<line>- les mouvements de terrain.</line></par>
<par>
<line>En ce qui concerne les séismes, l'article R563-4 du Code de l'environnement définit les zones</line>
<line>sismiques. Les séismes ne font pas l'objet d'une étude spécifique. »</line></par>
<par>
<line>Le reste sans changement.</line></par>
<par>
<line>Article 2</line></par>
<par>
<line>La secrétaire générale de la préfecture, le directeur départemental de l’équipement et de l’agriculture,</line>
<line>sont chargés de l'exécution du présent arrêté qui sera affiché pendant un mois dans les locaux de la</line>
<line>mairie de L'AIGUILLON (mention de cet affichage sera insérée dans « La Dépêche du Midi - Edition</line>
<line>de l'Ariège») et publié au recueil des actes administratifs de la préfecture.</line></par>
</text>
</block>
<block><region><rect/></region>
<text>
<par>
<line>FaitàFoix,le 1 S OCl. ZOOS</line></par>
</text>
</block>
<block><region><rect/></region>
<text>
<par>
<line>Jacques BIIXANT</line></par>
</text>
</block>
<block><region><rect/></region>
<text>
<par>
<line>2, RUE DE LA PRÉFECTURE - PRÉFET CLAUDE ERIGNAC - B.P. 40087 - 09007 FOIX CEDEX</line>
<line>STANDARD 05 61 02 10 00 - TÉLÉCOPIE 05 61 02 74 82 - SITF INTPRMFT ■ -c-</line></par>
</text>
</block>




</page>
<page width="4958" height="7017" resolution="600">
<block><region><rect/></region>
<text>
<par>
<line>AGERINs.»^</line></par>
</text>
</block>
<block><region><rect/></region>
<text>
<par>
<line>r</line></par>
</text>
</block>
<block><region><rect/></region>
<text>
<par>
<line>Liberté • Êgaîiié * Fraternité</line></par>
<par>
<line>RÉPUBLiauE Française</line></par>
</text>
</block>
<block><region><rect/></region>
<text>
<par>
<line>Direction Départementale</line>
<line>des Territoires de l’Ariège</line></par>
</text>
</block>
<block><region><rect/></region>
<text>
<par>
<line>Commune de</line>
<line>UAiguillon</line></par>
<par>
<line>(N° INSEE :09003 )</line></par>
</text>
</block>
<block><region><rect/></region>
<text>
<par>
<line>Plan de Prévention des Risques</line>
<line>naturels prévisibles</line>
<line>- P.P.R. -</line></par>
</text>
</block>
<block><region><rect/></region>
<text>
<par>
<line>Livret 2</line>
<line>Règlement</line></par>
</text>
</block>
<block><region><rect/></region>
<text>
<par>
<line>PPR prescrit le: 28/04/2008</line>
<line>PPR approuvé le:</line></par>
</text>
</block>
<block><region><rect/></region>
<text>
<par>
<line>DOCUMENT APPROUVE</line></par>
</text>
</block>
<block><region><rect/></region>
<text>
<par>
<line>Janvier 2011</line></par>
</text>
</block>





<block blockType="Picture" blockName="" l="3400" t="568" r="3638" b="800"><region><rect/></region>
</block>
<block blockType="Picture" blockName="" l="468" t="1764" r="4216" b="1918"><region><rect/></region>
</block>
<block blockType="Picture" blockName="" l="532" t="542" r="1218" b="1152"><region><rect/></region>
</block>
</page>
</PM1>