<?xml version="1.0" encoding="UTF-8"?><PM1>
<page width="2479" height="3508" resolution="300">
<block><region><rect/></region>
<text>
<par>
<line>ARRETE PREFECTORAL</line></par>
</text>
</block>
<block><region><rect/></region>
<text>
<par>
<line>n°SI2007-07-20-0010-PREF</line></par>
</text>
</block>
<block><region><rect/></region>
<text>
<par>
<line>approuvant le Plan de Prévention des Risques d'Incendie de forêt</line>
<line>de la Commune de M ENERBES</line></par>
</text>
</block>
<block><region><rect/></region>
<text>
<par>
<line>LE PREFET DU DEPARTEMENT DE VAUCLUSE</line>
<line>Chevalier de la Légion d'honneur</line></par>
</text>
</block>
<block><region><rect/></region>
<text>
<par>
<line>VU le code de l'environnement, et notamment ses articles L.123-1, L.562-1 à L.562-9 relatifs</line>
<line>aux plans de prévention des risques naturels prévisibles ;</line></par>
<par>
<line>VU le titre II du code forestier relatif à la défense et à la lutte contre les incendies et</line>
<line>notamment ses articles L.321-6 et L.322-4-1 ;</line></par>
<par>
<line>VU l'arrêté préfectoral n° 1590 du 6 juillet 2000 prescrivant l'établissement du plan de</line>
<line>prévention des risques d'Incendies de forêt sur le territoire de la Commune de MENERBES ;</line></par>
<par>
<line>VU l'arrêté du 22 mai 2006 prescri vant l ' ouverture d'une enquête publique du 20 juin au 20</line>
<line>juillet 2006 relative au Plan de Prévention des Risques d'incendie de forêt de la Commune de</line>
<line>MENERBES;</line></par>
<par>
<line>VU les pièces constatant que l ' arrêté du 22 mai 2006 a été publié, affiché et i nséré dans deux</line>
<line>j ournaux du département dans les délais et que le dossi er d'enquête est resté, du 20 juin au 20</line>
<line>juillet 2006 inclus, en mairie de MENERBES ;</line></par>
<par>
<line>VU la déli bérati on du consei l muni ci pal de l a Commune de MENERBES en date du 20 juillet</line>
<line>2006</line></par>
<par>
<line>VU l'avis réputé favorable du Syndicat mixte pour la création et le suivi du SCOT du Pays</line>
<line>d'Apt.</line></par>
<par>
<line>VU l'avis réputé favorabl e du Syndi cat mi xte de défense et de val ori sati on foresti ère ;</line></par>
<par>
<line>VU l'avis réputé favorable du Parc naturel régional du Luberon ;</line></par>
<par>
<line>VU l'avis réputé favorable du Conseil Régional de la région Provence Alpes Côte d'Azur ;</line></par>
<par>
<line>VU l'avis réputé favorable du Conseil Général du département de Vaucluse;</line></par>
<par>
<line>VU l'analyse du Directeur Départemental de d'Agriculture et de la Forêt en date du 05 février</line>
<line>2007 ;</line></par>
</text>
</block>
</page>
<page width="2479" height="3508" resolution="300">
<block><region><rect/></region>
<text>
<par>
<line>VU l'avis du Di recteur Départemental des Servi ces d'I ncendi e et de Secours en date du 13</line>
<line>mars 2006;</line></par>
<par>
<line>VU l'avis du Di recteur Départemental de l'Equi pemient en date du 27 mars 2006 ;</line></par>
<par>
<line>VU l'avis de la Chambre d'Agriculture de Vaucluse en date du 07 mars 2006 ;</line></par>
<par>
<line>VU l'avis du Centre Régi onal de l a Propri été F oresti ère en date du 31 mai 2006 ;</line></par>
<par>
<line>VU le rapport et les conclusions du Commissaire enquêteur en date du 27 janvier 2007 ;</line></par>
<par>
<line>CONSIDERANT que le rapport du commissaire enquêteur a fait l'objet d'une analyse</line>
<line>approfondie par les services de l'Etat et donné lieu à plusieurs réunions de concertation avec</line>
<line>le maire en vue de valider des modifications mineures du zonage et du règlement;</line></par>
<par>
<line>CONSIDERANT enfin qu'il revient au représentant de l'Etat la responsabilité d'assurer la</line>
<line>sécurité de la population et qu'il est tenu de ce fait d'édicter des mesures de prévention, de</line>
<line>protection et de sauvegarde;</line></par>
<par>
<line>SUR proposition du Secrétaire Général de la Préfecture,</line></par>
</text>
</block>
<block><region><rect/></region>
<text>
<par>
<line>A R R E T E :</line></par>
</text>
</block>
<block><region><rect/></region>
<text>
<par>
<line>Article 1</line></par>
<par>
<line>Est approuvé, tel qu'il est annexé au présent arrêté, le plan de prévention des risques</line>
<line>d'i ncendi e de forêt (PPRIF) sur le terri toi re de la C ommune de MENERBES.</line></par>
<par>
<line>Article 2 :</line></par>
<par>
<line>Le plan approuvé comprend :</line></par>
<par>
<line>- un rapport de présentati on ;</line></par>
<par>
<line>- un règlement ;</line></par>
<par>
<line>- une carte de zonage ;</line></par>
<par>
<line>Le plan approuvé est tenu à la disposition du public en mairie de M ENERBES, au siège du</line>
<line>Syndicat mixte pour la création et le suivi du SCOT du Pays d'Apt et à la préfecture du</line>
<line>Vaucl use, di recti on des rel ati ons avec les coll ecti vi tés l ocal es et de l'envi ronnement.</line></par>
<par>
<line>Article 3 :</line></par>
<par>
<line>Une copie du présent arrêté sera adressée à Monsieur le Maire de la Commune de</line>
<line>M ENERBES, Monsieur le Président du Syndicat mixte pour la création et le suivi du SCOT</line>
<line>du Pays d'Apt, Monsieur le sous-préfet d'Apt, Monsieur le Directeur Départemental de</line>
<line>l'Agriculture et de la forêt, Monsieur le Directeur Départemental de l'Equipement, Monsieur</line>
<line>le Directeur Régional de l'Environnement et Monsieur le Délégué aux Risques Majeurs</line>
<line>(MEDAD).</line></par>
<par>
<line>Article 4 :</line></par>
<par>
<line>Le présent arrêté sera publié au recueil des actes administratifs de la préfecture. Une copie</line>
<line>sera affichée en mairie de MENERBES et au siège du syndicat mixte pour la création et le</line>
<line>suivi du SCOT du pays d'Apt, pendant au moins un mois à partir de la date de réception de la</line></par>
</text>
</block>
<block><region><rect/></region>
<text>
<par>
<line>page 2</line></par>
</text>
</block>
</page>
<page width="2479" height="3508" resolution="300">
<block><region><rect/></region>
<text>
<par>
<line>notification. Un procès verbal constatant l'accomplissement de ces formalités devra être</line>
<line>adressé à la Préfecture.</line></par>
<par>
<line>Un avis sera i nséré dans un journal diffusé dans le département.</line></par>
</text>
</block>
<block><region><rect/></region>
<text>
<par>
<line>Article 5 :</line></par>
<par>
<line>La présente décision peut être déférée au tribunal administratif de Nîmes dans les conditions</line>
<line>prévues par l'article R 421-1 du code de justice administrative, dans le délai de deux mois à</line>
<line>partir de sa notification ou de sa publication.</line></par>
<par>
<line>Article 6 :</line></par>
<par>
<line>Le secrétaire général de la préfecture, le Directeur Départemental de l'Agriculture et de la</line>
<line>Forêt et le Directeur Départemental de l'Equipement sont chargés de l'exécution du présent</line>
<line>arrêté.</line></par>
</text>
</block>
<block><region><rect/></region>
<text>
<par>
<line>Avi gnon, le 20 juillet 2007</line>
<line>Le préfet</line></par>
<par>
<line>Signé: Hugues Parant</line></par>
</text>
</block>
<block><region><rect/></region>
<text>
<par>
<line>page 3</line></par>
</text>
</block>
</page>
</PM1>