<?xml version="1.0" encoding="UTF-8"?><PM1>
<page width="2454" height="3509" resolution="300">
<block><region><rect/></region>
<text>
<par>
<line>REPUBLIQUE FRANÇAISE</line></par>
</text>
</block>
<block><region><rect/></region>
<text>
<par>
<line>PREFECTURE DE LOT-ET-GARONNE</line></par>
</text>
</block>
<block><region><rect/></region>
<text>
<par>
<line>ARRETE</line></par>
</text>
</block>
<block><region><rect/></region>
<text>
<par>
<line>1 - =</line></par>
</text>
</block>
<block><region><rect/></region>
<text>
<par>
<line>Portant approbation du Plan de Prévention des Risques naturels prévisibles</line>
<line>(P.P.R,) de la commune de NICOLE</line></par>
</text>
</block>
<block><region><rect/></region>
<text>
<par>
<line>LE PREFET DE LOT ET GARONNE</line>
<line>Chevalier de la Légion d'Honneur</line></par>
</text>
</block>
<block><region><rect/></region>
<text>
<par>
<line>VU la loi n°87.565 du 22 Juillet 1987, relative à l'organisation de la sécurité civile et à la protection de</line>
<line>la forêt contre l'incendie et à la prévention des risques majeurs,</line></par>
<par>
<line>VU le décret n°95-1089 du 5 Octobre 1995 relatif aux plans de prévention des risques naturels</line>
<line>prévisibles,</line></par>
<par>
<line>VU l'arrêté n° 90-0344 du 15 Février 1989 prescrivant l'élaboration d'un plan d'exposition aux risques</line>
<line>naturels sur la conunune de NICOLE,</line></par>
<par>
<line>VU l'arrêté n° 94-1306 du 19 Mai 1994 prescrivant l'ouverture d'une enquête publique sur le projet de</line>
<line>plan d'Exposition aux Risques Naturels de la conunune de NICOLE valant projet de plan de prévention</line>
<line>des risques naturels en application de l'article 16 de la loi n°95-101 du 2 février 1995 relative au</line>
<line>renforcement de la protection de l'enviromiement,</line></par>
<par>
<line>VU le rapport de l'Enquête Publique à laquelle il a été procédé du 06 juin 1994 au 07 juillet 1994 et</line>
<line>l'avis du Conunissaire Enquêteur,</line></par>
<par>
<line>VU l'avis de la commune de NICOLE en date du 1er Juillet 1993,</line></par>
<par>
<line>SUR proposition de Monsieur le Directeur de Cabinet.</line></par>
</text>
</block>
<block><region><rect/></region>
<text>
<par>
<line>ARRETE</line></par>
</text>
</block>
<block><region><rect/></region>
<text>
<par>
<line>ARTICLE 1er :</line></par>
</text>
</block>
<block><region><rect/></region>
<text>
<par>
<line>Le Plan de Prévention des Risques naturels prévisibles d'inondations et mouvements de terrain</line>
<line>de la commune de NICOLE est approuvé.</line></par>
<par>
<line>ARTICLE 2 r</line></par>
</text>
</block>
<block><region><rect/></region>
<text>
<par>
<line>II est tenu à la dispositior. du public :</line></par>
<par>
<line>- à la mairie de NICOLE</line></par>
<par>
<line>- dans les bureaux de la Direction Départementale de l'Equipement de Lot et Garonne.</line></par>
</text>
</block>
<block><region><rect/></region>
<text>
<par>
<line>PLACE DE VERDUN - 47920 AGEN CEDEX 9</line></par>
</text>
</block>







</page>
<page width="2446" height="3504" resolution="300">
<block><region><rect/></region>
<text>
<par>
<line>ARTICLE 3 :</line></par>
</text>
</block>
<block><region><rect/></region>
<text>
<par>
<line>Ce Plan de Prévention des Risgixes comporte un rapport de présentation et ses annexes, mi plan</line>
<line>de zonage, un règlement,</line></par>
<par>
<line>ARTICLE 4</line></par>
</text>
</block>
<block><region><rect/></region>
<text>
<par>
<line>Mention du présent arrêté sera faite en caractères apparents dans les journaux ci-après désignés</line></par>
</text>
</block>
<block><region><rect/></region>
<text>
<par>
<line>- SUD-OUEST, 67 boulevard de la république, 47000 AGEN.</line></par>
<par>
<line>- LA DEPECHE, 109 boulevard camot, 47000 AGEN.</line></par>
<par>
<line>Uire copie de l'arrêté sera affiché en mairie pendant mi mois au minimmn.</line></par>
<par>
<line>ARTICLE 5</line></par>
</text>
</block>
<block><region><rect/><rect/><rect/></region>
<text>
<par>
<line>Monsieur le Directeur de Cabinet, Monsieur le Maire de NICOLE et Monsieur le Directeur</line>
<line>Départemental de l'Equipement sont chargés, chacim en ce qui le concerne, de l'exécution du présent</line>
<line>arrêté qui sera publié au Recueil des Actes Administratifs de la Préfecture.</line></par>
</text>
</block>
<block><region><rect/></region>
<text>
<par>
<line>AGEN le, 2 1 A0ljT/f996</line></par>
</text>
</block>
<block><region><rect/></region>
<text>
<par>
<line>POU</line></par>
</text>
</block>
<block><region><rect/></region>
<text>
<par>
<line>T:</line></par>
</text>
</block>
<block><region><rect/></region>
<text>
<par>
<line>Le</line></par>
</text>
</block>
<block><region><rect/></region>
<text>
<par>
<line>Directi</line></par>
</text>
</block>
<block><region><rect/></region>
<text>
<par/>
</text>
</block>
<block><region><rect/></region>
<text>
<par>
<line>LL</line></par>
</text>
</block>
<block><region><rect/></region>
<text>
<par>
<line>ent</line></par>
</text>
</block>



</page>
<page width="2479" height="3504" resolution="300">
<block><region><rect/></region>
<text>
<par>
<line>Plan de prévention des risques des confluents</line></par>
</text>
</block>
<block><region><rect/></region>
<text>
<par>
<line>risques inendation et mouvement de terrain</line></par>
</text>
</block>
<block><region><rect/></region>
<text>
<par>
<line>REGLEMENT</line></par>
</text>
</block>
<block><region><rect/></region>
<text>
<par>
<line>Compilation de l’ensemble</line>
<line>des règlements des communes concernées</line></par>
</text>
</block>
<block><region><rect/></region>
<text>
<par>
<line>Plan de Prévention des Risques des Confluents - Synthèse des règlements communaux</line></par>
</text>
</block>
<block><region><rect/></region>
<text>
<par>
<line>page 1 sur 14</line></par>
</text>
</block>



</page>
<page width="2479" height="3504" resolution="300">
<block><region><rect/></region>
<text>
<par>
<line>Plan de Prévention des Risques des Confluents</line></par>
<par>
<line>risques mendat-ioa et mouvement de terrain</line></par>
</text>
</block>
<block><region><rect/></region>
<text>
<par>
<line>COMPILATION DES REGLEMENTS COMMUNAUX</line></par>
</text>
</block>
<block><region><rect/></region>
<text>
<par>
<line>Le règlement est rédigé sous la forme suivante :</line></par>
</text>
</block>
<block><region><rect/></region>
<text>
<par>
<line>Titre 1 : Dispositions générales</line></par>
<par>
<line>Section 1 : Champ d'application</line>
<line>Section 2 : Effets du P.P.R.</line></par>
</text>
</block>
<block><region><rect/></region>
<text>
<par>
<line>PREMIERE PARTIE : RISQUE INONDATION</line></par>
<par>
<line>ABROGEE</line></par>
<par>
<line>DEUXIEME PARTIE : RISQUE MOUVEMENT DE TERRAIN</line></par>
</text>
</block>
<block><region><rect/></region>
<text>
<par>
<line>Section 10 : Recommandations</line></par>
</text>
</block>
<block><region><rect/></region>
<text>
<par>
<line>Titre 4 : Dispositions applicables aux zones Rouges (R-GP, R-GS, R-Eb, R-Ef et R-C sur les plans</line>
<line>correspondants)</line></par>
<par>
<line>Section 11 : Interdictions</line>
<line>Section 12 : Autorisations</line></par>
</text>
</block>
<block><region><rect/></region>
<text>
<par>
<line>Titre 5 : Dispositions applicables aux zones bleues</line></par>
<par>
<line>Chapitre 1 : Zone bleu foncé (B3-gp sur les plans correspondants)</line></par>
<par>
<line>Section 13 : Interdictions</line>
<line>Section 14 : Autorisations</line></par>
<par>
<line>Chapitre 2 : Zone bleu moyen (B2-GS sur les plans correspondants)</line></par>
</text>
</block>
<block><region><rect/></region>
<text>
<par>
<line>Plan de Prévention des Risques des Confluents - Synthèse des règlements communaux</line></par>
</text>
</block>
<block><region><rect/></region>
<text>
<par>
<line>page 2 sur 14</line></par>
</text>
</block>



</page>
<page width="2487" height="3510" resolution="300">
<block><region><rect/></region>
<text>
<par>
<line>Section 15 : Interdictions</line>
<line>Section 16 : Autorisations</line></par>
<par>
<line>Chapitre 3 : Zones bleu clair (Bl-C et Bl-GS sur les plans correspondants)</line></par>
</text>
</block>
<block><region><rect/></region>
<text>
<par>
<line>Plan de Prévention des Risques des Confluents - Synthèse des règlements communaux</line></par>
</text>
</block>
<block><region><rect/></region>
<text>
<par>
<line>page 3 sur 14</line></par>
</text>
</block>

</page>
<page width="2479" height="3504" resolution="300">
<block><region><rect/></region>
<text>
<par>
<line>Titre 1 : DISPOSITIONS GENERALES</line></par>
</text>
</block>
<block><region><rect/></region>
<text>
<par>
<line>SECTION I : CHAMP D'APPLICATION</line></par>
</text>
</block>
<block><region><rect/></region>
<text>
<par>
<line>Le présent règlement du plan de prévention des risques (P.P.R.) s'applique à la partie du territoire de la commune de</line></par>
<par>
<line>.telle que délimitée par le plan de zonage annexé. La superficie indiquée correspond à celle recouverte par les eaux</line></par>
<par>
<line>de la Garonne quand cette dernière est sujette à une crue de période de retour cent ans, ainsi que celle des coteaux en</line>
<line>bordure du champ d'inondation exposés à des risques d'instabilité de terrain.</line></par>
</text>
</block>
<block><region><rect/></region>
<text>
<par>
<line>Les documents graphiques du P.P.R. délimitent à l'intérieur du périmètre du plan :</line></par>
<par>
<line>- des zones rouges estimées très exposées et où certains risques naturels sont particulièrement redoutables,</line></par>
<par>
<line>- des zones bleues exposées à des risques moindres,</line></par>
</text>
</block>
<block><region><rect/></region>
<text>
<par>
<line>Le règlement édicte les occupations, utilisations du sol et activités interdites en zones rouge et bleue, ainsi que les</line>
<line>prescriptions de nature à prévenir les risques, à réduire les conséquences, à les rendre supportables tant à l'égard des</line>
<line>biens et activités implantés antérieurement à l'approbation du plan que de tous les biens et activités qui peuvent y être</line>
<line>implantés par la suite.</line></par>
</text>
</block>
<block><region><rect/></region>
<text>
<par>
<line>Dans le présent règlement, seules des recommandations ont été émises en ce qui concerne les utilisations du sol et</line>
<line>activités existantes avant la publication du P.P.R.</line></par>
</text>
</block>
<block><region><rect/></region>
<text>
<par>
<line>Pour le risque inondation, les cotes de référence imposées dans les différents articles du règlement sont indiquées au plan</line>
<line>n°4, elles correspondent au niveau d'eau atteint lors d'une crue centennale.</line></par>
</text>
</block>
<block><region><rect/></region>
<text>
<par>
<line>SECTION 2 : EFFETS DU P.P.R.</line></par>
</text>
</block>
<block><region><rect/></region>
<text>
<par>
<line>Le P.P.R. vaut servitude d'utilité publique conformément à l'article 40-4 de la loi n° 87-565 du 22 Juillet 1987 relative</line>
<line>notamment à la prévention des risques majeurs.</line></par>
<par>
<line>Les spécifications techniques satisfaisant aux mesures de prévention édictées par le présent règlement et leurs conditions</line>
<line>d’exécution sont définies et mises en oeuvre sous la responsabilité du maître d'ouvrage ou de l'acquéreur de l'ouvrage,</line>
<line>ces derniers bénéficiant des dispositions des articles 1792 à 1792-6 et 2270 du Code Civil (repris aux articles L 111-13 à</line>
<line>L 111-20 du Code de la Construction et de l'Habitation) qui engagent la responsabilité civile du constructeur de</line>
<line>l'ouvrage c'est-à-dire des architectes, entrepreneurs, techniciens, vendeurs, locateurs. Le maître d'ouvrage est également</line>
<line>tenu d'assurer les opérations de gestion et d'entretien nécessaires pour maintenir la pleine efficacité de ces mesures.</line></par>
<par>
<line>Les P.P.R. établis en application des articles 40-1 à 40-7 de la loi n°87-565 du 22 juillet 1987 peuvent fixer des règles</line>
<line>particulières de construction, d’aménagement et d’exploitation en ce qui concerne la nature et les caractéristiques des</line>
<line>bâtiments ainsi que leurs équipements et installations.</line></par>
</text>
</block>
<block><region><rect/></region>
<text>
<par>
<line>Plan de Prévention des Risques des Confluents - Synthèse des règlements communaux</line></par>
</text>
</block>
<block><region><rect/></region>
<text>
<par>
<line>page 4 sur 14</line></par>
</text>
</block>





</page>
<page width="2485" height="3509" resolution="300">
<block><region><rect/></region>
<text>
<par>
<line>Le fait de construire ou d’aménager un terrain dans une zone interdite par un P.P.R. ou de ne pas respecter les conditions</line>
<line>de réalisation, d’utilisation ou d’exploitation prescrites par ce plan est puni des peines prévues à l’article L. 480-4 du</line>
<line>Code de l’Urbanisme.</line></par>
<par>
<line>Le respect des dispositions du P.P.R. conditionne l'obligation pour l'assureur d'indemniser l'assuré des dommages</line>
<line>matériels directement occasionnés par les catastrophes naturelles, quand l'état en est constaté par arrêté interministériel.</line>
<line>Sont considérés comme les effets des catastrophes naturelles, les dommages matériels directs ayant eu pour cause</line>
<line>déterminante l'intensité anormale d'un agent naturel, lorsque les mesures habituelles à prendre pour prévenir ces</line>
<line>dommages n'ont pu empêcher leur survenance ou n'ont pu être prises.</line></par>
</text>
</block>
<block><region><rect/></region>
<text>
<par>
<line>Plan de Prévention des Risques des Confluents - Synthèse des règlements communaux</line></par>
</text>
</block>
<block><region><rect/></region>
<text>
<par>
<line>page 5 sur 14</line></par>
</text>
</block>

</page>
<page width="2479" height="3504" resolution="300">
<block><region><rect/></region>
<text>
<par>
<line>DEUXIEME PARTIE : RISQUE MOUVEMENT DE TERRAIN</line></par>
</text>
</block>
<block><region><rect/></region>
<text>
<par>
<line>SECTION 10: RECOMMANDATIONS</line></par>
</text>
</block>
<block><region><rect/></region>
<text>
<par>
<line>La mise en oeuvre des mesures suivantes, quand elle n'est pas expressément imposée par le P.P.R., est vivement</line>
<line>conseillée aux différents maîtres d'ouvrage et propriétaires. Elles permettent facilement la prévention du risque ou la</line>
<line>réduction des dommages et inconvénients en cas de mouvement de terrain.</line></par>
</text>
</block>
<block><region><rect/></region>
<text>
<par>
<line>Secteur à risque de chutes de blocs ou pierres:</line></par>
</text>
</block>
<block><region><rect/></region>
<text>
<par>
<line>Toutes dispositions seront prises pour limiter l'érosion en crête de corniche : maintien du couvert végétal existant ou</line>
<line>revégétalisation (herbe, arbustes) mais suppression des gros arbres en bord de comiche (action des racines) ; ne pas</line>
<line>augmenter par rapport à l'état naturel le ruissellement sur le sol ou l'infiltration des eaux vers le fond de comiche.</line></par>
<par>
<line>Des plantations denses d'arbres seront effectuées (ou maintenues lorsqu'elles existent) en pied de comiche calcaire pour</line>
<line>contribuer à la protection contre les chutes de (petits) blocs et à la stabilité du haut de versant molassique.</line></par>
<par>
<line>Les réseaux souteiTains ou superficiels doivent être étanches, résistants et peu sensibles aux faibles mouvements de sol:</line>
<line>matériaux les moins fragiles pour les canalisations, caniveaux et ouvrages divers; joints et raccords souples. Ces réseaux</line>
<line>devront faire fobjet d'une surveillance régulière.</line></par>
<par>
<line>Le raccordement aux réseaux collectifs eaux pluviales et usées est impératif lorsqu'ils existent. En l'absence de réseaux</line>
<line>collectifs, l'exutoire des eaux pluviales et l'implantation du dispositif d'assainissement individuel seront choisis de façon à</line>
<line>ne pas aggraver le risque pour les teiTains avoisinants.</line></par>
<par>
<line>Les réseaux devront faire l'objet d'une surveillance régulière.</line></par>
<par>
<line>En cas de danger pour des constructions exposées, les mesures de protection sont de quatre types : élimination (purges,</line>
<line>abattage) ; stabilisation ; déviation de trajectoire ou freinage ; interception (écrans).</line></par>
</text>
</block>
<block><region><rect/></region>
<text>
<par>
<line>Plan de Prévention des Risques des Confluents - Synthèse des règlements communaux</line></par>
</text>
</block>
<block><region><rect/></region>
<text>
<par>
<line>page 6 sur 14</line></par>
</text>
</block>


</page>
<page width="2479" height="3504" resolution="300">
<block><region><rect/></region>
<text>
<par>
<line>Secteurs à risques d'effondrement sur plateau calcaire:</line></par>
</text>
</block>
<block><region><rect/></region>
<text>
<par>
<line>Toutes dispositions seront prises pour limiter l'érosion de surface: maintien du couvert végétal existant ou</line>
<line>revégétalisation ; ne pas augmenter par rapport à l'état naturel le ruissellement sur le sol ou l'infiltration des eaux dans le</line>
<line>secteur à risque.</line></par>
<par>
<line>Les réseaux souterrains ou superficiels doivent être étanches, résistants et peu sensibles aux faibles mouvements de sol:</line>
<line>matériaux les moins fragiles pour les canalisations, caniveaux et ouvrages divers; joints et raccords souples. Ces réseaux</line>
<line>devront faire l'objet d'une surveillance régulière.</line></par>
<par>
<line>Le raccordement aux réseaux collectifs eaux pluviales et usées est impératif lorsqu'ils existent. En l'absence de réseaux</line>
<line>collectifs, l'exutoire des eaux pluviales et l'implantation du dispositif d'assainissement individuel seront choisis de façon</line>
<line>à ne pas aggraver le risque pour les terrains avoisinants.</line></par>
<par>
<line>Les réseaux devront faire l'objet d'une surveillance régulière.</line></par>
<par>
<line>En cas de danger pour les constructions exposées, la mesure de protection la plus courante consiste à renforcer les</line>
<line>fondations qui devront s'appuyer sur le niveau calcaire stable.</line></par>
</text>
</block>
<block><region><rect/></region>
<text>
<par>
<line>Secteur à risque de glissement superficiel de terrain:</line></par>
</text>
</block>
<block><region><rect/></region>
<text>
<par>
<line>Toutes dispositions seront prises pour ne pas augmenter par rapport à l'état naturel le ruissellement sur le sol et</line>
<line>l'infiltration des eaux dans les secteurs à risque.</line></par>
<par>
<line>Les réseaux souterrains ou superficiels doivent être étanches, résistants et peu sensibles aux faibles mouvements de sol:</line>
<line>matériaux les moins fragiles pour les canalisations, caniveaux et ouvrages divers; joints et raccords souples. Ces réseaux</line>
<line>devront faire l'objet d'une surveillance régulière.</line></par>
<par>
<line>Le raccordement aux réseaux collectifs eaux pluviales et usées est impératif lorsqu'ils existent. En l'absence de réseaux</line>
<line>collectifs, l'exutoire des eaux pluviales et l'implantation du dispositif d'assainissement individuel seront choisis de façon à</line>
<line>ne pas aggraver le risque pour les temains avoisinants.</line></par>
<par>
<line>En cas de danger pour les constructions exposées, les mesures de protection concernent le drainage (recueil et évacuation</line>
<line>des eaux vives en dehors de la zone d'instabilité), le remodelage de la topographie ou le renforcement (soutènement,</line>
<line>pieux, ancrage).</line></par>
</text>
</block>
<block><region><rect/></region>
<text>
<par>
<line>Plan de Prévention des Risques des Confluents - Synthèse des règlements communaux</line></par>
</text>
</block>
<block><region><rect/></region>
<text>
<par>
<line>page 7 sur 14</line></par>
</text>
</block>

</page>
<page width="2479" height="3504" resolution="300">
<block><region><rect/></region>
<text>
<par>
<line>DEUXIEME PARTIE : RISQUE MOUVEMENT DE TERRAIN</line></par>
</text>
</block>
<block><region><rect/></region>
<text>
<par>
<line>Titre 4 : DISPOSITIONS APPLICABLES AUX ZONES ROUGES</line></par>
</text>
</block>
<block><region><rect/></region>
<text>
<par>
<line>Définition : Les zones rouges sont des secteurs très exposés à des risques de glissement profond et superficiel (R-</line>
<line>GP), superficiel (R-GS) sur les versants, d'éboulement de masse rocheuse (R-Eb) ou de chutes de pierre</line>
<line>(R-C) autour des comiches calcaires, d'effondrement sur plateau calcaire (R-Ef). Seule la gestion de</line>
<line>l'existant y est autorisée.</line></par>
</text>
</block>
<block><region><rect/></region>
<text>
<par>
<line>SECTION 11: INTERDICTIONS</line></par>
<par>
<line>Art 79 Les affouillements ou exhaussements du sol autres que ceux liés aux travaux autorisés à la section 12, les</line>
<line>carrières,</line></par>
<par>
<line>SECTION 12: AUTORISATIONS</line></par>
<par>
<line>Ne sont autorisés que:</line></par>
<par>
<line>Travaux :</line></par>
<par>
<line>Art 80 Les travaux d'entretien et de gestion normale des biens et activités.</line></par>
<par>
<line>Art 81 Les travaux et installations destinés à réduire localement les conséquences des risques de mouvement de terrain,</line>
<line>Art 82 Les travaux visant à créer ou modifier :</line></par>
<par>
<line>- une voie de circulation,</line></par>
<par>
<line>- un réseau d'eau potable, d'assainissement ou de gaz,</line></par>
<par>
<line>- une ligne électiique ou téléphonique,</line></par>
<par>
<line>La mise en oeuvre doit prendre en compte les risques d'instabilité de terrain; en particulier, les réseaux</line>
<line>superficiels ou souterrains sont conçus selon les dispositions indiquées en recommandations,</line></par>
<par>
<line>Les constructions :</line></par>
<par>
<line>Art 83 La reconstmction après sinistre, sauf lorsque la destmction est une conséquence du risque en présence, sans</line>
<line>augmentation de l'emprise au sol ni de la Surface Hors Oeuvre Nette,</line></par>
<par>
<line>Les activités :</line></par>
<par>
<line>Art 84 Les espaces verts ou aires de jeux.</line></par>
<par>
<line>Plantations</line></par>
<par>
<line>Art 85 Les plantations d'arbres de haute tiges à une distance minimale:</line></par>
<par>
<line>- de 10 m au-dessus du fi'ont de corniche en zones R-Eb ou R-C,</line></par>
</text>
</block>
<block><region><rect/></region>
<text>
<par>
<line>Plan de Prévention des Risques des Confluents - Synthèse des règlements communaux</line></par>
</text>
</block>
<block><region><rect/></region>
<text>
<par>
<line>page 8 sur 14</line></par>
</text>
</block>



</page>
<page width="2479" height="3504" resolution="300">
<block><region><rect/></region>
<text>
<par>
<line>- de 8 m des constmctions existantes en zone R-GP ou R-GS pour ne pas accentuer la variation de teneur</line>
<line>en eau des sols au voisinage des dites constructions,</line></par>
<par>
<line>Les autres arbres et cultures sans prescriptions particulières.</line></par>
</text>
</block>
<block><region><rect/></region>
<text>
<par>
<line>Plan de Prévention des Risques des Confluents - Synthèse des règlements communaux</line></par>
</text>
</block>
<block><region><rect/></region>
<text>
<par>
<line>page 9 sur 14</line></par>
</text>
</block>

</page>
<page width="2479" height="3504" resolution="300">
<block><region><rect/></region>
<text>
<par>
<line>DEUXIEME PARTIE : RISQUE MOUVEMENT DE TERRAIN</line></par>
</text>
</block>
<block><region><rect/></region>
<text>
<par>
<line>Titre 5 : DISPOSITIONS APPLICABLES AUX ZONES BLEUES</line></par>
</text>
</block>
<block><region><rect/></region>
<text>
<par>
<line>Chapitre 1 : ZONE BLEU FONCE</line></par>
</text>
</block>
<block><region><rect/></region>
<text>
<par>
<line>Définition : Un classement particulier (B3-gp) a été établi dans le bourg pour la partie exposée à risque de</line>
<line>glissement profond mais non sujette à glissement superficiel. Le classement en Bleu foncé se justifie</line>
<line>par l'ampleur des conséquences d'un éventuel glissement profond , mais du fait de la fréquence estimée</line>
<line>très faible d'un tel phénomène, l'aménagement de l'existant ou la reconstmction dans la limite de</line>
<line>l'existant y est autorisée.</line></par>
</text>
</block>
<block><region><rect/></region>
<text>
<par>
<line>SECTION 13: INTERDICTIONS</line></par>
</text>
</block>
<block><region><rect/></region>
<text>
<par>
<line>Art 79 Les affouillements ou exhaussements du sol autres que ceux liés aux travaux autorisés à la section 12, les</line>
<line>carrières.</line></par>
</text>
</block>
<block><region><rect/></region>
<text>
<par>
<line>SECTION 14: AUTORISATIONS</line></par>
</text>
</block>
<block><region><rect/></region>
<text>
<par>
<line>Ne sont autorisés que:</line></par>
<par>
<line>Travaux ;</line></par>
<par>
<line>Art 80 Les travaux d'entretien et de gestion nomale des biens et activités.</line></par>
<par>
<line>Art 81 Les travaux et installations destinés à réduire localement les conséquences des risques de mouvement de terrain.</line>
<line>Art 82 Les travaux visant à créer ou modifier :</line></par>
<par>
<line>- une voie de circulation,</line></par>
<par>
<line>- un réseau d'eau potable, d'assainissement ou de gaz,</line></par>
<par>
<line>- une ligne électrique ou téléphonique,</line></par>
<par>
<line>La mise en oeuvre doit prendre en compte les risques d'instabilité de terrain; en particulier, les réseaux</line>
<line>superficiels ou souterrains sont conçus selon les dispositions indiquées en recommandations.</line></par>
</text>
</block>
<block><region><rect/></region>
<text>
<par>
<line>Les constructions :</line></par>
<par>
<line>Art 83 La reconstruction après sinistre, sauf lorsque la destmction est une conséquence du risque en présence, sans</line>
<line>augmentation de l'emprise au sol ni de la Surface Hors Oeuvre Nette,</line></par>
</text>
</block>
<block><region><rect/></region>
<text>
<par>
<line>Ali 83-1 L'aménagement (changement de destination) d'un bâtiment existant.</line></par>
<par>
<line>Art 83-2 La l'econstruction dans la limite de 1' existant, sans augmentation de l'emprise au sol ni de la Surface</line></par>
<par>
<line>Hors Oeuvre Nette et au vu d'une étude géotechnique justifiant par rapport à la nature hydrogéologique</line>
<line>du teiTain des mesures suivantes:</line></par>
</text>
</block>
<block><region><rect/></region>
<text>
<par>
<line>Plan de Prévention des Risques des Confluents - Synthèse des règlements communaux</line></par>
</text>
</block>
<block><region><rect/></region>
<text>
<par>
<line>page 10 sur 14</line></par>
</text>
</block>




</page>
<page width="2479" height="3504" resolution="300">
<block><region><rect/></region>
<text>
<par>
<line>- La profondeur des fondations est étudiée avec soin en fonction de la nature du sol ,</line></par>
<par>
<line>- Les eaux usées et pluviales sont obligatoirement raccordées aux réseaux collectifs,</line></par>
<par>
<line>- Il sera procédé au drainage des éventuelles eaux d'infiltration.</line></par>
</text>
</block>
<block><region><rect/></region>
<text>
<par>
<line>Les activités ;</line></par>
<par>
<line>Art 84 Les espaces verts ou aires de jeux,</line></par>
<par>
<line>Plantations</line></par>
<par>
<line>Art 85 Les plantations d'arbres de haute tiges à une distance minimale;</line></par>
<par>
<line>- de 8 m des constructions existantes en zone pour ne pas accentuer la variation de teneur en eau des sols</line>
<line>au voisinage des dites constructions,</line></par>
<par>
<line>Les autres arbres et cultures sans prescriptions particulières.</line></par>
</text>
</block>
<block><region><rect/></region>
<text>
<par>
<line>Plan de Prévention des Risques des Confluents - Synthèse des règlements communaux</line></par>
</text>
</block>
<block><region><rect/></region>
<text>
<par>
<line>page 11 sur 14</line></par>
</text>
</block>

</page>
<page width="2479" height="3504" resolution="300">
<block><region><rect/></region>
<text>
<par>
<line>DEUXIEME PARTIE : RISQUE MOUVEMENT DE TERRAIN</line></par>
</text>
</block>
<block><region><rect/></region>
<text>
<par>
<line>Titre 5 : DISPOSITIONS APPLICABUES AUX ZONES BUEUES</line></par>
</text>
</block>
<block><region><rect/></region>
<text>
<par>
<line>Chapitre 2 : ZONE BLEU MOYEN</line></par>
</text>
</block>
<block><region><rect/></region>
<text>
<par>
<line>Définition ; La zone B2-GS est un secteur de coteaux moyennement exposé au risque de glissement superficiel de</line>
<line>terrain. Des constructions nouvelles peuvent y être autorisées sous réserve de prescriptions.</line></par>
</text>
</block>
<block><region><rect/></region>
<text>
<par>
<line>SECTION 15: INTERDICTIONS</line></par>
</text>
</block>
<block><region><rect/></region>
<text>
<par>
<line>Art 86 Les affouillements ou exhaussements du sol autres que ceux liés aux constructions et travaux autorisés à la</line>
<line>section 14, les carrières,</line></par>
</text>
</block>
<block><region><rect/></region>
<text>
<par>
<line>SECTION 16 : AUTORISATIONS</line></par>
</text>
</block>
<block><region><rect/></region>
<text>
<par>
<line>Ne sont autorisés que:</line></par>
<par>
<line>Travaux :</line></par>
<par>
<line>Art 87 Les travaux d'entretien et de gestion normale des biens et activités.</line></par>
<par>
<line>Art 88 Les travaux et installations destinés à réduire localement les conséquences des risques de mouvement de terrain.</line>
<line>Art 89 Les travaux visant à créer ou modifier :</line></par>
<par>
<line>- une voie de circulation,</line></par>
<par>
<line>- un réseau d'eau potable, d'assainissement ou de gaz,</line></par>
<par>
<line>- une ligne électrique ou téléphonique,</line></par>
<par>
<line>- un système d'inigation,</line></par>
<par>
<line>La mise en oeuvre doit prendi'e en compte les risques d'instabilité de terrain; en particulier, les réseaux</line>
<line>supeidiciels ou souterrains sont conçus selon les dispositions indiquées en recommandations.</line></par>
</text>
</block>
<block><region><rect/></region>
<text>
<par>
<line>Les constructions :</line></par>
<par>
<line>Art 90 Les construction nouvelles ou extensions sous réserve des dispositions suivantes.</line></par>
</text>
</block>
<block><region><rect/></region>
<text>
<par>
<line>Plan de Prévention des Risques des Confluents - Synthèse des règlements communaux</line></par>
</text>
</block>
<block><region><rect/></region>
<text>
<par>
<line>page 12 sur 14</line></par>
</text>
</block>




</page>
<page width="2490" height="3512" resolution="300">
<block><region><rect/></region>
<text>
<par>
<line>Art 90-1 Chaque demande d'autorisation de construire devra comporter:</line></par>
</text>
</block>
<block><region><rect/></region>
<text>
<par>
<line>- un plan topographique sommaire indiquant la pente du terrain,</line></par>
<par>
<line>- des profils caractéristiques (au droit des façades et pignons en général) faisant apparaître l'état</line>
<line>actuel (terrain naturel initial et projeté),</line></par>
<par>
<line>- l'implantation sommaire des réseaux de collecte et évacuation des eaux pluviales et du</line>
<line>dispositif éventuel de traitement des eaux usées,</line></par>
<par>
<line>- une étude géotechnique justifiant par rapport à la nature hydrogéologique du terrain des</line>
<line>mesures prises pour satisfaire aux prescriptions des articles 90-2 à 7, et notamment du type et du</line>
<line>dimensionnement des fondations (article 90-4),</line></par>
<par>
<line>Tout pétitionnaire sera informé lors de la délivrance du certificat d'urbanisme de l'obligation de fournir</line>
<line>ces pièces au stade de l'autorisation de construire.</line></par>
<par>
<line>Art 90-2 La pente du terrain naturel initial, au droit de l'emprise de la future construction, est inférieure à 20%,</line></par>
<par>
<line>Art 90-3 L'implantation de la construction et les terrassements qui en résultent (construction, accès, terrain)</line>
<line>n'aggravent pas le risque de glissement.</line></par>
<par>
<line>Art 90-4 La profondeur des fondations est étudiée avec soin en fonction de la nature du sol en place.</line></par>
<par>
<line>Art 90-5 Les eaux usées et pluviales sont obligatoirement raccordées aux réseaux collectifs lorsqu'ils existent.</line></par>
<par>
<line>Art 90-6 En l'absence de réseau collectif, le type et l'implantation de l'exutoire pluvial et du dispositif de</line></par>
<par>
<line>traitement des eaux usées sont convenablement choisis de façon à minimiser l'aggravation du risque par</line>
<line>infiltration des eaux.</line></par>
<par>
<line>Art 90-7 Les réseaux superficiels ou souterrains sont conçus selon les dispositions indiquées en</line>
<line>recommandations.</line></par>
<par>
<line>Art 91 Les lotissements et opérations groupées dans les conditions indiquées aux articles 90-1 à 7 avec les précisions</line>
<line>suivantes:</line></par>
<par>
<line>- l'assainissement individuel est interdit,</line></par>
<par>
<line>- l'étude géotechnique demandée sera produite au stade de l'autorisation de lotir ou équivalent, et devra</line>
<line>définir les éventuelles mesures actives de stabilisation nécessaires (drainage, soutènement, etc...)-</line></par>
</text>
</block>
<block><region><rect/></region>
<text>
<par>
<line>Les activités :</line></par>
<par>
<line>Pas de prescriptions particulières autres que celles liées aux constructions.</line></par>
</text>
</block>
<block><region><rect/></region>
<text>
<par>
<line>Plantations</line></par>
<par>
<line>Art 92 Les plantations d'arbres de haute tiges à une distance minimale de 8 m des constructions existantes pour ne pas</line>
<line>accentuer la variation de teneur en eau des sols au voisinage des dites constructions.</line></par>
<par>
<line>Les autres arbres et cultures sans prescriptions particulières.</line></par>
</text>
</block>
<block><region><rect/></region>
<text>
<par>
<line>Plan de Prévention des Risques des Confluents - Synthèse des règlements communaux</line></par>
</text>
</block>
<block><region><rect/></region>
<text>
<par>
<line>page 13 sur 14</line></par>
</text>
</block>

</page>
<page width="2485" height="3508" resolution="300">
<block><region><rect/></region>
<text>
<par>
<line>DEUXIEME PARTIE : RISQUE MOUVEMENT DE TERRAIN</line></par>
</text>
</block>
<block><region><rect/></region>
<text>
<par>
<line>Titre 5 : DISPOSITIONS APPLICABLES AUX ZONES BLEUES</line></par>
</text>
</block>
<block><region><rect/></region>
<text>
<par>
<line>Chapitre 3 : ZONE BLEU CLAIR</line></par>
</text>
</block>
<block><region><rect/></region>
<text>
<par>
<line>Définition : La zone bleu clair est estimée faiblement exposée à risque faible de chute de pierre (Bl-C) ou de</line>
<line>glissement superficiel de terrain (Bl-GS).</line></par>
</text>
</block>
<block><region><rect/></region>
<text>
<par>
<line>Aucune prescription réglementaire n'est formulée. Les recommandations émises à la section 10 sont à communiquer</line>
<line>notamment lors de la délivrance du certificat d'urbanisme ou de l'autorisation de construire.</line></par>
</text>
</block>
<block><region><rect/></region>
<text>
<par>
<line>Lorsque la configuration particulière d'un terrain parait présenter des risques d'instabilité, l'implantation des éventuelles</line>
<line>constructions, les temassements qui en découlent la collecte et le traitement des eaux usées et pluviales devront être</line>
<line>étudiés avec soin.</line></par>
</text>
</block>
<block><region><rect/></region>
<text>
<par>
<line>Plan de Prévention des Risques des Confluents - Synthèse des règlements communaux</line></par>
</text>
</block>
<block><region><rect/></region>
<text>
<par>
<line>page 14 sur 14</line></par>
</text>
</block>


</page>
</PM1>