<?xml version="1.0" encoding="UTF-8"?><PM1>
<page width="5024" height="7064" resolution="600">
<block><region><rect/></region>
<text>
<par>
<line>Liberté * Egalité * Fraternité</line></par>
<par>
<line>RÉPUB LiauE Française</line></par>
</text>
</block>
<block><region><rect/></region>
<text>
<par>
<line>PRÉFECTURE DE U ARIÈGE</line></par>
</text>
</block>
<block><region><rect/></region>
<text>
<par/>
</text>
</block>
<block><region><rect/></region>
<text>
<par/>
</text>
</block>
<block><region><rect/></region>
<text>
<par/>
</text>
</block>
<block><region><rect/></region>
<text>
<par>
<line>.ABINET DU PRÉFET</line></par>
<par>
<line>f^lVSCE ÎNTERMINISTÉRIEU</line>
<line>1 DÉFENSE</line></par>
<par>
<line>I DE PROTECTION CÏ^IF’</line></par>
</text>
</block>
<block><region><rect/></region>
<text>
<par>
<line>f '</line></par>
<par>
<line>I ^</line></par>
</text>
</block>
<block><region><rect/></region>
<text>
<par>
<line>Arrêté préfectoral</line>
<line>prescrivant l'établissement</line>
<line>d'un plan de prévention des risques naturels</line>
<line>prévisibles dans la commune</line>
<line>du Mas d’Azil</line></par>
</text>
</block>
<block><region><rect/></region>
<text>
<par>
<line>ç, Le préfet de l’Ariège,</line></par>
<par>
<line>j i Chevalier de la Légion d'Honneur</line></par>
<par>
<line>Vu la loi n° 87-585 du 22 juillet 1987 relative à l'organisation de la sécurité civile, à la protection de la</line>
<line>1 forêt contre l'incendie et à la prévention des risques majeurs ;</line></par>
<par>
<line>Vu la loi n° 92-3 du 3 janvier1992 sur l'eau ;</line></par>
<par>
<line>j ! Vu la loi n° 95-101 du 2 février 1995 relative au renforcement de la protection de l'environnement ;</line></par>
<par>
<line>Vu le décret n° 95-1089 du 5 octobre 1995 relatif aux plans de prévention des risques naturels</line>
<line>I ^ prévisibles ;</line></par>
<par>
<line>Considérant la nécessité de délimiter sur le territoire de la commune du Mas d'Azil les terrains sur</line>
<line>fl lesquels l'occupation ou l'utilisation du sol doit .être réglementée du fait de leur exposition aux</line></par>
<par>
<line>|j risques naturels (mouvements de terrains, inondations et crues torrentielles) ;</line></par>
<par>
<line>fl Sur proposition du directeur départemental de l'agriculture et de la forêt - service interdépartemental</line></par>
<par>
<line>I de restauration des terrains en montagne de l'Ariège et de la Haute-Garonne ;</line></par>
<par>
<line>iji</line></par>
<par>
<line>Arrête</line></par>
<par>
<line>I î Article 1 - L'établissement d'irn plan de prévention des risques naturels prévisibles est prescrit dans la</line></par>
<par>
<line>ü commune du Mas d'Azil.</line></par>
</text>
</block>
<block><region><rect/></region>
<text>
<par>
<line>I</line></par>
<par>
<line>I</line></par>
</text>
</block>
<block><region><rect/></region>
<text>
<par>
<line>I !</line>
<line>Lj</line></par>
</text>
</block>
<block><region><rect/></region>
<text>
<par>
<line>i ^</line>
<line>I.. 1</line></par>
</text>
</block>
<block><region><rect/></region>
<text>
<par>
<line>I ^</line></par>
</text>
</block>
<block><region><rect/></region>
<text>
<par>
<line>U</line></par>
</text>
</block>
<block><region><rect/></region>
<text>
<par>
<line>I</line></par>
<par>
<line>l</line></par>
</text>
</block>
<block><region><rect/></region>
<text>
<par>
<line>I</line></par>
<par>
<line>t</line></par>
</text>
</block>
<block><region><rect/></region>
<text>
<par>
<line>fl</line>
<line>{ :</line></par>
</text>
</block>
<block><region><rect/></region>
<text>
<par>
<line>Article 2 - Le périmètre mis à l'étude est délimité sur le plan au l/25.000ème annexé au présent arrêté.</line></par>
<par>
<line>Article 3 - Les risques étudiés seront les mouvements de terrains, les inondations et les crues</line>
<line>• ■ torrentielles.-"""'—      ■ •</line></par>
<par>
<line>Article 4 - Là direction départementale de l'agriculture et de la forêt de l'Ariège - service</line>
<line>interdépartemental de restauration des terrains en montagne de l'Ariège et de la Haute-</line>
<line>Garoime - est chargée de l'instruction et de l'élaboration du plan de prévention des risques</line>
<line>naturels prévisibles du Mas d'Azil.</line></par>
<par>
<line>Article 5 - Une ampliation du présent arrêté sera adressée à :</line></par>
<par>
<line>- M. le maire de la commune du Mas d'Azil ;</line></par>
<par>
<line>- M. le sous-préfet de Ramiers ;</line></par>
<par>
<line>- M. le directeur départemental de l'agriculture et de la forêt ;</line></par>
<par>
<line>- M. le chef du service interdépartemental de restauration des terrains en montagne de l'Ariège</line></par>
<par>
<line>et de la Haute-Garonne ;</line></par>
<par>
<line>- M. le directeur départemental de l'équipement ;</line></par>
<par>
<line>- M. le directeur régional de l'environnement.</line></par>
<par>
<line>./...</line></par>
</text>
</block>
<block><region><rect/></region>
<text>
<par>
<line>I 2. RUE DE LA PRÉFECTURE - B.P. 87 - 09007 FOIX CEDEX - STANDARD 05 61 02 10 00 - TÉLÉCOPIE 05 61 02 74 82</line></par>
<par>
<line>I</line></par>
</text>
</block>

















</page>
<page width="5031" height="7068" resolution="600">
<block><region><rect/></region>
<text>
<par>
<line>. J</line></par>
</text>
<text>
<par>
<line>-2-</line></par>
</text>
<text>
<par>
<line>Article 6 - Le présent arrêté et son annexe seront tenus à la disposition du public en mairie du Mas</line>
<line>d'Azil, à la préfecture de l'Ariège - service interministériel de défense et de protection civile</line>
<line>et à la sous-préfecture de Pamiers.</line></par>
<par>
<line>Article 7 - Le secrétaire général de la préfecture, le sous-préfet de Pamiers, le directeur départemental</line>
<line>de l'agriculture,et de4a forêt, service interdépartemental de restauration des terrains en</line>
<line>montagne de l'Ariègè et de là Haute-Garonne et le maire du Mas d'Azil sont chargés,</line>
<line>chacun en ce qui le concerne, de l'exécution du présent arrêté qui sera publié au Recueil des</line>
<line>Actes Administratifs.</line></par>
</text>
</block>
<block><region><rect/></region>
<text>
<par>
<line>Fait à Foix, le 29 juillet 2002</line></par>
</text>
</block>
<block><region><rect/></region>
<text>
<par>
<line>Pour ampliation,</line>
<line>le chef de bureau du Cabinet,</line></par>
</text>
</block>
<block><region><rect/></region>
<text>
<par>
<line>Serge dil</line></par>
</text>
</block>
<block><region><rect/></region>
<text>
<par>
<line>Signé : Pierre Soubelet</line></par>
</text>
</block>

















</page>
<page width="4968" height="7024" resolution="600">
<block><region><rect/></region>
<text>
<par>
<line>Direction Départementale de rAgricuHure, et</line>
<line>de la Forêt FAriège</line></par>
</text>
</block>
<block><region><rect/></region>
<text>
<par>
<line>Liberté • Égalité * Fraternité</line></par>
<par>
<line>RÉPÜBUQPE FRANÇAISE</line>
<line>PREFECTURE DE l'ARIEGE</line></par>
</text>
</block>
<block><region><rect/></region>
<text>
<par>
<line>.4</line></par>
</text>
</block>
<block><region><rect/></region>
<text>
<par>
<line>rtm</line></par>
</text>
</block>
<block><region><rect/></region>
<text>
<par>
<line>Restauration des Terrains en Montagne</line></par>
</text>
</block>
<block><region><rect/></region>
<text>
<par/>
</text>
</block>
<block><region><rect/><rect/><rect/></region>
<text>
<par>
<line>Commune^e</line></par>
<par>
<line>®*erwïAS‘0^i|,</line></par>
<par>
<line>(N" INSEE ; 09-08-181)</line></par>
</text>
</block>
<block><region><rect/><rect/></region>
<text>
<par/>
</text>
</block>
<block><region><rect/></region>
<text>
<par/>
</text>
</block>
<block><region><rect/></region>
<text>
<par/>
</text>
</block>
<block><region><rect/></region>
<text>
<par>
<line>Pian de Prévention des Risques</line>
<line>naturels prévisibles</line></par>
</text>
</block>
<block><region><rect/></region>
<text>
<par>
<line>P.P.R. -</line></par>
</text>
</block>
<block><region><rect/></region>
<text>
<par>
<line>Livret 2</line></par>
</text>
</block>
<block><region><rect/></region>
<text>
<par>
<line>Règlement</line></par>
</text>
</block>
<block><region><rect/></region>
<text>
<par/>
</text>
</block>
<block><region><rect/></region>
<text>
<par/>
</text>
</block>
<block><region><rect/></region>
<text>
<par/>
</text>
</block>
<block><region><rect/></region>
<text>
<par/>
</text>
</block>
<block><region><rect/></region>
<text>
<par/>
</text>
</block>
<block><region><rect/><rect/><rect/><rect/><rect/></region>
<text>
<par>
<line>Office National des Forêts !</line></par>
</text>
</block>
<block><region><rect/></region>
<text>
<par>
<line>Prescription : 29 juillet 2002</line>
<line>Elaboration : novembre 2003</line></par>
</text>
</block>
<block><region><rect/></region>
<text>
<par>
<line>DOCUWIENT APPROUVE</line></par>
</text>
</block>














<block blockType="Picture" blockName="" l="1544" t="4052" r="2216" b="4150"><region><rect/></region>
</block>
<block blockType="Picture" blockName="" l="2104" t="5448" r="2620" b="5512"><region><rect/></region>
</block>
</page>
</PM1>