<?xml version="1.0" encoding="UTF-8"?><PM1>
<page width="1653" height="2339" resolution="200">
<block><region><rect/></region>
<text>
<par>
<line>Liberté ■ Egalité • Fraternité</line>
<line>RÉPUBLIQUE FRANÇAISE</line></par>
</text>
</block>
<block><region><rect/></region>
<text>
<par>
<line>PRÉFET DE LA DRÔME</line></par>
</text>
</block>
<block><region><rect/></region>
<text>
<par>
<line>Direction des territoires</line>
<line>Service aménagement du territoire et risques</line>
<line>Pôle risques</line>
<line>Affaire suivie par :</line></par>
<par>
<line>Alain BRECHET</line>
<line>Tel.: 04.81.66.81,24</line>
<line>E-mail: alainbrechet@drome,gouv.fr</line></par>
<par>
<line>Préfecture</line></par>
<par>
<line>Direction des collectivités et de l'utilité publique</line>
<line>Bureau des enquêtes publiques</line>
<line>Affaire suivie par :</line></par>
<par>
<line>Lucette MANGUIN</line>
<line>Tel.: 04.75.79.28.71</line>
<line>Fax: 0475 7928.55</line></par>
<par>
<line>Courriel du BEP : pref-enquetes-publiques@drome.gouv.fr</line></par>
</text>
</block>
<block><region><rect/></region>
<text>
<par>
<line>Arrêté n° 050-</line></par>
<par>
<line>portant approbation du Plan de Prévention des Risques naturels-inondations prévisibles</line></par>
<par>
<line>sur la commune de LAVEYRON</line></par>
</text>
</block>
<block><region><rect/></region>
<text>
<par>
<line>Le Préfet de la Drôme,</line>
<line>Chevalier de l’Ordre National du Mérite</line></par>
</text>
</block>
<block><region><rect/></region>
<text>
<par>
<line>VU le code de T environnement et notamment ses articles L562-1 à L562-9 et R562-1 à R562-12,</line></par>
<par>
<line>VU le code de l'urbanisme,</line></par>
<par>
<line>VU la loi n° 2004.811 du 13 août 2004 modifiée, de modernisation de la sécurité civile,</line></par>
<par>
<line>VU le décret n° 2004-374 du 29 avril 2004 modifié, relatif aux pouvoirs des Préfets, à l’organisation et à</line>
<line>l’action des services de l'État dans les régions et départements,</line></par>
<par>
<line>VU la circulaire du 24 janvier 1994 relative à la prévention des inondations et à la gestion des zones</line>
<line>inondables,</line></par>
<par>
<line>VU la circulaire du 24 avril 1996 relative aux dispositions applicables au bâti et ouvrages existants en zones</line>
<line>inondables,</line></par>
<par>
<line>VU la circulaire du 30 avril 2002 relative à la politique de l'État en matière de risques naturels prévisibles et</line>
<line>de gestion des espaces situés derrière les digues de protection contre les inondations et les submersions</line>
<line>marines,</line></par>
<par>
<line>VU la circulaire du 21 janvier 2004 relative à la maîtrise de l'urbanisme et de l'adaptation des constructions en</line>
<line>zone inondable,</line></par>
<par>
<line>VU l'arrêté préfectoral n°2011091-0010 du 1®' avril 2011 prescrivant l'élaboration du Plan de Prévention des</line>
<line>Risques naturels inondation de la commune de LAVEYRON,</line></par>
</text>
</block>
<block><region><rect/></region>
<text>
<par>
<line>3, boulevard Vauban - 26030 VALENCE cedex 9 - Téléphone : 04 75 79 28 00</line>
<line>Site Internet de l’Etat en Drôme : httD://www.drome.gQüv.ir/</line></par>
</text>
</block>





</page>
<page width="1669" height="2350" resolution="200">
<block><region><rect/></region>
<text>
<par>
<line>vu l'arrêté préfectoral n°2013281-0011 du 8 octobre 2013 prescrivant l'ouverture d'une enquête publique sur</line>
<line>le projet de Plan de Prévention des Risques naturels inondation de la commune de LAVEYRON,</line></par>
<par>
<line>VU ravis du Service Interministériel de Défense et de Protection Civile du 3 mai 2013,</line></par>
<par>
<line>VU l'avis du conseil municipal de LAVEYRON du 27 juin 2013,</line></par>
<par>
<line>VU l'avis du Centre Régional de la Propriété Forestière Rhône-Alpes du 3 juillet 2013,</line></par>
<par>
<line>VU l’avis de la Chambre d’Agriculture de la Drôme du 8 juillet 2013,</line></par>
<par>
<line>VU l’avis du Conseil Général de la Drôme du 10 juillet 2013,</line></par>
<par>
<line>VU l'avis du Service Départemental d'incendie et de Secours du 16 juillet 2013,</line></par>
<par>
<line>VU le bilan de la consultation des services et de la concertation avec le public annexé au registre de l'enquête</line>
<line>publique,</line></par>
<par>
<line>VU le rapport et les conclusions du commissaire enquêteur du 13 janvier 2014,</line></par>
<par>
<line>VU le rapport d'analyse de février 2014 de la direction départementale des territoires en réponse à la</line>
<line>recommandation du commissaire enquêteur, (rapport à M. le Préfet de la Drôme : analyse de l'enquête</line>
<line>publique et propositions de suite à donner),</line></par>
<par>
<line>Considérant que les avis exprimés avant et lors de l'enquête publique ne remettent pas en cause le contenu du</line>
<line>plan élaboré et que les modifications apportées au règlement ne remettent pas en cause l'économie générale du</line>
<line>projet,</line></par>
<par>
<line>Considérant dès lors :</line></par>
<par>
<line>• que le plan de prévention des risques inondations de la commune de LAVEYRON est conforme aux</line>
<line>objectifs de préservation des vies humaines et de réduction de la vulnérabilité des personnes et des</line>
<line>biens,</line></par>
<par>
<line>• que le règlement contient des mesures de prévention et de sauvegarde conformes à la doctrine</line>
<line>nationale exprimée dans les circulaires sus-visées,</line></par>
<par>
<line>• que rien ne s’oppose à sa mise en œuvre ;</line></par>
<par>
<line>Sur la proposition du Secrétaire Générale de la préfecture de la Drôme ;</line></par>
</text>
</block>
<block><region><rect/></region>
<text>
<par>
<line>ARRETE</line></par>
</text>
</block>
<block><region><rect/></region>
<text>
<par>
<line>Article 1er :</line></par>
<par>
<line>Le Plan de Prévention des Risques naturels inondation prévisibles de la commune de LAVEYRON est</line>
<line>approuvé.</line></par>
<par>
<line>Article 2</line></par>
<par>
<line>Le Plan de Prévention des Risques naturels inondation prévisibles comprend les pièces suivantes ci-</line>
<line>annexées :</line></par>
<par>
<line>• la note de présentation</line></par>
<par>
<line>• le plan de zonage réglementaire</line></par>
<par>
<line>• le règlement</line></par>
</text>
</block>
<block><region><rect/></region>
<text>
<par>
<line>2/3</line></par>
</text>
</block>






</page>
<page width="1659" height="2343" resolution="200">
<block><region><rect/></region>
<text>
<par>
<line>Sont également annexées, à titre d'information :</line></par>
<par>
<line>• les pièces graphiques complémentaires (carte des aléas et carte des enjeux).</line></par>
</text>
</block>
<block><region><rect/></region>
<text>
<par>
<line>Article 3</line></par>
<par>
<line>Le Plan de Prévention des Risques naturels inondation prévisibles de la commune de LAVEYRON est tenu à</line>
<line>la disposition du public aux jours et heures ouvrables à la mairie de LAVEYRON ainsi qu'en Préfecture de la</line>
<line>Drôme (bureau des enquêtes publiques).</line></par>
</text>
</block>
<block><region><rect/></region>
<text>
<par>
<line>Article 4</line></par>
<par>
<line>Le présent arrêté sera publié au Recueil des Actes Administratifs de la Préfecture et mention en sera faite</line>
<line>dans un journal diffusé dans le département. Il sera également publié sur le site Internet des services de l’État</line>
<line>en Drôme : www.drome.gouv.fr</line></par>
<par>
<line>L'arrêté sera également affiché pendant un mois au minimum à la mairie de LAVEYRON et porté à la</line>
<line>connaissance du public par tout autre procédé en usage dans la commune.</line></par>
<par>
<line>Un certificat du maire justifiera l’accomplissement de cette formalité.</line></par>
</text>
</block>
<block><region><rect/></region>
<text>
<par>
<line>Article 5</line></par>
<par>
<line>Le présent arrêté peut faire l'objet d'un recours contentieux devant le tribunal administratif de Grenoble (2</line>
<line>place de Verdun BPI 135 38022 GRENOBLE Cedex 1) dans un délai de deux mois à compter de sa date de</line>
<line>publication.</line></par>
</text>
</block>
<block><region><rect/></region>
<text>
<par>
<line>Article 6</line></par>
<par>
<line>Le Secrétaire Général de la préfecture de la Drôme, le Maire de la commune de LAVEYRON, le Directeur</line>
<line>Départemental des Territoires de la Drôme sont chargés, chacun en ce qui le concerne, de l’exécution du</line>
<line>présent arrêté.</line></par>
</text>
</block>
<block><region><rect/></region>
<text>
<par>
<line>Fait à Valence, le 1 3</line></par>
</text>
</block>







</page>
<page width="5847" height="8278" resolution="250">
<block><region><rect/></region>
<text>
<par>
<line>Andancette</line></par>
</text>
</block>
<block><region><rect/></region>
<text>
<par>
<line>Rhône et affluents</line></par>
</text>
</block>
<block><region><rect/></region>
<text>
<par>
<line>Plan de Prévention des Risques</line>
<line>Naturels - inondation</line></par>
</text>
</block>
<block><region><rect/></region>
<text>
<par>
<line>Commune de LAVEYRON</line></par>
</text>
</block>
<block><region><rect/></region>
<text>
<par>
<line>2 - Plan de zonage réglementaire</line></par>
</text>
</block>
<block><region><rect/></region>
<text>
<par>
<line>Liberté • Égalité • Fraternité</line></par>
<par>
<line>République Française</line></par>
</text>
</block>
<block><region><rect/></region>
<text>
<par>
<line>Dossierapprouvé</line>
<line>le 19 février 2014</line></par>
</text>
</block>
<block><region><rect/><rect/></region>
<text>
<par>
<line>P K 73 Point kilométrique Rhône</line>
<line>130.22 Cote de la crue de référence *</line></par>
<par>
<line>* Se reporter au chapitre 3 du titre 1 du réglement pour l'utilisation</line>
<line>des cotes de référence</line></par>
<par>
<line>Zonage Rhône</line></par>
<par>
<line>Rr = Zone rouge : Inconstructible</line>
<line>Br = Zone bleue : Constructible sous conditions</line></par>
</text>
</block>
<block><region><rect/></region>
<text>
<par>
<line>Bre Bre = Zone crue exceptionnelle : Constructible</line>
<line>Zonage affluents</line></par>
<par>
<line>Ra = Zone rouge : Inconstructible</line>
<line>Ba Ba = Zone bleue : Constructible sous condition</line></par>
</text>
</block>
<block><region><rect/></region>
<text>
<par>
<line>Bassin de rétention</line></par>
</text>
</block>
<block><region><rect/></region>
<text>
<par>
<line>. Routes principales</line>
<line>. Routes secondaires</line>
<line>Voie SNCF</line></par>
</text>
</block>
<block><region><rect/></region>
<text>
<par>
<line>Source fond: BD PARCELLAIRE IGN 2011 DDT26/SATR</line></par>
</text>
</block>
<block><region><rect/></region>
<text>
<par>
<line>Bre</line></par>
</text>
</block>
<block><region><rect/></region>
<text>
<par>
<line>^nampani</line></par>
</text>
</block>
<block><region><rect/></region>
<text>
<par>
<line>les cfeaux</line></par>
</text>
</block>
<block><region><rect/></region>
<text>
<par>
<line>O)</line></par>
</text>
</block>
<block><region><rect/></region>
<text>
<par>
<line>pVCÎ''</line></par>
</text>
</block>
<block><region><rect/></region>
<text>
<par>
<line>Bre</line></par>
</text>
</block>
<block><region><rect/></region>
<text>
<par/>
</text>
</block>
<block><region><rect/></region>
<text>
<par>
<line>LEGENDE</line></par>
</text>
</block>
<block><region><rect/></region>
<text>
<par>
<line>T •</line></par>
</text>
</block>
<block><region><rect/></region>
<text>
<par>
<line>le</line></par>
</text>
</block>
<block><region><rect/></region>
<text>
<par>
<line>plançpanet e</line></par>
</text>
</block>
<block><region><rect/></region>
<text>
<par>
<line>cess</line></par>
</text>
</block>
<block><region><rect/></region>
<text>
<par>
<line>pven</line></par>
</text>
</block>
<block><region><rect/></region>
<text>
<par/>
</text>
</block>
<block><region><rect/></region>
<text>
<par/>
</text>
</block>
<block><region><rect/></region>
<text>
<par>
<line>re</line></par>
</text>
</block>
<block><region><rect/></region>
<text>
<par>
<line>JM (4</line></par>
</text>
</block>
<block><region><rect/></region>
<text>
<par>
<line>%</line></par>
</text>
</block>
<block><region><rect/></region>
<text>
<par>
<line>□</line></par>
</text>
</block>
<block><region><rect/></region>
<text>
<par/>
</text>
</block>
<block><region><rect/></region>
<text>
<par>
<line>O</line></par>
</text>
</block>
<block><region><rect/></region>
<text>
<par/>
</text>
</block>
<block><region><rect/></region>
<text>
<par/>
</text>
</block>
<block><region><rect/></region>
<text>
<par>
<line>Ba</line></par>
</text>
</block>
<block><region><rect/></region>
<text>
<par>
<line>O</line></par>
</text>
</block>
<block><region><rect/></region>
<text>
<par/>
</text>
</block>
<block><region><rect/></region>
<text>
<par>
<line>O</line></par>
</text>
</block>
<block><region><rect/></region>
<text>
<par>
<line>(é</line></par>
</text>
</block>
<block><region><rect/></region>
<text>
<par>
<line>lâ</line></par>
</text>
</block>
<block><region><rect/></region>
<text>
<par>
<line>Bre</line></par>
</text>
</block>
<block><region><rect/></region>
<text>
<par/>
</text>
</block>
<block><region><rect/></region>
<text>
<par/>
</text>
</block>
<block><region><rect/></region>
<text>
<par>
<line>Beausemblant</line></par>
</text>
</block>
<block><region><rect/></region>
<text>
<par>
<line>PVCT^</line></par>
</text>
</block>
<block><region><rect/></region>
<text>
<par/>
</text>
</block>
<block><region><rect/></region>
<text>
<par>
<line>lest</line></par>
</text>
</block>
<block><region><rect/></region>
<text>
<par>
<line>la</line></par>
</text>
</block>
<block><region><rect/></region>
<text>
<par>
<line>me</line></par>
</text>
</block>
<block><region><rect/></region>
<text>
<par>
<line>la r</line></par>
</text>
</block>
<block><region><rect/></region>
<text>
<par>
<line>nce</line></par>
</text>
</block>
<block><region><rect/></region>
<text>
<par>
<line>font</line></par>
</text>
</block>
<block><region><rect/></region>
<text>
<par>
<line>e</line></par>
</text>
</block>
<block><region><rect/></region>
<text>
<par>
<line>braad</line></par>
</text>
</block>
<block><region><rect/></region>
<text>
<par>
<line>Ile</line></par>
</text>
</block>
<block><region><rect/></region>
<text>
<par>
<line>PK74</line></par>
</text>
</block>
<block><region><rect/></region>
<text>
<par>
<line>Saint-Vallier</line></par>
</text>
</block>
<block><region><rect/></region>
<text>
<par>
<line>ontrebut</line></par>
</text>
</block>
<block><region><rect/></region>
<text>
<par>
<line>charbbfiniere</line></par>
</text>
</block>
<block><region><rect/></region>
<text>
<par>
<line>[nard</line></par>
</text>
</block>
<block><region><rect/></region>
<text>
<par>
<line>Saint-Uze</line></par>
</text>
</block>
<block><region><rect/></region>
<text>
<par>
<line>èrrandini</line></par>
</text>
</block>
<block><region><rect/></region>
<text>
<par/>
</text>
</block>
<block><region><rect/></region>
<text>
<par/>
</text>
</block>
<block><region><rect/></region>
<text>
<par>
<line>Saint-Barthélemy</line></par>
<par>
<line>de-Vals</line></par>
</text>
</block>




























































































































































































































































































<block blockType="Picture" blockName="" l="4195" t="2527" r="4303" b="2665"><region><rect/></region>
</block>
<block blockType="Picture" blockName="" l="4195" t="2363" r="4303" b="2425"><region><rect/></region>
</block>
</page>
</PM1>