<?xml version="1.0" encoding="UTF-8"?><PM1>
<page width="5007" height="7052" resolution="600">
<block><region><rect/></region>
<text>
<par>
<line>PPR de la commune de Ferrières-sur-Ariège</line></par>
</text>
</block>
<block><region><rect/></region>
<text>
<par>
<line>18 novembre 2011</line></par>
</text>
</block>
<block><region><rect/></region>
<text>
<par>
<line>^ '</line></par>
</text>
</block>
<block><region><rect/></region>
<text>
<par/>
</text>
</block>
<block><region><rect/></region>
<text>
<par>
<line>1 ,</line></par>
</text>
</block>
<block><region><rect/></region>
<text>
<par>
<line>Libvii * ^jfjjirr ' 5rj;^rjiir*</line></par>
<par>
<line>RÉPL'BLIQUt PHaUçaisé</line></par>
</text>
</block>
<block><region><rect/></region>
<text>
<par>
<line>PRÉFECTURE DF. tîARIÉGE</line></par>
</text>
</block>
<block><region><rect/></region>
<text>
<par>
<line>.SERV;CESDU cabinet, DE l A SECUHITE ET DE LA PREVENTlüM</line></par>
<par>
<line>SERVICE tNTEfi ministériel DE DÉFENSE préfectoral modificatif presaivaiit</line></par>
<par>
<line>ET DE PFîûTFnTiCM CIVILES rétablissement d'un plan de prévention</line></par>
<par>
<line>des risques naturels prÉvisihlns (hVRRj</line>
<line>de la commune de FElïRrERES-SUR-ARiliGE</line></par>
</text>
</block>
<block><region><rect/></region>
<text>
<par>
<line>Le préfet de FAriège.</line></par>
<par>
<line>Officier de TOidre Natinnat du Mérite,</line></par>
<par>
<line>Vu TaiTSté du 11 août 2006 prescrivant IVitablissemeni d'un plaji de prcvaition des risqu&amp;s</line></par>
<par>
<line>R[\tuids prévisibles m h commune de FERRIERF-S-SUR-ARJEGE,</line></par>
<par>
<line>Sur piopüsiLion de M le directeui départe méritai de Téquipement de TAriègc - ïïer^dce</line>
<line>Environnement Risques - HnrcaLi Prévention des Risques et Environncmffnt ;</line></par>
<par>
<line>ARRETE</line></par>
</text>
</block>
<block><region><rect/></region>
<text>
<par>
<line>Article 1</line></par>
<par>
<line>L'arride 3 de l'arrûLc susviiîé esl modifié coinnie t»jil ;</line></par>
<par>
<line>« Les lisquïi étudiés sonr :</line></par>
<par>
<line>- les inondations et les crues toiTenrielleSs</line></par>
<par>
<line>- les luouveinentâ de teTiain.</line></par>
<par>
<line>En ce qui ccncerne les séismes, l'article R5634 du Code de l'environnement définit les zones</line>
<line>sîs:niqnc5, Les séismes ne font pus l'objet d'une étude spécifique, »</line></par>
<par>
<line>Le reste sans chtitlâ-itier.t.</line></par>
<par>
<line>Article 2</line></par>
<par>
<line>La seciétaite générale de la préfecture, le ditcctcur départemental de l'équipement et rie l'agriculture,</line>
<line>sont chargés de l'e^écuiitin dn piTésent arrêté qui sera arficlié pendant un mois dans les lucaus de la</line>
<line>mairie rie bTiRRIERES-SUR-ARlEGL (mention de cei affichage sera insérée dans La Dépêche du</line>
<line>Midi - Edition dü l'Anège &gt;0 et publié au iccucil des actes administratifs de la préfeettu'e.</line></par>
</text>
</block>
<block><region><rect/></region>
<text>
<par>
<line>Fait à l'oi.x, le</line></par>
</text>
</block>
<block><region><rect/></region>
<text>
<par>
<line>' ? L'.J.</line></par>
</text>
</block>
<block><region><rect/></region>
<text>
<par>
<line>,X V \</line></par>
<par>
<line>'lacquesRlUAK?</line></par>
</text>
</block>
<block><region><rect/></region>
<text>
<par>
<line>2. RUE DE LA PKÉFECTLRt - FRCrilT f [.tIJDE ERIONaC ■ d,l' 40''}k7 ^ i:mi FOIV rPHEX'</line>
<line>standard 63 61 Or II'] l.'Ü-1 Kl KC'CPiF 61 0^ 7i - ^ITi- rKTkîNiPT ■ 'hn....</line></par>
</text>
</block>
<block><region><rect/></region>
<text>
<par>
<line>Règlement</line></par>
</text>
</block>
<block><region><rect/></region>
<text>
<par>
<line>54</line></par>
</text>
</block>








</page>
<page width="4958" height="7017" resolution="600">
<block><region><rect/></region>
<text>
<par>
<line>PPR de la commune de Ferrières-sur-Ariège</line></par>
</text>
</block>
<block><region><rect/></region>
<text>
<par>
<line>18 novembre 2011</line></par>
</text>
</block>
<block><region><rect/><rect/></region>
<text>
<par>
<line>PRKr ::rr VÆ i:A.R\E&lt;i¥.</line></par>
</text>
</block>
<block><region><rect/></region>
<text>
<par>
<line>PRÏz\'lf:T\ir^.\r</line>
<line>;&gt;t3t.î:C rLr3V ï^riy</line></par>
<par>
<line>:ou [&gt;^; rs^i:i^s:'::</line></par>
<par>
<line>!&gt;îl Dï:n;^r:^îï</line>
<line>P'^irvF.cTio^ CiM'n.T-yi</line></par>
</text>
</block>
<block><region><rect/></region>
<text>
<par>
<line>AmiETK i^REFECTORAL</line></par>
<par>
<line>;ij|5^.îrüt! Vi:Éisâ \yhyii de pre-veiiME^ii éti\ risfjuü^ t^ïs</line></par>
<par>
<line>pr^vJïtii&gt;te ÛQ lEâ comnïtiïne</line></par>
<par>
<line>YmRlEKESSUR-AmkCÆ</line></par>
</text>
</block>
<block><region><rect/></region>
<text>
<par>
<line>f.j: PREFET 1&gt;E r’ÂRIKC^E</line>
<line>Chüv.^lkr^Ju POrdT^ï Nat^oîiiisl du McrRc</line></par>
</text>
</block>
<block><region><rect/></region>
<text>
<par>
<line>Vsj \c code; de rcfsviKWÂcnicrïï ,</line></par>
<par>
<line>code do Pe?ipropnîi?k&gt;r: [x^ur v^use d'uïkiié public^^io ;</line></par>
<par>
<line>Vil te co4" do .</line></par>
<par>
<line>Vy O od 4; i O rerit i e ;</line></par>
<par>
<line>Vy k code pQml. ;</line></par>
<par>
<line>k code de procédure péuiik ;</line></par>
<par>
<line>Vu ïc code de là coîi.^îï-tscîjan cl de Thi^bit^ÉiÈon ;</line></par>
<par>
<line>Vîf h hd n'-' 9-lA thi 3 jiinvier 1992 sï^r Tcau ;</line></par>
<par>
<line>Vt&amp; Ui Un 200:?''699 du 30 jiiilîct 2003 rciaûve à la prévcrdion ces nsciE^^rs ïi^^turels et æchnologjq jes cî à li?</line>
<line>réparaîion des donirni^gcs, siommnKaiL son ïtHklc 38, ci son décret d'applicsition 2005-3 du 4 jÊirrvicr</line>
<line>2005 moditii^nt îc déeseî rd 95«i.0S9 du 5 octobre 1.995 relad.f mx p^ans de préventÈon des fiiqueL%</line>
<line>Datiuch prc visïbkï^ ,</line></par>
<par>
<line>Vu k-décret sV 90 -9Î8 du M octobre 1990 relatif à Vcx^rclcQ âu ^iroif à rinfomiaiion ï&gt;ur io?</line>
<line>ntodilk par le décret )V 2004-554 du 9 juia 2tK&gt;4 ;</line></par>
<par>
<line>Vifâ le idéL::ret tr 2011 755 du 28 ju.m 20il j:eUiiif à l.u proccduici d'élaborattotu de Fêvj.sion d. de modtfiealioi^</line>
<line>dc.s pkiaü de picvcribou dc.i rusciuc.s naiureis prédiiible^ .</line></par>
<par>
<line>V« tVirrck prcicctorrU dtt U j^hu 2000 prcx^eiivant 2ét^&gt;düscîncnt ;tur plan de prévanbon &lt;lc^ nsque."?</line>
<line>rïa^xTcii prévbibl.c:^^ dans ).a coniiriun.c de KE[&lt;.R]ÈRES-SVR-AR1È&lt;jB^ loodifk par l'aiTctc prefectonï]!</line>
<line>du ■ 5 ocu^bre 2C:09 ,</line></par>
<par>
<line>Viii delibcrtUiiotivS du conued rnuu.ju.jpal de FERRfBKES-SUR-ARi.SGE on. duto des 27 jui.Uet 2006, J.7</line>
<line>scidumbre 2007, H- .rovombre 2008 d 28 nw^s 2(} \ i \</line></par>
<par>
<line>Vts 7diTctô pn6rcolomi eu 29 décembre 20 lü lekuif k la lidc des jo uni aux babibtes à pubikr des ajunoncc-ii</line></par>
<par>
<line>j i t il I ^^ ; ;i I tes c. 1 I é^i-î les p rji r l'a 311 î ce ?.() i 1</line></par>
<par>
<line>Vïï rïtrrci.é preketond d.u 18 nid 20U poilant ouvoituie dkuqucto publiqijo sut: k j^rî'oiet de i&gt;ldn éc</line>
<line>pré-vi'nEkjî3 des ri?î^ji.Ecs juiahî.tds piévÈsibks tk là atuuiiuue de .FERRIERRS-Sl.îR-AR] FGF :</line></par>
<par>
<line>!o nippon et les cor^c.kwioas du commi^^sake-enqudtcu.r en préfecture le i7 aoûÉ 20H '</line></par>
<par>
<line>$^f&gt;r prap&lt;^uük&gt;n de M\ le didectcLEi' de parle tn enta! des torriLotrciï - Service Htiviforincuiefn Rjsqyes '</line></par>
<par>
<line>./...</line></par>
<par>
<line>■b Ri.F DU f.d P7Êrr-:c7V;Rk ■ r^tidir clavdf- Fj^ignac ■ B i\ 4oo[^? -oddoÿ ï-oïd. dldux</line>
<line>srVND^kD 05 02 10 tX-- 7tLÉGOP^.b 07 02 74 ^2 ■■ SOni IktbRNbl :</line></par>
</text>
</block>


</page>
<page width="4958" height="7017" resolution="600">
<block><region><rect/></region>
<text>
<par>
<line>PPR de la commune de Ferrières-sur-Ariège</line></par>
</text>
</block>
<block><region><rect/></region>
<text>
<par>
<line>18 novembre 2011</line></par>
</text>
</block>
<block><region><rect/></region>
<text>
<par>
<line>A R II ET ÎL</line></par>
</text>
</block>
<block><region><rect/></region>
<text>
<par>
<line>ï-t: pl^in de pE-ivï^î5i.it.ïii iîaüirt'^:s pœvisibl^^s de bi th; FERRIFRBS“S'IJR'-ARIF;GF approtivd</line></par>
<par>
<line>i^E csl £iiLïit:^é iiu iuselé.</line></par>
</text>
</block>
<block><region><rect/></region>
<text>
<par>
<line>âiïkki</line></par>
<par>
<line>piaa ûc pn^vis^b.l.cs vatt? i^^rvi.mde d'ir.ilE.lé pijbliqui^ e=t ^.ct% amv^Ké -^i&gt;.</line></par>
<par>
<line>d'a.rb;iîï;â;in&lt;? de b co.îHuouis.o dj FERRJÈRES-SîJR-ARIÈGE,</line></par>
</text>
</block>
<block><region><rect/></region>
<text>
<par>
<line>AdMill</line></par>
<par>
<line>I..e pUm d'^ prévejîrjoB dcis rt;'Siiircb prcvisiibkî; Cs&gt;mpründ :</line></par>
<par>
<line>- un îiippoi1.de préiienïaisoïi ;</line></par>
<par>
<line>- un règle me ;</line></par>
<par>
<line>- ^iîie locïilisj^don düs phenoracaes îicuureb ;</line></par>
<par>
<line>- i^Sî.e eiea ■</line></par>
<par>
<line>- cane deïi ;</line></par>
<par>
<line>“ mi" ciirîe de ixonagc régJeiïicnlLure du</line></par>
</text>
</block>
<block><region><rect/></region>
<text>
<par>
<line>A îJjck..4</line></par>
<par>
<line>Le plan de prévenlian des niUiuds prcvïsibies ser^i tenu a b tbsposii'km d^t pub.Hc jours oiATabks, m^x</line></par>
<par>
<line>heures d'oLiveJ lii.^c des Irurcaux, a b pxfccüirc - lintcrntimstérkl de de feusc et de pmiccriasi dviies - et à b</line></par>
<par>
<line>maidü ds FERRIÈKES-SUR-ARjÈGB,</line></par>
<par>
<line>.Adleki</line></par>
<par>
<line>Le présent ijrréw serti fsublié au Recueil ‘.les Aa&gt;-\s Atlininisiratifs ce fera Tobjet d'une lîwntion dans le joiirtiaj</line></par>
<par>
<line>suiva.iiî :</line></par>
<par>
<line>Ls Di6pecnc du Midi - de PAnége.</line></par>
</text>
</block>
<block><region><rect/></region>
<text>
<par>
<line>Une çQ{)\e de Larnüiè ri^ui. aidd.'iè^? ci ia de FbKRibKBb-bUK-AR.îfeiiB pendant une diir^e tl'uii. moj^ nu</line></par>
<par>
<line>minimum,</line></par>
<par>
<line>M. le ruïidc. de l'F.RRILiR.Bî^-Sl.JLAARUA]!: c.abliia un ^crdllcal attc.sUinUJï: la réacHsatiort deeeUc fonualil.é..</line></par>
</text>
</block>
<block><region><rect/></region>
<text>
<par>
<line>àzikhjA</line></par>
<par>
<line>M. h: ‘iii^:^rbîatre gep.érj^ de Ui préleci.ufe, .VI le dimcicur des serviccit du cabmei du pr-éfeL M. le di.reeleur</line>
<line>dê.];xift.eii:ienE^7.ï des terriîH:urcï^ ei Mi ïc medre de FEKRiÈJŒS-SUR-ARTÈGE son!; cîicirgcis tic l'cxéeutlon du prc^eni:</line>
<line>zmàté.</line></par>
</text>
</block>
<block><region><rect/></region>
<text>
<par>
<line>à Foix, k l ^ iK^vembrc 2011</line></par>
</text>
</block>
<block><region><rect/></region>
<text>
<par/>
</text>
</block>
<block><region><rect/></region>
<text>
<par>
<line>Salvaflor'^FKF.Z</line></par>
</text>
</block>
<block><region><rect/></region>
<text>
<par>
<line>Règlement</line></par>
</text>
</block>
<block><region><rect/></region>
<text>
<par>
<line>56</line></par>
</text>
</block>








</page>
<page width="4958" height="7017" resolution="600">
<block><region><rect/></region>
<text>
<par>
<line>Liberté ■ Egalité - Fraternité</line></par>
<par>
<line>RÉPUBLiauE Française</line></par>
</text>
</block>
<block><region><rect/></region>
<text>
<par>
<line>Ministère</line>
<line>de l'Écologie,</line>
<line>du</line></par>
<par>
<line>Développement</line>
<line>durable,</line>
<line>des Transports</line>
<line>et du Logement</line></par>
</text>
</block>
<block><region><rect/></region>
<text>
<par>
<line>Libet'ié * Égalité • Fraie mité</line></par>
<par>
<line>république Française</line></par>
<par>
<line>Préfet de l'Ariège</line></par>
</text>
</block>
<block><region><rect/></region>
<text>
<par>
<line>Direction Départementaie</line>
<line>des Territoires</line></par>
</text>
</block>
<block><region><rect/></region>
<text>
<par>
<line>Plan de prévention des risques naturels prévisibles</line></par>
<par>
<line>Commune de Ferrières-sur-Ariège</line></par>
</text>
</block>
<block><region><rect/></region>
<text>
<par>
<line>Règlement</line></par>
</text>
</block>
<block><region><rect/></region>
<text>
<par>
<line>A/p</line></par>
</text>
</block>
<block><region><rect/></region>
<text>
<par/>
</text>
</block>
<block><region><rect/></region>
<text>
<par>
<line>Dossier prescrit par l'arrêté préfectoral du 11 août 2006 et l'arrêté préfectoral</line>
<line>modificatif du 15 octobre 2009</line></par>
<par>
<line>Dossier approuvé le : 18 novembre 2011</line></par>
</text>
</block>
<block><region><rect/></region>
<text>
<par>
<line>ALP’GEORISQUES, Z.l. - rue du Moirond - 38420 DOMENE - FRANCE S 04-76-77-92-00 Fax : 04-76-77-55-90</line>
<line>e-mail : info@alpgeorisques.com sari au capital de 18 300 € - Siret : 380 934 216 00025 - Code A.P.E. 7112B</line></par>
</text>
</block>











</page>
</PM1>