<?xml version="1.0" encoding="UTF-8"?><PM1>
<page width="4882" height="6928" resolution="600">
<block><region><rect/></region>
<text>
<par>
<line>tSheriê • êgitBî/ • Fraffm/ii</line></par>
<par>
<line>HÉ PVBMQPE pRAPJÇMSI</line></par>
</text>
</block>
<block><region><rect/></region>
<text>
<par>
<line>PREFECTURE DU PAS-DE-CALAIS</line></par>
</text>
</block>
<block><region><rect/></region>
<text>
<par>
<line>DIRECTION DE L'AMENAGEMENT, DE L'ENVIRONNEMENT</line></par>
<par>
<line>ET DE LA COHESION SOCIALE</line></par>
<par>
<line>POLE DE L'ENVIRONNEMENT</line></par>
<par>
<line>BUREAU DES POLITIQUES ENVIRONNEMENTALES</line></par>
<par>
<line>ET DE L'AMENAGEMENT FONCIER</line></par>
</text>
</block>
<block><region><rect/></region>
<text>
<par>
<line>ARRETE D'APPROBATION</line></par>
<par>
<line>DU PLAN DE PREVENTION DES RISQUES INONDATIONS</line>
<line>DE LA VALLEE DE L'Aa Supérieure</line></par>
</text>
</block>
<block><region><rect/></region>
<text>
<par>
<line>Le Préfet du Pas-de-Calais,</line>
<line>Chevalier de la Légion d'Honneur,</line>
<line>Officier de l'Ordre National du Mérite,</line></par>
<par>
<line>VU le Code de l'Environnement et notamment les articles L 562-1 et suivants et R 562-1 et suivants ;</line></par>
<par>
<line>VU le décret n° 2004-374 du 29 avril 2004 modifié relatif aux pouvoirs des préfets, à l'organisation et</line>
<line>à l'action des services de l'Etat dans les régions et départements ;</line></par>
<par>
<line>VU le décret n° 2005-3 du 4 janvier 2005 modifiant le décret n° 95-1089 du 5 octobre 1995 relatif aux</line>
<line>plans de prévention des risques naturels prévisibles ;</line></par>
<par>
<line>VU le décret du 8 janvier 2009 portant nomination de Monsieur Pierre de BOUSQUET DE</line>
<line>FLORIAN, en qualité de Préfet du Pas-de-Calais ;</line></par>
<par>
<line>VU l'arrêté préfectoral du 28 décembre 2000 modifié le 7 février 2003 prescrivant le Plan de</line>
<line>Prévention des Risques Naturels de la vallée de l'Aa supérieure complété par les arrêtés des 30 octobre 2001,</line>
<line>23 août 2002 au titre des catastrophes naturelles ;</line></par>
<par>
<line>VU l'arrêté préfectoral d'application anticipée du 13 juillet 2004 ;</line></par>
<par>
<line>VU l'arrêté préfectoral n°09-10-01 du 2 février 2009 accordant délégation de signature ;</line></par>
<par>
<line>VU l'avis des Conseils Municipaux des communes de Wizernes, Wavr^s sur l'Aa, Esquerdes,</line>
<line>Blendecques, Fauquembergues, Hallines, Ergny, Affringues, Wicquinghem, Saint Martin d'Hardinghem,</line>
<line>Elnes, Ouve-Wirquin, Bayenghem-les-Seninghem, Remilly-Wirquin ;</line></par>
<par>
<line>VU l'avis réputé favorable des communes de Rumilly, Verchocq, Renty, Merck St Liévin, Arques,</line>
<line>Setques, Longuenesse, Bourthes, Aix en Ergny, Bléquin, Nielles lés Bléquin, Acquin-Westbécourt, Avesnes</line>
<line>au Mont, Helfaut et Herly ;</line></par>
<par>
<line>VU les lettres des maires de Wizernes, Lumbres ;</line></par>
<par>
<line>VU l'avis du Centre Régional de la Propriété Forestière Nord Pas-de-Calais Picardie du 28 novembre</line></par>
<par>
<line>2007;</line></par>
<par>
<line>VU la délibération de la Communauté de l'Agglomération de Saint-Omer du 19 décembre 2007 ;</line></par>
<par>
<line>VU l'avis du Président du Syndicat mixte pour l'aménagement et la gestion des eaux de l'eau de l'Aa du</line>
<line>7 janvier 2008 ;</line></par>
</text>
</block>

</page>
<page width="4881" height="6927" resolution="600">
<block><region><rect/></region>
<text>
<par>
<line>vu l'avis de la Madame la Sous-Préfète de Montreuil sur mer du 8 janvier 2008 ;</line></par>
<par>
<line>VU l'avis de la Communauté de communes du canton d'Hucqueliers et environs du 8 janvier 2008 ;</line></par>
<par>
<line>VU l'avis du 22 janvier 2008 du Conseil Général du Pas-de-Calais ;</line></par>
<par>
<line>VU la délibération du Syndicat mixte Lys-Audomarois du 1er février 2008 ;</line></par>
<par>
<line>VU l'avis de M. le Directeur départemental de l'Agriculture et de la Forêt du 11 février 2008 ;</line></par>
<par>
<line>VU l'avis de M. le Directeur Régional de l'Environnement du 21 mai 2008 ;</line></par>
<par>
<line>VU l'avis réputé favorable de la Chambre d'Agriculture du Pas-de-Calais ;</line></par>
<par>
<line>VU l'arrêté préfectoral du 24 octobre 2008 prescrivant l'enquête publique du Plan de Prévention des</line>
<line>Risques Inondations de la Vallée de l'Aa Supérieure du 17 novembre au 30 décembre 2008 inclus ;</line></par>
<par>
<line>VU le dossier soumis à enquête publique ;</line></par>
<par>
<line>VU la réunion tenue à l'issue de l'enquête publique par la commission d'enquête le 19 janvier 2009 ;</line>
<line>VU le rapport et les conclusions de la commission d'enquête en date du 29 janvier 2009 ;</line></par>
<par>
<line>VU la réunion du 3 juillet 2009 de présentation de la synthèse de l'enquête publique ;</line></par>
<par>
<line>VU le rapport de M. le Directeur Départemental de l'Equipement du Pas-de-Calais du 30 novembre</line></par>
<par>
<line>2009;</line></par>
<par>
<line>Considérant l'existence des risques d'inondations sur la Vallée de l'Aa Supérieure ;</line></par>
<par>
<line>Considérant la nécessité de délimiter les terrains sur lesquels l'occupation ou l'utilisation du sol doit</line>
<line>être réglementée en vue de ne pas aggraver ces risques ou de ne pas en provoquer de nouveaux ;</line></par>
<par>
<line>Sur la proposition de Monsieur le Secrétaire Général de la Préfecture du Pas-de-Calais ;</line></par>
</text>
</block>
<block><region><rect/></region>
<text>
<par>
<line>ARRETE :</line></par>
</text>
</block>
<block><region><rect/></region>
<text>
<par>
<line>Article 1"</line></par>
<par>
<line>Le Plan de Prévention des Risques Inondations de la Vallée de l'Aa Supérieure est approuvé</line>
<line>conformément à l'article L562-3 du Code de l'Environnement ; il s'applique sur le territoire des communes</line>
<line>d'Acquin-Westbecourt, Afffingues, Aix-en-Ergny, Arques, Avesnes-au Mont, Bayenghen-les-Seninghem,</line>
<line>Blendecques, Blequin, Bourthes, Elnes, Ergny, Esquerdes, Fauquembergues, Hallines, Helfaut, Herly,</line>
<line>Longuenesse, Lumbres, Merck-Saint-Lievin, Nielles- les-Blequin, Ouve-Wirquin, Remilly-Wirquin, Renty,</line>
<line>Rumilly, Saint-Martin-d'Hardinghem, Setques, Verchocq, Wavrans sur l'Aa, Wicquinghem et Wizemes .</line></par>
</text>
</block>
<block><region><rect/></region>
<text>
<par>
<line>Article 2 ;</line></par>
<par>
<line>Le Plan de Prévention des Risques Inondations de la Vallée de l'Aa Supérieure approuvé au titre du</line>
<line>présent arrêté vaut servitude d'utilité publique, conformément à l'article L 562-4 du Code de</line>
<line>l'Environnement.</line></par>
<par>
<line>A ce titre, il devra être annexé aux Plans Locaux d'Urbanisme (PLU) approuvés des communes</line>
<line>concernées, en vertu de l'article L 126-1 du Code de l'urbanisme.</line></par>
</text>
</block>


</page>
<page width="4874" height="6922" resolution="600">
<block><region><rect/></region>
<text>
<par>
<line>Article 3 :</line></par>
<par>
<line>Le présent arrêté sera notifié aux Maires des communes concernées.</line></par>
<par>
<line>Il devra être affiché en mairie pendant un mois minimum et au siège de chaque établissement public</line>
<line>de coopération intercommunale compétent pour l'élaboration des documents d'urbanisme sur le territoire</line>
<line>desquels le plan est applicable.</line></par>
<par>
<line>En outre, le présent arrêté fera l'objet d'une mention au Recueil des Actes Administratifs du</line>
<line>département du Pas-de-Calais, ainsi que dans un journal diffusé dans le département.</line></par>
</text>
</block>
<block><region><rect/></region>
<text>
<par>
<line>Article 4 :</line></par>
<par>
<line>Le plan de prévention approuvé sera tenu à disposition du public à la Préfecture du Pas-de-Calais, en</line>
<line>sous-Préfectures de Montreuil-sur-Mer et de Saint-Omer et dans les Mairies concernées ainsi qu'aux sièges</line>
<line>de ces établissements publics de coopération intercommunale.</line></par>
</text>
</block>
<block><region><rect/></region>
<text>
<par>
<line>Article 5 :</line></par>
<par>
<line>Le présent arrêté peut faire l'objet d'un recours contentieux dans un délai de deux mois à compter de</line>
<line>l'exécution des formalités de publicité.</line></par>
</text>
</block>
<block><region><rect/></region>
<text>
<par>
<line>Article 6 :</line></par>
<par>
<line>Monsieur le Secrétaire Général de la Préfecture du Pas-de-Calais, Mesdames et Messieurs les</line>
<line>Maires des communes concernées et Monsieur le Directeur Départemental de l'Equipement du Pas-de-Calais</line>
<line>sont chargés, chacun en ce qui le concerne, de l'exécution du présent arrêté dont copie sera adressée à Mmes</line>
<line>les Sous-Préfètes de Saint-Omer et Montreuil-sur-Mer.</line></par>
</text>
</block>
<block><region><rect/></region>
<text>
<par>
<line>ARRAS, le 0 7 OEC. 2009</line></par>
</text>
</block>
<block><region><rect/><rect/></region>
<text>
<par>
<line>/Pour le P</line>
<line>Le Secrétaire</line></par>
</text>
</block>
<block><region><rect/></region>
<text>
<par>
<line>ed:</line></par>
</text>
</block>
<block><region><rect/></region>
<text>
<par>
<line>;uN</line></par>
</text>
</block>






</page>
</PM1>