<?xml version="1.0" encoding="UTF-8"?><PM1>
<page width="1671" height="2350" resolution="200">
<block><region><rect/></region>
<text>
<par>
<line>KJ</line></par>
<par>
<line>Liberté • Égalité • Fraternité</line>
<line>RÉPUBUQ.UE FRANÇAISE</line></par>
<par>
<line>PREFECTURE DE LA HAUTE-CORSE</line></par>
</text>
</block>
<block><region><rect/></region>
<text>
<par>
<line>DIRECTION DEPARTEMENTALE DE L’EQUIPEMENT ET DE L'AGRICULTURE</line>
<line>SERVICE EAU - ENVIRONNEMENT - FORÊT</line>
<line>UNITE RISQUES</line></par>
</text>
</block>
<block><region><rect/></region>
<text>
<par>
<line>Arrêté 11° 2009- 33S -”? en date du ^ ciëjc&amp;rrnl^^ SoOQ</line></par>
<par>
<line>portant approbation du plan de prévention du risque inondation</line>
<line>sur les bassins versants de la Figarella, du Fiume Seccu sur le</line>
<line>territoire de la commune de Calenzana.</line></par>
</text>
</block>
<block><region><rect/></region>
<text>
<par>
<line>LE PREFET DE LA HAUTE-CORSE</line>
<line>CHEVALIER DE LA LEGION D'HONNEUR</line>
<line>CHEVALIER DE L'ORDRE NATIONAL DU MERITE,</line></par>
</text>
</block>
<block><region><rect/></region>
<text>
<par>
<line>Vu Le code de renvironnement et notamment ses articles L.123-1 et L.562-1 et suivante.</line></par>
<par>
<line>Vu La loi n° 2003-699 du 30 juillet 2003 relative à la prévention des risques technologiques et naturels et à la réparation</line>
<line>des dommages.</line></par>
<par>
<line>Vu La loi n° 2004-811 du 13 août 2004 relative à la modernisation de la sécurité civile.</line></par>
<par>
<line>Vu L'arrêté préfectoral n° 00/230 en date du 16 février 2000 portant prescription d'un plan de prévention face au risque</line>
<line>inondation sur le territoire des commîmes de Calenzana, Calvi, Lumio et Montegrosso,</line></par>
<par>
<line>Vu Les arrêtés préfectoraux n®2008-227-5,227-6 et 227-7 en date du 14 août 2008 portant mise en application anticipée</line>
<line>du plan de prévention du risque inondation sur les bassins versante du Vivariu, du Fiume Seccu et de la Figarella sur le</line>
<line>territoire des communes de Calenzana, Calvi, Lumio, Moncale et Montegrosso,</line></par>
<par>
<line>Vu L'arrêté préfectoral 2008-343-6 en date du 8 décembre 2008 portant ouverture d'une enquête publique préalable à</line>
<line>l'approbation du plan de prévention du risque inondation sur les toitoires des communes de Calenzana, Calvi, Lumio,</line>
<line>Moncale et Montegrosso,</line></par>
<par>
<line>Vu L'enquête publique qui s'est déroulée du 26 janvier 2009 au 26 févri^ 2009 inclus.</line></par>
<par>
<line>Vu L'avis favorable sans réserve du commissaire enquêteur, assorti de deux recommandations, en date du 28 février</line></par>
<par>
<line>2009,</line></par>
<par>
<line>Vu Les avis réputés favorables de la mairie de Calenzana, de la Chambre d'Agriculture de Haute Corse et du Centre</line>
<line>Régional de la Propriété Forestière de Corne,</line></par>
<par>
<line>SUR Proposition du Directeur Départemental de l'Equipement et de l'Agriculture,</line></par>
</text>
</block>


</page>
<page width="1663" height="2344" resolution="200">
<block><region><rect/></region>
<text>
<par>
<line>ARRÊTE</line></par>
</text>
</block>
<block><region><rect/></region>
<text>
<par>
<line>ARTICLE :</line></par>
<par>
<line>Le plan de prévention du risque inondation sur le territoire de la commune de Calenzana est approuvé tel qu'il est annexé</line>
<line>au présoit arrêté.</line></par>
</text>
</block>
<block><region><rect/></region>
<text>
<par>
<line>ARTICLE 2 ;</line></par>
<par>
<line>Le présent arrêté fera l'objet d'une mention au recueil des actes administratifs de l'État dans le département, ainsi que</line>
<line>dans deux journaux régionaux ou locaux diffusés dmis le département.</line></par>
</text>
</block>
<block><region><rect/></region>
<text>
<par>
<line>ARTICLE 3 ;</line></par>
</text>
</block>
<block><region><rect/></region>
<text>
<par>
<line>Une copie du présent arrêté sera affichée pendant un mois au minimum dans la mairie de Calenzana.</line></par>
</text>
</block>
<block><region><rect/></region>
<text>
<par>
<line>ARTICLE 4 :</line></par>
<par>
<line>Le plan approuvé sera tenu à la disposition du public en Préfecture (Direction Départementale de l’Equipement et de</line>
<line>l'Agriculture - Service Eau - Environnement - Forêt, Unité Risques) et dans la mairie de la commune de Calenzana.</line></par>
</text>
</block>
<block><region><rect/></region>
<text>
<par>
<line>ARTICLE 5 :</line></par>
<par>
<line>Monsieur le Directeur Départemental de l'Equipement et de l'Agriculture de la Haute-Corse, Monsieur le Maire de la</line>
<line>commune de Calenzana sont chargés chacun en ce qui les concernent, de l’exécution du présent arrêté dont une</line>
<line>ampliation est adressée à :</line></par>
<par>
<line>Monsieur le secrétaire général de la Préfecture de la Haute-Corse,</line></par>
<par>
<line>- Monsieur le Directeur Régional de l’Environnement, de l'Aménagement et du Logement de Corse,</line></par>
<par>
<line>- Monsieur le Directeur Régional de l'Agriculture et de la Forêt de Corse,</line></par>
<par>
<line>- Monsieur le Chef du Service Départemental d'incendie et de Secours de Haute Corse,</line></par>
<par>
<line>- Monsieur le Directeur Départemental de l'Equipement et de l’Agriculture de Haute Corse,</line></par>
<par>
<line>- Monsieur le Maire de la commune de Calenzana.</line></par>
</text>
</block>
<block><region><rect/></region>
<text>
<par>
<line>Fait à Bastia, le</line></par>
</text>
</block>
<block><region><rect/></region>
<text>
<par>
<line>Le Préfet de la Haute-Corse,</line></par>
<par>
<line>U</line></par>
</text>
</block>
<block><region><rect/></region>
<text>
<par>
<line>Jean-Luc NEVACHE</line></par>
</text>
</block>





</page>
</PM1>