<?xml version="1.0" encoding="UTF-8"?><PM1>
<page width="2485" height="3508" resolution="300">
<block><region><rect/></region>
<text>
<par>
<line>Libtrtf » Êgfilili • Fratttnili</line></par>
<par>
<line>RÉPttBLiqpE Française</line>
<line>PRÉFET DE LA MEUSE</line></par>
</text>
</block>
<block><region><rect/></region>
<text>
<par>
<line>Direction Départementale</line>
<line>des Territoires</line></par>
</text>
</block>
<block><region><rect/></region>
<text>
<par>
<line>ARRÊTÉ</line></par>
<par>
<line>N°2018 - ^ &amp; du 2 9 JUIN 2018</line></par>
<par>
<line>Portant approbation du plan de prévention du risque d’inondation sur les vallées de la Saulx</line>
<line>et de l’Orge pour les communes de Bazincourt-sur-Saulx, Beurey-sur-Saulx, Biencourt-sur-</line>
<line>Orge, Contrisson, Couvertpuis, Dammarie-sur-Saulx, Haironville, Lavincourt, Le Bouchon-</line>
<line>sur-Saulx, L’Isle-en-Rigault, Ménil-sur-Saulx, Mognéville, Montiers-sur-Saulx, Morley,</line>
<line>Ribeaucourt, Robert-Espagne, Rupt-aux-Nonains, Saudrupt, Stainville, Trémont-sur-Saulx,</line></par>
<par>
<line>VlUe-sur-Saulx.</line></par>
<par>
<line>La Préfète de la Meuse,</line></par>
<par>
<line>Chevalier de l’Ordre National du Mérite,</line></par>
</text>
</block>
<block><region><rect/></region>
<text>
<par>
<line>VU le code des Assurances, notamment ses articles L125-1 et suivants ;</line></par>
<par>
<line>VU le code de l’Environnement, notamment ses articles L.562-1 à L.562-9 et R.562-1 à</line>
<line>R.562-11 relatif aux plans de prévention des risques naturels prévisibles ;</line></par>
<par>
<line>VU le code de TUrbanisme, notamment ses articles L.480-4 et R. 126-1 ;</line></par>
<par>
<line>VU la loi 82-600 du 13 juillet 1982 relative à l’indemnisation des victimes de catastrophes</line>
<line>naturelles ;</line></par>
<par>
<line>VU le décret n°2004-374 du 29 avril 2004 relatif aux pouvoirs des préfets, à l’organisation</line>
<line>et à l’action des services de l’État dans les régions et départements ;</line></par>
<par>
<line>VU le décret du 23 août 2016 portant nomination de Madame Muriel NGUYEN Préfète de</line>
<line>la Meuse ;</line></par>
<par>
<line>VU l’arrêté 2016 - 1662 du 20 juillet 2016 portant prescaiption de l’élaboration d’un plan de</line>
<line>prévention du risque d’inondation sur les vallées de la Saulx et de l’Orge ;</line></par>
<par>
<line>VU la déeision 55PCE16PL35 de l’Autorité Environnementale relative à l’examen au cas</line>
<line>par cas en application de l’article R 122-18 du code de l’Environnement dispensant le</line>
<line>projet de PPRi de la Saulx et de l’Orge d’une évaluation Environnementale ;</line></par>
</text>
</block>
<block><region><rect/></region>
<text>
<par>
<line>Direction Départementale des Territoires de la Meuse</line></par>
<par>
<line>14 rue Antoine Durenne — CS 10501 - 55012 Bar le Duc Cedex- Tel : 03 29 79 48 65 - Fax : 03 29 76 32 64</line></par>
<par>
<line>Horaires d’ouverture : 8 H 30 - 12 H - 14 H - 17 H</line></par>
</text>
</block>

</page>
<page width="2486" height="3509" resolution="300">
<block><region><rect/></region>
<text>
<par>
<line>vu lé rapport et les conclusions de la commission d’enquête émis le 7 avril 2018;</line></par>
</text>
</block>
<block><region><rect/></region>
<text>
<par>
<line>Considérant que les communes meusiennes situées dans les vallées de la Saulx et de l’Orge</line>
<line>sont exposées à des risques d’inondation lors des crues de ces cours d’eau ;</line></par>
</text>
</block>
<block><region><rect/></region>
<text>
<par>
<line>Considérât que le code de l’Environnement précité prévoit que tout citoyen a droit à être</line>
<line>informé des risques auxquels il est soumis ainsi que des moyens de s’en protéger et qu’il</line>
<line>appartient à l’État d’élaborer et de mettre en œuvre les plans de préventions des risques</line>
<line>naturels ;</line></par>
</text>
</block>
<block><region><rect/></region>
<text>
<par>
<line>Considérant la nécessité de doter le territoire des communes citées à l’article 1 d’un plan de</line>
<line>prévention du risque inondation adapté pour préserver les personnes, les biens et les champs</line>
<line>d’expansion des crues ;</line></par>
</text>
</block>
<block><region><rect/></region>
<text>
<par>
<line>Considérant la nécessité de délimiter les terrains sur lesquels l’occupation du sol doit être</line>
<line>réglementée du fait de leur exposition à un risque d’inondation ;</line></par>
</text>
</block>
<block><region><rect/></region>
<text>
<par>
<line>Sur proposition du Directeur Départemental des Territoires,</line></par>
</text>
</block>
<block><region><rect/></region>
<text>
<par>
<line>ARRÊTE</line></par>
</text>
</block>
<block><region><rect/></region>
<text>
<par>
<line>Article 1*U Objet</line></par>
<par>
<line>Est approuvé, tel qu’annexé au présent arrêté, le plan de prévention du risque d’inondation</line>
<line>(PPRi) sur les vallées de la Saulx et de l’Orge.</line></par>
<par>
<line>Le périmètre du PPRi concerne le territoire des communes de Bazincourt-sur-Saulx,</line>
<line>Beurey-sur-Saulx, Biencourt-sur-Orge, Contrisson, Couvertpuis, Dammarie-sur-Saulx, Haironville,</line>
<line>Lavincourt, Le Bouchon-sur-Saulx, L’Isle-en-Rigault, Ménil-sur-Saulx, Mognéville,</line>
<line>Montiers-sur-Saulx, Morley, Ribeaucourt, Robert-Espagne, Rupt-aux-Nonains, Saudrupt, Stainville,</line>
<line>Trémont-sur-Saulx, Ville-sur-Saulx.</line></par>
</text>
</block>
<block><region><rect/></region>
<text>
<par>
<line>Article 2 : Servitudes</line></par>
<par>
<line>Ce plan vaut servitude d’utilité publique au sens du code de T Urbanisme et devra être</line>
<line>aimexé aux plans locaux d’urbanisme, plans locaux d’urbanisme intercommunaux ou cartes</line>
<line>communales des communes et des établissements publics de coopération intercommunale concernés</line>
<line>conformément aux dispositions des articles L.153-60 et L163-10 du code de l’Urbanisme.</line></par>
</text>
</block>
<block><region><rect/></region>
<text>
<par>
<line>Article 3 : Contenu du PPRi</line></par>
<par>
<line>le PPRi comprend :</line></par>
<par>
<line>' un rapport de présentation et ses annexes ;</line></par>
<par>
<line>• un règlement écrit comportant les prescriptions pour chaque zone ;</line></par>
</text>
</block>
<block><region><rect/></region>
<text>
<par>
<line>Direction Départementale des Territoires de la Meuse</line></par>
<par>
<line>14 rue Antoine Durenne - BP 10501 - 55012 Bar le Duc Cedex- Tel : 03 29 79 48 65 - Fax : 03 29 76 32 64</line></par>
<par>
<line>Horaires d’ouverture :8H30-12H - 14H-17</line></par>
</text>
</block>

</page>
<page width="2486" height="3509" resolution="300">
<block><region><rect/></region>
<text>
<par>
<line>• un règlement graphique ;</line></par>
<par>
<line>• un recueil de fiches techniques pour les mesures de réduction de la vulnérabilité des biens et</line>
<line>réseaux ;</line></par>
<par>
<line>• un guide informatif à l’usage des propriétaires pour rendre les habitations moins vulnérables</line>
<line>aux inondations.</line></par>
</text>
</block>
<block><region><rect/></region>
<text>
<par>
<line>Article 4 : Mesures de publicité</line></par>
<par>
<line>Le présent arrêté sera notifié aux maires des communes précitées ainsi qu’aux présidents de</line>
<line>la CODECOM des Portes de Meuse, de la COPARY et de la CA de Bar-le-Duc. Il sera affiché à la</line>
<line>préfecture de Bar-le-Duc, dans les communes et au siège des communautés de communes et</line>
<line>d’agglomération concernées pendant un mois. Il sera publié au recueil des actes administratifs de la</line>
<line>préfecture et mention en sera faite en caractères apparents dans un journal d’annonces légales</line>
<line>diffusé dans le département. Il sera publié sur le site des services de l’État en Meuse</line>
<line>Iwww.meuse.gouv.fr/Politiques-publiques/Prevention-des-risaues/Risques-naturelsfl. Il sera</line>
<line>transmis, pour information, aux maires des conmiunes d’Andemay, de Bure et de Couvonges.</line></par>
</text>
</block>
<block><region><rect/></region>
<text>
<par>
<line>Article 5 : Consultation</line></par>
<par>
<line>Le PPRi approuvé sera tenu à la disposition du public aux sièges des EPCI concernés, dans</line>
<line>les mairies des communes concernées, à la Direction Départementale des Territoires de la Meuse et</line>
<line>de la Préfecture de la Meuse aux jours et heures d’ouverture. Il sera également disponible sur le site</line>
<line>internet des services de l’État en Meuse fhttp ://www.meuse. gouv. fr/Politiques-</line>
<line>publiques/Prevention-des-risques/Risques-naturels'l.</line></par>
</text>
</block>
<block><region><rect/></region>
<text>
<par>
<line>Article 6 : Voies et délais de recours</line></par>
<par>
<line>Le présent arrêté peut faire l’objet d’un recours auprès du Tribunal Administratif- 5 place de</line>
<line>la Carrière - CO 20038 - 54000 NANCY CEDEX, dans un délai de deux mois qui suivent sa</line>
<line>publication au recueil des actes administratifs.</line></par>
<par>
<line>Dans ce même délai, un recours gracieux ou un recours hiérarchique peut être présenté</line>
<line>devant l’auteur de la décision ou devant le ministre en charge des risques naturels. Dans ce cas, le</line>
<line>recours contentieux pourra êfre introduit dans les 2 mois suivants la réponse.</line></par>
</text>
</block>
<block><region><rect/></region>
<text>
<par>
<line>Article 7 : Exécution</line></par>
<par>
<line>La Secrétaire Générale de la Préfecture de la Meuse, le Directeur Départemental des</line>
<line>Territoires, les Présidents des établissements publics de coopération intercommunale et les Maires</line>
<line>des conununes concernées, sont chargés chacun en ce qui le concerne de l’application du présent</line>
<line>arrêté.</line></par>
<par>
<line>Fait à Bar-le-Duc, le 29 Jülftl 20Î0</line></par>
<par>
<line>La Préfète,</line></par>
<par>
<line>Muriel NGUYEN</line></par>
</text>
</block>
<block><region><rect/></region>
<text>
<par>
<line>Direction Départementale des Territoires de la Meuse</line></par>
<par>
<line>14 rue Antoine Durenne - BP 10501 - 55012 Bar le Duc Cedex - Tel : 03 29 79 48 65 - Fax : 03 29 76 32 64</line></par>
<par>
<line>Horaires d'ouverture :8H30-12H - 14H-17</line></par>
</text>
</block>




</page>
</PM1>