<?xml version="1.0" encoding="UTF-8"?><PM1>
<page width="3318" height="4684" resolution="400">
<block><region><rect/></region>
<text>
<par>
<line>Liberté ® Égalité ® Fraternité</line></par>
</text>
</block>
<block><region><rect/></region>
<text>
<par>
<line>RÉPUBLIQUE FRANÇAISE</line></par>
<par>
<line>PREFECTURE DE LA DRÔME</line></par>
</text>
</block>
<block><region><rect/></region>
<text>
<par>
<line>DIRECT ION DE L'ENVIRONNEMENT, DES</line>
<line>COLLECTIVITES ET DES TERRITOIRES</line>
<line>Bureau de l’Eavironnemenl</line></par>
</text>
</block>
<block><region><rect/></region>
<text>
<par>
<line>Valence, le | Il FF</line></par>
</text>
</block>
<block><region><rect/></region>
<text>
<par>
<line>m</line></par>
</text>
</block>
<block><region><rect/></region>
<text>
<par>
<line>AFFAIRE SUIVIE PAR</line>
<line>Mme L.MANOUIN</line></par>
</text>
</block>
<block><region><rect/></region>
<text>
<par>
<line>TEL,; 04.75.79.28, 71</line>
<line>FAX: 04.75.79.29.49</line>
<line>Mel : lucette.manguinfaidrome.pref.gouv.fr</line></par>
</text>
</block>
<block><region><rect/></region>
<text>
<par>
<line>ARRÊTÉ n°</line></par>
<par>
<line>portant approbation du Plan, de Prévention des Risques naturels -inondation-</line></par>
<par>
<line>prévisibles sur les communes de</line></par>
<par>
<line>PARNANS, CHATILLON SAINT JEAN et SAINT PAUL LES ROMANS</line></par>
</text>
</block>
<block><region><rect/></region>
<text>
<par>
<line>Le Préfet de la DRÔME</line>
<line>Chevalier de la Légion d’Honneur</line>
<line>Chevalier de l’Ordre National du Mérite</line></par>
</text>
</block>
<block><region><rect/></region>
<text>
<par>
<line>VU le Code de T Environnement et notamment ses articles L. 562-1 et R562-let</line></par>
<par>
<line>suivants.</line></par>
</text>
</block>
<block><region><rect/></region>
<text>
<par>
<line>VU le Code de T Urbanisme,</line></par>
<par>
<line>Vu la loi n° 2003-699 du 30 juillet 2003 relative à la prévention des risques</line>
<line>technologiques et naturels et à la réparation des dommages,</line></par>
<par>
<line>VU la loi n° 2004-811 du 13 août 2004 de modernisation de la sécurité civile,</line></par>
<par>
<line>VU r arrêté préfectoral n° 05-5066 du 14 novembre 2005 prescrivant un Plan de</line>
<line>Prévention des Risques naturels inondation prévisibles sur les communes de Cbâtillon Saint Jean,</line>
<line>Pamans et Saint Paul les Romans,</line></par>
<par>
<line>VU r arrêté préfectoral n°07-2054 du 24 avril 2007 portant ouverture d’une enquête</line>
<line>publique relative au Plan de Prévention des Risques naturels inondations sur les communes de</line>
<line>Cbâtillon Saint Jean, Pamans et Saint Paul les Romans,,</line></par>
<par>
<line>VU la consultation des services concernés,</line></par>
<par>
<line>Vu Lavis du Conseil Général de la Drôme du 26 mars 2007,</line></par>
</text>
</block>
<block><region><rect/></region>
<text>
<par>
<line>3, boulevard Vauban - 26030 VALENCE Cédex 9 - Téléphone :</line></par>
</text>
</block>
<block><region><rect/></region>
<text>
<par>
<line>llgAl 80 30 26 - Télécopie : 04 75 42 87 55</line></par>
</text>
</block>
<block><region><rect/></region>
<text>
<par>
<line>1</line></par>
</text>
</block>



</page>
<page width="3313" height="4681" resolution="400">
<block><region><rect/></region>
<text>
<par>
<line>vu la délibération du conseil municipal de Saint Paul les Romans du 27 mars 2007,</line></par>
<par>
<line>VU Tavis de la Chambre d’Agriculture de la Drôme du 7 mai 2007,</line></par>
<par>
<line>VU la délibération du conseil municipal de Pamans du 10 mai 2007,</line></par>
<par>
<line>VU l’avis du Service Départemental d’încendie et de Secours (SDIS) de la Drôme en</line>
<line>date du 22 mai 2007,</line></par>
<par>
<line>Vu l’avis de la Direction Départementale de l’Agriculture et de la Forêt du 23 mai 2007,</line></par>
<par>
<line>VU le rapport et l’avis du commissaire-enquêteur en date du 4 septembre 2007;</line></par>
<par>
<line>VU le rapport d’analyse du Directeur Départemental de l’Equipement en réponse à</line>
<line>chacune des observations du commissaire enquêteur,</line></par>
<par>
<line>Considérant qu’il importe d’apporter certaines modifications aux zonage, classement et</line>
<line>cartographie, à l’issue du recueil des observations du public, des collectivités locales et du</line>
<line>commissaire-enquêteur, pour y apporter des corrections matérielles nécessaires, et afin de permettre</line>
<line>une meilleure compréhension du dossier par le public ainsi que de compléter les dispositions du</line>
<line>plan pour en faciliter l’exécution,</line></par>
<par>
<line>Considérant ainsi que le pian ci-aimexé, amendé des observations recueillies lors de la</line>
<line>consultation du public, des services et des personnes concernées est de nature à répondre aux</line>
<line>objectifs de sécurité assignés et que rien ne s’oppose à sa mise en œuvre,</line></par>
<par>
<line>Sur la proposition de Madame le Secrétaire Général de la préfecture de la Drôme,</line></par>
</text>
</block>
<block><region><rect/></region>
<text>
<par>
<line>ARRETE</line></par>
<par>
<line>ARTICLE :</line></par>
<par>
<line>Le Plan de Préveption des Risques naturels inondation prévisibles sur les</line>
<line>communes de Châtillon Saint Jean, Pamans et Saint Paul les Romans est approuvé.</line></par>
<par>
<line>ARTICLE 2 :</line></par>
<par>
<line>Le plan de prévention des risques naturels prévisibles comprend les pièces</line></par>
<par>
<line>suivantes ci-annexées:</line></par>
<par>
<line>-la note de présentation</line></par>
<par>
<line>-la carte de zonage réglementaire</line></par>
<par>
<line>-le règlement</line></par>
<par>
<line>-les pièces graphiques complémentaires</line></par>
</text>
</block>
<block><region><rect/></region>
<text>
<par>
<line>2</line></par>
</text>
</block>


</page>
<page width="3306" height="4676" resolution="400">
<block><region><rect/></region>
<text>
<par>
<line>ARTICLE 3 :</line></par>
</text>
</block>
<block><region><rect/></region>
<text>
<par>
<line>Le Plan de Prévention des Risques naturels prévisibles, sur le territoire des</line>
<line>communes de Châtillon Saint Jean, Pamans et Saint Paul les Romans, est tenu à la disposition du</line>
<line>public aux jours et heures ouvrables des mairies susvisées ainsi que dans les locaux de la Préfecture</line>
<line>de la Drôme à Valence (bureau de P environnement).</line></par>
<par>
<line>ARTICLE 4 :</line></par>
<par>
<line>Le présent arrêté sera publié au Recueil des Actes Administratifs de la</line>
<line>Préfecture et mention en sera faite dans un journal diffusé dans le département.</line></par>
<par>
<line>L’arrêté sera également affiché pendant un mois au minimum en mairies de</line>
<line>Châtillon Saint Jean, Pamans et Saint Paul les Romans et porté à la connaissance du public par tout</line>
<line>autre procédé en usage dans ces communes. Ces mesures de publicité seront justifiées par un</line>
<line>certificat du maire de la commune.</line></par>
<par>
<line>ARTICLE 5 :</line></par>
<par>
<line>Le présent arrêté peut faire l’objet d’un recours contentieux devant le</line>
<line>Tribunal Administratif de Grenoble dans un délai de deux mois à compter de sa publication.</line></par>
<par>
<line>ARTICLE 6 :</line></par>
<par>
<line>Le Secrétaire Général de la Préfecture de la Drôme, le Directeur</line>
<line>Départemental de l’Equipement, les Maires des communes de Châtillon Saint Jean, Pamans et Saint</line>
<line>Paul les Romans sont chargés, chacun en ce qui le concerne, de l’exécution du présent arrêté.</line></par>
</text>
</block>
<block><region><rect/><rect/><rect/></region>
<text>
<par>
<line>Fait à Valence, le 1 ■</line>
<line>Le Préfet,</line></par>
</text>
</block>
<block><region><rect/></region>
<text>
<par>
<line>Je-an-Clande BASTION</line></par>
</text>
</block>
<block><region><rect/></region>
<text>
<par>
<line>3</line></par>
</text>
</block>




</page>
<page width="3306" height="4676" resolution="400">
</page>
</PM1>