<?xml version="1.0" encoding="UTF-8"?><PM1>
<page width="1653" height="2336" resolution="200">
<block><region><rect/></region>
<text>
<par>
<line>LitnTif • kgaljri’ • ttaier&lt;]ilf</line></par>
<par>
<line>Rrpi?ïî] iQjrn Francajst</line></par>
</text>
</block>
<block><region><rect/></region>
<text>
<par>
<line>PREFETE D'EURE- ET- LOIR</line></par>
</text>
</block>
<block><region><rect/></region>
<text>
<par>
<line>Arrêté n ° DDT-SGREB-BERS 2017-05/01</line></par>
</text>
</block>
<block><region><rect/></region>
<text>
<par>
<line>signé par</line></par>
<par>
<line>Sophie BROCAS, Préfète d’Eure-et-Loir</line>
<line>ie 22 mai 2017</line></par>
<par>
<line>28 - Direction Départementale des Territoires - DDT</line>
<line>Services de la Gestion des Risques, de l'Eau et de la Biodiversité</line>
<line>Bureau eaux/ risques secteur sud</line></par>
</text>
</block>
<block><region><rect/></region>
<text>
<par>
<line>Arrêté portant approbation du Plan de Prévention du Risque Naturel Prévisible</line>
<line>de Mouvements de Terrains sur le territoire de la commune de Dreux (PPRMT).</line></par>
</text>
</block>

<block blockType="Picture" blockName="" l="887" t="94" r="986" b="187"><region><rect/></region>
</block>
</page>
<page width="1653" height="2336" resolution="200">
<block><region><rect/></region>
<text>
<par>
<line>KM</line></par>
<par>
<line>Liberli ♦ Égalili • Fraternité</line></par>
<par>
<line>RÉPUBuauE Française</line>
<line>PREFETE D’EURE-ET-LOIR</line></par>
</text>
</block>
<block><region><rect/></region>
<text>
<par>
<line>Arrêté portant approbation du Plan de Prévention du Risque Naturel Prévisible de</line>
<line>Mouvements de Terrains sur le territoire de la commune de Dreux (PPRMT).</line></par>
</text>
</block>
<block><region><rect/></region>
<text>
<par>
<line>La Préfète d’Eure-et-Loir</line>
<line>Chevalier de la Légion d’Honneur,</line>
<line>Chevalier de l’Ordre National du Mérite,</line></par>
</text>
</block>
<block><region><rect/></region>
<text>
<par>
<line>Vu le Code de l’Environnement et notamment ses articles L.562-1 à L.562-9 et R.562-1 à R.562-10 relatif aux</line>
<line>Plans de Prévention des Risques Naturels Prévisibles :</line></par>
<par>
<line>Vu le code de l’Urbanisme et notamment ses articles L151-43, L161~1, L153-60, L163-10, L152-7 et L162-1 ;</line></par>
<par>
<line>Vu l’arrêté n° 2012342-0003 en date du 7 décembre 2012 portant prescription d’un Plan de Prévention du Risque</line>
<line>Mouvements de Terrains sur la commune de Dreux ;</line></par>
<par>
<line>Vu l’arrêté n° DDT-SGREB-BERS 2015-11/2 portant prorogation du délai d’établissement du Plan de Prévention</line>
<line>des Risques Mouvements de Terrains sur la commune de Dreux ;</line></par>
<par>
<line>Vu l’arrêté n° DDT-SGREB-BERS 2016-05/02 portant modification de l’arrêté de prescription du décembre 2012</line>
<line>su r le Plan de Prévention du Risque Mouvements de Terrains sur la commune de Dreux ;</line></par>
<par>
<line>Vu l’arrêté préfectoral du 10 octobre 2016 prescrivant l’ouverture d’une enquête publique préalable au projet de</line>
<line>Plan de Prévention du Risque Mouvements de Terrain sur le territoire de la commune de Dreux, du lundi 7</line>
<line>novembre 2016 au jeudi 8 décembre 2016 inclus ;</line></par>
<par>
<line>Vu le rapport du commissaire-enquêteur en date du 26 décembre 2016 ;</line></par>
<par>
<line>Considérant les conclusions motivées et l’avis favorable du commissaire-enquêteur en date du 26 décembre</line>
<line>2016;</line></par>
<par>
<line>Considérant l’avis favorable du Conseil Municipal de Dreux en date 6 octobre 2016 ;</line></par>
<par>
<line>Considérant l’avis réputé favorable de la Communauté d’Agglomération de Dreux Agglomération ;</line></par>
<par>
<line>Considérant l’avis du Service Départemental d’incendie et de Secours (SDIS 28) en date du 13 septembre 2016 :</line>
<line>Considérant l’avis réputé favorable de la Chambre d’Agriculture d’Eure-et-Loir ;</line></par>
<par>
<line>Considérant l’avis favorable du Centre National de la Propriété Forestière en date du 6 septembre 2016 ;</line>
<line>Considérant l’avis favorable du Conseil Général en date du 26 septembre 2016 ;</line></par>
<par>
<line>Considérant l’avis réputé favorable du BRGM ;</line></par>
<par>
<line>Considérant que les modifications apportées au projet de plan de prévention du risque naturel prévisible de</line>
<line>mouvements de terrains sur la commune de Dreux à l'issue de l’enquête publique ne remettent pas en cause</line>
<line>l’économie générale du plan</line></par>
</text>
</block>
<block><region><rect/></region>
<text>
<par>
<line>Sur proposition de Madame la Secrétaire Générale de la Préfecture d’Eure-et-Loir ;</line></par>
</text>
</block>
<block><region><rect/></region>
<text>
<par>
<line>1</line></par>
</text>
</block>


</page>
<page width="1653" height="2336" resolution="200">
<block><region><rect/></region>
<text>
<par>
<line>ARRETE:</line></par>
</text>
</block>
<block><region><rect/></region>
<text>
<par>
<line>Article 1 : Approbation du PPRMT</line></par>
<par>
<line>Est approuvé, tel qu’il est annexé au présent arrêté, le Plan de Prévention du Risque Mouvements de Terrain</line>
<line>{PPRMT) sur la commune de Dreux. Le PPRMT porte sur un périmètre restreint de la commune défini par l’arrêté</line>
<line>de prescription n° 2012342-0003 en date du 7 décembre 2012.</line></par>
<par>
<line>Article 2 : Contenu du PPRMT</line></par>
<par>
<line>Le dossier comprend ;</line></par>
<par>
<line>- un bilan de la concertation</line></par>
<par>
<line>- une note de présentation</line></par>
<par>
<line>- un règlement</line></par>
<par>
<line>- les cartes de zonage réglementaire</line></par>
<par>
<line>- les cartes d’aléa conjugué</line></par>
<par>
<line>- les cartes d’aléa de chute de roches</line></par>
<par>
<line>- les cartes d'aléa effondrement</line></par>
<par>
<line>- les cartes d’aléa de glissement de terrain</line></par>
<par>
<line>- les cartes informatives des phénomènes</line></par>
<par>
<line>- les cartes des enjeux.</line></par>
<par>
<line>Il est tenu à la disposition du public dans les locaux :</line></par>
<par>
<line>-de la mairie de Dreux, 2 rue de Châteaudun - 28100 DREUX,</line></par>
<par>
<line>-de la communauté d’agglomération du Pays de Dreux, 4 rue de Châteaudun -28100 DREUX,</line></par>
<par>
<line>-de la préfecture d’Eure-et-Loir Place de la République - CS : 80537 - 28 019 CHARTRES CEDEX</line>
<line>-de la Direction Départementale des Territoires 17 Place de la République- CS : 40517 - 28 008 CHARTRES</line>
<line>CEDEX.</line></par>
</text>
</block>
<block><region><rect/></region>
<text>
<par>
<line>Article 3 : Notification</line></par>
<par>
<line>Une copie du présent arrêté sera adressée à :</line></par>
<par>
<line>- Monsieur le Maire de Dreux,</line></par>
<par>
<line>- Monsieur le sous-préfet de Dreux,</line></par>
<par>
<line>- Monsieur le Président de la communauté d’agglomération du Pays de Dreux,</line></par>
<par>
<line>- Monsieur le Président du Conseil Départemental,</line></par>
<par>
<line>- Monsieur le Directeur Régional de l’Environnement, de l’Aménagement et du Logement Centre</line></par>
<par>
<line>- Monsieur le Directeur Général de la Prévention des Risques du Ministère en charge de l’Écologie du</line>
<line>Développement durable et de l’Énergie.</line></par>
<par>
<line>Article 4 : Mesures de publicité</line></par>
<par>
<line>Une copie du présent arrêté sera affichée en mairie de Dreux et au siège de la communauté d’agglomération du</line>
<line>Pays de Dreux pendant au moins un mois à partir de la date de réception de la notification du présent arrêté, et</line>
<line>mention sera faite dans le journal L’ECHO REPUBLICAIN.</line></par>
<par>
<line>Le présent arrêté sera publié au recueil des Actes Administratifs de la Préfecture d’Eure-et-Loir.</line></par>
<par>
<line>Article 5 : Servitude d’utilité publique</line></par>
<par>
<line>En application de l’article L.562-4 du code de l’Environnement, le Plan de Prévention des Risques Naturels</line>
<line>Prévisibles approuvé vaut servitude d’utilité publique. À ce titre, le maire de la commune de Dreux doit annexer le</line>
<line>présent PPRMT au document d’urbanisme de sa commune, conformément aux articles L151-43, L161-1, L163-</line>
<line>60, L163-10 et L152-7, L162-1 du code de l’Urbanisme.</line></par>
</text>
</block>
<block><region><rect/></region>
<text>
<par>
<line>Article 6 : Exécution</line></par>
<par>
<line>Madame la Secrétaire Générale de la Préfecture d’Eure-et-Loir, Monsieur le sous-préfet de Dreux, Monsieur le</line>
<line>Directeur Départemental des Territoires, Monsieur le Président de la communauté d’agglomération du Pays de</line>
<line>Dreux, Monsieur le maire de Dreux sont chargés, chacun en ce qui le concerne, de l’exécution du présent arrêté.</line></par>
</text>
</block>
<block><region><rect/></region>
<text>
<par/>
</text>
</block>
<block><region><rect/></region>
<text>
<par>
<line>2 2 MA! 2017</line></par>
</text>
</block>
<block><region><rect/></region>
<text>
<par>
<line>Sophie BROCAS</line></par>
</text>
</block>
<block><region><rect/></region>
<text>
<par>
<line>2</line></par>
</text>
</block>

</page>
</PM1>