<?xml version="1.0" encoding="UTF-8"?><PM1>
<page width="1669" height="2345" resolution="200">
<block><region><rect/></region>
<text>
<par>
<line>mm</line></par>
<par>
<line>Liberté • Égalité • Fralarnité</line></par>
<par>
<line>RÉPUBLIQUE Française</line>
<line>PRÉFET DE L’AIN</line></par>
</text>
</block>
<block><region><rect/></region>
<text>
<par>
<line>Direction départementale des territoires</line></par>
</text>
</block>
<block><region><rect/></region>
<text>
<par>
<line>Service Urbanisme Risques</line></par>
</text>
</block>
<block><region><rect/></region>
<text>
<par>
<line>Unité Prévention des Risques</line></par>
</text>
</block>
<block><region><rect/></region>
<text>
<par>
<line>ARRÊTÉ</line></par>
<par>
<line>portant approbation de la révision partielle du plan de prévention des risques</line>
<line>"crues torrentielles du Landeyron"</line>
<line>sur la commune de MONTREAL LA CLUSE</line></par>
<par>
<line>Le Préfet de l’Ain,</line></par>
</text>
</block>
<block><region><rect/></region>
<text>
<par>
<line>Vu le code de l'environnement, notamment ses articles L.562-1 à L.562-9, L,125-5, et R.562-1 à R.562-</line>
<line>10. R.563-1 à R.563-8, D.563-8-1, R.125-23 à R.125-27 ;</line></par>
<par>
<line>Vu la loi n° 82-600 du 13 juillet 1982 relative à l’indemnisation des victimes des catastrophes naturelles ;</line></par>
<par>
<line>Vu l'arrêté préfectoral n° IAL2011-01 du 19 avril 2011 relatif à la liste des communes où s'applique l'article</line>
<line>L. 125-5 du code de l'environnement ;</line></par>
<par>
<line>Vu l'arrêté préfectoral n° 2006-143 modifié relatif à l’information des acquéreurs et des locataires de biens</line>
<line>immobiliers sur les risques majeurs sur la commune de Montréal ia Cluse ;</line></par>
<par>
<line>Vu l'arrêté préfectoral du 03 juillet 2007 approuvant le plan de prévention des risques d’inondation "crues</line>
<line>torrentielles du Landeyron" de Montréal la Cluse ;</line></par>
<par>
<line>Vu l’arrêté préfectoral du 22 octobre 2013 prescrivant la révision partielle du plan de prévention des</line>
<line>risques d'inondation "crues torrentielles du Landeyron" de Montréal la Cluse ;</line></par>
<par>
<line>Vu l’arrêté préfectoral du 03 novembre 2014 prescrivant l'ouverture d'une enquête publique sur la révision</line>
<line>partielle du plan de prévention des risques d'inondation "crues torrentielles du Landeyron" de Montréal la</line>
<line>Cluse ;</line></par>
<par>
<line>Vu le rapport et l'avis du commissaire enquêteur du 06 février 2015 à l’issue de l'enquête publique à</line>
<line>laquelle il a été procédé du 08 décembre 2014 au 09 janvier 2015 inclus ;</line></par>
<par>
<line>Vu la délibération du conseil municipal de Montréal la Cluse en date du 15 décembre 2014;</line></par>
<par>
<line>Vu l'avis de la communauté de communes du Haut Bugey du 27 novembre 2014 ;</line></par>
<par>
<line>Vu l'avis de la chambre d’agriculture du 19 décembre 2014</line></par>
<par>
<line>Sur proposition du directeur départemental des territoires.</line></par>
</text>
</block>
<block><region><rect/></region>
<text>
<par>
<line>ARRÊTE</line></par>
</text>
</block>
<block><region><rect/></region>
<text>
<par>
<line>Article 1®"^</line></par>
<par>
<line>Est approuvée, tel qu'elle est annexée au présent arrêté la révision partielle du plan de prévention des</line>
<line>risques "crues torrentielles du Landeyron" de la commune de Montréal la Cluse.</line></par>
</text>
</block>
<block><region><rect/></region>
<text>
<par/>
</text>
</block>

</page>
<page width="1656" height="2336" resolution="200">
<block><region><rect/></region>
<text>
<par>
<line>Article 2</line></par>
</text>
</block>
<block><region><rect/></region>
<text>
<par>
<line>Ce plan se compose d'une note de présentation, d'une carte d'aléa, d'un plan de zonage et d’un</line>
<line>règlement.</line></par>
<par>
<line>Le plan est tenu à la disposition du public avec l'ensemble des documents de la procédure :</line></par>
<par>
<line>• à la mairie de Montréal la Cluse,</line></par>
<par>
<line>• à la préfecture de l'Ain,</line></par>
<par>
<line>• à la sous-préfecture de Nantua,</line></par>
<par>
<line>• à la DDT de l’Ain.</line></par>
</text>
</block>
<block><region><rect/></region>
<text>
<par>
<line>Article 3</line></par>
<par>
<line>Le présent arrêté est publié au recueil des actes administratifs de la préfecture et mention en est faite en</line>
<line>caractères apparents dans le journal ci-après désigné «Le Progrès». Un exemplaire du journal est annexé</line>
<line>à la copie du présent arrêté.</line></par>
<par>
<line>Cet avis est affiché notamment en mairie de Montréal la Cluse pendant un mois et porté à ia</line>
<line>connaissance du public par tout autre procédé en usage dans ces communes. Ces mesures de publicité</line>
<line>sont justifiées par un certificat du maire.</line></par>
</text>
</block>
<block><region><rect/></region>
<text>
<par>
<line>Article 4</line></par>
<par>
<line>Les éléments nécessaires à l’établissement de l'état des risques destiné à l’information sur les risques</line>
<line>naturels et technologiques majeurs des acquéreurs et des locataires de biens immobiliers situés dans la</line>
<line>commune de Montréal la Cluse et consignés dans le dossier communal d'informations sur les risques,</line>
<line>annexé à l'arrêté n°2006-143, sont modifiés en conséquence de la présente approbation.</line></par>
<par>
<line>Le directeur départemental des territoires est chargé de ces modifications qui sont transmises :</line></par>
<par>
<line>• à la préfecture,</line></par>
<par>
<line>• à la mairie de Montréal la Cluse,</line></par>
<par>
<line>• à la chambre départementale des notaires.</line></par>
<par>
<line>Les éléments du dossier communal d'information sur les risques sont consultables sur le site Internet de</line>
<line>l'Etat dans le département de l'Ain (vvww.ain.gouv.fr) et le dossier est tenu à la disposition du public :</line></par>
<par>
<line>1. à la mairie de Montréal la Cluse,</line></par>
<par>
<line>2. à la préfecture de l’Ain.</line></par>
</text>
</block>
<block><region><rect/></region>
<text>
<par>
<line>Article 5</line></par>
<par>
<line>Le plan de prévention des risques vaut servitude d'utilité publique en application de l'article L.562-4 du</line>
<line>code de l'environnement.</line></par>
<par>
<line>Il devra être annexé au plan local d'urbanisme de la commune de Montréal la Cluse conformément à</line>
<line>l'article L.126-1 du code de l'urbanisme.</line></par>
<par>
<line>Article 6</line></par>
<par>
<line>Des copies du présent arrêté sont adressées ;</line></par>
<par>
<line>• au maire de Montréal la Cluse,</line></par>
<par>
<line>• au président de la communauté de communes du Haut Bugey,</line></par>
<par>
<line>• . à la directrice régionale de l'environnement, de l'aménagement et du logement,</line></par>
<par>
<line>au président de la chambre d’agriculture,</line></par>
<par>
<line>• au président du SIVU du lange et de l'Oignin,</line></par>
<par>
<line>• au directeur départemental des territoires de l'Ain.</line></par>
</text>
</block>
<block><region><rect/></region>
<text>
<par>
<line>Article 7</line></par>
<par>
<line>Tout recours à l'encontre du présent arrêté pourra être porté devant le tribunal administratif de Lyon dans</line>
<line>un délai de deux mois suivant son affichage. Dans ce même délai, un recours gracieux ou un recours</line>
<line>hiérarchique peut être présenté respectivement devant l'auteur de la présente décision ou auprès du</line>
<line>ministre en charge de la prévention des risques naturels et technologiques. Dans ce cas, le recours</line>
<line>contentieux pourra alors être introduit dans les deux mois suivant la réponse (le silence gardé pendant les</line>
<line>deux mois suivant le recours gracieux emporte rejet de cette demande).</line></par>
</text>
</block>
<block><region><rect/></region>
<text>
<par>
<line>2/3</line></par>
</text>
</block>

</page>
<page width="1672" height="2347" resolution="200">
<block><region><rect/></region>
<text>
<par>
<line>Article 8</line></par>
</text>
</block>
<block><region><rect/></region>
<text>
<par>
<line>La sous-préfète de Nantua, le maire de Montréal la Cluse et le. directeur départemental des territoires sont</line>
<line>chargés, chacun en ce qui le concerne, de l’exécution du présent arrêté.</line></par>
<par>
<line>A Bourg-en-Bresse, le 16 mars 2015</line>
<line>Le Préfet,</line></par>
<par>
<line>signé Laurent TOUVET</line></par>
</text>
</block>
<block><region><rect/></region>
<text>
<par>
<line>3/3</line></par>
</text>
</block>
</page>
<page width="1656" height="2336" resolution="200">
</page>
</PM1>