<?xml version="1.0" encoding="UTF-8"?><PM1>
<page width="2626" height="3606" resolution="300">
<block><region><rect/></region>
<text>
<par>
<line>V</line></par>
</text>
</block>
<block><region><rect/></region>
<text>
<par>
<line>il ^ .</line></par>
<par>
<line>' ; ‘ * t' s</line></par>
<par>
<line>' - A : '</line></par>
</text>
</block>
<block><region><rect/><rect/><rect/><rect/></region>
<text>
<par>
<line>, r;j u.o; oli ,8 \tuin 19</line></par>
<par>
<line>„ ,.■ pagv. : - ■</line></par>
</text>
</block>
<block><region><rect/><rect/></region>
<text>
<par>
<line>&lt;v , '/ « s</line></par>
<par>
<line>J 4;./^.,</line></par>
</text>
</block>
<block><region><rect/></region>
<text>
<par/>
</text>
</block>
<block><region><rect/></region>
<text>
<par>
<line>».</line></par>
</text>
</block>
<block><region><rect/></region>
<text>
<par>
<line>»'V«eW «w</line></par>
</text>
</block>
<block><region><rect/></region>
<text>
<par/>
</text>
</block>
<block><region><rect/></region>
<text>
<par>
<line>■amvA'ox Publics, iPuINSpûrÎs eï ïïojris</line></par>
</text>
</block>
<block><region><rect/></region>
<text>
<par>
<line>■f.'</line></par>
</text>
</block>
<block><region><rect/><rect/></region>
<text>
<par/>
</text>
</block>
<block><region><rect/></region>
<text>
<par>
<line>• ' ' i.</line></par>
<par>
<line>prCRST LU 4 Juin 1957 portant approbation dos plansvdes, surfaces suT^' '.</line>
<line>■ morsiblos dos-vai’lées de: la Garonne, do la Baxso èt du Gers, dans ' .</line>
<line>*' ' le dôpartêaont do L01'-*et-GAPi0UI^E« ^</line></par>
</text>
</block>
<block><region><rect/><rect/><rect/></region>
<text>
<par>
<line>..Par décret en date du 4 Juin 1957» sont approuvés, tels qu^ils</line>
<line>ont annexés au présent décret,^^les plans des surfaces suemersibles des</line>
<line>toi nA.Q rlA'1,q Garonne, de la Sans a et du Gers, dans le dneaT-heTnent de</line></par>
</text>
</block>
<block><region><rect/><rect/><rect/><rect/><rect/></region>
<text>
<par>
<line>v'cilées de'la Garonne, de la Baise et du Gers, dans le déparberaent de</line>
<line>lOf-et-Go'iPOrCiE, établis par le s/Ingénieurs du seri/ice dos Ponts et ' ■</line>
<line>Chaussées àx département de LC-I-0t-‘G.;VROîIi:rd, et soumis à l’enQUoto près</line>
<line>oritG par ‘ -</line></par>
</text>
</block>
<block><region><rect/><rect/></region>
<text>
<par>
<line>___ _ jo-winonnn, .</line></par>
<par>
<line>iT l’nrroté préfector^ du 4 ifars 1954«</line></par>
</text>
</block>
<block><region><rect/></region>
<text>
<par>
<line>PPCKdï H® 57’"677 du 4 Juin 1997 portant règlement d*administration pu«</line></par>
<par>
<line>■; bliqu.^ pour, la déterçén'atiQn des dispositions techniques applicables</line>
<line>^'‘daUB les parties submersibles des rivières. do la Garonne, do'la PsXgg</line>
<line>et du Gers, dans le département de LCd}“0t"/blSpUlu3,, ' | 'Ç/i'p. ;</line></par>
</text>
</block>
<block><region><rect/><rect/><rect/><rect/><rect/><rect/><rect/><rect/><rect/><rect/></region>
<text>
<par>
<line>’■ Le Président du Conseil des Pinistres, ’ • ' ■</line></par>
<par>
<line>SOR le rapport du llinistre des Affaires Economiques et financières ei</line>
<line>du Soorataire d’Etat aur Iravau:c Publics, .aux transports e^t au tourisme j</line></par>
<par>
<line>■ VU^la loi du 8 Avril 1898,modifiée sur le régime des eaux ;</line></par>
<par>
<line>W le'décret du.pO Octobre 1995 relatif aux mesures à prendre pour</line>
<line>assurer l’-écoulement des eauec, notamment son article,6 aiix termes ducuelt</line>
<line>''des règlements d’administration publique pris après enquête aétermjro»^</line>
<line>roat les dispositions techniques applicables dans chaque vallée” î</line></par>
<par>
<line>VU le décret du 20 Octobre 1997 portant règlement d’administration</line>
<line>publique pour 1’application du décret susvisé î</line></par>
<par>
<line>VU la décision en date du 18. Juillet 1998^désignant, conformément</line>
<line>aux prescriptions de l’article 1er du décret du 20 Octobre 1997 » l’In«</line>
<line>géniour en Chef des Ponts et Ohanssées de.LOI-et-TG/iROMEjî, pour l’é'tude c</line>
<line>mesures à prendre en temps de crue en ce qui concerne les rivières la.</line>
<line>Guconne, le Gers et la Baïse, dans le département de L0T-et~GAR0MS, et</line>
<line>epprouvant le soctionnoment des ipl ans ; des 'z;one s submersibles pour chacu</line>
<line>de ces rivières j ' • ' ■ ' . ' ■</line></par>
</text>
</block>
<block><region><rect/></region>
<text>
<par>
<line>2Q;ootobro,1997,j ^ ’i/'v,,.n'■</line></par>
<par>
<line>fh/ m.;/-': ■4.1,gv;:' v'dé'// ".•//.Pl';.’'' ■ ,«&gt;«/»•,«</line></par>
</text>
</block>
<block><region><rect/><rect/><rect/></region>
<text>
<par/>
</text>
</block>
<block><region><rect/></region>
<text>
<par/>
</text>
</block>
<block><region><rect/></region>
<text>
<par>
<line>[J.-</line></par>
</text>
</block>
<block><region><rect/></region>
<text>
<par/>
</text>
</block>
















</page>
<page width="2543" height="3549" resolution="300">
<block><region><rect/></region>
<text>
<par>
<line>7</line></par>
</text>
</block>
<block><region><rect/></region>
<text>
<par>
<line>2</line></par>
</text>
</block>
<block><region><rect/><rect/><rect/></region>
<text>
<par>
<line>TJ lo rapport doa InGénieurs des Pouts et Cliausséos do I/OT-ot-Tr/,</line></par>
</text>
</block>
<block><region><rect/><rect/><rect/><rect/></region>
<text>
<par>
<line>. _ .... - - 14. 4, w - ^ —• V W V</line></par>
<par>
<line>oa do.tQ dos 2i et 2:9 Juillet 195.5 xaisoiit suite à la conférence ouverte</line>
<line>'“entre les GOX"/ices intéressés conforméiivent aux disj^ositions"de l'er'ticlo</line>
<line>' , du décret susvisé du 20 Octobre 1957 i \ ' ' , • '</line></par>
<par>
<line>. W l'avis en date'du 7 Juillet *1955 da commssion départeirieiitale</line>
<line>d'urbanisffio do LÛT-et-'G/iROîSIlI</line></par>
<par>
<line>' W le décret du 4 'Juin 1957 portant approbation des plans des surfa-»</line>
<line>008 subiiiorsibloa des vallées de la Garonne, dô la',Barse et du Gers,, dans</line>
<line>lo dépar-tenont .do LOB-ot-^AKOBlS ; ; , .V ./. o.; livv: y , iji, '</line></par>
<par>
<line>•.1 i'-'|..iLô Oonsoil'd’Etat entendu, T .v '</line></par>
</text>
</block>
<block><region><rect/></region>
<text>
<par>
<line>l’i -ds</line></par>
</text>
</block>
<block><region><rect/></region>
<text>
<par>
<line>T</line></par>
</text>
</block>
<block><region><rect/></region>
<text>
<par>
<line>, (</line></par>
</text>
</block>
<block><region><rect/></region>
<text>
<par>
<line>b '15 0 B ïï 0} E</line></par>
</text>
</block>
<block><region><rect/></region>
<text>
<par>
<line>JvHTIOLiî • 1 or » ’ *Sont déterminées dans les conditions ci-après les cons¬</line></par>
<par>
<line>tructions,''clôtures et plantations qui no sont pas susceptibles de faire</line>
<line>Obstacle à l’écoulement des eaux; .ou de restreindre d’une manièto nuisible</line>
<line>lè'cliarip des inondations sur les parties submersibles des Vallées des</line>
<line>ères de”la Garonne, de la Baise et du Gers, dans le département de, LGl-eV-.</line>
<line>GARONl'TS telles qu’elles sont^définies par les plana approuvés par décret i</line>
<line>en date do ce oour et qui, par svJ-te, no,^sont pas .soucâses à la déclara-</line>
<line>tion préalable prévue à.1’article '5 û.u décret susvisé du pO Octobre 1955?</line>
<line>ainsi que les constructions qui, soumises à cette déc3.aration,' seront on</line>
<line>principe autorisées, , '■‘■■■i p</line></par>
</text>
</block>
<block><region><rect/></region>
<text>
<par>
<line>2,- Le lit majeur des rivières ..la Garonne., la Baxse et'l© Gers'</line></par>
</text>
</block>
<block><region><rect/></region>
<text>
<par>
<line>1.</line></par>
</text>
</block>
<block><region><rect/><rect/><rect/><rect/><rect/></region>
<text>
<par>
<line>est; divisé en deux aones '</line></par>
<par>
<line>rti :'v '"*,**■ , , ^ - , * ■ '</line></par>
<par>
<line>l’Une, aone Ji,.dito do grand-débit, teintée en bleu foncé sur les</line>
<line>• plans des s-urfaces submersibles ; • ■ . ' :</line></par>
<par>
<line>- l’atxtre, sono’B, dite complémentaire, teintée en bleu clair sur les' '</line>
<line>mêmes plans, _ • '</line></par>
<par>
<line>ARaTCLE p.« Bans la zone B, les constructions d’une superficie eu plus</line>
<line>esSo~i~jro mètres carrés ne sont pas soumises à déclaration.</line></par>
<par>
<line>Dans cette zone, les constructions d’uno superficie égale ou supérieure</line>
<line>à 10 mètres carrés, qui ne comportent entre le niveau du sol_et_celui</line>
<line>qu’atteignent les crues que des piliers isolés, seront en principe e“</line></par>
<par>
<line>sors infomé par l’adiainistration du niveau</line></par>
</text>
</block>
<block><region><rect/><rect/><rect/></region>
<text>
<par>
<line>séQ8. Le pétitionnaire</line>
<line>par les crues</line></par>
</text>
</block>
<block><region><rect/><rect/><rect/></region>
<text>
<par>
<line>iurorr..«'&gt;</line>
<line>tteint,</line></par>
</text>
</block>
<block><region><rect/></region>
<text>
<par>
<line>v'i</line></par>
</text>
</block>
<block><region><rect/><rect/></region>
<text>
<par>
<line>JJRTÏOLg 4,“ Dans la zone A, les clôtures à deux fils au maximum avec pd*»</line>
<line>ueaux espacés de 5 mètres au moins s^s fondation faisant saillie sur le</line>
<line>âol naturel ne sont pas sôumises à déclaration.</line></par>
<par>
<line>Dans la^ zone B, ne sont pas soumises à ^déclaration les clôtures dont</line>
<line>les parties ajourées ont une surface au moins égale aux doux tiers de la</line>
<line>surface tofeae-de la clôture, Loutefois, la déclaration est exi.gé© pour</line>
<line>les'hait</line></par>
</text>
</block>
<block><region><rect/><rect/><rect/></region>
<text>
<par>
<line>iUUj-J.U.Jj4j</line></par>
</text>
</block>
<block><region><rect/><rect/></region>
<text>
<par>
<line>t -, •</line></par>
</text>
</block>
<block><region><rect/><rect/></region>
<text>
<par/>
</text>
</block>
<block><region><rect/><rect/><rect/></region>
<text>
<par>
<line>•vrtülTsirrDo.sées dans l'’intérÔt do la navigation, planter en^créte^de</line></par>
<par>
<line>à 1 ’ ox-ceotioa des acacias et des bois tailli-</line></par>
</text>
</block>
<block><region><rect/><rect/><rect/></region>
<text>
<par>
<line>_ ^o.&gt;</line></par>
<par>
<line>*t\ evTî n*.** fc»»—&gt; *4 ■ •,‘^d T .«s î r-Cl</line></par>
<par>
<line>c 'i' A</line></par>
</text>
</block>
<block><region><rect/></region>
<text>
<par>
<line>oondiPicn c'Jcmnccner i. = eXweusrwn</line></par>
</text>
</block>
<block><region><rect/><rect/></region>
<text>
<par>
<line>transversâlo de drageon-s^</line></par>
</text>
</block>
<block><region><rect/></region>
<text>
<par/>
</text>
</block>
<block><region><rect/></region>
<text>
<par/>
</text>
</block>
<block><region><rect/></region>
<text>
<par>
<line>, y. .4.</line></par>
</text>
</block>
<block><region><rect/></region>
<text>
<par/>
</text>
</block>
<block><region><rect/></region>
<text>
<par>
<line>i .</line></par>
</text>
</block>
<block><region><rect/></region>
<text>
<par>
<line>Dans la zone A, les'riverains peuvent, sous réserve^ des^ser^ y</line></par>
</text>
</block>
<block><region><rect/></region>
<text>
<par/>
</text>
</block>
























</page>
<page width="2491" height="3512" resolution="300">
<block><region><rect/></region>
<text>
<par>
<line>5</line></par>
</text>
</block>
<block><region><rect/></region>
<text>
<par/>
</text>
</block>
<block><region><rect/></region>
<text>
<par>
<line>I</line></par>
</text>
</block>
<block><region><rect/><rect/><rect/><rect/><rect/></region>
<text>
<par>
<line>. ' Los vif^nos cl- les orlres fruitiers de petite futaie seront en princi-</line>
<line>i po autoriGos, sous réserve de déclaration, à'condition que les files soicat</line>
<line>/« orientées dans le sens du couraait du lit ,iüaijûnr et esx&gt;acées de 7 mètres au</line>
<line>noins, ■ •</line></par>
<par>
<line>Pan-3 la sono les plantations à l'oxoeption des lois taillis, no ^ '</line></par>
<par>
<line>• sont pas soumis03 a déclaration, ^ ■ ■</line></par>
<par>
<line>■ ‘ / ..iRTIOLlj 6,~ Lorsque les constructions et clôtures sont sulordonnéoçâ 1*og*«</line>
<line>L^r”'üu permis de construire, la demande du permis de'construire tient</line>
<line>lieu, àe la déclaration prévue à l’article 5 du décret du ^0 Octolro [</line></par>
<par>
<line>susvisé., ■ V ■ ,</line></par>
</text>
</block>
<block><region><rect/><rect/><rect/></region>
<text>
<par>
<line>I t</line></par>
<par>
<line>• I</line></par>
<par>
<line>I</line></par>
<par>
<line>&gt;</line></par>
</text>
</block>
<block><region><rect/></region>
<text>
<par>
<line>I *.*</line></par>
<par>
<line>1</line></par>
</text>
</block>
<block><region><rect/><rect/><rect/><rect/><rect/></region>
<text>
<par>
<line>' • ARTIOLL 7»■“ Le lilnistre des affaires économiaues et fi^nanoières'et le,</line>
<line>S0cr''éta3.ra-d’Etat aux Lravaux Pallies, aux transports et au tourisme sont .</line>
<line>■ dhai'ges.,’Ihaciin"en ce qui le concerne, de l’exécution du présent décretj -</line>
<line>qui■ sera publié CwÀ .de la Pépulliqùe françaisey ■ •''i;</line></par>
<par>
<line>'■ ' 'li ! I,.- ,1 ■ ';!■ t ' ; *■ . ' ■ . *■' . 'ç ' n ■</line></par>
<par>
<line>,î ' ■ l’ait à garis, le 4 Juin 1937*^^' ''</line></par>
<par>
<line>. ■ ' ' Guy I^LISL</line></par>
<par>
<line>• * ’ . * , j 'i</line></par>
<par>
<line>Par le Président du Conseil, des Llinistros, ■ ' ' ■ '</line></par>
<par>
<line>■ ' . /►J',. , » I ' • I</line></par>
<par>
<line>Le Uinietra des affaires économiques et financières,</line>
<line>uniPaul ' '</line></par>
<par>
<line>^ 7,1 V;Lo Secrétaire d’Etat aux.travaux Pulliçs, ■.';[n'L7'</line></par>
<par>
<line>,'7 .ûiH'tC't.'. U, p'v ■wq V-'-aux {Dransdorts et, au* ïïourismQ’,''u :■</line></par>
</text>
</block>
<block><region><rect/><rect/></region>
<text>
<par>
<line>• ' il</line></par>
<par>
<line>.»■</line></par>
</text>
</block>
<block><region><rect/></region>
<text>
<par>
<line>.♦ ■ ■■ ,|J 1.7.</line></par>
<par>
<line>• ' ' *’ » •- ' ' -.1' '</line>
<line>■V-. i-</line></par>
</text>
</block>
<block><region><rect/></region>
<text>
<par>
<line>■ i:'i V</line></par>
</text>
</block>
<block><region><rect/><rect/></region>
<text>
<par>
<line>" J i ' I "</line></par>
</text>
</block>
<block><region><rect/></region>
<text>
<par>
<line>"i!.</line></par>
</text>
</block>
<block><region><rect/></region>
<text>
<par>
<line>,-:-lususto PIîïïDCilî,'</line></par>
</text>
</block>
<block><region><rect/></region>
<text>
<par/>
</text>
</block>
<block><region><rect/><rect/></region>
<text>
<par>
<line>..i'ii!/</line></par>
<par>
<line>■; ,; îi ■</line></par>
</text>
</block>
<block><region><rect/><rect/><rect/></region>
<text>
<par>
<line>'Extrait conforme transmis î ■</line></par>
<par>
<line>■."i ! i 1®; '« à lii.' l’Insâtiieur de l’ilrrondissement S^ESILL (6ex) pour propositions</line></par>
<par>
<line>'■ 'à' JH'*"' l'IngéJileur de 1*Arrondissement SUD (^ex) à titre, d’information</line></par>
<par>
<line>'■ d . .■ i, i, ..i</line></par>
<par>
<line>u-;ïi;d U" ■ -4 ,■ - Agen, le 15'Juin. 1957/ V''"'</line></par>
<par>
<line>■:.'',;tn7n i 'Ù '.'i'u ‘ ■ .7 L'Ingénieur-en Clef J-,' 'i':/.</line></par>
</text>
</block>
<block><region><rect/></region>
<text>
<par>
<line>[f</line></par>
</text>
</block>
<block><region><rect/><rect/></region>
<text>
<par>
<line>PA3RS 717Ut /ifii</line></par>
<par>
<line>TET • '7!.</line></par>
</text>
</block>
<block><region><rect/></region>
<text>
<par>
<line>i' .{ 7-</line></par>
<par>
<line>■ l•</line></par>
<par>
<line>V.7/;: :</line></par>
</text>
</block>
<block><region><rect/><rect/><rect/><rect/><rect/><rect/></region>
<text>
<par>
<line>•'■ Copie û été adrossQQ à VU» DERIYiïT</line>
<line>; ;v . BOUDANT v-'l,'^7;s v77i/i. T '</line></par>
<par>
<line>V'tpour los'leaoins de leur , . P ARH AT vù77 :î;-7-7-':'-' •'■■7</line></par>
<par>
<line>f-'-u.sQxvio©::.‘ ' ■ ' •..dt777;'''’'èé77':7''vi</line></par>
<par>
<line>' IffU'777;' - Agen lel4 juin. 1957- . '7 7''''''"'v': •'■l</line></par>
<par>
<line>' iL’Ingonieur d'arrondissoment,..; r y 7rh'-f. ■},</line></par>
<par>
<line>7:;7'7;'7;i^ih77;li:;7vl:7V'';7t, ' ' ■ .7'l'7:77^777;‘è7:,7741'L^^^^</line></par>
<par>
<line>. ■■ ;.L ‘p-;'77,;;'7':]7 ■ ui L77.d;lv^ lU' V'&gt;</line></par>
<par>
<line>V 7i\-i.‘u;,;'';'i7'77-77i'/.7y .7'77 ■; -7-7;</line></par>
</text>
</block>
<block><region><rect/></region>
<text>
<par/>
</text>
</block>
<block><region><rect/></region>
<text>
<par>
<line>■ r !</line></par>
<par>
<line>( ' ! .. . i' «I i</line></par>
<par>
<line>• ;. ■ -''i •!' » ‘ ’</line></par>
<par>
<line>,1'!-&gt;'■ I</line></par>
<par>
<line>,,: U;, Il 'r’. vt</line></par>
<par>
<line>,:.17;7ï7‘. 1'</line>
<line>77|7|ll</line></par>
</text>
</block>
<block><region><rect/></region>
<text>
<par/>
</text>
</block>
<block><region><rect/></region>
<text>
<par/>
</text>
</block>










</page>
<page width="4969" height="3516" resolution="300">
<block><region><rect/></region>
<text orientation="RotatedClockwise">
<par>
<line>'^^OO i</line></par>
</text>
</block>
<block><region><rect/></region>
<text>
<par>
<line>DE</line></par>
</text>
</block>
<block><region><rect/></region>
<text>
<par/>
</text>
</block>
<block><region><rect/></region>
<text>
<par/>
</text>
</block>
<block><region><rect/></region>
<text>
<par>
<line>■9</line></par>
</text>
</block>
<block><region><rect/></region>
<text>
<par>
<line>O</line></par>
</text>
</block>
<block><region><rect/></region>
<text>
<par/>
</text>
</block>
<block><region><rect/></region>
<text>
<par/>
</text>
</block>
<block><region><rect/></region>
<text>
<par/>
</text>
</block>
<block><region><rect/></region>
<text>
<par/>
</text>
</block>
<block><region><rect/></region>
<text>
<par/>
</text>
</block>
<block><region><rect/></region>
<text>
<par/>
</text>
</block>
<block><region><rect/></region>
<text>
<par/>
</text>
</block>
<block><region><rect/></region>
<text>
<par>
<line>:i &gt;</line></par>
</text>
</block>
<block><region><rect/></region>
<text>
<par>
<line>O.</line></par>
</text>
</block>
<block><region><rect/></region>
<text>
<par>
<line>m^Mrt</line></par>
</text>
</block>
<block><region><rect/></region>
<text>
<par>
<line>O</line></par>
</text>
</block>
<block><region><rect/></region>
<text>
<par/>
</text>
</block>
<block><region><rect/></region>
<text>
<par>
<line>Vk/</line></par>
</text>
</block>
<block><region><rect/></region>
<text>
<par>
<line>O</line></par>
</text>
</block>
<block><region><rect/></region>
<text>
<par/>
</text>
</block>
<block><region><rect/></region>
<text>
<par>
<line>O</line></par>
</text>
</block>
<block><region><rect/></region>
<text>
<par>
<line>ChM</line></par>
</text>
</block>
<block><region><rect/></region>
<text>
<par/>
</text>
</block>
<block><region><rect/></region>
<text>
<par>
<line>3.</line></par>
</text>
</block>
<block><region><rect/></region>
<text>
<par>
<line>A ;</line></par>
</text>
</block>
<block><region><rect/></region>
<text>
<par/>
</text>
</block>
<block><region><rect/></region>
<text>
<par>
<line>£ lifte</line></par>
</text>
</block>
<block><region><rect/></region>
<text>
<par>
<line>c.</line></par>
</text>
</block>
<block><region><rect/><rect/><rect/></region>
<text>
<par>
<line>fA. \^^.J.\</line></par>
</text>
</block>
<block><region><rect/></region>
<text>
<par/>
</text>
</block>
<block><region><rect/></region>
<text>
<par>
<line>tn</line></par>
</text>
</block>
<block><region><rect/></region>
<text>
<par>
<line>X</line></par>
</text>
</block>
<block><region><rect/></region>
<text>
<par/>
</text>
</block>
<block><region><rect/><rect/></region>
<text>
<par>
<line>•ja'% '</line></par>
</text>
</block>
<block><region><rect/></region>
<text>
<par>
<line>/</line></par>
</text>
</block>
<block><region><rect/></region>
<text>
<par>
<line>X</line></par>
</text>
</block>
<block><region><rect/></region>
<text>
<par>
<line>iVASVit</line></par>
</text>
</block>
<block><region><rect/></region>
<text>
<par>
<line>c.</line></par>
</text>
</block>
<block><region><rect/></region>
<text>
<par/>
</text>
</block>
<block><region><rect/></region>
<text>
<par/>
</text>
</block>
<block><region><rect/></region>
<text>
<par>
<line>v5s</line></par>
</text>
</block>
<block><region><rect/></region>
<text>
<par/>
</text>
</block>
<block><region><rect/></region>
<text>
<par/>
</text>
</block>
<block><region><rect/></region>
<text>
<par>
<line>»Ctb«j</line></par>
</text>
</block>
<block><region><rect/></region>
<text>
<par>
<line>:k</line></par>
</text>
</block>
<block><region><rect/></region>
<text>
<par>
<line>*4^* -r^--</line></par>
</text>
</block>
<block><region><rect/></region>
<text>
<par/>
</text>
</block>
<block><region><rect/></region>
<text>
<par>
<line>yG™,irt*5^ -—=</line></par>
</text>
</block>
<block><region><rect/></region>
<text>
<par>
<line>A2</line></par>
</text>
</block>
<block><region><rect/></region>
<text>
<par>
<line>Z</line></par>
</text>
</block>
<block><region><rect/></region>
<text>
<par>
<line>^ :</line></par>
</text>
</block>
<block><region><rect/></region>
<text>
<par/>
</text>
</block>
<block><region><rect/></region>
<text>
<par/>
</text>
</block>
<block><region><rect/></region>
<text>
<par/>
</text>
</block>
<block><region><rect/></region>
<text>
<par/>
</text>
</block>
<block><region><rect/><rect/><rect/></region>
<text>
<par>
<line>fr»ur. ^ -,.</line></par>
<par>
<line>\.</line></par>
</text>
</block>
<block><region><rect/></region>
<text>
<par>
<line>racit Fm-r«u*</line></par>
</text>
</block>
<block><region><rect/></region>
<text>
<par>
<line>O</line></par>
</text>
</block>
<block><region><rect/></region>
<text>
<par>
<line>Waifon Molm ^ \</line></par>
</text>
</block>
<block><region><rect/></region>
<text>
<par/>
</text>
</block>
<block><region><rect/></region>
<text>
<par>
<line>B /</line></par>
</text>
</block>
<block><region><rect/></region>
<text>
<par>
<line>\</line></par>
</text>
</block>
<block><region><rect/></region>
<text>
<par>
<line>X</line></par>
</text>
</block>
<block><region><rect/></region>
<text>
<par>
<line>Lan-Mij*</line></par>
</text>
</block>
<block><region><rect/></region>
<text>
<par>
<line>X</line></par>
</text>
</block>
<block><region><rect/></region>
<text>
<par/>
</text>
</block>
<block><region><rect/></region>
<text>
<par>
<line>\</line></par>
</text>
</block>
<block><region><rect/></region>
<text>
<par>
<line>Xv l’</line></par>
</text>
</block>
<block><region><rect/></region>
<text>
<par>
<line>tfieurdrJût</line></par>
</text>
</block>
<block><region><rect/></region>
<text>
<par>
<line>J»"-' i. ’. Hxjsan</line></par>
<par>
<line>//X.</line></par>
</text>
</block>
<block><region><rect/></region>
<text>
<par>
<line>.</line></par>
</text>
</block>
<block><region><rect/></region>
<text>
<par>
<line>\So^B% X</line></par>
</text>
</block>
<block><region><rect/></region>
<text>
<par>
<line>&gt;f » Qrand'terd*</line></par>
</text>
</block>
<block><region><rect/></region>
<text>
<par/>
</text>
</block>
<block><region><rect/></region>
<text>
<par/>
</text>
</block>
<block><region><rect/></region>
<text>
<par>
<line>BS</line></par>
</text>
</block>
<block><region><rect/></region>
<text>
<par>
<line>■'\ I</line></par>
<par>
<line>^'. Maneui|u</line></par>
</text>
</block>
<block><region><rect/></region>
<text>
<par>
<line>A^^miSTRRE</line></par>
<par>
<line>X—^'S</line></par>
</text>
</block>
<block><region><rect/></region>
<text>
<par/>
</text>
</block>
<block><region><rect/></region>
<text>
<par>
<line>-B</line></par>
</text>
</block>
<block><region><rect/></region>
<text>
<par>
<line>V, B 2</line></par>
</text>
</block>
<block><region><rect/></region>
<text>
<par>
<line>P I</line></par>
</text>
</block>
<block><region><rect/></region>
<text>
<par>
<line>j:</line></par>
</text>
</block>
<block><region><rect/></region>
<text>
<par/>
</text>
</block>
<block><region><rect/></region>
<text>
<par/>
</text>
</block>
<block><region><rect/></region>
<text>
<par>
<line>--'•t—</line></par>
</text>
</block>
<block><region><rect/></region>
<text>
<par/>
</text>
</block>
<block><region><rect/><rect/></region>
<text>
<par>
<line>il d« à</line></par>
<par>
<line>,*/ ^ Lao'na.ie j</line></par>
</text>
</block>
<block><region><rect/></region>
<text>
<par>
<line>X.&gt;'"</line></par>
</text>
</block>
<block><region><rect/></region>
<text>
<par>
<line>&lt;</line></par>
</text>
</block>
<block><region><rect/></region>
<text>
<par/>
</text>
</block>
<block><region><rect/></region>
<text>
<par/>
</text>
</block>
<block><region><rect/></region>
<text>
<par/>
</text>
</block>
<block><region><rect/></region>
<text>
<par/>
</text>
</block>
<block><region><rect/></region>
<text>
<par>
<line>/</line></par>
</text>
</block>
<block><region><rect/></region>
<text>
<par>
<line>X</line></par>
</text>
</block>
<block><region><rect/></region>
<text>
<par>
<line>£-LJi-L^</line></par>
<par>
<line>5Êt_l ;., üta it ^oai l'Sblt,</line></par>
<par>
<line>• 8 Tcft-s 2, ^AZê ■t»iil:*aifc-l».</line></par>
</text>
</block>
<block><region><rect/></region>
<text>
<par>
<line>&lt; Lot. e t.Garonne)</line>
<line>TABLEAU D ASSEMBLAGE</line></par>
<par>
<line>s 1 écfisüs de JO. do O</line>
<line>Plan révisé pour 73SS</line></par>
</text>
</block>



















</page>
</PM1>