<?xml version="1.0" encoding="UTF-8"?><PM1>
<page width="2479" height="3504" resolution="300">
<block><region><rect/><rect/></region>
<text>
<par>
<line>Lattli • ÉfiBti • FmtndU</line></par>
<par>
<line>RÉFUmJHKlB Funcabb</line></par>
</text>
</block>
<block><region><rect/></region>
<text>
<par>
<line>PRÉFET DE VAUCLUSE</line></par>
</text>
</block>
<block><region><rect/></region>
<text>
<par>
<line>Direction d^artementale</line>
<line>des territoires</line></par>
<par>
<line>Service Prospective Urbanisme</line>
<line>et Risques</line></par>
<par>
<line>Affaire suivie par : Isabelle CHADŒUF</line>
<line>Téléphone: 04 88 17 8268</line>
<line>Télécopie: 04 88 17 87 91</line>
<line>Courriel : ddt-spur@vaucluse.gouv.fi:</line></par>
</text>
</block>
<block><region><rect/></region>
<text>
<par>
<line>ARRÊTÉ du 2 4 FEV. 2016</line>
<line>portant approbation du</line></par>
<par>
<line>plan de prévention des risques d’inondation du bassin-</line>
<line>versant de l'Aygues, de la Meyne et du Rieu sur la</line>
<line>commune d'Orange</line></par>
</text>
</block>
<block><region><rect/></region>
<text>
<par>
<line>LE PRÉFET DE VAUCLUSE,</line>
<line>CHEVALIER DE LA LÉGION D’HONNEUR</line>
<line>OFFICIER DE L'ORDRE NATIONAL DU MÉRITE</line></par>
</text>
</block>
<block><region><rect/></region>
<text>
<par>
<line>VU le code de l’environnement et notamment les articles L. 562-1 et suivants et</line>
<line>R. 562-1 et suivants relatifs aux plans de prévention des risques naturels prévisibles ;</line></par>
<par>
<line>VU le code de l’urbanisme et son article L. 126-1 ;</line></par>
<par>
<line>VU le décret n° 2004-374 du 29 avril 2004 relatif aux pouvoirs des préfets, à</line>
<line>l’organisation et à l’action des services de l’État dans les régions et départements ;</line></par>
<par>
<line>VU l’arrêté interdépartemental n° SI-2001-11-12-0060 en date du 12 novembre 2001</line>
<line>prescrivant l'établissement d'un plan de prévention des risques naturels prévisibles,</line>
<line>prise en compte des risques d'inondation du bassin de l'Aygues, de la Meyne et du</line>
<line>Rieu ;</line></par>
<par>
<line>VU l’arrêté préfectoral n° SI-2010-12-07-0050 en date du 7 décembre 2010 portant</line>
<line>ouverture d’une enquête publique sur le projet de plan de prévention des risques</line>
<line>d’inondation du bassin-versant de l'Aygues, de la Meyne et du Rieu ;</line></par>
<par>
<line>VU l'avis favorable de la commrme d'Orange en date du 15 septembre 2010 ;</line></par>
</text>
</block>

</page>
<page width="2479" height="3504" resolution="300">
<block><region><rect/></region>
<text>
<par>
<line>vu l’avis favorable du centre national de la propriété forestière en date du</line>
<line>17 septembre 2010 ;</line></par>
<par>
<line>VU l’avis favorable de la chambre d’agriculture de Vaucluse, assorti d'une remarque,</line>
<line>en date du 18 octobre 2010 ;</line></par>
<par>
<line>VU l’avis favorable de la commission d’enquête, en date du 20 juin 2011 ;</line></par>
<par>
<line>CONSIDERANT que les modifications apportées au projet de plan de prévention des</line>
<line>risques d’inondation du bassin-versant de l'Aygues, de la Meyne et du Rieu sur la</line>
<line>commune d'Orange, à l’issue de l’enquête publique, ne remettent pas en cause</line>
<line>l’économie générale du plan soumis à l’enquête publique ;</line></par>
<par>
<line>SUR proposition de Monsieur le secrétaire général de la préfecture de Vaucluse,</line></par>
</text>
</block>
<block><region><rect/></region>
<text>
<par>
<line>ARRETE</line></par>
</text>
</block>
<block><region><rect/></region>
<text>
<par>
<line>ARTICLE 1"^ :</line></par>
<par>
<line>Le plan de prévention des risques d’inondation (PPRi) du bassin-versant de l'Aygues,</line>
<line>de la Meyne et du Rieu sur la commune d'Orange est approuvé, tel qu’il est annexé au</line>
<line>présent arrêté.</line></par>
</text>
</block>
<block><region><rect/></region>
<text>
<par>
<line>ARTICLE 2 :</line></par>
<par>
<line>Le plan approuvé comprend un rapport de présentation, un règlement, et des</line>
<line>documents graphiques (cartes d’aléas, carte d’enjeux et plans de zonage</line>
<line>réglementaire).</line></par>
<par>
<line>Il est tenu à la disposition du public à la mairie d'Orange, au siège du syndicat mixte</line>
<line>du bassm de vie d'Avignon, à la direction départementale des territoires de Vaucluse et</line>
<line>à la préfecture de Vaucluse.</line></par>
</text>
</block>
<block><region><rect/></region>
<text>
<par>
<line>ARTICLE 3 :</line></par>
<par>
<line>Une copie du présent arrêté sera adressée à Monsieur le maire de la commune</line>
<line>d'Orange et à Monsieur le président du syndicat mixte du bassin de vie d'Avignon.</line></par>
</text>
</block>
<block><region><rect/></region>
<text>
<par>
<line>2/3</line></par>
</text>
</block>



</page>
<page width="2479" height="3504" resolution="300">
<block><region><rect/></region>
<text>
<par>
<line>ARTICLE 4 :</line></par>
</text>
</block>
<block><region><rect/></region>
<text>
<par>
<line>Le présent arrêté sera publié au recueil des actes administratifs de la préfecture de</line>
<line>Vaucluse et mention en sera faite dans un journal difîusé dans le département et</line>
<line>habilité à recevoir les annonces judiciaires et légales. Une copie du présent arrêté sera</line>
<line>affichée pendant un mois au moins en mairie d'Orange et au siège du syndicat mixte</line>
<line>du bassin de vie d'Avignon, à partir de la date de réception de la notification du présent</line>
<line>arrêté.</line></par>
</text>
</block>
<block><region><rect/></region>
<text>
<par>
<line>ARTICLE 5 :</line></par>
<par>
<line>En application de l’article L. 562-4 du code de l’environnement, le plan de prévention</line>
<line>des risques naturels prévisibles approuvé vaut servitude d’utilité publique. A ce titre,</line>
<line>Monsieur le maire d'Orange devra annexer le présent PPRi au document d’urbanisme</line>
<line>communal, conformément à l’article L. 126-1 du code de l’urbanisme.</line></par>
</text>
</block>
<block><region><rect/></region>
<text>
<par>
<line>ARTICLE 6 :</line></par>
<par>
<line>La présente décision pourra faire l’objet dans le délai de 2 mois à compter de sa</line>
<line>publication :</line></par>
<par>
<line>- soit d’un recours gracieux auprès du préfet de Vaucluse ;</line></par>
<par>
<line>- soit d’un recours hiérarchique adressé au ministre de l’environnement, de l’écologie</line>
<line>et de la mer.</line></par>
<par>
<line>Cette démarche prolonge le délai de recours contentieux qui doit alors être introduit</line>
<line>dans les deux mois suivant la r^onse (l’absence de réponse au terme du délai de deux</line>
<line>mois vaut rejet imphcite).</line></par>
<par>
<line>En l’absence de recours gracieux ou hiérarchique, la présente décision peut</line>
<line>directement faire l’objet d’un recours contentieux dans le délai de 2 mois à compter de</line>
<line>la plus tardive des mesures de publicité prévues à l’article 4, auprès du hibunal</line>
<line>administratif de Nîmes, 16 avenue Feuchères, 30000 Nîmes.</line></par>
</text>
</block>
<block><region><rect/></region>
<text>
<par>
<line>ARTICLE 7 :</line></par>
<par>
<line>Monsieur le secrétaire général de la préfecture de Vaucluse, Monsieur le directeur de</line>
<line>cabinet du préfet de Vaucluse, Monsieur le directeur départemental des territoires de</line>
<line>Vaucluse, Monsieur le maire d'Orange, Monsieur le président du syndicat mixte du</line>
<line>bassin de vie d'Avignon, sont chargés, chacun en ce qui le concerne, de l’exécution du</line>
<line>présent arrêté.</line></par>
</text>
</block>
<block><region><rect/><rect/></region>
<text>
<par/>
</text>
</block>
<block><region><rect/></region>
<text>
<par>
<line>^^^Fait|Avigmn,le 2 4 p£v</line></par>
</text>
</block>
<block><region><rect/></region>
<text>
<par/>
</text>
</block>
<block><region><rect/></region>
<text>
<par>
<line>Beru</line></par>
</text>
</block>
<block><region><rect/><rect/><rect/><rect/><rect/></region>
<text>
<par>
<line>^ Le Préfet,</line></par>
<par>
<line>'f ■</line></par>
</text>
</block>
<block><region><rect/></region>
<text>
<par>
<line>3/3</line></par>
</text>
</block>






</page>
</PM1>