<?xml version="1.0" encoding="UTF-8"?><PM1>
<page width="2490" height="3512" resolution="300">
<block><region><rect/></region>
<text>
<par>
<line>llbirti « É^Hté * PraUndU</line></par>
<par>
<line>lÉFDHUQlIE FUUïCUSB</line></par>
</text>
</block>
<block><region><rect/></region>
<text>
<par>
<line>PRÉFET DE VAUCLUSE</line></par>
</text>
</block>
<block><region><rect/></region>
<text>
<par>
<line>Direction départementale</line>
<line>des territoires</line></par>
<par>
<line>Service Prospective Urbanisme</line>
<line>et Risques</line></par>
<par>
<line>Affaire suivie par : Isabelle CHADŒUF</line>
<line>Téléphone : 04 88 17 82 68</line>
<line>Télécopie : 04 88 17 87 91</line>
<line>Courriel : ddt-spur@vaucluse.gouv.fr</line></par>
</text>
</block>
<block><region><rect/></region>
<text>
<par>
<line>ARRÊTÉ du 2 ^ FEV. 2016</line>
<line>portant approbation du</line></par>
<par>
<line>plan de prévention des risques d’inondation du bassin-</line>
<line>versant de l'Aygues, de la Meyne et du Rieu sur la</line>
<line>commune de Piolenc</line></par>
</text>
</block>
<block><region><rect/></region>
<text>
<par>
<line>LE PRÉFET DE VAUCLUSE,</line>
<line>CHEVALIER DE LA LÉGION D'HONNEUR</line>
<line>OFFICIER DE L'ORDRE NATIONAL DU MÉRITE</line></par>
</text>
</block>
<block><region><rect/></region>
<text>
<par>
<line>VU le code de l’environnement et notamment les articles L. 562-1 et suivants et</line>
<line>R. 562-1 et suivants relatifs aux plans de prévention des risques naturels prévisibles ;</line></par>
<par>
<line>VU le code de l’urbMiisme et son article L. 126-1 ;</line></par>
<par>
<line>VU le décret n° 2004-374 du 29 avril 2004 relatif aux pouvoirs des préfets, à</line>
<line>l’organisation et à l’action des services de l’État dans les régions et départements ;</line></par>
<par>
<line>VU l’arrêté interdépartemental n° SI-2001-11-12-0060 en date du 12 novembre 2001</line>
<line>prescrivait l'établissement d'un plan de prévention des risques naturels prévisibles,</line>
<line>prise en compte des risques d'inondation du bassin de l'Aygues, de la Meyne et du</line>
<line>Rieu ;</line></par>
<par>
<line>VU l’arrêté préfectoral n“ S1-2Ü10-12-07-0Ü50 en date du 7 décembre 2010 portant</line>
<line>ouverture d’une enquête publique sur le projet de plan de prévention des risques</line>
<line>d’inondation du bassin-versant de l'Aygues, de la Meyne et du Rieu ;</line></par>
<par>
<line>VU l'avis favorable assorti d'une réserve de la commune de Piolenc en date du</line>
<line>22 septembre 2010 ;</line></par>
</text>
</block>

</page>
<page width="2488" height="3511" resolution="300">
<block><region><rect/></region>
<text>
<par>
<line>vu l'avis favorable de la communauté de communes Aygues Ouvèze en Provence en</line>
<line>date du 29 septembre 2010 ;</line></par>
<par>
<line>VU P avis favorable du centre national de la propriété forestière en date du</line>
<line>17 septembre 2010 ;</line></par>
<par>
<line>VU l’avis favorable de la chambre d’agriculture de Vaucluse, assorti d'une remarque,</line>
<line>en date du 18 octobre 2010 ;</line></par>
<par>
<line>VU l’avis favorable de la commission d’enquête en date du 20 juin 2011 ;</line></par>
<par>
<line>CONSIDERANT que les modifications apportées au projet de plan de prévention des</line>
<line>risques d’inondation du bassin-versant de l'Aygues, de la Meyne et du Rieu sur la</line>
<line>commune de Piolenc, à l’issue de l’enquête publique, ne remettent pas en cause</line>
<line>l’économie générale du plan soumis à l’enquête publique ;</line></par>
<par>
<line>SUR proposition de Monsieur le secrétaire général de la préfecture de Vaucluse,</line></par>
</text>
</block>
<block><region><rect/></region>
<text>
<par>
<line>ARRETE</line></par>
</text>
</block>
<block><region><rect/></region>
<text>
<par>
<line>ARTICLE 1^ :</line></par>
<par>
<line>Le plan de prévention des risques d’inondation (PPRi) du bassin-versant de l'Aygues,</line>
<line>de la Meyne et du Rieu sur la commune de Piolenc est approuvé, tel qu’il est annexé au</line>
<line>présent arrêté.</line></par>
</text>
</block>
<block><region><rect/></region>
<text>
<par>
<line>ARTICLE 2 :</line></par>
<par>
<line>Le plan approuvé comprend un rapport de présentation, un règlement, et des</line>
<line>documents graphiques (cartes d’aléas, carte d’enjeux et plans de zonage</line>
<line>réglementaire).</line></par>
<par>
<line>n est tenu à la disposition du public à la mairie de Piolenc, au siège de la communauté</line>
<line>de communes Aygues Ouvèze en Provence, à la direction départementale des territoires</line>
<line>de Vaucluse et à la préfecture de Vaucluse.</line></par>
</text>
</block>
<block><region><rect/></region>
<text>
<par>
<line>ARTICLE 3 :</line></par>
<par>
<line>Une copie du présent arrêté sera adressée à Monsieur le maire de la commune de</line>
<line>Piolenc et à Monsieur le président de la communauté de communes Aygues Ouvèze en</line>
<line>Provence.</line></par>
</text>
</block>
<block><region><rect/></region>
<text>
<par>
<line>2/3</line></par>
</text>
</block>



</page>
<page width="2479" height="3504" resolution="300">
<block><region><rect/></region>
<text>
<par>
<line>ARTICLE 4 :</line></par>
</text>
</block>
<block><region><rect/></region>
<text>
<par>
<line>Le présent arrêté sera publié au recueil des actes administratifs de la préfecture de</line>
<line>Vaucluse et mention en sera faite dans un journal diffusé dans le département et</line>
<line>habilité à recevoir les annonces judiciaires et légales. Une copie du présent arrêté sera</line>
<line>affichée pendant un mois au moins en mairie de Piolenc et au siège de la communauté</line>
<line>de communes Aygues Ouvèze en Provence, à partir de la date de réception de la</line>
<line>notification du présent arrêté.</line></par>
</text>
</block>
<block><region><rect/></region>
<text>
<par>
<line>ARTICLE 5 :</line></par>
<par>
<line>En application de rarticle L. 562-4 du code de l’environnement, le plan de prévention</line>
<line>des risques naturels prévisibles approuvé vaut servitude d’utilité publique. A ce titre,</line>
<line>Monsieur le maire de Piolenc devra annexer le présent PPRi au docmnent d’urbanisme</line>
<line>communal, conformément à l’article L. 126-1 du code de l’urbanisme.</line></par>
</text>
</block>
<block><region><rect/></region>
<text>
<par>
<line>ARTICLE 6 :</line></par>
<par>
<line>La présente décision pourra faire l’objet dans le délai de 2 mois à compter de sa</line>
<line>publication :</line></par>
<par>
<line>- soit d’un recours gracieux auprès du préfet de Vaucluse ;</line></par>
<par>
<line>- soit d’un recours hiérarchique adressé au ministre de l’environnement, de l’écologie</line>
<line>et de la mer.</line></par>
<par>
<line>Cette démarche prolonge le délai de recours contentieux qui doit alors être introduit</line>
<line>dans les deux mois suivant la réponse (l’absence de réponse au terme du délai de deux</line>
<line>mois vaut rejet implicite).</line></par>
<par>
<line>En l’absence de recours gracieux ou hiérarchique, la présente décision peut</line>
<line>directement faire l’objet d’un recours contentieux dans le délai de 2 mois à compter de</line>
<line>la plus tardive des mesures de publicité prévues à l’article 4, auprès du tribunal</line>
<line>administratif de Nîmes, 16 avenue Feuchères, 30000 Nîmes.</line></par>
</text>
</block>
<block><region><rect/></region>
<text>
<par>
<line>ARTICLE 7 :</line></par>
<par>
<line>Monsieur le secrétaire général de la préfecture de Vaucluse, Monsieur le directeur de</line>
<line>cabinet du préfet de Vaucluse, Monsieur le directeur départemental des territoires de</line>
<line>Vaucluse, Monsieur le maire de Piolenc, Monsieur le président de la communauté de</line>
<line>communes Aygues Ouvèze en Provence, sont chargés, chacun en ce qui le concerne, de</line>
<line>l’exécution du présent mrêté.</line></par>
</text>
</block>
<block><region><rect/></region>
<text>
<par>
<line>(P</line></par>
</text>
</block>
<block><region><rect/><rect/><rect/></region>
<text>
<par/>
</text>
</block>
<block><region><rect/></region>
<text>
<par>
<line>Fait ^Avignon, le ^ 4 FEV. 2016</line>
<line>, île Préfet.</line></par>
</text>
</block>
<block><region><rect/></region>
<text>
<par>
<line>Bsms</line></par>
</text>
</block>
<block><region><rect/></region>
<text>
<par>
<line>3/3</line></par>
</text>
</block>




</page>
</PM1>