<?xml version="1.0" encoding="UTF-8"?><PM1>
<page width="1669" height="2349" resolution="200">
<block><region><rect/></region>
<text>
<par>
<line>REPUBLIQUE FR/^NÇAISE</line></par>
</text>
</block>
<block><region><rect/><rect/></region>
<text>
<par>
<line>PRÉFECTURE DE LA DRÔME</line></par>
<par>
<line>CABINET DU PREFET .</line></par>
<par>
<line>trvice Interministériel</line>
<line>JS Affaires Civiles et</line>
<line>ronomiques jd,e;_Défenjs.^ ^</line></par>
<par>
<line>; de Protedtibri :Ciyiie ARRÊTÉ n° 9025</line></par>
<par>
<line>portant approbation du Plan d’Exposition</line>
<line>aux Risques naturels prévisibles de la commune de</line>
<line>SAINT-MAY</line>
<line>Le Préfet</line></par>
<par>
<line>du département de la Drôme,</line></par>
<par>
<line>Chevalier de la Légion d’Honneur,</line></par>
</text>
</block>
<block><region><rect/></region>
<text>
<par>
<line>HL/FV</line></par>
<par>
<line>Poste 20.44</line>
<line>AFFAIRE TRAITEE PAR</line>
<line>M. LEBERGER</line></par>
</text>
</block>
<block><region><rect/></region>
<text>
<par>
<line>VU la loi n® 82-600 du 13 juillet 1982 relative à l'indemnisation des victimes</line>
<line>des catastrophes naturelles,</line></par>
<par>
<line>VU le décret n“ 84-328 du 3 mai 1984 relatif à l'élaboration des plans d'expo-</line>
<line>•^■Sitibn^aux risqués'naturels prévisibles, ; . .</line></par>
<par>
<line>_VU l^âïrêté préfectoral n® 5056 du 4 novembre 1988 prescrivant l'établissement</line>
<line>"■d'.un.-plan d'exposition aux risques naturels prévisibles dans la commune de'</line></par>
<par>
<line>,4SAÎJTrHAY&gt; _ ... ■</line></par>
<par>
<line>1-VU'la^'délifeératioii_,du. 20.4éç.crobre.l987 du. Çonsçil.Municipal de :la_,cp]ranune de^i.</line>
<line>pSAINT“MAY,;prise.avant; la publication du planV^</line></par>
<par>
<line>.&gt;VU1*arrêté préfectoral n® 2166 du 29 mars 1988 rendant public le plan d'exposi-</line>
<line>'&lt;ibri^-a naturels prévisibles de la commune de SAINT-MAY,</line></par>
<par>
<line>. VU. l'arrêté préfectoral du 15 avril 1988 portant ouverture d'une enquête publique</line>
<line>sur le plan d'exposition aux risques naturels prévisibles de la commune de SAINT</line>
<line>MAY, .</line></par>
<par>
<line>VU le procès-verbal de l'enquête publique à laquelle il a été procédé du 10 mai</line>
<line>au 8 juin 1988 inclus et l'avis du commissaire-enquêteur,</line></par>
<par>
<line>VU la-délibération du Conseil Municipal de SAINT-MAY en date du 21 septembre</line>
<line>1988 suite à l'enquête publique,</line></par>
<par>
<line>CONSIDERANT la nécessité de délimiter sur la commune de SAINT-MAY les zones ex¬</line>
<line>posées à des risques naturels et de prescrire à cet effet des mesures réglemen¬</line>
<line>tant l'utilisation du sol dans certains secteurs,</line></par>
<par>
<line>SUR-proposition de Monsieur le Secrétaire Général de la Préfecture de la Drôme,</line></par>
</text>
</block>
<block><region><rect/></region>
<text>
<par>
<line>ARRETE :</line></par>
</text>
</block>
<block><region><rect/></region>
<text>
<par>
<line>ARTICLE 1er.- est approuvé tel qu'il est annexé au présent arrêté le plan d'ex¬</line>
<line>position aux risques naturels prévisibles (PER) de la commune de SAINT-MAY.</line></par>
</text>
</block>
<block><region><rect/></region>
<text>
<par/>
</text>
</block>








</page>
<page width="1671" height="2351" resolution="200">
<block><region><rect/></region>
<text>
<par>
<line>2</line></par>
</text>
</block>
<block><region><rect/><rect/><rect/><rect/><rect/><rect/><rect/><rect/><rect/><rect/><rect/><rect/><rect/><rect/><rect/><rect/><rect/><rect/><rect/><rect/><rect/><rect/><rect/><rect/><rect/><rect/><rect/><rect/><rect/></region>
<text>
<par>
<line>Ce document comprend :</line></par>
<par>
<line>- un rapport de présentation,</line></par>
<par>
<line>- un plan de zonage,</line></par>
<par>
<line>- \in réglementt</line></par>
<par>
<line>- une annexe 1 - plan de vulnérabilité,</line></par>
<par>
<line>- une annexe 2 - carte de l’occupation des sols,</line></par>
<par>
<line>- une annexe 3 - carte des risques (ou aléas),</line></par>
<par>
<line>“ une'annexe 4 “ documents d’étude comportant :</line></par>
<par>
<line>. une carte géologique,</line></par>
<par>
<line>. une carte des pentes,</line></par>
<par>
<line>. une carte de localisation des phénomènes.</line></par>
<par>
<line>- une annexe 5 - fiches techniques de prévention.</line></par>
<par>
<line>•ARTICLE 2.- le plan d'exposition aux risques naturels prévisibles vaut servitude</line>
<line>-d'utilité publique et serait annexé le cas échéant au plan d'occupation des sols</line>
<line>de la^commune de SAINT-MAY dans l’hypothèse où il en serait établi un.</line></par>
<par>
<line>ARTICLE 3.- le plan d'exposition aux risques naturels prévisibles est tenu.à.v</line>
<line>l^^^ijgposition du public : . . e</line></par>
<par>
<line>- à la mairie de SAINT-MAY les jours et heures d'ouverture dès bureaux,</line></par>
<par>
<line>la Direction Départementale de l'Equipement,</line></par>
<par>
<line>;.-^â la Direction Départementale de l'Agriculture et de la Forêt,</line>
<line>à la Sous-Préfecture de Nyons,</line></par>
<par>
<line>- à la Préfecture de la Drôme (Service Interministériel des Affaires Civiles et</line>
<line>Economiques de Défense et de Protection Civile - 11, rue Mirabel Chambaud à</line>
<line>Valence).</line></par>
</text>
</block>
<block><region><rect/></region>
<text>
<par>
<line>ARTICLE 4.“le présent arrêté sera publié au recueil des actes administratifs de</line>
<line>la Préfecture et mention en sera faite en caractères apparents dans les deux</line>
<line>journaux ci-après désignés,, le Dauphiné Libéré et. la Tribune de Montélimar.</line></par>
<par>
<line>Cet avis sera affiché également en mairie dé Saint-May et porté à la connaissan¬</line>
<line>ce du public par tout autre procédé en usage dans cette commune. Ces mesures de</line>
<line>publicité seront justifiées par un certificat du Maire.</line></par>
<par>
<line>ARTICLE 5.- des ampliations du présent arrêté ainsi que le dossier approuvé par</line>
<line>l'autorité préfectorale seront adressés ;</line></par>
<par>
<line>.àü Maire de la commune de SAINT-MAY,</line></par>
<par>
<line>- au So^us-Préfet de Nyons,</line></par>
<par>
<line>- au Délégué aux risques majeurs, 14,' boulevard du Général Leclerc - 92524</line>
<line>rVNEUI^</line></par>
<par>
<line>- au Directeur Départemental de l'Equipement, service de l'urbanisme,</line></par>
<par>
<line>“ au Directeur Départemental de l'Agriculture et de la Forêt,</line></par>
</text>
</block>
<block><region><rect/></region>
<text>
<par/>
</text>
</block>





</page>
<page width="1653" height="2338" resolution="200">
<block><region><rect/></region>
<text>
<par>
<line>3</line></par>
</text>
</block>
<block><region><rect/></region>
<text>
<par>
<line>- au Chef de l'Office Départemental des Forêts - B.P. 919 - 26000 VALENCE CEDEX,</line></par>
<par>
<line>- à l'Ingénieur T.P.E. (Mines) rue F. Chopin "le Number One" “ 26000 VALENCE.</line></par>
<par>
<line>ARTICLE 6.~ le Secrétaire Général de la Drôme, le Directeur Départemental de</line>
<line>l'Equipement sont chargés, chacun en ce qui le concerne, de l'exercice du pré¬</line>
<line>sent arrêté.</line></par>
</text>
</block>
<block><region><rect/></region>
<text>
<par>
<line>VALENCE, le 28 DECEMBRE 1988</line></par>
</text>
</block>
<block><region><rect/></region>
<text>
<par>
<line>Pour ampliation.</line></par>
<par>
<line>Le Chef du SIACED-PC,</line></par>
</text>
</block>
<block><region><rect/></region>
<text>
<par>
<line>lin</line></par>
</text>
</block>
<block><region><rect/><rect/></region>
<text>
<par>
<line>Le Préfet,</line></par>
<par>
<line>Pour le Préfet,</line></par>
<par>
<line>Le Secrétaire Général,</line></par>
</text>
</block>
<block><region><rect/></region>
<text>
<par>
<line>J.P, LECLERC</line></par>
</text>
</block>
<block><region><rect/></region>
<text>
<par>
<line>J. FAIVRE</line></par>
</text>
</block>




</page>
<page width="1653" height="2338" resolution="200">
<block><region><rect/></region>
<text>
<par>
<line>PREFECTURE DE LA DROME</line></par>
</text>
</block>
<block><region><rect/></region>
<text>
<par>
<line>Cabinet</line></par>
<par>
<line>Service Interministériel</line>
<line>des Affaires Civiles et Economiques</line>
<line>de Défense et de Protection Civile</line></par>
</text>
</block>
<block><region><rect/></region>
<text>
<par>
<line>ARRETE 771</line></par>
<par>
<line>portant approbation de la modification du pian de prévention des risques naturels prévisibles de la</line></par>
<par>
<line>commune de SAINT MA Y</line></par>
</text>
</block>
<block><region><rect/></region>
<text>
<par>
<line>Le Préfet de la DROME,</line>
<line>Chevalier de l'Ordre National du Mérite</line></par>
</text>
</block>
<block><region><rect/></region>
<text>
<par>
<line>VU la loi n° 82-600 du 13 Juillet 1982 modifiée relative à l'indemnisation des victimes de catastrophes</line>
<line>naturellles,</line></par>
<par>
<line>VU la loi n° 95-101 du 2 février 1995, relative au renforcement de la protection de l'environnement,</line></par>
<par>
<line>VU le décret n° 90-918 du 11 octobre 1990, relatif à l'exercice du droit à l'information sur les risques</line>
<line>majeurs,</line></par>
<par>
<line>VU le décret n° 95.1089 du 5 octobre 1995 relatif aux plans de prévention des risques naturels</line>
<line>prévisibles,</line></par>
<par>
<line>VU l'arrêté préfectoral n° 9025 du 28 décembre 1988 approuvant le plan d'exposition aux risques</line>
<line>naturels de ta commune de SAINT MAY,</line></par>
<par>
<line>VU la demande formulée par le conseil municipal de SAINT MAY en date du 25 avril 1995,</line></par>
<par>
<line>VU la délibération du conseil municipal de SAINT MAY en date du 27 avril 1996,</line></par>
<par>
<line>VU les avis des services et organismes concernés.</line></par>
<par>
<line>VU l'arrêté préfectoral n° 96-3361 du 4 Juillet 1996 prescrivant la modification du plan d'exposition aux</line>
<line>risques naturels prévisibles de la commune de SAINT MAY, valant plan de prévention des risques</line>
<line>naturels prévisibles,</line></par>
<par>
<line>VU l’arrêté préfectoral n° 96-3362 du 4 juillet 1996 rendant publique la modification du plan d'exposition</line>
<line>aux risques naturels prévisibles, et prescrivant l'enquête publique sur ce plan,</line></par>
<par>
<line>VU les conclusions de l'enquête publique à laquelle il a été procédé du 6 août 1996 au 10 septembre</line>
<line>1996 Inclus,</line></par>
</text>
</block>
<block><region><rect/></region>
<text>
<par/>
</text>
</block>
<block><region><rect/></region>
<text>
<par>
<line>REPUBLIQUE FRANÇAISE</line>
<line>Libeité Égalité Fraternité</line></par>
</text>
</block>
<block><region><rect/></region>
<text>
<par>
<line>3. boulevard Vauban - 26030 VALENCE Cedex 9 - Téléphone 75 79 26 00 - Télécopie 75 42 87 55</line></par>
</text>
</block>







</page>
<page width="1653" height="2338" resolution="200">
<block><region><rect/></region>
<text>
<par>
<line>SUR PROPOSITION de Monsieur le Directeur Départemental de l’Equipement,</line></par>
</text>
</block>
<block><region><rect/></region>
<text>
<par>
<line>ARRETE</line></par>
</text>
</block>
<block><region><rect/></region>
<text>
<par>
<line>ARTICLE 1er : Est approuvée la modification partielle du plan de prévention des risques naturels</line>
<line>prévisibles de la commune de SAINT MAY, conformément aux conclusions rendues par le commissaire</line>
<line>enquêteur.</line></par>
</text>
</block>
<block><region><rect/></region>
<text>
<par>
<line>ARTICLE 2 : Les documents de modification suivants sont annexés au dossier technique original du plan</line>
<line>de prévention des risques naturels prévisibles :</line></par>
<par>
<line>- Pièce 1 bis : note de présentation des modifications,</line></par>
<par>
<line>- Pièce 3 : règlement modifié (en remplacement de l'ancien règlement).</line></par>
<par>
<line>* Annexe 6 : étude du centre d'études techniques de l’Equipement de Lyon, de mars 1995.</line></par>
</text>
</block>
<block><region><rect/></region>
<text>
<par>
<line>ARTICLE 3. : Les présentes dispositions emportent abrogation des dispositions correspondantes de</line>
<line>l'ancien plan.</line></par>
</text>
</block>
<block><region><rect/></region>
<text>
<par>
<line>ARTICLE 4 : Le plan de prévention des risques naturels prévisibles modifié de la commune de SAINT</line>
<line>MAY est tenu à la disposition du public aux jours et heures ouvrables :</line></par>
<par>
<line>1 °/ à la mairie de SAINT MAY,</line></par>
<par>
<line>2°/ à la Sous-Préfecture de NYONS,</line></par>
<par>
<line>3°/ dans les locaux de la Direction Départementale de l'Equipement de la Drôme, à VALENCE,</line></par>
<par>
<line>4°/ dans les locaux de la Préfecture de la Drôme à VALENCE (Cabinet - Service Interministériel des</line>
<line>Affaires Civiles et Economiques de Défense et Protection Civile).</line></par>
</text>
</block>
<block><region><rect/></region>
<text>
<par>
<line>ARTICLE 5 : Le présent arrêté sera publié au recueil des actes administratifs de la Préfecture et mention</line>
<line>en sera faite en caractères apparents dans les deux journaux ci-après désignés : le Dauphiné Libéré et la</line>
<line>Tribune de Montélimar.</line></par>
<par>
<line>Cet avis sera affiché également en mairie de SAINT MAY et porté à la connaissance du public par tout</line>
<line>autre procédé en usage dans cette commune. Ces mesures de publicité seront justifiées par un certificat</line>
<line>du maire.</line></par>
</text>
</block>
<block><region><rect/></region>
<text>
<par/>
</text>
</block>






</page>
<page width="1653" height="2338" resolution="200">
<block><region><rect/></region>
<text>
<par>
<line>ARTICLE 6 : Des ampliations du présent arrêté ainsi que le dossier de modification approuvé seront</line>
<line>adressées :</line></par>
</text>
</block>
<block><region><rect/></region>
<text>
<par>
<line>- au Maire de la commune de SAINT MAY,</line></par>
<par>
<line>- au Sous-Préfet de NYONS,</line></par>
<par>
<line>- au Directeur Départemental de l'Equipement</line></par>
<par>
<line>- au Chef du Service Interministériel des Affaires Civiles et Economiques de Défense et de Protection</line>
<line>Civile.</line></par>
</text>
</block>
<block><region><rect/></region>
<text>
<par>
<line>ARTICLE 7 : Le Secrétaire Général de la Préfecture de la Drôme, ainsi que M. le Directeur Départemental</line>
<line>de l'Equipement sont chargés, chacun en ce qui le concerne, de l'exécution du présent arrêté.</line></par>
</text>
</block>
<block><region><rect/></region>
<text>
<par>
<line>Fait à VALENCE, le 21 février 1997</line></par>
</text>
</block>
<block><region><rect/></region>
<text>
<par>
<line>Le Préfet,</line></par>
</text>
</block>
<block><region><rect/></region>
<text>
<par>
<line>Jean GODFROID</line></par>
</text>
</block>
<block><region><rect/></region>
<text>
<par>
<line>Pour ampliation :</line></par>
</text>
</block>
<block><region><rect/></region>
<text>
<par>
<line>L'Attaché,</line></par>
</text>
</block>




</page>
</PM1>