<?xml version="1.0" encoding="UTF-8"?><PM1>
<page width="1666" height="2346" resolution="200">
<block><region><rect/></region>
<text>
<par>
<line>Uberti ■ ÉgalUt • Pnttmüé</line></par>
<par>
<line>RÉruBUQpE Française</line></par>
</text>
</block>
<block><region><rect/></region>
<text>
<par>
<line>PRÉFET DE LA HAUTE-LOIRE</line></par>
</text>
</block>
<block><region><rect/></region>
<text>
<par>
<line>DIRECTION DES POLITIQUES PUBLIQUES ET DE L'ADMINISTRATION LOCALE</line></par>
</text>
</block>
<block><region><rect/></region>
<text>
<par>
<line>ARRETE N* DIPPAL-B3-2010/2."I9</line></par>
</text>
</block>
<block><region><rect/></region>
<text>
<par>
<line>portant approbation du Plan de Prévention du Risque Inondation (P.P.R.I.) de L'Allagnon, de la</line>
<line>Voireuze et de la Slanne sur la commune de Blesie</line></par>
<par>
<line>LE PREFET DE LA HAUTE-LOIRE</line></par>
<par>
<line>VU le code de l'urbanisme ;</line></par>
<par>
<line>VU le code de la construction et de l’habitation ;</line></par>
<par>
<line>VU le code de l’expropriation pour cause d’utilité publique, notamment ses articles R 11-4 à R 11-14 ;</line></par>
<par>
<line>VU le code de l'environnement, articles L 562.1 et suivants et R 562-1 et suivants ;</line></par>
<par>
<line>VU l'arrêté préfectoral du 9 mars 2001 prescrivant l'établissement d'un Plan de Prévention du Risque</line>
<line>Inondation (P.P.R.I.) de L'Allagnon, de la Voireuze et de la Slanne sur la commune de Blesie ;</line></par>
<par>
<line>VU les pièces du dossier établi par les services de la Direction Départementale des Territoires ;</line></par>
<par>
<line>VU l’avis favorable du 22 novembre 2008 du conseil municipal de Blesie! ;</line></par>
<par>
<line>VU l’avis réputé favorable de la communauté de communes de Blesie ;</line></par>
<par>
<line>VU l’avis favorable du 7 octobre 2008 du Centre régional de la propriété forestière d’Auvergne ;</line></par>
<par>
<line>VU l’avis favorable du 28 novembre 2008 du Conseil Général de la Haute-Loire ;</line></par>
<par>
<line>VU l’avis favorable émis le 6 octobre 2008 par la chambre d’agriculture ;</line></par>
<par>
<line>VU le dossier adressé à la Préfecture le 14 janvier 2009 pour être soumis à enquête publique ;</line></par>
<par>
<line>VU l'arrêté préfectoral n° D2-B1-2009/53 du 4 février 2009 prescrivant l'enquête publique relative au projet</line>
<line>d'établissement d'un Plan de Prévention du Risque Inondation (P.P.R.I.) de L’Allagnon, de la Voireuze et de</line>
<line>la Slanne sur la commune de Blesie du 2 mars au 2 avril 2009 inclus ;</line></par>
<par>
<line>VU l’avis favorable émis le 9 avril 2009 par le commissaire enquêteur ;</line></par>
<par>
<line>Considérant que les résultats de ladite enquête ne nécessitent pas de modification du dossier ;</line></par>
<par>
<line>SUR proposition du Directeur Départemental des Territoires ;</line></par>
</text>
</block>
<block><region><rect/></region>
<text>
<par>
<line>ARRETE:</line></par>
</text>
</block>
<block><region><rect/></region>
<text>
<par>
<line>ARTICLE 1er - Est approuvé, tel qu’il est annexé au présent arrêté, le Plan de Prévention du Risque</line>
<line>Inondation (PPRI) de L’Allagnon, de la Voireuze et de la Slanne sur la commune de Blesie.</line></par>
<par>
<line>ARTICLE 2 - Le présent arrêté fera l’objet d'une mention au recueil des actes administratifs de la Préfecture</line>
<line>ainsi que dans un journal diffusé dans le département.</line></par>
<par>
<line>ARTICLE 3 - Une copie du présent arrêté sera affichée à la mairie de Blesie et au siège de la communauté</line>
<line>de communes de Blesie pendant une durée minimum de 1 mois.</line></par>
</text>
</block>











</page>
<page width="1671" height="2350" resolution="200">
<block><region><rect/></region>
<text>
<par>
<line>ARTICLE 4 - Le Plan de Prévention du Risque Inondation sera tenu à la disposition du public :</line></par>
</text>
</block>
<block><region><rect/></region>
<text>
<par>
<line>- à la Préfecture de la Haute-Loire,</line></par>
<par>
<line>- à la Direction Départementale des Territoires,</line></par>
<par>
<line>- à la Mairie de Blesie,</line></par>
<par>
<line>- au siège de la communauté de communes de Blesie.</line></par>
<par>
<line>ARTICLE 5 - Le présent arrêté sera notifié à :</line></par>
<par>
<line>- M. le Maire de Blesie,</line></par>
<par>
<line>- M le Président de la communauté de communes de Blesie,</line></par>
<par>
<line>- M. le Directeur Départemental des Territoires,</line></par>
<par>
<line>- M. le Directeur Régional de l'Environnement, de l'Aménagement et du Logement d'Auvergne,</line></par>
<par>
<line>- M le Ministre de l'Ecologie, de l’Énergie, du Développement Durable et de la Mer.</line></par>
<par>
<line>ARTICLE 6 - Le présent P.P.R.I. valant servitude d'utilité publique sera annexé au document d'urbanisme de</line>
<line>la commune de Blesie qui sera mis à jour conformément aux dispositions prévues à l'article R 126.2 du code</line>
<line>de l'urbanisme.</line></par>
<par>
<line>ARTICLE 7 - Le Secrétaire Général de la Préfecture de la Haute-Loire, le Directeur des Services du Cabinet,</line>
<line>le Maire de Blesie, le Président de la communauté de communes de Blesie et le Directeur Départemental</line>
<line>des Territoires sont chargés, chacun en ce qui le concerne, de l’exécution du présent arrêté.</line></par>
</text>
</block>
<block><region><rect/></region>
<text>
<par>
<line>Au PUY-EN-VELAY, le 2 1</line></par>
</text>
</block>
<block><region><rect/></region>
<text>
<par>
<line>Pour le Préfet</line></par>
</text>
</block>
<block><region><rect/></region>
<text>
<par>
<line>ecretairé Gén</line></par>
</text>
</block>
<block><region><rect/></region>
<text>
<par>
<line>Robert R</line></par>
</text>
</block>
<block><region><rect/></region>
<text>
<par>
<line>ETTE</line></par>
</text>
</block>
<block><region><rect/></region>
<text>
<par>
<line>2/2</line></par>
</text>
</block>









</page>
</PM1>