<?xml version="1.0" encoding="UTF-8"?><PM1>
<page width="2487" height="3520" resolution="301">
<block><region><rect/></region>
<text>
<par>
<line>mm</line></par>
<par>
<line>Liberté • Egalité • Fraternité</line></par>
<par>
<line>république Française</line>
<line>PRÉFET DE L'AIN</line></par>
</text>
</block>
<block><region><rect/></region>
<text>
<par>
<line>Direction départementale des territoires</line></par>
</text>
</block>
<block><region><rect/></region>
<text>
<par>
<line>Service Prospective Urbanisme Risques</line></par>
</text>
</block>
<block><region><rect/></region>
<text>
<par>
<line>Unité Prévention des Risques</line></par>
</text>
</block>
<block><region><rect/></region>
<text>
<par>
<line>A R R E T E</line></par>
<par>
<line>portant approbation de la modification</line>
<line>du plan de prévention des risques naturels prévisibles</line>
<line>de la commune de Pont d'Ain</line></par>
<par>
<line>Le Préfet de l'Ain</line></par>
</text>
</block>
<block><region><rect/></region>
<text>
<par>
<line>Vu le code de l’environnement, notamment ses articles L.562-1 à L.562-9, L.125-5, et R.562-1 à R.562-10,</line>
<line>R.563-1 à R.563-8, D.563-8-1, R.125-23 à R.125-27 ;</line></par>
<par>
<line>Vu la loi n° 82-600 du 13 juillet 1982 relative à l’indemnisation des victimes des catastrophes naturelles ;</line></par>
<par>
<line>Vu l’arrêté préfectoral n° IAL2011_01 du 19 avril 2011 relatif à la liste des communes où s’applique l’article</line>
<line>L.125-5 du code de l’environnement ;</line></par>
<par>
<line>Vu l’arrêté préfectoral n° 2006-68 du 15 février 2006 modifié le 11 juin 2010, relatif à l'information des</line>
<line>acquéreurs et des locataires de biens immobiliers sur les risques majeurs sur la commune de Pont d'Ain ;</line></par>
<par>
<line>Vu l’arrêté préfectoral du 23 septembre 2013 prescrivant la modification du plan de prévention des risques</line>
<line>et la mise à disposition du public du dossier de modification du 14 octobre 2013 au 14 novembre 2013 ;</line></par>
<par>
<line>Sur proposition du directeur départemental des territoires ;</line></par>
</text>
</block>
<block><region><rect/></region>
<text>
<par>
<line>ARRÊTE</line></par>
</text>
</block>
<block><region><rect/></region>
<text>
<par>
<line>Article 1er</line></par>
<par>
<line>Est approuvée, telle qu’elle est annexée au présent arrêté, la modification du plan de prévention des</line>
<line>risques "inondation" sur la commune de Pont d'Ain.</line></par>
<par>
<line>Article 2</line></par>
<par>
<line>Le dossier de modification se compose d’une note de présentation, d’un extrait de la carte des aléas avant</line>
<line>modification, d’un extrait de la carte des aléas après modification, d’un extrait du plan de zonage avant</line>
<line>modification, d’un extrait du plan de zonage après modification, du règlement avant modification et du</line>
<line>règlement après modification.</line></par>
<par>
<line>Le dossier est tenu à la disposition du public :</line></par>
<par>
<line>- à la mairie de Pont d'Ain,</line></par>
<par>
<line>- à la DDT de l’Ain,</line></par>
<par>
<line>- à la préfecture de l’Ain.</line></par>
<par>
<line>Article 3</line></par>
<par>
<line>Le présent arrêté est publié au recueil des actes administratifs de la préfecture et mention en est faite en</line>
<line>caractères apparents dans le journal ci-après désigné “Le Progrès”. Un exemplaire du journal est annexé</line>
<line>à la copie du présent arrêté.</line></par>
<par>
<line>Cet avis est affiché notamment en mairie de Pont d'Ain pendant au moins un mois et porté à la</line>
<line>connaissance du public par tout autre procédé en usage dans la commune. Ces mesures de publicité sont</line>
<line>justifiées par un certificat du maire.</line></par>
</text>
</block>

</page>
<page width="2479" height="3508" resolution="300">
<block><region><rect/></region>
<text>
<par>
<line>Article 4</line></par>
<par>
<line>Les éléments nécessaires à l’établissement de l’état des risques destinés à l’information sur les risques</line>
<line>naturels et technologiques majeurs des acquéreurs et des locataires de biens immobiliers situés dans la</line>
<line>commune de Pont d'Ain et consignés dans le dossier communal d’informations sur les risques, annexé à</line>
<line>l'arrêté n° 2011_01 du 19 avril 2011, sont modifiés en conséquence de la présente approbation.</line></par>
<par>
<line>Le directeur départemental des territoires est chargé de ces modifications qui sont transmises :</line></par>
<par>
<line>- à la préfecture,</line></par>
<par>
<line>- au maire de la commune,</line></par>
<par>
<line>- à la chambre départementale des notaires.</line></par>
<par>
<line>Les éléments du dossier communal d'information sur les risques sont consultables sur le site Internet de</line>
<line>l'État dans le département de l'Ain (www.ain.gouv.fr) et le dossier est tenu à la disposition du public :</line></par>
<par>
<line>1- à la mairie,</line></par>
<par>
<line>2- à la préfecture de l'Ain.</line></par>
<par>
<line>Article 5</line></par>
<par>
<line>En application de l’article R.123-22 du code de l’urbanisme, un arrêté pris par le maire de Pont d'Ain</line>
<line>constate qu’il a été procédé à la mise à jour du plan local d’urbanisme. A défaut d’accomplissement de</line>
<line>cette procédure dans le délai de trois mois suivant la notification du présent arrêté, un arrêté préfectoral</line>
<line>procède à cette mise à jour.</line></par>
<par>
<line>Article 6</line></par>
<par>
<line>Des copies du présent arrêté sont adressées :</line></par>
<par>
<line>- au maire de la commune de Pont d'Ain,</line></par>
<par>
<line>- au directeur régional de l’environnement, de l'aménagement et du logement,</line></par>
<par>
<line>- au directeur départemental des territoires de l’Ain.</line></par>
<par>
<line>Article 7</line></par>
<par>
<line>Le secrétaire général de la préfecture, le maire de Pont d'Ain et le directeur départemental des territoires</line>
<line>sont chargés, chacun en ce qui le concerne, de l’exécution du présent arrêté.</line></par>
</text>
</block>
<block><region><rect/></region>
<text>
<par>
<line>A Bourg-en-Bresse, le 20 janvier 2014</line>
<line>Le Préfet,</line></par>
<par>
<line>signé Laurent TOUVET</line></par>
</text>
</block>
<block><region><rect/></region>
<text>
<par>
<line>2/2</line></par>
</text>
</block>
</page>
</PM1>