<?xml version="1.0" encoding="UTF-8"?><PM1>
<page width="1675" height="2344" resolution="200">
<block><region><rect/></region>
<text>
<par>
<line>Ubtnf • Égalité • FraierniU</line></par>
<par>
<line>RÉPUBLIQUE Française</line></par>
</text>
</block>
<block><region><rect/></region>
<text>
<par>
<line>PREFECTURE DE HAUTE-CORSE</line></par>
</text>
</block>
<block><region><rect/></region>
<text>
<par>
<line>direction</line>
<line>départementaie</line>
<line>de l'Équipement</line></par>
<par>
<line>m</line></par>
<par>
<line>service de</line>
<line>l'urbanisme</line>
<line>et de l'habitat</line></par>
</text>
</block>
<block><region><rect/></region>
<text>
<par>
<line>ARRETE N°^CO.S - 4^^ 3-</line>
<line>En date du 2 3 HAI 2005</line>
<line>Portant approbation du Plan de Prévention du</line>
<line>Risque « Inondation » sur le territoire de la</line>
<line>commune de BRANDO</line></par>
</text>
</block>
<block><region><rect/></region>
<text>
<par>
<line>LE PREFET DE HAUTE-CORSE</line>
<line>CHEVALIER DE LA LEGION D’HONNEUR</line></par>
</text>
</block>
<block><region><rect/></region>
<text>
<par>
<line>Vu la loi n° 95-101 du 02 février 1995 relative au renforcement de la protection de</line>
<line>l’environnement, modifiant et complétant la loi n° 87-565 du 22 juillet 1987 ;</line></par>
<par>
<line>Vu les articles L 562-1 à L 562-9 du Code de l’environnement, et notamment</line>
<line>l’article L 562-7 ;</line></par>
<par>
<line>Vu le décret n°2005-3 du 4 janvier 2005 modifiant le décret n° 95-1089 du 5</line>
<line>octobre 1995 relatif aux plans de prévention des risques naturels prévisibles;</line></par>
<par>
<line>Vu l’arrêté préfectoral n° 03/899 du 13 août 2003 portant prescription d’un plan de</line>
<line>prévention face au risque « inondation » sur le territoire de la commune de</line>
<line>BRANDO,</line></par>
<par>
<line>Vu l’étude effectuée par SOGREAH terminée en décembre 2004;</line></par>
<par>
<line>Vu la concertation effectuée notamment la transmission du plan provisoire à la</line>
<line>mairie faite le 25 février 2004, suivi de modifications en octobre 2004 ;</line></par>
<par>
<line>Vu la demande d’avis auprès de la mairie de BRANDO du 22 février 2005 ;</line></par>
<par>
<line>Vu l’avis réputé favorable de la mairie de BRANDO</line></par>
<par>
<line>Vu la demande d’avis auprès de la Chambre d’Agriculture le 14 février 2005</line></par>
<par>
<line>Vu l’avis réputé favorable de la Chambre d’Agriculture</line></par>
</text>
</block>

</page>
<page width="1680" height="2347" resolution="200">
<block><region><rect/></region>
<text>
<par>
<line>2/2</line></par>
</text>
</block>
<block><region><rect/></region>
<text>
<par>
<line>Vu l’arrêté préfectoral n° 2005-48 du 18 février 2005 prescrivant l’ouverture de</line>
<line>l’enquête publique préalable à l’approbation du plan de prévention du risque</line>
<line>« inondation » sur le territoire de la commune de BRANDO ;</line></par>
<par>
<line>Vu l’enquête publique qui s’est déroulée du 15mars 2005 au 13 avril 2005 inclus ;</line></par>
<par>
<line>Vu l’avis favorable du commissaire enquêteur en date du 11 mai 2005 ;</line></par>
<par>
<line>Sur proposition du Directeur Départemental de l’Equipement,</line></par>
</text>
</block>
<block><region><rect/></region>
<text>
<par>
<line>ARRETE</line></par>
<par>
<line>Article Le plan de prévention du risque « inondation» sur le territoire de la</line>
<line>commune de BRANDO est approuvé tel qu’il est annexé au présent arrêté.</line></par>
<par>
<line>Article 2 : Le maire de la commune de BRANDO est tenu d’annexer le plan de</line>
<line>prévention des risques inondation au POS dans un délai de trois mois. A défaut un</line>
<line>arrêté préfectoral l’annexera.</line></par>
<par>
<line>Article 3 : Le présent arrêté sera publié au recueil des actes administratifs de la</line>
<line>Préfecture, ainsi que dans deux journaux régionaux ou locaux diffusés dans le</line>
<line>département.</line></par>
<par>
<line>Article 4 : Une copie du présent arrêté sera affichée pendant 1 mois au minimum en</line>
<line>mairie de BRANDO.</line></par>
<par>
<line>Article 5 : Le plan approuvé sera tenu à la disposition du public en Préfecture</line>
<line>(direction départementale de l’équipement, service de l’urbanisme et de l’habitat,</line>
<line>bureau de l’aménagement) et à la mairie de BRANDO.</line></par>
<par>
<line>Cette mesure de publicité fera l’objet d’une mention sur l’affichage prévu à l’article</line>
<line>4 ci-dessus.</line></par>
</text>
</block>
<block><region><rect/></region>
<text>
<par>
<line>Article 6 : Le Sous-Préfet Directeur de Cabinet, le Directeur Départemental de</line>
<line>l’Équipement, le Maire de BRANDO sont chargés, chacun en ce qui le concerne, de</line>
<line>l’exécution du présent arrêté qui sera adressé au Directeur de l’Office de</line>
<line>l’Environnement de la Corse, au Directeur Régional de l’Environnement, au</line>
<line>Directeur Régional de l’Équipement, au Directeur du Service Départemental</line>
<line>d’incendie et de Secours, au Directeur Départemental de l’Agriculture et de la</line>
<line>Forêt, au Directeur Départemental de l’Équipement et au Maire de la commune de</line></par>
</text>
</block>
<block><region><rect/></region>
<text>
<par>
<line>BRANDO.</line></par>
</text>
</block>
<block><region><rect/><rect/><rect/></region>
<text>
<par>
<line>PourJe Piléi</line>
<line>le Sous-pJ</line></par>
</text>
</block>
<block><region><rect/><rect/><rect/></region>
<text>
<par>
<line>tt et par délégation,</line>
<line>ît. Directeur de Cabinet,</line></par>
</text>
</block>
<block><region><rect/></region>
<text>
<par>
<line>Vincent BERTON</line></par>
</text>
</block>
</page>
</PM1>