<?xml version="1.0" encoding="UTF-8"?><PM1>
<page width="2479" height="3504" resolution="300">
<block><region><rect/></region>
<text>
<par>
<line>Liberté * Égalité • Fraternité</line></par>
<par>
<line>République Française</line></par>
</text>
</block>
<block><region><rect/></region>
<text>
<par>
<line>PRÉFECTURE DE SAONE ET LOIRE</line></par>
</text>
</block>
<block><region><rect/></region>
<text>
<par>
<line>direction</line>
<line>départementale</line>
<line>de fÉqnipement</line></par>
</text>
</block>
<block><region><rect/></region>
<text>
<par>
<line>Service Urbanisme</line>
<line>Environnement</line>
<line>et Développement</line></par>
</text>
</block>
<block><region><rect/></region>
<text>
<par>
<line>ARRETE n“û(,Jx&gt;-32.</line></par>
</text>
</block>
<block><region><rect/></region>
<text>
<par>
<line>portant approbation du plan de prévention</line>
<line>du risque naturel prévisible inondation</line></par>
<par>
<line>de la rivière «La Seille»</line>
<line>sur la commune de VINCELLES</line></par>
</text>
</block>
<block><region><rect/></region>
<text>
<par>
<line>Le Préfet de Saône-et-Loire,</line>
<line>Chevalier de la Légion d'Honnenr,</line></par>
</text>
</block>
<block><region><rect/></region>
<text>
<par>
<line>37 boulevard Henri</line>
<line>Dunant BP 94029</line>
<line>téléphone :</line></par>
<par>
<line>03 85 21 28 00</line>
<line>télécopie :</line></par>
<par>
<line>03 85 38 01 55</line></par>
<par>
<line>mél DDE-Saone-et-Loire</line></par>
<par>
<line>@equipement.gouv.fr</line></par>
</text>
</block>
<block><region><rect/></region>
<text>
<par>
<line>Vu le Code de TUrbanisme ;</line></par>
<par>
<line>Vu le Code de l’Environnement, notamment ses articles L.562.1 et L.562.9 ;</line></par>
<par>
<line>Vu le Code de la Construction et de THabitat, notamment l’article R.351 ;</line></par>
<par>
<line>Vu le Code des assurances, notamment l’article L. 125.1 et L.125.6 ;</line></par>
<par>
<line>Vu le Code de l’expropriation pour cause d’utilité publique et notamment les articles R</line>
<line>ll-4àR14;</line></par>
<par>
<line>Vu la loi n° 82.600 du 13 juillet 1982 relative à Tlndemnisation des victimes des</line>
<line>catastrophes naturelles, modifiée par la loi n° 87.565 du 22 juillet 1987 relative à</line>
<line>l’organisation de la séciuité civile, à la protection de la forêt contre l’incendie et à la</line>
<line>prévention des risques majeurs, et par la loi n° 90.509 du 25 juin 1990 modifiant le</line>
<line>code des assurances et portant extension aux départements d’Outre Mer du régime</line>
<line>d’indemnisation des catastrophes naturelles, et notamment ses articles 5 et 5-1 ;</line></par>
</text>
</block>

<block blockType="Picture" blockName="" l="1292" t="70" r="1416" b="195"><region><rect/></region>
</block>
</page>
<page width="2479" height="3504" resolution="300">
<block><region><rect/></region>
<text>
<par>
<line>2/3</line></par>
</text>
</block>
<block><region><rect/></region>
<text>
<par>
<line>Vu la loi n° 95-101 du 2 février 1995 relative au renforcement de la protection de</line>
<line>l’environnement, notamment les articles 40.1 à 40.7 ;</line></par>
<par>
<line>Vu la loi n° 03-699 du 30 juillet 2003 relative à la prévention des risques</line>
<line>technologiques et naturels et à l’indemnisation des victimes ;</line></par>
<par>
<line>Vu le décret n° 95-1089 du 5 octobre 1995 relatif à l’élaboration des plans de</line>
<line>prévention du risque naturel prévisible :</line></par>
<par>
<line>Vu l’arrêté préfectoral n° 004969 du 28 novembre 2000, prescrivant l’établissement</line>
<line>d’un plan de prévention du risque naturel prévisible inondation du bassin de la Seille</line>
<line>sur la commune de VINCELLES;</line></par>
<par>
<line>Vu l’arrêté préfectoral du 17 juillet 2002 prescrivant l’ouverture d’une enquête</line>
<line>publique sur le plan de prévention du risque naturel prévisible inondation du bassin de</line>
<line>la Seille de la commune de VINCELLES;</line></par>
<par>
<line>Vu le procès-verbal de l’enquête publique à laquelle il a été procédé du 9 septembre au</line>
<line>11 octobre 2002 inclus et l’avis favorable du commissaire enquêteur ;</line></par>
<par>
<line>Vu la délibération du Conseil Municipal de la commune de VINCELLES en date du</line>
<line>22 octobre 2002 ;</line></par>
<par>
<line>Vu l’avis réputé favorable de la Chambre d’Agriculture et l’avis favorable du Centre</line>
<line>Régional de la propriété forestière de Bourgogne ;</line></par>
<par>
<line>Vu les pièces du dossier concernant le projet du plan de prévention du risque naturel</line>
<line>prévisible inondation de la Seille sur le territoire de la commune de VINCELLES</line>
<line>transmis par le Directeur de la Direction Départementale de l’Equipement de Saône-et-</line>
<line>Loire ;</line></par>
<par>
<line>Sur proposition de monsieur le secrétaire général de la préfecture de Saône et Loire,</line></par>
</text>
</block>
<block><region><rect/></region>
<text>
<par>
<line>ARRETE</line></par>
</text>
</block>
<block><region><rect/></region>
<text>
<par>
<line>Article 1er</line></par>
</text>
</block>
<block><region><rect/></region>
<text>
<par>
<line>a) Est approuvé, tel qu’il est aimexé au présent arrêté, le plan de prévention du risque</line></par>
<par>
<line>naturel prévisible inondation « Seille » de la commune de VINCELLES ;</line></par>
<par>
<line>b) Ce plan de prévention du risque naturel prévisible inondation « Seille » comporte :</line></par>
<par>
<line>1 - im rapport de présentation</line></par>
<par>
<line>2 - ime carte d’aléas au 1/5000^*“® ;</line></par>
<par>
<line>2 - im plan de zonage réglementaire au 1/5000^“^</line></par>
<par>
<line>3 - un règlement ;</line></par>
</text>
</block>

</page>
<page width="2509" height="3525" resolution="300">
<block><region><rect/></region>
<text>
<par>
<line>3/3</line></par>
</text>
</block>
<block><region><rect/></region>
<text>
<par>
<line>c)Il est tenu à la disposition du public avec l’ensemble des documents de la procédure :</line></par>
<par>
<line>- à la Mairie de VINCELLES</line></par>
<par>
<line>- dans les locaux de la Préfecture de Saône-et-Loire à Mâcon</line></par>
<par>
<line>• dans les locaux de la Direction Départementale de l’Equipement de Saône-et-Loire</line></par>
</text>
</block>
<block><region><rect/></region>
<text>
<par>
<line>Article 2</line></par>
</text>
</block>
<block><region><rect/></region>
<text>
<par>
<line>Le présent arrêté sera publié au recueil des actes administratifs de la Préfecture et</line>
<line>mention apparente sera faite dans les trois journaux ci-après désignés :</line></par>
</text>
</block>
<block><region><rect/></region>
<text>
<par>
<line>- L’Indépendant Louhannais</line></par>
<par>
<line>- Le journal de Saône-et-Loire</line></par>
<par>
<line>- Le journal du Dimanche</line></par>
</text>
</block>
<block><region><rect/></region>
<text>
<par>
<line>Cet arrêté sera affiché pendant trente (30) jours en mairie de VINCELLES et porté à la</line>
<line>connaissance du public par tout autre procédé en usage dans la commune de</line>
<line>VINCELLES. Ces mesures de publicité seront justifiées par un certificat du maire et un</line>
<line>exemplaire des journaux sera annexé à la copie du présent arrêté affiché en mairie.</line></par>
<par>
<line>Article 3</line></par>
</text>
</block>
<block><region><rect/></region>
<text>
<par>
<line>Des ampliations du présent arrêté seront adressées à :</line></par>
<par>
<line>M. Le Maire de la commune de VINCELLES,</line></par>
<par>
<line>M. le Directeur du Centre Régional de la Propriété Forestière de Bourgogne,</line></par>
<par>
<line>M. le Président de la Chambre d’Agriculture de Saône-et-Loire,</line></par>
<par>
<line>M. l’Ingénieur en Chef du Service Navigation Rhône-Saône à Lyon,</line></par>
<par>
<line>M. le Directeur Départemental de l’Equipement de Saône-et-Loire,</line></par>
<par>
<line>M. le Directeur Départemental de l’Agriculture et de la Forêt de Saône-et-Loire,</line>
<line>M. le Directeur Régional de l’Lidustrie, de la Recherche et de l’Enviromiement,</line>
<line>M. le Délégué aux Risques Majeurs,</line></par>
<par>
<line>M. le Directeur Régional de l’Environnement,</line></par>
<par>
<line>M. le Directeur des Services Fiscaux.</line></par>
<par>
<line>Article 4</line></par>
</text>
</block>
<block><region><rect/></region>
<text>
<par>
<line>Monsieur le Secrétaire Général de la Préfecture de Saône-et-Loire et Monsieur le</line>
<line>Directeur de la Direction Départementale de l’Equipement sont chargés, chacun en ce</line>
<line>qui le concerne, de l’exécution du présent arrêté.</line></par>
<par>
<line>Fait à Mâcon, le Q 1 JülL 2004</line></par>
</text>
</block>
<block><region><rect/></region>
<text>
<par>
<line>Le Préfet,</line></par>
</text>
</block>
<block><region><rect/></region>
<text>
<par>
<line>Didier LAUEMENT</line></par>
</text>
</block>



</page>
</PM1>