<?xml version="1.0" encoding="UTF-8"?><PM1>
<page width="1654" height="2340" resolution="200">
<block><region><rect/></region>
<text>
<par>
<line>Ubtrié • Égalité • Fratêritilé</line></par>
<par>
<line>RÉPUBuauE Française</line></par>
</text>
</block>
<block><region><rect/></region>
<text>
<par>
<line>PREFECTURE DE CORSE</line>
<line>PREFECTURE DE LA CORSE DU SUD</line></par>
<par>
<line>CABINET DU PREFET</line></par>
<par>
<line>Service Interministériel Régional de Défense et de Protection Civiles</line></par>
</text>
</block>
<block><region><rect/></region>
<text>
<par>
<line>ARRETE N° 07-</line></par>
<par>
<line>Approuvant le Plan de Prévention des Risques dTnondation</line>
<line>dans le bassin versant d'« ARONE »</line>
<line>commune de Piana</line></par>
<par>
<line>LE SECRETAIRE GENERAL, CHARGE DE L’ADMINISTRATION DE L’ETAT DANS LE</line></par>
<par>
<line>DEPARTEMENT,</line></par>
<par>
<line>Vu le Code de l'Environnement et notamment ses articles L.562-1 à L.562-9 ;</line></par>
<par>
<line>Vu la loi 2003-699 du 30 juillet 2003 relative à la prévention des risques technologiques et naturels et à la</line>
<line>réparation des dommages, et ses décrets d’application ;</line></par>
<par>
<line>Vu la loi n°2004-811 du 13 août 2004 de modernisation de la sécurité civile abrogeant la loi n° 87.565 du 22</line>
<line>juillet 1987 relative à l’organisation de la sécurité civile, à la protection de la forêt contre l’incendie et à la</line>
<line>prévention des risques majeurs ;</line></par>
<par>
<line>Vu le décret n°95-1089 du 5 Octobre 1995, modifié, relatif aux plans de prévention des risques naturels</line>
<line>prévisibles ;</line></par>
<par>
<line>Vu le décret n°2004-374 du 29 Avril 2004, relatif aux pouvoirs des Préfets, à l'organisation et à l'action des</line>
<line>services de l'Etat dans les régions et départements;</line></par>
<par>
<line>Vu le décret du Président de la République du 26 juillet 2004 nommant M. Arnaud COCHET, secrétaire</line>
<line>général de la préfecture de la Corse du Sud ;</line></par>
<par>
<line>Vu l’arrêté préfectoral n°03-15O9 du 7 Août 2003 prescrivant l’établissement d’un plan de prévention des</line>
<line>risques d’inondation sur une partie du territoire de la commune de Piana, dans le bassin versant</line>
<line>d’« ARONE »;</line></par>
<par>
<line>Vu l’étude hydraulique réalisée en 1999 par le bureau d'études BRL Ingénierie, en vue d'évaluer le risque</line>
<line>inondation dans le bassin versant d'« ARONE » ;</line></par>
<par>
<line>Vu le projet de plan de prévention des risques établi sur la base de ces études ;</line></par>
<par>
<line>Vu la lettre de consultation de la commune adressée à Mme le Maire de Piana le 7 juillet 2007 et considérant</line>
<line>l'avis réputé favorable du conseil municipal, faute d'avis exprimé par délibération ;</line></par>
</text>
</block>

</page>
<page width="1706" height="2377" resolution="200">
<block><region><rect/></region>
<text>
<par>
<line>Vu l’avis de la Chambre Départementale d’Agriculture de la Corse du Sud en date du 7 Juillet 2006 ;</line></par>
<par>
<line>Vu l’avis du Centre Régional de la Propriété Forestière en date du 21 Juillet 2006 ;</line></par>
<par>
<line>Vu l’arrêté préfectoral n®06/1406 du 16 Octobre 2006, prescrivant l’ouverture d’une enquête publique</line>
<line>relative au projet de plan de prévention des risques d’inondation dans le bassin versant d'« ARONE » ;</line></par>
<par>
<line>Vu le rapport et les conclusions du Commissaire enquêteur remis le 8 décembre 2006 ;</line></par>
<par>
<line>Sur proposition de M. le Sous&gt;Préfet, Directeur de Cabinet,</line></par>
<par>
<line>ARRETE</line></par>
</text>
</block>
<block><region><rect/><rect/><rect/></region>
<text>
<par>
<line>Article 1-</line></par>
<par>
<line>Le plan de prévention des risques d’inondation dans le bassin versant d'« ARONE », couvrant une partie du</line>
<line>territoire de la commune de Piana, est approuvé tel qu’il est annexé au présent arrêté . Ce plan est constitué :</line></par>
<par>
<line>- d’une note de présentation du PPRi</line></par>
<par>
<line>- d’une carte de zonage réglementaire au l/5000éme</line></par>
<par>
<line>- d’un règlement du PPRi</line></par>
<par>
<line>Article 2-</line></par>
<par>
<line>Le présent arrêté fera l’objet d’une mention au recueil des actes administratifs de</line>
<line>ainsi que dans deux journaux régionaux ou locaux diffusés dans le département.</line></par>
<par>
<line>De même, une copie de cet arrêté sera affichée pendant un mois en mairie de</line>
<line>laquelle le plan approuvé est applicable.</line></par>
<par>
<line>Le plan approuvé sera tenu à la disposition du public en préfecture et en mairie.</line></par>
<par>
<line>Cette mesure de publicité fera l’objet d’unè mention avec les publications de l’affichage prévues à l’alinéa</line>
<line>précédent.</line></par>
<par>
<line>Article 3-</line></par>
<par>
<line>MM. Le Sous-Préfet, Directeur de Cabinet, Mme le Maire de Piana sont chargés, chacun en ce qui le</line>
<line>concerne, de l'exécution du présent arrêté dont ampliation sera adressée à :</line></par>
<par>
<line>- M. le Secrétaire Général, chargé de l’administration de l’Etat dans le département de la Corse du Sud</line></par>
<par>
<line>- M. le Directeur Régional et Départemental de l’Equipement</line></par>
<par>
<line>- M. le Directeur Départemental Adjoint au Directeur Régional de l’Agriculture et de la Forêt chargé des</line>
<line>affaires départementales</line></par>
<par>
<line>- Mme la Directrice Régionale de la Recherche, de l’Industrie et de l’Environnement</line></par>
<par>
<line>- M. le Chef du Service Départemental d’incendie et de Secours de la Corse du Sud</line></par>
</text>
</block>
<block><region><rect/></region>
<text>
<par>
<line>l’Etat dans le département</line>
<line>Piana, sur le territoire de</line></par>
</text>
</block>
<block><region><rect/></region>
<text>
<par>
<line>Fait à Ajaccio , le</line></par>
</text>
</block>
<block><region><rect/></region>
<text>
<par/>
</text>
</block>
<block><region><rect/></region>
<text>
<par>
<line>2 8 JUIN 2007</line></par>
</text>
</block>
<block><region><rect/></region>
<text>
<par>
<line>Le secrétaire général chargé</line>
<line>de l’admimstration de l’Etat dans le département,</line></par>
</text>
</block>
<block><region><rect/></region>
<text>
<par/>
</text>
</block>
<block><region><rect/></region>
<text>
<par>
<line>Amaud/COCH</line></par>
</text>
</block>
</page>
</PM1>