<?xml version="1.0" encoding="UTF-8"?><PM1>
<page width="2495" height="3515" resolution="300">
<block><region><rect/></region>
<text>
<par>
<line>Liberté * Égalité • Fraternité</line></par>
<par>
<line>République Française</line></par>
</text>
</block>
<block><region><rect/></region>
<text>
<par>
<line>direction</line>
<line>départementale</line>
<line>de l’Équipement</line></par>
<par>
<line>Sa5ne-et-E.sire</line></par>
<par>
<line>m</line></par>
<par>
<line>Service Urbanisme</line>
<line>Environnement</line>
<line>et [)éveloppement</line></par>
</text>
</block>
<block><region><rect/></region>
<text>
<par>
<line>37 boulevard Henri</line>
<line>Dunant BP 94029</line>
<line>téléphone ;</line></par>
<par>
<line>03 S5 2128 00</line>
<line>télécopie :</line></par>
<par>
<line>03 85 38 01 5S</line></par>
<par>
<line>mél DDE'Saone-et'Loire</line></par>
<par>
<line>@eq uipenienLgouv.fr</line></par>
</text>
</block>
<block><region><rect/></region>
<text>
<par>
<line>PRÉFECTURE DE SAONE ET LOIRE</line></par>
</text>
</block>
<block><region><rect/></region>
<text>
<par>
<line>ARRETE A" ÛS.395^</line></par>
</text>
</block>
<block><region><rect/></region>
<text>
<par>
<line>portant approbation du plan de prévention</line>
<line>du risque naturel prévisible inondation</line>
<line>de la rivière «Botoret»</line></par>
<par>
<line>sur la commune de SAINT-IGNY-DE-ROCHE</line></par>
</text>
</block>
<block><region><rect/></region>
<text>
<par>
<line>Le Préfet de Saône-et-Loire</line></par>
</text>
</block>
<block><region><rect/></region>
<text>
<par>
<line>Vu le Code de l’Environnement et notamment ses articles L123.1 et suivant et L562.1 à</line>
<line>L.562.9 ;</line></par>
<par>
<line>Vu le code des Assurances et notamment ses articles L125.1 à L125.6 ;</line></par>
<par>
<line>Vu le code de l’Urbanisme ;</line></par>
<par>
<line>Vu le code de la Construction et de l’Habitat ;</line></par>
<par>
<line>Vu le décret n° 95-1089 du 5 octobre 1995 modifié, relatif à l’élaboration des plans de</line>
<line>prévention des risques naturels prévisibles ;</line></par>
<par>
<line>Vu l’arrêté préfectoral n° 2002.3899 du 27 novembre 2002, prescrivant l’établissement</line>
<line>d’un plan de prévention du risque naturel prévisible inondation du Botoret sur la</line>
<line>commune de SAINT-IGNY-DE-ROCHE ;</line></par>
<par>
<line>Vu Tarrêté préfectoral du 27 avril 2005 prescrivant l’ouverture d’une enquête publique</line>
<line>sur le plan de prévention du risque naturel prévisible inondation du Botoret sur la</line>
<line>commune de SAINT-IGNY-DE-ROCHE ;</line></par>
<par>
<line>Vu le procès-verbal de l’enquête publique à laquelle il a été procédé du 30 mai au</line>
<line>29 juin 2005 inclus et l’avis favorable du commissaire enquêteur ;</line></par>
<par>
<line>Vu la délibération du Conseil Municipal de la commune de SAINT-IGNY-DE-ROCHE</line>
<line>en date du 27 juin 2005 ;</line></par>
<par>
<line>Vu les avis de la Chambre d’Agriculture et du Centre Régional de la propriété forestière</line>
<line>de Bourgogne ;</line></par>
</text>
</block>


</page>
<page width="2488" height="3511" resolution="300">
<block><region><rect/></region>
<text>
<par>
<line>2/3</line></par>
</text>
</block>
<block><region><rect/></region>
<text>
<par>
<line>Vu les pièces du dossier concernant le projet du plan de prévention du risque naturel</line>
<line>prévisible inondation du Botoret sur le territoire de la commune de SAINT-IGNY-DE-</line>
<line>ROCHE transmis par le directeur de la direction départementale de l’Équipement de</line>
<line>Saône-et-Loire ;</line></par>
<par>
<line>Sur proposition de monsieur le secrétaire général de la préfecture de Saône et Loire,</line></par>
</text>
</block>
<block><region><rect/></region>
<text>
<par>
<line>ARRETE</line></par>
<par>
<line>Article 1er</line></par>
</text>
</block>
<block><region><rect/></region>
<text>
<par>
<line>a) Est approuvé, tel qu’il est annexé au présent arrêté, le plan de prévention du risque</line></par>
<par>
<line>naturel prévisible inondation «Botoret» de la commune de SAINT-IGNY-DE-</line>
<line>ROCHE, composé :</line></par>
<par>
<line>1 - d’un rapport de présentation</line></par>
<par>
<line>2 - d’un règlement</line></par>
<par>
<line>2 - d’un plan de zonage réglementaire au 1/5000^"*®</line></par>
<par>
<line>3 - d’une carte d’aléa inondation au 1/5000^®</line></par>
<par>
<line>b) Le plan est tenu à la disposition du public avec l’ensemble des documents de la</line>
<line>procédure :</line></par>
<par>
<line>- à la mairie de SAINT-IGNY-DE-ROCHE</line></par>
<par>
<line>- dans les locaux de la Préfecture de Saône-et-Loire à Mâcon</line></par>
<par>
<line>- dans les locaux de la direction départementale de l’Équipement de Saône-et-Loire</line></par>
<par>
<line>Article 2</line></par>
</text>
</block>
<block><region><rect/></region>
<text>
<par>
<line>Le présent arrêté sera publié au recueil des actes administratifs de la Préfecture de</line>
<line>Saône-et-Loire et mention apparente sera faite dans les trois journaux ci-après</line>
<line>désignés :</line></par>
<par>
<line>- Le journal de Saône-et-Loire</line></par>
<par>
<line>- Le pays Roannais</line></par>
<par>
<line>- La Reimaissance</line></par>
<par>
<line>Cet arrêté sera affiché pendant trente (30) jours en mairie de SAINT-IGNY-DE-</line>
<line>ROCHE et porté à la comiaissance du public par tout autre procédé en usage dans la</line>
<line>commxme de SAINT-IGNY-DE-ROCHE. Ces mesures de publicité seront justifiées par</line>
<line>un certificat du maire et un exemplaire des journaux sera annexé à la copie du présent</line>
<line>arrêté affiché en mairie.</line></par>
<par>
<line>Article 3</line></par>
</text>
</block>
<block><region><rect/></region>
<text>
<par>
<line>Des copies du présent arrêté seront adressées à :</line></par>
<par>
<line>M. le Maire de la commune de SAINT-IGNY-DE-ROCHE,</line></par>
<par>
<line>M. le Directeur du Centre Régional de la Propriété Forestière de Bourgogne,</line>
<line>Mme la Présidente de la Chambre d’Agriculture de Saône-et-Loire,</line></par>
<par>
<line>M. le directeur départemental de l’Équipement de Saône-et-Loire,</line></par>
<par>
<line>M. le directeur départemental de l’Agriculture et de la Forêt de Saône-et-Loire,</line>
<line>M. le directeur régional de l’Industrie, de la Recherche et de l’Environnement,</line></par>
</text>
</block>



</page>
<page width="2488" height="3510" resolution="300">
<block><region><rect/></region>
<text>
<par>
<line>3/3</line></par>
</text>
</block>
<block><region><rect/></region>
<text>
<par>
<line>M. le délégué aux Risques Majeurs,</line></par>
<par>
<line>Mme la directrice régionale de l’Environnement de Bourgogne,</line></par>
<par>
<line>M, le directeur régional de l’Environnement du Centre - Bassin Loire-Bretagne</line>
<line>M. le directeur des Services Fiscaux.</line></par>
<par>
<line>M. le directeur des Services Départementales d’incendie et de Secours</line></par>
<par>
<line>Article 4</line></par>
</text>
</block>
<block><region><rect/></region>
<text>
<par>
<line>Monsieur le secrétaire général de la Préfecture dé Saône-et-Loire et Monsieur le</line>
<line>directeur de la direction départementale de l’Équipement sont chargés, chacun en ce qui</line>
<line>le concerne, de l’exécution du présent arrêté.</line></par>
<par>
<line>Fait à Mâcon, le ^9 ÜLO. 4üü J</line></par>
</text>
</block>
<block><region><rect/></region>
<text>
<par>
<line>Le Préfet de Saône et Loire</line>
<line>Pour le Secrétaire Général de la Préfecture,</line>
<line>Chargé de l’intérim.</line></par>
<par>
<line>Le Sous-Préfet, Directeur de Cabinet,</line></par>
</text>
</block>
<block><region><rect/></region>
<text>
<par>
<line>MattdettEJSFËBVRE</line></par>
</text>
</block>





</page>
</PM1>