<?xml version="1.0" encoding="UTF-8"?><PM1>
<page width="1653" height="2339" resolution="200">
<block><region><rect/></region>
<text>
<par>
<line>Liberté • Égalité • Fraternité</line></par>
<par>
<line>RÉPUBLIQUE Française</line></par>
</text>
</block>
<block><region><rect/></region>
<text>
<par>
<line>PRÉFET DU GARD</line></par>
</text>
</block>
<block><region><rect/></region>
<text>
<par>
<line>Direction Départementale</line>
<line>des Territoires et de la Mer</line></par>
<par>
<line>Service Observation Territoriale Urbanisme et Risques</line>
<line>Unité Risque Inondation</line></par>
</text>
</block>
<block><region><rect/></region>
<text>
<par>
<line>ARRETE N° 2012-094-0004</line></par>
<par>
<line>Portant approbation d*un Plan de Prévention des Risques Inondation (PPRi)</line>
<line>sur la Commune d'AIMARGUES</line></par>
</text>
</block>
<block><region><rect/></region>
<text>
<par>
<line>Le Préfet du Gard</line>
<line>Chevalier de la Légion d'Honneur,</line></par>
</text>
</block>
<block><region><rect/></region>
<text>
<par>
<line>Vu le Code de l'Environnement et notamment ses articles L.562-1 à L.562-9 et R.562-1 à R.562-10 relatifs</line>
<line>aux Plans de Prévention des Risques Naturels,</line></par>
<par>
<line>Vu le Code de l’Urbanisme et notamment son article L. 126-1,</line></par>
<par>
<line>Vu l'arrêté préfectoral n®96-00939 du 2 avril 1996 portant approbation du Plan de Prévention des Risques</line>
<line>Inondation sur le bassin du Rhôny,</line></par>
<par>
<line>Vu l'arrêté préfectoral n°2008-338-3 du 3 décembre 2008 portant prescription d'un Plan de Prévention des</line>
<line>Risques Inondation,</line></par>
<par>
<line>Vu l'arrêté préfectoral du 10 octobre 2011 prescrivant l'ouverture d'une enquête publique relative au projet</line>
<line>de Plan de Prévention des Risques Inondation de la Commune d’AIMARGUES,</line></par>
<par>
<line>Vu l'avis du Conseil Municipal de la Commune d'AIMARGUES en date du 28 juillet 2011,</line></par>
<par>
<line>Vu l'avis réputé favorable du Conseil Général du Gard,</line></par>
<par>
<line>Vu l'avis réputé favorable du Conseil Régional Languedoc-Roussillon,</line></par>
<par>
<line>Vu l'avis de la Chambre d'Agriculture du Gard en date du 12 août 2011,</line></par>
<par>
<line>Vu l'avis réputé favorable du Centre Régional de la Propriété Forestière Languedoc-Roussillon,</line></par>
<par>
<line>Vu le rapport et les conclusions de la commission d'enquête en date du 10 février 2012,</line></par>
<par>
<line>Vu le rapport du Directeur Départemental des Territoires et de la Mer du Gard du 7 mars 2012,</line></par>
<par>
<line>SUR proposition de Madame la Secrétaire Générale de la Préfecture du Gard,</line></par>
</text>
</block>



<block blockType="Picture" blockName="" l="679" t="118" r="744" b="179"><region><rect/></region>
</block>
</page>
<page width="1653" height="2339" resolution="200">
<block><region><rect/></region>
<text>
<par>
<line>ARRETE</line></par>
</text>
</block>
<block><region><rect/></region>
<text>
<par>
<line>Article Ier :</line></par>
<par>
<line>le Plan de Prévention des Risques Inondation (PPRi) de la Commune d'AIMARGUES est</line>
<line>approuvé, tel qu’il est annexé au présent arrêté.</line></par>
<par>
<line>Il emporte révision partielle du Plan de Prévention des Risques " Le Rhôny" approuvé par arrêté</line>
<line>n°96-00939 du 2 avril 1996 en tant qu'il l'annule et le remplace sur la commune d’Aimargues,</line></par>
<par>
<line>Article 2 :</line></par>
<par>
<line>le dossier comprend :</line></par>
<par>
<line>-un rapport de présentation</line></par>
<par>
<line>-un résumé non technique</line></par>
<par>
<line>-un règlement</line></par>
<par>
<line>-le zonage réglementaire</line></par>
<par>
<line>-une annexe cartographique : carte d’aléa</line></par>
<par>
<line>Il est tenu à la disposition du public dans les locaux ;</line></par>
<par>
<line>-de la Mairie d'AIMARGUES,</line></par>
<par>
<line>-de la Préfecture du département du GARD,</line></par>
<par>
<line>-de la Direction Départementale des Territoires et de la Mer du Gard :</line></par>
<par>
<line>89, rue Weber 30907 NÎMES.</line></par>
<par>
<line>Article 3 :</line></par>
<par>
<line>une copie du présent arrêté sera adressée à :</line></par>
<par>
<line>-Monsieur le Maire de la Commune d'AIMARGUES,</line></par>
<par>
<line>-Monsieur le Directeur Régional de l’Environnement, de l'Aménagement et du Logement</line>
<line>Languedoc-Roussillon,</line></par>
<par>
<line>-Monsieur le Directeur Général de la Prévention des Risques du Ministère en charge de</line>
<line>l’Écologie et du Développement Durable,</line></par>
<par>
<line>Article 4 :</line></par>
<par>
<line>une copie du présent arrêté sera affichée en Mairie d'AIMARGUES pendant au moins un mois à</line>
<line>partir de la date de réception de la notification du présent arrêté et mention en sera faite en caractères</line>
<line>apparents dans le journal MIDI LIBRE.</line></par>
<par>
<line>Article 5 :</line></par>
<par>
<line>le présent arrêté sera publié au Recueil des Actes Administratifs de la Préfecture.</line></par>
<par>
<line>Article 6 ;</line></par>
<par>
<line>en application de l’article L.562-4 du Code de l’Environnement, le Plan de Prévention des Risques</line>
<line>Naturels Prévisibles approuvé vaut servitude d’utilité publique. A ce titre, le Maire devra annexer le</line>
<line>présent PPRi au document d’urbanisme de la Commune, conformément à l’article L. 126-1 du Code de</line>
<line>l’Urbanisme.</line></par>
<par>
<line>Article 7 ;</line></par>
<par>
<line>Madame la Secrétaire Générale de la Préfecture du Gard, Monsieur le Directeur Départemental des</line>
<line>Territoires et de la Mer du Gard et Monsieur le Maire d'AIMARGUES sont chargés, chacun en ce qui les</line>
<line>concerne, de l’exécution du présent arrêté.</line></par>
</text>
</block>
<block><region><rect/></region>
<text>
<par>
<line>Fait à Nîmes, le - 3 AVR, 2012</line></par>
</text>
</block>










</page>
</PM1>