<?xml version="1.0" encoding="UTF-8"?><PM1>
<page width="1600" height="2272" resolution="200">
<block><region><rect/></region>
<text>
<par>
<line>PREFECTURE DU NORD</line></par>
</text>
</block>
<block><region><rect/></region>
<text>
<par>
<line>LE PREFET q n nrr- 4-n»</line></par>
<par>
<line>DELEGUE POUR LA SECURITE LILLE, ie Q</line></par>
<par>
<line>ET LA DEFENSE</line></par>
</text>
</block>
<block><region><rect/></region>
<text>
<par>
<line>Service Interministériel Régional des</line>
<line>Affaires Civiles et Economiques de</line>
<line>Défense et de la Protection Civile</line></par>
</text>
</block>
<block><region><rect/></region>
<text>
<par>
<line>Arrêté portant approbation du P.E.R.</line>
<line>Carrières souterraines de WATTIGNIES</line></par>
</text>
</block>
<block><region><rect/></region>
<text>
<par>
<line>Affeire suivie par M. VERBECQ</line></par>
<par>
<line>Téi.: 20.30,55.94</line>
<line>Fax. : 20.30.57.69</line></par>
</text>
</block>
<block><region><rect/></region>
<text>
<par>
<line>LE PREFET DELEGUE POUR LA SECURITE</line>
<line>ET LA DEFENSE</line></par>
<par>
<line>CHEVALIER DE LA LEGION D’HONNEUR</line></par>
</text>
</block>
<block><region><rect/></region>
<text>
<par>
<line>VU la loi n° 82.600 du 13 juillet 1982 relative à l'indemnisation des victimes des catastrophes</line>
<line>naturelles modifiée par la loi n° 87.565 du 22 juillet 1987 relative à l'organisation de la Sécurité Civile, à la</line>
<line>protection de la Forêt contre l'Incendie et à la prévention des risques majeurs ;</line></par>
<par>
<line>VU le décret n° 93.351 du 15 mars 1993 relatif à l'élaboration des plans d'exposition aux risques</line>
<line>naturels prévisibles et abrogeant le décret n° 84.328 du 3 m^ 1984 ;</line></par>
<par>
<line>VU la délibération du 16 octobre 1985 du Conseil Municipal de la commune de WATTIGNIES prise</line>
<line>avant la prescription du P.E.R. ;</line></par>
<par>
<line>VU l'arrêté préfectoral du 9 mai 1994 rendant public le Plan d'Exposition aux Risques Naturels de la</line>
<line>commune de WATTIGNIES et prescrivant l’ouverture d'une enquête publique sur les dispositions du projet</line>
<line>ci-dessus visé ;</line></par>
<par>
<line>VU les documents constatant l'accomplissement des formalités de publication et d'affichage de cette</line>
<line>décision ;</line></par>
<par>
<line>VU le procès-verbal de l'enquête publique à laquelle il a été procédé du 14 juin 1994 au 20 août 1994</line>
<line>et l'avis du Commissaire Enquêteur ;</line></par>
<par>
<line>VU la délibération du Conseil Municipal de WATTIGNIES prise après publication du plan ;</line></par>
<par>
<line>SUR proposition du Chef du Service Interministériel Régional des Affaires Civiles et Economiques de</line>
<line>Défense et de la Protection Civile ;</line></par>
</text>
</block>
<block><region><rect/></region>
<text>
<par>
<line>adresse postale : M. le Préfet délégué pour la Sécurité et la Défense, S.I.R AC.E.D.P.C / B.D.F.</line>
<line>adresse des bureaux : 171, boulevard de la Liberté - 59039 LILLE CEDEX</line></par>
</text>
</block>







</page>
<page width="1614" height="2282" resolution="200">
<block><region><rect/></region>
<text>
<par>
<line>2-</line></par>
</text>
</block>
<block><region><rect/></region>
<text>
<par>
<line>ARTICLE 1er.- Est approuvé tel qu’il est annexé au présent arrêté, le Plan d'Exposition aux</line>
<line>Risques Naturels prévisibles de la commune de WATTIGNIES.</line></par>
<par>
<line>ARTICLE 2- Le Plan d'Exposition aux Risques Naturels de WATTIGNIES comprend :</line></par>
<par>
<line>1/ un rapport de présentation</line>
<line>21 des plans à l'échelle 1/5 OOOème</line>
<line>3/ un règlement.</line></par>
<par>
<line>ARTICLE 3.- I! est tenu à la disposition du public aux jours et heures habituels d'ouverture</line>
<line>des bureaux ;</line></par>
<par>
<line>1/ à la mairie de WATTIGNIES</line></par>
<par>
<line>2/ dans les services de la Préfecture - SIR.ACED.PC. - 54 rue Jean Sans Peur - LILLE</line>
<line>3/ au service d'inspection des Carrières souterraines - 50 boulevard Bréguet - DOUAI</line>
<line>4/ à la Direction Départementale de l'Equipement - 44 rue de Tournai - LILLE</line>
<line>5/ à la Direction Départementale de l'Agriculture et de la Forêt</line>
<line>Cité Administrative - 59048 LILLE CEDEX.</line></par>
<par>
<line>ARTICLE 4.- Le présent arrêté sera publié au recueil des actes administratifs et mention en</line>
<line>sera faite en caractères apparents dans les deux journaux ci-après désignés :</line></par>
<par>
<line>-LA VOIX DU NORD</line>
<line>- NORD-ECLAIR.</line></par>
<par>
<line>ARTICLE 5.- Cet avis sera affiché notamment en mairie de WATTIGNIES et porté à la</line>
<line>connaissance du public par tout autre procédé en usage dans la commune de WATTIGNIES ;</line>
<line>les mesures de publicité seront justifiées par un certificat du Maire et un exemplaire des</line>
<line>journaux sera annexé au dossier principal.</line></par>
</text>
</block>
</page>
<page width="1610" height="2279" resolution="200">
<block><region><rect/></region>
<text>
<par>
<line>-3</line></par>
</text>
</block>
<block><region><rect/></region>
<text>
<par>
<line>ARTICLE 6.- Ampliation du présent arrêté sera adressée ;</line>
<line>1/ au Maire de la commune de WATTIGNIES</line>
<line>2/ au Délégué aux Risques Majeurs</line>
<line>3/ à M. le Secrétaire Général de la Préfecture</line>
<line>4/ à M. le Directeur Départemental de l'Equipement.</line></par>
</text>
</block>
<block><region><rect/></region>
<text>
<par>
<line>ARTICLE 1- M. le Secrétaire Général de la Préfecture, M. le Chef du Service Interministériel</line>
<line>Régional des Affaires Civiles et Economiques de Défense et de la Protection Civile, sont</line>
<line>chargés, chacun en ce qui le concerne de l'exécution du présent arrêté.</line></par>
</text>
</block>
<block><region><rect/></region>
<text>
<par>
<line>Foüf anipriaticn</line></par>
<par>
<line>Pour !e prêts!, ■ .</line></par>
<par>
<line>i© Dîrectetjr -iu SiR.ACED.PC. Fait à LILLE, le</line></par>
</text>
</block>
<block><region><rect/></region>
<text>
<par/>
</text>
</block>
<block><region><rect/></region>
<text>
<par>
<line>Jean-Michel ROULET</line></par>
</text>
</block>







</page>
</PM1>