<?xml version="1.0" encoding="UTF-8"?><PM1>
<page width="4879" height="6925" resolution="600">
<block><region><rect/></region>
<text>
<par>
<line>ISherté * ÊgaUtf ■ ftgffrnfit</line></par>
<par>
<line>Rirostioys pMfifÇArsi</line></par>
<par>
<line>PREFECTURE DU PAS-DE-CALAIS</line></par>
</text>
</block>
<block><region><rect/></region>
<text>
<par>
<line>DIRECTION DE L'AMENAGEMENT, DE L'ENVIRONNEMENT</line></par>
<par>
<line>ET DE LA COHESION SOCIALE</line></par>
<par>
<line>POLE DE L'ENVIRONNEMENT</line></par>
<par>
<line>BUREAU DES POLITIQUES ENVIRONNEMENTALES</line></par>
<par>
<line>ET DE L'AMENAGEMENT FONCIER</line></par>
</text>
</block>
<block><region><rect/></region>
<text>
<par>
<line>ARRETE D'APPROBATION</line></par>
<par>
<line>DU PLAN DE PREVENTION DES RISQUES INONDATIONS</line>
<line>DE LA VALLEE DE LA HEM</line></par>
<par>
<line>Le Préfet du Pas-de-Calais,</line>
<line>Chevalier de la Légion d'Honneur,</line>
<line>Officier de l'Ordre National du Mérite,</line></par>
<par>
<line>VU le Code de l'Environnement et notamment les articles L 562-1 et suivants et R 562-1 et suivants ;</line></par>
<par>
<line>VU le décret n° 2004-374 du 29 avril 2004 modifié relatif aux pouvoirs des préfets, à l'organisation et</line>
<line>à l'action des services de l'Etat dans les régions et départements ;</line></par>
<par>
<line>VU le décret n° 2005-3 du 4 janvier 2005 modifiant le décret n° 95-1089 du 5 octobre 1995 relatif aux</line>
<line>plans de prévention des risques naturels prévisibles ;</line></par>
<par>
<line>VU le décret du 8 janvier 2009 portant nomination de Monsieur Pierre de BOUSQUET DE</line>
<line>FLORIAN, en qualité de Préfet du Pas-de-Calais ;</line></par>
<par>
<line>VU l'arrêté préfectoral du 3 octobre 2000 prescrivant le Plan de Prévention des Risques Inondations</line>
<line>par débordements de rivière de la vallée de la Hem sur le territoire des communes d'AUDREHEM,</line>
<line>BONNINGUES-LES-ARDRES, CLERQUES, HOCQUINGHEN, LICQUES, MUNCQ-NIEURLET,</line>
<line>NORDAUSQUES, POLINCOVE, REBERGUES, RECQUES SUR HEM, TOURNEHEM-SUR-LA-HEM,</line>
<line>ZOUAFQUES et ZUTKERQUE, complété par arrêté préfectoral du 28 décembre 2000 prescrivant un Plan</line>
<line>de Prévention des Risques Inondations au titre des catastrophes naturelles sur le terrtoire de la commune de</line>
<line>LOUCHES ;</line></par>
<par>
<line>VU l'avis des Conseils Municipaux des communes de Zutkerque, Audrehem, Muncq-Nieurlet,</line>
<line>Louches, Hocquinghen, Polincove, Recques sur Hem, Rebergues, Clerques, Toumehem sur la Hem</line></par>
<par>
<line>VU l'avis réputé favorable des communes de Boimingues les Ardres, Nordausques, Licques ;</line></par>
<par>
<line>VU la lettre des Maires de Licques et de Zouafques;</line></par>
<par>
<line>VU l'avis de l'Institution Interdépartementale Nord-Pas de Calais pour la réalisation des ouvrages</line>
<line>Généraux d'Evacuation des crues de la Région des wateringues du 9 septembre 2008 ;</line></par>
<par>
<line>VU l'avis du Parc Naturel régional des Caps et Marais d'Opale du 20 octobre 2008 ;</line></par>
<par>
<line>VU l'avis de la 1ère section des Wateringues du 9 octobre 2008 ;</line></par>
<par>
<line>VU l'avis de la Communauté de communes de la Région d'Ardres et de la vallée de la Hem du 16</line>
<line>octobre 2008 ;</line></par>
<par>
<line>VU l'avis de la Communauté de communes de la Région d'Audruicq du 20 octobre 2008 ;</line></par>
</text>
</block>


</page>
<page width="4889" height="6932" resolution="600">
<block><region><rect/></region>
<text>
<par>
<line>vu l'avis de la Communauté de communes des Trois Pays du 30 septembre 2008 ;</line></par>
<par>
<line>VU l'avis de M. le Directeur Départemental de l'Agriculture et de la Forêt du 23 octobre 2008;</line></par>
<par>
<line>VU l'avis de M. le Directeur Régional de l'Environnement du 31 octobre 2008 ;</line></par>
<par>
<line>VU l'avis du 21 octobre 2008 du Conseil Général du Pas-de-Calais ;</line></par>
<par>
<line>VU l'avis réputé favorable de la Chambre d'Agriculture du Pas-de-Calais ;</line></par>
<par>
<line>VU l'avis réputé favorable du Centre Régional de la Propriété Forestière Nord Pas-de-Calais Picardie ;</line>
<line>VU la réunion de restitution de la consultation officielle du 13 janvier 2009 ;</line></par>
<par>
<line>VU l'arrêté préfectoral du 2 avril 2009 prescrivant l'enquête publique du Plan de Prévention des</line>
<line>Risques Inondations de la Vallée de la HEM du 27 avril au 29 mai 2009 inclus ;</line></par>
<par>
<line>VU le dossier soumis à enquête publique ;</line></par>
<par>
<line>VU la réunion tenue à l'issue de l'enquête publique par la commission d'enquête le 12 juin 2009 ;</line></par>
<par>
<line>VU le rapport et les conclusions de la commission d'enquête en date du 8 juillet 2009 ;</line></par>
<par>
<line>VU la réunion du 11 septembre 2009 de présentation de la synthèse de l'enquête publique ;</line></par>
<par>
<line>VU le rapport de M. le Directeur Départemental de l'Equipement du Pas-de-Calais du 20 novembre</line></par>
<par>
<line>2009;</line></par>
<par>
<line>VU l'arrêté préfectoral n°09-10-01 du 2 février 2009 accordant délégation de signature ;</line></par>
<par>
<line>Considérant l'existence des risques d'inondations sur la Vallée de la Hem ;</line></par>
<par>
<line>Considérant la nécessité de délimiter les terrains sur lesquels l'occupation ou l'utilisation du sol doit</line>
<line>être réglementée en vue de ne pas aggraver ces risques ou de ne pas en provoquer de nouveaux ;</line></par>
<par>
<line>Considérant les études complémentaires menées à la suite des inondations d'août 2006 ayant permis de</line>
<line>définir le périmètre sur lequel la procédure a été menée ;</line></par>
<par>
<line>Sur la proposition de Monsieur le Secrétaire Général de la Préfecture du Pas-de-Calais ;</line></par>
</text>
</block>
<block><region><rect/></region>
<text>
<par>
<line>ARRETE :</line></par>
</text>
</block>
<block><region><rect/></region>
<text>
<par>
<line>Article 1"</line></par>
<par>
<line>Le Plan de Prévention des Risques d'inondation de la Vallée de la Hem est approuvé</line>
<line>conformément à l'article L562-3 du Code de l'Environnement ; il s'applique sur le territoire des communes</line>
<line>d’AUDREHEM, BONNINGUES-LES-ARDRES, CLERQUES, HOCQUINGHEN, LICQUES, LOUCHES,</line>
<line>MUNCQ-NIEURLET, NORDAUSQUES, POLINCOVE, REBERGUES, RECQUES SUR HEM,</line>
<line>TOURNEHEM-SUR-LA-HEM, ZOUAFQUES et ZUTKERQUE.</line></par>
</text>
</block>
<block><region><rect/></region>
<text>
<par>
<line>Article 2 :</line></par>
<par>
<line>Le Plan de Prévention des Risques Inondations de la Vallée de la Hem approuvé au titre du présent</line>
<line>arrêté vaut servitude d'utilité publique, conformément à l'article L 562-4 du Code de l'Environnement.</line></par>
<par>
<line>A ce titre, il devra être annexé aux Plans Locaux d'Urbanisme (PLU) approuvés des communes</line>
<line>concernées, en vertu de l'article L 126-1 du Code de l'urbanisme.</line></par>
</text>
</block>


</page>
<page width="4867" height="6917" resolution="600">
<block><region><rect/></region>
<text>
<par>
<line>Article 3 :</line></par>
<par>
<line>Le présent arrêté sera notifié aux Maires des communes concernées.</line></par>
<par>
<line>Il devra être affiché en mairie pendant un mois minimum et au siège de chaque établissement public</line>
<line>de coopération intercommunale compétent pour l'élaboration des documents d'urbanisme sur le territoire</line>
<line>desquels le plan est applicable.</line></par>
<par>
<line>En outre, le présent arrêté fera l'objet d'une mention au Recueil des Actes Administratifs du</line>
<line>département du Pas-de-Calais, ainsi que dans un journal diffusé dans le département.</line></par>
<par>
<line>Article 4 :</line></par>
<par>
<line>Le plan de prévention approuvé sera tenu à disposition du public à la Préfecture du Pas-de-Calais, en</line>
<line>Sous-Préfectures de Saint-Omer et Calais dans les Mairies concernées ainsi qu'aux sièges de ces</line>
<line>établissements publics de coopération intercommunale .</line></par>
</text>
</block>
<block><region><rect/></region>
<text>
<par>
<line>Article 5 :</line></par>
<par>
<line>Le présent arrêté peut faire l'objet d'un recours contentieux dans un délai de deux mois à compter de</line>
<line>l'exécution des formalités de publicité.</line></par>
</text>
</block>
<block><region><rect/></region>
<text>
<par>
<line>Article 6 :</line></par>
<par>
<line>Monsieur le Secrétaire Général de la Préfecture du Pas-de-Calais, Mesdames et Messieurs les</line>
<line>Maires des communes concernées et Monsieur le Directeur Départemental de l'Equipement du Pas-de-Calais</line>
<line>sont chargés, chacun en ce qui le concerne, de l'exécution du présent arrêté dont copie sera adressée à Mme</line>
<line>et M. les Sous-Préfets de SAINT-OMER et CALAIS.</line></par>
</text>
</block>
<block><region><rect/></region>
<text>
<par>
<line>ARRAS, le</line></par>
</text>
</block>





</page>
</PM1>