<?xml version="1.0" encoding="UTF-8"?><PM1>
<page width="1488" height="2105" resolution="180">
<block><region><rect/></region>
<text>
<par>
<line>Préfecture de l'Ailier</line></par>
</text>
</block>
<block><region><rect/></region>
<text>
<par>
<line>r</line></par>
</text>
</block>
<block><region><rect/></region>
<text>
<par>
<line>Lihêft4 • ÊgaVité • FrotfTfiiié</line></par>
</text>
</block>
<block><region><rect/></region>
<text>
<par>
<line>RÉPUBLIQUE Française</line></par>
</text>
</block>
<block><region><rect/></region>
<text>
<par>
<line>direction départementale</line>
<line>de l'Equipement Allier</line></par>
<par>
<line>Service Risques</line></par>
<par>
<line>Sécurité</line></par>
<par>
<line>Envircnnement</line></par>
</text>
</block>
<block><region><rect/></region>
<text>
<par>
<line>VU</line></par>
<par>
<line>Pour être annexé à mon arrêté en date</line></par>
</text>
</block>
<block><region><rect/><rect/><rect/><rect/></region>
<text>
<par>
<line>Moulins, le 0 n- ? • ^108</line></par>
</text>
</block>
<block><region><rect/></region>
<text>
<par>
<line>réf(</line></par>
</text>
</block>
<block><region><rect/></region>
<text>
<par>
<line>A</line></par>
</text>
</block>
<block><region><rect/></region>
<text>
<par/>
</text>
</block>
<block><region><rect/></region>
<text>
<par>
<line>•^ARD</line></par>
</text>
</block>
<block><region><rect/></region>
<text>
<par>
<line>Ck</line></par>
</text>
</block>
<block><region><rect/></region>
<text>
<par/>
</text>
</block>
<block><region><rect/></region>
<text>
<par>
<line>RPR approuvé le</line></par>
</text>
</block>
<block><region><rect/></region>
<text>
<par>
<line>Plan de Prévention du Risque</line>
<line>Naturel inondation (PPRNi),</line>
<line>Plaine d'Allier,</line></par>
</text>
</block>
<block><region><rect/></region>
<text>
<par>
<line>communes de Bessay sur Allier,BiHy.Châtel de Neuvre,Chemilly,</line>
<line>Contigny,Créchy,La Ferté Hauterive,Marcenat,l\/lonetay sur Allier,</line>
<line>Paray sous Briailles,Saint Loup,Saint Pourçain sur Sioule,Toulon</line>
<line>sur Allier,Varennes sur Allier</line></par>
</text>
</block>
<block><region><rect/></region>
<text>
<par>
<line>Règlement</line></par>
</text>
</block>
<block blockType="Table" blockName="" l="1030" t="1322" r="1356" b="1545"><region><rect/></region>
<row>
<cell rightBorder="White" bottomBorder="White" width="56" height="67">
<text>
<par>
<line>üe</line></par>
</text></cell>
<cell leftBorder="White" width="270" height="67">
<text>
<par>
<line>’CÎJ.'.îuM DÉPOSÉ</line></par>
</text></cell></row>
<row>
<cell topBorder="White" rightBorder="White" bottomBorder="White" width="56" height="89">
<text>
<par/>
</text></cell>
<cell leftBorder="White" width="270" height="89">
<text>
<par>
<line>2 0 MAI ;niin ju’i</line></par>
</text></cell></row>
<row>
<cell leftBorder="White" topBorder="White" width="56" height="67">
<text>
<par/>
</text></cell>
<cell width="270" height="67">
<text>
<par>
<line>PRÉFECTURE DE L'ALLIER</line></par>
</text></cell></row>
</block>




















<block blockType="Picture" blockName="" l="71" t="240" r="124" b="290"><region><rect/></region>
</block>
</page>
<page width="2479" height="3508" resolution="300">
<block><region><rect/></region>
<text>
<par>
<line>2</line></par>
</text>
</block>
<block><region><rect/></region>
<text>
<par>
<line>SOMMAIRE</line></par>
<par>
<line>PREAMBULE.3</line></par>
<par>
<line>I DISPOSITIONS GENERALES.3</line></par>
<par>
<line>I-I Travaux et aménagements interdits.3</line></par>
<par>
<line>I-II Travaux et aménagements autorisés.3</line></par>
<par>
<line>I-III Dispositions constructives applicables aux nouvelles constructions ou</line></par>
<par>
<line>aménagements.5</line></par>
<par>
<line>II DISPOSITIONS PARTICULIERES.6</line></par>
<par>
<line>II-I Le champ d’expansion des crues (zone rouge).6</line></par>
<par>
<line>II-II Les zones urbanisées (zone bleue).9</line></par>
<par>
<line>III MESURES DE PREVENTION ET DE SAUVEGARDE.11</line></par>
<par>
<line>III-I Mesures de prévention et de secours.11</line></par>
<par>
<line>III-II Maîtrise des écoulements et ruissellements.11</line></par>
<par>
<line>IV RECOMMANDATIONS.12</line></par>
<par>
<line>V TABLEAU DES COTES DE CRUE.12</line></par>
<par>
<line>Le tableau page suivante indique les cotes de la crue centennale selon les profils</line>
<line>figurés sur le plan de zonage.12</line></par>
</text>
</block>














</page>
<page width="2479" height="3508" resolution="300">
<block><region><rect/></region>
<text>
<par>
<line>3</line></par>
</text>
</block>
<block><region><rect/></region>
<text>
<par>
<line>PREAMBULE</line></par>
<par>
<line>Le règlement comporte cinq titres :</line></par>
<par>
<line>• le titre I précise les dispositions générales applicables dans l’ensemble des zones</line>
<line>délimitées sur le plan de zonage,</line></par>
<par>
<line>• le titre II définit les dispositions particulières applicables dans chaque zone pour la</line>
<line>réalisation de constructions, installations ou aménagements,</line></par>
<par>
<line>• le titre III définit des mesures de protection et de sauvegarde,</line></par>
<par>
<line>• le titre IV expose des recommandations</line></par>
<par>
<line>• le tableau du titre V établit la liste des cotes de la crue centennale selon les profils</line>
<line>figurant sur le plan de zonage.</line></par>
<par>
<line>Pour les projets autorisés sous réserve du respect d’une cote d’implantation par rapport à la</line>
<line>cote de la crue de référence, la cote à prendre en compte est indiquée par profil dans le</line>
<line>tableau du titre V.</line></par>
<par>
<line>Si le projet est localisé entre deux profils, la cote de crue de référence sera déterminée par</line>
<line>interpolation linéaire de la valeur de ces deux profils.</line></par>
</text>
</block>
<block><region><rect/></region>
<text>
<par>
<line>IDISPOSITIONS GENERALES</line></par>
</text>
</block>
<block><region><rect/></region>
<text>
<par>
<line>I-I Travaux et aménagements interdits</line></par>
<par>
<line>Dans l’ensemble des zones sont interdites :</line></par>
<par>
<line>• la construction de nouveaux équipements nécessaires à la gestion de crise tels</line>
<line>que les centres de secours principaux et gendarmeries</line></par>
<par>
<line>• la construction ou l’extension d’équipements hébergeant des personnes à mobilité</line>
<line>réduite tels que les maisons de retraite, maisons de convalescence, centre de</line>
<line>postcure</line></par>
<par>
<line>I-II Travaux et aménagements autorisés</line></par>
<par>
<line>a) Dans l’ensemble des zones concernées à l’exception de la zone d’aléa très fort en</line>
<line>champ d’expansion des crues pourront être autorisés les travaux ou aménagements</line>
<line>suivants, sous réserve qu’ils n’augmentent pas le risque ou n’en créent pas de</line>
<line>nouveau:</line></par>
<par>
<line>• la création d'aires de grand passage pour l'accueil des gens du voyage, ce type</line>
<line>d'aire ne nécessitant pas de constructions.</line></par>
<par>
<line>• les créations ou extensions de camping caravaning ainsi que les bâtiments</line>
<line>strictement nécessaires à leur exploitation</line></par>
<par>
<line>- Les campings créés ou les extensions réalisées ne pourront être ouverts</line>
<line>que pendant la période s’étendant du 1er juin au 15 septembre.</line></par>
<par>
<line>- En dehors de cette période toutes les caravanes, tentes ainsi que toutes les</line>
<line>installations ou équipements mobiles devront être retirées du site et</line>
<line>entreposées hors zone inondable.</line></par>
<par>
<line>• les stations d’épuration, sous les réserves expresses suivantes :</line></par>
<par>
<line>- la crête des bassins créés sera systématiquement calée sur la cote atteinte</line>
<line>par la crue de référence augmentée de la marge de sécurité de 0,20 m.</line></par>
</text>
</block>
</page>
<page width="2479" height="3508" resolution="300">
<block><region><rect/></region>
<text>
<par>
<line>4</line></par>
</text>
</block>
<block><region><rect/></region>
<text>
<par>
<line>- les installations techniques (pompes, compresseurs, _) créées seront</line>
<line>implantées 0,20 m au-dessus de la cote de la crue de référence. Les produits</line>
<line>de traitement des eaux seront stockés au-dessus de la même cote.</line></par>
<par>
<line>- la création de terrains d'activités sportives ne nécessitant que des aménagements</line>
<line>de surface, à l'exclusion de tout remblai. Les règles concernant d'éventuelles</line>
<line>constructions liées à ces terrains sont fixées au chapitre II « Dispositions</line>
<line>particulières » du présent règlement.</line></par>
<par>
<line>- la construction ou l'extension d'annexes sanitaires nécessaires aux installations</line>
<line>sportives communales existantes (douches, toilettes, vestiaires) dans la limite d'une</line>
<line>emprise de 100 m2 et exclusivement sur pilotis.</line></par>
<par>
<line>- la construction ou l'extension de tribunes nécessaires aux installations sportives</line>
<line>communales existantes, sur pilotis, après production d'une étude démontrant la</line>
<line>résistance de la construction et sa non influence sur la ligne d'eau de crue et</line>
<line>l'écoulement. Le plancher le plus bas sera situé à 20 cm au-dessus de la cote de</line>
<line>crue de référence.</line></par>
</text>
</block>
<block><region><rect/></region>
<text>
<par>
<line>b) Dans l’ensemble des zones concernées y compris la zone d’aléa très fort pourront</line>
<line>en outre être autorisés les travaux ou aménagements suivants, sous réserve qu’ils</line>
<line>n’augmentent pas le risque ou n’en créent pas de nouveau :</line></par>
<par>
<line>• la reconstruction des bâtiments après sinistre autre qu’inondation, dans la limite</line>
<line>de l’emprise au sol du bâtiment sinistré</line></par>
<par>
<line>• les travaux d’entretien et de gestion courants, notamment les aménagements</line>
<line>internes, les traitements de façades et la réfection des toitures, sauf s’ils</line>
<line>augmentent les risques ou en créent de nouveaux, ou conduisent à une</line>
<line>augmentation de population exposée</line></par>
<par>
<line>• la construction et l’aménagement d’accès de sécurité extérieurs en limitant</line>
<line>l’encombrement de l’écoulement (exemple : plate-forme, voirie, escaliers, passage</line>
<line>hors d’eau, _)</line></par>
<par>
<line>• l’adaptation ou la réfection des constructions existantes en vue de la mise hors</line>
<line>d’eau des personnes, des biens et activités (exemple : accès à l’étage ou au toit,</line>
<line>rehaussement du premier niveau utile y compris avec construction d’un étage)</line></par>
<par>
<line>• la construction, la reconstruction ou le déplacement de clôtures, sous réserve de</line>
<line>prendre en compte les impératifs liés à l’écoulement des crues (clôture ajourée,</line>
<line>grillage à maille large)</line></par>
<par>
<line>• la réalisation d’un abri de jardin de moins de 10 m2 par unité foncière</line></par>
<par>
<line>• les captages d’eau potable et les abris qui leur sont strictement nécessaires</line></par>
<par>
<line>• après production d’une étude hydraulique, les infrastructures de transport. Elles</line>
<line>devront préserver la capacité de stockage de crue et ne pas accentuer le risque</line>
<line>inondation.</line></par>
<par>
<line>• les constructions nécessaires à l’observation du milieu naturel dans la limite d’une</line>
<line>emprise au sol de 20 m2</line></par>
<par>
<line>• les constructions et équipements strictement nécessaires au fonctionnement des</line>
<line>services publics et aux activités de télécommunications autorisés en vertu de l’article</line>
<line>L 33-1 du code des postes et télécommunications qui ne peuvent techniquement</line>
<line>être implantés en d’autres lieux sous réserve que les équipements techniques soient</line>
<line>hors d’eau pour la crue de référence.</line></par>
</text>
</block>
</page>
<page width="2479" height="3508" resolution="300">
<block><region><rect/></region>
<text>
<par>
<line>5</line></par>
</text>
</block>
<block><region><rect/></region>
<text>
<par>
<line>I-III Dispositions constructives applicables aux nouvelles constructions ou</line>
<line>aménagements</line></par>
<par>
<line>Dans l’ensemble des zones concernées, les dispositions suivantes sont applicables :</line></par>
<par>
<line>• lors de la construction, de la rénovation ou de l’aménagement de locaux contenant</line>
<line>des produits dangereux, polluants ou flottants, des dispositions devront être prises</line>
<line>pour empêcher leur libération (arrimage, étanchéité, mise hors d’eau _)</line></par>
<par>
<line>• le stockage des produits toxiques ou dangereux relevant de la nomenclature des</line>
<line>installations classés pour la protection de l’environnement sera effectué au- dessus</line>
<line>de la cote de la crue de référence. A défaut, ils seront stockés dans un local</line>
<line>étanche et résistant à la crue de référence</line></par>
<par>
<line>• pour les bâtiments ou parties de bâtiments construits ou aménagés en dessous</line>
<line>de la cote de la crue de référence, devront être utilisés des techniques et matériaux</line>
<line>assurant la résistance de l’ouvrage aux vitesses d’écoulement locales et à</line>
<line>l’immersion. Sous cette même cote, les matériaux utilisés devront être insensibles à</line>
<line>l’eau</line></par>
<par>
<line>• les ouvrages ou matériels techniques notamment ceux liés aux canalisations,</line>
<line>équipements et installations linéaires (câbles, lignes, transports d’énergie, de</line>
<line>chaleur ou de produits chimiques, canalisations d’eau ou d’assainissement, _)</line>
<line>seront étanches ou équipés d’un dispositif de mise hors service automatique ou</line>
<line>installés hors crue de référence</line></par>
<par>
<line>• les citernes ou autres installations flottantes seront implantées au-dessus de la</line>
<line>cote de la crue de référence ou fixées par des dispositifs résistant à cette crue. Les</line>
<line>orifices non étanches seront situés au dessus de la crue de référence.</line></par>
<par>
<line>• en sous-sol, un dispositif sera mis en place pour empêcher objets et matériaux</line>
<line>d’être emportés par les crues.</line></par>
<par>
<line>• Les remblais éventuels seront limités à l’emprise du bâtiment et à son accès. Le</line>
<line>talutage sera au maximum de 1 verticalement pour 2 horizontalement.</line></par>
<par>
<line>• Les ouvertures situées en dessous de la cote de référence (sauf celles destinées</line>
<line>au drainage des vides sanitaires) doivent être équipées d’un système d’obturation</line>
<line>en période de crue.</line></par>
<par>
<line>Il conviendra:</line></par>
<par>
<line>• d'installer des dispositifs de coupure de réseaux techniques (eau-gaz-électricité)</line>
<line>et les équipements de chauffage électrique à 50 cm au dessus de la cote de</line>
<line>référence.</line></par>
<par>
<line>• d'installer un tableau de distribution électrique conçu de façon à pouvoir couper</line>
<line>facilement l’électricité dans tout le niveau inondable, sans la couper dans les</line>
<line>niveaux supérieurs</line></par>
</text>
</block>
<block><region><rect/></region>
<text>
<par>
<line>Et:</line></par>
</text>
</block>
<block><region><rect/></region>
<text>
<par>
<line>• de créer des orifices de décharge au pied des murs de clôture qui font obstacle à</line>
<line>l’écoulement.</line></par>
<par>
<line>• d’éliminer tout obstacle à l’écoulement, inutile ou abandonné.</line></par>
<par>
<line>• de matérialiser les emprises de piscines, bassins existants (marquages visibles</line>
<line>au-dessus de la cote de référence).</line></par>
</text>
</block>
</page>
<page width="2479" height="3508" resolution="300">
<block><region><rect/></region>
<text>
<par>
<line>6</line></par>
</text>
</block>
<block><region><rect/></region>
<text>
<par>
<line>• d'installer des tampons d’assainissement verrouillables pour les parties de</line>
<line>réseaux pouvant être mises en charge lors des inondations.</line></par>
<par>
<line>Il est recommandé d’aménager un espace refuge accessible aux services de</line>
<line>secours par l’intérieur comme par l’extérieur du bâtiment.</line></par>
</text>
</block>
<block><region><rect/></region>
<text>
<par>
<line>IIDISPOSITIONS PARTICULIERES</line></par>
</text>
</block>
<block><region><rect/></region>
<text>
<par>
<line>II-I Le champ d’expansion des crues (zone rouge)</line></par>
<par>
<line>Il s’agit de secteurs peu ou pas urbanisés dans lesquels la crue dissipe son énergie ou</line>
<line>stocke un volume d’eau important, comme les terres agricoles, les espaces verts, _</line></par>
<par>
<line>II-I-I Champ d’expansion des crues d’aléa très fort (CEC 1)</line></par>
<par>
<line>Cette zone correspond essentiellement au lit mineur de la rivière et à son voisinage</line>
<line>concerné par le niveau d’aléa très fort : hauteurs de submersion importantes ;</line>
<line>vitesses d’écoulement et débits très élevés.</line></par>
<par>
<line>Outre les dispositions générales, les règles particulières ci-dessous s’appliquent dans</line>
<line>cette zone.</line></par>
<par>
<line>Sont interdits :</line></par>
<par>
<line>• tout endiguement ou remblaiement nouveau qui ne serait pas justifié par la</line>
<line>protection des lieux fortement urbanisés ou par la création d'une infrastructure</line>
<line>de transport répondant aux prescriptions des dispositions générales.</line></par>
<par>
<line>• les constructions nouvelles et les extensions de bâtiments existants à</line>
<line>l’exception de celles expressément autorisées au titre des dispositions</line>
<line>générales.</line></par>
<par>
<line>• l’aménagement des sous-sols existants (locaux non habités situés sous le</line>
<line>rez-de-chaussée)</line></par>
<par>
<line>• l’augmentation du nombre de logements par aménagement ou rénovation</line></par>
<par>
<line>• les changements de destination, sauf s’ils sont de nature à assurer la sécurité</line>
<line>des personnes et à réduire la vulnérabilité des biens et les nuisances</line></par>
<par>
<line>• les créations ou extensions de campings ainsi que l’agrandissement des</line>
<line>locaux d’accueil (à l’exception des sanitaires qui peuvent être étendus de 30</line>
<line>m2)</line></par>
<par>
<line>• le stationnement de caravanes</line></par>
<par>
<line>• les habitations légères de loisirs</line></par>
<par>
<line>• les serres soumises à déclaration de travaux ou permis de construire</line></par>
</text>
</block>
<block><region><rect/></region>
<text>
<par>
<line>II-I-II Champ d’expansion des crues non bâti d’aléa fort à moyen (CEC 2)</line></par>
<par>
<line>Cette zone recouvre des secteurs peu ou pas bâtis dans lesquels les hauteurs de</line>
<line>submersion sont supérieures à 1 m et peuvent même dépasser 2 mètres.</line></par>
<par>
<line>Outre les dispositions générales, les règles particulières ci-dessous s’appliquent dans</line>
<line>cette zone. Sont interdits :</line></par>
<par>
<line>• tout endiguement ou remblaiement nouveau qui ne serait pas justifié par la</line>
<line>protection des lieux fortement urbanisés, à l’exception de ceux des</line>
<line>infrastructures de transport visées au chapitre « dispositions générales »</line></par>
</text>
</block>





</page>
<page width="2479" height="3508" resolution="300">
<block><region><rect/></region>
<text>
<par>
<line>7</line></par>
</text>
</block>
<block><region><rect/></region>
<text>
<par>
<line>• les constructions nouvelles qui ne sont pas expressément autorisées ci-</line>
<line>dessous</line></par>
<par>
<line>• les aménagements des sous-sols existants (locaux non habités situés sous le</line>
<line>rez-de-chaussée)</line></par>
<par>
<line>• l’augmentation du nombre de logements par aménagement ou rénovation</line></par>
<par>
<line>• le stationnement des caravanes, sauf dans les terrains de camping et</line>
<line>caravanage autorisés à la date d’approbation du P.P.R., créés ou étendus en</line>
<line>application du paragraphe I-II des dispositions générales ou dans les aires de</line>
<line>grand passage des gens du voyage</line></par>
<par>
<line>• les habitations légères de loisirs</line></par>
<par>
<line>• les serres soumises à déclaration de travaux ou permis de construire</line>
<line>Sont autorisés :</line></par>
<par>
<line>• la construction de bâtiments d’exploitation agricole, non affectés à de l'habitation, à</line>
<line>condition qu'ils soient implantés dans un rayon de 200 mètres mesurés à partir du siège</line>
<line>de l'exploitation ou des bâtiments agricoles en service au moment du dépôt de la</line>
<line>demande de permis de construire s'ils sont implantés sur un autre site que celui du</line>
<line>siège de l'exploitation.</line></par>
<par>
<line>• L’extension mesurée, sans cave ni sous-sol :</line></par>
<par>
<line>- des constructions à usage autre que d’activités économiques, dans la limite</line>
<line>d’une extension de 30 m2 d’emprise au sol à compter de l’approbation du</line>
<line>présent règlement, cette extension étant limitée à une seule fois, avec publicité</line>
<line>foncière obligatoire.</line></par>
<par>
<line>- des constructions à usage d’activités économiques non agricoles, dans la</line>
<line>limite de 20 % de l’emprise au sol des bâtiments existant sur l’unité foncière à</line>
<line>la date d’approbation du présent règlement, cette extension étant limitée à une</line>
<line>seule fois, avec publicité foncière obligatoire.</line></par>
<par>
<line>Les extensions sont autorisées à la cote d’implantation de la construction</line>
<line>existante ou à celle du terrain naturel si elle est plus élevée.</line></par>
<par>
<line>• Les changements de destination, sauf ceux visant à la création de nouveaux</line>
<line>logements, sous réserve d’assurer la sécurité des personnes et de ne pas augmenter la</line>
<line>vulnérabilité des biens ni les nuisances</line></par>
<par>
<line>• Les annexes à l’habitation (construction séparée de la construction principale) dont la</line>
<line>surface au sol est inférieure à 30 m2, construites au niveau du terrain naturel ou au-</line>
<line>dessus. Une seule annexe par unité foncière pourra être édifiée.</line></par>
</text>
</block>
<block><region><rect/></region>
<text>
<par>
<line>II-I-III Champ d’expansion des crues d’aléa faible (CEC 3)</line></par>
<par>
<line>Cette zone recouvre les secteurs dans lesquels les hauteurs de submersion sont</line>
<line>inférieures à 1 m et les vitesses d’écoulement inférieures à un mètre/seconde.</line></par>
<par>
<line>Outre les dispositions générales, les règles particulières ci-dessous s’appliquent dans</line>
<line>cette zone.</line></par>
<par>
<line>Sont interdits :</line></par>
<par>
<line>• tout endiguement ou remblaiement nouveau qui ne serait pas justifié par la protection</line>
<line>des lieux fortement urbanisés, à l’exception de ceux des infrastructures de transport</line>
<line>visées au chapitre « dispositions générales »</line></par>
<par>
<line>• les constructions nouvelles qui ne sont pas expressément autorisées ci-dessous</line></par>
</text>
</block>



</page>
<page width="2479" height="3508" resolution="300">
<block><region><rect/></region>
<text>
<par>
<line>8</line></par>
</text>
</block>
<block><region><rect/></region>
<text>
<par>
<line>• les aménagements des sous-sols existants (locaux non habités situés sous le rez-de-</line>
<line>chaussée)</line></par>
<par>
<line>• l’augmentation du nombre de logements par aménagement ou rénovation</line></par>
<par>
<line>• le stationnement des caravanes, sauf dans les terrains de camping et caravanage</line>
<line>autorisés à la date d’approbation du P.P.R., créés ou étendus en application du</line>
<line>paragraphe I-II des dispositions générales ou dans les aires de grand passage des</line>
<line>gens du voyage</line></par>
<par>
<line>• les habitations légères de loisirs</line></par>
<par>
<line>• les serres soumises à déclaration de travaux ou permis de construire</line></par>
</text>
</block>
<block><region><rect/></region>
<text>
<par>
<line>Sont autorisés :</line></par>
<par>
<line>• les constructions à usage d’habitations sans cave ni sous-sol, liées et nécessaires</line>
<line>aux activités agricoles sous réserve que ces activités imposent une présence</line>
<line>permanente à proximité immédiate.</line></par>
<par>
<line>Le plancher du rez-de-chaussée de ces constructions devra être implanté</line>
<line>20 cm au-dessus de la cote de la crue de référence.</line></par>
<par>
<line>• la construction de bâtiments d’exploitation agricole, non affectés à de l'habitation, à</line>
<line>condition qu'ils soient implantés dans un rayon de 200 mètres mesurés à partir du siège</line>
<line>de l'exploitation ou des bâtiments agricoles en service au moment du dépôt de la</line>
<line>demande de permis de construire s'ils sont implantés sur un autre site que celui du</line>
<line>siège de l'exploitation.</line></par>
<par>
<line>• l’extension mesurée, sans cave ni sous-sol :</line></par>
<par>
<line>- des constructions à usage autre que d’activités économiques, dans la limite</line>
<line>d’une extension de 30 m2 d’emprise au sol à compter de l’approbation du</line>
<line>présent règlement, cette extension étant limitée à une seule fois, avec publicité</line>
<line>foncière obligatoire.</line></par>
<par>
<line>- des constructions à usage d’activités économiques non agricoles, dans la</line>
<line>limite de 20 % de l’emprise au sol des bâtiments existant sur l’unité foncière à</line>
<line>la date d’approbation du présent règlement, cette extension étant limitée à une</line>
<line>seule fois, avec publicité foncière obligatoire.</line></par>
<par>
<line>Les extensions sont autorisées à la cote d’implantation de la construction</line>
<line>existante ou à celle du terrain naturel si elle est plus élevée.</line></par>
<par>
<line>• les changements de destination sous réserve d’assurer la sécurité des personnes et</line>
<line>de ne pas augmenter la vulnérabilité des biens ni les nuisances</line></par>
<par>
<line>• Les annexes à l’habitation (construction séparée de la construction principale) dont la</line>
<line>surface au sol est inférieure à 30 m2, construites au niveau du terrain naturel ou au-</line>
<line>dessus. Une seule annexe par unité foncière pourra être édifiée.</line></par>
</text>
</block>
<block><region><rect/></region>
<text>
<par>
<line>II-I-IV Champ d’expansion des crues en cas de rupture de digues (CECRD)</line></par>
<par>
<line>Cette enveloppe est délimitée par un trait continu fort de couleur rouge et correspond à</line>
<line>trois secteurs situés en rive droite et gauche de l’Allier derrière les digues d’entonnement</line>
<line>du pont SNCF sur le territoire des communes de Saint-Pourçain-sur-Sioule et Contigny en</line>
<line>rive gauche, et de Saint-Loup en rive droite.</line></par>
<par>
<line>Ces digues ne sont pas submergées par la crue centennale mais leur pérennité sur le long</line>
<line>terme n’est pas assurée, un risque de rupture existe donc.</line></par>
</text>
</block>


</page>
<page width="2479" height="3508" resolution="300">
<block><region><rect/></region>
<text>
<par>
<line>9</line></par>
</text>
</block>
<block><region><rect/></region>
<text>
<par>
<line>Dans cette enveloppe s’applique le règlement du champ d’expansion des crues d’aléa très</line>
<line>fort ou d’aléa fort à moyen, selon la zone reportée sur le plan de zonage.</line></par>
</text>
</block>
<block><region><rect/></region>
<text>
<par>
<line>II-II Les zones urbanisées (zone bleue)</line></par>
<par>
<line>II-II-I Zone urbanisée d’aléa fort (ZU 1)</line></par>
<par>
<line>Sans objet</line></par>
<par>
<line>II-II-II Zone urbanisée d’aléa moyen (ZU 2)</line></par>
<par>
<line>Cette zone correspond aux secteurs inondés par les grandes crues de l'Allier, concernés</line>
<line>par un niveau d'aléa moyen: les vitesses d'écoulement peuvent être supérieures à 1 mètre</line>
<line>par seconde et les hauteurs d'eau peuvent être comprises entre 1 et 2 mètres.</line></par>
<par>
<line>Outre les dispositions générales, les règles particulières ci-dessous s'appliquent dans cette</line>
<line>zone.</line></par>
<par>
<line>Sont interdits:</line></par>
<par>
<line>• tout endiguement ou remblaiement nouveau qui ne serait pas justifié par la protection</line>
<line>des lieux fortement urbanisés, à l’exception des remblais des infrastructures de</line>
<line>transport visées au chapitre « dispositions générales » et des remblais strictement</line>
<line>nécessaires à l’édification des constructions</line></par>
<par>
<line>• les aménagements des sous-sols existants (locaux non habités situés sous le rez-de-</line>
<line>chaussée)</line></par>
<par>
<line>• le stationnement des caravanes, sauf dans les terrains de camping et caravanage</line>
<line>autorisés à la date d’approbation du P.P.R., créés ou étendus en application du</line>
<line>paragraphe I-II des dispositions générales ou dans les aires de grand passage des</line>
<line>gens du voyage</line></par>
<par>
<line>• l'augmentation du nombre de logements</line></par>
<par>
<line>• les constructions nouvelles</line></par>
<par>
<line>• les habitations légères de loisirs</line></par>
<par>
<line>• les serres soumises à déclaration de travaux ou permis de construire</line>
<line>Sont autorisés :</line></par>
<par>
<line>• les changements de destination, sauf ceux visant à la création de nouveaux</line>
<line>logements, sous réserve d’assurer la sécurité des personnes et de ne pas augmenter la</line>
<line>vulnérabilité des biens ni les nuisances</line></par>
<par>
<line>• l’extension mesurée, sans création de cave ni sous-sol :</line></par>
<par>
<line>- des constructions à usage autre que d’activités économiques, dans la limite</line>
<line>de 20 m2 d’emprise au sol, cette extension étant limitée à une seule fois, avec</line>
<line>publicité foncière obligatoire.</line></par>
<par>
<line>- des constructions à usage d’activités économiques, dans la limite de 20 %</line>
<line>de l’emprise au sol des bâtiments existant sur l’unité foncière à la date</line>
<line>d’approbation du présent règlement, cette extension étant limitée à une seule</line>
<line>fois, avec publicité foncière obligatoire.</line></par>
<par>
<line>Les extensions sont autorisées à la cote d’implantation de la construction existante ou à</line>
<line>celle du terrain naturel si elle est plus élevée.</line></par>
<par>
<line>• Les extensions, sans limitation de surface, à niveau constant ou supérieur des</line>
<line>constructions dont le plancher le plus bas est situé 0,20 m au-dessus du niveau de la</line>
<line>crue de référence</line></par>
</text>
</block>




</page>
<page width="2479" height="3508" resolution="300">
<block><region><rect/></region>
<text>
<par>
<line>10</line></par>
</text>
</block>
<block><region><rect/></region>
<text>
<par>
<line>• les annexes à l’habitation (construction séparée de la construction principale) dont la</line>
<line>surface au sol est inférieure à 30 m2 construites au niveau ou au-dessus du terrain</line>
<line>naturel. Une seule annexe par unité foncière pourra être édifiée à compter de</line>
<line>l’approbation du présent règlement</line></par>
<par>
<line>II-II-III Zone urbanisée d’aléa faible (ZU 3)</line></par>
<par>
<line>Cette zone correspond aux secteurs inondés uniquement par les plus grandes crues de</line>
<line>l’Allier et, par suite, concernés par un niveau d’aléa assez faible : les vitesses</line>
<line>d’écoulement ainsi que les hauteurs de submersion sont peu élevées.</line></par>
<par>
<line>Outre les dispositions générales, les règles particulières ci-dessous s’appliquent dans cette</line>
<line>zone.</line></par>
<par>
<line>Sont interdits :</line></par>
<par>
<line>• tout endiguement ou remblaiement nouveau qui ne serait pas justifié par la protection</line>
<line>des lieux fortement urbanisés, à l’exception des remblais des infrastructures de</line>
<line>transport visées au chapitre « dispositions générales » et des remblais strictement</line>
<line>nécessaires à l’édification des constructions</line></par>
<par>
<line>• les aménagements des sous-sols existants (locaux non habités situés sous le rez-de-</line>
<line>chaussée)</line></par>
<par>
<line>• le stationnement des caravanes, sauf dans les terrains de camping et caravanage</line>
<line>autorisés à la date d’approbation du P.P.R., créés ou étendus en application du</line>
<line>paragraphe I-II des dispositions générales ou dans les aires de grand passage des</line>
<line>gens du voyage</line></par>
<par>
<line>• les habitations légères de loisirs</line></par>
<par>
<line>• les serres soumises à déclaration de travaux ou permis de construire</line>
<line>Sont autorisés :</line></par>
<par>
<line>• les constructions nouvelles, sans caves ou sous-sols enterrés, sous réserve que le</line>
<line>plancher le plus bas soit situé 0,20 m au-dessus du niveau de la crue de référence</line></par>
<par>
<line>• les changements de destination, sous réserve d’assurer la sécurité des personnes et</line>
<line>de ne pas augmenter la vulnérabilité des biens ni les nuisances</line></par>
<par>
<line>• l’extension mesurée, sans création de cave ni sous-sol :</line></par>
<par>
<line>- des constructions à usage autre que d’activités économiques, dans la limite</line>
<line>de 20 m2 d’emprise au sol, cette extension étant limitée à une seule fois, avec</line>
<line>publicité foncière obligatoire.</line></par>
<par>
<line>- des constructions à usage d’activités économiques, dans la limite de 20 %</line>
<line>de l’emprise au sol des bâtiments existant sur l’unité foncière à la date</line>
<line>d’approbation du présent règlement, cette extension étant limitée à une seule</line>
<line>fois, avec publicité foncière obligatoire.</line></par>
<par>
<line>Les extensions sont autorisées à la cote d’implantation de la construction</line>
<line>existante ou à celle du terrain naturel si elle est plus élevée.</line></par>
<par>
<line>• les extensions, sans limitation de surface, à niveau constant ou supérieur des</line>
<line>constructions dont le plancher le plus bas est situé 0,20 m au-dessus du niveau de la</line>
<line>crue de référence</line></par>
<par>
<line>• les annexes à l’habitation (construction séparée de la construction principale) dont la</line>
<line>surface au sol est inférieure à 30 m2 construites au niveau ou au-dessus du terrain</line>
<line>naturel. Une seule annexe par unité foncière pourra être édifiée à compter de</line>
<line>l’approbation du présent règlement</line></par>
<par>
<line>• l’augmentation du nombre de logements par aménagement ou rénovation</line></par>
</text>
</block>



</page>
<page width="2479" height="3508" resolution="300">
<block><region><rect/></region>
<text>
<par>
<line>11</line></par>
</text>
</block>
<block><region><rect/></region>
<text>
<par>
<line>• la création d'aires d'accueil permanent des gens du voyage et la construction des</line>
<line>bâtiments nécessaires à ces aires, sous réserve que le plancher le plus bas de ces</line>
<line>constructions soit situé à 20 cm au-dessus du niveau de la crue de référence.</line></par>
</text>
</block>
<block><region><rect/></region>
<text>
<par>
<line>IIIMESURES DE PREVENTION ET DE SAUVEGARDE</line></par>
<par>
<line>En application de l'article 5 du décret 95-1089 du 5 octobre 1995, « les travaux de</line>
<line>prévention imposés à des biens construits ou aménagés conformément aux dispositions</line>
<line>du code de l'urbanisme avant l'approbation du plan et mis à la charge des propriétaires,</line>
<line>exploitants ou utilisateurs ne peuvent porter que sur des aménagements limités dont le</line>
<line>coût est inférieur à 10 % de la valeur vénale ou estimée du bien à la date d'approbation</line>
<line>du plan ».</line></par>
<par>
<line>III-I Mesures de prévention et de secours</line></par>
<par>
<line>• Chaque commune ou groupement de communes doit réaliser des travaux permettant</line>
<line>d'assurer l'alimentation en en eau potable par temps de crues.</line></par>
<par>
<line>• Les communes devront réaliser une information régulière sur le risque inondation</line>
<line>conformément à l’article L 125-2 du code de l’environnement.</line></par>
<par>
<line>• Conformément à l’article L 563-3 du code de l’environnement, le Maire procédera avec</line>
<line>l’assistance des services de l’Etat compétents, à l’inventaire des repères de crues</line>
<line>existants ; il établira les repères correspondants aux crues historiques et aux nouvelles</line>
<line>crues exceptionnelles. La commune matérialisera, entretiendra et protégera ces repères.</line></par>
<par>
<line>• Conformément à l’article 13 de la loi n°2004-811 du 13 août 2004 de modernisation de</line>
<line>la sécurité civile, le Maire établira un plan communal de sauvegarde. Ce plan sera établi</line>
<line>dans un délai de 2 ans. Il déterminera :</line></par>
<par>
<line>•Les mesures immédiates de sauvegarde et de protection des personnes,</line>
<line>•L’organisation nécessaire à la diffusion de l’alerte et des consignes de sécurité,</line>
<line>•Les moyens disponibles,</line></par>
<par>
<line>•Les mesures d’accompagnement et de soutien de la population.</line></par>
<par>
<line>• Les aires de stationnement ouvertes au public feront l’objet d’un mode de gestion</line>
<line>approprié au risque inondation. Un règlement sera mis en place dans les 3 ans et devra</line>
<line>s’intégrer au plan communal de sauvegarde.</line></par>
<par>
<line>• Il conviendra de s’assurer de la mobilité des caravanes et habitations légères de loisirs</line>
<line>situés dans les campings. En tout état de cause, les prescriptions d’information d’alerte</line>
<line>et d’évacuation adéquate sont fixées selon l’article L 443.2 du code de l’urbanisme.</line></par>
<par>
<line>III-II Maîtrise des écoulements et ruissellements</line></par>
<par>
<line>• Pour les eaux résiduelles urbaines, les communes établiront un zonage</line>
<line>d’assainissement pour les eaux pluviales et de ruissellement, notamment dans les zones</line>
<line>urbanisées ou destinées à l’être d’ici 2006 (article L 2224-10 du Code Général des</line>
<line>Collectivités Territoriales).</line></par>
<par>
<line>• Les activités agricoles, forestières et liées à la pêche ne doivent pas aggraver les</line>
<line>risques , donc :</line></par>
<par>
<line>•pour limiter l’érosion et ou le ruissellement, la plantation de haies doit être</line>
<line>encouragée et l'arrachage limité au maximum.</line></par>
<par>
<line>III-III Opérations d’entretien, de protection et de prévention</line></par>
<par>
<line>- Il est demandé aux propriétaires de piscines et bassins existants de matérialiser les</line>
<line>emprises correspondantes (marquages visibles au-dessus de la cote de référence).</line></par>
</text>
</block>
</page>
<page width="2479" height="3508" resolution="300">
<block><region><rect/></region>
<text>
<par>
<line>12</line></par>
</text>
</block>
<block><region><rect/></region>
<text>
<par>
<line>- L’entretien des cours d’eau non domaniaux doit être assuré par les propriétaires</line>
<line>riverains qui procéderont à l’entretien des rives par élagage et recépage de la végétation</line>
<line>arborée et à l’enlèvement des embâcles et débris flottants ou non .</line></par>
</text>
</block>
<block><region><rect/></region>
<text>
<par>
<line>IVRECOMMANDATIONS</line></par>
<par>
<line>Il est recommandé de mettre en œuvre toute mesure propre à diminuer la vulnérabilité</line>
<line>des personnes et des biens (guide « mesures de prévention » PPR Risques</line>
<line>d’inondation, la documentation française), par exemple : surélévation des biens</line>
<line>sensibles à l'eau, surélévation de planchers, utilisation de matériaux insensibles à</line>
<line>l'eau, étanchéification des ouvertures situées sous la cote de référence, amélioration</line>
<line>de la perméabilité des clôtures.</line></par>
</text>
</block>
<block><region><rect/></region>
<text>
<par>
<line>En cas de crue, les cheptels doivent être évacués vers des terrains ou bâtiments non</line>
<line>submersibles.</line></par>
<par>
<line>Le stockage de balles de foin ou paille ne devra pas se faire sur les parcelles inondables</line>
<line>hors d’un périmètre de 100 mètres autour des bâtiments agricoles, en dehors de la période</line>
<line>du 1er juillet au 15 septembre.</line></par>
</text>
</block>
<block><region><rect/></region>
<text>
<par>
<line>VTABLEAU DES COTES DE CRUE</line></par>
</text>
</block>
<block><region><rect/></region>
<text>
<par>
<line>Le tableau page suivante indique les cotes de la crue centennale selon les profils figurés sur le</line>
<line>plan de zonage.</line></par>
</text>
</block>
</page>
<page width="2479" height="3508" resolution="300">
<block><region><rect/></region>
<text>
<par>
<line>13</line></par>
</text>
</block>
<block blockType="Table" blockName="" l="472" t="236" r="2041" b="3163"><region><rect/></region>
<row>
<cell width="387" height="101">
<text>
<par>
<line>N° des profils</line></par>
</text></cell>
<cell width="360" height="101">
<text>
<par>
<line>Cotes NGF</line></par>
</text></cell>
<cell width="60" height="101">
<text>
<par/>
</text></cell>
<cell width="372" height="101">
<text>
<par>
<line>N° des profils</line></par>
</text></cell>
<cell width="390" height="101">
<text>
<par>
<line>Cotes NGF</line></par>
</text></cell></row>
<row>
<cell width="387" height="94">
<text>
<par>
<line>1</line></par>
</text></cell>
<cell width="360" height="94">
<text>
<par>
<line>216,44</line></par>
</text></cell>
<cell width="60" height="94">
<text>
<par/>
</text></cell>
<cell width="372" height="94">
<text>
<par>
<line>31</line></par>
</text></cell>
<cell width="390" height="94">
<text>
<par>
<line>230,04</line></par>
</text></cell></row>
<row>
<cell width="387" height="94">
<text>
<par>
<line>2</line></par>
</text></cell>
<cell width="360" height="94">
<text>
<par>
<line>217,00</line></par>
</text></cell>
<cell width="60" height="94">
<text>
<par/>
</text></cell>
<cell width="372" height="94">
<text>
<par>
<line>32</line></par>
</text></cell>
<cell width="390" height="94">
<text>
<par>
<line>231,48</line></par>
</text></cell></row>
<row>
<cell width="387" height="94">
<text>
<par>
<line>3</line></par>
</text></cell>
<cell width="360" height="94">
<text>
<par>
<line>217,17</line></par>
</text></cell>
<cell width="60" height="94">
<text>
<par/>
</text></cell>
<cell width="372" height="94">
<text>
<par>
<line>33</line></par>
</text></cell>
<cell width="390" height="94">
<text>
<par>
<line>231,63</line></par>
</text></cell></row>
<row>
<cell width="387" height="94">
<text>
<par>
<line>4</line></par>
</text></cell>
<cell width="360" height="94">
<text>
<par>
<line>217,63</line></par>
</text></cell>
<cell width="60" height="94">
<text>
<par/>
</text></cell>
<cell width="372" height="94">
<text>
<par>
<line>34</line></par>
</text></cell>
<cell width="390" height="94">
<text>
<par>
<line>231,70</line></par>
</text></cell></row>
<row>
<cell width="387" height="94">
<text>
<par>
<line>5</line></par>
</text></cell>
<cell width="360" height="94">
<text>
<par>
<line>218,19</line></par>
</text></cell>
<cell width="60" height="94">
<text>
<par/>
</text></cell>
<cell width="372" height="94">
<text>
<par>
<line>35</line></par>
</text></cell>
<cell width="390" height="94">
<text>
<par>
<line>231,93</line></par>
</text></cell></row>
<row>
<cell width="387" height="95">
<text>
<par>
<line>6</line></par>
</text></cell>
<cell width="360" height="95">
<text>
<par>
<line>218,68</line></par>
</text></cell>
<cell width="60" height="95">
<text>
<par/>
</text></cell>
<cell width="372" height="95">
<text>
<par>
<line>36</line></par>
</text></cell>
<cell width="390" height="95">
<text>
<par>
<line>232,24</line></par>
</text></cell></row>
<row>
<cell width="387" height="94">
<text>
<par>
<line>7</line></par>
</text></cell>
<cell width="360" height="94">
<text>
<par>
<line>218,98</line></par>
</text></cell>
<cell width="60" height="94">
<text>
<par/>
</text></cell>
<cell width="372" height="94">
<text>
<par>
<line>37</line></par>
</text></cell>
<cell width="390" height="94">
<text>
<par>
<line>232,35</line></par>
</text></cell></row>
<row>
<cell width="387" height="94">
<text>
<par>
<line>8</line></par>
</text></cell>
<cell width="360" height="94">
<text>
<par>
<line>219,56</line></par>
</text></cell>
<cell width="60" height="94">
<text>
<par/>
</text></cell>
<cell width="372" height="94">
<text>
<par>
<line>38</line></par>
</text></cell>
<cell width="390" height="94">
<text>
<par>
<line>232,55</line></par>
</text></cell></row>
<row>
<cell width="387" height="94">
<text>
<par>
<line>9</line></par>
</text></cell>
<cell width="360" height="94">
<text>
<par>
<line>219,85</line></par>
</text></cell>
<cell width="60" height="94">
<text>
<par/>
</text></cell>
<cell width="372" height="94">
<text>
<par>
<line>39</line></par>
</text></cell>
<cell width="390" height="94">
<text>
<par>
<line>233,43</line></par>
</text></cell></row>
<row>
<cell width="387" height="94">
<text>
<par>
<line>10</line></par>
</text></cell>
<cell width="360" height="94">
<text>
<par>
<line>219,94</line></par>
</text></cell>
<cell width="60" height="94">
<text>
<par/>
</text></cell>
<cell width="372" height="94">
<text>
<par>
<line>40</line></par>
</text></cell>
<cell width="390" height="94">
<text>
<par>
<line>233,52</line></par>
</text></cell></row>
<row>
<cell width="387" height="94">
<text>
<par>
<line>11</line></par>
</text></cell>
<cell width="360" height="94">
<text>
<par>
<line>220,25</line></par>
</text></cell>
<cell width="60" height="94">
<text>
<par/>
</text></cell>
<cell width="372" height="94">
<text>
<par>
<line>41</line></par>
</text></cell>
<cell width="390" height="94">
<text>
<par>
<line>233,90</line></par>
</text></cell></row>
<row>
<cell width="387" height="95">
<text>
<par>
<line>12</line></par>
</text></cell>
<cell width="360" height="95">
<text>
<par>
<line>220,72</line></par>
</text></cell>
<cell width="60" height="95">
<text>
<par/>
</text></cell>
<cell width="372" height="95">
<text>
<par>
<line>42</line></par>
</text></cell>
<cell width="390" height="95">
<text>
<par>
<line>234,19</line></par>
</text></cell></row>
<row>
<cell width="387" height="94">
<text>
<par>
<line>13</line></par>
</text></cell>
<cell width="360" height="94">
<text>
<par>
<line>221,19</line></par>
</text></cell>
<cell width="60" height="94">
<text>
<par/>
</text></cell>
<cell width="372" height="94">
<text>
<par>
<line>43</line></par>
</text></cell>
<cell width="390" height="94">
<text>
<par>
<line>234,72</line></par>
</text></cell></row>
<row>
<cell width="387" height="94">
<text>
<par>
<line>14</line></par>
</text></cell>
<cell width="360" height="94">
<text>
<par>
<line>221,75</line></par>
</text></cell>
<cell width="60" height="94">
<text>
<par/>
</text></cell>
<cell width="372" height="94">
<text>
<par>
<line>44</line></par>
</text></cell>
<cell width="390" height="94">
<text>
<par>
<line>235,33</line></par>
</text></cell></row>
<row>
<cell width="387" height="94">
<text>
<par>
<line>15</line></par>
</text></cell>
<cell width="360" height="94">
<text>
<par>
<line>222,44</line></par>
</text></cell>
<cell width="60" height="94">
<text>
<par/>
</text></cell>
<cell width="372" height="94">
<text>
<par>
<line>45</line></par>
</text></cell>
<cell width="390" height="94">
<text>
<par>
<line>236,16</line></par>
</text></cell></row>
<row>
<cell width="387" height="94">
<text>
<par>
<line>16</line></par>
</text></cell>
<cell width="360" height="94">
<text>
<par>
<line>223,07</line></par>
</text></cell>
<cell width="60" height="94">
<text>
<par/>
</text></cell>
<cell width="372" height="94">
<text>
<par>
<line>46</line></par>
</text></cell>
<cell width="390" height="94">
<text>
<par>
<line>236,78</line></par>
</text></cell></row>
<row>
<cell width="387" height="94">
<text>
<par>
<line>17</line></par>
</text></cell>
<cell width="360" height="94">
<text>
<par>
<line>223,51</line></par>
</text></cell>
<cell width="60" height="94">
<text>
<par/>
</text></cell>
<cell width="372" height="94">
<text>
<par>
<line>47</line></par>
</text></cell>
<cell width="390" height="94">
<text>
<par>
<line>237,58</line></par>
</text></cell></row>
<row>
<cell width="387" height="95">
<text>
<par>
<line>18</line></par>
</text></cell>
<cell width="360" height="95">
<text>
<par>
<line>224,07</line></par>
</text></cell>
<cell width="60" height="95">
<text>
<par/>
</text></cell>
<cell width="372" height="95">
<text>
<par>
<line>48</line></par>
</text></cell>
<cell width="390" height="95">
<text>
<par>
<line>238,31</line></par>
</text></cell></row>
<row>
<cell width="387" height="94">
<text>
<par>
<line>19</line></par>
</text></cell>
<cell width="360" height="94">
<text>
<par>
<line>224,15</line></par>
</text></cell>
<cell width="60" height="94">
<text>
<par/>
</text></cell>
<cell width="372" height="94">
<text>
<par>
<line>49</line></par>
</text></cell>
<cell width="390" height="94">
<text>
<par>
<line>238,80</line></par>
</text></cell></row>
<row>
<cell width="387" height="94">
<text>
<par>
<line>20</line></par>
</text></cell>
<cell width="360" height="94">
<text>
<par>
<line>224,44</line></par>
</text></cell>
<cell width="60" height="94">
<text>
<par/>
</text></cell>
<cell width="372" height="94">
<text>
<par>
<line>50</line></par>
</text></cell>
<cell width="390" height="94">
<text>
<par>
<line>239,53</line></par>
</text></cell></row>
<row>
<cell width="387" height="94">
<text>
<par>
<line>21</line></par>
</text></cell>
<cell width="360" height="94">
<text>
<par>
<line>224,67</line></par>
</text></cell>
<cell width="60" height="94">
<text>
<par/>
</text></cell>
<cell width="372" height="94">
<text>
<par>
<line>51</line></par>
</text></cell>
<cell width="390" height="94">
<text>
<par>
<line>240,08</line></par>
</text></cell></row>
<row>
<cell width="387" height="94">
<text>
<par>
<line>22</line></par>
</text></cell>
<cell width="360" height="94">
<text>
<par>
<line>225,22</line></par>
</text></cell>
<cell width="60" height="94">
<text>
<par/>
</text></cell>
<cell width="372" height="94">
<text>
<par>
<line>52</line></par>
</text></cell>
<cell width="390" height="94">
<text>
<par>
<line>241,32</line></par>
</text></cell></row>
<row>
<cell width="387" height="94">
<text>
<par>
<line>23</line></par>
</text></cell>
<cell width="360" height="94">
<text>
<par>
<line>225,75</line></par>
</text></cell>
<cell width="60" height="94">
<text>
<par/>
</text></cell>
<cell width="372" height="94">
<text>
<par>
<line>53</line></par>
</text></cell>
<cell width="390" height="94">
<text>
<par>
<line>242,08</line></par>
</text></cell></row>
<row>
<cell width="387" height="95">
<text>
<par>
<line>24</line></par>
</text></cell>
<cell width="360" height="95">
<text>
<par>
<line>226,11</line></par>
</text></cell>
<cell width="60" height="95">
<text>
<par/>
</text></cell>
<cell width="372" height="95">
<text>
<par>
<line>54</line></par>
</text></cell>
<cell width="390" height="95">
<text>
<par>
<line>242,15</line></par>
</text></cell></row>
<row>
<cell width="387" height="94">
<text>
<par>
<line>25</line></par>
</text></cell>
<cell width="360" height="94">
<text>
<par>
<line>226,64</line></par>
</text></cell>
<cell width="60" height="94">
<text>
<par/>
</text></cell>
<cell width="372" height="94">
<text>
<par>
<line>55</line></par>
</text></cell>
<cell width="390" height="94">
<text>
<par>
<line>242,23</line></par>
</text></cell></row>
<row>
<cell width="387" height="94">
<text>
<par>
<line>26</line></par>
</text></cell>
<cell width="360" height="94">
<text>
<par>
<line>227,05</line></par>
</text></cell>
<cell width="60" height="94">
<text>
<par/>
</text></cell>
<cell width="372" height="94">
<text>
<par>
<line>56</line></par>
</text></cell>
<cell width="390" height="94">
<text>
<par>
<line>243,70</line></par>
</text></cell></row>
<row>
<cell width="387" height="94">
<text>
<par>
<line>27</line></par>
</text></cell>
<cell width="360" height="94">
<text>
<par>
<line>227,64</line></par>
</text></cell>
<cell width="60" height="94">
<text>
<par/>
</text></cell>
<cell width="372" height="94">
<text>
<par>
<line>57</line></par>
</text></cell>
<cell width="390" height="94">
<text>
<par>
<line>244,03</line></par>
</text></cell></row>
<row>
<cell width="387" height="94">
<text>
<par>
<line>28</line></par>
</text></cell>
<cell width="360" height="94">
<text>
<par>
<line>228,16</line></par>
</text></cell>
<cell width="60" height="94">
<text>
<par/>
</text></cell>
<cell width="372" height="94">
<text>
<par>
<line>58</line></par>
</text></cell>
<cell width="390" height="94">
<text>
<par>
<line>244,47</line></par>
</text></cell></row>
<row>
<cell width="387" height="94">
<text>
<par>
<line>29</line></par>
</text></cell>
<cell width="360" height="94">
<text>
<par>
<line>228,65</line></par>
</text></cell>
<cell width="60" height="94">
<text>
<par/>
</text></cell>
<cell width="372" height="94">
<text>
<par>
<line>59</line></par>
</text></cell>
<cell width="390" height="94">
<text>
<par>
<line>244,94</line></par>
</text></cell></row>
<row>
<cell width="387" height="96">
<text>
<par>
<line>30</line></par>
</text></cell>
<cell width="360" height="96">
<text>
<par>
<line>229,58</line></par>
</text></cell>
<cell width="60" height="96">
<text>
<par/>
</text></cell>
<cell width="372" height="96">
<text>
<par/>
</text></cell>
<cell width="390" height="96">
<text>
<par/>
</text></cell></row>
</block>



































</page>
<page width="2479" height="3508" resolution="300">
<block><region><rect/></region>
<text>
<par>
<line>14</line></par>
</text>
</block>
</page>
</PM1>