<?xml version="1.0" encoding="UTF-8"?><PM1>
<page width="1677" height="2353" resolution="200">
<block><region><rect/></region>
<text>
<par>
<line>Liberté • Égalité • Fraiernilé</line></par>
<par>
<line>RÉPUBLIQUE Française</line>
<line>PRÉFET DE L’AIN</line></par>
</text>
</block>
<block><region><rect/></region>
<text>
<par>
<line>Direction départementale des territoires</line></par>
</text>
</block>
<block><region><rect/></region>
<text>
<par>
<line>Sen'ice Urbanisme Risques</line></par>
</text>
</block>
<block><region><rect/></region>
<text>
<par>
<line>Unité Prévention des Risques</line></par>
</text>
</block>
<block><region><rect/></region>
<text>
<par>
<line>ARRÊTÉ</line></par>
<par>
<line>portant approbation du plan de prévention des risques</line>
<line>"inondation du Rhône et de l'Ain "</line>
<line>sur la commune de LOYETTES</line></par>
</text>
</block>
<block><region><rect/></region>
<text>
<par>
<line>Le préfet de l'Ain</line></par>
</text>
</block>
<block><region><rect/></region>
<text>
<par>
<line>Vu le code de l'environnement, notamment ses articles L.125-5, L.562-1 à L.562-9, R.125-23 à</line>
<line>R. 125-27, R.562-1 à R.562-10, R.563-1 à R.563-8 et D.563-8-1 ;</line></par>
<par>
<line>Vu la loi n® 82-600 du 13 juillet 1982 relative à l’indemnisation des victimes des catastrophes</line>
<line>naturelles ;</line></par>
<par>
<line>Vu la circulaire du 30 avril 2002 relative à la politique de l’État en matière de risques naturels</line>
<line>prévisibles et de gestion des espaces situés derrière les digues de protection contre les</line>
<line>inondations et les submersions marines ;</line></par>
<par>
<line>Vu l'arrêté préfectoral n°2006-240 du 15 février 2006 relatif à l’information des acquéreurs et des</line>
<line>locataires de biens immobiliers sur les risques majeurs sur la commune de Loyettes ;</line></par>
<par>
<line>Vu l'arrêté préfectoral du 25 juin 2015 prescrivant le plan de prévention des risques "inondation du</line>
<line>Rhône et de l’Ain" ;</line></par>
<par>
<line>Vu l'arrêté du préfet coordonnateur de bassin Rhône-Méditerranée du 7 décembre 2015 portant</line>
<line>approbation du plan de gestion des risques d'inondation 2016-2021 du bassin Rhône-</line>
<line>Méditerranée :</line></par>
<par>
<line>Vu l’arrêté préfectoral du 18 décembre 2015 prescrivant l'ouverture d’une enquête publique sur le</line>
<line>plan de prévention des risques "inondations du Rhône et de l'Ain" sur la commune de Loyettes ;</line></par>
<par>
<line>Vu l'arrêté préfectoral du 17 mai 2016 relatif à l’information des acquéreurs et des locataires (lAL)</line>
<line>de biens immobiliers sur les risques naturels et technologiques majeurs et abrogeant l'arrêté</line>
<line>n°IAL2011_01 du 19 avril 2011 ;</line></par>
<par>
<line>Vu l'avis favorable du centre national de la propriété forestière du 12 janvier 2016 ;</line></par>
<par>
<line>Vu l’avis favorable de la chambre d'agriculture du 14 janvier 2016 ;</line></par>
<par>
<line>Vu l'avis défavorable du conseil municipal de Loyettes du 21 janvier 2016 ;</line></par>
<par>
<line>Vu l'avis réputé favorable de la communauté de communes de la Plaine de l'Ain ;</line></par>
<par>
<line>Vu l'avis réputé favorable de Voies Navigables de France ;</line></par>
<par>
<line>Vu le rapport et l'avis favorable du commissaire enquêteur du 25 avril 2016 à l’issue de l'enquête</line>
<line>publique qui s'est déroulée du 10 février 2016 au 17 mars 2016 ;</line></par>
<par>
<line>Sur proposition du directeur départemental des territoires ;</line></par>
</text>
</block>

</page>
<page width="1659" height="2340" resolution="200">
<block><region><rect/></region>
<text>
<par>
<line>ARRETE</line></par>
</text>
</block>
<block><region><rect/></region>
<text>
<par>
<line>Article</line></par>
<par>
<line>Est approuvé, tel qu’il est annexé au présent arrêté, le plan de prévention des risques "inondation</line>
<line>du Rhône et de l’Ain" sur la commune de Loyettes.</line></par>
<par>
<line>Article 2</line></par>
<par>
<line>Le plan se compose d’un dossier comprenant un rapport de présentation, une carte des aléas,</line>
<line>une carte des enjeux, une carte de zonage réglementaire et un règlement.</line></par>
<par>
<line>Le plan est tenu à la disposition du public :</line></par>
<par>
<line>- à la mairie de Loyettes,</line></par>
<par>
<line>- à la direction départementale des territoires de l'Ain,</line></par>
<par>
<line>- à la préfecture de l'Ain,</line></par>
<par>
<line>- à la sous-préfecture de Belley,</line></par>
<par>
<line>- sur le site internet des services de l’État dans l'Ain (www.ain.aouv.frl</line>
<line>Article 3</line></par>
<par>
<line>Les éléments nécessaires à l'établissement de l'état des risques destiné à l’information sur les</line>
<line>risques naturels et technologiques majeurs des acquéreurs et des locataires de biens immobiliers</line>
<line>situés dans la commune de Loyettes et consignés dans le dossier communal d’information sur les</line>
<line>risques, annexé à l'arrêté n®2006-240 sont modifiés en conséquence de la présente approbation.</line></par>
<par>
<line>Le directeur départemental des territoires est chargé de ces modifications qui sont transmises :</line></par>
<par>
<line>- à la préfecture,</line></par>
<par>
<line>- à la sous-préfecture de Belley,</line></par>
<par>
<line>- au maire de Loyettes,</line></par>
<par>
<line>- à la chambre départementale des notaires.</line></par>
<par>
<line>Les éléments du dossier communal d’information sur les risques sont consultables sur le site</line>
<line>Internet de l'État dans l'Ain (www.ain.gouv.fr) et le dossier est tenu à la disposition du public :</line></par>
<par>
<line>1 - à la mairie de Loyettes,</line></par>
<par>
<line>2 - à la préfecture de l'Ain,</line></par>
<par>
<line>3 - à la sous-préfecture de Belley.</line></par>
<par>
<line>Article 4</line></par>
<par>
<line>Le plan de prévention des risques vaut servitude d'utilité publique en application de l'article L.562-</line></par>
<par>
<line>4 du code de l’environnement. Il doit être annexé sans délai au plan local d'urbanisme de la</line>
<line>commune en application des dispositions de l’article L.153-60 du code de l'urbanisme.</line></par>
<par>
<line>Article 5</line></par>
<par>
<line>Le présent arrêté est publié au recueil des actes administratifs de la préfecture et mention en est</line>
<line>faite en caractères apparents dans le journal ci-après désigné "La Voix de l’Ain". Un exemplaire</line>
<line>du journal est annexé au présent arrêté.</line></par>
<par>
<line>Cet arrêté est également affiché en mairie de Loyettes pendant au moins un mois par le maire et</line>
<line>porté à la connaissance du public par tout autre procédé en usage dans la commune. Ces</line>
<line>mesures de publicité sont justifiées par un certificat du maire.</line></par>
</text>
</block>
<block><region><rect/></region>
<text>
<par>
<line>2/3</line></par>
</text>
</block>

</page>
<page width="1653" height="2336" resolution="200">
<block><region><rect/></region>
<text>
<par>
<line>Article 6</line></par>
<par>
<line>Des copies du présent arrêté sont adressées :</line></par>
<par>
<line>- au maire de Loyettes,</line></par>
<par>
<line>- au président de la communauté de communes de la Plaine de l'Ain,</line></par>
<par>
<line>- à la sous-préfecture de Belley,</line></par>
<par>
<line>- à la directrice régionale de l'environnement, de l'aménagement et du logement Auvergne-</line>
<line>Rhône-Alpes,</line></par>
<par>
<line>- au président de la chambre départementale d’agriculture,</line></par>
<par>
<line>- au président du centre national de la propriété forestière,</line></par>
<par>
<line>- au directeur départemental des territoires de l'Ain.</line></par>
<par>
<line>Article 7</line></par>
<par>
<line>Tout recours à l'encontre du présent arrêté peut être porté devant le tribunal administratif de Lyon</line>
<line>dans un délai de deux mois à compter de l’exécution de l’ensemble des formalités de publicité.</line>
<line>Dans ce même délai, un recours gracieux ou un recours hiérarchique peut être présenté</line>
<line>respectivement devant l'auteur de la présente décision ou auprès du ministre en charge de la</line>
<line>prévention des risques naturels et technologiques. Dans ce cas, le recours contentieux peut alors</line>
<line>être introduit dans les deux mois suivant la réponse (le silence gardé pendant les deux mois</line>
<line>suivant le recours gracieux emporte rejet de cette demande).</line></par>
<par>
<line>Article 8</line></par>
<par>
<line>La secrétaire générale de la préfecture, la sous-préfète de Belley, le maire de Loyettes et le</line>
<line>directeur départemental des territoires sont chargés, chacun en ce qui le concerne, de l'exécution</line>
<line>du présent arrêté.</line></par>
</text>
</block>
<block><region><rect/></region>
<text>
<par>
<line>A Bourg-en-Bresse, le</line>
<line>Le préfet.</line></par>
</text>
</block>
<block><region><rect/></region>
<text>
<par/>
</text>
</block>
<block><region><rect/></region>
<text>
<par>
<line>1 5 SEP. 2016</line></par>
</text>
</block>
<block><region><rect/></region>
<text>
<par>
<line>teurentTOUVET</line></par>
</text>
</block>
<block><region><rect/></region>
<text>
<par>
<line>3/3</line></par>
</text>
</block>
</page>
<page width="1653" height="2336" resolution="200">


</page>
</PM1>