<?xml version="1.0" encoding="UTF-8"?><PM1>
<page width="1669" height="2349" resolution="200">
<block><region><rect/></region>
<text>
<par>
<line>&lt;§"^0/5-^0</line></par>
</text>
</block>
<block><region><rect/></region>
<text>
<par/>
</text>
</block>
<block><region><rect/></region>
<text>
<par/>
</text>
</block>
<block><region><rect/></region>
<text>
<par>
<line>r-'</line></par>
</text>
</block>
<block><region><rect/></region>
<text>
<par>
<line>■Liÿfrtf « jrggfi»' * frgtgrnf;«</line></par>
<par>
<line>ïîÊri:nucïpE française</line></par>
</text>
</block>
<block><region><rect/></region>
<text>
<par>
<line>PREFECTURE DE IA REGION LIMOUSIN</line>
<line>PREFECTURE DE IA HAUTE-VIENNE</line></par>
</text>
</block>
<block><region><rect/></region>
<text>
<par>
<line>ARRETE PORTANT APPROBATION</line>
<line>DU PLAN DE PREVENTION DU RISQUE INONDATION</line>
<line>POUR LA RIVIERE AUZETTE SUR LES COMMUNES DE</line>
<line>PANAZOL, LIMOGES ET FEYTIAT</line></par>
</text>
</block>
<block><region><rect/></region>
<text>
<par>
<line>Le Préfet de la Région Limousin,</line>
<line>Préfet de la Haute-Vienne</line>
<line>Chevalier de la légion d'honneur</line>
<line>Officier de Tordre national du mérite</line></par>
</text>
</block>
<block><region><rect/></region>
<text>
<par>
<line>VU le code de l'environnement, notamment ses articles L. 562-1 à L. 562-8 ;</line></par>
<par>
<line>VU le code de l'urbanîsme ;</line></par>
<par>
<line>VU le code de la construction et de Thabitation ;</line></par>
<par>
<line>VU la loi n° 82-600 du 13 juillet 1982 relative à l'indemnisation des victimes de catastrophes</line>
<line>naturelles ;</line></par>
<par>
<line>VU la loi modifiée n° 87-565 du 22 juillet 1987 relative à Torganisaüon de la sécurité civile, à la</line>
<line>protection de la forêt contre l'incendie et à la prévention des risques majeurs, notamment ses articles</line>
<line>40-1 à 40-7 issus de la loi rf 95-101 du 2 février 1995 relative au renforcement de la protection de</line>
<line>l'environnement (chapitre U du titre II des plans de prévention des risques naturels prévisibles) ;</line></par>
<par>
<line>VU la loi modifiée n® 92-3 du 3 janvier 1992 sur Teau, notamment son article 16 issu de la loi n°</line>
<line>95-101 susvisée ;</line></par>
<par>
<line>VU la loi n° 2003-699 du 30 juillet 2003 relative à la prévention des risques technologiques et</line>
<line>naturels et à la réparation de dommages ;</line></par>
<par>
<line>VU le décret n° 95-1089 du 5 octobre 1995 relatif aux plans de prévention des risques naturels</line>
<line>prévisibles ;</line></par>
<par>
<line>VU le décret 2005-3 du 4 janvier 2005 modifiant le déaet xf 95-1089 du 5 octobre 1995 relatif aux</line>
<line>plans de prévention des risques naturels prévisibles ;</line></par>
<par>
<line>VU la proposition d'élaboration d'un plan de prévention des risques naturels d’inondation pour la</line>
<line>rivière Auzette sur le territoire des communes de Panazol, Limoges et Feytiat, présentée par le</line>
<line>directeur régional et départemental de l'Equipement ;</line></par>
</text>
</block>
<block><region><rect/></region>
<text>
<par/>
</text>
</block>


</page>
<page width="1667" height="2348" resolution="200">
<block><region><rect/></region>
<text>
<par>
<line>-2-</line></par>
</text>
<text>
<par>
<line>VU les avis favorables des conseils municipaux de Panazol et Limoges en dates du 11 et 16</line>
<line>décembre 2008, et l'avis réputé favorable du conseil municipal de Feytiat à l'issue de la demande</line>
<line>d'avis du 9 octobre 2008 ;</line></par>
<par>
<line>VU l'arrêté préfectoral du 3 octobre 2008 portant ouverture de l'enquête publique ;</line></par>
<par>
<line>VU le rapport d'enquête et les conclusions du commissaire enquêteur du 18 décembre 2008 ;</line></par>
<par>
<line>VU le rapport du directeur régional et départemental de l'Equipement ;</line></par>
</text>
</block>
<block><region><rect/></region>
<text>
<par>
<line>SUR proposition du sous-préfet, directeur de cabinet du préfet ;</line></par>
</text>
</block>
<block><region><rect/></region>
<text>
<par>
<line>ARRETE :</line></par>
<par>
<line>Article 1er ; Le plan de prévention du risque naturel inondation pour la vallée de la rivière Auzette</line>
<line>sur le territoire des communes de Panazol, Limoges et Feytiat est approuvé.</line></par>
<par>
<line>Article 2 : Le champ d'application du plan de prévention du risque naturel inondation, défini à</line>
<line>l'article 1, s'étend aux parties du territoire des communes de Panazol, Limoges et Feytiat, telles que</line>
<line>délimitées par les plans de zonage joints au dossier annexé au présent arrêté.</line></par>
<par>
<line>Article 3 : Le plan de prévention du risque inondation vaut servitude d'utilité publique. En tant que</line>
<line>telle, il sera annexé au document d'urbanisme en vigueur dans chaque commune concernée</line>
<line>conformément à l'article L.126-1 du code de l'urbanisme,</line></par>
<par>
<line>Article 4 : Le fait de construire ou d'aménager un terrain dans une zone interdite par le plan de</line>
<line>prévention du risque inondation ou de ne pas respecter les conditions de réalisation, d'utilisation ou</line>
<line>d'exploitation prescrites par ce plan, est puni des peines prévues à l'article L.480-4 du code de</line>
<line>l'urbanisme.</line></par>
</text>
</block>
<block><region><rect/></region>
<text>
<par>
<line>Article 5 : Le présent arrêté fera l'objet d'une mention au recueil des actes administratifs de l'Etat</line>
<line>dans le département de la Haute-Vienne ainsi que dans deux journaux régionaux ou locaux diffusés</line>
<line>dans le département.</line></par>
<par>
<line>Une copie de l’arrêté sera affiché dans les mairies concernées pendant un mois au minimum.</line></par>
<par>
<line>Article 6 : Le plan de prévention du risque inondation approuvé sera tenu à la disposition du public</line>
<line>en préfecture et dans les mairies concernées. Cette mesure fera l'objet d'une mention avec les</line>
<line>publications et l'affichage prévus à l'article 5 du présent arrêté.</line></par>
</text>
</block>
<block><region><rect/></region>
<text>
<par>
<line>Article 7 : Le sous-préfet, directeur de cabinet du Préfet, le directeur ré^onal et départemental de</line>
<line>lEquipement et les maires des 3 communes concernées sont chargés, chacun en ce qui le concerne,</line>
<line>de l'exécution du présent arrêté.</line></par>
<par>
<line>Limoges, le 2 3 JAH., 2Û09</line></par>
</text>
</block>
<block><region><rect/></region>
<text>
<par>
<line>Le Préfet,</line></par>
</text>
</block>
<block><region><rect/></region>
<text>
<par/>
</text>
</block>
<block><region><rect/></region>
<text>
<par/>
</text>
</block>
<block><region><rect/></region>
<text>
<par/>
</text>
</block>
<block><region><rect/></region>
<text>
<par/>
</text>
</block>
<block><region><rect/></region>
<text>
<par>
<line>'.J.</line></par>
</text>
</block>
<block><region><rect/></region>
<text>
<par/>
</text>
</block>
<block><region><rect/></region>
<text>
<par>
<line>Plî</line></par>
</text>
</block>
<block><region><rect/></region>
<text>
<par>
<line>Evelyne RATTE</line></par>
</text>
</block>










</page>
</PM1>