<?xml version="1.0" encoding="UTF-8"?><PM1>
<page width="2500" height="3519" resolution="300">
<block><region><rect/></region>
<text>
<par>
<line>mm</line></par>
<par>
<line>Liberté * êgatiié * Fraternitt</line>
<line>R^PUBUOy^ FRANÇAISE</line></par>
<par>
<line>PRÉFECTURE DE SAÔNE-ET-LOIRE</line></par>
</text>
</block>
<block><region><rect/></region>
<text>
<par>
<line>Direction départementale de l’Équipement</line>
<line>de Saône-et-Loire</line></par>
</text>
</block>
<block><region><rect/></region>
<text>
<par>
<line>Service Risques, Sécurité Routière et Crises</line>
<line>Bureau Prévention des Risques</line></par>
</text>
</block>
<block><region><rect/><rect/><rect/></region>
<text>
<par>
<line>Arrêté portant approbation du pian de</line>
<line>prévention du risque naturel prévisible</line>
<line>inondation de la rivière "Bourbince”</line>
<line>sur la commune de Saint-Eusèbe</line></par>
<par>
<line>Vu le code de l'Environnement et notamment ses articles L 123.1 et suivant et L 562,1 à L 562.9 ;</line></par>
<par>
<line>Vu la loi n" 2003-699 du 30 juillet 2003 relative à la prévention des risques tectinologiques et</line>
<line>naturels et à la réparation des dommages ;</line></par>
<par>
<line>Vu le code des assurances et notamment ses articles L 125.1 à L 125.6 ;</line></par>
<par>
<line>Vu le code de l'Urbanisme ;</line></par>
<par>
<line>Vu le code de fa construction et de l'Habitat ;</line></par>
<par>
<line>Vu le décret n* 95-1089 du 5 octobre 1995 modifié, relatif à l'élaboration des plans de prévention</line>
<line>des risques naturels prévisibles ;</line></par>
<par>
<line>Vu l'arrêté préfectoral n' 2003.32811 du 11 septembre 2003 prescrivant l'établissement d’un plan de</line>
<line>prévention du risque naturel prévisible inondation de la Bourbince sur la commune de Saint-Eusèbe;</line></par>
<par>
<line>Vu l'arrêté préfectoral n° 08-03884 du 6 août 2008 prescrivant l'ouverture d'une enquête publique</line>
<line>sur le plan de prévention du risque naturel prévisible inondation de la Bourbince sur la commune de</line>
<line>Saint-Eusèbe ;</line></par>
<par>
<line>Vu le rapport de l'enquête publique et les conclusions motivées des membres de la commission</line>
<line>d'enquête, en date du 22 octobre 2008 ;</line></par>
</text>
</block>
<block><region><rect/></region>
<text>
<par>
<line>Horaires d'ouverture : 8h30-12}i00113li30-17h00</line>
<line>m : 03 ^ 21 28 00 - fax : 03 85 38 0155</line>
<line>BP 94027 - 37 boulevard Henn Dunant</line>
<line>71040 Mfioon Cedex 9</line></par>
</text>
</block>
<block><region><rect/></region>
<text>
<par>
<line>Présent</line></par>
<par>
<line>pour</line></par>
<par>
<line>revenir</line></par>
</text>
</block>
<block><region><rect/></region>
<text>
<par>
<line>Mâcon, le 27 MAI 2009</line></par>
<par>
<line>ARRÊTÉ</line></par>
<par>
<line>Le préfet de Saône-et-Loire</line>
<line>Chevalier de la Légion d'honneur</line>
<line>Chevalier de fOrdre National du Mérite</line></par>
</text>
</block>
<block><region><rect/></region>
<text>
<par>
<line>VAm/.saone-eMe.&lt;levehppenmt-aural)le.gouv.^</line></par>
</text>
</block>


</page>
<page width="2507" height="3524" resolution="300">
<block><region><rect/></region>
<text>
<par>
<line>Vu la délibéraüon du Conseil communautaire de la communauté urbaine Le Creusot-Montceau,</line>
<line>en date du 10 juillet 2008 ;</line></par>
<par>
<line>Vu la délibération du Conseil municipal de la commune de Saint-Eusèbe, en date du</line>
<line>17 juin 2008;</line></par>
<par>
<line>Vu les avis de la Chambre d'agriculture et du Centre régional de la propriété forestière de</line>
<line>Bourgogne ;</line></par>
<par>
<line>Vu les pièces du dossier concernant le projet du plan de prévention du risque naturel prévisible</line>
<line>inondation de la Bourbînce sur le territoire de la commune de Saint-Eusèbe transmis par la</line>
<line>directrice départementale de l'Équipement de Saône-et-Loire ;</line></par>
<par>
<line>Sur proposition de Mme !a directrice départementale de l'Équipement de Saône-et-Loire ;</line></par>
<par>
<line>ARRETE</line></par>
</text>
</block>
<block><region><rect/></region>
<text>
<par>
<line>Article 1 :</line></par>
<par>
<line>a) Est approuvé, tel qu'il est annexé au présent arrêté, le plan de prévention du risque naturel</line>
<line>prévisible inondation "Bourbince" de fa commune de Saint-Eusèbe, composé ;</line></par>
<par>
<line>1. d'un report de présentation,</line></par>
<par>
<line>2.'d*une carte de zonage réglementaire au l/SOOOème,</line></par>
<par>
<line>3. d’un règlement afférent à la carte de zonage réglementaire,</line></par>
<par>
<line>4. d'une carte d’aléa inondation de synttièse au lysoOOème,</line></par>
<par>
<line>5. d'une carte des enjeux au l/5000ème.</line></par>
<par>
<line>b) le plan est tenu à ia disposition du public avec i'ensembte des documents de la procédure :</line></par>
<par>
<line>- à la mairie de Saint-Eusèbe,</line></par>
<par>
<line>- dans les locaux de la préfecture de Saône-et-Loire à Mâcon,</line></par>
<par>
<line>- dans les locaux de la direction départementale de l'Équipement de SaÔne-et-LoIre.</line></par>
<par>
<line>Artlcie 2 ; Le présent arrêté sera publié au recueil des actes administratif de la préfecture de</line>
<line>Saône-et-Loire et mention apparente sera fsute dans les deux journaux ci-après désignés :</line></par>
<par>
<line>- le Journal de Saône-et-Loire,</line></par>
<par>
<line>- ia Renaissance.</line></par>
<par>
<line>Cet arrêté sera affiché pendant trente (30) jours en mairie de Saint-Eusèbe et porté à la</line>
<line>connaissance du public par tout autre procédé en usage dans la commune de Saint-Eusèbe.</line>
<line>Ces mesures de publicité seront justifiées par un certificat du maire.</line></par>
<par>
<line>Article 3 : Des copies du présent arrêté seront adressées à :</line></par>
<par>
<line>M. le maire de la commune de Saint-Eusèbe,</line></par>
<par>
<line>M. le président de la communauté Le Creusot-Montceau,</line></par>
<par>
<line>M. le sous-préfet de Chalon S/Saône,</line></par>
<par>
<line>M. le directeur du Centre régional de la Propriété forestière de Bourgogne,</line></par>
<par>
<line>M. le président de la Chambre d'agriculture de SaÔne-et-Loire,</line></par>
<par>
<line>Mme ia directrice départementale de l'Équipement de Saône-et-Loire,</line></par>
<par>
<line>M. le délégué aux risques meyeurs,</line></par>
<par>
<line>M. le directeur régional de l'Environnement de Bourgogne,</line></par>
<par>
<line>M. le directeur régional de rEnvironnement de la région Centre - Bassin Loire-Bretagne,</line></par>
<par>
<line>M. le directeur des services Fiscaux,</line></par>
<par>
<line>M. le directeur des services départementaux d'incendie et de secours,</line></par>
<par>
<line>M. le président de l'établissement public Loire-Bretagne,</line></par>
<par>
<line>M. le président du Syndicat intercommunal d'étude et d'aménagement de la Bourbince.</line></par>
</text>
</block>
<block><region><rect/></region>
<text>
<par>
<line>Présem</line></par>
<par>
<line>pour</line></par>
<par>
<line>ravMfr</line></par>
</text>
</block>
<block><region><rect/></region>
<text>
<par>
<line>mwsdevefoppement-duf^.^fow.^^</line></par>
</text>
</block>








</page>
<page width="2510" height="3526" resolution="300">
<block><region><rect/></region>
<text>
<par>
<line>Article 4 : Le présent arrêté peut faire l'objet d'un recours gracieux auprès du préfet de Saône-et-</line>
<line>Loire ou d'un recours contentieux devant le Tribunal administratif de Dijon dans un délai de deux</line>
<line>mois siûvant sa publication.</line></par>
<par>
<line>Article 5 ; Mme la secrétaire générale de la préfecture de Saône-et-Loire,</line></par>
<par>
<line>Mme la directrice départe menteJe de l'Équipement de Saône-et-Loire,</line></par>
<par>
<line>M. le président de fa communauté urbaine Le Creusot-Montceau,</line></par>
<par>
<line>M. le maire de Saint-Eusèbe,</line></par>
<par>
<line>sont chargés, chacun en ce qui le concerne, de l'exécution du présent arrêté.</line></par>
</text>
</block>
<block><region><rect/></region>
<text>
<par>
<line>Le Préfet</line></par>
</text>
</block>
<block><region><rect/></region>
<text>
<par>
<line>Présent</line></par>
<par>
<line>pour</line></par>
<par>
<line>revenir</line></par>
</text>
</block>
<block><region><rect/></region>
<text>
<par>
<line>m/w.slevehppen&gt;ei\t-ilufable.gow.&lt;if</line></par>
</text>
</block>
<block><region><rect/></region>
<text>
<par>
<line>-3-</line></par>
</text>
</block>







</page>
</PM1>