<?xml version="1.0" encoding="UTF-8"?><PM1>
<page width="1681" height="2353" resolution="200">
<block><region><rect/></region>
<text>
<par/>
</text>
</block>
<block><region><rect/></region>
<text>
<par>
<line>Liberté « égalité • Friteernité</line></par>
<par>
<line>RÉPUBLiauE Française</line></par>
</text>
</block>
<block><region><rect/></region>
<text>
<par>
<line>CABINET DU PREFET</line></par>
<par>
<line>SERVICE DE SECURITE INTERIEURE</line>
<line>Unité Défense et sécurité civiles</line></par>
<par>
<line>N“ J,oJAÀtti -«OOOt)</line></par>
<par>
<line>ARRETE PORTANT APPROBATION DU PLAN DE PREVENTION</line>
<line>DES RISQUES NATURELS PREVISIBLES</line>
<line>« RISQUE INONDATION »</line></par>
<par>
<line>Commune de GIMONT</line></par>
<par>
<line>Le Préfet du Gers,</line></par>
<par>
<line>Chevalier de la Légion d’Honneur</line>
<line>Officier de l’Ordre National du Mérite</line></par>
<par>
<line>VU la loi n° 2006-1772 du 30 décembre 2006 sur l’eau et les milieux aquatiques ;</line></par>
<par>
<line>VU la loi n° 95-101 du 2 février 1995 relative au renforcement de la protection de renvironnement ;</line></par>
<par>
<line>VU la loi n° 2003-699 du 30 juillet 2003 relative à la prévention des risques teclmologiques et naturels et à la réparation</line>
<line>des dommages ;</line></par>
<par>
<line>VU la loi n° 2004-811 du 13 août 2004 de modernisation de la sécurité civile ;</line></par>
<par>
<line>VU le décret n° 95-1089 du 5 octobre 1995 relatif à l’élaboration des plans de prévention des risques naturels prévisibles</line>
<line>et des circulaires ministérielles prises pour son application (prise en compte des Plus Hautes Eaux Gommes -</line>
<line>P.H.E,C.) ;</line></par>
<par>
<line>VU le décret n° 2005-134 du 15 février 2005 relatif à riufonnation des acquéreurs et des locataires de biens immobiliers</line>
<line>sur les risques naturels et technologiques majeurs ;</line></par>
<par>
<line>VU le décret i\° 2005-1156 du 13 septembre 2005, notamment l’article 8, relatif au plan commimal de sauvegarde, pris</line>
<line>pour l’application de l’article 13 de la loi n° 2004-811 du 13 août 2004 de modernisation de la sécurité civile ;</line></par>
<par>
<line>VU les anêtés du 5 septembre 2000 du ministère de l’économie, des finances et de l’industrie portant modification des</line>
<line>articles A. 125-1, A 125-2 et création de i’arücle A 125-3 du code des assurances ;</line></par>
<par>
<line>VU les dispositions du Code Civil ;</line></par>
<par>
<line>VU la circulaire interministérielle du 24 novembre 2000 relative aux arrêtés du 5 septembre 2000, renforçant le lien entre</line>
<line>l’indemnisation des dommages résultant des catastrophes naturelles et les mesures de prévention de ces risques ;</line></par>
<par>
<line>VU l’arrêté, préfectoral du 8 décembre 2008 prescrivant l’établissement d’mi Plan de Prévention des Risques Naturels</line>
<line>prévisibles sur la commune de Gimont, pour le risque inondation ;</line></par>
<par>
<line>VU l’avis favorable de la Chambre d’Agricnlture du Gers en date du 14 décembre 2010 relatif aux exploihitions</line>
<line>agricoles ;</line></par>
<par>
<line>VU l’avis favorable du conseil municipal de Gimont, en date du 8 décembre 2010 ;</line></par>
<par>
<line>VU l’avis favorable du Centre Régional de la Propriété Forestière de Midi-Pyrénées en date du 17 décembre 2010</line></par>
</text>
</block>

</page>
<page width="1666" height="2343" resolution="200">
<block><region><rect/></region>
<text>
<par>
<line>-2-</line></par>
</text>
</block>
<block><region><rect/></region>
<text>
<par>
<line>VU l’arrêté préfectoral du 6 janvier 20U prescrivant, du 26 janvier au 28 février 2011 inclus, la mise à</line>
<line>l’enquête publique du projet du Plan de Prévention des Risques Naturels prévisibles sur la commune de</line>
<line>Gimont, pour le risque inondation ;</line></par>
<par>
<line>VU l’avis favorable du commissaire enquêteur en date du 21 mars 2011, assorti de recommandations ;</line></par>
<par>
<line>SUR proposition de Monsiem- le Secrétaire Général du Gers ;</line></par>
<par>
<line>ARRÊTE</line></par>
</text>
</block>
<block><region><rect/></region>
<text>
<par>
<line>Article 1°^ -Le Plan de Prévention des Risques Naturels Inondation (P.P.R.I.) prévisibles de la commune de</line>
<line>Gimont, amiexé au présent arrêté, est approuvé.</line></par>
<par>
<line>Ce P.P.R.I, approuvé vaut servitude d’utilité publique et doit être annexé au document d’urbanisme</line>
<line>de la commune de Gimont.</line></par>
<par>
<line>Article 2. - Il appartiendra à la commune de Gimont de réaliser un Plan Communal de Sauvegarde dans un délai</line>
<line>de 2 ans à compter de la date d’approbation du présent arrêté.</line></par>
<par>
<line>Article 3. •• Mention de l’arrêté sera publiée dans deux journaux locaux par la Préfecture du Gers :</line>
<line>la Dépêche du Midi;</line>
<line>le Sud-Ouest.</line></par>
<par>
<line>Article 4Copie du présent arrêté, accompagnée du Plan de Prévention des Risques Naturels prévisibles, sera</line>
<line>adressée :</line></par>
<par>
<line>à Monsieur le maire de Gimont qui en assurera l’affichage en mairie ;</line>
<line>à Monsieur le Directeur Départemental des Territoires ;</line></par>
<par>
<line>Aiticle 5. - Le présent arrêté, ainsi que les documents qui lui sont annexés, seront tenus à la disposition du</line>
<line>public :</line></par>
<par>
<line>en mairie de Gimont ;</line></par>
<par>
<line>à la Préfecture du Gers, Seivice de Sécurité Intérieiue, Unité de Défense et de Sécurité</line>
<line>Civiles (SSI/Udsc)</line></par>
<par>
<line>Article 6. - Monsieur le Secrétaüe Général de la Préfecture du Gers, Sous-Préfet de raitondissement d’Auch,</line>
<line>Monsieur le Maire de Gimont, Monsieur le Directeur Départemental des Territoires, sont chargés, chacim en ce</line>
<line>qui le concerne, de l’exécution du présent arrêté qui sera publié au recueil des actes administratifs des services de</line>
<line>l’Etat</line></par>
<par>
<line>FaitàAuch,le/t 4 MAI ZOU</line>
<line>le Préfet, \</line></par>
</text>
</block>











</page>
</PM1>