<?xml version="1.0" encoding="UTF-8"?><PM1>
<page width="1731" height="2391" resolution="200">
<block><region><rect/></region>
<text>
<par>
<line>Uberü • • frgf^jiiM</line></par>
<par>
<line>EÉPUBIIQUÎ; FRAN'ÇAISC</line></par>
</text>
</block>
<block><region><rect/><rect/></region>
<text>
<par>
<line>PREFECTURE DU PAS-DE-CALAIS</line></par>
<par>
<line>DIR£CTION DE L'AMENAGEMENT, DE L'ENVIRONNEMENT</line>
<line>ET DE LA COHESION SOCIALE</line>
<line>POLE DE L'ENVIRONNEMENT</line>
<line>BUREAU DES POLITIQUES ENVIRONNEMENTALES</line>
<line>ET DE L’AMENAGEMENT FONCIER</line></par>
</text>
</block>
<block><region><rect/><rect/></region>
<text>
<par>
<line>ARRETE D^APPROBATION</line>
<line>DU PLAN DE PREVENTION DES RISQUES</line>
<line>D'INONDATION DE LA COMMUNE DE LOISON-SOUS-LENS</line></par>
<par>
<line>Le Préfet du Pas-de-Calais,</line>
<line>Chevalier de la Légion d’Honneur,</line>
<line>Officier de l'Ordre National du Mérite,</line></par>
</text>
</block>
<block><region><rect/></region>
<text>
<par>
<line>VU le Code de rEnviroimement et notamment les articles L 562-1 à 562-7 ;</line></par>
<par>
<line>VU le décret n° 20Ô5-3 du 4 janvier 2005 modifiant le décret n° 95-1089 du 5 octobre 1995</line>
<line>relatif aux plans de prévention des risques naturels prévisibles ;</line></par>
<par>
<line>VU l'arrêté préfectoral du 29 janvier 2001 prescrivant l’établissement d'un plan de prévention des</line>
<line>risques d'inondation sur la commune de LOISON-sous-LENS ;</line></par>
<par>
<line>VU l'avis favorable du Conseil Municipal en date du 27 juin 2002 :</line></par>
<par>
<line>VU l’aiTêté préfectoral du 2 juin 2004 prescrivant la mise à l'enquête publique du plan de</line>
<line>prévention des risques d'inondation ;</line></par>
<par>
<line>VU le dossier soumis à enquête publique ;</line></par>
<par>
<line>VU le rapport et les conclusions de la commission d’enquête en date du 2 août 2004 ;</line></par>
<par>
<line>VU l'avis réputé favorable de la Chambre dAgriculture du Pas-de-Calais ;</line></par>
<par>
<line>VU l'avis réputé favorable du Centre Régional de la Propriété Forestière Nord Pas-de-Calais</line>
<line>Picardie ;</line></par>
<par>
<line>VU la réunion d'information du 23 mai 2007 ;</line></par>
<par>
<line>VU le décret du 9 juillet 2007 portant nomination de Monsieur Rémi CARON, en qualité de</line>
<line>Préfet du Pas-de-Calais (hors classe) ;</line></par>
<par>
<line>VU le rapport de Monsieur le Directeur Départemental de l'Equipement du Pas-de-Calais ;</line></par>
</text>
</block>
<block><region><rect/></region>
<text>
<par>
<line>ARRIVE LE</line></par>
<par>
<line>2 8 SEP, 2007</line>
<line>S.R.C./A.P.P.R.</line></par>
</text>
</block>







</page>
<page width="1729" height="2389" resolution="200">
<block><region><rect/></region>
<text>
<par>
<line>Considérant l'existence des risques d'inondations par remontées de nappe phréatique sur la</line>
<line>commune de Loison-sous-Lens;</line></par>
<par>
<line>Considérant la nécessité de délimiter les terrains sur lesquels l'occupation ou l'utilisation du sol doit</line>
<line>être réglementée en vue de ne pas aggraver ces risques ou de ne pas en provoquer de nouveaux ;</line></par>
<par>
<line>Sur la proposition de Monsieur le Secrétaire Général de la Préfecture du Pas-de-Calais ;</line></par>
</text>
</block>
<block><region><rect/></region>
<text>
<par>
<line>ARRETE :</line></par>
</text>
</block>
<block><region><rect/></region>
<text>
<par>
<line>Article l*’’ Le plan de prévention des risques d'inondation de la commune de LOISON-sous-LENS</line>
<line>est approuvé sur le territoire de la commune.</line></par>
<par>
<line>Article 2 Le plan de prévention des risques d'inondation de la commune de LOlSON-sous-LENS</line>
<line>approuvé au titre du présent arrêté vaut servitude d'utilité publique, conformément à</line>
<line>l'article L 562-4 du Code de l'Enviroimement</line></par>
<par>
<line>A ce titre, il devra être annexé au plan local d'urbanisme (PLU) approuvé de la</line>
<line>commune, en vertu de l'article L 126-1 du Code de l'urbanisme.</line></par>
<par>
<line>Article 3 Le présent arrêté sera notifié au Maire de la commune.</line></par>
<par>
<line>Il devra être affiché en mairie pendant un mois minimum.</line></par>
<par>
<line>En outre, le présent arrêté fera l'objet d'une mention au Recueil des Actes</line>
<line>Administratifs du département du Pas-de-Calais, ainsi que dans un journal diffusé dans</line>
<line>le département.</line></par>
<par>
<line>Article 4 Le plan de prévention approuvé sera tenu à disposition du public à la Préfecture du</line>
<line>Pas-de-Calais, à la Sous-Préfecture de Lens, à la Direction Départementale de</line>
<line>l'Equipement du Pas-de-Calais, à la Mairie de Loison-sous-Lens aux jours et heures</line>
<line>habituels d'ouverture.</line></par>
<par>
<line>Article 5 Le présent arrêté peut faire l'objet d'un recours contentieux dans un délai de deux mois</line>
<line>à compter de l'exécution des formalités de publicité.</line></par>
<par>
<line>Article 6 Monsieur le Secrétaire Général de la Préfecture du Pas-de-Calais, Monsieur le</line>
<line>Sous-Préfet de Lens, Monsieur le Maire de Loison-sous-Lens, Monsieur le Directeur</line>
<line>Départemental de l'Equipement du Pas-de-Calais, sont chargés, chacun en ce qui le</line>
<line>concerne, de l'exécution du présent arrêté.</line></par>
</text>
</block>
<block><region><rect/></region>
<text>
<par>
<line>ARRAS, le - ^ SEP. 2007</line></par>
</text>
</block>
<block><region><rect/></region>
<text>
<par>
<line>Le Prefet,</line></par>
</text>
</block>
<block><region><rect/></region>
<text>
<par>
<line>Rémi CARON I</line></par>
</text>
</block>
<block><region><rect/></region>
<text>
<par>
<line>I</line></par>
</text>
</block>
</page>
</PM1>