<?xml version="1.0" encoding="UTF-8"?><PM1>
<page width="2487" height="3520" resolution="301">
<block><region><rect/></region>
<text>
<par>
<line>mm</line></par>
<par>
<line>Liberté • Egalité • Fraternité</line></par>
<par>
<line>république Française</line>
<line>PRÉFET DE L'AIN</line></par>
</text>
</block>
<block><region><rect/></region>
<text>
<par>
<line>Direction départementale des territoires</line></par>
</text>
</block>
<block><region><rect/></region>
<text>
<par>
<line>Service Urbanisme Risques</line></par>
</text>
</block>
<block><region><rect/></region>
<text>
<par>
<line>Unité Prévention des Risques</line></par>
</text>
</block>
<block><region><rect/></region>
<text>
<par>
<line>A R R E T E</line></par>
<par>
<line>portant approbation du plan de prévention des risques</line>
<line>"inondation de la Reyssouze et de ses affluents"</line>
<line>sur la commune de Bourg-en-Bresse</line></par>
<par>
<line>Le préfet de l'Ain</line></par>
<par>
<line>Vu le code de l'environnement, notamment ses articles L.125-5, L.562-1 à L.562-9, R.125-23 à</line>
<line>R.125-27, R.562-1 à R.562-10, R.563-1 à R.563-8 et D.563-8-1 ;</line></par>
<par>
<line>Vu la loi n°82-600 du 13 juillet 1982 relative à l'indemnisation des victimes des catastrophes</line>
<line>naturelles ;</line></par>
<par>
<line>Vu la circulaire du 30 avril 2002 relative à la politique de l’État en matière de risques naturels</line>
<line>prévisibles et de gestion des espaces situés derrière les digues de protection contre les</line>
<line>inondations et les submersions marines ;</line></par>
<par>
<line>Vu l'arrêté préfectoral n°IAL2011-01 du 19 avril 2011 relatif à la liste des communes où</line>
<line>s'applique l'article L.125-5 du code de l'environnement ;</line></par>
<par>
<line>Vu l'arrêté préfectoral n°2011-01053 du 27 avril 2011 relatif à l'information des acquéreurs et</line>
<line>des locataires de biens immobiliers sur les risques majeurs sur la commune de Bourg-en-</line>
<line>Bresse ;</line></par>
<par>
<line>Vu l'arrêté préfectoral du 9 novembre 2011 prescrivant l'établissement d'un plan de prévention</line>
<line>des risques "inondation de la Reyssouze et de ses affluents" sur la commune de Bourg-en-</line>
<line>Bresse ;</line></par>
<par>
<line>Vu l'arrêté préfectoral du 7 novembre 2014 prorogeant le délai d'établissement du plan de</line>
<line>prévention des risques "inondation de la Reyssouze et de ses affluents" sur la commune de</line>
<line>Bourg-en-Bresse ;</line></par>
<par>
<line>Vu l'arrêté du préfet coordonnateur de bassin Rhône-Méditerranée du 7 décembre 2015 portant</line>
<line>approbation du plan de gestion des risques d'inondation 2016-2021 du bassin Rhône-</line>
<line>Méditerranée ;</line></par>
<par>
<line>Vu l'arrêté préfectoral du 15 décembre 2015 prescrivant l'enquête publique relative au projet de</line>
<line>plan de prévention des risques "inondation de la Reyssouze et de ses affluents" sur la</line>
<line>commune de Bourg-en-Bresse ;</line></par>
<par>
<line>Vu l'avis favorable de la chambre d'agriculture du 18 novembre 2015 ;</line></par>
<par>
<line>Vu l'avis défavorable du conseil municipal de Bourg-en-Bresse du 21 décembre 2015 ;</line></par>
<par>
<line>Vu l'avis sans observation du syndicat du bassin versant de la Reyssouze du 11 janvier 2016 ;</line>
<line>Vu l'avis réputé favorable du conseil de Bourg-en-Bresse Agglomération ;</line></par>
<par>
<line>Vu le rapport et l'avis favorable du commissaire enquêteur du 25 mars 2016 à l'issue de</line>
<line>l'enquête publique qui s'est déroulée du 25 janvier 2016 au 25 février 2016 ;</line></par>
</text>
</block>
<block><region><rect/></region>
<text>
<par>
<line>^/...</line></par>
</text>
</block>

</page>
<page width="2479" height="3508" resolution="300">
<block><region><rect/></region>
<text>
<par>
<line>Sur proposition du directeur départemental des territoires ;</line></par>
</text>
</block>
<block><region><rect/></region>
<text>
<par>
<line>ARRÊTE</line></par>
</text>
</block>
<block><region><rect/></region>
<text>
<par>
<line>Article 1er</line></par>
<par>
<line>Est approuvé, tel qu'il est annexé au présent arrêté, le plan de prévention des risques</line>
<line>"inondation de la Reyssouze et de ses affluents" sur la commune de Bourg-en-Bresse.</line></par>
<par>
<line>Article 2</line></par>
<par>
<line>Le plan se compose d'un dossier comprenant une note synthétique de présentation, un rapport</line>
<line>de présentation, une carte des aléas, une carte des enjeux, un plan de zonage réglementaire et</line>
<line>un règlement.</line></par>
<par>
<line>Le plan est tenu à la disposition du public :</line></par>
<par>
<line>- à la mairie de Bourg-en-Bresse,</line></par>
<par>
<line>- à la direction départementale des territoires de l'Ain,</line></par>
<par>
<line>- à la préfecture de l'Ain,</line></par>
<par>
<line>- sur le site internet des services de l'État dans l'Ain (www.ain.gouv.fr).</line></par>
</text>
</block>
<block><region><rect/></region>
<text>
<par>
<line>Article 3</line></par>
<par>
<line>Les éléments nécessaires à l'établissement de l'état des risques destiné à l’information sur les</line>
<line>risques naturels et technologiques majeurs des acquéreurs et des locataires de biens</line>
<line>immobiliers situés dans la commune de Bourg-en-Bresse et consignés dans le dossier</line>
<line>communal d’information sur les risques, annexé à l'arrêté n°IAL2011-01451 susvisé, sont</line>
<line>modifiés en conséquence de la présente approbation.</line></par>
<par>
<line>Le directeur départemental des territoires est chargé de ces modifications qui sont transmises :</line></par>
<par>
<line>- à la préfecture,</line></par>
<par>
<line>- au maire de Bourg-en-Bresse,</line></par>
<par>
<line>- à la chambre départementale des notaires.</line></par>
<par>
<line>Les éléments du dossier communal d'information sur les risques sont consultables sur le site</line>
<line>internet des services de l'État dans l'Ain (www.ain.gouv.fr) et le dossier est tenu à la disposition</line>
<line>du public :</line></par>
<par>
<line>1 - à la mairie de Bourg-en-Bresse,</line></par>
<par>
<line>2 - à la préfecture de l'Ain.</line></par>
</text>
</block>
<block><region><rect/></region>
<text>
<par>
<line>Article 4</line></par>
<par>
<line>Le plan de prévention des risques vaut servitude d'utilité publique en application de l'article</line>
<line>L.562-4 du code de l'environnement. Il doit être annexé sans délai au plan local d'urbanisme en</line>
<line>application des dispositions de l'article L.153-60 du code de l'urbanisme.</line></par>
</text>
</block>
<block><region><rect/></region>
<text>
<par>
<line>Article 5</line></par>
<par>
<line>Le présent arrêté est publié au recueil des actes administratifs de la préfecture et mention en</line>
<line>est faite en caractères apparents dans le journal ci-après désigné "La Voix de l'Ain". Un</line>
<line>exemplaire du journal est annexé au présent arrêté.</line></par>
<par>
<line>Cet arrêté est également affiché en mairie de Bourg-en-Bresse pendant au moins un mois par</line>
<line>le maire et porté à la connaissance du public par tout autre procédé en usage dans la</line>
<line>commune. Ces mesures de publicité sont justifiées par un certificat du maire.</line></par>
</text>
</block>
<block><region><rect/></region>
<text>
<par>
<line>2/3</line></par>
</text>
</block>


</page>
<page width="2479" height="3508" resolution="300">
<block><region><rect/></region>
<text>
<par>
<line>Article 6</line></par>
<par>
<line>Des copies du présent arrêté sont adressées :</line></par>
<par>
<line>- au maire de Bourg-en-Bresse,</line></par>
<par>
<line>- à la directrice régionale de l'environnement, de l'aménagement et du logement Auvergne-</line>
<line>Rhône-Alpes,</line></par>
<par>
<line>- au président de la chambre départementale d'agriculture,</line></par>
<par>
<line>- au président du syndicat du bassin versant de la Reyssouze,</line></par>
<par>
<line>- au président de Bourg-en-Bresse Agglomération,</line></par>
<par>
<line>- au directeur départemental des territoires de l'Ain.</line></par>
<par>
<line>Article 7</line></par>
<par>
<line>Tout recours à l'encontre du présent arrêté pourra être porté devant le tribunal administratif de</line>
<line>Lyon dans un délai de deux mois à compter de l'exécution de l'ensemble des formalités de</line>
<line>publicité. Dans ce même délai, un recours gracieux ou un recours hiérarchique peut être</line>
<line>présenté respectivement devant l'auteur de la présente décision ou auprès du ministre en</line>
<line>charge de la prévention des risques naturels et technologiques. Dans ce cas, le recours</line>
<line>contentieux pourra alors être introduit dans les deux mois suivant la réponse (le silence gardé</line>
<line>pendant les deux mois suivant le recours gracieux emporte rejet de cette demande).</line></par>
<par>
<line>Article 8</line></par>
<par>
<line>La secrétaire générale de la préfecture, le maire de Bourg-en-Bresse et le directeur</line>
<line>départemental des territoires sont chargés, chacun en ce qui le concerne, de l'exécution du</line>
<line>présent arrêté.</line></par>
</text>
</block>
<block><region><rect/></region>
<text>
<par>
<line>A Bourg-en-Bresse, le 27 avril 2016</line></par>
<par>
<line>Le préfet,</line></par>
<par>
<line>signé</line></par>
<par>
<line>Laurent TOUVET</line></par>
</text>
</block>
<block><region><rect/></region>
<text>
<par>
<line>3/3</line></par>
</text>
</block>
</page>
</PM1>