<?xml version="1.0" encoding="UTF-8"?><PM1>
<page width="2487" height="3510" resolution="300">
<block><region><rect/></region>
<text>
<par/>
</text>
</block>
<block><region><rect/></region>
<text>
<par>
<line>de Sadne'et'Loii'e</line></par>
</text>
</block>
<block><region><rect/></region>
<text>
<par/>
</text>
</block>
<block><region><rect/></region>
<text>
<par>
<line>Préfecture</line></par>
<par>
<line>de</line></par>
<par>
<line>Saône et Loire</line></par>
</text>
</block>
<block><region><rect/></region>
<text>
<par>
<line>ARRETE du 8 HAIS 200?</line></par>
<par>
<line>Portant approbation dé la révision des plans de prévention</line>
<line>du risque inondation prévisible de la SAONE</line>
<line>sur la commune de Les Bordes</line></par>
</text>
</block>
<block><region><rect/></region>
<text>
<par>
<line>Le Préfet de Saône et Loire,</line>
<line>Chevalier de la Légion d'honneur,</line></par>
</text>
</block>
<block><region><rect/></region>
<text>
<par>
<line>Vu la loi n’’ 82.600 du 13 juillet 1982 relative à l'indemnisation des victimes des catastrophes</line>
<line>naturelles, modifiée par la loi n" 87,565 du 22 juillet 1987 relative à l'organisation de la sécurité civile, à</line>
<line>la protection de la forêt contre l'incendie et à la prévention des risques majeurs, et par la loi n° 90.509</line>
<line>du 25 juin 1990 modifiant le code des assurances et portant extension aux départements d’Outre Mer</line>
<line>du régime d'indemnisation des catastrophes naturelles, et notamment ses articles 5 et 5.1 ;</line></par>
<par>
<line>Vu la loi n° 95.101 du 2 février 1995 relative au renforcement de la protection de l'environnement et</line>
<line>notamment son chapitre II modifiant certaines dispositions législatives ci-dessus</line></par>
<par>
<line>Vu le code de l'expropriation pour cause d'utilité publique et notamment les articles R 11.4 et suivants ;</line></par>
<par>
<line>Vu le décret n° 95.1089 du 5 octobre 1995 relatif à l'élaboration des plans de prévention du risque</line>
<line>naturel prévisible ;</line></par>
<par>
<line>Vu l'arrêté préfectoral du 3 août 2001 prescrivant la révision des plans de prévention du risque naturel</line>
<line>prévisible inondation de la Saône pour la commune de Les Bordes ;</line></par>
<par>
<line>Vu l'arrêté préfectoral du 7 août 2001 prescrivant l’ouverture d'une enquête publique sur la révision des</line>
<line>plans de prévention du risque naturel prévisible inondation de la Saône pour la commune de Les</line>
<line>Bordes ;</line></par>
<par>
<line>Vu le procès-verbal de l'enquête publique à laquelle il a été procédé du 17 septembre 2001 au</line>
<line>5 octobre 2001 inclus et l'avis favorable du commissaire enquêteur ;</line></par>
<par>
<line>Vu l'avis du conseil municipal de la commune de Les Bordes ,</line></par>
<par>
<line>Vu l'avis réputé favorable de la chambre d'agriculture ;</line></par>
<par>
<line>Vu l'avis réputé favorable du centre régional de la propriété forestière ,</line></par>
<par>
<line>Vu l'avis favorable de la direction régionale de l'environnement;</line></par>
<par>
<line>Vu l'avis favorable du service navigation Rhône-Saône ;</line></par>
<par>
<line>Sur proposition de M. le secrétaire générai de la préfecture de Saône et Loire ;</line></par>
</text>
</block>

</page>
<page width="2493" height="3514" resolution="300">
<block><region><rect/></region>
<text>
<par>
<line>ARRETE</line></par>
</text>
</block>
<block><region><rect/></region>
<text>
<par>
<line>Article 1°^ a) est approuvé, tel qu’il est annexé au présent arrêté, le plan de prévention</line></par>
<par>
<line>du risque naturel prévisible inondation de la Saône de la commune de Les</line>
<line>Bordes</line></par>
<par>
<line>b) ce plan de prévention du risque naturel prévisible inondation comporte :</line></par>
<par>
<line>1. un rapport de présentation</line></par>
<par>
<line>2. un règlement</line></par>
<par>
<line>3. un plan de zonage réglementaire au 1/5000*™®</line></par>
<par>
<line>c) il est tenu à la disposition du public avec l’ensemble des documents de la</line>
<line>procédure :</line></par>
<par>
<line>- à la mairie de Les Bordes</line></par>
<par>
<line>- dans les locaux de la préfecture de Saône et Loire (SIDPC)</line></par>
<par>
<line>- dans les locaux de la direction départementale de l’équipement à Mâcon</line></par>
</text>
</block>
<block><region><rect/></region>
<text>
<par>
<line>Article 2 Le présent arrêté sera publié au recueil des actes administratifs de la</line></par>
<par>
<line>préfecture et mention apparente sera faite dans les trois journaux ci-après</line>
<line>désignés ;</line></par>
<par>
<line>Dimanche Saône et Loire</line>
<line>Le Progrès Courrier de Saône et Loire</line>
<line>L’Exploitation Agricole de Saône et Loire</line></par>
<par>
<line>Cet arrêté sera affiché pendant trente (30) jours en mairie de Les Bordes et</line>
<line>porté à la connaissance du public par tout autre procédé en usage dans la</line>
<line>commune de Les Bordes. Ces mesures de publicité seront justifiées par un</line>
<line>certificat du maire et un exemplaire des journaux sera annexé à la copie du</line>
<line>présent arrêté affiché en mairie.</line></par>
</text>
</block>
<block><region><rect/></region>
<text>
<par>
<line>Article 3 Des ampliations du présent arrêté seront adressées à</line></par>
<par>
<line>- M. le maire de la commune de Les Bordes</line></par>
<par>
<line>- M. le directeur du centre régional de la propriété forestière de Bourgogne</line></par>
<par>
<line>- Mme la présidente de la chambre d’agriculture de Saône et Loire</line></par>
<par>
<line>- M. le directeur départemental de l’équipement de Saône et Loire</line></par>
<par>
<line>- M. le directeur départemental de l'agriculture et de la forêt de Saône et Loire</line></par>
<par>
<line>- M. le directeur régional de l’industrie, de la recherche et de l’environnement</line></par>
<par>
<line>- M. le délégué aux risques majeurs</line></par>
<par>
<line>- M. le directeur régional de l’environnement</line></par>
<par>
<line>- M. le chef de la subdivision navigation Rhône-Saône à Chalon sur Saône</line></par>
</text>
</block>
<block><region><rect/></region>
<text>
<par>
<line>Article 4 M. le secrétaire général de la préfecture de Saône et Loire et M. le directeur</line></par>
<par>
<line>départemental de l’équipement de Saône et Loire sont chargés, chacun en ce</line>
<line>qui le concerne, de l’exécution du présent arrêté.</line></par>
</text>
</block>
<block><region><rect/><rect/><rect/><rect/><rect/><rect/></region>
<text>
<par>
<line>Pour ampliation,</line></par>
<par>
<line>JjC Directeur</line></par>
<par>
<line>linistériel de ÇéfeD®'’</line>
<line>ection Cj^</line></par>
</text>
</block>
<block><region><rect/></region>
<text>
<par/>
</text>
</block>
<block><region><rect/></region>
<text>
<par>
<line>lit</line></par>
</text>
</block>
<block><region><rect/></region>
<text>
<par>
<line>%</line></par>
</text>
</block>
<block><region><rect/></region>
<text>
<par/>
</text>
</block>
<block><region><rect/></region>
<text>
<par/>
</text>
</block>
<block><region><rect/></region>
<text>
<par>
<line>* V</line></par>
</text>
</block>
<block><region><rect/></region>
<text>
<par/>
</text>
</block>
<block><region><rect/></region>
<text>
<par/>
</text>
</block>
<block><region><rect/></region>
<text>
<par>
<line>'üüi GOUSSET</line></par>
</text>
</block>
<block><region><rect/></region>
<text>
<par>
<line>Fait à Mâcon, le</line>
<line>Le préfet.</line></par>
</text>
</block>
<block><region><rect/></region>
<text>
<par>
<line>® ?fîn?</line></par>
</text>
</block>
<block><region><rect/></region>
<text>
<par>
<line>^’^rre-Henry MACCIONI</line></par>
</text>
</block>





</page>
</PM1>