<?xml version="1.0" encoding="UTF-8"?><PM1>
<page width="4985" height="7033" resolution="600">
<block><region><rect/></region>
<text>
<par>
<line>lAkffféé •• •• Ifé</line></par>
<par>
<line>M!toiriBœitA&lt;0âïïlÈ®&lt;88l</line></par>
</text>
</block>
<block><region><rect/></region>
<text>
<par>
<line>Direction départementale des territoires</line></par>
</text>
</block>
<block><region><rect/></region>
<text>
<par>
<line>Ser/œ de l'eau et des risques</line></par>
</text>
</block>
<block><region><rect/></region>
<text>
<par>
<line>Bureau prévention des risques naturels et hydrauliques</line></par>
</text>
</block>
<block><region><rect/></region>
<text>
<par>
<line>LE PREFET DE LA REGION BOURGOGNE</line>
<line>PREFET DE LA COTE D'OR</line>
<line>Officier de la Légion d'Honineur</line>
<line>Officier de l'Ordre National du Mérite</line></par>
</text>
</block>
<block><region><rect/></region>
<text>
<par>
<line>Affaire suivie par: Carole Devallez-SER/BPRNH/2010 n" 408CD/FD</line></par>
<par>
<line>carole.devallez@cote-dor.gouv.fr</line></par>
<par>
<line>Tel. 03 80 29 43 54 - Fax : 03 80 29 42 60</line></par>
</text>
</block>
<block><region><rect/></region>
<text>
<par>
<line>ARRÊTÉ PRÉFECTORAL n” J} 3</line>
<line>du g I mr affl</line></par>
<par>
<line>portarCapprQbation ou Pian de Prévention des Risques Naturels Prévisibles d’inondation (P.P.R.N.P.I.) par débordement de la</line>
<line>Saône et de l'Ôgnon sur le territoire de la commune de Perrigny sur l'Ognon</line></par>
<par>
<line>VU le code de T environnement, notamment les articles L 123-1 à L 123-16, L 562-1 à L 562-8, les articles R123-</line>
<line>6 à R123-23 et les articles R 562-1 à R 562-12,</line></par>
<par>
<line>VU la loi n° 2004-811 du 13 août 2004 de modernisation de la sécurité civile, et notamment son article 1,</line></par>
<par>
<line>VU le décret n° 90-918 du 11 octobre 1990, modifié par le décret n° 2004-554 du 9 juin 2004, relatif à l'exercice</line>
<line>du droit à l'information sur les risques pris en application de l'article L 125-2 du code de l'environnement,</line></par>
<par>
<line>VU le décret n°2004-374 du 29 avril 2004 relatif aux pouvoirs des Préfets, à l'organisation et à l'action des services</line>
<line>de l'Etat dans les régions et départements,</line></par>
<par>
<line>VU le décret du 6 juillet 2007 nommant Mme Martine JUSTON, administratrice territoriale, en qualité de</line>
<line>sous-préfète hors classe, secrétaire générale de la préfecture de la Côte d'Or (1ère catégorie),</line></par>
<par>
<line>VU l'arrêté préfectoral du 26 novembre 2001 modifié les 13 mai 2008 et 22 juin 2009 prescrivant la révision du</line>
<line>plan des surfaces submersibles (PSS) de la rivière « La Saône » dans le département de la Côte d'Or, approuvé par</line>
<line>décret du 26 décembre 1968 valant plan de prévention des risques naturels prévisibles d'inondation sur la</line>
<line>commune de Perrigny sur l'Ognon,</line></par>
<par>
<line>VU l'arrêté préfectoral du 7 janvier 2010 portant ouverture de l'enquête publique préalable à l'approbation du plan</line>
<line>de prévention des risques naturels prévisibles d'inondation (P.P.RN.P.I.) de la commune de Perrigny sur l'Ognon,</line></par>
<par>
<line>VU le rapport et les conclusions de l'enquête publique qui s'est déroulée du 25 janvier 2010 au 26 février 2010</line>
<line>inclus et l'avis favorable du commissaire enquêteur suite à cette enquête.</line></par>
</text>
</block>
<block><region><rect/></region>
<text>
<par>
<line>57, rue de Mulhouse - BP 53317 - 21033 DIJON Cedex - Tél. : 03 80 29 44 44 - fax : 03 80 29 43 99</line>
<line>http://www.cote-d-or.equipenr)ent-agricu lture.gouv.fr</line></par>
</text>
</block>

</page>
<page width="4980" height="7029" resolution="600">
<block><region><rect/></region>
<text>
<par>
<line>vu le rapport du directeur départemental des Territoires,</line></par>
<par>
<line>SUR proposition du directeur de cabinet et du directeur départemental des Territoires,</line></par>
</text>
</block>
<block><region><rect/></region>
<text>
<par>
<line>ARRÊTE</line></par>
</text>
</block>
<block><region><rect/></region>
<text>
<par>
<line>ARTICLE 1er : Est approuvé tel qu'il est annexé au présent arrêté, le plan de prévention des risques naturels</line>
<line>prévisibles d'inondation (P.P.RN.P.I.) par débordement de la Saône et de l'Ognon, sur le territoire de la commune</line>
<line>de Perrigny sur l'Ognon.</line></par>
<par>
<line>ARTICLE 2 : Ce plan de prévention des risques naturels prévisibles d'inondation (P.P.R.N.P.I.) comporte :</line></par>
<par>
<line>O une note de présentation,</line></par>
<par>
<line>O un règlement, ,</line></par>
<par>
<line>O une carte des aléas découpée en 2 feuilles (Est et Ouest)</line></par>
<par>
<line>O une carte des enjeux découpée en 2 feuilles (Est et Ouest)</line></par>
<par>
<line>O une carte de zonage réglementaire découpée en 2 feuilles (Est et Ouest).</line></par>
<par>
<line>La commune de Perrigny sur l'Ognon ne dispose pas d'im document d'urbanisme. Le plan de prévention des risques</line>
<line>naturels prévisibles d'inondation (P.P.R.N.P.I.) s'applique en tant que document d'urbanisme.</line></par>
</text>
</block>
<block><region><rect/></region>
<text>
<par>
<line>ARTICLE 3 : Le présent arrêté sera publié au recueil des actes administratifs de la préfecture de Côte d'Or et</line>
<line>mention ^parente en sera faite dans un journal difiusé dans le département.</line></par>
</text>
</block>
<block><region><rect/></region>
<text>
<par>
<line>ARTICLE 4 : Le présent arrêté, avec le plan de prévention des risques naturels prévisibles d'inondation</line>
<line>(P.P.RN.P.I.) annexé, sera notifié au maire de Perrigny sur l'Ognon, au présidait du conseil général de la Côte d'Or</line>
<line>et au président du conseil régional de Bourgogne.</line></par>
<par>
<line>Il sera affiché en mairie de la commune précitée pendant un mois, par les soins du maire.</line></par>
</text>
</block>
<block><region><rect/></region>
<text>
<par>
<line>ARTICLE 5 : Le plan de prévention des risques naturels prévisibles d'inondation (P.P.R.N.P.L) annexé au présent</line>
<line>arrêté est tenu à la disposition du public :</line></par>
<par>
<line>- à la mairie de Perrigny sur l'Ognon,</line></par>
<par>
<line>- dans les locaux de la préfecture (Direction de la sécurité intérieure -Bureau de la sécurité civile)</line></par>
<par>
<line>- dans les locaux de la Direction départementale des Territoires (S.E.R/B.P.RN.H).</line></par>
</text>
</block>
<block><region><rect/></region>
<text>
<par>
<line>ARTICLE 6 : Copies du présent arrêté et du plan de prévention des risques naturels prévisibles d'inondation</line>
<line>(P.P.RN.P.I.) annexé seront adressées à :</line></par>
<par>
<line>- Monsieur le délégué aux risques majeurs du ministère de l'écologie, de l'énergie, du développement</line>
<line>durable et de la mer,</line></par>
<par>
<line>- Monsieur le directeur régional de l'environnement, de l'aménagement et du logement,</line></par>
<par>
<line>- Monsieur le président de la chambre d'agriculture de Côte d'Or,</line></par>
<par>
<line>- Monsieur le président du centre national de la propriété forestière.</line></par>
</text>
</block>







</page>
<page width="4968" height="7021" resolution="600">
<block><region><rect/></region>
<text>
<par>
<line>ARTICLE 7 ; Délai et voie de recours</line></par>
<par>
<line>Le présent arrêté peut faire l'objet dans un délai de deux mois à compter de sa publication au recueil des actes</line>
<line>administratifs de la Préfecture, d'un recours auprès du tribunal administratif de Dijon.</line></par>
</text>
</block>
<block><region><rect/></region>
<text>
<par>
<line>ARTICLE 8 : Le sous-préfet, directeur de cabinet, le directeur départemental des Territoires de la Côte d'Or et le</line>
<line>maire de la commune de Perrigny sur l'Ognon, sont chargés, chacun en ce qui les concerne, de l’exécution du</line>
<line>présent arrêté.</line></par>
</text>
</block>
<block><region><rect/></region>
<text>
<par>
<line>/</line></par>
</text>
</block>
<block><region><rect/></region>
<text>
<par>
<line>Fait à DIJON, le 0 3 ^0012010</line>
<line>Le Préfet,</line></par>
</text>
</block>
<block><region><rect/></region>
<text>
<par>
<line>P</line></par>
</text>
</block>
<block><region><rect/></region>
<text>
<par>
<line>r ie Préfet l^iîarKéîegation,</line>
<line>La SecréîalwMêw^lQ</line></par>
<par>
<line>WartineJUSTOM</line></par>
</text>
</block>



</page>
</PM1>