<?xml version="1.0" encoding="UTF-8"?><PM1>
<page width="1653" height="2336" resolution="200">
<block><region><rect/><rect/></region>
<text>
<par>
<line>K</line></par>
<par>
<line>Liberté • Égalité • Fraternité</line></par>
<par>
<line>RÉPUBLIQUE Française</line></par>
<par>
<line>PRÉFET DE LA NIÈVRE</line></par>
</text>
</block>
<block><region><rect/></region>
<text>
<par>
<line>Direction départementale</line>
<line>des territoires de la Nièvre</line></par>
<par>
<line>Service Sécurité et Prévention des Risques</line></par>
</text>
</block>
<block><region><rect/></region>
<text>
<par>
<line>ARRÊTÉ</line></par>
<par>
<line>portant approbation du Plan de Prévention du Risque inondation de l'Aron et</line>
<line>ses affluents sur le territoire des communes de Cercy-La-Tour et Verneuil</line></par>
</text>
</block>
<block><region><rect/></region>
<text>
<par>
<line>Le Préfet de la Nièvre</line>
<line>Chevalier de la Légion d'Honneur,</line>
<line>Chevalier de l'Ordre National du Mérite,</line></par>
</text>
</block>
<block><region><rect/></region>
<text>
<par>
<line>Vu le code de l'environnement et notamment ses articles L.562-1 à L.562-9, R.562-1 à R.562-10-</line>
<line>2 et R.123-6àR123-23 ;</line></par>
<par>
<line>Vu le code de l'urbanisme et notamment son article L. 126-1 et R. 126-1 ;</line></par>
<par>
<line>Vu le code des assurances et notamment ses articles L.125-6 ;</line></par>
<par>
<line>Vu l'arrêté préfectoral n° 2002-DDE-2704 du 25 juillet 2002 prescrivant l'élaboration du Plan de</line>
<line>Prévention du Risque inondation (PPRi) de l'Aron et ses affluents sur le territoire des communes</line>
<line>de Cercy-La-Tour et Verneuil ;</line></par>
<par>
<line>Vu l’arrêté préfectoral n° 2014294-0002 du 21 octobre 2014 portant ouverture d'une enquête</line>
<line>publique relative au projet de PPRi de l'Aron sur le territoire des communes de Cercy-La-Tour et</line>
<line>Verneuil ;</line></par>
<par>
<line>Vu les avis favorables, ou réputés favorables, du conseil municipal de la commune de Cercy-La</line>
<line>Tour, du conseil municipal de la commune de Verneuil, du conseil communautaire de la</line>
<line>communauté de communes entre Loire et Forêt, du conseil communautaire de la communauté de</line>
<line>communes entre Loire et Morvan, de la chambre d'agriculture et du centre régional de la</line>
<line>propriété forestière, consultés le 15 juillet 2014 ;</line></par>
<par>
<line>Vu l'avis favorable sans réserve mais avec recommandations du commissaire enquêteur en date</line>
<line>du 19 janvier 2015 ;</line></par>
<par>
<line>Vu la modification apportée au dossier pour faire droit aux recommandations du commissaire</line>
<line>enquêteur ;</line></par>
</text>
</block>


</page>
<page width="1653" height="2336" resolution="200">
<block><region><rect/></region>
<text>
<par>
<line>Considérant la nécessité de délimiter les terrains sur lesquels l'occupation ou Tutilisation du sol</line>
<line>doit être réglementée du fait de leur exposition à un risque naturel d'inondation et de définir les</line>
<line>mesures de prévention, de protection et de sauvegarde ;</line></par>
<par>
<line>Sur proposition du directeur départemental des territoires de la Nièvre ;</line></par>
</text>
</block>
<block><region><rect/></region>
<text>
<par>
<line>ARRETE</line></par>
</text>
</block>
<block><region><rect/></region>
<text>
<par>
<line>Article 1</line></par>
</text>
</block>
<block><region><rect/></region>
<text>
<par>
<line>Le Plan de Prévention du Risque inondation (PPRi) de l'Aron et ses affluents sur le territoire des</line>
<line>communes de Cercy-La-Tour et Vemeuil est approuvé tel qu'il est annexé au présent arrêté.</line></par>
</text>
</block>
<block><region><rect/></region>
<text>
<par>
<line>Article 2</line></par>
</text>
</block>
<block><region><rect/></region>
<text>
<par>
<line>Le dossier du PPRi de l'Aron et ses affluents comprend :</line></par>
<par>
<line>- une note de présentation ;</line></par>
<par>
<line>- un règlement ;</line></par>
<par>
<line>les cartes du zonage réglementaire ;</line></par>
<par>
<line>- les annexes à la note de présentation (cartes informatives des phénomènes, cartes des</line>
<line>aléas et cartes des enjeux).</line></par>
</text>
</block>
<block><region><rect/></region>
<text>
<par>
<line>Article 3</line></par>
</text>
</block>
<block><region><rect/></region>
<text>
<par>
<line>En application de l'article L.562-4 du code de l'environnement, le PPRi vaut servitude d'utilité</line>
<line>publique. A ce titre, il sera annexé au plan local d'urbanisme de la commune (ou au plan local</line>
<line>d’urbanisme intercommunal), conformément à l'article L.126-1 du code de Turbanisme.</line></par>
</text>
</block>
<block><region><rect/></region>
<text>
<par>
<line>Article 4</line></par>
</text>
</block>
<block><region><rect/></region>
<text>
<par>
<line>Le plan approuvé sera tenu à la disposition du public dans les mairies des communes de Cercy-</line>
<line>la-Tour et Vemeuil, à la préfecture de la Nièvre, à la sous-préfecture de Chateau-Chinon et à la</line>
<line>Direction Départementale des Territoires de la Nièvre. Il sera également mis en ligne sur le site</line>
<line>internet des services de l'État dans la Nièvre : http://www.nievre.gouv.fr/.</line></par>
</text>
</block>
<block><region><rect/></region>
<text>
<par>
<line>Article 5</line></par>
<par>
<line>Le présent arrêté sera publié au recueil des actes administratifs de l’État dans la Nièvre et dans</line>
<line>un journal diffusé dans le département.</line></par>
<par>
<line>Il sera notifié aux maires des communes de Cercy-La-Tour et Vemeuil et affiché dans les mairies</line>
<line>pendant au moins un mois à partir de la date de notification du présent arrêté.</line></par>
</text>
</block>






</page>
<page width="1653" height="2336" resolution="200">
<block><region><rect/></region>
<text>
<par>
<line>Article 6</line></par>
</text>
</block>
<block><region><rect/></region>
<text>
<par>
<line>Dans un délai de deux mois à compter de la notification ou de la publication du présent arrêté,</line>
<line>les recours suivants peuvent être introduits en recommandé avec accusé de réception :</line></par>
<par>
<line>- soit un recours gracieux, adressé à Monsieur Le Préfet de la Nièvre ;</line></par>
<par>
<line>- soit un recours hiérarchique, adressé à Ministre de l'Écologie, du</line></par>
<par>
<line>Développement Durable et de l'Énergie ;</line></par>
<par>
<line>- soit un recours contentieux en saisissant le tribunal administratif compétent.</line></par>
<par>
<line>Après un recours gracieux ou hiérarchique, le délai du recours contentieux ne court qu'à compter</line>
<line>du rejet explicite ou implicite de l'un de ces recours. Un rejet est considéré comme implicite au</line>
<line>terme d'un silence de l'Administration pendant deux mois.</line></par>
</text>
</block>
<block><region><rect/></region>
<text>
<par>
<line>Article 7</line></par>
<par>
<line>- M. le</line></par>
<par>
<line>- M. le</line></par>
<par>
<line>- M. le</line></par>
<par>
<line>- M. le</line></par>
<par>
<line>- M. le</line></par>
<par>
<line>- M. le</line></par>
<par>
<line>- M. le</line></par>
</text>
</block>
<block><region><rect/></region>
<text>
<par>
<line>secrétaire général de la préfecture de la Nièvre,</line>
<line>sous-préfet de Chateau-Chinon,</line>
<line>directeur départemental des territoires de la Nièvre,</line>
<line>maire de la commune de Cercy-La-Tour,</line>
<line>maire de la commune de Vemeuil,</line></par>
<par>
<line>président de la communauté de communes entre Loire et Forêt,</line>
<line>président de la communauté de communes entre Loire et Morvan,</line></par>
</text>
</block>
<block><region><rect/></region>
<text>
<par>
<line>sont chargés, chacun en ce qui le concerne, de l'exécution du présent arrêté.</line></par>
</text>
</block>
<block><region><rect/></region>
<text>
<par>
<line>Fait à Nevers, le</line>
<line>Le Préfet</line></par>
</text>
</block>
<block><region><rect/></region>
<text>
<par>
<line>. 'U</line></par>
</text>
</block>
<block><region><rect/></region>
<text>
<par>
<line>Po</line></par>
</text>
</block>
<block><region><rect/></region>
<text>
<par>
<line>r le Préfet</line>
<line>délégation</line></par>
</text>
</block>
<block><region><rect/></region>
<text>
<par>
<line>Le</line></par>
</text>
</block>
<block><region><rect/></region>
<text>
<par>
<line>Jean-fftichel VIDUS</line></par>
</text>
</block>


</page>
<page width="1653" height="2336" resolution="200">
<block><region><rect/></region>
<text>
<par/>
</text>
</block>
<block><region><rect/></region>
<text>
<par/>
</text>
</block>
<block><region><rect/></region>
<text>
<par>
<line>l'ï</line></par>
</text>
</block>
<block><region><rect/></region>
<text>
<par>
<line>M</line></par>
</text>
</block>
<block><region><rect/></region>
<text>
<par>
<line>■r</line></par>
</text>
</block>
<block><region><rect/></region>
<text>
<par>
<line>A</line></par>
</text>
</block>





</page>
</PM1>