<?xml version="1.0" encoding="UTF-8"?><PM1>
<page width="2496" height="3516" resolution="300">
<block><region><rect/></region>
<text>
<par>
<line>Liberté ■ Égalité * Fraternité</line></par>
<par>
<line>Répubuque Française</line></par>
<par>
<line>PRÉFETE DE LA DORDOGNE</line></par>
</text>
</block>
<block><region><rect/></region>
<text>
<par>
<line>Direction dépaitementaie des territoires</line></par>
<par>
<line>SEER- RDPF</line></par>
<par>
<line>Cité administrative</line></par>
<par>
<line>24024 Périgueux cedex</line></par>
<par>
<line>Tél : 0553455666</line></par>
</text>
</block>
<block><region><rect/></region>
<text>
<par>
<line>Arrêté n®</line></par>
<par>
<line>portant approbation du plan de prévention du risque inondation</line>
<line>sur la commune d'ANTONNE ET TRIGONNANT</line>
<line>Rivières Isie amont et Auvézère</line></par>
</text>
</block>
<block><region><rect/></region>
<text>
<par>
<line>La Préfète de la Dordogne</line>
<line>Chevalier de l'Ordre National du Mérite</line></par>
</text>
</block>
<block><region><rect/></region>
<text>
<par>
<line>VU le code de l'environnement;</line></par>
<par>
<line>VU la loi n°2003-699 du 30 juillet 2003 modifiée relative à la prévention des risques</line>
<line>naturels et ses décrets d'application:</line></par>
<par>
<line>VU la loi du 13 août 2004 modifiée relative à la modernisation de la sécurité civile;</line></par>
<par>
<line>VU le décret n° 95-1089 du 5 octobre 1995 modifié relatif aux plans de prévention</line>
<line>des risques naturels prévisibles;</line></par>
<par>
<line>VU les arrêtés préfectoraux en date du 24 mars 2015 prescrivant le plan de</line>
<line>prévention du risque inondation sur douze communes riveraines de llsle amont et de</line>
<line>l'Auvézère à savoir Bassillac, Escoire, Le Change, Antonne et Trigonant, Sarliac sur Llsle,</line>
<line>St-Vincent sur L'IsIe, Cubjac, Savignac Les Eglises, Mayac, Coulaures, St-Jory Lasbioux et</line>
<line>Corgnac sur L'IsIe;</line></par>
<par>
<line>Vu l'arrêté préfectoral du 23 juillet 2015 portant décision d'examen au cas par cas en</line>
<line>application de l'article R122-17 du code de l'environnement;</line></par>
<par>
<line>VU l'arrêté préfectoral du 12 septembre 2016 prescrivant l'enquête publique pour</line>
<line>l'établissement de ce plan;</line></par>
<par>
<line>VU le rapport de l'enquête publique à laquelle il a été procédé du mardi 4 octobre</line>
<line>2016 au vendredi 4 novembre 2016 et l'avis du commissaire enquêteur;</line></par>
<par>
<line>VU la délibération du conseil municipal de la commune d'Antonne etTrigonnant;</line></par>
<par>
<line>VU le projet établi par le directeur départemental des territoires;</line></par>
</text>
<text>
<par>
<line>SUR proposition du secrétaire général de la préfecture de Dordogne;</line></par>
</text>
</block>


</page>
<page width="2479" height="3504" resolution="300">
<block><region><rect/></region>
<text>
<par>
<line>Arrête</line></par>
</text>
</block>
<block><region><rect/></region>
<text>
<par>
<line>Article 1 - Le plan de prévention du risque inondation de la commune d'ANTONNE</line></par>
<par>
<line>ET TRIGONNANT, rivières Isle amont et Auvézère, est approuvé.</line></par>
</text>
<text>
<par>
<line>Le dossier du plan de prévention du risque inondation annexé au présent arrêté</line>
<line>comprend:</line></par>
<par>
<line>- un rapport de présentation,</line></par>
<par>
<line>- un règlement</line></par>
<par>
<line>- un plan de zonage</line></par>
<par>
<line>- les cartes des hauteurs d'eau, vitesses, aléas et enjeux,</line></par>
<par>
<line>- et le bilan de la concertation.</line></par>
<par>
<line>Il est tenu à la disposition du public:</line></par>
<par>
<line>- à la mairie de la commune d'Antonne et Trigonnant,</line></par>
<par>
<line>' à la préfecture (SIDPC),</line></par>
<par>
<line>- à la direction départementale des territoires à Périgueux (SEER- RDPF) et au</line>
<line>service territorial de la vallée de llsle à Saint-Astier.</line></par>
<par>
<line>Article 2 - Le plan de prévention du risque inondation vaut servitude d'utilité</line>
<line>publique conformément à l'article L 562-4 du code de l'environnement.</line></par>
<par>
<line>Il sera annexé au plan local d'urbanisme de la commune, si celle-ci en est dotée,</line>
<line>conformément à l'article L 126-1 du code de l'urbanisme.</line></par>
<par>
<line>Article 3 - Le présent arrêté sera publié au recueil des actes administratifs des</line>
<line>services de l'Etat en Dordogne et mention en sera faite en caractères apparents dans</line>
<line>la presse par les soins de la DDT. Une copie de cet arrêté sera affichée dans la</line>
<line>mairie de la commune d'Antonne et Trigonnant pendant un mois au minimum.</line></par>
<par>
<line>Article 4 - Toute personne ayant un intérêt à agir peut exercer un recours devant</line>
<line>le tribunal administratif compétent dans un délai de 2 mois à compter de la</line>
<line>publication de l'arrêté approuvant le PPR. Elle peut également saisir d'un recours</line>
<line>gracieux l'auteur de la décision ou saisir d'un recours hiérarchique le ministre de</line>
<line>l'environnement, de l'énergie et de la mer. Cette démarche prolonge le délai de</line>
<line>recours contentieux qui doit être introduit dans les 2 mois suivant la réponse</line>
<line>(l'absence de réponse au terme d'un délai de 2 mois vaut rejet implicite).</line></par>
<par>
<line>Article 5 - Une copie du présent arrêté sera adressée à M. le maire de la commune</line>
<line>d'Antonne et Trigonnant par les soins du directeur départemental des territoires.</line></par>
</text>
<text>
<par>
<line>Article 6 - Le secrétaire général de la préfecture de Dordogne, le directeur</line></par>
<par>
<line>départemental des territoires, M. le maire de la commune d'Antonne et Trigonnant</line></par>
<par>
<line>sont chargés, chacun en ce qui le concerne, de l'exécution du présent arrêté.</line></par>
</text>
</block>
<block><region><rect/></region>
<text>
<par>
<line>Périgueux, le ^2 7 0?"^</line>
<line>La Préfète ^ ^</line></par>
</text>
</block>





</page>
<page width="2485" height="3508" resolution="300">
<block><region><rect/></region>
<text>
<par>
<line>mm</line></par>
<par>
<line>Liberté * Égalité * Fraternité</line></par>
<par>
<line>RÉPUBUQjjE Française</line></par>
<par>
<line>PRÉFETE DE LA DORDOGNE</line></par>
</text>
</block>
<block><region><rect/></region>
<text>
<par>
<line>Direction départementale des territoires</line></par>
<par>
<line>SEER- RDPF</line></par>
<par>
<line>Cité administrative</line></par>
<par>
<line>24024 Périgueux oedex</line></par>
<par>
<line>Tél : 0553455666</line></par>
</text>
</block>
<block><region><rect/></region>
<text>
<par>
<line>Arrêté n»</line></par>
<par>
<line>portant approbation du plan de prévention du risque inondation</line>
<line>sur la commune de BASSILLAC</line>
<line>Rivières Isie amont et Auvézère</line></par>
</text>
</block>
<block><region><rect/></region>
<text>
<par>
<line>La Préfète de la Dordogne</line>
<line>Chevalier de l'Ordre National du Mérite</line></par>
</text>
</block>
<block><region><rect/></region>
<text>
<par>
<line>VU le code de l'environnement;</line></par>
<par>
<line>VU la loi n°2003-699 du 30 juillet 2003 modifiée relative à la prévention des risques</line>
<line>naturels et ses décrets d'application:</line></par>
<par>
<line>VU la loi du 13 août 2004 modifiée relative à la modernisation de la sécurité civile;</line></par>
<par>
<line>VU le décret n° 95-1089 du 5 octobre 1995 modifié relatif aux plans de prévention</line>
<line>des risques naturels prévisibles;</line></par>
<par>
<line>VU les arrêtés préfectoraux en date du 24 mars 2015 prescrivant le plan de</line>
<line>prévention du risque inondation sur douze communes riveraines de Hsle amont et de</line>
<line>l'Auvézère à savoir Bassillac, Escoire, Le Change, Antonne et Trigonant, Sarliac sur Llsle,</line>
<line>St-Vincent sur L'IsIe, Cubjac, Savignac Les Eglises, Mayac, Coulaures, St-Jory Lasbioux et</line>
<line>Corgnac sur Llsle;</line></par>
<par>
<line>Vu l'arrêté préfectoral du 23 juillet 2015 portant décision d'examen au cas par cas en</line>
<line>application de l'article R 122-17 du code de l'environnement;</line></par>
<par>
<line>VU l'arrêté préfectoral du 12 septembre 2016 prescrivant l'enquête publique pour</line>
<line>rétablissement de ce plan;</line></par>
<par>
<line>VU le rapport de l'enquête publique à laquelle il a été procédé du mardi 4 octobre</line>
<line>2016 au vendredi 4 novembre 2016 et l'avis du commissaire enquêteur;</line></par>
<par>
<line>VU la délibération du conseil municipal de la commune de Bassillac;</line></par>
<par>
<line>VU le projet établi par le directeur départemental des territoires;</line></par>
</text>
<text>
<par>
<line>SUR proposition du secrétaire général de la préfecture de Dordogne;</line></par>
</text>
</block>


</page>
<page width="2479" height="3504" resolution="300">
<block><region><rect/></region>
<text>
<par>
<line>Arrête</line></par>
</text>
</block>
<block><region><rect/></region>
<text>
<par>
<line>Article 1 - Le plan de prévention du risque inondation de la commune de</line></par>
<par>
<line>BASSILLAC, rivières Isie amont et Auvézère, est approuvé.</line></par>
</text>
<text>
<par>
<line>Le dossier du plan de prévention du risque inondation annexé au présent arrêté</line>
<line>comprend:</line></par>
<par>
<line>- un rapport de présentation,</line></par>
<par>
<line>- un règlement</line></par>
<par>
<line>- un plan de zonage</line></par>
<par>
<line>- les cartes des hauteurs d'eau, vitesses, aléas et enjeux,</line></par>
<par>
<line>- et le bilan de la concertation.</line></par>
<par>
<line>Il est tenu à la disposition du public;</line></par>
<par>
<line>' à la mairie de la commune de Bassillac,</line></par>
<par>
<line>- à la préfecture (SIDPC),</line></par>
<par>
<line>- à la direction départementale des territoires à Périgueux (SEER- RDPF) et au</line>
<line>service territorial de la vallée de llsle à Saint-Astier.</line></par>
<par>
<line>Article 2 - Le plan de prévention du risque inondation vaut servitude d'utilité</line>
<line>publique conformément à l'article L 562-4 du code de l'environnement.</line></par>
<par>
<line>Il sera annexé au plan local d'urbanisme de la commune, si celle-ci en est dotée,</line>
<line>conformément à l'article L 126-1 du code de l'urbanisme.</line></par>
<par>
<line>Article 3 - Le présent arrêté sera publié au recueil des actes administratifs des</line>
<line>services de l'Etat en Dordogne et mention en sera faite en caractères apparents dans</line>
<line>la presse par les soins de la DDT. Une copie de cet arrêté sera affichée dans la</line>
<line>mairie de la commune de Bassillac pendant un mois au minimum.</line></par>
<par>
<line>Article 4 - Toute personne ayant un intérêt à agir peut exercer un recours devant</line>
<line>le tribunal administratif compétent dans un délai de 2 mois à compter de la</line>
<line>publication de l'arrêté approuvant le PPR. Elle peut également saisir d'un recours</line>
<line>gracieux l'auteur de la décision ou saisir d'un recours hiérarchique le ministre de</line>
<line>l'environnement, de l'énergie et de la mer. Cette démarche prolonge le délai de</line>
<line>recours contentieux qui doit être introduit dans les 2 mois suivant la réponse</line>
<line>(l'absence de réponse au terme d'un délai de 2 mois vaut rejet implicite).</line></par>
<par>
<line>Article 5 - Une copie du présent arrêté sera adressée à M. le maire de la commune</line>
<line>de Bassillac par les soins du directeur départemental des territoires.</line></par>
</text>
<text>
<par>
<line>Article 6 - Le secrétaire général de la préfecture de Dordogne, le directeur</line></par>
<par>
<line>départemental des territoires, M. le maire de la commune de Bassillac sont chargés,</line></par>
<par>
<line>chacun en ce qui le concerne, de l'exécution du présent arrêté.</line></par>
</text>
</block>
<block><region><rect/></region>
<text>
<par>
<line>Périgueux, le I2 7 BEC</line>
<line>La Préfète</line></par>
</text>
</block>





</page>
<page width="2523" height="3535" resolution="300">
<block><region><rect/></region>
<text>
<par>
<line>Liberté « Égalité * Fraternité</line></par>
</text>
</block>
<block><region><rect/></region>
<text>
<par>
<line>RBPUBUauE Française</line></par>
<par>
<line>PRÉFETE DE LA DORDOGNE</line></par>
</text>
</block>
<block><region><rect/></region>
<text>
<par>
<line>Direction départementale des territoires</line></par>
<par>
<line>SEER- RDPF</line></par>
<par>
<line>Cité administrative</line></par>
<par>
<line>24024 Périgueux cedex</line></par>
<par>
<line>Tél : 0553455666</line></par>
</text>
</block>
<block><region><rect/></region>
<text>
<par>
<line>Arrêté</line></par>
<par>
<line>portant approbation du plan de prévention du risque inondation</line>
<line>sur la commune de LE CHANGE</line>
<line>Rivières Isie amont et Auvézère</line></par>
</text>
</block>
<block><region><rect/></region>
<text>
<par>
<line>La Préfète de la Dordogne</line>
<line>Chevalier de l'Ordre National du Mérite</line></par>
</text>
</block>
<block><region><rect/></region>
<text>
<par>
<line>VU le code de l'environnement;</line></par>
<par>
<line>VU la loi n®2003-699 du 30 juillet 2003 modifiée relative à la prévention des risques</line>
<line>naturels et ses décrets d'application:</line></par>
<par>
<line>VU la loi du 13 août 2004 modifiée relative à la modernisation de la sécurité civile;</line></par>
<par>
<line>VU le décret n® 95-1089 du 5 octobre 1995 modifié relatif aux plans de prévention</line>
<line>des risques naturels prévisibles;</line></par>
<par>
<line>VU les arrêtés préfectoraux en date du 24 mars 2015 prescrivant le plan de</line>
<line>prévention du risque inondation sur douze communes riveraines de llsle amont et de</line>
<line>l'Auvézère à savoir Bassillac, Escoire, Le Change, Antonne etTrigonant, Sarliac sur Llsle,</line>
<line>St-Vlncent sur Llsle, Cubjac, Savignac Les Eglises, Mayac, Coulaures, St-Jory Lasbioux et</line>
<line>Corgnac sur Llsle;</line></par>
<par>
<line>Vu l'arrêté préfectoral du 23 juillet 2015 portant décision d'examen au cas par cas en</line>
<line>application de l'article R 122-17 du code de l'environnement;</line></par>
<par>
<line>VU l'arrêté préfectoral du 12 septembre 2016 prescrivant l'enquête publique pour</line>
<line>rétablissement de ce plan;</line></par>
<par>
<line>VU le rapport de l'enquête publique à laquelle il a été procédé du mardi 4 octobre</line>
<line>2016 au vendredi 4 novembre 2016 et l'avis du commissaire enquêteur;</line></par>
<par>
<line>VU la délibération du conseil municipal de la commune de Le Change;</line></par>
<par>
<line>VU le projet établi par le directeur départementai des territoires;</line></par>
</text>
<text>
<par>
<line>SUR proposition du secrétaire général de la préfecture de Dordogne;</line></par>
</text>
</block>
</page>
<page width="2479" height="3504" resolution="300">
<block><region><rect/></region>
<text>
<par>
<line>Arrête</line></par>
</text>
</block>
<block><region><rect/></region>
<text>
<par>
<line>Article 1 - Le plan de prévention du risque inondation de ia commune de</line></par>
<par>
<line>LE CHANGE, rivières Isie amont et Auvézère, est approuvé.</line></par>
</text>
<text>
<par>
<line>Le dossier du pian de prévention du risque inondation annexé au présent arrêté</line>
<line>comprend:</line></par>
<par>
<line>- un rapport de présentation,</line></par>
<par>
<line>- un règlement</line></par>
<par>
<line>- un plan de zonage</line></par>
<par>
<line>- les cartes des hauteurs d'eau, vitesses, aléas et enjeux,</line></par>
<par>
<line>- et le bilan de la concertation.</line></par>
<par>
<line>Il est tenu à la disposition du public:</line></par>
<par>
<line>- à la mairie de ia commune de Le Change,</line></par>
<par>
<line>- à la préfecture (SIDPC),</line></par>
<par>
<line>- à la direction départementale des territoires à Périgueux (SEER- RDPF) et au</line>
<line>service territorial de la vallée de llsle à Saint-Astier.</line></par>
<par>
<line>Article 2 - Le plan de prévention du risque inondation vaut servitude d'utilité</line>
<line>publique conformément à l'article L 562-4 du code de l'environnement.</line></par>
<par>
<line>Il sera annexé au plan local d'urbanisme de la commune, si celle-ci en est dotée,</line>
<line>conformément à l'article L 126-1 du code de l'urbanisme.</line></par>
<par>
<line>Articie 3 - Le présent arrêté sera publié au recueil des actes administratifs des</line>
<line>services de l'Etat en Dordogne et mention en sera faite en caractères apparents dans</line>
<line>la presse par les soins de la DDT. Une copie de cet arrêté sera affichée dans la</line>
<line>mairie de la commune de Le Change pendant un mois au minimum.</line></par>
<par>
<line>Article 4 - Toute personne ayant un intérêt à agir peut exercer un recours devant le</line>
<line>tribunal administratif compétent dans un délai de 2 mois à compter de la publication</line>
<line>de l'arrêté approuvant le PPR. Elle peut également saisir d'un recours gracieux</line>
<line>l'auteur de la décision ou saisir d'un recours hiérarchique le ministre de</line>
<line>l'environnement, de l'énergie et de la mer. Cette démarche prolonge le délai de</line>
<line>recours contentieux qui doit être introduit dans les 2 mois suivant la réponse</line>
<line>(l'absence de réponse au terme d'un délai de 2 mois vaut rejet implicite).</line></par>
<par>
<line>Article 5 - Une copie du présent arrêté sera adressée à M. le maire de la commune</line>
<line>de Le Change par les soins du directeur départemental des territoires.</line></par>
<par>
<line>Article 6 - Le secrétaire général de la préfecture de Dordogne, le directeur</line>
<line>départemental des territoires, M. le maire de la commune de Le Change sont</line>
<line>chargés, chacun en ce qui le concerne, de l'exécution du présent arrêté.</line></par>
</text>
</block>
<block><region><rect/></region>
<text>
<par>
<line>Périgueux, le</line></par>
</text>
</block>
<block><region><rect/></region>
<text>
<par>
<line>2 7 sfc, m</line></par>
</text>
</block>
<block><region><rect/></region>
<text>
<par>
<line>La Préfète</line></par>
</text>
</block>





</page>
<page width="2523" height="3535" resolution="300">
<block><region><rect/></region>
<text>
<par>
<line>mm</line></par>
<par>
<line>Liberté • Égalité * Fraternité</line></par>
<par>
<line>RÉPUBLIQUE Française</line></par>
<par>
<line>PREFETE DE LA DORDOGNE</line></par>
</text>
</block>
<block><region><rect/></region>
<text>
<par>
<line>Direction départementale des territoires</line></par>
<par>
<line>SEER- RDPF</line></par>
<par>
<line>Cité administrative</line></par>
<par>
<line>24024 Périgueux cedex</line></par>
<par>
<line>Tél : 0553455666</line></par>
</text>
</block>
<block><region><rect/></region>
<text>
<par>
<line>Arrêté n® ^ u - loAé oo5</line></par>
<par>
<line>portant approbation du plan de prévention du risque inondation</line>
<line>sur la commune de CORGNAC SUR LISLE</line>
<line>Rivières Isie amont et Auvézère</line></par>
</text>
</block>
<block><region><rect/></region>
<text>
<par>
<line>La Préfète de la Dordogne</line>
<line>Chevalier de l'Ordre National du Mérite</line></par>
</text>
</block>
<block><region><rect/></region>
<text>
<par>
<line>VU le code de l'environnement;</line></par>
<par>
<line>VU la loi n°2003-699 du 30 juillet 2003 modifiée relative à la prévention des risques</line>
<line>naturels et ses décrets d'application:</line></par>
<par>
<line>VU la loi du 13 août 2004 modifiée relative à la modernisation de la sécurité civile;</line></par>
<par>
<line>VU le décret n® 95-1089 du 5 octobre 1995 modifié relatif aux plans de prévention</line>
<line>des risques naturels prévisibles;</line></par>
<par>
<line>VU les arrêtés préfectoraux en date du 24 mars 2015 prescrivant le plan de</line>
<line>prévention du risque inondation sur douze communes riveraines de l'isie amont et de</line>
<line>l'Auvézère à savoir Bassillac, Escoire, Le Change, Antonne et Trigonant, Sarliac sur L'isie,</line>
<line>St-Vincent sur L'isie, Cubjac, Savignac Les Eglises, Mayac, Coulaures, St-Jory Lasbioux et</line>
<line>Corgnac sur Llsle;</line></par>
<par>
<line>Vu l'arrêté préfectoral du 23 juillet 2015 portant décision d'examen au cas par cas en</line>
<line>application de l'article R122-17 du code de l'environnement;</line></par>
<par>
<line>VU l'arrêté préfectoral du 12 septembre 2016 prescrivant l'enquête publique pour</line>
<line>l'établissement de ce plan;</line></par>
<par>
<line>VU le rapport de l'enquête publique à laquelle il a été procédé du mardi 4 octobre</line>
<line>2016 au vendredi 4 novembre 2016 et l'avis du commissaire enquêteur;</line></par>
<par>
<line>VU la délibération du conseil municipal de la commune de Corgnac sur L'isie;</line></par>
<par>
<line>VU le projet établi par le directeur départemental des territoires;</line></par>
</text>
<text>
<par>
<line>SUR proposition du secrétaire général de la préfecture de Dordogne;</line></par>
</text>
</block>

</page>
<page width="2479" height="3504" resolution="300">
<block><region><rect/></region>
<text>
<par>
<line>Arrête</line></par>
</text>
</block>
<block><region><rect/></region>
<text>
<par>
<line>Article 1 - Le plan de prévention du risque inondation de la commune de</line></par>
<par>
<line>CORGNAC SUR LISLE, rivières Isie amont et Auvézère, est approuvé.</line></par>
</text>
<text>
<par>
<line>Le dossier du plan de prévention du risque inondation annexé au présent arrêté</line>
<line>comprend:</line></par>
<par>
<line>- un rapport de présentation,</line></par>
<par>
<line>- un règlement</line></par>
<par>
<line>- un plan de zonage</line></par>
<par>
<line>- les cartes des hauteurs d'eau, vitesses, aléas et enjeux,</line></par>
<par>
<line>- et le bilan de la concertation.</line></par>
<par>
<line>Il est tenu à la disposition du public:</line></par>
<par>
<line>* à la mairie de la commune de Corgnac sur L'IsIe,</line></par>
<par>
<line>‘ à la préfecture (SIDPC),</line></par>
<par>
<line>- à la direction départementale des territoires à Périgueux (SEER- RDPF) et au</line>
<line>service territorial de la vallée de llsle à Saint-Astier.</line></par>
<par>
<line>Article 2 - Le plan de prévention du risque inondation vaut servitude d'utilité</line>
<line>publique conformément à l'article L 562-4 du code de l'environnement.</line></par>
<par>
<line>Il sera annexé au plan local d'urbanisme de la commune, si celle-ci en est dotée,</line>
<line>conformément à l'article L 126-1 du code de l'urbanisme.</line></par>
<par>
<line>Article 3 - Le présent arrêté sera publié au recueil des actes administratifs des</line>
<line>services de l'Etat en Dordogne et mention en sera faite en caractères apparents dans</line>
<line>la presse par les soins de la DDT. Une copie de cet arrêté sera affichée dans la</line>
<line>mairie de la commune de Corgnac sur Llsle pendant un mois au minimum.</line></par>
<par>
<line>Article 4 - Toute personne ayant un intérêt à agir peut exercer un recours devant</line>
<line>le tribunal administratif compétent dans un délai de 2 mois à compter de la</line>
<line>publication de l'arrêté approuvant le PPR. Elle peut également saisir d'un recours</line>
<line>gracieux l'auteur de la décision ou saisir d'un recours hiérarchique le ministre de</line>
<line>l'environnement, de l'énergie et de la mer. Cette démarche prolonge le délai de</line>
<line>recours contentieux qui doit être introduit dans les 2 mois suivant la réponse</line>
<line>(l'absence de réponse au terme d'un délai de 2 mois vaut rejet implicite).</line></par>
<par>
<line>Article 5 - Une copie du présent arrêté sera adressée à M. le maire de la commune</line>
<line>de Corgnac sur Llsle par les soins du directeur départemental des territoires.</line></par>
</text>
<text>
<par>
<line>Article 6 - Le secrétaire général de la préfecture de Dordogne, le directeur</line></par>
<par>
<line>départemental des territoires, M. le maire de la commune de Corgnac sur L'IsIe sont</line></par>
<par>
<line>chargés, chacun en ce qui le concerne, de l'exécution du présent arrêté.</line></par>
</text>
</block>
<block><region><rect/></region>
<text>
<par>
<line>Périgueux, le 2 ? DEC.</line></par>
</text>
</block>
<block><region><rect/></region>
<text>
<par>
<line>La Préfète</line></par>
</text>
</block>






</page>
<page width="2558" height="3559" resolution="300">
<block><region><rect/></region>
<text>
<par>
<line>Liberté * Égalité • Fraternité</line></par>
<par>
<line>Répubuqub française</line>
<line>PRÉFETE DE LA DORDOGNE</line></par>
</text>
</block>
<block><region><rect/></region>
<text>
<par>
<line>Direction dépaitementaie des territoires</line></par>
<par>
<line>SEER- RDPF</line></par>
<par>
<line>Cité administrative</line></par>
<par>
<line>24024 Périgueux cedex</line></par>
<par>
<line>Tél ; 0553455666</line></par>
</text>
</block>
<block><region><rect/></region>
<text>
<par>
<line>Arrêté</line></par>
<par>
<line>portant approbation du plan de prévention du risque inondation</line>
<line>sur la commune de COULAURES</line>
<line>Rivières Isie amont et Auvézère</line></par>
</text>
</block>
<block><region><rect/></region>
<text>
<par>
<line>La Préfète de la Dordogne</line>
<line>Chevalier de l'Ordre National du Mérite</line></par>
</text>
</block>
<block><region><rect/></region>
<text>
<par>
<line>VU le code de l'environnement;</line></par>
<par>
<line>VU la loi n°2003-699 du 30 juillet 2003 modifiée relative à la prévention des risques</line>
<line>naturels et ses décrets d'application:</line></par>
<par>
<line>VU la loi du 13 août 2004 modifiée relative à la modernisation de la sécurité civile;</line></par>
<par>
<line>VU le décret n° 95-1089 du 5 octobre 1995 modifié relatif aux plans de prévention</line>
<line>des risques naturels prévisibles;</line></par>
<par>
<line>VU les arrêtés préfectoraux en date du 24 mars 2015 prescrivant le plan de</line>
<line>prévention du risque inondation sur douze communes riveraines de llsle amont et de</line>
<line>l'Auvézère à savoir Bassillac, Escoire, Le Change, Antenne et Trigonant, Sarliac sur Llsle,</line>
<line>St-Vincent sur L'IsIe, Cubjac, Savignac Les Eglises, Mayac, Coulaures, St-Jory Lasbioux et</line>
<line>Corgnac sur L'IsIe;</line></par>
<par>
<line>Vu l'arrêté préfectoral du 23 juillet 2015 portant décision d'examen au cas par cas en</line>
<line>application de l'article R122-17 du code de l'environnement;</line></par>
<par>
<line>VU l'arrêté préfectoral du 12 septembre 2016 prescrivant l'enquête publique pour</line>
<line>l'établissement de ce plan;</line></par>
<par>
<line>VU le rapport de l’enquête publique à laquelle il a été procédé du mardi 4 octobre</line>
<line>2016 au vendredi 4 novembre 2016 et l'avis du commissaire enquêteur;</line></par>
<par>
<line>VU la délibération du conseil municipal de la commune de Coulaures:</line></par>
<par>
<line>VU le projet établi par le directeur départemental des territoires;</line></par>
</text>
<text>
<par>
<line>SUR proposition du secrétaire général de la préfecture de Dordogne;</line></par>
</text>
</block>
</page>
<page width="2489" height="3511" resolution="300">
<block><region><rect/></region>
<text>
<par>
<line>Arrête</line></par>
</text>
</block>
<block><region><rect/></region>
<text>
<par>
<line>Article 1 - Le plan de prévention du risque inondation de la commune de</line></par>
<par>
<line>COULAURES, rivières Isie amont et Auvézère, est approuvé.</line></par>
</text>
<text>
<par>
<line>Le dossier du plan de prévention du risque inondation annexé au présent arrêté</line>
<line>comprend:</line></par>
<par>
<line>- un rapport de présentation,</line></par>
<par>
<line>- un règlement</line></par>
<par>
<line>- un plan de zonage</line></par>
<par>
<line>- les cartes des hauteurs d'eau, vitesses, aléas et enjeux,</line></par>
<par>
<line>- et le bilan de la concertation.</line></par>
<par>
<line>Il est tenu à la disposition du public:</line></par>
<par>
<line>- à la mairie de la commune de Coulaures,</line></par>
<par>
<line>- à la préfecture (SIDPC),</line></par>
<par>
<line>- à la direction départementale des territoires à Périgueux (SEER- RDPF) et au</line>
<line>service territorial de la vallée de llsle à Saint-Astier.</line></par>
<par>
<line>Article 2 - Le plan de prévention du risque inondation vaut servitude d'utilité</line>
<line>publique conformément à l'article L 562-4 du code de l'environnement.</line></par>
<par>
<line>Il sera annexé au plan local d'urbanisme de la commune, si celle-ci en est dotée,</line>
<line>conformément à l'article L126-1 du code de l'urbanisme.</line></par>
<par>
<line>Article 3 - Le présent arrêté sera publié au recueil des actes administratifs des</line>
<line>services de l'Etat en Dordogne et mention en sera faite en caractères apparents dans</line>
<line>la presse par les soins de la DDT. Une copie de cet arrêté sera affichée dans la</line>
<line>mairie de la commune de Coulaures pendant un mois au minimum.</line></par>
<par>
<line>Article 4 - Toute personne ayant un intérêt à agir peut exercer un recours devant le</line>
<line>tribunal administratif compétent dans un délai de 2 mois à compter de la publication</line>
<line>de l'arrêté approuvant le PPR. Elle peut également saisir d'un recours gracieux</line>
<line>l'auteur de la décision ou saisir d'un recours hiérarchique le ministre de</line>
<line>l'environnement, de l'énergie et de la mer. Cette démarche prolonge le délai de</line>
<line>recours contentieux qui doit être introduit dans les 2 mois suivant la réponse</line>
<line>(l'absence de réponse au terme d'un délai de 2 mois vaut rejet implicite).</line></par>
<par>
<line>Article 5 - Une copie du présent arrêté sera adressée à Mme le maire de la</line>
<line>commune de Coulaures par les soins du directeur départemental des territoires.</line></par>
</text>
<text>
<par>
<line>Article 6 - Le secrétaire général de la préfecture de Dordogne, le directeur</line></par>
<par>
<line>départemental des territoires, Mme le maire de la commune de Coulaures sont</line></par>
<par>
<line>chargés, chacun en ce qui le concerne, de l'exécution du présent arrêté.</line></par>
</text>
</block>
<block><region><rect/></region>
<text>
<par>
<line>Périgueux, le 8 7 DEC.</line></par>
</text>
</block>
<block><region><rect/></region>
<text>
<par>
<line>La Préfète</line></par>
</text>
</block>





</page>
<page width="2491" height="3512" resolution="300">
<block><region><rect/><rect/></region>
<text>
<par>
<line>m</line></par>
<par>
<line>Liberté « Égalité * Fraternité</line></par>
</text>
</block>
<block><region><rect/></region>
<text>
<par>
<line>RÉpuBLtauE Française</line></par>
<par>
<line>PRÉFETE DE LA DORDOGNE</line></par>
</text>
</block>
<block><region><rect/></region>
<text>
<par>
<line>Direction départementale des territoires</line></par>
<par>
<line>SEER-RDPF</line></par>
<par>
<line>Cité administrative</line></par>
<par>
<line>24024 Périgueux cedex</line></par>
<par>
<line>Tél : 0553455666</line></par>
</text>
</block>
<block><region><rect/></region>
<text>
<par>
<line>Arrêté n®</line></par>
<par>
<line>portant approbation du pian de prévention du risque inondation</line></par>
<par>
<line>sur la commune de CUBJAC</line>
<line>Rivières Isie amont et Auvézère</line></par>
</text>
</block>
<block><region><rect/></region>
<text>
<par>
<line>La Préfète de la Dordogne</line>
<line>Chevalier de l'Ordre National du Mérite</line></par>
</text>
</block>
<block><region><rect/></region>
<text>
<par>
<line>VU ie code de l'environnement;</line></par>
<par>
<line>VU la loi n®2003-699 du 30 juiiiet 2003 modifiée reiative à la prévention des risques</line>
<line>natureis et ses décrets d'appiication:</line></par>
<par>
<line>VU ia ioi du 13 août 2004 modifiée reiative à la modernisation de ia sécurité civiie;</line></par>
<par>
<line>VU ie décret n° 95-1089 du 5 octobre 1995 modifié relatif aux pians de prévention</line>
<line>des risques naturels prévisibles;</line></par>
<par>
<line>VU les arrêtés préfectoraux en date du 24 mars 2015 prescrivant le plan de</line>
<line>prévention du risque inondation sur douze communes riveraines de ilsie amont et de</line>
<line>i'Auvézère à savoir Bassiiiac, Escoire, Le Change, Antonne etTrigonant, Sariiac sur Llsie,</line>
<line>St-Vincent sur L'Isie, Cubjac, Savignac Les Egiises, Mayac, Couiaures, St-Jory Lasbioux et</line>
<line>Corgnac sur L'Isie;</line></par>
<par>
<line>Vu l'arrêté préfectoral du 23 juillet 2015 portant décision d'examen au cas par cas en</line>
<line>application de l'article R122-17 du code de l'environnement;</line></par>
<par>
<line>VU i'arrêté préfectoral du 12 septembre 2016 prescrivant i'enquête pubiique pour</line>
<line>i'étabiissement de ce plan;</line></par>
<par>
<line>VU le rapport de l'enquête publique à laqueiie ii a été procédé du mardi 4 octobre</line>
<line>2016 au vendredi 4 novembre 2016 et l'avis du commissaire enquêteur;</line></par>
<par>
<line>VU la délibération du conseil municipal de la commune de Cubjac;</line></par>
<par>
<line>VU le projet établi par le directeur départemental des territoires;</line></par>
</text>
<text>
<par>
<line>SUR proposition du secrétaire général de la préfecture de Dordogne;</line></par>
</text>
</block>
</page>
<page width="2479" height="3504" resolution="300">
<block><region><rect/></region>
<text>
<par>
<line>Arrête</line></par>
</text>
</block>
<block><region><rect/></region>
<text>
<par>
<line>Article 1 - Le plan de prévention du risque inondation de la commune de CUBJAC,</line></par>
<par>
<line>rivières Isie amont et Auvézère, est approuvé.</line></par>
</text>
<text>
<par>
<line>Le dossier du plan de prévention du risque inondation annexé au présent arrêté</line>
<line>comprend:</line></par>
<par>
<line>- un rapport de présentation,</line></par>
<par>
<line>- un règlement</line></par>
<par>
<line>- un plan de zonage</line></par>
<par>
<line>- les cartes des hauteurs d'eau, vitesses, aléas et enjeux,</line></par>
<par>
<line>- et le bilan de la concertation.</line></par>
<par>
<line>Il est tenu à la disposition du public;</line></par>
<par>
<line>- à la mairie de la commune de Cubjac,</line></par>
<par>
<line>- à la préfecture (SIDPC),</line></par>
<par>
<line>- à la direction départementale des territoires à Périgueux (SEER- RDPF) et au</line>
<line>service territorial de la vallée de llsle à Saint-Astier.</line></par>
<par>
<line>Article 2 - Le plan de prévention du risque inondation vaut servitude d'utilité</line>
<line>publique conformément à l'article L 562-4 du code de l'environnement.</line></par>
<par>
<line>Il sera annexé au plan local d'urbanisme de la commune, si celle-ci en est dotée,</line>
<line>conformément à l'article L 126-1 du code de l'urbanisme.</line></par>
<par>
<line>Article 3 - Le présent arrêté sera publié au recueil des actes administratifs des</line>
<line>services de l'Etat en Dordogne et mention en sera faite en caractères apparents dans</line>
<line>la presse par les soins de la DDT. Une copie de cet arrêté sera affichée dans la</line>
<line>mairie de la commune de Cubjac pendant un mois au minimum.</line></par>
<par>
<line>Article 4 - Toute personne ayant un intérêt à agir peut exercer un recours devant le</line>
<line>tribunal administratif compétent dans un délai de 2 mois à compter de la publication</line>
<line>de l'arrêté approuvant le PPR. Elle peut également saisir d'un recours gracieux</line>
<line>l'auteur de la décision ou saisir d'un recours hiérarchique le ministre de</line>
<line>l'environnement, de l'énergie et de la mer. Cette démarche prolonge le délai de</line>
<line>recours contentieux qui doit être introduit dans les 2 mois suivant la réponse</line>
<line>(l'absence de réponse au terme d'un délai de 2 mois vaut rejet implicite).</line></par>
<par>
<line>Article 5 - Une copie du présent arrêté sera adressée à M. le maire de la commune</line>
<line>de Cubjac par les soins du directeur départemental des territoires.</line></par>
</text>
<text>
<par>
<line>Article 6 - Le secrétaire général de la préfecture de Dordogne, le directeur</line></par>
<par>
<line>départemental des territoires, M. le maire de la commune de Cubjac sont chargés,</line></par>
<par>
<line>chacun en ce qui le concerne, de l'exécution du présent arrêté.</line></par>
</text>
</block>
<block><region><rect/></region>
<text>
<par>
<line>Périgueux, le 2 7 BFH</line></par>
</text>
</block>
<block><region><rect/></region>
<text>
<par>
<line>La Préfèb</line></par>
</text>
</block>





</page>
<page width="2479" height="3504" resolution="300">
<block><region><rect/></region>
<text>
<par>
<line>mm</line></par>
<par>
<line>Liberté " Égalité * Fraternité</line></par>
<par>
<line>RÉPUBUQUE Française</line>
<line>PRÉFETE DE LA DORDOGNE</line></par>
</text>
</block>
<block><region><rect/></region>
<text>
<par>
<line>Direction départementale des territoires</line></par>
<par>
<line>SEER- RDPF</line></par>
<par>
<line>até administrative</line></par>
<par>
<line>24024 Périgueux cedex</line></par>
<par>
<line>Tél : 0553455666</line></par>
</text>
</block>
<block><region><rect/></region>
<text>
<par>
<line>Arrêté n® 2L- toÀé^Àt-</line></par>
<par>
<line>portant approbation du plan de prévention du risque inondation</line></par>
<par>
<line>sur la commune d'ESCOlRE</line>
<line>Rivières Isie amont et Auvézère</line></par>
</text>
</block>
<block><region><rect/></region>
<text>
<par>
<line>La Préfète de la Dordogne</line>
<line>Chevalier de l'Ordre National du Mérite</line></par>
</text>
</block>
<block><region><rect/></region>
<text>
<par>
<line>VU le code de l'environnement;</line></par>
<par>
<line>VU la loi n°2003-699 du 30 juillet 2003 modifiée relative à la prévention des risques</line>
<line>naturels et ses décrets d'application:</line></par>
<par>
<line>VU la loi du 13 août 2004 modifiée relative à la modernisation de la sécurité civile;</line></par>
<par>
<line>VU le décret n° 95-1089 du 5 octobre 1995 modifié relatif aux plans de prévention</line>
<line>des risques naturels prévisibles;</line></par>
<par>
<line>VU les arrêtés préfectoraux en date du 24 mars 2015 prescrivant le plan de</line>
<line>prévention du risque inondation sur douze communes riveraines de Hsle amont et de</line>
<line>l'Auvézère à savoir Bassillac, Escoire, Le Change, Antonne etTrigonant, Sarliac sur L'IsIe,</line>
<line>St-Vincent sur Llsle, Cubjac, Savignac Les Eglises, Mayac, Coulaures, St-Jory Lasbioux et</line>
<line>Corgnac sur Llsle;</line></par>
<par>
<line>Vu l'arrêté préfectoral du 23 juillet 2015 portant décision d'examen au cas par cas en</line>
<line>application de l'article R122-17 du code de l'environnement;</line></par>
<par>
<line>VU l'arrêté préfectoral du 12 septembre 2016 prescrivant l'enquête publique pour</line>
<line>l'établissement de ce plan;</line></par>
<par>
<line>VU le rapport de l’enquête publique à laquelle il a été procédé du mardi 4 octobre</line>
<line>2016 au vendredi 4 novembre 2016 et l'avis du commissaire enquêteur;</line></par>
<par>
<line>VU la délibération du conseil municipal de la commune d'Escoire;</line></par>
<par>
<line>VU le projet établi par le directeur départemental des territoires;</line></par>
</text>
<text>
<par>
<line>SUR proposition du secrétaire général de la préfecture de Dordogne;</line></par>
</text>
</block>


</page>
<page width="2479" height="3504" resolution="300">
<block><region><rect/></region>
<text>
<par>
<line>Arrête</line></par>
</text>
</block>
<block><region><rect/></region>
<text>
<par>
<line>Article 1 - Le plan de prévention du risque inondation de la commune d'ESCOIRE,</line></par>
<par>
<line>rivières Isie amont et Auvézère, est approuvé.</line></par>
</text>
<text>
<par>
<line>Le dossier du plan de prévention du risque inondation annexé au présent arrêté</line>
<line>comprend:</line></par>
<par>
<line>- un rapport de présentation,</line></par>
<par>
<line>- un règlement</line></par>
<par>
<line>- un plan de zonage</line></par>
<par>
<line>- les cartes des hauteurs d'eau, vitesses, aléas et enjeux,</line></par>
<par>
<line>' et le bilan de la concertation.</line></par>
<par>
<line>Il est tenu à la disposition du public:</line></par>
<par>
<line>- à la mairie de la commune d'Escoire,</line></par>
<par>
<line>* à la préfecture (SIDPC),</line></par>
<par>
<line>' à la direction départementale des territoires à Périgueux {SEER- RDPF) et au</line>
<line>service territorial de la vallée de l'Isle à Saint-Astier.</line></par>
<par>
<line>Article 2 - Le plan de prévention du risque inondation vaut servitude d'utilité</line>
<line>publique conformément à l'article L 562-4 du code de l'environnement.</line></par>
<par>
<line>Il sera annexé au plan local d'urbanisme de la commune, si celle-ci en est dotée,</line>
<line>conformément à l'article L 126-1 du code de l'urbanisme.</line></par>
<par>
<line>Article 3 - Le présent arrêté sera publié au recueil des actes administratifs des</line>
<line>services de l'Etat en Dordogne et mention en sera faite en caractères apparents dans</line>
<line>la presse par les soins de la DDT. Une copie de cet arrêté sera affichée dans la</line>
<line>mairie de la commune d'Escoire pendant un mois au minimum.</line></par>
<par>
<line>Article 4 - Toute personne ayant un intérêt à agir peut exercer un recours devant</line>
<line>le tribunal administratif compétent dans un délai de 2 mois à compter de la</line>
<line>publication de l'arrêté approuvant le PPR. Elle peut également saisir d'un recours</line>
<line>gracieux l'auteur de la décision ou saisir d'un recours hiérarchique le ministre de</line>
<line>l'environnement, de l'énergie et de la mer. Cette démarche prolonge le délai de</line>
<line>recours contentieux qui doit être introduit dans les 2 mois suivant la réponse</line>
<line>(l'absence de réponse au terme d'un délai de 2 mois vaut rejet implicite).</line></par>
<par>
<line>Article 5 - Une copie du présent arrêté sera adressée à M. le maire de la commune</line>
<line>d'Escoire par les soins du directeur départemental des territoires.</line></par>
</text>
<text>
<par>
<line>Article 6 - Le secrétaire général de la préfecture de Dordogne, le directeur</line></par>
<par>
<line>départemental des territoires, M. le maire de la commune d'Escoire sont chargés,</line></par>
<par>
<line>chacun en ce qui le concerne, de l'exécution du présent arrêté.</line></par>
</text>
</block>
<block><region><rect/></region>
<text>
<par>
<line>Périgueux, le 2 7 gfp ^9^</line></par>
</text>
</block>
<block><region><rect/></region>
<text>
<par>
<line>La Préfète</line></par>
</text>
</block>





</page>
<page width="2488" height="3510" resolution="300">
<block><region><rect/></region>
<text>
<par>
<line>mm</line></par>
<par>
<line>Liberté * Égalité * Fraternité</line></par>
<par>
<line>République Française</line>
<line>PRÉFETE DE LA DORDOGNE</line></par>
</text>
</block>
<block><region><rect/></region>
<text>
<par>
<line>Direction départementale des territoires</line></par>
<par>
<line>SEER- RDPF</line></par>
<par>
<line>Cité administrative</line></par>
<par>
<line>24024 Périgueux cedex</line></par>
<par>
<line>Tél : 0553455666</line></par>
</text>
</block>
<block><region><rect/></region>
<text>
<par>
<line>Arrêté n® g 0^9</line></par>
<par>
<line>portant approbation du plan de prévention du risque inondation</line></par>
<par>
<line>sur la commune de MAYAC</line>
<line>Rivières Isie amont et Auvézère</line></par>
</text>
</block>
<block><region><rect/></region>
<text>
<par>
<line>La Préfète de la Dordogne</line>
<line>Chevalier de l'Ordre National du Mérite</line></par>
</text>
</block>
<block><region><rect/></region>
<text>
<par>
<line>VU le code de l'environnement;</line></par>
<par>
<line>VU la loi n®2003-699 du 30 juillet 2003 modifiée relative à la prévention des risques</line>
<line>naturels et ses décrets d'application:</line></par>
<par>
<line>VU la loi du 13 août 2004 modifiée relative à la modernisation de la sécurité civile;</line></par>
<par>
<line>VU le décret n° 95-1089 du 5 octobre 1995 modifié relatif aux plans de prévention</line>
<line>des risques naturels prévisibles;</line></par>
<par>
<line>VU les arrêtés préfectoraux en date du 24 mars 2015 prescrivant le plan de</line>
<line>prévention du risque inondation sur douze communes riveraines de l'isie amont et de</line>
<line>l'Auvézère à savoir Bassillac, Escoire, Le Change, Antonne et Trigonant, Sarliac sur Llsie,</line>
<line>St-Vincent sur L'isie, Cubjac, Savignac Les Eglises, Mayac, Coulaures, St-Jory Lasbioux et</line>
<line>Corgnac sur Llsle;</line></par>
<par>
<line>Vu l'arrêté préfectoral du 23 juillet 2015 portant décision d'examen au cas par cas en</line>
<line>application de l'article R 122-17 du code de l'environnement;</line></par>
<par>
<line>VU l'arrêté préfectoral du 12 septembre 2016 prescrivant l'enquête publique pour</line>
<line>rétablissement de ce plan;</line></par>
<par>
<line>VU le rapport de l'enquête publique à laquelle il a été procédé du mardi 4 octobre</line>
<line>2016 au vendredi 4 novembre 2016 et l'avis du commissaire enquêteur;</line></par>
<par>
<line>VU la délibération du conseil municipal de la commune de Mayac:</line></par>
<par>
<line>VU le projet établi par le directeur départemental des territoires;</line></par>
</text>
<text>
<par>
<line>SUR proposition du secrétaire général de la préfecture de Dordogne;</line></par>
</text>
</block>
</page>
<page width="2479" height="3504" resolution="300">
<block><region><rect/></region>
<text>
<par>
<line>Arrête</line></par>
</text>
</block>
<block><region><rect/></region>
<text>
<par>
<line>Article 1 - Le plan de prévention du risque inondation de la commune de MAYAC,</line></par>
<par>
<line>rivières Isie amont et Auvézère, est approuvé.</line></par>
</text>
<text>
<par>
<line>Le dossier du plan de prévention du risque inondation annexé au présent arrêté</line>
<line>comprend:</line></par>
<par>
<line>- un rapport de présentation,</line></par>
<par>
<line>- un règlement</line></par>
<par>
<line>- un plan de zonage</line></par>
<par>
<line>- les cartes des hauteurs d'eau, vitesses, aléas et enjeux,</line></par>
<par>
<line>- et le bilan de la concertation.</line></par>
<par>
<line>Il est tenu à la disposition du public:</line></par>
<par>
<line>- à la mairie de la commune de Mayac,</line></par>
<par>
<line>- à la préfecture (SIDPC),</line></par>
<par>
<line>- à la direction départementale des territoires à Périgueux (SEER- RDPF) et au</line>
<line>service territorial de la vallée de llsle à Saint-Astier.</line></par>
<par>
<line>Article 2 - Le plan de prévention du risque inondation vaut servitude d'utilité</line>
<line>publique conformément à l'article L 562-4 du code de l'environnement.</line></par>
<par>
<line>Il sera annexé au plan local d'urbanisme de la commune, si celle-ci en est dotée,</line>
<line>conformément à l'article L 126-1 du code de l'urbanisme.</line></par>
<par>
<line>Article 3 - Le présent arrêté sera publié au recueil des actes administratifs des</line>
<line>services de l'Etat en Dordogne et mention en sera faite en caractères apparents dans</line>
<line>la presse par les soins de la DDT. Une copie de cet arrêté sera affichée dans la</line>
<line>mairie de la commune de Mayac pendant un mois au minimum.</line></par>
<par>
<line>Article 4 - Toute personne ayant un intérêt à agir peut exercer un recours devant le</line>
<line>tribunal administratif compétent dans un délai de 2 mois à compter de la publication</line>
<line>de l'arrêté approuvant le PPR. Elle peut également saisir d'un recours gracieux</line>
<line>l'auteur de la décision ou saisir d'un recours hiérarchique le ministre de</line>
<line>l'environnement, de l'énergie et de la mer. Cette démarche prolonge le délai de</line>
<line>recours contentieux qui doit être introduit dans les 2 mois suivant la réponse</line>
<line>(l'absence de réponse au terme d'un délai de 2 mois vaut rejet implicite).</line></par>
<par>
<line>Article 5 - Une copie du présent arrêté sera adressée à M. le maire de la commune</line>
<line>de Mayac par les soins du directeur départemental des territoires.</line></par>
</text>
<text>
<par>
<line>Article 6 - Le secrétaire général de la préfecture de Dordogne, le directeur</line></par>
<par>
<line>départemental des territoires, M. le maire de la commune de Mayac sont chargés,</line></par>
<par>
<line>chacun en ce qui le concerne, de l'exécution du présent arrêté.</line></par>
</text>
</block>
<block><region><rect/></region>
<text>
<par>
<line>Périgueux, le 2 7 DFC,</line></par>
</text>
</block>
<block><region><rect/></region>
<text>
<par>
<line>La Préfète</line></par>
</text>
</block>





</page>
<page width="2491" height="3513" resolution="300">
<block><region><rect/></region>
<text>
<par>
<line>m^m</line></par>
<par>
<line>Liberté • Égalité * Fraternité</line></par>
<par>
<line>RÉPUBuqyE Française</line></par>
<par>
<line>PRÉFETE DE LA DORDOGNE</line></par>
</text>
</block>
<block><region><rect/></region>
<text>
<par>
<line>Direction départementale des territoires</line></par>
<par>
<line>SEER- RDPF</line></par>
<par>
<line>Cité administrative</line></par>
<par>
<line>24024 Périgueux cedex</line></par>
<par>
<line>Tél : 0553455666</line></par>
</text>
</block>
<block><region><rect/></region>
<text>
<par>
<line>Arrêté n® 0^3</line></par>
<par>
<line>portant approbation du plan de prévention du risque inondation</line>
<line>sur la commune de SAINT-JORY LASBLOUX</line>
<line>Rivières Isie amont et Auvézère</line></par>
</text>
</block>
<block><region><rect/></region>
<text>
<par>
<line>La Préfète de la Dordogne</line>
<line>Chevalier de l'Ordre National du Mérite</line></par>
</text>
</block>
<block><region><rect/></region>
<text>
<par>
<line>VU le code de l'environnement;</line></par>
<par>
<line>VU la loi n®2003-699 du 30 juillet 2003 modifiée relative à la prévention des risques</line>
<line>naturels et ses décrets d'application:</line></par>
<par>
<line>VU la loi du 13 août 2004 modifiée relative à la modernisation de la sécurité civile;</line></par>
<par>
<line>VU le décret n° 95-1089 du 5 octobre 1995 modifié relatif aux plans de prévention</line>
<line>des risques naturels prévisibles;</line></par>
<par>
<line>VU les arrêtés préfectoraux en date du 24 mars 2015 prescrivant le plan de</line>
<line>prévention du risque inondation sur douze communes riveraines de llsle amont et de</line>
<line>l'Auvézère à savoir Bassillac, Escoire, Le Change, Antenne et Trigonant, Sarliac sur L'IsIe,</line>
<line>St-Vincent sur Llsle, Cubjac, Savignac Les Eglises, Mayac, Coulaures, St-Jory Lasbioux et</line>
<line>Corgnac sur L'IsIe;</line></par>
<par>
<line>Vu l'arrêté préfectoral du 23 juillet 2015 portant décision d'examen au cas par cas en</line>
<line>application de l'article R122-17 du code de l'environnement;</line></par>
<par>
<line>VU l'arrêté préfectoral du 12 septembre 2016 prescrivant l'enquête publique pour</line>
<line>rétablissement de ce plan;</line></par>
<par>
<line>VU le rapport de l'enquête publique à laquelle il a été procédé du mardi 4 octobre</line>
<line>2016 au vendredi 4 novembre 2016 et l'avis du commissaire enquêteur;</line></par>
<par>
<line>VU la délibération du conseil municipal de la commune de St-Jory Lasbioux:</line></par>
<par>
<line>VU le projet établi par le directeur départemental des territoires;</line></par>
</text>
<text>
<par>
<line>SUR proposition du secrétaire général de la préfecture de Dordogne;</line></par>
</text>
</block>

</page>
<page width="2479" height="3504" resolution="300">
<block><region><rect/></region>
<text>
<par>
<line>Arrête</line></par>
</text>
</block>
<block><region><rect/></region>
<text>
<par>
<line>Article 1 - Le plan de prévention du risque inondation de la commune de SAINT-</line></par>
<par>
<line>JORY LASBLOUX, rivières Isie amont et Auvézère, est approuvé.</line></par>
</text>
<text>
<par>
<line>Le dossier du plan de prévention du risque inondation annexé au présent arrêté</line>
<line>comprend:</line></par>
<par>
<line>' un rapport de présentation,</line></par>
<par>
<line>- un règlement</line></par>
<par>
<line>- un plan de zonage</line></par>
<par>
<line>- les cartes des hauteurs d'eau, vitesses, aléas et enjeux,</line></par>
<par>
<line>- et le bilan de la concertation.</line></par>
<par>
<line>Il est tenu à la disposition du public:</line></par>
<par>
<line>- à la mairie de la commune de St-Jory Lasbioux,</line></par>
<par>
<line>* à la préfecture (SIDPC),</line></par>
<par>
<line>' à la direction départementale des territoires à Périgueux (SEER- RDPF) et au</line>
<line>service territorial de la vallée de nsie à Saint-Astier.</line></par>
<par>
<line>Article 2 - Le plan de prévention du risque inondation vaut servitude d'utilité</line>
<line>publique conformément à l'article L 562-4 du code de l'environnement.</line></par>
<par>
<line>Il sera annexé au pian local d'urbanisme de la commune, si celle-ci en est dotée,</line>
<line>conformément à l'article L 126-1 du code de l'urbanisme.</line></par>
<par>
<line>Article 3 - Le présent arrêté sera publié au recueil des actes administratifs des</line>
<line>services de l'Etat en Dordogne et mention en sera faite en caractères apparents dans</line>
<line>la presse par les soins de la DDT. Une copie de cet arrêté sera affichée dans la</line>
<line>mairie de la commune de St-Jory Lasbioux pendant un mois au minimum.</line></par>
<par>
<line>Article 4 - Toute personne ayant un intérêt à agir peut exercer un recours devant le</line>
<line>tribunal administratif compétent dans un délai de 2 mois à compter de la publication</line>
<line>de l'arrêté approuvant le PPR. Elle peut également saisir d'un recours gracieux</line>
<line>l'auteur de la décision ou saisir d'un recours hiérarchique le ministre de</line>
<line>l'environnement, de l'énergie et de la mer. Cette démarche prolonge le délai de</line>
<line>recours contentieux qui doit être introduit dans les 2 mois suivant la réponse</line>
<line>(l'absence de réponse au terme d'un délai de 2 mois vaut rejet implicite).</line></par>
<par>
<line>Article 5 - Une copie du présent arrêté sera adressée à Mme le maire de la</line>
<line>commune de St-Jory Lasbioux par les soins du directeur départemental des territoires.</line></par>
</text>
<text>
<par>
<line>Article 6 - Le secrétaire général de la préfecture de Dordogne, le directeur</line></par>
<par>
<line>départemental des territoires, Mme le maire de la commune de St-Jory Lasbioux sont</line></par>
<par>
<line>chargés, chacun en ce qui le concerne, de l'exécution du présent arrêté.</line></par>
</text>
</block>
<block><region><rect/></region>
<text>
<par>
<line>Périgueux, le *2 7 DEC</line></par>
</text>
</block>
<block><region><rect/></region>
<text>
<par>
<line>La Préfète</line></par>
</text>
</block>





</page>
<page width="2564" height="3564" resolution="300">
<block><region><rect/></region>
<text>
<par>
<line>mm</line></par>
<par>
<line>Liberté • Égalité • Fraternité</line></par>
<par>
<line>République Française</line>
<line>PREFETE DE LA DORDOGNE</line></par>
</text>
</block>
<block><region><rect/></region>
<text>
<par>
<line>Direction départementaie des territoires</line></par>
<par>
<line>SEER- RDPF</line></par>
<par>
<line>Cité administrative</line></par>
<par>
<line>24024 Périgueux cedex</line></par>
<par>
<line>Tél : 0553455666</line></par>
</text>
</block>
<block><region><rect/></region>
<text>
<par>
<line>Arrête t U- î</line></par>
<par>
<line>portant approbation du plan de prévention du risque inondation</line>
<line>sur la commune de SAINT-VINCENT SUR L'ISLE</line>
<line>Rivières Isie amont et Auvézère</line></par>
</text>
</block>
<block><region><rect/></region>
<text>
<par>
<line>Préfète de la Dordogne</line>
<line>Chevalier de TOrdre National du Mérite</line></par>
</text>
</block>
<block><region><rect/></region>
<text>
<par>
<line>VU le code de l'environnement;</line></par>
<par>
<line>VU la loi n°2003-699 du 30 juillet 2003 modifiée relative à la prévention des risques</line>
<line>naturels et ses décrets d'application:</line></par>
<par>
<line>VU la loi du 13 août 2004 modifiée relative à la modernisation de la sécurité civile;</line></par>
<par>
<line>VU le décret n° 95-1089 du 5 octobre 1995 modifié relatif aux plans de prévention</line>
<line>des risques naturels prévisibles;</line></par>
<par>
<line>VU les arrêtés préfectoraux en date du 24 mars 2015 prescrivant le plan de</line>
<line>prévention du risque inondation sur douze communes riveraines de l'isie amont et de</line>
<line>l'Auvézère à savoir Bassillac, Escoire, Le Change, Antonne etTrigonant, Sarliac sur Llsle,</line>
<line>St-Vincent sur L'isie, Cubjac, Savignac Les Eglises, Mayac, Coulaures, St-Jory Lasbioux et</line>
<line>Corgnac sur Llsle;</line></par>
<par>
<line>Vu l'arrêté préfectoral du 23 juillet 2015 portant décision d'examen au cas par cas en</line>
<line>application de l'article R122-17 du code de l'environnement;</line></par>
<par>
<line>VU l'arrêté préfectoral du 12 septembre 2016 prescrivant l'enquête publique pour</line>
<line>l'établissement de ce plan;</line></par>
<par>
<line>VU le rapport de l'enquête publique à laquelle il a été procédé du mardi 4 octobre</line>
<line>2016 au vendredi 4 novembre 2016 et l'avis du commissaire enquêteur;</line></par>
<par>
<line>VU la délibération du conseil municipal de la commune de St-Vincent sur Llsle;</line></par>
<par>
<line>VU le projet établi par le directeur départemental des territoires;</line></par>
</text>
<text>
<par>
<line>SUR proposition du secrétaire général de la préfecture de Dordogne;</line></par>
</text>
</block>
</page>
<page width="2485" height="3508" resolution="300">
<block><region><rect/></region>
<text>
<par>
<line>Arrête</line></par>
</text>
</block>
<block><region><rect/></region>
<text>
<par>
<line>Article 1 - Le plan de prévention du risque inondation de la commune de SAINT-</line></par>
<par>
<line>VINCENT SUR LISLE, rivières Isie amont et Auvézère, est approuvé.</line></par>
</text>
<text>
<par>
<line>Le dossier du plan de prévention du risque inondation annexé au présent arrêté</line>
<line>comprend:</line></par>
<par>
<line>- un rapport de présentation,</line></par>
<par>
<line>- un règlement</line></par>
<par>
<line>- un plan de zonage</line></par>
<par>
<line>- les cartes des hauteurs d'eau, vitesses, aléas et enjeux,</line></par>
<par>
<line>- et le bilan de la concertation.</line></par>
<par>
<line>Il est tenu à la disposition du public:</line></par>
<par>
<line>- à la mairie de la commune de St-Vincent sur Llsle,</line></par>
<par>
<line>- à la préfecture (SIDPC),</line></par>
<par>
<line>- à la direction départementale des territoires à Périgueux {SEER- RDPF) et au</line>
<line>service territorial de la vallée de l'Isle à Saint-Astier.</line></par>
<par>
<line>Article 2 - Le plan de prévention du risque inondation vaut servitude d'utilité</line>
<line>publique conformément à l'article L 562-4 du code de l'environnement.</line></par>
<par>
<line>Il sera annexé au plan local d'urbanisme de la commune, si celle-ci en est dotée,</line>
<line>conformément à l'article L 126-1 du code de l'urbanisme.</line></par>
<par>
<line>Article 3 - Le présent arrêté sera publié au recueil des actes administratifs des</line>
<line>services de l'Etat en Dordogne et mention en sera faite en caractères apparents dans</line>
<line>la presse par les soins de la DDT. Une copie de cet arrêté sera affichée dans la</line>
<line>mairie de la commune de St-Vincent sur L'Isle pendant un mois au minimum.</line></par>
<par>
<line>Article 4 - Toute personne ayant un intérêt à agir peut exercer un recours devant</line>
<line>le tribunal administratif compétent dans un délai de 2 mois à compter de la</line>
<line>publication de l'arrêté approuvant le PPR. Elle peut également saisir d'un recours</line>
<line>gracieux l'auteur de la décision ou saisir d'un recours hiérarchique le ministre de</line>
<line>i'environnement, de l'énergie et de la mer. Cette démarche prolonge le délai de</line>
<line>recours contentieux qui doit être introduit dans les 2 mois suivant la réponse</line>
<line>(l'absence de réponse au terme d'un délai de 2 mois vaut rejet implicite).</line></par>
<par>
<line>Article 5 - Une copie du présent arrêté sera adressée à M. le maire de la commune</line>
<line>de St-Vincent sur L'Isle par les soins du directeur départemental des territoires.</line></par>
<par>
<line>Article 6 - Le secrétaire générai de ia préfecture de Dordogne, le directeur</line>
<line>départemental des territoires, M. le maire de la commune de St-Vincent sur L'Isle sont</line>
<line>chargés, chacun en ce qui le concerne, de l'exécution du présent arrêté.</line></par>
</text>
</block>
<block><region><rect/></region>
<text>
<par>
<line>Périgueux, le 2 7 0^^</line>
<line>La Préfète</line></par>
</text>
</block>
<block><region><rect/></region>
<text>
<par>
<line>Anne-e</line></par>
</text>
</block>
<block><region><rect/></region>
<text>
<par/>
</text>
</block>
<block><region><rect/></region>
<text>
<par>
<line>^LüUihi-CLERC</line></par>
</text>
</block>





</page>
<page width="2498" height="3518" resolution="300">
<block><region><rect/></region>
<text>
<par>
<line>Liberté ■ Égalité * Fraternité</line></par>
</text>
</block>
<block><region><rect/></region>
<text>
<par>
<line>RÉPUBuqyE Française</line></par>
<par>
<line>PRÉFETE DE LA DORDOGNE</line></par>
</text>
</block>
<block><region><rect/></region>
<text>
<par>
<line>Direction dépaitementaie des territoires</line></par>
<par>
<line>SEER- RDPF</line></par>
<par>
<line>Cité administrative</line></par>
<par>
<line>24024 Périgueux oedex</line></par>
<par>
<line>Tél : 0553455666</line></par>
</text>
</block>
<block><region><rect/></region>
<text>
<par>
<line>Arrêté</line></par>
<par>
<line>portant approbation du plan de prévention du risque inondation</line>
<line>sur ia commune de SARLIAC SUR L'ISLE</line>
<line>Rivières Isie amont et Auvézère</line></par>
</text>
</block>
<block><region><rect/></region>
<text>
<par>
<line>La Préfète de la Dordogne</line>
<line>Chevalier de l'Ordre National du Mérite</line></par>
</text>
</block>
<block><region><rect/></region>
<text>
<par>
<line>VU le code de l'environnement;</line></par>
<par>
<line>VU la loi n®2003-699 du 30 juillet 2003 modifiée relative à la prévention des risques</line>
<line>naturels et ses décrets d'application:</line></par>
<par>
<line>VU ia loi du 13 août 2004 modifiée relative à la modernisation de la sécurité civile;</line></par>
<par>
<line>VU le décret n° 95-1089 du 5 octobre 1995 modifié reiatif aux plans de prévention</line>
<line>des risques naturels prévisibles;</line></par>
<par>
<line>VU les arrêtés préfectoraux en date du 24 mars 2015 prescrivant le plan de</line>
<line>prévention du risque inondation sur douze communes riveraines de llsle amont et de</line>
<line>l'Auvézère à savoir Bassillac, Escoire, Le Change, Antonne et Trigonant, Sarliac sur Liste,</line>
<line>St-Vincent sur Llsie, Cubjac, Savignac Les Eglises, Mayac, Coulaures, St-Jory Lasbioux et</line>
<line>Corgnac sur Llsie;</line></par>
<par>
<line>Vu l'arrêté préfectoral du 23 juillet 2015 portant décision d'examen au cas par cas en</line>
<line>application de l'article R122-17 du code de l'environnement;</line></par>
<par>
<line>VU l'arrêté préfectoral du 12 septembre 2016 prescrivant l'enquête publique pour</line>
<line>rétablissement de ce plan;</line></par>
<par>
<line>VU le rapport de l'enquête publique à laquelle il a été procédé du mardi 4 octobre</line>
<line>2016 au vendredi 4 novembre 2016 et l'avis du commissaire enquêteur;</line></par>
<par>
<line>VU la délibération du conseil municipal de la commune de Sarliac sur Llsie;</line></par>
<par>
<line>VU le projet établi par le directeur départemental des territoires;</line></par>
</text>
<text>
<par>
<line>SUR proposition du secrétaire général de la préfecture de Dordogne;</line></par>
</text>
</block>
</page>
<page width="2479" height="3504" resolution="300">
<block><region><rect/></region>
<text>
<par>
<line>Arrête</line></par>
</text>
</block>
<block><region><rect/></region>
<text>
<par>
<line>Article 1 - Le plan de prévention du risque inondation de la commune de SARLIAC</line></par>
<par>
<line>SUR LISLE, rivières Isle amont et Auvézère, est approuvé.</line></par>
</text>
<text>
<par>
<line>Le dossier du plan de prévention du risque inondation annexé au présent arrêté</line>
<line>comprend:</line></par>
<par>
<line>' un rapport de présentation,</line></par>
<par>
<line>- un règlement</line></par>
<par>
<line>- un plan de zonage</line></par>
<par>
<line>- les cartes des hauteurs d’eau, vitesses, aléas et enjeux,</line></par>
<par>
<line>- et le bilan de la concertation.</line></par>
<par>
<line>Il est tenu à la disposition du public:</line></par>
<par>
<line>- à la mairie de la commune de Sarliac sur Llsle,</line></par>
<par>
<line>- à la préfecture (SIDPC),</line></par>
<par>
<line>- à la direction départementale des territoires à Périgueux (SEER- RDPF) et au</line>
<line>service territorial de la vallée de llsle à Saint-Astier.</line></par>
<par>
<line>Article 2 - Le plan de prévention du risque Inondation vaut servitude d'utilité</line>
<line>publique conformément à l'article L 562-4 du code de l'environnement.</line></par>
<par>
<line>Il sera annexé au plan local d'urbanisme de la commune, si celle-ci en est dotée,</line>
<line>conformément à l'article L 126-1 du code de l'urbanisme.</line></par>
<par>
<line>Article 3 - Le présent arrêté sera publié au recueil des actes administratifs des</line>
<line>services de l'Etat en Dordogne et mention en sera faite en caractères apparents dans</line>
<line>la presse par les soins de la DDT. Une copie de cet arrêté sera affichée dans la</line>
<line>mairie de la commune de Sarliac sur L'IsIe pendant un mois au minimum.</line></par>
<par>
<line>Article 4 - Toute personne ayant un intérêt à agir peut exercer un recours devant</line>
<line>le tribunal administratif compétent dans un délai de 2 mois à compter de la</line>
<line>publication de l'arrêté approuvant le PPR. Elle peut également saisir d'un recours</line>
<line>gracieux l'auteur de la décision ou saisir d'un recours hiérarchique le ministre de</line>
<line>l'environnement, de l'énergie et de la mer. Cette démarche prolonge le délai de</line>
<line>recours contentieux qui doit être introduit dans les 2 mois suivant la réponse</line>
<line>(l'absence de réponse au terme d'un délai de 2 mois vaut rejet implicite).</line></par>
<par>
<line>Article 5 - Une copie du présent arrêté sera adressée à M. le maire de la commune</line>
<line>de Sarliac sur L'IsIe par les soins du directeur départemental des territoires.</line></par>
</text>
<text>
<par>
<line>Article 6 - Le secrétaire général de la préfecture de Dordogne, le directeur</line></par>
<par>
<line>départemental des territoires, M. le maire de la commune de Sarliac sur L'IsIe sont</line></par>
<par>
<line>chargés, chacun en ce qui le concerne, de l'exécution du présent arrêté.</line></par>
</text>
</block>
<block><region><rect/></region>
<text>
<par>
<line>Périgueux, le 2 7 DP</line>
<line>La Préfète</line></par>
</text>
</block>





</page>
<page width="2563" height="3563" resolution="300">
<block><region><rect/></region>
<text>
<par>
<line>mm</line></par>
<par>
<line>Libtrté • Égalité • Fraterrnté</line></par>
<par>
<line>Répubuqije Française</line>
<line>PREFETE DE LA DORDOGNE</line></par>
</text>
</block>
<block><region><rect/></region>
<text>
<par>
<line>Direction départementale des territoires</line></par>
<par>
<line>SEER- ROPF</line></par>
<par>
<line>Cité administrative</line></par>
<par>
<line>24024 Périgueux œdex</line></par>
<par>
<line>Tél : 0553455606</line></par>
</text>
</block>
<block><region><rect/></region>
<text>
<par>
<line>Arrêté n®^„ la^é- ^^</line></par>
<par>
<line>portant approbation du plan de prévention du risque inondation</line>
<line>sur la commune de SAVIGNAC LES EGLISES</line>
<line>Rivières Isie amont et Auvézère</line></par>
</text>
</block>
<block><region><rect/></region>
<text>
<par>
<line>La Préfète de la Dordogne</line>
<line>Chevalier de l'Ordre National du Mérite</line></par>
</text>
</block>
<block><region><rect/></region>
<text>
<par>
<line>VU le code de l'environnement;</line></par>
<par>
<line>VU ia loi n°2003-699 du 30 juillet 2003 modifiée relative à la prévention des risques</line>
<line>naturels et ses décrets d'application:</line></par>
<par>
<line>VU la loi du 13 août 2004 modifiée relative à la modernisation de la sécurité civiie;</line></par>
<par>
<line>VU le décret n° 95-1089 du 5 octobre 1995 modifié relatif aux plans de prévention</line>
<line>des risques natureis prévisibles;</line></par>
<par>
<line>VU les arrêtés préfectoraux en date du 24 mars 2015 prescrivant le plan de</line>
<line>prévention du risque inondation sur douze communes riveraines de llsle amont et de</line>
<line>TAuvézère à savoir Bassillac, Escoire, Le Change, Antonne et Trigonant, Sarliac sur L'IsIe,</line>
<line>St-Vincent sur Llsle, Cubjac, Savignac Les Eglises, Mayac, Coulaures, St-Jory Lasbioux et</line>
<line>Corgnac sur L7sle;</line></par>
<par>
<line>Vu l'arrêté préfectoral du 23 juillet 2015 portant décision d'examen au cas par cas en</line>
<line>application de l'article R122-17 du code de l'environnement;</line></par>
<par>
<line>VU l'arrêté préfectoral du 12 septembre 2016 prescrivant l'enquête publique pour</line>
<line>rétablissement de ce plan;</line></par>
<par>
<line>VU le rapport de l'enquête publique à laquelle II a été procédé du mardi 4 octobre</line>
<line>2016 au vendredi 4 novembre 2016 et l'avis du commissaire enquêteur;</line></par>
<par>
<line>VU la délibération du conseil municipal de la commune de Savignac Les Eglises ;</line></par>
<par>
<line>VU le projet établi par le directeur départemental des territoires;</line></par>
</text>
<text>
<par>
<line>SUR proposition du secrétaire général de la préfecture de Dordogne;</line></par>
</text>
</block>

</page>
<page width="2489" height="3511" resolution="300">
<block><region><rect/></region>
<text>
<par>
<line>Arrête</line></par>
</text>
</block>
<block><region><rect/></region>
<text>
<par>
<line>Article 1 - Le plan de prévention du risque inondation de la commune de</line></par>
<par>
<line>SAVIGNAC LES EGLISES, rivières Isie amont et Auvézère, est approuvé.</line></par>
</text>
<text>
<par>
<line>Le dossier du plan de prévention du risque inondation annexé au présent arrêté</line>
<line>comprend:</line></par>
<par>
<line>- un rapport de présentation,</line></par>
<par>
<line>- un règlement</line></par>
<par>
<line>~ un plan de zonage</line></par>
<par>
<line>- les cartes des hauteurs d'eau, vitesses, aléas et enjeux,</line></par>
<par>
<line>- et le bilan de la concertation.</line></par>
<par>
<line>Il est tenu à la disposition du public:</line></par>
<par>
<line>- à la mairie de la commune de Savignac Les Eglises,</line></par>
<par>
<line>- à la préfecture (SIDPC),</line></par>
<par>
<line>- à la direction départementale des territoires à Périgueux (SEER- RDPF) et au</line>
<line>service territorial de la vallée de llsle à Saint-Astier.</line></par>
<par>
<line>Article 2 - Le plan de prévention du risque inondation vaut servitude d'utilité</line>
<line>publique conformément à l'article L 562-4 du code de l'environnement.</line></par>
<par>
<line>Il sera annexé au plan local d'urbanisme de la commune, si celle-ci en est dotée,</line>
<line>conformément à l'article L 126-1 du code de l'urbanisme.</line></par>
<par>
<line>Article 3 - Le présent arrêté sera publié au recueil des actes administratifë des</line>
<line>services de l'Etat en Dordogne et mention en sera faite en caractères apparents dans</line>
<line>la presse par les soins de la DDT. Une copie de cet arrêté sera affichée dans la</line>
<line>mairie de la commune de Savignac Les Eglises pendant un mois au minimum.</line></par>
<par>
<line>Article 4 - Toute personne ayant un intérêt à agir peut exercer un recours devant</line>
<line>le tribunal administratif compétent dans un délai de 2 mois à compter de la</line>
<line>publication de l'arrêté approuvant le PPR. Elle peut également saisir d'un recours</line>
<line>gracieux l'auteur de la décision ou saisir d'un recours hiérarchique le ministre de</line>
<line>l'environnement, de l'énergie et de la mer. Cette démarche prolonge le délai de</line>
<line>recours contentieux qui doit être introduit dans les 2 mois suivant la réponse</line>
<line>(l'absence de réponse au terme d'un délai de 2 mois vaut rejet implicite).</line></par>
<par>
<line>Article 5 - Une copie du présent arrêté sera adressée à Mme le maire de la</line>
<line>commune de Savignac Les Eglises par les soins du directeur départemental des</line>
<line>territoires.</line></par>
</text>
<text>
<par>
<line>Article 6 - Le secrétaire général de la préfecture de Dordogne, le directeur</line></par>
<par>
<line>départemental des territoires, Mme le maire de la commune de Savignac Les Eglises</line></par>
<par>
<line>sont chargés, chacun en ce qui le concerne, de l'exécution du présent arrêté.</line></par>
</text>
</block>
<block><region><rect/></region>
<text>
<par>
<line>Périgueux, le 2 7 DEC,</line></par>
</text>
</block>





</page>
</PM1>