<?xml version="1.0" encoding="UTF-8"?><PM1>
<page width="2538" height="3504" resolution="300">
<block><region><rect/></region>
<text>
<par>
<line>direction</line></par>
<par>
<line>départementale de</line>
<line>l’Équipement</line></par>
<par>
<line>Puy-de-Dôme</line></par>
<par>
<line>m</line></par>
<par>
<line>Service Sécurité Risque</line></par>
<par>
<line>Bureau Prévention des</line>
<line>Risques</line></par>
</text>
</block>
<block><region><rect/></region>
<text>
<par>
<line>7 nje Léo Lagrange</line>
<line>63033 Clermont-Fd Cedex</line>
<line>téléphone :</line></par>
<par>
<line>04 73 4316 00</line>
<line>télécopie :</line></par>
<par>
<line>04 73 34 37 47</line>
<line>mél. ;</line></par>
<par>
<line>DDE-Puy-de^lome</line></par>
<par>
<line>@equlpernenLgouv.fr</line></par>
</text>
</block>
<block><region><rect/></region>
<text>
<par>
<line>Liiffffé * ' Fraternité</line></par>
<par>
<line>RÉPUeuQUE française</line></par>
</text>
</block>
<block><region><rect/></region>
<text>
<par>
<line>PREFECTORE DU PUY-DE-DOME</line></par>
</text>
</block>
<block><region><rect/></region>
<text>
<par>
<line>ARRETE</line></par>
</text>
</block>
<block><region><rect/></region>
<text>
<par>
<line>PRËFicîÜR|W|ipÊ»-</line></par>
<par>
<line>07/02 1B 1</line></par>
</text>
</block>
<block><region><rect/></region>
<text>
<par>
<line>Préfectoral d’approbation du Plan de Prévention</line></par>
<par>
<line>des Risques Naturels Prévisibles,</line></par>
<par>
<line>- inondation - pour le bassin de l’AUZON</line>
<line>sur le territoire des communes de Chanonat, La Roche Blanche, Le Crest,</line>
<line>Orcet, Le Cendre et Cournon d’Auvergne</line></par>
</text>
</block>
<block><region><rect/></region>
<text>
<par>
<line>LE PRÉFET DE LA RÉGION AUVERGNE</line>
<line>PRÉFET DU PUY-DE-DOME</line>
<line>Oflflcier de la légion d’honneur</line>
<line>Commandeur de l’ordre national du mérite</line></par>
</text>
</block>
<block><region><rect/></region>
<text>
<par>
<line>Vu le Code de T Environnement et notamment ses articles L 562-1 à L 562-9,</line></par>
<par>
<line>Vu le décret n° 95-1089 du 5 octobre 1995 relatif aux Plans de Prévention des Risques</line>
<line>Naturels Prévisibles, modifié par le décret 2005-3 du 4 janvier 2005,</line></par>
<par>
<line>Vu l’arrêté préfectoral en date du 12 mars 1998, prescrivant le Plan de Prévention des</line>
<line>Risques Naturels -inondation - pour le bassin de l’Auzon sur le tenitoire des</line>
<line>communes de Chanonat, La Roche Blanche, Le Crest, Orcet, Le Cendre, Cournon</line>
<line>d’Auvergne</line></par>
<par>
<line>Vu l’Arrêté Préfectoral du 16 mars 2006 prescrivant une enquête publique sur le projet</line>
<line>de Plan de Prévention des Risques Naturels Prévisibles - inondation - pour le bassin'de</line>
<line>i’AUZON sur le territoire des communes de Chanonat, La Roche Blanche, Le Crest,</line>
<line>Orcet, Le Cendre et Cournon d’Auvergne,</line></par>
<par>
<line>Vu les résultats de l’enquête publique et notamment les conclusions du Commissaire-</line>
<line>Enquêteur en date du 21 juin 2006,</line></par>
<par>
<line>Vu la lettre du maire de Chanonat en date du 20 mai 2006,</line></par>
<par>
<line>Vu l’avis du Conseil Municipal de La Roche Blanche en date du 26 janvier 2006,</line></par>
<par>
<line>Vu l’avis du Conseil Municipal d’Orcet en date du 16 février 2006,</line></par>
<par>
<line>Vu l’avis du Conseil Municipal du Cendre en date du 09 mars 2006,</line></par>
<par>
<line>Vu Lavis du Conseil Municipal de Cournon d’Auvergne en date du 09 février 2006,</line></par>
<par>
<line>Vu l’avis du Conseil Général du Puy-de-Dôme du 5 février 2007,</line></par>
<par>
<line>Vu l’avis de la Chambre d’Agriculture du 31 janvier 2006,</line></par>
</text>
</block>














</page>
<page width="2538" height="3504" resolution="300">
<block><region><rect/></region>
<text>
<par>
<line>Vu Tavis du centre régional de la propriété forestière d’Auvergne du 31 janvier 2006,</line></par>
<par>
<line>Vu les modifications apportées au projet de plan pour tenir compte des remarques de</line>
<line>l’enquête publique.</line></par>
</text>
</block>
<block><region><rect/></region>
<text>
<par>
<line>ARRETE</line></par>
<par>
<line>ARTICLE 1^*^ : Le Plan de Prévention des Risques Naturels Prévisibles - inondation -,</line>
<line>pour le bassin de PAUZON sur le territoire des communes de Chanonat, La Roche</line>
<line>Blanche, Le Crest, Orcet, Le Cendre et Coumon d’Auvergne, est approuvé tel qu’il est</line>
<line>annexé au présent arrêté.</line></par>
<par>
<line>Le dossier est composé :</line></par>
<par>
<line>• 1/ note de présentation ;</line></par>
<par>
<line>■ 2/ règlement ;</line></par>
<par>
<line>■ 3/ Carte réglementaire</line></par>
<par>
<line>• Dossier Annexe :</line></par>
<par>
<line>O 4/ Carte des Aléas</line></par>
<par>
<line>O 5/ Eléments Hydrauliques Complémentaires.</line></par>
<par>
<line>ARTICLE 2 ; Le Plan de Prévention des Risques Naturels Prévisibles *</line></par>
<par>
<line>inondation - du bassin de PAuzon, approuvé, sera tenu à la disposition du public</line></par>
<par>
<line>en Préfecture et dans les mairies concernées.</line></par>
<par>
<line>ARTICLE 3 : Une copie du présent arrêté sera affichée dans les mairies des</line>
<line>communes concernées pendant un mois au minimum, accompagnée d’rme</line>
<line>mention des dispositions de l’article 2.</line></par>
<par>
<line>ARTICLE 4 : Mention du présent arrêté sera publiée au Registre des Actes</line>
<line>Administratifs de l’Etat dans le Département, ainsi que dans deux journaux</line>
<line>régionaux et locaux publiés dans le département, accompagnée d’une mention des</line>
<line>dispositions de l’article 2.</line></par>
<par>
<line>ARTICLE 5 : Le Pian de Prévention des Risques Naturels Prévisibles -</line></par>
<par>
<line>inondation- du bassin de PAuzon en tant que servitude d’uülité publique devra</line></par>
<par>
<line>figurer en annexe des Plans d’Occupation des Sols / Plan Locaux d’Urbanisme</line>
<line>des commîmes concernées dans les conditions prévues aux articles R 126-1, R</line>
<line>126-2 et R 123 - 14-1 du Code de l’Urbanisme.</line></par>
</text>
</block>
<block><region><rect/></region>
<text>
<par>
<line>ARTICLE 6 : Ampliation du présent arrêté sera adressée à :</line></par>
</text>
</block>
<block><region><rect/></region>
<text>
<par>
<line>' M. les Maires de Chanonat, La Roche Blanche, du Crest, d’Orcet, du Cendre et</line>
<line>de Coumon d’Auvergne,</line></par>
<par>
<line>- M. le Président du Conseil Général du Puy de dôme</line></par>
<par>
<line>- M. le Directeur Départemental de l’Equipement.</line></par>
</text>
</block>
<block><region><rect/><rect/></region>
<text>
<par>
<line>Fait à Clermont-Ferrand, IC]</line></par>
<par>
<line>Le</line></par>
</text>
</block>
<block><region><rect/></region>
<text>
<par>
<line>9 MAI 2007</line></par>
</text>
</block>
<block><region><rect/></region>
<text>
<par>
<line>éfet</line></par>
</text>
</block>
<block><region><rect/></region>
<text>
<par>
<line>SCHUITT</line></par>
</text>
</block>













</page>
<page width="2540" height="3510" resolution="300">
<block><region><rect/></region>
<text>
<par>
<line>Liberté • Égoiité * Frnurnité</line></par>
<par>
<line>RÉPUBLIQUE Française</line></par>
</text>
</block>
<block><region><rect/></region>
<text>
<par>
<line>PRÉFECTURE DU PUY-DE-DOME</line></par>
</text>
</block>
<block><region><rect/></region>
<text>
<par>
<line>PLAN DE PRÉVENTION</line>
<line>DES RISQUES NATURELS PREVISIBLES</line></par>
<par>
<line>INONDATION</line>
<line>DU BASSIN DE L’AUZON</line></par>
</text>
</block>
<block><region><rect/></region>
<text>
<par>
<line>0? /ons 1</line></par>
</text>
</block>
<block><region><rect/></region>
<text>
<par>
<line>Communes de</line></par>
</text>
</block>
<block><region><rect/></region>
<text>
<par>
<line>CHANONAT</line>
<line>LA ROCHE BLANCHE</line>
<line>LE CREST</line>
<line>ORCET</line>
<line>LE CENDRE</line></par>
<par>
<line>COURNON D’AUVERGNE</line></par>
</text>
</block>
<block><region><rect/></region>
<text>
<par>
<line>2/ RÈGLEMENT</line></par>
</text>
</block>
<block><region><rect/></region>
<text>
<par>
<line>Annexé à l’arrêté</line></par>
</text>
</block>
<block><region><rect/></region>
<text>
<par>
<line>Le préfet</line>
<line>p^minique SCHMITT</line></par>
</text>
</block>














<block blockType="Picture" blockName="" l="1248" t="302" r="1343" b="393"><region><rect/></region>
</block>
</page>
<page width="2479" height="3508" resolution="300">
<block><region><rect/></region>
<text>
<par>
<line>Plan de Prévention des Risques Naturels d'inondations (P.P.R.I.)</line></par>
<par>
<line>Bassin de l’Auzon</line></par>
</text>
</block>
<block><region><rect/></region>
<text>
<par>
<line>SOMMAIRE</line></par>
</text>
</block>
<block><region><rect/></region>
<text>
<par>
<line>TITRE I : PRESCRITIONS COMMUNES A TOUTES LES ZONES</line></par>
</text>
</block>
<block><region><rect/></region>
<text>
<par>
<line>TITRE II : PRESCRIPTIONS SPECIFIQUES A CHACUNE DES ZONES</line></par>
</text>
</block>
<block><region><rect/></region>
<text>
<par>
<line>TITRE III : MESURES DE PREVENTION DE PROTECTION ET DE</line>
<line>SAUVEGARDE DANS LES ZONES INONDABLES</line></par>
</text>
</block>
<block><region><rect/></region>
<text>
<par>
<line>22 février 2007</line></par>
<par>
<line>document approuvé</line></par>
</text>
</block>
<block><region><rect/></region>
<text>
<par>
<line>Règlement</line></par>
<par>
<line>-2/21-</line></par>
</text>
</block>

</page>
<page width="2479" height="3508" resolution="300">
<block><region><rect/></region>
<text>
<par>
<line>Plan de Prévention des Risques Naturels d'inondations (P.P.R.I.)</line></par>
<par>
<line>Bassin de l’Auzon</line></par>
</text>
</block>
<block><region><rect/></region>
<text>
<par>
<line>TITRE I</line></par>
<par>
<line>PRESCRIPTIONS COMMUNES A TOUTES LES ZONES</line></par>
</text>
</block>
<block><region><rect/></region>
<text>
<par>
<line>22 février 2007</line></par>
<par>
<line>document approuvé</line></par>
</text>
</block>
<block><region><rect/></region>
<text>
<par>
<line>Règlement</line></par>
<par>
<line>-3/21-</line></par>
</text>
</block>

</page>
<page width="2479" height="3508" resolution="300">
<block><region><rect/></region>
<text>
<par>
<line>Plan de Prévention des Risques Naturels d'inondations (P.P.R.I.)</line></par>
<par>
<line>Bassin de l’Auzon</line></par>
</text>
</block>
<block><region><rect/></region>
<text>
<par>
<line>TITRE I</line></par>
<par>
<line>PRESCRIPTIONS COMMUNES (C) À TOUTES LES ZONES</line></par>
<par>
<line>INONDABLES</line></par>
</text>
</block>
<block><region><rect/></region>
<text>
<par>
<line>Ces prescriptions s’appliquent aux constructions nouvelles et à l’occasion de toute évolution</line>
<line>des constructions existantes.</line></par>
</text>
</block>
<block><region><rect/></region>
<text>
<par>
<line>ARTICLE C - 1 - PRESCRIPTIONS RELATIVES À LA PRÉSERVATION DE LA</line>
<line>TRANSPARENCE HYDRAULIQUE ET À LA LIMITATION DES</line>
<line>ENTRAVES À L’ÉCOULEMENT</line></par>
</text>
</block>
<block><region><rect/></region>
<text>
<par>
<line>- Sur les terrains concernés par plusieurs zones présentant des risques d’inondation, les</line>
<line>constructions éventuellement autorisées seront implantées sur le secteur où l’aléa est le moins</line>
<line>élevé.</line></par>
<par>
<line>- Afin de favoriser la transparence hydraulique des bâtiments et limiter ainsi les entraves à</line>
<line>l’écoulement des crues :</line></par>
<par>
<line>- la plus grande longueur du bâtiment sera orientée dans le sens du courant ou à</line>
<line>défaut, parallèlement à l’axe du champ d’inondation.</line></par>
<par>
<line>- les constructions devront être alignées sur les bâtiments existants éventuellement à</line>
<line>proximité et ne pas constituer une saillie susceptible de faire obstacle ou de modifier le</line>
<line>régime d’écoulement des eaux.</line></par>
<par>
<line>- Les sous-sols sont interdits. Le terme « sous-sol » s’applique à tout ou partie de local implanté</line>
<line>sous le niveau du terrain naturel.</line></par>
<par>
<line>- Les clôtures pleines ( murs ou équivalents) sont interdites sauf si elles sont parallèles au sens du</line>
<line>courant principal et en front de rue. Dans les autres cas, des clôtures ajourées ou des clôtures</line>
<line>souples ( type trois fils ou grillage « maille lâche ») peuvent être autorisées.</line></par>
<par>
<line>- Les piscines enterrées et non couvertes peuvent être autorisées, sous réserve que les bâtiments</line>
<line>annexes à ces structures répondent aux prescriptions spécifiques à chaque zone réglementaire.</line></par>
<par>
<line>Afin de limiter le risque d’accident en période de crise (phénomène de trous d’eau), les emprises</line>
<line>des piscines seront matérialisées.</line></par>
<par>
<line>- Les exhaussements de terrain (remblais, digues...) sont interdits sauf ceux qui seraient de nature</line>
<line>à abaisser le risque collectif encouru par les constructions ou occupations du sol existantes, ou</line>
<line>ceux nécessaires pour la réalisation des constructions ou extensions autorisées. Dans ce cas, ces</line>
<line>travaux ne devront pas conduire à modifier les conditions d’écoulement des crues dans le sens</line>
<line>d’une augmentation du risque en amont, en aval ou sur la rive opposée.</line></par>
<par>
<line>La stabilité de ces remblais doit être assurée vis-à-vis d’une crue comparable à la crue de</line>
<line>référence ( cf. article C3-b).</line></par>
<par>
<line>En particulier, les parkings et les espaces verts ne devront pas être remblayés.</line></par>
<par>
<line>La mise hors d’eau des bâtiments se fera préférentiellement par vide sanitaire.</line></par>
<par>
<line>Rappel : Il est rappelé que dans le cas où les remblais atteindraient 400 m^, une étude hydraulique</line>
<line>devra être réalisée conformément aux articles L 214-1 et suivants du Code de l’Environnement</line>
<line>(rubrique 3.2.2.0 de la nomenclature annexée au décret 93 743 modifié) et validée par le service en</line></par>
</text>
</block>
<block><region><rect/></region>
<text>
<par>
<line>22 février 2007</line></par>
<par>
<line>document approuvé</line></par>
</text>
</block>
<block><region><rect/></region>
<text>
<par>
<line>Règlement</line></par>
<par>
<line>-4/21-</line></par>
</text>
</block>

</page>
<page width="2479" height="3508" resolution="300">
<block><region><rect/></region>
<text>
<par>
<line>Plan de Prévention des Risques Naturels d'inondations (P.P.R.I.)</line></par>
<par>
<line>Bassin de l’Auzon</line></par>
</text>
</block>
<block><region><rect/></region>
<text>
<par>
<line>charge de la police de l’eau. L’impact et les mesures compensatoires seront définis sur la base</line>
<line>d’une étude hydraulique, validée par le service en charge de la police de l’eau.</line></par>
</text>
</block>
<block><region><rect/></region>
<text>
<par>
<line>- Les excavations de sol sont interdites sauf celles réalisées dans le cadre d’un projet</line>
<line>d’aménagement visant à abaisser le risque en amont, en aval ou sur la rive opposée et feront si</line>
<line>besoin est, l’objet de mesures compensatoires.</line></par>
<par>
<line>L’impact et les mesures compensatoires seront définis sur la base d’une étude hydraulique,</line>
<line>validée par le service en charge de la police de l’eau.</line></par>
<par>
<line>- Tout stockage et dépôt de toute nature, notamment de matière ou produits polluants et/ou</line>
<line>sensibles à l’humidité, d’objets flottants, est interdit sauf s’il est :</line></par>
<par>
<line>- soit réalisé dans un conteneur étanche dont toutes les ouvertures sont étanches, arrimé</line>
<line>et lesté de façon à résister à la pression d’eau et notamment ne pas être entraîné lors</line>
<line>d’une crue,</line></par>
<par>
<line>- soit implanté au-dessus de la cote de mise hors d’eau et s’il n’est pas susceptible de</line>
<line>constituer un obstacle à l’écoulement des crues.</line></par>
<par>
<line>- Les citernes de toute nature ou cuves à mazout, à gaz, devront être installées selon les</line>
<line>recommandations figurant à l’article P 2.</line></par>
<par>
<line>- Les biens non sensibles mais déplaçables, susceptibles de créer des embâcles ( tels que le</line>
<line>mobilier urbain), devront être scellés et ancrés afin d’éviter tout risque d’entraînement et</line>
<line>dégradations diverses et ne pas constituer un obstacle notable à l’écoulement des eaux.</line></par>
</text>
</block>
<block><region><rect/></region>
<text>
<par>
<line>ARTICLE C - 2 - PRESCRIPTIONS RELATIVES AUX POSSIBILITÉS D’ACCÈS,</line>
<line>AUX RÉSEAUX ET À LA LIMITATION DES DOMMAGES AUX</line>
<line>RÉSEAUX</line></par>
</text>
</block>
<block><region><rect/></region>
<text>
<par>
<line>- Sous réserve de la mesure des incidences hydrauliques potentielles liées à la réalisation de</line>
<line>remblais en zone inondable, la mise en sécurité des personnes peut localement exiger de</line>
<line>privilégier certains accès par voie terrestre - si possible « à sec » pour les implantations nouvelles.</line>
<line>Ces accès devront permettre l’évacuation des personnes de façon autonome ou avec l’aide des</line>
<line>secours. Ils doivent donc être aisément praticables, permanents, et en nombre suffisant</line></par>
<par>
<line>(voir article P 2).</line></par>
<par>
<line>- Les coffrets d’alimentation électrique et les chaudières individuelles ou collectives devront</line>
<line>être positionnés au-dessus de la cote de mise hors d’eau.</line></par>
<par>
<line>Il en est de même pour les appareils électroménagers, électroniques et micromécaniques</line></par>
<par>
<line>vulnérables à l’eau et difficilement déplaçables. Le tableau de distribution électrique doit être conçu</line>
<line>de façon à pouvoir interrompre facilement l’électricité dans tout le niveau inondable, sans la couper</line>
<line>dans les niveaux supérieurs.</line></par>
</text>
</block>
<block><region><rect/></region>
<text>
<par>
<line>L’éclairage des allées et les câbles externes d’alimentation en électricité doivent être étanches et</line>
<line>conçus pour être submersibles.</line></par>
</text>
</block>
<block><region><rect/></region>
<text>
<par>
<line>22 février 2007</line></par>
<par>
<line>document approuvé</line></par>
</text>
</block>
<block><region><rect/></region>
<text>
<par>
<line>Règlement</line></par>
<par>
<line>-5/21-</line></par>
</text>
</block>

</page>
<page width="2479" height="3508" resolution="300">
<block><region><rect/></region>
<text>
<par>
<line>Plan de Prévention des Risques Naturels d'inondations (P.P.R.I.)</line></par>
<par>
<line>Bassin de l’Auzon</line></par>
</text>
</block>
<block><region><rect/></region>
<text>
<par>
<line>ARTICLE C - 3 - PRESCRIPTIONS CONCERNANT LES CONSTRUCTIONS</line>
<line>AUTORISÉES</line></par>
<par>
<line>a)Implantation</line></par>
<par>
<line>La Cote de mise hors d’eau (CMHE) est définie comme la cote du terrain naturel (TN) au point</line>
<line>le plus haut sous l’emprise du projet à laquelle est ajoutée une hauteur correspondant à l’aléa pris</line>
<line>en compte pour la parcelle concernée.</line></par>
<par>
<line>Soit :</line></par>
<par>
<line>en zone rouge foncé, rouge clair (secteur 1) CMHE = TN + 2m</line></par>
<par>
<line>en zone bleue foncé ( secteurs a et b), rouge clair (secteur 2) CMHE = TN +1m</line></par>
</text>
</block>
<block><region><rect/></region>
<text>
<par>
<line>Les planchers habitables ou fonctionnels des constructions éventuellement autorisées devront</line>
<line>être implantés à au moins 0.20 m au-dessus de la cote de Mise Hors d’eau (CMHE).</line></par>
<par>
<line>b)Construction</line></par>
<par>
<line>Les constructeurs devront prendre toutes les mesures constructives nécessaires pour que</line>
<line>les bâtiments et constructions résistent aux pressions d’une crue comparable à la crue de référence,</line>
<line>ainsi qu’à des tassements ou érosions localisés.</line></par>
<par>
<line>Ces mesures devront notamment assurer :</line></par>
<par>
<line>- la résistance des planchers ou radiers d’ouvrages aux sous - pressions .</line></par>
<par>
<line>Pourront être retenus à cet effet :</line></par>
<par>
<line>- clapets de sous pression,</line></par>
<par>
<line>- lestage d’ouvrages,</line></par>
<par>
<line>- armatures de radier,</line></par>
<par>
<line>- cuvelage extérieur par membrane étanche</line></par>
<par>
<line>- pompage en sous-sol.</line></par>
<par>
<line>- la résistance des murs aux pressions hydrostatiques (hauteur d’eau maximum</line></par>
<par>
<line>supportable),</line></par>
<par>
<line>- la résistance des murs aux chocs (charriage notamment en cas de crues</line>
<line>torrentielles ou de ruissellement urbain),</line></par>
</text>
</block>
<block><region><rect/></region>
<text>
<par>
<line>- la résistance des remblais aux affouillements, tassements différentiels</line></par>
<par>
<line>ou érosion :</line></par>
<par>
<line>Peuvent être retenus à cet effet :</line></par>
<par>
<line>- protections des talus,</line></par>
<par>
<line>- mise en place de matériaux filtrants,</line></par>
<par>
<line>- drainage et pompage.</line></par>
</text>
</block>
<block><region><rect/></region>
<text>
<par>
<line>22 février 2007</line></par>
<par>
<line>document approuvé</line></par>
</text>
</block>
<block><region><rect/></region>
<text>
<par>
<line>Règlement</line></par>
<par>
<line>-6/21-</line></par>
</text>
</block>






</page>
<page width="2479" height="3508" resolution="300">
<block><region><rect/></region>
<text>
<par>
<line>Plan de Prévention des Risques Naturels d'inondations (P.P.R.I.)</line></par>
<par>
<line>Bassin de l’Auzon</line></par>
</text>
</block>
<block><region><rect/></region>
<text>
<par>
<line>- la résistance des fondations aux contraintes hydrauliques :</line></par>
<par>
<line>Peuvent être retenus à cet effet</line></par>
<par>
<line>- fondations sur pieux ou puits, notamment en cas de sous-sol</line>
<line>peu compact,</line></par>
<par>
<line>- liaisons d’ancrage entre les fondations et les murs,</line></par>
<par>
<line>- bâtiments sur pilotis avec maintien permanent de la</line>
<line>transparence hydraulique sous le bâtiment,</line></par>
<par>
<line>- vide sanitaire étanche, aéré, vidangeable et non</line>
<line>transformable,</line></par>
<par>
<line>- drainage périphérique et/ou système d’épuisement maintenu</line>
<line>en état de marche.</line></par>
</text>
</block>
<block><region><rect/></region>
<text>
<par>
<line>- la résistance du gros œuvre aux contraintes hydrauliques</line></par>
<par>
<line>Peuvent être retenus à cet effet :</line></par>
<par>
<line>- chaînage vertical et horizontal de la structure pour résister</line>
<line>aux tassements différentiels, notamment pour les sols</line>
<line>gonflants ou affouillables,</line></par>
<par>
<line>- arase étanche ou injection de produits hydrofuges dans</line>
<line>l’ensemble des murs au-dessus de la cote de référence afin</line>
<line>de limiter les remontées capillaires dans les murs,</line></par>
<par>
<line>- utilisation de matériaux de construction putrescibles et non</line>
<line>corrodables sous la cote de référence pour éviter leur</line>
<line>dégradation progressive,</line></par>
<par>
<line>- étanchéification des murs extérieurs : choix d’une structure</line>
<line>non sensible à l’eau et résistante, application d’enduits,</line>
<line>traitement de joints, traitement de surface imperméabilisant.</line></par>
</text>
</block>
<block><region><rect/></region>
<text>
<par>
<line>ARTICLE C - 4 - PRESCRIPTIONS RELATIVES À L’AMÉNAGEMENT</line>
<line>INTÉRIEUR DU BÂTI</line></par>
<par>
<line>a) Les constructeurs devront prendre en compte l’aléa inondation et le risque lié à celui-ci dans</line>
<line>l’agencement des locaux (stockage, dispositions des équipements vitaux, branchements</line>
<line>électriques...) tant pour ce qui concerne des constructions nouvelles éventuellement autorisées que</line>
<line>des aménagements ou des travaux relatifs à des constructions existantes.</line></par>
<par>
<line>b) Des zones de refuge pourront être aménagées dans des bâtiments eux-mêmes susceptibles</line>
<line>d’offrir une résistance (voir recommandations Titre III, article P 2).</line></par>
</text>
</block>
<block><region><rect/></region>
<text>
<par>
<line>22 février 2007</line></par>
<par>
<line>document approuvé</line></par>
</text>
</block>
<block><region><rect/></region>
<text>
<par>
<line>Règlement</line></par>
<par>
<line>-7/21-</line></par>
</text>
</block>



</page>
<page width="2479" height="3508" resolution="300">
<block><region><rect/></region>
<text>
<par>
<line>Plan de Prévention des Risques Naturels d'inondations (P.P.R.I.)</line></par>
<par>
<line>Bassin de l’Auzon</line></par>
</text>
</block>
<block><region><rect/></region>
<text>
<par>
<line>ARTICLE C - 5 - PRESCRIPTIONS PARTICULIÈRES CONCERNANT</line></par>
<par>
<line>CERTAINES OCCUPATIONS ET UTILISATIONS DU SOL</line></par>
</text>
</block>
<block><region><rect/></region>
<text>
<par>
<line>a) équipements collectifs</line></par>
</text>
</block>
<block><region><rect/></region>
<text>
<par>
<line>De manière générale et quel que soit le niveau d’aléa considéré, toute activité</line>
<line>destinée à accueillir de manière collective des PERSONNES SENSIBLES au risque</line>
<line>inondation, est interdite.</line></par>
</text>
</block>
<block><region><rect/></region>
<text>
<par>
<line>Dans toutes les zones sont interdites les constructions nouvelles à usage d’établissements</line>
<line>collectifs :</line></par>
</text>
</block>
<block><region><rect/></region>
<text>
<par>
<line>- destinés à accueillir de manière collective des personnes sensibles au</line>
<line>risque inondation,</line></par>
<par>
<line>- ou présentant un intérêt primordial dans la gestion de la crise en cas</line>
<line>de survenance d’un événement du même type que l’événement de</line>
<line>référence.</line></par>
<par>
<line>Sont interdites à ce titre les constructions suivantes :</line></par>
<par>
<line>- garderies d’enfants, centres aérés et colonies de vacances, écoles maternelles, écoles</line>
<line>primaires,</line></par>
<par>
<line>- collèges et lycées avec ou sans internats,</line></par>
<par>
<line>- hôpitaux et cliniques, établissements de convalescence, établissements pour</line>
<line>handicapés, maisons de retraite et foyers logements pour personnes âgées,</line></par>
<par>
<line>- casernements de pompiers et de gendarmerie, commissariats de police, centres de</line>
<line>secours(SAMU / CODIS), parcs DDE, centres d’exploitation et d’intervention routière et</line>
<line>services techniques des collectivités, centraux de télécommunications, poste de</line>
<line>distribution d’EDF, de GDF, centres postaux, bâtiments et casernements relevant de</line>
<line>la défense nationale, équipements de superstructure liés à l’alimentation en eau</line>
<line>potable,</line></par>
<par>
<line>- salles polyvalentes et de spectacles, discothèques.</line></par>
</text>
</block>
<block><region><rect/></region>
<text>
<par>
<line>b) Zones de stationnement collectif de véhicules autorisées :</line></par>
<par>
<line>Les mesures prises pour leur exploitation devront garantir une occupation non permanente ou</line>
<line>une évacuation rapide et une possibilité de mise en sécurité ( zone refuge ou dispositif</line>
<line>d’évacuation rapide). Par ailleurs elles ne devront pas faire obstacle à l’écoulement des eaux et</line>
<line>donc présenter de par leur conception une vulnérabilité limitée (pas de remblaiement sauf zone</line>
<line>refuge éventuelle, respect de prescriptions liées aux clôtures, dispositif anti-embâcles ....).</line></par>
<par>
<line>Des panneaux seront alors apposés sur les lieux pour informer les usagers du risque potentiel</line>
<line>d’inondation.</line></par>
</text>
</block>
<block><region><rect/></region>
<text>
<par>
<line>22 février 2007</line></par>
<par>
<line>document approuvé</line></par>
</text>
</block>
<block><region><rect/></region>
<text>
<par>
<line>Règlement</line></par>
<par>
<line>-8/21-</line></par>
</text>
</block>

</page>
<page width="2479" height="3508" resolution="300">
<block><region><rect/></region>
<text>
<par>
<line>Plan de Prévention des Risques Naturels d'inondations (P.P.R.I.)</line></par>
<par>
<line>Bassin de l’Auzon</line></par>
</text>
</block>
<block><region><rect/></region>
<text>
<par>
<line>c) Constructions, ouvrages et installations techniques nécessaires au fonctionnement des</line>
<line>services publics, des réseaux ou à la mise en valeur des ressources naturelles.</line></par>
<par>
<line>Elles sont autorisées sous réserve :</line></par>
<par>
<line>- de l’impossibilité de solution alternative d’implantation en dehors des zones d’aléa,</line></par>
<par>
<line>- du respect des prescriptions de l’article C2.</line></par>
<par>
<line>d) I nfrastructures de transport :</line></par>
<par>
<line>Elles sont autorisées dès lors :</line></par>
<par>
<line>- que la finalité de l’opération rend impossible toute implantation hors zone inondable,</line></par>
<par>
<line>- que le parti retenu (gabarit, tracé en plan, profils en long et en travers, ouvrages</line>
<line>hydrauliques) parmi les différentes solutions, représente le meilleur compromis technique,</line>
<line>économique et environnemental.</line></par>
</text>
</block>
<block><region><rect/></region>
<text>
<par>
<line>Il est impératif à cet égard :</line></par>
<par>
<line>- d’éviter le franchissement en remblai dans le champ d’inondation,</line></par>
<par>
<line>- de limiter l’emprise des ouvrages dans les zones d’expansion des crues afin d’en</line>
<line>préserver la capacité de stockage,</line></par>
<par>
<line>- de prendre toutes les mesures de limitation du risque économiquement</line>
<line>envisageables.</line></par>
<par>
<line>Ces travaux ne devront pas conduire à une augmentation du risque en amont ou en aval et</line>
<line>feront si besoin est l’objet de mesures compensatoires.</line></par>
<par>
<line>L’impact du projet et les mesures compensatoires seront définies sur la base d’une étude</line>
<line>hydraulique détaillée qui devra avoir fait l’objet d’une validation par le Service de Police de</line>
<line>l’eau compétent et éventuellement d’une procédure conforme aux articles L 214-1 et suivants</line>
<line>du Code de l’Environnement.</line></par>
</text>
</block>
<block><region><rect/></region>
<text>
<par>
<line>22 février 2007</line></par>
<par>
<line>document approuvé</line></par>
</text>
</block>
<block><region><rect/></region>
<text>
<par>
<line>Règlement</line></par>
<par>
<line>-9/21-</line></par>
</text>
</block>

</page>
<page width="2479" height="3508" resolution="300">
<block><region><rect/></region>
<text>
<par>
<line>Plan de Prévention des Risques Naturels d'inondations (P.P.R.I.)</line></par>
<par>
<line>Bassin de l’Auzon</line></par>
</text>
</block>
<block><region><rect/></region>
<text>
<par>
<line>TITRE II</line></par>
<par>
<line>PRESCRIPTIONS SPECIFIQUES A CHACUNE DES ZONES</line></par>
</text>
</block>
<block><region><rect/></region>
<text>
<par>
<line>22 février 2007</line></par>
<par>
<line>document approuvé</line></par>
</text>
</block>
<block><region><rect/></region>
<text>
<par>
<line>Règlement</line></par>
<par>
<line>-10/21-</line></par>
</text>
</block>

</page>
<page width="2479" height="3508" resolution="300">
<block><region><rect/></region>
<text>
<par>
<line>Plan de Prévention des Risques Naturels d'inondations (P.P.R.I.)</line></par>
<par>
<line>Bassin de l’Auzon</line></par>
</text>
</block>
<block><region><rect/></region>
<text>
<par>
<line>CHAPITRE I : PRESCRIPTIONS SPECIFIQUES A LA ZONE ROUGE</line></par>
<par>
<line>FONCE ( zone urbaine exposée à un aléa fort) - ZRF</line></par>
</text>
<text>
<par>
<line>Sur cette zone, le principe général est l’interdiction de toute construction nouvelle.</line></par>
<par>
<line>Pour le bâti existant, toute évolution aura pour objectif d’améliorer la situation actuelle :</line></par>
<par>
<line>- mise en sécurité des personnes,</line></par>
<par>
<line>- non-augmentation de la capacité d’accueil actuelle (vulnérabilité indirecte),</line></par>
<par>
<line>- non-augmentation du coût économique des dégâts.</line></par>
<par>
<line>Article ZRF - 1 - Sont interdits :</line></par>
</text>
</block>
<block><region><rect/></region>
<text>
<par>
<line>Tous travaux, utilisations ou occupations du sol à l’exception de ceux mentionnés à l’article 2 et</line>
<line>notamment :</line></par>
<par>
<line>- les constructions nouvelles,</line></par>
<par>
<line>- la reconstruction faisant suite à la démolition consécutive à une inondation. À</line>
<line>l’exception des bâtiments recevant du public ou des personnes sensibles pour lesquels</line>
<line>la reconstruction est interdite quelle que soit la cause du sinistre.</line></par>
<par>
<line>- les aires de stationnement,</line></par>
<par>
<line>- les campings et aires d’accueil des gens du voyage.</line></par>
<par>
<line>Article ZRF- 2 - Sont autorisées sous conditions et sous réserve des</line></par>
<par>
<line>prescriptions énoncées dans le Titre I :</line></par>
<par>
<line>- l’extension au sol limitée à 10 m^ hors œuvre des constructions existantes pour les annexes,</line>
<line>locaux sanitaires et techniques,</line></par>
<par>
<line>- la reconstruction, autre que celle visée à l’article I-1 assurant la sécurité des personnes,</line></par>
<par>
<line>- l’extension par surélévation des bâtiments, limitée à 25 m^ ou 20% de la surface hors œuvre nette</line>
<line>(SHON), à condition de ne pas augmenter la capacité d’accueil ou le nombre de logement et sous</line>
<line>réserve d’assurer la mise en sécurité,</line></par>
<par>
<line>- les travaux nécessaires au changement de destination, l’aménagement et la réhabilitation dans</line>
<line>l’emprise au sol initial, des constructions existantes ne créant pas de nouveau logement ou</line>
<line>n’augmentant pas la capacité d’accueil et sous réserve d’assurer la mise en sécurité des personnes,</line></par>
<par>
<line>- les travaux d’entretien et de gestion courants des bâtiments existants (notamment les</line>
<line>aménagements internes, les traitements de façade et la réfection des toitures...),</line></par>
<par>
<line>- l’adaptation ou la réfection pour la mise hors d’eau des personnes, des biens et activités (ex :</line>
<line>accès à l‘étage ou au toit, rehaussement du premier niveau utile ....),</line></par>
<par>
<line>- les travaux nécessaires à la mise aux normes - notamment pour satisfaire aux règles de sécurité,</line>
<line>d’hygiène et de santé - d’installations classées, d’établissements existants recevant du public, voire</line>
<line>d’habitation,</line></par>
<par>
<line>- les constructions et installations techniques nécessaires au fonctionnement des services publics et</line>
<line>qui ne peuvent être implantées en d’autres lieux,</line></par>
<par>
<line>- les clôtures,</line></par>
<par>
<line>- la construction et l’aménagement d’accès de sécurité extérieurs en limitant l’impact de</line></par>
<par>
<line>l’écoulement (ex : plate-forme, voirie, escaliers, passages hors d’eau.),</line></par>
<par>
<line>- les aires de loisirs sous réserve d’assurer la mise en sécurité.</line></par>
</text>
</block>
<block><region><rect/></region>
<text>
<par>
<line>22 février 2007</line></par>
<par>
<line>document approuvé</line></par>
</text>
</block>
<block><region><rect/></region>
<text>
<par>
<line>Règlement</line></par>
<par>
<line>-11/21-</line></par>
</text>
</block>





</page>
<page width="2479" height="3508" resolution="300">
<block><region><rect/></region>
<text>
<par>
<line>Plan de Prévention des Risques Naturels d'inondations (P.P.R.I.)</line></par>
<par>
<line>Bassin de l’Auzon</line></par>
</text>
</block>
<block><region><rect/></region>
<text>
<par>
<line>CHAPITRE II : PRESCRIPTIONS SPECIFIQUES A LA ZONE BLEUE</line></par>
<par>
<line>FONCE (zone urbaine exposée à un aléa moyen) - ZBF</line></par>
</text>
<text>
<par>
<line>Sur cette zone, certaines constructions dont les caractéristiques prennent en compte le risque</line>
<line>peuvent être autorisées.</line></par>
<par>
<line>Elle se compose de deux secteurs :</line></par>
<par>
<line>- le secteur ZBFa (centre urbain exposé à un aléa moyen),</line></par>
<par>
<line>- le secteur ZBFb (autre zone urbaine exposée à un aléa moyen).</line></par>
</text>
</block>
<block><region><rect/></region>
<text>
<par>
<line>Pour le bâti existant, toute évolution aura pour objectif d’améliorer la situation actuelle :</line></par>
<par>
<line>- mise en sécurité des personnes,</line></par>
<par>
<line>- augmentation limitée de la capacité d’accueil,</line></par>
<par>
<line>- non-augmentation du coût économique des dégâts.</line></par>
<par>
<line>Article ZBF - 1 - Sont interdits :</line></par>
</text>
</block>
<block><region><rect/></region>
<text>
<par>
<line>Tous travaux, utilisations ou occupations du sol à l’exception de ceux mentionnés à l’article 2 et</line>
<line>notamment :</line></par>
<par>
<line>- les constructions nouvelles destinées à accueillir :</line></par>
<par>
<line>- des personnes sensibles,</line></par>
<par>
<line>- des services présentant un intérêt primordial dans la gestion de crise,</line></par>
<par>
<line>- des activités stockant ou produisant des matières polluantes ou dangereuses</line>
<line>en cas d’inondation,</line></par>
<par>
<line>- les campings et aires d’accueil des gens du voyage,</line></par>
<par>
<line>- la reconstruction faisant suite à la démolition consécutive à une inondation.</line></par>
<par>
<line>Article ZBF - 2 - Sont autorisées sous conditions et sous réserve des</line></par>
<par>
<line>prescriptions énoncées dans le Titre I :</line></par>
</text>
</block>
<block><region><rect/></region>
<text>
<par>
<line>Dans le secteur ZBFa</line></par>
</text>
</block>
<block><region><rect/></region>
<text>
<par>
<line>- les constructions nouvelles, avec une emprise au sol limitée à 25% de la surface du terrain</line>
<line>concerné par le zonage ZBFa. En cas de détachement d’une propriété bâtie d’une plus grande unité</line>
<line>foncière, l’emprise au sol du bâtiment existant devra représenter au plus 25% de la surface du</line>
<line>terrain détaché,</line></par>
<par>
<line>- l’extension au sol des constructions existantes à la date d’approbation du PPRi, l’emprise au sol ne</line>
<line>devant pas excéder au total 25% de la surface du terrain concerné par le zonage ZBFa.</line></par>
</text>
</block>
<block><region><rect/></region>
<text>
<par>
<line>Dans le secteur ZBFb</line></par>
</text>
</block>
<block><region><rect/></region>
<text>
<par>
<line>- les constructions nouvelles, avec une emprise au sol limitée à 10% de la surface du terrain</line>
<line>concerné par le zonage ZBFb. En cas de détachement d’une propriété bâtie d’une plus grande unité</line>
<line>foncière, l’emprise au sol du bâtiment existant devra représenter au plus 10% de la surface du</line>
<line>terrain détaché,</line></par>
<par>
<line>- l’extension des constructions existantes à la date d’approbation du PPRi, dans la limite d’une</line>
<line>emprise au sol de 20 m^ ou de 17% de la surface du terrain concerné par la zone ZBFb.</line></par>
</text>
</block>
<block><region><rect/></region>
<text>
<par>
<line>22 février 2007</line></par>
<par>
<line>document approuvé</line></par>
</text>
</block>
<block><region><rect/></region>
<text>
<par>
<line>Règlement</line></par>
<par>
<line>-12/21-</line></par>
</text>
</block>






</page>
<page width="2479" height="3508" resolution="300">
<block><region><rect/></region>
<text>
<par>
<line>Plan de Prévention des Risques Naturels d'inondations (P.P.R.I.)</line></par>
<par>
<line>Bassin de l’Auzon</line></par>
</text>
</block>
<block><region><rect/></region>
<text>
<par>
<line>Dans les deux secteurs</line></par>
<par>
<line>- l’extension par surélévation,</line></par>
<par>
<line>- la reconstruction, autre que celle visée à l’article II 1 assurant la sécurité des personnes,</line></par>
<par>
<line>- les travaux nécessaires au changement de destination, l’aménagement et la réhabilitation de</line>
<line>bâtiments existants sous réserve d’assurer la mise en sécurité des personnes,</line></par>
<par>
<line>- les travaux d’entretien et de gestion courants des bâtiments existants, (notamment les</line>
<line>aménagements internes, les traitements de façade et la réfection des toitures...),</line></par>
<par>
<line>- l’adaptation ou la réfection pour la mise hors d’eau des personnes, des biens et activités (ex :</line>
<line>accès à l ‘étage ou au toit, rehaussement du premier niveau utile ....),</line></par>
<par>
<line>- les travaux nécessaires à la mise aux normes - notamment pour satisfaire aux règles de sécurité,</line>
<line>hygiène et santé - d’installations classées, d’établissements existants recevant du public,</line></par>
<par>
<line>- les constructions et installations techniques nécessaires au fonctionnement des services publics et</line>
<line>qui ne peuvent être implantées en d’autres lieux,</line></par>
<par>
<line>- les clôtures,</line></par>
<par>
<line>- la construction et l’aménagement d’accès de sécurité extérieurs en limitant l’encombrement de</line></par>
<par>
<line>l’écoulement (ex : plate-forme, voirie, escaliers, passages hors d’eau.),</line></par>
<par>
<line>- les aires de stationnement sous réserve d’assurer la mise en sécurité,</line></par>
<par>
<line>- les aires de loisirs sous réserve d’assurer la mise en sécurité.</line></par>
</text>
</block>
<block><region><rect/></region>
<text>
<par>
<line>22 février 2007</line></par>
<par>
<line>document approuvé</line></par>
</text>
</block>
<block><region><rect/></region>
<text>
<par>
<line>Règlement</line></par>
<par>
<line>-13/21-</line></par>
</text>
</block>



</page>
<page width="2479" height="3508" resolution="300">
<block><region><rect/></region>
<text>
<par>
<line>Plan de Prévention des Risques Naturels d'inondations (P.P.R.I.)</line></par>
<par>
<line>Bassin de l’Auzon</line></par>
</text>
</block>
<block><region><rect/></region>
<text>
<par>
<line>CHAPITRE III : PRESCRIPTIONS SPECIFIQUES A LA ZONE ROUGE</line></par>
<par>
<line>CLAIR (zone d’expansion des crues et zones non urbaines) - ZRC</line></par>
</text>
<text>
<par>
<line>Le principe est la préservation du champ d’inondation.</line></par>
<par>
<line>Le secteur 1 correspond à un aléa fort, le secteur 2 à un aléa moyen.</line></par>
<par>
<line>Article ZRC - 1 - Sont interdits :</line></par>
</text>
</block>
<block><region><rect/></region>
<text>
<par>
<line>• Dans les secteurs 1 et 2</line></par>
<par>
<line>Tous travaux, utilisations ou occupations du sol à l’exception de ceux mentionnés à l’article 2 et</line>
<line>notamment :</line></par>
<par>
<line>- les constructions nouvelles,</line></par>
<par>
<line>- la reconstruction faisant suite à la démolition consécutive à une inondation. À l’exception</line>
<line>des bâtiments recevant du public ou des personnes sensibles pour lesquels la</line>
<line>reconstruction est interdite quelle que soit la cause du sinistre dans le secteur 1.</line></par>
<par>
<line>- les campings et aires d’accueil des gens du voyage,</line></par>
<par>
<line>- les aires de stationnement.</line></par>
</text>
</block>
<block><region><rect/></region>
<text>
<par>
<line>Article ZRC - 2 - Sont autorisées sous conditions et sous réserve des</line></par>
<par>
<line>prescriptions énoncées dans le Titre I :</line></par>
<par>
<line>• Dans les secteurs 1 et 2</line></par>
<par>
<line>- la reconstruction, autre que celle visée à l’article III 1 assurant la sécurité des personnes,</line></par>
<par>
<line>- les abris pour animaux fermés sur 3 côtés au maximum et d’une surface ne pouvant excéder 25m2</line>
<line>sur un terrain d’au moins 5000 m^,</line></par>
<par>
<line>- les abris de jardin d’une superficie de 7 m^ sur des superficies de terrain d’au moins 150 m^,</line></par>
<par>
<line>- les travaux d’entretien et de gestion courants des bâtiments existants (notamment les</line>
<line>aménagements internes, les traitements de façade et la réfection des toitures...),</line></par>
<par>
<line>- l’adaptation ou la réfection pour la mise hors d’eau des personnes, des biens et activités (ex :</line>
<line>accès à l‘étage ou au toit, rehaussement du premier niveau utile ....),</line></par>
<par>
<line>- les travaux nécessaires à la mise aux normes - notamment pour satisfaire aux règles de sécurité,</line>
<line>d’hygiène et de santé - d’installations classées, d’établissements existants recevant du public, voire</line>
<line>d’habitation,</line></par>
<par>
<line>- les constructions et installations techniques nécessaires au fonctionnement des services publics et</line>
<line>qui ne peuvent être implantées en d’autres lieux,</line></par>
<par>
<line>- les clôtures,</line></par>
<par>
<line>- la construction et l’aménagement d’accès de sécurité extérieurs en limitant l’impact de</line></par>
<par>
<line>l’écoulement ( ex : plate-forme, voirie, escaliers, passages hors d’eau.),</line></par>
<par>
<line>- les aires de loisirs sous réserve d’assurer la mise en sécurité.</line></par>
</text>
</block>
<block><region><rect/></region>
<text>
<par>
<line>22 février 2007</line></par>
<par>
<line>document approuvé</line></par>
</text>
</block>
<block><region><rect/></region>
<text>
<par>
<line>Règlement</line></par>
<par>
<line>-14/21-</line></par>
</text>
</block>





</page>
<page width="2479" height="3508" resolution="300">
<block><region><rect/></region>
<text>
<par>
<line>Plan de Prévention des Risques Naturels d'inondations (P.P.R.I.)</line></par>
<par>
<line>Bassin de l’Auzon</line></par>
</text>
</block>
<block><region><rect/></region>
<text>
<par>
<line>• Dans le secteur 1</line></par>
<par>
<line>- l’extension au sol limitée à 10 hors œuvre des constructions existantes pour les annexes,</line>
<line>locaux sanitaires et techniques,</line></par>
<par>
<line>- l’extension par surélévation des bâtiments, limitée à 25 m^ ou 20% de la surface hors œuvre nette</line>
<line>(SHON), à condition de ne pas augmenter la capacité d’accueil ou le nombre de logement et sous</line>
<line>réserve d’assurer la mise en sécurité,</line></par>
<par>
<line>- les travaux nécessaires au changement de destination, l’aménagement et la réhabilitation dans</line>
<line>l’emprise au sol initial, des constructions existantes ne créant pas de nouveau logement ou</line>
<line>n’augmentant pas la capacité d’accueil et sous réserve d’assurer la mise en sécurité des personnes.</line></par>
</text>
</block>
<block><region><rect/></region>
<text>
<par>
<line>• Dans le secteur 2</line></par>
</text>
</block>
<block><region><rect/></region>
<text>
<par>
<line>- l’extension des constructions existantes à la date d’approbation du PPRi dans la limite d’une</line>
<line>emprise au sol de 20 m^ ou de 17% de la surface de terrain concerné par la zone ZRC2,</line></par>
<par>
<line>- l’extension par surélévation,</line></par>
<par>
<line>- les travaux nécessaires au changement de destination, l’aménagement et la réhabilitation de</line>
<line>bâtiments existants sous réserve d’assurer la mise en sécurité des personnes.</line></par>
</text>
</block>
<block><region><rect/></region>
<text>
<par>
<line>22 février 2007</line></par>
<par>
<line>document approuvé</line></par>
</text>
</block>
<block><region><rect/></region>
<text>
<par>
<line>Règlement</line></par>
<par>
<line>-15/21-</line></par>
</text>
</block>

</page>
<page width="2479" height="3508" resolution="300">
<block><region><rect/></region>
<text>
<par>
<line>Plan de Prévention des Risques Naturels d'inondations (P.P.R.I.)</line></par>
<par>
<line>Bassin de l’Auzon</line></par>
</text>
</block>
<block><region><rect/></region>
<text>
<par>
<line>TITRE III</line></par>
<par>
<line>MESURES DE PREVENTION, DE PROTECTION ET DE</line>
<line>SAUVEGARDE DANS LES ZONES INONDABLES</line></par>
</text>
</block>
<block><region><rect/></region>
<text>
<par>
<line>22 février 2007</line></par>
<par>
<line>document approuvé</line></par>
</text>
</block>
<block><region><rect/></region>
<text>
<par>
<line>Règlement</line></par>
<par>
<line>-16/21-</line></par>
</text>
</block>

</page>
<page width="2479" height="3508" resolution="300">
<block><region><rect/></region>
<text>
<par>
<line>Plan de Prévention des Risques Naturels d'inondations (P.P.R.I.)</line></par>
<par>
<line>Bassin de l’Auzon</line></par>
</text>
</block>
<block><region><rect/></region>
<text>
<par>
<line>ARTICLE P 1 - OBLIGATIONS DE MESURES DE PRÉVENTION, DE</line></par>
<par>
<line>PROTECTION ET DE SAUVEGARDE</line></par>
</text>
<text>
<par>
<line>a) La commune devra, dans les 2 ans à compter de la date d’approbation du PPRNPi,</line>
<line>procéder à l’établissement d’un Plan Communal de Sauvegarde, en liaison avec le Service</line>
<line>Interministériel Régional de Défense et de Protection Civiles.</line></par>
<par>
<line>Le maire, en application de l’article R 125-11 du Code de l’Environnement doit élaborer un</line>
<line>Dossier d’information Communale des Risques Majeurs ( DICRIM)</line></par>
<par>
<line>Le maire doit procéder, avec l’assistance des services de l’État, à l’inventaire des repères</line>
<line>de crues existant sur le territoire communal et établir les repères correspondant aux crues</line>
<line>historiques et aux nouvelles crues exceptionnelles (article L 563-3 du Code de</line>
<line>l’Environnement).</line></par>
<par>
<line>Le maire doit informer la population, au moins une fois tous les 2 ans, sur les</line>
<line>caractéristiques du ou des risques naturels connus dans la commune, les mesures de</line>
<line>prévention et de sauvegardes possibles, les dispositions du plan, les modalités d’alerte,</line>
<line>l’organisation des secours, les mesures prises par la commune pour gérer le risque, ainsi</line>
<line>que sur les garanties prévues à l’article L 125-1 du code des assurances ; selon les</line>
<line>dispositions de l’article L 125-2 du code de l’Environnement.</line></par>
<par>
<line>b) Les propriétaires et exploitants d’établissements accueillant du public ou</line>
<line>d’activités industrielles, commerciales, artisanales ou de services, de parcs</line>
<line>résidentiels de loisirs, de parcs de stationnement doivent dans un délai d’un an, à</line></par>
<par>
<line>compter de la date d’approbation du PPRNPi :</line></par>
<par>
<line>- Afficher le risque inondation,</line></par>
<par>
<line>- Informer les occupants de la conduite à tenir en cas d’événement comparable à</line>
<line>l’événement de référence,</line></par>
<par>
<line>- Mettre en place un plan d’évacuation des personnes et des biens mobiles ou de</line>
<line>mise en sécurité,</line></par>
<par>
<line>- Prendre des dispositions pour alerter, signaler et guider,</line></par>
<par>
<line>- Mettre en place un système simple d’alerte pour les installations proches de la</line>
<line>rivière.</line></par>
<par>
<line>c) Les exploitants des équipements collectifs qui accueillent ou dont la vocation est</line>
<line>d’accueillir de manière collective des personnes sensibles et qui existent à la date de</line>
<line>l’approbation du présent P.P.R.N.P.i. devront réaliser une étude Hydraulique et de Danger</line>
<line>dans les 3 ans suivant l’approbation du P.P.R.N.P.i..</line></par>
<par>
<line>Cette étude définira le plus précisément possible le niveau de risque encouru ainsi que</line>
<line>les aménagements ou dispositions nécessaires pour le réduire. Elle précisera</line>
<line>l’échéancier de réalisation de ces aménagements ou dispositions. Elle servira de base</line>
<line>à la mise au point d’un Plan de Secours et d’Évacuation ( cette étude sera transmise au</line>
<line>Maire de la commune concernée et au Service Interministériel Régional de Défense et</line>
<line>de Protection Civiles).</line></par>
</text>
</block>
<block><region><rect/></region>
<text>
<par>
<line>22 février 2007</line></par>
<par>
<line>document approuvé</line></par>
</text>
</block>
<block><region><rect/></region>
<text>
<par>
<line>Règlement</line></par>
<par>
<line>-17/21-</line></par>
</text>
</block>

</page>
<page width="2479" height="3508" resolution="300">
<block><region><rect/></region>
<text>
<par>
<line>Plan de Prévention des Risques Naturels d'inondations (P.P.R.I.)</line></par>
<par>
<line>Bassin de l’Auzon</line></par>
</text>
</block>
<block><region><rect/></region>
<text>
<par>
<line>d)Les propriétaires de digues de protection intéressant la sécurité publique ou de</line>
<line>remblai d’infrastructure de transports répertoriés sur le plan de zonage dont la rupture</line>
<line>ou la submersion éventuelle pourrait provoquer des inondations ayant des répercussions</line>
<line>graves pour les personnes devront, en plus de leur obligation d’entretien et de</line>
<line>surveillance :</line></par>
</text>
</block>
<block><region><rect/></region>
<text>
<par>
<line>• dans un délai de 2 ans à compter de la date d’approbation des PPRNPi:</line></par>
<par>
<line>- effectuer une étude qui déterminera la durée de retour de l’événement</line>
<line>hydraulique susceptible de provoquer une surverse et fournira l’analyse</line>
<line>de son fonctionnement avec différents scénarios correspondant à cet</line>
<line>événement hydraulique et à des événements hydrauliques plus graves.</line>
<line>Cette étude fournira aussi les éléments permettant d’apprécier les</line>
<line>faiblesses éventuelles de l’ouvrage et de définir les travaux nécessaires</line>
<line>à sa remise en état.</line></par>
<par>
<line>Elle sera transmise au Service de la Police de l’Eau compétent et au</line>
<line>Service Interministériel Régional de Défense et de Protection Civiles.</line></par>
<par>
<line>• dans un délai de 5 ans à compter de la date d’approbation des PPRNPi :</line></par>
<par>
<line>- effectuer les travaux de confortement déterminés dans l’étude</line>
<line>précitée.</line></par>
</text>
</block>
<block><region><rect/></region>
<text>
<par>
<line>e) Les propriétaires et ayants droits devront, en plus de leur obligation à assurer le</line>
<line>maintien des capacités d’écoulement des cours d’eau et des axes d’écoulement :</line></par>
</text>
</block>
<block><region><rect/></region>
<text>
<par>
<line>• dans un délai de 1 an à compter de la date d’approbation des PPRNPi:</line></par>
<par>
<line>- assurer la protection par tous les moyens appropriés des dépôts</line>
<line>existants d’objets ou de produits dangereux ou polluants.</line></par>
<par>
<line>- l’enlèvement de tout objet non arrimé susceptible de générer des</line>
<line>embâcles et de tout matériau flottant ou sensible à l’eau et polluant,</line></par>
<par>
<line>- l’arrimage des serres, des citernes et cuves enterrées ou non,</line></par>
<par>
<line>- la matérialisation des emprises des piscines et bassins.</line></par>
<par>
<line>• dans les 5 ans à compter de la date d’approbation des PPRNPi,</line>
<line>procéder aux travaux suivants :</line></par>
<par>
<line>- la mise en œuvre de dispositions relatives à la mise en sécurité des</line>
<line>usagers des parkings collectifs existants en sous-sols,</line></par>
<par>
<line>- dans les zones rouge foncé, rouge clair (secteur 1), procéder à</line>
<line>l’aménagement, pour toute construction existante, d’une zone de refuge</line>
<line>de capacité correspondant à l’occupation des locaux et située au</line>
<line>minimum au niveau de la cote de mise hors d’eau, sauf en cas</line>
<line>d’impossibilité technique.</line></par>
<par>
<line>Ils devront, après chaque crue, procéder à la préservation et au rétablissement des</line>
<line>réseaux de drainage.</line></par>
<par>
<line>De plus, il est rappelé qu’en application de l’article L 125- 5 du code de l’environnement et du décret</line>
<line>2005-134, chaque vendeur ou bailleur d’un bien bâti ou non bâti, situé dans une zone à risques de</line>
<line>la commune, devra annexer au contrat de vente ou de location un état des risques et indiquer si le</line>
<line>bien a subi des sinistres ayant donné lieu à indemnisation au titre des effets d’une catastrophe</line>
<line>naturelle.</line></par>
</text>
</block>
<block><region><rect/></region>
<text>
<par>
<line>22 février 2007</line></par>
<par>
<line>document approuvé</line></par>
</text>
</block>
<block><region><rect/></region>
<text>
<par>
<line>Règlement</line></par>
<par>
<line>-18/21-</line></par>
</text>
</block>

</page>
<page width="2479" height="3508" resolution="300">
<block><region><rect/></region>
<text>
<par>
<line>Plan de Prévention des Risques Naturels d'inondations (P.P.R.I.)</line></par>
<par>
<line>Bassin de l’Auzon</line></par>
</text>
</block>
<block><region><rect/></region>
<text>
<par>
<line>ARTICLE P 2- RECOMMANDATIONS DE MESURE DE</line>
<line>PRÉVENTION, DE PROTECTION ET DE</line>
<line>SAUVEGARDE</line></par>
</text>
</block>
<block><region><rect/></region>
<text>
<par>
<line>L’objectif de ces recommandations est de permettre aux habitants et aux activités déjà</line>
<line>existantes mais situées en zone inondable de poursuivre l’occupation normale des locaux.</line></par>
<par>
<line>Toutefois compte tenu du risque d’inondation, il convient d’inviter les occupants à prendre des</line>
<line>dispositions qui permettraient de limiter les dégradations éventuelles.</line></par>
</text>
</block>
<block><region><rect/></region>
<text>
<par>
<line>1 - Accès et zone refuge</line></par>
<par>
<line>Pour les constructions existantes et en particulier desservies par un accès submersible, il</line>
<line>est fortement recommandé aux propriétaires concernés de s’assurer que leurs locaux sont équipés</line>
<line>d’une zone refuge hors d’atteinte de la crue de référence, permettant en cas de sinistre d’attendre</line>
<line>l’intervention des secours et à laquelle ceux-ci puissent accéder de l’extérieur (fenêtre, terrasse, toit</line>
<line>d’habitation...).</line></par>
<par>
<line>Cette zone refuge peut permettre également la mise hors d’eau de certains équipements</line>
<line>sensibles.</line></par>
<par>
<line>- La zone refuge :</line></par>
<par>
<line>- sera aisément accessible pour les personnes depuis l’intérieur du bâtiment : escalier</line>
<line>intérieur, voire échelle.</line></par>
<par>
<line>- offrira des conditions de sécurité satisfaisantes (solidité, situation hors d’eau, surface</line>
<line>suffisante pour l’ensemble des personnes censées y trouver refuge, possibilité d‘appels</line>
<line>et de signes vers l’extérieur).</line></par>
<par>
<line>- sera aisément accessible depuis l’extérieur pour l’intervention des secours (absence</line>
<line>de grille aux fenêtres, ouvertures suffisantes en nombre et en taille, plate-forme sur</line>
<line>terrasse pour intervention d’hélicoptère ...) et l’évacuation des personnes.</line></par>
<par>
<line>Sous réserve des incidences hydrauliques potentielles liées à la réalisation de remblais ou ouvrages</line></par>
<par>
<line>en zone inondable, la mise en sécurité des personnes peut localement nécessiter de privilégier les</line>
<line>accès par voie terrestre. Ces accès doivent permettre l’évacuation des personnes (valides,</line>
<line>handicapées ou brancardées) de façon autonome ou avec l’aide des secours.</line></par>
<par>
<line>- Les accès seront:</line></par>
<par>
<line>- aisément praticables : itinéraire si possible hors d’eau pour un événement comparable</line>
<line>à l’événement de référence ou à défaut, franchissable à pied compte tenu des</line>
<line>caractéristiques hydrauliques locales (hauteur et vitesse d’écoulement). L’implantation</line>
<line>de l’accès se fera de préférence coté opposé au courant.</line></par>
<par>
<line>- permanents : accès pérennes (passerelle, cote de plate-forme suffisante...) et non</line>
<line>vulnérables (structure porteuse adaptée à l’ennoiement et apte à résister aux effets du</line>
<line>courant, sous couche drainante facilitant le ressuyage de la structure...).</line></par>
<par>
<line>- suffisants : leur nombre ou leur gabarit doivent permettre une évacuation d’urgence de</line>
<line>l’ensemble des personnes concernées sur le site, voire des biens stockés (évacuation</line>
<line>des produits dangereux si une telle procédure est prévue), ainsi que l’intervention des</line>
<line>services de secours.</line></par>
</text>
</block>
<block><region><rect/></region>
<text>
<par>
<line>22 février 2007</line></par>
<par>
<line>document approuvé</line></par>
</text>
</block>
<block><region><rect/></region>
<text>
<par>
<line>Règlement</line></par>
<par>
<line>-19/21-</line></par>
</text>
</block>









</page>
<page width="2479" height="3508" resolution="300">
<block><region><rect/></region>
<text>
<par>
<line>Plan de Prévention des Risques Naturels d'inondations (P.P.R.I.)</line></par>
<par>
<line>Bassin de l’Auzon</line></par>
</text>
</block>
<block><region><rect/></region>
<text>
<par>
<line>2- Réseaux :</line></par>
<par>
<line>Il est fortement recommandé pour limiter les risques d’accidents pour la circulation des piétons et</line></par>
<par>
<line>véhicules en zone inondée (phénomènes de « trous d’eau »), quel que soit le niveau d’aléa :</line></par>
<par>
<line>- matérialisation des emprises de piscines et de bassins existants situés en zone</line>
<line>inondable.</line></par>
<par>
<line>- verrouillage des tampons d’assainissement ou dispositif de protection (grille)en zone</line>
<line>inondable (généralement pour les parties inférieures des réseaux pouvant être mises</line>
<line>en charge).</line></par>
</text>
</block>
<block><region><rect/></region>
<text>
<par>
<line>Limitation des dommages aux réseaux, quel que soit le niveau d’aléa</line></par>
<par>
<line>- installations de chauffage : chauffage urbain hors d’eau, rehaussement des</line>
<line>chaudières des particuliers au-dessus de la cote de référence, calorifugeage insensible</line>
<line>à l’eau ou caniveau étanche pour les conduites d’eau chaude...</line></par>
<par>
<line>- installations électriques et téléphoniques individuelles : installations des coffrets</line>
<line>d’alimentation et des tableaux de commande hors d’eau, étanchéité des branchements</line>
<line>et des câbles sous la cote de référence, installations de coupe-circuits automatiques</line>
<line>isolant uniquement sur les parties inondables, possibilités de mise hors d’eau des</line>
<line>équipements électriques sensibles, borne d’éclairage extérieure fonctionnant en cas de</line>
<line>crise.</line></par>
<par>
<line>- réseaux électriques et téléphoniques : postes moyenne et basses tensions montés sur</line>
<line>poteaux ou mis hors d’eau et facilement accessibles en cas d’inondations, revanche</line>
<line>suffisante des câbles aériens par rapport aux plus hautes eaux, branchements et</line>
<line>compteurs des particuliers hors d’eau...</line></par>
<par>
<line>- réseaux d’eau potable : conditions d’implantation des réservoirs par rapport à la cote</line>
<line>de référence (trop pleins, orifices de ventilation, lestage des ouvrages...), mise hors</line>
<line>d’eau des équipements sensibles(pompes, armoires électriques, ouvrages de</line>
<line>traitement...), étanchéité des équipements.</line></par>
<par>
<line>- réseaux d’assainissement : restrictions sur l’assainissement autonome ( interdiction</line>
<line>sauf pour l’habitat isolé), étanchéité des réseaux eaux usées, vannage d’isolement de</line>
<line>certains tronçons en zones inondables, clapets anti-retour au droit des points de rejet,</line>
<line>verrouillage des tampons sur les bouches d’égout, pompages pour mise hors d’eau...</line></par>
</text>
</block>
<block><region><rect/></region>
<text>
<par>
<line>3 - Installation de groupes de secours pour les équipements collectifs névralgiques (hôpitaux,</line>
<line>centres d’intervention, stations de pompage, usines de traitements d’eau...)</line></par>
</text>
</block>
<block><region><rect/></region>
<text>
<par>
<line>4 - Protections et renforcement des installations de radiotélécommunications sur les centres</line>
<line>opérationnels en cas de crise ( services en charge de la protection civile, centres d’intervention,</line>
<line>mairies...)</line></par>
</text>
</block>
<block><region><rect/></region>
<text>
<par>
<line>22 février 2007</line></par>
<par>
<line>document approuvé</line></par>
</text>
</block>
<block><region><rect/></region>
<text>
<par>
<line>Règlement</line></par>
<par>
<line>-20/21-</line></par>
</text>
</block>











</page>
<page width="2479" height="3508" resolution="300">
<block><region><rect/></region>
<text>
<par>
<line>Plan de Prévention des Risques Naturels d'inondations (P.P.R.I.)</line></par>
<par>
<line>Bassin de l’Auzon</line></par>
</text>
</block>
<block><region><rect/></region>
<text>
<par>
<line>5- Autres dispositions constructives envisageables, permettant de limiter les risques de</line>
<line>montée des eaux dans le bâtiment.</line></par>
<par>
<line>Ces dispositions concernent aussi bien la sécurité des personnes que celles des biens dans les</line>
<line>bâtiments</line></par>
</text>
</block>
<block><region><rect/></region>
<text>
<par>
<line>- bas des ouvertures (portes, fenêtres) au-dessus de la cote de référence de mise hors</line>
<line>d’eau,</line></par>
<par>
<line>- réalisation de pignon aveugle en deçà de la cote de référence sur la paroi amont du</line>
<line>bâtiment,</line></par>
<par>
<line>- possibilités d’obturation des ouvertures (portes, fenêtres) situées sous la cote de</line>
<line>référence par des panneaux amovibles, résistants et étanches. Cette solution ne doit</line>
<line>pas être considérée comme une protection des personnes si aucune zone refuge hors</line>
<line>d’eau n’existe dans le bâtiment.</line></par>
<par>
<line>- mesures d’étanchéité du bâtiment sous le niveau de la crue de référence.</line></par>
</text>
</block>
<block><region><rect/></region>
<text>
<par>
<line>6- Limitation des dommages aux biens mobiliers dans ou hors des bâtiments</line></par>
<par>
<line>Il est recommandé aux habitants des zones inondables, quel que soit le niveau de l’aléa,</line>
<line>d’examiner toutes les possibilités de mise hors d’eau rapide des équipements sensibles (appareils</line>
<line>électroménagers, chaudières, denrées précieuses, produits périssables...) . Cette mise hors d’eau</line>
<line>peut être valablement envisagée lors d’une réfection ou d’un remplacement.</line></par>
</text>
</block>
<block><region><rect/></region>
<text>
<par>
<line>7- Limitation des effets induits</line></par>
<par>
<line>Afin de limiter les effets susceptibles d’être induits par une forte montée des eaux</line>
<line>(pollution, embâcles au droit des points singuliers, entraînements de matériaux et d’équipements...),</line>
<line>il est fortement recommandé aux propriétaires et gérants d’entreprises de prendre en considération</line>
<line>les éléments suivants :</line></par>
<par>
<line>- installations flottantes (cuves, citernes) : implantation au-dessus de la cote de</line>
<line>référence ou lestage et ancrage résistant à la pression hydrostatique, débouchés</line>
<line>d’évents prolongés au-dessus de la cote de référence, maintien des citernes pleines</line>
<line>pendant la période de crue « probable » ou à défaut installation de clapets de</line>
<line>remplissage à ouverture automatique sous l’effet de la pression hydrostatique...</line></par>
<par>
<line>- dépôts ou stocks périssables ou polluants : interdiction ou limitation des installations</line>
<line>périssables, polluantes ou dangereuses présentant des risques potentiels pour la</line>
<line>sécurité ou la salubrité publique (hydrocarbures, solvants organiques, peintures,</line>
<line>produits chimiques, phytosanitaires, décharges...), implantation des stocks au-dessus</line>
<line>de la cote de référence, installation en fosse étanche et arrimée, mesures d’évacuation</line>
<line>des produits au-delà d’une cote d’alerte, conditions d’accès et de surveillance en cas</line>
<line>d’impossibilité d’évacuation.</line></par>
<par>
<line>- biens non sensibles mais déplaçables : scellement et ancrage (mobilier urbain,</line>
<line>mobilier de jardin ou de sport, équipements d’espaces publics...) ou protections</line>
<line>diverses (stocks de produits inertes).</line></par>
</text>
</block>
<block><region><rect/></region>
<text>
<par>
<line>*****************************************</line></par>
</text>
</block>
<block><region><rect/></region>
<text>
<par>
<line>22 février 2007</line></par>
<par>
<line>document approuvé</line></par>
</text>
</block>
<block><region><rect/></region>
<text>
<par>
<line>Règlement</line></par>
<par>
<line>-21/21-</line></par>
</text>
</block>




</page>
</PM1>