<?xml version="1.0" encoding="UTF-8"?><PM1>
<page width="1661" height="2345" resolution="200">
<block><region><rect/></region>
<text>
<par>
<line>Liberté • Egalité • Fraternité</line></par>
<par>
<line>République française</line></par>
</text>
</block>
<block><region><rect/></region>
<text>
<par>
<line>PREFECTURE DE L'EURE</line></par>
</text>
</block>
<block><region><rect/></region>
<text>
<par>
<line>Arrêté n=* DDE-SATE-10-032</line>
<line>approuvant le plan de prévention</line>
<line>des risques inondation de la Risle Aval</line></par>
</text>
</block>
<block><region><rect/></region>
<text>
<par>
<line>LE PREFET DE L'EURE</line>
<line>Officier de la Légion d'Honneur</line>
<line>Officier de l’Ordre National du Mérite</line></par>
</text>
</block>
<block><region><rect/></region>
<text>
<par>
<line>VU</line></par>
<par>
<line>- le code de renvirormement ;</line></par>
<par>
<line>- le code de rurbanisme ;</line></par>
<par>
<line>- le code de la construction et de l'habitation ;</line></par>
<par>
<line>- le code général des collectivités territoriales ;</line></par>
<par>
<line>- lé décret n° 95-1089 du 5 octobre 1995 relatif aux plans de prévention des risques naturels, modifié</line>
<line>par le décret n° 2005-3 du 4 janvier 2005 ;</line></par>
<par>
<line>- le décret n° 2004-374 du 29 avril 2004 relatif aux pouvoirs des préfets, à l'organisation et à l'action</line>
<line>des services de l'Etat dans les régions et départements ;</line></par>
<par>
<line>- l'arrêté préfectoral du 5 juillet 2001 prescrivant l'établissement d'un plan de prévision des risques</line>
<line>d'inondation de la Risle-aval ;</line></par>
<par>
<line>- l'arrêté préfectoral du 24 août 2006 régissant l'enquête publique prévue dans le cadre du plan de</line>
<line>prévision des risques d'inondation de la Risle-aval ;</line></par>
<par>
<line>- l'ensemble des avis recueillis au cours de la procédure d'instruction du dossier ;</line></par>
<par>
<line>- le rapport établi par la commission d'enquête ;</line></par>
<par>
<line>- les conclusions motivées et l'avis favorable de la commission d'enquête en date du</line>
<line>1 er novembre 2006 ;</line></par>
<par>
<line>Sur proposition du Directeur Départemental de l'Equipement de l'Eure ;</line></par>
</text>
</block>
<block><region><rect/></region>
<text>
<par>
<line>Boulevard Georges CHAUVIN - 27Û22 EVREUX CEDEX - Tel. 02 32 78 27 27 - Télécopie 02 32 38 24 15</line></par>
</text>
</block>




</page>
<page width="1653" height="2339" resolution="200">
<block><region><rect/></region>
<text>
<par>
<line>Article 1 ;</line></par>
<par>
<line>Article 2 ;</line></par>
</text>
</block>
<block><region><rect/></region>
<text>
<par>
<line>Article 3 :</line></par>
</text>
</block>
<block><region><rect/></region>
<text>
<par>
<line>Article 4 :</line>
<line>Article 5 :</line></par>
</text>
</block>
<block><region><rect/></region>
<text>
<par>
<line>ARRÊTE</line></par>
</text>
</block>
<block><region><rect/></region>
<text>
<par>
<line>Est approuvé, tel qu'il est annexé au présent arrêté, le plan de prévention des risques</line>
<line>d'inondation de la Risle aval sur le territoire des communes suivantes : Grosley-SUR-</line>
<line>Risle, Beaumontel, Launay, Serquigny, Goupe^lieres, Nassandres,</line>
<line>Fontaine-la-Soret, Aclou, Authou, Freneuse-sur-Risle, Pont-Authou, Glos-</line>
<line>sur-Risle, Saint-Philbert-sur-Risle, Montfort-sur-Risle, Conde-sur-Risle</line></par>
<par>
<line>ET APPEVILLE-ANNEBAULT.</line></par>
<par>
<line>Le plan de prévention des risques comprend :</line></par>
<par>
<line>- une note de présentation ;</line></par>
<par>
<line>- trois documents graphiques ;</line></par>
<par>
<line>- un règlement.</line></par>
<par>
<line>Le plan de prévention des risques d'inondation est tenu à la disposition du public tous</line>
<line>les jours ouvrables aux heures habituelles d'ouverture des bureaux :</line></par>
<par>
<line>- dans les mairies des seize communes précitées ;</line></par>
<par>
<line>- au siège du Syndicat d’Aménagement Nord Ouest de l’Eure ;</line></par>
<par>
<line>- au siège du Syndicat Mixte du Pays Risle-Charentonne ;</line></par>
<par>
<line>- à la Préfecture de l'Eure ;</line></par>
<par>
<line>- à la Sous-préfecture de Bemay ;</line></par>
<par>
<line>- à la Direction Départementale de l'Equipement de l'Eure.</line></par>
<par>
<line>Le présent arrêté sera publié au recueil des actes administratifs de la préfecture de</line>
<line>l'Eure et mention en sera faite en caractères apparents dans les deux journaux suivants :</line></par>
<par>
<line>- Paris Normandie ;</line></par>
<par>
<line>- l'Eveil Normand.</line></par>
</text>
</block>
<block><region><rect/></region>
<text>
<par>
<line>Une copie du présent arrêté sera affichée dans les mairies des communes précitées et</line>
<line>aux sièges du Syndicat d’Aménagement Nord Ouest de l’Eure et du Syndicat Mixte du</line>
<line>Pays Risle-Charentonne et portée à la connaissance du public par tous procédés en</line>
<line>usage dans les communes pendant un mois au minimum. Ces mesures de publicité</line>
<line>seront justifiées par chacun des maires et des présidents des établissements publics de</line>
<line>coopération intercommunales.</line></par>
<par>
<line>Le plan de prévention des risques approuvé vaut servitude d'utilité publique et sera</line>
<line>annexé aux documents d'urbanisme des communes précitées.</line></par>
<par>
<line>- la Secrétaire Générale de la Préfecture de l'Eure ;</line></par>
<par>
<line>- le Sous-préfet, Directeur de Cabinet ;</line></par>
<par>
<line>- le Sous-préfet de Bemay ;</line></par>
<par>
<line>- le Directeur Départemental de l'Equipement de l'Eure ;</line></par>
<par>
<line>- les maires des seize communes concernées ;</line></par>
<par>
<line>- le Président du Syndicat d’Aménagement Nord Ouest de l’Eure ;</line></par>
<par>
<line>- le Président du Syndicat Mixte du Pays Risle-Charentonne.</line></par>
</text>
</block>
<block><region><rect/></region>
<text>
<par>
<line>sont chargés, chacun en ce qui le concerne, de l'exécution du présent arrêté.</line></par>
</text>
</block>
<block><region><rect/><rect/></region>
<text>
<par>
<line>Évreux, le 28 décembre 2006</line>
<line>îe Préfet,</line></par>
</text>
</block>
<block><region><rect/></region>
<text>
<par>
<line>isne</line></par>
</text>
</block>









</page>
</PM1>