<?xml version="1.0" encoding="UTF-8"?><PM1>
<page width="1667" height="2348" resolution="200">
<block><region><rect/></region>
<text>
<par>
<line>Liberté ■ Égalité • Fraternité</line>
<line>RÉPUBLIQUE FRANÇAISE</line></par>
</text>
</block>
<block><region><rect/></region>
<text>
<par>
<line>PRÉFECTURE DE LA RÉGION LIMOUSIN</line>
<line>PRÉFECTURE DE LA HAUTE-VIENNE</line></par>
</text>
</block>
<block><region><rect/></region>
<text>
<par/>
</text>
</block>
<block><region><rect/></region>
<text>
<par>
<line>ARRETE PORTANT APPROBATION</line>
<line>DU PLAN DE PREVENTION DU RISQUE INONDATION</line>
<line>POUR LA RIVIERE AURENCE</line>
<line>ENTRE LIMOGES ET AIXE-SUR-VIENNE</line></par>
</text>
</block>
<block><region><rect/></region>
<text>
<par>
<line>Le Préfet de la Région Limousin, Préfet de la Haute-Vienne</line>
<line>Chevalier de la légion d'honneur</line>
<line>Officier de l'ordre national du mérite</line></par>
</text>
</block>
<block><region><rect/></region>
<text>
<par>
<line>VU le code de l'environnement, notamment ses articles L. 562-1 à L. 562-8 ;</line></par>
<par>
<line>VU le code de Turbanisme ;</line></par>
<par>
<line>VU le code de la construction et de l'habitation ;</line></par>
<par>
<line>VU la loi n° 82-600 du 13 juillet 1982 relative à l'indemnisation des victimes de catastrophes naturelles ;</line></par>
<par>
<line>VU la loi modifiée n° 87-565 du 22 juillet 1987 relative à l'organisation de la sécurité civile, à la protection</line>
<line>de la forêt contre l'incendie et à la prévention des risques majeurs, notamment ses articles 40-1 à 40-7 issus</line>
<line>de la loi n° 95-101 du 2 février 1995 relative au renforcement de la protection de l’environnement (chapitre II</line>
<line>du titre II des plans de prévention des risques naturels prévisibles) ;</line></par>
<par>
<line>VU la loi modifiée n° 92-3du 3 janvier 1992 sur l'eau, notamment son article 16 issu de la loi n° 95-101</line>
<line>susvisée ;</line></par>
<par>
<line>VU la loi n° 2003-699 du 30 juillet 2003 relative à la prévention des risques technologiques et naturels et à la</line>
<line>réparation de dommages ;</line></par>
<par>
<line>VU le décret n° 95-1089 du 5 octobre 1995 relatif aux plans de prévention des risques naturels prévisibles ;</line></par>
<par>
<line>VU le décret 2005-3 du 4 janvier 2005 modifiant le décret n'^ 95-1089 du 5 octobre 1995 relatif aux plans de</line>
<line>prévention des risques naturels prévisibles ;</line></par>
<par>
<line>VU l'arrêté préfectoral du 14 février 2006 prescrivant l'établissement d'un plan de prévention du risque</line>
<line>inondation pour la vallée de l’Aurence sur sa section dans les communes de Limoges, Couzeix, Isle et Aixe-</line>
<line>sur-Vienne ;</line></par>
<par>
<line>VU les consultations des conseils municipaux du 27 avril 2007</line></par>
<par>
<line>VU les délibérations des conseils municipaux de Isle et Aixe-sur-Vienne ;</line></par>
<par>
<line>VU l'arrêté préfectoral du 27 avril 2007 portant ouverture de l'enquête publique ;</line></par>
<par>
<line>VU le rapport d'enquête et les conclusions du commissaire enquêteur du 18 juillet 2007 ;</line></par>
<par>
<line>VU le rapport du directeur régional et départemental de l'Equipement ;</line></par>
<par>
<line>1, rue de la Préfecture - B.P. 87031 - 87031 LIMOGES CEDEX 1</line>
<line>TÉLÉPHONE 05 55 44 18 00</line>
<line>TÉLÉCOPIE 05 55 44 17 54</line></par>
<par>
<line>E-mail : courrier@haute-vienne.pref.gouv.fr</line>
<line>http://www.haute-vieime.prefgouv.fr</line></par>
</text>
</block>

<block blockType="Picture" blockName="" l="715" t="55" r="781" b="118"><region><rect/></region>
</block>
</page>
<page width="1677" height="2355" resolution="200">
<block><region><rect/></region>
<text>
<par>
<line>SUR proposition du directeur du cabinet du préfet ;</line></par>
</text>
</block>
<block><region><rect/></region>
<text>
<par>
<line>ARRETE</line></par>
</text>
</block>
<block><region><rect/></region>
<text>
<par>
<line>Article 1er : Le plan de prévention du risque naturel inondation pour la vallée de la rivière AURENCE dans</line>
<line>sa section comprise de sa confluence avec la Vienne et le point le plus amont sur la commune de Limoges est</line>
<line>approuvé.</line></par>
<par>
<line>Article 2 : Le champ d'application du plan de prévention du risque naturel inondation, défini à l'article 1,</line>
<line>s'étend aux parties des territoires des communes de LIMOGES, COUZEIX, ISLE et AIXE-SUR-VIENNE,</line>
<line>telles que délimitées par les plans de zonage joints au dossier annexé au présent arrêté.</line></par>
<par>
<line>Article 3 : Le plan de prévention du risque inondation vaut servitude d'utilité publique. En tant que telle, il</line>
<line>sera annexé au document d'urbanisme en vigueur dans la commune conformément à l'article L.126-1 du code</line>
<line>de l'urbanisme.</line></par>
<par>
<line>Article 4 : Le fait de construire ou d'aménager un terrain dans une zone interdite par le plan de prévention du</line>
<line>risque inondation ou de ne pas respecter les conditions de réalisation, d'utilisation ou d'exploitation prescrites</line>
<line>par ce plan, est puni des peines prévues à l'article L.480-4 du code de l'urbanisme.</line></par>
<par>
<line>Article 5 : Le présent arrêté fera l'objet d'une mention au recueil des actes administratifs de l'Etat dans le</line>
<line>département de la Haute-Vienne ainsi que dans deux journaux régionaux ou locaux diffusés dans le</line>
<line>département.</line></par>
<par>
<line>Une copie de l'arrêté sera affiché dans chaque mairie concernée pendant un mois au minimum.</line></par>
<par>
<line>Article 6 : Le plan de prévention du risque inondation approuvé sera tenu à la disposition du public en</line>
<line>préfecture et dans chaque mairie concernée. Cette mesure fera l’objet d'une mention avec les publications et</line>
<line>l'affichage prévus à l'article 5 du présent arrêté.</line></par>
<par>
<line>Article 7 : Le directeur du cabinet du Préfet, le directeur régional et départemental de l'Equipement et les</line>
<line>maires des communes concernées sont chargés, chacun en ce qui le concerne, de l'exécution du présent</line>
<line>arrêté.</line></par>
</text>
</block>
<block><region><rect/></region>
<text>
<par>
<line>Limoges, le 2 3 AOÛT 2007</line></par>
</text>
</block>
<block><region><rect/><rect/><rect/></region>
<text>
<par>
<line>Le Préfet</line></par>
<par>
<line>Pour le Préfet</line>
<line>lect^toire Général.</line></par>
</text>
</block>
<block><region><rect/><rect/><rect/></region>
<text>
<par/>
</text>
</block>
<block><region><rect/></region>
<text>
<par/>
</text>
</block>
<block><region><rect/></region>
<text>
<par/>
</text>
</block>
<block><region><rect/></region>
<text>
<par>
<line>/T-O»</line></par>
</text>
</block>
<block><region><rect/></region>
<text>
<par>
<line>K^\</line></par>
</text>
</block>
<block><region><rect/></region>
<text>
<par>
<line>y</line></par>
</text>
</block>
<block><region><rect/></region>
<text>
<par>
<line>Va;</line></par>
</text>
</block>
<block><region><rect/></region>
<text>
<par>
<line>31</line></par>
</text>
</block>
<block><region><rect/></region>
<text>
<par>
<line>hristlan ROCK,'</line></par>
</text>
</block>










</page>
</PM1>