<?xml version="1.0" encoding="UTF-8"?><PM1>
<page width="2489" height="3515" resolution="300">
<block><region><rect/></region>
<text>
<par>
<line>Ubtrté * 6gatfté • Pnrtfrnité</line></par>
<par>
<line>RÊnjBuqpi Française</line>
<line>PREFET DU VAR</line></par>
</text>
</block>
<block><region><rect/></region>
<text>
<par>
<line>ARRÊTÉ PRÉFECTORAL du</line></par>
</text>
</block>
<block><region><rect/></region>
<text>
<par>
<line>i?SFP 2011</line></par>
</text>
</block>
<block><region><rect/></region>
<text>
<par>
<line>approuvant la révision du plan de prévention des risques naturels prévisibles</line>
<line>de mouvements de terrain et d'inondations de la commune de La Garde</line></par>
<par>
<line>secteur du Plan</line></par>
</text>
</block>
<block><region><rect/></region>
<text>
<par>
<line>Le Préfet du Var,</line></par>
<par>
<line>Chevalier de la Légion d'Honneur,</line>
<line>Chevalier de l'Ordre National du Mérite,</line></par>
</text>
</block>
<block><region><rect/></region>
<text>
<par>
<line>Vu le Code de l'environnement, notamment les articles L211-1, L562-1 et suivants, et R562-1 et suivants ;</line></par>
<par>
<line>Vu le Code de rurbanisme, notamment les articles L126-1, R126-1 et R126-2 ;</line></par>
<par>
<line>Vu le Code de la constmction, notanunent les articles L111-4 et R126-1 ;</line></par>
<par>
<line>Vu le Code des assurances, notamment les articles L121-16, L121-17, et L125-1 et suivants ;</line></par>
<par>
<line>Vu la loi n°2003-699 du 30 juillet 2003 relative à la prévention des risques technologiques et naturels et à la</line>
<line>réparation des dommages ;</line></par>
<par>
<line>Vu la loi n°2004-811 du 13 août 2004 de modernisation de la sécurité civile ;</line></par>
<par>
<line>Vu le décret n°85-453 du 23 avril 1985 modifié, notamment ses articles 6 à 21, pris pour l'application de la loi</line>
<line>n°83-630 du 12 juillet 1983 relative à la démocratisation des enquêtes publiques et à la protection de</line>
<line>l'environnement ;</line></par>
<par>
<line>Vu le décret n°95-1089 du 5 octobre 1995 modifié, relatif aux plans de prévention des risques naturels</line>
<line>prévisibles ;</line></par>
<par>
<line>Vu le décret n°2004-374 du 29 avril 2004 relatif aux pouvoirs des préfets, à l'organisation et à l'action des</line>
<line>services de l'État dans les régions et départements ;</line></par>
<par>
<line>Vu la circulaire du 3 juillet 2007 relative à la consultation des acteurs, la concertation avec la population et</line>
<line>l’association des collectivités territoriales dans les P.P.R ;</line></par>
<par>
<line>Vu l'arrêté préfectoral du 28 juin 1989 approuvant le PER risques de mouvements de terrain et d'inondations de</line>
<line>la commune de La Garde, valant PPR ;</line></par>
<par>
<line>Vu l'arrêté préfectoral du 11 septembre 2008 portant prescription de la révision des plans de prévention des</line>
<line>risques de mouvements de terrain et d'inondations des communes de La Garde et du Pradet - secteur du Plan ;</line></par>
<par>
<line>Vu l'arrêté préfectoral n°2011/11 du 19 mai 2011 portant ouverture d'une enquête publique au projet de révision</line>
<line>du plan d'exposition aux risques (PER) naturels prévisibles de mouvements de terrain et d'inondations sur la</line>
<line>commune de La Garde ;</line></par>
<par>
<line>Vu les consultations réglementaires transmises le 5 octobre 2010, du Conseil Municipal de la commune de La</line>
<line>Garde, du Syndicat Mixte du SCoT Provence Méditerranée, du Conseil Régional PACA, du Conseil Général du</line>
<line>Var, de la Chambre d'Agriculture du Var, du Centre Régional de la Propriété Forestière PACA, du Service</line></par>
</text>
</block>


</page>
<page width="2479" height="3508" resolution="300">
<block><region><rect/></region>
<text>
<par>
<line>Départemental d'incendie et de Secours du Var et du Syndicat Intercommunal de l'Aménagement Hydraulique</line>
<line>de l'Eygoutier, sur le projet de révision du PPR ;</line></par>
<par>
<line>Vu le rapport d'enquête et les conclusions du commissaire enquêteur, déposés le 17 août 2011, donnant un avis</line>
<line>favorable sans réserve ;</line></par>
<par>
<line>Vu les avis favorables du Conseil Municipal de la commune de La Garde en date du 15 novembre 2010, du</line>
<line>Syndicat Mixte du SCoT Provence Méditerranée, en date du 19 novembre 2011, du Conseil Général du Var, en</line>
<line>date du 29 octobre 2010, du Centre Régional de la Propriété Forestière PACA, en date du 4 novembre 2010 et du</line>
<line>Service Départemental d'incendie et de Secours du Var en date du 5 novembre 2011 ;</line></par>
<par>
<line>Vu l'avis de la Chambre d'Agriculture du Var en date du 25 novembre 2010 ;</line></par>
<par>
<line>Vu les avis réputés favorables, en application des dispositions du dernier alinéa de l'article R. 562-7 du code de</line>
<line>l'envirormement, du Conseil Régional PACA et dn Syndicat Interconmiunal de l'Aménagement Hydraulique de</line>
<line>l'Eygoutier ;</line></par>
<par>
<line>Considérant les avis recueillis lors de la consultation ;</line></par>
<par>
<line>Considérant les différentes observations émises lors de l'enquête publique qui s'est tenue du 15 Juin 2011 au 18</line>
<line>Juillet 2011 inclus ;</line></par>
<par>
<line>Considérant le rapport et les conclusions favorables sans réserve du commissaire enquêteur, déposés le 17 août</line>
<line>2011 ;</line></par>
<par>
<line>Sur proposition du directeur départemental des territoires et de la mer du Var,</line></par>
</text>
</block>
<block><region><rect/></region>
<text>
<par>
<line>ARRETE</line></par>
</text>
</block>
<block><region><rect/></region>
<text>
<par>
<line>Article 1 : Est approuvée, la révision du plan de prévention des risques naturels prévisibles de mouvements de</line>
<line>terrain et d'inondations de la communes de La Garde - secteur du Plan ;</line></par>
</text>
</block>
<block><region><rect/></region>
<text>
<par>
<line>Article 2 ; Le dossier de révision, tel qu'annexé au présent arrêté, comporte :</line></par>
<par>
<line>1 Une note de présentation,</line></par>
<par>
<line>2 Un règlement,</line></par>
<par>
<line>3.1 Un document cartographique règlementaire à l'échelle l/5000ème - Planche 1,</line></par>
<par>
<line>3.2 Un document cartographique règlementaire à l'échelle l/5000ème - Planche 2,</line></par>
<par>
<line>4 Un document Armexe : report sur fond cadastral au l/5000ème du périmètre du parc et de</line></par>
<par>
<line>la zone inondable du PER.</line></par>
</text>
</block>
<block><region><rect/></region>
<text>
<par>
<line>La note de présentation de la révision vient compléter le rapport de présentation du PER approuvé le 28 Juin</line>
<line>1989 (pièce n°l du PER de 1989) ;</line></par>
<par>
<line>Le règlement de la révision vient se substituer au règlement du PER approuvé le 28 Juin 1989 (pièce n°2 du PER</line>
<line>de 1989) ;</line></par>
<par>
<line>Les documents cartographiques réglementaires de la révision (3.1 plan de zonage : Planche 1 et 3.2 plan de</line>
<line>zonage : Planche 2) viennent se substituer au plan de zonage du PER approuvé le 28 Juin 1989 (pièce n°3 du</line>
<line>PER de 1989) ;</line></par>
</text>
</block>
<block><region><rect/></region>
<text>
<par>
<line>Article 3 : La révision partielle du plan de prévention des risques naturels prévisibles de mouvements de terrain</line>
<line>et d'inondations de la communes de La Garde vaut servitude d'utilité publique et sera aimexée aux documents</line>
<line>d'urbanisme de la commune de La Garde ;</line></par>
</text>
</block>
<block><region><rect/></region>
<text>
<par>
<line>Article 4 ; Le plan de prévention des risques naturels prévisibles de mouvements de terrain et d'inondations de la</line>
<line>communes de La Garde - secteur du Plan révisé et approuvé est tenu à la disposition du public :</line>
<line>en mairie de La Garde aux Jours et heures habituelles d'ouvertme,</line></par>
<par>
<line>au siège du Syndicat Mixte du ScoT Provence Méditerranée à Toulon aux Jours et heures habituelles</line>
<line>d'ouverture.</line></par>
</text>
</block>




</page>
<page width="2479" height="3508" resolution="300">
<block><region><rect/></region>
<text>
<par>
<line>à la Préfecture du Var à Toulon aux jours et heures habituelles d'ouvertiu'e,</line></par>
<par>
<line>à la Direction départementale des territoires et de la mer du Var aux jours et heures habituelles d'ouverture.</line></par>
</text>
</block>
<block><region><rect/></region>
<text>
<par>
<line>Article 5 : Le présent arrêté sera publié au recueil des actes administratifs de la préfecture du Var et fera l'objet</line>
<line>d'une mention en caractères apparents dans le journal : Var Matin</line></par>
</text>
</block>
<block><region><rect/></region>
<text>
<par>
<line>Article 6 : Une copie de cet arrêté sera affichée pendant un mois au moins à la mairie de La Garde et au siège du</line>
<line>Syndicat Mixte du SCoT Provence Méditerranée ;</line></par>
</text>
</block>
<block><region><rect/></region>
<text>
<par>
<line>Article 7 : Monsieur le Secrétaire Général de la Préfecture du Var, sous-Préfet de l'arrondissement de Toulon,</line>
<line>Monsieur le Directeur de Cabinet de la Préfecture du Var,</line></par>
<par>
<line>Monsieur le Maire de La Garde,</line></par>
<par>
<line>Monsieur le Président du Syndicat Mixte du SCoT Provence Méditerranée,</line></par>
<par>
<line>Monsieur le Directeur Départemental des Territoires et de la Mer du Var,</line>
<line>sont chargés chacun en ce qui le concerne, d'assurer l'exécution du présent arrêté.</line></par>
</text>
</block>
<block><region><rect/></region>
<text>
<par>
<line>Le préfet.</line></par>
</text>
</block>
<block><region><rect/></region>
<text>
<par/>
</text>
</block>
<block><region><rect/></region>
<text>
<par>
<line>Paul MOURIER</line></par>
</text>
</block>








</page>
</PM1>