<?xml version="1.0" encoding="UTF-8"?><PM1>
<page width="1653" height="2336" resolution="200">
<block><region><rect/></region>
<text>
<par>
<line>mm</line></par>
<par>
<line>Liberté • ÉgiüM • Ptuurttüé</line></par>
<par>
<line>RÉPUBUqyE Feançaisb</line>
<line>PREFECTURE DE LA DORDOGNE</line></par>
</text>
</block>
<block><region><rect/></region>
<text>
<par>
<line>080118</line></par>
</text>
</block>
<block><region><rect/></region>
<text>
<par>
<line>SERVICES DECONCENTRES DE L’ETAT</line>
<line>AUPRES DU PREFET</line>
<line>DIRECTION DEPARTEMENTALE DE</line>
<line>L’EQUIPEMENT</line>
<line>Service Sécurité. Risques et</line>
<line>Environnement</line>
<line>Cité Administrative</line>
<line>24016 - Périgueux cedex</line>
<line>Tél. : 05 53 03 66 38</line>
<line>Télécopie : 05 53 03 65 74</line></par>
</text>
</block>
<block><region><rect/></region>
<text>
<par>
<line>Arrêté approuvant le plan de prévention des risques mouvements de terrain et retrait</line>
<line>gonflement des argiles sur la commune de COULOUNIEIX &gt; CHAMIERS</line></par>
</text>
</block>
<block><region><rect/></region>
<text>
<par>
<line>Le Préfet de la Dordogne,</line>
<line>Chevalier de la Légion d’Honneur,</line></par>
</text>
</block>
<block><region><rect/></region>
<text>
<par>
<line>VU le code de l’environnement ;</line></par>
<par>
<line>VU la loi n“ 87-565 du 22 juillet 1987 relative à l'organisation de la sécurité civile, à la</line>
<line>protection de la forêt contre l'incendie et à la prévention des risques majeurs, notamment</line>
<line>ses articles 40-1 à 40-7 issus de la loi n® 95-101 du 2 février 1995 et la loi du 13 août 2004</line>
<line>relative à la modernisation de la sécurité civile ;</line></par>
<par>
<line>VU la loi n“2003-699 du 30 juillet 2003 relative à la prévention des risques naturels et ses</line>
<line>décrets d’application ;</line></par>
<par>
<line>VU le décret n® 95-1089 du 5 octobre 1995 modifié relatif aux plans de prévention des</line>
<line>risques naturels prévisibles ;</line></par>
<par>
<line>VU l'arrêté préfectoral du 19 juillet 2004 approuvant le plan de prévention du risque retrait-</line>
<line>gonflement des argiles sur la commune de COULOUNIEIX -CHAMIERS;</line></par>
<par>
<line>VU l'arrêté préfectoral du 2 septembre 2005 prescrivant le plan de prévention du risque</line>
<line>mouvements de terrain sur la commune de COULOUNIEIX -CHAMIERS;</line></par>
<par>
<line>VU l’arrêté préfectoral du 13 juillet 2007 prescrivant l’enquête publique pour l’établissement</line>
<line>de ce plan ;</line></par>
<par>
<line>VU le rapport de l'enquête publique à laquelle il a été procédé du 15 octobre 2007 au 15</line>
<line>novembre 2007 et l’avis du commissaire enquêteur ;</line></par>
<par>
<line>VU la délibération du conseil municipal de la commune de COULOUNIEIX -CHAMIERS;</line></par>
<par>
<line>VU le projet établi par le directeur départemental de l'équipement ;</line></par>
<par>
<line>SUR proposition de Mme la secrétaire générale de la préfecture de la Dordogne ;</line></par>
</text>
</block>


</page>
<page width="1653" height="2336" resolution="200">
<block><region><rect/></region>
<text>
<par>
<line>Arrête</line></par>
</text>
</block>
<block><region><rect/></region>
<text>
<par>
<line>Article 1 - Le plan de prévention des risques mouvements de terrain et retrait-gonflement</line>
<line>des argiles de la commune de COULOUNIEIX -CHAMIERS est approuvé.</line></par>
<par>
<line>L’arrêté préfectoral du 19 juillet 2004 approuvant le plan de prévention du risque retrait-</line>
<line>gonflement des argiles sur la commune de COULOUNIEIX -CHAMIERS est abrogé ( car</line>
<line>Intégré au présent arrêté).</line></par>
</text>
</block>
<block><region><rect/></region>
<text>
<par>
<line>Le dossier du plan de prévention des risques mouvements de terrain et retrait-gonflement</line>
<line>des argiles annexé au présent arrêté comprend :</line></par>
<par>
<line>- un rapport de présentation,</line></par>
<par>
<line>- un règlement</line></par>
<par>
<line>- un plan de zonage.</line></par>
<par>
<line>- des annexes</line></par>
<par>
<line>Il est tenu à la disposition du public :</line></par>
<par>
<line>- à la mairie de la commune de COULOUNIEIX -CHAMIERS</line></par>
<par>
<line>- à la préfecture ( SIDPC ),</line></par>
<par>
<line>- à la direction départementale de l'équipement à Périgueux ( SSRE / PRE ) et à</line>
<line>l’Unité Territoriale de la DDE de la Vallée de l’isle .</line></par>
<par>
<line>Article 2 - Le présent arrêté sera publié au recueil des actes administratifs et mention en</line>
<line>sera faite en caractères apparents dans la presse par les soins de la DDE. Une copie de cet</line>
<line>arrêté sera affichée dans la mairie de la commune de COULOUNIEIX -CHAMIERS pendant</line>
<line>un mois au minimum.</line></par>
</text>
</block>
<block><region><rect/></region>
<text>
<par>
<line>Article 3 - Des ampliations du présent arrêté seront adressées à :</line></par>
<par>
<line>- M. le maire de la commune de COULOUNIEIX -CHAMIERS,</line></par>
<par>
<line>- M. le directeur départemental de l’équipement</line></par>
<par>
<line>- M. le délégué aux risques majeurs.</line></par>
</text>
</block>
<block><region><rect/></region>
<text>
<par>
<line>Article 4 - Mme la secrétaire générale de la préfecture est chargé de l'exécution du</line>
<line>présent arrêté, qui sera publié au recueil des actes administratifs du département.</line></par>
</text>
</block>
<block><region><rect/></region>
<text>
<par>
<line>Fait à Périgueux, le 2 3 JAM Z008</line></par>
</text>
</block>
<block><region><rect/></region>
<text>
<par>
<line>Le préfet</line></par>
</text>
</block>





</page>
</PM1>