<?xml version="1.0" encoding="UTF-8"?><PM1>
<page width="1675" height="2351" resolution="200">
<block><region><rect/></region>
<text>
<par>
<line>LUnrté • ÉgalM • PraUnUé</line></par>
<par>
<line>RÉFUBuquE Française '\ H f 'I V Q 1</line></par>
<par>
<line>PREFECTURE DE LA DORDOGNE ■ ^ ^ ^</line></par>
</text>
</block>
<block><region><rect/></region>
<text>
<par>
<line>DIRECTION DEPARTEMENTALE DES</line>
<line>TERRITOIRES</line>
<line>Service Eau, Environnement et Risques</line>
<line>Cité Administrative</line>
<line>24016 - Périgueux Cedex</line>
<line>Tél. : OS S3 03 66 38</line>
<line>Télécopie : 05 53 03 65 74</line></par>
</text>
</block>
<block><region><rect/></region>
<text>
<par>
<line>Arrêté approuvant la révision du plan de prévention du risque mouvements de terrain</line>
<line>sur tes communes de DOMME et CENAC ET ST JULIEN</line></par>
</text>
</block>
<block><region><rect/></region>
<text>
<par>
<line>La Préfète de la Dordogne,</line>
<line>Chevalier de la Légion d’Honneur,</line>
<line>Officier de l’Ordre National du Mérite,</line></par>
</text>
</block>
<block><region><rect/></region>
<text>
<par>
<line>VU le code de l’environnement ;</line></par>
<par>
<line>VU la loi n** 87-565 du 22 juillet 1987 relative à l'organisation de la sécurité civile, à la</line>
<line>protection de la forêt contre l'incendie et à la prévention des risques majeurs, notamment</line>
<line>ses articles 40-1 à 40-7 issus de la loi n® 95-101 du 2 février 1995 et la loi du 13 août 2004</line>
<line>relative à la modernisation de la sécurité civile ;</line></par>
<par>
<line>VU la loi n°2003-699 du 30 juillet 2003 relative à la prévention des risques naturels et ses</line>
<line>décrets d’application ;</line></par>
<par>
<line>VU ta loi n® 2004-811 du 13 août 2004 de modernisation de la sécurité civile,</line></par>
<par>
<line>VU le décret n“ 95-1089 du 5 octobre 1995 modifié relatif aux plans de prévention des</line>
<line>risques naturels prévisibles ;</line></par>
<par>
<line>VU r arrête préfectoral du 6 janvier 1999 portant approbation de plan de prévention du</line>
<line>risque (PPR) mouvements de terrain des communes de DOMME et CENAC ET ST JULIEN;</line></par>
<par>
<line>VU l’arrêté préfectoral en date du 26 mai 2009 prescrivant la révision de plan de prévention</line>
<line>du risque mouvements de terrain sur les communes de DOMME et CENAC ET ST JULIEN,</line></par>
<par>
<line>Vu l’arrêté préfectoral du 14 septembre 2009 prescrivant l’enquête publique pour</line>
<line>rétablissement de ce plan ;</line></par>
<par>
<line>VU te rapport de l'enquête publique à laquelle il a été procédé du mercredi 4 novembre 2009</line>
<line>au vendredi 4 décembre 2009 et l'avis du commissaire enquêteur ;</line></par>
<par>
<line>VU les délibérations des conseils municipaux des communes de DOMME et CENAC ET ST</line>
<line>JULIEN;</line></par>
<par>
<line>VU le projet établi par le directeur départemental des territoires;</line></par>
<par>
<line>SUR proposition de M le secrétaire général de la préfecture de la Dordogne ;</line></par>
</text>
</block>



</page>
<page width="1653" height="2336" resolution="200">
<block><region><rect/></region>
<text>
<par>
<line>Arrête</line></par>
</text>
</block>
<block><region><rect/></region>
<text>
<par>
<line>Article 1 - La révision du plan de prévention du risque mouvements de terrain des</line>
<line>communes de DOMME et CENAC ET ST JULIEN est approuvée.</line></par>
<par>
<line>L’arrêté préfectoral du 6 janvier 1999 portant approbation du RPR mouvements de terrain</line>
<line>des communes de DOMME et CENAC ET ST JULIEN est abrogé (car intégré au présent</line>
<line>arrêté).</line></par>
<par>
<line>Le dossier du plan de prévention des risques mouvements de terrain annexé au présent</line>
<line>arrêté comprend :</line></par>
<par>
<line>- un rapport de présentation,</line></par>
<par>
<line>- un règlement</line></par>
<par>
<line>- la carte géologique et des aléas (issue du dossier du 6 janvier 1999 et non modifiée)</line></par>
<par>
<line>- la carte du zonage (issue du dossier du 6 janvier 1999 et non modifiée)</line></par>
<par>
<line>- des annexes ; - rapport de présentation du PPRMVT du 6 janvier 1999,</line></par>
<par>
<line>- bilan définitif de la concertation.</line></par>
<par>
<line>Ce dossier est tenu à la disposition du public :</line></par>
<par>
<line>- à la mairie des communes de DOMME et de CENAC ET ST JULIEN,</line></par>
<par>
<line>- à la préfecture ( SIDPC ),</line></par>
<par>
<line>- à la direction départementale des territoires à Périgueux (SEER / PRDPF ) et au</line>
<line>service territorial de la DDT de Sarlat.</line></par>
<par>
<line>Article 2 - Le présent arrêté sera publié au recueil des actes administratifs et mention en</line>
<line>sera faite en caractères apparents dans la presse par les soins de la DDT. Une copie de cet</line>
<line>arrêté sera affichée dans les mairies des communes de DOMME et de CENAC ET ST</line>
<line>JULIEN pendant un mois au minimum.</line></par>
</text>
</block>
<block><region><rect/></region>
<text>
<par>
<line>Article 3 - Des ampliations du présent arrêté seront adressées à ;</line></par>
<par>
<line>- Mme. le maire de la commune de DOMME</line></par>
<par>
<line>- M. le maire de la commune de CENAC ET ST JULIEN</line></par>
<par>
<line>- M. le directeur départemental des territoires,</line></par>
<par>
<line>- M. le délégué aux risques majeurs.</line></par>
</text>
</block>
<block><region><rect/></region>
<text>
<par>
<line>Article 4 - M le secrétaire général de la préfecture est chargée de l'exécution du présent</line>
<line>arrêté, qui sera publié au recueil des actes administratifs du département.</line></par>
</text>
</block>
<block><region><rect/><rect/></region>
<text>
<par>
<line>Fait à Périgueux, le 19</line>
<line>La préfète</line></par>
</text>
</block>
<block><region><rect/></region>
<text>
<par/>
</text>
</block>
<block><region><rect/><rect/></region>
<text>
<par>
<line>^S0-</line></par>
</text>
</block>
<block><region><rect/><rect/></region>
<text>
<par/>
</text>
</block>
<block><region><rect/></region>
<text>
<par/>
</text>
</block>
</page>
</PM1>