<?xml version="1.0" encoding="UTF-8"?><PM1>
<page width="2473" height="3511" resolution="300">
<block><region><rect/></region>
<text>
<par>
<line>Liberté • Égalité • Fraternité</line></par>
<par>
<line>République Française</line></par>
</text>
</block>
<block><region><rect/></region>
<text>
<par>
<line>dtre^tm</line>
<line>départmentale</line>
<line>de llquipement</line></par>
</text>
</block>
<block><region><rect/></region>
<text>
<par>
<line>DIRECTION DÉPARTEMENTALE DE L'ÉQUIPEMENT</line></par>
</text>
</block>
<block><region><rect/></region>
<text>
<par>
<line>PRÉFECTURE DE L'AIN</line></par>
</text>
</block>
<block><region><rect/></region>
<text>
<par>
<line>ARRETÉ</line></par>
<par>
<line>portant approbation du plan de prévention des risques</line>
<line>inondations et mouvements de terrain</line>
<line>sur la commune de Torcieu</line></par>
</text>
</block>
<block><region><rect/></region>
<text>
<par>
<line>Le préfet de l'Ain</line>
<line>Chevalier de la légion d'honneur</line></par>
</text>
</block>
<block><region><rect/></region>
<text>
<par>
<line>Vu le code de l'environnement (article L. 125-5 et R125-23 à R125-27),</line></par>
<par>
<line>Vu la loi n° 82-600 du 13 juillet 1982 relative à l'indemnisation des victimes des catastrophes naturelles,</line></par>
<par>
<line>Vu le décret n°91-461 du 14 mai 1991 modifié relatif à la prévention du risque sismique,</line></par>
<par>
<line>Vu le décret n° 95-1089 du 5 octobre 1995 relatif à l'élaboration des plans de prévention des risques</line>
<line>naturels prévisibles, et notamment l'article 7,</line></par>
<par>
<line>Vu l'arrêté préfectoral n°2006-l modifié relatif à la liste des communes où s'applique l'article L125-5 du</line>
<line>code de l'environnement.</line></par>
<par>
<line>Vu l'arrêté préfectoral n°2006-222 du 15 février 2006 relatif à l'information des acquéreurs et des</line>
<line>locataires de biens immobiliers sur les risques majeurs sur la commime de Torcieu,</line></par>
<par>
<line>Vu l'arrêté préfectoral du 3 mars 2004 prescrivant l'établissement d'un plan de prévention des risques</line>
<line>inondations et mouvements de terrain sur la commune de Torcieu,</line></par>
<par>
<line>Vu l'arrêté préfectoral du 27 avril 2006 prescrivant l'ouverture d'une enquête publique sur le plan de</line>
<line>prévention des risques inondations et mouvements de terrain sur la commune de Torcieu,</line></par>
<par>
<line>Vu le procès-verbal de l'enquête publique à laquelle il a été procédé du 29 mai 2006 au 30 juin 2006 et</line>
<line>l'avis du commissaire enquêteur du 26 juillet 2006,</line></par>
<par>
<line>Vu la délibération avec avis favorable du conseil municipal de la commune de Torcieu en date du 12 juin</line>
<line>2006,</line></par>
<par>
<line>Vu l'avis du 21 juin 2006 de la chambre d'agriculture,</line></par>
<par>
<line>Vu l'avis du 7 juin 2006 du centre régional de la propriété foncière.</line></par>
<par>
<line>Sur proposition de la directrice départementale de l'équipement</line></par>
<par>
<line>ARRETE</line></par>
</text>
</block>
<block><region><rect/></region>
<text>
<par>
<line>Article 1</line></par>
<par>
<line>Est approuvé, tel qu'il est annexé au présent arrêté»le plan de prévention des risques inondations et</line>
<line>mouvements de terrain sur la commune de Torcieu.</line></par>
<par>
<line>Ce plan se compose d'un dossier comprenant un rapport de présentation, une carte des aléas, un plan de</line>
<line>zonage réglementaire à l'échelle 1/5000 et un règlement.</line></par>
<par>
<line>Article 2</line></par>
<par>
<line>Il est tenu à la disposition du public avec l'ensemble des documents de la procédure :</line></par>
<par>
<line>1- à la mairie de Torcieu,</line></par>
</text>
</block>



<block blockType="Picture" blockName="" l="1102" t="132" r="1168" b="196"><region><rect/></region>
</block>
</page>
<page width="2470" height="3510" resolution="300">
<block><region><rect/></region>
<text>
<par>
<line>2- dans les locaux de la préfecture de l'Ain (SID-PC) aux horaires suivants : de 9h30 à 1 lh45 et de 14h à</line>
<line>16h du lundi au vendredi.</line></par>
<par>
<line>Article 3</line></par>
<par>
<line>Le présent arrêté sera publié au recueil des actes administratifs de la préfecture et mention en sera faite en</line>
<line>caractères apparents dans le journal ci-après désigné : "Voix de l'Ain".</line></par>
<par>
<line>Cet avis sera affiché notamment en mairie de Torcieu pendant un mois et porté à la connaissance du</line>
<line>public par tout autre procédé en usage dans la commune de Torcieu. Ces mesures de publicité seront</line>
<line>justifiées par un certificat du maire et un exemplaire du journal sera annexé à la copie du présent arrêté</line>
<line>affiché en mairie.</line></par>
<par>
<line>Article 4</line></par>
<par>
<line>Les éléments nécessaires à l'établissement de l'état des risques destiné à l’information sur les risques</line>
<line>naturels et technologiques majeurs des acquéreurs et des locataires de biens immobiliers situés dans la</line>
<line>commune de Torcieu et consignés dans le dossier communal d’informations sur les risques aimexé à</line>
<line>l'arrêté 2006-222 du 15 février 2006 sont modifiés en conséquence de la présente approbation.</line></par>
<par>
<line>La directrice départementale de l'équipement est chargée de ces modifications qui seront transmises :</line></par>
<par>
<line>- à la préfecture et à la sous-préfecture de Belley,</line></par>
<par>
<line>- au maire de la commime de Torcieu,</line></par>
<par>
<line>- à la chambre départementale des notaires.</line></par>
<par>
<line>Les éléments du dossier communal d'information sur les risques seront consultables sur le site Internet de</line>
<line>la préfecture de l'Ain (www.ain.prefgouv.fr) et le dossier sera tenu à la disposition du public :</line></par>
<par>
<line>1- à la mairie,</line></par>
<par>
<line>2- dans les bureaux de la préfecture de l'Ain à Bourg et de la sous-préfecture de Belley.</line></par>
<par>
<line>Article 5</line></par>
<par>
<line>En application de l'article R 123-22 du code de l'urbanisme, un arrêté pris par le maire de Torcieu,</line>
<line>constatera qu'il a été procédé à la mise à jour du plan local d'urbanisme. A défaut d'accomplissement de</line>
<line>cette procédure dans le délai de trois mois suivant la notification du présent arrêté, un arrêté préfectoral</line>
<line>procédera à cette mise à jour.</line></par>
</text>
</block>
<block><region><rect/></region>
<text>
<par>
<line>Article 6</line></par>
<par>
<line>Des copies du présent arrêté seront adressées :</line></par>
<par>
<line>- au maire de la commune de Torcieu ,</line></par>
<par>
<line>- à la directrice départementale de l'équipement de l'Ain,</line></par>
<par>
<line>- au directeur départemental de l'agriculture et de la forêt,</line></par>
<par>
<line>- au délégué militaire départemental,</line></par>
<par>
<line>- au délégué aux risques majeurs,</line></par>
<par>
<line>- au directeur régional de l'environnement,</line></par>
<par>
<line>- au directeur régional de l'industrie, de la recherche et de l'environnement,</line></par>
<par>
<line>- au directeur du centre régional de la propriété forestière,</line></par>
<par>
<line>- au président de la chambre d'agriculture,</line></par>
<par>
<line>- au directeur de la SNCF région de Chambéry.</line></par>
<par>
<line>Article 7</line></par>
<par>
<line>Le secrétaire général de la préfecture, la directrice départementale de l'équipement sont chargés, chacun</line>
<line>en ce qui le concerne de l'exécution du présent arrêté.</line></par>
<par>
<line>A BOURG-en-BRESSE, le 0 B DEC. 2008</line></par>
<par>
<line>Le Préfet,</line></par>
<par>
<line>Pierre SOÜBELET' ^</line></par>
</text>
</block>





</page>
</PM1>