<?xml version="1.0" encoding="UTF-8"?><PM1>
<page width="2479" height="3504" resolution="300">
<block><region><rect/></region>
<text>
<par>
<line>tiberU • Êgaltté “ Fraternité</line></par>
<par>
<line>République Française</line></par>
</text>
</block>
<block><region><rect/></region>
<text>
<par>
<line>PRÉFET DE MAINE-ET-LOIRE</line></par>
</text>
</block>
<block><region><rect/></region>
<text>
<par>
<line>Préfecture</line></par>
<par>
<line>Direction de l'interministérialité</line>
<line>et du développement durable</line>
<line>Bureau de l'utilité publique</line></par>
<par>
<line>Arrêté n° 2014175-0006</line>
<line>ETAT</line></par>
<par>
<line>Approbation de la modification du Plan de</line>
<line>Prévention des Risques Naturels Prévisibles</line>
<line>Inondations liés aux crues de la Loire dans les</line>
<line>Vais de Saint-Georges, Chalonnes etMontjean</line></par>
</text>
</block>
<block><region><rect/></region>
<text>
<par>
<line>ARRETÉ</line></par>
</text>
</block>
<block><region><rect/></region>
<text>
<par>
<line>Le Préfet de Maine-et-Loire,</line>
<line>Chevalier de la Légion d'Honneur,</line></par>
</text>
</block>
<block><region><rect/></region>
<text>
<par>
<line>Vu le code de l'environnement, notamment ses articles L.562-1 et suivants et R,562-l et</line></par>
<par>
<line>suivants ;</line></par>
</text>
</block>
<block><region><rect/></region>
<text>
<par>
<line>Vu le code de l'urbanisme, notamment ses articles L.126-1 et R.123-22 ;</line></par>
<par>
<line>Vu l'arrêté préfectoral D3-2003 n° 690 du 15 septembre 2003 approuvant le Plan de Prévention</line>
<line>des Risques Naturels Prévisibles Inondations liés aux crues de la Loire dans les Vais de Saint-Georges,</line>
<line>Chalonnes et Montjean, sui‘ le temtoire des communes de Chalomres-sur-Loire, Champtocé-sur-Loire,</line>
<line>Chaudefonds-sur-Layon, Ingrandes, Le Mesnil-en-ValIée, Montjean-sur-Loire, La Pommeraye, Saint-</line>
<line>Géorges-sur-Loire, Saint-Gemiain-des-Prés, Saint-Laurent-du-Mottay et Saint-FIorent-Ie-Vieil ;</line></par>
<par>
<line>Vu l’airêté préfectoral DIDD-2014 n° 37 du 17 février 2014 prescrivant la modification du Plan</line>
<line>de Prévention des Risques Naturels Prévisibles Inondations liés aux crues de la Loire dans les Vais de Saint-</line>
<line>Georges, Chalonnes et Montjean, sm* le territoire des communes susvisées ;</line></par>
<par>
<line>Vu la procédure de concertation préalable associant les maires des communes susvisées, les</line>
<line>présidents des communautés de communes de Loire-Layon et du Canton de Saint-Floreut-le-Vieil, le</line>
<line>président du syndicat intercommunal de protection des levées de Montjean, Saint-Florent-!e-VieiI et Saint-</line>
<line>Georges-sur-Loire et les présidents des syndicats mixtes du Pays de Loire en Layon et du Pays des Mauges ;</line></par>
<par>
<line>Vu les registres mis à la disposition du public dans les communes susvisées du 3 mars au 30</line></par>
<par>
<line>avril 2014;</line></par>
</text>
</block>
<block><region><rect/></region>
<text>
<par>
<line>Vu le rapport du directeur départemental des territoires en date du 22 mai 2014 ;</line></par>
<par>
<line>Considérant que les avis recueillis au cours de la concertation préalable sont favorables ou</line>
<line>réputés favorables à la modification proposée ;</line></par>
<par>
<line>Considérant qu'aucune observation n'a été portée sur les registres susvisés ;</line></par>
</text>
</block>
<block><region><rect/></region>
<text>
<par>
<line>1/2</line></par>
</text>
</block>


</page>
<page width="2526" height="3537" resolution="300">
<block><region><rect/></region>
<text>
<par>
<line>Sur la proposition de k secrétaire générale de la Préfecture,</line></par>
</text>
</block>
<block><region><rect/></region>
<text>
<par>
<line>ARRETE</line></par>
<par>
<line>Article V : Est approuvée la modification du Plan de Prévention des Risques Naturels Prévisibles</line>
<line>Inondations liés aux crues de la Loire dans les Vais de Saint Georges, Chalonnes et Mon^èan, sur le territoire</line>
<line>des communes de Chalonnes-sur-Loiré, Champtocé-sur-Loire, Chaudefonds-sur-Layon, Ingrandes, Le</line>
<line>Mesnil-en-Vallée, Montjean-sur-Loire, La Pommeraye, Saint-Georges-sur-Loire, Saint-Germain-des-Prés,</line>
<line>Saint-Laurent-du-Motky et Saint-Florent-le-Vieil.</line></par>
<par>
<line>Le règlement du plan de prévention modifié (article 2.2,1.4-b) est joint au présent arrêté.</line></par>
<par>
<line>Article 2 : La modification du plan approuvée vaut servitude d’utilité publique et devra être annexée aux</line>
<line>plans locaux d’urbanisme des communes visées à l’article 1".</line></par>
<par>
<line>Un arrêté du maire constatera qu’il a procédé à la mise à jour du plan local d’urbanisme.</line></par>
<par>
<line>Conformément aux dispositions de l’arrêté R.123-22 du code de l’urbanisme, si cette fonnalité</line>
<line>n’est pas effectuée dans un délai de trois mois suivant la mise en demeure prévue à son aifîcle L 126-1, le</line>
<line>préfet y procède d’office par' arrêté.</line></par>
<par>
<line>Article 3 : La modification du plan approuvée sera tenue à la disposition du public en préfecture de Maine-</line>
<line>et-Loire (bureau de l’utilité publique), à la Direction départementale des teiiitoires (Service Urbanisme,</line>
<line>Aménagement et Risques), dans les mairies concernées et aux sièges de chaque établissement public de</line>
<line>coopération intercommunale compétent pour l’élaboration des documents d’urbankme sur le territoire</line>
<line>desquels le plan de prévention est applicable.</line></par>
<par>
<line>Article 4 : Le présent arrêté sera notifié aux maires des communes concernées et aux présidents des</line>
<line>établissements publics de coopération intercommunale concernés (EPCI).</line></par>
<par>
<line>Il sera publié au recueil des actes administratifs de la préfecture et fera l’objet d’un affichage</line>
<line>pendant une durée minimum d’un mois dans les mairies des communes concernées et aux sièges des EPCI</line>
<line>concernés.</line></par>
<par>
<line>En outre, un avis portant à la connaissance du public cette mise à disposition du plan modifié</line>
<line>fera l’objet d’une mesure de publicité dans un journal difiusé dans le département.</line></par>
<par>
<line>Article 5 : La secrétaire générale de la préfectrue, le sous-préfet de l'arrondissement de Cholet, le directeiu'</line>
<line>départemental des teiritoires, les maires et les présidents susvisés sont chargés, chacun en ce qui le concerne,</line>
<line>de l’exécution du présent arrêté.</line></par>
</text>
</block>
<block><region><rect/></region>
<text>
<par>
<line>ANGERS, le 2 4</line></par>
</text>
</block>
<block><region><rect/></region>
<text>
<par>
<line>Le Préfet</line></par>
<par>
<line>François BURDEYRaN</line></par>
<par>
<line>Délais et voies de recours : \</line></par>
<par>
<line>Le présent arrêté peut faire l’objet d’un recours gracieux auprès du préfet de Maine-et-Loire, d'm recours</line>
<line>hiérarchique auprès du ministre compétent ou d'un recours contentieux auprès du Tribunal administratif de</line>
<line>Nantes dans un délai de deux mois à compter de sa notification ou de sa publication.</line></par>
</text>
</block>
<block><region><rect/></region>
<text>
<par>
<line>2/2</line></par>
</text>
</block>








</page>
<page width="2572" height="3569" resolution="300">
<block><region><rect/></region>
<text>
<par>
<line>^ JH</line></par>
<par>
<line>* Libené • Égalité * Fraternité</line></par>
<par>
<line>RÉPUBUQUE FE^ANÇAISE</line></par>
<par>
<line>PREFECTURE lÿ MAINE-E-RLOIRE</line></par>
<par>
<line>DHŒCnONDES COLLECTIVITES LOCALES</line></par>
<par>
<line>ET DE LENVmONLŒMENT</line></par>
<par>
<line>Bureau des affaires foncières et de Turbanisme</line></par>
<par>
<line>Arrêté D3-2003 n° fôo</line></par>
</text>
</block>
<block><region><rect/></region>
<text>
<par>
<line>ETAT</line></par>
<par>
<line>Plan de Prévention des Risques Naturels Prévisibles</line></par>
<par>
<line>Inondation liés aux crues de la Loire</line></par>
<par>
<line>dans les Vais de Saint-Georges, Chalonnes et Montjean</line></par>
<par>
<line>APPROBATION</line></par>
</text>
</block>
<block><region><rect/></region>
<text>
<par>
<line>ARRETE</line></par>
<par>
<line>Le Préfet de Maine-et-Loire</line>
<line>Officier de la Légion d'Honneur,</line></par>
</text>
</block>
<block><region><rect/></region>
<text>
<par>
<line>Vu le code de Tenviroimement ;</line></par>
<par>
<line>Vu le code de Turbanisme ;</line></par>
<par>
<line>Vu les décrets du 6 novembre 1958 approuvant le Plan des Surfaces Submersibles</line>
<line>(P.S.S.)de la vallée de la Loire dans les départements de Maine-et-Loire et Loire Atlantique</line>
<line>et déterminant les dispositions techniques applicables dans les parties submersibles ;</line></par>
<par>
<line>Vu le décret du 24 février 1964 , approuvant le Plan des Surfaces Submersibles</line>
<line>(P.S.S.) de la vallée de la Maine ;</line></par>
<par>
<line>Vu le décret n°95.1089 du 5 octobre 1995 relatif au plan de prévention des risques</line>
<line>naturels prévisibles,</line></par>
<par>
<line>Vu Tarrêté préfectoral du 6 octobre 1997 approuvant le projet de protection contre</line>
<line>les dommages liés au risque d’inondation applicable dans les Vais de Saint-Georges,</line>
<line>Chalonnes et Mon^ean et décidant sa mise à disposition du public ;</line></par>
</text>
</block>





</page>
<page width="2539" height="3546" resolution="300">
<block><region><rect/></region>
<text>
<par>
<line>Vu les arrêtés préfectoraux du 19 décembre 1997 qualifiant le projet de protection</line>
<line>contre les dommages liés aux risques d’inondationj applicable dans les Vais de</line>
<line>Saint-Georges, Chalonnes et Montjean| de Projet d’intérêt Général en vue de sa prise en</line>
<line>compte dans les plans locaux d’urbanisme des communes de Chalonnes-sur-Loire,</line>
<line>Champtocé-sur-Loire, Chaudefonds-sur-Layon, Ingrandes, Le Mesnil-en-Vallée,</line>
<line>Montjean-sur-Loire, La Pommeraye, Saint-Georges-sur-Loire, Saint-Germain-des-Prés,</line>
<line>Saint-Laurent-du-Mottay et Saint-Florent-le-Vieil.</line></par>
<par>
<line>Vu l’arrêté préfectoral du 8 janvier 2001 prescrivant la révision, sur le territoire</line>
<line>des commîmes des Vais de Saint-Georges, Chaloimes et Montjean, du plan des surfaces</line>
<line>submersibles de la Vallée de la Loire, dans le département de Maine-et-Loire,valant Plan de</line>
<line>Prévention des Risques d’inondation de la Loire;</line></par>
<par>
<line>Vu l’arrêté préfectoral du 13 janvier 2003 prescrivant l’enquête publique préalable</line>
<line>à approbation du Plan de Prévention des Risques Naturels Prévisibles Inondation liés</line>
<line>aux crues de la Loire dans les Vais de Saint-Georges, Chalonnes et Montjean ;</line></par>
<par>
<line>Vu les rapport et conclusions de la commission d’enquête du 14 avril 2003 ;</line></par>
<par>
<line>Vu l’avis du sous-préfet de Cholet'^u 1 er août 2003 ;</line></par>
<par>
<line>Vu le rapport du directeur départemental de l’équipement du 7 août 2003 ;</line></par>
<par>
<line>Sur la proposition du Secrétaire général de la préfecture.</line></par>
</text>
</block>
<block><region><rect/></region>
<text>
<par>
<line>Æ.</line></par>
<par>
<line>ARRETE:</line></par>
</text>
</block>
<block><region><rect/></region>
<text>
<par>
<line>Art. 1 er. - Est approuvé le Plan de Prévention des Risques Naturels Prévisibles</line>
<line>Inondation liés aux crues de la Loire dans les Vais de Saint-Georges, Chalonnes et</line>
<line>Montjean, sur le territoire des communes de Chaloimes-sur-Loire, Champtocé-sur-Loire,</line>
<line>Chaudefonds-sur-Layon, Ingrandes, Le Mesnil-en-Vallée, Montjean-sur-Loire,</line>
<line>la Pommeraye, Saint-Florent-le-Vieil, Saint-Georges-sur-Loire, Saint-Germain-des-Prés,</line>
<line>Saint-Laurent-du-Mottay.</line></par>
<par>
<line>Le Plan de Prévention des Risques Naturels Prévisibles Inondation liés aux crues</line>
<line>de la Loire dans les Vais de Saint-Georges, Chaloimes et Monq’ean comporte les pièces</line>
<line>suivantes :</line></par>
<par>
<line>- un rapport de présentation,</line></par>
<par>
<line>- un document graphique,</line></par>
<par>
<line>-un règlement. i</line></par>
</text>
</block>




</page>
<page width="2518" height="3531" resolution="300">
<block><region><rect/></region>
<text>
<par>
<line>Art. 2. - Le plan approuvé ^ se substitue aux dispositions de l’ancien plan</line>
<line>des surfaces submersibles. Il vaut servitude d’utilité publique et devra être annexé aux plans</line>
<line>locaux d’urbanisme des commîmes de Chalonnes-sur-Loire, Champtocé-sur-Loire,</line>
<line>Chaudefonds-sur-Layon, Ingrandes, Le Mesnil-en-Vallée^ Montjean-sur-Lbire,</line></par>
<par>
<line>La Pommeraye, Saint-Georges-sur-Loire, Saint-Germain-des-Prés, Saint-Laurent-du-Mottay</line>
<line>et Saint-Florent-le-Vieil.</line></par>
<par>
<line>.1 li</line></par>
<par>
<line>Un arrêté du maire constatera ijü’il a été procédé à la mise à jour du plan local</line>
<line>d’urbanisme.</line></par>
<par>
<line>Conformément aux dispositions de l’article R 123.22 du code de rurbanisme, si</line>
<line>cette formalité n’a pas été effectuée dans le délai de trois mois suivant la notification par</line>
<line>le préfet à la commune, le préfet y procède d’office par arrêté.</line></par>
</text>
</block>
<block><region><rect/></region>
<text>
<par>
<line>Art. 3. - Le plan approuvé sera tenu à la disposition du public en préfecture de</line>
<line>Maine-et-Loire (bureau des affaires foncières et de Turbanisme), à la direction</line>
<line>départementale de l’équipement (bureau des missions de l’Etat), dans les subdivisions de</line>
<line>l’équipement territorialement compétentes, et dans les mairies concernées aux jours et</line>
<line>heures d’ouverture des bureaux.</line></par>
</text>
</block>
<block><region><rect/></region>
<text>
<par>
<line>Art. 4. - Le présent arrêté sera notifié aux maires des communes concernées.</line></par>
<par>
<line>n sera publié au recueil des actes administratifs de la préfecture et fera l’objet</line>
<line>d’un affichage, pendant une durée minimum d’un mois, dans les commîmes concernées.</line>
<line>Un certificat justifiant de l’accomplissement de cette formalité sera dressé par les maires et</line>
<line>transmis en préfecture de Maine-et-Loire (bureau des affaires foncières et de l’urbanisme).</line></par>
<par>
<line>En outre, un avis portant à la cpnnaissance du public l’existence de cet arrêté sera</line>
<line>publié, par les soins du préfet, en caractères apparents dans deux journaux locaux diffiisés</line>
<line>dans le département.</line></par>
</text>
</block>
<block><region><rect/></region>
<text>
<par>
<line>Art. 5. - Le Secrétaire général de la préfecture, le sous-préfet de Cholet, le directeur</line>
<line>départemental de l’équipement et les maires des communes visées à l’article 1 er sont</line>
<line>chargés, chacun en ce qui le concerne, de l’exécution du présent arrêté.</line></par>
</text>
</block>
<block><region><rect/></region>
<text>
<par>
<line>Fait à Angers, le ^ 5 SfcP, cÛOJ</line></par>
</text>
</block>
<block><region><rect/></region>
<text>
<par/>
</text>
</block>
<block><region><rect/></region>
<text>
<par>
<line>Jacques^ ARTHELEMYy</line></par>
</text>
</block>
<block><region><rect/></region>
<text>
<par>
<line>fêlais et voies de recours ; La présente décision peut faire l’objet, dans les deux mois suivant l’accomplissement des mesures de</line>
<line>lublicité</line></par>
<par>
<line>- d’un recours gracieux auprès de l’auteunjde l’acte,</line></par>
<par>
<line>T d’un recours contentieux auprès du Tribunal administratif de Nantes.</line></par>
</text>
</block>











</page>
</PM1>