<?xml version="1.0" encoding="UTF-8"?><PM1>
<page width="1663" height="2346" resolution="200">
<block><region><rect/><rect/></region>
<text>
<par>
<line>Liberté • Égalité • Fraternité</line>
<line>RÉPUBLIQUE FRANÇAISE</line></par>
</text>
</block>
<block><region><rect/></region>
<text>
<par>
<line>PRÉFECTURE DE LA DRÔME</line></par>
</text>
</block>
<block><region><rect/></region>
<text>
<par>
<line>Cabinet</line></par>
<par>
<line>Service Interministériel</line>
<line>des Affaires Civiles et Economiques</line>
<line>de Défense et de Protection Civile</line></par>
</text>
</block>
<block><region><rect/></region>
<text>
<par>
<line>ARRETE n°</line></par>
<par>
<line>Portant approbation du Plan de Prévention des Risques Naturels Prévisibles d'inondation sur la</line></par>
<par>
<line>commune de SAINT UZE</line></par>
</text>
</block>
<block><region><rect/></region>
<text>
<par>
<line>Le Préfet de la DROME,</line>
<line>Chevalier de la Légion d'Honneur,</line>
<line>Officier de l'Ordre National du Mérite</line></par>
</text>
</block>
<block><region><rect/></region>
<text>
<par>
<line>VU la loi n® 87-565 du 22 juillet 1987 relative à l'organisation de la sécurité civile, à la protection</line>
<line>de la forêt contre l'incendie et à la prévention des risques majeurs, notamment ses articles 40-1 à</line>
<line>40-7 issus de la loi du 2 février 1995, instaurant les Plans de Prévention des Risques Naturels</line>
<line>prévisibles,</line></par>
<par>
<line>VU la loi n® 95-101 du 2 février 1995, relative au renforcement de la protection de</line>
<line>l'environnement,</line></par>
<par>
<line>VU le décret n® 82-390 du 10 mai 1982 modifié, relatif aux pouvoirs des Préfets et à l'action des</line>
<line>services et organismes de l'Etat dans le département,</line></par>
<par>
<line>VU le décret n® 95.1089 du 5 octobre 1995 relatif aux Plans de Prévention des Risques naturels</line>
<line>prévisibles,</line></par>
<par>
<line>VU l'arrêté préfectoral n® 703 du 25 février 2000, prescrivant le Plan de Prévention des Risques</line>
<line>d’inondation liés aux crues de la Galaure sur la commune de SAINT UZE,</line></par>
</text>
</block>
<block><region><rect/></region>
<text>
<par/>
</text>
</block>
<block><region><rect/></region>
<text>
<par>
<line>3, boulevard Vauban - 26030 VALENCE Cedex 9 - Téléphone :riIîCT803026 - Télécopie 04 75 42 87 55</line></par>
<par>
<line>o,»n ncAiiNUTï «ws LU posti fixe</line></par>
</text>
</block>



</page>
<page width="1673" height="2353" resolution="200">
<block><region><rect/></region>
<text>
<par>
<line>vu l'arrêté préfectoral n“ 02-4621 du 16 septembre 2002 rendant public le projet du Plan de</line>
<line>Prévention des Risques Naturels d'inondation sur la commune de SAINT UZE et prescrivant</line>
<line>l'enquête publique sur ce plan.</line></par>
<par>
<line>VU les conclusions de l'enquête publique à laquelle il a été procédé,</line></par>
<par>
<line>SUR PROPOSITION de Monsieur le Directeur Départemental de l'Equipement de la DROME,</line></par>
</text>
</block>
<block><region><rect/></region>
<text>
<par>
<line>ARRETE</line></par>
</text>
</block>
<block><region><rect/></region>
<text>
<par>
<line>ARTICLE 1er:</line></par>
</text>
</block>
<block><region><rect/></region>
<text>
<par>
<line>Est approuvé le Plan de Prévention des Risques Naturels Prévisibles d'inondation de</line>
<line>la commune de SAINT UZE.</line></par>
<par>
<line>ARTICLE 2 :</line></par>
<par>
<line>Les documents suivants sont annexés au Plan de Prévention des Risques :</line></par>
<par>
<line>• Un rapport de présentation,</line></par>
<par>
<line>• Un règlement,</line></par>
<par>
<line>• Une carte de zonage P.P.R. établie en novembre 2001,</line></par>
<par>
<line>• Une carte des aléas de crue établie en novembre 2001.</line></par>
<par>
<line>ARTICLE 3 :</line></par>
<par>
<line>Le Plan de Prévention des Risques Naturels Prévisibles de la commune de SAINT</line>
<line>UZE est tenu à la disposition du public aux jours et heures ouvrables à la mairie de SAINT UZE,</line>
<line>dans les locaux de la Direction Départementale de l'Equipement de la DROME à VALENCE, dans</line>
<line>les locaux de la Préfecture de la DROME à VALENCE (Cabinet - S.I.D.-P.C.), dans les locaux de</line>
<line>la Subdivision de l'Equipement de SAINT VALLIER.</line></par>
<par>
<line>ARTICLE 4 :</line></par>
<par>
<line>Le présent arrêté sera publié au Recueil des Actes Administratifs de la Préfecture et</line>
<line>mention en sera faite en caractères apparents dans les deux journaux régionaux ci-après :</line>
<line>"Drôme Info Hebdo" et "Le Dauphiné Libéré".</line></par>
<par>
<line>Cet avis sera également affiché, pendant un mois au minimum, à la mairie de SAINT</line>
<line>UZE et porté à la connaissance du public par tout autre procédé en usage dans cette commune.</line>
<line>Ces mesures de publicité seront justifiées par un certificat du Maire.</line></par>
</text>
</block>




</page>
<page width="1667" height="2349" resolution="200">
<block><region><rect/></region>
<text>
<par>
<line>ARTICLE 5 :</line></par>
</text>
</block>
<block><region><rect/></region>
<text>
<par>
<line>Le présent arrêté peut faire l’objet d’un recours contentieux devant le Tribunal</line>
<line>Administratif de GRENOBLE dans un délai de deux mois à compter de sa publication.</line></par>
<par>
<line>ARTICLES :</line></par>
</text>
</block>
<block><region><rect/></region>
<text>
<par>
<line>Des copies du présent arrêté seront adressées à :</line></par>
<par>
<line>- Madame la Ministre de l'Ecologie et du Développement Durable,</line></par>
<par>
<line>- Monsieur le Maire de SAINT UZE,</line></par>
<par>
<line>- Monsieur le Directeur Départemental de l'Equipement de la DROME,</line></par>
<par>
<line>- Monsieur le Directeur Départemental de l’Agriculture et de la Forêt</line></par>
<par>
<line>- Monsieur le Chef du S.I.D.-P.C. de VALENCE</line></par>
<par>
<line>Monsieur le Secrétaire Général de la Préfecture ainsi que Monsieur le Directeur</line></par>
</text>
</block>
<block><region><rect/></region>
<text>
<par>
<line>Départemental de l'Equipement de la DROME, sont chargés chacun en ce qui le concerne, de</line>
<line>l'exécution du présent arrêté,</line></par>
</text>
</block>
<block><region><rect/></region>
<text>
<par>
<line>Fait à VALENCE, le</line>
<line>Le Préfet,</line></par>
</text>
</block>
<block><region><rect/></region>
<text>
<par>
<line>Christian DECHARRIERE</line></par>
</text>
</block>



</page>
</PM1>