<?xml version="1.0" encoding="UTF-8"?><PM1>
<page width="2479" height="3504" resolution="300">
<block><region><rect/><rect/></region>
<text>
<par>
<line>m</line></par>
<par>
<line>Ubffriê * Égaille * Fraternité</line></par>
<par>
<line>République Française</line></par>
</text>
</block>
<block><region><rect/></region>
<text>
<par>
<line>PRÉFET DE L'AVEYRON</line></par>
</text>
</block>
<block><region><rect/><rect/></region>
<text>
<par>
<line>Arrêté du 27 inin 2018</line></par>
<par>
<line>Objet : Approbation du Flan de Prévention des Risques d'inondation sur le</line>
<line>territoire des communes de Mostuéjouls et Peyreleau.</line></par>
<par>
<line>LA PRÉFÈTE DE L'AVEYRON</line></par>
<par>
<line>Chevalier de la Légion d'Honneur.</line></par>
<par>
<line>VU le code de l'environneinent, notamment ses articles L et R 562-1 et suivant</line>
<line>relatifs aux Plans de Prévention des Risques naturels prévisibles,</line></par>
<par>
<line>VU le code de l'environnement, notamment ses articles L et R 123-1 et suivant</line>
<line>relatifs aux enquêtes publiques,</line></par>
<par>
<line>VU le décret n° 2005-3 du 4 janvier 2005 relatif à l'élaboration des plans de</line>
<line>prévention des risques naturels prévisibles,</line></par>
<par>
<line>VU l'arrêté préfectoral du 9 août 2017 prescrivant la révision du Plan de</line>
<line>Prévention des Risques d’inondation sur le territoire des communes de</line>
<line>Peyreleau et de Mostuéjouls et prenant en compte le risque "inondation",</line></par>
<par>
<line>VU l'arrêté préfectoral du 4 octobre 2017 prescrivant la mise à l'enquête</line>
<line>publique du projet de Plan de Prévention des Risques d'inondation sur le</line>
<line>territoire des communes de Peyreleau et de Mostuéjouls,</line></par>
<par>
<line>VU le rapport de Mme Elisabeth MAGNAN, commissaire enquêteur, en date</line>
<line>du 8 et 26 février 2018,</line></par>
<par>
<line>VU l'avis du Conseil municipal de Mostuqouls formulé par délibération en date</line>
<line>du 19 octobre 2017,</line></par>
<par>
<line>VU l'avis du Conseil municipal de Peyreleau formulé par délibération en date</line>
<line>du 14 décembre 2017,</line></par>
<par>
<line>VU l'avis de la Chambre d'agriculture en date du 7 novembre 2017,</line></par>
<par>
<line>VU l'avis du Conseil Départemental en date du 27 novembre 2017,</line></par>
<par>
<line>VU l'avis du Centre Régional de la Propriété Forestière en date du</line>
<line>1" décembre 2017,</line></par>
<par>
<line>VU le rapport de la Direction Départementale des Territoires</line></par>
<par>
<line>VU le projet de Plan de Prévention des Risques d'inondation établi par la</line>
<line>Direction Départementale des Territoires comportant une note de présentation,</line>
<line>une carte de zonage réglementaire et son règlement associé,</line></par>
<par>
<line>Sur proposition de Madame la Secréfedre Générale de la Préfecture ;</line></par>
</text>
</block>
<block><region><rect/></region>
<text>
<par>
<line>DIRECTION</line>
<line>DEPARTEMENTALE</line>
<line>DES TERIUTOIRES</line>
<line>Service Énergie,</line>
<line>Risques, Bâtiment et</line>
<line>Sécurité</line></par>
</text>
</block>
<block><region><rect/></region>
<text>
<par>
<line>Adresse postale ; 9 rue de Bruxelles Bourran BP 3370 12033 RODEZ CEDEX 9</line>
<line>lone : 05 65 73 50 00 _ Courriel : ddt@avevroii.eouv.&amp; _ Site internet : http://www.avevnm.Bouv.fr</line></par>
</text>
</block>





</page>
<page width="2479" height="3504" resolution="300">
<block><region><rect/></region>
<text>
<par>
<line>-ARRETE-</line></par>
</text>
</block>
<block><region><rect/></region>
<text>
<par>
<line>Article 1</line></par>
<par>
<line>Le Plan, de Prévention des Risques d’inondation sur le territoire des communes de Mostuéjouls et de</line>
<line>Pejreleau, annexé au présent arrêté, est approuvé. Ce document comporte, pour chaque commune,</line>
<line>la note de présentation, le zonage réglementaire et le règlement.</line></par>
<par>
<line>Article 2</line></par>
<par>
<line>Le présent arrêté est publié au recueil des actes administratifs de la Préfecture et affiché en mairie</line>
<line>des communes de Mostuéjouls et de Peyreleau.</line></par>
<par>
<line>Mention en est faite dans les quotidiens régionaux "Midi Libre" et "Centre Presse" diffusés dans le</line>
<line>département.</line></par>
<par>
<line>Chaque dossier communal est tenu à la disposition du public, dfflis les mairies de Mostuéjouls et de</line>
<line>Peyreleau et dans les bureaux de la Préfecture de l'Aveyron.</line></par>
</text>
</block>
<block><region><rect/></region>
<text>
<par>
<line>Article 3</line></par>
<par>
<line>La Secrétaire Générale de la Préfecture de lAveyron, les Maires des communes concernées, le</line>
<line>Directeur Départemental des Territoires, sont chargés, chacun en ce qui le concerne, de l'exécution</line>
<line>du présent arrêté dont copie est également transmise au Ministère de la Transition Écologique et</line>
<line>Solidaire, à la Chambre d'Agricultme, au Centre Régional de la Propriété Forestière, au Conseil</line>
<line>Départemental de l'Aveyron, au Syndicat Mixte du Grand Site des Gorges du Tarn, de la Jonte et</line>
<line>des Causses, à la Communauté de Communes Millau Grands Causses, au Parc Naturel Régional des</line>
<line>Grands Causses en tant que porteur du SCOT Sud Aveyron.</line></par>
</text>
</block>
<block><region><rect/></region>
<text>
<par>
<line>Article 4</line></par>
<par>
<line>Toute personne ayant un intérêt à agir peut exercer un recours devant le Tribunal Administratif</line>
<line>compétent dans im délai de 2 mois à compter de la publication ou de l'affichage du présent arrêté.</line></par>
</text>
</block>
<block><region><rect/></region>
<text>
<par>
<line>Catherine Sarlandie de La Robertie</line></par>
</text>
</block>






</page>
</PM1>