<?xml version="1.0" encoding="UTF-8"?><PM1>
<page width="2497" height="3521" resolution="300">
<block><region><rect/></region>
<text>
<par>
<line>PREFECTURE DE LA REGION</line>
<line>POITOU-CHARENTES</line>
<line>PREFECTURE DE LA VIENNE</line></par>
</text>
</block>
<block><region><rect/></region>
<text>
<par>
<line>ARRETE N°94-SIRACED-PC- 004</line>
<line>LE PREFET en date du 2 5 -HIH -</line></par>
<par>
<line>approuvant le plan d'exposition aux</line>
<line>risques naturels prévisibles inondations</line>
<line>et mouvements de terrain de la</line>
<line>commune de MONTMORJLLON</line></par>
</text>
</block>
<block><region><rect/></region>
<text>
<par>
<line>JtLB</line></par>
</text>
</block>
<block><region><rect/></region>
<text>
<par>
<line>LE PREFET DE LA REGION "POITOU-CHARENTES” ,</line>
<line>PREFET DE LA VIENNE ,</line></par>
<par>
<line>Chevalier de la Légion d'Honneur ,</line></par>
</text>
</block>
<block><region><rect/></region>
<text>
<par>
<line>~oo00§00oO"</line></par>
<par>
<line>Vu la loi n° 82-600 du 13 juillet 1982, relative à l'indemnisation des victimes des catastrophes</line>
<line>naturelles, modifiée ;</line></par>
<par>
<line>Vu la loi n° 87-565 du 22 Juillet 1987 relative à l'organisation de la sécurité civile, à la</line>
<line>protection de la forêt contre l'incendie et à la prévention des risques majeurs, notamment son article</line>
<line>43;</line></par>
<par>
<line>Vu le décret n° 93-351 du 15 mars 1993 relatif aux plans d'exposition aux risques naturels</line>
<line>prévisibles ;</line></par>
<par>
<line>Vu le code de Turbanisme et notamment ses articles L. 126-1 et R. 126-1 ,</line></par>
<par>
<line>Vu le code de l'expropriation pour cause d'utilité publique et notamment ses articles R. 11.4 à</line>
<line>R.1113 .</line></par>
<par>
<line>Vu l'arrêté préfectoral n° 91-PC-002 en date du 28 mai 1991 prescrivant l'établissement du</line>
<line>plan d’exposition aux risques de MONTMORILLON ,</line></par>
<par>
<line>Vu l'avis favorable émis par le conseil municipal lors de sa délibération du 15 avril 1993 ,</line></par>
<par>
<line>Vu l'arrêté préfectoral n° 94-PC-OOl en date du 3 mars 1994 prescrivant l'ouverture d'une</line>
<line>enquête publique sur le plan d'exposition aux risques susvisé ;</line></par>
<par>
<line>Vu les conclusions et le rapport du commissaire enquêteur émis à la suite de l'enquête</line>
<line>publique à laquelle il a été procédé du 14 mars au 15 avril 1994 inclus ,</line></par>
<par>
<line>Vu l'avis favorable émis sur les résultats de l'enquête susvisée par le conseil municipal de</line>
<line>MONTMORILLON par délibération du 23 juin 1994 ;</line></par>
<par>
<line>Sur proposition du Sous-Préfet, directeur de cabinet ;</line></par>
<par>
<line>REPUBLIQUE FRANÇAISE</line>
<line>Liberté Egtilüè Fraternité</line></par>
</text>
</block>





</page>
<page width="2492" height="3517" resolution="300">
<block><region><rect/></region>
<text>
<par>
<line>ARRETE •</line></par>
</text>
</block>
<block><region><rect/></region>
<text>
<par>
<line>ARTICLE 1er : Est approuvé, tel qu'il est annexé au présent arrêté, le plan d'exposition aux risques</line>
<line>naturels prévisibles "inondations et mouvements de terrain" de la commune de MONTMORILLON ,</line></par>
<par>
<line>ARTICLE 2 : Le P.E.R, comprend ;</line></par>
<par>
<line>- un rapport de présentation,</line></par>
<par>
<line>- des plans de zonage à l'échelle du 1/2000,</line></par>
<par>
<line>- un règlement,</line></par>
<par>
<line>- les annexes .</line></par>
<par>
<line>ARTICLE 3 : Le présent arrêté sera publié au recueil des actes administratifs de la préfecture et fera</line>
<line>l'objet d'une mention dans les deux journaux locaux ci-après :</line></par>
<par>
<line>-La Nouvelle République du Centre-Ouest,</line></par>
<par>
<line>-Centre Presse .</line></par>
<par>
<line>Une copie de cet arrêté sera affichée à la mairie pendant 30 jours</line></par>
<par>
<line>Les mesures de publicité en mairie seront justifiées par un certificat du maire Ce certificat et un</line>
<line>exemplaire des journaux devra figurer au dossier du plan d'exposition aux risques approuvé .</line></par>
<par>
<line>ARTICLE 3 : Le plan d'exposition aux risques approuvé et l'ensemble des documents de la</line>
<line>procédure seront tenus à la disposition du public :</line></par>
<par>
<line>- à la mairie de MONTMORILLON</line></par>
<par>
<line>- à la préfecture -SIRACED &amp; PC,</line></par>
<par>
<line>les jours ouvrables et aux heures d'ouverture au public de ces services</line></par>
<par>
<line>La mention de ces mesures de publicité et des lieux où les documents peuvent être</line>
<line>consultés sera faite avec l'affichage du présent arrêté .</line></par>
</text>
</block>
<block><region><rect/></region>
<text>
<par>
<line>ARTICLE 4 : Le plan d'exposition aux risques, constituant une servitude d'utilité publique, il sera</line>
<line>annexé au plan d'occupation des sols , conformément aux dispositions de l'article R. 123-36 du code</line>
<line>de l'urbanisme</line></par>
</text>
</block>
<block><region><rect/></region>
<text>
<par>
<line>ARTICLE 5 : le directeur de cabinet , le sous-préfet de MONTMORILLON, le directeur</line>
<line>départemental de l'équipement, le maire de MONTMORILLON sont chargés, chacun en ce qui le</line>
<line>concerne, de l'exécution du présent arrêté</line></par>
</text>
</block>
<block><region><rect/></region>
<text>
<par>
<line>Fcur Dn~p’!^ition,</line></par>
</text>
</block>
<block><region><rect/></region>
<text>
<par>
<line>et = V-</line></par>
</text>
</block>
<block><region><rect/></region>
<text>
<par/>
</text>
</block>
<block><region><rect/></region>
<text>
<par>
<line>le si ".C,</line></par>
</text>
</block>
<block><region><rect/></region>
<text>
<par/>
</text>
</block>
<block><region><rect/></region>
<text>
<par>
<line>STOFIELLÏ</line></par>
</text>
</block>
<block><region><rect/></region>
<text>
<par>
<line>Fait à Poitiers, le 2 5 JUIL 1994</line></par>
</text>
</block>
<block><region><rect/></region>
<text>
<par>
<line>Yves MANSILLON</line></par>
</text>
</block>







</page>
</PM1>