<?xml version="1.0" encoding="UTF-8"?><PM1>
<page width="2479" height="3504" resolution="300">
<block><region><rect/></region>
<text>
<par>
<line>- J m</line></par>
</text>
</block>
<block><region><rect/></region>
<text>
<par>
<line>DIRECTION DES ACTIONS</line>
<line>INTERMINISTERIELLES</line>
<line>Bureau de l'Urbanisme et</line>
<line>de l'Environnement</line></par>
</text>
</block>
<block><region><rect/></region>
<text>
<par>
<line>PREFECTURE DE LA LOZ</line></par>
</text>
</block>
<block><region><rect/></region>
<text>
<par>
<line>ERE</line></par>
</text>
</block>
<block><region><rect/></region>
<text>
<par>
<line>Mende le 2 juillet 1998</line></par>
</text>
</block>
<block><region><rect/></region>
<text>
<par>
<line>ARRETE PREFECTORAL N“98-1114</line></par>
<par>
<line>portant approbation du Plan de Prévention des Risques d'inondation sur le</line>
<line>territoire des communes du MALZIEU-VILLE et du MALZIEU-FORAIN</line></par>
</text>
</block>
<block><region><rect/></region>
<text>
<par>
<line>Le Préfet du Département de la Lozère</line>
<line>Chevalier de l'Ordre Nah'onal du Mérite,</line></par>
</text>
</block>
<block><region><rect/></region>
<text>
<par>
<line>VU la loi n” 82-600 du 13 juillet 1982 relative à l'indemnisation des victimes de</line>
<line>catastrophes naturelles ;</line></par>
<par>
<line>VU la loi n* 87-565 du 22 juillet 1987 modifiée, relati\« à l'organisation de la sécurité</line>
<line>civile, à la protection de Ja forêt contre Tincendie et à la prévention des risques</line>
<line>majeurs, notamment ses articles 40-1 à 40-7 issus de la loi n‘ 95-101 du 2 février</line>
<line>1995;</line></par>
<par>
<line>VU la loi n" 92-3 du 3 janvier 1992 sur l'eau, notamment l’article 10 :</line></par>
<par>
<line>VU la loi n* 95-101 du 2 février 1995 relative au renforcemenf de la protection de</line>
<line>l'environnement ;</line></par>
<par>
<line>VU le décret n” 95-1089 du 5 octobre 1995 relatif aux plans de prévention des risques</line>
<line>naturels prévisibles ;</line></par>
<par>
<line>VU le rapport relatif à l'enquête publique qui s'est déroulée du 20 avril 1998 au 10 mai</line>
<line>1998 inclus et les conclusions favorables du commissaire enquêteur ;</line></par>
<par>
<line>VU l'avis des services consultés ;</line></par>
<par>
<line>VU l’avis de la Chambre d’Agriculture du 18 mai 1998,</line></par>
<par>
<line>VU la délibération du Conseil Municipal du Maizieu-Ville du 29 mal 1998 ;</line></par>
<par>
<line>SUR proposition de Monsieur le Secrétaire Général de la Préfecture de la Lozère ;</line></par>
</text>
</block>
<block><region><rect/></region>
<text>
<par>
<line>REPUBLIQUE Ft^ANÇAISE</line>
<line>Lherté Égalité t^ntemité</line></par>
<par>
<line>préfecture de la LOZÈRE - Z. RUE DE LA ROVÈRE - 48005 MENDE CEDEX - TÉLÉPHONE 04-85-49-60-00 - FAX 04-66-49-17-23</line></par>
</text>
</block>






</page>
<page width="2538" height="3546" resolution="300">
<block><region><rect/></region>
<text>
<par>
<line>ARRETE</line></par>
</text>
</block>
<block><region><rect/></region>
<text>
<par>
<line>ARTICLE 1</line></par>
<par>
<line>Est approuvé, te] qu’il est annexé au présent anrèté fe ptan de prévention des risques</line>
<line>(P.P.R.) d'inondation prescrit sur le territoire des communes du MALZIEU-VILLE et du</line>
<line>MALZIEU-FORAIN.</line></par>
<par>
<line>ARTICLE 2</line></par>
<par>
<line>Le dossier afférent au plan de prévention des risques d'inondation se compose :</line></par>
<par>
<line>~ d'un rapport de présentation,</line></par>
<par>
<line>- de deux plans de cartographie des zones inondables,</line></par>
<par>
<line>- d’un règJemenL</line></par>
<par>
<line>ARTICLE 3</line></par>
<par>
<line>Le dossier de plan de prévention des risques et le présent arrêté seront tenus à la</line>
<line>disposition du public :</line></par>
<par>
<line>- dans les mairiee concernées.</line></par>
<par>
<line>- â la Préfecture de la Lozère,</line></par>
<par>
<line>- au siège de fa Direction Départementale de l’Equipement de la Lozère,</line></par>
<par>
<line>A Avenue de la Gare 48000 MENDE.</line></par>
<par>
<line>ARTICLE 4</line></par>
<par>
<line>Le présent arrêté sera publié au recueil des actes administratifs de t'Etat dans le</line>
<line>département de la Lozère et mention en sera faite dans les journaux "MIDI LIBRE" et</line>
<line>LOZERE NOUVELLE-</line></par>
<par>
<line>ARTiCLE 5</line></par>
<par>
<line>Des ampliations de cet arrêté seront notifiées à ;</line></par>
<par>
<line>• Monsieur le Maire de la commune du MALZIEU-VILLE</line></par>
<par>
<line>• Monsieur le Maire de la commune du MALZIEU-FORAIN</line></par>
<par>
<line>• Monsieur le Directeur des Services du Cabinet de la Préfecture</line></par>
<par>
<line>• Monsieur le Directeur Départemental de l'Equipement</line></par>
<par>
<line>• Monsieur !e Directeur Départemental de l'Agriculture et de la Forât</line></par>
<par>
<line>« Monsieur le Chef du Service Départemental d'incendie et de Secours</line></par>
</text>
</block>
<block><region><rect/></region>
<text>
<par>
<line>ARTICLE 6</line></par>
<par>
<line>Monsieur le Secrétaire Général de la Préfecture de la Lozère, Monsieur le Maire de la</line>
<line>commune du MALZIEU-VILLE, Monsieur le Maire de ta commune du MALZIEU-FORAIN.</line>
<line>Monsieur Je Directeur Départemental de l'Equipement, sont chargés chaojn en ce qui le</line>
<line>concerne, de l’application du présent arrêté.</line></par>
</text>
</block>
<block><region><rect/></region>
<text>
<par>
<line>Itar unitfiaiion</line></par>
</text>
</block>
<block><region><rect/></region>
<text>
<par>
<line>le Préfet,</line></par>
</text>
</block>
<block><region><rect/></region>
<text>
<par>
<line>Alain WEIL</line></par>
</text>
</block>
<block><region><rect/></region>
<text>
<par>
<line>le^ClaireVIOLILAC</line></par>
</text>
</block>








<block blockType="Picture" blockName="" l="399" t="3127" r="466" b="3214"><region><rect/></region>
</block>
<block blockType="Picture" blockName="" l="522" t="3244" r="635" b="3285"><region><rect/></region>
</block>
</page>
</PM1>