<?xml version="1.0" encoding="UTF-8"?><PM1>
<page width="2479" height="3508" resolution="300">
<block><region><rect/></region>
<text>
<par>
<line>mm</line></par>
<par>
<line>Libené ' ■ frai^rnir^</line></par>
<par>
<line>RipuBLiQui: Française</line></par>
</text>
</block>
<block><region><rect/></region>
<text>
<par>
<line>PRÉFECTURE DU GARD</line></par>
</text>
</block>
<block><region><rect/></region>
<text>
<par>
<line>Nîmes, le 03 juillet 2008</line></par>
</text>
</block>
<block><region><rect/></region>
<text>
<par>
<line>ARRÊTÉ PRÉFECTORAL</line></par>
<par>
<line>PORTANT APPROBATION DU PLAN DE PRÉVENTION DES RISQUES D'INONDATION</line>
<line>DU MOYEN VIDOURLE POUR LES COMMUNES DE:</line></par>
<par>
<line>AIGREMONT, AUBAIS, BROUZET LES QUISSAC, CANNES ET CLAIRAN, CORCONNE,</line>
<line>CRESPIAN, FONTANES, GAILHAN, JUNAS, LECQUES, MAURESSARGUES,</line>
<line>MONTMIRAT, MOULEZAN, ORTHOUX-SERIGNAC-QUILHAN, SALINELLES, SARDAN,</line>
<line>SOMMIERES, SOUVIGNARGUES, VIC-LE-FESQ et VILLEVIELLE.</line></par>
</text>
</block>
<block><region><rect/></region>
<text>
<par>
<line>ARRÊTÉ N° 2008-185-4</line></par>
</text>
</block>
<block><region><rect/></region>
<text>
<par>
<line>LE PRÉFET DU GARD</line></par>
<par>
<line>Chevalier de la légion d'honneur</line>
<line>Officier de l' ordre national du mérite</line></par>
</text>
</block>
<block><region><rect/></region>
<text>
<par>
<line>VU le code de l'environnement et notamment ses articles L562-1 à L562-9 et les articles R 562-1 et</line>
<line>suivants;</line></par>
<par>
<line>VU le code de la construction et de l'habitation;</line></par>
<par>
<line>VU le code de l'urbanisme et notamment son article L 126.1;</line></par>
<par>
<line>VU la loi n°2003-699 du 30 juillet 2003 relative à la prévention des risques technologiques et</line>
<line>naturels et à la réparation des dommages;</line></par>
<par>
<line>VU l'arrêté préfectoral n° 2002-S-010 du 25 septembre 2002 portant sur l'extension du périmètre du</line>
<line>PPRI Moyen Vidourle aux communes d'Aigremont, de Brouzet Les Quissac, de Cannes et Clairan,</line>
<line>de Corconne, de Crespian, de Mauressargues, de Montmirat, de Moulézan et de Souvignargues;</line></par>
<par>
<line>VU l'arrêté préfectoral n° 20041217TL du 17 décembre 2004 portant sur la révision du PPRi</line>
<line>Moyen Vidourle sur les communes d'Aubais, de Fontanès, de Gailhan, de Junas, de Lecques,</line>
<line>d'Orthoux-Sérignac, de Sardan, de Salinelles, de Sommières, de Vic le Fesq et de Villevielle;</line></par>
<par>
<line>VU l'arrêté préfectoral n° 2007/327-4 en date du 23 novembre 2007 prescrivant l'ouverture d'une</line>
<line>enquête publique du 12 décembre 2007 au 28 janvier 2007 inclus sur le projet de plan de prévention</line>
<line>des risques d'inondation du Moyen Vidourle sur le territoire des communes citées en titre.</line></par>
</text>
</block>

<block blockType="Picture" blockName="" l="235" t="235" r="2245" b="3273"><region><rect/></region>
</block>
</page>
<page width="2479" height="3508" resolution="300">
<block><region><rect/></region>
<text>
<par>
<line>VU les pièces constatant que l'arrêté préfectoral n° 2007/327-4 en date du 23 novembre 2007 a été</line>
<line>publié, affiché et a fait l'objet d'un avis inséré, quinze jours au moins avant l'ouverture de l'enquête</line>
<line>et rappelé dans les huit premiers jours de celle-ci, dans deux journaux régionaux ou locaux diffusés</line>
<line>dans le département et que le dossier d'enquête est resté déposé 48 jours du 12 décembre 2007 au 28</line>
<line>janvier 2008 inclus dans les communes citées en titre;</line></par>
<par>
<line>VU le dossier soumis à l'enquête publique</line></par>
<par>
<line>Vu le rapport et les conclusions de la commission d'enquête du 28 février 2008</line></par>
<par>
<line>Vu les avis réputés favorables du syndicat mixte du SCOT Sud Gard, du syndicat mixte du SCOT</line>
<line>du Pays des Cévènnes, du syndicat mixte interdépartemental d'aménagement du Vidourle, du centre</line>
<line>régional de la propriété forestière, du conseil régional Languedoc-Roussillon, du conseil général du</line>
<line>Gard.</line></par>
<par>
<line>Vu les observations présentées par la chambre d'agriculture du département du Gard en date du 17</line>
<line>décembre 2007.</line></par>
<par>
<line>Vu les avis réputés favorables des conseils municipaux des communes de Aigremont, de Crespian,</line>
<line>de Gailhan, de Lecques, de Mauressargues, de Souvignargues, de Vic le Fesq, de Villevieille</line></par>
<par>
<line>Vu les avis favorables des conseils municipaux des communes de Aubais, de Salinelles;</line></par>
<par>
<line>Vu les avis réservés des conseils municipaux des communes de Cannes et Clairan, de Fontanès, de</line>
<line>Junas, d'Orthoux-Sérignac-Quilhan, de Moulézan,, de Sardan de Sommières;</line></par>
<par>
<line>Vu les avis défavorables des conseils municipaux des communes de Brouzet les Quissac, de</line>
<line>Corconne, de Montmirat;</line></par>
</text>
</block>
<block><region><rect/></region>
<text>
<par>
<line>Considérant que les remarques recevables émises, d'une part par les municipalités et les autres</line>
<line>collectivités territoriales lors de la consultation des assemblées délibérantes et d'autre part par les</line>
<line>maires et les particuliers lors de l'enquête publique, ont conduit à adapter le plan de prévention des</line>
<line>risques d'inondation;</line></par>
</text>
</block>
<block><region><rect/></region>
<text>
<par>
<line>SUR proposition du directeur départemental de l'équipement du Gard,</line></par>
</text>
</block>
</page>
<page width="2479" height="3508" resolution="300">
<block><region><rect/></region>
<text>
<par>
<line>ARRÊTE</line></par>
</text>
</block>
<block><region><rect/></region>
<text>
<par>
<line>ARTICLE 1 : Le plan de prévention des risques naturels prévisibles inondations (PPRi) du</line>
<line>" Moyen Vidourle " intéressant les communes suivantes: Aigremont, Aubais, Brouzet-Lès-Quissac,</line>
<line>Cannes et Clairan, Corconne, Crespian, Fontanès, Gailhan, Junas, Lecques, Mauressargues,</line>
<line>Montmirat, Moulézan, Orthoux-Sérignac-Quilhan, Salinelles, Sardan, Sommières, Souvignargues,</line>
<line>Vic-Le-Fesq et Villevielle est approuvé conformément au dossier annexé, qui comprend les pièces</line>
<line>suivantes:</line></par>
</text>
</block>
<block><region><rect/></region>
<text>
<par>
<line>1-Note de présentation</line></par>
<par>
<line>2-Règlement</line></par>
<par>
<line>3-Plans de zonage règlementaire</line></par>
<par>
<line>ARTICLE 2 : En application de l'article L 562-4 du code de l'environnement, le plan de prévention</line>
<line>des risques naturels prévisibles approuvé vaut servitude d'utilité publique. A ce titre, il sera annexé</line>
<line>aux documents d'urbanismes des communes concernées, conformément à l'article L 126-1 du code</line>
<line>de l'urbanisme.</line></par>
<par>
<line>ARTICLE 3 : Les maires des communes concernées disposent d'un délai de trois mois à la date</line>
<line>d'approbation pour annexer le PPRi approuvé à leur document d'urbanisme;</line></par>
<par>
<line>ARTICLE 4 : Le dossier du PPRi approuvé est tenu à la disposition du public dans les mairies</line>
<line>concernées, à la préfecture du Gard et à la Direction Départementale de l'équipement du Gard, aux</line>
<line>jours et heures d'ouvertures habituels dans leurs bureaux respectifs;</line></par>
<par>
<line>ARTICLE 5: Le présent arrêté et les mesures de publicité susmentionnées feront l'objet:</line></par>
</text>
</block>
<block><region><rect/></region>
<text>
<par>
<line>-d'une mention au recueil des actes administratifs de l'État dans le département du Gard,</line></par>
<par>
<line>-d'un avis public publié dans deux journaux régionaux ou locaux diffusés dans le département ,</line>
<line>-d'un affichage dans les mairies concernées pendant une durée d'un mois au minimum.</line></par>
</text>
</block>
<block><region><rect/></region>
<text>
<par>
<line>ARTICLE 6: La secrétaire générale de la préfecture du Gard, les maires des communes concernées,</line>
<line>la directrice départementale de l'agriculture et de la forêt, le directeur départemental de</line>
<line>l'équipement, sont chargés, chacun en ce qui le concerne, de l'exécution du présent arrêté qui sera</line>
<line>affiché dans les mairies concernées et publié au recueil des actes administratifs de la préfecture du</line>
<line>Gard.</line></par>
</text>
</block>
<block><region><rect/></region>
<text>
<par>
<line>Le préfet,</line>
<line>SIGNE</line></par>
</text>
</block>
<block><region><rect/></region>
<text>
<par>
<line>Dominique Bellion</line></par>
</text>
</block>
</page>
</PM1>