<?xml version="1.0" encoding="UTF-8"?><PM1>
<page width="2496" height="3516" resolution="300">
<block><region><rect/></region>
<text>
<par>
<line>Liberté • Ôga.llté * Pralemité</line></par>
<par>
<line>Rétubliqüe Française</line></par>
</text>
</block>
<block><region><rect/></region>
<text>
<par>
<line>PREFECTURE DE LA HAUTE-LOIRE</line></par>
</text>
</block>
<block><region><rect/></region>
<text>
<par>
<line>ARgApprQûPPRIRosiàresAS</line></par>
<par>
<line>DIRECTION DES ACTIONS INTERMINISTERIELLES</line>
<line>2ème DIRECTION - Ier BUREAU</line>
<line>ARRETE N- D2-B1-2009/A 3 ^</line></par>
<par>
<line>portant approbation du Plan de Prévention du Risque Inondation (P.P.R.I.) de la Suissesse et du</line></par>
<par>
<line>Coindet sur la commune de Rosières</line></par>
<par>
<line>LE PREFET DE LA HAUTE-LOIRE</line></par>
<par>
<line>VU le code de ['urbanisme ;</line></par>
<par>
<line>VU le code de la construction et de l’habitation</line></par>
<par>
<line>VU le code de l'expropriation pour cause d'utilité publique, notamment ses articles R 11-4 â R 11-14 ;</line></par>
<par>
<line>VU le code ds l'environnement, articles L 562.1 et suivants et R 562-1 et suivants j</line></par>
<par>
<line>VU l'arrêté préfectoral du 9 mars 2001 prescrivant l'établissement d'un Plan de Prévention du Risque</line>
<line>Inondation (P.P.R.l.) de la Suissesse et du Coindet sur la commune de Rosières ;</line></par>
<par>
<line>VU les pièces du dossier établi par les services de la direction départementale de l'équipement ;</line></par>
<par>
<line>VU i’avis favorable du 4 juillet 2008 du conseil municipal de Rosières;</line></par>
<par>
<line>VU l'avis favorable du 21 juillet 2008 du conseil de la communauté de communes de ('Emblavez;</line></par>
<par>
<line>VU l'avis favorable du 30 juin 2008 du Centre régional de la propriété forestière d'Auvergne,</line></par>
<par>
<line>VU l’avis réputé favorable du Conseil Général de la Haute-Loire,</line></par>
<par>
<line>VU l'avis favorable sous réserves émis le l®' septembre 2008 par la chambre d’agriculture,</line></par>
<par>
<line>VU l’avis du 25 août 2008 du Directeur départemental de l’agriculture et de ta forêt,</line></par>
<par>
<line>VU le dossier adressé à la Préfecture le 7 octobre 2008 pour être soumis à enquête publique,</line></par>
<par>
<line>VU l'arrêté préfectoral n° DI PE 2008/420 du 21 octobre 2008 prescrivant l'enquête publique relative au projet</line>
<line>d'établissement d'un Plan de Prévention du Risque Inondation (P.P.R.I.) de la Suissesse et du Coindet sur la</line>
<line>commune de Rosières du 17 novembre au 19 décembre 2009 inclus.</line></par>
<par>
<line>VU l'avis favorable émis le 30 décembre 2000 par le commissaire enquêteur,</line></par>
<par>
<line>VU le courrier du f 6 juin 2009 du Directeur départemental de l'équipement et de l’agriculture</line></par>
<par>
<line>Considérant que les résultats de ladite enquête ne nécessitent pas de modification du dossier;</line></par>
<par>
<line>SUR proposition du Directeur départemental de l'équipement et de l'agriculture;</line></par>
</text>
</block>
<block><region><rect/></region>
<text>
<par>
<line>ARRETE :</line></par>
</text>
</block>




</page>
<page width="2497" height="3516" resolution="300">
<block><region><rect/></region>
<text>
<par>
<line>ARTICLE 1er - Est approuvé, tel qu'il est annexé au présent arrêté, le Pian de Prévention du Risque</line>
<line>Inondation (PPRI) de la Suissesse et du Coindet sur la commune de Rosières.</line></par>
<par>
<line>ARTICLE 2 - Le présent arrêté fera l'objet d'une mention au recueil des actes administratifs de la Préfecture</line>
<line>ainsi que dans un Journal diffusé dans le département,</line></par>
<par>
<line>ARTICLE 3 - Une copie du présent arrêté sera affichée à la mairie de Rosières et au siège de la</line>
<line>communauté de communes de i'Emblavez pendant une durée minimum de 1 mois.</line></par>
<par>
<line>ARTICLE 4 - Le Plan de Prévention du Risque Inondation sera tenu à la disposition du public</line></par>
<par>
<line>- à la Préfecture de la Haute-Loire,</line></par>
<par>
<line>- à la Direction départementaie de l'équipement et de l’agriculture,</line></par>
<par>
<line>- à la Mairie de Rosières ,</line></par>
<par>
<line>- au siège de la communauté de communes de I’Emblavez.</line></par>
<par>
<line>ARTICLE 5 - Le présent arrêté sera notifié à :</line></par>
<par>
<line>- M. le Maire de Rosières,</line></par>
<par>
<line>- M le Président de la communauté de communes de I’Emblavez,</line></par>
<par>
<line>- M. le Directeur départemental de l’équipement et de l’agriculture,</line></par>
<par>
<line>- M. le Directeur régional de l'environnement Auvergne,</line></par>
<par>
<line>- IVI le Ministre de l'écologie, de l'énergie, du développement durable et de l'aménagement du territoire.</line></par>
<par>
<line>ARTICLE 6 - Le présent P.P.R.I. valant servitude d'utilité publique sera annexé au document d'urbanisme de</line>
<line>la commune de Rosières qui sera mis à jour conformément aux dispositions prévues à l'article R 126.2 du</line>
<line>code de l'urbanisme,</line></par>
<par>
<line>ARTICLE 7 - Le Secrétaire Général de la Préfecture de la Haute-Loire, le Directeur des Services du Cabinet,</line>
<line>le Maire de Rosières, le Président de la communauté de communes de I'Emblavez et le Directeur</line>
<line>départemental de l'équipement et de l'agriculture sont chargés, chacun en ce qui le concerne, de l’exécution</line>
<line>du présent arrêté.</line></par>
</text>
</block>
<block><region><rect/></region>
<text>
<par>
<line>Au PUY-EN-VELAY, ie</line></par>
</text>
</block>
<block><region><rect/></region>
<text>
<par>
<line>■2 4 » 2009</line></par>
</text>
</block>
<block><region><rect/><rect/><rect/></region>
<text>
<par>
<line>Pour le Préfet</line>
<line>Le Sec.-fetaire Générai</line></par>
</text>
</block>
<block><region><rect/></region>
<text>
<par>
<line>Robert ROUQUETT</line></par>
</text>
</block>
<block><region><rect/></region>
<text>
<par/>
</text>
</block>
<block><region><rect/></region>
<text>
<par>
<line>2/2</line></par>
</text>
</block>









</page>
</PM1>