<?xml version="1.0" encoding="UTF-8"?><PM1>
<page width="2487" height="3510" resolution="300">
<block><region><rect/></region>
<text>
<par>
<line>mm</line></par>
<par>
<line>Liberté * Egalité ■ Fraternité</line></par>
<par>
<line>République Française</line></par>
<par>
<line>PRÉFÈTE DE L’ESSONNE</line>
<line>PRÉFET DES YVELINES</line></par>
</text>
</block>
<block><region><rect/></region>
<text>
<par>
<line>ARRÊTÉ INTER-PREFECTORAJL</line></par>
<par>
<line>n° 2017 - DDT - SE - 436 du 16 juin 2017</line>
<line>portant approbation du</line></par>
<par>
<line>plan de prévention des risques naturels prévisibles d'inondation</line>
<line>des cours d’eau de l'Orge et de la Sallemouille dans les départements</line>
<line>de l'Essonne et des Yvelines</line></par>
</text>
</block>
<block><region><rect/></region>
<text>
<par>
<line>LA PRÉFÈTE DE L’ESSONNE LE PRÉFET DES YVELINES</line></par>
<par>
<line>Chevalier de la Légion d’Honneur Chevalier de l’Ordre National du Mérite</line></par>
<par>
<line>Officier de l’Ordre National du Mérite</line>
<line>Chevalier des Palmes académiques</line>
<line>Chevalier du Mérite Agricole</line></par>
</text>
</block>
<block><region><rect/></region>
<text>
<par>
<line>VU le code de l'enviroiinement, notamment ses articles L.562-1 à L.562-8, et R.562-1 à R.562-10-2 ;</line></par>
<par>
<line>VU le code de Turbanisme, notamment ses articles L.161-1, L162-], L.163-10, L.151-43, L.153-60,</line>
<line>L.152-7etR.161-8;</line></par>
<par>
<line>VU le code des assurances, notamment ses articles L.125-1 à L, 125-6 ;</line></par>
<par>
<line>VU le décret n°2004-374 du 29 avril 2004 relatif aux pouvoirs des préfets, à l’organisation et à</line>
<line>l’action des services de l’État dans les régions et départements ;</line></par>
<par>
<line>VU le décret du 21 avril 2016, portant nomination de Madame Josiane CHEVALIER, en qualité de</line>
<line>préfète de l’Essonne ;</line></par>
<par>
<line>VU le décret du 23 juillet 2015 portant nomination de Monsieur Serge MORVAN, en qualité de préfet</line>
<line>des Yvelines ;</line></par>
<par>
<line>VU le plan d'exposition aux risques prévisibles sur l'Orge aval, approuvé le 13 décembre 1993 pour les</line>
<line>communes d'Athis-Mons, Épinay-sur-Orge, Juvisy-sur-Orge, Leuville-sur-Orge, Longpont-sur-</line>
<line>Orge, Morsang-sur-Orge, Sainte-Geneviève-des-Bois, St-Michel-sur-Orge, Saint-Germain-lès-Arpajon,</line>
<line>Villemoisson-sur-Orge, Villiers sur Orge, Viry-Châtillon, approuvé le 31 mars 1994 pour la commune</line>
<line>Savigny-sur-Orge et approuvé le 2 août 1994 pour la commune de Brétigny-sur-Orge ;</line></par>
<par>
<line>VU l'anrêté préfectoral du 2 novembre 1992 portant délimitation du périmètre des zones à risque</line>
<line>d'inondation des cours d'eau non domaniaux, pris en application de l'article R.111-3 du code de</line>
<line>l'urbanisme, pour les communes de Saint-Martin-de-Bréthencourt et de Sainte-Mesme ;</line></par>
<par>
<line>VU l'arrêté préfectoral n°2000/DDE/STEPE/0302 du 19 décembre 2000 prescrivant un Plan de</line>
<line>prévention des risques inondation de la vallée de l'Orge supérieure, pour les communes de Dourdan,</line>
<line>Roinville-sous-Dourdan, Seimaise, Saint-Chéron, Breux-Jouy, Breuillet, Saint-Yon, Égly, Bruyères-le-</line>
<line>Châtel, Ollainville et Arpajon ;</line></par>
<par>
<line>VU le plan de prévention des risques d’inondation de la Seine dans le département de l'Essonne,</line>
<line>approuvé par arrêté préfectoral n°2003-PRERDCL/0375 du 20 octobre 2003 ;</line></par>
</text>
<text>
<par>
<line>1/4</line></par>
</text>
</block>
</page>
<page width="2479" height="3504" resolution="300">
<block><region><rect/></region>
<text>
<par>
<line>vu le plan de prévention des risques d’inondation de la vallée de l’Yvette dans le département de</line>
<line>l'Essonne, approuvé par arrêté préfectoral n°2006-PREF,DRCL/566 du 26 septembre 2006,</line></par>
<par>
<line>VU l’arrêté inter-préfectoral 2012-DDT-SE n°629 du 21 décembre 2012 prescrivant l'établissement du</line>
<line>plan de prévention des risques naturels prévisibles d'inondation des cours d’eau de l'Orge et de la</line>
<line>Sallemouille dans les départements de l'Essonne et des Yvelines ;</line></par>
<par>
<line>VU l’arrêté inter-préfectoral 2015-DDT-SE n°676 du 21 décembre 2015 portant prorogation du délai</line>
<line>d'établissement du plan de prévention des risques naturels prévisibles d'inondation des cours d'eau de</line>
<line>l'Orge et de la Sallemouille dans les départements de l'Essonne et des Yvelines ;</line></par>
<par>
<line>VU les consultations officielles qui se sont déroulées du 25 mars 2015 au 25 mai 2015 conformément</line>
<line>à l'article R.562-7 du code de l'environnement ;</line></par>
<par>
<line>VU l’arrêté préfectoral du 7 décembre 2015 portant approbation du plan de gestion des risques</line>
<line>d’inondation (PGRl) du bassin Seine-Normandie ;</line></par>
<par>
<line>VU les secondes consultations officielles qui se sont déroulées du 18 octobre 2016 au 18 décembre</line>
<line>2016 suite à la modification du projet de PPRI conformément à l'article R.562-7 du code de</line>
<line>l'enviroimement ;</line></par>
<par>
<line>VU l'arrêté inter-préfectoral n'’2017-PREF/DRCL/BEPAFESSPILL/047 du 2 février 2017 prescrivant</line>
<line>l'ouverture d'une enquête publique préalable à l’élaboration du plan de prévention des risques naturels</line>
<line>prévisibles d'inondation des cours d’eau de l’Orge et de la Sallemouille dans les départements de</line>
<line>l'Essonne et des Yvelines ;</line></par>
<par>
<line>VU le rapport et les conclusions de la commission d’enquête du 18 mai 2017 suite à l'enquête publique</line>
<line>qui s'est déroulée du 13 mars 2017 au 21 avril 2017 inclus ;</line></par>
<par>
<line>CONSIDÉRANT qu’il convient de mettre en œuvre des dispositions destinées notamment à maîtriser</line>
<line>l’urbanisation dans les zones à risque, à assurer la sécurité des persormes et des biens, à réduire la</line>
<line>vulnérabilité des biens existants et à préserver les champs d'expansion des crues ;</line></par>
<par>
<line>CONSIDÉRANT que la mise en œuvre de la politique de prévention du risque d’inondation et de</line>
<line>gestion des zones inondables des vallées de l’Orge et de la Sallemouille conduit à prendre :</line></par>
<par>
<line>• des mesures d'interdiction ou de prescription ;</line></par>
<par>
<line>• des mesures de prévention, de protection et de sauvegarde ;</line></par>
<par>
<line>• des mesures relatives à l'aménagement, l’utilisation ou l’exploitation des constructions, des</line>
<line>ouvrages, des espaces mis en culture ou plantés.</line></par>
<par>
<line>SUR proposition des directeurs départementaux des territoires de l’Essonne et des Yvelines :</line></par>
</text>
</block>
<block><region><rect/></region>
<text>
<par>
<line>ARRÊTENT</line></par>
</text>
</block>
<block><region><rect/></region>
<text>
<par>
<line>ARTICLE 1</line></par>
<par>
<line>Le plan de prévention des risques naturels prévisibles d'inondation (PPRi) des cours d’eau de l’Orge et</line>
<line>de la Sallemouille dans les départements de l’Essonne et des Yvelines, tel qu’annexé au présent arrêté,</line>
<line>est approuvé pour les communes suivantes :</line></par>
<par>
<line>• Communes de l’Essonne : Arpajon, Athis-Mons, Brétigny-Sur-Orge, Breuillet, Breux-Jouy,</line></par>
<par>
<line>Bruyères-Le-Châtel, Corbreuse, Dourdan, Épinay-Sur-Orge, Égly, Gometz-La-Ville, Gometz-</line>
<line>Le-Châtel, Janvry, Juvisy-Sur-Orge, Leuville-Sur-Orge, Linas, Longpont-Sur-Orge,</line></par>
<par>
<line>Marcoussis, Morsang-Sur-Orge, Ollainville, Roinville-Sous-Dourdan, Saint-Chéron, Sainte-</line>
<line>Geneviève-Des-Bois, Saint-Germain-Lès-Arpajon, Saint-Jean-de-Beauregard, Saint-Michel-</line>
<line>Sur-Orge, Saint-Yon, Savigny-Sur-Orge, Sermaise, Villemoisson-Sur-Orge, Villiers-Sur-Orge,</line>
<line>Viry-Châtillon ;</line></par>
<par>
<line>• Communes des Yvelines : Saint-Martin-de-Bréthencourt, Sainte-Mesme.</line></par>
</text>
</block>
<block><region><rect/></region>
<text>
<par>
<line>2/4</line></par>
</text>
</block>

</page>
<page width="2479" height="3504" resolution="300">
<block><region><rect/></region>
<text>
<par>
<line>ARTICLE 2</line></par>
<par>
<line>Le PPRi des cours d’eau de l’Orge et de la Sallemouilie comprend :</line></par>
<par>
<line>• une notice de présentation précisant la politique de prévention des risques, la procédure</line>
<line>d'élaboration du PPRi, les effets du PPRi, les raisons de la prescription du PPRi sur le secteur</line>
<line>géographique concerné, les phénomènes naturels pris en compte, les éléments de définition</line>
<line>des enjeux, les règles d'élaboration du zonage réglementaire, la présentation du règlement et</line>
<line>du zonage réglementaire ;</line></par>
<par>
<line>• une cartographie des zones réglementaires faisant apparaître les limites des zones exposées</line>
<line>aux risques mentionnées aux 1° et 2° du II de l'article L. 562-1 du code de l’envirormement ;</line></par>
<par>
<line>• un règlement comportant, en tant que de besoin, pour chaque zone ou secteur, les mesures</line>
<line>d'interdiction et les prescriptions mentionnées au II de l'article L.562-1 du code de</line>
<line>l'environnement.</line></par>
</text>
</block>
<block><region><rect/></region>
<text>
<par>
<line>ARTICLE 3</line></par>
<par>
<line>Le PPRi vaut servitude d’utilité publique. Il est annexé au document d’urbanisme des communes</line>
<line>mentionnées à l’article 1 dans un délai de 3 mois à compter de la réception du présent arrêté,</line>
<line>conformément aux dispositions des articles L.161-1, L162-1, L.163-10, L.151-43, L.153-60, L.152-7</line>
<line>et R. 161-8 du code de l’urbanisme.</line></par>
</text>
</block>
<block><region><rect/></region>
<text>
<par>
<line>ARTICLE 4</line></par>
<par>
<line>Cet arrêté, annexé au PPRi des cours d’eau de l’Orge et de la Sallemouilie, est notifié :</line></par>
<par>
<line>• aux maires des communes mentionnées à l'article 1 ;</line></par>
<par>
<line>• aux présidents des établissements publics de coopération intercommunale désignés à</line>
<line>l’article 5.</line></par>
</text>
</block>
<block><region><rect/></region>
<text>
<par>
<line>ARTICLE 5</line></par>
<par>
<line>Une copie du présent arrêté est affichée pendant un mois au moins :</line></par>
<par>
<line>• dans chacune des mairies des communes mentionnées à l'article 1 ;</line></par>
<par>
<line>• aux sièges des établissements publics de coopération intercommunale concernés par les</line>
<line>communes mentionnées à l'article 1 (Communauté de Communes Entre Juine et Renarde,</line>
<line>Communauté de Communes Pays de Limours, Communauté de Communes Dourdannais en</line>
<line>Hurepoix, Communauté d’Agglomération Rambouillet Territoires, Communauté</line>
<line>d’Agglomération Cœur d’Essonne Agglomération, Communauté d’Agglomération</line>
<line>Communauté Paris Saelay, Etablissement Public Territorial Grand Orly Seine Bièvre).</line></par>
<par>
<line>Le PPRi approuvé est tenu à la disposition du public, aux mairies des communes mentionnées à</line>
<line>l’article 1, aux jours et heures habituels d'ouverture des bureaux, par tout procédé en usage dans ces</line>
<line>mairies et aux sièges de ces établissements publics de coopération intercommunale, ainsi qu’aux</line>
<line>préfectures de l’Essonne et des Yvelines.</line></par>
<par>
<line>Ces mesures seront justifiées par un certificat des maires et des présidents des établissements publics</line>
<line>de coopération intercommunale concernés.</line></par>
</text>
</block>
<block><region><rect/></region>
<text>
<par>
<line>ARTICLE 6</line></par>
<par>
<line>Le présent arrêté fera l'objet d'une mention en caractères apparents dans les journaux suivants :</line></par>
<par>
<line>• le Parisien édition de l'Essonne pour le département de l'Essonne ;</line></par>
<par>
<line>• le Parisien édition des Yvelines pour le département des Yvelines.</line></par>
</text>
</block>
<block><region><rect/></region>
<text>
<par>
<line>3/4</line></par>
</text>
</block>





</page>
<page width="2485" height="3508" resolution="300">
<block><region><rect/></region>
<text>
<par>
<line>ARTICLE 7</line></par>
<par>
<line>Les arrêtés du 13 décembre 1993 pour les communes d'Athis-Mons, Épinay-sur-Orge,</line>
<line>Juvisy-sur-Orge, Leuville-sur-Orge, Longpont-sur-Orge, Morsang-sur-Orge,</line></par>
<par>
<line>Sainle-Geneviève-des-Bois, St-Michel-sur-Orge, Saint-Germain-lès-Arpajon, Villemoisson-sur-Orge,</line>
<line>Villiers-sur-Orge, Viry-Châtillon, du 31 mars 1994 pour la commune de Savigny-sur-Orge et du</line>
<line>2 août 1994 pour Brétigny-sur-Orge approuvant le plan d'exposition aux risques naturels prévisibles</line>
<line>d'inondation (PERI) de la vallée de l'Orge aval sont abrogés.</line></par>
<par>
<line>L’arrêté préfectoral n°2000/DDE/STEPE/0302 du 19 décembre 2000 prescrivant un plan de prévention</line>
<line>des risques inondation de la Vallée de l'Orge supérieure, pour les communes de Dourdan, Roinville-</line>
<line>sous-Dourdan, Sermaise, Saint-Chéron, Breux-Jouy, Breuillet, Saint-Yon, Egly, Bruyères-le-Châtel,</line>
<line>Ollainville et Arpajon est abrogé.</line></par>
<par>
<line>L'arrêté préfectoral du 2 novembre 1992 portant délimitation du périmètre des zones à risque</line>
<line>d'inondation des cours d'eau non domaniaux, pris en application de l'article R.111-3 du code de</line>
<line>Purbanisme pour les communes de Saint-Martin-de-Bréthencourt et de Sainte-Mesme est abrogé.</line></par>
<par>
<line>ARTICLE 8 :</line></par>
<par>
<line>Le présent arrêté pourra faire l’objet d’un recours contentieux devant le tribunal administratif de</line>
<line>Versailles, dans un délai de deux mois à compter de sa notification ou de sa publication, conformément</line>
<line>aux articles R.421-1 à R.421-5 du code de justice administrative.</line></par>
<par>
<line>ARTICLE 9 :</line></par>
<par>
<line>Le plan de prévention des risques d’inondation des cours d’eau de l’Orge et de la Sallemouille pourra</line>
<line>être révisé selon les formes de son élaboration, en application de l'article L.562-4-1 (I) du code de</line>
<line>l’environnement et selon les modalités de l'article R.562-10 du même code. Il pourra également faire</line>
<line>l'objet de modifications, dans les conditions et limites prévues par l'article L.562-4-1 (II) du code de</line>
<line>l’environnement et selon la procédure décrite aux articles R.562-10-1 et R.562-10-2 du même code.</line></par>
<par>
<line>ARTICLE 10 :</line></par>
<par>
<line>Les secrétaires généraux des préfectures de l’Essonne et des Yvelines, les directeurs départementaux</line>
<line>des territoires de l’Essonne et des Yvelines, les maires des communes mentionnées à l'article 1, les</line>
<line>présidents des établissements publics de coopération intercommunale compétents pour l’élaboration</line>
<line>des documents d’urbanisme concernés, sont chargés, chacun en ce qui le concerne, de l'exécution du</line>
<line>présent arrêté, qui sera publié aux recueils des actes administratifs des préfectures de l’Essonne et des</line>
<line>Yvelines.</line></par>
</text>
</block>
<block><region><rect/></region>
<text>
<par>
<line>La Préfète de l’Essonne</line></par>
</text>
</block>
<block><region><rect/></region>
<text>
<par/>
</text>
</block>
<block><region><rect/></region>
<text>
<par>
<line>Le Préfet des Yvelines</line></par>
</text>
</block>
<block><region><rect/></region>
<text>
<par/>
</text>
</block>
<block><region><rect/></region>
<text>
<par>
<line>4/4</line></par>
</text>
</block>






</page>
<page width="2479" height="3504" resolution="300">
<block><region><rect/></region>
<text>
<par>
<line>ANNEXE</line></par>
</text>
</block>
<block><region><rect/></region>
<text>
<par>
<line>à l’Arrêté inter-préfectoraln° 2017 - DDT - SE - 436 du 16 juin 2017</line>
<line>portant approbation du</line></par>
<par>
<line>plan de prévention des risques naturels prévisibles d'inondation</line>
<line>des cours d’eau de l'Orge et de la Sallemouille dans les départements</line>
<line>de l'Essonne et des Yvelines</line></par>
</text>
</block>
<block><region><rect/></region>
<text>
<par>
<line>Le plan de prévention des risques naturels prévisibles d'inondation (PPRi) des cours d’eau de l’Orge et de la</line>
<line>Sallemouille dans les départements de l’Essonne et des Yvelines est disponible sur les sites internet des</line>
<line>services de l’Etat dans les deux départements, aux adresses suivantes :</line></par>
<par>
<line>http://www.essonne.gouv.fr/Politiques-publiaues/Environnement-risques-naturels-et-</line></par>
<par>
<line>technologiques/Risques-naturels/Risque-inondation</line></par>
<par>
<line>htip://www. welines.aouv.fr/Politiques-publiques/EnvirQnnement-et-prevention-des-risques/Prevention-des-</line></par>
<par>
<line>risques/Le-risque-inondation</line></par>
</text>
</block>
<block><region><rect/></region>
<text>
<par>
<line>Il comprend :</line></par>
<par>
<line>* une notice de présentation précisant la politique de prévention des risques, la procédure</line>
<line>d'élaboration du PPRi, les effets du PPRi, les raisons de la prescription du PPRi sur le secteur</line>
<line>géographique concerné, les phénomènes naturels pris en compte, les éléments de définition des</line>
<line>enjeux, les règles d'élaboration du zonage réglementaire, la présentation du règlement et du zonage</line>
<line>réglementaire ;</line></par>
<par>
<line>* une cartographie des zones réglementaires faisant apparaître les limites des zones exposées aux</line>
<line>risques mentionnées aux 1° et 2° du II de l'article L. 562-1 du code de l'environnement ;</line></par>
<par>
<line>* un règlement comportant, en tant que de besoin, pour chaque zone ou secteur, les mesures</line>
<line>d'interdiction et les prescriptions mentionnées au II de l'article L,562-l du code de l'envirounement.</line></par>
</text>
</block>






</page>
</PM1>