<?xml version="1.0" encoding="UTF-8"?><PM1>
<page width="2546" height="3292" resolution="300">
<block><region><rect/></region>
<text>
<par>
<line>^TÏtftClOKfc VU yuy-Vt-WMb</line></par>
</text>
</block>
<block><region><rect/></region>
<text>
<par>
<line>VIKECTIOU DEPARTEiUEf/rALE - REPUBEÎÜUE FRAWCÂISE -</line></par>
<par>
<line>VE L'EdUlPEUEm^</line></par>
</text>
</block>
<block><region><rect/></region>
<text>
<par>
<line>PMi</line></par>
</text>
</block>
<block><region><rect/></region>
<text>
<par>
<line>APRETE</line></par>
<par>
<line>poKiant dltimLùitLcn d'un ptKim^th.t d'txpoiltlon</line>
<line>S. daA fUJ,quti natufieZi dam ta commune de PERRÎER</line></par>
</text>
</block>
<block><region><rect/></region>
<text>
<par>
<line>LE PREFET VE LÂ REGION VAUl'ERGNE</line>
<line>- PREFET VU ?Uy~VE-Ü0lÆ -</line>
<line>GEFLCIEk VE LA LEGION V'FONNEiJR</line></par>
</text>
</block>
<block><region><rect/></region>
<text>
<par>
<line>VU Ze Code de t'UnbanVtme eX notajmenx. ion ancccte R ïlI-3 [</line></par>
<par>
<line>VU te décneX n* 59-701 da 6 Jatn .1959 portant A.&amp;pte.ment d'admùUitxatian pubtique. iuA tei .</line>
<line>pndctduxei d'enquête, mo(ÉL^é pax te dtcA.et n 76-43Î du. 14 mai 1976 ;</line></par>
<par>
<line>VU tes au-ii deé iexutcei pub^ci comuttti ;</line></par>
<par>
<line>VU Vcumêté pJLi^ectonat du 11 ^eukLea. 1976, pneicnivant t‘ouvextufie d'une enquête pubttque- '</line>
<line>en vue de déttmttsÀ une zone exporte S. der -iLiquei natuneti 4 PEERÎER ;</line></par>
<par>
<line>OU te pnocti-veAbat de t'enqulte publique fl laquetle tt a. ttt p/usctdt du. 17 {^êvhJieA au 3 . ■</line>
<line>mm 1976, et t’av-ii du caBmL6iatA.e-enquêteujL ;</line></par>
<par>
<line>VU Z’avti de ta Courntiaton Comuttative VépoAtementate de ta Pjiotection CLvJJte, en date</line>
<line>Ou. ! 3 ntœ i9 f6 ^</line></par>
<par>
<line>VU Vavii de ta Commlaton ÜépoAtementate d’UJibaniime, en date du 6 jaittet 1976 ;</line></par>
<par>
<line>VU ta dttibtfiation du Comett Hantctpat de PERRIER, en date du 16 octobre 1976,</line></par>
</text>
</block>
<block><region><rect/></region>
<text>
<par>
<line>-ARRETE-</line></par>
</text>
</block>
<block><region><rect/></region>
<text>
<par>
<line>ARTICEE Isa - It eit détàniti, éuA te ternttotAe de ta conmine de, PERRIER, un ptAlmttAe de</line>
<line>zone expoile fl dm Acéquei natuAzti. Ce ptAcmtùAe ^tguee iuA te plan au</line>
<line>l/KZBû” annexé au pAtient axAtté,</line></par>
<par>
<line>k VinttAieuA de la zone détb’rtt&amp;e paA un ZÜiité mÂA àuA ce pian, toute</line>
<line>comtAuct'ion eit tnteAdite, '</line></par>
<par>
<line>Sua tei poAceitei, iuAchoAqéei de cAotitttom iuA ce ptan, tes deirandei de</line>
<line>peAmii de conitAulAe devAont pAéatabtement ^aiae l’objet d’une étude qéoloQiqae.</line></par>
</text>
</block>










</page>
<page width="2555" height="3304" resolution="300">
<block><region><rect/></region>
<text>
<par>
<line>« ,</line></par>
<par>
<line>ARTICLF 2 - Le pA.l6cnt (vuiltt ivm pubtLl au RemeLt dei Actei MnùiiitAjitlii du Fuy-de-Vôme.</line>
<line>e-t meAtion en iena. iaite. dank Ce jounnaC "La Montagne".</line></par>
<par>
<line>ARTICLE 3 - Vei copéei du présent OAnêtë acaoh£ ackw-iê-ei t</line>
<line>J* - Au Haiat de PERRIER j</line>
<line>2' - Au Soui-PJtg^fcC d*ISSCIRE ;</line></par>
<par>
<line>3* - Au VCjizcteun VipeuvtemervtaC de t’Equipement ;</line></par>
<par>
<line>4* - Au OcaecieiiA OSpaaCcmenfaE de ta PaotectJjon CJbtiLe.</line></par>
</text>
</block>
<block><region><rect/><rect/></region>
<text>
<par>
<line>fait i CLERMOWT-FP, te ~ î FEV. Î977</line>
<line>i-E PREFET,</line></par>
<par>
<line>?Dur ie Préfet et par acléijaiioaî</line>
<line>Le Secrétaiie Général,</line></par>
<par>
<line>Jacques POYER</line></par>
</text>
</block>
<block><region><rect/></region>
<text>
<par>
<line>HD</line></par>
</text>
</block>
<block><region><rect/></region>
<text>
<par>
<line>r\v&gt;</line></par>
</text>
</block>
<block><region><rect/></region>
<text>
<par>
<line>MS</line></par>
</text>
</block>
<block><region><rect/></region>
<text>
<par>
<line>^goiion</line></par>
</text>
</block>
<block><region><rect/></region>
<text>
<par>
<line>n</line></par>
</text>
</block>
<block><region><rect/></region>
<text>
<par>
<line>&lt;v&lt;r&gt;</line></par>
</text>
</block>
<block><region><rect/></region>
<text>
<par>
<line>VIS</line></par>
</text>
</block>
<block><region><rect/></region>
<text>
<par>
<line>e(d</line></par>
</text>
</block>
<block><region><rect/></region>
<text>
<par>
<line>liui</line></par>
</text>
</block>
<block><region><rect/></region>
<text>
<par>
<line>cliOfitconom</line></par>
</text>
</block>
<block><region><rect/></region>
<text>
<par>
<line>tin</line></par>
</text>
</block>
<block><region><rect/></region>
<text>
<par/>
</text>
</block>


</page>
<page width="2550" height="3300" resolution="300">
<block><region><rect/></region>
<text>
<par/>
</text>
</block>
<block><region><rect/></region>
<text>
<par/>
</text>
</block>
<block><region><rect/></region>
<text>
<par>
<line>MINISTERE DE l'EQUIPEMENi</line></par>
</text>
</block>
<block><region><rect/></region>
<text>
<par>
<line>Direction Départementale de l’Equipement</line></par>
</text>
</block>
<block><region><rect/></region>
<text>
<par/>
</text>
</block>
<block><region><rect/></region>
<text>
<par>
<line>5</line></par>
</text>
</block>
<block><region><rect/></region>
<text>
<par>
<line>F15</line></par>
</text>
</block>
<block><region><rect/></region>
<text>
<par>
<line>1 a</line></par>
</text>
</block>
<block><region><rect/></region>
<text>
<par>
<line>fîSÎ^</line></par>
</text>
</block>
<block><region><rect/></region>
<text>
<par>
<line>lit</line></par>
</text>
</block>
<block><region><rect/></region>
<text>
<par>
<line>Cornmype de</line></par>
</text>
</block>
<block><region><rect/></region>
<text>
<par>
<line>DES</line></par>
</text>
</block>
<block><region><rect/></region>
<text>
<par>
<line>ZONE</line></par>
</text>
</block>
<block><region><rect/></region>
<text>
<par>
<line>RISQUES</line></par>
</text>
</block>
<block><region><rect/></region>
<text>
<par>
<line>DE</line></par>
</text>
</block>
<block><region><rect/></region>
<text>
<par>
<line>FCH</line></par>
</text>
</block>
<block><region><rect/></region>
<text>
<par>
<line>DERARTEMENT ÎXJ PUY I}€ DOME</line></par>
</text>
</block>
<block><region><rect/></region>
<text>
<par>
<line>DATE</line></par>
</text>
</block>
<block><region><rect/></region>
<text>
<par>
<line>iwwBirawmiww</line></par>
</text>
</block>
<block><region><rect/></region>
<text>
<par/>
</text>
</block>
<block><region><rect/></region>
<text>
<par>
<line>LEGENDE</line></par>
</text>
</block>
<block><region><rect/></region>
<text>
<par>
<line>F^erimatre de la zone de ri^sques</line></par>
</text>
</block>
<block><region><rect/></region>
<text>
<par>
<line>ParceUes sur lesquelles toutes demandes de</line></par>
</text>
</block>
<block><region><rect/></region>
<text>
<par>
<line>permis de construire devront préalablement</line></par>
</text>
</block>
<block><region><rect/></region>
<text>
<par>
<line>faire r objet d'une etude géologique</line></par>
</text>
</block>





















<block blockType="Picture" blockName="" l="88" t="186" r="2461" b="1224"><region><rect/></region>
</block>
</page>
<page width="5007" height="3570" resolution="300">
<block><region><rect/></region>
<text>
<par>
<line>T««</line></par>
</text>
</block>
<block><region><rect/></region>
<text>
<par/>
</text>
</block>
<block><region><rect/></region>
<text>
<par>
<line>Il</line></par>
</text>
</block>
<block><region><rect/></region>
<text>
<par>
<line>55^,</line></par>
</text>
</block>
<block><region><rect/></region>
<text>
<par/>
</text>
</block>
<block><region><rect/></region>
<text>
<par>
<line>\</line></par>
</text>
</block>
<block><region><rect/></region>
<text>
<par>
<line>.. k</line></par>
</text>
</block>
<block><region><rect/></region>
<text>
<par>
<line>Irdjn c« e-&lt;r- «-</line></par>
</text>
</block>
<block><region><rect/></region>
<text>
<par>
<line>. ✓</line></par>
</text>
</block>
<block><region><rect/></region>
<text>
<par>
<line>«r —- «</line></par>
</text>
</block>
<block><region><rect/></region>
<text>
<par>
<line>■f! ■</line></par>
</text>
</block>
<block><region><rect/></region>
<text>
<par>
<line>vqa.</line></par>
</text>
</block>
<block><region><rect/></region>
<text>
<par>
<line>■'i</line></par>
</text>
</block>
<block><region><rect/></region>
<text>
<par>
<line>r</line></par>
</text>
</block>
<block><region><rect/></region>
<text>
<par>
<line>v-^</line></par>
</text>
</block>
<block><region><rect/></region>
<text>
<par>
<line>V</line></par>
</text>
</block>
<block><region><rect/></region>
<text>
<par/>
</text>
</block>
<block><region><rect/></region>
<text>
<par/>
</text>
</block>
<block><region><rect/></region>
<text>
<par/>
</text>
</block>
<block><region><rect/></region>
<text>
<par/>
</text>
</block>
<block><region><rect/></region>
<text>
<par>
<line>T</line></par>
</text>
</block>
<block><region><rect/></region>
<text>
<par>
<line>\</line></par>
</text>
</block>
<block><region><rect/></region>
<text>
<par>
<line>y" .</line></par>
</text>
</block>
<block><region><rect/></region>
<text>
<par/>
</text>
</block>
<block><region><rect/></region>
<text>
<par/>
</text>
</block>
<block><region><rect/></region>
<text>
<par/>
</text>
</block>
<block><region><rect/></region>
<text>
<par>
<line>ï-75</line></par>
</text>
</block>
<block><region><rect/></region>
<text>
<par>
<line>-</line></par>
</text>
</block>
<block><region><rect/></region>
<text>
<par>
<line>C1C« i.ran%**c</line></par>
</text>
</block>
<block><region><rect/></region>
<text>
<par>
<line>i --'C'-\</line></par>
</text>
</block>
<block><region><rect/></region>
<text>
<par>
<line>/</line></par>
</text>
</block>
<block><region><rect/></region>
<text>
<par>
<line>V.</line></par>
</text>
</block>
<block><region><rect/></region>
<text>
<par/>
</text>
</block>
<block><region><rect/></region>
<text>
<par>
<line>fi,</line></par>
</text>
</block>
<block><region><rect/></region>
<text>
<par>
<line>■ 5,ô0p^iTr^</line></par>
</text>
</block>
<block><region><rect/></region>
<text>
<par>
<line>\</line></par>
</text>
</block>
<block><region><rect/></region>
<text>
<par/>
</text>
</block>
<block><region><rect/></region>
<text>
<par>
<line>X</line></par>
</text>
</block>
<block><region><rect/></region>
<text>
<par/>
</text>
</block>
<block><region><rect/></region>
<text>
<par/>
</text>
</block>
<block><region><rect/></region>
<text>
<par/>
</text>
</block>
<block><region><rect/></region>
<text>
<par/>
</text>
</block>
<block><region><rect/></region>
<text>
<par/>
</text>
</block>
<block><region><rect/></region>
<text>
<par>
<line>&lt;50</line></par>
</text>
</block>
<block><region><rect/></region>
<text>
<par>
<line>\</line></par>
</text>
</block>
<block><region><rect/></region>
<text>
<par/>
</text>
</block>
<block><region><rect/></region>
<text>
<par/>
</text>
</block>
<block><region><rect/></region>
<text>
<par>
<line>0</line></par>
</text>
</block>
<block><region><rect/></region>
<text>
<par/>
</text>
</block>
<block><region><rect/></region>
<text>
<par>
<line>merot</line></par>
</text>
</block>
<block><region><rect/></region>
<text>
<par>
<line>blocs</line></par>
</text>
</block>
<block><region><rect/></region>
<text>
<par>
<line>r</line></par>
</text>
</block>
<block><region><rect/></region>
<text>
<par>
<line>V A ’V</line></par>
</text>
</block>
<block><region><rect/></region>
<text>
<par>
<line>'f</line></par>
</text>
</block>
<block><region><rect/></region>
<text>
<par>
<line>\</line></par>
</text>
</block>
<block><region><rect/></region>
<text>
<par>
<line>&gt;v.</line></par>
</text>
</block>
<block><region><rect/></region>
<text>
<par/>
</text>
</block>
<block><region><rect/></region>
<text>
<par/>
</text>
</block>
<block><region><rect/></region>
<text>
<par>
<line>Zi</line></par>
</text>
</block>
<block><region><rect/></region>
<text>
<par/>
</text>
</block>
<block><region><rect/></region>
<text>
<par>
<line>r/</line></par>
</text>
</block>
<block><region><rect/></region>
<text>
<par/>
</text>
</block>
<block><region><rect/></region>
<text>
<par>
<line>\</line></par>
</text>
</block>
<block><region><rect/></region>
<text>
<par>
<line>r*^</line></par>
</text>
</block>
<block><region><rect/></region>
<text>
<par>
<line>nw</line></par>
</text>
</block>
<block><region><rect/></region>
<text>
<par>
<line>l</line></par>
</text>
</block>
<block><region><rect/></region>
<text>
<par>
<line>U</line></par>
</text>
</block>
<block><region><rect/></region>
<text>
<par/>
</text>
</block>
<block><region><rect/></region>
<text>
<par/>
</text>
</block>
<block><region><rect/></region>
<text>
<par>
<line>V</line></par>
</text>
</block>
<block><region><rect/></region>
<text>
<par/>
</text>
</block>
<block><region><rect/></region>
<text>
<par>
<line>\\</line></par>
</text>
</block>
<block><region><rect/></region>
<text>
<par/>
</text>
</block>
<block><region><rect/></region>
<text>
<par/>
</text>
</block>
<block><region><rect/></region>
<text>
<par>
<line>&gt; »*</line></par>
</text>
</block>
<block><region><rect/></region>
<text>
<par>
<line>4»%</line></par>
</text>
</block>
<block><region><rect/></region>
<text>
<par/>
</text>
</block>
<block><region><rect/></region>
<text>
<par/>
</text>
</block>
<block><region><rect/></region>
<text>
<par/>
</text>
</block>
<block><region><rect/></region>
<text>
<par/>
</text>
</block>
<block><region><rect/></region>
<text>
<par>
<line>- '-r^</line></par>
</text>
</block>
<block><region><rect/></region>
<text>
<par/>
</text>
</block>
<block><region><rect/></region>
<text>
<par>
<line>/</line></par>
</text>
</block>
<block><region><rect/></region>
<text>
<par>
<line>§e</line></par>
</text>
</block>
<block><region><rect/></region>
<text>
<par>
<line>#r</line></par>
</text>
</block>
<block><region><rect/><rect/></region>
<text>
<par>
<line>44r^</line></par>
</text>
</block>
<block><region><rect/></region>
<text>
<par>
<line>©■</line></par>
</text>
</block>
<block><region><rect/></region>
<text>
<par/>
</text>
</block>
<block><region><rect/></region>
<text>
<par>
<line>m</line></par>
</text>
</block>
<block><region><rect/></region>
<text>
<par/>
</text>
</block>
<block><region><rect/></region>
<text>
<par/>
</text>
</block>
<block><region><rect/></region>
<text>
<par>
<line>\</line></par>
</text>
</block>
<block><region><rect/></region>
<text>
<par>
<line>f</line></par>
</text>
</block>
<block><region><rect/></region>
<text>
<par/>
</text>
</block>
<block><region><rect/></region>
<text>
<par/>
</text>
</block>
<block><region><rect/></region>
<text>
<par>
<line>T</line></par>
</text>
</block>
<block><region><rect/></region>
<text>
<par>
<line>\</line></par>
</text>
</block>
<block><region><rect/></region>
<text>
<par>
<line>3</line></par>
</text>
</block>
<block><region><rect/></region>
<text>
<par/>
</text>
</block>
<block><region><rect/></region>
<text>
<par>
<line>il'</line></par>
</text>
</block>
<block><region><rect/></region>
<text>
<par/>
</text>
</block>
<block><region><rect/></region>
<text>
<par>
<line>Sable et goletsj</line></par>
</text>
</block>
<block><region><rect/></region>
<text>
<par/>
</text>
</block>
<block><region><rect/></region>
<text>
<par>
<line>/</line></par>
</text>
</block>
<block><region><rect/></region>
<text>
<par>
<line>\l</line></par>
</text>
</block>
<block><region><rect/></region>
<text>
<par/>
</text>
</block>
<block><region><rect/></region>
<text>
<par/>
</text>
</block>
<block><region><rect/></region>
<text>
<par/>
</text>
</block>
<block><region><rect/></region>
<text>
<par/>
</text>
</block>
<block><region><rect/></region>
<text>
<par>
<line>è</line></par>
</text>
</block>
<block><region><rect/></region>
<text>
<par/>
</text>
</block>
<block><region><rect/></region>
<text>
<par>
<line>4</line></par>
</text>
</block>
<block><region><rect/></region>
<text>
<par/>
</text>
</block>
<block><region><rect/></region>
<text>
<par>
<line>«</line></par>
</text>
</block>
<block><region><rect/></region>
<text>
<par/>
</text>
</block>
<block><region><rect/></region>
<text>
<par>
<line>c Q m m une</line></par>
</text>
</block>
<block><region><rect/></region>
<text>
<par/>
</text>
</block>
<block><region><rect/></region>
<text>
<par>
<line>50</line></par>
</text>
</block>
<block><region><rect/></region>
<text>
<par>
<line>V</line></par>
</text>
</block>
<block><region><rect/></region>
<text>
<par>
<line>Marnes calcaires</line></par>
</text>
</block>
<block><region><rect/></region>
<text>
<par/>
</text>
</block>
<block><region><rect/></region>
<text>
<par>
<line>/</line></par>
</text>
</block>
<block><region><rect/></region>
<text>
<par>
<line>-.✓i</line></par>
</text>
</block>
<block><region><rect/></region>
<text>
<par/>
</text>
</block>
<block><region><rect/></region>
<text>
<par>
<line>X</line></par>
</text>
</block>
<block><region><rect/></region>
<text>
<par/>
</text>
</block>
<block><region><rect/></region>
<text>
<par>
<line>d e</line></par>
</text>
</block>
<block><region><rect/></region>
<text>
<par/>
</text>
</block>
<block><region><rect/></region>
<text>
<par/>
</text>
</block>
<block><region><rect/></region>
<text>
<par/>
</text>
</block>
<block><region><rect/></region>
<text>
<par>
<line>«</line></par>
</text>
</block>
<block><region><rect/></region>
<text>
<par/>
</text>
</block>
<block><region><rect/></region>
<text>
<par>
<line>W4 -.«a</line></par>
</text>
</block>
<block><region><rect/></region>
<text>
<par/>
</text>
</block>
<block><region><rect/></region>
<text>
<par>
<line>JS</line></par>
</text>
</block>
<block><region><rect/></region>
<text>
<par/>
</text>
</block>
<block><region><rect/></region>
<text>
<par>
<line>c</line></par>
</text>
</block>
<block><region><rect/></region>
<text>
<par>
<line>t</line></par>
</text>
</block>
<block><region><rect/></region>
<text>
<par/>
</text>
</block>
<block><region><rect/></region>
<text>
<par>
<line>X</line></par>
</text>
</block>
<block><region><rect/></region>
<text>
<par/>
</text>
</block>
<block><region><rect/></region>
<text>
<par>
<line>ô^&lt;</line></par>
<par>
<line>^otn</line></par>
</text>
</block>
<block><region><rect/></region>
<text>
<par>
<line>^Pj</line></par>
</text>
</block>
<block><region><rect/></region>
<text>
<par/>
</text>
</block>
<block><region><rect/></region>
<text>
<par>
<line>&lt;5^</line></par>
</text>
</block>
<block><region><rect/></region>
<text>
<par>
<line>K</line></par>
</text>
</block>
<block><region><rect/></region>
<text>
<par>
<line>me</line></par>
</text>
</block>
<block><region><rect/></region>
<text>
<par>
<line>,i'</line></par>
</text>
</block>
<block><region><rect/></region>
<text>
<par>
<line>V</line></par>
</text>
</block>
<block><region><rect/></region>
<text>
<par/>
</text>
</block>
<block><region><rect/></region>
<text>
<par/>
</text>
</block>
<block><region><rect/></region>
<text>
<par>
<line>Z</line></par>
</text>
</block>
<block><region><rect/></region>
<text>
<par>
<line>is.</line></par>
</text>
</block>
<block><region><rect/></region>
<text>
<par>
<line>^-•v:</line></par>
</text>
</block>
<block><region><rect/></region>
<text>
<par/>
</text>
</block>
<block><region><rect/></region>
<text>
<par/>
</text>
</block>
<block><region><rect/></region>
<text>
<par>
<line>V</line></par>
</text>
</block>
<block><region><rect/></region>
<text>
<par>
<line>C3</line></par>
</text>
</block>
<block><region><rect/></region>
<text>
<par/>
</text>
</block>
<block blockType="Table" blockName="" l="4403" t="2909" r="4847" b="3221"><region><rect/></region>
<row>
<cell leftBorder="White" topBorder="White" bottomBorder="White" width="68" height="108">
<text>
<par>
<line>l 1</line></par>
</text></cell>
<cell topBorder="White" rightBorder="White" bottomBorder="White" width="209" height="108">
<text>
<par>
<line>P ' ' ' '</line></par>
<par>
<line>! 1</line></par>
</text></cell>
<cell leftBorder="White" topBorder="White" rightBorder="White" bottomBorder="White" width="167" height="108">
<text>
<par>
<line>TTl</line></par>
</text></cell></row>
<row>
<cell leftBorder="White" topBorder="White" bottomBorder="White" width="68" height="103">
<text>
<par>
<line>1 !</line></par>
<par>
<line>’-1</line></par>
</text></cell>
<cell topBorder="White" bottomBorder="White" width="209" height="103">
<text>
<par/>
</text></cell>
<cell topBorder="White" rightBorder="White" bottomBorder="White" width="167" height="103">
<text>
<par>
<line>H1 ■ 1</line></par>
</text></cell></row>
<row>
<cell leftBorder="White" topBorder="White" width="68" height="101">
<text>
<par>
<line>1</line></par>
</text></cell>
<cell topBorder="White" width="209" height="101">
<text>
<par>
<line>V 1</line></par>
<par>
<line>-■'</line></par>
</text></cell>
<cell topBorder="White" rightBorder="White" width="167" height="101">
<text>
<par>
<line>!ii</line></par>
</text></cell></row>
</block>
<block><region><rect/></region>
<text>
<par>
<line>E IL H A U O</line></par>
</text>
</block>








































<block blockType="Picture" blockName="" l="3277" t="2894" r="3362" b="2944"><region><rect/></region>
</block>
</page>
</PM1>