<?xml version="1.0" encoding="UTF-8"?><PM1>
<page width="2492" height="3523" resolution="302">
<block><region><rect/></region>
<text>
<par>
<line>Liberté • Egalité • Fraternité</line></par>
<par>
<line>République Française</line></par>
</text>
</block>
<block><region><rect/></region>
<text>
<par>
<line>PLAN DE</line></par>
<par>
<line>PREVENTION DES RISQUES</line></par>
</text>
</block>
<block><region><rect/></region>
<text>
<par>
<line>direction</line>
<line>départementale</line>
<line>de l'Équipement</line></par>
<par>
<line>Landes</line></par>
</text>
</block>
<block><region><rect/></region>
<text>
<par>
<line>service de</line>
<line>l’Environnement,</line>
<line>des Risques et de la</line>
<line>Sécurité</line></par>
<par>
<line>Bureau de la</line>
<line>Prévention, des</line>
<line>Risques et de la</line>
<line>Défense</line></par>
</text>
</block>
<block><region><rect/></region>
<text>
<par>
<line>INONDATION SECTEUR DE DAX</line></par>
</text>
</block>
<block><region><rect/></region>
<text>
<par>
<line>06</line></par>
</text>
</block>
<block><region><rect/></region>
<text>
<par>
<line>0</line></par>
</text>
</block>
<block><region><rect/></region>
<text>
<par>
<line>EY</line></par>
</text>
</block>
<block><region><rect/></region>
<text>
<par>
<line>R</line></par>
</text>
</block>
<block><region><rect/></region>
<text>
<par>
<line>E</line></par>
</text>
</block>
<block><region><rect/></region>
<text>
<par>
<line>ARRETE</line></par>
</text>
</block>
<block><region><rect/></region>
<text>
<par>
<line>D’APPROBATION</line></par>
</text>
</block>







</page>
<page width="2492" height="3523" resolution="302">
<block><region><rect/></region>
<text>
<par>
<line>ARRETE</line></par>
</text>
</block>
<block><region><rect/></region>
<text>
<par>
<line>Approuvant le Plan de Prévention des Risques naturels prévisibles</line>
<line>inondation dans le secteur de DAX</line></par>
</text>
</block>
<block><region><rect/></region>
<text>
<par>
<line>Le Préfet du Département des Landes, Chevalier de la Légion d’Honneur,</line></par>
</text>
</block>
<block><region><rect/></region>
<text>
<par>
<line>Vu le Code de l’Environnement et notamment ses articles L 562-1 et L 562-2 ;</line></par>
<par>
<line>Vu la loi n° 2003-699 du 30 juillet 2003 relative à la prévention des risques</line>
<line>technologiques et naturels et à la réparation des dommages,</line></par>
<par>
<line>Vu le décret 95-1089 du 5 Octobre relatif à l’élaboration des Plans de Prévention</line>
<line>des Risques naturels prévisibles ;</line></par>
<par>
<line>Vu le SDAGE Adour Garonne approuvé le 6 Août 1996,</line></par>
<par>
<line>Vu l’orrêté préfectoral du 1 décembre 1998 prescrivant l’établissement d’un Plan</line>
<line>de Prévention des Risques naturels prévisibles inondation sur le secteur de Dax,</line></par>
<par>
<line>Vu les observations formulées lors de l'enquête publique prescrite par arrêté</line>
<line>préfectoral du 17 septembre 2004, les conclusions motivées et l'avis favorable de la</line>
<line>Commission d’enquête en date du 23 décembre 2004,.</line></par>
<par>
<line>Vu l'avis de la Chambre d'Agriculture des Landes en date du 21 décenribre 2004,</line></par>
<par>
<line>Vu l'avis innpiicitement favorable du Directeur du Centre régional de la propriété</line>
<line>forestière sur le projet de PPRl,</line></par>
<par>
<line>Vu l’avis implicitement favorable du Conseil Municipal d’ANGOUME,</line></par>
<par>
<line>Vu l’avis favorable du Conseil Municipal de CANDRESSE en date du 7 décembre</line>
<line>2004,</line></par>
<par>
<line>Vu l’avis favorable du Conseil Municipal de DAX en date du 17 décembre 2004,</line></par>
<par>
<line>Vu l’avis favorable du Conseil Municipal de MEES en date du 15 décembre 2004,</line></par>
<par>
<line>Vu l’avis favorable du Conseil Municipal de NARROSSE en date du 22 novembre</line>
<line>2004,</line></par>
<par>
<line>Vu l’avis implicitement favorable du Conseil Municipal d’OEYRELUY,</line></par>
<par>
<line>Vu l’avis défavorable du Conseil Municipal de RIVIERE en date du 5 novembre 2004</line>
<line>Vu l’avis implicitement favorable du Conseil Municipal de St PAUL lès DAX,</line></par>
<par>
<line>Vu l’avis favorable du Conseil Municipal de St VINCENT de PAUL en date du</line>
<line>8 décembre 2004,</line></par>
</text>
</block>

</page>
<page width="2483" height="3512" resolution="301">
<block><region><rect/></region>
<text>
<par>
<line>Vu r avis implicitement favorable du Conseil Municipal de SEYRESSE,</line></par>
<par>
<line>Vu l’avis favorable du Conseil Municipal de TERCIS les BAINS en date du 18</line>
<line>novembre 2004,</line></par>
<par>
<line>Vu l’avis favorable avec réserves du Conseil Municipal de TETHIEU en date du 23</line>
<line>décembre 2004,</line></par>
<par>
<line>Vu l’avis favorable avec réserves du Conseil Municipal d’YZOSSE en date du 22</line>
<line>novembre 2004,</line></par>
<par>
<line>Sur proposition de M. le Directeur Départemental de l'Equipement,</line></par>
</text>
</block>
<block><region><rect/></region>
<text>
<par>
<line>ARRETE</line></par>
</text>
</block>
<block><region><rect/></region>
<text>
<par>
<line>ARTICLE 1 -</line></par>
</text>
</block>
<block><region><rect/></region>
<text>
<par>
<line>Le Plan de Prévention des Risques Inondation du secteur de DAX, sur le territoire</line>
<line>des communes de :</line></par>
<par>
<line>ANGOUME, CANDRESSE, DAX, MEES, NARROSSE, OEYRELUY, RIVIERE, Saint</line>
<line>PAUL lès DAX, Saint VINCENT de PAUL, SEYRESSE, TERCIS les BAINS,</line>
<line>THETIEU, YZOSSE,</line></par>
<par>
<line>est approuvé tel qu’il est annexé au présent arrêté.</line></par>
</text>
</block>
<block><region><rect/></region>
<text>
<par>
<line>ARTICLE 2 -11 sera notifié à</line></par>
<par>
<line>Madame le Maire d’ANGOUME,</line></par>
<par>
<line>Monsieur le Maire de DAX,</line></par>
<par>
<line>Monsieur le Maire de MEES,</line></par>
<par>
<line>Monsieur le Maire de NARROSSE,</line></par>
<par>
<line>Madame le Maire d’OEYRELUY.</line></par>
<par>
<line>Monsieur le Maire de RIVIERE,</line></par>
<par>
<line>Madame le Maire de Saint PAUL lès DAX,</line></par>
<par>
<line>Monsieur le Maire de Saint VINCENT de PAUL,</line></par>
<par>
<line>Monsieur le Maire de SEYRESSE,</line></par>
<par>
<line>Monsieur le Maire de TERCIS les BAINS,</line></par>
<par>
<line>Monsieur le Maire de TETHIEU,</line></par>
<par>
<line>Monsieur le Maire d’YZOSSE</line></par>
<par>
<line>pour être annexé au Plan Local d'Urbanisme de la commune.</line></par>
</text>
</block>
<block><region><rect/></region>
<text>
<par>
<line>L'arrêté sera publié au Recueil des Actes Administratifs des Services de l'Etat dans</line>
<line>le département des Landes, ainsi que dans deux journaux régionaux ou locaux</line>
<line>diffusés dans le département.</line></par>
</text>
</block>


</page>
<page width="2492" height="3523" resolution="302">
<block><region><rect/></region>
<text>
<par>
<line>ARTICLE 3 -M. Le Sous-préfet de DAX,</line></par>
<par>
<line>Madame le Maire d’ANGOUME,</line></par>
<par>
<line>Monsieur le Maire de DAX,</line></par>
<par>
<line>Monsieur le Maire de MEES,</line></par>
<par>
<line>Monsieur le Maire de NARROSSE,</line></par>
<par>
<line>Madame le Maire d’OEYRELUY,</line></par>
<par>
<line>Monsieur le Maire de RIVIERE,</line></par>
<par>
<line>Madame le Maire de Saint PAUL lès DAX,</line></par>
<par>
<line>Monsieur le Maire de Saint VINCENT de PAUL,</line></par>
<par>
<line>Monsieur le Maire de SEYRESSE,</line></par>
<par>
<line>Monsieur le Maire de TERCIS les BAINS,</line></par>
<par>
<line>Monsieur le Maire de TETHIEU,</line></par>
<par>
<line>Monsieur le Maire d'YZOSSE</line></par>
<par>
<line>M. le Directeur Départemental de l'Equipement sont chargés, chacun en ce qui les</line>
<line>concerne, de l'exécution du présent arrêté dont ampliation sera adressée à :</line></par>
<par>
<line>M. le Président de la Chambre d'Agriculture des Landes,</line></par>
<par>
<line>M. le Directeur du Centre régional de la propriété forestière</line></par>
<par>
<line>M. le Directeur Départemental de l'Agriculture et de la Forêt des Landes,</line></par>
<par>
<line>M. le Directeur Départemental des Affaires Sanitaires et Sociales des Landes,</line></par>
<par>
<line>M. le Directeur Régional de l'Environnement.</line></par>
</text>
</block>
<block><region><rect/></region>
<text>
<par>
<line>A MONT-DE-MARSAN, Ie1 5 JUIN 2005</line>
<line>Le Préfet</line></par>
</text>
</block>
<block><region><rect/></region>
<text>
<par>
<line>Pierre SOUBELET</line></par>
</text>
</block>

</page>
</PM1>