<?xml version="1.0" encoding="UTF-8"?><PM1>
<page width="1654" height="2339" resolution="200">
<block><region><rect/></region>
<text>
<par>
<line>Liberté * Égalité • Fraternité</line></par>
<par>
<line>TM-'TlTTTlT TryXTT' T’T* * %Tr' * Tnii</line></par>
<par>
<line>PRÉFET DE LA DROME</line></par>
</text>
</block>
<block><region><rect/></region>
<text>
<par>
<line>Direction départementale des territoires</line>
<line>Service aménagement des territoire et risques</line>
<line>Pôle risques</line></par>
<par>
<line>Affaire suivie par ; Alain BRECHET</line>
<line>Tél.; 04 81 66 81 24</line>
<line>courriel : alain.brechet@drome.gouv.lT</line></par>
<par>
<line>Préfecture</line></par>
<par>
<line>Direction des collectivités et de l'utUité publique</line>
<line>Bureau des enquêtes publiques</line>
<line>Affaire suivie par : Lucette MANGUIN</line>
<line>Tel.; 04.75.79.28.71</line>
<line>Fax: 04 75 79 28.55</line>
<line>E-mail; lucette.manguin@drome.gouv.âr</line></par>
</text>
</block>
<block><region><rect/></region>
<text>
<par>
<line>Arrêtéu° .âO3^7-00O2) J3AoJeK.^lofc</line></par>
<par>
<line>portant approbation de la modiilcation du plan de zonage règlementaire du Plan de Prévention des</line>
<line>Risques prévisibles inondation (PPRi) sur la commune de MOLLANS-SUR-OUVÈZE</line></par>
</text>
</block>
<block><region><rect/></region>
<text>
<par>
<line>Le Préfet de la Drôme,</line>
<line>Chevalier de l'Ordre National du Mérite</line></par>
</text>
</block>
<block><region><rect/></region>
<text>
<par>
<line>VU le code de T environnement et notamment ses articles L562-1 à L562-9 et R562-1 à R562-12,</line></par>
<par>
<line>VU le code de l'urbanisme,</line></par>
<par>
<line>VU la loi n° 2004.811 du 13 août 2004 modifiée, de modernisation de la sécurité civile,</line></par>
<par>
<line>VU le décret n° 2004-374 du 29 avril 2004 modifié, relatif aux pouvoirs des Préfets, à l’organisation et à</line>
<line>l'action des services de l'Etat dans les régions et départanents,</line></par>
<par>
<line>VU l’arrêté préfectoral n°2010291-0029 du 10 octobre 2010 portant approbation du PPRi de la commune de</line>
<line>MOLLANS-SUR-OUVÈZE,</line></par>
<par>
<line>VU la lettre de M. Roche en date du 4 mars 2015 sur l’absence de prise en compte de la topographie locale</line>
<line>lors du classement de sa maison d’habitation en zone rouge inondable,</line></par>
<par>
<line>VU la demande de modification du PPRi présentée par M. le Maire de MOLLANS-SUR-OUVÈZE le 19</line>
<line>mars 2015,</line></par>
<par>
<line>VU l'arrêté préfectoral n° 2015169-0019 du 18 juin 2015 prescrivant la modification n°l du PPRi de la</line>
<line>commune de MOLLANS-SUR-OUVÈZE,</line></par>
<par>
<line>VU les observations consignées sur le registre tenu en mairie pendant la mise à disposition du public du</line>
<line>dossier modifié,</line></par>
<par>
<line>VU le rapport d’analyse de ces observations, rédigé en novembre 2015 par la direction départementale des</line>
<line>territoires,</line></par>
</text>
</block>
<block><region><rect/></region>
<text>
<par>
<line>3, boulevard Vauban - 26030 VALENCE cedex 9 - Téléphone : 04 75 79 28 00</line>
<line>Site Internet de l'Etat en Drôme : http://www.drome. gouv.fr/</line></par>
</text>
</block>





</page>
<page width="1662" height="2344" resolution="200">
<block><region><rect/></region>
<text>
<par>
<line>Considérant qu’au vu de la topographie, il peut être donné une suite favorable à la demande de la commune</line>
<line>et qu’ainsi la parcelle C970 peut être extraite de la zone inondable,</line></par>
<par>
<line>Considérant que les levés topographiques réalisés dans ce secteur ne permettent pas de donner satisfaction</line>
<line>aux remarques exprimées pendant la durée de la mise à disposition du public du dossier de modification,</line></par>
<par>
<line>Considérant dès lors :</line></par>
<par>
<line>• que la modification du plan de zonage règlementaire du PPRi de la commune de MOLLANS-SUR-</line>
<line>OUVÈZE, telle qu’elle apparaît dans le dossier mis à la mise à disposition du public, est conforme</line>
<line>aux objectifs de préservation des vies humaines et de réduction de la vulnérabilité des personnes et</line>
<line>des biens,</line></par>
<par>
<line>• que rien ne s'oppose à sa mise en œuvre.</line></par>
<par>
<line>Sur la proposition du secrétaire général de la préfecture de la Drôme,</line></par>
<par>
<line>ARRETE</line></par>
</text>
</block>
<block><region><rect/></region>
<text>
<par>
<line>Article 1er :</line></par>
<par>
<line>La modification du plan de zonage règlementaire du PPRi de la commune de MOLLANS-SUR-OUVÈZE,</line>
<line>telle quelle est annexée au présent arrêté, est approuvée.</line></par>
<par>
<line>Article 2</line></par>
<par>
<line>Le plan de zonage règlementaire ainsi modifié remplace le plan de zonage règlementaire du dossier initial</line>
<line>approuvé le 18 octobre 2010.</line></par>
</text>
</block>
<block><region><rect/></region>
<text>
<par>
<line>Article 3</line></par>
<par>
<line>Le PPRi de la commune de MOLLANS-SUR-OUVEZE est tenu à la disposition du public aux jours et heures</line>
<line>ouvrables à la mairie de MOLLANS-SUR-OUVÈZE ainsi qu'en Préfecture de la Drôme (bureau des enquêtes</line>
<line>publiques).</line></par>
<par>
<line>Article 4</line></par>
<par>
<line>Le présent arrêté sera publié au recueil des actes administratifs de la Préfecture, sur le site Internet des</line>
<line>services de l’État en Drôme (www.drome.gouv.fr) et mention en sera faite dans un journal diffusé dans le</line>
<line>département.</line></par>
<par>
<line>L'arrêté sera également affiché pendant un mois :</line></par>
<par>
<line>• à la mairie de MOLLANS-SUR-OUVÈZE,</line></par>
<par>
<line>• au siège de la communauté de communes Pays Vaison-Ventoux à VAISON-LA-ROMAINE.</line></par>
<par>
<line>Un certificat du maire et du président de la communauté de communes justifiera l’accomplissement de</line>
<line>l'affichage.</line></par>
<par>
<line>Article 5</line></par>
<par>
<line>Le présent arrêté peut faire l'objet d'un recours contentieux devant le tribunal administratif de Grenoble (2</line>
<line>place de Verdun BP1135 38022 GRENOBLE Cedex 1 dans un délai de deux mois à compter de sa date de</line>
<line>publication.</line></par>
</text>
</block>
<block><region><rect/></region>
<text>
<par>
<line>Article 6</line></par>
<par>
<line>Le Secrétaire Général de la préfecture de la Drôme, le Maire de la commune de MOLLANS-SUR-OUVÈZE,</line>
<line>le Président de la communauté de communes Pays Vaison-Ventoux, le Directeur Départemental des</line>
<line>Territoires de la Drôme sont chargés, chacun en ce qui le concerne, de l’exécution du présent arrêté.</line></par>
</text>
</block>
<block><region><rect/></region>
<text>
<par>
<line>Fait à Valenoe</line></par>
</text>
</block>
<block><region><rect/></region>
<text>
<par>
<line>[mm</line></par>
</text>
</block>
<block><region><rect/></region>
<text>
<par>
<line>Le</line></par>
</text>
</block>
<block><region><rect/></region>
<text>
<par>
<line>NOV. 2015</line></par>
</text>
</block>
<block><region><rect/></region>
<text>
<par>
<line>Didier LAUGA</line></par>
</text>
</block>
<block><region><rect/></region>
<text>
<par>
<line>2/2</line></par>
</text>
</block>









</page>
<page width="10629" height="8267" resolution="300">
<block><region><rect/></region>
<text>
<par>
<line>jA</line></par>
</text>
</block>
<block><region><rect/></region>
<text>
<par/>
</text>
</block>
<block><region><rect/><rect/></region>
<text>
<par>
<line>Il i : I’</line></par>
</text>
</block>
<block><region><rect/></region>
<text>
<par>
<line>./</line></par>
</text>
</block>
<block><region><rect/></region>
<text>
<par/>
</text>
</block>
<block><region><rect/><rect/><rect/><rect/><rect/></region>
<text>
<par>
<line>' i: ' ^ •&gt;,</line></par>
</text>
</block>
<block><region><rect/></region>
<text>
<par>
<line>.- - ri</line></par>
</text>
</block>
<block><region><rect/><rect/><rect/></region>
<text>
<par>
<line>4.-</line></par>
</text>
</block>
<block><region><rect/></region>
<text>
<par>
<line>•,'i</line></par>
</text>
</block>
<block><region><rect/></region>
<text>
<par>
<line>.n</line></par>
</text>
</block>
<block><region><rect/></region>
<text>
<par>
<line>M</line></par>
</text>
</block>
<block><region><rect/><rect/><rect/><rect/><rect/><rect/><rect/></region>
<text>
<par>
<line>' îi r</line></par>
<par>
<line>Ws' 'Ji"</line></par>
<par>
<line>r;. &lt; ■lîSy</line></par>
</text>
</block>
<block><region><rect/></region>
<text>
<par>
<line>‘JA</line></par>
</text>
</block>
<block><region><rect/></region>
<text>
<par>
<line>ïf^</line></par>
</text>
</block>
<block><region><rect/></region>
<text>
<par>
<line>'O'</line></par>
</text>
</block>
<block><region><rect/></region>
<text>
<par>
<line>Bassin versant de l'Ouvèze</line></par>
</text>
</block>
<block><region><rect/></region>
<text>
<par/>
</text>
</block>
<block><region><rect/></region>
<text>
<par/>
</text>
</block>
<block><region><rect/></region>
<text>
<par/>
</text>
</block>
<block><region><rect/></region>
<text>
<par/>
</text>
</block>
<block><region><rect/><rect/><rect/><rect/></region>
<text>
<par>
<line>“4</line></par>
</text>
</block>
<block><region><rect/><rect/><rect/><rect/><rect/><rect/></region>
<text>
<par/>
</text>
</block>
<block><region><rect/></region>
<text>
<par>
<line>Plan de Prévention des Risques</line>
<line>naturels inondation</line></par>
</text>
</block>
<block><region><rect/></region>
<text>
<par>
<line>' I rj</line></par>
</text>
</block>
<block><region><rect/></region>
<text>
<par>
<line>Ar</line></par>
</text>
</block>
<block><region><rect/></region>
<text>
<par/>
</text>
</block>
<block><region><rect/><rect/><rect/><rect/><rect/><rect/><rect/><rect/></region>
<text>
<par>
<line>,î ' ^</line></par>
<par>
<line>- -c-xi tu'. •■ '. Xri : “ ‘^?s</line></par>
</text>
</block>
<block><region><rect/></region>
<text>
<par>
<line>.\</line></par>
</text>
</block>
<block><region><rect/></region>
<text>
<par>
<line>; &gt;</line></par>
</text>
</block>
<block><region><rect/></region>
<text>
<par>
<line>iîi-</line></par>
</text>
</block>
<block><region><rect/></region>
<text>
<par>
<line>Commune de MOLLANS-SUR-OUVEZE</line></par>
</text>
</block>
<block><region><rect/></region>
<text>
<par/>
</text>
</block>
<block><region><rect/><rect/><rect/></region>
<text>
<par/>
</text>
</block>
<block><region><rect/></region>
<text>
<par/>
</text>
</block>
<block><region><rect/></region>
<text>
<par/>
</text>
</block>
<block><region><rect/></region>
<text>
<par>
<line>Carte de zonage réglementaire</line></par>
</text>
</block>
<block><region><rect/></region>
<text>
<par>
<line>PIERRELONGUE</line></par>
</text>
</block>
<block><region><rect/></region>
<text>
<par/>
</text>
</block>
<block><region><rect/></region>
<text>
<par>
<line>'il</line></par>
</text>
</block>
<block><region><rect/><rect/></region>
<text>
<par>
<line>“1-</line></par>
</text>
</block>
<block><region><rect/></region>
<text>
<par/>
</text>
</block>
<block><region><rect/></region>
<text>
<par>
<line>'V ■,'.</line></par>
</text>
</block>
<block><region><rect/></region>
<text>
<par>
<line>’ I</line></par>
</text>
</block>
<block><region><rect/></region>
<text>
<par>
<line>«I</line></par>
</text>
</block>
<block><region><rect/></region>
<text>
<par>
<line>X \X</line></par>
</text>
</block>
<block><region><rect/></region>
<text>
<par>
<line>H ;</line></par>
</text>
</block>
<block><region><rect/></region>
<text>
<par>
<line>\</line></par>
</text>
</block>
<block><region><rect/></region>
<text>
<par/>
</text>
</block>
<block><region><rect/></region>
<text>
<par>
<line>"-4J</line></par>
</text>
</block>
<block><region><rect/><rect/><rect/><rect/><rect/></region>
<text>
<par>
<line>VjVÿ'.'-'/</line></par>
</text>
</block>
<block><region><rect/></region>
<text>
<par>
<line>t</line></par>
</text>
</block>
<block><region><rect/></region>
<text>
<par>
<line>f'</line></par>
</text>
</block>
<block><region><rect/></region>
<text>
<par>
<line>“«i</line></par>
</text>
</block>
<block><region><rect/></region>
<text>
<par>
<line>t.!,</line></par>
</text>
</block>
<block><region><rect/></region>
<text>
<par>
<line>^ ».</line></par>
</text>
</block>
<block><region><rect/><rect/><rect/><rect/></region>
<text>
<par>
<line>i.4&gt;‘</line></par>
<par>
<line>^r.</line></par>
</text>
</block>
<block><region><rect/></region>
<text>
<par>
<line>i V</line></par>
</text>
</block>
<block><region><rect/></region>
<text>
<par>
<line>-4^'</line></par>
</text>
</block>
<block><region><rect/></region>
<text>
<par/>
</text>
</block>
<block><region><rect/></region>
<text>
<par/>
</text>
</block>
<block><region><rect/></region>
<text>
<par/>
</text>
</block>
<block><region><rect/><rect/></region>
<text>
<par/>
</text>
</block>
<block><region><rect/></region>
<text>
<par>
<line>t! L</line></par>
</text>
</block>
<block><region><rect/></region>
<text>
<par/>
</text>
</block>
<block><region><rect/></region>
<text>
<par>
<line>3</line></par>
</text>
</block>
<block><region><rect/></region>
<text>
<par>
<line>i^9é</line></par>
</text>
</block>
<block><region><rect/></region>
<text>
<par>
<line>m</line></par>
</text>
</block>
<block><region><rect/></region>
<text>
<par>
<line>1MOLLANS-SUR-OUVEZE:</line></par>
</text>
</block>
<block><region><rect/></region>
<text>
<par>
<line>•/v; ..vv</line></par>
</text>
</block>
<block><region><rect/></region>
<text>
<par/>
</text>
</block>
<block><region><rect/></region>
<text>
<par>
<line>■v</line></par>
</text>
</block>
<block><region><rect/><rect/><rect/></region>
<text>
<par>
<line>■&gt;- ....</line></par>
<par>
<line>,</line></par>
<par>
<line>feiaM '</line></par>
</text>
</block>
<block><region><rect/></region>
<text>
<par>
<line>' *M ‘ V</line></par>
</text>
</block>
<block><region><rect/><rect/><rect/><rect/></region>
<text>
<par>
<line>y. «f</line></par>
<par>
<line>'V</line></par>
</text>
</block>
<block><region><rect/><rect/><rect/></region>
<text>
<par>
<line>!-;ro;*</line></par>
<par>
<line>&gt;C£&gt;\</line></par>
<par>
<line>:::rOv</line></par>
</text>
</block>
<block><region><rect/></region>
<text>
<par>
<line>? T'</line></par>
</text>
</block>
<block><region><rect/></region>
<text>
<par/>
</text>
</block>
<block><region><rect/></region>
<text>
<par/>
</text>
</block>
<block><region><rect/></region>
<text>
<par>
<line>1</line></par>
</text>
</block>
<block><region><rect/></region>
<text>
<par>
<line>Liberté • Egalité • Fraternité</line></par>
<par>
<line>République Française</line></par>
</text>
</block>
<block><region><rect/></region>
<text>
<par>
<line>Direction</line>
<line>Départementale</line>
<line>desTerritoires</line>
<line>de la Drôme</line></par>
</text>
</block>
<block><region><rect/></region>
<text>
<par/>
</text>
</block>
<block><region><rect/></region>
<text>
<par/>
</text>
</block>
<block><region><rect/></region>
<text>
<par>
<line>\ i</line></par>
</text>
</block>
<block><region><rect/></region>
<text>
<par>
<line>.-'7/</line></par>
</text>
</block>
<block><region><rect/><rect/></region>
<text>
<par>
<line>■•k î î : ‘ '</line></par>
<par>
<line>.. :</line></par>
<par>
<line>■- ’a'- V;</line></par>
</text>
</block>
<block><region><rect/></region>
<text>
<par>
<line>‘T-f</line></par>
</text>
</block>
<block><region><rect/></region>
<text>
<par>
<line>V</line></par>
</text>
</block>
<block><region><rect/></region>
<text>
<par>
<line>\a</line></par>
</text>
</block>
<block><region><rect/><rect/><rect/><rect/><rect/><rect/></region>
<text>
<par>
<line>ivlA^c</line></par>
<par>
<line>’CixÂ</line></par>
</text>
</block>
<block><region><rect/></region>
<text>
<par>
<line>rèn'</line></par>
</text>
</block>
<block><region><rect/></region>
<text>
<par/>
</text>
</block>
<block><region><rect/></region>
<text>
<par/>
</text>
</block>
<block><region><rect/><rect/><rect/></region>
<text>
<par/>
</text>
</block>
<block><region><rect/></region>
<text>
<par>
<line>m</line></par>
</text>
</block>
<block><region><rect/></region>
<text>
<par>
<line>X</line></par>
</text>
</block>
<block><region><rect/><rect/></region>
<text>
<par>
<line>^é\;o\-xXÿX</line></par>
<par>
<line>•\-'.CPy.-y.</line></par>
</text>
</block>
<block><region><rect/><rect/></region>
<text>
<par>
<line>^'//V7o</line></par>
<par>
<line>X1([ ■'■</line></par>
</text>
</block>
<block><region><rect/><rect/></region>
<text>
<par/>
</text>
</block>
<block><region><rect/></region>
<text>
<par>
<line>M</line></par>
</text>
</block>
<block><region><rect/></region>
<text>
<par/>
</text>
</block>
<block><region><rect/></region>
<text>
<par>
<line>OA</line></par>
</text>
</block>
<block><region><rect/></region>
<text>
<par/>
</text>
</block>
<block><region><rect/></region>
<text>
<par>
<line>/'</line></par>
</text>
</block>
<block><region><rect/></region>
<text>
<par>
<line>Novembre 2015</line></par>
</text>
</block>
<block><region><rect/></region>
<text>
<par>
<line>Dossier approuvé</line>
<line>le : 18/10/2010</line></par>
<par>
<line>Modifié</line></par>
<par>
<line>le : 13/11/2015</line></par>
</text>
</block>
<block><region><rect/></region>
<text>
<par/>
</text>
</block>
<block><region><rect/></region>
<text>
<par>
<line>A</line></par>
</text>
</block>
<block><region><rect/></region>
<text>
<par/>
</text>
</block>
<block><region><rect/></region>
<text>
<par>
<line>Echelle : 1/10 000</line></par>
</text>
</block>
<block><region><rect/></region>
<text>
<par>
<line>ri</line></par>
</text>
</block>
<block><region><rect/></region>
<text>
<par>
<line>4)^</line></par>
</text>
</block>
<block><region><rect/></region>
<text>
<par/>
</text>
</block>
<block><region><rect/><rect/></region>
<text>
<par>
<line>»Z -^,0.T</line></par>
<par>
<line>'Vf-</line></par>
</text>
</block>
<block><region><rect/></region>
<text>
<par/>
</text>
</block>
<block><region><rect/></region>
<text>
<par>
<line>\r</line></par>
</text>
</block>
<block><region><rect/></region>
<text>
<par>
<line>.1</line></par>
</text>
</block>
<block><region><rect/></region>
<text>
<par>
<line>r'^-</line></par>
</text>
</block>
<block><region><rect/></region>
<text>
<par>
<line>t i</line></par>
</text>
</block>
<block><region><rect/></region>
<text>
<par/>
</text>
</block>
<block><region><rect/></region>
<text>
<par/>
</text>
</block>
<block><region><rect/></region>
<text>
<par>
<line>■X</line></par>
</text>
</block>
<block><region><rect/></region>
<text>
<par>
<line>lït--</line></par>
</text>
</block>
<block><region><rect/></region>
<text>
<par>
<line>■r J</line></par>
</text>
</block>
<block><region><rect/><rect/></region>
<text>
<par>
<line>ij:</line></par>
</text>
</block>
<block><region><rect/><rect/><rect/><rect/></region>
<text>
<par>
<line>-A</line></par>
<par>
<line>( O-;</line></par>
</text>
</block>
<block><region><rect/></region>
<text>
<par>
<line>J»-</line></par>
</text>
</block>
<block><region><rect/></region>
<text>
<par/>
</text>
</block>
<block><region><rect/></region>
<text>
<par/>
</text>
</block>
<block><region><rect/><rect/></region>
<text>
<par>
<line>Kjr</line></par>
<par>
<line>w , - \ ! i</line></par>
</text>
</block>
<block><region><rect/></region>
<text>
<par>
<line>-'■T</line></par>
</text>
</block>
<block><region><rect/><rect/></region>
<text>
<par>
<line>1»</line></par>
</text>
</block>
<block><region><rect/></region>
<text>
<par/>
</text>
</block>
<block><region><rect/><rect/></region>
<text>
<par>
<line>—' - .. .- - r-rN ' V '</line></par>
<par>
<line>. ; i&amp;^er^^e X, - :</line></par>
</text>
</block>
<block><region><rect/><rect/><rect/></region>
<text>
<par/>
</text>
</block>
<block><region><rect/><rect/></region>
<text>
<par>
<line>XXi</line></par>
</text>
</block>
<block><region><rect/><rect/></region>
<text>
<par>
<line>«</line></par>
<par>
<line>282 ‘ n-</line></par>
</text>
</block>
<block><region><rect/></region>
<text>
<par>
<line>m</line></par>
</text>
</block>
<block><region><rect/></region>
<text>
<par>
<line>'A</line></par>
</text>
</block>
<block><region><rect/><rect/><rect/><rect/></region>
<text>
<par>
<line>’-f'Tf * #</line></par>
<par>
<line>, XV/Â</line></par>
</text>
</block>
<block><region><rect/></region>
<text>
<par>
<line>/,</line></par>
</text>
</block>
<block><region><rect/><rect/></region>
<text>
<par>
<line>Z</line></par>
<par>
<line>/</line></par>
</text>
</block>
<block><region><rect/></region>
<text>
<par/>
</text>
</block>
<block><region><rect/></region>
<text>
<par>
<line>IJX</line></par>
</text>
</block>
<block><region><rect/></region>
<text>
<par>
<line>X</line></par>
</text>
</block>
<block><region><rect/></region>
<text>
<par/>
</text>
</block>
<block><region><rect/><rect/><rect/></region>
<text>
<par>
<line>.^v '. IgTPa^</line></par>
</text>
</block>
<block><region><rect/></region>
<text>
<par>
<line>'y.</line></par>
</text>
</block>
<block><region><rect/><rect/><rect/><rect/><rect/><rect/><rect/><rect/><rect/><rect/><rect/></region>
<text>
<par>
<line>y. &gt;</line></par>
<par>
<line>'// /</line></par>
<par>
<line>/ y#</line></par>
</text>
</block>
<block><region><rect/></region>
<text>
<par/>
</text>
</block>
<block><region><rect/></region>
<text>
<par/>
</text>
</block>
<block><region><rect/></region>
<text>
<par>
<line>V</line></par>
</text>
</block>
<block><region><rect/></region>
<text>
<par>
<line>'rf..</line></par>
</text>
</block>
<block><region><rect/></region>
<text>
<par>
<line>--^rr-</line></par>
</text>
</block>
<block><region><rect/><rect/></region>
<text>
<par/>
</text>
</block>
<block><region><rect/></region>
<text>
<par/>
</text>
</block>
<block><region><rect/></region>
<text>
<par/>
</text>
</block>
<block><region><rect/><rect/><rect/></region>
<text>
<par/>
</text>
</block>
<block><region><rect/></region>
<text>
<par/>
</text>
</block>
<block><region><rect/></region>
<text>
<par>
<line>«SBEtS”'</line></par>
</text>
</block>
<block><region><rect/></region>
<text>
<par>
<line>LEGENDE</line></par>
</text>
</block>
<block><region><rect/></region>
<text>
<par>
<line>Les zones d'alèa sur les ravins non cartographiés</line>
<line>font l'objet de distances de recul réglementées</line></par>
</text>
</block>
<block><region><rect/><rect/><rect/></region>
<text>
<par>
<line>ENJEUX</line>
<line>ALEAS</line></par>
</text>
</block>
<block><region><rect/></region>
<text>
<par>
<line>Fort</line></par>
</text>
</block>
<block><region><rect/></region>
<text>
<par>
<line>Moyen</line></par>
</text>
</block>
<block><region><rect/></region>
<text>
<par>
<line>Faible</line></par>
</text>
</block>
<block><region><rect/></region>
<text>
<par>
<line>Résiduel</line></par>
</text>
</block>
<block><region><rect/></region>
<text>
<par>
<line>Centre</line></par>
<par>
<line>Ancien</line></par>
</text>
</block>
<block><region><rect/><rect/></region>
<text>
<par>
<line>Zo'ne; rouge</line></par>
</text>
</block>
<block><region><rect/></region>
<text>
<par>
<line>hac</line></par>
</text>
</block>
<block><region><rect/></region>
<text>
<par>
<line>huree</line></par>
</text>
</block>
<block><region><rect/></region>
<text>
<par>
<line>Autres</line></par>
<par>
<line>Zones</line></par>
</text>
</block>
<block><region><rect/></region>
<text>
<par>
<line>Expansion</line>
<line>de crue</line></par>
</text>
</block>
<block><region><rect/><rect/></region>
<text>
<par>
<line>Zone orange</line></par>
<par>
<line>Inçpnstlructibti^s</line></par>
</text>
</block>
<block><region><rect/></region>
<text>
<par>
<line>Zone jaune</line></par>
<par>
<line>Constructibles avec prescriptions*</line></par>
</text>
</block>
<block><region><rect/></region>
<text>
<par>
<line>Zoneirouge::</line></par>
</text>
</block>
<block><region><rect/></region>
<text>
<par>
<line>Zone verte</line></par>
<par>
<line>Constructibles avec prescriptions*</line></par>
</text>
</block>
<block><region><rect/></region>
<text>
<par/>
</text>
</block>
<block><region><rect/></region>
<text>
<par>
<line>XL</line></par>
</text>
</block>
<block><region><rect/></region>
<text>
<par>
<line>j’^</line></par>
</text>
</block>
<block><region><rect/></region>
<text>
<par>
<line>I ' - # ■</line></par>
</text>
</block>
<block><region><rect/><rect/><rect/></region>
<text>
<par>
<line>“* ■ ’/■</line></par>
<par>
<line>y- J</line></par>
</text>
</block>
<block><region><rect/></region>
<text>
<par>
<line>1 '*-'4</line></par>
</text>
</block>
<block><region><rect/></region>
<text>
<par>
<line>• î. f</line></par>
</text>
</block>
<block><region><rect/></region>
<text>
<par/>
</text>
</block>
<block><region><rect/><rect/></region>
<text>
<par/>
</text>
</block>
<block><region><rect/></region>
<text>
<par/>
</text>
</block>
<block><region><rect/></region>
<text>
<par/>
</text>
</block>
<block><region><rect/></region>
<text>
<par>
<line>y.</line></par>
</text>
</block>
<block><region><rect/></region>
<text>
<par>
<line>X î</line></par>
</text>
</block>
<block><region><rect/></region>
<text>
<par/>
</text>
</block>
<block><region><rect/></region>
<text>
<par/>
</text>
</block>
<block><region><rect/></region>
<text>
<par>
<line>* Voir précisions dans ie règiement</line></par>
<par>
<line>- Limites communales</line></par>
<par>
<line>_ 5o.52_ travers et cote de référence</line></par>
<par>
<line>H- Digue</line></par>
<par>
<line>N</line></par>
</text>
</block>
<block><region><rect/></region>
<text>
<par>
<line>•’ '</line></par>
</text>
</block>
<block><region><rect/></region>
<text>
<par/>
</text>
</block>
<block><region><rect/></region>
<text>
<par>
<line>0</line></par>
</text>
</block>
<block><region><rect/></region>
<text>
<par>
<line>200</line></par>
</text>
</block>
<block><region><rect/></region>
<text>
<par>
<line>400</line></par>
</text>
</block>
<block><region><rect/></region>
<text>
<par>
<line>^A&gt;-</line></par>
</text>
</block>
<block><region><rect/><rect/><rect/></region>
<text>
<par>
<line>ytyyy</line></par>
</text>
</block>
<block><region><rect/></region>
<text>
<par/>
</text>
</block>
<block><region><rect/></region>
<text>
<par/>
</text>
</block>
<block><region><rect/></region>
<text>
<par/>
</text>
</block>
<block><region><rect/></region>
<text>
<par>
<line>t ^</line></par>
</text>
</block>
<block><region><rect/></region>
<text>
<par>
<line>r^"</line></par>
</text>
</block>
<block><region><rect/></region>
<text>
<par>
<line>m</line></par>
</text>
</block>
<block><region><rect/><rect/></region>
<text>
<par>
<line>Mètres</line></par>
<par>
<line>I Système altimétrique de référence: NGF-iGN69</line></par>
</text>
</block>
<block><region><rect/></region>
<text>
<par>
<line>I"' '.</line></par>
</text>
</block>
<block><region><rect/></region>
<text>
<par/>
</text>
</block>
<block><region><rect/></region>
<text>
<par>
<line>’--C</line></par>
</text>
</block>
<block><region><rect/><rect/><rect/><rect/><rect/><rect/><rect/></region>
<text>
<par>
<line>■OAr #/ L' l'.r i</line></par>
</text>
</block>
<block><region><rect/></region>
<text>
<par>
<line>! : i.</line></par>
</text>
</block>
<block><region><rect/></region>
<text>
<par>
<line>i.i:</line></par>
</text>
</block>
<block><region><rect/></region>
<text>
<par/>
</text>
</block>
<block><region><rect/><rect/><rect/><rect/><rect/></region>
<text>
<par>
<line>t:4 &gt; , A</line></par>
<par>
<line>* \ / ' , -Si</line></par>
<par>
<line>y -tes</line></par>
</text>
</block>
<block><region><rect/><rect/><rect/></region>
<text>
<par>
<line>‘iu/ jy i</line></par>
<par>
<line>''v</line></par>
</text>
</block>
<block><region><rect/></region>
<text>
<par>
<line>n.</line></par>
</text>
</block>
<block><region><rect/></region>
<text>
<par/>
</text>
</block>
<block><region><rect/></region>
<text>
<par>
<line>lyes</line></par>
</text>
</block>
<block><region><rect/></region>
<text>
<par/>
</text>
</block>
<block><region><rect/></region>
<text>
<par>
<line>Bel</line></par>
</text>
</block>
<block><region><rect/><rect/><rect/><rect/><rect/><rect/></region>
<text>
<par/>
</text>
</block>
<block><region><rect/><rect/><rect/></region>
<text>
<par/>
</text>
</block>
<block><region><rect/></region>
<text>
<par>
<line>'m.</line></par>
</text>
</block>
<block><region><rect/><rect/><rect/></region>
<text>
<par>
<line>ï;</line></par>
</text>
</block>
<block><region><rect/></region>
<text>
<par>
<line>a!P*»fiî</line></par>
</text>
</block>
<block><region><rect/></region>
<text>
<par/>
</text>
</block>
<block><region><rect/><rect/><rect/><rect/><rect/></region>
<text>
<par>
<line>•*-r fe. I* .O ■■ ■&lt;• '■ ^</line></par>
</text>
</block>
<block><region><rect/></region>
<text>
<par>
<line>. X '4</line></par>
<par>
<line>; V J</line></par>
</text>
</block>
<block><region><rect/></region>
<text>
<par/>
</text>
</block>
<block><region><rect/></region>
<text>
<par/>
</text>
</block>
<block><region><rect/></region>
<text>
<par/>
</text>
</block>
<block><region><rect/></region>
<text>
<par>
<line>.oyM</line></par>
</text>
</block>
<block><region><rect/></region>
<text>
<par/>
</text>
</block>
<block><region><rect/><rect/><rect/><rect/><rect/></region>
<text>
<par>
<line>iTfït t, .■*. iï- Ir-^'v* -</line></par>
<par>
<line>.il ; 1</line></par>
</text>
</block>
<block><region><rect/></region>
<text>
<par/>
</text>
</block>
<block><region><rect/></region>
<text>
<par>
<line>m</line></par>
</text>
</block>
<block><region><rect/><rect/><rect/></region>
<text>
<par>
<line>■ ■ . ■; i.</line></par>
<par>
<line>■:'^ ' \ . ■ rj *■ 1 ;&gt; ji</line></par>
</text>
</block>
<block><region><rect/></region>
<text>
<par/>
</text>
</block>
<block><region><rect/></region>
<text>
<par/>
</text>
</block>
<block><region><rect/></region>
<text>
<par/>
</text>
</block>
<block><region><rect/><rect/><rect/><rect/><rect/><rect/><rect/></region>
<text>
<par>
<line>"i#,.</line></par>
<par>
<line>■ ■* y I .e f I • &lt;■ '■</line></par>
</text>
</block>
<block><region><rect/><rect/><rect/><rect/></region>
<text>
<par>
<line>MxS- ■ 'N ‘\</line></par>
</text>
</block>
<block><region><rect/></region>
<text>
<par>
<line>4</line></par>
</text>
</block>
<block><region><rect/></region>
<text>
<par/>
</text>
</block>
<block><region><rect/></region>
<text>
<par/>
</text>
</block>
<block><region><rect/></region>
<text>
<par>
<line>... '.;■</line></par>
</text>
</block>
<block><region><rect/></region>
<text>
<par/>
</text>
</block>
<block><region><rect/></region>
<text>
<par>
<line>Er</line></par>
</text>
</block>
<block><region><rect/></region>
<text>
<par/>
</text>
</block>
<block><region><rect/></region>
<text>
<par>
<line>• \ ^^ X ‘ ' / 1; ^ Ÿ *'</line></par>
</text>
</block>
<block><region><rect/><rect/><rect/><rect/><rect/></region>
<text>
<par/>
</text>
</block>
<block><region><rect/><rect/></region>
<text>
<par>
<line>’-X</line></par>
</text>
</block>
<block><region><rect/></region>
<text>
<par/>
</text>
</block>
<block><region><rect/><rect/><rect/><rect/><rect/><rect/><rect/></region>
<text>
<par>
<line>., \</line></par>
<par>
<line>i \ : ■"'</line></par>
<par>
<line>'' ' ■ ■ t, -* ^</line></par>
</text>
</block>
<block><region><rect/><rect/><rect/><rect/><rect/><rect/><rect/><rect/><rect/><rect/><rect/><rect/></region>
<text>
<par>
<line>INN » - ffcr «rjwfAiff/. A- ' •*</line></par>
<par>
<line>"À-, _ Cyxx^ 7.P;'</line></par>
</text>
</block>
<block><region><rect/><rect/><rect/><rect/></region>
<text>
<par/>
</text>
</block>
<block><region><rect/></region>
<text>
<par/>
</text>
</block>
<block><region><rect/></region>
<text>
<par/>
</text>
</block>
<block><region><rect/><rect/></region>
<text>
<par>
<line>-"-'v-jV</line></par>
<par>
<line>i</line></par>
</text>
</block>
<block><region><rect/></region>
<text>
<par/>
</text>
</block>
<block><region><rect/></region>
<text>
<par/>
</text>
</block>
<block><region><rect/></region>
<text>
<par>
<line>- i</line></par>
</text>
</block>
<block><region><rect/></region>
<text>
<par>
<line>I T'i.</line></par>
</text>
</block>
<block><region><rect/></region>
<text>
<par>
<line>..'N;'</line></par>
</text>
</block>
<block><region><rect/></region>
<text>
<par/>
</text>
</block>
<block><region><rect/></region>
<text>
<par/>
</text>
</block>
<block><region><rect/></region>
<text>
<par>
<line>m.</line></par>
</text>
</block>
<block><region><rect/></region>
<text>
<par>
<line>tXfX'</line></par>
</text>
</block>
<block><region><rect/></region>
<text>
<par/>
</text>
</block>
<block><region><rect/></region>
<text>
<par/>
</text>
</block>
<block><region><rect/></region>
<text>
<par/>
</text>
</block>
<block><region><rect/></region>
<text>
<par>
<line>m</line></par>
</text>
</block>
<block><region><rect/></region>
<text>
<par>
<line>■ r ù</line></par>
</text>
</block>
<block><region><rect/></region>
<text>
<par/>
</text>
</block>
<block><region><rect/><rect/><rect/></region>
<text>
<par>
<line>....</line></par>
</text>
</block>
<block><region><rect/></region>
<text>
<par>
<line>m</line></par>
</text>
</block>
<block><region><rect/><rect/><rect/></region>
<text>
<par>
<line>es 4Irandê</line>
<line>\0untiefk</line></par>
</text>
</block>
<block><region><rect/></region>
<text>
<par/>
</text>
</block>
<block><region><rect/><rect/></region>
<text>
<par>
<line>j^:-xr ■.</line></par>
<par>
<line>if' -y ;■</line></par>
</text>
</block>
<block><region><rect/></region>
<text>
<par/>
</text>
</block>
<block><region><rect/><rect/></region>
<text>
<par/>
</text>
</block>
<block><region><rect/></region>
<text>
<par>
<line>:.&lt;■# . Aer</line></par>
</text>
</block>
<block><region><rect/></region>
<text>
<par/>
</text>
</block>
<block><region><rect/></region>
<text>
<par/>
</text>
</block>
<block><region><rect/></region>
<text>
<par>
<line>l-X.Î&gt;A</line></par>
</text>
</block>
<block><region><rect/></region>
<text>
<par/>
</text>
</block>
<block><region><rect/><rect/><rect/><rect/><rect/><rect/><rect/><rect/><rect/><rect/><rect/></region>
<text>
<par>
<line>■4 ■ ..'-r</line></par>
</text>
</block>
<block><region><rect/><rect/></region>
<text>
<par>
<line>i’S '</line></par>
</text>
</block>
<block><region><rect/></region>
<text>
<par/>
</text>
</block>
<block><region><rect/></region>
<text>
<par/>
</text>
</block>
<block><region><rect/><rect/><rect/></region>
<text>
<par>
<line>!l</line></par>
</text>
</block>
<block><region><rect/></region>
<text>
<par/>
</text>
</block>
<block><region><rect/></region>
<text>
<par>
<line>■^;vr</line></par>
</text>
</block>
<block><region><rect/></region>
<text>
<par>
<line>11</line></par>
</text>
</block>
<block><region><rect/></region>
<text>
<par>
<line>.' •&gt; V'.</line></par>
</text>
</block>
<block><region><rect/></region>
<text>
<par>
<line>■WÊ</line></par>
</text>
</block>
<block><region><rect/></region>
<text>
<par/>
</text>
</block>
<block><region><rect/></region>
<text>
<par>
<line>14"</line></par>
</text>
</block>
<block><region><rect/></region>
<text>
<par>
<line>/' ',-^-'</line></par>
</text>
</block>
<block><region><rect/></region>
<text>
<par/>
</text>
</block>
<block><region><rect/></region>
<text>
<par>
<line>■\'\v</line></par>
</text>
</block>
<block><region><rect/><rect/><rect/><rect/><rect/><rect/><rect/><rect/><rect/><rect/></region>
<text>
<par>
<line>.''iî .• ", .rz;^'^'v \ '_.^.. -- m-«</line></par>
</text>
</block>
<block><region><rect/><rect/><rect/><rect/><rect/><rect/></region>
<text>
<par>
<line>. -- .1 ::-.A</line></par>
</text>
</block>
<block><region><rect/></region>
<text>
<par>
<line>*4'</line></par>
</text>
</block>
<block><region><rect/></region>
<text>
<par>
<line>'mr</line></par>
</text>
</block>
<block><region><rect/></region>
<text>
<par/>
</text>
</block>
<block><region><rect/></region>
<text>
<par>
<line>N</line></par>
</text>
</block>
<block><region><rect/></region>
<text>
<par/>
</text>
</block>
<block><region><rect/></region>
<text>
<par>
<line>;'?v,i ï ■'</line></par>
</text>
</block>
<block><region><rect/></region>
<text>
<par/>
</text>
</block>
<block><region><rect/></region>
<text>
<par>
<line>LvîC"</line></par>
</text>
</block>
<block><region><rect/><rect/><rect/><rect/><rect/><rect/><rect/></region>
<text>
<par>
<line>- , _ AA</line></par>
<par>
<line>/'J. X: .'^</line></par>
</text>
</block>
<block><region><rect/><rect/><rect/><rect/><rect/><rect/></region>
<text>
<par/>
</text>
</block>
<block><region><rect/></region>
<text>
<par/>
</text>
</block>
<block><region><rect/></region>
<text>
<par>
<line>&gt;-</line></par>
</text>
</block>
<block><region><rect/></region>
<text>
<par/>
</text>
</block>
<block><region><rect/></region>
<text>
<par>
<line>:lr4r*‘</line></par>
</text>
</block>
<block><region><rect/><rect/><rect/><rect/></region>
<text>
<par>
<line>y Xsa::\ ■ -</line></par>
<par>
<line>,yi '‘Xj/rXx'XyyXXÿ^'</line></par>
</text>
</block>
<block><region><rect/></region>
<text>
<par/>
</text>
</block>
<block><region><rect/><rect/><rect/></region>
<text>
<par/>
</text>
</block>
<block><region><rect/></region>
<text>
<par/>
</text>
</block>
<block><region><rect/></region>
<text>
<par/>
</text>
</block>
















































































































































































































































<block blockType="Picture" blockName="" l="2196" t="266" r="2263" b="353"><region><rect/></region>
</block>
<block blockType="Picture" blockName="" l="3977" t="3300" r="4080" b="3344"><region><rect/></region>
</block>
<block blockType="Picture" blockName="" l="2676" t="3661" r="2812" b="3734"><region><rect/></region>
</block>
<block blockType="Picture" blockName="" l="5571" t="3189" r="5670" b="3238"><region><rect/></region>
</block>
<block blockType="Picture" blockName="" l="8432" t="6366" r="8573" b="6424"><region><rect/></region>
</block>
<block blockType="Picture" blockName="" l="6917" t="6499" r="7035" b="6536"><region><rect/></region>
</block>
<block blockType="Picture" blockName="" l="8156" t="5207" r="8257" b="5231"><region><rect/></region>
</block>
<block blockType="Picture" blockName="" l="332" t="1483" r="376" b="1598"><region><rect/></region>
</block>
<block blockType="Picture" blockName="" l="6007" t="5176" r="6115" b="5283"><region><rect/></region>
</block>
<block blockType="Picture" blockName="" l="7595" t="5215" r="7638" b="5332"><region><rect/></region>
</block>
<block blockType="Picture" blockName="" l="2642" t="8036" r="2729" b="8163"><region><rect/></region>
</block>
</page>
</PM1>