<?xml version="1.0" encoding="UTF-8"?><PM1>
<page width="2508" height="3524" resolution="300">
<block><region><rect/></region>
<text>
<par>
<line>Liberl^^^^aht^^Fraterni^</line></par>
<par>
<line>RÉPUBLIQUE Française</line>
<line>PRÉFECTURE</line></par>
<par>
<line>DES PYRÉNÉES-ATLANTIQUES</line></par>
</text>
</block>
<block><region><rect/></region>
<text>
<par>
<line>REFER : PC/3 - 2002/371</line></par>
<par>
<line>Arrêté préfectoral n° ; 2002 - 212 - 13</line></par>
</text>
</block>
<block><region><rect/></region>
<text>
<par>
<line>SERVICE</line></par>
<par>
<line>INTERMINISTERIEL</line>
<line>DE LA DEFENSE ET DE</line>
<line>LA PROTECTION CIVILES</line></par>
</text>
</block>
<block><region><rect/></region>
<text>
<par>
<line>ARRETE</line></par>
</text>
</block>
<block><region><rect/></region>
<text>
<par>
<line>approuvant le Plan de Prévention du Risque d'inondation de la</line>
<line>commune d’ARTIGUELOUTAN</line></par>
</text>
</block>
<block><region><rect/></region>
<text>
<par>
<line>Le Préfet des Pyrénées-Atlantiques,</line></par>
<par>
<line>Chevalier de la Légion d'Honneur,</line></par>
<par>
<line>VU la loi n°87-565 du 22 juillet 1987, relative à l'organisation de la Sécurité Civile, à</line>
<line>la protection de la forêt contre l'incendie et à la prévention des risques majeurs, notamment</line>
<line>ses articles 40.1 à 40.7 issus de la loi n° 95-101 du 2 février 1995 ;</line></par>
<par>
<line>VU le décret n°95 -1089 du 5 octobre 1995, relatif aux plans de prévention des</line>
<line>risques naturels prévisibles ;</line></par>
<par>
<line>VU l'arrêté préfectoral en date du 10 décembre 1997, prescrivant l'établissement d'un</line>
<line>plan de prévention du risque d'inondation (P.P.R.I.) sur la commune d’Artigueloutan ;</line></par>
<par>
<line>VU l'arrêté préfectoral en date du 6 février 2002 prescrivant l'ouverture d'une enquête</line>
<line>publique sur le plan de prévention du risque d’inondation de la commune d’Artigueloutan;</line></par>
<par>
<line>VU la délibération du Conseil municipal en date du 25 septembre 2001 ;</line></par>
<par>
<line>VU le procès - verbal de l'enquête publique qui s'est déroulée du 21 février 2002 au</line>
<line>25 mars 2002 et à l'avis du Commissaire -enquêteur en date du 2 avril 2002;</line></par>
<par>
<line>SUR proposition du directeur de Cabinet de la préfecture ,</line></par>
</text>
</block>
<block><region><rect/></region>
<text>
<par>
<line>ARRETE:</line></par>
<par>
<line>Article ; I - est approuvé tel qu'il est annexé au présent arrêté, le Plan de Prévention du</line>
<line>Risque d'inondation de la commune d’ARTIGUELOUTAN.</line></par>
</text>
</block>
<block><region><rect/></region>
<text>
<par>
<line>Tome corres/toiulmice dort être itiire.ssée tott.t forme itttper.Konitelle à Mtin.ricitr te Préfet ilex Pyrénées-Atluntiqiiiw</line>
<line>RUE MARÉCHAL JOFFRE 64021 PAU CEDEX. TEL. O."! .lO 98 24 24 - N"-AZUR 08 016.3 64 16- TÉLÉCOPIE 0.6 .69 98 24 99</line></par>
</text>
</block>
<block><region><rect/></region>
<text>
<par>
<line>2,</line></par>
</text>
</block>


</page>
<page width="2486" height="3509" resolution="300">
<block><region><rect/></region>
<text>
<par>
<line>n - le P.P.R.I. comprend : une note de présentation, un règlement,</line>
<line>une carte réglementaire au 1/5000®, d'une partie annexe</line>
<line>comprenant la carte des aléas, la carte des vitesses et des</line>
<line>hauteurs d'eau au 1/5 000®, un plan de situation, les textes</line>
<line>réglementaires</line></par>
<par>
<line>ni - le P.P.R I. est tenu à la disposition du public</line>
<line>à la mairie d’Artigueloutan</line>
<line>à la direction départementale de l'équipement</line>
<line>à la préfecture de Pau (S I.D.P.C.et D.C.L.E.)</line></par>
<par>
<line>Article 2 : Le présent arrêté sera publié au recueil des actes administratifs et mention en</line>
<line>sera faite dans les journaux ci-après désignés;</line></par>
<par>
<line>L'Eclair des Pyrénées et la République des Pyrénées</line></par>
<par>
<line>Une copie de l'arrêté d'approbation sera atfichée à la mairie pendant un mois au</line>
<line>minimum. Cette mesure de publicité sera justifiée par un certificat du maire et un</line>
<line>exemplaire des journaux sera annexé au dossier.</line></par>
<par>
<line>Article 3 : Des ampliations seront adressées à ;</line></par>
<par>
<line>M.M. le secrétaire général de la préfecture, Mme la maire d’Artigueloutan, M. le</line>
<line>directeur départemental de l'équipement, Mme la ministre de l'écologie et du</line>
<line>développement durable.</line></par>
<par>
<line>Article 4 ; MM. Le secrétaire général, le directeur de cabinet, Mme la maire</line>
<line>d’Artigueloutan, M. le directeur départemental de l'équipement sont chargés, chacun en</line>
<line>ce qui le concerne, de l'exécution du présent arrêté.</line></par>
</text>
</block>
<block><region><rect/></region>
<text>
<par>
<line>AtnpBa</line></par>
</text>
</block>
<block><region><rect/></region>
<text>
<par>
<line>pour</line></par>
</text>
</block>
<block><region><rect/></region>
<text>
<par/>
</text>
</block>
<block><region><rect/></region>
<text>
<par>
<line>M</line></par>
</text>
</block>
<block><region><rect/></region>
<text>
<par/>
</text>
</block>
<block><region><rect/></region>
<text>
<par/>
</text>
</block>
<block><region><rect/></region>
<text>
<par>
<line>DKfllSnno</line></par>
</text>
</block>
<block><region><rect/></region>
<text>
<par/>
</text>
</block>
<block><region><rect/></region>
<text>
<par>
<line>M</line></par>
</text>
</block>
<block><region><rect/></region>
<text>
<par/>
</text>
</block>
<block><region><rect/></region>
<text>
<par>
<line>JtÂlS</line></par>
</text>
</block>
<block><region><rect/></region>
<text>
<par>
<line>Fait à Pau, le 3 t JU|L 2002</line></par>
<par>
<line>Le Préfet,</line></par>
</text>
</block>
<block><region><rect/></region>
<text>
<par>
<line>Pour fe Préfet et per détégathn</line></par>
<par>
<line>Le^Secréiaire Gôi-)éral</line></par>
</text>
</block>



</page>
</PM1>