<?xml version="1.0" encoding="UTF-8"?><PM1>
<page width="1653" height="2336" resolution="200">
<block><region><rect/></region>
<text>
<par>
<line>Liberté • Égalité ■ Fraternité</line>
<line>RÉPUBLIQUE FRANÇAISE</line></par>
<par>
<line>PREFET DES YVELINES</line></par>
</text>
</block>
<block><region><rect/></region>
<text>
<par>
<line>Préfecture</line></par>
<par>
<line>Direction de la réglementation et des élections</line>
<line>Bureau de l’Environnement et des enquêtes publiques</line></par>
<par>
<line>Direction départementale des territoires</line></par>
<par>
<line>Service environnement, paysages, risques et nuisances</line></par>
<par>
<line>^ ^ 000 1 4 8</line></par>
<par>
<line>Arrêté préfectoral n® "5? &amp; ” 2.0-^ 2. - - Portant approbation du Plan de Prévention</line></par>
<par>
<line>des Risques Naturels - PPRN - mouvements de terrain liés aux anciennes carrières</line>
<line>souterraines sur la commune de Bougival</line></par>
</text>
</block>
<block><region><rect/></region>
<text>
<par>
<line>Le Préfet des Yvelines</line>
<line>Chevalier de la légion d’honneur</line></par>
</text>
</block>
<block><region><rect/></region>
<text>
<par>
<line>Vu le code de l’environnement, et notamment son livre V. titre VI, chapitre II relatif aux</line>
<line>plans de prévention des risques naturels prévisibles ;</line></par>
<par>
<line>Vu le code de l’urbanisme, et notamment ses articles L.126-1, R.126-1, R.126-2,</line>
<line>R.123-14, R.123-22 et R.600-1 ;</line></par>
<par>
<line>Vu l’arrêté préfectoral n° 86-400 en date du 05 août 1986 portant délimitation du périmètre</line>
<line>des zones de risques liés à la présence d’anciennes carrières abandonnées, pris en</line>
<line>application de l’article R.111-3 abrogé du code de l’urbanisme, et valant plan de prévention</line>
<line>des risques ;</line></par>
<par>
<line>Vu le décret n° 95-1089 du 5 octobre 1995 relatif aux plans de prévention des risques</line>
<line>naturels prévisibles, modifié notamment par le décret n° 2005-3 du 4 janvier 2005 ;</line></par>
<par>
<line>Vu t’arrêté préfectoral n“ SE 2010-000140 en date du 27 octobre 2010 prescrivant la</line>
<line>révision du plan de prévention des risques de mouvements de terrains sur la commune de</line>
<line>Bougival ;</line></par>
<par>
<line>Vu l’arrêté préfectoral en date du 12 janvier 2012 portant ouverture d’une enquête publique</line>
<line>concernant l'élaboration du plan de prévention des risques naturels - mouvements de terrain</line>
<line>liés aux anciennes carrières souterraines - sur la commune Bougival ;</line></par>
<par>
<line>Vu l'avis du conseil municipal de la commune de Bougival ;</line></par>
<par>
<line>Vu les résultats de l’enquête publique qui s’est déroulée du 13 février 2012 au 21</line>
<line>mars 2012 sur la commune susvisée ;</line></par>
<par>
<line>Vu le rapport, les conclusions et l’avis du commissaire-enquêteur le 12 avril 2012 ;</line></par>
</text>
</block>
<block><region><rect/></region>
<text>
<par>
<line>Sur proposition du secrétaire général de la préfecture ,</line></par>
</text>
</block>
<block><region><rect/></region>
<text>
<par>
<line>Préfecture des Yvelines</line></par>
<par>
<line>i me Jean HOUDON - 78.010 VERSAILLES CEDEX-Tel : 01 39 49 78 00- Fax : 01 39 49 75 88</line>
<line>Adresse internet ; lutp:.''-vvww.yvelines.pref.gouv.fr</line></par>
</text>
</block>


</page>
<page width="1653" height="2336" resolution="200">
<block><region><rect/></region>
<text>
<par>
<line>ARRETE</line></par>
</text>
</block>
<block><region><rect/></region>
<text>
<par>
<line>ARTICLE 1^': Est approuvé, tel qu’il est annexé au présent arrêté, le plan de prévention des</line>
<line>risques mouvements de terrain liés aux anciennes carrières souterraines sur la commune</line>
<line>de Bougivai, comprenant :</line></par>
<par>
<line>• - une notice de présentation,</line></par>
<par>
<line>• - un règlement,</line></par>
<par>
<line>• - une carte des aléas,</line></par>
<par>
<line>• - une carte de zonage réglementaire.</line></par>
<par>
<line>ARTICLE 2 : Le plan de prévention des risques mouvements de terrain liés aux anciennes</line>
<line>carrières souterraines concerne la commune de Bougivai.</line></par>
<par>
<line>ARTICLE 3 : Le plan de prévention des risques vaut servitude d’utilité publique, il devra être</line>
<line>annexé au Plan Local d’Urbanisme de la commune dans un délai de trois mois,</line>
<line>conformément à l’article L 126-1 du code de l’urbanisme.</line></par>
<par>
<line>ARTICLE 4 : Une copie du présent arrêté sera affichée, pendant une durée minimum d’un</line>
<line>mois, dans la mairie de la commune susvisée. L’accomplissement de cette formalité devra</line>
<line>être justifié par le maire de la commune concernée.</line></par>
<par>
<line>ARTICLE 5 : Le présent arrêté sera publié au recueil des actes administratifs de la</line>
<line>préfecture, ainsi que dans deux journaux à diffusion régionale ou locale.</line></par>
<par>
<line>ARTICLE 6 : Le plan de prévention des risques approuvé sera tenu à la disposition du</line>
<line>public à la préfecture des Yvelines, à la sous-préfecture de Saint-Germain-en-Laye et dans</line>
<line>la commune de Bougivai.</line></par>
<par>
<line>ARTICLE 7 : L’arrêté préfectoral en date du 5 août 1986 portant délimitation du périmètre</line>
<line>des zones de risques liés à la présence d'anciennes carrières abandonnées est abrogé en</line>
<line>ce qui concerne la commune de Bougivai.</line></par>
<par>
<line>ARTICLE 8 : Le présent arrêté peut faire l’objet d’un recours contentieux devant le tribunal</line>
<line>administratif de Versailles dans un délai de deux mois à compter de la publication du</line>
<line>présent arrêté.</line></par>
<par>
<line>Le recours devra être notifié sous quinzaine à M. le préfet des Yvelines.</line></par>
</text>
</block>
<block><region><rect/></region>
<text>
<par>
<line>ARTICLE 9 : Copie du présent arrêté sera adressé à ;</line></par>
<par>
<line>- M. le directeur régional et interdépartemental de l'environnement et de l'énergie ;</line></par>
<par>
<line>- M. le chef du service départemental d’incendie et de secours des Yvelines ;</line></par>
<par>
<line>- M. le chef du service interministériel de défense et protection civile des Yvelines ;</line></par>
<par>
<line>- M. le président du conseil général des Yvelines.</line></par>
<par>
<line>ARTICLE 10 :</line></par>
<par>
<line>Le secrétaire général de la préfecture des Yvelines, le sous-préfet de St-Germain-en-Laye,</line>
<line>le maire de la commune de Bougivai, le directeur départemental des territoires des</line>
<line>Yvelines, sont chargés, chacun en ce qui le concerne, de l’exécution du présent arrêté.</line></par>
</text>
</block>
<block><region><rect/></region>
<text>
<par>
<line>Fait à Versailles, le 14 MOV. 2012</line></par>
</text>
</block>











</page>
</PM1>