<?xml version="1.0" encoding="UTF-8"?><PM1>
<page width="2494" height="3517" resolution="300">
<block><region><rect/></region>
<text>
<par>
<line>PERIMETRE DE RISQUES</line></par>
<par>
<line>au titre de l'article R 111.3 du Code de l'Urbanisme</line></par>
</text>
</block>
<block><region><rect/></region>
<text>
<par>
<line>polef 3 Z</line></par>
</text>
</block>
<block><region><rect/></region>
<text>
<par>
<line>GLISSEMENT DE TERRAIN "LE CLOS DES PIERRES"</line>
<line>COMMUNE DE MENNETOU-SUR-CHER</line></par>
</text>
</block>
<block><region><rect/></region>
<text>
<par>
<line>NOTE DE PRESENTATION</line></par>
</text>
</block>
<block><region><rect/><rect/><rect/><rect/></region>
<text>
<par>
<line>Vu pour être annexé</line>
<line>à mon arrêté du 30 Ouin 1992</line></par>
<par>
<line>P. le Préfet,</line></par>
<par>
<line>Ch«f du Service IntertnlnletArlel</line>
<line>'éfenee rt de Protection Civile</line></par>
</text>
</block>
<block><region><rect/><rect/></region>
<text>
<par>
<line>A. ROBINET</line></par>
<par>
<line>j</line></par>
</text>
</block>
<block><region><rect/></region>
<text>
<par/>
</text>
</block>
<block><region><rect/></region>
<text>
<par/>
</text>
</block>
<block><region><rect/></region>
<text>
<par/>
</text>
</block>
<block><region><rect/></region>
<text>
<par/>
</text>
</block>
<block><region><rect/></region>
<text>
<par/>
</text>
</block>
<block><region><rect/></region>
<text>
<par/>
</text>
</block>
<block><region><rect/></region>
<text>
<par/>
</text>
</block>
<block><region><rect/></region>
<text>
<par>
<line>■*&gt;</line></par>
</text>
</block>
<block><region><rect/></region>
<text>
<par/>
</text>
</block>

</page>
<page width="2480" height="3507" resolution="300">
<block><region><rect/></region>
<text>
<par>
<line>SOMMAIRE</line></par>
</text>
</block>
<block><region><rect/></region>
<text>
<par>
<line>I- SITUATION de l'ensemble parcellaire "Clos des Pierres"</line></par>
</text>
</block>
<block><region><rect/></region>
<text>
<par>
<line>- physique</line></par>
<par>
<line>- juridique</line></par>
</text>
</block>
<block><region><rect/></region>
<text>
<par>
<line>II- LES FAITS</line></par>
<par>
<line>III- CONNAISSANCE DU RISQUE</line></par>
<par>
<line>IV- CONSIDERATIONS TECHNIQUES</line></par>
<par>
<line>- l'interdiction de bâtir</line>
<line>V - DE LA NECESSITE D'IMPOSER</line></par>
</text>
</block>
<block><region><rect/></region>
<text>
<par>
<line>- l'interdiction de bâtir</line></par>
<par>
<line>- des prescriptions particulières</line></par>
</text>
</block>
<block><region><rect/></region>
<text>
<par>
<line>VI- DE LA COHERENCE VIS-A-VIS DU P.O.S.</line></par>
<par>
<line>VII- NATURE ET PORTEE DES PRESCRIPTIONS PARTICULIERES</line></par>
<par>
<line>VIII- MOYENS DE CONTROLE</line></par>
</text>
</block>
<block><region><rect/></region>
<text>
<par>
<line>Le présent document a pu être réalisé grâce au concours du Laboratoire</line>
<line>des Ponts et Chaussées de BLOIS, en ce qui concerne les considérations</line>
<line>d'ordre technique.</line></par>
<par>
<line>Il comporte en effet de nombreux emprunts au rapport de visite du 26</line>
<line>mai 1988 rédigé par cet organisme.</line></par>
</text>
</block>


</page>
<page width="2499" height="3520" resolution="300">
<block><region><rect/></region>
<text>
<par>
<line>1</line></par>
</text>
</block>
<block><region><rect/></region>
<text>
<par>
<line>PREAMBULE</line></par>
</text>
</block>
<block><region><rect/></region>
<text>
<par>
<line>Extraits de la circulaire du 20 juin 1988 Equipement/Prévention des risques</line>
<line>majeurs.</line></par>
</text>
</block>
<block><region><rect/></region>
<text>
<par>
<line>"La France est notablement concernée par les risques naturels puisque</line>
<line>plus de 10500 communes peuvent être touchées par les inondations, les</line>
<line>mouvements de terrain, les séismes ou les avalanches.</line></par>
<par>
<line>Au delà des mesures d'alerte, de protection ou de secours qu'il est indis¬</line>
<line>pensable de mettre en place avant, pendant ou après une catastrophe,</line>
<line>la mesure de prévention la plus efficace sur le plan économique pour</line>
<line>la nation consiste en la prise en compte des risques dans la planification</line>
<line>territoriale.</line></par>
<par>
<line>L'Etat et les communes ont des responsabilités respectives en matière</line>
<line>de prévention des risques naturels.</line></par>
<par>
<line>L'Etat doit afficher les risques en déterminant leurs localisations et</line>
<line>leurs caractéristiques et en veillant à ce que les divers intervenants</line>
<line>les prennent en compte dans leurs actions.</line></par>
<par>
<line>Les communes ont le devoir de prendre en considération l'existence des</line>
<line>risques naturels sur leur territoire, notamment lors de l'élaboration</line>
<line>de documents d'urbanisme et de l'examen des demandes d'autorisation d'oc¬</line>
<line>cupation ou d'utilisation des sols".</line></par>
</text>
</block>
<block><region><rect/></region>
<text>
<par>
<line>Les récents événements qui ont affecté le "Clos des Pierres" menaçant</line>
<line>la sécurité de ses habitants et des biens bâtis nécessitent la mise en</line>
<line>oeuvre de la procédure dite "périmètre de risque" prise au titre de l'ar¬</line>
<line>ticle R 111.3 du Code de l'Urbanisme.</line></par>
</text>
</block>
<block><region><rect/></region>
<text>
<par>
<line>L'article R 111.3 stipule :</line></par>
</text>
</block>
<block><region><rect/><rect/><rect/></region>
<text>
<par>
<line>"La construction sur des terrains exposés à un risque</line>
<line>tel que ; inondation , érosion, affaissement, éboulement,</line>
<line>avalanches, peut, si elle est autorisée, être subqjt</line>
<line>à des conditions spéciales".</line></par>
</text>
</block>
<block><region><rect/></region>
<text>
<par/>
</text>
</block>
<block><region><rect/></region>
<text>
<par/>
</text>
</block>
<block><region><rect/></region>
<text>
<par/>
</text>
</block>
<block><region><rect/></region>
<text>
<par/>
</text>
</block>
<block><region><rect/></region>
<text>
<par>
<line>❖</line></par>
</text>
</block>
<block><region><rect/></region>
<text>
<par/>
</text>
</block>
<block><region><rect/></region>
<text orientation="RotatedCounterclockwise">
<par/>
</text>
</block>


</page>
<page width="2480" height="3507" resolution="300">
<block><region><rect/></region>
<text>
<par>
<line>•■r-j'.y.r.</line></par>
<par>
<line>k—'.'î;»!</line></par>
</text>
</block>
<block><region><rect/></region>
<text>
<par/>
</text>
</block>
<block><region><rect/><rect/><rect/></region>
<text>
<par/>
</text>
</block>
<block><region><rect/><rect/><rect/></region>
<text>
<par>
<line>v -î^ï - ■ ;</line></par>
<par>
<line>.•&gt; «? ■ yC.'': ; 'z '"^1 ■ - \ &lt;.'t*= ^ •: - ir .'^ï _ - '. :”- --x-ùlx ’-'\&gt; - - *f"*--**^^</line></par>
</text>
</block>
<block><region><rect/></region>
<text>
<par/>
</text>
</block>
<block><region><rect/></region>
<text>
<par/>
</text>
</block>
<block><region><rect/></region>
<text>
<par/>
</text>
</block>
<block><region><rect/><rect/></region>
<text>
<par>
<line>.1 -...,&gt;• • : V '" .^- i-f</line></par>
</text>
</block>
<block><region><rect/><rect/><rect/></region>
<text>
<par/>
</text>
</block>
<block><region><rect/></region>
<text>
<par>
<line>ïWjt</line></par>
</text>
</block>
<block><region><rect/></region>
<text>
<par/>
</text>
</block>
<block><region><rect/></region>
<text>
<par/>
</text>
</block>
<block><region><rect/><rect/><rect/><rect/><rect/><rect/><rect/><rect/><rect/><rect/></region>
<text>
<par>
<line>«' ■ ^■:*-&gt; ., ■• r “ t ■ ’-iy*' '(''•V' s</line></par>
</text>
</block>
<block><region><rect/><rect/></region>
<text>
<par>
<line>■■ ■■ * ■-'v"’. y-v ^7'- ’'- '■'' -'.'^-iv-r' 1</line></par>
</text>
</block>
<block><region><rect/></region>
<text>
<par>
<line>“Le Clos des Pierres" vue d*ensemble</line></par>
</text>
</block>
<block><region><rect/></region>
<text>
<par>
<line>Df</line></par>
</text>
</block>
<block><region><rect/></region>
<text>
<par/>
</text>
</block>
<block><region><rect/></region>
<text>
<par>
<line>L)/ ?, \V</line></par>
</text>
</block>
<block><region><rect/></region>
<text>
<par/>
</text>
</block>
<block><region><rect/></region>
<text>
<par/>
</text>
</block>
<block><region><rect/></region>
<text>
<par>
<line>♦</line></par>
</text>
</block>
<block><region><rect/></region>
<text>
<par/>
</text>
</block>


<block blockType="Picture" blockName="" l="1005" t="1872" r="1105" b="1950"><region><rect/></region>
</block>
</page>
<page width="2503" height="3523" resolution="300">
<block><region><rect/></region>
<text>
<par>
<line>- 2 -</line></par>
</text>
</block>
<block><region><rect/></region>
<text>
<par>
<line>I - SITUATION de l'ensemble parcellaire "Clos des Pierres</line></par>
</text>
</block>
<block><region><rect/></region>
<text>
<par>
<line>Physique</line></par>
<par>
<line>L'ensemble parcellaire objet du présent dossier, est</line>
<line>situé au lieu dit "Clos des Pierres" commune de MENNETOU</line>
<line>SUR CHER.</line></par>
<par>
<line>Cet ensemble est limité au Sud par la voie ferrée</line>
<line>TOURS-VIERZON, parallèle à la Rue du Quartier Neuf,</line>
<line>puis ceinturé par l'Allée des Fontaines, la Rue de</line>
<line>la Cage aux Mouches et enfin par le CD n° 123.</line></par>
<par>
<line>Bâti linéairement en bordure de ces voies, le secteur</line>
<line>considéré compte 24 hectares environ et présente une</line>
<line>déclivité moyenne de 10 à 20 % orientée vers la voie</line>
<line>ferrée.</line></par>
<par>
<line>Son centre est actuellement composé de bois, vignes</line>
<line>et aussi de friches pour 1,5 hectare environ.</line></par>
<par>
<line>En effet, initialement cultivé et entretenu, le Clos</line>
<line>des Pierres tend aujourd'hui à être délaissé faute</line>
<line>de cultivateur. Une partie des parcelles est abandonnée</line>
<line>et les fossés d'écoulement des eaux de ruissellement</line>
<line>ne sont plus nettoyés.</line></par>
</text>
</block>


</page>
<page width="2480" height="3507" resolution="300">
<block><region><rect/></region>
<text>
<par/>
</text>
</block>
<block><region><rect/></region>
<text>
<par>
<line>: i</line></par>
</text>
</block>
<block><region><rect/></region>
<text>
<par/>
</text>
</block>
<block><region><rect/></region>
<text>
<par>
<line>'L h..:</line></par>
</text>
</block>
<block><region><rect/></region>
<text>
<par>
<line>'&gt; :</line></par>
</text>
</block>
<block><region><rect/></region>
<text>
<par>
<line>«► * «</line></par>
</text>
</block>
<block><region><rect/></region>
<text>
<par/>
</text>
</block>
<block><region><rect/></region>
<text>
<par>
<line>« .</line></par>
</text>
</block>
<block><region><rect/></region>
<text>
<par>
<line>-.* ^ :5CT_ïcsi J •*•*.</line></par>
</text>
</block>
<block><region><rect/></region>
<text>
<par>
<line>■</line></par>
</text>
</block>
<block><region><rect/></region>
<text>
<par>
<line>.. /</line></par>
</text>
</block>
<block><region><rect/></region>
<text>
<par>
<line>ri</line></par>
</text>
</block>
<block><region><rect/></region>
<text>
<par>
<line>• jrm</line></par>
</text>
</block>
<block><region><rect/></region>
<text>
<par>
<line>■■■’K.■. *&gt;, * ■ r. .. ■ V r:'</line></par>
<par>
<line>' ; CS&gt;,: ' ■- ■;</line></par>
</text>
</block>
<block><region><rect/></region>
<text>
<par/>
</text>
</block>
<block><region><rect/></region>
<text>
<par>
<line>Wm</line></par>
</text>
</block>
<block><region><rect/></region>
<text>
<par/>
</text>
</block>
<block><region><rect/></region>
<text>
<par/>
</text>
</block>
<block><region><rect/></region>
<text>
<par/>
</text>
</block>
<block><region><rect/></region>
<text>
<par>
<line>fr*</line></par>
</text>
</block>
<block><region><rect/></region>
<text>
<par/>
</text>
</block>
<block><region><rect/></region>
<text>
<par>
<line>■• ï</line></par>
</text>
</block>
<block><region><rect/></region>
<text>
<par>
<line>. •■ . )</line></par>
</text>
</block>
<block><region><rect/></region>
<text>
<par/>
</text>
</block>
<block><region><rect/></region>
<text>
<par>
<line>f -Æfliv'l.*'</line></par>
</text>
</block>
<block><region><rect/></region>
<text>
<par/>
</text>
</block>
<block><region><rect/></region>
<text>
<par>
<line>:lr'f,</line></par>
</text>
</block>
<block><region><rect/></region>
<text>
<par>
<line>a»</line></par>
</text>
</block>
<block><region><rect/></region>
<text>
<par/>
</text>
</block>
<block><region><rect/></region>
<text>
<par>
<line>î- /» •</line></par>
</text>
</block>
<block><region><rect/></region>
<text>
<par/>
</text>
</block>
<block><region><rect/></region>
<text>
<par/>
</text>
</block>
<block><region><rect/></region>
<text>
<par>
<line>K'</line></par>
</text>
</block>
<block><region><rect/></region>
<text>
<par>
<line>I</line></par>
</text>
</block>
<block><region><rect/></region>
<text>
<par/>
</text>
</block>
<block><region><rect/></region>
<text>
<par>
<line>\</line></par>
</text>
</block>
<block><region><rect/></region>
<text>
<par>
<line>n *</line></par>
</text>
</block>
<block><region><rect/></region>
<text>
<par>
<line>♦Tîlî</line></par>
</text>
</block>
<block><region><rect/></region>
<text>
<par/>
</text>
</block>
<block><region><rect/></region>
<text>
<par>
<line>S</line></par>
</text>
</block>
<block><region><rect/></region>
<text>
<par>
<line>w</line></par>
</text>
</block>
<block><region><rect/></region>
<text>
<par>
<line>13</line></par>
</text>
</block>
<block><region><rect/></region>
<text>
<par>
<line>«v</line></par>
</text>
</block>
<block><region><rect/></region>
<text>
<par>
<line>L:</line></par>
</text>
</block>
<block><region><rect/></region>
<text>
<par>
<line>lc</line></par>
</text>
</block>
<block><region><rect/></region>
<text>
<par>
<line>£D</line></par>
</text>
</block>
<block><region><rect/></region>
<text>
<par>
<line>Œ</line></par>
</text>
</block>
<block><region><rect/></region>
<text>
<par>
<line>0</line></par>
</text>
</block>
<block><region><rect/></region>
<text>
<par>
<line>r</line></par>
</text>
</block>
<block><region><rect/></region>
<text>
<par>
<line>ij</line></par>
</text>
</block>
<block><region><rect/></region>
<text>
<par/>
</text>
</block>
<block><region><rect/></region>
<text>
<par/>
</text>
</block>
<block><region><rect/></region>
<text>
<par>
<line>1 V.</line></par>
</text>
</block>
<block><region><rect/></region>
<text>
<par/>
</text>
</block>
<block><region><rect/></region>
<text>
<par>
<line>ï</line></par>
</text>
</block>
<block><region><rect/></region>
<text>
<par/>
</text>
</block>
<block><region><rect/></region>
<text>
<par/>
</text>
</block>
<block><region><rect/></region>
<text>
<par/>
</text>
</block>
<block><region><rect/></region>
<text>
<par>
<line>J</line></par>
</text>
</block>
<block><region><rect/></region>
<text>
<par/>
</text>
</block>
<block><region><rect/></region>
<text>
<par/>
</text>
</block>
<block><region><rect/></region>
<text>
<par>
<line>/</line></par>
</text>
</block>
<block><region><rect/></region>
<text>
<par>
<line>/</line></par>
</text>
</block>
<block><region><rect/></region>
<text>
<par>
<line>'(I</line></par>
</text>
</block>
<block><region><rect/></region>
<text>
<par>
<line>/</line></par>
</text>
</block>
<block><region><rect/></region>
<text>
<par>
<line>r</line></par>
</text>
</block>
<block><region><rect/></region>
<text>
<par/>
</text>
</block>
<block><region><rect/></region>
<text>
<par/>
</text>
</block>
<block><region><rect/></region>
<text>
<par>
<line>.</line></par>
</text>
</block>
<block><region><rect/></region>
<text>
<par/>
</text>
</block>
<block><region><rect/></region>
<text>
<par>
<line>c</line></par>
</text>
</block>
<block><region><rect/></region>
<text>
<par>
<line>I l_</line></par>
</text>
</block>
<block><region><rect/></region>
<text>
<par>
<line>.. _/</line></par>
</text>
</block>
<block><region><rect/></region>
<text>
<par>
<line>r</line></par>
</text>
</block>
<block><region><rect/></region>
<text>
<par>
<line>T-</line></par>
</text>
</block>
<block><region><rect/></region>
<text>
<par>
<line>J</line></par>
</text>
</block>
<block><region><rect/></region>
<text>
<par/>
</text>
</block>
<block><region><rect/></region>
<text>
<par>
<line>• I</line></par>
</text>
</block>
<block><region><rect/></region>
<text>
<par>
<line>I "&gt;‘'1</line></par>
</text>
</block>
<block><region><rect/></region>
<text>
<par>
<line>a-</line></par>
</text>
</block>
<block><region><rect/></region>
<text>
<par/>
</text>
</block>
<block><region><rect/></region>
<text>
<par/>
</text>
</block>
<block><region><rect/></region>
<text>
<par/>
</text>
</block>
<block><region><rect/></region>
<text>
<par>
<line>*</line></par>
</text>
</block>
<block><region><rect/></region>
<text>
<par>
<line>Sfï’î</line></par>
</text>
</block>
<block><region><rect/></region>
<text>
<par/>
</text>
</block>
<block><region><rect/></region>
<text>
<par/>
</text>
</block>
<block><region><rect/></region>
<text>
<par>
<line>’ ' Ul</line></par>
</text>
</block>
<block><region><rect/></region>
<text>
<par>
<line>«. /</line></par>
</text>
</block>
<block><region><rect/></region>
<text>
<par/>
</text>
</block>
<block><region><rect/></region>
<text>
<par>
<line>/ J</line></par>
</text>
</block>
<block><region><rect/></region>
<text>
<par/>
</text>
</block>
<block><region><rect/></region>
<text>
<par>
<line>/</line></par>
</text>
</block>
<block><region><rect/></region>
<text>
<par>
<line>î&gt;</line></par>
</text>
</block>
<block><region><rect/></region>
<text>
<par/>
</text>
</block>
<block><region><rect/></region>
<text>
<par>
<line>ru</line></par>
</text>
</block>
<block><region><rect/></region>
<text>
<par/>
</text>
</block>
<block><region><rect/></region>
<text>
<par/>
</text>
</block>
<block><region><rect/></region>
<text>
<par/>
</text>
</block>
<block><region><rect/></region>
<text>
<par>
<line>JJ-</line></par>
</text>
</block>
<block><region><rect/></region>
<text>
<par/>
</text>
</block>
<block><region><rect/><rect/></region>
<text>
<par>
<line>. :.i'</line></par>
<par>
<line>Extrait du P.O.S. approuvé</line>
<line>actuellement en vigueur</line></par>
</text>
</block>
















































































<block blockType="Picture" blockName="" l="174" t="1427" r="308" b="1472"><region><rect/></region>
</block>
<block blockType="Picture" blockName="" l="2115" t="810" r="2143" b="919"><region><rect/></region>
</block>
<block blockType="Picture" blockName="" l="1934" t="1174" r="1963" b="1373"><region><rect/></region>
</block>
<block blockType="Picture" blockName="" l="186" t="2214" r="223" b="2311"><region><rect/></region>
</block>
<block blockType="Picture" blockName="" l="900" t="2950" r="987" b="3052"><region><rect/></region>
</block>
<block blockType="Picture" blockName="" l="34" t="2440" r="97" b="2499"><region><rect/></region>
</block>
</page>
<page width="2505" height="3525" resolution="300">
<block><region><rect/></region>
<text>
<par>
<line>- 3 -</line></par>
</text>
</block>
<block><region><rect/></region>
<text>
<par>
<line>Juridique</line></par>
</text>
</block>
<block><region><rect/></region>
<text>
<par>
<line>Le P.O.S. de la commune de MENNETOU-SUR-CHER approuvé</line>
<line>en date du 10 décembre 1987 classe le présent secteur</line>
<line>en deux zones :</line></par>
<par>
<line>- la première, correspondant aux terrains situés en</line></par>
<par>
<line>bordure de son périmètre, pour la plupart</line>
<line>déjà bâtis, est classée en zone UB,</line>
<line>c'est-à-dire constructible immédiatement.</line></par>
<par>
<line>- la seconde, correspondant aux terrains constituant</line></par>
<par>
<line>le coeur de l'ilot est classée en zone</line>
<line>NA, c'est-à-dire urbanisable dans la</line>
<line>mesure oû l'opération projetée s'inscrit</line>
<line>dans le cadre d'un schéma global d'aména¬</line>
<line>gement de la zone, définissant notamment</line>
<line>la réalisation des équipements de viabi¬</line>
<line>lité.</line></par>
</text>
</block>
<block><region><rect/></region>
<text>
<par>
<line>Ainsi au regard de ce document d'urbanisme, l'ensemble</line>
<line>parcellaire du Clos des Pierres serait apte à la cons¬</line>
<line>truction.</line></par>
</text>
</block>
<block><region><rect/></region>
<text>
<par>
<line>'.1</line></par>
</text>
</block>
<block><region><rect/></region>
<text>
<par>
<line>k. /</line></par>
</text>
</block>
<block><region><rect/></region>
<text>
<par>
<line>Uj À</line></par>
</text>
</block>
<block><region><rect/></region>
<text>
<par>
<line>'7</line></par>
</text>
</block>
<block><region><rect/></region>
<text>
<par/>
</text>
</block>

</page>
<page width="2541" height="3550" resolution="300">
<block><region><rect/></region>
<text>
<par>
<line>V ï</line></par>
</text>
</block>
<block blockType="Table" blockName="" l="710" t="43" r="1145" b="535"><region><rect/></region>
<row>
<cell bottomBorder="White" width="322" height="125">
<text>
<par/>
</text></cell>
<cell topBorder="White" bottomBorder="White" width="113" height="125">
<text>
<par>
<line>n</line></par>
</text></cell></row>
<row>
<cell topBorder="White" width="322" height="87">
<text>
<par>
<line>—\ *</line></par>
</text></cell>
<cell topBorder="White" bottomBorder="White" width="113" height="87">
<text>
<par/>
</text></cell></row>
<row>
<cell width="322" height="63">
<text>
<par>
<line>* l * —</line></par>
</text></cell>
<cell topBorder="White" width="113" height="63">
<text>
<par/>
</text></cell></row>
<row>
<cell bottomBorder="White" width="322" height="59">
<text>
<par>
<line>\ 5</line></par>
</text></cell>
<cell bottomBorder="White" width="113" height="59">
<text>
<par/>
</text></cell></row>
<row>
<cell leftBorder="White" topBorder="White" width="322" height="37">
<text>
<par/>
</text></cell>
<cell topBorder="White" bottomBorder="White" width="113" height="37">
<text>
<par>
<line>1 j-</line></par>
</text></cell></row>
<row>
<cell leftBorder="White" rightBorder="White" bottomBorder="White" width="322" height="121">
<text>
<par>
<line>\ î</line></par>
</text></cell>
<cell leftBorder="White" topBorder="White" rightBorder="White" bottomBorder="White" width="113" height="121">
<text>
<par/>
</text></cell></row>
</block>
<block><region><rect/></region>
<text>
<par/>
</text>
</block>
<block blockType="Table" blockName="" l="274" t="743" r="549" b="1062"><region><rect/></region>
<row>
<cell bottomBorder="White" width="140" height="281">
<text>
<par>
<line>4</line></par>
<par>
<line>3</line></par>
<par>
<line>i 1</line></par>
<par>
<line>1</line></par>
<par>
<line>i</line></par>
</text></cell>
<cell rightBorder="White" bottomBorder="White" width="135" height="281">
<text>
<par>
<line>r 1</line></par>
</text></cell></row>
<row>
<cell colSpan="2" topBorder="White" rightBorder="White" width="275" height="38">
<text>
<par>
<line>_</line></par>
</text></cell></row>
</block>
<block><region><rect/></region>
<text>
<par/>
</text>
</block>
<block><region><rect/></region>
<text>
<par>
<line>^rr-</line></par>
</text>
</block>
<block><region><rect/></region>
<text>
<par>
<line>î</line></par>
</text>
</block>
<block><region><rect/></region>
<text>
<par>
<line>3i</line></par>
</text>
</block>
<block><region><rect/></region>
<text>
<par>
<line>F</line></par>
</text>
</block>
<block><region><rect/><rect/></region>
<text>
<par>
<line>/BOURRELET VTS^BLE</line></par>
<par>
<line>O</line></par>
</text>
</block>
<block><region><rect/></region>
<text>
<par>
<line>U.</line></par>
</text>
</block>
<block><region><rect/><rect/><rect/><rect/><rect/><rect/><rect/><rect/><rect/><rect/><rect/><rect/></region>
<text>
<par>
<line>'T</line></par>
</text>
</block>
<block><region><rect/></region>
<text>
<par/>
</text>
</block>
<block><region><rect/><rect/><rect/><rect/><rect/></region>
<text>
<par>
<line>’. 3</line></par>
<par>
<line>^ ' -" ' aï</line></par>
</text>
</block>
<block><region><rect/><rect/></region>
<text>
<par>
<line>1 - Maison BORNET. évacués</line></par>
<par>
<line>2 - Maison CAFFl]). fLasurée</line></par>
<par>
<line>3 - Maison RACINE, fisaurée</line></par>
<par>
<line>J - Maison GRENOUILLON. flaaiirée</line></par>
<par>
<line>5 - Maison PORTE, aucun dégât</line></par>
<par>
<line>6 - Maison sn ruines</line></par>
</text>
</block>
<block><region><rect/></region>
<text>
<par>
<line>CTsTTITWT</line></par>
</text>
</block>



























































































































































































<block blockType="Picture" blockName="" l="2186" t="981" r="2300" b="1014"><region><rect/></region>
</block>
<block blockType="Picture" blockName="" l="2140" t="27" r="2184" b="145"><region><rect/></region>
</block>
</page>
<page width="2507" height="3526" resolution="300">
<block><region><rect/></region>
<text>
<par>
<line>II - LES FAITS</line></par>
</text>
</block>
<block><region><rect/></region>
<text>
<par>
<line>- 4</line></par>
</text>
</block>
<block><region><rect/></region>
<text>
<par>
<line>Le 08 février 1988, un glissement de terrain affectant le "Clos</line>
<line>des Pierres" à concerné directement cinq bâtiments à usage d'habi¬</line>
<line>tation (cf. plan ci-contre et photos).</line></par>
</text>
</block>
<block><region><rect/></region>
<text>
<par>
<line>Ce glissement semble s'être localisé sur la moitié inférieure</line>
<line>du versant couvrant une superficie de près de 2 hectares.</line></par>
</text>
</block>
<block><region><rect/></region>
<text>
<par>
<line>Cinq bâtiments à usage d'habitation sont concernés par ce glissement</line>
<line>et ont été plus ou moins endommagés.</line></par>
</text>
</block>
<block blockType="Table" blockName="" l="465" t="1793" r="2210" b="2984"><region><rect/></region>
<row>
<cell width="428" height="159">
<text>
<par>
<line>N® repère</line>
<line>sur le plan</line></par>
</text></cell>
<cell topBorder="White" rightBorder="White" width="603" height="159">
<text>
<par/>
</text></cell>
<cell leftBorder="White" topBorder="White" rightBorder="White" width="714" height="159">
<text>
<par/>
</text></cell></row>
<row>
<cell bottomBorder="White" width="428" height="220">
<text>
<par>
<line>1</line></par>
</text></cell>
<cell bottomBorder="White" width="603" height="220">
<text>
<par>
<line>propriété BORNET</line></par>
</text></cell>
<cell bottomBorder="White" width="714" height="220">
<text>
<par>
<line>Fissurée, déformée et</line></par>
<par>
<line>évacuée</line></par>
</text></cell></row>
<row>
<cell topBorder="White" bottomBorder="White" width="428" height="152">
<text>
<par>
<line>2</line></par>
</text></cell>
<cell topBorder="White" bottomBorder="White" width="603" height="152">
<text>
<par>
<line>propriété CAFFIN</line></par>
</text></cell>
<cell topBorder="White" bottomBorder="White" width="714" height="152">
<text>
<par>
<line>Fissurée</line></par>
</text></cell></row>
<row>
<cell topBorder="White" bottomBorder="White" width="428" height="148">
<text>
<par>
<line>3</line></par>
</text></cell>
<cell topBorder="White" bottomBorder="White" width="603" height="148">
<text>
<par>
<line>propriété RACINE</line></par>
</text></cell>
<cell topBorder="White" bottomBorder="White" width="714" height="148">
<text>
<par>
<line>Fissurée</line></par>
</text></cell></row>
<row>
<cell topBorder="White" bottomBorder="White" width="428" height="150">
<text>
<par>
<line>4</line></par>
</text></cell>
<cell topBorder="White" bottomBorder="White" width="603" height="150">
<text>
<par>
<line>propriété GRENOUILLON</line></par>
</text></cell>
<cell topBorder="White" bottomBorder="White" width="714" height="150">
<text>
<par>
<line>Fissurée</line></par>
</text></cell></row>
<row>
<cell topBorder="White" width="428" height="362">
<text>
<par>
<line>5</line></par>
</text></cell>
<cell topBorder="White" width="603" height="362">
<text>
<par>
<line>propriété PORTE</line></par>
</text></cell>
<cell topBorder="White" width="714" height="362">
<text>
<par>
<line>Pas de désordre apparent,</line>
<line>mais légère inclinaison</line>
<line>probable.</line></par>
</text></cell></row>
</block>
<block><region><rect/></region>
<text>
<par/>
</text>
</block>
<block><region><rect/></region>
<text>
<par/>
</text>
</block>
<block><region><rect/></region>
<text>
<par/>
</text>
</block>
<block><region><rect/></region>
<text>
<par>
<line>V</line></par>
</text>
</block>
<block><region><rect/></region>
<text>
<par/>
</text>
</block>
<block><region><rect/><rect/></region>
<text>
<par>
<line>• i</line></par>
<par>
<line>■ ;</line></par>
</text>
</block>








</page>
<page width="2480" height="3507" resolution="300">
<block><region><rect/></region>
<text>
<par>
<line>.i"- ' x;</line></par>
</text>
</block>
<block><region><rect/></region>
<text>
<par/>
</text>
</block>
<block><region><rect/></region>
<text>
<par>
<line>■•■■■•■"</line></par>
</text>
</block>
<block><region><rect/></region>
<text>
<par/>
</text>
</block>
<block><region><rect/></region>
<text>
<par/>
</text>
</block>
<block><region><rect/></region>
<text>
<par>
<line>r.</line></par>
</text>
</block>
<block><region><rect/></region>
<text>
<par/>
</text>
</block>
<block><region><rect/></region>
<text>
<par>
<line>1-■?■</line></par>
</text>
</block>
<block><region><rect/></region>
<text>
<par>
<line>/1</line></par>
</text>
</block>
<block><region><rect/></region>
<text>
<par>
<line>* -J</line></par>
</text>
</block>
<block><region><rect/></region>
<text>
<par/>
</text>
</block>
<block><region><rect/></region>
<text>
<par>
<line>.-r</line></par>
</text>
</block>
<block><region><rect/></region>
<text>
<par>
<line>;?•</line></par>
</text>
</block>
<block><region><rect/></region>
<text>
<par/>
</text>
</block>
<block><region><rect/></region>
<text>
<par>
<line>'“-x,</line></par>
</text>
</block>
<block><region><rect/></region>
<text>
<par>
<line>■^t</line></par>
</text>
</block>
<block><region><rect/></region>
<text>
<par>
<line>■Æ</line></par>
</text>
</block>
<block><region><rect/></region>
<text>
<par>
<line>i-</line></par>
</text>
</block>
<block><region><rect/></region>
<text>
<par>
<line>•■'V ^</line></par>
</text>
</block>
<block><region><rect/><rect/><rect/></region>
<text>
<par/>
</text>
</block>
<block><region><rect/><rect/><rect/><rect/><rect/></region>
<text>
<par>
<line>■Æa»l3SX'.iÿ:oX ^ ^</line></par>
<par>
<line>XL.;., •.^--■vt,:-'.</line></par>
<par>
<line>. -.J»..-,.. A "• . ■-'^l-^.'r... . -■■</line></par>
</text>
</block>
<block><region><rect/></region>
<text>
<par>
<line>"Le Clos des Pierres</line></par>
</text>
</block>
<block><region><rect/></region>
<text>
<par>
<line>l'accès principal</line></par>
</text>
</block>






</page>
<page width="2518" height="3534" resolution="300">
<block><region><rect/></region>
<text>
<par>
<line>- 5 -</line></par>
</text>
</block>
<block><region><rect/></region>
<text>
<par>
<line>III - CONNAISSANCE DU RISQUE</line></par>
</text>
</block>
<block><region><rect/></region>
<text>
<par>
<line>. à ce jour</line></par>
<par>
<line>Ce glissement peut être considéré comme un phénomène rapide</line>
<line>compte tenu de l'aspect du bourrelet de pied. Il est probable</line>
<line>qu'il s'agisse d'un glissement plan dont la pente est inférieure</line>
<line>à celle du versant.</line></par>
<par>
<line>Toutefois, l'hypothèse locale d'un glissement circulaire ne</line>
<line>peut être tout à fait rejetée.</line></par>
</text>
</block>
<block><region><rect/></region>
<text>
<par>
<line>. des faits antérieurs</line></par>
<par>
<line>Il faut remonter jusqu'en 1935 de mémoire des habitants de</line>
<line>MENNETOU-SUR-CHER pour trouver trace de désordres géologiques</line>
<line>affectant le "Clos des Pierres".</line></par>
<par>
<line>Il ne semble pas que des constructions aient été concernées.</line>
<line>Il convient également de noter que la S.N.C.F. a procédé à</line>
<line>la consolidation des voies ferrées TOURS-VIERZQN dans ce site,</line>
<line>et mis en place des piézomètres afin de repérer la position</line>
<line>de la nappe phréatique et d'observer ses fluctuations.</line></par>
</text>
</block>
<block><region><rect/></region>
<text>
<par>
<line>Ce risque est en conséquence suffisamment sérieux pour justifier</line>
<line>la mise en oeuvre de la procédure dite de "périmètre de risques"</line>
<line>prise au titre de l'article R 111.3 du Code de l'Urbanisme.</line></par>
</text>
</block>




</page>
<page width="2480" height="3507" resolution="300">
<block><region><rect/></region>
<text>
<par>
<line>''y</line></par>
</text>
</block>
<block><region><rect/></region>
<text>
<par>
<line>**</line></par>
</text>
</block>
<block><region><rect/></region>
<text>
<par/>
</text>
</block>
<block><region><rect/></region>
<text>
<par/>
</text>
</block>
<block><region><rect/></region>
<text>
<par/>
</text>
</block>
<block><region><rect/></region>
<text>
<par/>
</text>
</block>
<block><region><rect/></region>
<text>
<par>
<line>U.</line></par>
</text>
</block>
<block><region><rect/></region>
<text>
<par/>
</text>
</block>
<block><region><rect/></region>
<text>
<par>
<line>CT • '</line></par>
</text>
</block>
<block><region><rect/></region>
<text>
<par>
<line>îw</line></par>
</text>
</block>
<block><region><rect/></region>
<text>
<par>
<line>s%</line></par>
</text>
</block>
<block><region><rect/></region>
<text>
<par/>
</text>
</block>
<block><region><rect/></region>
<text>
<par/>
</text>
</block>
<block><region><rect/></region>
<text>
<par/>
</text>
</block>
<block><region><rect/></region>
<text>
<par>
<line>3Sfâ</line></par>
</text>
</block>
<block><region><rect/></region>
<text>
<par/>
</text>
</block>
<block><region><rect/></region>
<text>
<par>
<line>fis</line></par>
</text>
</block>
<block><region><rect/></region>
<text>
<par>
<line>»i</line></par>
</text>
</block>
<block><region><rect/></region>
<text>
<par/>
</text>
</block>
<block><region><rect/></region>
<text>
<par>
<line>. V^'-"</line></par>
</text>
</block>
<block><region><rect/></region>
<text>
<par/>
</text>
</block>
<block><region><rect/><rect/></region>
<text>
<par>
<line>_. ■■' &gt;■-I*^l ,^îT'^'î&gt;: ■£'?-':■ ^ri</line></par>
</text>
</block>
<block><region><rect/><rect/></region>
<text>
<par/>
</text>
</block>
<block><region><rect/></region>
<text>
<par/>
</text>
</block>
<block><region><rect/></region>
<text>
<par/>
</text>
</block>
<block><region><rect/><rect/><rect/><rect/><rect/><rect/><rect/><rect/><rect/><rect/></region>
<text>
<par>
<line>&gt;6Ç,.-Kt3</line></par>
<par>
<line>ï-'- .</line></par>
</text>
</block>
<block><region><rect/></region>
<text>
<par/>
</text>
</block>
<block><region><rect/></region>
<text>
<par/>
</text>
</block>
<block><region><rect/></region>
<text>
<par/>
</text>
</block>
<block><region><rect/></region>
<text>
<par>
<line>£'1</line></par>
</text>
</block>
<block><region><rect/></region>
<text>
<par>
<line>-■-a</line></par>
</text>
</block>
<block><region><rect/></region>
<text>
<par/>
</text>
</block>
<block><region><rect/></region>
<text>
<par/>
</text>
</block>
<block><region><rect/></region>
<text>
<par/>
</text>
</block>
<block><region><rect/></region>
<text>
<par/>
</text>
</block>
<block><region><rect/></region>
<text>
<par/>
</text>
</block>
<block><region><rect/></region>
<text>
<par/>
</text>
</block>
<block><region><rect/></region>
<text>
<par>
<line>Jü!-</line></par>
</text>
</block>
<block><region><rect/></region>
<text>
<par/>
</text>
</block>
<block><region><rect/></region>
<text>
<par/>
</text>
</block>
<block><region><rect/></region>
<text>
<par>
<line>5^</line></par>
</text>
</block>
<block><region><rect/></region>
<text>
<par/>
</text>
</block>
<block><region><rect/></region>
<text>
<par/>
</text>
</block>
<block><region><rect/></region>
<text>
<par/>
</text>
</block>
<block><region><rect/></region>
<text>
<par/>
</text>
</block>
<block><region><rect/></region>
<text>
<par>
<line>tf</line></par>
</text>
</block>
<block><region><rect/></region>
<text>
<par/>
</text>
</block>
<block><region><rect/></region>
<text>
<par>
<line>K</line></par>
</text>
</block>
<block><region><rect/></region>
<text>
<par>
<line>üifî:</line></par>
</text>
</block>
<block><region><rect/></region>
<text>
<par>
<line>*3^</line></par>
</text>
</block>
<block><region><rect/></region>
<text>
<par>
<line>‘îî^</line></par>
</text>
</block>
<block><region><rect/></region>
<text>
<par/>
</text>
</block>
<block><region><rect/></region>
<text>
<par/>
</text>
</block>
<block><region><rect/></region>
<text>
<par/>
</text>
</block>
<block><region><rect/></region>
<text>
<par/>
</text>
</block>
<block><region><rect/></region>
<text>
<par/>
</text>
</block>
<block><region><rect/></region>
<text>
<par/>
</text>
</block>
<block><region><rect/></region>
<text>
<par/>
</text>
</block>
<block><region><rect/></region>
<text>
<par/>
</text>
</block>
<block><region><rect/></region>
<text>
<par/>
</text>
</block>
<block><region><rect/></region>
<text>
<par>
<line>4&lt;W</line></par>
</text>
</block>
<block><region><rect/></region>
<text>
<par>
<line>-Ir</line></par>
</text>
</block>
<block><region><rect/></region>
<text>
<par/>
</text>
</block>
<block><region><rect/></region>
<text>
<par/>
</text>
</block>
<block><region><rect/></region>
<text>
<par/>
</text>
</block>
<block><region><rect/></region>
<text>
<par>
<line>☆</line></par>
</text>
</block>
<block><region><rect/></region>
<text>
<par>
<line>^2</line></par>
</text>
</block>
<block><region><rect/></region>
<text>
<par>
<line>tl3</line></par>
</text>
</block>
<block><region><rect/></region>
<text>
<par>
<line>La propriété BORNET,</line>
<line>des dégâts très impor¬</line>
<line>tants ont imposé l'éva¬</line>
<line>cuation du bâtiment</line></par>
</text>
</block>



































<block blockType="Picture" blockName="" l="1689" t="1293" r="1811" b="1322"><region><rect/></region>
</block>
</page>
<page width="2506" height="3525" resolution="300">
<block><region><rect/></region>
<text>
<par>
<line>IV- CONSIDERATIONS TECHNIQUES</line></par>
</text>
</block>
<block><region><rect/></region>
<text>
<par>
<line>6 -</line></par>
</text>
</block>
<block><region><rect/></region>
<text>
<par>
<line>. géométriques</line></par>
<par>
<line>Le glissement affectant le Clos des Pierres semble concerner</line>
<line>seulement la moitié inférieure du versant soit environ 120 m.</line>
<line>Il s'est développé sur une largeur maximale d'environ 160 m,</line>
<line>la pente du versant peut être évaluée entre 10 et 20 % selon</line>
<line>les endroits avec une dénivellation totale de Tordre de 25</line>
<line>m entre la rue du Quartier Neuf et le plateau pour une distance</line>
<line>de Tordre de 200 m.</line></par>
<par>
<line>La profondeur minimale du glissement est probablement de 3</line>
<line>à 4 m en partie supérieure, voire davantage, compte tenu de</line>
<line>l'importance du bourrelet de pied et du déplacement de pied</line>
<line>qui est localement de Tordre de 10 à 50 cm.</line></par>
<par>
<line>. hydrauliques</line></par>
<par>
<line>Du point de vue hydraulique, la nappe du coteau est subaf¬</line>
<line>fleurante. Au niveau du fossé réalisé au Nord du glissement,</line>
<line>on voit 1'eau sourdre à 10 ou 20 cm de profondeur.</line></par>
<par>
<line>Tout le réseau de fossés créé après le glissement est continuel¬</line>
<line>lement soumis à un léger écoulement, indépendamment des précipi¬</line>
<line>tations atmosphériques.</line></par>
<par>
<line>Au Sud de la rue du Quartier Neuf, des piézomètres posés par</line>
<line>le Laboratoire Régional des Ponts et Chaussées de BLOIS en</line>
<line>1980 pour le compte de la S.N.C.F., ont permis de noter qu'en</line>
<line>ce point la nappe oscillait entre 2 et 4 métrés de profondeur</line>
<line>selon la pluviosité.</line></par>
<par>
<line>Enfin la parcelle n® 264 située au Nord-Ouest du glissement</line>
<line>présente en surface de profondes ornières d'engins agricoles</line>
<line>où s'accumulent les eaux de pluie, cette parcelle n'étant plus</line>
<line>cultivée.</line></par>
</text>
</block>



</page>
<page width="2480" height="3507" resolution="300">
<block><region><rect/><rect/><rect/></region>
<text>
<par/>
</text>
</block>
<block><region><rect/></region>
<text>
<par/>
</text>
</block>
<block><region><rect/></region>
<text>
<par/>
</text>
</block>
<block><region><rect/></region>
<text>
<par>
<line>war-</line></par>
</text>
</block>
<block><region><rect/></region>
<text>
<par/>
</text>
</block>
<block><region><rect/></region>
<text>
<par>
<line>«M</line></par>
</text>
</block>
<block><region><rect/></region>
<text>
<par/>
</text>
</block>
<block><region><rect/></region>
<text>
<par>
<line>iâSî</line></par>
</text>
</block>
<block><region><rect/></region>
<text>
<par/>
</text>
</block>
<block><region><rect/></region>
<text>
<par/>
</text>
</block>
<block><region><rect/></region>
<text>
<par/>
</text>
</block>
<block><region><rect/></region>
<text>
<par>
<line>Siiîvîfîr</line></par>
</text>
</block>
<block><region><rect/></region>
<text>
<par/>
</text>
</block>
<block><region><rect/></region>
<text>
<par>
<line>t*^</line></par>
</text>
</block>
<block><region><rect/></region>
<text>
<par>
<line>KJ#</line></par>
</text>
</block>
<block><region><rect/></region>
<text>
<par/>
</text>
</block>
<block><region><rect/></region>
<text>
<par/>
</text>
</block>
<block><region><rect/></region>
<text>
<par>
<line>ff*</line></par>
</text>
</block>
<block><region><rect/></region>
<text>
<par>
<line>VK</line></par>
</text>
</block>
<block><region><rect/></region>
<text>
<par>
<line>w</line></par>
</text>
</block>
<block><region><rect/></region>
<text>
<par>
<line>«</line></par>
</text>
</block>
<block><region><rect/></region>
<text>
<par>
<line>3*^'</line></par>
</text>
</block>
<block><region><rect/></region>
<text>
<par>
<line>SI</line></par>
</text>
</block>
<block><region><rect/></region>
<text>
<par>
<line>ÎW</line></par>
</text>
</block>
<block><region><rect/></region>
<text>
<par>
<line>ù'C</line></par>
</text>
</block>
<block><region><rect/></region>
<text>
<par>
<line>*&lt;f«ï</line></par>
</text>
</block>
<block><region><rect/></region>
<text>
<par/>
</text>
</block>
<block><region><rect/></region>
<text>
<par>
<line>if/</line></par>
</text>
</block>
<block><region><rect/></region>
<text>
<par>
<line>a</line></par>
</text>
</block>
<block><region><rect/><rect/><rect/></region>
<text>
<par>
<line>mm</line></par>
</text>
</block>
<block><region><rect/></region>
<text>
<par>
<line>-fîr</line></par>
</text>
</block>
<block><region><rect/></region>
<text>
<par/>
</text>
</block>
<block><region><rect/></region>
<text>
<par>
<line>«</line></par>
</text>
</block>
<block><region><rect/></region>
<text>
<par/>
</text>
</block>
<block><region><rect/></region>
<text>
<par/>
</text>
</block>
<block><region><rect/></region>
<text>
<par>
<line>î&gt;-</line></par>
</text>
</block>
<block><region><rect/></region>
<text>
<par/>
</text>
</block>
<block><region><rect/></region>
<text>
<par>
<line>r!&lt;ïSr</line></par>
</text>
</block>
<block><region><rect/></region>
<text>
<par/>
</text>
</block>
<block><region><rect/></region>
<text>
<par>
<line>ÏJV</line></par>
</text>
</block>
<block><region><rect/></region>
<text>
<par>
<line>4:'</line></par>
</text>
</block>
<block><region><rect/></region>
<text>
<par>
<line>C&amp;ï*</line></par>
</text>
</block>
<block><region><rect/></region>
<text>
<par>
<line>mtA</line></par>
</text>
</block>
<block><region><rect/></region>
<text>
<par>
<line>r%</line></par>
</text>
</block>
<block><region><rect/></region>
<text>
<par>
<line>Fossés d'écoulement des eaux nouvellement créés</line></par>
</text>
</block>
<block><region><rect/></region>
<text>
<par/>
</text>
</block>
<block><region><rect/><rect/></region>
<text>
<par>
<line>æ^HgsàlS</line></par>
<par>
<line>acnpsespsRs</line></par>
</text>
</block>
<block><region><rect/></region>
<text>
<par/>
</text>
</block>
<block><region><rect/></region>
<text>
<par/>
</text>
</block>
<block><region><rect/></region>
<text>
<par/>
</text>
</block>
<block><region><rect/></region>
<text>
<par/>
</text>
</block>
<block><region><rect/></region>
<text>
<par/>
</text>
</block>
<block><region><rect/><rect/><rect/></region>
<text>
<par/>
</text>
</block>
<block><region><rect/></region>
<text>
<par/>
</text>
</block>
<block><region><rect/></region>
<text>
<par/>
</text>
</block>
<block><region><rect/><rect/></region>
<text>
<par/>
</text>
</block>
<block><region><rect/></region>
<text>
<par/>
</text>
</block>
<block><region><rect/></region>
<text>
<par/>
</text>
</block>
<block><region><rect/></region>
<text>
<par/>
</text>
</block>
<block><region><rect/></region>
<text>
<par/>
</text>
</block>
<block><region><rect/></region>
<text>
<par>
<line>:&lt;»3</line></par>
</text>
</block>
<block><region><rect/></region>
<text>
<par/>
</text>
</block>
<block><region><rect/></region>
<text>
<par/>
</text>
</block>
<block><region><rect/><rect/></region>
<text>
<par/>
</text>
</block>
<block><region><rect/></region>
<text>
<par/>
</text>
</block>
<block><region><rect/></region>
<text>
<par>
<line>ÏV</line></par>
</text>
</block>
<block><region><rect/></region>
<text>
<par/>
</text>
</block>
<block><region><rect/><rect/></region>
<text>
<par>
<line>S ;</line></par>
<par>
<line>^..C" -rïï- -:'■</line></par>
</text>
</block>
<block><region><rect/></region>
<text>
<par>
<line>«f-</line></par>
</text>
</block>
<block><region><rect/></region>
<text>
<par>
<line>2W</line></par>
</text>
</block>
<block><region><rect/></region>
<text>
<par>
<line>IR</line></par>
<par>
<line>^ cr"</line></par>
</text>
</block>
<block><region><rect/></region>
<text>
<par/>
</text>
</block>
<block><region><rect/></region>
<text>
<par>
<line>»</line></par>
</text>
</block>
<block><region><rect/></region>
<text>
<par/>
</text>
</block>
<block><region><rect/><rect/></region>
<text>
<par>
<line>Jv: v..„</line></par>
<par>
<line>Kv-".' - ■ ..j:.ï-'.. '.^■''-J^.î</line></par>
</text>
</block>
<block><region><rect/></region>
<text>
<par>
<line>k'Æi</line></par>
</text>
</block>
<block><region><rect/></region>
<text>
<par/>
</text>
</block>
<block><region><rect/></region>
<text>
<par/>
</text>
</block>
<block><region><rect/></region>
<text>
<par>
<line>•• •o.^W</line></par>
</text>
</block>
<block><region><rect/></region>
<text>
<par/>
</text>
</block>
<block><region><rect/></region>
<text>
<par>
<line>•^*S5±î.; "f-Sé</line></par>
</text>
</block>
<block><region><rect/></region>
<text>
<par/>
</text>
</block>
<block><region><rect/></region>
<text>
<par/>
</text>
</block>
<block><region><rect/></region>
<text>
<par>
<line>-ïfs</line></par>
</text>
</block>
<block><region><rect/></region>
<text>
<par/>
</text>
</block>
<block><region><rect/></region>
<text>
<par/>
</text>
</block>
<block><region><rect/><rect/></region>
<text>
<par>
<line>m;:</line></par>
</text>
</block>
<block><region><rect/></region>
<text>
<par>
<line>a</line></par>
</text>
</block>
<block><region><rect/></region>
<text>
<par/>
</text>
</block>
<block><region><rect/></region>
<text>
<par/>
</text>
</block>
<block><region><rect/></region>
<text>
<par/>
</text>
</block>
<block><region><rect/></region>
<text>
<par>
<line>■V</line></par>
</text>
</block>
<block><region><rect/></region>
<text>
<par>
<line>en</line></par>
</text>
</block>
<block><region><rect/></region>
<text>
<par>
<line>ace du piézoraètre en bordure de la voie ferrée</line></par>
</text>
</block>















<block blockType="Picture" blockName="" l="956" t="1257" r="1106" b="1319"><region><rect/></region>
</block>
<block blockType="Picture" blockName="" l="268" t="2487" r="344" b="2555"><region><rect/></region>
</block>
</page>
<page width="2509" height="3528" resolution="300">
<block><region><rect/></region>
<text>
<par>
<line>. géotechniques</line></par>
</text>
</block>
<block><region><rect/></region>
<text>
<par>
<line>- 7 -</line></par>
</text>
</block>
<block><region><rect/></region>
<text>
<par>
<line>Compte tenu des études que le Laboratoire Régional des Ponts</line>
<line>et Chaussées de BLOIS a effectué dans le coteau Nord de MENNETOU-</line>
<line>SUR-CHER, nous pouvons retenir que les terrains concernés par</line>
<line>le glissement sont successivement :</line></par>
<par>
<line>- de la terre végétale plus ou moins caillouteuse voire humifère</line>
<line>en partie haute du versant,</line></par>
<par>
<line>- une formation argilo-si1iceuse pouvant contenir des silex (dans</line>
<line>les fossés exécutés récemment on note en effet la présence</line>
<line>locale d'argile plus ou moins verdâtre),</line></par>
<par>
<line>- une formation argileuse à silex dont l'épaisseur est probablement</line>
<line>très variable et la disposition très irrégulière,</line></par>
<par>
<line>- de la marne sablonneuse constituant le substratum du site.</line></par>
<par>
<line>Les caractéristiques mécaniques de ces formations sont variables</line>
<line>selon leur contact avec la nappe du coteau sachant que l'ensemble</line>
<line>des sols cités sont sensibles à l'eau et de ce fait évoluent</line>
<line>vers un ramollissement donc subissent une baisse de leurs carac¬</line>
<line>téristiques de résistance au cisaillement.</line></par>
</text>
</block>
<block><region><rect/></region>
<text>
<par>
<line>sur la stabilité du coteau,</line></par>
</text>
</block>
<block><region><rect/><rect/><rect/></region>
<text>
<par>
<line>L'élément moteur de la mise en oeuvre de ce glissement est une</line></par>
<par>
<line>mise en charge des sols par l'eau plus ou moins piégée dans les</line>
<line>formations caillouteuses. A l'exception de la maison CAFFIN (N^Z)</line></par>
<par>
<line>qui a bien résisté a la poussée des terres glissées, les quatre</line>
<line>autres maisons ont subi très probablement un déplacement voire</line>
<line>un léger basculement, car le plan de glissement se situe très</line>
<line>probablement en dessous du niveau d'appui des fondations. Aussi,</line></par>
<par>
<line>la fissuration des maisons est d'autant plus faible que celles-ci</line>
<line>comportent un bon chainage qui a permis de limiter les</line></par>
<par>
<line>des déplacements verticaux différentiels induits dans les si</line></par>
</text>
</block>
<block><region><rect/></region>
<text>
<par/>
</text>
</block>
<block><region><rect/></region>
<text>
<par>
<line>turé</line></par>
</text>
</block>
<block><region><rect/></region>
<text>
<par>
<line>SW</line></par>
</text>
</block>
<block><region><rect/></region>
<text>
<par/>
</text>
</block>
<block><region><rect/></region>
<text>
<par/>
</text>
</block>
<block><region><rect/></region>
<text>
<par>
<line>❖</line></par>
</text>
</block>
<block><region><rect/></region>
<text>
<par/>
</text>
</block>
<block><region><rect/></region>
<text>
<par/>
</text>
</block>
<block><region><rect/></region>
<text>
<par/>
</text>
</block>



</page>
<page width="2480" height="3507" resolution="300">
<block><region><rect/></region>
<text>
<par/>
</text>
</block>
<block><region><rect/></region>
<text>
<par>
<line>m</line></par>
</text>
</block>
<block><region><rect/></region>
<text>
<par/>
</text>
</block>
<block><region><rect/></region>
<text>
<par>
<line>m</line></par>
</text>
</block>
<block><region><rect/></region>
<text>
<par>
<line>m</line></par>
</text>
</block>
<block><region><rect/></region>
<text>
<par/>
</text>
</block>
<block><region><rect/></region>
<text>
<par>
<line>; .iSfc</line></par>
</text>
</block>
<block><region><rect/></region>
<text>
<par>
<line>4'"</line></par>
</text>
</block>
<block><region><rect/></region>
<text>
<par>
<line>îr^</line></par>
</text>
</block>
<block><region><rect/><rect/></region>
<text>
<par>
<line>. ■ ■ ■^'* t .ii /1 /»,' -i, ' f</line></par>
</text>
</block>
<block><region><rect/></region>
<text>
<par/>
</text>
</block>
<block><region><rect/></region>
<text>
<par/>
</text>
</block>
<block><region><rect/></region>
<text>
<par/>
</text>
</block>
<block><region><rect/></region>
<text>
<par/>
</text>
</block>
<block><region><rect/></region>
<text>
<par>
<line>.W.’i</line></par>
</text>
</block>
<block><region><rect/></region>
<text>
<par/>
</text>
</block>
<block><region><rect/></region>
<text>
<par/>
</text>
</block>
<block><region><rect/></region>
<text>
<par/>
</text>
</block>
<block><region><rect/></region>
<text>
<par>
<line>• ■</line></par>
</text>
</block>
<block><region><rect/></region>
<text>
<par>
<line>‘■ï^.</line></par>
</text>
</block>
<block><region><rect/></region>
<text>
<par/>
</text>
</block>
<block><region><rect/></region>
<text>
<par/>
</text>
</block>
<block><region><rect/><rect/><rect/></region>
<text>
<par>
<line>r, */ . ï jç^ir jf-wi</line></par>
<par>
<line>•ïi .. »’.X Jüü'f^àft TV*. ■V"^».;^;*»:.-^</line></par>
</text>
</block>
<block><region><rect/></region>
<text>
<par/>
</text>
</block>
<block><region><rect/></region>
<text>
<par>
<line>î</line></par>
</text>
</block>
<block><region><rect/></region>
<text>
<par>
<line>S^sK</line></par>
</text>
</block>
<block><region><rect/></region>
<text>
<par/>
</text>
</block>
<block><region><rect/></region>
<text>
<par>
<line>■U-</line></par>
</text>
</block>
<block><region><rect/></region>
<text>
<par>
<line>Pt</line></par>
</text>
</block>
<block><region><rect/></region>
<text>
<par>
<line>î I</line></par>
</text>
</block>
<block><region><rect/></region>
<text>
<par>
<line>sas</line></par>
</text>
</block>
<block><region><rect/></region>
<text>
<par/>
</text>
</block>
<block><region><rect/><rect/><rect/><rect/><rect/></region>
<text>
<par>
<line>=^r:'v:: ■</line></par>
<par>
<line>■ -.£.•&gt;••„ _ ’f :%</line></par>
<par>
<line>y.-, ■'</line></par>
<par>
<line>T,-. " Î(&gt;',</line></par>
<par>
<line>• »' tr# *^ • *^^* f ■■• ' '&gt;jJ&gt; U,''' mc^v s i</line></par>
<par>
<line>' &gt;• î y - . î^r--* :</line></par>
<par>
<line>• y- V</line></par>
</text>
</block>
<block><region><rect/><rect/><rect/></region>
<text>
<par>
<line>^. *^x ’ v. , 1</line></par>
<par>
<line>''^'■''\':^i^Cv\^-^' 'h'-</line></par>
</text>
</block>
<block><region><rect/></region>
<text>
<par/>
</text>
</block>
<block><region><rect/></region>
<text>
<par>
<line>-.v/</line></par>
</text>
</block>
<block><region><rect/></region>
<text>
<par/>
</text>
</block>
<block><region><rect/><rect/></region>
<text>
<par>
<line>•:*H ■ ..'.</line></par>
</text>
</block>
<block><region><rect/></region>
<text>
<par>
<line>•î-.v:*'*'''^ï?î^?f-V</line></par>
</text>
</block>
<block><region><rect/><rect/></region>
<text>
<par>
<line>Mm</line></par>
</text>
</block>
<block><region><rect/></region>
<text>
<par>
<line>^'•f</line></par>
</text>
</block>
<block><region><rect/></region>
<text>
<par>
<line>'^iï</line></par>
</text>
</block>
<block><region><rect/></region>
<text>
<par>
<line>• . W</line></par>
</text>
</block>
<block><region><rect/></region>
<text>
<par/>
</text>
</block>
<block><region><rect/></region>
<text>
<par/>
</text>
</block>
<block><region><rect/></region>
<text>
<par/>
</text>
</block>
<block><region><rect/></region>
<text>
<par>
<line>'i"-</line></par>
</text>
</block>
<block><region><rect/></region>
<text>
<par>
<line>- ...-ïf-' "/-‘-i &gt; .</line></par>
<par>
<line>-■ I. '-.* ï';i '</line>
<line>..’••■ «fî-/ '■■'•'</line></par>
</text>
</block>
<block><region><rect/><rect/></region>
<text>
<par>
<line>'' ‘" J.- ■ ■ ’^V'</line></par>
</text>
</block>
<block><region><rect/></region>
<text>
<par>
<line>.w</line></par>
</text>
</block>
<block><region><rect/></region>
<text>
<par/>
</text>
</block>
<block><region><rect/></region>
<text>
<par>
<line>r^ -c^'</line></par>
</text>
</block>
<block><region><rect/></region>
<text>
<par>
<line>îr '.r</line></par>
<par>
<line>^yr ’</line></par>
</text>
</block>
<block><region><rect/></region>
<text>
<par/>
</text>
</block>
<block><region><rect/></region>
<text>
<par>
<line>» f</line></par>
</text>
</block>
<block><region><rect/></region>
<text>
<par/>
</text>
</block>
<block><region><rect/></region>
<text>
<par>
<line>*ÎL.C</line></par>
</text>
</block>
<block><region><rect/></region>
<text>
<par>
<line>•* .1</line></par>
</text>
</block>
<block><region><rect/></region>
<text>
<par>
<line>t.</line></par>
</text>
</block>
<block><region><rect/></region>
<text>
<par>
<line>Des désordres également</line>
<line>sont constatés sur des</line>
<line>ouvrages secondaires</line>
<line>(clôtures)</line></par>
</text>
</block>
<block><region><rect/></region>
<text>
<par>
<line>De</line></par>
</text>
</block>
<block><region><rect/></region>
<text>
<par/>
</text>
</block>
<block><region><rect/></region>
<text>
<par>
<line>X-A</line></par>
</text>
</block>
<block><region><rect/></region>
<text>
<par/>
</text>
</block>
<block><region><rect/></region>
<text>
<par/>
</text>
</block>
<block><region><rect/></region>
<text>
<par/>
</text>
</block>
<block><region><rect/></region>
<text>
<par>
<line>3^</line></par>
</text>
</block>
<block><region><rect/></region>
<text>
<par>
<line>» -r-»V^TÏ-- , lip^ ja l!lll"^.I.PIJJIAI,J?l|M,'.|l</line></par>
</text>
</block>
<block><region><rect/></region>
<text>
<par/>
</text>
</block>
<block><region><rect/></region>
<text>
<par>
<line>- T- V,-</line></par>
</text>
</block>
<block><region><rect/></region>
<text>
<par/>
</text>
</block>
<block><region><rect/></region>
<text>
<par>
<line>m*x</line></par>
</text>
</block>
<block><region><rect/></region>
<text>
<par>
<line>?Û’</line></par>
</text>
</block>
<block><region><rect/></region>
<text>
<par/>
</text>
</block>
<block><region><rect/></region>
<text>
<par/>
</text>
</block>
<block><region><rect/></region>
<text>
<par>
<line>a*</line></par>
</text>
</block>
<block><region><rect/></region>
<text>
<par/>
</text>
</block>
<block><region><rect/></region>
<text>
<par/>
</text>
</block>
<block><region><rect/></region>
<text>
<par>
<line>Î3</line></par>
</text>
</block>
<block><region><rect/></region>
<text>
<par>
<line>..i-'</line></par>
</text>
</block>
<block><region><rect/></region>
<text>
<par/>
</text>
</block>
<block><region><rect/></region>
<text>
<par>
<line>r'</line></par>
</text>
</block>
<block><region><rect/></region>
<text>
<par/>
</text>
</block>
<block><region><rect/></region>
<text>
<par>
<line>••'S*»</line></par>
</text>
</block>
<block><region><rect/></region>
<text>
<par/>
</text>
</block>
<block><region><rect/></region>
<text>
<par/>
</text>
</block>
<block><region><rect/></region>
<text>
<par/>
</text>
</block>
<block><region><rect/></region>
<text>
<par/>
</text>
</block>
<block><region><rect/></region>
<text>
<par>
<line>rr:z7-,. —a</line></par>
</text>
</block>
<block><region><rect/></region>
<text>
<par/>
</text>
</block>
<block><region><rect/></region>
<text>
<par/>
</text>
</block>
<block><region><rect/></region>
<text>
<par>
<line>r&gt;V.</line></par>
</text>
</block>
<block><region><rect/></region>
<text>
<par>
<line>Mise en place de témoins</line>
<line>sur une habitation</line></par>
</text>
</block>











</page>
<page width="2520" height="3535" resolution="300">
<block><region><rect/></region>
<text>
<par>
<line>- 8 -</line></par>
</text>
</block>
<block><region><rect/></region>
<text>
<par>
<line>Il est à noter que le glissement déclaré a créé un plan de</line>
<line>cisaillement dans les sols constituant le versant, dont l'état</line>
<line>actuel correspond à un équilibre précaire, ce qui signifie</line>
<line>que toute remise en charge des sols réactivera le glissement</line>
<line>d'autant plus facilement que dans le plan de cisaillement,</line>
<line>la résistance des sols tendra vers une valeur résiduelle.</line></par>
</text>
</block>
<block><region><rect/></region>
<text>
<par>
<line>L'ensemble de ces considérations permet de définir deux lignes</line>
<line>d'actions :</line></par>
</text>
</block>
<block><region><rect/></region>
<text>
<par>
<line>. La prise immédiate de mesures administratives visant</line>
<line>à réglementer l'occupation du sol dans la totalité</line>
<line>du secteur du "Clos des Pierres" : procédure au titre</line>
<line>de l'article R 111.3 du Code de l'Urbanisme déjà</line>
<line>citée et accompagnée d'une modification du P.O.S,</line></par>
<par>
<line>. La mise en place de solutions préventives et conforta-</line>
<line>tives dans un cadre collectif à plus ou moins long</line>
<line>terme si l'ouverture partielle à l'urbanisation du</line>
<line>"CLos des Pierres" est décidée.</line></par>
</text>
</block>

</page>
<page width="2486" height="3511" resolution="300">
<block><region><rect/></region>
<text>
<par/>
</text>
</block>
<block><region><rect/></region>
<text>
<par>
<line>1</line></par>
</text>
</block>
<block><region><rect/></region>
<text>
<par/>
</text>
</block>
<block><region><rect/></region>
<text>
<par/>
</text>
</block>
<block><region><rect/></region>
<text>
<par>
<line>Jrrs</line></par>
</text>
</block>
<block><region><rect/></region>
<text>
<par>
<line>V'</line></par>
</text>
</block>
<block><region><rect/></region>
<text>
<par>
<line>r* ff 31</line></par>
</text>
</block>
<block><region><rect/></region>
<text>
<par>
<line>3f</line></par>
</text>
</block>
<block><region><rect/></region>
<text>
<par/>
</text>
</block>
<block><region><rect/></region>
<text>
<par>
<line>jj</line></par>
</text>
</block>
<block><region><rect/></region>
<text>
<par>
<line>Cl</line></par>
</text>
</block>
<block><region><rect/></region>
<text>
<par/>
</text>
</block>
<block><region><rect/></region>
<text>
<par/>
</text>
</block>
<block><region><rect/></region>
<text>
<par/>
</text>
</block>
<block><region><rect/></region>
<text>
<par>
<line>e*</line></par>
</text>
</block>
<block><region><rect/></region>
<text>
<par>
<line>\</line></par>
</text>
</block>
<block><region><rect/></region>
<text>
<par>
<line>R</line></par>
</text>
</block>
<block><region><rect/></region>
<text>
<par>
<line>SSS</line></par>
</text>
</block>
<block><region><rect/></region>
<text>
<par/>
</text>
</block>
<block><region><rect/></region>
<text>
<par/>
</text>
</block>
<block><region><rect/></region>
<text>
<par>
<line>c</line></par>
</text>
</block>
<block><region><rect/></region>
<text>
<par>
<line>rr</line></par>
</text>
</block>
<block><region><rect/></region>
<text>
<par/>
</text>
</block>
<block><region><rect/></region>
<text>
<par/>
</text>
</block>
<block><region><rect/></region>
<text>
<par/>
</text>
</block>
<block><region><rect/></region>
<text>
<par>
<line>01</line></par>
</text>
</block>
<block><region><rect/></region>
<text>
<par>
<line>B</line></par>
</text>
</block>
<block><region><rect/></region>
<text>
<par>
<line>S</line></par>
</text>
</block>
<block><region><rect/></region>
<text>
<par>
<line>\</line></par>
</text>
</block>
<block><region><rect/></region>
<text>
<par/>
</text>
</block>
<block><region><rect/></region>
<text>
<par/>
</text>
</block>
<block><region><rect/></region>
<text>
<par/>
</text>
</block>
<block><region><rect/></region>
<text>
<par/>
</text>
</block>
<block><region><rect/></region>
<text>
<par>
<line>m</line></par>
</text>
</block>
<block><region><rect/></region>
<text>
<par/>
</text>
</block>
<block><region><rect/></region>
<text>
<par>
<line>S</line></par>
</text>
</block>
<block><region><rect/></region>
<text>
<par/>
</text>
</block>
<block><region><rect/></region>
<text>
<par>
<line>zone dite de risque (rouge)</line>
<line>DX ’vXjl zone i risque moyen (bleue) '</line></par>
</text>
</block>
<block><region><rect/></region>
<text>
<par>
<line>OE</line></par>
</text>
</block>
<block><region><rect/></region>
<text>
<par>
<line>O</line></par>
</text>
</block>
<block><region><rect/></region>
<text>
<par/>
</text>
</block>
<block><region><rect/></region>
<text>
<par>
<line>r</line></par>
</text>
</block>
<block><region><rect/></region>
<text>
<par/>
</text>
</block>
<block><region><rect/></region>
<text>
<par>
<line>r</line></par>
</text>
</block>
<block><region><rect/></region>
<text>
<par>
<line>7/'// (</line></par>
</text>
</block>
<block><region><rect/></region>
<text>
<par>
<line>-î&gt;</line></par>
</text>
</block>
<block><region><rect/></region>
<text>
<par/>
</text>
</block>
<block><region><rect/></region>
<text>
<par>
<line>I t</line></par>
</text>
</block>
<block><region><rect/></region>
<text>
<par/>
</text>
</block>
<block><region><rect/></region>
<text>
<par>
<line>Ht</line></par>
</text>
</block>


























































































































<block blockType="Picture" blockName="" l="1989" t="1330" r="2098" b="1363"><region><rect/></region>
</block>
<block blockType="Picture" blockName="" l="1855" t="292" r="1887" b="395"><region><rect/></region>
</block>
</page>
<page width="2548" height="3555" resolution="300">
<block><region><rect/></region>
<text>
<par>
<line>' 9 -</line></par>
</text>
</block>
<block><region><rect/></region>
<text>
<par>
<line>V- DE LA NECESSITE D'IMPOSER</line></par>
</text>
</block>
<block><region><rect/></region>
<text>
<par>
<line>- l'interdiction de bâtir</line></par>
<par>
<line>- des prescriptions particulières</line></par>
</text>
</block>
<block><region><rect/></region>
<text>
<par>
<line>A l'intérieur du secteur le "Clos des Pierres" il est distingué</line>
<line>deux zones, correspondant chacune à la nature du risque encouru.</line></par>
</text>
</block>
<block><region><rect/></region>
<text>
<par>
<line>Une zone rouge ou zone très exposée ; la probabilité du risque</line></par>
<par>
<line>et l'intensité de ses effets sont telles qu'il</line>
<line>est nécessaire d'opposer l'inconstructibilitë.</line></par>
</text>
</block>
<block><region><rect/></region>
<text>
<par>
<line>Une zone bleue ou zone moyennement exposée ; la probabilité</line></par>
<par>
<line>du risque et l'intensité de ses effets prévisibles</line>
<line>sont moins importantes et permettent d'autoriser</line>
<line>sous réserves de prescriptions techniques très</line></par>
<par>
<line>précises, certaines occupations du sol.</line></par>
</text>
</block>
<block><region><rect/></region>
<text>
<par/>
</text>
</block>
<block><region><rect/></region>
<text>
<par>
<line>*</line></par>
</text>
</block>
<block><region><rect/></region>
<text>
<par/>
</text>
</block>
<block><region><rect/></region>
<text>
<par/>
</text>
</block>
<block><region><rect/></region>
<text>
<par/>
</text>
</block>
<block><region><rect/></region>
<text>
<par>
<line>2?-</line></par>
</text>
</block>







</page>
<page width="2905" height="3793" resolution="300">
<block><region><rect/></region>
<text>
<par>
<line>%</line></par>
</text>
</block>
<block><region><rect/></region>
<text>
<par>
<line>s ^</line></par>
</text>
</block>
<block><region><rect/></region>
<text>
<par>
<line>La</line></par>
</text>
</block>
<block><region><rect/></region>
<text>
<par/>
</text>
</block>
<block><region><rect/></region>
<text>
<par>
<line>&amp;</line></par>
</text>
</block>
<block><region><rect/></region>
<text>
<par>
<line>&lt;1</line></par>
</text>
</block>
<block><region><rect/></region>
<text>
<par/>
</text>
</block>
<block><region><rect/></region>
<text>
<par>
<line>rD</line></par>
</text>
</block>
<block><region><rect/></region>
<text>
<par>
<line>fS</line></par>
</text>
</block>
<block><region><rect/></region>
<text>
<par>
<line>Ui</line></par>
</text>
</block>
<block><region><rect/></region>
<text>
<par>
<line>? »V5_i</line></par>
</text>
</block>
<block><region><rect/></region>
<text>
<par/>
</text>
</block>
<block><region><rect/></region>
<text>
<par>
<line>U</line></par>
</text>
</block>
<block><region><rect/></region>
<text>
<par/>
</text>
</block>
<block><region><rect/></region>
<text>
<par>
<line>£</line></par>
</text>
</block>
<block><region><rect/></region>
<text>
<par/>
</text>
</block>
<block><region><rect/></region>
<text>
<par>
<line>r</line></par>
</text>
</block>
<block><region><rect/></region>
<text>
<par>
<line>rD</line></par>
</text>
</block>
<block><region><rect/></region>
<text>
<par>
<line>■Al:</line></par>
</text>
</block>
<block><region><rect/></region>
<text>
<par/>
</text>
</block>
<block><region><rect/></region>
<text>
<par>
<line>ïi-J</line></par>
</text>
</block>
<block><region><rect/></region>
<text>
<par>
<line>r</line></par>
</text>
</block>
<block><region><rect/></region>
<text>
<par/>
</text>
</block>
<block><region><rect/></region>
<text>
<par>
<line>V\</line></par>
</text>
</block>
<block><region><rect/></region>
<text>
<par>
<line>JsSî</line></par>
</text>
</block>
<block><region><rect/></region>
<text>
<par/>
</text>
</block>
<block><region><rect/></region>
<text>
<par>
<line>L</line></par>
</text>
</block>
<block><region><rect/></region>
<text>
<par/>
</text>
</block>
<block><region><rect/></region>
<text>
<par/>
</text>
</block>
<block><region><rect/></region>
<text>
<par>
<line>4o</line></par>
</text>
</block>
<block><region><rect/></region>
<text>
<par>
<line>n</line></par>
</text>
</block>
<block><region><rect/></region>
<text>
<par/>
</text>
</block>
<block><region><rect/></region>
<text>
<par>
<line>i-pÈ:?r:^</line></par>
<par>
<line>il ? Lcd,5'</line></par>
</text>
</block>
<block><region><rect/></region>
<text>
<par>
<line>U:</line></par>
</text>
</block>
<block><region><rect/></region>
<text>
<par>
<line>U</line></par>
</text>
</block>
<block><region><rect/></region>
<text>
<par>
<line>&lt;11</line></par>
</text>
</block>
<block><region><rect/></region>
<text>
<par/>
</text>
</block>
<block><region><rect/></region>
<text>
<par>
<line>^iS-</line></par>
</text>
</block>
<block><region><rect/></region>
<text>
<par>
<line>s</line></par>
</text>
</block>
<block><region><rect/></region>
<text>
<par/>
</text>
</block>
<block><region><rect/></region>
<text>
<par>
<line>\</line></par>
</text>
</block>
<block><region><rect/></region>
<text>
<par>
<line>Si</line></par>
</text>
</block>
<block><region><rect/></region>
<text>
<par>
<line>E</line></par>
</text>
</block>
<block><region><rect/></region>
<text>
<par>
<line>V:</line></par>
</text>
</block>
<block><region><rect/></region>
<text>
<par>
<line>123</line></par>
</text>
</block>
<block><region><rect/></region>
<text>
<par/>
</text>
</block>
<block><region><rect/></region>
<text>
<par>
<line>m</line></par>
</text>
</block>
<block><region><rect/></region>
<text>
<par>
<line>'T</line></par>
</text>
</block>
<block><region><rect/></region>
<text>
<par/>
</text>
</block>
<block><region><rect/></region>
<text>
<par>
<line>m</line></par>
</text>
</block>
<block><region><rect/></region>
<text>
<par>
<line>3</line></par>
</text>
</block>
<block><region><rect/></region>
<text>
<par>
<line>T</line></par>
</text>
</block>
<block><region><rect/></region>
<text>
<par>
<line>ro-</line></par>
</text>
</block>
<block><region><rect/></region>
<text>
<par/>
</text>
</block>
<block><region><rect/></region>
<text>
<par>
<line>CD</line></par>
</text>
</block>
<block><region><rect/></region>
<text>
<par/>
</text>
</block>
<block><region><rect/></region>
<text>
<par>
<line>\?</line></par>
</text>
</block>
<block><region><rect/></region>
<text>
<par>
<line>O</line></par>
</text>
</block>
<block><region><rect/></region>
<text>
<par/>
</text>
</block>
<block><region><rect/></region>
<text>
<par>
<line>G</line></par>
</text>
</block>
<block><region><rect/></region>
<text>
<par/>
</text>
</block>
<block><region><rect/></region>
<text>
<par/>
</text>
</block>
<block><region><rect/></region>
<text>
<par>
<line>r</line></par>
</text>
</block>
<block><region><rect/></region>
<text>
<par/>
</text>
</block>
<block><region><rect/></region>
<text>
<par>
<line>r</line></par>
</text>
</block>
<block><region><rect/></region>
<text>
<par>
<line>U</line></par>
</text>
</block>
<block><region><rect/></region>
<text>
<par>
<line>J</line></par>
</text>
</block>
<block><region><rect/></region>
<text>
<par/>
</text>
</block>
<block><region><rect/></region>
<text>
<par/>
</text>
</block>
<block><region><rect/></region>
<text>
<par/>
</text>
</block>
<block><region><rect/></region>
<text>
<par>
<line>’ t</line></par>
</text>
</block>
<block><region><rect/></region>
<text>
<par>
<line>!xi</line></par>
</text>
</block>
<block><region><rect/></region>
<text>
<par/>
</text>
</block>
<block><region><rect/></region>
<text>
<par/>
</text>
</block>
<block><region><rect/></region>
<text>
<par>
<line>cû</line></par>
</text>
</block>
<block><region><rect/></region>
<text>
<par>
<line>o\</line></par>
</text>
</block>
<block><region><rect/></region>
<text>
<par/>
</text>
</block>
<block><region><rect/></region>
<text>
<par/>
</text>
</block>
<block><region><rect/></region>
<text>
<par>
<line>s ;</line></par>
</text>
</block>
<block><region><rect/></region>
<text>
<par/>
</text>
</block>
<block><region><rect/></region>
<text>
<par/>
</text>
</block>
<block><region><rect/></region>
<text>
<par>
<line>- -^ m</line></par>
<par>
<line>- ■-■ 7^7////g</line></par>
<par>
<line>^ &gt;L- ■ Ir- f</line></par>
</text>
</block>
<block><region><rect/></region>
<text>
<par>
<line>lr..A</line></par>
</text>
</block>
<block><region><rect/></region>
<text>
<par>
<line>-d:</line></par>
</text>
</block>
<block><region><rect/></region>
<text>
<par>
<line>2:</line></par>
</text>
</block>
<block><region><rect/></region>
<text>
<par>
<line>7i'</line></par>
</text>
</block>
<block><region><rect/></region>
<text>
<par>
<line>.</line></par>
</text>
</block>
<block><region><rect/></region>
<text>
<par/>
</text>
</block>
<block><region><rect/></region>
<text>
<par>
<line>I X</line></par>
</text>
</block>
<block><region><rect/></region>
<text>
<par>
<line>VP</line></par>
</text>
</block>
<block><region><rect/></region>
<text>
<par>
<line>J»»</line></par>
</text>
</block>
<block><region><rect/></region>
<text>
<par>
<line>--^ble sous réserve ée ^</line></par>
<par>
<line>lone techniques</line></par>
<par>
<line>""“ ,s..... T«S&gt;'</line></par>
</text>
</block>
<block><region><rect/></region>
<text>
<par>
<line>•5iS</line></par>
</text>
</block>
<block><region><rect/></region>
<text>
<par>
<line>UAr</line></par>
<par>
<line>UBr</line></par>
</text>
</block>
<block><region><rect/></region>
<text>
<par>
<line>U '■</line></par>
</text>
</block>
<block><region><rect/></region>
<text>
<par>
<line>HAr</line></par>
</text>
</block>
<block><region><rect/></region>
<text>
<par>
<line>CÛ -</line></par>
</text>
</block>
<block><region><rect/></region>
<text>
<par/>
</text>
</block>
<block><region><rect/></region>
<text>
<par>
<line>constructible</line></par>
</text>
</block>
<block><region><rect/></region>
<text>
<par>
<line>Q</line></par>
</text>
</block>
<block><region><rect/></region>
<text>
<par>
<line>r?</line></par>
</text>
</block>
<block><region><rect/></region>
<text>
<par>
<line>non</line></par>
</text>
</block>
<block><region><rect/></region>
<text>
<par>
<line>zone</line></par>
</text>
</block>
<block><region><rect/></region>
<text>
<par>
<line>KOr</line></par>
</text>
</block>
<block><region><rect/></region>
<text>
<par>
<line>(■•s-</line></par>
</text>
</block>
<block><region><rect/></region>
<text>
<par>
<line>s;</line></par>
</text>
</block>
<block><region><rect/></region>
<text>
<par>
<line>î</line></par>
</text>
</block>
<block><region><rect/></region>
<text>
<par/>
</text>
</block>
<block><region><rect/></region>
<text>
<par/>
</text>
</block>
<block><region><rect/></region>
<text>
<par>
<line>ltKV«(U</line></par>
</text>
</block>
<block><region><rect/></region>
<text>
<par>
<line>5 •</line></par>
</text>
</block>
<block><region><rect/></region>
<text>
<par>
<line>»•</line></par>
</text>
</block>































































<block blockType="Picture" blockName="" l="2081" t="451" r="2169" b="530"><region><rect/></region>
</block>
<block blockType="Picture" blockName="" l="358" t="1621" r="464" b="1660"><region><rect/></region>
</block>
<block blockType="Picture" blockName="" l="1185" t="1189" r="1287" b="1232"><region><rect/></region>
</block>
</page>
<page width="2549" height="3555" resolution="300">
<block><region><rect/></region>
<text>
<par>
<line>10 -</line></par>
</text>
</block>
<block><region><rect/></region>
<text>
<par>
<line>VI- DE LA COHERENCE VIS-A-VIS DU P.0.5.</line></par>
</text>
</block>
<block><region><rect/></region>
<text>
<par>
<line>La détermination de deux zones de risques prise au titre de l'ar¬</line>
<line>ticle R 111.3 nécessite la mise en concordance du P.O.S. de MENNETOU</line>
<line>SUR CHER approuvé en date du 10.12.1987.</line></par>
<par>
<line>Cette concordance peut être effectuée à 1'aide de la procédure</line>
<line>"modification de P.O.S." prévue aux articles R 123.34 à R 123.36</line>
<line>du Code de l'Urbanisme.</line></par>
</text>
</block>
<block blockType="Table" blockName="" l="547" t="1519" r="2245" b="2783"><region><rect/></region>
<row>
<cell width="533" height="209">
<text>
<par>
<line>NATURE DE LA ZONE</line>
<line>au titre R 111.3</line></par>
</text></cell>
<cell width="501" height="209">
<text>
<par>
<line>NATURE DE LA ZONE</line>
<line>au P.O.S. modifié</line></par>
</text></cell>
<cell width="664" height="209">
<text>
<par>
<line>POSSIBILITES</line>
<line>d'utilisation du sol</line></par>
</text></cell></row>
<row>
<cell width="533" height="250">
<text>
<par>
<line>Zone ROUGE</line>
<line>dite de risque</line></par>
</text></cell>
<cell width="501" height="250">
<text>
<par>
<line>NDr (risque)</line></par>
</text></cell>
<cell width="664" height="250">
<text>
<par>
<line>inconstructibi1ité</line>
<line>totale</line></par>
</text></cell></row>
<row>
<cell bottomBorder="White" width="533" height="388">
<text>
<par>
<line>Zone BLEUE</line>
<line>à risque moyen</line></par>
</text></cell>
<cell bottomBorder="White" width="501" height="388">
<text>
<par>
<line>UAr (risque)</line></par>
<par>
<line>UBr (risque)</line></par>
</text></cell>
<cell bottomBorder="White" width="664" height="388">
<text>
<par>
<line>constructibilité</line>
<line>admise, sous réserve</line>
<line>du respect de prescrip¬</line>
<line>tions à titre indivi¬</line>
<line>duel</line></par>
</text></cell></row>
<row>
<cell topBorder="White" width="533" height="417">
<text>
<par/>
</text></cell>
<cell topBorder="White" width="501" height="417">
<text>
<par>
<line>NAr (risque)</line></par>
</text></cell>
<cell topBorder="White" width="664" height="417">
<text>
<par>
<line>possibilité d'ouverture</line>
<line>à l'urbanisation sous</line>
<line>réserve du respect de</line>
<line>prescriptions à titre</line>
<line>collectif, puis indivi¬</line>
<line>duel</line></par>
</text></cell></row>
</block>
<block><region><rect/></region>
<text>
<par/>
</text>
</block>
<block><region><rect/></region>
<text>
<par/>
</text>
</block>
<block><region><rect/></region>
<text>
<par/>
</text>
</block>
<block><region><rect/></region>
<text>
<par/>
</text>
</block>
<block><region><rect/></region>
<text>
<par/>
</text>
</block>






</page>
<page width="2480" height="3507" resolution="300">
<block><region><rect/></region>
<text>
<par>
<line>VII- nature et PORTEE DES PRESCRIPTIONS PARTICULIERES</line></par>
</text>
</block>
<block><region><rect/></region>
<text>
<par>
<line>1 1</line></par>
</text>
</block>
<block><region><rect/></region>
<text>
<par>
<line>Deux sortes de nature de prescription :</line></par>
<par>
<line>. individuelles</line>
<line>. collectives</line></par>
<par>
<line>. prescriptions individuelles</line></par>
<par>
<line>Elles concernent les parties de terrain classées en zone bleue au</line>
<line>"périmètre de risques" et désignées sous les sigles UAr et UBr au</line>
<line>P.O.S. modifié de MENNETOU-sur-CHER.</line></par>
<par>
<line>Les terrains dans cette situation sont constructibles sous réserve</line>
<line>que les constructions soient raccordables à un réseau d'égout (tout</line>
<line>assainissement individuel étant interdit), mais au préalable le</line>
<line>pétitionnaire devra faire effectuer une étude géotechnique en rapport</line>
<line>avec la construction qu'il souhaite édifier sur son terrain. Cette</line>
<line>étude devant fixer de façon précise les prescriptions techniques à</line>
<line>respecter pour les fondations et structures des constructions.</line></par>
<par>
<line>Cette obligation est reprise dans le règlement du P.O.S. corres¬</line>
<line>pondant à ces zones.</line></par>
<par>
<line>. prescriptions collectives</line></par>
<par>
<line>Elles concernent les parties des terrains classées également en</line>
<line>zone bleue au "périmètre de risque" et désignées sous le sigle NAr</line>
<line>au P.O.S. modifié de MENNETOU-sur-CHER.</line></par>
<par>
<line>L'ouverture à l'urbanisation de ces terrains qui par ailleurs ne peut</line>
<line>être envisagée que dans le cadre d'un schéma global d'aménagement et</line>
<line>d'équipement de la zone devra être précédée dans un premier temps</line>
<line>d'une étude géotechnique approfondie portant sur la totalité de la</line>
<line>dite zone.</line></par>
<par>
<line>Cette étude précisera pour les zones déclarées constructibles, les</line>
<line>mesures techniques d'ordre général à respecter, tant pour les</line>
<line>écoulements de surface, les drainages, l'assainissement collectif^</line>
<line>que le confortement des sols...</line></par>
<par>
<line>Chaque projet de construction, s'insérant dans cette démarche fera,</line>
<line>dans un second temps, 1'objet d'une étude géotechnique propre aux</line>
<line>constructions envisagées.</line></par>
</text>
</block>





</page>
<page width="2528" height="3541" resolution="300">
<block><region><rect/></region>
<text>
<par>
<line>12</line></par>
</text>
</block>
<block><region><rect/></region>
<text>
<par>
<line>Vm - CONTROLES</line></par>
<par>
<line>La présentation des études, soit ponctuelles, soit collectives</line>
<line>est obligatoire pour toute demande d'occupation des sols.</line>
<line>L'information de cette obligation est faite tant au niveau</line>
<line>des actes administratifs - périmètre de protection et modification</line>
<line>du P.O.S. - qu'au niveau individuel lors des transactions</line>
<line>immobilières notamment, où cette obligation devra figurer sur:</line></par>
</text>
</block>
<block><region><rect/></region>
<text>
<par>
<line>- les notes de renseignements concernant les mutations de</line></par>
<par>
<line>bâtis</line></par>
<par>
<line>- les Certificats d'Urbanisme (L 410.1a - Ib ; L 111.5 et</line></par>
<par>
<line>R. 315.54).</line></par>
<par>
<line>La production de ces études devra ainsi accompagner :</line></par>
<par>
<line>- les dossiers de création de Z.A.C.,</line></par>
<par>
<line>- les demandes d'autorisation de lotir (R 315.1)</line></par>
<par>
<line>“ les permis de construire</line></par>
<par>
<line>- les déclarations de travaux portant sur l'extension ou l'adjonc¬</line>
<line>tion de bâtiments, et travaux confortatifs notables</line></par>
<par>
<line>- l'ouverture de terrains aménagés pour l'accueil des campeurs,</line>
<line>caravanes et habitations légères de loisirs.</line></par>
</text>
</block>

</page>
<page width="827" height="1169" resolution="100">
</page>
</PM1>