<?xml version="1.0" encoding="UTF-8"?><PM1>
<page width="2480" height="3508" resolution="300">
<block><region><rect/></region>
<text>
<par>
<line>Liktrlé • Égalité • fmttrmté</line>
<line>RÉPUBLIQUE FKANÇâiSE</line></par>
<par>
<line>PRÉFET DES ALPES-MARITIMES</line></par>
</text>
</block>
<block><region><rect/></region>
<text>
<par>
<line>Direction Départementale des Territoires</line>
<line>et de la Mer des Alpes-Maritimes</line>
<line>Service de l'eau et des risques</line></par>
<par>
<line>Nref : DDTM-SER-PR-ar n°2013-015</line></par>
</text>
</block>
<block><region><rect/></region>
<text>
<par>
<line>ARRETE PREFECTORAL</line></par>
<par>
<line>portant approbation du plan de préverition des risques</line>
<line>naturels prévisibles d'incendies de forêt de la commune de Villeneuve-Loubet</line></par>
</text>
</block>
<block><region><rect/></region>
<text>
<par>
<line>Le préfet des Alpes-Maritimes,</line>
<line>Chevalier de la Légion d’honneur,</line>
<line>Chevalier de l’Ordre national du Mérite,</line></par>
</text>
</block>
<block><region><rect/></region>
<text>
<par>
<line>Vu les articles L.562-1 à L.562-9 du code de l’environnement relatifs aux plans de prévention des risques</line>
<line>naturels prévisibles.</line></par>
<par>
<line>Vu les articles R.562-1 à R.562-10-2 du code de l’environnement relatifs à la procédure et à l'élaboration des</line>
<line>plans de prévention des risques naturels prévisibles.</line></par>
<par>
<line>Vu les articles R. 123-6 à R. 123-23 du code de l’environnement relatifs à la procédure et au déroulement de</line>
<line>l’enquête publique.</line></par>
<par>
<line>Vu l’arrêté préfectoral du 30 janvier 2002 prescrivant l’établissement du plan de prévention des risques</line>
<line>naturels prévisibles d'incendies de forêt sur le territoire de la commune de Villeneuve-Loubet,</line></par>
<par>
<line>Vu l’arrêté préfectoral du 20 septembre 2012 prescrivant l’enquête publique du pian de prévention des</line>
<line>risques naturels prévisibles d'incendies de forêt sur le territoire de la commune de Villeneuve-Loubet,</line></par>
<par>
<line>Vu l’avis favorable sous réserves du conseil municipal de Villeneuve Loubet,</line></par>
<par>
<line>Vu les avis favorables de la chambre d’agriculture des Alpes-Maritimes, du Centre régional de la propriété</line>
<line>forestière, du Conseil Général des Alpes-Maritimes,</line></par>
<par>
<line>Vu les avis réputés favorables du Conseil Régional de Provence Alpes-Côte d’Azur, du SDIS et de la</line>
<line>Communauté d’Agglomération de Sophia-Antipolis ,</line></par>
<par>
<line>Vu le rapport et les conclusions motivées du commissaire enquêteur du 23 décembre 2012,</line></par>
<par>
<line>Considérant que les modifications apportées au projet de PPRIF soumis à enquête publique suite aux avis</line>
<line>reçus et aux rapport et conclusions du commissaire enquêteur, ne remettent pas en cause l'économie</line>
<line>générale de ce plan,</line></par>
<par>
<line>Sur proposition de Monsieur le Secrétaire Général de la préfecture des Alpes-Maritimes,</line></par>
<par>
<line>ARRETE</line></par>
</text>
</block>
<block><region><rect/></region>
<text>
<par>
<line>Article 1er : Est approuvé le plan de prévention des risques naturels prévisibles d’incendies de forêt de la</line>
<line>commune de Villeneuve-Loubet, tel qu’annexé au présent arrêté.</line></par>
</text>
</block>





<block blockType="Picture" blockName="" l="1041" t="94" r="1144" b="188"><region><rect/></region>
</block>
</page>
<page width="2480" height="3508" resolution="300">
<block><region><rect/></region>
<text>
<par>
<line>Ce plan est tenu à la disposition du public :</line></par>
<par>
<line>1 - à la mairie de Villeneuve-Loubet, tous les jours ouvrables, aux heures habituelles</line>
<line>d’ouverture de la mairie,</line></par>
<par>
<line>2 - au siège de la Communauté d'Agglomération de Sophia-Antipolis, aux heures habituelles</line>
<line>d'ouverture au public,</line></par>
<par>
<line>3 - au pôle risques naturels de la Direction Départementale des Territoires et de la Mer au</line>
<line>centre administratif départemental de Nice tous les jours du lundi au vendredi de 9h00 à 11h30</line>
<line>et de 14h00 à 15h30,</line></par>
<par>
<line>4 - à la préfecture, aux heures habituelles d'ouverture au public.</line></par>
<par>
<line>Ce plan de prévention des risques naturels prévisibles comporte ;</line></par>
<par>
<line>- l’arrêté préfectoral de prescription,</line></par>
<par>
<line>- l'arrêté préfectoral d'approbation,</line>
<line>un rapport de présentation,</line></par>
<par>
<line>- un règlement et ses annexes,</line></par>
<par>
<line>- un plan de zonage réglementaire à l'échelle 1/ 5 000 en 2 parties</line></par>
<par>
<line>- 4 annexes graphiques à l'échelle 1/10 000 : une carte des aléas d'incendies de forêt, une carte de la</line>
<line>voirie, une carte des enjeux d'occupation du sol, une carte des travaux prescrits.</line></par>
<par>
<line>Article 2 :</line></par>
</text>
</block>
<block><region><rect/></region>
<text>
<par>
<line>Le présent arrêté fera l'objet d'une mention au recueil des actes administratifs de l'État dans le département,</line>
<line>ainsi que dans un journal local ci-après désigné ; «Nice Matin».</line></par>
<par>
<line>Une copie de l'arrêté sera affichée en mairie de Villeneuve-Loubet pendant au moins un mois ainsi qu'au</line>
<line>siège de la Communauté d'agglomération de Sophia-Antipolis.</line></par>
<par>
<line>Article 3 :</line></par>
</text>
</block>
<block><region><rect/></region>
<text>
<par>
<line>Des copies du présent arrêté seront adressées à :</line></par>
<par>
<line>M. le maire de la commune de Villeneuve-Loubet,</line></par>
<par>
<line>Mme la ministre de l'Écologie, du Développement Durable et de l'Énergie, Direction générale de la</line>
<line>prévention des risques</line></par>
<par>
<line>- M. le président du Conseil général des Alpes-Maritimes,</line></par>
<par>
<line>M. le président du Conseil régional Provence-Alpes-Côte d’Azur,</line></par>
<par>
<line>M. le président de la Communauté d’Agglomération de Sophia-Antipolis,</line></par>
<par>
<line>M. le président de la chambre d’agriculture des Alpes-Maritimes,</line></par>
<par>
<line>M. le président du centre Régional de la propriété forestière de Provence-Alpes-Côte d’Azur,</line></par>
<par>
<line>M. le directeur régional de l’environnement Provence-Alpes-Côte d'azur,</line></par>
<par>
<line>- M. le directeur du Service Départemental d’incendies et de Secours,</line></par>
<par>
<line>Mme. la chef du Service interministériel de défense et de protection civile</line>
<line>Préfecture des Alpes-Maritimes</line></par>
<par>
<line>M. le directeur départemental des territoires et de la mer des Alpes-Maritimes,</line></par>
<par>
<line>Article 4 : délai de recours</line></par>
<par>
<line>Le présent arrêté peut faire l'objet d'un recours contentieux auprès du tribunal administratif de Nice dans un</line>
<line>délai de deux mois à compter de l'exécution de l'ensemble des formalités prévues à l'article 2 ; la date à</line>
<line>prendre en compte pour l'affichage étant celle du premier jour où il est effectué.</line></par>
<par>
<line>Article 5 :</line></par>
</text>
</block>
<block><region><rect/></region>
<text>
<par>
<line>Le secrétaire général de la préfecture, le maire de la commune de Villeneuve-Loubet, le président de la</line>
<line>communauté d’agglomération de Sophia-Antipolis, le directeur départemental des territoires et de la mer sont</line>
<line>chargés, chacun en ce qui le concerne, de l'exécution du présent arrêté.</line></par>
<par>
<line>AN:ce.,e 18JUIL 2013</line></par>
<par>
<line>Pour le Préfet,</line></par>
<par>
<line>Le Secrétaire GénôtBl</line></par>
<par>
<line>DBM-n 3141</line></par>
</text>
</block>
<block><region><rect/></region>
<text>
<par>
<line>Qôrard GAVORY</line></par>
</text>
</block>





</page>
</PM1>