<?xml version="1.0" encoding="UTF-8"?><PM1>
<page width="2510" height="3530" resolution="300">
<block><region><rect/></region>
<text>
<par>
<line>RÉPUBLIQUE FRANÇAISE</line></par>
</text>
</block>
<block><region><rect/></region>
<text>
<par>
<line>METZ, le</line></par>
</text>
</block>
<block><region><rect/></region>
<text>
<par>
<line>PRÉFECTURE</line></par>
<par>
<line>D I L A</line></par>
</text>
</block>
<block><region><rect/></region>
<text>
<par>
<line>MOSELLE</line></par>
</text>
</block>
<block><region><rect/></region>
<text>
<par>
<line>.î €m\ 1993</line></par>
</text>
</block>
<block><region><rect/></region>
<text>
<par/>
</text>
</block>
<block><region><rect/></region>
<text>
<par>
<line>DIRECTION DEPARTEMENTM.E</line>
<line>DE L'EQUIPEMENT</line></par>
<par>
<line>ARRETE</line></par>
<par>
<line>N°3S.£&gt;es - D.D.E. - S.A.Ü./CP</line></par>
<par>
<line>ea date du j 5993</line></par>
<par>
<line>délimitant les terrains sur lesquels les construc¬</line>
<line>tions sont interdites -ou subordonnées à des condi¬</line>
<line>tions spéciales du fait de leur exposition à des</line>
<line>risques de mouvements de terrains sur le ban communal</line>
<line>de CLOUANGE.</line></par>
</text>
</block>
<block><region><rect/></region>
<text>
<par>
<line>LE PREFET DE LA REGION LORRAINE</line>
<line>PREFET DE LA MOSELLE</line>
<line>COMMANDEUR DE LA LEGION D'HONNEUR</line>
<line>COMMANDEUR DE L'ORDRE NATIONAL DU MERITE</line>
<line>TITULAIRE DE LA MEDAILLE MILITAIRE</line></par>
<par>
<line>VU le Code de- l'Urbanisme et notamment son article R 111.3 ;</line></par>
<par>
<line>VU le Code de l'Expropriation pour cause d'utilité publique et no¬</line>
<line>tamment ses articles R 11.3 à R 11.13 ;</line></par>
<par>
<line>VU les avis des services consultés :</line></par>
<par>
<line>- l'avis du Directeur Départemental de l'Equipement en date du 20</line>
<line>mars 1992 ;</line></par>
<par>
<line>- l'avis du Directeur Régional de l'Industrie, de la Recherche et</line>
<line>de l'Environnement en date du 5 mai 1992 ;</line></par>
<par>
<line>- l'avis du Directeur Régional de l'Environnement en date du 26</line>
<line>mai 1992 ;</line></par>
<par>
<line>- l'avis du Directeur Départemental de la Protection Civile en</line>
<line>date du 21 avril 1992 ;</line></par>
<par>
<line>- l'avis du Directeur Départemental de l'Agriculture et de la Fo¬</line>
<line>rêt en date du 13 mai 1992-</line></par>
</text>
</block>
<block><region><rect/></region>
<text>
<par>
<line>VU l'arrêté en date du 17 septembre 1992 prescrivant la mise à</line>
<line>l'enquête publique du projet de délimitation des terrains exposés</line>
<line>à des risques de mouvements de terrains.</line></par>
<par>
<line>VU les résultats de l'enquête publique qui s'est déroulée du 5 oc¬</line>
<line>tobre 1992 au 19 octobre 1992 et les conclusions du</line>
<line>commissaire-enquêteur ;</line></par>
<par>
<line>VU l'avis du Conseil Municipal de CLOUANGE en date du 1 mars 1993.</line></par>
</text>
</block>





</page>
<page width="2501" height="3523" resolution="300">
<block><region><rect/></region>
<text>
<par>
<line>2</line></par>
</text>
</block>
<block><region><rect/></region>
<text>
<par>
<line>Considérant la nécessité de délimiter les terrains sur lesquels</line>
<line>les constructions sont interdites ou subordonnées à des conditions</line>
<line>spéciales, du fait de leur exposition à des risques de mouvements</line>
<line>de terrains sur le ban communal de CLOUANGE ;</line></par>
</text>
</block>
<block><region><rect/></region>
<text>
<par>
<line>ARRETE</line></par>
</text>
</block>
<block><region><rect/></region>
<text>
<par>
<line>Article 1er ;</line></par>
<par>
<line>L'article R 111-3 du Code de l'Urbanisme est applicable sur le</line>
<line>territoire de la commune de CLOUANGE, sur les terrains délimités</line>
<line>par un trait fort sur le plan au 1/5 000° annexé au présent ar¬</line>
<line>rêté .</line></par>
</text>
</block>
<block><region><rect/></region>
<text>
<par>
<line>Article 2 :</line></par>
<par>
<line>A l'intérieur du périmètre ainsi délimité, sont définies deux zo¬</line>
<line>nes dénommées A et B.</line></par>
</text>
</block>
<block><region><rect/></region>
<text>
<par>
<line>Article 3 :</line></par>
<par>
<line>A l'intérieur de la zone A, à haut niveau de risques, sont inter¬</line>
<line>dits tous travaux, constructions, installations et activités de</line>
<line>quelque nature qu'ils soient, à l'exception de ceux visés</line>
<line>ci-après :</line></par>
</text>
</block>
<block><region><rect/></region>
<text>
<par>
<line>Sont admis t</line></par>
</text>
</block>
<block><region><rect/></region>
<text>
<par>
<line>. les travaux d'entretien et de gestion normaux, des constructions</line>
<line>et installations existantes a condition de ne pas aggraver les</line>
<line>risques et/ou leurs effets.</line></par>
<par>
<line>. les reconstructions, après sinistres, dans la limite des volumes</line>
<line>des bâtiments existants à condition que ces sinistres ne soient</line>
<line>pas liés à des mouvements de terrains. Une étude des sols préa¬</line>
<line>lable déterminera la nature des techniques à mettre en oeuvre.</line></par>
<par>
<line>. les travaux et installations destinés à réduire les conséquences</line>
<line>des risques.</line></par>
<par>
<line>. les travaux d'infrastructure publique, à condition que toutes</line>
<line>les mesures soient prises afin de ne pas aggraver les risques</line>
<line>et/ou leurs effets.</line></par>
<par>
<line>. les démolitions, sous réserve qu'elles ne contribuent pas à une</line>
<line>déstabilisation du site et que le déroulement des travaux ne</line>
<line>provoque pas de perturbations : surcharges dues à des dépôts de</line>
<line>gravats, modification de l'écoulement des eaux.</line></par>
<par>
<line>. les drainages, qui devront être raccordés obligatoirement au ré¬</line>
<line>seau d'assainissement existant. Si cela s'avère impossible,</line>
<line>l'évacuation des eaux collectées doit être conçue de façon à ce</line>
<line>que l'exutoire ne se situe pas dans une zone à risques.</line></par>
</text>
</block>







</page>
<page width="2501" height="3523" resolution="300">
<block><region><rect/></region>
<text>
<par>
<line>3</line></par>
</text>
</block>
<block><region><rect/></region>
<text>
<par>
<line>Article 4 :</line></par>
<par>
<line>A l'intérieur des zones B, exposées à des risques moindres, les</line>
<line>occupations et utilisations du sol sont possibles</line></par>
</text>
</block>
<block><region><rect/></region>
<text>
<par>
<line>A condition cpie ;</line></par>
</text>
</block>
<block><region><rect/></region>
<text>
<par>
<line>. les constructions, reconstructions ou installations, quelle que</line>
<line>soit leur nature, puissent résister à des mouvements de terrain</line>
<line>localisés. A cet effet, une étude des sols préalable déterminera</line>
<line>la nature des techniques à mettre en oeuvre ;</line></par>
<par>
<line>. les activités autorisées n'entraînent pas d'infiltration dans le</line>
<line>sol ;</line></par>
<par>
<line>. les affouillements provisoires et exhaussements des sols provi¬</line>
<line>soires ou définitifs aient des talus dressés, présentant une</line>
<line>pente maximum de 50 % (1 m de hauteur maximum pour 2 m de lon¬</line>
<line>gueur) ;</line></par>
<par>
<line>. les affouillements définitifs aient un dénivelé entre la crête</line>
<line>et le pied de talus n'excédant pas 1,50 m et comportent un drai¬</line>
<line>nage ;</line></par>
<par>
<line>. les fouilles soient réalisées à l'abri d'un blindage pour con¬</line>
<line>server la butée de pied et permettent l'écoulement des eaux.</line>
<line>Dans les schistes cartons, elles devront être protégées de</line>
<line>1'air ;</line></par>
<par>
<line>. une distance de 10 m minimum soit respectée entre la crête de</line>
<line>tous talus de déblai et le pied de tous talus de remblai. Par</line>
<line>ailleurs, ils ne devront pas gêner l'écoulement des eaux ;</line></par>
<par>
<line>. les écoulements d'eaux usées et les effluents d'assanissement</line>
<line>autonomes, ainsi que les eaux pluviales (y compris les drainages</line>
<line>et les captages de sources) soient raccordés au réseau collectif</line>
<line>dès qu'il existe. En attendant, leur exutoire doit se situer en</line>
<line>dehors de la zone à risques ;</line></par>
<par>
<line>. les constructions à démolir n'entraînent pas de déstabilisation</line>
<line>du site. De plus, les travaux correspondants ne doivent pas pro¬</line>
<line>voquer de perturbations : création de nouveaux accès, dépôts de</line>
<line>gravats, modifications de l'écoulement des eaux.</line></par>
</text>
</block>
<block><region><rect/></region>
<text>
<par>
<line>Article 5 :</line></par>
<par>
<line>Le présent arrêté sera publié au Bulletin Officiel de la Préfec¬</line>
<line>ture de la Moselle et mention en sera faite en caractères appa¬</line>
<line>rents dans les deux journaux ci-après désignés : LE REPUBLICAIN</line>
<line>LORRAIN - LA MOSELLE AGRICOLE.</line></par>
</text>
</block>




</page>
<page width="2519" height="3536" resolution="300">
<block><region><rect/></region>
<text>
<par>
<line>4</line></par>
</text>
</block>
<block><region><rect/></region>
<text>
<par>
<line>Article 6 ;</line></par>
<par>
<line>Des copies du présent arrêté seront adressées :</line></par>
<par>
<line>1) au Maire de la coiranune de CLOÜANGE ;</line></par>
<par>
<line>2) au Sous-Préfet de THIONVILLE ;</line></par>
<par>
<line>3) au Directeur Départemental de l'Equipement;</line></par>
<par>
<line>4) au Directeur Régional de l'Industrie, de la Recherche et de</line>
<line>1'Environnement ;</line></par>
<par>
<line>5) au Directeur Régional de l'Environnement ;</line></par>
<par>
<line>6) au Directeur de la Protection Civile;</line></par>
<par>
<line>7) au Directeur Départemental de l'Agriculture et de la Forêt.</line></par>
</text>
</block>
<block><region><rect/></region>
<text>
<par>
<line>Article 7 :</line></par>
<par>
<line>Le présent arrêté, ainsi que le dossier qui lui est annexé, seront</line>
<line>tenus à la disposition du public :</line></par>
<par>
<line>1) à la Mairie de CLOÜANGE ;</line></par>
<par>
<line>2) dans les bureaux de la Préfecture ;</line></par>
<par>
<line>3) dans les bureaux de la Sous-Préfecture de THIONVILLE ;</line></par>
<par>
<line>4) à la subdivision de l'Equipement de THIONVILLE/SUD ;</line></par>
<par>
<line>5) à la Direction Départementale de l'Equipement à METZ</line>
<line>(S.À.U./CP - A.E.).</line></par>
</text>
</block>
<block><region><rect/></region>
<text>
<par>
<line>Article 8 :</line></par>
<par>
<line>Le Secrétaire Général de la Préfecture de la Moselle, le</line>
<line>Sous-Préfet de THIONVILLE, le Maire de CLOÜANGE, le Directeur</line>
<line>Départemental de l'Equipement, sont chargés, chacun en ce qui le</line>
<line>concerne, de l'exécution du présent arrêté.</line></par>
</text>
</block>
<block><region><rect/></region>
<text>
<par>
<line>LE PREFET,</line></par>
</text>
</block>
<block><region><rect/></region>
<text>
<par>
<line>Ampliation certifiée</line>
<line>conforme à l’original</line></par>
<par>
<line>METZ.ie 2 3''^0V. 1993</line></par>
</text>
</block>
<block><region><rect/><rect/></region>
<text>
<par>
<line>Ls Chsf du S«r/)c3 !}* rA(TrtBa9«»*«.</line>
<line>de !'Ürt&gt;eiiisR&amp; si des Cofistiuctions Pubtt^ues</line></par>
<par>
<line>/</line></par>
</text>
</block>
<block><region><rect/></region>
<text>
<par>
<line>THIRY^</line></par>
</text>
</block>
<block><region><rect/><rect/><rect/><rect/></region>
<text>
<par>
<line>—</line></par>
<par>
<line>t*^lÉmL-Oérêmi</line></par>
<par>
<line>Vt</line></par>
</text>
</block>
<block><region><rect/></region>
<text>
<par>
<line>Régis GÜYOT</line></par>
</text>
</block>





</page>
<page width="3508" height="2479" resolution="300">
<block><region><rect/><rect/></region>
<text>
<par>
<line>4</line></par>
</text>
</block>
<block><region><rect/></region>
<text>
<par/>
</text>
</block>
<block><region><rect/></region>
<text>
<par/>
</text>
</block>
<block><region><rect/><rect/><rect/><rect/></region>
<text>
<par/>
</text>
</block>
<block><region><rect/></region>
<text>
<par>
<line>5*f|. *,i:;, ‘W,i:</line></par>
</text>
</block>
<block><region><rect/></region>
<text>
<par>
<line>SS</line></par>
</text>
</block>
<block><region><rect/></region>
<text>
<par/>
</text>
</block>
<block><region><rect/></region>
<text>
<par/>
</text>
</block>
<block><region><rect/></region>
<text>
<par/>
</text>
</block>
<block><region><rect/></region>
<text>
<par>
<line>X’</line></par>
</text>
</block>
<block><region><rect/></region>
<text>
<par/>
</text>
</block>
<block><region><rect/></region>
<text>
<par/>
</text>
</block>
<block><region><rect/></region>
<text>
<par>
<line>■=</line></par>
</text>
</block>
<block><region><rect/></region>
<text>
<par/>
</text>
</block>
<block><region><rect/></region>
<text>
<par>
<line>m</line></par>
</text>
</block>
<block><region><rect/></region>
<text>
<par>
<line>%</line></par>
</text>
</block>
<block><region><rect/></region>
<text>
<par/>
</text>
</block>
<block><region><rect/><rect/></region>
<text>
<par>
<line>(I) Imes I : aillîS Sllf UES - WCOiSTPlff.TBLES -</line></par>
<par>
<line>® Zoite» 3 ^ Bîsi|sies rs®îB*t5s</line></par>
<par>
<line>CasssîrïetifeHrté ssumïse</line></par>
</text>
</block>
<block><region><rect/><rect/><rect/></region>
<text>
<par>
<line>BW/À BimcrsQU BiPAHÎSME^miS</line>
<line>mm lis L^EQIJIPËlSIEfsT 31 IS SOSELIE</line></par>
</text>
</block>
<block><region><rect/></region>
<text>
<par>
<line>fSoiHfflune âe</line></par>
<par>
<line>ÎWOAMGE</line></par>
</text>
</block>
<block><region><rect/><rect/></region>
<text>
<par>
<line>MISE £i 'S.'S,-</line>
<line>iE L’ARÏICLE 11111-3</line>
<line>ill C8BE il imiiâiiSül</line></par>
<par>
<line>" ilSIÎfEiiEiîS K TSBKaW "</line></par>
</text>
</block>
<block><region><rect/><rect/></region>
<text>
<par>
<line>f-NS-.'r'-K roB'.iOüh dM S su -iÇ oct'ibr? '</line></par>
<par>
<line>■.■.'••PI'iOEiATiOf.: lé r</line></par>
</text>
</block>
<block><region><rect/></region>
<text>
<par>
<line>Ccheils i.g(K):j</line></par>
</text>
</block>























</page>
<page width="2479" height="3508" resolution="300">
<block><region><rect/></region>
<text>
<par>
<line>m</line></par>
</text>
</block>
<block><region><rect/></region>
<text>
<par>
<line>DIRECTION DEPARTEMENTALE</line>
<line>DE L’EQUIPEMENT DE LA MOSELLE</line></par>
<par>
<line>Service de fAmènagement et de fUrbanisme et des Constructions PiÉ)Cques</line>
<line>Actions de l’Etat</line></par>
</text>
</block>
<block><region><rect/></region>
<text>
<par>
<line>Commune de</line></par>
<par>
<line>C LOUANGE</line></par>
</text>
</block>
<block><region><rect/></region>
<text>
<par>
<line>MISE EN OEUVRE</line>
<line>DE L’ARTICLE R111-3</line>
<line>DU CODE DE L’URBANISME</line></par>
<par>
<line>Risques " MOUVEMENTS DE TERRAIN"</line></par>
</text>
</block>
<block><region><rect/></region>
<text>
<par>
<line>NOTICE EXPLICATIVE</line></par>
</text>
</block>





</page>
<page width="1671" height="2358" resolution="201">
<block><region><rect/></region>
<text>
<par>
<line>I. INTRODUCTION</line></par>
</text>
</block>
<block><region><rect/></region>
<text>
<par>
<line>1 .</line></par>
</text>
</block>
<block><region><rect/></region>
<text>
<par>
<line>L’article R 111-3 du Code de l’Urbanisme stipule :</line></par>
<par>
<line>"La construction sur des terrains exposés à un risque tel</line>
<line>que : inondation, érosion, affaissement, éboulement, ava¬</line>
<line>lanches, peut, si elle est autorisée, être subordonnée à</line>
<line>des conditions spéciales.</line></par>
<par>
<line>Ces terrains sont délimités par arrêté préfectoral pris</line>
<line>après consultation des services intéressés et enquête dans</line>
<line>les formes prévues par le décret n® 59-701 du 6 juin 1959</line>
<line>relatif à la procédure d’enquête préalable à la déclara¬</line>
<line>tion d’utilité publique et avis du Conseil Municipal".</line></par>
</text>
</block>
<block><region><rect/></region>
<text>
<par>
<line>Parmi les risques naturels mentionnés dans cet article, la</line>
<line>Commune de CLOUANGE est concernée par les risques de mouve¬</line>
<line>ments de terrains dûs à la nature géologique des sols et à la</line>
<line>présence d’un glissement profond régressif de grande superfi¬</line>
<line>cie au lieu-dit "Le Grand Ban".</line></par>
</text>
</block>
<block><region><rect/></region>
<text>
<par>
<line>II CARACTERISTIQUES DU RISQUE DE MOUVEMENTS DE TERRAINS</line></par>
<par>
<line>A.SITUATION</line></par>
<par>
<line>1.Présentation générale</line></par>
</text>
</block>
<block><region><rect/></region>
<text>
<par>
<line>La Commune de CLOUANGE se situe</line>
<line>Moselle , à l’amont du confluent</line>
<line>vingtaine de kilomètres au Nord de</line>
<line>La superficie totale cadastrée est</line></par>
</text>
</block>
<block><region><rect/></region>
<text>
<par>
<line>en rive gauche</line>
<line>Orne-Moselle et</line>
<line>METZ.</line></par>
<par>
<line>de 301 ha.</line></par>
</text>
</block>
<block><region><rect/></region>
<text>
<par>
<line>de la</line>
<line>à une</line></par>
</text>
</block>
<block><region><rect/></region>
<text>
<par>
<line>Cette Commune à vocation initialement agricole a connu une</line>
<line>extension considérable dans les années 1950 et constitue</line>
<line>avec AMNEVILLE et ROMBAS, un pôle industriel important.</line></par>
</text>
</block>
<block><region><rect/></region>
<text>
<par>
<line>Actuellement, en liaison avec la crise économique, la po¬</line>
<line>pulation décroît et CLOUANGE acquiert de plus en plus une</line>
<line>vocation de cité-dortoir.</line></par>
</text>
</block>
<block><region><rect/></region>
<text>
<par>
<line>2. La géologie</line></par>
<par>
<line>La topographie du secteur étudié est caractéristique d’un</line>
<line>relief de cuesta constituant la Côte de Moselle, découpée</line>
<line>au niveau de CLOUANGE par la vallée obséquente de</line>
<line>l'Orne, affluent de la Moselle.</line></par>
</text>
</block>
<block><region><rect/></region>
<text>
<par>
<line>. . . /</line></par>
</text>
</block>









</page>
<page width="1661" height="2351" resolution="201">
<block><region><rect/></region>
<text>
<par>
<line>2 .</line></par>
</text>
</block>
<block><region><rect/></region>
<text>
<par>
<line>Les ensembles sédimentaires concernant la Commune sont, du</line>
<line>bas vers le haut :</line></par>
<par>
<line>- le substratum marneux (lias)</line></par>
<par>
<line>. les marnes à Amalthées : sableuses a nodules de cal¬</line>
<line>caires (doménien)</line></par>
<par>
<line>. les grés médloliasiques : calcaires gréseux devenant</line>
<line>sableux (doménien)</line></par>
<par>
<line>. les schistes cartons : argiles bitumineuses qui</line></par>
<par>
<line>s'altèrent très rapidement en présence d'air ou d'eau</line>
<line>(toarcien)</line></par>
<par>
<line>. les grés supraliasiques : argiles sableuses micacées,</line>
<line>marnes à Septaria (toarcien)</line></par>
<par>
<line>- la couverture carbonatée (Dogger)</line></par>
<par>
<line>. la formation ferrugineuse (toarcien supérieur)</line></par>
<par>
<line>. les formations calcaires recouvertes par les limons</line>
<line>des plateaux (bajocien)</line></par>
<par>
<line>. les formations superficielles correspondant à des al-</line>
<line>luvions anciennes de la Moselle, à des alluvions ré¬</line>
<line>centes de la Vallée de l'Orne, à des limons, à des</line>
<line>éboulis de pentes provenant essentiellement des pla¬</line>
<line>teaux calcaires.</line></par>
</text>
</block>
<block><region><rect/></region>
<text>
<par>
<line>B.TYPOLOGIE DES MOUVEMENTS DE TERRAIN</line></par>
<par>
<line>Ce sont dans la région mosellane :</line></par>
<par>
<line>1. Les glissements profonds régressifs et les glissements</line></par>
<par>
<line>plans</line></par>
<par>
<line>Ils affectent des masses de sol importantes, au moins 4 m</line>
<line>d'épaisseur, pour une extension d'ordre décamétrique à</line>
<line>hectométrique. Ce sont les mouvements les plus fréquents</line>
<line>dans le sillon mosellan.</line></par>
<par>
<line>Le plus souvent, ils sont très anciens et dûs aux pentes</line>
<line>résiduelles très raides après érosion fluviale et à</line>
<line>l'alimentation en eau par les éboulis (cas général) ou par</line>
<line>d'anciennes terrasses alluviales perchées (cas de</line>
<line>Ste-Ruffine) ou par des circulations diffuses au sein des</line>
<line>marnes, des schistes-cartons (glissement de ROMBAS - Rouge</line>
<line>Fontaine) et des grès médioliasiques.</line></par>
<par>
<line>Le mécanisme d'alimentation en eau est accentué du fait de</line>
<line>la présence d'une faille (glissement de CLOUANGE-Grand</line>
<line>Ban ) .</line></par>
</text>
</block>
<block><region><rect/></region>
<text>
<par/>
</text>
</block>




</page>
<page width="1661" height="2351" resolution="201">
<block><region><rect/></region>
<text>
<par>
<line>3 .</line></par>
</text>
</block>
<block><region><rect/></region>
<text>
<par>
<line>Dans certains cas, les mouvements sont dus à</line>
<line>l’intervention humaine sur des pentes en équilibre pré¬</line>
<line>caire mais qui n’étaient pas en mouvement (BERTRANGE).</line></par>
<par>
<line>La forme la plus courante est la rupture circulaire (fi¬</line>
<line>gure A) qui affecte en premier lieu les pieds de versant</line>
<line>avant que ne se produise une régression vers la partie su¬</line>
<line>périeure.</line></par>
<par>
<line>Mais il peut se produire également, en bordure de pente,</line>
<line>des glissements plans (figure B) de la couche</line>
<line>argilo-1imoneuse recouvrant les marnes, le plus souvent</line>
<line>après surcharge par des remblais.</line></par>
</text>
</block>
<block><region><rect/></region>
<text>
<par>
<line>2• Les glissements pe11icul aires ou solifluxions (figure</line></par>
<par>
<line>C)</line></par>
<par>
<line>Ils correspondent au déplacement des couches superficiel¬</line>
<line>les (limon et marnes altérées) et ont une profondeur de 0</line>
<line>à 3 m au maximum.</line></par>
<par>
<line>Ce type de glissement est dû à la saturation du sol par</line>
<line>les eaux d’infiltration en période hivernale et peut être</line>
<line>fortement accentué par des cycles de gel intense ou à la</line>
<line>suite d'une période de forte sécheresse ayant provoqué une</line>
<line>fissuration importante en surface.</line></par>
</text>
</block>
<block><region><rect/></region>
<text>
<par>
<line>C.Détermination des mouvements</line></par>
<par>
<line>La détermination des mouvements affectant les pentes ac¬</line>
<line>tuelles, a été basée sur les travaux suivants :</line></par>
<par>
<line>- reconnaissance de formes (régularité des pentes, relevé</line>
<line>des moutonnements et bourrelets des secteurs humides et</line>
<line>mal drainés, des plans d’arrachement) ;</line></par>
<par>
<line>- recherche d’indices de mouvements (déformations de la</line>
<line>voirie, fissures dans les constructions, coulées de</line>
<line>boues) ;</line></par>
<par>
<line>- observation de la couverture végétale.</line></par>
<par>
<line>Leur localisation s’est faite à partir de la démarche sui¬</line>
<line>vante :</line></par>
<par>
<line>. recherche sur le terrain de toutes les manifestations</line>
<line>liées aux mouvements de sol ;</line></par>
<par>
<line>. analyse des photographies aériennes disponibles ;</line></par>
<par>
<line>. recherche d’archives (études ponctuelles réalisées, tra¬</line>
<line>vaux effectués, mémoire collective).</line></par>
</text>
</block>
<block><region><rect/></region>
<text>
<par/>
</text>
</block>







</page>
<page width="1661" height="2351" resolution="201">
<block><region><rect/></region>
<text>
<par>
<line>SCHEMAS DE PRINCIPE DES MOUVEMENTS DE TERRAIN</line></par>
</text>
</block>
<block><region><rect/></region>
<text>
<par>
<line>colluvions argileuses</line>
<line>escarpement principal</line></par>
</text>
</block>
<block><region><rect/></region>
<text>
<par>
<line>plaine alluviale</line></par>
</text>
</block>
<block><region><rect/></region>
<text>
<par/>
</text>
</block>
<block><region><rect/></region>
<text>
<par/>
</text>
</block>
<block><region><rect/></region>
<text>
<par/>
</text>
</block>
<block><region><rect/></region>
<text>
<par/>
</text>
</block>
<block><region><rect/></region>
<text>
<par>
<line>^ 4 à 12m en general</line></par>
</text>
</block>
<block><region><rect/></region>
<text>
<par/>
</text>
</block>
<block><region><rect/></region>
<text>
<par>
<line>/</line></par>
</text>
</block>
<block><region><rect/></region>
<text>
<par/>
</text>
</block>
<block><region><rect/></region>
<text>
<par>
<line>//</line></par>
</text>
</block>
<block><region><rect/></region>
<text>
<par/>
</text>
</block>
<block><region><rect/></region>
<text>
<par/>
</text>
</block>
<block><region><rect/></region>
<text>
<par>
<line>\</line></par>
</text>
</block>
<block><region><rect/></region>
<text>
<par/>
</text>
</block>
<block><region><rect/></region>
<text>
<par>
<line>marne altérée</line></par>
</text>
</block>
<block><region><rect/></region>
<text>
<par>
<line>bourrelet de pied</line></par>
</text>
</block>
<block><region><rect/></region>
<text>
<par>
<line>sens de progression des mouvements</line></par>
</text>
</block>
<block><region><rect/></region>
<text>
<par>
<line>A. GLISSEMENTS PROFONDS REGRESSIFS</line></par>
</text>
</block>
<block><region><rect/></region>
<text>
<par>
<line>remblais</line></par>
</text>
</block>
<block><region><rect/></region>
<text>
<par>
<line>pente très raide</line></par>
</text>
</block>
<block><region><rect/></region>
<text>
<par>
<line>variable</line></par>
</text>
</block>
<block><region><rect/></region>
<text>
<par/>
</text>
</block>
<block><region><rect/></region>
<text>
<par>
<line>colluvions argileuses</line></par>
</text>
</block>
<block><region><rect/></region>
<text>
<par>
<line>marne</line></par>
</text>
</block>
<block><region><rect/></region>
<text>
<par>
<line>B. GLISSEMENT PLAN</line></par>
</text>
</block>
<block><region><rect/></region>
<text>
<par>
<line>moutonnements</line></par>
</text>
</block>
<block><region><rect/><rect/></region>
<text>
<par>
<line>limon et</line>
<line>marne altérée</line></par>
</text>
</block>
<block><region><rect/></region>
<text>
<par>
<line>0 à 3m</line></par>
</text>
</block>
<block><region><rect/></region>
<text>
<par>
<line>C. SOLIFLUXION</line></par>
</text>
</block>











</page>
<page width="1661" height="2351" resolution="201">
<block><region><rect/></region>
<text>
<par>
<line>5.</line></par>
</text>
</block>
<block><region><rect/></region>
<text>
<par>
<line>III. LOCALISATION DES RISQUES</line></par>
<par>
<line>Il existe sur la Commune de CLOUANGE trois type de</line>
<line>formations géologiques susceptibles d^être affectés de</line>
<line>mouvements de terrains :</line></par>
<par>
<line>1 . Marnes a Amalthées-Grès médiol iasicrues (Domérlen)</line></par>
<par>
<line>Ces formations affleurent en plaine et en pied de la Côte</line>
<line>de Moselle, à l'Est du territoire communal, pour des pen¬</line>
<line>tes de terrain naturel en général inférieures à 10%.</line></par>
<par>
<line>Du fait de ces faibles pentes, il n'est pas recensé de</line>
<line>mouvements de terrains dans ces secteurs du ban communal.</line></par>
</text>
</block>
<block><region><rect/></region>
<text>
<par>
<line>2.Grès suoral iasicrues. Marnes. Schistes cartons (toar-</line></par>
<par>
<line>c 1 e n )</line></par>
</text>
</block>
<block><region><rect/></region>
<text>
<par>
<line>Ces formations constituent le soubassement de la Côte de</line>
<line>Moselle et sont sujettes a une instabilité donnant lieu à</line>
<line>des glissements de type profonds régressifs. Ces phénomè¬</line>
<line>nes sont liés à des pentes du terrain naturel supérieures</line>
<line>à 10% (en général comprises entre 10 et 20% ou au-delà de</line>
<line>20%) ainsi qu'à des alimentations diffuses en eau du</line>
<line>manteau d'altération alluvionnaire directement par les</line>
<line>Grès supraliasiques ou les schistes carton fissurés ou</line>
<line>indirectement par les formations bajociennes de couver¬</line>
<line>ture (le long de la faille de Glouange).</line></par>
<par>
<line>Au lieu-dit "Le Grand Ban" un glissement profond régressif</line>
<line>de grande superficie se développe dans ces formations.</line></par>
<par>
<line>Les indices de surface sont peu nets mais des traces de</line>
<line>fissurations dans des bâtiments et sur les routes sont</line>
<line>discernables au niveau du lotissement du "Grand Ban" et au</line>
<line>niveau des murs du cimetière.</line></par>
<par>
<line>Ce glissement représente un risque pour le lotissement et</line>
<line>les diverses missions (photos aériennes, observations de</line>
<line>terrain) démontrent son activité permanente.</line></par>
</text>
</block>
<block><region><rect/></region>
<text>
<par>
<line>3.Marnes micacées de Charennes (Ba.iocien)</line></par>
<par>
<line>Ces formations, constituant la base du Eajocien, pour des</line>
<line>valeurs de pentes de terrain naturel en général supérieu¬</line>
<line>res à 20%, peuvent être, selon les conditions locales</line>
<line>d'alimentation en eau, sujettes à des glissements en géné¬</line>
<line>ral de faible ampleur et de type pe11iculaire.</line></par>
<par>
<line>Il n'a pas été recensé de tels types de glissements sur le</line>
<line>territoire communal.</line></par>
</text>
</block>
<block><region><rect/></region>
<text>
<par/>
</text>
</block>








</page>
<page width="1661" height="2351" resolution="201">
<block><region><rect/></region>
<text>
<par>
<line>CARTE GEOLOGIQUE -1/25000e</line></par>
</text>
</block>
<block><region><rect/></region>
<text>
<par>
<line>346</line></par>
</text>
</block>
<block><region><rect/></region>
<text>
<par/>
</text>
</block>
<block><region><rect/></region>
<text>
<par/>
</text>
</block>
<block><region><rect/></region>
<text>
<par>
<line>Cl</line></par>
</text>
</block>
<block><region><rect/></region>
<text>
<par>
<line>e</line></par>
</text>
</block>
<block><region><rect/></region>
<text>
<par/>
</text>
</block>
<block><region><rect/></region>
<text>
<par/>
</text>
</block>
<block><region><rect/></region>
<text>
<par>
<line>✓</line></par>
</text>
</block>
<block><region><rect/></region>
<text>
<par/>
</text>
</block>
<block><region><rect/></region>
<text>
<par>
<line>r</line></par>
</text>
</block>
<block><region><rect/></region>
<text>
<par/>
</text>
</block>
<block><region><rect/></region>
<text>
<par/>
</text>
</block>
<block><region><rect/></region>
<text>
<par>
<line>J*-</line></par>
</text>
</block>
<block><region><rect/></region>
<text>
<par>
<line>'•fV</line></par>
</text>
</block>
<block><region><rect/></region>
<text>
<par/>
</text>
</block>
<block><region><rect/></region>
<text>
<par/>
</text>
</block>
<block><region><rect/></region>
<text>
<par/>
</text>
</block>
<block><region><rect/></region>
<text>
<par>
<line>V</line></par>
</text>
</block>
<block><region><rect/></region>
<text>
<par/>
</text>
</block>
<block><region><rect/></region>
<text>
<par/>
</text>
</block>
<block><region><rect/></region>
<text>
<par/>
</text>
</block>
<block><region><rect/></region>
<text>
<par>
<line>M</line></par>
</text>
</block>
<block><region><rect/></region>
<text>
<par/>
</text>
</block>
<block><region><rect/></region>
<text>
<par/>
</text>
</block>
<block><region><rect/></region>
<text>
<par>
<line>Vf»</line></par>
</text>
</block>
<block><region><rect/></region>
<text>
<par>
<line>0/p</line></par>
</text>
</block>
<block><region><rect/></region>
<text>
<par>
<line>s/n</line></par>
</text>
</block>
<block><region><rect/></region>
<text>
<par>
<line>P</line></par>
</text>
</block>
<block><region><rect/></region>
<text>
<par/>
</text>
</block>
<block><region><rect/></region>
<text>
<par>
<line>àduc</line></par>
</text>
</block>
<block><region><rect/></region>
<text>
<par/>
</text>
</block>
<block><region><rect/></region>
<text>
<par/>
</text>
</block>
<block><region><rect/></region>
<text>
<par/>
</text>
</block>
<block><region><rect/></region>
<text>
<par/>
</text>
</block>
<block><region><rect/></region>
<text>
<par/>
</text>
</block>
<block><region><rect/></region>
<text>
<par>
<line>Co7/</line></par>
</text>
</block>
<block><region><rect/></region>
<text>
<par>
<line>r</line></par>
</text>
</block>
<block><region><rect/></region>
<text>
<par/>
</text>
</block>
<block><region><rect/></region>
<text>
<par>
<line>m.</line></par>
</text>
</block>
<block><region><rect/></region>
<text>
<par>
<line>Z^I</line></par>
</text>
</block>
<block><region><rect/></region>
<text>
<par>
<line>'ibr.</line></par>
</text>
</block>
<block><region><rect/></region>
<text>
<par/>
</text>
</block>
<block><region><rect/></region>
<text>
<par/>
</text>
</block>
<block><region><rect/></region>
<text>
<par>
<line>k(</line></par>
</text>
</block>
<block><region><rect/></region>
<text>
<par>
<line>ir*</line></par>
</text>
</block>
<block><region><rect/></region>
<text>
<par>
<line>a</line></par>
</text>
</block>
<block><region><rect/></region>
<text>
<par>
<line>V</line></par>
</text>
</block>
<block><region><rect/></region>
<text>
<par/>
</text>
</block>
<block><region><rect/></region>
<text>
<par/>
</text>
</block>
<block><region><rect/></region>
<text>
<par>
<line>^98</line></par>
</text>
</block>
<block><region><rect/></region>
<text>
<par/>
</text>
</block>
<block><region><rect/></region>
<text>
<par>
<line>;Sy</line></par>
</text>
</block>
<block><region><rect/></region>
<text>
<par>
<line>Alluvions récentes</line></par>
</text>
</block>
<block><region><rect/></region>
<text>
<par>
<line>Séries carbonatées</line></par>
</text>
</block>
<block><region><rect/></region>
<text>
<par>
<line>Quaternaire</line></par>
<par>
<line>Bajocien</line></par>
</text>
</block>
<block><region><rect/></region>
<text>
<par>
<line>Calcaires à Polypiers</line>
<line>Calcaires sableux d'Ottange</line>
<line>Calcaires à entroques</line>
<line>Marnes micacées de Charennes</line></par>
</text>
</block>
<block><region><rect/></region>
<text>
<par>
<line>Bajocien</line></par>
</text>
</block>
<block><region><rect/></region>
<text>
<par>
<line>Formations ferrugineuses</line></par>
<par>
<line>Grés supraliasiques</line>
<line>Schistes cartons</line></par>
<par>
<line>Grés médioliasiques</line></par>
<par>
<line>Marnes à Amalthées</line></par>
</text>
</block>
<block><region><rect/></region>
<text>
<par>
<line>Aalénien</line></par>
<par>
<line>Toarcien</line></par>
<par>
<line>Pliensbachien supérieur</line>
<line>Pliensbachien supérieur</line></par>
</text>
</block>
<block><region><rect/></region>
<text>
<par>
<line>Glissement du "Grand Ban"</line></par>
</text>
</block>




















































<block blockType="Barcode" blockName="" l="284" t="1464" r="419" b="1517"><region><rect/></region>
<text>
<par><line>^16345</line></par>
</text>
<barcodeInfo type="INTERLEAVED25"/>
</block>
</page>
<page width="1661" height="2351" resolution="201">
<block><region><rect/></region>
<text>
<par>
<line>7.</line></par>
</text>
</block>
<block><region><rect/></region>
<text>
<par>
<line>IV ESTIMATION DES RISQUES POUR LES BIENS ET LES PERSONNES</line></par>
<par>
<line>La notion de risque ne peut se concevoir que par rapport à</line>
<line>la sécurité des biens ou des personnes.</line></par>
<par>
<line>Pour la Commune de CLOUANGE, la sécurité des person¬</line>
<line>nes ne peut être menacée directement par des mouvements</line>
<line>brutauK.</line></par>
<par>
<line>Cependant, l’interaction de l’activité humaine et de</line>
<line>l’instabilité du sol peut engendrer des dommages impor¬</line>
<line>tants économiquement.</line></par>
</text>
</block>
<block><region><rect/></region>
<text>
<par>
<line>^ Les risques liés à l’aménagement</line></par>
<par>
<line>Ils dépendent :</line></par>
<par>
<line>a)Du type de mouvements</line></par>
<par>
<line>Les glissements profonds, de par les forces mises en jeu,</line>
<line>peuvent aboutir à la ruine totale d’une vaste zone aména¬</line>
<line>gée .</line></par>
<par>
<line>Les glissements pel1icul a 1res, affectant des mases moins</line>
<line>importantes, peuvent faire l’objet de travaux confortatifs</line>
<line>avant tout aménagement. Mais, ces travaux restent impor¬</line>
<line>tants (drainages, cloutage de la pente).</line></par>
</text>
</block>
<block><region><rect/></region>
<text>
<par>
<line>Du type d’aménagements</line></par>
<par>
<line>Las mouvements de terre, en modifiant la pente naturelle</line>
<line>supprimant la butée de pied de glissements stabilisés ou</line>
<line>surchargeant ceux-ci par des remblais, peuvent être un</line>
<line>facteur d’instabilité.</line></par>
<par>
<line>La modification des cheminements hydrauliques naturels par</line>
<line>les constructions, l’imperméabilisation des surfaces et la</line>
<line>concentration des eaux de ruissellement, l’assainissement</line>
<line>individuel, sont très souvent des facteurs aggravants.</line></par>
<par>
<line>Une urbanisation parcellisée, dense et échelonnée dans le</line>
<line>temps, peut aboutir à la création de désordres dans les</line>
<line>constructions les plus anciennes, au moment de travaux ul¬</line>
<line>térieurs .</line></par>
<par>
<line>Cette liste n’est pas exhaustive et montre la complexité</line>
<line>des interactions.</line></par>
</text>
</block>
<block><region><rect/></region>
<text>
<par/>
</text>
</block>







</page>
<page width="1661" height="2351" resolution="201">
<block><region><rect/></region>
<text>
<par>
<line>8.</line></par>
</text>
</block>
<block><region><rect/></region>
<text>
<par>
<line>^ En conclusion</line></par>
<par>
<line>Plus les risques de mouvements et dinstabi 1 i te des ter¬</line>
<line>rains sont probables, plus les restrictions et conditions</line>
<line>d'occupation des sols doivent être sévères.</line></par>
<par>
<line>Dans les zones sensibles, il est nécessaire que la concep¬</line>
<line>tion de l'aménagement soit faite globalement, dès la déci¬</line>
<line>sion d'urbaniser, et en concertation étroite avec les spé¬</line>
<line>cialistes de ces problèmes de mouvements de terrain.</line></par>
</text>
</block>
<block><region><rect/></region>
<text>
<par>
<line>2) Aléa ou définition physique du risque</line></par>
<par>
<line>Il est le résultat de la combinaison de l'évaluation du</line>
<line>risque en termes statistiques et de ses paramètres repré¬</line>
<line>sentatifs .</line></par>
</text>
</block>
<block><region><rect/></region>
<text>
<par>
<line>a) Paramètres représentatifs</line></par>
<par>
<line>- résistance au cisaillement du sol : les argiles du</line>
<line>Toarcien qui constituent les pentes du sillon mosellan</line>
<line>n'ont pas une résistance mécanique constante, elle dé¬</line>
<line>croît lorsque le sol subit une altération ou des défor¬</line>
<line>mation ;</line></par>
<par>
<line>- pente du terrain naturel : plus elle est forte plus le</line>
<line>risque augmente ;</line></par>
<par>
<line>- masse du sol concerné par le mouvement ;</line></par>
<par>
<line>- pression interstitielle liée à la saturation des sols</line>
<line>par infiltrations. On a donc une corrélation directe en¬</line>
<line>tre glissements et pluviométrie.</line></par>
</text>
</block>
<block><region><rect/></region>
<text>
<par>
<line>b)Intensité du Phénomènes</line></par>
<par>
<line>Elle est fonction du volume de sol concerné et de la sur¬</line>
<line>face qui en est tributaire.</line></par>
<par>
<line>Elle ne menace pas la sécurité des personnes, les vitesses</line>
<line>de déplacement sont au maximum de l'ordre de 0,1 m/h, mais</line>
<line>nécessite, par contre, des travaux de prévention ou de</line>
<line>confortement qui sont différents selon :</line></par>
<par>
<line>- les glissements profonds de grande extension ; un trai¬</line>
<line>tement global, économiquement lourd dépassant largement</line>
<line>le cadre parcellaire sera nécessaire ;</line></par>
</text>
</block>
<block><region><rect/></region>
<text>
<par/>
</text>
</block>









</page>
<page width="1661" height="2351" resolution="201">
<block><region><rect/></region>
<text>
<par>
<line>9.</line></par>
</text>
</block>
<block><region><rect/></region>
<text>
<par>
<line>- les glissements pe11ieu 1 ai res : des interventions ponc¬</line>
<line>tuelles à la parcelle et des techniques plus simples à</line>
<line>mettre en oeuvre peuvent être suffisantes.</line></par>
</text>
</block>
<block><region><rect/></region>
<text>
<par>
<line>c)Probabilité d'apparition du phénomène</line></par>
<par>
<line>Elle est fonction de la combinaison de variables aléatoi¬</line>
<line>res comme la pluviométrie et les caractéristiques du maté¬</line>
<line>riau conduisant à la rupture d'une pente naturelle donnée.</line></par>
<par>
<line>La probabilité est donc estimée à partir de :</line></par>
<par>
<line>. la répartition statistique des phénomènes constatés ;</line>
<line>. la nature des formations géologiques à l'affleurement</line>
<line>qui conditionne les caractéristiques mécaniques du</line>
<line>sol ;</line></par>
<par>
<line>. la pente naturelle des terrains.</line></par>
<par>
<line>Elle est résumée dans le tableau ci-dessous où l'échelle</line>
<line>retenue pour les mesures du risque est :</line></par>
</text>
</block>
<block blockType="Table" blockName="" l="449" t="1066" r="1546" b="1395"><region><rect/></region>
<row>
<cell leftBorder="White" topBorder="White" rightBorder="White" bottomBorder="White" width="80" height="48">
<text>
<par>
<line>. 1</line></par>
</text></cell>
<cell leftBorder="White" topBorder="White" rightBorder="White" bottomBorder="White" width="467" height="48">
<text>
<par>
<line>= zones stables et non</line></par>
</text></cell>
<cell leftBorder="White" topBorder="White" rightBorder="White" bottomBorder="White" width="250" height="48">
<text>
<par>
<line>exposées</line></par>
</text></cell>
<cell leftBorder="White" topBorder="White" rightBorder="White" bottomBorder="White" width="98" height="48">
<text>
<par/>
</text></cell>
<cell leftBorder="White" topBorder="White" rightBorder="White" bottomBorder="White" width="202" height="48">
<text>
<par/>
</text></cell></row>
<row>
<cell leftBorder="White" topBorder="White" rightBorder="White" bottomBorder="White" width="80" height="99">
<text>
<par>
<line>. 2</line></par>
</text></cell>
<cell leftBorder="White" topBorder="White" rightBorder="White" bottomBorder="White" width="467" height="99">
<text>
<par>
<line>= zones présentant des</line>
<line>teurs de stabilité</line></par>
</text></cell>
<cell leftBorder="White" topBorder="White" rightBorder="White" bottomBorder="White" width="250" height="99">
<text>
<par>
<line>incertitudes</line></par>
</text></cell>
<cell leftBorder="White" topBorder="White" rightBorder="White" bottomBorder="White" width="98" height="99">
<text>
<par>
<line>sur</line></par>
</text></cell>
<cell leftBorder="White" topBorder="White" rightBorder="White" bottomBorder="White" width="202" height="99">
<text>
<par>
<line>les fac-</line></par>
</text></cell></row>
<row>
<cell leftBorder="White" topBorder="White" rightBorder="White" bottomBorder="White" width="80" height="100">
<text>
<par>
<line>. 3</line></par>
</text></cell>
<cell colSpan="2" leftBorder="White" topBorder="White" rightBorder="White" bottomBorder="White" width="717" height="100">
<text>
<par>
<line>= zones présentant des facteurs</line>
<line>défavorables</line></par>
</text></cell>
<cell leftBorder="White" topBorder="White" rightBorder="White" bottomBorder="White" width="98" height="100">
<text>
<par>
<line>de</line></par>
</text></cell>
<cell leftBorder="White" topBorder="White" rightBorder="White" bottomBorder="White" width="202" height="100">
<text>
<par>
<line>stabilité</line></par>
</text></cell></row>
<row>
<cell leftBorder="White" topBorder="White" rightBorder="White" bottomBorder="White" width="80" height="82">
<text>
<par>
<line>. 4</line></par>
</text></cell>
<cell leftBorder="White" topBorder="White" rightBorder="White" bottomBorder="White" width="467" height="82">
<text>
<par>
<line>= zones présentant des</line>
<line>défavorables</line></par>
</text></cell>
<cell leftBorder="White" topBorder="White" rightBorder="White" bottomBorder="White" width="250" height="82">
<text>
<par>
<line>facteurs de</line></par>
</text></cell>
<cell colSpan="2" leftBorder="White" topBorder="White" rightBorder="White" bottomBorder="White" width="300" height="82">
<text>
<par>
<line>stabilité très</line></par>
</text></cell></row>
</block>
<block blockType="Table" blockName="" l="135" t="1417" r="1539" b="2020"><region><rect/></region>
<row>
<cell width="502" height="102">
<text>
<par>
<line>^ ^classes de</line></par>
<par>
<line>formations '—--«.....^^^^^^pentes</line>
<line>géologiques -—</line></par>
</text></cell>
<cell width="120" height="102">
<text>
<par>
<line>0-5</line></par>
</text></cell>
<cell width="140" height="102">
<text>
<par>
<line>5-1 0</line></par>
</text></cell>
<cell width="160" height="102">
<text>
<par>
<line>10-15</line></par>
</text></cell>
<cell width="160" height="102">
<text>
<par>
<line>1 5-20</line></par>
</text></cell>
<cell width="159" height="102">
<text>
<par>
<line>20-25</line></par>
</text></cell>
<cell width="163" height="102">
<text orientation="RotatedCounterclockwise">
<par>
<line>-1</line></par>
<par>
<line>v</line></par>
<par>
<line>NJ</line></par>
<par>
<line>_</line></par>
</text></cell></row>
<row>
<cell width="502" height="66">
<text>
<par>
<line>marnes micacées</line></par>
</text></cell>
<cell width="120" height="66">
<text>
<par>
<line>1</line></par>
</text></cell>
<cell width="140" height="66">
<text>
<par>
<line>1</line></par>
</text></cell>
<cell width="160" height="66">
<text>
<par>
<line>1</line></par>
</text></cell>
<cell width="160" height="66">
<text>
<par>
<line>2</line></par>
</text></cell>
<cell width="159" height="66">
<text>
<par>
<line>3</line></par>
</text></cell>
<cell width="163" height="66">
<text>
<par>
<line>4</line></par>
</text></cell></row>
<row>
<cell width="502" height="100">
<text>
<par>
<line>marnes à septaria,</line>
<line>schistes cartons</line></par>
</text></cell>
<cell width="120" height="100">
<text>
<par>
<line>1</line></par>
</text></cell>
<cell width="140" height="100">
<text>
<par>
<line>2</line></par>
</text></cell>
<cell width="160" height="100">
<text>
<par>
<line>3</line></par>
</text></cell>
<cell width="160" height="100">
<text>
<par>
<line>4</line></par>
</text></cell>
<cell width="159" height="100">
<text>
<par>
<line>4</line></par>
</text></cell>
<cell width="163" height="100">
<text>
<par>
<line>4</line></par>
</text></cell></row>
<row>
<cell width="502" height="66">
<text>
<par>
<line>grés roédloliaslques</line></par>
</text></cell>
<cell width="120" height="66">
<text>
<par>
<line>1</line></par>
</text></cell>
<cell width="140" height="66">
<text>
<par>
<line>1</line></par>
</text></cell>
<cell width="160" height="66">
<text>
<par>
<line>2</line></par>
</text></cell>
<cell width="160" height="66">
<text>
<par>
<line>2</line></par>
</text></cell>
<cell width="159" height="66">
<text>
<par>
<line>3</line></par>
</text></cell>
<cell width="163" height="66">
<text>
<par>
<line>3</line></par>
</text></cell></row>
<row>
<cell width="502" height="67">
<text>
<par>
<line>marnes à amalthées</line></par>
</text></cell>
<cell width="120" height="67">
<text>
<par>
<line>1</line></par>
</text></cell>
<cell width="140" height="67">
<text>
<par>
<line>1</line></par>
</text></cell>
<cell width="160" height="67">
<text>
<par>
<line>2</line></par>
</text></cell>
<cell width="160" height="67">
<text>
<par>
<line>3</line></par>
</text></cell>
<cell width="159" height="67">
<text>
<par>
<line>4</line></par>
</text></cell>
<cell width="163" height="67">
<text>
<par>
<line>4</line></par>
</text></cell></row>
<row>
<cell width="502" height="66">
<text>
<par>
<line>formation carbonatées</line></par>
</text></cell>
<cell width="120" height="66">
<text>
<par>
<line>1</line></par>
</text></cell>
<cell width="140" height="66">
<text>
<par>
<line>1</line></par>
</text></cell>
<cell width="160" height="66">
<text>
<par>
<line>1</line></par>
</text></cell>
<cell width="160" height="66">
<text>
<par>
<line>1</line></par>
</text></cell>
<cell width="159" height="66">
<text>
<par>
<line>1</line></par>
</text></cell>
<cell width="163" height="66">
<text>
<par>
<line>1</line></par>
</text></cell></row>
<row>
<cell width="502" height="66">
<text>
<par>
<line>formation ferrugineuse</line></par>
</text></cell>
<cell width="120" height="66">
<text>
<par>
<line>1</line></par>
</text></cell>
<cell width="140" height="66">
<text>
<par>
<line>1</line></par>
</text></cell>
<cell width="160" height="66">
<text>
<par>
<line>1</line></par>
</text></cell>
<cell width="160" height="66">
<text>
<par>
<line>1</line></par>
</text></cell>
<cell width="159" height="66">
<text>
<par>
<line>1</line></par>
</text></cell>
<cell width="163" height="66">
<text>
<par>
<line>1</line></par>
</text></cell></row>
<row>
<cell width="502" height="70">
<text>
<par>
<line>Alluvions</line></par>
</text></cell>
<cell width="120" height="70">
<text>
<par>
<line>1</line></par>
</text></cell>
<cell width="140" height="70">
<text>
<par>
<line>1</line></par>
</text></cell>
<cell width="160" height="70">
<text>
<par>
<line>-</line></par>
</text></cell>
<cell width="160" height="70">
<text>
<par>
<line>-</line></par>
</text></cell>
<cell width="159" height="70">
<text>
<par>
<line>-</line></par>
</text></cell>
<cell width="163" height="70">
<text>
<par>
<line>-</line></par>
</text></cell></row>
</block>
<block><region><rect/></region>
<text>
<par/>
</text>
</block>




























</page>
<page width="1661" height="2351" resolution="201">
<block><region><rect/></region>
<text>
<par>
<line>10.</line></par>
</text>
</block>
<block><region><rect/></region>
<text>
<par>
<line>V. DETERMINATION DES ZONES A BISQUES</line></par>
<par>
<line>1■ Territoire concerné</line></par>
<par>
<line>Les emprises des zones à risques de mouvements de terrain</line>
<line>sont figurées sur le plan joint à l’arrêté préfectoral</line>
<line>mettant en oeuvre l’article R 111-3 sur le territoire de</line>
<line>CLOUANGE,</line></par>
<par>
<line>Elle sont délimitées par un trait fort et identifiées par</line>
<line>les lettres A et B.</line></par>
<par>
<line>La partie du ban communal, n’étant pas exposé aux mouve¬</line>
<line>ments de terrain, est dégagée des contraintes liées à la</line>
<line>prévention du risque naturel.</line></par>
</text>
</block>
<block><region><rect/></region>
<text>
<par>
<line>2. Zones caractéristiques</line></par>
<par>
<line>Compte tenu de ce qui précède, le territoire concerné par</line>
<line>les mouvements de terrain a été divisé en deux types de</line>
<line>zone :</line></par>
<par>
<line>Les zones A :</line></par>
</text>
</block>
<block><region><rect/></region>
<text>
<par>
<line>Elles concernent les secteurs à haut niveau de risques.</line>
<line>Il est possible d’y voir apparaître des mouvements pro¬</line>
<line>fonds de grande extension comme le glissement du Grand</line>
<line>Ban.</line></par>
<par>
<line>La nature géologique des sols (marnes, grès</line>
<line>supral iasiques, schistes cartons), les fortes pentes et</line>
<line>les conditions d’alimentation en eau par la faille de</line>
<line>CLOUANGE sont pour ces secteurs, des facteurs de stabilité</line>
<line>très défavorables qui justifient l’interdiction de toute</line>
<line>occupation ou utilisation du sol.</line></par>
<par>
<line>Cependant, pourront être autorisés :</line></par>
<par>
<line>- les travaux d’entretien et de gestion des construc¬</line>
<line>tions et Installations existantes, sous réserve de ne</line>
<line>pas aggraver le phénomène ;</line></par>
<par>
<line>- les reconstructions de bâtiments existants après si¬</line>
<line>nistre en intégrant les dispositions prévues dans les</line>
<line>zones B</line></par>
<par>
<line>- certains travaux destinés à réduire les conséquences</line>
<line>des risques ;</line></par>
<par>
<line>- les travaux d’infrastructure publique qui n’aggravent</line>
<line>pas les risques et/ou leurs effets ;</line></par>
</text>
</block>
<block><region><rect/></region>
<text>
<par/>
</text>
</block>







</page>
<page width="1661" height="2351" resolution="201">
<block><region><rect/></region>
<text>
<par>
<line>11.</line></par>
</text>
</block>
<block><region><rect/></region>
<text>
<par>
<line>- les démolitions, qu’il convient de réglementer :</line></par>
<par>
<line>. d’une part, s’assurer que le bâtiment à démolir ne</line>
<line>constitue pas, en lui-même un soutènement pour un</line>
<line>secteur de stabilité précaire ;</line></par>
<par>
<line>. d’autre part, veiller a ce que les travaux de démo¬</line>
<line>lition ne provoquent pas de perturbations dans le</line>
<line>site (dépôts de gravats, écoulement des eaux,</line>
<line>etc ... ) ;</line></par>
<par>
<line>- les drainages, qui devront être raccordés</line>
<line>obligatoirement au réseau d’assainissement existant.</line>
<line>Si cela s’avère impossible, l’évacuation des eaux</line>
<line>collectées doit être conçue de façon à ce que</line>
<line>l’exutoire ne se situe pas dans une zone à risques.</line></par>
<par>
<line>Les zones B</line></par>
</text>
</block>
<block><region><rect/></region>
<text>
<par>
<line>Les terrains inclus dans ce type de zone sont exposés à</line>
<line>des risques moindres et sont concernés par la possibi¬</line>
<line>lité d’apparition de glissements pelliculaires ou d’ex¬</line>
<line>tension moins importantes que dans les zones A.</line></par>
<par>
<line>Les facteurs d’incertitude quant à la stabilité des</line>
<line>sols (nature géologique et pentes généralement compri¬</line>
<line>ses entre 10 et 20%) rendent l’occupation et</line>
<line>l’utilisation des sols possibles à condition de faire</line>
<line>l’objet de mesures confortâtives et d'un examen géolo¬</line>
<line>gique ou géotechnique préalable au cas par cas.</line></par>
<par>
<line>Notamment les constructeurs devront prendre toutes les</line>
<line>mesures techniques nécessaires pour garantir la stabi¬</line>
<line>lité du bâtiment et du site pendant les travaux Cpro</line>
<line>tection des terrassements).</line></par>
<par>
<line>Il conviendra par ailleurs :</line></par>
<par>
<line>- de limiter au minimum les mouvements de terre ;</line></par>
<par>
<line>- de réaliser des travaux de confortement des talus,</line>
<line>même provisoires;</line></par>
<par>
<line>- d’adapter les constructions aux contraintes du site ;</line></par>
<par>
<line>- de collecter et d’évacuer les eaux, quelles que</line>
<line>soient leur nature et leur provenance, hors des zones</line>
<line>à risques par des dispositifs étanches.</line></par>
</text>
</block>
<block><region><rect/></region>
<text>
<par>
<line>VI PORTEE DU PERIMETRE DE RISQUES (ARTICLE R 111-3 DU CODE DE</line></par>
<par>
<line>L’URBANISME)</line></par>
<par>
<line>L’article R 111-3 du Code de l’Urbanisme s’applique aux</line>
<line>constructions qu’elles soient soumises à permis de cons¬</line>
<line>truire ou à déclaration préalable ainsi qu’aux lotisse¬</line>
<line>ments et dans certains cas à l’aménagement de terrains</line>
<line>pour l’accueil de campeurs, caravanes et habitations légè¬</line>
<line>res de loi sirs.</line></par>
</text>
</block>
<block><region><rect/></region>
<text>
<par/>
</text>
</block>








</page>
<page width="1661" height="2351" resolution="201">
<block><region><rect/></region>
<text>
<par>
<line>Les périmètres de risques (R ni-3) restent en vigueur en</line>
<line>présence d’un P.O.S. opposable aux tiers. Il s’agit d’un</line>
<line>article dit "d'ordre public" du Règlement National</line>
<line>d'Urbanisme.</line></par>
<par>
<line>En cas de forte divergence, il est souhaitable que le</line>
<line>P.O.S., par modification ou révision, soit mis en confor¬</line>
<line>mité avec le périmètre à risques.</line></par>
</text>
</block>



</page>
</PM1>