<?xml version="1.0" encoding="UTF-8"?><PM1>
<page width="2521" height="3534" resolution="300">
<block><region><rect/></region>
<text>
<par>
<line>Liberté • Égalité • Fraternité</line></par>
<par>
<line>République Française</line></par>
<par>
<line>PREFECTURE DE L’ESSONNE</line></par>
</text>
</block>
<block><region><rect/></region>
<text>
<par>
<line>DIRECTION DES COLLECTIVITES LOCALES</line>
<line>Bureau des relations avec les collectivités locales</line>
<line>Expropriations et servitudes</line></par>
</text>
</block>
<block><region><rect/></region>
<text>
<par>
<line>ARRÊTÉ</line></par>
</text>
</block>
<block><region><rect/></region>
<text>
<par>
<line>n° 2003-PREF.DÇL/ Q ?? 7 5 du 20 OCI 2003</line></par>
<par>
<line>portant approbation du Plan de Prévention des Risques d’inondation</line>
<line>de la Vallée de la Seine dans le département de l’Essonne.</line></par>
</text>
</block>
<block><region><rect/></region>
<text>
<par>
<line>LE PREFET DE L’ESSONNE,</line>
<line>Officier de la Légion d'Honneur,</line></par>
</text>
</block>
<block><region><rect/></region>
<text>
<par>
<line>VU le code de l'expropriation pour cause d'utilité publique et notamment les articles R. 11-4 à</line>
<line>R.11-14;</line></par>
<par>
<line>VU le code de l’urbanisme et notamment les articles L. 126-1, L. 421-3 l®’’ alinéa et L. 480-4 ;</line></par>
<par>
<line>VU le code de l’environnement et notamment les articles L. 214-1 à L. 214-6, L.561-1 à</line>
<line>L.561-5, L.562-1 àL.562-9, L.563-1 et L.563-2 ;</line></par>
<par>
<line>VU le code de la construction et de l’habitation et notamment l’article R. 126-1 ;</line></par>
<par>
<line>VU le code général des collectivités territoriales et notamment l’article L. 2212-2-5“"® ;</line></par>
<par>
<line>VU la loi n° 82-213 du 2 mars 1982 modifiée relative aux droits et libertés des communes,</line>
<line>des départements et des régions ;</line></par>
<par>
<line>VU la loi n° 87-565 du 22 juillet 1987 modifiée relative à l’organisation de la sécurité civile,</line>
<line>à la protection de la forêt contre l’incendie et à la prévention des risques majeurs ;</line></par>
<par>
<line>VU la loi n° 92-3 du 3 janvier 1992 modifiée sur l’eau ;</line></par>
<par>
<line>VU la loi n° 95-101 du 2 février 1995 relative au renforcement de la protection de</line>
<line>l’environnement ;</line></par>
<par>
<line>VU la loi n° 2003-699 du 30 juillet 2003 relative à la prévention des risques technologiques et</line>
<line>naturels et à la réparation des dommages ;</line></par>
</text>
</block>


</page>
<page width="2492" height="3513" resolution="300">
<block><region><rect/></region>
<text>
<par>
<line>-9.</line></par>
</text>
</block>
<block><region><rect/></region>
<text>
<par>
<line>VU le décret n° 82-389 du 10 mai 1982 modifié relatif aux pouvoirs des préfets et à l'action</line>
<line>des ser\dces et organismes publics de l'Etat dans les départements ;</line></par>
<par>
<line>VU le décret n° 90-918 du 11 octobre 1990 modifié, relatif à l’exercice du droit à</line>
<line>l’information sur les risques majeurs ;</line></par>
<par>
<line>VU le décret n° 95-1089 du 5 octobre 1995 relatif aux plans de prévention des risques</line>
<line>naturels prévisibles et notamment l’article 7 ,</line></par>
<par>
<line>VU la circulaire du 24 janvier 1994 relative au renforcement de la politique en matière de</line>
<line>risques ;</line></par>
<par>
<line>VU la circulaire du 24 avril 1996 relative aux dispositions applicables au bâti et ouvrages</line>
<line>existants en zones inondables ;</line></par>
<par>
<line>VU l’arrêté préfectoral n° 96-1856 du 14 mai 1996 prescrivant l’établissement d’un Plan de</line>
<line>Prévention des Risques d’inondation (PPRI) sur le territoire des communes d’Athis-Mons,</line>
<line>Corbeil-Essormes, Draveil, Etiolles, Evry, Grigny, Juvisy-sur-Orge, Le Coudray-Montceaux,</line>
<line>Montgeron, Morsang-sur-Seine, Ris-Orangis, Saint-Germain-les-Corbeil, Saint-Pierre-du-</line>
<line>Perray, Saintry-sur-Seine, Soisy-sur-Seine, Savigny-sur-Orge, Vigneux-sur-Seine et Viry-</line>
<line>Châtillon, de la Vallée de la Seine dans le département de l’Essonne ;</line></par>
<par>
<line>VU l’arrêté préfectoral n° 2000/DDE/STEPE/0255 du 8 novembre 2000 portant application</line>
<line>anticipée d’un plan de prévention des risques naturels prévisibles d’inondation de la Vallée de</line>
<line>la Seine dans le département de l’Essonne ;</line></par>
<par>
<line>\'TJ l’arrêté n° 2003-PREF.DCL/0151 du 30 a\'ril 2003 portant ouverture de l’enquête</line>
<line>publique préalable à l’approbation du plan de prévention des risques d’inondation de la vallée</line>
<line>de la Seine dans le département de l’Essonne ;</line></par>
<par>
<line>VU les résultats de l’enquête publique qui s’est déroulée du lundi 26 mai au vendredi 4 juillet</line>
<line>2003 inclus à la préfecture de l’Essonne et sur le territoire des communes d’Athis-Mons,</line>
<line>Corbeil-Essonnes, Draveil, Etiolles, Evry, Grigny, Juvisy-sur-Orge, Le Coudray-Montceaux,</line>
<line>Montgeron, Morsang-sur-Seine, Ris-Orangis, Saint-Germain-les-Corbeil, Saint-Pierre-du-</line>
<line>Perray, Saintry-sur-Seine, Soisy-sur-Seine, Savigny-sur-Orge, Vhgneux-sur-Seine et Viry-</line>
<line>Châtillon ;</line></par>
<par>
<line>VU le rapport, les conclusions et l’avis favorable assorti des recommandations et de</line>
<line>propositions rendus par la commission d'enquête le 8 août 2003 ;</line></par>
<par>
<line>VU les modifications apportées au projet de plan de prévention des risques d’inondation de la</line>
<line>vallée de la Seine pour tenir compte notamment des recommandations et des propositions de</line>
<line>la commission d’enquête ;</line></par>
<par>
<line>Sur proposition du secrétaire général de la préfecture,</line></par>
</text>
</block>
</page>
<page width="2515" height="3529" resolution="300">
<block><region><rect/></region>
<text>
<par>
<line>ARRÊTE</line></par>
</text>
</block>
<block><region><rect/></region>
<text>
<par>
<line>ARTICLE</line></par>
</text>
</block>
<block><region><rect/></region>
<text>
<par>
<line>ARTICLE 2 :</line></par>
</text>
</block>
<block><region><rect/></region>
<text>
<par>
<line>ARTICLE 3 ;</line></par>
</text>
</block>
<block><region><rect/></region>
<text>
<par>
<line>ARTICLE 4 ;</line></par>
</text>
</block>
<block><region><rect/></region>
<text>
<par>
<line>ARTICLE 5 :</line></par>
</text>
</block>
<block><region><rect/></region>
<text>
<par>
<line>: Le Plan de Prévention des Risques dTnondation de la Vallée de la Seine</line>
<line>dans le département de l’Essonne, annexé au présent arrêté, et comportant</line>
<line>un rapport de présentation, un règlement, une carte des zones réglementaires</line>
<line>au 1/10 000®'"® et une carte des aléas au 1/10 000®”'®, est approuvé.</line></par>
<par>
<line>Le Plan de Prévention des Risques d’inondation de la Vallée de la Seine</line>
<line>dans le département de l’Essonne approuvé sera tenu à la disposition du</line>
<line>public à la préfecture d’Evry, à la Direction Départementale de</line>
<line>l’Equipement de l’Essonne et dans chacune des dix-huit communes</line>
<line>susvisées.</line></par>
<par>
<line>Le présent arrêté sera affiché pendant un mois minimum dans toutes les</line>
<line>mairies concernées et à la préfecture de l’Essonne. Il sera publié en</line>
<line>caractères apparents dans les journaux à diffusion locale suivants :</line>
<line>« Le Parisien », « Le Républicain ».</line></par>
<par>
<line>Le Plan de Prévention des Risques d’inondation de la Vallée de la Seine</line>
<line>dans le département de l’Essonne approuvé vaut servitude d’utilité publique.</line>
<line>Il devra figurer en annexe au Plan Local d’Urbanisme des communes</line>
<line>concernées dans un délai de trois mois, conformément à l’article L. 126-1 du</line>
<line>code de l’urbanisme.</line></par>
<par>
<line>- Le secrétaire général de la préfecture de l’Essonne,</line></par>
<par>
<line>- Le sous-préfet de l’arrondissement d’Evry,</line></par>
<par>
<line>- Le sous-préfet de l’arrondissement de Palaiseau,</line></par>
<par>
<line>- Les maires des communes d’Athis-Mons, Corbeil-Essonnes, Draveil,</line>
<line>Etiolles, Evry, Grigny, Juvisy-sur-Orge, Le Coudray-Montceaux,</line>
<line>Montgeron, Morsang-sur-Seine, Ris-Orangis, Saint-Germain-les-Corbeil,</line>
<line>Saint-Pierre-du-Perray, Saintry-sur-Seine, Soisy-sur-Seine, Savigny-sur-</line>
<line>Orge, Vigneux-sur-Seine et Viry-Châtillon,</line></par>
<par>
<line>- Le président de la Communauté d’Agglomération Sénart-Val de Seine,</line></par>
<par>
<line>- Le président de la Communauté d’Agglomération Seine-Essonne,</line></par>
<par>
<line>- Le président de la Communauté d’Agglomération Evry-Courcouronnes-</line>
<line>Bondoufle-Lisses,</line></par>
<par>
<line>- La présidente de la Communauté de Communes des Portes de l’Essonne,</line></par>
<par>
<line>- Le président du Syndicat d’Agglomération Nouvelle de Sénart-en-</line>
<line>Essonne,</line></par>
<par>
<line>- Le Directeur Départemental de l’Equipement,</line></par>
<par>
<line>- Le Directeur Départemental de l’Agriculture et de la Forêt,</line></par>
<par>
<line>- Le Directeur de Cabinet (SID PC),</line></par>
<par>
<line>- Le Directeur du Service de la Navigation de la Seine,</line></par>
<par>
<line>- Le conservateur des hypothèques.</line></par>
</text>
</block>





</page>
<page width="2523" height="3535" resolution="300">
<block><region><rect/></region>
<text>
<par>
<line>-4-</line></par>
</text>
</block>
<block><region><rect/></region>
<text>
<par>
<line>sont chargés, chacun en ce qui le concerne, de l'exécution du présent arrêté qui sera inséré au</line>
<line>Recueil des Actes Administratifs de la Préfecture de l’Essonne et dont copie sera adressée à :</line></par>
</text>
</block>
<block><region><rect/></region>
<text>
<par>
<line>- Monsieur le Directeur Régional de l’Environnement,</line></par>
<par>
<line>- Monsieur le Directeur Régional de l’Equipement,</line></par>
<par>
<line>Monsieur le Directeur Ré^onal de l’Industrie, de la Recherche et de</line>
<line>l’Environnement d’Ee-de-France,</line></par>
<par>
<line>- Monsieur le Président du Conseil Général de l’Essonne,</line></par>
<par>
<line>- Monsieur le Président de l’A.C.E.P.S. (Association des Communes de</line>
<line>l’Essonne Proches de la Seine),</line></par>
<par>
<line>- Monsieur le Directeur des Services Fiscaux de l’Essonne,</line></par>
<par>
<line>- Monsieur le Président de l’Union des Maires de l’Essonne,</line></par>
<par>
<line>- Monsieur le Chef du Service Départemental d’incendie et de Secours,</line>
<line>Monsieur le Président du Conseil Régional d’Ile-de-France,</line></par>
<par>
<line>- Monsieur le Préfet de Région d’Ile-de-France.</line></par>
</text>
</block>
<block><region><rect/></region>
<text>
<par>
<line>Le Préfet,</line></par>
</text>
</block>
</page>
</PM1>