<?xml version="1.0" encoding="UTF-8"?><PM1>
<page width="2479" height="3508" resolution="300">
<block><region><rect/></region>
<text>
<par>
<line>mm</line></par>
<par>
<line>Liberté « Egalité ■ Erafernité</line></par>
<par>
<line>république Française</line>
<line>PRÉFET DE LA CORRÈZE</line></par>
<par>
<line>ARRÊTÉ n° 201^- 086-0001</line></par>
<par>
<line>portant approbation de la modification, snr les communes d'Objat et de Saint-Aulaire, du plan de</line>
<line>prévention du risque naturel prévisible d'inondation (PPRi) du bassin de la Vézère</line></par>
</text>
</block>
<block><region><rect/></region>
<text>
<par>
<line>Le préfet de la Corrèze</line></par>
<par>
<line>Chevalier de l'ordre national du Mérite,</line></par>
</text>
</block>
<block><region><rect/></region>
<text>
<par>
<line>Vu le code de l'environnement, notamment les articles L.562-1 à L.562-9 et les articles R.562-1 à</line>
<line>R.562-10-2 ;</line></par>
<par>
<line>Vu le code de l'urbanisme ;</line></par>
<par>
<line>Vu le code des assurances, notamment les articles L. 125-1 et suivants ;</line></par>
<par>
<line>Vu l'arrêté préfectoral du 29 août 2002 d'approbation du pian de prévention du risque naturel</line>
<line>prévisible d'inondation sur le bassin versant de la rivière Vézère ;</line></par>
<par>
<line>Vu l’arrêté préfectoral n° 2013 - 347-0001 du 13 décembre 2013 portant prescription d’une</line>
<line>modification du plan de prévention du risque naturel prévisible d’inondation (PPRi) du bassin de la</line>
<line>Vézère ;</line></par>
<par>
<line>Vu l’avis favorable du conseil municipal de Saint-Aulaire du 26 janvier 2014 ;</line></par>
<par>
<line>Vu l’avis favorable du conseil municipal d’Objat du 21 janvier 2014 ;</line></par>
<par>
<line>Vu l’avis favorable avec réserves du syndicat d’études du bassin de Brive du 29 janvier 2014</line>
<line>(compétence SCoT sud Corrèze) ;</line></par>
<par>
<line>Vu les résultats de la mise à disposition du public qui s’est déroulée du jeudi 30 janvier 2014 au</line>
<line>samedi T*' mai's 2014 inclus dans les communes concernées d’Objat et de Saint-Aulaire, en</line>
<line>application des articles L.562-4-1 et R.562-10-2 du code de l’environnement ;</line></par>
<par>
<line>Sur proposition de Monsieur le directeur départemental des territoires de la Corrèze ;</line></par>
</text>
</block>
<block><region><rect/></region>
<text>
<par>
<line>ARRÊTE</line></par>
</text>
</block>
<block><region><rect/></region>
<text>
<par>
<line>Article 1 ;</line></par>
<par>
<line>La modification du plan de prévention du risque naturel prévisible d'inondation (PPRi) du bassin de</line>
<line>la Vézère ci-amiexée est approuvée conformément aux articles L.562-4-1 et R.562-10-2 du code de</line></par>
</text>
</block>
<block><region><rect/></region>
<text>
<par>
<line>cité administrative Jean Montalat, place Martial Brigouleix - BP 314 - 19011 Tulle cedex</line></par>
</text>
</block>

</page>
<page width="1661" height="2351" resolution="201">
<block><region><rect/></region>
<text>
<par>
<line>l’environnement. Elle concerne un secteur du territoire des communes d'Objat et de Saint-Aulaire</line>
<line>au lieu dit Bridai.</line></par>
<par>
<line>Article 2 :</line></par>
<par>
<line>Le dossier de modification du plan de prévention du risque naturel prévisible d’inondation du bassin</line>
<line>de la Vézère comporte les pièces suivantes :</line></par>
<par>
<line>— Une note de présentation, comportant le bilan de la concertation. Cette note complète le</line>
<line>dossier du PPRi du bassin de la Vézère approuvé le 29 août 2002.</line></par>
<par>
<line>— Les cartes du zonage réglementaire modifié de la commune d’Objat et de la commune de</line>
<line>Saint-Aulaire. Ces cartes modifiées annulent et remplacent les cartes du zonage réglementaire des</line>
<line>communes d’Objat et de Saint-Aulaire figurant dans le dossier du PPRi approuvé le 29 août 2002.</line></par>
<par>
<line>Article 3</line></par>
<par>
<line>Le présent airêté et le dossier de modification qui lui est annexé sont tenus à disposition du public</line>
<line>aux jours et heures habituels d’ouverture des bureaux :</line></par>
<par>
<line>— à la mairie d’Objat,</line></par>
<par>
<line>— à la mairie de Saint-Aulaire,</line></par>
<par>
<line>— au siège du syndicat d'études du bassin de Brive,</line></par>
<par>
<line>— à la préfecture de la Coirèze,</line></par>
<par>
<line>— à la sous-préfecture de l'arrondissement de Brive.</line></par>
<par>
<line>Article 4 :</line></par>
<par>
<line>En application de l’article L.562-4 du code de l’enviromiement, le plan de prévention du risque</line>
<line>naturel prévisible d’inondation du bassin de la Vézère modifié sur les communes d’Objat et de</line>
<line>Saint-Aulaire vaut servitude d’utilité publique.</line></par>
<par>
<line>A ce titre, en application de l’article L.126-1 du code de l’urbanisme, il doit être annexé au plan</line>
<line>local d’urbanisme, lorsque la conumme en est dotée. Un arrêté du maire constatera qu’il a été</line>
<line>procédé à la mise à joui' du plan local d’urbanisme. A défaut d’accomplissement de cette formalité</line>
<line>dans le délai de trois mois à compter de la mise en demeure prévue à l’article R. 123-22 du code de</line>
<line>rurbanisme, il y sera procédé d’office par andté préfectoral.</line></par>
<par>
<line>Article 5 :</line></par>
<par>
<line>Le présent an'êté sera publié au recueil des actes administratifs de l’État dans le département de la</line>
<line>Corrèze et une mention en sera faite dans un journal diffusé dans le département.</line></par>
<par>
<line>Une copie du présent airêté sera affichée pendant un mois au moins :</line></par>
<par>
<line>- à la mairie d’Objat,</line></par>
<par>
<line>- à la mairie de Saint-Aulaire,</line></par>
<par>
<line>- au siège du syndicat d’études du bassin de Brive.</line></par>
<par>
<line>Article 6 :</line></par>
<par>
<line>Copie du présent arrêté sera adressée :</line></par>
<par>
<line>- au directeur des services du cabinet du préfet de la Corrèze,</line></par>
<par>
<line>- au sous-préfet de l’aiTondissement de Brive,</line></par>
<par>
<line>- au directeur général de la prévention des risques du ministère de l’écologie, du</line>
<line>développement durable et de l’énergie,</line></par>
<par>
<line>- à la direction régionale de l'enviromiement, de l'aménagement et du logement du Limousin,</line></par>
<par>
<line>- à la direction départementale des tenitoires de la Coinèze.</line></par>
</text>
</block>
</page>
<page width="1672" height="2358" resolution="201">
<block><region><rect/></region>
<text>
<par>
<line>Article 7 :</line></par>
<par>
<line>Le présent arrêté poun-a faire l’objet, dans le délai de deux mois à compter de la date la plus tardive</line>
<line>des mesures de publicité prévues à l'article 5, d'un recours administratif auprès du Préfet de la</line>
<line>Conèze ou d’un recours hiérarchique auprès du Ministre de l’écologie, du développement durable</line>
<line>et de l’énergie dans le même délai.</line></par>
<par>
<line>Il peut également faire l’objet d'un recours contentieux auprès du tribunal administratif de Limoges,</line>
<line>soit directement en l’absence de recours administratif préalable dans le délai de deux mois à</line>
<line>compter de la date la plus tardive des mesures de publicité prévues à l’article 5, soit à l'issue d'un</line>
<line>recours préalable dans les deux mois à compter de la date de notification de la réponse obtenue de</line>
<line>l'administration ou au ternie d'un silence gardé par celle-ci à l'issue du délai de deux mois à compter</line>
<line>de la réception du recours administratif</line></par>
<par>
<line>Article 8 ;</line></par>
<par>
<line>Madame le secrétaire général de la préfecture, Monsieur le sous-préfet de Brive, Madame le</line>
<line>directeur des services du cabinet du préfet, Monsieur le maire d’Objat, Monsieur le maire de Saint-</line>
<line>Aulaire, Madame la présidente du SEBB et Monsieur le directeur départemental des territoires sont</line>
<line>chargés chacun en ce qui les concerne de l'exécution du présent arrêté.</line></par>
</text>
</block>
<block><region><rect/></region>
<text>
<par>
<line>Fait à Tulle, le J J MURS ZflÜ</line></par>
</text>
</block>
<block><region><rect/></region>
<text>
<par>
<line>Le préfet</line></par>
<par>
<line>Lidui t U</line>
<line>BmnoDELSOL</line></par>
</text>
</block>
</page>
<page width="1661" height="2351" resolution="201">
</page>
<page width="826" height="1169" resolution="100">
<block><region><rect/></region>
<text>
<par>
<line>* igalHé » fréMTtuv</line></par>
<par>
<line>I£fvbliqu6 Française</line>
<line>PRÉFCT DE LA CORRÈZE</line></par>
</text>
</block>
<block><region><rect/></region>
<text>
<par>
<line>PLAN DE PRÉVENTION DU RISQUE NATUREL</line>
<line>INONDATION (P.P.R.I) DU BASSIN DE LA VÉZÈRE</line></par>
</text>
</block>
<block><region><rect/></region>
<text>
<par>
<line>Modification</line></par>
<par>
<line>du PPRi du bassin de la Vézère</line>
<line>sur un secteur des communes d'Objat et Saint-Aulaire</line></par>
</text>
</block>
<block><region><rect/></region>
<text>
<par>
<line>Note de présentation</line></par>
</text>
</block>
<block><region><rect/></region>
<text>
<par>
<line>Prescription paraircté préfectoral du 13 décembre 2013</line>
<line>Approbation par arrêté préfectoral du</line></par>
</text>
</block>
<block><region><rect/></region>
<text>
<par>
<line>V . .UC àllficlî</line></par>
<par>
<line>à M.Tîrç sncrs em dare de</line>
<line>ce |Ou;</line></par>
<par>
<line>XÜLL&amp; lc2 7 MRS ZflU</line>
<line>Ce Ptèf«,</line></par>
</text>
</block>
<block><region><rect/></region>
<text>
<par>
<line>ModifîcaJion réalisée en application des articles L562’4^l.</line>
<line>R.S62-J0-I et R.562-ÏQ-2 du code de l'environnement</line></par>
</text>
</block>
<block><region><rect/></region>
<text>
<par>
<line>UiuiwJ</line>
<line>Bruno DELSOL</line></par>
</text>
</block>
<block><region><rect/></region>
<text>
<par>
<line>Mars 2014</line></par>
</text>
</block>






</page>
<page width="826" height="1169" resolution="100">
<block><region><rect/></region>
<text>
<par>
<line>Sommaire</line></par>
<par>
<line>Préambule.3</line></par>
<par>
<line>L’origine de la procédure de modiftcation engagée :.3</line></par>
<par>
<line>1 - La procédure de modification du PPRi.3</line></par>
<par>
<line>2 - Le PPRi du bassin de la Vézère.5</line></par>
<par>
<line>3 - La modification du PPRi sur le territoire des communes d’Objat et Saiat-</line></par>
<par>
<line>Aulairc.5</line></par>
<par>
<line>3-1 — Le périmètre de la modification-..-..5</line></par>
<par>
<line>3-2 - Justification de la modification.6</line></par>
<par>
<line>1) - Erreur de topographie concernant les communes d'Objat et de Saint-</line></par>
<par>
<line>Aulaire :.6</line></par>
<par>
<line>2) — Erreur de report de la zone rouge concernant la commune de Saint-</line></par>
<par>
<line>Aulaire :.6</line></par>
<par>
<line>3-3 - Détail de la modification</line></par>
<par>
<line>La cartographie du zonage réglementaire .  7</line></par>
<par>
<line>Extrait de l*état actuel du zonage du PPRi et de Pétat futur du zonage après</line>
<line>modification :.B</line></par>
<par>
<line>4 - Justification du recours à la procédure de modification pour rectifier les</line></par>
<par>
<line>erreurs décrites ci-dessus.9</line></par>
<par>
<line>5 — Déroulement de la procédure.9</line></par>
<par>
<line>5-1 — Concertation et association des communes et EPCI concernés :.9</line></par>
<par>
<line>5-2 - Concertation avec la population :.10</line></par>
<par>
<line>5-3 — Consultations réglementaires sur le projet de modification du PPRi</line>
<line>5-4 — Mise à disposition du public du projet de modification du PPRi du</line></par>
<par>
<line>bassin de la Vézère :.........—.10</line></par>
<par>
<line>Déroulement de la mise à disposition.10</line></par>
<par>
<line>Résultat de la mise à disposition.10</line></par>
<par>
<line>6 - Approbation de la modification du PPRi du bassin de la Vézère.10</line></par>
<par>
<line>7 - Bilan de la concertation...-.11</line></par>
<par>
<line>Concertation avec les coUcetivîtes territoriales et les services concernés..! 1</line>
<line>Concertation avec la population.11</line></par>
</text>
</block>
<block><region><rect/></region>
<text>
<par>
<line>Mars 2014</line></par>
</text>
</block>
<block><region><rect/></region>
<text>
<par>
<line>2/12</line></par>
</text>
</block>























</page>
<page width="826" height="1169" resolution="100">
<block><region><rect/></region>
<text>
<par>
<line>Préambule</line></par>
</text>
</block>
<block><region><rect/></region>
<text>
<par>
<line>L’êlaborarion du plan de prévention du risque naturel prévisible d’inondarion (PPRi) du bassin de la</line>
<line>Vézère a été prescrit par arrêté préfectoral du 24 juillet 2000. A l'issue de la procédure</line>
<line>réglementaire, le PPRi a été approuvé par arrêté préfectoral du 29 août 2002.</line></par>
<par>
<line>Après un constat, d’une part, d’une erreur matérielle de topographie sur un secteur concernant les</line>
<line>communes d'Objat et Saint-Aulairc, d’autre part, d’une erreur matérielle de report de la zone rouge</line>
<line>entre la carte générale du zonage réglementaire et la carte du zonage réglementaire de la commune</line>
<line>de Saint-Aulairc, la modification du PPRi sur ce secteur a été presaite par arrêté préfectoral du</line>
<line>13 décembre 2013 (copie J ointe au dossier de modification).</line></par>
<par>
<line>Q convient de noter que l’&amp;itorité environnementale consultée en application des articles R, 122-17-1</line>
<line>et R. 122-18-1 du code de Toivironnement a précisé, par arrêté préfectoral n® 2013/186 du</line>
<line>5 décembre 2013, que le projet de modification du PPRi du bassin de la Vézère n’est pas soumis à</line>
<line>évaluation eovironnementale.</line></par>
<par>
<line>Lde h procédure de modification :</line></par>
<par>
<line>Des erreurs matérielles de délimitation de la zone inondable et de report de la zone rouge ont été</line>
<line>relevées au droit de la zone d’activités de Bridai sur le lenitoire des communes d’Objat et de Sainl-</line>
<line>Aulaire.</line></par>
</text>
</block>
<block><region><rect/><rect/><rect/><rect/><rect/></region>
<text>
<par>
<line>Ainsi, la présente procédure de modification du PPRi du bassin de la Vézérc porte sur la</line>
<line>rectification de ces crTeuR^malérieUes (jui ne concernent qu’un secteur très limité.</line></par>
<par>
<line>Secteur où les eneurs ont été</line>
<line>constatées (périmètre concerné</line>
<line>par la modification).</line></par>
</text>
</block>
<block><region><rect/></region>
<text>
<par/>
</text>
</block>
<block><region><rect/></region>
<text>
<par>
<line>EjOfOll à9 righ'mr : r..' ji; .</line></par>
</text>
</block>
<block><region><rect/></region>
<text>
<par>
<line>1- La procédure de modincation du PPRi</line></par>
<par>
<line>(cf. annexe l - articles du code de l'environnement correspondants)</line></par>
<par>
<line>L’article L.562-4-1 II du code de l’environnement (issu de la loi n° 2010-788 du 12 juillet 2010)</line>
<line>prévoit qu 'un plan de prévention des risques naturels prévisibles peut être modifié. Cette procédure</line>
<line>peut être utilisée à condition qu’il ne soit pas porté atteinte à l'éconornie générale du plan.</line></par>
<par>
<line>L'article R.562-10-1 du code de l’environneracni (issu du décret n° 20U-765 du 28 Juin 2011)</line>
<line>précise que la procédure de modification peut être utilisée notamment pour :</line></par>
<par>
<line>a) rectifier une erreur matérielle ;</line></par>
<par>
<line>b) modifier un élément mineur du règlement ou de la note de présentation ;</line></par>
<par>
<line>c) modifier les documents graphiques délimitant les zones pour prendre en compte un changement</line>
<line>dans les circonstance de fait.</line></par>
</text>
</block>
<block><region><rect/></region>
<text>
<par>
<line>Mars 2014</line></par>
</text>
</block>
<block><region><rect/></region>
<text>
<par>
<line>3/12</line></par>
</text>
</block>

</page>
<page width="826" height="1169" resolution="100">
<block><region><rect/></region>
<text>
<par>
<line>L’article R, 562-10-2 décrit le déroulement de la procédure.</line>
<line>Schéma de la procédure :</line></par>
</text>
</block>
<block><region><rect/></region>
<text>
<par>
<line>AsAlyse de la modification à réaliser</line></par>
</text>
</block>
<block><region><rect/><rect/></region>
<text>
<par>
<line>Évaluaiion eavironnemeoinle :</line>
<line>PréseDiation pour examen au cas par</line>
<line>Délai de réponse : 2 mois</line></par>
</text>
</block>
<block><region><rect/></region>
<text>
<par>
<line>Arrêté préfecforal de prescription de la</line>
<line>modification 4[ui doit :</line></par>
<par>
<line>• préciser Fc^içei de la rrtodificuton,</line></par>
<par>
<line>• déftnir les modaJhés de la eoncenanon ci</line>
<line>de l’tssocUuon des communes et EPCI</line>
<line>concanés, iodiquer s une evaluanon</line>
<line>envrrotuimenude ea nécessaire,</line></par>
<par>
<line>• iadrquer les Uem et heures où le public</line>
<line>pourra consuller le dos^er et faire des</line>
<line>obsavadoQS.</line></par>
</text>
</block>
<block><region><rect/><rect/><rect/></region>
<text>
<par>
<line>- offiehage tn m/3àru et au siégii de l'EPCI</line>
<line>eotnpétefri en élobo^ation de doetàmeni</line>
<line>d’urbanisme (de h petteription jusqu 'à lajat de ù</line>
<line>mise â disposition du publicj.</line></par>
<par>
<line>* pub/tcafion dans unjpumat djfusd dans le</line>
<line>d^sariâBteni 8 Jours au nuuns avav le dèb\àS de la</line>
<line>mise a disposition du public.</line></par>
</text>
</block>
<block><region><rect/></region>
<text>
<par>
<line>OUJ</line></par>
</text>
</block>
<block><region><rect/></region>
<text>
<par>
<line>Consulations régJeoienUires :</line></par>
<par>
<line>- conseils muoicipaux concernés,</line></par>
<par>
<line>• EPCI compétent en élaboration de</line>
<line>documeni d'urbanisme.</line></par>
<par>
<line>(SUT k périmètre coocemé uoiquemenO</line>
<line>. Chambre d'agriculture et CNPF si le</line>
<line>projet concerne des terrains agricoles</line>
<line>ou forestiers.</line></par>
</text>
</block>
<block><region><rect/></region>
<text>
<par>
<line>Délai de réponse : 2 mois</line></par>
</text>
</block>
<block><region><rect/></region>
<text>
<par>
<line>Dossier de modincanon ; ^</line></par>
<par>
<line>- pn^et de modification</line>
<line>(documents r^Jementair^),</line></par>
<par>
<line>- exposé des motifs (mte</line></par>
<par>
<line>explicative). j</line></par>
</text>
</block>
<block><region><rect/><rect/></region>
<text>
<par>
<line>Si évaluation</line>
<line>covironnementale.</line>
<line>jouter:</line></par>
<par>
<line>2 mois de réalisation</line>
<line>de l'évaluation et 3</line>
<line>mots de consultation</line></par>
<par>
<line>de fauterité</line></par>
<par>
<line>SUT</line></par>
<par>
<line>ceUe-m avant la mise k</line>
<line>digwsilioo dp pmiet</line></par>
</text>
</block>
<block><region><rect/></region>
<text>
<par>
<line>Mise à disposition du projet de modification ckj</line>
<line>PPR (y compris avis autorité eirrironnementak</line>
<line>ei avis des personnes consultées)</line>
<line>avec un registre de recueil des observations.</line></par>
<par>
<line>Durée ! 1 mois</line></par>
</text>
</block>
<block><region><rect/></region>
<text>
<par>
<line>Arrêté préfeclorel d'approballoa (après</line>
<line>examen des avis et observations et modification</line>
<line>éventuelle du dossier)</line></par>
</text>
</block>
<block><region><rect/></region>
<text>
<par>
<line>Mesures de publicité :</line></par>
<par>
<line>. mention dans un Journal diffusé dar» le département.</line></par>
<par>
<line>- mention au RAA de l'État darvt k dépanement.</line></par>
<par>
<line>- affiubage pendant un mois en mairies et au siège des EPCI</line></par>
<par>
<line>en document (Turbanigme cogeeraés.</line></par>
</text>
</block>
<block><region><rect/></region>
<text>
<par>
<line>Mise à jour PLU</line>
<line>s’il y a lieu</line></par>
</text>
</block>
<block><region><rect/></region>
<text>
<par>
<line>Mars 2014</line></par>
</text>
</block>
<block><region><rect/></region>
<text>
<par>
<line>4/12</line></par>
</text>
</block>

























</page>
<page width="826" height="1169" resolution="100">
<block><region><rect/></region>
<text>
<par>
<line>2“ Le PPRi du bassin de la Vézère</line></par>
<par>
<line>L’élaboration &lt;hj plan de prévention du risque naturel d’inondation (PPRi) du bassin de la Vézère a</line>
<line>été prescrit par arrêté préfectoral du 24 jtillet 2000 sur un territoire de 20 communes : Uzerche,</line>
<line>Saint-Ybard, Espartignac, Vigeois, Orgnac-sur-Vézèrc, Estivaux, Saint-Solve, Vouiezac, Objat,</line>
<line>Saint-Auiaire, Aüassac, Donzenac, Saint-Viancc, Ussac, Varetz, Sainî-PantaJéoa-de-Larche, Larcbe,</line>
<line>Mansac, Cublac et Saint-Cemin-de-Larche. fl concerne la prévention du risque lié au débordement</line>
<line>des cours d'eau la Vézère et ses affluents (cf- liste ci-dessous).</line></par>
<par>
<line>A Vissue de la procédure réglementaire, il a été approuvé par arrêté préfectoral du 29 août 2002.</line></par>
</text>
</block>
<block><region><rect/></region>
<text>
<par>
<line>En respect des circulaires ministérielles en matière d'élaboration de PPRi, le territoire couvert est</line>
<line>déterminé par la limite de débordement de la Vézère et ses affluents, la Logne, la Couze, le Clan, le</line>
<line>Maumont et la Loyre, pour la crue historique la plus forte connue ou la crue centenaale lorsque la</line>
<line>crue historique connue est moins importante que celîe-ci- Ainsi, les crues de réferences retenues</line>
<line>pour le bassin de U Vézère sont :</line></par>
</text>
</block>
<block blockType="Table" blockName="" l="79" t="405" r="757" b="511"><region><rect/></region>
<row>
<cell width="340" height="28">
<text>
<par>
<line>Crue de référence</line></par>
</text></cell>
<cell width="338" height="28">
<text>
<par>
<line>Cours d'eau</line></par>
</text></cell></row>
<row>
<cell width="340" height="25">
<text>
<par>
<line>La cme d’octobre I960</line></par>
</text></cell>
<cell width="338" height="25">
<text>
<par>
<line>la Vézére, la Couze, la Logne et le Maumont</line></par>
</text></cell></row>
<row>
<cell width="340" height="26">
<text>
<par>
<line>La crue d'août 1963</line></par>
</text></cell>
<cell width="338" height="26">
<text>
<par>
<line>le Clan,</line></par>
</text></cell></row>
<row>
<cell width="340" height="27">
<text>
<par>
<line>La crue centeonale</line></par>
</text></cell>
<cell width="338" height="27">
<text>
<par>
<line>la Loyre (plus forte que les crues de 1963 et 1960)</line></par>
</text></cell></row>
</block>
<block><region><rect/></region>
<text>
<par>
<line>3- La modificatioD du PPRi sur le territoire des communes d’Objat</line>
<line>et Saint-Aulaire</line></par>
</text>
</block>
<block><region><rect/></region>
<text>
<par>
<line>i-i - Le périmètre de la modification</line></par>
<par>
<line>L'arrêté préfectoral du 13 décembre 2013, a prescrit la modification du PPRi du bassin de la Vézère</line>
<line>sur un périmètre circonscrit au secteur ou la modification est à réaliser pour corriger les erreurs</line>
<line>matérielles.</line></par>
</text>
</block>
<block><region><rect/></region>
<text>
<par/>
</text>
</block>
<block><region><rect/></region>
<text>
<par/>
</text>
</block>
<block><region><rect/></region>
<text>
<par>
<line>O</line></par>
</text>
</block>
<block><region><rect/></region>
<text>
<par>
<line>O</line></par>
</text>
</block>
<block><region><rect/></region>
<text>
<par/>
</text>
</block>
<block><region><rect/></region>
<text>
<par/>
</text>
</block>
<block><region><rect/></region>
<text>
<par>
<line>m</line></par>
</text>
</block>
<block><region><rect/></region>
<text>
<par>
<line>aîaf-Âulairc *</line></par>
</text>
</block>
<block><region><rect/></region>
<text>
<par>
<line>O</line></par>
</text>
</block>
<block><region><rect/><rect/></region>
<text>
<par/>
</text>
</block>
<block><region><rect/></region>
<text>
<par>
<line>Périmètre de la modification</line></par>
</text>
</block>
<block><region><rect/></region>
<text>
<par>
<line>Mars 2014</line></par>
</text>
</block>
<block><region><rect/></region>
<text>
<par>
<line>5/12</line></par>
</text>
</block>









<block blockType="Picture" blockName="" l="256" t="750" r="299" b="767"><region><rect/></region>
</block>
</page>
<page width="826" height="1169" resolution="100">
<block><region><rect/></region>
<text>
<par>
<line>3~2 — Justification de la modification</line></par>
<par>
<line>/) - Errêut de topographie concer/tanf les communes d’Obiat et de SamMuiairt :</line></par>
<par>
<line>La commune d'Objat a été informée d’un projet de développement dWe activité économique de</line>
<line>transformation du bois implantée dans la zone d'activités de Bridai en limite de la zone rouge,</line>
<line>inconstructible, du PPRi du bassin de la Vézère.</line></par>
<par>
<line>Le conseil municipal d'Objat a fait réaliser une étude hydraulique ponctuelle sur le secteur concerné</line>
<line>par ce projet afin d'apprécier les éventuelles possibilités d'extension de la zone d'activité.</line></par>
<par>
<line>Grâce à un relevé topogrtqjhique précis, cette étude a mis en évidence une erreur de délimitation de</line>
<line>la zone inondable sur le terrain jouxtant l'entreprise de transformation du bois. Au vu de raltimétrie</line>
<line>du terrain et de U cote dHnon&lt;li&gt;ilité fixée par le PPRi pour ce secteur, la zone inondable est moins</line>
<line>importante que cartographiée.</line></par>
<par>
<line>Le maire d'Objat a sollicité, par courrier du 8 novembre 2012, la modification du PPRi en vue de</line>
<line>rectifier cette erreur.</line></par>
<par>
<line>Une partie des parcelles concernées se situe sur le territoire de la commune de Saint-Aulaire. Le</line>
<line>conseil municipal de cette commune a également sollicité la modification du PPRi par délibération</line>
<line>du 15 mars 2013.</line></par>
</text>
</block>
<block><region><rect/></region>
<text>
<par>
<line>Secteur concOTé par</line>
<line>l'erreur de topographie.</line></par>
</text>
</block>
<block><region><rect/></region>
<text>
<par>
<line>'4 ^</line></par>
</text>
</block>
<block><region><rect/></region>
<text>
<par>
<line>114.25</line></par>
</text>
</block>
<block><region><rect/></region>
<text>
<par>
<line>'t</line></par>
</text>
</block>
<block><region><rect/></region>
<text>
<par/>
</text>
</block>
<block><region><rect/></region>
<text>
<par/>
</text>
</block>
<block><region><rect/></region>
<text>
<par/>
</text>
</block>
<block><region><rect/></region>
<text>
<par/>
</text>
</block>
<block><region><rect/></region>
<text>
<par/>
</text>
</block>
<block><region><rect/></region>
<text>
<par/>
</text>
</block>
<block><region><rect/></region>
<text>
<par/>
</text>
</block>
<block><region><rect/></region>
<text>
<par>
<line>St-Aulaire</line></par>
</text>
</block>
<block><region><rect/></region>
<text>
<par/>
</text>
</block>
<block><region><rect/></region>
<text>
<par>
<line>lU.CO</line></par>
</text>
</block>
<block><region><rect/></region>
<text>
<par>
<line>Obfl!</line></par>
</text>
</block>
<block><region><rect/><rect/></region>
<text>
<par/>
</text>
</block>
<block><region><rect/></region>
<text>
<par/>
</text>
</block>
<block><region><rect/></region>
<text>
<par>
<line>1</line></par>
</text>
</block>
<block><region><rect/></region>
<text>
<par/>
</text>
</block>
<block><region><rect/></region>
<text>
<par/>
</text>
</block>
<block><region><rect/></region>
<text>
<par/>
</text>
</block>
<block><region><rect/></region>
<text>
<par/>
</text>
</block>
<block><region><rect/></region>
<text>
<par/>
</text>
</block>
<block><region><rect/></region>
<text>
<par/>
</text>
</block>
<block><region><rect/></region>
<text>
<par/>
</text>
</block>
<block><region><rect/></region>
<text>
<par>
<line>•4</line></par>
</text>
</block>
<block><region><rect/></region>
<text>
<par>
<line>'S :</line></par>
</text>
</block>
<block><region><rect/></region>
<text>
<par>
<line>V-</line></par>
</text>
</block>
<block><region><rect/></region>
<text>
<par>
<line>. J</line></par>
</text>
</block>
<block><region><rect/></region>
<text>
<par>
<line>/</line></par>
</text>
</block>
<block><region><rect/></region>
<text>
<par>
<line>113.80</line></par>
</text>
</block>
<block><region><rect/></region>
<text>
<par/>
</text>
</block>
<block><region><rect/></region>
<text>
<par>
<line>/.</line></par>
</text>
</block>
<block><region><rect/></region>
<text>
<par>
<line>/ fi</line></par>
</text>
</block>
<block><region><rect/></region>
<text>
<par>
<line>/</line></par>
</text>
</block>
<block><region><rect/></region>
<text>
<par>
<line>11360</line></par>
</text>
</block>
<block><region><rect/></region>
<text>
<par>
<line>BÙOrlhûtkllGfi</line></par>
</text>
</block>
<block><region><rect/></region>
<text>
<par>
<line>extrait PPRi du basai» de ta ^cère • Objat</line></par>
</text>
</block>
<block><region><rect/></region>
<text>
<par>
<line>2i - Erreur de report de la zone roufe concentûM la cotnmtme de SamUAuiaire :</line></par>
<par>
<line>Des travaux de suppression des méandres de la Loyre ont été réalisés au début des années 1980. Le</line>
<line>tracé du cours d'eau a été modifié au droit du secteur disant l'objet de reneur de délimitation de la</line>
<line>zone inondable constatée (cf extrait de la photographie aérienne ci-dessus).</line></par>
<par>
<line>Le tracé d'origine de la Loyre fait limite, encore à ce jour, des communes d'Objat et de Saint-</line>
<line>Aulaire.</line></par>
<par>
<line>Lors de rélaboration du PPRi, le cadastre de Saint-Aulaire ne comportait pas le nouveau tracé du</line></par>
</text>
</block>
<block><region><rect/></region>
<text>
<par>
<line>Mars 2014</line></par>
</text>
</block>
<block><region><rect/></region>
<text>
<par>
<line>6/12</line></par>
</text>
</block>





















</page>
<page width="826" height="1169" resolution="100">
<block><region><rect/></region>
<text>
<par>
<line>cours d^eau. Cfici a généré, au droit de la zone concernée par l'erreur visée ci-dessus, un mauvais</line>
<line>report de la rouge du PPRi entre !e plan de zonage réglementaire global (sur tout le bassin) et le</line>
<line>plan du zonage réglementaire de cette commune. La zone rouge est représentée stir le cadastre de</line>
<line>Saint-Aulaire, à tort, jusqu'à l'ancieD tracé du cours d'eau ( qui constitue la limite communale).</line></par>
</text>
</block>
<block><region><rect/></region>
<text>
<par>
<line>Erreur de report de la zone rouge :</line></par>
</text>
</block>
<block><region><rect/></region>
<text>
<par/>
</text>
</block>
<block><region><rect/></region>
<text>
<par/>
</text>
</block>
<block><region><rect/></region>
<text>
<par>
<line>O</line></par>
</text>
</block>
<block><region><rect/></region>
<text>
<par>
<line>O</line></par>
</text>
</block>
<block><region><rect/></region>
<text>
<par>
<line>a</line></par>
</text>
</block>
<block><region><rect/></region>
<text>
<par>
<line>O</line></par>
</text>
</block>
<block><region><rect/></region>
<text>
<par/>
</text>
</block>
<block><region><rect/></region>
<text>
<par>
<line>%</line></par>
</text>
</block>
<block><region><rect/></region>
<text>
<par/>
</text>
</block>
<block><region><rect/></region>
<text>
<par/>
</text>
</block>
<block><region><rect/></region>
<text>
<par/>
</text>
</block>
<block><region><rect/></region>
<text>
<par>
<line>hI</line></par>
</text>
</block>
<block><region><rect/></region>
<text>
<par>
<line>Uy-</line></par>
</text>
</block>
<block><region><rect/></region>
<text>
<par/>
</text>
</block>
<block><region><rect/></region>
<text>
<par/>
</text>
</block>
<block><region><rect/></region>
<text>
<par>
<line>/;</line></par>
</text>
</block>
<block><region><rect/></region>
<text>
<par/>
</text>
</block>
<block><region><rect/></region>
<text>
<par/>
</text>
</block>
<block><region><rect/></region>
<text>
<par>
<line>Exinu zont^e rtglemfnioirr sur le etsdastrt</line>
<line>&lt;ie Scurti-AMiaiff</line></par>
</text>
</block>
<block><region><rect/></region>
<text>
<par>
<line>Extrais lonage riglem£nhsir£ j urjüiui US Siion .J</line></par>
</text>
</block>
<block><region><rect/></region>
<text>
<par>
<line>S‘3 - Détail de la modification :</line></par>
<par>
<line>La modification ne porte que sur le plan de zonage réglementaire des communes d'Objat et de</line>
<line>Saint-Aulaire. Seules l'emprise de la zone rouge et la limite de la zone inondable sont modifiées.</line>
<line>Tout autre élément du PPRi du bassin de la Vézère approuvé reste inchangé (compte tenu de la</line>
<line>^ble emprise géographique, ni la carte de l'aléa, ni la carte du zonage réglementaire général ne</line>
<line>sont corrigées).</line></par>
</text>
</block>
<block><region><rect/></region>
<text>
<par>
<line>La cariofraphie du lonage réfiêmêMatre :</line></par>
<par>
<line>Le plan zona^ réglementaire du PPRi correspond au croisemeit entre les enjeux du territoire et la</line>
<line>carto^uphie de l'aléa. Cette dernière rqsrésente la zone inondable selon la qualification de l'aléa</line>
<line>(fort, moyen ou faible) en fonction des vitesses d'écoulement et des hauteurs d'eau pour la crue de</line>
<line>référence.</line></par>
<par>
<line>Le plan de zonage réglementaire est donc modifié pour tenir compte à la fois :</line></par>
<par>
<line>— de rerreur de topographie qui montre qu'une partie classé en zone rouge par le PPRi</line>
<line>approuvé en 2002 n'est, de fait, pas située &amp;i zone inondable (environ 8000 m^}</line></par>
<par>
<line>et</line></par>
<par>
<line>— de l'erreur de report entre le plan de zonage réglem&amp;iiaire général et celui de la commune de</line>
<line>Saint-Aulaiie (cene dernière ne constituant pas de changement de la superficie de la zone</line>
<line>rouge mais une simple correction d'erreur de report cartographique).</line></par>
</text>
</block>
<block><region><rect/></region>
<text>
<par>
<line>Mars 2014</line></par>
</text>
</block>
<block><region><rect/></region>
<text>
<par>
<line>7/12</line></par>
</text>
</block>

















<block blockType="Picture" blockName="" l="259" t="341" r="275" b="393"><region><rect/></region>
</block>
</page>
<page width="826" height="1169" resolution="100">
<block><region><rect/><rect/></region>
<text>
<par>
<line>Extrait de Vétai actuel du zoitaft du PPRi</line></par>
<par>
<line>Comnmne de Saint-Aulaife :</line></par>
</text>
</block>
<block><region><rect/></region>
<text>
<par>
<line>Extrait du PPRi approuvé le 29/0B/2O02</line></par>
</text>
</block>
<block><region><rect/><rect/><rect/></region>
<text>
<par>
<line>Extrait du PPRi aurès modification</line></par>
<par>
<line>H . ^ ^</line></par>
</text>
</block>
<block><region><rect/></region>
<text>
<par>
<line>O</line></par>
</text>
</block>
<block><region><rect/></region>
<text>
<par>
<line>et</line></par>
</text>
</block>
<block><region><rect/></region>
<text>
<par/>
</text>
</block>
<block><region><rect/></region>
<text>
<par>
<line>U3</line></par>
</text>
</block>
<block><region><rect/></region>
<text>
<par/>
</text>
</block>
<block><region><rect/></region>
<text>
<par>
<line>Q</line></par>
</text>
</block>
<block><region><rect/></region>
<text>
<par>
<line>O</line></par>
</text>
</block>
<block><region><rect/></region>
<text>
<par/>
</text>
</block>
<block><region><rect/></region>
<text>
<par/>
</text>
</block>
<block><region><rect/></region>
<text>
<par/>
</text>
</block>
<block><region><rect/></region>
<text>
<par/>
</text>
</block>
<block><region><rect/></region>
<text>
<par>
<line>'•a</line></par>
</text>
</block>
<block><region><rect/></region>
<text>
<par>
<line>/</line></par>
</text>
</block>
<block><region><rect/></region>
<text>
<par>
<line>l ^</line></par>
</text>
</block>
<block><region><rect/></region>
<text>
<par>
<line>O</line></par>
</text>
</block>
<block><region><rect/></region>
<text>
<par>
<line>CD</line></par>
</text>
</block>
<block><region><rect/></region>
<text>
<par>
<line>X</line></par>
</text>
</block>
<block><region><rect/></region>
<text>
<par>
<line>eo</line></par>
</text>
</block>
<block><region><rect/></region>
<text>
<par/>
</text>
</block>
<block><region><rect/></region>
<text>
<par/>
</text>
</block>
<block><region><rect/></region>
<text>
<par>
<line>.r</line></par>
</text>
</block>
<block><region><rect/></region>
<text>
<par>
<line>O</line></par>
</text>
</block>
<block><region><rect/></region>
<text>
<par>
<line>O</line></par>
</text>
</block>
<block><region><rect/></region>
<text>
<par>
<line>CD</line></par>
</text>
</block>
<block><region><rect/></region>
<text>
<par>
<line>r&gt;</line></par>
</text>
</block>
<block><region><rect/></region>
<text>
<par/>
</text>
</block>
<block><region><rect/></region>
<text>
<par/>
</text>
</block>
<block><region><rect/></region>
<text>
<par/>
</text>
</block>
<block><region><rect/></region>
<text>
<par>
<line>t</line></par>
</text>
</block>
<block><region><rect/></region>
<text>
<par>
<line>O</line></par>
</text>
</block>
<block><region><rect/></region>
<text>
<par/>
</text>
</block>
<block><region><rect/></region>
<text>
<par>
<line>O</line></par>
</text>
</block>
<block><region><rect/></region>
<text>
<par/>
</text>
</block>
<block><region><rect/></region>
<text>
<par>
<line>en</line></par>
</text>
</block>
<block><region><rect/></region>
<text>
<par>
<line>La zone rouge du PPRi figurant sur le plan cadastral de la commune de Saint-Aulaire est modifié</line>
<line>pour corriger l'erreur de report entre la carte générale du zonage ré^ementaire du PPRi du bassin</line>
<line>de la Vézère et la carte du zonage réglementaire de la commune de Saint&gt;Aulaire.</line></par>
</text>
</block>
<block><region><rect/></region>
<text>
<par>
<line>Coinnuine d'Obiat :</line></par>
<par>
<line>Extrait du PPRi approuvé le 29/08/2002</line></par>
</text>
</block>
<block><region><rect/><rect/><rect/></region>
<text>
<par>
<line>Extrait du PPRi après modification</line>
<line>: 11425 I</line></par>
</text>
</block>
<block><region><rect/></region>
<text>
<par/>
</text>
</block>
<block><region><rect/></region>
<text>
<par>
<line>114^5</line></par>
</text>
</block>
<block><region><rect/></region>
<text>
<par/>
</text>
</block>
<block><region><rect/></region>
<text>
<par>
<line>U</line></par>
</text>
</block>
<block><region><rect/></region>
<text>
<par/>
</text>
</block>
<block><region><rect/></region>
<text>
<par>
<line>\\</line></par>
</text>
</block>
<block><region><rect/></region>
<text>
<par/>
</text>
</block>
<block><region><rect/></region>
<text>
<par>
<line>v/</line></par>
</text>
</block>
<block><region><rect/></region>
<text>
<par/>
</text>
</block>
<block><region><rect/></region>
<text>
<par>
<line>M 114.00</line></par>
</text>
</block>
<block><region><rect/></region>
<text>
<par>
<line>114.00</line></par>
</text>
</block>
<block><region><rect/></region>
<text>
<par/>
</text>
</block>
<block><region><rect/></region>
<text>
<par>
<line>113.80</line></par>
</text>
</block>
<block><region><rect/></region>
<text>
<par>
<line>113.80</line></par>
</text>
</block>
<block><region><rect/></region>
<text>
<par>
<line>é</line></par>
</text>
</block>
<block><region><rect/></region>
<text>
<par>
<line>11360</line></par>
</text>
</block>
<block><region><rect/></region>
<text>
<par>
<line>113 60</line></par>
</text>
</block>
<block><region><rect/></region>
<text>
<par>
<line>La carte du zonage réglemeiiaire de la commune d'Objai modifiée corrige l’emprise de la zone</line>
<line>inondable et donc ici l'emprise de la zone rouge. Celle-ci se trouve légèrement diminuée (environ</line>
<line>8000 m*).</line></par>
</text>
</block>
<block><region><rect/></region>
<text>
<par>
<line>Mars 2014</line></par>
</text>
</block>
<block><region><rect/></region>
<text>
<par>
<line>6/12</line></par>
</text>
</block>





















































<block blockType="Picture" blockName="" l="242" t="373" r="260" b="405"><region><rect/></region>
</block>
<block blockType="Picture" blockName="" l="275" t="308" r="294" b="367"><region><rect/></region>
</block>
</page>
<page width="826" height="1169" resolution="100">
<block><region><rect/></region>
<text>
<par>
<line>f'ue d'ensemble de ces modiftcations sur fond cadastral des deux communes (source bd pwelhire</line>
<line>IGNj :</line></par>
</text>
</block>
<block><region><rect/></region>
<text>
<par/>
</text>
</block>
<block><region><rect/></region>
<text>
<par/>
</text>
</block>
<block><region><rect/></region>
<text>
<par/>
</text>
</block>
<block><region><rect/></region>
<text>
<par/>
</text>
</block>
<block><region><rect/></region>
<text>
<par/>
</text>
</block>
<block><region><rect/></region>
<text>
<par>
<line>^ &lt;</line></par>
</text>
</block>
<block><region><rect/></region>
<text>
<par>
<line>4- Justification du recours à la procédure de modificatiOD pour</line>
<line>rectifier les erreurs décrites ci-dessus</line></par>
<par>
<line>Non atteinte à Téconomie générale du plan :</line></par>
<par>
<line>La sirperfide soustraite à la zone inondable relative au constat d'erreur de topographie ne concerne</line>
<line>que 8000 environ pour une superficie totale de zone inondable, pour la i^e de réference, de</line>
<line>l'ordre de 26 km’, sur le bassin couvert par le PPRi.</line></par>
<par>
<line>Le secteur où l'erTeur a été constatée concerne la zone rouge, inconstructible du PPRi. Cette zone se</line>
<line>trouve donc diminuée d'une superficie de l'ordre de 8 000 m^.</line></par>
<par>
<line>L'erreur de report entre la carte du zonage réglementaire établis sur fond IGN scan 25 et la carte du</line>
<line>zonage réglementaire établie sur le plan cadastral de la commune de Saint'Aulaire est sans</line>
<line>incidence sur la zone inondable couverte par le PPRi.</line></par>
<par>
<line>Ainsi, les motiis du recours à la procédure de modification sont bien la correction d'erreurs</line>
<line>matérielles. A ce titre. Us répondent aux principes prévus par l'article R 562*10&gt;1 a) du code de</line>
<line>renvironnement (cf. article en annexe 1).</line></par>
</text>
</block>
<block><region><rect/></region>
<text>
<par>
<line>5- Déroulement de la procédure</line></par>
<par>
<line>5-i - Concertation et association des communes et EPCI concernés :</line></par>
<par>
<line>Après la prescription de la modification ponctuelle du PPRi du bassin de la Vczcrc concernant les</line>
<line>communes d'Objat et de Saint&gt;Au)aire. rassociation des élus des deux communes et du SEBB</line>
<line>(syndicat d’études du bassin de Brive - compétttit pour le SCoT sud Corrèze) s’est fait au travers</line>
<line>d’une réunion de présentation du projet le 8 Janvier 2014.</line></par>
<par>
<line>Des rencontres préalables avaient eu lieu avec les élus des communes d’Objat et de Saint*Aulaire.</line></par>
</text>
</block>
<block><region><rect/></region>
<text>
<par>
<line>Mars 2014</line></par>
</text>
</block>
<block><region><rect/></region>
<text>
<par>
<line>9/12</line></par>
</text>
</block>
</page>
<page width="826" height="1169" resolution="100">
<block><region><rect/></region>
<text>
<par>
<line>5-2 — Concertation avec fa population :</line></par>
<par>
<line>Aita que la population soit informée et qu'elle puisse faire connaître ses observations sur le projet</line>
<line>de modification du PPRi. le dossier du projet de modification du PPRi a été déposé en mairies après</line>
<line>la réunion avec les collectivités concernées, visée ci-dessus, avec à disposition un cahier destiné au</line>
<line>recueil des questions et observations éventuelles.</line></par>
<par>
<line>En même temps, ime information a été publiée sur le site internet de l'État en Corrèze</line>
<line>http://?^ww.correze.pouv.fr/.</line></par>
<par>
<line>5-5 — Consultations réglementaires sur le projet de modification du PPRi :</line></par>
<par>
<line>En application de T article R-562-7 du code de l'environnement, le projet de modification du PPRi a</line>
<line>été soumis à l'avis des conseils municipaux de Saint-Aulaire et d'Objat ainsi qu'à l'avis du conseil</line>
<line>syndical du SEBB (syndicat compétrat en élaboration de SCoT).</line></par>
<par>
<line>Les avis ainsi recueillis sont globalement favorables. Hs ont été joints au dossier mis à disposition</line>
<line>du public en mûries d'Objat et de Saint-Aulaire.</line></par>
<par>
<line>5“4 - Mise à disposition du public du projet de modification du PPRi du bassin de</line>
<line>la Vézère :</line></par>
<par>
<line>Déroutement de ta mise à disposition</line></par>
<par>
<line>En application de ranêté préfectoral, du B décembre 2013, de prescription de la modiOcation du</line>
<line>PPRi du bassin de la Vézère, le dossier a été mis à disposition du public pendant un mois du 30</line>
<line>janvier 2014 au B mars 2014 inclus, en mairies d'Objat et de Saint-Aulaire. 11 était également</line>
<line>consultable en préfecture de la Corrèze à Tulle et en sous-prcfectuie de rarrondissement de Brive.</line></par>
<par>
<line>Cet anêté préfectoral doit être publié dans un journal diffusé dans le d^artemeni au moins 8 jours</line>
<line>avant le débirt de la mise à disposition du public et aifidié en marries et au siège des EPCI</line>
<line>compétents en élaboration de documents d'urbanisme concernés dans les même délai et p&gt;endant</line>
<line>toute la durée de la mise à disposiciois (article R.562-10-2 du code de rravîronnement).</line></par>
<par>
<line>Ainsi, l'arreté préfectoral de prescription de la modiOcation, mentionnant les dates et lieux où le</line>
<line>dossier était mis à disposition du public, a été publié dans le journal La Montagne le jeudi 9 janvier</line>
<line>2014.</line></par>
<par>
<line>n a été affiché en mairie d'Objat du 20 janvier 2014 au 11 mars 2014 et en mairie de Saint-Aulaire</line>
<line>du 20 janvier 2014 au 3 mars 2014 et au siège du SEBB du 17 janvier 2014 au 3 mars 2014.</line></par>
<par>
<line>Résultat de ta mise à disposition</line></par>
<par>
<line>La mise à disposition du public s'est déroulée comme prevu par raneté préfectoral du 13 décembre</line>
<line>2013. Ce dossier n'a doitné Heu à aucune remarque ou observation du public pendant la mise à</line>
<line>di^sidon du dossier présentant le projet de modification du PPRi du bassin de la Vézère,</line></par>
</text>
</block>
<block><region><rect/></region>
<text>
<par>
<line>6-Approbation de la niodillcatioo du PPRi du bassin de la Vézère</line></par>
<par>
<line>Au vu des avis, globalement favorables, reçus des collectivités territoriales et compte tenu de</line>
<line>l'absence d'observation de la part du public pendant la phase de mise à disposition du projet de</line>
<line>modificadon, la modification du PPRi du bassin de la Vézère concernant la correction d'erreurs</line>
<line>maicricUes peut être approuvée par arrêté préfectoral.</line></par>
</text>
</block>
<block><region><rect/></region>
<text>
<par>
<line>Mars 2014</line></par>
</text>
</block>
<block><region><rect/></region>
<text>
<par>
<line>10/12</line></par>
</text>
</block>



</page>
<page width="826" height="1169" resolution="100">
<block><region><rect/></region>
<text>
<par>
<line>7 — Bilan de la concertation</line></par>
</text>
</block>
<block><region><rect/></region>
<text>
<par>
<line>ConcêrtaHon axtc te coUeetivités terriiorialêA et ies serviea eoneerma</line></par>
<par>
<line>L'origine de la procédure de modification étant constituée par un constat d'erreur issue d’une étude</line>
<line>hydraulique réalisée sous maîtrise d'ouvrage de la commune d'Objat, la modification du PPRi du</line>
<line>bassin de la Vézère a été conduite en conctttation et en association des rqjrésentanis des communes</line>
<line>d'Objat et de Sainl-Aulaire.</line></par>
<par>
<line>Le SEBB et les services de l’Etat concernés ont été mfonnés au cours de la réunion d’association</line>
<line>qui s’est tenue le 8 janvier 2014. Le projet de modification o'a pas appelé de remarque.</line></par>
</text>
</block>
<block><region><rect/></region>
<text>
<par>
<line>CoHCtrretiûn avêc ta population</line></par>
<par>
<line>Dans le cadre de la concertation, après la réunion du 8 janvier 2014 de présentation aux élus</line>
<line>concernés, le dossier du projet de modification a été déposé en mairies avec un cahier de recueil des</line>
<line>observations et publié sur le site intonei de l'Etat ea Corrèze avec mention de l’adresse où les</line>
<line>observations ou proposition poitvaient être fonnulées.</line></par>
</text>
</block>
<block><region><rect/></region>
<text>
<par>
<line>nji^i PttÉcAm nrniiiri i ■iiaiart n</line></par>
</text>
</block>
<block><region><rect/></region>
<text>
<par>
<line>a3</line></par>
</text>
</block>
<block><region><rect/></region>
<text>
<par>
<line>— mmmn »b — PPRlVsTfrra</line></par>
</text>
</block>
<block><region><rect/></region>
<text>
<par/>
</text>
</block>
<block><region><rect/></region>
<text>
<par/>
</text>
</block>
<block><region><rect/></region>
<text>
<par/>
</text>
</block>
<block><region><rect/></region>
<text>
<par>
<line>QaewOBn</line></par>
</text>
</block>
<block><region><rect/></region>
<text>
<par>
<line>Ainsi, ies personnes intéressées ont pu en prendre connaissance.</line></par>
<par>
<line>Aucune observation ou proposition n’a été recueillie dans ce cadre ni en mairie ni à U direction</line>
<line>départementale des territoires.</line></par>
</text>
</block>
<block><region><rect/></region>
<text>
<par>
<line>Mars 2014</line></par>
</text>
</block>
<block><region><rect/></region>
<text>
<par>
<line>nJ12</line></par>
</text>
</block>






















<block blockType="Picture" blockName="" l="194" t="556" r="313" b="567"><region><rect/></region>
</block>
<block blockType="Picture" blockName="" l="391" t="403" r="444" b="429"><region><rect/></region>
</block>
</page>
<page width="826" height="1169" resolution="100">
<block><region><rect/></region>
<text>
<par>
<line>AsDeKe 1</line></par>
</text>
</block>
<block><region><rect/></region>
<text>
<par>
<line>Articles du code de I*environnement relatifs à la procédure de modification des</line>
<line>plans de prévention des risques naturels prévisibles.</line></par>
</text>
</block>
<block><region><rect/></region>
<text>
<par>
<line>ArricU L562-4-1</line></par>
<par>
<line>Oéépar l.i'iltr A-, !2 lUilL-r :&gt;in‘ • jri ^22</line></par>
<par>
<line>I. — L« plan de prévention des risques naturels prévisibles peut être révisé selon les formes de son</line>
<line>élaboradoQ. Toutefois, lorsque la révision ne porte que sur une partie du territoire couvert par le plan, la</line>
<line>coDCCTîâtioû, les consultations et l'enquête publique menlionflécs à l'article L. S62-3 sont effectuées dans les</line>
<line>seules communes sur le territoire desquelles la révision est prescrite.</line></par>
<par>
<line>II. — Le plan de prévention des risques naturels prévisibles peut également être modifié. La procédure de</line>
<line>modificaiion est utilisée à condition que la modifîcadon envisagée ne porte pas atteinte à l'économie générale</line>
<line>du plan. Le dernier alinéa de l'article L. 562-3 n'est pas applicable i la modifîcation. Aux lieu et place de</line>
<line>l'enquête publique, le projet de modification et Texposé de ses motifs sont panés i U connaissance du public</line>
<line>en vue de permettre à ce dernier de formuler des observations pendant le délai d'un mois précédant</line>
<line>l'approbation par le préfet de la modification.</line></par>
</text>
</block>
<block><region><rect/></region>
<text>
<par>
<line>Article R562-1D-I</line></par>
<par>
<line>Créé par Décre; n^20U‘'6S du IS ht in 2011 • art, l</line></par>
<par>
<line>Le plan de prét ention des risques naturels prévisibles peut être modifié à condition que la modification</line>
<line>envisagée ne porte pas atteinte à l’économie générale du plan. La procédure de modification peut notamment</line>
<line>être utilisée pour :</line></par>
<par>
<line>a) Rectifier une erreur matérielle ;</line></par>
<par>
<line>b) Modifier un élément mineur du réglement ou de la note de présentation ;</line></par>
<par>
<line>c) Modifier les documents graphiques délimitant Ie$ zones mentionnées aux l*’ et 2*^ du fl de l'article L. 562-</line>
<line>]j pour prendre en compte un changement dans les drconstances de fait.</line></par>
</text>
</block>
<block><region><rect/></region>
<text>
<par>
<line>Article RS62-10-2</line></par>
<par>
<line>Créé par Décret ri'201/-5 du 2S intn 2l)ll • nrl !</line></par>
<par>
<line>I. — La modification est prescrite par un arrêté préfectoral. Cet arrêté précise l'objet de la modification,</line>
<line>définit les modalités de la concertation et de l'association des communes et des établissements publics de</line>
<line>coopération inieroommunale concernés, et indique le lieu â le heures où le public pourra consulter le</line>
<line>dossier et formuler des observations. Cet anété est publié en caractères apparents dans un Joumai diffusé</line>
<line>dans le département et affidié Han»; diaque mairie et au siège de chaque établissement public de coc^ration</line>
<line>intercommuDale compétent pour l'élaboration des documents d'urbanisme sur le tenitoire desquels le plan est</line>
<line>applicable. L'arrêté est publié huit jours au moins avant le début de la mise à dispotiiion du public et affiché</line>
<line>dans le même délai et pendant toute la durée de la mise à disposition.</line></par>
<par>
<line>IL — Seuls sont associés les communes et les établissements publics de coopération intercommunale</line>
<line>concernés et la concertation et les consultations sont effectuées dans les seules communes sur le territoire</line>
<line>desquelles la modification est prescrite. Le projet de rnodificatlon et l'exposé de scs motifs sont mis â la</line>
<line>disposition du public en mairie des communes concernées. Le public peut formuler ses observations dans un</line>
<line>registre ouvat à cet effet.</line></par>
<par>
<line>111.— La modification est approuvée par un arrêté préfectoral qui fait l’objet d'une publicité et d'un affichage</line>
<line>dans les conditions prévues au premier alinéa de l'aiticle R, 562"9.</line></par>
</text>
</block>
<block><region><rect/></region>
<text>
<par>
<line>Mars 2014</line></par>
</text>
</block>
<block><region><rect/></region>
<text>
<par>
<line>12/12</line></par>
</text>
</block>






</page>
<page width="826" height="1169" resolution="100">
<block><region><rect/><rect/></region>
<text>
<par>
<line>Likt'U • ijtlM • traltraitw</line></par>
<par>
<line>R&amp;ruBUC^ji Français</line></par>
</text>
</block>
<block><region><rect/></region>
<text>
<par>
<line>PRÉFET DE LA CORRÈZE</line></par>
</text>
</block>
<block><region><rect/></region>
<text>
<par>
<line>ARRÊTÉ n*» 2013- 34</line></par>
<par>
<line>pûitzmt prescription d'une modification du plan de prévention du risque naturel pr6^^ble</line></par>
<par>
<line>d’inondation (PPRi) du bassin de la Vfaère</line></par>
</text>
</block>
<block><region><rect/></region>
<text>
<par>
<line>Le préfet de la Corrèze</line></par>
<par>
<line>Chevalier de l'ordre national du Mérite,</line></par>
</text>
</block>
<block><region><rect/></region>
<text>
<par>
<line>Vu le code de renvironoement, notamment les articles L,562-1 à L.S62'7 et les articles R.S62-1 À</line>
<line>R.562-10-2;</line></par>
<par>
<line>Vu le code de l'oibanisme ;</line></par>
<par>
<line>Vu le code des assurances, notamment les articles L. 125-1 et suivants ;</line></par>
<par>
<line>Vu l’anêté préfectoral du 29 août 2002 d’approbation du plan de prévention du risque naturel</line>
<line>prévisible dHnoûâation sur le bassin versant de la rivière Vézère ;</line></par>
<par>
<line>Vu r arrêté préfecloral 2013-186 du S décembre 2013 ri-annexé indiquant que le projet de</line>
<line>modification du plan de prévaition du risque naturel prévisible d’inondation sur ie bassin versant de</line>
<line>la rhdère Vézère n’est pas soumis à évaluation aivironnementale ;</line></par>
<par>
<line>Considérant qu’une oreur matêridle de délünitation de In zone inondable au droit de la zone</line>
<line>d'activités de Bridai située sur le territoire des communes d’Objat et de Saint-Aulaire, a été portée à</line>
<line>la connaissance des services de l'Etat par la mairie d'Objat après un relevé topographique précis ;</line></par>
<par>
<line>Considérant que la rectification de cette erreur matérielle ne porte pas ntleinle à l'économie générale</line>
<line>du plan (modification concernant une sur&amp;ce de l'ordre de 8000 pour une surface couverte par le</line>
<line>PPRi de l’ordre de 26 km*) et qu'il peut, de ce fart, être feil application de la procédure de</line>
<line>modification décrite par les articles K. 562-10-1 et R.562-10-2 du code de l'environnement ;</line></par>
<par>
<line>Sur proposition de Monsieur le directeur départemental des territoires de la Corrèze ;</line></par>
</text>
</block>
<block><region><rect/></region>
<text>
<par>
<line>ARRÊTE</line></par>
</text>
</block>
<block><region><rect/></region>
<text>
<par>
<line>Article I :</line></par>
<par>
<line>Une modificatioa du plan de preventiou du risque naturel prévisible d’inondation du bassin de la</line>
<line>Vézère est prescrite sur le périmètre concerné par l'erreur constatée sur le territoire des communes</line>
<line>d'Objat et de Sainî-Aulaire.</line></par>
<par>
<line>L'objet de c^te modification est (a rectification de rerrctir matérielle de délimilalion de 1a zone</line></par>
</text>
</block>
<block><region><rect/></region>
<text>
<par>
<line>eitâ «dmlnfstiatR^ Jean Morualol, p^s Maniai Brioouteii - SF - UOU Tulle Cedex</line></par>
</text>
</block>




</page>
<page width="826" height="1169" resolution="100">
<block><region><rect/></region>
<text>
<par>
<line>inondsbk sur I0 dcx^umeot cartographique réglementaire des communes d*Objat et de 5amt*Au1aiie</line>
<line>(zonage léglementaiie).</line></par>
<par>
<line>Article 2 :</line></par>
<par>
<line>Le périmètre de la modification, figurant sur la carte J ointe au présent atrèli, concerne le secteur où</line>
<line>des éléments factuels ont permis de constater l’erreur matérielle au droit de la rivière Loyre.</line></par>
<par>
<line>Articles :</line></par>
<par>
<line>La érection départemsnlale des territoires de la Conèze est chargée dlnsLruire la procédure de</line>
<line>modification du PPRi sus-visée, sous l’autorité du préfet de la Corrèze.</line></par>
<par>
<line>Article 4 :</line></par>
<par>
<line>Sont associées à la modification du PPRj sus-visée, pendant toute la durée de la procédure, le maire</line>
<line>de le commune d'Objat ou son représentant, le maire de la commune de Saint-Aulaire ou son</line>
<line>r^résentant, la présidente du Syndicat d'études du bassin de Brive (SEBB, compétent pour</line>
<line>l'élaboration du SCoT sud Corrèze) ou son représentant.</line></par>
<par>
<line>Les r^résentaots de ces collectivités seront invités à au moins une réunion de présentation du projet</line>
<line>de modification du PPRi avant la mise &amp; disposition du public.</line></par>
<par>
<line>Articles :</line></par>
<par>
<line>La concertation avec la pcpulalcoui les collectivités territoriales et établissements publics de</line>
<line>coopération intercommunale concernés et tout autre organisme mtéressé par le projet de</line>
<line>modification du PPRi comprendra :</line></par>
<par>
<line>- la publication sur le site internet de T État en Conèze du projet de modification avant la mise</line>
<line>à disposition du public et pendant toute la durée de celle-ci,</line></par>
<par>
<line>- le d^t en mairies d'Objat et de Saint-Aulaire d'une présealatioii du projet de modification</line>
<line>avec un cahier de recueil des observations pendant toute la durée de l'étude jusqu'à la mise à</line>
<line>disposition du public prévue à l*article suivant</line></par>
<par>
<line>Article 6 :</line></par>
<par>
<line>Le projet de modification du PPRi sera mis à disposition du public, du 30 janvier 2014 au 1er mara</line>
<line>2014 Intrus, soit pendant 1 mois :</line></par>
<par>
<line>- en mairie d'Objat aux heures et jours habituels d'ouverture soit du lundi au vendredi de 8h30</line>
<line>à 12 hOO et de 13b30 à 17b00 et le samedi de 9hû0 à 12hûû ;</line></par>
<par>
<line>- en mairie de Saînt-Aulaire aux heures et jours habituels d'ouverture soit les lundis, mardis,</line>
<line>jeudis et vendredis de 09h00 à 12b00 et de 13b30 à I7h00 et les mercredis de PhOD à 12b00.</line></par>
<par>
<line>Le public pourra formuler ses observations Hanis uq registre prévu à cet effet</line></par>
<par>
<line>Article 7 :</line></par>
<par>
<line>Le près«it arrêté sera publié au recueil des actes adminislratifs de l'État dans le département de U</line>
<line>Corrfac.</line></par>
<par>
<line>Il sera publié dons un journal difiusé dans le département (huit jours au moins avant le début de la</line>
<line>mise à disposition du public).</line></par>
<par>
<line>Q sera affiché en mairie d'Objat, en mairie de Saint-Aulaire et au siège du Syndicat d'études du</line>
<line>bassin de Brive (SEBB) huit jours au moins avant le début de la mise à disposition du public et</line>
<line>pendant toute la durée de celle-ci.</line></par>
<par>
<line>II sera tenu à la disposition du public en préfecture de la Corrèze et en sous-préfecture de</line>
<line>l'arrondissemeitt de Brive.</line></par>
<par>
<line>AifideS :</line></par>
<par>
<line>Le présent arrêté sera notifié aux maires d'Objat et de Saint-Aulalre, au Syitdicat d'études du bassin</line></par>
</text>
</block>





</page>
<page width="826" height="1169" resolution="100">
<block><region><rect/></region>
<text>
<par>
<line>de Brive.</line></par>
<par>
<line>Cûpie sera adressée à la direction d^&gt;arteaie&amp;tale des territoires de la Corrèze et à la dlrecrion</line>
<line>régionale de recytroananeot, de l'aménagem^t et du logement du i</line></par>
<par>
<line>Article 9 :</line></par>
<par>
<line>Le présent arrêté peut faire l'objet d'un recours gracieux auprès du préfet de la Corrèze, ou d'un</line>
<line>recoma hiérarchique auprès du Ministre de llnténeur, dans un délai de deux mois à compter de la</line>
<line>date U plus tardives des mesures de publicité prévue» à l'article 7.</line></par>
<par>
<line>Il peut égalemoit faire l'objet dSm recours contentieux auprès du tribunal admicdstraïif de Limoges</line>
<line>soit dans un délai de deux moins à compter de la date la plus tardive des mesures de publidté</line>
<line>prévues à rartide 7, soit à l'issue d'un recours préalable, dans les deux mois à compter de la date de</line>
<line>notiGcation de la réponse obteaiue de l'administration ou au terme du silence ggfdé par celle-ci à</line>
<line>Hssue du délai de deux mois k compter de la réception du recours administratiL</line></par>
<par>
<line>Article 10 :</line></par>
<par>
<line>Madame le secrétaire général de la préfecture. Monsieur le 80us&gt;préfet de Brive, Monsieur te maire</line>
<line>d'Objat, Monsieur le maim de Saiol-Aolaire, Madame U présidente du SBBB et Monsieur le</line>
<line>directeur départemental des territoires sont chargés diacun si ce qui les cooceme de l'exécution du</line>
<line>présent arrêté,</line></par>
</text>
</block>
<block><region><rect/></region>
<text>
<par>
<line>FBitiTuUe,te j) 3 DEC, tOIÎ</line></par>
</text>
</block>
<block><region><rect/></region>
<text>
<par>
<line>Le préfet</line></par>
</text>
</block>
<block><region><rect/></region>
<text>
<par>
<line>Uu</line></par>
</text>
</block>
<block><region><rect/></region>
<text>
<par>
<line>Lu</line></par>
</text>
</block>
<block><region><rect/></region>
<text>
<par>
<line>Bruno DELSOL</line></par>
</text>
</block>








</page>
<page width="826" height="1169" resolution="100">
<block><region><rect/></region>
<text>
<par>
<line>PLAN DE PREVENTION DU RISQUE NATUREL</line>
<line>INONATION (PPRi) DU BASSIN DE LA VEZERE</line></par>
</text>
</block>
<block><region><rect/></region>
<text>
<par/>
</text>
</block>
<block><region><rect/></region>
<text>
<par>
<line>WTETI&gt;f IA</line>
<line>CUtlLZL</line></par>
</text>
</block>
<block><region><rect/></region>
<text>
<par>
<line>OOffTUiN</line></par>
<par>
<line>m^.MTCUEXTALIi</line></par>
<par>
<line>i&gt;esT\iimui&amp;5</line></par>
</text>
</block>
<block><region><rect/></region>
<text>
<par>
<line>Annexe à l'arrêté préfectoral de prescription</line>
<line>de la modification</line></par>
</text>
</block>
<block><region><rect/></region>
<text>
<par/>
</text>
</block>
<block><region><rect/></region>
<text>
<par/>
</text>
</block>
<block><region><rect/></region>
<text>
<par/>
</text>
</block>
<block><region><rect/></region>
<text>
<par/>
</text>
</block>
<block><region><rect/></region>
<text>
<par>
<line>Ev</line></par>
</text>
</block>
<block><region><rect/></region>
<text>
<par/>
</text>
</block>
<block><region><rect/></region>
<text>
<par>
<line>«</line></par>
</text>
</block>
<block><region><rect/></region>
<text>
<par>
<line>.</line></par>
</text>
</block>
<block><region><rect/></region>
<text>
<par>
<line>b?</line></par>
</text>
</block>
<block><region><rect/></region>
<text>
<par/>
</text>
</block>
<block><region><rect/></region>
<text>
<par>
<line>TT</line></par>
</text>
</block>
<block><region><rect/></region>
<text>
<par/>
</text>
</block>
<block><region><rect/></region>
<text>
<par>
<line>i '</line></par>
</text>
</block>
<block><region><rect/></region>
<text>
<par/>
</text>
</block>
<block><region><rect/></region>
<text>
<par/>
</text>
</block>
<block><region><rect/></region>
<text>
<par/>
</text>
</block>
<block><region><rect/></region>
<text>
<par>
<line>• \</line></par>
</text>
</block>
<block><region><rect/></region>
<text>
<par>
<line>ttùm,</line></par>
</text>
</block>
<block><region><rect/></region>
<text>
<par>
<line>k</line></par>
</text>
</block>
<block><region><rect/></region>
<text>
<par/>
</text>
</block>
<block><region><rect/></region>
<text>
<par>
<line>b&gt;«rt</line></par>
</text>
</block>
<block><region><rect/></region>
<text>
<par/>
</text>
</block>
<block><region><rect/></region>
<text>
<par/>
</text>
</block>
<block><region><rect/></region>
<text>
<par>
<line>VUM</line></par>
</text>
</block>
<block><region><rect/></region>
<text>
<par>
<line>mJt</line></par>
</text>
</block>
<block><region><rect/></region>
<text>
<par/>
</text>
</block>
<block><region><rect/></region>
<text>
<par/>
</text>
</block>
<block><region><rect/></region>
<text>
<par>
<line>c__</line></par>
</text>
</block>
<block><region><rect/></region>
<text>
<par>
<line>- i</line></par>
</text>
</block>
<block><region><rect/></region>
<text>
<par/>
</text>
</block>
<block><region><rect/></region>
<text>
<par>
<line>. y</line></par>
</text>
</block>
<block><region><rect/></region>
<text>
<par>
<line>SV</line></par>
</text>
</block>
<block><region><rect/></region>
<text>
<par/>
</text>
</block>
<block><region><rect/></region>
<text>
<par/>
</text>
</block>
<block><region><rect/></region>
<text>
<par>
<line>/ Saint-Aulaire^</line></par>
<par>
<line>Sécteuf concfimé</line></par>
</text>
</block>
<block><region><rect/></region>
<text>
<par>
<line>\</line></par>
</text>
</block>
<block><region><rect/></region>
<text>
<par/>
</text>
</block>
<block><region><rect/></region>
<text>
<par/>
</text>
</block>
<block><region><rect/></region>
<text>
<par/>
</text>
</block>
<block><region><rect/></region>
<text>
<par>
<line>V</line></par>
</text>
</block>
<block><region><rect/></region>
<text>
<par/>
</text>
</block>
<block><region><rect/></region>
<text>
<par>
<line>*r«vri«</line></par>
</text>
</block>
<block><region><rect/></region>
<text>
<par/>
</text>
</block>
<block><region><rect/></region>
<text>
<par>
<line>parta mollification '</line>
<line>du PPRI</line></par>
</text>
</block>
<block><region><rect/><rect/></region>
<text>
<par/>
</text>
</block>
<block><region><rect/></region>
<text>
<par>
<line>_ .V</line></par>
</text>
</block>
<block><region><rect/></region>
<text>
<par>
<line>A</line></par>
</text>
</block>
<block><region><rect/></region>
<text>
<par>
<line>Uv9«4</line></par>
</text>
</block>
<block><region><rect/></region>
<text>
<par/>
</text>
</block>
<block><region><rect/></region>
<text>
<par/>
</text>
</block>
<block><region><rect/></region>
<text>
<par/>
</text>
</block>
<block><region><rect/></region>
<text>
<par>
<line>•v.</line></par>
</text>
</block>
<block><region><rect/></region>
<text>
<par>
<line>e</line></par>
</text>
</block>
<block><region><rect/></region>
<text>
<par/>
</text>
</block>
<block><region><rect/></region>
<text>
<par>
<line>&lt;u</line></par>
</text>
</block>
<block><region><rect/></region>
<text>
<par>
<line>L* /</line></par>
</text>
</block>
<block><region><rect/></region>
<text>
<par>
<line>'J</line></par>
</text>
</block>
<block><region><rect/></region>
<text>
<par>
<line>l</line></par>
</text>
</block>
<block><region><rect/></region>
<text>
<par/>
</text>
</block>
<block><region><rect/></region>
<text>
<par/>
</text>
</block>
<block><region><rect/></region>
<text>
<par/>
</text>
</block>
<block><region><rect/></region>
<text>
<par>
<line>4^</line></par>
</text>
</block>
<block><region><rect/></region>
<text>
<par/>
</text>
</block>
<block><region><rect/></region>
<text>
<par/>
</text>
</block>
<block><region><rect/></region>
<text>
<par>
<line>&gt; -</line></par>
</text>
</block>
<block><region><rect/></region>
<text>
<par/>
</text>
</block>
<block><region><rect/></region>
<text>
<par/>
</text>
</block>
<block><region><rect/></region>
<text>
<par/>
</text>
</block>
<block><region><rect/></region>
<text>
<par>
<line>LEGENDE</line></par>
<par>
<line>— .. .. Umde ds commun**</line></par>
<par>
<line>Légende du PPRi</line></par>
<par>
<line>UfnUfl d* to 2on« nonddble</line>
<line>PM la crue de référença</line></par>
<par>
<line>Zonage réglementaire</line>
<line>HHH Zm Heuclaï</line></par>
</text>
</block>
<block><region><rect/></region>
<text>
<par>
<line>Gon</line></par>
</text>
</block>
<block><region><rect/></region>
<text>
<par>
<line>V</line></par>
</text>
</block>
<block><region><rect/></region>
<text>
<par/>
</text>
</block>
<block><region><rect/></region>
<text>
<par>
<line>•A</line></par>
</text>
</block>
<block><region><rect/></region>
<text>
<par>
<line>r»</line></par>
</text>
</block>
<block><region><rect/></region>
<text>
<par>
<line>É-V</line></par>
</text>
</block>
<block><region><rect/><rect/></region>
<text>
<par/>
</text>
</block>
<block><region><rect/></region>
<text>
<par>
<line>f k</line></par>
</text>
</block>
<block><region><rect/></region>
<text>
<par>
<line>- V'S .</line></par>
</text>
</block>
<block><region><rect/></region>
<text>
<par>
<line>r</line></par>
</text>
</block>
<block><region><rect/></region>
<text>
<par>
<line>Iw</line></par>
</text>
</block>
<block><region><rect/></region>
<text>
<par/>
</text>
</block>
<block><region><rect/></region>
<text>
<par/>
</text>
</block>
<block><region><rect/></region>
<text>
<par>
<line>✓» *&gt;</line></par>
</text>
</block>
<block><region><rect/></region>
<text>
<par>
<line>r::</line></par>
</text>
</block>
<block><region><rect/></region>
<text>
<par/>
</text>
</block>
<block><region><rect/></region>
<text>
<par/>
</text>
</block>
<block><region><rect/></region>
<text>
<par/>
</text>
</block>
<block><region><rect/></region>
<text>
<par>
<line>Echoie 1 / 25 ÛÛO</line></par>
</text>
</block>
<block><region><rect/></region>
<text>
<par/>
</text>
</block>
<block><region><rect/></region>
<text>
<par/>
</text>
</block>
<block><region><rect/></region>
<text>
<par>
<line>Zona bleu fonce</line>
<line>^na rouoe</line></par>
</text>
</block>
<block><region><rect/></region>
<text>
<par>
<line>•Va</line></par>
</text>
</block>
<block><region><rect/></region>
<text>
<par/>
</text>
</block>
<block><region><rect/></region>
<text>
<par>
<line>-f</line></par>
</text>
</block>
<block><region><rect/></region>
<text>
<par/>
</text>
</block>
<block><region><rect/></region>
<text>
<par/>
</text>
</block>
<block><region><rect/></region>
<text>
<par>
<line>Rialaé ari décambra 2013</line>
<line>par la DOT QeiaCcrtae</line>
<line>UrvM n$au«$atbydrauJK|u«</line>
<line>CopyneM ION (ecan 2S)</line></par>
<par>
<line>Saureaa PPA vAaém • ÛOT19</line></par>
</text>
</block>













<block blockType="Picture" blockName="" l="484" t="289" r="498" b="319"><region><rect/></region>
</block>
<block blockType="Picture" blockName="" l="352" t="710" r="377" b="731"><region><rect/></region>
</block>
</page>
<page width="845" height="1183" resolution="100">
<block><region><rect/></region>
<text>
<par>
<line>■ÉrVICQl'i</line></par>
</text>
</block>
<block><region><rect/></region>
<text>
<par>
<line>PRÉFET DS LA CORREZE</line></par>
</text>
</block>
<block><region><rect/></region>
<text>
<par>
<line>Arrfilé n* 201sM€^</line></par>
<par>
<line>portant décision d'examen au ces par cas en application de l'article R.12247</line></par>
<par>
<line>du code de Tonvironnement</line></par>
</text>
</block>
<block><region><rect/></region>
<text>
<par>
<line>UPr6fvl{ll lacofrttfi,</line></par>
<par>
<line>CKivarief de t^ûritre ntUlonAl dti iiilrlle,</line></par>
</text>
</block>
<block><region><rect/></region>
<text>
<par>
<line>Vu b dIrecUve 2001/d2/CE du Paiement européen «I du Ccnaeü du 27 juh 2001 ralalfve â rèveTuetion des</line>
<line>Incldeneas de certains plans el programmes sur tenvlronnement notemmenl son amave II ;</line></par>
<par>
<line>VU le code de Penvlronneinenl. notemnerM le secBcn 2 du d^ptlre 11 du Ura U du Ivre premier du code de</line>
<line>renvironnement, el ptü9 partlcufléremenl ses arlldea L, 122-4 à L122-12, R,122'17 A R.12 2-24 ;</line></par>
<par>
<line>Vu la demarxte d'examen au cas par oes déposée pat la Dkecllen OApertanwitale des TerrHolres au nom de</line>
<line>Monsieur la Préfri de la Cornéza. demande reçue 1» 17 octobre 2013 raJellve é la modiflaadon du Plan de PrévanUon</line>
<line>du rtsque NaMri dlnorxleQon (PPR1) du bassin de fa VézAre</line></par>
<par>
<line>Vu ravis de fAgonce régionale de santé on dete du 24 od^e2013 ;</line></par>
<par>
<line>Conridérant que la prc^ri de modIRcalteo du PPRI relève de fartlcle R.122-17-ir du code de Tanvlroniwnenl ri qu^â</line>
<line>09 iHre H doK faire It^ri &lt;run examen préetable eu cas par cas dans las cor^dWons prévues à farllole R.122-1S du</line>
<line>même code ;</line></par>
<par>
<line>Coneklérant le PPffi du bassin de la Vézère approuvé per arrêté préfectoral en date du 29 août 2002 couvrant un</line>
<line>territoire composé de 20 communes evec pour ^iectlfs prlndpaux :</line></par>
<par>
<line>- reméloreilon de la sécurité des personnes exposées au risque netural d'inondation :</line></par>
<par>
<line>&gt; le UmNéon des donvnegee etft btens el arec eclMtés eoumlses au risque ;</line></par>
<par>
<line>- la préservrilon des champs d«3q»anrian des csues.</line></par>
<par>
<line>ConeldéranI que la finalité de la rrodtUcallon du PPRI envisagée se tlmle è la correction de deux erretfs matédellss</line>
<line>loctfséee sur les communes d*^fel et de SaW*Au!aire;</line></par>
<par>
<line>Considèrenl que ces erreurs mriérlelas ont pour origine :</line></par>
<par>
<line>- d'ima péri, ur&gt;e erreur de déBmitotlon de la zone Inondable sur la oommune d'Oblal, erreur démon liée par</line>
<line>un relevé topographique qui au vu de rriUmétrle du terrain et de la cote iTsiofldaHtt fixée par te PPRI pour</line>
<line>le eaolour de Brida) déflnleBril une zone muge {InconstnicSbla) étendue ;</line></par>
<par>
<line>&gt; d’autre p&amp;*t, l’absence de prise en compte du rouveeu tracé de (a Lo^e eur la commune de SaN Aulelre</line>
<line>suite é des travaux de suppressicn de certafns de ses méerxtres ;</line></par>
<par>
<line>Coneldriani raspect Inélé des modifications erMsagéas par report è reIre réglemenUlre Inltérenle au PPRI du</line>
<line>bassin de le Vézère :</line></par>
<par>
<line>&gt; relrell de 6 000m2 si^ les 26 I(m2 de ta zone réglemenléo par le PP Rf dèllrta en bordure ds ta Loyre et en</line>
<line>limila de la zor^e d’actrritès de Bridai (commune d’objet) ;</line></par>
<par>
<line>- modineairan d’un Maire de 160m le lorto de le pois misa an cohérence entre le plan de zonage</line>
<line>rêglomenirire ri le cadastre (commune de Saint Autaire) :</line></par>
<par>
<line>Considérant que par ea rvelire et ea mise en cmivre ta PPRI ambitionne de rèdrire rexposllion au risque èiondetlon</line>
<line>dee pereome ri dae btens tout en èvHanl Revoit des InclderKas négethias r&gt;otiWa6 aur tanvlronnement</line>
<line>notamment la Loyre reconnue en lent que zone potenUeBa à dominante humide, exe migrateur pour ta lArils ferio.</line>
<line>réservoir biologique. ;</line></par>
</text>
</block>













</page>
<page width="836" height="1176" resolution="100">
<block><region><rect/></region>
<text>
<par>
<line>Arrête</line></par>
</text>
</block>
<block><region><rect/></region>
<text>
<par>
<line>ArliclBl</line></par>
<par>
<line>En appicatkm de la eecllon pnmiere du chapitra II du Dira II du Rvre pramlar du code de renvhxvwnenl le prc^l</line>
<line>de modirîcaUon du PPRI du Ba^ de le Vétdre n'eat pas eoumii è évaluation envkonneTneniale.</line></par>
<par>
<line>Article 2</line></par>
<par>
<line>La préeerae décision, dèévrée en epploaüon de rarUde R.122*1l du code de renvInnneineM, ne dlspenee pas des</line>
<line>ButorMcns admÉnletreA^a Mcquiles le prc^ peul être soumis et ne préjuge pas des dô^tom uliérieures</line>
<line>pouvant ftra écnlsu au Ara d'aUree procédures ex^as.</line></par>
<par>
<line>Article 3</line></par>
<par>
<line>Le présent arrêté eara pubSé sur Se elle Internet de le DREAl UmousJn.</line></par>
</text>
</block>
<block><region><rect/></region>
<text>
<par>
<line>Fa»àTu#e.teO!i nfH. 2013</line></par>
<par>
<line>le Préfet.</line></par>
<par>
<line>LUium^</line></par>
<par>
<line>llrtirwjÆLSOL</line></par>
<par>
<line>[ ~ vetoefeWee^moâe _ J</line></par>
<par>
<line>1. ttédalanlmpoaMH In rfwtfmitcn 4{udD d&gt;lmnact ;</line></par>
<par>
<line>L« meurs MaéilsimU ivéeUie eei «Mmiatr» soui Hne dimceAeW du neaus RtMentoui</line></par>
<par>
<line>a de SM f»«é M b üéW de Seul meU aMuR la 0*» w) &lt;M le UMden me la A lB»&lt;ssl dt reuMSé anéOMNOMiSe « eeraesé s</line></par>
<par>
<line>Moielaer )a préfat du dépunamn! de la Cenftca</line>
<line>MMaaeM âê A coirSi»</line>
<line>ireeSeadiAn</line>
<line>éPSSC</line></par>
<par>
<line>1S«12 ivla ctfB</line></par>
<par>
<line>n«cou/a gndaiH, hîérarehlqua et eentenilatii. dana lu condUena de droH eemmun, el&gt;«eréa</line>
<line>2- eemiftn ejanantaiU la Bfnlw ri**hiüa dlmnaQl :</line></par>
<par>
<line>UtaaouîtDrealawcdotOuatornédMiadMiüdadevxnialsJaeeui atM de m^enM « déW du receuu cemeréeei ai deU See eéesad</line></par>
<par>
<line>S</line></par>
<par>
<line>lÉMbw le priht du d4pvt«H#nl da ta CerriM</line></par>
<par>
<line>PtéhaMa da laC^rta</line></par>
<par>
<line>anwieulian</line></par>
<par>
<line>PPIM</line></par>
<par>
<line>9tei2 TaHa Cedex</line></par>
<par>
<line>La laeauta Ndrateldqua üoéSlia lomd dm W eélil de deux uah. il a pat allai de suapandra te délai du feeoun eanienlleiff et doh êUa</line>
<line>aéaasé S</line></par>
<par>
<line>IMnakui b mMàtfe da réoaleola, du DévalappamiN durêbla, M da l^arple</line></par>
<par>
<line>HéMé da toquareva</line></par>
<par>
<line>ses seidtvwe</line></par>
<par>
<line>7M0rPAlBS</line></par>
<par>
<line>LarKMaeMiaMfau«deSbrebm4danalieéÉaldadeiambaAeanpNrâalaitt«calen /pubScetlanéaladédatonautlMtladaiiitneb</line>
<line>* Gonsia {Si !«}« «kl raeewa incbia ca&gt; iiMovcNque. I (Ut être MMaaé AJ :</line></par>
<par>
<line>THbMAal adeMruadr da Limeew</line>
<line>1 Ceura Nbrpniaud</line>
<line>S7M0 VImasas</line></par>
</text>
</block>


















</page>
</PM1>