<?xml version="1.0" encoding="UTF-8"?><PM1>
<page width="1666" height="2345" resolution="200">
<block><region><rect/></region>
<text>
<par>
<line>Libertr • Égaliti • Fraierniié</line></par>
<par>
<line>RÉPUBLIQUE Française</line></par>
</text>
</block>
<block><region><rect/></region>
<text>
<par>
<line>PRÉFECTURE DE L'AVEYRON</line></par>
</text>
</block>
<block><region><rect/></region>
<text>
<par>
<line>DIRECTION</line>
<line>DÉPARTEMENTALE</line>
<line>DES TERRITOIRES</line></par>
</text>
</block>
<block><region><rect/></region>
<text>
<par>
<line>Arrêté du 9 octobre 2015</line></par>
</text>
</block>
<block><region><rect/></region>
<text>
<par>
<line>OBJET : Approbation du Plan de Prévention du Risque d'inondation du</line>
<line>bassin du "RANCE" sur le territoire des communes de Peux et Couffouleux,</line>
<line>Mounhes Prohencoux, Camarès, Murasson, Belmont sur Rance, Saint-Sever</line>
<line>du Moustier, Combret, Laval Roquecezière, Pousthomy, Saint-Sernin sur</line>
<line>Rance, Balaguier sur Rance, Plaisance, Coupiac, La Bastide Solages.</line></par>
</text>
</block>
<block><region><rect/></region>
<text>
<par>
<line>LE SECRETAIRE GENERAL CHARGE DE</line>
<line>L ADMINISTRATION DE L'ÉTAT DANS LE DÉPARTEMENT</line></par>
</text>
</block>
<block><region><rect/></region>
<text>
<par>
<line>VU le code de l'environnement, notamment ses articles L.562-1 à L.562-9,</line></par>
<par>
<line>VU le décret n® 2005- 3 du 4 janvier 2005 relatif à l'élaboration des plans de</line>
<line>prévention des risques naturels prévisibles ;</line></par>
<par>
<line>VU l'arrêté préfectoral n° 2012341-0007 du 6 décembre 2012 prescrivant</line>
<line>rétablissement d'un plan de prévention des risques naturels prévisibles sur le</line>
<line>territoire des communes de Peux et Couffouleux, Mounhes Prohencoux,</line>
<line>Camarès, Murasson, Belmont sur Rance, Saint-Sever du Moustier, Combret,</line>
<line>Laval Roquecezière, Pousthomy, Saint-Sernin sur Rance, Balaguier sur</line>
<line>Rance, Plaisance, Coupiac, La Bastide Solages, et prenant en compte le</line>
<line>risque "inondation" ;</line></par>
<par>
<line>VU l'arrêté préfectoral n° 2013331-0005 du 27 novembre 2013, prescrivant la</line>
<line>mise à l’enquête publique du projet de plan de prévention des risques</line>
<line>d'inondation sur le territoire des communes de Peux et Couffouleux, Mounhes</line>
<line>Prohencoux, Camarès, Murasson, Belmont sur Rance, Saint-Sever du</line>
<line>Moustier, Combret, Laval Roquecezière, Pousthomy, Saint-Sernin sur Rance,</line>
<line>Balaguier sur Rance, Plaisance, Coupiac, La Bastide Solages ;</line></par>
<par>
<line>VU le rapport de Monsieur Henri PUJOL, commissaire enquêteur, en date du</line>
<line>30 mars 2014 ;</line></par>
<par>
<line>VU r avis du Conseil municipal de Peux et Couffouleux formulé par délibération</line>
<line>en date du 3 février 2014 ;</line></par>
<par>
<line>VU l'avis du Conseil municipal de Mounhes Prohencoux formulé par</line>
<line>délibération en date du 7 janvier 2014 ;</line></par>
<par>
<line>VU l'avis du Conseil municipal de Camarès formulé par délibération en date du</line>
<line>23 décembre 2013 ;</line></par>
</text>
</block>
<block><region><rect/></region>
<text>
<par>
<line>Adresse postale : Place Charles de Gaulle, BP 715, 12007 RODEZ CEDEX</line>
<line>Téléphone : 05 65 75 71 71 Courriel : orefecturefSavevron.gouv.fr _ Site internet : http: www.avevron.gouv.tf</line></par>
</text>
</block>





</page>
<page width="1653" height="2336" resolution="200">
<block><region><rect/></region>
<text>
<par>
<line>vu l'avis du Conseil municipal de Murasson formulé par délibération en date du 9 janvier 2014 ;</line></par>
<par>
<line>VU l'avis du Conseil municipal de Belmont sur Rance formulé par délibération en date du 3</line>
<line>décembre 2013 ;</line></par>
<par>
<line>VU l'avis du Conseil municipal de Saint-Sever du Moustier formulé par délibération en date du</line>
<line>9 janvier 2014 ;</line></par>
<par>
<line>VU l'avis du Conseil municipal de Combret formulé par délibération en date du 14 janvier 2014 ;</line></par>
<par>
<line>VU l'avis du Conseil municipal de Laval Roquecezière formulé par délibération en date du</line></par>
<par>
<line>12 décembre 2013 ;</line></par>
<par>
<line>VU l’avis du Conseil municipal de Pousthomy formulé par délibération en date du 7 janvier 2014 ;</line></par>
<par>
<line>VU l'avis du Conseil municipal de Saint-Sernin sur Rance formulé par délibération en date du</line></par>
<par>
<line>13 janvier 2014 ;</line></par>
<par>
<line>VU l'avis du Conseil municipal de Balaguier sur Rance formulé par délibération en date du</line>
<line>9 janvier 2014 ;</line></par>
<par>
<line>VU l'avis du Conseil municipal de Plaisance formulé par délibération en date du 24 janvier 2014 ;</line></par>
<par>
<line>VU l'avis du Conseil municipal de Coupiac formulé par délibération en date du 22 janvier 2014 ;</line></par>
<par>
<line>VU l'avis du Conseil municipal de La Bastide Solages formulé par délibération en date du</line>
<line>20 décembre 2013 ;</line></par>
<par>
<line>VU l’avis de la Chambre d'agriculture en date du 23 décembre 2013 ;</line></par>
<par>
<line>VU l'avis du Conseil Générai de l'Aveyron en date du 30 janvier 2014 ;</line></par>
<par>
<line>VU l'avis du Parc Naturel Régional des Grands Causses en date du 14 janvier 2014 ;</line></par>
<par>
<line>VU le rapport du Directeur Départemental des Territoires ;</line></par>
</text>
</block>
<block><region><rect/></region>
<text>
<par>
<line>ARRÊTE</line></par>
</text>
</block>
<block><region><rect/></region>
<text>
<par>
<line>Article 1 :</line></par>
<par>
<line>Le plan de prévention des risques d'inondation du bassin du "RANCE" sur le territoire des</line>
<line>communes de Peux et Couffouleux, Mounhes Prohencoux, Camarès, Murasson, Belmont sur</line>
<line>Rance, Saint-Sever du Moustier, Combret, Laval Roquecezière, Pousthomy, Saint-Sernin sur</line>
<line>Rance, Balaguier sur Rance, Plaisance, Coupiac, La Bastide Solages comporte, pour chaque</line>
<line>commune, la note de présentation, le zonage réglementaire et le règlement. Ce document, annexé</line>
<line>au présent arrêté, est approuvé.</line></par>
<par>
<line>Article 2 :</line></par>
<par>
<line>Le présent arrêté est publié au recueil des actes administratifs de la Préfecture et affiché en Mairie</line>
<line>des communes de Peux et Couffouleux, Mounhes Prohencoux, Camarès, Murasson, Belmont sur</line>
<line>Rance, Saint-Sever du Moustier, Combret, Laval Roquecezière, Pousthomy, Saint-Sernin sur</line>
<line>Rance, Balaguier sur Rance, Plaisance, Coupiac, La Bastide Solages.</line></par>
<par>
<line>Mention en est faite dans les quotidiens régionaux "La Dépêche" et "Midi Libre", diffusés dans le</line>
<line>département.</line></par>
</text>
</block>


</page>
<page width="1667" height="2346" resolution="200">
<block><region><rect/></region>
<text>
<par>
<line>Chaque dossier communal est tenu à la disposition du public, avec ses pièces annexées, dans les</line>
<line>Mairies de Peux et Couffouleux, Mounhes Prohencoux, Camarès, Murasson, Belmont sur Rance,</line>
<line>Saint-Sever du Moustier, Combret, Laval Roquecezière, Pousthomy, Saint-Sernin sur Rance,</line>
<line>Balaguier sur Rance, Plaisance, Coupiac, La Bastide Solages et dans les bureaux de la Préfecture</line>
<line>de l’Aveyron.</line></par>
<par>
<line>Article 3 :</line></par>
<par>
<line>Le Secrétaire Général de la Préfecture de l'Aveyron, les Maires des communes concernées et le</line>
<line>Directeur Départemental des Territoires sont chargés, chacun en ce qui le concerne, de l'exécution</line>
<line>du présent arrêté dont copie est également transmise au Ministère de l'Écologie, du</line>
<line>Développement Durable et de l’Énergie, à la Sous-Préfecture de l'arrondissement de Millau, à la</line>
<line>Chambre d'Agriculture, au Centre Régional de la Propriété Forestière, au Conseil Départemental</line>
<line>de l'Aveyron et au Parc Naturel Régional des Grands Causses.</line></par>
<par>
<line>Article 4 :</line></par>
<par>
<line>Toute personne ayant un intérêt à agir peut exercer un recours devant le Tribunal Administratif</line>
<line>compétent dans un délai de 2 mois à compter de la publication ou de l'affichage du présent arrêté.</line></par>
</text>
</block>
<block><region><rect/></region>
<text>
<par>
<line>Fait à Rodez, le - 9 OCÎ. 2015</line></par>
</text>
</block>
<block><region><rect/></region>
<text>
<par>
<line>Le Secrétaire Général</line>
<line>chargé de l'administration de l'Etat</line>
<line>dans le département</line></par>
</text>
</block>



</page>
</PM1>