<?xml version="1.0" encoding="UTF-8"?><PM1>
<page width="1653" height="2336" resolution="200">
<block><region><rect/></region>
<text>
<par>
<line>Liberté • Égalité • Fraternité</line>
<line>RÉPUBLIQUE FRANÇAISE</line></par>
<par>
<line>PRÉFET DU FINISTÈRE</line></par>
</text>
</block>
<block><region><rect/></region>
<text>
<par>
<line>Arrêté préfectoral</line></par>
<par>
<line>portant approbation du plan de prévention des risques naturels prévisibles « Est Odet »</line>
<line>sur les communes de Bénodet, Concarneau, Fouesnant et La Forêt-Fouesnant</line></par>
</text>
</block>
<block><region><rect/></region>
<text>
<par>
<line>Le préfet du Finistère,</line></par>
<par>
<line>Officier de la légion d'honneur,</line>
<line>Chevalier de l'ordre national du mérite</line></par>
</text>
</block>
<block><region><rect/></region>
<text>
<par>
<line>APn° 2016194-0003</line></par>
</text>
</block>
<block><region><rect/></region>
<text>
<par>
<line>Vu le code de l’environnement, et notamment ses articles L 562-1 à L 562-9 et R 562-1 à R 562-12 relatifs</line>
<line>aux plans de prévention des risques naturels prévisibles ;</line></par>
<par>
<line>Vu le code de l’environnement en son titre II du livre 1“, notamment les articles L 123-1 et suivants et</line>
<line>R 123-1 et suivants, concernant les enquêtes publiques relatives aux opérations susceptibles d’affecter</line>
<line>l’environnement ;</line></par>
<par>
<line>Vu le code de l’urbanisme, et notamment ses articles L 151-43 et L 153-60 ainsi que R 151-51 et suivants ;</line></par>
<par>
<line>Vu la loi n° 95-101 du 2 février 1995 relative au renforcement de la protection de l’environnement ;</line></par>
<par>
<line>Vu la loi n° 2003-699 du 20 juillet 2003 relative à la prévention des risques technologiques et naturels et à</line>
<line>la réparation des dommages ;</line></par>
<par>
<line>Vu le décret n"^ 95-1089 du 5 octobre 1995 relatif aux plans de prévention des risques naturels prévisibles</line>
<line>modifié par le décret n° 2005-3 du 4 janvier 2005 et le décret n° 2007-1467 du 12 octobre 2007 ;</line></par>
<par>
<line>Vu le décret n° 2004-374 du 29 avril 2004 modifié relatif aux pouvoirs des préfets, à l’organisation et à</line>
<line>l’action des services de l’État dans les régions et départements ;</line></par>
<par>
<line>Vu le décret n° 2011-765 du 28 juin 2011 relatif à la procédure d’élaboration, de révision et de modifica¬</line>
<line>tion des plans de prévention des risques naturels prévisibles ;</line></par>
<par>
<line>Vu la circulaire du 3 juillet 2007 relative à la « consultation des acteurs, la concertation avec la population</line>
<line>et l’association des collectivités territoriales dans les PPRN » ;</line></par>
<par>
<line>Vu la circulaire du 27 juillet 2011 relative à la « prise en compte de la submersion marine dans les plans de</line>
<line>prévention des risques littoraux » ;</line></par>
<par>
<line>Vu la circulaire du 2 août 2011 relative à la mise en œuvre des plans de prévention des risques naturels</line>
<line>littoraux sur le territoire national ;</line></par>
<par>
<line>Vu l’arrêté préfectoral n° 2012-0058 du 16 janvier 2012 portant prescription du plan de prévention des</line>
<line>risques littoraux «Est Odet», sur les communes de Bénodet, Concarneau, Fouesnant et La Forêt-</line>
<line>Fouesnant ;</line></par>
</text>
</block>
<block><region><rect/></region>
<text>
<par>
<line>Préfecture du Finistère - 42, Boulevard Dupleix • CS 16033 - 29320 QUIMPER Cedex</line>
<line>Téléphone : 02-98-76-29-29 - Télécopie ; 02-98-52'09-47 - Courriel : prefecture@finIstere.gouv.fr</line>
<line>Horaires et modalités d’accès disponibles surwww.flnistere.gouv.fr</line></par>
</text>
</block>
<block><region><rect/></region>
<text>
<par/>
</text>
</block>




</page>
<page width="1653" height="2336" resolution="200">
<block><region><rect/></region>
<text>
<par>
<line>2</line></par>
</text>
</block>
<block><region><rect/></region>
<text>
<par>
<line>Vu l’arrêté préfectoral n° 2015013-0002 du 13 janvier 2015 portant prorogation de l’élaboration du plan de</line>
<line>prévention des risques littoraux « Est Odet », sur les communes de Bénodet, Concarneau, Fouesnant et</line>
<line>La Forêt-Fouesnant ;</line></par>
<par>
<line>Vu la décision du président du tribunal administratif de Rennes en date du 26 février 2016 portant désigna¬</line>
<line>tion de la commission d’enquête ;</line></par>
<par>
<line>Vu l’arrêté préfectoral du 18 mars 2016 prescrivant l’ouverture d’une enquête préalable à l’approbation du</line>
<line>plan de prévention des risques naturels prévisibles littoraux « Est Odet », sur les communes de Bénodet,</line>
<line>Concarneau, Fouesnant et La Forêt-Fouesnant ;</line></par>
<par>
<line>Vu la consultation des services et des collectivités prévue à l’article R 562-7 du code de l’environnement,</line>
<line>dont les avis ont été consignés ou annexés aux registres de l’enquête publique ;</line></par>
<par>
<line>Vu l’avis défavorable du conseil municipal de Bénodet en date du 25 mars 2016 ;</line></par>
<par>
<line>Vu l’avis favorable du conseil municipal de Concarneau en date du 10 mars 2016 ;</line></par>
<par>
<line>Vu 1’ avis défavorable du conseil municipal de Fouesnant en date du 4 avril 2016 ;</line></par>
<par>
<line>Vu l’avis réputé favorable du conseil municipal de La Forêt-Fouesnant ;</line></par>
<par>
<line>Vu l’avis défavorable de la communauté de communes du pays fouesnantais en date du 24 mars 2016 :</line></par>
<par>
<line>Vu l’avis favorable de la communauté de communes de Concarneau Cornouaille Agglomération en date du</line>
<line>31 mars 2016 ;</line></par>
<par>
<line>Vu l’avis favorable de la Chambre d’Agriculture en date du 6 avril 2016 ;</line></par>
<par>
<line>Vu l’avis réputé favorable de la délégation régionale du Centre National de la Propriété Forestière ;</line></par>
<par>
<line>Vu la réponse du Conseil Départemental du Finistère en date du 4 avril 2016 ;</line></par>
<par>
<line>Vu les réponses et observations émises par le Conservatoire du Littoral et des Rivages Lacustres en date du</line>
<line>16 avril 2016 ;</line></par>
<par>
<line>Vu le bilan de concertation ;</line></par>
<par>
<line>Vu le rapport de la commission d’enquête publique relative au présent plan, ses conclusions motivées ainsi</line>
<line>que son avis favorable avec recommandations en date du 28 juin 2016 ;</line></par>
<par>
<line>Vu le rapport de la direction départementale des Territoires et de la Mer du Finistère en date du 8 juillet</line>
<line>2016 proposant le projet de plan de prévention des risques littoraux « Est Odet » pour approbation ;</line></par>
<par>
<line>Considérant que les aléas littoraux et d’inondation terrestre, sur les communes de Bénodet, Concarneau,</line>
<line>Fouesnant et la Forêt-Fouesnant, sont de nature à engendrer des risques pour les personnes et les biens</line>
<line>qui y sont exposés ;</line></par>
<par>
<line>Considérant que le projet de plan de prévention des risques littoraux a pour but de limiter la vulnérabilité</line>
<line>des personnes et des biens à ces aléas (submersion marine, érosion) en délimitant des zones exposées</line>
<line>aux risques et en déterminant, en fonction de l’intensité du risque encouru, les interdictions de construc¬</line>
<line>tions d’ouvrages et d’aménagements ou les autorisations avec prescriptions, ainsi qu’en définissant des</line>
<line>mesures de prévention, de protection ou de sauvegarde ;</line></par>
</text>
</block>
<block><region><rect/></region>
<text>
<par/>
</text>
</block>

</page>
<page width="1660" height="2341" resolution="200">
<block><region><rect/></region>
<text>
<par>
<line>3</line></par>
</text>
</block>
<block><region><rect/></region>
<text>
<par>
<line>Considérant que la procédure de PPRL a fait l’objet d’une concertation auprès des personnes associées ou</line>
<line>intéressées (au sens de l’article L 562-3 du code de l’environnement), notamment par des réunions du</line>
<line>comité de pilotage, des réunions publiques et des réunions et échanges avec les élus ;</line></par>
<par>
<line>Considérant que l’enquête publique portant sur le projet de plan s’est déroulée du 25 avril 2016 au 31 mai</line>
<line>2016 inclus, sur les communes de Bénodet, Concarneau, Fouesnant et La Forêt-Fouesnant, conformé¬</line>
<line>ment aux prescriptions de l’arrêté préfectoral du 18 mars 2016 et que la communication et la participa¬</line>
<line>tion du public ont été satisfaisantes ;</line></par>
<par>
<line>Considérant que l’examen des avis reçus au titre des consultations, des observations du public déposées lors</line>
<line>de l’enquête publique et celles de la commission d’enquête, est de nature à proposer des adaptations</line>
<line>limitées qui - du fait de leur nature et de leur faible importance - n’affectent que très sensiblement le</line>
<line>parti de prévention initial retenu et ne remettent pas en question l’économie générale du projet de PPRL</line>
<line>« Est Odet » soumis à enquête publique ;</line></par>
</text>
</block>
<block><region><rect/></region>
<text>
<par>
<line>Sur proposition du directeur départemental des Territoires et de la Mer du Finistère,</line></par>
</text>
</block>
<block><region><rect/></region>
<text>
<par>
<line>ARRÊTE</line></par>
</text>
</block>
<block><region><rect/></region>
<text>
<par>
<line>Article 1 -</line></par>
<par>
<line>Le plan de prévention des risques littoraux (PPRL) « Est Odet », concernant les communes de Bénodet,</line>
<line>Concarneau, Fouesnant et la Forêt-Fouesnant, est approuvé tel qu’il est annexé au présent arrêté.</line></par>
<par>
<line>Le PPRL « Est Odet » annule et remplace le plan de prévention des risques de submersion marine (PPRSM)</line>
<line>de la commune de Fouesnant, approuvé le 18 juillet 2000 et modifié le 29 mars 2002.</line></par>
</text>
</block>
<block><region><rect/></region>
<text>
<par>
<line>Article 2 -</line></par>
<par>
<line>Le PPRL est composé des pièces suivantes :</line></par>
<par>
<line>Une partie réglementaire comprenant les pièces suivantes :</line></par>
<par>
<line>♦ Note de présentation</line></par>
<par>
<line>♦ Plan de zonage réglementaire</line></par>
<par>
<line>♦ Règlement</line></par>
<par>
<line>♦ Cartes des cotes d’eau</line></par>
<par>
<line>Une partie Annexes comprenant les nièces ci-aorès :</line></par>
<par>
<line>♦ Rapport phase 1 « Historique »</line></par>
<par>
<line>♦ Atlas cartographique phase 1</line></par>
<par>
<line>♦ Cahier des annexes au rapport de phase 1</line></par>
<par>
<line>♦ Rapport phase 2 « Aléas »</line></par>
<par>
<line>♦ Atlas cartographique phase 2</line></par>
<par>
<line>♦ Note phase 3 « Enjeux »</line></par>
<par>
<line>♦ Atlas cartographique des enjeux</line></par>
</text>
</block>
<block><region><rect/></region>
<text>
<par>
<line>.../...</line></par>
</text>
</block>





</page>
<page width="1653" height="2336" resolution="200">
<block><region><rect/></region>
<text>
<par>
<line>4</line></par>
</text>
</block>
<block><region><rect/></region>
<text>
<par>
<line>Article 3 -</line></par>
<par>
<line>Une copie du présent arrêté sera adressée à :</line></par>
<par>
<line>- MM. les maires des communes visées à l’article 1 ci-dessus,</line></par>
<par>
<line>- MM. les présidents des communautés de communes du pays fouesnantais et de Concarneau Cornouaille</line></par>
<par>
<line>Agglomération,</line></par>
<par>
<line>- M. le directeur régional de l’Environnement, de l’Aménagement et du Logement,</line></par>
<par>
<line>- M. le directeur général de la Prévention des Risques du ministère en charge de l’Environnement, de</line></par>
<par>
<line>l’Energie et de la Mer,</line></par>
<par>
<line>- Mme la présidente du Conseil Départemental du Finistère,</line></par>
<par>
<line>- M. le président de la Chambre d’Agriculture du Finistère,</line></par>
<par>
<line>- M. le directeur du Centre Régional de la Propriété Forestière de Bretagne.</line></par>
<par>
<line>Article 4 -</line></par>
<par>
<line>Le présent arrêté sera publié au recueil des actes administratif de la préfecture du Finistère et mention en sera</line>
<line>faite en caractères apparents dans les journaux « Ouest-France » et « Le Télégramme ».</line></par>
</text>
</block>
<block><region><rect/></region>
<text>
<par>
<line>Article 5 -</line></par>
<par>
<line>Une copie du présent arrêté sera affichée en mairie des communes de Bénodet, Concarneau, Fouesnant et La</line>
<line>Forêt-Fouesnant, aux sièges des communautés de commîmes du pays fouesnantais et de Concarneau</line>
<line>Cornouaille Agglomération, pendant au moins un mois à partir de la date de réception de la notification du</line>
<line>présent arrêté.</line></par>
<par>
<line>Le plan approuvé y sera tenu à la disposition du public, ainsi qu’en préfecture du Finistère. Cette mesure de</line>
<line>publicité fera l’objet d’une mention avec les publications et l’afFichage prévus à l’article 4 ci-dessus.</line></par>
<par>
<line>A l’expiration du délai d’affichage et après mise à disposition du public du dossier durant au moins un mois,</line>
<line>le maire et les présidents des communautés de communes transmettront au préfet un certificat justifiant</line>
<line>l’accomplissement de cette mesure de publicité.</line></par>
</text>
</block>
<block><region><rect/></region>
<text>
<par>
<line>Article 6 -</line></par>
<par>
<line>Le plan de prévention des risques littoraux « Est Odet » approuvé vaut servitude d’utilité publique, confor¬</line>
<line>mément à l’article L 562-4 du code de l’environnement. A ce titre, il sera annexé sans délai par arrêté aux</line>
<line>documents d’urbanisme communaux en vigueur, conformément à l’article L 153-60 du code de l’urbanisme.</line></par>
<par>
<line>Une copie de l’arrêté des maires concernés constatant la réalisation de la mise à jour du document d’urba¬</line>
<line>nisme communal sera également adressée au préfet.</line></par>
</text>
</block>
<block><region><rect/></region>
<text>
<par>
<line>.../...</line></par>
</text>
</block>





</page>
<page width="1653" height="2336" resolution="200">
<block><region><rect/></region>
<text>
<par>
<line>5</line></par>
</text>
</block>
<block><region><rect/></region>
<text>
<par>
<line>Article 7 -</line></par>
</text>
</block>
<block><region><rect/></region>
<text>
<par>
<line>Sont chargés, chacun en ce qui le concerne, de l’exécution du présent arrêté :</line></par>
<par>
<line>- le préfet du Finistère,</line></par>
<par>
<line>- le directeur départemental des Territoires et de la Mer du Finistère,</line></par>
<par>
<line>- les maires des communes de Bénodet, Concarneau, Fouesnant et La Forêt-Fouesnant,</line></par>
<par>
<line>- les présidents des communautés de communes du pays fouesnantais et de Concarneau Cornouaille</line>
<line>Agglomération.</line></par>
</text>
</block>
<block><region><rect/></region>
<text>
<par>
<line>Fait à Quimper, le 1 2 JÜIL 2016</line></par>
</text>
</block>


</page>
<page width="2479" height="3504" resolution="300">
<block><region><rect/></region>
<text>
<par>
<line>ero?: mi</line></par>
</text>
</block>




</page>
</PM1>