<?xml version="1.0" encoding="UTF-8"?><PM1>
<page width="2380" height="3400" resolution="300">
<block><region><rect/></region>
<text>
<par>
<line>Liberté » Égalité » Fraternité</line>
<line>RÉPUBUQLIE FRANÇAISE</line></par>
</text>
</block>
<block><region><rect/></region>
<text>
<par>
<line>PRÉFECTURE DE LA DRÔME</line></par>
</text>
</block>
<block><region><rect/></region>
<text>
<par>
<line>Valence, le</line></par>
<par>
<line>DIRECTION DES COLLECUVriES f H Ütü- ^008</line></par>
<par>
<line>PUBLIQUES ETDE ' -</line></par>
<par>
<line>L’ENVIRONNEMENT</line></par>
<par>
<line>Bureau de la Protection de</line></par>
<par>
<line>l’Environnement</line></par>
</text>
</block>
<block><region><rect/></region>
<text>
<par>
<line>AFFAIRE SUIVIE PAR :</line></par>
<par>
<line>Jocelyne GARNIER</line></par>
<par>
<line>TEL.; 04.75.79.28 71</line>
<line>FAX: 04 75 79 29 49</line>
<line>MEL:</line></par>
<par>
<line>jocelyne.gamieF@drome.pref.gouv.fr</line></par>
</text>
</block>
<block><region><rect/></region>
<text>
<par>
<line>ARRÊTÉ n°</line></par>
<par>
<line>portant approbation du Plan de Prévention des Risques Naturels -inondation</line>
<line>du bassin versant du LEZ, sur le territoire de la commune de La Baume de Transit</line></par>
</text>
</block>
<block><region><rect/></region>
<text>
<par>
<line>Le Préfet de la DRÔME</line>
<line>Chevalier de la Légion d'Honneur</line>
<line>ChevaUer de l'Ordre National du Mérite</line></par>
</text>
</block>
<block><region><rect/></region>
<text>
<par>
<line>VU le Code de l’Enviromiement et notamment ses articles L. 562-1 et suivants,</line></par>
<par>
<line>VU le Code de l’Urbanisme,</line></par>
<par>
<line>VU la loi n° 2004-811 du 13 août 2004 de modernisation de la sécurité civile,</line></par>
<par>
<line>VU le décret n° 95-1089 du 5 octobre 1995 modifié relatif aux plans de prévention des</line>
<line>risques naturels prévisibles,</line></par>
<par>
<line>VU l’arrêté préfectoral n° 1426 du 17 avril 2000 prescrivant un plan de prévention des</line>
<line>risques d’inondation liés aux crues du Lez sur la commune de La Baume de Transit,</line></par>
<par>
<line>VU l’arrêté interpréfectoral (Drôme-Vaucluse) n° 1858 du 8 août 2000 modifié par</line>
<line>l’arrêté mterpréfectoral n°06-6161 du 30 novembre 2006 prescrivant un plan de prévention des</line>
<line>risques d’inondation liés aux crues du Lez,</line></par>
<par>
<line>VU l’arrêté interpréfectoral n° 05-0862 du 3 mars 2005 portant ouverture d’une enquête</line>
<line>publique relative au plan de prévention des risques d’inondation sur le bassin versant du Lez, dans la</line>
<line>commune de La Baume de Transit,</line></par>
</text>
</block>
<block><region><rect/><rect/></region>
<text>
<par/>
</text>
</block>
<block><region><rect/></region>
<text>
<par>
<line>80 30 26 - Télécopie</line></par>
</text>
</block>
<block><region><rect/></region>
<text>
<par>
<line>: 04 75 42 87 55</line></par>
</text>
</block>
<block><region><rect/></region>
<text>
<par>
<line>3, boulevard Vauban - 26030 VALENCE Cédex 9 - Téléphone</line></par>
</text>
</block>

</page>
<page width="2368" height="3392" resolution="300">
<block><region><rect/></region>
<text>
<par>
<line>vu la délibération du conseil municipal de La Baume de Transit du 11 février 2005,</line></par>
<par>
<line>VU Tavis du service départemental d’incendie et de secours de la Drôme du 17 janvier</line></par>
<par>
<line>2005,</line></par>
<par>
<line>VU l’avis du centre régional de la propriété forestière du 10 février 2005,</line></par>
<par>
<line>VU l’avis de la chambre d’agriculture de la Drôme du 21 février 2005,</line></par>
<par>
<line>VU l’avis de la Direction Régionale de l’Environnement du 22 février2005,</line></par>
<par>
<line>VU l’avis du Syndicat des Vignerons des Côtes du Rhône du 11 juillet 2005,</line></par>
<par>
<line>VU le rapport et l’avis de la Commission d’enquête du 23 décembre 2005,</line></par>
<par>
<line>VU le rapport d’analyse de juin 2006 de la Direction Départementale de l’Equipement en</line>
<line>réponse à chacune des observations de la commission d’enquête et du conseil municipal de La</line>
<line>Baume de Transit,</line></par>
</text>
</block>
<block><region><rect/></region>
<text>
<par>
<line>Considérant, d’une part, que les secteurs d’aléa faible des champs d’expansion des crues</line>
<line>vont relever du zonage réglementaire « Ra », lequel permet l’extension des activités agricoles (hors</line>
<line>logement), industrielles et artisanales existantes, d’autre part, que la suppression de l’obligation de</line>
<line>réalisation d’im niveau refiige en zone jaune répond à une réduction admissible de la vulnérabilité.</line></par>
</text>
</block>
<block><region><rect/></region>
<text>
<par>
<line>Considérant que le plan de prévention des risques inondation de la commune de La</line>
<line>Baume de Transit est conforme aux objectife de préservation des vies humaines, de réduction de la</line>
<line>vulnérabilité et, par voie de conséquence, de réduction des coûts des dommages liés à une inondation</line>
<line>clairement exprimés dans la circulaire du 30 avril 2002 du ministère de l’aménagement du territoire</line>
<line>et de l’environnement.</line></par>
<par>
<line>Considérant ainsi que le règlement contient des mesures de prévention et de sauvegarde</line>
<line>conformes à la doctrine nationale du ministère de l’écologie et du développement durable limitant au</line>
<line>mieux les effets d’une crue centennale.</line></par>
</text>
</block>
<block><region><rect/></region>
<text>
<par>
<line>Sur la proposition de M. le Secrétaire Général de la préfecture de la Drôme,</line></par>
</text>
</block>

</page>
<page width="2386" height="3404" resolution="300">
<block><region><rect/></region>
<text>
<par>
<line>ARRETE</line></par>
</text>
</block>
<block><region><rect/></region>
<text>
<par>
<line>ARTICLE :</line></par>
<par>
<line>Le Plan de Prévention des Risques Naturels d’inondations liés aux crues du</line>
<line>Lez sur la commune de La Baume de Transit est approuvé.</line></par>
<par>
<line>ARTICLE 2 :</line></par>
<par>
<line>Le plan de prévention des risques naturels d’inondations comprend les pièces</line></par>
<par>
<line>suivantes ci-annexées:</line></par>
<par>
<line>-la note de présentation</line></par>
<par>
<line>-la carte de zonage réglementaire</line></par>
<par>
<line>-le règlement</line></par>
<par>
<line>Sont également annexés, à titre d’information :</line></par>
<par>
<line>-les documents graphiques</line></par>
<par>
<line>-la carte de synthèse des cartographies réglementaires du bassin versant</line></par>
<par>
<line>du Lez</line></par>
</text>
</block>
<block><region><rect/></region>
<text>
<par>
<line>ARTICLE 3 :</line></par>
<par>
<line>Le Plan de Prévention des Risques Naturels d’inondations, sur le territoire de</line>
<line>la commune de La Baume de Transit, est tenu à la disposition du public aux jours et heures</line>
<line>ouvrables à la mairie de La Baume de Transit ainsi que dans les locaux de la Préfecture de la Drôme</line>
<line>à Valence (bureau de la protection de l’environnement).</line></par>
</text>
</block>
<block><region><rect/></region>
<text>
<par>
<line>ARTICLE 4 :</line></par>
<par>
<line>Le présent arrêté sera publié au Recueil des Actes Administratifs de la</line>
<line>Préfecture et mention en sera faite dans un journal diSiisé dans le département.</line></par>
<par>
<line>L’arrêté sera également afiSché pendant un mois au minimum à la mairie de La</line>
<line>Baume de Transit et porté à la connaissance du pubbc par tout autre procédé en usage dans cette</line>
<line>commune. Ces mesures de pubbcité seront justifiées par un certificat du maire de la commune.</line></par>
</text>
</block>




</page>
<page width="2379" height="3400" resolution="300">
<block><region><rect/></region>
<text>
<par>
<line>ARTICLE 5 :</line></par>
</text>
</block>
<block><region><rect/></region>
<text>
<par>
<line>Le présent arrêté peut faire l’objet d’un recours contentieux devant le</line>
<line>Tribunal Administratif de Grenoble dans un délai de deux mois à compter de sa publication.</line></par>
</text>
</block>
<block><region><rect/></region>
<text>
<par>
<line>ARTICLE 6 :</line></par>
<par>
<line>Le Secrétaire Général de la Préfecture de la Drôme, le Sous-Préfet de Nyons,</line>
<line>le Directeur Départemental de l’Equipement, le Maire de la commune de La Baume de Transit sont</line>
<line>chargés, chacun en ce qui le concerne, de l’exécution du présent arrêté.</line></par>
</text>
</block>
<block><region><rect/></region>
<text>
<par>
<line>Fait à Valence, le</line></par>
</text>
</block>
<block><region><rect/><rect/></region>
<text>
<par>
<line>Le Préfet,</line></par>
</text>
</block>
<block><region><rect/></region>
<text>
<par/>
</text>
</block>
<block><region><rect/></region>
<text>
<par>
<line>•iKT</line></par>
</text>
</block>
<block><region><rect/></region>
<text>
<par>
<line>nfû:fïî9</line></par>
</text>
</block>



</page>
</PM1>