<?xml version="1.0" encoding="UTF-8"?><PM1>
<page width="1665" height="2344" resolution="200">
<block><region><rect/></region>
<text>
<par>
<line>mm</line></par>
<par>
<line>Liberté • Egaillé • Fraiernité</line></par>
<par>
<line>République Française</line></par>
</text>
</block>
<block><region><rect/></region>
<text>
<par>
<line>PRÉFET DU GARD</line></par>
</text>
</block>
<block><region><rect/></region>
<text>
<par>
<line>Direction Départementale</line>
<line>des Territoires et de la Vier</line></par>
<par>
<line>Nîmes, le 1 9 AOUT Z018</line></par>
<par>
<line>Service Eau et Inondation</line>
<line>Unité Risque Inondation</line></par>
</text>
</block>
<block><region><rect/></region>
<text>
<par>
<line>ARRETENT 30 - 2.0lé O? - 1 fî - ^</line></par>
</text>
</block>
<block><region><rect/></region>
<text>
<par>
<line>Relatif à l’approbation de la modification du Plan de Prévention des Risques</line></par>
<par>
<line>d’inondation (PPRi) Moyen Vidourle</line></par>
</text>
</block>
<block><region><rect/></region>
<text>
<par>
<line>Le Préfet du Gard</line>
<line>Chevalier de la Légion d’Honneur,</line></par>
<par>
<line>Vu le Code de l’Environnement et notamment ses articles L.562-1 à L.562-9 et R.562-1 à</line>
<line>R.562-10 relatifs aux Plans de Prévention des Risques Naturels,</line></par>
<par>
<line>Vu l’arrêté préfectoral n°2008-185-4 du 3 juillet 2008 portant approbation du Plan de</line>
<line>Prévention des Risques Inondation sur le moyen Vidourle et notamment les communes</line>
<line>de Aigrement, Aubais, Brouzet les Quissac, Cannes et Clairan, Corconne, Crespian,</line>
<line>Fontanes, Gailhan, Junas, Lecques, Mauressargues, Montmirat, Moulezan, Orthoux-</line>
<line>Serignac-Quilhan, Salinelles, Sardan, Sommières, Souvignargues, Vic-le-Fesq et</line>
<line>Villevieille.</line></par>
<par>
<line>Vu l’arrêté préfectoral n° 30-2016-02-22-003 du 22 février 2016 prescrivant la</line>
<line>modification du Plan de Prévention des Risques Inondation Moyen Vidourle,</line></par>
<par>
<line>Vu le rapport du Directeur Départemental des Territoires et de la Mer du Gard suite à</line>
<line>mise à disposition du public,</line></par>
<par>
<line>Considérant la nécessité de préciser les éléments réglementaires concernant les</line>
<line>conditions d'aménagement et de constructions afin de permettre les extensions limitées</line>
<line>et les changements de destination pour des activités économiques, dans les zones</line>
<line>urbaines et ce quelque soit l’aléa, d’autoriser les annexes à l’habitation dans les secteurs</line>
<line>urbains les moins vulnérables aux inondations permettant ainsi des projets limités</line>
<line>tendant à améliorer le confort de l’habitat,</line></par>
<par>
<line>Considérant que dans les zones urbaines concernées par des niveaux d’aléas moyen ou</line>
<line>résiduel, le changement de destination peut être envisagé sous réserve de calage ou soit</line>
<line>de nature à réduire le caractère vulnérable de l’occupation,</line></par>
<par>
<line>Considérant la nécessité de préciser les prescriptions à respecter pour les projets de</line>
<line>serres dans les champs d’expansion des crues.</line></par>
</text>
</block>


</page>
<page width="1659" height="2340" resolution="200">
<block><region><rect/></region>
<text>
<par>
<line>Considérant que ces mesures répondent aux besoins de développement des activités</line>
<line>économiques et agricoles et au confort de l’habitat, sans porter atteinte à l'économie</line>
<line>générale du PPRi Moyen Vidourle,</line></par>
<par>
<line>Sur proposition de Monsieur le Secrétaire Général de la Préfecture du Gard,</line></par>
</text>
</block>
<block><region><rect/></region>
<text>
<par>
<line>ARRETE</line></par>
</text>
</block>
<block><region><rect/></region>
<text>
<par>
<line>Article 1er :</line></par>
<par>
<line>La modification du Plan de Prévention des Risques d’inondation Moyen Vidourle est</line>
<line>approuvée, telle qu’annexée au présent arrêté, sur l’ensemble du territoire du PPRi (communes</line>
<line>de Aigrement, Aubais, Brouzet les Quissac, Cannes et Clairan, Corconne, Crespian, Fontanes,</line>
<line>Gailhan, Junas, Lecques, Mauressargues, Montmirat, Moulezan, Orthoux-Serignac-Quilhan,</line>
<line>Salinelles, Sardan, Sommières, Souvignargues, Vic-le-Fesq et Villevieille).</line></par>
<par>
<line>Article 2 :</line></par>
<par>
<line>Le dossier de modification comprend :</line></par>
<par>
<line>- Le règlement du PPRi Moyen Vidourle modifié.</line></par>
<par>
<line>n est tenu à la disposition du public dans les locaux de chaque Mairie</line></par>
<par>
<line>- de la Préfecture du département du GARD,</line></par>
<par>
<line>- de la Direction Départementale des Territoires et de la Mer du Gard :</line></par>
<par>
<line>89, rue Weber 30907 NÎMES.</line></par>
<par>
<line>Article 3 :</line></par>
<par>
<line>Une copie du présent arrêté sera adressée à :</line></par>
<par>
<line>- Mesdames et Messieurs les Maires de Aigremont, Aubais, Brouzet les Quissac,</line>
<line>Cannes et Clairan, Corconne, Crespian, Fontanes, Gailhan, Junas, Lecques, Mauressargues,</line>
<line>Montmirat, Moulezan, Orthoux-Serignac-Quilhan, Salinelles, Sardan, Sommières,</line>
<line>Souvignargues, Vic-le-Fesq et Villevieille</line></par>
<par>
<line>- Monsieur le Directeur Régional de l’Environnement, de l’Aménagement et du</line>
<line>Logement de Languedoc-Roussillon-Midi-Pyrénées,</line></par>
<par>
<line>- Monsieur le Directeur Général de la Prévention des Risques du Ministère en</line>
<line>charge de l’Environnement, de l’Energie et de la Mer.</line></par>
<par>
<line>Article 4 ;</line></par>
<par>
<line>Une copie du présent arrêté sera affichée dans les Mairies de Aigremont, Aubais,</line>
<line>Brouzet les Quissac, Cannes et Clairan, Corconne, Crespian, Fontanes, Gailhan, Junas,</line>
<line>Lecques, Mauressargues, Montmirat, Moulezan, Orthoux-Serignac-Quilhan, Salinelles, Sardan,</line>
<line>Sommières, Souvignargues, Vic-le-Fesq et Villevieille pendant au moins un mois à partir de</line>
<line>la date de réception de la notification du présent arrêté et mention en sera faite en</line>
<line>caractères apparents dans le journal MIDI LIBRE.</line></par>
<par>
<line>Article 5 :</line></par>
</text>
</block>
<block><region><rect/></region>
<text>
<par>
<line>Le présent arrêté sera publié au Recueil des Actes Administratifs de la Préfecture.</line></par>
</text>
</block>







</page>
<page width="1653" height="2336" resolution="200">
<block><region><rect/></region>
<text>
<par>
<line>Article 6 ;</line></par>
</text>
</block>
<block><region><rect/></region>
<text>
<par>
<line>Les Maires des communes de Aigrement, Aubais, Brouzet les Quissac, Cannes et</line>
<line>Clairan, Corconne, Crespian, Fontanes, Gailhan, Junas, Lecques, Mauressargues, Montmirat,</line>
<line>Moulezan, Orthoux-Serignac-Quilhan, Salinelles, Sardan, Sommières, Souvignargues, Vic-Ie-</line>
<line>Fesq et Villevieille, la Préfecture du département du GARD et la Direction Départementale des</line>
<line>Territoires et de la Mer du Gard devront procéder à la mise à jour du dossier du PPRi des</line>
<line>communes concernées en intégrant les pièces de la présente modification,</line></par>
<par>
<line>Article 7 :</line></par>
<par>
<line>Le présent arrêté peut faire l’objet d’un recours contentieux auprès du Tribunal</line>
<line>Administratif de Nîmes, 16, Avenue Feuchères CS 88010 - 30941 Nîmes Cedex 9, dans</line>
<line>un délai de 2 mois à compter de l’exécution des formalités de publicité.</line></par>
<par>
<line>Article 8 :</line></par>
<par>
<line>Mesdames et Messieurs les Maires, Monsieur le Secrétaire Général de la</line>
<line>Préfecture du Gard et Monsieur le Directeur Départemental des Territoires et de la Mer du</line>
<line>Gard sont chargés, chacun en ce qui les concerne, de l’exécution du présent arrêté.</line></par>
</text>
</block>
<block><region><rect/></region>
<text>
<par>
<line>/Pouf le rréfet,</line>
<line>la secrjBtaIra général</line></par>
</text>
</block>




</page>
</PM1>