<?xml version="1.0" encoding="UTF-8"?><PM1>
<page width="1653" height="2339" resolution="200">
<block><region><rect/></region>
<text>
<par>
<line>Liberté • Egiililé • Fralernilé</line>
<line>RÉPUBLIQUE FRANÇAfSE</line></par>
</text>
</block>
<block><region><rect/></region>
<text>
<par>
<line>DIRECTION DÉPARTEMENTALE DES TERRITOIRES</line></par>
<par>
<line>DU VAL-D'OISE</line></par>
<par>
<line>Commune de Montigny-lès-Cormeilles</line></par>
<par>
<line>Plan de Prévention des Risques Naturels (PPRN)</line></par>
<par>
<line>Carrières souterraines</line>
<line>Dissolution du gypse</line></par>
</text>
</block>
<block><region><rect/></region>
<text>
<par>
<line>PPRN approuvé le : 10 JUIL 2015</line></par>
</text>
</block>
<block><region><rect/></region>
<text>
<par>
<line>• ARRETE D’APPROBATION</line></par>
</text>
</block>
<block><region><rect/></region>
<text>
<par>
<line>• NOTE DE PRESENTATION</line></par>
</text>
</block>
<block><region><rect/></region>
<text>
<par>
<line>• CARTES DES ALÉAS ET DE ZONAGE RÉGLEMENTAIRE</line></par>
</text>
</block>
<block><region><rect/></region>
<text>
<par>
<line>• RÉGLEMENT</line></par>
</text>
</block>
<block><region><rect/></region>
<text>
<par>
<line>• RECOMMANDATIONS</line></par>
</text>
</block>
<block><region><rect/></region>
<text>
<par>
<line>• ANNEXES</line></par>
</text>
</block>


</page>
<page width="1653" height="2339" resolution="200">
<block><region><rect/></region>
<text>
<par>
<line>Liberté • Égalité ♦ Fraternité</line>
<line>RÉPUBLIQUE FRANÇAISE</line></par>
</text>
</block>
<block><region><rect/></region>
<text>
<par>
<line>PRÉFET DU VAL-D'OISE</line></par>
</text>
</block>
<block><region><rect/></region>
<text>
<par>
<line>DIRECTION DEPARTEMENTALE</line>
<line>DES TERRITOIRES</line></par>
<par>
<line>Service de l'urbanisme et de l'aménagement</line>
<line>durable</line></par>
<par>
<line>Pôle risques et bruit</line></par>
</text>
</block>
<block><region><rect/></region>
<text>
<par>
<line>Cergy-Pontoise, le j jy|^ 20'|5</line></par>
</text>
</block>
<block><region><rect/></region>
<text>
<par>
<line>ARRETE N° 12462 APPROUVANT LE PLAN DE PREVENTION DES RISQUES NATURELS</line>
<line>(PPRN) DE MOUVEMENTS DE TERRAIN CONCERNANT LES RISQUES LIES A LA</line>
<line>PRESENCE DE CARRIERES SOUTERRAINES ET LES RISQUES LIES A LA DISSOLUTION</line>
<line>DU GYPSE SUR LE TERRITOIRE DE LA COMMUNE DE MONTIGNY-LES-CORMEILLES ET</line>
<line>ABROGEANT LES PERIMETRES R111-3 DELIMITES PAR ARRETE PREFECTORAL EN</line>
<line>DATE DU 8 AVRIL 1987 DEVENUS PPRN PAR DECRET DU 5 OCTOBRE 1995</line></par>
</text>
</block>
<block><region><rect/></region>
<text>
<par>
<line>Le Préfet du Val-d’Oise</line>
<line>Chevalier de la Légion d’Honneur</line>
<line>Chevalier de l’Ordre National du Mérite</line></par>
</text>
</block>
<block><region><rect/></region>
<text>
<par>
<line>VU !e code de l’environnement, notamment ses articles L 562-1 et suivants et R 562-1 et</line>
<line>suivants :</line></par>
<par>
<line>VU le code de l’urbanisme, et notamment ses articles L 126-1 et R 126-1 ;</line></par>
<par>
<line>VU la loi n°2010-788 du 12 juillet 2010 portant engagement national pour l’environnement et</line>
<line>notamment son article 222 ;</line></par>
<par>
<line>VU le décret n“2011-765 du 28 juin 2011 relatif à la procédure d’élaboration, de révision et de</line>
<line>modification des plans de prévention des risques (RPR) naturels prévisibles ;</line></par>
<par>
<line>VU l’arrêté préfectoral n°87-073 en date du 8 avril 1987 délimitant, au titre de l’article R111-3 du</line>
<line>Code de l’urbanisme aujourd’hui abrogé, des périmètres de risques liés à la présence</line>
<line>d’anciennes carrières souterraines abandonnées sur le territoire de la commune de Montigny-</line>
<line>lès-Cormeilles, devenus plans de prévention des risques à la date de publication du décret</line>
<line>n°95-1089 du 5 octobre 1995 ;</line></par>
<par>
<line>VU l’arrêté préfectoral n° 11834 en date du 23 avril 2014 prescrivant l’élaboration d’un plan de</line>
<line>prévention des risques naturels (PPRN) de mouvements de terrain liés à la présence de</line>
<line>carrières souterraines et prenant en compte les risques liés à la dissolution du gypse sur le</line>
<line>territoire de la commune de Montigny-lès-Cormeilles ;</line></par>
<par>
<line>VU le courrier en date du 18 octobre 2012 de MM les maires des communes de Montigny-lès-</line>
<line>Cormeilles, Cormeilles-en-Parisis, et La Frette-sur-Seine signalant des effondrements de la</line>
<line>chaussée de la route départementale RD 392 ;</line></par>
<par>
<line>VU la lettre recommandée en date du 29 octobre 2014 demandant l’avis réglementaire des</line>
<line>personnes et organismes publics associés à l’élaboration de ce PPRN, dans le délai de deux</line>
<line>mois à compter de la réception de la saisine ;</line></par>
<par>
<line>VU la réunion des personnes et organismes publics associés à l’élaboration du PPRN en date</line>
<line>du 7 novembre 2014 ;</line></par>
<par>
<line>VU I’ avis favorable du conseil municipal de la commune de Montigny-lès-Cormeilles, formulé</line>
<line>par délibération en date du 27 novembre 2014 ;</line></par>
</text>
</block>
<block><region><rect/></region>
<text>
<par>
<line>Direction départementale des territoires du Val-d'Oise</line>
<line>Préfecture - CS 20105 - 5 avenue Bernard Hirsch - 95010 Cergy-Pontoise Cedex</line>
<line>Téléphone : 01 34 25 24 73 - télécopie : 01 34 25 25 41 - courriel ; ddt-suad@val-ddse.gouv.fr site internet http://www.val-doise.gouv.fr/ /&gt;5iicS</line></par>
</text>
</block>



</page>
<page width="1653" height="2339" resolution="200">
<block><region><rect/></region>
<text>
<par>
<line>vu l'avis favorable du conseil général du Val-d’Oise, formulé par délibération en date du 19</line>
<line>décembre 2014 ;</line></par>
<par>
<line>VU les avis favorables tacites du conseil régional d'îie-de-France, de la chambre</line>
<line>interdépartementale d’agriculture d’île-de-France Ouest et du centre régional de la propriété</line>
<line>forestière, en l’absence d’avis formulé par leur organe délibérant dans le délai imparti ;</line></par>
<par>
<line>VU la décision en date du 15 janvier 2015 de la présidente du tribunal administratif de Cergy-</line>
<line>Pontoise désignant un commissaire-enquêteur titulaire et son suppléant ;</line></par>
<par>
<line>VU l’enquête publique, prescrite par arrêté préfectoral en date du 6 février 2015, qui s’est</line>
<line>déroulée en mairie de Montigny-lès-Cormeilles du 3 avril au 7 mai 2015, sur le projet de PPRN ;</line></par>
<par>
<line>VU le procès-verbal en date du 12 mai 2015 de synthèse des remarques recueillies par le</line>
<line>commissaire-enquêteur au cours de l’enquête publique ;</line></par>
<par>
<line>VU la lettre en réponse de la direction départementale des territoires du Val-d’Oise en date du</line>
<line>26 mai 2015 au procès-verbal du commissaire enquêteur ;</line></par>
<par>
<line>VU le rapport et les conclusions du commissaire enquêteur remis en préfecture le 5 juin 2015,</line>
<line>émettant un avis favorable assorti de deux réserves,</line></par>
<par>
<line>CONSIDERANT que les périmètres R111-3 délimités par arrêté préfectoral en date du 8 avril</line>
<line>1987, valant PPRN à la date de publication du décret n“95-1089 du 5 octobre 1995, sont</line>
<line>dépourvus de règlement spécifique de nature à orienter les précautions à prendre pour</line>
<line>prémunir les constructions existantes ou futures contre les risques d’effondrement des carrières</line>
<line>souterraines abandonnées,</line></par>
<par>
<line>CONSIDERANT que la commune de Montigny-lès-Cormeilles est exposée à des risques de</line>
<line>mouvements de terrain dus à la présence d’anciennes carrières et à la dissolution du gypse,</line></par>
<par>
<line>CONSIDERANT l’amélioration des connaissances en matière d’anciennes carrières</line>
<line>souterraines et de dissolution du gypse,</line></par>
<par>
<line>CONSIDERANT que le projet de PPRN, de par sa logique de prévention, est de nature à</line>
<line>améliorer la sécurité des biens et des personnes,</line></par>
</text>
</block>
<block><region><rect/></region>
<text>
<par>
<line>SUR proposition de Monsieur le secrétaire générai de la préfecture du Val-d’Oise,</line></par>
</text>
</block>
<block><region><rect/></region>
<text>
<par>
<line>ARRETE</line></par>
</text>
</block>
<block><region><rect/></region>
<text>
<par>
<line>ARTICLE Le présent arrêté approuve le plan de prévention des risques naturels de</line>
<line>mouvements de terrain dus :</line></par>
<par>
<line>• à la présence de carrières souterraines.</line></par>
<par>
<line>• à la dissolution du gypse.</line></par>
<par>
<line>ARTICLE 2 : Le plan de prévention des risques naturels de mouvements de terrain comprend :</line></par>
<par>
<line>• une note de présentation,</line></par>
<par>
<line>• un règlement,</line></par>
<par>
<line>• des recommandations,</line></par>
<par>
<line>• des documents graphiques,</line></par>
<par>
<line>• des annexes.</line></par>
</text>
</block>
<block><region><rect/></region>
<text>
<par>
<line>2/3</line></par>
</text>
</block>


</page>
<page width="1666" height="2348" resolution="200">
<block><region><rect/></region>
<text>
<par>
<line>ARTICLE 3 : Les périmètres R111-3 délimités par arrêté préfectoral en date du 8 avril 1987</line>
<line>valant plan de prévention des risques par décret n®95-1089 du 5 octobre 1995 sont abrogés.</line></par>
<par>
<line>ARTICLE 4 : Le présent arrêté, accompagné du PPRN, est notifié aux personnes et</line>
<line>organismes publics, consultés lors de son élaboration, listés dans l’arrêté préfectoral de</line>
<line>prescription en date du 23 avril 2014.</line></par>
<par>
<line>Le PPRN approuvé est tenu à la disposition du public à la préfecture du Val-d’Oise, à ta</line>
<line>communauté d’agglomération Le Parisis et à la mairie de Montigny-lès-Cormeilles.</line></par>
<par>
<line>Il sera également mis en ligne sur le site internet de la préfecture du Val-d’Oise.</line></par>
<par>
<line>Le présent arrêté sera publié au recueil des actes administratifs de l’État, fera l’objet d’un</line>
<line>affichage à la communauté d’agglomération Le Parisis et à la mairie de Montigny-lès-Cormeilles</line>
<line>pendant un mois au moins et mention de cet arrêté sera insérée par les soins du préfet dans un</line>
<line>journal local.</line></par>
<par>
<line>ARTICLE 5 : Le présent plan de prévention, valant servitude d’utilité publique, devra être</line>
<line>annexé au plan local d’urbanisme de la commune de Montigny-lès-Cormeilles, dans le délai de</line>
<line>trois mois suivant la date de sa notification, conformément aux dispositions de l’article 126-1 du</line>
<line>code de l’urbanisme.</line></par>
<par>
<line>ARTICLE 6 : En application des dispositions des articles R421-1 et R421-5 du code de justice</line>
<line>administrative, le présent arrêté peut faire l’objet d’un recours contentieux devant le tribunal</line>
<line>administratif de Cergy-Pontoise dans le délai de deux mois à compter de la date</line>
<line>d’accomplissement de sa dernière mesure de publicité.</line></par>
<par>
<line>ARTICLE 7 : Monsieur le secrétaire général de la préfecture du Val-d’Oise, Monsieur le</line>
<line>président de la communauté d’agglomération Le Parisis, Monsieur le député-maire de</line>
<line>Montigny-lès-Cormeilles et Monsieur le directeur départemental des territoires du Val-d’Oise</line>
<line>sont chargés, chacun en ce qui le concerne, de l’exécution du présent arrêté.</line></par>
</text>
</block>
<block><region><rect/></region>
<text>
<par>
<line>Fait à Cergy-Pontoise, le ^ 0 Mi 2015</line></par>
</text>
</block>
<block><region><rect/></region>
<text>
<par>
<line>Le</line></par>
</text>
</block>
<block><region><rect/></region>
<text>
<par>
<line>pr</line></par>
</text>
</block>
<block><region><rect/></region>
<text>
<par>
<line>Les</line></par>
</text>
</block>
<block><region><rect/></region>
<text>
<par>
<line>î Gcn;j</line></par>
</text>
</block>
<block><region><rect/></region>
<text>
<par>
<line>crc</line></par>
</text>
</block>
<block><region><rect/></region>
<text>
<par>
<line>1 BARNIER</line></par>
</text>
</block>
<block><region><rect/></region>
<text>
<par>
<line>3/3</line></par>
</text>
</block>





</page>
</PM1>