<?xml version="1.0" encoding="UTF-8"?><PM1>
<page width="2479" height="3504" resolution="300">
<block><region><rect/></region>
<text>
<par>
<line>Liberté • Égalité • Fraternité</line></par>
<par>
<line>RÉPUBLIQUE Française</line></par>
</text>
</block>
<block><region><rect/></region>
<text>
<par>
<line>PREFET DU TARN</line></par>
<par>
<line>DIRECTION DÉPARTEMENTALE</line>
<line>DES TERRITOIRES</line></par>
<par>
<line>Service eau, risques, environnement</line>
<line>et sécurité</line></par>
<par>
<line>Bureau prévention des risques</line></par>
</text>
</block>
<block><region><rect/></region>
<text>
<par>
<line>Arrêté du 31 JUIL. 2017</line></par>
<par>
<line>portant approbation de la modification du plan de prévention des risques</line>
<line>d'inondation du bassin versant du Dadou sur la commune de Réalmont.</line></par>
</text>
</block>
<block><region><rect/></region>
<text>
<par>
<line>Le préfet du Tarn,</line></par>
<par>
<line>Chevalier de la Légion d’honneur,</line>
<line>Chevalier de l'ordre national du Mérite,</line></par>
</text>
</block>
<block><region><rect/></region>
<text>
<par>
<line>Vu le code de l'environnement et ses articles L562-4-1 et R562-10 relatifs à la procédure de</line>
<line>modification des plans de prévention des risques naturels prévisibles ;</line></par>
<par>
<line>Vu le décret n°95-1089 du 5 octobre 1995 relatif aux plans de prévention des risques naturels</line>
<line>prévisibles ;</line></par>
<par>
<line>Vu l'arrêté préfectoral du 30 mars 2012 approuvant le plan de prévention des risques</line>
<line>d'inondation du bassin versant du Dadou ;</line></par>
<par>
<line>Vu la décision du tribunal de Toulouse du 03 mars 2015 prononçant l'annulation partielle de</line>
<line>l'arrêté préfectoral du 30 mars 2012 pour les parcelles cadastrées section C n°514 et n°515, et</line>
<line>section D n°331 et n°336 ;</line></par>
<par>
<line>Vu l'arrêté préfectoral du 30 avril 2015 portant prescription de la modification du plan de</line>
<line>prévention du risque naturel inondation du bassin versant du Dadou sur la commime de</line>
<line>Réalmont ;</line></par>
<par>
<line>Vu l'avis tacite du conseil municipal de la commune de Réalmont, exprimé en application de</line>
<line>l'article R562-7 du code de l'environnement ;</line></par>
<par>
<line>Vu l'avis tacite de la commimauté de communes Centre Tarn, exprimé en application de</line>
<line>l'article R562-7 du code de l'environnement ;</line></par>
<par>
<line>Vu le décret du Président de la République du 23 août 2016 portant nomination de Monsieur</line>
<line>Jean-Michel MOUGARD en qualité de préfet du Tarn ;</line></par>
<par>
<line>Considérant l'article 2 de la décision du tribunal administratif de Toulouse en date du 3 mars</line>
<line>2015, qui enjoint au préfet du Tarn de procéder au réexamen du classement des parcelles</line>
<line>cadastrées section C n°514 et n°515, section D n° 331 et n° 336.</line></par>
</text>
</block>

</page>
<page width="2479" height="3504" resolution="300">
<block><region><rect/></region>
<text>
<par>
<line>Sur proposition du directeur départemental des territoires du Tarn,</line></par>
</text>
</block>
<block><region><rect/></region>
<text>
<par>
<line>ARRETE</line></par>
</text>
</block>
<block><region><rect/></region>
<text>
<par>
<line>Article 1 : La modification du plan de prévention des risques d'inondation du bassin versant</line>
<line>du Dadou est approuvée sur le territoire de la eommune de Réalmont, pour les parcelles</line>
<line>eadastrées seetion C n°514 et n°515, et section D n°331 et n°336.</line></par>
<par>
<line>Article 2 : Les modifieations concernent la cartographie du zonage réglementaire au</line>
<line>1/10 000 éme et au 1/5 000 éme pour les parcelles cadastrées visées à l'artiele 1.</line></par>
<par>
<line>Article 3 : Conformément à l'article L562-4 du eode de l'environnement, la modifieation du</line>
<line>plan de prévention des risques d'inondation du bassin versant du Dadou sur la commune de</line>
<line>Réalmont, vaut servitude d'utilité publique.</line></par>
<par>
<line>Article 4 : En application de l'artiele R562-10-2 du eode de l'environnement, le présent arrêté</line>
<line>sera notifié au maire de la commune de Réalmont ainsi qu'au président de la communauté de</line>
<line>eommunes du Centre Tarn, qui procéderont à son affiehage pendant un mois au minimum.</line>
<line>Ces mesures de publieité seront justifiées par un eertifieat d'affiehage.</line></par>
<par>
<line>Article 5 : Conformément à l'article R562-9 du code de l'environnement, le présent arrêté fera</line>
<line>l'objet d'une mention au recueil des actes administratifs de la préfeeture du Tarn, il sera</line>
<line>également publié dans un journal diffusé dans le département.</line></par>
<par>
<line>Article 6 : Le présent arrêté, ainsi que les modifieations apportées, seront à la disposition du</line>
<line>public dans les loeaux de la mairie de Réalmont ou de la eommunauté de communes du</line>
<line>Centre Tarn. Ils seront également eonsultables sur le site internet de la préfecture du Tarn.</line></par>
<par>
<line>Article 7 : Le directeur de cabinet de la préfeeture du Tarn, le maire de la eommune de</line>
<line>Réalmont, le président de la eommunauté de eommunes du Centre Tarn, ainsi que le directeur</line>
<line>départemental des territoires du Tarn, sont chargés, chacun en ee qui le eonceme, de</line>
<line>l'exéeution du présent arrêté.</line></par>
</text>
</block>
<block><region><rect/></region>
<text>
<par>
<line>Aibi, le 3 t JUIL. 2017</line></par>
</text>
</block>
<block><region><rect/></region>
<text>
<par>
<line>réfet.</line></par>
</text>
</block>
<block><region><rect/></region>
<text>
<par>
<line>an-Michel M</line></par>
</text>
</block>
<block><region><rect/></region>
<text>
<par>
<line>UGARD</line></par>
</text>
</block>
<block><region><rect/></region>
<text>
<par>
<line>Délais et voies de recours - La présente décision peut faire l’objet d’un recours contentieux devant le</line>
<line>tribunal administratif de Toulouse dans les deux mois à compter de sa notification ou de sa</line>
<line>publication.</line></par>
</text>
</block>

</page>
</PM1>