<?xml version="1.0" encoding="UTF-8"?><PM1>
<page width="1656" height="2337" resolution="200">
<block><region><rect/></region>
<text>
<par>
<line>^ DIRECTION</line>
<line>DÉPARTEMENTALE DE</line>
<line>L’AGRICULTURE</line>
<line>ET DE LA FORÊT</line></par>
</text>
</block>
<block><region><rect/></region>
<text>
<par>
<line>C? SERVICE</line>
<line>ENVIRONNEMENT</line>
<line>FORET AMENAGEMENT</line></par>
</text>
</block>
<block><region><rect/></region>
<text>
<par>
<line>Liberté • Égalité ♦ Fraternité</line></par>
<par>
<line>RÉPUBuauE Française</line></par>
<par>
<line>PRÉFECTURE DES ALPES-MARITIMES</line></par>
<par>
<line>ARRETE 2007 -</line></par>
<par>
<line>Portant approbation du plan de prévention des risques naturels prévisibles</line>
<line>d'incendies de forêt de lo commune de Chateauneuf</line></par>
</text>
</block>
<block><region><rect/></region>
<text>
<par>
<line>Le Préfet des Alpes-Maritimes</line>
<line>Officier de la Légion d'honneur</line>
<line>Officier de l'Ordre national du Mérite,</line></par>
</text>
</block>
<block><region><rect/></region>
<text>
<par>
<line>Vu le code de l'environnement et notamment les articles L562-1 à L562-5 relatifs aux</line>
<line>plans de prévention des risques naturels prévisibles, les articles Li23-1 et suivants ainsi</line>
<line>que R123-1 et suivants relatifs o la procédure et au déroulement de l'enquête publique.</line></par>
<par>
<line>Vu le décret n° 95-1089 du 5 octobre 1995 modifié, relotif aux pians de prévention des</line>
<line>risques naturels prévisibles.</line></par>
<par>
<line>Vu le code forestier et notamment Livre 3 Titre II,</line></par>
<par>
<line>Vu l'arrêté préfectoral en date du 30 janvier 2002 prescrivant l'élaboration du pion de</line>
<line>prévention des risques naturels prévisibles d'incendies de forêt sur le territoire de la</line>
<line>commune de Chateauneuf,</line></par>
<par>
<line>Vu l'arrêté préfectoroi du 12 moi 2006 prescrivant l'enquête publique sur le pion de</line>
<line>prévention des risques naturels prévisibles d'incendie de forêt de lo commune de</line>
<line>Chateauneuf,</line></par>
<par>
<line>Vu les lettres en dote du 11 avril 2006 transmettant le projet de plan de prévention des</line>
<line>risques naturels prévisibles d'incendie de forêt sur la commune de Chateauneuf pour ovis o</line>
<line>la commune de Chateauneuf, a la communauté d'oggiomération de Sophia-Antipolis, ou</line>
<line>Conseil Régional de Provence-Alpes-Cote d'Azur, ou Conseil Général des Alpes-Maritimes,</line>
<line>à la Chambre d'Agriculture des Alpes-Moritimes, ou Centre Régional de la Propriété</line>
<line>Forestière de Provence-Alpes-Cote d’Azur et ou Service Départemental d'incendie et de</line>
<line>Secours,</line></par>
<par>
<line>Vu l'avis défavoroble de la Chambre d'Agriculture du 4 mai 2006,</line></par>
<par>
<line>Vu l'ovis favorable du Service Déportementoi d'incendie et de Secours du 11 mai 2006,</line></par>
<par>
<line>Vu l'avis défavoroble du Conseil Municipal de la commune de Chateouneuf du 8 juin 2006,</line></par>
<par>
<line>Vu l'ovis de la communouté d'oggiomération de Sophio-Antipolis demandent que soit pris en</line>
<line>compte les observotions de la commune du 16 juin 2006.</line></par>
<par>
<line>Vu les ovis sons observations porticulières du Conseil Régionol de Provence-Alpes-Cote</line>
<line>d'Azur le 2 juin 2006, du Conseil Général des Alpes-Maritimes le 21 juin 2006, et du</line>
<line>Centre Régional de la Propriété Forestière de Provence-Alpes-Cote d’Azur le 22 mai 2006</line></par>
<par>
<line>Vu le ropport et les conclusions du Commissoire-enquêteur,</line></par>
<par>
<line>Vu l'avis de la sous-commission départementale pour lo sécurité contre les risques</line>
<line>d'incendie de forêt, lande, maquis et gorrigue du 20 mars 2007,</line></par>
</text>
</block>





</page>
<page width="1657" height="2338" resolution="200">
<block><region><rect/></region>
<text>
<par>
<line>Considéront que les avis et (es observotions déposés (ors de l'enquête publique justifient</line>
<line>des modifications du zonoge et du règlement por rapport ou projet de pion de prévention</line>
<line>des risques naturels prévisibles d’incendie de forêt soumis o l'enquête publique,</line></par>
<par>
<line>ARRETE:</line></par>
<par>
<line>Article l*'* I Est opprouvé le plan de prévention des risques naturels prévisibles</line>
<line>d'incendie de forêt sur la commune de Choteouneuf tel qu'onnexé ou présent orrêté.</line></par>
<par>
<line>II II est tenu o la disposition du public :</line></par>
<par>
<line>&gt; A la mairie de Choteouneuf tous les jours ouvrables aux heures habituelles d'ouverture de la</line>
<line>mairie,</line></par>
<par>
<line>&gt; A lo Direction Déportementole de l'Agriculture et de la Forêt des Alpes-Moritimes (centre</line>
<line>administrotif départemental à Nice) aux heures d'ouverture de bureou,</line></par>
<par>
<line>&gt; A la Communauté d'Agglomération de Sophia Antipolis aux heures d'ouverture de bureau,</line></par>
<par>
<line>III Ce plan de prévention des risques naturels prévisibles comporte :</line></par>
<par>
<line>&gt; Un rapport de présentation,</line></par>
<par>
<line>&gt; Un règlement,</line></par>
<par>
<line>&gt; Un plan de zonoge,</line></par>
<par>
<line>&gt; Une carte de localisation des trovoux obligotoires,</line></par>
<par>
<line>&gt; Une carte de l'aléa feux de forêt,</line></par>
<par>
<line>&gt; Une carte des enjeux d'occupation du sol,</line></par>
<par>
<line>&gt; Une corte des enjeux d'équipement (voiries).</line></par>
<par>
<line>Article 2 Le présent arrêté fero l'objet d'une mention ou recueil des actes</line>
<line>administrotifs du département oinsi que dans les deux journoux locoux ci-après désignés :</line>
<line>« Nice-Matin » et « Le Patriote Côte d’Azur ». Une copie de l'arrêté sera affichée en</line>
<line>mairie pendant un mois au minimum.</line></par>
<par>
<line>Article 3 Des copies du présent orrêté seront adressées o :</line></par>
<par>
<line>M. le Moire de la commune de Choteouneuf,</line></par>
<par>
<line>M. le Président de lo Communauté d'Agglomérotion de Sophia Antipolis</line>
<line>M. le Sous-Préfet de l'orrondissement de Srasse,</line></par>
<par>
<line>M. le Directeur du Service Interministériel de Défense et de Protection Civile,</line></par>
<par>
<line>Mme lo Ministre de l'Ecologie et du Développement Durable,</line></par>
<par>
<line>M. le Président du Conseil Régional de Provence-Alpes-Côte d'Azur,</line></par>
<par>
<line>M. le Président du Conseil Sénérol des Alpes-Maritimes,</line></par>
<par>
<line>M. le Directeur Régional de l'Environnement Provence-Alpes-Côte d'Azur,</line></par>
<par>
<line>M. le Président du Centre Régionol de la Propriété Forestière,</line></par>
<par>
<line>M. le Directeur Déportementol de l'Agriculture et de la Forêt,</line></par>
<par>
<line>M. le Président de la Chombre d'Agriculture des Alpes-Maritimes.</line></par>
<par>
<line>M. le Directeur Déportementol de l'Equipement,</line></par>
<par>
<line>M. le Directeur du Service Départemental d'incendie et de Secours,</line></par>
<par>
<line>M. le Chef d'Agence de l’Office National des Forêts,</line></par>
<par>
<line>M. le Président de l'Associotion Déportementole des Comités Communaux Feux de Forêts</line>
<line>des Alpes-Moritimes,</line></par>
</text>
</block>
<block><region><rect/><rect/></region>
<text>
<par>
<line>Nice, -j 2 AVR. ?007</line>
<line>Pourfe Préfet,</line></par>
<par>
<line>Le Pré#^(de5r^iy||es Moritimes</line></par>
<par>
<line>Directeur dp Cabinet</line></par>
<par>
<line>CAB-.A 2561</line></par>
</text>
</block>
<block><region><rect/></region>
<text>
<par>
<line>JacqueS^ILLANT</line></par>
</text>
</block>





</page>
</PM1>