<?xml version="1.0" encoding="UTF-8"?><PM1>
<page width="2680" height="3567" resolution="300">
<block><region><rect/></region>
<text>
<par>
<line>LiJrer/ip - • Fratsrniti:</line></par>
<par>
<line>RÉPUBuauE Française</line></par>
</text>
</block>
<block><region><rect/></region>
<text>
<par>
<line>direction</line>
<line>départementale</line>
<line>de l’Équipement</line></par>
<par>
<line>Haute-Corse</line></par>
<par>
<line>m</line></par>
<par>
<line>service de</line>
<line>l’urbanisme</line>
<line>et de l’habitat</line></par>
<par>
<line>bureau admini^ratif</line></par>
</text>
</block>
<block><region><rect/></region>
<text>
<par>
<line>PREFECTURE DE HAUTE-CORSE</line></par>
</text>
</block>
<block><region><rect/></region>
<text>
<par>
<line>ARRÊTE WOZfZZS'i</line>
<line>En date du ‘“2 DEC. 2002</line></par>
<par>
<line>Portant approbation du Plan de Prévention du</line>
<line>Risque « Inondation » du bassin versant de la</line>
<line>Pietracorbara sur le territoire de la commune</line>
<line>de PIETRACORBARA.</line></par>
</text>
</block>
<block><region><rect/></region>
<text>
<par>
<line>LE PREFET DE HAUTE-CORSE</line>
<line>CHEVALIER DE L’ORDRE NATIONAL DU MERITE</line></par>
</text>
</block>
<block><region><rect/></region>
<text>
<par>
<line>Vu la loi n° 95-101 du 2 février 1995 relative au renforcement de la protection de</line>
<line>l’environnement, modifiant et complétant la loi n° 87-565 du 22 juillet 1987,</line></par>
<par>
<line>Vu le décret n° 95-1089 du 5 octobre 1995 relatif aux plans de prévention des</line>
<line>risques naturels prévisibles et notamment son article 7,</line></par>
<par>
<line>Vu l’arrêté préfectoral n°01/1934 du 12 décembre 2001 portant prescription d’un</line>
<line>plan de prévention face au risque « inondation » sur le territoire de la commune de</line>
<line>Pietracorbara,,</line></par>
<par>
<line>Vu l’étude effectuée par le CETE d’Aix-en-Provence en 1998 et reprise en</line>
<line>décembre 2001,</line></par>
<par>
<line>Vu la consultation du conseil municipal de la commune de Pietracorbara le 16 mai</line></par>
<par>
<line>2002,</line></par>
<par>
<line>Vu la consultation du Président de la chambre d’agriculture de Haute-Corse le 16</line>
<line>mai 2002,</line></par>
</text>
</block>







</page>
<page width="2647" height="3574" resolution="300">
<block><region><rect/></region>
<text>
<par>
<line>2/3</line></par>
</text>
</block>
<block><region><rect/></region>
<text>
<par>
<line>Vu la consultation du Directeur Départemental de Haute-Corse de l’agriculture et</line>
<line>de la forêt le 16 mai 2002,</line></par>
<par>
<line>Vul’ avis réputé favorable du conseil municipal de la commune de Pietracorbara,,</line></par>
<par>
<line>Vu r avis favorable du Directeur Départemental de Haute-Corse de l’agriculture et</line>
<line>de la forêt le 23 mai 2002,</line></par>
<par>
<line>Vu 1 ’avis du Président de la chambre d’agriculture de Haute-Corse le 11 juillet</line></par>
<par>
<line>2002,</line></par>
<par>
<line>Vu l’arrêté préfectoral n° 2002/265 du 01 juillet 2002 prescrivant l’ouverture de</line>
<line>l’enquête publique préalable à l’approbation du plan de prévention du risque</line>
<line>« inondation » du bassin versant de la Pietracorbara, sur le territoire de la commune</line>
<line>de Pietracorbara,</line></par>
<par>
<line>Vu l’enquête publique qui s’est déroulée du 23 juillet 2002 au 20 août 2002 inclus,</line>
<line>Vul ’avis favorable du commissaire enquêteur en date du 05 septembre 2002,</line></par>
<par>
<line>Sur proposition du Directeur Départemental de l’Equipement,</line></par>
</text>
</block>
<block><region><rect/></region>
<text>
<par>
<line>ARRÊTE</line></par>
</text>
</block>
<block><region><rect/></region>
<text>
<par>
<line>Article ; Le plan de prévention du risque « inondation » du bassin versant de la</line>
<line>Pietracorbara sur le territoire de la commune de Pietracorbara est approuvé tel qu’il</line>
<line>est annexé au présent arrêté.</line></par>
<par>
<line>Article 2 : Le présent arrêté fera l’objet d’une mention au recueil des actes</line>
<line>administratifs de l’Etat dans le département, ainsi que dans deux journaux régionaux</line>
<line>ou locaux diffusés dans le département.</line></par>
<par>
<line>Article 3 ; Une copie du présent arrêté sera affichée pendant 1 mois au minimum en</line>
<line>mairie de Pietracorbara.</line></par>
<par>
<line>Article 4 : Le plan approuvé sera tenu à la disposition du public en Préfecture</line>
<line>(direction départementale de l’équipement, service de l’urbanisme et de l’habitat,</line>
<line>bureau des risques naturels majeurs) et à la mairie de Pietracorbara.</line></par>
<par>
<line>Cette mesure de publicité fera l’objet d’une mention sur l’affichage prévu à l’article</line>
<line>3 ci-dessus.</line></par>
<par>
<line>Article 5 ; MM le Secrétaire Général de la Préfecture, le Directeur Départemental</line>
<line>de l’Equipement, le Maire de Pietracorbara sont chargés, chacun en ce qui le</line>
<line>concerne, de l’exécution du présent arrêté dont ampliation sera adressée à :</line></par>
</text>
</block>














</page>
<page width="2686" height="3599" resolution="300">
<block><region><rect/></region>
<text orientation="RotatedCounterclockwise">
<par>
<line>s s 2 s s a s g</line></par>
</text>
</block>
<block><region><rect/></region>
<text>
<par>
<line>3/3</line></par>
</text>
</block>
<block><region><rect/></region>
<text>
<par>
<line>Le Secrétaire Général de la Préfecture de Haute-Corse</line>
<line>Le Directeur de l’OfiGce de l’Environnement de la Corse</line>
<line>Le Directeur Régional de l’Environnement</line>
<line>Le Directeur Régional de l’Equipement</line>
<line>Le chef du service départemental d’incendie et de secours</line>
<line>Le Directeur Départemental de l’Agriculture et de la Forêt</line>
<line>Le Directeur Départemental de l’Equipement</line>
<line>Le Maire de la commune de Pietracorbara</line></par>
</text>
</block>
<block><region><rect/></region>
<text>
<par>
<line>LeTréfet</line></par>
</text>
</block>

















</page>
</PM1>