<?xml version="1.0" encoding="UTF-8"?><PM1>
<page width="2504" height="3522" resolution="300">
<block><region><rect/></region>
<text>
<par>
<line>Ubrrti * Êgftlllé * Frctirnltf</line></par>
<par>
<line>RÉFUBUQPE FRANÇAISE</line></par>
<par>
<line>PRÉFET DES ALPES-DE-HADTE-PROVENCE</line></par>
</text>
</block>
<block><region><rect/></region>
<text>
<par>
<line>DlRECnON DEPARTEMENIALE 0ES TERRITOIRES</line>
<line>Service ËnviroiineQieat Ekqoes</line></par>
</text>
</block>
<block><region><rect/></region>
<text>
<par>
<line>DigRc-les-Bains, le</line></par>
</text>
</block>
<block><region><rect/></region>
<text>
<par>
<line>1 ir</line></par>
</text>
</block>
<block><region><rect/></region>
<text>
<par>
<line>ARRETE PREFECTORAL N® 2013-</line>
<line>portant approbation du plan de prévisitioii des risques</line>
<line>naturels prévisibles de la commune de Reillanne.</line></par>
</text>
</block>
<block><region><rect/></region>
<text>
<par>
<line>LE PRÉFET DES ALPES-DE-HAUTE-PROVENCE</line></par>
<par>
<line>Chevalier de l'Ordre National de la Légion d'Honneur</line>
<line>Chevalier de l'Ordre National du Mérite</line></par>
</text>
</block>
<block><region><rect/><rect/><rect/></region>
<text>
<par>
<line>VU le code de l’enviroiinemait, notamment ses articles L. 562-1 à L. 562-9, R. 562-1 à R. 562-</line>
<line>10 relatife aux plans de prévention des risques naturels prévisibles et R, 123-1 à R 123-23</line>
<line>relatifs à la procédure et au déroulement de i'^uêle publique ;</line></par>
<par>
<line>VU le code de l'urbanisme ;</line></par>
<par>
<line>VU le code de la construction et de l'habitation ;</line></par>
<par>
<line>VU le code des assurances ;</line></par>
<par>
<line>VU le décret n“2004-374 du 29 avril 2004 rdatif aux pouvoirs des préfets, à i'or^nisation ou à</line></par>
<par>
<line>l'action des services de TÉtiit dans les régions et les d^artements ;</line></par>
<par>
<line>VU le décret n®2005-1156 du 13 s^tembre 2005 relatif au plan communal de sauvegarde pris</line>
<line>pour l'application de l'article 13 de la loi n®2004-881 du 13 août 2004 de modernisation de la</line>
<line>sécurité dvile ;</line></par>
<par>
<line>VU l'arrêté préfectoral n”2üü9-2ü57 du 07 octobre 2009 prescrivant l'élaboration du plan de</line>
<line>prévention des risques naturels prévisibles de la commune de Reillanne;</line></par>
<par>
<line>VU les délibérations et avis formulés par les personnes publiques consultées sur le présent plan</line>
<line>au titre de l'article R.562-7 du code de renviroimement ;</line></par>
<par>
<line>VU l'arrêté préfectoral n®2012-2001 du 04 octobre 2012 prracrivant l'ouverture de l'enquête</line>
<line>publique portant sur le projet de plan de prévention des risques naturels prévisible de la</line>
<line>commune de ReUlanne ;</line></par>
<par>
<line>DIRECnON DEPARTEMEhTTALE DES TERRITOIRES</line>
<line>AVENUE DEMONTZEY BP 211 04002 DIGNE-LES-BAINS CEDEX -Téléphone 04.92.30.S5.ÜÜ</line>
<line>Hoiæres d'ouvetture au pid^c ; de 9h h 11 h '^0 f*! de I4h 15 à i Ah 15^ du lundi un vendredi</line>
<line>Site înteitid : wwiY.B!pes-&lt;le-hautc-provtMice.pref.gfiuv.fr</line></par>
</text>
</block>
<block><region><rect/></region>
<text>
<par>
<line>30</line></par>
</text>
</block>





</page>
<page width="2479" height="3504" resolution="300">
<block><region><rect/></region>
<text>
<par>
<line>ARTICLE 6 - Délais et voies de recours :</line></par>
</text>
</block>
<block><region><rect/></region>
<text>
<par>
<line>Le pr&amp;ettt acfêté peut feire l'objet :</line></par>
<par>
<line>- d'un recours gracieux anpr^ du Préfet des Alpes-de-Haute-Provence ;</line></par>
<par>
<line>- d'un recours hiérarchique atqnrès du Mimstre de l'intérieur, de l'outre-mer, dœ collectivités</line>
<line>territoriales et de l'hnmi^ation, direction de la sécurité dvile ;</line></par>
<par>
<line>- d'un recours contentieux devant le Tribunal adunnistratif de Marseille ( 22-24, Rue Breteuil</line>
<line>13281 MARSEILLE Cedex 6 )</line></par>
</text>
</block>
<block><region><rect/></region>
<text>
<par>
<line>dans un délai de deux mois à compter de sa notification.</line></par>
</text>
</block>
<block><region><rect/></region>
<text>
<par>
<line>/w«/va</line></par>
<par>
<line>Michel PâPAUD</line></par>
</text>
</block>
<block><region><rect/></region>
<text>
<par>
<line>Page4</line></par>
</text>
</block>
<block><region><rect/></region>
<text>
<par>
<line>31</line></par>
</text>
</block>


</page>
</PM1>