<?xml version="1.0" encoding="UTF-8"?><PM1>
<page width="1654" height="2338" resolution="200">
<block><region><rect/></region>
<text>
<par>
<line>lihtrti » tgdlitâ • PnUmiÜi</line>
<line>RÉFUBUQpE ÏRAMCAia</line></par>
<par>
<line>PRÉFET DE LA HAUTE-LOIRE</line></par>
</text>
</block>
<block><region><rect/></region>
<text>
<par>
<line>ARRADDrobPPRIStPierEvnacJC.odt</line></par>
<par>
<line>DIRECTION DES POLITIQUES PUBLIQUES ET DE L'ADMINISTRATION LOCALE</line></par>
<par>
<line>ARRETE N® DIPPAL-B3-2010/-(^4</line></par>
<par>
<line>portant approbation du Plan de Prévention du Risque Inondation (P.P.R.I.) de la Sumène sur la</line></par>
<par>
<line>commune de St-Pierre-Eynac</line></par>
<par>
<line>LE PREFET DE LA HAUTE-LOIRE,</line></par>
<par>
<line>Chevalier de l’Ordre National du Mérite,</line></par>
<par>
<line>VU le code de l'urbanisme ;</line></par>
<par>
<line>VU le code de la construction et de l’habitation ;</line></par>
<par>
<line>VU le code de l'expropriation pour cause d’utilité publique, notamment ses articles R 11-4 à R 11-14 ;</line></par>
<par>
<line>VU le code de l'environnement, articles L 562.1 et suivants et R 562-1 et suivants ;</line></par>
<par>
<line>VU l’arrêté préfectoral du 9 mars 2001 prescrivant l’établissement d'un Plan de Prévention du Risque</line>
<line>Inondation (P.P.R.I.) de la Suméne sur la commune de St-Pierre-Eynac ;</line></par>
<par>
<line>VU les pièces du dossier établi par les services de la direction départementale des territoires ;</line></par>
<par>
<line>VU l’avis favorable sous réserve du 20 janvier 2009 du conseil municipal de St-Pierre-Eynac ;</line></par>
<par>
<line>VU l’avis réputé favorable du conseil de la communauté de communes du Meygal ;</line></par>
<par>
<line>VU l’avis favorable du 15 janvier 2009 du Centre régional de la propriété forestière d'Auvergne ;</line></par>
<par>
<line>VU l’avis favorable du 5 février 2009 du Conseil Général de la Haute-Loire ;</line></par>
<par>
<line>VU l’avis favorable sous réserve émis le 2 février 2009 par la chambre d’agriculture ;</line></par>
<par>
<line>VU le dossier adressé à la Préfecture le 4 février 2010 pour être soumis à enquête publique ;</line></par>
<par>
<line>VU l'arrêté préfectoral n° DIPPAL-B3-2010/47 du 5 mars 2010 prescrivant l'enquête publique relative au</line>
<line>projet d'établissement d'un Plan de Prévention du Risque Inondation (P.P.R.I) de la Sumène sur la commune</line>
<line>de St-Pierre-Eynac du 29 mars au 29 avril 2010 inclus :</line></par>
<par>
<line>VU l'avis favorable émis le 28 mal 2010 par le commissaire enquêteur ;</line></par>
<par>
<line>VU ie courrier du 13 octobre 2010 du Directeur départementai des territoires ;</line></par>
<par>
<line>Considérant que les résultats de ladite enquête ne nécessitent pas de modification du dossier ;</line></par>
<par>
<line>SUR proposition du Directeur départemental des territoires ;</line></par>
<par>
<line>ARRETE:</line></par>
</text>
</block>
<block><region><rect/></region>
<text>
<par>
<line>ARTICLE 1er - Est approuvé, tel qu'il est annexé au présent arrêté, le Plan de Prévention du Risque</line>
<line>Inondation (PPRI) de la Sumène sur la commune de St-Pierre-Eynac.</line></par>
</text>
</block>







</page>
<page width="1660" height="2342" resolution="200">
<block><region><rect/></region>
<text>
<par>
<line>ARTICLE 2 - Le présent arrêté fera l'objet d’une mention au recueil des actes administratifs de la Préfecture</line>
<line>ainsi que dans un journal diffusé dans le département.</line></par>
<par>
<line>ARTICLE 3 - Une copie du présent arrêté sera affichée à la mairie de St-Pierre-Eynac et au siège de la</line>
<line>communauté de communes du Meygal pendant une durée minimum de 1 mois.</line></par>
<par>
<line>ARTICLE 4 - Le Plan de Prévention du Risque Inondation sera tenu à la disposition du public :</line></par>
<par>
<line>- à la Préfecture de la Haute-Loire,</line></par>
<par>
<line>- à ia Direction départementale des territoires,</line></par>
<par>
<line>- à la Mairie de St-Pierre-Eynac,</line></par>
<par>
<line>- au siège de la communauté de communes du Meygal.</line></par>
<par>
<line>ARTICLE 5 - Le présent arrêté sera notifié à :</line></par>
<par>
<line>- M. le Maire de St-Pierre-Eynac,</line></par>
<par>
<line>- M. le Président de la communauté de communes du Meygal,</line></par>
<par>
<line>- M. le Directeur départemental des territoires,</line></par>
<par>
<line>- M. le Directeur régional de l’environnement Auvergne,</line></par>
<par>
<line>- M. le Ministre de l'écologie, de l’énergie, du développement durable et de la mer.</line></par>
<par>
<line>ARTICLE 6 - Le présent P.P.R.I. valant servitude d’utilité publique sera annexé au document d'urbanisme de</line>
<line>la commune de St-Pierre-Eynac qui sera mis à jour conformément aux dispositions prévues à l’article R</line>
<line>126.2 du code de l'urbanisme.</line></par>
<par>
<line>ARTICLE 7 - Le Secrétaire Général de la Préfecture de la Haute-Loire, le Directeur des Services du Cabinet,</line>
<line>le Maire de St-Pierre-Eynac, le Président de la communauté de communes du Meygal et le Directeur</line>
<line>départemental des territoires sont chargés, chacun en ce qui le concerne, de l’exécution du présent arrêté,</line></par>
</text>
</block>
<block><region><rect/></region>
<text>
<par>
<line>Au PUY-EN-VELAY, le L G</line></par>
</text>
</block>
<block><region><rect/><rect/></region>
<text>
<par>
<line>Pour le Préfet</line>
<line>Le Secrétaire Général</line></par>
</text>
</block>
<block><region><rect/></region>
<text>
<par>
<line>Robert ROUQUETTE</line></par>
</text>
</block>
<block><region><rect/></region>
<text>
<par>
<line>t</line></par>
</text>
</block>
<block><region><rect/></region>
<text>
<par>
<line>2/2</line></par>
</text>
</block>











</page>
</PM1>