<?xml version="1.0" encoding="UTF-8"?><PM1>
<page width="1198" height="1696" resolution="145">
<block><region><rect/></region>
<text>
<par>
<line>Libfri4 • Égalité • Fraternité</line></par>
<par>
<line>RÉ PUB LJ QUE Française</line></par>
</text>
</block>
<block><region><rect/></region>
<text>
<par>
<line>PREFECTURE DE LA CREUSE</line></par>
</text>
</block>
<block><region><rect/></region>
<text>
<par>
<line>direction</line>
<line>départementale</line>
<line>de rÉquipment</line>
<line>Creuse</line></par>
<par>
<line>ü</line></par>
<par>
<line>service Aménagement,</line>
<line>Habitat et</line>
<line>Errvironnement</line>
<line>bureau Environnenient</line></par>
</text>
</block>
<block><region><rect/></region>
<text>
<par>
<line>1 place Variilas</line>
<line>BP 189</line></par>
<par>
<line>230110 uêf et Cedex</line>
<line>téléphone :</line></par>
<par>
<line>05 58 5169 00</line>
<line>télécopie :</line>
<line>0555516999</line>
<line>mél : dde-23</line>
<line>@equ ipementgou v.f r</line></par>
</text>
</block>
<block><region><rect/></region>
<text>
<par>
<line>ARRETE</line></par>
<par>
<line>Approuvant le Plan de Prévention des Risques Naturels prévisibles</line></par>
<par>
<line>EN MATIÈRE DE ZONES INONDABLES SUR LES COMMUNES DE</line></par>
<par>
<line>Felletin, Moutier-Rozeille et Saint-Quentin-la-Chabanne</line>
<line>Le Préfet du département de la Creuse</line></par>
</text>
</block>
<block><region><rect/></region>
<text>
<par>
<line>VU la loi n°87-565 du 22 juillet 1987, relative à l’organisation de la sécurité civile, à la</line>
<line>protection de la forêt contre l'incendie et à la prévision des risques majeurs ;</line></par>
<par>
<line>VU la loi n^SS-IOI du 2 février 1995, relative au renforcement de la protection de</line>
<line>l’environnement et notamment son chapitre II relatif aux Plans de Prévention des</line>
<line>Risques naturels prévisibles ;</line></par>
<par>
<line>VU te décret n‘‘90-918 du 11 octobre 1990, relatif à l’exercice du droit à l’information</line>
<line>sur les risques majeurs ;</line></par>
<par>
<line>VU le décret n°95-1089 du 5 octobre 1995, relatif aux Plans de Prévention des</line>
<line>Risques naturels prévisibles ;</line></par>
<par>
<line>VU le code de l’urbanisme ;</line></par>
<par>
<line>VU le code de l’expropriation et notamment ses articles R 11-4 à R 11-14 ;</line></par>
<par>
<line>VU les arrêtés préfectoraux des 31 mars 1998 et 9 avril 1998, prescrivant un Plan de</line>
<line>Prévention des Risques inondation sur les communes de Felletin, Saint-Quentin-</line>
<line>la-Chabanne et Moutier-Rozeille :</line></par>
<par>
<line>VU l’avis favorable émis respectivement les 17,18 mai et 11 juin 2004 par les conseils</line>
<line>municipaux de Felletin, Saint-Quentin-la-Chabanne et Moutier-Rozeille quant au</line>
<line>projet de Plan de Prévention des Risques inondation ;</line></par>
<par>
<line>VU l’arrêté préfectoral du 20 août 2004 prescrivant la mise à l’enquête publique du</line>
<line>Plan de Prévention des Risques inondation sur les communes de Felletin, Saint-</line>
<line>Quentin-la-Chabanne et Moutier-Rozeille, du 15 septembre au 16 octobre 2004 ;</line></par>
<par>
<line>VU le rapport et les conclusions favorables du commissaire-enquêteur en date du</line>
<line>10 novembre 2004 ;</line></par>
<par>
<line>CONSIDERANT que les résultats de ladite enquête publique ne nécessitent aucune</line>
<line>modification du projet de Plan de Prévention des Risques inondation ;</line></par>
<par>
<line>SUR proposition de Madame le Directeur de Cabinet du Préfet de la Creuse ;</line></par>
</text>
</block>

<block blockType="Picture" blockName="" l="492" t="35" r="539" b="80"><region><rect/></region>
</block>
</page>
<page width="1204" height="1700" resolution="145">
<block><region><rect/></region>
<text>
<par>
<line>2/2</line></par>
</text>
</block>
<block><region><rect/></region>
<text>
<par/>
</text>
</block>
<block><region><rect/></region>
<text>
<par>
<line>ARRETE :</line></par>
</text>
</block>
<block><region><rect/></region>
<text>
<par>
<line>ARTICLE 1^” : Le Plan de Prévention des Risques naturels prévisibles en matière de</line>
<line>zones inondables sur les communes de Felletin, Saint-Quentin-la-Chabanne et</line>
<line>Moutier-Rozeille est approuvé selon les dispositions contenues dans le dossier ci-</line>
<line>joint comportant les pièces suivantes :</line></par>
<par>
<line>- une note de présentation,</line></par>
<par>
<line>• un plan de zonage sur la commune de FelKin à l'échelle 1/2500,</line></par>
<par>
<line>- un plan de zonage sur la commune de Saint-Quentin-la-Chabanne à l’échelle</line>
<line>1/2500,</line></par>
<par>
<line>- un plan de zonage sur la commune de Moutier-Rozeille à l'échelle 1/2000,</line></par>
<par>
<line>- un règlement.</line></par>
</text>
</block>
<block><region><rect/></region>
<text>
<par>
<line>ARTICLE 2 : L’ampliation du présent arrêté sera adressée à Messieurs les Maires de</line>
<line>Felletin, Saint-Quentin-la-Chabanne et Moutier-Rozeille. Cet arrêté fera l’objet</line>
<line>d'une mention au recueil des actes administratifs de l’État dans le département, ainsi</line>
<line>que dans deux journaux locaux diffusés dans le département. Une copie du présent</line>
<line>arrêté fera l'objet d’un affichage en mairie durant un mois au minimum.</line></par>
</text>
</block>
<block><region><rect/></region>
<text>
<par>
<line>ARTICLE 3 : Le dossier de Plan de Prévention des Risques inondation approuvé est</line>
<line>tenu à la disposition du public, dans les mairies de Felletin, SAirrr-QuENTiN-LA-</line>
<line>Chabanne et Moutier-Rozeille, ainsi qu’à la Préfecture. Cette mise à disposition fera</line>
<line>également l’objet d'une mention dans deux journaux locaux diffusés en même temps</line>
<line>que les publications prévues dans l’artide précédent.</line></par>
</text>
</block>
<block><region><rect/></region>
<text>
<par>
<line>ARTICLE 4 : Madame le Directeur de Cabinet du Préfet de la Creuse, Monsieur le</line>
<line>Sous-Préfet d’AuBUSSON, Messieurs les Maires de Felletin, Saint-Quentin-la-</line>
<line>Chabanne et Moutier-Rozeille, Monsieur le Directeur Départemental de</line>
<line>l’Équipement sont chargés, chacun en ce qui le concerne, de l'exécution du présent</line>
<line>arrêté.</line></par>
</text>
</block>
<block><region><rect/></region>
<text>
<par>
<line>O</line></par>
</text>
</block>
<block><region><rect/></region>
<text>
<par/>
</text>
</block>
<block><region><rect/></region>
<text>
<par/>
</text>
</block>
<block><region><rect/></region>
<text>
<par/>
</text>
</block>
<block><region><rect/></region>
<text>
<par/>
</text>
</block>
<block><region><rect/></region>
<text>
<par>
<line>Guère</line></par>
</text>
</block>
<block><region><rect/></region>
<text>
<par/>
</text>
</block>
<block><region><rect/></region>
<text>
<par>
<line>L : PRÉFET,</line></par>
</text>
</block>
<block><region><rect/></region>
<text>
<par>
<line>MM FIL</line></par>
</text>
</block>
<block><region><rect/></region>
<text>
<par>
<line>15 DEC. 2m</line></par>
</text>
</block>




</page>
</PM1>