<?xml version="1.0" encoding="UTF-8"?><PM1>
<page width="1673" height="2352" resolution="200">
<block><region><rect/><rect/></region>
<text>
<par>
<line>Uberl^^^^alit^^^ralern^</line></par>
<par>
<line>RÉPUBLIQUE Française</line></par>
</text>
</block>
<block><region><rect/></region>
<text>
<par>
<line>PRÉFECTURE</line></par>
<par>
<line>Arrêté préfectoral n° 2007/46-10 PYRÉNÉES-ATLANTIQUES</line></par>
<par>
<line>CABINET</line></par>
<par>
<line>SERVICE INTERMINISTERIEL DE DEFENSE</line>
<line>ET DE PROTECTION CIVILES</line>
<line>REFER: JV/PC3 - 2007/136</line>
<line>Arrêté préfectoral</line></par>
</text>
</block>
<block><region><rect/></region>
<text>
<par>
<line>ARRETE</line></par>
<par>
<line>approuvant le plan de prévention des risques naturels prévisibles d’avalanches, de</line>
<line>mouvements de terrain, de chutes de blocs, de séismes et de crues torrentielles de</line></par>
<par>
<line>la commune d’ARETTE</line></par>
</text>
</block>
<block><region><rect/></region>
<text>
<par>
<line>Le Préfet des Pyrénées-Atlantiques</line></par>
<par>
<line>Chevalier de la Légion d'Honneur,</line></par>
</text>
</block>
<block><region><rect/></region>
<text>
<par>
<line>VU le code de l’environnement, articles L562-1 à L562-9 ;</line></par>
<par>
<line>VU le décret n°95 -1089 du 5 octobre 1995 modifié, relatif aux plans de</line>
<line>prévention des risques naturels prévisibles (P.P.R.N.) ;</line></par>
<par>
<line>VU l’arrêté préfectoral du 16 octobre 2001 prescrivant l’établissement d’un</line>
<line>plan de prévention des risques naturels prévisibles sur la commune d’Arette ;</line></par>
<par>
<line>VU l’arrêté préfectoral n° 2006/257-4 du 14 septembre 2006 prescrivant</line>
<line>l’ouverture d’une enquête publique sur le plan de prévenion des risques naturels</line>
<line>prévisibles d’avalanches, de mouvements de terrain, de chutes de blocs et de crues</line>
<line>ton’entielles sur la commune d’Arette ;</line></par>
<par>
<line>VU la délibération en date du 7 juillet 2006 du conseil municipal d’Arette et</line>
<line>l’avis de la chambre d’agriculture en date du 25 juillet 2006 ;</line></par>
<par>
<line>VU le procès-verbal de l’enquête publique qui s’est déroulée du 9 octobre 2006</line>
<line>au 10 novembre 2006 et à l’avis du commissaire-enquêteur rendu le 20 décembre</line>
<line>2006;</line></par>
<par>
<line>VU le rapport de synthèse du service de restauration des terrains en montagne</line>
<line>en date du 17 janvier 2007 ;</line></par>
<par>
<line>Sur proposition du directeur de Cabinet de la préfecture des Pyrénées-</line>
<line>Atlantiques;</line></par>
<par>
<line>ARRETE:</line></par>
<par>
<line>Article 1®*^ : I - est approuvé tel qu’il est annexé au présent aiTêté, le plan de</line>
<line>prévention des risques naturels prévisibles de la commune d’Arette.</line></par>
</text>
</block>
<block><region><rect/></region>
<text>
<par>
<line>Toute correspondance doit être adressée sous forme impersonnelle h Monsieur le Préfet des Pyrénées-Atlantiques</line>
<line>2, RUK MARÉCHAL JOFFRE 64021 PAU CEDEX. TÉL. 0 821 80 30 64 - TÉLÉCOPIE 05 59 98 24 99</line>
<line>coiirrier&lt;®pyrcnccs-atlaiitiques.prcf.gouv.fr - site internet ; ww.pyrenees-atlaïuiques.prcf.gouv.fr</line></par>
</text>
</block>


<block blockType="Picture" blockName="" l="716" t="53" r="779" b="114"><region><rect/></region>
</block>
</page>
<page width="1654" height="2339" resolution="200">
<block><region><rect/></region>
<text>
<par>
<line>II - le PPRN comprend : un rapport de présentation, un règlement,</line>
<line>cinq cartes réglementaires au 1/5000® comprenant le zoom village, le bassin versant</line>
<line>du Lourdios, la Mouline et la Pierre St Martin, la plaine d’Arette Est, la plaine</line>
<line>d’Arette Ouest, une carte des aléas au 1/10000®, une carte informative des</line>
<line>phénomènes naturels au 1/25 000®.</line></par>
<par>
<line>III - le PPRN est tenu à la disposition du public</line>
<line>à la mairie d’Arette</line></par>
<par>
<line>- à la sous-préfecture d’Oloron Sainte-Marie</line></par>
<par>
<line>- à la direction départementale de l’agricuture et de la forêt à Pau</line></par>
<par>
<line>à la direction départementale de l’Equipement à Pau et Oloron</line>
<line>Sainte-Marie</line></par>
<par>
<line>à la préfecture de Pau (SIDPC)</line></par>
<par>
<line>Article 2 : Le présent arrêté sera publié au recueil des actes administratifs et mention</line>
<line>en sera faite dans les deux journaux ci-après désignés:</line></par>
<par>
<line>l'Eclair des Pyrénées - la République des Pyrénées</line></par>
<par>
<line>Une copie de l’arrêté d’approbation sera affichée à la mairie pendant un mois au</line>
<line>minimum. Cette mesure de publicité sera justifiée par un certificat du maire et un</line>
<line>exemplaire des journaux sera annexé au dossier</line></par>
<par>
<line>Article 3 : Des ampliations seront adressées à :</line></par>
<par>
<line>M.M. le sous-préfet d’Oloron Sainte-Marie, le maire d’Arette, M. le directeur</line>
<line>départemental de l’équipement, le directeur départemental de l’agriculture et de la</line>
<line>forêt, Mme la ministre de l'écologie et du développement durable.</line></par>
<par>
<line>Article 4 : MM. le sous-préfet d’OLORON Sainte Marie, le maire d’ARETTE, le</line>
<line>directeur départemental de l'équipement, le directeur départemental de l’agriculture et</line>
<line>de la forêt, sont chargés, chacvm en ce qui le concerne, de l’exécution du présent</line>
<line>arrêté.</line></par>
</text>
</block>
<block><region><rect/></region>
<text>
<par>
<line>Fait à PAU le.</line>
<line>Le Préfet</line></par>
</text>
</block>
<block><region><rect/></region>
<text>
<par>
<line>ai</line></par>
</text>
</block>
<block><region><rect/></region>
<text>
<par>
<line>1 5 FEV. 2007</line></par>
</text>
</block>
<block><region><rect/></region>
<text>
<par>
<line>CABANE</line></par>
</text>
</block>










</page>
</PM1>