<?xml version="1.0" encoding="UTF-8"?><PM1>
<page width="2480" height="3508" resolution="300">
<block><region><rect/></region>
<text>
<par>
<line>K; .</line></par>
<par>
<line>Lib^rié * Êgaïtlé * Fraternité</line>
<line>RÉPUBOaUE FBANÇMSE</line></par>
<par>
<line>PRÉFET DE LA HAUTE-SAÔNE</line></par>
</text>
</block>
<block><region><rect/></region>
<text>
<par>
<line>Direction départementale</line>
<line>des territoires</line>
<line>Service environnement et</line>
<line>risques</line></par>
</text>
</block>
<block><region><rect/></region>
<text>
<par>
<line>ARRÊTÉ PRÉFECTORAL N° 70-2019-02-07-012 du 7 février 2019</line></par>
</text>
</block>
<block><region><rect/></region>
<text>
<par>
<line>portant approbation du Plan de Prévention du Risque d’inondation</line>
<line>(PPRi) par débordement de la rivière « Saône » sur sa partie amont</line>
<line>graylois.</line></par>
</text>
</block>
<block><region><rect/></region>
<text>
<par>
<line>LE PRÉFET DE LA HAUTE-SAÔNE</line></par>
</text>
</block>
<block><region><rect/></region>
<text>
<par>
<line>VU le Code de l'environnement et notamment ses articles L 562-1 et suivants et R 562-1 et suivants</line>
<line>relatifs aux plans de prévention des risques naturels prévisibles, ainsi que les articles L 123-1 et</line>
<line>suivants et R 123-1 et suivants définissant et organisant la procédure des enquêtes publiques</line>
<line>relatives aux opérations susceptibles d’affecter l’environnement ;</line></par>
<par>
<line>VU le Code de l’urbanisme ;</line></par>
<par>
<line>VU le Plan de Surfaces Submersibles (PSS) couvrant la vallée de la Saône, approuvé par décret</line>
<line>du 22 juillet 1966 ;</line></par>
<par>
<line>VU le décret du 08 décembre 2017 portant nomination du préfet de la Haute-Saône,</line>
<line>Monsieur Ziad KHOURY ;</line></par>
<par>
<line>VU l’arrêté préfectoral n° 78 du 16 juin 1998, prescrivant la mise en révision des plans de</line>
<line>prévention des risques naturels prévisibles de la rivière « La Saône », le PSS valant plan de</line>
<line>prévention des risques naturels prévisibles ;</line></par>
<par>
<line>VU l’arrêté préfectoral n° 433 du 21 août 2014, modifiant et complétant l’arrêté préfectoral n° 78 du</line>
<line>16 juin 1998, prescrivant la mise en révision des plans de prévention des risques naturels</line>
<line>prévisibles de la rivière « La Saône » ;</line></par>
<par>
<line>VU le rapport du directeur départemental des territoires de la Haute-Saône, daté du 14 août 2018,</line>
<line>dressant la synthèse des opérations d’association des collectivités et de concertation de la</line>
<line>population, rappelant la décision de l’Autorité environnementale, et présentant la synthèse de la</line>
<line>consultation réglementaire menée en application de l’article R 562-7 du Code de l’environnement ;</line></par>
<par>
<line>VU l’arrêté préfectoral n° 70-2018-09-25-003 du 25 septembre 2018, portant ouverture de l’enquête</line>
<line>publique relative au Plan de Prévention du Risque d’inondation (PPRi) par débordement de la</line>
<line>rivière « Saône » sur sa partie amont graylois ;</line></par>
</text>
</block>
<block><region><rect/></region>
<text>
<par/>
</text>
</block>
<block><region><rect/></region>
<text>
<par>
<line>PREFECTURE DE LA HAUTE-SAONE</line></par>
<par>
<line>B.P. 429 - 70013 VESOUL CEDEX - TEL. : 03.84.77.70.00 / FAX. : 03.84.76.49.60</line>
<line>Courriel : prefecture@haute-saone.gouv.fr</line></par>
</text>
</block>
<block><region><rect/></region>
<text>
<par>
<line>Horaires d'ouverture au public et de l'accueil téléphonique disponibles sur le site : www.haute-saone.gouv.fr</line></par>
</text>
</block>


</page>
<page width="2480" height="3508" resolution="300">
<block><region><rect/></region>
<text>
<par>
<line>- 2 -</line></par>
</text>
</block>
<block><region><rect/></region>
<text>
<par>
<line>VU les résultats de l’enquête publique, les avis des maires des communes concernées, recueillis</line>
<line>conformément à l’article L 562-3 du Code de l’environnement ;</line></par>
<par>
<line>VU le rapport du directeur départemental adjoint des territoires de la Haute-Saône, daté du</line>
<line>20 décembre 2018 apportant des réponses aux questions formulées par le commissaire enquêteur ;</line></par>
<par>
<line>VU le rapport du commissaire enquêteur, daté du 28 décembre 2018, émettant un avis favorable</line>
<line>sans réserve ;</line></par>
<par>
<line>VU les modifications mineures apportées, à l’issue de l’enquête publique, aux documents du PPRi</line>
<line>pour tenir compte des remarques formulées lors de la consultation réglementaire menée en</line>
<line>application de l’article R 562-7 du Code de l’environnement ;</line></par>
<par>
<line>SUR la proposition de la secrétaire générale de la préfecture de la Haute-Saône</line></par>
</text>
</block>
<block><region><rect/></region>
<text>
<par>
<line>ARRÊTE</line></par>
</text>
</block>
<block><region><rect/></region>
<text>
<par>
<line>Article 1 :</line></par>
<par>
<line>Le Plan de Prévention du Risque d’inondation (PPRi) par débordement de la rivière « Saône », sur</line>
<line>sa partie amont graylois, est approuvé, tel qu’il est annexé au présent arrêté, sur les territoires des</line>
<line>communes suivantes : Autet, Beaujeu-Saint-Vallier-Pierrejux et Quitteur, Fedry, Ferrières-Les-Ray,</line>
<line>Membrey, Mercey-sur-Saone, Montureux-et-Prantigny, Ray-sur-Saone, Recologne, Savoyeux,</line>
<line>Seveux-Motey-sur-Saône, Soing-Cubry-Charentenay, Vanne, Vellexon-Queutrey-et-Vaudey, Vereux.</line></par>
<par>
<line>Article 2 :</line></par>
<par>
<line>Le plan de surfaces submersibles de la Saône est abrogé sur les communes mentionnées à l’article 1</line>
<line>du présent arrêté.</line></par>
<par>
<line>Article 3 :</line></par>
<par>
<line>Le Plan de Prévention du Risque d’inondation (PPRi) par débordement de la rivière « Saône » sur</line>
<line>sa partie amont graylois est composé :</line></par>
<par>
<line>- d’une note de présentation</line></par>
<par>
<line>- d’un règlement</line></par>
<par>
<line>- des plans du zonage réglementaire (pour une crue centennale).</line></par>
<par>
<line>Les documents suivants sont également annexés à titre informatif, pour assurer une bonne</line>
<line>compréhension du document :</line></par>
<par>
<line>- les plans des aléas</line></par>
<par>
<line>- les plans des zones urbanisées et des enjeux.</line></par>
</text>
</block>
<block><region><rect/></region>
<text>
<par/>
</text>
</block>
<block><region><rect/></region>
<text>
<par>
<line>- 3 -</line></par>
</text>
</block>



</page>
<page width="2480" height="3508" resolution="300">
<block><region><rect/></region>
<text>
<par>
<line>Article 4 :</line></par>
</text>
</block>
<block><region><rect/></region>
<text>
<par>
<line>Le Plan de Prévention du Risque d’inondation (PPRi) par débordement de la rivière « Saône » sur</line>
<line>sa partie mont graylois, approuvé, vaut servitude d’utilité publique. En application du Code de</line>
<line>l’urbanisme, et notamment des articles L 153-60 et L 163-10, il devra être annexé, dans un délai</line>
<line>maximum de trois mois, aux cartes communales, aux plans locaux d’urbanisme et aux plans</line>
<line>d’occupation des sols encore en vigueur (article L 174-4 du Code de l’urbanisme) par les communes</line>
<line>concernées ou les établissements publics de coopération intercommunale.</line></par>
<par>
<line>Article 5 :</line></par>
<par>
<line>Le présent arrêté, auquel sera joint le Plan de Prévention du Risque d’inondation (PPRi) par</line>
<line>débordement de la rivière « Saône » sur sa partie amont graylois, approuvé, sera notifié aux maires</line>
<line>des communes mentionnées à l’article 1 du présent arrêté, aux présidents des Communautés de</line>
<line>communes des Quatre Rivières et des Combes, du Syndicat mixte du Pays de Vesoul-Val de Saône,</line>
<line>du PETR du Pays Graylois. Une copie du présent arrêté sera affichée, pendant une durée minimum</line>
<line>d’un mois, dans chacune des mairies des communes listées à l’article 1 du présent arrêté et aux</line>
<line>sièges des EPCI précités.</line></par>
<par>
<line>L’accomplissement de cette formalité devra être justifié par les maires des communes concernées et</line>
<line>par les présidents des EPCI précités.</line></par>
<par>
<line>Article 6 :</line></par>
<par>
<line>Le Plan de Prévention du Risque d’inondation (PPRi) par débordement de la rivière « Saône » sur</line>
<line>sa partie amont graylois, approuvé, est tenu à la disposition du public aux heures et jours</line>
<line>d’ouverture habituels :</line></par>
<par>
<line>- dans les mairies des communes indiquées à l’article 1 du présent arrêté</line></par>
<par>
<line>- aux sièges des Communautés de communes des Quatre Rivières et des Combes</line></par>
<par>
<line>- au siège du Syndicat mixte du Pays de Vesoul - Val de Saône</line></par>
<par>
<line>- au siège du PETR du Pays graylois</line></par>
<par>
<line>- à la préfecture de la Haute-Saône (Service des sécurités)</line></par>
<par>
<line>- à la direction départementale des territoires de la Haute-Saône (Service environnement et</line>
<line>risques - cellule prévention des risques et gestion de crises).</line></par>
<par>
<line>Il est également mis à disposition du public sur le site Internet de la préfecture « Les services de</line>
<line>l’État en Haute-Saône ».</line></par>
<par>
<line>Article 7 :</line></par>
<par>
<line>Le présent arrêté sera publié au recueil des actes administratifs de la préfecture et mention en sera</line>
<line>faite dans un journal diffusé dans le département qui précisera également les dispositions de</line>
<line>l’article 6.</line></par>
<par>
<line>Article 8 :</line></par>
<par>
<line>Le présent arrêté peut faire l’objet d’un recours gracieux auprès du préfet de la Haute-Saône ou d’un</line>
<line>recours contentieux devant le tribunal administratif de Besançon dans un délai de deux mois suivant</line>
<line>sa notification ou sa publication.</line></par>
<par>
<line>Le tribunal administratif peut être saisi par l’application informatique « Télérecours citoyens »</line>
<line>accessible par le site Internet « https://www.telerecours.fr ».</line></par>
</text>
</block>
<block><region><rect/></region>
<text>
<par/>
</text>
</block>





</page>
<page width="2493" height="3514" resolution="300">
<block><region><rect/></region>
<text>
<par>
<line>4-</line></par>
</text>
</block>
<block><region><rect/></region>
<text>
<par>
<line>Article 9 ;</line></par>
<par>
<line>La secrétaire générale de la préfecture de la Haute-Saône, le directeur départemental des territoires</line>
<line>de la Haute-Saône, les maires des communes mentionnées à l’article 1 du présent arrêté, les</line>
<line>présidents des Communautés de communes des Quatre Rivières et des Combes, le président du</line>
<line>Syndicat mixte du Pays de Vesoul-Val de Saône, le président du PETR du Pays graylois sont</line>
<line>chargés, chacun en ce qui le concerne, de l’exécution du présent arrêté dont une copie est adressée</line>
<line>également à ;</line></par>
<par>
<line>- Monsieur le Ministre de la transition écologique et solidaire</line></par>
<par>
<line>- Monsieur le Directeur régional de l’environnement, de l’aménagement et du logement</line></par>
<par>
<line>- Monsieur le Directeur départemental de la cohésion sociale et de la protection des</line>
<line>populations</line></par>
<par>
<line>- Monsieur le Délégué départemental de l’agence régionale de santé</line></par>
<par>
<line>- Monsieur le Directeur territorial de l’office national des forêts Bourgogne-Franche-Comté</line></par>
<par>
<line>- Monsieur le Directeur de l’institut national de l’origine et de la qualité (délégation</line>
<line>territoriale centre-est)</line></par>
<par>
<line>- Monsieur le Directeur du centre national de la propriété forestière (antenne de Bourgogne -</line>
<line>Franche-Comté)</line></par>
<par>
<line>- Madame la Présidente du Conseil régional de Bourgogne - Franche-Comté</line></par>
<par>
<line>- Monsieur le Président du Conseil départemental de la Haute-Saône</line></par>
<par>
<line>- Monsieur le Président de la Chambre d’agriculture de la Haute-Saône</line></par>
<par>
<line>- Monsieur le Président de la Chambre de commerce et d’industrie de la Haute-Saône</line></par>
<par>
<line>- Monsieur le Président de l’EPTB Saône-Doubs</line></par>
<par>
<line>- Monsieur le Responsable du Service des sécurités de la préfecture de la Haute-Saône.</line></par>
</text>
</block>
<block><region><rect/></region>
<text>
<par>
<line>FaitàVesoul, le</line></par>
</text>
</block>
<block><region><rect/></region>
<text>
<par>
<line>ZiadKHOURY</line></par>
</text>
</block>



</page>
</PM1>