<?xml version="1.0" encoding="UTF-8"?><PM1>
<page width="2479" height="3504" resolution="300">
<block><region><rect/></region>
<text>
<par>
<line>iüriSiïiei ■ ■</line></par>
</text>
</block>
<block><region><rect/></region>
<text>
<par>
<line>Plan de Prévention</line></par>
<par>
<line>des Risques liés aux</line>
<line>mouvements de terrain</line></par>
<par>
<line>Département de l’Aisne</line></par>
<par>
<line>Communes de Gauchy - Harly - Saint-Quentin</line></par>
</text>
</block>
<block><region><rect/></region>
<text>
<par>
<line>règlement</line></par>
</text>
</block>
<block><region><rect/></region>
<text>
<par>
<line>Valérii</line></par>
</text>
</block>












<block blockType="Picture" blockName="" l="266" t="321" r="620" b="666"><region><rect/></region>
</block>
<block blockType="Picture" blockName="" l="992" t="2888" r="1084" b="2956"><region><rect/></region>
</block>
</page>
<page width="2479" height="3504" resolution="300">
<block><region><rect/></region>
<text>
<par>
<line>Table des matières</line></par>
</text>
</block>
<block><region><rect/></region>
<text>
<par>
<line>Direction départementale..  1</line></par>
<par>
<line>TITRE 1 - Dispositions générales du règlement s'appliquant à</line>
<line>l'ensemble des zones.  3</line></par>
<par>
<line>Article 1 - Portée du règlement et dispositions générales.4</line></par>
<par>
<line>1.1 - Champ d’application.4</line></par>
<par>
<line>1.2 - Objet des mesures de prévention.4</line></par>
<par>
<line>1.3 ~ Effets du PPR.5</line></par>
<par>
<line>1.4 - Le recensement des phénomènes.6</line></par>
<par>
<line>1.5 - Révision du PPR.7</line></par>
<par>
<line>1.6- Division du territoire en zones.7</line></par>
<par>
<line>1-7- Zonage et règlement associé.7</line></par>
<par>
<line>Article 2 - Organisation et Habilitation.8</line></par>
<par>
<line>2.1 - Consultation préalable des services techniques municipaux ou inter¬</line>
<line>communaux....8</line></par>
<par>
<line>2.2 - Investigations techniques.8</line></par>
<par>
<line>2.3 - Travaux et contrôle.9</line></par>
<par>
<line>2.4 - Informations sur les travaux de reconnaissance et de mise en sécurité.9</line></par>
<par>
<line>2.5 - Aménagement des cavités ....9</line></par>
<par>
<line>TITRE II - Mesures de prévention, de protection et de</line>
<line>sauvegarde.10</line></par>
<par>
<line>2.1 - Constatation de désordre......11</line></par>
<par>
<line>2.2 - Mesures conservatoires.11</line></par>
<par>
<line>2.3 - Assainissement et état des réseaux.11</line></par>
<par>
<line>2.3.1 - Les réseaux humides....11</line></par>
<par>
<line>2.3.2 - Les réseaux de distribution de gaz.13</line></par>
<par>
<line>2.4 - Voies et domaines publics.....13</line></par>
<par>
<line>2.5 - Mesures de sauvegarde :.  14</line></par>
<par>
<line>2.6 - Mesures de reconnaissance et de suivi :.14</line></par>
<par>
<line>TITRE III - Dispositions spécifiques applicables à chaque</line>
<line>zone.  15</line></par>
<par>
<line>3.1- Dispositions applicables en zone bleu-foncé.16</line></par>
<par>
<line>3.1.1 - Projets nouveaux.16</line></par>
<par>
<line>3.1.2 - Biens et activités existants...16</line></par>
<par>
<line>3.2 - Dispositions applicables en zone bleu-clair.18</line></par>
<par>
<line>3.2.1- Projets nouveaux.18</line></par>
<par>
<line>3.2.2. - Biens et activités existants.19</line></par>
<par>
<line>3.3 - Disposition en zone blanche.  20</line></par>
</text>
</block>
<block><region><rect/></region>
<text>
<par>
<line>Règlement - PPR MvT sur les communes de Gaiichy, Harly et Saint-Quentin</line></par>
</text>
</block>
<block><region><rect/></region>
<text>
<par>
<line>2/20</line></par>
</text>
</block>














































</page>
<page width="2479" height="3504" resolution="300">
<block><region><rect/></region>
<text>
<par>
<line>TITRE 1 - Dispositions générales du</line>
<line>règlement s'appliquant à l'ensemble des</line></par>
<par>
<line>zones</line></par>
</text>
</block>
<block><region><rect/></region>
<text>
<par>
<line>Règlement - PPR MvT sur les communes de Gauchy, Harly et Saint-Quentin</line></par>
</text>
</block>
<block><region><rect/></region>
<text>
<par>
<line>3/20</line></par>
</text>
</block>







</page>
<page width="2550" height="3554" resolution="300">
<block><region><rect/></region>
<text>
<par>
<line>Article 1 - Portée du règlement et dispositions générales</line></par>
<par>
<line>1.1 - Champ d’application</line></par>
<par>
<line>Le présent règlement s’applique aux communes d'Harly, de Gauchy et de Saint-Quentin dans</line>
<line>le cadre du Plan de Prévention des Risques (PPR) liés' aux mouvements de terrain prescrit le</line>
<line>22 décembre 2006 par arrêté préfectoral.</line></par>
<par>
<line>Conformément à l’article L562-1 du code de l’environnement, ce règlement définit les</line>
<line>mesures de prévention, de protection et de sauvegarde qui doivent être prises par les</line>
<line>collectivités publiques dans le cadre de leurs compétences, ainsi que celles qui incombent aux</line>
<line>particuliers.</line></par>
<par>
<line>Ces dispositions s’appliquent aux activités et aux biens existants, ainsi qu’à l’implantation de</line>
<line>toutes constructions ou installations nouvelles, à l’exécution de tous travaux et à l’exercice de</line>
<line>toutes activités, sans préjudice de l’application des autres législations ou réglementations en</line>
<line>vigueur.</line></par>
<par>
<line>1.2 - Objet des mesures de prévention</line>
<line>Les objectifs d’un PPR sont de :</line></par>
<par>
<line>• Délimiter les zones exposés aux risques en fonction de la nature et de l'intensité du</line>
<line>risque encouru</line></par>
<par>
<line>• Interdire tout type de construction dans les zones les plus exposées ou prescrire les</line>
<line>conditions de réalisation, d'utilisation ou d'exploitation</line></par>
<par>
<line>• Définir les mesures de prévention, de protection ou de sauvegarde dans les zones ainsi</line>
<line>délimitées.</line></par>
</text>
</block>
<block><region><rect/></region>
<text>
<par>
<line>La liste des aménagements concernés par le PPR sont les suivants:</line></par>
<par>
<line>• les constructions de toute nature et leurs abords ;</line></par>
<par>
<line>• les murs et les clôtures ;</line></par>
<par>
<line>• les voiries départementales, communales et privées et les réseaux divers entrant dans</line>
<line>leur équipement ;</line></par>
<par>
<line>• les ouvrages d'art ;</line></par>
<par>
<line>• les aires de stationnement ;</line></par>
<par>
<line>• les établissements recevant du public (ERP) ;</line></par>
<par>
<line>• les bâtiments et les lotissements ;</line></par>
<par>
<line>• l'habitat léger de loisir ;</line></par>
<par>
<line>• le camping et les caravanes isolées ;</line></par>
<par>
<line>• les terrains de camping ;</line></par>
<par>
<line>• les occupations temporaires du sol;</line></par>
</text>
</block>
<block><region><rect/></region>
<text>
<par>
<line>Règlement - PPR MvT sur les commîmes de Gauchy, Harly et Saint-Quentin</line></par>
</text>
</block>
<block><region><rect/></region>
<text>
<par>
<line>4/20</line></par>
</text>
</block>





</page>
<page width="2479" height="3504" resolution="300">
<block><region><rect/></region>
<text>
<par>
<line>• les exploitations de carrières et les installations classées en général ;</line></par>
<par>
<line>• les autres installations et travaux, y compris ceux soumis au régime de la simple</line>
<line>déclaration préalable ;</line></par>
<par>
<line>• les équipements de communication et de transport d'énergie, de fluides inflammables</line>
<line>ou dangereux, enterrés ou aériens ;</line></par>
<par>
<line>• les réservoirs et les réseaux d'eau potable ;</line></par>
<par>
<line>• les dépôts de matériaux ;</line></par>
<par>
<line>• les exhaussements, affouillements de sol et démolitions de toute nature.</line></par>
</text>
</block>
<block><region><rect/></region>
<text>
<par>
<line>Au sens de ce présent règlement, sont considérés, comme des projets nouveaux :</line></par>
<par>
<line>• tous les travaux qui ne portent pas sur les constructions existantes à la date d’entrée en</line>
<line>vigueur du Plan de Prévention des Risques.</line></par>
<par>
<line>• les reconstructions après sinistre lié aux phénomènes rencontrés dans le PPR.</line></par>
<par>
<line>• l’extension d’une construction supérieure à 20 irf de surface de plancher.</line></par>
</text>
</block>
<block><region><rect/></region>
<text>
<par>
<line>Conformément à l’article 552 du code civil, la propriété du sol emporte la propriété du dessus</line>
<line>et du dessous. De ce fait, la responsabilité de la bonne exécution des travaux de consolidation</line>
<line>liés aux mouvements de terrain et leur prise en charge financière incombe au propriétaire.</line></par>
<par>
<line>Conformément à l’article R431-16 du Code de l’Urbanisme, toute demande de permis de</line>
<line>construire doit être accompagnée d’une attestation :</line></par>
<par>
<line>• certifiant la réalisation des études géotechniques préalables exigées dans le présent</line>
<line>règlement ;</line></par>
<par>
<line>• constatant que le projet prend en compte, au stade de la conception, les conditions de</line>
<line>réalisation, d’utilisation ou d’exploitation définies par ces études.</line></par>
<par>
<line>Par ailleurs, à compter de l’achèvement des travaux, le pétitionnaire doit fournir une</line>
<line>déclaration attestant de l’achèvement et de la confonuité des travaux, en application de</line>
<line>l’article R462-1 à R462-6 du code de l’urbanisme.</line></par>
<par>
<line>En application de l’article R462-7 du code de l’urbanisme, le service instructeur doit</line>
<line>obligatoirement, dans les cinq mois suivants la réception de la déclaration attestant de</line>
<line>l’achèvement et de la confonuité des travaux, procéder au récolement afin de vérifier la</line>
<line>conformité de ces derniers vis-à-vis des règles d’urbanisme.</line></par>
</text>
</block>
<block><region><rect/></region>
<text>
<par>
<line>1.3- Effets du PPR</line></par>
<par>
<line>Le PPR vaut servitude d’utilité publique. A ce titre, il doit être aimexé par arrêté municipal</line>
<line>aux Plans Locaux d’Urbanisme (PLU) dans un délai de trois mois à compter de la date d’effet</line>
<line>du PPR (soit à l’issue de la dernière des mesures de publicité de son approbation)</line>
<line>conformément aux articles L126-1 et R126-1 du code de l’urbanisme. A défaut, le préfet se</line></par>
</text>
</block>
<block><region><rect/></region>
<text>
<par>
<line>Règlement - PPR MvT sur les communes de Gauchy, Harly et Saint-Quentin</line></par>
</text>
</block>
<block><region><rect/></region>
<text>
<par>
<line>5/20</line></par>
</text>
</block>











</page>
<page width="2479" height="3504" resolution="300">
<block><region><rect/></region>
<text>
<par>
<line>substitue au maire et dispose alors d’un délai d’un an. Dans tous les cas, les documents</line>
<line>d’urbanisme devront être rendus cohérents avee les dispositions du PPR lors de la première</line>
<line>révision suivant l’annexion.</line></par>
<par>
<line>La nature et les conditions d’exécution des mesures de prévention préeisées pour l’application</line>
<line>du présent règlement sont définies et mises en œuvre sous la responsabilité du maître</line>
<line>d’ouvrage et du maître d’œuvre concernés par les constructions, travaux et installations visés.</line>
<line>Ceux-ci sont également tenus d’assurer les opérations de gestion et d’entretien nécessaires</line>
<line>pour maintenir la pleine efficacité de ces mesures.</line></par>
<par>
<line>Les prescriptions du PPR concernent les biens existants antérieurement à la publication de</line>
<line>l’acte l’approuvant et ne portent que sur des aménagements limités, liés avant tout à la</line>
<line>sécurité publique. Le coût de ces preseriptions reste inférieur au seuil fixé par l’article R562-5</line>
<line>du code de l’environnement (seuil de 10% de la valeur vénale ou estimée des biens concernés</line>
<line>à la date d’approbation du plan).</line></par>
<par>
<line>Conformément à l’article R562-5 du code de l’environnement, les prescriptions sur les biens</line>
<line>existants devront être exéeutées dans un délai de 5 ans après approbation du plan.</line></par>
<par>
<line>L’article L562-5 du code de l’environnement précise que le fait de constraire ou d’aménager</line>
<line>un terrain sans respecter les conditions de réalisation, d’utilisation ou d’exploitation preserites</line>
<line>par ce plan est puni par des peines prévues à l’article L480-4 du code de l’urbanisme.</line></par>
<par>
<line>L’article L.125-6 du code des assurances prévoit qu'en eas de violation des règles</line>
<line>administratives en vigueur tendant à prévenir les dommages causés par une catastrophe</line>
<line>naturelle, la garantie de l'assuré contre les effets des telles catastrophes sur les biens faisant</line>
<line>l'objet de eontrats ne s'impose plus aux entreprises d'assuranee.</line></par>
<par>
<line>En cas de non-respect du PPR, les modalités de couverture par les assuranees des sinistres liés</line>
<line>aux catastrophes naturelles peuvent être modifiées.</line></par>
<par>
<line>Enfin, les dispositions du présent règlement sont définies en application de l’article L.562-1</line>
<line>du code de l’environnement, sans préjudice des règles normatives constructives (NE, DTU) en</line>
<line>vigueur.</line></par>
<par>
<line>1.4- Le recensement des phénomènes</line></par>
<par>
<line>La connaissance des phénomènes présent dans ce PPR est défini par l'artiele L563-6 du Code</line>
<line>de l'Environnement qui précise :</line></par>
<par>
<line>I - Les communes ou leurs groupements compétents en matière de doeuments d'urbanisme</line>
<line>élaborent, en tant que de besoin, des cartes délimitant les sites où sont situées des eavités</line>
<line>souterraines et des mamières susceptibles de provoquer l'effondrement du sol.</line></par>
<par>
<line>II - Toute personne qui a comiaissance de l'existence d'une cavité souterraine ou d'une</line>
<line>marnière, ou d'un indiee susceptible de révéler cette existence, en informe le maire, qui</line>
<line>eommunique, sans délai, au représentant de l'État dans le département et au président du</line>
<line>Conseil Général les éléments dont il dispose à ce sujet.</line></par>
<par>
<line>La diffusion d'informations manifestement erronées, mensongères ou résultant d'une intention</line>
<line>dolosive relatives à l'existenee d'une eavité souterraine ou d'une marnière est punie d'une</line>
<line>amende de 30 000 euros. (...) ».</line></par>
</text>
</block>
<block><region><rect/></region>
<text>
<par>
<line>Règlement - PPR MvT sur les communes de Gauchy, Harly et Saint-Quentin</line></par>
</text>
</block>
<block><region><rect/></region>
<text>
<par>
<line>6/20</line></par>
</text>
</block>




</page>
<page width="2536" height="3544" resolution="300">
<block><region><rect/></region>
<text>
<par>
<line>1.5- Révision du RPR</line></par>
</text>
</block>
<block><region><rect/></region>
<text>
<par>
<line>Le PPR pourra être révisé selon deux modes de procédure : par révision ou par modification</line>
<line>conformément aux dispositions de l’article R562-10-1 et R562-10-2 du code de</line>
<line>l’environnement.</line></par>
<par>
<line>Le plan de prévention des risques naturels prévisibles peut être modifié à condition que la</line>
<line>modification envisagée ne porte pas atteinte à l'économie générale du plan. La procédure de</line>
<line>modification peut notamment être utilisée pour :</line></par>
<par>
<line>a) Rectifier une erreur matérielle ;</line></par>
<par>
<line>b) Modifier un élément mineur du règlement ou de la note de présentation ;</line></par>
<par>
<line>c) Modifier les documents graphiques délimitant les zones réglementaires pour prendre en</line>
<line>compte un changement dans les circonstances de fait.</line></par>
<par>
<line>Le projet de modification et l'exposé de ses motifs sont mis à la disposition du public en</line>
<line>mairie des communes concernées.</line></par>
<par>
<line>1.6- Division du territoire en zones</line></par>
<par>
<line>Le périmètre de risque est divisé en 3 zones réglementaires définies par la présence avérée ou</line>
<line>potentielle de cavités souterraines :</line></par>
<par>
<line>• la zone bleu-fonçé représente les cavités répertoriées sur des plans (présence avérée) ;</line></par>
<par>
<line>• la zone bleu-clair représente les cavités supposées ;</line></par>
<par>
<line>• la zone blanche représente le reste du territoire non concerné par les deux autres zones</line>
<line>Les zones sont identifiées sur le plan de zonage réglementaire du PPR.</line></par>
</text>
</block>
<block><region><rect/></region>
<text>
<par>
<line>1-7- Zonage et règlement associé</line></par>
<par>
<line>Le règlement applicable est celui qui correspond à la zone dans laquelle le projet nouveau ou</line>
<line>le bien existant est situé. Dans le cas où l’aménagement envisagé ou existant est implanté sur</line>
<line>plusieurs zones, on appliquera la réglementation la plus contraignante.</line></par>
<par>
<line>La nature et les conditions des techniques de prévention prises pour l’application du présent</line>
<line>règlement sont définies et mises en œuvre sous la responsabilité du maître d’ouvrage et du</line>
<line>maître d’œuvre concernés par les constructions, aménagements, travaux et installations visés.</line></par>
<par>
<line>Les recommandations n’ont pas de caractère obligatoire, mais leur application est fortement</line>
<line>conseillée.</line></par>
</text>
</block>
<block><region><rect/></region>
<text>
<par>
<line>Règlement - PPR MvT sur les communes de Gaucliy, Harly et Saint-Quentin</line></par>
</text>
</block>
<block><region><rect/></region>
<text>
<par>
<line>7/20</line></par>
</text>
</block>















</page>
<page width="2495" height="3515" resolution="300">
<block><region><rect/></region>
<text>
<par>
<line>Article 2 - Organisation et Habilitation</line></par>
</text>
</block>
<block><region><rect/></region>
<text>
<par>
<line>Les principaux objectifs de ce présent article sont de :</line></par>
<par>
<line>• mettre en place une marche à suivre pour tout citoyen désirant promouvoir un projet</line>
<line>sur le bassin de risque, de l'informer des risques qu'il encoure et de l'orienter vers des</line>
<line>organismes compétents pour mener son projet à bien.</line></par>
<par>
<line>• conserver la mémoire des événements, travaux, reconnaissance réalisés sur le territoire</line>
<line>concerné.</line></par>
</text>
</block>
<block><region><rect/></region>
<text>
<par>
<line>2.1- Consultation préalable des services techniques municipaux ou inter¬</line>
<line>communaux.</line></par>
<par>
<line>Cette consultation est indispensable pour dans un premier temps, consulter le PPR et dans un</line>
<line>deuxième temps pour permettre aux services techniques consultés d'orienter le demandeur</line>
<line>vers des organismes habilités (cf 2.2)</line></par>
</text>
</block>
<block><region><rect/></region>
<text>
<par>
<line>2.2- Investigations techniques</line></par>
<par>
<line>Les investigations techniques destinées à réduire les risques et à définir les travaux</line>
<line>confortatifs éventuellement nécessaires et/ou pour en exercer la surveillance, sont menées par</line>
<line>un organisme dûment qualifié.</line></par>
</text>
</block>
<block><region><rect/></region>
<text>
<par>
<line>L'union syndicale géotechnique propose une liste d'organismes qualifiés sur son site :</line>
<line>http;//www.u-s-g.org</line></par>
</text>
</block>
<block><region><rect/></region>
<text>
<par>
<line>Le rapport d’étude géotechnique sera établi par un géotechnicien dans le cadre d’une des</line>
<line>missions type de la norme NF P 94-500, définissant clairement les travaux de mise en sécurité</line>
<line>et de fondations à mettre éventuellement en œuvre.</line></par>
</text>
</block>
<block><region><rect/></region>
<text>
<par>
<line>Règlement - PPR MvT sur les communes de Gaucliy, Harly et Saint-Quentin</line></par>
</text>
</block>
<block><region><rect/></region>
<text>
<par>
<line>8/20</line></par>
</text>
</block>


</page>
<page width="2500" height="3519" resolution="300">
<block><region><rect/></region>
<text>
<par>
<line>2.3- Travaux et contrôle</line></par>
</text>
</block>
<block><region><rect/></region>
<text>
<par>
<line>De même, les travaux confortatifs doivent être impérativement menés sous contrôle d'un</line>
<line>organisme possédant des qualifications spécifiques et des connaissances approfondies dans les</line>
<line>proeédés de confortement dans le domaine du génie civil.</line></par>
<par>
<line>Cette qualification est également requise par le maître d’œuvre des travaux éventuellement</line>
<line>néeessaires à ropération.</line></par>
<par>
<line>Chaque intervention fait l'objet d'un compte-rendu tenu à la disposition du maire (ou de ses</line>
<line>services techniques) et de la communauté d'agglomération de Saint-Quentin.</line></par>
<par>
<line>Le contrôle des travaux confortatifs réalisés pour garantir la stabilité des terrains est assuré par</line>
<line>un organisme habilité possédant les qualifications requises et différent de la maîtrise d’œuvre</line>
<line>des travaux .</line></par>
</text>
</block>
<block><region><rect/></region>
<text>
<par>
<line>2.4 - Informations sur les travaux de reconnaissance et de mise en sécurité</line></par>
<par>
<line>Immédiatement après l'achèvement des travaux, le maître d'ouvrage doit remettre aux services</line>
<line>teehniques municipaux et de la communauté d'agglomération de Saint-Quentin, un plan</line>
<line>d'implantation des fouilles, des sondages et des puits foncés, les coupes des terrains traversés,</line>
<line>ainsi que les coupes, élévations et schémas nécessaires à une parfaite description des travaux</line>
<line>de consolidation exécutés.</line></par>
<par>
<line>Le plan de localisation des différents travaux doit être daté et repéré sans ambiguïté par</line>
<line>rapport aux ouvrages existants en surface ou aux rues voisines.</line></par>
<par>
<line>2.5 - Aménagement des cavités</line></par>
<par>
<line>L'aménagement des cavités, que ce soit pour reconnaître ou modifier l'usage des cavités ou</line>
<line>encore réduire le risque d'effondrement, nécessite une consultation des services techniques</line>
<line>municipaux et de la communauté d'agglomération de Saint-Quentin pour :</line></par>
<par>
<line>• les informer ;</line></par>
<par>
<line>• orienter le demandeur vers des organismes habilités (ef 2.2)</line></par>
</text>
</block>
<block><region><rect/></region>
<text>
<par>
<line>Règlement - PPR MvT sur les cormnunes de Gauchy, Harly et Saint-Quentin</line></par>
</text>
</block>
<block><region><rect/></region>
<text>
<par>
<line>9/20</line></par>
</text>
</block>















</page>
<page width="2479" height="3504" resolution="300">
<block><region><rect/></region>
<text>
<par>
<line>TITRE II - Mesures de prévention, de</line>
<line>_protection et de sauvegarde_</line></par>
</text>
</block>
<block><region><rect/></region>
<text>
<par>
<line>Règlement - PPR MvT sur les communes de Gauchy, Harly et Saint-Quentin</line></par>
</text>
</block>
<block><region><rect/></region>
<text>
<par>
<line>10/20</line></par>
</text>
</block>















</page>
<page width="2499" height="3518" resolution="300">
<block><region><rect/></region>
<text>
<par>
<line>2.1“ Constatation de désordre</line></par>
</text>
</block>
<block><region><rect/></region>
<text>
<par>
<line>Toute anomalie de terrain ou tout type de désordres constatés, pouvant résulter de la</line>
<line>dégradation d'une aneienne excavation souterraine, révéler l’existence d'une exeavation non</line>
<line>répertorie ou mettre en évidence l'oecurrenee d'un mouvement de terrain doit être signalé,</line>
<line>sans délai, aux mairies.</line></par>
</text>
</block>
<block><region><rect/></region>
<text>
<par>
<line>2.2- Mesures conservatoires</line></par>
</text>
</block>
<block><region><rect/></region>
<text>
<par>
<line>La survenance d'affaissement ou effondrement localisé à moins de 5 mètres de toute</line>
<line>habitation (distanee calculée entre la bordure de l'effondrement et eelle des habitations</line>
<line>voisines) peut justifier :</line></par>
<par>
<line>• la mise en œuvre d'une procédure d'arrêté de péril pour les immeubles bâtis et édifices</line>
<line>en général ;</line></par>
<par>
<line>• l'interdietion de circulation sur les voies publiques du seeteur menacé ;</line></par>
<par>
<line>• toutes mesures nécessaires à la sécurité publique, sans préjudiee de l'action du Maire</line>
<line>dans ses pouvoirs de police.</line></par>
<par>
<line>Une bande de terrain sera neutralisée en amont et en aval lorsque des signes de désordres</line>
<line>évolutifs relatifs aux mouvements d'effondrement seront détectés. Le gestionnaire devra</line>
<line>mettre en plaee un périmètre de séeurité adapté au phénomène et aux désordres rencontrés,</line>
<line>assurant la sécurité des biens et des personnes.</line></par>
</text>
</block>
<block><region><rect/></region>
<text>
<par>
<line>2.3- Assainissement et état des réseaux</line></par>
<par>
<line>2.3.1- Les réseaux humides</line></par>
<par>
<line>Il apparaît que les fuites d'eau ou les rejets de toute nature sont souvent responsables</line>
<line>d'affaissement voire d'effondrement. Ils peuvent provenir des réseaux d'assainissement (eaux</line>
<line>pluviales, eaux usées) et du réseau d'adduction en eau potable. Afin de les limiter, il est</line>
<line>néeessaire de eontrôler l'étanchéité des réseaux et pour les réseaux d'assainissement, d'y</line>
<line>raeeorder les biens et activités futurs et les éventuels biens et activités existants qui ne le</line>
<line>seraient pas.</line></par>
<par>
<line>À l’issue de l’étude géotechnique, soit ;</line></par>
<par>
<line>• l’infiltration à la parcelle n’est pas possible et le réseau d’assainissement collectif</line>
<line>existe, le raecordement de la construction au réseau d’assainissement collectif sera</line>
<line>obligatoire.</line></par>
<par>
<line>• l’infiltration à la parcelle est possible et le réseau d’assainissement existant est déjà</line>
<line>saturé, alors l’infiltration à la parcelle sera autorisée.</line></par>
</text>
</block>
<block><region><rect/></region>
<text>
<par>
<line>Règlement - PPR MvT sur les communes de Gauchy, Harly et Saint-Quentin</line></par>
</text>
</block>
<block><region><rect/></region>
<text>
<par>
<line>11/20</line></par>
</text>
</block>











</page>
<page width="2479" height="3504" resolution="300">
<block><region><rect/></region>
<text>
<par>
<line>Pour les eaux usées</line></par>
</text>
</block>
<block><region><rect/></region>
<text>
<par>
<line>Toutes les propriétés bâties non encore raccordées au réseau de collecte des eaux usées à la</line>
<line>date d’approbation du PPR doivent l’être dans un délai de deux ans à compter de la date</line>
<line>d’approbation du PPR. Les services techniques municipaux ou la structure gestionnaire des</line>
<line>réseaux doivent vérifier les raccordements au réseau collectif et les remettre en état le cas</line>
<line>échéant.</line></par>
<par>
<line>Pour les eaux pluviales</line></par>
</text>
</block>
<block><region><rect/></region>
<text>
<par>
<line>Les eaux pluviales pourront être raccordées où infiltrées à la parcelle selon trois cas à l’issue</line>
<line>de la réalisation de T étude géotechnique :</line></par>
</text>
</block>
<block><region><rect/></region>
<text>
<par>
<line>1.Casn°l</line></par>
<par>
<line>• Présence d’une cavité ;</line></par>
<par>
<line>• Comblement de la cavité effectué ;</line></par>
<par>
<line>• la capacité d’infiltration des eaux pluviales du sol est suffisante.</line>
<line>L’infiltration à la parcelle sera autorisée sans condition de distance.</line></par>
</text>
</block>
<block><region><rect/></region>
<text>
<par>
<line>2.Casn°2:</line></par>
<par>
<line>• une cavité existe mais ne peut être comblée ;</line></par>
<par>
<line>• la capacité d’infiltration des eaux pluviales du sol est suffisante.</line></par>
<par>
<line>L’infiltration pourra se faire à une distance de 5 mètres minimum par rapport à la limite de la</line>
<line>cavité identifiée.</line></par>
</text>
</block>
<block><region><rect/></region>
<text>
<par>
<line>3.Cas n°3 :</line></par>
<par>
<line>• Incapacité d’infiltration des eaux pluviales du sol.</line></par>
<par>
<line>En présence d’un caniveau qui conduit les eaux dans un réseau d’assainissement collectif des</line>
<line>eaux pluviales ou d’un branchement à ce même réseau d’assainissement collectif des eaux</line>
<line>pluviales, la construction doit y être raccordée. Dans le cas contraire et en présence d’un</line>
<line>réseau d’assainissement collectif des eaux usées, la construction doit être raccordée sachant</line>
<line>que ce raccordement pourra être assujetti à une limitation du débit de rejet avec un système</line>
<line>étanche de stockage ou de rétention obligatoire. Les puits d’infiltration ( ou système</line>
<line>équivalent) seront interdits</line></par>
</text>
</block>
<block><region><rect/></region>
<text>
<par>
<line>En l’absence d’un réseau d’assainissement collectif, le projet nouveau sera refusé.</line></par>
</text>
</block>
<block><region><rect/></region>
<text>
<par>
<line>Règlement - PPR MvT sur les communes de Gauchy, Plarly et Saint-Quentin</line></par>
</text>
</block>
<block><region><rect/></region>
<text>
<par>
<line>12/20</line></par>
</text>
</block>














</page>
<page width="2479" height="3504" resolution="300">
<block><region><rect/></region>
<text>
<par>
<line>Lors de la création et du remplacement de réseau, les canalisations utilisés doivent être</line>
<line>étanches et doivent résister à des mouvements de terrains localisés. Le gestionnaire du réseau</line>
<line>contrôle périodiquement, tous les 10 ans, l’état (en particulier l’étanchéité) des canalisations,</line>
<line>avec un contrôle initial au plus tard cinq ans après la date d’approbation du PPR. A l’issue de</line>
<line>ces contrôles, un certificat d’étanchéité et de conformité des branchements est établi, puis</line>
<line>archivé et maintenu disponible par le gestionnaire du réseau.</line></par>
<par>
<line>En cas de fixité constatée, il y a obligation, à la charge du propriétaire ou du gestionnaire selon</line>
<line>l’emplacement de la fuite, de faire procéder aux travaux nécessaires de remise en état et</line>
<line>d’assurer l’étanchéité.</line></par>
</text>
</block>
<block><region><rect/></region>
<text>
<par>
<line>S’il n’existe pas de réseau public d’assainissement collectif, une filière d’assainissement</line>
<line>autonome conforiue à la réglementation en vigueur est obligatoire, avec un exutoire situé au</line>
<line>plus près à 10 m de l’emprise des cavités et effondrements connus. Pour le bâti existant, en</line>
<line>cas de filière d’assainissement non conforme, obligation d’enlever ou remblayer la fosse dans</line>
<line>les 5 ans.</line></par>
</text>
</block>
<block><region><rect/></region>
<text>
<par>
<line>2.3.2- Les réseaux de distribution de gaz</line></par>
<par>
<line>Lors de la création ou du remplacement de réseau, les matériaux utilisés doivent être étanches</line>
<line>et doivent résister à des mouvements de terrains localisés. Le gestionnaire du réseau contrôle</line>
<line>périodiquement, tous les 10 ans, l’état (en particulier l’étanchéité) des canalisations, avec un</line>
<line>contrôle initial au plus tard cinq ans après la date d’approbation du PPR.</line></par>
<par>
<line>A l’issue de ces contrôles, un certificat d’étanchéité et de conformité des branchements est</line>
<line>établi, puis archivé et maintenu disponible par le gestionnaire du réseau. En cas de tronçons</line>
<line>dégradés constatés, il y a obligation, à charge du propriétaire ou du gestionnaire selon</line>
<line>l’emplacement de la fuite, de faire procéder aux travaux nécessaires de remise en état et</line>
<line>d’assurer l’étanchéité.</line></par>
</text>
</block>
<block><region><rect/></region>
<text>
<par>
<line>2.4“ Voies et domaines publics</line></par>
</text>
</block>
<block><region><rect/></region>
<text>
<par>
<line>Il est recommandé aux différentes collectivités propriétaires de procéder au droit des tronçons</line>
<line>sous minés des espaces publics, à des reeomiaissances du sous-sol qui doivent définir la</line>
<line>nature des travaux de mise en sécurité éventuellement nécessaires, et/ ou la surveillance à</line>
<line>exercer.</line></par>
</text>
</block>
<block><region><rect/></region>
<text>
<par>
<line>Règlement - PPR MvT sur les communes de Gauchy, Harly et Saint-Quentin</line></par>
</text>
</block>
<block><region><rect/></region>
<text>
<par>
<line>13/20</line></par>
</text>
</block>








</page>
<page width="2494" height="3515" resolution="300">
<block><region><rect/></region>
<text>
<par>
<line>2.5- Mesures de sauvegarde :</line></par>
</text>
</block>
<block><region><rect/></region>
<text>
<par>
<line>• Il est recommandé d'interdire l’accès non sécurisé du public pour tous les accès aux</line>
<line>cavités souterraines, qu’ils soient sur emprise publique ou terrains privés, connus ou</line>
<line>découverts, postérieurement à la publication du PPRN, qu’il s’agisse d’entrées de</line>
<line>galeries ou de puits. Ils devront toutefois rester accessibles pour permettre des</line>
<line>interventions par les services spécialisés.</line></par>
<par>
<line>• Pour réagir à des situations de crise engendrées par des effondrements de terrain, la</line>
<line>commune élabora son plan communal de sauvegarde.</line></par>
<par>
<line>• Les communes doivent élaborer et tenir à jour un inventaire et une cartographie des</line>
<line>mouvements de terrain, cavités, galeries, puits, ouvrages souterrains et collecter toutes</line>
<line>les informations historiques relatives au site.</line></par>
<par>
<line>• Les informations relatives aux mouvements de terrain et cavités se rapportant à la</line>
<line>commune doivent être rendues disponibles au public en mairie.</line></par>
</text>
</block>
<block><region><rect/></region>
<text>
<par>
<line>2.6- Mesures de reconnaissance et de suivi :</line></par>
</text>
</block>
<block><region><rect/></region>
<text>
<par>
<line>• Certaines cavités présentes dans la marge de sécurité peuvent sous-miner les propriétés</line>
<line>voisines. La collectivité mettra en place une démarche de concertation entre les</line>
<line>différents propriétaires concernés.</line></par>
<par>
<line>• La visite des cavités souterraines abandonnées non utilisées ou menaçant ruine est</line>
<line>interdite à toute personne non accompagnée d’une structure habilitée sous le domaine</line>
<line>public et à la charge du propriétaire pour le domaine privé.</line></par>
</text>
</block>
<block><region><rect/></region>
<text>
<par>
<line>Règlement - PPR MvT sur les communes de Gauchy, Harly et Saint-Quentin</line></par>
</text>
</block>
<block><region><rect/></region>
<text>
<par>
<line>14/20</line></par>
</text>
</block>









</page>
<page width="2479" height="3504" resolution="300">
<block><region><rect/></region>
<text>
<par>
<line>TITRE III - Dispositions spécifiques</line>
<line>applicables à chaque zone</line></par>
</text>
</block>
<block><region><rect/></region>
<text>
<par>
<line>Règlement - PPR MvT sur les communes de Gaucliy, Harly et Saint-Quentin</line></par>
</text>
</block>
<block><region><rect/></region>
<text>
<par>
<line>15/20</line></par>
</text>
</block>











</page>
<page width="2479" height="3504" resolution="300">
<block><region><rect/></region>
<text>
<par>
<line>3.1- Dispositions applicables en zone bleu-foncé</line></par>
</text>
</block>
<block><region><rect/></region>
<text>
<par>
<line>La zone bleu-foncé concerne les zones où les cavités sont avérées (présence de plans) qu'elles</line>
<line>soient ou non remblayées.</line></par>
</text>
</block>
<block><region><rect/></region>
<text>
<par>
<line>3.1.1- Projets nouveaux</line></par>
<par>
<line>Pour tout projet nouveau, la reconnaissance du sous-sol est obligatoire et comprendra une</line>
<line>étude géotechnique, qui définira la nature des travaux de mise en sécurité nécessaire, afin de</line>
<line>garantir la stabilité des sous-sols. Cette étude se fera uniquement à partir des cavités de la</line>
<line>parcelle.</line></par>
</text>
</block>
<block><region><rect/></region>
<text>
<par>
<line>Les études géotechniques devront être menées dans le cadre de la nonue NFP 94-500,</line>
<line>définissant clairement les types de diagnostic, d’études de projets et de suivi des travaux de</line>
<line>mise en sécurité.</line></par>
<par>
<line>Elle a pour objectifs :</line></par>
<par>
<line>• de détecter des vides résiduels sur la surface du sol du projet, augmentée à sa marge de</line>
<line>sécurité de 10 m en horizontal équivalent à l’incertitude sur la position de la cavité.</line></par>
<par>
<line>• de définir le cas échéant, des dispositions constructives visant à stabiliser le sous-sol.</line></par>
<par>
<line>• de déterminer le mode de fondation adapté aux caractéristiques mécaniques des</line>
<line>terrains sollicités par le projet.</line></par>
<par>
<line>En l’absence d’assainissement collectif ou de réseau collectif d’évacuation des eaux pluviales,</line>
<line>l’étude géotechnique devra également porter sur l’infiltration des eaux sans aggravation des</line>
<line>risques.</line></par>
<par>
<line>Le nouveau projet devra prendre en compte, au stade de la conception, les conditions de</line>
<line>réalisation, d’utilisation ou d’exploitation définies par ces études.</line></par>
<par>
<line>Une coupe-type de la géologie et des aménagements souterrains anciens connus sur le</line>
<line>périmètre du PPR est disponible pour aider aux investigations techniques (Annexe 2). Elle est</line>
<line>fournie à titre indicatif et ne dispense pas les organismes habilités en charge des investigations</line>
<line>techniques d'effectuer les recherches historiques nécessaires pour définir la typologie des</line>
<line>cavités susceptibles d’apparaître au droit du site étudié et d'estimer leur profondeur.</line></par>
<par>
<line>Tout projet est considéré comme nouveau lorsque la surface de plancher est supérieure à 20</line>
<line>m^.</line></par>
<par>
<line>3.1.2- Biens et activités existants</line></par>
<par>
<line>Pour tous les biens ou activités existants, il est recommandé au propriétaire d’inspecter les</line>
<line>cavités identifiées et accessibles situées à l'aplomb des aménagements ou dans la marge de</line>
<line>sécurité (10m en horizontal = incertitude sur la position de la cavité).</line></par>
</text>
</block>
<block><region><rect/></region>
<text>
<par>
<line>Règlement - PPR MvT sur les communes de Gauchy, Harly et Saint-Quentin</line></par>
</text>
</block>
<block><region><rect/></region>
<text>
<par>
<line>16/20</line></par>
</text>
</block>










</page>
<page width="2479" height="3504" resolution="300">
<block><region><rect/></region>
<text>
<par>
<line>Il est également recommandé au propriétaire de rechercher des éventuels indices d'extension</line>
<line>des cavités connues à l'aide de techniques appropriées (examen visuel, sondages, etc.) et de</line>
<line>procéder à l'inspection des cavités ainsi détectées.</line></par>
<par>
<line>Suivant le résultat de cette inspection, la mise en place d'un calendrier de visites périodiques</line>
<line>afin d'assurer le suivi de l'évolution des cavités par les services techniques municipaux ou de</line>
<line>la communauté d'agglomération de Saint-Quentin est recommandée.</line></par>
<par>
<line>Si des secteurs particulièrement dégradés et susceptibles de mettre en péril la sécurité des</line>
<line>personnes en surface sont mis en évidence avec ces inspections, il doit être obligatoire pour le</line>
<line>propriétaire de réaliser des investigations techniques dans le but de déterminer les</line>
<line>prescriptions nécessaires pour garantir la protection des biens et des personnes.</line></par>
</text>
</block>
<block><region><rect/></region>
<text>
<par>
<line>Les travaux prescrits interviennent :</line></par>
<par>
<line>• dans un délai maximal de 2 ans (à compter des investigations techniques) si ces</line>
<line>travaux sont destinés à assurer la pérennité des aménagements ;</line></par>
<par>
<line>• immédiatement si ces travaux sont destinés à assurer la sécurité des personnes.</line></par>
<par>
<line>L’obligation de prise en charge financière des travaux prescrits se limite à hauteur de 10 % de</line>
<line>la valeur vénal du bien.</line></par>
<par>
<line>Sont autorisés sans investigations spécifiques, sous réserve du respect de la réglementation en</line>
<line>vigueur, à condition qu'ils n'aggravent pas les risques ou ne donnent pas lieu à leurs effets :</line></par>
<par>
<line>• les travaux d'entretien et de gestion courants des constructions et infrastructures</line>
<line>implantées antérieurement à la publication du plan, notamment les aménagements</line>
<line>routiers, les traitements de façades, la réfection des toitures ;</line></par>
<par>
<line>• les extensions de surface de plancher de moins de 20 m^, limitées à une seule fois non</line>
<line>renouvelable par type de destination, à compter de la date d’approbation du PPR. Dans</line>
<line>le cas d’une demande de deuxième extension de moins de 20 m^ de même nature</line>
<line>qu’une précédente extension, alors une étude géotechnique sera obligatoire.</line></par>
<par>
<line>• les réparations effectuées sur un bâtiment sinistré dans le cas où la cause des</line>
<line>dommages n'a pas de lien avec le risque qui a entraîné le classement du site en zone</line>
<line>bleue ;</line></par>
<par>
<line>• tous travaux de démolition ;</line></par>
<par>
<line>• la création de clôture ;</line></par>
<par>
<line>• les travaux de raccordement des réseaux humides.</line></par>
</text>
</block>
<block><region><rect/></region>
<text>
<par>
<line>Règlement - PPR MvT sur les communes de Gauchy, Harly et Saint-Quentin</line></par>
</text>
</block>
<block><region><rect/></region>
<text>
<par>
<line>17/20</line></par>
</text>
</block>











</page>
<page width="2491" height="3512" resolution="300">
<block><region><rect/></region>
<text>
<par>
<line>3.2- Dispositions applicables en zone bleu-clair</line></par>
</text>
</block>
<block><region><rect/></region>
<text>
<par>
<line>La zone bleu-clair concerne les zones où les cavités sont supposées.</line></par>
</text>
</block>
<block><region><rect/></region>
<text>
<par>
<line>3.2.1- Projets nouveaux</line></par>
<par>
<line>Pour tout projet nouveau, la reconnaissance du sous-sol est obligatoire et comprendra une</line>
<line>étude géotechnique, qui définira la nature des travaux de mise en sécurité nécessaire, afin de</line>
<line>garantir la stabilité des sous-sols, même lorsque les cavités sont véritables. Cette étude se fera</line>
<line>uniquement à partir des cavités de la parcelle.</line></par>
<par>
<line>Les études géotechniques devront être menées dans le cadre de la norme NFP 94-500,</line>
<line>définissant clairement les types de diagnostic, d’études de projets et de suivi des travaux de</line>
<line>mise en sécurité.</line></par>
<par>
<line>Elle a pour objectifs :</line></par>
<par>
<line>• de détecter des vides résiduels sur la surface du sol du projet, augmentée à sa</line>
<line>périphérie d’une zone prédéfinie dans chaque PPR.</line></par>
<par>
<line>• de définir le cas échéant, des dispositions constructives visant à stabiliser le sous-sol.</line></par>
<par>
<line>• de déterminer le mode de fondation adapté aux caractéristiques mécaniques des</line>
<line>terrains sollicités par le projet.</line></par>
<par>
<line>En l’absence d’assainissement collectif ou de réseau collectif d’évacuation des eaux pluviales,</line>
<line>l’étude géotechnique devra également porter sur l’infiltration des eaux sans aggravation des</line>
<line>risques.</line></par>
<par>
<line>Le nouveau projet devra prendre en compte, au stade de la conception, les conditions de</line>
<line>réalisation, d’utilisation ou d’exploitation définies par ces études.</line></par>
<par>
<line>Une coupe-type de la géologie et des aménagements souterrains anciens connus sur le</line>
<line>périmètre du PPR est disponible pour aider aux investigations techniques (Annexe 2). Elle est</line>
<line>fournie à titre indicatif et ne dispense pas les organismes habilités en charge des investigations</line>
<line>techniques d'effectuer les recherches historiques nécessaires pour définir la typologie des</line>
<line>cavités susceptibles d’apparaître au droit du site étudié et d'estimer leur profondeur.</line></par>
<par>
<line>Tout projet est considéré comme nouveau lorsque la surface de plancher est supérieure à 20</line>
<line>m^.</line></par>
</text>
</block>
<block><region><rect/></region>
<text>
<par>
<line>Règlement - PPR MvT sur les coimmmes de Gauchy, Harly et Saint-Quentin</line></par>
</text>
</block>
<block><region><rect/></region>
<text>
<par>
<line>18/20</line></par>
</text>
</block>



</page>
<page width="2512" height="3527" resolution="300">
<block><region><rect/></region>
<text>
<par>
<line>3.2.2- Biens et activités existants</line></par>
</text>
</block>
<block><region><rect/></region>
<text>
<par>
<line>Pour les aménagements existants, la recherche d'éventuels indices de vides est fortement</line>
<line>recommandée au propriétaire. Si des vides sont identifiés, une inspection des cavités</line>
<line>accessibles est obligatoire (le risque est alors connu).</line></par>
</text>
</block>
<block><region><rect/></region>
<text>
<par>
<line>Suivant le résultat de cette inspection et de l'évolution des cavités, une structure compétente</line>
<line>peut être sollicitée pour définir les prescriptions de travaux nécessaires à la stabilisation des</line>
<line>terrains. Si la sécurité des personnes est enjeu, il est impératif de procéder à la mise en œuvre</line>
<line>des travaux prescrits.</line></par>
</text>
</block>
<block><region><rect/></region>
<text>
<par>
<line>Sont autorisés sans investigations spécifiques, sous réserve du respect de la réglementation en</line>
<line>vigueur, à condition qu'ils n'aggravent pas les risques ou ne donnent pas lieu à leurs effets :</line></par>
<par>
<line>• les travaux d'entretien et de gestion courants des constructions et infrastructures</line>
<line>implantées antérieurement à la publication du plan, notamment les aménagements</line>
<line>routiers, les traitements de façades, la réfection des toitures ;</line></par>
<par>
<line>• les extensions de surface de plancher de moins de 20 m^, limitées à une seule fois non</line>
<line>renouvelable par type de destination, à compter de la date d’approbation du PPR. . Dans le</line>
<line>cas d’une demande de deuxième extension de moins de 20 m^ de même nature qu’une</line>
<line>précédente extension, alors une étude géotechnique sera obligatoire.</line></par>
<par>
<line>• les réparations effectuées sur un bâtiment sinistré dans le cas où la cause des</line>
<line>dommages n'a pas de lien avec le risque qui a entraîné le classement du site en zone</line>
<line>bleue ;</line></par>
<par>
<line>• tous travaux de démolition ;</line></par>
<par>
<line>• la création de clôture ;</line></par>
<par>
<line>• les travaux de raccordement des réseaux humides.</line></par>
</text>
</block>
<block><region><rect/></region>
<text>
<par>
<line>Règlement - PPR MvT sur les communes de Gauchy, Harly et Saint-Quentin</line></par>
</text>
</block>
<block><region><rect/></region>
<text>
<par>
<line>19/20</line></par>
</text>
</block>





















</page>
<page width="2536" height="3544" resolution="300">
<block><region><rect/></region>
<text>
<par>
<line>3.3“ Disposition en zone blanche</line></par>
</text>
</block>
<block><region><rect/></region>
<text>
<par>
<line>La zone blanche correspond au reste du périmètre de risque des territoires communaux de</line>
<line>Saint-Quentin/Gauchy/Harly, non affecté par les zones bleu-foncé et bleu-clair.</line></par>
</text>
</block>
<block><region><rect/></region>
<text>
<par>
<line>Elle est soumise à un niveau d'aléa effondrement/affaissement faible à nul et ne nécessite pas</line>
<line>de dispositions particulières. Il est cependant recommandé d'effectuer une recherche</line>
<line>d'éventuelles cavités au droit des nouveaux projets.</line></par>
</text>
</block>
<block><region><rect/></region>
<text>
<par>
<line>Si une cavité est détectée, il sera appliqué les dispositions de la zone bleu foncé.</line></par>
</text>
</block>
<block><region><rect/></region>
<text>
<par>
<line>Règlement - PPR MvT sur les communes de Gauchy, Harly et Saint-Quentin</line></par>
</text>
</block>
<block><region><rect/></region>
<text>
<par>
<line>20/20</line></par>
</text>
</block>











</page>
</PM1>