<?xml version="1.0" encoding="UTF-8"?><PM1>
<page width="1669" height="2350" resolution="200">
<block><region><rect/></region>
<text>
<par>
<line>Ubirli » ÉgiUtf » Praumllé</line></par>
<par>
<line>Réfubuqpb Française</line></par>
</text>
</block>
<block><region><rect/></region>
<text>
<par>
<line>PREFECTURE DE LA HAUTE-LOIRE</line></par>
</text>
</block>
<block><region><rect/></region>
<text>
<par>
<line>\J^</line></par>
</text>
</block>
<block><region><rect/></region>
<text>
<par>
<line>ARRAcpfobPPRISlElienneLardevfolAS</line></par>
<par>
<line>DIRECTION DES ACTIONS INTERMINISTERIELLES</line>
<line>2ème DIRECTION - 1er BUREAU</line>
<line>ARRETE N** D2-B1-2009// "-^3</line></par>
<par>
<line>portant approbation du Plan de Prévention du Risque Inondation (P.P.R.I.) de la Roudesee sur la</line></par>
<par>
<line>commune de Saint Etienne Lardeyrol</line></par>
<par>
<line>LE PREFET DE LA HAUTE-LOIRE</line></par>
<par>
<line>VU le code de l'urbanisme ;</line></par>
<par>
<line>VU le code de la construction et de l’habitation ;</line></par>
<par>
<line>VU le code de l’expropriation pour cause d'utilité publique, notamment ses articles R 11-4 à R 11-14 ;</line></par>
<par>
<line>VU le code de l'environnement, articles L 562.1 et suivants et R 562-1 et suivants ;</line></par>
<par>
<line>VU l'arrêté préfectoral du 9 mars 2001 prescrivant l'établissement d'un Plan de Prévention du Risque</line>
<line>Inondation (P.P.R.I.) de la Roudesse sur la commune de Saint Etienne Lardeyrol ;</line></par>
<par>
<line>VU les pièces du dossier établi par les services de la direction départementale de l'équipement ;</line></par>
<par>
<line>VU l’avis réputé favorable du conseil municipal de Saint Etienne Lardeyrol ;</line></par>
<par>
<line>VU l’avis réputé favorable du conseil de la communauté de communes de l'Emblavez;</line></par>
<par>
<line>VU l’avis favorable du 26 août 2008 du Centre régional de la propriété forestière d'Auvergne,</line></par>
<par>
<line>VU l’avis réputé favorable du Conseil Général de la Haute-Loire,</line></par>
<par>
<line>VU l’avis favorable sous réserves émis le 6 octobre 2008 par la chambre d’agriculture,</line></par>
<par>
<line>VU l’avis favorable sous réserves du 24 septembre 2008 du Directeur départemental de l'agriculture et de la</line>
<line>forêt ;</line></par>
<par>
<line>VU le dossier modifié reçu à la Préfecture le 28 novembre 2008 pour être soumis à enquête publique ;</line></par>
<par>
<line>VU l'arrêté préfectoral n° D2B1 2008/465 du 12 décembre 2008 prescrivant l'enquête publique relative au</line>
<line>projet d'établissement d'un Plan de Prévention du Risque Inondation (P.P.R.I.) de la Roudesse sur la</line>
<line>commune de Saint Etienne Lardeyrol du 5 janvier au 5 février 2009 inclus;</line></par>
<par>
<line>VU ta délibération du 6 février 2009 du Conseil municipal de Saint Etienne Lardeyrol ;</line></par>
<par>
<line>VU l'avis favorable émis le 2 mars 2009 par le commissaire enquêteur,</line></par>
<par>
<line>VU le courrier du 16 juin 2009 du Directeur départemental de l'équipement et de l’agriculture ;</line></par>
<par>
<line>Considérant que les résultats de ladite enquête ne nécessitent pas de modification du dossier;</line></par>
<par>
<line>SUR proposition du Directeur départemental de l'équipement et de l’agriculture;</line></par>
</text>
</block>
<block><region><rect/></region>
<text>
<par>
<line>1/2</line></par>
</text>
</block>





</page>
<page width="1654" height="2339" resolution="200">
<block><region><rect/></region>
<text>
<par>
<line>r</line></par>
</text>
</block>
<block><region><rect/></region>
<text>
<par>
<line>ARRETE;</line></par>
</text>
</block>
<block><region><rect/></region>
<text>
<par>
<line>ARTICLE 1er - Est approuvé, tel qu'il est annexé au présent arrêté, le Plan de Prévention du Risque</line>
<line>Inondation (PPRI) de la Roudesse sur la commune de Saint Etienne Lardeyrol.</line></par>
<par>
<line>ARTICLE 2 - Le présent arrêté fera l’objet d'une mention au recueil des actes administratifs de ta Préfecture</line>
<line>ainsi que dans un journal diffusé dans te département.</line></par>
<par>
<line>ARTICLE 3 - Une copie du présent arrêté sera affichée à la mairie de Saint Etienne Lardeyroi et au siège de</line>
<line>la communauté de communes de l'Emblavez pendant une durée minimum de 1 mois.</line></par>
<par>
<line>ARTICLE 4 - Le Plan de Prévention du Risque Inondation sera tenu à la disposition du public ;</line></par>
<par>
<line>- à la Préfecture de la Haute-Loire,</line></par>
<par>
<line>- à la Direction départementale de l'équipement et de l’agriculture,</line></par>
<par>
<line>- à la Mairie de Saint Etienne Lardeyrol,</line></par>
<par>
<line>- au siège de la communauté de communes de l'Emblavez,</line></par>
<par>
<line>ARTICLE 5 - Le présent arrêté sera notifié à :</line></par>
<par>
<line>- M. le Maire de Saint Etienne Lardeyrol,</line></par>
<par>
<line>- M le Président de la communauté de communes de l’Emblavez,</line></par>
<par>
<line>- M. le Directeur départemental de l’équipement et de l'agriculture,</line></par>
<par>
<line>- M. le Directeur régional de l'environnement Auvergne,</line></par>
<par>
<line>- M le Ministre de l'écologie, de l’énergie, du développement durable et de l’aménagement du territoire.</line></par>
<par>
<line>ARTICLE 6 - Le présent P.P.R.I. valant servitude d'utilité publique sera annexé au document d'urbanisme de</line>
<line>la commune de Saint Etienne Lardeyroi qui sera mis à jour conformément aux dispositions prévues à l'article</line>
<line>R 126,2 du code de l'urbanisme.</line></par>
<par>
<line>ARTICLE 7 - Le Secrétaire Général de la Préfecture de la Haute-Loire, le Directeur des Services du Cabinet,</line>
<line>le Maire de Saint Etienne Lardeyrol, le Président de la communauté de communes de l’Emblavez et te</line>
<line>Directeur départemental de l'équipement et de l'agriculture sont chargés, chacun en ce qui le concerne, de</line>
<line>l'exécution du présent arrêté.</line></par>
</text>
</block>
<block><region><rect/></region>
<text>
<par>
<line>Au PUY-EN-VELAY, le</line></par>
</text>
</block>
<block><region><rect/></region>
<text>
<par>
<line>il 9 ‘WIN zopg</line></par>
</text>
</block>
<block><region><rect/></region>
<text>
<par>
<line>2/2</line></par>
</text>
</block>








</page>
</PM1>