<?xml version="1.0" encoding="UTF-8"?><PM1>
<page width="2486" height="3509" resolution="300">
<block><region><rect/></region>
<text>
<par>
<line>PREFECTURE</line></par>
<par>
<line>DES PYRENEES-ATLANTIQUES</line></par>
</text>
</block>
<block><region><rect/></region>
<text>
<par>
<line>SERVICE INTERMINISTERIEL</line>
<line>DE DEFENSE</line></par>
<par>
<line>ET DE PROTECTION CIVILE</line></par>
<par>
<line>REFER: JV/PC3 - 96/12 PPRN/APPROB</line></par>
</text>
</block>
<block><region><rect/></region>
<text>
<par>
<line>ARRETE</line></par>
</text>
</block>
<block><region><rect/></region>
<text>
<par>
<line>APPROUVANT LE PLAN DE PREVENTION DES RISQUES NATURELS</line>
<line>D’AVALANCHES ET DE MOUVEMENTS DE TERRAIN</line>
<line>DE LA COMMUNE DE LESCUN</line></par>
</text>
</block>
<block><region><rect/></region>
<text>
<par>
<line>LE PREFET DES PYRENEES-ATLANTIQUES</line>
<line>Chevalier de la Légion d'Hoimeur</line></par>
</text>
</block>
<block><region><rect/></region>
<text>
<par>
<line>- Vu la loi n° 87-565 du 22 juillet 1987, relative à l’organisation de la sécunté civile,</line></par>
<par>
<line>à la protection de la forêt contre l’incendie et à la prévention des risques majeurs, notamment</line>
<line>ses articles 40-1 à 40-7 issus de la loi n°95-101 du 2 février 1995;</line></par>
<par>
<line>- Vu le décret n° 95-1089 du 5 octobre 1995, relatif aux plans de prévention des</line>
<line>risques naturels prévisibles</line></par>
<par>
<line>- Vu l’arrêté préfectoral en date du 22 octobre 1996, rendant public le plan de</line>
<line>prévention des risques naturels d’avalanches et de mouvements de terrain de la commune de</line>
<line>Lescun;</line></par>
<par>
<line>- Vu l’arrêté préfectoral en date du 29 octobre 1996, prescrivant l’ouverture d’une</line>
<line>enquête publique sur le plan de prévention des risques naturels de la commune de Lescim;</line></par>
<par>
<line>- Vu la délibération du conseil municipal de la commune de Lescun en date du 5</line>
<line>octobre 1996 émettant un avis favorable au projet de plan de prévention des risques naturels</line>
<line>prévisibles d’avalanches et de mouvements de terrain;</line></par>
<par>
<line>- Vu le procès-verbal de l’enquête publique à laquelle il a été procédé du 12 novembre</line>
<line>au 11 décembre 1996 et à l’avis du Commissaire-enquêteur en date du 13 décembre 1996;</line></par>
<par>
<line>- Sur proposition du Sous-Préfet, Directeur de Cabinet,</line></par>
<par>
<line>ARRETE</line></par>
<par>
<line>ARTICLE 1ER; I - est approuvé, tel qu’il est annexé au présent arrêté le plan de prévention</line>
<line>des risques naturels prévisibles d’avalanches et de mouvements de terrain (P.P.R.) de la</line>
<line>commune de LESCUN.</line></par>
</text>
</block>
<block><region><rect/></region>
<text>
<par>
<line>REPUBLIQUE FRANÇAISE</line>
<line>Liberté Égalité Fraternité</line></par>
<par>
<line>2, RUE MARECHAL JOFFRE 64021 PAU CEDEX. TEL. 59.27.60.00 - FAX 59.83.80.44</line></par>
</text>
</block>







</page>
<page width="2500" height="3519" resolution="300">
<block><region><rect/></region>
<text>
<par>
<line>II - le P.P.R.N. comprend;</line></par>
</text>
</block>
<block><region><rect/></region>
<text>
<par>
<line>1. - un rapport de présentation</line></par>
<par>
<line>2. - un réglement</line></par>
<par>
<line>3. - un plan de zonage n°l au l/5000è</line></par>
<par>
<line>4. - un plan de zonage n°2 au l/5000è</line></par>
<par>
<line>5. - un plan de zonage n°3 au l/5000è</line></par>
<par>
<line>III - il est tenu à la disposition du public:</line></par>
<par>
<line>- à la mairie de Lescun</line></par>
<par>
<line>- à la Direction Départementale de l’Agriculture et de la Forêt</line></par>
<par>
<line>- à la Sous-Préfecture d’Oloron-Samte-Marie</line></par>
<par>
<line>- à la Préfecture des Pyrénées-Atlantiques</line></par>
<par>
<line>ARTICLE 2: Le présent arrêté sera publié au Recueil des Actes Administratifs et mention en</line>
<line>sera faite en caractères apparents dans les deux journaux ci-après désignés:</line></par>
<par>
<line>- l’Eclair des Pyrénées</line></par>
<par>
<line>- la République des Pyrénées</line></par>
<par>
<line>Une copie de l’arrêté d’approbation sera affiché en Mairie de Lescun et porté à</line>
<line>la connaissance du public par tout autre procédé en usage dans la commune pendant un mois</line>
<line>au minimum.</line></par>
<par>
<line>Ces mesures de publicité seront justifiées par un certificat du Maire et un</line>
<line>exemplaire des journaux sera annexé au dossier.</line></par>
<par>
<line>ARTICLE 3 : Des ampliations du présent arrêté seront adressées à</line></par>
<par>
<line>- M. le Maire de Lescun</line></par>
<par>
<line>- M. le Directeur Départemental de l’Agriculture et de la Forêt</line></par>
<par>
<line>- M. le Directeur Départemental de l’Equipement</line></par>
<par>
<line>- M. le Sous-Préfet d’Oloron Sainte-Marie</line></par>
<par>
<line>- Mme le Ministre de l’Environnement</line></par>
<par>
<line>ARTICLE 4; MM. le Directeur de Cabinet, le Sous-Préfet d’Oloron Sainte-Marie, le Maire</line>
<line>de Lescun, le Directeur de l’Agriculture et de la Forêt, sont chargés, chacun en ce qui le</line>
<line>concerne, de l’exécution du présent arrêté.</line></par>
</text>
</block>
<block><region><rect/><rect/><rect/></region>
<text>
<par/>
</text>
</block>
<block><region><rect/><rect/></region>
<text>
<par>
<line>,'S I â</line></par>
</text>
</block>
<block><region><rect/></region>
<text>
<par/>
</text>
</block>
<block><region><rect/></region>
<text>
<par/>
</text>
</block>
<block><region><rect/></region>
<text>
<par/>
</text>
</block>
<block><region><rect/><rect/><rect/><rect/></region>
<text>
<par>
<line>Pour Ampfelion</line></par>
<par>
<line>Service Interministériel</line>
<line>des Affaires Economiques et Civiles</line>
<line>de Défense et de la Protection Civile</line></par>
</text>
</block>
<block><region><rect/><rect/></region>
<text>
<par>
<line>Fait à PAU, le 1 S jt£C.</line>
<line>LE PREFET,</line></par>
</text>
</block>
<block><region><rect/></region>
<text>
<par>
<line>N</line></par>
</text>
</block>
<block><region><rect/></region>
<text>
<par>
<line>Jacques VOTIE</line></par>
</text>
</block>
<block><region><rect/></region>
<text>
<par>
<line>ornes BOUIlHAGUEr</line></par>
</text>
</block>





</page>
</PM1>