<?xml version="1.0" encoding="UTF-8"?><PM1>
<page width="2479" height="3504" resolution="300">
<block><region><rect/></region>
<text>
<par>
<line>Liberté * Égalité • Fraternité</line></par>
<par>
<line>République Française</line></par>
</text>
</block>
<block><region><rect/></region>
<text>
<par>
<line>PRÉFET DU VAL-D’OISE</line></par>
</text>
</block>
<block><region><rect/></region>
<text>
<par>
<line>DIRECTION DEPARTEMENTALE</line>
<line>DES TERRITOIRES</line></par>
<par>
<line>Service de l'urbanisme et de l'aménagement</line>
<line>durable</line></par>
<par>
<line>Pôle risques et bruit</line></par>
</text>
</block>
<block><region><rect/></region>
<text>
<par>
<line>ARRETE N» 13748 APPROUVANT LE PLAN DE PREVENTION DES RISQUES NATURELS</line>
<line>(PPRN) DE MOUVEMENTS DE TERRAIN CONCERNANT LES RISQUES LIES A LA</line>
<line>PRESENCE DE CARRIERES SOUTERRAINES, A LA DISSOLUTION DU GYPSE ET AU</line>
<line>RETRAIT-GONFLEMENT DES SOLS ARGILEUX SUR LE TERRITOIRE DE LA COMMUNE</line>
<line>D’EPIAIS-RHUS ET ABROGEANT LES PERIMETRES R111-3 DELIMITES PAR ARRETE</line>
<line>PREFECTORAL EN DATE DU 8 AVRIL 1987 DEVENUS PPRN PAR DECRET DU</line></par>
<par>
<line>5 OCTOBRE 1995</line></par>
</text>
</block>
<block><region><rect/></region>
<text>
<par>
<line>Le Préfet du Val-d’Oise</line>
<line>Chevalier de la Légion d’Honneur</line>
<line>Officier de l’Ordre National du Mérite</line></par>
<par>
<line>VU le code de l’environnement, notamment ses articles L 562-1 et suivants et R 562-1 et</line>
<line>suivants ;</line></par>
<par>
<line>VU le code de l’urbanisme, et notamment ses articles L 151-43 et R 151-51 ;</line></par>
<par>
<line>VU la loi n°2010-788 du 12 juillet 2010 portant engagement national pour l’environnement et</line>
<line>notamment son article 222 ;</line></par>
<par>
<line>VU le décret n°2011-765 du 28 juin 2011 relatif à la procédure d’élaboration, de révision et de</line>
<line>modification des plans de prévention des risques (PPR) naturels prévisibles ;</line></par>
<par>
<line>VU l’arrêté préfectoral n‘’87-073 en date du 8 avril 1987 délimitant, au titre de l’article R111-3 du</line>
<line>Code de l’urbanisme aujourd’hui abrogé, des périmètres de risques liés à la présence</line>
<line>d’anciennes carrières souterraines abandonnées sur le territoire de la commune d’Epiais-Rhus,</line>
<line>devenus plans de prévention des risques à la date de publication du décret n°95-1089 du 5</line>
<line>octobre 1995 ;</line></par>
<par>
<line>VU l’arrêté préfectoral n® 09-77 en date du 18 février 2009 prescrivant la révision d’un plan de</line>
<line>prévention des risques naturels (PPRN) de mouvements de terrain sur le territoire de la</line>
<line>commune d’Epiais-Rhus ;</line></par>
<par>
<line>VU la lettre recommandée en date du 2 juin 2016 demandant l’avis réglementaire des</line>
<line>personnes et organismes publics associés à l’élaboration de ce PPRN, dans le délai de deux</line>
<line>mois à compter de la réception de la saisine ;</line></par>
<par>
<line>VU la réunion des personnes et organismes publics associés à l’élaboration du PPRN en date</line>
<line>du 9 juin 2016 ;</line></par>
<par>
<line>VU l’avis favorable du conseil municipal de la commune d’Epiais-Rhus, formulé par délibération</line>
<line>en date du 27 juin 2016 ;</line></par>
<par>
<line>VU les avis favorables tacites du conseil régional d’île-de-France, du conseil départemental du</line>
<line>Val-d’Oise, de la chambre interdépartementale d’agriculture d’île-de-France Ouest et du centre</line>
<line>régional de la propriété forestière, en l’absence d’avis formulé par leur organe délibérant dans</line>
<line>le délai imparti ;</line></par>
</text>
</block>
<block><region><rect/></region>
<text>
<par>
<line>Direction départementale des territoires du Vai-d'Oise</line>
<line>Préfecture - CS 20105 - 5 avenue Bernard Hirsch - 95010 Cergy-Pontoise Cedex</line>
<line>Téiéphone : 01 34 25 24 73 - téiécopie : 01 34 25 25 41 - courriei : ddt-suad@vai-doise.Qouv.fr site internet http://www.vai-doise.gouv.fr/</line></par>
</text>
</block>


</page>
<page width="2479" height="3504" resolution="300">
<block><region><rect/></region>
<text>
<par>
<line>vu la décision en date du 22 juillet 2016 de la présidente du tribunal administratif de Cergy-</line>
<line>Pontoise désignant un commissaire-enquêteur titulaire et son suppléant ;</line></par>
<par>
<line>VU l’enquête publique, prescrite par arrêté préfectoral en date du 19 août 2016, qui s’est</line>
<line>déroulée en mairie d’Epiais-Rhus du 3 octobre au 3 novembre 2016, sur le projet de PPRN ;</line></par>
<par>
<line>VU le procès-verbal en date du 8 novembre 2016 de synthèse des remarques recueillies par le</line>
<line>commissaire-enquêteur au cours de l’enquête publique ;</line></par>
<par>
<line>VU la lettre en réponse de la direction départementale des territoires du Val-d’Oise en date du</line>
<line>22 novembre 2016 au procès-verbal du commissaire enquêteur ;</line></par>
<par>
<line>VU le rapport et les conclusions du commissaire enquêteur remis en préfecture le 1®' décembre</line>
<line>2016, émettant un avis favorable assorti de deux réserves,</line></par>
<par>
<line>CONSIDERANT que les périmètres R111-3 délimités par arrêté préfectoral en date du 8 avril</line>
<line>1987, valant PPRN à la date de publication du décret n°95-1089 du 5 octobre 1995, sont</line>
<line>dépourvus de règlement spécifique de nature à orienter les précautions à prendre pour</line>
<line>prémunir les constructions existantes ou futures contre les risques d’effondrement des carrières</line>
<line>souterraines abandonnées,</line></par>
<par>
<line>CONSIDERANT que la commune d’Epiais-Rhus est exposée à des risques de mouvements de</line>
<line>terrain dus à la présence d’anciennes carrières, à la dissolution du gypse et au retrait-</line>
<line>gonflement des sols argileux,</line></par>
<par>
<line>CONSIDERANT l’amélioration des connaissances en matière d’anciennes carrières</line>
<line>souterraines, de dissolution du gypse et de retrait-gonflement des sols argileux,</line></par>
<par>
<line>CONSIDERANT que le projet de PPRN, de par sa logique de prévention, est de nature à</line>
<line>améliorer la sécurité des biens et des personnes,</line></par>
<par>
<line>CONSIDERANT que les deux réserves émies par le commissaire enquêteur ont été levées.</line></par>
</text>
</block>
<block><region><rect/></region>
<text>
<par>
<line>SUR proposition de Monsieur le secrétaire général de la préfecture du Val-d’Oise,</line></par>
</text>
</block>
<block><region><rect/></region>
<text>
<par>
<line>ARRETE</line></par>
</text>
</block>
<block><region><rect/></region>
<text>
<par>
<line>ARTICLE 1®'- Le présent arrêté approuve le plan de prévention des risques naturels de</line>
<line>mouvements de terrain dus :</line></par>
<par>
<line>• à la présence de carrières souterraines,</line></par>
<par>
<line>• à la dissolution du gypse,</line></par>
<par>
<line>• au retrait-gonflement des sols argileux.</line></par>
<par>
<line>ARTICLE 2 : Le plan de prévention des risques naturels de mouvements de terrain comprend :</line></par>
<par>
<line>• une note de présentation,</line></par>
<par>
<line>• un règlement,</line></par>
<par>
<line>• des documents graphiques,</line></par>
<par>
<line>• des annexes.</line></par>
<par>
<line>ARTICLE 3 : Les périmètres R111-3 délimités par arrêté préfectoral en date du 8 avril 1987</line>
<line>valant plan de prévention des risques par décret n°95-1089 du 5 octobre 1995 sont abrogés.</line></par>
</text>
</block>
<block><region><rect/></region>
<text>
<par>
<line>2/3</line></par>
</text>
</block>




</page>
<page width="2479" height="3504" resolution="300">
<block><region><rect/></region>
<text>
<par>
<line>ARTICLE 4 : Le présent arrêté, accompagné du PPRN, est notifié aux personnes et</line>
<line>organismes publics, consultés lors de son élaboration.</line></par>
<par>
<line>Le PPRN approuvé est tenu à la disposition du public à la préfecture du Val-d’Oise et à la mairie</line>
<line>d’Epiais-Rhus.</line></par>
<par>
<line>Il sera également mis en ligne sur le site internet de la préfecture du Val-d’Oise.</line></par>
<par>
<line>Le présent arrêté sera publié au recueil des actes administratifs de l’État, fera l’objet d’un</line>
<line>affichage à la mairie d’Epiais-Rhus pendant un mois au moins et mention de cet arrêté sera</line>
<line>insérée par les soins du préfet dans un journal local.</line></par>
<par>
<line>ARTICLE 5 : Le présent plan de prévention, valant servitude d’utilité publique, devra être</line>
<line>annexé au plan local d’urbanisme de la commune d’Epiais-Rhus, dans le délai de trois mois</line>
<line>suivant la date de sa notification, conformément aux dispositions de l’article R151-51 du code</line>
<line>de l’urbanisme.</line></par>
<par>
<line>ARTICLE 6 : Monsieur le secrétaire général de la préfecture du Val-d’Oise, Monsieur le maire</line>
<line>d’Epiais-Rhus et Monsieur le directeur départemental des territoires du Val-d’Oise sont chargés,</line>
<line>chacun en ce qui le concerne, de l’exécution du présent arrêté.</line></par>
</text>
</block>
<block><region><rect/></region>
<text>
<par>
<line>Fait à Cergy-Pontoise, le « g 2017</line></par>
</text>
</block>
<block><region><rect/></region>
<text>
<par>
<line>pre.</line></par>
</text>
</block>
<block><region><rect/></region>
<text>
<par>
<line>Pou</line></par>
</text>
</block>
<block><region><rect/></region>
<text>
<par>
<line>le</line></par>
</text>
</block>
<block><region><rect/></region>
<text>
<par>
<line>néral</line></par>
</text>
</block>
<block><region><rect/></region>
<text>
<par>
<line>LeSecn</line></par>
</text>
</block>
<block><region><rect/></region>
<text>
<par>
<line>Daniel iMRNiER</line></par>
</text>
</block>
<block><region><rect/></region>
<text>
<par>
<line>NB : Voies et délais de recours (articles R421-1 à R421-7 du code de justice administratif)</line></par>
<par>
<line>Dans un délai de 2 mois à compter de la publication du présent arrêté, les recours suivants peuvent être introduits en</line>
<line>recommandé avec accusé de réception :</line></par>
<par>
<line>Recours gracieux :</line></par>
<par>
<line>Monsieur le Préfet du Val-d’Oise</line>
<line>Préfecture du Val-d’Oise</line>
<line>5, avenue Bernard Hirsch</line>
<line>CS 20105</line></par>
<par>
<line>95010 CERGY-PONTOISE Cedex</line></par>
<par>
<line>Recours hiérarchique :</line></par>
<par>
<line>Madame la ministre de l’écologie, du développement durable et de l’énergie</line>
<line>92055 LA DEFENSE Cedex</line></par>
<par>
<line>Recours contentieux :</line></par>
<par>
<line>Tribunal Administratif de Cergy-Pontoise</line>
<line>2-4 boulevard de l’Hautil</line>
<line>BP 30322</line></par>
<par>
<line>95027 CERGY-PONTOISE Cedex</line></par>
</text>
</block>
<block><region><rect/></region>
<text>
<par>
<line>3/3</line></par>
</text>
</block>



</page>
</PM1>