<?xml version="1.0" encoding="UTF-8"?><PM1>
<page width="1653" height="2336" resolution="200">
<block><region><rect/></region>
<text>
<par>
<line>Liberté • Égalité • Fraternité</line>
<line>RÉPUBLIQUE FRANÇAISE</line></par>
<par>
<line>PRÉFET DU VAR</line></par>
</text>
</block>
<block><region><rect/></region>
<text>
<par>
<line>Direction</line>
<line>départementale</line>
<line>des territoires</line>
<line>et de la mer</line>
<line>du Var</line></par>
<par>
<line>Service Aménagement Durable</line></par>
</text>
</block>
<block><region><rect/></region>
<text>
<par>
<line>ARRETE PREFECTORAL</line>
<line>du</line></par>
<par>
<line>1 4 FEV. 20U</line></par>
<par>
<line>portant approbation du plan</line>
<line>de prévention des risques naturels inondation</line>
<line>lié à la présence de l’Argens</line>
<line>sur la commune de</line>
<line>Vidauban</line></par>
</text>
</block>
<block><region><rect/></region>
<text>
<par>
<line>LE PREFET DU VAR</line></par>
<par>
<line>Officier de la Légion d'Honneur</line>
<line>Chevalier de l'Ordre National du Mérite</line></par>
</text>
</block>
<block><region><rect/></region>
<text>
<par>
<line>Vu le code de l'environnement, notamment ses articles L.562-1 à L.562-8 etR.562-1 àR.562-12</line>
<line>Vu le code de la construction et de l'habitation, notamment son article R. 126-1,</line></par>
<par>
<line>Vu le code de l'urbanisme</line></par>
</text>
</block>
<block><region><rect/></region>
<text>
<par>
<line>Vu le décret n°2004-374 du 29 avril 2004 relatif aux pouvoirs de préfets, à l'organisation et à</line>
<line>l’action des services de l’État dans les régions et départements,</line></par>
<par>
<line>Vu le décret n°2009-1484 du 03 décembre 2009 relatif aux Directions Départementales</line>
<line>Interministérielles,</line></par>
<par>
<line>Vu l'arrêté préfectoral du 8 septembre 2010 prescrivant la réalisation d'un plan de prévention des</line>
<line>risques naturels inondation lié à la présence de TArgens sur la commune de Vidauban,</line></par>
<par>
<line>Vu l’arrêté préfectoral du 1er mars 2012 rendant immédiatement opposables certaines dispositions</line>
<line>du projet de plan de prévention des risques naturels d’inondations sur la commune de Vidauban ;</line></par>
<par>
<line>Vu la lettre du préfet du Var en date du 11 juillet 2013, adressée aux personnes publiques au titre de</line>
<line>l’article R.562-7 du code de l’environnement, concernant le PPRI de la commune de Vidauban ;</line></par>
</text>
</block>
<block><region><rect/></region>
<text>
<par>
<line>Direction départementale des territoires et de la mer du Var</line>
<line>244, avenue de l'Infanterie de Marine BP 501 - 83041 TOULON CEDEX 9</line>
<line>Téléphone 04 94 46 83 83 - fax 04 94 46 32 50 - courriel ddtm@var.goüv.ff</line>
<line>www. var, équipement, gouv.ff</line></par>
</text>
</block>


</page>
<page width="1656" height="2336" resolution="200">
<block><region><rect/></region>
<text>
<par>
<line>Vu la délibération en date du 13 septembre 2013 du conseil municipal de Vidauban approuvant les</line>
<line>termes du PPRI avec certaines réserves ;</line></par>
<par>
<line>Vu le courrier en date du 23 juillet 2013 de la chambre d’agriculture donnant un avis favorable avec</line>
<line>réserve sur le projet de PPRI ;</line></par>
<par>
<line>Vu l’avis réputé favorable sur le projet de PPRI de Vidauban, de la Communauté d’Agglomération</line>
<line>Dracénoise, du Conseil Général du Var, du Conseil Régional Provence Alpes Cote d’Azur ;</line></par>
<par>
<line>Vu l’arrêté préfectoral du 29 août 2013 portant ouverture d’une enquête publique du 23 septembre</line>
<line>2013 au 25 octobre 2013, relative au projet de plan de prévention des risques naturels prévisibles</line>
<line>d’inondation sur le territoire de la commune de Vidauban ;</line></par>
<par>
<line>Vu le rapport du commissaire enquêteur et ses conclusions motivées en date du 23 novembre 2013</line>
<line>relatif au présent plan, ainsi que son avis favorable en date du 24 novembre 2013;</line></par>
<par>
<line>Considérant que les évolutions apportées, à l’issue de l’enquête publique, au projet de plan de</line>
<line>prévention du risque d’inondation sur la commune de Vidauban, ne remettent pas en cause</line>
<line>l’économie générale du plan ;</line></par>
</text>
</block>
<block><region><rect/></region>
<text>
<par>
<line>ARRÊTE:</line></par>
</text>
</block>
<block><region><rect/></region>
<text>
<par>
<line>ARTICLE 1 ; Est approuvé, tel qu’il est annexé au présent arrêté, le Plan de Prévention des</line>
<line>Risques naturels prévisibles d’inondation lié à la présence de l’Argens sur la commune de</line>
<line>Vidauban ;</line></par>
</text>
</block>
<block><region><rect/></region>
<text>
<par>
<line>ARTICLE 2 : Le plan de prévention des risques naturels prévisibles d’inondation comporte:</line></par>
<par>
<line>&gt; Une note de présentation,</line></par>
<par>
<line>&gt; Un règlement,</line></par>
<par>
<line>&gt; Trois cartes de zonage réglementaire (3).</line></par>
</text>
</block>
<block><region><rect/></region>
<text>
<par>
<line>ARTICLE 3: Les dispositions du projet de plan de prévention des risques naturels d'inondation</line>
<line>doivent être annexées au plan local d'urbanisme de la commune de Vidauban.</line></par>
</text>
</block>
<block><region><rect/></region>
<text>
<par>
<line>ARTICLE 4 : Le dossier de Plan de Prévention des Risques naturels prévisibles d’inondation est</line>
<line>tenu à la disposition du public :</line></par>
<par>
<line>&gt; A la mairie de Vidauban aux jours et heures d'ouverture de la mairie,</line></par>
<par>
<line>&gt; Au siège de la Communauté d’Agglomération Dracénoise, aux jours et heures</line>
<line>d'ouverture de la mairie,</line></par>
<par>
<line>&gt; A la Direction Départementale des Territoires et de la Mer du Var aux jours et</line>
<line>heures d'ouverture de bureau.</line></par>
</text>
</block>





</page>
<page width="1656" height="2336" resolution="200">
<block><region><rect/></region>
<text>
<par>
<line>ARTICLE 5 : Le présent arrêté fera l'objet d'une mention au recueil des actes administratifs de</line>
<line>l'Etat dans le département, d'un affichage en mairie de Vidauban ainsi qu’au siège de la</line>
<line>Communauté d’Agglomération Dracénoise pendant au moins un mois. L’accomplissement de cette</line>
<line>formalité sera justifié par un certificat d'affichage du maire et du président de la Communauté</line>
<line>d’Agglomération Dracénoise adressé à la Direction Départementale des Territoires et de la Mer du</line>
<line>Var.</line></par>
</text>
</block>
<block><region><rect/></region>
<text>
<par>
<line>ARTICLE 6 : Le secrétaire général de la préfecture, le sous-préfet de Draguignan, le maire de la</line>
<line>commune de Vidauban, le président de la Communauté d’Agglomération Dracénoise et le directeur</line>
<line>départemental des territoires et de la mer sont chargés chacun en ce qui le concerne de l'exécution</line>
<line>du présent arrêté.</line></par>
</text>
</block>
<block><region><rect/></region>
<text>
<par>
<line>Le Préfet,</line></par>
</text>
</block>
<block><region><rect/></region>
<text>
<par>
<line>Pr¥.oictpar^üei^</line></par>
<par>
<line>: ;t:créUûre Qéim'c</line></par>
</text>
</block>
<block><region><rect/></region>
<text>
<par>
<line>Pierre</line></par>
</text>
</block>


</page>
<page width="1656" height="2336" resolution="200">
</page>
</PM1>