<?xml version="1.0" encoding="UTF-8"?><PM1>
<page width="1660" height="2341" resolution="200">
<block><region><rect/></region>
<text>
<par>
<line>Liberté • Égalité • Fraternité</line></par>
<par>
<line>RÉPUBLIQUE Française</line></par>
</text>
</block>
<block><region><rect/></region>
<text>
<par>
<line>PRÉFET DE L'OISE</line></par>
</text>
</block>
<block><region><rect/></region>
<text>
<par>
<line>Direction départementale</line>
<line>des Territoires de l’Oise</line></par>
<par>
<line>Service de l'Aménagement,</line>
<line>de l'Urbanisme et de l’Énergie</line></par>
</text>
</block>
<block><region><rect/></region>
<text>
<par>
<line>Arrêté préfectoral d’approbation du plan de prévention des risques naturels relatif aux mouvements</line>
<line>de terrain différentiels consécutifs au retrait et au gonflement des argiles sur le territoire communal de</line></par>
<par>
<line>Le Plessis-Patte-d'Oie</line></par>
</text>
</block>
<block><region><rect/></region>
<text>
<par>
<line>Le Préfet de l'Oise</line>
<line>Chevalier de la Légion d'Honneur</line></par>
</text>
</block>
<block><region><rect/></region>
<text>
<par>
<line>Vu le code de l'environnement, notamment ses articles L.562-1 à L.562-9 et R562-1 à R562-10-2 relatifs</line>
<line>aux plans de prévention des risques naturels prévisibles ;</line></par>
<par>
<line>Vu le code de l’urbanisme et notamment les articles L 126-1 et R 123-22 ;</line></par>
<par>
<line>Vu le code de l’environnement notamment ses articles L 123-1 à L 123-19 et 123-1 à R 123-6 définissant et</line>
<line>organisant la procédure des enquêtes publiques relatives aux opérations susceptibles d’affecter</line>
<line>l’environnement ;</line></par>
<par>
<line>Vu le décret modifié n° 95-1089 du 5 octobre 1995 relatif au Plan de Prévention des Risques Naturels</line>
<line>prévisibles ;</line></par>
<par>
<line>Vu le décret n°2004-374 du 29 avril 2004 modifié relatif aux pouvoirs des préfets, à l'organisation et à</line>
<line>l'action des services de l’État dans les régions et départements ;</line></par>
<par>
<line>Vu l’arrêté préfectoral du 18 décembre 2013 prescrivant l’établissement d’un plan de prévention des risques</line>
<line>naturels relatif aux mouvements de terrain différentiels consécutifs au retrait et au gonflement des argiles sur</line>
<line>le territoire communal de Le Plessis-Patte-d'Oie ;</line></par>
<par>
<line>Vu l’absence de délibération du conseil municipal de la commune de Le Plessis-Patte-d'Oie, leur avis est</line>
<line>réputé favorable ;</line></par>
<par>
<line>Vu l’avis de la Chambre d’Agriculture en date du 23 septembre 2015 ;</line></par>
<par>
<line>Vu l’avis du Centre National de la Propriété Forestière en date du 5 octobre 2015 ;</line></par>
<par>
<line>Vu l’avis du Conseil Départemental en date du 5 octobre 2015 ;</line></par>
<par>
<line>Vu l’avis de la communauté de communes du Pays Noyonnais en date du 9 octobre 2015 ;</line></par>
<par>
<line>Vu le rapport, les conclusions et l’avis favorable du commissaire enquêteur en date du 8 février 2016 ;</line></par>
<par>
<line>Considérant que les mesures de zonage et de règlement afférent ont été correctement déterminées et adaptées</line>
<line>à la fois aux enjeux et aux intérêts locaux ;</line></par>
</text>
</block>
<block><region><rect/></region>
<text>
<par>
<line>DDT de l'Oise -2, Boulevard Amyot d'inville - BP 20317-60021 Beauvais cedex</line>
<line>téléphone : 03 44 06 50 86- télécopie : 03 44 06 50 08</line>
<line>Courriel : ddUf'oise.auuv.fr - Sile Iniernet : vvu'uv.oise.euiiiDemenl-üariculturc.i’oiiv.lr</line></par>
</text>
</block>




</page>
<page width="1660" height="2341" resolution="200">
<block><region><rect/></region>
<text>
<par>
<line>Considérant ainsi que le plan, ci-annexé est de nature à répondre aux objectifs de sécurité assignés et</line>
<line>que rien ne s’oppose à sa mise en œuvre ;</line></par>
<par>
<line>Sur proposition de Monsieur le directeur départemental des Territoires de l'Oise ;</line></par>
</text>
</block>
<block><region><rect/></region>
<text>
<par>
<line>ARRETE</line></par>
</text>
</block>
<block><region><rect/></region>
<text>
<par>
<line>ARTICLE 1—: Le plan de prévention des risques naturels relatif aux mouvements de terrain</line>
<line>différentiels consécutifs au retrait et au gonflement des argiles sur le territoire communal de Le Plessis-</line>
<line>Patte-d'Oie annexé au présent arrêté est approuvé.</line></par>
<par>
<line>ARTICLE 2 : Le plan de prévention des risques naturels relatif aux mouvements de terrain différentiels</line>
<line>consécutifs au retrait et au gonflement des argiles sur le territoire communal de Le Plessis-Patte-d'Oie</line>
<line>comprend les documents suivants :</line></par>
<par>
<line>• la note de présentation,</line></par>
<par>
<line>• le règlement</line></par>
<par>
<line>• le zonage réglementaire.</line></par>
<par>
<line>ARTICLE 3 : En application de l’article L 562-4 du code de l’environnement le plan de prévention des</line>
<line>risques naturels relatif aux mouvements de terrain différentiels consécutifs au retrait et au gonflement</line>
<line>des argiles approuvé vaut servitude d’utilité publique et s’imposera aux autorisations d’urbanisme.</line></par>
<par>
<line>ARTICLE 4 : Le présent arrêté sera affiché, pendant une durée minimum d’un mois, à la mairie de Le</line>
<line>Plessis-Patte-d'Oie et au siège de la Communauté de Communes du Pays Noyonnais. Mention de cet</line>
<line>affichage est insérée, par les soins du Préfet dans deux journaux diffusés dans tout le département.</line>
<line>L’accomplissement de cet affichage sera certifié par le Maire de Le Plessis-Patte-d'Oie et le Président de</line>
<line>la communauté de communes concerné par le projet.</line></par>
<par>
<line>ARTICLE 5 : Le présent arrêté fera l’objet d’une mention au Recueil des Actes Administratifs de la</line>
<line>préfecture de l’Oise.</line></par>
<par>
<line>ARTICLE 6 : Le plan de prévention des risques naturels relatif aux mouvements de terrain différentiels</line>
<line>consécutifs au retrait et au gonflement des argiles approuvé est tenu à la disposition du public, tous les</line>
<line>jours et aux heures habituelles d’ouverture des bureaux :</line></par>
<par>
<line>• à la mairie de Le Plessis-Patte-d'Oie</line></par>
<par>
<line>• au siège de la Communauté de communes du Pays Noyonnais</line></par>
<par>
<line>• à la Préfecture de roise</line></par>
<par>
<line>• à la Sous-Préfecture de Compiègne,</line></par>
<par>
<line>• à la direction départementale des Territoires de l’Oise.</line></par>
<par>
<line>Il est également disponible par voie électronique sur le site internet de la préfecture de l’Oise</line>
<line>(www.oise.gouv.fr).</line></par>
</text>
</block>
<block><region><rect/></region>
<text>
<par>
<line>ARTICLE 7 : Les informations numériques géoréférencées relatives au zonage réglementaire du plan</line>
<line>de prévention des risques naturels relatif aux mouvements de terrain différentiels consécutifs au retrait et</line>
<line>au gonflement des argiles sur le territoire communal de Le Plessis-Patte-d’Oie sont conformes au présent</line>
<line>PPR approuvé.</line></par>
<par>
<line>ARTICLE 8 : Il appartiendra à la commune de Le Plessis-Patte-d'Oie de réaliser un Plan Communal de</line>
<line>Sauvegarde (PCS) dans le délai de 2 ans à compter de la date d’approbation du présent arrêté.</line></par>
<par>
<line>ARTICLE 9 : Dans un délai de 2 mois à compter de la publication du présent arrêté, les recours</line>
<line>suivants peuvent être introduits en recommandé avec accusé de réception :</line></par>
</text>
</block>
<block><region><rect/></region>
<text>
<par>
<line>2</line></par>
</text>
</block>











</page>
<page width="1660" height="2341" resolution="200">
<block><region><rect/></region>
<text>
<par>
<line>- soit un recours gracieux, adressé à M. le Préfet de l'Oise, 1 place de la préfecture,</line>
<line>60022 BEAUVAIS Cedex,</line></par>
<par>
<line>- soit un recours hiérarchique, adressé à Mme le Ministre de l'Écologie, du Développement</line>
<line>Durable et de l'Énergie - Direction Générale de la Prévention des Risques -</line>
<line>Arche de la Défense - Paroi Nord - 92055 LA DÉFENSE Cedex,</line></par>
<par>
<line>- soit un recours contentieux en saisissant le Tribunal Administratif dAmiens, 14 rue</line>
<line>Lemerchier 80000 AMIENS.</line></par>
<par>
<line>ARTICLE 10 : Le secrétaire général de la préfecture de l’Oise, la directrice de Cabinet du préfet de</line>
<line>l’Oise, Monsieur le sous-préfet de Compiègne, Monsieur le président de la communauté de communes</line>
<line>du Pays Noyonnais, Monsieur le maire de Le Plessis-Patte-d'Oie, Monsieur le directeur départemental</line>
<line>des Territoires de l'Oise, sont chargés, chacun en ce qui le concerne, de l'exécution du présent arrêté.</line></par>
</text>
</block>
<block><region><rect/></region>
<text>
<par>
<line>Fait à BEAUVAIS, le</line></par>
</text>
</block>
<block><region><rect/></region>
<text>
<par/>
</text>
</block>
<block><region><rect/></region>
<text>
<par>
<line>Pour le préfet,</line></par>
<par>
<line>Le secrétaire général,</line></par>
<par>
<line>Biaise GOURTAY</line></par>
</text>
</block>
<block><region><rect/></region>
<text>
<par>
<line>3</line></par>
</text>
</block>

</page>
<page width="2479" height="3504" resolution="300">
<block><region><rect/></region>
<text>
<par/>
</text>
</block>
<block><region><rect/></region>
<text>
<par>
<line>m V</line></par>
</text>
</block>
<block><region><rect/></region>
<text>
<par/>
</text>
</block>
<block><region><rect/></region>
<text>
<par>
<line>i</line></par>
</text>
</block>
<block><region><rect/></region>
<text>
<par>
<line>*</line></par>
</text>
</block>
<block><region><rect/></region>
<text>
<par>
<line>ïi</line></par>
</text>
</block>
<block><region><rect/></region>
<text>
<par/>
</text>
</block>





</page>
</PM1>