<?xml version="1.0" encoding="UTF-8"?><PM1>
<page width="2528" height="3538" resolution="300">
<block><region><rect/></region>
<text>
<par>
<line>Libwfté * By,alité * Frûtêmité</line></par>
<par>
<line>RÉPUBUQjJE Française</line>
<line>PRÉFÈTE DE LA HAUTE-SAÔNE</line></par>
</text>
</block>
<block><region><rect/></region>
<text>
<par>
<line>Direction départementale</line>
<line>deataii&amp;nres</line>
<line>Service enviiDnoement et</line>
<line>rùques</line></par>
</text>
</block>
<block><region><rect/></region>
<text>
<par>
<line>ARRÊTÉ PRÉFECTORAL N» TC .2oA'^ Q(î Al</line></par>
<par>
<line>du 42 JUW 2317 - - ^ _</line></par>
<par>
<line>portant approbation du Plan de Prévention du Risque d’inondation</line>
<line>(PPRi) par débordement de la rivière « Saône » sur sa partie amont.</line></par>
</text>
</block>
<block><region><rect/></region>
<text>
<par>
<line>LA PRÉFÈTE DE LA HAUTE-SAÔNE</line>
<line>Officier de la Légion d'honneur</line>
<line>Officier de l'ordre national du Mérite</line></par>
</text>
</block>
<block><region><rect/></region>
<text>
<par>
<line>VU le Code de l'environnement et notamment ses articles L 562-1 et suivants et R 562-1 et suivants</line>
<line>relatif aux plans de prévention des risques naturels prévisibles, ainsi que les articles L 123-1 et</line>
<line>suivants et R 123-1 et suivants définissant et organisant la procédure des enquêtes publiques</line>
<line>relatives aux opérations susceptibles d’afiecter l’environnement ;</line></par>
<par>
<line>VU le Code de Turbanisme ;</line></par>
<par>
<line>VU le Plan de Surfaces Submersibles (PS S) couvrant la vallée de la Saône, approuvé par décret du</line>
<line>22 juillet 1966 ;</line></par>
<par>
<line>VU l’arrêté préfectoral n° 78 du 16 juin 1998, prescrivant la mise en révision des plans de</line>
<line>prévention des risques naturels prévisibles de la rivière « La Saône », le PSS valant plan de</line>
<line>prévention des risques naturels prévisibles ;</line></par>
<par>
<line>VU l’arrêté préfectoral n“ 433 du 21 août 2014, modifiant et complétant l’arrêté préfectoral n° 78</line>
<line>du 16 juin 1998, prescrivant la mise en révision des plans de prévention des risques naturels</line>
<line>prévisibles de la rivière « La Saône » ;</line></par>
<par>
<line>VU le rapport du directeur départemental adjoint des territoires de la Haute-Saône, daté du</line>
<line>29 novembre 2016, dressant la synthèse des opérations d’association des collectivités et de</line>
<line>concertation de la population, rappelant la décision de l’Autorité environnementale, et présentant</line>
<line>la synthèse de la consultation réglementaire menée en application de l’article R 562-7 du Code de</line>
<line>l’environnement ;</line></par>
<par>
<line>VU l’arrêté préfectoral n“ 70-2016-11-30-009 du 30 novembre 2016, portant ouverture de l’enquête</line>
<line>publique relative au Plan de Prévention du Risque d’inondation (PPRi) par débordement de la</line>
<line>rivière « Saône » sur sa partie amont ;</line></par>
</text>
</block>
<block><region><rect/></region>
<text>
<par/>
</text>
</block>
<block><region><rect/></region>
<text>
<par>
<line>PREFECTURE DE LA HAUTE-SAÔNE</line></par>
<par>
<line>B.P. 429 - 70013 VESOUL CEDEX - TEL. : 03.84.77.70.00 / FAX. : 03.84.78.49.80</line>
<line>Courrlal : preraclureOhaute-saone.gouv.1r</line></par>
</text>
</block>
<block><region><rect/></region>
<text>
<par>
<line>Horaires d'ouvaOure au public si de l'accuafl tildphonique disponibles sur le site : w-t him- :;=n:=:.cnnv.fr</line></par>
</text>
</block>



</page>
<page width="2512" height="3527" resolution="300">
<block><region><rect/></region>
<text>
<par>
<line>-2-</line></par>
</text>
</block>
<block><region><rect/></region>
<text>
<par>
<line>VU les résultats de l’enquête publique, les avis des maires des communes concernées, recueillis</line>
<line>confoimânent à l’article L 562-3 du Code de l’environnment ;</line></par>
<par>
<line>VU le rapport du directeur départemental adjoint des territoires de la Haute-Saône, daté du</line>
<line>06 mars 2017, apportant des réponses aux questions formulées par la commission d’enquête, et</line>
<line>proposant les modifications mineures à apporter au dossier ;</line></par>
<par>
<line>VU le rapport de la commission d’enquête, daté du 16 mars 2017, émettant à l’unanimité un avis</line>
<line>favorable sans réserve, assorti des deux recommandations suivantes : intégration au dossier des</line>
<line>propositions de la DDT formulées à l’issue de la consultation réglementaire menée en application</line>
<line>de l’article R 562-7 du Code de l’environnement et prise en compte des ajustements découlant des</line>
<line>observations recueillies lors de l’enquête publique ;</line></par>
<par>
<line>VU les modifications mineures îq)portées, à l’issue de l’enquête publique, à la note de présentation,</line>
<line>au règlement, aux plans du zonage réglementaire, aux plans des aléas et aux plans des zones</line>
<line>urbanisées et des enjeux pour, d’une part, tenir compte des remarques formulées lors de la</line>
<line>consultation réglementaire menée en application de l’article R 562-7 du Code de l’environnement et</line>
<line>pour, d’autre part, tenir compte des remarques et obsav^ations recevables, recueillies lors de</line>
<line>l'enquête publique ;</line></par>
<par>
<line>SUR la proposition de la secrétaire générale de la préfecture de la Haute-Saône</line></par>
</text>
</block>
<block><region><rect/></region>
<text>
<par>
<line>ARRÊTE</line></par>
</text>
</block>
<block><region><rect/></region>
<text>
<par>
<line>Article 1 ;</line></par>
<par>
<line>Le Plan de Prévention du Risque d’inondation (PPRi) par débordement de la rivière « Saône », sur</line>
<line>sa partie amont, est approuvé, tel qu’il est annexé au présent arrêté, sur les toritoires des communes</line>
<line>suivantes : Aboncourt-Gesincourt, Aisey-et-Richecourt, Amance, Amoncourt, Baulay, Betaucourt,</line>
<line>Bourbévelle, Cendrecourt, Chargey-lès-Port, Chaux-lès-Port, Conflandey, Corre, Favemey,</line>
<line>Fleurey-lès-Favemey, Fouchécourt, Gevigney-et-Mercey, Jonvelle, Jussey, Montcourt,</line>
<line>Montureux-lès-Baulay, Ormoy, Purgerot et Ranzevelle.</line></par>
<par>
<line>Article 2 :</line></par>
<par>
<line>Le plan de surfaces submersibles de la Saône est abrogé sur les communes mentionnées à l’article 1</line>
<line>du présent arrêté.</line></par>
</text>
</block>
<block><region><rect/></region>
<text>
<par>
<line>y,</line></par>
</text>
</block>



</page>
<page width="2558" height="3560" resolution="300">
<block><region><rect/></region>
<text>
<par>
<line>-3-</line></par>
</text>
</block>
<block><region><rect/></region>
<text>
<par>
<line>Article3 :</line></par>
<par>
<line>Le Plan de Prévention du Risque d’inondation (PPRi) par débordement de la rivière « Saône » sur</line>
<line>sa partie amont est composé :</line></par>
<par>
<line>- d’une note de présentation</line></par>
<par>
<line>- d’un règlement</line></par>
<par>
<line>- des plans du zonage réglementaire (pour une crue centennale).</line></par>
<par>
<line>Les documents suivants sont également annexés à titre informatif, pour assurer une bonne</line>
<line>compréhension du document :</line></par>
<par>
<line>- les plans des aléas</line></par>
<par>
<line>- les plans des zones urbanisées et des enjeux.</line></par>
</text>
</block>
<block><region><rect/></region>
<text>
<par>
<line>Article 4 :</line></par>
<par>
<line>Le Plan de Prévention du Risque d’inondation (PPRi) par débordement de la rivière « Saône » sur</line>
<line>sa partie mont, approuvé, vaut servitude d’utilité publique. En application du Code de l’urbanisme,</line>
<line>et notamment des articles L. 153-60 et L. 163-10, il devra être aimexé, dans un délai maximum de</line>
<line>trois mois, aux cartes communales, aux plans locaux d’urbanisme et aux plans d’occupation des sols</line>
<line>encore en vigueur (article L. 174-4 du Code de l’urbanisme) par les communes concernées ou les</line>
<line>établissements publics de coopération intercommunale.</line></par>
<par>
<line>Articles :</line></par>
<par>
<line>Le présent arrêté, auquel sera joint le Plan de Prévention du Risque d’inondation ^PRi) par</line>
<line>débordement de la rivi^e « Saône » sur sa partie amont, approuvé, sera notifié aux maires des</line>
<line>communes mentionnées à l’article 1 du présent arrêté, aux présidents des Communautés de</line>
<line>communes des Hauts du Val de Saône, et Terres de Saône et du Syndicat mixte du Pays</line>
<line>de Vesoul-Val de Saône. Une copie du présent arrêté sera afSchée, pendant une durée minimum</line>
<line>d’un mois, dans chacune des mairie des communes listées à l’article 1 du présent arrêté et aux</line>
<line>sièges des communautés de communes et du Syndicat mixte précités.</line></par>
<par>
<line>L’accomplissement de cette formalité devra être justifiée par les maires des communes concernées</line>
<line>et par les présidents des Communautés de communes et du Syndicat précités.</line></par>
<par>
<line>Article 6 :</line></par>
<par>
<line>Le Plan de Prévention du Risque d’inondation (PPRi) par débordement de la rivière « Saône » sur</line>
<line>sa partie amont, approuvé, est tenu à la disposition du public aux heures et jours d’ouverture</line>
<line>habituels :</line></par>
<par>
<line>- dans les mairies des communes indiquées à l’article 1 du présent arrêté</line></par>
<par>
<line>- aux sièges des Communautés de communes des Hauts du Val de Saône et de Terres de Saône</line></par>
<par>
<line>- au siège du Syndicat mixte du Pays de Vesoul - Val de Saône</line></par>
<par>
<line>- à la préfecture de la Haute-Saône (Service des sécurités)</line></par>
<par>
<line>- à la direction départementale des territoires de la Haute-Saône (Service environnement et</line>
<line>risques - cellule prévention des risques et gestion de crises).</line></par>
</text>
</block>
<block><region><rect/></region>
<text>
<par/>
</text>
</block>





</page>
<page width="2540" height="3547" resolution="300">
<block><region><rect/></region>
<text>
<par>
<line>-4-</line></par>
</text>
</block>
<block><region><rect/></region>
<text>
<par>
<line>Artide?;</line></par>
<par>
<line>Le présent arrêté sera publié au recueil des actes administratif de la préfecture et mention en sera</line>
<line>feite dans un journal diffusé dans le département qui précisera également les dispositions de</line>
<line>l’article 6.</line></par>
<par>
<line>ArtideS :</line></par>
<par>
<line>Le présent arrêté peut feire l’objet d’un recours gracieux auprès de la préfète de la Haute-Saône ou</line>
<line>d’un recours contentieux devant le tribunal administratif de Besançon dans un délai de deux mois</line>
<line>suivant sa notification ou sa publication.</line></par>
<par>
<line>Artide9 !</line></par>
<par>
<line>La secrétaire générale de la préfecture de la Haute-Saône, le directeur d^artemental des territoires</line>
<line>de la Haute-Saône, les maires des communes mentionnées à l’article 1 du présent arrêté, les</line>
<line>présidents des Communautés de communes des Hauts du Val de Saône, de Terres de Saône et du</line>
<line>Syndicat mixte du Pays de Vesoul-Val de Saône sont chargés, chacun en ce qui le concerne, de</line>
<line>l’exécution du présent arrêté dont une copie est adressée également à :</line></par>
<par>
<line>- Monsieur le Ministre de la transition écologique et solidaire</line></par>
<par>
<line>- Monsieur le Directeur régional de l’enviroimement, de l’aménagement et du logement</line></par>
<par>
<line>- Monsieur le Directeur départemental de la cohésion sociale et de la protection des</line>
<line>populations</line></par>
<par>
<line>- Monsieur le Délégué départemental de l’agence régionale de santé</line></par>
<par>
<line>- Monsieur le Directeur territorial de l’o£5ce national des forêts Bouigogne-Franche-Comté</line></par>
<par>
<line>- Monsieur le Directeur de l’institut national de l’origine et de la qualité (délégation</line>
<line>territoriale centre-est)</line></par>
<par>
<line>- Monsieur le Directeur du centre national de la propriété foresti^ (antenne de</line>
<line>Bourgogne - Franche-Comté)</line></par>
<par>
<line>- Madame la Présidente du Conseil régional de Bourgogne - Frandie-Comté</line></par>
<par>
<line>- Monsieur le Président du Conseil départemoital de la Haute-Saône</line></par>
<par>
<line>- Monsieur le Président de la Chambre d’agriculture de la Haute-Saône</line></par>
<par>
<line>- Monsieur le Président de la Chambre de commerce et d’industrie de la Haute-Saône</line></par>
<par>
<line>- Monsieur le Président de l’EPTB Saône-Doubs</line></par>
<par>
<line>- Madame la Responsable du Service des sécurités de la préfecture de la Haute-Saône.</line></par>
</text>
</block>
<block><region><rect/></region>
<text>
<par>
<line>Fait à Vesoul, le .1 2</line></par>
<par>
<line>4^</line></par>
</text>
</block>
<block><region><rect/></region>
<text>
<par>
<line>Marie-Françoise LECAILLON</line></par>
</text>
</block>



</page>
</PM1>