<?xml version="1.0" encoding="UTF-8"?><PM1>
<page width="2479" height="3504" resolution="300">
<block><region><rect/></region>
<text>
<par>
<line>Librrit • Égaillé • Fratarnltf</line>
<line>RÉPUBLIQUE FRANÇAISE</line></par>
<par>
<line>PRÉFET DE L’AVEYRON</line></par>
</text>
</block>
<block><region><rect/></region>
<text>
<par>
<line>DIRECTION</line>
<line>DEPARTEMENTALE</line>
<line>DES TERRITOIRES</line></par>
</text>
</block>
<block><region><rect/></region>
<text>
<par>
<line>Arrêté n“ 2012116-0018 du 25 avril 2012</line></par>
</text>
</block>
<block><region><rect/></region>
<text>
<par>
<line>Objet : Approbation du Plan de Prévention des Risques Mouvements de terrain</line>
<line>- Chutes de blocs sur le territoire de la commune de Mostuéjouls.</line></par>
</text>
</block>
<block><region><rect/></region>
<text>
<par>
<line>LE PREFET DE L'AVEYRON</line>
<line>Chevalier de la Légion d'Honneur</line>
<line>Officier de l'Ordre National du Mérite</line></par>
<par>
<line>- VU ie code de l'environnement, notamment ses articles L.562-1 à L.562-9,</line></par>
<par>
<line>- VU le décret n° 2005- 3 du 4 janvier 2005 relatif à l'élaboration des plans de</line>
<line>prévention des risques naturels prévisibles ;</line></par>
<par>
<line>-VU l'arrêté préfectoral n"2010350-0021 du 16 décembre 2010 prescrivant la</line>
<line>révision du plan de prévention des risques Mouvements de terrain - Chutes de</line>
<line>blocs sur le territoire de la commune de Mostuéjouls,</line></par>
<par>
<line>- VU l'arrêté préfectoral n'’2011347-0006 du 13 décembre 2011 prescrivant la</line>
<line>mise à l'enquête publique de la révision du Plan de prévention prévention des</line>
<line>risques Mouvements de terrain - Chutes de blocs sur le territoire de le</line>
<line>commune de Mostuéjouls,</line></par>
<par>
<line>- VU le rapport du Commissaire-enquêteur, en date du 26 mars 2012,</line></par>
<par>
<line>- VU l'avis du Conseil municipal de Mostuéjouls formulé par délibération en</line>
<line>date du 15 février 2012,</line></par>
<par>
<line>- VU l'avis de la Chambre d'agriculture en date du 5 janvier 2012,</line></par>
<par>
<line>- VU l'avis du Conseil Générai de l'Aveyron en date du 10 janvier 2012,</line></par>
<par>
<line>- VU l'avis du Centre Régional de la Propriété Forestière de Midi-Pyrénées en</line>
<line>date du 18 janvier 2012,</line></par>
<par>
<line>- VU l'avis du Parc Naturel Régional des Grands Causses en date du</line>
<line>3 février 2012,</line></par>
<par>
<line>- VU l'avis de la Communauté de communes Millau Grand Causses en date du</line>
<line>12 mars 2012,</line></par>
<par>
<line>- VU le rapport du Directeur Départemental des Territoires,</line></par>
</text>
</block>
<block><region><rect/></region>
<text>
<par>
<line>Adresse postale : 9 rue de Bruxelles, BP 3370,12033 RODEZ CEDEX 9</line>
<line>Tél^hone : 05 65 73 50 00 _ Couniel : ddt@avevmn.gouv.fr Site internet ; httD://www.avevTon.gouv.fr</line></par>
</text>
</block>




</page>
<page width="2479" height="3504" resolution="300">
<block><region><rect/></region>
<text>
<par>
<line>- Sur la proposition du Secrétaire Général de la Préfecture,</line></par>
</text>
</block>
<block><region><rect/></region>
<text>
<par>
<line>-ARRETE-</line></par>
</text>
</block>
<block><region><rect/></region>
<text>
<par>
<line>Article 1 - Le plan de prévention des risques Mouvements de terrain - Chutes de blocs couvrant la</line>
<line>commune de Mostuéjouls comporte la note de présentation, le zonage réglementaire et le</line>
<line>règlement. Ce document, annexé au présent arrêté, est approuvé.</line></par>
<par>
<line>Article 2 - Le présent arrêté est publié au recueil des actes administratifs de la Préfecture et</line>
<line>affiché en Mairie de Mostuéjouls. Mention en est faite dans les quotidiens régionaux Midi Libre et</line>
<line>la Dépêche, diffusés dans le département.</line></par>
<par>
<line>Le dossier communal est tenu à la disposition du public en mairie et dans les bureaux de la</line>
<line>Préfecture de l'Aveyron.</line></par>
<par>
<line>Article 3 - Le Secrétaire Général de la Préfecture de l’Aveyron, le Maire de Mostuéjouls, le</line>
<line>Directeur Départemental des Territoires sont chargés, chacun en ce qui le concerne, de l'exécution</line>
<line>du présent arrêté dont copie est également transmise au Ministère de l'Écologie, du</line>
<line>Développement Durable, des Transports et du Logement, à la Sous-Préfecture de</line>
<line>l'arrondissement de Millau, à la Chambre d'Agriculture, au Centre Régional de la Propriété</line>
<line>Forestière, au Conseil Général de l'Aveyron et au Parc Naturel Régional des Grands Causses.</line></par>
</text>
</block>
<block><region><rect/></region>
<text>
<par>
<line>Articie 4 -Toute personne ayant un intérêt à agir peut exercer un recours devant le Tribunal</line>
<line>Administratif compétent dans un délai de 2 mois à compter de la publication ou de l'affichage du</line>
<line>présent arrêté</line></par>
</text>
</block>
<block><region><rect/></region>
<text>
<par>
<line>Fait à Rodez, le 25 avril 2012</line></par>
<par>
<line>Le Préfet de l'Aveyron</line></par>
</text>
</block>
<block><region><rect/></region>
<text>
<par>
<line>Cécile Pozzo di Borgo</line></par>
</text>
</block>




</page>
</PM1>