<?xml version="1.0" encoding="UTF-8"?><PM1>
<page width="2487" height="3514" resolution="300">
<block><region><rect/></region>
<text>
<par>
<line>PREFECTURE DE LA DROME</line></par>
</text>
</block>
<block><region><rect/></region>
<text>
<par>
<line>Cabinet</line></par>
<par>
<line>Service Interministériel</line>
<line>des Affaires Civiies et Economiques</line>
<line>de Défense et de Protection Civile</line></par>
</text>
</block>
<block><region><rect/></region>
<text>
<par>
<line>ARRETE n° 8092</line></par>
<par>
<line>Portant approbation du Plan de Prévention des Risques Naturels prévisibles d'inondation sur la</line></par>
<par>
<line>commune de BEAUMONT LES VALENCE</line></par>
</text>
</block>
<block><region><rect/></region>
<text>
<par>
<line>Le Préfet de la DROME,</line>
<line>Chevalier de la Légion d'Honneur,</line>
<line>Commandeur de l'Ordre National du Mérite</line></par>
</text>
</block>
<block><region><rect/></region>
<text>
<par>
<line>VU la loi n° 87-565 du 22 juillet 1987 relative à l'organisation de la sécurité civile, à la protection</line>
<line>de la forêt contre l'incendie et à la prévention des risques majeurs, notamment ses articles</line>
<line>40-1 à 40-7 issus de la loi du 2 février 1995, instaurant les Plans de Prévention des Risques</line>
<line>Naturels prévisibles,</line></par>
<par>
<line>VU la loi n° 95-101 du 2 février 1995, relative au renforcement de la protection de</line>
<line>l'environnement,</line></par>
<par>
<line>VU le décret n° 82-390 du 10 mai 1982 modifié, relatif aux pouvoirs des Préfets et à l'action des</line>
<line>services et organismes de l'Etat dans le département,</line></par>
<par>
<line>VU le décret n° 95.1089 du 5 octobre 1995 relatif aux Plans de Prévention des Risques naturels</line>
<line>prévisibles,</line></par>
<par>
<line>VU l'arrêté préfectoral n° 4454 du 4 août 1998, prescrivant le Plan de Prévention des Risques</line>
<line>d'inondation liés aux crues de la Véore, de l'Ecoutay et de leurs affluents sur la commune de</line></par>
<par>
<line>BEAUMONT LES VALENCE,</line></par>
<par>
<line>VU l'arrêté préfectoral n° 1887 du 17 mai 1999, rendant public le projet de Plan de Prévention</line>
<line>des Risques Naturels d'inondation sur la commune de BEAUMONT LES VALENCE,</line></par>
<par>
<line>VU les conclusions de l'enquête publique à laquelle il a été procédé,</line></par>
<par>
<line>SUR PROPOSITION de Monsieur le Directeur Départemental de l'Equipement de la DROME,</line></par>
</text>
</block>
<block><region><rect/></region>
<text>
<par/>
</text>
</block>
<block><region><rect/></region>
<text>
<par>
<line>REPUBLIQUE FRANÇAISE</line>
<line>Liberté Égalité Fraternité</line></par>
</text>
</block>
<block><region><rect/></region>
<text>
<par>
<line>3, boulevard Vauban - 26030 VALENCE Cedex 9 - Téléphone 04 75 79 28 00 - Télécopie 04 75 42 87 55</line></par>
</text>
</block>







</page>
<page width="2479" height="3508" resolution="300">
<block><region><rect/></region>
<text>
<par>
<line>ARRETE</line></par>
</text>
</block>
<block><region><rect/></region>
<text>
<par>
<line>ARTICLE 1er :</line></par>
</text>
</block>
<block><region><rect/></region>
<text>
<par>
<line>Est approuvé le Plan de Prévention des Risques Naturels prévisibles de la commune</line>
<line>de BEAUlVIONT LES VALENCE, conformément aux conclusions rendues par le Commissaire-</line>
<line>Enquêteur et à son avis concernant le zonage.</line></par>
<par>
<line>ARTICLE 2 :</line></par>
<par>
<line>Les documents suivants sont annexés au Plan de Prévention des Risques ;</line>
<line>un rapport de présentation,</line>
<line>le réglement,</line></par>
<par>
<line>une carte de zonage P. P. R.</line></par>
</text>
</block>
<block><region><rect/></region>
<text>
<par>
<line>ARTICLE 3 :</line></par>
<par>
<line>Le Plan de Prévention des Risques Naturels prévisibles de la commune de</line>
<line>BEAUMONT LES VALENCE est tenu à la disposition du public aux jours et heures ouvrables :</line></par>
<par>
<line>à la mairie de BEAUMONT LES VALENCE,</line></par>
<par>
<line>dans les locaux de la Direction Départementale de l'Equipement à VALENCE,</line></par>
<par>
<line>dans les locaux de la subdivision de l'Equipement de VALENCE,</line></par>
<par>
<line>dans les locaux de la Préfecture de la DROME à VALENCE (Cabinet - Service</line>
<line>Interministériel de Défense et de Protection Civile).</line></par>
</text>
</block>
<block><region><rect/></region>
<text>
<par>
<line>ARTICLE 4 :</line></par>
<par>
<line>Le présent arrêté sera publié au Recueil des Actes Administratifs de la Préfecture et</line>
<line>mention en sera faite en caractères apparents dans les deux journaux ci-après désignés, le</line>
<line>Dauphiné Libéré et Peuple Libre de VALENCE.</line></par>
<par>
<line>Cet avis sera également affiché à la mairie de BEAUMONT LES VALENCE et porté à</line>
<line>la connaissance du public par tout autre procédé en usage dans cette commune. Ces mesures</line>
<line>de publicité seront justifiées par un certificat du Maire.</line></par>
</text>
</block>
<block><region><rect/></region>
<text>
<par>
<line>Page 2</line></par>
</text>
</block>




</page>
<page width="2479" height="3508" resolution="300">
<block><region><rect/></region>
<text>
<par>
<line>ARTICLE 5 :</line></par>
</text>
</block>
<block><region><rect/></region>
<text>
<par>
<line>Des ampliations du présent arrêté ainsi que le dossier seront adressés :</line>
<line>au Maire de la commune de BEAUMONT LES VALENCE,</line>
<line>au Directeur Départemental de l'Equipement,</line>
<line>à l'Ingénieur Subdivisionnaire de l'Equipement de VALENCE,</line>
<line>au Chef du Service Interministériel de Défense et de Protection Civile.</line></par>
</text>
</block>
<block><region><rect/></region>
<text>
<par>
<line>ARTICLE 6 :</line></par>
<par>
<line>Monsieur le Secrétaire Général de la Préfecture ainsi que Monsieur le Directeur</line>
<line>Départemental de l'Equipement, sont chargés chacun en ce qui le concerne, de l'exécution du</line>
<line>présent arrêté.</line></par>
</text>
</block>
<block><region><rect/></region>
<text>
<par>
<line>Fait à VALENCE, le 10 décembre 1999</line></par>
</text>
</block>
<block><region><rect/></region>
<text>
<par>
<line>le Préfet,</line></par>
</text>
</block>
<block><region><rect/></region>
<text>
<par>
<line>Jean FEDINI</line></par>
</text>
</block>
<block><region><rect/></region>
<text>
<par>
<line>Pour ampliation</line>
<line>L’Attachée,</line></par>
</text>
</block>
<block><region><rect/></region>
<text>
<par>
<line>Alice BRUN</line></par>
</text>
</block>
<block><region><rect/></region>
<text>
<par>
<line>Page 3</line></par>
</text>
</block>



</page>
</PM1>