<?xml version="1.0" encoding="UTF-8"?><PM1>
<page width="1665" height="2344" resolution="200">
<block><region><rect/></region>
<text>
<par>
<line>Préfecture des</line>
<line>Landes</line></par>
</text>
</block>
<block><region><rect/></region>
<text>
<par>
<line>Direction</line>
<line>Départementale</line>
<line>des Territoires et</line>
<line>de la Mer</line></par>
</text>
</block>
<block><region><rect/></region>
<text>
<par>
<line>Plan de Prévention</line>
<line>des Risques Inondation</line></par>
</text>
</block>
<block><region><rect/></region>
<text>
<par>
<line>Commune de Tartas</line></par>
<par>
<line>4 - Arrêté d’approbation</line></par>
</text>
</block>
<block><region><rect/></region>
<text>
<par>
<line>PPRI approuvé</line></par>
</text>
</block>
<block><region><rect/><rect/></region>
<text>
<par>
<line>fl 3 DFC. 2010</line></par>
</text>
</block>
<block><region><rect/></region>
<text>
<par>
<line>mm</line></par>
<par>
<line>Llbtrii • Égalité • Fraternité</line></par>
<par>
<line>République Française</line></par>
</text>
</block>
<block><region><rect/></region>
<text>
<par>
<line>Evence RICHARD</line></par>
</text>
</block>
<block><region><rect/></region>
<text>
<par>
<line>Décembre 2010</line></par>
</text>
</block>



<block blockType="Picture" blockName="" l="75" t="81" r="611" b="292"><region><rect/></region>
</block>
<block blockType="Picture" blockName="" l="70" t="76" r="617" b="299"><region><rect/></region>
</block>
</page>
<page width="1666" height="2345" resolution="200">
<block><region><rect/></region>
<text>
<par>
<line>Librrté • Éigailti • Pntamiïé</line></par>
<par>
<line>RÉFUBuqjjB Française</line></par>
</text>
</block>
<block><region><rect/></region>
<text>
<par>
<line>PRÉFECTURE DES LANDES</line></par>
<par>
<line>Direction Départementale des Territoires et de la Mer</line>
<line>DDTM/SlAPE/PRD/2010-559</line></par>
</text>
</block>
<block><region><rect/></region>
<text>
<par>
<line>Arrêté</line></par>
<par>
<line>approuvant le</line></par>
<par>
<line>Plan de Prévention des Risques Inondation (P.P.R.I.)</line>
<line>sur la commune de Tartas</line></par>
<par>
<line>Le Préfet des Landes,</line></par>
</text>
</block>
<block><region><rect/></region>
<text>
<par>
<line>Vu le Code de l’Environnement et notamment ses articles L 562-1 à L 562-9, R 562-1 à</line>
<line>562-10,</line></par>
<par>
<line>Vu la loi n° 2003-699 du 30 juillet 2003 relative à la prévention des risques technologiques</line>
<line>et naturels et à la réparation des dommages,</line></par>
<par>
<line>Vu le S.D.A.G.E. Adour-Garonne approuvé le 1®*^ décembre 2009,</line></par>
<par>
<line>Vu l’arrêté préfectoral du 30 septembre 2004 prescrivant l’élaboration du Plan de</line>
<line>Prévention des Risques Inondation (P.P.R.I.) sur la commune de Tartas,</line></par>
<par>
<line>Vu le bilan de la concertation établie préalablement à l’enquête publique.</line></par>
<par>
<line>Vu les observations formulées lors de l'enquête publique prescrite par arrêté préfectoral</line>
<line>en date du 11 août 2010, le rapport d’enquête publique, les conclusions motivées et</line>
<line>l'avis favorable du Commissaire enquêteur en date du 15 novembre 2010,</line></par>
<par>
<line>Vu l'avis de la Chambre d'Aghculture des Landes en date du 15 février 2010,</line></par>
<par>
<line>Vu l'avis favorable de la Communauté de communes du pays Tarusate en date du 11</line>
<line>mars 2010,</line></par>
<par>
<line>Vu l'avis de la commune de Tartas en date du 22 mars 2010,</line></par>
<par>
<line>Vu l’avis réputé favorable du Centre Régional de la Propriété Forestière,</line></par>
<par>
<line>Sur proposition du Directeur Départemental des Territoires et de la Mer du département</line>
<line>des Landes,</line></par>
</text>
</block>

</page>
<page width="1670" height="2348" resolution="200">
<block><region><rect/></region>
<text>
<par>
<line>ARRETE :</line></par>
</text>
</block>
<block><region><rect/></region>
<text>
<par>
<line>ARTICLE 1</line></par>
<par>
<line>Le Plan de Prévention des Risques Inondation de la commune de Tartas est approuvé tel</line>
<line>qu'il est annexé au présent arrêté.</line></par>
<par>
<line>ARTICLE 2</line></par>
<par>
<line>Le présent arrêté sera notifié à ;</line></par>
<par>
<line>Monsieur le Maire de Tartas,</line></par>
<par>
<line>Monsieur le Président de la communauté de communes du pays Tarusate.</line></par>
</text>
</block>
<block><region><rect/></region>
<text>
<par>
<line>ARTICLE 3</line></par>
<par>
<line>L’arrêté sera publié au Recueil des Actes Administratifs des Services de l'Etat dans le</line>
<line>département des Landes et fera l’objet d’une publicité dans un journal local diffusé dans</line>
<line>le département en vue d’informer les populations.</line></par>
<par>
<line>L'arrêté sera affiché en Mairie de la commune et au siège de la communauté de</line>
<line>communes du pays Tarusate et les annexes tenues à disposition du public.</line></par>
<par>
<line>ARTICLE 4</line></par>
<par>
<line>Monsieur le Maire de Tartas, Monsieur le Président de la communauté de communes du</line>
<line>pays Tarusate, M. le Directeur Départemental des Territoires et de la Mer des Landes,</line>
<line>sont chargés, chacun en ce qui le concerne, de l'exécution du présent arrêté dont</line>
<line>ampliation sera adressée à M. le Président de la Chambre d'Agriculture des Landes, M. le</line>
<line>Directeur du Centre Régional de la Propriété Forestière, Monsieur le Directeur régional de</line>
<line>l’Environnement, de l'Aménagement et du Logement d’Aquitaine.</line></par>
</text>
</block>
<block><region><rect/></region>
<text>
<par>
<line>ARTICLE 5</line></par>
<par>
<line>Le présent arrêté pourra faire l'objet d'un recours pour excès de pouvoir devant le</line>
<line>tribunal administratif de Pau dans un délai de 2 mois à compter de la date d'opposabilité</line>
<line>du document (publication au recueil des actes administratifs du département, mesures</line>
<line>de publicité).</line></par>
</text>
</block>
<block><region><rect/></region>
<text>
<par>
<line>Fait à Mont de Marsan, le</line></par>
</text>
</block>
<block><region><rect/></region>
<text>
<par>
<line>l1 3 DEC. 2010</line></par>
</text>
</block>






</page>
</PM1>