<?xml version="1.0" encoding="UTF-8"?><PM1>
<page width="1675" height="2352" resolution="200">
<block><region><rect/></region>
<text>
<par/>
</text>
</block>
<block><region><rect/><rect/><rect/></region>
<text>
<par>
<line>Libirii • E^4t:.i » F-aisrr.lli</line></par>
<par>
<line>RÊPUBUaUE FJLVNÇAISE</line></par>
</text>
</block>
<block><region><rect/></region>
<text>
<par>
<line>PRÉFECTURE DU VAL-D’OÏSE</line></par>
</text>
</block>
<block><region><rect/></region>
<text>
<par>
<line>Csrgy-Foni'D!??. le</line></par>
</text>
</block>
<block><region><rect/></region>
<text>
<par>
<line>ARRETE</line></par>
<par>
<line>PORTANT APPROBATION DU PLAN DE PREVENTION</line>
<line>DES RISQUES NATURELS PREVISIBLES DE</line>
<line>MOUVEMENTS DE TERRAINS LIES AUX CARRIERES</line>
<line>SOUTERRAINES, AUX CAVES ET AUX FALAISES SUR</line>
<line>LE TERRITOIRE DE LA COMMUNE DE PONTOISE</line></par>
<par>
<line>LE PREFET DU VAL D’OISE</line></par>
<par>
<line>CHEVALIER DE LA LEGION D’HONNEUR</line></par>
</text>
</block>
<block><region><rect/></region>
<text>
<par>
<line>VU le code de l'environnement, et notamment ses articles L. 562-1 et suivants ;</line></par>
<par>
<line>VU le code de l'urbanisme, et notamment ses articles L. 126.1 et R. 126.1 ;</line></par>
<par>
<line>VU le décret n'’ 95.1089 du 5 octobre 1995 relatif aux plans de prévention des risques naturels</line>
<line>prévisibles ;</line></par>
<par>
<line>VU l'arrêté préfectoral n° 94.166 en date du 25 octobre 1994 prescrivant l'établissement du Plan</line>
<line>d'Exposition aux risques naturels de mouvements de terrains de la commune de Pontoise,</line>
<line>devenu P.P.R ;</line></par>
<par>
<line>VU l'arrêté préfectoral n° 99.191 du 19 octobre 1999 prescrivant la mise à enquête publique du</line>
<line>projet de plan de prévention des risques naturels prévisibles de mouvements de terrains,</line>
<line>prorogé par arrêté préfectoral n°99.221 du 3 décembre 1999 ;</line></par>
<par>
<line>VU le dossier soumis à enquête ;</line></par>
<par>
<line>VU l'avis du commissaire-enquêteur en date du 21 février 2000 ;</line></par>
<par>
<line>VU les avis du Conseil Municipal de la commune de Pontoise en date des 9 décembre 1999 et</line>
<line>20 septembre 2001 ;</line></par>
<par>
<line>Considérant que des modifications ont été apportées au projet de plan soumis à enquête</line>
<line>publique pour tenir compte de certaines remarques formulées par le commissaire - enquêteur (à</line>
<line>savoir, la lisibilité du document, ta suppression de l'irrégularité tenant au lien institué entre le</line>
<line>P.P.R et la délivrance des autorisations d'occupation du sol ou d'utilisation du sol ou l'aliénation</line>
<line>des immeubles, ainsi que l’intégration au plan de zonage des travaux effectivement réalisés non</line>
<line>encore répertoriés) ;</line></par>
<par>
<line>CONSIDERANT que, dans un souci de transparence et d’information, un argumentaire en</line>
<line>réponse a été élaboré, annexé au présent arrêté, afin d'expliquer les modifications apportées et</line>
<line>de justifier l'absence de prise en compte de certaines demandes ;</line></par>
<par>
<line>CONSIDERANT qu'il est nécessaire de réglementer l'occupation du sol sur le territoire de la</line>
<line>commune de Pontoise du fait de son exposition au risque de mouvements de terrains ;</line></par>
<par>
<line>SUR proposition de Monsieur le Secrétaire Général de la Préfecture du Val d'Oise ;</line></par>
<par>
<line>.../...</line></par>
</text>
</block>
<block><region><rect/></region>
<text>
<par>
<line>DIRECTION</line>
<line>DES COLLECTIVITES</line>
<line>LOCALES DE</line>
<line>L’ENVIRONNEMENT</line></par>
</text>
</block>
<block><region><rect/></region>
<text>
<par>
<line>Bureau de i’ürbanisme</line>
<line>et des Affaires Foncières</line></par>
</text>
</block>
<block><region><rect/></region>
<text>
<par/>
</text>
</block>
<block><region><rect/></region>
<text>
<par>
<line>95010 CERGY-PONTOISE CEDEX - Tel. : 01 34 25 25 25 - Fax : 01 30 32 51 85 - Télex 607540</line></par>
</text>
</block>


</page>
<page width="1683" height="2357" resolution="200">
<block><region><rect/></region>
<text>
<par>
<line>A.R.R.E.T.E.</line></par>
</text>
</block>
<block><region><rect/></region>
<text>
<par>
<line>ARTICLE 1er - Est approuvé, te! qu'il est annexé au présent arrêté, le plan de prévention des</line>
<line>risques naturels prévisibles de mouvements de terrains liés aux carrières souterraines, aux</line>
<line>caves et aux falaises sur le territoire de la commune de Pontoise.</line></par>
<par>
<line>ARTICLE 2 - Le pian approuvé sera tenu à la disposition du public à la Préfecture du Va!</line>
<line>d'Oise, à la Sous-Préfecture de Pontoise, ainsi qu'à la Mairie de Pontoise.</line></par>
<par>
<line>ARTICLE 3 - Le présent arrêté sera publié au Recueil des Actes administratifs de l'Etat dans le</line>
<line>département et mention en sera faite dans le Parisien Va! d'Oise Matin et la Gazette du Val</line>
<line>d'Oise.</line></par>
<par>
<line>Cet arrêté sera également affiché à la mairie de Pontoise, pendant une durée</line></par>
<par>
<line>d'un mois.</line></par>
<par>
<line>ARTICLE 4 - Le présent arrêté peut être déféré devant le Tribunal Administratif de Cergy-</line>
<line>Pontoise dans un délai de deux mois à compter de sa publication.</line></par>
<par>
<line>Il peut également, au préalable et dans ce même délai, faire l'objet d'un recours</line>
<line>gracieux auprès du préfet. Cette demande prolonge le délai de recours contentieux qui doit</line>
<line>être introduit dans les deux mois suivant la réponse (au terme d'un délai de deux mois, le</line>
<line>silence de l'autorité préfectorale vaut rejet implicite).</line></par>
<par>
<line>ARTICLE 5 - - Monsieur le Secrétaire Générai de la Préfecture du Val d'Oise,</line></par>
<par>
<line>- Monsieur le Sous-Préfet de Pontoise</line></par>
<par>
<line>- Monsieur Directeur Régional de l'Industrie de la Recherche et de</line>
<line>l’Environnement</line></par>
<par>
<line>- Monsieur le Maire de Pontoise</line></par>
<par>
<line>sont chargés, chacun en ce qui le concerne, de l'exécution du présent arrêté.</line></par>
</text>
</block>
<block><region><rect/></region>
<text>
<par>
<line>Fait à Cergy-Pontoise, le</line></par>
</text>
</block>
<block><region><rect/></region>
<text>
<par>
<line>Û 9 NÛV. 2fl3l</line></par>
</text>
</block>
<block><region><rect/></region>
<text>
<par>
<line>Le Préfet,</line></par>
</text>
</block>
<block><region><rect/></region>
<text>
<par>
<line>Pour ampÜatloti</line></par>
</text>
</block>
<block><region><rect/></region>
<text>
<par>
<line>Signé Michel MATHIEU</line></par>
</text>
</block>
<block><region><rect/></region>
<text>
<par/>
</text>
</block>
<block><region><rect/></region>
<text>
<par/>
</text>
</block>
<block><region><rect/></region>
<text>
<par>
<line>O</line></par>
</text>
</block>
<block><region><rect/></region>
<text>
<par/>
</text>
</block>
<block><region><rect/></region>
<text>
<par>
<line>K</line></par>
</text>
</block>
<block><region><rect/></region>
<text>
<par>
<line>r</line></par>
</text>
</block>
<block><region><rect/></region>
<text>
<par>
<line>0/10’</line></par>
</text>
</block>
<block><region><rect/></region>
<text>
<par>
<line>O</line></par>
</text>
</block>
<block><region><rect/></region>
<text>
<par/>
</text>
</block>
<block><region><rect/></region>
<text>
<par/>
</text>
</block>
<block><region><rect/></region>
<text>
<par>
<line>O</line></par>
</text>
</block>
<block><region><rect/></region>
<text>
<par/>
</text>
</block>
<block><region><rect/></region>
<text>
<par>
<line>«b</line></par>
</text>
</block>
<block><region><rect/></region>
<text>
<par/>
</text>
</block>
<block><region><rect/></region>
<text>
<par/>
</text>
</block>
<block><region><rect/></region>
<text>
<par>
<line>rOü:' iO iT-îf</line></par>
</text>
</block>
<block><region><rect/></region>
<text>
<par>
<line>A.. \&gt;</line></par>
</text>
</block>
<block><region><rect/></region>
<text>
<par>
<line>PREFECTURE DU VAL D’OISE</line></par>
<par>
<line>DCLEA URBANISME</line></par>
</text>
</block>
<block><region><rect/></region>
<text>
<par>
<line>V=</line></par>
</text>
</block>
<block><region><rect/></region>
<text>
<par>
<line>Le whci' d© ii'uroQii</line></par>
</text>
</block>
<block><region><rect/></region>
<text>
<par>
<line>m</line></par>
</text>
</block>
<block><region><rect/></region>
<text>
<par>
<line>XL</line></par>
</text>
</block>
<block><region><rect/></region>
<text>
<par>
<line>J</line></par>
</text>
</block>
<block><region><rect/></region>
<text>
<par>
<line>U s.JiSÇî</line></par>
</text>
</block>
<block><region><rect/></region>
<text>
<par/>
</text>
</block>







</page>
</PM1>