<?xml version="1.0" encoding="UTF-8"?><PM1>
<page width="2489" height="3511" resolution="300">
<block><region><rect/></region>
<text>
<par>
<line>liitgrlg ■ Sgaliti ■ Fratirnité</line></par>
</text>
</block>
<block><region><rect/></region>
<text>
<par>
<line>RÉFUBLiqyE FRANÇAISE</line></par>
</text>
</block>
<block><region><rect/></region>
<text>
<par>
<line>PRÉFECTURE DE VAUCLUSE</line></par>
</text>
</block>
<block><region><rect/></region>
<text>
<par>
<line>Arrêté préfectoral</line></par>
<par>
<line>PORTANT APPROBATION DU PLAN DE PRÉVENTION DES RISQUES INONDATION DU BASSIN SUD</line>
<line>OUEST DU MONT VENTOUX SUR LA COMMUNE DE VACQUEYRAS</line></par>
<par>
<line>Le préfet de Vaucluse</line>
<line>Chevalier de la légion d'honneur</line></par>
<par>
<line>Vu le code de l’environnement, et notamment ses articles L 562-1 à L 562-9</line></par>
<par>
<line>Vu le code de l'iirbanismB ;</line></par>
<par>
<line>Vu le code de la construction et de l’habitation et notamment son chapitre VI et son article R.126.i ;</line></par>
<par>
<line>Vu la loi n° 2003-699 du 30 juillet 2003 relative à la prévention des risques technologiques et</line>
<line>naturels et à la prévention des dommages;</line></par>
<par>
<line>Vu la loi n°2004-811 du 13 août 2004 relative à la modernisation de la sécurité civile;</line></par>
<par>
<line>Vu le décret n®95-10S9 du 5 octobre 1995 modifié relatif aux plans de prévention des risques</line>
<line>naturels prévisibles;</line></par>
<par>
<line>Vu l’anrêté préfectoral n'’2629 du 26 octobre 2000 modifié prescrivant l'établissement d’un Plan de</line>
<line>prévention des Risques naturels prévisibles d'inondation sur les communes du bassin versant Sud-</line>
<line>Ouest du mont Ventoux ;</line></par>
<par>
<line>Vu l'arrêté préfectoral n” SI 2007-02-23-0080-PREF, portant application anticipée de certaines</line>
<line>dispositions du projet de plan de Prévention des Risques Naturels d’inondation du bassin sud-Ouest du</line>
<line>mont Ventoux sur la commune de Vacqueyras;</line></par>
<par>
<line>Va le dossier soumis à l’enquête publique qui s’est déroulée du 15 janvier an 15 février 2007;</line></par>
<par>
<line>Vu le rapport et les conclusions de la commission d’enquête en date du 11 mai 2007,</line></par>
<par>
<line>Va l'avis du conseil municipal de Vacqueyras du 25 octobre 2006;</line></par>
<par>
<line>Vu l’avis du Syndicat mixte Comtat-Ventoux en date du 25 octobre 2006 ;</line></par>
<par>
<line>Vu l’avis de la Chambre d’Agriculture de Vaucluse, en date du 26 octobre 2006 ;</line></par>
<par>
<line>Vu l’avis du Conseil Général de Vaucluse, en date du 20 octobre 2006 ;</line></par>
<par>
<line>Vu l’avis du Centre Régional de la propriété forestière, en date du 20 novembre 2006 ;</line></par>
<par>
<line>Vu l’avis du Service Départemental d’Licendie et de Secours, en date du 10 novembre 2006 ;</line></par>
<par>
<line>Considérant les risques d’inondation pai* débordement, ruissellement et rupture de digues siu les cours</line>
<line>d’eau du bassin Sud-Ouest du Mont-Ventoux ; Auzon, Grande-Levade, Mède, Brégoux et leurs</line>
<line>principaux affluents.</line></par>
<par>
<line>Considérant les risques graves pour les personnes et les biens engendrés par ces inondations,</line></par>
</text>
</block>
<block><region><rect/></region>
<text>
<par>
<line>Le couiricr doit être adressé à M. le Préfet sous forme impersonnelle</line>
<line>84905 AVIGNON Cedex 09 - Téléphone 04 90 16 84 84 - Télécopie 04 90 86 20 76 - Internet : w&gt;vw.vaucluBe,pref.gouv.fr</line></par>
</text>
</block>
<block><region><rect/></region>
<text>
<par>
<line>1</line></par>
</text>
</block>


</page>
<page width="2501" height="3519" resolution="300">
<block><region><rect/></region>
<text>
<par>
<line>/</line></par>
<par>
<line>Considérant la nécessité de limiter les nouvelles constructions dans les.zones à risque ainsi que de</line>
<line>conserver les capacités d’expansion des champs d’inondation afin de ne pas aggraver ces risques à</line>
<line>l’aval.</line></par>
<par>
<line>Considérant les conclusions de la conuidssion d’enquête, l’avis qu’elle a formulé et ses</line>
<line>recommandations,</line></par>
<par>
<line>Considérant les modifications mineures de zonage et de règlement apportées suites aux</line>
<line>recommandations de la commission d'aiquête et aux nouvelles visites sur le terrain;</line></par>
<par>
<line>Considérant qu'il revient au représentant de l'Etat la responsabilité d’assurer la sécurité de la</line>
<line>population et qu'il est tenu de ce fait d'édicter des mesures de prévention, de protection et de</line>
<line>sauvegarde;</line></par>
<par>
<line>Sur proposition du Secrétaire Général de la Préfecture,</line></par>
<par>
<line>ARRÊTE</line></par>
</text>
</block>
<block><region><rect/></region>
<text>
<par>
<line>Article 1er :</line></par>
<par>
<line>Le Plan de Prévention des Risques inondation du bassin versant Sud-Ouest du mont Ventoux, constitué</line>
<line>des documents annexés ci-joints (rapport de présentation, règlement, cartes réglementaires et cartes</line>
<line>d’aléa) est approuvé par le présent arrêté siu le territoire de la commune de Vacqueyras,</line></par>
<par>
<line>Sur le territoire de Vacqueyras, les cartes réglementaires annexées ne concernent que les risques liés au</line>
<line>bassin Sud Ouest du Mont Ventoux. Ceux liés au bassin de l'Ouvèze sont caitograpHés dans le PPRI</line>
<line>de iOuvèze.</line></par>
<par>
<line>Article 2 :</line></par>
<par>
<line>Le Plan de Prévention des Risques inondation vaut servitude d’utilité publique opposable à toute</line>
<line>personne publique ou privée, A ce titre, il sera annexé au Plan Local d’Urbanisme ou Plan</line>
<line>d’Occupation des Sols de la commune concernée, conformément à l’article L 126-1 du code de</line>
<line>l’Urbanisme.</line></par>
<par>
<line>Ai-ticle3 :</line></par>
<par>
<line>L’arrêté préfectoral n’’SI2007-02~23-0080-PREF portant ^plication anticipée de certaines dispositions</line>
<line>du projet de plan de Prévention des Risques Naturels d’inondation du bassin sud-Ouest du mont</line>
<line>Ventoux sur la commune de Vacqueyras est abrogé.</line></par>
<par>
<line>Article 4 :</line></par>
<par>
<line>Lq Plan de Prévention des Risques inondation approuvé est tenu à la disposition du public en mairie de</line>
<line>Vacqueyras et au siège du Syndicat mixte Comtat-Ventoux ainsi qu'eu Préfecture, direction des</line>
<line>relations avec les collectivités locales et de l'environnemeut.</line></par>
<par>
<line>Article 5 :</line></par>
<par>
<line>Des copies du présent arrêté seront adressées :</line></par>
<par>
<line>- au maire de la commune de Vacqueyras</line></par>
<par>
<line>- au Président du Syndicat Mixte Comtat-Ventoux,</line></par>
<par>
<line>- à Madame le Sous-préfet de Carpentras,</line></par>
<par>
<line>- au Directeur Départemental de l’Agriculture et de la Forêt de Vaucluse,</line></par>
<par>
<line>- au Directeur Départemental de l’Equipement de Vaucluse,</line></par>
<par>
<line>- au Directeur de la Prévention des Pollutions et des Risques du ministère de l’Ecologie,</line>
<line>du Développement et de l’Aménagement Durables</line></par>
</text>
</block>
<block><region><rect/></region>
<text>
<par>
<line>2</line></par>
</text>
</block>





</page>
<page width="2479" height="3504" resolution="300">
<block><region><rect/></region>
<text>
<par>
<line>au Diiecteur Régional de l’Industrie, de la Recherche et de rEnvironnement,</line></par>
<par>
<line>au Directeur Régional de rEnvironnement,</line></par>
<par>
<line>au Directeur Départemental des Services d’incendie et de Secours.</line></par>
</text>
</block>
<block><region><rect/></region>
<text>
<par>
<line>/</line></par>
</text>
</block>
<block><region><rect/></region>
<text>
<par>
<line>Article 6:</line></par>
<par>
<line>Le présent arrêté peut faire l’objet d’un recours contentieux devant le tribunal administratif de Nîmes</line>
<line>dans un délai de deux mois à compter de sa publication.</line></par>
<par>
<line>Article 7 :</line></par>
<par>
<line>Le secrétaire général de la préfecture de Vaucluse, le Sous-préfet de Carpentras, le maire de</line>
<line>Vacqueyras, le Président du Syndicat Mixte Comtat-Ventoux, le Directeur Départemental de</line>
<line>l’Agriculture et de la forêt et le directeur départemental de l'équipement sont chargés, chacun en ce qui</line>
<line>le concerne, de l’exécution du présent arrêté qui sera publié au recueil des Actes Administratifs de la</line>
<line>Préfecture, ainsi que dans un journal diffusé dans le département de Vaucluse.</line></par>
<par>
<line>Une copie de l’arrêté sera affichée dans la mairie concernée, ainsi qu'au siège du Syndicat mixte</line>
<line>Comtat-Ventoux, pendant une durée d’un mois minimum. Un procès verbal constatant</line>
<line>l'accomplissement de cette formalité devra être adressé en préfecture.</line></par>
</text>
</block>
<block><region><rect/></region>
<text>
<par>
<line>Avignon, le 3 Û JIJI!,, 2007</line></par>
</text>
</block>
<block><region><rect/></region>
<text>
<par>
<line>Le Préfet,</line></par>
</text>
</block>
<block><region><rect/></region>
<text>
<par>
<line>3</line></par>
</text>
</block>


</page>
</PM1>