<?xml version="1.0" encoding="UTF-8"?><PM1>
<page width="1664" height="2336" resolution="200">
<block><region><rect/></region>
<text>
<par>
<line>Liberté • Egalité • Fraternité</line></par>
<par>
<line>RÉPUBLIQUE Française</line></par>
<par>
<line>PRÉFET DES PYRÉNÉES-ATLANTIQUES</line>
<line>Direction Départementale des Territoires et de la Mer</line></par>
</text>
</block>
<block><region><rect/></region>
<text>
<par>
<line>Arrêté Préfectoral n® 20?i~00^^</line></par>
<par>
<line>approuvant la modification du Plan de Prévention du Risque d'inondation</line></par>
<par>
<line>de la commune d'Aressy</line></par>
</text>
</block>
<block><region><rect/></region>
<text>
<par>
<line>Le Préfet des Pyrénées-Atlantiques,</line>
<line>Chevalier de l'Ordre National du Mérite,</line></par>
</text>
</block>
<block><region><rect/></region>
<text>
<par>
<line>VU le code de l’environnement, articles L562.1 à L562.9 et R562-1 à R562-10;</line></par>
<par>
<line>VU l'arrêté préfectoral n°2012/062-0012 en date du 02 mars 2012, prescrivant la modification du plan de prévention du</line>
<line>risque d'inondation (P.P.R.I.) sur la commune d’Aressy;</line></par>
<par>
<line>VU les délibérations du Conseil Municipal d'Aressy en date du 29 mai 2012, du Syndicat Mixte du Grand Pau en date du</line>
<line>4 mai 2012 et du Syndicat Intercommunal du Gave de Pau en date du 4 mai 2012;</line></par>
<par>
<line>VU le Bilan de la consultation;</line></par>
<par>
<line>SUR proposition du Directeur Départemental des Territoires et de la Mer;</line></par>
</text>
</block>
<block><region><rect/></region>
<text>
<par>
<line>ARRETE:</line></par>
</text>
</block>
<block><region><rect/></region>
<text>
<par>
<line>Article 1" :</line></par>
<par>
<line>I - Est approuvé te! qu'il est annexé au présent arrêté, le Plan de Prévention du Risque d'inondation de la commune</line>
<line>d'Aressy.</line></par>
<par>
<line>II - Le P.P.R.I. comprend: un règlement, une carte réglementaire, une partie annexe comprenant une note de</line>
<line>présentation, les carte des aléas et des hauteurs d'eau et un plan de situation.</line></par>
<par>
<line>III - Le P.P.R.I. est tenu à la disposition du public à la mairie d’Aressy, à la Direction Départementale des Territoires et de</line>
<line>la Mer, à la Préfecture de Pau.</line></par>
<par>
<line>Article 2 : Le présent arrêté sera publié au recueil des actes administratifs et mention en sera faite dans les 2 journaux</line>
<line>la République des Pyrénées et Sud-Ouest.</line></par>
<par>
<line>Une copie de l'arrêté d’approbation sera affichée à la mairie pendant un mois au minimum. Cette mesure de publicité</line>
<line>sera justifiée par un certificat du maire et un exemplaire des journaux sera annexé au dossier.</line></par>
<par>
<line>Article 3 : Des copies seront adressées à :</line></par>
<par>
<line>M. le Secrétaire Général de la Préfecture, M. le Directeur Départemental des Territoires et de la Mer, M. le Directeur</line>
<line>Régional de l’Environnement, de l'Aménagement et du Logement.</line></par>
<par>
<line>Article 4 : Monsieur le Secrétaire Général, Monsieur le Maire d'Aressy, Monsieur le Directeur Départemental des</line>
<line>Territoires et de la Mer sont chargés, chacun en ce qui le concerne, de l'exécution du présent arrêté.</line></par>
</text>
</block>
<block><region><rect/><rect/></region>
<text>
<par>
<line>Fait à Pau, le</line>
<line>Le Préfet,</line></par>
</text>
</block>
<block><region><rect/></region>
<text>
<par>
<line>7 ML 201Z</line></par>
</text>
</block>
<block><region><rect/></region>
<text>
<par>
<line>Lionel BEFFR6</line></par>
</text>
</block>





</page>
</PM1>