<?xml version="1.0" encoding="UTF-8"?><PM1>
<page width="2479" height="3504" resolution="300">
<block><region><rect/></region>
<text>
<par>
<line>mm</line></par>
<par>
<line>llhTtt • ÉgMi ■ hmttmit/</line>
<line>UrinuQliB Euncab</line></par>
</text>
</block>
<block><region><rect/></region>
<text>
<par>
<line>PRÉFET DE VAUCLUSE</line></par>
</text>
</block>
<block><region><rect/></region>
<text>
<par>
<line>Direction départementale</line>
<line>des territoÎFes</line></par>
<par>
<line>Service Prospective Urbanisme et Risques</line>
<line>Afiaire suivie par r Isabelle CHADCEUF</line>
<line>Téléphone : 04 88 17 82 68</line>
<line>Courriel : isabelle.chadoeuf@vaucluse.gouv.fi'</line></par>
</text>
</block>
<block><region><rect/></region>
<text>
<par>
<line>ARRÊTÉ du 8 avril 2019</line>
<line>portant approbation du</line></par>
<par>
<line>Plan de Prévention du Risque d’inondation du Rhône sur</line>
<line>la commune de Châteauneuf-du-Pape</line></par>
</text>
</block>
<block><region><rect/></region>
<text>
<par>
<line>LE PRÉFET DE VAUCLUSE</line>
<line>CHEVALIER DE L’ORDRE NATIONAL DU MÉRITE</line></par>
</text>
</block>
<block><region><rect/></region>
<text>
<par>
<line>VU le code de l’environnement et notamment ses articles L. 562-1 à L. 562-9 et</line>
<line>R. 562-1 à R. 562-10-2 relatifs aux plans de prévention des risques naturels</line>
<line>prévisibles ;</line></par>
<par>
<line>VU la loi n° 2003-699 du 30 juillet 2003 relative à la prévention des risques</line>
<line>technologiques et naturels et à la réparation des dommages ;</line></par>
<par>
<line>VU la loi n°2010-788 du 12 juillet 2010 portant engagement national pour</line>
<line>l’environnement ;</line></par>
<par>
<line>VU le code de l’urbanisme et ses articles L. 126-1, L. 151-43, L. 152-7 et L. 153-60 ;</line></par>
<par>
<line>VU le code des assurances et notamment ses articles L. 121-16 et L. 121-17 ;</line></par>
<par>
<line>VU le décret n° 2012-616 du 2 mai 2012 relatif à l’évaluation de certains plans et</line>
<line>documents ayant une incidence sur l’environnement, modifié par le décret n° 2013-4</line>
<line>du 2 janvier 2013 modifiant diverses dispositions du code de l’environnement en</line>
<line>matière de prévention des risques ;</line></par>
<par>
<line>VU l'arrêté préfectoral n° SI2002.05.07.0040 du 7 mai 2002 portant révision et</line>
<line>élaboration du Plan de Prévention des Risques Naturels Prévisibles d’inondation</line>
<line>(PPRI) du Rhône sur douze communes du Vaucluse ;</line></par>
<par>
<line>VU le décret n° 2004-374 du 29 avril 2004 relatif aux pouvoirs des préfets, à</line>
<line>l’organisation et à l’action des services de l’État dans les régions et départements ;</line></par>
</text>
</block>

</page>
<page width="2489" height="3511" resolution="300">
<block><region><rect/></region>
<text>
<par>
<line>vu la consultation des collectivités et personnes publiques associées prévue à l’article</line>
<line>R. 562-7 du code de l’environnement, réalisée entre le 24 mîd et 24 juillet 2018 dont</line>
<line>les avis ont été annexés au registre d’enquête publique ;</line></par>
<par>
<line>VU l’avis favorable de la commune de Châteauneuf-du-Pape en date du 19 juillet</line>
<line>2018;</line></par>
<par>
<line>VU l’avis favorable avec réserves du conseil communautaire de la communauté du</line>
<line>Pays Réuni d'Orange en date du 5 juillet 2018 ;</line></par>
<par>
<line>VU l’avis favorable avec réserves de la chambre d’agriculture de Vaucluse en date du</line>
<line>17 juillet 2018 ;</line></par>
<par>
<line>VU les avis réputés favorables du centre de la propriété forestière, du conseil</line>
<line>départemental de Vaucluse et du conseil régional PACA ;</line></par>
<par>
<line>VU le bilan de la concertation préalable ;</line></par>
<par>
<line>VU les avis recueillis au cours de la consultation officielle ;</line></par>
<par>
<line>VU la décision du tribunal administratif de Nîmes n° El8000108/84 du 23 juillet 2018</line>
<line>portant désignation d’ime commission d’enquête ;</line></par>
<par>
<line>VU l’arrêté préfectoral du 17 septembre 2018 portant ouverture d’une enquête</line>
<line>publique sur le projet de révision du Plan de Prévention du Risque d'inondation du</line>
<line>Rhône sur la commune de Châteauneuf-du-Pape ;</line></par>
<par>
<line>VU le rapport de la commission d’enquête publique relative au présent plan, ses</line>
<line>conclusions motivées ainsi que son avis favorable avec réserves, en date du 14 janvier</line>
<line>2019;</line></par>
<par>
<line>CONSIDERANT que la procédure de PPRI a fait l’objet d’une association de la</line>
<line>commune de Châteauneuf-du-Pape et des personnes publiques associées, et d’ime</line>
<line>concertation publique ;</line></par>
<par>
<line>CONSIDERANT que l’enquête publique portant sur le projet de plan s’est déroulée du</line>
<line>10 octobre au 9 novembre 2018 inclus sm la commune de Châteauneuf-du-Pape,</line>
<line>conformément aux prescriptions de l’arrêté préfectoral du 17 septembre 2018 ;</line></par>
<par>
<line>CONSIDERANT que les avis reçus et les observations déposées lors de l’enquête</line>
<line>publique justifient des adaptations limitées ne portant pas atteinte à l’économie</line>
<line>générale du plan de prévention du risque d’inondation du Rhône sur la commime de</line>
<line>Châteauneuf-du-Pape soumis à enquête publique ;</line></par>
</text>
</block>
</page>
<page width="2479" height="3504" resolution="300">
<block><region><rect/></region>
<text>
<par>
<line>CONSIDERANT que les réserves et recommandations formulées par la commission</line>
<line>d’enquête dans son rapport ont fait Tobjet d’une note d’ansilyse jointe au dossier du</line>
<line>PPRI du Rhône approuvé pour la commune de Châteauneuf-du-Pape permettant de</line>
<line>lever ces observations ;</line></par>
<par>
<line>CONSIDERANT la réserve émise par la commission d’enquête demandant au préfet</line>
<line>de prescrire à la commune l’obligation d’informer les propriétaires concernés pdx la</line>
<line>nécessité d’établir une aire refuge et de contrôler sa réalisation ;</line></par>
<par>
<line>CONSIDERANT que le règlement du PPRI du Rhône prescrit dans son titre 6 à la</line>
<line>commune d’organiser des réunions d’informations des habitants sur le risque</line>
<line>d’inondation ;</line></par>
<par>
<line>CONSIDERANT la réserve émise par la commission d’enquête sur l’interdiction</line>
<line>d’autoriser en zone rouge les extensions d’emprise au sol pour les activités autres</line>
<line>qu’agricoles ;</line></par>
<par>
<line>CONSIDERANT qu’une activité économique existante doit conserver des possibilités</line>
<line>de développement, tout en les encadrant par l’établissement d’un diagnostic de</line>
<line>vulnérabilité pour réduire l’impact d’une crue sur les personnes et les biens ;</line></par>
<par>
<line>CONSIDERANT la réserve émise par la commission d’enquête sur l’interdiction de</line>
<line>l’implantation d’unités de production d’énergie photovoltaïque au sol en zone orange ;</line></par>
<par>
<line>CONSIDERANT que la zone orange du PPRI du Rhône couvre des secteurs en aléa</line>
<line>modéré où la hauteur de l’eau est inférieure à Im et les vitesses d’écoulement faibles</line>
<line>dans lesquelles les installations photovoltaïques ont peu de risque d’être</line>
<line>endommagées ;</line></par>
</text>
</block>
<block><region><rect/></region>
<text>
<par>
<line>SUR proposition de Madame la directrice départementale des territoires,</line></par>
</text>
</block>
</page>
<page width="2487" height="3510" resolution="300">
<block><region><rect/></region>
<text>
<par>
<line>ARRETE</line></par>
</text>
</block>
<block><region><rect/></region>
<text>
<par>
<line>ARTICLE 1“ :</line></par>
<par>
<line>Le plan de prévention du risque d’inondation du Rhône sur la commune de</line>
<line>Châteauneuf-du-Pape est approuvé, tel qu’il est annexé au présent arrêté.</line></par>
<par>
<line>ARTICLE 2 :</line></par>
<par>
<line>Le plan approuvé comprend :</line></par>
<par>
<line>✓ un rapport de présentation,</line></par>
<par>
<line>✓ un règlement,</line></par>
<par>
<line>✓ une cartographie des aléas,</line></par>
<par>
<line>✓ une cartographie des enjeux,</line></par>
<par>
<line>✓ une cartographie du zonage réglementaire,</line></par>
<par>
<line>✓ ime note d’analyse du rapport d’enquête publique.</line></par>
<par>
<line>Il est tenu à la disposition du public à la mairie de Châteauneuf-du-Pape, au siège de la</line>
<line>communauté de communes du Pays Réuni d'Orange et à la préfecture de Vaucluse</line>
<line>(direction départementale des territoires).</line></par>
<par>
<line>ARTICLE 3 :</line></par>
<par>
<line>Le présent arrêté sera adressé à Monsieur le maire de la commune de Châteaimeuf-du-</line>
<line>Pape, ainsi qu’à Monsieur le président de la communauté de communes du Pays Réuni</line>
<line>d'Orange.</line></par>
<par>
<line>ARTICLE 4 :</line></par>
<par>
<line>Le présent arrêté sera publié au recueil des actes administratifs de la préfecture de</line>
<line>Vaucluse et mention en sera faite dans un journal diffusé dans le département et</line>
<line>habilité à recevoir les annonces judiciaires et légales. Une copie du présent arrêté devra</line>
<line>également être affichée pendant un mois au moins, en mairie de Châteauneuf-du-Pape,</line>
<line>au siège de la communauté de communes du Pays Réuni d'Orange et au siège du</line>
<line>Schéma de Cohérence Territoriale du Bassin de Vie d’Avignon, à partir de la date de</line>
<line>notification du présent arrêté.</line></par>
<par>
<line>ARTICLE 5 :</line></par>
<par>
<line>En application de l’article L. 562-4 du code de l’environnement, le plan de prévention</line>
<line>des risques naturels prévisibles approuvé vaut servitude d’utilité publique. A ce titre.</line>
<line>Monsieur le maire de Châteauneuf-du-Pape devra annexer le présent PPRI au</line>
<line>document d’urbanisme commimal, conformément aux articles L. 151-43, L. 152-7 et</line>
<line>L. 153-60 du code de l’urbanisme.</line></par>
<par>
<line>ARTICLE 6 :</line></par>
<par>
<line>La présente décision pourra faire l’objet dans le délai de 2 mois à compter de sa</line>
<line>publication :</line></par>
<par>
<line>✓ soit d’un recours gracieux auprès du préfet de Vaucluse,</line></par>
<par>
<line>✓ soit d’un recours hiérarchique adressé au ministre de la transition écologique et</line>
<line>solidaire.</line></par>
</text>
</block>
</page>
<page width="2479" height="3504" resolution="300">
<block><region><rect/></region>
<text>
<par>
<line>Cette démarche prolonge le délai de recours contentieux qui doit alors être introduit</line>
<line>dans les deux mois suivant la réponse (l’absence de réponse au terme de deux mois</line>
<line>vaut rejet implicite).</line></par>
<par>
<line>En l’absence de recours gracieux ou hiérarchique, la présente décision peut</line>
<line>directement faire l’objet d’un recours contentieux dans le délai de 2 mois à compter de</line>
<line>la plus tardive des mesures de publicité prévues à l’article 4, auprès du tribunal</line>
<line>administratif de Mmes, 16 avenue Feuchères, 30000 Mmes.</line></par>
<par>
<line>ARTICLE 7 :</line></par>
<par>
<line>Monsieur le secrétaire général de la préfecture de Vaucluse, Monsieur le directeur de</line>
<line>cabinet du préfet de Vaucluse, Madame la directrice départementale des territoires de</line>
<line>Vaucluse, Monsieur le maire de Châteauneuf-du-Pape, Monsieur le président de la</line>
<line>communauté de communes du Pays Réuni d'Orange sont chargés, chacun en ce qui le</line>
<line>concerne, de l’exécution du présent arrêté.</line></par>
</text>
</block>
<block><region><rect/></region>
<text>
<par>
<line>Fait à Avignon, le 8 avril 2019</line>
<line>Le Préfet,</line></par>
<par>
<line>Signé</line></par>
<par>
<line>Bertrand GAUME</line></par>
</text>
</block>
</page>
<page width="2484" height="3508" resolution="300">

</page>
<page width="2508" height="3525" resolution="300">
<block><region><rect/></region>
<text>
<par>
<line>Direction</line>
<line>Départementale</line>
<line>de rEqupement</line></par>
<par>
<line>Vaucluse</line></par>
</text>
</block>
<block><region><rect/></region>
<text>
<par>
<line>Ser^éceeat4</line></par>
<par>
<line>cnvionnenientet</line></par>
<par>
<line>basesaériennes</line></par>
</text>
</block>
<block><region><rect/></region>
<text>
<par>
<line>/U&amp;iresLMepar:</line>
<line>aPTadÉb</line>
<line>Ta:04S0608559</line>
<line>FEK;O490 œ8151</line></par>
</text>
</block>
<block><region><rect/></region>
<text>
<par>
<line>ARRETE n* i "J C&gt; du JAN ?000</line></par>
<par>
<line>Plan de prévention des nsques naturels prévisibles</line></par>
</text>
</block>
<block><region><rect/></region>
<text>
<par>
<line>Le préfet de Vaucluse,</line>
<line>chevalier de l'ordre national du mérite</line></par>
</text>
</block>
<block><region><rect/></region>
<text>
<par>
<line>VU le code de l'urbanisme ;</line></par>
<par>
<line>VU le code de l'expropriation pour cause d'utilité publique et notamment l’article R.11,14 ;</line></par>
<par>
<line>VU la loi n” 87.565 du 22 juillet 1987 relative à l'organisation de la sécurité civile et à la prévention</line>
<line>des risques majeurs ;</line></par>
<par>
<line>VU la loi n” 92,3 du 3 janvier 1992 sur l'eau et notamment son article 16 modifié ;</line></par>
<par>
<line>VU le décret n” 90.918 du 11 octobre 1990 relatif à l'exercice du droit à l’information sur les risques</line>
<line>majeurs ;</line></par>
<par>
<line>VU le décret n” 95.1089 du 5 octobre 1995 relatif aux plans de prévention des risques naturels</line>
<line>prévisibles ;</line></par>
<par>
<line>VU ramêté préfectoral n" 1346 du 9 juin 1999 prescrivant du 25 juin 1999 au 15 juillet 1999 la mise</line>
<line>à l'enquête du projet d’élaboration d'un périmètre de risque délimitant les zones exposées à un</line>
<line>risque d'inondation par le Rhône, sur la commune de Châteauneuf du Pape ;</line></par>
<par>
<line>VU l'arrêté préfectoral n” 1693 du 9 juillet 1999 prorogeant jusqu'au 23 juillet 1999 la durée de</line>
<line>l'enquête publique ;</line></par>
<par>
<line>VU les résultats de l'enquête publique et les conclusions émises par le Commissaire Enquêteur sur</line>
<line>ce projet le 28 septembre 1999 ;</line></par>
</text>
</block>
<block><region><rect/></region>
<text>
<par>
<line>CKè Adminlitrativa • 3.P. 1045 ■ S409S Avignon Codai ■) • ïétéDtmna 04 SO SO 55 CO</line></par>
</text>
</block>









</page>
<page width="2580" height="3575" resolution="300">
<block><region><rect/></region>
<text>
<par>
<line>vu les pièces attestant de la publicité de ces enquêtes dans la presse et dans la commune</line>
<line>intéressée ;</line></par>
<par>
<line>VU ravis du conseil municipal de Châteauneuf du Pape en date du 11 mars 1999 ;</line></par>
<par>
<line>CONSIDERANT les risques d'inondation par débordement ou missellement dans la vallée du</line>
<line>Rhône et de ces principaux affluents ;</line></par>
<par>
<line>SUR proposition du secrétaire général de la préfecture de Vaucluse ;</line></par>
</text>
</block>
<block><region><rect/></region>
<text>
<par>
<line>ARRETE</line></par>
</text>
</block>
<block><region><rect/></region>
<text>
<par>
<line>ARTICLE 1ER :</line></par>
<par>
<line>Le périmètre des zones exposées au risque naturel d'inondation par les crues du Rhône, sur le</line>
<line>territoire de la commune de Châteauneuf du Pape, tel qu'il est reporté sur la pièce n" 2 intitulée</line>
<line>"plan de zonage, échelle 1/5000", et annexé au présent arrêté, est approuvé.</line></par>
<par>
<line>ARTICLE 2:</line></par>
<par>
<line>A l'intérieur du périmètre visé à l'article 1, des dispositions interdisant ou limitant les possibilités</line>
<line>de constnjîre sont édictées par la pièce n" 3 intitulée " interdictions et conditions spéciales</line>
<line>d'autorisation", et annexée au présent arrêté.</line></par>
<par>
<line>ARTICLE 3 :</line></par>
<par>
<line>Le présent arrêté sera inséré dans 2 journaux habilités et paraissant dans le département, publié</line>
<line>au recueil des actes administratifs, affiché en mairie et dans les locaux de la préfecture.</line></par>
<par>
<line>ARTICLE 4 ;</line></par>
<par>
<line>MM le secrétaire général de la préfecture, le maire de la commune de Châteauneuf du Pape et</line>
<line>le directeur départemental de l'Equipement sont chargés chacun en ce qui le concerne de</line>
<line>l'exécution du présent arrêté.</line></par>
</text>
</block>
<block><region><rect/></region>
<text>
<par>
<line>le préfet,</line></par>
</text>
</block>
<block><region><rect/></region>
<text>
<par>
<line>Pierre MONQIN</line></par>
</text>
</block>
</page>
</PM1>