<?xml version="1.0" encoding="UTF-8"?><PM1>
<page width="1653" height="2336" resolution="200">
<block><region><rect/></region>
<text>
<par>
<line>Liberté • Égalité • Fraternité</line></par>
<par>
<line>RÉPUBLIQUE Française</line></par>
</text>
</block>
<block><region><rect/></region>
<text>
<par>
<line>PRÉFET DU GARD</line></par>
</text>
</block>
<block><region><rect/></region>
<text>
<par>
<line>Direction Départementaie</line>
<line>des Territoires et de la Mer</line></par>
<par>
<line>Service Eau et Inondation</line>
<line>Unité Risques Inondation</line></par>
<par>
<line>Affaire suivie par ; Philippe Demoulin</line>
<line>Tél : 04.66,62.64.92</line></par>
<par>
<line>Courriel : philippe.demoulin@gard.gouv.fr</line></par>
</text>
</block>
<block><region><rect/></region>
<text>
<par>
<line>Nîmes, le ’riSSEfriOiÔ</line></par>
</text>
</block>
<block><region><rect/></region>
<text>
<par>
<line>ARRETENT 1,(9- ZOié. 09</line></par>
<par>
<line>portant approbation d'un Plan de Prévention des Risques Inondation (PPRi)</line></par>
<par>
<line>sur la commune de BARON</line></par>
</text>
</block>
<block><region><rect/></region>
<text>
<par>
<line>Le Préfet du Gard</line></par>
<par>
<line>Chevalier de la Légion d’honneur</line></par>
</text>
</block>
<block><region><rect/></region>
<text>
<par>
<line>Vu le Code de l'Environnement et notamment ses articles L.562-1 à L.562-9 et R.562-1 à</line>
<line>R.562-10 relatifs aux Plans de Prévention des Risques Naturels ;</line></par>
<par>
<line>Vu le Code de l’Urbanisme et notamment son article L.126-1 ;</line></par>
<par>
<line>Vu l'arrêté préfectoral n°2013 330-0010 du 26 novembre 2013 portant élaboration du Plan de</line>
<line>Prévention des Risques inondation sur la commune de BARON ;</line></par>
<par>
<line>Vu l'arrêté préfectoral n° 2016-DDTM-SEI-RI-004 du 31 mars 2016 prescrivant l'ouverture</line>
<line>d'une enquête publique relative au projet de Plan de Prévention des Risques Inondation de la</line>
<line>commune de BARON;</line></par>
<par>
<line>Vu l'avis favorable du Conseil Municipal de la commune de BARON, en date du 03 mars</line>
<line>2016;</line></par>
<par>
<line>Vu l'avis favorable sous réserves du Centre Régional de la Propriété Forestière Languedoc-</line>
<line>Roussillon, en date du 5 avril 2016 ;</line></par>
<par>
<line>Vu l'avis défavorable de la Chambre d'Agriculture du Gard, en date du 22 avril 2016 ;</line></par>
<par>
<line>Vu l'avis réputé favorable du Conseil Départemental du Gard ;</line></par>
<par>
<line>Vu l'avis réputé favorable du Conseil Régional Occitanie;</line></par>
<par>
<line>Vu l’avis réputé favorable du Schéma de Cohérence Territoriale Uzège Pont du Gard ;</line></par>
<par>
<line>Vul’ avis non réglementaire réputé favorable de la communauté de communes Pays d’Uzès ;</line></par>
</text>
<text>
<par>
<line>89 me Wéber - 30907 NIMES CEDEX</line></par>
<par>
<line>Tél : 04.66.62.62.00 - Fax : 04.66.23.28.79 - www.gard.gouv.Fr</line></par>
<par>
<line>Nouveau N° de téléphone IONIQUE pour les services de l'Etat dans le Gard : 0 820 09 11 72</line></par>
<par>
<line>au tarif de 11,8 cts d'euro la minute depuis un poste Fixe</line></par>
</text>
</block>



</page>
<page width="1653" height="2336" resolution="200">
<block><region><rect/></region>
<text>
<par>
<line>Vu le rapport et les conclusions de la commission d’enquête en date du 28 juin 2016 ;</line></par>
<par>
<line>Vu le rapport du Directeur Départemental des Territoires et de la Mer du Gard du 06</line>
<line>septembre 2016 ;</line></par>
<par>
<line>SUR proposition de Monsieur le Secrétaire Général de la Préfecture du Gard,</line></par>
</text>
</block>
<block><region><rect/></region>
<text>
<par>
<line>ARRETE</line></par>
</text>
</block>
<block><region><rect/></region>
<text>
<par>
<line>Article 1er :</line></par>
<par>
<line>Le Plan de Prévention des Risques Inondation (PPRi) de la commune de BARON est</line>
<line>approuvé, tel qu'il est annexé au présent arrêté.</line></par>
<par>
<line>Article 2 :</line></par>
<par>
<line>Le dossier comprend :</line></par>
<par>
<line>- un rapport de présentation,</line></par>
<par>
<line>- un résumé non technique,</line></par>
<par>
<line>- un règlement,</line></par>
<par>
<line>- le zonage réglementaire,</line></par>
<par>
<line>- des annexes: cartes d'aléa et d'enjeux, rapport hydraulique et ses armexes</line></par>
<par>
<line>Il est tenu à la disposition du public dans les locaux :</line></par>
<par>
<line>- de la Mairie de BARON,</line></par>
<par>
<line>- de la Préfecture du département du GARD,</line></par>
<par>
<line>- de la Direction Départementale des Territoires et de la Mer du Gard.</line></par>
<par>
<line>Article 3 :</line></par>
<par>
<line>Une copie du présent arrêté sera adressée à :</line></par>
<par>
<line>- la commune de BARON,</line></par>
<par>
<line>- la Direction Régionale de l’Environnement, de l'Aménagement et du Logement Midi</line>
<line>Pyrénées Languedoc Roussillon,</line></par>
<par>
<line>- la Direction Générale de la Prévention des Risques du Ministère en charge de</line>
<line>l’Environnement, de l'Énergie et de la Mer ;</line></par>
<par>
<line>Article 4 :</line></par>
<par>
<line>Une copie du présent arrêté sera affichée en Mairie de BARON pendant au moins un</line>
<line>mois à partir de la date de réception de la notification du présent arrêté et mention en sera faite</line>
<line>en caractères apparents dans le journal MIDI-LIBRE.</line></par>
<par>
<line>Article 5 :</line></par>
<par>
<line>Le présent arrêté sera publié au Recueil des Actes Administratifs de la Préfecture.</line></par>
</text>
</block>
<block><region><rect/></region>
<text>
<par>
<line>89 rue Wéber - 30907 NIMES CEDEX</line></par>
<par>
<line>Tél : 04.66.62.62.00 - Fax : 04.66.23.28.79 - www.gard.gouv.fr</line></par>
<par>
<line>Nouveau N° de téléphone UNIQUE pour les services de l'Etat dans le Gard : 0 820 09 11 72</line></par>
<par>
<line>au tarif de 11,8 cts d'enro la minute depuis un poste fixe</line></par>
</text>
</block>




</page>
<page width="1653" height="2336" resolution="200">
<block><region><rect/></region>
<text>
<par>
<line>Article 6 :</line></par>
<par>
<line>En application de l’article L.562-4 du Code de T Environnement, le Plan de</line>
<line>Prévention des Risques Naturels Prévisibles approuvé vaut servitude d’utilité publique. À ce</line>
<line>titre, le Maire devra annexer le présent PPRi au document d’urbanisme de la commune,</line>
<line>conformément à l’article L.126-1 du Code de l’Urbanisme.</line></par>
<par>
<line>Article 7 :</line></par>
<par>
<line>Le présent arrêté peut faire l'objet d’un recours contentieux auprès du Tribunal</line>
<line>Administratif de Nîmes, 16, Avenue Feuchères CS 88010 - 30941 Nîmes Cedex 9, dans un</line>
<line>délai de 2 mois à compter de l’exécution des fonnalités de publicité.</line></par>
<par>
<line>Article 8 :</line></par>
<par>
<line>Monsieur le Secrétaire Général de la Préfecture du Gard, Monsieur le Directeur</line>
<line>Départemental des Territoires et de la Mer du Gard et Monsieur le Maire de BARON sont</line>
<line>chargés, chacun en ce qui les concerne, de l’exécution du présent arrêté.</line></par>
</text>
</block>
<block><region><rect/></region>
<text>
<par>
<line>Le Préfet,</line></par>
<par>
<line>ci</line></par>
<par>
<line>Didier LAUGA</line></par>
</text>
</block>
<block><region><rect/></region>
<text>
<par>
<line>89 rue Wéber- 30907 NIMES CEDEX</line></par>
<par>
<line>Tel : 04.66.62,62,00 - Fax : 04.66.23,28.79 - www.gard.gouv.fr</line></par>
<par>
<line>Nouveau N° de téléphone I NIQUE pour les services de l'Etat dans le Gard : 0 820 09 11 72</line></par>
<par>
<line>au tarif de 11,8 cts d'euro la minute depuis un poste fixe</line></par>
</text>
</block>


</page>
</PM1>