<?xml version="1.0" encoding="UTF-8"?><PM1>
<page width="1660" height="2343" resolution="200">
<block><region><rect/></region>
<text>
<par>
<line>ï</line></par>
<par>
<line>Liberté * Égahté • Frafernifs</line></par>
<par>
<line>République Française</line></par>
<par>
<line>PREFECTURE DE L'AISNE</line></par>
</text>
</block>
<block><region><rect/></region>
<text>
<par>
<line>Le Préfet de l’Aisne,</line></par>
</text>
</block>
<block><region><rect/></region>
<text>
<par>
<line>VU le code de T environnement et notamment son article L125-5</line></par>
<par>
<line>VU le décret n°2005-134 du 15 février 2005 relatif à l’information des acquéreurs et des</line>
<line>locataires de biens immobiliers sur les risques naturels et technologiques majeurs,</line></par>
<par>
<line>VU l’aiTêté du 28 août 2006,</line></par>
<par>
<line>SUR proposition de la sous-préfète, directrice de cabinet,</line></par>
<par>
<line>ARRETE</line></par>
</text>
</block>
<block><region><rect/></region>
<text>
<par>
<line>Article :</line></par>
<par>
<line>La commune de FESTIEUX fait partie du plan de prévention des risques d’inondations et de</line>
<line>coulées de boue sur la commune de Festieux approuvé le 17 décembre 2008. La liste des</line>
<line>documents utiles à l’établissement de l’état des risques tel que prévu par les textes est la</line>
<line>suivante :</line></par>
<par>
<line>le DDRM approuvé le 30 mai 2006</line>
<line>- le PPR approuvé le 17 décembre 2008.</line></par>
<par>
<line>Ces documents sont consultables :</line></par>
<par>
<line>à la préfecture,</line>
<line>à la mairie,</line></par>
<par>
<line>à la direction départementale de l’équipement</line></par>
<par>
<line>Un tableau récapitulatif des arrêtés de reconnaissance de l’état de catastrophe naturelle est</line>
<line>annexé.</line></par>
</text>
</block>
<block><region><rect/></region>
<text>
<par>
<line>Article 2 :</line></par>
<par>
<line>L'arrêté du 28 août 2006 est abrogé.</line></par>
</text>
</block>
<block><region><rect/></region>
<text>
<par>
<line>Article 3 :</line></par>
</text>
</block>
<block><region><rect/><rect/></region>
<text>
<par>
<line>rétaire générale de la Préfecture, la Sous-Préfète, Directrice de Cabinet, le SIDPC, le</line>
<line>maire de la commune et le directeur départemental de l’équipement sont chargés, chacun en</line>
<line>ce qui le concerne, de l’exécution du présent arrêté.</line></par>
</text>
</block>
<block><region><rect/><rect/><rect/></region>
<text>
<par>
<line>Fait à LAON, le - § JÂK. 7^^^</line></par>
<par>
<line>Füüf ie PrÉifet et par</line>
<line>Jâ^ous-Préfèt3.</line></par>
<par>
<line>ffi^trice de Cabinet</line></par>
</text>
</block>
<block><region><rect/></region>
<text>
<par>
<line>&amp;îima EBURDV</line></par>
</text>
</block>
<block><region><rect/></region>
<text>
<par>
<line>2 rue Paul Doumer- 02 010 LAON Cedex - Téléphone : 03.23.21.82.82 - Télécopie : 03.23.20.69,58 -Mél ; prefecture.aisne@aisne.pref.gouv.fr</line></par>
</text>
</block>














</page>
<page width="1673" height="2353" resolution="200">
<block><region><rect/></region>
<text orientation="RotatedCounterclockwise">
<par>
<line>FESTIEUX</line></par>
</text>
</block>
<block blockType="Table" blockName="" l="447" t="202" r="1253" b="2187"><region><rect/></region>
<row>
<cell bottomBorder="White" width="172" height="81">
<text>
<par/>
</text></cell>
<cell rightBorder="White" bottomBorder="White" width="186" height="81">
<text>
<par>
<line>'sO</line></par>
</text></cell>
<cell leftBorder="White" rightBorder="White" bottomBorder="White" width="103" height="81">
<text>
<par>
<line>c^</line></par>
</text></cell>
<cell leftBorder="White" rightBorder="White" bottomBorder="White" width="100" height="81">
<text>
<par>
<line>O</line></par>
</text></cell>
<cell leftBorder="White" bottomBorder="White" width="245" height="81">
<text>
<par/>
</text></cell></row>
<row>
<cell topBorder="White" bottomBorder="White" width="172" height="23">
<text>
<par/>
</text></cell>
<cell topBorder="White" rightBorder="White" bottomBorder="White" width="186" height="23">
<text>
<par>
<line>00</line></par>
</text></cell>
<cell leftBorder="White" topBorder="White" rightBorder="White" bottomBorder="White" width="103" height="23">
<text>
<par/>
</text></cell>
<cell leftBorder="White" topBorder="White" rightBorder="White" bottomBorder="White" width="100" height="23">
<text>
<par>
<line>O</line></par>
</text></cell>
<cell leftBorder="White" topBorder="White" bottomBorder="White" width="245" height="23">
<text>
<par>
<line>O</line></par>
</text></cell></row>
<row>
<cell topBorder="White" bottomBorder="White" width="172" height="24">
<text>
<par>
<line>c</line></par>
</text></cell>
<cell topBorder="White" rightBorder="White" bottomBorder="White" width="186" height="24">
<text>
<par>
<line>o&gt;</line></par>
</text></cell>
<cell leftBorder="White" topBorder="White" rightBorder="White" bottomBorder="White" width="103" height="24">
<text>
<par>
<line>a^</line></par>
</text></cell>
<cell leftBorder="White" topBorder="White" rightBorder="White" bottomBorder="White" width="100" height="24">
<text>
<par>
<line>O</line></par>
</text></cell>
<cell leftBorder="White" topBorder="White" bottomBorder="White" width="245" height="24">
<text>
<par>
<line>O .</line></par>
</text></cell></row>
<row>
<cell topBorder="White" bottomBorder="White" width="172" height="27">
<text>
<par>
<line>O n</line></par>
</text></cell>
<cell topBorder="White" rightBorder="White" bottomBorder="White" width="186" height="27">
<text>
<par/>
</text></cell>
<cell leftBorder="White" topBorder="White" rightBorder="White" bottomBorder="White" width="103" height="27">
<text>
<par>
<line>'—1</line></par>
</text></cell>
<cell leftBorder="White" topBorder="White" rightBorder="White" bottomBorder="White" width="100" height="27">
<text>
<par/>
</text></cell>
<cell leftBorder="White" topBorder="White" bottomBorder="White" width="245" height="27">
<text>
<par/>
</text></cell></row>
<row>
<cell topBorder="White" bottomBorder="White" width="172" height="31">
<text>
<par/>
</text></cell>
<cell topBorder="White" rightBorder="White" bottomBorder="White" width="186" height="31">
<text>
<par>
<line>5^</line></par>
</text></cell>
<cell leftBorder="White" topBorder="White" rightBorder="White" bottomBorder="White" width="103" height="31">
<text>
<par>
<line>CN</line></par>
</text></cell>
<cell leftBorder="White" topBorder="White" rightBorder="White" bottomBorder="White" width="100" height="31">
<text>
<par>
<line>00</line></par>
</text></cell>
<cell leftBorder="White" topBorder="White" bottomBorder="White" width="245" height="31">
<text>
<par>
<line>CN</line></par>
</text></cell></row>
<row>
<cell topBorder="White" bottomBorder="White" width="172" height="26">
<text>
<par>
<line>S ^</line></par>
</text></cell>
<cell topBorder="White" rightBorder="White" bottomBorder="White" width="186" height="26">
<text>
<par>
<line>O</line></par>
</text></cell>
<cell leftBorder="White" topBorder="White" rightBorder="White" bottomBorder="White" width="103" height="26">
<text>
<par/>
</text></cell>
<cell leftBorder="White" topBorder="White" rightBorder="White" bottomBorder="White" width="100" height="26">
<text>
<par>
<line>O</line></par>
</text></cell>
<cell leftBorder="White" topBorder="White" bottomBorder="White" width="245" height="26">
<text>
<par>
<line>H</line></par>
</text></cell></row>
<row>
<cell topBorder="White" bottomBorder="White" width="172" height="31">
<text>
<par>
<line>C8</line></par>
</text></cell>
<cell topBorder="White" rightBorder="White" bottomBorder="White" width="186" height="31">
<text>
<par/>
</text></cell>
<cell leftBorder="White" topBorder="White" rightBorder="White" bottomBorder="White" width="103" height="31">
<text>
<par>
<line>O</line></par>
</text></cell>
<cell leftBorder="White" topBorder="White" rightBorder="White" bottomBorder="White" width="100" height="31">
<text>
<par/>
</text></cell>
<cell leftBorder="White" topBorder="White" bottomBorder="White" width="245" height="31">
<text>
<par>
<line>OS</line></par>
</text></cell></row>
<row>
<cell topBorder="White" width="172" height="72">
<text>
<par>
<line>Çk</line></par>
</text></cell>
<cell topBorder="White" rightBorder="White" width="186" height="72">
<text>
<par>
<line>O</line></par>
</text></cell>
<cell leftBorder="White" topBorder="White" rightBorder="White" width="103" height="72">
<text>
<par>
<line>en</line></par>
</text></cell>
<cell leftBorder="White" topBorder="White" rightBorder="White" width="100" height="72">
<text>
<par>
<line>O</line></par>
</text></cell>
<cell leftBorder="White" topBorder="White" width="245" height="72">
<text>
<par/>
</text></cell></row>
<row>
<cell bottomBorder="White" width="172" height="74">
<text>
<par/>
</text></cell>
<cell rightBorder="White" bottomBorder="White" width="186" height="74">
<text>
<par>
<line>VO ■</line></par>
</text></cell>
<cell leftBorder="White" rightBorder="White" bottomBorder="White" width="103" height="74">
<text>
<par>
<line>os</line></par>
</text></cell>
<cell leftBorder="White" rightBorder="White" bottomBorder="White" width="100" height="74">
<text>
<par>
<line>O</line></par>
</text></cell>
<cell leftBorder="White" bottomBorder="White" width="245" height="74">
<text>
<par/>
</text></cell></row>
<row>
<cell topBorder="White" bottomBorder="White" width="172" height="22">
<text>
<par/>
</text></cell>
<cell topBorder="White" rightBorder="White" bottomBorder="White" width="186" height="22">
<text>
<par>
<line>00</line></par>
</text></cell>
<cell leftBorder="White" topBorder="White" rightBorder="White" bottomBorder="White" width="103" height="22">
<text>
<par>
<line>Os</line></par>
</text></cell>
<cell leftBorder="White" topBorder="White" rightBorder="White" bottomBorder="White" width="100" height="22">
<text>
<par>
<line>O</line></par>
</text></cell>
<cell leftBorder="White" topBorder="White" bottomBorder="White" width="245" height="22">
<text>
<par>
<line>O</line></par>
</text></cell></row>
<row>
<cell topBorder="White" bottomBorder="White" width="172" height="22">
<text>
<par/>
</text></cell>
<cell topBorder="White" rightBorder="White" bottomBorder="White" width="186" height="22">
<text>
<par>
<line>a^</line></par>
</text></cell>
<cell leftBorder="White" topBorder="White" rightBorder="White" bottomBorder="White" width="103" height="22">
<text>
<par>
<line>a^</line></par>
</text></cell>
<cell leftBorder="White" topBorder="White" rightBorder="White" bottomBorder="White" width="100" height="22">
<text>
<par>
<line>O</line></par>
</text></cell>
<cell leftBorder="White" topBorder="White" bottomBorder="White" width="245" height="22">
<text>
<par>
<line>O</line></par>
</text></cell></row>
<row>
<cell topBorder="White" bottomBorder="White" width="172" height="30">
<text>
<par>
<line>&lt;4^</line></par>
</text></cell>
<cell topBorder="White" rightBorder="White" bottomBorder="White" width="186" height="30">
<text>
<par/>
</text></cell>
<cell leftBorder="White" topBorder="White" rightBorder="White" bottomBorder="White" width="103" height="30">
<text>
<par>
<line>r—H</line></par>
</text></cell>
<cell leftBorder="White" topBorder="White" rightBorder="White" bottomBorder="White" width="100" height="30">
<text>
<par/>
</text></cell>
<cell leftBorder="White" topBorder="White" bottomBorder="White" width="245" height="30">
<text>
<par>
<line>CN</line></par>
</text></cell></row>
<row>
<cell topBorder="White" bottomBorder="White" width="172" height="28">
<text>
<par>
<line>im</line></par>
</text></cell>
<cell topBorder="White" rightBorder="White" bottomBorder="White" width="186" height="28">
<text>
<par>
<line>00</line></par>
</text></cell>
<cell leftBorder="White" topBorder="White" rightBorder="White" bottomBorder="White" width="103" height="28">
<text>
<par/>
</text></cell>
<cell leftBorder="White" topBorder="White" rightBorder="White" bottomBorder="White" width="100" height="28">
<text>
<par/>
</text></cell>
<cell leftBorder="White" topBorder="White" bottomBorder="White" width="245" height="28">
<text>
<par>
<line>. CN</line></par>
</text></cell></row>
<row>
<cell topBorder="White" bottomBorder="White" width="172" height="37">
<text>
<par>
<line>(H</line></par>
</text></cell>
<cell topBorder="White" rightBorder="White" bottomBorder="White" width="186" height="37">
<text>
<par>
<line>O</line></par>
</text></cell>
<cell leftBorder="White" topBorder="White" rightBorder="White" bottomBorder="White" width="103" height="37">
<text>
<par/>
</text></cell>
<cell leftBorder="White" topBorder="White" rightBorder="White" bottomBorder="White" width="100" height="37">
<text>
<par>
<line>O</line></par>
</text></cell>
<cell leftBorder="White" topBorder="White" bottomBorder="White" width="245" height="37">
<text>
<par/>
</text></cell></row>
<row>
<cell topBorder="White" bottomBorder="White" width="172" height="20">
<text>
<par/>
</text></cell>
<cell topBorder="White" rightBorder="White" bottomBorder="White" width="186" height="20">
<text>
<par>
<line>in</line></par>
</text></cell>
<cell leftBorder="White" topBorder="White" rightBorder="White" bottomBorder="White" width="103" height="20">
<text>
<par>
<line>os</line></par>
</text></cell>
<cell leftBorder="White" topBorder="White" rightBorder="White" bottomBorder="White" width="100" height="20">
<text>
<par>
<line>T—H</line></par>
</text></cell>
<cell leftBorder="White" topBorder="White" bottomBorder="White" width="245" height="20">
<text>
<par>
<line>m</line></par>
</text></cell></row>
<row>
<cell topBorder="White" width="172" height="74">
<text>
<par/>
</text></cell>
<cell topBorder="White" rightBorder="White" width="186" height="74">
<text>
<par>
<line>(N</line></par>
</text></cell>
<cell leftBorder="White" topBorder="White" rightBorder="White" width="103" height="74">
<text>
<par>
<line>CnI</line></par>
</text></cell>
<cell leftBorder="White" topBorder="White" rightBorder="White" width="100" height="74">
<text>
<par>
<line>CN</line></par>
</text></cell>
<cell leftBorder="White" topBorder="White" width="245" height="74">
<text>
<par>
<line>O</line></par>
</text></cell></row>
<row>
<cell bottomBorder="White" width="172" height="73">
<text>
<par/>
</text></cell>
<cell rightBorder="White" bottomBorder="White" width="186" height="73">
<text>
<par/>
</text></cell>
<cell leftBorder="White" rightBorder="White" bottomBorder="White" width="103" height="73">
<text>
<par>
<line>os</line></par>
</text></cell>
<cell leftBorder="White" rightBorder="White" bottomBorder="White" width="100" height="73">
<text>
<par>
<line>O</line></par>
</text></cell>
<cell leftBorder="White" bottomBorder="White" width="245" height="73">
<text>
<par/>
</text></cell></row>
<row>
<cell topBorder="White" bottomBorder="White" width="172" height="22">
<text>
<par/>
</text></cell>
<cell topBorder="White" rightBorder="White" bottomBorder="White" width="186" height="22">
<text>
<par>
<line>oo</line></par>
</text></cell>
<cell leftBorder="White" topBorder="White" rightBorder="White" bottomBorder="White" width="103" height="22">
<text>
<par>
<line>os</line></par>
</text></cell>
<cell leftBorder="White" topBorder="White" rightBorder="White" bottomBorder="White" width="100" height="22">
<text>
<par>
<line>O</line></par>
</text></cell>
<cell leftBorder="White" topBorder="White" bottomBorder="White" width="245" height="22">
<text>
<par>
<line>O</line></par>
</text></cell></row>
<row>
<cell topBorder="White" bottomBorder="White" width="172" height="22">
<text>
<par/>
</text></cell>
<cell topBorder="White" rightBorder="White" bottomBorder="White" width="186" height="22">
<text>
<par>
<line>a^</line></par>
</text></cell>
<cell leftBorder="White" topBorder="White" rightBorder="White" bottomBorder="White" width="103" height="22">
<text>
<par>
<line>Os</line></par>
</text></cell>
<cell leftBorder="White" topBorder="White" rightBorder="White" bottomBorder="White" width="100" height="22">
<text>
<par>
<line>O</line></par>
</text></cell>
<cell leftBorder="White" topBorder="White" bottomBorder="White" width="245" height="22">
<text>
<par>
<line>O</line></par>
</text></cell></row>
<row>
<cell topBorder="White" bottomBorder="White" width="172" height="30">
<text>
<par>
<line>s:</line></par>
</text></cell>
<cell topBorder="White" rightBorder="White" bottomBorder="White" width="186" height="30">
<text>
<par/>
</text></cell>
<cell leftBorder="White" topBorder="White" rightBorder="White" bottomBorder="White" width="103" height="30">
<text>
<par/>
</text></cell>
<cell leftBorder="White" topBorder="White" rightBorder="White" bottomBorder="White" width="100" height="30">
<text>
<par/>
</text></cell>
<cell leftBorder="White" topBorder="White" bottomBorder="White" width="245" height="30">
<text>
<par>
<line>CJ</line></par>
</text></cell></row>
<row>
<cell topBorder="White" bottomBorder="White" width="172" height="28">
<text>
<par/>
</text></cell>
<cell topBorder="White" rightBorder="White" bottomBorder="White" width="186" height="28">
<text>
<par/>
</text></cell>
<cell leftBorder="White" topBorder="White" rightBorder="White" bottomBorder="White" width="103" height="28">
<text>
<par/>
</text></cell>
<cell leftBorder="White" topBorder="White" rightBorder="White" bottomBorder="White" width="100" height="28">
<text>
<par/>
</text></cell>
<cell leftBorder="White" topBorder="White" bottomBorder="White" width="245" height="28">
<text>
<par>
<line>c-«</line></par>
</text></cell></row>
<row>
<cell topBorder="White" bottomBorder="White" width="172" height="28">
<text>
<par/>
</text></cell>
<cell topBorder="White" rightBorder="White" bottomBorder="White" width="186" height="28">
<text>
<par>
<line>O</line></par>
</text></cell>
<cell leftBorder="White" topBorder="White" rightBorder="White" bottomBorder="White" width="103" height="28">
<text>
<par/>
</text></cell>
<cell leftBorder="White" topBorder="White" rightBorder="White" bottomBorder="White" width="100" height="28">
<text>
<par>
<line>O</line></par>
</text></cell>
<cell leftBorder="White" topBorder="White" bottomBorder="White" width="245" height="28">
<text>
<par>
<line>O</line></par>
</text></cell></row>
<row>
<cell topBorder="White" bottomBorder="White" width="172" height="29">
<text>
<par/>
</text></cell>
<cell topBorder="White" rightBorder="White" bottomBorder="White" width="186" height="29">
<text>
<par/>
</text></cell>
<cell leftBorder="White" topBorder="White" rightBorder="White" bottomBorder="White" width="103" height="29">
<text>
<par>
<line>s</line></par>
</text></cell>
<cell leftBorder="White" topBorder="White" rightBorder="White" bottomBorder="White" width="100" height="29">
<text>
<par>
<line>?-H</line></par>
</text></cell>
<cell leftBorder="White" topBorder="White" bottomBorder="White" width="245" height="29">
<text>
<par>
<line>en</line></par>
</text></cell></row>
<row>
<cell topBorder="White" width="172" height="74">
<text>
<par/>
</text></cell>
<cell topBorder="White" rightBorder="White" width="186" height="74">
<text>
<par/>
</text></cell>
<cell leftBorder="White" topBorder="White" rightBorder="White" width="103" height="74">
<text>
<par>
<line>CNl</line></par>
</text></cell>
<cell leftBorder="White" topBorder="White" rightBorder="White" width="100" height="74">
<text>
<par>
<line>ymm^</line></par>
</text></cell>
<cell leftBorder="White" topBorder="White" width="245" height="74">
<text>
<par>
<line>(N</line></par>
</text></cell></row>
<row>
<cell bottomBorder="White" width="172" height="73">
<text>
<par/>
</text></cell>
<cell rightBorder="White" bottomBorder="White" width="186" height="73">
<text>
<par/>
</text></cell>
<cell leftBorder="White" rightBorder="White" bottomBorder="White" width="103" height="73">
<text>
<par>
<line>os</line></par>
</text></cell>
<cell leftBorder="White" rightBorder="White" bottomBorder="White" width="100" height="73">
<text>
<par>
<line>O</line></par>
</text></cell>
<cell leftBorder="White" bottomBorder="White" width="245" height="73">
<text>
<par/>
</text></cell></row>
<row>
<cell topBorder="White" bottomBorder="White" width="172" height="22">
<text>
<par/>
</text></cell>
<cell topBorder="White" rightBorder="White" bottomBorder="White" width="186" height="22">
<text>
<par>
<line>00</line></par>
</text></cell>
<cell leftBorder="White" topBorder="White" rightBorder="White" bottomBorder="White" width="103" height="22">
<text>
<par>
<line>OS</line></par>
</text></cell>
<cell leftBorder="White" topBorder="White" rightBorder="White" bottomBorder="White" width="100" height="22">
<text>
<par>
<line>O</line></par>
</text></cell>
<cell leftBorder="White" topBorder="White" bottomBorder="White" width="245" height="22">
<text>
<par>
<line>O</line></par>
</text></cell></row>
<row>
<cell topBorder="White" bottomBorder="White" width="172" height="22">
<text>
<par/>
</text></cell>
<cell topBorder="White" rightBorder="White" bottomBorder="White" width="186" height="22">
<text>
<par>
<line>a^</line></par>
</text></cell>
<cell leftBorder="White" topBorder="White" rightBorder="White" bottomBorder="White" width="103" height="22">
<text>
<par>
<line>os</line></par>
</text></cell>
<cell leftBorder="White" topBorder="White" rightBorder="White" bottomBorder="White" width="100" height="22">
<text>
<par>
<line>O</line></par>
</text></cell>
<cell leftBorder="White" topBorder="White" bottomBorder="White" width="245" height="22">
<text>
<par>
<line>O</line></par>
</text></cell></row>
<row>
<cell topBorder="White" bottomBorder="White" width="172" height="24">
<text>
<par>
<line>S5</line></par>
</text></cell>
<cell topBorder="White" rightBorder="White" bottomBorder="White" width="186" height="24">
<text>
<par/>
</text></cell>
<cell leftBorder="White" topBorder="White" rightBorder="White" bottomBorder="White" width="103" height="24">
<text>
<par/>
</text></cell>
<cell leftBorder="White" topBorder="White" rightBorder="White" bottomBorder="White" width="100" height="24">
<text>
<par>
<line>CN</line></par>
</text></cell>
<cell leftBorder="White" topBorder="White" bottomBorder="White" width="245" height="24">
<text>
<par>
<line>CN</line></par>
</text></cell></row>
<row>
<cell topBorder="White" bottomBorder="White" width="172" height="34">
<text>
<par>
<line>.fi</line></par>
</text></cell>
<cell topBorder="White" rightBorder="White" bottomBorder="White" width="186" height="34">
<text>
<par/>
</text></cell>
<cell leftBorder="White" topBorder="White" rightBorder="White" bottomBorder="White" width="103" height="34">
<text>
<par>
<line>?5</line></par>
</text></cell>
<cell leftBorder="White" topBorder="White" rightBorder="White" bottomBorder="White" width="100" height="34">
<text>
<par>
<line>wn</line></par>
</text></cell>
<cell leftBorder="White" topBorder="White" bottomBorder="White" width="245" height="34">
<text>
<par/>
</text></cell></row>
<row>
<cell topBorder="White" bottomBorder="White" width="172" height="30">
<text>
<par>
<line>'O</line></par>
</text></cell>
<cell topBorder="White" rightBorder="White" bottomBorder="White" width="186" height="30">
<text>
<par>
<line>O</line></par>
</text></cell>
<cell leftBorder="White" topBorder="White" rightBorder="White" bottomBorder="White" width="103" height="30">
<text>
<par>
<line>r-H</line></par>
</text></cell>
<cell leftBorder="White" topBorder="White" rightBorder="White" bottomBorder="White" width="100" height="30">
<text>
<par>
<line>O</line></par>
</text></cell>
<cell leftBorder="White" topBorder="White" bottomBorder="White" width="245" height="30">
<text>
<par>
<line>O</line></par>
</text></cell></row>
<row>
<cell topBorder="White" bottomBorder="White" width="172" height="27">
<text>
<par/>
</text></cell>
<cell topBorder="White" rightBorder="White" bottomBorder="White" width="186" height="27">
<text>
<par/>
</text></cell>
<cell leftBorder="White" topBorder="White" rightBorder="White" bottomBorder="White" width="103" height="27">
<text>
<par>
<line>in</line></par>
</text></cell>
<cell leftBorder="White" topBorder="White" rightBorder="White" bottomBorder="White" width="100" height="27">
<text>
<par/>
</text></cell>
<cell leftBorder="White" topBorder="White" bottomBorder="White" width="245" height="27">
<text>
<par>
<line>en</line></par>
</text></cell></row>
<row>
<cell topBorder="White" width="172" height="73">
<text>
<par/>
</text></cell>
<cell topBorder="White" rightBorder="White" width="186" height="73">
<text>
<par/>
</text></cell>
<cell leftBorder="White" topBorder="White" rightBorder="White" width="103" height="73">
<text>
<par>
<line>CN</line></par>
</text></cell>
<cell leftBorder="White" topBorder="White" rightBorder="White" width="100" height="73">
<text>
<par/>
</text></cell>
<cell leftBorder="White" topBorder="White" width="245" height="73">
<text>
<par>
<line>(N</line></par>
</text></cell></row>
<row>
<cell bottomBorder="White" width="172" height="106">
<text>
<par/>
</text></cell>
<cell rightBorder="White" bottomBorder="White" width="186" height="106">
<text>
<par>
<line>D</line></par>
</text></cell>
<cell leftBorder="White" rightBorder="White" bottomBorder="White" width="103" height="106">
<text>
<par/>
</text></cell>
<cell leftBorder="White" rightBorder="White" bottomBorder="White" width="100" height="106">
<text>
<par>
<line>&lt;D</line></par>
</text></cell>
<cell leftBorder="White" bottomBorder="White" width="245" height="106">
<text>
<par>
<line>D</line></par>
</text></cell></row>
<row>
<cell topBorder="White" bottomBorder="White" width="172" height="23">
<text>
<par/>
</text></cell>
<cell topBorder="White" rightBorder="White" bottomBorder="White" width="186" height="23">
<text>
<par>
<line>=s</line></par>
</text></cell>
<cell leftBorder="White" topBorder="White" rightBorder="White" bottomBorder="White" width="103" height="23">
<text>
<par/>
</text></cell>
<cell leftBorder="White" topBorder="White" rightBorder="White" bottomBorder="White" width="100" height="23">
<text>
<par>
<line>fi</line></par>
</text></cell>
<cell leftBorder="White" topBorder="White" bottomBorder="White" width="245" height="23">
<text>
<par>
<line>fi</line></par>
</text></cell></row>
<row>
<cell topBorder="White" bottomBorder="White" width="172" height="21">
<text>
<par/>
</text></cell>
<cell topBorder="White" rightBorder="White" bottomBorder="White" width="186" height="21">
<text>
<par>
<line>O</line></par>
</text></cell>
<cell leftBorder="White" topBorder="White" rightBorder="White" bottomBorder="White" width="103" height="21">
<text>
<par/>
</text></cell>
<cell leftBorder="White" topBorder="White" rightBorder="White" bottomBorder="White" width="100" height="21">
<text>
<par>
<line>O</line></par>
</text></cell>
<cell leftBorder="White" topBorder="White" bottomBorder="White" width="245" height="21">
<text>
<par>
<line>O</line></par>
</text></cell></row>
<row>
<cell topBorder="White" bottomBorder="White" width="172" height="29">
<text>
<par/>
</text></cell>
<cell topBorder="White" rightBorder="White" bottomBorder="White" width="186" height="29">
<text>
<par>
<line>fi&gt;</line></par>
</text></cell>
<cell leftBorder="White" topBorder="White" rightBorder="White" bottomBorder="White" width="103" height="29">
<text>
<par/>
</text></cell>
<cell leftBorder="White" topBorder="White" rightBorder="White" bottomBorder="White" width="100" height="29">
<text>
<par>
<line>X)</line></par>
</text></cell>
<cell leftBorder="White" topBorder="White" bottomBorder="White" width="245" height="29">
<text>
<par>
<line>X</line></par>
</text></cell></row>
<row>
<cell topBorder="White" bottomBorder="White" width="172" height="25">
<text>
<par/>
</text></cell>
<cell topBorder="White" rightBorder="White" bottomBorder="White" width="186" height="25">
<text>
<par>
<line>a&gt;</line></par>
</text></cell>
<cell leftBorder="White" topBorder="White" rightBorder="White" bottomBorder="White" width="103" height="25">
<text>
<par/>
</text></cell>
<cell leftBorder="White" topBorder="White" rightBorder="White" bottomBorder="White" width="100" height="25">
<text>
<par>
<line>CD</line></par>
</text></cell>
<cell leftBorder="White" topBorder="White" bottomBorder="White" width="245" height="25">
<text>
<par>
<line>D</line></par>
</text></cell></row>
<row>
<cell topBorder="White" bottomBorder="White" width="172" height="27">
<text>
<par>
<line>pfi</line></par>
</text></cell>
<cell topBorder="White" rightBorder="White" bottomBorder="White" width="186" height="27">
<text>
<par>
<line>T3</line></par>
</text></cell>
<cell leftBorder="White" topBorder="White" rightBorder="White" bottomBorder="White" width="103" height="27">
<text>
<par/>
</text></cell>
<cell leftBorder="White" topBorder="White" rightBorder="White" bottomBorder="White" width="100" height="27">
<text>
<par/>
</text></cell>
<cell leftBorder="White" topBorder="White" bottomBorder="White" width="245" height="27">
<text>
<par>
<line>-P</line></par>
</text></cell></row>
<row>
<cell topBorder="White" bottomBorder="White" width="172" height="24">
<text>
<par>
<line>a</line></par>
</text></cell>
<cell topBorder="White" rightBorder="White" bottomBorder="White" width="186" height="24">
<text>
<par>
<line>c/3</line></par>
</text></cell>
<cell leftBorder="White" topBorder="White" rightBorder="White" bottomBorder="White" width="103" height="24">
<text>
<par/>
</text></cell>
<cell leftBorder="White" topBorder="White" rightBorder="White" bottomBorder="White" width="100" height="24">
<text>
<par>
<line>î/3</line></par>
</text></cell>
<cell leftBorder="White" topBorder="White" bottomBorder="White" width="245" height="24">
<text>
<par>
<line>1/3</line></par>
</text></cell></row>
<row>
<cell topBorder="White" bottomBorder="White" width="172" height="20">
<text>
<par>
<line>O</line></par>
</text></cell>
<cell topBorder="White" rightBorder="White" bottomBorder="White" width="186" height="20">
<text>
<par>
<line>O</line></par>
</text></cell>
<cell leftBorder="White" topBorder="White" rightBorder="White" bottomBorder="White" width="103" height="20">
<text>
<par/>
</text></cell>
<cell leftBorder="White" topBorder="White" rightBorder="White" bottomBorder="White" width="100" height="20">
<text>
<par>
<line>O</line></par>
</text></cell>
<cell leftBorder="White" topBorder="White" bottomBorder="White" width="245" height="20">
<text>
<par>
<line>P</line></par>
</text></cell></row>
<row>
<cell topBorder="White" bottomBorder="White" width="172" height="24">
<text>
<par>
<line>;i&lt;</line></par>
</text></cell>
<cell topBorder="White" rightBorder="White" bottomBorder="White" width="186" height="24">
<text>
<par/>
</text></cell>
<cell leftBorder="White" topBorder="White" rightBorder="White" bottomBorder="White" width="103" height="24">
<text>
<par/>
</text></cell>
<cell leftBorder="White" topBorder="White" rightBorder="White" bottomBorder="White" width="100" height="24">
<text>
<par/>
</text></cell>
<cell leftBorder="White" topBorder="White" bottomBorder="White" width="245" height="24">
<text>
<par>
<line>&lt;(D</line></par>
</text></cell></row>
<row>
<cell topBorder="White" bottomBorder="White" width="172" height="31">
<text>
<par>
<line>:ti</line></par>
</text></cell>
<cell topBorder="White" rightBorder="White" bottomBorder="White" width="186" height="31">
<text>
<par>
<line>3</line></par>
</text></cell>
<cell leftBorder="White" topBorder="White" rightBorder="White" bottomBorder="White" width="103" height="31">
<text>
<par/>
</text></cell>
<cell leftBorder="White" topBorder="White" rightBorder="White" bottomBorder="White" width="100" height="31">
<text>
<par>
<line>fi</line></par>
</text></cell>
<cell leftBorder="White" topBorder="White" bottomBorder="White" width="245" height="31">
<text>
<par>
<line>3</line></par>
</text></cell></row>
<row>
<cell topBorder="White" bottomBorder="White" width="172" height="21">
<text>
<par>
<line>«</line></par>
</text></cell>
<cell topBorder="White" rightBorder="White" bottomBorder="White" width="186" height="21">
<text>
<par>
<line>O</line></par>
</text></cell>
<cell leftBorder="White" topBorder="White" rightBorder="White" bottomBorder="White" width="103" height="21">
<text>
<par/>
</text></cell>
<cell leftBorder="White" topBorder="White" rightBorder="White" bottomBorder="White" width="100" height="21">
<text>
<par>
<line>O</line></par>
</text></cell>
<cell leftBorder="White" topBorder="White" bottomBorder="White" width="245" height="21">
<text>
<par>
<line>O</line></par>
</text></cell></row>
<row>
<cell topBorder="White" bottomBorder="White" width="172" height="20">
<text>
<par>
<line>■*1^</line></par>
</text></cell>
<cell topBorder="White" rightBorder="White" bottomBorder="White" width="186" height="20">
<text>
<par>
<line>O</line></par>
</text></cell>
<cell leftBorder="White" topBorder="White" rightBorder="White" bottomBorder="White" width="103" height="20">
<text>
<par/>
</text></cell>
<cell leftBorder="White" topBorder="White" rightBorder="White" bottomBorder="White" width="100" height="20">
<text>
<par>
<line>O</line></par>
</text></cell>
<cell leftBorder="White" topBorder="White" bottomBorder="White" width="245" height="20">
<text>
<par>
<line>O</line></par>
</text></cell></row>
<row>
<cell topBorder="White" bottomBorder="White" width="172" height="23">
<text>
<par>
<line>«</line></par>
</text></cell>
<cell topBorder="White" rightBorder="White" bottomBorder="White" width="186" height="23">
<text>
<par/>
</text></cell>
<cell leftBorder="White" topBorder="White" rightBorder="White" bottomBorder="White" width="103" height="23">
<text>
<par/>
</text></cell>
<cell leftBorder="White" topBorder="White" rightBorder="White" bottomBorder="White" width="100" height="23">
<text>
<par/>
</text></cell>
<cell leftBorder="White" topBorder="White" bottomBorder="White" width="245" height="23">
<text>
<par/>
</text></cell></row>
<row>
<cell topBorder="White" bottomBorder="White" width="172" height="24">
<text>
<par>
<line>U</line></par>
</text></cell>
<cell topBorder="White" rightBorder="White" bottomBorder="White" width="186" height="24">
<text>
<par>
<line>(D</line></par>
</text></cell>
<cell leftBorder="White" topBorder="White" rightBorder="White" bottomBorder="White" width="103" height="24">
<text>
<par/>
</text></cell>
<cell leftBorder="White" topBorder="White" rightBorder="White" bottomBorder="White" width="100" height="24">
<text>
<par>
<line>O</line></par>
</text></cell>
<cell leftBorder="White" topBorder="White" bottomBorder="White" width="245" height="24">
<text>
<par>
<line>P</line></par>
</text></cell></row>
<row>
<cell topBorder="White" bottomBorder="White" width="172" height="23">
<text>
<par>
<line>4&gt;</line></par>
</text></cell>
<cell topBorder="White" rightBorder="White" bottomBorder="White" width="186" height="23">
<text>
<par>
<line>C/!3</line></par>
</text></cell>
<cell leftBorder="White" topBorder="White" rightBorder="White" bottomBorder="White" width="103" height="23">
<text>
<par/>
</text></cell>
<cell leftBorder="White" topBorder="White" rightBorder="White" bottomBorder="White" width="100" height="23">
<text>
<par>
<line>c/3</line></par>
</text></cell>
<cell leftBorder="White" topBorder="White" bottomBorder="White" width="245" height="23">
<text>
<par>
<line>c/3</line></par>
</text></cell></row>
<row>
<cell topBorder="White" bottomBorder="White" width="172" height="24">
<text>
<par/>
</text></cell>
<cell topBorder="White" rightBorder="White" bottomBorder="White" width="186" height="24">
<text>
<par>
<line>fi</line></par>
</text></cell>
<cell leftBorder="White" topBorder="White" rightBorder="White" bottomBorder="White" width="103" height="24">
<text>
<par/>
</text></cell>
<cell leftBorder="White" topBorder="White" rightBorder="White" bottomBorder="White" width="100" height="24">
<text>
<par>
<line>fi</line></par>
</text></cell>
<cell leftBorder="White" topBorder="White" bottomBorder="White" width="245" height="24">
<text>
<par>
<line>fi</line></par>
</text></cell></row>
<row>
<cell topBorder="White" bottomBorder="White" width="172" height="33">
<text>
<par/>
</text></cell>
<cell topBorder="White" rightBorder="White" bottomBorder="White" width="186" height="33">
<text>
<par>
<line>O</line></par>
</text></cell>
<cell leftBorder="White" topBorder="White" rightBorder="White" bottomBorder="White" width="103" height="33">
<text>
<par/>
</text></cell>
<cell leftBorder="White" topBorder="White" rightBorder="White" bottomBorder="White" width="100" height="33">
<text>
<par>
<line>P</line></par>
</text></cell>
<cell leftBorder="White" topBorder="White" bottomBorder="White" width="245" height="33">
<text>
<par>
<line>O</line></par>
</text></cell></row>
<row>
<cell topBorder="White" bottomBorder="White" width="172" height="30">
<text>
<par>
<line>a</line></par>
</text></cell>
<cell topBorder="White" rightBorder="White" bottomBorder="White" width="186" height="30">
<text>
<par>
<line>3</line></par>
</text></cell>
<cell leftBorder="White" topBorder="White" rightBorder="White" bottomBorder="White" width="103" height="30">
<text>
<par>
<line>O</line></par>
</text></cell>
<cell leftBorder="White" topBorder="White" rightBorder="White" bottomBorder="White" width="100" height="30">
<text>
<par>
<line>3</line></par>
</text></cell>
<cell leftBorder="White" topBorder="White" bottomBorder="White" width="245" height="30">
<text>
<par>
<line>"S</line></par>
</text></cell></row>
<row>
<cell topBorder="White" bottomBorder="White" width="172" height="48">
<text>
<par>
<line>-2^</line></par>
</text></cell>
<cell topBorder="White" rightBorder="White" bottomBorder="White" width="186" height="48">
<text>
<par>
<line>fi</line></par>
</text></cell>
<cell leftBorder="White" topBorder="White" rightBorder="White" bottomBorder="White" width="103" height="48">
<text>
<par>
<line>&lt;o</line></par>
<par>
<line>&amp;</line></par>
</text></cell>
<cell leftBorder="White" topBorder="White" rightBorder="White" bottomBorder="White" width="100" height="48">
<text>
<par>
<line>'P</line></par>
<par>
<line>fi</line></par>
</text></cell>
<cell leftBorder="White" topBorder="White" bottomBorder="White" width="245" height="48">
<text>
<par>
<line>•P</line></par>
<par>
<line>fi</line></par>
</text></cell></row>
<row>
<cell topBorder="White" bottomBorder="White" width="172" height="22">
<text>
<par/>
</text></cell>
<cell topBorder="White" rightBorder="White" bottomBorder="White" width="186" height="22">
<text>
<par>
<line>O</line></par>
</text></cell>
<cell leftBorder="White" topBorder="White" rightBorder="White" bottomBorder="White" width="103" height="22">
<text>
<par>
<line>s</line></par>
</text></cell>
<cell leftBorder="White" topBorder="White" rightBorder="White" bottomBorder="White" width="100" height="22">
<text>
<par>
<line>O</line></par>
</text></cell>
<cell leftBorder="White" topBorder="White" bottomBorder="White" width="245" height="22">
<text>
<par>
<line>O</line></par>
</text></cell></row>
<row>
<cell topBorder="White" bottomBorder="White" width="172" height="22">
<text>
<par/>
</text></cell>
<cell topBorder="White" rightBorder="White" bottomBorder="White" width="186" height="22">
<text>
<par>
<line>fi</line></par>
</text></cell>
<cell leftBorder="White" topBorder="White" rightBorder="White" bottomBorder="White" width="103" height="22">
<text>
<par>
<line>CD</line></par>
</text></cell>
<cell leftBorder="White" topBorder="White" rightBorder="White" bottomBorder="White" width="100" height="22">
<text>
<par>
<line>fi</line></par>
</text></cell>
<cell leftBorder="White" topBorder="White" bottomBorder="White" width="245" height="22">
<text>
<par>
<line>fi</line></par>
</text></cell></row>
<row>
<cell topBorder="White" bottomBorder="White" width="172" height="31">
<text>
<par/>
</text></cell>
<cell topBorder="White" rightBorder="White" bottomBorder="White" width="186" height="31">
<text>
<par/>
</text></cell>
<cell leftBorder="White" topBorder="White" rightBorder="White" bottomBorder="White" width="103" height="31">
<text>
<par>
<line>-^-&gt;</line></par>
</text></cell>
<cell leftBorder="White" topBorder="White" rightBorder="White" bottomBorder="White" width="100" height="31">
<text>
<par/>
</text></cell>
<cell leftBorder="White" topBorder="White" bottomBorder="White" width="245" height="31">
<text>
<par>
<line>• ^</line></par>
</text></cell></row>
<row>
<cell topBorder="White" width="172" height="101">
<text>
<par/>
</text></cell>
<cell topBorder="White" rightBorder="White" width="186" height="101">
<text>
<par>
<line>'</line></par>
</text></cell>
<cell leftBorder="White" topBorder="White" rightBorder="White" width="103" height="101">
<text>
<par>
<line>I</line></par>
</text></cell>
<cell leftBorder="White" topBorder="White" rightBorder="White" width="100" height="101">
<text>
<par>
<line>I</line></par>
</text></cell>
<cell leftBorder="White" topBorder="White" width="245" height="101">
<text>
<par>
<line>i</line></par>
</text></cell></row>
</block>
<block><region><rect/></region>
<text>
<par>
<line>3</line></par>
<par>
<line>I</line></par>
</text>
</block>


























</page>
<page width="1654" height="2339" resolution="200">
<block><region><rect/><rect/><rect/></region>
<text>
<par>
<line>litirrS^ • îgaîiTi - JraMTWît#</line></par>
<par>
<line>lÉWJSÜ^l FKANÇjMSg</line></par>
<par>
<line>PREFECTURE DE L’AISNE</line></par>
</text>
</block>
<block><region><rect/></region>
<text>
<par>
<line>Commune de FESTIEUX</line></par>
</text>
</block>
<block><region><rect/></region>
<text>
<par>
<line>Informations sur les risques naturels et technologiques majeurs</line></par>
<par>
<line>pour l'application des I, Il de l'article L 125-5 du code de l'environnement</line></par>
</text>
</block>
<block><region><rect/></region>
<text>
<par>
<line>1 . Annexe à l’arrêté préfectoraî</line></par>
</text>
</block>
<block><region><rect/></region>
<text>
<par>
<line>du</line></par>
</text>
</block>
<block><region><rect/></region>
<text>
<par>
<line>8 janvier 2009</line></par>
</text>
</block>
<block><region><rect/><rect/></region>
<text>
<par>
<line>2. Situation de la commune au regard d’un ou plusieurs plans de prévention de risqués naturels prévisibles [ PPRn</line>
<line>, La commurie estsituée dans le périrnètre d'un PPR n : ■ ll, , X,^ :non</line></par>
<par>
<line>Ldate</line></par>
</text>
</block>
<block><region><rect/></region>
<text>
<par>
<line>approuve</line></par>
</text>
</block>
<block><region><rect/></region>
<text>
<par>
<line>17 décembre 2008</line></par>
</text>
</block>
<block><region><rect/></region>
<text>
<par>
<line>aléa</line></par>
</text>
</block>
<block><region><rect/></region>
<text>
<par>
<line>Inondation</line></par>
</text>
</block>
<block><region><rect/></region>
<text>
<par>
<line>Coulées de boue</line></par>
</text>
</block>
<block><region><rect/></region>
<text>
<par>
<line>les documents de référence sont,:</line></par>
<par>
<line>- DDRM</line></par>
</text>
</block>
<block><region><rect/></region>
<text>
<par>
<line>Consultable sur Internet X</line></par>
</text>
</block>
<block><region><rect/></region>
<text>
<par>
<line>3. Situation de la commune au regard d’un plan de prévention de risques technologiques | PPR ! ]</line>
<line>V'Cacornmurïe esfsitüée dansJe périmètre d'un.PPR t,; .1. ■ , , , ,L,non:X</line></par>
</text>
</block>
<block><region><rect/></region>
<text>
<par>
<line>date</line></par>
</text>
</block>
<block><region><rect/></region>
<text>
<par>
<line>effet</line></par>
</text>
</block>
<block><region><rect/></region>
<text>
<par>
<line>Les documents de référencé sont :</line></par>
</text>
</block>
<block><region><rect/></region>
<text>
<par>
<line>:Gonsultc!ble:sur tntemet^</line></par>
</text>
</block>
<block><region><rect/></region>
<text>
<par>
<line>4. Situation de la commune au regard du zonagè régiementaire pour la prise en compte de la sismicifé:</line></par>
<par>
<line>en appiicatipn du décrel91-46 i du 14 mai 199:1 modifié relatif à la prévention du ,risque, sismique \</line></par>
</text>
</block>
<block><region><rect/></region>
<text>
<par>
<line>La commune est .située .dans une zone de sîsmidté ■ ; zone la. zonelb' .zone H zone II</line></par>
</text>
</block>
<block><region><rect/></region>
<text>
<par>
<line>5. Cartographie</line></par>
<par>
<line>extraits de'documents oü de dossiers permettant loJoçalîsation des immeubies au regard des risques pris,en compte</line></par>
</text>
</block>
<block><region><rect/></region>
<text>
<par>
<line>non X</line></par>
</text>
</block>
<block><region><rect/></region>
<text>
<par>
<line>PPR CONSULTABLE EN MAIRIE, A LA PREFECTURE OU A LA DDE</line></par>
</text>
</block>
<block><region><rect/></region>
<text>
<par>
<line>Date d'élaboration de la présente fiche 8 janvier 2009</line></par>
</text>
</block>



















































</page>
<page width="1654" height="2339" resolution="200">
<block><region><rect/></region>
<text>
<par>
<line>Plan de Prévention des Risques</line>
<line>Inondations et Coulées de Boue</line></par>
</text>
</block>
<block><region><rect/></region>
<text>
<par>
<line>Commune de Festieux</line></par>
</text>
</block>
<block><region><rect/></region>
<text>
<par/>
</text>
</block>
<block><region><rect/></region>
<text>
<par/>
</text>
</block>
<block><region><rect/></region>
<text>
<par/>
</text>
</block>
<block><region><rect/></region>
<text>
<par/>
</text>
</block>
<block><region><rect/></region>
<text>
<par>
<line>cT</line></par>
</text>
</block>
<block><region><rect/></region>
<text>
<par>
<line>11 i '</line></par>
</text>
</block>
<block><region><rect/></region>
<text>
<par>
<line>Règlement</line></par>
</text>
</block>
<block><region><rect/><rect/><rect/></region>
<text>
<par>
<line>Va ^</line></par>
<par>
<line>i OXXÊ fé J</line></par>
<par>
<line>pour ^""■''' CM Vi ^.C.</line></par>
<par>
<line>LS</line></par>
</text>
</block>
<block><region><rect/></region>
<text>
<par>
<line>lifcffff « Égalilè • Frattmiié</line></par>
<par>
<line>Républiclue Française</line>
<line>PRIiFECTURF DE L'AISNE</line></par>
<par>
<line>directiesdéparteineRtale</line></par>
<par>
<line>derEquipenient</line></par>
</text>
</block>
<block><region><rect/></region>
<text>
<par/>
</text>
</block>
<block><region><rect/></region>
<text>
<par>
<line>P</line></par>
</text>
</block>
<block><region><rect/></region>
<text>
<par>
<line>^1 7 Btl-</line></par>
</text>
</block>







<block blockType="Picture" blockName="" l="108" t="84" r="340" b="269"><region><rect/></region>
</block>
<block blockType="Picture" blockName="" l="719" t="1940" r="771" b="1990"><region><rect/></region>
</block>
<block blockType="Picture" blockName="" l="473" t="1083" r="1118" b="1397"><region><rect/></region>
</block>
</page>
<page width="1663" height="2346" resolution="200">
<block><region><rect/></region>
<text>
<par>
<line>SOMMAIRE</line></par>
</text>
</block>
<block><region><rect/></region>
<text>
<par>
<line>ARTICLE 1 - PORTÉE DU RÈGLEMENT ET DISPOSITIONS GÉNÉRALES.2</line></par>
<par>
<line>1.1 - Champ D’APPLICATION.2</line></par>
<par>
<line>1.2 - Objet des mesures de prévention. 2</line></par>
<par>
<line>1.3-' Adéquation avec le SD AGE et autres réglementations.2</line></par>
<par>
<line>1.4 - Effets DU Ppr.3</line></par>
<par>
<line>1.5 - Révision du Ppr.3</line></par>
<par>
<line>1.6- Division DU territoire EN ZONES.:.4</line></par>
<par>
<line>1.7 - Procédures d’alerte.4</line></par>
<par>
<line>ARTICLE 2 - DISPOSITIONS APPLICABLES EN ZONE ROUGE.5</line></par>
<par>
<line>2.1 - Interdictions.5</line></par>
<par>
<line>2.2 - Autorisations sous conditions.  7</line></par>
<par>
<line>ARTICLE 3 - DISPOSITIONS APPLICABLES EN ZONE BLEUE.9</line></par>
<par>
<line>3.1 - Interdictions.9</line></par>
<par>
<line>3.2 - Autorisations sous condition.10</line></par>
<par>
<line>ARTICLE 4 - DISPOSITIONS APPLICABLES EN ZONE MARRON.12</line></par>
<par>
<line>4.1- Interdictions.12</line></par>
<par>
<line>4.2 - Autorisations sous condition.13</line></par>
<par>
<line>ARTICLE 5 - PRESCRIPTIONS ET MESURES OBLIGATOIRES POUR LE BÂTI EXISTANT.15</line></par>
<par>
<line>ARTICLE 6 - RECOMMANDATIONS APPLICABLES AUX BIENS EXISTANTS.16</line></par>
<par>
<line>ARTICLE 7 - DISPOSITIONS SPÉCIFIQUES À LA ZONE BLANCHE.17</line></par>
</text>
</block>
<block><region><rect/></region>
<text>
<par>
<line>Ppr inondations et coulées de boue - FESTiEUX - règlement</line></par>
<par>
<line>Juin 2008 1/1</line></par>
</text>
</block>























</page>
<page width="1654" height="2339" resolution="200">
<block><region><rect/></region>
<text>
<par>
<line>Article 1 - Portée du règlement et dispositions générales</line></par>
</text>
</block>
<block><region><rect/></region>
<text>
<par>
<line>1.1- Champ d’application</line></par>
<par>
<line>Le présent règlement s'applique à la commune de Festieux, définie dans Farrêté préfectoral du 13</line>
<line>septembre 2004, prescrivant l’établissement d’un plan de prévention des risques (PPR) naturels,</line>
<line>inondations et coulées de boue.</line></par>
<par>
<line>Conformément à l’article L562-1 du code de l’environnement, ce règlement définit les mesures de</line>
<line>prévention, de protection et de sauvegarde qui doivent être prises par les collectivités publiques dans le</line>
<line>cadre do leurs compétences, ainsi que celles qui incombent aux particuliers.</line></par>
<par>
<line>Ces dispositions s’appliquent aux biens et activités existants, ainsi qu’à l’implantation de toutes</line>
<line>constructions ou installations nouvelles, à l’exécution de tous travaux et à l’exercice de toutes activités,</line>
<line>sans préjudice de l’application des autres législations ou réglementations en vigueur.</line></par>
</text>
</block>
<block><region><rect/></region>
<text>
<par>
<line>1.2- Objet des mesures de prévention</line></par>
<par>
<line>Selon les textes réglementaires, le PPR a vocation à :</line></par>
<par>
<line>O interdire les implantations humaines dans les zones les plus dangereuses où, quels que soient</line>
<line>les aménagements réalisés, la sécurité des personnes et des biens ne peut être garantie</line>
<line>intégralement, et les limiter dans les autres zones inondables ;</line></par>
<par>
<line>O préserver les capacités d'écoulement et d'expansion des crues pour ne pas aggraver les risques</line>
<line>pour les zones situées en amont ou en aval, ce qui implique, entre autres, d'éviter tout</line>
<line>endiguement ou remblaiement nouveau qui ne serait pas justifié par la protection de lieux</line>
<line>fortement urbanisés.</line></par>
</text>
</block>
<block><region><rect/></region>
<text>
<par>
<line>A ce titre les mesures de prévention définies ci-après, destinées notamment à limiter les dommages sur les</line>
<line>biens et activités existants et à éviter un accroissement des dommages dans le futur, consistent :</line></par>
<par>
<line>O soit en des interdictions relatives à l’occupation des sols, afin de ne pas augmenter (ou créer) la</line>
<line>vulnérabilité des biens et personnes, et afin de préserver les champs d'expansion des crues</line>
<line>encore indemnes de toute urbanisation ;</line></par>
<par>
<line>O soit en des mesures destinées à minimiser les dommages.</line></par>
</text>
</block>
<block><region><rect/></region>
<text>
<par>
<line>1,3- Adéquation avec le SDAGE et autres réglementations</line></par>
<par>
<line>Les dispositions instaurées par le présent règlement s’appuient sur le schéma directeur d’aménagement</line>
<line>et de gestion des eaux (Sdage) du bassin Seine-Normandie, approuvé le 20 septembre 1996, et plus</line>
<line>particulièrement sur les orientations suivantes :</line></par>
<par>
<line>O protéger les personnes et les biens ;</line></par>
<par>
<line>O ne plus implanter dans les zones inondables des activités ou des constructions susceptibles de</line>
<line>subir des dommages graves ;</line></par>
<par>
<line>O assurer une occupation du territoire qui permette la conservation des zones naturelles</line>
<line>d’expansion des crues ;</line></par>
<par>
<line>O assurer la cohérence des actions de prévention et de protection contre les inondations à</line>
<line>l’échelle du bassin versant.</line></par>
</text>
</block>
<block><region><rect/></region>
<text>
<par>
<line>Ppr inondations et coulées de boue - FESTIEUX - règlement</line></par>
<par>
<line>Juin 2008</line></par>
</text>
</block>
<block><region><rect/></region>
<text>
<par>
<line>2/17</line></par>
</text>
</block>

</page>
<page width="1654" height="2339" resolution="200">
<block><region><rect/></region>
<text>
<par>
<line>Les dispositions instaurées par le présent règlement n’empêchent pas l’application de celles de l’article</line>
<line>L2224-10 du code général des collectivités territoriales, de la loi sur l’eau, ou de la loi relative au</line>
<line>développement des territoires ruraux, et plus particulièrement celles concernant :</line></par>
<par>
<line>O la maîtrise de l’imperméabilisation des sois ;</line></par>
<par>
<line>O la maîtrise du ruissellement, en milieu urbain comme en milieu agricole ;</line></par>
<par>
<line>O le maintien des zones humides.</line></par>
</text>
</block>
<block><region><rect/></region>
<text>
<par>
<line>1.4- Effets du PPR</line></par>
<par>
<line>Le Ppr vaut servitude d’utilité publique. A ce titre, il doit être annexé par arrêté municipal aux plans</line>
<line>locaux d’urbanisme (PLU) dans un délai de trois mois à compter de la date d’effet du PPR (soit à l’issue de</line>
<line>la dernière des mesures de publicité de son approbation) conformément aux articles L126-1 et R126-1 du</line>
<line>code ded’urbanisme. A défaut le préfet se substitue au maire et dispose alors d’un délai d’un an.</line></par>
<par>
<line>Dans tous les cas, les documents d’urbanisme devront être rendus cohérents avec les dispositions du PPR</line>
<line>lors de la première révision suivant l’annexion.</line></par>
<par>
<line>La nature et les conditions d’exécution des mesures de prévention précisées pour l’application du présent</line>
<line>règlement sont définies et mises en œuvre sous la responsabilité du maître d’ouvrage et du maître d’œuvre</line>
<line>concernés par les constructions, travaux et installations visés. Ceux-ci sont également tenus d’assurer les</line>
<line>opérations de gestion et d’entretien nécessaires pour maintenir la pleine efficacité de ces mesures.</line></par>
<par>
<line>Conformément à l’article R562-5 du code de l’Environnement, le PPR n’interdit pas les travaux</line>
<line>d’entretien et de gestion courants des bâtiments implantés antérieurement à son approbation, sauf s’ils</line>
<line>augmentent les risques, en créent de nouveaux ou conduisent à une augmentation notable de la population</line>
<line>exposée.</line></par>
<par>
<line>Les prescriptions du PPR concernant les biens existant antérieurement à la publication de l’acte</line>
<line>l’approuvant ne portent que sur des aménagements limités, liés avant tout à la sécurité publique. Le coût</line>
<line>de ces prescriptions reste inférieur au seuil fixé par l’article R562-5 du code de l’Environnement (seuil de</line>
<line>10% de la valeur vénale ou estimée des biens concernés à la date d’approbation du plan).</line></par>
<par>
<line>Conformément à l’article R562-5 du code de l’Environnement, les prescriptions sur les biens existants</line>
<line>devront être exécutées dans un délai de 5 ans après approbation du plan.</line></par>
<par>
<line>L’article L562-5 du code de l’environnement précise que le fait de construire ou d’aménager un terrain</line>
<line>dans une zone interdite par un PPR approuvé ou de ne pas respecter les conditions de réalisation,</line>
<line>d’utilisation ou d’exploitation prescrites par ce plan est puni par des peines prévues à l’article L480-4 du</line>
<line>code de l’urbanisme.</line></par>
<par>
<line>Enfin, en cas de non-respect du PPR, les modalités de couverture par les assurances des sinistres liés aux</line>
<line>catastrophes naturelles peuvent être modifiées.</line></par>
</text>
</block>
<block><region><rect/></region>
<text>
<par>
<line>1.5“ Révision du PPR</line></par>
<par>
<line>Le Ppr pourra être révisé selon la même procédure que son élaboration initiale, conformément aux</line>
<line>dispositions de l’article R562-10 du code de l’Environnement. Lorsque la révision n’est que partielle, les</line>
<line>consultations et l’enquête publique ne sont efiectuées que dans les communes concernées par les</line>
<line>modifications.</line></par>
</text>
</block>
<block><region><rect/></region>
<text>
<par>
<line>Ppr inondations et coulées de boue - FESTiEUX - règlement</line></par>
<par>
<line>Juin 2008</line></par>
</text>
</block>
<block><region><rect/></region>
<text>
<par>
<line>3/17</line></par>
</text>
</block>




</page>
<page width="1668" height="2349" resolution="200">
<block><region><rect/></region>
<text>
<par>
<line>1.6- Bivisioîi du territoire en zones</line></par>
<par>
<line>Le territoire inclus dans le périmètre du PPR est réglementé selon quatre zones :</line></par>
<par>
<line>- Une zone «rouge»</line></par>
<par>
<line>Il S'agit d’une zone soumise à des aléas forts.</line></par>
<par>
<line>Elle inclut les zones les plus exposées aux inondations, où les inondations exceptionnelles sont</line>
<line>redoutables en raison de l‘urbanisation et de l’intensité de certains paramètres physiques (hauteur d’eau,</line>
<line>durée de submersion). Elle comprend aussi les champs d’expansion des crues.</line></par>
<par>
<line>Elle inclut également les zones, urbanisées ou non, les plus exposées aux risques de ruissellement et</line>
<line>coulées boueuses</line></par>
<par>
<line>- Une zone «bleue»</line></par>
<par>
<line>Elle inclut les secteurs urbanisés ou non, situés dans les zones de versant à pentes moyennes soumises aux</line>
<line>risques modérés ruissellement et coulées de boue. Elle inclut également les zones présentant une</line>
<line>hydromorphie susceptible d’affecter les constructions.</line></par>
<par>
<line>- Une zone « marron »</line></par>
<par>
<line>C’est un secteur non soumis aux aléas étudiés mais qui contribue à lutter contre ceux-ci. Il s’agit donc</line>
<line>d’une zone qui va limiter les phénomènes en régulant les cours d’eau (zones humides) ou en limitant les</line>
<line>ruissellements (boisements versants).</line></par>
<par>
<line>- Une zone «blanche»</line></par>
<par>
<line>Elle peut être bâtie ou non bâtie, et n’est pas considérée comme exposée aux inondations ou aux coulées</line>
<line>de boue. Cependant, quelques dispositions doivent y être respectées, notamment au titre de sa proximité</line>
<line>avec les autres zones.</line></par>
<par>
<line>La zone blanche concerne par défaut les terrains n’appartenant pas aux autres zones.</line></par>
<par>
<line>Compte tenu du caractère essentiellement rural de la plupart des communes du périmètre du PPR, les</line>
<line>documents graphiques sont établis à l'échelle du 1/lOOOOème.</line></par>
</text>
</block>
<block><region><rect/></region>
<text>
<par>
<line>1.7- Procédures d’alerte</line></par>
<par>
<line>Les phénomènes d’inondation sont très rapides, il n’y a donc pas de procédure d’alerte, mis à part les</line>
<line>alertes émises par Météo France.</line></par>
</text>
</block>
<block><region><rect/></region>
<text>
<par>
<line>Ppr inondations et coulées de boue - FESTIEUX - règlement</line></par>
<par>
<line>Juin 2008</line></par>
</text>
</block>
<block><region><rect/></region>
<text>
<par>
<line>4/17</line></par>
</text>
</block>








</page>
<page width="1654" height="2339" resolution="200">
<block><region><rect/></region>
<text>
<par>
<line>Article 2 - Dispositions applicables en zone rouge</line></par>
</text>
</block>
<block blockType="Table" blockName="" l="200" t="378" r="1518" b="567"><region><rect/></region>
<row>
<cell width="148" height="39">
<text>
<par>
<line>Article</line></par>
</text></cell>
<cell width="588" height="39">
<text>
<par>
<line>Intitulé des dispositions</line></par>
</text></cell>
<cell width="582" height="39">
<text>
<par>
<line>Observations</line></par>
</text></cell></row>
<row>
<cell width="148" height="74">
<text>
<par>
<line>2.1</line></par>
</text></cell>
<cell width="588" height="74">
<text>
<par>
<line>Interdictions</line></par>
</text></cell>
<cell width="582" height="74">
<text>
<par>
<line>A l’exception des travaux ou occupations du</line>
<line>sol visés à l’article 2.2</line></par>
</text></cell></row>
<row>
<cell width="148" height="76">
<text>
<par>
<line>2.2</line></par>
</text></cell>
<cell width="588" height="76">
<text>
<par>
<line>Autorisations sous conditions</line></par>
</text></cell>
<cell width="582" height="76">
<text>
<par>
<line>Sous réserve des prescriptions visées à</line>
<line>l’article 5</line></par>
</text></cell></row>
</block>
<block><region><rect/></region>
<text>
<par>
<line>La zone rouge recouvre les zones urbanisées particulièrement exposées où les inondations exceptionnelles</line>
<line>sont redoutables en raison de l'intensité des paramètres physiques (hauteur d'eau, durée de submersion).</line>
<line>Ces inondations sont extrêmement rapides, ce qui conduit à adopter des mesures spécifiques. Cette zone</line>
<line>comprend également les champs d’expansion des crues qui jouent un rôle important dans le stockage et</line>
<line>l’écoulement de celles-ci.</line></par>
<par>
<line>De plus, la zone rouge recouvre les zones, urbanisées ou non, les plus exposées aux risques de</line>
<line>ruissellement et de coulées de boue.</line></par>
<par>
<line>II serait donc dangereux d’y permettre l’implantation de nouveaux biens ou de nouvelles activités.</line></par>
</text>
</block>
<block><region><rect/></region>
<text>
<par>
<line>2.1■■ Interdictions</line></par>
<par>
<line>A rexception des travaux ou occupations du sol visés à Tarticle 2.2. sont interdits :</line></par>
</text>
</block>
<block><region><rect/></region>
<text>
<par>
<line>1- Toutes nouvelles constructions soumises à permis de construire ou à déclaration préalable ou faisant</line>
<line>l’objet d’un permis d’aménager au titre du code de l'urbanisme, à l’exception des cas prévus à l’article 2.2.</line></par>
<par>
<line>2- Toute nouvelle ouverture en cave ou sous-sol, susceptible d’augmenter la vulnérabilité des biens et des</line>
<line>personnes et tout aménagement à des fins de pièces habitables</line></par>
<par>
<line>3- Tout nouveau parc résidentiel de loisirs, tout nouveau terrain de camping, toute aire naturelle et tout</line>
<line>nouvel emplacement « loisirs » dans les parcs résidentiels de loisirs et terrains de camping déjà existants ;</line>
<line>en cas de sinistre (quel qu’il soit), la reconstruction des habitations légères de loisirs et le remplacement</line>
<line>des mobil-homes sont interdits.</line></par>
<par>
<line>4- Les aires d’accueil et de grand passage des gens du voyage.</line></par>
<par>
<line>5- Le stationnement des caravanes et des résidences mobiles de loisirs, autre que sur les terrains aménagés</line>
<line>et autorisés avant la date d’approbation du PPR ou sur le terrain où est implantée la construction</line>
<line>constituant la résidence de l’utilisateur.</line></par>
<par>
<line>6- Les remblais, exhaussements du sol, et digues, quel qu’en soit le volume, à l'exception des travaux visés</line>
<line>à l'article 2.2-7.</line></par>
<par>
<line>7- Les nouvelles installations classées pour l’environnement, sauf celles liées à un renouvellement de</line>
<line>l’activité préexistante, et à l’exception des carrières dont l’ouverture est réglementée par l’article 2.2-10.</line></par>
<par>
<line>8- Tout nouveau stockage de produits polluants ou dangereux, quel qu’en soit le volume.</line></par>
</text>
</block>
<block><region><rect/></region>
<text>
<par>
<line>Ppr inondations et coulées de boue - FESTIEUX - règiemenî</line></par>
<par>
<line>Juin 2008</line></par>
</text>
</block>
<block><region><rect/></region>
<text>
<par>
<line>5/17</line></par>
</text>
</block>









</page>
<page width="1654" height="2339" resolution="200">
<block><region><rect/></region>
<text>
<par>
<line>9- Tout dépôt ou stockage de produits et de matériaux non polluants ou non dangereux susceptibles d'être</line>
<line>entraînés par les eaux, à l’exception du stockage du bois de chauffage pour particuliers, dans la limite de</line>
<line>20m^et à proximité du bâti.</line></par>
<par>
<line>10- Toute reconstruction après destruction totale ou partielle d’un bâtiment isolé causée par un des</line>
<line>phénomènes naturels étudiés, à l’exception des reconstructions possibles visées à l’article 2.2-4.</line></par>
<par>
<line>11- Toute excavation et toute création de plan d’eau, quel qu’en soit le volume, à l’exception des carrières</line>
<line>dans les conditions visées par l’article 2.2-10 et des travaux visés à l’article 2.2-7 ;</line></par>
<par>
<line>12- Toute clôture susceptible de modifier notablement les écoulements et réduire l’expansion des crues ;</line></par>
<par>
<line>13- Tout défrichement supérieur à un hectare.</line></par>
<par>
<line>14- Toute technique d’assainissement autonome, sauf pour le bâti préexistant n’ayant possibilité de</line>
<line>raccordement à un réseau collectif</line></par>
</text>
</block>
<block><region><rect/></region>
<text>
<par>
<line>Ppr inondations et coulées de boue - FESTIEUX - règlement</line></par>
<par>
<line>Juin 2008</line></par>
</text>
</block>
<block><region><rect/></region>
<text>
<par>
<line>6/17</line></par>
</text>
</block>













</page>
<page width="1681" height="2358" resolution="200">
<block><region><rect/></region>
<text>
<par>
<line>2.2- Autorisations sous conditions</line></par>
</text>
</block>
<block><region><rect/></region>
<text>
<par>
<line>Sous réserve des prescriptions visées à Varticle 5. sont autorisés :</line></par>
</text>
</block>
<block><region><rect/></region>
<text>
<par>
<line>1- Les travaux d’entretien et de gestion courants des biens et activités existants, notamment les</line>
<line>aménagements internes, les traitements de façade et la réfection des toitures, à condition de ne pas</line>
<line>augmenter les risques ou d'en créer de nouveaux, de suivre les prescriptions de Particle 2.2-6 et sous</line>
<line>réserve de ne pas augmenter notablement la population exposée.</line></par>
<par>
<line>2- L’aménagement et les changements d'affectation des biens et constructions existants, et les extensions</line>
<line>limitées à 20 m^ strictement nécessaires à des mises aux normes d’habitabilité ou de sécurité sous les</line>
<line>conditions suivantes :</line></par>
<par>
<line>O ne pas aggraver le risque d'inondation ;</line></par>
<par>
<line>O ne pas créer de nouvelles surfaces habitables susceptibles d’être inondable;</line></par>
<par>
<line>O ne pas augmenter notablement la population exposée ;</line></par>
<par>
<line>O ne pas augmenter les risques de nuisances ou de pollution ;</line></par>
<par>
<line>O de suivre les prescriptions de l’article 2.2-6.</line></par>
<par>
<line>3- La reconstruction après sinistre d’un bâtiment, à condition :</line></par>
<par>
<line>O de caler le niveau du plancher à 50 cm au-dessus du terrain naturel par construction sur</line>
<line>merlon, vide sanitaire inondable, ou pilotis, sauf dans le cas de prescription contraire (imposée</line>
<line>par les services de l’Etat compétents) liée aux effets d’une servitude d’inscription des</line>
<line>monuments historiques inscrits ou classés ;</line></par>
<par>
<line>O de ne pas augmenter la surface hors œuvre brute ni la surface hors œuvre nette ;</line></par>
<par>
<line>O de suivre les prescriptions de l’article 2.2-6.</line></par>
<par>
<line>4- La reconstruction des édifices présentant un caractère patrimonial ou architectural certain (classement</line>
<line>ou inscription à l’inventaire des monuments historiques,...) sous réserve :</line></par>
<par>
<line>O de réduire la vulnérabilité des biens et des personnes ;</line></par>
<par>
<line>O de ne pas augmenter la surface hors œuvre brute ni la surface hors œuvre nette ;</line></par>
<par>
<line>O de suivre les prescriptions de l’article 2.2-6.</line></par>
<par>
<line>5' Les constructions et extensions de bâtiments directement liées aux mises aux normes d’exploitations</line>
<line>agricoles existantes et sous réserve que leur implantation ne puisse se faire techniquement dans une zone</line>
<line>moins dangereuse, que leur vulnérabilité et leur impact sur les crues soient minimisées et que les</line>
<line>prescriptions de l’article 2.2-6 soient respectées.</line></par>
<par>
<line>6- Les matériaux susceptibles d’être atteints par les eaux devront garder leur aptitude à l’emploi :</line></par>
<par>
<line>O traitement anti-corrosion des parties métalliques ;</line></par>
<par>
<line>O pas de liants à base de plâtre ;</line></par>
<par>
<line>O pas de revêtement de sols ou de murs sensibles à l’humidité ;</line></par>
<par>
<line>O matériaux hydrofuges pour l’isolation ;</line></par>
<par>
<line>O résistance à des affouillements, tassements, ou érosions localisées.</line></par>
<par>
<line>7- Les travaux et installations destinés à réduire les conséquences du risque d'inondation pom' les</line>
<line>bâtiments existants, ou destinés à réduire les conséquences du risque d’inondation à l’échelle du bassin</line>
<line>versant (par exemple digues, bassins de rétention,...), sous réserve :</line></par>
<par>
<line>O d’une justification technique (notamment mesure de l’impact hydraulique) et économique du</line>
<line>projet ;</line></par>
<par>
<line>O de la mise en oeuvre de mesures compensatoires si nécessaire ;</line></par>
</text>
</block>
<block><region><rect/></region>
<text>
<par>
<line>PPR inondations et coûtées de boue - FESTIEUX - règlement</line></par>
<par>
<line>Juin 2008</line></par>
</text>
</block>
<block><region><rect/></region>
<text>
<par>
<line>7/17</line></par>
</text>
</block>










</page>
<page width="1685" height="2360" resolution="200">
<block><region><rect/></region>
<text>
<par>
<line>O que le projet soit porté par une collectivité compétente, qui en assurera la mise en place et la</line>
<line>gestion ;</line></par>
<par>
<line>O que le projet respecte les réglementations en vigueur.</line></par>
<par>
<line>8-Les travaux de construction ou d’aménagement d'infrastructures de transport (routières, ferroviaires,</line>
<line>fluviales), et les installations nécessaires à leur fonctionnement, sous réserve que ces travaux ne</line>
<line>conduisent pas à une augmentation du risque d'inondation en amont ou en aval (hausse de la ligne d'eau,</line>
<line>perte de capacité de stockage), qu’ils prennent en compte les impératifs de l’écoulement des crues, et que</line>
<line>ces travaux fassent l'objet de mesures compensatoires le cas échéant</line></par>
<par>
<line>9' Les nouvelles constructions, l’extension et l’aménagement de celles existantes et les infrastructures</line>
<line>d'intérêt général, liées à l’acheminement et au traitement des eaux usées, ainsi qu’au captage et à la</line>
<line>distribution de l’eau potable, à condition qu’il n’y ait pas d’alternative technique et/ou financière</line>
<line>satisfaissmte, et sous réserve de :</line></par>
<par>
<line>O prendre toutes dispositions pour supprimer tout risque de pollution en période de crue ;</line></par>
<par>
<line>O minimiser l'impact sur l'écoulement en période de crues ;</line></par>
<par>
<line>O rétablir le volume des champs d'expansion des crues, amputé par les travaux.</line></par>
<par>
<line>10- Les réseaux techniques d’intérêt général de transport de l’énergie (électricité, gaz) et téléphoniques, à</line>
<line>condition de les rendre non vulnérables aux inondations (isoler les réseaux pouvant être immergés, mettre</line>
<line>hors d’eau les armoires téléphoniques, les installations de radiotéléphonie, les transformateurs électriques,</line>
<line>ou tout matériel sensible, les équiper d’une mise hors service automatique) et de minimiser leur impact sur</line>
<line>l’écoulement des eaux.</line></par>
<par>
<line>11- L’ouverture de nouvelles canières, à condition :</line></par>
<par>
<line>O de démontrer la non-aggravation du risque inondation en amont et en aval ;</line></par>
<par>
<line>O de ne réaliser aucun endiguement ;</line></par>
<par>
<line>O de démontrer qu’il n’y a aucun risque de capture du cours d’eau ;</line></par>
<par>
<line>O que les matériaux de découverte soient au minimum disposés en merlons parallèles au sens</line>
<line>d’écoulement des eaux, voire évacués ;</line></par>
<par>
<line>O que les matériaux exploités soient évacués au fur et à mesure de leur extraction, ou du moins</line>
<line>ne contreviennent pas à l’article 2.1-9</line></par>
<par>
<line>O que l’aménagement final minimise l’impact sur l’écoulement des eaux, voire contribue à</line>
<line>limiter les inondations.</line></par>
<par>
<line>12- Les fouilles à titre archéologique dans la mesure où elles sont réalisées de manière à minimiser</line>
<line>d’éventuelles perturbations de l’écoulement des eaux.</line></par>
<par>
<line>13- La plantation et l’exploitation de bois, forêts, ou haies, à condition de limiter autant que possible la</line>
<line>création d’embâcles en recépant les arbres penchés ou déracinés en bordure de cours d’eau et en retirant</line>
<line>les grosses branches et troncs qui seraient tombés à proximité ou dans le cours d’eau.</line></par>
</text>
</block>
<block><region><rect/></region>
<text>
<par>
<line>PPR inondations et coulées de boue - FESTIEUX - règlement</line></par>
<par>
<line>Juin 2008</line></par>
</text>
</block>
<block><region><rect/></region>
<text>
<par>
<line>8/17</line></par>
</text>
</block>







</page>
<page width="1688" height="2363" resolution="200">
<block><region><rect/></region>
<text>
<par>
<line>Article 3 - Dispositions applicables en zone bleue</line></par>
</text>
</block>
<block blockType="Table" blockName="" l="200" t="365" r="1518" b="555"><region><rect/></region>
<row>
<cell width="149" height="39">
<text>
<par>
<line>Article</line></par>
</text></cell>
<cell width="589" height="39">
<text>
<par>
<line>Intitulé des dispositions</line></par>
</text></cell>
<cell width="580" height="39">
<text>
<par>
<line>Observations</line></par>
</text></cell></row>
<row>
<cell width="149" height="74">
<text>
<par>
<line>3.1</line></par>
</text></cell>
<cell width="589" height="74">
<text>
<par>
<line>Interdictions</line></par>
</text></cell>
<cell width="580" height="74">
<text>
<par>
<line>A l’exception des travaux ou occupations du</line>
<line>sol visés à Tarticle 3.2</line></par>
</text></cell></row>
<row>
<cell width="149" height="77">
<text>
<par>
<line>3.2</line></par>
</text></cell>
<cell width="589" height="77">
<text>
<par>
<line>Autorisations sous conditions</line></par>
</text></cell>
<cell width="580" height="77">
<text>
<par>
<line>Sous réserve des prescriptions visées à</line>
<line>Tarticle 5</line></par>
</text></cell></row>
</block>
<block><region><rect/></region>
<text>
<par>
<line>La zone bleue inclut les secteurs urbanisés situés dans les zones de versants à pentes fortes et moyennes,</line>
<line>ainsi que les secteurs non urbanisés situés dans les zones de versants à pentes moyennes, zones soumises</line>
<line>aux risques inondation, ruissellement et coulées de boue.</line></par>
<par>
<line>La zone bleue comprend une zone bleu clair. Celle-ci est vulnéî'able au titre des phénomènes de</line>
<line>ruissellement et coulées de boue, mais les enjeux d'aménagement urbain sont tels qu'ils justifient des</line>
<line>dispositions particulières.</line></par>
<par>
<line>Elle comprend également une zone bleu foncé, qui est une zone dont l’hydromorphie est susceptible</line>
<line>d’atfecter les sous-sols des constructions.</line></par>
</text>
</block>
<block><region><rect/></region>
<text>
<par>
<line>3.1 - Interdictions</line></par>
<par>
<line>A rexception des travaux ou occupations du sol visés à Tarticle 3.2. sont interdits :</line></par>
</text>
</block>
<block><region><rect/></region>
<text>
<par>
<line>1- Tout nouveau sous-sol et toute nouvelle ouveiture susceptible d’augmenter la vulnérabilité des biens et</line>
<line>des personnes.</line></par>
<par>
<line>2- Les remblais, exhaussements du sol, et édifications de digues, quel qu’en soit le volume, à l'exception</line>
<line>de ceux qui sont en relation directe avec les occupations du sol autorisées par l’article 3.2-4.</line></par>
<par>
<line>3- Toute clôture susceptible de modifier notablement les écoulements.</line></par>
</text>
</block>
<block><region><rect/></region>
<text>
<par>
<line>Ppr inondations et coulées de boue - FESTIEUX - règlement</line></par>
<par>
<line>Juin 2008</line></par>
</text>
</block>
<block><region><rect/></region>
<text>
<par>
<line>9/17</line></par>
</text>
</block>














</page>
<page width="1672" height="2352" resolution="200">
<block><region><rect/></region>
<text>
<par>
<line>3.2- Autorisations sous condition</line></par>
</text>
</block>
<block><region><rect/></region>
<text>
<par>
<line>Sous réserve des prescriptions visées à Tarticle 5. sont autorisés :</line></par>
</text>
</block>
<block><region><rect/></region>
<text>
<par>
<line>1- Les travaux d'entretien et de gestion courants des biens et activités existants, notamment les</line>
<line>aménagements internes, les traitements de façade et la réfection des toitures, à condition de ne pas</line>
<line>augmenter les risques ou d'en créer de nouveaux.</line></par>
<par>
<line>2- Les reconstructions après sinistres, les constructions nouvelles, l’aménagement et l'extension de</line>
<line>bâtiments existants, sous réserve de ne pas aggraver le risque d'inondation et de minimiser leur propre</line>
<line>exposition au risque, et notamment sous les conditions suivantes :</line></par>
<par>
<line>O l’axe principal de la construction sera orienté de manière à assurer un bon écoulement des</line>
<line>eaux.</line></par>
<par>
<line>O le premier plancher sera placé à 50 cm au-dessus du terrain naturel, sauf dans le cas de</line>
<line>prescription contraire (imposée par les services de l’Etat compétents) liée aux effets d’une</line>
<line>servitude d’inscription des monuments historiques inscrits ou classés.</line></par>
<par>
<line>3- La reconstruction des édifices présentant un caractère patrimonial ou architectural certain (classement</line>
<line>ou inscription à l’inventaire des monuments historiques,...) sous réserve :</line></par>
<par>
<line>O de réduire la vulnérabilité des biens et des personnes ;</line></par>
<par>
<line>O de ne pas augmenter la surface hors œuvre brute ni la surface hors œuvre nette ;</line></par>
<par>
<line>4- Les travaux et installations destinés à réduire les conséquences du risque d'inondation pour les</line>
<line>bâtiments existants, ou destinés à réduire les conséquences du risque d’inondation à l’échelle du bassin</line>
<line>versant (par exemple digues, bassins de rétention,...), sous réserve :</line></par>
<par>
<line>O d’une justification teclinique (notamment mesure de l’impact hydraulique) et économique du</line>
<line>projet ;</line></par>
<par>
<line>O de la mise en oeuvre de mesures compensatoires si nécessaire,</line></par>
<par>
<line>O que le projet soit porté par une collectivité compétente, qui en assurera la mise en place et la</line>
<line>gestion ;</line></par>
<par>
<line>O que le projet respecte les réglementations en vigueur.</line></par>
<par>
<line>5- Les travaux de construction ou d’aménagement d'infrastructures de transport (routières, ferroviaires,</line>
<line>fluviales), et les installations nécessaires à leur fonctionnement, sous réserve que ces travaux ne</line>
<line>conduisent pas à une augmentation du risque d'inondation en amont ou en aval (hausse de la ligne d'eau,</line>
<line>perte de capacité de stockage), prennent en compte les impératifs de l’écoulement des eaux ;</line></par>
<par>
<line>6- Les nouvelles constructions, l’extension et l’aménagement de celles existantes et les infrastructures</line>
<line>d'intérêt général, liées à l’acheminement et au traitement des eaux usées, ainsi qu’au captage et à la</line>
<line>distribution de l’eau potable, à condition qu’il n’y ait pas d’alternative technique et/ou financière</line>
<line>satisfaisante, et sous réserve de :</line></par>
<par>
<line>O prendre toutes dispositions pour supprimer tout risque de pollution en cas de ruissellement ;</line></par>
<par>
<line>O minimiser l'impact sur le ruissellement ;</line></par>
<par>
<line>7- Les réseaux techniques d’intérêt général de transport de l’énergie (électricité, gaz) et téléphoniques, à</line>
<line>condition de les rendre non vulnérables aux inondations (isoler les réseaux pouvant être immergés,</line>
<line>installer hors d’eau les armoires téléphoniques, les installations de radiotéléphonie, les transformateurs</line>
<line>électriques, ou tout matériel sensible, les équiper d’une mise hors service automatique, réaliser hors d’eau</line>
<line>la distribution des réseaux « courants forts - courants faibles ») et de minimiser leur impact sur</line>
<line>l’écoulement des eaux.</line></par>
</text>
<text>
<par>
<line>PpR inondations et coulées de boue - FESTiEUX - règlement</line></par>
<par>
<line>Juin 2008</line></par>
<par>
<line>10/17</line></par>
</text>
</block>







</page>
<page width="1654" height="2339" resolution="200">
<block><region><rect/></region>
<text>
<par>
<line>8-Les fouilles à titre archéologique dans la mesure où elles sont réalisées de manière à minimiser</line>
<line>d’éventuelles perturbations de l’écoulement des eaux.</line></par>
</text>
</block>
<block><region><rect/></region>
<text>
<par>
<line>9 Le stockage de produits polluants ou dangereux (tels qu’hydrocarbures, gaz, engrais liquides ou solides,</line>
<line>pesticides...) est autorisé dans les mêmes conditions que pour le stockage existant définies à l’article 5-3.</line></par>
</text>
</block>
<block><region><rect/></region>
<text>
<par>
<line>Ppr inondations et coulées de boue - FESTIEUX - règlement</line></par>
<par>
<line>Juin 2008</line></par>
<par>
<line>11/17</line></par>
</text>
</block>


</page>
<page width="1654" height="2339" resolution="200">
<block><region><rect/></region>
<text>
<par>
<line>Article 4 - Dispositions applicables en zone marron</line></par>
</text>
</block>
<block blockType="Table" blockName="" l="156" t="333" r="1472" b="523"><region><rect/></region>
<row>
<cell width="148" height="40">
<text>
<par>
<line>Article</line></par>
</text></cell>
<cell width="589" height="40">
<text>
<par>
<line>Intitulé des dispositions</line></par>
</text></cell>
<cell width="579" height="40">
<text>
<par>
<line>Observations</line></par>
</text></cell></row>
<row>
<cell width="148" height="73">
<text>
<par>
<line>4.1</line></par>
</text></cell>
<cell width="589" height="73">
<text>
<par>
<line>Interdictions</line></par>
</text></cell>
<cell width="579" height="73">
<text>
<par>
<line>A l’exception des travaux ou occupations du</line>
<line>sol visés à l’article 4.2</line></par>
</text></cell></row>
<row>
<cell width="148" height="77">
<text>
<par>
<line>4.2</line></par>
</text></cell>
<cell width="589" height="77">
<text>
<par>
<line>Autorisations sous conditions</line></par>
</text></cell>
<cell width="579" height="77">
<text>
<par>
<line>Sous réserve des prescriptions visées à</line>
<line>l’article 5</line></par>
</text></cell></row>
</block>
<block><region><rect/></region>
<text>
<par>
<line>La zone marron est une zone qui nécessite d’être préservée de toute urbanisation afin de conserver des</line>
<line>terrains naturels jouant un rôle dans l’écoulement et l’infiltration des eaux.</line></par>
<par>
<line>En effet, si cette zone n’est pas soumise aux aléas étudiés, elle va permettre de les limiter. C’est le cas des</line>
<line>zones humides qui vont jouer un rôle important dans la régulation des cours d’eau, ou des boisements</line>
<line>versants qui vont limiter le ruissellement, mais aussi atténuer les phénomènes d’érosion, limiter les</line>
<line>impacts de débordements de cours d’eau et favoriser la qualité de l’eau par le prélèvement racinaire des</line>
<line>nitrates, phosphates, matières en suspension et autres polluants.</line></par>
<par>
<line>Il s’agit donc de zones qu’il convient de garder en l’état</line></par>
<par>
<line>Afin de préserver ces conditions, toute urbanisation nouvelle sera proscrite. De même, tout aménagement</line>
<line>apportant des modifications à la vocation actuelle de cette zone sera interdit.</line></par>
</text>
</block>
<block><region><rect/></region>
<text>
<par>
<line>4.1 - Interdictions</line></par>
</text>
</block>
<block><region><rect/></region>
<text>
<par>
<line>A Lexception des travaux ou occupations du sol visés à l'article 4.2, sont interdits :</line></par>
</text>
</block>
<block><region><rect/></region>
<text>
<par>
<line>1- Toutes nouvelles constructions soumises à permis de construire ou à déclaration préalable ou faisant</line>
<line>l’objet d’un permis d’aménager au titre du code de l'urbanisme, à l’exception des cas prévus à l’article 4.2.</line></par>
<par>
<line>2- Tout nouveau sous-sol et toute nouvelle ouverture susceptible d’augmenter la vulnérabilité des biens et</line>
<line>des personnes</line></par>
<par>
<line>3- Tout nouveau parc résidentiel de loisirs, toute aire naturelle et tout nouveau terrain de camping.</line></par>
<par>
<line>4- Les aires d’accueil et de grand passage des gens du voyage</line></par>
<par>
<line>5- Les remblais, exhaussements du sol, et édifications de digues, quel qu’en soit le volume, à l'exception</line>
<line>de ceux qui sont en relation directe avec les occupations du sol autorisées par l’article 4.2-6.</line></par>
<par>
<line>6- Les nouvelles installations classées pour l’environnement, sauf en cas d’un renouvellement d’une</line>
<line>installation existante ou pour une demande soumise à une nouvelle rubrique liée à une activité existante.</line></par>
<par>
<line>7- Toute clôture susceptible de modifier notablement les écoulements.</line></par>
<par>
<line>8- Tout défrichement supérieur à un hectare.</line></par>
<par>
<line>9- L’assainissement autonome par épandage, sauf s’il comprend un tertre d’infiltration (à l’exception des</line>
<line>zones humides) et sauf pour le bâti préexistant</line></par>
</text>
</block>
<block><region><rect/></region>
<text>
<par>
<line>Ppr inondations et coulées de boue - FESTIEUX - règlement</line></par>
<par>
<line>Juin 2008</line></par>
<par>
<line>12/17</line></par>
</text>
</block>











</page>
<page width="1670" height="2351" resolution="200">
<block><region><rect/></region>
<text>
<par>
<line>4.2- Autorisations sous condition</line></par>
</text>
</block>
<block><region><rect/></region>
<text>
<par>
<line>Sous réserve des prescriptions visées à l’article 5. sont autorisés ;</line></par>
</text>
</block>
<block><region><rect/></region>
<text>
<par>
<line>1- Les travaux d'entretien et de gestion courants des biens et activités existants, notamment les</line>
<line>aménagements internes, les traitements de façade et la réfection des toitures, à condition de ne pas</line>
<line>augmenter les risques ou d'en créer de nouveaux.</line></par>
<par>
<line>2- L’aménagement des biens et bâtiments existants ou leur changement d’affectation sous réserve de ne</line>
<line>pas augmenter les risques de nuisances ou de pollution.</line></par>
<par>
<line>3- Les reconstructions après sinistres, l'extension de bâtiments existants, sous réserve de minimiser leur</line>
<line>propre exposition au risque, et notamment sous les conditions suivantes :</line></par>
<par>
<line>O Taxe principal de la construction sera orienté de manière à assurer un bon écoulement des</line>
<line>eaux.</line></par>
<par>
<line>O le premier plancher sera placé au-dessus du terrain naturel, sauf dans le cas de prescription</line>
<line>contraire (imposée par les services de l’Etat compétents) liée aux effets d’une servitude</line>
<line>d’inscription des monuments historiques inscrits ou classés.</line></par>
<par>
<line>4- La reconstruction des édifices présentant un caractère patrimonial ou architectural certain (classement</line>
<line>ou inscription à l’inventaire des monuments historiques,...) sous réserve :</line></par>
<par>
<line>O de réduire la vulnérabilité des biens et des personnes ;</line></par>
<par>
<line>O de ne pas augmenter la surface hors œuvre brute ni la surface hors œuvre nette ;</line></par>
<par>
<line>5- les constructions et extensions de bâtiments directement liées aux mises aux normes d’exploitations</line>
<line>agricoles existantes.</line></par>
<par>
<line>6- Les travaux et installations destinés à réduire les conséquences du risque d'inondation pour les</line>
<line>bâtiments existants, ou destinés à réduire les conséquences du risque d’inondation à l’échelle du bassin</line>
<line>versant (par exemple digues, bassins de rétention,...), sous réserve :</line></par>
<par>
<line>O d’une justification technique (notamment mesure de l’impact hydraulique) et économique du</line>
<line>projet ;</line></par>
<par>
<line>O de la mise en oeuvre de mesures compensatoires si nécessaire,</line></par>
<par>
<line>O que le projet soit porté par une collectivité compétente, qui en assurera la mise en place et la</line>
<line>gestion ;</line></par>
<par>
<line>O que le projet respecte les réglementations en vigueur.</line></par>
<par>
<line>7- Les travaux de construction ou d'aménagement d'infrastructures de transport (routières, ferroviaires,</line>
<line>fluviales), et les installations nécessaires à leur fonctioimement, sous réserve que ces travaux ne</line>
<line>conduisent pas à une augmentation du risque d'inondation en amont ou en aval (hausse de la ligne d'eau,</line>
<line>perte de capacité de stockage), prennent en compte les impératifs de l’écoulement des eaux ;</line></par>
<par>
<line>8- Les nouvelles constructions, l’extension et l’aménagement de celles existantes et les infrastructures</line>
<line>d'intérêt général, liées à l’acheminement et au traitement des eaux usées, ainsi qu’au captage et à la</line>
<line>distribution de l’eau potable, à condition qu’il n’y ait pas d’alternative technique et/ou financière</line>
<line>satisfaisante, et sous réserve de ;</line></par>
<par>
<line>O prendre toutes dispositions pour supprimer tout risque de pollution en cas de ruissellement ;</line></par>
<par>
<line>O minimiser l'impact sur le ruissellement ;</line></par>
<par>
<line>9- Les réseaux techniques d’intérêt général de transport de l’énergie (électricité, gaz) et téléphoniques, à</line>
<line>condition de les rendre non vulnérables aux inondations (isoler les réseaux pouvant être immergés,</line>
<line>installer hors d’eau les annoires téléphoniques, les installations de radiotéléphonie, les transformateurs</line>
<line>électriques, ou tout matériel sensible, les équiper d’une mise hors service automatique, réaliser hors d’eau</line></par>
</text>
<text>
<par>
<line>Ppr inondations et coulées de boue - FESTIEUX - règlement</line></par>
<par>
<line>Juin 2008</line></par>
<par>
<line>13/17</line></par>
</text>
</block>















</page>
<page width="1668" height="2349" resolution="200">
<block><region><rect/></region>
<text>
<par>
<line>la distribution des réseaux « courants forts - courants faibles ») et de minimiser leur impact sur</line>
<line>l’écoulement des eaux.</line></par>
<par>
<line>10- Les fouilles à titre archéologique dans la mesure où elles sont réalisées de manière à minimiser</line>
<line>d’éventuelles perturbations de l’écoulement des eaux.</line></par>
<par>
<line>11- Le stockage de produits polluants ou dangereux (tels qu’hydrocarbures, gaz, engrais liquides ou</line>
<line>solides, pesticides...) est autorisé dans les mêmes conditions que pour le stockage existant définies à</line>
<line>l’article 5-3.</line></par>
</text>
</block>
<block><region><rect/></region>
<text>
<par>
<line>Ppr inondations et coulées de boue - FESTIEUX - règlement</line></par>
<par>
<line>Juin 2008</line></par>
<par>
<line>14/17</line></par>
</text>
</block>




</page>
<page width="1670" height="2351" resolution="200">
<block><region><rect/></region>
<text>
<par>
<line>Article'5 - Prescriptions et mesures obligatoires pour le bâti existant</line></par>
</text>
</block>
<block><region><rect/></region>
<text>
<par>
<line>Les prescriptions suivantes s’appliquent également aux biens futurs mais aussi pour les</line></par>
<par>
<line>biens existants dans un délai de 5 ans :</line></par>
</text>
</block>
<block><region><rect/></region>
<text>
<par>
<line>1- En zone rouge, munir les réseaux eaux usées et/ou pluviaux d’un dispositif anti-retour, ou d’une vanne</line>
<line>permettant d’isoler de l’extérieur.</line></par>
<par>
<line>2- Pour les organismes gestionnaires des réseaux (électricité, téléphone, gaz), obligation de se mettre en</line>
<line>conformité avec les dispositions suivantes :</line></par>
<par>
<line>O isoler et protéger les réseaux des effets de l'immersion ;</line></par>
<par>
<line>O installer hors d’atteinte de l’eau les armoires téléphoniques, les transformateurs électriques ou</line>
<line>tout matériel sensible ;</line></par>
<par>
<line>O équiper d'une mise hors service automatique les réseaux de gaz, d'électricité et de téléphone.</line></par>
<par>
<line>3- Le stockage de produits polluants ou dangereux (tels qu’hydrocarbures, gaz, engrais liquides ou solides,</line>
<line>pesticides) en quantités ou en concentrations inférieures aux normes minimales fixées pour leur</line>
<line>autorisation, à condition qu’il soit réalisé dans un récipient étanche et fermé, lesté et arrimé.</line></par>
</text>
</block>
<block><region><rect/></region>
<text>
<par>
<line>Ppr inondations et coulées de boue - FESTIEUX - règlement</line></par>
<par>
<line>Juin 2008</line></par>
<par>
<line>15/17</line></par>
</text>
</block>















</page>
<page width="1668" height="2349" resolution="200">
<block><region><rect/></region>
<text>
<par>
<line>Article 6 - Recommandatioîîs applicables aux biens existants</line></par>
</text>
</block>
<block><region><rect/></region>
<text>
<par>
<line>1- Le réaménagement de constructions existantes sera conçu de manière à garantir la sécurité des</line>
<line>personnes et à limiter la vulnérabilité des biens au risque d’inondation.</line></par>
</text>
</block>
<block><region><rect/></region>
<text>
<par>
<line>2- Isoler le réseau électrique alimentant le niveau inondable du reste du réseau, voire le supprimer quand</line>
<line>c’est possible.</line></par>
</text>
</block>
<block><region><rect/></region>
<text>
<par>
<line>Ppr inondations et coulées de boue - FESTIEUX - règlement</line></par>
<par>
<line>Juin 2008</line></par>
<par>
<line>16/17</line></par>
</text>
</block>























</page>
<page width="1687" height="2362" resolution="200">
<block><region><rect/></region>
<text>
<par>
<line>Article 7 - Dispositions spécifiques à la zone blanche</line></par>
<par>
<line>au titre de sa proximité avec les autres zones</line></par>
</text>
</block>
<block><region><rect/></region>
<text>
<par>
<line>La zone blanche concerne par défaut les terrains figurant sur les documents graphiques n’appartenant pas</line>
<line>aux autres zones, situés soit en périphérie de ces zones, soit au milieu de ces zones.</line></par>
<par>
<line>C’est une zone sans occupation du sol prépondérante, (elle peut être bâtie ou non), et n’est pas considérée</line>
<line>comme exposée aux inondations par débordement et aux coulées de boue.</line></par>
<par>
<line>Cependant, quelques dispositions doivent y être respectées, notamment au titre de sa proximité avec les</line>
<line>autres zones.</line></par>
</text>
</block>
<block><region><rect/></region>
<text>
<par>
<line>Dispositions au titre de sa proximité avec les autres zones ;</line></par>
<par>
<line>O Tout maître d’ouvrage d’un aménagement en zone blanche jouxtant ou situé à proximité d’une</line>
<line>zone inondable rouge ou bleue s’assure que celui-ci se trouve effectivement hors d’atteinte de</line>
<line>l’eau.</line></par>
<par>
<line>O Dans le cas contraire, y rattacher les dispositions visées pour la zone bleue. Faire particulièrement</line>
<line>attention aux sous-sols qui peuvent facilement se retrouver inondables (directement ou par</line>
<line>infiltration/remontée de nappe).</line></par>
</text>
</block>
<block><region><rect/></region>
<text>
<par>
<line>Recommandation applicable en zone blanche</line></par>
<par>
<line>O Afin de ne pas aggraver les risques en aval, et conformément à l’article L2224-10 du code général</line>
<line>des collectivités territoriales et à la loi sur l’eau, il convient de maîtriser l’imperméabilisation des</line>
<line>sols, maîtriser les phénomènes de ruissellement (en milieu urbain comme en milieu rural) par une</line>
<line>bonne gestion des eaux pluviales (infiltration, rétention,...), et maintenir les zones humides.</line></par>
<par>
<line>O Toute nouvelle construction devra faire l’objet de mesures de maîtrise des eaux pluviales :</line></par>
<par>
<line>- infiltration si le sol le permet</line></par>
<par>
<line>- rétention / stockage dans le cas contraire.</line></par>
<par>
<line>Seul le trop plein de ces installations pourra être déversé dans le réseau public ou les exutoires</line>
<line>naturels.</line></par>
</text>
</block>
<block><region><rect/></region>
<text>
<par>
<line>Ppr inondations et coulées de boue - FESTIEUX - règlement</line></par>
<par>
<line>Juin 2008</line></par>
<par>
<line>17/17</line></par>
</text>
</block>











</page>
</PM1>