<?xml version="1.0" encoding="UTF-8"?><PM1>
<page width="2430" height="3308" resolution="300">
<block><region><rect/></region>
<text>
<par>
<line>Liberté • Egalité • Fraternité</line></par>
<par>
<line>RÉpuBLKîiJE Française</line></par>
</text>
</block>
<block><region><rect/></region>
<text>
<par>
<line>PREFEqTURÉ DE HAUTE-CORSE</line></par>
</text>
</block>
<block><region><rect/></region>
<text>
<par>
<line>ARRÊTE N° CL (/Lll</line>
<line>En date du 2^o AoC*E. loot-</line>
<line>Portant approbation du Plan de Prévention du</line>
<line>Risque « Inondation » des bassins versants du</line>
<line>Golo, de l’Asco et de la Tartagine sur le</line>
<line>territoire de 23 communes.</line></par>
</text>
</block>
<block><region><rect/></region>
<text>
<par>
<line>LE PREFET DE HAUTE-CORSE</line>
<line>CHEVALIER DE L’ORDRE NATIONAL DU MERITE</line></par>
</text>
</block>
<block><region><rect/></region>
<text>
<par>
<line>Vu la loi n° 95-101 du 2 février 1995 relative au renforcement de la protection de</line>
<line>l’environnement, ntodifiant et complétât la loi n° 87-565 du 22 juillet 1987,</line></par>
<par>
<line>Vu le décret n° 95-1089 du 5 octobre 1995 relatif aux plans de prévention des</line>
<line>risques naturels pré\isibles et notamment son article 7,</line></par>
<par>
<line>Vu r arrêté préfectoral n°00/306 du 1° mars 2(X)() portant prescription d’un plan de</line>
<line>prévention face au risque « inondation » sur le territoire des communes situées -dans</line>
<line>les bassins versants de l’Asco, du Golo et de la Tarta^ne,</line></par>
<par>
<line>Vu l’étude terminée en novembre 1998, les dossiers techniques repris et terminés</line>
<line>par le BCEOM en janvier 2002,</line></par>
</text>
</block>
<block><region><rect/></region>
<text>
<par>
<line>Vu la consultation du conseil municipal des communes de Castiria, Omessa, Aïti,</line>
<line>Prato di Giovellina, Saliceto, Gavignano, Moltifao, Castifao, Piedigriggio,</line>
<line>Morosaglia, Valle di Rostino, Castello di Rostino, Bisindû, Canavag^a, Lento,</line>
<line>Bigomo, Carnpitello, Volpajola, Campile, Olmo, Vignale, Prundii di Casaconi,</line>
<line>Lucciana, le 30 janvier 2002,</line></par>
</text>
</block>

</page>
<page width="2356" height="3251" resolution="300">
<block><region><rect/></region>
<text>
<par>
<line>2/4</line></par>
</text>
</block>
<block><region><rect/></region>
<text>
<par>
<line>Vü la consultation du Président de la chambre d’agriculture de Haute-Corse le 30</line>
<line>janvier 2002,</line></par>
<par>
<line>Vu la consultation du Directeur Départemental de Haute-Corse de l’agriculture et</line>
<line>de la forêt le 30 janvier 2002, «</line></par>
<par>
<line>Vu r avis du conseil municipal de la commune de Morosaglia le 15 mars 2002,</line></par>
<par>
<line>Vu l’avis favorable du conseil municipal de la commune de Bisinchi le 02 mars</line></par>
<par>
<line>2002,</line></par>
<par>
<line>Vu r avis du conseil municipd de la commune de Vignale le 08 mars 2002,</line></par>
<par>
<line>Vu l’avis favorable du conseil municipal de la commune d’Aïti le 10 mars 2002,</line></par>
<par>
<line>Vu l’avis favorable du conseil municipal de la commune de Campile le 8 février</line></par>
<par>
<line>2002,</line></par>
<par>
<line>Vu l’avis du conseil municipal de la commune de Bigomo le 24 février 2002,</line></par>
<par>
<line>Vu l’avis favorable du conseil municipal de la commune de Valle di Rostino le 16</line>
<line>février 2002,</line></par>
</text>
</block>
<block><region><rect/></region>
<text>
<par>
<line>Vu l’avis avec observations du conseil municipal de la commune de Piedigriggio le</line>
<line>30 mars 2002,</line></par>
<par>
<line>Vu l’avis réputé favorable du conseü municipal des communes de Castiria, Omessa,</line>
<line>Prato di Giovellina, Saliceto, Gavignano, Moltifao, Castifao, Castello di Rostino,</line>
<line>Canavaggia, Lento, Campitello, Volpajola, Oimo, Prunelli di Casaconi, Luccima,</line></par>
</text>
</block>
<block><region><rect/></region>
<text>
<par>
<line>Vu l’avis favorable du Directeur Départemental de Haute-Corse de l’agriailture et</line>
<line>de la forêt le 14 février 2002,</line></par>
<par>
<line>Vu-l’avis favorable du Président de la chambre d’agriculture de Haute-Corse le 11</line>
<line>mars 2002,</line></par>
</text>
</block>
<block><region><rect/></region>
<text>
<par>
<line>Vu l’arrêté préfectoral n° 2002/70 du 07 mars 2002 prescrivant l’ouverture de</line>
<line>l’enqu^e publique préalable à l’approbation du plan de prévention du risque</line>
<line>« inondation » des bassins versants du Golo de l’Asco et de la Tartagine,</line></par>
</text>
</block>
<block><region><rect/></region>
<text>
<par>
<line>Vu l’enquête publique qui s’est déroulée du 02 avril 2002 au 03 mai 2002 inclus.</line>
<line>Vu l’avis favorable de la commission d’enquête en date du 23 mai 2002,</line></par>
<par>
<line>Sur proposition du Directeur D^artemental de l’Equipement,</line></par>
</text>
</block>
</page>
<page width="2381" height="3266" resolution="300">
<block><region><rect/></region>
<text>
<par>
<line>3/4</line></par>
</text>
</block>
<block><region><rect/></region>
<text>
<par>
<line>ARRÊTE</line></par>
</text>
</block>
<block><region><rect/></region>
<text>
<par>
<line>Article 1®'' : Le plan de prévention du risque « inondation » des bassins versants du</line>
<line>Golo, de TAsco et de la Tartagine sur le territoire des communes de Castirla,</line>
<line>Omessa, Aïti, Prato di Gioveliina, Saliceto, Gavignano, Moltifao, Castifao,</line>
<line>Piedigriggio, Morosaglia, Valle di Rostino, Castello 4i Rostino, Bisinchi,</line>
<line>Canavaggia, Lento, Bigorno, Campitello, Volpajola, Campile, Olmo, Vignaie,</line>
<line>Prunelli di Casaconi, Lucciana, est approuvé tel qu’il est annexé au présent arrêté.</line></par>
<par>
<line>Article 2 : Le présent arrêté fera l’objet d’une mention au recueil des actes</line>
<line>administratifs de l’Etat dans le département, ainsi que dans deux journaux régionaux</line>
<line>ou locaux diffusés dans le département.</line></par>
<par>
<line>Article 3 : Une copie, du présent arrêté sera affichée pendant 1 mois au minimum</line>
<line>dans les mairies indiquées à l’article 1°.</line></par>
<par>
<line>Article 4 ; Le plan approuvé sera tenu à la disposition du public en Préfecture</line>
<line>(direction départementale de l’équipement, service de l’urbanisme et de l’habitat,</line>
<line>bureau des risques naturels majeurs), et aux mairies concernées .</line></par>
<par>
<line>Cette mesure de publicité fera l’objet d’une mention sur l’affichage prévu à l’article</line>
<line>3 ci-dessus.</line></par>
<par>
<line>Article 5 ; MM le Secrétaire Général de la Préfecture, le Directeur Départemental</line>
<line>de l’Equipement, les Maires des communes citées à l’article 1° sont chargés, chacun</line>
<line>en ce qui le concerne, de l’exécution du présent arrêté dont ampliation sera adressée</line>
<line>à ;</line></par>
</text>
</block>
<block><region><rect/></region>
<text>
<par>
<line>M. Le Secrétaire Général de la Préfecture de Haute-Corse</line></par>
<par>
<line>- M. Le Directeur Régional de l’Environnement</line></par>
<par>
<line>- M. Le Directeur Régional de l’Equipement</line></par>
<par>
<line>- M. Le chef du service départemental d’incendie et de secours</line></par>
<par>
<line>- M. Le Directeur Départemental de l’Agriculture et de la Forêt</line></par>
<par>
<line>- M. Le Directeur Départemental de l’Equipement</line></par>
<par>
<line>- M. Le Maire de la commune de Castirla</line></par>
<par>
<line>- M. Le Maire de la commune d’Omessa</line></par>
<par>
<line>- M. Le Maire de la commune d’Aïti</line></par>
<par>
<line>- M. Le Maire de la commune de Prato di Giovellina</line></par>
<par>
<line>- M. Le Maire de la commune de Saliceto</line></par>
<par>
<line>- Mme Le Maire de la commune de Gavignano</line></par>
<par>
<line>- M. Le Maire de la commune de Moltifao</line></par>
<par>
<line>- M. Le Maire de la commune de Castifao</line></par>
<par>
<line>- Mme Le Maire de la commune de Piedigriggio</line></par>
<par>
<line>- M. Le Maire de la commune de Morosa^ia</line></par>
<par>
<line>- M. Le Maire de la commune de Valle di Rostino</line></par>
<par>
<line>- M. Le Maire de la commune de Castello di Rostino ,</line></par>
<par>
<line>- M. Le Maire de la commune de Bisinchi</line></par>
<par>
<line>- M. Le Maire de la commune de Canavaggia</line></par>
<par>
<line>- M. Le Maire de la commune de Lento</line></par>
</text>
</block>
</page>
<page width="2332" height="3233" resolution="300">
<block><region><rect/></region>
<text>
<par>
<line>4/4</line></par>
</text>
</block>
<block><region><rect/></region>
<text>
<par>
<line>- M. Le Maire de la commune de Bigorno</line>
<line>M. Le Maire de la commune de Campitello</line>
<line>Mme le Maire de là commune de Volpajola</line>
<line>M. Le Maire de la commune de Ceuiipiie</line>
<line>M. Le Maire de la commune d’Olmo .</line></par>
<par>
<line>Mme Le Maire de la commune de Vignale</line></par>
<par>
<line>Mme le Maire de la commune de Pruneili di Casaconi</line></par>
<par>
<line>M. Le Maire de la commune de Lucciana</line></par>
</text>
</block>
<block><region><rect/></region>
<text>
<par>
<line>Le Préfet</line></par>
</text>
</block>
<block><region><rect/></region>
<text>
<par>
<line>Eric DELZAMT</line></par>
</text>
</block>
<block><region><rect/></region>
<text>
<par>
<line>Pour Ampliation</line></par>
<par>
<line>Le Chef des Services du Secrétariat Général,</line></par>
</text>
</block>
</page>
</PM1>