<?xml version="1.0" encoding="UTF-8"?><PM1>
<page width="2493" height="3514" resolution="300">
<block><region><rect/></region>
<text>
<par>
<line>PRÉFECTURE DE LA LOZÈRE</line></par>
</text>
</block>
<block><region><rect/></region>
<text>
<par>
<line>Mende le 1 ? F É V 2000</line></par>
</text>
</block>
<block><region><rect/></region>
<text>
<par>
<line>Direction</line></par>
</text>
</block>
<block><region><rect/></region>
<text>
<par>
<line>ARRETE PREFECTOIRAL N"</line></par>
<par>
<line>portant approbation du plan de prévention des risques</line>
<line>d'inondation sur le territoire de la commune de FLORAC</line></par>
</text>
</block>
<block><region><rect/></region>
<text>
<par>
<line>Départementale</line>
<line>de l'Equipement</line></par>
</text>
</block>
<block><region><rect/></region>
<text>
<par>
<line>Lozère</line></par>
</text>
</block>
<block><region><rect/></region>
<text>
<par>
<line>Le Préfet du Département de la Lozère</line>
<line>Chevalier de la Légion d'Honneur,</line></par>
</text>
</block>
<block><region><rect/></region>
<text>
<par>
<line>VU la loi n® 82-600 du 13 juillet 1982 relative à l'indemnisation des victimes de</line>
<line>catastrophes naturelles ;</line></par>
<par>
<line>VU la loi n" 87-565 du 22 juillet 1987 modifiée, relative à l'organisation de la sécurité</line>
<line>civile, à la protection de la forêt contre l'incendie et à la prévention des risques</line>
<line>majeurs, notamment ses articles 40-1 à 40-7 issus de la loi n" 95-101 du 2 février</line></par>
</text>
</block>
<block><region><rect/></region>
<text>
<par>
<line>1995 ;</line></par>
</text>
</block>
<block><region><rect/></region>
<text>
<par>
<line>VU la loi n" 92-3 du 3 janvier 1992 sur l'eau, notamment l'article 10 ,</line></par>
<par>
<line>VU la loi n° 95-101 du 2 février 1995 relative au renforcement de la protection de</line>
<line>l'environnement ;</line></par>
<par>
<line>VU le décret n” 95-1089 du 5 octobre 1995 relatif aux plans de prévention des risques</line>
<line>naturels prévisibles ;</line></par>
<par>
<line>VU l'arrêté préfectoral n° 98-2044 du 15 octobre 1998 prescrivant l'établissement d'un</line>
<line>plan de prévention des risques d'inondation sur le territoire de la commune de</line>
<line>FLORAC:</line></par>
<par>
<line>VU l'arrêté préfectoral n° 99-1785 du 12 août 1999 prescrivant l'ouverture d'une enquête</line>
<line>publique en vue de l'établissement d'un plan de prévention des risques d'inondation</line>
<line>sur le territoire de la commune de FLORAC ;</line></par>
<par>
<line>VU le rapport relatif à l'enquête publique qui s'est déroulée du 13 septembre au 4 octobre</line>
<line>1999 inclus et les conclusions favorables du commissaire enquêteur ;</line></par>
<par>
<line>VU l'avis des services consultés ;</line></par>
<par>
<line>VU l'avis de la Chambre d’Agricuiture du 31 août 1999 ,</line></par>
</text>
</block>
<block><region><rect/></region>
<text>
<par>
<line>REPUBLIQUE FRANÇAISE</line>
<line>Liberté Egalité Fraternité</line></par>
</text>
</block>
<block><region><rect/></region>
<text>
<par>
<line>PFIÉFECTURÊ DE LA LOZÉBE • 2. RUE DE LA BOVÈRE - laOOE MSMDE CEDEX - TÉLÉPHONE OA.eÇ iS.SO.OO FAX 04.6fi.49 17.23</line></par>
</text>
</block>






</page>
<page width="2479" height="3504" resolution="300">
<block><region><rect/></region>
<text>
<par>
<line>vu la délibération du Conseil Municipal de FLORAC du 17 septembre 1999 ,</line>
<line>SUR proposition de Monsieur le Secrétaire Général de la Préfecture de la Lozère</line></par>
</text>
</block>
<block><region><rect/></region>
<text>
<par>
<line>ARRETE</line></par>
</text>
</block>
<block><region><rect/></region>
<text>
<par>
<line>ARTICLE 1</line></par>
</text>
</block>
<block><region><rect/></region>
<text>
<par>
<line>Est approuvé, tel qu'il est annexé au présent arrêté le plan de prévention des risques</line>
<line>(P.P.R.) d'inondation prescrit sur le territoire de la commune de FLORAC.</line></par>
<par>
<line>ARTICLE 2</line></par>
</text>
</block>
<block><region><rect/></region>
<text>
<par>
<line>Le dossier afférent au plan de prévention des risques d'inondation se compose :</line></par>
<par>
<line>- d'un rapport de présentation,</line></par>
<par>
<line>- de deux plans de cartographie des zones inondables numérotés 2-1 et 2-2,</line></par>
<par>
<line>- d'un règlement.</line></par>
<par>
<line>ARTICLE 3</line></par>
</text>
</block>
<block><region><rect/></region>
<text>
<par>
<line>Le dossier de plan de prévention des risques et le présent arrêté seront tenus à la</line>
<line>disposition du public :</line></par>
<par>
<line>- à la mairie de FLORAC,</line></par>
<par>
<line>- à la Préfecture de la LOZERE {service interministériel de défense et de protection</line>
<line>civile),</line></par>
<par>
<line>- à la Sous-Préfecture de l'Arrondissement de FLORAC,</line></par>
<par>
<line>- au siège de la Direction Départementale de l'Equipement de la Lozère,</line></par>
<par>
<line>4 Avenue de la Gare 48000 MENDE,</line></par>
<par>
<line>- à la Subdivision territoriale de l'Equipement de FLORAC,</line></par>
<par>
<line>ARTICLE 4</line></par>
</text>
</block>
<block><region><rect/></region>
<text>
<par>
<line>Le présent arrêté sera publié au recueil des actes administratifs de l'Etat dans le</line>
<line>département de la Lozère et mention en sera faite dans les journaux "MIDI LIBRE" et</line>
<line>LOZERE NOUVELLE"</line></par>
</text>
</block>
<block><region><rect/></region>
<text>
<par>
<line>ARTICLE 5</line></par>
</text>
</block>
<block><region><rect/></region>
<text>
<par>
<line>M. le Secrétaire Général de la Préfecture de la LOZERE, M. le Sous-Préfet de</line>
<line>l'Arrondissement de FLORAC, M. le Maire de la commune de FLORAC, M. le Directeur</line>
<line>Départemental de l'Equipement, sont chargés chacun en ce qui le concerne, de</line>
<line>l'exécution du présent arrêté, dont ampliation sera adressée à M. le Directeur</line>
<line>Départemental de l'Agriculture et de la Forêt et à M. le Directeur départemental des</line>
<line>Services d'incendie et de Secours.</line></par>
</text>
</block>
<block><region><rect/><rect/><rect/><rect/><rect/><rect/><rect/><rect/><rect/></region>
<text>
<par>
<line>PotïT ampîiatisn</line>
<line>Ch.;f £k</line></par>
</text>
</block>
<block><region><rect/></region>
<text>
<par>
<line>iJT</line></par>
</text>
</block>
<block><region><rect/></region>
<text>
<par>
<line>IsüreVÎDULAC</line></par>
</text>
</block>
<block><region><rect/></region>
<text>
<par>
<line>Aîaiîl WE^L</line></par>
</text>
</block>







</page>
</PM1>