<?xml version="1.0" encoding="UTF-8"?><PM1>
<page width="5099" height="7078" resolution="600">
<block><region><rect/></region>
<text>
<par>
<line>REPUBLIQUE FRANÇAISE</line></par>
<par>
<line>Liberté Egalité Fraternité</line></par>
</text>
</block>
<block><region><rect/></region>
<text>
<par>
<line>PREFECTURE DES ALPES-MARITIMES</line></par>
</text>
</block>
<block><region><rect/></region>
<text>
<par>
<line>DIRECTION DEPARTEMENTALE</line>
<line>DE L’EQUIPEMENT</line></par>
</text>
</block>
<block><region><rect/></region>
<text>
<par>
<line>ARRETE</line></par>
<par>
<line>portant approbation du plan de prévention des risques naturels prévisibles</line>
<line>d’inondation, de mouvements de terrain et de séisme</line>
<line>sur la commune de Drap</line></par>
</text>
</block>
<block><region><rect/></region>
<text>
<par>
<line>Le Préfet des Alpes-Maritimes</line>
<line>Officier de la Légion d’honneur</line>
<line>Commandeur de l’Ordre national du Mérite</line></par>
</text>
</block>
<block><region><rect/></region>
<text>
<par>
<line>Vu la loi n° 87-565 du 22 juillet 1987 relative à la prévention des risques majeurs,</line>
<line>modifiée par la loi n° 95-101 du 2 février 1995 relative au renforcement et de la protection de</line>
<line>l’environnement.</line></par>
<par>
<line>Vu le code de l'expropriation pour cause d'utilité publique et notamment ses articles</line>
<line>R.ll-4àR.ll-14,</line></par>
<par>
<line>Vu le décret n'^ 95-1089 du 5 Octobre 1995 relatif aux plans de prévention des risques</line>
<line>naturels prévisibles.</line></par>
<par>
<line>Vu l’arrêté préfectoral du 30 janvier 1986 prescrivant l’établissement du plan d’exposition</line>
<line>aux risques naturels prévisibles d’inondation, de mouvements de terrain et de séisme sur la commune</line>
<line>de Drap,</line></par>
</text>
</block>
<block><region><rect/></region>
<text>
<par>
<line>Vu l’article 40-6 de la loi susvisée stipulant que les plans d’exposition aux risques naturels</line>
<line>prévisibles en cours d’élaboration sont considérés comme des projets de plans de prévention des</line>
<line>risques nautels prévisibles.</line></par>
<par>
<line>Vu les lettres en date du 6 août 1998 transmettant le projet de plan de prévention des</line>
<line>risques naturels prévisibles pour avis à la chambre d’agriculture, au centre régional de la propriété</line>
<line>forestière de Provence-Alpes-Côte d’Azur et au maire de Drap aux fins de saisine du conseil municipal.</line></par>
</text>
</block>




</page>
<page width="5128" height="7098" resolution="600">
<block><region><rect/></region>
<text>
<par>
<line>Vu l’avis de la chambre d’agriculture des Alpes-Maritimes en date du 29 septembre 1998,</line></par>
<par>
<line>Vu l’absence de réponse du centre régional de la propriété forestière de Provence-Alpes-</line>
<line>Côte d’Azur dans les délais réglementaires de consultation,</line></par>
<par>
<line>Vu la délibération du conseil municipal de Drap en date du 28 septembre 1998,</line></par>
<par>
<line>Vu l’arrêté préfectoral du 6 août 1998 prescrivant l’ouverture d’une enquête publique sur</line>
<line>le plan de prévention des risques naturels prévisibles d’inondation, de mouvements de terrain et de</line>
<line>séisme sur la commune de Drap,</line></par>
<par>
<line>Vu le rapport et les conclusions de la commission d’enquête.</line></par>
<par>
<line>Considérant que les avis reçus et les observations déposées lors de l’enquête publique</line>
<line>justifient des modifications par rapport au projet de plan de prévention des risques naturels prévisibles</line>
<line>d’inondation, de mouvements de terrain et de séisme soumis à enquête publique.</line></par>
</text>
</block>
<block><region><rect/></region>
<text>
<par>
<line>ARRETE;</line></par>
</text>
</block>
<block><region><rect/></region>
<text>
<par>
<line>Article 1er : I. Est approuvé le plan de prévention des risques naturels prévisibles d’inondation, de</line></par>
<par>
<line>mouvements de terrain et de séisme sur la commune de Drap tel qu’annexé au présent</line></par>
<par>
<line>arrêté.</line></par>
<par>
<line>II. 11 est tenu à la disposition du public :</line></par>
<par>
<line>1 - à la mairie de Drap tous les jours ouvrables aux heures habituelles d’ouverture de</line>
<line>la mairie.</line></par>
<par>
<line>2 - au bureau d'accueil de la direction départementale de l'équipement du centre</line>
<line>administratif départemental à Nice tous les jours ouvrables (sauf le samedi) de 9 h</line>
<line>à 15 h30.</line></par>
<par>
<line>3 - à la subdivision de l’équipement de Contes-L’Escarène tous les jours ouvrables</line>
<line>(sauf le samedi) de 8 h à 11 h 30 et de 14 h à 16 h .</line></par>
<par>
<line>III. Ce plan de prévention des risques naturels prévisibles comporte :</line></par>
<par>
<line>- l’arrêté préfectoral du 30 janvier 1986 prescrivant l’établissement du plan</line>
<line>d’exposition aux risques naturels prévisibles d’inondation, de mouvements de</line>
<line>terrain et de séisme sur la commune de Drap,</line></par>
<par>
<line>- un dossier de risque d’inondation comprenant :</line></par>
<par>
<line>• un rapport de présentation</line></par>
<par>
<line>• un document graphique au 1/5000®*^® (cartographie du risque)</line></par>
<par>
<line>• un règlement</line></par>
<par>
<line>• des annexes graphiques (cartes des hauteurs, des vitesses, de l’aléa et du risque</line>
<line>d’inondation du Paillon et carte du risque d’inondation des vallons)</line></par>
<par>
<line>.../...</line></par>
</text>
</block>

</page>
<page width="5116" height="7090" resolution="600">
<block><region><rect/></region>
<text>
<par>
<line>Article 2 :</line></par>
</text>
</block>
<block><region><rect/></region>
<text>
<par>
<line>Article 3 :</line></par>
</text>
</block>
<block><region><rect/></region>
<text>
<par>
<line>- un dossier de risque de mouvements de terrain et de séisme comprenant :</line></par>
<par>
<line>• un rapport de présentation</line></par>
<par>
<line>• des documents graphiques au 1/5000^*^^ (cartes du risque de mouvements de</line>
<line>terrain et des effets de site)</line></par>
<par>
<line>• un règlement</line></par>
<par>
<line>• une annexe graphique au 1/5000^*^^ (carte des aléas de mouvements de terrain et</line>
<line>de leur qualification).</line></par>
<par>
<line>Le présent arrêté fera l’objet d’une mention au recueil des actes administratifs du</line>
<line>département ainsi que dans les deux Journaux locaux ci-après désignés :</line>
<line>« Nice-Matin » et « Le Patriote Côte d’azur ». Une copie de l’arrêté sera affichée en</line>
<line>mairie pendant un mois au minimum.</line></par>
<par>
<line>des copies du présent arrêté seront adressées :</line></par>
<par>
<line>- à monsieur le maire de la commune de Drap,</line></par>
<par>
<line>- à madame la ministre de l’aménagement du territoire et de l’environnement -</line>
<line>direction de la prévention des pollutions et des risques,</line></par>
<par>
<line>- à monsieur le directeur régional de l’environnement Provence-Alpes-Côte d’azur,</line></par>
<par>
<line>- à monsieur le président de la chambre d’agriculture des Alpes-Maritimes,</line></par>
<par>
<line>- à monsieur le président du centre régional de la propriété forestière,</line></par>
<par>
<line>- à madame la directrice départementale de l’agriculture et de la forêt,</line></par>
<par>
<line>- à monsieur le directeur départemental de l’équipement.</line></par>
</text>
</block>
<block><region><rect/></region>
<text>
<par>
<line>Nice, le</line></par>
</text>
</block>
<block><region><rect/></region>
<text>
<par>
<line>1 7 NOV. 1999</line></par>
</text>
</block>
<block><region><rect/><rect/><rect/></region>
<text>
<par>
<line>Pour le Préfet des^Alpes-^</line>
<line>Le SecrétaiiJa-^r^neral</line></par>
</text>
</block>
<block><region><rect/></region>
<text>
<par>
<line>Jean-MicheKDREVET</line></par>
</text>
</block>





</page>
</PM1>