<?xml version="1.0" encoding="UTF-8"?><PM1>
<page width="1653" height="2336" resolution="200">
<block><region><rect/></region>
<text>
<par>
<line>Liberté • Ègalilé • Fraternité</line></par>
<par>
<line>RÉPUBLIQUE Française</line></par>
</text>
</block>
<block><region><rect/></region>
<text>
<par>
<line>PRÉFECTURE DE L’ORNE</line></par>
</text>
</block>
<block><region><rect/></region>
<text>
<par>
<line>DIRECTION DES ACTIONS</line>
<line>INTERMINISTERIELLES</line></par>
</text>
</block>
<block><region><rect/></region>
<text>
<par>
<line>Bureau de l'Urbanisme</line>
<line>et du Cadre de Vie</line></par>
</text>
</block>
<block><region><rect/></region>
<text>
<par>
<line>NOR:1122-O1 -10-66</line></par>
</text>
</block>
<block><region><rect/></region>
<text>
<par>
<line>ARRETE INTERPREFECTORAL</line></par>
<par>
<line>portant APPROBATION</line></par>
<par>
<line>DU PLAN DE PREVENTION DU RISQUE NATUREL PREVISIBLE</line>
<line>RELATIF AUX RISQUES D’INONDATIONS DE LA RIVIERE « la Sarthe »</line>
<line>DU MELE SUR SARTHE à ST CENERI LE GEREI</line></par>
</text>
</block>
<block><region><rect/></region>
<text>
<par>
<line>LE PREFET DE LA SARTHE, LE PREFET DE L’ORNE,</line></par>
<par>
<line>Chevalier de l’Ordre National du Mérite Chevalier de la Légion d’Honneur</line></par>
</text>
</block>
<block><region><rect/></region>
<text>
<par>
<line>Vu le code de l’Environnement, notamment le chapitre II du titre VI,</line></par>
<par>
<line>Vu la loi n“87-565 du 22 Juillet 1987 modifiée, relative à l’organisation de la sécurité civile, à la</line>
<line>protection de la forêt contre l’incendie et à la prévention des risques majeurs,</line></par>
<par>
<line>Vu la loi n°95-101 du 2 février 1995 relative au renforcement de la protection de l’environnement</line>
<line>et notamment l’article 16 Instituant les plans de prévention des risques naturels prévisibles (PPR),</line></par>
<par>
<line>Vu le décret n°95-1089 du 5 octobre 1995 relatif aux plans de prévention des risques naturels</line>
<line>prévisibles,</line></par>
<par>
<line>Vu la circulaire interministérielle du 24 janvier 1994 définissant les objectifs arrêtés par le</line>
<line>gouvernement en matière de gestion des zones inondables,</line></par>
<par>
<line>Vu l’arrêté interpréfectoral en date du 6 Juin 1997 pour le département de l’Orne et 30 mai 1997</line>
<line>pour le département de la Sarthe prescrivant le projet de plan de prévention du risque d’inondations de la</line>
<line>rivière « la Sarthe », sur le territoire des communes de :</line></par>
<par>
<line>ST CENERI LE GERE!</line></par>
<par>
<line>MIEUXCE</line></par>
<par>
<line>HESLOUP</line></par>
<par>
<line>ST GERMAIN DU CORBEIS</line></par>
<par>
<line>CONDE SUR SARTHE</line></par>
<par>
<line>DAMIGNY</line></par>
<par>
<line>ALENÇON</line></par>
<par>
<line>VALFRAMBERT</line></par>
<par>
<line>CERISE</line></par>
<par>
<line>SEMALLE</line></par>
<par>
<line>HAUTERIVE</line></par>
<par>
<line>LE MENiL BROUT</line></par>
<par>
<line>LES VENTES DE BOURSE</line></par>
<par>
<line>.... /...,</line></par>
<par>
<line>TOUTE CORRESPONDANCE DOIT ÊTRE ADRESSÉE DE MANIÈRE IMPERSONNELLE A L’ADRESSE SUIVANTE .</line></par>
<par>
<line>MONSIEUR LE PRÉFET DE LORNE - B.P 529 - 61018 ALENÇON CEDEX</line></par>
</text>
</block>






</page>
<page width="1653" height="2336" resolution="200">
<block><region><rect/></region>
<text>
<par>
<line>-2-</line></par>
</text>
</block>
<block><region><rect/></region>
<text>
<par>
<line>ST LEGER SUR SARTHE</line>
<line>BARVILLE</line></par>
<par>
<line>ST JULIEN SUR SARTHE</line></par>
<par>
<line>LE MELE SUR SARTHE dans le département de l'Orne ;</line></par>
<par>
<line>MOULINS LE CARBONNEL</line></par>
<par>
<line>ARCONNAY</line></par>
<par>
<line>ST PATERNE</line></par>
<par>
<line>LE CHEVAIN</line></par>
<par>
<line>CHENAY</line></par>
<par>
<line>MONTIGNY</line></par>
<par>
<line>CHASSE</line></par>
<par>
<line>LA FRESNAYË SUR CHEDOUET</line></par>
<par>
<line>ROULLEE dans le département de la Sarthe ;</line></par>
<par>
<line>Vu l’arrêté préfectoral du 5 septembre 2000 portant mise à enquête publique concernant le Plan</line>
<line>de Prévention du Risque d’inondations de la rivière « (a Sarthe » sur le territoire des communes précitées,</line></par>
<par>
<line>Vu l’ensemble des avis recueillis au cours de la procédure d’instruction du dossier,</line></par>
<par>
<line>Vu l’enquête publique ayant eu lieu du 25 septembre 2000 au 21 octobre 2000 inclus.</line></par>
<par>
<line>Vu l’avis favorable du 18 novembre 2000 du commissaire-enquêteur assorti de réserves,</line></par>
<par>
<line>Vu la lettre du Directeur Départemental de l’Equipement de l’Orne du 9 janvier 2001 levant les</line></par>
<par>
<line>réserves.</line></par>
<par>
<line>Vu la lettre du Directeur Départemental de l’Equipement de l’Orne du 3 avril 2001 sollicitant</line>
<line>l’arrêté interdépartemental d’approbation du Plan de Prévention du Risque d’inondations,</line></par>
<par>
<line>Sur proposition conjointe des Secrétaires Généraux des Préfectures de la Sarthe et de l’Orne,</line></par>
<par>
<line>ARRETENT</line></par>
<par>
<line>ARTICLE 1 er - Est approuvé, tel qu’il est annexé au présent arrêté, le Plan de Prévention des Risques</line>
<line>Naturels prévisibles relatif aux risques d’inondations sur le territoire des communes précitées.</line></par>
</text>
</block>
<block><region><rect/></region>
<text>
<par>
<line>ARTICLE 2 - Le Plan de Prévention du Risque d’inondations comprend :</line></par>
<par>
<line>- la note de présentation,</line></par>
<par>
<line>- les plans de zonage,</line></par>
<par>
<line>- le règlement.</line></par>
</text>
</block>
<block><region><rect/></region>
<text>
<par>
<line>ARTICLE 3 - Il est tenu à la disposition du public tous les jours ouvrables aux heures d’ouverture des</line>
<line>bureaux :</line></par>
</text>
</block>
<block><region><rect/></region>
<text>
<par>
<line>- des Préfectures de la Sarthe et de l’Orne,</line></par>
<par>
<line>- des Sous-Préfectures de MORTAGNE AU PERCHE et MAMERS.</line></par>
<par>
<line>- des mairies des vingt-six communes précitées,</line></par>
<par>
<line>- de la Direction départementale de l’Equipement de la Sarthe - 34, rue Chanzy - LE MANS,</line></par>
<par>
<line>- de la Direction Départementale de l’Equipement de l’Orne - Cité Administrative - ALENÇON</line></par>
<par>
<line>- de la Direction Départementale de l’Agriculture et de la Forêt de l’Orne - Cité Administrative -</line>
<line>ALENÇON.</line></par>
</text>
</block>
<block><region><rect/></region>
<text>
<par>
<line>.../...</line></par>
</text>
</block>



</page>
<page width="1653" height="2336" resolution="200">
<block><region><rect/></region>
<text>
<par>
<line>-3-</line></par>
</text>
</block>
<block><region><rect/></region>
<text>
<par>
<line>ARTICLE 4 - Le présent arrêté sera inséré au Recueil des Actes Administratifs des préfectures de l'Orne</line>
<line>et de ia Sarthe. Cet arrêté sera pubiié dans deux journaux diffusés :</line></par>
<par>
<line>- dans ie département de i’Orne : « OUEST FRANCE » {Edition Orne) et « L’ORNE HEBDO » ;</line></par>
<par>
<line>- dans ie département de ia Sarthe : « OUEST FRANCE » (Edition Sarthe) et ie « MAiNE LiBRE » (Edition</line>
<line>Nord-Sarthe).</line></par>
<par>
<line>Une copie du présent arrêté sera affichée dans les mairies des vingt-six communes précitées et</line>
<line>portée à la connaissance du pubiic par tous autres procédés en usage dans les communes pendant un</line>
<line>mois au minimum. Ces mesures de pubiicité seront justifiées par un certificat de chacun des maires.</line></par>
<par>
<line>Le Pian de Prévention des Risques d’inondations approuvé vaut servitude d’utiiité publique et</line>
<line>sera annexé aux Plans d’Occupation des Sols des communes précitées.</line></par>
</text>
</block>
<block><region><rect/></region>
<text>
<par>
<line>ARTICLE 5-</line></par>
<par>
<line>Les Secrétaires Généraux des Préfectures de la Sarthe et de l'Orne,</line>
<line>les Sous-Préfets de MAMERS et MORTAGNE AU PERCHE,</line>
<line>les Maires des vingt-six communes précitées,</line></par>
<par>
<line>les Directeurs Départementaux de l’Equipement de la Sarthe et de l’Orne,</line></par>
<par>
<line>le Directeur Départemental de l’Agriculture et de la Forêt de l’Orne,</line></par>
<par>
<line>sont chargés, chacun en ce qui le concerne, de l'exécution du présent arrêté.</line></par>
<par>
<line>Une ampliation du présent arrêté et du dossier sera adressée à chacun des destinataires précitées ainsi</line>
<line>qu’à :</line></par>
<par>
<line>- M. le Directeur Départemental de l’Agriculture et de la Forêt de la Sarthe,</line></par>
<par>
<line>- M. GRANJON, commissaire-enquêteur,</line></par>
<par>
<line>- M. le Président de la Communauté Urbaine d’ALENÇON,</line></par>
<par>
<line>- M. le Directeur Régional de l’Environnement - HEROUVILLE-SAINT CLAIR.</line></par>
<par>
<line>Fait au MANS, le 22 mai 2001 Fait à ALENÇON, le 22 mai 2001</line></par>
</text>
</block>
<block><region><rect/></region>
<text>
<par>
<line>LE PREFET DE LA SARTHE, LE PREFET DE L’ORNE,</line></par>
</text>
</block>
<block><region><rect/></region>
<text>
<par>
<line>Elisabeth ALLAIRE Jean-Jacques DEBACQ</line></par>
</text>
</block>
<block><region><rect/></region>
<text>
<par>
<line>Pour aiTîpliaüon</line>
<line>Pour k Sçcfctaire Général</line></par>
</text>
</block>
<block><region><rect/></region>
<text>
<par>
<line>as-lien TRUET</line></par>
</text>
</block>



</page>
</PM1>