<?xml version="1.0" encoding="UTF-8"?><PM1>
<page width="2492" height="3513" resolution="300">
<block><region><rect/></region>
<text>
<par>
<line>Liberté » Égalité » Fraternité</line></par>
<par>
<line>RÉPUBLIQUE FRANÇAISE</line></par>
</text>
</block>
<block><region><rect/></region>
<text>
<par>
<line>PRÉFET DE LA DROME</line></par>
</text>
</block>
<block><region><rect/></region>
<text>
<par>
<line>Préfectui'e</line></par>
<par>
<line>Direction des collectivités et de l'utilité publique</line>
<line>Bureau des enquêtes publiques</line></par>
<par>
<line>Affaire suivie par :</line></par>
<par>
<line>Isabelle VERILHAC/Lucette MANGUIN</line>
<line>Tel.: 04.75.79.29.48 / 04.75.79.28.71</line>
<line>Fax : 04 75 79 28.55</line></par>
<par>
<line>E-mail : Isabelle.verilhac@.drome.gouv.fr</line>
<line>lucette.rnanguin@drome.gouv.fr</line></par>
</text>
</block>
<block><region><rect/></region>
<text>
<par>
<line>Valence, le | 8 QfJ. 2i1S</line></par>
</text>
</block>
<block><region><rect/></region>
<text>
<par>
<line>Direction des Territoires</line></par>
<par>
<line>Service Aménagement du Territoire et des Risques</line>
<line>Pôle Prévention des Risques</line></par>
<par>
<line>Affaire suivie par :</line></par>
<par>
<line>Alain BRECHET</line>
<line>Tél. :04 81 66 81 24</line>
<line>courriel : alam.brechet@drome.gouv.fT</line></par>
</text>
</block>
<block><region><rect/></region>
<text>
<par>
<line>Arrêté 11° - ooo?-</line></par>
<par>
<line>portant approbation dn</line></par>
<par>
<line>Plan de Prévention des Risques naturels-inondations prévisibles de la commune de</line></par>
<par>
<line>Sainte-Euphémie-sur-Ouvèze</line></par>
</text>
</block>
<block><region><rect/></region>
<text>
<par>
<line>Le Préfet de la Drôme,</line></par>
<par>
<line>Officier de la Légion d'Honneur,</line>
<line>Officier de l'Ordre National du Mérite</line></par>
</text>
</block>
<block><region><rect/></region>
<text>
<par>
<line>VU le Code de l’Environnement et notamment ses articles L562-1 à L562-9 et R562-1 à R562-12 ;</line></par>
<par>
<line>VU le code de l'urbanisme ;</line></par>
<par>
<line>VU la loi n° 2004.811 du 13 août 2004 modifiée, de modernisation de la sécurité civile ;</line></par>
<par>
<line>VU le décret n° 2004-374 du 29 avril 2004 modifié, relatif aux pouvoirs des Préfets, à l’organisation</line>
<line>et à l'action des services de l'État dans les régions et départements ;</line></par>
<par>
<line>VU la circulaire du 24 janvier 1994 relative à la prévention des inondations et à la gestion des zones</line>
<line>inondables ;</line></par>
<par>
<line>VU la circulaire du 24 avril 1996 relative aux dispositions applicables au bâti et ouvrages existants</line>
<line>en zones inondables ;</line></par>
<par>
<line>VU la circulaire du 30 avril 2002 relative à la politique de l'État en matière de risques naturels</line>
<line>prévisibles et de gestion des espaces situés derrière les digues de protection contre les inondations</line>
<line>et les submersions marines ;</line></par>
</text>
</block>
<block><region><rect/></region>
<text>
<par>
<line>3, boulevard Vauban - 26030 VALENCE cedex 9 - Téléphone : 04 75 79 28 00</line>
<line>Site Internet de l'Etat en Drôme : http://www.drome.pref.gouv.fr/</line></par>
</text>
</block>




</page>
<page width="2492" height="3513" resolution="300">
<block><region><rect/></region>
<text>
<par>
<line>vu la circulaire du 21 janvier 2004 relative à la maîtrise de l'urbanisme et de l'adaptation des</line>
<line>constructions en zone inondable ;</line></par>
<par>
<line>VU l’arrêté interpréfectoral modifié n°2628 du 26 octobre 2000 prescrivant l'élaboration d’un Plan</line>
<line>de Prévention des Risques Naturels prévisibles inondation du bassin versant de l'Ouvèze ;</line></par>
<par>
<line>VU l'arrêté interpréfectoral n°902 du 17 avril 2001 modifiant l'arrêté interpréfectoral n°2628 du 26</line>
<line>octobre 2000 ;</line></par>
<par>
<line>VU l'arrêté interpréfectoral n° 06-0813 et n° SI2006-02-21-0040-PREF du 21 février 2006 modifiant</line>
<line>l'arrêté n° 902 du 17 avril 2001 ;</line></par>
<par>
<line>VU l'arrêté interpréfectoral n° 07-0886 du 1er mars 2007 modifiant l'arrêté n° 2628 du 26 octobre</line></par>
<par>
<line>2000;</line></par>
<par>
<line>VU l'arrêté préfectoral n° 09-4142 du 3 septembre 2009 portant prescriptions complémentaires</line>
<line>concernant le Plan de Prévention des Risques Naturels -inondation du bassin versant de</line>
<line>l'Ouvèze ;</line></par>
<par>
<line>VU l'arrêté préfeetoral n°10-1225 du 30 mars 2010 prescrivant des enquêtes publiques conjointes sur</line>
<line>le projet de Plan de Prévention des Risques Naturels - inondations du bassin versant de l'Ouvèze ;</line></par>
<par>
<line>VU la délibération du conseil municipal de Sainte-Euphémie-sur-Ouvèze du 10 juillet 2009 ;</line></par>
<par>
<line>VU l'avis du centre régional de la propriété forestière Rhône-Alpes du 14 juin 2009 ;</line></par>
<par>
<line>VU l'avis du service départemental d'incendie et de secours de la Drôme du 17 juin 2009 ;</line></par>
<par>
<line>VU l'avis de la direction régionale de l'environnement de l'aménagement et du logement du 9 juillet</line>
<line>2009 ;</line></par>
<par>
<line>VU l'avis de la chambre d'agriculture de la Drôme du 13 juillet 2009 ;</line></par>
<par>
<line>VU l’avis du syndicat mixte de l'Ouvèze provençale du 22 juillet 2009 ;</line></par>
<par>
<line>VU l'avis de la direction départementale de l'agriculture et de la forêt de la Drôme du 5 août 2009 ;</line></par>
<par>
<line>VU le bilan de la concertation tel que figurant au registre de l'enquête publique ;</line></par>
<par>
<line>VU le rapport et les conclusions de la commission d'enquête du 5 août 2010 ;</line></par>
<par>
<line>VU le rapport d'analyse de septembre 2010 de la direction départementale des territoires en réponse à</line>
<line>chacune des observations de la commission d'enquête, et du conseil municipal de Sainte-</line>
<line>Euphémie-sur-Ouvèze, (rapport à M. le Préfet de la Drôme : analyse des enquêtes publiques</line>
<line>conjointes, propositions de suite à donner) ;</line></par>
<par>
<line>Considérant que les modifications du règlement, permettant de préciser la côte de référence en zone</line></par>
<par>
<line>jaune et définissant les obligations des communes et des particuliers en matière de gestion des dépôts</line></par>
<par>
<line>de matériels en bordure des cours d'eau, répondent aux observations de la commission d'enquête ;</line></par>
</text>
</block>
<block><region><rect/></region>
<text>
<par>
<line>2/4</line></par>
</text>
</block>
</page>
<page width="2488" height="3510" resolution="300">
<block><region><rect/></region>
<text>
<par>
<line>Considérant que la modification du zonage réglementaire au niveau de la place du village et du</line>
<line>centre ancien répond à des observations de la commune et de la commission d'enquête sans modifier</line>
<line>l'économie générale du plan de prévention des risques inondations;</line></par>
<par>
<line>Considérant que le plan de prévention des risques inondations de la commune de Sainte-Euphémie-</line>
<line>sur-Ouvèze est conforme aux objectifs de préservation des vies humaines et de réduction de la</line>
<line>vulnérabilité des personnes et des biens, que le règlement contient des mesures de prévention et de</line>
<line>sauvegarde conformes à la doctrine nationale exprimée dans les circulaires sus-visées et que rien ne</line>
<line>s'oppose à sa mise en oeuvre ;</line></par>
<par>
<line>Sur la proposition de Madame la Secrétaire Générale de la préfecture de la Drôme ;</line></par>
</text>
</block>
<block><region><rect/></region>
<text>
<par>
<line>ARRETE</line></par>
</text>
</block>
<block><region><rect/></region>
<text>
<par>
<line>Article 1er ;</line></par>
</text>
</block>
<block><region><rect/></region>
<text>
<par>
<line>Le Plan de Prévention des Risques naturels inondation prévisibles de la commune de Sainte-</line>
<line>Euphémie-sur-Ouvèze est approuvé.</line></par>
</text>
</block>
<block><region><rect/></region>
<text>
<par>
<line>Article 2</line></par>
</text>
</block>
<block><region><rect/></region>
<text>
<par>
<line>Le Plan de Prévention des Risques naturels inondation prévisibles comprend les pièces suivantes ci-</line>
<line>annexées :</line></par>
<par>
<line>* la note de présentation</line></par>
<par>
<line>® la carte de zonage réglementaire</line></par>
<par>
<line>* le règlement</line></par>
<par>
<line>Sont également annexés, à titre d'information :</line></par>
<par>
<line>* les pièces graphiques complémentaires</line></par>
<par>
<line>* la carte de synthèse des zonages réglementaires du bassin versant de l'Ouvèze.</line></par>
</text>
</block>
<block><region><rect/></region>
<text>
<par>
<line>Article 3</line></par>
</text>
</block>
<block><region><rect/></region>
<text>
<par>
<line>Le Plan de Prévention des Risques naturels inondation prévisibles de la commune de Sainte-</line>
<line>Euphémie-sur-Ouvèze est tenu à la disposition du public aux jours et heures ouvrables à la mairie de</line>
<line>Sainte-Euphémie-sur-Ouvèze ainsi qu'en Préfecture de la Drôme (bureau des Enquêtes Publiques).</line></par>
<par>
<line>Article 4</line></par>
</text>
</block>
<block><region><rect/></region>
<text>
<par>
<line>Le présent arrêté sera publié au Recueil des Actes Administratifs de la Préfecture et mention en sera</line>
<line>faite dans un journal diffusé dans le département.</line></par>
<par>
<line>L'arrêté sera également affiché pendant un mois au minimum à la mairie de Sainte-Euphémie-sur-</line>
<line>Ouvèze et porté à la connaissance du public par tout autre procédé en usage dans la commune.</line></par>
<par>
<line>Un certificat du maire justifiera l’accomplissement de cette formalité.</line></par>
</text>
</block>
<block><region><rect/></region>
<text>
<par>
<line>3/4</line></par>
</text>
</block>




</page>
<page width="2495" height="3514" resolution="300">
<block><region><rect/></region>
<text>
<par>
<line>Article 5</line></par>
</text>
</block>
<block><region><rect/></region>
<text>
<par>
<line>Le présent arrêté peut faire l'objet d'un recours contentieux devant le tribunal administratif de</line>
<line>Grenoble (2 place de Verdun BPI 135 38022 GRENOBLE Cedex 1) dans un délai de deux mois à</line>
<line>compter de sa date de publication.</line></par>
</text>
</block>
<block><region><rect/></region>
<text>
<par>
<line>Article 6</line></par>
</text>
</block>
<block><region><rect/></region>
<text>
<par>
<line>Madame la Secrétaire Générale de la préfecture de la Drôme, Monsieur le Sous-Préfet de Nyons,</line>
<line>Monsieur le maire de la commune de Sainte-Euphémie-sur-Ouvèze, Monsieur le Directeur</line>
<line>Départemental des Territoires de la Drôme sont chargés, chacun en ce qui le concerne, de l’exécution</line>
<line>du présent arrêté.</line></par>
</text>
</block>
<block><region><rect/></region>
<text>
<par>
<line>Fait à Valence, le | § tW</line>
<line>Le Préfet,</line></par>
</text>
</block>
<block><region><rect/></region>
<text>
<par>
<line>François-Xavier CECCALDÏ</line></par>
</text>
</block>


</page>
</PM1>