<?xml version="1.0" encoding="UTF-8"?><PM1>
<page width="4964" height="7021" resolution="600">
<block><region><rect/></region>
<text>
<par>
<line>Liberté * Égalité * Fraternité</line></par>
<par>
<line>République Française</line></par>
</text>
</block>
<block><region><rect/></region>
<text>
<par>
<line>PRÉFECTURE DE U ARIÈGE</line></par>
</text>
</block>
<block><region><rect/></region>
<text>
<par>
<line>’ CABINET DU PRÉFET</line></par>
<par>
<line>SERVICE INTERMINISTÉRIEL</line>
<line>■ DE DÉFENSE</line></par>
<par>
<line>ET DE PROTECTION CIVILE</line></par>
</text>
</block>
<block><region><rect/></region>
<text>
<par>
<line>Arrêté préfectoral</line>
<line>prescrivant rétablissement</line>
<line>d'un plan de prévention des risques naturels</line>
<line>prévisibles dans la commune</line>
<line>de Verdun</line></par>
</text>
</block>
<block><region><rect/></region>
<text>
<par>
<line>Le préfet de l'Ariège,</line></par>
<par>
<line>Chevalier de la Légion d'Honneur</line></par>
<par>
<line>Vu la loi n° 87-585 du 22 juillet 1987 relative à l'organisation de la sécurité civile, à la protection de la</line>
<line>forêt contre l'incendie et à la prévention des risques majeurs ;</line></par>
<par>
<line>Vu la loi n° 92-3 du 3 janvierl992 sur l'eau ;</line></par>
<par>
<line>Vu la loi n° 95-101 du 2 février 1995 relative au renforcement de la protection de l'environnement ;</line></par>
<par>
<line>Vu le décret n° 95-1089 du 5 octobre 1995 relatif aux pians de prévention des risques naturels</line>
<line>prévisibles ;</line></par>
<par>
<line>Considérant la nécessité de délimiter sur le territoire de la commune de Verdun les terrains sur</line>
<line>lesquels l'occupation ou l'utilisation du sol doit .être réglementée du fait de leur exposition aux</line>
<line>risques naturels (mouvements de terrains, inondations et crues torrentielles) ;</line></par>
<par>
<line>Sur proposition du directeur départemental de l'agriculture et de la forêt - service interdépartemental</line>
<line>de restauration des terrains en montagne de l'Ariège et de la Haute-Garonne ;</line></par>
<par>
<line>Arrête</line></par>
<par>
<line>Article 1 - L'établissement d'un plan de prévention des risques naturels prévisibles est prescrit dans la</line>
<line>commune de Verdun.</line></par>
<par>
<line>Article 2 - Le périmètre mis à l'étude est délimité sur le plan au i/25.000ème annexé au présent arrêté.</line></par>
<par>
<line>Aiticle 3 - Les risques étudiés seront les mouvements de terrains, les inondations et les crues</line>
<line>torrentielles.</line></par>
<par>
<line>Article 4 - La direction départementale de l'agriculture et de la forêt de l'Ariège - service</line>
<line>interdépartemental de restauration des terrains en montagne de l'Ariège et de la Haute-</line>
<line>Garonne - est chargée de l'instruction et de l'élaboration du plan de prévention des risques</line>
<line>naturels prévisibles de Verdun.</line></par>
<par>
<line>Article 5 - Une ampliation du présent arrêté sera adressée à :</line></par>
<par>
<line>- M. le maire de la commune de Verdun ;</line></par>
<par>
<line>- M. le directeur départemental de l'agriculture et de la forêt ;</line></par>
<par>
<line>- M. le chef du service interdépartemental de restauration des terrains en montagne de l'Ariège</line></par>
<par>
<line>et de la Haute-Garonne ;</line></par>
<par>
<line>- M. le directeur départemental de l'équipement ;</line></par>
<par>
<line>- M. le directeur régional de l'environnement.</line></par>
<par>
<line>./...</line></par>
</text>
</block>
<block><region><rect/></region>
<text>
<par>
<line>2, RUE DE LA PRÉFECTURE - B.P. 87 - 09007 FODC CEDEX - STANDARD 05 61 02 10 00 - TÉLÉCOPIE 05 61 02 74 82</line></par>
</text>
</block>
















</page>
<page width="4979" height="7032" resolution="600">
<block><region><rect/></region>
<text>
<par>
<line>-2-</line></par>
</text>
</block>
<block><region><rect/></region>
<text>
<par>
<line>Article 6 - Le présent arrêté et son annexe seront tenus à la disposition du public en mairie de Verdun</line>
<line>et à la préfecture de l'Aiiège - service interministériel de défense et de protection civile.</line></par>
<par>
<line>Article 7 - Le secrétaire général de la préfecture, le directeur départemental de l'agriculture et de la</line>
<line>forêt - service interdépartemental de restauration des terrains en montagne de l'Ariège et de</line>
<line>la Haute-Garonne et le maire de Verdun sont chargés, chacun en ce qui le concerne, de</line>
<line>l'exécution du présent arrêté qui sera publié au Recueil des Actes Administratifs.</line></par>
</text>
</block>
<block><region><rect/></region>
<text>
<par>
<line>Fait à Foix, le 29 juillet 2002</line></par>
</text>
</block>
<block><region><rect/></region>
<text>
<par>
<line>Pour ampliation,</line>
<line>le chef de bureau du Cabinet,</line></par>
</text>
</block>
<block><region><rect/></region>
<text>
<par>
<line>Serge OI</line></par>
</text>
</block>
<block><region><rect/></region>
<text>
<par>
<line>Signé : Pierre Soubelet</line></par>
</text>
</block>


















</page>
<page width="2479" height="3508" resolution="300">
<block><region><rect/></region>
<text>
<par/>
</text>
</block>
<block><region><rect/></region>
<text>
<par/>
</text>
</block>
<block><region><rect/></region>
<text>
<par>
<line>1:3X1</line></par>
</text>
</block>
<block><region><rect/></region>
<text>
<par/>
</text>
</block>
<block><region><rect/></region>
<text>
<par>
<line>%</line></par>
</text>
</block>
<block><region><rect/></region>
<text>
<par/>
</text>
</block>
<block><region><rect/></region>
<text>
<par/>
</text>
</block>
<block><region><rect/></region>
<text>
<par/>
</text>
</block>
<block><region><rect/></region>
<text>
<par/>
</text>
</block>
<block><region><rect/></region>
<text>
<par/>
</text>
</block>
<block><region><rect/></region>
<text>
<par/>
</text>
</block>
<block><region><rect/></region>
<text>
<par/>
</text>
</block>
<block><region><rect/></region>
<text>
<par/>
</text>
</block>
<block><region><rect/></region>
<text>
<par>
<line>li«S</line></par>
</text>
</block>
<block><region><rect/><rect/></region>
<text>
<par/>
</text>
</block>
<block><region><rect/></region>
<text>
<par/>
</text>
</block>
<block><region><rect/></region>
<text>
<par>
<line>J</line></par>
</text>
</block>
<block><region><rect/></region>
<text>
<par>
<line>//■</line></par>
</text>
</block>
<block><region><rect/></region>
<text>
<par>
<line>2</line></par>
</text>
</block>
<block><region><rect/></region>
<text>
<par>
<line>K</line></par>
</text>
</block>
<block><region><rect/></region>
<text>
<par>
<line>N-</line></par>
</text>
</block>
<block><region><rect/></region>
<text>
<par>
<line>:Aii</line></par>
</text>
</block>
<block><region><rect/></region>
<text>
<par>
<line>it)r</line></par>
</text>
</block>
<block><region><rect/></region>
<text>
<par>
<line>&lt;rï,^</line></par>
</text>
</block>
<block><region><rect/></region>
<text>
<par/>
</text>
</block>
<block><region><rect/></region>
<text>
<par>
<line>sSï</line></par>
</text>
</block>
<block><region><rect/></region>
<text>
<par/>
</text>
</block>
<block><region><rect/></region>
<text>
<par>
<line>c^-</line></par>
</text>
</block>
<block><region><rect/></region>
<text>
<par>
<line>O</line></par>
</text>
</block>
<block><region><rect/></region>
<text>
<par/>
</text>
</block>
<block><region><rect/></region>
<text>
<par>
<line>O®</line></par>
</text>
</block>
<block><region><rect/></region>
<text>
<par/>
</text>
</block>
<block><region><rect/></region>
<text>
<par>
<line>r&gt;</line></par>
</text>
</block>
<block><region><rect/></region>
<text>
<par>
<line>S&gt;IC</line></par>
</text>
</block>
<block><region><rect/></region>
<text>
<par/>
</text>
</block>
<block><region><rect/></region>
<text>
<par>
<line>m</line></par>
</text>
</block>
<block><region><rect/></region>
<text>
<par>
<line>ouUle</line></par>
</text>
</block>
<block><region><rect/></region>
<text>
<par>
<line>-X</line></par>
</text>
</block>
<block><region><rect/></region>
<text>
<par>
<line>I13U</line></par>
</text>
</block>
<block><region><rect/></region>
<text>
<par/>
</text>
</block>
<block><region><rect/></region>
<text>
<par>
<line>mi</line></par>
</text>
</block>
<block><region><rect/></region>
<text>
<par>
<line>1</line></par>
</text>
</block>
<block><region><rect/></region>
<text>
<par>
<line>îiS</line></par>
</text>
</block>
<block><region><rect/></region>
<text>
<par>
<line>%</line></par>
</text>
</block>
<block><region><rect/></region>
<text>
<par>
<line>m</line></par>
</text>
</block>
<block><region><rect/></region>
<text>
<par>
<line>■ê-¥M</line></par>
</text>
</block>
<block><region><rect/></region>
<text>
<par>
<line>%</line></par>
</text>
</block>
<block><region><rect/></region>
<text>
<par>
<line>\ y</line></par>
</text>
</block>
<block><region><rect/></region>
<text>
<par/>
</text>
</block>
<block><region><rect/></region>
<text>
<par/>
</text>
</block>
<block><region><rect/></region>
<text>
<par>
<line>RAt</line></par>
</text>
</block>
<block><region><rect/><rect/><rect/></region>
<text>
<par/>
</text>
</block>
<block><region><rect/></region>
<text>
<par/>
</text>
</block>
<block><region><rect/></region>
<text>
<par/>
</text>
</block>
<block><region><rect/></region>
<text>
<par/>
</text>
</block>
<block><region><rect/></region>
<text>
<par>
<line>.vm®</line></par>
</text>
</block>
<block><region><rect/></region>
<text>
<par/>
</text>
</block>
<block><region><rect/></region>
<text>
<par>
<line>i •n:i^i</line></par>
</text>
</block>
<block><region><rect/></region>
<text>
<par>
<line>?VfJ'ïî</line></par>
</text>
</block>
<block><region><rect/></region>
<text>
<par>
<line>'m</line></par>
</text>
</block>
<block><region><rect/></region>
<text>
<par>
<line>lOLiJzan^-:?—^</line></par>
</text>
</block>
<block><region><rect/></region>
<text>
<par/>
</text>
</block>
<block><region><rect/></region>
<text>
<par>
<line>N, 'R O U d e I M ç 1</line></par>
</text>
</block>
<block><region><rect/></region>
<text>
<par>
<line>.*^13.</line></par>
</text>
</block>
<block><region><rect/></region>
<text>
<par/>
</text>
</block>
<block><region><rect/></region>
<text>
<par/>
</text>
</block>
<block><region><rect/></region>
<text>
<par>
<line>rï?</line></par>
</text>
</block>
<block><region><rect/></region>
<text>
<par>
<line>3</line></par>
</text>
</block>
<block><region><rect/></region>
<text>
<par/>
</text>
</block>
<block><region><rect/></region>
<text>
<par>
<line>I« d p'uim e i'I r ^</line></par>
</text>
</block>
<block><region><rect/></region>
<text>
<par/>
</text>
</block>
<block><region><rect/></region>
<text>
<par>
<line>J ■•;</line></par>
</text>
</block>
<block><region><rect/></region>
<text>
<par>
<line>.^11</line></par>
</text>
</block>
<block><region><rect/></region>
<text>
<par>
<line>■X-A</line></par>
</text>
</block>
<block><region><rect/></region>
<text>
<par/>
</text>
</block>
<block><region><rect/></region>
<text>
<par/>
</text>
</block>
<block><region><rect/></region>
<text>
<par/>
</text>
</block>
<block><region><rect/></region>
<text>
<par/>
</text>
</block>
<block><region><rect/></region>
<text>
<par/>
</text>
</block>
<block><region><rect/></region>
<text>
<par>
<line>m</line></par>
</text>
</block>
<block><region><rect/></region>
<text>
<par>
<line>Roc</line></par>
</text>
</block>
<block><region><rect/><rect/></region>
<text>
<par/>
</text>
</block>
<block><region><rect/></region>
<text>
<par/>
</text>
</block>
<block><region><rect/></region>
<text>
<par/>
</text>
</block>
<block><region><rect/></region>
<text>
<par/>
</text>
</block>
<block><region><rect/></region>
<text>
<par/>
</text>
</block>
<block><region><rect/></region>
<text>
<par/>
</text>
</block>
<block><region><rect/></region>
<text>
<par/>
</text>
</block>
<block><region><rect/><rect/></region>
<text>
<par/>
</text>
</block>
<block><region><rect/></region>
<text>
<par>
<line>es ^</line>
<line>Nv/</line></par>
</text>
</block>
<block><region><rect/></region>
<text>
<par>
<line>am</line></par>
</text>
</block>
<block><region><rect/></region>
<text>
<par>
<line>'Vêradn</line></par>
</text>
</block>
<block><region><rect/></region>
<text>
<par>
<line>V A</line></par>
</text>
</block>
<block><region><rect/></region>
<text>
<par/>
</text>
</block>
<block><region><rect/></region>
<text>
<par>
<line>«</line></par>
</text>
</block>
<block><region><rect/></region>
<text>
<par>
<line>^ Vs</line></par>
</text>
</block>
<block><region><rect/></region>
<text>
<par>
<line>îOv</line></par>
</text>
</block>
<block><region><rect/></region>
<text>
<par>
<line>tm</line></par>
</text>
</block>
<block><region><rect/></region>
<text>
<par/>
</text>
</block>
<block><region><rect/></region>
<text>
<par>
<line>amx!</line></par>
</text>
</block>
<block><region><rect/></region>
<text>
<par/>
</text>
</block>
<block><region><rect/></region>
<text>
<par>
<line>l</line></par>
</text>
</block>
<block><region><rect/></region>
<text>
<par>
<line>:.: S</line></par>
</text>
</block>
<block><region><rect/></region>
<text>
<par>
<line>htn/</line></par>
</text>
</block>
<block><region><rect/></region>
<text>
<par/>
</text>
</block>
<block><region><rect/></region>
<text>
<par/>
</text>
</block>
<block><region><rect/></region>
<text>
<par/>
</text>
</block>
<block><region><rect/></region>
<text>
<par/>
</text>
</block>
<block><region><rect/></region>
<text>
<par/>
</text>
</block>
<block><region><rect/></region>
<text>
<par/>
</text>
</block>
<block><region><rect/></region>
<text>
<par>
<line>aIZjVv</line></par>
</text>
</block>
<block><region><rect/></region>
<text>
<par>
<line>''/f.</line></par>
</text>
</block>
<block><region><rect/></region>
<text>
<par/>
</text>
</block>
<block><region><rect/></region>
<text>
<par/>
</text>
</block>
<block><region><rect/></region>
<text>
<par/>
</text>
</block>
<block><region><rect/></region>
<text>
<par>
<line>»ü</line></par>
</text>
</block>
<block><region><rect/></region>
<text>
<par/>
</text>
</block>
<block><region><rect/></region>
<text>
<par/>
</text>
</block>
<block><region><rect/></region>
<text>
<par>
<line>m</line></par>
</text>
</block>
<block><region><rect/></region>
<text>
<par>
<line>^Miînî^fï'o^</line></par>
</text>
</block>
<block><region><rect/></region>
<text>
<par>
<line>s Wi»</line></par>
</text>
</block>
<block><region><rect/><rect/></region>
<text>
<par>
<line>'^^y~-//:^ .^/GSd.t.ei</line></par>
<par>
<line>rdiin /li-Æh.-e^</line></par>
</text>
</block>
<block><region><rect/></region>
<text>
<par>
<line>L'obfiyr</line></par>
</text>
</block>
<block><region><rect/></region>
<text>
<par>
<line>'ma.</line></par>
</text>
</block>
<block><region><rect/></region>
<text>
<par>
<line>fl</line></par>
</text>
</block>
<block><region><rect/></region>
<text>
<par>
<line>PU Ü</line></par>
</text>
</block>
<block><region><rect/></region>
<text>
<par/>
</text>
</block>
<block><region><rect/></region>
<text>
<par/>
</text>
</block>
<block><region><rect/></region>
<text>
<par/>
</text>
</block>
<block><region><rect/></region>
<text>
<par>
<line>;-;)i.’^ai;i'm p / ^ï-ax-v-^w.</line></par>
<par>
<line>CQIUIIVIUNE DE VERDUN</line></par>
<par>
<line>——Limite communale</line></par>
<par>
<line>••dJL, Périmètre d'étude du P.P.R.</line></par>
<par>
<line>Echelle : 1/25 000</line></par>
</text>
</block>
<block><region><rect/></region>
<text>
<par>
<line>Wii</line></par>
<par>
<line>fM'-.</line></par>
</text>
</block>
<block><region><rect/></region>
<text>
<par/>
</text>
</block>
<block><region><rect/></region>
<text>
<par/>
</text>
</block>
<block><region><rect/></region>
<text>
<par>
<line>:M</line></par>
</text>
</block>
<block><region><rect/><rect/></region>
<text>
<par>
<line>«</line></par>
</text>
</block>
<block><region><rect/></region>
<text>
<par>
<line>a"de</line></par>
</text>
</block>
<block><region><rect/></region>
<text>
<par>
<line>■Oc*i;</line></par>
</text>
</block>
<block><region><rect/></region>
<text>
<par/>
</text>
</block>
<block><region><rect/></region>
<text>
<par/>
</text>
</block>
<block><region><rect/></region>
<text>
<par/>
</text>
</block>
<block><region><rect/></region>
<text>
<par/>
</text>
</block>
<block><region><rect/></region>
<text>
<par>
<line>Pv(</line></par>
</text>
</block>
<block><region><rect/></region>
<text>
<par/>
</text>
</block>
<block><region><rect/></region>
<text>
<par>
<line>. ■•i-r-nk</line></par>
</text>
</block>
<block><region><rect/></region>
<text>
<par/>
</text>
</block>
<block><region><rect/></region>
<text>
<par>
<line>f .-i'</line></par>
</text>
</block>
<block><region><rect/></region>
<text>
<par/>
</text>
</block>
<block><region><rect/></region>
<text>
<par/>
</text>
</block>
<block><region><rect/></region>
<text>
<par>
<line>^ .A.</line></par>
</text>
</block>
<block><region><rect/></region>
<text>
<par/>
</text>
</block>
<block><region><rect/></region>
<text>
<par>
<line>U r*.</line></par>
</text>
</block>



























<block blockType="Picture" blockName="" l="549" t="518" r="644" b="551"><region><rect/></region>
</block>
<block blockType="Picture" blockName="" l="1168" t="2563" r="1202" b="2677"><region><rect/></region>
</block>
</page>
<page width="4987" height="7037" resolution="600">
<block><region><rect/></region>
<text>
<par>
<line>Oéfinition de prescriptions PPR relevant du Code de \a construction et</line></par>
<par>
<line>de l'urbanisme</line></par>
</text>
</block>
<block><region><rect/></region>
<text>
<par>
<line>&gt; Fdçad# renforcées -</line></par>
</text>
</block>
<block><region><rect/></region>
<text>
<par>
<line>Le règlement utilise la notion de " renforcements de façades " concernent les batiments</line>
<line>situés sur des zones soumises à des écoulements o forte charge solide (avalanche, crue</line>
<line>torrentielle) et notamment dans les cas de chutes de blocs. Cette notion mérite cependant</line>
<line>d'être explicitée pour les cas complexes :</line></par>
<par>
<line>• la direction de propagation du phénomène est généralement celle de la ligne de plus grande pente</line>
<line>(se reporter à la carte des phénomènes et/ou des aléas qui permettront de définir sans ambiguïté le point</line>
<line>de départ ainsi que la nature et la direction des écoulements prévisibles),</line></par>
<par>
<line>• elle peut s'écarter localement de cette direction de façon imprévisible et importante,</line>
<line>notamment pour des raisons liées à la dynamique du phénomène (rebonds irréguliers pendant les chutes de</line>
<line>blocs, élargissement des trajectoires d’avalanches à la sortie des couloirs...), à la présence d'irrégularités</line>
<line>de la surface topographique, ou encore par l’accumulation locale d'éléments transportés (troncs d’arbre,</line>
<line>blocs...) constituant des obstacles déflecteurs. Il est à noter que la présence de constructions à proximité</line>
<line>peut aussi constituer des obstacles déflecteurs.</line></par>
</text>
</block>
<block><region><rect/></region>
<text>
<par>
<line>C'est pour ces raisons que sont considérées comme (Figure n“l) :</line></par>
<par>
<line>- directement exposées les façades pour lesquelles : O® &lt; &lt; 90°</line></par>
<par>
<line>- indirectement exposées les façades pour lesquelles ; 90° &lt; &lt;180°</line></par>
<par>
<line>- aval, les façades pour lesquelles : = 180°.</line></par>
<par>
<line>En cas de présence de "redans" en façade indirectement exposée, des aménagements pourront</line>
<line>être apportées aux règles définies ci-dessus. Ce sera traité au coup par coup.</line></par>
<par>
<line>Les prescriptions architecturales imposées aux façades directement exposées seront localement</line>
<line>celles des façades indirectement exposées si des facettes déflectrices sont réalisées comme figuré</line>
<line>(Figure n°2). Les prescriptions applicables à ces facettes sont celles des façades directement exposées.</line></par>
</text>
</block>
<block><region><rect/></region>
<text>
<par>
<line>Règlement PPR de Verdun sur Ariège - DOCUMENT APPROUVE</line></par>
</text>
</block>

















</page>
<page width="4986" height="7037" resolution="600">
<block><region><rect/></region>
<text>
<par>
<line>Sens de réüouletnciu</line></par>
</text>
</block>
<block><region><rect/></region>
<text>
<par/>
</text>
</block>
<block><region><rect/></region>
<text>
<par>
<line>Cl</line></par>
</text>
</block>
<block><region><rect/></region>
<text>
<par>
<line>Figure n"!</line></par>
</text>
</block>
<block><region><rect/><rect/><rect/></region>
<text>
<par>
<line>directement</line></par>
<par>
<line>tJLpOiitS</line></par>
<par>
<line>Stni de prOfUtîlîon du</line></par>
<par>
<line>phénomène</line></par>
<par>
<line>&amp;j9a*</line></par>
</text>
</block>
<block><region><rect/></region>
<text>
<par/>
</text>
</block>
<block><region><rect/></region>
<text>
<par>
<line>Fiçide diftclemem</line></par>
</text>
</block>
<block><region><rect/></region>
<text>
<par>
<line>eupotéti</line></par>
</text>
</block>
<block><region><rect/></region>
<text>
<par>
<line>Figure n“2</line></par>
</text>
</block>
<block><region><rect/></region>
<text>
<par>
<line>&gt; Hauteur par rapport au terrain naturel</line></par>
</text>
</block>
<block><region><rect/></region>
<text>
<par>
<line>La notion de "hauteur par rapport au terrain nature!' mentionnée dans le règlement</line>
<line>pour les écoulements de fluides (avalanches, débordements torrentiels, inondations, coulées de</line>
<line>boue) ou pour les chutes de blocs, glissements de terrain mérite d'être explicitée pour les cas</line>
<line>complexes.</line></par>
<par>
<line>Les irrégularités locales de la topographie ne sont pas forcément prises en compte si elles sont de</line>
<line>surface faible par rapport à la surface totale de la zone considérée (bleue ou rouge), y^ussi, dans le cas de</line>
<line>petites cuvettes, il faut considérer que la côte du terrain naturel est la cote des terrains</line>
<line>environnants (les creux étant vite remplis par les écoulements), conformément au schéma ci-dessous</line></par>
</text>
</block>
<block><region><rect/><rect/></region>
<text>
<par>
<line>Utnl I e pé rlc U rc de»</line></par>
<par>
<line>rcitfiiTftnicnct</line></par>
</text>
</block>
<block><region><rect/></region>
<text>
<par/>
</text>
</block>
<block><region><rect/><rect/></region>
<text>
<par/>
</text>
</block>
<block><region><rect/></region>
<text>
<par>
<line>Figure</line></par>
</text>
</block>
<block><region><rect/></region>
<text>
<par>
<line>O En cas de terrassement en déblais, la hauteur doit être mesurée par rapport au terrain naturel</line></par>
<par>
<line>initial.</line></par>
</text>
</block>
<block><region><rect/></region>
<text>
<par>
<line>Règlement RPR de Verdun sur Ariège - DOCUMENT APPROUVE</line></par>
</text>
</block>





























</page>
<page width="4991" height="7040" resolution="600">
<block><region><rect/></region>
<text>
<par>
<line>O En cas de terrassement en remblais, ceux ci peuvent remplacer le renforcement des façades</line>
<line>exposées que s'ils sont attenants à la construction et s'ils ont été spécifiquement conçus pour cela</line>
<line>(protection anti-racines, parement exposé aux écoulements subverticaux sauf pour les inondations en</line>
<line>plaine, dimensionnement pour résister aux efforts prévisibles...). Dans le cas général, la hauteur à</line>
<line>renforcer sera mesurée depuis le sommet des remblais (figure n“4).</line></par>
<par>
<line>NB : Les fondations doivent être ancrées dans le terrain en place et non dans le remblais.</line></par>
</text>
</block>
<block><region><rect/></region>
<text>
<par/>
</text>
</block>
<block><region><rect/></region>
<text>
<par>
<line>- /</line></par>
</text>
</block>
<block><region><rect/></region>
<text>
<par>
<line>/A</line></par>
</text>
</block>
<block><region><rect/><rect/><rect/></region>
<text>
<par>
<line>n—\</line></par>
</text>
</block>
<block><region><rect/></region>
<text>
<par>
<line>Wntn lutunllntilil</line></par>
</text>
</block>
<block><region><rect/></region>
<text>
<par/>
</text>
</block>
<block><region><rect/></region>
<text>
<par/>
</text>
</block>
<block><region><rect/></region>
<text>
<par/>
</text>
</block>
<block><region><rect/></region>
<text>
<par>
<line>Figure n°4</line></par>
</text>
</block>
<block><region><rect/></region>
<text>
<par>
<line>Toute disposition architecturale particulière ne s'inscrivant pas dans ce schéma de</line>
<line>principe, devra être traité dans le sens de lo plus gronde sécurité.</line></par>
</text>
</block>
<block><region><rect/></region>
<text>
<par>
<line>&gt; Etude géotechnioue préalable</line></par>
<par>
<line>Les études géotechniques ou hydro-géotechniques en préalable à la réalisation du (des)</line>
<line>projet(s) peuvent être prescrites pour des terrains jugés sensibles au risque de glissement de</line>
<line>terrain ou d'effondrement (étude à défaut de laquelle le principe de précaution conduirait à</line>
<line>appliquer l’article R 111-2 du Code de l'Urbanisme dans l'attente des éléments d'appréciation</line>
<line>nécessaires). Dans les autres cas, elles restent cependant fortement recommandées.</line></par>
<par>
<line>Ces études ont pour objet de déterminer la structure et les caroctéristiques mécaniques du sol au</line>
<line>droit et au voisinage du dallage.</line></par>
<par>
<line>Elles doivent notamment permettre de préciser î</line></par>
<par>
<line>• la faisabilité ou non du projet,</line></par>
<par>
<line>• l'étût du terrain avant travaux,</line></par>
<par>
<line>• les conditions de stabilité du terrain et la qualité du sol-support (nature et propriétés</line>
<line>mécaniques des sols, géométrie et homogénéité des couches sous-jacente, existence et</line>
<line>nature d’éventuels écoulements hydrauliques, existence d'éventuelles cavités souterraines,</line>
<line>évaluation des tassements différentiels...),</line></par>
<par>
<line>• les mesures conservatoires propres à garantir la sécurité des biens et des personnes durant</line></par>
<par>
<line>et après les travaux (effets des terrassements et des réseaux..),</line></par>
<par>
<line>•1 es conditions de reprise de la poussée des terres,</line></par>
<par>
<line>• les types de fondations nécessaires.</line></par>
</text>
</block>
<block><region><rect/></region>
<text>
<par>
<line>Règlement RPR de Verdun sur Ariège - DOCUMENT APPROUVE</line></par>
</text>
</block>
















</page>
<page width="4986" height="7037" resolution="600">
<block><region><rect/></region>
<text>
<par>
<line>• lû capacité de retrait du sol sous l'action de la sécheresse et par conséquent de définir le</line>
<line>dimensionnement des ouvrages de prévention et les dispositions constructives,</line></par>
<par>
<line>• l'existence de toutes les venues d'eau possibles (notamment la présence de plates-formes,</line>
<line>ravins, routes, canalisation,...) et fournir des indications sur l'éventuelle nécessité d’un</line>
<line>drainage dont la conception devra être précisée,</line></par>
<par>
<line>• d'éventuelles autres précautions à prendre (techniques d'amélioration du sol,...).</line></par>
<par>
<line>Remarques et recommandations concernant les fondations sur remblais :</line></par>
<par>
<line>La réalisation d'un profil mixte (déblai/remblai) provoque l'infiltration et la circulation des eaux</line>
<line>de surface à l'interface remblai/tcrrain naturel. Une plate-forme apparemment stable peut ainsi évoluer</line>
<line>vers une rupture après une saison pluvieuse, be tels désordres à l'amont n’étant pas sans effet sur l'aval.</line></par>
<par>
<line>La nature pétrographique de terrains sensibles peut rapidement évoluer lorsque des terrains sont</line>
<line>mis à découvert. Ce sont, en fait, les travaux sur pente exécutés sans dispositions particulières qui</line>
<line>seraient les principaux agents déstabilisateurs de pente naturelle stable ou en limite de stabilité.</line></par>
<par>
<line>Ainsi, même si une étude géotechnique indique une possibilité de construction, la</line>
<line>maîtrise des écoulements d'eau naturels et artificiels est primordiale dans la gestion de ce</line>
<line>type de risque et doit, par conséquent, être traité avec le plus grand soin et le maximum</line></par>
<par>
<line>d'efficacité.</line></par>
<par>
<line>Les implantations dites "en profil mixte" sont souvent génératrices de graves sinistres et</line>
<line>ne peuvent être envisagées que si elles répondent à quatre conditions impératives :</line></par>
<par>
<line>• un bon coefficient de sécurité à l'égard du glissement d'ensemble et du glissement localisé,</line></par>
<par>
<line>• une parfaite stabilité physico-chimique, dans le temps, des matériaux constituant des déblais à</line>
<line>l'égard des agents extérieurs (air et eau essentiellement),</line></par>
<par>
<line>• un compactage très sévère et contrôlé de la partie en remblai par les couches élémentaires de</line>
<line>moins de 40 cm d'épaisseur,</line></par>
<par>
<line>• le traitement de l'interface sol naturel - sol rapproché constituant une zone préférentielle de</line>
<line>mouvements différentiels,</line></par>
<par>
<line>• la vérification, par des essais adaptés, du comportement mécanique des matériaux en remblai</line>
<line>et des matériaux non remaniés.</line></par>
<par>
<line>Hormis cette disposition (implantation en profil mixte), que l’on tentera toujours d'éviter, on</line>
<line>pourra concevoir les fondations d'une maison individuelle sur remblai après avoir étudié l'effet du remblai</line>
<line>et le type de matériau à utiliser.</line></par>
<par>
<line>bans le cas d'une construction en profil mixte, l'étude géotechnique sera effectuée</line></par>
<par>
<line>«</line></par>
<par>
<line>• au niveau du terrain naturel, afin de déterminer la portance et l'ordre de grandeur des</line>
<line>tassements,</line></par>
<par>
<line>• au niveau de la construction afin de déterminer les dispositions constructives qui en découlent</line>
<line>(rigidification...).</line></par>
</text>
</block>
<block><region><rect/></region>
<text>
<par>
<line>Règlement RPR de Verdun sur Ariège - DOCUMENT APPROUVE</line></par>
</text>
</block>












</page>
<page width="4996" height="7044" resolution="600">
<block><region><rect/></region>
<text>
<par>
<line>&gt; Lès elôtMrès</line></par>
</text>
</block>
<block><region><rect/></region>
<text>
<par>
<line>Le type de clôture doit être adapté au fonctionnement hydraulique du cours d'eau considéré.</line></par>
<par>
<line>Dans les champs d'expansion (aléa faible, absence de vitesse d'écoulement), des clôtures ajourées</line>
<line>dans la partie inférieure (partie supérieure pleine) permettent la libre circulation de l'eau et l'étalement</line>
<line>alors que dans les zones d’écoulement caractérisées par des vitesses (aléa fort et moyen), des clôtures</line>
<line>présentant une faible résistance aux écoulements sont préférables (une à deux rangées de moellons</line>
<line>surmontées d'un grillage).</line></par>
<par>
<line>La localisation et l'implantation des clôtures vis à vis des écoulements sont déterminants dans la</line>
<line>définition des caractères constructifs des clôtures de manière à ne pas aggraver l'intensité du phénomène</line>
<line>à l'aval ou sur les parcelles voisines.</line></par>
</text>
</block>
<block><region><rect/></region>
<text>
<par>
<line>Règlement PPR de Verdun sur Ariège ~ DOCUMENT APPROUVE</line></par>
</text>
</block>
















</page>
<page width="4973" height="7027" resolution="600">
<block><region><rect/></region>
<text>
<par>
<line>Direction Départementale de l’Agriculture</line>
<line>et de la Forêt de i'Ariège</line></par>
</text>
</block>
<block><region><rect/></region>
<text>
<par>
<line>mm</line></par>
<par>
<line>Liberté • Égalité * Fraternité</line></par>
<par>
<line>république Française</line></par>
<par>
<line>PREFECTURE DE I'ARIEGE</line></par>
</text>
</block>
<block><region><rect/></region>
<text>
<par>
<line>A</line></par>
</text>
</block>
<block><region><rect/></region>
<text>
<par>
<line>rtm</line></par>
</text>
</block>
<block><region><rect/></region>
<text>
<par>
<line>Restauration des Terrains en Montagne</line></par>
</text>
</block>
<block><region><rect/></region>
<text>
<par>
<line>Commune de</line></par>
<par>
<line>Verdun-sur-Ariège</line></par>
<par>
<line>(N° INSEE : 09 03 328)</line></par>
<par>
<line>Plan de Prévention des Risques</line>
<line>naturels prévisibles</line></par>
<par>
<line>- P.P.R. -</line></par>
</text>
</block>
<block><region><rect/></region>
<text>
<par>
<line>Livret 2</line></par>
<par>
<line>Règlement</line></par>
</text>
</block>
<block><region><rect/></region>
<text>
<par>
<line>iv:</line></par>
</text>
</block>
<block><region><rect/></region>
<text>
<par/>
</text>
</block>
<block><region><rect/></region>
<text>
<par/>
</text>
</block>
<block><region><rect/></region>
<text>
<par/>
</text>
</block>
<block><region><rect/></region>
<text>
<par/>
</text>
</block>
<block><region><rect/></region>
<text>
<par/>
</text>
</block>
<block><region><rect/></region>
<text>
<par/>
</text>
</block>
<block><region><rect/></region>
<text>
<par>
<line>i!</line></par>
</text>
</block>
<block><region><rect/></region>
<text>
<par/>
</text>
</block>
<block><region><rect/></region>
<text>
<par/>
</text>
</block>
<block><region><rect/></region>
<text>
<par/>
</text>
</block>
<block><region><rect/></region>
<text>
<par/>
</text>
</block>
<block><region><rect/></region>
<text>
<par/>
</text>
</block>
<block><region><rect/></region>
<text>
<par/>
</text>
</block>
<block><region><rect/></region>
<text>
<par/>
</text>
</block>
<block><region><rect/></region>
<text>
<par/>
</text>
</block>
<block><region><rect/></region>
<text>
<par/>
</text>
</block>
<block><region><rect/></region>
<text>
<par/>
</text>
</block>
<block><region><rect/></region>
<text>
<par/>
</text>
</block>
<block><region><rect/></region>
<text>
<par/>
</text>
</block>
<block><region><rect/></region>
<text>
<par>
<line>-àV</line></par>
</text>
</block>
<block><region><rect/></region>
<text>
<par>
<line>Prescription : 29 juillet 2002</line>
<line>Elaboration : avrii 2004</line></par>
</text>
</block>
<block><region><rect/></region>
<text>
<par>
<line>Règlement RPR de Verdun sur Ariège - DOCUMENT APPROUVE</line></par>
</text>
</block>
<block><region><rect/></region>
<text>
<par>
<line>1</line></par>
</text>
</block>








<block blockType="Picture" blockName="" l="700" t="3338" r="882" b="3426"><region><rect/></region>
</block>
<block blockType="Picture" blockName="" l="2976" t="4520" r="3498" b="4606"><region><rect/></region>
</block>
<block blockType="Picture" blockName="" l="3906" t="4544" r="4210" b="4604"><region><rect/></region>
</block>
<block blockType="Picture" blockName="" l="1472" t="4098" r="1590" b="4300"><region><rect/></region>
</block>
</page>
</PM1>