<?xml version="1.0" encoding="UTF-8"?><PM1>
<page width="2504" height="3522" resolution="300">
<block><region><rect/></region>
<text>
<par>
<line>Libêrté • égalité » Fratsrnlté</line></par>
<par>
<line>Répubuque Fjiançaise</line></par>
</text>
</block>
<block><region><rect/></region>
<text>
<par>
<line>PRÉFET DE L’ALLIER</line></par>
</text>
</block>
<block><region><rect/></region>
<text>
<par>
<line>Direction Départementale des Territoires</line></par>
</text>
</block>
<block><region><rect/><rect/><rect/><rect/></region>
<text>
<par>
<line>Service Aménagement et Urbanisme Durable des</line>
<line>Territoires</line></par>
<par>
<line>Bureau Prévention des Risques</line>
<line>51 boulevaid Saint-Exapéiy</line>
<line>CS 30110</line></par>
<par>
<line>03403 YZEURE cèdes</line>
<line>Tel: 04-70.4S.79.79</line>
<line>Fax : 04.70.48.79.01</line></par>
<par>
<line>N-</line></par>
<par>
<line>ARRÊTÉ</line></par>
<par>
<line>PORTANT APPROBATION DUPLANDE PRÉVENnON DU</line>
<line>RISQUE INONDATION PAR L'OEIL</line>
<line>SUR LA COMMUNE DE GOSNE D'ALUER</line></par>
<par>
<line>VU la loi n° 82-213 du 2 mars 1982 relative aux droits et Hbertés des communes, des</line>
<line>départements et des régions et notamment son article 34 ;</line></par>
<par>
<line>VU le code de l'environnement, notamment les articles L.562-1 et suivants ainsi que les</line>
<line>articles R562-1 et suivants relatifs aux Plans de Prévention des Risques Naturels</line></par>
<par>
<line>VU le code de rurbanisme, notamment son article L.126-1</line></par>
<par>
<line>VU l'arrêté préfectoral du 30 septembre 2010 prescrivant l'élaboration du Plan de</line>
<line>Prévention des Risques Naturels Prévisibles d'inondation de l'Oeil sur la commune de Cosne d'AUier</line></par>
<par>
<line>VU la saisine en date du 6 mars 2013 du maire de Cosne d'AUier en vue de recueillir Tavis</line>
<line>du conseil municipal sur le projet de Plan de Prévention des Risques dlnondation et Tavis en date du 11</line>
<line>avril 2013 reçu en réponse</line></par>
<par>
<line>VU la saisine en date du 6 mars 2013 du président de la commimuté de communes de la</line>
<line>région de Montmarauk en vue de recueillir Tavis du conseil communautaire sur le projet de Plan de</line>
<line>Prévention des Risques dlnondation et son absence de réponse</line></par>
<par>
<line>VU la saisine en date du 6 mars 2013 du président de la Chambre d'Agriculture de TAllier</line>
<line>en vue de recueillir son avis sur le projet de Plan de Prévention des Risques dlnondation et Tavis en date</line>
<line>du 19 avril 2013 reçu en réponse .</line></par>
<par>
<line>VU la saisine eu date du 6 mars 2013 du président du Conseil Général en vue de recueillir</line>
<line>Tavis de l'assemblée délibérante sur le projet de Plan de Prévention des</line>
<line>date du 30 avril 2013 reçu en réponse</line></par>
<par>
<line>VU la saisine en date du 6 mars 2013 du président de TA.AiPF.MiA. en vue de recueillir</line>
<line>son avis sur le projet de Plan de Prévention des Risques dlnondation et son absence de réponse</line></par>
</text>
</block>
<block><region><rect/></region>
<text>
<par>
<line>Risques dlnondation et Tavis en</line></par>
</text>
</block>
<block><region><rect/></region>
<text>
<par>
<line>Le Préfet de l'AlIier,</line></par>
<par>
<line>Qievalier de l'Ordre National du Mérite</line></par>
</text>
</block>

</page>
<page width="2495" height="3515" resolution="300">
<block><region><rect/></region>
<text>
<par>
<line>vu l'arrêté préfectoral du 22 mai 2013 prescrivant l'ouverture d'une enquête publique</line>
<line>relative au projet de plan de prévention des risques Inondation de l'Oeil sur la commune de Cosne</line>
<line>d'AUier</line></par>
</text>
</block>
<block><region><rect/></region>
<text>
<par>
<line>VU le rapport et les conclusions du commissaire enquêteur en date du 29 juillet 2013</line></par>
</text>
</block>
<block><region><rect/></region>
<text>
<par>
<line>VU le rapport du Directeur Départemental des Territoires de l'Ailier en date du</line></par>
<par>
<line>27 août 2013</line></par>
</text>
</block>
<block><region><rect/></region>
<text>
<par>
<line>Sur proposition du Secrétaire Général de la Préfecture</line></par>
</text>
</block>
<block><region><rect/></region>
<text>
<par>
<line>AKRÊTE</line></par>
</text>
</block>
<block><region><rect/></region>
<text>
<par>
<line>ARTICLE 1:</line></par>
<par>
<line>Le Plan de Prévention des Risques Inondation (PPRi) de l'Oeil sur la commune de Cosne</line>
<line>d'AUier est approuvé, tel qu'il est annexé au présent arrêté.</line></par>
</text>
</block>
<block><region><rect/></region>
<text>
<par>
<line>ARTICLE 2:</line></par>
<par>
<line>Le Plan de Prévention des Risques est constitué des documents suivants ;</line></par>
<par>
<line>• vme note de présentation</line></par>
<par>
<line>• une cartographie du zonage réglementaire</line></par>
<par>
<line>• un règlement</line></par>
</text>
</block>
<block><region><rect/></region>
<text>
<par>
<line>ARTICLE 3;</line></par>
<par>
<line>Le présent arrêté sera publié au recueil des actes administratifs de la Préfecture de TAllier et</line>
<line>une mention sera faite dans le journal La Montagne.</line></par>
<par>
<line>Une copie du présent arrêté sera affiché dans la mairie de Cosne d'AUier et au siège de la</line>
<line>communauté de communes de la région de Montmarault pendant une durée minimum de 1 mois.</line></par>
</text>
</block>
<block><region><rect/></region>
<text>
<par>
<line>ARTICLE 4:</line></par>
<par>
<line>Le plan approuvé sera tenu à la disposition du public :</line></par>
<par>
<line>• à la préfecture de l'ADier</line></par>
<par>
<line>• à la direction départementale des territoires</line></par>
<par>
<line>• en mairie de Cosne d'AUier</line></par>
<par>
<line>• au siège de la communauté de communes de la région de Montmarault.</line></par>
</text>
</block>
<block><region><rect/></region>
<text>
<par>
<line>ARTICLES:</line></par>
<par>
<line>Le présent arrêté peut faire l'objet d'un recours contentieux auprès du tribunal administratif</line>
<line>de Qennont-Fenand dans le délai de deux mois à compter de l'exécution des formalités de publicité.</line></par>
</text>
</block>
<block><region><rect/></region>
<text>
<par>
<line>Page ; 2/3</line></par>
</text>
</block>
</page>
<page width="2518" height="3531" resolution="300">
<block><region><rect/></region>
<text>
<par>
<line>ARTICLE 6;</line></par>
<par>
<line>Le Secrétaire Général de la Préfecture de l'Ailier, le directeur départemental des Territoires</line>
<line>de l'AlHer, le maire de la commune de Cosne d'Allier, ainsi que le président de la communauté de</line>
<line>communes de la région de Montraarault, sont chargés, clacun en ce qui les concerne, de l'exécution du</line>
<line>présent arrêté.</line></par>
</text>
</block>
<block><region><rect/></region>
<text>
<par>
<line>Fait à Moulins, le ] Q SEP. 2Û13</line></par>
</text>
</block>
<block><region><rect/><rect/></region>
<text>
<par>
<line>Le Préfet de l'Ailier</line>
<line>Pourle Préfet,</line></par>
</text>
</block>
<block><region><rect/></region>
<text>
<par>
<line>Le</line></par>
</text>
</block>
<block><region><rect/></region>
<text>
<par>
<line>«£n&gt;£ÀU</line></par>
</text>
</block>

</page>
<page width="2479" height="3504" resolution="300">
</page>
</PM1>