<?xml version="1.0" encoding="UTF-8"?><PM1>
<page width="1656" height="2336" resolution="200">
<block><region><rect/></region>
<text>
<par>
<line>Liberté • Egalité • Fraternité</line></par>
<par>
<line>RÉPUBLiauE Française</line></par>
</text>
</block>
<block><region><rect/></region>
<text>
<par>
<line>CABINET DU PREFET</line></par>
<par>
<line>SERVICE DE SECURITE INTERIEURE</line>
<line>Unité Défense et sécunté civile</line></par>
<par>
<line>N® ï'Vl- oO dctO</line></par>
<par>
<line>ARRETE PORTANT APPROBATION DU PLAN DE PREVENTION</line>
<line>DES RISQUES NATURELS PREVISIBLES</line>
<line>« RISQUE RETRAIT GONFLEMENT DES SOLS ARGILEUX»</line></par>
</text>
</block>
<block><region><rect/></region>
<text>
<par>
<line>Commune de SION</line></par>
</text>
</block>
<block><region><rect/></region>
<text>
<par>
<line>Le Préfet du Gers,</line></par>
</text>
</block>
<block><region><rect/></region>
<text>
<par>
<line>VU ie code de l’environnement et notamment ses articles L122-4, L122-75 L562-1 à L562-9, R562-1 à R562-</line>
<line>11 etRÎ22-17 àR122-19,</line></par>
<par>
<line>VU le code de la consti-uction et de l’habitation et notamment ses articles L231-1 etR126-l ;</line></par>
<par>
<line>VU le code de l’urbanisme et notamment ses articles L126-1, L480-4, RI 26-2 et R431-16 e) ;</line></par>
<par>
<line>VU le code des assurances, notamment ses articles L125-1 à L125-6 et A125-1 à A125-3 ;</line></par>
<par>
<line>VU la loi n° 95-101 du 02 février 1995 relative au renforcement de la protection de l’environnement ;</line></par>
<par>
<line>VU la loi n° 2003-699 du 30 juillet 2003 relative à la prévention des risques technologiques et naturels et à la</line>
<line>réparation des dommages ;</line></par>
<par>
<line>VU la loi n° 2004-811 du 13 août 2004 de modernisation de la sécurité civile ;</line></par>
<par>
<line>VU la loi n° 82-600 du 13 juillet 1982 relative à l’indemnisation des victimes de catastrophes naturelles ;</line></par>
<par>
<line>VU le décret n° 95-1089 du 5 octobre 1995, modifié par décret 2005-3 du 5 janvier 2005 relatif à l’élaboration</line>
<line>des plans de prévention des risques naturels prévisibles et des circulaires ministérielles prises pour son</line>
<line>application;</line></par>
<par>
<line>VU le décret n° 2004-374 du 29 avril 2004 modifié relatif aux pouvoirs des préfets, à l’organisation et à</line>
<line>l’action des services de l’Etat dans les régions et les départements ;</line></par>
<par>
<line>VU le décret n° 2005-134 du 15 février 2005 relatif à l’information des acquéreurs et des locataires de biens</line>
<line>immobiliers sur les risques naturels et technologiques majeurs ;</line></par>
<par>
<line>VU le décret n® 2005-1156 du 13 septembre 2005, notamment l’article 8, relatif au plan communal de</line>
<line>sauvegarde, pris pour l’application de l’article 13 de la loi n° 2004-811 du 13 août 2004 de modernisation</line>
<line>de la sécurité civile ;</line></par>
<par>
<line>VU la circulaire du 11 octobre 2010 du Ministère de l’Ecologie, du Développement Durable, des Transports et</line>
<line>du Logement relative à la prévention des risques liés au retrait gonflement des sols argileux ;</line></par>
<par>
<line>VU la circulane interministérielle du 03 juillet 2007 relative à la consultation des acteurs , la concertation des</line>
<line>populations et l’association avec les collectivités territoriales dans les plans de prévention des risques</line>
<line>naturels prévisibles ;</line></par>
</text>
</block>

</page>
<page width="1656" height="2336" resolution="200">
<block><region><rect/></region>
<text>
<par>
<line>vu la circulaire interministérielle du 24 novembre 2000 relative aux arrêtés du 5 septembre 2000, renforçant le</line>
<line>lien entre rindemnisation des dommages résultant des catastrophes naturelles et les mesures de prévention</line>
<line>de ces risques ;</line></par>
<par>
<line>VU l’arrêté préfectoral n'^ 2005-308-10 du 04/11/2005 prescrivant l’établissement d’un Plan de Prévention des</line>
<line>Risques Naturels prévisibles sur la commune de SION, pour le risque retrait gonflement des argiles;</line></par>
<par>
<line>VU l’arrêté préfectoral n° 2013045-0001 du 14 février 2013 portant modification de l’arrêté n° 2005-308-10 de</line>
<line>prescription du Plan de Prévention des Risques sur la commune de SION, pour le risque retrait gonflement</line>
<line>des argiles ;</line></par>
<par>
<line>VU l’arrêté préfectoral n° 2013280 du 07 octobre 2013 portant modification de l’arrêté préfectoral n°</line>
<line>2013045-0001 du 14 février 2013;</line></par>
<par>
<line>VU l’avis réputé favorable de la commune de SION;</line></par>
<par>
<line>VU l’avis de la Chambre d’Agriculture du Gers en date du 15 juillet 2013;</line></par>
<par>
<line>VU l’avis réputé favorable du Centre Régional de la Propriété Forestière de Midi-Pyrénées;</line></par>
<par>
<line>VU l’arrêté préfectoral n° 2013263-0004 du 20 septembre 2013 prescrivant, du 15 octobre 2013 au 14</line>
<line>novembre 2013 inclus, la mise à l’enquête publique du projet du Plan de Prévention des Risques Naturels</line>
<line>prévisibles sur 66 communes du département, pour le risque retrait gonflement des sols argileux;</line></par>
<par>
<line>VU le rapport, les conclusions et l’avis favorable du commissaire enquêteur en date du 29 décembre 2013;</line></par>
<par>
<line>VU le rapport d’observation du Directeur Départemental des Territoires du Gers en date du 15 mai 2014</line></par>
</text>
</block>
<block><region><rect/></region>
<text>
<par>
<line>CONSIDERANT la nécessité de délimiter les terrains sur lesquels l’occupation ou l’utilisation du sol doit être</line>
<line>réglementée du fait de leur exposition au risque « retrait gonflement des argiles » ;</line></par>
<par>
<line>CONSIDERANT que les mesui-es de zonage et le règlement afférent ont été coixectement déterminées et</line>
<line>adaptées à la fois aux enjeux et aux intérêts locaux ;</line></par>
<par>
<line>CONSIDERANT ainsi que le plan ci-annexé, éventuellement amendé des observations recueillies lors de la</line>
<line>consultation du public, des services et des personnes concernées est de nature à répondre aux objectifs de</line>
<line>sécurité assignés et que rien ne s’oppose à sa mise en œuvre ;</line></par>
<par>
<line>CONSIDERANT qu’après enquête publique il y lieu d’apporter une modification très partielle au règlement ;</line></par>
</text>
</block>
<block><region><rect/></region>
<text>
<par>
<line>SUR proposition de Monsieur le Secrétaire Général du Gers ;</line></par>
<par>
<line>ARRÊTE</line></par>
</text>
</block>
<block><region><rect/></region>
<text>
<par>
<line>Article U‘' -Le Plan de Prévention des Risques Naturels Retrait Gonflement des sols Argileux (P.P.R. R.G.A.)</line>
<line>prévisibles de la commune de SION, annexé au présent arrêté, est approuvé,</line></par>
<par>
<line>Il comprend :</line></par>
<par>
<line>une note de présentation,</line>
<line>le règlement,</line></par>
<par>
<line>une carte de zonage réglementaire assortie de détails au 1/10 000.</line></par>
<par>
<line>Ce P.P.R, R,G.A. approuvé vaut servitude d’utilité publique au sens de l’article L126-1 du code de</line>
<line>l’urbanisme et doit être annexé au document d’urbanisme de la commune de SION.</line></par>
</text>
</block>

</page>
<page width="1665" height="2342" resolution="200">
<block><region><rect/></region>
<text>
<par>
<line>Article 2. - Il appartiendra à la commune de SION de réaliser un Plan Communal de Sauvegarde dans un délai de</line>
<line>2 ans à compter de la date d’approbation du présent arrêté.</line></par>
</text>
</block>
<block><region><rect/></region>
<text>
<par>
<line>Article 3 Copie du présent arrêté, accompagnée du Plan de Prévention des Risques Natoels prévisibles, sera</line>
<line>adressée :</line></par>
<par>
<line>à Madame le maire de SION qui en assurera l’affichage en mairie ;</line>
<line>à Monsieur le Directeur Départemental des Territoires ;</line></par>
<par>
<line>Article 4, - Mention de l’arrêté sera publiée dans un journal local.</line></par>
<par>
<line>Article 5. - Le présent airêté, ainsi que les documents qui lui sont annexés, seront tenus à la disposition du</line>
<line>public :</line></par>
<par>
<line>en mairie de SION;</line>
<line>à la Préfecture du Gers;</line></par>
<par>
<line>aux sous-préfectures de Condom et de Mirande</line>
<line>à la Direction Départementale des Territoires du Gers.</line></par>
<par>
<line>Article 6 : -_Le présent arrêté peut faire l’objet d’un recours devant du Tribunal Administratif de Pau dans un</line>
<line>délai de 2 mois à compter de sa publication au recueil des actes administratifs.</line></par>
<par>
<line>Article 7. - Monsieur le Secrétaire Général de la Préfecture du Gers, Sous-Préfet de l’arrondissement d’Auch,</line>
<line>Madame le Maire de SION, Monsieur le sous-préfet de Condom, Madame la sous-préfète de Mirande, Monsieur</line>
<line>le Directeur Départemental des Ten-itoires, sont chargés, chacun en ce qui le concerne, de l’exécution du présent</line>
<line>arrêté qui sera publié au recueil des actes administratifs des services de l’Etat,</line></par>
</text>
</block>
<block><region><rect/></region>
<text>
<par>
<line>Fait à Auch, le</line></par>
</text>
</block>
<block><region><rect/></region>
<text>
<par>
<line>/■' Préfet,</line></par>
<par>
<line>Pour l9^Préfet)et0^élégation,</line></par>
</text>
</block>
<block><region><rect/></region>
<text>
<par>
<line>Secréta/re Géhéral</line></par>
</text>
</block>








</page>
</PM1>