<?xml version="1.0" encoding="UTF-8"?><PM1>
<page width="4949" height="6975" resolution="600">
<block><region><rect/></region>
<text>
<par>
<line>Liberté • Égalité • Fraternité</line></par>
<par>
<line>RÉPUBLiauE Française</line></par>
</text>
</block>
<block><region><rect/></region>
<text>
<par>
<line>PREFECTURE DES ALPES-MARITIMES</line></par>
</text>
</block>
<block><region><rect/></region>
<text>
<par>
<line>érection</line>
<line>départementale</line>
<line>de l'Équipement</line>
<line>Aipe$&gt;Maritimes</line></par>
<par>
<line>Ë</line></par>
<par>
<line>Service</line></par>
<par>
<line>Aménagement</line></par>
<par>
<line>ürtanisme</line></par>
<par>
<line>Opérationnel</line></par>
</text>
</block>
<block><region><rect/></region>
<text>
<par>
<line>ARRETE</line></par>
<par>
<line>Portant approbation de la modification du plan de prévention</line>
<line>des risques naturels prévisibles d’inondation</line>
<line>sur la commune de Vallauris</line></par>
</text>
</block>
<block><region><rect/></region>
<text>
<par>
<line>Le préfet du département des Alpes-Maritimes</line>
<line>Chevalier de la Légion d’honneur</line>
<line>Chevalier de l’Ordre National du Mérite</line></par>
</text>
</block>
<block><region><rect/></region>
<text>
<par>
<line>Vu la loi n° 87-565 du 22 juillet 1987 relative à la prévention des risques</line>
<line>majeurs, modifiée par la loi n° 95-101 du 2 février 1995 relative au</line>
<line>renforcement et de la protection de l’environnement,</line></par>
<par>
<line>Vu le code de l’expropriation pour cause d'utilité publique et notamment ses</line>
<line>articles R.11-4 à R.11-14,</line></par>
<par>
<line>Vu le décret n° 95-1089 du 5 octobre 1995 relatif aux plans de prévention des</line>
<line>risques naturels prévisibles,</line></par>
<par>
<line>Vu l’arrêté préfectoral du 17 octobre 2002 prescrivant la modification du plan</line>
<line>de prévention des risques naturels prévisibles d’inondation sur la commune de</line>
<line>Vallauris,</line></par>
</text>
</block>
<block><region><rect/></region>
<text>
<par>
<line>Centre administratif</line>
<line>départemental</line>
<line>BP 3003</line></par>
<par>
<line>06201 Nice Cedex 3</line>
<line>téléphone :</line></par>
<par>
<line>0493 72 72 72</line>
<line>télécopie :</line></par>
<par>
<line>04 93 72 72 1 2</line></par>
<par>
<line>mél : dde-dipes^naritimes</line></par>
<par>
<line>©équipement gôiiv.fr</line></par>
</text>
</block>
<block><region><rect/></region>
<text>
<par>
<line>Vu les lettres en date du 10 février 2003 transmettant le projet de modification</line>
<line>du plan de prévention des risques naturels prévisibles pour avis à la chambre</line>
<line>d’agriculture, au centre régional de la propriété forestière de Provence-Alpes-</line>
<line>Côte d’Azur et au maire de Vallauris aux fins de saisine du conseil municipal.</line></par>
<par>
<line>Vu l’avis de la chambre d’agriculture des Alpes-Maritimes en date du 17 mars</line>
<line>2003,</line></par>
<par>
<line>Vu l’absence de réponse du centre régional de la propriété forestière de</line>
<line>Provence-Alpes-Côtes d’Azur,</line></par>
<par>
<line>Vu la délibération du conseil municipal de Vallauris en date du 06 mars 2003,</line></par>
<par>
<line>Vu l’arrêté préfectoral du 06 février 2003 prescrivant l’ouverture d’une enquête</line>
<line>publique sur le projet de modification du plan de prévention des risques</line>
<line>naturels prévisibles d’inondation sur la commune de Vallauris,</line></par>
<par>
<line>Vu le rapport et les conclusions du commissaire enquêteur chargé de</line>
<line>l’enquête publique.</line></par>
</text>
</block>

</page>
<page width="4911" height="6948" resolution="600">
<block><region><rect/></region>
<text>
<par>
<line>Considérant qu e les avis reçus et les observations déposées lors de l’enquête</line>
<line>publique n’entraînent pas de modification du projet,</line></par>
</text>
</block>
<block><region><rect/></region>
<text>
<par>
<line>ARRETE</line></par>
<par>
<line>Article 1er ;l. Est approuvée la modification du plan de prévention des risques</line>
<line>naturels prévisibles d’inondation sur la commune de Vallauris telle qu’annexée</line>
<line>au présent arrêté.</line></par>
<par>
<line>II. Elle est tenu à la disposition du public :</line></par>
<par>
<line>1 - à (a mairie de Vallauris, tous les jours ouvrables, aux heures habituelles</line>
<line>d’ouverture de la mairie.</line></par>
<par>
<line>2 - au bureau d'accueil de la direction départementale de l’équipement du</line>
<line>centre administratif départemental à Nice tous les jours ouvrables (sauf le</line>
<line>samedi) de 9h00 à 15h30.</line></par>
<par>
<line>3 - à la subdivision de l’équipement d’Antibes, tous les jours ouvrables (sauf le</line></par>
<par>
<line>samedi), aux heures habituelles d’ouverture.</line></par>
<par>
<line>III. Cette modification du plan de prévention des risques naturels</line>
<line>prévisibles comporte ;</line></par>
<par>
<line>- l’arrêté préfectoral du 17 octobre 2002 prescrivant la modification du plan</line>
<line>de prévention des risques naturels prévisibles d’inondation de la commune</line>
<line>de Vallauris,</line></par>
<par>
<line>- un rapport de présentation,</line></par>
<par>
<line>- trois plans de zonage (2A, 2B, 2C),</line></par>
<par>
<line>- un règlement.</line></par>
<par>
<line>Article 2 ; Le présent arrêté fera l’objet d’une mention au recueil des actes</line>
<line>administratifs de l’Etat dans le département, ainsi que dans les deux journaux</line>
<line>locaux ci-après désignés : «Nice Matin» et «Le Patriote Côte d’azuD&gt;. Une</line>
<line>copie de l’arrêté sera affichée en mairie pendant un mois au minimum.</line></par>
<par>
<line>Article 3 ; des copies du présent arrêté seront adressées à ;</line></par>
<par>
<line>- monsieur le maire de la commune de Vallauris,</line></par>
<par>
<line>- madame la ministre de l’écologie et du développement durable.</line>
<line>Direction de la prévention des pollutions et des risques,</line></par>
<par>
<line>- madame la directrice régionale de l’environnement Provence-Alpes</line>
<line>Côte d’azur,</line></par>
<par>
<line>- monsieur le président de la chambre d’agriculture des Alpes-Maritimes,</line></par>
<par>
<line>- monsieur le président du centre régional de la propriété forestière,</line></par>
<par>
<line>- madame la directrice départementale de l’agriculture et de la forêt,</line></par>
<par>
<line>- monsieur le directeur départemental de l’équipement.</line></par>
</text>
</block>
<block><region><rect/></region>
<text>
<par>
<line>Fait à Nice, le 7 JU|L 2003</line></par>
</text>
</block>
<block><region><rect/></region>
<text>
<par/>
</text>
</block>



</page>
</PM1>