<?xml version="1.0" encoding="UTF-8"?><PM1>
<page width="2479" height="3508" resolution="300">
<block><region><rect/></region>
<text>
<par>
<line>Plan de Prévention</line></par>
<par>
<line>DES risques d'inondation</line>
<line>DE LA VALLÉE DE LA SCIE</line></par>
</text>
</block>
<block><region><rect/></region>
<text>
<par>
<line>règlement</line></par>
</text>
</block>
<block><region><rect/></region>
<text>
<par>
<line>Prescrit le</line>
<line>28 novembre 1996</line></par>
</text>
</block>
<block><region><rect/></region>
<text>
<par>
<line>Approuvé le</line></par>
</text>
</block>

</page>
<page width="2479" height="3508" resolution="300">
<block><region><rect/></region>
<text>
<par>
<line>Sommaire</line></par>
<par>
<line>A. PORTÉE DU PPR_1</line></par>
<par>
<line>I. Champ d'application 1</line></par>
<par>
<line>II. Effets du PPR 2</line></par>
<par>
<line>III. Portée du règlement 3</line></par>
<par>
<line>B. ZONAGE 4</line></par>
<par>
<line>C. dispositions du PPR_6</line></par>
<par>
<line>I. OBJET des mesures DE PRÉVENTION 6</line></par>
<par>
<line>II. Dispositions applicables aux projets 7</line></par>
<par>
<line>1. Interdictions en zone rouge 7</line></par>
<par>
<line>2. Prescriptions particulières aux projets autorisés en zone rouge 8</line></par>
<par>
<line>3. Interdictions en zone bleue 11</line></par>
<par>
<line>4. Prescriptions particulières aux projets autorisés en zone bleue 11</line></par>
<par>
<line>5. Prescriptions applicables en zone blanche 11</line></par>
<par>
<line>III. mesures relatives à l'aménagement, l'utilisation ou</line></par>
<par>
<line>L'EXPLOITATION DES CONSTRUCTIONS ET OUVRAGES EXISTANTS 12</line></par>
<par>
<line>1. Prescriptions 12</line></par>
<par>
<line>2. recommandations 13</line></par>
<par>
<line>IV. recommandations en terme de prévention, de protection et de</line></par>
<par>
<line>sauvegarde 14</line></par>
<par>
<line>1. Le ruissellement sur le bassin versant de la scie 14</line></par>
<par>
<line>2. Entretien des ouvrages et des cours d'eau 14</line></par>
<par>
<line>3. Information des habitants 15</line></par>
<par>
<line>4. Mesures de protection 16</line></par>
</text>
</block>
<block><region><rect/></region>
<text>
<par>
<line>Plan de Prévention des Risques d’inondation de la vallée de la Scie i</line></par>
<par>
<line>Règlement</line></par>
</text>
</block>



<block blockType="Picture" blockName="" l="289" t="235" r="2192" b="375"><region><rect/></region>
</block>
</page>
<page width="2479" height="3508" resolution="300">
<block><region><rect/></region>
<text>
<par>
<line>A. Portée du PPR</line></par>
</text>
</block>
<block><region><rect/></region>
<text>
<par>
<line>Les dispositions issues de la loi n‘87-565 du 22 ju illet 1987 relative à l'organisation de la</line>
<line>sécurité civile, à la protection de la forêt contre l'incendie et à la prévention des risques</line>
<line>majeurs ainsi que le décret n‘95-1089 du 5 octobre 1995 relatif aux plans de prévention des</line>
<line>risques naturels prévisibles conduisent à une meilleure prise en compte des risques naturels</line>
<line>liés aux inondations. L'affirmation du principe de précaution et l'évolution de la jurisprudence</line>
<line>ont conduit à la réalisation de ce PPR.</line></par>
<par>
<line>La crue de référence retenue est, selon les secteurs, la crue de janvier 1995 majorée de</line>
<line>30 cm, ou la crue de décembre 1999. Il a été estimé que la crue de référence ainsi définie a</line>
<line>une période de retour au moins centennale.</line></par>
<par>
<line>Les objectifs sont :</line></par>
<par>
<line>&gt; ne pas accroître le nombre de personnes et de biens exposés au risque inondation,</line></par>
<par>
<line>&gt; préserver les capacités de stockage et d'écoulement des crues et le cas échéant</line></par>
<par>
<line>reconquérir de nouveaux champs d'expansion des crues.</line></par>
<par>
<line>I.Champ d'application</line></par>
<par>
<line>Le présent règlement s'applique aux territoires des 20 communes riveraines de la Scie de</line>
<line>l'amont vers l'aval : Saint-Maclou de Folleville, Vassonville, Saint-Denis sur Scie, Auffay,</line>
<line>Heugleville sur Scie, Notre Dame du Parc, Gonneville sur Scie, Les Cent Acres, Saint-</line>
<line>Crespin, Longueville sur Scie, Dénestanville, La Chaussée, Crosville sur Scie, Manéhouville,</line>
<line>Anneville sur Scie, Sauqueville, Tourville sur Arques, Offranville, Saint-Aubin sur Scie,</line>
<line>Hautot sur Mer.</line></par>
<par>
<line>La limite des zones inondables pour l'ensemble de ces communes a été reportée sur des</line>
<line>cartes d'aléas au 1/10.000ème et au 1/5.000ème pour les zones urbaines.</line></par>
<par>
<line>En application de l'article 40-1 de la loi du 22 juillet 1987, de l'article 3 du décret de 1995 et</line>
<line>de la circulaire du 24 avril 1996, le territoire inclus dans le périmètre du PPR a été divisé en</line>
<line>3 zones.</line></par>
<par>
<line>Ces zones sont les suivantes :</line></par>
<par>
<line>&gt; une ZONE ROUGE, vouée à l'expansion des crues de la Scie à préserver de toute</line>
<line>urbanisation pour ne pas aggraver le risque naturel d'inondation ou correspondant à</line>
<line>des zones urbanisées fortement exposées. Il s'agit de zones comportant un aléa fort</line>
<line>ou potentiellement fort (vitesse d'écoulement supérieure à 1 m/s et/ou hauteur de</line>
<line>submersion supérieure à 1 m), ou modéré (vitesse d'écoulement inférieure à 1 m/s et</line>
<line>hauteur de submersion inférieure à 1 m).</line></par>
<par>
<line>&gt; Une ZONE BLEUE caractérisant les zones urbanisées soumises au risque</line>
<line>inondation, sur lesquelles il convient de réglementer l'occupation des sols et les</line>
<line>activités pour limiter l'exposition au risque des populations et des biens. Il s'agit de</line>
<line>zones comportant un aléa modéré.</line></par>
<par>
<line>&gt; Une ZONE BLANCHE caractérisant les zones non soumises à l'aléa inondation mais</line>
<line>pouvant contribuer au risque.</line></par>
</text>
</block>
<block><region><rect/></region>
<text>
<par>
<line>Plan de Prévention des Risques d’inondation de la vallée de la Scie</line></par>
<par>
<line>Règlement</line></par>
</text>
</block>
<block><region><rect/></region>
<text>
<par>
<line>1</line></par>
</text>
</block>


</page>
<page width="2479" height="3508" resolution="300">
<block><region><rect/></region>
<text>
<par>
<line>En application des textes déjà cités, le présent règlement fixe les dispositions applicables</line>
<line>aux biens et activités existants, ainsi qu'à l'implantation de toutes constructions ou</line>
<line>installations, à l'exécution de tous travaux et à l'exercice de toutes activités, sans préjudice</line>
<line>de l'application des autres législations ou réglementations en vigueur.</line></par>
</text>
</block>
<block><region><rect/></region>
<text>
<par>
<line>II.Effets du PPR</line></par>
<par>
<line>Le PPR vaut servitude d'utilité publique. A ce titre, il doit être annexé au plan local</line>
<line>d'urbanisme conformément à l'article L 126-1 du code de l'urbanisme.</line></par>
<par>
<line>Les mesures de prévention fixées par le présent règlement sont définies et mises en oeuvre</line>
<line>sous la responsabilité du maître d'ouvrage et du maître d'oeuvre concernés par les</line>
<line>constructions, travaux et installations visés. Ceux-ci sont également tenus d'assurer les</line>
<line>opérations de gestion et d'entretien pour maintenir la pleine efficacité de ces mesures.</line></par>
<par>
<line>La loi Barnier relative au renforcement de la protection de l'environnement retient le principe</line>
<line>d'une gestion globale du risque; dans ce contexte, elle s'intéresse aussi aux espaces du</line>
<line>bassin versant qui ne sont pas directement exposés aux risques, mais où les projets de</line>
<line>constructions, d'ouvrages, d'aménagement ou les exploitations agricoles, forestières ou</line>
<line>artisanales, commerciales ou industrielles, peuvent aggraver les risques des secteurs</line>
<line>directement concernés ou en provoquer de nouveaux (article 40-1 loi 22 juillet 1987).</line></par>
<par>
<line>C'est pourquoi les révisions ou modifications de Plans Locaux d'Urbanisme devront</line>
<line>s'assurer que leurs dispositions ne viennent pas augmenter les risques existants ou en</line>
<line>générer de nouveaux.</line></par>
<par>
<line>A l'égard des biens et activités situés sur des terrains couverts par le PPR, les entreprises</line>
<line>d'assurance peuvent exceptionnellement déroger aux dispositions du deuxième alinéa de</line>
<line>l'article L 125-2 (la garantie aux dommages subis par les effets de catastrophes naturelles</line>
<line>ne peut excepter aucun des biens mentionnés au contrat ni opérer d'autre abattement que</line>
<line>ceux fixés dans les clauses types) sur décision d'un bureau central de tarification lorsque le</line>
<line>propriétaire ou l'exploitant ne se sera pas conformé dans un délai de cinq ans aux mesures</line>
<line>visées au 4° de l'article 40-1 de la loi n‘87-565 du 22 juillet 1987 précitée. Les entreprises</line>
<line>d'assurance ne peuvent toutefois se soustraire à cette obligation que lors de la conclusion</line>
<line>initiale ou du renouvellement du contrat.</line></par>
<par>
<line>Les mesures de prévention prévues par le Plan de Prévention des Risques d'inondation,</line>
<line>concernant les biens construits ou aménagés conformément aux dispositions du code de</line>
<line>l'urbanisme avant l'approbation du plan, ne peuvent entraîner pour leur propriétaire,</line>
<line>exploitant ou utilisateur un coût supérieur à 10% de la valeur vénale ou estimée des biens</line>
<line>concernés à la date d'approbation du plan. Dans le cas où les mesures applicables</line>
<line>entraîneraient une dépense supérieure à ce seuil, l'obligation de réalisation ne s'applique</line>
<line>qu'à la part des mesures prises dans l'ordre de priorité du règlement et qui entraîne une</line>
<line>dépense totale égale à 10% de la valeur vénale.</line></par>
</text>
</block>
<block><region><rect/></region>
<text>
<par>
<line>Plan de Prévention des Risques d’inondation de la vallée de la Scie</line></par>
<par>
<line>Règlement</line></par>
</text>
</block>
<block><region><rect/></region>
<text>
<par>
<line>2</line></par>
</text>
</block>

</page>
<page width="2479" height="3508" resolution="300">
<block><region><rect/></region>
<text>
<par>
<line>III.Portée du règlement</line></par>
</text>
</block>
<block><region><rect/></region>
<text>
<par>
<line>Le règlement du PPR est opposable à toute personne publique ou privée, qui désire</line>
<line>entreprendre des constructions, installations ou travaux lorsque ceux-ci ne sont pas interdits</line>
<line>par d'autres textes (lois, décrets, règlements...).</line></par>
<par>
<line>En particulier, en présence d'un plan local d'urbanisme (PLU), ce sont les dispositions les</line>
<line>plus restrictives du PLU et du PPR qui s'appliquent.</line></par>
<par>
<line>Ainsi, le présent règlement n'autorise pas de constructions, travaux, installations ou</line>
<line>aménagements qui seraient interdits par ailleurs (par le règlement du PLU notamment).</line></par>
<par>
<line>Les maîtres d'ouvrages, qui doivent s'engager à respecter les règles de construction lors du</line>
<line>dépôt du permis de construire, et les professionnels chargés de réaliser les projets sont</line>
<line>responsables des études ou dispositions qui relèvent du code de la Construction et de</line>
<line>l'Habitation, en application de son article R126-1 et du présent règlement.</line></par>
<par>
<line>De plus, pour toutes constructions, installations ou aménagements nouveaux, les</line>
<line>dispositions devront être prises par le maître d'ouvrage ou le constructeur. Une étude, dont</line>
<line>la réalisation et l'application sont à la charge entière des constructeurs, déterminera leurs</line>
<line>conditions de réalisation, d'utilisation ou d'exploitation. Les études préconisées dans le</line>
<line>présent règlement seront également réalisées par le maître d'ouvrage ou le constructeur.</line>
<line>D'une manière générale, il appartient au pétitionnaire d'apporter la preuve que son projet</line>
<line>n'est pas susceptible d'aggraver le risque inondation.</line></par>
</text>
</block>
<block><region><rect/></region>
<text>
<par>
<line>Plan de Prévention des Risques d’inondation de la vallée de la Scie</line></par>
<par>
<line>Règlement</line></par>
</text>
</block>
<block><region><rect/></region>
<text>
<par>
<line>3</line></par>
</text>
</block>

</page>
<page width="2479" height="3508" resolution="300">
<block><region><rect/></region>
<text>
<par>
<line>B. ZONAGE</line></par>
</text>
</block>
<block><region><rect/></region>
<text>
<par>
<line>DELIMITATION DES ZONES EXPOSÉES AUX RISQUES D'INONDATION</line></par>
<par>
<line>La définition des zones d'exposition repose sur le croisement des données relatives aux</line>
<line>aléas INONDATION et l'OCCUPATION DES SOLS ACTUELLE. Ce croisement a conduit à</line>
<line>retenir deux types de zones (rouge/bleue - cf.-infra), et il est résumé dans le tableau</line>
<line>suivant :</line></par>
</text>
</block>
<block blockType="Table" blockName="" l="501" t="798" r="2069" b="1145"><region><rect/></region>
<row>
<cell width="474" height="170">
<text>
<par>
<line>Type de zone/aléa</line></par>
</text></cell>
<cell width="590" height="170">
<text>
<par>
<line>ALEA FORT ET</line>
<line>POTENTIELLEMENT</line>
<line>FORT</line></par>
</text></cell>
<cell width="504" height="170">
<text>
<par>
<line>ALEA MODERE</line></par>
</text></cell></row>
<row>
<cell width="474" height="56">
<text>
<par>
<line>Zone naturelle</line></par>
</text></cell>
<cell width="590" height="56">
<text>
<par>
<line>ROUGE</line></par>
</text></cell>
<cell width="504" height="56">
<text>
<par>
<line>ROUGE</line></par>
</text></cell></row>
<row>
<cell width="474" height="56">
<text>
<par>
<line>Zone d'habitat isolé</line></par>
</text></cell>
<cell width="590" height="56">
<text>
<par>
<line>ROUGE</line></par>
</text></cell>
<cell width="504" height="56">
<text>
<par>
<line>ROUGE</line></par>
</text></cell></row>
<row>
<cell width="474" height="65">
<text>
<par>
<line>Zone urbanisée</line></par>
</text></cell>
<cell width="590" height="65">
<text>
<par>
<line>ROUGE</line></par>
</text></cell>
<cell width="504" height="65">
<text>
<par>
<line>BLEUE</line></par>
</text></cell></row>
</block>
<block><region><rect/></region>
<text>
<par>
<line>&gt; LES ZONES ROUGES - FORTEMENT EXPOSÉES OU ZONES À PRÉSERVER</line></par>
<par>
<line>Le caractère de forte exposition tient :</line></par>
<par>
<line>o à l'importance de l'aléa inondation (lié aux paramètres hauteur d'eau, durée</line>
<line>de submersion ou vitesse maximale dont la pondération dépend du cours</line>
<line>d'eau en question)</line></par>
<par>
<line>o et/ou à la forte vulnérabilité de ces zones.</line></par>
<par>
<line>Les zones à préserver correspondent :</line></par>
<par>
<line>o à des espaces naturels (au sens du PLU) jouant un rôle important dans</line>
<line>l'expansion et l'écrêtement des crues.</line></par>
<par>
<line>Sur ces zones, le Plan de Prévention des Risques aura pour objet :</line></par>
<par>
<line>o de limiter la vulnérabilité de ces zones,</line></par>
<par>
<line>o de stopper tout développement urbain ou aménagement vulnérable ou</line>
<line>susceptible d'accroître le niveau d'aléa sur les zones voisines.</line></par>
<par>
<line>A l'intérieur du champ d'expansion de la crue de référence, certaines zones ont été</line>
<line>identifiées comme des secteurs à préserver ou à sauvegarder absolument. Ces secteurs</line>
<line>correspondent souvent à de vastes champs d'expansion naturelle des crues.</line></par>
<par>
<line>Ces secteurs doivent être préservés afin de ne pas aggraver les risques d'inondation :</line></par>
<par>
<line>o par diminution des zones de stockage important des volumes de crues dans</line>
<line>le lit majeur,</line></par>
<par>
<line>o par diminution des sections de contrôle des biefs sur lesquels des secteurs</line>
<line>fortement vulnérables ont été identifiés.</line></par>
</text>
</block>
<block><region><rect/></region>
<text>
<par>
<line>Plan de Prévention des Risques d’inondation de la vallée de la Scie</line></par>
<par>
<line>Règlement</line></par>
</text>
</block>
<block><region><rect/></region>
<text>
<par>
<line>4</line></par>
</text>
</block>











</page>
<page width="2479" height="3508" resolution="300">
<block><region><rect/></region>
<text>
<par>
<line>&gt; LES ZONES BLEUES - MODEREMENT EXPOSÉES</line></par>
</text>
</block>
<block><region><rect/></region>
<text>
<par>
<line>Il s'agit de zones directement exposées à l'aléa inondation, mais où l'intensité du risque est</line>
<line>plus faible : aléa modéré pour les zones d'activité et les zones habitées.</line></par>
<par>
<line>Sur ces zones, le Plan de Prévention des Risques a pour objet :</line></par>
<par>
<line>o d'en limiter la vulnérabilité,</line></par>
<par>
<line>o de réduire celle-ci par une adaptation des biens et des activités qui y sont</line>
<line>présents, par la prescription d'un ensemble de mesures applicables,</line>
<line>notamment au travers des documents d'urbanisme et des dispositifs</line>
<line>constructifs.</line></par>
<par>
<line>o d'y éviter l'augmentation de populations exposées.</line></par>
</text>
</block>
<block><region><rect/></region>
<text>
<par>
<line>&gt; LES ZONES BLANCHES - NON EXPOSÉES</line></par>
<par>
<line>Les zones blanches sont situées dans le périmètre d'étude et non comprises dans les zones</line>
<line>rouge et bleue.</line></par>
</text>
</block>
<block><region><rect/></region>
<text>
<par>
<line>Plan de Prévention des Risques d’inondation de la vallée de la Scie</line></par>
<par>
<line>Règlement</line></par>
</text>
</block>
<block><region><rect/></region>
<text>
<par>
<line>5</line></par>
</text>
</block>

</page>
<page width="2479" height="3508" resolution="300">
<block><region><rect/></region>
<text>
<par>
<line>C. Dispositions du PPR</line></par>
</text>
</block>
<block><region><rect/></region>
<text>
<par>
<line>I.Objet des mesures de prévention</line></par>
<par>
<line>Les mesures de prévention définies ci-après sont destinées à limiter les dommages aux</line>
<line>biens et activités existants, à éviter d'éventuels dommages dans le futur et à assurer le libre</line>
<line>écoulement des eaux et la conservation des champs d'expansion des crues.</line></par>
<par>
<line>Les mesures consistent soit en des interdictions visant l'occupation ou l'utilisation des sols</line>
<line>soit en des prescriptions destinées à réduire les dommages.</line></par>
<par>
<line>Les communes, à l'issue d'un délai de 5 ans à compter de la publication de l'acte</line>
<line>approuvant ce plan, vérifieront et évalueront comment a été pris en compte le règlement du</line>
<line>PPR sur le territoire de leur commune. Il s'agira d'une étude portant sur les projets autorisés,</line>
<line>les prescriptions et recommandations en zones rouge et bleue.</line></par>
<par>
<line>DEFINITION PREALABLE</line></par>
<par>
<line>On entend par cote de référence :</line></par>
<par>
<line>&gt; dans les zones urbanisées, celles figurant sur les plans de zonage du PPR</line></par>
<par>
<line>&gt; dans les zones naturelles, la cote de référence est égale à celle du terrain naturel</line>
<line>moyen au droit du site, majorée de 1,50 m en zone rouge et 1 m en zone bleue.</line></par>
</text>
</block>
<block><region><rect/></region>
<text>
<par>
<line>Plan de Prévention des Risques d’inondation de la vallée de la Scie</line></par>
<par>
<line>Règlement</line></par>
</text>
</block>
<block><region><rect/></region>
<text>
<par>
<line>6</line></par>
</text>
</block>


</page>
<page width="2479" height="3508" resolution="300">
<block><region><rect/></region>
<text>
<par>
<line>II.Dispositions applicables aux projets</line></par>
</text>
</block>
<block><region><rect/></region>
<text>
<par>
<line>ZONE ROUGE</line></par>
</text>
</block>
<block><region><rect/></region>
<text>
<par>
<line>1. Interdictions en zone rouge</line>
<line>Sont interdits :</line></par>
</text>
</block>
<block><region><rect/></region>
<text>
<par>
<line>□ toute nouvelle construction de quelque nature que ce soit, à l'exception :</line></par>
<par>
<line>&gt; des constructions contribuant à l'activité économique qui requièrent la</line>
<line>proximité du milieu aquatique et qui ne pourraient être implantées en</line>
<line>d'autres lieux (pisciculture, bases de loisirs aquatiques...),</line></par>
<par>
<line>&gt; des équipements publics d'intérêt général dont la présence est justifiée par</line>
<line>des considérations techniques (infrastructures de transport de biens et de</line>
<line>personnes, réseaux, forages d'eau, stations d'épuration...) sous réserve</line>
<line>que des dispositions soient prises pour faciliter le libre écoulement de l'eau</line>
<line>et pour empêcher les risques de pollution par submersion,</line></par>
<par>
<line>&gt; de certaines installations agricoles spécifiques tels que tunnels et serres,</line></par>
<par>
<line>&gt; des constructions nécessaires à la mise en conformité d'installations</line>
<line>classées existantes,</line></par>
<par>
<line>&gt; de la mise en conformité des bâtiments agricoles.</line></par>
<par>
<line>□ les changements de destination de constructions existantes ayant pour effet d'exposer</line>
<line>plus de personnes au risque, ainsi que les équipements ou travaux susceptibles</line>
<line>d'augmenter les conséquences du risque, à l'exception :</line></par>
<par>
<line>&gt; des extensions limitées des habitations existantes sous réserve qu'elles</line>
<line>ne concernent que la mise aux normes sanitaires et/ou la mise en</line>
<line>sécurité des installations existantes et/ou l'agrandissement de la famille.</line>
<line>Elles ne peuvent avoir pour effet d'augmenter le nombre de logements.</line></par>
<par>
<line>□ les clôtures pleines et leur reconstruction,</line></par>
<par>
<line>□ les sous-sols, la réalisation de planchers sous le niveau du terrain naturel et les parkings</line>
<line>en sous-sol,</line></par>
<par>
<line>□ les habitations légères de loisirs, au sens de l'article R 444-2 du Code de l'Urbanisme,</line></par>
</text>
</block>
<block><region><rect/></region>
<text>
<par>
<line>Plan de Prévention des Risques d’inondation de la vallée de la Scie</line></par>
<par>
<line>Règlement</line></par>
</text>
</block>
<block><region><rect/></region>
<text>
<par>
<line>7</line></par>
</text>
</block>


<block blockType="Picture" blockName="" l="289" t="352" r="2192" b="423"><region><rect/></region>
</block>
</page>
<page width="2479" height="3508" resolution="300">
<block><region><rect/></region>
<text>
<par>
<line>□ les remblais, les dépôts de toute nature, à l'exception :</line></par>
<par>
<line>&gt; des ouvrages et aménagements hydrauliques dont la finalité est la</line>
<line>réduction des risques liés aux inondations sur le bâti existant à la date</line>
<line>d'approbation du PPR (à condition qu'ils n'aggravent pas les risques par</line>
<line>ailleurs, et sous réserve d'étude justificative réalisée par le maître</line>
<line>d'ouvrage),</line></par>
<par>
<line>&gt; pour les bâtiments recevant du public, les accès permettant l'évacuation</line>
<line>des personnes de façon autonome ou avec l'aide de secours,</line></par>
<par>
<line>&gt; des remblais éventuellement nécessaires aux constructions autorisées,</line>
<line>en limitant les remblais à ce qui est nécessaire à l'assisse des bâtiments</line>
<line>et leur desserte.</line></par>
<par>
<line>□ les terrains de camping et/ou de caravaning (y compris l'extension de terrains existants),</line></par>
<par>
<line>□ la reconstruction de bâtiments sinistrés suite à une inondation.</line></par>
</text>
</block>
<block><region><rect/></region>
<text>
<par>
<line>2.Prescriptions particulières aux projets autorisés en zone</line>
<line>rouge</line></par>
<par>
<line>Les projets autorisés doivent respecter les prescriptions suivantes :</line></par>
</text>
</block>
<block><region><rect/></region>
<text>
<par>
<line>&gt; Prescriptions applicables à tous les projets</line></par>
<par>
<line>• • Le projet ne doit pas aggraver les risques liés aux inondations en amont ou en aval. Cette</line></par>
<par>
<line>prescription doit être particulièrement respectée s'il existe à proximité une zone d'habitat.</line>
<line>Le projet ne doit pas faire obstacle à l'écoulement des eaux superficielles et souterraines,</line>
<line>et doit préserver les capacités de stockage de crue.</line></par>
<par>
<line>• • Le cas échéant, le projet doit faire l'objet de mesures compensatoires destinées à</line></par>
<par>
<line>annuler, ou au moins à minimiser, son incidence sur l'écoulement des eaux superficielles</line>
<line>et souterraines en période de crue et hors période de crue. Ainsi, les parcs de</line>
<line>stationnement ouverts au public, en cas d'imperméabilisation des sols devront prévoir des</line>
<line>mesures compensatoires (création de bassin-tampon, structure réservoir...).</line></par>
</text>
</block>
<block><region><rect/></region>
<text>
<par>
<line>&gt; Prescriptions applicables aux constructions</line></par>
<par>
<line>• Pour les projets nouveaux, les accès extérieurs et le raccordement au réseau existant</line>
<line>doivent être prévus dès la conception du projet. Ces accès doivent être praticables en</line>
<line>période de crue.</line></par>
<par>
<line>• • Pour les projets nouveaux, les constructions ne peuvent en aucun cas servir d'habitat</line></par>
<par>
<line>temporaire ou permanent.</line></par>
<par>
<line>□ pour toute extension ou construction nouvelle, la cote du premier plancher doit dépasser</line>
<line>de 0,50 m la cote de référence.</line></par>
<par>
<line>□ les constructions projetées ne doivent pas comporter de sous-sol.</line></par>
<par>
<line>□ Les nouveaux bâtiments seront implantés de façon à ce que leur plus grande longueur</line>
<line>soit parallèle aux écoulements, et avec un retrait minimal de 10 m par rapport aux berges</line></par>
</text>
</block>
<block><region><rect/></region>
<text>
<par>
<line>Plan de Prévention des Risques d’inondation de la vallée de la Scie</line></par>
<par>
<line>Règlement</line></par>
</text>
</block>
<block><region><rect/></region>
<text>
<par>
<line>8</line></par>
</text>
</block>

</page>
<page width="2479" height="3508" resolution="300">
<block><region><rect/></region>
<text>
<par>
<line>des rivières ou de l'axe des chenaux d'écoulements préférentiels en fond de vallée (en</line>
<line>particulier lit fossile de rivière quand elle est perchée en raison de la présence d'un</line>
<line>ouvrage).</line></par>
<par>
<line>□ les travaux destinés à réduire l'impact des inondations sur les parties habitables, et/ou</line>
<line>concernant la mise aux normes sanitaires des logements, et/ou la mise en sécurité des</line>
<line>installations existantes, et/ou à l'agrandissement de la famille, et/ou mettre hors d'atteinte</line>
<line>de la crue les locaux techniques existants, et/ou réparer des bâtiments sinistrés ne</line>
<line>devront pas augmenter l'emprise au sol de la construction de plus de 20 m^ (une seule</line>
<line>fois), ni créer, aménager ou agrandir des locaux en sous-sol.</line></par>
<par>
<line>□ les constructions devront être dotées d'un dispositif de coupure des réseaux (électricité,</line>
<line>gaz, eau) placé au dessus de la cote de référence majorée de 0,50 m.</line></par>
<par>
<line>□ les citernes étanches enterrées destinées à recevoir des hydrocarbures, du gaz, ou des</line>
<line>produits polluants seront lestées ou fixées ; les citernes extérieures seront arrimées et</line>
<line>mises hors d'eau.</line></par>
<par>
<line>□ les produits et matériels sensibles à l'humidité (électricité, électronique, chaudières et</line>
<line>équipements annexes, etc.) devront se situer à 0,50 m au dessus de la cote de référence.</line></par>
<par>
<line>□ les constructions projetées doivent utiliser des techniques et des matériaux permettant</line>
<line>d'assurer leur résistance aux vitesses d'écoulement locales et à l'immersion. En</line>
<line>particulier, les règles de constructions suivantes doivent être appliquées :</line></par>
<par>
<line>&gt; les fondations doivent être prévues pour résister aux affouillements,</line>
<line>tassements différentiels et érosions : fondations sur pieux ou sur puits en cas</line>
<line>de sous-sol peu compact. Les vides sanitaires et l'espace inférieur des</line>
<line>constructions sur pilotis doivent être inondables, aérés, vidangeables et</line>
<line>strictement non aménageables.</line></par>
<par>
<line>&gt; les murs des construction doivent être prévus pour résister aux pressions</line>
<line>hydrostatiques, aux chocs à l'immersion : par exemple par chaînage vertical</line>
<line>et horizontal de la structure, par l'utilisation de matériaux de construction non</line>
<line>putrescibles et non corrodables, par l'injection de produits hydrofuges, par</line>
<line>l'étanchéification des murs extérieurs...</line></par>
<par>
<line>□ les serres, tunnels et bâtiments agricoles seront orientés parallèlement à l'axe de la</line>
<line>rivière chaque fois que le parcellaire d'exploitation le permettra. Dans le cas contraire,</line>
<line>pour les serres et les tunnels, des parois amovibles qui seront escamotées en temps de</line>
<line>crue seront installées ; les parois amovibles retroussées et laissées sur place seront</line>
<line>arrimées.</line></par>
</text>
</block>
<block><region><rect/></region>
<text>
<par>
<line>Plan de Prévention des Risques d’inondation de la vallée de la Scie</line></par>
<par>
<line>Règlement</line></par>
</text>
</block>
<block><region><rect/></region>
<text>
<par>
<line>9</line></par>
</text>
</block>

</page>
<page width="2479" height="3508" resolution="300">
<block><region><rect/></region>
<text>
<par>
<line>&gt; Prescriptions applicables aux aménagements</line></par>
<par>
<line>• • L'équipement éventuel des aménagements doit être conçu pour résister aux effets d'une</line></par>
<par>
<line>submersion et ne pas être entraîné par les eaux ; ceci est valable en particulier pour le</line>
<line>mobilier tel que bancs, structures de jeux, équipements sportifs, éclairage....</line></par>
<par>
<line>□ La conception et l'adaptation des réseaux d'assainissement et de distribution d'eau</line>
<line>potable prendront en compte le risque de submersion en particulier pour l'évacuation des</line>
<line>eaux aux points bas (clapet anti-retour...), les déversoirs d'orage et les stations de</line>
<line>refoulement (pompes...).</line></par>
<par>
<line>□ Pour les stations d'épuration, l'autorisation est conditionnée à l'impossibilité technique</line>
<line>d'implanter l'équipement ailleurs (arrêté du 22 décembre 1994).</line></par>
<par>
<line>□ Les murs de clôture pleins sont interdits, y compris leurs soubassements. Ce seront des</line>
<line>clôtures à fil ou à grillage.</line></par>
<par>
<line>• • Les plantations doivent être adaptées de façon à présenter le minimum d'obstacle à</line></par>
<par>
<line>l'écoulement des eaux : sont préconisés le choix d'essences végétales à haute tige,</line>
<line>l'espacement suffisant des plants, l'alignement des plants selon le sens du courant,</line>
<line>l'élagage régulier sur une hauteur de 2 m comptée à partir du terrain naturel, l'évacuation</line>
<line>des déchets de coupe.</line></par>
</text>
</block>
<block><region><rect/></region>
<text>
<par>
<line>&gt; Prescriptions applicables à l'exploitation des terrains</line></par>
<par>
<line>• • Les équipements nécessaires à l'exploitation de terrains tels que cuves de combustible,</line></par>
<par>
<line>abreuvoirs pour le bétail... et matériaux dont le stockage provisoire en dépôt est</line>
<line>nécessaire à l'exploitation des terrains (ballots de paille ou de foin, bois de coupe,</line>
<line>fertilisants, aliments d'élevage...) doivent être placés dans la mesure du possible à</line>
<line>l'extérieur de la zone réglementée, ou alors de telle façon qu'ils ne puissent être entraînés</line>
<line>par les eaux.</line></par>
<par>
<line>• • Les accès aux terrains doivent être prévus pour la mise en sécurité du bétail.</line></par>
<par>
<line>• • Le stockage des produits polluants (pesticides, produits spécifiques aux activités</line></par>
<par>
<line>industrielles...) devra être réalisé à un niveau situé à 50 cm au-dessus de la cote de</line>
<line>référence.</line></par>
<par>
<line>• • Les zones repérées en prairies ou en forêt ne pourront être transformées en terres</line></par>
<par>
<line>labourées.</line></par>
</text>
</block>
<block><region><rect/></region>
<text>
<par>
<line>Plan de Prévention des Risques d’inondation de la vallée de la Scie</line></par>
<par>
<line>Règlement</line></par>
</text>
</block>
<block><region><rect/></region>
<text>
<par>
<line>10</line></par>
</text>
</block>

</page>
<page width="2479" height="3508" resolution="300">
<block><region><rect/></region>
<text>
<par>
<line>ZONE BLEUE</line></par>
</text>
</block>
<block><region><rect/></region>
<text>
<par>
<line>3.Interdictions en zone bleue</line>
<line>Sont interdits :</line></par>
</text>
</block>
<block><region><rect/></region>
<text>
<par>
<line>Les interdictions indiquées en zone rouge sont applicables à l'exception de :</line></par>
<par>
<line>&gt; l'extension mesurée des bâtiments publics autorisés à la date</line>
<line>d'approbation du présent document dans la limite maximale d'une</line>
<line>augmentation de 20% de l'emprise au sol, et sous réserve que ces travaux</line>
<line>soient destinés à améliorer le confort et la sécurité des occupants sans</line>
<line>entraîner une augmentation de la capacité d'accueil de l'équipement. Une</line>
<line>seule autorisation d'étendre pourra être admise.</line></par>
<par>
<line>&gt; l'extension mesurée des bâtiments liés à une activité économique</line>
<line>autorisés à la date d'approbation du présent document dans la limite</line>
<line>maximale d'une augmentation de 20% de l'emprise au sol. Une seule</line>
<line>autorisation d'étendre pourra être admise.</line></par>
<par>
<line>4.Prescriptions particulières aux projets autorisés en zone</line>
<line>bleue</line></par>
<par>
<line>Les projets autorisés doivent respecter les prescriptions applicables en zone rouge.</line></par>
</text>
</block>
<block><region><rect/></region>
<text>
<par>
<line>ZONE BLANCHE</line></par>
</text>
</block>
<block><region><rect/></region>
<text>
<par>
<line>5.Prescriptions applicables en zone blanche</line></par>
<par>
<line>En zone blanche, les projets nouveaux doivent systématiquement être accompagnés de</line>
<line>mesures compensatoires dont l'objectif est la maîtrise des risques existants dans les zones</line>
<line>rouge et bleue, et l'absence de création de nouveaux risques dans toutes les zones.</line></par>
<par>
<line>Ces prescriptions s'appliquent particulièrement aux projets qui sont susceptibles de générer</line>
<line>une augmentation du ruissellement par le biais par exemple, de l'imperméabilisation des</line>
<line>sols, du défrichement, de la suppression des haies et hêtraies, du remembrement des terres</line>
<line>agricoles...</line></par>
</text>
</block>
<block><region><rect/></region>
<text>
<par>
<line>Plan de Prévention des Risques d’inondation de la vallée de la Scie</line></par>
<par>
<line>Règlement</line></par>
</text>
</block>
<block><region><rect/></region>
<text>
<par>
<line>1 1</line></par>
</text>
</block>


<block blockType="Picture" blockName="" l="289" t="289" r="2192" b="360"><region><rect/></region>
</block>
<block blockType="Picture" blockName="" l="289" t="1796" r="2192" b="1867"><region><rect/></region>
</block>
</page>
<page width="2479" height="3508" resolution="300">
<block><region><rect/></region>
<text>
<par>
<line>III.Mesures relatives à l'aménagement, l'utilisation ou</line>
<line>l'exploitation des constructions et ouvrages existants</line></par>
<par>
<line>Le Plan de Prévention des Risques prescrit des mesures relatives à l'aménagement,</line>
<line>l'utilisation ou l'exploitation des constructions et ouvrages existants qui incombent aux</line>
<line>propriétaires, utilisateurs ou exploitants.</line></par>
<par>
<line>Les travaux de prévention imposés à des biens existants ou aménagés conformément aux</line>
<line>dispositions du code de l'urbanisme avant approbation du PPR, ne peuvent cependant pas</line>
<line>porter sur des aménagements dont le coût serait supérieur à 10% de la valeur vénale ou</line>
<line>estimée du bien à la date d'approbation du PPR.</line></par>
<par>
<line>Les mesures faisant l'objet du présent chapitre sont données à titre soit de prescriptions, soit</line>
<line>de recommandations et sont applicables dans les zones rouge et bleue.</line></par>
</text>
</block>
<block><region><rect/></region>
<text>
<par>
<line>1. Prescriptions</line></par>
<par>
<line>• Pour les terrains de camping et caravaning, un plan d'information, d'alerte et d'évacuation</line>
<line>sera défini avec les autorités. Le risque encouru sera clairement affiché et de manière</line>
<line>permanente.</line></par>
<par>
<line>• La mise hors d'eau des dépôts, stocks et décharges de produits périssables, polluants</line>
<line>présentant des risques potentiels pour la sécurité ou la salubrité publique (hydrocarbures,</line>
<line>solvants organiques, peintures, produits chimiques, phytosanitaires...) ou, dans le cas où</line>
<line>cela n'est pas envisageable, l'installation en fosse étanche et arrimée, résistant à la pression</line>
<line>hydrostatique et équipée d'un système de surveillance.</line></par>
<par>
<line>• Les réseaux d'eaux pluviales ou usées seront équipées de clapets anti-retour.</line></par>
</text>
</block>
<block><region><rect/></region>
<text>
<par>
<line>Pour les constructions</line></par>
<par>
<line>Les mesures de prévention prescrites sont classées ci-dessous par ordre décroissant de</line>
<line>priorité :</line></par>
<par>
<line>• 1) Les produits et matériaux non miscibles à l'eau seront arrimés ou mis hors d'eau (50 cm</line>
<line>au-dessus de la crue de référence) sur un support stable fixé au sol à l'intérieur de locaux</line>
<line>existants à la date du présent plan.</line></par>
<par>
<line>• 2) Les constructions seront dotées d'un dispositif de coupure du réseau électrique, placé</line>
<line>au-dessus de la cote de référence augmentée de 50 cm, dont il sera fait usage en cas de</line>
<line>crue et qui isolera la partie de construction située en dessous de cette cote.</line></par>
<par>
<line>• 3) Les constructions seront dotées d'un dispositif de coupure des autres réseaux</line>
<line>techniques (gaz, eau), placé au-dessus de la cote de référence augmentée de 50 cm, dont il</line>
<line>sera fait usage en cas de crue et qui isolera la partie de la construction située en dessous de</line>
<line>cette cote.</line></par>
<par>
<line>Pour les logements individuels, seule la mise en oeuvre de la mesure n°L est obligatoire,</line>
<line>dans la limite de 10% de la valeur vénale des biens, et dans un délai de 5 ans à compter de</line>
<line>la publication de l'acte approuvant ce plan.</line></par>
</text>
</block>
<block><region><rect/></region>
<text>
<par>
<line>Plan de Prévention des Risques d’inondation de la vallée de la Scie</line></par>
<par>
<line>Règlement</line></par>
</text>
</block>
<block><region><rect/></region>
<text>
<par>
<line>12</line></par>
</text>
</block>

</page>
<page width="2479" height="3508" resolution="300">
<block><region><rect/></region>
<text>
<par>
<line>Pour les autres constructions, la mise en oeuvre des trois mesures est obligatoire, dans la</line>
<line>limite de 10% de la valeur vénale des biens, et dans un délai de 5 ans à compter de la</line>
<line>publication de l'acte approuvant ce plan.</line></par>
<par>
<line>En cas de rénovation ou réfection, les revêtements de sols et de murs situés sous la cote de</line>
<line>référence augmentée de 50 cm seront constitués de matériaux insensibles à l'eau. Les</line>
<line>matériaux d'isolation thermique et phonique seront hydrophobes. Cette mesure est</line>
<line>notamment obligatoire dès le premier sinistre par inondation.</line></par>
</text>
</block>
<block><region><rect/></region>
<text>
<par>
<line>2. Recommandations</line></par>
<par>
<line>• • L'élimination dès que possible de tout obstacle à l'écoulement abandonné ou devenu</line></par>
<par>
<line>inutile : par exemple murs perpendiculaires à l'écoulement, barrières, remblais, bâtiments,</line>
<line>caravanes, véhicules divers...</line></par>
<par>
<line>• • La mise hors d'eau des cuves, au-dessus de la cote de référence ; lorsque ceci n'est pas</line></par>
<par>
<line>envisageable, ces installations doivent être fermement scellés au sol. Les cuves situées</line>
<line>en sous-sol doivent être maintenues pleines pendant les mois d'hiver de novembre à</line>
<line>mars inclus, ou à défaut, elles doivent être équipées de clapets à ouverture automatique</line>
<line>permettant leur remplissage en cas de submersion.</line></par>
<par>
<line>• Les débouchés de tuyaux d'évents seront situés au-dessus de la cote de référence</line>
<line>augmentée de 50 cm.</line></par>
<par>
<line>• • Le scellement ou arrimage des biens non sensibles mais qui peuvent être emportés</line></par>
<par>
<line>(mobilier urbain, de jardin ou de sport, équipements d'espaces publics, stocks de produits</line>
<line>inertes, réserves de bois de chauffe...) ou une protection interdisant leur emportement</line>
<line>par les crues.</line></par>
</text>
</block>
<block><region><rect/></region>
<text>
<par>
<line>Pour les réseaux et infrastructures publiques</line></par>
<par>
<line>• • L'ensemble du réseau d'assainissement des eaux usées sera rendu étanche (tampons de</line></par>
<par>
<line>regards notamment) de manière à limiter l'intrusion d'eaux parasites dans le réseau et en</line>
<line>tête de station d'épuration.</line></par>
<par>
<line>• «Concernant l'électricité, le téléphone et le gaz, les niveaux de référence, augmenté de 50</line></par>
<par>
<line>cm, seront pris en compte pour la mise en place et l'adaptation des transformateurs,</line>
<line>armoires de répartition, etc. Un dispositif de coupure des réseaux techniques sera placé</line>
<line>hors d'atteinte de la cote de référence. Il sera utilisé en cas de crue et isolera la partie</line>
<line>des installations située au-dessous de la cote de référence.</line></par>
<par>
<line>• « Pour le réseau routier submersible présentant un intérêt notamment l'acheminement de</line></par>
<par>
<line>matériaux servant à l'auto-protection et à l'évacuation des habitants ou encore à</line>
<line>l'accession des ouvrages hydrauliques, il est recommandé de mettre en place, s'il y a</line>
<line>lieu, un balisage permanent des limites des plates-formes routières, visible en période de</line>
<line>crue. La conception de ce balisage et les modalités de sa mise en oeuvre sont laissées à</line>
<line>l'initiative communale ou départementale. La partie supérieure des balises sera calée à</line>
<line>0,5 m minimum au-dessus du niveau de référence. Les balises seront conçues pour</line>
<line>résister aux effets du courant.</line></par>
</text>
</block>
<block><region><rect/></region>
<text>
<par>
<line>Plan de Prévention des Risques d’inondation de la vallée de la Scie</line></par>
<par>
<line>Règlement</line></par>
</text>
</block>
<block><region><rect/></region>
<text>
<par>
<line>13</line></par>
</text>
</block>

</page>
<page width="2479" height="3508" resolution="300">
<block><region><rect/></region>
<text>
<par>
<line>IV.Recommandations en terme de prévention, de protection et de</line>
<line>sauvegarde</line></par>
<par>
<line>1. Le ruissellement sur le bassin versant de la Scie</line></par>
<par>
<line>Il est recommandé de limiter le ruissellement sur les versants de la Scie, ainsi que</line>
<line>d'augmenter les possibilités de rétention, grâce à différentes propositions applicables à</line>
<line>l'échelle du bassin :</line></par>
<par>
<line>&gt; Limiter le ruissellement en aménageant par les méthodes douces les espaces</line>
<line>agricoles (bandes enherbées, mares, fossés cauchois, haies, pratiques</line>
<line>culturales mieux adaptées...) pour réduire les volumes ruisselés,</line></par>
<par>
<line>&gt; Augmenter les capacités de rétention sur les versants par la mise en place de</line>
<line>prairies inondables ou de bassins de rétention visant à retenir les volumes</line>
<line>ruisselés, ainsi que par la réalisation de fossés routiers.</line></par>
<par>
<line>&gt; Limiter et mieux gérer les apports de ruissellement urbain : limitation des</line>
<line>surfaces imperméabilisées, bassins d'orage, bassins secs ou traités comme</line>
<line>espaces verts, ou terrains de sports...).</line></par>
<par>
<line>En zone blanche (zone non soumis à l'aléa inondation mais pouvant contribuer au risque),</line>
<line>les projets nouveaux doivent systématiquement être accompagnés de mesures</line>
<line>compensatoires visant à ne pas accroître les volumes d'eau de ruissellement dans toutes les</line>
<line>zones situées à l'aval du projet.</line></par>
</text>
</block>
<block><region><rect/></region>
<text>
<par>
<line>2. Entretien des ouvrages et des cours d'eau</line></par>
<par>
<line>Il appartient aux propriétaires d'assurer le bon entretien du lit de la Scie et de ses affluents</line>
<line>(curage, faucardage, débroussaillage et entretien de la végétation rivulaire et des haies),</line>
<line>ainsi que celui des ouvrages hydrauliques (ponts, seuils, vannages, barrages fixes ou</line>
<line>mobiles...) qui devront, en permanence, assurer leur propre fonctionnalité.</line></par>
<par>
<line>On veillera notamment :</line></par>
<par>
<line>&gt; A l'absence d'arbres mort ou sous cavés, embâcles et d'atterrissements, en</line>
<line>particulier à proximité des ouvrages,</line></par>
<par>
<line>&gt; Au bon état des ouvrages hydrauliques et au bon fonctionnement des ouvrages</line>
<line>mobiles,</line></par>
<par>
<line>&gt; Au bon entretien de la végétation des berges et des haies perpendiculaires au sens</line>
<line>d'écoulement,</line></par>
<par>
<line>&gt; A la stabilité des berges.</line></par>
<par>
<line>En cas de défaillance des propriétaires, concessionnaires ou locataires des ouvrages, ou du</line>
<line>lit mineur et lit majeur des cours d'eau, la collectivité se substituera à ceux-ci selon les</line>
<line>dispositions prévues par la loi pour faire réaliser ces travaux d'entretien aux frais des</line>
<line>propriétaires, concessionnaires ou bénéficiaires de droits d'eau défaillants.</line></par>
<par>
<line>Les collectivités gérant les ouvrages hydraulique élaboreront, avec l'aide des services</line>
<line>spécialisés, si besoin est, un plan de fonctionnement des ouvrages mobiles en cas de crue</line>
<line>(effacement des vannes...).</line></par>
</text>
</block>
<block><region><rect/></region>
<text>
<par>
<line>Plan de Prévention des Risques d’inondation de la vallée de la Scie</line></par>
<par>
<line>Règlement</line></par>
</text>
</block>
<block><region><rect/></region>
<text>
<par>
<line>14</line></par>
</text>
</block>

</page>
<page width="2479" height="3508" resolution="300">
<block><region><rect/></region>
<text>
<par>
<line>3.</line></par>
</text>
</block>
<block><region><rect/></region>
<text>
<par>
<line>Information des habitants</line></par>
</text>
</block>
<block><region><rect/></region>
<text>
<par>
<line>Les mesures de sauvegarde suivantes doivent être appliquées pour permettre la mise en</line>
<line>sécurité rapide des personnes. Ces mesures incombent essentiellement à l'autorité</line>
<line>publique (la commune ou l'EPCI qui a la compétence).</line></par>
<par>
<line>• • Il appartient à l'autorité locale (la commune) de faire connaître à la population les zones</line></par>
<par>
<line>soumises à des risques prévisibles d'inondation par les moyens à sa disposition :</line>
<line>affichage et publicité municipale. En particulier, il est recommandé aux communes</line>
<line>l'établissement de documents d'information communaux (DICRIM) s'appuyant sur des</line>
<line>dossiers communaux synthétiques (DCS) lorsque ces derniers ont été notifiés.</line></par>
<par>
<line>• • La création et la mise en place de plans d'évacuation et de secours pour les logements</line></par>
<par>
<line>de type collectif, les locaux d'activité et les bâtiments à caractère public recevant du</line>
<line>public à titre permanent ou temporaire (hôpitaux, cliniques, maisons de retraite...). Ces</line>
<line>plans doivent être modulés en fonction de l'intensité du risque auquel sont soumis ces</line>
<line>bâtiments.</line></par>
<par>
<line>• • La création et la mise en place de plans de crise permettant d'assurer l'alimentation</line></par>
<par>
<line>permanente en eau potable et en énergie des équipements publics recevant du public à</line>
<line>mobilité réduite ou participant à l'organisation des secours (hôpitaux, cliniques, maisons</line>
<line>de retraite, centres de secours...).</line></par>
<par>
<line>• «Afin de faciliter l'organisation des secours et l'évacuation des zones inondables, la</line></par>
<par>
<line>commune met en place, de manière prévisionnelle et en liaison avec les services de la</line>
<line>police ou de la gendarmerie et les services extérieurs de l'Etat, un plan de circulation et</line>
<line>déviations provisoires.</line></par>
<par>
<line>• « Un plan d'information des habitants situés en zones rouge et bleue sera mis en place par</line></par>
<par>
<line>les communes avec l'appui des services préfectoraux (notamment à partir du DCS).</line>
<line>Outre l'affichage du risque, ce plan comprendra également un ensemble de</line>
<line>recommandations visant à informer les habitants des mesures à prendre avant de quitter</line>
<line>les locaux (mise hors d'eau des biens déplaçables, enlèvement des véhicules, caravanes,</line>
<line>arrêt et sectionnement des réseaux EDF, Télécom, GDF le cas échéant...).</line></par>
</text>
</block>
<block><region><rect/></region>
<text>
<par>
<line>Plan de Prévention des Risques d’inondation de la vallée de la Scie</line></par>
<par>
<line>Règlement</line></par>
</text>
</block>
<block><region><rect/></region>
<text>
<par>
<line>15</line></par>
</text>
</block>








</page>
<page width="2479" height="3508" resolution="300">
<block><region><rect/></region>
<text>
<par>
<line>4.</line></par>
</text>
</block>
<block><region><rect/></region>
<text>
<par>
<line>Mesures de protection</line></par>
</text>
</block>
<block><region><rect/></region>
<text>
<par>
<line>Dans le but de réduire le coût des dommages aux biens existants ou à créer, les mesures</line>
<line>de protection suivantes doivent être envisagées :</line></par>
<par>
<line>• • La mise hors d'eau des équipements publics essentiels tels que les postes de</line></par>
<par>
<line>transformation et de distribution d'électricité, les postes de télécommunication, de</line>
<line>radiodiffusion, les centres de production d'eau potable, les stations d'épuration... Ces</line>
<line>mesures de protection incombent au propriétaire de ces équipements et s'étendent aux</line>
<line>réseaux qui assurent la distribution du service jusqu'aux particuliers. Les mesures de</line>
<line>protection s'appliquent particulièrement aux équipements publics stratégiques en période</line>
<line>de crise comme les postes de télédiffusion et de télécommunication.</line></par>
<par>
<line>Dans les bâtiments privés, des mesures de protection simples sont recommandées (leur</line>
<line>application n'est cependant pas obligatoire dans les bâtiments existants) : la mise hors d'eau</line>
<line>des tableaux de distribution électrique, des installations de chauffage et plus généralement</line>
<line>des biens de valeur. Dans le cas où la mise hors d'eau permanente n'est pas envisageable,</line>
<line>on prévoira la possibilité de l'élévation temporaire des biens sensibles et facilement</line>
<line>transportables.</line></par>
<par>
<line>• la mise en place de dispositifs permettant de limiter les entrées d'eau lors des crues. Il</line>
<line>s'agira en particulier :</line></par>
<par>
<line>&gt; d'équiper les ouvertures de « rails » permettant de mettre en place des</line>
<line>batardeaux (de cote supérieure de 20 cm à la cote de référence) dès</line>
<line>l'annonce de la crue,</line></par>
<par>
<line>&gt; d'équiper les évacuations d'eaux usées de dispositifs empêchant les</line>
<line>remontées d'eaux par les équipements sanitaires (clapets anti-retour...),</line></par>
<par>
<line>&gt; d'équiper les bouches d'aération de dispositifs d'obturation efficace.</line></par>
<par>
<line>En outre et afin d'assister les sinistrés dans la mise en place des mesures d'auto-protection,</line>
<line>la municipalité constituera un stock de matériaux ou fera réserver des stocks permanents</line>
<line>chez les distributeurs de son choix, notamment :</line></par>
<par>
<line>- Parpaings,</line></par>
<par>
<line>- Sable et ciment à prise rapide,</line></par>
<par>
<line>- Bastaings,</line></par>
<par>
<line>- Films plastiques.</line></par>
<par>
<line>La municipalité fait procéder à la constitution de ce stock et à la préparation du plan de</line>
<line>distribution dans les meilleurs délais à compter de l'approbation du présent PPR. Un plan de</line>
<line>situation des différents entrepôts de matériaux sera annexé à ce plan de distribution.</line></par>
<par>
<line>Après chaque crue, le stock sera reconstitué par récupération des matériaux non utilisés et</line>
<line>acquisition de matériaux nouveaux.</line></par>
</text>
</block>
<block><region><rect/></region>
<text>
<par>
<line>Plan de Prévention des Risques d’inondation de la vallée de la Scie</line></par>
<par>
<line>Règlement</line></par>
</text>
</block>
<block><region><rect/></region>
<text>
<par>
<line>16</line></par>
</text>
</block>

</page>
</PM1>