<?xml version="1.0" encoding="UTF-8"?><PM1>
<page width="2491" height="3513" resolution="300">
<block><region><rect/></region>
<text>
<par>
<line>Uitrti » ÉgaliU » FrûUratlt</line>
<line>KÂFUBUQSJB Fkancaisb</line></par>
</text>
</block>
<block><region><rect/></region>
<text>
<par>
<line>PREFECTURE DE L’ALLIER</line></par>
</text>
</block>
<block><region><rect/></region>
<text>
<par>
<line>Direction des relations avec les</line>
<line>collectivités territoriales</line></par>
<par>
<line>Bureau de l’urbanisme et de la coopération intercommunale</line>
<line>Affaire suivie par J.Etienne/SD</line></par>
</text>
</block>
<block><region><rect/></region>
<text>
<par>
<line>N“ 2685 /2001</line></par>
</text>
</block>
<block><region><rect/></region>
<text>
<par>
<line>ARRETE</line>
<line>Le Préfet de l’Ailier,</line>
<line>Chevalier de la Légion d’Honneur,</line></par>
</text>
</block>
<block><region><rect/></region>
<text>
<par>
<line>Objet : Plan de prévention des risques naturels prévisibles (PPR) de Bellerive-sur-</line>
<line>Allier</line></par>
</text>
</block>
<block><region><rect/></region>
<text>
<par>
<line>Vu la loi n“87.565 du 22 juillet 1987 relative à l’organisation de la</line>
<line>sécurité civile, à la protection de la forêt contre l’incendie et à la prévention des risques</line>
<line>majeurs ;</line></par>
</text>
</block>
<block><region><rect/></region>
<text>
<par>
<line>Vu la loi n°95.101 du 2 février 1995 relative au renforcement de la</line>
<line>protection de l’environnement et notamment son chapitre n relatif aux plans de prévention</line>
<line>des risques naturels prévisibles ;</line></par>
<par>
<line>Vu le décret n°90.918 du 11 octobre 1990 relatif à l’exercice du droit à</line>
<line>l’information sur les risques majeurs ;</line></par>
<par>
<line>Vu le décret n°95,1089 du 5 octobre 1995 relatif aux plans de prévention</line>
<line>des risques naturels prévisibles ;</line></par>
<par>
<line>Vu le code de l’urbanisme,</line></par>
<par>
<line>Vu le code de l’expropriation et notamment ses articles RI 1-4 à RI 1-14 ,</line></par>
<par>
<line>Vu l’arrêté préfectoral n° 2329/2000 du 7 juin 2000 prescrivant</line>
<line>l’établissement d’un plan de prévention des risques naturels prévisibles (PPR) en matière</line>
<line>de zones inondables pour la commune de Bellerive-sur-Allier sur tout le cours des</line>
<line>ruisseaux le Briandet et le Sarmon ;</line></par>
<par>
<line>Vu la délibération du 16 novembre 2000, du conseil municipal de</line>
<line>Bellerive-sur-Allier ;</line></par>
<par>
<line>Vu l’avis en date du 11 septembre 2000, de la chambre d’agriculture de</line></par>
<par>
<line>l’Ailier.</line></par>
</text>
</block>
<block><region><rect/></region>
<text>
<par>
<line>2, rue Michel de l’Hospital - BP 1649 - 03016 MOULINS Cedex</line></par>
</text>
</block>


</page>
<page width="2502" height="3520" resolution="300">
<block><region><rect/></region>
<text>
<par>
<line>Vu l’arrêté n° 297 du 13 décembre 2000, du Sous-Préfet de Vichy,</line>
<line>prescrivant la mise à enquête publique du projet de plan de prévention des risques naturels</line>
<line>prévisibles (PPR) de Bellerive-sur-Allier pour le Briandet et le Sarmon ;</line></par>
<par>
<line>Vu les résultats de l’enquête publique qui s’est déroulée du 15 janvier au</line>
<line>17 février 2001 et le rapport de la commission d’enquête ;</line></par>
<par>
<line>Vu le rapport du 28 juin 2001, du Directeur Départemental de</line></par>
<par>
<line>l’Equipement,</line></par>
</text>
</block>
<block><region><rect/></region>
<text>
<par>
<line>Sur proposition du Secrétaire Général de la Préfecture ;</line></par>
</text>
</block>
<block><region><rect/></region>
<text>
<par>
<line>ARRETE</line></par>
<par>
<line>Article 1er : Le plan de prévention des risques naturels prévisibles (PPR), délimitant les</line>
<line>zones inondables par les ruisseaux le Briandet et le Sarmon sur la commune de Bellerive-</line>
<line>sur-Allier, est approuvé conformément au dossier annexé au présent arrêté et comprenant</line>
<line>les documents suivants :</line></par>
<par>
<line>- note de présentation,</line></par>
<par>
<line>- règlement,</line></par>
<par>
<line>cartes de zonage au 1/2500,</line></par>
<par>
<line>- cartes des alés au 1/2500</line></par>
<par>
<line>Ce plan vaut servitude d'utilité publique. Il sera annexé au plan</line>
<line>d’occupation des sols de la commune de Bellerive-sur-Allier ;</line></par>
<par>
<line>Article 2 ; Le présent arrêté sera publié au recueil des actes administratifs de la préfecture,</line>
<line>ainsi que dans deux journaux diffusés dans le département.</line></par>
<par>
<line>Copie en sera affichée pendant un mois au minimum à la mairie de</line>
<line>Bellerive-sur-Allier.</line></par>
<par>
<line>L'accomplissement de ces formalités sera justifié par la production des</line>
<line>journaux considérés, d'une part, par le certificat établi par le maire, d’autre part.</line></par>
<par>
<line>Article 3 : Le plan approuvé sera tenu à la disposition du public à la préfecture, à la</line>
<line>direction départementale de l'équipement de l'Ailier à la sous-préfecture de Vichy, et en</line>
<line>mairie de Bellerive-sur-Allier.</line></par>
</text>
</block>
<block><region><rect/></region>
<text>
<par>
<line>Article 4 : Le secrétaire général de la préfecture, le directeur départemental de</line>
<line>l'équipement, le sous-préfet de Vichy, le maire de Bellerive-sur-Allier, sont chargés,</line>
<line>chacun en ce qui le concerne, de l'exécution du présent arrêté.</line></par>
</text>
</block>
<block><region><rect/><rect/><rect/><rect/></region>
<text>
<par>
<line>POUR AMPLIATION</line>
<line>^our le Préfet,</line>
<line>ché 4e Préfecture</line>
<line>C j@f4e Bureau</line></par>
</text>
</block>
<block><region><rect/></region>
<text>
<par/>
</text>
</block>
<block><region><rect/></region>
<text>
<par>
<line>Jacques</line></par>
</text>
</block>
<block><region><rect/></region>
<text>
<par>
<line>Moulins, le 30 juillet 2001</line>
<line>Le préfet.</line></par>
</text>
</block>
<block><region><rect/></region>
<text>
<par>
<line>Dominique BELLION</line></par>
</text>
</block>





</page>
</PM1>