<?xml version="1.0" encoding="UTF-8"?><PM1>
<page width="2496" height="3516" resolution="300">
<block><region><rect/></region>
<text>
<par>
<line>Liberté • Égalité • Fraternité</line></par>
<par>
<line>République Française</line></par>
<par>
<line>PRÉFECTURE</line></par>
<par>
<line>DES PYRÉNÉES-ATLANTIQUES</line></par>
</text>
</block>
<block><region><rect/></region>
<text>
<par>
<line>REFER : PC/3 - 2002/370</line></par>
<par>
<line>Arrêté préfectoral n° ; 2002 - 212 - 12</line></par>
</text>
</block>
<block><region><rect/></region>
<text>
<par>
<line>SERVICE</line></par>
<par>
<line>INTERMINISTERIEL</line>
<line>DE LA DEFENSE ET DE</line>
<line>LA PROTECTION CIVILES</line></par>
</text>
</block>
<block><region><rect/></region>
<text>
<par>
<line>ARRETE</line></par>
<par>
<line>approuvant le Plan de Prévention des Risques d'inondations de la</line>
<line>commune d’IDRON</line></par>
</text>
</block>
<block><region><rect/></region>
<text>
<par>
<line>Le Préfet des Pyrénées-Atlantiques,</line></par>
<par>
<line>Chevalier de la Légion d'Honneur,</line></par>
<par>
<line>VU la loi n°87-565 du 22 juillet 1987, relative à l'organisation de la Sécurité Civile, à</line>
<line>la protection de la forêt contre l'incendie et à la prévention des risques majeurs, notamment</line>
<line>ses articles 40.1 à 40.7 issus de la loi n° 95-101 du 2 février 1995 ;</line></par>
<par>
<line>VU le décret n°95 -1089 du 5 octobre 1995, relatif aux plans de prévention des</line>
<line>risques naturels prévisibles ;</line></par>
<par>
<line>VU l'arrêté préfectoral en date du 16 mai 1997, prescrivant l'établissement d'un plan</line>
<line>de prévention du risque d'inondation (P.P.R.I.) sur la commune d’Idron ;</line></par>
<par>
<line>VU l'arrêté préfectoral en date du 4 avril 2002 prescrivant l'ouverture d'une enquête</line>
<line>publique sur le plan de prévention du risque d’inondation de la commune d’Idron ;</line></par>
<par>
<line>VU la délibération du Conseil municipal en date du 1*^ mars 2002;</line></par>
<par>
<line>VU le procès - verbal de l'enquête publique qui s'est déroulée du 22 avril 2002 au 24</line>
<line>mai 2002 et à l'avis du Commissaire -enquêteur en date du 6 juin 2002;</line></par>
<par>
<line>SUR proposition du directeur de Cabinet de la préfecture ,</line></par>
</text>
</block>
<block><region><rect/></region>
<text>
<par>
<line>ARRETE:</line></par>
<par>
<line>Article ; I - est approuvé tel qu'il est annexé au présent arrêté, le Plan de Prévention du</line>
<line>Risque d'inondation de la commune d’IDRON</line></par>
</text>
</block>
<block><region><rect/></region>
<text>
<par>
<line>Toute corrvspotnloucc tloit être mlre.ssée sous forme tmpersonncHe à Monsieur le Préfet des Py'rénées-Atlontiifues</line>
<line>2- RUE MARÉCHAL JOFFRE 64021 PAU CEDEX. TEL. 05 59 98 24 24 - AZUR 0K0I6.'Ï64I6 TÉLÉCOPIE 05 59 98 24 99</line></par>
</text>
</block>


</page>
<page width="2502" height="3520" resolution="300">
<block><region><rect/></region>
<text>
<par>
<line>II - le P.P.R.I, comprend : une note de présentation, un règlement,</line></par>
<par>
<line>une carte réglementaire au 1/5000^, d'une partie annexe comprenant la</line>
<line>carte des aléas, la carte des hauteurs d'eau au 1/5 000®, un plan de</line>
<line>situation, les textes réglementaires.</line></par>
<par>
<line>in - le P.P.R.I. est tenu à la disposition du public</line>
<line>à la mairie d’Idron</line></par>
<par>
<line>à la diction départementale de l'équipement</line>
<line>à la préfecture de Pau (S.I.D.P.C.et D.C.L.E.)</line></par>
</text>
</block>
<block><region><rect/></region>
<text>
<par>
<line>Article 2 : Le présent arrêté sera publié au recueil des actes administratifs et mention en</line>
<line>sera faite dans les journaux ci-après désignés;</line></par>
</text>
</block>
<block><region><rect/></region>
<text>
<par>
<line>L'Eclair des Pyrénées et la République des Pyrénées</line></par>
</text>
</block>
<block><region><rect/></region>
<text>
<par>
<line>Une copie de l'arrêté d'approbation sera affichée à la mairie pendant un mois au</line>
<line>minimum. Cette mesure de publicité sera justifiée par un certificat du maire et un</line>
<line>exemplaire des journaux sera annexé au dossier.</line></par>
<par>
<line>Article 3 : Des ampliations seront adressées à :</line></par>
<par>
<line>M. le secrétaire général de la préfecture, Mme la maire d’Idron, M. le directeur</line>
<line>départemental de l'équipement, Mme la ministre de l'écologie et du développement</line>
<line>durable.</line></par>
<par>
<line>Article 4 ; MM. Le secrétaire général, le directeur de cabinet, Mme la maire d’Idron, M.</line>
<line>le directeur départemental de l'équipement sont chargés, chacun en ce qui le concerne, de</line>
<line>l'exécution du présent arrêté.</line></par>
</text>
</block>
<block><region><rect/></region>
<text>
<par>
<line>Fait à Pau, le ^ f</line>
<line>Le Prefet,</line></par>
</text>
</block>
<block><region><rect/></region>
<text>
<par/>
</text>
</block>
<block><region><rect/></region>
<text>
<par>
<line>AiaiîiZÂBULON</line></par>
</text>
</block>

</page>
</PM1>