<?xml version="1.0" encoding="UTF-8"?><PM1>
<page width="1656" height="2339" resolution="200">
<block><region><rect/></region>
<text>
<par>
<line>Liberté • Égalité • Fraternité</line></par>
<par>
<line>RÉPUBLIQUE Française</line></par>
</text>
</block>
<block><region><rect/></region>
<text>
<par>
<line>PRÉFECTURE DU FINISTÈRE</line></par>
</text>
</block>
<block><region><rect/></region>
<text>
<par>
<line>Commune du FAOU</line></par>
</text>
</block>
<block><region><rect/></region>
<text>
<par>
<line>arrêté préfectoral n®...2009 - 1387 du 16/09/2009.</line>
<line>approuvant le plan de prévention des risques naturels prévisibles</line>
<line>relatif au phénomène inondation</line></par>
</text>
</block>
<block><region><rect/></region>
<text>
<par>
<line>Le Préfet du Finistère</line>
<line>Chevalier de la Légion d’Honneur</line>
<line>Officier de l’Ordre National du Mérite</line></par>
<par>
<line>Vu le code de l’environnement, et notamment les articles L 562-1 et suivants, issus de la loi n° 95-101 du 2</line>
<line>février 1995 relative au renforcement de la protection de l'environnement, modifiée par la loi n° 2003-699 du 30</line>
<line>juillet 2003 relative à la prévention des risques technologiques et naturels et à la réparation des dommages ;</line></par>
<par>
<line>Vu le code de l'urbanisme, et notamment son article L 126-1 ;</line></par>
<par>
<line>Vu rarrêté préfectoral n° 2001-0864 du 25 mai 2001 portant prescription d'un plan de prévention des risques</line>
<line>naturels prévisibles relatif au phénomène d'inondation (PPR-I) sur le territoire de la commune du Faou ;</line></par>
<par>
<line>Vu la décision du 9 avril 2009 du président du tribunal administratif de Rennes désignant le commissaire-</line>
<line>enquêteur ;</line></par>
<par>
<line>Vu l'arrêté préfectoral n° 2009-0624 du 5 mai 2009 ordonnant l'ouverture de l'enquête</line>
<line>publique du 2 juin 2009 au 2 juillet 2009 ;</line></par>
<par>
<line>Vu les pièces du dossier soumis à enquête publique ;</line></par>
<par>
<line>Vu les résultats de l'enquête publique, et notamment les conclusions du commissaire-enquêteur du</line>
<line>21 juillet 2009;</line></par>
<par>
<line>Vu la délibération du conseil municipal du Faou (31 mars 2009), émettant son avis sur le dossier de PPR-I ;</line></par>
<par>
<line>Sur proposition du secrétaire général de la préfecture du Finistère ;</line></par>
<par>
<line>ARRETE</line></par>
</text>
</block>
<block><region><rect/></region>
<text>
<par>
<line>Article 1</line></par>
<par>
<line>Est approuvé le plan de prévention des risques naturels prévisibles relatif au phénomène d'inondation (PPR-I)</line>
<line>sur la commune du Faou.</line></par>
</text>
</block>


<block blockType="Picture" blockName="" l="700" t="143" r="760" b="201"><region><rect/></region>
</block>
</page>
<page width="1656" height="2339" resolution="200">
<block><region><rect/></region>
<text>
<par>
<line>Article 2</line></par>
</text>
</block>
<block><region><rect/></region>
<text>
<par>
<line>Le présent arrêté sera inséré au recueil des actes administratifs du département et mentionné dans deux</line>
<line>journaux diffiisés dans tout le département.</line></par>
</text>
</block>
<block><region><rect/></region>
<text>
<par>
<line>Article 3</line></par>
<par>
<line>Le présent arrêté, auquel est jointe une copie du dossier, ainsi qu'une copie du rapport et des conclusions du</line>
<line>commissaire-enquêteur, sera notifié à la commune du Faou.</line></par>
<par>
<line>Copie de l'arrêté sera affichée dans la mairie du Faou aux lieux habituels réservés à cet effet pendant une</line>
<line>durée minimum d'un mois.</line></par>
<par>
<line>Le plan de prévention des risques naturels prévisibles relatif au phénomène d'inondation, dont l'élaboration</line>
<line>est approuvée, sera tenu à la disposition du public, à la préfecture du Finistère et dans la mairie du Faou.</line></par>
</text>
</block>
<block><region><rect/></region>
<text>
<par>
<line>Article 4</line></par>
<par>
<line>A l'expiration du délai d'affichage, et après mise à disposition du public du dossier durant au moins un mois,</line>
<line>le maire transmettra au préfet un certificat justifiant de l'accomplissement de cette mesure de publicité.</line></par>
<par>
<line>Par ailleurs, le maire annexera au plan d'occupation des sols la servitude instituée par le présent arrêté,</line>
<line>conformément aux dispositions de l'article L 126-1 du code de l'urbanisme.</line></par>
<par>
<line>Une copie de l'arrêté du maire, constatant la mise à jour du plan d'occupation des sols du Faou sera</line>
<line>également adressée au Préfet.</line></par>
</text>
</block>
<block><region><rect/></region>
<text>
<par>
<line>Article 5</line></par>
<par>
<line>Le secrétaire général de la préfecture du Finistère, le maire du Faou, le directeur départemental de</line>
<line>l'équipement et de l'agriculture sont chargés, chacun en ce qui le concerne, de l'exécution du présent arrêté.</line></par>
</text>
</block>
<block><region><rect/></region>
<text>
<par>
<line>Quimper, le</line></par>
</text>
</block>
<block><region><rect/></region>
<text>
<par>
<line>Pascal MAILHOS</line></par>
</text>
</block>

</page>
</PM1>