<?xml version="1.0" encoding="UTF-8"?><PM1>
<page width="1653" height="2339" resolution="200">
<block><region><rect/></region>
<text>
<par>
<line>Liberté • Égalité • Fraternité</line></par>
<par>
<line>RÉPUBLIQUE Française</line></par>
</text>
</block>
<block><region><rect/></region>
<text>
<par>
<line>PRÉFET DU GARD</line></par>
</text>
</block>
<block><region><rect/></region>
<text>
<par>
<line>Direction Départementale</line>
<line>des Territoires et de la Mer</line></par>
<par>
<line>Service Observation Territoriale</line>
<line>Urbanisme et Risques</line></par>
<par>
<line>Réf. : Arrêté d'approbation modification PPRI Rousson</line>
<line>Affaire suivie par : Philippe DEMOULIN</line>
<line>.04 66 62,65.62</line></par>
<par>
<line>Mél Dhilippe.denioulin@gard.eouv.fr</line></par>
</text>
</block>
<block><region><rect/></region>
<text>
<par>
<line>ARRETE N° 2012 -OOyfS</line></par>
<par>
<line>Relatif à l'approbation de la modification du Plan de Prévention des Risques d'inondation (PPRi) sur la</line></par>
<par>
<line>commune de Rousson</line></par>
</text>
</block>
<block><region><rect/></region>
<text>
<par>
<line>Le Préfet du Gard</line>
<line>Chevalier de la Légion d'Honneur,</line></par>
</text>
</block>
<block><region><rect/></region>
<text>
<par>
<line>Vu le code de l'environnement en particulier ses articles L 562-1 à L 562-9 et R 562-1 à R562-10 et</line>
<line>notamment les articles R 562-10-1 et R 562-10-2</line></par>
<par>
<line>Vu l'arrêté préfectoral n°2010-313-0020 du 9 novembre 2010 portant approbation du Plan de Prévention</line>
<line>des Risques Inondation sur la commune de Rousson,</line></par>
<par>
<line>Vu l'arrêté préfectoral n° 2012-191-0006 du 9 juillet 2012 prescrivant la modification du Plan de</line>
<line>Prévention des Risques Inondation sur la commune de Rousson,</line></par>
<par>
<line>Vu le rapport du Directeur Départemental des Territoires et de la Mer du Gard du 21 novembre 2012,</line></par>
<par>
<line>CONSIDERANT la nécessité de modifier les documents graphiques du PPRi approuvé sur la commune</line>
<line>de Rousson afin de rectifier une erreur matérielle sur la définition des enjeux,</line></par>
<par>
<line>CONSIDERANT que la modification qui porte sur le secteur du lotissement dit " Le Richelieu " ne porte</line>
<line>pas atteinte à l'économie générale du PPRi de la commune de Rousson,</line></par>
<par>
<line>Sur proposition de Monsieur le Secrétaire Général de la Préfecture du Gard,</line></par>
</text>
</block>
<block><region><rect/></region>
<text>
<par>
<line>Nouveau N'’ de téléphone UNIQUE pour les services de l'Etat dans le Gard : 0 820 09 11 72</line>
<line>au tarif de 11,8 cts d’euro la minute depuis un poste fixe.</line></par>
</text>
</block>


</page>
<page width="1653" height="2339" resolution="200">
<block><region><rect/></region>
<text>
<par>
<line>ARRETE</line></par>
</text>
</block>
<block><region><rect/></region>
<text>
<par>
<line>Article 1er ;</line></par>
<par>
<line>La modification du Plan de Prévention des Risques d'inondation sur la commune de Rousson est approuvée,</line>
<line>telle qu'annexée au présent arrêté, sur l'ensemble du territoire du PPRI (commune de Rousson).</line></par>
<par>
<line>Article 2 :</line></par>
<par>
<line>Le dossier de modification comprend :</line></par>
<par>
<line>- La carte du zonage règlementaire modifiée</line></par>
<par>
<line>II est tenu à la disposition du public dans les locaux :</line></par>
<par>
<line>-de la mairie de Rousson</line></par>
<par>
<line>-de la Préfecture du département du GARD,</line></par>
<par>
<line>-de la Direction Départementale des Territoires et de la Mer du Gard : 89, rue Weber 30907</line></par>
<par>
<line>NÎMES.</line></par>
<par>
<line>Article 3 :</line></par>
<par>
<line>Une copie du présent arrêté sera adressée à :</line></par>
<par>
<line>-Monsieur le Maire de la commune de Rousson</line></par>
<par>
<line>-Monsieur le Directeur Régional de l’Environnement, de l'Aménagement et du Logement</line>
<line>Languedoc-Roussillon,</line></par>
<par>
<line>-Monsieur le Directeur Général de la Prévention des Risques du Ministère en charge de l’Écologie,</line>
<line>du Développement Durable et de l'Énergie.</line></par>
<par>
<line>Article 4 ;</line></par>
<par>
<line>Une copie du présent arrêté sera affichée en Mairie de Rousson pendant au moins un mois à partir</line>
<line>de la date de réception de la notification du présent arrêté et mention en sera faite en caractères apparents</line>
<line>dans le journal MIDI LIBRE.</line></par>
<par>
<line>Article 5 ;</line></par>
<par>
<line>Le présent arrêté sera publié au Recueil des Actes Administratifs de la Préfecture.</line></par>
<par>
<line>Article 6 ;</line></par>
<par>
<line>Le Maire de la commune de Rousson, la Préfecture du département du GARD et la Direction</line>
<line>Départementale des Territoires et de la Mer du Gard devront procéder à la mise à jour du dossier du PPRi de</line>
<line>la commune de Rousson en intégrant les pièces de la présente modification.</line></par>
<par>
<line>Article 7 ;</line></par>
<par>
<line>Le présent arrêté peut faire l'objet d’un recours contentieux auprès du Tribunal Administratif de</line>
<line>Nîmes, 16, Avenue Feuchères CS 88010 - 30941 Nîmes Cedex 9, dans un délai de 2 mois à compter de</line>
<line>l’exécution des formalités de publicité.</line></par>
<par>
<line>Article 8 :</line></par>
<par>
<line>Monsieur le Secrétaire Général de la Préfecture du Gard, Monsieur le Directeur Départemental des</line>
<line>territoires et de la Mer du Gard et Monsieur le Maire de la commune de Rousson sont chargés, chacun en ce</line>
<line>qui les concerne, de l’exécution du présent arrêté.</line></par>
<par>
<line>Fait à Nîmes, le 2 9 NOV, 2012</line></par>
<par>
<line>li ^ I</line></par>
<par>
<line>Hugues BOUSIGES</line></par>
<par>
<line>Nouveau N° de téléphone UNIQUE pour les services de l'Etat dans le Gard ; 0 820 09 11 72</line>
<line>au tarif de 11,8 cts d’euro la minute depuis un poste fixe.</line></par>
</text>
</block>








</page>
</PM1>