<?xml version="1.0" encoding="UTF-8"?><PM1>
<page width="1654" height="2339" resolution="200">
<block><region><rect/></region>
<text>
<par>
<line>Liberté • Egalilé ■ Fralernilé</line></par>
<par>
<line>RÉPUBLIQUE Française</line></par>
</text>
</block>
<block><region><rect/></region>
<text>
<par>
<line>PRÉFECTURE</line></par>
<par>
<line>DES PYRÉNÉES-ATLANTIQUES</line></par>
<par>
<line>CABINET</line></par>
<par>
<line>SERVICE INTERMINISTERIEL DE DEFENSE</line>
<line>ET DE PROTECTION CIVILES</line>
<line>REFER: JV/PC3 - 2007/280</line></par>
<par>
<line>Arrêté préfectoral n® 2007/94-3</line></par>
</text>
</block>
<block><region><rect/></region>
<text>
<par>
<line>ARRETE</line></par>
<par>
<line>approuvant le plan de prévention des risques naturels prévisibles d’avalanches, de</line>
<line>mouvements de terrain, de chutes de blocs, de séismes et de crues torrentielles de</line></par>
<par>
<line>la commune d’ASTE-BEON</line></par>
</text>
</block>
<block><region><rect/></region>
<text>
<par>
<line>Le Préfet des Pyrénées-Atlantiques</line></par>
<par>
<line>Chevalier de la Légion d’Honneur,</line></par>
</text>
</block>
<block><region><rect/></region>
<text>
<par>
<line>VU le code de l’environnement, articles L562-1 à L562-9 ;</line></par>
<par>
<line>VU le décret n°95 -1089 du 5 octobre 1995 modifié, relatif aux plans de</line>
<line>prévention des risques naturels prévisibles (P.P.R.N.) ;</line></par>
<par>
<line>VU l’arrêté préfectoral n° 2003/234-1 du 23 août 2003 prescrivant</line>
<line>rétablissement d’un plan de prévention des risques naturels prévisibles sur la</line>
<line>commune d’ASTE-BEON</line></par>
<par>
<line>VU l’arrêté préfectoral n° 2006/283-3 du 10 octobre 2006 prescrivant</line>
<line>l’ouverture d’une enquête publique sur le plan de prévenion des risques naturels</line>
<line>prévisibles sui” la commune d’ASTE-BEON ;</line></par>
<par>
<line>VU la délibération en date du 16 juin 2006 du conseil municipal d’Aste-Béon</line>
<line>et l’avis de la chambre d’agriculture en date du 25 juillet 2006 ;</line></par>
<par>
<line>VU le procès-verbal de l’enquête publique qui s’est déroulée du 7 novembre</line>
<line>2006 au 7 décembre 2006 et à l’avis du commissaire-enquêteur rendu le 19 janvier</line>
<line>2007;</line></par>
<par>
<line>VU le rapport de synthèse du service de restauration des terrains en montagne</line>
<line>en date du 3 avril 2007 ;</line></par>
<par>
<line>Sur proposition du directeur de Cabinet de la préfecture des Pyrénées-</line>
<line>Atlantiques;</line></par>
<par>
<line>ARRETE:</line></par>
<par>
<line>Article U'" : I - est approuvé tel qu’il est annexé au présent arrêté, le plan de</line>
<line>prévention des risques naturels prévisibles de la commune d’ASTE-BEON.</line></par>
</text>
</block>
<block><region><rect/></region>
<text>
<par>
<line>To/tte corresponthtice doit être adressée sous forme itiipersoinietle à Monsieur le Préfet des Pyrénées-Atlantiques</line>
<line>2, RUE MARÉCHAL JOFFRE 64021 PAU CEDEX. TEL. 0 821 80 30 64 - TÉLÉCOPIE 05 59 98 24 99</line>
<line>courricr@pyrenees-atlantiqucs.pref.goiiv.fr - site internet ; \v\vsv.p)'renecs-atlantiques.prefgouv.fr</line></par>
</text>
</block>




</page>
<page width="1677" height="2355" resolution="200">
<block><region><rect/></region>
<text>
<par>
<line>II - le PPRN comprend ; un rapport de présentation, un règlement,</line>
<line>une carte réglementaire au 1/5000®, une carte des aléas au 1/10000®, une carte</line>
<line>informative des phénomènes naturels.</line></par>
<par>
<line>III - le PPRN est tenu à la disposition du public</line></par>
<par>
<line>- à la mairie d’Aste-Béon</line></par>
<par>
<line>à la sous-préfecture d’Oloron Sainte-Marie</line></par>
<par>
<line>- à la direction départementale de l’agricuture et de la forêt à Pau</line></par>
<par>
<line>- à la direction départementale de l’Equipement à Pau et Oloron</line>
<line>Sainte-Marie</line></par>
<par>
<line>à la préfecture de Pau (SIDPC)</line></par>
<par>
<line>Article 2 : Le présent arrêté sera publié au recueil des actes administratifs et mention</line>
<line>en sera faite dans les deux journaux ci-après désignés:</line></par>
<par>
<line>l'Eclair des Pyrénées - la République des Pyrénées</line></par>
<par>
<line>Une copie de l’arrêté d’approbation sera affichée à la mairie pendant un mois au</line>
<line>minimum. Cette mesure de publicité sera justifiée par un certificat du maire et un</line>
<line>exemplaire des journaux sera annexé au dossier</line></par>
<par>
<line>Article 3 : Des ampliations seront adressées à :</line></par>
<par>
<line>M.M. le sous-préfet d’Oloron Sainte-Marie, le maire d’Aste-Béon, M. le directeur</line>
<line>départemental de l’équipement, le directeur départemental de l’agriculture et de la</line>
<line>forêt, Mme la ministre de l'écologie et du développement durable.</line></par>
<par>
<line>Article 4 : MM. le sous-préfet d’OLORON Sainte Marie, le maire d’ASTE-BEON,</line>
<line>le directeur départemental de l'équipement, le directeur départemental de l’agriculture</line>
<line>et de la forêt, sont chargés, chacim en ce qui le concerne, de l’exécution du présent</line>
<line>arrêté. 1</line></par>
</text>
</block>
<block><region><rect/><rect/><rect/></region>
<text>
<par>
<line>jFaitàPAUle, Q% Mg</line>
<line>Préfet,</line></par>
</text>
</block>
<block><region><rect/></region>
<text>
<par>
<line>Le</line></par>
</text>
</block>
<block><region><rect/></region>
<text>
<par>
<line>]ylarc CABANE</line></par>
</text>
</block>





</page>
</PM1>