<?xml version="1.0" encoding="UTF-8"?><PM1>
<page width="1670" height="2351" resolution="200">
<block><region><rect/></region>
<text>
<par>
<line>Liberté • Egalité ♦ Fraternité</line></par>
<par>
<line>RÉPUBLiauE Française</line></par>
</text>
</block>
<block><region><rect/></region>
<text>
<par>
<line>PRÉFECTURE</line></par>
<par>
<line>DES PYRÉNÉES-ATLANTIQUES</line></par>
</text>
</block>
<block><region><rect/></region>
<text>
<par>
<line>CABINET</line></par>
<par>
<line>SERVICE INTERMINISTERIEL DE DEFENSE</line>
<line>ET DE PROTECTION CIVILES</line></par>
<par>
<line>Arrêté préfectoral n° 2007- 346-4</line></par>
</text>
</block>
<block><region><rect/></region>
<text>
<par>
<line>ARRETE</line></par>
</text>
</block>
<block><region><rect/></region>
<text>
<par>
<line>approuvant le Plan de Prévention du Risque d'inondation de la</line>
<line>commune d’URCUIT</line></par>
</text>
</block>
<block><region><rect/></region>
<text>
<par>
<line>Le Préfet des Pyrénées-Atlantiques,</line></par>
<par>
<line>Chevalier de la Légion d’Honneur,</line></par>
<par>
<line>VU le code de l’envirormement, articles R562-1 à R 562-10;</line></par>
<par>
<line>VU l'arrêté préfectoral en date du 19 octobre 1998, prescrivant l'établissement d'un</line>
<line>plan de prévention du risque d'inondation (P.P.R.L) sur la commune d’URCUIT;</line></par>
<par>
<line>VU l'arrêté préfectoral en date du 11 avril 2007 prescrivant l'ouverture d'une enquête</line>
<line>publique sur le plan de prévention du risque d’inondation de la commune d’URCUIT;</line></par>
<par>
<line>VU la délibération du Conseil municipal en date du 13 décembre 2006;</line></par>
<par>
<line>VU le procès - verbal de l'enquête publique qui s'est déroulée du 9 mai 2007 au 8</line>
<line>juin 2007 inclus et à l'avis du Commissaire -enquêteur en date du 22 juin 2007;</line></par>
<par>
<line>SUR proposition du directeur de Cabinet de la préfecture ;</line></par>
</text>
</block>
<block><region><rect/></region>
<text>
<par>
<line>ARRETE:</line></par>
<par>
<line>Article 1®'' : I - est approuvé tel qu'il est annexé au présent arrêté, le Plan de Prévention du</line>
<line>Risque d'inondation de la commune d'URCUIT.</line></par>
</text>
</block>
<block><region><rect/></region>
<text>
<par>
<line>Toute correspondance doit être adressée sous forme impersonnelle à Monsieur le Préfet des Pyrénées-Atlantiques</line>
<line>2, RUE MARÉCHAL JOFFRE 64021 PAU CEDEX. TEL. 0 821 80 30 64 - TÉLÉCOPIE 05 59 98 24 99</line>
<line>courrier@p)Tenees-atlantiques.pref.gouv.fr - site intcinet ; wtvw.pyrenees-adantiqiics.pref.gouv.fr</line></par>
</text>
</block>










</page>
<page width="1654" height="2339" resolution="200">
<block><region><rect/></region>
<text>
<par>
<line>II - le P.P.R.I. comprend : un règlement, une carte réglementaire au</line>
<line>1/5000®, d'une partie annexe comprenant une note de présentation, la carte des aléas</line>
<line>au 1/10000®, une carte informative au 1/15000®, un plan de situation et les textes</line>
<line>réglementaires.</line></par>
<par>
<line>III - le P.P.R.I. est tenu à la disposition du public</line></par>
<par>
<line>- à la mairie d'Urcuit</line></par>
<par>
<line>à la direction départementale de l'équipement</line></par>
<par>
<line>- à la préfecture de Pau (S.I.D.P.C.)</line></par>
<par>
<line>- à la sous-préfecture de Bayonne</line></par>
<par>
<line>Article 2 : Le présent arrêté sera publié au recueil des actes administratifs et mention en</line>
<line>sera faite dans les journaux ci-après désignés:</line></par>
<par>
<line>Sud-Ouest “ édition Pays Basque et Les petites affiches du Pays Basque et des</line>
<line>Pyrénées-Atlantiques</line></par>
<par>
<line>Une copie de l'arrêté d'approbation sera affichée à la mairie pendant un mois au</line>
<line>minimum. Cette mesure de publicité sera justifiée par un certificat du maire et un</line>
<line>exemplaire des journaux sera annexé au dossier.</line></par>
<par>
<line>Article 3 : Des ampliations seront adressées à :</line></par>
<par>
<line>M. le sous-préfet de l'arrondissement de Bayonne, M. le maire d'Urcuit, M. le directeur</line>
<line>départemental de l'équipement, M. le ministre d'Etat, ministre de l'écologie, du</line>
<line>développement et de l'aménagement durables.</line></par>
<par>
<line>Article 4 : MM. Le sous-préfet de Bayonne, le directeur de cabinet du Préfet, M. le</line>
<line>maire d'Urcuit, M. le directeur départemental de l'équipement sont chargés, chacun en ce</line>
<line>qui le concerne, de l'exécution du présent arrêté.</line></par>
</text>
</block>
<block><region><rect/></region>
<text>
<par>
<line>FaitàPau, le î 2 DEC. 2007</line></par>
</text>
</block>
<block><region><rect/></region>
<text>
<par>
<line>LeJPréfet</line>
<line>Pour te Préfet</line></par>
</text>
</block>









</page>
</PM1>