<?xml version="1.0" encoding="UTF-8"?><PM1>
<page width="2503" height="3521" resolution="300">
<block><region><rect/></region>
<text>
<par>
<line>Liberté • Égalité • Fraternité</line></par>
<par>
<line>république Française</line></par>
</text>
</block>
<block><region><rect/></region>
<text>
<par>
<line>PRÉFECTURE</line></par>
<par>
<line>DES PYRÉNÉES-ATLANTIQUES</line></par>
</text>
</block>
<block><region><rect/></region>
<text>
<par>
<line>ARRETE PREFECTORAL n° 2005/229-10</line></par>
<par>
<line>REFER: JV/PC3 - 2005/322</line>
<line>SERVICE</line></par>
<par>
<line>INTERMINISTERIEL</line>
<line>DELA DEFENSE ET</line>
<line>DE LA PROTECTION CIVILES</line></par>
</text>
</block>
<block><region><rect/></region>
<text>
<par>
<line>ARRETE</line></par>
<par>
<line>approuvant le plan de prévention des risques naturels prévisibles d’avalanches, de</line>
<line>glissements de terrain, de chutes de blocs, de séismes et de crues torrentielles de la</line></par>
<par>
<line>commune de LARRAU</line></par>
</text>
</block>
<block><region><rect/></region>
<text>
<par>
<line>Le Préfet des Pyrénées-Atlantiques</line></par>
<par>
<line>Chevalier de la Légion d'Honneur,</line></par>
</text>
</block>
<block><region><rect/></region>
<text>
<par>
<line>VU le code de l’environnement, articles L562-1 à L562-9 ;</line></par>
<par>
<line>VU le décret n°95 -1089 du 5 octobre 1995 modifié, relatif aux plans de</line>
<line>prévention des risques naturels prévisibles (P.P.R,N.) ;</line></par>
<par>
<line>VU l’arrêté préfectoral du 17 avril 2000 prescrivant l’établissement d’un plan de</line>
<line>prévention des risques naturels prévisibles sur la commune de LARRAU,</line></par>
<par>
<line>VU l’arrêté préfectoral n° 2004/356-4 du 21 décembre 2004 prescrivant</line>
<line>l’ouverture d’une enquête publique sur le plan de prévenion des risques naturels</line>
<line>prévisibles sur la commune de LARRAU ;</line></par>
<par>
<line>VU la délibération en date du 26 octobre 2004 du conseil municipal de</line>
<line>LARRAU, l’avis de la chambre d’agriculture en date du 10 décembre 2004 ;</line></par>
<par>
<line>VU le procès-verbal de l’enquête publique qui s’est déroulée du 19 mai 2005 au</line>
<line>21 juin 2005 et à l’avis du commissaire-enquêteur rendu le 2 juillet 2005 ;</line></par>
<par>
<line>VU le rapport du service de restauration des terrains en montagne en date du 4</line>
<line>août 2005 ;</line></par>
<par>
<line>Sur proposition du directeur de cabinet de la préfecture des Pyrénées-</line>
<line>Atlantiques;</line></par>
<par>
<line>ARRETE:</line></par>
<par>
<line>Article : I - est approuvé tel qu’il est annexé au présent arrêté, le plan de</line>
<line>prévention des risques naturels prévisibles de la commune de LARRAU.</line></par>
</text>
</block>
<block><region><rect/></region>
<text>
<par>
<line>Toute correspondance doit être adressée sous forme impersonnelle à Monsieur le Préfet des Pyrénées-Atlantiques</line>
<line>2, RUE MARÉCHAL JOFFRE 64021 PAU CEDEX. TEL. 0 821 80 30 64 - TÉLÉCOPIE 05 59 98 24 99</line>
<line>coiirrier((?'pyrenees-atlaittiques.pref.gouv.f'r - site internet ; www.pyrenees-atlantiques.prcf.gouv.fr</line></par>
</text>
</block>


</page>
<page width="2487" height="3509" resolution="300">
<block><region><rect/></region>
<text>
<par>
<line>n - le PPRN comprend : un rapport de présentation, un règlement,</line>
<line>deux cartes réglementaires (parties Est et Ouest) au 1/5000®, une carte réglementaire</line>
<line>(secteur des Chalets d’Iraty) au 1/5000®, deux cartes des aléas (partie Est et Ouest) et</line>
<line>une carte des aléas (secteur Iraty) au 1/10000®, deux cartes informatives des</line>
<line>phénomènes naturels (parties Est et Ouest) au 1/10 000®.</line></par>
<par>
<line>DI - le PPRN est tenu à la disposition du public</line>
<line>à la mairie de LARRAU</line>
<line>à la sous-préfecture d’OLORON Sainte-Marie</line></par>
<par>
<line>- à la direction départementale de l’agricuture et de la forêt à PAU</line></par>
<par>
<line>- à la direction départementale de l’Equipement à PAU et OLORON</line>
<line>Sainte-Marie</line></par>
<par>
<line>- à la préfecture de PAU (SIDPC)</line></par>
<par>
<line>Article 2 : Le présent arrêté sera publié au recueil des actes administratifs et mention</line>
<line>en sera faite dans les deux journaux ci-après désignés:</line></par>
<par>
<line>l'Eclair des Pyrénées - la République des Pyrénées</line></par>
<par>
<line>Une copie de l’arrêté d’approbation sera affichée à la mairie pendant un mois au</line>
<line>minimum. Cette mesure de publicité sera justifiée par un certificat du maire et un</line>
<line>exemplaire des journaux sera annexé au dossier</line></par>
<par>
<line>Article 3 : Des ampliations seront adressées à :</line></par>
<par>
<line>M.M. le sous-préfet d’OLORON Sainte-Marie, le maire de LARRAU, le directeur</line>
<line>départemental de l’équipement, le directeur départemental de l’agriculture et de la</line>
<line>forêt, Mme la ministre de l'écologie et du développement durable.</line></par>
<par>
<line>Article 4 : MM. le sous-préfet d’OLORON Sainte Marie, le maire de LARRAU, le</line>
<line>directeur départemental de l'équipement, le directeur départemental de l’agriculture et</line>
<line>de la forêt, sont chargés, chacun en ce qui le concerne, de l’exécution du présent</line>
<line>arrêté.</line></par>
</text>
</block>
<block><region><rect/></region>
<text>
<par>
<line>Pour ^réfat et dôlmation</line>
<line>L 1 Secrétaire éàné/sl</line></par>
</text>
</block>
<block><region><rect/></region>
<text>
<par>
<line>&lt;</line></par>
</text>
</block>
<block><region><rect/></region>
<text>
<par>
<line>.liW^oë! HUMBERT</line></par>
</text>
</block>



</page>
</PM1>