<?xml version="1.0" encoding="UTF-8"?><PM1>
<page width="1664" height="2368" resolution="200">
<block><region><rect/></region>
<text>
<par>
<line>Liberté • Égalité • Fraiernitt</line></par>
<par>
<line>RÉPUBLIQUE Français?</line></par>
</text>
</block>
<block><region><rect/></region>
<text>
<par>
<line>direction</line>
<line>départementâie</line>
<line>de i’Equipement</line></par>
<par>
<line>indf€</line></par>
</text>
</block>
<block><region><rect/></region>
<text>
<par>
<line>m</line></par>
</text>
</block>
<block><region><rect/></region>
<text>
<par>
<line>PREFECTURE DE L’INDRE</line></par>
</text>
</block>
<block><region><rect/></region>
<text>
<par>
<line>ARRETE N° 2004- E- /f ? 5</line></par>
</text>
</block>
<block><region><rect/></region>
<text>
<par>
<line>du 1 7 JUIN 2004</line></par>
</text>
</block>
<block><region><rect/></region>
<text>
<par>
<line>Portant approbation du Plan de Prévention des Risques (P.P.R.) Inondation de la vallée de</line>
<line>rindre sur les communes d’ARDENTES, ETRECHET, LE POEVCONNET, DEOLS,</line>
<line>CHATEAUROUX, SAINT MAUR et de la vallée de la Ringoire sur la commune de DEOLS</line></par>
</text>
</block>
<block><region><rect/></region>
<text>
<par>
<line>Le Préfet de PIndre,</line></par>
<par>
<line>Officier de l’Ordre National du Mérite</line></par>
</text>
</block>
<block><region><rect/></region>
<text>
<par>
<line>VU le Code de rUrbanisme ;</line></par>
<par>
<line>VU la loi n° 87-565 du 22 juillet 1987 relative à l’organisation de la sécurité civile, à la</line>
<line>protection de la forêt contre l’incendie et à la prévention des risques majeurs, notamment ses</line>
<line>articles 40-1 à 40-7 issus de la loi du 2 février 1995 relative au renforcement de la protection de</line>
<line>l’environnement ;</line></par>
<par>
<line>VU le décret n° 95-1089 du 5 octobre 1995 relatif aux plans de prévention des risques naturels</line>
<line>prévisibles ;</line></par>
<par>
<line>VU la circulaire intenninistérielle du 24 janvier 1994 relative à la prévention des inondations et à</line>
<line>la gestion des zones inondables ;</line></par>
<par>
<line>VU la circulaire interministérielle du 24 avril 1996 relative aux dispositions applicables au bâti et</line>
<line>ouvrages existants en zones inondables ;</line></par>
<par>
<line>VU les décrets des 14 juin 1972 et 19 avril 1974 approuvant le plan des surfaces submersibles de</line>
<line>rindre ;</line></par>
<par>
<line>VU l’arrêté préfectoral n° 99'^‘3286 du 23 novembre 1999 prescrivant la révision du Plan des</line>
<line>Surfaces Submersibles (P.S.S.) sur la vallée de l’Indre valant Plan de Prévention des Risques</line>
<line>Inondation sur les Communes de : LA CHATRE, MONTGIVRAY, ARDENTES, ETRECHET,</line>
<line>LE POmCONNET, CHATEAUROUX, DEOLS, SAINT MAUR, NIHERNE, VILLEDIEU,</line>
<line>BUZANCAIS, LE TRANGER, CHATILLON SUR INDRE</line></par>
<par>
<line>VU l’arrêté préfectoral n° 2179 du 31 juillet 2002 complétant l’arrêté n°99-E-3286 du 23</line>
<line>novembre 1999 et prescrivant l’établissement d’un Plan de Prévention des Risques Inondation</line>
<line>sur la vallée de la Ringoire pour la commune de DEOLS ;</line></par>
<par>
<line>VU l’avis du Service Départemental de l’Architecture et du Patrimoine en date du 10 avril 2003 ;</line></par>
</text>
</block>

</page>
<page width="1670" height="2372" resolution="200">
<block><region><rect/></region>
<text>
<par>
<line>vu l’avis du Président de la Chambre d’Agriculture de l’Indre en date du 17 avril 2003 ;</line></par>
<par>
<line>VU l’avis de la Direction Départementale de la Jeunesse et des Sports de l’Indre en date du 22</line>
<line>avril 2003 ;</line></par>
<par>
<line>VU l’avis de la Direction Régionale de l’Industrie, de la Recherche et de l’Environnement en</line>
<line>date du 30 avril 2003 ;</line></par>
<par>
<line>VU l’avis du Service Intenninistériel des Affaires Civiles et Economiques de Défense et de</line>
<line>Protection Civile du 2 juin 2003 ;</line></par>
<par>
<line>VU l’avis de la Direction Départementale des Services d’incendie et de Secours de l’Indre en</line>
<line>date du 4 juin 2003 ;</line></par>
<par>
<line>VU l’avis de la Direction Départementale des Affaires Sanitaires et Sociales de l’Indre en date</line>
<line>du 4 juin 2003 ;</line></par>
<par>
<line>VU la délibération du conseil municipal du POINÇONNE! en date du 6 mai 2003 ;</line></par>
<par>
<line>VU la délibération du conseil municipal de ETRECHET en date du 2 juin 2003 ;</line></par>
<par>
<line>VU la délibération du conseil municipal de DEOLS en date du 17 juin 2003 ;</line></par>
<par>
<line>VU la délibération du conseil municipal d’ARDENTES en date du 25 juin 2003 ;</line></par>
<par>
<line>VU la délibération du conseil municipal de SAINT MAUR en date du 31 octobre 2003 ;</line></par>
<par>
<line>VU la délibération du conseil municipal de CHATEAUROUX en date du 30 mars 2004 ;</line></par>
<par>
<line>VU l’arrêté préfectoral n°2003-E-2179 du août 2003 portant ouverture d’une enquête</line>
<line>publique, du lundi 22 septembre 2003 au vendredi 10 octobre 2003 inclus, relative à la révision</line>
<line>du Plan des Surfaces Submersibles de la vallée de l’Indre sur les communes d’ARDENTES,</line>
<line>ETRECHET, LE POINÇONNE!, DEOLS, CHATEAUROUX et SAINT MAUR valant Plan de</line>
<line>Prévention des Risques Inondation (P.P.R.I) et prescrivant l’établissement d’un Plan de</line>
<line>Prévention des Risques Inondation sur la commune de DEOLS riveraine de la Ringoire ;</line></par>
<par>
<line>VU le rapport et les conclusions motivées du commissaire-enquêteur ;</line></par>
<par>
<line>VU le rapport du Directeur Départemental de l’Equipement daté de janvier 2004 ;</line></par>
<par>
<line>Sur la proposition du Secrétaire Général de la Préfecture de l’Indre ;</line></par>
</text>
</block>
<block><region><rect/></region>
<text>
<par>
<line>ARRETE:</line></par>
</text>
</block>
<block><region><rect/></region>
<text>
<par>
<line>Article 1 ; est approuvé, tel qu’il est annexé au présent arrêté le plan de prévention des risques</line>
<line>d’inondation de ITndre sur le territoire des communes d’ARDENTES, ETRECHET, LE</line>
<line>POINÇONNE!, DEOLS, CHATEAUROUX et SAINT MAUR</line></par>
</text>
</block>


</page>
<page width="1664" height="2368" resolution="200">
<block><region><rect/></region>
<text>
<par>
<line>Ce plan comprend :</line>
<line>l.une note,</line></par>
<par>
<line>2.les documents graphiques délimitant le zonage réglementaire,</line>
<line>3.un règlement.</line></par>
</text>
</block>
<block><region><rect/></region>
<text>
<par>
<line>Article 2 : les dispositions du plan des Surfaces Submersibles susvisé, sont abrogées.</line></par>
</text>
</block>
<block><region><rect/></region>
<text>
<par>
<line>Article 3 : le présent arrêté sera publié au recueil des actes administratifs de la Préfecture de</line>
<line>rindre et fera Tobjet d’une mention dans deux journaux régionaux ou locaux diffusés dans le</line>
<line>département.</line></par>
<par>
<line>Il sera notifié aux maires des commîmes d’ARDENTES, ETRECHET, LE POINCONNET,</line>
<line>DEOLS, CHATEAUROUX et SAINT MAUR qui feront procéder à son affichage en mairie</line>
<line>pendant une durée d’au moins un mois.</line></par>
</text>
</block>
<block><region><rect/></region>
<text>
<par>
<line>Article 4 :</line></par>
<par>
<line>Le plan approuvé sera tenu à la disposition du public en Préfecture (Service Interministériel des</line>
<line>Affaires Civiles et Economiques de Défense et de Protection Civile), à la Direction</line>
<line>Départementale de l’Equipement et dans chaque mairie concernée. Cette mesure de publicité</line>
<line>fera l’objet d’une mention avec les publications et l’affichage prévus à l’article 3.</line></par>
</text>
</block>
<block><region><rect/></region>
<text>
<par>
<line>Article 5 :</line></par>
<par>
<line>Le Secrétaire Général de la Préfecture de l’Indre, les maires des communes d’ARDENTES,</line>
<line>ETRECHET, LE POINCONNET, DEOLS, CHATEAUROUX et SAINT MAUR, le Directeur</line>
<line>Départemental de l’Equipement sont chargés, chacun en ce qui le concerne, de l’exécution du</line>
<line>présent arrêté.</line></par>
</text>
</block>
<block><region><rect/></region>
<text>
<par>
<line>tFean-IFrançois '!^LLEC</line></par>
</text>
</block>




</page>
</PM1>