<?xml version="1.0" encoding="UTF-8"?><PM1>
<page width="1686" height="2357" resolution="200">
<block><region><rect/></region>
<text>
<par>
<line>mm</line></par>
<par>
<line>Liberté • Égalité ■ Fraternité</line></par>
<par>
<line>RÉPUBLIQUE Française</line></par>
<par>
<line>PREFECTURE DE TOISE</line></par>
</text>
<text>
<par>
<line>Arrêté portant approbation du plan de prévention</line></par>
<par>
<line>des risques naturels inondation de la commune de Appilly</line></par>
</text>
</block>
<block><region><rect/></region>
<text>
<par>
<line>Officier de la Légion d’Honneur</line></par>
</text>
</block>
<block><region><rect/></region>
<text>
<par>
<line>Vu le code de l'envirorniement et notamment ses articles L.562-1 à L.562-9;</line></par>
<par>
<line>Vu le décret n°95.1089 du 5 octobre 1995, relatif aux plans dé prévention des risques naturels</line>
<line>prévisibles modifié par le décret n° 2005-3 du 4 janvier 2005;</line></par>
<par>
<line>Vu T^êté préfectoral du 18 mars 2001 portant prescription du plan de prévention des risques</line>
<line>naturels inondation des communes du Noyonnais;</line></par>
<par>
<line>Vu Tavis favorable du rapport de la commission d'enquête suite à Tenquête publique menée du</line>
<line>3 novembre 2006 au 4 décembre 2006,</line></par>
</text>
</block>
<block><region><rect/></region>
<text>
<par>
<line>Sur proposition du sous-préfet, directeur de cabinet:</line></par>
</text>
</block>
<block><region><rect/></region>
<text>
<par>
<line>ARTICLE 1;</line></par>
</text>
</block>
<block><region><rect/></region>
<text>
<par>
<line>Le plan de prévention des risques naturels inondation est approuvé sur le territoire de la</line>
<line>commune de Appilly tel qu'il est annexé au présent arrêté.</line></par>
<par>
<line>ARTICLE 2 :</line></par>
</text>
</block>
<block><region><rect/></region>
<text>
<par>
<line>Le plan de prévention des risques naturels inondation de Appilly approuvé constitue une</line>
<line>servitude d'utilité publique et doit être annexé au plan local d’urbanisme dans le délai de trois</line>
<line>mois conformément à l'article L 126-1 du code de Turbanisme.</line></par>
<par>
<line>ARTICLE 3 :</line></par>
</text>
</block>
<block><region><rect/></region>
<text>
<par>
<line>Une copie du présent arrêté sera affichée à la mairie de Appilly ainsi qu'au siège de la</line>
<line>communauté de communes du Pays Noyonnais pendant un mois au minimum.</line></par>
<par>
<line>ARTICLE 4:</line></par>
</text>
</block>
<block><region><rect/></region>
<text>
<par>
<line>Le présent arrêté fera Tobjet d'une mention au recueil des actes administratifs de l'État dans le</line></par>
<par>
<line>département ainsi que dans un journal diffusé dans le département.</line></par>
</text>
</block>
<block><region><rect/></region>
<text>
<par>
<line>l, place de la préfecture 60022 Beauvais cedex</line></par>
<par>
<line>www.oise.pref,gouv.fr</line></par>
</text>
</block>






</page>
<page width="1690" height="2360" resolution="200">
<block><region><rect/></region>
<text>
<par>
<line>ARTICLE 5 :</line></par>
</text>
</block>
<block><region><rect/></region>
<text>
<par>
<line>Le Plan de Prévention des Risques naturels inondation est tenu à la disposition du public en</line></par>
<par>
<line>mairie de Appilly, en préfecture ainsi qu'au siège de la communauté de communes du Pays</line></par>
<par>
<line>Noyonnais et à la sous-préfecture de Compïègne.</line></par>
</text>
<text>
<par>
<line>ARTICLE 6 :</line></par>
</text>
</block>
<block><region><rect/></region>
<text>
<par>
<line>Le présent arrêté peut faire l'objet d'un recours contentieux devant le tribunal administratif</line>
<line>d'Amiens dans un délai de deux mois à compter de sa publication.</line></par>
</text>
</block>
<block><region><rect/></region>
<text>
<par>
<line>La secrétaire générale, le sous-préfet directeur de cabinet, le sous-préfet de Compiègne, le</line>
<line>directeur départemental de l'équipement, la chef du service interministériel de défense et de</line>
<line>protection civile ainsi que le maire de Appilly le président de la communauté de communes</line>
<line>du pays Noyonnais sont chargés, chacun en ce qui le concerne de l'exécution du présent arrêté</line>
<line>qui sera inséré au recueil des actes administratifs de la préfecture de l'Oise.</line></par>
</text>
</block>
<block><region><rect/></region>
<text>
<par>
<line>FaitâfBFAUVAIS,le</line></par>
</text>
</block>
<block><region><rect/></region>
<text>
<par>
<line>/</line></par>
</text>
</block>
<block><region><rect/></region>
<text>
<par>
<line>Philippe GREGOIRE</line></par>
</text>
</block>
<block><region><rect/></region>
<text>
<par>
<line>1, place de la préfecture 60022 Beauvais cedex</line></par>
<par>
<line>www.oise.pref.gouv .fr</line></par>
</text>
</block>





</page>
<page width="1686" height="2357" resolution="200">
<block><region><rect/></region>
<text>
<par>
<line>Liberté • Égalité • Fraternité</line></par>
<par>
<line>RÉPUBUCOJE FRANÇAISE</line></par>
<par>
<line>PREFECTURE DE l'OISE</line></par>
</text>
<text>
<par>
<line>Arrêté portant approbation du plan de prévention</line></par>
<par>
<line>des risques naturels inondation de la commune de Baboeuf</line></par>
</text>
<text>
<par>
<line>Le Préfet de FOise</line>
<line>Officier de la Légion d’Honneur</line></par>
</text>
</block>
<block><region><rect/></region>
<text>
<par>
<line>Vu le code de l'environnement et notamment ses articles L.562-1 à L.562-9;</line></par>
<par>
<line>Vu le décret n°95.1089 du 5 octobre 1995, relatif aux plans de prévention des risques naturels</line>
<line>prévisibles modifié par le décret n° 2005-3 du 4 janvier 2005;</line></par>
<par>
<line>Vu l'arrêté préfectoral du 18 mars 2001 portant prescription du plan de prévention des risques</line>
<line>naturels inondation des communes du Noyonnais;</line></par>
<par>
<line>Vu l'avis favorable du rapport de la commission d'enquête suite à l'enquête publique menée du</line>
<line>3 novembre 2006 au 4 décembre 2006,</line></par>
</text>
</block>
<block><region><rect/></region>
<text>
<par>
<line>Sur proposition du sous-préfet, directeur de cabinet:</line></par>
<par>
<line>ARRETE</line></par>
</text>
</block>
<block><region><rect/></region>
<text>
<par>
<line>ARTICLE 1:</line></par>
</text>
</block>
<block><region><rect/></region>
<text>
<par>
<line>Le plan de prévention des risques naturels inondation est approuvé sur le territoire de la</line>
<line>commune de Baboeuf tel qu'il est annexé au présent arrêté.</line></par>
<par>
<line>ARTICLE 2 :</line></par>
</text>
</block>
<block><region><rect/></region>
<text>
<par>
<line>Le plan de prévention des risques naturels inondation de Baboeuf approuvé constitue une</line>
<line>servitude d'utilité publique et doit être annexé au plan local d’urbanisme dans le délai de trois</line>
<line>mois conformément à l'article L 126-1 du code de Turbanisme.</line></par>
<par>
<line>ARTICLE 3 :</line></par>
</text>
</block>
<block><region><rect/></region>
<text>
<par>
<line>Une copie du présent arrêté sera affichée à. la mairie de Baboeuf ainsi qu'au siège de la</line>
<line>communauté de communes du Pays Noyonnais pendant un mois au minimum.</line></par>
<par>
<line>ARTICLE 4:</line></par>
</text>
</block>
<block><region><rect/></region>
<text>
<par>
<line>Le présent arrêté fera l'objet d'une mention au recueil des actes administratifs de l'État dans le</line></par>
<par>
<line>département ainsi que dans un journal diffusé dans le département.</line></par>
</text>
</block>
<block><region><rect/></region>
<text>
<par>
<line>], place de la préfecture 60022 Beauvais cedex</line></par>
<par>
<line>www.oise.pref.gouv.fr</line></par>
</text>
</block>








</page>
<page width="1677" height="2351" resolution="200">
<block><region><rect/></region>
<text>
<par>
<line>ARTICLE 5 ;</line></par>
</text>
</block>
<block><region><rect/></region>
<text>
<par>
<line>Le Plan de Prévention des Risques naturels inondation est tenu à la disposition du public en</line>
<line>mairie de Baboeuf, en préfecture ainsi qu'au siège de la communauté de communes du Pays</line>
<line>Noyonnais et à la sous-préfecture de Compiègne.</line></par>
<par>
<line>ARTICLE 6 :</line></par>
<par>
<line>Le présent arreté peut faire l'objet d'un recours contentieux devant le tribunal administratif</line>
<line>d'Amiens dans un délai de deux mois à compter de sa publication.</line></par>
<par>
<line>La secrétaire générale, le sous-préfet directeur de cabinet, le sous-préfet de Compiègne, le</line>
<line>directeur départemental de l'équipement, la chef du service interministériel de défense et de</line>
<line>protection civile ainsi que le maire de Baboeuf le président de la communauté de communes</line>
<line>du pays Noyonnais sont chargés, chacun en ce qui le concerne de l'exécution du présent arrêté</line>
<line>qui sera inséré au recueil des actes administratifs de la préfecture de l'Oise.</line></par>
</text>
</block>
<block><region><rect/></region>
<text>
<par>
<line>I, place de la préfecture 60022 Beauvais cedex</line></par>
<par>
<line>www.oise.pref.gouv.fi-</line></par>
</text>
</block>





</page>
<page width="1683" height="2355" resolution="200">
<block><region><rect/></region>
<text>
<par>
<line>Liberté • Égalité • Fraternité</line></par>
<par>
<line>RÉPUBLIQUE Française</line></par>
<par>
<line>PREFECTURE DE TOISE</line></par>
</text>
<text>
<par>
<line>Arrêté portant approbation àu plan de prévention</line></par>
<par>
<line>des risques naturels inondation de la commune de Béhéricourt</line></par>
</text>
<text>
<par>
<line>Le Préfet de i^Oise</line></par>
<par>
<line>Officier de la Légion d'Honneur</line></par>
</text>
</block>
<block><region><rect/></region>
<text>
<par>
<line>Vu le code de Tenvirormement et notamment ses articles L.562-1 à L.562-9;</line></par>
<par>
<line>Vu le décret n“95.1089 du 5 octobre 1995, relatif aux plans de prévention des risques naturels</line>
<line>prévisibles modifié par le décret n° 2005-3 du 4 janvier 2005;</line></par>
<par>
<line>Vu Tarrêté préfectoral du 18 mars 2001 portant prescription du plan de prévention des risques</line>
<line>naturels inondation des communes du Noyonnais;</line></par>
<par>
<line>Vu l'avis favorable du rapport de la commission d'enquête suite à Tenquête publique menée du</line>
<line>3 novembre 2006 au 4 décembre 2006,</line></par>
</text>
</block>
<block><region><rect/></region>
<text>
<par>
<line>Sur proposition du sous-préfet, directeur de cabinet:</line></par>
<par>
<line>ARRETE</line></par>
</text>
</block>
<block><region><rect/></region>
<text>
<par>
<line>ARTICLE 1:</line></par>
</text>
</block>
<block><region><rect/></region>
<text>
<par>
<line>Le plan de prévention des risques naturels inondation est approuvé sur le territoire de la</line>
<line>commune de Béhéricourt tel qu'il est annexé au présent aiTêté.</line></par>
<par>
<line>ARTICLE 2 :</line></par>
</text>
</block>
<block><region><rect/></region>
<text>
<par>
<line>Le plan de prévention des risques naturels inondation de Béhéricourt approuvé constitue une</line>
<line>servitude d'utilité publique et doit être annexé au plan local d'urbanisme dans le délai de trois</line>
<line>mois conformément à l'article L 126-1 du code de Turbanisme.</line></par>
<par>
<line>ARTICLE 3 :</line></par>
</text>
</block>
<block><region><rect/></region>
<text>
<par>
<line>Une copie du présent arrêté sera affichée à la mairie de Béhéricourt ainsi qu'au siège de la</line>
<line>communauté de communes du Pays Noyonnais pendant un mois au minimum.</line></par>
<par>
<line>ARTICLE 4:</line></par>
</text>
</block>
<block><region><rect/></region>
<text>
<par>
<line>Le présent arrêté fera Tobjet d'une mention au recueil des actes adminisUatifs de l'État dans le</line></par>
<par>
<line>département ainsi que dans un journal diffusé dans le département.</line></par>
</text>
</block>
<block><region><rect/></region>
<text>
<par>
<line>1, place de la préfecture 60022 Beauvais cedex</line></par>
<par>
<line>www.oise.pref.gouv.fr</line></par>
</text>
</block>








</page>
<page width="1676" height="2350" resolution="200">
<block><region><rect/></region>
<text>
<par>
<line>ARTICLE 5 :</line></par>
</text>
</block>
<block><region><rect/></region>
<text>
<par>
<line>Le Plan de Prévention des Risques naturels inondation est tenu à la disposition du public en</line></par>
<par>
<line>mairie de Béhéricourt, en préfecture ainsi qu'au siège de la communauté de communes du</line></par>
<par>
<line>Pays Noyonnais et à la sous-préfecture de Compiègne.</line></par>
</text>
<text>
<par>
<line>ARTICLE 6 :</line></par>
</text>
</block>
<block><region><rect/></region>
<text>
<par>
<line>Le présent arrêté peut faire l'objet d'un recours contentieux devant le tribunal administratif</line>
<line>d'Amiens dans un délai de deux mois à compter de sa publication.</line></par>
</text>
</block>
<block><region><rect/></region>
<text>
<par>
<line>La secrétaire générale, le sous-préfet directeur de cabinet, le sous-préfet de Compiègne, le</line>
<line>directeur départemental de l'équipement, la chef du sei*vice interministériel de défense et de</line>
<line>protection civile ainsi que le maire de Béhéricourt le président de la communauté de</line>
<line>communes du pays Noyonnais sont chargés, chacun en ce qui le concerne de l'exécution du</line>
<line>présent arrêté qui sera inséré au recueil des actes administratifs de la préfecture de l'Oise.</line></par>
</text>
</block>
<block><region><rect/></region>
<text>
<par>
<line>Faiÿà BEAUVAIS, le</line></par>
</text>
</block>
<block><region><rect/></region>
<text>
<par>
<line>Philippe GREGOIRE</line></par>
</text>
</block>
<block><region><rect/></region>
<text>
<par>
<line>1, place de la préfecture 60022 Beauvais cedex</line></par>
<par>
<line>www,oise.pref.gouv.fr</line></par>
</text>
</block>








</page>
<page width="1678" height="2352" resolution="200">
<block><region><rect/></region>
<text>
<par>
<line>Liberté • Égalité • Fraternité</line></par>
<par>
<line>RÉPUBLiauE Française</line></par>
<par>
<line>PREFECTURE DE TOISE</line></par>
</text>
<text>
<par>
<line>Arrêté portant approbation du plan de prévention</line></par>
<par>
<line>des risques naturels inondation de la commune de Brétigny</line></par>
</text>
<text>
<par>
<line>Le Préfet de l'Oise</line></par>
<par>
<line>Officier de la Légion d'Honneur</line></par>
</text>
</block>
<block><region><rect/></region>
<text>
<par>
<line>Vu le code de l’environnement et notamment ses articles L.562-1 à L.562-9;</line></par>
<par>
<line>Vu le décret n°95.1089 du 5 octobre 1995, relatif aux plans de prévention des risques naturels</line>
<line>prévisibles modifié par le décret n® 2005-3 du 4 janvier 2005;</line></par>
<par>
<line>Vu l'arrêté préfectoral du 18 mars 2001 portant prescription du plan de prévention des risques</line>
<line>naturels inondation des communes du Noyonnais;</line></par>
<par>
<line>Vu Tavis favorable du rapport de la commission d'enquête suite à Tenquête publique menée du</line>
<line>3 novembre 2006 au 4 décembre 2006,</line></par>
</text>
</block>
<block><region><rect/></region>
<text>
<par>
<line>Sur proposition du sous-préfet, directes* de cabinet:</line></par>
<par>
<line>ARRETE</line></par>
</text>
</block>
<block><region><rect/></region>
<text>
<par>
<line>ARTICLE 1:</line></par>
</text>
</block>
<block><region><rect/></region>
<text>
<par>
<line>Le plan de prévention des risques naturels inondation est approuvé sur le territoire de la</line>
<line>commune de Brétigny tel qu'il est annexé au présent arrêté.</line></par>
<par>
<line>ARTICLE 2 :</line></par>
</text>
</block>
<block><region><rect/></region>
<text>
<par>
<line>Le plan de prévention des risques naturels inondation de Brétigny approuvé constitue une</line>
<line>servitude d'utilité publique et doit être annexé au plan local d'urbanisme dans le délai de trois</line>
<line>mois conformément à l'article L 126-1 du code de Turbanisme.</line></par>
<par>
<line>ARTICLE 3 :</line></par>
</text>
</block>
<block><region><rect/></region>
<text>
<par>
<line>Une copie du présent arrêté sera affichée à la mairie de Brétigny ainsi qu'au siège de la</line>
<line>communauté de communes du Pays Noyonnais pendant un mois au minimum.</line></par>
<par>
<line>ARTICLE 4:</line></par>
</text>
</block>
<block><region><rect/></region>
<text>
<par>
<line>Le présent arrêté fera Tobjet d'une mention au recueil des actes administratifs de l'État dans le</line></par>
<par>
<line>département ainsi que dans un journal diffusé dans le département.</line></par>
</text>
</block>
<block><region><rect/></region>
<text>
<par>
<line>l, place de la préfecture 60022 Beauvais cedex</line></par>
<par>
<line>www.oise.pref.gouv.fr</line></par>
</text>
</block>









</page>
<page width="1689" height="2359" resolution="200">
<block><region><rect/></region>
<text>
<par>
<line>ARTICLE 5 :</line></par>
</text>
</block>
<block><region><rect/></region>
<text>
<par>
<line>Le Plan de Prévention des Risques naturels inondation est tenu à la disposition du public en</line></par>
<par>
<line>mairie de Brétigny, en préfecture ainsi qu'au siège de la communauté de communes du Pays</line></par>
<par>
<line>Noyonnais et à la sous-préfecture de Compiègne.</line></par>
</text>
<text>
<par>
<line>ARTICLE 6 :</line></par>
<par>
<line>Le présent arrêté peut faire l'objet d'un recours contentieux devant le tribunal administratif</line>
<line>d'Amiens dans un délai de deux mois à compter de sa publication.</line></par>
<par>
<line>La secrétaire générale, le sous-préfet directeur de cabinet, le sous-préfet de Compiègne, le</line>
<line>directeur départemental de l'équipement, la chef du service interministériel de défense et de</line>
<line>protection civile ainsi que le maire de Brétigny le président de la communauté de communes</line>
<line>du pays Noyonnais sont chargés, chacun en ce qui le concerne de l'exécution du présent arrêté</line>
<line>qui sera inséré au recueil des actes administratifs de la préfecture de l'Oise.</line></par>
</text>
</block>
<block><region><rect/></region>
<text>
<par>
<line>I, place de la préfecture 60022 Beauvais cedex</line></par>
<par>
<line>www.oise.pref.gouv.fr</line></par>
</text>
</block>







</page>
<page width="1683" height="2355" resolution="200">
<block><region><rect/></region>
<text>
<par>
<line>mm</line></par>
<par>
<line>Liberté • Égalité • Fraternité</line></par>
<par>
<line>Républiqjje française</line></par>
<par>
<line>PREFECTURE DE TOISE</line></par>
</text>
<text>
<par>
<line>Arrêté portant approbation dm plan de prévention</line></par>
<par>
<line>des risques naturels inondation de la commune de Chiry-Ourscamp</line></par>
</text>
</block>
<block><region><rect/></region>
<text>
<par>
<line>Officier de la Légion d'Honneur</line></par>
</text>
</block>
<block><region><rect/></region>
<text>
<par>
<line>Vu le code de l'environnement et notamment ses articles L.562-1 à L.562-9;</line></par>
<par>
<line>Vu le décret n°95.1089 du 5 octobre 1995, relatif aux plans de prévention des risques naturels</line>
<line>prévisibles modifié par le décret n° 2005-3 du 4 janvier 2005;</line></par>
<par>
<line>Vu Tarrêté préfectoral du 18 mars 2001 portant prescription du plan de prévention des risques</line>
<line>naturels inondation des communes du Noyoïmais;</line></par>
<par>
<line>Vu Tavis favorable du rapport de la commission d'enquête suite à Tenquête publique menée du</line>
<line>3 novembre 2006 au 4 décembre 2006,</line></par>
</text>
</block>
<block><region><rect/><rect/></region>
<text>
<par>
<line>Sur proposition du sous-préfet, directeur de cabinet;</line></par>
</text>
</block>
<block><region><rect/></region>
<text>
<par>
<line>ARTICLE 1:</line></par>
</text>
</block>
<block><region><rect/></region>
<text>
<par>
<line>Le plan de prévention des risques naturels inondation est approuvé sur le territoire de la</line>
<line>commune de Chiry-Ourscamp tel qu'il est annexé au présent arrêté.</line></par>
<par>
<line>ARTICLE 2 :</line></par>
</text>
</block>
<block><region><rect/></region>
<text>
<par>
<line>Le plan de prévention des risques naturels inondation de Chiry-Ourscamp approuvé constitue</line>
<line>une servitude d'utilité publique et doit être annexé au plan local d'urbanisme dans le délai de</line>
<line>trois mois conformément à l’article L 126-1 du code de Turbanisme.</line></par>
<par>
<line>ARTICLE 3 :</line></par>
</text>
</block>
<block><region><rect/></region>
<text>
<par>
<line>Une copie du présent arrêté sera affichée à la mairie de Chiry-Ourscamp ainsi qu'au siège de</line>
<line>la communauté de communes du Pays Noyonnais et de la communauté de communes des</line>
<line>deux vallées pendant un mois au minimum.</line></par>
<par>
<line>ARTICLE 4:</line></par>
</text>
</block>
<block><region><rect/></region>
<text>
<par>
<line>Le présent arrêté fera Tobjet d’une mention au recueil des actes administratifs de TÉtat dans le</line></par>
<par>
<line>département ainsi que dans un journal diffusé dans le département.</line></par>
</text>
</block>
<block><region><rect/></region>
<text>
<par>
<line>1, place de la préfecture 60022 Beauvais cedex</line></par>
<par>
<line>www.oise.pref.gouv.fr</line></par>
</text>
</block>








</page>
<page width="1702" height="2369" resolution="200">
<block><region><rect/></region>
<text>
<par>
<line>ARTICLE 5 :</line></par>
</text>
</block>
<block><region><rect/></region>
<text>
<par>
<line>Le Plan de Prévention des Risques naturels inondation est tenu à la disposition du public en</line></par>
<par>
<line>mairie de Chiry-Ourscamp, en préfecture ainsi qu'au siège de la communauté de communes</line></par>
<par>
<line>du Pays Noyonnais et de la communauté de communes des deux vallées et à la sous-</line></par>
<par>
<line>préfecture de Compiègne.</line></par>
</text>
<text>
<par>
<line>ARTICLE 6 :</line></par>
</text>
</block>
<block><region><rect/></region>
<text>
<par>
<line>Le présent arrêté peut faire l'objet d’un recours contentieux devant le tribunal administratif</line>
<line>d'Amiens dans un délai de deux mois à compter de sa publication.</line></par>
</text>
</block>
<block><region><rect/></region>
<text>
<par>
<line>La secrétaire générale, le sous-préfet directeur de cabinet, le sous-préfet de Compiègne, le</line>
<line>directeur départemental de l'équipement, la chef du service interministériel de défense et de</line>
<line>protection civile ainsi que le maire de Chiry-Ourscamp, le président de la communauté de</line>
<line>communes du pays Noyonnais et le président de la communauté de communes des deux</line>
<line>vallées sont chargés, chacun en ce qui le concerne de l'exécution du présent arrêté qui sera</line>
<line>inséré au recueil des actes administratifs de la préfecture de l'Oise.</line></par>
</text>
</block>
<block><region><rect/></region>
<text>
<par>
<line>Fait/à j^AUVAIS, le</line></par>
</text>
</block>
<block><region><rect/></region>
<text>
<par>
<line>Philippe GREGOIRE</line></par>
</text>
</block>
<block><region><rect/></region>
<text>
<par>
<line>1, place de la préfecture 60022 Beauvais cedex</line></par>
<par>
<line>www, oise.pref, gouv.fr</line></par>
</text>
</block>







</page>
<page width="1687" height="2358" resolution="200">
<block><region><rect/></region>
<text>
<par>
<line>Liberté • Égalité • Fraternité</line></par>
</text>
</block>
<block><region><rect/></region>
<text>
<par>
<line>RÉPUBLIQUE Française</line></par>
<par>
<line>PREFECTURE DE TOISE</line></par>
<par>
<line>Arrêté portant approbation du plan de prévention</line></par>
<par>
<line>des risques naturels inondation de la commune de Morlincourt</line></par>
<par>
<line>Le Préfet de FOise</line>
<line>Officier de la Légion d’Honneur</line></par>
</text>
</block>
<block><region><rect/></region>
<text>
<par>
<line>Vu le code de Tenvironnement et notamment ses articles L.562-1 à L.562-9;</line></par>
<par>
<line>Vu le décret n®95.1089 du 5 octobre 1995, relatif aux plans de prévention des risques naturels</line>
<line>prévisibles modifié par le décret n° 2005-3 du 4 janvier 2005;</line></par>
<par>
<line>Vu l'arrêté préfectoral du 18 mars 2001 portant prescription du plan de prévention des risques</line>
<line>naturels inondation des communes du Noyonnais;</line></par>
<par>
<line>Vu Tavis favorable du rapport de la commission d'enquête suite à Tenquête publique menée du</line>
<line>3 novembre 2006 au 4 décembre 2006,</line></par>
</text>
</block>
<block><region><rect/></region>
<text>
<par>
<line>Sur proposition du sous-préfet, directeur de cabinet:</line></par>
<par>
<line>ARRETE</line></par>
</text>
</block>
<block><region><rect/></region>
<text>
<par>
<line>ARTICLE 1;</line></par>
</text>
</block>
<block><region><rect/></region>
<text>
<par>
<line>Le plan de prévention des risques naturels inondation est approuvé sur le territoire de la</line>
<line>commune de Morlincourt tel qu'il est annexé au présent aaêté.</line></par>
<par>
<line>ARTICLE 2 :</line></par>
</text>
</block>
<block><region><rect/></region>
<text>
<par>
<line>Le plan de prévention des risques naturels inondation de Morlincourt approuvé constitue une</line>
<line>servitude d'utilité publique et doit être annexé au plan local d'urbanisme dans le délai de trois</line>
<line>mois conformément à Tarticle L 126-1 du code de Tiu'banisme.</line></par>
<par>
<line>ARTICLE 3 :</line></par>
</text>
</block>
<block><region><rect/></region>
<text>
<par>
<line>Une copie du présent arrêté sera affichée à la mairie de Morlincourt ainsi qu'au siège de la</line>
<line>communauté de communes du Pays Noyonnais pendant un mois au minimum.</line></par>
<par>
<line>ARTICLE 4:</line></par>
</text>
</block>
<block><region><rect/></region>
<text>
<par>
<line>Le présent arrêté fera Tobjet d'une mention au recueil des actes administratifs de TÉtat dans le</line></par>
<par>
<line>département ainsi que dans un jounial diffusé dans le département.</line></par>
</text>
</block>
<block><region><rect/></region>
<text>
<par>
<line>1, place de la préfecture 60022 Beauvais cedex</line></par>
<par>
<line>www.oise.pref.gouv.fr</line></par>
</text>
</block>











</page>
<page width="1679" height="2352" resolution="200">
<block><region><rect/></region>
<text>
<par>
<line>ARTICLE 5 ;</line></par>
</text>
</block>
<block><region><rect/></region>
<text>
<par>
<line>Le Plan de Prévention des Risques naturels inondation est tenu à la disposition du public en</line></par>
<par>
<line>mairie de Morlincourt, en préfecture ainsi qu'au siège de la communauté de communes du</line></par>
<par>
<line>Pays Noyonnais et à la sous-préfecture de Compiègne.</line></par>
</text>
<text>
<par>
<line>ARTICLE 6 :</line></par>
<par>
<line>Le présent arrêté peut faire l’objet d’un recours contentieux devant le tribunal administratif</line>
<line>d’Amiens dans un délai de deux mois à compter de sa publication.</line></par>
<par>
<line>La secrétaire générale, le sous-préfet directeur de cabinet, le sous-préfet de Compiègne, le</line>
<line>directeur départemental de l'équipement, la chef du service interministériel de défense et de</line>
<line>protection civile ainsi que le maire de Morlincourt le président de la communauté de</line>
<line>communes du pays Noyonnais sont chargés, chacun en ce qui le concerne de l'exécution du</line>
<line>présent arrêté qui sera inséré au recueil des actes administratifs de la préfecture de l'Oise.</line></par>
</text>
</block>
<block><region><rect/></region>
<text>
<par>
<line>F4t/b:^uvais, le I j Mft! ZSW</line></par>
</text>
</block>
<block><region><rect/></region>
<text>
<par>
<line>1, place de la préfecture 60022 Beauvais cedex</line></par>
<par>
<line>www.oise.pi-ef.gouv.fi-</line></par>
</text>
</block>




</page>
<page width="1682" height="2354" resolution="200">
<block><region><rect/></region>
<text>
<par>
<line>mm</line></par>
<par>
<line>Liberté • Égalité • Fraternité</line>
<line>RÉPUBUQJJB FRANÇAISE</line></par>
<par>
<line>PREFECTURE DE TOISE</line></par>
</text>
<text>
<par>
<line>Arrêté portant approbation du pian de prévention</line></par>
<par>
<line>des risques naturels inondation de la commune de Noyon</line></par>
</text>
<text>
<par>
<line>Le Préfet de l'Oise</line></par>
<par>
<line>Officier de la Légion d’Honneur</line></par>
</text>
</block>
<block><region><rect/></region>
<text>
<par>
<line>Vu le code de l'environnement et notamment ses articles L.562-1 à L.562-9;</line></par>
<par>
<line>Vu le décret n°95.1089 du 5 octobre 1995, relatif aux plans de prévention des risques naturels</line>
<line>prévisibles modifié par le décret n° 2005-3 du 4 janvier 2005;</line></par>
<par>
<line>Vu Tarrêté préfectoral du 18 mars 2001 portant prescription du plan de prévention des risques</line>
<line>naturels inondation des communes du Noyonnais;</line></par>
<par>
<line>Vu l'avis favorable du rapport de la commission d'enquête suite à l'enquête publique menée du</line>
<line>3 novembre 2006 au 4 décembre 2006,</line></par>
</text>
</block>
<block><region><rect/></region>
<text>
<par>
<line>Sur proposition du sous-préfet, directeur de cabinet:</line></par>
<par>
<line>ARRETE</line></par>
</text>
</block>
<block><region><rect/></region>
<text>
<par>
<line>ARTICLE 1;</line></par>
</text>
</block>
<block><region><rect/></region>
<text>
<par>
<line>Le plan de prévention des risques naturels inondation est approuvé sur le tenitoire de la</line>
<line>commune de Noyon tel qu'il est annexé au présent arrêté.</line></par>
<par>
<line>ARTICLE 2 :</line></par>
</text>
</block>
<block><region><rect/></region>
<text>
<par>
<line>Le plan de prévention des risques naturels inondation de Noyon approuvé constitue une</line>
<line>servitude d'utilité publique et doit être aimexé au plan local d'inbanisme dans le délai de trois</line>
<line>mois conformément à l'article L 126-1 du code de Turbanisnie.</line></par>
<par>
<line>ARTICLE 3 :</line></par>
</text>
</block>
<block><region><rect/></region>
<text>
<par>
<line>Une copie du présent arrêté sera affichée à la mairie de Noyon ainsi qu'au siège de la</line>
<line>communauté de communes du Pays Noyonnais pendant un mois au minimum.</line></par>
<par>
<line>ARTICLE 4:</line></par>
</text>
</block>
<block><region><rect/></region>
<text>
<par>
<line>Le présent arrêté fera l'objet d'une mention au recueil des acies administratifs de l'État dans le</line></par>
<par>
<line>département ainsi que dans un journal diffusé dans le département.</line></par>
</text>
</block>
<block><region><rect/></region>
<text>
<par>
<line>1, place de la préfecture 60022 Beauvais cedex</line></par>
<par>
<line>www.oise.pref.gouv.fr</line></par>
</text>
</block>







</page>
<page width="1690" height="2360" resolution="200">
<block><region><rect/></region>
<text>
<par>
<line>ARTICLE 5 ;</line></par>
</text>
</block>
<block><region><rect/></region>
<text>
<par>
<line>Le Plan de Prévention des Risques naturels inondation est tenu à la disposition du public en</line></par>
<par>
<line>mairie de Noyon, en préfecture ainsi qu'au siège de la communauté de communes du Pays</line></par>
<par>
<line>Noyonnais et à la sous-préfecture de Compiègne.</line></par>
</text>
</block>
<block><region><rect/></region>
<text>
<par>
<line>ARTICLE 6 :</line></par>
</text>
</block>
<block><region><rect/></region>
<text>
<par>
<line>Le présent arrêté peut faire l’objet d'un recours contentieux devant le tribunal administratif</line>
<line>d'Amiens dans un délai de deux mois à compter de sa publication.</line></par>
<par>
<line>La secrétaire générale, le sous-préfet directeur de cabinet, le sous-préfet de Compiègne, le</line>
<line>directeur départemental de l'équipement, la chef du service interministériel de défense et de</line>
<line>protection civile ainsi que le maire de Noyon le président de la communauté de communes du</line>
<line>pays Noyonnais sont chargés, chacun en ce qui le concerne de l'exécution du présent arrêté</line>
<line>qui sera inséré au recueil des actes administratifs de la préfecture de l’Oise.</line></par>
</text>
</block>
<block><region><rect/></region>
<text>
<par>
<line>1, place de la préfecture 60022 Beauvais cedex</line></par>
<par>
<line>www.oise.pref.gouv.fi'</line></par>
</text>
</block>




</page>
<page width="1669" height="2345" resolution="200">
<block><region><rect/></region>
<text>
<par>
<line>Liberté • Égalité • Fraternité</line></par>
<par>
<line>RÉPUBLiQyE Française</line></par>
<par>
<line>PREFECTURE DE l'OISE</line></par>
</text>
<text>
<par>
<line>Arrêté portant approbation du pian de prévention</line></par>
<par>
<line>des risques naturels inondation de la commune de Passei</line></par>
</text>
</block>
<block><region><rect/></region>
<text>
<par>
<line>Officier de la Légion d'Honneur</line></par>
</text>
</block>
<block><region><rect/></region>
<text>
<par>
<line>Vu le code de l’environnement et notamment ses aiticles L.562-1 à L.562-9;</line></par>
<par>
<line>Vu le décret n°95.1089 du 5 octobre 1995, relatif aux plans de prévention des risques naturels</line>
<line>prévisibles modifié par le décret n° 2005-3 du 4 janvier 2005;</line></par>
<par>
<line>Vu l'arrêté préfectoral du 18 mars 2001 portant prescription du plan de prévention des risques</line>
<line>naturels inondation des communes duNoyoïmais;</line></par>
<par>
<line>Vu l'avis favorable du rapport de la commission d'enquête suite à l'enquête publique menée du</line>
<line>3 novembre 2006 au 4 décembre 2006,</line></par>
</text>
</block>
<block><region><rect/></region>
<text>
<par>
<line>Sur proposition du sous-préfet, directeur de cabinet:</line></par>
</text>
</block>
<block><region><rect/></region>
<text>
<par>
<line>ARTICLE 1:</line></par>
</text>
</block>
<block><region><rect/></region>
<text>
<par>
<line>Le plan de prévention des risques naturels inondation est approuvé sur le teiiitoire de la</line>
<line>commune de Passei tel qu'il est annexé au présent arrêté.</line></par>
<par>
<line>ARTICLE 2 :</line></par>
</text>
</block>
<block><region><rect/></region>
<text>
<par>
<line>Le plan de prévention des risques naturels inondation de Passei approuvé constitue une</line>
<line>servitude d'utilité publique et doit être annexé au plan local d'urbanisme dans le délai de trois</line>
<line>mois conformément à l'article L 126-1 du code de Purbanisme.</line></par>
<par>
<line>ARTICLE 3 :</line></par>
</text>
</block>
<block><region><rect/></region>
<text>
<par>
<line>Une copie du présent arrêté sera affichée à la mairie de Passei ainsi qu'au siège de la</line>
<line>communauté de communes du Pays Noyonnais pendant un mois au minimum.</line></par>
</text>
</block>
<block><region><rect/></region>
<text>
<par>
<line>Le présent arrêté fera l'objet d'une mention au recueil des actes administratifs de l'État dans le</line></par>
<par>
<line>département ainsi que dans un journal diffusé dans le département.</line></par>
</text>
</block>
<block><region><rect/></region>
<text>
<par>
<line>1, place de la préfecture 60022 Beauvais ceclex</line></par>
<par>
<line>www.oise.pref.gouv.fr</line></par>
</text>
</block>







</page>
<page width="1685" height="2356" resolution="200">
<block><region><rect/></region>
<text>
<par>
<line>ARTICLE 5 ;</line></par>
</text>
</block>
<block><region><rect/></region>
<text>
<par>
<line>Le Plan de Prévention des Risques naturels inondation est tenu à la disposition du public en</line></par>
<par>
<line>mairie de Passel, en préfecture ainsi qu’au siège de la communauté de communes du Pays</line></par>
<par>
<line>Noyonnais et à la sous-préfecture de Compiègne.</line></par>
</text>
<text>
<par>
<line>ARTICLE 6 :</line></par>
</text>
</block>
<block><region><rect/></region>
<text>
<par>
<line>Le présent arrêté peut faire l'objet d'un recours contentieux devant le tribunal administratif</line>
<line>d'Amiens dans un délai de deux mois à compter de sa publication.</line></par>
</text>
</block>
<block><region><rect/></region>
<text>
<par>
<line>La secrétaire générale, le sous-préfet directeur de cabinet, le sous-préfet de Compiègne, le</line>
<line>directeur départemental de l'équipement, la chef du service interministériel de défense et de</line>
<line>protection civile ainsi que le maire de Passel le président de la communauté de communes du</line>
<line>pays Noyonnais sont chargés, chacun en ce qui le concerne de l'exécution du présent arrêté</line>
<line>qui sera inséré au recueil des actes administratifs de la préfecture de l'Oise.</line></par>
</text>
</block>
<block><region><rect/></region>
<text>
<par>
<line>Fait/a</line></par>
</text>
</block>
<block><region><rect/></region>
<text>
<par>
<line>AUVAIS, le</line></par>
</text>
</block>
<block><region><rect/></region>
<text>
<par>
<line>GREGO</line></par>
</text>
</block>
<block><region><rect/></region>
<text>
<par>
<line>U place de la préfecture 60022 Beauvais cedex</line></par>
<par>
<line>www.oise.pref.gouv.ff</line></par>
</text>
</block>





</page>
<page width="1702" height="2368" resolution="200">
<block><region><rect/></region>
<text>
<par>
<line>mm</line></par>
<par>
<line>lÀberté » égalité • Fraïernjfi</line></par>
<par>
<line>RÉPUBLIQUE Française</line></par>
<par>
<line>PREFECTURE DE l’OISE</line></par>
</text>
<text>
<par>
<line>Arrêté portant approbation du plan de prévention</line></par>
<par>
<line>des risques naturels inondation de la commune de Pimprez</line></par>
</text>
<text>
<par>
<line>Le Préfet de l'Oise</line></par>
<par>
<line>Officier de la Légion d’Honneur</line></par>
</text>
</block>
<block><region><rect/></region>
<text>
<par>
<line>Vu le code de renvironnement et notamment ses articles L.562-1 à L.562-9;</line></par>
<par>
<line>Vu le décret n°95.1089 du 5 octobre 1995, relatif aux plans de prévention des risques naturels</line>
<line>prévisibles modifié par le décret n° 2005-3 du 4 janvier 2005;</line></par>
<par>
<line>Vu l'arrêté préfectoral du 18 mars 2001 portant prescription du plan de prévention des risques</line>
<line>naturels inondation des communes du Noyonnais;</line></par>
<par>
<line>Vu l’avis favorable du rapport de la commission d'enquête suite à l'enquête publique menée du</line>
<line>3 novembre 2006 au 4 décembre 2006,</line></par>
</text>
</block>
<block><region><rect/></region>
<text>
<par>
<line>Sur proposition du sous-préfet, directeur de cabinet:</line></par>
<par>
<line>ARRETE</line></par>
</text>
</block>
<block><region><rect/></region>
<text>
<par>
<line>ARTICLE 1:</line></par>
</text>
</block>
<block><region><rect/></region>
<text>
<par>
<line>Le plan de prévention des risques naturels inondation est approuvé sur le tenitoire de la</line>
<line>commune de Pimprez tel qu'il est annexé au présent arrêté.</line></par>
<par>
<line>ARTICLE 2 :</line></par>
</text>
</block>
<block><region><rect/></region>
<text>
<par>
<line>Le plan de prévention des risques naturels inondation de Pimprez approuvé constitue une</line>
<line>servitude d'utilité publique et doit être annexé au plan local d'urbanisme dans le délai de trois</line>
<line>mois confonnément à l'article L 126-1 du code de l’urbanisme.</line></par>
<par>
<line>ARTICLE 3 :</line></par>
</text>
</block>
<block><region><rect/></region>
<text>
<par>
<line>Une copie du présent arrêté sera affichée à la mairie de Pimprez ainsi qu'au siège de la</line>
<line>communauté de communes du Pays Noyonnais et de la communauté de communes des deux</line>
<line>vallées pendant un mois au minimum.</line></par>
<par>
<line>ARTICLE 4:</line></par>
</text>
</block>
<block><region><rect/></region>
<text>
<par>
<line>Le présent an'êté fera l'objet d'une mention au recueil des actes administratifs de l'État dans le</line></par>
<par>
<line>département ainsi que dans un journal diffusé dans le département.</line></par>
</text>
</block>
<block><region><rect/></region>
<text>
<par>
<line>1, place de la préfecture 60022 Beauvais cedex</line></par>
<par>
<line>www.oise.pref.gouv.fr</line></par>
</text>
</block>












</page>
<page width="1696" height="2364" resolution="200">
<block><region><rect/></region>
<text>
<par>
<line>ARTICLE 5 ;</line></par>
</text>
</block>
<block><region><rect/></region>
<text>
<par>
<line>Le Plan de Prévention des Risques naturels inondation est tenu à la disposition du public en</line></par>
<par>
<line>mairie de Pimprez, en préfecture au siège de la communauté de communes du Pays</line></par>
<par>
<line>Noyonnais et de la communauté de communes des deux vallées et à la sous-préfecture de</line></par>
<par>
<line>Compiègne.</line></par>
</text>
<text>
<par>
<line>ARTICLE 6 :</line></par>
</text>
</block>
<block><region><rect/></region>
<text>
<par>
<line>Le présent arrêté peut faire l'objet d'un recours contentieux devant le tribunal administratif</line>
<line>d'Amiens dans un délai de deux mois à compter de sa publication.</line></par>
</text>
</block>
<block><region><rect/></region>
<text>
<par>
<line>La secrétaire générale, le sous-préfet directeur de cabinet, le sous-préfet de Compiègne, le</line>
<line>directeur départemental de l'équipement, la chef du service interministériel de défense et de</line>
<line>protection civile ainsi que le maire de Pimprez le président de la communauté de communes</line>
<line>du pays Noyonnais et le président de la communauté de communes des deux vallées sont</line>
<line>chargés, chacun en ce qui le concerne de l'exécution du présent arrêté qui sera inséré au</line>
<line>recueil des actes administratifs de la préfecture de l'Oise.</line></par>
</text>
</block>
<block><region><rect/></region>
<text>
<par>
<line>Faità BEAUVAIS, le 1 1</line></par>
</text>
</block>
<block><region><rect/></region>
<text>
<par>
<line>Philippe GREGOIRE</line></par>
</text>
</block>
<block><region><rect/></region>
<text>
<par>
<line>1, place de la préfecture 60022 Beauvais cedex.</line></par>
<par>
<line>www.oise.pref.gouv.ff</line></par>
</text>
</block>






</page>
<page width="1674" height="2349" resolution="200">
<block><region><rect/></region>
<text>
<par>
<line>WbBTté » Égalité » Fratemilé</line></par>
<par>
<line>Républiqjje française</line>
<line>PREFECTURE DE TOISE</line></par>
</text>
</block>
<block><region><rect/></region>
<text>
<par>
<line>Arrêté portant approbation du plan de prévention</line></par>
<par>
<line>des risques naturels inondation de la commune de Pont-l’Evêque</line></par>
</text>
<text>
<par>
<line>Le Préfet de r Oise</line></par>
<par>
<line>Officier de la Légion d'Honneur</line></par>
</text>
</block>
<block><region><rect/></region>
<text>
<par>
<line>Vu le code de l'environnement et notamment ses aiticles L.562-1 à L.562-9;</line></par>
<par>
<line>Vu le décret n°95.1089 du 5 octobre 1995, relatif aux plans de prévention des risques naturels</line>
<line>prévisibles modifié par le décret n° 2005-3 du 4 janvier 2005;</line></par>
<par>
<line>Vu l'arrêté préfectoral du 18 mars 2001 portant prescription du plan de prévention des risques</line>
<line>naturels inondation des communes du Noyonnais;</line></par>
<par>
<line>Vu l'avis favorable du rapport de la commission d’enquête suite à Tenquête publique menée du</line>
<line>3 novembre 2006 au 4 décembre 2006,</line></par>
</text>
</block>
<block><region><rect/></region>
<text>
<par>
<line>Sur proposition du sous-préfet, directeur de cabinet:</line></par>
<par>
<line>ARRETE</line></par>
</text>
</block>
<block><region><rect/></region>
<text>
<par>
<line>ARTICLE 1;</line></par>
</text>
</block>
<block><region><rect/></region>
<text>
<par>
<line>Le plan de prévention des risques naturels inondation est approuvé sur le territoire de la</line>
<line>commune de Pont-TEvêque tel qu'il est annexé au présent aiTêté.</line></par>
<par>
<line>ARTICLE 2 :</line></par>
</text>
</block>
<block><region><rect/></region>
<text>
<par>
<line>Le plan de prévention des risques naturels inondation de Pont-TEvêque approuvé constitue</line>
<line>une servitude d'utilité publique et doit être annexé au plan local d'urbanisme dans le délai de</line>
<line>trois mois conformément à l'article L 126-1 du code de Tui'banisme.</line></par>
<par>
<line>ARTICLE 3 :</line></par>
</text>
</block>
<block><region><rect/></region>
<text>
<par>
<line>Une copie du présent arrêté sera affichée à la mairie de Pont-TEvêque ainsi qu'au siège de la</line>
<line>communauté de communes du Pays Noyonnais pendant un mois au minimum,</line></par>
</text>
</block>
<block><region><rect/></region>
<text>
<par>
<line>Le présent arrêté fera Tobjet d'une mention au recueil des actes administratifs de TÉtat dans le</line></par>
<par>
<line>département ainsi que dans un journal diffusé dans le département.</line></par>
</text>
</block>
<block><region><rect/></region>
<text>
<par>
<line>1, place de la préfecture 60022 Beauvait; ccuex</line></par>
<par>
<line>www.oise.pref.gouv.fi-</line></par>
</text>
</block>







</page>
<page width="1677" height="2351" resolution="200">
<block><region><rect/></region>
<text>
<par>
<line>ARTICLE 5 ;</line></par>
</text>
</block>
<block><region><rect/></region>
<text>
<par>
<line>Le Plan de Prévention des Risques naturels inondation est tenu à la disposition du public en</line></par>
<par>
<line>mairie de Pont-l'Evêque, en préfecture ainsi qu'au siège de la communauté de communes du</line></par>
<par>
<line>Pays Noyonnais et à la sous-préfecture de Compiègne.</line></par>
</text>
<text>
<par>
<line>ARTICLE 6 :</line></par>
<par>
<line>Le présent arrêté peut faire l'objet d'un recours contentieux devant le tribunal administratif</line>
<line>d'Amiens dans un délai de deux mois à compter de sa publication.</line></par>
<par>
<line>La secrétaire générale, le sous-préfet directeur de cabinet, le sous-préfet de Compiègne, le</line>
<line>directeur départemental de l'équipement, la chef du service interministériel de défense et de</line>
<line>protection civile ainsi que le maire de Pont-l'Evêque le président de la communauté de</line>
<line>communes du pays Noyonnais sont chargés, chacun en ce qui le concerne de l'exécution du</line>
<line>présent arrêté qui sera inséré au recueil des actes administratifs de la préfecture de l'Oise.</line></par>
</text>
</block>
<block><region><rect/></region>
<text>
<par>
<line>Fadt/àBEAUVAIS, leI 1 MM W7</line></par>
</text>
</block>
<block><region><rect/></region>
<text>
<par>
<line>1, place de la préfecture 60022 Beauvais cedex</line></par>
<par>
<line>www.oise.pref,gouv.ff</line></par>
</text>
</block>





</page>
<page width="1709" height="2373" resolution="200">
<block><region><rect/></region>
<text>
<par>
<line>Liberté • Egalité • Fraternité</line></par>
</text>
</block>
<block><region><rect/></region>
<text>
<par>
<line>RÉPUBLIQUE FRANÇAISE</line></par>
<par>
<line>PREFECTURE DE VOISE</line></par>
<par>
<line>Arrêté portant approbation du plan de prévention</line></par>
<par>
<line>des risques naturels inondation de la commune de Pontoise-Les-Noyon</line></par>
<par>
<line>Le Préfet de l'Oise</line></par>
<par>
<line>Officier de la Légion d’Honneur</line></par>
</text>
</block>
<block><region><rect/></region>
<text>
<par>
<line>Vu le code de renvironnement et notamment ses aiticles L.562-Î à L.562-9;</line></par>
<par>
<line>Vu le décret n°95.1089 du 5 octobre 1995, relatif aux plans de prévention des risques naturels</line>
<line>prévisibles modifié par le décret n° 2005-3 du 4 janvier 2005;</line></par>
<par>
<line>Vu l'arrêté préfectoral du 18 mars 2001 portant prescription du plan de prévention des risques</line>
<line>naturels inondation des communes du Noyonnais;</line></par>
<par>
<line>Vu l'avis favorable du rapport de la commission d'enquête suite à l'enquête publique menée du</line>
<line>3 novembre 2006 au 4 décembre 2006,</line></par>
</text>
</block>
<block><region><rect/></region>
<text>
<par>
<line>Sur proposition du sous-préfet, directeur de cabinet;</line></par>
<par>
<line>ARRETE</line></par>
</text>
</block>
<block><region><rect/></region>
<text>
<par>
<line>ARTICLE 1:</line></par>
</text>
</block>
<block><region><rect/></region>
<text>
<par>
<line>Le plan de prévention des risques naturels inondation est approuvé sur le territoire de la</line>
<line>commune de Pontoise-Les-Noyon tel qu'il est annexé au présent arrêté,</line></par>
<par>
<line>ARTICLE 2 :</line></par>
</text>
</block>
<block><region><rect/></region>
<text>
<par>
<line>Le plan de prévention des risques naturels inondation de Pontoise-Les-Noyon approuvé</line>
<line>constitue une servitude d'utilité publique et doit être annexé au plan local d'urbanisme dans le</line>
<line>délai de trois mois conformément à l’article L 126-1 du code de Turbanisme.</line></par>
<par>
<line>ARTICLE 3 :</line></par>
</text>
</block>
<block><region><rect/></region>
<text>
<par>
<line>Une copie du présent arrêté sera affichée à la mairie de Pontoise-Les-Noyon ainsi qu'au siège</line>
<line>de la communauté de communes du Pays Noyonnais pendant un mois au minimum.</line></par>
<par>
<line>ARTICLE 4:</line></par>
</text>
</block>
<block><region><rect/></region>
<text>
<par>
<line>Le présent arrêté fera l'objet d'une mention au recueil des actes administratifs de l'État dans le</line></par>
<par>
<line>département ainsi que dans un journal diffusé dans le département.</line></par>
</text>
</block>
<block><region><rect/></region>
<text>
<par>
<line>1, place de la préfecture 60022 Beauvaiy cetlex</line></par>
<par>
<line>www.oise.pref.gouv.fr</line></par>
</text>
</block>











</page>
<page width="1684" height="2356" resolution="200">
<block><region><rect/></region>
<text>
<par>
<line>ARTICLE 5 :</line></par>
</text>
</block>
<block><region><rect/></region>
<text>
<par>
<line>Le Plan de Prévention des Risques naturels inondation est tenu à la disposition du public en</line>
<line>mairie de Pontoise-Les-Noyon, en préfecture ainsi qu'au siège de la communauté de</line>
<line>communes du Pays Noyonnais et à la sous-préfecture de Compiègne.</line></par>
<par>
<line>ARTICLE 6 :</line></par>
<par>
<line>Le présent arrêté peut faire l'objet d'un recours contentieux devant le tribunal administratif</line>
<line>d'Amiens dans un délai de deux mois à compter de sa publication.</line></par>
<par>
<line>La secrétaire générale, le sous-préfet directeur de cabinet, le sous-préfet de Compiègne, le</line>
<line>directeur départemental de l'équipement, la chef du service interministériel de défense et de</line>
<line>protection civile ainsi que le maire de Pontoise-Les-Noyon le président de la communauté de</line>
<line>communes du pays Noyonnais sont chargés, chacun en ce qui le concerne de l'exécution du</line>
<line>présent arrêté qui sera inséré au recueil des actes administratifs de la préfecture de l'Oise.</line></par>
</text>
</block>
<block><region><rect/></region>
<text>
<par>
<line>1, place de la préfecture 60022 Beauvais cedex</line></par>
<par>
<line>www.oise,pref.gouv.fr</line></par>
</text>
</block>







</page>
<page width="1682" height="2354" resolution="200">
<block><region><rect/></region>
<text>
<par>
<line>mm</line></par>
<par>
<line>Liberté • Egalité • Fraternité</line></par>
<par>
<line>RÉPUBLioyE Française</line></par>
<par>
<line>PREFECTURE DE l'OISE</line></par>
</text>
<text>
<par>
<line>Arrêté portant approbation du plan de prévention</line></par>
<par>
<line>des risques naturels inondation de la conumume de Salency</line></par>
</text>
<text>
<par>
<line>Le Préfet de l'Oise</line></par>
<par>
<line>Officier de la Légion d’Honneur</line></par>
</text>
</block>
<block><region><rect/></region>
<text>
<par>
<line>Vu le code de l’environnement et notamment ses articles L.562-1 à L.562-9;</line></par>
<par>
<line>Vu le décret n°95.1089 du 5 octobre 1995, relatif aux plans de prévention des risques naturels</line>
<line>prévisibles modifié par le décret n° 2005-3 du 4 janvier 2005;</line></par>
<par>
<line>Vu l'arrêté préfectoral du 18 mars 2001 portant prescription du plan de prévention des risques</line>
<line>naturels inondation des communes du Noyonnais;</line></par>
<par>
<line>Vu l'avis favorable du rapport de la commission d'enquête suite à l'enquête publique menée du</line>
<line>3 novembre 2006 au 4 décembre 2006,</line></par>
</text>
</block>
<block><region><rect/></region>
<text>
<par>
<line>Sur proposition du sous-préfet, directeur de cabinet:</line></par>
<par>
<line>ARRETE</line></par>
</text>
</block>
<block><region><rect/></region>
<text>
<par>
<line>ARTICLE 1:</line></par>
</text>
</block>
<block><region><rect/></region>
<text>
<par>
<line>Le plan de prévention des risques naturels inondation est approuvé sur le tenitoire de la</line>
<line>commune de Salency tel qu'il est annexé au présent arrêté.</line></par>
<par>
<line>ARTICLE 2 :</line></par>
</text>
</block>
<block><region><rect/></region>
<text>
<par>
<line>Le plan de prévention des risques naturels inondation de Salency approuvé constitue une</line>
<line>servitude d'utilité publique et doit être annexé au plan local d'urbanisme dans le délai de trois</line>
<line>mois confoimément à l'article L 126-1 du code de l'uibanisme.</line></par>
<par>
<line>ARTICLES :</line></par>
</text>
</block>
<block><region><rect/></region>
<text>
<par>
<line>Une copie du présent arrêté sera affichée à la mairie de Salency ainsi qu'au siège de la</line>
<line>communauté de communes du Pays Noyonnais pendant un mois au minimum.</line></par>
<par>
<line>ARTICLE 4:</line></par>
</text>
</block>
<block><region><rect/></region>
<text>
<par>
<line>Le présent arrêté fera l'objet d'une mention au recueil des actes administratifs de l'État dans le</line></par>
<par>
<line>département ainsi que dans un journal diffusé dans le département.</line></par>
</text>
</block>
<block><region><rect/></region>
<text>
<par>
<line>1, place de la préfecture 60022 Beauvais cedex</line></par>
<par>
<line>www.oise.pref.gouv.fr</line></par>
</text>
</block>








</page>
<page width="1687" height="2358" resolution="200">
<block><region><rect/></region>
<text>
<par>
<line>ARTICLE 5 ;</line></par>
</text>
</block>
<block><region><rect/></region>
<text>
<par>
<line>Le Plan de Prévention des Risques naturels inondation est tenu à la disposition du public en</line></par>
<par>
<line>mairie de Salency, en préfecture ainsi qu’au siège de la communauté de communes du Pays</line></par>
<par>
<line>Noyonnais et à la sous-préfecture de Compiègne.</line></par>
</text>
<text>
<par>
<line>ARTICLE 6 :</line></par>
</text>
</block>
<block><region><rect/></region>
<text>
<par>
<line>Le présent arrêté peut faire l’objet d’un recours contentieux devant le tribunal administratif</line>
<line>d'Amiens dans un délai de deux mois à compter de sa publication.</line></par>
</text>
</block>
<block><region><rect/></region>
<text>
<par>
<line>La secrétaire générale, le sous-préfet directeur de cabinet, le sous-préfet de Compiègne, le</line>
<line>directeur départemental de l’équipement, la chef du service interministériel de défense et de</line>
<line>protection civile ainsi que le maire de Salency le président de la communauté de communes</line>
<line>du pays Noyonnais sont chargés, chacun en ce qui le concerne de l'exécution du présent arrêté</line>
<line>qui sera inséré au recueil des actes administratifs de la préfecture de l'Oise.</line></par>
</text>
</block>
<block><region><rect/></region>
<text>
<par>
<line>Fai/à BEAUVAIS, le 2 1</line></par>
</text>
</block>
<block><region><rect/></region>
<text>
<par>
<line>Philippe GREGOIRE</line></par>
</text>
</block>
<block><region><rect/></region>
<text>
<par>
<line>1, place de la préfecture 60022 Beauvais cedex</line></par>
<par>
<line>www.oise.pref,gouv.fr</line></par>
</text>
</block>






</page>
<page width="1689" height="2359" resolution="200">
<block><region><rect/></region>
<text>
<par>
<line>Liberté • Égalité • Fraternité</line></par>
<par>
<line>RÉPUBLiQjJE Française</line></par>
<par>
<line>PREFECTURE DE l’OISE</line></par>
</text>
<text>
<par>
<line>Arrêté portant approbation du pian de prévention</line></par>
<par>
<line>des risques naturels inondation de la commune de Sempigny</line></par>
</text>
<text>
<par>
<line>Le Préfet de l'Oise</line>
<line>Officier de la Légion d’Honneur</line></par>
</text>
</block>
<block><region><rect/></region>
<text>
<par>
<line>Vu le code de l'environnement et notamment ses articles L.562-1 à L.562-9;</line></par>
<par>
<line>Vu le décret n°95.1089 du 5 octobre 1995, relatif aux plans de prévention des risques naturels</line>
<line>prévisibles modifié par le décret n° 2005-3 du 4 janvier 2005;</line></par>
<par>
<line>Vu l'arrêté préfectoral du 18 mars 2001 portant prescription du plan de prévention des risques</line>
<line>naturels inondation des communes duNoyomiais;</line></par>
<par>
<line>Vu l'avis favorable du rapport de la commission d'enquête suite à l'enquête publique menée du</line>
<line>3 novembre 2006 au 4 décembre 2006,</line></par>
</text>
</block>
<block><region><rect/></region>
<text>
<par>
<line>Sur proposition du sous-préfet, dnecteur de cabinet:</line></par>
<par>
<line>ARRETE</line></par>
</text>
</block>
<block><region><rect/></region>
<text>
<par>
<line>ARTICLE 1;</line></par>
</text>
</block>
<block><region><rect/></region>
<text>
<par>
<line>Le plan de prévention des risques naturels inondation est approuvé sur le territoire de la</line>
<line>commune de Sempigny tel qu'il est annexé au présent an-êté.</line></par>
<par>
<line>ARTICLE 2 :</line></par>
</text>
</block>
<block><region><rect/></region>
<text>
<par>
<line>Le plan de prévention des risques naturels inondation de Sempigny approuvé constitue une</line>
<line>servitude d'utilité publique et doit être armexé au plan local d’urbanisme dans le délai de trois</line>
<line>mois conformément à l'article L 126-1 du code de l'urbanisme.</line></par>
<par>
<line>ARTICLE 3 :</line></par>
</text>
</block>
<block><region><rect/></region>
<text>
<par>
<line>Une copie du présent arrêté sera affichée à la mairie de Sempigny ainsi qu'au siège de la</line>
<line>communauté de communes du Pays Noyonnais pendant un mois au minimum.</line></par>
<par>
<line>ARTICLE 4:</line></par>
</text>
</block>
<block><region><rect/></region>
<text>
<par>
<line>Le présent arrêté fera l'objet d'une mention au recueil des actes administratifs de l'État dans le</line></par>
<par>
<line>département ainsi que dans un journal diffusé dans le département.</line></par>
</text>
</block>
<block><region><rect/></region>
<text>
<par>
<line>1, place de la préfecture 60022 Beauvai.s cedex</line></par>
<par>
<line>www.Oise,pref.gouv.fr</line></par>
</text>
</block>









</page>
<page width="1674" height="2349" resolution="200">
<block><region><rect/></region>
<text>
<par>
<line>ARTICLE 5 ;</line></par>
</text>
</block>
<block><region><rect/></region>
<text>
<par>
<line>Le Plan de Prévention des Risques naturels inondation est tenu à la disposition du public en</line></par>
<par>
<line>mairie de Sempigny, en préfecture ainsi qu'au siège de la communauté de communes du Pays</line></par>
<par>
<line>Noyonnais et à la sous-préfecture de Compiègne.</line></par>
</text>
<text>
<par>
<line>ARTICLE 6 :</line></par>
</text>
</block>
<block><region><rect/></region>
<text>
<par>
<line>Le présent arrêté peut faire l’objet d’un recours contentieux devant le tribunal administratif</line>
<line>d'Amiens dans un délai de deux mois à compter de sa publication.</line></par>
</text>
</block>
<block><region><rect/></region>
<text>
<par>
<line>La secrétaire générale, le sous-préfet directeur de cabinet, le sous-préfet de Compiègne, le</line>
<line>directeur départemental de l’équipement, la chef du service interministériel de défense et de</line>
<line>protection civile ainsi que le maire de Sempigny le président de la communauté de communes</line>
<line>du pays Noyonnais sont chargés, chacun en ce qui le concerne de l'exécution du présent arrêté</line>
<line>qui sera inséré au recueil des actes administratifs de la préfecture de l'Oise.</line></par>
</text>
</block>
<block><region><rect/></region>
<text>
<par>
<line>Fail/àEEAUVAIS,le I 1</line></par>
</text>
</block>
<block><region><rect/></region>
<text>
<par>
<line>Philippe GREGOIRE</line></par>
</text>
</block>
<block><region><rect/></region>
<text>
<par>
<line>1, place de la préfecture 60022 Beauvais cedex</line></par>
<par>
<line>www.oise.pref.gouv.fr</line></par>
</text>
</block>






</page>
<page width="1684" height="2356" resolution="200">
<block><region><rect/></region>
<text>
<par>
<line>mm</line></par>
<par>
<line>Liberté » Égalité » fraternité</line></par>
<par>
<line>RÉPUBLIQUB Française</line></par>
<par>
<line>PREFECTURE DE l’OISE</line></par>
</text>
<text>
<par>
<line>Arrêté portant approbation du plan de prévention</line></par>
<par>
<line>des risques naturels inondation de la commune de Varesnes</line></par>
</text>
<text>
<par>
<line>Le Préfet de i'Oise</line></par>
<par>
<line>Officier de la Légion d’Honneur</line></par>
</text>
</block>
<block><region><rect/></region>
<text>
<par>
<line>Vu le code de l'environnement et notamment ses articles L.5'62-1 à L.562-9;</line></par>
<par>
<line>Vu le décret n°95.1089 du 5 octobre 1995, relatif aux plans de prévention des risques naturels</line>
<line>prévisibles modifié par le décret n° 2005-3 du 4 janvier 2005;</line></par>
<par>
<line>Vu l'arrêté préfectoral du 18 mars 2001 portant prescription du plan de prévention des risques</line>
<line>naturels inondation des communes du Noyonnais;</line></par>
<par>
<line>Vu l'avis favorable du rapport de la commission d'enquête suite à l'enquête publique menée du</line>
<line>3 novembre 2006 au 4 décembre 2006,</line></par>
</text>
</block>
<block><region><rect/></region>
<text>
<par>
<line>Sur proposition du sous-préfet, directeur de cabinet:</line></par>
<par>
<line>ARRETE</line></par>
</text>
</block>
<block><region><rect/></region>
<text>
<par>
<line>ARTICLE 1;</line></par>
</text>
</block>
<block><region><rect/></region>
<text>
<par>
<line>Le plan de prévention des risques naturels inondation est approuvé sur le territoire de la</line>
<line>commune de Varesnes tel qu'il est annexé au présent ainêté.</line></par>
<par>
<line>ARTICLE 2 :</line></par>
</text>
</block>
<block><region><rect/></region>
<text>
<par>
<line>Le plan de prévention des risques naturels inondation de Varesnes approuvé constitue une</line>
<line>servitude d'utilité publique et doit être annexé au plan local d'urbanisme dans le délai de trois</line>
<line>mois conformément à l'article L 126-1 du code de l'urbanisme.</line></par>
<par>
<line>ARTICLE 3 :</line></par>
</text>
</block>
<block><region><rect/></region>
<text>
<par>
<line>Une copie du présent arrêté sera affichée à la mairie de Varesnes ainsi qu'au siège de la</line>
<line>communauté de communes du Pays Noyonnais pendant un mois au minimum.</line></par>
<par>
<line>ARTICLE 4:</line></par>
</text>
</block>
<block><region><rect/></region>
<text>
<par>
<line>Le présent arrêté fera l'objet d'une mention au recueil des acies administratifs de l'État dans le</line></par>
<par>
<line>département ainsi que dans un journal diffusé dans le département.</line></par>
</text>
</block>
<block><region><rect/></region>
<text>
<par>
<line>1, place de la préfecture 60022 Beauvais eeclex</line></par>
<par>
<line>www.oise.pref,gouv.fr</line></par>
</text>
</block>









</page>
<page width="1682" height="2354" resolution="200">
<block><region><rect/></region>
<text>
<par>
<line>ARTICLE 5 ;</line></par>
</text>
</block>
<block><region><rect/></region>
<text>
<par>
<line>Le Plan de Prévention des Risques naturels inondation est tenu à la disposition du public en</line></par>
<par>
<line>mairie de Varesnes, en préfecture ainsi qu'au siège de la communauté de communes du Pays</line></par>
<par>
<line>Noyonnais et à la sous-préfecture de Compiègne.</line></par>
</text>
<text>
<par>
<line>ARTICLE 6 :</line></par>
<par>
<line>Le présent arrêté peut faire l'objet d'un recours contentieux devant le tribunal administratif</line>
<line>d'Amiens dans un délai de deux mois à compter de sa publication.</line></par>
<par>
<line>La secrétaire générale, le sous-préfet directeur de cabinet, le sous-préfet de Compiègne, le</line>
<line>directeur départemental de l'équipement, la chef du sei-vice interministériel de défense et de</line>
<line>protection civile ainsi que le maire de Varesnes le président de la communauté de communes</line>
<line>du pays Noyonnais sont chargés, chacun en ce qui le concerne de l'exécution du présent arrêté</line>
<line>qui sera inséré au recueil des actes administratifs de la préfecture de l'Oise.</line></par>
</text>
</block>
<block><region><rect/></region>
<text>
<par>
<line>1, place de la préfecture 60022 Beauvais cedex</line></par>
<par>
<line>www. O i se. prcf. go u v. Ft</line></par>
</text>
</block>






</page>
</PM1>