<?xml version="1.0" encoding="UTF-8"?><PM1>
<page width="2479" height="3504" resolution="300">
<block><region><rect/></region>
<text>
<par>
<line>- 27 Septembre 2001</line></par>
</text>
</block>
<block><region><rect/></region>
<text>
<par>
<line>RECUEIL DES ACTES ADMINISTRATIFS ET DES INFORMATIONS</line></par>
</text>
</block>
<block><region><rect/></region>
<text>
<par>
<line>1003</line></par>
</text>
</block>
<block><region><rect/></region>
<text>
<par>
<line>Vu l’arrêté préfectoral en date du 10 décembre 1997,</line>
<line>prescrivant l’établissement d’un plan de prévention des ris¬</line>
<line>ques d’inondations (P.P.R.I.) sur la commune de Jurançon;</line></par>
<par>
<line>Vu l’arrêté préfectoral en date du 18 mai 01 prescrivant</line>
<line>l’ouverture d’une enquête publique sur le plan de prévention</line>
<line>des risques de la commune de Jurançon;</line></par>
<par>
<line>Vu le procès-verbal relatif à l’enquête publique sur PPRI</line>
<line>de Jurançon qui s’est déroulée du 30 mai 2001 au 29 juin</line>
<line>2001, et à l’avis du Commissaire-enquêteur émis le 27 juillet</line>
<line>2001;</line></par>
<par>
<line>Vu les réponses formulées peir le service instructeur sur les</line>
<line>recommandations contenues dans le rapport d’enquête, le 5</line>
<line>septembre 01;</line></par>
<par>
<line>Sur proposition du directem de Cabinet de la préfecture ;</line></par>
<par>
<line>ARRETE :</line></par>
<par>
<line>Article premier :</line></par>
<par>
<line>I - est approuvé tel qu’ il est annexé au présent arrêté, le Plan</line>
<line>de Prévention des Risques d’inondations de la commune de</line>
<line>Jurançon.</line></par>
<par>
<line>II - le P.P.R.I. comprend : im rapport de présentation, un</line>
<line>règlement, une carte réglementaire au l/5000e, des annexes.</line></par>
<par>
<line>III - le P.P.R.I. est tenu à la disposition du public</line></par>
<par>
<line>- à la mairie de Jurançon</line></par>
<par>
<line>- à la Direction Départementale de l’Equipement</line></par>
<par>
<line>- à la Préfecture de Pau (S.I.D.P.C. et D.C.L.E.)</line></par>
<par>
<line>Article 2 : Le présent arrêté sera publié au Recueil des</line>
<line>Actes administratifs et mention en sera faite dans les journaux</line>
<line>ci-après désignés:</line></par>
<par>
<line>- L’Eclair des Pyrénées et la République des Pyrénées</line></par>
<par>
<line>Une copie de l’arrêté d’approbation sera affichée à la mairie</line>
<line>de Jurançon pendant un mois au minimum. Cette mesure de</line>
<line>publicité sera justifiée par un certificat du Maire et un exem¬</line>
<line>plaire des journaux sera annexé au dossier.</line></par>
<par>
<line>Article 3 : Des ampliations seront adressées à MM. le</line>
<line>secrétaire général de la préfecture, le maire de Jurançon, le</line>
<line>directeur départemental de l’équipement, le ministre de l’amé¬</line>
<line>nagement du territoire et de l’environnement.</line></par>
<par>
<line>Article 4 : MM. le secrétaire général de la préfecture, le</line>
<line>directeur de cabinet du préfet, le maire de Jurançon, le</line>
<line>directeur départemental de l’équipement sont chargés, cha¬</line>
<line>cun en ce qui le concerne, de l’exécution du présent arrêté.</line></par>
<par>
<line>Fait à Pau, le 11 septembre 2001</line>
<line>Le Préfet : André VIAU</line></par>
</text>
</block>
<block><region><rect/></region>
<text>
<par>
<line>Flan de Prévention des Risques d’inondations</line>
<line>de la commune de Gelos</line></par>
<par>
<line>Arrêté préfectoral du 11 septembre 2001</line></par>
<par>
<line>Le Préfet des Pyrénées-Atlantiques, Chevalier de la Légion</line>
<line>d’Honneur,</line></par>
</text>
</block>
<block><region><rect/><rect/><rect/></region>
<text>
<par>
<line>Vu la loi n°87-565 du 22 juillet 1987, relative à l’organisa¬</line>
<line>tion de la Sécurité Civile, à la protection de la forêt contre</line>
<line>l’incendie et à la prévention des risques majeurs, notamment</line>
<line>ses articles 40.1 à 40.7 issus de la loi n° 95-101 du 2 février</line>
<line>1995 ;</line></par>
<par>
<line>Vu le décret n°95 -1089 du 5 octobre 1995, relatif aux plans</line>
<line>de prévention des risques naturels prévisibles ;</line></par>
<par>
<line>Vu l’arrêté préfectoral en date du 19 octobre 1998, prescri¬</line>
<line>vant l’établissement d’un plan de prévention des risques</line>
<line>d’inondations (P.P.R.L) sur la commune de Gelos ;</line></par>
<par>
<line>Vu l’arrêté préfectoral en date du 28 mai 01 prescrivant</line>
<line>l’ouverture d’une enquête publique sur le plan de prévention</line>
<line>des risques de la commune de Gelos;</line></par>
<par>
<line>Vu le procès - verbal relatif à l’enquête publique sur le</line>
<line>PPRI de Gelos qui s’est déroulé du 18 juin 2001 au 17 juillet</line>
<line>2001 et à l’avis du Commissaire -enquêteur émis le 3 août</line>
<line>2001;</line></par>
<par>
<line>Vu les réponses formulées par le service instructeur sur les</line>
<line>recommandations contenues dans le rapport d’enquête, le 21</line>
<line>août 01;</line></par>
<par>
<line>Sur proposition du directeur de Cabinet de la préfecture ;</line></par>
<par>
<line>ARRETE:</line></par>
<par>
<line>Article premier :</line></par>
<par>
<line>I - est approuvé tel qu’ il est armexé au présent arrêté, le Plan</line>
<line>de Prévention des Risques d’inondations de la commune de</line>
<line>Gelos.</line></par>
<par>
<line>II - le P.P.R.I. comprend : un rapport de présentation, un</line>
<line>règlement,</line></par>
<par>
<line>une carte réglementaire au l/5000e, des aimexes.</line></par>
<par>
<line>III - le P.P.R.I. est tenu à la disposition du public</line></par>
<par>
<line>- à la mairie de Gelos</line></par>
<par>
<line>- à la Direction Départementale de l’Equipement</line></par>
<par>
<line>- à la Préfecture de Pau (S.I.D.P.C. et D.C.L.E.)</line></par>
<par>
<line>Article 2 : Le présent arrêté sera publié au Recueil des Actes</line>
<line>administratifs et mention en sera faite dans les journaux ci-</line>
<line>après désignés:</line></par>
<par>
<line>- L’Eclair des Pyrénées et la République des Pyrénées</line></par>
<par>
<line>Une copie de 1 ’ arrêté d’approbation sera affichée à la mairie</line>
<line>de Gelos pendant un mois au minimum. Cette mesure de</line>
<line>publicité sera justifiée par un certificat du maire et un exem¬</line>
<line>plaire des journaux sera annexé au dossier.</line></par>
<par>
<line>Article 3 : Des ampliations seront adressées à :</line></par>
<par>
<line>M. M. M. le secrétaire général de la préfecture, le Maire de</line>
<line>Gelos, le directein départemental de l’équipement, M“"la</line>
<line>ministre de l’aménagement du territoire et de l’environne¬</line>
<line>ment.</line></par>
<par>
<line>Article 4 : MM. Le secrétaire général de la préfecture, le</line>
<line>directeur de cabinet du préfet, le maire de Gelos, le directeur</line>
<line>départemental de l’équipement sont chargés, chacun en ce qui</line>
<line>le concerne, de l’exécution du présent arrêté.</line></par>
<par>
<line>Fait à Pau, le 11 septembre 2001</line>
<line>Pour le Préfet et par délégation,</line>
<line>le secrétaire général : Alain ZABULON</line></par>
</text>
</block>




</page>
</PM1>