<?xml version="1.0" encoding="UTF-8"?><PM1>
<page width="1252" height="1763" resolution="150">
<block><region><rect/></region>
<text>
<par>
<line>V</line></par>
</text>
</block>
<block><region><rect/></region>
<text>
<par>
<line>Liberlé • Égalité • Frattrnité</line></par>
</text>
</block>
<block><region><rect/></region>
<text>
<par>
<line>RÉPUBLIQUE FRANÇAISE</line></par>
<par>
<line>PRÉFECTURE DE VAUCLUSE</line></par>
</text>
</block>
<block><region><rect/></region>
<text>
<par>
<line>ARRETE PREFECTORAL</line></par>
<par>
<line>Approuvant le Plan de Prévention des Risques d'incendie de forêt</line>
<line>de la Commune de PUGET-SUR-DURANCE</line></par>
</text>
</block>
<block><region><rect/></region>
<text>
<par>
<line>LE PREFET DU DEPARTEMENT DE VAUCLUSE</line>
<line>Chevalier de la Légion d'honneur</line></par>
</text>
</block>
<block><region><rect/></region>
<text>
<par>
<line>VU le code de l’environnement, et notamment ses articles L. 123-1, L.562-1 àL.562-9 relatifs</line>
<line>aux plans de prévention des risques naturels prévisibles ;</line></par>
<par>
<line>VU le titre II du code forestier relatif à la défense et à la lutte contre les incendies et</line>
<line>notamment ses articles L.321-6 et L.322-4-1 ;</line></par>
<par>
<line>VU l'arrêté préfectoral n°1708 du 02 juillet 2001 prescrivant l'établissement du pian de</line>
<line>prévention des risques d'incendie de forêt sur le territoire de la Commune de PUGET-SUR-</line>
<line>DURANCE</line></par>
<par>
<line>VU l’arrêté du 24 mai 2006 prescrivant l'ouverture d’une enquête publique du 20 juin au 20</line>
<line>juillet 2006 relative au Plan de Prévention des Risques d'incendie de forêt de la Commune de</line>
<line>PUGET-SUR-DURANCE;</line></par>
<par>
<line>VU les pièces constatant que l’arrêté du 24 mai 2006 a été publié, affiché et inséré dans deux</line>
<line>journaux du département dans les délais et que le dossier d’enquête est resté, du 20 juin au 20</line>
<line>juillet 2006 inclus, en mairie de PUGET-SUR-DURANCE;</line></par>
<par>
<line>VU l'avis du maire de PUGET-SUR-DURANCE en date du 31 janvier 2006;</line></par>
<par>
<line>VU les délibérations du conseil municipal de la commune de PUGET-SUR-DURANCE en</line>
<line>date des 6 mars et 12 juillet 2006;</line></par>
<par>
<line>VU l’avis réputé favorable du syndicat mixte de défense et de valorisation forestière ;</line></par>
<par>
<line>VU l’avis réputé favorable du Parc naturel régional du Luberon ;</line></par>
<par>
<line>VU l’avis réputé favorable du Conseil Régional de la région Provence Alpes Côte d’Azur ;</line></par>
<par>
<line>VU l'avis réputé favorable du Conseil Généra! du département de Vaucluse;</line></par>
<par>
<line>VU l’avis de la Chambre d’Agriculture de Vaucluse en date du 02 mars 2006 ;</line></par>
<par>
<line>VU l’avis du Directeur Départemental des Services d’incendie et de Secours en date du 13</line>
<line>mars 2006;</line></par>
</text>
</block>
<block><region><rect/></region>
<text>
<par>
<line>Le courrier doit être adressé à M. le Préfet sous forme impersonnelle</line>
<line>8490S AVIGNON Cedex 09 - Téléphone 04 90 16 84 84 - Télécopie 04 90 86 20 76 - Internet : www.vaucIuse.pref.gouv.fr</line></par>
</text>
</block>

<block blockType="Picture" blockName="" l="671" t="55" r="747" b="128"><region><rect/></region>
</block>
</page>
<page width="1240" height="1754" resolution="150">
<block><region><rect/></region>
<text>
<par>
<line>vu l'avis du syndicat mixte pour la création et le suivi du SCOT du Sud Luberon en date du</line>
<line>16 mars 2006;</line></par>
<par>
<line>VU l’avis du Directeur Départemental de l'Equipement en date du 27 mars 2006 ,</line></par>
<par>
<line>VU l'avis de la communauté de communes « Les Portes du Luberon » en date du 30 mars</line>
<line>2006,</line></par>
<par>
<line>VU ravis du Centre Régional de la Propriété Forestière en date du 31 mai 2006 ;</line></par>
<par>
<line>VU le rapport et les conclusions du Commissaire enquêteur en date du 3 octobre 2006;</line></par>
<par>
<line>VU l’analyse du Directeur Départemental de l'Agriculture et de la Forêt en date du 5 février</line>
<line>2007;</line></par>
<par>
<line>CONSIDERANT que le rapport du commissaire enquêteur a fait l'objet d'une analyse</line>
<line>approfondie par les services de l'Etat et donné lieu à plusieurs réunions de concertation avec</line>
<line>le maire, dont la dernière en date du 28 juin 2007 a permis de valider des modifications</line>
<line>mineures du zonage et du règlement;</line></par>
<par>
<line>CONSIDERANT la réalisation dans le secteur Le Devin, La Loubatière des travaux d'accès</line>
<line>direct des habitations à la voirie dûment constaté par le SDIS le 18 juillet 2007;</line></par>
<par>
<line>CONSIDERANT enfin qu’il revient au représentant de l’Etat la responsabilité d’assurer la</line>
<line>sécurité de la population et qu’il est tenu de ce fait d'édicter des mesures de prévention, de</line>
<line>protection et de sauvegarde;</line></par>
<par>
<line>SUR proposition du Secrétaire Général de la Préfecture,</line></par>
</text>
</block>
<block><region><rect/></region>
<text>
<par>
<line>ARRETE:</line></par>
</text>
</block>
<block><region><rect/></region>
<text>
<par>
<line>Article l</line></par>
<par>
<line>Est approuvé, tel qu’il est annexé au présent arrêté, le plan de prévention des risques</line>
<line>d'incendie de forêt fPPRlF) sur le territoire de la Commune de PUGET-SUR-DURANCE.</line></par>
<par>
<line>Article 2 :</line></par>
<par>
<line>Le plan approuvé comprend :</line></par>
<par>
<line>- un rapport de présentation .</line></par>
<par>
<line>- un règlement ;</line></par>
<par>
<line>une carte de zonage ;</line></par>
<par>
<line>Le plan approuvé est tenu à la disposition du public en mairie de PUGET-SUR-</line>
<line>DURANCE, au siège du Syndicat mixte pour la création et le suivi du SCOT du Sud Luberon</line>
<line>et à la préfecture du Vaucluse, direction des relations avec les collectivités locales et de</line>
<line>l'environnement.</line></par>
<par>
<line>Article 3 :</line></par>
<par>
<line>Une copie du présent arrêté sera adressée à Monsieur le Maire de la Commune de PUGET-</line>
<line>SUR-DURANCE, Monsieur le Président Syndicat mixte pour la création et le suivi du SCOT</line>
<line>du Sud Luberon, Monsieur le sous-préfet d'APT, Monsieur le Directeur Départemental de</line></par>
</text>
</block>
<block><region><rect/></region>
<text>
<par>
<line>page 2</line></par>
</text>
</block>
</page>
<page width="1252" height="1763" resolution="150">
<block><region><rect/></region>
<text>
<par>
<line>l'Agriculture et de la forêt, Monsieur le Directeur Départemental de l’Equipement, Monsieur</line>
<line>le Directeur Régional de l’Environnement et Monsieur le Délégué aux Risques Majeurs</line>
<line>(MBDAD).</line></par>
<par>
<line>Article 4 :</line></par>
<par>
<line>Le présent arrêté sera publié au recueil des actes administratifs de la préfecture. Une copie</line>
<line>sera affichée en mairie de PUGET-SUR-DURANCE et au siège du syndicat mixte pour la</line>
<line>création et le suivi du SCOT du Sud Luberon, pendant au moins un mois à partir de la date de</line>
<line>réception de la notification. Un procès-verbal constatant l’accomplissement de ces formalités</line>
<line>devra être adressé à la Préfecture.</line></par>
<par>
<line>Un avis sera inséré dans un journal diffusé dans le département.</line></par>
</text>
</block>
<block><region><rect/></region>
<text>
<par>
<line>Article 5 :</line></par>
<par>
<line>La présente décision peut être déférée au tribunal administratif de Nîmes dans les conditions</line>
<line>prévues par l’article R 421-1 du code de justice administrative, dans le délai de deux mois à</line>
<line>partir de sa notification ou de sa publication.</line></par>
<par>
<line>Article 6 :</line></par>
<par>
<line>Le secrétaire général de la préfecture, le Directeur Départemental de l’Agriculture et de la</line>
<line>Forêt et le Directeur Départemental de l’Equipement sont chargés de l’exécution du présent</line>
<line>arrêté.</line></par>
</text>
</block>
<block><region><rect/><rect/></region>
<text>
<par>
<line>Avignon, le • ^ /^0y| 2007</line>
<line>Le Préfet.</line></par>
</text>
</block>
<block><region><rect/></region>
<text>
<par>
<line>4</line></par>
</text>
</block>
<block><region><rect/></region>
<text>
<par>
<line>IC9 paraît</line></par>
</text>
</block>
<block><region><rect/></region>
<text>
<par>
<line>page 3</line></par>
</text>
</block>




</page>
</PM1>