<?xml version="1.0" encoding="UTF-8"?><PM1>
<page width="1654" height="2339" resolution="200">
<block><region><rect/></region>
<text>
<par>
<line>Liberlé • Égalité • fmferniiè</line></par>
<par>
<line>Rfir'UBLIQpBFîiANÇAISB</line>
<line>PRÉFET DES ALPES-MARÎTIMES</line></par>
</text>
</block>
<block><region><rect/></region>
<text>
<par>
<line>Direction Départementale des Territoires</line>
<line>et de la Mer des Alpes-Maritimes</line>
<line>Service de l'eau et des risques</line></par>
<par>
<line>Nref : DDTM-SER-PR-ar n“2013- 044</line></par>
</text>
</block>
<block><region><rect/></region>
<text>
<par>
<line>ARRETE PREFECTORAL</line></par>
</text>
</block>
<block><region><rect/></region>
<text>
<par>
<line>portant approbation du pian de prévention des risques</line>
<line>naturels prévisibtes d'incendies de forêt de la commune de CARROS</line></par>
</text>
</block>
<block><region><rect/></region>
<text>
<par>
<line>Le préfet des Alpes-Maritimes.</line>
<line>Chevalier de la Légion d’honneur,</line>
<line>Officier l’Ordre national du Mérite,</line></par>
</text>
</block>
<block><region><rect/></region>
<text>
<par>
<line>Vu les articles L.562-1 à L.562-9 du code de l’environnement relatifs aux plans de prévention des risques</line>
<line>naturels prévisibles,</line></par>
<par>
<line>Vu les articles R.562-1 à R.562-10-2 du code de l’environnement relatifs à la procédure et à l'élaboration des</line>
<line>plans de prévention des risques naturels prévisibles,</line></par>
<par>
<line>Vu les articles R.123-6 à R.123-23 du code de l’environnement relatifs à la procédure et au déroulement de</line>
<line>l’enquête publique.</line></par>
<par>
<line>Vu l'arrêté préfectoral du 10 février 1997 prescrivant l'établissement du plan de prévention des risques</line>
<line>naturels prévisibles d'incendies de forêt sur te territoire de la commune de Garros,</line></par>
<par>
<line>Vu l'arrêté préfectoral du 22 janvier 2013 portant organisation de l'enquête publique du plan de prévention</line>
<line>des risques naturels prévisibles d'incendies de forêt sur le territoire de la commune de Carros,</line></par>
<par>
<line>Vu r avis défavorable du municipal de Carros, de la Métropole Nice Côte d’Azur, du SYMENCA</line></par>
<par>
<line>Vu les avis favorables du Conseil général des Alpes Maritimes, de la chambre d’agriculture des Alpes</line>
<line>Maritimes et du centre National de propriété forestière,</line></par>
<par>
<line>Vu les avis réputés favorables du conseil Régional Provence-Alpes-Côte d’Azur, SDIS,</line></par>
<par>
<line>Vu le rapport et les conclusions motivées du commissaire enquêteur du 11 avril 2013</line></par>
<par>
<line>Considérant que les modifications apportées au projet de PPRIF soumis à enquête publique suite aux avis</line>
<line>reçus et aux rapport et conclusions du commissaire enquêteur, ne remettent pas en cause l'économie</line>
<line>générale de ce plan,</line></par>
<par>
<line>Sur proposition de Monsieur le Secrétaire Général de la préfecture des Alpes-Maritimes,</line></par>
<par>
<line>ARRETE</line></par>
</text>
</block>
<block><region><rect/></region>
<text>
<par>
<line>Article 1er : Est approuvé le plan de prévention des risques naturels prévisibles d'incendies de forêt de la</line>
<line>commune de Carros te! qu’annexé au présent arrêté.</line></par>
<par>
<line>Ce plan est tenu à la disposition du public ;</line></par>
</text>
</block>






</page>
<page width="1654" height="2339" resolution="200">
<block><region><rect/></region>
<text>
<par>
<line>1 - à la mairie de Carros. tous les jours ouvrables, aux heures habituelles d’ouverture de la</line>
<line>mairie,</line></par>
<par>
<line>2 - au siège de la Métropole Nice Côte d'Azur, aux heures habituelles d'ouverture au public,</line></par>
<par>
<line>3 - au siège du SYMENCA, aux heures habituelles d’ouverture au public.</line></par>
<par>
<line>4 - au pôle risques naturels de la Direction Départementale des Territoires et de la Mer au</line>
<line>centre administratif départemental de Nice tous les jours du lundi au vendredi de 9h00 à 11h30</line>
<line>et de 14h00à 15h30.</line></par>
<par>
<line>5 ~ à la préfecture, aux heures habituelles d'ouverture au public.</line></par>
<par>
<line>Ce plan de prévention des risques naturels prévisibles comporte ;</line></par>
<par>
<line>- l'arrété préfectoral de prescription.</line></par>
<par>
<line>- l'arrêté préfectoral d’approbation,</line>
<line>un rapport de présentation.</line></par>
<par>
<line>un règlement et ses annexes,</line></par>
<par>
<line>un plan de zonage réglementaire à l'échelle 1/ 5 000,</line></par>
<par>
<line>- 5 annexes graphiques à l'échelle 1/10 000 : une carte des aléas d’incendies de forêt, une carte de la</line>
<line>voirie, une carte des enjeux d'occupation du soi. une carte des hydrants. une carte des travaux prescrits.</line></par>
<par>
<line>Ar:tLcl_e_2_:_</line></par>
<par>
<line>Le présent arrêté fera l’objet d’une mention au recueil des actes administratifs de l’État dans le département,</line>
<line>ainsi que dans un journal local ci-après désigné ; «Nice Matin».</line></par>
<par>
<line>Une copie de l’arrêté sera affichée en mairie de Carros pendant au moins un mois ainsi qu'aux sièges de la</line>
<line>Métropole Nice Côte d'Azur et du SYMENCA.</line></par>
<par>
<line>ArtjcJeJL;,</line></par>
<par>
<line>Des copies du présent arrêté seront adressées à :</line></par>
<par>
<line>Monsieur le maire de la commune de Carros.</line></par>
<par>
<line>Monsieur le ministre de l’Ecologie, du Développement Durable et de l'Energie, direction générale de la</line>
<line>prévention des risques.</line></par>
<par>
<line>Monsieur le président de la Métropole Nice Côte d'Azur.</line></par>
<par>
<line>Monsieur le président du syndicat mixte d’études et de suivi du ScoT (SYMENCA)</line></par>
<par>
<line>- Monsieur le président de la Chambre d’agriculture des Alpes-Maritimes.</line></par>
<par>
<line>Monsieur le président de la délégation de la région Provence Alpes-Côte d’Azur auprès du Centre</line>
<line>national de la propriété forestière.</line></par>
<par>
<line>Monsieur le président du Conseil Général des Alpes-Maritimes.</line></par>
<par>
<line>Monsieur le directeur départemental des Services d'incendie et de Secours.</line></par>
<par>
<line>Monsieur ta directrice régionale de l'Environnement, de l’Aménagement et du Logement Provence-</line>
<line>Alpes-Côte d’azur,</line></par>
<par>
<line>- Monsieur le directeur départemental des territoires et de la mer,</line></par>
<par>
<line>Article 4 ; délai de recours</line></par>
<par>
<line>Le présent arrêté peut faire l'objet d’un recours contentieux auprès du tribunal administratif de Nice dans un</line>
<line>délai de deux mois â compter de l’exécution de l’ensemble des formalités prévues à l’article 2; la date à</line>
<line>prendre en compte pour l’affichage étant celle du premier jour où il est effectué.</line></par>
<par>
<line>A.rt.lcJeJ5_L</line></par>
<par>
<line>Le Secrétaire général de la préfecture des Alpes-Maritimes, le maire de Carros. le président de la Métropole</line>
<line>Nice Côte d’/\zur. le président du syndicat mixte d'études et de suivi du SCoT. et le directeur départemental</line>
<line>des territoires et de la mer sont chargés, chacun en ce qui le concerne, de l'exécution du présent arrêté.</line></par>
<par>
<line>A Nice, le ® ^ 201^</line></par>
<par>
<line>Le préfet desfi^|f^q§-AJa*jV’ies</line>
<line>Vb Secrétairo GénônÊ</line></par>
<par>
<line>OnM-03141</line></par>
</text>
</block>
<block><region><rect/></region>
<text>
<par>
<line>Gérard GAVORY</line></par>
</text>
</block>



</page>
</PM1>