<?xml version="1.0" encoding="UTF-8"?><PM1>
<page width="1659" height="2337" resolution="199">
<block><region><rect/></region>
<text>
<par>
<line>Liberté • Égalité • Fraternité</line></par>
<par>
<line>RÉPUBLiQyE Française</line>
<line>PREFET DE LA HAUTE-LOIRE</line></par>
<par>
<line>DIRECTION DES POLITIQUES PUBLIQUES ET DE L'ADMINISTRATION LOCALE</line></par>
<par>
<line>ARRETE N° DIPPAL-B3-2011-240</line></par>
<par>
<line>portant approbation du Plan de Prévention du Risque Inondation (P.P.R.I.) de la Semène</line>
<line>sur la commune de Saint Férréol d'Auroure</line></par>
<par>
<line>LE PREFET DE LA HAUTE-LOIRE</line>
<line>Chevalier de l'Ordre National du Mérite,</line></par>
<par>
<line>VU le code de l'urbanisme ;</line></par>
<par>
<line>VU le code de la construction et de l'habitation ;</line></par>
<par>
<line>VU le code de l'expropriation pour cause d'utilité publique, notamment ses articles Rll-4àRll-14;</line>
<line>VU le code l'environnement, articles L 562.1 et suivants et R 562,1 et suivants ;</line></par>
<par>
<line>VU l'arrêté préfectoral du 9 mars 2001 prescrivant l'établissement d'un Plan de Prévention du Risque</line>
<line>Inondation (P.P.R.I.) de la Semène sur la commune de Saint Férréol d'Auroure,</line></par>
<par>
<line>VU les pièces du dossier établi par les services de la Direction Départementale des Territoires ;</line></par>
<par>
<line>VU l'avis favorable du 27 septembre 2010 du conseil municipal de Saint Férréol d'Auroure ;</line></par>
<par>
<line>VU l'avis favorable du 28 septembre 2010 de la communauté de communes de Loire et Semène ;</line></par>
<par>
<line>VU l'avis réputé favorable du Centre régional de la propriété forestière d'Auvergne ;</line></par>
<par>
<line>VU l'avis favorable du 7 octobre 2010 du Conseil Général de Haute-Loire ;</line></par>
<par>
<line>VU l'avis réputé favorable de la chambre d'agriculture ;</line></par>
<par>
<line>VU le dossier adressé à la Préfecture le 17 juin 2011 pour être soumis à enquête publique ;</line></par>
<par>
<line>VU l'arrêté préfectoral n° DIPPAL-B3-2011/139 du 7 juillet 2011 prescrivant l'enquête publique relative</line>
<line>au projet d'établissement d'un Plan de Prévention du Risque Inondation (P .P.R .1.) de la Semène sur la</line>
<line>commune de Saint Férréol d'Auroure du 29 août 2011 au 29 septembre 2011 inclus ;</line></par>
<par>
<line>VU la délibération du 27 septembre 2010 du Conseil Municipal de Saint Férréol d'Auroure ;</line></par>
<par>
<line>VU l'avis favorable émis le 6 octobre 2011 par le commissaire enquêteur ;</line></par>
<par>
<line>Considérant que les résultats de ladite enquête ne nécessitent pas de modification du dossier ;</line></par>
<par>
<line>SUR proposition du Directeur Départemental des Territoires ;</line></par>
</text>
</block>





</page>
<page width="1659" height="2337" resolution="199">
<block><region><rect/></region>
<text>
<par>
<line>ARRETE;</line></par>
</text>
</block>
<block><region><rect/></region>
<text>
<par>
<line>ARTICLE 1er : Est approuvé, tel qu’il est aimexé au présent arrêté, le Plan de Prévention du Risque</line>
<line>Inondation (PPRI) de La Semène sur la commune de Saint Férréol d'Auroure.</line></par>
</text>
</block>
<block><region><rect/></region>
<text>
<par>
<line>ARTICLE 2 ; Le présent arrêté fera l’objet d'une mention au recueil des actes administratifs de la</line>
<line>Préfecture ainsi que dans im journal diffusé dans le département.</line></par>
<par>
<line>ARTICLE 3 ; Une copie du présent arrêté sera affichée à la mairie de Saint Férréol d'Auroure et au</line>
<line>siège de la commimauté de communes Loire et Semène pendant une durée minimum de 1 mois.</line></par>
<par>
<line>ARTICLE 4 : Le Plan de Prévention du Risque Inondation sera tenu à la disposition du public :</line></par>
<par>
<line>— à la Préfecture de la Haute-Loire,</line></par>
<par>
<line>— à la Direction Départementale des Territoires,</line></par>
<par>
<line>— à la Mairie de Saint Férréol d'Auroure,</line></par>
<par>
<line>— au siège de la communauté de communes Loire et Semène.</line></par>
<par>
<line>ARTICLE 5 : Le présent arrêté sera notifié à :</line></par>
<par>
<line>— M. le Maire de Saint Férréol d’Auroure,</line></par>
<par>
<line>— M. le Président de la communauté de communes Loire et Semène,</line></par>
<par>
<line>— M. le Directeur Départemental des Territoires,</line></par>
<par>
<line>— M. le Directeur Régional de l'Environnement, de l'Aménagement et du Logement d'Auvergne,</line></par>
<par>
<line>— Mme le Ministre de l'Ecologie, du Développement Durable, des Transports et du Logement.</line></par>
<par>
<line>ARTICLE 6 : Le présent PPRI valant servitude d'utilité publique sera aimexé au document d'urbanisme</line>
<line>de la commune de Saint Férréol d'Auroure qui sera mis à jour conformément aux dispositions prévues à</line>
<line>l'article R 162,2 du code de l'urbanisme.</line></par>
<par>
<line>ARTICLE 7 : Le Secrétaire Général de la Préfecture de la Haute-Loire, le Sous-Préfet d'Yssingeaux, le</line>
<line>Directeur des Services du Cabinet, le Maire de Saint Férréol d'Auroure, le Président de la communauté</line>
<line>de communes Loire et Semène et le Directeur Départemental des Territoires sont chargés, chacun en ce</line>
<line>qui le concerne, de l'exécution du présent arrêté.</line></par>
</text>
</block>
<block><region><rect/></region>
<text>
<par>
<line>Au PUY EN VELAY, le 26 octobre 2011</line></par>
<par>
<line>Pour le Préfet f</line></par>
<par>
<line>et par délégation</line>
<line>Le Secrétaire Général,</line></par>
</text>
</block>
















</page>
</PM1>