<?xml version="1.0" encoding="UTF-8"?><PM1>
<page width="1654" height="2340" resolution="200">
<block><region><rect/></region>
<text>
<par>
<line>REPUBLIQUE FRANÇAISE</line></par>
</text>
</block>
<block><region><rect/></region>
<text>
<par>
<line>PREFECTURE DE CORSE</line>
<line>CABINET DU PREFET</line></par>
</text>
</block>
<block><region><rect/></region>
<text>
<par>
<line>ARRETE N° û ^ û ^ 9 o</line></par>
</text>
</block>
<block><region><rect/></region>
<text>
<par>
<line>Approuvant !e Plan de Prévention des Risques d'inondation</line>
<line>sur le territoire des communes de LECCÏ - SAN GAVÏNO DI CARBINI</line></par>
<par>
<line>et PORTO-VECCHIO</line></par>
<par>
<line>" BASSIN VERSANT DE L'OSU"</line></par>
</text>
</block>
<block><region><rect/></region>
<text>
<par>
<line>LE PREFET DE CORSE, PREFET DE LA CORSE DU SUD, OFFICIER DE LA</line>
<line>LEGION DVONNEUR,</line></par>
<par>
<line>VU la loi n”87.565 du 22 Juillet 1987 relative à l'organisation de la sécurité civile, à la</line>
<line>protection de la forêt contre l'incendie et à la prévention des risques majeurs et</line>
<line>notamment ses articles 40.1 à 40.7,</line></par>
<par>
<line>VU la loi n^QS.IOI du 2 Février 1995 relative au renforcement de la protection de</line>
<line>l'environnement, modifiant la loi 87.565 du 22.07.87 précitée,</line></par>
<par>
<line>VU le programme de prévention contre les inondations liées au ruissellement pluvial</line>
<line>urbain et aux crues torrentielles réalisé en 1994 par le Ministère de l'Environnement</line>
<line>pour la Corse du Sud,</line></par>
<par>
<line>VU le programme 1994 - 1998 de la cartographie réglementaire des risques naturels</line>
<line>prévisibles répertoriant le bassin versant de i'OSU comme bassin prioritaire de</line>
<line>risque,</line></par>
<par>
<line>VU l'arrêté préfectoral n“96.0506 du 9 Avril 1996 prescrivant l'établissement d'un</line>
<line>plan de prévention des risques d'inondation sur le territoire des communes de LECCI</line>
<line>SAN GAViNI D! CARBINI et PORTO-VECCHIO,</line></par>
<par>
<line>VU l'étude hydraulique réalisée par le bureau d'études SAFEGE en 1996, complétée</line>
<line>en 1999 ayant conduit à la délimitation des zones inondables dans le bassin versant</line>
<line>de I’OSU</line></par>
<par>
<line>VU les lettres de consultation des Maires de LECCI, SAN GAVINO DI CARBINI et</line>
<line>PORTO-VECCHIO en date du 11 Septembre 2000 ,</line></par>
</text>
</block>
<block><region><rect/></region>
<text>
<par>
<line>DDE,S.-\UH/ü.V20i'</line></par>
</text>
</block>
</page>
<page width="1662" height="2346" resolution="200">
<block><region><rect/></region>
<text>
<par>
<line>vu l'avis du Conseil Municipal de SAN GAVINI D! CARBINI exprimé par délibération</line>
<line>en date du 8 Octobre 2000,</line></par>
<par>
<line>VU l'avis du conseil municipal de PORTO VECCHIO, exprimé par délibération en</line>
<line>date du 28 Novembre 2000,</line></par>
<par>
<line>VU l'avis de la Chambre Départementale d'Agriculture de la Corse du Sud en date</line>
<line>du 4 Décembre 2000,</line></par>
<par>
<line>VU l'avis du Centre Régional de la propriété forestière en date du 27 Octobre 2000,</line></par>
<par>
<line>VU l'arrêté préfectoral en date du 11 Septembre 2000 prescrivant l'ouverture d'une</line>
<line>enquête publique relative au projet de plan de prévention des risques d'inondation</line>
<line>dans le bassin versant de l'OSU,</line></par>
<par>
<line>VU le rapport et l'avis favorable du Commissaire Enquêteur,</line></par>
</text>
</block>
<block><region><rect/></region>
<text>
<par>
<line>ARRETE</line></par>
</text>
</block>
<block><region><rect/></region>
<text>
<par>
<line>ARTICLE 1_2 Le plan de prévention des risques d'inondation du bassin versant de</line>
<line>l'OSU est approuvé tel qu'il est annexé au présent arrêté.</line></par>
<par>
<line>ARTICLE 2 - Le présent arrêté fera l'objet d'une mention au recueil des actes</line>
<line>administratifs de l’Etat dans le département ainsi que dans deux journaux régionaux</line>
<line>ou locaux diffusés dans le département.</line></par>
<par>
<line>De même, une copie de cet arrêté sera affichée pendant un mois dans les mairies</line>
<line>des communes de LECCI, SAN GAVINO DI CARBINI ET DE PORTO-VECCHIO sur</line>
<line>le territoire desquelles le plan est applicable.</line></par>
<par>
<line>Le pian approuvé sera tenu à la disposition du public en préfecture et dans chaque</line>
<line>mairie concernée. Cette mesure de publicité fera l'objet d'une mention avec les</line>
<line>publications de l'affichage prévus aux alinéas précédents.</line></par>
</text>
</block>
<block><region><rect/></region>
<text>
<par>
<line>DDE. S.AUH/L'.Ay20l'</line></par>
</text>
</block>
</page>
<page width="1693" height="2367" resolution="200">
<block><region><rect/></region>
<text>
<par>
<line>ARTICLE 3 -_IV1M. Le Sous-Préfet, Directeur de Cabinet, les Maires de LECCI, SAN</line>
<line>GAVINO DI CARBINl et de PORTO-VECCHIO, sont chargés chacun en ce qui le</line>
<line>concerne de l'exécution du présent arrêté dont ampliation sera adressée à</line>
<line>Messieurs</line></par>
<par>
<line>- Le Sous-Préfet de SARTENE</line></par>
<par>
<line>- Le Sous-Préfet, Secrétaire Général de la Préfecture</line></par>
<par>
<line>- Le Directeur Régional et Départemental de l'Equipement</line></par>
<par>
<line>- Le Directeur Départemental Adjoint au Directeur Régional de l'Agriculture et de la</line>
<line>Forêt, chargé des affaires départementales</line></par>
<par>
<line>- Le Directeur Régional de l'Environnement</line></par>
<par>
<line>- Le Directeur Régional de l'Industrie et de la Recherche</line></par>
<par>
<line>- Le Chef du Service Départemental d'incendie et de Secours de la Corse du Sud.</line></par>
</text>
</block>
<block><region><rect/></region>
<text>
<par>
<line>Fait à AJACCIO, le</line>
<line>LE PREFET,</line></par>
</text>
</block>
<block><region><rect/></region>
<text>
<par>
<line>LACROIX</line></par>
</text>
</block>
<block><region><rect/></region>
<text>
<par>
<line>PcMjr Ampliacîon</line>
<line>Pour le Préfet et par Délégation</line></par>
</text>
</block>
<block><region><rect/></region>
<text>
<par>
<line>DDE SALK-VA/20i'</line></par>
</text>
</block>
</page>
</PM1>