<?xml version="1.0" encoding="UTF-8"?><PM1>
<page width="2433" height="3463" resolution="300">
<block><region><rect/></region>
<text>
<par>
<line>Liberlé • Égalité • Fraternité</line></par>
<par>
<line>République Française</line></par>
</text>
</block>
<block><region><rect/></region>
<text>
<par>
<line>PRÉFECTURE DES ALPES-MARITIMES</line></par>
</text>
</block>
<block><region><rect/></region>
<text>
<par>
<line>DIRECTION</line></par>
<par>
<line>DÉPARTEMENTALE DE</line>
<line>L'AGRICULTURE</line>
<line>ET DE LA FORÊT^^</line></par>
<par>
<line>SERVICE</line></par>
<par>
<line>ENVIRONNEMENT</line>
<line>FORET AMENAGEMENT</line></par>
</text>
</block>
<block><region><rect/></region>
<text>
<par>
<line>ARRETE 2007 - 28</line></par>
<par>
<line>Portont approbation du plan de prévention des risques naturels prévisibles</line>
<line>d'incendies de foret de la commune de Peymeinade</line></par>
</text>
</block>
<block><region><rect/></region>
<text>
<par>
<line>Le Préfet des Alpes-Maritimes</line>
<line>Officier de la Légion d'honneur</line>
<line>Officier de l'Ordre national du Mérite,</line></par>
</text>
</block>
<block><region><rect/></region>
<text>
<par>
<line>Vu le code de l'environnement et notamment les articles L562-1 à L562-5 relatifs aux</line>
<line>plans de prévention des risques naturels prévisibles, les articles L123-1 et suivants ainsi</line>
<line>que RI23-1 et suivants relatifs à la procédure et au déroulement de l'enquête publique.</line></par>
<par>
<line>Vu le décret n° 95-1089 du 5 octobre 1995 modifié, relatif aux plans de prévention des</line>
<line>risques naturels prévisibles.</line></par>
<par>
<line>Vu le code forestier et notamment Livre 3 Titre II,</line></par>
<par>
<line>Vu l'arrêté préfectoral en date du 13 juin 1997 prescrivant l'élaboration du plan de</line>
<line>prévention des risques naturels prévisibles d'incendies de forêt sur le territoire de la</line>
<line>commune de Peymeinade,</line></par>
<par>
<line>Vu l'arrêté préfectoral du 12 mai 2006 prescrivant l'enquête publique sur le plan de</line>
<line>prévention des risques naturels prévisibles d'incendie de forêt de la commune de</line>
<line>Peymeinade,</line></par>
<par>
<line>Vu les lettres en date du 11 avril 2006 transmettant le projet de plan de prévention des</line>
<line>risques naturels prévisibles d'incendie de forêt sur la commune de Peymeinade pour avis à</line>
<line>la commune de Peymeinade, au Conseil Régional de Provence-Alpes-Côte d'Azur, au Conseil</line>
<line>Général des Alpes-Maritimes, à la Chambre d'Agriculture des Alpes-Maritimes, au Centre</line>
<line>Régional de la Propriété Forestière de Provence-Alpes-Côte d'Azur et au Service</line>
<line>Départemental d'incendie et de Secours,</line></par>
<par>
<line>Vu l'avis défavorable de la Chambre d'Agriculture du 4 mai 2006,</line></par>
<par>
<line>Vu l'avis favorable du Service Départemental d'incendie et de Secours du 11 mai 2006,</line></par>
<par>
<line>Vu l'avis favorable du Conseil Municipal de la commune de Peymeinade, 12 mai 2006,</line></par>
<par>
<line>Vu les avis sans observations particulières du Conseil Régional de Provence-Alpes-Côte</line>
<line>d'Azur le 2 juin 2006, du Conseil Général des Alpes-Maritimes le 5 juillet 2006, et du</line>
<line>Centre Régional de la Propriété Forestière de Provence-Alpes-Côte d'Azur le 22 mai 2006</line></par>
<par>
<line>Vu le rapport et les conclusions du Commissaire-enquêteur,</line></par>
<par>
<line>Vu l'avis de la sous-commission départementale pour la sécurité contre les risques</line>
<line>d'incendie de forêt, lande, maquis et garrigue du 18 décembre 2006,</line></par>
<par>
<line>Considérant que les avis et les observations déposés lors de l'enquête publique justifient</line>
<line>des modifications du zonage et du règlement par rapport au projet de plan de prévention</line>
<line>des risques naturels prévisibles d'incendie de forêt soumis à l'enquête publique.</line></par>
</text>
</block>

</page>
<page width="2433" height="3463" resolution="300">
<block><region><rect/></region>
<text>
<par>
<line>ARRETE:</line></par>
</text>
</block>
<block><region><rect/></region>
<text>
<par>
<line>Article I Est approuvé le plan de prévention des risques naturels prévisibles</line>
<line>d'incendie de forêt sur la commune de Peymeinade tel qu'annexé au présent arrêté.</line></par>
<par>
<line>II II est tenu à la disposition du public :</line></par>
<par>
<line>&gt; A la mairie de Peymeinade tous les jours ouvrables aux heures habituelles d'ouverture de la</line>
<line>mairie,</line></par>
<par>
<line>&gt; A la Direction Départementale de l'Agriculture et de la Forêt des Alpes-Maritimes (centre</line>
<line>administratif départemental à Nice) aux heures d'ouverture de bureau,</line></par>
<par>
<line>III Ce plan de prévention des risques naturels prévisibles comporte :</line></par>
<par>
<line>&gt; Un rapport de présentation,</line></par>
<par>
<line>&gt; Un règlement,</line></par>
<par>
<line>&gt; Un plan de zonage,</line></par>
<par>
<line>&gt; Une carte de localisation des travaux obligatoires,</line></par>
<par>
<line>&gt; Une carte de l'aléa feux de forêt,</line></par>
<par>
<line>&gt; Une carte des enjeux d'occupation du sol,</line></par>
<par>
<line>&gt; Une carte des enjeux d'équipement (voiries).</line></par>
<par>
<line>Article 2 Le présent arrêté fera l'objet d'une mention au recueil des actes</line>
<line>administratifs du département ainsi que dans les deux journaux locaux ci-après désignés :</line>
<line>« Nice-Matin » et « Le Patriote Côte d'Azur ». Une copie de l'arrêté sera affichée en</line>
<line>mairie pendant un mois au minimum.</line></par>
<par>
<line>Article 3 Des copies du présent arrêté seront adressées à ;</line></par>
<par>
<line>M. le Maire de la commune de Peymeinade,</line></par>
<par>
<line>M. le Sous-Préfet de l'arrondissement de Grosse,</line></par>
<par>
<line>M. le Directeur du Service Interministériel de Défense et de Protection Civile,</line></par>
<par>
<line>Mme la Ministre de l'Ecologie et du Développement Durable,</line></par>
<par>
<line>M. le Président du Conseil Régional de Provence-Alpes-Côte d'Azur,</line></par>
<par>
<line>M. le Président du Conseil Général des Alpes-Maritimes,</line></par>
<par>
<line>M. le Directeur Régional de l'Environnement Provence-Alpes-Côte d'Azur,</line></par>
<par>
<line>M. le Président du Centre Régional de la Propriété Forestière,</line></par>
<par>
<line>M. le Directeur Départemental de l'Agriculture et de la Forêt,</line></par>
<par>
<line>M. le Président de la Chambre d'Agriculture des Alpes-Maritimes.</line></par>
<par>
<line>M. le Directeur Départemental de l'Equipement,</line></par>
<par>
<line>M. le Directeur du Service Départemental d'incendie et de Secours,</line></par>
<par>
<line>M. le Chef d'Agence de l'Office National des Forêts,</line></par>
<par>
<line>M. le Président de l'Association Départementale des Comités Communaux Feux de Forêts</line>
<line>des Alpes-Maritimes,</line></par>
</text>
</block>
<block><region><rect/><rect/></region>
<text>
<par>
<line>Nice, s /</line></par>
<par>
<line>Le Préfet des Alp^»'MWtimes</line></par>
<par>
<line>CA8^;!!^39/</line></par>
</text>
</block>
<block><region><rect/></region>
<text>
<par>
<line>Dommiqiji'e</line></par>
</text>
</block>





</page>
</PM1>