<?xml version="1.0" encoding="UTF-8"?><PM1>
<page width="2488" height="3514" resolution="300">
<block><region><rect/></region>
<text>
<par>
<line>Liberté • Égalité • Fraternité</line></par>
<par>
<line>République Française</line></par>
</text>
</block>
<block><region><rect/></region>
<text>
<par>
<line>PREFET DE L’OISE</line></par>
</text>
</block>
<block><region><rect/></region>
<text>
<par>
<line>Direction départementale</line>
<line>des Territoires de l’Oise</line></par>
<par>
<line>Service de l'Aménagement,</line>
<line>de l'Urbanisme et de l’Énergie</line></par>
</text>
</block>
<block><region><rect/></region>
<text>
<par>
<line>Arrêté préfectoral portant approbation du plan de prévention des risques inondation sur le bassin</line></par>
<par>
<line>versant de la Verse</line></par>
</text>
</block>
<block><region><rect/></region>
<text>
<par>
<line>Le Préfet de l’Oise</line>
<line>Chevalier de la Légion d’Honneur</line></par>
</text>
</block>
<block><region><rect/></region>
<text>
<par>
<line>Vu le code de l'environnement, notamment ses articles L.562-1 à L.562-9 et R562-1 à R562-10-2 relatifs aux</line>
<line>plans de prévention des risques naturels prévisibles ;</line></par>
<par>
<line>Vu le code de l’urbanisme et notamment les articles L 153-60 et R 153-18 ;</line></par>
<par>
<line>Vu le code de l’environnement notamment ses articles L 123-1 à L 123-19 et R 123-1 à R 123-6 définissant</line>
<line>et organisant la procédure des enquêtes publiques relatives aux opérations susceptibles d’affecter</line>
<line>l’environnement ;</line></par>
<par>
<line>Vu le décret modifié n° 95-1089 du 5 octobre 1995 relatif au Plan de Prévention des Risques Naturels</line>
<line>prévisibles ;</line></par>
<par>
<line>Vu le décret n°2004-374 du 29 avril 2004 modifié relatif aux pouvoirs des préfets, à l’organisation et à</line>
<line>l’action des services de l’Etat dans les régions et départements ;</line></par>
<par>
<line>Vu le décret n “2005-134 du 15 février 2005 relatif à l’infonnation des acquéreurs et des locataires de biens</line>
<line>immobiliers sur les risques naturels et technologiques majeurs ;</line></par>
<par>
<line>Vu l’aiTêté préfectoral du 26 décembre 2012 prescrivant l’établissement d’un plan de prévention des risques</line>
<line>inondations du bassin versant de la Verse, sur 32 communes ;</line></par>
<par>
<line>Vu l’arrêté préfectoral du 15 avril 2015 modifiant l’arrêté préfectoral du 26 décembre 2012 en ramenant à 26</line>
<line>le nombre de communes concernées ;</line></par>
<par>
<line>Vu l’aiTêté préfectoral du 16 décembre 2015 prescrivant une prorogation de délai pour l’élaboration du plan</line>
<line>de prévention des risques inondation sur le bassin versant de la Verse ;</line></par>
<par>
<line>Vu la décision du président du Tribunal administratif d’Amiens en date du 21 novembre 2016 portant</line>
<line>désignation de la commission d’enquête ;</line></par>
<par>
<line>Vu l’arrêté préfectoral du 7 décembre 2016 ordonnant le déroulement d’une enquête du 9 janvier au 11</line>
<line>février 2017, sur le projet ;</line></par>
<par>
<line>Vu le rapport, les conclusions et l’avis favorable de la commission d’enquête en date du 13 mars 2017 ;</line></par>
</text>
</block>
<block><region><rect/></region>
<text>
<par>
<line>DDT de l’Oise - 2, Boulevard Amyot d'inville - BP 20317 - 60021 Beauvais cedex</line>
<line>téléphone : 03 44 06 50 86- télécopie : 03 44 06 50 08</line>
<line>Courriel : ddt@oise.gouv.fr - Site Internet : www,,oise.gouv.fr</line></par>
</text>
</block>


</page>
<page width="2480" height="3508" resolution="300">
<block><region><rect/></region>
<text>
<par>
<line>Sur proposition du directeur départemental des Territoires de l’Oise ;</line></par>
</text>
</block>
<block><region><rect/></region>
<text>
<par>
<line>ARRÊTE</line></par>
</text>
</block>
<block><region><rect/></region>
<text>
<par>
<line>ARTICLE l‘0 Le plan de prévention des risques inondations du bassin versant de la Verse annexé au</line>
<line>présent arrêté est approuvé, sur l’ensemble des 26 communes concernées :</line></par>
<par>
<line>Beaugies-sous-Bois, Beaulieu-les-Fontaines, Beaurains-les-Noyon, Berlancourt, Bussy, Campagne,</line>
<line>Candor, Catigny, Grisolles, Ecuvilly, Fréniches, Frétoy-le-Château, Genvry, Guiscard, Lagny,</line>
<line>Le-Plessis-Patte-d’Oie, Maucourt, Morlincourt, Muirancourt, Noyon, Porquericourt, Quesmy, Salency,</line>
<line>Sermaize, Vauchelles et Villeselve.</line></par>
<par>
<line>ARTICLE 2 : Le plan de prévention des risques inondations du bassin versant de la Verse comprend</line>
<line>les documents suivants :</line></par>
<par>
<line>• la note de présentation,</line></par>
<par>
<line>• le règlement</line></par>
<par>
<line>• le zonage réglementaire.</line></par>
<par>
<line>ARTICLE 3 : En application de l’article L 562-4 du code de l’environnement le plan de prévention des</line></par>
<par>
<line>risques inondations du bassin versant de la Verse approuvé vaut servitude d’utilité publique et</line>
<line>s’imposera aux autorisations d’urbanisme.</line></par>
<par>
<line>ARTICLE 4 : Le présent arrêté sera affiché, pendant une durée minimum d’un mois, dans toutes les</line>
<line>mairies concernées visées à l’article 1 du présent arrêté et aux sièges des communautés de communes du</line>
<line>Pays Noyonnais et du Pays des Sources.</line></par>
<par>
<line>Mention de cet affichage est insérée, par les soins du Préfet dans deux journaux diffusés dans tout le</line>
<line>département. L’accomplissement de cet affichage sera certifié par les maires concernés et les présidents</line>
<line>de communauté de communes concernés par le projet.</line></par>
<par>
<line>ARTICLE 5 : Le présent arrêté fera l’objet d’une publication au Recueil des Actes Administratifs de la</line>
<line>préfecture de l’Oise.</line></par>
<par>
<line>ARTICLE 6 : Le plan de prévention des risques inondations du bassin versant de la Verse approuvé est</line>
<line>tenu à la disposition du public, aux jours et heures habituelles d’ouverture des bureaux :</line></par>
<par>
<line>• dans chaque mairie concernée</line></par>
<par>
<line>• au siège de la Communauté de Communes du Pays Noyonnais</line></par>
<par>
<line>• au siège de la Communauté de Communes du Pays des Sources</line></par>
<par>
<line>• à la Préfecture de l’Oise</line></par>
<par>
<line>• à la direction départementale des Territoires de l’Oise.</line></par>
<par>
<line>Il est également disponible par voie électronique sur le site internet de la préfecture de l’Oise</line>
<line>fwww.oise.gouv.fr').</line></par>
</text>
</block>
<block><region><rect/></region>
<text>
<par>
<line>ARTICLE 7 : Les informations numériques géoréférencées relatives au zonage réglementaire du plan</line>
<line>de prévention des risques inondations du bassin versant de la Verse sont conformes au présent PPR</line>
<line>approuvé.</line></par>
<par>
<line>ARTICLE 8 : Il appartiendra à chaque commune concernée de réaliser un Plan Communal de</line>
<line>Sauvegarde (PCS) dans le délai de 2 ans à compter de la date d’approbation du présent arrêté.</line></par>
</text>
</block>
<block><region><rect/></region>
<text>
<par>
<line>2</line></par>
</text>
</block>











</page>
<page width="2480" height="3508" resolution="300">
<block><region><rect/></region>
<text>
<par>
<line>ARTICLE 9 : Dans un délai de 2 mois à compter de la publication du présent arrêté, les recours</line>
<line>suivants peuvent être introduits en recommandé avec accusé de réception :</line></par>
<par>
<line>- soit un recours gracieux, adressé à M. le Préfet de l’Oise, 1 place de la préfecture,</line>
<line>60 022 BEAUVAIS Cedex,</line></par>
<par>
<line>- soit un recours hiérarchique, adressé à M. le Ministre de la Transition écologique et</line>
<line>solidaire - Direction Générale de la Prévention des Risques - Arche de la Défense - Paroi</line>
<line>Nord - 92 055 LA DÉFENSE Cedex,</line></par>
<par>
<line>- soit un recours contentieux en saisissant le Tribunal Administratif d’Amiens, 14 rue</line>
<line>Lemerchier 80 000 AMIENS.</line></par>
<par>
<line>ARTICLE 10 : Le secrétaire général de la préfecture de l’Oise, la directrice de cabinet du préfet de</line>
<line>l’Oise, le président de la communauté de communes du Pays Noyonnais, le président de la communauté</line>
<line>de communes du Pays des Sources, les maires des 26 communes concernées, le directeur départemental</line>
<line>des Territoires de l’Oise, sont chargés, chacun en ce qui le concerne, de l’exécution du présent aiTêté.</line></par>
</text>
</block>
<block><region><rect/></region>
<text>
<par>
<line>Fait à BEAUVAIS, le 0:1 SEP« 2017</line></par>
</text>
</block>
<block><region><rect/></region>
<text>
<par>
<line>3</line></par>
</text>
</block>


</page>
<page width="2480" height="3508" resolution="300">



</page>
</PM1>