<?xml version="1.0" encoding="UTF-8"?><PM1>
<page width="2479" height="3504" resolution="300">
<block><region><rect/></region>
<text>
<par>
<line>mm</line></par>
<par>
<line>Ubert^^^^alil^^^ratern^</line></par>
<par>
<line>RÉPUBLIQUE Française</line></par>
<par>
<line>PRÉFECTURE</line></par>
<par>
<line>DES PYRÉNÉES-ATLANTIQUES</line></par>
</text>
</block>
<block><region><rect/></region>
<text>
<par>
<line>REFER : PC/3 - 2003/349</line></par>
<par>
<line>Arrêté préfectoral n° : 2003/216-5</line></par>
</text>
</block>
<block><region><rect/></region>
<text>
<par>
<line>SERVICE</line></par>
<par>
<line>INTERMINISTERIEL</line>
<line>DE LA DEFENSE ET</line>
<line>DE LA PROTECTION CIVILES</line></par>
</text>
</block>
<block><region><rect/></region>
<text>
<par>
<line>ARRETE</line></par>
<par>
<line>approuvant le Plan de Prévention du Risque d'inondation de la</line>
<line>commune d’ARTIX</line></par>
</text>
</block>
<block><region><rect/></region>
<text>
<par>
<line>Le Préfet des Pyrénées-Atlantiques,</line></par>
<par>
<line>Chevalier de la Légion d'Honneur,</line></par>
<par>
<line>VU la loi n°87-565 du 22 juillet 1987, relative à l'organisation de la Sécurité Civile, à</line>
<line>la protection de la forêt contre l'incendie et à la prévention des risques majeurs, notamment</line>
<line>ses articles 40.1 à 40.7 issus de la loi n° 95-101 du 2 février 1995 ;</line></par>
<par>
<line>VU le décret n°95 -1089 du 5 octobre 1995, relatif aux plans de prévention des</line>
<line>risques naturels prévisibles ;</line></par>
<par>
<line>VU l'arrêté préfectoral du 19 octobre 1998, prescrivant l'établissement d'un plan de</line>
<line>prévention du risque d'inondation (P.P.R.I.) sur la Commune d’ARTIX;</line></par>
<par>
<line>VU l'arrêté préfectoral n° 2003/114-7 du 24 avril 2003 prescrivant l'ouverture d'une</line>
<line>enquête publique sur le plan de prévention du risque d’inondation de la commune d’ARTIX ;</line></par>
<par>
<line>VU les délibérations du Conseil municipal du 15 mars 2002 et du 13 juin 2003, la</line>
<line>lettre du 16 janvier 2003 du maire d’Artix, la lettre du Préfet du 19 février 2003 ,</line></par>
<par>
<line>VU l’avis de la Chambre d’Agriculture en date du 17 octobre 2002 ,</line></par>
<par>
<line>VU le procès - verbal de l'enquête publique qui s'est déroulée du 13 mai 2003 au 16</line>
<line>juin 2003 et à l'avis du Commissaire -enquêteur rendu le 19 juin 2003;</line></par>
<par>
<line>SUR proposition du directeur de Cabinet de la préfecture ; ^</line></par>
</text>
</block>
<block><region><rect/></region>
<text>
<par>
<line>ARRETE :</line></par>
<par>
<line>Article : I - est approuvé tel qu'il est annexé au présent arrêté, le plan de prévention du</line>
<line>risque d'inondation de la commune d’ARTIX.</line></par>
</text>
</block>
<block><region><rect/></region>
<text>
<par>
<line>Toute correspondance doit être adressée sous forme impersonnelle à Monsieur le Préfet des Pyrénées-Atlantiques</line>
<line>2. RUE MARÉCHAL JOFFRE 64021 PAU CEDEX. TEL. 0 821 80 30 64 - TÉLÉCOPIE 05 59 98 24 99</line></par>
</text>
</block>


</page>
<page width="2479" height="3504" resolution="300">
<block><region><rect/></region>
<text>
<par>
<line>II - le P.P.R.L comprend ; une note de présentation, un règlement,</line>
<line>une carte réglementaire au 1/5000®, d'une partie annexe</line>
<line>comprenant la carte des aléas, la carte des champs de vitesses et</line>
<line>des hauteurs d'eau au 1/5 000®, un plan de situation, les textes</line>
<line>réglementaires.</line></par>
<par>
<line>in - le P.P.R.L est tenu à la disposition du public</line>
<line>- à la mairie d’ARTIX</line></par>
<par>
<line>à la Direction Départementale de l'Equipement à Pau</line>
<line>à la Préfecture de Pau (S.I.D.P.C.et D.C.L.E.)</line></par>
<par>
<line>Article 2 ; Le présent arrêté sera publié au recueil des actes administratifs et mention en</line>
<line>sera faite dans les journaux ci-après désignés;</line></par>
<par>
<line>L'Eclair des Pyrénées et la République des Pyrénées</line></par>
<par>
<line>Une copie de l'arrêté d'approbation sera affichée à la mairie pendant un mois au</line>
<line>minimum. Cette mesure de publicité sera justifiée par un certificat du maire et un</line>
<line>exemplaire des journaux sera annexé au dossier.</line></par>
<par>
<line>Article 3 : Des ampliations seront adressées à :</line></par>
<par>
<line>M.M. le secrétaire général de la préfecture, le maire d’ARTIX, le directeur</line>
<line>départemental de l'équipement. Madame la ministre de l'écologie et du développement</line>
<line>durable.</line></par>
<par>
<line>Article 4 : MM. Le secrétaire général, le directeur de cabinet, le maire d’ARTIX, le</line>
<line>directeur départemental de l'équipement sont chargés, chacun en ce qui le concerne, de</line>
<line>l'exécution du présent arrêté.</line></par>
</text>
</block>
<block><region><rect/><rect/></region>
<text>
<par>
<line>Fait à Pau, le !J ^Qy|</line>
<line>XeJEtéfet^</line></par>
</text>
</block>
<block><region><rect/></region>
<text>
<par>
<line>-■-rre DARTOUT</line></par>
</text>
</block>





</page>
</PM1>