<?xml version="1.0" encoding="UTF-8"?><PM1>
<page width="1651" height="2335" resolution="200">
<block blockType="Table" blockName="" l="94" t="73" r="882" b="342"><region><rect/></region>
<row>
<cell leftBorder="White" topBorder="White" rightBorder="White" bottomBorder="White" width="276" height="66">
<text>
<par>
<line>direction</line></par>
</text></cell>
<cell leftBorder="White" topBorder="White" bottomBorder="White" width="257" height="66">
<text>
<par>
<line>Service</line></par>
</text></cell>
<cell topBorder="White" rightBorder="White" bottomBorder="White" width="255" height="66">
<text>
<par>
<line>finnaii '..</line></par>
</text></cell></row>
<row>
<cell leftBorder="White" topBorder="White" rightBorder="White" bottomBorder="White" width="276" height="26">
<text>
<par>
<line>départementale</line></par>
</text></cell>
<cell leftBorder="White" topBorder="White" bottomBorder="White" width="257" height="26">
<text>
<par>
<line>des Risques</line></par>
</text></cell>
<cell topBorder="White" rightBorder="White" bottomBorder="White" width="255" height="26">
<text>
<par/>
</text></cell></row>
<row>
<cell leftBorder="White" topBorder="White" rightBorder="White" bottomBorder="White" width="276" height="25">
<text>
<par>
<line>de l'Equipement</line></par>
</text></cell>
<cell leftBorder="White" topBorder="White" bottomBorder="White" width="257" height="25">
<text>
<par>
<line>et de la Sécurité</line></par>
</text></cell>
<cell topBorder="White" rightBorder="White" bottomBorder="White" width="255" height="25">
<text>
<par>
<line>Risques il 4a te</line></par>
</text></cell></row>
<row>
<cell leftBorder="White" topBorder="White" rightBorder="White" bottomBorder="White" width="276" height="152">
<text>
<par>
<line>de l'Agriculture</line>
<line>et de la Forêt</line>
<line>des landes</line></par>
</text></cell>
<cell leftBorder="White" topBorder="White" bottomBorder="White" width="257" height="152">
<text>
<par/>
</text></cell>
<cell topBorder="White" rightBorder="White" bottomBorder="White" width="255" height="152">
<text>
<par>
<line>y</line></par>
</text></cell></row>
</block>
<block><region><rect/></region>
<text>
<par>
<line>Plan de Prévention</line>
<line>des Risques Inondation</line></par>
<par>
<line>sur le secteur de</line></par>
<par>
<line>Saint Jean de Lier</line>
<line>Gousse</line></par>
<par>
<line>4 - Arrêté d’Approbation</line></par>
</text>
</block>
<block><region><rect/></region>
<text>
<par>
<line>PPRI approuvé le, MAI 2009</line></par>
</text>
</block>
<block><region><rect/></region>
<text>
<par>
<line>• h'rmrfnni</line></par>
<par>
<line>RRPUDLIQ,UE FftAaSÇAiSR</line></par>
</text>
</block>
<block><region><rect/></region>
<text>
<par>
<line>ministère de l'Écologie</line>
<line>du Développement</line>
<line>et de l'Aménagement</line>
<line>durables</line></par>
</text>
</block>
<block><region><rect/><rect/></region>
<text>
<par>
<line>%tiénne (^üS^T</line></par>
</text>
</block>
<block><region><rect/></region>
<text>
<par>
<line>mars 2009</line></par>
</text>
</block>



<block blockType="Picture" blockName="" l="668" t="1970" r="714" b="2014"><region><rect/></region>
</block>
<block blockType="Picture" blockName="" l="94" t="73" r="882" b="342"><region><rect/></region>
</block>
</page>
<page width="1659" height="2341" resolution="200">
<block><region><rect/><rect/></region>
<text>
<par>
<line>Libmé ■ ÉgAtité &lt; Praundii</line></par>
<par>
<line>RÉruBUQpB Française</line></par>
</text>
</block>
<block><region><rect/></region>
<text>
<par>
<line>PRÉFECTURE DES LANDES</line></par>
<par>
<line>Direction Départementale de l'Équipement et de l’Agriculture des Landes</line>
<line>DDEA/SRS/PRD/2009 n°57</line></par>
</text>
</block>
<block><region><rect/></region>
<text>
<par>
<line>Arrêté</line></par>
<par>
<line>approuvant le</line></par>
<par>
<line>Plan de Prévention du Risque Inondation (P.P.R.I.)</line>
<line>sur les communes de Gousse et Saint Jean de Lier</line></par>
</text>
</block>
<block><region><rect/></region>
<text>
<par>
<line>Le Préfet des Landes,</line>
<line>Chevalier de l'Ordre National du Mérite,</line></par>
</text>
</block>
<block><region><rect/></region>
<text>
<par>
<line>Vu le Code de l’Environnement et notamment ses articles L 562-1 à L 562-9, R 562-1 à</line>
<line>562-10,</line></par>
<par>
<line>Vu la loi n° 2003-699 du 30 juillet 2003 relative à la prévention des risques technologiques</line>
<line>et naturels et à la réparation des dommages,</line></par>
<par>
<line>Vu le SDAGE Adour Garonne approuvé le 6 Août 1996,</line></par>
<par>
<line>Vu l’arrêté préfectoral du 28 septembre 2004 prescrivant l’élaboration du Plan de</line>
<line>Prévention des Risques Inondation (P.P.R.I.) sur les communes de Gousse et Saint Jean</line>
<line>de Lier,</line></par>
<par>
<line>Vu le bilan de la concertation établie préalablement à l’enquête publique,</line></par>
<par>
<line>Vu les observations formulées lors de l'enquête publique prescrite par arrêtés</line>
<line>préfectoraux en date du 29 septembre 2008 et du 20 octobre 2008, le rapport d’enquête</line>
<line>publique, les conclusions motivées et l'avis défavorable du Commissaire enquêteur en</line>
<line>date du 15 janvier 2009,</line></par>
<par>
<line>Vu l'avis de la Communauté de communes du canton de Montfort en date du 01 octobre</line>
<line>2008,</line></par>
<par>
<line>Vu l’avis réputé favorable du Centre Régional de la Propriété Forestière,</line></par>
<par>
<line>Vu l'avis de la Chambre d'Agriculture des Landes en date du 21 mars 2008,</line></par>
<par>
<line>Vu les délibérations municipales de la commune de Gousse en date du 21 février 2008</line>
<line>et du 23 octobre 2008, donnant des avis défavorable sur le projet de PPRI,</line></par>
<par>
<line>Vu les délibérations municipales de la commune de Saint Jean de Lier en date du 28</line>
<line>mars 2008 et du 7 novembre 2008, donnant l’une un avis défavorable et l’autre un avis</line>
<line>réservé sur le projet de PPRI,</line></par>
<par>
<line>Sur proposition du Directeur Départemental de l'Équipement et de l’Agriculture des</line>
<line>Landes,</line></par>
</text>
</block>

</page>
<page width="1658" height="2340" resolution="200">
<block><region><rect/></region>
<text>
<par>
<line>ARRÊTE :</line></par>
</text>
</block>
<block><region><rect/></region>
<text>
<par>
<line>ARTICLE 1</line></par>
<par>
<line>Le Plan de Prévention des Risques Inondation des communes de Gousse et Saint Jean</line>
<line>de Lier est approuvé tel qu’ii est annexé au présent arrêté.</line></par>
<par>
<line>ARTICLE 2</line></par>
<par>
<line>Le présent arrêté sera notifié à :</line></par>
<par>
<line>Madame le Maire de Gousse,</line></par>
<par>
<line>Monsieur le Maire de Saint Jean de Lier,</line></par>
<par>
<line>Madame la Présidente de la communauté de communes du canton de Montfort,</line></par>
<par>
<line>ARTICLE 3</line></par>
<par>
<line>L'arrêté sera publié au Recueil des Actes Administratifs des Services de l'Etat dans le</line>
<line>département des Landes et fera l'objet d’une publicité dans un journal local diffusé dans</line>
<line>le département en vue d’informer les populations.</line></par>
<par>
<line>L'arrêté sera affiché en Mairie des communes et au siège de la communauté de</line>
<line>communes du canton de Montfort et les annexes tenues à disposition du public.</line></par>
<par>
<line>ARTICLE 4</line></par>
<par>
<line>Madame le Maire de Gousse,</line></par>
<par>
<line>Monsieur le Maire de Saint Jean de Lier,</line></par>
<par>
<line>Madame la Présidente de la communauté de communes du canton de Montfort,</line></par>
<par>
<line>M. le Directeur Départemental de l'Equipement et de l’Agriculture des Landes,</line></par>
<par>
<line>sont chargés, chacun en ce qui le concerne, de l'exécution du présent arrêté dont</line>
<line>ampliation sera adressée à :</line></par>
<par>
<line>Mme la Directrice Départementale des Affaires Sanitaires et Sociales des Landes,</line></par>
<par>
<line>M. le Président de la Chambre d’Agricuiture des Landes,</line></par>
<par>
<line>M, le Directeur du Centre Régional de la Propriété Forestière,</line></par>
<par>
<line>M. le Directeur Régional de l'Environnement.</line></par>
<par>
<line>ARTICLE 5</line></par>
<par>
<line>Le présent arrêté pourra faire l'objet d'un recours pour excès de pouvoir devant le</line>
<line>tribunal administratif de Pau dans un délai de 2 mois à compter de la date d'opposabilité</line>
<line>du document (publication au recueil des actes administratifs du département, mesures</line>
<line>de publicité).</line></par>
</text>
</block>
<block><region><rect/></region>
<text>
<par>
<line>Fait à Mont de Marsan, le S ^ F</line></par>
</text>
</block>
<block><region><rect/></region>
<text>
<par>
<line>LE PRÉFET,</line></par>
</text>
</block>










</page>
</PM1>