<?xml version="1.0" encoding="UTF-8"?><PM1>
<page width="2621" height="3603" resolution="300">
<block><region><rect/><rect/></region>
<text>
<par>
<line>Lihtrii * Égalité * FrûttFnM</line>
<line>RÉPUBUCSJE française</line></par>
<par>
<line>PRÉFECTURE DE VAUCLUSE</line></par>
</text>
</block>
<block><region><rect/></region>
<text>
<par>
<line>Arrêté préfectoral</line></par>
<par>
<line>wPii !)-_ 3,o_ 0 g,^0 _ PJÎirp</line></par>
<par>
<line>PORTANT APPROBATION DU PLAN DE PRÉVENTION DES RISQUES INONDATION DU BASSIN SUD</line>
<line>OÜEST DU MONT VENTOUX SUR LA COMMUNE DE MODENE</line></par>
<par>
<line>Le préfet de Vaucluse</line>
<line>Chevalier de la légion d'honneur</line></par>
</text>
</block>
<block><region><rect/></region>
<text>
<par>
<line>Vu le code de T environnement, et notamment ses articles L 562-1 à L 562-9</line></par>
<par>
<line>Vu le code de Turbanisme ;</line></par>
<par>
<line>Vu le code de la constmction et de l’habitation et notamment son chapitre VI et son article R. 126.1 ;</line></par>
<par>
<line>Vu la loi n° 2003-699 du 30 juillet 2003 relative à la prévention des risques technologiques et</line>
<line>naturels et à la prévention des dommages;</line></par>
<par>
<line>Vu la loi n°2004-811 du 13 août 2004 relative à la modernisation delà sécurité civile ;</line></par>
<par>
<line>Vu le décret n°95-1089 du 5 octobre 1995 modifié relatif aux plans de prévention des risques</line>
<line>naturels prévisibles;</line></par>
<par>
<line>Vu l’aiTêté préfectoral n°2629 du 26 octobre 2000 modifié prescrivant l'établissement d’tm Pian de</line>
<line>prévention des Risques naturels prévisibles d'inondation sur les communes du bassin veraant Sud-</line>
<line>Ouest du mont Ventoux ;</line></par>
<par>
<line>Vu l'arrêté préfectoral n° SI 2007-02-23-0260-PREF, portant application anticipée de certaines</line>
<line>dispositions du projet de plan de Prévention des Risques Naturels d’inondation du bassm sud-Ouest du</line>
<line>mont Ventoux sur la commune de Modène;</line></par>
<par>
<line>Vu le dossier soumis à l’enquête publique qui s’est déroulée dü 15 janvier au 15 février 2007;</line></par>
<par>
<line>Vu le rapport et les conclusions de la commission d’enquête en date du 11 mai 2007,</line></par>
<par>
<line>Vu l'avis du conseil municipal de Modène du 28 septembre 2006;</line></par>
<par>
<line>Vu l’avis du Syndicat mixte Comtat-Ventoux en date du 25 octobre 2006 ;</line></par>
<par>
<line>Va l’avis de la Chambre d’Agriculture de Vaucluse, en date du 26 octobre 2006 ;</line></par>
<par>
<line>Vu l’avis du Conseil Général de Vaucluse, en date du 20 octobre 2006 ;</line></par>
<par>
<line>Vu l’avis du Centre Régional de la propriété forestière, en date du 20 novembre 2006 ;</line></par>
<par>
<line>Vu l’avis du Service Départemental d’hicendie et de Secours, en date du 10 novembre 2006 ;</line></par>
<par>
<line>Considérant les risques d’inondation par débordement, ruissellement et rupture de digues sur les coiu’s</line>
<line>d’eau du bassin Sud-Ouest du Mont-Ventoux : Auzon, Grande-Levade, Mède, Brégoux et leurs</line>
<line>principaux affluents,</line></par>
<par>
<line>Considérant les risques graves pour les personnes et les biens engendrés par ces inondations,</line></par>
</text>
</block>
<block><region><rect/></region>
<text>
<par>
<line>Le counier doit être adressé &amp; M. le Préfet sous fbnne impersoiuielle</line>
<line>B4905 AVIGNON Cede.'&lt;'09 - Téléphone 04 90 16 84 S4 • Télécopie 04 90 B6 20 76 - lateraef r wiwvatirJiwo</line></par>
</text>
</block>
<block><region><rect/></region>
<text>
<par>
<line>1</line></par>
</text>
</block>

</page>
<page width="2490" height="3512" resolution="300">
<block><region><rect/></region>
<text>
<par>
<line>Considérant la nécessité de limiter les nouvelles constructions dans les zones à risque ainsi que de</line>
<line>conserver les capacités d’expansion des champs d’inondation afin de ne pas aggraver ces risques à</line>
<line>l’aval.</line></par>
<par>
<line>Considérant les conclusions de la commission d’enquête, l’avis qu’elle a formulé et ses</line>
<line>recommandations,</line></par>
<par>
<line>Cousidérant les modifications mineures de zonage et de règlement apportées suites aux</line>
<line>recommandations de la commission d'enquête et aux nouvelles visites sur le terrain;</line></par>
<par>
<line>Considérant qu'il revient au représentant de l'Etat la responsabilité d'assurer la sécurité de la</line>
<line>population et qu'il est tenu de ce fait d'édicter des mesures de prévention, de protection et de</line>
<line>sauvegarde;</line></par>
<par>
<line>Sur proposition du Secrétaire Gén&amp;al de la Préfecture,</line></par>
<par>
<line>ARRÊTE</line></par>
</text>
</block>
<block><region><rect/></region>
<text>
<par>
<line>Article 1er :</line></par>
<par>
<line>Le Plan de Prévention des Risques inondation du bassin versant Sud-Ouest du mont Ventoux, constitué</line>
<line>des documents annexés ci-joints (rapport de présentation, règlement, cartes réglementaires et cartes</line>
<line>d’aléa) est approuvé par le présent arrêté sur le territoire de la commune de Modène.</line></par>
<par>
<line>Article 2 :</line></par>
<par>
<line>Le Plan de Prévention des Risques inondation vaut servitude d’utilité publique opposable à toute</line>
<line>personne publique ou privée. A ce titre, il sera annexé au Plan Local d’Uibanisme ou Plan</line>
<line>d’Occupation des Sols de la commune concernée, conformément à l’article L 126-1 du code de</line>
<line>r Urbanisme,</line></par>
<par>
<line>Article 3 :</line></par>
<par>
<line>L’arrêté préfectoral n°SI2007-02-23-0260'PREF portant application anticipée de certaines dispositions</line>
<line>du projet de plan de Prévention des Risques Naturels d’inondation du bassin sud-Ouest du mont</line>
<line>Ventoux sur la commune de Modène est abrogé.</line></par>
<par>
<line>AiUcle 4 :</line></par>
<par>
<line>Le Plan de Prévention des Risques inondation approuvé est tenu à la disposition du public en mairie de</line>
<line>Modène et au siège du Syndicat mixte Comtat-Ventoux ainsi qu'en Préfecture, direction des relations</line>
<line>avec les collectivités locales et de l'environnement.</line></par>
<par>
<line>Article S t</line></par>
<par>
<line>Des copies du présent arrêté seront adressées :</line></par>
<par>
<line>- au maire de la commune de Modène</line></par>
<par>
<line>- au Président du Syndicat Mixte Comtat-Ventoux,</line>
<line>à Madame le Sous-préfet de Carpentras,</line></par>
<par>
<line>au Directeur Départemental de l’Agriculture et de la Forêt de Vaucluse,</line></par>
<par>
<line>- au Directeur Départemental de l’Equipement de Vaucluse,</line></par>
<par>
<line>- au Directeur de la Prévention des Pollutions et des Risques du ministère de l’Ecologie,</line>
<line>du Développement et de l’Aménagement Durables</line></par>
<par>
<line>- au Directeur Régional de l’Industrie, de la Recherche et de rEnvironnemeut,</line>
<line>au Directeur Régional de rEnvironnement,</line></par>
<par>
<line>au Directeur Départemental des Services d’incendie et de Secours.</line></par>
</text>
</block>
<block><region><rect/></region>
<text>
<par>
<line>2</line></par>
</text>
</block>





</page>
<page width="2498" height="3518" resolution="300">
<block><region><rect/></region>
<text>
<par>
<line>Article 6;</line></par>
<par>
<line>Le présent arrêté peut faire l’objet d’un recours contentieux devant le tribunal administratif de Nîmes</line>
<line>dans un délai de deux mois à compter de sa publication.</line></par>
<par>
<line>Article 7 :</line></par>
<par>
<line>Le secrétaire général de la préfecture de Vaucluse, le Sous-préfet de Carpentras, le maire de Modène.</line>
<line>le Président du Syndicat Mixte Comtat-Ventoux, le Directeur Départemental de l’Agriculture et de la</line>
<line>forêt et le directeur départemental de l'équipement sont chargés, chacun en ce qui le concerne, de</line>
<line>l’exécution du présent arrêté qui sera publié au recueil des Actes Administratifs de la Préfectm'e, ainsi</line>
<line>que dans un journal diffusé dans le département de Vaucluse.</line></par>
<par>
<line>Une copie de T arrêté sera affchée dans la mairie concernée, ainsi qu'au siège du Syndicat mixte</line>
<line>Comtat-Ventoux, pendant une durée d’un mois minimum. Un procès verbal constatant</line>
<line>l'accomplissement de cette formalité devra être adressé en préfecture.</line></par>
</text>
</block>
<block><region><rect/><rect/></region>
<text>
<par>
<line>Avignon, le 3 O JIJIL 2007</line></par>
<par>
<line>Le Préfet,</line></par>
</text>
</block>
<block><region><rect/></region>
<text>
<par>
<line>_jiMgnea-Fj</line></par>
</text>
</block>
<block><region><rect/></region>
<text>
<par/>
</text>
</block>
<block><region><rect/></region>
<text>
<par>
<line>3</line></par>
</text>
</block>





</page>
</PM1>