<?xml version="1.0" encoding="UTF-8"?><PM1>
<page width="2378" height="3399" resolution="300">
<block><region><rect/></region>
<text>
<par>
<line>Liberté • Égalité • Fratemfté</line>
<line>RÉPLTBUQLTE FRANÇ.-USE</line></par>
</text>
</block>
<block><region><rect/></region>
<text>
<par>
<line>PRÉFECTURE DE LA DRÔME</line></par>
</text>
</block>
<block><region><rect/></region>
<text>
<par>
<line>Valence, le</line></par>
</text>
</block>
<block><region><rect/></region>
<text>
<par>
<line>DIRECTION DES COLLECnvriES</line>
<line>PUBLIQUES ET DE</line>
<line>L’ENVIRONNEMENT</line>
<line>Bureau de la ProtectioQ de</line>
<line>l’Environnement</line></par>
</text>
</block>
<block><region><rect/></region>
<text>
<par>
<line>AFFAIRE SUIVIE PAR:</line></par>
<par>
<line>Jocelyne GARNIER</line></par>
<par>
<line>TEL.: 04.75.79.28 71</line>
<line>FAX: 04 75 79 29 49</line>
<line>MEL :</line></par>
<par>
<line>joceIyne.gamier@drome.preCgouv.fr</line></par>
</text>
</block>
<block><region><rect/></region>
<text>
<par>
<line>ARRÊTÉ 11°</line></par>
<par>
<line>portant approbation du Plan de Prévention des Risques Naturels -Inondation</line>
<line>du bassin versant du LEZ, sur le territoire de la commune de Bouchet</line></par>
</text>
</block>
<block><region><rect/></region>
<text>
<par>
<line>Le Préfet de la DRÔME</line>
<line>Chevalier de la Légion d'Honneur</line>
<line>Chevalier de l'Ordre National du Mérite</line></par>
</text>
</block>
<block><region><rect/></region>
<text>
<par>
<line>VU le Code de l’Environnement et notamment ses articles L. 562-1 et suivants,</line></par>
<par>
<line>VU le Code de TUrbanisme,</line></par>
<par>
<line>VU la loi n° 2004-811 du 13 août 2004 de modernisation de la sécurité civile,</line></par>
<par>
<line>VU le décret n° 95-1089 du 5 octobre 1995 modifié relatif aux plans de prévention des</line>
<line>risques naturels prévisibles,</line></par>
<par>
<line>VU l’arrêté interpréfectoral (Drôme-Vaucluse) n° 1858 du 8 août 2000 modifié par</line>
<line>l’arrêté interpréfectoral n°06-6161 du 30 novembre 2006 prescrivant un plan de prévention des</line>
<line>risques d’inondation liés aux crues du Lez,</line></par>
<par>
<line>VU l’arrêté préfectoral n° 05-0225 du 14 janvier 2005 prescrivant la révision du plan de</line>
<line>prévention des risques d’inondation liés aux crues du Lez sur la commune de Bouchet,</line></par>
<par>
<line>VU l’arrêté interpréfectoral (Drôme-Vauchise) du 3 mars 2005 portant ouverture d’une</line>
<line>enquête publique relative au plan de prévention des risques d’inondation sur le bassin versant du Lez,</line>
<line>dans la commune de Bouchet,</line></par>
</text>
</block>
<block><region><rect/></region>
<text>
<par>
<line>3, boulevard Vauban - 26030 VALENCE Cédex 9 - Téléphone : 80 30 26 - Télécopie : 04 75 42 87 55</line></par>
</text>
</block>


</page>
<page width="2368" height="3392" resolution="300">
<block><region><rect/></region>
<text>
<par>
<line>vu les délibérations du conseil municipal de Bouchet des 10 janvier et 29 mars 2005,</line></par>
<par>
<line>VU l’avis du Service Départemental d’incendie et de Secours de la Drôme du 17 janvier</line></par>
<par>
<line>2005,</line></par>
<par>
<line>VU l’avis du Centre Régional de la propriété forestière du 10 février 2005,</line></par>
<par>
<line>VU l’avis de la Chambre d’Agriculture de la Drôme du 21 février 2005,</line></par>
<par>
<line>VU l’avis de la Direction Régionale de l’Environnement du 22 février2005,</line></par>
<par>
<line>VU l’avis du Syndicat des Vignerons des Côtes du Rhône du 11 juillet 2005,</line></par>
<par>
<line>VU le rapport et les conclusions de la Commission d’enquête du 23 décembre 2005,</line></par>
<par>
<line>VU les rapports d’analyse de juin et octobre 2006 de la Direction Départementale de</line>
<line>l’Equipement en réponse à chacune des observations de la commission d’enquête et du conseil</line>
<line>municipal de Bouchet,</line></par>
</text>
</block>
<block><region><rect/></region>
<text>
<par>
<line>Considérant la volonté de prise en compte, dans le cadre de la concertation avec la</line>
<line>commime de Bouchet, d’enjeux locaux par la création d’une zone particulière dite zone Ra (secteur</line>
<line>d’aléa faible de la zone d’expansion des crues) permettant la création de bâtiments techniques</line>
<line>nécessaires aux exploitations agricoles et l’extension mesurée des bâtiments d’habitation ainsi que la</line>
<line>prise en compte des nécessités de modification des bâtiments industriels et artisanaux.</line></par>
<par>
<line>Considérant que la création de la zone Ra interdisant l’implantation de nouvelles</line>
<line>habitations sur le secteur d’expansion des crues, à préserver obhgatoirement conformément à la</line>
<line>réglementation, tout en permettant l’implantation de bâtiments nécessaires à l’activité agricole</line>
<line>existante permet de conciher les activités actuelles avec les nécessités d’apphcation d’un zonage</line>
<line>réglementaire.</line></par>
<par>
<line>Considérant que le secteur de l’Hérin (zone d’expansion des crues de l’Hérin et du canal</line>
<line>des Moulins) a feit l’objet d’une étude hydraulique précise, que les conséquences de la crue de 1993</line>
<line>entraînant de nombreuses ruptures de digues montrent bien qu’il s’agit d’un secteur à risque (lit</line>
<line>perché bordé de digues de protection en mauvais état) et que les vérifications opérées sur le terrain</line>
<line>confirment la pertinence du zonage envisagé et de l’aléa dans les conditions actuelles de propagation</line>
<line>de la crue de référence (crue centennale).</line></par>
<par>
<line>Considérant que le plan de prévention des risques d’inondation ne peut anticiper sur</line>
<line>l’installation future d’un système d’alerte inexistant à ce jour sur le Lez et que, de plus, ce type de</line>
<line>dispositif doit permettre d’améliorer la sécurité de l’existant mais ne peut favoriser un accroissement</line>
<line>volontaire des personnes et des biens exposés aux risques.</line></par>
</text>
</block>
<block><region><rect/></region>
<text>
<par>
<line>Considérant que le plan de prévention des risques inondation de la commime de Bouchet</line>
<line>est conforme aux objectifs de préservation des vies humaines, de réduction de la vulnérabilité et par</line>
<line>voie de conséquence de réduction des coûts des dommages liés à une inondation clairement exprimés</line>
<line>dans la circulaire du 30 avril 2002 du ministère de l’aménagement du territoire et de</line>
<line>r environnement.</line></par>
</text>
</block>
</page>
<page width="2379" height="3400" resolution="300">
<block><region><rect/></region>
<text>
<par>
<line>Considérant ainsi que le règlement contient des mesures de prévention et de sauvegarde</line>
<line>conformes à la doctrine nationale du ministère de l’écologie et du développement durable limitant au</line>
<line>mieux les effets d’rme crue centennale,</line></par>
</text>
</block>
<block><region><rect/></region>
<text>
<par>
<line>Sm la proposition de M. le Secrétaire Général de la préfecture de la Drôme,</line></par>
<par>
<line>ARRETE</line></par>
<par>
<line>ARTICLE</line></par>
<par>
<line>Le Plan de Prévention des Risques Naturels d’inondations liés aux crues du</line>
<line>Lez sur la commune de Bouchet est approuvé.</line></par>
<par>
<line>ARTICLE 2 ;</line></par>
<par>
<line>Le plan de prévention des risques naturels d’inondations comprend les pièces</line></par>
<par>
<line>annexées suivantes;</line></par>
<par>
<line>-la note de présentation</line></par>
<par>
<line>-la carte de zonage réglementaire</line></par>
<par>
<line>-le règlement</line></par>
<par>
<line>Sont également annexés, à titre d’information ;</line></par>
<par>
<line>-les documents graphiques</line></par>
<par>
<line>-la carte de synthèse des cartographies réglementaires du bassin versant</line></par>
<par>
<line>du Lez</line></par>
</text>
</block>
<block><region><rect/></region>
<text>
<par>
<line>ARTICLE 3 :</line></par>
<par>
<line>Le Plan de Prévention des Risques Naturels d’inondations, sur le territoire de</line>
<line>la commxme de Bouchet, est tenu à la disposition du public aux jours et heures ouvrables à la mairie</line>
<line>de Bouchet ainsi que dans les locaux de la Préfecture de la Drôme à Valence (bureau de la protection</line>
<line>de l’environnement).</line></par>
</text>
</block>



</page>
<page width="2376" height="3398" resolution="300">
<block><region><rect/></region>
<text>
<par>
<line>ARTICLE 4 :</line></par>
</text>
</block>
<block><region><rect/></region>
<text>
<par>
<line>Le présent arrêté sera publié au Recueil des Actes Administratifs de la</line>
<line>Préfecture et mention en sera faite dans un journal diËRisé dans le département.</line></par>
<par>
<line>L’arrêté sera également afiSché pendant un mois au minimum à la mairie de</line>
<line>Bouchet et porté à la connaissance du public par tout autre procédé en usage dans cette commune.</line>
<line>Ces mesures de publicité seront justifiées par un certificat du maire de la commune.</line></par>
</text>
</block>
<block><region><rect/></region>
<text>
<par>
<line>ARTICLE 5 :</line></par>
<par>
<line>Le présent arrêté peut faire l’objet d’im recours contentieux devant le Tribunal</line>
<line>Administratif de Grenoble dans un délai de deux mois à compter de sa publication.</line></par>
</text>
</block>
<block><region><rect/></region>
<text>
<par>
<line>ARTICLE 6 :</line></par>
<par>
<line>Le Secrétaire Général de la Préfecture de la Drôme, le Sous-Préfet de Nyons,</line>
<line>le Directeur Départemental de l’Equipement, le Maire de la commune de Bouchet sont chargés,</line>
<line>chacim en ce qui le concerne, de l’exécution du présent arrêté.</line></par>
</text>
</block>
<block><region><rect/><rect/></region>
<text>
<par>
<line>Fait à Valence, le * ^</line>
<line>Le Préfet,</line></par>
</text>
</block>
<block><region><rect/></region>
<text>
<par>
<line>vfifih</line></par>
</text>
</block>




</page>
</PM1>