<?xml version="1.0" encoding="UTF-8"?><PM1>
<page width="2524" height="3536" resolution="300">
<block><region><rect/><rect/></region>
<text>
<par>
<line>Liberté * Égalité • Fraternité</line></par>
<par>
<line>république Française</line></par>
</text>
</block>
<block><region><rect/></region>
<text>
<par>
<line>PRÉFECTURE</line></par>
<par>
<line>DES PYRÉNÉES-ATLANTIQUES</line></par>
<par>
<line>REFER : PC/3 - 2004/656</line></par>
<par>
<line>Arrêté préfectoral n° 2004/327-5</line></par>
</text>
</block>
<block><region><rect/></region>
<text>
<par>
<line>SERVICE</line></par>
<par>
<line>INTERMINISTERIEL</line>
<line>DELA DEFENSE ET</line>
<line>DELA PROTECTIONCIVILES</line></par>
</text>
</block>
<block><region><rect/></region>
<text>
<par>
<line>ARRETE</line></par>
<par>
<line>approuvant le Plan de Prévention des Risques d'inondations de la</line></par>
<par>
<line>commune de GAN</line></par>
</text>
</block>
<block><region><rect/></region>
<text>
<par>
<line>Le Préfet des Pyrénées-Atlantiques,</line></par>
<par>
<line>Officier de la Légion dHoimeur,</line></par>
<par>
<line>VU la loi n°87-565 du 22 juillet 1987, relative à l'organisation de la Sécurité Civile, à</line>
<line>la protection de la forêt contre l'incendie et à la prévention des risques majeurs, notamment</line>
<line>ses articles 40.1 à 40.7 issus de la loi n° 95-101 du 2 février 1995 et modifiée par la loi n°</line>
<line>2003-633 du 30 juillet 2003 relative à la prévention des risques technologiques et naturel et</line>
<line>à la réparation des dommages ;</line></par>
<par>
<line>VU le décret n°95 -1089 du 5 octobre 1995, relatif aux plans de prévention des</line>
<line>risques naturels prévisibles ;</line></par>
<par>
<line>VU l’arrêté préfectoral pris en date du 28 juin 2001, approuvant le plan de</line>
<line>prévention du risque d’inondation de la commune de Gan ,</line></par>
<par>
<line>VU l'arrêté préfectoral n° 2004/167-6 en date du 15 juin 04 prescrivant la révision du</line>
<line>plan de prévention des risques de la commune de Gan;</line></par>
<par>
<line>VU l’arrêté préfectoral n° 2004/218-4 prescrivant une enquête publique portant sur la</line>
<line>révision du plan de prévention du risque d’inondation de la commune de Gan ,</line></par>
<par>
<line>VU la délibération du Conseil municipal en date du 23 juin 2004;</line></par>
<par>
<line>VU le procès - verbal de l'enquête publique à laquelle il a été procédé du 26 août</line>
<line>2004 au 28 septembre 2004 et à l'avis du Commissaire -enquêteur en date du 1“ octobre</line>
<line>2004;</line></par>
</text>
</block>
<block><region><rect/></region>
<text>
<par>
<line>SUR proposition du directeur de Cabinet de la préfecture ,</line></par>
<par>
<line>ARRETE :</line></par>
<par>
<line>Article 1®'' : I - est approuvé tel qu'il est annexé au présent arrêté, le Plan de Prévention du</line>
<line>Risque d'inondation de la commune de GAN.</line></par>
</text>
</block>
<block><region><rect/></region>
<text>
<par>
<line>Touie correspondance doit être adressée sons forme impersonnelle à Monsieur le Préfet des Pyrénées-Atlantiques</line></par>
<par>
<line>2, RUE MARECHAL JOFFRE 64021 PAU CEDEX. TÉL. 0 821 80 30 64 - TÉLÉCOPIE 05 59 98 24 99</line>
<line>courrier((^pyrenees-atlant]ques.pref.gauv.fr - site internet : www.pyrenees-atlantiques.prefgouv.fr</line></par>
</text>
</block>


</page>
<page width="2479" height="3504" resolution="300">
<block><region><rect/></region>
<text>
<par>
<line>n - l’arrêté préfectoral pris en date du 28 juin 2001 susvisé est abrogé</line>
<line>ainsi que le plan de prévention du risque d’inondation qui lui est annexé.</line></par>
<par>
<line>DI - le P.P.R.I. comprend : un rapport de présentation, un règlement,</line>
<line>une carte réglementaire au 1/5000®, d'une partie annexe</line>
<line>comprenant la carte de l'aléa hydrologique au 1/5 000®, un plan</line>
<line>de situation, les textes réglementaires.</line></par>
<par>
<line>IV - le P.P.R.I. est tenu à la disposition du public</line>
<line>à la mairie de Gan</line></par>
<par>
<line>à la Direction Départementale de l'Equipement</line>
<line>- à la Préfecture de Pau (S.I.D.P.C. et D.C.L.E.)</line></par>
<par>
<line>Article 2 ; Le présent arrêté sera publié au Recueil des Actes administratifs et mention</line>
<line>en sera faite dans les journaux ci-après désignés;</line></par>
<par>
<line>L'Eclair des Pyrénées et la République des Pyrénées</line></par>
<par>
<line>Une copie de l'arrêté d'approbation sera afiBchée à la mairie de Gan pendant un mois</line>
<line>au minimum. Cette mesure de publicité sera justifiée par un certificat du Maire et un</line>
<line>exemplaire des journaux sera annexé au dossier.</line></par>
<par>
<line>Article 3 ; Des ampliations seront adressées à ;</line></par>
<par>
<line>M.M. le secrétaire général de la préfecture de Pau, le maire de Gan, le directeur</line>
<line>départemental de l'équipement, le ministre de l'écologie et du développement durable.</line></par>
<par>
<line>Article 4 ; MM. le secrétaire général de la préfecture, le directeur de Cabinet, le maire</line>
<line>de Gan, le directeur départemental de l'équipement des Pyrénées-Atlantiques sont</line>
<line>chargés, chacun en ce qui le concerne, de l'exécution du présent arrêté.</line></par>
</text>
</block>
<block><region><rect/><rect/></region>
<text>
<par>
<line>Fait à Pau, le</line>
<line>Re^réfe</line></par>
</text>
</block>
<block><region><rect/></region>
<text>
<par>
<line>Philippe GREGOIRE</line></par>
</text>
</block>
</page>
</PM1>