<?xml version="1.0" encoding="UTF-8"?><PM1>
<page width="3317" height="2350" resolution="200">
<block><region><rect/></region>
<text>
<par>
<line>\</line></par>
<par>
<line>i</line></par>
</text>
</block>
<block><region><rect/></region>
<text>
<par>
<line>Libêrti * Égalité * Fraiarniié</line>
<line>RSPUBUQPS PRANÇAJSE</line></par>
</text>
</block>
<block><region><rect/></region>
<text>
<par>
<line>PREFECTURE DE CORSE</line></par>
</text>
</block>
<block><region><rect/></region>
<text>
<par>
<line>CABINET DU PREFET</line></par>
</text>
</block>
<block><region><rect/></region>
<text>
<par>
<line>ARRETE N°06-a'iSÊ</line></par>
<par>
<line>Approuvant le Plan de Prévention des Risques d’inondation</line>
<line>dans le bassin versant du «Frassu»</line>
<line>commune de Grosseto-Priigna</line></par>
</text>
</block>
<block><region><rect/></region>
<text>
<par>
<line>LE PREFET DE CORSE, PREFET DE LA CORSE DU SUD,</line>
<line>OFFICIER DE LA LEGION D’HONNEUR,</line>
<line>OFFICIER DE L’ORDRE NATIONAL DU MERITE</line></par>
</text>
</block>
<block><region><rect/></region>
<text>
<par>
<line>VU la-loi n° 2004-811 du 13 août 2004 de modernisation de la sécurité civile abrogeant la loi</line>
<line>n° 87.56^ du 22 juillet 1987 relative à l’organisation de la sécurité civile, à la protection de la forêt</line>
<line>contre l’incendie et à la prévention des risques majeurs,</line></par>
<par>
<line>VU la loi n° 95.101 du 2 février 1995 relative au renforcement de la protection de</line>
<line>l’environnement, modifiant la loi 87.565 du 22.07.87 précitée,</line></par>
<par>
<line>VU la loi 2003-699 du 30juillet 2003 relative à la prévention des risques technologiques et</line>
<line>naturels et à la réparation des dommages, et ses décrets d’application,</line></par>
<par>
<line>VU l’arrêté du 7 août 2003 prescrivant l’établissement d’un plan de prévention des risques</line>
<line>d’inondation sur une partie du territoire de la commune de Grosseto-Prugna- (secteur de</line>
<line>Porticcio), dans le bassin versant du « Frassu»,</line></par>
<par>
<line>VU l’étude hydrogéomorphologique réalisée en 2003 dans le cadre de l’établissement de l’Atlas</line>
<line>des zones inondables de la région Corse (étude Carex Environnement ) et l’étude hydraulique</line>
<line>réalisée en 2003 par le bureau d’études BRL Ingénierie ayant permis d’évaluer le risque</line>
<line>inondation dans le bassin versant du « Frassu »</line></par>
<par>
<line>VU le projet de plan de prévention des risques établi sur la base de ces études,</line></par>
<par>
<line>VU l’avis du conseil municipal de Grosseto-Prugna exprimé par délibération en date du</line>
<line>23 Mars 2005 sur le projet de plan,</line></par>
<par>
<line>VU l’avis de la Chambre Départementale d’Agriculture de la Corse du Sud en date du 3 Mars 2005,</line></par>
<par>
<line>VU l’avis du Centre Régional de la Propriété Forestière en date du 24 janvier 2005,</line></par>
<par>
<line>VU l’arrêté préfectoral en date du 17 mai 2005, prescrivant l’ouverture d’une enquête publique</line>
<line>relative au projet de plan de prévention des risques d’inondation dans le bassin versant du</line>
<line>«Frassu»,</line></par>
<par>
<line>VU le rapport et les conclusions du Commissaire enquêteur remis le 14 décembre 2005,</line></par>
<par>
<line>Sur proposition de M. le Sous-Préfet, Directeur de Cabinet,</line></par>
</text>
</block>



</page>
<page width="1667" height="2349" resolution="200">
<block><region><rect/></region>
<text>
<par>
<line>2/2</line></par>
</text>
</block>
<block><region><rect/></region>
<text>
<par>
<line>ARRETE</line></par>
</text>
</block>
<block><region><rect/></region>
<text>
<par>
<line>Article 1 -</line></par>
<par>
<line>Le plan de prévention des risques d’inondation dans le bassin versant du « Frassu», couvrant une</line>
<line>partie du territoire de la commune de Grosseto-Prugna -secteur de Porticcio- , est approuvé tel</line>
<line>qu’il est annexé au présent arrêté . Ce plan est constitué :</line></par>
<par>
<line>- d’une note de présentation du PPRi,</line></par>
<par>
<line>- d’une carte de zonage réglementaire au l/5000ème,</line></par>
<par>
<line>- d’un règlement du PPRi.</line></par>
<par>
<line>Article 2 -</line></par>
<par>
<line>Le présent arrêté fera l’objet d’une mention au recueil des actes administratifs de l’Etat dans le</line>
<line>département ainsi que dans deux journaux régionaux ou locaux diffusés dans le département .De</line>
<line>même, une copie de cet arrêté sera affichée pendant un mois en mairie de Grosseto-Prugna , sur le</line>
<line>territoire de laquelle le plan approuvé est applicable.</line></par>
<par>
<line>Le plan approuvé sera tenu à la disposition du public en préfecture et en mairie.</line></par>
<par>
<line>Cette mesure de publicité fera l’objet d’une mention avec les publications de l’affichage prévues à</line>
<line>l’alinéa précédent.</line></par>
<par>
<line>Article 3 -</line></par>
<par>
<line>M. le Sous-Préfet, Directeur de Cabinet, Mme le Maire de Grosseto-Prugna sont chargés, chacun</line>
<line>en ce qui le concerne, de l'exécution du présent arrêté dont ampliation sera adressée à :</line></par>
<par>
<line>- M. le Sous-Préfet, Secrétaire Général de la Préfecture</line></par>
<par>
<line>- M. le Directeur Régional et Départemental de l’Equipement</line></par>
<par>
<line>- M. le Directeur Départemental Adjoint au Directeur Régional de l’Agriculture et de la Forêt,</line>
<line>chargé des affaires départementales</line></par>
<par>
<line>- Mme la Directrice Régionale de l’Industrie, de la Recherche et de l’Environnement</line></par>
<par>
<line>- M. le Chef du Service Départemental d’incendie et de Secours de la Corse du Sud</line></par>
</text>
</block>
<block><region><rect/><rect/><rect/><rect/></region>
<text>
<par>
<line>Fait à Ajaccio, le 0 9 FEV. 2006</line>
<line>LE PREFET,</line></par>
</text>
</block>
<block><region><rect/></region>
<text>
<par>
<line>U</line></par>
</text>
</block>
<block><region><rect/></region>
<text>
<par/>
</text>
</block>
<block><region><rect/></region>
<text>
<par/>
</text>
</block>
<block><region><rect/></region>
<text>
<par/>
</text>
</block>
<block><region><rect/></region>
<text>
<par/>
</text>
</block>
<block><region><rect/></region>
<text>
<par/>
</text>
</block>
<block><region><rect/></region>
<text>
<par/>
</text>
</block>
<block><region><rect/></region>
<text>
<par>
<line>U</line></par>
</text>
</block>
<block><region><rect/></region>
<text>
<par/>
</text>
</block>
<block><region><rect/></region>
<text>
<par/>
</text>
</block>
<block><region><rect/></region>
<text>
<par/>
</text>
</block>
<block><region><rect/></region>
<text>
<par/>
</text>
</block>
<block><region><rect/></region>
<text>
<par>
<line>2*</line></par>
</text>
</block>
<block><region><rect/></region>
<text>
<par/>
</text>
</block>



</page>
</PM1>