<?xml version="1.0" encoding="UTF-8"?><PM1>
<page width="2479" height="3504" resolution="300">
<block><region><rect/></region>
<text>
<par>
<line>Liberté • Egalité • Fraternité</line></par>
<par>
<line>République Française</line></par>
</text>
</block>
<block><region><rect/></region>
<text>
<par>
<line>PRÉFECTURE</line></par>
<par>
<line>DES PYRÉNÉES-ATLANTIQUES</line></par>
</text>
</block>
<block><region><rect/></region>
<text>
<par>
<line>ARRETE PREFECTORAL n° 2005/217-1</line></par>
</text>
</block>
<block><region><rect/></region>
<text>
<par>
<line>INTERMINISTERIEL</line>
<line>DE LA DEFENSE ET</line>
<line>DELA PROTECTION CIVILES</line></par>
</text>
</block>
<block><region><rect/></region>
<text>
<par>
<line>ARRETE</line></par>
<par>
<line>approuvant le Plan de Prévention du Risque d'inondation</line>
<line>de la commune de BORDES</line></par>
<par>
<line>_(Gave de Pau et Lagoin)_</line></par>
</text>
</block>
<block><region><rect/></region>
<text>
<par>
<line>Le Préfet des Pyrénées-Atlantiques</line></par>
<par>
<line>Chevalier de la Légion d'Honneur,</line></par>
<par>
<line>VU le code de l’environnement, articles L123-1, L123-4, L562-1 L562-9 ;</line></par>
<par>
<line>VU le décret n°95-1089 du 5 octobre 1995 modifié, relatif aux plans de</line>
<line>prévention des risques naturels prévisibles;</line></par>
<par>
<line>VU l’arrêté préfectoral du 12 décembre 2001 approuvant le plan de prévention</line>
<line>du risque d’inondation (partie Gave de Pau) de la commune de BORDES ;</line></par>
<par>
<line>VU l’arrêté préfectoral n° 2004/314-12 du 9 novembre 2004, prescrivant la</line>
<line>révision du plan de prévention du risque d’inondation (P.P.R.I.) de la commune</line>
<line>de BORDES (intégration Lagoin et révision Gave de Pau) ;</line></par>
<par>
<line>VU l’arrêté préfectoral n° 2005/117-6 du 27 avril 2005 prescrivant l’ouverture</line>
<line>d’une enquête publique sur le plan de prévention du risque d’inondation de la</line>
<line>commune de BORDES (Lagoin et révision Gave de Pau) ;</line></par>
<par>
<line>VU la délibération en date du 18 février 2005 du conseil municipal et l’avis de</line>
<line>la chambre d’agriculture en date du 29 mars 2005</line></par>
<par>
<line>VU le procès-verbal de l’enquête publique qui s’est déroulée du 25 mai 2005 au</line>
<line>27 juin 2005 et à l’avis du commissaire-enquêteur rendu le 7 juillet 2005 ;</line></par>
<par>
<line>Sur proposition du directeur de Cabinet de la préfecture des Pyrénées-</line>
<line>Atlantiques;</line></par>
</text>
</block>
<block><region><rect/></region>
<text>
<par>
<line>ARRETE:</line></par>
<par>
<line>Article 1" : I - est approuvé tel qu’il est annexé au présent arrêté, le plan de</line>
<line>prévention du risque d’inondation de la commune de BORDES (Gave de Pau et Lagoin).</line>
<line>Il annule et remplace le PPRI approuvé le 12 décembre 2001.</line></par>
</text>
</block>
<block><region><rect/></region>
<text>
<par>
<line>Toute correspondance don être adressée sous forme impersonnelle à Monsieur le Préfet des Pyrénées-Atlantiques</line></par>
<par>
<line>2, RUE MARÉCHAL JÜFFRH 64021 PAU CEDEX. TEL. 0 821 80 30 64 - TÉLÉCOPIE 05 59 98 24 99</line>
<line>courrier/rtîpyrenee.s-atlantiques.pref.gouv .fr - .site internet : vvww.pyrenees-atlantiques.pref.gouwfr</line></par>
</text>
</block>


</page>
<page width="2487" height="3510" resolution="300">
<block><region><rect/></region>
<text>
<par>
<line>n - le PPRI comprend : un règlement, une carte réglementaire au</line>
<line>1/5000® , une partie annexe comprenant une note de présentation des modifications</line>
<line>prises en compte dans le présent plan de prévention des risques, un plan de situation,</line>
<line>une note de présentation, la carte des aléas, la carte des hauteurs d’eau et des champs</line>
<line>de vitesse au 1/5000*, la carte informative au 1/10 000*, les textes réglementaires.</line></par>
<par>
<line>m - le PPRI est tenu à la disposition du public</line>
<line>à la mairie de BORDES</line></par>
<par>
<line>- à la direction départementale de l’Equipement à PAU</line></par>
<par>
<line>- à la préfecture de PAU (SIDPC et DOLE)</line></par>
<par>
<line>Article 2 : Le présent arrêté sera publié au recueil des actes administratifs et mention</line>
<line>en sera faite dans les deux journaux ci-après désignés:</line></par>
<par>
<line>l'Eclair des Pyrénées - la République des Pyrénées</line></par>
<par>
<line>Une copie de l’arrêté d’approbation sera affichée à la mairie pendant un mois au</line>
<line>minimum. Cette mesure de publicité sera justifiée par un certificat du maire et un</line>
<line>exemplaire des journaux sera annexé au dossier</line></par>
<par>
<line>Article 3 : Des ampliations seront adressées à :</line></par>
<par>
<line>M. le secrétaire général de la préfecture, M. le maire de BORDES, M. le directeur</line>
<line>départemental de l’équipement. Madame la ministre de l'écologie et du développement</line>
<line>durable.</line></par>
<par>
<line>Article 4 : MM. le secrétaire général de la préfecture, le directeur de cabinet, le maire</line>
<line>de BORDES, le directeur départemental de l'équipement, sont chargés, chacun en ce</line>
<line>qui le concerne, de l’exécution du présent arrêté.</line></par>
</text>
</block>
<block><region><rect/></region>
<text>
<par>
<line>Fait à PAU le, ,5 Ê0||| 2Q05</line>
<line>Le Préfet,</line></par>
</text>
</block>
<block><region><rect/></region>
<text>
<par>
<line>CAB.ANE</line></par>
</text>
</block>


</page>
</PM1>