<?xml version="1.0" encoding="UTF-8"?><PM1>
<page width="2489" height="3514" resolution="300">
<block><region><rect/></region>
<text>
<par>
<line>Liberté • É^aîiti ^ Frûtêrnité</line></par>
<par>
<line>RÉPUBLIQ.UE Française</line></par>
</text>
</block>
<block><region><rect/></region>
<text>
<par>
<line>PRÉFET DE LA VIENNE</line></par>
</text>
</block>
<block><region><rect/></region>
<text>
<par>
<line>ARRETE N° 2015-DDT-875</line></par>
</text>
</block>
<block><region><rect/></region>
<text>
<par>
<line>Portant approbation du plan de prévention</line>
<line>du risque inondation de la vallée du Clain</line></par>
</text>
</block>
<block><region><rect/></region>
<text>
<par>
<line>La Préfête de la Région Poitou-Charentes</line>
<line>Préfête de la Vienne</line>
<line>Chevalier de la Légion d’honneur</line>
<line>OfQcier de l'Ordre National du Mérite</line></par>
</text>
</block>
<block><region><rect/></region>
<text>
<par>
<line>Direction Départementale des Territoires</line>
<line>de la Vienne</line></par>
</text>
</block>
<block><region><rect/></region>
<text>
<par>
<line>Vu le Code de l'environnement, plus particulièrement les articles L.562-1 et suivants et les articles R.562-1 et suivants</line>
<line>relatifs aux plans de prévention des risques naturels prévisibles ;</line></par>
<par>
<line>Vu le Code de Turbanisme ;</line></par>
<par>
<line>Vu la loi n° 95-101 du 2 février 1995 relative au renforcement de la protection de l'enviroimemenî,</line></par>
<par>
<line>Vu la loi n® 2003-699 du 30 juillet 2003 relative à la prévention des risques technologiques et naturels et à la réparation</line>
<line>des dommages ;</line></par>
<par>
<line>Vu le décret n° 95-1089 du 5 octobre 1995 relatif aux plans de prévention des risques naturels prévisibles modifié par le</line>
<line>décret n°2005-3 du 4 janvier 2005 et le décret n°2007-1467 du 12 octobre 2007 ;</line></par>
<par>
<line>Vu le décret n° 2011-765 du 28 juin 2011 relatif à la procédure d'élaboration, de révision et de modification des plans</line>
<line>de prévention des risques naturels prévisibles ;</line></par>
<par>
<line>Vu la circulaire du 3 juillet 2007 relative à la consultation des acteurs, la concertation avec la population et l’association</line>
<line>des collectivités territoriales dans les PPRN ;</line></par>
<par>
<line>Vu la circulaire du 28 novembre 2011 relative au décret n°2011-765 du 28 juin 2011 relatif à la procédure d'élaboration,</line>
<line>de révision et de modification des plans de prévention des risques naturels prévisibles ;</line></par>
<par>
<line>Vu l'arrêté préfectordl n°2003-DDE-410 du 19 décembre 2003 portant approbation du plan de prévention du risque</line>
<line>d'inondation et de mouvements de terrain de la vallée du Clain (PPRN vallée du Clain), modifié par l'arrêté préfectoral</line>
<line>n°2004-DDE-426 en date du 20 décembre 2004 et l'arrêté préfectoral n°2012-DDT-612 en date du 18 septembre 2012 ;</line></par>
<par>
<line>Vu l'arrêté préfectoral n°126/DREAL/2013 du 2 août 2013 portant décision d'examen au cas par cas en application de</line>
<line>l'article R. 122.18 du Code de l'environnement, relatif à l'élaboration du plan de prévention du risque inondation de la</line>
<line>vallée du Clain (issue de la révision du PPRN Multirisques de la vallée du Clain) ;</line></par>
</text>
</block>
</page>
<page width="2480" height="3507" resolution="300">
<block><region><rect/></region>
<text>
<par>
<line>Vu l'arrêté préfectoral n°2013/DDT/SPR/738 du 14 octobre 2013 portant prescription de la révision du plan de</line>
<line>prévention des risques naturels de la vallée du Clain volet inondation ;</line></par>
</text>
</block>
<block><region><rect/></region>
<text>
<par>
<line>Vu les avis favorables :</line></par>
<par>
<line>• de la commune de Chasseneuil-du-Poitou par délibération du 6 juin 2014,</line></par>
<par>
<line>• de la commune de Poitiers par délibération du 30 juin 2014,</line></par>
<par>
<line>• de la commune de Saint-Benoit par délibération du 30 juin 2014,</line></par>
<par>
<line>• de la commune de Buxerolles par délibération du 3 juillet 2014,</line></par>
<par>
<line>• de la commune de Ligugé par délibération du 7 juillet 2014,</line></par>
<par>
<line>• de la commune de Migné-Auxances par délibération du 10 juillet 2014,</line></par>
<par>
<line>■ de la commune de Saint-Georges-les-Baillai^eaux par délibération du 10 juillet 2014,</line></par>
<par>
<line>• de la commune de Smarves par délibération du 16 juillet 2014,</line></par>
<par>
<line>• de la communauté d’agglomération de Grand Poitiers par délibération du 27 juin 2014,</line></par>
<par>
<line>• de la Direction Régionale de l'Environnement, de l'Aménagement et du Logement du Poitou-Charentes en date</line>
<line>du 30 juin 2014,</line></par>
<par>
<line>• du Conseil Général de la Vieime en date du 18 juillet 2014 ;</line></par>
</text>
</block>
<block><region><rect/></region>
<text>
<par>
<line>Vu les avis réputés favorables ‘</line></par>
<par>
<line>‘ de la Chambre d'Agriculture en date du 22 juillet 2014,</line></par>
<par>
<line>• du Service Territorial de l'Architecture et du Patrimoine de la Vienne en date du 28 juillet 2014,</line></par>
<par>
<line>• du Conseil Régional Poitou-Charentes,</line></par>
<par>
<line>• du Service Départemental d'incendie et de Secours de la Vienne,</line></par>
<par>
<line>• du Centre Régional de la Propriété Forestière de Poitou-Charentes ;</line></par>
</text>
</block>
<block><region><rect/></region>
<text>
<par>
<line>Vu l'avis défiivorable de la commune de Jaunay-Clan par délibération du 4 juillet 2014 ;</line></par>
</text>
</block>
<block><region><rect/></region>
<text>
<par>
<line>Vu l'arrêté préfectoral n°2015-DRCLAJ/BUPPE-070 du 17 mars 2015 prescrivant l'ouverture d'une enquête publique</line>
<line>du 20 avril au 20 mai 2015 inclus relative au plan de prévention du risque inondation de la vallée du Clain sur les</line>
<line>communes de Smarves, Ligugé, Saint-Benoit, Poitiers, Buxerolles, Migné-Auxances, Chasseneuil-du-Poitou, Saint-</line>
<line>Georges-les-BaiUaigeaux et Jaunay-Clan ;</line></par>
<par>
<line>Vu les résultats de l'enquête publique et notamment l'avis favorable assorti de recommandations émis par le</line>
<line>commissaire enquêteur dans son rapport et ses conclusions déposés le 23 juin 2015 ;</line></par>
<par>
<line>Considérant que les risques potentiels d'inondation sur les neuf communes concernées nécessitent l'adoption de mesures</line>
<line>spécifiques destinées à améliorer la sécurité des personnes exposées à ces risques, à maintenir le libre écoulement et</line>
<line>préserver les capacités de stockage et d'expansion des eaux dans les milieux naturels, et à limiter les dommages aux</line>
<line>biens et aux activités soumis à ces risques ;</line></par>
<par>
<line>Considérant que l'évolution de la connaissance des aléas inondation et des enjeux économiques, envirormementaux et</line>
<line>sociaux sur le tenitoire rendent nécessaire l'adaptation des mesures spécifiques jusqu'alors en vigueur, à travers la</line>
<line>révision du plan de prévention des risques naturels de la vallée du Clain susvisé ;</line></par>
<par>
<line>Considérant que des adaptations ont été apportées au projet de plan sans porter atteinte à son économie générale, pour</line>
<line>tenir compte des avis et remarques recueillis lots de la consultation réglementaire, des observations émises lors de</line>
<line>l'enquête publique et des recommandations du commissaire enquêteur ;</line></par>
<par>
<line>Sur proposition de Monsieur le secrétaire général de la préfecture de la ’\6enne ;</line></par>
</text>
</block>


</page>
<page width="2480" height="3507" resolution="300">
<block><region><rect/></region>
<text>
<par>
<line>ARRÊTE</line></par>
</text>
</block>
<block><region><rect/></region>
<text>
<par>
<line>Article 1er :</line></par>
<par>
<line>Le plan de prévention du risque d’inondation de la vallée du Clain, issu de la révision du plan de prévention des risques</line>
<line>naturels de la vallée du Clain - volet inondation, est approuvé.</line></par>
</text>
</block>
<block><region><rect/></region>
<text>
<par>
<line>Le dossier comporte les documents suivants :</line></par>
<par>
<line>• une note de présentation avec ses annexes</line></par>
<par>
<line>• les cartes des évènements historiques</line></par>
<par>
<line>■ les cartes d'aléas</line></par>
<par>
<line>• les cartes d'enjeux</line></par>
<par>
<line>• les cartes de zonage règlementaire</line></par>
<par>
<line>• le règlement avec ses annexes</line></par>
<par>
<line>Un exemplaire du plan approuvé est tenu à la disposition du public à la préfecture de la Vienne, à la direction</line>
<line>départementale des territoires de la Vienne, dans les mairies de Smarves, Ligugé, Saint-Benoit, Poitiers, Buxerolles,</line>
<line>Chasseneuil-du-Poitou, Migné-Auxances, Saint-Geoiges-les-Baillaigeaux et Jaunay-Clan, au siège de la communauté</line>
<line>■d'agglomération de Grand Poitiers, ainsi que sur le site internet des services de l’État dans la Vienne</line>
<line>fanvw. vienne, gouv. fr).</line></par>
</text>
</block>
<block><region><rect/></region>
<text>
<par>
<line>Article 2ème :</line></par>
<par>
<line>Le plan de prévention du risque d'inondation de la vallée du Clain vaut servitude d'utilité publique au sens de l’article</line>
<line>L.126-1 du Code de l'urbanisme et devra être annexé dans un délai de trois mois aux plans locaux d'urbanisme de la</line>
<line>communauté d'agglomération Grand Poitiers et des communes de Ligugé, Smarves et Jaunay-Clan.</line></par>
</text>
</block>
<block><region><rect/></region>
<text>
<par>
<line>Article 3ème :</line></par>
<par>
<line>L'approbation du présent plan de prévention du risque d'inondation de la vallée du Clain emporte abrogation des</line>
<line>dispositions du plan de prévention des risques naturels de la vallée du Clain relatives au risque inondation.</line></par>
<par>
<line>Les dispositions du plan de prévention des risques naturels de la vallée du Clain relatives aux risques de mouvements</line>
<line>de terrain restent applicables, jusqu’à l'approbation du nouveau plan de prévention des risques de mouvements de terrain</line>
<line>de la vallée du Clain.</line></par>
</text>
</block>
<block><region><rect/></region>
<text>
<par>
<line>Article 4ème :</line></par>
<par>
<line>Le présent arrêté sera notifié aux maires des communes de Smarves, Ligugé, Saint-Benoit, Poitiers, Buxerolles,</line>
<line>Chasseneuil-du-Poitou, Migné-Auxances, Saint-Geoi^es-les-Baillaigeaux et Jaumy-Clan, ainsi qu'au président de</line>
<line>Grand Poitiers.</line></par>
</text>
</block>
<block><region><rect/></region>
<text>
<par>
<line>Article Sème :</line></par>
<par>
<line>Le présent arrêté sera aifiché pendant un mois dans les mairies des communes de Smarves, Ligugé, Saint-Benoit,</line>
<line>Poitiers, Buxerolles, Chasseneuil-du-Poitou, Migné-Auxances, Saint-Geoiges-les-Baillaigeaux et Jaunay-Clan, et au</line>
<line>siège de Grand Poitiers.</line></par>
<par>
<line>Une mention de cet affichage sera insérée dans deux journaux diffusés dans le département.</line></par>
<par>
<line>L’arrêté sera publié au recueil des actes administratifs de l’État dans le département de la Vienne.</line></par>
</text>
</block>


</page>
<page width="2480" height="3507" resolution="300">
<block><region><rect/></region>
<text>
<par>
<line>Article 6ème :</line></par>
</text>
</block>
<block><region><rect/></region>
<text>
<par>
<line>Monsieur le secrétaire général de la préfecture de la Vienne, Monsieur le président de Grand Poitiers, Mesdames et</line>
<line>Messieurs les maires des communes de Smarves, Ligugé, Saint-Benoit, Poitiers, Buxerolles, Chasseneuil-du-Poitou,</line>
<line>Migné-Auxances, Saint-Georges-les-Baillargeaux et Jaunay-Clan, Monsieur le directeur départemental des territoires</line>
<line>de la Vieime, sont chargés, chacun en ce qui les concerne, de l’exécution du présent arrêté.</line></par>
</text>
</block>
<block><region><rect/></region>
<text>
<par>
<line>Fait à Poitiers, le “ ^ SEP. zms</line></par>
</text>
</block>
<block><region><rect/></region>
<text>
<par>
<line>ï</line></par>
</text>
</block>
<block><region><rect/></region>
<text>
<par>
<line>istianç^B&amp;RRET</line></par>
</text>
</block>
<block><region><rect/></region>
<text>
<par>
<line>Information relative aux délais et voies de recours (articles R.421-I à R.421-7 du Code de justice administrative)</line></par>
<par>
<line>Le présent arrêté est susceptible de ftire l'objet d'un recours en annulation devant le tribunal administratif de Poitiers, dans un délai de deux</line>
<line>mois à compter de sa notification.</line></par>
<par>
<line>Dans le même délai, un recours gracieux est également possible auprès de l'autorité signataire du présent arrêté. Cette démarche prolonge le</line>
<line>délai du recours contentieux qui doit alors être introduit dans les deux mois suivant la réponse au recours gracieux {l'absence de réponse au</line>
<line>terme de deux mois vaut rejet implicite du recoure gracieux).</line></par>
</text>
</block>
</page>
</PM1>