<?xml version="1.0" encoding="UTF-8"?><PM1>
<page width="4970" height="7026" resolution="600">
<block><region><rect/></region>
<text>
<par>
<line>Retour sommaire</line></par>
</text>
</block>
<block><region><rect/></region>
<text>
<par>
<line>PPRN de la commune de Uchentein</line></par>
</text>
</block>
<block><region><rect/></region>
<text>
<par>
<line>4 décembre 2015</line></par>
</text>
</block>
<block><region><rect/></region>
<text>
<par>
<line>Liberté • Égatilé • Fraternité</line></par>
<par>
<line>République Française</line></par>
</text>
</block>
<block><region><rect/></region>
<text>
<par>
<line>PRÉFECTURE DE L’ARIÈGE</line></par>
</text>
</block>
<block><region><rect/></region>
<text>
<par>
<line>DIRECTION DEPARTEMENTALE DES TERRITOIRES</line>
<line>Service Environnomenl Risques</line>
<line>Bureau Prévention des Risques</line>
<line>Nom du rédacteur : Josée MARTINEZ</line></par>
</text>
</block>
<block><region><rect/></region>
<text>
<par>
<line>Arrêté préfectoral approuvant je plan de prévention</line>
<line>des risques naturels (R R R. N )</line>
<line>de la commune de UCHENTEIN</line></par>
</text>
</block>
<block><region><rect/></region>
<text>
<par>
<line>La préfète de TAriège</line>
<line>Chevalier de l'Ordre National du Mérite</line></par>
</text>
</block>
<block><region><rect/></region>
<text>
<par>
<line>Vu le code de renvironnement</line></par>
<par>
<line>Vu le code de Texpropriation pour cause d utilité publique ;</line></par>
<par>
<line>Vu le code de Turbanisme ;</line></par>
<par>
<line>Vu le code forestier ;</line></par>
<par>
<line>Vu [e code pénal ;</line></par>
<par>
<line>Vu le code de procédure pénale ;</line></par>
<par>
<line>Vu le code de la construction et de rhabftation ;</line></par>
<par>
<line>Vu le décret n“ 2005-3 du 4 janvier 2005 relatif aux plans de prévention des risques naturels</line>
<line>prévisibles ;</line></par>
<par>
<line>Vu l'arrêté préfectoral du 28 avril 2014 prescrivant rétablissement d'un plan de prévention des</line>
<line>risques naturels prévisibles dans la commune d'UCHENTEIN ;</line></par>
<par>
<line>Vu la délibération du conseil municipal d'UCHENTEIN du 11 avril 2015 ;</line></par>
<par>
<line>Vu l'arrêté préfectoral du 23 décembre 2014 relatif à la liste des journaux habilités à publier des</line>
<line>annonces judiciaires et légales pour l'année 2016 ;</line></par>
<par>
<line>Vu rarrété préfectoral du 16 juillet 2015 portant ouverture d'enquête publique sur le projet de</line>
<line>plan de prévention des risques naturels prévisibles de la commune d'UCHENTEIN ;</line></par>
<par>
<line>Vu le rapport et les conclusions du commissaire-enquêteur en date du 15 octobre 2015 ;</line></par>
<par>
<line>Sur proposition de M. le directeur départemental des territoires de l'Ariège ;</line></par>
</text>
</block>
<block><region><rect/></region>
<text>
<par>
<line>ARRÊTE</line></par>
</text>
</block>
<block><region><rect/></region>
<text>
<par>
<line>Article 1 :</line></par>
<par>
<line>Le plan de prévention des risques naturels prévisibles de la commune d^UCHENTElN est</line>
<line>approuvé tel qull est annexé au présent arrêté.</line></par>
</text>
</block>
<block><region><rect/></region>
<text>
<par>
<line>2, ri4&amp;&lt;Jie la Préfectyre-Pfêfeï Claude Erignac-B.P. ^0087- 09007 Fotx cede^^'Standard 05.61,02.10.00</line></par>
</text>
</block>
<block><region><rect/></region>
<text>
<par>
<line>Alp’Géorisques</line></par>
</text>
</block>
<block><region><rect/></region>
<text>
<par>
<line>57</line></par>
</text>
</block>




</page>
<page width="4958" height="7017" resolution="600">
<block><region><rect/></region>
<text>
<par>
<line>Retour sommaire</line></par>
</text>
</block>
<block><region><rect/></region>
<text>
<par>
<line>PPRN de la commune de Uchentein</line></par>
</text>
</block>
<block><region><rect/></region>
<text>
<par>
<line>4 décembre 2015</line></par>
</text>
</block>
<block><region><rect/></region>
<text>
<par>
<line>Article 2 :</line></par>
<par>
<line>Le pian de prévention des risques naturels prévisibles vaut servitude d'utilité publique et sera</line>
<line>annexé aux documents d'urbanisme de la commune d'UCHENTEIN.</line></par>
<par>
<line>Article 3 :</line></par>
<par>
<line>Le plan de prévention des risques naturels prévisibles comprend :</line></par>
<par>
<line>- un bilan de conoerlation ;</line></par>
<par>
<line>- un rapport de présentation ;</line></par>
<par>
<line>- un règlement ;</line></par>
<par>
<line>- une carte des phénomènes naturels ;</line></par>
<par>
<line>- une carte des aléas ;</line></par>
<par>
<line>- une carte des enjeux ;</line></par>
<par>
<line>- une carte du zonage réglementaire.</line></par>
<par>
<line>Article 4 :</line></par>
<par>
<line>Le plan de prévention des risques naturels prévisibles sera tenu à la disposition du public les</line>
<line>jours ouvrables, aux heures d'ouverture des bureaux, à la préfecture - service interministériel de</line>
<line>défense et de protection civiles - et à la mairie d'UCHENTElN.</line></par>
</text>
</block>
<block><region><rect/></region>
<text>
<par>
<line>Article 5 :</line></par>
</text>
</block>
<block><region><rect/></region>
<text>
<par>
<line>Le présent arrêté sera publié au Recueil des Actes Administratifs et fera l'objet d’une mention</line>
<line>dans La Dépêche du Midi - Édition de l’Ariège.</line></par>
<par>
<line>Une copie de l'arrêté sera affichée à la mairie d'UCHENTElN pendant une durée d'un mois au</line>
<line>minimum</line></par>
<par>
<line>M. le maire d'UCHENTElN établira un certificat attestant de la réalisation de cette formalité</line></par>
<par>
<line>Comme tout acte administratif à caractère règlementaire, le PPR approuvé n'est opposable</line>
<line>qu'une fois porté a la connaissance du public, c'est-à-dire une fois l'ensemble des formalités de</line>
<line>publicité effectuées (mention au recueil des actes administratifs de l'État dans le département et</line>
<line>dans un journal diffusé dans le départemeni, affichage pendant un mots au moins en mairie).</line>
<line>Le tribunal administratif de Toulouse peut être saisi d'un recours contentieux dans un délai de</line>
<line>deux mois suivant la publication. Le PPR peut également faire Fobjet d'un recours gracieux</line>
<line>auprès de la préfète de l'Ariège. Cette démarche prolonge le délai de recours contentieux qui</line>
<line>doit alors être introduit dans les deux mois suivant la réponse (l'absence de réponse au terme</line>
<line>de deux mois vaut rejet implicite).</line></par>
<par>
<line>Article 7 :</line></par>
<par>
<line>M le secrétaire général de la préfecture, Mme la directrice des services du cabinet, M. le</line>
<line>directeur départemental des territoires et M. le maire d'UCHENTElN sont chargés de l'exécution</line>
<line>du présent arrêté.</line></par>
</text>
</block>
<block><region><rect/></region>
<text>
<par>
<line>Fait à Foix, le 0 ^ DEC. 20Î5</line></par>
</text>
</block>
<block><region><rect/></region>
<text>
<par>
<line>la préfète</line></par>
</text>
</block>
<block><region><rect/></region>
<text>
<par>
<line>2</line></par>
</text>
</block>
<block><region><rect/></region>
<text>
<par>
<line>Alp'Géorisques</line></par>
</text>
</block>
<block><region><rect/></region>
<text>
<par>
<line>58</line></par>
</text>
</block>










</page>
<page width="4958" height="7017" resolution="600">
<block><region><rect/></region>
<text>
<par>
<line>Retour sommaire</line></par>
</text>
</block>
<block><region><rect/></region>
<text>
<par>
<line>Liberté - Egalité - Frafernafe</line></par>
<par>
<line>République Française</line></par>
</text>
</block>
<block><region><rect/></region>
<text>
<par>
<line>Ministère</line>
<line>de l'Écologie,</line>
<line>du Développement</line>
<line>durable</line>
<line>et de l'Énergie</line></par>
</text>
</block>
<block><region><rect/></region>
<text>
<par>
<line>Liberté • Égalité ■ Fraternité</line></par>
<par>
<line>Républeque Française</line></par>
<par>
<line>Préfet de l'Ariège</line></par>
</text>
</block>
<block><region><rect/></region>
<text>
<par>
<line>Direction Départementaie</line>
<line>des Territoires de l'Ariège</line></par>
</text>
</block>
<block><region><rect/></region>
<text>
<par>
<line>Plan de prévention des risques naturels prévisibles</line></par>
<par>
<line>Commune de Uchentein</line></par>
</text>
</block>
<block><region><rect/></region>
<text>
<par>
<line>Règlement</line></par>
</text>
</block>
<block><region><rect/></region>
<text>
<par/>
</text>
</block>
<block><region><rect/></region>
<text>
<par>
<line>Dossier prescrit par l'arrêté préfectoral du 28 avril 2014</line>
<line>Dossier approuvé le : 4 décembre 2015</line></par>
</text>
</block>
<block><region><rect/></region>
<text>
<par>
<line>ALP’GEORISQUES, Z.l. - rue du Moirond - 38420 DOMENE - FRANCE S 04-76-77-92-00 Fax : 04-76-77-55-90</line>
<line>e-mail : contact@alpgeonsques.com sari au capital de 18 300 € - Siret : 380 934 216 00025 - Code A.P.E. 7112B</line></par>
</text>
</block>










<block blockType="Picture" blockName="" l="3656" t="504" r="3888" b="732"><region><rect/></region>
</block>
</page>
</PM1>