<?xml version="1.0" encoding="UTF-8"?><PM1>
<page width="1667" height="2346" resolution="200">
<block><region><rect/></region>
<text>
<par>
<line>PREFECTURE DE LA HAUTE-LOIRE</line></par>
</text>
</block>
<block><region><rect/></region>
<text>
<par>
<line>DELEGATION INTERSERVICE POUR L’EAU</line></par>
</text>
</block>
<block><region><rect/></region>
<text>
<par>
<line>ARRETE N° DIPE-2003/ E</line></par>
<par>
<line>Portant approbation du Plan de Prévention du Risque Inondation (PPRI)</line>
<line>de i’ALLlER sur la Commune de LAMOTHE</line></par>
</text>
</block>
<block><region><rect/></region>
<text>
<par>
<line>LE PREFET,</line></par>
<par>
<line>Vu le Code de l'Urbanisme ;</line></par>
<par>
<line>Vu le code de la construction et de rhabitaîion :</line></par>
</text>
</block>
<block><region><rect/></region>
<text>
<par>
<line>Vu le Code de l’environnement -partie législative, livre V titre VI, article L 562,1 et suivants;</line></par>
<par>
<line>Vu la loi n® 87.565 du 22 Juillet 1987 relative à l'organisation de la sécurité civile, à la protection de la foréi</line>
<line>contre l'incendie et la prévention des risques majeurs ;</line></par>
<par>
<line>Vu le décret n'^ 90,918 du 11 Octobre 1990 relatif à l’exercice du droit à l’information sur les risques majeurs ;</line></par>
<par>
<line>Vu le decret 95-1089 du 5 Octobre 1995 relatif aux plans de prévention des risques naturels prévisibles :</line></par>
<par>
<line>Vu l'arrêté préfectoral n® D2-B1 94 du 9 Avril 2001 prescrivant l’établissement d’un plan de prévention du risque</line>
<line>inondation (PPRI) de l’ALLIER sur la commune de LAMOTHE</line></par>
<par>
<line>Vu l'arrêté préfectoral n® D2-B1 2001/85 du 8 Mars 2001 portant nomination du délégué interservice pour l’eau</line></par>
<par>
<line>VU l’avis favorable tacite du conseil municipal de LAMOTHE sur le projet de pian de prévention du risque</line>
<line>inondation</line></par>
<par>
<line>Vu l’avis favorable sous réserves émis le 7 Mai 2002 par la chambre d’agriculture de la Haute-Loire ;</line></par>
<par>
<line>Vu l’arrêté préfectoral n° D2-B1 2003-55 du 30 Janvier 2002 prescrivant l’enquête publique relative au projet</line>
<line>d'établissement d’un PPRI de l’ALLIER sur la commune de LAMOTHE</line></par>
<par>
<line>Vu le rapport du commissaire enquêteur en date du 5 Mai 2003 émettant un avis favorable sur le projet plan de</line>
<line>prévention du risque inondation;</line></par>
<par>
<line>Considérant que les résultats de ladite enquête ne nécessitent aucune modification des pièces réglementaires</line>
<line>sur le projet de plan de prévention du risque inondation;</line></par>
<par>
<line>Sur proposition du directeur départemental de l’équipement ;</line></par>
</text>
</block>
<block><region><rect/></region>
<text>
<par>
<line>ARRETE</line></par>
</text>
</block>
<block><region><rect/></region>
<text>
<par>
<line>ARTICLE 1 — Est approuvé, tel qu’il est présenté annexé au présent arrêté, le plan de prévention du risque</line>
<line>inondation (PPRI) de FALLIER, sur la commune de LAMOTHE,</line></par>
</text>
</block>
<block><region><rect/></region>
<text>
<par>
<line>ARTICLE 2 -- Le présent arrêté fera l’objet d’une mention au recueil des actes administratifs de la préfecture</line>
<line>ainsi que dans deux journaux locaux ou régionaux diffusés dans le département. ,</line></par>
</text>
</block>










</page>
<page width="1659" height="2341" resolution="200">
<block><region><rect/></region>
<text>
<par>
<line>article 3 — une copie du présent arrêté sera affichée en mairie l^MOTHEpendant une durée de 1 mois</line></par>
<par>
<line>ARTICLE 4 - le plan de prévention du risque inondation (PPRl) sera tenu à la disposition du public ;</line>
<line>à la préfecture de la Haute-loire</line>
<line>à la sous-préfecture de Brioude</line></par>
<par>
<line>à la direction départementale de l'équipement de la Haute-loire</line>
<line>à la mairie de LAMOTHE.</line></par>
<par>
<line>ARTICLE 5 — Le présent arrêté sera notifié à :</line></par>
<par>
<line>M. le maire de LAMOTHE</line></par>
<par>
<line>M. le sous préfet de Brioude</line></par>
<par>
<line>M. le directeur départemental de l’équipement</line></par>
<par>
<line>M. le directeur départemental de l’agriculture et de la forêt.</line></par>
<par>
<line>M. Iftministre de l’écologie et du développement durable</line>
<line>M. le directeur régional de l’environnement d’Auvergne.</line></par>
<par>
<line>ARTICLE 6- Le présent PPRi valant servitude d’utilité publique, sera annexé au document d’urbanisme</line>
<line>éventuel de la commune qui sera mis à jour, conformément aux dispositions prévues à l’article R 126.2 du code</line>
<line>de l’urbanisme..</line></par>
</text>
</block>
<block><region><rect/></region>
<text>
<par>
<line>ARTICLE 7— Le secrétaire générai de la préfecture de la Haute-loire. M. le directeur des serv'ices du cabinet,</line>
<line>M. le directeur départemental de l’équipement et M. le maire de LAMOTHE sont chargés de l’exécution du</line>
<line>présent arrêté.</line></par>
</text>
</block>
<block><region><rect/></region>
<text>
<par>
<line>Au PUY-EN-VELAY, le</line></par>
</text>
</block>
<block><region><rect/></region>
<text>
<par>
<line>mi 2003</line></par>
</text>
</block>
<block><region><rect/><rect/></region>
<text>
<par>
<line>Pour le Préfet,</line></par>
<par>
<line>Le délégué Inter-services pour l’Eau,</line>
<line>5-Préfet d’Yssingeaux,</line></par>
</text>
</block>
<block><region><rect/></region>
<text>
<par>
<line>André VÂRCH^</line></par>
</text>
</block>








</page>
</PM1>