<?xml version="1.0" encoding="UTF-8"?><PM1>
<page width="1664" height="2336" resolution="200">
<block><region><rect/></region>
<text>
<par>
<line>Liberté • Égalité • Fraternité</line></par>
<par>
<line>RÊPüBLiauE Française</line>
<line>PRÉFECTURE DE LA MANCHE</line></par>
</text>
</block>
<block><region><rect/></region>
<text>
<par>
<line>direction</line>
<line>départementale</line>
<line>de l'Équipement</line></par>
<par>
<line>Manche</line></par>
<par>
<line>m</line></par>
<par>
<line>service</line>
<line>aménagement</line>
<line>urbanisme</line>
<line>et environnement</line></par>
<par>
<line>pôle</line></par>
<par>
<line>partenariat,</line>
<line>de la planification</line>
<line>et de la prévention</line>
<line>des risques</line></par>
</text>
</block>
<block><region><rect/></region>
<text>
<par>
<line>Horaires d'ouverture</line>
<line>au public :</line>
<line>de 9hà11h30</line>
<line>etde14hà16h30</line></par>
<par>
<line>Accueil sur rendez-vous</line></par>
</text>
</block>
<block><region><rect/></region>
<text>
<par>
<line>Boulevard de la Oollée</line>
<line>BP 496</line></par>
<par>
<line>50006 Saint-Lô cedex</line>
<line>téléphone :</line></par>
<par>
<line>02 33 06 39 52</line>
<line>télécopie :</line></par>
<par>
<line>02 33 06 39 09</line>
<line>courriel :</line></par>
<par>
<line>DIR.SAUE.DDE-Manche</line></par>
<par>
<line>@equipement.gouv.fr</line></par>
<par>
<line>site internet :</line>
<line>www.manche.</line>
<line>equipement.gouv.fr</line></par>
</text>
</block>
<block><region><rect/></region>
<text>
<par>
<line>ARRETE</line></par>
<par>
<line>portant approbation du</line>
<line>plan de prévention du risque inondation</line>
<line>de la Sée</line></par>
<par>
<line>Le préfet de la Manche</line></par>
<par>
<line>Chevalier de la Légion d’honneur</line></par>
</text>
</block>
<block><region><rect/></region>
<text>
<par>
<line>Vu le code de l’environnement, notamihent les articles L.562-1 à L.562-8 et</line>
<line>L. 125-2';</line></par>
<par>
<line>Vu le code de l’expropriation pour cause d’utilité publique ;</line></par>
<par>
<line>Vu le code de l’urbanisme, notamment les articles L. 110 à L. 112 ;</line></par>
<par>
<line>Vu la loi n° 2003-699 du 30 juillet 2003 relative à la prévention des risques</line>
<line>technologiques et naturels et à la réparation des dommages ;</line></par>
<par>
<line>Vu le décret n° 95-1089 du 5 octobre 1995 modifié relatif aux pians de</line>
<line>prévention des risques naturels prévisibles ;</line></par>
<par>
<line>Vu l’arrêté préfectoral du 29 décembre 2000 prescrivant l’élaboration du plan</line>
<line>de prévention du risque inondation par débordement de cours d’eau sur la</line>
<line>vallée de la Sée ;</line></par>
<par>
<line>Vu l’arrêté préfectoral du 20 février 2006 prescrivant l’ouverture d’une</line>
<line>enquête publique du 15 mars 2006 au 15 avril 2006 inclus relative au plan</line>
<line>de prévention du risque inondation par débordement de cours d’eau sur la</line>
<line>vallée de la Sée, sur le territoire des communes d’Avranches, Brécey,</line>
<line>Chérencé-le-Roussel, les Cresnays, Cuves, la Gohannière, Marcey les</line>
<line>Grèves, le Mesnil-Adelée, le Mesnil-Gilbert, le Mesnii-Tove, Ponts, Saint-</line>
<line>Brice, Saint-Jean de la Haize, Saint-Senier-sous-Avranches, Sourdeval,</line>
<line>Tirepied et Vernix ;</line></par>
</text>
</block>


</page>
<page width="1664" height="2336" resolution="200">
<block><region><rect/></region>
<text>
<par>
<line>2/4</line></par>
</text>
</block>
<block><region><rect/></region>
<text>
<par>
<line>Vu les pièces constatant que l’arrêté préfectoral du 20 février 2006 a été</line>
<line>publié, affiché et inséré dans les journaux « Ouest-France » et « La</line>
<line>Manche Libre » dans les délais réglementaires et que le dossier d’enquête</line>
<line>est resté pendant 32 jours consécutifs, du 15 mars 2006 au 15 avril 2006</line>
<line>inclus, en mairie d’Avranches, Brécey, Chérencé-ie-Roussel, les Cresnays,</line>
<line>Cuves, la Gohannière, Marcey les Grèves, le Mesnil-Adelée, le Mesnil-</line>
<line>Gilbert, le Mesnil-Tove, Ponts, Saint-Brice, Saint-Jean de la Haize, Saint-</line>
<line>Senier-sous-Avranches, Sourdeval, Tirepied et Vemix ;</line></par>
<par>
<line>Vu le rapport et les conclusions de la commission d’enquête en date du 12 mai</line>
<line>2006;</line></par>
<par>
<line>Vu les délibérations des conseils municipaux des communes de :</line></par>
<par>
<line>&gt; Avranches, en date du 30 janvier 2006,</line></par>
<par>
<line>&gt; Brécey, en date du 30 novembre 2005,</line></par>
<par>
<line>&gt; Chérencé-le-Roussel, en date du 23 novembre 2005,</line></par>
<par>
<line>&gt; les Cresnays, en date du 1 décembre 2005,</line></par>
<par>
<line>&gt; Cuves, en date du 5 décembre 2005,</line></par>
<par>
<line>&gt; le Mesnil-Tove, en date du 31 janvier 2006,</line></par>
<par>
<line>&gt; Ponts, en date du 24 novembrei'i005,</line></par>
<par>
<line>&gt; Saint-Senier-sous-Avranches, en date du 22 novembre 2005,</line></par>
<par>
<line>&gt; Sourdeval, en date du 8 décembre 2005,</line></par>
<par>
<line>&gt; Tirepied, en date du 20 décembre 2005,</line></par>
<par>
<line>&gt; Vemix^ en date du 21 novembre 2005,</line></par>
<par>
<line>les conseils municipaux des communes de la Gohannière, Marcey les</line>
<line>Grèves, le Mesnil-Adelée, le Mesnil-Gilbert, Saint-Brice et Saint-Jean de</line>
<line>la Haize n’ayant pas délibéré et leurs avis étant par conséquent réputés</line>
<line>favorables ;</line></par>
<par>
<line>Vu T avis de la chambre d’Agriculture de la Manche ;</line></par>
<par>
<line>Vu l’avis du Centre Régional de la Propriété forestière ;</line></par>
<par>
<line>Vu l’avis de l’Institut National des Appellations d’Origine ;</line></par>
<par>
<line>Vu le rapport du directeur départemental de l’Equipement ;</line></par>
<par>
<line>Considérant qu’au vu de ce rapport, il y a lieu d’apporter quelques</line></par>
<par>
<line>modifications très partielles au zonage réglementaire des communes</line></par>
<par>
<line>d’Avranches, Sourdeval, Tirepied, Vemix et Cuves après enquête publique ;</line></par>
</text>
</block>
<block><region><rect/></region>
<text>
<par>
<line>Sur proposition de Madame la Secrétaire Générale ;</line></par>
</text>
</block>
</page>
<page width="1664" height="2336" resolution="200">
<block><region><rect/></region>
<text>
<par>
<line>3/4</line></par>
</text>
</block>
<block><region><rect/></region>
<text>
<par>
<line>Arrête :</line></par>
</text>
</block>
<block><region><rect/></region>
<text>
<par>
<line>Article 1er - Est approuvé, tel qu’il est annexé au présent arrêté, le plan de</line>
<line>prévention du risque inondation par débordement de cours d’eau sur la vallée</line>
<line>de la Sée, sur le territoire des communes d’Avranches, Brécey, Chérencé-le-</line>
<line>Roussel, les Cresnays, Cuves, la Gohannière, Marcey les Grèves, le Mesnil-</line>
<line>Adelée, le Mesnil-Gilbert, le Mesnil-Tove, Ponts, Saint-Brice, Saint-Jean de la</line>
<line>Haize, Saint-Senier-sous-Avranches, Sourdeval, Tirepied et Vemix.</line></par>
<par>
<line>Le dossier comprend :</line></par>
<par>
<line>&gt; un rapport de présentation,</line></par>
<par>
<line>&gt; des documents graphiques,</line></par>
<par>
<line>&gt; un règlement.</line></par>
<par>
<line>Il est tenu à la disposition du public dans les locaux :</line></par>
<par>
<line>&gt; des mairies d’Avranches, Brécey, Chérencé-le-Roussel, les Cresnays,</line></par>
<par>
<line>Cuves, la Gohannière, Marcey les Grèves, le Mesnil-Adelée, le Mesnil-</line>
<line>Gilbert, le Mesnil-Tove, Ponts, Saint-Brice, Saint-Jean de la Haize,</line>
<line>Saint-Senier-sous-Avranches, Soutdeval, Tirepied et Vernix,</line></par>
<par>
<line>&gt; de la Préfecture du département de la Manche,</line></par>
<par>
<line>&gt; de la Sous-Préfecture d’Avranches,</line></par>
<par>
<line>&gt; de là direction départementale de l’Equipement de la Manche</line>
<line>Boulevard de la Dollée - BP 496 - 50006 Saint-Lô.</line></par>
<par>
<line>Article 2 - Le présent arrêté sera publié au recueil des actes administratifs de</line>
<line>la Préfecture et mention en sera faite en caractères apparents dans les deux</line>
<line>journaux ci-après désignés :</line></par>
<par>
<line>&gt; Ouest-France,</line></par>
<par>
<line>&gt; La Manche Libre.</line></par>
<par>
<line>Une copie du présent arrêté sera affichée en mairie d’Avranches, Brécey,</line>
<line>Chérencé-le-Roussel, les Cresnays, Cuves, la Gohannière, Marcey les Grèves,</line>
<line>le Mesnil-Adelée, le Mesnil-Gilbert, le Mesnil-Tove, Ponts, Saint-Brice, Smnt-</line>
<line>Jean de la Haize, Saint-Senier-sous-Avranches, Sourdeval, Tirepied et Vemix</line>
<line>pendant au moins un mois à partir de la date de réception de la notification du</line>
<line>présent arrêté.</line></par>
<par>
<line>Le Plan de Prévention des Risques approuvé vaut servitude d'utilité publique et</line>
<line>sera annexé aux plans locaux d'urbanisme ou plans d’occupation des sols des</line>
<line>communes précitées lorsque ce document existe sur la commune.</line></par>
</text>
</block>


</page>
<page width="1664" height="2336" resolution="200">
<block><region><rect/></region>
<text>
<par>
<line>4/4</line></par>
</text>
</block>
<block><region><rect/></region>
<text>
<par>
<line>Article 3 - Des copies certifiées conforme du présent arrêté seront adressées</line>
<line>à :</line></par>
</text>
</block>
<block><region><rect/></region>
<text>
<par>
<line>&gt;</line></par>
<par>
<line>&gt;</line></par>
</text>
</block>
<block><region><rect/></region>
<text>
<par>
<line>&gt;</line></par>
<par>
<line>&gt;</line></par>
<par>
<line>&gt;</line></par>
<par>
<line>&gt;</line></par>
<par>
<line>&gt;</line></par>
</text>
</block>
<block><region><rect/></region>
<text>
<par>
<line>Monsieur le sous-préfet d’Avranches,</line></par>
<par>
<line>Messieurs les maires d’Avranches, Brécey, Chérencé-le-Roussel, les</line>
<line>Cresnays, Cuves, la Gohannière, Marcey les Grèves, le Mesnil-Adelée,</line>
<line>le Mesnil-Gilbert, le Mesnil-Tove, Ponts, Saint-Brice, Saint-Jean de la</line>
<line>Haize, Saint-Senier-sous-Avranches, Sourdeval, Tirepied et Vernix,</line>
<line>Monsieur le directeur régional de l’environnement.</line></par>
<par>
<line>Monsieur le directeur départemental de l’agriculture et de la forêt,</line>
<line>Monsieur le chef du service interministériel de défense et de protection</line>
<line>civile.</line></par>
<par>
<line>Monsieur le directeur régional de l’industrie, de la recherche et de</line>
<line>l’environnement,</line></par>
<par>
<line>Monsieur le directeur départemental de l’équipement.</line></par>
</text>
</block>
<block><region><rect/></region>
<text>
<par>
<line>Article 4 - La secrétaire générale de la Préfecture de la Manche, le sous-préfet</line>
<line>d’Avranches, le directeur de cabinet de la Préfecture, le directeur</line>
<line>départemental de l’équipement et le chçf du service interministériel de défense</line>
<line>et de protection civile sont chargés def exécution du présent arrêté.</line></par>
</text>
</block>
<block><region><rect/></region>
<text>
<par>
<line>Saint-LÔ,le 2 3 JUIB ‘£087</line></par>
<par>
<line>Le Préfet,</line></par>
</text>
</block>
<block><region><rect/></region>
<text>
<par>
<line>/</line></par>
</text>
</block>
<block><region><rect/></region>
<text>
<par>
<line>Jean-^Æ FAIGEAS</line></par>
</text>
</block>


</page>
</PM1>