<?xml version="1.0" encoding="UTF-8"?><PM1>
<page width="1632" height="2313" resolution="200">
<block><region><rect/><rect/></region>
<text>
<par>
<line>20:13/DDT/SEPR/422 -e arrêté préfeGtoraf approuvant sur le territoire de SaintPargeau-</line>
<line>Ponthierryi la modifieation du plan de prévention des.risques --* - —</line></par>
</text>
</block>
<block><region><rect/></region>
<text>
<par>
<line>PRÉFÈTE DE SEiNE-ET-MARNE</line></par>
<par>
<line>Direction départementale des territoires de 5eine-et-Marne</line></par>
<par>
<line>Service environnement et prévention des risques</line></par>
<par>
<line>Pôle prévention des risques et lutte contre les nuisances</line></par>
<par>
<line>Arrêté préfectoral 2013/DDT/SEPR/422 approuvant, sur le territoire de la commune de Saint-Fargeau-Ponthierry, la modification</line>
<line>du plan de prévention des risques naturels prévisibles d'inondation de la vallée de la Seine de Samoreau à Nandy, approuvé le 31</line>
<line>décembre 2002</line></par>
<par>
<line>La préfète de Seine-et-Marne</line>
<line>Officier de la légion d'honneur,</line></par>
<par>
<line>Officier de l'Ordre national du Mérite,</line></par>
<par>
<line>VU le code de l'environnement et notamment ses articles L.562-1 à L.562-8 et R.562-1 à R.562-10-2;</line></par>
<par>
<line>VU le décret n'’2004*374 du 29 avril 2004 relatif aux pouvoirs des préfets, à l'organisation et à l'action des services de l'Etat</line>
<line>dans les régions et départements ;</line></par>
<par>
<line>VU le décret du Président de la République en date du 12 juillet 2012 portant nomination de Madame Nicole KLEIN, préfète</line>
<line>de Seine-et-Marne ;</line></par>
</text>
</block>
<block><region><rect/></region>
<text>
<par>
<line>40</line></par>
</text>
</block>
</page>
<page width="1622" height="2306" resolution="200">
<block><region><rect/></region>
<text>
<par>
<line>Préfet de Seine-et-Marne</line></par>
<par>
<line>Recueil des actes administratifs n° 49 du 03 décembre 2013</line>
<line>(Le recueil est consultable à l’accueil de la préfecture)</line></par>
</text>
</block>
<block><region><rect/></region>
<text>
<par>
<line>VU le décret du Président de la République en date du 26 août 2010 portant nomination de Monsieur Serge GOUTEYRON,</line>
<line>sous préfet hors classe, secrétaire général de la préfecture de Seine-et-Marne ;</line></par>
<par>
<line>VU l'arrêté du Premier Ministre en date du 14 juin 2013 nommant Monsieur Yves SCHENFEIGEL, directeur départemental</line>
<line>des territoires de Seine-et-Marne ;</line></par>
<par>
<line>VU l'arrêté préfectoral du 31 décembre 2002 portant approbation d'un plan de prévention des risques naturels prévisibles</line>
<line>d'inondation sur le territoire des communes de Samoreau, Avon, Vulaines-sur-Seine, Samois-sur-Seine, Héricy, Fontaine-le-Port,</line>
<line>Fontainebleau, Chartrettes, Bois-le-Roi, Livry-sur-Seine, La Rochette, Vaux-le-Pénil, Melun, Boissettes, Le Mée-sur-Seine,</line>
<line>Dammarie-lès-Lys, BoIssIse-le-Roi, Boissise-la-Bertrand, Saint-Fargeau-Ponthierry, Seine-Port et Nandy, situées dans la vallée de la</line>
<line>Seine ;</line></par>
<par>
<line>VU la décision du tribunal administratif de Melun en date du 24 septembre 2009 enjoignant au préfet de Selne-et-Marne le</line>
<line>réexamen de la demande d'abrogation partielle qui lui a été présentée par l'association de défense des propriétaires de la zone</line>
<line>d'aménagement concertée des lacs de la Gulche ;</line></par>
<par>
<line>VU la décision de la cour administrative d'appel de Paris en date du 04 novembre 2011 considérant qu'au fond le ministre</line>
<line>de l'écologie, de l'énergie, du développement durable et de la mer n'est pas fondé à se plaindre de ce que la décision du tribunal</line>
<line>administratif de Melun lui enjoint de réexaminer la demande d'abrogation partielle ;</line></par>
<par>
<line>VU l'arrêté préfectoral du 28 décembre 2012 prescrivant, sur le territoire de Salnt-Fargeau-Ponthlerry, la modification du</line>
<line>plan de prévention des risques naturels prévisibles d'inondation de la vallée de la Seine de Samoreau à Nandy, approuvé le 31</line>
<line>décembre 2002 ;</line></par>
<par>
<line>VU la consultation en date du 12 mars 2013 des collectivités concernées, de la chambre d'agriculture et du centre national</line>
<line>de la propriété forestière ;</line></par>
<par>
<line>VU la délibération du conseil municipal de la commune de Saint-Fargeau-Ponthierry en date du 05 avril 2013 ;</line></par>
<par>
<line>VU la délibération du conseil municipal de la communauté de communes Seine-Ecole en date du 09 avril 2013 ;</line></par>
<par>
<line>VU l'avis de la chambre d'agriculture de Seine-et-Marne en date du 21 mars 2013 ;</line></par>
<par>
<line>VU l'avis réputé favorable du centre national de la propriété forestière ;</line></par>
<par>
<line>VU la mise à disposition du public en mairie de Saint-Fargeau-Ponthierry du 27 mai au 28 juin 2013 et l'absence</line>
<line>d'observations du public ;</line></par>
<par>
<line>VU le projet de modification du plan de prévention des risques naturels prévisibles d'inondation établi par la direction</line>
<line>départementale des territoires ;</line></par>
<par>
<line>CONSIDÉRANT les levers topographiques complémentaires réalisés en 2010 pour le compte de la direction départementale des</line>
<line>territoires, complétés par les levers topographiques fournis par l'association de défense des propriétaires de la zone</line>
<line>d'aménagement concertée des lacs de la Guiche ;</line></par>
<par>
<line>CONSIDÉRANT que la modification envisagée n'est pas de nature à porter atteinte à l'économie générale du plan de prévention</line>
<line>des risques naturels prévisibles d'inondation de la vallée de la Seine de Samoreau à Nandy approuvé le 31 décembre 2002 ;</line></par>
<par>
<line>SUR proposition du secrétaire général de la préfecture de Seine-et-Marne ;</line></par>
<par>
<line>ARRÊTE</line>
<line>Article 1er ;</line></par>
<par>
<line>La modification du plan de prévention des risques naturels prévisibles d'inondation (PPRIj de la vallée de la Seine de Samoreau à</line>
<line>Nandy approuvé le 31 décembre 2002, sur le terroire de la commune de Saint-Fargeau-Ponthierry, telle qu'annexée au présent</line>
<line>arrêté, est approuvée.</line></par>
<par>
<line>Article 2 :</line></par>
<par>
<line>La modification comporte :</line></par>
<par>
<line>une note de présentation relative à la modification et ses annexes,</line></par>
<par>
<line>la carte des aléas du PPRI modifiée,</line></par>
<par>
<line>la carte de zonage règlementaire du PPRI modifiée.</line></par>
<par>
<line>Article 3 :</line></par>
<par>
<line>La modification du plan de prévention des risques naturels prévisibles d'inondation (PPRI) sera tenue à disposition du public aux</line></par>
<par>
<line>jours et heures habituelles d'ouverture des bureaux :</line></par>
<par>
<line>dans les locaux de la mairie de Saint-Fargeau-Ponthierry,</line></par>
<par>
<line>dans les locaux de la communauté de communes Seine-Ecole,</line></par>
<par>
<line>dans les locaux de la préfecture de Seine-et-Marne.</line></par>
<par>
<line>Article 4 :</line></par>
<par>
<line>Le présent arrêté sera notifié d'une notification au maire de la commune de Saint-Fargeau-Ponthierry ainsi qu'au président de la</line>
<line>communauté de communes Seine-Ecole.</line></par>
<par>
<line>Article 5 :</line></par>
</text>
</block>
<block><region><rect/></region>
<text>
<par>
<line>41</line></par>
</text>
</block>




</page>
<page width="1628" height="2310" resolution="200">
<block><region><rect/></region>
<text>
<par>
<line>Préfet de Seine-et-Marne</line></par>
<par>
<line>Recueil des actes administratifs n° 49 du OZ décembre 2013</line>
<line>(Le recueil est consultable à l’accueil de la préfecture)</line></par>
</text>
</block>
<block><region><rect/></region>
<text>
<par>
<line>Une copie du présent arrêté sera affichée pendant un mois au minimum en mairie de Saint-Fargeau-Ponthierry, ainsi qu'au siège</line>
<line>de la communauté de communes Seine-Ecole. Ces mesures de publicité seront justifiées par un certificat du maire et du président</line>
<line>de la communauté de communes. Cet arreté fera également l'objet d’une publication en caractère apparents dans un journal</line>
<line>diffusé dans le département de Seine-et-Marne.</line></par>
<par>
<line>Article 6 :</line></par>
<par>
<line>Le secrétaire général de la préfecture de Seine-et-Marne, le directeur départemental des territoires, le maire de la commune de</line>
<line>Salnt'Fargeau-Ponthierry et le président de la communauté de communes Seine-Ecole sont chargés, chacun en ce qui le</line>
<line>concerne, de l'exécution du présent arrêté qui sera publié au recueil des actes administratifs de l'Etat dans le département de</line>
<line>Seine-et-Marne et affiché à la préfecture.</line></par>
<par>
<line>Une copie du présent arrêté sera adressée pour Information à :</line>
<line>le directeur départemental des territoires,</line>
<line>le président du centre national de la propriété forestière,</line>
<line>le président de la chambre d'agriculture de Seine-et-Marne,</line></par>
<par>
<line>le directeur générai de la prévention des risques au ministère de l'écologie, du développement durable et de l'énergie,</line>
<line>le directeur de la direction régionale interdépartementale de l'environnement et de l'énergie,</line>
<line>le président du conseil général de Seine-et-Marne,</line></par>
<par>
<line>le directeur du service départemental d'incendie et de secours de Selne-et-Marne,</line>
<line>le président de l'association de défense des propriétaires de la ZAC des lacs de la Guiche.</line></par>
<par>
<line>Melun, le 27 novembre 2013</line>
<line>La préfète de Seine-et-Marne</line>
<line>Nicole KLEIN</line></par>
</text>
</block>

</page>
</PM1>