<?xml version="1.0" encoding="UTF-8"?><PM1>
<page width="2485" height="3508" resolution="300">
<block><region><rect/></region>
<text>
<par>
<line>Liberté • Egnlité * Fraternité</line></par>
<par>
<line>Républiqjjb Française</line>
<line>PRÉFET DES ALPES-MAWTIMES</line></par>
</text>
</block>
<block><region><rect/></region>
<text>
<par>
<line>Direction Départementale des Territoires</line>
<line>et de la Mer des Alpes-Maritimes</line></par>
<par>
<line>Service Eau - Risques</line></par>
<par>
<line>NRef : DDTM-SER-PR-AP n°2016-015</line></par>
</text>
</block>
<block><region><rect/></region>
<text>
<par>
<line>ARRETE PREFECTORAL</line></par>
<par>
<line>portant approbation de la modification n° 1 du plan de prévention des risques naturels prévisibles</line>
<line>de mouvements de terrain approuvé le V’ octobre 2014</line>
<line>sur la commune de Tourrette-Levens</line></par>
</text>
</block>
<block><region><rect/></region>
<text>
<par>
<line>Le Préfet des Alpes-Maritimes,</line>
<line>Officier de la Légion d’Honneur,</line>
<line>Officier de l’Ordre national du Mérite,</line></par>
</text>
</block>
<block><region><rect/></region>
<text>
<par>
<line>Vu les articles L.562-1 à L.562-9 du code de l’environnement relatifs aux plans de prévention des risques</line>
<line>naturels prévisibles.</line></par>
<par>
<line>Vu les articles R.562-1 à R.562-10-2 du code de l’environnement relatifs à la procédure et à l'élaboration des</line>
<line>plans de prévention des risques naturels prévisibles,</line></par>
<par>
<line>Vu l’arrêté préfectoral du 29 mai 2015 prescrivant la modification du plan de prévention des risques naturels</line>
<line>prévisibles de mouvements de terrain sur la commune de Tourrette-Levens approuvé le 1®^ octobre 2014,</line></par>
<par>
<line>Considérant les avis réputés favorables du Conseil Municipal de la Mairie de Tourrette-Levens et de l’organe</line>
<line>délibérant de la Métropole Nice Côte d’Azur,</line></par>
</text>
</block>
<block><region><rect/></region>
<text>
<par>
<line>Considérant que lors de la mise à disposition du projet de modification au public, aucune observation n‘a été</line>
<line>portée sur le registre en mairie,</line></par>
<par>
<line>Sur la proposition du Secrétaire général de la Préfecture des Alpes-Maritimes,</line></par>
</text>
</block>
<block><region><rect/></region>
<text>
<par>
<line>ARRETE</line></par>
</text>
</block>
<block><region><rect/></region>
<text>
<par>
<line>Article 1er : Approbation</line></par>
<par>
<line>I. Est approuvée la modification n° 1 du plan de prévention des risques naturels prévisibles de</line>
<line>mouvements de terrain sur la commune de Tourrette-Levens tel qu’annexée au présent arrêté.</line></par>
<par>
<line>IL La modification concerne les risques de mouvements de terrain.</line></par>
<par>
<line>ill. Cette modification est tenue à la disposition du public :</line></par>
<par>
<line>1 - à la mairie de Tourrette-Levens, aux jours et heures habituels d’ouverture de la mairie,</line></par>
<par>
<line>2 - au siège de la Métropole Nice Côte d’Azur aux jours et heures habituels d’ouverture au</line>
<line>public.</line></par>
</text>
</block>
<block><region><rect/></region>
<text>
<par>
<line>3 - au pôle risques de la Direction Départementale des Territoires et de la Mer au centre</line>
<line>administratif départemental de Nice tous les jours du lundi au vendredi de 9 h 00 à 11 h 30 et de</line>
<line>14 h 00 à 16 h 00.</line></par>
<par>
<line>4 - à la préfecture, aux Jours et heures habituelles d’ouverture au public.</line></par>
</text>
</block>
<block><region><rect/></region>
<text>
<par>
<line>1/2</line></par>
</text>
</block>


</page>
<page width="2487" height="3510" resolution="300">
<block><region><rect/></region>
<text>
<par>
<line>IV. La modification du plan de prévention des risques naturels prévisibles comporte :</line></par>
</text>
</block>
<block><region><rect/></region>
<text>
<par>
<line>une note synthétique,</line></par>
<par>
<line>une carte de zonage réglementaire à l'échelle 1/1500</line></par>
</text>
</block>
<block><region><rect/></region>
<text>
<par>
<line>Article 2 : Mesures de publicité</line></par>
<par>
<line>Le présent arrêté fera l’objet d’une mention au recueil des actes administratifs de l’État dans le département,</line>
<line>ainsi que dans le journal local ci-après désigné : «Nice Matin».</line></par>
<par>
<line>Une copie de l’arrêté sera affichée en mairie de Tourrette-Levens et au siège de la Métropole Nice Côte</line>
<line>d’Azur pendant un mois au minimum.</line></par>
<par>
<line>Article 3 : Copies pour information</line></par>
<par>
<line>Des copies du présent arrêté seront adressées à :</line></par>
<par>
<line>- Monsieur le maire de la commune de Tourrette-Levens,</line></par>
<par>
<line>- Monsieur le président de la Métropole Nice Côte d’Azur,</line></par>
<par>
<line>- Monsieur le président du Conseil départemental des Alpes-Maritimes,</line></par>
<par>
<line>- Monsieur le président du Conseil régional Provence-Alpes-Côte-d’Azur,</line></par>
<par>
<line>- Madame la ministre de l’Environnement, de l’Energie et de la Mer, direction générale de la prévention</line>
<line>des risques,</line></par>
<par>
<line>- Monsieur le directeur régional de l'Environnement, de l’Aménagement et du Logement Provence-</line>
<line>Alpes-Côte-d’Azur,</line></par>
<par>
<line>- Monsieur le président de la Chambre d’agriculture des Alpes-Maritimes,</line></par>
<par>
<line>- Monsieur le président de la Délégation Provence-Alpes-Côte d’Azur auprès du centre national de la</line>
<line>propriété forestière,</line></par>
<par>
<line>- Monsieur le chef du service interministériel de défense et de protection civiles des Alpes-Maritimes,</line></par>
<par>
<line>- Monsieur le directeur départemental des territoires et de la mer des Alpes-Maritimes.</line></par>
<par>
<line>- Chambre départementale des notaires des Alpes-Maritimes.</line></par>
<par>
<line>Article 4 : Délai de recours</line></par>
<par>
<line>Le présent arrêté peut faire l’objet d’un recours contentieux auprès du Tribunal administratif de Nice dans un</line>
<line>délai de deux mois à compter de l’exécution de l’ensemble des formalités prévues à l’article 2 ; la date à</line>
<line>prendre en compte pour l’affichage étant celle du premier jour où II est effectué.</line></par>
</text>
</block>
<block><region><rect/></region>
<text>
<par>
<line>Article 5 : Exécution du présent arrêté</line></par>
<par>
<line>Le Secrétaire général de la préfecture des Alpes-Maritimes, le Maire de Tourrette-Levens, le Président de la</line>
<line>Métropole Nice Cote d’/^zur, et le Directeur départemental des territoires et de la mer des Alpes-Maritimes,</line>
<line>sont chargés, chacun en ce qui le concerne, de l’exécution du présent arrêté.</line></par>
</text>
</block>
<block><region><rect/></region>
<text>
<par>
<line>2/2</line></par>
</text>
</block>





</page>
</PM1>