<?xml version="1.0" encoding="UTF-8"?><PM1>
<page width="1653" height="2336" resolution="200">
<block><region><rect/></region>
<text>
<par>
<line>Liberté • Égalité • Fraternité</line></par>
<par>
<line>République Française</line>
<line>PRÉFET DE LA LOZÈRE</line></par>
<par>
<line>DIRECTION DEPARTEMENTALE DES</line>
<line>TERRITOIRES</line></par>
<par>
<line>Service Séciirité Risques Energie</line>
<line>Construction</line></par>
<par>
<line>Unité : Prévention des risques</line></par>
</text>
</block>
<block><region><rect/></region>
<text>
<par>
<line>ARRETE n® 2014029-0003 du 29 janvier 2014</line></par>
<par>
<line>portant approbation du plan de prévention des risques d’inondation (PPRI) du bassin du Tarn</line>
<line>en Lozère sur le territoire des communes de Ispagnac, Quézac, Montbrun, Sainte-Enimie,</line>
<line>Laval du Tarn, La Malène, Saint Georges de Lévéjac, Les Vignes et Saint Rome de Dolan.</line></par>
</text>
</block>
<block><region><rect/></region>
<text>
<par>
<line>Le préfet,</line></par>
<par>
<line>VU le code de l’environnement et notamment ses articles L562-1 à L562-9, R562-1 à R562-12</line>
<line>relatifs aux plans de prévention des risques naturels.</line></par>
<par>
<line>VU le code de l’urbanisme et notmnment son article L126-L</line></par>
<par>
<line>VU l’arrêté préfectoral n° 04-A 128 du 23 juin 2004 prescrivant l'élaboration du plan de</line>
<line>prévention des risques d’inondation (PPRI) du bassin du Tarn en Lozère sur le territoire des</line>
<line>communes de Ispagnac, Quézac, Montbrun, Sainte-Enimie, Laval du Tarn, La Malène,</line>
<line>Saint Georges de Lévéjac, Les Vignes et Saint Rome de Dolan.</line></par>
<par>
<line>VU l’arrêté préfectoral n° 2013112-0037 du 22 avril 2013, prescrivant l’ouverture d’une</line>
<line>enquête publique relative au projet d'un plan de prévention des risques d’inondation (PPRI) du</line>
<line>bassin du Tarn en Lozère sur le territoire des communes de Ispagnac, Quézac, Montbrun,</line>
<line>Sainte-Enimie, Laval du Tarn, La Malène, Saint Georges de Lévéjac, Les Vignes et</line>
<line>Saint Rome de Dolan.</line></par>
<par>
<line>VU l'avis des conseils municipaux des communes concernées et des services consultés.</line></par>
<par>
<line>VU le rapport et les conclusions du commissaire enquêteur en date du 29 août 2013.</line></par>
<par>
<line>VU le rapport du directeur départemental des territoires de la Lozère ;</line></par>
<par>
<line>SUR proposition du directeur départemental des territoires.</line></par>
</text>
</block>
<block><region><rect/></region>
<text>
<par>
<line>ARRETE:</line></par>
</text>
</block>
<block><region><rect/></region>
<text>
<par>
<line>Article 1 - Est approuvé tel qu'il est annexé au présent arrêté, le plan de prévention des risques</line>
<line>d’inondation (PPRI) du bassin du Tarn en Lozère sur le territoire des communes de Ispagnac,</line>
<line>Quézac, Montbrun, Sainte-Enimie, Laval du Tarn, La Malène, Saint Georges de Lévéjac,</line>
<line>Les Vignes et Saint Rome de Dolan.</line></par>
</text>
</block>



</page>
<page width="1653" height="2336" resolution="200">
<block><region><rect/></region>
<text>
<par>
<line>Article 2 - Le dossier comprend :</line></par>
<par>
<line>- un rapport de présentation ;</line></par>
<par>
<line>- les cartes de zonage ;</line></par>
<par>
<line>- règlement.</line></par>
<par>
<line>Article 3 -_En application de l’article L 562-4 du code de l’environnement, le plan de</line>
<line>prévention des risques naturel prévisible approuvé vaut servitude d’utilité publique. A ce</line>
<line>titre, les maires concernés devront annexer le présent PPRI au plan local d’urbanisme de la</line>
<line>commune, conformément à l’article L 126-1 du code de l’urbanisme.</line></par>
<par>
<line>Article 4 - Le présent arrêté fera l'objet d'une mention au recueil des actes administratifs de</line>
<line>l’Etat dans le département ainsi que dans un journal diflusé dans le département.</line></par>
<par>
<line>Une copie de l'arrêté sera affichée pendant au moins un mois dans les mairies de Ispagnac,</line>
<line>Quézac, Montbrun, Sainte-Enimie, Laval du Tarn, La Malène, Saint Georges de Lévéjac,</line>
<line>Les Vignes et Saint Rome de Dolan.</line></par>
<par>
<line>Article 5 - Le dossier de plan de prévention des risques et le présent arrêté seront tenus à la</line>
<line>disposition du public :</line></par>
<par>
<line>- à la mairie de Ispagnac, Quézac, Montbrun, Sainte-Enimie, Laval du Tarn, La Malène,</line>
<line>Saint Georges de Lévéjac, Les Vignes et Saint Rome de Dolan ;</line></par>
<par>
<line>- à la préfecture ;</line></par>
<par>
<line>- au siège de la direction départementale des territoires, 4 avenue de la gare 48000 Mende.</line></par>
<par>
<line>Article 6 - La secrétaire générale de la préfecture, la sous-préfète de Florac, les maires des</line>
<line>communes de Ispagnac, Quézac, Montbrun, Sainte-Enimie, Laval du Tarn, La Malène, Saint</line>
<line>Georges de Lévéjac, Les Vignes et Saint Rome de Dolan, le directeur départemental des</line>
<line>territoires, sont chargés, chacun en ce qui le concerne de l’exécution du présent arrêté, dont</line>
<line>copie sera adressée à monsieur le directeur des services d’incendie et de secours de la Lozère</line>
<line>et à monsieur le directeur régional de l’environnement, de l’aménagement et du logement</line>
<line>Languedoc-Roussillon.</line></par>
</text>
</block>
<block><region><rect/></region>
<text>
<par>
<line>Guillaume LAMBERT</line></par>
</text>
</block>







</page>
</PM1>