<?xml version="1.0" encoding="UTF-8"?><PM1>
<page width="4875" height="6923" resolution="600">
<block><region><rect/></region>
<text>
<par>
<line>Liberté • Égalité • Fraternité</line>
<line>RÉPUBUQUE FRANÇAISE</line></par>
</text>
</block>
<block><region><rect/></region>
<text>
<par>
<line>ireetk»</line></par>
<par>
<line>défiaiteiieiilaie</line></par>
<par>
<line>derÉqiipeiieiit</line></par>
<par>
<line>Alpefrllaritiiies</line></par>
<par>
<line>ü</line></par>
<par>
<line>Serviee</line></par>
<par>
<line>AnaK^Nieiit</line></par>
<par>
<line>DllifÛRR6flKrt</line></par>
</text>
</block>
<block><region><rect/></region>
<text>
<par>
<line>lÉwirtritif</line></par>
<par>
<line>■Il-</line></par>
<par>
<line>WpVInMIBi</line></par>
<par>
<line>93003</line></par>
<par>
<line>06201liceceia3</line>
<line>télépbtM *</line></par>
<par>
<line>unnhn</line></par>
<par>
<line>téiéc9pi( *</line></par>
<par>
<line>04 03 72 7212</line></par>
<par>
<line>H^l •</line></par>
</text>
</block>
<block><region><rect/></region>
<text>
<par>
<line>PREFECTURE DES ALPES-MARITIMES</line></par>
<par>
<line>ARRETE</line></par>
<par>
<line>portant approbation dn plan de prévention des risques naturels</line>
<line>prévisibles de mouvements de terrain de la commune de Gorbio</line></par>
</text>
</block>
<block><region><rect/></region>
<text>
<par>
<line>Le préfet du département des Alpes-Maritimes</line>
<line>Officier de la L^on d’honneiu'</line></par>
<par>
<line>Chevalier de l’Ordre National du Mérite</line></par>
</text>
</block>
<block><region><rect/></region>
<text>
<par>
<line>Vu la loi n° 87-565 du 22 juillet 1987 relative à la prévention des risques majerns,</line>
<line>modifiée par la loi n° 95-101 du 02 février 1995 relative au renforcement de la protection</line>
<line>de l’oivironnement.</line></par>
<par>
<line>Vu la loi n° 2003-699 du 30 juillet 2003 relative à la prévention des risques tedmologiques</line>
<line>et naturels et à la réparation ^ dommages.</line></par>
<par>
<line>Vu le décret n° 95-1089 du 05 Octobre 1995 relatif aux plans de préventicm des risques</line>
<line>naturels prévisibles, modifié par les décrets n® 2002-679 du 29 avril 2002 et n°2005-3 du</line>
<line>4 janvier 2005,</line></par>
<par>
<line>Vu l’arrêté préfectoral du 30 août 2002 prescrivant l’étabUssement du plan de prévention</line>
<line>des risques naturels prévisibles de mouvements de terrain sur le territoire de la commune</line>
<line>de Gorbio,</line></par>
<par>
<line>Vu l’arrêté préfectoral du 15 décembre 2003 prescrivant l’ouverture d’une enquête</line>
<line>pubUque sur le plan de prévention des risques naturels prévisibles de mouvements de</line>
<line>terrain sm* le territoire de la commune de Gorbio,</line></par>
<par>
<line>Vu les lettres en date du 15 déconbre 2003 transmettant le projet de plan de prévention des</line>
<line>risques pour avis à la chambre d’agriculture, au centre régional de la propriété forestière de</line>
<line>Provence-Alpes-Côte d’Azur et au maire de Gorbio aux fins de saisine du conseil</line>
<line>municipal.</line></par>
<par>
<line>Vu l’avis de la chambre d’agriciilture des Alpes-Maritimes en date du 28 janvier 2004,</line></par>
<par>
<line>Vu l’avis réputé fevorable du centre r^onal de la propriété forestière de Provrace-Alpes-</line>
<line>Côtes d’Azur en date du 15 février 2004,</line></par>
<par>
<line>Vu l’avis fiivorable avec réserves du conseil municipal de Gorbio en date du 13 février</line>
<line>2004,</line></par>
<par>
<line>Vu le report et les ccmclusions du cmnmissaire enquêteur en date du 2 avril 2004,</line></par>
<par>
<line>Considérant que les avis reçus et les observations déposées lors de l’enquête pubhque</line>
<line>justifient des modifications par rapport au projet de plan de prévention des risques naturels</line>
<line>prévisibles de mouvements de terrain soumis à enquête pubhque.</line></par>
</text>
</block>
<block><region><rect/></region>
<text>
<par/>
</text>
</block>

</page>
<page width="4907" height="6945" resolution="600">
<block><region><rect/></region>
<text>
<par>
<line>ARRETE</line></par>
</text>
</block>
<block><region><rect/></region>
<text>
<par>
<line>Article 1 :</line></par>
</text>
</block>
<block><region><rect/></region>
<text>
<par>
<line>Le plan de prévention des risques naturels prévisibles de mouvemaits de terrain est</line></par>
<par>
<line>approuvé sur le territoire de la conunune de Gorbio tel qu’annexé au présent arrêté.</line></par>
<par>
<line>Il est tenu à la disposition du public ;</line></par>
<par>
<line>1) à la mairie de Gorbio tous les jours ouvrables, aux heures habituelles d’ouverture de la</line>
<line>mairie.</line></par>
<par>
<line>2) à la direction départementale de l'Equipement, Service Aménagement Environnement,</line>
<line>cellule risques naturels, du centre administratif départemental à Nice tous les jours</line>
<line>ouvrables (sauf le samedi) de 9h00 à 1 lh30 et de 14h00 à 15h30.</line></par>
<par>
<line>3) à la subdivision de l’Equipement de Breil sur Roya, tous les jours ouvrables (sauf le</line>
<line>samedi) de 9h00 à 1 lh30 et de 14h00 à 16h00.</line></par>
<par>
<line>Article 2 :</line></par>
</text>
</block>
<block><region><rect/></region>
<text>
<par>
<line>Ce plan de prévention des risques naturels prévisibles comporte ;</line></par>
<par>
<line>- l’arrêté préfectoral du 15 décembre 2003 prescrivant l’établissem^ du plan de</line>
<line>prévention des risques naturels prévisibles de mouvements de terrain sur Gorbio,</line></par>
<par>
<line>- un rapport de présentation</line></par>
<par>
<line>- un règlement</line></par>
<par>
<line>- un plan de zonage au 1/5 000®“</line></par>
<par>
<line>- ime annexe (XHistituée par la carte informative sur les phénomènes naturels au</line>
<line>1/10000®“ et la carte des aléas au 1/5 000®”®.</line></par>
<par>
<line>Articles :</line></par>
<par>
<line>Le prés^ arrêté fera l’objet d’une mention au recueil des actes administratif de l’Etat</line>
<line>dans le département, ainsi que dans les deux journaux locaux ci-après désignés :</line>
<line>« Nice-Matin » et « Le Patriote Côte d’azur ». Une copie de l’arrêté sera affichée en mairie</line>
<line>pendant un mois au minimum.</line></par>
<par>
<line>Article 4 :</line></par>
<par>
<line>Des copies du présent arrêté seront adressées à ;</line></par>
<par>
<line>- monsieiu' le maire de la commune de Gorbio,</line></par>
<par>
<line>- madame la ministre de l’écologie et du développement durable</line></par>
<par>
<line>- monsieur le directeur régional de l’environnement Provence-Alpes-Côte d’azur,</line></par>
<par>
<line>- monsieur le présida de la chambre d’agriculture des Alpes-Maritimes,</line></par>
<par>
<line>- monsieur le président du c^itre r^onal de la propriété forestière,</line></par>
<par>
<line>- monsieur le directeur départemraital de l’agriculture et de la forêt,</line></par>
<par>
<line>- monsieur le directeur départemental de l’équipement.</line></par>
</text>
</block>
<block><region><rect/><rect/></region>
<text>
<par>
<line>Fait à NICE, le I 3 OCT. 2005</line></par>
<par>
<line>te Préfet des Alpes«Marto</line></par>
</text>
</block>
<block><region><rect/></region>
<text>
<par>
<line>(666</line></par>
</text>
</block>
<block><region><rect/></region>
<text>
<par>
<line>DM</line></par>
</text>
</block>
<block><region><rect/></region>
<text>
<par>
<line>ferre BBEUIL</line></par>
</text>
</block>





</page>
</PM1>