<?xml version="1.0" encoding="UTF-8"?><PM1>
<page width="1695" height="2364" resolution="200">
<block><region><rect/></region>
<text>
<par>
<line>L 1</line></par>
<par>
<line>Lihevtif ■ » FrmrnilJ</line></par>
<par>
<line>RÉPUBilQPE FR^ÇAISE</line></par>
<par>
<line>PRÉFET DES ALPBS--DB-ÎIA.UTE-PROVENCE</line></par>
</text>
</block>
<block><region><rect/></region>
<text>
<par>
<line>nniEOTlON ÛETARTEMEKXALE DES TlIKRn’OÏRES Digntî-Îes-Baias, le 1 e ocî. 2011</line></par>
<par>
<line>Siarvice &amp;rviroîineni.Gnt Rssquôs</line></par>
</text>
</block>
<block><region><rect/></region>
<text>
<par>
<line>ARRETE PREFECTORAL2011^/1 W</line>
<line>Portât approbation du Plan de Prévention des</line>
<line>Risques Naturels prévisibles de la coirimune.</line>
<line>de Seyae</line></par>
<par>
<line>LÂ PRÉFÈTE DES ÂLPES-BE-HATITE-PROVEKCE</line>
<line>Chevalier de k Lé^on d’Honnenr,</line></par>
<par>
<line>Chevalier de POrdi*© National du Mérite</line></par>
</text>
</block>
<block><region><rect/></region>
<text>
<par>
<line>VU le Code de Penvironnement ;</line></par>
<par>
<line>VU la loi n'^2003-é99 du 30 juillet 2003 relative à la prévention des risques technologiques et</line>
<line>naturels et à la réparation des dommages ;</line></par>
<par>
<line>VtJ le déoret ïf 954089 du OS octobre 1995 relatif aux plans de ptévention des risques naturels</line>
<line>prévisibles modifié par le décret n® 2005-3 du 04 janvier 2Û05 ;</line></par>
<par>
<line>VU l’arrêté préfectoral n° 2006“38ï4 du 22 décembre 2006 prescrivant félabomtion d'un plan de</line>
<line>prévention des risques naturels prévisibles sur la commune de Seyne;</line></par>
<par>
<line>VIT l’arrêté préfectoral n'’ 2010-2571 du 20 décembre 2010 prescrivant l’enquête publique sur F</line>
<line>élakïration du plan de prévention des risques naturels prévisibles de la commune de Seyne ;</line></par>
<par>
<line>VU les résultats de l’enquête publique à laquelle il a été procédé et Favis du commissaire</line>
<line>enquêteur ;</line></par>
<par>
<line>VU le rapport du Directeur Départemental des Territoires des Alpes-de-Haute-Provence en date</line>
<line>du 04 octobre 2011;</line></par>
<par>
<line>SUR proposition de Madame la Directrice de la Sécurité et des Services du Cabinet de la</line></par>
<par>
<line>Préfecture des Alpes-de-Haute-Provence ;</line></par>
</text>
</block>
<block><region><rect/></region>
<text>
<par>
<line>ARRETE:</line></par>
</text>
</block>
<block><region><rect/></region>
<text>
<par>
<line>DIRRCTTON DEPASU'EMENTAÎ,.RDES'rERRrrOiRES</line>
<line>AVENUE OËMONI'ZEY BPlîl 04Ü52 DKmE-i,ES-BA1NSCED£X -Téiqsiiww 04.9230.55-00</line>
<line>llorairfis d'oisveiiuro au public ,■ du Oh à 11 h 30 ce de Mh 15 à I6h 15, du lundi au vendredi</line>
<line>Site ; »vw\v:a!}ïfls-de'iîauîeiHï&gt;v&lt;Jrjce,j7feif.§cniv.fi'</line></par>
</text>
</block>
<block><region><rect/></region>
<text>
<par>
<line>155</line></par>
</text>
</block>






</page>
<page width="1708" height="2373" resolution="200">
<block><region><rect/></region>
<text>
<par>
<line>âMIfflil:</line></par>
<par>
<line>Est approuvé, tel qu’il est annexé au présent mtêté, le plan de prévention des risques naturels</line>
<line>prévfâibles de la commune de Seyne.</line></par>
<par>
<line>ATmCLE2;</line></par>
<par>
<line>Le plan de prévention des risques comprend :</line></par>
<par>
<line>- une note de piosentaEon,</line></par>
<par>
<line>- une carte d'historicité des phénomènes,</line></par>
<par>
<line>- un règlement,</line></par>
<par>
<line>- une cartographie des aléas,</line></par>
<par>
<line>- une carte des enjeux,</line></par>
<par>
<line>- une cartographie du zonage réglementaire des risques.</line></par>
<par>
<line>ÎI est tenu à la disposition du public :</line></par>
<par>
<line>“ à la Mairie de Seyne tous les jours ouvi'ables et aux heures d’ouvertures de la Mairie ;</line></par>
<par>
<line>- à h Préfecture des Alp^-de-Baute-Provence ™ Cabinet (Service Interministériel de</line>
<line>Défense et de Protection Civiles).</line></par>
</text>
</block>
<block><region><rect/></region>
<text>
<par>
<line>Le présent arrêté sera affiché en Mairie de Seyne pendant un mois minimum.</line></par>
<par>
<line>Ü sera inséré dans le Recueil des Actes Administratifs de la Préfecture ainsi que dans les journaux</line>
<line>« LA PROVENCE » et « LA MARSEILLAISE ».</line></par>
</text>
</block>
<block><region><rect/></region>
<text>
<par>
<line>Le Secrétaire Général de la Préfecture, le Directeur de la Sécurité et des Services du Cabinet de la</line>
<line>Préfecture, le Directeur Départemental des Territoires, le Maire de la Commune de Seyne, sont</line>
<line>chaagés, chacun ^ ce qui le concerne, de V exécution du présent arrêté, qui sera notifié à :</line></par>
<par>
<line>- Monsieur le Maire de Seyne,</line></par>
<par>
<line>- Monsieur le Directeur Départemental des Temtoires des Alpas-de-Haute-Provence,</line></par>
</text>
</block>
<block><region><rect/></region>
<text>
<par>
<line>ARTICLE S ; Le présent arrêté peut faire Tobjet :</line></par>
<par>
<line>" d’xm recours gracieux auprès du Préfet Alpes-de-Haute-Provence ;</line></par>
</text>
</block>
<block><region><rect/></region>
<text>
<par>
<line>pages</line></par>
</text>
</block>
<block><region><rect/></region>
<text>
<par>
<line>156</line></par>
</text>
</block>




</page>
<page width="1687" height="2358" resolution="200">
<block><region><rect/></region>
<text>
<par>
<line>d’im reœïirs hiérarchique auprès du Ministre de IHntérieur, de routre-nier, des</line>
<line>collectivités territoriales et de l'humigratioCj directiou de la sécurité civile ;</line></par>
</text>
</block>
<block><region><rect/></region>
<text>
<par>
<line>- d’un recours contentieux devartt le Tribunal administratif de Marseille (22-24, Rue</line>
<line>Bieteuil --13281 MARSEILLE Cedex 6)</line></par>
</text>
</block>
<block><region><rect/></region>
<text>
<par>
<line>dans lin délai de deux mots à compter de sa notification.</line></par>
</text>
</block>
<block><region><rect/></region>
<text>
<par>
<line>Yvette MA</line></par>
</text>
</block>
<block><region><rect/></region>
<text>
<par>
<line>157</line></par>
</text>
</block>



</page>
<page width="1656" height="2336" resolution="200">
</page>
</PM1>