<?xml version="1.0" encoding="UTF-8"?><PM1>
<page width="1654" height="2340" resolution="200">
<block><region><rect/></region>
<text>
<par>
<line>REPUBLIQUE FRANÇAISE</line></par>
</text>
</block>
<block><region><rect/></region>
<text>
<par>
<line>PREFECTURE DE CORSE</line>
<line>CABINET DU PREFET</line></par>
</text>
</block>
<block><region><rect/></region>
<text>
<par>
<line>ARRETENT 02.0574</line></par>
</text>
</block>
<block><region><rect/></region>
<text>
<par>
<line>Approuvant le Plan de Prévention des Risques d’inondation</line>
<line>dans les bassins versants de « Favone et Cannella »</line>
<line>commune de Sari Solenzara</line></par>
</text>
</block>
<block><region><rect/></region>
<text>
<par>
<line>LE PREFET DE CORSE, PREFET DE LA CORSE DU SUD, OFFICIER DE LA</line>
<line>LEGION D'HONNEUR,</line></par>
<par>
<line>VU la loi n° 87.565 du 22 juillet 1987 relative à l’organisation de la sécurité civile, à la</line>
<line>protection de la forêt contre l’incendie et à la prévention des risques majeurs et notamment ses</line>
<line>articles 40.1 à 40.7,</line></par>
<par>
<line>VU la loi n° 95.101 du 2 février 1995 relative au renforcement de la protection de</line>
<line>l’environnement, modifiant la loi 87.565 du 22.07.87 précitée,</line></par>
</text>
</block>
<block><region><rect/></region>
<text>
<par>
<line>VU le programme de prévention contre les inondations liées au ruissellement pluvial urbain et</line>
<line>aux crues torrentielles réalisé en 1994 par le Ministère de l’Environnement pour la Corse du</line>
<line>Sud,</line></par>
<par>
<line>VU le programme 1994 - 1998 de la cartographie réglementaire des risques naturels</line>
<line>prévisibles répertoriant les bassins versants de « Favone et Cannella » comme des bassins</line>
<line>prioritaires de risque,</line></par>
<par>
<line>VU l’arrêté préfectoral'en date du 25 février 1997 prescrivant l’établissement d’un plan de</line>
<line>prévention des risques d’inondation sur le territoire de la commune de Sari Solenzara</line>
<line>- bassins versants de « Favone et Cannella »-,</line></par>
<par>
<line>VU l’étude du risque d’inondation réalisée en 1998 par le bureau d’études DARAGON</line>
<line>CONSEIL, ayant conduit à la délimitation des zones inondables dans les bassins versants de</line>
<line>« Favone et Cannella »,</line></par>
<par>
<line>VU la lettre de consultation de la commune de Sari Solenzara en date du 12 juin 2001,</line></par>
<par>
<line>VU l’avis de la Chambre départementale d’agriculture de la Corse du Sud en date du 30 juillet</line>
<line>2001</line></par>
</text>
</block>
</page>
<page width="1654" height="2340" resolution="200">
<block><region><rect/></region>
<text>
<par>
<line>vu l’avis du Centre Régional de la Propriété Forestière en date du 7 juin 2001,</line></par>
<par>
<line>VU l’arrêté préfectoral en date du 15 mai 2001 prescrivant l’ouverture d’une enquête publique</line>
<line>relative au projet de plan de prévention des risques d’inondation dans les bassins versants de</line>
<line>« Favone et Cannella ».</line></par>
<par>
<line>VU le rapport et l’avis du Commissaire enquêteur,</line></par>
<par>
<line>SUR proposition de M. le Sous-Préfet, Directeur de Cabinet,</line></par>
</text>
</block>
<block><region><rect/></region>
<text>
<par>
<line>ARRETE</line></par>
</text>
</block>
<block><region><rect/></region>
<text>
<par>
<line>ARTICLE 1 - Le plan de prévention des risques d’inondation dans les bassins versants de</line>
<line>« Favone et Canella » couvrant une partie du territoire de la commune de Sari Solenzara, est</line>
<line>approuvé tel qu’il est annexé au présent arrêté.</line></par>
<par>
<line>ARTICLE 2 - Le présent arrêté fera l’objet d’une mention au recueil des actes administratifs</line>
<line>de l’Etat dans le département ainsi que dans deux journaux régionaux ou locaux diffusés dans</line>
<line>le département.</line></par>
<par>
<line>De même, une copie de cet arrêté sera affichée pendant un mois à la mairie de Sari Sojenzara #</line>
<line>sur le territoire de laquelle le plan est applicable. .</line></par>
<par>
<line>Le plan approuvé sera tenu à la disposition du public en préfecture et en mairie.</line></par>
<par>
<line>Cette gaesure de publicité fera l’objet d’une mention avec les publications de l’affichage</line>
<line>prévus aux alinéas précédents.</line></par>
<par>
<line>ARTICLES</line></par>
<par>
<line>- MM. Le Sous-Préfet, Directeur de Cabinet, le Maire de Sari Solenzara sont chargés, chacun</line>
<line>en ce qui le concerne de l'exécution du présent arrêté dont ampliation sera adressé à Messieurs</line></par>
<par>
<line>- Le Sous-Préfet de Sartène</line></par>
<par>
<line>- Le Sous-Préfet, Secrétaire Général de la Préfectifre</line></par>
<par>
<line>- Le Directeur Régional et Départemental de l’Equipement</line></par>
<par>
<line>- Le Directeur Départemental Adjoint au Directeur Régional de l’Agriculture et de la Forêt</line>
<line>chargé des affaires départementales</line></par>
<par>
<line>- Le Directeur Régional de l’Environnement</line></par>
<par>
<line>- Le Directeur Régional de l’Industrie et de la Recherche</line></par>
<par>
<line>- Le Chef du Service Départemental d’incendie et de Secours de la Corse du Sud</line></par>
</text>
</block>
<block><region><rect/><rect/><rect/><rect/></region>
<text>
<par>
<line>Pour Ampliation</line>
<line>Pour le Préfet et par Délégation</line>
<line>leXi^Lde Sen-ice</line></par>
</text>
</block>
<block><region><rect/></region>
<text>
<par>
<line>UNŒRMAN</line></par>
</text>
</block>
<block><region><rect/><rect/><rect/></region>
<text>
<par>
<line>FAIT à AJACCIO, le</line>
<line>LE PREFET,</line></par>
</text>
</block>
<block><region><rect/><rect/><rect/></region>
<text>
<par/>
</text>
</block>
<block><region><rect/></region>
<text>
<par>
<line>i-aurenî -^Qt-^iauX</line></par>
</text>
</block>
<block><region><rect/></region>
<text>
<par>
<line>m. 2Q02</line></par>
</text>
</block>
<block><region><rect/></region>
<text>
<par>
<line>lA</line></par>
</text>
</block>
<block><region><rect/></region>
<text>
<par>
<line>03</line></par>
</text>
</block>
<block><region><rect/></region>
<text>
<par/>
</text>
</block>
<block><region><rect/></region>
<text>
<par/>
</text>
</block>
<block><region><rect/></region>
<text>
<par/>
</text>
</block>
<block><region><rect/></region>
<text>
<par/>
</text>
</block>
<block><region><rect/></region>
<text>
<par/>
</text>
</block>
<block><region><rect/></region>
<text>
<par>
<line>U</line></par>
</text>
</block>
<block><region><rect/></region>
<text>
<par>
<line>CO</line></par>
</text>
</block>
<block><region><rect/></region>
<text>
<par>
<line>%»*</line></par>
</text>
</block>
<block><region><rect/></region>
<text>
<par/>
</text>
</block>
<block><region><rect/></region>
<text>
<par/>
</text>
</block>
<block><region><rect/></region>
<text>
<par/>
</text>
</block>
<block><region><rect/></region>
<text>
<par>
<line>M</line></par>
</text>
</block>
</page>
</PM1>