<?xml version="1.0" encoding="UTF-8"?><PM1>
<page width="2479" height="3504" resolution="300">
<block><region><rect/></region>
<text>
<par>
<line>N° 8-16 avril 2009</line></par>
</text>
</block>
<block><region><rect/></region>
<text>
<par>
<line>RECUEIL DES ACTES ADMINISTRATIFS ET DES INFORMATIONS</line></par>
</text>
</block>
<block><region><rect/></region>
<text>
<par>
<line>507</line></par>
</text>
</block>
<block><region><rect/></region>
<text>
<par>
<line>l’Arriu-Mage, commune de Bielle, le samedi 18 avril 2009</line>
<line>de 15 h 00 à 17 h 30.</line></par>
<par>
<line>Article 2. Afin de préserver les ressources piscicoles et</line>
<line>l’équilibre biologique du milieu, l’Association agréée poin</line>
<line>la Pêche et la Protection du Milieu aquatique de Bielle/</line>
<line>Bilheres, détentrice des droits de pêche sur l’Arriu-Mage, est</line>
<line>chargée de l’organisation de cette manifestation qui devra</line>
<line>se dérouler dans le respect de la réglementation applicable</line>
<line>à l’exercice de la pêche dans le departement des Pyrénées-</line>
<line>Atlantiques. L’organisateur est tenu d’observer, en particu¬</line>
<line>lier, les règles suivantes :</line></par>
<par>
<line>a) Tout adulte susceptible de coimncttie un acte de pêche en</line>
<line>tenant ou manoeuvrant une ligne devra justifier sa qualité</line>
<line>de membre d’une Association agréée pour la Pêche et la</line>
<line>Protection du Milieu aquatique et avoir acquitté les taxes</line>
<line>piscicoles correspondantes. Les conjoints des personnes</line>
<line>qui acquittent la taxe piscicole, les ütularres de la carte</line>
<line>d’économiquement faible, les grands invalides de guerre</line>
<line>ou du travail, titulaires d'une pension de 85 % et au-</line>
<line>dessus, les appelés pendant la durée du scnrcc national</line>
<line>et les mineurs jusqu’à l’âge de 16 ans, sont dispetrsés de</line>
<line>payer la taxe piscicole lorsqu'ils pêchent à l’aide d’une</line>
<line>seule ligne équipée de deux hameçons simples au plus,</line>
<line>pêche au lancer exemptée, sous réserve de la permission</line>
<line>de celui à qui le droit de pêche appartient.</line></par>
<par>
<line>b) Interdiction d’entraver la libre circulation des poissons</line>
<line>par la pose de filets, grillages ou de tout autre moyen aux</line>
<line>extrémités aval et amont du concours de pêche (y compris</line>
<line>si la pêche se déroule dans urr carrai).</line></par>
<par>
<line>c) Interdiction de pêcher darrs les parties de cours d’eau ou</line>
<line>canaux mis en réserve ainsi que 50 m en amont et en aval</line>
<line>des barrages situés sur les cours d'eau classés à poissons</line>
<line>migrateurs.</line></par>
<par>
<line>d) Interdiction de pêche avec utilisation de l’asticot pour</line>
<line>appât.</line></par>
<par>
<line>e) L'espèce de poisson déversée doit être compatible avec</line>
<line>les espèces présentes dans le cours d'eau.</line></par>
<par>
<line>f ) Les poissons dév'crsés seront issus de piscicultures affiliées</line>
<line>au groupement de défense sanitaire aquacole d’Aqui¬</line>
<line>taine.</line></par>
<par>
<line>g) Obligation de respecter le quota journalier de captures</line>
<line>en vigueur (10) ainsi que la taille légale en vigueur ; 20</line>
<line>cm.</line></par>
<par>
<line>Article 3. Le non-respect des prescriptions de la présente</line>
<line>autorisation sera punie de l’amende prévTje pour les contra¬</line>
<line>ventions de la 3e classe (Art. R 236-56 du Code Rural). Cette</line>
<line>sanction sera encourue par l’organisateur du concours de</line>
<line>pêche. Les participants pourront également être poursuivis</line>
<line>lorsqu’ils n’amont pas respecté la réglementation en</line>
<line>vigueur.</line></par>
<par>
<line>Article 4. Les droits des tiers sont et demeurent expressé¬</line>
<line>ment réservés.</line></par>
<par>
<line>Article S :M. le .Secrétaire général de la Préfecture, M. le</line>
<line>Dircctcm' départemental de l’équipement et de Tagiicul-</line>
<line>tui-c, M. le Président de la Fédération départementale des</line>
<line>Associations agréées pour la Pêche et la Protection du Milieu</line>
<line>aquatique, M. le Chef du Service Départemental de l’Office</line>
<line>National de l’Eau et des Milieux Aquatiques, M. le Prési¬</line></par>
</text>
</block>
<block><region><rect/></region>
<text>
<par>
<line>dent de l’Association agréée pom' la Pêche et la Protection</line>
<line>du Milieu aquatique de Bielle/Bilhères, sont chargés chacun</line>
<line>en ce qui le concerne de l’exécution du présent arrêté, qui</line>
<line>sera publié au Recueil des Actes administratifs et des Infor¬</line>
<line>mations de la Préfecture des Pyrénées-Atlantiques.</line></par>
<par>
<line>Fait à Pau, le 25 mars 2009</line>
<line>Le Préfet,</line></par>
<par>
<line>Pour le Préfet et par délégation.</line></par>
<par>
<line>Pour le directeur départemental</line>
<line>de l'équipement et de l'agriculture,</line>
<line>le responsable de l’unité qualité milieux</line>
<line>Nicolas ROBIN</line></par>
</text>
</block>
<block><region><rect/></region>
<text>
<par>
<line>PUBLICITE</line></par>
</text>
</block>
<block><region><rect/></region>
<text>
<par>
<line>Montant, pour l'année 2009,</line>
<line>de l'astreinte administrative prévue</line>
<line>eu matière de publicité, enseignes et préeuseignes</line></par>
<par>
<line>Direction des collectivités locales et de rcnviroimemcnt</line></par>
<par>
<line>Par arrêté préfectoral n° 200984-11 du 25 mars 2009,</line>
<line>en application de 1 ’ article L581-30 du code de 1 ’ cnviromicmcnt,</line>
<line>le montant de l’astreinte prevue en matière de publicité,</line>
<line>enseignes et preenseignes, est poitc de 92,57 € (valcm' 2008)</line>
<line>à 93,21 €, par application de l’indice mensuel des prix à la</line>
<line>consommation, hors tabac, de l’ensemble des ménages du</line>
<line>mois de janv'icr 2009 calculé pat l'INSEE (soit 117,13 contre</line>
<line>116,32 en janvier 2008, sur la nouvelle base 100 de 1998), et</line>
<line>publié au Journal Officiel du 22 février 2009.</line></par>
<par>
<line>Ce montant sera applicable à tous les arrêtés pris poste¬</line>
<line>rieurement au 22 février 2009.</line></par>
</text>
</block>
<block><region><rect/></region>
<text>
<par>
<line>ENVIRONNEMENT</line></par>
</text>
</block>
<block><region><rect/></region>
<text>
<par>
<line>Approbation du plan de prévention</line>
<line>du risque d'inondation de la commune de Mouguerre</line></par>
</text>
</block>
<block><region><rect/></region>
<text>
<par>
<line>Arreté préfectoral n“ 200984-13 du 25 mars 2009</line>
<line>Service interministériel de défense et de protection civiles</line></par>
<par>
<line>Le Préfet des Pyrénées-Atlantiques, Chevalier de la Légion</line>
<line>d’Honneur,</line></par>
<par>
<line>Vu le code de l’enviiomiemeut, articles R562-1 à R 562-10;</line></par>
<par>
<line>Vu l'arrêté préfectoral en date du 19 octobre. 1998, prescri¬</line>
<line>vant l’etablissement d’un plan de prévention du risque</line>
<line>d'inondation (P.P.R.I.) sur la conmiuuc de MouguciTc;</line></par>
<par>
<line>Vu l’arrêté préfectoral en date du 12 décembre 2007</line>
<line>prescrivant rouvcrturc d'une enquête publique sur le plan</line>
<line>de prévention du risque d'inondation de la commune de</line>
<line>Mouguerre;</line></par>
<par>
<line>Vu la délibération du Conseil mtmicipal en date du 29</line>
<line>mars 2007;</line></par>
</text>
</block>










</page>
<page width="2479" height="3504" resolution="300">
<block><region><rect/></region>
<text>
<par>
<line>508</line></par>
</text>
</block>
<block><region><rect/></region>
<text>
<par>
<line>RECUEIL DES ACTES ADMINISTRATIFS ET DES INFORMATIONS</line></par>
</text>
</block>
<block><region><rect/></region>
<text>
<par>
<line>N-8-16 avril 2009</line></par>
</text>
</block>
<block><region><rect/></region>
<text>
<par>
<line>Vu le procès - verbal de rcnquctc publique qui s'est</line>
<line>déroulée du 3 janvier 2008 au 4 février 2008 inclus et à l'avis</line>
<line>du Commissaire -enquêteur en date du 28 février 2008;</line></par>
<par>
<line>Sur proposition du directeiu de Cabinet de la préfecture ;</line></par>
<par>
<line>ARRETE :</line></par>
<par>
<line>Article premier :</line></par>
<par>
<line>I. est approuvé tel qu’ il est annexé au présent ancté, le Plan</line>
<line>de Prévention du Risque d’inondation de la coimnunc</line>
<line>de Mouguerre.</line></par>
<par>
<line>II. le P.P.R.I. comprend : un règlement, une carte régle¬</line>
<line>mentaire au 1/lOOOOe, d'tme partie aimcxe comprenant</line>
<line>une note de présentation incluant la liste des textes</line>
<line>réglementaires, la carte des aléas au 1/lOOOOe, ime carte</line>
<line>informative au l/15000e et un plan de situation.</line></par>
<par>
<line>III. le P.P.R.I. est tenu à la disposition du public : à la mairie</line>
<line>de Mouguerre, à la direction départementale de T équi¬</line>
<line>pement et de la foret, à la préfecture de Pau (S.I.D.P.C.),</line>
<line>à la sous-préfecture de Bayomie</line></par>
<par>
<line>Article 2. Le présent aiTcté sera publié au recueil des actes</line>
<line>administratifs et mention en sera faite dans les journaux ci-</line></par>
<par>
<line>après désignés; .Sud-Ouest - édition Pays Basque et Les</line></par>
<par>
<line>petites affiches du Pays Basque, et des Pyrénées-Atlantiques</line></par>
<par>
<line>Une copie de l’aixcté d’approbation sera affichée à la</line>
<line>mairie pendant un mois au minimum. Cette mesure de publi¬</line>
<line>cité sera justifiée par un certificat du maire et un exemplaire</line>
<line>des journaux sera aimexé au dossier.</line></par>
<par>
<line>Article 3. Des copies seront adressées à M. le sous-prefet</line>
<line>de l’anondisscment de Bayonne, M. le maire de Mougucnc,</line>
<line>M. le directeur départemental de Tequipement et de la forêt,</line>
<line>M. le ministre d’Etat, ministre de l’écologie, de l’énergie, du</line>
<line>développement durable et de l’aménagement du tcnitoirc.</line></par>
<par>
<line>Article 4. MM. Le sous-préfet de Bayonne, le directeur de</line>
<line>cabinet du Préfet, M. le makc de Mouguerre, M. le directeur</line>
<line>départemental de l’équipement et de la forêt sont chargés,</line>
<line>chacun en ce qui le concenic, de l’exécution du présent arrête.</line></par>
<par>
<line>Fait à Pau, le 25 mars 2009</line>
<line>Le Préfet : Philippe REY</line></par>
</text>
</block>
<block><region><rect/></region>
<text>
<par>
<line>COMITES ET COMMISSIONS</line></par>
</text>
</block>
<block><region><rect/></region>
<text>
<par>
<line>Reuouvellemeut de la comiiiissiou de surveillance</line>
<line>de la maison d'arrêt de Pau</line></par>
</text>
</block>
<block><region><rect/></region>
<text>
<par>
<line>Arrête préfectoral n° 200983-2 du 24 mais 2009</line>
<line>Direction de la réglementation</line></par>
<par>
<line>Le Préfet des Pyrénées-Atlantiques, Chevalier de la Légion</line>
<line>d’Honneur,</line></par>
<par>
<line>Vu le code de procédiue pénale, notamment les articles D.</line>
<line>180 à D. 185 relatifs aux connnissions de surveillance des</line>
<line>établissements pénitentiaires ;</line></par>
<par>
<line>Vu la ch’culaire du garde des sceaux, ministre de la justice,</line>
<line>en date du 19 mars 1986 ;</line></par>
</text>
</block>
<block><region><rect/></region>
<text>
<par>
<line>Vu l’arreté préfectoral n‘’2007-36-6 du 5 février 2007,</line>
<line>modifié le 7 mars 2007, relatif à la composition de la commis¬</line>
<line>sion de surveillance de la maison d’arrêt de Pau ;</line></par>
<par>
<line>Considérant qu’il y a lieu de procéder au renouvelle¬</line>
<line>ment des membres de cette conunission désignés au titre</line>
<line>des oeuvres d’assistance aux détenus ou aux libérés, et des</line>
<line>oeuvres sociales ;</line></par>
<par>
<line>Le juge de l’application des peines ayant été consulté ;</line></par>
<par>
<line>Sur proposition du secrétaire général de la préfeetme,</line>
<line>ARRETE;</line></par>
<par>
<line>Arricle premier. La commission de smvcillancc de la</line>
<line>maison d’arrêt de Pau est composée comme suit :</line></par>
<par>
<line>Président :</line></par>
<par>
<line>- M. le préfet ou le secrétaire général de la préfecture.</line>
<line>Membres de droit :</line></par>
<par>
<line>- M. le premier président de la Cour d’appel de Pau, ou le</line>
<line>magistrat le représentant ;</line></par>
<par>
<line>- M. le procureur général près la Cour d’appel de Pau, ou le</line>
<line>magistrat le représentant ;</line></par>
<par>
<line>- M. le président du tribunal de grande instance de Pau, ou</line>
<line>le magistrat le représentant ;</line></par>
<par>
<line>“ M, le procureur de la République près le tribunal de grande</line>
<line>instance de Pau, ou le magistrat le représentant ;</line></par>
<par>
<line>- M. le juge de l’application des peines ;</line></par>
<par>
<line>- M. Michel Alik.juged’instructionprèsletribimal de grande</line>
<line>instance de Pau ;</line></par>
<par>
<line>- M. le juge des enfants ;</line></par>
<par>
<line>- M. le bâtonnier de l’ordre des avocats ou son représen¬</line>
<line>tant ;</line></par>
<par>
<line>- M. Jean-François Maison, conseiller général ;</line></par>
<par>
<line>- M*” la maire de Pau, ou son représentant ;</line></par>
<par>
<line>- M. le directeur départemental du tcavail, de l’emploi et de</line>
<line>la formation professionnelle, ou son représentant ;</line></par>
<par>
<line>- M. l’inspecteur d’académie, ou son représentant ;</line></par>
<par>
<line>- M. le président de la chambre de commerce et d’industrie</line>
<line>Pau Béarn, ou son représentant ;</line></par>
<par>
<line>- M. le président de la chambre de métiers et de l’artisanat,</line>
<line>ou son représentant ;</line></par>
<par>
<line>- M^la directrice départementale des affaires sauitahes et</line>
<line>sociales, ou son représentant ;</line></par>
<par>
<line>- M. le directeur départemental de la jeunesse et des sports,</line>
<line>ou son représentant ;</line></par>
<par>
<line>- M. le commandant du groupement de gendarmerie des</line>
<line>Pyrénées-Atlantiques, ou son représentant ;</line></par>
<par>
<line>- M, le directem dépaitemental de la sécurité publique, ou</line>
<line>son représentant ;</line></par>
<par>
<line>Représentant des œuvres d’assistance aivi détenus ou aux</line>
<line>libérés agréées an titre de l’aide sociale :</line></par>
<par>
<line>- M. Olivier Grosland, animateur socio-éducatif au centre de</line>
<line>formation professionnelle des adultes (AFPA) de Pau .</line></par>
<par>
<line>Personnes appartenant à des oeuvres sociales ou choisies en</line>
<line>raison de l’intérêt qii 'elles portent aux problèmes pénitenti¬</line></par>
<par>
<line>aires et post-pénaux ;</line></par>
</text>
</block>




















</page>
</PM1>