<?xml version="1.0" encoding="UTF-8"?><PM1>
<page width="1656" height="2336" resolution="200">
<block><region><rect/></region>
<text>
<par>
<line>Liberté • Égalité • Fraternité</line>
<line>RÉFUBLiaï^E FRANÇAISE</line></par>
<par>
<line>PRÉFET DES ALPES-DE-HAUTE-PROVENCE</line></par>
</text>
</block>
<block><region><rect/></region>
<text>
<par>
<line>DffiECTÏON DEPARTEMENTALE DES TERRITOIRES</line>
<line>Service Bnvü'onnetneut Risques</line></par>
</text>
</block>
<block><region><rect/></region>
<text>
<par>
<line>Digne-les-BaînSj le</line></par>
</text>
</block>
<block><region><rect/></region>
<text>
<par>
<line>ARRETE PREFECTORAL N° 2012- S, 4C3</line>
<line>portant approbation du plan de prévention des risques</line>
<line>naturels prévisibles de la commune de Saint-Jurs.</line></par>
</text>
</block>
<block><region><rect/></region>
<text>
<par>
<line>M PRÉFET DES ALPES-DE-HAUTE-PROVENCE</line></par>
<par>
<line>Chevalier de l’Ordre National de la Légion d'Honneur</line>
<line>Chevalier de l'Ordre National du Mérite</line></par>
</text>
</block>
<block><region><rect/><rect/><rect/></region>
<text>
<par>
<line>VU le code de l’environnement, notamment ses articles L. 562-1 à L 562-9, R. 562-1 à R. 562-</line>
<line>10 relatifs aux plans de prévention des risques naturels prévisibles et R. 123-1 à R. 123-23</line>
<line>relatifs à la procédure et au déroulement de l'enquête publique ;</line></par>
<par>
<line>VU le code de l'urbanisme ;</line></par>
<par>
<line>VU le code de la construction et de l’habitation ;</line></par>
<par>
<line>VU le code des assurances ;</line></par>
<par>
<line>VU le décret n'^2004-374 du 29 avril 2004 relatif aux pouvoirs des préfets, à l’organisation ou à</line>
<line>l'action des services de l’État dans les régions et les départements ;</line></par>
<par>
<line>VU le décret n“2005-n56 du 13 septembre 2005 relatif au plan communal de sauvegarde pris</line>
<line>pour Tapplioation de l'article 13 de la loi n'’2004-881 du 13 août 2004 de modernisation de la</line>
<line>sécurité civile ;</line></par>
<par>
<line>VU l'arrêtépréfectoraln‘^2011-1759 du 23 septembre 2011 prescrivant l'élaboration du plan de</line>
<line>prévention des risques naturels prévisibles de la commune de Saint-Jurs ;</line></par>
<par>
<line>VU les délibérations et avis formulés par les personnes publiques consultées sur le présent plan</line>
<line>au titre de l'article R.562-7 du code de l’environnement ;</line></par>
<par>
<line>VU l'arrêté préfectoral n°2012-1764 du 10 août 2012 prescrivant Touverture de l’enquête</line>
<line>publique portant sur le projet de plan de prévention des risques naturels prévisibles de la</line>
<line>commune de Saint-Jurs ;</line></par>
<par>
<line>DIRECTION DEPARTEMENTALE DES TERRITOIRES</line>
<line>AVENUE DEMONTZEY BP 211 04002 DiONE-LES-B AINS CEDEX -Tél^hono OA.QTTO,55.00</line>
<line>Horaires d'ouvcituie au public : de 9h à 1 Ih 30 et de 14b 15 à 16h 15, du lundi au veutdredi</line>
<line>Site intenicl : www.alpes-de-iiiiule-provence.prelgouv.fr</line></par>
</text>
</block>
<block><region><rect/></region>
<text>
<par>
<line>120</line></par>
</text>
</block>



</page>
<page width="1703" height="2369" resolution="200">
<block><region><rect/></region>
<text>
<par>
<line>vu les pièces constatant que l'arrêté du 10 août 2012 susvisé a été publié, affiché et a fait l’objet</line>
<line>d'un avis inséré, quinze jours au moins avant le début de l'enquête et rappelé dans les huit</line>
<line>premiers joui's de celle-ci, dans deux journaux régionaux diffusés dans le département ;</line></par>
<par>
<line>VU les résultats de l'enquête publique qui s'est déroulée du 11 septembre 2012 au 10 octobre</line></par>
<par>
<line>2012;</line></par>
<par>
<line>VU le rapport’ et les conclusions du commissaire enquêtem* en date du 26 octobre 2012;</line></par>
<par>
<line>VU' le rapport de synthèse de la Direction Départementale des Territoires;</line></par>
</text>
</block>
<block><region><rect/></region>
<text>
<par>
<line>CONSIDERANT que le présent plan de prévention des risques naturels prévisibles est une</line>
<line>servitude d'utilité publique et, qu'à ce titre, il est établi sur la base de la connaissance de l'occupation</line>
<line>existante des sols à la date de son approbation ;</line></par>
</text>
</block>
<block><region><rect/></region>
<text>
<par>
<line>SUR la proposition de la Directrice de la Sécurité et des Services du cabinet de la préfectoe des</line>
<line>Alpes-de-Haute-Provence ;</line></par>
</text>
</block>
<block><region><rect/></region>
<text>
<par>
<line>ARRETE:</line></par>
</text>
</block>
<block><region><rect/></region>
<text>
<par>
<line>ARTICLE 1 :</line></par>
</text>
</block>
<block><region><rect/></region>
<text>
<par>
<line>Est approuvé, tel qu'il est ajinexé au présent arrêté, le plan de prévention des risques naturels</line>
<line>prévisibles de la commune de Saint-Jxns.</line></par>
<par>
<line>Ce plan comprend un dossier afférent aux risques mouvements de terrain, mouvements provoqués</line>
<line>par l'hydratation et la. déshydratation des sols, séismes. Chaque dossier comporte :</line></par>
<par>
<line>- une note de présentation,</line></par>
<par>
<line>- un règlement,</line></par>
<par>
<line>- une carte des aléas,</line></par>
<par>
<line>- une carte des enjeux,</line></par>
<par>
<line>- une carte de zonage règlenientaii'e des risques.</line></par>
</text>
</block>
<block><region><rect/></region>
<text>
<par>
<line>Page 2</line></par>
</text>
</block>
<block><region><rect/></region>
<text>
<par>
<line>121</line></par>
</text>
</block>




</page>
<page width="1683" height="2355" resolution="200">
<block><region><rect/></region>
<text>
<par>
<line>ARTICLE 2:</line></par>
</text>
</block>
<block><region><rect/></region>
<text>
<par>
<line>Ce plan de prévention des risques naturels prévisibles vaut servitude d'utilité publique et devra être</line>
<line>annexé au plan d'occaparion des sols de k commxme confonnément aux dispositions des articles</line>
<line>,L. 126-1 et R. 123.22 du code de Turbanisme.</line></par>
</text>
</block>
<block><region><rect/></region>
<text>
<par>
<line>ARTICLES:</line></par>
<par>
<line>Le présent arrêté ainsi que le plan d,e prévention qui lui est annexé seront tenus à h disposition du</line>
<line>public :</line></par>
<par>
<line>- En Mairie de Saint-Jws tous les jours ouvrables et aux heures d'ouverture de la mairie,</line></par>
<par>
<line>- En Préfecture des Alpes-de-Haute-Provence -Cabinet ( Service Interministériel de Défense</line>
<line>et de Protections Civile ),</line></par>
<par>
<line>- En Direction Départementale des Territoires des Alpes-de-Haute-Provence ( Service</line>
<line>Enviromiement et Risques ).</line></par>
</text>
</block>
<block><region><rect/></region>
<text>
<par>
<line>ARTICLE 4 : Publicité</line></par>
<par>
<line>Conformément aux dispositions réglementaires en vigueur mention du présent arrêté sem :</line></par>
<par>
<line>- publiée au recueil des actes administratifs de la Préfecture des Alpes-de-Haute-Provence ;</line></par>
<par>
<line>- publiée dans les deux journaux locaux ” la Provence ” et “ La Marseillaise ” par un avis</line>
<line>inséré par les soins et aux riais de l’État.</line></par>
<par>
<line>- affichée aux lieux habituels d'affichage et éventuellement dans tout autre lieu, à la Mairie de</line>
<line>Saint-Jurs, ainsi qu'au siège du syndicat mixte d’études et de progrmnmation de la région de</line>
<line>Manosque pendant une durée minimum d'un mois selon tous les procédés en usage ; procès-</line>
<line>verbal de cette formalité sera dressé par les soins du maire de la commune et du président du</line>
<line>syndicat mixte.</line></par>
</text>
</block>
<block><region><rect/></region>
<text>
<par>
<line>ARTICLE 5; Exécution :</line></par>
</text>
</block>
<block><region><rect/></region>
<text>
<par>
<line>Le Secrétaire Général de la Préfecture, le Directeur de la Sécurité et des Services du cabinet de la</line>
<line>Préfecture, la Directrice Départementale des Territoires, le Maire de la commune de Saint-Jurs,</line>
<line>sont chargés, chacun en ce qui les concerne, de l'exécution du présent arrêté, dont une copie sera</line>
<line>adressée à :</line></par>
<par>
<line>- Monsieur le Président du Conseü Général des Alpes-de-Haute-Provence,</line></par>
<par>
<line>- Monsieur le Président du Conseil Régional Provence-Alpes-Côte d'Azur,</line></par>
<par>
<line>-• Monsieur le Président de 1 a Chambre d'Agriculture des Alpes-de-Haute-Provence,</line></par>
<par>
<line>-• Monsieur le Président du Centre de la Propriété Forestière Provence-Alpes-Côte d'Azur,</line></par>
<par>
<line>- Monsieur le Directeur du Service Départementale d'incendie et de Secoms des Alpes-de-Haute-</line>
<line>Provence,</line></par>
<par>
<line>- Monsieur le Président de Tribunal Administratif de Marseille,</line></par>
<par>
<line>“ Monsieur Jean-Paul PAGES, ingénieur retraité, commissaire-enquêteur, 1096 Montée des</line>
<line>Adrechs 04100 Manosque,</line></par>
<par>
<line>- Monsieur le Président de la Chambre des Notaires des Alpes-de-haute-Provence.</line></par>
</text>
</block>
<block><region><rect/></region>
<text>
<par>
<line>PagB3</line></par>
</text>
</block>
<block><region><rect/></region>
<text>
<par>
<line>122</line></par>
</text>
</block>










</page>
<page width="1676" height="2350" resolution="200">
<block><region><rect/></region>
<text>
<par>
<line>ARTICLE 6 " Délais et voies de recours ;</line></par>
</text>
</block>
<block><region><rect/></region>
<text>
<par>
<line>Le présent arrêté peut faire l'objet :</line></par>
<par>
<line>- d'un recours gracieux auprès du Préfet des Alpes-de-Haute-Provence ;</line></par>
<par>
<line>- d'un recours biérarcMque auprès du Ministre de l'intérieur, de l'outre-mer, des collectivités</line>
<line>tenitoriales et de l'inunigration, direction de la sécurité civile ;</line></par>
<par>
<line>- d’un recours contentieux devant le Tribunal adminislratif de Marseille ( 22-24, Rue Breteuil</line>
<line>13281 MARSEILLE Cedex 6 )</line></par>
</text>
</block>
<block><region><rect/></region>
<text>
<par>
<line>dans un délai de deux mois à compter de sa notification.</line></par>
</text>
</block>
<block><region><rect/></region>
<text>
<par>
<line>Michel PÂPAUD</line></par>
</text>
</block>
<block><region><rect/></region>
<text>
<par>
<line>Page 4</line></par>
</text>
</block>
<block><region><rect/></region>
<text>
<par>
<line>123</line></par>
</text>
</block>



</page>
</PM1>