<?xml version="1.0" encoding="UTF-8"?><PM1>
<page width="1656" height="2336" resolution="200">
<block><region><rect/></region>
<text>
<par>
<line>Préfecture du Calvados</line></par>
</text>
</block>
<block><region><rect/></region>
<text>
<par>
<line>République Française-</line></par>
</text>
</block>
<block><region><rect/></region>
<text>
<par>
<line>Direction</line></par>
</text>
</block>
<block><region><rect/></region>
<text>
<par>
<line>Calvados</line></par>
</text>
</block>
<block><region><rect/></region>
<text>
<par>
<line>10 boulevard du Général Vanier</line>
<line>14035 Caen Cédex</line>
<line>Téléphone: 02 314315 00</line>
<line>Fax: 02 314316 00</line></par>
</text>
</block>
<block><region><rect/></region>
<text>
<par>
<line>Le Préfet de la Région Basse-Normandie</line>
<line>Préfet du Calvados</line>
<line>Officier de la Légion d'Honneur</line></par>
</text>
</block>
<block><region><rect/></region>
<text>
<par>
<line>-VU le code de l'urbanisme,</line></par>
<par>
<line>- VU le code de l'expropriation et notamment ses articles R 11.3 à R 11.13,</line></par>
<par>
<line>-VU la loi 87-565 du 22 juillet 1987 relative à l'organisation de la sécurité</line>
<line>civile, à la protection des forêts contre l'incendie et à la prévention des</line>
<line>risques majeurs,</line></par>
<par>
<line>- VU la loi 95-101 du 2 février 1995 modifiant la loi précitée, notamment son</line></par>
<par>
<line>article 40-6,</line></par>
<par>
<line>-VU le décret 95-1089 du 5 octobre 1995 relatif au plan de prévention des</line>
<line>risques naturels prévisibles</line></par>
<par>
<line>-VU l'arrêté préfectoral du 14 octobre 1985 prescrivant l’établissement d’un</line>
<line>Plan d’Exposition aux Risques sur le territoire des communes de</line>
<line>HOULGATE, GONNEVILLE-sur-MER, AUDERVILLE et VILLERS-sur-</line>
<line>MER,</line></par>
<par>
<line>-VU l'arrêté préfectoral du 11 juillet 1988 rendant public le Pian d’Exposition</line>
<line>aux Risques naturels prévisibles des communes de HOULGATE,</line>
<line>GONNEVILLE-sur-MER, AUDERVILLE et VILLERS-sur-MER et</line>
<line>prescrivant l’ouverture d’une enquête publique,</line></par>
<par>
<line>-VU les résultats de l'enquête publique qui s'est déroulée du 25 juillet 1988</line>
<line>au 26 août 1988 et les conclusions favorables du commissaire</line>
<line>enquêteur,</line></par>
<par>
<line>-VU les délibérations du conseil municipal de la commune de</line>
<line>GONNEVILLE-sur-MER en date du 30 mars 1990 et du 14 septembre</line>
<line>1995, exprimant un avis défavorable sur le projet de plan d’Exposition</line>
<line>aux Risques,</line></par>
</text>
</block>

</page>
<page width="1656" height="2336" resolution="200">
<block><region><rect/></region>
<text>
<par>
<line>SUR</line></par>
</text>
</block>
<block><region><rect/></region>
<text>
<par>
<line>proposition du Directeur Départemental de l'Equipement,</line></par>
</text>
</block>
<block><region><rect/></region>
<text>
<par>
<line>ARRETE</line></par>
</text>
</block>
<block><region><rect/></region>
<text>
<par>
<line>Article 1er :</line></par>
<par>
<line>Est approuvé en tant que Plan de Prévention des Risques de mouvements de</line>
<line>terrains, le Plan d’Exposition aux Risques naturels prévisibles (P.E.R.) tel qu’il est</line>
<line>annexé au présent arrêté.</line></par>
</text>
</block>
<block><region><rect/></region>
<text>
<par>
<line>Article 2 :</line></par>
<par>
<line>Ce Plan de Prévention des Risques s'applique sur le territoire de ia commune</line>
<line>de GONNEVlLLE-sur-MER.</line></par>
</text>
</block>
<block><region><rect/></region>
<text>
<par>
<line>Article 3 :</line></par>
<par>
<line>Le Plan de Prévention des Risques ci-joint comporte :</line></par>
<par>
<line>• Pièces écrites: - rapport de présentation</line></par>
<par>
<line>- règlement</line></par>
<par>
<line>- annexes</line></par>
<par>
<line>• Plan de zonage au 1/5000</line></par>
<par>
<line>• Plans annexes au 1/5000 (4)</line></par>
</text>
</block>
<block><region><rect/></region>
<text>
<par>
<line>Article 4 :</line></par>
<par>
<line>Le présent Plan de Prévention des Risques approuvé vaut servitude d'utilité</line>
<line>publique. Il sera annexé au plan d'occupation des sols de la commune.</line></par>
<par>
<line>D'autre part, il sera spécifié, sur chaque acte d'urbanisme délivré dans ces</line>
<line>zones, l'existence de risques et faire mention du Plan de Prévention des Risques.</line></par>
</text>
</block>
<block><region><rect/></region>
<text>
<par>
<line>Article 5:</line></par>
<par>
<line>Le présent arrêté fera l'objet d'une mention publiée dans deux journaux</line>
<line>régionaux ou locaux diffusés dans le Calvados, ainsi que d'une mention au Recueil</line>
<line>des Actes Administratifs de la Préfecture du Calvados.</line></par>
</text>
</block>








</page>
<page width="1656" height="2336" resolution="200">
<block><region><rect/></region>
<text>
<par>
<line>Article 6 :</line></par>
</text>
</block>
<block><region><rect/></region>
<text>
<par>
<line>Une copie du présent arrêté sera affichée en mairie de GONNEViLLE-sur-</line>
<line>MER, pendant un mois au minimum.</line></par>
</text>
</block>
<block><region><rect/></region>
<text>
<par>
<line>Article 7 :</line></par>
<par>
<line>Le document annexé au présent arrêté sera tenu à la disposition du public :</line></par>
<par>
<line>- A la mairie de GONNEVILLE-sur-MER,</line></par>
<par>
<line>- A la préfecture du Calvados,</line></par>
<par>
<line>- A la sous-préfecture de Lisieux,</line></par>
<par>
<line>- A la Direction Départementale de l'Equipement du Calvados.</line></par>
</text>
</block>
<block><region><rect/></region>
<text>
<par>
<line>Article 8 :</line></par>
<par>
<line>- Le Maire de la commune de GONNEVILLE-sur-MER,</line></par>
<par>
<line>- Le Sous-Préfet de Lisieux,</line></par>
<par>
<line>- Le Directeur Départemental de l'Equipement,</line></par>
<par>
<line>- Les Services de Sécurité, de Police et de Gendarmerie en tant que de</line>
<line>besoin,</line></par>
<par>
<line>sont chargés, chacun en ce qui le concerne, de l'exécution du présent arrêté.</line></par>
</text>
</block>
<block><region><rect/></region>
<text>
<par>
<line>Fait à Caen, le</line></par>
</text>
</block>
<block><region><rect/></region>
<text>
<par>
<line>Pour le Préfet,</line></par>
<par>
<line>Le Secrétaire Général</line></par>
</text>
</block>
<block><region><rect/></region>
<text>
<par>
<line>/'•fx ^</line></par>
</text>
</block>
<block><region><rect/></region>
<text>
<par/>
</text>
</block>
<block><region><rect/></region>
<text>
<par/>
</text>
</block>
<block><region><rect/></region>
<text>
<par>
<line>Pour le Préfet ot par délégation</line>
<line>Le Chef de bureau,</line></par>
</text>
</block>
<block><region><rect/></region>
<text>
<par/>
</text>
</block>
<block><region><rect/></region>
<text>
<par/>
</text>
</block>
<block><region><rect/></region>
<text>
<par/>
</text>
</block>
<block><region><rect/></region>
<text>
<par/>
</text>
</block>
<block><region><rect/></region>
<text>
<par>
<line>Ampliations du présent arrêté et du document joint sont adressées :</line></par>
<par>
<line>- Au Maire de la commune de GONNEVILLE-sur-MER,</line></par>
<par>
<line>- A la Direction Départementale de l'Equipement du Calvados,</line></par>
<par>
<line>-A la sous-préfecture de Lisieux,</line></par>
<par>
<line>- Au Service Interministériel Régional de Défense et de Protection Civile</line>
<line>(S.I.R.D.P.C.) de la préfecture.</line></par>
</text>
</block>







</page>
</PM1>