<?xml version="1.0" encoding="UTF-8"?><PM1>
<page width="1654" height="2339" resolution="200">
<block><region><rect/></region>
<text>
<par>
<line>Liberté • Égalité • Fraternité</line></par>
<par>
<line>RÉPUBLLQUE Française</line></par>
</text>
</block>
<block><region><rect/></region>
<text>
<par>
<line>PREFET DE LA MARTINIQUE</line></par>
</text>
</block>
<block><region><rect/></region>
<text>
<par>
<line>DIRECTION DE L'ENVIRONNEMENT, DE L’AMENAGEMENT</line>
<line>ET DU LOGEMENT DE LA MARTINIQUE</line>
<line>SERVICE RISQUES, ENERGIE ET CLIMAT</line>
<line>PÔLE RISQUES NATURELS</line></par>
</text>
</block>
<block><region><rect/></region>
<text>
<par>
<line>ARRETE n° 2013337-0019</line></par>
<par>
<line>approuvant la révision du Plan de Prévention des Risques Naturels de la ville</line></par>
<par>
<line>de Rivière-Pilote</line></par>
</text>
</block>
<block><region><rect/></region>
<text>
<par>
<line>LE PREFET DE LA MARTINIQUE</line>
<line>Chevalier de l'ordre national du mérite</line></par>
</text>
</block>
<block><region><rect/></region>
<text>
<par>
<line>VU le code de l'environnement et notamment le livre V, titre VI sur la prévention des risques naturels;</line>
<line>VU le code l'urbanisme;</line></par>
<par>
<line>VU le code de la construction et de l'habitation;</line></par>
<par>
<line>VU le code forestier;</line></par>
<par>
<line>VU le décret n'^ 90-918 du 11 octobre 1990 relatif à l’exercice du droit à l'information sur les risques</line>
<line>majeurs;</line></par>
<par>
<line>VU la loi du 30 juillet 2003 relative à la prévention des risques technologiques et naturels et à la</line>
<line>réparation des dommages;</line></par>
<par>
<line>VU la loi n° 2010-788 du 12 juillet 2010 portant engagement national pour l'environnement;</line></par>
<par>
<line>VU le décret n° 2010-146 du 16 février 2010 modifiant le décret n°2004-374 du 29 avril 2004 relatif</line>
<line>aux pouvoirs des préfets, à l'organisation et à l’action des services de l'Etat dans les régions et</line>
<line>départements;</line></par>
<par>
<line>VU le décret du Président de la République du 2 mars 2011 portant nomination de M. Laurent</line>
<line>PREVOST en qualité de préfet de la Région Martinique;</line></par>
<par>
<line>VU le plan de prévention des risques naturels de la ville de Rivière-Pilote approuvé le 06 février 2004;</line></par>
<par>
<line>VU le décret n° 2011-765 du 28 juin 2011 relatif à la procédure de révision et de modification des</line>
<line>plans de prévention;</line></par>
<par>
<line>VU l'arrêté n° 11-03174 du 19 septembre 2011 prescrivant la révision des Plans de Prévention des</line>
<line>Risques Naturels de la Martinique;</line></par>
<par>
<line>VU l'arrêté n° 2013092-0014 du 2 avril 2013 portant ouverture d’une enquête publique relative à la</line>
<line>révision du Plan de Prévention des Risques Naturels de la ville de Rivière-Pilote;</line></par>
<par>
<line>VU l'avis favorable sous réserves du commissaire-enquêteur;</line></par>
</text>
</block>






</page>
<page width="1661" height="2344" resolution="200">
<block><region><rect/></region>
<text>
<par>
<line>Considérant que le projet de révision du Plan de Prévention des Risques Naturels de la ville de</line>
<line>Rivière-Pilote a fait l'objet d’une concertation de la population invitée à émettre son avis sur le registre</line>
<line>mis à sa disposition en mairie lors de l'enquête publique qui s'est déroulée du 23 avril au 28 mai 2013;</line></par>
</text>
</block>
<block><region><rect/></region>
<text>
<par>
<line>Sur proposition du Directeur de l'Environnement, de l'Aménagement et du Logement,</line></par>
</text>
</block>
<block><region><rect/></region>
<text>
<par>
<line>ARRETE</line></par>
</text>
</block>
<block><region><rect/></region>
<text>
<par>
<line>ARTICLE 1: La révision du Plan de Prévention des Risques Naturels de la ville de Rivière-Pilote</line>
<line>telle qu'annexée au présent arrêté est approuvée</line></par>
<par>
<line>ARTICLE 2 : Le Plan de Prévention des Risques Naturels de la ville de Rivière-Pilote approuvé par</line>
<line>le présent arrêté comprend :</line></par>
<par>
<line>• Une note de présentation et des annexes</line></par>
<par>
<line>• Un règlement et une carte réglementaire</line></par>
<par>
<line>• Une cartographie pour chacun des aléas et pour les enjeux</line></par>
<par>
<line>ARTICLE 3: En application de l'article L562-4 du code de l'environnement, le Plan de Prévention des</line>
<line>Risques Naturels approuvé de la ville de Rivière-Pilote vaut servitude d'utilité publique. Il sera notifié</line>
<line>à Monsieur le Maire pour son annexion au document d’urbanisme de la ville conformément à l'article</line>
<line>L.126-1 du code de l'urbanisme.</line></par>
<par>
<line>ARTICLE 4: Le présent arrêté sera publié au recueil des actes administratifs de la préfecture.</line></par>
<par>
<line>Il fera également l’objet d'une publicité par voie de presse locale et d'un affichage pendant au moins</line>
<line>UD mois en mairie et au siège de la Communauté d'Agglomération de l'Espace Sud Martinique en vue</line>
<line>d'informer la population.</line></par>
<par>
<line>ARTICLE 5: Le présent arrêté peut faire l'objet d'un recours contentieux auprès du tribunal</line>
<line>administratif de Fort-de-France dans un délai de deux mois à compter de la date de sa publication.</line></par>
</text>
</block>
<block><region><rect/></region>
<text>
<par>
<line>ARTICLE 6: Copie en sera adressée à :</line></par>
<par>
<line>Monsieur le Secrétaire Général de Préfecture</line>
<line>Monsieur le Maire de la ville de Rivière-Pilote</line></par>
<par>
<line>Monsieur le Président de la Communauté d'Agglomération de l'Espace Sud Martinique</line>
<line>Monsieur le Directeur de l'Environnement, de l'Aménagement et du Logement de la</line>
<line>Martinique</line></par>
<par>
<line>chargés, chacun en ce qui le concerne, de son exécution.</line></par>
</text>
</block>
<block><region><rect/></region>
<text>
<par>
<line>FQ</line></par>
</text>
</block>
<block><region><rect/></region>
<text>
<par>
<line>FRANCE, le</line></par>
</text>
</block>



</page>
</PM1>