<?xml version="1.0" encoding="UTF-8"?><PM1>
<page width="2479" height="3504" resolution="300">
<block><region><rect/></region>
<text>
<par>
<line>Liberté • Egalité • Fraternité</line></par>
<par>
<line>république Française</line></par>
</text>
</block>
<block><region><rect/></region>
<text>
<par>
<line>PREFECTURE DE MAINE-ET-LOIRE</line></par>
<par>
<line>DIRECTION DES COLLECTIVITES LOCALES</line></par>
<par>
<line>ET DE L’ENVIRONNEMENT</line></par>
<par>
<line>Bureau des affaires foncières et de Turbanisme</line></par>
</text>
</block>
<block><region><rect/></region>
<text>
<par>
<line>Arrêté D3-2008 n° .</line></par>
</text>
</block>
<block><region><rect/></region>
<text>
<par>
<line>ETAT</line></par>
</text>
</block>
<block><region><rect/></region>
<text>
<par>
<line>Plan de Prévention des Risques Naturels</line>
<line>Prévisibles « Inondation »</line>
<line>dans le Val du Thouet</line></par>
</text>
</block>
<block><region><rect/></region>
<text>
<par>
<line>APPROBATION</line></par>
</text>
</block>
<block><region><rect/></region>
<text>
<par>
<line>ARRETE</line></par>
</text>
</block>
<block><region><rect/></region>
<text>
<par>
<line>Le Préfet de Maine-et-Loire</line>
<line>Officier de la Légion d'Honneur,</line></par>
</text>
</block>
<block><region><rect/></region>
<text>
<par>
<line>Vu le code de l’environnement, notamment les articles L 562-1 et suivants et</line>
<line>R 562-1 et suivants ;</line></par>
<par>
<line>Vu le code de l’urbanisme, notamment les articles L 126-1 et R 123-22 ;</line></par>
<par>
<line>Vu l’arrêté préfectoral D3-2006 n‘’16 du 16 janvier 2006 prescrivant le plan de</line>
<line>prévention des risques naturels prévisibles « inondation » dans la vallée du Thouet sur</line>
<line>le territoire des communes du Puy-Notre-Dame, Montreuil-Bellay, Vaudelnay, Brezé,</line>
<line>Epieds, Saint-Just-sur-Dive, Le Coudray-Macouard, Artannes-sur-Thouet, Chacé, Distré,</line>
<line>Varrains et Saumur.</line></par>
<par>
<line>Vu l’arrêté préfectoral D3-2007 n'’544 du 21 septembre 2007 prescrivant l’enquête</line>
<line>publique préalable à l’approbation du plan de prévention des risques naturels prévisibles</line>
<line>« inondation »dans le Val du Thouet;</line></par>
<par>
<line>Vu les rapport et conclusions de la commission d’enquête du 27 novembre 2007 ;</line></par>
<par>
<line>Vu l’avis du sous-préfet de Saumur du 4 décembre 2007 ;</line></par>
<par>
<line>Vu le rapport du directeur départemental de l’équipement du 1®^ avril 2008 ;</line></par>
<par>
<line>Considérant que les modifications apportées ne portent pas atteinte à l’économie</line>
<line>générale du plan ;</line></par>
<par>
<line>Sur la proposition du Secrétaire général de la préfecture,</line></par>
<par>
<line>ARRETE:</line></par>
</text>
</block>
<block><region><rect/></region>
<text>
<par>
<line>Place Michel Debré 49034 Angers cedex 01 - Tél. : 02,41.81.81.81 - www.maine-et-loire.pref.gouv.fr</line></par>
</text>
</block>



</page>
<page width="2492" height="3513" resolution="300">
<block><region><rect/></region>
<text>
<par>
<line>Art. 1 er. - Est approuvé le Plan de Prévention des Risques Naturels Prévisibles</line>
<line>« inondation » dans le Val du Thouet, sur le territoire des communes du Puy-Notre-Dame,</line>
<line>Montreuil-Bellay, Vaudelnay, Brezé, Epieds, Saint-Just-sur-Dive, Le Coudray-Macouard,</line>
<line>Artannes-sur-Thouet, Chacé, Distré, Varrains et Saumur.</line></par>
<par>
<line>Le Plan de Prévention des Risques Naturels Prévisibles « inondation », comporte</line>
<line>les pièces suivantes : un rapport de présentation, un document graphique, un règlement.</line></par>
<par>
<line>Art. 2. - Un arrêté du maire constatera qu’il a été procédé à la mise à jour du plan</line>
<line>local d’urbanisme.</line></par>
<par>
<line>Conformément aux dispositions de l’article R 123.22 du code de l’urbanisme, si</line>
<line>cette formalité n’a pas été effectuée dans le délai de trois mois suivant la notification par</line>
<line>le préfet à la commune, le préfet y procède d’office par arrêté.</line></par>
<par>
<line>Art. 3. - Le plan approuvé sera tenu à la disposition du public en préfecture de</line>
<line>Maine-et-Loire (bureau des affaires foncières et de l'urbanisme), à la direction</line>
<line>départementale de l’équipement (bureau de la planification et des missions de l’Etat), dans</line>
<line>les subdivisions de l’équipement territorialement compétentes, et dans les mairies</line>
<line>concernées aux jours et heures d’ouverture des bureaux.</line></par>
<par>
<line>Art. 4. - Le présent arrêté sera notifié aux maires des communes concernées. Il sera</line>
<line>publié au recueil des actes administratifs de la préfecture et fera l’objet d’un affichage,</line>
<line>pendant une durée minimum d’un mois, dans les communes concernées. Un certificat</line>
<line>justifiant de l’accomplissement de cette formalité sera dressé par les maires et transmis en</line>
<line>préfecture de Maine-et-Loire (bureau des affaires foncières et de l’urbanisme).</line></par>
<par>
<line>En outre, un avis portant à la connaissance du public l’existence de cet arrêté sera</line>
<line>publié, par les soins du préfet, en caractères apparents dans deux journaux locaux</line>
<line>diffusés dans le département.</line></par>
<par>
<line>Art.5. - Le secrétaire général de la préfecture, le sous-préfet de Saumur, le directeur</line>
<line>départemental de l’équipement et les maires des communes visées à l’article 1er sont</line>
<line>chargés, chacun en ce qui le concerne, de l’exécution du présent arrêté.</line></par>
</text>
</block>
<block><region><rect/></region>
<text>
<par>
<line>Fait à Angers, le</line></par>
</text>
</block>
<block><region><rect/></region>
<text>
<par>
<line>AV R 2008</line></par>
</text>
</block>
<block><region><rect/></region>
<text>
<par>
<line>Pour le Préfet, et par délégation.</line></par>
<par>
<line>Le Secrétaire Général de ta Préfecture</line></par>
</text>
</block>
<block><region><rect/></region>
<text>
<par>
<line>Louis LE FRANC</line></par>
</text>
</block>
<block><region><rect/></region>
<text>
<par>
<line>Délais et voies de recours : La présente décision peut faire l’objet, dans les deux mois suivant l’accomplissement des</line>
<line>mesures de publicité d’un recours gracieux auprès de l’auteur de l’acte et/ou d’un recours contentieux auprès du Tribunal</line>
<line>Administratif de Nantes.</line></par>
</text>
</block>

</page>
</PM1>