<?xml version="1.0" encoding="UTF-8"?><PM1>
<page width="1651" height="2336" resolution="200">
<block><region><rect/></region>
<text>
<par>
<line>Liberté • Égalité • Fraternité</line>
<line>RÉPUBLIQUE FRANÇAISE</line></par>
</text>
</block>
<block><region><rect/></region>
<text>
<par>
<line>PRÉFECTURE DUVAR</line></par>
<par>
<line>Direction Départementale</line>
<line>de l’Agriculture et de la Forêt du Var</line></par>
<par>
<line>Service de l’Espace Rural et de la Forêt</line></par>
</text>
</block>
<block><region><rect/></region>
<text>
<par>
<line>ARRETE en date du 27 juillet 2007</line>
<line>PORTANT APPROBATION DU PLAN DE PREVENTION DES RISQUES</line>
<line>D’INCENDIE DE FORÊT (P.P.R.LF.) SUR LA COMMUNE DE SAINT-RAPHAËL</line></par>
<par>
<line>Le Préfet du Var,</line></par>
<par>
<line>Chevalier de la Légion d’honneur,</line></par>
<par>
<line>Chevalier de l’Ordre national du Mérite,</line></par>
<par>
<line>VU le code de l’environnement, notamment ses articles L.562-1 à L.562-7,</line></par>
<par>
<line>VU le code de l'urbanisme,</line></par>
<par>
<line>VU la loi n° 95-101 du 2 février 1995 modifiée relative au renforcement de la protection de</line>
<line>l'environnement,</line></par>
<par>
<line>VU la loi n° 2001-602 du 9 juillet 2001 d'orientation sur la forêt,</line></par>
<par>
<line>VU la loi n° 2003-699 du 30 juillet 2003 relative à la prévention des risques technologiques et</line>
<line>naturels et à la réparation des dommages,</line></par>
<par>
<line>VU le décret n° 85-453 du 23 avril 1985 modifié, notamment ses articles 6 à 21, pris pour</line>
<line>l'application de la loi n° 83-630 du 12 juillet 1983 relative à la démocratisation des enquêtes</line>
<line>publiques et à la protection de l’environnement,</line></par>
<par>
<line>VU le décret n° 2005-3 du 4 janvier 2005 modifiant le décret n° 95-1089 du 5 octobre 1995 relatif</line>
<line>aux plans de prévention des risques naturels prévisibles,</line></par>
<par>
<line>VU l’arrêté préfectoral du 13 octobre 2003 prescrivant l’élaboration d'un Plan de Prévention des</line>
<line>Risques naturels Incendies de Forêt - sur la commune de SAINT-RAPHAEL,</line></par>
<par>
<line>VU l’arrêté préfectoral du 27 juin 2006 prescrivant l’ouverture d’une enquête publique préalable à</line>
<line>l’approbation du Plan de Prévention des Risques naturels Incendies de Forêt sur la commune de</line>
<line>SAINT-RAPHAEL,</line></par>
<par>
<line>VU les conclusions du commissaire enquêteur et l’avis favorable, assorti de recommandations, qu’il</line>
<line>a émis sur le projet de P.P.R.LF. de la commune de SAINT-RAPHAEL,</line></par>
<par>
<line>VU les consultations, en date du 06 juin 2006, de la commune de Saint-Raphaël, du syndicat mixte du</line>
<line>S.CO.T VAR-EST, du Conseil Régional PACA, du Conseil Général du Var, de la Chambre d’agriculture du</line>
<line>Var, du Centre Régional de la Propriété Forestière PACA, du Service Départemental d’incendie et de</line>
<line>Secours du Var, sur le projet de P.P.R.LF,</line></par>
</text>
</block>
<block><region><rect/></region>
<text>
<par>
<line>BOULEVARD DU 112EME REGIMENT DTNFANTERIE - 83070 TOULON CEDEX - Tél: 04.94.18.83.83 - http://www.var.pref.gouv.fr</line></par>
</text>
</block>


</page>
<page width="1656" height="2338" resolution="200">
<block><region><rect/></region>
<text>
<par>
<line>vu Tavis favorable émis par délibération du conseil municipal de la commune de Saint-Raphaël en</line>
<line>date du 26 juin 2006,</line></par>
<par>
<line>VU Tavis favorable émis par délibération du conseil syndical du S.CO.T VAR-EST en date du 21</line>
<line>juin 2006,</line></par>
<par>
<line>VU l’avis favorable émis par le Service Départemental d’incendie et de Secours du Var en date du</line>
<line>26 juin 2006,</line></par>
<par>
<line>VU l’avis émis par le Conseil Général du Var en date du 13 juillet 2006,</line></par>
<par>
<line>VU les avis réputés favorables, en application des dispositions de l'article 7 du décret n° 95-1089</line>
<line>modifié du 5 octobre 1995, du Conseil Régional PACA , de la Chambre d’agriculture du Var et du</line>
<line>Centre Régional de la Propriété Forestière PACA,</line></par>
<par>
<line>Considérant les travaux réalisés depuis l’enquête publique par la commune et les propriétaires</line>
<line>concernés dans les zones référencées B04, B05, B06, B08, BOlO, BOll etB012 dans le document</line>
<line>soumis à enquête publique,</line></par>
<par>
<line>Considérant l’avis favorable émis par la sous-commission départementale de sécurité contre les</line>
<line>risques d'incendies de forêt, lande, maquis et garrigue, lors de sa séance du 18 juin 2007, sur la</line>
<line>conformité de ces travaux avec les prescriptions du projet mis à l’enquête et les conditions de</line>
<line>pérennité de leur entretien.</line></par>
<par>
<line>Sur proposition du Directeur Départemental de l’Agriculture et de la Forêt du Var,</line></par>
</text>
</block>
<block><region><rect/></region>
<text>
<par>
<line>ARRETE</line></par>
</text>
</block>
<block><region><rect/></region>
<text>
<par>
<line>Article 1 ; Est approuvé, tel qu’il est annexé au présent arrêté, le Plan de Prévention des Risques</line>
<line>naturels prévisibles d’incendies de Forêt sur la commune de SAINT-RAPHAEL.</line></par>
</text>
</block>
<block><region><rect/></region>
<text>
<par>
<line>Article 2 : Ce Plan de Prévention des Risques naturels prévisibles comporte :</line></par>
<par>
<line>- Un rapport de présentation,</line></par>
<par>
<line>- Un règlement,</line></par>
<par>
<line>- Un plan de zonage à l’échelle 1/15 OOOème,</line></par>
<par>
<line>- Une carte de l’aléa feux de forêt à l’échelle 1/ 50 OOOème,</line></par>
<par>
<line>- Une carte de localisation des travaux obligatoires, à l’échelle 1/15 OOOème,</line></par>
<par>
<line>- Une carte de localisation des équipements de protection collective des zones BO,</line>
<line>à l’échelle 1/15 OOOème.</line></par>
</text>
</block>
<block><region><rect/></region>
<text>
<par>
<line>Article 3 ; Ce Plan de Prévention des Risques naturels prévisibles approuvé est tenu à la</line>
<line>disposition du public :</line></par>
<par>
<line>- A la mairie de la commune de SAINT-RAPHAEL aux jours et heures habituelles</line>
<line>d’ouverture,</line></par>
<par>
<line>Au siège du syndicat mixte du S.CO.T. VAR-EST aux jours et heures habituelles</line>
<line>d’ouverture,</line></par>
<par>
<line>A la préfecture du Var à TOULON aux jours et heures ouvrables,</line></par>
<par>
<line>A la Direction Départementale de l’Agriculture et de la Forêt du Var (à</line>
<line>TOULON) aux jours et heures ouvrables.</line></par>
</text>
</block>



</page>
<page width="1656" height="2327" resolution="200">
<block><region><rect/></region>
<text>
<par>
<line>Article 4 :</line></par>
</text>
</block>
<block><region><rect/></region>
<text>
<par>
<line>Article 5 :</line></par>
</text>
</block>
<block><region><rect/></region>
<text>
<par>
<line>Article 6 :</line></par>
</text>
</block>
<block><region><rect/></region>
<text>
<par>
<line>Article 7 :</line></par>
</text>
</block>
<block><region><rect/></region>
<text>
<par>
<line>Article 8 :</line></par>
</text>
</block>
<block><region><rect/></region>
<text>
<par>
<line>Mention de cet arrêté sera faite en caractères apparents dans le journal "Var Matin-</line>
<line>Nice Matin". Un exemplaire de ce journal sera annexé au dossier.</line></par>
</text>
</block>
<block><region><rect/></region>
<text>
<par>
<line>Une copie de l’arrêté sera affiché et porté à la connaissance du public par tout autre</line>
<line>procédé en usage dans la commune, pendant un mois au moins :</line></par>
<par>
<line>- en mairie de SAINT-RAPHAEL,</line></par>
<par>
<line>- au siège du syndicat mixte du S.CO.T VAR-EST, établissement public de</line>
<line>coopération compétent pour l’élaboration des documents d’urbanisme sur le</line>
<line>territoire de SAINT-RAPHAEL.</line></par>
<par>
<line>Ces mesures de publicité feront l’objet d’une mention rappelant que le Plan approuvé</line>
<line>est tenu à la disposition du public conformément à l’article 3 du présent arrêté.</line></par>
</text>
</block>
<block><region><rect/></region>
<text>
<par>
<line>Le présent arrêté sera publié au Recueil des Actes Administratifs de la Préfecture du</line>
<line>Var.</line></par>
</text>
</block>
<block><region><rect/></region>
<text>
<par>
<line>Des ampliations du présent arrêté seront adressées à :</line></par>
<par>
<line>Mme le Sous-Préfet de l’arrondissement de Draguignan, M. le Maire de la commune</line>
<line>de SAINT-RAPHAEL, M. le Président du SCOT Var-Est, M. le Ministre de</line>
<line>l’Ecologie du Développement et de l’Aménagement Durables, M. le Président du</line>
<line>Conseil Régional de Provence-Alpes-Côte d’Azur, M. le Président du Conseil</line>
<line>Général du Var, M. le Directeur Régional de l’Environnement Provence-Alpes-Côte</line>
<line>d’Azur, M. le Président du Centre Régional de la Propriété Forestière, M. le</line>
<line>Directeur Départemental de l’Agriculture et de la Forêt, M. le Président de la</line>
<line>Chambre d’Agriculture du Var, Mme. la Directrice Départementale de l’Equipement,</line>
<line>M. le Directeur du Service Départemental d’incendie et de Secours, M. le Directeur</line>
<line>d’Agence de l’Office National des Forêts et M. le Président de l’Association</line>
<line>Départementale des Comités Communaux Feux de Forêts du Var.</line></par>
</text>
</block>
<block><region><rect/></region>
<text>
<par>
<line>M. le Sous-préfet, directeur de cabinet du préfet du Var, Mme. le Sous-Préfet de</line>
<line>l’arrondissement de Draguignan, Mme la Directrice Départementale de</line>
<line>l’Equipement, M. le Directeur Départemental de l’Agriculture et de la Forêt, M. le</line>
<line>Maire de la commune de SAINT-RAPHAEL et M. le Président du syndicat mixte</line>
<line>SCOT Var-Est, sont chargés, chacun en ce qui le concerne, de l’exécution du présent</line>
<line>arrêté.</line></par>
</text>
</block>
<block><region><rect/></region>
<text>
<par>
<line>Le Préfet du Var,</line></par>
</text>
</block>
<block><region><rect/></region>
<text>
<par>
<line>Sign</line></par>
</text>
</block>
<block><region><rect/></region>
<text>
<par>
<line>e DARTOUT</line></par>
</text>
</block>









</page>
</PM1>