<?xml version="1.0" encoding="UTF-8"?><PM1>
<page width="2503" height="3525" resolution="300">
<block><region><rect/></region>
<text>
<par>
<line>PRÉFECTURE DU HAUT-RHIN</line></par>
</text>
</block>
<block><region><rect/></region>
<text>
<par>
<line>DIRECTION DES COLLECTIVITES LOCALES</line>
<line>ET DE L’ENVIRONNEMENT</line></par>
<par>
<line>BUREAU DE L’URBANISME ET DE L’ENVIRONNEMENT</line></par>
<par>
<line>BR</line></par>
</text>
</block>
<block><region><rect/></region>
<text>
<par>
<line>ARRETE</line></par>
<par>
<line>n° 9 8 3 4 6 3 du HOV. 1938</line></par>
<par>
<line>portant approbation du Plan de Prévention du Risque (P.P.R.) naturel</line>
<line>prévisible «Inondation » pour la vallée de la Largue</line></par>
<par>
<line>il it it it it</line></par>
</text>
</block>
<block><region><rect/></region>
<text>
<par>
<line>LE PREFET DU HAUT-RHIN</line></par>
<par>
<line>Chevalier de la Légion d’Honneur</line></par>
</text>
</block>
<block><region><rect/></region>
<text>
<par>
<line>VU le Code de l’Urbanisme et notamment les articles R 126-1 et R 123-36,</line></par>
<par>
<line>VU la loi n‘’87-565 du 22 juillet 1987 relative à l’organisation de la sécurité civile, à la</line></par>
<par>
<line>protection de la forêt contre l’incendie et à la prévention des risques majeurs,</line>
<line>notamment ses articles 40-1 à 40-7 issus de la loi n°95-101 du 2 février 1995,</line></par>
<par>
<line>VU la loi n°92-3 du 3 janvier 1992 sur l’eau et notamment son article 16,</line></par>
<par>
<line>VU le décret n°95-1089 du 5 octobre 1995 relatif aux plans de prévention des risques</line></par>
<par>
<line>naturels prévisibles,</line></par>
<par>
<line>VU l’arrêté préfectoral n°96-2601 du 13 décembre 1996 portant création d’un plan de</line>
<line>prévention du risque nature! prévisible « inondation » pour la vallée de la Largue,</line></par>
<par>
<line>VU l’arrêté préfectoral n°97-1974 du 15 septembre 1997 portant mise à enquête publique</line>
<line>du projet de plan de prévention du risque naturel prévisible « inondation » pour la</line>
<line>vallée de la Largue,</line></par>
<par>
<line>VU le dossier soumis à l’enquête publique,</line></par>
<par>
<line>VU les rapport et conclusions de la commission d’enquête en date du 23 décembre 1997,</line></par>
</text>
</block>
<block><region><rect/></region>
<text>
<par>
<line>RÉPUBLIQUE FRANÇAISE</line></par>
<par>
<line>Liberté Egalité Fraternité</line></par>
</text>
</block>
<block><region><rect/></region>
<text>
<par>
<line>7 RUE BRUAT 68000 COLMAR. TÉL. : 03.89.24.70.00. TÉLÉCOPIE : 03.89.23.36.61</line>
<line>ADRESSE POSTALE : B.P. 489 68020 COLMAR CEDEX</line></par>
</text>
</block>






</page>
<page width="2488" height="3515" resolution="300">
<block><region><rect/></region>
<text>
<par>
<line>2.</line></par>
</text>
</block>
<block><region><rect/></region>
<text>
<par>
<line>VU les avis des conseils municipaux des communes concernées, à savoir ;</line></par>
<par>
<line>ALTENACH, BALSCHWILLER, BUETHWILLER, DANNEMARIE, EGLINGEN,</line>
<line>FRIESEN, GOMMERSDORF, HAGENBACH, HEIDWILLER, HINDLINGEN ,</line>
<line>ILLFURTH, MANSPACH, MERTZEN, RETZWILLER, SAINT-BERNARD. SAINT-</line>
<line>ULRICH, SEPPOIS-LE-BAS, SEPPOIS-LE-HAUT, SPECHBACH-LE-BAS, STRUETH,</line>
<line>UEBERSTRASS, WOLFERSDORF,</line></par>
<par>
<line>VU l’avis favorable du Syndicat Mixte pour l’Aménagement et la Renaturation du Bassin</line>
<line>versant de la Largue (S.M.A.R.L.) en date du 25 septembre 1997,</line></par>
<par>
<line>VU l’avis du 5 novembre 1997 du Centre Régional de la Propriété Forestière de Lorraine-</line>
<line>Alsace,</line></par>
<par>
<line>VU l’avis de la Chambre d’Agriculture du Haut-Rhin,</line></par>
<par>
<line>SUR proposition du Secrétaire Général de la Préfecture du Haut-Rhin,</line></par>
</text>
</block>
<block><region><rect/></region>
<text>
<par>
<line>ARRETE</line></par>
</text>
</block>
<block><region><rect/></region>
<text>
<par>
<line>Article 1er</line></par>
</text>
</block>
<block><region><rect/></region>
<text>
<par>
<line>Le Plan de Prévention du Risque Naturel prévisible (P.P.R.) « inondation » pour la vallée de</line>
<line>la Largue, constitué des documents y annexés (note de présentation, règlement,</line>
<line>cartographie) est approuvé par le présent arrêté.</line></par>
</text>
</block>
<block><region><rect/></region>
<text>
<par>
<line>Article 2</line></par>
<par>
<line>Le P.P.R. vaut servitude d’utilité publique opposable à toute personne publique ou privée. A</line>
<line>ce titre, il sera annexé au Plan d’Occupation des Sols des communes concernées,</line>
<line>conformément à l’article L 126-1 du Code de l’Urbanisme.</line></par>
</text>
</block>


</page>
<page width="1240" height="1754" resolution="150">
<block><region><rect/></region>
<text>
<par>
<line>3.</line></par>
</text>
</block>
<block><region><rect/></region>
<text>
<par>
<line>Article 3</line></par>
</text>
</block>
<block><region><rect/></region>
<text>
<par>
<line>Le P.P.R. est tenu à la disposition du public en préfecture, en sous-préfecture d'ALTKIRCH,</line>
<line>à la Direction Départementale de l'Agriculture et de la Forêt (D.D.A.F.) et dans chaque</line>
<line>mairie concernée.</line></par>
</text>
</block>
<block><region><rect/></region>
<text>
<par>
<line>Article 4</line></par>
</text>
</block>
<block><region><rect/></region>
<text>
<par>
<line>Le Secrétaire Général de la Préfecture, le Sous-Préfet d'ALTKIRCH, les maires des</line>
<line>communes concernées, le Directeur Départemental de l’Equipement, le Directeur</line>
<line>Départemental de l'Agriculture et de la Forêt, le Directeur Départemental des Affaires</line>
<line>Sanitaires et Sociales, le Directeur Régional de l’Industrie, de la Recherche et de</line>
<line>l’Environnement, le Directeur Régional de l'Environnement, sont chargés, chacun en ce qui</line>
<line>le concerne, de l'application du présent arrêté qui sera publié au Recueil des Actes</line>
<line>Administratifs de la Préfecture, ainsi que dans deux journaux régionaux ou locaux diffusés</line>
<line>dans le département.</line></par>
<par>
<line>Une copie de l’arrêté sera affichée dans chaque mairie sur le territoire de laquelle le plan est</line>
<line>applicable pendant un mois au minimum.</line></par>
</text>
</block>
<block><region><rect/></region>
<text>
<par>
<line>Fait à Colmar, le 5 NOV. 1998</line></par>
</text>
</block>
<block><region><rect/></region>
<text>
<par>
<line>Pnur te Préfet,</line>
<line>et par déiéî^don,</line>
<line>Ls Secré^re GâtM</line></par>
</text>
</block>
<block><region><rect/></region>
<text>
<par>
<line>Le Préfet,</line></par>
</text>
</block>
<block><region><rect/></region>
<text>
<par>
<line>et par délégation</line>
<line>lo Chef du bureau</line></par>
</text>
</block>




</page>
</PM1>