<?xml version="1.0" encoding="UTF-8"?><PM1>
<page width="2479" height="3504" resolution="300">
<block><region><rect/></region>
<text>
<par>
<line>Liberté • Égalité • Fraternité</line></par>
<par>
<line>RÉPUBLiauE Française</line></par>
</text>
</block>
<block><region><rect/></region>
<text>
<par>
<line>PRÉFECTURE</line></par>
<par>
<line>DES PYRÉNÉES-ATLANTIQUES</line></par>
</text>
</block>
<block><region><rect/></region>
<text>
<par>
<line>ARRETE PREFECTORAL n° 2005/326-3</line></par>
<par>
<line>REFER; PC3-2005/433</line></par>
</text>
</block>
<block><region><rect/></region>
<text>
<par>
<line>SERVICE</line></par>
<par>
<line>INTERMINISTERIEL</line>
<line>DE LA DEFENSE ET</line>
<line>DE LA PROTECTION CIVILES</line></par>
</text>
</block>
<block><region><rect/></region>
<text>
<par>
<line>ARRETE</line></par>
<par>
<line>approuvant le Plan de Prévention du Risque d'inondation</line>
<line>de la commune d’ANGAIS</line></par>
</text>
</block>
<block><region><rect/></region>
<text>
<par>
<line>Le Préfet des Pyrénées-Atlantiques</line></par>
<par>
<line>Chevalier de la Légion d'Honneur,</line></par>
<par>
<line>VIJ le code de l’enviroimement, articles L562-1 L562-9 ;</line></par>
<par>
<line>VU le décret n°95- 1089 du 5 octobre 1995 modifié, relatif aux plans de</line>
<line>prévention des risques naturels prévisibles;</line></par>
<par>
<line>VU l’arrêté préfectoral du 26 septembre 2003, prescrivant l’établissement d’un</line>
<line>plan de prévention du risque d’inondation (P.P.R.I.) sur la commune</line>
<line>d’ANGAIS ;</line></par>
<par>
<line>VU l’arrêté préfectoral n° 2005/95-10 du 5 avril 2005 prescrivant l’ouverture</line>
<line>d’une enquête publique sur le plan de prévention du risque d’inondation de la</line>
<line>commune d’ANGAIS ;</line></par>
<par>
<line>VU la délibération en date du 6 janvier 2005 du conseil municipal et de l’avis</line>
<line>de la Chambre d’agriculture en date du 21 février 2005 ;</line></par>
<par>
<line>VU le procès-verbal de l’enquête publique qui s’est déroulée du 25 avril 2005 au</line>
<line>30 mai 2005 et à l’avis du commissaire-enquêteur rendu le 24 juin 2005 ;</line></par>
<par>
<line>Sur proposition du directeur de Cabinet de la préfecture des Pyrénées-</line>
<line>Atlantiques;</line></par>
</text>
</block>
<block><region><rect/></region>
<text>
<par>
<line>ARRETE :</line></par>
<par>
<line>Article : I - est approuvé tel qu’il est annexé au présent arrêté, le plan de</line>
<line>prévention du risque d’inondation (P.P.R.I.) de la commune d’ANGAIS.</line></par>
</text>
</block>
<block><region><rect/></region>
<text>
<par>
<line>Toule correspondance doit cire adressée sous forme impersonnelle à Monsieur le Préfet des Pvrénées-Ailantiques</line></par>
<par>
<line>2, RUE MARÉCHAL .lüFFRE 64021 PAU CEDEX. TEL. 0 82180 30 64 - TÉLÉCOPIE 05 59 98 24 99</line>
<line>courrier@pyrenees-atIantiques.pier,goiiv.fr - site internet : www.pyrenecs-atlaiitiques pref.gouv.fr</line></par>
</text>
</block>


</page>
<page width="2486" height="3509" resolution="300">
<block><region><rect/></region>
<text>
<par>
<line>n - le PPRI comprend : un règlement, une carte réglementaire au</line>
<line>1/5000®, une partie annexe comprenant une note de présentation, les cartes des aléas et</line>
<line>des hauteurs d’eau au 1/5000®, la carte informative au 1/10 000®, un plan de situation,</line>
<line>les textes réglementaires.</line></par>
<par>
<line>ni - le PPRI est tenu à la disposition du public</line>
<line>à la mairie d’ANGAIS</line></par>
<par>
<line>- à la direction départementale de l’Equipement à PAU</line></par>
<par>
<line>- à la préfecture de PAU (SIDPC et DCLE)</line></par>
<par>
<line>Article 2 : Le présent arrêté sera publié au recueil des actes administratifs et mention</line>
<line>en sera faite dans les deux journaux ci-après désignés:</line></par>
<par>
<line>l'Eclair des Pyrénées</line></par>
<par>
<line>Les petites afiBches du Pays Basque et des P3a’énées-Atlantiques</line></par>
<par>
<line>Une copie de l’arrêté d’approbation sera affichée à la mairie pendant un mois au</line>
<line>minimum. Cette mesure de publicité sera justifiée par un certificat du maire et un</line>
<line>exemplaire des journaux sera annexé au dossier</line></par>
<par>
<line>Article 3 : Des ampliations seront adressées à :</line></par>
<par>
<line>M. le secrétaire général de la préfecture, M. le maire d’ANGAIS, M. le directeur</line>
<line>départemental de l’équipement. Madame la ministre de l'écologie et du développement</line>
<line>durable.</line></par>
<par>
<line>Article 4 : MM. le secrétaire général de la préfecture, le directeur de cabinet, le maire</line>
<line>d’ANGAIS, le directeur départemental de l'équipement, sont chargés, chacun en ce</line>
<line>qui le concerne, de l’exécution du présent arrêté.</line></par>
</text>
</block>
<block><region><rect/></region>
<text>
<par>
<line>Fait à PAU le.</line>
<line>Le Préfet,</line></par>
</text>
</block>
<block><region><rect/></region>
<text>
<par>
<line>2 2 NOV. 2üü5</line></par>
</text>
</block>
<block><region><rect/><rect/></region>
<text>
<par>
<line>PmIePréfet</line>
<line>■LeSous-Pi^fet</line></par>
</text>
</block>
<block><region><rect/></region>
<text>
<par>
<line>bk</line></par>
</text>
</block>
<block><region><rect/></region>
<text>
<par/>
</text>
</block>
<block><region><rect/></region>
<text>
<par/>
</text>
</block>


</page>
</PM1>