<?xml version="1.0" encoding="UTF-8"?><PM1>
<page width="1671" height="2351" resolution="200">
<block><region><rect/><rect/><rect/></region>
<text>
<par>
<line>A-s'..wU*. .4</line>
<line>llbfti/ • égnill/ • Fiai/inlif</line>
<line>RÉPUBLiaUE FRANÇAISE</line></par>
<par>
<line>PRÉFET DE LA SEINE-MARITIME</line></par>
</text>
</block>
<block><region><rect/></region>
<text>
<par>
<line>Direction départeinentaie RoU6tl, le 13 janvier 2011</line></par>
<par>
<line>des territoires et de ta mer</line>
<line>Service ressources, milieux et</line>
<line>territoires</line></par>
<par>
<line>Bureau risques et nuisances</line></par>
</text>
</block>
<block><region><rect/></region>
<text>
<par>
<line>Affaire suivie par : OULONGCHAMPS Eric</line>
<line>Tél 02 35 58 56 36</line></par>
<par>
<line>Fax : 02 35 58 55 63</line></par>
<par>
<line>mél : Erlc.Dulongchamps@selne-maritime.gouv.fr</line></par>
</text>
</block>
<block><region><rect/></region>
<text>
<par>
<line>ARRÊTÉ</line></par>
</text>
</block>
<block><region><rect/></region>
<text>
<par>
<line>Approbation du plan de prévention des risques</line>
<line>inondations (PPRi) - Vallée du Dun</line></par>
</text>
</block>
<block><region><rect/></region>
<text>
<par>
<line>Le préfet</line></par>
<par>
<line>de la région Haute-Normandie,</line>
<line>préfet de la Seine-Maritime</line></par>
</text>
</block>
<block><region><rect/></region>
<text>
<par>
<line>VU :</line></par>
<par>
<line>le Code de l'Expropriation, notamment les articles R 11-4 à R 11-14,</line></par>
<par>
<line>- le Code de l'Urbanisme, notamment les articles L 126-1 et R 126-1 et 2,</line></par>
<par>
<line>- le Code de la Construction et de l'Habitation, notamment les articles L 111-4 et R 126-1,</line></par>
<par>
<line>- le Code de l'Environnement, notamment les articles L 211-1 et L 562-1 à L 562-9,</line></par>
<par>
<line>- la loi n"2003-699 du 30 juillet 2003 relative à la prévention des risques technologiques et</line></par>
<par>
<line>naturels et à la réparation des dommages,</line></par>
<par>
<line>- la loi n® 2004-811 du 13 août 2004 de modernisation de la sécurtié civile,</line></par>
<par>
<line>- le décret n"* 2005--3 du 4 janvier 2005 modifiant le décret n“ 95-1089 du 5 octobre 1995</line>
<line>relatif aux plans de prévention des risques naturels prévisibles,</line></par>
</text>
</block>
<block><region><rect/></region>
<text>
<par>
<line>Cllé administrative Saint Sevor - 76032 ROUEN Cedex - 02 36 58 53 27</line>
<line>Site Internet : hitp: //vnvw.eeine-maritime.equlpement-agrlculture.oouv.fr</line>
<line>Horaires d'ouverture : 9h00-l2h30 / I3h30-I6h30</line>
<line>Site Internet ; httpU/wvvw.eeine-marltlme.gouv.fr</line></par>
</text>
</block>








</page>
<page width="1670" height="2350" resolution="200">
<block><region><rect/></region>
<text>
<par>
<line>l'arrêté préfectoral du 23 mai 2001 prescrivant l'élaboration d'un plan de prévention des</line>
<line>risques naturels liés aux inondations sur la vallée du Dun,</line></par>
<par>
<line>l'arrêté préfectoral en date du 11 mai 2010 prescrivant l'ouverture d'une enquête</line>
<line>publique préalable à l'approbation du plan de prévention des risques naturels</line>
<line>(inondations) de la vallée du Dun,</line></par>
<par>
<line>le rapport de l'enquête publique qui s'est déroulée du 08 juin 2010 au 10 juillet 2010</line>
<line>inclus,</line></par>
<par>
<line>la consultation des communes concernées par le projet de PPR en date du 10 mars</line></par>
<par>
<line>2010,</line></par>
<par>
<line>la consultation du Syndicat Mixte des bassins Versants du Dun et de la Veules en date</line>
<line>du 10 mars 2010,</line></par>
<par>
<line>la consultation de l'association « Vivre en Vallée du Dun » en date du 10 mars 2010,</line></par>
<par>
<line>la consultation de la Chambre d'Agriculture de Seine-Maritime en date du 17 mai 2010,</line></par>
<par>
<line>la consutation du Centre Régional de la Propriété Forestière de Normandie en date du</line>
<line>17 mai 2010,</line></par>
<par>
<line>la délibération du conseil municipal de la commune de Saint-Pierre-le-Vieux en date du</line></par>
<par>
<line>10 juin 2010,</line></par>
<par>
<line>la délibération du conseil municipal de la commune de Fontaine-!e-Dun en date du 16</line>
<line>juin 2010, ’</line></par>
<par>
<line>la délibération du conseil municipal de la commune d'Autigny en date du 21 juin 2010,</line></par>
<par>
<line>la délibération du conseil municipal de la commune de La Gaillarde en date du 22 juin</line></par>
<par>
<line>2010,</line></par>
<par>
<line>la délibération du conseil municipal de la commune de Saint-Pierre-le-Viger en date du</line>
<line>24 juin 2010,</line></par>
<par>
<line>la délibération du conseil municipal de la commune de Saint-Aubin-sur-Mer en date du</line>
<line>28 juin 2010,</line></par>
<par>
<line>la délibération du conseil municipal de la commune de Bourg-Dun en date du 06 juillet</line></par>
<par>
<line>2010,</line></par>
<par>
<line>la délibération du conseil municipal de la commune de Crasville-!a-Rocquefort en date du</line></par>
<par>
<line>11 août 2010.</line></par>
<par>
<line>r.avis du Centre Régional de la Propriété Forestière de Normandie en date du 21 juin</line></par>
<par>
<line>2010,</line></par>
</text>
</block>
<block><region><rect/></region>
<text>
<par>
<line>l'avis de la Chambre d'Agriculture de Seine-Maritime en date du 12 juiliet 2010</line></par>
</text>
</block>









</page>
<page width="1663" height="2345" resolution="200">
<block><region><rect/></region>
<text>
<par>
<line>ARRÊTE</line></par>
</text>
</block>
<block><region><rect/></region>
<text>
<par>
<line>Article 1 :</line></par>
</text>
</block>
<block><region><rect/></region>
<text>
<par>
<line>Est approuvé, tel qu'il est annexé au présent arrêté, le plan de prévention des risques</line>
<line>d'inondation de la vallée du Dun sur les communes suivantes :</line></par>
</text>
</block>
<block><region><rect/></region>
<text>
<par>
<line>Autigny</line></par>
<par>
<line>Bourg-Dun</line></par>
<par>
<line>Crasville-la-Rocqueforl</line></par>
<par>
<line>Fontaine-!e-Dun</line></par>
</text>
</block>
<block><region><rect/></region>
<text>
<par>
<line>La Gaillarde</line>
<line>Saint-Aubin-sur-Mer</line>
<line>Salnt-Pierre-le-Vieux</line>
<line>Saint-Pierre-le-Viger</line></par>
</text>
</block>
<block><region><rect/></region>
<text>
<par>
<line>Article 2 ;</line></par>
<par>
<line>Le plan de prévention des risques comprend ;</line></par>
<par>
<line>- un rapport de présentation,</line></par>
<par>
<line>- un zonage réglementaire,</line></par>
<par>
<line>- un règlement.</line></par>
</text>
</block>
<block><region><rect/></region>
<text>
<par>
<line>Article 3 :</line></par>
<par>
<line>Le plan de prévention des risques est tenu à la disposition du public :</line></par>
<par>
<line>- dans les mairies des communes concernées aux jours et heures ouvrables,</line></par>
<par>
<line>- à la direction départementale des Territoires et de la Mer aux jours et heures</line>
<line>ouvrables,</line></par>
<par>
<line>- à la préfecture aux jours et heures ouvrables.</line></par>
</text>
</block>
<block><region><rect/></region>
<text>
<par>
<line>Article 4 ;</line></par>
<par>
<line>Mention de cet arrêté sera faite en caractères apparents dans les deux journaux ci-</line>
<line>après désignés :</line></par>
<par>
<line>- PARIS-NORMANDIE,</line></par>
<par>
<line>- LE COURRIER CAUCHOIS.</line></par>
<par>
<line>Un exemplaire de ces journaux sera annexé au dossier.</line></par>
</text>
</block>
<block><region><rect/></region>
<text>
<par>
<line>Article 5 :</line></par>
<par>
<line>Le présent arrêté sera publié au Recueil des Actes Administratifs du département de</line>
<line>Seine-Maritime;</line></par>
</text>
</block>
<block><region><rect/></region>
<text>
<par>
<line>Article 6 :</line></par>
<par>
<line>Des ampliations du présent arrêté seront adressées :</line></par>
<par>
<line>- aux mairies des communes concernées.</line></par>
<par>
<line>- au directeur régional de l'Environnement, de l'Aménagement et du Logement,</line></par>
<par>
<line>- au directeur régional de l'Alimentation, de l'Agriculture et de la Forêt,</line></par>
<par>
<line>- au directeur départemental des Territoires et de la Mer,</line></par>
<par>
<line>- au directeur départemental des Services d'incendie et de Secours,</line></par>
</text>
</block>













</page>
<page width="1669" height="2349" resolution="200">
<block><region><rect/></region>
<text>
<par>
<line>Article 7 :</line></par>
</text>
</block>
<block><region><rect/></region>
<text>
<par>
<line>Monsieur le Secrétaire Général,</line></par>
<par>
<line>Messieurs les Maires des communes concernées,</line></par>
<par>
<line>Monsieur le directeur régional de l'Environnement, de l'Aménagement et du Logement,</line>
<line>Monsieur le directeur départemental des Territoires et de la Mer,</line></par>
<par>
<line>sont chargés, chacun en ce qui le concerne, de l'exécution du présent anêté.</line></par>
</text>
</block>
<block><region><rect/></region>
<text>
<par>
<line>Le Préfet,</line></par>
</text>
</block>
<block><region><rect/></region>
<text>
<par>
<line>,CARON</line></par>
</text>
</block>














</page>
</PM1>