<?xml version="1.0" encoding="UTF-8"?><PM1>
<page width="1653" height="2336" resolution="200">
<block><region><rect/></region>
<text>
<par>
<line>Liberté • Égalité • Fraternité</line></par>
<par>
<line>République Française</line></par>
</text>
</block>
<block><region><rect/></region>
<text>
<par>
<line>PREFET DE LA HAUTE-CORSE</line></par>
<par>
<line>DIRECTION DEPARTEMENTALE</line>
<line>DES TERRITOIRES ET DE LA MER</line></par>
<par>
<line>SERVICE RISQUES - CONSTRUCTION - SÉCURITÉ</line>
<line>RISQUES</line></par>
<par>
<line>ARRETE ; DDTM/SRCS/RISQUES/N“ ^ ^ ^</line></par>
<par>
<line>en date du ^ Â t</line></par>
<par>
<line>portant approbation du plan de prévention des risques d’inondation concernant le territoire de la</line>
<line>commune de Ville di Pietrabugno</line></par>
<par>
<line>LE PREFET ÜE LA HAUTE-CORSE</line>
<line>CHEVALIER DE LA LEGION D'HONNEUR</line>
<line>CHEVALIER DE L’ORDRE NATIONAL DU MERITE</line></par>
</text>
</block>
<block><region><rect/></region>
<text>
<par>
<line>VU le code de l'environnement, notamment ses articles L.562-1 à L.562-9 et R.562-1 à R.562-10-2 relatifs</line>
<line>aux plans de prévention des risques naturels prévisibles ;</line></par>
<par>
<line>VU le code de l'environnement, notamment ses articles L123-1 à L123-19 et R123-1 à R123-46 concernant</line>
<line>les enquêtes publiques relatives aux opérations susceptibles d'affecter l'environnement ;</line></par>
<par>
<line>VU le code de l'environnement, notamment ses articles L.122-4 à L.122-12 et R.122-17 à R.122-24 relatifs à</line>
<line>l'évaluation de certains plans et documents ayant une incidence notable sur l'environnement ;</line></par>
<par>
<line>VU le code de l'urbanisme, notamment ses articles L.126-1 et R.126-1 relatif aux servitudes d'utilité</line>
<line>publique affectant l'utilisation du sol ;</line></par>
<par>
<line>VU la loi n° 2003-699 du 30 juillet 2003 relative à la prévention des risques naturels et technologiques et à</line>
<line>la réparation des dommages ;</line></par>
<par>
<line>VU la loi n° 2010-788 du 12 juillet 2010 portant engagement national pour l’environnement</line></par>
<par>
<line>VU le décret n°2004-374 du 29 avril 2004 modifié relatif aux pouvoirs des préfets, à l'organisation et à</line></par>
<par>
<line>l'action des services de l'État dans les régions et départements ;</line></par>
<par>
<line>VU le décret n° 2011 -765 du 28 juin 2011 relatif à la procédure d'élaboration, de révision et de modification</line>
<line>des plans de prévention des risques naturels prévisibles ;</line></par>
<par>
<line>VU Le décret n° 2012-616 du 2 mai 2012 relatif à l'évaluation de certains plans et documents ayant une</line>
<line>incidence sur l'environnement ;</line></par>
<par>
<line>VU le décret du Président de la République du 15 avril 2015 portant nomination du Préfet de la Haute-Corse,</line>
<line>Monsieur Alain THIRION ;</line></par>
<par>
<line>VU l'arrêté préfectoral n° 98/1516 en date du 4 décembre 1998 portant prescription de l'élaboration d’un plan</line>
<line>de prévention du risque « inondation » concernant le territoire des communes de Bastia, San Martino di</line>
<line>Lota, Santa Maria di Lota et Ville de Pietrabugno ;</line></par>
<par>
<line>VU l'arrêté préfectoral n° 2014297-0001 en date du 24 octobre 2014 portant ouverture d’une enquête</line>
<line>publique préalable à l’approbation du plan de prévention des risques d’inondation concernant le territoire</line></par>
</text>
</block>

</page>
<page width="1663" height="2343" resolution="200">
<block><region><rect/></region>
<text>
<par>
<line>des communes de Bastia et de Ville di Pietrabugno ;</line></par>
</text>
</block>
<block><region><rect/></region>
<text>
<par>
<line>VU la circulaire du 28 novembre 2011 relative au décret n° 2011-765 du 28 juin 2011 relatif à la procédure</line>
<line>d’élaboration, de révision et de modification des plans de prévention des risques naturels prévisibles ;</line></par>
<par>
<line>VU les avis réputés favorables de la commune de Bastia ; de la commune de Ville di Pietrabugno ; de la</line>
<line>communauté d'agglomération de Bastia ; de la collectivité territoriale de Corse ; de la chambre</line>
<line>d'agriculture de la Haute-Corse ; du service départemental d’incendie et de secours de la Haute-Corse ;</line>
<line>de la délégation régionale de Corse du centre national de la propriété forestière et de l'avis favorable du</line>
<line>conseil général de la Haute-Corse en date du 1*^ septembre 2014 ;</line></par>
<par>
<line>VU l’audition le 11 décembre 2014, par le commissaire enquêteur, de Monsieur Cristofari, adjoint chargé de</line>
<line>l’urbanisme du logement et de l’aménagement, qui par délégation représenté monsieur le maire de la</line>
<line>commune de Ville di Pietrabugno ;</line></par>
<par>
<line>VU le rapport et les conclusions motivées en date du 28 janvier 2015, du commissaire enquêteur chargé de</line>
<line>l'enquête publique qui s'est déroulée du 18 novembre 2014 au 18 décembre 2014 ;</line></par>
<par>
<line>SUR proposition du directeur départemental des territoires et de la mer de Haute-Corse,</line></par>
</text>
</block>
<block><region><rect/></region>
<text>
<par>
<line>ARRÊTE</line></par>
</text>
</block>
<block><region><rect/></region>
<text>
<par>
<line>ARTICLE : Le plan de prévention des risques d'inondation (PPRI) concernant le territoire de la commune de</line>
<line>Ville di Pietrabugno est approuvé tel qu'il est annexé au présent arrêté.</line></par>
<par>
<line>ARTICLE 2 Le plan de prévention des risques d'inondation comprend :</line></par>
<par>
<line>une note de présentation ;</line>
<line>un règlement ;</line></par>
<par>
<line>la cartographie du zonage réglementaire complétée des cartographies des enjeux et des</line>
<line>aléas inondation.</line></par>
<par>
<line>ARTICLE 3 : Le présent arrêté est publié au recueil des actes administratifs de l'État dans le département. Il est fait</line>
<line>mention du présent arrêté dans un journal diffusé dans le département.</line></par>
</text>
</block>
<block><region><rect/></region>
<text>
<par>
<line>ARTICLE 4 : Le présent arrêté est affiché pendant un mois au minimum en mairie de Ville di Pietrabugno ainsi</line>
<line>qu'au siège de la communauté d'agglomération de Bastia. Un certificat d'affichage est établi par le</line>
<line>Maire de Ville di Pietrabugno et par le Président de la communauté d'agglomération de Bastia pour</line>
<line>constater l'accomplissement de cette formalité. Ces certificats sont adressés au service instructeur de</line>
<line>la direction départementale des territoires et de la mer de la Haute-Coree dans les meilleurs délais.</line></par>
</text>
</block>
<block><region><rect/></region>
<text>
<par>
<line>ARTICLE 5 : Conformément à l'article R562-9 du code de l’environnement, le plan de prévention des risques</line>
<line>d'inondation concernant le territoire de la commune de Ville di Pietrabugno est tenu à la disposition</line>
<line>du public, aux jours et heures habituels d'ouverture des bureaux en mairie de Ville di Pietrabugno, au</line>
<line>siège de la Communauté d’Agglomération de Bastia ainsi qu’au siège de la Préfecture.</line></par>
<par>
<line>Le plan de prévention des risques d'inondation concernant le territoire de la commune de Ville di</line>
<line>Pietrabugno est aussi consultable au siège de la direction départementale des territoires et de la mer</line>
<line>de la Haute-Corse.</line></par>
<par>
<line>Une copie de ces documents peut être obtenue, à ses frais, par toute personne en faisant la demande</line>
<line>auprès de la direction départementale des territoires et de la mer de la Haute-Corse.</line></par>
<par>
<line>Ces documents sont consultables en ligne sur le site internet des services de l'État en Haute-Corse à</line>
<line>l'adresse suivante : http://www.haute-corse.gouv.fr</line></par>
</text>
</block>





</page>
<page width="1660" height="2341" resolution="200">
<block><region><rect/></region>
<text>
<par>
<line>ARTICLE 6 En application de l'article L.562-4 du code de l'environnement, le plan de prévention des risques</line></par>
<par>
<line>d'inondation approuvé de Ville di Pietrabugno vaut servitude d'utilité publique. Ace titre, le maire de</line>
<line>la commune de Ville di Pietrabugno doit annexer, dans les trois mois suivant sa mise en demeure par</line>
<line>le préfet, le plan de prévention des risques d'inondation approuvé au document d'urbanisme en</line>
<line>vigueur (PLU ou POS) de la commune de Ville di Pietrabugno, conformément à l'article L. 126-1 du</line>
<line>code de l'urbanisme.</line></par>
</text>
</block>
<block><region><rect/></region>
<text>
<par>
<line>ARTICLE 7 Conformément aux dispositions des articles R. 421-1 à R.. 421-5 du code de justice administrative, le</line>
<line>présent arrêté peut faire l’objet d’un recours contentieux devant le tribunal administratif de Bastia</line>
<line>dans le délai de deux mois courant à compter de la clôture des formalités de publication.</line></par>
<par>
<line>ARTICLE 8 : Le secrétaire général de la préfecture, le directeur de cabinet, le directeur départemental des</line>
<line>territoires et de la mer, le maire de Ville di Pietrabugno, le président de la communauté de</line>
<line>communes de Bastia sont chargés, chacun en ce qui le concerne, de l’exécution du présent</line>
<line>arrêté.</line></par>
</text>
</block>
<block><region><rect/></region>
<text>
<par>
<line>Le Préfet</line></par>
</text>
</block>
<block><region><rect/><rect/><rect/><rect/></region>
<text>
<par>
<line>Pour le Tr</line></par>
<par>
<line>Le^crétai*e1icj,^,.î</line></par>
</text>
</block>






</page>
</PM1>