<?xml version="1.0" encoding="UTF-8"?><PM1>
<page width="1674" height="2354" resolution="200">
<block><region><rect/></region>
<text>
<par>
<line>PREFECTURE DE CORSE</line></par>
</text>
</block>
<block><region><rect/></region>
<text>
<par>
<line>REPUBLIQUE FRANÇAISE</line></par>
</text>
</block>
<block><region><rect/></region>
<text>
<par>
<line>CABINET DU PREFET</line></par>
<par>
<line>SERVICE INTERMINISTERIEL REGIONAL</line>
<line>DE DEFENSE ET DE PROTECTION CIVILE.</line></par>
</text>
</block>
<block><region><rect/></region>
<text>
<par>
<line>ARRETE N° 98/00 45'</line></par>
</text>
</block>
<block><region><rect/></region>
<text>
<par>
<line>Approuvant (e Plan de Prévention des risques naturels prévisibles .sur le territoire des communes</line></par>
<par>
<line>de COGGU et de VICO</line></par>
</text>
</block>
<block><region><rect/></region>
<text>
<par>
<line>« Risque dTnondadon de la Basse Vallée du Sagone »</line></par>
</text>
</block>
<block><region><rect/></region>
<text>
<par>
<line>LE PREFET DE CORSE, PREFET DE LA CORSE DU SUD, CHEVALIER DE LA LEGION</line>
<line>D’HONNEUR,</line></par>
<par>
<line>VI j la loi n° 87.565 du 22 juillet relative à l’organisation de la sécurité civile, à la protection de la forêt</line>
<line>jonrrc 1 ' incendie et à la prévention des risques majeurs et notamment ses articles 40. l à 40.7.</line></par>
<par>
<line>VU la loi 95. lül du 2 février 1995 relative au renforcement de la protection de l’environnement</line>
<line>modifiant la loi n° 87.565 précitée,</line></par>
<par>
<line>VU le décret n° 95.1089 du 5 octobre 1995 relatif aux plans de prévention des risques naturels prévisibles.</line>
<line>VU le programme de prévention contre les inondations liées au ruissellement pluvial urbain et aux crues</line>
<line>torrentielles, et les résultats de la synthèse départementale pour la Corse du Sud classant la commune de</line>
<line>VICO à « risques très fort » et celle de COGGIA à « risque fort » en terme de risque d’inondations.</line></par>
<par>
<line>VU le programme quinquennal 1994-1998 de cartographie réglementaire des risques naturels prévisibles,</line>
<line>répertoriant le bassin du SAGONE comme bassin prioritaire de risque.</line></par>
<par>
<line>VU Tarrété n"^ 96.0501 en date du 9 avril 1996 prescrivant l’établissement d’un Plan de Prévention des</line>
<line>risques naturels prévisibles sur le temtoire des communes de COGGIA et de VICO.</line></par>
<par>
<line>VU l'avis de la Direction Départementale de l’Agriculture et de la Forêt en date du 10 fé\Tier 199".</line></par>
<par>
<line>VU l’avis de la Chambre Départementale d’Agriculture de la Corse du Sud, en date du 14 mai 1997,</line></par>
<par>
<line>VU l’avis de la commune de VICO exprimé par délibération du Conseil Municipal du 28 juin 1997,</line></par>
<par>
<line>VU l’arrété préfectoral n® 96.0501 en date du 9 avril 1996 prescrivant l’ouverture d’une enquête publique</line>
<line>relative au Plan de Prévention des risques de la basse vallée du Sagone.</line></par>
<par>
<line>VU le rapport et l’avis favorable du Commissaire Enquêteur,</line></par>
<par>
<line>\‘U !e dossier de Plan de Prévention des risques modifié pour tenir compte de l’avis des personnes</line>
<line>consultées (DDAF et Chambre d’Agnculture),</line></par>
<par>
<line>Sur proposition de Monsieur le Sous-Préfet, Directeur de Cabinet,</line></par>
<par>
<line>ARRETE</line></par>
<par>
<line>ARTICLE U' : - Le plan de prévention des risques d’inondation de la basse vallée du Sagone est approuvé tel</line>
<line>qu'il est anne.xé au présent arrêté.</line></par>
</text>
</block>
<block><region><rect/></region>
<text>
<par>
<line>ARTlCr.F. 2 - Le présent arrêté fera l’objet d’une mention au Recueil des actes administratifs de l’Etat dans</line>
<line>le département ainsi que dans deux journaux régionaux ou locaux diffusés dans le département.</line></par>
</text>
</block>



</page>
<page width="1654" height="2340" resolution="200">
<block><region><rect/></region>
<text>
<par>
<line>De même, une copie de cet arrêté sera affichée pendant un mois dans les mairies des communes de</line>
<line>COGGIA et de VICO sur le territoire desquelles le plan est applicable.</line></par>
</text>
</block>
<block><region><rect/></region>
<text>
<par>
<line>Le plan approuvé sera tenu à la disposition du public en préfecture et dans chaque mairie concernée.</line>
<line>Cette mesure de publicité fera l'objet d'une mention avec les publications et l’affichage prevus aux deux</line>
<line>alines précédents.</line></par>
<par>
<line>.\RTÎCLE 3 - MM. Le S-ous-Préfet. Directeur de Cabinet, les Maires de COGGIA et VICO. sont</line>
<line>charges chacun en ce qui le concerne de l'exécution du présent arrêté dont ampliation sera adressée aux</line></par>
</text>
</block>
<block><region><rect/></region>
<text>
<par>
<line>- Secrétaire Générai de la Préfecture,</line></par>
<par>
<line>- Directeur Régional et Départemental de l'Equipement,</line></par>
<par>
<line>- Directeur Départemental Adjoint au Directeur Régional de l'Agriculture et de la Forêt,</line>
<line>chargé des a^res départementales,</line></par>
<par>
<line>- Directeur Départemental des Affaires Sanitaires et Sociales,</line></par>
<par>
<line>- Directeur du Service Départemental dTncendie et de Secours de la Corse du Sud,</line></par>
</text>
</block>
<block><region><rect/></region>
<text>
<par>
<line>Pour Jf? ■</line></par>
</text>
</block>
<block><region><rect/></region>
<text>
<par>
<line>Pour Ampiiaiion</line></par>
</text>
</block>
<block><region><rect/></region>
<text>
<par/>
</text>
</block>
<block><region><rect/></region>
<text>
<par>
<line>FAIT A.AJACCIO, le</line>
<line>LE PREFET .</line></par>
</text>
</block>
<block><region><rect/></region>
<text>
<par>
<line>Claude ERIGNAC</line></par>
</text>
</block>

</page>
</PM1>