<?xml version="1.0" encoding="UTF-8"?><PM1>
<page width="2513" height="3528" resolution="300">
<block><region><rect/></region>
<text>
<par>
<line>iAtrtf • ÉgÊÊIti » hmunltl</line></par>
<par>
<line>UPDBuiifn nuMÇAm</line></par>
</text>
</block>
<block><region><rect/></region>
<text>
<par>
<line>PREFECTURE DE LA MAYENNE</line></par>
</text>
</block>
<block><region><rect/></region>
<text>
<par>
<line>CABINET DU PREFET</line></par>
<par>
<line>Service Interministériel</line>
<line>de Défense et de Protection Civile</line></par>
</text>
</block>
<block><region><rect/></region>
<text>
<par>
<line>Arrêté 2003 P 1797 du 29 octobre 2003</line></par>
<par>
<line>portant approbation du Plan de Prévention</line>
<line>des Risques dlnondation</line>
<line>sur le territoire des communes</line>
<line>de Changé, Laval et L'Huisserie.</line></par>
</text>
</block>
<block><region><rect/></region>
<text>
<par>
<line>LE PREFET DE LA MAYENNE</line>
<line>Chevalier de la Légion d'Honneur,</line></par>
</text>
</block>
<block><region><rect/></region>
<text>
<par>
<line>VU la loi n® 95-101 du 2 février 1995 relative au renforcement de la protection de</line>
<line>l'environnement et notamment son article 16 modifiant la loi n° 87-565 du 22 juillet</line>
<line>1987 relative à l'organisation de la sécurité civile, à la protection de la forêt contre</line>
<line>l'incendie et à la prévention des risques majeurs (art. L 562.1 à L 562.9 du code de</line>
<line>l'Environnement) ;</line></par>
<par>
<line>VU le décret n° 95-1089 du 5 octobre 1995 relatif aux plans de prévention des risques</line>
<line>naturels prévisibles et notamment son article 7 ;</line></par>
<par>
<line>VU l'arrêté préfectoral n° 96-135 du 15 mars 1996 prescrivant l'établissement d'un</line>
<line>plan de prévention des risques d'inondation sur les communes de Changé, Laval et</line>
<line>L'Huisserie ;</line></par>
<par>
<line>VU l'arrêté préfectoral n® 2003-P-695 du 16 mal 2003 prescrivant l'ouverture d'une</line>
<line>enquête publique sur le projet d'élaboration d'un plan de prévention des risques</line>
<line>naturels prévisibles liés aux inondations sur le territoire des communes de Changé,</line>
<line>Laval et L'Huisserie ;</line></par>
<par>
<line>VU les résultats de l'^quêté ou^BiiÉ et notamment les conclusions du|Çommî^ire</line>
<line>iriqüêteur en date du Wjuflîit2O03 ; _</line></par>
<par>
<line>VU l'avis de la Direction Régionale de l'Environnement (DIREN) émis par courrier en</line>
<line>date du 10 avril 2003 ;</line></par>
<par>
<line>VU l'avis du conseil municipal de la commune de Changé émis lors de sa séance du 20</line>
<line>février 2003 ;</line></par>
<par>
<line>VU l'avis du conseil municipal de la commune de Laval émis lors de sa séance du 31</line>
<line>Janvier 2003 ;</line></par>
<par>
<line>VU l'avis du conseil municipal de la commune de L'Huisserie émis lors de sa séance du</line>
<line>27 Janvier 2003 ;</line></par>
<par>
<line>Sur proposition de Monsieur le Directeur des Services du Cabinet,</line></par>
</text>
</block>
<block><region><rect/></region>
<text>
<par>
<line>46, RUE MAZAGRAN - BP 1507 - 53015 lAVAL CEDEX</line>
<line>INTERNET: WWW.MAYENNE.PREF.GOUV.fR</line></par>
</text>
</block>


<block blockType="Picture" blockName="" l="1243" t="132" r="1376" b="188"><region><rect/></region>
</block>
</page>
<page width="2535" height="3543" resolution="300">
<block><region><rect/></region>
<text>
<par>
<line>ARRETE</line></par>
</text>
</block>
<block><region><rect/></region>
<text>
<par>
<line>Article 1</line></par>
<par>
<line>Article 2 \</line></par>
<par>
<line>Article 3 :</line></par>
<par>
<line>Article 4 ;</line></par>
<par>
<line>Article 5 ;</line></par>
<par>
<line>Article 6 :</line></par>
<par>
<line>Article 7 :</line></par>
</text>
</block>
<block><region><rect/></region>
<text>
<par>
<line>: Le Plan de Prévention des Risques dlnondation dont le périmètre d'étude</line>
<line>s'étend sur les parties du territoire des communes de Changé^ Laval et</line>
<line>L'Huisserie situées le long de la rivière « La Mayenne » entre le ban-age</line>
<line>de « Belle Poule » (commune de Changé) et le barrage de « Cumont »</line>
<line>(commune de L'Huisserie) est approuvé.</line></par>
</text>
</block>
<block><region><rect/></region>
<text>
<par>
<line>Le Plan de Surface Submersible approuvé le 11 septembre 1962 sur la</line>
<line>commune de Laval est abrogé.</line></par>
</text>
</block>
<block><region><rect/></region>
<text>
<par>
<line>Le Plan de Prévention des Risques d'inondation approuvé sera tenu à la</line>
<line>disposition du public en Préfecture et dans les mairies de Changé, Lava!</line>
<line>et L'Huisserie.</line></par>
</text>
</block>
<block><region><rect/></region>
<text>
<par>
<line>Une copie du présent arrêté sera affichée dans chaque mairie concernée</line>
<line>pendant un mois au minimum à compter de sa notification.</line></par>
</text>
</block>
<block><region><rect/></region>
<text>
<par>
<line>Mention du présent arrêté sera publiée au Recueil des Actes</line>
<line>Administratifs de l'Etat dans le département, ainsi que dans deux</line>
<line>Journaux régionaux ou locaux diffusés dans le département.</line></par>
</text>
</block>
<block><region><rect/></region>
<text>
<par>
<line>Le présent Plan de Prévention des Risques d'inondation devra être</line>
<line>annexé, par arrêté municipal, aux Plans Locaux d'Urbanisme des</line>
<line>communes concernées, selon la procédure de mise à jour prévue à</line>
<line>l'article R 123-22 du code de l'Urbanisme.</line></par>
</text>
</block>
<block><region><rect/></region>
<text>
<par>
<line>Monsieur le Secrétaire Général de la Préfecture, Monsieur le Directeur des</line>
<line>Services du Cabinet, Monsieur le Directeur Départemental de</line>
<line>l'Equipement, et Messieurs les maires des communes de Changé, Laval</line>
<line>et L'Huisserie sont chargés chacun en ce qui le concerne de l'exécution du</line>
<line>présent arrêté.</line></par>
</text>
</block>
<block><region><rect/></region>
<text>
<par>
<line>Rémi THUA</line></par>
</text>
</block>
<block><region><rect/></region>
<text>
<par>
<line>La présente décision peut faire l'objet d'un recours dans un délai de deux mois suivant sa notification devant le</line>
<line>tribunal administratif de Nantes, 6 allée de Hle Gloriette. 44041 NANTES Cedex 01</line></par>
</text>
</block>

</page>
</PM1>