<?xml version="1.0" encoding="UTF-8"?><PM1>
<page width="1653" height="2336" resolution="200">
<block><region><rect/></region>
<text>
<par>
<line>Liberté • Égalité • Fraternité</line></par>
<par>
<line>République Française</line></par>
</text>
</block>
<block><region><rect/></region>
<text>
<par>
<line>PRÉFET DU GARD</line></par>
</text>
</block>
<block><region><rect/></region>
<text>
<par>
<line>Direction Départementale</line>
<line>des Territoires et de la Mer</line></par>
</text>
</block>
<block><region><rect/></region>
<text>
<par>
<line>Service Observation Territoriale</line>
<line>Urbanisme et Risques</line></par>
</text>
</block>
<block><region><rect/></region>
<text>
<par>
<line>Nîmes, le ^ ^</line></par>
</text>
</block>
<block><region><rect/></region>
<text>
<par>
<line>ARRETE N° 2014. l - 00.9 0</line></par>
</text>
</block>
<block><region><rect/></region>
<text>
<par>
<line>Relatif à l’approbation de la modification du Plan de Prévention des Risques</line></par>
<par>
<line>d’inondation (PPRi) de la Commune de NÎMES</line></par>
</text>
</block>
<block><region><rect/></region>
<text>
<par>
<line>Le Préfet du Gard</line></par>
<par>
<line>Chevalier de l’Ordre National du Mérite,</line></par>
<par>
<line>Vu le Code de TEnvironnement et notamment ses articles L.562-1 à L.562-9 et R.562-1 à</line>
<line>R.562-10 relatifs aux Plans de Prévention des Risques Naturels,</line></par>
<par>
<line>Vu l’arrêté préfectoral 0*^2012-059-0003 du 28 février 2012 portant approbation du Plan</line>
<line>de Prévention des Risques Inondation de la commune de NIMES,</line></par>
<par>
<line>Vu l’arrêté préfectoral n° 2014-027-0007 du 27 janvier 2014 prescrivant la modification</line>
<line>du Plan de Prévention des Risques Inondation de la commune de NIMES,</line></par>
<par>
<line>Vu le rapport du Directeur Départemental des Territoires et de la Mer du Gard du 20 juin</line>
<line>2014,</line></par>
<par>
<line>Considérant, la nécessité de modifier les documents graphiques du PPRi approuvé sur la</line>
<line>commune de NÎMES afin d'appliquer la décision du 19 juin 2013 du tribunal</line>
<line>administratif de Nîmes suite au jugement de l'affaire N°1201020 - 1201284 - 1201287,</line></par>
<par>
<line>Considérant la nécessité de modifier le règlement du PPRI approuvé sur la commune de</line>
<line>NÎMES afin d'intégrer la chaufferie urbaine dans les équipements d'intérêt général et</line>
<line>d'ajouter les zones TF-Utcsp et F-Utcsp parmi les zones où il est imposé de réduire l'effet</line>
<line>des crues des entreprises les plus exposées.</line></par>
<par>
<line>Considérant que les modifications qui portent sur la ZAC du Mas Lombard, sur les</line>
<line>parcelles bâties du "Mas de Luc", sur la parcelle HA 991 et sur le règlement ne portent</line>
<line>pas atteinte à l'économie générale du PPRi de la commune de NÎMES,</line></par>
<par>
<line>Sur proposition de Monsieur le Secrétaire Général de la Préfecture du Gard,</line></par>
</text>
</block>


</page>
<page width="1653" height="2336" resolution="200">
<block><region><rect/></region>
<text>
<par>
<line>ARRETE</line></par>
</text>
</block>
<block><region><rect/></region>
<text>
<par>
<line>Article 1er :</line></par>
<par>
<line>La modification du Plan de Prévention des Risques dTnondation sur la commune de</line>
<line>Nîmes est approuvée, telle qu’annexée au présent arrêté, sur l’ensemble du territoire du PPRi</line>
<line>(commune de Nîmes).</line></par>
</text>
</block>
<block><region><rect/></region>
<text>
<par>
<line>Article 2 :</line></par>
<par>
<line>Le dossier de modification comprend :</line></par>
<par>
<line>- Les trois cartes du zonage réglementaire modifiées,</line></par>
<par>
<line>- Le règlement du PPRi de la commune de NIMES modifié.</line></par>
<par>
<line>Il est tenu à la disposition du public dans les locaux :</line></par>
<par>
<line>-de la Mairie de Nîmes</line></par>
<par>
<line>-de la Préfecture du département du GARD,</line></par>
<par>
<line>-de la Direction Départementale des Territoires et de la Mer du Gard :</line>
<line>89, rue Weber 30907 NÎMES.</line></par>
</text>
</block>
<block><region><rect/></region>
<text>
<par>
<line>Article 3 :</line></par>
<par>
<line>Une copie du présent arrêté sera adressée à :</line></par>
<par>
<line>-Monsieur le Maire de la commune de Nîmes</line></par>
<par>
<line>-Monsieur le Directeur Régional de l’Environnement, de l’Aménagement et du</line>
<line>Logement Languedoc-Roussillon,</line></par>
<par>
<line>-Madame la Directrice Générale de la Prévention des Risques du Ministère en charge</line>
<line>de l’Ecologie, du Développement Durable et de l’Energie.</line></par>
</text>
</block>
<block><region><rect/></region>
<text>
<par>
<line>Article 4 ;</line></par>
<par>
<line>Une copie du présent arrêté sera affichée en Mairie de Nîmes pendant au moins un</line>
<line>mois à partir de la date de réception de la notification du présent arrêté et mention en sera</line>
<line>faite en caractères apparents dans le journal MIDI LIBRE.</line></par>
</text>
</block>
<block><region><rect/></region>
<text>
<par>
<line>Article 5 ;</line></par>
<par>
<line>Le présent arrêté sera publié au Recueil des Actes Administratifs de la Préfecture.</line></par>
</text>
</block>
<block><region><rect/></region>
<text>
<par>
<line>Article 6 ;</line></par>
<par>
<line>Le Maire de la commune de Nîmes, la Préfecture du département du GARD et la Direction</line>
<line>Départementale des Territoires et de la Mer du Gard devront procéder à la mise à jour du dossier</line>
<line>du PPRi de la commune de Nîmes en intégrant les pièces de la présente modification,</line></par>
</text>
</block>







</page>
<page width="1653" height="2336" resolution="200">
<block><region><rect/></region>
<text>
<par>
<line>Article 7 ;</line></par>
</text>
</block>
<block><region><rect/></region>
<text>
<par>
<line>Le présent arrêté peut faire l’objet d’un recours contentieux auprès du Tribunal</line>
<line>Administratif de Nîmes, 16, Avenue Feuchères CS 88010 - 30941 Nîmes Cedex 9, dans un</line>
<line>délai de 2 mois à compter de l’exécution des formalités de publicité.</line></par>
</text>
</block>
<block><region><rect/></region>
<text>
<par>
<line>Article 8 ;</line></par>
<par>
<line>Monsieur le Maire, Monsieur le Secrétaire Général de la Préfecture du Gard et</line>
<line>Monsieur le Directeur Départemental des Territoires et de la Mer du Gard sont chargés, chacun</line>
<line>en ce qui les concerne, de l’exécution du présent arrêté.</line></par>
</text>
</block>
<block><region><rect/></region>
<text>
<par>
<line>Le Préfet</line></par>
</text>
</block>
<block><region><rect/></region>
<text>
<par/>
</text>
</block>
<block><region><rect/></region>
<text>
<par>
<line>Didier IW ^RTlVl</line></par>
</text>
</block>
<block><region><rect/></region>
<text>
<par/>
</text>
</block>




</page>
</PM1>