<?xml version="1.0" encoding="UTF-8"?><PM1>
<page width="2501" height="3520" resolution="300">
<block><region><rect/></region>
<text>
<par>
<line>'m.m</line></par>
<par>
<line>Liberté • Égalité • Fraternité</line></par>
<par>
<line>RÉPUBLiauE Française</line>
<line>PRÉFECTURE</line></par>
<par>
<line>DES PYRÉNÉES-ATLANTIQUES</line></par>
</text>
</block>
<block><region><rect/></region>
<text>
<par>
<line>ARRETE PREFECTORAL n° 2005/131-3</line></par>
<par>
<line>REFER: PC3 - 2005/187</line></par>
</text>
</block>
<block><region><rect/></region>
<text>
<par>
<line>SERVICE</line></par>
<par>
<line>INTERMINISTERIEL</line>
<line>DE LA DEFENSE ET</line>
<line>DELA PROTECTION CIVILES</line></par>
</text>
</block>
<block><region><rect/></region>
<text>
<par>
<line>ARRETE</line></par>
<par>
<line>approuvant le Plan de Prévention du Risque d'inondation</line>
<line>de la commune de MEILLON</line></par>
</text>
</block>
<block><region><rect/></region>
<text>
<par>
<line>Le Préfet des Pyrénées-Atlantiques</line></par>
<par>
<line>Officier de la Légion d'Honneur,</line></par>
<par>
<line>VU le code de l’environnement, articles L123-1, L123-4, L562-1 L562-9 ,</line></par>
<par>
<line>VU le décret n°95- 1089 du 5 octobre 1995 modifié, relatif aux plans de</line>
<line>prévention des risques naturels prévisibles;</line></par>
<par>
<line>VU l’arrêté préfectoral du 23 septembre 2003, prescrivant l’établissement d’un</line>
<line>plan de prévention du risque d’inondation (P.P.R.I.) sur la commune de</line>
<line>MEILLON ;</line></par>
<par>
<line>VU l’arrêté préfectoral n° 2005/10-12 du 10 janvier 2005 prescrivant</line>
<line>l’ouverture d’une enquête publique sur le plan de prévention du risque</line>
<line>d’inondation de la commune de MEILLON ,</line></par>
<par>
<line>VU la délibération en date du 9 novembre 2004 du conseil municipal;</line></par>
<par>
<line>VU l’avis de la Chambre d’agriculture en date du 25 novembre 2004 ,</line></par>
<par>
<line>VU le procès-verbal de l’enquête publique qui s’est déroulée du 27 janvier 2005</line>
<line>au 24 février 2005 et à l’avis du commissaire-enquêteur rendu le 4 mars 2005 ;</line></par>
<par>
<line>Sur proposition du directeur de Cabinet de la préfecture des Pyrénées-</line>
<line>Atlantiques;</line></par>
</text>
</block>
<block><region><rect/></region>
<text>
<par>
<line>ARRETE:</line></par>
<par>
<line>Article 1"^ : I - est approuvé tel qu’il est annexé au présent arrêté, le plan de</line>
<line>prévention du risque d’inondation (P.P.R.I.) de la commune de MEILLON.</line></par>
</text>
</block>
<block><region><rect/></region>
<text>
<par>
<line>Tiiulc cun'L'xpoiiclanci' dt&gt;il êlri' adressée sons forme impersonnelle à Monsieur le Préfet des Pyrénées-Alkmliques</line>
<line>2, RUE MARÉCHAL JOFFRE 64021 PAU CEDEX. TEL. 0 821 80 ,10 64 - TÉLÉCOPIE 05 59 98 24 99</line>
<line>courrier®pyrenees-atl;iiiliques.pref.goiiv.fr - site internet : wwvv.pyrenees-allanlii|ues.pref goiiv.fr</line></par>
</text>
</block>


</page>
<page width="2518" height="3532" resolution="300">
<block><region><rect/></region>
<text>
<par>
<line>n - le PPRI comprend : un règlement, une carte réglementaire au</line>
<line>1/5000^, une partie annexe comprenant une note de présentation, les cartes des aléas et</line>
<line>des hauteurs d’eau au 1/5000^, la carte informative au 1/10 000°, un plan de situation,</line>
<line>les textes réglementaires.</line></par>
<par>
<line>ni - le PPRI est tenu à la disposition du public</line>
<line>à la mairie de MEILLON</line></par>
<par>
<line>- à la direction départementale de l’Equipement à PAU</line></par>
<par>
<line>- à la préfecture de PAU (SEDPC et DCLE)</line></par>
<par>
<line>Article 2 ; Le présent arrêté sera publié au recueil des actes administratifs et mention</line>
<line>en sera faite dans les deux journaux ci-après désignés:</line></par>
<par>
<line>l'Eclair des Pyrénées - la République des Pyrénées</line></par>
<par>
<line>Une copie de l’arrêté d’approbation sera affichée à la mairie pendant un mois au</line>
<line>minimum. Cette mesure de publicité sera justifiée par un certificat du maire et un</line>
<line>exemplaire des journaux sera annexé au dossier</line></par>
<par>
<line>Article 3 : Des ampliations seront adressées à :</line></par>
<par>
<line>M. le secrétaire général de la préfecture, M. le maire de MEILLON, M. le directeur</line>
<line>départemental de l’équipement, M. le ministre de l'écologie et du développement</line>
<line>durable.</line></par>
<par>
<line>Article 4 : MM. le secrétaire général de la préfecture, le directeur de cabinet, le maire</line>
<line>de MEILLON, le directeur départemental de l'équipement, sont chargés, chacun en ce</line>
<line>qui le concerne, de l’exécution du présent arrêté.</line></par>
</text>
</block>
<block><region><rect/></region>
<text>
<par>
<line>Fait</line></par>
</text>
</block>
<block><region><rect/></region>
<text>
<par>
<line>le.</line></par>
</text>
</block>
<block><region><rect/></region>
<text>
<par>
<line>refe</line></par>
</text>
</block>
<block><region><rect/></region>
<text>
<par>
<line>11 HAÏ im,</line></par>
</text>
</block>
<block><region><rect/></region>
<text>
<par>
<line>Philippe GREG^ '</line></par>
</text>
</block>
</page>
</PM1>