<?xml version="1.0" encoding="UTF-8"?><PM1>
<page width="1653" height="2339" resolution="200">
<block><region><rect/></region>
<text>
<par>
<line>Liberté • Égalité • Fraternité</line></par>
<par>
<line>RÉPUBLIQUE Française</line></par>
<par>
<line>PREFECTURE DE LA REGION GUYANE</line></par>
<par>
<line>Service Interministériel Régional</line>
<line>des Affaires Civiles et Economiques</line>
<line>de Défense et de la Protection Civile</line></par>
</text>
</block>
<block><region><rect/></region>
<text>
<par>
<line>ARRETE N° 2002 /SIRACEDPC approuvant</line>
<line>le Plan de Prévention des Risques naturels</line>
<line>« mouvements de terrain » sur le territoire</line>
<line>des communes de Cayenne, Matoury et</line>
<line>Rémire-Montjoly.</line></par>
</text>
</block>
<block><region><rect/></region>
<text>
<par>
<line>LE PREFET DE LA REGION GUYANE</line>
<line>PREFET DE LA GUYANE</line>
<line>OFFICIER DEL ^ORDRENATIONAL DEMERITE</line></par>
</text>
</block>
<block><region><rect/></region>
<text>
<par>
<line>VU la Loi n° 87-565 du 22 juillet 1987 relative à Vorganisation de la sécurité civile, à la</line>
<line>protection de la forêt contre l'incendie et à la prévention des risques majeurs et notamment ses</line>
<line>articles 40.î à 40.7;</line></par>
<par>
<line>VU la Loi n° 95-101 du 2 février 1995 relative au renforcement de la protection de</line>
<line>l’environnement modifiant la loi n° 87-565 du 22 juillet 1987, susvisée ;</line></par>
<par>
<line>Vu le décret n°95-1089 du 5 octobre 1995 relatif aux plans de prévention des risques naturels</line>
<line>prévisibles ;</line></par>
<par>
<line>VU l’arrêté préfectoral n° 674/SIRACEDPC du 30 mai 1997 prescrivant l’établissement d'un</line>
<line>plan de prévention des risques naturels sur les communes de Cayenne et de Rémire Montjoly ;</line></par>
<par>
<line>VU l’arrêté préfectoral n°242 bis /SIRACEDPC du 5 mars 1999 modifiant les articles 1,4 et 6</line>
<line>de l’arrêté préfectoral n°674/SIRACEDPC du 30 mai 1997, susvisé, prescrivant</line>
<line>l’établissement d’un plan de prévention des risques naturels sur la commune de Matoury ;</line></par>
<par>
<line>VU le Décret du 15 juillet 1999 portant nomination de Monsieur Henri MASSE, en qualité de</line>
<line>Préfet de la Région Guyane, Préfet de la Guyane ;</line></par>
</text>
</block>
<block><region><rect/></region>
<text>
<par>
<line>Préfecture de la Gitane, Rue Fiedmond - B.P. 7008- 97307 CAYENNE CEDEX</line></par>
<par>
<line>Tél : 05 94 39 45 00 - Télécopie ; 05 94 30 02 77</line></par>
</text>
</block>

</page>
<page width="1653" height="2339" resolution="200">
<block><region><rect/></region>
<text>
<par>
<line>vu les résultats des études du risque mouvements de terrain réalisées parle BRGM en octobre</line></par>
<par>
<line>2000;</line></par>
<par>
<line>VU l’arrêté préfectoral n°707/lD/lB/ENV en date du 22 mai 2001 prescrivant la mise à</line>
<line>l'enquête publique du plan de prévention du risque naturel prévisible « mouvements de</line>
<line>terrain » des communes de Cayenne, Rémire Montjoly et Matoury ;</line></par>
<par>
<line>VU les lettres de consultation des maires de Cayenne, Rémire Montjoly et Matoury ; ainsi que</line>
<line>le Président de la Chambre d’Agriculture, en date du 28 mai 2001 ;</line></par>
<par>
<line>VU le rapport en date du 2 août 2001 du commissaire enquêteur désigné pour l’enquête</line>
<line>publique relative au plan de prévention du risque mouvements de terrain des communes de</line>
<line>Cayenne, Rémire Montjoly et Matoury ;</line></par>
<par>
<line>VU l ’avis émis par le conseil municipal de Cayenne, réuni le 24 juillet 2001 ;</line></par>
<par>
<line>VU l’avis émis par le conseil municipal de Matoury, réuni le 27 juin 2001;</line></par>
<par>
<line>SUR proposition du Secrétaire Général de la Préfecture de la Région Guyane.</line></par>
</text>
</block>
<block><region><rect/></region>
<text>
<par>
<line>ARRETE:</line></par>
</text>
</block>
<block><region><rect/></region>
<text>
<par>
<line>Article 1 : Le Plan de Prévention du Risque naturel (PPR) « mouvements de terrain » sur le</line>
<line>territoire des communes de Cayenne, Rémire Montjoly et Matoury est approuvé tel qu ’il est</line>
<line>annexé au présent arrêté.</line></par>
<par>
<line>Article 2 : Le présent arrêté fera l’objet d’une mention au recueil des actes administratifs de</line>
<line>l ’Etat dans le département ainsi que dans deux journaux locaux, diffusés dans le département.</line></par>
<par>
<line>De même une copie de cet arrêté sera affichée pendant un mois dans les mairies des communes</line>
<line>de Cayenne, Rémire Montjoly et Matoury sur le territoire desquelles le plan est applicable.</line></par>
<par>
<line>Le plan approuvé sera tenu à la disposition du public en Préfecture, à la DDE et dans chaque</line>
<line>mairie concernée. La publication et l ’affîchage de cette mise à disposition du public du plan,</line>
<line>feront l’objet d’une mesure de publicité dans les mêmes conditions que celles décrites aux</line>
<line>alinéas précédents.</line></par>
</text>
</block>
<block><region><rect/></region>
<text>
<par>
<line>Préfecture de la Guyane, Rue Fiedmond - B,P, 7008- 97307 CAYENNE CEDEX</line></par>
<par>
<line>Tél : 05 94 39 45 00 - Télécopie : 05 94 30 02 77</line></par>
</text>
</block>


</page>
<page width="1653" height="2339" resolution="200">
<block><region><rect/></region>
<text>
<par>
<line>Article 3 : Mm. le Secrétaire Général de la Préfecture, les maires de Cayenne, Rémire</line>
<line>Montjoly et Matoury sont chargés, chacun en ce qui le concerne, de l'exécution du présent</line>
<line>arrêté.</line></par>
</text>
</block>
<block><region><rect/></region>
<text>
<par>
<line>Fait à Cayenne, /e 1 §</line></par>
</text>
</block>
<block><region><rect/></region>
<text>
<par>
<line>Le Préfet de la Région Guyane</line></par>
</text>
</block>
<block><region><rect/></region>
<text>
<par>
<line>Pour ampliation.</line></par>
<par>
<line>Le Sous Préfet, Directeur de Cabinet,</line>
<line>Secrétaire Gémral de la Zone de Défense</line></par>
</text>
</block>
<block><region><rect/></region>
<text>
<par>
<line>signé : Henri MASSE</line></par>
</text>
</block>
<block><region><rect/></region>
<text>
<par>
<line>Patrick ESPAGNOL</line></par>
</text>
</block>
<block><region><rect/></region>
<text>
<par>
<line>Une ampliation sera adressée à :</line></par>
<par>
<line>Le Directeur départemental de l'équipement</line>
<line>Le Directeur départemental de l'agriculture et de la forêt</line>
<line>La Directrice régionale de l'environnement</line>
<line>Le Directeur régional de l’industrie et de la recherche</line>
<line>Le Directeur départemental des services d’incendie</line>
<line>et de secours</line></par>
</text>
</block>
<block><region><rect/></region>
<text>
<par>
<line>Conformément aia dispositions de l’article R 104 du Code des tribunaux administratifs et</line>
<line>des cours administratives d'appel, la présente décision peut faire l’objet d’un recours</line>
<line>contentieux devant le tribunal administratif dans le délai de 2 mois à compter de la</line>
<line>notification de celle-ci.</line></par>
</text>
</block>
<block><region><rect/></region>
<text>
<par>
<line>Préfecture de la Guyane, Rue Fiedmond - B.P. 7008- 97307 CAYENNE CEDEX</line></par>
<par>
<line>Tél : 05 94 39 45 00 - Télécopie : 05 94 30 02 77</line></par>
</text>
</block>


</page>
</PM1>