<?xml version="1.0" encoding="UTF-8"?><PM1>
<page width="5065" height="7092" resolution="600">
<block><region><rect/></region>
<text>
<par>
<line>Liberté • Egalité * Fraternité</line></par>
<par>
<line>RÉPUBLIQUE Française</line>
<line>PRÉFECTURE DE L’ARJÊGE</line></par>
</text>
</block>
<block><region><rect/></region>
<text>
<par>
<line>Arrêté préfectoral</line>
<line>prescrivant l'établissement</line>
<line>d’un plan de prévention des risques naturels</line>
<line>prévisibles dans la commune</line>
<line>de Taurignan-Vieux</line></par>
</text>
</block>
<block><region><rect/><rect/><rect/></region>
<text>
<par>
<line>d'Honneur</line></par>
<par>
<line>Vu la loi n® 87-585 du 22 juillet 1987 relative à l'organisation de la sécurité civile, à la protection de la</line>
<line>forêt contre l'incendie et à la prévention des risques majeurs ;</line></par>
<par>
<line>Vu la loi n® 92-3 du 3 janvierl992 sur l'eau ;</line></par>
<par>
<line>Vu la loi n® 95-101 du 2 février 1995 relative au renforcement de la protection de l'environnement ;</line></par>
<par>
<line>Vu le décret n° 95-1089 du 5 octobre 1995 relatif aux plans de prévention des risques naturels</line>
<line>prévisibles ;</line></par>
<par>
<line>Vu l'avis favorable à l'établissement d'un plan de prévention des risques naturels prévisibles du conseil</line>
<line>municipal de Taurignan-Vieux en date du 8 décembre 2000 ;</line></par>
<par>
<line>Considérant la nécessité de délimiter sur le territoire de la commune de Taurignan-Vieux les terrains</line>
<line>sur lesquels l'occupation ou Tutilisation du sol doit être réglementée du fait de leur exposition aux</line>
<line>risques naturels (mouvements de terrains, inondations) ;</line></par>
<par>
<line>Sur proposition du directeur départemental de l'agriculture et de la forêt - service interdépartemental</line>
<line>de restauration des terrains en montagne de l'Ariège et de la Haute-Garonne ;</line></par>
<par>
<line>Arrête</line></par>
<par>
<line>Article 1 - L'établissement d'un plan de prévention des risques naturels prévisibles est prescrit dans la</line>
<line>commune de Taurignan-Vieux.</line></par>
<par>
<line>Article 2 - Le périmètre mis à l'étude est délimité sm’ le plan au l/25.000ème annexé au présent arrêté.</line>
<line>Article 3 - Les risques étudiés seront les mouvements de terrains et les inondations.</line></par>
<par>
<line>Article 4 - La direction départementale de l'agriculture et de la forêt de l'Ariège - service</line>
<line>interdépartemental de restauration des terrains en montagne de l'Ariège et de la Haute-</line>
<line>Garonne - est chargée de l'instruction et de l'élaboration du plan de prévention des risques</line>
<line>naturels prévisibles de Taurignan-Vieux.</line></par>
<par>
<line>Article 5 - Une ampliation du présent arrêté sera adressée à :</line></par>
<par>
<line>- Mme le maire de la commune de Taurignan-Vieux ;</line></par>
<par>
<line>- M. le sous-préfet de Saint-Girons ;</line></par>
<par>
<line>- M. le directeur départemental de l'agriculture et de la forêt ;</line></par>
<par>
<line>- M. le chef du service interdépartemental de restauration des terrains en montagne de l'Ariège</line></par>
<par>
<line>et de la Haute-Garonne ;</line></par>
<par>
<line>- M. le directeur départemental de l'équipement ;</line></par>
<par>
<line>- M. le directeur régional de l'environnement.</line></par>
<par>
<line>./...</line></par>
</text>
</block>
<block><region><rect/></region>
<text>
<par>
<line>ABiNET DU PRÉFET</line></par>
</text>
</block>
<block><region><rect/></region>
<text>
<par>
<line>SERVICE INTERMINISTÉRIEL</line>
<line>RE DÉFENSE</line></par>
<par>
<line>1t de protection civile</line></par>
</text>
</block>
<block><region><rect/></region>
<text>
<par>
<line>Le préfet de l'Ai</line>
<line>Chevalier de la Légion</line></par>
</text>
</block>
<block><region><rect/></region>
<text>
<par>
<line>2. RUE DE LA PRÉFECTURE - B.P. 87 - 09007 FOIX CEDEX - STANDARD 05 61 02 10 00 - TÉLÉCOPIE 05 61 02 74 82</line></par>
</text>
</block>

















</page>
<page width="5064" height="7092" resolution="600">
<block><region><rect/></region>
<text>
<par>
<line>-2-</line></par>
</text>
</block>
<block><region><rect/></region>
<text>
<par>
<line>Artîcle 6 - Le présent arrêté et son annexe seront tenus à la disposition du public en mairie de</line>
<line>Taurignan-Vieux, à la préfecture de l'Ariège - service interministériel de défense et de</line>
<line>protection civile et à la sous-préfecture de Saint-Girons.</line></par>
<par>
<line>Article 7 - Le secrétaire général de la préfecture, le sous-préfet de Saint-Girons, la directrice des</line>
<line>services du cabinet, le directeur départemental de l'agriculture et de la forêt - service</line>
<line>interdépartemental de restauration des terrains en montagne de l'Ariège et de la Haute-</line>
<line>Garonne et le maire de Taurignan-Vieux sont chargés, chacun en ce qui le concerne, de</line>
<line>l'exécution du présent arrêté qui sera publié au Recueil des Actes Administratifs.</line></par>
</text>
</block>
<block><region><rect/></region>
<text>
<par>
<line>Fait à Foix, le 12 septembre 2001</line></par>
</text>
</block>
<block><region><rect/></region>
<text>
<par>
<line>mpliatlim;</line></par>
</text>
</block>
<block><region><rect/></region>
<text>
<par>
<line>chef du S.I.D.P.C.,</line></par>
</text>
</block>
<block><region><rect/></region>
<text>
<par>
<line>JeandPierr» Sudri(</line></par>
</text>
</block>
<block><region><rect/></region>
<text>
<par>
<line>Signé : Pierre Soubelet</line></par>
</text>
</block>











</page>
<page width="2479" height="3508" resolution="300">
<block><region><rect/><rect/></region>
<text>
<par>
<line>COMMUNE DE TAURI6NAN - VIEUX</line></par>
<par>
<line>Limites communales</line>
<line>Périmètre d’étude du P.P.R.</line></par>
</text>
</block>
<block><region><rect/></region>
<text>
<par/>
</text>
</block>
<block><region><rect/></region>
<text>
<par/>
</text>
</block>
<block><region><rect/><rect/><rect/></region>
<text>
<par/>
</text>
</block>
<block><region><rect/></region>
<text>
<par>
<line>m</line></par>
</text>
</block>
<block><region><rect/></region>
<text>
<par/>
</text>
</block>
<block><region><rect/></region>
<text>
<par>
<line>; 1 / 9^ 00(9</line></par>
</text>
</block>
<block><region><rect/></region>
<text>
<par/>
</text>
</block>
<block><region><rect/></region>
<text>
<par/>
</text>
</block>
<block><region><rect/></region>
<text>
<par/>
</text>
</block>
<block><region><rect/></region>
<text>
<par>
<line>ic9/ I ,</line></par>
</text>
</block>
<block><region><rect/></region>
<text>
<par/>
</text>
</block>
<block><region><rect/></region>
<text>
<par>
<line>t -16</line></par>
</text>
</block>
<block><region><rect/></region>
<text>
<par/>
</text>
</block>
<block><region><rect/></region>
<text>
<par/>
</text>
</block>
<block><region><rect/><rect/></region>
<text>
<par/>
</text>
</block>
<block><region><rect/></region>
<text>
<par/>
</text>
</block>
<block><region><rect/></region>
<text>
<par/>
</text>
</block>
<block><region><rect/></region>
<text>
<par>
<line>a*</line></par>
</text>
</block>
<block><region><rect/></region>
<text>
<par>
<line>Barjac</line></par>
</text>
</block>
<block><region><rect/></region>
<text>
<par/>
</text>
</block>
<block><region><rect/></region>
<text>
<par>
<line>£J&lt;</line></par>
</text>
</block>
<block><region><rect/></region>
<text>
<par/>
</text>
</block>
<block><region><rect/></region>
<text>
<par/>
</text>
</block>
<block><region><rect/></region>
<text>
<par>
<line>.CÏS^l*Rc</line></par>
</text>
</block>
<block><region><rect/></region>
<text>
<par>
<line>Tje/:</line></par>
</text>
</block>
<block><region><rect/></region>
<text>
<par>
<line>■ü-Êvî^ro</line></par>
</text>
</block>
<block><region><rect/></region>
<text>
<par>
<line>;&gt;:&lt;WAuy</line></par>
</text>
</block>
<block><region><rect/></region>
<text>
<par/>
</text>
</block>
<block><region><rect/></region>
<text>
<par/>
</text>
</block>
<block><region><rect/></region>
<text>
<par>
<line>Grw</line></par>
</text>
</block>
<block><region><rect/></region>
<text>
<par>
<line>Simo</line></par>
</text>
</block>
<block><region><rect/></region>
<text>
<par>
<line>r-^F</line></par>
</text>
</block>
<block><region><rect/></region>
<text>
<par>
<line>sjipîSîu jVKa.iîEV/ifT^SvSisSîSQyiÿ&amp;s^f</line></par>
</text>
</block>
<block><region><rect/><rect/></region>
<text>
<par>
<line>f' / ÆW fr-^'AX'#r'-SKS5Æ't'wAiÇÈ6^^</line></par>
<par>
<line>JE I / ï, •h^'Av /)--¥î7Lt~ ''//</line></par>
</text>
</block>
<block><region><rect/></region>
<text>
<par>
<line>î\^1</line></par>
</text>
</block>
<block><region><rect/></region>
<text>
<par/>
</text>
</block>
<block><region><rect/></region>
<text>
<par/>
</text>
</block>
<block><region><rect/></region>
<text>
<par>
<line>•x-^</line></par>
</text>
</block>
<block><region><rect/></region>
<text>
<par/>
</text>
</block>
<block><region><rect/></region>
<text>
<par/>
</text>
</block>
<block><region><rect/></region>
<text>
<par/>
</text>
</block>
<block><region><rect/></region>
<text>
<par>
<line>KHfekW</line></par>
</text>
</block>
<block><region><rect/></region>
<text>
<par/>
</text>
</block>
<block><region><rect/></region>
<text>
<par/>
</text>
</block>
<block><region><rect/></region>
<text>
<par>
<line>‘.r&gt;i</line></par>
</text>
</block>
<block><region><rect/></region>
<text>
<par>
<line>&gt;^&gt;1</line></par>
</text>
</block>
<block><region><rect/></region>
<text>
<par/>
</text>
</block>
<block><region><rect/></region>
<text>
<par/>
</text>
</block>
<block><region><rect/></region>
<text>
<par>
<line>Ma</line></par>
</text>
</block>
<block><region><rect/></region>
<text>
<par>
<line>ip\n</line></par>
</text>
</block>
<block><region><rect/></region>
<text>
<par>
<line>&amp;</line></par>
</text>
</block>
<block><region><rect/></region>
<text>
<par>
<line>?S",1</line></par>
</text>
</block>
<block><region><rect/></region>
<text>
<par/>
</text>
</block>
<block><region><rect/></region>
<text>
<par>
<line>lÆÆ</line></par>
</text>
</block>
<block><region><rect/></region>
<text>
<par>
<line>m</line></par>
</text>
</block>
<block><region><rect/></region>
<text>
<par/>
</text>
</block>
<block><region><rect/></region>
<text>
<par/>
</text>
</block>
<block><region><rect/><rect/></region>
<text>
<par/>
</text>
</block>
<block><region><rect/></region>
<text>
<par>
<line>niri</line></par>
</text>
</block>
<block><region><rect/></region>
<text>
<par/>
</text>
</block>
<block><region><rect/></region>
<text>
<par>
<line>-WJ</line></par>
</text>
</block>
<block><region><rect/></region>
<text>
<par/>
</text>
</block>
<block><region><rect/></region>
<text>
<par/>
</text>
</block>
<block><region><rect/></region>
<text>
<par/>
</text>
</block>
<block><region><rect/></region>
<text>
<par/>
</text>
</block>
<block><region><rect/></region>
<text>
<par/>
</text>
</block>
<block><region><rect/></region>
<text>
<par>
<line>s-E^nvs</line></par>
</text>
</block>
<block><region><rect/></region>
<text>
<par>
<line>1</line></par>
</text>
</block>
<block><region><rect/></region>
<text>
<par>
<line>9-^</line></par>
</text>
</block>
<block><region><rect/></region>
<text>
<par>
<line>^SBOHB</line></par>
</text>
</block>
<block><region><rect/></region>
<text>
<par>
<line>- /.*■</line></par>
</text>
</block>
<block><region><rect/></region>
<text>
<par/>
</text>
</block>
<block><region><rect/></region>
<text>
<par/>
</text>
</block>
<block><region><rect/></region>
<text>
<par/>
</text>
</block>
<block><region><rect/></region>
<text>
<par/>
</text>
</block>
<block><region><rect/></region>
<text>
<par/>
</text>
</block>
<block><region><rect/></region>
<text>
<par/>
</text>
</block>
<block><region><rect/></region>
<text>
<par>
<line>rAbo</line></par>
</text>
</block>
<block><region><rect/></region>
<text>
<par/>
</text>
</block>
<block><region><rect/></region>
<text>
<par>
<line>r=?ï</line></par>
</text>
</block>
<block><region><rect/></region>
<text>
<par>
<line>&gt; Liüîa</line></par>
</text>
</block>
<block><region><rect/></region>
<text>
<par>
<line>.'"îii</line></par>
</text>
</block>
<block><region><rect/></region>
<text>
<par>
<line>(^rc</line></par>
</text>
</block>
<block><region><rect/></region>
<text>
<par>
<line>M</line></par>
</text>
</block>
<block><region><rect/></region>
<text>
<par>
<line>Li IX</line></par>
</text>
</block>
<block><region><rect/></region>
<text>
<par/>
</text>
</block>
<block><region><rect/></region>
<text>
<par/>
</text>
</block>
<block><region><rect/></region>
<text>
<par/>
</text>
</block>
<block><region><rect/></region>
<text>
<par/>
</text>
</block>
<block><region><rect/></region>
<text>
<par/>
</text>
</block>
<block><region><rect/></region>
<text>
<par>
<line>PXTtfï^W V</line></par>
</text>
</block>
<block><region><rect/></region>
<text>
<par/>
</text>
</block>
<block><region><rect/></region>
<text>
<par>
<line>«*7;</line></par>
</text>
</block>
<block><region><rect/></region>
<text>
<par/>
</text>
</block>
<block><region><rect/></region>
<text>
<par>
<line>SîaqmJa</line></par>
</text>
</block>
<block><region><rect/></region>
<text>
<par>
<line>«LL*» i</line></par>
</text>
</block>
<block><region><rect/></region>
<text>
<par>
<line>*</line></par>
</text>
</block>
<block><region><rect/></region>
<text>
<par>
<line>•f*</line></par>
</text>
</block>
<block><region><rect/></region>
<text>
<par>
<line>/?</line></par>
</text>
</block>
<block><region><rect/></region>
<text>
<par/>
</text>
</block>
<block><region><rect/></region>
<text>
<par>
<line>il</line></par>
</text>
</block>
<block><region><rect/></region>
<text>
<par/>
</text>
</block>
<block><region><rect/></region>
<text>
<par>
<line>s:k-</line></par>
</text>
</block>
<block><region><rect/></region>
<text>
<par>
<line>AA</line></par>
</text>
</block>
<block><region><rect/></region>
<text>
<par>
<line>Brou^/-*</line></par>
</text>
</block>
<block><region><rect/></region>
<text>
<par>
<line>; ( ^*j</line></par>
</text>
</block>
<block><region><rect/></region>
<text>
<par>
<line>m</line></par>
</text>
</block>
<block><region><rect/></region>
<text>
<par>
<line>I 'itrr</line></par>
</text>
</block>
<block><region><rect/></region>
<text>
<par/>
</text>
</block>
<block><region><rect/></region>
<text>
<par>
<line>;î2â&gt;Br«</line></par>
</text>
</block>
<block><region><rect/></region>
<text>
<par>
<line>y\'-^^</line></par>
</text>
</block>
<block><region><rect/></region>
<text>
<par>
<line>p^n-ÂV.</line></par>
</text>
</block>
<block><region><rect/></region>
<text>
<par/>
</text>
</block>
<block><region><rect/></region>
<text>
<par>
<line>(Vôai</line></par>
</text>
</block>
<block><region><rect/></region>
<text>
<par/>
</text>
</block>
<block><region><rect/></region>
<text>
<par>
<line>3^ 1^</line></par>
</text>
</block>
<block><region><rect/></region>
<text>
<par>
<line>y&gt;z</line></par>
</text>
</block>
<block><region><rect/></region>
<text>
<par/>
</text>
</block>
<block><region><rect/></region>
<text>
<par/>
</text>
</block>
<block><region><rect/></region>
<text>
<par>
<line>$ÎjS^-\ *Ja</line></par>
</text>
</block>
<block><region><rect/></region>
<text>
<par>
<line>xVZ</line></par>
</text>
</block>
<block><region><rect/></region>
<text>
<par/>
</text>
</block>
<block><region><rect/></region>
<text>
<par>
<line>M'i</line></par>
</text>
</block>
<block><region><rect/><rect/><rect/></region>
<text>
<par/>
</text>
</block>
<block><region><rect/></region>
<text>
<par>
<line>9,... Cü</line></par>
</text>
</block>
<block><region><rect/></region>
<text>
<par>
<line>sïï</line></par>
</text>
</block>
<block><region><rect/></region>
<text>
<par/>
</text>
</block>
<block><region><rect/><rect/></region>
<text>
<par/>
</text>
</block>
<block><region><rect/></region>
<text>
<par>
<line>^IVÎSt^â</line></par>
</text>
</block>
<block><region><rect/></region>
<text>
<par/>
</text>
</block>
<block><region><rect/></region>
<text>
<par>
<line>rs</line></par>
</text>
</block>
<block><region><rect/></region>
<text>
<par/>
</text>
</block>
<block><region><rect/></region>
<text>
<par>
<line>AS</line></par>
</text>
</block>
<block><region><rect/></region>
<text>
<par/>
</text>
</block>
<block><region><rect/></region>
<text>
<par/>
</text>
</block>
<block><region><rect/></region>
<text>
<par/>
</text>
</block>
<block><region><rect/></region>
<text>
<par>
<line>/Ï&gt;W'</line></par>
</text>
</block>
<block><region><rect/><rect/><rect/></region>
<text>
<par/>
</text>
</block>
<block><region><rect/></region>
<text>
<par>
<line>Anc/Us</line></par>
</text>
</block>
<block><region><rect/></region>
<text>
<par/>
</text>
</block>
<block><region><rect/></region>
<text>
<par/>
</text>
</block>
<block><region><rect/><rect/></region>
<text>
<par/>
</text>
</block>
<block><region><rect/></region>
<text>
<par/>
</text>
</block>
<block><region><rect/></region>
<text>
<par/>
</text>
</block>
<block><region><rect/></region>
<text>
<par/>
</text>
</block>
<block><region><rect/></region>
<text>
<par>
<line>l&gt;</line></par>
</text>
</block>
<block><region><rect/></region>
<text>
<par/>
</text>
</block>
<block><region><rect/></region>
<text>
<par>
<line>452</line></par>
</text>
</block>
<block><region><rect/></region>
<text>
<par>
<line>■•1'»</line></par>
</text>
</block>
<block><region><rect/></region>
<text>
<par/>
</text>
</block>
<block><region><rect/></region>
<text>
<par/>
</text>
</block>
<block><region><rect/></region>
<text>
<par/>
</text>
</block>
<block><region><rect/></region>
<text>
<par>
<line>// îfc' Plfcin-*” T &lt;</line></par>
</text>
</block>
<block><region><rect/></region>
<text>
<par/>
</text>
</block>
<block><region><rect/></region>
<text>
<par>
<line>■B*</line></par>
</text>
</block>
<block><region><rect/></region>
<text>
<par>
<line>W ///</line></par>
</text>
</block>
<block><region><rect/></region>
<text>
<par>
<line>du</line></par>
</text>
</block>
<block><region><rect/></region>
<text>
<par>
<line>VXi</line></par>
</text>
</block>
<block><region><rect/></region>
<text>
<par>
<line>CliJi m P</line></par>
</text>
</block>
<block><region><rect/></region>
<text>
<par>
<line>,-■■ 0.3 0 : :</line></par>
</text>
</block>
<block><region><rect/></region>
<text>
<par/>
</text>
</block>
<block><region><rect/></region>
<text>
<par/>
</text>
</block>
<block><region><rect/></region>
<text>
<par>
<line>•■■-.Caumonlp '-j</line></par>
</text>
</block>
<block><region><rect/></region>
<text>
<par>
<line>,.Jr 7/y*</line></par>
</text>
</block>
<block><region><rect/></region>
<text>
<par>
<line>* T* iJ</line></par>
</text>
</block>
<block><region><rect/></region>
<text>
<par>
<line>Vï-'Y/</line></par>
</text>
</block>
<block><region><rect/></region>
<text>
<par>
<line>tÀ*</line></par>
</text>
</block>
<block><region><rect/></region>
<text>
<par/>
</text>
</block>
<block><region><rect/></region>
<text>
<par>
<line>359 ■!</line></par>
</text>
</block>
<block><region><rect/><rect/></region>
<text>
<par>
<line>P«i m iM</line></par>
</text>
</block>
<block><region><rect/></region>
<text>
<par/>
</text>
</block>
<block><region><rect/></region>
<text>
<par/>
</text>
</block>
<block><region><rect/></region>
<text>
<par/>
</text>
</block>
<block><region><rect/></region>
<text>
<par/>
</text>
</block>
<block><region><rect/></region>
<text>
<par/>
</text>
</block>
<block><region><rect/></region>
<text>
<par>
<line>^ - WA</line></par>
</text>
</block>
<block><region><rect/></region>
<text>
<par>
<line>■VSc</line></par>
</text>
</block>
<block><region><rect/></region>
<text>
<par/>
</text>
</block>
<block><region><rect/></region>
<text>
<par>
<line>ViHc^uv'&amp;</line></par>
</text>
</block>
<block><region><rect/></region>
<text>
<par>
<line>r^\</line></par>
<par>
<line>\.¥ Poto^^^ /</line></par>
</text>
</block>
<block><region><rect/></region>
<text>
<par/>
</text>
</block>
<block><region><rect/></region>
<text>
<par>
<line>ê f</line></par>
</text>
</block>
<block><region><rect/></region>
<text>
<par>
<line>357</line></par>
</text>
</block>
<block><region><rect/></region>
<text>
<par/>
</text>
</block>
<block><region><rect/></region>
<text>
<par>
<line>Cim’.</line></par>
</text>
</block>
<block><region><rect/></region>
<text>
<par/>
</text>
</block>
<block><region><rect/></region>
<text>
<par/>
</text>
</block>
<block><region><rect/></region>
<text>
<par/>
</text>
</block>
<block><region><rect/></region>
<text>
<par/>
</text>
</block>
<block><region><rect/></region>
<text>
<par>
<line>Se</line></par>
</text>
</block>
<block><region><rect/></region>
<text>
<par/>
</text>
</block>
<block><region><rect/></region>
<text>
<par>
<line>tar</line></par>
</text>
</block>
<block><region><rect/></region>
<text>
<par>
<line>r\v</line></par>
</text>
</block>
<block><region><rect/></region>
<text>
<par>
<line>Ift/PriAce</line></par>
</text>
</block>
<block><region><rect/></region>
<text>
<par/>
</text>
</block>
<block><region><rect/></region>
<text>
<par/>
</text>
</block>
<block><region><rect/></region>
<text>
<par/>
</text>
</block>
<block><region><rect/></region>
<text>
<par>
<line>î^</line></par>
</text>
</block>
<block><region><rect/></region>
<text>
<par/>
</text>
</block>
<block><region><rect/></region>
<text>
<par>
<line>iv: lî</line></par>
</text>
</block>
<block><region><rect/></region>
<text>
<par>
<line>a n -.Vie u^JçJV^^</line></par>
</text>
</block>
<block><region><rect/></region>
<text>
<par>
<line>'S-- y :'</line></par>
<par>
<line>H-"</line></par>
<par>
<line>laoûl-v /</line></par>
</text>
</block>
<block><region><rect/></region>
<text>
<par/>
</text>
</block>
<block><region><rect/></region>
<text>
<par>
<line>V /**</line></par>
</text>
</block>
<block><region><rect/></region>
<text>
<par/>
</text>
</block>
<block><region><rect/></region>
<text>
<par>
<line>353</line></par>
</text>
</block>
<block><region><rect/></region>
<text>
<par/>
</text>
</block>
<block><region><rect/></region>
<text>
<par>
<line>Une</line></par>
</text>
</block>
<block><region><rect/></region>
<text>
<par>
<line>h&lt;n-J-:A&gt;A</line></par>
</text>
</block>
<block><region><rect/></region>
<text>
<par/>
</text>
</block>
<block><region><rect/></region>
<text>
<par>
<line>•\\.-'C:</line></par>
</text>
</block>
<block><region><rect/></region>
<text>
<par/>
</text>
</block>
<block><region><rect/></region>
<text>
<par>
<line>(fl</line></par>
</text>
</block>
<block><region><rect/></region>
<text>
<par/>
</text>
</block>
<block><region><rect/></region>
<text>
<par>
<line>Cou</line></par>
</text>
</block>
<block><region><rect/></region>
<text>
<par/>
</text>
</block>
<block><region><rect/></region>
<text>
<par>
<line>35G</line></par>
</text>
</block>
<block><region><rect/></region>
<text>
<par/>
</text>
</block>
<block><region><rect/></region>
<text>
<par/>
</text>
</block>
<block><region><rect/></region>
<text>
<par>
<line>i:»c</line></par>
</text>
</block>
<block><region><rect/><rect/></region>
<text>
<par>
<line>^5--'</line></par>
</text>
</block>
<block><region><rect/></region>
<text>
<par>
<line>Lift!</line></par>
</text>
</block>
<block><region><rect/></region>
<text>
<par/>
</text>
</block>
<block><region><rect/></region>
<text>
<par>
<line>imA</line></par>
</text>
</block>
<block><region><rect/></region>
<text>
<par>
<line>m</line></par>
</text>
</block>
<block><region><rect/></region>
<text>
<par/>
</text>
</block>
<block><region><rect/></region>
<text>
<par/>
</text>
</block>
<block><region><rect/></region>
<text>
<par>
<line>B»Ôëhi</line></par>
</text>
</block>
<block><region><rect/></region>
<text>
<par>
<line>^s^aûî</line></par>
<par>
<line>sïï^lî</line></par>
</text>
</block>
<block><region><rect/></region>
<text>
<par/>
</text>
</block>
<block><region><rect/></region>
<text>
<par>
<line>Ujijar</line></par>
</text>
</block>
<block><region><rect/></region>
<text>
<par>
<line>l\fi</line></par>
</text>
</block>
<block><region><rect/></region>
<text>
<par>
<line>ACSS</line></par>
</text>
</block>
<block><region><rect/></region>
<text>
<par>
<line>%•)</line></par>
</text>
</block>
<block><region><rect/></region>
<text>
<par>
<line>P I Ü ' fl c</line></par>
</text>
</block>
<block><region><rect/></region>
<text>
<par>
<line>CjP</line></par>
</text>
</block>
<block><region><rect/></region>
<text>
<par/>
</text>
</block>
<block><region><rect/></region>
<text>
<par>
<line>Chil</line></par>
</text>
</block>
<block><region><rect/></region>
<text>
<par>
<line>I c V&gt;'</line></par>
</text>
</block>
<block><region><rect/></region>
<text>
<par>
<line>bai</line></par>
</text>
</block>
<block><region><rect/></region>
<text>
<par/>
</text>
</block>
<block><region><rect/><rect/><rect/></region>
<text>
<par>
<line>//jy^îv-</line></par>
</text>
</block>
<block><region><rect/></region>
<text>
<par>
<line>hfeC;</line></par>
</text>
</block>
<block><region><rect/></region>
<text>
<par>
<line>3S7</line></par>
</text>
</block>
<block><region><rect/></region>
<text>
<par>
<line>CWi'</line></par>
</text>
</block>
<block><region><rect/></region>
<text>
<par>
<line>ys</line></par>
</text>
</block>
<block><region><rect/><rect/><rect/></region>
<text>
<par/>
</text>
</block>
<block><region><rect/></region>
<text>
<par/>
</text>
</block>
<block><region><rect/></region>
<text>
<par>
<line>y</line></par>
</text>
</block>
<block><region><rect/></region>
<text>
<par/>
</text>
</block>
<block><region><rect/></region>
<text>
<par/>
</text>
</block>
<block><region><rect/></region>
<text>
<par>
<line>i'</line></par>
</text>
</block>
<block><region><rect/></region>
<text>
<par>
<line>ÎVtU</line></par>
</text>
</block>
<block><region><rect/></region>
<text>
<par>
<line>'0/</line></par>
</text>
</block>
<block><region><rect/></region>
<text>
<par/>
</text>
</block>
<block><region><rect/></region>
<text>
<par>
<line>k PlMil</line></par>
</text>
</block>
<block><region><rect/></region>
<text>
<par/>
</text>
</block>
<block><region><rect/></region>
<text>
<par>
<line>Jtu«&gt;</line></par>
</text>
</block>
<block><region><rect/></region>
<text>
<par/>
</text>
</block>
<block><region><rect/></region>
<text>
<par>
<line>'X</line></par>
</text>
</block>
<block><region><rect/></region>
<text>
<par>
<line>via</line></par>
</text>
</block>
<block><region><rect/></region>
<text>
<par>
<line>^7f''’Xï:7^-,y2</line></par>
</text>
</block>
<block><region><rect/></region>
<text>
<par>
<line>Pf'</line></par>
</text>
</block>
<block><region><rect/></region>
<text>
<par>
<line>PafCf'ff'r</line></par>
</text>
</block>
<block><region><rect/></region>
<text>
<par>
<line>□ )Ë</line></par>
</text>
</block>
<block><region><rect/></region>
<text>
<par>
<line>Aie/</line></par>
</text>
</block>
<block><region><rect/></region>
<text>
<par/>
</text>
</block>
<block><region><rect/></region>
<text>
<par>
<line>P .3 loi</line></par>
</text>
</block>
<block><region><rect/></region>
<text>
<par/>
</text>
</block>
<block><region><rect/></region>
<text>
<par/>
</text>
</block>
<block><region><rect/></region>
<text>
<par>
<line>\</line></par>
</text>
</block>
<block><region><rect/></region>
<text>
<par/>
</text>
</block>
<block><region><rect/></region>
<text>
<par>
<line>,CoulA-Mugl&gt;«r«</line></par>
</text>
</block>
<block><region><rect/></region>
<text>
<par/>
</text>
</block>
<block><region><rect/></region>
<text>
<par>
<line>i- ce</line></par>
</text>
</block>
<block><region><rect/></region>
<text>
<par>
<line>A</line></par>
<par>
<line>*&gt;S^ r</line></par>
</text>
</block>
<block><region><rect/></region>
<text>
<par>
<line>ChiL</line></par>
</text>
</block>
<block><region><rect/></region>
<text>
<par/>
</text>
</block>
<block><region><rect/></region>
<text>
<par>
<line>Ov;*ot&gt; r&lt;</line></par>
</text>
</block>

























</page>
<page width="4958" height="7017" resolution="600">
<block><region><rect/></region>
<text>
<par>
<line>Direction Départementafe de TAgnculture, de</line>
<line>ralimentation, de ta pèche et des affaires</line>
<line>rurales de TAriège</line></par>
</text>
</block>
<block><region><rect/></region>
<text>
<par>
<line>mm</line></par>
<par>
<line>Liberté * Égalité * Fraternité</line></par>
<par>
<line>RÉPUBUQUË française</line></par>
<par>
<line>PREFECTURE DE l'ARIEGE</line></par>
</text>
</block>
<block><region><rect/></region>
<text>
<par>
<line>A.</line></par>
<par>
<line>^rtm</line></par>
</text>
</block>
<block><region><rect/></region>
<text>
<par>
<line>Restauration des Terrains en Montagne</line></par>
</text>
</block>
<block><region><rect/></region>
<text>
<par>
<line>Commune de</line></par>
<par>
<line>TAURIGNAN-VIEUX</line></par>
</text>
</block>
<block><region><rect/></region>
<text>
<par>
<line>(N° INSEE : 09-16-308)</line></par>
</text>
</block>
<block><region><rect/></region>
<text>
<par>
<line>Plan de Prévention des Risques</line>
<line>naturels prévisibles</line></par>
</text>
</block>
<block><region><rect/></region>
<text>
<par>
<line>- P.P.R. -</line></par>
</text>
</block>
<block><region><rect/></region>
<text>
<par>
<line>Livret 2</line></par>
<par>
<line>Règlement</line></par>
</text>
</block>
<block><region><rect/></region>
<text>
<par>
<line>N</line></par>
</text>
</block>
<block><region><rect/></region>
<text>
<par/>
</text>
</block>
<block><region><rect/></region>
<text>
<par/>
</text>
</block>
<block><region><rect/><rect/><rect/><rect/></region>
<text>
<par>
<line>Office National des Forêts</line></par>
</text>
</block>
<block><region><rect/></region>
<text>
<par>
<line>Prescription : 12 septembre 2001</line>
<line>Elaboration : Novembre 2001</line></par>
</text>
</block>
<block><region><rect/></region>
<text>
<par>
<line>Règlement P.P.R. de Taurignan-Vieux- Novembre 2001</line></par>
</text>
</block>





<block blockType="Picture" blockName="" l="800" t="664" r="988" b="902"><region><rect/></region>
</block>
</page>
</PM1>