<?xml version="1.0" encoding="UTF-8"?><PM1>
<page width="1683" height="2349" resolution="200">
<block><region><rect/></region>
<text>
<par>
<line>Ukgrté * ÉgâlUi • Fratmiti</line></par>
<par>
<line>RÉFUBuquE Française</line></par>
</text>
</block>
<block><region><rect/></region>
<text>
<par>
<line>I</line></par>
</text>
</block>
<block><region><rect/></region>
<text>
<par>
<line>..Il illi</line></par>
</text>
</block>
<block><region><rect/></region>
<text>
<par>
<line>W</line></par>
</text>
</block>
<block><region><rect/></region>
<text>
<par>
<line>Direction</line>
<line>Départementale</line>
<line>de l'Equipement</line></par>
<par>
<line>Haute-Corse</line></par>
<par>
<line>Service de</line>
<line>l'urbanisme</line>
<line>et de l'habitat</line></par>
<par>
<line>Bureau</line></par>
<par>
<line>Administratif</line></par>
<par>
<line>pp1</line></par>
</text>
</block>
<block><region><rect/></region>
<text>
<par>
<line>PREFECTURE DE HAUTE-CORSE</line></par>
<par>
<line>ARRETE</line></par>
<par>
<line>en date du 8 IIIIL, 200) portant approbation du plan</line>
<line>de prévention du risque « inondation » des vallées du</line>
<line>FIUM’ORBO et de l’ABATESCO sur le territoire</line>
<line>des communes de Ghisonaccia, Prunelli di Fium’orbo</line>
<line>et Serra di Fium’orbo.</line></par>
</text>
</block>
<block><region><rect/></region>
<text>
<par>
<line>LE PREFET DE HAUTE CORSE</line>
<line>CHEVALIER DE LA LEGION D'HONNEUR</line>
<line>OFFICIER DE L'ORDRE NATIONAL DU MERITE</line></par>
</text>
</block>
<block><region><rect/></region>
<text>
<par>
<line>Vu la loi n° 95-101 du 2 février 1995 relative au renforcement de la protection de</line>
<line>l’environnement, modifiant et complétant la loi n° 87-565 du 22 juillet 1987,</line></par>
<par>
<line>Vu le décret n° 95-1089 du 5 octobre 1995 relatif aux plans de prévention des risques</line>
<line>naturels prévisibles et notamment son article 7</line></par>
<par>
<line>Vu l’arrêté préfectoral n°96/98 du 25 janvier 1996 portant prescription d’un plan de</line>
<line>prévention face au risque « inondation » sur le territoire des communes de Ghisonaccia,</line>
<line>Prunelli di Fium’orbo et Serra di Fium’orbo,</line></par>
<par>
<line>Vu l’étude hydraulique effectuée par SAFEGE CODRA en 1996 et les dossiers techniques</line>
<line>terminés en septembre 2000,</line></par>
<par>
<line>Vu la consultation du conseil municipal des communes concernées le 18 octobre 2000,</line></par>
<par>
<line>Vu la consultation du Président de la chambre d’agriculture de Haute-Corse le 19 octobre</line></par>
<par>
<line>2000,</line></par>
<par>
<line>Vu l’ avis favorable du Président de la chambre d’agriculture le 14 décembre 2000,</line></par>
</text>
</block>
<block><region><rect/></region>
<text>
<par>
<line>8, boulevard Benoîte Dancsi - 20411 Bastia cedex</line>
<line>Téléphone 04 95 32 97 97 - Télécopie 04 95 32 97 96</line></par>
</text>
</block>



<block blockType="Picture" blockName="" l="193" t="453" r="345" b="593"><region><rect/></region>
</block>
</page>
<page width="1673" height="2343" resolution="200">
<block><region><rect/></region>
<text>
<par>
<line>Vu l’avis favorable de la commune de Serra di Fium’orbo le 15 décembre 2000,</line></par>
<par>
<line>Vu les observations formulées par le conseil municipal de la commune de Prunelli di</line>
<line>Fium’Orbo en date du 26 avril 2001,</line></par>
<par>
<line>Vu l’arrêté préfectoral n° 01/ 122 en date du 14 mars 2001 prescrivant l’ouverture d’une</line>
<line>enquête publique sur le plan de prévention du risque « inondation »des vallées du Fium’orbo</line>
<line>et de l’Abatesco sur le territoire des communes de Ghisonaccia, Prunelli di Fium’orbo et</line>
<line>Serra di Fium’orbo,</line></par>
<par>
<line>Vu l’enquête publique qui s’est déroulée du 26 mars 2001 au 26 avril 2001 inclus.</line></par>
<par>
<line>Vu r avis favorable du commissaire enquêteur du 07 mai 2001 accompagné d’une réserve</line>
<line>levée à compter du 26 mai 2001, soit un mois à partir de la clôture de l’enquête publique qui</line>
<line>s’est effectuée le 26 avril 2001,</line></par>
<par>
<line>Sur proposition du directeur départemental de l’équipement.</line></par>
</text>
</block>
<block><region><rect/></region>
<text>
<par>
<line>ARRETE</line></par>
</text>
</block>
<block><region><rect/></region>
<text>
<par>
<line>Article 1*"^ : Le plan de prévention du risque « inondation » des vallées du Fium’orbo et</line>
<line>de l’Abatesco sur le territoire des communes de Ghisonaccia, Prunelli du Fium’orbo et</line>
<line>Serra di Fium’orbo est approuvé tel qu’il est annexé au présent arrêté.</line></par>
<par>
<line>Article 2 : Le présent arrêté fera l’objet d’une mention au recueil des actes administratifs</line>
<line>de l’Etat dans le département, ainsi que dans deux journaux régionaux ou locaux diffusés</line>
<line>dans le département.</line></par>
<par>
<line>Article 3 : Une copie du présent arrêté sera affichée pendant un mois au minimum dans les</line>
<line>mairies de Ghisonaccia, Prunelli di Fium’orbo et Serra di Fium’orbo,</line></par>
<par>
<line>Article 4 : Le plan approuvé sera tenu à la disposition du public en préfecture (direction</line>
<line>départementale de l’équipement, service de l’urbanisme et de l’habitat, bureau des risques</line>
<line>naturels majeurs) et aux mairies de Ghisonaccia, Prunelli di Fium’orbo et Serra di</line>
<line>Fium’orbo,</line></par>
<par>
<line>Cette mesure de publicité fera l’objet d’une mention sur l’affichage prévu à l’article 3 ci-</line>
<line>dessus.</line></par>
<par>
<line>Article 5 : MM. le Secrétaire Général de la Préfecture, le directeur départemental de</line>
<line>l’équipement, les maires de Ghisonaccia, Prunelli di Fium’orbo et Serra di FlUm’orbo sont</line>
<line>chargés, chacun en ce qui le concerne, de l’exécution du présent arrêté dont ampliation</line>
<line>sera adressée à :</line></par>
</text>
</block>






</page>
<page width="1728" height="2381" resolution="200">
<block><region><rect/></region>
<text orientation="RotatedCounterclockwise">
<par/>
</text>
</block>
<block><region><rect/><rect/></region>
<text>
<par>
<line>M. Le secrétaire général de la Préfecture de Haute-Corse</line>
<line>. Le sous-préfet de Corte</line></par>
<par>
<line>. Le directeur de l’office de l’environnement de la Corse</line>
<line>. le directeur régional de l’environnement</line>
<line>. Le directeur régional de l’équipement</line>
<line>. Le chef du service départemental d’incendie et de secours</line>
<line>. Le directeur départemental de l’agriculture et de la forêt</line>
<line>. Le directeur départemental de l’équipement</line>
<line>. Le maire de Ghisonaccia</line>
<line>. Le maire de Prunelli di Fium’orbo</line>
<line>. Le maire de Serra di Fium’orbo</line></par>
</text>
</block>
<block><region><rect/><rect/><rect/></region>
<text>
<par>
<line>Pour Ampliation</line>
<line>Pour le Prefet et</line>
<line>Par délcgstion</line>
<line>Le Chef dü S.l.D.P.C</line></par>
</text>
</block>
<block><region><rect/></region>
<text>
<par>
<line>J. GHILINr</line></par>
</text>
</block>
<block><region><rect/></region>
<text>
<par>
<line>Le Préfet</line></par>
<par>
<line>Pour le Préfet</line>
<line>Le Secréîcire Général</line></par>
<par>
<line>Jean-Luc FABRE</line></par>
</text>
</block>
</page>
</PM1>