<?xml version="1.0" encoding="UTF-8"?><PM1>
<page width="2495" height="3515" resolution="300">
<block><region><rect/></region>
<text>
<par>
<line>KX</line></par>
<par>
<line>Liberté • Égalité • Fraternité</line></par>
<par>
<line>république Française</line>
<line>PRÉFECTURE</line></par>
<par>
<line>DES PYRÉNÉES-ATLANTIQUES</line></par>
<par>
<line>ARRETE PREFECTORAL N° : 2002 - 102 - 14</line></par>
<par>
<line>REFER: PC/3-2002/194</line></par>
</text>
</block>
<block><region><rect/></region>
<text>
<par>
<line>SERVICE</line></par>
<par>
<line>INTERMINISTERIEL</line>
<line>DE DEFENSE ET DE</line>
<line>PROTECTION CIVILES</line></par>
</text>
</block>
<block><region><rect/></region>
<text>
<par>
<line>ARRETE</line></par>
<par>
<line>approuvant le Plan de Prévention des Risques d'inondations de la</line>
<line>commune de BAUDREIX</line></par>
</text>
</block>
<block><region><rect/></region>
<text>
<par>
<line>Le Préfet des Pyrénées-Atlantiques,</line></par>
<par>
<line>Chevalier de la Légion d'Honneur,</line></par>
<par>
<line>VU la loi n°87-565 du 22 juillet 1987, relative à l'organisation de la Sécurité Civile, à</line>
<line>la protection de la forêt contre l'incendie et à la prévention des risques majeurs, notamment</line>
<line>ses articles 40.1 à 40.7 issus de la loi n° 95-101 du 2 février 1995 ;</line></par>
<par>
<line>VU le décret n°95 -1089 du 5 octobre 1995, relatif aux plans de prévention des</line>
<line>risques naturels prévisibles ;</line></par>
<par>
<line>VU l'arrêté préfectoral en date du 25 octobre 2000, prescrivant l'établissement d'un</line>
<line>plan de prévention des risques d'inondations (P.P.R.I.) sur la commune de Baudreix ;</line></par>
<par>
<line>VU l'arrêté préfectoral en date du 14 décembre 2001 prescrivant l'ouverture d'une</line>
<line>enquête publique sur le plan de prévention des risques de la commune de Baudreix;</line></par>
<par>
<line>VU la délibération du Conseil municipal en date du 13 juillet 2001;</line></par>
<par>
<line>VU le procès - verbal de l'enquête publique qui s'est déroulée du 7 janvier 2002 au 4</line>
<line>février 2002 et à l'avis du Commissaire -enquêteur en date du 11 février 2002;</line></par>
<par>
<line>SUR proposition du directeur de Cabinet de la préfecture ,</line></par>
</text>
</block>
<block><region><rect/></region>
<text>
<par>
<line>ARRETE;</line></par>
</text>
</block>
<block><region><rect/></region>
<text>
<par>
<line>Article l®"" ; I - est approuvé tel qu'il est annexé au présent arrêté, le Plan de Prévention des</line>
<line>Risques d'inondations de la commune de BAUDREIX.</line></par>
</text>
</block>
<block><region><rect/></region>
<text>
<par>
<line>Toute correspondance doit être adressée sous forme impersonnelle à Monsieur le Préfet des Pyrénées-Atlantiques</line>
<line>2. RUE MARÉCHAL JOFFRE 64021 PAU CEDEX. TEL. 05 59 98 24 24 - N'’AZUR 08 0163 64 16 - TÉLÉCOPIE 05 59 98 24 99</line></par>
</text>
</block>


</page>
<page width="2489" height="3511" resolution="300">
<block><region><rect/></region>
<text>
<par>
<line>n - le P.P.R.I. comprend ; un rapport de présentation, un règlement,</line>
<line>une carte réglementaire au 1/5000°, d'une partie annexe</line>
<line>comprenant la carte de l'aléa et des hauteurs d'eau au 1/5 000°,</line>
<line>un plan de situation, les textes réglementaires.</line></par>
<par>
<line>ni - le P.P.R.I. est tenu à la disposition du public</line></par>
<par>
<line>- à la mairie de Baudreix</line></par>
<par>
<line>- à la Direction Départementale de l'Equipement</line>
<line>à la Préfecture de Pau (S.I.D.P.C.et D.C.L.E.)</line></par>
<par>
<line>Article 2 : Le présent arrêté sera publié au Recueil des Actes administratifs et mention</line>
<line>en sera faite dans les journaux ci-après désignés;</line></par>
<par>
<line>L'Eclair des Pyrénées et la République des Pyrénées</line></par>
<par>
<line>Une copie de l'arrêté d'approbation sera affichée à la mairie de Baudreix pendant un</line>
<line>mois au minimum. Cette mesure de publicité sera justifiée par un certificat du maire et un</line>
<line>exemplaire des journaux sera annexé au dossier.</line></par>
<par>
<line>Article 3 : Des ampliations seront adressées à :</line></par>
<par>
<line>M.M. le secrétaire général de la préfecture, le maire de Baudreix, le directeur</line>
<line>départemental de l'équipement, le ministre de l'aménagement du territoire et de</line>
<line>l'environnement.</line></par>
<par>
<line>Article 4 : MM. le secrétaire général de la préfecture, le directeur de cabinet, le maire</line>
<line>de Baudreix, le directeur départemental de l'équipement sont chargés, chacun en ce qui le</line>
<line>concerne, de l'exécution du présent arrêté.</line></par>
</text>
</block>
<block><region><rect/></region>
<text>
<par>
<line>Ampiia</line></par>
</text>
</block>
<block><region><rect/></region>
<text>
<par>
<line>Pour</line></par>
</text>
</block>
<block><region><rect/></region>
<text>
<par/>
</text>
</block>
<block><region><rect/></region>
<text>
<par/>
</text>
</block>
<block><region><rect/></region>
<text>
<par>
<line>rhlhpp</line></par>
</text>
</block>
<block><region><rect/></region>
<text>
<par>
<line>'AnSAïS</line></par>
</text>
</block>
<block><region><rect/></region>
<text>
<par>
<line>Fait à Pau, le 2 '■■'..'Û’'</line></par>
<par>
<line>Le Préfet,</line></par>
</text>
</block>
<block><region><rect/><rect/><rect/></region>
<text>
<par>
<line>/</line></par>
</text>
</block>
<block><region><rect/></region>
<text>
<par/>
</text>
</block>
</page>
</PM1>