<?xml version="1.0" encoding="UTF-8"?><PM1>
<page width="1664" height="2336" resolution="200">
<block><region><rect/></region>
<text>
<par>
<line>Liberté • Égaillé • Fraternité</line></par>
<par>
<line>RÉPUBLIQUE Française</line></par>
</text>
</block>
<block><region><rect/></region>
<text>
<par>
<line>PREFECTURE DE LA MANCHE</line></par>
</text>
</block>
<block><region><rect/></region>
<text>
<par>
<line>direction</line>
<line>départementale</line>
<line>de l'Équipement</line></par>
<par>
<line>Manche</line></par>
<par>
<line>m</line></par>
<par>
<line>service</line></par>
<par>
<line>Aménagement</line></par>
<par>
<line>Urbanisme</line></par>
<par>
<line>et Environnement</line></par>
<par>
<line>Atelier</line></par>
<par>
<line>Planification</line></par>
<par>
<line>Urbaine</line></par>
<par>
<line>et Rurale</line></par>
</text>
</block>
<block><region><rect/></region>
<text>
<par>
<line>boulevard de la Dollée</line>
<line>BP 496</line></par>
<par>
<line>50006 Saint-Lô cedex</line>
<line>téléphone :</line></par>
<par>
<line>02 33 06 39 52</line>
<line>télécopie :</line></par>
<par>
<line>02 33 06 39 09</line></par>
<par>
<line>mél ; DIR.SAUE.DDE-</line></par>
<par>
<line>Manche</line></par>
<par>
<line>@equlpement.gouv.fr</line></par>
</text>
</block>
<block><region><rect/></region>
<text>
<par>
<line>ARRETE</line></par>
<par>
<line>portant approbation du plan de prévention du risque inondation</line></par>
<par>
<line>du fleuve Sienne</line></par>
<par>
<line>Le préfet de la Manche</line></par>
<par>
<line>Chevalier de l’ordre national du mérite</line></par>
</text>
</block>
<block><region><rect/></region>
<text>
<par>
<line>Vu le code de l’environnement ;</line></par>
<par>
<line>Vu le code de l’expropriation pour cause d’utilité publique ;</line></par>
<par>
<line>Vu le code de l’urbanisme ;</line></par>
<par>
<line>Vu la loi n°87-562 du 22 juillet 1987 relative à l’organisation de la sécurité</line>
<line>civile, à la protection de la forêt contre l’incendie et à la prévention des</line>
<line>risques majeurs modifiée par la loi n°95-101 du 2 février 1995 relative au</line>
<line>renforcement de la protection de l’environnement ;</line></par>
<par>
<line>Vu la loi n°2003-699 du 30 juillet 2003 relative à la prévention des risques</line>
<line>technologiques et naturels et à la réparation des dommages ;</line></par>
<par>
<line>Vu le décret n° 95-1089 du 5 octobre 1995 modifié relatif aux plans de</line>
<line>prévention des risques naturels prévisibles ;</line></par>
<par>
<line>Vu l’arrêté préfectoral du 18 avril 2000 prescrivant l’élaboration du plan de</line>
<line>prévention du risque inondation du fleuve Sienne sur les communes de</line>
<line>Cérences, Gavray, Hyenville, Orval, Quettreville-sur-Sienne et Villedieu-</line>
<line>les-Poêles ;</line></par>
<par>
<line>Vu l’arrêté préfectoral du 22 septembre 2003 prescrivant l’ouverture d’une</line>
<line>enquête publique du 15 octobre au 15 novembre 2003 inclus relative au</line>
<line>plan de prévention du risque inondation du fleuve Sienne sur le territoire</line>
<line>des communes de Cérences, Gavray, Hyenville, Orval, Quettreville-sur-</line>
<line>Sienne et Villedieu-les-Poêles ;</line></par>
<par>
<line>Vu les pièces constatant que l’arrêté préfectoral du 22 septembre 2003 a été</line>
<line>publié, affiché et inséré dans les journaux « Ouest-France » et « La Manche</line>
<line>Libre » dans les délais voulus et que le dossier d’enquête est resté pendant</line>
<line>32 jours consécutifs, du 15 octobre au 15 novembre 2003 inclus en mairie</line>
<line>de Cérences, Gavray, Hyenville, Orval, Quettreville-sur-Sienne et Villedieu-</line>
<line>les-Poêles ;</line></par>
<par>
<line>Vu le rapport et les conclusions du commissaire enquêteur en date du 26</line>
<line>décembre 2003 ;</line></par>
</text>
</block>





<block blockType="Picture" blockName="" l="898" t="80" r="924" b="155"><region><rect/></region>
</block>
</page>
<page width="1664" height="2336" resolution="200">
<block><region><rect/></region>
<text>
<par>
<line>2/3</line></par>
</text>
</block>
<block><region><rect/></region>
<text>
<par>
<line>Vu les délibérations des conseils municipaux des communes de :</line></par>
<par>
<line>&gt; Cérences, en date du 11 septembre 2003,</line></par>
<par>
<line>&gt; Gavray, en date du 2 octobre 2003,</line></par>
<par>
<line>&gt; Quettreville-sur-Sienne, en date du 24 octobre 2003,</line></par>
<par>
<line>&gt; Villedieu4es-Poêles, en date du 27 octobre 2003,</line></par>
<par>
<line>Les conseils municipaux des communes de Orval et Hyenville n’ayant pas</line>
<line>délibéré et leurs avis étant par conséquent réputés favorables ;</line></par>
<par>
<line>Vu l’avis de la chambre d’Agriculture de la Manche ;</line></par>
<par>
<line>Vu l’avis du Centre Régional de la Propriété forestière ;</line></par>
<par>
<line>Vu r avis de l’Institut National des Appellations d’Origine ;</line></par>
<par>
<line>Vu le rapport du directeur départemental de l’équipement ;</line></par>
<par>
<line>Considérant qu’au vu de ce rapport, il y a lieu d’apporter quelques</line>
<line>modifications très partielles au zonage réglementaire du plan de prévention</line>
<line>des risques d’inondation du fleuve Sienne après enquête publique ;</line></par>
<par>
<line>Sur proposition de monsieur le Secrétaire Général ;</line></par>
</text>
</block>
<block><region><rect/></region>
<text>
<par>
<line>Arrête :</line></par>
</text>
</block>
<block><region><rect/></region>
<text>
<par>
<line>Article 1er - Est approuvé, tel qu’il est annexé au présent arrêté, le plan de</line>
<line>prévention du risque inondation du fleuve Sienne sur le territoire des</line>
<line>communes de Cérences, Gavray, Hyenville, Orval, Quettreville-sur-Sienne</line>
<line>et Villedieu-les-Poêles.</line></par>
<par>
<line>Le dossier comprend :</line></par>
<par>
<line>- Un rapport de présentation,</line></par>
<par>
<line>- Des documents graphiques,</line></par>
<par>
<line>- Un règlement.</line></par>
<par>
<line>Il est tenu à la disposition du public dans les locaux :</line></par>
<par>
<line>- Des mairies de Cérences, Gavray, Hyenville, Orval, Quettreville-sur-</line>
<line>Sienne et Villedieu-les-Poêles,</line></par>
<par>
<line>- De la Préfecture du département de la Manche,</line></par>
<par>
<line>- De la Sous-Préfecture de Coutances,</line></par>
<par>
<line>- De la direction départementale de l’Equipement de la Manche -</line>
<line>Boulevard de la Dollée</line></par>
<par>
<line>BP 496</line></par>
<par>
<line>50006 Saint-Lô.</line></par>
</text>
</block>


</page>
<page width="1664" height="2336" resolution="200">
<block><region><rect/></region>
<text>
<par>
<line>3/3</line></par>
</text>
</block>
<block><region><rect/></region>
<text>
<par>
<line>Article 2 - Le présent arrêté sera publié au recueil des actes administratifs de la</line>
<line>Préfecture et mention en sera faite en caractères apparents dans les deux</line>
<line>journaux ci-après désignés :</line></par>
<par>
<line>- Ouest-France,</line></par>
<par>
<line>- La Manche Libre.</line></par>
<par>
<line>Une copie du présent arrêté sera affichée en mairie de Cérences, Gavray,</line>
<line>Hyenville, Orval, Quettreville-sur-Sienne et Villedieu-les-Poêles pendant au</line>
<line>moins un mois à partir de la date de réception de la notification du présent</line>
<line>arrêté.</line></par>
<par>
<line>Le Plan de Prévention des Risques approuvé vaut servitude d'uthité</line>
<line>publique et sera annexé aux plans locaux d'urbanisme ou plans</line>
<line>d’occupation des sols des communes précitées lorsque ce document existe</line>
<line>sur la commune.</line></par>
<par>
<line>Article 3 - Des copies certifiées conforme du présent arrêté seront adressées à :</line></par>
<par>
<line>- Monsieur le sous-préfet de Coutances,</line></par>
<par>
<line>- Messieurs les maires de Cérences, Gavray, Hyenville, Orval,</line>
<line>Quettreville-sur-Sienne et Villedieu-les-Poêles,</line></par>
<par>
<line>- Monsieur le directeur régional de l’environnement,</line></par>
<par>
<line>- Monsieur le directeur départemental de l’agriculture et de la forêt,</line></par>
<par>
<line>- Monsieur le chef du service interministériel de défense et de protection</line>
<line>civile,</line></par>
<par>
<line>- Monsieur le directeur régional de l’industrie, de la recherche et de</line>
<line>r environnement,</line></par>
<par>
<line>- Monsieur le directeur départemental de l’équipement.</line></par>
</text>
</block>
<block><region><rect/></region>
<text>
<par>
<line>Article 4 - Le secrétaire général de la Préfecture de la Manche, le sous-préfet</line>
<line>de Coutances, le directeur de cabinet de la Préfecture, le directeur</line>
<line>départemental de l’équipement et chef du service interministériel de défense</line>
<line>et de protection civile sont chargés de l’exécution du présent arrêté.</line></par>
</text>
</block>
<block><region><rect/></region>
<text>
<par>
<line>Saint-Lô, le</line></par>
</text>
</block>
<block><region><rect/></region>
<text>
<par>
<line>«ilt- 2004</line></par>
</text>
</block>
<block><region><rect/></region>
<text>
<par>
<line>Le Préfet,</line></par>
</text>
</block>




</page>
</PM1>