<?xml version="1.0" encoding="UTF-8"?><PM1>
<page width="2479" height="3504" resolution="300">
<block><region><rect/></region>
<text>
<par>
<line>WM</line></par>
<par>
<line>Libertf * E^alitf * Fraiernhé</line></par>
<par>
<line>république Française</line></par>
</text>
</block>
<block><region><rect/></region>
<text>
<par>
<line>PRÉFET DES ALPES-MARITIMES</line></par>
</text>
</block>
<block><region><rect/></region>
<text>
<par>
<line>Direction Départementaie des Territoires</line>
<line>et de ia Mer des Alpes-Maritimes</line>
<line>Service Eau - Risques</line></par>
</text>
</block>
<block><region><rect/></region>
<text>
<par>
<line>NRef : DDTM-SER-PR-AP n'’2016-030</line></par>
</text>
</block>
<block><region><rect/></region>
<text>
<par>
<line>ARRETE PREFECTORAL</line></par>
<par>
<line>portant approbation du plan de prévention des risques</line>
<line>naturels prévisibles de mouvements de terrain,</line>
<line>de la commune de Tende</line></par>
</text>
</block>
<block><region><rect/></region>
<text>
<par>
<line>Le Préfet des Alpes-Maritimes,</line>
<line>Officier de la Légion d’Honneur,</line>
<line>Officier de l’Ordre national du Mérite,</line></par>
</text>
</block>
<block><region><rect/></region>
<text>
<par>
<line>Vu les articles L.562-1 à L.562-9 du code de l’environnement relatifs aux plans de prévention des risques</line>
<line>naturels prévisibles,</line></par>
<par>
<line>Vu les articles R.562-1 à R.562-12 du code de l’environnement relatifs à la procédure et à l'élaboration des</line>
<line>plans de prévention des risques naturels prévisibles.</line></par>
<par>
<line>Vu les articles R. 123-1 et suivants R. 123-6 à R. 123-23 du code de l’environnement relatifs à la procédure et</line>
<line>au déroulement de l'enquête publique.</line></par>
<par>
<line>Vu le décret n°2011-765 du 28 juin 2011 relatif à la procédure d'élaboration, de révision et de modification</line>
<line>des plans de prévention des risques naturels prévisibles.</line></par>
<par>
<line>Vu l’arrêté préfectoral du 19 juillet 2010 prescrivant l'établissement du plan de prévention des risques</line>
<line>naturels prévisibles de mouvements de terrain de la commune de Tende,</line></par>
<par>
<line>Vu l’arrêté préfectoral du 4 décembre 2015 prescrivant l'enquête publique du plan de prévention des risques</line>
<line>naturels prévisibles de mouvements de terrain de la commune de Tende,</line></par>
<par>
<line>Vu les avis des personnes publiques associées et l'avis favorable du commissaire enquêteur en date du</line>
<line>28 mars 2016,</line></par>
<par>
<line>Considérant que les avis reçus et les observations déposées lors de l’enquête publique justifient des</line>
<line>modifications limitées du projet de plan de prévention des risques naturels prévisibles de mouvements de</line>
<line>terrain soumis à enquête publique.</line></par>
<par>
<line>Considérant que ces modifications ne remettent pas en cause l'économie générale du plan.</line></par>
<par>
<line>Sur la proposition du Secrétaire général de la Préfecture des Alpes-Maritimes,</line></par>
</text>
</block>

<block blockType="Picture" blockName="" l="1289" t="83" r="1420" b="219"><region><rect/></region>
</block>
</page>
<page width="2479" height="3504" resolution="300">
<block><region><rect/></region>
<text>
<par>
<line>ARRETE</line></par>
</text>
</block>
<block><region><rect/></region>
<text>
<par>
<line>Article 1er : Approbation</line></par>
<par>
<line>I. Est approuvé le plan de prévention des risques naturels prévisibles de mouvements de terrain de la</line>
<line>commune de Tende tel qu’annexé au présent arrêté.</line></par>
<par>
<line>II. Ce plan est tenu à la disposition du public :</line></par>
<par>
<line>1 - à la mairie de Tende, tous les jours ouvrables, aux heures habituelles d’ouverture de la</line>
<line>mairie,</line></par>
<par>
<line>2 - à la Communauté d’Agglomération de la Riviera Française en charge de l'élaboration et de</line>
<line>la gestion du SCoT de la Riviera Française et de la Roya,</line></par>
<par>
<line>3 - au pôle risques de la Direction Départementale des Territoires et de la Mer au centre</line>
<line>administratif départemental de Nice tous les jours du lundi au vendredi de 9h00 à 11h30 et de</line>
<line>UhOOà 16h00.</line></par>
<par>
<line>4 - à la préfecture, aux heures habituelles d'ouverture au public.</line></par>
<par>
<line>III. Le plan de prévention des risques naturels prévisibles comporte :</line></par>
<par>
<line>- un rapport de présentation,</line></par>
<par>
<line>- un sous-dossier de risque de mouvements de terrain composé de :</line></par>
<par>
<line>• un règlement,</line></par>
<par>
<line>• quatre documents graphiques à l'échelle 1/5000 constituant le plan de zonage réglementaire,</line></par>
<par>
<line>• deux documents graphiques à l'échelle 1/10000 constituant la carte des aléas de mouvements de</line>
<line>terrain,</line></par>
<par>
<line>- un sous-dossier annexe au rapport de présentation composé de la carte des enjeux, la carte des pentes</line>
<line>et la carte géologique,</line></par>
<par>
<line>- l’arrêté préfectoral en date du 19 juillet 2010 prescrivant l’établissement du plan de prévention des</line>
<line>risques naturels prévisibles de mouvements de terrain sur le territoire de la commune de Tende,</line></par>
<par>
<line>- le présent arrêté.</line></par>
</text>
</block>
<block><region><rect/></region>
<text>
<par>
<line>Article 2 : Mesures de publicité</line></par>
<par>
<line>Le présent arrêté fera l’objet d’une mention au recueil des actes administratifs de l'État dans le département,</line>
<line>ainsi que dans le journal local ci-après désigné : «Nice Matin».</line></par>
<par>
<line>Une copie de l’arrêté sera affichée en mairie de Tende pendant un mois au minimum, ainsi qu'au siège de la</line>
<line>Communauté d’Agglomération de la Riviera Française en charge de l'élaboration et de la gestion du SCoT</line>
<line>de la Riviera Française et de la Roya.</line></par>
</text>
</block>
<block><region><rect/></region>
<text>
<par>
<line>Article 3 : Copies pour information</line></par>
<par>
<line>Des copies du présent arrêté seront adressées à :</line></par>
<par>
<line>- Monsieur le maire de la commune de Tende,</line></par>
<par>
<line>- Monsieur le président de la Communauté d’Agglomération de la Riviera Française en charge de</line>
<line>l'élaboration et de la gestion du SCoT de la Riviera Française et de la Roya,</line></par>
<par>
<line>- Madame la Ministre de l’environnement, de l'énergie et de la mer / direction générale de la prévention</line>
<line>des risques.</line></par>
</text>
</block>



</page>
<page width="2479" height="3504" resolution="300">
<block><region><rect/></region>
<text>
<par>
<line>- Monsieur le président du Conseil départemental des Alpes-Maritimes,</line></par>
<par>
<line>- Monsieur le président du Conseil régional Provence Alpes-Côte d'Azur,</line></par>
<par>
<line>- Monsieur le président de la Chambre d’agriculture des Alpes-Maritimes,</line></par>
<par>
<line>- Monsieur le président de la délégation de la région Provence Alpes-Côte d'Azur auprès du Centre</line>
<line>national de la propriété forestière,</line></par>
<par>
<line>- Madame la directrice régionale de l’environnement, de l'aménagement et du logement de Provence-</line>
<line>Alpes-Côte d’azur,</line></par>
<par>
<line>- Monsieur le directeur départemental des territoires et de la mer des Alpes-Maritimes,</line></par>
<par>
<line>- - Monsieur le chef du service interministériel de défense et de protection civile des Alpes-Maritimes,</line></par>
<par>
<line>- Monsieur le président de la Chambre départementale des notaires des Alpes-Maritimes.</line></par>
</text>
</block>
<block><region><rect/></region>
<text>
<par>
<line>Article 4 : Délai de recours</line></par>
</text>
</block>
<block><region><rect/></region>
<text>
<par>
<line>Le présent arrêté peut faire l'objet d'un recours contentieux auprès du Tribunal administratif de Nice dans un</line>
<line>délai de deux mois à compter de l'exécution de l'ensemble des formalités prévues à l'article 2 ; la date à</line>
<line>prendre en compte pour l'affichage étant celle du premier jour où il est effectué.</line></par>
</text>
</block>
<block><region><rect/></region>
<text>
<par>
<line>Article 5 : Exécution du présent arrêté</line></par>
<par>
<line>Le Secrétaire général de la préfecture des Alpes-Maritimes, le maire de Tende, le président de la</line>
<line>Communauté d’Agglomération de la Riviera Française en charge de l'élaboration et de la gestion du SCoT</line>
<line>de la Riviera Française et de la Roya, le directeur départemental des territoires et de la mer des Alpes-</line>
<line>Maritimes, sont chargés, chacun en ce qui le concerne, de l’exécution du présent arrêté.</line></par>
</text>
</block>
<block><region><rect/></region>
<text>
<par>
<line>A Nice, le</line></par>
</text>
</block>
<block><region><rect/><rect/></region>
<text>
<par>
<line>^ I j«i w'®</line></par>
</text>
</block>
<block><region><rect/></region>
<text>
<par>
<line>Pour le</line></par>
</text>
</block>
<block><region><rect/></region>
<text>
<par>
<line>Pr</line></par>
</text>
</block>
<block><region><rect/></region>
<text>
<par>
<line>leral</line></par>
</text>
</block>
<block><region><rect/></region>
<text>
<par>
<line>Gé</line></par>
</text>
</block>
<block><region><rect/></region>
<text>
<par>
<line>Les</line></par>
</text>
</block>
<block><region><rect/></region>
<text>
<par>
<line>état</line></par>
</text>
</block>
<block><region><rect/></region>
<text>
<par>
<line>3666</line></par>
</text>
</block>
<block><region><rect/></region>
<text>
<par>
<line>D</line></par>
</text>
</block>
<block><region><rect/></region>
<text>
<par>
<line>Irédéric MAC KAIN</line></par>
</text>
</block>




</page>
</PM1>