<?xml version="1.0" encoding="UTF-8"?><PM1>
<page width="1653" height="2339" resolution="200">
<block><region><rect/></region>
<text>
<par>
<line>Liberté • Egalité • Fraternité</line></par>
<par>
<line>République Française</line>
<line>PREFET DE L'AISNE</line></par>
<par>
<line>Le Préfet de l’Aisne,</line></par>
<par>
<line>Chevalier de la Légion d’Honneur</line></par>
<par>
<line>Vu le code général des collectivités territoriales ;</line></par>
<par>
<line>Vu le code de l’environnement et notamment son article L.125-5 et R.125-23 à R.125-27 ;</line></par>
<par>
<line>Vu le décret n°2005"134 du 15 février 2005 relatif à l’information des acquéreurs et des locataires de</line>
<line>biens immobiliers sur les risques naturels et technologiques majeurs ;</line></par>
<par>
<line>Vu le décret n° 2010-1254 du 22 octobre 2010 relatif à la prévention du risque sismique ;</line></par>
<par>
<line>Vu le décret n° 2010-1255 du 22 octobre 2010 portant délimitation des zones de sismicité du territoire</line>
<line>français ;</line></par>
<par>
<line>Vu l’arrêté du 11 décembre 2007 ;</line></par>
<par>
<line>Sur proposition du Sous-Préfet Directeur de Cabinet ;</line></par>
<par>
<line>ARRETE</line></par>
<par>
<line>Article 1*^*^ : La commune de JAULGONNE fait partie du Plan de prévention du risque inondation</line>
<line>par débordement de la rivière Marne approuvé le 16 novembre 2007 et du plan de prévention des</line>
<line>risques inondations et coulées de boue sur les communes de Barzy-sur-Mame, Le Charmel et</line>
<line>Jaulgonne approuvé le 29 août 2011.</line></par>
<par>
<line>La liste des documents utiles à l’établissement de l’état des risques tel que prévu par les textes est la</line>
<line>suivante :</line></par>
<par>
<line>le Dossier Départemental des Risques Majeurs approuvé,</line></par>
<par>
<line>le Plan de Prévention du Risque inondation approuvé le 16 novembre 2007,</line></par>
<par>
<line>le Plan de Prévention des Risques inondations et coulées de boue approuvé le 29 août 2011.</line></par>
<par>
<line>Ces documents sont consultables :</line></par>
<par>
<line>à la préfecture et à la sous- préfecture,</line>
<line>à la mairie,</line></par>
<par>
<line>à la direction départementale des Territoires,</line></par>
<par>
<line>sur le site internet des services de l’Etat dans l’Aisne : http://www.aisne.gouv.fr</line>
<line>Article 2 : L'arrêté du 11 décembre 2007 est abrogé.</line></par>
<par>
<line>Article 3 : Le Sous-Préfet Directeur de Cabinet, le Sous-Préfet de Château-Thierry, le SIDPC, le maire</line>
<line>de la commune et le directeur départemental des Territoires sont chargés, chacun en ce qui le concerne,</line>
<line>de l’exécution du présent arrêté.</line></par>
<par>
<line>Fait à LAON, le 2 0 SEP. 2011</line></par>
<par>
<line>Pour le Préfet et par délégation.</line></par>
<par>
<line>Le Sous-Préfet Directeur de Cabinet,</line></par>
</text>
</block>
<block><region><rect/></region>
<text>
<par>
<line>Myriam GARCIA</line></par>
</text>
</block>
<block><region><rect/></region>
<text>
<par>
<line>2, rue Paul Doumer-02010 LAON CEDEX-Téléphone;03.23.21.82.82-Télécopie:03.23.20.69,58-Serveur vocal:03.23.21.82.80</line>
<line>Site Internet iwww.aisne.gouv.fr - Mél :prefecture@aisne.gouv.fr</line></par>
</text>
</block>










</page>
<page width="1653" height="2339" resolution="200">
<block><region><rect/></region>
<text>
<par>
<line>• Pmttrviitt</line></par>
<par>
<line>PREFET DE L’AISNE</line></par>
</text>
</block>
<block><region><rect/></region>
<text>
<par>
<line>Commune de JAULGONNE</line></par>
</text>
</block>
<block><region><rect/></region>
<text>
<par>
<line>Informations sur les risques naturels et technologiques majeurs</line></par>
<par>
<line>pour l’application des I, II, lil de l’article L 125-5 du code de l'environnement</line></par>
</text>
</block>
<block><region><rect/></region>
<text>
<par>
<line>1. Annexe à l’arrêté préfectoral</line></par>
</text>
</block>
<block><region><rect/></region>
<text>
<par>
<line>du</line></par>
</text>
</block>
<block><region><rect/></region>
<text>
<par>
<line>2 0 SEP,</line></par>
</text>
</block>
<block><region><rect/></region>
<text>
<par>
<line>Mis à jour le</line></par>
</text>
</block>
<block><region><rect/></region>
<text>
<par>
<line>2. Situation de la commune au regard d’un ou plusieurs plans de prévention de risques naturels prévisibles [ PPUn</line></par>
</text>
</block>
<block><region><rect/></region>
<text>
<par>
<line>La commune est située dans le périmètre d'un PPR n</line>
<line>Approuvé date 16 novembre 2007</line></par>
</text>
</block>
<block><region><rect/></region>
<text>
<par>
<line>oui X</line></par>
</text>
</block>
<block><region><rect/></region>
<text>
<par>
<line>non</line></par>
</text>
</block>
<block><region><rect/></region>
<text>
<par>
<line>aléa inondations</line></par>
</text>
</block>
<block><region><rect/></region>
<text>
<par>
<line>Approuvé</line></par>
</text>
</block>
<block><region><rect/></region>
<text>
<par>
<line>29 août 2011</line></par>
</text>
</block>
<block><region><rect/></region>
<text>
<par>
<line>Les documents de référence sont :</line></par>
<par>
<line>- Dossier Départemental des Risques Majeurs (DDRM)</line></par>
</text>
</block>
<block><region><rect/></region>
<text>
<par>
<line>Inondations et coulées</line>
<line>de boue</line></par>
<par>
<line>Consultable sur internet X</line></par>
</text>
</block>
<block><region><rect/></region>
<text>
<par>
<line>3. Situation de la commune au regard d’un plan de prévention de risques technologiques | PPR t j</line></par>
<par>
<line>La commune est située dans le périmètre d'un PPR t oui</line></par>
<par>
<line>date effet</line></par>
</text>
</block>
<block><region><rect/></region>
<text>
<par>
<line>non X</line></par>
</text>
</block>
<block><region><rect/></region>
<text>
<par>
<line>Les documents de référence sont :</line></par>
</text>
</block>
<block><region><rect/></region>
<text>
<par>
<line>Consultable sur Internet</line></par>
</text>
</block>
<block><region><rect/></region>
<text>
<par>
<line>4. Situation de la commune au regard du zonage réglementaire pour ia prise en compte de la sismicité</line></par>
<par>
<line>en application des articles R 563-4 et R125-23 du code de l’environnement modifiés par les décrets n°2010-1254 et 2010-1255</line></par>
</text>
</block>
<block><region><rect/></region>
<text>
<par>
<line>La commune est située dans une zone de sismicité</line></par>
</text>
</block>
<block><region><rect/></region>
<text>
<par>
<line>Forte</line>
<line>zone 5</line></par>
</text>
</block>
<block><region><rect/></region>
<text>
<par>
<line>Moyenne</line>
<line>zone 4</line></par>
</text>
</block>
<block><region><rect/></region>
<text>
<par>
<line>Modérée</line>
<line>zone 3</line></par>
</text>
</block>
<block><region><rect/></region>
<text>
<par>
<line>Faibie</line>
<line>zone 2</line></par>
</text>
</block>
<block><region><rect/></region>
<text>
<par>
<line>Très faibie</line>
<line>Zone 1 X</line></par>
</text>
</block>
<block><region><rect/></region>
<text>
<par>
<line>ïicces jointes</line></par>
</text>
</block>
<block><region><rect/></region>
<text>
<par>
<line>5. Cartographie</line></par>
<par>
<line>extraits de documents ou de dossiers permettant la locaSisatlon des immeubles au regard des risques pris en compte</line></par>
<par>
<line>PPR APPROUVES CONSULTABLES EN MAIRIE, EN PREFECTURE, EN SOUS-PREFECTURE, A LA DDT OU SUR</line>
<line>INTERNET - SITE : WWW.AISNE.GOUV.FR - SECURITE CIVILE -  ^ </line></par>
<par>
<line>■ Dossier Départemental des Risques Majeurs (DDRM)</line></par>
<par>
<line>6. Arrêtés portant ou ayant porté reconnaissance de l’état de catastrophe naturelle ou technologique</line></par>
<par>
<line>La liste actualisée des arrêtés est consuitabie sur le site portai! www.Drim.net dans la rubrique « Ma commune face aux risques »</line></par>
</text>
</block>
<block><region><rect/></region>
<text>
<par>
<line>2 0 SEP. 2011</line></par>
</text>
</block>
<block><region><rect/></region>
<text>
<par>
<line>Date</line></par>
</text>
</block>
<block><region><rect/></region>
<text>
<par>
<line>Le préfet de département</line></par>
</text>
</block>






































</page>
<page width="1654" height="2339" resolution="200">
<block><region><rect/></region>
<text>
<par>
<line>Plan de Prévention du</line>
<line>Risque inondation</line></par>
</text>
</block>
<block><region><rect/></region>
<text>
<par>
<line>Département de l’Aisne</line>
<line>Rivière Marne</line></par>
</text>
</block>
<block><region><rect/></region>
<text>
<par/>
</text>
</block>
<block><region><rect/></region>
<text>
<par/>
</text>
</block>
<block><region><rect/></region>
<text>
<par/>
</text>
</block>
<block><region><rect/></region>
<text>
<par>
<line>Confluence Marne-Surmeün, crue de1955 (photo : Service de la Navigation de la Seine)</line></par>
</text>
</block>
<block><region><rect/></region>
<text>
<par>
<line>Règlement</line></par>
</text>
</block>
<block><region><rect/></region>
<text>
<par>
<line>LibrrU ■ El^lUé ■ FrcIrrnM</line></par>
</text>
</block>
<block><region><rect/></region>
<text>
<par>
<line>RÉPüsuauE Française</line></par>
</text>
</block>








</page>
<page width="1719" height="2385" resolution="200">
<block><region><rect/></region>
<text>
<par>
<line>SOMMAIRE</line></par>
</text>
</block>
<block><region><rect/><rect/><rect/></region>
<text>
<par>
<line>ARTICLE 1 - PORTÉE DU RÈGLEMENT ET DISPOSITIONS GÉNÉRALES.2</line></par>
<par>
<line>1.1 - Champ D’APPLICATION.2</line></par>
<par>
<line>1.2 - Objet des mesures de prévention.3</line></par>
<par>
<line>1.3 - Effets du Ppr.</line></par>
<par>
<line>1.4 - RÉVISION du Ppr...</line></par>
<par>
<line>1.5 - Cotes altimétriques de crue.;.</line></par>
<par>
<line>1.6 - Procédures d’alerte.</line></par>
<par>
<line>ARTICLE 2 - DISPOSITIONS APPLICABLES EN ZONE ROUGE.  5</line></par>
<par>
<line>ARTICLE 2.1 - Interdictions.5</line></par>
<par>
<line>ARTICLE 2.2 - Autorisations sous conditions.7</line></par>
<par>
<line>Article 2.3 - Autres dispositions applicables aux biens existants.11</line></par>
<par>
<line>ARTICLE 3 - DISPOSITIONS APPLICABLES EN ZONE BLEUE.  13</line></par>
<par>
<line>Article 3.1 - Interdictions.13</line></par>
<par>
<line>Article 3.2 - Autorisations sous condition.15</line></par>
<par>
<line>Article 3.3 - Autres dispositions applicables aux biens futurs.18</line></par>
<par>
<line>Article 3.4 - Autres dispositions applicables aux biens existants.19</line></par>
<par>
<line>ARTICLE 4 - DISPOSITIONS APPLICABLES EN ZONE BLANCHE.21</line></par>
<par>
<line>ARTICLE 5 - RECOMMANDATIONS.22</line></par>
</text>
</block>
<block><region><rect/></region>
<text>
<par>
<line>PPR inondations de la rivière Marne - règlement</line></par>
<par>
<line>Août 2005</line></par>
</text>
</block>
<block><region><rect/></region>
<text>
<par>
<line>1/22</line></par>
</text>
</block>
<block><region><rect/></region>
<text orientation="RotatedCounterclockwise">
<par>
<line>jx jx oi</line></par>
</text>
</block>
































</page>
<page width="1681" height="2358" resolution="200">
<block><region><rect/></region>
<text>
<par>
<line>Article 1 - Portée du règlement et dispositions générales</line></par>
</text>
</block>
<block><region><rect/></region>
<text>
<par>
<line>1.1 “ Champ d’application</line></par>
</text>
</block>
<block><region><rect/></region>
<text>
<par>
<line>Le présent règlement s'applique aux 27 communes de la vallée de la Marne définies dans l’arrêté</line>
<line>préfectoral du 6 décembre 2004, prescrivant l’établissement d’un plan de prévention des risques (PPR)</line>
<line>d’inondation par débordement de la rivière Marne :</line></par>
</text>
</block>
<block blockType="Table" blockName="" l="247" t="614" r="1245" b="1124"><region><rect/></region>
<row>
<cell leftBorder="White" topBorder="White" rightBorder="White" bottomBorder="White" width="36" height="36">
<text>
<par>
<line>O</line></par>
</text></cell>
<cell leftBorder="White" topBorder="White" rightBorder="White" bottomBorder="White" width="479" height="36">
<text>
<par>
<line>Azy-sur-Marne</line></par>
</text></cell>
<cell leftBorder="White" topBorder="White" rightBorder="White" bottomBorder="White" width="223" height="36">
<text>
<par>
<line>O</line></par>
</text></cell>
<cell leftBorder="White" topBorder="White" rightBorder="White" bottomBorder="White" width="260" height="36">
<text>
<par>
<line>Fossoy</line></par>
</text></cell></row>
<row>
<cell leftBorder="White" topBorder="White" rightBorder="White" bottomBorder="White" width="36" height="35">
<text>
<par>
<line>O</line></par>
</text></cell>
<cell leftBorder="White" topBorder="White" rightBorder="White" bottomBorder="White" width="479" height="35">
<text>
<par>
<line>Barzy-sur-Marne</line></par>
</text></cell>
<cell leftBorder="White" topBorder="White" rightBorder="White" bottomBorder="White" width="223" height="35">
<text>
<par>
<line>O</line></par>
</text></cell>
<cell leftBorder="White" topBorder="White" rightBorder="White" bottomBorder="White" width="260" height="35">
<text>
<par>
<line>Gland</line></par>
</text></cell></row>
<row>
<cell leftBorder="White" topBorder="White" rightBorder="White" bottomBorder="White" width="36" height="39">
<text>
<par>
<line>O</line></par>
</text></cell>
<cell leftBorder="White" topBorder="White" rightBorder="White" bottomBorder="White" width="479" height="39">
<text>
<par>
<line>Blesmes</line></par>
</text></cell>
<cell leftBorder="White" topBorder="White" rightBorder="White" bottomBorder="White" width="223" height="39">
<text>
<par>
<line>0</line></par>
</text></cell>
<cell leftBorder="White" topBorder="White" rightBorder="White" bottomBorder="White" width="260" height="39">
<text>
<par>
<line>Jaulgonne</line></par>
</text></cell></row>
<row>
<cell leftBorder="White" topBorder="White" rightBorder="White" bottomBorder="White" width="36" height="34">
<text>
<par>
<line>O</line></par>
</text></cell>
<cell leftBorder="White" topBorder="White" rightBorder="White" bottomBorder="White" width="479" height="34">
<text>
<par>
<line>Bonneil</line></par>
</text></cell>
<cell leftBorder="White" topBorder="White" rightBorder="White" bottomBorder="White" width="223" height="34">
<text>
<par>
<line>O</line></par>
</text></cell>
<cell leftBorder="White" topBorder="White" rightBorder="White" bottomBorder="White" width="260" height="34">
<text>
<par>
<line>Mézy-MouUns</line></par>
</text></cell></row>
<row>
<cell leftBorder="White" topBorder="White" rightBorder="White" bottomBorder="White" width="36" height="35">
<text>
<par>
<line>O</line></par>
</text></cell>
<cell leftBorder="White" topBorder="White" rightBorder="White" bottomBorder="White" width="479" height="35">
<text>
<par>
<line>Brasles</line></par>
</text></cell>
<cell leftBorder="White" topBorder="White" rightBorder="White" bottomBorder="White" width="223" height="35">
<text>
<par>
<line>O</line></par>
</text></cell>
<cell leftBorder="White" topBorder="White" rightBorder="White" bottomBorder="White" width="260" height="35">
<text>
<par>
<line>Mont-Saint-Père</line></par>
</text></cell></row>
<row>
<cell leftBorder="White" topBorder="White" rightBorder="White" bottomBorder="White" width="36" height="39">
<text>
<par>
<line>O</line></par>
</text></cell>
<cell leftBorder="White" topBorder="White" rightBorder="White" bottomBorder="White" width="479" height="39">
<text>
<par>
<line>Charly-sur-Marne</line></par>
</text></cell>
<cell leftBorder="White" topBorder="White" rightBorder="White" bottomBorder="White" width="223" height="39">
<text>
<par>
<line>O</line></par>
</text></cell>
<cell leftBorder="White" topBorder="White" rightBorder="White" bottomBorder="White" width="260" height="39">
<text>
<par>
<line>Nogentel</line></par>
</text></cell></row>
<row>
<cell leftBorder="White" topBorder="White" rightBorder="White" bottomBorder="White" width="36" height="35">
<text>
<par>
<line>O</line></par>
</text></cell>
<cell leftBorder="White" topBorder="White" rightBorder="White" bottomBorder="White" width="479" height="35">
<text>
<par>
<line>Chartèves</line></par>
</text></cell>
<cell leftBorder="White" topBorder="White" rightBorder="White" bottomBorder="White" width="223" height="35">
<text>
<par>
<line>O</line></par>
</text></cell>
<cell leftBorder="White" topBorder="White" rightBorder="White" bottomBorder="White" width="260" height="35">
<text>
<par>
<line>Nogent-T Artaud</line></par>
</text></cell></row>
<row>
<cell leftBorder="White" topBorder="White" rightBorder="White" bottomBorder="White" width="36" height="36">
<text>
<par>
<line>O</line></par>
</text></cell>
<cell leftBorder="White" topBorder="White" rightBorder="White" bottomBorder="White" width="479" height="36">
<text>
<par>
<line>Château-Thierry</line></par>
</text></cell>
<cell leftBorder="White" topBorder="White" rightBorder="White" bottomBorder="White" width="223" height="36">
<text>
<par>
<line>O</line></par>
</text></cell>
<cell leftBorder="White" topBorder="White" rightBorder="White" bottomBorder="White" width="260" height="36">
<text>
<par>
<line>Passy-sur-Mame</line></par>
</text></cell></row>
<row>
<cell leftBorder="White" topBorder="White" rightBorder="White" bottomBorder="White" width="36" height="35">
<text>
<par>
<line>O</line></par>
</text></cell>
<cell leftBorder="White" topBorder="White" rightBorder="White" bottomBorder="White" width="479" height="35">
<text>
<par>
<line>Chézy-sur-Mame</line></par>
</text></cell>
<cell leftBorder="White" topBorder="White" rightBorder="White" bottomBorder="White" width="223" height="35">
<text>
<par>
<line>O</line></par>
</text></cell>
<cell leftBorder="White" topBorder="White" rightBorder="White" bottomBorder="White" width="260" height="35">
<text>
<par>
<line>Pavant</line></par>
</text></cell></row>
<row>
<cell leftBorder="White" topBorder="White" rightBorder="White" bottomBorder="White" width="36" height="40">
<text>
<par>
<line>O</line></par>
</text></cell>
<cell leftBorder="White" topBorder="White" rightBorder="White" bottomBorder="White" width="479" height="40">
<text>
<par>
<line>Chierry</line></par>
</text></cell>
<cell leftBorder="White" topBorder="White" rightBorder="White" bottomBorder="White" width="223" height="40">
<text>
<par>
<line>O</line></par>
</text></cell>
<cell leftBorder="White" topBorder="White" rightBorder="White" bottomBorder="White" width="260" height="40">
<text>
<par>
<line>Reuilly-Sauvigny</line></par>
</text></cell></row>
<row>
<cell leftBorder="White" topBorder="White" rightBorder="White" bottomBorder="White" width="36" height="33">
<text>
<par>
<line>O</line></par>
</text></cell>
<cell leftBorder="White" topBorder="White" rightBorder="White" bottomBorder="White" width="479" height="33">
<text>
<par>
<line>Courtemont-Varennes</line></par>
</text></cell>
<cell leftBorder="White" topBorder="White" rightBorder="White" bottomBorder="White" width="223" height="33">
<text>
<par>
<line>O</line></par>
</text></cell>
<cell leftBorder="White" topBorder="White" rightBorder="White" bottomBorder="White" width="260" height="33">
<text>
<par>
<line>Romeny-sur-Marne</line></par>
</text></cell></row>
<row>
<cell leftBorder="White" topBorder="White" rightBorder="White" bottomBorder="White" width="36" height="38">
<text>
<par>
<line>0</line></par>
</text></cell>
<cell leftBorder="White" topBorder="White" rightBorder="White" bottomBorder="White" width="479" height="38">
<text>
<par>
<line>Crouttes-sur-Marne</line></par>
</text></cell>
<cell leftBorder="White" topBorder="White" rightBorder="White" bottomBorder="White" width="223" height="38">
<text>
<par>
<line>O</line></par>
</text></cell>
<cell leftBorder="White" topBorder="White" rightBorder="White" bottomBorder="White" width="260" height="38">
<text>
<par>
<line>Saulchery</line></par>
</text></cell></row>
<row>
<cell leftBorder="White" topBorder="White" rightBorder="White" bottomBorder="White" width="36" height="35">
<text>
<par>
<line>O</line></par>
</text></cell>
<cell leftBorder="White" topBorder="White" rightBorder="White" bottomBorder="White" width="479" height="35">
<text>
<par>
<line>Essômes-sur-Mame</line></par>
</text></cell>
<cell leftBorder="White" topBorder="White" rightBorder="White" bottomBorder="White" width="223" height="35">
<text>
<par>
<line>O</line></par>
</text></cell>
<cell leftBorder="White" topBorder="White" rightBorder="White" bottomBorder="White" width="260" height="35">
<text>
<par>
<line>Trélou-sur-Marne</line></par>
</text></cell></row>
<row>
<cell leftBorder="White" topBorder="White" rightBorder="White" bottomBorder="White" width="36" height="40">
<text>
<par>
<line>O</line></par>
</text></cell>
<cell leftBorder="White" topBorder="White" rightBorder="White" bottomBorder="White" width="479" height="40">
<text>
<par>
<line>Etampes-sur-Mame</line></par>
</text></cell>
<cell leftBorder="White" topBorder="White" rightBorder="White" bottomBorder="White" width="223" height="40">
<text>
<par/>
</text></cell>
<cell leftBorder="White" topBorder="White" rightBorder="White" bottomBorder="White" width="260" height="40">
<text>
<par/>
</text></cell></row>
</block>
<block><region><rect/></region>
<text>
<par>
<line>Conformément à l’article L562-1 du code de l’environnement, ce règlement définit les mesures de</line>
<line>prévention, de protection et de sauvegarde qui doivent être prises par les collectivités publiques dans le</line>
<line>cadre de leurs compétences, ainsi que celles qui incombent aux particuliers.</line></par>
<par>
<line>Ces dispositions s’appliquent aux biens et activités existants, ainsi qu’à l’implantation de toutes</line>
<line>constructions ou installations nouvelles, à l’exécution de tous travaux et à l’exercice de toutes activités,</line>
<line>sans préjudice de l’application des autres législations ou réglementetions en vigueur.</line></par>
<par>
<line>Le territoire inclus dans le périmètre du PPR est réglementé selon trois zones :</line></par>
<par>
<line>- Une zone «rouge»</line></par>
<par>
<line>Elle inclut les zones les plus exposées, où les inondations exceptionnelles sont redoutables en raison de</line>
<line>l’intensité de certains paramètres physiques (hauteur d’eau, durée de submersion). Elle inclut également</line>
<line>les zones d’expansion des crues, quelle que soit la hauteur d’eau.</line></par>
<par>
<line>- Une zone «bleue»</line></par>
<par>
<line>Elle inclut les zones urbanisées inondables (sauf degré d’exposition exceptionnel), et joue lors des</line>
<line>inondations un rôle important d’expansion et de stockage des eaux de crue. Elle implique de ce fait la</line>
<line>mise en œuvre de mesures de prévention administratives et techniques adaptées.</line></par>
<par>
<line>Elle est vulnérable au titre des inondations, mais les enjeux d'aménagement urbain sont tels qu’ils</line>
<line>justifient des dispositions particulières.</line></par>
<par>
<line>- Une zone «blanche»</line></par>
<par>
<line>Elle peut être bâtie ou non bâtie, et n’est pas considérée comme exposée aux inondations de la Marne.</line>
<line>Cependant, quelques dispositions doivent y être respectées, notamment au titre de sa proximité avec les</line>
<line>autres zones.</line></par>
<par>
<line>La zone blanche concerne par défaut les terrains n’appartenant pas aux autres zones.</line></par>
</text>
</block>
<block><region><rect/></region>
<text>
<par>
<line>PpR inondations de ia rivière Marne - règlement</line></par>
<par>
<line>Août 2005</line></par>
</text>
</block>
<block><region><rect/></region>
<text>
<par>
<line>2/22</line></par>
</text>
</block>











</page>
<page width="1714" height="2381" resolution="200">
<block><region><rect/></region>
<text>
<par>
<line>Compte tenu du cai'actère essentiellement rural de la plupart des communes du périmètre du PPR, les</line>
<line>zones rouge et bleue définies précédemment sont délimitées sur un document graphique à l'échelle du</line>
<line>1/lOOOOème.</line></par>
<par>
<line>Les dispositions instaurées par le présent règlement s’appuient sur le schéma directeur d’aménagement</line>
<line>et de gestion des eaux (Sdage) du bassin Seine-Normandie, approuvé le 20 septembre 1996, et plus</line>
<line>particulièrement sur les orientations suivantes :</line></par>
<par>
<line>O protéger les personnes et les biens ;</line></par>
<par>
<line>O ne plus implanter dans les zones inondables des activités ou des constructions susceptibles de</line>
<line>subir des dommages graves ;</line></par>
<par>
<line>O assurer une occupation du territoire qui permette la conservation des zones naturelles</line>
<line>d’expansion des crues ;</line></par>
<par>
<line>O assurer la cohérence des actions de prévention et de protection contre les inondations à</line>
<line>l’échelle du bassin versant.</line></par>
<par>
<line>Enfin, les dispositions instaurées par le présent règlement n’empêchent pas l’application de celles de</line>
<line>l’article L2224-10 du code général des collectivités territoriales, de la loi sur l’eau, ou de la loi relative au</line>
<line>développement des territoires ruraux, et plus particulièrement celles concernant :</line></par>
<par>
<line>O la maîtrise de l’imperméabilisation des sols,</line></par>
<par>
<line>O la maîtrise du ruissellement, en milieu urbain comme en milieu agricole,</line></par>
<par>
<line>O le maintien des zones humides.</line></par>
<par>
<line>1.2 “ Objet des mesures de prévention</line></par>
<par>
<line>Selon les textes réglementaires, le PPR a vocation à :</line></par>
<par>
<line>O interdire les implantations humaines dans les zones les plus dangereuses où, quels que soient les</line>
<line>aménagements réalisés, la sécurité des persoimes et des biens ne peut être garantie intégralement, et</line>
<line>les limiter dans les autres zones inondables ;</line></par>
<par>
<line>O préserver les capacités d’écoulement et d'expansion des crues pour ne pas aggraver les risques pour</line>
<line>les zones situées en amont ou en aval, ce qui implique, entre autres, d'éviter tout endiguement ou</line>
<line>remblaiement nouveau qui ne serait pas justifié par la protection de lieux fortement urbanisés.</line></par>
<par>
<line>A ce titre les mesures de prévention définies ci-après, destinées notamment à limiter les dommages sur les</line>
<line>biens et activités existants et à éviter un accroissement des dommages dans le futur, consistent ;■</line></par>
<par>
<line>O soit en des interdictions relatives à l’occupation des sols, afin de ne pas augmenter (ou créer) la</line>
<line>vulnérabilité des biens et personnes, et afin de préserver les champs d'expansion des crues encore</line>
<line>indemnes de toute urbanisation ;</line></par>
<par>
<line>O soit en des mesures destinées à minimiser les dommages.</line></par>
</text>
</block>
<block><region><rect/></region>
<text>
<par>
<line>1.3 - Effets du PPR</line></par>
</text>
</block>
<block><region><rect/></region>
<text>
<par>
<line>Le PPR vaut servitude d’utilité publique. A ce titre, il doit être annexé par arrêté municipal aux pians</line>
<line>locaux d’urbanisme (PLU) dans un délai de trois mois à compter de la date d’effet du Ppr (soit à l’issue de</line>
<line>la dernière des mesures de publicité de son approbation) conformément aux articles L126-1 et R126-1 du</line>
<line>code de l’urbanisme. A défaut le préfet se substitue au maire et dispose alors d’un délai d’un an.</line></par>
<par>
<line>Dans tous les cas, les documents d’urbanisme devront être rendus cohérents avec les dispositions du PPR</line>
<line>lors de la première révision suivant l’annexion.</line></par>
<par>
<line>La nature et les conditions d’exécution des mesures de prévention précisées pour l’application du présent</line>
<line>règlement sont définies et mises en ceuvre sous la responsabilité du maître d’ouvrage et du maître d’œuvre</line>
<line>concernés par les constructions, travaux et installations visés. Ceux-ci sont également tenus d’assurer les</line>
<line>opérations de gestion et d’entretien nécessaires pour maintenir la pleine efficacité de ces mesures.</line></par>
</text>
</block>
<block><region><rect/></region>
<text>
<par>
<line>PPR inondations de la rivière Marne - règlement</line></par>
<par>
<line>Août 2005</line></par>
</text>
</block>
<block><region><rect/></region>
<text>
<par>
<line>3/22</line></par>
</text>
</block>


</page>
<page width="1698" height="2370" resolution="200">
<block><region><rect/></region>
<text>
<par>
<line>Conformément à l’article 5 du décret n°95-1089 du 5 octobre 1995, le PPR n’interdit pas les travaux</line>
<line>d’entretien et de gestion courants des bâtiments implantés antérieurement à son approbation, sauf s’ils</line>
<line>augmentent les risques, en créent de nouveaux ou conduisent à une augmentation notable de la population</line>
<line>exposée.</line></par>
<par>
<line>Les prescriptions du PPR concernant les biens existant antérieurement à la publication de l’acte</line>
<line>l’approuvant ne portent que sur des aménagements limités, liés avant tout à la sécurité publique. Le coût</line>
<line>de ces prescriptions reste inférieur au seuil fixé par l’article 5 du décret n°95-1089 du 5 octobre 1995</line>
<line>(seuil de 10% de la valeur vénale ou estimée des biens concernés à la date d’approbation du plan).</line></par>
<par>
<line>Conformément à l’article 5 du décret n°95-1089 du 5 octobre 1995, les prescriptions sur les biens</line>
<line>existants devront être exécutées dans un délai de 5 ans après approbation du plan.</line></par>
<par>
<line>L’article L562-5 du code de l’environnement précise que le fait de construire ou d’aménager un terrain</line>
<line>dans une zone interdite par un PPR approuvé ou de ne pas respecter les conditions de réalisation,</line>
<line>d’utilisation ou d’exploitation prescrites par ce plan est puni par des peines prévues à l’article L480-4 du</line>
<line>code de l’urbanisme.</line></par>
<par>
<line>Enfin, en cas de non-respect du PPR, les modalités de couverture par les assurances des sinistres liés aux</line>
<line>catastrophes naturelles peuvent être modifiées.</line></par>
<par>
<line>1.4 - Révision du PPR</line></par>
<par>
<line>Le PPR pourra être révisé selon la même procédure que son élaboration initiale, conformément aux</line>
<line>dispositions de l’article 8 du décret n°95-1089 du 5 octobre 1995. Lorsque la révision n’est que partielle,</line>
<line>les consultations et l’enquête publique ne sont effectuées que dans les communes concernées par les</line>
<line>modifications.</line></par>
<par>
<line>1.5 - Cotes altimétriques de crue</line></par>
<par>
<line>L’élaboration du PPR exige la prise en compte d’une crue de niveau au moins centennal, conformément</line>
<line>aux dispositions de la circulaire interministérielle (Environnement et Equipement) du 24 janvier 1994</line>
<line>relative à la prévention des inondations et à la gestion des zones inondables. Celle-ci n’ayant jamais été</line>
<line>observée sur la Marne, elle a été estimée par étude statistique des niveaux de crue sur environ un siècle, et</line>
<line>correspond aux cotes observées en janvier 1955 augmentées de 52 cm (et arrondies aux 0 ou 5 cm</line>
<line>supérieurs).</line></par>
<par>
<line>Les cotes altimétriques de crue figurant sur les cartes de zonage du PPR sont donc celles d’une crue</line>
<line>centennale.</line></par>
<par>
<line>H convient de rappeler que ces cotes ne constituent pas le niveau maximum que peut atteindre la</line>
<line>Marne en état de crue. Une crue supérieure à la crue centennale demeure tout à fait possible, et ce</line>
<line>malgré l’effet régulateur du barrage-réservoir du Der.</line></par>
<par>
<line>1.6 - Procédures d’alerte</line></par>
<par>
<line>En cas de crue, il existe des procédures d’alerte légales, ainsi que des procédures de gestion de crise,</line>
<line>toutes centralisées par la Préfecture (SlACEDPC).</line></par>
</text>
</block>
<block><region><rect/></region>
<text>
<par>
<line>Ppr inondations de ia rivière Marne - règlement</line></par>
<par>
<line>Août 2005</line></par>
</text>
</block>
<block><region><rect/></region>
<text>
<par>
<line>4/22</line></par>
</text>
</block>









</page>
<page width="1715" height="2382" resolution="200">
<block><region><rect/></region>
<text>
<par>
<line>Article 2 - Dispositions applicables en zone rouge</line></par>
</text>
</block>
<block><region><rect/></region>
<text>
<par>
<line>La zone rouge est :</line></par>
<par>
<line>O soit ruie zone particulièrement exposée où les inondations exceptionnelles sont redoutables en</line>
<line>raison de l’intensité des paramètres physiques (hauteur d'eau, durée de submersion) et où il serait</line>
<line>dangereux de permettre l’implantation de nouveaux biens ou de nouvelles activités.</line></par>
<par>
<line>O soit une zone qui nécessite d'être préservée de toute urbanisation pour conserver les champs</line>
<line>d'expansion naturelle des crues.</line></par>
</text>
</block>
<block><region><rect/></region>
<text>
<par>
<line>Article 2.1 - Interdictions</line></par>
<par>
<line>A rexception des travaux ou occupations du sol visés à l'article 2.2, sont interdits :</line></par>
<par>
<line>1- Toutes nouvelles occupations ou utilisations des sols soumises à permis de construire ou à</line>
<line>déclaration préalable au titre des articles L421-1, L422-2, R42i~l, R422-2 et R422-3 du code de</line>
<line>l'urbanisme, à l’exception de celles faisant l’objet d’autorisations sous conditions (article 2.2) ;</line></par>
<par>
<line>2- Tout nouveau sous-sol et toute nouvelle ouverture située sous le niveau de crue centennale pour les</line>
<line>constructions existantes ou déjà autorisées avant approbation du PPR ;</line></par>
<par>
<line>3- Tout nouveau parc résidentiel de loisirs, tout nouveau terrain de camping, et tout nouvel</line>
<line>emplacement « loisirs » dans les parcs résidentiels de loisirs et terrains de camping déjà existants ; en c£^</line>
<line>de sinistre (quel qu’il soit), la reconstruction des habitations légères de loisirs et le remplacement des</line>
<line>raobil-homes sont interdits ;</line></par>
<par>
<line>4- Les aires d’accueil des gens du voyage ;</line></par>
<par>
<line>5- Le stationnement de caravanes, sauf sur terrain de camping autorisé avant la date d’approbation du</line>
<line>PPR ;</line></par>
<par>
<line>6- Les remblais, exhaussements du sol, et digues, quel qu’en soit le volume, à l'exception des travaux</line></par>
<par>
<line>visés aux articles 2.2-8, 2.2-10, 2.2-11, 2.2-12 et 2.2-14 ;</line></par>
<par>
<line>7- L’implantation de nouvelles installations classées pour l’environnement sur un site nouveau et</line>
<line>l'extension des sites existants, à l’exception des aménagements concernant la mise aux nonnes des</line>
<line>installations ou des travaux rendus obligatoires par d’autres législations, et à l’exception des installations</line>
<line>visées aux articles 2.2-8 et 2.2-15 ;</line></par>
<par>
<line>8- Le stockage de produits polluants ou dangereux, quel qu’en soit le volume, sauf le stockage</line>
<line>préexistant à condition de le rendre non vulnérable (voir conditions visées au 2.2-14) ;</line></par>
<par>
<line>9- Entre le octobre et le 31 mai, période de risque plus important de crue, tout stockage de produits et</line>
<line>de matériaux susceptibles d’être entraînés par les eaux, à l’exception des produits de l’exploitation</line>
<line>forestière et des produits directement liés aux installations d’élevage préexistantes (fumier, ... ) ;</line></par>
<par>
<line>En cas d’annonce de crue au-delà de la cote d’alerte et quelle que soit la date de survenance, les produits</line>
<line>et matériaux susceptibles d’être entraînés par les eaux, y compris les produits de l’exploitation forestière</line>
<line>ou liés aux installations d’élevage existantes, seront évacués ;</line></par>
</text>
</block>
<block><region><rect/></region>
<text>
<par>
<line>PPR inondations de la rivière Marne - règlement</line></par>
<par>
<line>Août 2005</line></par>
</text>
</block>
<block><region><rect/></region>
<text>
<par>
<line>5/22</line></par>
</text>
</block>





</page>
<page width="1730" height="2392" resolution="200">
<block><region><rect/></region>
<text>
<par>
<line>10- Les dépôts de toute nature, sauf ceux üés à l’activité de la voie d’eau et aux activités autorisées par</line>
<line>le présent règlement et dans les conditions qu’il définit ;</line></par>
<par>
<line>11- Toute reconstruction après sinistre (quel qu’il soit), à l’exception des constructions ou des</line>
<line>installations liées à la voie d’eau (activités portuaires, stations de pompage, maisons éclusières, écluses,</line>
<line>barrages, ...)^ à. l’exception des édifices présentant un caractère patrimonial ou architectural certain</line>
<line>(classement ou inscription à l’inventaire des monuments historiques, ... ) ;</line></par>
<par>
<line>12- Toute excavation, quel qu’en soit le volume, à l’exception des carrières (dans les conditions visées</line>
<line>par l’article 2.2-15), et de celles entrant dans le cadre de mesures compensatoires permises par les articles</line>
<line>2.2-8, 2.2-10,2.2-11, 2.2-12,2.2-14 ;</line></par>
</text>
</block>
<block><region><rect/></region>
<text>
<par>
<line>13- Toute clôture, à l’exception des clôtures de type 5 fils (maximum) sans grillage, avec piquets espacés</line>
<line>de plus de trois mètres et sans saillie de fondation, et à l’exception des clôtures mobiles si elles sont</line>
<line>retirées en cas de crue ;</line></par>
<par>
<line>14- Toute technique d’assainissement autonome, sauf pour le bâti préexistant n’ayant aucune</line>
<line>possibilité de raccordement à un réseau collectif.</line></par>
</text>
</block>
<block><region><rect/></region>
<text>
<par>
<line>PPR inondations de la rivière Marne - règlement</line></par>
<par>
<line>Août 2005</line></par>
</text>
</block>
<block><region><rect/></region>
<text>
<par>
<line>6/22</line></par>
</text>
</block>











</page>
<page width="1718" height="2384" resolution="200">
<block><region><rect/></region>
<text>
<par>
<line>Article 2.2 - Autorisations sous conditions</line></par>
</text>
</block>
<block><region><rect/></region>
<text>
<par>
<line>Peuvent être autorisés, sous réserve de conditions particulières et des dispositions applicables aux</line></par>
<par>
<line>biens existants développées à Particle 2.3 :</line></par>
<par>
<line>1- Les travaux d’entretien et de gestion courants des biens et activités existants, notamment les</line>
<line>aménagements internes, les traitements de façade et la réfection des toitures, à condition de ne pas</line>
<line>augmenter les risques ou d'en créer de nouveaux, et sous réserve de :</line></par>
<par>
<line>O ne pas augmenter notablement la population exposée,</line></par>
<par>
<line>O utiliser des matériaux insensibles à l’humidité, et conçus pour résister à une immersion</line>
<line>prolongée (traitement anti-corrosion des parties métalliques, pas de liants à base de plâtre, pas</line>
<line>de revêtement de sols ou de murs sensibles à l’humidité, matériaux hydrofuges pour</line>
<line>l’isolation,...),</line></par>
<par>
<line>O mettre hors d’eau les réseaux électriques et téléphoniques, munir les réseaux d’eaux usées</line>
<line>d’un clapet anti-retour ;</line></par>
<par>
<line>2- L’aménagement et les changements d'affectation des biens et constructions existants sous les</line>
<line>conditions suivantes :</line></par>
<par>
<line>O ne pas aggraver le risque d'inondation,</line></par>
<par>
<line>O ne pas augmenter l'emprise au sol bâtie,</line></par>
<par>
<line>O ne pas créer de nouvelles surfaces habitables,</line></par>
<par>
<line>O ne pas augmenter notablement la population exposée,</line></par>
<par>
<line>O ne pas augmenter les risques de nuisances ou de pollution,</line></par>
<par>
<line>O ne pas créer de nouvelle installation sanitaire (évier, lavabo, toilettes, douches, ...) sous le</line>
<line>niveau de la crue centennale (risque de refoulement),</line></par>
<par>
<line>O utiliser des matériaux insensibles à l’humidité, et conçus pour résister à une immersion</line>
<line>prolongée (traitement anti-corrosion des parties métalliques, pas de liants à base de plâtre, pas</line>
<line>de revêtement de sols ou de murs sensibles à l’humidité, matériaux hydrofuges pour</line>
<line>l’isolation, ...X</line></par>
<par>
<line>O mettre hors d’eau les réseaux électriques et téléphoniques, mmiir les réseaux d’eaux usées</line>
<line>d’un clapet anti-retour ;</line></par>
<par>
<line>3- Les travaux d’entretien et de gestion courants et le réaménagement des terrains de camping et des</line>
<line>parcs résidentiels de loisirs, le remplacement et l’amélioration des locaux en dur, les nouveaux locaux en</line>
<line>dur, à condition ;</line></par>
<par>
<line>O de ne pas augmenter la vulnérabilité aux phénomènes naturels,</line></par>
<par>
<line>O de ne pas augmenter le nombre d’emplacements,</line></par>
<par>
<line>O de ne transformer aucun emplacement tourisme en emplacement loisirs,</line></par>
<par>
<line>O d’utiliser des matériaux non sensibles à l'humidité et conçus pour résister à une immersion</line>
<line>prolongée ;</line></par>
<par>
<line>O de mettre hors d’eau le plancher par construction sur merlon, vide sanitaire inondable, ou</line>
<line>pilotis, de manière à ce que le niveau de la base de la dalle de plancher soit supérieur au</line>
<line>niveau de crue centennale,</line></par>
<par>
<line>O qu’il n’y ait pas de sous-sol,</line></par>
<par>
<line>O que l’emprise au sol de l’ensemble des installations en dur n’excède pas 10% de la superficie</line>
<line>du terrain ;</line></par>
<par>
<line>4- L’extension des terrains de camping existants dans la limite de 20% de leur superficie à la date</line>
<line>d’approbation du PPR, non renouvelable, et limitée à des emplacements « tourisme » ;</line></par>
<par>
<line>5- Les aires naturelles du mai au 31 octobre ;</line></par>
</text>
</block>
<block><region><rect/></region>
<text>
<par>
<line>PPR inondations de ia rivière Marne - règlement</line></par>
<par>
<line>Août 2005</line></par>
</text>
</block>
<block><region><rect/></region>
<text>
<par>
<line>7/22</line></par>
</text>
</block>













</page>
<page width="1654" height="2339" resolution="200">
<block><region><rect/></region>
<text>
<par>
<line>6- Les aires de grand passage des gens du voyage, à condition de prévoir des mesures d'évacuation</line>
<line>adaptées en cas d'alerte de crue ;</line></par>
<par>
<line>7- Les opérations d’aménagement et les constructions publiques d’intérêt général permettant de</line>
<line>valoriser de manière cohérente une enclave en zone urbaine, et sous les conditions suivantes :</line></par>
<par>
<line>O le projet devra être porté par une collectivité territoriale compétente, qui en assurera la mise</line>
<line>en place et la gestion ;</line></par>
<par>
<line>O le projet ne devra pas aggraver les inondations en amont et en aval ;</line></par>
<par>
<line>O la distance minimale d’implantation sera définie en fonction des contraintes du site, mais ne</line>
<line>pourra pas être inférieure à 10 mètres des rives de la Marne ;</line></par>
<par>
<line>O pas d’hébergement permanent ou temporaire ni de logement (sauf si nécessaire pour le</line>
<line>gardiemiage et le fonctionnement) ;</line></par>
<par>
<line>O pas d’établissement recevant du public sensible, et notamment les établissements de types R</line>
<line>(établissements d’enseignement et colonies de vacances) et U (établissements sanitaires) tels</line>
<line>que définis par l’arrêté du 25 juin 1980 modifié du ministère de l’intérieur) ;</line></par>
<par>
<line>O les constructions devront être réalisées sur pilotis, ou utiliser toute autre technique ne</line>
<line>perturbant pas le bon écoulement des eaux et permettant de maintenir le rôle d’expansion des</line>
<line>crues du site ; des mesures compensatoires devront permettre d’annuler ou de tendre à aimuler</line>
<line>les conséquences hydrauliques de l’aménagement projeté (au minimum, le volume des champs</line>
<line>d’expansion des crues amputé par les travaux devra être rétabli) ;</line></par>
<par>
<line>O édifier le premier niveau utile au-dessus de la cote de crue centennale et installer les</line>
<line>équipements sensibles au-dessus de la cote de crue centennale ;</line></par>
<par>
<line>O les matériaux utilisés en dessous de la cote de crue centennale (augmentée de 30 centimètres</line>
<line>pour les matériaux de revêtement et d’isolation, du fait de la possibilité de détérioration par</line>
<line>capillarité) seront choisis pour résister à une immersion prolongée ; ils devront également</line>
<line>résister à des affouillements, tassements, ou érosions localisées ;</line></par>
<par>
<line>O prévoir les mesures d'évacuation adaptées pour l'ensemble des parties accessibles au public en</line>
<line>cas d'alerte de crue ; il devra y avoir au moins un accès non inondable aux bâtiments ;</line></par>
</text>
</block>
<block><region><rect/></region>
<text>
<par>
<line>8-Les installations de production d’énergie renouvelable d’intérêt général, à condition qu’il n’y ait</line>
<line>pas d’alternative technique et/ou financière satisfaisante, et sous réserve :</line></par>
<par>
<line>O de les rendre non vulnérables aux crues tout en limitant le plus possible les remblais (qui</line>
<line>devront être compensés en volume), et en utilisant au maximum des techniques alternatives</line>
<line>(pilotis, vide sanitaire inondable,... ) lorsque c’est techniquement possible,</line></par>
<par>
<line>O de rendre non accessibles aux crues d’éventuels matériaux stockés sur place et susceptibles</line>
<line>d’être entraînés par les eaux.</line></par>
</text>
</block>
<block><region><rect/></region>
<text>
<par>
<line>Ppr inondations de la rivière Marne - règlement</line></par>
<par>
<line>Août 2005</line></par>
</text>
</block>
<block><region><rect/></region>
<text>
<par>
<line>8/22</line></par>
</text>
</block>


















</page>
<page width="1654" height="2339" resolution="200">
<block><region><rect/></region>
<text>
<par>
<line>9- Les équipements d'intérêt général de sports de plein air, les installations ludiques liées à la</line>
<line>présence de l'eau (sports nautiques, pêche, chasse,...), et leurs constructions d'accompagnement, à</line>
<line>l'exclusion de tout logement (sauf gardiennage), sous réserve d’obtenir les autorisations nécessaires et</line>
<line>sous les conditions suivantes :</line></par>
<par>
<line>O justification de la non-aggravation du risque d’inondation,</line></par>
<par>
<line>O implantation sous réserve de la prise en compte des impératifs de l’écoulement des crues,</line></par>
<par>
<line>O emprise au sol maximale de la surface bâtie: 10%,</line></par>
<par>
<line>O mise hors d'eau du plancher par construction sur merlon, vide sanitaire inondable, ou pilotis,</line>
<line>de manière à ce que le niveau de la base de la dalle de plancher soit supérieur au niveau de</line>
<line>crue centennale,</line></par>
<par>
<line>O pas de sous-sol,</line></par>
<par>
<line>O utilisation de matériaux non sensibles à l’humidité et conçus pour résister à une immersion</line>
<line>prolongée (comme précisé au 2.2-7) ;</line></par>
<par>
<line>10- Les travaux et installations destinés à réduire les conséquences du risque d'inondation pour les</line>
<line>bâtiments existants, ou destinés à réduire les conséquences du risque d’inondation à l’échelle du bief ou</line>
<line>de la vallée (par exemple digues, bassins de rétention,...), sous réserve :</line></par>
<par>
<line>O d’une justification technique (notamment mesure de l’impact hydraulique) et économique du</line>
<line>projet,</line></par>
<par>
<line>O de la mise en oeuvre de mesures compensatoires si nécessaire,</line></par>
<par>
<line>O que le projet soit porté par une collectivité compétente, qui en assurera la mise en place et la</line>
<line>gestion,</line></par>
<par>
<line>O que le projet fasse l’objet d’une validation par les services de l’Etat compétents, et que</line>
<line>l’entente interdépartementale pour l’aménagement de la rivière Marne soit consultée pour</line>
<line>avis ;</line></par>
<par>
<line>11- Les travaux de construction ou d'aménagement d'infrastructures de transport (routières,</line>
<line>ferroviaires, fluviales), et les installations nécessaires à leur fonctionnement, sous réserve que ces travaux</line>
<line>ne conduisent pas à une augmentation du risque d'inondation en amont ou en aval (hausse de la ligne</line>
<line>d'eau, perte de capacité de stockage), prennent en compte les impératifs de l’écoulement des crues, et</line>
<line>fassent l'objet de mesures compensatoires le cas échéant ; les ouvrages de décharge devront prendre en</line>
<line>compte la crue centennale ;</line></par>
<par>
<line>12- Les nouvelles constructions et infrastructures d'intérêt général, liées à l’acheminement et au</line>
<line>traitement des eaux usées, ainsi qu’au captage et à la distribution de l’eau potable, à condition qu’il n’y</line>
<line>ait pas d’alternative teclmique et/ou financière satisfaisante, et sous réserve de :</line></par>
<par>
<line>O prendre toutes dispositions pour supprimer tout risque de pollution en période de crue,</line></par>
<par>
<line>O minimiser l'impact sur l'écoulement en période de crues,</line></par>
<par>
<line>O rétablir le volume des champs d'expansion des crues, amputé par les travaux,</line></par>
<par>
<line>O mettre hors d’eau les équipements sensibles,</line></par>
<par>
<line>O utiliser des matériaux non sensibles à l’humidité et conçus pour résister à une immersion</line>
<line>prolongée (comme précisé au 2.2-7) ;</line></par>
<par>
<line>13- Les réseaux techniques d’intérêt général de transport de l’énergie (électricité, gaz) et</line>
<line>téléphoniques, à condition de les rendre non vulnérables aux inondations (isoler les réseaux pouvant être</line>
<line>immergés, installer hors d’eau les chambres de téléphone, les transformateurs électriques, ou tout matériel</line>
<line>sensible, les équiper d’une mise hors service automatique, réaliser la distribution des réseaux « courants</line>
<line>forts - courants faibles » au-dessus du niveau de la crue centennale) et de minimiser leur impact sur</line>
<line>l’écoulement des eaux ;</line></par>
</text>
</block>
<block><region><rect/></region>
<text>
<par>
<line>Ppr inondations de la rivière Marne - règlement</line></par>
<par>
<line>Août 2005</line></par>
</text>
</block>
<block><region><rect/></region>
<text>
<par>
<line>9/22</line></par>
</text>
</block>












</page>
<page width="1654" height="2339" resolution="200">
<block><region><rect/></region>
<text>
<par>
<line>14- Les constructions ou installations liées à la voie d’eau (activités portuaires, stations de pompage,</line>
<line>maisons éclusières, écluses, barrages, ...) sous réserve de :</line></par>
<par>
<line>O justifier de l’opportunité technique ou économique du projet,</line></par>
<par>
<line>O prendre toutes dispositions pour supprimer tout risque de pollution en période de crue,</line></par>
<par>
<line>O montrer l’impact (ou l’absence d’impact) sur l’écoulement de l’eau en période de crue et si</line>
<line>nécessaire définir des mesures compensatoires adaptées,</line></par>
<par>
<line>O rétablir en totalité ou en majeure partie le volume des champs d’expansion des crues amputés</line>
<line>par les travaux,</line></par>
<par>
<line>O mettre hors d’eau les équipements sensibles,</line></par>
<par>
<line>O utiliser des matériaux non sensibles à l’humidité et conçus pour résister à une immersion</line>
<line>prolongée.</line></par>
<par>
<line>Pour ces constructions ou installations, le stockage de produits polluants ou dangereux (hydrocarbures,</line>
<line>...) en quantités ou concentrations inférieures aux normes fixées pour leur autorisation devra être réalisé :</line></par>
<par>
<line>O soit au-dessus de la cote de crue centennale, dans un récipient étanche et fermé,</line></par>
<par>
<line>O soit s'il est situé au-dessous, dans un récipient étanche et fenné, lesté et arrimé afin qu'il ne</line>
<line>soit pas emporté par la crue, et à condition que les orifices de remplissage et les évents soient</line>
<line>placés au-dessus du niveau de la cote de crue centennale.</line></par>
<par>
<line>15- L’ouverture de nouvelles carrières, à condition :</line></par>
<par>
<line>O de démontrer la non-aggravation du risque inondation en amont et en aval,</line></par>
<par>
<line>O de ne réaliser aucun endiguement,</line></par>
<par>
<line>O de démontrer qu’il n’y a aucun risque de capture du cours d’eau,</line></par>
<par>
<line>O que les matériaux de découverte soient au minimum disposés en merlons pai'allèles au sens</line>
<line>d’écoulement des eaux, voire évacués,</line></par>
<par>
<line>O que les matériaux exploités soient évacués au fiir et à mesure de leur extraction, ou du moins</line>
<line>ne contreviennent pas à l’article 2.1-9 (pas de stockage sur place entre le octobre et le 31</line>
<line>mai, évacuation en cas d’alerte de crue en dehors de cette période),</line></par>
<par>
<line>O que l’aménagement final minimise l’impact sur l’écoulement des eaux, notamment en limitant</line>
<line>le plus possible le nombre et la superficie des éventuels plans d’eau résiduels et en orientant</line>
<line>ceux-ci de manière à ce que leur plus grand axe soit perpendiculaire à l’écoulement des eaux ;</line>
<line>le cas échéant, l’aménagement final pourra contribuer à la lutte contre les inondations (bassins</line>
<line>de surstockage, ...), mais il devra alors être validé par les services de l’Etat compétents et être</line>
<line>soumis à l’avis de l’entente interdépartementale pour l’aménagement de la rivière Marne ;</line></par>
<par>
<line>16- Les fouilles à titre archéologique dans la mesure où elles sont réalisées de manière à minimiser</line>
<line>d’éventuelles perturbations de l’écoulement des eaux ;</line></par>
<par>
<line>17- La plantation et l’exploitation de bois, forêts, ou haies, à condition de ne pas créer d’obstacle au</line>
<line>libre écoulement de l’eau lors des inondations et d’éliminer tout élément susceptible de provoquer des</line>
<line>embâcles (branches et fûts tombés, arbres instables,... ) ;</line></par>
<par>
<line>18- Les parkings et gares routières à condition qu’ils restent au niveau du terrain naturel, que le</line>
<line>revêtement soit perméable à l’eau et adapté à une submersion temporaire, et que des mesures d’évacuation</line>
<line>en cas d’alerte de crue soient prévues ; les infrastructures associées (sauf bâti soumis à permis de</line>
<line>construire) sont également autorisées ;</line></par>
<par>
<line>19- Les installations de radiotéléphonie, à condition qu’elles soient hors d’eau, et d’utiliser à cet effet</line>
<line>des supports préexistants.</line></par>
<par>
<line>20- Les travaux et aménagements liés à la mise aux normes des installations classées pour</line>
<line>l’environnement.</line></par>
</text>
</block>
<block><region><rect/></region>
<text>
<par>
<line>PpR inondations de la rivière Marne - règlement</line></par>
<par>
<line>Août 2005</line></par>
</text>
</block>
<block><region><rect/></region>
<text>
<par>
<line>10/22</line></par>
</text>
</block>














</page>
<page width="1664" height="2346" resolution="200">
<block><region><rect/></region>
<text>
<par>
<line>Article 2.3 - Autres dispositions applicables aux biens existants</line></par>
</text>
</block>
<block><region><rect/></region>
<text>
<par>
<line>Sous réserve des dispositions de l’article 2.2. les dispositions suivantes s’appliquent aux biens</line></par>
<par>
<line>existants fdans un délai de 5 ans pour les dispositions 7 à 11) ;</line></par>
<par>
<line>1- Le réaménagement de constructions existantes sera conçu de manière à garantir la sécurité des</line>
<line>personnes et à limiter la vulnérabilité des biens au risque d’inondation.</line></par>
<par>
<line>2- A l’occasion de l’entretien, d’une réfection ou d’un réaménagement d’un bâtiment ou d’une</line>
<line>installation, les matériaux utilisés en dessous de la cote de crue centennale (augmentée de 30</line>
<line>centimètres pour les matériaux de revêtement et d’isolation, du fait de la possibilité de détérioration par</line>
<line>capillarité) seront choisis pour résister à une immersion prolongée, notamment :</line></par>
<par>
<line>O traitement anti-corrosion des parties métalliques des ossatures de constructions ;</line></par>
<par>
<line>O pas de liants à base de plâtre ;</line></par>
<par>
<line>O pas de revêtements de sols ou de murs sensibles à l'humidité ;</line></par>
<par>
<line>O utiliser des matériaux hydrofuges pour l'isolation.</line></par>
<par>
<line>3- Installer dans la mesure du possible au-dessus de la cote de crue centennale les équipements</line>
<line>sensibles (s’ils sont facilement déplaçables, ou à l’occasion de leur renouvellement ou de travaux), et</line>
<line>notamment :</line></par>
<par>
<line>O les appareils électro-ménagers ;</line></par>
<par>
<line>O les équipements électriques, électroniques, et micro-mécaniques;</line></par>
<par>
<line>O les installations de chauffage (chaudière, cuve de combustible).</line></par>
<par>
<line>4- Toute nouvelle installation sanitaire est interdite au-dessous du niveau de la crue centennale (risque</line>
<line>de refoulement en cas de crue).</line></par>
<par>
<line>5- Les mobil-homes installés dans les parcs résidentiels de loisirs ou sur les emplacements « loisirs » des</line>
<line>terrains de camping doivent, par définition, rester mobiles. En cas de crue, leur évacuation doit être</line>
<line>prévue par une procédure appropriée.</line></par>
<par>
<line>6- l’extension et les aménagements de stations dépuration existantes sont autorisés, dans les mêmes</line>
<line>conditions qu’à l’article 2.2-11.</line></par>
<par>
<line>7- Les ouvertures de bâtiments (telles que portes, baies, soupiraux, orifices, conduits, ...) situées sous la</line>
<line>cote de crue centennale, doivent être mises à ïabri d'une entrée des eaux par déplacement du niveau de</line>
<line>l'ouverture, par des dispositifs d'étanchéification efficaces, ou par obturation. Ces dispositifs</line>
<line>d'étanchéification ou d'obturation devront résister à la pression de l'eau.</line></par>
<par>
<line>En complément et chaque fois que cela s'avère nécessaire, des pompes d'épuisement de caractéristiques et</line>
<line>de débit suffisants doivent être mises en place, afin de permettre l'évacuation des eaux d'infiltration et</line>
<line>retarder la montée à l’intérieur des bâtiments {Attention : dans certains cas, le pompage à outrance peut</line>
<line>provoquer l'entraînement des particules fines du sol et déstabiliser les structures bâties).</line></par>
<par>
<line>Ces mesures seront parmi les plus efficaces tant que la hauteur d'eau n'atteint pas de valeurs importantes</line>
<line>au-delà desquelles il devient difficile de résister à la pression et aux entrées généralisées par infiltrations</line>
<line>(environ un mètre). La continuité de l'alimentation électrique facilite les actions de pompage.</line></par>
<par>
<line>8- Isoler le réseau électrique alimentant le niveau inondable du reste du réseau, voire le supprimer</line>
<line>quand c’est possible.</line></par>
<par>
<line>9- Munir les réseaux eaux usées et/ou pluviaux d’un dispositif anti-retour, ou d’une vamie permettant</line>
<line>d’isoler de l’extérieur.</line></par>
</text>
</block>
<block><region><rect/></region>
<text>
<par>
<line>PPR inondations de la rivière Marne - règlement</line></par>
<par>
<line>Août 2005</line></par>
</text>
</block>
<block><region><rect/></region>
<text>
<par>
<line>11/22</line></par>
</text>
</block>




</page>
<page width="1662" height="2344" resolution="200">
<block><region><rect/></region>
<text>
<par>
<line>10- Pour ies organismes gestionnaires des réseaux (électricité, téléphone, gaz), obligation de se mettre</line>
<line>en conformité avec les dispositions suivantes :</line></par>
<par>
<line>O isoler et protéger les réseaux des effets de l'immersion,</line></par>
<par>
<line>O installer hors d'eau les chambres de téléphone, les transformateurs électriques ou tout matériel</line>
<line>sensible,</line></par>
<par>
<line>O équiper d'une mise hors service automatique les réseaux de gaz, d'électricité et de téléphone ;</line></par>
<par>
<line>11- Les terrains de camping et parcs résidentiels de loisirs existants doivent se conformer aux</line>
<line>prescriptions relatives à la sécurité (notamment vis à vis des inondations) établies par le décret n°94-614</line>
<line>du 13 juillet 1994.</line></par>
</text>
</block>
<block><region><rect/></region>
<text>
<par>
<line>ppR inondations de la rivière Marne - règlement</line></par>
<par>
<line>Août 2005</line></par>
</text>
</block>
<block><region><rect/></region>
<text>
<par>
<line>12/22</line></par>
</text>
</block>







</page>
<page width="1723" height="2387" resolution="200">
<block><region><rect/></region>
<text>
<par>
<line>Article 3 - Dispositions applicables en zone bleue</line></par>
</text>
<text>
<par>
<line>La zone bleue inclut les zones urbanisées inondables (sauf degré d’exposition exceptionnel), et joue lors</line>
<line>des inondations un rôle important d’expansion et de stockage des eaux de crue. Elle implique de ce fait la</line>
<line>mise en œuvre de mesures de prévention administratives et techniques.</line></par>
<par>
<line>Elle est vulnérable au titre des inondations, mais les enjeux d'aménagement urbain sont tels qu'ils</line>
<line>justifient des dispositions particulières.</line></par>
</text>
</block>
<block><region><rect/></region>
<text>
<par>
<line>Article 3.1 - Interdictions</line></par>
<par>
<line>A Texception des travaux ou occupations du sol visés à l'article 3.2. sont interdits :</line></par>
</text>
</block>
<block><region><rect/></region>
<text>
<par>
<line>1- Tout nouveau sous-sol et toute nouvelle ouverture située sous le niveau de crue centennale ;</line></par>
<par>
<line>2- Tout nouveau parc résidentiel de loisirs, tout nouveau terrain de camping, et tout nouvel</line>
<line>emplacement « loisirs » dans les parcs résidentiels de loisirs et terrains de camping déjà existants ;</line></par>
<par>
<line>3- Les aires d’accueil des gens du voyage ;</line></par>
<par>
<line>4- Le stationnement de caravanes, sauf sur terrain de camping autorisé avant la date d’approbation du</line></par>
<par>
<line>Ppr;</line></par>
<par>
<line>5- Les nouveaux établissements recevant du public (ERP) des types suivants (définis par l’arrêté du 25</line>
<line>juin 1980 modifié) : J (structures d’accueil pour personnes âgées et personnes handicapées), O (hôtels et</line>
<line>pensions de famille), R (établissements d’enseignement, colonies de vacances), U (établissements de</line>
<line>soins), PS (parcs de stationnement couverts), et GA (gares) sauf gares routières dans les conditions</line>
<line>définies à Tarticle 3.2-14 ;</line></par>
<par>
<line>6“ Les remblais, exhaussements du sol, et édifications de digues, quel qu’en soit le volume, à</line>
<line>l'exception de ceux qui sont en relation directe avec les occupations du sol autorisées par les articles 3.2-8,</line>
<line>3.2-10, 3.2-11, et 3.2-12;</line></par>
</text>
</block>
<block><region><rect/></region>
<text>
<par>
<line>7- L’implantation de nouvelles installations classées pour l’environnement sur un site nouveau et</line>
<line>l'extension des sites existants, à l’exception des aménagements concernant la mise aux normes des</line>
<line>installations ou des travaux rendus obligatoires par d’autres législations, et à l’exception de celles visées à</line>
<line>l’article 3.2-8 ;</line></par>
<par>
<line>8- Le stockage de produits polluants ou dangereux, quel qu’en soit le volume, sauf le stockage</line>
<line>préexistant à condition de le rendre non vulnérable (voir conditions visées au 3.2-14) ;</line></par>
<par>
<line>9- Entre le octobre et le 31 mai, période de risque plus important de crue, tout stockage de produits et</line>
<line>de matériaux susceptibles d’être entraînés par les eaux, à l’exception des produits de l’exploitation</line>
<line>forestière, et des produits directement liés aux installations d’élevage préexistantes (fumier, ...) ; en cas</line>
<line>d’annonce de crue au-delà de la cote d’alerte et quelle que soit la date de survenance, les produits et</line>
<line>matériaux susceptibles d’être entraînés par les eaux, y compris les produits de l’exploitation forestière ou</line>
<line>liés aux installations d’élevage existantes, seront évacués ;</line></par>
<par>
<line>10- Les dépôts de toute nature, sauf ceux liés à l’activité de la voie d’eau ;</line></par>
<par>
<line>11- Toute technique d’assainissement autonome, sauf pour le bâti préexistant n’ayant aucune</line>
<line>possibilité de raccordement à un réseau collectif ;</line></par>
</text>
</block>
<block><region><rect/></region>
<text>
<par>
<line>Ppr inondations de la rivière Marne - règlement</line></par>
<par>
<line>Août 2005</line></par>
</text>
</block>
<block><region><rect/></region>
<text>
<par>
<line>13/22</line></par>
</text>
</block>







</page>
<page width="1702" height="2373" resolution="200">
<block><region><rect/></region>
<text>
<par>
<line>12-La reconstruction en cas de sinistre lié aux inondations, à l’exception des édifices présentant iin</line>
<line>caractère patrimonial ou architectural certain (classement ou inscription à l’inventaire des monuments</line>
<line>historiques,...) et qui devront à cette occasion être rendus moins vulnérables ;</line></par>
</text>
</block>
<block><region><rect/></region>
<text>
<par>
<line>pPR inondations de la rivière Marne - règlement</line></par>
<par>
<line>Août 2005</line></par>
</text>
</block>
<block><region><rect/></region>
<text>
<par>
<line>14/22</line></par>
</text>
</block>










</page>
<page width="1654" height="2339" resolution="200">
<block><region><rect/></region>
<text>
<par>
<line>Article 3.2 - Autorisations sous condition</line></par>
</text>
</block>
<block><region><rect/></region>
<text>
<par>
<line>Peuvent être autorisés sous réserves des dispositions applicables aux biens existants et futurs</line></par>
<par>
<line>développées aux articles 3.3 et 3.4 :</line></par>
<par>
<line>1- Les travaux d'entretien et de gestion courants des biens et activités existants, notamment les</line>
<line>aménagements internes, les traitements de façade et la réfection des toitures, à condition de ne pas</line>
<line>augmenter les risques ou d'en créer de nouveaux, et sous réserve :</line></par>
<par>
<line>O d’utiliser des matériaux insensibles à l’humidité, et conçus pour résister à une immersion</line>
<line>prolongée,</line></par>
<par>
<line>O mettre hors d’eau les réseaux électriques et téléphoniques, munir les réseaux d’eaux usées</line>
<line>d’un clapet anti-retour ;</line></par>
<par>
<line>2- Les constructions nouvelles, l'extension de bâtiments existants, sous réserve de ne pas aggraver le</line>
<line>risque d'inondation et de minimiser leur propre exposition au risque, et notamment sous les conditions</line>
<line>suivantes :</line></par>
<par>
<line>O La distance minimale d’implantation des constructions sera définie en fonction des contraintes</line>
<line>propres à chaque site (mobilité de la rivière, impact hydraulique, impact sur la sécurité des</line>
<line>biens et des personnes, ...). Elle ne pourra être inférieure à 10 mètres de part et d’autres des</line>
<line>rives de la Marne, à l’exception des constructions ou des installations liées à la voie d’eau</line>
<line>(activités portuaires, stations de pompage, maisons éclusières, écluses, barrages, ...)•</line></par>
<par>
<line>O Les matériaux de construction devront être insensibles à l’humidité, conçus pour résister à une</line>
<line>immersion prolongée et à des affouillemeiits.</line></par>
<par>
<line>O L’axe principal de la construction sera orienté de manière à assurer mi bon écoulement des</line>
<line>eaux.</line></par>
<par>
<line>O Des mesures compensatoires devront permettre d'armuler ou de tendre à amiuler les</line>
<line>conséquences hydrauliques de l'aménagement projeté. Au minimum, le volume des champs</line>
<line>d'expansion des crues amputé par les travaux devra être rétabli.</line></par>
<par>
<line>O Le premier plancher sera au-dessus de la cote de crue centennale.</line></par>
<par>
<line>O Aucune ouverture ne sera sous le niveau de crue centennale.</line></par>
<par>
<line>O Les réseaux et installations électriques et de téléphone devront être hors d’eau.</line></par>
<par>
<line>O Les constructions nouvelles et les extensions devront être construites sur vide sanitaire</line>
<line>inondable, merlon, pilotis, ou tout autre moyen ne réduisant pas le volume de stockage des</line>
<line>eaux de crue (les remblais restent interdits).</line></par>
<par>
<line>3- L’aménagement des biens et batiments existants ou leur changement d’affectation sous les</line>
<line>conditions suivantes :</line></par>
<par>
<line>O utiliser des matériaux insensibles à l’humidité, et conçus pour résister à une immersion</line>
<line>prolongée (traitement anti-corrosion des parties métalliques, pas de liants à base de plâtre, pas</line>
<line>de revêtement de sols ou de murs sensibles à l’humidité, matériaux hydrofliges pour</line>
<line>l’isolation, ...),</line></par>
<par>
<line>O mettre hors d’eau les réseaux électriques et téléphoniques, mmiir les réseaux d’eaux usées</line>
<line>d’un clapet anti-retour,</line></par>
<par>
<line>O ne pas aggraver le risque d'inondation,</line></par>
<par>
<line>O ne pas augmenter les risques de nuisances ou de pollution.</line></par>
</text>
</block>
<block><region><rect/></region>
<text>
<par>
<line>Ppr inondations de la rivière Marne - règlement</line></par>
</text>
</block>
<block><region><rect/></region>
<text>
<par>
<line>Août 2005</line></par>
</text>
</block>
<block><region><rect/></region>
<text>
<par>
<line>15/22</line></par>
</text>
</block>




















</page>
<page width="1662" height="2344" resolution="200">
<block><region><rect/></region>
<text>
<par>
<line>4- Les travaux d’entretien et de gestion courants et le réaménagement des terrains de camping et des</line>
<line>parcs résidentiels de loisirs, le remplacement et l’amélioration des locaux en dur, les nouveaux locaux en</line>
<line>dur à condition :</line></par>
<par>
<line>O de ne pas augmenter la vulnérabilité aux phénomènes naturels,</line></par>
<par>
<line>O de ne pas augmenter le nombre d’emplacements,</line></par>
<par>
<line>O de ne transformer aucun emplacement tourisme en emplacement loisirs,</line></par>
<par>
<line>O d’utiliser des matériaux non sensibles à l’humidité et conçus pour résister à une immersion</line>
<line>prolongée ;</line></par>
<par>
<line>O de mettre hors d'eau le plancher des locaux par construction sur merlon, vide sanitaire</line>
<line>inondable, ou pilotis, de manière à ce que le niveau de la base de la dalle de plancher soit</line>
<line>supérieur au niveau de crue centennale,</line></par>
<par>
<line>O qu’il n’y ait pas de sous-sol,</line></par>
<par>
<line>O que l’ensemble des installations en dur n’excède pas 10% de la superficie du terrain ;</line></par>
<par>
<line>5- L’extension des terrains de campings existants dans la limite de 20% de leur superficie à la date</line>
<line>d’approbation du PPR, non renouvelable, et limitée à des emplacements « tourisme » ;</line></par>
<par>
<line>6- Les aires naturelles du mai au 31 octobre ;</line></par>
<par>
<line>7- Les aires de grand passage des gens du voyage, à condition de prévoir des mesures d'évacuation</line>
<line>adaptées en cas d'alerte de crue ;</line></par>
<par>
<line>8- Les installations de production d’énergie renouvelable d’intérêt général, à condition qu’il n’y ait</line>
<line>pas d’alternative technique et/ou financière satisfaisante, et sous réserve :</line></par>
<par>
<line>O de les rendre non vulnérables aux crues tout en limitant le plus possible les remblais (qui</line>
<line>devront être compensés en volume), et en utilisant au maximum des techniques alternatives</line>
<line>(pilotis, vide sanitaire inondable,... ) lorsque c’est techniquement possible,</line></par>
<par>
<line>O de rendre non accessibles aux crues d’éventuels matériaux stockés sur place et susceptibles</line>
<line>d’être entraînés par les eaux.</line></par>
<par>
<line>9- Les équipements d’intérêt général de sports de plein air, les installations ludiques liées à la</line>
<line>présence de l'eau (sports nautiques, pêche, chasse,...), et leurs constructions d'accompagnement, sous</line>
<line>réserve d’obtenir les autorisations nécessaires et sous les conditions suivantes :</line></par>
<par>
<line>O justification de la non-aggravation du risque d’inondation,</line></par>
<par>
<line>O implantation sous réserve de la prise en compte des impératifs de l’écoulement des crues,</line></par>
<par>
<line>O mise hors d'eau du plancher par construction sur merlon, vide sanitaire inondable, ou pilotis,</line>
<line>de manière à ce que le niveau de la base de la dalle de plancher soit supérieur au niveau de</line>
<line>crue centennale,</line></par>
<par>
<line>O pas de sous-sol,</line></par>
<par>
<line>O utilisation de matériaux non sensibles à l’humidité et conçus pour résister à une immersion</line>
<line>prolongée ;</line></par>
<par>
<line>10- Les travaux et installations destinés à réduire les conséquences du risque d’inondation pour les</line>
<line>bâtiments existants, ou destinés à réduire les conséquences du risque d’inondation à l’échelle du bief ou</line>
<line>de la vallée (par exemple digues, bassins de rétention,...), sous réserve :</line></par>
<par>
<line>O d’une justification technique (notamment mesure de l’impact hydraulique) et économique du</line>
<line>projet,</line></par>
<par>
<line>O de la mise en oeuvre de mesures compensatoires si nécessaire,</line></par>
<par>
<line>O que le projet soit porté par une collectivité compétente, qui en assurera la mise en place et la</line>
<line>gestion,</line></par>
<par>
<line>O que le projet fasse l’objet d’une validation par les services de l’Etat compétents, et que</line>
<line>l’entente interdépartementale pour l’aménagement de la rivière Marne soit consultée pour</line>
<line>avis ;</line></par>
</text>
</block>
<block><region><rect/></region>
<text>
<par>
<line>Ppr inondations de la rivière Marne - règlement</line></par>
<par>
<line>Août 2005</line></par>
</text>
</block>
<block><region><rect/></region>
<text>
<par>
<line>16/22</line></par>
</text>
</block>























</page>
<page width="1663" height="2345" resolution="200">
<block><region><rect/></region>
<text>
<par>
<line>11- Les travaux de construction ou d'aménagement d'infrastructures de transport (routières,</line>
<line>ferroviaires, fluviales), et les installations nécessaires à leur fonctionnement, sous réserve que ces travaux</line>
<line>ne conduisent pas à une augmentation du risque d'inondation en amont ou en aval (hausse de la ligne</line>
<line>d'eau, perte de capacité de stockage), prennent en compte les impératifs de l’écoulement des crues, et</line>
<line>fassent l'objet de mesures compensatoires le cas échéant ; les ouvrages de décharge devront prendre en</line>
<line>compte la crue centennale ;</line></par>
<par>
<line>12- Les nouvelles constructions et infrastructures d'intérêt général, liées à l’acheminement et au</line>
<line>traitement des eaux usées, ainsi qu’au captage et à la distribution de l’eau potable, à condition qu’il n’y</line>
<line>ait pas d’alternative technique et/ou financière satisfaisante, et sous réserve de :</line></par>
<par>
<line>O prendre toutes dispositions pour supprimer tout risque de pollution en période de crue,</line></par>
<par>
<line>O minimiser l'impact sur l'écoulement en période de crues,</line></par>
<par>
<line>O rétablir le volume des champs d'expansion des crues, amputé par les travaux,</line></par>
<par>
<line>O mettre hors d’eau les équipements sensibles,</line></par>
<par>
<line>O utiliser des matériaux non sensibles à l’humidité et conçus pour résister à une immersion</line>
<line>prolongée ;</line></par>
<par>
<line>13- Les réseaux techniques d’intérêt général de transport de l’énergie (électricité, gaz) et</line>
<line>téléphoniques, à condition de les rendre non vulnérables aux inondations (isoler les réseaux pouvant être</line>
<line>immergés, installer hors d’eau les chambres de téléphone, les transformateurs électriques, ou tout matériel</line>
<line>sensible, les équiper d’une mise hors service automatique, réaliser la distribution des réseaux « courants</line>
<line>forts - courants faibles » au-dessus du niveau de la crue centennale) et de minimiser leur impact sur</line>
<line>l’écoulement des eaux ;</line></par>
<par>
<line>14- Le stockage de produits polluants ou dangereux (tels qu’hydrocarbures, gaz, engrais liquides ou</line>
<line>solides, pesticides) en quantités ou en concentrations inférieures aux normes minimales fixées pour leur</line>
<line>autorisation, à condition qu’il soit réalisé :</line></par>
<par>
<line>O soit au-dessus de la cote de crue centennale, dans un récipient étanche et fermé,</line></par>
<par>
<line>O soit s'il est situé au-dessous, dans un récipient étanche et fermé, lesté et arrimé de façon à</line>
<line>résister à la pression hydrostatique d’une crue centennale, et à condition que les orifices de</line>
<line>remplissage et les évents soient placés 50 centimètres au dessus du niveau de la cote de crue</line>
<line>centennale ;</line></par>
<par>
<line>15- les parkings et gares routières à condition qu’ils restent au niveau du terrain naturel, que le</line>
<line>revêtement soit pennéable à l’eau et adapté à une submersion temporaire, et que des mesures d’évacuation</line>
<line>en cas d’alerte de crue soient prévues ; les infrastructures associées sont également autorisées ;</line></par>
<par>
<line>16- La plantation et l’exploitation de bois, forêts, haies, parcs urbains, ... à condition de ne pas créer</line>
<line>d’obstacle au libre écoulement de l’eau et d’éliminer tout élément susceptible de provoquer des embâcles</line>
<line>(branches et fûts tombés, arbres instables, ...) ;</line></par>
<par>
<line>17- Les clôtures des jardins et celles attenantes aux propriétés bâties à condition qu'elles ne constituent</line>
<line>pas un obstacle à l'écoulement des eaux ;</line></par>
<par>
<line>18- les fouilles à titre archéologique dans la mesure où elles sont réalisées de manière à minimiser</line>
<line>d’éventuelles perturbations de l’écoulement des eaux ;</line></par>
<par>
<line>19- Les installations de radiotéléphonie, à condition qu’elles soient hors d’eau. Les fondations de</line>
<line>pylônes ne devront pas faire saillie et les locaux techniques devront être consti'uits soit sur un support</line>
<line>préexistant, soit sur vide sanitaire inondable ou pilotis (tout remblais est strictement interdit).</line></par>
<par>
<line>20- Les travaux et aménagements liés à la mise aux normes des installations classées pour</line>
<line>l’environnement.</line></par>
</text>
</block>
<block><region><rect/></region>
<text>
<par>
<line>PpR inondations de la rivière Marne - règlement</line></par>
<par>
<line>Août 2005</line></par>
</text>
</block>
<block><region><rect/></region>
<text>
<par>
<line>17/22</line></par>
</text>
</block>
















</page>
<page width="1660" height="2344" resolution="200">
<block><region><rect/></region>
<text>
<par>
<line>Article 3.3 - Autres dispositions applicables aux biens futurs</line></par>
</text>
</block>
<block><region><rect/></region>
<text>
<par>
<line>Sous réserve de l’application deg dispositions de l’article 3.2. les dispositions suivantes s’appliquent</line></par>
<par>
<line>aux biens futurs ;</line></par>
</text>
</block>
<block><region><rect/></region>
<text>
<par>
<line>1- Les nouvelles constructions et installations seront conçues de manière à garantir la sécurité des</line>
<line>persomies et à limiter la vulnérabilité des biens au risque d’inondation.</line></par>
<par>
<line>2- Les constructions autorisées seront conçues de façon à ce que leur vulnérabilité en dessous du niveau</line>
<line>de la cote de la crue centennale soit la plus faible possible. Les planchers et les structures seront</line>
<line>dimensionnés pour résister aux surpressions et pressions hydrostatiques dues à la crue centennale.</line></par>
<par>
<line>Tout en ayant le souci d'intégrer au mieux le projet de construction dans son environnement, l'adaptation</line>
<line>au sol des constructions sera réalisée de façon à ce que le plancher bas du premier niveau habitable</line>
<line>(logement) ou utile (activités) soit édifié à une cote supérieure à la cote de la crue centennale.</line></par>
<par>
<line>3- Les constructions seront fondées dans le sol de façon à résister à des affouillements, à des</line>
<line>tassements ou à des érosions localisées.</line></par>
<par>
<line>4- Les matériaux utilisés en dessous de la cote de la crue centennale (augmentée de 30 centimètres</line>
<line>pour les matériaux de revêtement et d’isolation, du fait de la possibilité de détérioration par capillarité)</line>
<line>seront choisis pour résister à une immersion prolongée, notamment :</line></par>
<par>
<line>O traitement anti-corrosion des parties métalliques des ossatures de constructions,</line></par>
<par>
<line>O pas d’emploi de liants à base de plâtre,</line></par>
<par>
<line>O pas d’utilisation de matériaux tels que la terre armée ou la terre banchée,</line></par>
<par>
<line>O éviter les revêtements de sols ou de murs sensibles à l'humidité,</line></par>
<par>
<line>O utiliser des matériaux hydrofiiges pour l'isolation ;</line></par>
<par>
<line>5- Installer au-dessus de la cote de crue centennale les équipements sensibles, et notamment ;</line></par>
<par>
<line>O les appai'eils électro-ménagers;</line></par>
<par>
<line>O les équipements électriques, électroniques, et micro-mécaniques,</line></par>
<par>
<line>O les installations de chauffage (chaudière, cuve de combustibles),</line></par>
<par>
<line>O les réseaux électrique et de téléphone ;</line></par>
</text>
</block>
<block><region><rect/></region>
<text>
<par>
<line>Ppr inondations de la rivière Marne - règlement</line></par>
<par>
<line>Août 2005</line></par>
</text>
</block>
<block><region><rect/></region>
<text>
<par>
<line>18/22</line></par>
</text>
</block>



























</page>
<page width="1677" height="2355" resolution="200">
<block><region><rect/></region>
<text>
<par>
<line>Article 3.4 - Autres dispositions applicables aux biens existants</line></par>
</text>
<text>
<par>
<line>Sous réserve de l’application des dispositions de l’article 3.2, les dispositions suivantes s’appliquent</line></par>
<par>
<line>aux biens existants (dans un délai de 5 ans pour les dispositions 7 à 11^ ;</line></par>
</text>
</block>
<block><region><rect/></region>
<text>
<par>
<line>1- Les réaménagements et les extensions de constructions existantes seront conçus de manière à garantir</line>
<line>!a sécurité des personnes et à limiter la vulnérabilité des biens au risque d’inondation.</line></par>
<par>
<line>2- A l’occasion de l’enti'etien, d’une réfection ou d’un réaménagement d’un bâtiment ou d’ime</line>
<line>installation, les matériaux utilisés en dessous de la cote de crue centennale (augmentée de 30</line>
<line>centimètres pour les matériaux de revêtement et d’isolation, du fait de la possibilité de détérioration par</line>
<line>capillarité) seront choisis pour résister à une immersion prolongée, notamment :</line></par>
<par>
<line>O traitement anti-corrosion des parties métalliques des ossatures de constructions ;</line></par>
<par>
<line>O pas de liants à base de plâtre ;</line></par>
<par>
<line>O pas de revêtements de sols ou de murs sensibles à l'humidité ;</line></par>
<par>
<line>O utiliser des matériaux hydrofuges pour l'isolation.</line></par>
<par>
<line>3- Installer dans la mesure du possible au-dessus de la cote de crue centennale les équipements</line>
<line>sensibles (s’ils sont facilement déplaçables ou à l’occasion d’un renouvellement ou de travaux), et</line>
<line>notamment ;</line></par>
<par>
<line>O les appareils électro-ménagers ;</line></par>
<par>
<line>O les équipements électriques, électroniques, et micro-mécaniques ;</line></par>
<par>
<line>O les installations de chauffage (chaudière, cuve de combustible).</line></par>
<par>
<line>4- Tonte nouvelle installation sanitaire est interdite au-dessous du niveau de la crue centennale (risque</line>
<line>de refoulement en cas de crue).</line></par>
<par>
<line>5- Les mobil-homes installés dans les parcs résidentiels de loisirs ou sur les emplacements « loisirs » des</line>
<line>terrains de camping doivent, par défînition, rester mobiles. En cas de crue, leur évacuation doit être</line>
<line>prévue par une procédure appropriée.</line></par>
<par>
<line>6- l’extension et les aménagements de stations dépuration existantes sont autorisés, dans les mêmes</line>
<line>conditions qu’à l’article 3.2-11.</line></par>
<par>
<line>7- Les ouvertures de bâtiments (telles que portes, baies, soupiraux, orifices, conduits, ...) situées sous la</line>
<line>cote de crue centennale, doivent être mises à l'abri d'une entrée des eaux par déplacement du niveau de</line>
<line>l'ouverture, par des dispositifs d'étanchéification efficaces, ou par obturation. Ces dispositifs</line>
<line>d'étanchéification ou d'obturation devront résister à la pression de l'eau.</line></par>
<par>
<line>En complément et chaque fois que cela s'avère nécessaire, des pompes d'épuisement de caractéristiques et</line>
<line>de débit suffisants doivent être mises en place, afin de permettre l'évacuation des eaux d'infiltration et</line>
<line>retarder la montée à l’intérieur des bâtiments {Attention : dans certains cas, le pompage à outrance peut</line>
<line>provoquer l'entraînement des particules fines du sol et déstabiliser les structures bâties).</line></par>
<par>
<line>Ces mesures seront parmi les plus efficaces tant que la hauteur d'eau n'atteint pas de valeurs importantes</line>
<line>au-delà desquelles il devient difficile de résister à la pression et aux entrées généralisées par infiltrations</line>
<line>(environ un mètre). La continuité de l'alimentation électrique facilite les actions de pompage.</line></par>
<par>
<line>8- Isoler le réseau électrique alimentant le niveau inondable du reste du réseau, voire le supprimer</line>
<line>quand c’est possible.</line></par>
<par>
<line>9- Munir les réseaux eaux usées et/ou pluviaux d’un dispositif anti-retour, ou d’une vanne permettant</line>
<line>d’isoler de l’extérieur.</line></par>
</text>
</block>
<block><region><rect/></region>
<text>
<par>
<line>Ppr inondations de la rivière Marne - règlement</line></par>
<par>
<line>Août 2005</line></par>
</text>
</block>
<block><region><rect/></region>
<text>
<par>
<line>19/22</line></par>
</text>
</block>










</page>
<page width="1654" height="2339" resolution="200">
<block><region><rect/></region>
<text>
<par>
<line>10- Pour les organismes gestionnaires des réseaux (électricité, téléphone, gaz), obligation de se mettre</line>
<line>en conformité avec les dispositions suivantes, dans un délai de 5 ans :</line></par>
<par>
<line>O isoler et protéger les réseaux des effets de l'immersion,</line></par>
<par>
<line>O installer hors d'eau les chambres de téléphone, les transformateurs électriques ou tout matériel</line>
<line>sensible,</line></par>
<par>
<line>O équiper d’une mise hors service automatique les réseaux de gaz, d'électricité et de téléphone ;</line></par>
<par>
<line>11- Les terrains de camping et parcs résidentiels de loisirs existants doivent se conformer aux</line>
<line>prescriptions relatives à la sécurité (notamment vis à vis des inondations) établies par le décret n°94-6l4</line>
<line>du 13 juillet 1994.</line></par>
</text>
</block>
<block><region><rect/></region>
<text>
<par>
<line>PPR inondations de la rivière Marne - règlement</line></par>
<par>
<line>Août 2005</line></par>
</text>
</block>
<block><region><rect/></region>
<text>
<par>
<line>20/22</line></par>
</text>
</block>










</page>
<page width="1673" height="2352" resolution="200">
<block><region><rect/></region>
<text>
<par>
<line>Article 4 - Dispositions applicables en zone blanche</line>
<line>au titre de sa proximité avec les autres zones</line></par>
</text>
</block>
<block><region><rect/></region>
<text>
<par>
<line>La zone blanche concerne par défaut les terrains figurant sur les documents graphiques n’appaitenant pas</line>
<line>aux autres zones, situés soit en périphérie de ces zones, soit au milieu de ces zones.</line></par>
<par>
<line>C’est une zone sans occupation du sol prépondérante, (elle peut être bâtie ou non), et n’est pas considérée</line>
<line>comme exposée aux inondations de la Marne.</line></par>
</text>
</block>
<block><region><rect/></region>
<text>
<par>
<line>Dispositions au titre de sa proximité avec les autres zones :</line></par>
<par>
<line>O Tout maître d’ouvrage d’un aménagement en zone blanche situé à proximité d’une zone rouge ou</line>
<line>bleue s’assure que celui-ci se trouve effectivement au-dessus du niveau de la crue centennale de la</line>
<line>zone inondable avec laquelle le site est susceptible de communiquer.</line></par>
<par>
<line>O Dans le cas où une partie des constructions serait située en dessous de la cote de crue centemiale</line>
<line>des zones voisines, y rattacher les dispositions visées pour la zone bleue. Faire particulièrement</line>
<line>attention aux sous-sols qui peuvent facilement se retrouver sous le niveau de crue centennale et</line>
<line>donc être inondables (directement ou par infiltration/remontée de nappe).</line></par>
</text>
</block>
<block><region><rect/></region>
<text>
<par>
<line>PPR inondations de la rivière Marne - règlement</line></par>
<par>
<line>Août 2005</line></par>
</text>
</block>
<block><region><rect/></region>
<text>
<par>
<line>21/22</line></par>
</text>
</block>







</page>
<page width="1661" height="2344" resolution="200">
<block><region><rect/></region>
<text>
<par>
<line>Article 5 ~ Recommandations</line></par>
</text>
</block>
<block><region><rect/></region>
<text>
<par>
<line>Article 5.1 - recommandations applicables aux zones inondables (rouges ou bleues)</line></par>
<par>
<line>1- ÎI est recommandé pour les établissements sensibles en zone inondable (notamment les hôpitaux,</line>
<line>maisons de retraite, centres d’accueil de personnes à mobilité réduite, écoles, ...) d’identifier ou de</line>
<line>réaliser après autorisation un accès par voie terrestre au-dessus de la cote de référence. Cet accès doit</line>
<line>avoir un gabarit adapté au nombre de personnes présentes sur le site et permetti'e l’intervention des</line>
<line>secours, II doit également être conçu pour résister aux effets d’une inondation sans perturber l’écoulement</line>
<line>des eaux.</line></par>
<par>
<line>2- Il est recommandé, pour tous les bâtiments en zone inondable, d’identifier ou de créer :</line></par>
<par>
<line>O une zone refuge située au moins 50 centimètres au-dessus de la cote de crue centennale, et</line>
<line>adaptée à l’occupation des locaux,</line></par>
<par>
<line>O une ouverture sur le toit, constamment libre d’accès, pour permettre d’attendre les secours ou</line>
<line>de procéder le cas échéant à une évacuation.</line></par>
<par>
<line>Article 5.2 - recommandation applicable en zone blanche</line></par>
<par>
<line>Afin de ne pas aggraver les risques en aval, et conformément à l’article L2224-10 du code général des</line>
<line>collectivités territoriales et à la loi sur l’eau, il convient de maîtriser l’imperméabilisation des sols,</line>
<line>maîtriser les phénomènes de ruissellement (en milieu urbain comme en milieu rural) par une bonne</line>
<line>gestion des eaux pluviales (infiltration, rétention,...), et maintenir les zones humides.</line></par>
</text>
</block>
<block><region><rect/></region>
<text>
<par>
<line>Ppr inondations de la rivière Marne - règlement</line></par>
<par>
<line>Août 2005</line></par>
</text>
</block>
<block><region><rect/></region>
<text>
<par>
<line>22/22</line></par>
</text>
</block>



</page>
</PM1>