<?xml version="1.0" encoding="UTF-8"?><PM1>
<page width="2479" height="3508" resolution="300">
<block><region><rect/></region>
<text>
<par>
<line>DIRECTION DEPARTEMENTALE</line></par>
<par>
<line>DE L'EQUIPEMENT</line></par>
<par>
<line>Arrêté préfectoral n° 2007-0189 du 23 février 2007</line>
<line>approuvant le Plan de Prévention des Risques Naturels prévisibles</line>
<line>afférent au phénomène inondation par Submersion Marine sur</line>
<line>le territoire des communes de Cléder, Sibiril, Santec, Roscoff et Saint-Pol-De-Léon.</line></par>
<par>
<line>Le Préfet du Finistère,</line></par>
<par>
<line>Chevalier de la Légion d'Honneur</line>
<line>Officier de l'Ordre National du Mérite</line></par>
<par>
<line>VU le Code de l'Environnement, et notamment les articles L 562-1 à L 562-9,</line>
<line>issus de la loi n° 95-101 du 2 février 1995 relative au renforcement de la</line>
<line>protection de l'environnement, modifiée par la loi n° 2003-699 du 30 juillet</line>
<line>2003, relative à la prévention des risques technologiques et naturels et à la</line>
<line>réparation des dommages ;</line></par>
<par>
<line>VU le décret n° 2005-3 du 4 janvier 2005, modifiant le décret n° 95-1089 du 5</line>
<line>octobre 1995 relatif aux plans de prévention des risques naturels prévisibles ;</line></par>
<par>
<line>VU l'arrêté préfectoral n° 01/1147 en date du 9 juillet 2001 du Préfet du Finistère</line>
<line>portant prescription de l'établissement d'un plan de prévention du risque</line>
<line>d'inondation par submersion marine sur le territoire des communes de Cléder,</line>
<line>Sibiril, Santec, Roscoff et Saint-Pol-De-Léon ;</line></par>
<par>
<line>VU la décision du 6 septembre 2006 de Monsieur le Président du Tribunal</line></par>
<par>
<line>Administratif de RENNES désignant le Commissaire-Enquêteur ;</line></par>
<par>
<line>VU l'arrêté n° 2006-1127 du 5 octobre 2006 du Préfet du Finistère ordonnant</line>
<line>l'ouverture de l'enquête publique, du 30 octobre 2006 au 8 décembre 2006 ;</line></par>
<par>
<line>VU les pièces du dossier soumis à enquête publique ;</line></par>
<par>
<line>VU les résultats de l'enquête publique, et notamment les conclusions du</line></par>
<par>
<line>Commissaire-Enquêteur du 31 décembre 2006 ;</line></par>
<par>
<line>VU les délibérations des conseils municipaux de Cléder (25 septembre 2006),</line>
<line>Sibiril (5 octobre 2006), Santec (21 novembre 2006), Roscoff (29 septembre</line>
<line>2006) et Saint-Pol-De-Léon (3 octobre 2006) ;</line></par>
<par>
<line>VU le Code de l'Urbanisme, et notamment son article L126-1 ;</line></par>
<par>
<line>Sur proposition de Monsieur le secrétaire général de la préfecture du Finistère ;</line></par>
<par>
<line>ARRETE</line></par>
</text>
</block>
<block><region><rect/></region>
<text>
<par>
<line>Article 1</line></par>
<par>
<line>Est approuvé le Plan de Prévention des Risques naturels prévisibles relatif au</line>
<line>phénomène d'inondation par Submersion Marine (PPR-SM) sur le territoire des</line>
<line>communes de Cléder, Sibiril, Santec, Roscoff et Saint-Pol-De-Léon.</line></par>
</text>
</block>
</page>
<page width="2479" height="3508" resolution="300">
<block><region><rect/></region>
<text>
<par>
<line>Article 2</line></par>
<par>
<line>Le présent arrêté sera inséré au Recueil des Actes Administratifs du département et</line>
<line>mentionné dans deux journaux diffusés dans tout le département.</line></par>
<par>
<line>Article 3</line></par>
<par>
<line>Le présent arrêté, auquel est jointe une copie du dossier approuvé, ainsi qu'une copie</line>
<line>du rapport et des conclusions du Commissaire-Enquêteur, sera notifié à chacune des</line>
<line>communes concernées.</line></par>
<par>
<line>Copie de l'arrêté sera affichée dans chacune des mairies aux lieux habituels réservés à</line>
<line>cet effet pendant une durée minimum d'un mois.</line></par>
<par>
<line>Le Plan de Prévention des Risques Naturels prévisibles approuvé sera tenu à la</line>
<line>disposition du public, à la Préfecture du Finistère et dans chacune des mairies</line>
<line>intéressées.</line></par>
<par>
<line>Article 4</line></par>
<par>
<line>A l'expiration du délai d'affichage, et après mise à disposition du public du dossier</line>
<line>approuvé durant au moins un mois, les maires transmettront un certificat justifiant de</line>
<line>l'accomplissement de cette mesure de publicité.</line></par>
<par>
<line>Par ailleurs, MM. les Maires de Cléder, Sibiril, Santec, Roscoff et Saint-Pol-De-Léon,</line>
<line>annexeront au Plan Local d'Urbanisme la servitude instituée par le présent arrêté,</line>
<line>conformément aux dispositions de l'article L 126-1 du Code de l'Urbanisme.</line></par>
<par>
<line>Une copie de l'arrêté du Maire, constatant la mise à jour des plans locaux d'urbanisme</line>
<line>de chacune des communes concernées sera également adressée au Préfet.</line></par>
<par>
<line>Article 5</line></par>
<par>
<line>Le secrétaire général du Finistère, MM. les maires de Cléder, Sibiril, Santec, Roscoff et</line>
<line>Saint-Pol-De-Léon, sont chargés, chacun en ce qui le concerne, de l'exécution du</line>
<line>présent arrêté dont copie sera adressée à Madame la Directrice Départementale de</line>
<line>l'Equipement du Finistère et à Mme la sous-préfète de MORLAIX.</line></par>
<par>
<line>Le Préfet,</line></par>
<par>
<line>signé : Gonthier FRIEDERICI</line></par>
</text>
</block>
</page>
</PM1>