<?xml version="1.0" encoding="UTF-8"?><PM1>
<page width="2522" height="3534" resolution="300">
<block><region><rect/></region>
<text>
<par>
<line>EXTRAIT DU JOURNAL OFFICIEL DU 12 MARS 1964</line></par>
</text>
</block>
<block><region><rect/></region>
<text>
<par>
<line>Décret du 6 mars 1964 déterminant les dispoeitione techni¬</line>
<line>ques applicables dans les parties submersibles des vallées</line>
<line>des rivières le Tam et 1»Aveyron dans le département de</line></par>
<par>
<line>1'AVEYRON,</line></par>
</text>
</block>
<block><region><rect/></region>
<text>
<par>
<line>Le Premier ivlinistre,</line></par>
</text>
</block>
<block><region><rect/></region>
<text>
<par>
<line>Sur le rapport du Ministre des Travaux Publics et des Trans¬</line>
<line>ports et du Ministre de l'Agriculture,</line></par>
<par>
<line>Vu les articles 103 à 109 du code rural,</line></par>
<par>
<line>Vu les dispositions codifiées par les articles 48 à 54 du</line>
<line>code des voies navigables et de la navigation intérieure, telles</line>
<line>que ces dispositions ont été modifiées par le décret n® éo-357 du</line>
<line>9 avril 1960;</line></par>
<par>
<line>Vu le décret du 20^octobre 1937 portant règlement d'adminis¬</line>
<line>tration publique pour l'à:^iication des dispositions codifiées aux</line>
<line>articles 48 à 51 susvisés, tel que ce décret a f té modifié par le</line>
<line>décret n® 60-358 du 9 avril I960;</line></par>
<par>
<line>Vu la décision du Ministre des Travaux Publics en date du</line>
<line>24 mai 1938 désignant, conformément aux prescriptions de l'article</line>
<line>1® du décret du 20 octobre 1937 modifié, l'Ingénieur en Chef des</line>
<line>Ponts et Chaussées du departement de 1'AVEYECN pour l'étude des</line>
<line>mesures à prendre en vue d'assurer le libre écoulement des eaux en</line>
<line>temps de crue en ce qui concerne les vallées des rivières le Tam</line>
<line>et l'Aveyron dans le département de l'AVEYEuiv et approuvant le sec¬</line>
<line>tionnement de ces rivières;</line></par>
<par>
<line>Vu les pièces de l'enquête ouvertej en ce qui concerne les</line>
<line>rivières le Tarn et l'Aveyron, dans le departement de l'AVEYRCîî</line>
<line>en exécution de l'arrêté préfectoral du 16 janvier 1962, pris con¬</line>
<line>formément aux dispositions de l’article 3» alinéa 1®, du décret du</line>
<line>20 octobre 1937 modifié, et en particulier l'avis du commissaire</line>
<line>enquêteur en date du 27 février 1962;</line></par>
<par>
<line>Vu l'avis du Préfet de 1'AVEYRON en date du 19 mai 1962, en¬</line>
<line>semble le rapport des Ingénieurs des Ponts et Chaussées de ce dépar¬</line>
<line>tement en date des 12 et 14 mai 1962, faisant suite à la conférence</line>
<line>ouverte entre les services intéressés, conformément aux dispoeitiens</line>
<line>de l'article 3 décret susvisé du ?0 octobre 1937 modifié;</line></par>
<par>
<line>Vu le decret en date de ce jour portant approbation des plans</line>
<line>des surfaces submersibles des vallées des rivières le Tarn et</line>
<line>l'Aveyron dans le département d e l'AVEYRCN;</line></par>
<par>
<line>Le Conseil d'Etat (section des travaux publics) entendu,</line></par>
</text>
</block>


</page>
<page width="2504" height="3522" resolution="300">
<block><region><rect/></region>
<text>
<par>
<line>- 2 -</line></par>
</text>
<text>
<par>
<line>- Décrète ;</line></par>
<par>
<line>Article 1 - Sont déterminées dans les conditions ci-après, en ce</line>
<line>qui concerne les zones submersibles des vallées des</line>
<line>rivières le Tarn et l'Aveyron, dans le département de l'AVEYRON,</line>
<line>telles que ces zones sont définies par les plans approuvés par</line>
<line>décret en date de ce jour :</line></par>
<par>
<line>1“ - Les constructions, clôtures et plantations qui ne sont</line></par>
<par>
<line>pas susceptibles de faire obstacle à l’écoulement des eaux,</line>
<line>ou de restreindre d'une manière nuisible le champ des</line>
<line>inondations et qui par suite, ne sont pas soumises à la</line>
<line>déclaration préalable à l'article 50 du code des voies</line>
<line>navigables et de la navigation intérieure;</line></par>
<par>
<line>2® - Les constructions cjii soumises à cette déclaration, seront</line>
<line>en principe autorisées.</line></par>
<par>
<line>Pour l'application du présent règlement, les parties sub¬</line>
<line>mersibles des vallées des rivières le Tarn et l'Aveyron sont divi¬</line>
<line>sées en deux zones :</line></par>
<par>
<line>1® - Une zone A, dite de grand débit, teintée en bleu foncée</line>
<line>sur les plans des surfaces submersibles;</line></par>
<par>
<line>2® - Une zone B, dite complémentaire, teintée en bleu clair</line>
<line>sur les mêmes plans.</line></par>
<par>
<line>Article 2 - Ne sont pas soumis à déclaration dans la zone B i</line></par>
<par>
<line>1® - Les constructions de bâtiments neufs d'une superficie au</line>
<line>plus égale à dix mètres carrés;</line></par>
<par>
<line>2° - Les agrandissements de bâtiments anciens, lorsque ces</line>
<line>agrandissements n'ont pas pour effet de porter la superficie totale</line>
<line>des bstiments à plus de dix mètres carrés.</line></par>
<par>
<line>Parmi les constructions soumises à déclaration, sont en</line>
<line>principe autoriS'es celles qui ne comportent entre le niveau dii sol</line>
<line>et celui qu'atteignent les crues que des piliers isolés; le cons¬</line>
<line>tructeur sera informé par l'administration du niveau atteint par</line>
<line>les crues.</line></par>
<par>
<line>Article 5 - Ne sont pas soumises à déclaration :</line></par>
<par>
<line>Dans la'zone A, les clôtures à un ou deux fils superposés,</line>
<line>avec poteaux espacés d'au moins cinq mètres, sans fondation fai¬</line>
<line>sant saillie sur le sol naturel;</line></par>
<par>
<line>Dans la zone B, les clôtures dont les parties ajouxées oô't</line>
<line>une surface au moins égale aux deux tiers de la surface totçile de</line>
<line>la clôture,</line></par>
<par>
<line>La déclaration est cependant toujours exigée pour 1x3®</line>
<line>murs et les haies.</line></par>
</text>
</block>
<block><region><rect/></region>
<text>
<par/>
</text>
</block>



</page>
<page width="2528" height="3538" resolution="300">
<block><region><rect/></region>
<text>
<par>
<line>- 5 -</line></par>
</text>
<text>
<par>
<line>Article 4 - Dans la zone k, ne sont pas soutdIsos à déclaration î</line></par>
</text>
</block>
<block><region><rect/></region>
<text>
<par>
<line>a) Les vignes sur files orientées dans le sens du courant, avec</line>
<line>un écartement minimum de deui mètres;</line></par>
<par>
<line>b) Les plantations de files d'arbres en crête de berge, à</line>
<line>l'exclusion des acacias et des bois taillis, et à condition</line>
<line>d'empêcher leur extension par drageons.</line></par>
</text>
</block>
<block><region><rect/></region>
<text>
<par>
<line>Dans cette zone, sont en principe autorisées après</line>
<line>déclaration les plantations d'arbres espacés d'au moins s^t mètres</line>
<line>à la condition expresse qu'ils soient régulièrement élagues jusqu’à</line>
<line>un mètre au moins au-dessus des plus hautes eaux et que le sol en¬</line>
<line>tre les arbres reste bien dégagé.</line></par>
<par>
<line>Dans la zone B, les plantations, à l'exeption des</line>
<line>bois •baillisJ ne sont pas soumises à déclaration*</line></par>
<par>
<line>Article 5 - Le Ministre des Travaux Publics et des Transports et</line>
<line>le Ministre de l'Agriculture sont chargés, chacun en</line>
<line>ce qui le concerne, de l'exécution du présent décret, qui sera</line>
<line>publié au Journal Officiel de la République Française*</line></par>
<par>
<line>Fait à PARIS, le 6 mars 196A</line></par>
</text>
</block>
<block><region><rect/></region>
<text>
<par>
<line>Georges POMPIDOU</line></par>
</text>
</block>
<block><region><rect/></region>
<text>
<par>
<line>Pt le Premier Ministre :</line></par>
</text>
</block>
<block><region><rect/></region>
<text>
<par>
<line>Le Mnistre des Travaux Publics et des Transports,</line></par>
</text>
</block>
<block><region><rect/></region>
<text>
<par>
<line>Marc JA'oiUET</line></par>
</text>
</block>
<block><region><rect/></region>
<text>
<par>
<line>Le Ministre de 1'Agriculture,</line></par>
</text>
</block>
<block><region><rect/></region>
<text>
<par>
<line>Fdgard PISARI</line></par>
</text>
</block>
<block><region><rect/></region>
<text>
<par>
<line>Pour extrrjit conforme</line>
<line>L'Ingénieur en Chef,</line>
<line>Pour l'ingénieur en Chef</line>
<line>L'Ingénieur d'Arrondissement,</line></par>
<par>
<line>Signé : IfTCDRET</line></par>
</text>
</block>
<block><region><rect/></region>
<text>
<par>
<line>•Jf Jto,</line></par>
</text>
</block>
<block><region><rect/></region>
<text>
<par>
<line>CMjh</line></par>
</text>
</block>
<block><region><rect/></region>
<text>
<par/>
</text>
</block>
<block><region><rect/></region>
<text>
<par>
<line>dh -</line></par>
</text>
</block>



</page>
</PM1>