<?xml version="1.0" encoding="UTF-8"?><PM1>
<page width="2499" height="3518" resolution="300">
<block><region><rect/></region>
<text>
<par>
<line>REPUBLIQUE FRANÇAISE</line></par>
<par>
<line>Liberté Égalité Ihratemité</line></par>
</text>
</block>
<block><region><rect/></region>
<text>
<par>
<line>PREFECTURE DE L'ALLIER</line></par>
</text>
</block>
<block><region><rect/></region>
<text>
<par>
<line>DIRECTION DES RELATIONS</line></par>
<par>
<line>AVEC LES COLLECTIVITES TERRITORIALES</line></par>
<par>
<line>Bureau de rurbanisme et de raménagement</line></par>
<par>
<line>Af&amp;ire suivie par : J. ETIENNE</line></par>
<par>
<line>Tél : 04-70-48-33-73</line></par>
<par>
<line>N" 6159 /3/99</line></par>
</text>
</block>
<block><region><rect/></region>
<text>
<par>
<line>ARRETE</line></par>
<par>
<line>LE PREFET DE L'ALLIER,</line></par>
</text>
</block>
<block><region><rect/></region>
<text>
<par>
<line>Objet : Plan de Prévention des Risques Naturels Prévisibles (PPR) de Saint-Pourçain'</line>
<line>sur-SiouIe</line></par>
</text>
</block>
<block><region><rect/></region>
<text>
<par>
<line>Vu la loi n°87,565 du 22 juillet 1987 relative à l’organisation de la sécurité civile, à</line>
<line>la protection de la forêt contre l’incendie et à la prévention des risques majeurs ;</line></par>
<par>
<line>Vu la loi n‘’95.101 du 2 février 1995 relative au renforcement de la protection de</line>
<line>l’environnement et notamment son chapitre II relatif aux plans de prévention des risques</line>
<line>naturels prévisibles ;</line></par>
<par>
<line>Vu le décret n°90.918 du II octobre 1990 relatif à l’exercice du droit à</line>
<line>l’information sur les risques majeurs,</line></par>
<par>
<line>Vu le décret n°95.1089 du 5 octobre 1995 relatif aux plans de prévention des</line>
<line>risques naturels prévisibles ;</line></par>
<par>
<line>Vu le code de l’urbanisrae ;</line></par>
<par>
<line>Vu le code de l’expropriation et notamment ses articles RI 1-4 à RI 1-14 ,</line></par>
<par>
<line>Vu l'arrêté préfectoral n°4098/88 du 12 août 1988, rendant applicables sur le</line>
<line>territoire de la commune de Saint-Pourçain-sur-SlouIe, les dispositions de l'article R 111-</line>
<line>3 du code de l'urbanisme ;</line></par>
<par>
<line>Vu l’arrêté préfectoral n°837/97 du 27 février 1997 prescrivant la révision du</line>
<line>plan de prévention des risques naturels prévisibles (PPR) en matière de zones inondables</line>
<line>pour la commune de Saint-Pourçain-sur-Sioule;</line></par>
</text>
</block>
<block><region><rect/></region>
<text>
<par>
<line>2, Rue Michel de PHospital - BP 1649 - 03016 MOULINS Cedex</line>
<line>Téléphone 04 70 48 30 00 - Télécopie 04 70 20 57 72</line></par>
</text>
</block>








</page>
<page width="2479" height="3504" resolution="300">
<block><region><rect/></region>
<text>
<par>
<line>2</line></par>
</text>
</block>
<block><region><rect/></region>
<text>
<par>
<line>Vu la délibération en date du 27 juin 1997 par laquelle le conseil municipal de</line>
<line>Saint-Fourçain-sur-Sioule prend acte sans observation du projet de PPR comprenant</line>
<line>notamment un règlement et une carte des aléas ;</line></par>
<par>
<line>Vu l'avis en date du 27 juin 1997 du centre régional de la propriété forestière</line>
<line>d'Auvergne ;</line></par>
<par>
<line>Vu l'avis en date du 30 juillet 1997, de la chambre d'agriculture de l'Ailier ;</line></par>
<par>
<line>Vu l'avis en date du 19 décembre 1997 du conseil municipal de Saint-Pourçain-</line>
<line>sur-SiouIe ;</line></par>
<par>
<line>Vu l'arrêté préfectoral du 9 janvier 1998 rendant applicable par anticipation le</line>
<line>projet de PPR de Saint-Pourçain-sur-Sioule;</line></par>
<par>
<line>Vu l'arrêté préfectoral n‘’6169/98 du 7 décembre 1998, prescrivant la mise à</line>
<line>l'enquête publique du projet de plan de prévention des risques naturels prévisibles (PPR)</line>
<line>délimitant les zones inondables sur la commune de Saint-Pourçain-sur-Sioule ;</line></par>
<par>
<line>Vu les résultats de l'enquête publique qui s'est déroulée du 5 janvier au 4 février</line>
<line>1999 et le rapport du commissaire-enquêteur ;</line></par>
<par>
<line>Vu le rapport, du 30 juillet 1999, du directeur départemental de l'équipement ;</line></par>
<par>
<line>Sur proposition du secrétaire général de la préfecture,</line></par>
<par>
<line>ARRETE</line></par>
<par>
<line>***</line></par>
<par>
<line>Article 1er : Le plan de prévention des risques naturels prévisibles (PPR), délimitant les zones</line>
<line>inondables sur la commune de Saint-Pourçain-sur-Sioule est approuvé, conformément au</line>
<line>dossier annexé au présent arrêté et comprenant les documents suivants *</line></par>
<par>
<line>- note de présentation,</line></par>
<par>
<line>- réglementation,</line></par>
<par>
<line>- plan de zonage</line></par>
<par>
<line>Ce plan vaut servitude d'utilité publique. Il sera annexé au plan d'occupation des</line>
<line>sols de la commune de Saint-Pourçain-sur-Sioule, conformément à l'article L 126-1 du code de</line>
<line>l'urbanisme.</line></par>
<par>
<line>Article 2 : Le présent arraé sera publié au recueil des actes administratifs de la préfecture, ainsi</line>
<line>que dans deux journaux diffusés dans le département.</line></par>
<par>
<line>Copie en sera affichée pendant un mois au minimum en mairie de Saint-</line>
<line>Pourçain-sur-Sioule</line></par>
<par>
<line>L'accomplissement de ces formalités sera justifié par la production des journaux</line>
<line>considérés, d'une part, par le certificat établi par le maire, d'autre part.</line></par>
</text>
</block>


</page>
<page width="2485" height="3509" resolution="300">
<block><region><rect/></region>
<text>
<par>
<line>3</line></par>
</text>
</block>
<block><region><rect/></region>
<text>
<par>
<line>Article 3 : Le plan approuvé sera tenu à la disposition du public à la préfecture, à la direction</line>
<line>départementale de l'équipement de l'Ailier à la sous-préfecture de Vichy, et en mairie de Saint-</line>
<line>Pourçain-sur-Sioule.</line></par>
<par>
<line>Article 4 : Le secrétaire général de la préfecture, le directeur départemental de l'équipement, le</line>
<line>maire de Saint-Fourçain-sur-Sioule, sont chargés, chacun en ce qui le concerne, de l'exécution</line>
<line>du présent arrêté.</line></par>
</text>
</block>
<block><region><rect/></region>
<text>
<par>
<line>Moulins, le 10 août 1999</line></par>
</text>
</block>
<block><region><rect/></region>
<text>
<par>
<line>Le préfet.</line></par>
<par>
<line>Pour le préfet.</line></par>
<par>
<line>Le secrétaire général,</line></par>
</text>
</block>
<block><region><rect/></region>
<text>
<par>
<line>Poui amplfitioii,</line>
<line>i|^ch £, de bureau.</line></par>
</text>
</block>
<block><region><rect/></region>
<text>
<par>
<line>Michel Aubouin</line></par>
</text>
</block>







</page>
</PM1>