<?xml version="1.0" encoding="UTF-8"?><PM1>
<page width="2381" height="3401" resolution="300">
<block><region><rect/></region>
<text>
<par>
<line>Liberté » Égalité » Fraternité</line>
<line>RÉPiæiIQLiE FR-ANÇAISE</line></par>
<par>
<line>PRÉFECTURE DE LA DRÔME</line></par>
</text>
</block>
<block><region><rect/></region>
<text>
<par>
<line>DIRECTION DES COLLECTIVriES</line>
<line>PUBLIQUES ETDE</line>
<line>L’ENVIRONNEMENT</line>
<line>Bureau de la Protection de</line>
<line>l’Environnement</line></par>
</text>
</block>
<block><region><rect/></region>
<text>
<par>
<line>Valence, le</line></par>
<par>
<line>:t 8 DEC</line></par>
</text>
</block>
<block><region><rect/></region>
<text>
<par>
<line>AFFAIRE SUIVIE PAR :</line></par>
<par>
<line>Jocefyne GARNIER</line></par>
<par>
<line>TEL.: 04.75.79.28 71</line>
<line>FAX:04 75792949</line>
<line>MEL:</line></par>
<par>
<line>jocelyne.gamier@drome.pref.gouv.fr</line></par>
</text>
</block>
<block><region><rect/></region>
<text>
<par>
<line>ARRÊTÉ n°</line></par>
<par>
<line>portant approbation du Plan de Prévention des Risques Naturels -inondation</line>
<line>du bassin versant du LEZ, sur le territoire de la commune de Montségur sur Lauzon</line></par>
</text>
</block>
<block><region><rect/></region>
<text>
<par>
<line>Le Préfet de la DRÔME</line>
<line>Chevalier de la Légion d'Honneur</line>
<line>Chevalier de l'Ordre National du Mérite</line></par>
</text>
</block>
<block><region><rect/></region>
<text>
<par>
<line>VU le Code de l’Environnement et notamment ses articles L. 562-1 et suivants,</line></par>
<par>
<line>VU le Code de l’Urbanisme,</line></par>
<par>
<line>VU la loi n° 2004-811 du 13 août 2004 de modernisation de la sécurité civile,</line></par>
<par>
<line>VU le décret n° 95-1089 du 5 octobre 1995 modifié relatif aux plans de prévention des</line>
<line>risques naturels prévisibles,</line></par>
<par>
<line>VU l’arrêté interpréfectoral n° 1858 du 8 août 2000 modifié par l’arrêté interpréfectoral</line>
<line>n°06-6161 du 30 novembre 2006 prescrivant un plan de prévention des risques d’inondation liés aux</line>
<line>crues du Lez sur la commune de Montségur sur Lauzon,</line></par>
<par>
<line>VU l’arrêté interpréfectoral n° 05-0862 du 3 mars 2005 portant ouverture d’une enquête</line>
<line>publique relative au plan de prévention des risques d’inondation sur le bassin versant du Lez, dans la</line>
<line>commune de Montségur sur Lauzon,</line></par>
</text>
</block>
<block><region><rect/></region>
<text>
<par>
<line>3, boulevard Vauban - 26030 VALENCE Cédex 9 - Téléphone :</line></par>
</text>
</block>
<block><region><rect/></region>
<text>
<par>
<line>80 30 26 - Télécopie : 04 75 42 87 55</line></par>
</text>
</block>

</page>
<page width="2377" height="3398" resolution="300">
<block><region><rect/></region>
<text>
<par>
<line>vu la délibération du conseil municipal de Montségur sur Lauzon du 13 janvier 2005,</line>
<line>VU l’avis du service départemental d’incendie et de secours de la Drôme du 17 janvier</line></par>
<par>
<line>2005,</line></par>
</text>
</block>
<block><region><rect/></region>
<text>
<par>
<line>VU l’avis du centre régional de la propriété forestière du 10 février 2005,</line></par>
<par>
<line>VU l’avis de la chambre d’agriculture de la Drôme du 21 février 2005,</line></par>
<par>
<line>VU l’avis de la Direction Régionale de l’Environnement du 22 février2005,</line></par>
<par>
<line>VU l’avis du Syndicat des Vignerons des Côtes du Rhône du 11 juillet 2005,</line></par>
<par>
<line>VU le rapport et l’avis de la Commission d’enquête du 23 décembre 2005,</line></par>
<par>
<line>VU le rapport d’analyse de juin 2006 de la Direction Départementale de l’Equipement,</line></par>
<par>
<line>Considérant que le plan de prévention des risques inondation de la commune de</line>
<line>Montségur sur Lauzon est conforme aux objectifs de préservation des vies humaines, de réduction de</line>
<line>la vulnérabilité et, par voie de conséquence, de réduction des coûts des domroages liés à une</line>
<line>inondation clairement exprimés dans la circulaire du 30 avril 2002 du ministère de l’aménagement du</line>
<line>territoire et de l’environnement.</line></par>
<par>
<line>Considérant ainsi que le règlement contient des mesures de prévention et de sauvegarde</line>
<line>conformes à la doctrine nationale du ministère de l’écologie et du développement durable limitant au</line>
<line>mieux les effets d’ime crue centennale.</line></par>
</text>
</block>
<block><region><rect/></region>
<text>
<par>
<line>Sur la proposition de M. le Secrétaire Général de la préfecture de la Drôme,</line></par>
</text>
</block>
<block><region><rect/></region>
<text>
<par>
<line>ARRETE</line></par>
</text>
</block>
<block><region><rect/></region>
<text>
<par>
<line>ARTICLE 1"" ;</line></par>
<par>
<line>Le Plan de Prévention des Risques Naturels d’inondations liés aux crues du</line>
<line>Lez sur la commune de Montségur sur Lauzon est approuvé.</line></par>
</text>
</block>
<block><region><rect/></region>
<text>
<par>
<line>ARTICLE 2 ;</line></par>
<par>
<line>Le plan de prévention des risques naturels d’inondations comprend les pièces</line></par>
<par>
<line>suivantes ci-annexées:</line></par>
</text>
</block>
<block><region><rect/></region>
<text>
<par>
<line>-la note de présentation</line></par>
<par>
<line>-la carte de zonage réglementaire</line></par>
</text>
</block>


</page>
<page width="2390" height="3407" resolution="300">
<block><region><rect/></region>
<text>
<par>
<line>-le règlement :</line></par>
</text>
</block>
<block><region><rect/></region>
<text>
<par>
<line>Sont également annexés, à titre d’information :</line></par>
<par>
<line>-les documents graphiques</line></par>
<par>
<line>-la carte de synthèse des cartographies réglementaires du bassin versant</line></par>
<par>
<line>du Lez</line></par>
</text>
</block>
<block><region><rect/></region>
<text>
<par>
<line>ARTICLE 3 :</line></par>
<par>
<line>Le Plan de Prévention des Risques Naturels d’inondations, sur le territoire de</line>
<line>la commune de Montségur sur Lauzon, est tenu à la disposition du public aux jours et heures</line>
<line>ouvrables à la mairie de Montségur sur Lauzon ainsi que dans les locaux de la Préfecture de la</line>
<line>Drôme à Valence (bureau de la protection de l’environnement).</line></par>
</text>
</block>
<block><region><rect/></region>
<text>
<par>
<line>ARTICLE 4 :</line></par>
<par>
<line>Le présent arrêté sera publié au Recueil des Actes Administratifs de la</line>
<line>Préfecture et mention en sera faite dans un journal diffusé dans le département.</line></par>
<par>
<line>L’arrêté sera également affiché pendant un mois au minimum à la mairie de</line>
<line>Montségur sur Lauzon et porté à la connaissance du public par tout autre procédé en usage dans</line>
<line>cette commime. Ces mesures de publicité seront justifiées par un certificat du maire de la commune.</line></par>
</text>
</block>
<block><region><rect/></region>
<text>
<par>
<line>ARTICLE 5 :</line></par>
<par>
<line>Le présent arrêté peut faire l’objet d’un recours contentieux devant le Tribunal</line>
<line>Administratif de Grenoble dans un délai de deux mois à compter de sa publication.</line></par>
</text>
</block>
<block><region><rect/></region>
<text>
<par>
<line>ARTICLE 6 :</line></par>
<par>
<line>Le Secrétaire Général de la Préfecture de la Drôme, le Sous-Préfet de Nyons,</line>
<line>le Directeur Départemental de l’Equipement, le Maire de la commune de Montségur sur Lauzon sont</line>
<line>chargés, chacun en ce qui le concerne, de l’exécution du présent arrêté.</line></par>
</text>
</block>
<block><region><rect/></region>
<text>
<par>
<line>Fait à Valence, le</line></par>
</text>
</block>
<block><region><rect/><rect/></region>
<text>
<par>
<line>Le Préfet,</line></par>
</text>
</block>
<block><region><rect/></region>
<text>
<par>
<line>iessi-ClaUvîe '</line></par>
</text>
</block>
<block><region><rect/></region>
<text>
<par>
<line>;tïon</line></par>
</text>
</block>






</page>
</PM1>