<?xml version="1.0" encoding="UTF-8"?><PM1>
<page width="2479" height="3504" resolution="300">
<block><region><rect/></region>
<text>
<par>
<line>Liberté * Égalité • Fraternité</line></par>
<par>
<line>RÉpuBLiauE Française</line></par>
<par>
<line>PRÉFET DES PYRÉNÉES-ATLANTIQUES</line></par>
</text>
</block>
<block><region><rect/></region>
<text>
<par>
<line>Direction Départementale</line>
<line>des Territoires et de la Mer</line></par>
</text>
</block>
<block><region><rect/></region>
<text>
<par>
<line>Kl'IMS oIl--ûoûf</line></par>
</text>
</block>
<block><region><rect/></region>
<text>
<par>
<line>Arrêté préfectoral approuvant le plan de prévention des risques inondations de la commune de Bésingrand</line></par>
</text>
</block>
<block><region><rect/></region>
<text>
<par>
<line>Le Préfet des Pyrénées-Atlantiques,</line></par>
<par>
<line>Chevalier de la Légion d’Honneur,</line></par>
<par>
<line>Officier de l’Ordre National du Mérite,</line></par>
<par>
<line>Vu le code de l’environnement et notamment ses articles L. 562-1 à L. 562-9 et R. 562-1 à R. 562-10, relatifs</line>
<line>aux plans de prévention des risques naturels prévisibles ;</line></par>
<par>
<line>Vu la circulaire du 24 janvier 1994 relative à la prévention des inondations et à la gestion des zones inondables ;</line></par>
<par>
<line>Vu la circulaire du 24 avril 1996 relative aux dispositions applicables au bâti et ouvrages existants en zones</line>
<line>inondables ;</line></par>
<par>
<line>Vu la loi n° 95-101 du 2 février 1995 relative au renforcement de la protection de l’environnement ;</line></par>
<par>
<line>Vu la loi n° 2010-788 du 12 juillet 2010 portant engagement national pour l’environnement ;</line></par>
<par>
<line>Vu l’arrêté préfectoral n° 2011-208-21 en date du 27 juillet 2011, prescrivant le plan de prévention des risques</line>
<line>inondations (P.P.R.I.) de la commune de Bésingrand ;</line></par>
<par>
<line>Vu l’avis recueilli et notamment la délibération du conseil municipal de Bésingrand en date du 17 avril 2014,</line>
<line>les avis réputés favorables de la communauté de communes de Lacq-Orthez, de la chambre de l’agriculture</line>
<line>des P3nénées-atlantiques et du service départemental d’incendie et de secours des Pyrénées-atlantiques ;</line></par>
<par>
<line>Vu l’arrêté préfectoral du 21 juillet 2014 prescrivant l’ouverture de l’enquête publique au vu de l’élaboration du</line>
<line>plan de prévention des risques inondations (P.P.R.I.) de la commune de Bésingrand ;</line></par>
<par>
<line>Vu le rapport et conclusions du commissaire enquêteur en date du 17 octobre 2014 et complétés en date du 14</line>
<line>novembre 2014 à la demande du tribunal administratif ;</line></par>
<par>
<line>Sur proposition du directeur départemental des territoires et de la mer en date du 22 janvier 2015 ;</line></par>
</text>
</block>
<block><region><rect/></region>
<text>
<par>
<line>ARRETE :</line></par>
</text>
</block>
<block><region><rect/></region>
<text>
<par>
<line>Article 1'" :</line></par>
<par>
<line>I - Est approuvé tel qu’il est aimexé au présent arrêté, le plan de prévention des risques inondations de la</line>
<line>commune de Bésingrand.</line></par>
<par>
<line>II - Le plan de prévention des risques inondations comprend : un règlement, une carte réglementaire, une note</line>
<line>de présentation, une carte des aléas, une carte des hauteurs et vitesses d’eau, une carte des enjeux, un plan de</line>
<line>situation, et une carte informative.</line></par>
<par>
<line>III - Le plan de prévention des risques inondations est tenu à la disposition du public à la mairie de Bésingrand,</line>
<line>à la communauté de communes de Lacq-Orthez, à la direction départementale des territoires et de la mer et à la</line>
<line>préfecture de Pau, aux jours ouvrables et heures d’ouverture habituelles de leurs bureaux respectifs. Il sera</line>
<line>également consultable sur le site Internet des services de l’Etat : www.Dvrenees-atlantiQues.gouv.fr</line></par>
<par>
<line>Article 2 : Le présent arrêté sera publié au recueil des actes administratifs de la préfecture des Pyrénées-</line>
<line>atlantiques et mention en sera faite, à la diligence du préfet, dans le journal La République des Pyrénées. Un</line>
<line>exemplaire ou une copie de l’annonce parue dans ce journal sera annexé au dossier.</line></par>
<par>
<line>Une copie de l’arrêté d’approbation sera affichée à la mairie de Bésingrand, à la diligence du maire, et au siège</line>
<line>de la communauté de communes Lacq-Orthez, à la diligence du président, pendant un mois au minimum à partir</line>
<line>de la date de réception de la notification du présent arrêté. Un certificat du maire et du président de la</line>
<line>communauté de communes justifiera l’accomplissement de cette formalité et sera annexé au dossier.</line></par>
</text>
</block>



</page>
<page width="2487" height="3509" resolution="300">
<block><region><rect/></region>
<text>
<par>
<line>Article 3 : Le présent arrêté pourra faire l’objet, dans le délai de deux (2) mois à compter de la plus tardive des</line>
<line>mesures de publicité prévues à l’article 2, soit d’un recours gracieux auprès du Préfet des Pyrénées-atlantiques,</line>
<line>soit d’un recours hiérarchique adressé au ministre de l’écologie, du développement durable et de l’énergie.</line></par>
<par>
<line>Il peut également faire l’objet d’un recours contentieux auprès du tribunal administratif compétent soit</line>
<line>directement, en l’absence de recours préalable (recours gracieux ou hiérarchique), dans le délai de deux (2) mois</line>
<line>à compter de la plus tardive des mesures de publicité prévues à l’article 2, soit à l’issue d’un recours préalable</line>
<line>dans les deux (2) mois à compter de la date de notification de la réponse obtenue de l’administration, ou au</line>
<line>terme d’un silence gardé par celle-ci pendant deux (2) mois à compter de la réception de la demande.</line></par>
<par>
<line>Article 4 : La secrétaire générale de la préfecture des Pyrénées-atlantiques, le maire de Bésingrand, le directeur</line>
<line>départemental des territoires et de la mer, le président de la communauté de commune de Lacq-Orthez, sont</line>
<line>chargés, chacun en ce qui le concerne, de l’exécution du présent arrêté.</line></par>
</text>
</block>
<block><region><rect/></region>
<text>
<par>
<line>Fait à Pau, le 2 7 JAN. 2015</line></par>
<par>
<line>Le Préfet,</line></par>
</text>
</block>
<block><region><rect/><rect/></region>
<text>
<par>
<line>Pour le Préfet e</line>
<line>La Secrétc/n</line></par>
</text>
</block>
<block><region><rect/><rect/><rect/><rect/></region>
<text>
<par>
<line>r/Olélégation,</line>
<line>iérale,</line></par>
</text>
</block>
<block><region><rect/></region>
<text>
<par>
<line>Marie AUBERT</line></par>
</text>
</block>
<block><region><rect/></region>
<text>
<par>
<line>http://www.pyrenees-atlantiques.gouv.fr</line></par>
</text>
</block>
</page>
</PM1>