<?xml version="1.0" encoding="UTF-8"?><PM1>
<page width="1653" height="2339" resolution="200">
<block><region><rect/></region>
<text>
<par>
<line>Liberté • Égalité • Fraternité</line></par>
<par>
<line>RÉPUBLIQUE Française</line></par>
</text>
</block>
<block><region><rect/></region>
<text>
<par>
<line>PRÉFET DU GARD</line></par>
</text>
</block>
<block><region><rect/></region>
<text>
<par>
<line>Direction Départementale</line>
<line>des Territoires et de la Mer</line></par>
<par>
<line>Service Obseivation Territoriale Urbanisme et Risques</line>
<line>Unité Risque Inondation</line></par>
</text>
</block>
<block><region><rect/></region>
<text>
<par>
<line>ARRETE N° 2014- 033 ~ 00^0</line></par>
<par>
<line>Relatif à Papprobation de la modification du Plan de Prévention des Risques</line>
<line>d’inondation (PPRi) sur la commune de BELLEGARDE</line></par>
</text>
</block>
<block><region><rect/></region>
<text>
<par>
<line>Le Préfet du Gard</line></par>
<par>
<line>Chevalier de l’Ordre National du Mérite</line></par>
</text>
</block>
<block><region><rect/></region>
<text>
<par>
<line>Vu le Code de l’Environnement et notamment ses articles L.562-1 à L.562-9 et R.562-1 à</line>
<line>R.562-10 relatifs aux Plans de Prévention des Risques Naturels,</line></par>
<par>
<line>Vu l’arrêté préfectoral n°2012-195-0013 du 13 juillet 2012 portant approbation du Plan</line>
<line>de Prévention des Risques Inondation sur la commune de Bellegarde,</line></par>
<par>
<line>Vu l’arrêté préfectoral n° 2013-287-0063 du 14 octobre 2013 prescrivant la modification</line>
<line>du Plan de Prévention des Risques Inondation sur la commune de Bellegarde,</line></par>
<par>
<line>Vu le rapport du Directeur Départemental des Territoires et de la Mer du Gard</line>
<line>du 4 février 2014,</line></par>
<par>
<line>CONSIDERANT la nécessité de modifier les documents graphiques du PPRi approuvé</line>
<line>sur la commune de Bellegarde afin de rectifier une erreur matérielle sur la définition des</line>
<line>enjeux,</line></par>
<par>
<line>CONSIDERANT que la modification qui porte sur le secteur dit " la Vaque basse ” ne</line>
<line>porte pas atteinte à l’économie générale du PPRi de la commune de Bellegarde,</line></par>
<par>
<line>SUR proposition de Monsieur le Secrétaire Général de la Préfecture du Gard,</line></par>
</text>
</block>
<block><region><rect/></region>
<text>
<par>
<line>ARRETE</line></par>
</text>
</block>
<block><region><rect/></region>
<text>
<par>
<line>Article 1er :</line></par>
<par>
<line>La modification du Plan de Prévention des Risques d’inondation sur la commune de</line>
<line>Bellegarde est approuvée, telle qu’annexée au présent arrêté, sur l’ensemble du temtoire du</line>
<line>PPRi (commune de Bellegarde).</line></par>
<par>
<line>Nouveau N'’ de téléphone UNIQUE pour les services de l'Etat dans le Gard : 0 820 09 11 72</line>
<line>au tarif de 11,8 cts d’euro la minute depuis un poste fixe.</line></par>
</text>
</block>


</page>
<page width="1663" height="2346" resolution="200">
<block><region><rect/></region>
<text>
<par>
<line>Article 2 :</line></par>
</text>
</block>
<block><region><rect/></region>
<text>
<par>
<line>Le dossier de modification comprend :</line></par>
<par>
<line>- La carte du zonage réglementaire modifiée</line></par>
<par>
<line>Il est tenu à la disposition du public dans les locaux :</line></par>
<par>
<line>-de la mairie de Bellegarde</line></par>
<par>
<line>-de la Préfecture du département du GARD,</line></par>
<par>
<line>-de la Direction Départementale des Temtoires et de la Mer du Gard :</line></par>
<par>
<line>89, rue Weber 30907 NÎMES.</line></par>
<par>
<line>Article 3 :</line></par>
<par>
<line>Une copie du présent an'êté sera adressée à :</line></par>
<par>
<line>-Monsieur le Maire de la commune de Bellegarde</line></par>
<par>
<line>-Monsieur le Directeur Régional de l’Environnement, de l’Aménagement et du</line>
<line>Logement Languedoc-Roussillon,</line></par>
<par>
<line>-Madame la Directrice Régionale de l’Environnement, de l’Aménagement et du</line>
<line>Logement Rhône-Alpes,</line></par>
<par>
<line>-Madame la Directrice Générale de la Prévention des Risques du Ministère en charge</line>
<line>de l’Écologie, du Développement Durable et de l’Énergie.</line></par>
<par>
<line>Article 4 ;</line></par>
<par>
<line>Une copie du présent an'êté sera affichée en Mairie de Bellegarde pendant au moins un</line>
<line>mois à partir de la date de réception de la notification du présent arrêté et mention en sera</line>
<line>faite en caractères apparents dans le journal MIDI LIBRE.</line></par>
<par>
<line>Article 5 ;</line></par>
<par>
<line>Le présent arrêté sera publié au Recueil des Actes Administratifs de la Préfecture.</line></par>
<par>
<line>Article 6 ;</line></par>
<par>
<line>Le Maire de la commune de Bellegarde, la Préfecture du département du GARD et la</line>
<line>Direction Départementale des Temtoires et de la Mer du Gard devront procéder à la mise à jour</line>
<line>du dossier du PPRi de la commune de Bellegarde en intégrant les pièces de la présente</line>
<line>modification,</line></par>
<par>
<line>Article 7 :</line></par>
<par>
<line>Le présent arrêté peut faire l’objet d’un recours contentieux auprès du Tribunal</line>
<line>Administratif de Nîmes, 16, Avenue Feuchères CS 88010 - 30941 Nîmes Cedex 9, dans un</line>
<line>délai de 2 mois à compter de l’exécution des formalités de publicité.</line></par>
<par>
<line>Article 8 :</line></par>
<par>
<line>Monsieur le Secrétaire Général de la Préfecture du Gard, Monsieur le Directeur</line>
<line>Départemental des Territoires et de la Mer du Gard et Monsieur le Maire de la commune de</line>
<line>Bellegarde sont chargés, chacun en ce qui les concerne, de l’exécution du présent an'êté.</line></par>
</text>
</block>
<block><region><rect/></region>
<text>
<par>
<line>Fait à Nîmes, le</line></par>
</text>
</block>
<block><region><rect/></region>
<text>
<par>
<line>Le Préfe</line></par>
</text>
</block>
<block><region><rect/></region>
<text>
<par>
<line>7 FEV. ZOU</line></par>
</text>
</block>
<block><region><rect/></region>
<text>
<par>
<line>Nouveau N° de téléphone UNIQUE pour les services de l'Etat dans le Gard</line>
<line>au tarif de 11,8 cts d'euro la minute depuis un poste fixe.</line></par>
</text>
</block>
<block><region><rect/></region>
<text>
<par>
<line>RTIN</line></par>
</text>
</block>
<block><region><rect/></region>
<text>
<par>
<line>dier</line></par>
</text>
</block>
<block><region><rect/></region>
<text>
<par>
<line>'1 72</line></par>
</text>
</block>










</page>
</PM1>