<?xml version="1.0" encoding="UTF-8"?><PM1>
<page width="2491" height="3516" resolution="300">
<block><region><rect/></region>
<text>
<par>
<line>liktrté • Égaliti » Fraiemité</line></par>
<par>
<line>RÉPUBLIQUE Française</line></par>
<par>
<line>z. b Lir^nzi u jz</line></par>
</text>
</block>
<block><region><rect/></region>
<text>
<par>
<line>Arrêté n‘’2012-DDT-613</line>
<line>en date du i o o^p</line></par>
<par>
<line>Portant approbation dé là modification du</line>
<line>plan de prévention du risque inondation</line>
<line>de la rivière « La Vienne »,</line>
<line>secteur d'Availies-Limouzine à Vaidivienne,</line></par>
</text>
</block>
<block><region><rect/></region>
<text>
<par>
<line>Le Préfet de la région Poitou-Charentes</line>
<line>Préfet de ia Vienne</line>
<line>Officier de la légion d'honneur</line>
<line>Officier de l'ordre national du mérite</line></par>
</text>
</block>
<block><region><rect/></region>
<text>
<par>
<line>VU le code de l'environnement notamment ses articles L.562-1 à L.562-10-2,</line></par>
<par>
<line>VU le code de l'urbanisme,</line></par>
<par>
<line>VU la loi n" 2010-788 du 12 juillet 2010 portant engagement national pour l'environnement dite</line>
<line>« Loi Grenelle 2 »et notamment ses articles 25 et 222,</line></par>
<par>
<line>VU l'ordonnance n‘’2011-1539 du 16 novembre 2011 relative à la définition des surfaces de</line>
<line>plancher prises en compte dans le droit de l'urbanisme,</line></par>
<par>
<line>VU le décret n°2011-2054 du 29 décembre 2011 pris pour l'application de l'ordonnance n'’2011-</line>
<line>1539 du 16 novembre 2011 relative à la définition des surfaces de plancher prises en compte</line>
<line>dans le droit de l'urbanisme,</line></par>
<par>
<line>VU le décret n°2011-765 du 28 juin 2011 relatif à ia procédure d'élaboration, de révision et de</line>
<line>modification des plans de prévention des risques naturels prévisibles,</line></par>
<par>
<line>VU l'arrêté préfectoral n°2009/310 du 24 décembre 2009 portant approbation du plan de</line>
<line>prévention du risque inondation de la rivière « ia Vienne » secteur d'Availies-Limouzine à</line>
<line>Vaidivienne</line></par>
<par>
<line>VU l'arrêté préfectoral n°2012-DDT-155 du 14 mars 2012 prescrivant ia modification du pian de</line>
<line>prévention du risque inondation de la rivière «c ia Vienne » secteur d'Availies-Limouzine à</line>
<line>Vaidivienne,</line></par>
<par>
<line>VU l'avis favorable du conseil municipal de Mazerolles en date du 02 avril 2012,</line></par>
<par>
<line>VU l'avis favorable du conseil municipal de L'Isle-Jourdain en date du 10 avril 2012,</line></par>
<par>
<line>VU l'avis favorable du conseil municipal de Lussac-les-Châteaux en date du 27 avril 2012,</line></par>
<par>
<line>VU l'avis favorable du conseil municipal du Vigeant en date du 07 mai 2012,</line></par>
<par>
<line>VU l’avis réputé favorable des conseils municipaux d'Availies-Limouzine, Millac, Moussac-sur-</line>
<line>Vienne, Queaux, Persac, Gouex, Civaux, Vaidivienne et des communautés de communes du</line>
<line>« Pays Montmorillonais », du « Pays Chauvinois » et du « Lussacois » ,</line></par>
<par>
<line>SUR proposition de Monsieur le Sous-Préfet, Directeur de cabinet du Préfet de la Vienne,</line></par>
</text>
</block>


</page>
<page width="2492" height="3517" resolution="300">
<block><region><rect/></region>
<text>
<par>
<line>ARRETE</line></par>
</text>
</block>
<block><region><rect/></region>
<text>
<par>
<line>ARTICLE 1 :</line></par>
</text>
</block>
<block><region><rect/></region>
<text>
<par>
<line>La modification du plan de prévention du risque inondation de la rivière « ia Vienne » sur le territoire des communes</line>
<line>d'Availles-Limouzine, Civaux, Gouex, L'Isle-Jourdain, Le Vigeant, Lussac-les-Châteaux, Mazerolles, Miliac, Moussac,</line>
<line>Persac, Queaux et \Æildivienne est approuvé conformément au dossier annexé au présent arrêté.</line></par>
<par>
<line>Cete modification porte sur le règlement. Les plans de zonage restent inchangés.</line></par>
</text>
</block>
<block><region><rect/></region>
<text>
<par>
<line>ARTICLE 2 :</line></par>
</text>
</block>
<block><region><rect/></region>
<text>
<par>
<line>Ce plan de prévention du risque d’inondation valant servitude d'utilité publique au sens de l'article L.126-1 du</line>
<line>Code de l'Urbanisme, la modification sera annexée aux plans locaux d'urbanisme (PLU) en vigueur dans les</line>
<line>communes concernées dans les conditions prévues aux articles R126-1, R126-2 et R123-22 du Code de</line>
<line>l'urbanisme.</line></par>
</text>
</block>
<block><region><rect/></region>
<text>
<par>
<line>ARTICLE 3 :</line></par>
<par>
<line>Le présent arrêté sera publié au recueil des actes administratifs de la préfecture de la Vienne, ainsi que dans un</line>
<line>journal diffusé dans le département. En outre, une copie du présent arrêté sera affichée dans chacune des mairies et</line>
<line>des établissements publics de coopération intercommunale concernés pendant un mois minimum.</line></par>
</text>
</block>
<block><region><rect/></region>
<text>
<par>
<line>ARTICLE 4 :</line></par>
</text>
</block>
<block><region><rect/></region>
<text>
<par>
<line>Les documents relatifs à la modification du plan de prévention du risque inondation de la rivière « la Vienne » secteur</line>
<line>d'Avaiiles-Limouzine à \^ldlvienne seront tenus à disposition du public dans chacune des mairies concernées, en</line>
<line>préfecture ainsi qu'à la direction départementale des territoires de la Vienne.</line></par>
</text>
</block>
<block><region><rect/></region>
<text>
<par>
<line>ARTICLE 5 :</line></par>
<par>
<line>Monsieur le Sous-Préfet, Directeur de cabinet du Préfet de la Vienne, Mesdames et Messieurs les Maires des</line>
<line>communes d'Avaiiles-Limouzine, Civaux, Gouex, L'Isle-Jourdain, Le Vigeant, Lussac-les-Châteaux, Mazerolles, Miliac,</line>
<line>Moussac, Persac, Queaux, Valdivienne, Messieurs les Présidents des établissements publics de coopération</line>
<line>intercommunale et Monsieur le Directeur départemental des territoires de la Vienne sont chargés, chacun en ce qui les</line>
<line>concerne de l'exécution du présent arrêté.</line></par>
</text>
</block>
<block><region><rect/></region>
<text>
<par>
<line>Poitiers, le p '7r</line></par>
<par>
<line>Le Préfet de la région Poitou-Charentes,</line>
<line>Préfet de la Vienne,</line></par>
</text>
</block>
<block><region><rect/></region>
<text>
<par>
<line>OASSONVILLl</line></par>
</text>
</block>






</page>
</PM1>