<?xml version="1.0" encoding="UTF-8"?><PM1>
<page width="1653" height="2336" resolution="200">
<block><region><rect/></region>
<text>
<par>
<line>Liberté • Égalité • Fraternité</line></par>
<par>
<line>RÉPUBLIQUE Française</line></par>
</text>
</block>
<block><region><rect/></region>
<text>
<par>
<line>PRÉFET DU GARD</line></par>
</text>
</block>
<block><region><rect/><rect/></region>
<text>
<par>
<line>Direction Départementale</line>
<line>des Territoires et de la Mer</line></par>
<par>
<line>Service Observation Territoriale Urbanisme et Risques</line>
<line>Unité Risque Inondation</line>
<line>Affaire suivie par : Mathieu Bourgoin</line>
<line>S 04 66 62 63 70</line>
<line>Mcl : mathicu.bourgoin@gard.gouv.fr</line></par>
<par>
<line>ARRETE N° 2014- C3 4 ^</line></par>
<par>
<line>Portant approbation du Plan de Prévention des Risques d'inondation (PPRi)</line>
<line>sur la Commune de LEDENON</line></par>
<par>
<line>Le Préfet du Gard</line></par>
<par>
<line>Chevalier de l’ordre national du Mérite,</line></par>
</text>
</block>
<block><region><rect/></region>
<text>
<par>
<line>Nîmes, le</line></par>
</text>
</block>
<block><region><rect/></region>
<text>
<par>
<line>-a m. ZOH</line></par>
</text>
</block>
<block><region><rect/></region>
<text>
<par>
<line>Vu le Code de l'Environnement et notamment ses articles L.562-1 à L.562-9 et R.562-1 à R.562-</line>
<line>10 relatifs aux Plans de Prévention des Risques Naturels,</line></par>
<par>
<line>Vu le Code de l’Urbanisme et notamment son article L.126-1,</line></par>
<par>
<line>Vu l'arrêté préfectoral n° 2010-349-0034 du 15 décembre 2010 portant élaboration d’un Plan de</line>
<line>Prévention des Risques sur la commune de LEDENON,</line></par>
<par>
<line>Vu l'arrêté préfectoral 2013-196-0030 du 17 juillet 2013 prescrivant l'ouverture et organisation</line>
<line>d'une enquête publique du projet de Plan de Prévention des Risques d'inondation de la Commune</line>
<line>de LEDENON,</line></par>
<par>
<line>Vu l'avis du Conseil Municipal de la Commune de LEDENON en date du 6 août 2013,</line></par>
<par>
<line>Vu l'avis de la Chambre d'Agriculture du Gard en date du 8 août 2013,</line></par>
<par>
<line>Vul 'avis réputé favorable du Conseil Général du Gard,</line></par>
<par>
<line>Vu l'avis réputé favorable du Conseil Régional Languedoc-Roussillon,</line></par>
<par>
<line>Vu l'avis du Centre Régional de la Propriété Forestière Languedoc-Roussillon en date du 6 août</line>
<line>2013,</line></par>
<par>
<line>Vu le rapport et les conclusions de la commission d'enquête en date du 27 janvier 2014,</line></par>
<par>
<line>Vu le rapport du Directeur Départemental des Territoires et de la Mer du Gard du 2 avril 2014,</line>
<line>SUR proposition de Monsieur le Secrétaire Général de la Préfecture du Gard,</line></par>
</text>
</block>



</page>
<page width="1653" height="2336" resolution="200">
<block><region><rect/></region>
<text>
<par>
<line>ARRETE</line></par>
</text>
</block>
<block><region><rect/></region>
<text>
<par>
<line>Article 1er :</line></par>
<par>
<line>Le Plan de Prévention des Risques d’inondation (PPRi) de la Commune de LEDENON</line>
<line>est approuvé, tel qu'il est annexé au présent arrêté.</line></par>
<par>
<line>Article 2 :</line></par>
<par>
<line>Le dossier comprend :</line></par>
<par>
<line>-un rapport de présentation</line></par>
<par>
<line>-un résumé non technique</line></par>
<par>
<line>-un règlement</line></par>
<par>
<line>-le zonage réglementaire</line></par>
<par>
<line>-des annexes cartographiques : cartes d'aléa</line></par>
<par>
<line>Il est tenu à la disposition du public dans les locaux :</line></par>
<par>
<line>-de la Mairie de LEDENON,</line></par>
<par>
<line>-de la Préfecture du département du GARD,</line></par>
<par>
<line>-de la Direction Départementale des Territoires et de la Mer du Gard :</line></par>
<par>
<line>89, rue Weber 30907 NÎMES.</line></par>
<par>
<line>Article 3 :</line></par>
<par>
<line>Une copie du présent arrêté sera adressée :</line></par>
<par>
<line>-Monsieur le Maire de la Commune de LEDENON,</line></par>
<par>
<line>-Monsieur le Directeur Régional de l’Environnement, de l'Aménagement et du Logement</line>
<line>Languedoc-Roussillon,</line></par>
<par>
<line>-Madame la Directrice Générale de la Prévention des Risques du Ministère en charge de</line>
<line>l’Ecologie, du Développement Durable et de l'Énergie.</line></par>
<par>
<line>Article 4 :</line></par>
<par>
<line>Une copie du présent arrêté sera affichée en Mairie de LEDENON pendant au moins un</line>
<line>mois à partir de la date de réception de la notification du présent arrêté et mention en sera faite</line>
<line>en caractères apparents dans le journal MIDI LIBRE.</line></par>
<par>
<line>Article 5 ;</line></par>
<par>
<line>Le présent arrêté sera publié au Recueil des Actes Administratifs de la Préfecture.</line></par>
<par>
<line>Article 6 ;</line></par>
<par>
<line>En application de l’article L.562-4 du Code de l’Environnement, le Plan de Prévention</line>
<line>des Risques d'inondation approuvé vaut servitude d’utilité publique. A ce titre, le Maire devra</line>
<line>annexer le présent PPRi au document d’urbanisme de la Commune, conformément à l’article</line>
<line>L.126-1 du Code de l’Urbanisme.</line></par>
</text>
</block>







</page>
<page width="1659" height="2340" resolution="200">
<block><region><rect/></region>
<text>
<par>
<line>Article 7 :</line></par>
<par>
<line>Le présent arrêté peut faire l'objet d’un recours gracieux ou d’un recours contentieux</line>
<line>auprès du Tribunal Administratif de Nîmes, dans un délai de 2 mois à compter de l’exécution</line>
<line>des formalités de publicité.</line></par>
</text>
</block>
<block><region><rect/></region>
<text>
<par>
<line>Article 8 :</line></par>
<par>
<line>Monsieur le Secrétaire Général de la Préfecture du Gard, Monsieur le Directeur</line>
<line>Départemental des Territoires et de la Mer du Gard et Monsieur le Maire de LEDENON sont</line>
<line>chargés, chacun en ce qui les concerne, de l’exécution du présent arrêté.</line></par>
</text>
</block>
<block><region><rect/></region>
<text>
<par>
<line>Le Préfet,</line></par>
</text>
</block>
<block><region><rect/><rect/></region>
<text>
<par/>
</text>
</block>
<block><region><rect/></region>
<text>
<par>
<line>Didier MAItTIM</line></par>
</text>
</block>
<block><region><rect/></region>
<text>
<par/>
</text>
</block>






</page>
</PM1>