<?xml version="1.0" encoding="UTF-8"?><PM1>
<page width="2497" height="3517" resolution="300">
<block><region><rect/></region>
<text>
<par>
<line>Liberté ► Egnlilé • Fraternilé</line></par>
<par>
<line>République Française</line></par>
</text>
</block>
<block><region><rect/></region>
<text>
<par>
<line>PRÉFET DES PYRÉNÉES-ATLANTIQUES</line></par>
</text>
</block>
<block><region><rect/></region>
<text>
<par>
<line>Direction Départementale</line>
<line>des Territoires et de la Mer</line></par>
<par>
<line>3&gt;S%.oqAo</line></par>
<par>
<line>Arrêté préfectoral approuvant la révision du plan de prévention du risque d’inondation</line>
<line>de la Nivelle pour la commune de Saint-Pée-sur-Nivelle</line></par>
</text>
</block>
<block><region><rect/></region>
<text>
<par>
<line>Le Préfet des Pyrénées-Atlantiques,</line></par>
<par>
<line>Chevalier de la Légion d’Honneur,</line></par>
<par>
<line>Officier de l’Ordre National du Mérite,</line></par>
<par>
<line>VU le code de T environnement, articles L. 562-1 à L. 562-9 et R. 562-1 à R. 562-10 ;</line></par>
<par>
<line>VU l’arrêté préfectoral n° 2008-80-12 en date du 20 mars 2008, prescrivant la révision du plan de prévention du</line>
<line>risque d’inondation (P.P.R.I.) de la Nivelle pour la commune de Saint-Pée-sur-Nivelle ;</line></par>
<par>
<line>VU la délibération du conseil municipal de Saint-Pée-sur-Nivelle en date du 16 juillet 2012 ;</line></par>
<par>
<line>VU l’arrêté préfectoral du 29 janvier 2013 prescrivant l’ouverture de l’enquête publique relative à la révision du</line>
<line>plan de prévention du risque naturels (P.P.R.I.) de la Nivelle pour la commune de Saint-Pée-sur-Nivelle ;</line></par>
<par>
<line>VU l’arrêté préfectoral du 13 mars 2013 prolongeant l’enquête publique relative à la révision du plan de</line>
<line>prévention du risque naturels (P.P.R.I.) de la Nivelle pour la commune de Saint-Pée-sur-Nivelle ;</line></par>
<par>
<line>VU le rapport et conclusions du commissaire enquêteur en date du 26 mai 2013 ;</line></par>
<par>
<line>Sur proposition du directeur départemental des territoires et de la mer en date du 16 décembre 2013 ;</line></par>
<par>
<line>ARRETE :</line></par>
</text>
</block>
<block><region><rect/></region>
<text>
<par>
<line>Article 1" :</line></par>
<par>
<line>I - Est approuvée telle qu’elle est annexée au présent arrêté, la révision du plan de prévention du risque</line>
<line>d’inondation de la Nivelle pour la commune de Saint-Pée-sur-Nivelle.</line></par>
<par>
<line>II - Le P.PR.I. comprend : un règlement, trois cartes réglementaires, une partie annexe comprenant une note de</line>
<line>présentation, trois cartes des aléas, une carte des hauteurs et vitesses d’eau, une carte des enjeux, un plan de</line>
<line>situation, et une carte informative.</line></par>
<par>
<line>III - Le P.P.R.I. est tenu à la disposition du public à la mairie de Saint-Pée-sur-Nivelle, à la direction</line>
<line>départementale des territoires et de la mer, à la préfecture de Pau.</line></par>
<par>
<line>Article 2 : Le présent arrêté sera publié au recueil des actes administratifs et mention en sera faite dans les 2</line>
<line>journaux la République des Pyrénées et Sud-Ouest édition Pays Basque.</line></par>
<par>
<line>Une copie de l’arrêté d’approbation sera affichée à la mairie pendant un mois au minimum. Cette mesure de</line>
<line>publicité sera justifiée par un certificat du maire et un exemplaire des journaux sera annexé au dossier.</line></par>
<par>
<line>Article 3 : Le secrétaire général de la préfecture des Pyrénées-atlantiques, le sous-préfet de Bayonne, le maire</line>
<line>de Saint-Pée-sur-Nivelle, le directeur départemental des territoires et de la mer sont chargés, chacun en ce qui le</line>
<line>concerne, de l’exécution du présent arrêté.</line></par>
</text>
</block>
<block><region><rect/></region>
<text>
<par>
<line>Fait à Pau, le</line>
<line>Le Préfet,</line></par>
</text>
</block>
<block><region><rect/></region>
<text>
<par>
<line>2 4 OEC. 2013</line></par>
</text>
</block>
<block><region><rect/></region>
<text>
<par>
<line>Pour [o^réftet et lear délégation,</line></par>
</text>
</block>
<block><region><rect/></region>
<text>
<par>
<line>Benoist DELAGE</line></par>
</text>
</block>



</page>
</PM1>