<?xml version="1.0" encoding="UTF-8"?><PM1>
<page width="1654" height="2339" resolution="200">
<block><region><rect/></region>
<text>
<par>
<line>Liberté • Égaillé • Fraierniié</line></par>
<par>
<line>République française</line></par>
</text>
</block>
<block><region><rect/></region>
<text>
<par>
<line>PRÉFET DES ALPES-DE-HAUTE-PROVENCE</line></par>
<par>
<line>Digne-les-Bains, le ^ 0 ftVRo</line></par>
<par>
<line>DIRECTION DEPARTEMENTALE DES TERRITOIRES ^</line></par>
<par>
<line>Service Environnement Risques</line>
<line>Pôle Risques</line></par>
</text>
</block>
<block><region><rect/></region>
<text>
<par>
<line>ARRÊTÉ PRÉFECTORAL N° 2018- o- 2a ^ t</line>
<line>portant approbation de la révision du plan de prévention</line>
<line>des risques naturels prévisibles de la commune de RIEZ</line></par>
</text>
</block>
<block><region><rect/></region>
<text>
<par>
<line>LE PRÉFET DES ALPES-DE-HAUTE-PROVENCE</line>
<line>Chevalier de la Légion d’Honneur</line>
<line>Chevalier de Tordre national du Mérite</line></par>
</text>
</block>
<block><region><rect/></region>
<text>
<par>
<line>VU le code de Tenviroimement, notainment ses articles L122-4, R122-17 à R122-24, L125-2</line>
<line>L562-1 à L562-9 et R562-1 à R562-10-2 ;</line></par>
<par>
<line>VU le code de Turbanisme, notamment son article L 126-1 ;</line></par>
<par>
<line>VU le code de la construction et de Thabitation ;</line></par>
<par>
<line>VU le code des assurances, notamment les articles L125-1 et suivants ;</line></par>
<par>
<line>VU la loi n° 95-101 du 2 février 1995 relative au renforcement de la protection de</line></par>
<par>
<line>Tenviroimement, notamment son titre II afférent à la prévention des risques naturels ;</line></par>
<par>
<line>VU la loi n° 2003-699 du 30 juillet 2003 relative à la prévention des risques technologiques et</line>
<line>naturels et à la prévention des dommages ;</line></par>
<par>
<line>VU la loi n° 2000-321 du 12 avril 2000 relative aux droits des citoyens dans leurs relations avec</line>
<line>les administrations ;</line></par>
<par>
<line>VU la loi n° 2004-811 du 13 août 2004 de modernisation de la sécurité civile, modifiée par</line>
<line>Tordormance n° 2012-351 du 12 mars 2012 ;</line></par>
<par>
<line>VU la loi n° 2010-788 du 12 juillet 2010 portant engagement national pour T environnement,</line>
<line>notamment son article 222 ;</line></par>
<par>
<line>VU le décret n° 95-1089 du 5 octobre 1995 modifié relatif aux plans de prévention des risques</line>
<line>naturels prévisibles ;</line></par>
<par>
<line>VU le décret n° 2004-374 du 29 avril 2004 modifié relatif aux pouvoirs des préfets, à</line>
<line>l’organisation et à l’action des services de l’État dans les régions et les départements ;</line></par>
<par>
<line>VU le décret de Monsieur le Président de la République en date du 17 décembre 2015 nommant</line>
<line>Monsieur Bernard GUERIN, Préfet des Alpes-de-Haute-Provence ;</line></par>
<par>
<line>VU l’arrêté préfectoral n°98-1144 du 22 juin 1998 approuvant le plan de prévention des risques</line>
<line>naturels de la commune de RIEZ ;</line></par>
<par>
<line>VU l’arrêté préfectoral n°2015-006-004 du 6 janvier 2015 prescrivant la révision du plan de</line>
<line>prévention des risques naturels de la commune de RIEZ ;</line></par>
<par>
<line>DIRECTION DEPARTEMENTALE DES TERRITOIRES</line>
<line>AVENUE DEMONTZEY - CS 10211 - 0^002 DIGNE-LES-BAINS CEDEX ~ Téléphone 04.92.30.55.00</line>
<line>Horaires d’ouverture au public : de 9h à llh 30 du lundi au vendredi et sur rendez-vous en dehors de ces horaires,</line></par>
<par>
<line>Site internet : www.aipes-de-haute-provence.gouv.fr</line></par>
</text>
</block>



<block blockType="Picture" blockName="" l="723" t="115" r="786" b="176"><region><rect/></region>
</block>
</page>
<page width="1654" height="2339" resolution="200">
<block><region><rect/></region>
<text>
<par>
<line>vu Tan-êté préfectoral n°2017-293-008 du 20 octobre 2017 prescrivant l’enquête publique</line>
<line>relative à la révision du plan de prévention des risques naturels de la commune de Riez ;</line></par>
<par>
<line>VU les pièces constatant que l'arrêté 20 octobre 2017 susvisé a été publié, affiché et a fait l'objet</line>
<line>d’un avis, inséré quinze jours au moins avant le début de l’enquête et rappelé dans les huit</line>
<line>premiers jours de celle-ci, dans deux journaux diffusés dans le département ;</line></par>
<par>
<line>VU les avis favorables du Conseil Municipal en date du 8 décembre 2016, de la Chambre</line>
<line>d’Agriculture en date du 10 janvier 2017 ;</line></par>
<par>
<line>VU les avis réputés favorables de la communauté d’agglomération DLVA, de l’Assemblée</line>
<line>Départementale, du Conseil Régional, du Centre Régional de la Propriété Forestière et du</line>
<line>SeiTice Départemental d’incendie et de Secours ;</line></par>
<par>
<line>VU les résultats de l’enquête publique qui s’est déroulée du 13 novembre au 15 décembre 2017;</line></par>
<par>
<line>VU le rapport du commissaire enquêteur relatif à la révision du plan, ses conclusions motivées et</line>
<line>son avis favorable ;</line></par>
</text>
</block>
<block><region><rect/></region>
<text>
<par>
<line>Le maire entendu,</line></par>
<par>
<line>CONSIDERANT que le présent plan de prévention des risques naturels constitue une servitude</line>
<line>d’utilité publique et, qu’à ce titre, il est établi sur la base de la connaissance de l’occupation</line>
<line>existante des sols à la date de son approbation ;</line></par>
<par>
<line>CONSIDERANT que les avis reçus et les observations déposées justifient des adaptations du projet</line>
<line>de plan de prévention des risques naturels de la commune de Riez et que celles-ci n’ont pas pour</line>
<line>effet de remettre en cause l’économie générale du projet ;</line></par>
<par>
<line>SUR PROPOSITION du Directeur Départemental des Territoires,</line></par>
</text>
</block>
<block><region><rect/></region>
<text>
<par>
<line>ARRÊTE</line></par>
</text>
</block>
<block><region><rect/></region>
<text>
<par>
<line>ARTICLE V : Approbation du PPRN révisé</line></par>
<par>
<line>Le plan de prévention des risques naturels prévisibles (PPRN) révisé de la commune de RIEZ est</line>
<line>approuvé tel qu’annexé au présent arrêté.</line></par>
<par>
<line>ARTICLE 2 : Contenu du dossier PPR révisé et possibilités de consultation</line></par>
<par>
<line>Le dossier de plan de prévention des risques (PPRN) révisé de la commune de RIEZ, conformément</line>
<line>à l'article 3 du décret du 5 octobre 1995 modifié, contient les documents suivants, joints en annexe :</line></par>
<par>
<line>sous-dossier relatif au risque incendies de forêt :</line></par>
<par>
<line>- un rapport de présentation,</line></par>
<par>
<line>- une carte d’aléas à l’échelle 1/10 000,</line></par>
<par>
<line>- un règlement,</line></par>
<par>
<line>- une carte du zonage réglementaire sur fond cadastral à l’échelle 1/10 000</line></par>
<par>
<line>sous-dossier relatif aux autres risques :</line></par>
<par>
<line>- un rapport de présentation,</line></par>
<par>
<line>- un règlement - Risques inondations et mouvements de terrain</line></par>
<par>
<line>- un règlement ~ Risque retrait-gonflement des argiles</line></par>
</text>
</block>
<block><region><rect/></region>
<text>
<par>
<line>Page 2</line></par>
</text>
</block>












</page>
<page width="1654" height="2339" resolution="200">
<block><region><rect/></region>
<text>
<par>
<line>- une carte informative des mouvements de terrain (1/10 000)</line></par>
<par>
<line>- une carte hydrogéomoiphologique (1/10 000)</line></par>
<par>
<line>- une carte des aléas (hors retrait-gonflement des argiles) (1/10 000)</line></par>
<par>
<line>- une caite de l’aléa retrait-gonflement des argiles (1/10 000)</line></par>
<par>
<line>- une carte des enjeux (1/10 000)</line></par>
<par>
<line>- une carte du zonage réglementaire - Inondations/Mouvements de terrain (1/ 10 000)</line></par>
<par>
<line>- une caite du zonage réglementaire - Inondations/Mouvements de terrain (1/ 5 000)</line></par>
<par>
<line>- une carte du zonage réglementaire - Inondations/Mouvements de tenuin (1/ 2 500)</line></par>
<par>
<line>- une carte du zonage réglementaire - Retrait-gonflement des argiles (1/ 10 000)</line></par>
<par>
<line>- une carte du zonage réglementaire - Retrait-gonflement des argiles (1/ 5 000)</line></par>
<par>
<line>Il est tenu à la disposition du public dans les locaux :</line></par>
<par>
<line>- de la mairie de RIEZ,</line></par>
<par>
<line>- de la communauté d’agglomération DLVA,</line></par>
<par>
<line>- de la préfecture du département des Alpes-de-Haute-Provence,</line></par>
<par>
<line>- de la direction départementale des territoires des Alpes-de-Haute-Provence.</line></par>
<par>
<line>Il est téléchargeable sur le site internet du département : www.alpes-de-haute-provence.aouv.fr</line></par>
</text>
</block>
<block><region><rect/></region>
<text>
<par>
<line>ARTICLE 3 : Adressage du présent arrêté</line></par>
<par>
<line>Une copie du présent arrêté sera adressée à :</line></par>
<par>
<line>- Monsieur le maire de la commune de RIEZ,</line></par>
<par>
<line>- Monsieur le président de la communauté d’agglomération DLVA</line></par>
<par>
<line>- Monsieur le président du Conseil régional Sud-Provence-Alpes-Côte d’Azur,</line></par>
<par>
<line>- Monsieur le président du Conseil départemental des Alpes-de-Haute-Provence,</line></par>
<par>
<line>- Monsieur le président de la Chambre d’agriculture des Alpes-de-Haute-Provence,</line></par>
<par>
<line>- Monsieur le président du Centre régional de la propriété forestière de Sud-Provence Alpes-</line>
<line>Côte d’Azur,</line></par>
<par>
<line>- Monsieui' le directeur départemental des Services d’incendies et de Secours.</line></par>
<par>
<line>- Monsieur le président de la Chambre des notaires des Alpes-de-Haute-Provence,</line></par>
<par>
<line>- Monsieur le président du Tribunal Administratif de Marseille,</line></par>
<par>
<line>- Monsieur le commissaire enquêteur Guy Pagliano</line></par>
</text>
</block>
<block><region><rect/></region>
<text>
<par>
<line>ARTICLE 4 : Affichage du présent arrêté</line></par>
<par>
<line>Une copie du présent airêté sera affichée en mairie de RIEZ ainsi qu’au siège de la communauté</line>
<line>d’agglomération DLVA, pendant au moins un mois à partir de la date de réception de la notification</line>
<line>du présent arrêté. À l’expiration du délai d’affichage et après mise à disposition du public du dossier</line>
<line>durant au moins un mois, le maire transmettra au préfet un certificat justifiant l’accomplissement de</line>
<line>cette mesure de publicité.</line></par>
</text>
</block>
<block><region><rect/></region>
<text>
<par>
<line>ARTICLE 5 : Avis dans la presse et au recueil des actes administratifs</line></par>
<par>
<line>Mention du présent arrêté sera faite dans les deux journaux locaux « La Provence » et « Haute</line>
<line>Provence Info» par un avis inséré par les soins et aux frais de l’Etat. Le présent arrêté sera publié au</line>
<line>Recueil des Actes Administratifs de la préfecture des Alpes-de-Haute-Provence.</line></par>
</text>
</block>
<block><region><rect/></region>
<text>
<par>
<line>Page 3</line></par>
</text>
</block>




</page>
<page width="1654" height="2339" resolution="200">
<block><region><rect/></region>
<text>
<par>
<line>ARTICLE 6 : Annexion au document d’urbanisme de la commune</line></par>
<par>
<line>Le maire annexera au document d’ui-banisme communal en vigueur la servitude d’utilité publique</line>
<line>instituée par le présent aiTêté. Une copie de l'an'êté du maire constatant la mise à jour du document</line>
<line>d’urbanisme communal sera également adressée au Préfet des Alpes-de-Haute-Provence.</line></par>
</text>
</block>
<block><region><rect/></region>
<text>
<par>
<line>ARTICLE 7 : Exécution du présent airêté</line></par>
<par>
<line>Sont chargés, chacun en ce qui le concerne, de l’exécution du présent aiTêté :</line></par>
<par>
<line>- la secrétaire générale de la préfecture des Alpes-de-Haute-Provence,</line></par>
<par>
<line>- le directeur des services du cabinet de la préfecture des Alpes-de-Haute-Provence,</line></par>
<par>
<line>- le directeur départemental des temtoires des Alpes-de-Haute-Provence,</line></par>
<par>
<line>- le maire de RIEZ,</line></par>
<par>
<line>- le président de la communauté d’agglomération DLVA</line></par>
</text>
</block>
<block><region><rect/></region>
<text>
<par>
<line>ARTICI.E 8 : Abrogation.</line></par>
<par>
<line>L’arrêté préfectoral n°98-l 144 du 22 juin 1998 sus-nommé est abrogé.</line></par>
</text>
</block>
<block><region><rect/></region>
<text>
<par>
<line>ARTICLE 9 : Délai et voix de recours</line></par>
</text>
</block>
<block><region><rect/></region>
<text>
<par>
<line>Le présent arrêté peut faire l'objet, dans un délai de deux mois à compter de sa publication. :</line></par>
<par>
<line>- d’un recours gracieux auprès du Préfet des Alpes-de-Haute-Provence,</line></par>
<par>
<line>- d’un recours hiérarchique adressé à Mme le Ministre de l’Écologie, du Développement</line>
<line>Durable, et de TEnergie à la Direction Générale de la Prévention des Risques, Ai'che de la Défense,</line>
<line>paroi Nord - 92055 LA DEFENSE CEDEX</line></par>
<par>
<line>- d’un recoui's contentieux devant le Tribunal Administratif de Marseille (22-24, Rue</line>
<line>Breteuil 13281 Marseille Cedex 6).</line></par>
</text>
</block>
<block><region><rect/></region>
<text>
<par/>
</text>
</block>
<block><region><rect/></region>
<text>
<par>
<line>Bernard GUERIN</line></par>
</text>
</block>















</page>
</PM1>