<?xml version="1.0" encoding="UTF-8"?><PM1>
<page width="4961" height="7016" resolution="600">
<block><region><rect/></region>
<text>
<par>
<line>• EfiaU</line></par>
</text>
</block>
<block><region><rect/></region>
<text>
<par>
<line>République Française</line>
<line>PRÉFET DE LA C(‘)TE D'OR</line></par>
</text>
</block>
<block><region><rect/></region>
<text>
<par>
<line>Direction départementale des territoires</line></par>
</text>
</block>
<block><region><rect/></region>
<text>
<par>
<line>Service de l’eau et des risques</line></par>
<par>
<line>Bureau prévention des risques naturels et hydrauliques</line></par>
</text>
</block>
<block><region><rect/></region>
<text>
<par>
<line>LE PREFET DE LA REGION BOURGOGNE</line>
<line>PREFET DE LA COTE D'OR</line>
<line>Officier de la Légion d'Honneur</line>
<line>Officier de l'Ordre National du Mérite</line></par>
</text>
</block>
<block><region><rect/></region>
<text>
<par>
<line>Affaire suivie par : Carole Devallez - SER/BPRNH/2010 n° 069 CD/FD</line></par>
<par>
<line>carole.devallez@cote-dor.gouv.fr</line></par>
<par>
<line>Tél. 03 80 29 43 54 - Fax : 03 80 29 42 60</line></par>
</text>
</block>
<block><region><rect/></region>
<text>
<par>
<line>ARRETE PREFECTORAL n»3^7</line></par>
<par>
<line>portant approbation du Plan de Prévention des Risques Naturels Prévisibles d’inondation (P.P.R.N.P.I.) par</line>
<line>écoulements provenant du vallon drainant la combe « Grands Vaux », les deux vallons secondaires des lieux-dits</line>
<line>« Les Favières » et « Les Grasses têtes » ainsi que les risques liés aux ruissellements (érosions et inondations)</line>
<line>dans le vallon drainant la combe « du Pré » au nord, sur le territoire de la commune de Marsannay-la-Côte.</line></par>
</text>
</block>
<block><region><rect/></region>
<text>
<par>
<line>VU le code de l’environnement, notamment les articles L 123-1 à L 123-16, L 562-1 à L 562-8, les</line>
<line>articles R 123-6 à R 123-23 et les articles R 562-1 à R 562-12 ;</line></par>
<par>
<line>VU la loi n° 2004-811 du 13 août 2004 de modernisation de la sécurité civile, et notamment son</line>
<line>article 1 ;</line></par>
<par>
<line>VU le décret n° 90-918 du 11 octobre 1990, modifié par le décret n° 2004-554 du 9 juin 2004, relatif à</line>
<line>l’exercice du droit à l'information sur les risques pris en application de l'article L 125-2 du code de</line>
<line>l'environnement ;</line></par>
<par>
<line>VU le décret du 16 mai 2008 nommant M. Christian GALLIARD de LAVERNÉE, préfet de la région</line>
<line>Bourgogne, préfet de la Côte d'Or (hors classe) ;</line></par>
<par>
<line>VU l'an'êté préfectoral du 6 janvier 2006 portant prescription d'un plan de prévention des risques</line>
<line>d'inondation par écoulements provenant du vallon drainant la combe « Grands Vaux », les deux vallons</line>
<line>secondaires des lieux-dits « Les Favières » et « Les Grasses têtes » ainsi que les risques liés aux</line>
<line>ruissellements (érosions et inondations) dans le vallon drainant la combe « du Pré » au nord, sur le</line>
<line>territoire de la commune de Marsannay-la-Côte ;</line></par>
</text>
</block>
<block><region><rect/></region>
<text>
<par>
<line>57, rue de Mulhouse - BP 53317 - 21033 DIJON Cedex - Tél. : 03 80 29 44 44 - fax : 03 80 29 43 99</line>
<line>http://www.cote-d-or.equipement-agriculture.gouv.fr</line></par>
</text>
</block>
</page>
<page width="4999" height="7043" resolution="600">
<block><region><rect/></region>
<text>
<par>
<line>vu l'arrêté préfectoral du 13 août 2008 portant ouverture de l'enquête publique préalable à l'approbation</line>
<line>du plan de prévention des risques naturels prévisibles d'inondations (P.P.R.N.P.I.) de la commune de</line>
<line>Marsannay-la-Côte ;</line></par>
<par>
<line>VU le rapport et les conclusions de l'enquête publique qui s'est déroulée du 15 septembre 2008 au</line>
<line>17 octobre 2008 inclus et l'avis favorable de la commission d'enquête suite à cette enquête ;</line></par>
<par>
<line>VU le rapport du directeur départemental des territoires ;</line></par>
<par>
<line>SUR proposition du directeur du cabinet et du directeur départemental des territoires ;</line></par>
</text>
</block>
<block><region><rect/></region>
<text>
<par>
<line>ARRÊTE</line></par>
</text>
</block>
<block><region><rect/></region>
<text>
<par>
<line>ARTICLE 1er : Est approuvé tel qu'il est annexé au présent arrêté, le plan de prévention des risques</line>
<line>naturels prévisibles d'inondations (P.P.R.N.P.I.) par écoulements provenant du vallon drainant la combe</line>
<line>« Grands Vaux », les deux vallons secondaires des lieux-dits « Les Favières » et « Les Grasses têtes »</line>
<line>ainsi que les risques liés aux ruissellements (érosions et inondations) dans le vallon drainant la combe</line>
<line>« du Pré » au nord, sur le territoire de la commune de Marsannay-la-Côte.</line></par>
<par>
<line>ARTICLE 2 : Ce plan de prévention des risques naturels prévisibles d'inondations (P.P.R.N.P.I.)</line>
<line>comporte :</line></par>
<par>
<line>- une note de présentation,</line></par>
<par>
<line>- un règlement,</line></par>
<par>
<line>- une carte informative des évènements historiques,</line></par>
<par>
<line>- une carte des aléas,</line></par>
<par>
<line>- une carte des enjeux,</line></par>
<par>
<line>- une carte de zonage réglementaire.</line></par>
<par>
<line>La commune de Marsannay-la-Côte disposant d'un plan local d'urbanisme (P.L.U.) approuvé le 11</line>
<line>décembre 2006, le plan de prévention des risques naturels prévisibles d'inondation (P.P.R.N.P.I.) devra lui</line>
<line>être annexé.</line></par>
<par>
<line>ARTICLE 3 : Le présent arrêté sera publié au recueil des actes administratifs de la préfecture de Côte</line>
<line>d'Or et mention apparente en sera faite dans un journal diffusé dans le département.</line></par>
<par>
<line>ARTICLE 4 : Le présent arrêté, avec le plan de prévention des risques naturels prévisibles d'inondations</line>
<line>(P.P.R.N.P.I.) annexé, sera notifié au maire de Marsannay-la-Côte, au président de la communauté</line>
<line>d'agglomération de Dijon, au président du syndicat mixte du schéma de cohérence territoriale (SCOT) du</line>
<line>Dijonnais, au président du conseil général de la Côte d'Or et au président du conseil régional de</line>
<line>Bourgogne.</line></par>
<par>
<line>Il sera affiché en mairie de la commune précitée pendant un mois, par les soins du maire.</line></par>
<par>
<line>ARTICLE 5 : Le plan de prévention des risques naturels prévisibles d'inondations (P.P.R.N.P.I.) annexé</line>
<line>au présent arrêté est tenu à la disposition du public :</line></par>
<par>
<line>à la mairie de Marsannay-la-Côte,</line></par>
<par>
<line>dans les locaux de la préfecture (Direction de la sécurité intérieure -Bureau de la sécurité</line>
<line>civile)</line></par>
<par>
<line>dans les locaux de la direction départementale des territoires (S.E.R./B.P.R.N.H).</line></par>
</text>
</block>






</page>
<page width="5000" height="7044" resolution="600">
<block><region><rect/></region>
<text>
<par>
<line>ARTICLE 6 : Copies du présent arrêté et du plan de prévention des risques naturels prévisibles</line>
<line>d'inondation (P.P.R.N.P.I.) annexé seront adressées à :</line></par>
</text>
</block>
<block><region><rect/></region>
<text>
<par>
<line>Monsieur le délégué aux risques majeurs du ministère de l'écologie, de l'énergie, du</line>
<line>développement durable et de la mer,</line></par>
<par>
<line>Monsieur le directeur régional de l'environnement, de l'aménagement et du logement.</line>
<line>Monsieur le président de la chambre d'agriculture de Côte d'Or,</line></par>
<par>
<line>Monsieur le président du centre national de la propriété forestière.</line></par>
<par>
<line>ARTICLE 7 : Délai et voie de recours</line></par>
<par>
<line>Le présent arrêté peut faire l'objet dans un délai de deux mois à compter de sa publication au recueil des</line>
<line>actes administratifs de la préfecture, d'un recours auprès du tribunal administratif de Dijon.</line></par>
<par>
<line>ARTICLE 8 : Le sous-préfet, directeur du cabinet, le directeur départemental des territoires de la Côte</line>
<line>d'Or et le maire de la commune de Marsannay-la-Côte, sont chargés, chacun en ce qui les concerne, de</line>
<line>l’exécution du présent arrêté.</line></par>
</text>
</block>
<block><region><rect/></region>
<text>
<par>
<line>Fait à Dijon, le 1 9 JUIL. ZÜlO</line></par>
</text>
</block>
<block><region><rect/></region>
<text>
<par>
<line>Le Préfet,</line></par>
</text>
</block>
<block><region><rect/></region>
<text>
<par>
<line>jShristlan GALLIaml) de LAVERNÉE</line></par>
</text>
</block>




</page>
</PM1>