<?xml version="1.0" encoding="UTF-8"?><PM1>
<page width="2479" height="3504" resolution="300">
<block><region><rect/></region>
<text>
<par>
<line>liberté • Égalité • Fraternité</line></par>
<par>
<line>RÉPUBLIQ.UE Française</line></par>
</text>
</block>
<block><region><rect/></region>
<text>
<par>
<line>PREFET DU TARN</line></par>
</text>
</block>
<block><region><rect/></region>
<text>
<par>
<line>DIRECTION DÉPARTEMENTALE</line>
<line>DES TERRITOIRES</line></par>
<par>
<line>Service eau, risques, environnement et</line>
<line>sécurité</line></par>
<par>
<line>Pôle risque eau biodiversité et</line>
<line>environnement</line></par>
<par>
<line>Bureau prévention des risques</line></par>
</text>
</block>
<block><region><rect/></region>
<text>
<par>
<line>1 0 JAN. 2018</line></par>
</text>
</block>
<block><region><rect/><rect/></region>
<text>
<par>
<line>Arrêté du</line></par>
<par>
<line>portant approbation de la révision du plan de prévention du risque inondation</line></par>
<par>
<line>sur la commune de Castres</line></par>
</text>
</block>
<block><region><rect/></region>
<text>
<par>
<line>Le préfet du Tarn,</line></par>
<par>
<line>Chevalier de la Légion d’honneur.</line></par>
<par>
<line>Chevalier de l'Ordre national du Mérite,</line></par>
<par>
<line>Vu le code de l’environnement et notamment ses articles L562-1 à L562-9 et R562-1 à</line>
<line>R562-11 relatifs aux plans de prévention des risques naturels prévisibles ;</line></par>
<par>
<line>Vu le code de l’urbanisme ;</line></par>
<par>
<line>Vu l’arrêté préfectoral du 20 janvier 2015 relatif à la prescription de la révision du plan de</line>
<line>prévention des risques naturels prévisibles pour le risque inondation sur la commune de</line>
<line>Castres ;</line></par>
<par>
<line>Vu l’arrêté préfectoral du 18 juillet 2017 prescrivant l’ouverture de l’enquête publique</line>
<line>préalable à l’établissement du plan de prévention du risque inondation sur la commune</line>
<line>de Castres ;</line></par>
<par>
<line>Vu la nomination N° E17000120/31 en date du 18 mai 2017 de Monsieur Lerat en tant que</line>
<line>commissaire enquêteur par le tribunal administratif de Toulouse ;</line></par>
<par>
<line>Vu l'arrêté préfectoral N° A07314D0534 portant décision de dispense d'une évaluation</line>
<line>environnementale en application de l'article 128 du code de l'environnement ;</line></par>
<par>
<line>Vu le décret du Président de la République du 23 août 2016 portant nomination de Monsieur</line>
<line>Jean-Michel MOUGARD en qualité de préfet du Tarn ;</line></par>
</text>
</block>
<block><region><rect/></region>
<text>
<par>
<line>1</line></par>
</text>
</block>


</page>
<page width="2479" height="3504" resolution="300">
<block><region><rect/></region>
<text>
<par>
<line>Vu l'avis favorable, assorti d’une réserve et d'une recommandation, émis par le commissaire</line>
<line>enquêteur dans les conclusions de son rapport en date du 24 octobre 2017 et les</line>
<line>conclusions complémentaires en date du 20 novembre 2017 ;</line></par>
<par>
<line>Vu le rapport de présentation du directeur départemental des territoires du Tarn pour</line>
<line>l'approbation du P.P.R.i. sur la commune de Castres en date du 21 décembre 2017 ;</line></par>
<par>
<line>Considérant que la révision du P.P.R.i. sur la commune de Castres, approuvé le 21 juillet</line>
<line>2000, était nécessaire pour prendre en compte les évolutions de la doctrine nationale en</line>
<line>matière de risques, effectuer un bilan des enjeux exposés et prendre en compte les</line>
<line>phénomènes nouveaux survenus en matière d’inondation ;</line></par>
<par>
<line>Considérant que le commissaire enquêteur a rendu un rapport et conclusions le 24 octobre</line>
<line>2017 ainsi que des conclusions complémentaires le 20 novembre 2017 ;</line></par>
<par>
<line>Considérant que le commissaire enquêteur dans son rapport et conclusions en date du 24</line>
<line>octobre 2017 et dans ses conclusions du 20 novembre 2017 émet une réserve qui porte sur</line>
<line>l'effectivité des déplacements sur sites et des prises de contact avec les auteurs des</line>
<line>observations et une recommandation portant sur l'annexion à la note de présentation des cartes</line>
<line>informatives synthétiques ;</line></par>
<par>
<line>Considérant que la réserve émise par le commissaire enquêteur est levée suite aux visites</line>
<line>terrains réalisées par le bureau d'études et la direction départementales des territoires le 7</line>
<line>novembre 2017 ;</line></par>
<par>
<line>Considérant que la recommandation émise par le commissaire enquêteur est levée par la</line>
<line>communication des éléments cartographiques au service instructeur de la ville de Castres ;</line></par>
<par>
<line>Considérant que ces éléments ont été pris en compte dans le rapport de présentation pour</line>
<line>l'approbation du RP.R.i. sur la commune de Castres produit par le directeur départemental des</line>
<line>territoires du Tarn en date 21 décembre 2017.</line></par>
</text>
</block>
<block><region><rect/></region>
<text>
<par>
<line>Sur proposition du directeur départemental des territoires du Tarn,</line></par>
</text>
</block>
<block><region><rect/></region>
<text>
<par>
<line>Arrête</line></par>
</text>
</block>
<block><region><rect/></region>
<text>
<par>
<line>Article 1®'' - Le plan de prévention du risque inondation sur la commune de Castres est</line>
<line>approuvé. Les pièces du dossier^-prévues à l’article R562-3 du code de l’enviroimement, sont</line>
<line>armexées au présent arrêté.</line></par>
<par>
<line>Article 2 - Le plan de prévention du risque inondation sur la commune de Castres concerne la</line>
<line>seule commune de Castres.</line></par>
</text>
</block>
<block><region><rect/></region>
<text>
<par>
<line>2</line></par>
</text>
</block>
</page>
<page width="2479" height="3504" resolution="300">
<block><region><rect/></region>
<text>
<par>
<line>Article 3 - Le plan de prévention du risque inondation sur la commune de Castres, servitude</line>
<line>d’utilité publique au titre de la sécurité publique, sera, conformément au code de Turbanisme,</line>
<line>annexé au document d’urbanisme par le maire de la commune de Castres dans un délai de</line>
<line>trois mois à compter de la date d'approbation du P.P.R.i.</line></par>
<par>
<line>Article 4 - Une copie du présent arrêté sera affichée pendant au moins im mois à partir de la</line>
<line>date de réception de la notification du présent arrêté à la mairie de la commune de Castres.</line>
<line>Mention en sera faite dans le journal local « la Dépêche du Midi ».</line></par>
<par>
<line>Article 5 - Une copie du présent arrêté sera adressée à :</line></par>
<par>
<line>- Monsieur le maire de la commune de Castres,</line></par>
<par>
<line>Monsieur de directeur régional de l’environnement, de l’aménagement et du logement</line>
<line>Occitanie,</line></par>
<par>
<line>Monsieur le directeur départemental des territoires du Tarn.</line></par>
<par>
<line>Article 6 - Une copie du présent arrêté et de ses annexes sera tenue à la disposition du public</line>
<line>dans les locaux :</line></par>
<par>
<line>de la mairie de la commune de Castres,</line></par>
<par>
<line>de la préfecture du Tarn, bureau de l’environnement et des affaires foncières, direction</line>
<line>des libertés publiques et des collectivités territoriales.</line></par>
<par>
<line>- de la direction départementale des territoires du Tarn, bureau prévention des risques.</line></par>
<par>
<line>Article 7 - Le présent arrêté peut faire l’objet d’un recours dans un délai de deux mois à</line>
<line>compter de sa notification :</line></par>
<par>
<line>soit par un recours gracieux auprès du préfet du Tarn, ou par recours hiérarchique</line>
<line>auprès du Ministre de la transition écologique et solidaire. Cette démarche interrompt</line>
<line>le délai de recours contentieux qui doit alors être introduit dans les deux mois suivant</line>
<line>la réponse (l'absence de réponse au terme des deux mois vaut rejet implicite) ;</line>
<line>soit par recours contentieux devant le tribunal administratif de Toulouse.</line></par>
<par>
<line>Article 8 - Le secrétaire général de la préfecture du Tarn, le sous-préfet de Castres ainsi que</line>
<line>le directeur départemental des territoires du Tarn, le maire de Castres sont chargés, chacun en</line>
<line>ce qui le concerne, de l’exécution du présent arrêté qui sera publié au recueil des actes</line>
<line>administratifs de la préfecture du Tarn.</line></par>
</text>
</block>
<block><region><rect/></region>
<text>
<par>
<line>Albi, le</line></par>
</text>
</block>
<block><region><rect/></region>
<text>
<par>
<line>1 0 JAN. 2018</line></par>
</text>
</block>
<block><region><rect/><rect/></region>
<text>
<par>
<line>/</line></par>
<par>
<line>Jean-Miehê!</line></par>
</text>
</block>
<block><region><rect/></region>
<text>
<par>
<line>3</line></par>
</text>
</block>
</page>
</PM1>