<?xml version="1.0" encoding="UTF-8"?><PM1>
<page width="1198" height="1696" resolution="145">
<block><region><rect/></region>
<text>
<par>
<line>Liberté • égalité • Fraternité</line></par>
<par>
<line>RÉPUBLIQUE Française</line></par>
</text>
</block>
<block><region><rect/></region>
<text>
<par>
<line>PREFECTURE DE LA CREUSE</line></par>
</text>
</block>
<block><region><rect/></region>
<text>
<par>
<line>directiofi</line>
<line>départementale</line>
<line>de rÉquipement</line>
<line>Creuse</line></par>
<par>
<line>ü</line></par>
<par>
<line>service Aménegement,</line>
<line>Habitat et</line>
<line>Environnement</line>
<line>bureau Environnement</line></par>
</text>
</block>
<block><region><rect/></region>
<text>
<par>
<line>ARRÊTÉ U” 2005-01-63</line></par>
<par>
<line>Approuvant le Plan de Prévention des Risques Naturels prévisibles</line>
<line>EN matière de zones INONDABLES SUR LA COMMUNE D’AUBUSSON</line></par>
<par>
<line>Le Préfet du département de la Creuse</line></par>
</text>
</block>
<block><region><rect/></region>
<text>
<par>
<line>VU la loi n°95-101 du 2 février 1995, relative au renforcement de la protection de</line>
<line>l’environnement et notamment son chapitre II relatif aux Plans de Prévention des</line>
<line>Risques naturels prévisibles ;</line></par>
<par>
<line>VU la loi n'’2004-811 du 13 août 2004 de modernisation de la sécurité civile ;</line></par>
<par>
<line>VU le décret n°90-918 du 11 octobre 1990, relatif à l’exercice du droit à l’information</line>
<line>sur les risques majeurs ;</line></par>
<par>
<line>VU te décret n^SS-IOSO du 5 octobre 1995, relatif aux Plans de Prévention des</line>
<line>Risques naturels prévisibles ;</line></par>
<par>
<line>VU le code de l’urbanisme :</line></par>
<par>
<line>VU le code de l'expropriation et notamment ses articles R 11-4 à R 11-14 ;</line></par>
<par>
<line>VU l’arrêté préfectoral du 9 avril 1998, prescrivant un Plan de Prévention des Risques</line>
<line>inondation sur la commune d’AuBUSSON ;</line></par>
</text>
</block>
<block><region><rect/></region>
<text>
<par>
<line>VU l’avis favorable du 14 septembre 2004, émis par le conseil municipal d’AuBUSSON</line>
<line>quant au projet de Plan de Prévention des Risques inondation ;</line></par>
<par>
<line>VU l’arrêté préfectoral du 18 octobre 2004 prescrivant la mise à l’enquête publique du</line>
<line>Plan de Prévention des Risques inondation sur la commune d’AuBUSSON, du 4</line>
<line>novembre au 6 décembre 2004 ;</line></par>
<par>
<line>VU le rapport et les conclusions favorables du commissaire-enquêteur en date du</line>
<line>7 décembre 2004 ;</line></par>
</text>
</block>
<block><region><rect/></region>
<text>
<par>
<line>1 plaMVarfflas</line>
<line>BP 189</line></par>
<par>
<line>23011 Guéret Cedex</line>
<line>lél^one:</line></par>
<par>
<line>05 S5 5169 00</line>
<line>Mécop»:</line></par>
<par>
<line>05 5551 6999</line>
<line>mél :dde-23</line>
<line>gequ ipemerrigou v.fr</line></par>
</text>
</block>
<block><region><rect/></region>
<text>
<par>
<line>CONSIDERANT que les résultats de ladite enquête publique ne nécessitent aucune</line>
<line>modification du projet de Plan de Prévention des Risques inondation ;</line></par>
<par>
<line>CONSIDERANT que les observations recueillies lors de l’enquête publique ont</line>
<line>nécessité de reformuler certains termes du règlement en vue d'une meilleure</line>
<line>compréhension ;</line></par>
<par>
<line>SUR proposition de Madame le Directeur de Cabinet du Préfet de la Creuse ;</line></par>
</text>
</block>

<block blockType="Picture" blockName="" l="500" t="33" r="547" b="77"><region><rect/></region>
</block>
</page>
<page width="1198" height="1696" resolution="145">
<block><region><rect/></region>
<text>
<par>
<line>2/2</line></par>
</text>
</block>
<block><region><rect/></region>
<text>
<par>
<line>ARRÊTE</line></par>
</text>
</block>
<block><region><rect/></region>
<text>
<par>
<line>ARTICLE 1^" : Le Plan de Prévention des Risques naturels prévisibles en matière de</line>
<line>zones inondables sur la commune d’AuBUSSON est approuvé selon les disposrtions</line>
<line>contenues dans le dossier ci-joint comportant les pièces suivantes ;</line></par>
<par>
<line>- une note de présentation,</line></par>
<par>
<line>- un plan de zonage sur la commune d’Aubusson 1/2500,</line></par>
<par>
<line>- un règlement.</line></par>
<par>
<line>ARTICLE 2 : L’ampliation du présent arrêté sera adressée à Monsieur le Maire</line>
<line>d’AuBUSSON. Cet arrêté fera l’objet d’une mention au recueil des actes administratifs</line>
<line>de l'État dans le département, ainsi que dans deux journaux locaux diffusés dans le</line>
<line>département. Une copie du présent arrêté fera l’objet d’un affichage en mairie durant</line>
<line>un mois au minimum.</line></par>
</text>
</block>
<block><region><rect/></region>
<text>
<par>
<line>ARTICLE 3 : Le dossier de Plan de Prévention des Risques inondation approuvé est</line>
<line>tenu à la disposition du public, en mairie d’AuBUSSON, ainsi qu’à la Préfecture. Cette</line>
<line>mise à disposition fera également l’objet d’une mention dans deux journaux locaux</line>
<line>diffusés en même temps que les publications prévues dans l’article précédent.</line></par>
</text>
</block>
<block><region><rect/></region>
<text>
<par>
<line>ARTICLE 4 : Madame le Directeur de Cabinet du Préfet de la Creuse, Monsieur le</line>
<line>Sous-Préfet d’AuBUSSON, Monsieur le Maire d’AuBUSSON, Monsieur le Directeur</line>
<line>Départemental de l’Équipement sont chargés, chacun en ce qui le concerne, de</line>
<line>l’exécution du présent arrêté.</line></par>
</text>
</block>
<block><region><rect/></region>
<text>
<par>
<line>Guéret, le 2 t</line></par>
</text>
</block>
<block><region><rect/></region>
<text>
<par>
<line>Le Préfet,</line></par>
</text>
</block>
<block><region><rect/></region>
<text>
<par>
<line>Phflippe CHERVBT</line></par>
</text>
</block>
</page>
</PM1>