<?xml version="1.0" encoding="UTF-8"?><PM1>
<page width="2479" height="3508" resolution="300">
<block><region><rect/></region>
<text>
<par>
<line>Liberté • Égalité • Fraternité</line>
<line>RÉPUBLIQUE FRANÇAISE</line></par>
</text>
</block>
<block><region><rect/></region>
<text>
<par>
<line>. PRÉFECTURE DU VAR</line></par>
<par>
<line>Direction Départementale</line>
<line>de l'Equipement et de l'Agriculture du Var</line></par>
<par>
<line>Service Aménagement Durable</line></par>
</text>
</block>
<block><region><rect/></region>
<text>
<par>
<line>ARRETE PREFECTORAL en date du 1 2 FEV. 2009</line></par>
<par>
<line>portant d'une part sur l'agrément de travaux de protection du secteur BO-1</line>
<line>« L'Espéoutier » et d'autre part portant rectification d'une erreur matérielle de</line>
<line>classement de la parcelle cadastrée AL n°28 dans le cadre du Plan de Prévention</line>
<line>des Risques naturels d'incendie de Forêt (P.P.R.I.F.) sur la commune de</line></par>
<par>
<line>FREJUS</line></par>
</text>
</block>
<block><region><rect/></region>
<text>
<par>
<line>LE PREFET du VAR,</line></par>
<par>
<line>Officier de la Légion d'Honneur,</line></par>
<par>
<line>Officier de l'Ordre National du Mérite,</line></par>
<par>
<line>VU le Code de l'Environnement, notamment ses articles L.562-1 à L.562-7, ainsi que ses articles</line>
<line>R.562-1 àR.562-10,</line></par>
<par>
<line>VU le Code de l'Urbanisme,</line></par>
<par>
<line>VU la loi n°95-101 du 2 février 1995 modifiée relative au renforcement de la protection de</line>
<line>l'environnement,</line></par>
<par>
<line>VU la loi n°2001-602 du 9 juillet 2001 d'orientation sur la forêt,</line></par>
<par>
<line>VU la loi n°2003-699 du 30 juillet 2003, relative à la prévention des risques technologiques et</line>
<line>naturels et à la réparation des dommages,</line></par>
<par>
<line>VU le décret n°2005-3 du 4 janvier 2005 modifiant le décret n°95-1089 du 5 octobre 1995 relatif</line>
<line>aux Plans de Prévention des Risques Naturels prévisibles,</line></par>
<par>
<line>VU le décret n°2005-935 du 2 août 2005, relatif à la partie réglementaire du Code de</line>
<line>l'Environnement,</line></par>
<par>
<line>VU l'arrêté préfectoral du 19 avril 2006 portant approbation du Plan de Prévention des risques</line>
<line>naturels Incendies de Forêt sur la commune de FREJUS,</line></par>
<par>
<line>VU les lettres de M. le Maire de FREJUS à M. le Préfet du Var des 08 janvier 2007, 13 juin 2007 et</line>
<line>31 janvier 2008 faisant état de l'erreur matérielle au niveau de la propriété de M. GOURGAS,</line></par>
<par>
<line>VU le compte rendu de l'assemblée générale extraordinaire de l'A.S.L. de « l'Espéoutier » en date</line>
<line>du 28 juillet 2007,</line></par>
<par>
<line>VU la réception des travaux effectués avec l'A.S.L. de « l'Espéoutier » du 28 février 2008,</line></par>
</text>
</block>
<block><region><rect/></region>
<text>
<par>
<line>BOULEVARD DU 112EME REGIMENT D’INFANTERIE - 83070 TOULON CEDEX - Tél. : 04 94 18 83 83 - http://www.var.pref.goiiv.fr</line></par>
</text>
</block>


</page>
<page width="2492" height="3517" resolution="300">
<block><region><rect/></region>
<text>
<par>
<line>vu l'avis favorable de la sous commission feux de forêts, landes, maquis, garrigues du 16 juin 2008</line>
<line>concernant les aménagements effectués par l'A.S.L. de « l'Espéoutier »,</line></par>
<par>
<line>CONSIDERANT que la parcelle cadastrée AL n° 28 se situe à proximité immédiate de la voie</line>
<line>« chemin de la Louve », qu'elle fait partie intégrante du lotissement et de l'A.S.L. de « la Tour de</line>
<line>Mare », qu'elle est construite depuis 1998 et constitue donc un enjeu pré-existant à l'approbation du</line>
<line>P.P.R.I.F., et qu'elle est protégée à l'ouest de l'arrivée des feux par un ensemble entièrement</line>
<line>urbanisé,</line></par>
<par>
<line>CONSIDERANT que cette parcelle présente le même aléa et le même enjeu que les parcelles</line>
<line>limitrophes classées en zone B2,</line></par>
<par>
<line>CONSIDERANT, par conséquent, qu'une erreur matérielle de tracé de la limite zone Rouge / zone</line>
<line>B2 a été commise au niveau de la propriété de M. GOURGAS,</line></par>
<par>
<line>CONSIDERANT par ailleurs que les travaux réalisés par l'A.S.L. de « l'Espéoutier » et</line>
<line>réceptiormés lors de la visite du 28 février 2008 sont conformes aux travaux d'équipements de</line>
<line>protection collective demandés dans le règlement du P.P.R.I.F. de FREJUS,</line></par>
<par>
<line>SUR proposition de M. le Sous-Préfet, Directeur de Cabinet du Préfet du Var,</line></par>
<par>
<line>ARRETE</line></par>
<par>
<line>ARTICLE 1 ; Correction de l’erreur matérielle « propriété GOURGAS »</line></par>
<par>
<line>La parcelle cadastrée section AL n° 28, « chemin de la Louve », située au sud du</line>
<line>lieu-dit « Les Darboussières » et auparavant classée en zone rouge, est reclassée en</line>
<line>zone B2 dans sa totalité.</line></par>
<par>
<line>Un extrait du plan de zonage du Plan de Prévention du Risque Incendies de Forêt</line>
<line>corrigé figure en annexe 1 du présent arrêté.</line></par>
<par>
<line>ARTICLE 2 ; Reclassement de la zone BO-1 « l’Espéoutier »</line></par>
<par>
<line>Les aménagements réalisés par l'A.S.L. de « l'Espéoutier » à FREJUS consistent en</line>
<line>la création d'ime zone débroussaillée sur tout le pourtour du lotissement et dans la</line>
<line>mise en place d'im dispositif permettant l'accès en tout temps des services de secours</line>
<line>à l'entrée du lotissement sur la RN 7. Ces travaux répondent aux critères fixés par</line>
<line>l'article 3 « Détail des équipements de protection collective à réaliser par secteur »</line>
<line>du titre V « Dispositions applicables en zone bleue de type BO », première puce, du</line>
<line>plan de prévision des risques naturels prévisibles d'incendie de forêt de la commune</line>
<line>de FREJUS approuvé le 19 avril 2006.</line></par>
<par>
<line>Les dispositions applicables en zone B1 s'appliquent désormais au secteur « BO-1 :</line>
<line>Lotissement de l'Espéoutier ».</line></par>
<par>
<line>L'entretien du débroussaillement sera à la charge de l'A.S.L. de « l'Espéoutier »,</line>
<line>comme l'indique le compte rendu de réunion d'assemblée générale extraordinaire de</line>
<line>l'A.S.L. de « l'Espéoutier ».</line></par>
<par>
<line>Un extrait du nouveau plan de zonage figure en aimexe 2. Celui-ci reprend</line>
<line>également la localisation des travaux cités.</line></par>
</text>
</block>


</page>
<page width="2479" height="3508" resolution="300">
<block><region><rect/></region>
<text>
<par>
<line>ARTICLE 3 :</line></par>
</text>
</block>
<block><region><rect/></region>
<text>
<par>
<line>Le présent arrêté, ainsi que ses annexes, devront être annexés au plan local</line>
<line>d'urbanisme en vigueur.</line></par>
</text>
</block>
<block><region><rect/></region>
<text>
<par>
<line>ARTICLE 4 ;</line></par>
<par>
<line>Une copie de l'arrêté sera affiché pendant une durée de un mois au moins :</line></par>
<par>
<line>- en mairie de FREJUS,</line></par>
<par>
<line>- au siège du syndicat mixte du S.CO.T. Var-Est.</line></par>
<par>
<line>Ces mesures de publicité feront l'objet d'une mention rappelant que le Plan approuvé</line>
<line>est tenu à la disposition du public :</line></par>
<par>
<line>- à la mairie de FREJUS aux jours et heures habituelles d'ouverture,</line></par>
<par>
<line>- au siège du syndicat mixte du S.CO.T. Var-Est à SAINT-RAPHAEL aux jours et</line>
<line>heures habituelles d'ouverture,</line></par>
<par>
<line>- à la Préfecture de TOULON aux jours et heures ouvrables,</line></par>
<par>
<line>- à la Direction départementale de l'équipement et de l'agriculture du Var (à Toulon)</line>
<line>aux jours et heures ouvrables,</line></par>
<par>
<line>- sur le site internet wvAv.cdig-83 .org. rubrique Risques puis P.P.R. Feux de Forêts.</line></par>
<par>
<line>ARTICLE 5 ;</line></par>
<par>
<line>Le présent arrêté sera publié au Recueil des actes administratifs de la Préfecture du</line>
<line>Var.</line></par>
<par>
<line>ARTICLE 6 :</line></par>
<par>
<line>Mention de cet arrêté sera faite en caractères apparents dans le journal « Var Matin-</line>
<line>Nice Matin ». Un exemplaire de ce journal sera annexé au dossier.</line></par>
<par>
<line>ARTICLE 7 ;</line></par>
<par>
<line>Des ampliations du présent arrêté seront adressées à :</line></par>
<par>
<line>- M. le Ministre d'Etat, Ministre de l'écologie, de l'énergie, du développement</line>
<line>durable et de l'aménagement du territoire,</line></par>
<par>
<line>- Mme le Sous-Préfet de l'arrondissement de DRAGUIGNAN,</line></par>
<par>
<line>- M. le Maire de la commune de FREJUS,</line></par>
<par>
<line>- M. le Président du S.CO.T. Var-Est,</line></par>
<par>
<line>- M. le Directeur régional de l'envirormement Provence-Alpes-Côte d'Azur,</line></par>
<par>
<line>- Mme la Directrice départementale de l'équipement et de l'agriculture du Var,</line></par>
<par>
<line>- M. le Directeur du Service départemental d'incendie et de secours,</line></par>
<par>
<line>ARTICLE 8 :</line></par>
<par>
<line>- M. le Sous-Préfet, Directeur de Cabinet du Préfet du Var,</line></par>
<par>
<line>- Mme le Sous-Préfet de l'arrondissement de DRAGUIGNAN,</line></par>
<par>
<line>- Mme la Directrice départementale de l'équipement et de l'agriculture du Var,</line></par>
<par>
<line>- M. le Maire de la commune de FREJUS,</line></par>
<par>
<line>- M. le Président du syndicat du S.CO.T. Var-Est,</line></par>
<par>
<line>sont chargés, chacun en ce qui les concerne, de l'exécution du présent arrêté.</line></par>
</text>
</block>
<block><region><rect/></region>
<text>
<par>
<line>Le Préfet du Var</line></par>
</text>
</block>








</page>
<page width="3514" height="2487" resolution="300">
<block><region><rect/></region>
<text orientation="RotatedCounterclockwise">
<par>
<line>Billll</line></par>
</text>
</block>
<block><region><rect/></region>
<text>
<par>
<line>Annexe 1 : Extrait du plan de zonage du Plan de Prévention du Risque Incendies de Forêt : Tour de Mare</line></par>
</text>
</block>
<block><region><rect/></region>
<text>
<par>
<line>wm</line></par>
</text>
</block>
<block><region><rect/></region>
<text>
<par>
<line>i»vr«r *</line></par>
</text>
</block>
<block><region><rect/></region>
<text>
<par>
<line>REPUIUQUÏ FRaHOUSS</line></par>
</text>
</block>
<block><region><rect/><rect/></region>
<text>
<par>
<line>COMMUNE DE FREJUS</line></par>
<par>
<line>PLAN de PREVENTION du RISQUE INCENDIE de FORET</line></par>
<par>
<line>Extrait du Plan de Zonage Réglementaire</line>
<line>Propriété Gourgas</line></par>
</text>
</block>
<block><region><rect/><rect/><rect/></region>
<text>
<par>
<line>12 W- 2009</line></par>
</text>
</block>
<block><region><rect/></region>
<text>
<par>
<line>N</line></par>
</text>
</block>
<block><region><rect/></region>
<text>
<par/>
</text>
</block>
<block><region><rect/></region>
<text>
<par/>
</text>
</block>
<block><region><rect/></region>
<text>
<par>
<line>A</line></par>
</text>
</block>
<block><region><rect/></region>
<text>
<par/>
</text>
</block>
<block><region><rect/></region>
<text>
<par/>
</text>
</block>
<block><region><rect/></region>
<text>
<par>
<line>=-?.'i</line></par>
</text>
</block>
<block><region><rect/></region>
<text>
<par>
<line>Il</line></par>
</text>
</block>
<block><region><rect/></region>
<text>
<par/>
</text>
</block>
<block><region><rect/></region>
<text>
<par>
<line>BQ</line></par>
</text>
</block>
<block><region><rect/></region>
<text>
<par/>
</text>
</block>
<block><region><rect/></region>
<text>
<par>
<line>•«ViK</line></par>
</text>
</block>
<block><region><rect/></region>
<text>
<par>
<line>I</line></par>
</text>
</block>
<block><region><rect/></region>
<text>
<par>
<line>«frf*,- ^</line></par>
<par>
<line>A - - &gt; -V **</line></par>
</text>
</block>
<block><region><rect/></region>
<text>
<par/>
</text>
</block>
<block><region><rect/></region>
<text>
<par/>
</text>
</block>
<block><region><rect/></region>
<text>
<par/>
</text>
</block>
<block><region><rect/></region>
<text>
<par>
<line>mA</line></par>
</text>
</block>
<block><region><rect/></region>
<text>
<par>
<line>R : Zone de risqije très fort a fort</line></par>
<par>
<line>BO : Zone de risque fort en attente d'équipements de protection</line></par>
<par>
<line>B1 : Zone de risque assez fort VU pOUt être annexé 6</line></par>
<par>
<line>B2 : Zone de risque moyen l’arrêté en date</line></par>
<par>
<line>B3 : Zone de risque rriodéré du 1 2 f V» LU</line></par>
<par>
<line>NCR : Zone non concernée par le risque TOUlOlli lô l^ljhCjA</line></par>
</text>
</block>
<block><region><rect/></region>
<text>
<par>
<line>«*•&gt;</line></par>
</text>
</block>
<block><region><rect/></region>
<text>
<par/>
</text>
</block>
<block><region><rect/></region>
<text>
<par>
<line>1</line></par>
</text>
</block>
<block><region><rect/></region>
<text>
<par/>
</text>
</block>
<block><region><rect/></region>
<text>
<par>
<line>m</line></par>
</text>
</block>
<block><region><rect/></region>
<text>
<par>
<line>Soin ce : Fonil topogiviphkiiie EDR25‘&amp; IGM</line></par>
</text>
</block>
<block><region><rect/></region>
<text>
<par/>
</text>
</block>
<block><region><rect/></region>
<text>
<par>
<line>k U ^</line></par>
</text>
</block>
<block><region><rect/></region>
<text>
<par/>
</text>
</block>
<block><region><rect/></region>
<text>
<par/>
</text>
</block>
<block><region><rect/></region>
<text>
<par>
<line>%</line></par>
</text>
</block>
<block><region><rect/></region>
<text>
<par/>
</text>
</block>
<block><region><rect/></region>
<text>
<par/>
</text>
</block>
<block><region><rect/></region>
<text>
<par>
<line>iOI8</line></par>
</text>
</block>
<block><region><rect/></region>
<text>
<par/>
</text>
</block>
<block><region><rect/></region>
<text>
<par>
<line>.In*</line></par>
</text>
</block>
<block><region><rect/></region>
<text>
<par>
<line>r-*</line></par>
</text>
</block>
<block><region><rect/></region>
<text>
<par/>
</text>
</block>
<block><region><rect/></region>
<text>
<par/>
</text>
</block>
<block><region><rect/></region>
<text>
<par>
<line>XlJfe ir-</line></par>
</text>
</block>
<block><region><rect/></region>
<text>
<par/>
</text>
</block>
<block><region><rect/></region>
<text>
<par>
<line>4’</line></par>
</text>
</block>
<block><region><rect/></region>
<text>
<par/>
</text>
</block>
<block><region><rect/></region>
<text>
<par/>
</text>
</block>
<block><region><rect/></region>
<text>
<par/>
</text>
</block>
<block><region><rect/></region>
<text>
<par>
<line>■</line></par>
</text>
</block>
<block><region><rect/></region>
<text>
<par/>
</text>
</block>
<block><region><rect/></region>
<text>
<par>
<line>r r,+ ' P</line></par>
</text>
</block>
<block><region><rect/></region>
<text>
<par/>
</text>
</block>
<block><region><rect/></region>
<text>
<par>
<line>1</line></par>
</text>
</block>
<block><region><rect/></region>
<text>
<par>
<line>- «</line></par>
</text>
</block>































<block blockType="Picture" blockName="" l="2621" t="1696" r="2816" b="1742"><region><rect/></region>
</block>
</page>
<page width="3546" height="2533" resolution="300">
<block><region><rect/></region>
<text>
<par>
<line>Annexe 2 : Extrait du plan de zonage du Plan de Prévention du Risque Incendies de Forêt : secteur de l'Espéoutier</line></par>
</text>
</block>
<block><region><rect/></region>
<text>
<par>
<line>\</line></par>
</text>
</block>
<block><region><rect/></region>
<text>
<par/>
</text>
</block>
<block><region><rect/></region>
<text>
<par>
<line>N</line></par>
</text>
</block>
<block><region><rect/></region>
<text>
<par/>
</text>
</block>
<block><region><rect/></region>
<text>
<par/>
</text>
</block>
<block><region><rect/></region>
<text>
<par>
<line>Il iMiffiiiliJiillii</line></par>
</text>
</block>
<block><region><rect/></region>
<text>
<par/>
</text>
</block>
<block><region><rect/></region>
<text>
<par/>
</text>
</block>
<block><region><rect/></region>
<text>
<par>
<line>REWBLIQL'E rHANC'lil</line></par>
</text>
</block>
<block><region><rect/></region>
<text>
<par>
<line>COMMUNE DE FREJUS</line></par>
<par>
<line>PLAN de PREVENTION du RISQUE INCENDIES de FORET</line>
<line>Extrait du Plan de Zonage Réglementaire , s</line></par>
<par>
<line>VU pour etre annexe a</line></par>
<par>
<line>R : Zone de risque très fort a tort l’arrêté en dOt© ^</line></par>
<par>
<line>B1 ; Zone de risque assez fort dU 1 2 i”</line></par>
<par>
<line>V'///À Coupure de corribustible TOUlOrjiJÔ p p ’</line></par>
<par>
<line>(♦) Dispositif portail / yliriî, , 'X ^</line></par>
</text>
</block>
<block><region><rect/></region>
<text>
<par/>
</text>
</block>
<block><region><rect/></region>
<text>
<par/>
</text>
</block>
<block><region><rect/></region>
<text>
<par/>
</text>
</block>
<block><region><rect/></region>
<text>
<par/>
</text>
</block>
<block><region><rect/></region>
<text>
<par/>
</text>
</block>
<block><region><rect/></region>
<text>
<par/>
</text>
</block>
<block><region><rect/></region>
<text>
<par/>
</text>
</block>
<block><region><rect/></region>
<text>
<par>
<line>P.</line></par>
</text>
</block>
<block><region><rect/></region>
<text>
<par/>
</text>
</block>
<block><region><rect/></region>
<text>
<par/>
</text>
</block>
<block><region><rect/></region>
<text>
<par>
<line>.r*!.</line></par>
</text>
</block>
<block><region><rect/></region>
<text>
<par>
<line>Source : Fond topoyi «iplmiue EDR2$'€:' IGII</line></par>
</text>
</block>
<block><region><rect/></region>
<text>
<par/>
</text>
</block>
<block><region><rect/></region>
<text>
<par/>
</text>
</block>
<block><region><rect/></region>
<text>
<par>
<line>îîSÿT</line></par>
</text>
</block>
<block><region><rect/></region>
<text>
<par/>
</text>
</block>
<block><region><rect/></region>
<text>
<par/>
</text>
</block>
<block><region><rect/></region>
<text>
<par>
<line>C ■ =-d</line></par>
</text>
</block>
<block><region><rect/></region>
<text>
<par>
<line>^r-</line></par>
</text>
</block>
<block><region><rect/></region>
<text>
<par>
<line>A^Jf</line></par>
</text>
</block>
<block><region><rect/></region>
<text>
<par>
<line>- r' V 'î t &gt; i' }f i 'i *f</line></par>
</text>
</block>
<block><region><rect/></region>
<text>
<par>
<line>♦</line></par>
</text>
</block>
<block><region><rect/></region>
<text>
<par/>
</text>
</block>
<block><region><rect/></region>
<text>
<par/>
</text>
</block>
<block><region><rect/></region>
<text>
<par/>
</text>
</block>
<block><region><rect/></region>
<text>
<par/>
</text>
</block>
<block><region><rect/></region>
<text>
<par/>
</text>
</block>






















</page>
</PM1>