<?xml version="1.0" encoding="UTF-8"?><PM1>
<page width="2489" height="3511" resolution="300">
<block><region><rect/></region>
<text>
<par>
<line>Liberté • Égalité • Fraternité</line></par>
<par>
<line>RÉPUBLiauE Française</line></par>
<par>
<line>PRÉFET DE LA MARNE</line></par>
</text>
</block>
<block><region><rect/></region>
<text>
<par>
<line>ARRÊTÉ PRÉFECTORAL D'APPROBATION</line>
<line>DU PLAN DE PRÉVENTION DU RISQUE NATUREL INONDATION DE VITRY LE</line>
<line>FRANÇOIS SUR LE SECTEUR DE LA MARNE-BLAISE</line></par>
<par>
<line>SUR LE TERRITOIRE DES COMMUNES D’AmbriÈRES, Arrigny, EcolLEMONT,</line>
<line>Hauteville, Landricourt, Larzicourt, Sainte-Marie-du-Lac-Nuisement,</line></par>
<par>
<line>Sapignicourt</line></par>
</text>
</block>
<block><region><rect/></region>
<text>
<par>
<line>LE PRÉFET DU DÉPARTEMENT DE LA MARNE</line></par>
</text>
</block>
<block><region><rect/></region>
<text>
<par>
<line>VU le Code de l’Environnement et notamment les articles L562-1 et suivants et les articles</line>
<line>R 562-1 et suivants,</line></par>
<par>
<line>VU le code de l’urbanisme et notamment son article L153-60,</line></par>
<par>
<line>VU le décret n'’2005-3 du 4 janvier 2005 modifiant le décret du 5 octobre 1995 relatif aux</line>
<line>plans de prévention des risques naturels prévisibles,</line></par>
<par>
<line>VU l'arrêté préfectoral du 14 janvier 2003 fixant le périmètre de prescription du plan de</line>
<line>prévention du risque naturel d’inondation sur les communes du secteur de Vitry-le-François,</line></par>
<par>
<line>VU les arrêtés préfectoraux modificatifs du 31 mai 2013 et du 15 octobre 2014 fixant le</line>
<line>périmètre du plan de prévention du risque naturel inondation sur les communes du secteur</line>
<line>de Vitry-le-François,</line></par>
<par>
<line>VU l’arrêté préfectoral du 09 mai 2017 prorogeant le délai de réalisation du Plan de</line>
<line>Prévention des Risques inondation (PPRi) de Vitry-le-François sur le territoire des</line>
<line>communes d’Ambrières, Arrigny, Ecollemont, Hauteville, Landricourt, Larzicourt, Saint-</line>
<line>Marie-du-Lac-Nuisement et Sapignicourt,</line></par>
<par>
<line>VU les avis exprimés des conseils municipaux des communes, des collectivités territoriales,</line>
<line>des services et des organismes consultés conformément à l’article R562-7 du code de</line>
<line>l’environnement,</line></par>
<par>
<line>VU décision n°E17000103 / 51 en date du 19 juillet 2017 du Magistrat Délégué du tribunal</line>
<line>administratif de Châlons-en-Champagne, désignant Monsieur Jacky CLÉMENT en qualité</line>
<line>de commissaire enquêteur titulaire pour mener l’enquête publique relative au projet de plan</line>
<line>de prévention du risque naturel inondation de Vitry-le-François sur le secteur de Marne-</line>
<line>Biaise, sur le territoire des communes d’Ambrières, Arrigny, Ecollemont, Hauteville,</line>
<line>Landricourt, Larzicourt, Saint-Marie-du-Lac-Nuisement et Sapignicourt</line></par>
</text>
</block>



<block blockType="Picture" blockName="" l="1086" t="80" r="1178" b="170"><region><rect/></region>
</block>
</page>
<page width="2479" height="3504" resolution="300">
<block><region><rect/></region>
<text>
<par>
<line>vu l'arrêté préfectoral du 18 septembre 2017 portant ouverture d’une enquête publique du</line>
<line>mercredi 25 octobre 2017 à 9h00 au jeudi 23 novembre 2017 à 18h00 sur le projet de plan</line>
<line>de prévention du risque naturel inondation de Vitry-le-François sur le secteur de la Marne-</line>
<line>Biaise sur le territoire des communes d’Ambrières, Arrigny, Ecollemont, Hauteville,</line>
<line>Landricourt, Larzicourt, Saint-Marie-du-Lac-Nuisement et Sapignicourt,</line></par>
<par>
<line>VU le rapport et les conclusions du commissaire enquêteur en date du 20 décembre 2017,</line></par>
</text>
</block>
<block><region><rect/></region>
<text>
<par>
<line>Sur proposition de M™ la Sous-Préfète de Vitry-le-François et du Directeur Départemental</line>
<line>des Territoires,</line></par>
</text>
</block>
<block><region><rect/></region>
<text>
<par>
<line>ARRETE</line></par>
</text>
</block>
<block><region><rect/></region>
<text>
<par>
<line>Article 1^^</line></par>
</text>
</block>
<block><region><rect/></region>
<text>
<par>
<line>Le Plan de Prévention du Risque Naturel inondation sur le territoire des communes</line>
<line>d'Ambrières, Arrigny, Ecollemont, Hauteville, Landricourt, Larzicourt, Saint-Marie-du-Lac-</line>
<line>Nuisement et Sapignicourt est approuvé tel qu’il est annexé au présent arrêté,</line>
<line>conformément à l’article R562-9 du code de l’environnement.</line></par>
</text>
</block>
<block><region><rect/></region>
<text>
<par>
<line>Article 2</line></par>
</text>
</block>
<block><region><rect/></region>
<text>
<par>
<line>Le Plan de Prévention du Risque Naturel inondation contient les documents suivants joints</line>
<line>en annexe :</line></par>
<par>
<line>• une note de présentation et un livret d’annexes à la note de présentation ;</line></par>
<par>
<line>• des documents graphiques : cartes au 1/10000^™ reprenant les zones réglementées</line>
<line>et un plan de situation au 1/50000^™ ;</line></par>
<par>
<line>■ un règlement définissant les zones réglementées et précisant les dispositions</line>
<line>applicables pour chaque zone.</line></par>
</text>
</block>
<block><region><rect/></region>
<text>
<par>
<line>Article 3</line></par>
</text>
</block>
<block><region><rect/></region>
<text>
<par>
<line>Conformément à l’article L562-4 du code de l’environnement, le Plan de Prévention du</line>
<line>Risque Naturel inondation approuvé sur le territoire des communes d’Ambrières, Arrigny,</line>
<line>Ecollemont, Hauteville, Landricourt, Larzicourt, Saint-Marie-du-Lac-Nuisement et</line>
<line>Sapignicourt, vaut servitude d’utilité publique.</line></par>
<par>
<line>Les maires des communes concernées doivent annexer le Plan de Prévention des Risques</line>
<line>Inondation au plan local d’urbanisme approuvé, conformément aux dispositions de</line>
<line>l’article L153-60 du code de l’urbanisme.</line></par>
<par>
<line>Article 4</line></par>
</text>
</block>
<block><region><rect/></region>
<text>
<par>
<line>Le présent arrêté et le dossier qui lui est annexé seront notifiés à chacune des 8 communes</line>
<line>concernées, ainsi qu’aux présidents des 2 établissements publics de coopération</line>
<line>intercommunale compétents.</line></par>
</text>
</block>




</page>
<page width="2487" height="3510" resolution="300">
<block><region><rect/></region>
<text>
<par>
<line>Article 5</line></par>
</text>
</block>
<block><region><rect/></region>
<text>
<par>
<line>Le présent arrêté et le dossier qui lui est annexé seront tenus â la disposition du public,</line>
<line>conformément à l’article R562-9 du code de l'environnement, dans les mairies des</line>
<line>8 communes concernées, au siège des 2 établissements publics de coopération</line>
<line>intercommunale compétents pour l’élaboration des documents d’urbanisme sur le territoire</line>
<line>desquels le plan est applicable, ainsi que dans les locaux de la Préfecture de la Marne et de</line>
<line>la Sous-Préfecture de Vitry-le-François.</line></par>
</text>
</block>
<block><region><rect/></region>
<text>
<par>
<line>Article 6</line></par>
</text>
</block>
<block><region><rect/></region>
<text>
<par>
<line>Les maires de chacune des 8 communes concernées et les présidents des 2 établissements</line>
<line>publics de coopération intercommunale compétents pour l’élaboration des documents</line>
<line>d’urbanisme sur le territoire desquels le plan est applicable devront, conformément à l’article</line>
<line>R562-9 du code de l’environnement, afficher une copie du présent arrêté pendant un mois</line>
<line>minimum.</line></par>
<par>
<line>En outre, le présent arrêté fera l’objet d’une mention au Recueil des Actes Administratifs du</line>
<line>département de la Marne, ainsi que dans un journal diffusé dans le département.</line></par>
</text>
</block>
<block><region><rect/></region>
<text>
<par>
<line>Article 7</line></par>
</text>
</block>
<block><region><rect/></region>
<text>
<par>
<line>Le présent arrêté peut faire l’objet d'un recours contentieux au tribunal administratif de</line>
<line>Châlons-en-Champagne (25 rue du Lycée, 51036 Châlons-en-Champagne Cedex) dans un</line>
<line>délai de deux mois à compter de l’exécution des formalités de publicité.</line></par>
</text>
</block>
<block><region><rect/></region>
<text>
<par>
<line>Article 8</line></par>
</text>
</block>
<block><region><rect/></region>
<text>
<par>
<line>Monsieur le Secrétaire Général de la Préfecture de la Marne, Monsieur le Directeur de</line>
<line>Cabinet du Préfet de la Marne, Monsieur le Directeur Départemental des Territoires de la</line>
<line>Marne et Madame et Messieurs les Maires des communes d’Ambrières, Arrigny, Ecollemont,</line>
<line>Hauteville, Landricourt, Larzicourt, Saint-Marie-du-Lac-Nuisement et Sapignicourt, Monsieur</line>
<line>le président de la Communauté d’agglomération Saint-Dizier Der et Biaise, Madame la</line>
<line>présidente de la Communauté de Communes Perthois - Bocage et Der sont chargés,</line>
<line>chacun en ce qui le concerne, de l’exécution du présent arrêté.</line></par>
</text>
</block>
<block><region><rect/></region>
<text>
<par>
<line>Châlons-en-Champagne, le J J ^VR 2018</line></par>
</text>
</block>
<block><region><rect/></region>
<text>
<par>
<line>Le,Préfet</line></par>
</text>
</block>




</page>
</PM1>