<?xml version="1.0" encoding="UTF-8"?><PM1>
<page width="2479" height="3504" resolution="300">
<block><region><rect/></region>
<text>
<par>
<line>&lt;ir</line></par>
</text>
</block>
<block><region><rect/></region>
<text>
<par/>
</text>
</block>
<block><region><rect/></region>
<text>
<par>
<line>direction</line>
<line>départementale</line>
<line>de l'Equipement</line>
<line>desiandes</line></par>
</text>
</block>
<block><region><rect/></region>
<text>
<par/>
</text>
</block>
<block><region><rect/></region>
<text>
<par>
<line>Plan de Prévention</line>
<line>des Risques Inondation</line></par>
</text>
</block>
<block><region><rect/></region>
<text>
<par>
<line>Grenade sur l’Adour</line>
<line>Larrivière Saint Savin</line></par>
</text>
</block>
<block><region><rect/></region>
<text>
<par>
<line>PPR! approuvé le,</line></par>
</text>
</block>
<block><region><rect/></region>
<text>
<par>
<line>3 MR. 2008</line></par>
</text>
</block>
<block><region><rect/></region>
<text>
<par>
<line>i@</line></par>
</text>
</block>
<block><region><rect/></region>
<text>
<par>
<line>r</line></par>
</text>
</block>
<block><region><rect/></region>
<text>
<par>
<line>UYOT</line></par>
</text>
</block>
<block><region><rect/><rect/></region>
<text>
<par>
<line>Liberté • Egalité •</line></par>
<par>
<line>RÉPUBLIQUE Française</line></par>
</text>
</block>
<block><region><rect/></region>
<text>
<par>
<line>ministère de l’Écoiogie</line>
<line>du Développement</line>
<line>et de l’Aménagement</line>
<line>durables</line></par>
</text>
</block>
<block><region><rect/></region>
<text>
<par>
<line>février 2008</line></par>
</text>
</block>



<block blockType="Picture" blockName="" l="149" t="142" r="550" b="456"><region><rect/></region>
</block>
<block blockType="Picture" blockName="" l="1002" t="3018" r="1071" b="3082"><region><rect/></region>
</block>
</page>
<page width="2479" height="3504" resolution="300">
<block><region><rect/></region>
<text>
<par>
<line>Liberté • Égalité » Fraternité</line></par>
<par>
<line>république Française</line></par>
</text>
</block>
<block><region><rect/></region>
<text>
<par>
<line>PRÉFECTURE DES LANDES</line></par>
</text>
</block>
<block><region><rect/></region>
<text>
<par>
<line>Direction Départementale de l’Equipement</line></par>
</text>
</block>
<block><region><rect/></region>
<text>
<par>
<line>ARRETE portant approbation</line>
<line>de la révision du Plan de Prévention</line>
<line>des Risques naturels prévisibles Inondation</line>
<line>sur le secteur de GRENADE sur l’ADOUR</line></par>
</text>
</block>
<block><region><rect/></region>
<text>
<par>
<line>Le Préfet des Landes,</line></par>
<par>
<line>Chevalier de l’Ordre National du Mérite,</line></par>
</text>
</block>
<block><region><rect/></region>
<text>
<par>
<line>Vu le Code de l’Environnement et notamment ses articles L 562-1 et L 562-2, R 562-1 à</line>
<line>562-10,</line></par>
<par>
<line>Vu la loi n° 2003-699 du 30 juillet 2003 relative à la prévention des risques technologiques</line>
<line>et naturels et à la réparation des dommages.</line></par>
<par>
<line>Vu le SDAGE Adour Garonne approuvé le 6 Août 1996,</line></par>
<par>
<line>VU le décret n° 2004-374 du 29 avril 2004 relatif aux pouvoirs des préfets, à l’organisation</line>
<line>et à l’action des services de l’Etat dans les régions et départements,</line></par>
<par>
<line>VU le décret du 18 juillet 2007 nommant Monsieur Etienne GUYOT, Préfet des Landes,</line></par>
<par>
<line>Vu l’arrêté préfectoral du 19 décembre 2006 prescrivant la révision du Plan de Prévention</line>
<line>des Risques naturels prévisibles inondation sur le secteur de Grenade sur l’Adour,</line></par>
<par>
<line>Vu les observations formulées lors de l'enquête publique prescrite par arrêté préfectoral</line>
<line>du 4 octobre 2007, les conclusions motivées et l'avis favorable du Commissaire enquêteur</line>
<line>en date du 20 décembre 2007,</line></par>
<par>
<line>Vu l'avis favorable de la Chambre d'Agriculture des Landes en date du 28 juin 2007,</line></par>
<par>
<line>Vu l’avis favorable du Conseil Municipal de GRENADE sur l’ADOUR en date du 3 juillet</line>
<line>2007,</line></par>
<par>
<line>Vu l’avis favorable du Conseil Municipal de LARRIVIERE Saint SAVIN en date du 18 août</line>
<line>2007,</line></par>
<par>
<line>Sur proposition de M. le Directeur Départemental de l'Equipement,</line></par>
<par>
<line>ARRETE</line></par>
</text>
</block>
<block><region><rect/></region>
<text>
<par>
<line>Préfecture des Landes - 40021 Mont de Marsan Cedex - Tél. 05 58 06 58 06 - Fax 05 58 75 83 81</line></par>
</text>
</block>


</page>
<page width="2479" height="3504" resolution="300">
<block><region><rect/></region>
<text>
<par>
<line>ARTICLE 1</line></par>
</text>
</block>
<block><region><rect/></region>
<text>
<par>
<line>Le Plan de Prévention des Risques Inondation révisé du secteur de GRENADE sur</line>
<line>l’ADOUR comprenant les communes de GRENADE sur l’ADOUR et de LARRIVIERE Saint</line>
<line>SAVIN est approuvé tel qu’il est annexé au présent arrêté.</line></par>
</text>
</block>
<block><region><rect/></region>
<text>
<par>
<line>ARTICLE 2 :</line></par>
<par>
<line>Il sera notifié à Monsieur le Maire de GRENADE sur l’ADOUR et Monsieur le Maire de</line>
<line>LARRIVIERE Saint SAVIN, pour être annexé au Plan Local d'Urbanisme de la commune.</line></par>
<par>
<line>L'arrêté sera publié au Recueil des Actes Administratifs des Services de l'Etat dans le</line>
<line>département des Landes, et fera l’objet d’une publicité dans deux journaux régionaux ou</line>
<line>locaux diffusés dans le département en vue d’informer les populations.</line></par>
<par>
<line>L'arrêté sera affiché en Mairie de chaque commune et les annexes tenues à disposition</line>
<line>du public.</line></par>
</text>
</block>
<block><region><rect/></region>
<text>
<par>
<line>ARTICLE 3 :</line></par>
</text>
</block>
<block><region><rect/></region>
<text>
<par>
<line>Le présent arrêté pourra faire l’objet d’un recours pour excès de pouvoir devant le tribunal</line>
<line>administratif de Pau dans un délai de 2 mois à compter de la date d’opposabilité du</line>
<line>document (publication au recueil des actes administratifs du département, mesures de</line>
<line>publicité).</line></par>
</text>
</block>
<block><region><rect/></region>
<text>
<par>
<line>ARTICLE 4 :</line></par>
</text>
</block>
<block><region><rect/></region>
<text>
<par>
<line>Monsieur le Maire de GRENADE sur l’ADOUR, Monsieur le Maire de LARRIVIERE Saint</line>
<line>SAVIN, M. le Directeur Départemental de l'Equipement sont chargés, chacun en ce qui les</line>
<line>concerne, de l'exécution du présent arrêté, dont une ampliation sera adressée à Mme la</line>
<line>Directrice Départementale de l'Agriculture et de la Forêt des Landes, Mme la Directrice</line>
<line>Départementale des Affaires Sanitaires et Sociales des Landes, M. le Président de la</line>
<line>Chambre d'Agriculture des Landes et M. le Directeur Régional de l'Environnement.</line></par>
</text>
</block>
<block><region><rect/></region>
<text>
<par>
<line>MONT de MARSAN, le 0 3 AVR. 20D8</line></par>
</text>
</block>





<block blockType="Picture" blockName="" l="1561" t="2845" r="1698" b="2873"><region><rect/></region>
</block>
</page>
</PM1>