<?xml version="1.0" encoding="UTF-8"?><PM1>
<page width="1653" height="2339" resolution="200">
<block><region><rect/></region>
<text>
<par>
<line>E</line></par>
<par>
<line>Liberté • Égalité • Fraternité</line></par>
<par>
<line>RÉPUBLIQUE FRANÇAISE</line></par>
<par>
<line>PRÉFET DE LA DROME</line></par>
</text>
</block>
<block><region><rect/></region>
<text>
<par>
<line>Direction départementale des territoires de la Drôme</line>
<line>Service Aménagement du Territoire et Risques</line>
<line>Pôle prévention des risques</line></par>
<par>
<line>Affaire suivie par : Alain BRECHET</line>
<line>Tél. :40 81 66 81 24</line>
<line>courriel ; alain.brechet@drQme.gouv.fr</line></par>
<par>
<line>Préfecture</line></par>
<par>
<line>Direction des collectivités et de l'utilité publique</line>
<line>Bureau des enquêtes publiques</line>
<line>Affaire suivie par :</line></par>
<par>
<line>Lucette MANGUIN</line>
<line>Tel.: 04.75.79.28.71</line>
<line>Fax: 04 75 79 28.55</line></par>
<par>
<line>Courriel :lucette.manguin@drome.gouv.ff</line>
<line>Courriel du BEP : pref-enqueteS'publiques@drorae.gouv.fr</line></par>
</text>
</block>
<block><region><rect/></region>
<text>
<par>
<line>Arrêté n° 2o -4 2. OS 2, _ 00-1 if</line></par>
<par>
<line>portant approbation de la modification du règlement du Plan de Prévention des Risques naturels-</line>
<line>mouvements de terrain prévisibles sur la commune de SAINT-MARTIN-EN-VERCORS</line></par>
</text>
</block>
<block><region><rect/></region>
<text>
<par>
<line>Le Préfet de la Drôme,</line>
<line>Chevalier de la Légion d'Honneur,</line>
<line>Officier de l’Ordre National du Mérite</line></par>
</text>
</block>
<block><region><rect/></region>
<text>
<par>
<line>VU le Code de l’Environnement et notamment ses articles L562-1 à L562-9 et R562-1 à R562-12 ;</line></par>
<par>
<line>VU le code de Turbanisme ;</line></par>
<par>
<line>VU la loi n° 2004.811 du 13 août 2004 modifiée, de modernisation de la sécurité civile ;</line></par>
<par>
<line>VU le décret n° 2004-374 du 29 avril 2004 modifié, relatif aux pouvoirs des Préfets, à l’organisation et à</line>
<line>l'action des services de l'État dans les régions et départements ;</line></par>
<par>
<line>VU le décret n° 2011-765 du 28 juin 2011 relatif à la procédure d'élaboration, de révision et de modification</line>
<line>des plans de prévention des risques naturels prévisibles dit décret « PPR procédure » portant application</line>
<line>de l'article 222 de la loi n° 2010-788 du 12 juillet 2010 portant engagement national pour</line>
<line>l'environnement ;</line></par>
<par>
<line>VU l'arrêté préfectoral n°7967du 24 novembre 1988 portant approbation du plan d'exposition aux risques</line>
<line>naturels prévisibles de la commune de SAINT-MARTIN-EN-VERCORS ;</line></par>
<par>
<line>VU la demande de M. le Maire de SAINT-MARTIN-EN-VERCORS en date du 5 mai 2011 ;</line></par>
<par>
<line>VU l'arrêté préfectoral n° 2011293-0017 du 20 octobre 2011 prescrivant la modification du règlement du Plan</line>
<line>de Prévention des Risques naturels-mouvements de terrain sur la commune de SAINT-MARTIN-EN-</line>
<line>VERCORS ;</line></par>
</text>
</block>
<block><region><rect/></region>
<text>
<par>
<line>3, boulevard Vauban - 26030 VALENCE cedex 9 - Téléphone : 04 75 79 28 00</line>
<line>Site Internet de l'Etat en Drôme : httD://www.drome.pref.gouv.fr/</line></par>
</text>
</block>








</page>
<page width="1661" height="2345" resolution="200">
<block><region><rect/></region>
<text>
<par>
<line>vu l'absence d'observation sur le registre tenu en mairie pendant la mise à disposition du public du dossier</line>
<line>modifié ;</line></par>
<par>
<line>Considérant dès lors :</line></par>
<par>
<line>• que la modification du règlement du plan de prévention des risques mouvements de terrain de la</line>
<line>commune de SAINT-MARTIN-EN-VERCORS est conforme aux objectifs de préservation des vies</line>
<line>humaines et de réduction de la vulnérabilité des personnes et des biens,</line></par>
<par>
<line>• que rien ne s'oppose à sa mise en oeuvre ;</line></par>
<par>
<line>Sur la proposition de Madame la Secrétaire Générale de la préfecture de la Drôme ;</line></par>
</text>
</block>
<block><region><rect/></region>
<text>
<par>
<line>ARRETE</line></par>
</text>
</block>
<block><region><rect/></region>
<text>
<par>
<line>Article 1er :</line></par>
<par>
<line>La modification du règlement du Plan de Prévention des Risques naturels mouvements de terrain de la</line>
<line>commune de SAINT-MARTIN-EN-VERCORS, telle quelle est annexée au présent arrêté, est approuvée.</line></par>
<par>
<line>Article 2</line></par>
<par>
<line>Le règlement ainsi modifié remplace le règlement du dossier initial approuvé en 1988.</line></par>
<par>
<line>Article 3</line></par>
<par>
<line>Le Plan de Prévention des Risques naturels mouvements de terrain de la commune de SAINT-MARTIN-EN-</line>
<line>VERCORS est tenu à la disposition du public aux jours et heures ouvrables à la mairie de SAINT-MARTIN-</line>
<line>EN-VERCORS ainsi qu'en Préfecture de la Drôme (bureau des Enquêtes Publiques).</line></par>
<par>
<line>Article 4</line></par>
<par>
<line>Le présent arrêté sera publié au Recueil des Actes Administratifs de la Préfecture et mention en sera faite dans</line>
<line>un journal diffusé dans le département.</line></par>
<par>
<line>L'arrêté sera également affiché pendant un mois au minimum à la mairie de SAINT-MARTIN-EN-VERCORS</line>
<line>et porté à la connaissance du public par tout autre procédé en usage dans la commune.</line></par>
<par>
<line>Un certificat du maire justifiera l’accomplissement de l'affichage.</line></par>
<par>
<line>Article 5</line></par>
<par>
<line>Le présent arrêté peut faire l'objet d'un recours contentieux devant le tribunal administratif de Grenoble</line>
<line>(2 place de Verdun BPI 135 38022 GRENOBLE Cedex 1) dans un délai de deux mois à compter de sa date de</line>
<line>publication.</line></par>
<par>
<line>Article 6</line></par>
<par>
<line>Madame la Secrétaire Générale de la préfecture de la Drôme, Monsieur le Maire de la commune de SAINT-</line>
<line>MARTIN-EN-VERCORS, Monsieur le Directeur Départemental des Territoires de la Drôme sont chargés,</line>
<line>chacun en ce qui le concerne, de l’exécution du présent arrêté.</line></par>
</text>
</block>
<block><region><rect/></region>
<text>
<par>
<line>Fait à Valence, le</line>
<line>Le Préfet</line></par>
</text>
</block>
<block><region><rect/></region>
<text>
<par>
<line>Pour !e Çi'cfet. uar délégation^</line>
<line>,La&gt;^crc!ai/f Générais</line></par>
</text>
</block>
<block><region><rect/></region>
<text>
<par>
<line>2/2</line></par>
</text>
</block>










</page>
<page width="7013" height="4954" resolution="300">
<block><region><rect/></region>
<text>
<par>
<line>LEGENDE</line></par>
<par>
<line>D Zones très exposées (R)</line></par>
<par>
<line>H Zones exposées à des risques moindre (B1-B2)</line>
<line>D Zones sans risque prévisible</line></par>
</text>
</block>
<block><region><rect/></region>
<text>
<par>
<line>ISO}</line></par>
</text>
</block>
<block><region><rect/><rect/><rect/><rect/></region>
<text>
<par/>
</text>
</block>
<block><region><rect/><rect/><rect/></region>
<text>
<par>
<line>O</line></par>
<par>
<line>i dfl t'Allk«r</line></par>
</text>
</block>
<block><region><rect/></region>
<text>
<par>
<line>• Il</line></par>
<par>
<line>icVOb/XÎisSs^^^'</line></par>
<par>
<line>• « ■ ^ ^ V I</line></par>
<par>
<line>* &gt;. A ' Am ■</line></par>
</text>
</block>
<block><region><rect/></region>
<text>
<par>
<line>IMl</line></par>
</text>
</block>
<block><region><rect/></region>
<text>
<par>
<line>-%*.o</line></par>
</text>
</block>
<block><region><rect/></region>
<text>
<par>
<line>:&lt;L °</line></par>
</text>
</block>
<block><region><rect/></region>
<text>
<par>
<line>Um</line></par>
</text>
</block>
<block><region><rect/></region>
<text>
<par>
<line>\</line></par>
</text>
</block>
<block><region><rect/><rect/></region>
<text>
<par>
<line>f y~</line></par>
</text>
</block>
<block><region><rect/></region>
<text>
<par>
<line>U</line></par>
</text>
</block>
<block><region><rect/></region>
<text>
<par>
<line>® O</line></par>
</text>
</block>
<block><region><rect/></region>
<text>
<par>
<line>.0',</line></par>
</text>
</block>
<block><region><rect/></region>
<text>
<par/>
</text>
</block>
<block><region><rect/></region>
<text>
<par/>
</text>
</block>
<block><region><rect/></region>
<text>
<par>
<line>1423</line></par>
</text>
</block>
<block><region><rect/></region>
<text>
<par>
<line>S</line></par>
</text>
</block>
<block><region><rect/></region>
<text>
<par/>
</text>
</block>
<block><region><rect/></region>
<text>
<par>
<line>lïTV</line></par>
</text>
</block>
<block><region><rect/></region>
<text>
<par/>
</text>
</block>
<block><region><rect/></region>
<text>
<par>
<line>r</line></par>
</text>
</block>
<block><region><rect/></region>
<text>
<par/>
</text>
</block>
<block><region><rect/></region>
<text>
<par/>
</text>
</block>
<block><region><rect/></region>
<text>
<par/>
</text>
</block>
<block><region><rect/></region>
<text>
<par>
<line>-i%4.</line></par>
<par>
<line>. ..V I</line></par>
<par>
<line>. ! ■</line></par>
</text>
</block>
<block><region><rect/></region>
<text>
<par>
<line>O</line></par>
</text>
</block>
<block><region><rect/></region>
<text>
<par>
<line>FSVbuîé^</line></par>
</text>
</block>
<block><region><rect/></region>
<text>
<par>
<line>la.</line></par>
</text>
</block>
<block><region><rect/></region>
<text>
<par/>
</text>
</block>
<block><region><rect/></region>
<text>
<par/>
</text>
</block>
<block><region><rect/></region>
<text>
<par>
<line>O</line></par>
</text>
</block>
<block><region><rect/></region>
<text>
<par>
<line>A'</line></par>
</text>
</block>
<block><region><rect/></region>
<text>
<par/>
</text>
</block>
<block><region><rect/></region>
<text>
<par/>
</text>
</block>
<block><region><rect/></region>
<text>
<par>
<line>Z</line></par>
</text>
</block>
<block><region><rect/></region>
<text>
<par>
<line>+ 4</line></par>
</text>
</block>
<block><region><rect/></region>
<text>
<par>
<line>lies</line></par>
</text>
</block>
<block><region><rect/></region>
<text>
<par>
<line>T®nj</line></par>
</text>
</block>
<block><region><rect/></region>
<text>
<par>
<line>\9t</line></par>
</text>
</block>
<block><region><rect/></region>
<text>
<par/>
</text>
</block>
<block><region><rect/></region>
<text>
<par>
<line>U</line></par>
</text>
</block>
<block><region><rect/></region>
<text>
<par>
<line>Vercû</line></par>
</text>
</block>
<block><region><rect/></region>
<text>
<par>
<line>ou</line></par>
</text>
</block>
<block><region><rect/></region>
<text>
<par>
<line>VI</line></par>
</text>
</block>
<block><region><rect/></region>
<text>
<par/>
</text>
</block>
<block><region><rect/></region>
<text>
<par/>
</text>
</block>
<block><region><rect/></region>
<text>
<par>
<line>IU2</line></par>
</text>
</block>
<block><region><rect/></region>
<text>
<par/>
</text>
</block>
<block><region><rect/></region>
<text>
<par>
<line>A</line></par>
</text>
</block>
<block><region><rect/></region>
<text>
<par/>
</text>
</block>
<block><region><rect/></region>
<text>
<par/>
</text>
</block>
<block><region><rect/></region>
<text>
<par>
<line>- O 4</line></par>
</text>
</block>
<block><region><rect/><rect/><rect/></region>
<text>
<par>
<line>^ de Sî-MarUr^</line></par>
<par>
<line>O</line></par>
<par>
<line>O</line></par>
<par>
<line>1)44</line></par>
</text>
</block>
<block><region><rect/><rect/><rect/><rect/><rect/><rect/><rect/><rect/></region>
<text>
<par>
<line>A ' . V ^</line></par>
<par>
<line>*aa*r fyiwl ?1</line></par>
</text>
</block>
<block><region><rect/></region>
<text>
<par>
<line>+</line></par>
</text>
</block>
<block><region><rect/><rect/></region>
<text>
<par>
<line>lea Av#rds</line></par>
</text>
</block>
<block><region><rect/></region>
<text>
<par/>
</text>
</block>
<block><region><rect/></region>
<text>
<par/>
</text>
</block>
<block><region><rect/></region>
<text>
<par>
<line>iptthlam</line></par>
</text>
</block>
<block><region><rect/><rect/><rect/></region>
<text>
<par>
<line>I *</line></par>
<par>
<line>s; ^ ^ f</line></par>
<par>
<line>—’■*■■*&gt;"—■■</line>
<line>Pla5* Rivière</line></par>
<par>
<line>4' I I</line></par>
<par>
<line>11</line></par>
</text>
</block>
<block><region><rect/></region>
<text>
<par>
<line>f f</line></par>
<par>
<line>U, '</line></par>
</text>
</block>
<block><region><rect/></region>
<text>
<par>
<line>.74#</line></par>
</text>
</block>
<block><region><rect/></region>
<text>
<par/>
</text>
</block>
<block><region><rect/><rect/><rect/><rect/><rect/><rect/><rect/></region>
<text>
<par>
<line>' - • ' . ■ .. , \v -''■ï'iATr—' ,k&gt;^ *'?. /•_. «</line></par>
</text>
</block>
<block><region><rect/></region>
<text>
<par>
<line>+</line></par>
</text>
</block>
<block><region><rect/><rect/><rect/><rect/><rect/><rect/><rect/><rect/></region>
<text>
<par>
<line>. 4^ /• « , jr</line></par>
<par>
<line>lony of</line></par>
<par>
<line>les Michelont ®</line></par>
</text>
</block>
<block><region><rect/></region>
<text>
<par>
<line>"ti».</line></par>
</text>
</block>
<block><region><rect/></region>
<text>
<par>
<line>1</line></par>
</text>
</block>
<block><region><rect/></region>
<text>
<par>
<line>l</line></par>
</text>
</block>
<block><region><rect/></region>
<text>
<par>
<line>f J O.F .’ V ' «■' ' ••'</line></par>
<par>
<line>^ 1 ’i wi|* L</line></par>
</text>
</block>
<block><region><rect/></region>
<text>
<par/>
</text>
</block>
<block><region><rect/><rect/></region>
<text>
<par>
<line>oS^iColCoi»</line></par>
<par>
<line>V»cancw</line></par>
</text>
</block>
<block><region><rect/></region>
<text>
<par/>
</text>
</block>
<block><region><rect/></region>
<text>
<par>
<line>LilMtM • • AiM&lt;nH(i&lt;</line></par>
<par>
<line>REPLBU(}(.it ERANÇAIST</line></par>
</text>
</block>
<block><region><rect/></region>
<text>
<par>
<line>I &lt;lHw»WHit</line></par>
</text>
</block>
<block><region><rect/></region>
<text>
<par>
<line>Information des acquéreurs et</line>
<line>locataires de biens immobiliers</line></par>
</text>
</block>
<block><region><rect/><rect/><rect/><rect/><rect/><rect/><rect/><rect/><rect/><rect/><rect/><rect/><rect/><rect/><rect/></region>
<text>
<par>
<line>\ I</line></par>
<par>
<line>A'S'V</line></par>
<par>
<line>° V^4mVl „ «</line></par>
<par>
<line>\ p4</line></par>
<par>
<line>O tïîr'^r*^ -</line></par>
<par>
<line>U</line></par>
</text>
</block>
<block><region><rect/><rect/><rect/><rect/><rect/><rect/><rect/><rect/><rect/><rect/><rect/><rect/><rect/><rect/><rect/><rect/><rect/></region>
<text>
<par>
<line>V</line></par>
<par>
<line>,0 t •1342'^^</line></par>
<par>
<line>\ 1 C.</line></par>
<par>
<line>' • ' ' f* -N. . 1</line></par>
<par>
<line>„ ■' \</line></par>
<par>
<line>, \ J ” 0 \'</line></par>
<par>
<line>+ "</line></par>
<par>
<line>f , )</line></par>
<par>
<line>I y «4»</line></par>
</text>
</block>
<block><region><rect/><rect/><rect/></region>
<text>
<par>
<line>Commune de SAINT MARTIN EN VERCORS</line>
<line>Cartographie* annexée à l’arrêté n°2011102-0015 du 12 avril 2011</line>
<line>Carte du zonage réglementaire</line></par>
</text>
</block>
<block><region><rect/></region>
<text>
<par>
<line>731 I ; / &gt; rv’. -V / ri/® - _' s</line></par>
<par>
<line>r ° .'n '°~7 ' iir''#—</line></par>
<par>
<line>r.. ..'//i 'i. '. \ y » JT \ r • m /•&gt;</line></par>
</text>
</block>
<block><region><rect/><rect/></region>
<text>
<par>
<line>.-' /LdLïSlj^</line></par>
<par>
<line>-‘Â ' ‘</line></par>
</text>
</block>
<block><region><rect/></region>
<text>
<par>
<line>'.w •</line></par>
</text>
</block>
<block><region><rect/></region>
<text>
<par>
<line>-h</line></par>
</text>
</block>
<block><region><rect/></region>
<text>
<par>
<line>''''—</line></par>
</text>
</block>
<block><region><rect/></region>
<text>
<par/>
</text>
</block>
<block><region><rect/><rect/><rect/></region>
<text>
<par>
<line>^ / -: Cvi c ''</line></par>
<par>
<line>P 'i</line></par>
<par>
<line>\ j ^ r^i_Jl__J'</line></par>
<par>
<line>' 'Rcyb-on 1</line></par>
<par>
<line>â* ' \i—^-•t'—</line></par>
</text>
</block>
<block><region><rect/></region>
<text>
<par/>
</text>
</block>
<block><region><rect/></region>
<text>
<par>
<line>\</line></par>
</text>
</block>
<block><region><rect/></region>
<text>
<par>
<line>•ém</line></par>
</text>
</block>
<block><region><rect/></region>
<text>
<par>
<line>*'»3îS</line></par>
</text>
</block>
<block><region><rect/></region>
<text>
<par>
<line>*■■!■ • fmm:7;.x:.</line></par>
</text>
</block>
<block><region><rect/><rect/><rect/><rect/></region>
<text>
<par>
<line>■ \ lî” j</line></par>
</text>
</block>
<block><region><rect/></region>
<text>
<par>
<line>' Le recours è</line></par>
</text>
</block>
<block><region><rect/></region>
<text>
<par>
<line>la fiche synthétique descriptive est indispensable pour pouvoir interpréter cette carte</line></par>
</text>
</block>







































</page>
<page width="2479" height="3508" resolution="300">
<block><region><rect/></region>
<text>
<par>
<line>Mouvements de terrain</line></par>
</text>
</block>
<block><region><rect/></region>
<text>
<par>
<line>Plan d'Exposition aux Risques</line>
<line>Naturels prévisibles (P.E.R.)</line></par>
</text>
</block>
<block><region><rect/></region>
<text>
<par>
<line>Commune de</line></par>
<par>
<line>SAINT-MARTIN-EN-VERCORS</line></par>
</text>
</block>
<block><region><rect/></region>
<text>
<par>
<line>Règlement</line></par>
</text>
</block>
<block><region><rect/></region>
<text>
<par>
<line>Direction Départementale</line>
<line>des Territoires de la Drôme</line></par>
</text>
</block>
<block><region><rect/></region>
<text>
<par>
<line>Liberti • Égaliti • Fraternité</line></par>
<par>
<line>Réfubuque Française</line></par>
</text>
</block>
<block><region><rect/></region>
<text>
<par>
<line>Mars 2012</line></par>
<par>
<line>P.E.R. approuvé le</line>
<line>24 novembre 1988</line></par>
<par>
<line>Modification n°1 du</line>
<line>règlement approuvée</line>
<line>le</line></par>
</text>
</block>






</page>
<page width="2479" height="3508" resolution="300">
<block><region><rect/></region>
<text>
<par>
<line>Prescription de la modification n°1 le :</line>
<line>20 octobre 2011</line></par>
</text>
</block>
<block><region><rect/></region>
<text>
<par>
<line>Document édité le : 26 mars 2012</line></par>
</text>
</block>
</page>
<page width="2479" height="3508" resolution="300">
<block><region><rect/></region>
<text>
<par>
<line>SOMMAIRE</line></par>
</text>
</block>
<block><region><rect/></region>
<text>
<par>
<line>TITRE I PORTÉE DU RÈGLEMENT - DISPOSITIONS GÉNÉRALES.7</line></par>
<par>
<line>Article I - Champ d’application.7</line></par>
<par>
<line>Article II - Division du territoire en zones.7</line></par>
<par>
<line>Article III - Effets du P.E.R.7</line></par>
<par>
<line>TITRE II DISPOSITIONS APPLICABLES AUX ZONES DÉLIMITÉES DANS LE</line>
<line>DOCUMENT DU P.E.R.9</line></par>
<par>
<line>Article I - Dispositions applicables en zone rouge.9</line></par>
<par>
<line>1.1 - Définition.9</line></par>
<par>
<line>1.2 - Localisation.9</line></par>
<par>
<line>1.3 - Sont interdits.9</line></par>
<par>
<line>1.4 - Sont autorisés.9</line></par>
<par>
<line>Article II - Dispositions applicables en zone bleue.10</line></par>
<par>
<line>11.1 - Définition.10</line></par>
<par>
<line>11.2 - Secteurs B1 exposés à des risques d'effondrement et d'affaissement.10</line></par>
<par>
<line>11.2.1 - Localisation.10</line></par>
<par>
<line>11.2.2 - Biens et activités existants.10</line></par>
<par>
<line>11.2.3 - Biens et activités futurs.10</line></par>
<par>
<line>11.3 - Secteurs B2 exposés à des risques de glissement.11</line></par>
<par>
<line>11.3.1 - Localisation.11</line></par>
<par>
<line>11.3.2 - Biens et activités existants.11</line></par>
<par>
<line>11.3.3 - Biens et activités futurs.12</line></par>
<par>
<line>Article III - Dispositions applicables en zone blanche.12</line></par>
<par>
<line>111.1 - Définition.12</line></par>
<par>
<line>111.2 - Dispositions applicables.13</line></par>
</text>
</block>
<block><region><rect/></region>
<text>
<par>
<line>3</line></par>
</text>
</block>
























</page>
<page width="2479" height="3508" resolution="300">
<block><region><rect/></region>
<text>
<par>
<line>4</line></par>
</text>
</block>
</page>
<page width="2479" height="3508" resolution="300">
<block><region><rect/></region>
<text>
<par>
<line>Règlement</line></par>
</text>
</block>
<block><region><rect/></region>
<text>
<par>
<line>Avertissement</line></par>
</text>
</block>
<block><region><rect/></region>
<text>
<par>
<line>AVERTISSEMENT</line></par>
</text>
</block>
<block><region><rect/></region>
<text>
<par>
<line>La modification n°1 du règlement du P.E.R. mouvements de terrain de la commune de SAINT-MARTIN-</line>
<line>EN-VERCORS a été conduite, à la demande de M. le Maire en date du 5 mai 2011, en application :</line></par>
<par>
<line>• du décret n° 2011-765 du 28 juin 2011 relatif à la procédure d'élaboration, de révision et de</line>
<line>modification des plans de prévention des risques naturels prévisibles , qui modifie les articles</line>
<line>R562-2 (V) et R562-10 (V) du code de l'environnement et qui crée les articles R562-10-1 et</line>
<line>R562-10-2 du même code,</line></par>
<par>
<line>• de l'arrêté préfectoral n° 2011293-0017 du 20 octobre 2011 prescrivant cette modification.</line></par>
<par>
<line>Cette modification ne porte que sur certains paragraphes de l'article II du Titre II du présent</line>
<line>règlement. Ces paragraphes sont signalés par une note de bas de page.</line></par>
<par>
<line>Les autres parties du règlement sont inchangés et correspondent à la réglementation issue de la loi n°</line>
<line>82-600 du 13 juillet 1982 qui fonde le P.E.R. initial approuvé en 1988.</line></par>
</text>
</block>
<block><region><rect/></region>
<text>
<par>
<line>5</line></par>
</text>
</block>

</page>
<page width="2479" height="3508" resolution="300">
<block><region><rect/></region>
<text>
<par>
<line>6</line></par>
</text>
</block>
</page>
<page width="2479" height="3508" resolution="300">
<block><region><rect/></region>
<text>
<par>
<line>Règlement</line></par>
</text>
</block>
<block><region><rect/></region>
<text>
<par>
<line>Dispositions générales</line></par>
</text>
</block>
<block><region><rect/></region>
<text>
<par>
<line>TITRE I_Portée du règlement - dispositions générales</line></par>
</text>
</block>
<block><region><rect/></region>
<text>
<par>
<line>Article I - Champ d’application</line></par>
<par>
<line>Le présent règlement, qui s'applique à l'ensemble de la Commune de SAINT-MARTIN-EN-</line>
<line>VERCORS, détermine les mesures de prévention à mettre en œuvre contre les risques</line>
<line>naturels prévisibles conformément aux dispositions de l'article 5 la loi du 13 juillet 1982.</line></par>
<par>
<line>Les risques naturels prévisibles pris en compte sont :</line></par>
<par>
<line>• les écroulements de masses rocheuses,</line></par>
<par>
<line>• les chutes de blocs,</line></par>
<par>
<line>• les glissements et les ravinements.</line></par>
<par>
<line>En application de la loi du 13/07/82 relative à l'indemnisation des victimes de catastrophes</line>
<line>naturelles, le présent règlement fixe les dispositions applicables aux biens et activités</line>
<line>existantes ainsi qu'à l'implantation de toutes constructions et installations, à l'exécution de</line>
<line>tous travaux et à l'exercice de toutes activités; sans préjudice de l'application des autres</line>
<line>législations et règlementations en vigueur.</line></par>
</text>
</block>
<block><region><rect/></region>
<text>
<par>
<line>Article II - Division du territoire en zones</line></par>
<par>
<line>Conformément à l'article 5 du décret n° 84 328 du 3 mai 1984, le territoire de la commune de</line>
<line>ST MARTIN EN VERCORS a été divisée en trois zones :</line></par>
<par>
<line>• une zone rouge estimée très exposée,</line></par>
<par>
<line>• une zone bleue exposée à des risques moindres,</line></par>
<par>
<line>• une zone blanche estimée sans risque naturel prévisible, ou pour laquelle le risque</line>
<line>est jugé acceptable, sa probabilité d'occurrence et les dommages éventuels étant</line>
<line>négligeables.</line></par>
</text>
</block>
<block><region><rect/></region>
<text>
<par>
<line>Article III - Effets du P.E.R.</line></par>
<par>
<line>La nature et les conditions d'exécution des techniques de prévention prises pour l'application</line>
<line>du présent règlement sont définies et mises en œuvre sous la responsabilité du maître</line>
<line>d'ouvrage et du maître d'œuvre concernés par les constructions , travaux et installations visés.</line>
<line>Le P.E.R. vaut servitude d'utilité publique. A ce titre , il doit être annexé au plan d'occupation</line>
<line>des sols, conformément à l'article R 126-1 du code de l'urbanisme.</line></par>
<par>
<line>En zone rouge, les biens et activités existants antérieurement à la publication de ce plan</line>
<line>continuent de bénéficier du régime général de garantie prévu par la loi.</line></par>
<par>
<line>La publication du P.E.R. est réputée faite le 30ème jour d'affichage en Mairie de l'acte</line>
<line>d'approbation (art. 9 du décret 84 328 du 3 Mai 1984).</line></par>
<par>
<line>En zone bleue, le respect des dispositions du P.E.R. conditionne la possibilité pour l'assuré de</line>
<line>bénéficier de la réparation des dommages matériels directement occasionnés par l'intensité</line>
<line>anormale d'un agent naturel sous réserve que soit constaté l'état de catastrophe naturelle par</line>
<line>arrêté interministériel . Pour les biens et activités implantés antérieurement à la publication de</line></par>
</text>
</block>
<block><region><rect/></region>
<text>
<par>
<line>7</line></par>
</text>
</block>




</page>
<page width="2479" height="3508" resolution="300">
<block><region><rect/></region>
<text>
<par>
<line>Règlement</line></par>
</text>
</block>
<block><region><rect/></region>
<text>
<par>
<line>Dispositions générales</line></par>
</text>
</block>
<block><region><rect/></region>
<text>
<par>
<line>ce plan, le propriétaire ou exploitant dispose d'un délai de 5 ans pour se conformer au présent</line>
<line>règlement.</line></par>
<par>
<line>A défaut d'une mise en conformité dans ce délai, le propriétaire ou l'exploitant peut se voir</line>
<line>refuser le bénéfice de l'assurance et de la réparation des dommages provoqués par un agent</line>
<line>naturel.</line></par>
<par>
<line>En zone blanche ,il n'est pas prescrit de mesures de prévention.</line></par>
</text>
</block>
<block><region><rect/></region>
<text>
<par>
<line>Conformément à l'article 6 du décret 84 328 du 3 Mai 1984, les mesures de prévention</line>
<line>prévues par le plan d'exposition aux risques naturels prévisibles concernant les biens existants</line>
<line>antérieurement à la publication de ce plan ne peuvent entraîner un coût supérieur à 10% de la</line>
<line>valeur vénale des biens concernés.</line></par>
</text>
</block>
<block><region><rect/></region>
<text>
<par>
<line>8</line></par>
</text>
</block>


</page>
<page width="2479" height="3508" resolution="300">
<block><region><rect/></region>
<text>
<par>
<line>Règlement</line></par>
</text>
</block>
<block><region><rect/></region>
<text>
<par>
<line>dispositions particulières</line></par>
</text>
</block>
<block><region><rect/></region>
<text>
<par>
<line>TITRE II Dispositions applicables aux zones délimitées dans</line>
<line>le document du P.E.R.</line></par>
</text>
</block>
<block><region><rect/></region>
<text>
<par>
<line>Article I - Dispositions applicables en zone rouge</line></par>
</text>
</block>
<block><region><rect/></region>
<text>
<par>
<line>I.1- Définition</line></par>
<par>
<line>C'est une zone très exposée où certains risques naturels sont particulièrement redoutables,</line>
<line>notamment en raison de leur conjonction possible.</line></par>
<par>
<line>Compte-tenu des aménagements envisageables et des protections nécessaires , il n'existe pas ,</line>
<line>au moment de l'élaboration du présent P.E.R., de mesure de protection économiquement</line>
<line>admissible pour y permettre l'implantation de nouvelles constructions.</line></par>
</text>
</block>
<block><region><rect/></region>
<text>
<par>
<line>I.2- Localisation</line></par>
<par>
<line>La zone rouge regroupe :</line></par>
<par>
<line>• Les secteurs soumis à des chutes de blocs : ROCHE ROUSSE, BOIS DE L'ALE,</line>
<line>LA COMBE ET LES JAUNES, ROCHELIERE , LES SERRES DE COULOS</line>
<line>ET FILLON, LES GRANDS GOULETS,</line></par>
<par>
<line>• Les secteurs LA BERTHUNIERE ET LA COMBE sujet à des coulées de boue,</line></par>
<par>
<line>• Le vallon LES BUYERES, LES LACS et BOCHERES affecté de dolines et</line>
<line>soumis à des affaissements,</line></par>
<par>
<line>• Le versant rive droite de l'ADOUIN soumis à es glissements : LES ACHARDS</line>
<line>ET COINCHETTE, LES AMARES ET BARERES près de TOURTRE.</line></par>
</text>
</block>
<block><region><rect/></region>
<text>
<par>
<line>I.3- Sont interdits</line></par>
<par>
<line>Tous travaux (y compris les coupes de bois à blanc, en particulier au lieu-dit LA COMBE près</line>
<line>de la BERTHUNIERE), constructions , installations de quelques nature qu'il soit à l'exception</line>
<line>de ceux visés ci-après.</line></par>
</text>
</block>
<block><region><rect/></region>
<text>
<par>
<line>I.4- Sont autorisés</line></par>
<par>
<line>• les travaux d'entretien et de gestion normaux de constructions et installations</line>
<line>implantées antérieurement à la publication du présent plan, à condition de ne pas</line>
<line>aggraver les risques ou leurs effets,</line></par>
<par>
<line>• les travaux et installations destinés à réduire les risques ou leurs conséquences,</line></par>
<par>
<line>• les travaux d'infrastructures publiques à condition de ne pas aggraver les risques</line>
<line>ou les effets.</line></par>
</text>
</block>
<block><region><rect/></region>
<text>
<par>
<line>9</line></par>
</text>
</block>


</page>
<page width="2479" height="3508" resolution="300">
<block><region><rect/></region>
<text>
<par>
<line>Règlement</line></par>
</text>
</block>
<block><region><rect/></region>
<text>
<par>
<line>dispositions particulières</line></par>
</text>
</block>
<block><region><rect/></region>
<text>
<par>
<line>Article II - Dispositions applicables en zone bleue</line></par>
<par>
<line>II.1- Définition</line></par>
<par>
<line>Cette zone est exposée à des risques moindres, de différentes natures et pour lesquels des</line>
<line>mesures de prévention administratives et/ou techniques doivent être prises.</line></par>
<par>
<line>La zone bleue est répartie en 2 types de sous-zones exposées à des risques de mouvements de</line>
<line>terrain différents :</line></par>
<par>
<line>• les secteurs B1 exposés à des risques d'effondrements et d'affaissements,</line></par>
<par>
<line>• les secteurs B2 exposés à des risques de glissement de terrain.</line></par>
</text>
</block>
<block><region><rect/></region>
<text>
<par>
<line>II.2- Secteurs B1 exposés à des risques d'effondrement et d'affaissement</line></par>
<par>
<line>II.2.1- Localisation</line></par>
<par>
<line>• La quasi totalité du versant Ouest de la vallée excepté LES BRUYERES, LES</line>
<line>BUISSIERES, LES MICHALETS et GOUTETS.</line></par>
<par>
<line>• HERBOULY, TRIBOUT, LA COINCHETTE sur le versant Est.</line></par>
</text>
</block>
<block><region><rect/></region>
<text>
<par>
<line>II.2.2- Biens et activités existants1</line></par>
</text>
</block>
<block><region><rect/></region>
<text>
<par>
<line>La mise en conformité des dispositifs d'assainissement autonome devra répondre aux règles</line>
<line>suivantes :</line></par>
<par>
<line>• Les eaux usées seront, soit raccordées au réseau collectif s'il existe, soit rejetées dans</line>
<line>un exutoire superficiel après traitement conforme aux prescriptions générales</line>
<line>applicables aux installations d'assainissement non collectif.</line></par>
<par>
<line>• Dans le cas où aucune des solutions ci-dessus ne pourra être mise en œuvre, une étude</line>
<line>de l'aptitude du sol à l'assainissement autonome devra définir la filière à retenir.</line></par>
<par>
<line>• Outre la définition de la filière, cette étude devra conclure précisément sur la non</line>
<line>aggravation des instabilités potentielles de terrain ainsi que sur la non dégradation de</line>
<line>la salubrité publique du milieu environnant. A ce titre, les services compétents de la</line>
<line>direction départementale des territoires et de l'agence régionale de santé (en cas de</line>
<line>projet dans les périmètres de protection du captage des Gourds Ferrands) seront</line>
<line>consultés.</line></par>
<par>
<line>• Le service public d'assainissement non collectif de la commune sera également</line>
<line>sollicité avant toute réalisation et sera destinataire des études nécessaires.</line></par>
</text>
</block>
<block><region><rect/></region>
<text>
<par>
<line>II.2.3- Biens et activités futurs2</line></par>
</text>
</block>
<block><region><rect/></region>
<text>
<par>
<line>Sont interdits :</line></par>
</text>
</block>
<block><region><rect/></region>
<text>
<par>
<line>1</line></par>
<par>
<line>Cet article fait l'objet d'une modification par rapport au règlement du dossier PE.R. Approuvé en 1988.</line></par>
</text>
<text>
<par>
<line>2 Idem note 1</line></par>
</text>
</block>
<block><region><rect/></region>
<text>
<par>
<line>10</line></par>
</text>
</block>





</page>
<page width="2479" height="3508" resolution="300">
<block><region><rect/></region>
<text>
<par>
<line>Règlement</line></par>
</text>
</block>
<block><region><rect/></region>
<text>
<par>
<line>dispositions particulières</line></par>
</text>
</block>
<block><region><rect/></region>
<text>
<par>
<line>Les rejets directs des eaux usées dans les dolines afin de ne pas polluer les circulations</line>
<line>karstiques et les émergences à l'aval.</line></par>
<par>
<line>Mesures de prévention</line></par>
<par>
<line>• Détection des cavités souterraines par simples observations ou par étude du sous-sol :</line>
<line>puits à la pelle mécanique, gravimétrie, sismique, résistivité, etc.</line></par>
<par>
<line>• Implantation de la construction en fonction des résultats de l'étude précédente.</line></par>
<par>
<line>• Les eaux usées seront, soit raccordées au réseau collectif s'il existe, soit rejetées dans</line>
<line>un exutoire superficiel après traitement conforme aux prescriptions générales</line>
<line>applicables aux installations d'assainissement non collectif.</line></par>
<par>
<line>Dans le cas où aucune des solutions ci-dessus ne pourra être mise en œuvre, une étude de</line>
<line>l'aptitude du sol à l'assainissement autonome devra définir la filière à retenir.</line></par>
<par>
<line>Outre la définition de la filière, cette étude devra conclure précisément sur la non aggravation</line>
<line>des instabilités potentielles de terrain ainsi que sur la non dégradation de la salubrité publique</line>
<line>du milieu environnant.</line></par>
<par>
<line>A ce titre, les services compétents de la direction départementale des territoires et de l'agence</line>
<line>régionale de santé (en cas de projet dans les périmètres de protection du captage des Gourds</line>
<line>Ferrands) seront consultés.</line></par>
<par>
<line>Une attestation de réalisation de cette étude, établie par un expert, devra alors être jointe à la</line>
<line>demande de permis de construire. Elle rappellera les conclusions visées ci-dessus.</line></par>
<par>
<line>Le service public d'assainissement non collectif de la commune sera sollicité avant toute</line>
<line>réalisation et sera destinataire des études nécessaires.</line></par>
</text>
</block>
<block><region><rect/></region>
<text>
<par>
<line>II.3- Secteurs B2 exposés à des risques de glissement</line></par>
<par>
<line>II.3.1- Localisation</line></par>
</text>
</block>
<block><region><rect/></region>
<text>
<par>
<line>GRANDS CHAMPS, LES FRANCONS, LES TREMOULINES, CHAMPS DESSUS, LES</line>
<line>BERTHONNETS, BIASSONS ET RITONS, LES MICHALONS, LES AMARES ET</line>
<line>BARERES, TOURTRE , LES ENVERS, LES ROUTES, LA PANERA ET GRANDE COTE.</line></par>
</text>
</block>
<block><region><rect/></region>
<text>
<par>
<line>II.3.2- Biens et activités existants3</line></par>
</text>
</block>
<block><region><rect/></region>
<text>
<par>
<line>La mise en conformité des dispositifs d'assainissement autonome devra répondre aux règles</line>
<line>suivantes :</line></par>
<par>
<line>Les eaux usées seront :</line></par>
<par>
<line>• soit raccordées au réseau collectif s'il existe,</line></par>
<par>
<line>• soit rejetées dans un exutoire superficiel après traitement conforme aux prescriptions</line>
<line>générales applicables aux installations d'assainissement non collectif.</line></par>
</text>
</block>
<block><region><rect/></region>
<text>
<par>
<line>3 Cet article fait l'objet d'une modification par rapport au règlement du dossier PE.R. Approuvé en 1988.</line></par>
</text>
</block>
<block><region><rect/></region>
<text>
<par>
<line>11</line></par>
</text>
</block>




</page>
<page width="2479" height="3508" resolution="300">
<block><region><rect/></region>
<text>
<par>
<line>Règlement</line></par>
</text>
</block>
<block><region><rect/></region>
<text>
<par>
<line>dispositions particulières</line></par>
</text>
</block>
<block><region><rect/></region>
<text>
<par>
<line>Dans le cas où aucune des solutions ci-dessus ne pourra être mise en œuvre, une étude de</line>
<line>l'aptitude du sol à l'assainissement autonome devra définir la filière à retenir.</line></par>
<par>
<line>Outre la définition de la filière, cette étude devra conclure précisément sur la non aggravation</line>
<line>des instabilités potentielles de terrain ainsi que sur la non dégradation de la salubrité publique</line>
<line>du milieu environnant.</line></par>
<par>
<line>A ce titre, les services compétents de la direction départementale des territoires et de l'agence</line>
<line>régionale de santé (en cas de projet dans les périmètres de protection du captage des Gourds</line>
<line>Ferrands) seront consultés.</line></par>
<par>
<line>Le service public d'assainissement non collectif de la commune sera également sollicité avant</line>
<line>toute réalisation et sera destinataire des études nécessaires.</line></par>
</text>
</block>
<block><region><rect/></region>
<text>
<par>
<line>II.3.3- Biens et activités futurs4</line></par>
</text>
</block>
<block><region><rect/></region>
<text>
<par>
<line>Mesures de prévention</line></par>
<par>
<line>• Adaptation des fondations et des structures des bâtiments à l'instabilité des terrains.</line></par>
<par>
<line>• Un drainage efficace sera réalisé à l'arrière des constructions.</line></par>
<par>
<line>• Les eaux de surface seront collectées et rejetées dans un thalweg ou un fossé naturel.</line></par>
<par>
<line>• Les eaux usées seront, soit raccordées au réseau collectif s'il existe, soit rejetées dans</line>
<line>un exutoire superficiel après traitement conforme aux prescriptions générales</line>
<line>applicables aux installations d'assainissement non collectif.</line></par>
<par>
<line>Dans le cas où aucune des solutions ci-dessus ne pourra être mise en œuvre, une étude de</line>
<line>l'aptitude du sol à l'assainissement autonome devra définir la filière à retenir.</line></par>
<par>
<line>Outre la définition de la filière, cette étude devra conclure précisément sur la non aggravation</line>
<line>des instabilités potentielles de terrain ainsi que sur la non dégradation de la salubrité publique</line>
<line>du milieu environnant. A ce titre, les services compétents de la direction départementale des</line>
<line>territoires et de l'agence régionale de santé (en cas de projet dans les périmètres de protection</line>
<line>du captage des Gourds Ferrands) seront consultés.</line></par>
<par>
<line>Une attestation de réalisation de cette étude, établie par un expert, devra alors être jointe à la</line>
<line>demande de permis de construire. Elle rappellera les conclusions visées ci-dessus.</line></par>
<par>
<line>Le service public d'assainissement non collectif de la commune sera sollicité avant toute</line>
<line>réalisation et sera destinataire des études nécessaires.</line></par>
</text>
</block>
<block><region><rect/></region>
<text>
<par>
<line>Article III - Dispositions applicables en zone blanche</line></par>
<par>
<line>III.1- Définition</line></par>
<par>
<line>C'est une zone estimée sans risque naturel prévisible , ou pour laquelle le risque est jugé</line>
<line>acceptable, sa probabilité d'occurrence et les dommages éventuels étant négligeables.</line></par>
</text>
<text>
<par>
<line>4 Cet article fait l'objet d'une modification par rapport au règlement du dossier PE.R. Approuvé en 1988.</line></par>
</text>
</block>
<block><region><rect/></region>
<text>
<par>
<line>12</line></par>
</text>
</block>



</page>
<page width="2479" height="3508" resolution="300">
<block><region><rect/></region>
<text>
<par>
<line>Règlement</line></par>
</text>
</block>
<block><region><rect/></region>
<text>
<par>
<line>dispositions particulières</line></par>
</text>
</block>
<block><region><rect/></region>
<text>
<par>
<line>III.2- Dispositions applicables</line></par>
<par>
<line>Le P.E.R. ne réglemente que les biens et activités existants et futurs situés en zones bleue et</line>
<line>rouge. Dans la zone blanche, les règles d'urbanisme en vigueur sur la commune restent seules</line>
<line>applicables.</line></par>
<par>
<line>Les biens et activités existants et futurs continuent de bénéficier du régime général de garantie</line>
<line>prévu par la loi.</line></par>
</text>
</block>
<block><region><rect/></region>
<text>
<par>
<line>A Roynac, le 15 mai 1987</line></par>
<par>
<line>Signé par le bureau d'études</line>
<line>géotechnique, hydrogéologie et</line>
<line>assainissement</line></par>
<par>
<line>D. CUCHE et F. JEANNOLIN</line></par>
</text>
</block>
<block><region><rect/></region>
<text>
<par>
<line>13</line></par>
</text>
</block>

</page>
</PM1>