<?xml version="1.0" encoding="UTF-8"?><PM1>
<page width="2479" height="3508" resolution="300">
<block><region><rect/></region>
<text>
<par>
<line>liberté • Égalité • Fraternité</line></par>
<par>
<line>RÉPUBLIQUE Française</line></par>
<par>
<line>PREFECTURE DU VAR</line></par>
</text>
</block>
<block><region><rect/></region>
<text>
<par>
<line>ARRETE PREFECTORAL en date du I ^</line></par>
<par>
<line>portant approbation du plan de prévention des risques naturels prévisibles</line>
<line>d'inondation (PPRI) lié à la présence de la rivière La Reppe sur le territoire des</line>
<line>communes d'OLLIOULES, de SANARY-SUR-MER</line>
<line>et de SIX-FOURS-LES-PLAGES</line></par>
</text>
</block>
<block><region><rect/></region>
<text>
<par>
<line>LE PREFET du VAR,</line></par>
<par>
<line>Chevalier de la Légion d'Honneur,</line>
<line>Chevalier de l'Ordre National du Mérite,</line></par>
</text>
</block>
<block><region><rect/></region>
<text>
<par>
<line>VU le Code de l'Environnement, notamment ses articles L.562-1 à L.562-8 et R.562-1 à R.562-10,</line></par>
<par>
<line>VU le Code de TUrbanisme, notamment les articles L. 126-1 et R. 126-1 et R. 126-2,</line></par>
<par>
<line>VU la loi n°95-101 du 2 février 1995 modifiée relative au renforcement de la protection de</line>
<line>l'environnement,</line></par>
<par>
<line>VU la loi n°2003-699 du 30 juillet 2003, relative à la prévention des risques technologiques et</line>
<line>naturels et à la réparation des dommages,</line></par>
<par>
<line>VU la loi n°2004-811 du 13 août 2004 de modernisation de la sécurité civile et notamment son</line>
<line>article 1,</line></par>
<par>
<line>VU le décret n° 85-453 du 23 avril 1985 modifié, notamment ses articles 6 à 21, pris pour</line>
<line>l'application de la loi n° 83-630 du 12 juillet 1983 relative à la démocratisation des enquêtes</line>
<line>publiques et à la protection de l'environnement,</line></par>
<par>
<line>VU le décret n° 95-1089 du 5 octobre 1995, relatif aux plans de prévention des risques naturels</line>
<line>prévisibles, modifié par le décret n° 2005-3 du 4 janvier 2005,</line></par>
<par>
<line>VU l'arrêté préfectoral du 11 février 1999 prescrivant l'élaboration d'un Plan de Prévention des</line>
<line>risques naturels prévisibles (PPR) d'inondation (pour le bassin de la Reppe) sur le territoire des</line>
<line>communes d'Ollioules, de Sanary-sur-Mer et de Six-Fours-les-Plages,</line></par>
<par>
<line>VU l'arrêté préfectoral du 27 mai 2009 portant ouverture de l'enquête publique préalable à</line>
<line>l'approbation du plan de Prévention des risques naturels prévisibles d'inondation lié à la présence de</line>
<line>la rivière la Reppe sur le territoire des communes d'Ollioules, de Sanary-su-Mer et de Six-Fours-les-</line>
<line>Plages,</line></par>
</text>
</block>







</page>
<page width="2479" height="3508" resolution="300">
<block><region><rect/></region>
<text>
<par>
<line>vu les consultations, en date du 25 février 2009, du 23 mars 2009, du 24 mars 2009 et du 30 mars</line>
<line>2009, des conseils municipaux des communes concernées, du syndicat mixte du S.C.O.T Provence</line>
<line>Méditerranée, du Conseil Régional PACA, du Conseil Général du Var, de la Chambre d'Agriculture</line>
<line>du Var, du Centre Régional de la Propriété Forestière PACA, sur le projet de PPRI,</line></par>
<par>
<line>VU le rapport d'enquête et les conclusions du commissaire-enquêteur, datant du 11 août 2009,</line>
<line>donnant un avis favorable avec recommandations,</line></par>
<par>
<line>VU l'avis favorable des Conseils Municipaux de Sanary-su-Mer du 25 mai 2009 et de Six-Fours-</line>
<line>les-Plages en date du 18 mai 2009,</line></par>
<par>
<line>VU l'avis favorable du Syndicat mixte S.C.O.T Provence Méditerranée en date du 24 avril 2009,</line></par>
<par>
<line>VU l'avis favorable de la Chambre d'Agriculture du Var en date du 21 mai 2009,</line></par>
<par>
<line>VU les avis réputés favorables, en application des dispositions du dernier alinéa de l'article R.562-7</line>
<line>du code de l'enviroimement, du Conseil Municipal de la commune d'Ollioules, du Conseil Régional</line>
<line>PACA, du Conseil Général du Var et du Centre Régional de la Propriété Forestière,</line></par>
<par>
<line>CONSIDERANT les avis recueillis lors de la consultation ,</line></par>
<par>
<line>CONSIDERANT les différentes observations émises lors de l'enquête publique du 15 juin 2009 au</line>
<line>17 juillet 2009 inclus,</line></par>
<par>
<line>CONSIDERANT le rapport et les conclusions du Commissaire-Enquêteur en date du 11 août 2009,</line></par>
<par>
<line>CONSIDERANT que les modifications apportées, à l'issue de l'enquête publique, au projet de plan</line>
<line>de prévention du risque d'inondation de La Reppe sur le territoire des communes d'Ollioules,</line>
<line>Sanary-sur-Mer et Six-Fours-les-Plages, ne remettent pas en cause l'économie générale du plan,</line></par>
<par>
<line>SUR proposition du directeur départemental des territoires et de la mer du Var,</line></par>
</text>
</block>
<block><region><rect/></region>
<text>
<par>
<line>ARRETE</line></par>
</text>
</block>
<block><region><rect/></region>
<text>
<par>
<line>ARTICLE 1 : Est approuvé, tel qu'il est annexé au présent arrêté, le Plan de Prévention des</line>
<line>Risques naturels prévisibles d'inondation lié à la rivière la Reppe, sur les communes</line>
<line>d'Ollioules, Sanary-sur-Mer et Six-Fours-les-Plages.</line></par>
</text>
</block>
<block><region><rect/></region>
<text>
<par>
<line>ARTICLE 2 : Ce plan de Prévention des Risques naturels prévisibles comporte :</line></par>
<par>
<line>1 - Un rapport de présentation,</line></par>
<par>
<line>2 - Un règlement,</line></par>
<par>
<line>3 - Un document cartographique réglementaire à l'échelle l/5000ème,</line></par>
<par>
<line>4.1 - Le report de la carte règlementaire sur fond de plan photogrammétrique au</line>
<line>l/5000ème,</line></par>
<par>
<line>4.2 - Le report de la limite d'inondation en crue centennale sur photographie</line>
<line>aérienne (2003) au l/5000ème,</line></par>
<par>
<line>4.3 - Le tracé du réseau hydrographique à l'échelle l/12500ème.</line></par>
</text>
</block>



</page>
<page width="2479" height="3508" resolution="300">
<block><region><rect/></region>
<text>
<par>
<line>ARTICLE 3 : Le Plan de prévention des risques naturels prévisibles approuvé est tenu à la</line>
<line>disposition du public ;</line></par>
<par>
<line>- Dans les mairies d'Ollioules, de Sanary-sur-Mer et de Six-Fours-les-Plages aux</line>
<line>jours et heures habituelles d'ouverture,</line></par>
<par>
<line>- au siège du syndicat mixte du S.C.O.T. Provence Méditerranée à Toulon aux</line>
<line>jours et heures habituelles d'ouverture,</line></par>
<par>
<line>- à la Préfecture du Var à Toulon aux jours et heures ouvrables,</line></par>
<par>
<line>- à la Direction départementale des territoires et de la mer du Var à Toulon aux</line>
<line>jours et heures ouvrables,</line></par>
<par>
<line>ARTICLE 4 : Mention de cet arrêté sera faite en caractères apparents dans le journal « Var Matin-</line>
<line>Nice Matin ». Un exemplaire de ce journal sera annexé au dossier.</line></par>
</text>
</block>
<block><region><rect/></region>
<text>
<par>
<line>ARTICLE 5 : Une copie de l'arrêté sera affiché au Recueil des actes administratifs de la Préfecture</line>
<line>du Var.</line></par>
</text>
</block>
<block><region><rect/></region>
<text>
<par>
<line>ARTICLE 7 : Des ampliations seront adressées à :</line></par>
<par>
<line>- M. le Sous-préfet, Directeur de Cabinet du Préfet du Var,</line></par>
<par>
<line>- M. le Maire de la commune d'OLLIOULES,</line></par>
<par>
<line>- M. le Maire de la commune de SANARY-SUR-MER,</line></par>
<par>
<line>- M. le Maire de la commune de SIX-FOURS-LES-PLAGES,</line></par>
<par>
<line>- M. le Président du Syndicat Mixte du S.C.O.T. Provence Méditerranée,</line></par>
<par>
<line>- M. le Ministre d'État de l'écologie, de l'énergie, du développement durable et de</line>
<line>la mer,</line></par>
<par>
<line>- M. le Directeur régional de l'environnement, de l'aménagement et du logement</line>
<line>Provence-Alpes-Côte d'Azur,</line></par>
<par>
<line>- M. le Président du Conseil régional de Provence Alpes-Côte d'Azur,</line></par>
<par>
<line>- M. le Président du Conseil général du Var,</line></par>
<par>
<line>- M. le Président du Centre régional de la propriété forestière,</line></par>
<par>
<line>- M. le Directeur départemental des territoires et de la mer du Var,</line></par>
<par>
<line>- M. le Président de la Chambre d'agriculture du Var,</line></par>
<par>
<line>- M. le Directeur du Service départemental d'incendie et de secours.</line></par>
</text>
</block>
<block><region><rect/></region>
<text>
<par>
<line>ARTICLE 8 :</line></par>
<par>
<line>- M. le Sous-Préfet, Directeur de Cabinet du Préfet du Var,</line></par>
<par>
<line>- M. le Directeur départemental des territoires et de la mer du Var,</line></par>
<par>
<line>- Messieurs les Maires des communes d'OLLIOULES, SANARY-SUR-MER et</line>
<line>SIX-FOURS-LES-PLAGES,</line></par>
<par>
<line>- M. le Président du syndicat mixte du S.C.O.T. Provence Méditerranée, sont</line>
<line>chargés, chacun en ce qui le concerne, de l'exécution du présent arrêté.</line></par>
</text>
</block>
<block><region><rect/></region>
<text>
<par>
<line>Le Préfe</line></par>
</text>
</block>
<block><region><rect/><rect/></region>
<text>
<par>
<line>et par «élégation.</line>
<line>Le Secraaire Gén</line></par>
</text>
</block>
<block><region><rect/></region>
<text>
<par>
<line>^vfer(</line></par>
</text>
</block>
<block><region><rect/></region>
<text>
<par/>
</text>
</block>











</page>
</PM1>