<?xml version="1.0" encoding="UTF-8"?><PM1>
<page width="1661" height="2344" resolution="200">
<block><region><rect/></region>
<text>
<par>
<line>Liberit • Egalité • Fraterailf</line></par>
<par>
<line>République Française</line>
<line>PRÉFET DES ALPES-MARITIMES</line></par>
</text>
</block>
<block><region><rect/></region>
<text>
<par>
<line>Direction Départementale des Territoires</line>
<line>et de ia Mer des Alpes-Maritimes</line></par>
<par>
<line>Service Eau - Risques</line></par>
</text>
</block>
<block><region><rect/></region>
<text>
<par>
<line>NRef : DDTM-SER-PR&gt;AP n«2015-075</line></par>
</text>
</block>
<block><region><rect/></region>
<text>
<par>
<line>ARRETE PREFECTORAL</line></par>
<par>
<line>portant approbation du plan de prévention des risques</line>
<line>naturels prévisibles d’incendies de forêt,</line>
<line>de la commune de Saint-Biaise</line></par>
</text>
</block>
<block><region><rect/></region>
<text>
<par>
<line>Le Préfet des Alpes-Maritimes,</line>
<line>Officier de la Légion d’Honneur,</line>
<line>Officier de l’Ordre national du Mérite,</line></par>
</text>
</block>
<block><region><rect/></region>
<text>
<par>
<line>Vu les articles L.562-1 à L.562-9 du code de l’environnement relatifs aux plans de prévention des risques</line>
<line>naturels prévisibles,</line></par>
<par>
<line>Vu les articles R.562-1 à R.562-12 du code de l’environnement relatifs à la procédure et à l'élaboration des</line>
<line>plans de prévention des risques naturels prévisibles,</line></par>
<par>
<line>Vu les articles R.123-1 et suivants R.123-6 à R.123-23 du code de l’environnement relatifs à la procédure et</line>
<line>au déroulement de l'enquête publique,</line></par>
<par>
<line>Vu le décret n‘’2011-765 du 28 juin 2011 relatif à la procédure d’élaboration, de révision et de modification</line>
<line>des plans de prévention des risques naturels prévisibles,</line></par>
<par>
<line>Vu l’arrêté préfectoral du 21 mai 1997 prescrivant l'établissement du plan de prévention des risques naturels</line>
<line>prévisibles d'incendies de forêt de la commune de Saint-Biaise,</line></par>
<par>
<line>Vu l’arrêté préfectoral du 30 mars 2015 prescrivant l'enquête publique du plan de prévention des risques</line>
<line>naturels prévisibles d’incendies de forêt de la commune de Saint-Biaise,</line></par>
<par>
<line>Vu les avis des personnes publiques associées et l'avis favorable du commissaire enquêteur en date du 22</line>
<line>juillet 2015,</line></par>
<par>
<line>Considérant que les avis reçus et les observations déposées lors de l'enquête publique Justifient des</line>
<line>modifications limitées du projet de plan de prévention des risques naturels prévisibles d'incendies de forêt</line>
<line>soumis à enquête publique.</line></par>
<par>
<line>Considérant que ces modifications ne remettent pas en cause l’économie générale du plan,</line></par>
<par>
<line>Sur la proposition du Secrétaire général de la Préfecture des Alpes-Maritimes,</line></par>
</text>
</block>


</page>
<page width="1653" height="2339" resolution="200">
<block><region><rect/></region>
<text>
<par>
<line>ARRETE</line></par>
</text>
</block>
<block><region><rect/></region>
<text>
<par>
<line>Article 1er ; Approbation</line></par>
<par>
<line>I. Est approuvé le plan de prévention des risques naturels prévisibles d’incendies de forêt de la</line>
<line>commune de Saint-Blaise tel qu’annexé au présent arrêté.</line></par>
<par>
<line>II. Ce plan est tenu à la disposition du public :</line></par>
<par>
<line>1 - à la mairie de Saint-Biaise, tous les Jours ouvrables, aux heures habituelles d’ouverture de</line>
<line>la mairie,</line></par>
<par>
<line>2 - au siège de la Métropole Nice Côte d’Azur,</line></par>
<par>
<line>3 - au pôle risques de la Direction Départementale des Territoires et de la Mer au centre</line>
<line>administratif départemental de Nice tous les jours du lundi au vendredi de 9h00 à 11h30 et de</line>
<line>14h00à 16h00.</line></par>
<par>
<line>4 - à la préfecture, aux heures habituelles d'ouverture au public.</line></par>
<par>
<line>III. Le plan de prévention des risques naturels prévisibles comporte :</line></par>
<par>
<line>- un rapport de présentation,</line></par>
<par>
<line>- le plan de zonage réglementaire à l’échelle 1/5000,</line></par>
<par>
<line>un dossier « règlement et carte de travaux » composé de :</line></par>
<par>
<line>• un règlement,</line></par>
<par>
<line>• une carte des travaux rendus obligatoires à l’échelle 1/10000,</line></par>
<par>
<line>- un dossier annexe composé de la carte de l’aléa, la carte de l’historique des feux de forêt, la carte de la</line>
<line>voirie, la carte des hydrants et la carte de densité de l’habitat,</line></par>
<par>
<line>l’arrêté préfectoral en date du 21 mai 1997 prescrivant l’établissement du plan de prévention des risques</line>
<line>naturels prévisibles d’incendies de forêt sur le territoire de la commune de Saint-Biaise,</line></par>
<par>
<line>- le présent arrêté.</line></par>
</text>
</block>
<block><region><rect/></region>
<text>
<par>
<line>Article 2 : Mesures de publicité</line></par>
<par>
<line>Le présent arrêté fera l’objet d’une mention au recueil des actes administratifs de l'État dans le département,</line>
<line>ainsi que dans le journal local ci-après désigné : «Nice Matin».</line></par>
<par>
<line>Une copie de l’arrêté sera affichée en mairie de Saint-Biaise pendant un mois au minimum, ainsi qu'au siège</line>
<line>de la Métropole Nice côte d’Azur.</line></par>
</text>
</block>
<block><region><rect/></region>
<text>
<par>
<line>Article 3 : Copies pour information</line></par>
<par>
<line>Des copies du présent arrêté seront adressées à :</line></par>
<par>
<line>- Monsieur le maire de la commune de Saint-Biaise,</line></par>
<par>
<line>- Monsieur le président de la Métropole Nice Côte d’Azur,</line></par>
<par>
<line>- Madame la Ministre de l’écologie, du développement durable et de l'énergie, direction générale de la</line>
<line>prévention des risques,</line></par>
<par>
<line>- Monsieur le président du Conseil départemental des Alpes-Maritimes,</line></par>
<par>
<line>- M. le directeur général de l’Établissement Public d’Aménagement de la Plaine du Var,</line></par>
<par>
<line>- Monsieur le président du Conseil régional Provence Alpes-Côte d'Azur,</line></par>
</text>
</block>




</page>
<page width="1653" height="2339" resolution="200">
<block><region><rect/></region>
<text>
<par>
<line>- Monsieur le président de la Chambre d’agriculture des Alpes-Maritimes,</line></par>
<par>
<line>- Monsieur le président de la délégation de la région Provence Alpes-Côte d’Azur auprès du Centre</line>
<line>national de la propriété forestière,</line></par>
<par>
<line>- Madame la directrice régionale de l’environnement, de l'aménagement et du logement de Provence-</line>
<line>Alpes-Côte d’azur,</line></par>
<par>
<line>- M. le président du Service Départemental d’incendie et de Secours,</line></par>
<par>
<line>- Monsieur le directeur départemental des territoires et de la mer,</line></par>
<par>
<line>- M. le chef du service interministériel de défense et de protection civiles des Alpes-Maritimes,</line></par>
<par>
<line>- Chambre départementale des notaires des Alpes-Maritimes.</line></par>
<par>
<line>Article 4 : Délai de recours</line></par>
<par>
<line>Le présent arrêté peut faire l'objet d'un recours contentieux auprès du Tribunal administratif de Nice dans un</line>
<line>délai de deux mois à compter de l'exécution de l'ensemble des formalités prévues à l'article 2 ; la date à</line>
<line>prendre en compte pour l'affichage étant celle du premier jour où II est effectué.</line></par>
<par>
<line>Article 5 ; Exécution du présent arrêté</line></par>
<par>
<line>Le Secrétaire général de la préfecture des Alpes-Maritimes, le maire de Saint-Biaise, le président de la</line>
<line>Métropole Nice Côte d’Azur, le directeur départemental des territoires et de la mer des Alpes-Maritimes, sont</line>
<line>chargés, chacun en ce qui le concerne, de l’exécution du présent arrêté.</line></par>
</text>
</block>
<block><region><rect/></region>
<text>
<par>
<line>A Nice, le</line></par>
</text>
</block>
<block><region><rect/></region>
<text>
<par>
<line>12 NOV. 2015</line></par>
</text>
</block>
<block><region><rect/></region>
<text>
<par>
<line>Lb Préfet des</line></par>
<par>
<line>ORM-O 35B1</line></par>
</text>
</block>
<block><region><rect/></region>
<text>
<par>
<line>Adolphe COLRAT</line></par>
</text>
</block>




</page>
</PM1>