<?xml version="1.0" encoding="UTF-8"?><AC2>
<page width="2496" height="3504" resolution="300">
<block><region><rect/></region>
<text>
<par>
<line>fb/ap</line></par>
</text>
</block>
<block><region><rect/></region>
<text>
<par>
<line>KNISTERE D'ETAT RépuDliq_u.e Française</line></par>
<par>
<line>AFFAIRES ■CUITURELLÉ&amp; ..i ___ ,■</line></par>
<par>
<line>’ ' ■ ' ' ' ' ■ ■ . A- , l ..</line></par>
<par>
<line>■ ■ - -A R'^R 'EkD ^E :</line></par>
</text>
</block>
<block><region><rect/></region>
<text>
<par>
<line>Le ]VIinistre délégué auprès du Premier Ministre</line>
<line>cliargé par intérim des Affaires Culturelles</line></par>
</text>
</block>
<block><region><rect/><rect/><rect/><rect/></region>
<text>
<par>
<line>VU la loi du 2 mai 1930 modifiée notamment par la loi</line></par>
<par>
<line>n° 67-1174 du 28 décembre 1967 réorganisant la protection</line>
<line>des monuments naturels et des sites de c-aiP'a-ûtèr-e- arti-sti-</line>
<line>q.ue, Mstoriq.ue, scientifiç[ue, légendaire ou. pittoresq.uâ.</line></par>
<par>
<line>VU la loi du 12 avril 1943 portant réglementation/de la' -" '</line>
<line>publicité et des enseignes et notamment les articles-</line></par>
<par>
<line>5 et 9 ?</line></par>
<par>
<line>VU le décret du 3 février 1959 relatif aux*attributions</line>
<line>d'un Ministre d'Etat j ■■■•&gt;■</line></par>
<par>
<line>VU le décret du 24 juillet 1959 portant. organisation du ■</line>
<line>Ministère des Affaires Culturelles" t' ' ''</line></par>
<par>
<line>VU le décret du 9 février 1968 portant application du décret</line>
<line>du 7 février 1959 modifié, relatif au camping, et notam¬</line>
<line>ment a.es articles 2 et 6 |</line></par>
<par>
<line>VU le décret n° 69-607 du 13 juin 4969 portant application</line>
<line>des articles 4 et 5-1 de la loi modifiée du 2 mai 1930</line>
<line>sur la protection des Sites j</line></par>
<par>
<line>VU l'avis émis le 7 février 1966 du Conseil Municipal de</line>
<line>TRESSERVE, portant adhésion de la commune au classement</line>
<line>proposé I</line></par>
<par>
<line>VU la délibération du 13 juin1967 de la Commission des</line>
<line>Sites, Perspectives et Paysages du département de la</line>
<line>Savoie ;</line></par>
</text>
</block>
<block><region><rect/></region>
<text>
<par>
<line>ARRETE</line></par>
<par>
<line>Article 1er - Est classé parmi les Sites pittoresq.ues du</line>
<line>département de la Savoie, l'ensemble formé.par la Mairie</line>
<line>de TRESSERVE et ses abords (Bâtiments, place, jardins</line>
<line>publics et stade) comprenant :</line></par>
<par>
<line>Section B - Les parcelles n° 27 à 33 inclus, n*? 515 et 5l6o</line>
<line>Le tout aippartenant à la commune&lt;.</line></par>
</text>
</block>
<block><region><rect/></region>
<text>
<par>
<line>«oc</line></par>
</text>
</block>














</page>
<page width="2485" height="3508" resolution="300">
<block><region><rect/></region>
<text>
<par>
<line>- 2</line></par>
</text>
</block>
<block><region><rect/></region>
<text>
<par>
<line>Article' 2"'-’'Iië présent arrêté sera aotifié au Préfet-'du</line>
<line>l)epartement ; de la Savoie 5 au Maire de la'. Q'omiïiuue, de</line>
<line>TRESSERVB q_ui seront responsalles5 chacun en ce qui le '</line>
<line>concerne, le-son exécution^</line></par>
<par>
<line>PARIwS, le 18 EECE&amp;'IBRE 1970</line></par>
<par>
<line>' Pour ■ le .Ministre et par Eélégation</line></par>
<par>
<line>' ' i- ■■ ^ " le‘.i.Eirecteiu' de l'Architecture</line></par>
<par>
<line>signé s Michel PENIEUl</line></par>
</text>
</block>
<block><region><rect/></region>
<text>
<par>
<line>■ ".'.Pour ■''ampliation'-'' ■■■</line></par>
<par>
<line>l'idminî-strâteur Givll</line>
<line>chargé du Bureau</line>
<line>dès . Sitës--' '</line></par>
</text>
</block>
<block><region><rect/></region>
<text>
<par/>
</text>
</block>
<block><region><rect/></region>
<text>
<par/>
</text>
</block>
<block><region><rect/></region>
<text>
<par>
<line>signé S" Ga-'hèViève VAUQUELIR:.</line></par>
</text>
</block>














</page>
<page width="2508" height="3524" resolution="300">
<block><region><rect/></region>
<text>
<par>
<line>Chef -'Heu</line></par>
</text>
</block>
<block><region><rect/></region>
<text>
<par>
<line>7&lt;9</line></par>
</text>
</block>
<block><region><rect/></region>
<text>
<par>
<line>ISO</line></par>
</text>
</block>
<block><region><rect/></region>
<text>
<par>
<line>75!</line></par>
</text>
</block>
<block><region><rect/></region>
<text>
<par>
<line>^3</line></par>
<par>
<line>t-</line></par>
</text>
</block>
<block><region><rect/></region>
<text>
<par>
<line>Chsmin de Moyenne Communication h° 50</line></par>
</text>
</block>
<block blockType="Table" blockName="" l="1664" t="945" r="1891" b="1074"><region><rect/></region>
<row>
<cell width="83" height="31">
<text>
<par/>
</text></cell>
<cell rowSpan="2" bottomBorder="White" width="144" height="63">
<text>
<par/>
</text></cell></row>
<row>
<cell width="83" height="32">
<text>
<par/>
</text></cell></row>
<row>
<cell width="83" height="66">
<text>
<par>
<line>iM</line></par>
</text></cell>
<cell topBorder="White" width="144" height="66">
<text>
<par/>
</text></cell></row>
</block>
<block><region><rect/></region>
<text>
<par/>
</text>
</block>
<block><region><rect/></region>
<text>
<par>
<line>1^</line></par>
</text>
</block>
<block><region><rect/></region>
<text>
<par>
<line>S/6</line></par>
<par>
<line>7&lt;y</line></par>
</text>
</block>
<block><region><rect/></region>
<text>
<par>
<line>/■/G^yo)</line></par>
</text>
</block>
<block><region><rect/></region>
<text>
<par>
<line>11^</line></par>
<par>
<line>[O^ss)</line></par>
</text>
</block>
<block><region><rect/></region>
<text>
<par>
<line>n</line></par>
</text>
</block>
<block><region><rect/></region>
<text>
<par>
<line>5/5</line></par>
<par>
<line>[ ^30 I</line></par>
</text>
</block>
<block><region><rect/></region>
<text>
<par>
<line>fZ-^GO }</line></par>
</text>
</block>
<block><region><rect/></region>
<text>
<par>
<line>ur</line></par>
</text>
</block>
<block><region><rect/></region>
<text>
<par>
<line>10</line></par>
<par>
<line>(ej?7v</line></par>
</text>
</block>
<block><region><rect/></region>
<text>
<par>
<line>29</line></par>
</text>
</block>
<block><region><rect/></region>
<text>
<par>
<line>7^4</line></par>
</text>
</block>
<block><region><rect/></region>
<text>
<par>
<line>S&amp;</line></par>
</text>
</block>
<block><region><rect/></region>
<text>
<par/>
</text>
</block>
<block><region><rect/></region>
<text>
<par>
<line>24</line></par>
</text>
</block>
<block><region><rect/></region>
<text>
<par>
<line>Ecidk.</line></par>
</text>
</block>
<block><region><rect/></region>
<text>
<par>
<line>1</line></par>
</text>
</block>
<block><region><rect/></region>
<text>
<par/>
</text>
</block>
<block><region><rect/></region>
<text>
<par>
<line>^1</line></par>
<par>
<line>|i</line></par>
<par>
<line>I</line></par>
<par>
<line>■ Il</line></par>
</text>
</block>



































































</page>
</AC2>