<?xml version="1.0" encoding="UTF-8"?><AC2>
<page width="3334" height="4698" resolution="400">
<block><region><rect/></region>
<text>
<par>
<line>République Française</line></par>
</text>
</block>
<block><region><rect/></region>
<text>
<par>
<line>Annexe 1</line></par>
</text>
</block>
<block><region><rect/></region>
<text>
<par>
<line>JBP.</line></par>
</text>
</block>
<block><region><rect/></region>
<text>
<par>
<line>SECRETARIAT D'ETAT A LA CULTURE</line>
<line>Direction de l'Architecture</line></par>
</text>
</block>
<block><region><rect/></region>
<text>
<par>
<line>Le Secrétaire d'Etat à la Culture</line></par>
</text>
</block>
<block><region><rect/></region>
<text>
<par>
<line>VU la loi du 2 mai 1930 réorganisant la protection des monuments</line>
<line>•naturels et des sites.de caractère artistique,&gt;historique,</line>
<line>scientifique, légendaire ou pittoresque, modifiée pair: la loi</line>
<line>n° 67oll74 du 28 décembre 1967 ;</line></par>
<par>
<line>VU le décret n° 69o607 du, 13 juin 1969 portant application des</line>
<line>articles 4 et 5ol de la loi du 2 mai 1930 sur la protection</line>
<line>des sites ;</line></par>
<par>
<line>VU la loi du 12 avril 1943 portant réglementation de la publicité</line>
<line>et des enseignes et notamment les articles 5 et 9 ;</line></par>
<par>
<line>VU le décret du 9 février 1960 portant application du décret du</line>
<line>7 février 1959 modifié relatif au camping et notamment les</line>
<line>articles 2 et ô ;</line></par>
<par>
<line>VU le décret n° 72=37 du il janvier 1972 relatif au stationnement</line>
<line>des caravanes et notamment les articles 3., 7, 9 et 10 ;</line></par>
<par>
<line>VU le décret n° 70=288 du 31 mars 1970 relatif à la composition</line>
<line>et au fonctionnement des commissions départementales et</line>
<line>supérieures des sites ;</line></par>
<par>
<line>VU l'arrêté du 29 juin 1937 classant parmi les sites du département</line>
<line>de l'Oise l'ensemble formé sur la„,commune d,q COMPÏEGNE‘par le</line>
<line>grand parc du château ;</line></par>
<par>
<line>VU l'arrêté du 10 octobre 1941 inscrivant sur l'inventaire des</line>
<line>sites du département de .l 'Oise 1 ! ensemble formé sur la. commune</line>
<line>de COMPÏEGNE par : l'immeuble comprenant l'ensemble du terrain</line>
<line>et l'édifice dit "Hôtel Relier" 30, rue des Domeliers ;</line></par>
<par>
<line>VU l'arrêté du 18 septembre 1946 inscrivant sur l'inventaire des</line>
<line>sites du département de l'Oise l'ensemble formé sur la commune</line>
<line>de COMPÏEGNE par le carrefour de l'Armistice et s.es abords</line>
<line>immédiats parcelles n°G 6 et 14 (Section B) ;</line></par>
<par>
<line>VU l'arrêté du 18 octobre 1946 classant parmi les sites du département</line>
<line>de l^’Oise l'ensemble formé à COMPÏEGNE par le. carrefour de •</line>
<line>l'Armistice et ses abords immédiats : parcelles n°S'10 à 13 incluse</line>
<line>(section E) ;</line></par>
<par>
<line>VU l'avis émis le 21 février 1975 par le Conseil Municipal de</line>
<line>COMPÏEGNE ;</line></par>
<par>
<line>VU la délibération du 25 mars 1975 de la Commission.des Sites, pers¬</line>
<line>pectives et paysages du département de l'Oise ;</line></par>
</text>
</block>
</page>
<page width="3320" height="4688" resolution="400">
<block><region><rect/></region>
<text>
<par>
<line>f</line></par>
</text>
</block>
<block><region><rect/></region>
<text>
<par>
<line>- 2 -</line></par>
</text>
</block>
<block><region><rect/></region>
<text>
<par>
<line>ARRÊTE :</line></par>
</text>
</block>
<block><region><rect/><rect/></region>
<text>
<par>
<line>ARTICLE 1er - Est inscrit sur l'inventaire des sites pittoresques</line>
<line>du département de l'Üise l'ensemble formé sur la commune de</line>
<line>COllPIEGNE par le centre urbain et délimité comme suit, en partant</line>
<line>du Nord et dans le sens inverse des aiguilles d'une montre :</line></par>
<par>
<line>- la rue d'Amiens</line></par>
<par>
<line>- la nouvelle Voierie</line></par>
<par>
<line>- la place du 54 ° Régiment d|Infanterie</line></par>
<par>
<line>- la ligné fictive prblongeant; 1'axe de la.nouvelle. Voierie et</line>
<line>traversant'la place du 54ème Régiment d'infanterie•jusqu'à 1'axe</line>
<line>de la rivière l'Oise</line></par>
<par>
<line>- l'axé de la' rivière.1'Oise jusqu'à la limite des communes</line></par>
<par>
<line>COîiPIEGNE / 'IMGNY LES COîIPIEGNE'’ '</line></par>
<par>
<line>à partir de ce point dé rencontre : :</line></par>
<par>
<line>- la perpendiculaire à la rue de l'Abattoir</line></par>
<par>
<line>- la'.fUe'‘de l'Abattoir ‘ ^</line></par>
<par>
<line>- la me Martel</line></par>
<par>
<line>la rüe dé Bçuvidés ;</line></par>
<par>
<line>- la me du Port à bateaux</line></par>
<par>
<line>- la traverGé'é de la " rue ' Notré-Damè de Bon Secours i V. .</line></par>
<par>
<line>- la rue des Capucins _ , j, ,</line></par>
<par>
<line>“ la traveraeé de là rue* de Paris ' i•. . . 1</line></par>
<par>
<line>- la rue Edouard Dubloc ,</line></par>
<par>
<line>- là traversée de la rue'des Domeliers ,*</line></par>
<par>
<line>- la rue Cariiot ’</line></par>
<par>
<line>- la rué des Possés' ' ’</line></par>
<par>
<line>- là' füé Vérmenton’ ' ' à , . à</line></par>
<par>
<line>- le boulevard Victor Hugo . • .</line></par>
<par>
<line>- léà limites estj sud-ouest et. ouest de la place du Palais. .</line></par>
<par>
<line>inon comprise) ’ ^ ,</line></par>
<par>
<line>- la rue d'Ulm</line></par>
<par>
<line>- le passage sous la porté Chapelle</line></par>
<par>
<line>1 ' avenue'du Prés ideqt Georges Cléraenceau</line></par>
</text>
</block>








</page>
<page width="3353" height="4711" resolution="400">
<block><region><rect/></region>
<text>
<par>
<line>la rue du Lieutenant Ducloux</line></par>
</text>
</block>
<block><region><rect/></region>
<text>
<par>
<line>Z</line></par>
</text>
</block>
<block><region><rect/></region>
<text>
<par>
<line>- la traversée de la place du Sème Dragons dans le prolongement</line>
<line>de la rue du Lieutenant Ducloux</line></par>
</text>
</block>
<block><region><rect/></region>
<text>
<par>
<line>- la Route Nationale n° 31 de ROUEN à REIHS</line></par>
</text>
</block>
<block><region><rect/></region>
<text>
<par>
<line>“ le port à Charbon</line></par>
<par>
<line>- la ligne fictive prolongeant le côté sud de la parcelle n° 271</line>
<line>(section B2) non comprise</line></par>
<par>
<line>- l'axe de la rivière l'Oise jusqu'à sa rencontre avec la ligne</line>
<line>fictive prolongeant le côté Ouest de la place de la Gare</line></par>
</text>
</block>
<block><region><rect/></region>
<text>
<par>
<line>noJV</line></par>
</text>
</block>
<block><region><rect/></region>
<text>
<par>
<line>- le côté ouest de la place de la Gqre ,</line></par>
<par>
<line>- la rue de la Gare jusqu'à la rue d'Amiens (point de départ)»</line></par>
</text>
</block>
<block><region><rect/></region>
<text>
<par>
<line>AP.TICLE 2 - Le présent arrêté sera notifié au Préfet du département</line>
<line>de l’Oise et au Maire de la commune de COPîPIEGNE qui seront respon¬</line>
<line>sables, chacun en ce qui le concerne de son exécution»</line></par>
</text>
</block>
<block><region><rect/></region>
<text>
<par>
<line>Fait à PARIS, le 5 février 1976</line></par>
</text>
</block>
<block><region><rect/></region>
<text>
<par>
<line>Signé : Michel GUY</line></par>
</text>
</block>
<block><region><rect/></region>
<text>
<par>
<line>Pour ampliation</line></par>
<par>
<line>L'Administrateur Civil fj</line>
<line>chargé des Sitea, /'</line></par>
<par>
<line>y f ■■ " j /</line></par>
<par>
<line>V, y -.'.i-"'"</line></par>
<par>
<line>Gilbert SIMON</line></par>
</text>
</block>



</page>
</AC2>