<?xml version="1.0" encoding="UTF-8"?><AC2>
<page width="1664" height="2346" resolution="200">
<block><region><rect/></region>
<text>
<par>
<line>REPUBLIQUE FRANÇAISE</line></par>
</text>
</block>
<block><region><rect/></region>
<text>
<par>
<line>\.</line></par>
</text>
</block>
<block><region><rect/></region>
<text>
<par>
<line>PREMIER MINISTRE</line></par>
<par>
<line>N*’ NOR : PRM E 89 61 036 D,</line></par>
</text>
</block>
<block><region><rect/></region>
<text>
<par>
<line>.“i*"*"*</line></par>
<par>
<line>./•A.</line></par>
</text>
</block>
<block><region><rect/></region>
<text>
<par>
<line>AvWvD-'</line></par>
</text>
</block>
<block><region><rect/></region>
<text>
<par>
<line>Bruno</line></par>
</text>
</block>
<block><region><rect/></region>
<text>
<par>
<line>DECRET</line></par>
</text>
</block>
<block><region><rect/></region>
<text>
<par>
<line>oL^ 2 8 8FP 1989</line></par>
</text>
</block>
<block><region><rect/></region>
<text>
<par>
<line>'\</line></par>
</text>
</block>
<block><region><rect/></region>
<text>
<par>
<line>iPortant classement parmi les sites du département du MORBIHAN du site dit de la</line>
<line>Falaise de'la Mine d'or sur la commune de PENESTIN.</line></par>
</text>
</block>
<block><region><rect/><rect/><rect/></region>
<text>
<par/>
</text>
</block>
<block><region><rect/></region>
<text>
<par/>
</text>
</block>
<block><region><rect/></region>
<text>
<par>
<line>LE PREMIER MINISTRE</line></par>
</text>
</block>
<block><region><rect/></region>
<text>
<par>
<line>SUR le rapport du Secrétaire d'Etat auprès du Premier Ministre, chargé de</line></par>
<par>
<line>l'Environnement et de la Prévention des Risques Technologiques et Naturels Majeurs.</line></par>
<par>
<line>VU la loi du 2 mai 1930 réorganisant la protection des monuments naturels et des</line>
<line>sites de caractère artistique, historique, scientifique, légendaire ou</line>
<line>pittoresque, modifiée notamment par la loi n° 67.1174 du 28 décembre 1967 en</line>
<line>particulier les articles 5.1, 6 et 8, ensemble le décret n® 69.607 du 13 juin</line>
<line>1969 pris pour son application ;</line></par>
<par>
<line>VU les résultats de l'enquête administrative prescrite par arrêté préfectoral en</line>
<line>date du 4 septembre 1985 et notamment l'absence de consentement de</line>
<line>certains propriétaires ;</line></par>
<par>
<line>VU l’avis émis par la Commission Départementale des Sites, Perspectives et</line>
<line>Paysages du MORBIHAN en date du 27 janvier 1986 ;</line></par>
<par>
<line>VU l'avis émis par la Commission Supérieure des Sites, Perspectives et Paysages</line>
<line>en date du 10 septembre 1987 ;</line></par>
<par>
<line>VU l'avis émis le 24 avril 1989 par le secrétaire d'Etat à la Mer ;</line></par>
<par>
<line>VU l’avis émis le 9 mai 1988 par le Ministre Délégué auprès du Ministre de</line>
<line>l'Economie, des Finances et de la Privatisation, Chargé du Budget ;</line></par>
<par>
<line>i ■</line></par>
<par>
<line>Le Conseil d'Etat (Section des Travaux Publics) entendu :</line></par>
<par>
<line>CONSIDERANT que la conservation du site en raison de son caractère pittoresque et</line></par>
<par>
<line>scientifique présente un intérêt général au sens de l'article 4 de la loi du 2 mai 1930</line></par>
<par>
<line>susvisée ;</line></par>
</text>
</block>
<block><region><rect/></region>
<text>
<par>
<line>.../...</line></par>
</text>
</block>
<block><region><rect/></region>
<text>
<par/>
</text>
</block>
<block><region><rect/></region>
<text>
<par/>
</text>
</block>
<block><region><rect/></region>
<text>
<par/>
</text>
</block>
<block><region><rect/></region>
<text>
<par>
<line>l</line></par>
</text>
</block>

</page>
<page width="1675" height="2354" resolution="200">
<block><region><rect/></region>
<text>
<par>
<line>- 2 -</line></par>
</text>
</block>
<block><region><rect/></region>
<text>
<par>
<line>ARTICLE 1 : Est classé parmi les sites du département du MORBIHAN, la Falaise de</line>
<line>la Mine d'Or située sur la commune de PENESTIN, délimitée comme suit conformément</line>
<line>à la carte au l/25000ème et aux plans cadastraux annexés au présent décret :</line></par>
<par>
<line>Point d'origine : intersection de la limite Sud de la parcelle 205 avec le Domaine</line>
<line>Public Maritime.</line></par>
<par>
<line>SECTION BO</line></par>
</text>
</block>
<block><region><rect/></region>
<text>
<par>
<line>limite Sud (en partie) de la parcelle n° 205</line></par>
<par>
<line>ligne fictive traversant cette parcelle dans le prolongement de la limite Est</line></par>
<par>
<line>de la parcelle 17.</line></par>
<par>
<line>limite Est de la parcelle 17</line></par>
<par>
<line>limites Sud (en partie) Est et Nord de la parcelle n° 4</line>
<line>limite Est (en partie) de la parcelle n° 204</line>
<line>limite Nord des parcelles 204 et 209 (en partie)</line></par>
<par>
<line>SECTION BP</line></par>
</text>
</block>
<block><region><rect/></region>
<text>
<par>
<line>traversée de l'accès à la mer de la rue de la Plage.</line></par>
<par>
<line>Petit côté Est situé au milieu de la limite Sud de la parcelle n** 4a</line></par>
<par>
<line>ligne fictive joignant l'extrémité Nord de ce petit côté à l'angle Sud-Est de la</line></par>
<par>
<line>parcelle n° 2</line></par>
<par>
<line>limite Est des parcelles n° 2 et 1</line>
<line>SECTION BS</line></par>
</text>
</block>
<block><region><rect/></region>
<text>
<par>
<line>limite Sud des parcelles 134 (en partie), 135, 143</line>
<line>limite Nord-Est des parcelles 143, 142, 141, 144, 140, 139</line>
<line>limite Sud-Est (en partie) de la parcelle 129a</line></par>
<par>
<line>ligne fictive prolongeant la limite Nord-Est de la parcelle 151 jusqu'à la</line></par>
<par>
<line>la parcelle 67 et traversant les parcelles 129a et 128a</line></par>
<par>
<line>limite Sud-Est des parcelles 67 (en partie) et 66</line></par>
<par>
<line>limite Nord-Est des parcelles 66, 60, 56, 55, 52, 18, 19, 15, 14</line></par>
<par>
<line>limite Sud-Est (en partie) de la parcelle 11</line></par>
<par>
<line>limite Nord-Est des parcelles 11, 10, 7, 123, 122, 3, 2</line></par>
<par>
<line>SECTION BT</line></par>
</text>
</block>
<block><region><rect/></region>
<text>
<par>
<line>limite Sud de la parcelle 56</line></par>
<par>
<line>limite Nord-Est des parcelles 56, 53 à 44, 42, 29, 27, 20 à 24</line>
<line>limite Nord-Ouest de la parcelle 24</line></par>
<par>
<line>limite Nord-Est (en partie) des parcelles n® 1 et 2, de l'angle Ouest de lat</line>
<line>parcelle 24 à l'angle Sud de la parcelle n® 3</line>
<line>limite Sud-Est des parcelles n° 3 et 4</line>
<line>limite Nord-Est de la parcelle n® 4</line></par>
<par>
<line>limite Nord-Ouest des parcelles n® 4, 3 et 2 et son prolongement, par une</line>
<line>ligne fictive traversant la parcelle n® 1 jusqu'en limite du DPM</line></par>
<par>
<line>DOMAINE PUBLIC MARITIME</line></par>
</text>
</block>
<block><region><rect/></region>
<text>
<par>
<line>La partie du Domaine Public Maritime sur 500 mètres de largeur comprise entre l'angle</line>
<line>Sud-Ouest de la parcelle 205 (section BO) et l'angle Nord-Ouest de la parcelle 1</line>
<line>(section BT).</line></par>
</text>
</block>
<block><region><rect/></region>
<text>
<par/>
</text>
</block>






</page>
<page width="1666" height="2347" resolution="200">
<block><region><rect/></region>
<text>
<par>
<line>- 3 -</line></par>
</text>
</block>
<block><region><rect/></region>
<text>
<par>
<line>ARTICLE 2 : Le présent décret sera notifié au Préfet du MORBIHAN et au Maire de</line>
<line>la commune de Pénestin.</line></par>
<par>
<line>ARTICLE 3 : Le présent décret, la carte au l/23000ème et les plans cadastraux</line>
<line>annexés pourront être consultés à la préfecture du MORBIHAN et dans la mairie de</line>
<line>Pénestin.</line></par>
</text>
</block>
<block><region><rect/></region>
<text>
<par>
<line>ARTICLE 4 : Le Secrétaire d'Etat auprès du Premier Ministre chargé de l'Environnement</line>
<line>et de la Prévention des Risques Technologiques et Naturels Majeurs est chargé, de</line>
<line>l'exécution du présent décret qui sera publié au Journal Officiel de la République</line>
<line>Française.</line></par>
<par>
<line>Fait à Paris, le 2 8 SEP. 1989</line></par>
</text>
</block>
<block><region><rect/></region>
<text>
<par>
<line>^Michel ROCARD ^</line></par>
</text>
</block>
<block><region><rect/></region>
<text>
<par>
<line>Par le Premier Ministre</line></par>
</text>
</block>
<block><region><rect/></region>
<text>
<par>
<line>Le Secrétaire d’Etat auprès</line>
<line>du Premier Ministre chargé</line>
<line>de l'Environnement et de la</line>
<line>Prévention des Risques</line>
<line>Technologiques et</line>
<line>Naturels Majeurs.</line></par>
<par>
<line>Le Secrétaire d'Etat</line></par>
<par>
<line>k ‘</line></par>
</text>
</block>
<block><region><rect/></region>
<text>
<par>
<line>Brice LALCNDE</line></par>
</text>
</block>



</page>
<page width="2480" height="3507" resolution="300">
<block><region><rect/></region>
<text>
<par>
<line>.w</line></par>
</text>
</block>
<block><region><rect/></region>
<text>
<par/>
</text>
</block>
<block><region><rect/></region>
<text>
<par>
<line>- V '</line></par>
</text>
</block>
<block><region><rect/></region>
<text>
<par>
<line>I</line></par>
</text>
</block>
<block><region><rect/><rect/><rect/><rect/><rect/><rect/></region>
<text>
<par>
<line>.r-r.</line></par>
<par>
<line>■• i.V'wPV’V.V': •• 0</line></par>
<par>
<line>,*4;^ ;. P'ii!i ' ""l'i" •i'il" ■'</line></par>
</text>
</block>
<block><region><rect/></region>
<text>
<par>
<line>r^/«</line></par>
</text>
</block>
<block><region><rect/></region>
<text>
<par>
<line>a-.</line></par>
</text>
</block>
<block><region><rect/></region>
<text>
<par>
<line>,1,</line></par>
</text>
</block>
<block><region><rect/></region>
<text>
<par/>
</text>
</block>
<block><region><rect/></region>
<text>
<par>
<line>I-B Varlingue (Basse)</line></par>
</text>
</block>
<block><region><rect/><rect/><rect/></region>
<text>
<par>
<line>.. \'V '';3':S5,frv,s.</line></par>
<par>
<line>&gt;"V III Ul'),, 'l'i</line></par>
<par>
<line>poiNjFûa HAiGuEN. ;;</line></par>
</text>
</block>
<block><region><rect/><rect/></region>
<text>
<par/>
</text>
</block>
<block><region><rect/></region>
<text>
<par>
<line>Grand Sécè''//&gt;f</line></par>
</text>
</block>
<block><region><rect/></region>
<text>
<par/>
</text>
</block>
<block><region><rect/></region>
<text>
<par>
<line>t. ■• ' ^ J</line></par>
<par>
<line>&gt;.. lO '» \</line></par>
</text>
</block>
<block><region><rect/></region>
<text>
<par>
<line>^OlNTï DU MOI</line></par>
<par>
<line>--dü^iiijju.</line></par>
</text>
</block>
<block><region><rect/></region>
<text>
<par>
<line>* ■'‘"i; J?'ï—■-</line></par>
<par>
<line>•• : &gt; y •'. ■* &lt;- . -V.</line></par>
</text>
</block>
<block><region><rect/></region>
<text>
<par/>
</text>
</block>
<block><region><rect/></region>
<text>
<par>
<line>Tourelle de l'Ile ù ■•</line></par>
</text>
</block>
<block><region><rect/><rect/><rect/><rect/><rect/><rect/></region>
<text>
<par>
<line>+ ' -&gt; "■ ■ /.</line></par>
<par>
<line>POINTE DE COfMNXu j;■■(;'■' .7^ X,-, i</line></par>
<par>
<line>--'a. *&gt;'«&gt;&gt; ï</line></par>
</text>
</block>
<block><region><rect/><rect/><rect/><rect/><rect/><rect/><rect/><rect/><rect/><rect/><rect/><rect/><rect/><rect/><rect/><rect/></region>
<text>
<par>
<line>. * V -A •*.«/ X. - .</line></par>
<par>
<line>'• ^ ■'■—’f * Menar^’îi-^^ \V^</line></par>
<par>
<line>■■ r &gt;: " / ■ -^v • ■-' ' ■ ‘ ' ^</line></par>
<par>
<line>• ' ■^'■.J • . Mesrzenney •'■ • . '/' .'.[ ' "X ‘</line></par>
<par>
<line>/ • %i8 àt D^*'-^-*-31''■■"P</line></par>
<par>
<line>• ■ ..-Il HT'P,enestiri ■</line></par>
<par>
<line>’ lit ,</line></par>
</text>
</block>
<block><region><rect/></region>
<text>
<par>
<line>'le Logu!</line></par>
</text>
</block>
<block><region><rect/><rect/></region>
<text>
<par>
<line>Dunsj de Ménard</line>
<line>Parcs &lt;f Huîtrej •</line></par>
</text>
</block>
<block><region><rect/><rect/><rect/></region>
<text>
<par>
<line>- -■ &gt;;</line>
<line>r^'^- de Wen-*r-Mor ’.</line></par>
</text>
</block>
<block><region><rect/></region>
<text>
<par/>
</text>
</block>
<block><region><rect/></region>
<text>
<par>
<line>POimt DE PENORIN</line></par>
</text>
</block>
<block><region><rect/></region>
<text>
<par>
<line>e Srflniflis_F^^</line></par>
</text>
</block>
<block><region><rect/></region>
<text>
<par>
<line>-K&gt;(NTF'DLri£</line></par>
</text>
</block>
<block><region><rect/><rect/><rect/></region>
<text>
<par>
<line>_ : .;-7¥/|llï&gt;^7/fvî^</line></par>
<par>
<line>■ ■ ■ ' ■ ■ ■ -^Ja'Pitfr^ Blé'</line></par>
</text>
</block>
<block><region><rect/></region>
<text>
<par>
<line>.Carrière daiLogo ,</line></par>
</text>
</block>
<block><region><rect/></region>
<text>
<par>
<line>-■2: -■■&gt;..cfe£</line></par>
</text>
</block>
<block><region><rect/></region>
<text>
<par>
<line>Soi/ïhoU</line></par>
</text>
</block>
<block><region><rect/><rect/></region>
<text>
<par>
<line>U (OME&gt;.</line>
<line>. •■ ■ /</line></par>
</text>
</block>
<block><region><rect/></region>
<text>
<par/>
</text>
</block>
<block><region><rect/><rect/><rect/><rect/><rect/><rect/><rect/><rect/><rect/><rect/><rect/></region>
<text>
<par/>
</text>
</block>
<block><region><rect/></region>
<text>
<par>
<line>V;&gt;.,</line></par>
</text>
</block>
<block><region><rect/></region>
<text>
<par>
<line>'- -iPenmocef FT</line></par>
<par>
<line>• j'/''</line></par>
</text>
</block>
<block><region><rect/></region>
<text>
<par>
<line>Le Secrétaire d’Etat</line></par>
</text>
</block>
<block><region><rect/><rect/><rect/><rect/></region>
<text>
<par>
<line>rlV'V^</line></par>
<par>
<line>Brice LALONDE</line></par>
<par>
<line>■ 3 4 4 2 6 2,</line></par>
</text>
</block>
<block><region><rect/><rect/><rect/><rect/><rect/><rect/></region>
<text>
<par>
<line>■ cndo • *'■</line></par>
<par>
<line>la Mine . • X, , ; • .</line></par>
</text>
</block>
<block><region><rect/></region>
<text>
<par>
<line>^ej ÜPtno.iÿlj£j</line></par>
</text>
</block>
<block><region><rect/></region>
<text>
<par>
<line>■•'V ■'le Lartdrin -1</line></par>
</text>
</block>
<block><region><rect/></region>
<text>
<par>
<line>;lt[\e Brégard'</line></par>
</text>
</block>
<block><region><rect/><rect/></region>
<text>
<par>
<line>)tî-“ ’ - , .,</line></par>
<par>
<line>j./\ ; ^ « . 7 &lt;</line></par>
</text>
</block>
<block><region><rect/></region>
<text>
<par>
<line>:&gt;U, :</line></par>
</text>
</block>
<block><region><rect/><rect/><rect/><rect/></region>
<text>
<par>
<line>- 4 Z b Z , Ji 17;-. ;..</line></par>
<par>
<line>t'ïi à fa Secîién-fe T7;»':ÿ'f^^l4r</line></par>
<par>
<line>, ’ poVNTfûbv^^i^* /.if/ * -,4. -rz^ ‘ •.: ' •^--. : » * ' . ■</line></par>
<par>
<line>ijj qf ^l||jF ; pirSâlî. (i 4,7 ■^il^.Ke^lherM‘"; ;.4- ■.' ' ' A</line></par>
<par>
<line>ir777-r7fflQS -f^■«:■'-■'• • ■•■^■:-• •■-t.-</line></par>
<par>
<line>Le Rapporteur, \ n '7. ,-, =- -V;</line></par>
<par>
<line>. ■■-•-f •5F;^e7i':-77^''-: ■. '. .-</line></par>
<par>
<line>.*• ."'Aÿ..-,-1. x "x ■•■"■ •</line></par>
<par>
<line>■ ' ■ '"’■ - ’i, v - ; ■ . ■'."■•■ ■ ■■’'</line></par>
<par>
<line>. . ■ Ksfii»elé-Vj^A IJ. ■ . ■ ■ /; i. - '. -</line></par>
</text>
</block>
<block><region><rect/></region>
<text>
<par>
<line>’ ^ V &lt; t2</line></par>
<par>
<line>ie Ppnloir. *'Si</line></par>
</text>
</block>
<block><region><rect/></region>
<text>
<par>
<line>le VarS</line></par>
</text>
</block>
<block><region><rect/></region>
<text>
<par>
<line>7-4-^,</line></par>
</text>
</block>
<block><region><rect/></region>
<text>
<par>
<line>■ îi' - . ' ■ ' •;</line></par>
</text>
</block>
<block><region><rect/><rect/></region>
<text>
<par/>
</text>
</block>
<block><region><rect/><rect/></region>
<text>
<par>
<line>vIORBlHAN</line>
<line>&gt;ENESTIN</line>
<line>FALAISE DE LA MINE D'OIj"</line>
<line>IMITE DU SITE CLASSE</line></par>
</text>
</block>
<block><region><rect/></region>
<text>
<par>
<line>/&gt;■ .•</line></par>
<par>
<line>/</line></par>
<par>
<line>■ .</line></par>
</text>
</block>
<block><region><rect/></region>
<text>
<par>
<line>//■ ■</line></par>
</text>
</block>
<block><region><rect/></region>
<text>
<par>
<line>CHELLE : l/25.000ème</line></par>
</text>
</block>
<block><region><rect/></region>
<text>
<par>
<line>•t. 1 -</line></par>
</text>
</block>
<block><region><rect/></region>
<text>
<par>
<line>Brécéan</line></par>
</text>
</block>
<block><region><rect/></region>
<text>
<par/>
</text>
</block>
<block><region><rect/></region>
<text>
<par>
<line>. 17</line></par>
</text>
</block>
<block><region><rect/></region>
<text>
<par>
<line>i Pradùf^</line></par>
</text>
</block>
<block><region><rect/></region>
<text>
<par>
<line>- 6</line></par>
</text>
</block>
<block><region><rect/></region>
<text>
<par>
<line>Lt a r m,' oV --</line></par>
</text>
</block>
<block><region><rect/><rect/></region>
<text>
<par>
<line>‘... ’®v:-.</line></par>
</text>
</block>
<block><region><rect/></region>
<text>
<par>
<line>i</line></par>
<par>
<line>./</line></par>
<par>
<line>3 î</line></par>
</text>
</block>
<block><region><rect/></region>
<text>
<par/>
</text>
</block>
<block><region><rect/></region>
<text>
<par>
<line>13</line></par>
<par>
<line>le Grose</line></par>
</text>
</block>







</page>
</AC2>