<?xml version="1.0" encoding="UTF-8"?><AC2>
<page width="2353" height="1673" resolution="200">
<block><region><rect/></region>
<text>
<par>
<line>sd/lh</line></par>
<par>
<line>MntSTKRB</line></par>
<par>
<line>oc</line></par>
<par>
<line>L’ÊDÜQTION ?&lt;AT10NA.U. '</line></par>
</text>
</block>
<block><region><rect/></region>
<text>
<par>
<line>ÉTAT FRANÇAIS.</line></par>
</text>
</block>
<block><region><rect/><rect/></region>
<text>
<par>
<line>SRCnETARlAT GKNKRAL iri-nAmi^</line></par>
<par>
<line>DES BEAUX-ARTS. ARREIL.</line></par>
<par>
<line>DIHECTLON ]</line></par>
<par>
<line>• DCt</line></par>
<par>
<line>SERVICES O’AHCHITECTÜUR. ... ^</line></par>
<par>
<line>Le Ministue SECRÉïAinE d’Etat X L Éducation NATIONALE</line></par>
<par>
<line>BcnEiti . ■ . ■ •</line></par>
<par>
<line>t&gt;tS • * .</line></par>
<par>
<line>. upNDMKs-R liisïoniQUBs 3 mai-igSo réorçauisant la protection</line></par>
<par>
<line>—-— -- ^ des monuments naturels et des sites de. caractère.</line></par>
<par>
<line>-■: Biveniairc des Sites artistique, historique, sdentiÇque, légendaire OU pitto-</line>
<line>donl ta conservation • • . . ,&gt; • i / ' ..</line></par>
<par>
<line>.préseniounintérôtgénéraL resque et notamment I article 4 . &gt;</line></par>
<par>
<line>Sur la proposition delà Commission départementale ’</line>
<line>des monuments naturels et des sites da IiOir siî</line></par>
<par>
<line>Citer dena sa séance du 14 Août 1943</line></par>
</text>
</block>
<block><region><rect/></region>
<text>
<par>
<line>ARHiTK :</line></par>
</text>
</block>
<block><region><rect/><rect/><rect/><rect/></region>
<text>
<par>
<line>AnTlCLE PREMIER.</line></par>
<par>
<line>3st inscrit-sur l'inventaire des sites</line>
<line>dont la cons-ervation. présente un intérêt gét</line>
<line>nérsl: l'ensemble constitué par le Pai^ et las</line>
<line>Pentes du Château dé Yendome (loi^ Cher) .</line>
<line>■et par une élévation dénommée: ”la Motte”</line></par>
<par>
<line>^ Délimitation du Site:' "</line></par>
<par>
<line>. Nord: ligne fictive joignant^ l'angle Nord da</line>
<line>I ■ la parcelle'47-à.-l'angle Sud-Est de la]</line></par>
<par>
<line>parcelle 41 à travers les parcelles n* i</line>
<line>^ - 44-,43.42., section K ||</line></par>
<par>
<line>3.,., ■ _ limita Sud des parcelles 41.40, Seet.Kj</line></par>
<par>
<line>g ligne joignant l'angle Sud-Est de-la- j</line></par>
<par>
<line>^ ' parcelle. 40 à l'àngle Süd-Oùést de la - I</line></par>
<par>
<line>/parcelle 37 à travers les parcelles</line>
<line>- . n°39 et' 38 section K. -</line></par>
<par>
<line>limite Sud-de la'parcella 37 section K</line>
<line>Limite Est des. parcelles' 38,S4,S8ct',K</line></par>
</text>
</block>
<block><region><rect/></region>
<text>
<par/>
</text>
</block>
<block><region><rect/></region>
<text>
<par/>
</text>
</block>
<block><region><rect/></region>
<text>
<par>
<line>Limite-nord des..parcelles 296*.297' 298 29^'\</line>
<line>300',222, Saction.-J.</line></par>
<par>
<line>Est:llmita Est^deAn'parcelia 222 Section^ j</line>
<line>;^:Llmit9 Sud-des parcelles 222.300.299.298'</line>
<line>297,29o. Section^J.</line></par>
<par>
<line>limite ^st des parcelles 95..97.l00,sact.ïî:</line></par>
<par>
<line>- limita Sud-Sst de la parcelle lOO.seot.K</line>
<line>limite Sud des parcelles 38.51. sect.K.' i</line>
<line>Qiuest:" limita. Ouest des percelles Sl.SO.sectKi</line>
<line>limite Est des parcelles 48'.47. Sact.K 1</line>
<line>”I&amp; Motta’'e3t délimitée purNord:.limita Nord ' ;</line></par>
<par>
<line>de la parcelle 214, ' -;i</line></par>
<par>
<line>3ud"Sst: limita Sud-Est de la parcelle 213 1</line></par>
<par>
<line>' Sud: limita Sud de la parcelle 2ll, , ■</line></par>
<par>
<line>t l'Ouest: limite Ouest des parcelles 211,214,.^</line></par>
</text>
</block>
<block><region><rect/></region>
<text>
<par>
<line>Parcelles'cadastrales visées: .</line></par>
<par>
<line>Section J” 222.296 à”300, ” ' " ■ .</line></par>
<par>
<line>section K. 38p .39p .42p .43p:44p ,50.51,86. à lOO, -■</line>
<line>section L, 211 à 214, ' '</line></par>
</text>
</block>
<block><region><rect/></region>
<text>
<par>
<line>^ . 1 • ■ • 1</line></par>
<par>
<line>les ruines du chateau sont classées.parmi les'</line></par>
<par>
<line>ptonuments. ^historiques ■ '</line></par>
</text>
</block>
<block><region><rect/><rect/><rect/></region>
<text>
<par>
<line>ART. 2.</line></par>
<par>
<line>Le présebt arrêté sera notifié au Préfet du dépar- |</line>
<line>tement pour les archives de la préfecture, au Maire |</line>
<line>/le la commune de Yendome- et aux' pro- I</line>
<line>priétaires intéreaaés dont les' j</line>
<line>noms sont mentionnés sur la liste |</line>
<line>annexée au présent' âpreté '</line></par>
</text>
</block>
<block><region><rect/><rect/><rect/></region>
<text>
<par>
<line>qui seront responsables, chacun en ce qui le concerne,</line>
<line>de son exécution. ,</line></par>
<par>
<line>Paris, Iq . - ^ igé .</line></par>
<par>
<line>Par Délégation^</line></par>
<par>
<line>Le G^Æpseiller d^Eta:^</line></par>
<par>
<line>Secrétaire</line></par>
</text>
</block>
<block><region><rect/></region>
<text>
<par>
<line>Gé</line></par>
</text>
</block>
<block><region><rect/></region>
<text>
<par>
<line>de</line></par>
</text>
</block>
<block><region><rect/></region>
<text>
<par>
<line>Arts</line></par>
</text>
</block>




























</page>
</AC2>