<?xml version="1.0" encoding="UTF-8"?><AC2>
<page width="793" height="1123" resolution="96">
<block><region><rect/></region>
<text>
<par>
<line>COt^tF. f»OJR INFORMATION</line></par>
</text>
</block>
<block blockType="Table" blockName="" l="30" t="77" r="742" b="514"><region><rect/></region>
<row>
<cell leftBorder="White" topBorder="White" rightBorder="White" bottomBorder="White" width="180" height="21">
<text>
<par/>
</text></cell>
<cell leftBorder="White" topBorder="White" rightBorder="White" bottomBorder="White" width="532" height="21">
<text>
<par>
<line>BKPL'BLIQLK FBA^ÇAJSE.</line></par>
</text></cell></row>
<row>
<cell leftBorder="White" topBorder="White" rightBorder="White" bottomBorder="White" width="180" height="50">
<text>
<par>
<line>DC</line></par>
<par>
<line>I,J\ST«L'CTION l'UBÜQÜE</line></par>
<par>
<line>KT DES RK'SlA-AnTS.</line></par>
</text></cell>
<cell leftBorder="White" topBorder="White" rightBorder="White" bottomBorder="White" width="532" height="50">
<text>
<par>
<line>—</line></par>
</text></cell></row>
<row>
<cell leftBorder="White" topBorder="White" rightBorder="White" width="180" height="46">
<text>
<par>
<line>flK4Ul AUT»,</line></par>
</text></cell>
<cell leftBorder="White" topBorder="White" rightBorder="White" width="532" height="46">
<text>
<par>
<line>AHliÈTÉ.</line></par>
</text></cell></row>
<row>
<cell leftBorder="White" rightBorder="White" bottomBorder="White" width="180" height="91">
<text>
<par>
<line>kSu»» MoQucnoQU Qttoreli.</line></par>
<par>
<line>f _</line></par>
</text></cell>
<cell leftBorder="White" rightBorder="White" bottomBorder="White" width="532" height="91">
<text>
<par>
<line>L© l'inistre de l'^Lducetion Kstionaie</line>
<line>^T^^5«Te^qinrff'fftrt T^pr ^mrv^Anr,</line></par>
</text></cell></row>
<row>
<cell leftBorder="White" topBorder="White" rightBorder="White" bottomBorder="White" width="180" height="229">
<text>
<par>
<line>•</line></par>
</text></cell>
<cell leftBorder="White" topBorder="White" rightBorder="White" bottomBorder="White" width="532" height="229">
<text>
<par>
<line>\ii lii Ini (Ui 2 miji 1930 réorganisant ia proteclinn des monuioerits</line>
<line>nalui'tK (îl des sik'îde caraclérc nHistiquc, hislorif|iif', ^idanlîliqu^’. légcndairt*</line>
<line>ou piUoresquc;</line></par>
<par>
<line>Vu l'avU étniîî par Ij Coinnussiori départecucntde des monuniPoU naturels</line>
<line>et des sites dans su séaiirc du 15 Octobre 1935</line></par>
<par>
<line>l’üdhCsioû , , ^</line></par>
<par>
<line>V U en date du 8 iout 1935</line></par>
<par>
<line>donnée per ?eiIiot</line></par>
</text></cell></row>
</block>



</page>
<page width="793" height="1123" resolution="96">
<block><region><rect/></region>
<text>
<par>
<line>ARRÊTE :</line></par>
</text>
</block>
<block><region><rect/></region>
<text>
<par>
<line>J p rie LF i'Ki;mikb.</line></par>
<par>
<line>Lôs rochers de Bessevllle eppartensTxt à r.I. PeiLIot,</line>
<line>deaieLir&amp;i;t_à_ôUBGY_et_coir.pren&amp;nt_l©9 perce lie s I5C;î;bis, iSClfei</line></par>
<par>
<line>et 1505 du Oôdtistre de Le oormune de SlT.GY-en-Pousseeux (Nièvre)</line></par>
</text>
</block>
<block><region><rect/></region>
<text>
<par>
<line>/</line></par>
</text>
</block>
<block><region><rect/></region>
<text>
<par>
<line>sont cU$sé s P arm J les .sUfv&gt; et monument naturels de oaracicre</line></par>
<par>
<line>urlislK^ue, historique, :icjwiliJitjue, lé|’en(laire ouplttüresf|uc.</line></par>
<par>
<line>ÀftT. 3.</line></par>
<par>
<line>Le présent arreté sera notifié au Préfet du département ri ® Nièvre et au, proprl</line></par>
<par>
<line>taire</line></par>
<par>
<line>&lt;|ul sr4'&lt;&gt;iiLresj)0t)sal)le'', cUûcuupucc qui le cniicrnir*, de son Kxéeiuitau</line></par>
<par>
<line>AUT- 6.</line></par>
<par>
<line>II sera transriil au Bureau des hypothèques de la situation d ü Site</line></par>
</text>
</block>
<block><region><rect/></region>
<text>
<par>
<line>r lasse.</line></par>
</text>
</block>

</page>
<page width="802" height="1129" resolution="96">
<block><region><rect/></region>
<text>
<par>
<line>21. ROÛHERfi DE BA8SEV1LLE</line></par>
<par>
<line>SSuaffen géographique : Environ $ kms au rmrd de Cldmecy</line></par>
</text>
</block>
<block><region><rect/></region>
<text>
<par>
<line>QU3fific3tton Ou stte Site neiufSl (falaises), vestiges archéologiques, panorama</line>
<line>Intérêt pétrimonial du ^ * Site d'intérêt paysager, historique et scierrtffique féglor&gt;al</line></par>
<par>
<line>Département ' Nièvre</line></par>
<par>
<line>commune : Surgy</line></par>
<par>
<line>Date de protedion : afévner19^</line></par>
<par>
<line>Si^^erficré. $ hectares</line></par>
<par>
<line>de propriété. Pfopriétécommunaie</line>
<line>Existence dur) programme rffi gestion • Non</line></par>
<par>
<line>I Autre protection Ruines de f'anclenne chartreuse de Bessevilie : mscripilon sur</line></par>
<par>
<line>' t'invemaire supplémentaire des monuments hislofrques le 24 octopce 1927</line></par>
<par>
<line>Z/wff : Roches de Basseviile (JO ha) type t : secteur d’Intèrct twologîque remarauaWe</line></par>
</text>
</block>
<block><region><rect/></region>
<text>
<par>
<line>CARACTSRISTiQUgS OU Slfj J</line></par>
<par>
<line>Les Roenea de Bassevuie sont de hautes falaises découpées par l’émsion, percées de</line>
<line>grottes et de crevasses, avec une végétation de type rnédlterranéen Divers objets</line>
<line>remontant è la préhistoire tels que Silex et pierres taidées ont été trouvés dans certaines</line>
<line>gruttes. Le Site présente un intérêt biotogique maiéur, par sa flore (pelouse et lande</line>
<line>cateicoie. lorèl. formation saxicole, pelouses sèches à orchidées însentes) et se faune</line>
<line>fchauve'Sûurls). Du haut des falaises, on a une vue très hitcnssante sur la partie de la</line>
<line>vallée de l'Yonne qui s'étend au pied dos falaises.</line></par>
</text>
</block>
<block><region><rect/></region>
<text>
<par>
<line>SON ENVIRONNEMENT</line></par>
<par>
<line>Les falarsés surpiomDent un paysage de très Pelle qualllé, borné à l’Est par les Pois de</line>
<line>Bassevilie, gu Sud par IVonr^a et au nord par les anciens bâtiments de la chartreuse de</line>
<line>Basseviiie protégés eu trlre des mortuments historiques. Au mifteu de cette vallée passe</line>
<line>le camd du Nrvefnais, Ir^errompu par l’éckjse de Bassevilie. ouvrage d’art remanquable</line></par>
</text>
</block>
<block><region><rect/></region>
<text>
<par>
<line>SONCVOLUnON</line></par>
</text>
</block>
<block><region><rect/></region>
<text>
<par>
<line>Utiiisef/orj ef fréquentation du site : Le site des Roches de Sasseville est devenu depuis</line>
<line>plusieurs années un site d'escalade don) la réputation ajuStlHè la création è Surgy d'une</line>
<line>école d'escalade</line></par>
<par>
<line>£tat du site : La pratique intensive de J’escalade gédére un certain nombre de nuisances :</line>
<line>stâtKJiinemeni Aiconirdlé. la capadté d’accutii du parking en bord de route étant</line>
<line>insuffisante, camping sauvage au pied des falaises, aneintes à fa flore et à la faune</line></par>
</text>
</block>
<block><region><rect/></region>
<text>
<par>
<line>REC OM MAN DATIONS DE MISE EN VALEUR</line>
<line>ET DE GESTION</line></par>
</text>
</block>
<block><region><rect/></region>
<text>
<par>
<line>La fréqiiematior) importante des Roches de Bassevilie en lent que sHc d’cscelede pose</line>
<line>de réels problèmes tant un niveau du maintiefi de la quebté paysagère du srte que de la</line>
<line>conservation de son patrimoine biologique Larrcer ur&gt;e élude globale de gestion de la</line>
<line>frèqueniatlon et de mise en valeur de ce site .et mieux gérer *e slalfennemcnt</line></par>
</text>
</block>















</page>
<page width="3580" height="2582" resolution="300">
<block><region><rect/></region>
<text>
<par>
<line>♦</line></par>
</text>
</block>
<block><region><rect/></region>
<text>
<par>
<line>DÉPART FM fr: NT</line></par>
<par>
<line>e là Nièvre</line></par>
<par>
<line>COMM Ji\</line></par>
</text>
</block>
<block><region><rect/></region>
<text>
<par>
<line>1</line></par>
</text>
</block>
<block><region><rect/></region>
<text>
<par/>
</text>
</block>
<block><region><rect/></region>
<text>
<par>
<line>T</line></par>
</text>
</block>
<block><region><rect/></region>
<text>
<par>
<line>DIRECTION GÉNÉRALE DES IMPOTS</line></par>
</text>
</block>
<block><region><rect/></region>
<text>
<par>
<line>SfHVirE UES AfFA'BES FON'ClÉfiES ET ütlMANIALFS</line></par>
<par>
<line>CADASTRE</line></par>
</text>
</block>
<block><region><rect/></region>
<text>
<par>
<line>EXTRAIT DU PLAN CADASTRAL</line></par>
</text>
</block>
<block><region><rect/></region>
<text>
<par>
<line>^616 :IT</line></par>
<par>
<line>. '&lt;-■! t -iTt, .</line></par>
<par>
<line>O / '‘-'v .‘.T*</line></par>
</text>
</block>
<block><region><rect/></region>
<text>
<par/>
</text>
</block>
<block><region><rect/></region>
<text>
<par>
<line>Ç|/</line></par>
</text>
</block>
<block><region><rect/><rect/></region>
<text>
<par>
<line>^ -f .</line></par>
<par>
<line>f</line></par>
</text>
</block>
<block><region><rect/></region>
<text>
<par>
<line>• s'/</line></par>
</text>
</block>
<block><region><rect/></region>
<text>
<par/>
</text>
</block>
<block><region><rect/></region>
<text>
<par/>
</text>
</block>
<block><region><rect/></region>
<text>
<par/>
</text>
</block>
<block><region><rect/></region>
<text>
<par>
<line>ï-jif. &gt;.</line></par>
</text>
</block>
<block><region><rect/></region>
<text>
<par/>
</text>
</block>
<block><region><rect/></region>
<text>
<par>
<line>N:</line></par>
</text>
</block>
<block><region><rect/></region>
<text>
<par/>
</text>
</block>
<block><region><rect/></region>
<text>
<par>
<line>• -üi</line></par>
</text>
</block>
<block><region><rect/></region>
<text>
<par/>
</text>
</block>
<block><region><rect/></region>
<text>
<par/>
</text>
</block>
<block><region><rect/></region>
<text>
<par>
<line>\</line></par>
</text>
</block>
<block><region><rect/></region>
<text>
<par>
<line>X .</line></par>
</text>
</block>
<block><region><rect/></region>
<text>
<par/>
</text>
</block>
<block><region><rect/></region>
<text>
<par/>
</text>
</block>
<block><region><rect/></region>
<text>
<par/>
</text>
</block>
<block><region><rect/></region>
<text>
<par>
<line>. V</line></par>
</text>
</block>
<block><region><rect/></region>
<text>
<par>
<line>\</line></par>
</text>
</block>
<block><region><rect/></region>
<text>
<par>
<line>/V.'</line></par>
</text>
</block>
<block><region><rect/></region>
<text>
<par>
<line>Vj</line></par>
</text>
</block>
<block><region><rect/></region>
<text>
<par>
<line>•Ai*</line></par>
</text>
</block>
<block><region><rect/></region>
<text>
<par/>
</text>
</block>
<block><region><rect/></region>
<text>
<par>
<line>X-</line></par>
</text>
</block>
<block><region><rect/></region>
<text>
<par>
<line>■ - . 1V-</line></par>
</text>
<text>
<par>
<line>V-'- ’ '■</line></par>
</text>
</block>
<block><region><rect/></region>
<text>
<par/>
</text>
</block>
<block><region><rect/></region>
<text>
<par/>
</text>
</block>
<block><region><rect/></region>
<text>
<par/>
</text>
</block>
<block><region><rect/></region>
<text>
<par/>
</text>
</block>
<block><region><rect/></region>
<text>
<par/>
</text>
</block>
<block><region><rect/></region>
<text>
<par>
<line>ri</line></par>
</text>
</block>
<block><region><rect/></region>
<text>
<par>
<line>Tl</line></par>
</text>
</block>
<block><region><rect/></region>
<text>
<par/>
</text>
</block>
<block><region><rect/></region>
<text>
<par/>
</text>
</block>
<block><region><rect/></region>
<text>
<par/>
</text>
</block>
<block><region><rect/></region>
<text>
<par>
<line>A .SiVj ' T’.i;-</line></par>
</text>
</block>
<block><region><rect/></region>
<text>
<par>
<line>l.iAI</line></par>
</text>
</block>













</page>
<page width="3572" height="2571" resolution="300">
<block><region><rect/><rect/><rect/></region>
<text>
<par/>
</text>
</block>
<block><region><rect/><rect/></region>
<text>
<par>
<line>(J</line></par>
</text>
</block>
<block><region><rect/><rect/><rect/><rect/></region>
<text>
<par>
<line>&lt;0</line></par>
</text>
</block>
<block><region><rect/></region>
<text>
<par>
<line>■'L^'</line></par>
</text>
</block>
<block><region><rect/></region>
<text>
<par>
<line>Ml</line></par>
</text>
</block>
<block><region><rect/></region>
<text>
<par>
<line>. . ' yv. ,.</line></par>
</text>
</block>
<block><region><rect/></region>
<text>
<par>
<line>inai&lt;*ii.</line></par>
</text>
</block>
<block><region><rect/><rect/><rect/><rect/></region>
<text>
<par>
<line>dr6 nu</line>
<line>ded droits'.</line></par>
</text>
</block>
<block><region><rect/><rect/><rect/><rect/><rect/></region>
<text>
<par>
<line>U prta-rRf fîJçfTOf</line></par>
<par>
<line>_LF0?_</line></par>
<par>
<line>du SmnLi; d'ciyinfi :</line></par>
</text>
</block>
<block><region><rect/><rect/><rect/><rect/></region>
<text>
<par>
<line>eP/icç ^</line></par>
<par>
<line>' 3.^</line></par>
<par>
<line>b80ie</line>
<line>téu taSi</line></par>
</text>
</block>
<block><region><rect/><rect/><rect/></region>
<text>
<par>
<line>\:iri</line></par>
<par>
<line>. ij.P, A 2^</line></par>
<par>
<line>Ù7,’ii'i</line></par>
</text>
</block>
<block><region><rect/></region>
<text>
<par/>
</text>
</block>
<block><region><rect/></region>
<text>
<par>
<line>,î-.y</line></par>
</text>
</block>
<block><region><rect/></region>
<text>
<par/>
</text>
</block>
<block><region><rect/></region>
<text>
<par/>
</text>
</block>
<block><region><rect/></region>
<text>
<par>
<line>Oi' . - ,</line></par>
</text>
</block>
<block><region><rect/></region>
<text>
<par/>
</text>
</block>
<block><region><rect/></region>
<text>
<par/>
</text>
</block>
<block><region><rect/></region>
<text>
<par>
<line>■4 ^</line></par>
</text>
</block>
<block><region><rect/></region>
<text>
<par>
<line>4»</line></par>
</text>
</block>
<block><region><rect/></region>
<text>
<par>
<line>1^</line></par>
</text>
</block>
<block><region><rect/></region>
<text>
<par/>
</text>
</block>
<block><region><rect/></region>
<text>
<par>
<line>//</line></par>
</text>
</block>
<block><region><rect/></region>
<text>
<par>
<line>r-</line></par>
</text>
</block>
<block><region><rect/></region>
<text>
<par/>
</text>
</block>
<block><region><rect/></region>
<text>
<par/>
</text>
</block>
<block><region><rect/></region>
<text>
<par/>
</text>
</block>
<block><region><rect/></region>
<text>
<par>
<line>J</line></par>
</text>
</block>
<block><region><rect/></region>
<text>
<par/>
</text>
</block>
<block><region><rect/></region>
<text>
<par/>
</text>
</block>
<block><region><rect/></region>
<text>
<par>
<line>C-tdSSiu</line></par>
</text>
</block>
<block><region><rect/></region>
<text>
<par>
<line>Extrait cert;rie ctnformc</line>
<line>ou plan cti^iostr:;!</line></par>
<par>
<line>.a le dote fi-df^souî Ul</line>
<line>■f^lwdnfH ilu1^ — Ll,'.~</line></par>
<par>
<line>A,</line></par>
<par>
<line>le___ I J i'--'I ■</line></par>
<par>
<line>id:_&lt;l7Ajé''a/}j! .3//:^_</line></par>
</text>
</block>
<block><region><rect/><rect/><rect/><rect/></region>
<text>
<par>
<line>r'"'</line></par>
</text>
</block>
<block><region><rect/></region>
<text>
<par>
<line>liï iTt.’i' I :&gt;!■■ nul «î ,</line></par>
</text>
</block>
















</page>
<page width="3360" height="4060" resolution="300">
<block><region><rect/></region>
<text>
<par>
<line>172^^</line></par>
</text>
</block>
<block><region><rect/></region>
<text>
<par/>
</text>
</block>
<block><region><rect/></region>
<text>
<par/>
</text>
</block>
<block><region><rect/></region>
<text>
<par/>
</text>
</block>
<block><region><rect/></region>
<text>
<par>
<line>0</line></par>
</text>
</block>
<block><region><rect/></region>
<text>
<par/>
</text>
</block>
<block><region><rect/></region>
<text>
<par/>
</text>
</block>
<block><region><rect/><rect/></region>
<text>
<par/>
</text>
</block>
<block><region><rect/></region>
<text>
<par/>
</text>
</block>
<block><region><rect/></region>
<text>
<par/>
</text>
</block>
<block><region><rect/></region>
<text>
<par>
<line>0</line></par>
</text>
</block>
<block><region><rect/></region>
<text>
<par/>
</text>
</block>
<block><region><rect/></region>
<text>
<par/>
</text>
</block>
<block><region><rect/></region>
<text>
<par>
<line>‘/2</line></par>
</text>
</block>
<block><region><rect/></region>
<text>
<par/>
</text>
</block>
<block><region><rect/></region>
<text>
<par>
<line>N/</line></par>
</text>
</block>
<block><region><rect/></region>
<text>
<par>
<line>/î</line></par>
</text>
</block>
<block><region><rect/></region>
<text>
<par/>
</text>
</block>
<block><region><rect/></region>
<text>
<par>
<line>e-H</line></par>
</text>
</block>
<block><region><rect/></region>
<text>
<par/>
</text>
</block>
<block><region><rect/></region>
<text>
<par>
<line>r|h^</line></par>
<par>
<line>^751</line></par>
</text>
</block>
<block><region><rect/></region>
<text>
<par>
<line>'ia&gt;</line></par>
</text>
</block>
<block><region><rect/></region>
<text>
<par/>
</text>
</block>
<block><region><rect/></region>
<text>
<par>
<line>kl</line></par>
</text>
</block>
<block><region><rect/></region>
<text>
<par/>
</text>
</block>
<block><region><rect/></region>
<text>
<par>
<line>C)</line></par>
</text>
</block>
<block><region><rect/></region>
<text>
<par>
<line>$</line></par>
</text>
</block>
<block><region><rect/></region>
<text>
<par>
<line>$</line></par>
</text>
</block>
<block><region><rect/></region>
<text>
<par>
<line>O</line></par>
</text>
</block>
<block><region><rect/></region>
<text>
<par>
<line>O</line></par>
</text>
</block>
<block><region><rect/></region>
<text>
<par>
<line>✓</line></par>
</text>
</block>
<block><region><rect/></region>
<text>
<par/>
</text>
</block>
<block><region><rect/></region>
<text>
<par>
<line>c</line></par>
</text>
</block>
<block><region><rect/></region>
<text>
<par>
<line>&gt;«-•</line></par>
</text>
</block>
<block><region><rect/></region>
<text>
<par>
<line>A</line></par>
</text>
</block>
<block><region><rect/></region>
<text>
<par/>
</text>
</block>
<block><region><rect/></region>
<text>
<par>
<line>U</line></par>
</text>
</block>


































</page>
<page width="2479" height="3508" resolution="300">
<block><region><rect/></region>
<text>
<par/>
</text>
</block>
<block><region><rect/></region>
<text>
<par>
<line>1</line></par>
</text>
</block>
<block><region><rect/></region>
<text>
<par>
<line>T</line></par>
<par>
<line>/</line></par>
</text>
</block>
<block><region><rect/></region>
<text>
<par>
<line>f</line></par>
<par>
<line>-J</line></par>
</text>
</block>
<block><region><rect/></region>
<text>
<par>
<line>Savo</line></par>
</text>
</block>
<block><region><rect/></region>
<text>
<par>
<line>/e</line></par>
</text>
</block>
<block><region><rect/></region>
<text>
<par/>
</text>
</block>











</page>
</AC2>