<?xml version="1.0" encoding="UTF-8"?><AC2>
<page width="1710" height="2348" resolution="200">
<block><region><rect/></region>
<text>
<par>
<line>RÉPUBLIQUE FRANÇAISE</line></par>
</text>
</block>
<block><region><rect/></region>
<text>
<par>
<line>#</line></par>
</text>
</block>
<block><region><rect/><rect/></region>
<text>
<par>
<line>ministère de L’équipement, du logement.</line></par>
<par>
<line>DE L'AMÉNAGEMENT OU TERRITOIRE</line>
<line>ET DBS TRANSPORTS</line></par>
</text>
</block>
<block><region><rect/></region>
<text>
<par>
<line>N® NOR</line></par>
</text>
</block>
<block><region><rect/></region>
<text>
<par/>
</text>
</block>
<block><region><rect/></region>
<text>
<par>
<line>lUf</line></par>
</text>
</block>
<block><region><rect/><rect/><rect/><rect/><rect/><rect/><rect/><rect/><rect/></region>
<text>
<par/>
</text>
</block>
<block><region><rect/></region>
<text>
<par/>
</text>
</block>
<block><region><rect/></region>
<text>
<par>
<line>W4</line></par>
</text>
</block>
<block><region><rect/></region>
<text>
<par/>
</text>
</block>
<block><region><rect/></region>
<text>
<par/>
</text>
</block>
<block><region><rect/></region>
<text>
<par>
<line>"i 1</line></par>
</text>
</block>
<block><region><rect/></region>
<text>
<par/>
</text>
</block>
<block><region><rect/></region>
<text>
<par/>
</text>
</block>
<block><region><rect/></region>
<text>
<par>
<line>DÉCRET</line></par>
</text>
</block>
<block><region><rect/></region>
<text>
<par>
<line>2 .y ùBc. m?</line></par>
</text>
</block>
<block><region><rect/><rect/><rect/></region>
<text>
<par>
<line>Portant ^oi^s^ement parmi les sites du département du Pas de CaJais du site</line>
<line>formé pac;^ Caps Gris Nez et Blanc Nez, la Baie de Wlssant et les Dunes de</line>
<line>la Manchtje sur les communes d'AMBLETEUSE, AUDINGHEN, AUDRESSELLES,</line>
<line>ESCALLES, SANGATTE, TARDINGHEM et WISSANT,</line></par>
</text>
</block>
<block><region><rect/></region>
<text>
<par>
<line>LE PREMIER MINISTRE</line></par>
<par>
<line>SUR LE RAPPORT du Ministre de l'Equipement, du Logement, de</line></par>
<par>
<line>l'Aménagement du Territoire et des Transports,</line></par>
<par>
<line>VU la loi du 2 mai 1930 réorganisant la protection des monuments naturels</line>
<line>et des sites de caractère artistique, historique, scientifique, légendaire ou</line>
<line>pittoresque, modifiée notamment par la loi n® 67.1174 du 2S décembre 1967</line>
<line>en particulier les articles 5*1, 6, 7 et 8, ensemble le décret n* 69*607 du 13</line>
<line>juin 1969 pris pour son application ;</line></par>
<par>
<line>VU le cfassement du site du Fort Vauban dit "Fort Mahon" sur la commune</line>
<line>d'Ambleteuse par arrêté en date du 2 Juin 1931 î</line></par>
<par>
<line>VU l'inscription du site des Caps Gris Nez et Blanc Nez, sur les communes</line>
<line>de SANGATTE, PEUPLINGUES, ESCALLES, WISSANT, TARDINGHEM,</line>
<line>AUDINGHEM, AUDRESELLES. AMBLETEUSE et WIMEREUX, par arrêté en</line>
<line>date du 16 septembre 1970 ;</line></par>
<par>
<line>VU le classement du site des dunes de Wimereux et Ambleteuse sur les</line>
<line>communes de WIMEREUX ET AMBLETEUSE par décret en date du 23</line>
<line>Novembre 1973 ;</line></par>
<par>
<line>VU les résultats de l'enquête administrative prescrite par arrêté préfectoral</line>
<line>en date du 18 avril. 1983 et notamment l'absence de consentement de</line>
<line>certains propriétaires et communes concernées ; ^</line></par>
<par>
<line>VU la lettre en date du 4 décembre 1986, du Secrétaire d’Etat Chargé</line>
<line>de la Mer, refusant son accord, au titre de l'article 6 de la loi du 2 mai</line>
<line>1930 ;</line></par>
</text>
</block>
<block><region><rect/></region>
<text>
<par>
<line>•I.O.N* 3 Q1</line></par>
</text>
</block>
<block><region><rect/></region>
<text>
<par>
<line>2 9 DEC, 1987</line></par>
</text>
</block>
</page>
<page width="1710" height="2347" resolution="200">
<block><region><rect/></region>
<text>
<par>
<line>vu la lettre en date dj 16 octobre 1986, du Ministre de l'Economie, des</line>
<line>Finances et de Budget, donnant son accord au titre de l'article 6 de la loi</line>
<line>du 2 mai 1930 ;</line></par>
<par>
<line>VU l'avis émis par la Commission Départementale des Sites, Perspectives</line>
<line>et Paysages du Pas de Calais en date du 15 novembre 1985 ;</line></par>
<par>
<line>VU l'avis émis par la Commission Supérieure des Sites, Perspectives et</line>
<line>Paysages en date du 6 mai 1936 ;</line></par>
<par>
<line>LE CONSEIL D'ETAT (Section des Travaux Publics) entendu :</line></par>
<par>
<line>CONSIDERANT que la préservation du site formé par les Caps Gris Nez et</line>
<line>Blanc Nez, de la Baie de W issant et des Dunes de la Manchue sur les communes</line>
<line>d'AMBLETEUSE, AUDISGHEN, AUDRESSELLES, ESCALtES, SANGATTE,</line>
<line>TARDINGHEM et V 1S5ANT revêt, en raison de sa grande qualité paysagère, un</line>
<line>intérêt générai au sens de l'article 4 de la loi du 2 mai 1930 susvisée j</line></par>
</text>
</block>
<block><region><rect/></region>
<text>
<par>
<line>DECRETE</line></par>
</text>
</block>
<block><region><rect/></region>
<text>
<par>
<line>ARTICLE 1er : Est classé parmi les sites du département du Pas-de-Calais,</line>
<line>l'ensemble littoral formé par le "Site des Caps Gris Nez et Blanc Nez", sur les</line>
<line>communes de SANGATTE. ESCALLES, WISSANT, TARDINGHEM, AUDINGHEM,</line>
<line>AUDRESELLES et AMBLETEUSE et délimité comme suit, conformément à la</line>
<line>carte au l/50000e et aux plans cadastraux annexés au présent décret.</line></par>
</text>
</block>
<block><region><rect/></region>
<text>
<par>
<line>COMMUNE DE SANGATTE</line></par>
</text>
</block>
<block><region><rect/></region>
<text>
<par>
<line>Sections C4 et C5</line></par>
</text>
</block>
<block><region><rect/></region>
<text>
<par>
<line>- limite Est de la parcelle 499 à partir de la mer sur une distance de 30 m</line>
<line>(section C4),</line></par>
<par>
<line>- à partir de ce point, une ligne fictive distante de 30 m de la mer, et</line>
<line>traversant les parcelles n® 499 à 494 (section C4), 829 à 827 (section C5), 1330</line>
<line>et 1331, 825, 824, 822 à S18, 814 à 810 (section C5) juqu'à la limite Est de ia</line>
<line>parcelle 808,</line></par>
<par>
<line>- côté Est, pour partie, de la parcelle SOS (section C5),</line></par>
<par>
<line>- Chemin Départemental 940, anciennement nommé RN 40 de Paris à</line>
<line>Dunkerque, vers Dunkercje,</line></par>
<par>
<line>- partie de la limite Es: oe la parcelle 832</line></par>
<par>
<line>- ligne fictive située à 5. m et à l'Ouest du chemin vicinal n* 6 dit de la Haute</line>
<line>Escalles traversant rensemble des parcelles situé entre les parcelles 832 et 751</line></par>
<par>
<line>- limites Nord Ouest et &gt;jd Est de la parcelle 750</line></par>
</text>
</block>




</page>
<page width="1743" height="2371" resolution="200">
<block><region><rect/></region>
<text>
<par>
<line>- 3 -</line></par>
</text>
</block>
<block><region><rect/></region>
<text>
<par>
<line>- une ligne fictive joignant l'intersection des parcelles 941 et 1408 avec le</line>
<line>chemin vicinal n® 6 à l'intersection des parcelles 944, 947 et 934,</line></par>
<par>
<line>- limite entre les lieux-dits "Noires Mottes" et "Les Belles Vues",</line></par>
<par>
<line>- limites Nord-Ouest des parcelles 921 à 917,</line></par>
<par>
<line>- limite Nord-£st de la parcelle 917,</line></par>
<par>
<line>- limite entre les communes de SANCATTE, d'une part, et PEUPLINGUES</line>
<line>d'autre part.</line></par>
</text>
</block>
<block><region><rect/></region>
<text>
<par>
<line>COMMUNE D'ESCALLES</line></par>
</text>
</block>
<block><region><rect/></region>
<text>
<par>
<line>- limite entre les communes d'ESCALLES d'une part, et de PEUPLINGUES</line>
<line>d'autre part,</line></par>
<par>
<line>Section A2</line></par>
</text>
</block>
<block><region><rect/></region>
<text>
<par>
<line>- limite Sud de la parcelle 178</line></par>
<par>
<line>- limites Est et Sud et Ouest pour partie de la parcelle 182</line></par>
<par>
<line>- limite des lieux-dits "Le Mont à Crapauds" et "Le Fonds de Caiais"</line></par>
<par>
<line>- ligne fictive joignant l'angle Nord Ouest de la parcelle i87a à Pangle Nord</line>
<line>Est de la parcelle 373</line></par>
<par>
<line>- limite Est de la parcelle 373</line></par>
<par>
<line>- limite Sud-Ouest des parcelles 373 et 372</line></par>
<par>
<line>- limite Sud Ouest des parcelles 196 et 198</line></par>
<par>
<line>- limite des lieux-dits "Le Fonds BocquiUon" et "La Garenne"</line></par>
<par>
<line>- limite entre les sections A2 et A3</line></par>
</text>
</block>
<block><region><rect/></region>
<text>
<par>
<line>Section Al</line></par>
</text>
</block>
<block><region><rect/></region>
<text>
<par>
<line>- limite Sud des parcelles 117 et 114</line></par>
<par>
<line>- limite Est des parcelles 78 et 72</line></par>
<par>
<line>- limite des sections Al et A3</line></par>
<par>
<line>- chemin départemental n® 940 de Quend à Calais</line></par>
</text>
</block>
<block><region><rect/></region>
<text>
<par>
<line>COMMUNE DE WISSANT</line></par>
<par>
<line>Sur cette commune, le site comporte 3 secteurs</line>
<line>1er Secteur : Section Al</line></par>
</text>
</block>
<block><region><rect/></region>
<text>
<par>
<line>- le chemin départemental 940, anciennement nommé R.N, n* 40 du Havre à</line>
<line>Dunkerque</line></par>
<par>
<line>- chemin communal n“ 3</line></par>
<par>
<line>- limite Nord Ouest pour partie de ta parcelle n® 35</line></par>
<par>
<line>- limite Sud Ouest de U parcelle 33</line></par>
<par>
<line>- limite Ouest des lieux-dits "Le Vivier" puis "Saint-Pô" jusqu'à la mer.</line></par>
</text>
</block>










</page>
<page width="1285" height="1762" resolution="150">
<block><region><rect/></region>
<text>
<par>
<line>- 4 -</line></par>
</text>
</block>
<block><region><rect/></region>
<text>
<par>
<line>Esi exclu du site classé la ferme de St Pô : parcelles n® 40 à 42 (section AI)</line>
<line>2eme Secteur : Section AH</line></par>
</text>
</block>
<block><region><rect/></region>
<text>
<par>
<line>- à partir de la mer, une ligne fictive traversant les parcelle 42 et 43 dans le</line>
<line>prolongement de la partie de la limite Nord Est de la parcelle 45 arrivant sur</line>
<line>le chemin départemental 940, anciennement nommé RN 40 du Havre à</line>
<line>Dunkerque</line></par>
<par>
<line>- limite Nord Est, pour partie, de la parcelle 45, jusqu'au chemin départemental</line>
<line>940</line></par>
</text>
</block>
<block><region><rect/></region>
<text>
<par>
<line>Section AO</line></par>
</text>
</block>
<block><region><rect/></region>
<text>
<par>
<line>- limite Est, sud, de la parcelle n® 1</line></par>
<par>
<line>- le ruisseau des nains</line></par>
<par>
<line>- chemin départemental n® 244 de Guines à Wissant</line></par>
<par>
<line>- limite Ouest de la parcelle 71</line></par>
<par>
<line>- limites Sud pour partie et Ouest de la parcelle 66</line></par>
<par>
<line>Section AH</line></par>
</text>
</block>
<block><region><rect/></region>
<text>
<par>
<line>- chemin départemental 940, anciennement nommé RN n® 40, du Havre à</line>
<line>Dunkerque</line></par>
<par>
<line>- limite entre les sections AH et AB</line></par>
<par>
<line>- limite Est et Nord de la parcelle n® 1 jusqu'à la mer</line></par>
<par>
<line>3ème Secteur : Section AD</line></par>
</text>
</block>
<block><region><rect/></region>
<text>
<par>
<line>- à partir de la mer, limite Nord Est des parcelles n® 2 et 3</line></par>
<par>
<line>- limite entre les communes de Wissant et de Tardinghem jusqu'à la mer</line></par>
<par>
<line>COMMUNE DE TARDINGHEM</line></par>
</text>
</block>
<block><region><rect/></region>
<text>
<par>
<line>Sur cette commune, le site comporte 2 secteurs</line>
<line>1er secteur :</line></par>
</text>
</block>
<block><region><rect/></region>
<text>
<par>
<line>Section AD</line></par>
</text>
</block>
<block><region><rect/></region>
<text>
<par>
<line>- limite des lieux dits "le Phare" et "la Motte du Bourg"</line></par>
<par>
<line>- chemin départemental 940, anciennement nommé RN 40 du Havre à</line>
<line>Dunkerque</line></par>
<par>
<line>- limites Est, Nord et Ouest de la parcelle 62</line></par>
<par>
<line>- chemin départemental 940, anciennement nommé RN 40, du Havre à</line>
<line>Dunkerque</line></par>
<par>
<line>- limite entre les sections AD et AB (tableau d’assemblage)</line></par>
<par>
<line>Tableau d'assemblage</line></par>
</text>
</block>
<block><region><rect/></region>
<text>
<par>
<line>- limite entre les sections AB et AC</line></par>
<par>
<line>- limite entre les ^retiens AL et AC</line></par>
</text>
</block>









</page>
<page width="1728" height="2360" resolution="200">
<block><region><rect/></region>
<text>
<par>
<line>- 5 -</line></par>
</text>
</block>
<block><region><rect/></region>
<text>
<par>
<line>Section AC</line></par>
</text>
</block>
<block><region><rect/></region>
<text>
<par>
<line>- limites Sud en partie, Est et Nord de la parcelle 107</line></par>
<par>
<line>- limites Sud et Ouest de la parcelle 110</line></par>
<par>
<line>- limites Ouest et Nord de la parcelle 111</line></par>
<par>
<line>- limite Est de la parcelle 112 et sa prolongation par une ligne îictive</line>
<line>traversant les parcelles 126, 114 et 115 jusqu'à la parcelle 20</line></par>
<par>
<line>- côté Sud et Est de la parcelle 20</line></par>
<par>
<line>- côté Nord pour partie de la parcelle 66</line></par>
<par>
<line>- côté Sud pour partie et Ouest de la parcelle 22 jusqu'à la mer</line>
<line>2ème Secteur ; Section AC</line></par>
</text>
</block>
<block><region><rect/></region>
<text>
<par>
<line>- à partir de la mer, limite Est de Tancienne parcelle n* 3, nouvellement</line>
<line>numérotée 253 et 217</line></par>
<par>
<line>- partie de la voie communale n® 1 au droit de la parcelle 20</line></par>
<par>
<line>- le fossé des anguilles dans sa partie Ouest jusqu'au ruisseau du Châtelet</line></par>
<par>
<line>- le ruisseau du Châtelet jusqu'à la mer</line></par>
</text>
</block>
<block><region><rect/></region>
<text>
<par>
<line>COMMUNE D’AUDINGHEM</line></par>
</text>
</block>
<block><region><rect/></region>
<text>
<par>
<line>Sur cette commune le site comporte 2 secteurs</line>
<line>Ier Secteur</line></par>
<par>
<line>- limite entre les communes d'Audinghem et Tardinghen</line></par>
<par>
<line>- limite entre les sections AC et AO (tableau d'assemblage)</line></par>
<par>
<line>Section AC</line></par>
</text>
</block>
<block><region><rect/></region>
<text>
<par>
<line>- limites Sud Ouest et Ouest, pour partie, de la parcelle 2</line></par>
<par>
<line>- limite entre les sections AC et AB</line></par>
<par>
<line>Section AB</line></par>
</text>
</block>
<block><region><rect/></region>
<text>
<par>
<line>- limite Sud et Ouest pour partie de la parcelle 73</line></par>
<par>
<line>- limites Sud et Ouest pour partie de la parcelle 65</line></par>
<par>
<line>- limites Sud et Ouest de ta parcelle 66</line></par>
<par>
<line>- l'extrémité Ouest de la parcelle 70</line></par>
<par>
<line>- limite Ouest de la parcelle 69 jusqu'à la mer</line></par>
<par>
<line>2ème Secteur</line></par>
<par>
<line>Section AB</line></par>
<par>
<line>- à partir de la mer, limites Est des parcelles 25</line></par>
<par>
<line>- limite Est, pour partie, Sud, et Est pour partie de la parcelle 26</line></par>
<par>
<line>- limite Nord Est pour partie, Est et Sud de la parcelle 20</line></par>
</text>
</block>









</page>
<page width="1713" height="2350" resolution="200">
<block><region><rect/></region>
<text>
<par>
<line>- 6 -</line></par>
</text>
</block>
<block><region><rect/></region>
<text>
<par>
<line>- limite entre les lieux dits "Le Fort" et "Le Plaçon" avec le lieu dit "Hameau</line>
<line>du Cap Gris Nez"</line></par>
<par>
<line>^ limite entre le lieu dit "Le Plaçon" et le lieu dit "Hameau de Framezelles"</line></par>
<par>
<line>- limites Nord E.it et Sud Est de la parcelle 12'*</line></par>
<par>
<line>- limite Sud Est de la parcelle 125</line></par>
<par>
<line>- limite Sud Ouest de la parcelle 126</line></par>
<par>
<line>- chemin rural n* 7</line></par>
<par>
<line>- ligne fictive joignant l'intersection des parcelles 173 et 176 avec le chemin</line>
<line>rural n* 7 à l'angle Ouest de la parcelle 163</line></par>
<par>
<line>- le côté Sud Ouest de la parcelle léS</line></par>
<par>
<line>- les côtés Sud Ouest et Sud de la parcelle 207</line></par>
<par>
<line>- chemin départemental n" 191 du Cap Gris Nez a Fauquembergues</line></par>
</text>
</block>
<block><region><rect/></region>
<text>
<par>
<line>section AD</line></par>
</text>
</block>
<block><region><rect/></region>
<text>
<par>
<line>- chemin départemental n* 191 du Cap Gris Nez à Fauquembergues</line></par>
<par>
<line>- limite Sud Est de la parcelle 30</line></par>
<par>
<line>- limites Nord Est pour partie et Sud Est pour partie de la parcelle 25</line></par>
<par>
<line>- une ligne fictive joignant l'intersection des parcelle 25, 26 et 22 à l'angle</line>
<line>Sud-Est de la parcelle 20</line></par>
<par>
<line>- limites entre le lieu dit "Hameau du Vivier" et les lieux dits "Fond du Vivier"</line>
<line>et "Hameau de Waringzelle"</line></par>
<par>
<line>- limites Nord-Est des parcelles 121 et 99</line></par>
<par>
<line>- limite Sud Est des parcelles 99 et il7</line></par>
<par>
<line>- une ligne fictive joignant l’angle Sud de la parcelle 117 à l'intersection des</line>
<line>parcelles 35 et 33 avec le chemin vicinal ordinaire n® 13 du Cran aux Oeufs à</line>
<line>Waringzelle</line></par>
<par>
<line>- chemin vicinal n* 13 précité</line>
<line>Section AE</line></par>
</text>
</block>
<block><region><rect/></region>
<text>
<par>
<line>- chemin rural n"* 11 dit du Cran aux Oeufs</line></par>
<par>
<line>- ancien chemin départemental à i'Est des parcelles 34, 60, 62, 61, 88, 86, 85</line>
<line>et 83</line></par>
<par>
<line>- chemin départemental n® 119 d'Auxi-le Château à Gravelines</line>
<line>Section AI</line></par>
</text>
</block>
<block><region><rect/></region>
<text>
<par>
<line>- le même chemin départemental n* 119</line></par>
<par>
<line>- limites Sud des parcelles 22, 7 et 8</line></par>
<par>
<line>- limite Est pour partie, Nord et Ouest de la parcelle 5 et une ligne fictive</line>
<line>prolongeant la limite Ouest de cette parcelle.jusqu'à son intersection avec le</line>
<line>chemin départemental n’* 940, anciennement nommé R.N. n® 40 du Havre à</line>
<line>Dunkerque, et tra\ersant la parcelle 69</line></par>
<par>
<line>- le chemin départen^ental 940 sus nommé</line></par>
</text>
</block>
<block><region><rect/></region>
<text>
<par>
<line>...A»</line></par>
</text>
</block>




</page>
<page width="1706" height="2345" resolution="200">
<block><region><rect/></region>
<text>
<par>
<line>- 7 -</line></par>
</text>
</block>
<block><region><rect/></region>
<text>
<par>
<line>Sont exclus du site classé :</line></par>
<par>
<line>1) le hameau du Cran aux Oeufs correspondant à un quadrilatère inscrit dans la</line>
<line>section AE et ainsi délimité î</line></par>
<par>
<line>- côté Ouest : limite Est de la parcelle n® \</line></par>
<par>
<line>- côté Sud î la ligne fictive de 350 métrés partant de rmtei des</line></par>
<par>
<line>parcelles n® U 12, 27 et 104 passant par l'intersection des parcelles 15, 16 et</line>
<line>13 et traversant les parcelles 27, 18, 19, 26, 25, 27 à nouveau et 34</line></par>
<par>
<line>- côté Nord : une ligne fictive de 350 mètres, parallèle à la précédente et</line>
<line>partant de l'intersection des parcelles n® l, 3 et 9 et traversant ia parcelle 3</line>
<line>ainsi que les parcelles 107 et 105 de la section AD</line></par>
<par>
<line>- côté Est ! une ligne fictive joignant l'extrémité des 2 lignes fictives</line>
<line>précédentes</line></par>
<par>
<line>2) les parcelles IS, 19 et 20 de la section AI</line>
<line>commune D'AUDRëSSëLLËS ;</line></par>
<par>
<line>Sur cette commune le site comporte 2 secteurs</line></par>
</text>
</block>
<block><region><rect/></region>
<text>
<par>
<line>1er secteur t Section Al</line></par>
</text>
</block>
<block><region><rect/></region>
<text>
<par>
<line>- chemin départemental 940 de Quend à Calais dénommé sur la section Al, -</line>
<line>chemin de grande communication n® 119 de Doullens à Gravelines</line></par>
</text>
</block>
<block><region><rect/></region>
<text>
<par>
<line>Section A2</line></par>
</text>
</block>
<block><region><rect/></region>
<text>
<par>
<line>- chemin départemental 940, anciennement dénommé R.N. 40 (Rue Pierre de</line>
<line>^Vissant)</line></par>
<par>
<line>- une ligne fictive partant du chemin départemental 940 sus nommé jusqu'à la</line>
<line>mer et parallèle a la limite Sud de la parcelle 179a, nouvellement nommée</line>
<line>1125, située à 25 mètres au Nord de celle-ci et traversant la parcelle I79a et</line>
<line>la parcelle non numérotée bordant ta mer</line></par>
<par>
<line>2e Secteur : Section AB</line></par>
<par>
<line>- à partir de ia mer, le ruisseau de la Manchue</line></par>
<par>
<line>- chemin départemnetal 940 de Calais à Quend</line></par>
</text>
</block>
<block><region><rect/></region>
<text>
<par>
<line>COMMUNE D'AMBLETEUSE</line></par>
</text>
</block>
<block><region><rect/></region>
<text>
<par>
<line>- chemin départemental 940 de Quend à Oye Plage (tableau d'assemblage et</line>
<line>section AB)</line></par>
</text>
</block>
<block><region><rect/></region>
<text>
<par>
<line>Section AB</line></par>
</text>
</block>
<block><region><rect/></region>
<text>
<par>
<line>- limite Nord-Ouest et Ouest de la parcelle 176</line></par>
<par>
<line>- limite entre les sections AB et AL jusqu'à la mer</line></par>
</text>
</block>
<block><region><rect/></region>
<text>
<par>
<line>...A»</line></par>
</text>
</block>








</page>
<page width="1730" height="2361" resolution="200">
<block><region><rect/></region>
<text>
<par>
<line>Domaine Public Maritime</line></par>
<par>
<line>te. Domaine Public Maritime sur une profondeur de 1500 m entre l'extrtTînité</line>
<line>Nord du chemin vicinal ordinaire n" 2 dit Chemin de LEULENE à SANGATTE</line>
<line>(tableau d’assemblage) et la limite entre les sections Aû et AU à AMBLETECSE*</line></par>
</text>
</block>
<block><region><rect/></region>
<text>
<par>
<line>ARTICLE 2 1 Est abrogé l'arrêté, en date du ié octobre 1963 portant classement</line>
<line>de l'Anse du Gris Nez, sur le territoire de la commune d’AUDlNGHEM.</line></par>
</text>
</block>
<block><region><rect/></region>
<text>
<par>
<line>ARTICLE 3 ; Le présent décret sera notifié auCommissaire de la</line>
<line>République du Pas de Calais et aux Maires des communes concernées*</line></par>
</text>
</block>
<block><region><rect/></region>
<text>
<par>
<line>ARTICLE 4 ! Le présent décret, la carte au l/50000e et les pians cadastraux</line>
<line>pourront être consultés à. ta préfecture du Pas de Calais et dans les mairies de</line>
<line>SANGATTE, ESCALLES,* WI5SANT, TARDINGHEM, AUDINGHEM, AUDRES-</line>
<line>SELLES et AMÔLETEUSE*</line></par>
</text>
</block>
<block><region><rect/></region>
<text>
<par>
<line>ARTICLE 5 ! Le Ministre de l'Equipement, du Logement, de l'Aménagement du</line>
<line>Territoire et des Transports et le Ministre délégué auprès du Ministre de</line>
<line>l'Equipement, du Logement, de l'Aménagement du Territoire et des Transports, '</line>
<line>^ Chargé de l'Environnement sont chargés de l'exécution du présent décret qui</line>
<line>sera publié au Journal Officiel de ta République Française*</line></par>
</text>
</block>
<block><region><rect/></region>
<text>
<par>
<line>Fait à Paris, le 23 OfC, tgg;</line></par>
</text>
</block>
<block><region><rect/></region>
<text>
<par>
<line>Jacquas CHIRAC</line></par>
</text>
</block>
<block><region><rect/></region>
<text>
<par>
<line>Par le Premier Ministre</line></par>
</text>
</block>
<block><region><rect/></region>
<text>
<par>
<line>Le Ministre délégué auprès Le Ministre de l'Equipement,</line></par>
<par>
<line>du Ministre de l'Equipement, du Logement, de l'Aménagement</line></par>
<par>
<line>du Logement, de l'Aménagement du Territoire et des Transports</line></par>
<par>
<line>du Territoire et des Transpors,</line></par>
<par>
<line>Chargé de l'Environnement</line></par>
</text>
</block>
<block><region><rect/></region>
<text>
<par>
<line>Alain CARIGNON</line></par>
</text>
</block>
<block><region><rect/></region>
<text>
<par>
<line>Pierre MEHAIGNERIE</line></par>
</text>
</block>






</page>
</AC2>