<?xml version="1.0" encoding="UTF-8"?><AC2>
<page width="1661" height="2344" resolution="200">
<block><region><rect/></region>
<text>
<par>
<line>JBP./ÀR</line></par>
</text>
</block>
<block><region><rect/></region>
<text>
<par>
<line>REPUBLIQUE FRANÇAISE</line></par>
</text>
</block>
<block><region><rect/></region>
<text>
<par>
<line>ARRETE</line></par>
</text>
</block>
<block><region><rect/></region>
<text>
<par>
<line>MINISTERE</line></par>
<par>
<line>DES</line></par>
<par>
<line>AFFAIRES CULTURELLES ■ ■ ' ... .V„..</line></par>
<par>
<line>^aNISTSEE . ■ .■ ’</line></par>
<par>
<line>DE LA</line></par>
<par>
<line>PROTECTION DE LA NATURE ' . . ' • :</line></par>
<par>
<line>ET DE L*ENVIRONNEMENT Ministre des Affaires Culturelles</line></par>
<par>
<line>—Le Ministre de là Protection de la</line></par>
<par>
<line>Nature et de l*Environneraent</line></par>
</text>
</block>
<block><region><rect/></region>
<text>
<par>
<line>VU la loi du 2 mai 1930 réorganisant la protection des monuments</line>
<line>naturels et des sites de caractère artistique, historique,</line>
<line>•scientifique, légendaire ou pittoresque, m6difie%‘’’par la loi</line>
<line>n° 67*11?^ du 28 décembre 196? ; *</line></par>
</text>
</block>
<block><region><rect/><rect/></region>
<text>
<par>
<line>VU-'ïe ’décret'n® 69*-607 du 13 juiii ■I989-portant appliôation des</line></par>
<par>
<line>articles 4 et 5*1 de la loiidu 2 mai 1930 sur la Protection des</line>
<line>sites ;•</line></par>
<par>
<line>VU le décreF''Bli:'-34-~.3uillet 1959-portant orgâhîsati-on du Ministère</line>
<line>des Affaires Culturelles ;</line></par>
<par>
<line>VU le décret n° .An. .2^ mars 1Q73 pnrtrint.-rpnrga.ti.T-&lt;=?fltT nn</line></par>
<par>
<line>services du Ministère délégué chargé de la Protection de la</line>
<line>Natiire et de 1 •Environnement ;</line></par>
<par>
<line>VU la loi du 12 avril 19^3 portant réglementation de la publicité</line>
<line>et des enseignes et notamment les articles 3 et 9 ;</line></par>
<par>
<line>VU le décret du 9 février I968 portant application du décret du</line>
<line>7 février 1959 modifié, relatif au camping, et notamment les</line>
<line>articles 2 et 6 |</line></par>
<par>
<line>VU le décret n°-72.37 du 11 janvier 1972 relatif aù-stationnement</line></par>
<par>
<line>• des caravanes et notamment les articles 3j7j9et10}</line></par>
<par>
<line>VU le décret n® 70-288 du 3-1 mars 1970 relatif à la composition</line>
<line>et au fonctionnement des Commissions départementales et supé¬</line>
<line>rieures des sites ;</line></par>
<par>
<line>VB'los arrêtés du ,5 novembre 1945 inscrivant sü'r l^inventaire des</line>
<line>sites du département des Côtes du Nord les ensembles suivants ; •</line></par>
<par>
<line>1®) Commune de LAn6rOLAY la pointe du châtelet et ses abords</line></par>
<par>
<line>: les rochers de la Bruyère</line></par>
</text>
</block>
<block><region><rect/></region>
<text>
<par>
<line>• 9 •</line></par>
</text>
</block>
<block><region><rect/></region>
<text>
<par>
<line>/.•.</line></par>
</text>
</block>
<block><region><rect/></region>
<text>
<par>
<line>2°) Commune de LANVALLAY</line></par>
</text>
</block>





</page>
<page width="1653" height="2338" resolution="200">
<block><region><rect/></region>
<text>
<par>
<line>- 2 -</line></par>
</text>
</block>
<block><region><rect/></region>
<text>
<par>
<line>3)Commune..: La pointe du chêne vert</line></par>
<par>
<line>La pointe du Rigourdaine</line></par>
<par>
<line>ifo) Commune de SAIKT-SAMSQM-SUR-RANGE s Le rocher Lucas</line></par>
<par>
<line>5*) Commune de LA-VICQMTE-SÜR-RAWCE ! Les rochers de Founoy</line></par>
<par>
<line>VU l'avis émis le 15 mai 1970 par le Conseil. Municipal, de .'DINAN .5..</line></par>
<par>
<line>.. VU'l'avis émisile 22 février 1970 par le Conseil Municipal^de</line>
<line>LAKGROLAY. ; '</line></par>
<par>
<line>VU l'avis émis lè 20 avril 1970 par le Conseil Municipal de</line>
<line>■ LANVALLAY \ ; : v ... -i/ ■</line></par>
<par>
<line>rVU: l'avisé mi, s le lermar? ï.970-par. le. Conseil: Municipal de</line>
<line>FLOUER SUR RANCE ; - ’■ ■"</line></par>
<par>
<line>VU 1;*avis émis,.-le-19. juillet 1970 par le Conséil Municipal-de</line></par>
<par>
<line>. SAINT S.AmON.. SUR EANCeV; ■</line></par>
<par>
<line>Ü</line></par>
<par>
<line>VU l'avis émis le 29 juin 1970 par le Conseil Municipal de</line>
<line>.LA VICOMm- S.U2,:RANCE, ;</line></par>
<par>
<line>VU l'avis émis le 27 février 197Ô par le Conseil Municipal de</line></par>
<par>
<line>TAÇEN : - : : . ^ :</line></par>
<par>
<line>VU l'avis émis le 28 février. 1970 par le. Ccnseil Municipal de</line>
<line>PLEUDIHEN ; ' ' ■</line></par>
<par>
<line>Vu l'avis émis le. 15 ^aai 1.9-70 par. le Conseil M-^nicip.al de</line>
<line>LEHON ; ■</line></par>
<par>
<line>VU .lVavis émis le.5 mars 1970 par-le .Conseil .Municipal de</line>
<line>SAINT HELEN ; ' " ' ' _ .</line></par>
<par>
<line>VU 1!avis-émis le-lO mai.197.2 par la• Cpmraissip.n .dé.partementale</line>
<line>; .i! des sites^. perspectives' et paysages, des Ç.Ôtes-du-Nord 5</line></par>
</text>
</block>
<block><region><rect/></region>
<text>
<par>
<line>• • •••' A-R R'E T E N T : • • ; '</line></par>
<par>
<line>Article 1er - Est inscrit sur l'inventaire des sites pittoresq.ues</line>
<line>' du;'''dépàrtemén^ • des COT-ÉS-DU-NORi) l' ensemble formé suî"^ lés communes</line>
<line>■-■de'^ÏMNANV'LANGROLAt, LANVALLÂY,- LESON, PLEUDIHEN,''2t/ÔUER-SUE-EANCE,</line>
<line>SAINT-SAMSON-SUR-RANCE, SAINT-HELEN, LA-VICOMTE-SÜR-RANCE, TADEN par</line>
<line>' le litldrâl-de'l'esiùaire'-de* la-Rance'. et .déXimitéi'icomme suit dans</line>
<line>le sens inverse des aiguilles d'une montre :</line></par>
</text>
</block>
<block><region><rect/></region>
<text>
<par>
<line>• O •/ « « #</line></par>
</text>
</block>





</page>
<page width="1653" height="2338" resolution="200">
<block><region><rect/></region>
<text>
<par>
<line>3</line></par>
</text>
</block>
<block><region><rect/></region>
<text>
<par>
<line>1)COMMUNE DE LANGROLAY</line></par>
</text>
</block>
<block><region><rect/></region>
<text>
<par>
<line>- la limite départementale entre l*Ille et Vilaine et les Côtes du</line>
<line>Nord</line></par>
<par>
<line>« le C.D, 12 .:• .. ^</line></par>
<par>
<line>2) COMMUNE DE FLQUEJÎ SUR NANCE ^</line></par>
<par>
<line>- le CoD. 12 , ' ‘</line></par>
<par>
<line>3) COMMUNE DE SAINT SAMSOH SUE RANGE</line></par>
<par>
<line>W le C.D.’ 12 . ^</line></par>
<par>
<line>4) C.OMMÜNE DE TADEN ‘</line></par>
<par>
<line>J</line></par>
<par>
<line>- la limite communale entre Taden et Saint Samson sur Rance</line></par>
<par>
<line>- la R.N, 166</line></par>
<par>
<line>3) VILLE De/dINAN</line></par>
<par>
<line>- la 15 Elite communale entre Dinan et Taden</line></par>
<par>
<line>- la limite communale entre Dinan et Quévert</line></par>
</text>
</block>
<block><region><rect/></region>
<text>
<par>
<line>6) COMMUNE DE LEHOH</line></par>
<par>
<line>la limite Communale entre Léhon et Quévert</line></par>
<par>
<line>- la limite communale entre Léhon et Trélivan</line></par>
<par>
<line>la limite communale entre Léhon et Saint-Caç^év*^^</line></par>
<par>
<line>7) COMMUNE DE LANVALLAY</line></par>
<par>
<line>- la limite communale entre Lanvallay et Tressaint</line></par>
<par>
<line>- le C«D, 2</line>
<line>la E.N, 176</line></par>
<par>
<line>S)COMMUNE DE SAINT HELEN</line></par>
<par>
<line>- la ÎR.N, 176</line></par>
<par>
<line>- le C»Dc 29</line></par>
</text>
</block>
<block><region><rect/></region>
<text>
<par>
<line>/ ® • *</line></par>
</text>
</block>











</page>
<page width="1678" height="2355" resolution="200">
<block><region><rect/></region>
<text>
<par>
<line>9) COMMUNE DE LA VICONTE SÏÏR RANGE ■ - ■ - - . ' ■— .</line></par>
<par>
<line>. ' • . .</line></par>
<par>
<line>- le c.D, '29' ;; ; ^</line></par>
<par>
<line>10) COMMUNE DE PLEUDIHEN</line></par>
<par>
<line>- le C.D. 29</line></par>
<par>
<line>Et la limite départementale entre l’Ille et Vilaine et les Côtes</line>
<line>du Nord, (Point de départ). ■ "</line></par>
<par>
<line>Article 2 — Le présent -arrôt-é‘sera notifié ' au Préfet du département</line>
<line>des Côtes du Nord et auy maires des communes de : DINAN, LANGEOLAI,</line>
<line>LANVALLAÏ, LEHON, PLEUDIHEN, PLCÜEE SUR RANCE,'SAINT SAMSON SUR</line>
<line>RANCE, SAINT HELEN, LA .VICOMTE SUR-RANCE, TADEN, .qui spro^t respon¬</line>
<line>sables, chacun en ce qui le concerne de son exécu-tioA»-</line></par>
</text>
</block>
<block><region><rect/></region>
<text>
<par>
<line>Fait à PARIS ,^ le^ 21 janvier 1974</line></par>
</text>
</block>
<block><region><rect/></region>
<text>
<par>
<line>Le Ministre de la Protection de la</line>
<line>Nature et de l'*Environnement . r.</line></par>
</text>
</block>
<block><region><rect/></region>
<text>
<par>
<line>Le.Ministre dea Affaires</line>
<line>Culturelles</line></par>
</text>
</block>
<block><region><rect/></region>
<text>
<par>
<line>Signé : Robert POD^^03É- '</line></par>
</text>
</block>
<block><region><rect/></region>
<text>
<par>
<line>Signé : Maurice DRUCN</line></par>
</text>
</block>
<block><region><rect/></region>
<text>
<par>
<line>Pour ampliation i</line></par>
</text>
</block>
<block><region><rect/></region>
<text>
<par>
<line>l’Administrateur Civil</line>
<line>chargé 4ês Oitesv</line></par>
</text>
</block>
<block><region><rect/></region>
<text>
<par>
<line>Signé t '‘encY BOUa/li</line></par>
</text>
</block>




</page>
</AC2>