<?xml version="1.0" encoding="UTF-8"?><AC2>
<page width="1682" height="2357" resolution="200">
<block><region><rect/><rect/><rect/></region>
<text>
<par>
<line>.DE L'Équipement, du logement,</line>
<line>/transports et de la mer</line></par>
</text>
</block>
<block><region><rect/><rect/></region>
<text>
<par>
<line>N° NOR EQU U 90 01592 D</line></par>
</text>
</block>
<block><region><rect/></region>
<text>
<par/>
</text>
</block>
<block><region><rect/></region>
<text>
<par/>
</text>
</block>
<block><region><rect/></region>
<text>
<par>
<line>DECRET 1 5 Jfiiil,</line></par>
<par>
<line>I</line></par>
<par>
<line>(U</line></par>
</text>
</block>
<block><region><rect/><rect/><rect/><rect/></region>
<text>
<par>
<line>portant clVssemei^l^^ftî les sites du département de LOIR-ET-CHER du site des</line>
<line>terrasses de Pontlevoy et de ses abords sur la commune de</line></par>
<par>
<line>PONTLEVOY.</line></par>
</text>
</block>
<block><region><rect/></region>
<text>
<par>
<line>LE PREMIER MINISTRE</line></par>
</text>
</block>
<block><region><rect/><rect/><rect/><rect/><rect/></region>
<text>
<par>
<line>Sur le ^p^ort du Ministre de l'Equipement, du Logement, des Transports et de</line>
<line>la Mer</line></par>
<par>
<line>/■</line></par>
</text>
</block>
<block><region><rect/></region>
<text>
<par>
<line>du 2 mai 1930, réorganisant la protection des monuments naturels et</line>
<line>des sites de caractère artistique, historique, scientifique, légendaire ou</line>
<line>pittoresque,modifiée notamment par la loi n® 67-1174 du 28 décembre 1967,</line>
<line>en particulier ses articles 5-1, 7 et 8, ensemble le décret n®69-607 du</line>
<line>13 juin 1969 pris pour son application ;</line></par>
</text>
</block>
<block><region><rect/></region>
<text>
<par>
<line>VU l’arrêté du Ministre de l'Education Nationale, en date du 6 avril 1934,</line>
<line>classant parmi les monuments historiques la Chapelle du Collège de</line>
<line>PONTLEVOY ;</line></par>
<par>
<line>VU l'arrêté du Ministre de l'Education Nationale, en date du 6 avril 1934,</line>
<line>inscrivant sur l'inventaire supplémentaire des Monuments Historiques,</line>
<line>certains bâtiments du Collège de PONTLEVOY ;</line></par>
</text>
</block>
<block><region><rect/></region>
<text>
<par>
<line>VU l'arrêté du Préfet de la région CENTRE, Préfet du département du LOIRET</line>
<line>en date du 11 octobre 1988 portant inscription sur</line>
<line>l'inventaire supplémentaire des monuments historiques de</line>
<line>certaines parties de l’abbaye de Pontlevoy ;</line></par>
<par>
<line>VU les résultats de l'enquête administrative prescrite par arrêté préfectoral</line>
<line>en date du 26 mai 1987 et notamment l'absence de consentement de</line>
<line>certains propriétaires ;</line></par>
<par>
<line>VU les avis émis par la Commission Départementale des Sites, Perspectives</line>
<line>et Paysages de LOIR-ET-CHER en date du 29 septembre 1987 ;</line></par>
<par>
<line>VU l'avis émis par la Commission Supérieure des Sites, Perspectives et</line>
<line>Paysages en date du 19 janvier 1989 ;</line></par>
<par>
<line>Le Conseil d'Etat (Section des Travaux Publics) entendu :</line></par>
</text>
</block>
<block><region><rect/></region>
<text>
<par>
<line>CONSIDERANT que la conservation du site, en raison de son caractère</line>
<line>pittoresque et historique présente un intérêt général au sens de l'article 4</line>
<line>de la loi du 2 mai 1930 ;</line></par>
</text>
</block>
<block><region><rect/></region>
<text>
<par/>
</text>
</block>
<block><region><rect/></region>
<text>
<par>
<line>J.O.NO 0 1 9 2 2 J AN, 13S1</line></par>
</text>
</block>




</page>
<page width="1720" height="2383" resolution="200">
<block><region><rect/></region>
<text>
<par>
<line>9</line></par>
</text>
</block>
<block><region><rect/></region>
<text>
<par/>
</text>
</block>
<block><region><rect/></region>
<text>
<par>
<line>/</line></par>
</text>
</block>
<block><region><rect/></region>
<text>
<par>
<line>-/ /</line></par>
</text>
</block>
<block><region><rect/></region>
<text>
<par>
<line>DECRETE</line></par>
<par>
<line>ARTICLE 1er : Est classé pariïii les sites du département du LOIR-ET-CHER, le</line>
<line>site des terrasses de l'abbaye de Pontlevoy et de ses abords délimité comme</line>
<line>suit, conformément à la carte au l/25000ème et au plan cadastral annexés au</line>
<line>présent décret et dans le sens inverse des aiguilles d'une montre.</line></par>
<par>
<line>Commune de PONTLEVOY</line></par>
<par>
<line>SECTION Al</line></par>
<par>
<line>Point de départ : point de rencontre entre la rue du passage du Salut et la</line>
<line>rue de la Grefferie</line></par>
<par>
<line>- limite Nord-Est de la rue de la Grefferie,</line></par>
<par>
<line>- limites Nord, Est et Sud de la parcelle n° 1105,</line></par>
<par>
<line>- limite Nord-Est de la rue de la Grefferie,</line></par>
<par>
<line>- limites Nord, Est et Sud de la parcelle n® 1119a,</line></par>
<par>
<line>- limite Nord-Est de la rue de la Grefferie</line></par>
<par>
<line>-- limites Nord, Est et Sud (en partie) de la parcelle n° 1066,</line></par>
<par>
<line>- limite Est de la parcelle 839,</line></par>
<par>
<line>- limite Nord de la rue du Coûtant,</line></par>
<par>
<line>- limite Est des parcelles n°s 841, 1065, 1120, 836 et 834,</line></par>
<par>
<line>- limite Nord (en partie) de la parcelle n^ 833,</line></par>
<par>
<line>- traversée d'un ruisseau non dénommé</line></par>
<par>
<line>- limite Ouest de la parcelle n° 809,</line></par>
<par>
<line>- limite Ouest de la parcelle n° 810 sur 25 m,</line></par>
<par>
<line>- ligne droite fictive partant du point précédemment défini jusqu'à</line>
<line>la rue du passage du Salut, à l'angle Sud-Ouest de la parcelle</line></par>
<par>
<line>797,</line></par>
<par>
<line>- limite Est de la rue du passage du Salut jusqu'à son point</line>
<line>d'intersection avec la rue de la Grefferie, point de départ,</line></par>
<par>
<line>ARTICLE 2 : Le présent décret sera notifié au Préfet du département de</line>
<line>LOIR-ET-CHER et au Maire de la Commune de PONTLEVOY.</line></par>
<par>
<line>ARTICLE 3 : Le présent décret, la carte au l/25000ème annexée et les plans</line>
<line>cadastraux pourront être consultés à la Préfecture de LOIR-ET-CHER et à la</line>
<line>mairie concernée.</line></par>
</text>
</block>
<block><region><rect/></region>
<text>
<par/>
</text>
</block>







</page>
<page width="1769" height="2417" resolution="200">
<block><region><rect/></region>
<text>
<par>
<line>ARTICLE 4 : Le Ministre de l'Equipement, du Logement, des Transports et de la</line>
<line>Mer, est chargé de l'exécution du présent décret qui sera publié au Journal</line>
<line>Officiel de la République Française.</line></par>
</text>
</block>
<block><region><rect/></region>
<text>
<par>
<line>Le Ministre de</line>
<line>du Logement, de</line>
<line>et de la Mer</line></par>
</text>
</block>
<block><region><rect/></region>
<text>
<par>
<line>Louis BESSON</line></par>
</text>
</block>
<block><region><rect/></region>
<text>
<par>
<line>Fait à PARIS, leHÇjfitl</line></par>
<par>
<line>Michel ROCAKD</line>
<line>PAR LE PREMIER MINISTRE,</line></par>
</text>
</block>
<block><region><rect/><rect/></region>
<text>
<par>
<line>1'Equipement,</line>
<line>s Transports</line></par>
</text>
</block>
<block><region><rect/></region>
<text>
<par>
<line>Louis BESSON</line></par>
</text>
</block>




</page>
</AC2>