<?xml version="1.0" encoding="UTF-8"?><AC2>
<page width="793" height="1123" resolution="96">
<block><region><rect/></region>
<text>
<par>
<line>t'V/JI</line></par>
</text>
</block>
<block><region><rect/></region>
<text>
<par>
<line>roiui, ir'MTir</line></par>
<par>
<line>A umiwms NU’Kr.N.VLt</line>
<line>tr À U JlXMiSSK.</line></par>
</text>
</block>
<block><region><rect/></region>
<text>
<par/>
</text>
</block>
<block><region><rect/></region>
<text>
<par>
<line>Shnf\i;r\niAT cicstRAL</line>
<line>Di'.s b£a'X-ms,</line></par>
</text>
</block>
<block><region><rect/></region>
<text>
<par/>
</text>
</block>
<block><region><rect/></region>
<text>
<par>
<line>liTVr FIWNÇAIS</line></par>
</text>
</block>
<block><region><rect/></region>
<text>
<par>
<line>ARRlilTÉ.</line></par>
</text>
</block>
<block><region><rect/></region>
<text>
<par>
<line>Kl IIKM*</line></par>
<par>
<line>!)»• goN\l«(.NTS )lVT'&gt;n\&lt;il.tS.</line></par>
</text>
</block>
<block><region><rect/></region>
<text>
<par>
<line>CiUvo lo^itL il^ 5iiL«&amp;.</line></par>
</text>
</block>
<block><region><rect/></region>
<text>
<par>
<line>Le ^l'.ciiirrAnuc D’II'i'AT À L’I-jxucATia:^ xationalü: ti' À i-v Jiiu^LoMi.</line></par>
<par>
<line>Vu la lui du ’j mai iç)3ü rdorganisant U prolecJiou dos monuments</line>
<line>nrtlurcts el des sù-es de cnradère artistique, laUlorlque, scienùfiquc, légendaire</line>
<line>ou pittoresques</line></par>
<par>
<line>Vu l'avis émis pru- la Comrni.ssion dcpartctiicnialû des mon urne nls naturels</line>
<line>et flos sites rlatb sa ‘éance du 8 fie 1 1941</line></par>
</text>
</block>
<block><region><rect/></region>
<text>
<par>
<line>Vu l'adliésion e:» date du Jlodt 1941</line></par>
</text>
</block>
<block><region><rect/></region>
<text>
<par>
<line>tionnéc par</line></par>
</text>
</block>
<block><region><rect/></region>
<text>
<par>
<line>le Coûsell Municipal «vde la concuao d« Gr^vllly</line></par>
</text>
</block>






</page>
<page width="793" height="1123" resolution="96">
<block><region><rect/></region>
<text>
<par>
<line>UllUVi U :</line></par>
</text>
</block>
<block><region><rect/></region>
<text>
<par>
<line>Aimci.K pnnMip.iî.</line></par>
<par>
<line>L'«riBara^l© conotitad kOvérilly (f5«oÿ« I^lr#) ppr l'église»</line>
<line>le olraatl^re evec ses plentatloiie de aupine ©t le rour de clô¬</line>
<line>ture en pierre sècHe.</line></par>
</text>
</block>
<block><region><rect/></region>
<text>
<par>
<line>estclcsso piUini Ifs Sites et mmiunicnis ujtitrcls de caracléi'e</line></par>
<par>
<line>arlislicjuc, IjiaLortijuc. seienun^jüo, to^oudoire eu piUi;roSi.juc.</line></par>
<par>
<line>AllT. 2. ^</line></par>
<par>
<line>I.e pjvsi'nl ai'i'tMé sera :iu l‘i'orot du cicpnrienicoi de Saône et Loire</line>
<line>et eu üBlra de le connuna de crévllly</line></par>
<par>
<line>&lt;^uî seror.t rpspons.ihîf^Ss chacun pn rp ipu In couconîc, de son Ciôculiou.</line></par>
</text>
</block>
<block><region><rect/></region>
<text>
<par>
<line>Ji sera transcrit au Bureau dys hypollicqucs Je la situalioa du eite des dé</line></par>
</text>
</block>
<block><region><rect/></region>
<text>
<par>
<line>p.iis, b 2'h /\-5V t.</line></par>
</text>
</block>
<block><region><rect/></region>
<text>
<par>
<line>^ /i/ ,</line></par>
</text>
</block>
<block><region><rect/></region>
<text>
<par/>
</text>
</block>
</page>
<page width="793" height="1123" resolution="96">
<block><region><rect/></region>
<text>
<par>
<line>GREViLLY</line></par>
<par>
<line>SITE CLASSE</line></par>
</text>
</block>
<block><region><rect/></region>
<text>
<par>
<line>Eglise ,cim&amp;tiere^ plantation de sapins et le</line>
<line>rriur de clôture en pierre sèche</line></par>
<par>
<line>24 mars ^580</line></par>
</text>
</block>
<block><region><rect/></region>
<text>
<par>
<line>ECHELLE 1/1022</line></par>
</text>
</block>
<block><region><rect/></region>
<text>
<par>
<line>LE 13-TOJO.</line></par>
</text>
</block>
<block><region><rect/></region>
<text>
<par>
<line>^33</line></par>
</text>
</block>
<block><region><rect/></region>
<text>
<par>
<line>t</line></par>
</text>
</block>
<block><region><rect/></region>
<text>
<par>
<line>t</line></par>
</text>
</block>
<block><region><rect/></region>
<text>
<par>
<line>t</line></par>
</text>
</block>
<block><region><rect/></region>
<text>
<par>
<line>-</line></par>
</text>
</block>
<block><region><rect/></region>
<text>
<par>
<line>3A</line></par>
</text>
</block>
<block><region><rect/></region>
<text>
<par>
<line>t</line></par>
</text>
</block>
<block><region><rect/></region>
<text>
<par/>
</text>
</block>
<block><region><rect/></region>
<text>
<par>
<line>t</line></par>
</text>
</block>
<block><region><rect/></region>
<text>
<par>
<line>55</line></par>
</text>
</block>
<block><region><rect/></region>
<text>
<par>
<line>1-</line></par>
</text>
</block>
<block><region><rect/></region>
<text>
<par>
<line>t</line></par>
</text>
</block>
<block><region><rect/></region>
<text>
<par>
<line>i-</line></par>
</text>
</block>
<block><region><rect/></region>
<text>
<par>
<line>H</line></par>
</text>
</block>











</page>
</AC2>