<?xml version="1.0" encoding="UTF-8"?><AC2>
<page width="1705" height="2373" resolution="200">
<block><region><rect/></region>
<text>
<par>
<line>^NOMINATION DU SITE : COUR-SUR-LOIRE / Quais de la Loire</line>
<line>(site inscrit - 22 février 1945)</line></par>
<par>
<line>SITUATION :</line></par>
<par>
<line>Commune : COUR-SUR-LOIRE</line>
<line>Superficie évaluée à : 67 ha</line>
<line>Propriété : Etat</line></par>
<par>
<line>Monument Historique à l'intérieur du site : Eglise {Cl.MH : 10/07/1846).</line></par>
<par>
<line>CARACTERISATION DU SITE :</line></par>
<par>
<line>Le village est situé sur la R.N. 152 entre Blois et Orléans (6 km de Blois) au nord de la Loire.</line></par>
<par>
<line>Caractère et intérêt paysager :</line></par>
<par>
<line>Le site est long d’environ 800m, ses abords sont aménagés et une voie longe les quais. Un talus herbeux plonge</line>
<line>dans le fleuve sur toute la partie du site. Une petite route descend vers les quais de la Loire.</line></par>
<par>
<line>En aval, on constate l’existence d’un quai empierré sur lequel coule une source Sainte Radegonde. En amont, à</line>
<line>l’extrémité du site, quelques arbres forment une place agréable et propice à la détente. A cet endroit, on</line>
<line>aperçoit une île (île basse) qui sépare la Loire de la Tronne. La présence d’un lavoir en contrebas des berges est</line>
<line>intéressant à voir.</line></par>
<par>
<line>On peut remonter et contourner le site par la route, on découvre ainsi les imposantes maisons bourgeoises, et</line>
<line>surtout le château. Son parc est planté de sapins, d’arbres fruitiers, d’érables sycomores et d’une pelouse.</line></par>
<par>
<line>Le centre du village se distingue par son église romane (clocher du Xllème et le reste du XVlème siècle),</line>
<line>transformée au cours des temps en style gothique. Tout en se promenant, on se rend compte que la plupart des</line>
<line>maisons sont fermées et sont séparées par des grands murs de pierre.</line></par>
<par>
<line>Occupation physique du sol : La Loire et les quais.</line></par>
<par>
<line>MODIFICATIONS-CONTRAINTES ET PRESSIONS :</line></par>
<par>
<line>Environnement du site : Environnement essentiellement rural, la R.N. 152 au nord, la Loire au sud, la ville de</line>
<line>Blois à 6 km à l’ouest du site.</line></par>
<par>
<line>Sensibilité : Site très bien entretenu.</line></par>
</text>
</block>
<block><region><rect/></region>
<text>
<par>
<line>PHOTOGRAPHIE :</line></par>
</text>
</block>
<block><region><rect/></region>
<text>
<par/>
</text>
</block>
<block><region><rect/></region>
<text>
<par/>
</text>
</block>
<block><region><rect/></region>
<text>
<par/>
</text>
</block>
<block><region><rect/></region>
<text>
<par/>
</text>
</block>
<block><region><rect/></region>
<text>
<par/>
</text>
</block>
<block><region><rect/></region>
<text>
<par>
<line>Date de rédaction : Novembre 1997</line></par>
</text>
</block>





</page>
</AC2>