<?xml version="1.0" encoding="UTF-8"?><AC2>
<page width="802" height="1130" resolution="96">
<block><region><rect/></region>
<text>
<par>
<line>r\kihr</line></par>
<par>
<line>\ L'Éiil&lt;:\TiO\ NATI0\\1£</line>
<line>i&lt;T \ IK JKliNKSSK.</line></par>
</text>
</block>
<block><region><rect/></region>
<text>
<par>
<line>UMNiin.vL</line>
<line>UES ii:':.MJ\*AUTs.</line></par>
</text>
</block>
<block><region><rect/></region>
<text>
<par>
<line>IHKRirTKt't</line></par>
<par>
<line>Ab» 9EDVtC£^ lr&amp;IH4IC|CTulk.</line></par>
</text>
</block>
<block><region><rect/></region>
<text>
<par>
<line>KfAÏ FRANÇAIS</line></par>
</text>
</block>
<block><region><rect/></region>
<text>
<par>
<line>AUHETi:.</line></par>
</text>
</block>
<block><region><rect/></region>
<text>
<par>
<line>SlKlAt/</line></par>
<par>
<line>IXif ttC'fll.'JSSTK flr«T\&gt;flll^k6.</line></par>
</text>
</block>
<block><region><rect/></region>
<text>
<par>
<line>U^NciueDl ik SUvi.</line></par>
</text>
</block>
<block><region><rect/></region>
<text>
<par>
<line>Le S'iCJU.rAirU^ uiVi'AX À LËDtiCAiW.N «iTUWAMÎ EX À LA JeI VKSsK.</line></par>
<par>
<line>I</line></par>
<par>
<line>Vu la \o\ (]ii a mai i^Su rèorganUant ia prolccUon des mouun&gt;ei&gt;U</line>
<line>natorcU et des silcs do cardclL'roarit£Ü(|uo, historique. sdculihquc.JégesKlairc</line>
<line>ou piltorest{UG;</line></par>
</text>
</block>
<block><region><rect/></region>
<text>
<par>
<line>Vu ] avis émis par la Commission dopnrlotnciuais des monuinenls naiurols</line>
<line>el cîca sites dans sa séance du où Juillet Î94I</line></par>
</text>
</block>
<block><region><rect/></region>
<text>
<par>
<line>Vu l'adhésion en dite du</line></par>
</text>
</block>
<block><region><rect/></region>
<text>
<par>
<line>19 Juillut 1941</line></par>
</text>
</block>
<block><region><rect/></region>
<text>
<par>
<line>xlonnôc jj«i/</line></par>
</text>
</block>
<block><region><rect/></region>
<text>
<par>
<line>It cor.8«il LuDlclprl^ de Lfuro^t</line></par>
</text>
</block>






</page>
<page width="2499" height="3522" resolution="300">
<block><region><rect/></region>
<text>
<par>
<line>A [MIL ri': :</line></par>
</text>
</block>
<block><region><rect/></region>
<text>
<par>
<line>AjmCLii</line></par>
</text>
</block>
<block><region><rect/></region>
<text>
<par>
<line>'lie. Tsrrfüio* tls In l*K?*ÿ*,</line></par>
<par>
<line>tr«l« 1^7 du 1p aijction I.: d:; t,flrrt:'î</line>
<line>■ t loi ru) fit ftin;5i diîiiltd» ; t;</line></par>
</text>
</block>
<block><region><rect/></region>
<text>
<par>
<line>Gi+Ai.'ifl isur tirrG*].!^ afidr^a-</line>
<line>n coîTii'iimp 1 d« Lflcrcst ( .-jsôn*</line></par>
</text>
</block>
<block><region><rect/></region>
<text>
<par>
<line>:;ord: prr le :&gt;roprj:dtd «t Is poYillcn.</line>
<line>Gcnsiorta RcToart 'î® ,84 Æ 8,'5,</line>
<line>h I ‘ AGt t lif.T las p^irtîrtll’îïS i;53* 1^34, I^jo*</line>
<line>ru Swd cnrrl^jr*</line></par>
<par>
<line>à'l’üTnnüt ; psr laiï pio*' da tarrr.tïEa</line></par>
</text>
</block>
<block><region><rect/></region>
<text>
<par>
<line>LjiBOUZT</line></par>
<par>
<line>.Îd6 #t</line></par>
</text>
</block>
<block><region><rect/></region>
<text>
<par>
<line>rtppfirtûnrnt buî:</line>
<line>le dharaln da Ir¬</line></par>
</text>
</block>
<block><region><rect/></region>
<text>
<par>
<line>as* rbî,s«i« parmi los .hiIcs ot raoiminünis naLurcis tio caratu'uv</line></par>
<par>
<line>arlHÿlu]Uü, iustoi iLiUG, scionk[fji[üü^ Jô”(iTidaiï'ü ou ptitLf.jrtâcjue.</line></par>
<par>
<line>A 11 J'. 3.</line></par>
<par>
<line>Le prisant amUé iciv nolHiri au IViiffiE fin uéparlcincnt li e Ssone-et Jjoi r* et eu ir*</line>
<line>de Ificroiit</line></par>
<par>
<line>&lt;jui acroiit rospoiisablc's, chacun eu ce qui le cajieenie. tic sou üitéculioii.</line></par>
<par>
<line>Aur, 3.</line></par>
<par>
<line>Il sera Lraiiücrîl au Bureau des hypotlièques do la siLuaiion tjLi ita uifcbteé</line></par>
</text>
</block>
<block><region><rect/></region>
<text>
<par>
<line>Pai'îs, le ' ■ ■' J ' ■'!</line></par>
</text>
</block>
<block><region><rect/><rect/><rect/></region>
<text>
<par>
<line>f /V</line></par>
</text>
</block>




</page>
<page width="2554" height="3561" resolution="300">
<block><region><rect/><rect/></region>
<text>
<par/>
</text>
</block>
<block><region><rect/></region>
<text>
<par/>
</text>
</block>
<block><region><rect/><rect/></region>
<text>
<par>
<line>Iji^'S:--^ "ÿx ^ çiÿii.t^r'^a^^SQia^'.iAg .^.</line></par>
</text>
</block>
<block><region><rect/><rect/><rect/><rect/><rect/></region>
<text>
<par>
<line>«ô V •.*.'</line></par>
<par>
<line>-1--LiiJj-.!*!- . -. --</line></par>
<par>
<line>SITES CLASSES DE LACROST</line>
<line>Echelle : 1 : 25 000</line></par>
<par>
<line>1 Terrasse de la Teppe de Marailly</line></par>
<par>
<line>2 Terrasse de la Teppe de THaye</line></par>
<par>
<line>Rj-aT'</line></par>
</text>
</block>
<block><region><rect/></region>
<text>
<par/>
</text>
</block>
<block><region><rect/><rect/><rect/></region>
<text>
<par/>
</text>
</block>
<block><region><rect/></region>
<text>
<par/>
</text>
</block>
<block><region><rect/></region>
<text>
<par>
<line>lur’i^rp'm ™</line></par>
</text>
</block>
<block><region><rect/></region>
<text>
<par>
<line>^4 Y</line></par>
</text>
</block>
<block><region><rect/><rect/><rect/><rect/></region>
<text>
<par>
<line>Hfi</line></par>
<par>
<line>Ji&gt;ï ■</line></par>
</text>
</block>
<block><region><rect/><rect/><rect/></region>
<text>
<par>
<line>?W''</line></par>
</text>
</block>
<block><region><rect/><rect/><rect/></region>
<text>
<par/>
</text>
</block>
<block><region><rect/><rect/><rect/></region>
<text>
<par>
<line>jOl^: A '■ * . ■ ' I'■! ■ .V- ^ 'v--'J^ ■■■ •■* .'■ -• taÿ,</line></par>
<par>
<line>■ ° ■ &amp;&gt;" * ',' ^ .i' - i- ■ ■■•^ ■' '</line></par>
</text>
</block>
<block><region><rect/></region>
<text>
<par>
<line>mî-i</line></par>
</text>
</block>
<block><region><rect/><rect/></region>
<text>
<par>
<line>v/-^:. J -sff E’“</line></par>
</text>
</block>
<block><region><rect/><rect/><rect/></region>
<text>
<par/>
</text>
</block>
<block><region><rect/><rect/><rect/></region>
<text>
<par>
<line>wii'-Jïiâ (1 a.l9ine ■</line></par>
<par>
<line>^ *1="'*</line></par>
<par>
<line>-t-H L-J —r ■-■■!■*</line></par>
</text>
</block>
<block><region><rect/></region>
<text>
<par/>
</text>
</block>
<block><region><rect/><rect/><rect/><rect/><rect/></region>
<text>
<par>
<line>.••. &gt; *. 1 . i?</line></par>
<par>
<line>^ auHi'ï'k N-le- '■,vj</line></par>
<par>
<line>-1</line></par>
</text>
</block>
<block><region><rect/><rect/><rect/></region>
<text>
<par/>
</text>
</block>
<block><region><rect/></region>
<text>
<par>
<line>I '1 • i</line></par>
<par>
<line>•_ ■• is ■</line></par>
<par>
<line>B U y 0 h Y</line></par>
</text>
</block>
<block><region><rect/></region>
<text>
<par>
<line>..■spT</line></par>
</text>
</block>
<block><region><rect/></region>
<text>
<par/>
</text>
</block>
<block><region><rect/></region>
<text>
<par>
<line>'104</line></par>
</text>
</block>
<block><region><rect/><rect/></region>
<text>
<par>
<line>•j Jea ^</line></par>
<par>
<line>.J I ‘</line></par>
</text>
</block>
<block><region><rect/><rect/><rect/></region>
<text>
<par>
<line>Ai'*'-.;</line></par>
</text>
</block>
<block><region><rect/></region>
<text>
<par>
<line>*!S&gt;i'</line></par>
</text>
</block>
<block><region><rect/></region>
<text>
<par>
<line>■fîsir</line></par>
</text>
</block>
<block><region><rect/></region>
<text>
<par/>
</text>
</block>
<block><region><rect/></region>
<text>
<par>
<line>■ d-îi i i&lt;i.V - . -</line></par>
</text>
</block>
<block><region><rect/><rect/></region>
<text>
<par>
<line>C r''':</line></par>
<par>
<line>"'•105</line></par>
</text>
</block>
<block><region><rect/><rect/></region>
<text>
<par>
<line>i. tJ.L'l I-</line></par>
<par>
<line>n'-r' i'-r'^</line></par>
</text>
</block>
<block><region><rect/></region>
<text>
<par>
<line>-I-'-!</line></par>
</text>
</block>
<block><region><rect/></region>
<text>
<par>
<line>V : .*</line></par>
</text>
</block>
<block><region><rect/><rect/><rect/><rect/></region>
<text>
<par>
<line>' Li-ar : 1?^ ■ ' Sir.'’-*</line></par>
<par>
<line>.. ■ : ^Lrr-'^ k.</line></par>
<par>
<line>I ■ .&lt;L;iiîÈ^i.' • •: ^.'‘ ' T À'.'</line></par>
</text>
</block>
<block><region><rect/></region>
<text>
<par/>
</text>
</block>
<block><region><rect/><rect/><rect/><rect/><rect/><rect/><rect/></region>
<text>
<par>
<line>l ^ ’J^ " ■"</line></par>
<par>
<line>: V-.f:'.:A,;-.r-^^ ' . -,. ^i"r^ . .</line></par>
<par>
<line>■ /î*^. ;C"^'''-’-.'■</line></par>
</text>
</block>
<block><region><rect/></region>
<text>
<par>
<line>y h ;•</line></par>
</text>
</block>
<block><region><rect/><rect/><rect/><rect/><rect/><rect/><rect/><rect/></region>
<text>
<par>
<line>l-.T ■^L...A</line></par>
<par>
<line>■■ “</line></par>
<par>
<line>lifeV h VdV’X-V'.X</line></par>
</text>
</block>
<block><region><rect/></region>
<text>
<par>
<line>A</line></par>
</text>
</block>
<block><region><rect/></region>
<text>
<par>
<line>X:^</line></par>
</text>
</block>
<block><region><rect/></region>
<text>
<par>
<line>!</line></par>
</text>
</block>
<block><region><rect/></region>
<text>
<par>
<line>i C</line></par>
</text>
</block>
<block><region><rect/></region>
<text>
<par>
<line>lÿaSfl-driAcc.H</line></par>
</text>
</block>












</page>
</AC2>