<?xml version="1.0" encoding="UTF-8"?><AC2>
<page width="1800" height="2530" resolution="215">
<block><region><rect/></region>
<text>
<par>
<line>Uj;j / r U 6</line>
<line>MfMSTKKK</line></par>
<par>
<line>UK</line></par>
<par>
<line>L’ÉDUCATION NAÏlüNALK.</line></par>
<par>
<line>SÏCCUÎITAUUT C.t'iNiaUl.</line></par>
<par>
<line>DES liKAUX-AUTS.</line></par>
</text>
</block>
<block><region><rect/></region>
<text>
<par>
<line>ETAT rilANOAIS.</line></par>
</text>
</block>
<block><region><rect/></region>
<text>
<par>
<line>I «</line></par>
</text>
</block>
<block><region><rect/></region>
<text>
<par>
<line>/IRRftTll</line></par>
</text>
</block>
<block><region><rect/></region>
<text>
<par/>
</text>
</block>
<block><region><rect/></region>
<text>
<par>
<line>U\'\</line></par>
</text>
</block>
<block><region><rect/></region>
<text>
<par>
<line>DIIUlC'CIUN</line></par>
<par>
<line>SERVICES D'AIICIH I KCTUHIÎ</line></par>
</text>
</block>
<block><region><rect/></region>
<text>
<par>
<line>liUHKAU</line></par>
<par>
<line>UKK</line></par>
<par>
<line>MÜ^OMKNTS mSTOniOüKS</line>
<line>ET DES SI'lKS,</line></par>
</text>
</block>
<block><region><rect/><rect/></region>
<text>
<par>
<line>Le ftîiNis rtiK Sêcretaiue n’Ivi'AT \ i.’Lducation nationale</line></par>
<par>
<line>Vu la loi du 2 luai i()3o réorgauîsaul la [)roleclion</line></par>
<par>
<line>des inomiincnls naturels' et des sites de caractère</line></par>
<par>
<line>Inventaire ties Sites artisli(|ue, historI([uc% scieutinque, It^gendaire ou pilto-</line>
<line>tlnnl la conservation . , . p •• i /</line></par>
<par>
<line>I . ■ A,.,A, f.,.\ resciue et nolainnient 1 article a;</line></par>
<par>
<line>prcsenleun interâtgerjcral. *' '^1</line></par>
<par>
<line>Sur la proposition de la Commission dcpai’lementalo</line></par>
<par>
<line>dt^î^num XX xxxxx</line></par>
<par>
<line>xxxxxxxxxxxxxxxxxxxxxxx ;</line></par>
<par>
<line>Vu L®Arreté du 27 AOUT 1945 prl</line>
<line>QU APplloiftlon de Lr Loi N® 421</line>
<line>-^8 Ar,i^MJJcr.i943.</line></par>
</text>
</block>
<block><region><rect/></region>
<text>
<par>
<line>s</line></par>
</text>
</block>
<block><region><rect/></region>
<text>
<par>
<line>ARTICI.E eilEMïEH.</line></par>
</text>
</block>
<block><region><rect/></region>
<text>
<par>
<line>CA</line></par>
<par>
<line>\</line></par>
<par>
<line>CS</line></par>
<par>
<line>C3&gt;</line></par>
<par>
<line>CA</line></par>
<par>
<line>O</line></par>
<par>
<line>ro</line></par>
</text>
</block>
<block><region><rect/></region>
<text>
<par>
<line>«b</line></par>
<par>
<line>O</line></par>
</text>
</block>
<block><region><rect/></region>
<text>
<par>
<line>t,</line></par>
<par>
<line>jSst Inscrit sur L^InTsntairo Des</line>
<line>Sites don la conservation présente un in-</line></par>
<par>
<line>I '</line></par>
<par>
<line>téret général L^JSnsemLla constitué par</line></par>
<par>
<line>i</line></par>
<par>
<line>L^JSgllse De OKOi^UOISOil et ses Abords A</line></par>
<par>
<line>Hii'UCUUKT“OAO;^U0i3Oïi ( SOMi/iJÊ ), comprenant</line></par>
<par>
<line>/</line></par>
<par>
<line>Jæb ^^arcelles Godaotralea 2Ô8®26982Ô0 do</line>
<line>La Section B du Cadastre® et appartenant</line></par>
<par>
<line>■ ^ i . , .</line></par>
<par>
<line>A La Goînmune Û'ÜBUCÔUaT-CROQUOlSON®</line></par>
</text>
</block>
<block><region><rect/></region>
<text>
<par>
<line># â</line></par>
</text>
</block>
<block><region><rect/></region>
<text>
<par/>
</text>
</block>
<block><region><rect/></region>
<text>
<par/>
</text>
</block>












</page>
<page width="2514" height="3532" resolution="300">
<block><region><rect/></region>
<text>
<par>
<line>/</line></par>
</text>
</block>
<block><region><rect/></region>
<text>
<par>
<line>;</line></par>
<par>
<line>f</line></par>
</text>
</block>
<block><region><rect/></region>
<text>
<par>
<line>■\</line></par>
<par>
<line>• t</line></par>
</text>
</block>
<block><region><rect/></region>
<text>
<par>
<line>!</line></par>
</text>
</block>
<block><region><rect/></region>
<text>
<par>
<line>y</line></par>
</text>
</block>
<block><region><rect/></region>
<text>
<par>
<line>AHT. 2.,</line></par>
</text>
</block>
<block><region><rect/></region>
<text>
<par>
<line>Le préseiitptrrÔlë sera notifié an Préfet du dépar-</line>
<line>, temeht pour les archives'de la préfecture, au Maire</line></par>
<par>
<line>do la comniuno ■'’dm- intucoüRï-OROiîUOiaoN</line></par>
<par>
<line>( ,aQ}im ),</line></par>
</text>
</block>
<block><region><rect/></region>
<text>
<par>
<line>' &gt; ■ ,i;</line></par>
</text>
</block>
<block><region><rect/></region>
<text>
<par>
<line>qui seront rcsponsablés^ chaeiin en ce qui le concerne,</line>
<line>de son exécution, «/e&lt;■ ' '</line></par>
<par>
<line>. , ' • » &gt; i . ■ "</line></par>
<par>
<line>. • , \ I ' • ‘ '</line></par>
<par>
<line>■ 2 ÎBWIE'R .'î4-44.</line></par>
<par>
<line>-, J</line></par>
<par>
<line>. ■ élévation</line></par>
<par>
<line>; La Conseiller ‘</line></par>
<par>
<line>Seorétàira Céneral De® Beaux-A^ts s</line></par>
<par>
<line>■ ■ ' '</line></par>
<par>
<line>' .i:.3ICNS' f r.' HAU'riîCOâOR. '</line></par>
</text>
</block>
<block><region><rect/></region>
<text>
<par>
<line>n U ù » k a a'» à ai aaiiü W B n ià ù ■ K K s a</line></par>
</text>
</block>
<block><region><rect/></region>
<text>
<par/>
</text>
</block>
<block><region><rect/></region>
<text>
<par>
<line>'T f</line></par>
</text>
</block>
<block><region><rect/></region>
<text>
<par/>
</text>
</block>

</page>
</AC2>