<?xml version="1.0" encoding="UTF-8"?><AC2>
<page width="2504" height="3524" resolution="300">
<block><region><rect/></region>
<text orientation="RotatedCounterclockwise">
<par>
<line>174—ji'liK-31.</line></par>
</text>
</block>
<block><region><rect/></region>
<text>
<par>
<line>. MlMSi:.'?.!-.</line></par>
<par>
<line>r;r</line></par>
<par>
<line>LLNSÎRi;CTIO&gt; i'I BÜOLt</line></par>
<par>
<line>Kï lits LK.ilVJHIÿ.</line></par>
<par>
<line>" ‘ 'vtiïT;-;</line></par>
<par>
<line>'.vKVi'viv. -ii:'!■.&gt;</line></par>
<par>
<line>i. •.i,-iirv.'&gt;' l’ieàsr.:*:</line></par>
<par>
<line>un îiiît.'ri;! (.■.'nf '</line></par>
</text>
</block>
<block><region><rect/></region>
<text>
<par>
<line>Rrh'inLlOCK FliA^ÇAISt.</line></par>
</text>
</block>
<block><region><rect/></region>
<text>
<par>
<line>A HR F TÉ,</line></par>
</text>
</block>
<block><region><rect/></region>
<text>
<par>
<line>l;E .Sois-''- i-ï-rviPi ij’I.TiT Dr s Bi:A[;x-Anri&gt; ;</line></par>
</text>
</block>
<block><region><rect/></region>
<text>
<par>
<line>\Si It. '1 liii ■* U. ij;&gt;" i.-* I i-r» "iiou DI' iiSu'ij- 'Uiiuri-i.' Pt dès</line></par>
<par>
<line>'lit- '■ ■ ifacté'''. Bcd.'i ! ju'■ hi-! :iijijt;, -pi'-üüiujur légt)ud,iir&lt; oi; jntlori-?iju- et nütaui-</line>
<line>ment l’ai ucie A ;</line></par>
<par>
<line>Sur ia i'j'üposilioti d.- la Cominüsion défiaitrmputak do monuments naturels ■•t Jes sites</line></par>
<par>
<line>' .11. ^InAstèM .m. 8ôaïio«. dR .30.îlp7A&lt;o^re. X^30.</line></par>
</text>
</block>
<block><region><rect/></region>
<text>
<par>
<line>ÂRHlh'S :</line></par>
</text>
</block>
<block><region><rect/></region>
<text>
<par>
<line>AbTICLE PREKIEB.</line></par>
</text>
</block>
<block><region><rect/></region>
<text>
<par>
<line>le^.ciniotilèrâ û.’.Ar.goi.ii:itü.s.tàrial.AYacî.aee..er.brsTq ,e.t</line></par>
<par>
<line>, . ..</line></par>
</text>
</block>
<block><region><rect/></region>
<text>
<par>
<line>aT'oarfeiiar.f à. IS.jQOSWaUHe</line></par>
</text>
</block>
<block><region><rect/><rect/></region>
<text>
<par>
<line>. . . .. PB.t</line></par>
<par>
<line>i.'-rril sur 1 iii.' Ufai;f d.'- 'il"* liont îa '’i n-.Tinfioti fm-- Titp un intôr('i ffenér.ai.</line></par>
</text>
</block>
<block><region><rect/></region>
<text>
<par>
<line>2.</line></par>
<par>
<line>Lt‘ j&gt;ri:-.s&gt;'i]i tUT^t" sera m-tiflé au Préfe! du (lp|)artpntput juiur les andiives do la itréiV-r.tui'!’,</line>
<line>au maire . la «iniiunuic d.^ArgOl, pr0pri4t&amp;lrA . .</line></par>
</text>
</block>
<block><region><rect/></region>
<text>
<par>
<line>'TU! seront rpsitunsables cliurun en ce qui le concerne de son eiécution.</line></par>
<par>
<line>Paris, le ' 9 MAl 1931</line></par>
<par>
<line>Par Délégation Spécialei</line>
<line>Le Directeur Général des Beaux-Arts</line></par>
<par>
<line>/ ^</line></par>
</text>
</block>
<block><region><rect/></region>
<text>
<par>
<line>O'</line></par>
</text>
</block>
<block><region><rect/></region>
<text>
<par>
<line>T. S.V. P.</line></par>
</text>
</block>























</page>
</AC2>