<?xml version="1.0" encoding="UTF-8"?><AC2>
<page width="793" height="1123" resolution="96">
<block><region><rect/></region>
<text>
<par>
<line>j/ vn-srtftH</line></par>
<par>
<line>I. '1\ STlUK:tH )N J’U b l.JQOP</line></par>
<par>
<line>BtALVAfiTS.</line></par>
<par>
<line>' ” *' «bAUS-iKO.</line></par>
</text>
</block>
<block><region><rect/></region>
<text>
<par>
<line>COf»lE tNFORMATlon</line></par>
<par>
<line>KÉPUItl.lQlK FRANCAJSE.</line></par>
</text>
</block>
<block><region><rect/></region>
<text>
<par>
<line>ARRP/rfi.</line></par>
</text>
</block>
<block><region><rect/></region>
<text>
<par>
<line>M«nij(n«ni« his&lt;ocii^ues.</line>
<line>Mift» et .Monuffiuiu attureli.</line></par>
</text>
</block>
<block><region><rect/></region>
<text>
<par>
<line>^■1 iWnmi. y«ir t'p/mrM tia, .</line></par>
</text>
</block>
<block><region><rect/></region>
<text>
<par>
<line>Vu \ii Ini t\\i mai t93a rcorganisanl h proleclioti cIps mfu'lUinent^</line>
<line>unlun;K ••i (ic' hik’.'dc caractère arlisUqun, hisiAiHjur, j^'îentilique. iégeti tairv</line>
<line>U U pittoresque;</line></par>
<par>
<line>\'u î’avis énn&gt; p.ir la ConunUsion départe min taie d^A mgiiumeqlâ naturels</line>
<line>ei. (les sites dans &amp;y séaucc du 30 mare 1935 ;</line>
<line>adhésion</line></par>
<par>
<line>Vu i^er^-&lt;^¥A4i4en date dd lô février 1936 donnée par le</line>
<line>^‘ZQ:^a&gt;i Conseil Wuniolpâl de Sainte-Colonte;</line></par>
</text>
</block>




</page>
<page width="793" height="1123" resolution="96">
<block><region><rect/></region>
<text>
<par>
<line>AKRÉrü:</line></par>
</text>
</block>
<block><region><rect/></region>
<text>
<par>
<line>ARTICI I’ THKMniR.</line></par>
<par>
<line>La place ds église de STE-COLCïBE [Bièvre)</line>
<line>avec le tilleul ^ui s*y trouva</line></par>
</text>
</block>
<block><region><rect/></region>
<text>
<par>
<line>/</line></par>
</text>
</block>
<block><region><rect/></region>
<text>
<par>
<line>eat</line></par>
<par>
<line>arlbu&lt;{uo</line></par>
</text>
</block>
<block><region><rect/></region>
<text>
<par>
<line>rla^stl p.iriTi! les siUi* el inonurtieckls tiaU)t*eU de caracLère</line></par>
<par>
<line>hiiloriiiue, MMeiHdiijue, lOgemlauc uu plUüroMjkic.</line></par>
</text>
</block>
<block><region><rect/></region>
<text>
<par>
<line>Le présent arrAlésem no h fie' nu Préfet du departement (la la H lèvre</line></par>
<par>
<line>et au Vaire de Ste-Coloote</line></par>
<par>
<line>kjui 5cryiitres|&gt;oiisaljlcs, cliacuti en ce kjul U enncenii;, de snu cvèi'tiUori.</line></par>
<par>
<line>ART.</line></par>
<par>
<line>H sera Irrnwit au Bureau des hjpoihèque* de la sltuatior^ du site</line></par>
<par>
<line>4</line></par>
<par>
<line>rla&gt;ÿC-</line></par>
</text>
</block>
<block><region><rect/></region>
<text>
<par>
<line>i) • ; ‘Tl ^</line></par>
<par>
<line>Pans, le t&amp;J Lw Vi</line></par>
</text>
</block>
<block><region><rect/></region>
<text>
<par/>
</text>
</block>
<block><region><rect/></region>
<text>
<par>
<line>7</line></par>
</text>
</block>
</page>
<page width="3508" height="2479" resolution="300">
<block><region><rect/></region>
<text>
<par>
<line>STF.mLQMBF (5^^</line></par>
</text>
</block>
<block><region><rect/></region>
<text>
<par/>
</text>
</block>
<block><region><rect/></region>
<text>
<par/>
</text>
</block>
<block><region><rect/></region>
<text>
<par>
<line>e.</line></par>
</text>
</block>
<block><region><rect/></region>
<text>
<par>
<line>I</line></par>
</text>
</block>
<block><region><rect/></region>
<text>
<par>
<line>'!. ■! I</line></par>
</text>
</block>
<block><region><rect/></region>
<text>
<par>
<line>. n I</line></par>
</text>
</block>
<block><region><rect/></region>
<text>
<par/>
</text>
</block>
<block><region><rect/></region>
<text>
<par>
<line>isfr</line></par>
</text>
</block>
<block><region><rect/></region>
<text>
<par>
<line>•JD</line></par>
</text>
</block>
<block><region><rect/></region>
<text>
<par>
<line>■r</line></par>
</text>
</block>
<block><region><rect/></region>
<text>
<par>
<line>J ^</line></par>
</text>
</block>
<block><region><rect/></region>
<text>
<par/>
</text>
</block>
<block><region><rect/></region>
<text>
<par/>
</text>
</block>
<block><region><rect/></region>
<text>
<par/>
</text>
</block>
<block><region><rect/></region>
<text>
<par>
<line>Jl</line></par>
</text>
</block>
<block><region><rect/></region>
<text>
<par>
<line>'N</line></par>
<par>
<line>! *</line></par>
<par>
<line>\</line></par>
<par>
<line>\</line></par>
<par>
<line>^</line></par>
</text>
</block>





</page>
<page width="3567" height="2564" resolution="300">
<block><region><rect/></region>
<text>
<par/>
</text>
</block>
<block><region><rect/></region>
<text>
<par/>
</text>
</block>
<block><region><rect/></region>
<text>
<par/>
</text>
</block>
<block><region><rect/></region>
<text>
<par>
<line>-Jl% / /</line></par>
</text>
</block>
<block><region><rect/></region>
<text>
<par>
<line>V</line></par>
</text>
</block>
<block><region><rect/></region>
<text>
<par/>
</text>
</block>
<block><region><rect/></region>
<text>
<par>
<line>-1</line></par>
</text>
</block>
<block><region><rect/></region>
<text>
<par>
<line>î ;</line></par>
</text>
</block>
<block><region><rect/></region>
<text>
<par/>
</text>
</block>
<block><region><rect/></region>
<text>
<par>
<line>5 *, 1 n</line></par>
</text>
</block>
<block><region><rect/></region>
<text>
<par>
<line>^^7</line></par>
</text>
</block>
<block><region><rect/></region>
<text>
<par/>
</text>
</block>
<block><region><rect/></region>
<text>
<par>
<line>y</line></par>
</text>
</block>
<block><region><rect/></region>
<text>
<par/>
</text>
</block>
<block><region><rect/></region>
<text>
<par>
<line>A-''</line></par>
</text>
</block>
<block><region><rect/></region>
<text>
<par>
<line>7^</line></par>
</text>
</block>
<block><region><rect/></region>
<text>
<par/>
</text>
</block>
<block><region><rect/></region>
<text>
<par>
<line>^//e^cicrnc/^T^</line></par>
<par>
<line>&lt;-. 7</line></par>
</text>
</block>
<block><region><rect/></region>
<text>
<par>
<line>A</line></par>
<par>
<line>E</line></par>
</text>
</block>
<block><region><rect/><rect/></region>
<text>
<par>
<line>_ '/^-f AAf:’f,(f i./i f&lt;,' ^ ^r f i f7\*,'&lt;-f'i7' C.-^ •• C. ‘C7i'^ ‘-'^</line></par>
<par>
<line>^'f. t('‘-r IC y &lt;7','y ■c'/t cr? f t/c &lt;_Tr‘c:f./ï.!.:-/c. - C. •..■■/•</line></par>
</text>
</block>
<block><region><rect/></region>
<text>
<par>
<line>1'' i.cT.j'. /-t X- y'/y.</line></par>
</text>
</block>
<block><region><rect/></region>
<text>
<par>
<line>fry^-. V</line></par>
<par>
<line>A •■■-_-</line></par>
</text>
</block>
<block><region><rect/></region>
<text>
<par>
<line>clas^</line></par>
</text>
</block>





</page>
</AC2>