<?xml version="1.0" encoding="UTF-8"?><AC2>
<page width="1691" height="2364" resolution="200">
<block><region><rect/></region>
<text>
<par>
<line>MINISTÈRE</line></par>
<par>
<line>DE L’INSTRUCTION PUBLIQUE</line></par>
<par>
<line>DES BEAUX-ARTS</line></par>
<par>
<line>TT nr^i riiHiTrh—</line></par>
</text>
</block>
<block><region><rect/></region>
<text>
<par>
<line>RÉPUBLIQUE FRANÇAISE</line></par>
</text>
</block>
<block><region><rect/></region>
<text>
<par>
<line>SOUS-SECRÉTARIAT d’ÉTAT DES</line>
<line>DES BEAUX-ARTS</line></par>
</text>
</block>
<block><region><rect/></region>
<text>
<par>
<line>Division</line>
<line>des Services</line>
<line>d'Architecture,</line></par>
<par>
<line>Konments</line></par>
<par>
<line>Historiques.</line></par>
<par>
<line>-O-</line></par>
</text>
</block>
<block><region><rect/></region>
<text>
<par>
<line>-A i</line></par>
</text>
</block>
<block><region><rect/></region>
<text>
<par>
<line>&gt; /</line></par>
</text>
</block>
<block><region><rect/></region>
<text>
<par>
<line>/</line></par>
</text>
</block>
<block><region><rect/></region>
<text>
<par>
<line>ARRÊTÉ</line></par>
</text>
</block>
<block><region><rect/></region>
<text>
<par/>
</text>
</block>
<block><region><rect/></region>
<text>
<par>
<line>Vu la loi du 21 avril 19 06 sxxr la conservation</line></par>
<par>
<line>des Sites et Monuments naturels de caractère artls-</line></par>
<par>
<line>\</line></par>
<par>
<line>tique ;</line></par>
<par>
<line>vu l'avis de la Commission départementale du</line>
<line>Finistère;</line></par>
<par>
<line>Vu la délibération du Conseil mimiçlpal de</line>
<line>Oléder en date du 28 juin 19 06;</line></par>
<par>
<line>Sta» la proposition du Sous-Secrétaire d’Etat des</line>
<line>Beaux—Arts ;</line></par>
<par>
<line>ARRETE:</line></par>
<par>
<line>Article premier.</line></par>
<par>
<line>Les rochers de Groach-Zu en Cléder (Finistère)</line>
<line>sont classés parmi les Sites pittoresques.</line></par>
<par>
<line>Article 2,</line></par>
<par>
<line>Le présent arrêté sera notifié à M. le Préfet</line>
<line>du Finistère et au Maire de la commune de Cléder,</line>
<line>qui seront responsables, chacun en ce qui le concerne</line>
<line>de son exécution. /</line></par>
</text>
</block>
<block><region><rect/></region>
<text>
<par/>
</text>
</block>
<block><region><rect/></region>
<text>
<par>
<line>■O</line></par>
</text>
</block>
<block><region><rect/></region>
<text>
<par>
<line>&lt;F</line></par>
</text>
</block>
<block><region><rect/></region>
<text>
<par>
<line>Paris, le</line></par>
</text>
</block>








</page>
</AC2>