<?xml version="1.0" encoding="UTF-8"?><AC2>
<page width="1663" height="2346" resolution="200">
<block><region><rect/></region>
<text>
<par>
<line>REPUBLIQUE FRANÇAISE</line></par>
</text>
</block>
<block><region><rect/><rect/><rect/><rect/><rect/><rect/></region>
<text>
<par>
<line>Ministère de Pécologie, de Pcnergie, du</line>
<line>développement durable et de la e*n</line>
<line>charge des technologies^ç^^tSPdes</line>
<line>négociations suç{fê\(jïffat</line></par>
<par>
<line># --8''</line></par>
</text>
</block>
<block><region><rect/><rect/><rect/><rect/></region>
<text>
<par>
<line>NÇ#': DE'C^09</line></par>
</text>
</block>
<block><region><rect/></region>
<text>
<par>
<line>ço</line></par>
</text>
</block>
<block><region><rect/></region>
<text>
<par/>
</text>
</block>
<block><region><rect/></region>
<text>
<par>
<line>O</line></par>
</text>
</block>
<block><region><rect/></region>
<text>
<par/>
</text>
</block>
<block><region><rect/></region>
<text>
<par>
<line>&lt;e</line></par>
</text>
</block>
<block><region><rect/></region>
<text>
<par/>
</text>
</block>
<block><region><rect/></region>
<text>
<par/>
</text>
</block>
<block><region><rect/></region>
<text>
<par/>
</text>
</block>
<block><region><rect/></region>
<text>
<par>
<line>à/</line></par>
</text>
</block>
<block><region><rect/></region>
<text>
<par/>
</text>
</block>
<block><region><rect/><rect/></region>
<text>
<par/>
</text>
</block>
<block><region><rect/><rect/></region>
<text>
<par/>
</text>
</block>
<block><region><rect/></region>
<text>
<par>
<line>4^</line></par>
</text>
</block>
<block><region><rect/></region>
<text>
<par>
<line>^'snai</line></par>
</text>
</block>
<block><region><rect/></region>
<text>
<par>
<line>Décret</line></par>
</text>
</block>
<block><region><rect/></region>
<text>
<par>
<line>cpp</line></par>
</text>
</block>
<block><region><rect/></region>
<text>
<par>
<line>portant classement parmi les sites du département de l’Ain</line>
<line>de la vallée de la Semine sur le territoire de la commune de Saint-Germain-de-Joux</line></par>
</text>
</block>
<block><region><rect/></region>
<text>
<par>
<line>Le Premier ministre,</line></par>
<par>
<line>Sur le rapport du ministre d’Etat, ministre de l'écologie, de l’énergie, du développement</line>
<line>durable et de la mer, en charge des technologies vertes et des négociations sur le climat.</line></par>
<par>
<line>Vu le code de l’environnement, notamment ses articles L.341-1 à L.341-6, R.341-4 et</line>
<line>R.341-5 ;</line></par>
<par>
<line>Vu les résultats de l'enquête administrative, prescrite par arrêté préfectoral en date du 14</line>
<line>mai 2007, qui s’est déroulée du 4 juin au 25 juin 2007 inclus, et notamment l'absence de</line>
<line>consentement de certains propriétaires ;</line></par>
<par>
<line>Vu la délibération du conseil municipal de Saint-Germain-de-Joux, en date du 18 juin</line></par>
<par>
<line>2007;</line></par>
</text>
</block>
<block><region><rect/></region>
<text>
<par>
<line>Vu l'avis émis par la commission départementale de la nature, des paysages et des sites de</line>
<line>l’Ain, en date du 27 novembre 2007 ;</line></par>
<par>
<line>Vu l’avis émis par le comité de massif du Jura, en date du 29 janvier 2008 ;</line></par>
<par>
<line>Vu l'avis émis par la Commission supérieure des sites, perspectives et paysages, en date</line>
<line>du 17 avril 2008 ;</line></par>
</text>
</block>

</page>
<page width="1661" height="2344" resolution="200">
<block><region><rect/></region>
<text>
<par>
<line>Vu l’avis de la direction générale de l’énergie et du climat (direction de l’énergie) en date</line>
<line>du 17 septembre 2008 ;</line></par>
<par>
<line>Le Conseil d'Etat (section des travaux publics) entendu,</line></par>
<par>
<line>Considérant que la préservation de la vallée de la Semine sur le territoire de la commune de</line>
<line>Saint-Germain-de-Joux, présente, en raison de ses caractères pittoresque et scientifique, un</line>
<line>intérêt général au sens de l'article L.341-1 du code de l'environnement,</line></par>
</text>
</block>
<block><region><rect/></region>
<text>
<par>
<line>Décrète :</line></par>
</text>
</block>
<block><region><rect/></region>
<text>
<par>
<line>Article 1*=^</line></par>
</text>
</block>
<block><region><rect/></region>
<text>
<par>
<line>Est classée parmi les sites du département de l’Ain, la vallée de la Semine sur le territoire de la</line>
<line>commune de Saint-Germain-de-Joux, d’une superficie de 116 hectares environ, délimitée comme</line>
<line>suit, conformément à la carte au 1/25000 et au plan cadastral annexés au présent décret, en allant</line>
<line>dans le sens des aiguilles d’une montre :</line></par>
</text>
</block>
<block><region><rect/></region>
<text>
<par>
<line>Commune de Saint-Germain-dc-Joux</line>
<line>Tableau d’assemblage</line></par>
<par>
<line>Point de départ : intersection du ravin de la Félie et de la route départementale n° 55 (lieu-dit “La</line>
<line>Combassière”)</line></par>
<par>
<line>le ravin de la Félie jusqu’à la jonction avec la rivière de la Semine,</line>
<line>la rive gauche de la rivière de la Semine,</line></par>
<par>
<line>- la limite est de la voie communale, longeant la parcelle n° 147, jusqu’à son intersection avec</line>
<line>la route départementale n*^ 33,</line></par>
<par>
<line>la limite est de la route départementale n® 33 jusqu’à son intersection avec la voie</line>
<line>communale n° 3,</line></par>
<par>
<line>la limite ouest de la voie communale n° 3 jusqu’à la limite sud-est de la parcelle n° 667,</line>
<line>la limite sud-est des parcelles n° 667 et 666,</line></par>
<par>
<line>- la mitoyenneté entre, d’une part, la parcelle n° 934 et, d’autre part, les parcelles n° 1028, 930,</line>
<line>932, 933,925,924, 1182 et 921,</line></par>
<par>
<line>les limites ouest et nord de la parcelle n° 920,</line></par>
<par>
<line>la limite ouest de la voie communale n"^ 3 longeant la limite est des parcelles n° 918, 934 et</line>
<line>915,</line></par>
</text>
</block>
<block><region><rect/></region>
<text>
<par>
<line>2/4</line></par>
</text>
</block>
</page>
<page width="1653" height="2339" resolution="200">
<block><region><rect/></region>
<text>
<par>
<line>la limite sud de la parcelle n° 915,</line></par>
<par>
<line>les limites est et sud de la parcelle n° 910 (en partie),</line></par>
<par>
<line>la limite est de la parcelle n° 908 (en partie),</line></par>
<par>
<line>la limite nord-ouest des parcelles n° 907 et 906,</line></par>
<par>
<line>la limite nord-est de la parcelle n° 906,</line></par>
<par>
<line>la mitoyenneté entre la parcelle n° 934 et la voie communale n° 3,</line></par>
<par>
<line>la mitoyenneté entre, d’une part, la parcelle n° 934 et, d’autre part, les parcelles n° 901 et</line>
<line>900,</line></par>
<par>
<line>la mitoyenneté entre la parcelle n° 934 et la voie communale n° 3,</line></par>
<par>
<line>la mitoyenneté entre, d'une part, la parcelle n° 934 et, d’autre part, les parcelles n° 940, 939,</line>
<line>937, 938, 937 et 935,</line></par>
<par>
<line>la mitoyenneté entre la parcelle n° 959 et la parcelle n° 935,</line>
<line>la limite sud de la voie communale n° 3,</line></par>
<par>
<line>la limite sud-est des parcelles n° 986 et 114 jusqu’à la route nationale n° 84,</line></par>
<par>
<line>la limite nord-est de la route nationale n° 84 jusqu’à la limite nord-ouest de la parcelle n°</line>
<line>192,</line></par>
<par>
<line>la limite nord-est de la parcelle n° 192,</line></par>
<par>
<line>le chemin non dénommé longeant les parcelles n° 118, 222, 221 et 277, jusqu’à la limite est</line>
<line>de la parcelle n° 276,</line></par>
<par>
<line>les limites est et sud de la parcelle n° 276, jusqu’à la rivière du Combet,</line>
<line>la rive droite de la rivière jusqu’à la rue de la Gare,</line></par>
<par>
<line>la limite nord de la rue de la Gare jusqu’à la limite ouest de la parcelle n° 107,</line></par>
<par>
<line>la limite ouest de la parcelle n° 107,</line></par>
<par>
<line>la limite sud des parcelles n° 108, 102 et 320,</line></par>
<par>
<line>la limite ouest des parcelles n° 269, 268, 267, 266 et 265,</line></par>
<par>
<line>la limite nord de la parcelle n° 265 jusqu’à la rivière de la Seraine,</line></par>
<par>
<line>la limite ouest de la rivière jusqu’à la limite sud de la parcelle n° 263,</line></par>
<par>
<line>la limite sud des parcelles n° 263, 262 et 261 jusqu’à la route départementale n° 55,</line></par>
<par>
<line>la limite ouest de la route départementale n° 55 jusqu’à la limite est de la parcelle n°48,</line></par>
<par>
<line>les limites est et sud de la parcelle n° 48,</line></par>
<par>
<line>la limite sud des parcelles n° 49 et 50,</line></par>
<par>
<line>les limites est, sud et ouest de la parcelle n° 51,</line></par>
<par>
<line>la limite ouest de la parcelle n° 343,</line></par>
<par>
<line>la limite sud de la parcelle n° 341,</line></par>
<par>
<line>la limite ouest de la route départementale n° 55 jusqu’au ravin de la Félie, point de départ de</line>
<line>la délimitation.</line></par>
</text>
</block>
<block><region><rect/></region>
<text>
<par>
<line>3/4</line></par>
</text>
</block>
</page>
<page width="1665" height="2348" resolution="200">
<block><region><rect/></region>
<text>
<par>
<line>4</line></par>
</text>
</block>
<block><region><rect/></region>
<text>
<par>
<line>Article 2</line></par>
<par>
<line>Le présent décret sera notifié au préfet de l’Ain et au maire de Sainl-Germain-de-Joux.</line></par>
<par>
<line>Article 3</line></par>
<par>
<line>Le présent décret. la carte au 1/25000 et le plan cadastral annexéspourront être consultés à la</line>
<line>préfecture de l’Ain et à la mairie de Saint-Germain-de-Joux.</line></par>
</text>
</block>
<block><region><rect/></region>
<text>
<par>
<line>Article 4</line></par>
</text>
</block>
<block><region><rect/></region>
<text>
<par>
<line>Le ministre d’Etat, ministre de l'écologie, de l’énergie, du développement durable et de la mer,</line>
<line>en charge des technologies vertes et des négociations sur le climat et la secrétaire d’Etat chargée</line>
<line>de l’écologie sont chargés, chacun en ce qui le concerne, de l'exécution du présent décret, qui</line>
<line>sera publié au Journal officiel de la République française.</line></par>
</text>
</block>
<block><region><rect/></region>
<text>
<par>
<line>F'ait à Paris, le</line></par>
</text>
</block>
<block><region><rect/></region>
<text>
<par>
<line>0 2 SEP, 2009</line></par>
</text>
</block>
<block><region><rect/></region>
<text>
<par>
<line>■^'rançûss</line></par>
<par>
<line>Par le Premier ministre :</line></par>
<par>
<line>Le ministre d’Etat, ministre de l’écologie, de l’énergie, du développement durable</line>
<line>et de la mer, en charge des technologies vertes et des négociations sur le climat,</line></par>
</text>
</block>
<block><region><rect/></region>
<text>
<par>
<line>Jean-Louis BORLOO</line></par>
</text>
</block>
<block><region><rect/></region>
<text>
<par>
<line>La secrétaire dfEtat chargée de l’écologie.</line></par>
</text>
</block>
<block><region><rect/></region>
<text>
<par>
<line>Chantal JOüAislNO</line></par>
</text>
</block>
<block><region><rect/></region>
<text>
<par>
<line>4/4</line></par>
</text>
</block>
</page>
<page width="1653" height="2339" resolution="200">
<block><region><rect/></region>
<text>
<par>
<line>4. septembre 2009</line></par>
</text>
</block>
<block><region><rect/></region>
<text>
<par>
<line>JOURNAL OFFICIEL DE LA RÉPUBLIQUE FRANÇAISE</line></par>
</text>
</block>
<block><region><rect/></region>
<text>
<par>
<line>Texte 2 sur 147</line></par>
</text>
</block>
<block><region><rect/></region>
<text>
<par>
<line>Décrets^ arrêtés, circulaires</line></par>
<par>
<line>TEXTES GÉNÉRAUX</line></par>
<par>
<line>MINISTÈRE DE L'ÉCOLOGIE, DE L'ÉNERGIE, DU DÉVELOPPEMENT</line>
<line>DURABLE ET DE LA MER, EN CHARGE</line>
<line>DES TECHNOLOGIES VERTES ET DES NÉGOCIATIONS SUR LE CLIMAT</line></par>
<par>
<line>Décret du 2 septembre 2009 portant classement d'un site</line></par>
<par>
<line>NOR : DEVN0902838D</line></par>
</text>
</block>
<block><region><rect/></region>
<text>
<par>
<line>Par décret en date du 2 septembre 2009, est classée panni les sites du département de l’Ain la vallée de la</line>
<line>Semine. sur le territoire de la commune de Saint-Germain-de-Joux (1).</line></par>
</text>
</block>
<block><region><rect/></region>
<text>
<par>
<line>(1) Le texte intégral de ce décret et les plans annexés pourront être consultés à la préfecture du département de</line>
<line>l'Ain et à la mairie de la commune de Saint-Germain-de-Joux.</line></par>
</text>
</block>


</page>
<page width="2531" height="3545" resolution="300">
<block><region><rect/></region>
<text>
<par>
<line>m</line></par>
</text>
</block>
<block><region><rect/></region>
<text>
<par>
<line>Q</line></par>
</text>
</block>
<block><region><rect/></region>
<text>
<par>
<line>i</line></par>
</text>
</block>
<block><region><rect/><rect/><rect/></region>
<text>
<par>
<line>V, \ ✓;/«“ 116^ tsaa_ris •</line></par>
</text>
</block>
<block><region><rect/></region>
<text>
<par>
<line>I» Cti.pi.|i; &gt;c.....o ‘ \&lt;i Ptn/fein</line></par>
</text>
</block>
<block><region><rect/></region>
<text>
<par>
<line>..u./Tt , ;l!i'^ ■-/ô'</line></par>
<par>
<line>• '^esi .' 'i</line></par>
</text>
</block>
<block><region><rect/><rect/><rect/></region>
<text>
<par>
<line>, ,', ■&lt; la SÇàcçiêTe</line></par>
<par>
<line>la -^rdûta , , ; \ i 7 ' .f8î|</line></par>
</text>
</block>
<block><region><rect/></region>
<text>
<par>
<line>'se^</line></par>
</text>
</block>
<block><region><rect/><rect/><rect/></region>
<text>
<par>
<line>, WW ! /f ..</line></par>
<par>
<line>ï .' ' ''*#'■•&gt;■ '</line></par>
</text>
</block>
<block><region><rect/></region>
<text>
<par>
<line>\</line></par>
</text>
</block>
<block><region><rect/><rect/><rect/></region>
<text>
<par>
<line>|•-,•• ï) .» nie,b ■</line></par>
</text>
</block>
<block><region><rect/></region>
<text>
<par/>
</text>
</block>
<block><region><rect/><rect/><rect/><rect/><rect/><rect/><rect/></region>
<text>
<par>
<line>-TTi'X 'i'-</line></par>
</text>
</block>
<block><region><rect/></region>
<text>
<par/>
</text>
</block>
<block><region><rect/><rect/><rect/><rect/></region>
<text>
<par/>
</text>
</block>
<block><region><rect/></region>
<text>
<par>
<line>.P"*»</line></par>
</text>
</block>
<block><region><rect/><rect/><rect/></region>
<text>
<par>
<line>, '' ifl ''ll^'</line></par>
<par>
<line>n f its</line></par>
</text>
</block>
<block><region><rect/></region>
<text>
<par>
<line>ii plui</line></par>
</text>
</block>
<block><region><rect/></region>
<text>
<par/>
</text>
</block>
<block><region><rect/></region>
<text>
<par>
<line>J I</line></par>
</text>
</block>
<block><region><rect/></region>
<text>
<par/>
</text>
</block>
<block><region><rect/></region>
<text>
<par>
<line>B .:,\c)</line></par>
</text>
</block>
<block><region><rect/></region>
<text>
<par>
<line>-^c*ù</line></par>
</text>
</block>
<block><region><rect/></region>
<text>
<par/>
</text>
</block>
<block><region><rect/></region>
<text>
<par/>
</text>
</block>
<block><region><rect/></region>
<text>
<par/>
</text>
</block>
<block><region><rect/></region>
<text>
<par/>
</text>
</block>
<block><region><rect/></region>
<text>
<par/>
</text>
</block>
<block><region><rect/></region>
<text>
<par>
<line>ir^i</line></par>
</text>
</block>
<block><region><rect/></region>
<text>
<par>
<line>01-AIN</line></par>
<par>
<line>Commune de Salnt-Germain-de-Jou&gt;</line></par>
</text>
</block>
<block><region><rect/></region>
<text>
<par>
<line>VALLÉE DE LA SEMINE SUR LE TERRITOIRE</line>
<line>DE LA COMMUNE DE SAINT-GERMAIN-DE^OUX</line></par>
</text>
</block>
<block><region><rect/></region>
<text>
<par>
<line>▲ AA</line></par>
</text>
</block>
<block><region><rect/></region>
<text>
<par>
<line>éch : 1/25000</line>
<line>250ni</line></par>
<par>
<line>I_l</line></par>
</text>
</block>
<block><region><rect/><rect/><rect/><rect/><rect/></region>
<text>
<par>
<line>7=7Avx ■'‘■A-K v</line></par>
<par>
<line>■' f \ î'. ^'&gt;S--' '^’‘'”îsTso</line></par>
</text>
</block>
<block><region><rect/><rect/><rect/><rect/><rect/><rect/></region>
<text>
<par>
<line>'■Ri' V ".. n .'</line></par>
<par>
<line>à. ^ ' M"'" ■</line></par>
</text>
</block>
<block><region><rect/><rect/><rect/><rect/><rect/></region>
<text>
<par>
<line>f 7- •'</line></par>
<par>
<line>■'ïsW'j; 'vj'' ■■</line></par>
<par>
<line>A;</line></par>
</text>
</block>
<block><region><rect/><rect/><rect/><rect/></region>
<text>
<par>
<line>T-. - &gt;</line></par>
</text>
</block>
<block><region><rect/></region>
<text>
<par>
<line>Site classé par décret du : Q 2 2CD9^</line></par>
</text>
</block>
<block><region><rect/><rect/><rect/></region>
<text>
<par>
<line>'Éi if i : ÀA-fe-.fe’</line></par>
</text>
</block>
<block><region><rect/><rect/></region>
<text>
<par>
<line>izat</line></par>
</text>
</block>





















</page>
</AC2>