<?xml version="1.0" encoding="UTF-8"?><AC2>
<page width="1366" height="1925" resolution="164">
<block><region><rect/></region>
<text>
<par>
<line>REPUBLIQUE FRANCISE..</line></par>
<par>
<line>Pcu'</line></par>
</text>
</block>
<block><region><rect/></region>
<text>
<par>
<line>'-'rforme</line></par>
<par>
<line>■ - jOü.'jr ré,Tient</line></par>
</text>
</block>
<block><region><rect/><rect/></region>
<text>
<par>
<line>MINISTERE DE L'AMENAGEMENT DU TERRITOI</line>
<line>ET DE L'ENVIRONNEMENT</line></par>
</text>
</block>
<block><region><rect/><rect/><rect/><rect/></region>
<text>
<par>
<line>DECR</line></par>
<par>
<line>portant classement parmi les sites du départefrrtfffde la Martinique</line>
<line>de la presqu'île de la Caravelle sur le territoire de la commune de LA TRINITE</line></par>
</text>
</block>
<block><region><rect/></region>
<text>
<par>
<line>•V</line></par>
</text>
</block>
<block><region><rect/></region>
<text>
<par/>
</text>
</block>
<block><region><rect/></region>
<text>
<par/>
</text>
</block>
<block><region><rect/></region>
<text>
<par/>
</text>
</block>
<block><region><rect/></region>
<text>
<par>
<line>^'lera</line></par>
</text>
</block>
<block><region><rect/></region>
<text>
<par/>
</text>
</block>
<block><region><rect/></region>
<text>
<par/>
</text>
</block>
<block><region><rect/></region>
<text>
<par>
<line>O-</line></par>
</text>
</block>
<block><region><rect/></region>
<text>
<par>
<line>Danielle MEZOU</line></par>
</text>
</block>
<block><region><rect/><rect/></region>
<text>
<par>
<line>l-np: |/\f£</line></par>
</text>
</block>
<block><region><rect/></region>
<text>
<par/>
</text>
</block>
<block><region><rect/></region>
<text>
<par>
<line>LE PREMIER MINISTRE</line></par>
</text>
</block>
<block><region><rect/></region>
<text>
<par/>
</text>
</block>
<block><region><rect/><rect/></region>
<text>
<par>
<line>D ? P E M</line></par>
<par>
<line>1 ^ JUIN' ms I</line></par>
</text>
</block>
<block><region><rect/></region>
<text>
<par>
<line>A B f*. . • ü</line></par>
</text>
</block>
<block><region><rect/></region>
<text>
<par/>
</text>
</block>
<block><region><rect/></region>
<text>
<par>
<line>Sur le rapport de la ministre de Taménagement du terntoire et de l’environnement.</line></par>
<par>
<line>VU la^i du 2 mai 1930 réorganisant la protection des monuments naturels et des sites de</line>
<line>caractère artistique, historique, scientifique, légendaire ou pittoresque, modifiée notamment par</line>
<line>la loi n° 67-1174 du 28 décembre 1967, en particulier ses articles 5.1, 6, 7 et 8, ensemble le</line>
<line>décret n” 69-607 du 13 juin 1969 pris pour son application ,</line></par>
<par>
<line>VU l'arrêté du ministre de la qualité de la vie en date du 2 mars 1976 portant création de ta</line>
<line>réserve naturelle dite «Presqu’île de la Caravelle» (Martinique) ;</line></par>
<par>
<line>VU l'arrêté du secrétaire d'Etat auprès du Premier ministre, chargé de l'environnement et de la</line>
<line>prévention des risques technologiques et naturels majeurs en date du 30 novembre 1989,</line>
<line>portant inscription à l’inventaire des monuments naturels et des sites de caractère artistique,</line>
<line>historique, scientifique, légendaire ou pittoresque du département de la Martinique de</line>
<line>l'ensemble formé sur la commune de LA TRINITE par la presqu’île de la Caravelle ,</line></par>
<par>
<line>VU l'arrété du ministre de la culture et de la communication, porte-parole du gouvernement, en</line>
<line>date du 31 mars 1992, portant classement parmi les monuments historiques de ('ensemble du</line>
<line>château Dubuc à LA TRINITE (Martinique) ;</line></par>
<par>
<line>VU l’arrêté du préfet de la région Martinique en date du 8 octobre 1993 portant inscnption à</line>
<line>l'inventaire supplémentaire des monuments historiques des ruines de l'habitation Spoutourne à</line>
<line>LA TRINITE (Martinique),</line></par>
<par>
<line>VU les résultats de l’enquête administrative prescrite par arrêté préfectoral en date du 5 janvier</line>
<line>1995 et à laquelle il a été procédé du 13 au 27 févner 1995, et notamment l'absence de</line>
<line>consentement de certains propnétaires .</line></par>
<par>
<line>VU la délibération du conseil municipal de LA TRINITE en date du 20 févner 1995 ,</line></par>
<par>
<line>‘ VU l'avis émis par ta commission départementale des sites, perspectives et paysages de ia</line>
<line>Martinque en date du 27 avril 1995 ,</line></par>
</text>
</block>







</page>
<page width="1359" height="1909" resolution="162">
<block><region><rect/></region>
<text>
<par>
<line>-2-</line></par>
</text>
</block>
<block><region><rect/></region>
<text>
<par>
<line>VU l’avis émis par la commission supérieure des sites, perspectives et paysages en date du 18</line>
<line>mai 1995 :</line></par>
<par>
<line>vu la lettre du ministre de l'environnement en date du 29 avril 1996 sollicitant l’avis du ministre</line>
<line>du budget ;</line></par>
<par>
<line>VU î’avis du ministre de l'équipement, du logement, des transports et du tourisme en date du 24</line>
<line>octobre 1996 ;</line></par>
<par>
<line>VU l'avis du ministre de l’agriculture, de la pêche et de l’alimentation en date du 15 mai 1996 ;</line></par>
<par>
<line>Le Conseil d’Etat (section des travaux publics) entendu :</line></par>
<par>
<line>CONSIDERANT que la presqu’île de la Caravelle, sur le territoire de la commune de LA</line>
<line>TRINITE (Martinique), constitue un ensemble dont la conservation et la préservation présentent,</line>
<line>en raison de son caractère scientifique et pittoresque, un intérêt généra! au sens de l’article 4 de</line>
<line>la loi sus-visée,</line></par>
</text>
</block>
<block><region><rect/></region>
<text>
<par>
<line>DECRETE :</line></par>
</text>
</block>
<block><region><rect/></region>
<text>
<par>
<line>ARTICLE 1er : Est classé parmi les sites du département de la Martinique l'ensemble formé par</line>
<line>la presqu’île de la Caravelle, sur le territoire de la commune de TRAITE, d’une superficie de</line>
<line>3.100 hectares environ, dont 1.750 hectares sur le domaine public maritime, délimité comme</line>
<line>suit, conformément à la carte au 1/25.000ème et aux pians cadastraux annexés au présent</line>
<line>décret ;</line></par>
<par>
<line>Commune de LA TRINITE</line></par>
</text>
</block>
<block><region><rect/></region>
<text>
<par>
<line>Section C ; en totalité.</line></par>
<par>
<line>Section Y :</line></par>
<par>
<line>Parcelle n° 249 à l'exception de la partie srtuée à l’Est d'une ligne droite fictive</line>
<line>prolongeant vers le Nord la limKe Ouest de la parcelle n® 232 ;</line></par>
<par>
<line>Parcelles n°s 250 à 257, 259a, 260 à 263, 265, 266, 209 à 211, 194, 128 à 130, 133 à</line>
<line>140.107, 276 à 281. 267 à 269.</line></par>
<par>
<line>Section D ;</line></par>
<par>
<line>Parcelles n°s 18, 19. 132. 133.128. 99. 100. 102. 35. 88, 87, 39.40 ;</line></par>
<par>
<line>Partie de la parcelle n° 131 située à l’Ouest d'une ligne droite fictive d'une longueur de</line>
<line>75 m prolongeant la limKe Ouest de la parcelle n° 29 jusqu’à un point A ;</line></par>
</text>
</block>
<block><region><rect/></region>
<text>
<par>
<line>Parties des parcelles n°s 131, 108, 124 et 125 situées au Nord d’une ligne droite fictive</line>
<line>reliant le point A cklessus défini à l'angle Sud de la parcelle n* 128 ;</line></par>
</text>
</block>
<block><region><rect/></region>
<text>
<par/>
</text>
</block>





</page>
<page width="1348" height="1901" resolution="162">
<block><region><rect/></region>
<text>
<par>
<line>- 3-</line></par>
</text>
</block>
<block><region><rect/></region>
<text>
<par>
<line>Partie de la parcelle n® 51 située au Nord d’une ligne droite fictive reliant les points</line>
<line>B et C définis comme suit :</line></par>
<par>
<line>Point B: situé sur la limite entre les parcelles n®s 127 et 51 à 80 m au Nord de</line>
<line>l'angle Sud de la parcelle n® 128 ;</line></par>
<par>
<line>Point C: intersection entre une ligne droite fictive reliant le point B à l’angle Nord de</line>
<line>la parcelle n® 55 et la limite Sud de la parcelle n° 5 ;</line></par>
<par>
<line>Parties des parcelles n®s 53 et 55 situées au Nord-Est d'une ligne droite fictive</line>
<line>reliant l'angle Nord de la parcelle n® 51 à l’angle Nord de la parcelle n® 35.</line></par>
<par>
<line>Section H :</line></par>
<par>
<line>Parcelles n°s 49, 50, 51a, 191, 310, 311, 323, 338, 339, 222, 59, 245 à 249, 317,</line>
<line>324, 325, 327 à 335, 229 à 232. 208 à 213, 203, 204, 88, 292, 304 à 306, 65 à 77, 62, 198</line>
<line>à 200, 225, 226, 236 à 238, 294 et 295 ;</line></par>
<par>
<line>Partie de la parcelle n® 320 située au Nord du chemin traversant celle-ci (double</line>
<line>tireté), partant du chemin rural dit de ta Spoutoume et arrivant à l'intersection des parcelles</line>
<line>n®s 302 a, 302 et 320 :</line></par>
<par>
<line>Parcelles n®s 336 c et d, et partie de la parcelle n® 336 b située au Sud du chemin</line>
<line>figuré par un double tireté reliant l'angle Est de la parcelle n® 336 c à l’angle Ouest de la</line>
<line>parcelle n® 336 d ;</line></par>
<par>
<line>Parcelle n® 235, à l’exception de la partie située au Nord d’une ligne droite fictive</line>
<line>reliant l’angle Est de la parcelle n® 86 a à l’angle rentrant de la parcelle n® 235 situé sur la</line>
<line>limite de la section E.</line></par>
<par>
<line>Section I :</line></par>
<par>
<line>1®) Lieu dit Desmahnières Est :</line></par>
<par>
<line>Parcelles n®s 13. 474, 25. 26. 29 à 48. 142, 143, 154, 155, 50 à 54, 28. 58. et 441</line>
<line>d, e, f, g, k ;</line></par>
<par>
<line>Parcelle n® 566 à l’exclusion de deux secteurs :</line></par>
<par>
<line>Secteur situé au Nord-Ouest d’une ligne droite fictive prolongeant au Sud la limite</line>
<line>Sud-Est de la parcelle n® 196 ;</line></par>
<par>
<line>Secteur situé à l'Ouest d'une ligne droite fictive reliant l'angle Est de la parcelle n®</line>
<line>196 à l’angle Est de la parcelle n® lia</line></par>
<par>
<line>. - Parcelle n® 594 à l’exception du secteur situé à l’Est d'une ligne droite fictive reliant</line>
<line>l’angle Sud-Ouest de la parcelle n® 492 à l’angle Ouest de la parcelle n® 498, parcelles n“‘</line>
<line>562 à 565, 567, 568.</line></par>
</text>
</block>
<block><region><rect/></region>
<text>
<par>
<line>2®) Lieux dits Spoutoume Ouest et Beauséjour :</line></par>
<par>
<line>Parcelles n®s 465, 467, 66, 68, 69. 297 à 299. 130, 125 à 128. 341, 342. 167 à 169,</line>
<line>118 à 122, 146, 520, 521 ;</line></par>
</text>
</block>


</page>
<page width="2544" height="3553" resolution="300">
<block><region><rect/></region>
<text>
<par>
<line>- Parcelle n° 129 a et c, et partie de la parcelle n° 129 b située au Sud-Est d’une ligne</line>
<line>droite fictive reliant l'angle Sud-Est de ta parcelle n° 129 a à l’angle Nord-Ouest de la parcelle n”</line>
<line>263 ;</line></par>
</text>
</block>
<block><region><rect/></region>
<text>
<par>
<line>- Partie de la parcelle n° 70 b située au Sud-Est de la ligne droite fictive précédemment</line>
<line>définie.</line></par>
<par>
<line>Les chemins et voies non cadastrés bordés de part et d’autre par tes parcelles</line>
<line>mentionnées ci-dessus sont inclus dans le site classé.</line></par>
</text>
</block>
<block><region><rect/></region>
<text>
<par>
<line>ARTICLE 2 :</line></par>
<par>
<line>1 Le domaine public maritime est classé sur une largeur de 500 m autour de la presqu'île</line>
<line>de ta Caravelle, entre l'angle Sud-Ouest de la parcelle n"" 25 b de la section I et l’angle Sud-</line>
<line>Ouest de la parcelle n° 465 b de cette même section. ,</line></par>
<par>
<line>2°) La baie du Trésor est incluse en tbtafité dans le site classé</line></par>
</text>
</block>
<block><region><rect/></region>
<text>
<par>
<line>ARTICLE 3 : Le présent décret sera notifié au préfet de la Martinique et au maire de</line>
<line>TRINITE.</line></par>
</text>
</block>
<block><region><rect/></region>
<text>
<par>
<line>ARTICLE 4 : Le présent décret ainsi que la carte au 1/25000énne et les plans cadastraux</line>
<line>annexés pourront être consultés à la préfecture de ta Martinique et à la maine de LA TRINITE.</line></par>
</text>
</block>
<block><region><rect/></region>
<text>
<par>
<line>AR i ICLE 5 : La ministre de l'aménagement du territoire et de l’environnement est chargârde</line>
<line>l’exécution du présent décret qui sera publié au Journal offide! de la République française.</line></par>
</text>
</block>
<block><region><rect/></region>
<text>
<par>
<line>Fait à Paris le 16 JAN 1998</line></par>
</text>
</block>
<block><region><rect/></region>
<text>
<par>
<line>L'ûne! -iOSPlN</line>
<line>Par le Premier ministre</line></par>
</text>
</block>
<block><region><rect/></region>
<text>
<par>
<line>La ministre de l'aménagement du territoire</line>
<line>et de l'environnement</line></par>
</text>
</block>
<block><region><rect/></region>
<text>
<par>
<line>Dominique VOYNET</line></par>
</text>
</block>




</page>
</AC2>