<?xml version="1.0" encoding="UTF-8"?><AC2>
<page width="2508" height="3504" resolution="300">
<block><region><rect/></region>
<text>
<par>
<line>Ministère de 1' Instruction Pa'blig.ue Républiq^ue Française</line></par>
<par>
<line>et des Beaux-Arts ~</line></par>
<par>
<line>■B»</line></par>
<par>
<line>Beaux “Arts &gt; ; . , . - •. ■ ■ •. '• -'r</line></par>
<par>
<line>" "" ''ARRETE</line></par>
<par>
<line>Monuments lilstoriç[ues - Sites et Monu-*^, . .]■</line></par>
<par>
<line>raents naturels _ ^ ‘^ Ü'" ' "</line></par>
<par>
<line>» '■ ■ ..Ministre de 1*Education Nationale.</line></par>
<par>
<line>■ii ■■ ■ ■' v'</line></par>
<par>
<line>, .. .</line></par>
<par>
<line>Yu la loi du 2 Mai 1930 réorganisant la protection dés monuments .</line>
<line>naturels et des sites de caractère artistiques historique, scientifique</line>
<line>légendaire ou pittoresque, j ‘’l</line></par>
<par>
<line>Yu l’avis émis par la Commission dé^iartementale des monuments</line>
<line>et des sites naturels dans sa séance du 19 décembre 1934;</line></par>
<par>
<line>Yu les adhésions en date du 26 Décembre 1935 données par M, Louis</line>
<line>GAY boulanger à Poncin, et par Mme GUDET née Eugénie Alphonsine Ivî^THIEU</line>
<line>demeurant à Poncin*</line></par>
</text>
</block>
<block><region><rect/></region>
<text>
<par>
<line>ARRETE:</line></par>
</text>
</block>
<block><region><rect/></region>
<text>
<par>
<line>ART&gt;Ier.- L’Abri'.'.GAY situé sur le territoire de la commune de</line>
<line>PoneirTAAin) lieudit sous Roche, comprenant les parcelles cadastrales</line>
<line>n° 96, section G, appartenant à M* GAY et 9 9, section G, appartenant</line>
<line>à Mme GUDET, née MATHIEU est classé parmi les sites et monuments na»</line>
<line>turels de caractère artistique, historique, scientifique, légendaire</line>
<line>ou pittoresque.</line></par>
<par>
<line>ART«2*~ Le présent arreté sera notifié au Préfet du département</line>
<line>de 1* AÎn^ au* Maire de Poncin et aux propriétaires intéressêsf, qui</line>
<line>seront responsables, chaounren ce qui le concerne, de son exécution*</line></par>
<par>
<line>ART»3*- Il sera transcrit au Bureau des hypothèques de la sta¬</line>
<line>tuât ion du Site«classé.</line></par>
</text>
</block>
<block><region><rect/></region>
<text>
<par>
<line>PARIS, le 24 Juin 1936</line>
<line>Jean 2AY</line></par>
</text>
</block>
<block><region><rect/></region>
<text>
<par>
<line>Pour ampliation</line></par>
<par>
<line>P. le Directeur Général des Beaux-Arts</line>
<line>Le Chef du Bureau des Monuments historiques</line></par>
</text>
</block>
<block><region><rect/></region>
<text>
<par>
<line>signé.</line></par>
</text>
</block>
<block><region><rect/></region>
<text>
<par>
<line>vîic conforn-!?!,</line></par>
</text>
</block>
<block><region><rect/><rect/><rect/><rect/><rect/><rect/></region>
<text>
<par>
<line>Pour copK</line>
<line>J,„ Cl». J»</line></par>
</text>
<text>
<par>
<line>s rX&gt;'r*/ • • i'/ f'</line></par>
</text>
</block>
<block><region><rect/><rect/></region>
<text>
<par>
<line>.* l</line>
<line>fi</line></par>
</text>
</block>

















</page>
<page width="2496" height="3504" resolution="300">
<block><region><rect/></region>
<text>
<par>
<line>vi:</line></par>
<par>
<line>I</line></par>
<par>
<line>%</line></par>
<par>
<line>6</line></par>
<par>
<line>S</line></par>
<par>
<line>4;</line></par>
</text>
</block>
<block><region><rect/></region>
<text>
<par/>
</text>
</block>
<block><region><rect/></region>
<text>
<par/>
</text>
</block>
<block><region><rect/></region>
<text>
<par>
<line>CO</line></par>
<par>
<line>LU</line></par>
<par>
<line>CO</line></par>
<par>
<line>CO</line></par>
<par>
<line>&lt;</line></par>
<par>
<line>_l</line></par>
<par>
<line>ü</line></par>
<par>
<line>CO</line></par>
<par>
<line>LU</line></par>
<par>
<line>H</line></par>
<par>
<line>CO</line></par>
<par>
<line>CO</line></par>
<par>
<line>LU</line></par>
<par>
<line>Q</line></par>
<par>
<line>Z</line></par>
<par>
<line>O</line></par>
<par>
<line>ü</line></par>
<par>
<line>01</line></par>
<par>
<line>LU</line></par>
<par>
<line>&gt;</line></par>
</text>
</block>
<block><region><rect/></region>
<text>
<par/>
</text>
</block>
<block><region><rect/><rect/><rect/></region>
<text>
<par>
<line>I</line></par>
<par>
<line>1</line></par>
<par>
<line>(&gt; A</line></par>
</text>
</block>
<block><region><rect/></region>
<text>
<par>
<line>/ ^'•''•it^fî-'-* ■■ ■ ■••-'?**•'S:</line></par>
</text>
</block>
<block><region><rect/></region>
<text>
<par>
<line>rt^</line></par>
</text>
</block>
<block><region><rect/></region>
<text>
<par>
<line>■U</line></par>
</text>
</block>
<block><region><rect/></region>
<text>
<par/>
</text>
</block>
<block><region><rect/></region>
<text>
<par>
<line>. ^</line></par>
</text>
</block>
<block><region><rect/></region>
<text>
<par>
<line>s / 'a</line></par>
</text>
</block>
<block><region><rect/></region>
<text>
<par>
<line>:V</line></par>
</text>
</block>
<block><region><rect/></region>
<text>
<par>
<line>l'R</line></par>
</text>
</block>
<block><region><rect/></region>
<text>
<par>
<line>ÿ.r)</line></par>
</text>
</block>
<block><region><rect/></region>
<text>
<par>
<line>♦. .-l</line></par>
</text>
</block>
<block><region><rect/></region>
<text>
<par/>
</text>
</block>
<block><region><rect/></region>
<text>
<par>
<line>’i y \</line></par>
</text>
</block>
<block><region><rect/></region>
<text>
<par>
<line>vy) bz</line></par>
</text>
</block>
<block><region><rect/></region>
<text>
<par>
<line>d</line></par>
</text>
</block>
<block><region><rect/></region>
<text>
<par>
<line>O</line></par>
</text>
</block>
<block><region><rect/></region>
<text>
<par/>
</text>
</block>
<block><region><rect/></region>
<text>
<par>
<line>2^</line></par>
</text>
</block>
<block><region><rect/></region>
<text>
<par/>
</text>
</block>
<block><region><rect/></region>
<text>
<par>
<line>■K'X-SI-</line></par>
</text>
</block>
<block><region><rect/></region>
<text>
<par>
<line>IB ü</line></par>
</text>
</block>
<block><region><rect/></region>
<text>
<par>
<line>ri'K</line></par>
</text>
</block>
<block><region><rect/></region>
<text>
<par/>
</text>
</block>
<block><region><rect/></region>
<text>
<par/>
</text>
</block>
<block><region><rect/></region>
<text>
<par/>
</text>
</block>
<block><region><rect/></region>
<text>
<par/>
</text>
</block>
<block><region><rect/></region>
<text>
<par>
<line>€</line></par>
</text>
</block>
<block><region><rect/></region>
<text>
<par>
<line>V î..^.</line></par>
</text>
</block>
<block><region><rect/></region>
<text>
<par>
<line>/l’s</line></par>
</text>
</block>
<block><region><rect/></region>
<text>
<par>
<line>s:/ /</line></par>
</text>
</block>
<block><region><rect/></region>
<text>
<par>
<line>•N--</line></par>
</text>
</block>
<block><region><rect/></region>
<text>
<par/>
</text>
</block>
<block><region><rect/></region>
<text>
<par/>
</text>
</block>
<block><region><rect/></region>
<text>
<par/>
</text>
</block>
<block><region><rect/></region>
<text>
<par>
<line>^‘ï</line></par>
</text>
</block>
<block><region><rect/></region>
<text>
<par/>
</text>
</block>
<block><region><rect/></region>
<text>
<par/>
</text>
</block>
<block><region><rect/></region>
<text>
<par>
<line>•ty»</line></par>
</text>
</block>
<block><region><rect/></region>
<text>
<par/>
</text>
</block>
<block><region><rect/></region>
<text>
<par>
<line>■■■■■??</line></par>
</text>
</block>
<block><region><rect/></region>
<text>
<par>
<line>CTi,!</line></par>
</text>
</block>
<block><region><rect/></region>
<text>
<par>
<line>y iï</line></par>
</text>
</block>
<block><region><rect/></region>
<text>
<par>
<line>CD</line></par>
<par>
<line>CD</line></par>
<par>
<line>O)</line></par>
</text>
</block>
<block><region><rect/></region>
<text>
<par>
<line>&gt;</line></par>
<par>
<line>&lt;</line></par>
<par>
<line>CD</line></par>
</text>
</block>
<block><region><rect/></region>
<text>
<par>
<line>_a)</line></par>
<par>
<line>i_r</line></par>
<par>
<line>O</line></par>
<par>
<line>■q)</line></par>
<par>
<line>-4—'</line></par>
<par>
<line>&lt;</line></par>
<par>
<line>I</line></par>
<par>
<line>O</line></par>
<par>
<line>O</line></par>
<par>
<line>O</line></par>
<par>
<line>LO</line></par>
<par>
<line>(N</line></par>
</text>
</block>
<block><region><rect/></region>
<text>
<par>
<line>0</line></par>
</text>
</block>
<block><region><rect/></region>
<text>
<par/>
</text>
</block>




















</page>
</AC2>