<?xml version="1.0" encoding="UTF-8"?><AC2>
<page width="3306" height="4678" resolution="400">
<block><region><rect/></region>
<text>
<par/>
</text>
</block>
<block><region><rect/></region>
<text>
<par>
<line>Bureau des sites</line></par>
</text>
</block>
<block><region><rect/></region>
<text>
<par/>
</text>
</block>
<block><region><rect/></region>
<text>
<par>
<line>ARRETE</line></par>
</text>
</block>
<block><region><rect/></region>
<text>
<par>
<line>Le l'Hnistre de l*Educa,tion Nationale</line></par>
</text>
</block>
<block><region><rect/></region>
<text>
<par>
<line>?u la loi du 2 rnai 19^0 concernant la protection des monuments</line>
<line>natiurels et des sites de caractère artistique, historique, scienti¬</line>
<line>fique, légendaire ou pittoresque et notamment 1‘article 4,</line></par>
<par>
<line>Yu l*aYis émis par la commission des sites perspectives et</line>
<line>paysages de l‘0ise dans sa séance du ^CN^vèJiïbrfe 1:948,</line></par>
</text>
</block>
<block><region><rect/></region>
<text>
<par>
<line>ARRETE :</line></par>
</text>
</block>
<block><region><rect/></region>
<text>
<par>
<line>Article 1er»- Est inscrit sur 1‘inventaire des sites pittores¬</line>
<line>ques de l’Oise l’ensemble formé à SEWSIS par l’hôtel sis 14 rue</line>
<line>Bellon et ses abords.</line></par>
</text>
</block>
<block><region><rect/></region>
<text>
<par>
<line>Parcelles cadastrales visées</line></par>
</text>
</block>
<block><region><rect/></region>
<text>
<par>
<line>n°s 631 à 835, section H du plan cadastral de Senlis</line>
<line>Propriétaire intéressé i</line></par>
<par>
<line>commune de Senlis . - -</line></par>
<par>
<line>Articlè 2«- Le présent arrêté sera notifié au préfet du</line>
<line>département pour les archives de la préfecture, au toaire de la</line>
<line>commune qui seront responsables chacun en ce qui le concerne de</line>
<line>son exécution»</line></par>
</text>
</block>
<block><region><rect/></region>
<text>
<par>
<line>Paris, le » ■ ul-o. mü</line>
<line>Par délégation</line></par>
<par>
<line>Le Directeur de l’Architecture</line></par>
</text>
</block>
<block><region><rect/></region>
<text>
<par>
<line>1 7 DEC. 1948</line></par>
</text>
</block>

















</page>
</AC2>