<?xml version="1.0" encoding="UTF-8"?><AC2>
<page width="1653" height="2338" resolution="200">
<block blockType="Table" blockName="" l="44" t="30" r="1628" b="650"><region><rect/></region>
<row>
<cell rightBorder="White" bottomBorder="White" width="474" height="112">
<text>
<par/>
</text></cell>
<cell leftBorder="White" rightBorder="White" bottomBorder="White" width="190" height="112">
<text>
<par/>
</text></cell>
<cell leftBorder="White" bottomBorder="White" width="920" height="112">
<text>
<par>
<line>MORBIHAN</line></par>
</text></cell></row>
<row>
<cell topBorder="White" rightBorder="White" bottomBorder="White" width="474" height="165">
<text>
<par>
<line>U*K;.L:iOiN DE l’</line></par>
<par>
<line>ARCHi LECTURE</line></par>
</text></cell>
<cell colSpan="2" leftBorder="White" topBorder="White" bottomBorder="White" width="1110" height="165">
<text>
<par>
<line>QUIBERON</line></par>
</text></cell></row>
<row>
<cell colSpan="3" topBorder="White" bottomBorder="White" width="1584" height="78">
<text>
<par>
<line>Sî PIERRE DE QUIBERON</line></par>
</text></cell></row>
<row>
<cell topBorder="White" rightBorder="White" bottomBorder="White" width="474" height="127">
<text>
<par>
<line>SITES</line></par>
</text></cell>
<cell colSpan="2" leftBorder="White" topBorder="White" bottomBorder="White" width="1110" height="127">
<text>
<par>
<line>CANTON: QUIBERON</line></par>
<par>
<line>ARRONDT LORIENT</line></par>
<par>
<line>•</line></par>
</text></cell></row>
<row>
<cell topBorder="White" rightBorder="White" width="474" height="138">
<text>
<par>
<line>CLASSEMENT</line></par>
</text></cell>
<cell colSpan="2" leftBorder="White" topBorder="White" width="1110" height="138">
<text>
<par>
<line>LA COTt SAUVAGt</line></par>
</text></cell></row>
</block>
<block><region><rect/><rect/></region>
<text>
<par>
<line>P*.* d« B«d en Aud</line></par>
<par>
<line>^^\\\</line></par>
</text>
</block>
<block><region><rect/></region>
<text>
<par>
<line>V.*&amp; GroU**</line></par>
</text>
</block>
<block><region><rect/></region>
<text>
<par>
<line>PÇ^du P*rcho</line></par>
</text>
</block>
<block><region><rect/></region>
<text>
<par>
<line>9 i</line></par>
</text>
</block>
<block><region><rect/></region>
<text>
<par/>
</text>
</block>
<block><region><rect/></region>
<text>
<par/>
</text>
</block>
<block><region><rect/></region>
<text>
<par>
<line>Port.Bl«*vQ _A</line></par>
</text>
</block>
<block><region><rect/></region>
<text>
<par/>
</text>
</block>
<block><region><rect/></region>
<text>
<par>
<line>AnbC dM Cie^r^ M</line></par>
</text>
</block>
<block><region><rect/></region>
<text>
<par>
<line>\&gt;</line></par>
</text>
</block>
<block><region><rect/></region>
<text>
<par>
<line>5?:</line></par>
</text>
</block>
<block><region><rect/></region>
<text>
<par>
<line>*»«•</line></par>
</text>
</block>
<block><region><rect/></region>
<text>
<par>
<line>Port- har</line></par>
</text>
</block>
<block><region><rect/></region>
<text>
<par/>
</text>
</block>
<block><region><rect/></region>
<text>
<par/>
</text>
</block>
<block><region><rect/></region>
<text>
<par>
<line>ttA* AA K4rrft</line></par>
</text>
</block>
<block><region><rect/></region>
<text>
<par>
<line>ECHELLE; 1 /4.000</line></par>
</text>
</block>
<block><region><rect/></region>
<text>
<par>
<line>COMMUNE</line></par>
</text>
</block>
<block><region><rect/></region>
<text>
<par>
<line>D E</line></par>
</text>
</block>
<block><region><rect/><rect/></region>
<text>
<par>
<line>SAliri PIERRE DE OUIBERON</line></par>
</text>
</block>
<block><region><rect/></region>
<text>
<par>
<line>P!î J« Mistobd</line></par>
</text>
</block>
<block><region><rect/></region>
<text>
<par/>
</text>
</block>
<block><region><rect/></region>
<text>
<par>
<line>A*i%t de Kernii</line></par>
</text>
</block>
<block><region><rect/><rect/><rect/><rect/></region>
<text>
<par>
<line>Anse de Sauou**^^ I H</line></par>
<par>
<line>1 t-</line></par>
</text>
</block>
<block><region><rect/></region>
<text>
<par>
<line>Port de Ker</line></par>
</text>
</block>
<block><region><rect/></region>
<text>
<par>
<line>Trou du Souffleur</line></par>
</text>
</block>
<block><region><rect/></region>
<text>
<par>
<line>COMMUNE</line></par>
</text>
</block>
<block><region><rect/></region>
<text>
<par>
<line>D E</line></par>
</text>
</block>
<block><region><rect/></region>
<text>
<par>
<line>QUIBERON</line></par>
</text>
</block>





</page>
<page width="1653" height="2338" resolution="200">
<block><region><rect/><rect/></region>
<text>
<par>
<line>LEGENDE :</line></par>
<par>
<line>Partie cla«ee.</line></par>
<par>
<line>LirniU des communes.</line></par>
</text>
</block>
<block><region><rect/></region>
<text>
<par>
<line>5SS</line></par>
</text>
</block>
<block><region><rect/></region>
<text>
<par>
<line>lie</line></par>
</text>
</block>
<block><region><rect/></region>
<text>
<par>
<line>Qo«a icnncc</line></par>
</text>
</block>
<block><region><rect/></region>
<text>
<par/>
</text>
</block>
<block><region><rect/></region>
<text>
<par>
<line>^oint</line></par>
</text>
</block>
<block><region><rect/></region>
<text>
<par>
<line>de</line></par>
</text>
</block>
<block><region><rect/></region>
<text>
<par>
<line>I "Port Maria</line></par>
</text>
</block>
<block><region><rect/><rect/><rect/></region>
<text>
<par>
<line>AHRETB du 7 mai 1936</line></par>
<par>
<line>^ pazml les Honuments natorels et les Sites ds caraetëre ortistlqae, hlstoxi-</line></par>
<par>
<line>quea, sdentifiquev légendaire ou plttoreeque» la C9te Sauvage de la preequ'île de QOiberao» si¬</line>
<line>tuée sur les territoires des eoiaïuzaes de S&amp;IHT FISHBS QUIBSRCG (Kortdhaii) en ee qaX</line></par>
<par>
<line>eoDoerae les tBrreins mnewnrmT et la pexcella I* 1665pt eectian Zv de Quibercm apparten^t à Mes</line>
<line>ÎOI^iBLT, et à l'esBcXaslQn des terrains appartenant à l'Stat*</line></par>
<par>
<line>La sons classée est déliadtée de la façon suivante t</line>
<line>X« « CeaBBDs de (ÿOMam</line></par>
<par>
<line>k I*eiieet per l*Ooéan</line></par>
<par>
<line>k l*Svt par use ligne indiquée sur le plan annexé par les lettres AA* BCDSFGHIJ</line>
<line>ainsi Aéteretnée</line></par>
<par>
<line>A* B i4ppMi passant tangentlellezoant A la parcelle B* ZT62 (esAluse) le point B étant X*3EH</line>
<line>yi* I 0 d'une parcelle sitnée à la Jonction de la Halte de la falaise de Beg-ex^-lan*</line>
<line>Cette partie enrobe les pentes ouest de la falalss Beg^er-^an (per. 116&gt; — sset. X)</line></par>
<par>
<line>B C B ligna brlnée s'attacbant à l'ongle S 0 d'une «oclave privée située à la partie coBnKBS</line>
<line>du choiin pcès *er Itaecoette*, contoumsit oetto parcelle au I 0 , longeant la cBto</line>
<line>du précité Juaqu'A la Halte parcellaire du carrefour sis en B»</line></par>
<par>
<line>Cette partie enrobe les prîtes ouest de la falaise Mannét&amp;sur (pore* 399 - asetion X</line></par>
<par>
<line>B B ?) UgpA contournant la parosUe *er Orolaan* Juaqu'A l'angle ouest, oontlnant en ligne</line></par>
<par>
<line>C B } droite Juaqu'A l'mgls s.0. de la parcelle Foliben* et contournant A l'ouest œtta</line>
<line>parcelle. Cette partie englobe les pentes ouest de la fal€Lla0 de Xemé (parcelle</line>
<line>I* 2 B), y oonqirls la batterie de Kemé la parcelle B* 338 p, et le Trou du SouffImTc</line></par>
<par>
<line>B I J HgM» contoonunt les parcelles PoUben et Cran er Narfa, s'arrêtant A l*aii^ B de</line>
<line>cette deralAre et Joignant en ligne droite le point J situé sur la ligne séparative</line>
<line>des coammss de Cbilberan et de Saint Pierre de Qulberono</line></par>
<par>
<line>2* - r-«—ma as SAIBT FIERHS SE aUIBKaOB -</line></par>
<par>
<line>A l'eoest par l'Océan</line></par>
<par>
<line>A l'Sst per Hgy*» indlq;aée sur le plan annexé par les lettres JKLM50PQRST</line>
<line>ainai déterminée t</line></par>
<par>
<line>JT K A B : ligpft partant de l'an^ 3o0. de la parcelle ”Parc GuUvst* sur la liislte des doux</line>
<line>cooBunes (point J) longeant le oSté ouest le la dite parcelle, s'attacâicnt A</line>
<line>l'angle rentrant cBto aad« du polygone de tire (an^ rentrant cèté nord, du</line></par>
<par>
<line>P polygonq) s*lnterranq&gt;aat pour reprendre an point L situé dans Is proloognaent</line></par>
<par>
<line>de la J.K. prés du lieu dit Tare leuf du Fort" et sa poursuivant Juaqu'A</line></par>
<par>
<line>la pointe ouest de la parœlla Tare Taznieo".</line></par>
<par>
<line>Cet espace tto^^be les pentes ouest des falaises ds Jfoxvdhan et de Korgrols, de</line>
<line>Fort-Bara, l'anas d» Xergrols A l'exclusion de l'avancée appartenant A l'Btat</line>
<line>(MinistAre de la Guerre) - parcellee B® I2I - I22p - œctioa B -</line></par>
</text>
</block>
<block><region><rect/></region>
<text>
<par>
<line>BIO P</line>
<line>Q B S f</line></par>
</text>
</block>
<block><region><rect/><rect/><rect/><rect/></region>
<text>
<par>
<line>ligne partant du point H d-dssaus détszsLné, Joi^tant l'angle B 0 ds la poreelle</line>
<line>" er PouUeno Bras*, obUqpeat vers la parcelle Parc Beg er laod, oontaemBst</line>
<line>cette parcelle Juaqu'A son aa^ Bord *0 P G B S) et w temlnaat par œ li^</line></par>
<par>
<line>S T dans la prolocgasiant de la ligne B 0.</line></par>
<par>
<line>Cette partie eo^be les pentes ouest ds la falaise vers Xemaroa, Port Bd</line>
<line>la Batterie ds IVr^kO, Xs Fort Blanc la falaise et la pointe totale de ~</line>
<line>(parcelle B* 996 - ssotioB B).</line></par>
</text>
</block>

















</page>
</AC2>