<?xml version="1.0" encoding="UTF-8"?><AC2>
<page width="2479" height="3508" resolution="300">
<block blockType="Table" blockName="" l="236" t="294" r="2245" b="1250"><region><rect/></region>
<row>
<cell width="459" height="138">
<text>
<par>
<line>Libellé publié au</line>
<line>Journal Officiel</line></par>
</text></cell>
<cell width="1550" height="138">
<text>
<par>
<line>Sommet de Ménez Hellen</line></par>
</text></cell></row>
<row>
<cell width="459" height="80">
<text>
<par>
<line>Commune</line></par>
</text></cell>
<cell width="1550" height="80">
<text>
<par>
<line>Edern</line></par>
</text></cell></row>
<row>
<cell width="459" height="81">
<text>
<par>
<line>Département</line></par>
</text></cell>
<cell width="1550" height="81">
<text>
<par>
<line>Finistère</line></par>
</text></cell></row>
<row>
<cell width="459" height="81">
<text>
<par>
<line>Lien sur Gallica</line></par>
</text></cell>
<cell width="1550" height="81">
<text>
<par>
<line>http://gallica.bnf.fr/ark:/12148/bpt6k6541382q/f9.image</line></par>
</text></cell></row>
<row>
<cell width="459" height="195">
<text>
<par>
<line>Lien sur Légifrance</line></par>
</text></cell>
<cell width="1550" height="195">
<text>
<par>
<line>https://www.le2ifrance.2ouv.fr/affichSarde.do?</line></par>
<par>
<line>reprise=true&amp;pa2e=1&amp;idSarde=SARDOBJT000007104572&amp;ordre=CROIS</line></par>
<par>
<line>SANT&amp;nature=&amp;2=ls</line></par>
</text></cell></row>
<row>
<cell width="459" height="81">
<text>
<par>
<line>Références du JO</line></par>
</text></cell>
<cell width="1550" height="81">
<text>
<par>
<line>JO 16-12-1930 p. 13702-13706</line></par>
</text></cell></row>
<row>
<cell width="459" height="138">
<text>
<par>
<line>Nom dans la base de</line>
<line>données SIG</line></par>
</text></cell>
<cell width="1550" height="138">
<text>
<par>
<line>AC2_Edern_Menez_Hellen</line></par>
</text></cell></row>
<row>
<cell width="459" height="81">
<text>
<par>
<line>Date de l’acte</line></par>
</text></cell>
<cell width="1550" height="81">
<text>
<par>
<line>Arrêté du 19/08/1910</line></par>
</text></cell></row>
<row>
<cell width="459" height="81">
<text>
<par>
<line>Type de site</line></par>
</text></cell>
<cell width="1550" height="81">
<text>
<par>
<line>classé</line></par>
</text></cell></row>
</block>














</page>
</AC2>