<?xml version="1.0" encoding="UTF-8"?><AC2>
<page width="2484" height="3508" resolution="300">
<block><region><rect/></region>
<text>
<par>
<line>Monsieur DONZE T Arçhïia ot é en chef</line></par>
</text>
</block>
<block><region><rect/></region>
<text>
<par>
<line>uiMSTiiKE;:. ;</line></par>
</text>
</block>
<block><region><rect/></region>
<text>
<par>
<line>UÉPUlîLjQlJE FRANÇAISE</line></par>
</text>
</block>
<block><region><rect/></region>
<text>
<par>
<line>-ÉDECilTION KATIOmE.</line></par>
</text>
</block>
<block><region><rect/></region>
<text>
<par>
<line>ARCH£ïiéS"URE</line></par>
</text>
</block>
<block><region><rect/></region>
<text>
<par>
<line>ARRETE</line></par>
</text>
</block>
<block><region><rect/></region>
<text>
<par>
<line>f</line></par>
</text>
</block>
<block><region><rect/></region>
<text>
<par>
<line>i</line></par>
<par>
<line>i</line></par>
<par>
<line>a</line></par>
<par>
<line>ï</line></par>
</text>
</block>
<block><region><rect/></region>
<text>
<par>
<line>5</line></par>
<par>
<line>3</line></par>
</text>
</block>
<block><region><rect/></region>
<text>
<par>
<line>Vu IsL loi da a snl X|fO la a&amp;a</line></par>
<par>
<line>ffioïiaasuls fôiturtia «t â«ii mMm de earee^^sre srttetiqaÉ^ ais-</line>
<line>teriguô;, ©slenttfi^pa» Irfg-sariaiivîs «a pit1»^x*eeq^tÿ</line></par>
<par>
<line>ta l»a^»t3 IMS* le- Seetim Btratoaeitte de le Cûi'aEiasi&amp;ïs</line>
<line>de» eitee, et peyeafiee de le ^leate-lolra -laiis m-</line></par>
<par>
<line>eéeaoe du li ml</line></par>
<par>
<line>tu l*aeie dsls per 1* Comlsel^ ei^^rleare dee eiti^ ûmm</line>
<line>m e^eaee da IS fallut 1950|</line></par>
<par>
<line>Va bîi aa IV ml 195© deande per M üôasail</line></par>
<par>
<line>Oémx&amp;l m la laut^mirs mm^a ee edeem du 19 -eiiii .iâ&gt;c- p9im</line></par>
<par>
<line>le» seetlee Hî emnme de Caj^s at lp«</line></par>
<par>
<line>seoticÊ a* c^t^ESÆjT^: 4û .^.temîst et^leeléei</line></par>
<par>
<line>m Xos ârnm&amp;i&amp;ïm ©a dete iai S4 a»at 195© dcaa^e poar</line></par>
<par>
<line>M*sl'ïAl.i5ri l’iitf:-:* -dssauffsat 2 fg »a Pi^ poar 2ê ^pryrsvûlê</line></par>
<par>
<line>a®ip«, eetitis msmsm -â^.. ‘mmmt St-Üee]^ et pgtr iiiQ:iL</line>
<line>fi.o£8r, &lt;î3â^;cji-iot 4©-M «a pofar le» permUé» n^Sp*</line></par>
<par>
<line>et Seetlee oemtee du Beuebet 3t»£îlcei»a«</line></par>
</text>
</block>
<block><region><rect/></region>
<text>
<par>
<line>AESm I</line></par>
</text>
</block>
<block><region><rect/></region>
<text>
<par>
<line>le lao ^ ^ot»^t et um ^rtle de «e»</line>
<line>Fas’sîi^^a^ia^'stmlas 5©t#5n9.51©* eoaewa» de Oeapt^B R^otlürlHï</line></par>
<par>
<line>et i»*4p,^^p, eossmee du louelaet ©t-^lo^Lee# eeome» ^*-5 amt</line>
<line>alasàws parut le» site» et-U^fflumte'naturA» de ear-astî«</line>
<line>afftlstliF-Sf îiiaterl^ïoe* »eie»tifiqu»t Idgendeire ou ptttaÿ©»^.</line></par>
<par>
<line>Artlele le prdeeiït a«^it&lt;S eera notifié au préfet</line>
<line>déieirmnmf de 1» i^ute-Lolre, au j^el^Umt du ©&lt;msetl Ffeiyal</line>
<line>aux Maire» de» eomsiea éi Oaÿrea et du Buuedset 3VÊmc4a9</line>
<line>alnel &lt;^*â ^»?AaEB et gui eeront reepcmeenie» ebeêue e»</line>
<line>ee gxa le oouceme de eou exleutlm.</line></par>
<par>
<line>mticid Il eera traoeerit au »urdmu de» la^pethi^^ae de</line>
<line>&lt;1» eimfËi.0îi du Bit» olaeed*</line></par>
</text>
</block>
<block><region><rect/></region>
<text>
<par>
<line>f</line></par>
</text>
</block>
<block><region><rect/></region>
<text>
<par>
<line>i</line></par>
<par>
<line>i</line></par>
<par>
<line>3</line></par>
<par>
<line>ï</line></par>
</text>
</block>
<block><region><rect/></region>
<text>
<par>
<line>3</line></par>
<par>
<line>3</line></par>
</text>
</block>
<block><region><rect/></region>
<text>
<par>
<line>PAH13* 1# 21 septembre 1950</line></par>
<par>
<line>Par délégation</line>
<line>le Pirec tenr de. Cabinet</line>
<line>A.FÛHTil'ÎIER</line></par>
</text>
</block>























</page>
</AC2>