<?xml version="1.0" encoding="UTF-8"?><AC2>
<page width="1669" height="2349" resolution="200">
<block><region><rect/></region>
<text>
<par>
<line>Riÿjr'UBLI'*,!Jjj Rx{AN'-'A*Io*j</line></par>
</text>
</block>
<block><region><rect/></region>
<text>
<par>
<line>Ministère d'Stat</line>
<line>Affaires Culturelles</line></par>
</text>
</block>
<block><region><rect/></region>
<text>
<par>
<line>ARRETE</line></par>
</text>
</block>
<block><region><rect/></region>
<text>
<par>
<line>Le Ministre d^Etat charge des</line>
<line>Affaires Culturelles</line></par>
</text>
</block>
<block><region><rect/></region>
<text>
<par>
<line>•VU la loi du 2 Ivîai 1930 réorganisant .la pro'tectidn des</line></par>
<par>
<line>Monuments ÏTaturels et dés Sites de caractère artistiquej</line>
<line>historique, scientifique, légendaire ou pittoresque et</line>
<line>notamment les articles 4 et o î</line></par>
<par>
<line>VU la loi du 12 Avril 1943 portant réglementation de la pu¬</line>
<line>blicité et des enseignes et notarament les articles 5 et 9</line></par>
<par>
<line>'VU le décret du 3 Février 1959 relatif aux attributions d*un</line>
<line>Ministre d'Jtat |</line></par>
<par>
<line>VU le décret du 23 Juillet 1959 portant organisation du Mi¬</line>
<line>nistère d^itat chargé des Affaires Culturelles ;</line></par>
<par>
<line>VU le décret du I8 Mars I960 portant application .du décret</line>
<line>du 7 Février 1959 relatif au camping et notamment les</line>
<line>articles 2 et 6 j , ,</line></par>
<par>
<line>-s</line></par>
<par>
<line>VU l’avis émis par la Commission Départementale des Sitesj</line>
<line>Perspectives et Paysages des Côtes-du-Nord dans sa séance</line>
<line>du 4 Mai 1951 ;</line></par>
<par>
<line>i:</line></par>
<par>
<line>VU les adhésions au classement données par les propriétaires</line>
<line>intéressés ;</line></par>
<par>
<line>VU les refus d'adhésion des autres propriétaires intéressés*</line></par>
<par>
<line>ARRETE :</line></par>
</text>
</block>
<block><region><rect/></region>
<text>
<par>
<line>Article 1er - Sont classées parmi les Sites pittoresques les</line>
<line>parties du village de LOG-ENVEL (CÔtes-dU -Nord) comprenant</line>
<line>les parcelles cadastrales suivantes :</line></par>
</text>
</block>
<block><region><rect/></region>
<text>
<par>
<line>Section A - N^ 87 à 89 inclus - ICI à 107 inclus - I2I à'</line>
<line>12^5 inclus - 361 à 366 inclus - 368 - 371 à 374 inclus et</line>
<line>376i</line></par>
</text>
</block>




</page>
<page width="1659" height="2342" resolution="200">
<block><region><rect/></region>
<text>
<par>
<line>2</line></par>
</text>
</block>
<block><region><rect/></region>
<text>
<par>
<line>Article 2 - Sont inscrites à l'Inventaire des Sites pittorej</line>
<line>ques du département des Côtes-du-î’ï'ord les autres parties de</line>
<line>ce village pour lesquelles les propriétaires intéressés n'oi</line>
<line>pas donne leur adhésion au classement et qui comprennent leï</line>
<line>parcelles cadastrales suivantes ;</line></par>
<par>
<line>Section A : n^ 100 - I08 - 126 - 127 - 208 - 367 - 369 - 37(</line></par>
<par>
<line>it” 375e</line></par>
<par>
<line>Article 3 - présent arrêté sera notifié au Préfet des</line>
<line>Côtes-du-Nord, au lÆaire de la commune de LOO-JNVIL et aux</line>
<line>propriétaires intéressés, qui seront responsables,- chacun</line>
<line>en ce qui le concerne, de son exécution.</line></par>
<par>
<line>Article 4 - Il sera transcrit au bureau des hypothèques de</line>
<line>ïa situation du site protégé.</line></par>
</text>
</block>
<block><region><rect/></region>
<text>
<par>
<line>Fait à Paris, le 25 Février 1963</line></par>
</text>
</block>
<block><region><rect/></region>
<text>
<par>
<line>Pour le Ministre et par Délégation</line></par>
<par>
<line>le Directeur Général de l'Architecture,</line></par>
</text>
</block>
<block><region><rect/></region>
<text>
<par>
<line>Pour ampliation •</line>
<line>1'Administrateur</line></par>
</text>
</block>
<block><region><rect/></region>
<text>
<par>
<line>signé : P.^CH3T</line></par>
</text>
</block>
<block><region><rect/></region>
<text>
<par>
<line>Civil - chargé des Sites</line></par>
</text>
</block>
<block><region><rect/></region>
<text>
<par>
<line>fî. COMBE</line></par>
</text>
</block>
<block><region><rect/></region>
<text>
<par>
<line>» '</line></par>
</text>
</block>





</page>
</AC2>