<?xml version="1.0" encoding="UTF-8"?><AC2>
<page width="1700" height="2371" resolution="200">
<block><region><rect/></region>
<text orientation="RotatedCounterclockwise">
<par/>
</text>
</block>
<block><region><rect/></region>
<text>
<par>
<line>REPUBLIQUE FRANÇAISE</line></par>
</text>
</block>
<block><region><rect/></region>
<text>
<par>
<line>MINISTÈRE DE L'ÉQUIPEMENT. DU LOGEMENT.</line>
<line>DE L’AMÉNAGEMENT DU TERRITOIRE</line>
<line>ET DES TRANSPORTS</line></par>
</text>
</block>
<block><region><rect/></region>
<text>
<par>
<line>NÛR EQU.U. 870081 1 - D •</line></par>
</text>
</block>
<block><region><rect/></region>
<text>
<par/>
</text>
</block>
<block><region><rect/></region>
<text>
<par>
<line>ur.'^</line></par>
</text>
</block>
<block><region><rect/></region>
<text>
<par>
<line>I \ DEC. 1987</line></par>
<par>
<line>DÉCRET</line></par>
</text>
</block>
<block><region><rect/></region>
<text>
<par>
<line>Portant classement parmi les sites du département du FINISTO^ du</line>
<line>formé par ‘la pointe du Raz sur les ccmnjnes de PLOCCFF et</line>
<line>ŒEDeN-GûP-SIZLN.</line></par>
</text>
</block>
<block><region><rect/></region>
<text>
<par>
<line>s i te</line>
<line>de</line></par>
</text>
</block>
<block><region><rect/></region>
<text>
<par>
<line>LE PREMIER MINISTRE</line></par>
<par>
<line>Sur le rapport du Ministre de l'Equipement, du Logement, de l’Aménagement du</line>
<line>Territoire et des Transports.</line></par>
</text>
</block>
<block><region><rect/></region>
<text>
<par>
<line>VU la loi du 2 mai 1930 réorganisant la protection des monuments naturels</line>
<line>et des sites de caractère artistique, historique, scientifique, légendaire ou</line>
<line>pittoresque, modifiée par la loi n° 67.1 174 du 28 décembre 1967 et en</line>
<line>particulier ses articles 5.1, 7 et 8 ensemble le décret n® 69.607 du 13 juin</line>
<line>1969 pris pour son application ;</line></par>
<par>
<line>VU les arrêtés ministériels portant inscription à l'inventaire des</line>
<line>sites du départarent du Finistère des parcelles situées à la pointe et</line>
<line>à la montagne de Castel Meur en date du 30 août 1946, sur le Tertre de</line>
<line>l'ancien sémaphore de Lescoff en date du 30 août 1946, de la baie des</line>
<line>Trépassés et du reste de ses abords en date des 30 août 1946 et 25</line>
<line>novembre 1958 et sur la pointe du Raz en date du 10 janvier 1963 ;</line></par>
<par>
<line>VU le décret portant classèrent parmi les sites du département du</line>
<line>Finistère de la pointe du Van en date du 11 octobre 1958</line></par>
<par>
<line>VU les résultats de l'enquête publique prescrite par arrêté préfectoral</line>
<line>en date du 25 août 1983 et notanment l'absence de consentement de</line>
<line>certains propriétaires ;</line></par>
<par>
<line>VU l’avis émis par la Commission Départementale des Sites, Perspectives</line>
<line>et Paysages du Finistère en date du 3 février 1984 ;</line></par>
</text>
</block>
<block><region><rect/></region>
<text>
<par>
<line>J.O.1V299 2 6 0EC,‘,&amp;â?</line></par>
</text>
</block>

</page>
<page width="1673" height="2352" resolution="200">
<block><region><rect/></region>
<text>
<par>
<line>. f</line></par>
</text>
</block>
<block><region><rect/></region>
<text>
<par>
<line>- 2 -</line></par>
</text>
</block>
<block><region><rect/></region>
<text>
<par>
<line>VU l'avis éni s par la Grimission Supérieure des Sites, Perspectives</line>
<line>et Paysages en date du 2 avril 1985 ;</line></par>
<par>
<line>Le Conseil d'Etat (Section des Travaux Pub.lics) entendu :</line></par>
<par>
<line>OZNSIDER/WT que la conservât ion,,du site de la pqinte du Raz en raison de</line>
<line>son caractère pittoresque, présente un intérêt général au sens de</line>
<line>l'article 4 de la loi du 2 mai 1930 susvisée ;</line></par>
</text>
</block>
<block><region><rect/><rect/></region>
<text>
<par>
<line>DECRETE</line></par>
<par>
<line>ARTICLE 1er : Est classé parmi les sites pittoresques du département du</line>
<line>^FINISTERE l'ensemble formé sur les communes de PLCGOFF et</line>
<line>Q-EDEN-CAP-SIZLN par le site de la pointe du Raz délimité corme suit,</line>
<line>conformément à la carte au 1/250,00e çt, .^ux plans cadastraux annexés au</line>
<line>présent décret.</line></par>
<par>
<line>Premier ensemble</line></par>
<par>
<line>Point de départ : intersection des lieux-dits KERINCAR et POINTE DU</line>
<line>MUTCN avec la limite du doraine public maritime (comune de PLpODFF,</line>
<line>section BC).</line></par>
<par>
<line>O^^KtM^-DE'PLèCCfF ■■ ■ V.' ■’</line></par>
<par>
<line>Section BC</line></par>
<par>
<line>- limite Nord-Est des parcelles n° 335, 139 à 143</line></par>
<par>
<line>- portion de la limite Nord-Cgest de la .parçeile 143 •</line></par>
<par>
<line>- limite Nord-Est des parcelTes 144',' 145, 399, 398, 172, 171 et I7Q</line></par>
<par>
<line>- portion de la limite Est de la parcelle 169</line></par>
<par>
<line>Sect ion AZ . .....</line></par>
<par>
<line>'*/</line></par>
<par>
<line>- limites E.st et Nord de la parcelle,n® 79 - , :</line></par>
<par>
<line>- 1 imi tes Nord des parce 1 lés' 77 et 76 ^ -</line></par>
<par>
<line>- franchi ssenént d'ùn chOTlin ' ■ ; • ■</line></par>
<par>
<line>- 1 imite Est de la parcel le n“ .61 &gt; ..&lt;■. .</line></par>
<par>
<line>- limites Est et Nord de la parcelle n° 59 _ .r;</line></par>
<par>
<line>- portion de la i imi te No^d-Est de la parcelle n® 6/f</line></par>
<par>
<line>- portion de la 1imi te'Est de la parcelle h® 57</line></par>
<par>
<line>- franchi ssement d'un chemin ,</line></par>
<par>
<line>- limites Est et Nord de la parcelle ni® 122</line></par>
<par>
<line>- limites Nord des parcelles n° l'23, 125, 126, 129 et 128</line></par>
<par>
<line>Section BH</line></par>
<par>
<line>- limites Nord des parce I les L n.°' 173 , 175 à</line></par>
<par>
<line>- limites Nord et Ouest de la parce!le'n® 223</line></par>
<par>
<line>- limite Cvjesi 'et portion, dé la^ l.imiTe Sud .de</line></par>
<par>
<line>- 1 imite Qjest de la parcelfe n® 194</line></par>
<par>
<line>- franchissement de la voie ccmmjnale n® 4</line></par>
</text>
</block>
<block><region><rect/></region>
<text>
<par>
<line>181 ,.et 218 à 222</line>
<line>la -parcel le n® 213</line></par>
</text>
</block>
<block><region><rect/></region>
<text>
<par/>
</text>
</block>








</page>
<page width="1717" height="2383" resolution="200">
<block><region><rect/></region>
<text>
<par>
<line>- 3 -</line></par>
</text>
</block>
<block><region><rect/></region>
<text>
<par>
<line>Section B£</line></par>
<par>
<line>limites Nord des parcelles Î3 5. 1 34 , 13 3 , 1 32 et 131</line></par>
<par>
<line>- limites Nord et CXjest de la parcelle n® 130</line></par>
<par>
<line>- limites Ojest des parcelles n“ 161, 160, 159, 15S, 157,’ 156, 155 et</line></par>
<par>
<line>200 à 202</line></par>
<par>
<line>- limites Ojcst et Sud de la parcelle n° 203</line></par>
<par>
<line>- limite Sud de la parcelle n° 207 . .</line></par>
<par>
<line>- portion de la limite Ojest et lin', te Sud de la parcell.et n® 20S</line></par>
<par>
<line>Section AZ</line></par>
<par>
<line>- limites Sud des parcelles n° 1, 3 à 17, 20, 24, 25, et 29 à 31</line></par>
<par>
<line>Section EC</line></par>
<par>
<line>- limites Sud-Ojest des parcelles n° 108, 107, 106, 105, 104, 102,</line></par>
<par>
<line>lOr, 100 et 9^ ■</line></par>
<par>
<line>- ligne fictive joignant l'angîè Sud de là parcelle n® 99 à l'angle</line>
<line>Nord de la parcelle n® 382</line></par>
<par>
<line>- limite (Xiest de la parcelle n° 382</line></par>
<par>
<line>- limite du dcrmine public maritime jusqu'au point de' départ du 1er</line>
<line>ensemble.</line></par>
<par>
<line>Deuxième ensemble</line></par>
</text>
</block>
<block><region><rect/></region>
<text>
<par>
<line>En partant, pour le 2àTTe enserrble, de l'angle Nord-Es-t de la par^oCjlde n°</line>
<line>30 (ccrrrrune de Plogoff, section BC) et dans le—'sens inverse' des</line>
<line>aiguilles d'une montre : . ,</line></par>
<par>
<line>Section BC , , .</line></par>
<par>
<line>- limites Nord des'parcélles n° 30 'et 13'à'ï '</line></par>
<par>
<line>Section EO</line></par>
<par>
<line>- limites Nord des parcelles n° 227, 229 à 236, 244 et 258 à 272</line></par>
<par>
<line>- limites Nord-Est des parcelles n° 273 à 287 et 84</line></par>
<par>
<line>- ligne fictive joignant l'angle Nord-Est de la parcelle n° 84 à</line></par>
<par>
<line>l'angle Nord-Est de la parcelle n® 73 et traversant les parcelles</line>
<line>n® 85 à 90</line></par>
<par>
<line>- limites Est des parcelles n® 73, 72 et 71 .</line></par>
<par>
<line>- ligne fictive joignant l’angle Nord-Est dè la parcelle n° 71 à</line></par>
<par>
<line>l'angle Est de là par.celle h® 54 et traversant les parcelles n® 96 à</line>
<line>98 ■ \-</line></par>
<par>
<line>- limites Est et Nord de la parcelle n® 54</line></par>
<par>
<line>- limites Nord des parcelles n® 57 à 60</line></par>
<par>
<line>Section EK</line></par>
<par>
<line>- portion de la 1imi te Nord-Est de^ la parce I le n® 136</line></par>
<par>
<line>- 1 imi tes Nord et Es t dé I a. parce I 1 e n®‘ 189 . . .</line></par>
<par>
<line>- limites Est des parcelles n® 182, IS'l,, 178, 173 et 168</line></par>
<par>
<line>- ligne joignant l'angle Nord-Est de la parcelle o° 168 à l'angle</line></par>
<par>
<line>Sud-Est de la parcelle n® 151 _ .</line></par>
<par>
<line>■ ■■</line></par>
</text>
</block>








</page>
<page width="1663" height="2345" resolution="200">
<block><region><rect/></region>
<text>
<par>
<line>- U -</line></par>
</text>
</block>
<block><region><rect/></region>
<text>
<par>
<line>- limites Est et Nord de la parcelle n" 151</line></par>
<par>
<line>- 1 imites Nbrd des parcelles n° 150 et 149</line></par>
<par>
<line>- portion de Ja limite Nord de la parcelle n® 207</line></par>
<par>
<line>- limite Est de la parcelle n° 60</line></par>
<par>
<line>- portion de la limite Sud de la parcelle n° 62</line></par>
<par>
<line>- mitoyenneté de la parcelle 148 d'une part et des parcelles. 6-1. et</line>
<line>74 d'autre part</line></par>
<par>
<line>- ligne fictive joignant l'angle Nord-Est de la parcelle -.n® 74 à</line></par>
<par>
<line>l'angle Nord-Est de la parcelle n° 43 •</line></par>
<par>
<line>- limites Nord-Est des parcelles n® 43, 42 et 41</line></par>
<par>
<line>- portion de la limite Est de la parcelle n® 40: . .</line></par>
<par>
<line>- limites Nord des parcelles n° 40 à 29, 26, 25, 23 à 5, 3 et 2</line></par>
<par>
<line>Section BL</line></par>
<par>
<line>- .ligne fictive joignant l-'angle Nord-Ouest de la parce! te..2 (section</line>
<line>EK) à l'angle Nord-Est deda parcel-le 1-73 (section BL) .</line></par>
<par>
<line>- limite Nord de la parcelle 173</line></par>
<par>
<line>- ligne fictive joignant l'angle Nord-Ouest de la parcelle 173- à</line></par>
<par>
<line>l'angle Nord-Est de la parcelle n® 249</line></par>
<par>
<line>- limites Nord des parcelles n° 249, 248 et 247</line></par>
<par>
<line>- ligne fictive joignant l'angje Nord-Ouest de la parcelle n® 247</line></par>
<par>
<line>à l'angle Sud-Est de la parcelle n® 368</line></par>
<par>
<line>- limites Est et Nord de la parcelle n® 368</line></par>
<par>
<line>- limites Nord des parcelles n® 250 et 251</line></par>
<par>
<line>- limite Nord .et portion de. la ^1 imLte Ouest de la parcelle in® 252</line></par>
<par>
<line>- limites Nord des parcelles n® 367'et 238 à 232. .■ ;&gt;</line></par>
<par>
<line>- portion de la 1imite' Est dç:la parce!le. n® 317 ■</line></par>
<par>
<line>- limites Est des parcelles n®'-3'16 à-312</line></par>
<par>
<line>- ligne fictive joignant 1''angle ; Nofd-Es t. de la parcelle n® 312 à</line></par>
<par>
<line>l'angle Sud-Ouest-, de la parce-l.le- n® 268, et traversant la parcelle</line></par>
<par>
<line>n® 267 - ' . ' ;• - ■ . ^ , : . : '</line></par>
<par>
<line>- limites Est des parcelles n® 310 à 306</line></par>
<par>
<line>- limite Est et portion de la limite Nord de la parcelle n® 305</line></par>
<par>
<line>- limite Est et limite Nord-Est de la parcelle n® 2;96</line></par>
<par>
<line>- 1 imites Nord-Est des parcelles n® 297 à; 299</line></par>
<par>
<line>- portion de la limite Est et limite Nord de la parcelle n® 300</line></par>
<par>
<line>- limites Nord des parcelles n® 301 à 303 et 361 à 364</line></par>
<par>
<line>- 1 imites Nord-Ouest des parcelles n® 360 et 359</line></par>
<par>
<line>- portion de la limite Nord-Ouest de la parcelle n® 358</line></par>
<par>
<line>- limite Nord-Est de la parcelle n® 347</line></par>
<par>
<line>Section BQ</line></par>
<par>
<line>- ligne fictive joignant l'angle Nord-Ouest de la parcelle n® -347</line></par>
<par>
<line>(section BL) à l'angle Sud-Est. de la parcelle n® 262</line></par>
<par>
<line>- limites Est et Nord de la parcelle n®' 262 . . •</line></par>
<par>
<line>- portion de la limite Nord de la parcelle n® 261 .</line></par>
<par>
<line>- limite Nord de la parcelle n® 101</line></par>
<par>
<line>ligne fictive joignant 1 'angle Nord de la parcel le n® 101 à</line></par>
<par>
<line>l'angle Sud-Est de la parcelle f-n®,. 82 . ^</line></par>
<par>
<line>- 1 imi tes Es t des parce l les n® 82 e-t 81</line></par>
<par>
<line>- limites Est, Nord et Ouest de la parcelle n® 80 •</line></par>
<par>
<line>- limites Ouest des parcelles n®.8l à 84 .</line></par>
<par>
<line>- limites Nord dès parcelles n® 127 à 129 et 135 à 142</line></par>
<par>
<line>- limites Est et Nord de la parcelle n® 178</line></par>
<par>
<line>- limites Nord des parcelles n° 177 à 169</line></par>
</text>
</block>
<block><region><rect/></region>
<text>
<par/>
</text>
</block>




</page>
<page width="1683" height="2359" resolution="200">
<block><region><rect/></region>
<text>
<par>
<line>5</line></par>
</text>
</block>
<block><region><rect/></region>
<text>
<par>
<line>Sec rion DP</line></par>
<par>
<line>- ; irni res Nord des parcelles n® 74 et 72</line></par>
<par>
<line>- limites Est des parcelles n® 55 à 51</line></par>
<par>
<line>- portion de la limite Nord de la parcelle n® 51</line></par>
<par>
<line>Section</line></par>
<par>
<line>- limites Est et Nord de la parcelle n® 82</line></par>
<par>
<line>- limites Nord des parcelles n® 83 à 85</line></par>
<par>
<line>- mitoyenneté des parcelles n® 31 et 86</line></par>
<par>
<line>- limites Nord des parcelles n® 86- à 93</line></par>
<par>
<line>- 1imi tes Est et Nord de la parcelle n® 8</line></par>
<par>
<line>- portion de la limite Est de la parcelle n® !•.</line></par>
<par>
<line>- limites Est des parcelles n® Il et 12</line></par>
<par>
<line>- portions des limites Sud et Est de la parcelle n® 13</line></par>
<par>
<line>. - portion de la limite Sud, limites Est et Nord.de la parcelle n® 15</line></par>
<par>
<line>- limites Nord des ■'parcelles'n® 14, 13, 5-et 1</line></par>
<par>
<line>Section BX</line></par>
<par>
<line>- limite Nord de la parcelle n®"ll</line></par>
<par>
<line>- ^ 1 igae. f ict ive ■ joignant l'angle Nord-Oues^-t de la parcelle n® 11</line>
<line>à l'angle Nord-Est de la parcelle n® 2</line></par>
<par>
<line>limites Nord des parceJles n® 2 à 4., 7, 8 et 230 à 232</line></par>
<par>
<line>- limites Nord et 6uest de la parcelle n® 233 '</line></par>
<par>
<line>r limites Nord-Qjesî-. et 5ud-Ojes;t.de la pàTcelle'n® 23^ •'' '</line></par>
<par>
<line>- limite Sud-Ouest de Ik parcén'ie m®'-227^ ’ ' '' i"'</line></par>
<par>
<line>- portion de la 1 imi te^ Nord de^ lâi'parce! le n® 18^</line></par>
<par>
<line>- limites Nord des parcelles n®' 2'64^, ' 195, 245 et' 2SS ■ ' ' i</line></par>
<par>
<line>- limites Nord^et Ouest de- là parcelle n® 137 -</line></par>
<par>
<line>- portion de-'la; li'mfte 5:ord-'Ouest"et limite Sud-Ouèst-de-’là parcelle n® 139</line></par>
<par>
<line>- limites Sud-Qjest des parcelles n® 140 à 144</line></par>
<par>
<line>- portion de la limite Nord-Ouest de là parcelle n® 145</line></par>
<par>
<line>- mitoyenneté des parcelles 132, 131 , 128,' 127 d'une part et des</line></par>
<par>
<line>parcelles 125, 126 d'autre part : •</line></par>
<par>
<line>- portion de la limite Nord et portion de la limite Ouest de la</line>
<line>parce] lé 1-26</line></par>
<par>
<line>Section BY ■ ' ■ : .</line></par>
<par>
<line>- limite Nord-Est de la parcelle n® 101</line></par>
<par>
<line>- portion de la limite Nord-Est de la parcelle n® 104</line></par>
<par>
<line>- limites Sud des parcelles n® 86, 87, 89 et 90</line></par>
<par>
<line>- limites Sud et Est de la parcelle n® 91</line></par>
<par>
<line>- 1 imi te'Sud de la parcelle n® 78</line></par>
<par>
<line>- limites Sud, Est et Nord:'de la parcelle n® 77</line></par>
<par>
<line>- limites Nord des parcelles’n® 78 à 81</line></par>
<par>
<line>- portion de la limite Sud de la parcelle n®' 53</line></par>
<par>
<line>- limite Est de la parcelle n® 52 - '</line></par>
<par>
<line>- portion de la limite Nord de'la parcelle n® 52</line></par>
<par>
<line>- ligne fictive joignant l'angle Nord de la parcelle n® 52 à</line>
<line>l'angle Nord-Est de la parcelle n® 33</line></par>
<par>
<line>- portion de la limite .Nord de la' parcelle n® 33</line></par>
<par>
<line>- 1imi tes Est des parcelles n®' 31 à 28</line></par>
</text>
</block>




</page>
<page width="1675" height="2353" resolution="200">
<block><region><rect/></region>
<text>
<par>
<line>- 6 -</line></par>
</text>
</block>
<block><region><rect/></region>
<text>
<par>
<line>- limites Est et Nord de la parcelle n° 27</line></par>
<par>
<line>- limites Nord des parcelles n° 26, 2^, 23 et 22</line></par>
<par>
<line>- limite Nord-Est de la parcelle n® 21</line></par>
<par>
<line>Section BW</line></par>
<par>
<line>- limites Est des parcelles n° 344 à 348,. 355 à 357, 362, '368 à 370 et</line>
<line>380 à 3S3</line></par>
<par>
<line>Section BZ</line></par>
<par>
<line>- limite Est de la parcelle n® 227</line></par>
<par>
<line>- ligne fictive joignant l'angle Nord-Est' de la parcelle n° 227 à</line>
<line>l'ahgle Sud-Ojes,t de la parcelle n® 202 ,</line></par>
<par>
<line>- limites Sud, Est et Nord de la parcelle n® 202</line></par>
<par>
<line>- limite Nord de la parcelle n® 208 ”,</line></par>
<par>
<line>- portion de la limite Est de la parcelle n® 209</line></par>
<par>
<line>- portion de la limite Sud, limite Est et portion de la limite Nord de</line></par>
<par>
<line>la parcelle n® 206 . .- ' -</line></par>
<par>
<line>- limite Est de la parcelle n® 169 - -</line></par>
<par>
<line>- portion de la limite Sud et limite Est de la pàrcèlle'n® 166</line></par>
<par>
<line>- limites Est des parcelles n® 165 et 164</line></par>
<par>
<line>- limites Nord des parcelles n® 163, 98,et 76 ^</line></par>
<par>
<line>- portion de la limite Nord de la parcelle n® 75,</line></par>
<par>
<line>- limites Nord des parcelles n® 73, 42 et.43..</line></par>
<par>
<line>ligne fictive joignant l'angle. Nord-Cuest de/la parcelle ri® 435</line>
<line>à l'angle Sud-Est de la parcelle n®, 46</line></par>
<par>
<line>- limites Est des parcelles n® 46, 48 et 49 ,</line></par>
<par>
<line>- portion de la limite Sud-Est et limite Mord-Est dé._ la parcelle n® 51</line></par>
<par>
<line>- 1 imite Nord-Est de la parcel le n® J2^ . .</line></par>
<par>
<line>Section . . • . ' ^ ’</line></par>
</text>
</block>
<block><region><rect/></region>
<text>
<par>
<line>- portion de la limite Sud et limite Est de la parcelle n® 454</line></par>
<par>
<line>- limite Nord-Est de la parcelle n® 455</line></par>
<par>
<line>- limites Nord-Est et Nord de la parcelle n® 456</line></par>
<par>
<line>- ligne fictive joignant l'angle Nord-CXiest de la parcelle n® 456</line>
<line>à l'angle Sud de la parcelle n® 491</line></par>
<par>
<line>- limites Sud-Est, Nord-Est et Nord de la parcelle n® 491</line></par>
<par>
<line>- limites Nord des parcel,les n® 492 à 497</line></par>
<par>
<line>Section CD .</line></par>
<par>
<line>- 1 imite Nord-Ouest de la parcelle n® 172</line></par>
<par>
<line>- 1 imites Nord des parcelles n® 171 à 163 ^ ,</line></par>
<par>
<line>- limites Nord-Est, Nord et Nord-Ouest de la parcelle n® Vil</line></par>
<par>
<line>- limite Nord-Ouest.de la parcelle, n® 91 •</line></par>
<par>
<line>- limites Nord-Est, Nord-Ouest et portion . de - la limite Sud-Ouest de la</line>
<line>parcelle n® 88</line></par>
<par>
<line>- limite Ouest de la parcelle n® 57 - , . . .</line></par>
<par>
<line>- portion de la limite Nord de la parcelle n® 44^ ;</line></par>
<par>
<line>- limite Est de la parcelle n® 36</line></par>
<par>
<line>- limites Est et Nord de la parcelle n® 34</line></par>
<par>
<line>- limite Nord de la parcelle n® 35</line></par>
<par>
<line>- portion de la limite Nord de la parcelle n® 12</line></par>
<par>
<line>- limite Est de la parcelle n® 3</line></par>
<par>
<line>- portion de la limite Sud et limite Est de la parcelle n® l</line></par>
</text>
</block>
<block><region><rect/></region>
<text>
<par/>
</text>
</block>




</page>
<page width="1659" height="2342" resolution="200">
<block><region><rect/></region>
<text>
<par>
<line>- 7 -</line></par>
</text>
<text>
<par>
<line>Section AD</line></par>
</text>
</block>
<block><region><rect/></region>
<text>
<par>
<line>- ligne fictive joignant l’angle Nord de !a parcelle n” I (section CD) à</line>
<line>l'angle Sud-Est de la parcelle n° 21 et traversant la voie communale</line></par>
<par>
<line>- limites Nord-Est des parcelles n° 21 à 26</line></par>
<par>
<line>- limite Sud et portion de la limite Est de la parcelle n® 57</line></par>
<par>
<line>- limites Sud des parcelles n® 58 à 61</line></par>
<par>
<line>- limites Sud et Est de la parcelle n® '62</line></par>
<par>
<line>- ligne fictive joignant l’angle Nord-Est de la parcelle n° 62 à l’angle Sud^'Est</line>
<line>de la parcelle n® 129 et traversant la départementale n® 784</line></par>
<par>
<line>- limite Est des parcelles n® 129 à 137, 139 à 141</line></par>
<par>
<line>- limites Est des parcelles n® 143 à 146</line></par>
<par>
<line>- limites Est des parcelles n® 148 à 152, 154, 155</line></par>
<par>
<line>- limite Sud de la parcelle n® 204</line></par>
<par>
<line>- ligne fictive joignant l'angle 'Sud-Est de la parcelle n® 204 à l'angle</line>
<line>Sud-Ouest de la parcelle n® 202</line></par>
<par>
<line>- limites Sud des parcelles n® 202, 276 a 279 et i'97</line></par>
<par>
<line>Section AE' ' " . .</line></par>
<par>
<line>- limites Sud des parcelles n® 226, 225, 223, 222, 214, 213, 204, 203, 202,</line></par>
<par>
<line>201, 200, 193 et 192 '</line></par>
<par>
<line>- limite Est de la parcelle n® 191 '</line></par>
<par>
<line>- portion de la limite Nord de la parcelle n® 190</line></par>
<par>
<line>- limites Est des parcelles n® ISO à 185'</line></par>
<par>
<line>limites Sud et Est de la parcelle n® 38 ^</line></par>
<par>
<line>- limites Sud-Est dès pârcelles n^ '53, 54 'et-53 - ■ ■ ' : . :</line></par>
<par>
<line>- limite Sud-Est et portion de ' la limife -Est ^e ' la '|jarcellé' n® 52</line></par>
<par>
<line>- limites Sud et Est de la parcelle n®^ 5t) / ‘</line></par>
<par>
<line>- limite Est dè la parcelle n® 5^1 , ’</line></par>
<par>
<line>- portion de la limite Est de la parcelle n® 62 '</line></par>
<par>
<line>- portion de la limite Sud et limite Est de la parcelle n® 63</line></par>
<par>
<line>- portion de la limite Sud de la parcelle n® 64</line></par>
<par>
<line>Section AK</line></par>
</text>
</block>
<block><region><rect/></region>
<text>
<par>
<line>- portion de la limite Sud de la parcelle n® 1</line>
<line>Section Ai</line></par>
<par>
<line>r , -</line></par>
<par>
<line>- limites Sud-Ouest, Sud et Est de la parcelle n® 203</line>
<line>Section AK</line></par>
</text>
</block>
<block><region><rect/></region>
<text>
<par>
<line>- ligne fictive joignant l'angle' Est de la parcelle n® ' 203 (section .AI) à</line>
<line>l'angle Sud-Est de la parcelle n® 2</line></par>
<par>
<line>- portion de la limite Est de la parcelle n® 2</line></par>
<par>
<line>- limites Sud des parcelles n® 36, 35, 34, 33, 32, 31, 30, 29, 28, 27, 26, 201,</line>
<line>25, 24, 23, 22, 47, 50, 53, 56, 60, 63, 66, 69, 70, 73, 74, 77-, 78, 82, 84, 100</line>
<line>et 101</line></par>
<par>
<line>- limites Sud et Est de ia parcelle n® 102</line></par>
<par>
<line>- portion de la limite Est de la'parceli'e'n® 99</line></par>
</text>
</block>
<block><region><rect/></region>
<text>
<par/>
</text>
</block>





</page>
<page width="1653" height="2338" resolution="200">
<block><region><rect/></region>
<text>
<par>
<line>- 8 -</line></par>
</text>
<text>
<par>
<line>- limites Sud des parcelies n° 9S, 97. 96, 95, 94 et 93</line></par>
<par>
<line>- ligné fictive joignant l’angle Sud-Est de la parcelle n’’ 93 à l’angle Sud-Ouest</line>
<line>de la parcelle n° 127</line></par>
<par>
<line>- limites Ouest et Sud de la parcelle n° 126</line></par>
<par>
<line>- portion de la limite Ouest et limité Sud de la parcelle n° 156</line></par>
<par>
<line>- limites Sud des parcelles n° 155, 154, 1 53, 1 52, 151, 1 50, 149 et 148</line></par>
<par>
<line>- limite Sud et portion de la limite Nord-Est de la parcelle n° 142</line></par>
<par>
<line>- limites Sud et Est de la parcelle n° 146</line></par>
<par>
<line>- limite Est de la parcelle n° 144</line></par>
<par>
<line>COMMUNE DE CLEDEN-CAP-SIZUN</line></par>
</text>
</block>
<block><region><rect/></region>
<text>
<par>
<line>Section ZT</line></par>
</text>
</block>
<block><region><rect/></region>
<text>
<par>
<line>- limite Est et portion de la limite Nord de la parcelle n° 264</line></par>
<par>
<line>- limites Est et Nord de la parcelle n° 87</line></par>
<par>
<line>- limites Nord des parcelles n“ 90, 91 et 303</line></par>
<par>
<line>- ligne fictive joignant l'angle Nord-Ouest de la parcelle n° 303 à l'angle</line>
<line>Sud-Est de la parcelle n° 137 et traversant la voie communale n° 4</line></par>
<par>
<line>- portion de la limite Est de la parcelle n® 137</line></par>
<par>
<line>- ligne fictive joignant l'angle Sud-Ouest de la parcelle n® 170 au centre de</line>
<line>la limite Ouest de la parcelle n° 351 et traversant les parcelles n® 137 et</line>
<line>135a</line></par>
<par>
<line>- portion de la limite Est de la parcelle n® 351</line></par>
<par>
<line>- limites Est des parcelles n® 350 à 347</line></par>
<par>
<line>- limite Nord de la parcelle n® 347 '\ \ , *"!</line></par>
<par>
<line>- franchissement du chemin non dénommé „ , ■</line></par>
<par>
<line>- chemin non dénommé longeant au Nord-Est les parcelles n® 146a, 158, 4b,</line>
<line>172, 157 et 3</line></par>
<par>
<line>- limite Nord-Ouest de la parcelle n® 3 '</line></par>
<par>
<line>- ligne fictive joignant l'angle Quest de la parcelle n® 3 à l'angle Nord de</line>
<line>la parcelle n® 155 '</line></par>
<par>
<line>- limite Nord-Ouest de la parcelle n® 155</line></par>
<par>
<line>- limite du domaine public maritime jusqu'au point de départ du deuxième</line>
<line>ensemble sur'la commune de Piogoff (section BC)</line></par>
<par>
<line>ARTICLE 2 - Le présent décret remplace les arrêtés des 2 décembre 1909 et 2</line>
<line>mai 1912 ainsi que le décret du 28 octobre 1942 portant classement parmi les</line>
<line>sites du département du Finistère de portions du site classé par le présent</line>
<line>décret. *•</line></par>
<par>
<line>ARTICLE 3 - Le présent décret sera notifié au commissaire de la</line></par>
<par>
<line>République du Finistère et aux maires des communes concernées.</line></par>
<par>
<line>ARTICLE 4 - Le présent décret, la carte au l/25000ème et les plans cadastraux</line>
<line>annexes pourront être consultés à la préfecture du Finistère et dans les mairies</line>
<line>de PLOGOFF et CLEDEN-CAP-SIZUN.</line></par>
</text>
</block>
<block><region><rect/></region>
<text>
<par/>
</text>
</block>





</page>
<page width="1687" height="2362" resolution="200">
<block><region><rect/></region>
<text>
<par>
<line>- 9 -</line></par>
</text>
</block>
<block><region><rect/></region>
<text>
<par>
<line>ARTICLE 3 ~ Le Ministre de l'Equipement, du Logement, de l’Aménagentent du</line>
<line>Territoire et des Transports et le Ministre Délégué auprès du Ministre de</line>
<line>l'Equipement, du Logement, de l'Aménagement du Territoire et des Transports.</line>
<line>Chargé de l'Environnement sont chargés de l'exécution du présent décret qui</line>
<line>sera publié au Journal Officiel de la République Fran&lt;;aise.</line></par>
</text>
</block>
<block><region><rect/></region>
<text>
<par>
<line>Fait à Paris, le</line></par>
</text>
</block>
<block><region><rect/></region>
<text>
<par>
<line>•• • - ' .-3</line></par>
</text>
</block>
<block><region><rect/></region>
<text>
<par>
<line>Par le Premier Ministre</line></par>
</text>
</block>
<block><region><rect/></region>
<text>
<par>
<line>Le Ministre de l'Equipement, -, ' [...</line></par>
<par>
<line>du Logement, de l'Aménagement . , ’ '' ‘</line></par>
<par>
<line>du Territoire et des^Jransports -, ' / ^</line></par>
<par>
<line>•** * t f / / ^ ^ / l, ' ■l' ' ' i 1</line></par>
<par>
<line>_ . , _ ,. Lé 'Ministre Délégué-aupr,ès ,</line></par>
<par>
<line>■■ ■ ' ■ '■ 'du'M'inistre de‘r'Equipément, '</line></par>
<par>
<line>^Terrs MEHA;ô. i du Logement, dé l'Aménagement</line></par>
<par>
<line>du Territoire et des Transpors,</line>
<line>Chargé de l'Environnement</line></par>
</text>
</block>


</page>
<page width="2480" height="3507" resolution="300">
<block><region><rect/></region>
<text>
<par>
<line>‘A</line></par>
</text>
</block>
</page>
<page width="2480" height="3507" resolution="300">
<block><region><rect/></region>
<text>
<par>
<line>■O</line></par>
</text>
</block>
<block><region><rect/><rect/><rect/></region>
<text>
<par/>
</text>
</block>
<block><region><rect/></region>
<text>
<par/>
</text>
</block>
<block><region><rect/></region>
<text>
<par>
<line>.r*</line></par>
<par>
<line>' ^ / ■</line></par>
</text>
</block>
<block><region><rect/></region>
<text>
<par/>
</text>
</block>
<block><region><rect/></region>
<text>
<par>
<line>V</line></par>
</text>
</block>
<block><region><rect/></region>
<text>
<par>
<line>.r-'s:' ■</line></par>
</text>
</block>
<block><region><rect/></region>
<text>
<par>
<line>X , t</line></par>
</text>
</block>
<block><region><rect/></region>
<text>
<par/>
</text>
</block>
<block><region><rect/></region>
<text>
<par>
<line>'-f.v</line></par>
</text>
</block>
<block><region><rect/></region>
<text>
<par/>
</text>
</block>
<block><region><rect/></region>
<text>
<par/>
</text>
</block>
<block><region><rect/></region>
<text>
<par>
<line>/ k'</line></par>
</text>
</block>
<block><region><rect/></region>
<text>
<par/>
</text>
</block>
<block><region><rect/></region>
<text>
<par/>
</text>
</block>
<block><region><rect/></region>
<text>
<par/>
</text>
</block>
<block><region><rect/></region>
<text>
<par>
<line>'/»•.</line></par>
</text>
</block>
<block><region><rect/></region>
<text>
<par/>
</text>
</block>
<block><region><rect/></region>
<text>
<par>
<line>l</line></par>
</text>
</block>
<block><region><rect/></region>
<text>
<par>
<line>&gt;- J</line></par>
</text>
</block>
<block><region><rect/></region>
<text>
<par/>
</text>
</block>
<block><region><rect/></region>
<text>
<par/>
</text>
</block>
<block><region><rect/></region>
<text>
<par/>
</text>
</block>
<block><region><rect/><rect/><rect/></region>
<text>
<par>
<line>(y v^r&gt;'=î&lt;</line></par>
</text>
</block>
<block><region><rect/></region>
<text>
<par/>
</text>
</block>
<block><region><rect/></region>
<text>
<par/>
</text>
</block>
<block><region><rect/></region>
<text>
<par/>
</text>
</block>
<block><region><rect/></region>
<text>
<par/>
</text>
</block>
<block><region><rect/></region>
<text>
<par/>
</text>
</block>
<block><region><rect/></region>
<text>
<par>
<line>h.</line></par>
</text>
</block>
<block><region><rect/></region>
<text>
<par>
<line>x; BJ</line></par>
</text>
</block>
<block><region><rect/></region>
<text>
<par>
<line>-Ttt</line></par>
</text>
</block>
<block><region><rect/></region>
<text>
<par>
<line>r.'v^v' v%T '■"%</line></par>
<par>
<line>A.).A{ I</line></par>
</text>
</block>
<block><region><rect/><rect/></region>
<text>
<par>
<line>■.î4?3r:â#i:</line></par>
</text>
</block>
<block><region><rect/></region>
<text>
<par/>
</text>
</block>
<block><region><rect/></region>
<text>
<par/>
</text>
</block>
<block><region><rect/></region>
<text>
<par>
<line>/</line></par>
</text>
</block>
<block><region><rect/><rect/></region>
<text>
<par>
<line>aKv1^^&lt;X. C</line></par>
</text>
</block>
<block><region><rect/></region>
<text>
<par/>
</text>
</block>
<block><region><rect/></region>
<text>
<par>
<line>y5&gt;.</line></par>
<par>
<line>^lL-4</line></par>
</text>
</block>
<block><region><rect/></region>
<text>
<par/>
</text>
</block>
<block><region><rect/></region>
<text>
<par/>
</text>
</block>
<block><region><rect/></region>
<text>
<par/>
</text>
</block>
<block><region><rect/></region>
<text>
<par>
<line>-î-X/c?</line></par>
</text>
</block>
<block><region><rect/><rect/></region>
<text>
<par>
<line>/•X.</line></par>
</text>
</block>
<block><region><rect/></region>
<text>
<par>
<line>/%*•'%</line></par>
</text>
</block>
<block><region><rect/></region>
<text>
<par/>
</text>
</block>
<block><region><rect/></region>
<text>
<par/>
</text>
</block>
<block><region><rect/></region>
<text>
<par>
<line>Tîi</line></par>
</text>
</block>
<block><region><rect/></region>
<text>
<par>
<line>\'</line></par>
</text>
</block>
<block><region><rect/></region>
<text>
<par/>
</text>
</block>
<block><region><rect/></region>
<text>
<par/>
</text>
</block>
<block><region><rect/></region>
<text>
<par/>
</text>
</block>
<block><region><rect/></region>
<text>
<par/>
</text>
</block>
<block><region><rect/></region>
<text>
<par>
<line>■^V</line></par>
</text>
</block>
<block><region><rect/></region>
<text>
<par>
<line>ea. c9</line></par>
</text>
</block>
<block><region><rect/></region>
<text>
<par/>
</text>
</block>
<block><region><rect/></region>
<text>
<par>
<line>«</line></par>
</text>
</block>
<block><region><rect/></region>
<text>
<par>
<line>Cy C-</line></par>
</text>
</block>
<block><region><rect/></region>
<text>
<par/>
</text>
</block>
<block><region><rect/></region>
<text>
<par>
<line>■-0</line></par>
</text>
</block>
<block><region><rect/></region>
<text>
<par/>
</text>
</block>
<block><region><rect/></region>
<text>
<par/>
</text>
</block>
<block><region><rect/></region>
<text>
<par>
<line>-'i</line></par>
</text>
</block>
<block><region><rect/><rect/></region>
<text>
<par/>
</text>
</block>
<block><region><rect/></region>
<text>
<par/>
</text>
</block>
<block><region><rect/></region>
<text>
<par/>
</text>
</block>
<block><region><rect/><rect/><rect/></region>
<text>
<par>
<line>Ce ' -'^N ^ &gt;A^'’$:' i</line></par>
<par>
<line>^.4-4</line></par>
</text>
</block>
<block><region><rect/></region>
<text>
<par/>
</text>
</block>
<block><region><rect/></region>
<text>
<par>
<line>\</line></par>
</text>
</block>
<block><region><rect/></region>
<text>
<par>
<line>/ 'A</line></par>
</text>
</block>
<block><region><rect/></region>
<text>
<par>
<line>: &gt;</line></par>
</text>
</block>
<block><region><rect/></region>
<text>
<par>
<line>i^P</line></par>
</text>
</block>
<block><region><rect/></region>
<text>
<par/>
</text>
</block>
<block><region><rect/></region>
<text>
<par>
<line>-</line></par>
</text>
</block>
<block><region><rect/></region>
<text>
<par>
<line>■»-&gt;</line></par>
</text>
</block>
<block><region><rect/></region>
<text>
<par>
<line>îi'</line></par>
</text>
</block>
<block><region><rect/></region>
<text>
<par/>
</text>
</block>
<block><region><rect/></region>
<text>
<par>
<line>&gt; ■'</line></par>
</text>
</block>
<block><region><rect/></region>
<text>
<par>
<line>'J</line></par>
</text>
</block>
<block><region><rect/></region>
<text>
<par/>
</text>
</block>
<block><region><rect/></region>
<text>
<par/>
</text>
</block>
<block><region><rect/></region>
<text>
<par/>
</text>
</block>
<block><region><rect/></region>
<text>
<par/>
</text>
</block>
<block><region><rect/></region>
<text>
<par>
<line>k.^-.</line></par>
</text>
</block>
<block><region><rect/></region>
<text>
<par>
<line>ia_«4</line></par>
</text>
</block>
<block><region><rect/></region>
<text>
<par>
<line>%: û î2?</line></par>
</text>
</block>
<block><region><rect/></region>
<text>
<par/>
</text>
</block>
<block><region><rect/></region>
<text>
<par/>
</text>
</block>
<block><region><rect/></region>
<text>
<par/>
</text>
</block>
<block><region><rect/></region>
<text>
<par/>
</text>
</block>
<block><region><rect/></region>
<text>
<par/>
</text>
</block>
<block><region><rect/></region>
<text>
<par>
<line>SL</line></par>
</text>
</block>
<block><region><rect/></region>
<text>
<par>
<line>vV</line></par>
</text>
</block>
<block><region><rect/></region>
<text>
<par/>
</text>
</block>
<block><region><rect/></region>
<text>
<par>
<line>4'-</line></par>
</text>
</block>
<block><region><rect/><rect/></region>
<text>
<par>
<line>- A • •</line></par>
</text>
</block>
<block><region><rect/></region>
<text>
<par>
<line>r</line></par>
</text>
</block>
<block><region><rect/></region>
<text>
<par>
<line>;-^'\-îî</line></par>
</text>
</block>
<block><region><rect/><rect/></region>
<text>
<par/>
</text>
</block>
<block><region><rect/></region>
<text>
<par>
<line>■. : &lt;îî</line></par>
</text>
</block>
<block><region><rect/></region>
<text>
<par/>
</text>
</block>
<block><region><rect/></region>
<text>
<par/>
</text>
</block>
<block><region><rect/></region>
<text>
<par/>
</text>
</block>
<block><region><rect/></region>
<text>
<par/>
</text>
</block>
<block><region><rect/></region>
<text>
<par/>
</text>
</block>
<block><region><rect/><rect/><rect/></region>
<text>
<par/>
</text>
</block>
<block><region><rect/></region>
<text>
<par>
<line>i-</line></par>
</text>
</block>
<block><region><rect/></region>
<text>
<par/>
</text>
</block>
<block><region><rect/></region>
<text>
<par>
<line>. A</line></par>
</text>
</block>
<block><region><rect/></region>
<text>
<par/>
</text>
</block>
<block><region><rect/></region>
<text>
<par/>
</text>
</block>
<block><region><rect/><rect/></region>
<text>
<par/>
</text>
</block>
<block><region><rect/></region>
<text>
<par>
<line>A '</line></par>
</text>
</block>
<block><region><rect/></region>
<text>
<par/>
</text>
</block>
<block><region><rect/></region>
<text>
<par>
<line>cy^</line></par>
</text>
</block>
<block><region><rect/></region>
<text>
<par/>
</text>
</block>
<block><region><rect/></region>
<text>
<par>
<line>ry</line></par>
<par>
<line>i- t? .</line></par>
</text>
</block>
<block><region><rect/></region>
<text>
<par/>
</text>
</block>
<block><region><rect/></region>
<text>
<par>
<line>•&gt;■2^</line></par>
</text>
</block>
<block><region><rect/></region>
<text>
<par>
<line>Ir '•'-^</line></par>
</text>
</block>
<block><region><rect/></region>
<text>
<par>
<line>Nn.</line></par>
</text>
</block>
<block><region><rect/></region>
<text>
<par>
<line>/-■' ff</line></par>
</text>
</block>
<block><region><rect/></region>
<text>
<par>
<line>&gt;</line></par>
</text>
</block>
<block><region><rect/></region>
<text>
<par/>
</text>
</block>
<block><region><rect/></region>
<text>
<par>
<line>^4*</line></par>
</text>
</block>
<block><region><rect/></region>
<text>
<par>
<line>y</line></par>
</text>
</block>
<block><region><rect/></region>
<text>
<par>
<line>c. «a</line></par>
</text>
</block>
<block><region><rect/></region>
<text>
<par/>
</text>
</block>
<block><region><rect/></region>
<text>
<par/>
</text>
</block>
<block><region><rect/></region>
<text>
<par/>
</text>
</block>
<block><region><rect/></region>
<text>
<par>
<line>vc</line></par>
</text>
</block>
<block><region><rect/></region>
<text>
<par>
<line>-^5.</line></par>
</text>
</block>
<block><region><rect/></region>
<text>
<par/>
</text>
</block>
<block><region><rect/></region>
<text>
<par/>
</text>
</block>
<block><region><rect/></region>
<text>
<par/>
</text>
</block>
<block><region><rect/></region>
<text>
<par>
<line>I</line></par>
</text>
</block>
<block><region><rect/></region>
<text>
<par/>
</text>
</block>
<block><region><rect/></region>
<text>
<par/>
</text>
</block>
<block><region><rect/></region>
<text>
<par>
<line>Tfr</line></par>
</text>
</block>
<block><region><rect/></region>
<text>
<par>
<line>Z-</line></par>
</text>
</block>
<block><region><rect/><rect/><rect/></region>
<text>
<par/>
</text>
</block>
<block><region><rect/></region>
<text>
<par/>
</text>
</block>
<block><region><rect/></region>
<text>
<par/>
</text>
</block>
<block><region><rect/><rect/></region>
<text>
<par/>
</text>
</block>
<block><region><rect/></region>
<text>
<par>
<line>A</line></par>
</text>
</block>
<block><region><rect/></region>
<text>
<par>
<line>S' i y^:' • '' '\_-</line></par>
<par>
<line>"%rvviv4 'X /■"'■</line></par>
</text>
</block>
<block><region><rect/></region>
<text>
<par/>
</text>
</block>
<block><region><rect/></region>
<text>
<par>
<line>';x*</line></par>
</text>
</block>
<block><region><rect/></region>
<text>
<par>
<line>'X"- H</line></par>
<par>
<line>J 7^ '9,</line></par>
</text>
</block>
<block><region><rect/></region>
<text>
<par/>
</text>
</block>
<block><region><rect/></region>
<text>
<par>
<line>\ "ifir</line></par>
</text>
</block>
<block><region><rect/></region>
<text>
<par>
<line>IS</line></par>
</text>
</block>
<block><region><rect/><rect/></region>
<text>
<par/>
</text>
</block>
<block><region><rect/><rect/><rect/></region>
<text>
<par/>
</text>
</block>
<block><region><rect/></region>
<text>
<par>
<line>&amp;</line></par>
</text>
</block>
<block><region><rect/></region>
<text>
<par/>
</text>
</block>
<block><region><rect/></region>
<text>
<par>
<line>i:i \</line></par>
</text>
</block>
<block><region><rect/></region>
<text>
<par/>
</text>
</block>
<block><region><rect/></region>
<text>
<par/>
</text>
</block>
<block><region><rect/></region>
<text>
<par/>
</text>
</block>
<block><region><rect/></region>
<text>
<par>
<line>C&gt;</line></par>
</text>
</block>
<block><region><rect/></region>
<text>
<par/>
</text>
</block>
<block><region><rect/></region>
<text>
<par>
<line>l'i '</line></par>
</text>
</block>
<block><region><rect/></region>
<text>
<par/>
</text>
</block>
<block><region><rect/></region>
<text>
<par>
<line>\</line></par>
</text>
</block>
</page>
<page width="2480" height="3507" resolution="300">
<block><region><rect/></region>
<text>
<par>
<line>Il</line></par>
</text>
</block>
<block><region><rect/></region>
<text>
<par>
<line>i</line></par>
</text>
</block>
<block><region><rect/></region>
<text>
<par>
<line>(f-</line></par>
</text>
</block>
<block><region><rect/></region>
<text>
<par>
<line>r</line></par>
</text>
</block>

</page>
</AC2>