<?xml version="1.0" encoding="UTF-8"?><AC2>
<page width="1663" height="2345" resolution="200">
<block><region><rect/></region>
<text>
<par>
<line>COP-Z POUR information</line></par>
</text>
</block>
<block><region><rect/></region>
<text>
<par>
<line>JR</line></par>
</text>
</block>
<block><region><rect/></region>
<text>
<par>
<line>République Française</line></par>
</text>
</block>
<block><region><rect/></region>
<text>
<par>
<line>Hinistère d*Etat</line>
<line>Affaires Culturelles</line></par>
</text>
</block>
<block><region><rect/></region>
<text>
<par>
<line>/ ,</line></par>
</text>
</block>
<block><region><rect/></region>
<text>
<par>
<line>A</line></par>
<par>
<line>ARRETE</line></par>
</text>
</block>
<block><region><rect/></region>
<text>
<par>
<line>Le Ministre d’Etat .chargé</line>
<line>des Affaires Culturelles</line></par>
</text>
</block>
<block><region><rect/></region>
<text>
<par>
<line>Vu la loi. du 2 mai 1930 réorganisant la protection des</line></par>
<par>
<line>monuments naturels et des sites de caractère artistique,</line>
<line>historique, scientifique, légendaire ou pittoresque et</line>
<line>notamment les articles 4 et 7|</line></par>
</text>
</block>
<block><region><rect/></region>
<text>
<par>
<line>Vu la loi du 12 avril 1943 portant réglementation de la</line>
<line>publicité et des enseignes et notamment les articles</line>
<line>5 et 9?</line></par>
<par>
<line>Vu le décret du 3 février 1959 relatif aux attributions</line>
<line>d'un Ministre d'Etat;</line></par>
<par>
<line>Vu le décret du 24 Juillet 1959 portant organisation du</line>
<line>Ministère des Affaires Culturelles;</line></par>
</text>
</block>
<block><region><rect/></region>
<text>
<par>
<line>Vu le décret du I8 mars I960 portant application du décret du</line>
<line>7 février 1959 relatif au camping, et notamment,,!es</line>
<line>articles 2 et 6;</line></par>
<par>
<line>Vu l'avis émis par la Commission Départementales des Sites</line>
<line>perspectives et paysages du Morbihan dans sa séance du</line>
<line>4 mai 19 65;</line></par>
</text>
</block>
<block><region><rect/></region>
<text>
<par>
<line>Vu la délibération du 26 février 1966 du Conseil Municipal</line>
<line>de CARNAC (Morbihan);</line></par>
</text>
</block>
<block><region><rect/></region>
<text>
<par>
<line>ARRETE:</line></par>
<par>
<line>Article 1er s Est inscrit sur 1'inventaire' des sites</line>
<line>pittoresques du département du Morbihan l'ensemble formé</line>
<line>sur la commune de OARRAG par le village de SAIKT COLOMBAN,</line>
<line>ses abords inimédiats et la Pointe du Po et délimité par</line>
<line>le périmètre suivant s</line></par>
<par>
<line>la bordure de mer dans l'anse d’Er Daunn, le</line>
<line>chemin rural n°201, l'avenue Saint-Colomban, l'avenue de</line>
<line>la Grève, la bordure de mer de la Pointe d'er Gra au chemin</line>
<line>d'exploitation du Marais d'Er Lanneu et ce chemin jusqu'à</line>
<line>l'anee d’'Er Daunn.</line></par>
</text>
</block>
<block><region><rect/></region>
<text>
<par>
<line>• • » / d O •</line></par>
</text>
</block>




</page>
<page width="1665" height="2347" resolution="200">
<block><region><rect/></region>
<text>
<par>
<line>2</line></par>
</text>
</block>
<block><region><rect/></region>
<text>
<par>
<line>Article 2' » Est toutefois classée parmi les sites la</line>
<line>parce11e~n°949 section P. incluse dans le périmètre visé</line>
<line>à l'article 1er et sur laquelle se trouve située la</line>
<line>Fontaine de Saint Golomban.</line></par>
<par>
<line>Article 3 t Le présent arrêté sera notifié au Préfet du</line>
<line>département du Morbihan et au Maire de la commune de</line>
<line>OARNAC propriétaire de la parcelle classée, qui seront</line>
<line>responsables;, chacun en ce qui le concerne, de son exé¬</line>
<line>cution.</line></par>
</text>
</block>
<block><region><rect/></region>
<text>
<par>
<line>Paris, le, 24,mai 19.66'.</line></par>
<par>
<line>Pour le Ministre et par. délégation</line>
<line>Le Maître des Requêtes au Conseil d'Etat</line>
<line>Lirecteur de l'Architecture</line></par>
<par>
<line>signé ' Max QUERRIM</line></par>
</text>
</block>
<block><region><rect/></region>
<text>
<par>
<line>Pr,. ampliation</line>
<line>l'Administrateur Civil</line>
<line>chargé des. Sites. ,</line></par>
</text>
</block>
<block><region><rect/></region>
<text>
<par>
<line>signé i Jean MEG-Y</line></par>
</text>
</block>
<block><region><rect/></region>
<text>
<par>
<line>î</line></par>
</text>
</block>



</page>
</AC2>