<?xml version="1.0" encoding="UTF-8"?><AC2>
<page width="793" height="1123" resolution="96">
<block><region><rect/></region>
<text>
<par/>
</text>
</block>
<block><region><rect/></region>
<text>
<par>
<line>W&gt;KI5TF*i&gt;'</line></par>
</text>
</block>
<block><region><rect/></region>
<text>
<par>
<line>COPiB POVR :•</line></par>
<par>
<line>RÉPUBLIQIIF- FRAÎNÇAISE.</line></par>
</text>
</block>
<block><region><rect/><rect/><rect/></region>
<text>
<par>
<line>PUBLIQUE</line></par>
<par>
<line>' ' ^ ' BT DES BEAUVARTS;</line></par>
<par>
<line>^'-"'^‘OninomF</line></par>
</text>
</block>
<block><region><rect/></region>
<text>
<par/>
</text>
</block>
<block><region><rect/></region>
<text>
<par>
<line>ARRÊTÉ.</line></par>
</text>
</block>
<block><region><rect/></region>
<text>
<par>
<line>UanuDdoU hiiloriqutt.</line>
<line>SiUi et .MobiiabbU mUspbIx.</line></par>
</text>
</block>
<block><region><rect/></region>
<text>
<par>
<line>le Ministre de Education nationale</line></par>
</text>
</block>
<block><region><rect/></region>
<text>
<par>
<line>Vu la loi &lt;Ui y m^î iQ.'lo réorganisant la proUclIon des (roimmcnU</line>
<line>uaUircK ol des silos de caractère .irtisliquc, hi^lovlijur, sclenfinque. légendaire</line>
<line>ou pittoresque;</line></par>
</text>
</block>
<block><region><rect/></region>
<text>
<par>
<line>Vu ]'â&gt;-is é</line></par>
</text>
</block>
<block><region><rect/></region>
<text>
<par>
<line>mis</line></par>
</text>
</block>
<block><region><rect/></region>
<text>
<par>
<line>par</line></par>
</text>
</block>
<block><region><rect/></region>
<text>
<par>
<line>la Cü</line></par>
</text>
</block>
<block><region><rect/></region>
<text>
<par>
<line>mcni5sion</line></par>
</text>
</block>
<block><region><rect/><rect/></region>
<text>
<par>
<line>départeraenulc des monuments naturels</line>
<line>et des sites dans sa séance du 28 février 1Ô35 ;</line></par>
<par>
<line>Vu tâ^l^Srt eu date du 25 novembre 1933 donnée par</line>
<line>prcrfTtff M. le T)uc de T^uras, au Château de ûbastellux;</line></par>
<par>
<line>A</line></par>
<par>
<line>ARRETS</line></par>
</text>
</block>
<block><region><rect/></region>
<text>
<par>
<line>Article premier,</line></par>
<par>
<line>L’eneemble formé pur la château de CHASTELLUX</line>
<line>(Tonna) at ses abords, comprenant les parcelles cadastrales</line>
<line>ii*^s 1 à 7, 10 à 23, 276, 2S0, 292 èt 299, 300 I 307, 3l4 à</line>
<line>318, section Ç et 140, 141, 144 à 152, 156p. 159 bis,</line>
<line>eectior. B, et appartonsnt h t/. le lue do T-urag, «et olassé</line>
<line>parmi les Monuments naturels et les Sites de caractère ertis-</line>
<line>tlQue, historique, scientifique, légendaire ou pittoresque.</line></par>
</text>
</block>


</page>
<page width="2486" height="3513" resolution="300">
<block><region><rect/></region>
<text>
<par/>
</text>
</block>
<block><region><rect/></region>
<text>
<par>
<line>TBUlJl.ItlHftatgT.</line></par>
</text>
</block>
<block><region><rect/></region>
<text>
<par>
<line>/</line></par>
<par>
<line>« H tî- h P fj ti rln rrr T&gt;a ■jjrlttrre » fthî.</line></par>
<par>
<line>ART* 0*</line></par>
<par>
<line>Le présent arrêté sera notifié an Préfet du flépartemcnt dâ l’Yonaâ» au</line>
<line>traire da Ghastellux et au propriétaire,</line></par>
<par>
<line>(jui ieroiiirespüri&amp;aJjics, ehacuu en te njui lu concernej de si&gt;ii eüêcntiün.</line></par>
</text>
</block>
<block><region><rect/></region>
<text>
<par>
<line>AHT. 3,</line></par>
<par>
<line>H sera transcrit au Bureau des hypotheques dç la situation d u Site classé</line></par>
</text>
</block>
<block><region><rect/></region>
<text>
<par>
<line>Paris Je ^ , ’ ' J‘ ^ 7 *&gt;/</line></par>
</text>
</block>
<block><region><rect/></region>
<text>
<par>
<line>/</line></par>
</text>
</block>



</page>
<page width="1123" height="793" resolution="96">
<block><region><rect/></region>
<text>
<par/>
</text>
</block>
<block><region><rect/></region>
<text>
<par>
<line>t-j</line></par>
</text>
</block>
<block><region><rect/><rect/></region>
<text>
<par>
<line>çilgtjuX</line>
<line>. /vu^eAi_b</line></par>
</text>
</block>
<block><region><rect/></region>
<text>
<par/>
</text>
</block>
<block><region><rect/></region>
<text>
<par>
<line>I</line></par>
</text>
<text>
<par>
<line>K</line></par>
</text>
</block>







</page>
</AC2>