<?xml version="1.0" encoding="UTF-8"?><AC2>
<page width="2490" height="3514" resolution="300">
<block><region><rect/></region>
<text>
<par>
<line>/ '</line></par>
</text>
</block>
<block><region><rect/><rect/></region>
<text>
<par>
<line>L’ÊDUCATIOîV MTIONAIE,</line></par>
</text>
</block>
<block><region><rect/></region>
<text>
<par>
<line>MINISTERE</line></par>
<par>
<line>- DK</line></par>
</text>
</block>
<block><region><rect/></region>
<text>
<par>
<line>BEAUX-ARTS.</line></par>
</text>
</block>
<block><region><rect/></region>
<text>
<par>
<line>ETiff-FRAi\eA-ISr-</line></par>
<par>
<line>RETIIBLIQ.U.^ EaÀlTCAISE</line></par>
</text>
</block>
<block><region><rect/></region>
<text>
<par>
<line>• ARRÊTÉ.</line></par>
</text>
</block>
<block><region><rect/><rect/></region>
<text>
<par>
<line>t ' &gt;</line></par>
</text>
</block>
<block><region><rect/></region>
<text>
<par>
<line>»</line></par>
<par>
<line>f</line></par>
</text>
</block>
<block><region><rect/></region>
<text>
<par/>
</text>
</block>
<block><region><rect/></region>
<text>
<par>
<line>X-</line></par>
<par>
<line>i ' '</line></par>
<par>
<line>t ^</line></par>
</text>
</block>
<block><region><rect/></region>
<text>
<par/>
</text>
</block>
<block><region><rect/></region>
<text>
<par>
<line>-</line></par>
<par>
<line>^ O •</line></par>
<par>
<line>' * ^ - ‘</line></par>
<par>
<line>■</line></par>
<par>
<line>^ . T</line></par>
<par>
<line>«'ïy</line></par>
</text>
</block>
<block><region><rect/></region>
<text>
<par>
<line>r.vtU'M ■</line></par>
<par>
<line>r*'r-j' ’T^TUP.t</line>
<line>jsj Kîi'i'î'^•;• ■ - ..</line></par>
</text>
</block>
<block><region><rect/></region>
<text>
<par>
<line>y ■ .</line></par>
</text>
</block>
<block><region><rect/></region>
<text>
<par>
<line>'U^eccuao Jlo tfo.</line></par>
</text>
</block>
<block><region><rect/></region>
<text>
<par>
<line>'-■- -sy '</line></par>
</text>
</block>
<block><region><rect/><rect/></region>
<text>
<par>
<line>r‘' '---'Td la.lol..dT3, 23ïai 1930 réorganisant là.protaç.tion '</line></par>
<par>
<line>.des momisisnts,-naturels ét «iea aites^Ae- earactère artistî- .</line>
<line>■' i^ue,' List orl&lt;îue*3C:i&amp;nt;Iïl que, légendaire-, ou-pittoresque' -</line>
<line>'• et notamment _l^art^cie:i*^,,JV,:■</line></par>
<par>
<line>■Sur la'proposilion'de le Commission'départementale *dea</line>
<line>' • moninaénts- na'tnirôla et dés s ite a du IiOir-^-et-Cher. dans se * ^</line>
<line>séaiîce du 14;Aout'1^3-... .■*.,.</line></par>
<par>
<line>'.'y^ A a'R's I 2 ‘^</line></par>
<par>
<line>* ' .. ■ '■ ■■:-■■■'■ "- - ^ -i.- ^ -L '■</line></par>
<par>
<line>ARÜC^’ 1er»- îSt .lna.crit sur 1^Inventaire des sites -</line>
<line>et moniiaents naturels dont- la conservation présente xzn'</line>
<line>intérêt général l’éperoni rocheux'dominant le village de</line>
<line>CaATSAlIYIEDZ .et le Cher à CEATSAUYIHTJX' (Loir-et-Cher )•. V</line></par>
<par>
<line>■ .A. A ■ - . ■ -A ■ ■ " . -, .</line></par>
</text>
</block>
<block><region><rect/></region>
<text>
<par>
<line>■V</line></par>
</text>
</block>
<block><region><rect/></region>
<text>
<par>
<line>Lé 1 imitât! .on</line></par>
</text>
</block>
<block><region><rect/></region>
<text>
<par>
<line>Lord i. Limites nord, des parcelles L°2üû*22â.£24.223</line></par>
<par>
<line>Est ■ Chemin.hordant à' l*Eat'lea pardelles-cadastrales-</line>
<line>n® 223.EI3. - ,</line></par>
<par>
<line>Limite îTord de la p&gt; arc elle SSA^hlsi.- ' ■ . . ■" ■</line>
<line>.' Limites Est des parcelles. 554 his'. '555- his</line></par>
<par>
<line>Sud et Ouest . :- limitej sud de la parcelle 175</line>
<line>^limite est de's parcelles-ISO.I8i.|</line></par>
<par>
<line>Chemin-"bordant les parcelles ^*I8I»-I8£. 183.187</line>
<line>I88.I28.I99..200.203-2EI.2£0^ : ' ^</line></par>
<par>
<line>Parcelles cadastrales '-A '' ; , . ' '■ ...</line></par>
</text>
</block>
<block><region><rect/></region>
<text>
<par>
<line>^Section A</line>
<line>Section F'</line></par>
</text>
</block>
<block><region><rect/></region>
<text>
<par>
<line>:. 554 Bls^'V 555 his ' --. ■ * .... . -</line></par>
<par>
<line>î.;.’ 180 à 188*_Ï98 à'200. 203 à~ 224</line></par>
</text>
</block>
<block><region><rect/></region>
<text>
<par/>
</text>
</block>
<block><region><rect/></region>
<text>
<par>
<line>y:</line></par>
</text>
</block>
<block><region><rect/></region>
<text>
<par>
<line>k</line></par>
</text>
</block>
<block><region><rect/><rect/></region>
<text>
<par/>
</text>
</block>
<block><region><rect/><rect/><rect/></region>
<text>
<par/>
</text>
</block>
<block><region><rect/></region>
<text>
<par/>
</text>
</block>
<block><region><rect/></region>
<text>
<par/>
</text>
</block>
<block><region><rect/></region>
<text>
<par>
<line>•în»V5"’</line></par>
</text>
</block>






















</page>
<page width="2495" height="3518" resolution="300">
<block><region><rect/></region>
<text>
<par/>
</text>
</block>
<block><region><rect/></region>
<text>
<par/>
</text>
</block>
<block><region><rect/></region>
<text>
<par>
<line>Propriétaires</line></par>
<par>
<line>Commune</line></par>
</text>
</block>
<block><region><rect/></region>
<text>
<par>
<line>184.185</line>
<line>19,9</line></par>
</text>
</block>
<block><region><rect/></region>
<text>
<par>
<line>Section F</line></par>
</text>
</block>
<block><region><rect/></region>
<text>
<par/>
</text>
</block>
<block><region><rect/></region>
<text>
<par/>
</text>
</block>
<block><region><rect/><rect/></region>
<text>
<par>
<line>.'Société'Fîiila2îtropiq.üe cLe</line>
<line>Pariât' . 15 Rue de-Belléchasse,</line></par>
<par>
<line>. "Paris"' ; ■</line></par>
<par>
<line>BEAITTAIS'PSGÜST Pierre - • '</line>
<line>BûüRBOKüTAïs Jules . / ' , ,</line></par>
<par>
<line>REÜRT AüB Bourge on P la rre • _</line></par>
<par>
<line>‘ IBSERI-lISaÂUIiT Jules ' '</line></par>
<par>
<line>MAREsIIR’. Joseph ,</line></par>
</text>
</block>
<block><region><rect/></region>
<text>
<par>
<line>554 hIs.' 555. "bis Sect.A</line>
<line>I?5 hlay ROOi'RÛS- à '</line>
<line>SS4. - , Section F ' ' .</line></par>
<par>
<line>198 Section F ‘ ^</line></par>
<par>
<line>18R.IS5 “ ' . y .</line></par>
<par>
<line>187-188 . ■ f</line></par>
<par>
<line>18û:i8I' . :. i</line></par>
</text>
</block>
<block><region><rect/></region>
<text>
<par>
<line>ARUDIS 2»-- le présent. arreté sera-notifié ,au</line>
<line>; /,■ Préfet- du département' pour le^’arc^ives- de "la-Tréfectare . .</line></par>
<par>
<line>au 'ilaire 'de la commune, de Ghateauvieux et 'auac propriétaires''</line>
<line>. - intérasséu qui "seront reap onsahles chacun,*en ne qui. Pe , - ■'v-.-</line>
<line>concerne'de son,'execution - • v- . _</line></par>
</text>
</block>
<block><region><rect/></region>
<text>
<par/>
</text>
</block>
<block><region><rect/></region>
<text>
<par>
<line>■r' ■■</line></par>
</text>
</block>
<block><region><rect/></region>
<text>
<par>
<line>PARIS, lé * ;</line></par>
</text>
</block>
<block><region><rect/></region>
<text>
<par/>
</text>
</block>
<block><region><rect/></region>
<text>
<par>
<line>04</line></par>
</text>
</block>
<block><region><rect/></region>
<text>
<par>
<line>\</line></par>
</text>
</block>
<block><region><rect/></region>
<text>
<par>
<line>- r- ■'</line></par>
</text>
</block>
<block><region><rect/></region>
<text>
<par>
<line>'■ .'r‘ *'■“</line></par>
</text>
</block>
<block><region><rect/></region>
<text>
<par>
<line>‘U &gt; • - -</line></par>
</text>
</block>
<block><region><rect/></region>
<text>
<par/>
</text>
</block>
<block><region><rect/></region>
<text>
<par>
<line>j " l:- V' '</line></par>
</text>
</block>
<block><region><rect/></region>
<text>
<par/>
</text>
</block>
<block><region><rect/></region>
<text>
<par>
<line>T»tTrr-r«</line></par>
<par>
<line>1 is- ,</line></par>
</text>
</block>
<block><region><rect/></region>
<text>
<par/>
</text>
</block>
<block><region><rect/></region>
<text>
<par/>
</text>
</block>
<block><region><rect/></region>
<text>
<par/>
</text>
</block>










</page>
</AC2>