<?xml version="1.0" encoding="UTF-8"?><AC2>
<page width="1712" height="2209" resolution="200">
<block><region><rect/></region>
<text>
<par>
<line>MINISTiEE D»STAT</line>
<line>Affaires Culturelles</line></par>
</text>
</block>
<block><region><rect/></region>
<text>
<par>
<line>- RiJPl'BLIQüE FRANÇAISE -</line></par>
</text>
</block>
<block><region><rect/></region>
<text>
<par>
<line>Direction de l'Architecture</line></par>
</text>
</block>
<block><region><rect/></region>
<text>
<par>
<line>ARRETS</line></par>
</text>
</block>
<block><region><rect/></region>
<text>
<par>
<line>Le Ministre d'Etat chargé des Affaires</line>
<line>Culturelles,</line></par>
</text>
</block>
<block><region><rect/></region>
<text>
<par>
<line>VU la loi du 2 Mai 1930 réorganisant la protection des</line></par>
<par>
<line>monuments naturels et des sites de caractère artistique,</line>
<line>historique, scientifique, légendaire ou pittoresque et</line>
<line>notamment l'article 4 ;</line></par>
<par>
<line>VU les arr^'-tés en date des 13 Avril 1940 et 6 Avril 1945,</line>
<line>portant inscription à l'Inventaire des Sites, d'une</line>
<line>partie de la Pointe du Château à PERROS-GUIRÉC ;</line></par>
<par>
<line>VU l'avis émis par la Commission départementale des sites,</line>
<line>perspectives et paysages dos Côtes-du-Nord, dans ses</line>
<line>séances du 9 Juillet 1958 et du 20 Janvier 1959 j</line></par>
<par>
<line>A</line></par>
<par>
<line>ARRETE s</line></par>
</text>
</block>
<block><region><rect/></region>
<text>
<par>
<line>.^TICLE 1er,- Est inscrit parmi les sites pittoresques du</line>
<line>département des Côtes-du-Nord, le site do la Pointe du</line>
<line>Château cadastré sous les numéros suivants :</line></par>
<par>
<line>Section A - N°s 682 à 689 inclus - 698 - 699 - 1801 à</line>
<line>1809 inclus.</line></par>
<par>
<line>ARTICIE_2.- Cette mesure complète les dispositions des</line>
<line>deux arrêtés susvisés.</line></par>
<par>
<line>ARTICLE 3*" De présent arrÔté sera notifié au Préfet du</line>
<line>département des CÔtes-du-Nord, au Maire de la commune do</line>
<line>PERROS-GUIREC et aux propriétaires intéressés qui seront</line>
<line>responsahlcs, chacun on ce qui le concerne, de son éxecution.</line></par>
<par>
<line>ARTICLE4.- Il sera transcrit au Bureau des hypothèques de</line>
<line>la situation du site inscrit./.</line></par>
</text>
</block>
<block><region><rect/></region>
<text>
<par>
<line>Pour Ampliation</line>
<line>L'Administrateur Civil</line>
<line>chargé des Sites,</line></par>
</text>
</block>
<block><region><rect/></region>
<text>
<par>
<line>Fait à PARIS, le 29 Février I960</line>
<line>Par Délégation :</line></par>
<par>
<line>LE DIRECTEUR GENERAL DE L'ARCHITECTURE,</line>
<line>René PERCHET</line></par>
</text>
</block>
<block><region><rect/></region>
<text>
<par>
<line>F. SORLIN</line></par>
</text>
</block>









</page>
</AC2>