<?xml version="1.0" encoding="UTF-8"?><AC2>
<page width="2503" height="3509" resolution="300">
<block><region><rect/></region>
<text>
<par>
<line>*pv --=&lt;</line></par>
</text>
</block>
<block><region><rect/></region>
<text>
<par>
<line>BG/CB</line></par>
</text>
</block>
<block><region><rect/></region>
<text>
<par>
<line>MINISTÈRE DE L’URBANISME</line></par>
<par>
<line>ET DU LOGEMENT</line>
<line>ET DES TRANSPORTS</line></par>
</text>
</block>
<block><region><rect/></region>
<text>
<par>
<line>DIRECTION</line></par>
<par>
<line>DE L'URBANISME ET DES PAYSAGES</line></par>
</text>
</block>
<block><region><rect/></region>
<text>
<par>
<line>SOUS-DIRECTION DES SITES</line>
<line>ET DES ESPACES PROTÉGÉS</line></par>
</text>
</block>
<block><region><rect/></region>
<text>
<par>
<line>RÉPUBLIQUE FRANÇAISE</line></par>
</text>
</block>
<block><region><rect/></region>
<text>
<par>
<line>ARRÊTÉ</line></par>
</text>
</block>
<block><region><rect/></region>
<text>
<par>
<line>Le Ministre de l'Urbanisme</line>
<line>et du Logement</line>
<line>et des Transports</line></par>
<par>
<line>LE MINISTRE DE L'URBANISME, DU LOGEMENT ET DES TRANSPORTS</line></par>
<par>
<line>VU la loi du 2 mai 1930 modifiée notamment par la loi n“ 67-1174 du 28 décembre</line>
<line>1967 réorganisant la protection des monuments naturels et- des sites de</line>
<line>caractère artistique, historique, scientifique, légendaire ou pittoresque ;</line></par>
<par>
<line>VU les articles 4 et 5 du décret n® 69-607 du 13 juin 1969 portant application de</line>
<line>l'article 5 de la loi modifiée du 2 mai 1930 sur la protection des sites ;</line></par>
<par>
<line>VU le décret n® 70-288 du 31 mars 1970 relatif à la composition et au</line></par>
<par>
<line>fonctionnement des commissions départementales et supérieure des sites ;</line></par>
<par>
<line>VU les résultats de l'enquête publique ouverte en application du décret précité du</line>
<line>13 juin 1969</line></par>
<par>
<line>VU la délibération du 30 novembre 1983 de la commission des sites, prespectives et</line>
<line>paysages- du département de la LOIRE.</line></par>
<par>
<line>CONSIDERANT l'accord des propriétaires concernés ;</line></par>
<par>
<line>\</line></par>
<par>
<line>CONSIDERANT que le site formé par le château de Sury le Comtal, le jardin et la</line></par>
<par>
<line>pièce d'eau, dans le département de la LOIRE, par son caractère pittoresque,</line></par>
<par>
<line>historisque et paysager revêt de ce fait un intérêt général au sens de l'article 4 de</line></par>
<par>
<line>la loi du 2 mai 1930 susvisée ;</line></par>
</text>
</block>
<block><region><rect/></region>
<text>
<par>
<line>ARRETE</line></par>
</text>
</block>
<block><region><rect/></region>
<text>
<par>
<line>ARTICLE 1er - est classé parmi les sites pittoresques du département de la LOIRE</line>
<line>l'enserhble formé sur la commune de Sury le Comtal par le château, le jardin et la</line>
<line>pièce d'eau conformément au plan ci-annexé et défini comme suit :</line></par>
<par>
<line>Commune de Sury le Comtal</line></par>
<par>
<line>section AZ</line></par>
<par>
<line>Parcelles n® 19, 20, 21, 23, 25p, 26, 27.</line></par>
<par>
<line>ARTICLE 2 - le présent arrêté sera notifié au Préfet, Commissaire de la</line>
<line>République de la LOIRE et au Maire de la commune de SURY LE COMTAL qui</line>
<line>seront responsables, chacun en ce qui le concerne, de son exécution.</line></par>
</text>
</block>
<block><region><rect/></region>
<text>
<par>
<line>../..</line></par>
</text>
</block>


















</page>
<page width="2489" height="3511" resolution="300">
<block><region><rect/></region>
<text>
<par>
<line>APyTICLc 3 - le présent arrêté et le plan ci-annexé pourront être consultés à la</line>
<line>préfecture de la LOIr-..c</line></par>
<par>
<line>ARTICLE 4 - le Ministre de l'Urbanisme, du Logement et des Transports est chargé</line>
<line>de l'exécution du présent arrêté qui sera publié au journal officiel de la République</line>
<line>Française.</line></par>
</text>
</block>
<block><region><rect/></region>
<text>
<par>
<line>POUR AMPLIATION</line></par>
</text>
</block>
<block><region><rect/></region>
<text>
<par>
<line>L'Administrateur Civil</line>
<line>Chef du BuredLKdes Sites</line></par>
</text>
</block>
<block><region><rect/></region>
<text>
<par>
<line>Pour la Dirocteur-cij l'Urbanisme</line>
<line>et dss Pay'ssgss</line></par>
</text>
</block>
<block><region><rect/></region>
<text>
<par>
<line>Paul GIACOBBI</line></par>
</text>
</block>
<block><region><rect/></region>
<text>
<par>
<line>Nancy BOUCHÉ</line></par>
</text>
</block>














</page>
<page width="2574" height="3570" resolution="300">
<block><region><rect/></region>
<text>
<par>
<line>N</line></par>
</text>
</block>
<block><region><rect/></region>
<text>
<par>
<line>CO</line></par>
</text>
</block>
<block><region><rect/></region>
<text>
<par/>
</text>
</block>
<block><region><rect/></region>
<text>
<par/>
</text>
</block>
<block><region><rect/></region>
<text>
<par>
<line>AZ</line></par>
</text>
</block>
<block><region><rect/></region>
<text>
<par>
<line>Section</line></par>
</text>
</block>
<block><region><rect/></region>
<text>
<par/>
</text>
</block>
<block><region><rect/></region>
<text>
<par/>
</text>
</block>
<block><region><rect/></region>
<text>
<par>
<line>BS</line></par>
</text>
</block>
<block><region><rect/></region>
<text>
<par>
<line>Section</line></par>
</text>
</block>
<block><region><rect/></region>
<text>
<par>
<line>N-5</line></par>
</text>
</block>
<block><region><rect/></region>
<text>
<par>
<line>cc</line></par>
</text>
</block>
<block><region><rect/></region>
<text>
<par>
<line>’^'V.</line></par>
</text>
</block>
<block><region><rect/></region>
<text>
<par/>
</text>
</block>
<block><region><rect/></region>
<text>
<par>
<line>Section BC</line></par>
</text>
</block>
<block><region><rect/></region>
<text>
<par>
<line>Site classe</line>
<line>Site inscrit</line></par>
</text>
</block>
<block><region><rect/></region>
<text>
<par>
<line>Echelle 1/8000e</line></par>
</text>
</block>











































<block blockType="Picture" blockName="" l="2016" t="864" r="2048" b="1090"><region><rect/></region>
</block>
</page>
</AC2>