<?xml version="1.0" encoding="UTF-8"?><AC2>
<page width="2512" height="3531" resolution="300">
<block><region><rect/><rect/><rect/></region>
<text>
<par>
<line>da l^J^unesse_ .ART^</line>
<line>et des- Lettres- 'V -</line></par>
<par>
<line>. '•-"' -Q--^ , ' ■ '</line></par>
</text>
</block>
<block><region><rect/></region>
<text>
<par/>
</text>
</block>
<block><region><rect/><rect/></region>
<text>
<par>
<line>\yi^:2tcw^i9i&amp;'i^'/e;:€i!c'^è^z^^L^è</line></par>
<par>
<line>■'■: Bureau''des„ Sites ■■ &gt;\</line></par>
</text>
</block>
<block><region><rect/></region>
<text>
<par>
<line>..:-,....-..,-.1.;.</line></par>
</text>
</block>
<block><region><rect/></region>
<text>
<par>
<line>A'-ï'-R' Et L' E'A,</line></par>
</text>
</block>
<block><region><rect/></region>
<text>
<par>
<line>’L'e-'iîini s treEdef la 'Jeunes se' 'dé si Ar ts et dé s-' Le t tr e s.</line></par>
</text>
</block>
<block><region><rect/><rect/></region>
<text>
<par>
<line>,Vu la loi du-2 mai 1950 concernant;la protection dés monuments.</line></par>
<par>
<line>. é ‘ naturels ettdesEsitës' dé ; caractère.: artistique-,, ïiistoriqüe , s çienti-</line>
<line>M ■ 'fiquelégendairéè'ou pittoresque-'et notamment l’article 4,</line></par>
<par>
<line>- ■ - '. .''.q. Vu l'avis émis'par la Commission départementale des Sites, per£</line></par>
<par>
<line>pectives' et- paysages-de la somme, dans sa séance 'du 17 'octobre ■ 1945</line></par>
<par>
<line>t-vU AVé^qè ■ v-t c-Eu 7^' ■'è ■ - '£ -t - ■ ’ ' ■ è: •. .-.u-</line></par>
<par>
<line>,d èè:;-', 7-; 9 è-d'Articié-vIerlè.;/ Sont;., inscrits,, surq 1’ inventaire,, de s.'sides pittore</line>
<line>quesjde la Somme..^ l'Etang St-Pierre^et ses abords^à Amiens.</line></par>
<par>
<line>' :/'Eèttv;-t '5' ’-..'è--Pélimi tation-ç ■ g .' , 7 .f . ''y.. 9' "’q-... 7 ■ vt 't' .” ■■ ' ' J - t -</line></par>
<par>
<line>. au nord, a 1 ' Ouest-au .Sud et au Sud'-Est - une ligne idéale parallèle</line>
<line>aux.rives de l'étang et constamment distante' de celles-ci de</line>
<line>50 'mètres</line></par>
<par>
<line>à' l'Est -■ la rue 'iiassey ' ' , '</line></par>
</text>
</block>
<block><region><rect/></region>
<text>
<par>
<line>Parcelles cadastrales visses;</line></par>
</text>
</block>
<block><region><rect/></region>
<text>
<par>
<line>section A feuille- 15 - parcelles 4 a 16,</line>
<line>section A'feuille 'I6 - -oarcelles 5'à'-I0. 25 à 52.</line>
<line>'■ A feuille 18 - 7 " 51 àt 52.</line></par>
</text>
</block>
<block><region><rect/></region>
<text>
<par>
<line>Artic-le 2.- Le présent arrêté sera inotifié au préfet du</line>
<line>départemenu pour..les archives de la préf ectu.re,. .au mai're de la</line>
<line>commune. d'Amiens- et aux propriétaires intéressés dont, les noms sont</line>
<line>mentionnés sur la liste annexée au présent ' arrêté qui seront.respon-,</line>
<line>sables ■chacun en ce qui'le concerne de so-n exécution-</line></par>
</text>
</block>
<block><region><rect/></region>
<text>
<par>
<line>Paris, le l8SEPn947</line></par>
<par>
<line>P.ar délégatio'n</line></par>
<par>
<line>Le directeur général de l'aï'cliitecture</line></par>
</text>
</block>
<block><region><rect/></region>
<text>
<par>
<line>m,.</line></par>
</text>
</block>
<block><region><rect/></region>
<text>
<par/>
</text>
</block>
<block><region><rect/></region>
<text>
<par/>
</text>
</block>
<block><region><rect/></region>
<text>
<par>
<line>\</line></par>
<par>
<line>\</line></par>
<par>
<line>\</line></par>
<par>
<line>\</line></par>
</text>
</block>















</page>
<page width="2479" height="3508" resolution="300">
<block><region><rect/></region>
<text>
<par>
<line>}.y ' -</line></par>
</text>
</block>
<block><region><rect/></region>
<text>
<par/>
</text>
</block>
<block><region><rect/></region>
<text>
<par>
<line>■,</line></par>
</text>
</block>
<block><region><rect/></region>
<text>
<par/>
</text>
</block>
<block><region><rect/></region>
<text>
<par/>
</text>
</block>
<block><region><rect/></region>
<text>
<par>
<line>V^•^—</line></par>
</text>
</block>
<block><region><rect/></region>
<text>
<par>
<line>.i.</line></par>
</text>
</block>
<block><region><rect/></region>
<text>
<par/>
</text>
</block>
<block><region><rect/></region>
<text>
<par>
<line>i</line></par>
</text>
</block>
<block><region><rect/></region>
<text>
<par>
<line>C'"5 'i</line></par>
</text>
</block>
<block><region><rect/></region>
<text>
<par>
<line>1?;'</line></par>
</text>
</block>
<block><region><rect/></region>
<text>
<par>
<line>■.i'.</line></par>
</text>
</block>
<block><region><rect/></region>
<text>
<par/>
</text>
</block>
<block><region><rect/></region>
<text>
<par/>
</text>
</block>
<block><region><rect/></region>
<text>
<par>
<line>■</line></par>
</text>
</block>
<block><region><rect/></region>
<text>
<par/>
</text>
</block>
<block><region><rect/></region>
<text>
<par>
<line>ï.^</line></par>
</text>
</block>
<block><region><rect/></region>
<text>
<par>
<line>«vl</line></par>
</text>
</block>
<block><region><rect/></region>
<text>
<par>
<line>i;i.</line></par>
</text>
</block>
<block><region><rect/><rect/></region>
<text>
<par>
<line>■' -' Annexe à-1,'arrête du ’ 1 du [PT1947 . ;■</line></par>
<par>
<line>portaat'inecri'Dtion' à l'inventaire des sites de</line>
<line>. -1'■Stang.'de .St-Pierre ' à; Amisris et'.'ées abord;</line></par>
</text>
</block>
<block><region><rect/></region>
<text>
<par>
<line>■,.'^i'®'te,;-'desbprbpriétair - ^ '</line></par>
</text>
</block>
<block><region><rect/></region>
<text>
<par>
<line>n...</line></par>
</text>
</block>
<block><region><rect/></region>
<text>
<par>
<line>.i'i' iirv-tComrauneo-Oi'Secrion'vA:-f euille • *4 -à . 16-- ■('ét,'angP:.e,t -rly</line></par>
<par>
<line>,.v j Ur 36 C tl on-: A'; ■ .v^IS-' ■..■.•.V . .‘51 ; 61'-3 2\ (:abor ds)</line></par>
<par>
<line>’i--,' :■ o'Hospinë3onivi'lsa.d‘'*‘Amieîlsi''sec't;i''6ri' Ai .■’f eüillewlôp'v .ài lOi; ,'- ■</line></par>
<par>
<line>bip ; V r A Vf P . P . P P</line></par>
</text>
</block>
<block><region><rect/></region>
<text>
<par>
<line>Ai</line></par>
</text>
</block>
<block><region><rect/></region>
<text>
<par>
<line>i</line></par>
</text>
</block>
<block><region><rect/></region>
<text>
<par>
<line>•b</line></par>
</text>
</block>
<block><region><rect/></region>
<text>
<par>
<line>\-7.T.</line></par>
</text>
</block>
<block><region><rect/></region>
<text>
<par>
<line>Ad b</line></par>
</text>
</block>
<block><region><rect/></region>
<text>
<par/>
</text>
</block>
<block><region><rect/></region>
<text>
<par/>
</text>
</block>
<block><region><rect/></region>
<text>
<par/>
</text>
</block>
<block><region><rect/></region>
<text>
<par>
<line>m</line></par>
</text>
</block>
<block><region><rect/></region>
<text>
<par>
<line>■Ki</line></par>
</text>
</block>
<block><region><rect/></region>
<text>
<par/>
</text>
</block>
<block><region><rect/><rect/><rect/></region>
<text>
<par>
<line>■gAA Apipi ïi'AiioApn^iivr,:uV:■:■^:pii.fiip^::'t.PnPPpi^Ppi:^dpAipid■•AiA; ViiviP ■-\i- AAFP^#bÀb"'APAA-:’^i^t Agi il</line></par>
<par>
<line>\;:ii;p-tAprp;r;:iyr ■và;:iA;A-;ig:=A-ii Atvvi'nii:,0.i-&gt;.i-.'A''</line></par>
<par>
<line>i^ài VPAArPpiipo;:-/</line></par>
</text>
</block>



</page>
</AC2>