<?xml version="1.0" encoding="UTF-8"?><AC2>
<page width="2536" height="3548" resolution="300">
<block><region><rect/></region>
<text orientation="RotatedCounterclockwise">
<par>
<line>104-93-1011. [60fl2]</line></par>
</text>
</block>
<block><region><rect/></region>
<text>
<par>
<line>MINlST^flE</line></par>
<par>
<line>DS</line></par>
<par>
<line>L’INSTRUCTION PUBLiaUE</line>
<line>ET DES BEAUX-ARTS. .</line></par>
</text>
</block>
<block><region><rect/><rect/></region>
<text>
<par>
<line>RÉPUBLIQUE FRANÇAISE.</line></par>
</text>
</block>
<block><region><rect/></region>
<text>
<par>
<line>SOÜS-SEGRÉTARIAT D’ÉTAT</line>
<line>DES BEAUX-ARTS.</line></par>
<par>
<line>ieé C^eïviceé ^'axcèltectuze.</line></par>
<par>
<line>MONUMEMTS HISTORIQUES. '</line>
<line>Sites et Monnments naturels.</line></par>
</text>
</block>
<block><region><rect/></region>
<text>
<par>
<line>&lt;JloïÆebo.</line></par>
</text>
</block>
<block><region><rect/></region>
<text>
<par/>
</text>
</block>
<block><region><rect/></region>
<text>
<par>
<line>i</line></par>
</text>
</block>
<block><region><rect/></region>
<text>
<par/>
</text>
</block>
<block><region><rect/></region>
<text>
<par>
<line>t</line></par>
</text>
</block>
<block><region><rect/><rect/></region>
<text>
<par>
<line>c/e /</line></par>
<par>
<line>e/ c/&amp;^ (/Seaiia&gt;-t.y4&gt;râij. .</line></par>
</text>
</block>
<block><region><rect/></region>
<text>
<par>
<line>fa foc cfcc Æ/ am^ ^ 0^ fi ^Cf^eoào^i</line></par>
<par>
<line>r/ed ^é&amp;f e/' 'mo^uom&amp;iild ^laiu^/f c/e ceimcière ar/üà^ue/</line></par>
<par>
<line>^■^ÛU Imfù &amp;)nùfa ^o^rmî^^'on e/(^a^âem&amp;nàa/e e/d</line>
<line>.dêied e/' 7nonumen(d ^neUf ere/e/eend ^a deemee-e/c.__</line></par>
</text>
</block>
<block><region><rect/><rect/></region>
<text>
<par>
<line>fen^e/aée f/e..,S^</line>
<line>^dHd^ad’....%^-</line></par>
</text>
</block>
<block><region><rect/></region>
<text>
<par>
<line>d..érCi</line></par>
</text>
</block>
<block><region><rect/></region>
<text>
<par>
<line>K</line></par>
</text>
</block>
<block><region><rect/></region>
<text>
<par>
<line>/ -■/!</line></par>
</text>
</block>
<block><region><rect/></region>
<text>
<par>
<line>î(f</line></par>
</text>
</block>
<block><region><rect/></region>
<text>
<par>
<line>/Z_/</line></par>
</text>
</block>
<block><region><rect/></region>
<text>
<par>
<line>* .</line></par>
</text>
</block>
<block><region><rect/></region>
<text>
<par/>
</text>
</block>
<block><region><rect/></region>
<text>
<par>
<line>/-</line></par>
</text>
</block>
<block><region><rect/></region>
<text>
<par>
<line>/a ^(^iôtfèào7î/ c/ie ^oud-^ecreéa^ ef e/ed</line></par>
<par>
<line>^eeeaec-</line></par>
</text>
</block>
<block><region><rect/></region>
<text>
<par>
<line>cAe</line></par>
</text>
</block>
<block><region><rect/></region>
<text>
<par/>
</text>
</block>
<block><region><rect/><rect/></region>
<text>
<par>
<line>o/ùO' a/f/rt;/ ^ t</line></par>
</text>
</block>
<block><region><rect/></region>
<text>
<par>
<line>cùCiy</line></par>
</text>
</block>
<block><region><rect/></region>
<text>
<par>
<line>ofoaikjiLJ :</line></par>
</text>
</block>
<block><region><rect/></region>
<text>
<par>
<line>.^ireTTicm'. ,.</line></par>
</text>
</block>
<block><region><rect/></region>
<text>
<par/>
</text>
</block>
<block><region><rect/></region>
<text>
<par/>
</text>
</block>
<block><region><rect/></region>
<text>
<par/>
</text>
</block>
<block><region><rect/><rect/></region>
<text>
<par>
<line>/&amp;di.^^,y^armc- ^ j/t&amp;f ef oîW'nicmenùf</line></par>
<par>
<line>^ ^</line></par>
<par>
<line>• Tia^ieoe/' c/e' cao^c^èe^e a^^^ùâtŸ^ùe'.</line></par>
</text>
</block>

















</page>
<page width="2516" height="3534" resolution="300">
<block><region><rect/></region>
<text>
<par/>
</text>
</block>
<block><region><rect/><rect/><rect/><rect/></region>
<text>
<par>
<line>^eden/ 'Ttoâ^ euo^ &lt;^9'^Ù</line></par>
<par>
<line>c/cù %j.ji.^ ,, ^.</line></par>
</text>
</block>
<block><region><rect/></region>
<text>
<par/>
</text>
</block>
<block><region><rect/></region>
<text>
<par/>
</text>
</block>
<block><region><rect/><rect/><rect/><rect/></region>
<text>
<par>
<line>ÿui a-ero-fi/ r€^^io7idal&amp;, cdaam e7i ce ^</line>
<line>co^icer?î€, c^ don ^^lâûm.</line></par>
<par>
<line>'&lt;^a/rty, /e—:£.S^</line></par>
<par>
<line>^oter Â tyd’éi^tùsâ/v e/e ^t^'Ttsà^uoétoit j^m//S^ue</line>
<line>e/ c/eJ ^eacex-t/èréi</line>
<line>e/^ay auéof&lt;i^aà'on /</line></par>
<par>
<line>Sotu-Sécréta; tte 3 (Cta-t ^66 lilKîaiia^cAotfë</line></par>
</text>
</block>
<block><region><rect/></region>
<text>
<par/>
</text>
</block>





</page>
</AC2>