<?xml version="1.0" encoding="UTF-8"?><AC2>
<page width="1659" height="2342" resolution="200">
<block><region><rect/></region>
<text>
<par>
<line>erAUX - Af^TS</line></par>
</text>
</block>
<block><region><rect/></region>
<text>
<par>
<line>s ITES</line></par>
</text>
</block>
<block><region><rect/></region>
<text>
<par>
<line>C LAô^EMEMT</line></par>
</text>
</block>
<block><region><rect/></region>
<text>
<par>
<line>FirilSTÈRE</line></par>
<par>
<line>PLACITRE DE LAMBOURG</line></par>
</text>
</block>
<block><region><rect/></region>
<text>
<par>
<line>POMt lAbbé</line></par>
</text>
</block>
<block><region><rect/></region>
<text>
<par>
<line>«AnroM</line></par>
<par>
<line>Al(l(on0i5^</line></par>
</text>
</block>
<block><region><rect/></region>
<text>
<par>
<line>Pont l’Ahha /Vf"</line></par>
<par>
<line>Pont • ■* ’V /.</line></par>
<par>
<line>■ ; ■. ■ '</line></par>
<par>
<line>\</line></par>
<par>
<line>Quimpwr \ V</line></par>
</text>
</block>
<block><region><rect/></region>
<text>
<par/>
</text>
</block>
<block><region><rect/></region>
<text>
<par/>
</text>
</block>
<block><region><rect/></region>
<text>
<par>
<line>c/titr£</line></par>
</text>
</block>
<block><region><rect/></region>
<text>
<par>
<line>MiCHEun</line></par>
</text>
</block>
<block><region><rect/></region>
<text>
<par>
<line>rt- S«</line></par>
</text>
</block>
<block><region><rect/></region>
<text>
<par>
<line>Pu Hh</line></par>
</text>
</block>
<block><region><rect/></region>
<text>
<par>
<line>SchoAfe</line></par>
</text>
</block>
<block><region><rect/></region>
<text>
<par>
<line>\</line></par>
</text>
</block>
<block><region><rect/></region>
<text>
<par>
<line>H</line></par>
</text>
</block>
<block><region><rect/></region>
<text>
<par>
<line>fi</line></par>
</text>
</block>
<block><region><rect/></region>
<text>
<par>
<line>iZ</line></par>
</text>
</block>
<block><region><rect/></region>
<text>
<par>
<line>de</line></par>
</text>
</block>
<block><region><rect/></region>
<text>
<par>
<line>P</line></par>
</text>
</block>
<block><region><rect/></region>
<text>
<par>
<line>cié»*e</line></par>
</text>
</block>
<block><region><rect/></region>
<text>
<par>
<line>i8</line></par>
</text>
</block>
<block><region><rect/></region>
<text>
<par>
<line>?»</line></par>
</text>
</block>
<block><region><rect/></region>
<text>
<par>
<line>A</line></par>
</text>
</block>
<block><region><rect/></region>
<text>
<par>
<line>3</line></par>
</text>
</block>
<block><region><rect/></region>
<text>
<par>
<line>our</line></par>
</text>
</block>
<block><region><rect/></region>
<text>
<par/>
</text>
</block>
<block><region><rect/></region>
<text>
<par>
<line>Pots More*tu</line></par>
</text>
</block>
<block><region><rect/></region>
<text>
<par/>
</text>
</block>
<block><region><rect/></region>
<text>
<par>
<line>i^itnlooui^</line>
<line>do juin 163^</line></par>
</text>
</block>
<block><region><rect/></region>
<text>
<par>
<line>Làmh</line></par>
</text>
</block>
<block><region><rect/></region>
<text>
<par>
<line>imcis DU %% HqVBMBHa I9d4</line></par>
</text>
</block>
<block><region><rect/></region>
<text>
<par>
<line>Le placltre planté d*arbres entourant la chapelle</line>
<line>de Laaboarg, ceoauae de POVT-^l*ABfiS (ïlnietère) e«t</line>
<line>elaaeé paroi lea oonuaenta naturels et lea eltea de</line>
<line>caractère artistique» historique» aolentlflque» légen«</line>
<line>-datre ou pittoresque*</line></par>
<par>
<line>sigMS A*i^ALLARh]B</line></par>
</text>
</block>
<block><region><rect/></region>
<text>
<par>
<line>Pour copie confonne»</line>
<line>le Chef du bureau des</line>
<line>Uonumente hietoriquea</line>
<line>et des sites i</line></par>
</text>
</block>























<block blockType="Picture" blockName="" l="1334" t="176" r="1453" b="434"><region><rect/></region>
</block>
</page>
</AC2>