<?xml version="1.0" encoding="UTF-8"?><AC2>
<page width="2597" height="4010" resolution="180">
<block><region><rect/></region>
<text orientation="RotatedCounterclockwise">
<par>
<line>118 385-.! '4714 -36. [36289]</line></par>
</text>
</block>
<block><region><rect/></region>
<text>
<par>
<line>MIMSTKUK</line></par>
</text>
</block>
<block><region><rect/></region>
<text>
<par>
<line>J/</line></par>
</text>
</block>
<block><region><rect/></region>
<text>
<par>
<line>DK L’KDICATIOX</line>
<line>NATIONALE.</line></par>
</text>
</block>
<block><region><rect/></region>
<text>
<par>
<line>BF.AUX-ARI’S.</line></par>
</text>
</block>
<block><region><rect/></region>
<text>
<par>
<line>MONUMENTS HlSTüRïQl'KS,</line>
<line>FOUILLES ET SITES.</line></par>
</text>
</block>
<block><region><rect/></region>
<text>
<par>
<line>Classement de .Sites.</line></par>
</text>
</block>
<block><region><rect/></region>
<text>
<par>
<line>HÉPIIRLIQIJE FRANÇAISE.</line></par>
<par>
<line>^ •*</line></par>
</text>
</block>
<block><region><rect/></region>
<text>
<par>
<line>4RRK [ K.</line></par>
</text>
</block>
<block><region><rect/></region>
<text>
<par>
<line>r</line></par>
<par>
<line>Le Ministre de l'Education nationale.</line></par>
</text>
</block>
<block><region><rect/></region>
<text>
<par>
<line>Vu la loi du 2 mai icjoo réorganisant la protection des monuments</line>
<line>naturels et des sites de caractère artistique, historique, scientifique, légendaire</line>
<line>ou pittoresque;</line></par>
<par>
<line>Vu l’avis émis par la Commission départementale 'des monuments et des</line>
<line>sites naturels dans sa séance du 13 févriôr 1936!</line></par>
<par>
<line>adhésion , , ,</line></par>
<par>
<line>Vul’eflgageBWHt-e-n-da^'e^k donnée par le conseil Munioipal</line></par>
<par>
<line>.fH*i-,.pw». d'Eclassan dans sa séance dtt 1er mars 1936;</line></par>
</text>
</block>
<block><region><rect/></region>
<text>
<par>
<line>5 '■</line></par>
</text>
</block>
<block><region><rect/></region>
<text>
<par/>
</text>
</block>
<block><region><rect/><rect/></region>
<text>
<par>
<line>■&lt;Uj</line></par>
</text>
</block>
<block><region><rect/></region>
<text>
<par>
<line>J;</line></par>
</text>
</block>
<block><region><rect/></region>
<text>
<par/>
</text>
</block>
<block><region><rect/></region>
<text>
<par/>
</text>
</block>
<block><region><rect/></region>
<text>
<par>
<line>« c</line></par>
</text>
</block>
<block><region><rect/></region>
<text>
<par/>
</text>
</block>




</page>
<page width="2591" height="4006" resolution="180">
<block><region><rect/></region>
<text>
<par>
<line>VRKÈTL :</line></par>
</text>
</block>
<block><region><rect/></region>
<text>
<par>
<line>VRIICLE PREMIER.</line></par>
</text>
</block>
<block><region><rect/></region>
<text>
<par>
<line>l'ormeau dit "Philippe Aupuete" situé eur la</line></par>
<par>
<line>place publique à ECLASSAB (Ardèche),</line></par>
<par>
<line>%</line></par>
</text>
</block>
<block><region><rect/></region>
<text>
<par>
<line>est classé panai les sites et moauuieiits naturels de caractère</line></par>
<par>
<line>artistique, historique, scientiliipie, légendaire ou pittoresque.</line></par>
</text>
</block>
<block><region><rect/></region>
<text>
<par>
<line>ART. 2.</line></par>
</text>
</block>
<block><region><rect/></region>
<text>
<par>
<line>Le présent arrêté sera notifié au Préfet du déparlenient de l'Ardèche et</line>
<line>au Maire de la commune d'ECLASSAS</line></par>
<par>
<line>qui seront responsables, chacun en ce {|Ln le concerne, de son exécution.</line></par>
</text>
</block>
<block><region><rect/></region>
<text>
<par>
<line>A R” 3.</line></par>
</text>
</block>
<block><region><rect/></region>
<text>
<par>
<line>11 sera transcrit au Bureau des hvjiolhèques de la situation de 1* arbre</line></par>
</text>
</block>
<block><region><rect/></region>
<text>
<par>
<line>c</line></par>
</text>
</block>
<block><region><rect/></region>
<text>
<par>
<line>lasse.</line></par>
</text>
</block>
<block><region><rect/></region>
<text>
<par>
<line>Pans, le</line></par>
</text>
</block>
<block><region><rect/></region>
<text>
<par>
<line>1 ü NOVE1335</line></par>
<par>
<line>Jean ZAT</line></par>
<par>
<line>Vonv H'n*)lialiün.</line></par>
</text>
</block>
<block><region><rect/></region>
<text>
<par>
<line>l(’ Direcleui' (lé'i'^t al des Beau.i-Arls,</line>
<line>i.eyiiej du Bureau des ^[nnuu^'^nts liistoricjues et des Sites</line></par>
</text>
</block>
</page>
</AC2>