<?xml version="1.0" encoding="UTF-8"?><AC2>
<page width="2484" height="3508" resolution="300">
<block><region><rect/></region>
<text>
<par>
<line>RÉPUBLIQUE FRANÇAISE</line></par>
</text>
</block>
<block><region><rect/></region>
<text>
<par>
<line>CEB,/AR</line></par>
</text>
</block>
<block><region><rect/></region>
<text>
<par>
<line>MU</line></par>
</text>
</block>
<block><region><rect/></region>
<text>
<par>
<line>(î</line></par>
</text>
</block>
<block><region><rect/></region>
<text>
<par>
<line>MINISTERE DE LA CULTURE ET DE L'ENVIRONNEMENT</line></par>
</text>
</block>
<block><region><rect/></region>
<text>
<par>
<line>PECiET</line></par>
<par>
<line>portant classement parmi les sites de la falaise du Blot à CERZAT</line>
<line>(Haute Loire)</line></par>
<par>
<line>LE PREMIER MINISTRE,</line></par>
<par>
<line>SUR le rapport du Ministre de la Culture et de l’Environnement ;</line></par>
<par>
<line>VU la loi du 2 mai 1930 réorganisant la protection des monuments</line>
<line>naturels et des sites de caractère artistique, historique,</line>
<line>scientifique, légendaire ou pittoresque, modifiée par la loi</line>
<line>n* 67.1174 du 28 décembre 1967 et notairaricnt les articles 5.1,</line></par>
<par>
<line>7 et 8 ;</line></par>
<par>
<line>VU le décret n" 69.607 du 13 juin 1969 portant application de l'article</line>
<line>5.1 de la loi modifiée du 2 mai 1930 sur la protection des sites ;</line></par>
<par>
<line>VU la loi du 12 avril 1943 portant réglementation de la publicité</line>
<line>et des enseignes et notamment les articles 5 et 9 ;</line></par>
<par>
<line>VU le décret n* 70.288 du 31 mars 1970 relatif à la composition et</line>
<line>au fonctionnement des cormiisstons départementales et supérieure</line>
<line>des sites ;</line></par>
<par>
<line>VU le décret n* 72.37 du 11 janvier 1972 relatif au stationnement</line>
<line>des caravanes et notamment les articles 3, 7, 9 et 10 ;</line></par>
<par>
<line>VU le décret du 9 février 1968 portant application du décret du</line>
<line>7 février 1959 modifié relatif au camping et notamment les</line>
<line>articles 2 et 6 ;</line></par>
<par>
<line>VU les conclusions de l'enquête effectuée en application de l'article</line>
<line>5.1 susvisé de la loi du 2 mai 1930 modifiée et des articles 4 et 5</line>
<line>du décret n* 69,607 du 13 juin 1969 ;</line></par>
<par>
<line>VU l'avis émis par la commission départementale des sites, perspectives</line></par>
<par>
<line>et paysages de la Haute Loire dans sa séance du 19 juin 1975 ;</line></par>
<par>
<line>VU l'avis émis par la conantssion supérieure des sltès dans sa” séance</line></par>
<par>
<line>du 2 juin 1977 ;</line></par>
<par>
<line>Le Conseil d'Etat (section de l'Intérieur) entendu :</line></par>
<par>
<line>DECRETE:</line></par>
<par>
<line>ARTICLE 1er - Est classé parmi les sites pittoresques du département</line>
<line>de la Haute Loire l'ensemble formé sur la conmiune de CERZAT par la</line>
<line>falaise du Blot et“coïiïprenant les parcelles cadastrales suivantes,</line>
<line>conformement au plan annexé au présent décret : - . •</line></par>
</text>
</block>








</page>
<page width="2484" height="3508" resolution="300">
<block><region><rect/></region>
<text>
<par>
<line>- 2 -</line></par>
</text>
</block>
<block><region><rect/></region>
<text>
<par>
<line>(IISO du nouveau cadastre) 962, section &lt;3 du cadastre, 2èirie feuille.</line></par>
<par>
<line>ARTICLE 1 ~ Le présent décret sera notifié au Préfet du département</line>
<line>de la Haute-Loire et au Maire de la commune de CERZAT ainsi qu’aux</line>
<line>propriétaires intéressés et sera publié au bureau des hypothèques</line>
<line>de la situation du site classé dans les conditions prévues par l’artlcl</line>
<line>10 de la loi susvisé du 2 mai 1930.</line></par>
<par>
<line>ARTICLE 3 - Le Ministre de la Culture et de l’Environnement est chargé</line>
<line>de l'exécution du présent décret qui sera publié au Journal Officiel</line>
<line>de la République Française.</line></par>
</text>
</block>
<block><region><rect/></region>
<text>
<par>
<line>Fait à PARIS, le 9 Janvier 1978</line></par>
</text>
</block>
<block><region><rect/></region>
<text>
<par>
<line>Par le Premier Ministre</line></par>
</text>
</block>
<block><region><rect/></region>
<text>
<par>
<line>Signé : Raymond BARRE</line></par>
</text>
</block>
<block><region><rect/></region>
<text>
<par>
<line>Le Ministre de la Culture et</line>
<line>de l'Environnement</line></par>
</text>
</block>
<block><region><rect/></region>
<text>
<par>
<line>Signé : Michel d'ORNANO</line></par>
</text>
</block>
<block><region><rect/></region>
<text>
<par>
<line>Pour ampliation</line></par>
</text>
</block>
<block><region><rect/></region>
<text>
<par>
<line>L'Administrateur Civil chargé</line>
<line>du Bureau de»? Sites .</line></par>
</text>
</block>
<block><region><rect/></region>
<text>
<par>
<line>Gilbert SIMON</line></par>
</text>
</block>




</page>
</AC2>