<?xml version="1.0" encoding="UTF-8"?><AC2>
<page width="2486" height="3499" resolution="300">
<block><region><rect/></region>
<text orientation="RotatedCounterclockwise">
<par>
<line>H9-î&gt;:&lt;-1909. (60921</line></par>
</text>
</block>
<block><region><rect/></region>
<text>
<par>
<line>MlNiSTErU-'.</line></par>
<par>
<line>DE</line></par>
</text>
</block>
<block><region><rect/></region>
<text>
<par>
<line>RÉr ü n LIQ i; r: • \n\ a n ç a i s e.</line></par>
</text>
</block>
<block><region><rect/></region>
<text>
<par>
<line>«STRUaiON Pl'IÎIJUÜE,</line></par>
<par>
<line>ET DES UEVliX-AUTS.</line></par>
</text>
</block>
<block><region><rect/></region>
<text>
<par>
<line>SOUS-SECRETARIAT D’ETAT</line>
<line>DES BEAUX-ARTS.</line></par>
</text>
</block>
<block><region><rect/><rect/></region>
<text>
<par/>
</text>
</block>
<block><region><rect/></region>
<text>
<par>
<line>ciUt'Xefco.</line></par>
</text>
</block>
<block><region><rect/></region>
<text>
<par>
<line>/</line></par>
</text>
</block>
<block><region><rect/><rect/><rect/><rect/><rect/><rect/></region>
<text>
<par>
<line>‘ùM.. J- / t'-l- /Cî.t t-3-z^ J.. Z</line></par>
<par>
<line>/ ^</line></par>
</text>
</block>
<block><region><rect/><rect/><rect/></region>
<text>
<par>
<line>, ^ — Li r-* i' C' ' / ^ ^</line></par>
<par>
<line>-, , . cà, uit</line></par>
<par>
<line>■ , ^ / /'of . / //</line></par>
<par>
<line>cV-U'iteJ ^ aïctiU’aiwt*. ^./.r. . r//‘</line></par>
</text>
</block>
<block><region><rect/></region>
<text>
<par>
<line>îflONUMENTS HiSTORigUES.</line>
<line>Sites et Monuments naturels.</line></par>
</text>
</block>
<block><region><rect/></region>
<text>
<par/>
</text>
</block>
<block><region><rect/></region>
<text>
<par/>
</text>
</block>
<block><region><rect/></region>
<text>
<par>
<line>'■U,</line></par>
</text>
</block>
<block><region><rect/></region>
<text>
<par>
<line>r</line></par>
<par>
<line>\</line></par>
</text>
</block>
<block><region><rect/></region>
<text>
<par/>
</text>
</block>
<block><region><rect/><rect/></region>
<text>
<par>
<line>/a /ût r/ff 3./ /a ^^j^o/rohon</line></par>
<par>
<line>r/ej ^/r-f e/ /j/03uim-e'?i&amp;s '?m/c(/&lt;r/d r/r. cadacà’ve aWûUff^i</line></par>
</text>
</block>
<block><region><rect/><rect/></region>
<text>
<par>
<line>'/ne/</line></par>
</text>
</block>
<block><region><rect/><rect/><rect/><rect/><rect/></region>
<text>
<par>
<line>iatHJ ennid^'im' /ti (^wm/n^o-7V e/f^ia/^âe/ncdT/a/fi (/cd</line>
<line>dÛed 7/W7W7/t&lt;^7îfy '/K/lurC^ (/eéHdd6b-deéid7ee-é/ny. X 'tXd-rd '£,</line>
<line>a^XdxAt- ./...,... .,</line></par>
<par>
<line>/C7Ï^J^37U'?X 077^ e/n/77 e/7.c . /dtx/</line></par>
</text>
</block>
<block><region><rect/></region>
<text>
<par>
<line>//} O d</line></par>
</text>
</block>
<block><region><rect/></region>
<text>
<par>
<line>&lt;X.S.e4&lt;/.</line></par>
</text>
</block>
<block><region><rect/></region>
<text>
<par>
<line>f°7</line></par>
</text>
</block>
<block><region><rect/></region>
<text>
<par>
<line>.../^</line></par>
</text>
</block>
<block><region><rect/></region>
<text>
<par>
<line>' / ' -</line></par>
<par>
<line>L/er /a ^id^iod/à oe?/ e/ù ^oud-^ecTT’e/eu^ e/ &amp;a/ e/ed</line></par>
<par>
<line>{^ea777Z&gt; - ty/7'7^.</line></par>
</text>
</block>
<block><region><rect/></region>
<text>
<par/>
</text>
</block>
<block><region><rect/></region>
<text>
<par>
<line>te_y ;</line></par>
</text>
</block>
<block><region><rect/></region>
<text>
<par/>
</text>
</block>
<block><region><rect/><rect/><rect/><rect/><rect/><rect/></region>
<text>
<par>
<line>/ / / / '/ ^ / //'''/■/</line></par>
<par>
<line>M ■ „.f7/—^Xu3.^.:t7^....x&lt;'heie:0...„/'....^.Âfr^e.. e/- ü///’ e x /</line></par>
</text>
</block>
<block><region><rect/></region>
<text>
<par>
<line>...*.</line></par>
</text>
</block>
<block><region><rect/></region>
<text>
<par>
<line>./.-■... et/r/^.Âm'?ni jd//eid e/ 'nw/zi/^/nmeXd</line></par>
<par>
<line>e/ * '</line></par>
<par>
<line>'7t/U///}‘c/d (/&gt; ceù/^ac/ere eir/(j//.y/c&lt;-.</line></par>
</text>
</block>







































</page>
<page width="2458" height="3480" resolution="300">
<block><region><rect/></region>
<text>
<par>
<line>2. •</line></par>
</text>
</block>
<block><region><rect/></region>
<text>
<par>
<line>JèS afTcte nûà^ a^r</line></par>
<par>
<line>G^ù (/eJia^fmnGG^/ ^ ...</line></par>
</text>
</block>
<block><region><rect/></region>
<text>
<par>
<line>&lt;?/ (^^ . ...s^/vj^-CAJ- â/it. . ::</line></par>
</text>
</block>
<block><region><rect/><rect/><rect/><rect/><rect/></region>
<text>
<par>
<line>/ rjïi ^</line></par>
<par>
<line>Æ.(^u- yy /</line></par>
</text>
</block>
<block><region><rect/></region>
<text>
<par>
<line>^.CrG&gt;.r&gt;/''^^:^'&gt;-'h'^/f</line></par>
</text>
</block>
<block><region><rect/></region>
<text>
<par>
<line>v^-</line></par>
</text>
</block>
<block><region><rect/><rect/><rect/></region>
<text>
<par>
<line>i7tu '/'âyiO'TùUi^^, c^icun en- ^</line></par>
</text>
</block>
<block><region><rect/></region>
<text>
<par>
<line>/</line></par>
</text>
</block>
<block><region><rect/></region>
<text>
<par/>
</text>
</block>
<block><region><rect/></region>
<text>
<par>
<line>co-7u:em/e, ,/e ^/t ea:€culwn.</line></par>
</text>
</block>
<block><region><rect/></region>
<text>
<par>
<line>^.ÉÂ.../.dj...P-</line></par>
</text>
</block>
<block><region><rect/></region>
<text>
<par>
<line>y</line></par>
</text>
</block>
<block><region><rect/></region>
<text>
<par>
<line>y</line></par>
</text>
</block>
<block><region><rect/></region>
<text>
<par/>
</text>
</block>
<block><region><rect/></region>
<text>
<par>
<line>U U</line></par>
</text>
</block>
<block><region><rect/></region>
<text>
<par>
<line>'H</line></par>
</text>
</block>






</page>
<page width="2386" height="3374" resolution="300">
<block><region><rect/></region>
<text>
<par>
<line>f.</line></par>
</text>
</block>
<block><region><rect/></region>
<text>
<par>
<line>Â</line></par>
</text>
</block>
<block><region><rect/></region>
<text>
<par>
<line>^Lac</line></par>
</text>
</block>
<block><region><rect/></region>
<text>
<par>
<line>_.v- \</line></par>
</text>
</block>
<block><region><rect/></region>
<text>
<par/>
</text>
</block>
<block><region><rect/></region>
<text>
<par>
<line>5^</line></par>
</text>
</block>
<block><region><rect/></region>
<text>
<par/>
</text>
</block>
<block><region><rect/></region>
<text>
<par>
<line>yà</line></par>
</text>
</block>
<block><region><rect/></region>
<text>
<par>
<line>Jfi</line></par>
</text>
</block>
<block><region><rect/></region>
<text>
<par>
<line>■174</line></par>
</text>
</block>
<block><region><rect/></region>
<text>
<par/>
</text>
</block>
<block><region><rect/><rect/></region>
<text>
<par>
<line>Prety:site classé</line>
<line>Platane devant l'église</line>
<line>Echelle: 1:10 000</line></par>
</text>
</block>
<block><region><rect/></region>
<text>
<par>
<line>la'</line></par>
<par>
<line>.'■' ■' ■' / •■ '</line></par>
</text>
</block>
<block><region><rect/><rect/><rect/></region>
<text>
<par>
<line>’W®:' ' ■ ^ “</line></par>
<par>
<line>Jpré d«^èr*«,l ■.|. (■ L, -W-</line></par>
<par>
<line>^!5r'If#'</line></par>
</text>
</block>
<block><region><rect/><rect/><rect/><rect/><rect/></region>
<text>
<par>
<line>■s, -X-</line></par>
<par>
<line>iy' *\V^</line></par>
<par>
<line>Pré</line></par>
</text>
</block>
<block><region><rect/></region>
<text>
<par>
<line>L •*</line></par>
</text>
</block>
<block><region><rect/></region>
<text>
<par>
<line>i e</line></par>
</text>
</block>
<block><region><rect/></region>
<text>
<par>
<line>t •.</line></par>
</text>
</block>
<block><region><rect/></region>
<text>
<par>
<line>212^</line></par>
</text>
</block>
<block><region><rect/></region>
<text>
<par>
<line>Veraet Son</line></par>
</text>
</block>
<block><region><rect/></region>
<text>
<par>
<line>"fl '1</line></par>
</text>
</block>
<block><region><rect/></region>
<text>
<par>
<line>s?-?</line></par>
</text>
</block>
<block><region><rect/></region>
<text>
<par>
<line>Crot</line></par>
</text>
</block>
<block><region><rect/></region>
<text>
<par>
<line>-^</line></par>
</text>
</block>
<block><region><rect/></region>
<text>
<par>
<line>F</line></par>
</text>
</block>
<block><region><rect/></region>
<text>
<par>
<line>1*0 U-P</line></par>
</text>
</block>
<block><region><rect/></region>
<text>
<par>
<line>adi</line></par>
</text>
</block>
<block><region><rect/></region>
<text>
<par>
<line>4</line></par>
</text>
</block>
<block><region><rect/></region>
<text>
<par/>
</text>
</block>
<block><region><rect/></region>
<text>
<par/>
</text>
</block>
<block><region><rect/></region>
<text>
<par>
<line>Ï-*</line></par>
</text>
</block>
<block><region><rect/></region>
<text>
<par>
<line>Pailue t</line></par>
</text>
</block>
<block><region><rect/></region>
<text>
<par>
<line>206</line></par>
</text>
</block>
<block><region><rect/></region>
<text>
<par>
<line>202</line></par>
</text>
</block>
<block><region><rect/></region>
<text>
<par>
<line>207</line></par>
</text>
</block>
<block><region><rect/></region>
<text>
<par/>
</text>
</block>
<block><region><rect/></region>
<text>
<par>
<line>ji.</line></par>
</text>
</block>
<block><region><rect/></region>
<text>
<par/>
</text>
</block>
<block><region><rect/></region>
<text>
<par>
<line>1.JI</line></par>
</text>
</block>
<block><region><rect/></region>
<text>
<par>
<line>jSog ^</line></par>
</text>
</block>
<block><region><rect/></region>
<text>
<par>
<line>199</line></par>
</text>
</block>
<block><region><rect/></region>
<text>
<par>
<line>»</line></par>
</text>
</block>
<block><region><rect/></region>
<text>
<par>
<line>ï?f</line></par>
</text>
</block>
<block><region><rect/></region>
<text>
<par/>
</text>
</block>
<block><region><rect/></region>
<text>
<par/>
</text>
</block>
<block><region><rect/></region>
<text>
<par/>
</text>
</block>
<block><region><rect/></region>
<text>
<par>
<line>fî.|! 1 UH' '</line></par>
</text>
</block>
<block><region><rect/></region>
<text>
<par/>
</text>
</block>
<block><region><rect/></region>
<text>
<par>
<line>îÿ.«</line></par>
</text>
</block>
<block><region><rect/></region>
<text>
<par>
<line>A</line></par>
</text>
</block>
<block><region><rect/></region>
<text>
<par>
<line>es</line></par>
</text>
</block>
<block><region><rect/></region>
<text>
<par/>
</text>
</block>
<block><region><rect/></region>
<text>
<par>
<line>C</line></par>
</text>
</block>
<block><region><rect/></region>
<text>
<par>
<line>roix</line></par>
</text>
</block>
<block><region><rect/></region>
<text>
<par>
<line>la</line></par>
</text>
</block>
<block><region><rect/></region>
<text>
<par>
<line>Crots</line></par>
</text>
</block>
<block><region><rect/></region>
<text>
<par/>
</text>
</block>
<block><region><rect/><rect/><rect/></region>
<text>
<par>
<line>de Bois</line></par>
<par>
<line>. p---..</line></par>
</text>
</block>
<block><region><rect/></region>
<text>
<par/>
</text>
</block>
<block><region><rect/></region>
<text>
<par>
<line>w</line></par>
</text>
</block>
<block><region><rect/></region>
<text>
<par>
<line>Q</line></par>
</text>
</block>
<block><region><rect/></region>
<text>
<par/>
</text>
</block>
<block><region><rect/></region>
<text>
<par/>
</text>
</block>
<block><region><rect/></region>
<text>
<par>
<line>B</line></par>
</text>
</block>
<block><region><rect/></region>
<text>
<par/>
</text>
</block>
<block><region><rect/></region>
<text>
<par>
<line>'1?4;’S’t.</line></par>
<par>
<line>‘■A i'. '■ ■ ■</line></par>
</text>
</block>
<block><region><rect/></region>
<text>
<par/>
</text>
</block>
<block><region><rect/></region>
<text>
<par/>
</text>
</block>
<block><region><rect/></region>
<text>
<par>
<line>4</line></par>
</text>
</block>
<block><region><rect/></region>
<text>
<par/>
</text>
</block>
<block><region><rect/></region>
<text>
<par>
<line>il</line></par>
</text>
</block>
<block><region><rect/></region>
<text>
<par>
<line>Pi esm c®</line></par>
<par>
<line>it</line></par>
<par>
<line>--' r</line></par>
</text>
</block>
<block><region><rect/></region>
<text>
<par/>
</text>
</block>
<block><region><rect/></region>
<text>
<par>
<line>K tr</line></par>
</text>
</block>
<block><region><rect/></region>
<text>
<par>
<line>ïfiu</line></par>
<par>
<line># _</line></par>
</text>
</block>
<block><region><rect/></region>
<text>
<par/>
</text>
</block>
<block><region><rect/></region>
<text>
<par>
<line>rciX</line></par>
</text>
</block>
<block><region><rect/></region>
<text>
<par>
<line>la</line></par>
</text>
</block>
<block><region><rect/></region>
<text>
<par>
<line>199</line></par>
</text>
</block>
<block><region><rect/></region>
<text>
<par/>
</text>
</block>
<block><region><rect/></region>
<text>
<par>
<line>Cr^</line></par>
</text>
</block>
<block><region><rect/></region>
<text>
<par>
<line>A</line></par>
</text>
</block>
<block><region><rect/></region>
<text>
<par/>
</text>
</block>
<block><region><rect/></region>
<text>
<par/>
</text>
</block>
<block><region><rect/></region>
<text>
<par>
<line>fffff</line></par>
<par>
<line>svfrs</line>
<line>,iw^ ■ =</line></par>
</text>
</block>
<block><region><rect/><rect/><rect/></region>
<text>
<par>
<line>fe\ w-;A. ”</line></par>
</text>
</block>
<block><region><rect/></region>
<text>
<par>
<line>199</line></par>
</text>
</block>
<block><region><rect/></region>
<text>
<par/>
</text>
</block>
<block><region><rect/></region>
<text>
<par/>
</text>
</block>
<block><region><rect/></region>
<text>
<par>
<line>\\</line></par>
</text>
</block>
<block><region><rect/><rect/><rect/></region>
<text>
<par>
<line>■Jf’ •■.• «•* ■</line></par>
</text>
</block>
<block><region><rect/></region>
<text>
<par>
<line>il</line></par>
</text>
</block>
<block><region><rect/></region>
<text>
<par/>
</text>
</block>
<block><region><rect/></region>
<text>
<par/>
</text>
</block>
<block><region><rect/></region>
<text>
<par/>
</text>
</block>
<block><region><rect/></region>
<text>
<par>
<line>N'?</line></par>
</text>
</block>
<block><region><rect/></region>
<text>
<par>
<line>x\</line></par>
</text>
</block>
<block><region><rect/></region>
<text>
<par/>
</text>
</block>
<block><region><rect/></region>
<text>
<par>
<line>P</line></par>
</text>
</block>
<block><region><rect/></region>
<text>
<par>
<line>★</line></par>
</text>
</block>
<block><region><rect/></region>
<text>
<par/>
</text>
</block>
<block><region><rect/></region>
<text>
<par/>
</text>
</block>
<block><region><rect/></region>
<text>
<par>
<line>; I</line></par>
</text>
</block>
<block><region><rect/></region>
<text>
<par>
<line>V'.</line></par>
</text>
</block>
<block><region><rect/><rect/><rect/></region>
<text>
<par>
<line>W.- ■ , .jp. ,„1</line></par>
<par>
<line>'^\ *«X , \i^j 'I- tïînj\i92i</line></par>
<par>
<line>Malachére Prtet|!^,,^Éi»l&gt;^'1</line></par>
</text>
</block>
<block><region><rect/></region>
<text>
<par/>
</text>
</block>
<block><region><rect/></region>
<text>
<par>
<line>la</line></par>
</text>
</block>
<block><region><rect/></region>
<text>
<par>
<line>«P.</line></par>
</text>
</block>
<block><region><rect/></region>
<text>
<par/>
</text>
</block>
<block><region><rect/></region>
<text>
<par>
<line>■Cl.</line></par>
</text>
</block>
<block><region><rect/></region>
<text>
<par>
<line>i\ r*</line></par>
</text>
</block>
<block><region><rect/></region>
<text>
<par>
<line>%«</line></par>
</text>
</block>
<block><region><rect/></region>
<text>
<par/>
</text>
</block>
<block><region><rect/></region>
<text>
<par/>
</text>
</block>
<block><region><rect/></region>
<text>
<par/>
</text>
</block>
<block><region><rect/></region>
<text>
<par>
<line>ïA</line></par>
</text>
</block>
<block><region><rect/></region>
<text>
<par/>
</text>
</block>
<block><region><rect/></region>
<text>
<par>
<line>U</line></par>
</text>
</block>
<block><region><rect/></region>
<text>
<par>
<line>-- n \i</line></par>
</text>
</block>
<block><region><rect/></region>
<text>
<par/>
</text>
</block>
<block><region><rect/></region>
<text>
<par/>
</text>
</block>
<block><region><rect/></region>
<text>
<par/>
</text>
</block>
<block><region><rect/></region>
<text>
<par/>
</text>
</block>
<block><region><rect/></region>
<text>
<par>
<line>f</line></par>
</text>
</block>
<block><region><rect/></region>
<text>
<par/>
</text>
</block>
<block><region><rect/></region>
<text>
<par>
<line>&lt;/&gt;■</line></par>
</text>
</block>
<block><region><rect/></region>
<text>
<par/>
</text>
</block>
<block><region><rect/></region>
<text>
<par>
<line>\</line></par>
</text>
</block>
<block><region><rect/></region>
<text>
<par/>
</text>
</block>
<block><region><rect/></region>
<text>
<par>
<line>#,■%</line></par>
</text>
</block>
<block><region><rect/></region>
<text>
<par>
<line>%</line></par>
</text>
</block>
<block><region><rect/></region>
<text>
<par/>
</text>
</block>
<block><region><rect/></region>
<text>
<par>
<line>imm</line></par>
</text>
</block>
<block><region><rect/></region>
<text>
<par/>
</text>
</block>
<block><region><rect/></region>
<text>
<par>
<line>y''</line></par>
</text>
</block>
<block><region><rect/></region>
<text>
<par>
<line>w</line></par>
</text>
</block>
<block><region><rect/></region>
<text>
<par>
<line>rèi</line></par>
</text>
</block>
<block><region><rect/></region>
<text>
<par/>
</text>
</block>
<block><region><rect/></region>
<text>
<par/>
</text>
</block>
<block><region><rect/></region>
<text>
<par>
<line>4</line></par>
</text>
</block>
<block><region><rect/></region>
<text>
<par>
<line>V i</line></par>
</text>
</block>
<block><region><rect/></region>
<text>
<par/>
</text>
</block>
<block><region><rect/></region>
<text>
<par/>
</text>
</block>
<block><region><rect/></region>
<text>
<par>
<line>O</line></par>
</text>
</block>
<block><region><rect/></region>
<text>
<par>
<line>a</line></par>
</text>
</block>
<block><region><rect/></region>
<text>
<par/>
</text>
</block>
<block><region><rect/></region>
<text>
<par/>
</text>
</block>
<block><region><rect/><rect/></region>
<text>
<par/>
</text>
</block>
<block><region><rect/></region>
<text>
<par/>
</text>
</block>
<block><region><rect/></region>
<text>
<par/>
</text>
</block>
<block><region><rect/></region>
<text>
<par/>
</text>
</block>
<block><region><rect/></region>
<text>
<par>
<line>^mmmi</line></par>
</text>
</block>
<block><region><rect/></region>
<text>
<par/>
</text>
</block>
<block><region><rect/></region>
<text>
<par>
<line>•*%</line></par>
</text>
</block>
<block><region><rect/></region>
<text>
<par/>
</text>
</block>
<block><region><rect/></region>
<text>
<par/>
</text>
</block>
<block><region><rect/></region>
<text>
<par>
<line>|pp«</line></par>
</text>
</block>
<block><region><rect/></region>
<text>
<par/>
</text>
</block>
<block><region><rect/></region>
<text>
<par/>
</text>
</block>
<block><region><rect/><rect/><rect/><rect/><rect/></region>
<text>
<par>
<line>"N</line></par>
<par>
<line>, f\: 'Les Prafl]</line></par>
<par>
<line>•flJgÿ</line></par>
</text>
</block>
<block><region><rect/></region>
<text>
<par>
<line>A s</line></par>
</text>
</block>
<block><region><rect/><rect/><rect/><rect/></region>
<text>
<par>
<line>^ "i'a3*-d</line></par>
</text>
</block>
<block><region><rect/></region>
<text>
<par/>
</text>
</block>
<block><region><rect/></region>
<text>
<par>
<line>I îStf ;■■.</line></par>
</text>
</block>
<block><region><rect/></region>
<text>
<par/>
</text>
</block>
<block><region><rect/></region>
<text>
<par>
<line>f-.r-</line></par>
</text>
</block>
<block><region><rect/></region>
<text>
<par>
<line>î</line></par>
</text>
</block>
<block><region><rect/></region>
<text>
<par>
<line>VS</line></par>
</text>
</block>
<block><region><rect/></region>
<text>
<par>
<line>r-i</line></par>
</text>
</block>
<block><region><rect/></region>
<text>
<par>
<line>^■îi</line></par>
</text>
</block>
<block><region><rect/></region>
<text>
<par>
<line>^1»</line></par>
</text>
</block>
<block><region><rect/><rect/><rect/></region>
<text>
<par/>
</text>
</block>
<block><region><rect/></region>
<text>
<par/>
</text>
</block>
<block><region><rect/></region>
<text>
<par/>
</text>
</block>
<block><region><rect/></region>
<text>
<par>
<line>■* -'.J^ •</line></par>
</text>
</block>
<block><region><rect/></region>
<text>
<par/>
</text>
</block>
<block><region><rect/></region>
<text>
<par>
<line>!» .</line></par>
</text>
</block>
<block><region><rect/></region>
<text>
<par/>
</text>
</block>
<block><region><rect/></region>
<text>
<par>
<line>*!► • '»*</line></par>
</text>
</block>
<block><region><rect/><rect/></region>
<text>
<par>
<line>♦:, "O'.'./'.'/'i'Æ-.d'- ^</line></par>
</text>
</block>
<block><region><rect/></region>
<text>
<par>
<line>..4 '</line></par>
</text>
</block>
<block><region><rect/></region>
<text>
<par>
<line>W''</line></par>
</text>
</block>
<block><region><rect/></region>
<text>
<par>
<line>O</line></par>
</text>
</block>
<block><region><rect/></region>
<text>
<par>
<line>•]■&lt;*:.</line></par>
</text>
</block>
<block><region><rect/></region>
<text>
<par/>
</text>
</block>
<block><region><rect/></region>
<text>
<par/>
</text>
</block>
<block><region><rect/></region>
<text>
<par/>
</text>
</block>
<block><region><rect/><rect/></region>
<text>
<par/>
</text>
</block>
<block><region><rect/></region>
<text>
<par>
<line>.1*V</line></par>
</text>
</block>
<block><region><rect/></region>
<text>
<par/>
</text>
</block>
<block><region><rect/></region>
<text>
<par>
<line>173^</line></par>
</text>
</block>
<block><region><rect/></region>
<text>
<par>
<line>171</line></par>
</text>
</block>
<block><region><rect/></region>
<text>
<par/>
</text>
</block>
<block><region><rect/></region>
<text>
<par>
<line>“ÏV*L&gt;Sii*--</line>
<line>î'^i Vfr.- •</line></par>
</text>
</block>
<block><region><rect/></region>
<text>
<par>
<line>■a- '</line></par>
</text>
</block>
<block><region><rect/></region>
<text>
<par>
<line>£ r</line></par>
</text>
</block>
<block><region><rect/></region>
<text>
<par>
<line>les^Bsaarts</line></par>
<par>
<line>\V</line></par>
</text>
</block>































</page>
</AC2>