<?xml version="1.0" encoding="UTF-8"?><AC2>
<page width="2549" height="3557" resolution="300">
<block><region><rect/></region>
<text>
<par/>
</text>
</block>
<block><region><rect/></region>
<text>
<par>
<line>HIN[S'Ff;SF</line></par>
<par>
<line>ni</line></par>
<par>
<line>[;i:^STRE:r;Erü\ riîiiLUiUK</line>
<line>HT I»ES HEU^X-VRI S.</line></par>
</text>
</block>
<block><region><rect/></region>
<text>
<par>
<line>BEAUX-ARTS</line></par>
</text>
</block>
<block><region><rect/></region>
<text>
<par>
<line>WÛKl^MEHTS «ISTOSJQUÏS.</line></par>
</text>
</block>
<block><region><rect/></region>
<text>
<par>
<line>Sites et MünamcuU naturels.</line></par>
</text>
</block>
<block><region><rect/></region>
<text>
<par>
<line>lîFil^ljïiLlQDE FtiANGAISE.</line></par>
</text>
</block>
<block><region><rect/><rect/><rect/></region>
<text>
<par>
<line>A /</line></par>
<par>
<line>uyA'&gt;A‘cd</line></par>
</text>
</block>
<block><region><rect/></region>
<text>
<par>
<line>■/r</line></par>
</text>
<text>
<par>
<line>I</line></par>
</text>
</block>
<block><region><rect/></region>
<text>
<par>
<line>A</line></par>
</text>
</block>
<block><region><rect/></region>
<text>
<par/>
</text>
</block>
<block><region><rect/></region>
<text>
<par>
<line>% /ûi- / ■!-/ i-f'/'}-/ fjjoû or^-trnoM'm/ /i^n'où^cù'ort</line>
<line>r/î rf ifTiomrmmrùi nrï.ù(r/} r/r; crfrac/e/m ar/r^JÙ^r/n/</line></par>
<par>
<line>/ra‘ifj e?^/üs/et r/(^tcz.Hewmt/a/! r/té</line></par>
<par>
<line>.n/cé t/ nolun/j c/i/teéa r/u-  </line></par>
<par>
<line>/rJt- /r . 1 .*.ifn I.æ. J‘ù\ 1 a Ife .1 u.. .i*îi 1 17£</line></par>
<par>
<line>/tn&gt;M Â^rr.î:., . le,.. ..;l-!i:tat ds.... L.Mîuif B.i^-;j:iÊ!£:-.e:it.</line></par>
<par>
<line>cilnlif'is , ve ;.ir .■t-.-.* 1 ' Tii.rix * prf'^pr 1 ^î.dire*</line></par>
<par>
<line>’iyto7'ùtr/^eemn/ry?'.</line></par>
<par>
<line>. ÎÀ‘...xnVr^.L .x.îATJRlarC ^ ....iltu.'i cuins.-Ie-d . ^a-Llins...-</line></par>
<par>
<line>de-.l.MjLit.k;i.e.üiL? AfclM4i'£!.ia...!::.Luiijr...C..";acjAï-.3îrrla.lie __</line></par>
<par>
<line>£uî.— r/^âe.. ..éi/ry e/ 77w mmwitli</line></par>
<par>
<line>naàre^/i /e c/M'errlerv^ m'ùMu^ue.</line></par>
</text>
</block>












</page>
<page width="2500" height="3523" resolution="300">
<block><region><rect/><rect/><rect/><rect/><rect/><rect/></region>
<text>
<par>
<line>r/(^m'7^/ir/mfm/f/-jà_.^^^&gt;i''&gt;^i.--^t.-L.(iJ.ï&gt;i.&gt;..au.iiitia'.^-Æû ,la</line>
<line>1.^.'^:i3;^ l£.TLe.[ii;3.ul!;.le üiial quï! *.. ..■.</line></par>
<par>
<line>s</line></par>
<par>
<line>cû'7u:^r/7e, t/e etrm.i;/io?i.</line></par>
</text>
</block>
<block><region><rect/></region>
<text>
<par>
<line>/é.,l.&gt;...jLiLin.. .</line></par>
</text>
</block>




</page>
<page width="2479" height="3508" resolution="300">
<block><region><rect/></region>
<text>
<par>
<line>.■si</line></par>
</text>
</block>
<block><region><rect/></region>
<text>
<par/>
</text>
</block>
<block><region><rect/><rect/><rect/></region>
<text>
<par/>
</text>
</block>
<block><region><rect/></region>
<text>
<par>
<line>Cluny:sitc classé</line>
<line>Tilleul d'Abélardjdans les jardins</line>
<line>de Tabbaye ^</line>
<line>Echelle: 1/ 10000</line></par>
</text>
</block>
<block><region><rect/></region>
<text>
<par/>
</text>
</block>
<block><region><rect/></region>
<text>
<par/>
</text>
</block>
<block><region><rect/></region>
<text>
<par>
<line>'Î3.-,</line></par>
</text>
</block>
<block><region><rect/></region>
<text>
<par/>
</text>
</block>
<block><region><rect/><rect/></region>
<text>
<par/>
</text>
</block>
<block><region><rect/></region>
<text>
<par>
<line>V'ti</line></par>
</text>
</block>
<block><region><rect/></region>
<text>
<par>
<line>u=é^--#iaa=æ</line></par>
</text>
</block>
<block><region><rect/></region>
<text>
<par/>
</text>
</block>
<block><region><rect/><rect/></region>
<text>
<par/>
</text>
</block>
<block><region><rect/></region>
<text>
<par>
<line>la ,-iüu^3</line></par>
</text>
</block>
<block><region><rect/><rect/><rect/></region>
<text>
<par>
<line>v-i*ïïms?' -</line></par>
</text>
</block>
<block><region><rect/><rect/><rect/><rect/><rect/><rect/><rect/><rect/></region>
<text>
<par>
<line>.. - ■.</line></par>
<par>
<line>-. 'h. :'?**■</line></par>
<par>
<line>Ü&amp;!</line></par>
<par>
<line>■1- 'i</line></par>
</text>
</block>
<block><region><rect/><rect/></region>
<text>
<par>
<line>' .. mM ,r-L.</line></par>
</text>
</block>
<block><region><rect/></region>
<text>
<par/>
</text>
</block>
<block><region><rect/></region>
<text>
<par>
<line>M</line></par>
</text>
</block>
<block><region><rect/></region>
<text>
<par/>
</text>
</block>
<block><region><rect/></region>
<text>
<par>
<line>irra</line></par>
</text>
</block>
<block><region><rect/></region>
<text>
<par/>
</text>
</block>
<block><region><rect/></region>
<text>
<par>
<line>cv.-</line></par>
</text>
</block>
<block><region><rect/></region>
<text>
<par>
<line>,■ ■•■ i</line></par>
</text>
</block>
<block><region><rect/></region>
<text>
<par>
<line>jfSei^î^flnddifï'é.s</line></par>
</text>
</block>
<block><region><rect/></region>
<text>
<par>
<line>:!■ Kifi</line></par>
</text>
</block>
<block><region><rect/><rect/></region>
<text>
<par>
<line>^^rSlÿï^FOHÊT &gt;ïl</line></par>
</text>
</block>
<block><region><rect/><rect/><rect/></region>
<text>
<par/>
</text>
</block>
<block><region><rect/></region>
<text>
<par/>
</text>
</block>
<block><region><rect/></region>
<text>
<par/>
</text>
</block>
<block><region><rect/></region>
<text>
<par/>
</text>
</block>
<block><region><rect/></region>
<text>
<par>
<line>Sips</line></par>
</text>
</block>
<block><region><rect/></region>
<text>
<par>
<line>;;^ltîS FlaifiÈS</line></par>
<par>
<line>' Xi ' ?■ ■■</line></par>
</text>
</block>
<block><region><rect/></region>
<text>
<par>
<line>■ifi</line></par>
</text>
</block>
<block><region><rect/></region>
<text>
<par>
<line>307</line></par>
</text>
</block>
<block><region><rect/></region>
<text>
<par>
<line>";lf-</line></par>
</text>
</block>
<block><region><rect/></region>
<text>
<par>
<line>■/.A.</line></par>
</text>
</block>
<block><region><rect/></region>
<text>
<par>
<line>--&gt; • ;-k:^. r</line></par>
</text>
</block>
<block><region><rect/></region>
<text>
<par>
<line>2t3t</line></par>
</text>
</block>
<block><region><rect/></region>
<text>
<par/>
</text>
</block>
<block><region><rect/></region>
<text>
<par/>
</text>
</block>
<block><region><rect/></region>
<text>
<par>
<line>)i:</line></par>
</text>
</block>
<block><region><rect/></region>
<text>
<par/>
</text>
</block>
<block><region><rect/></region>
<text>
<par>
<line>.^MV</line></par>
</text>
</block>
<block><region><rect/><rect/><rect/><rect/><rect/><rect/></region>
<text>
<par>
<line>'■■ ■■</line></par>
</text>
</block>
<block><region><rect/><rect/><rect/><rect/><rect/><rect/></region>
<text>
<par>
<line>'V' ' ' .'•■/if</line></par>
<par>
<line>i'. ., ■ ' ,</line></par>
</text>
</block>
<block><region><rect/></region>
<text>
<par/>
</text>
</block>
<block><region><rect/></region>
<text>
<par>
<line>'35</line></par>
</text>
</block>
<block><region><rect/><rect/><rect/><rect/><rect/><rect/><rect/><rect/><rect/></region>
<text>
<par>
<line>i-T'</line></par>
<par>
<line>; 'i? 'VCMtea- ■</line></par>
<par>
<line>'■■■. . ■ '■■■ ^ ■ji. ■ |^ ?</line></par>
<par>
<line>Cr? [jeMiiSlor ; .' -. -tt ', 'V ;.,</line></par>
<par>
<line>, , . ■•» -Il ■</line></par>
<par>
<line>.T' - ■</line></par>
<par>
<line>.r?-</line></par>
</text>
</block>
<block><region><rect/></region>
<text>
<par>
<line>+</line></par>
</text>
</block>
<block><region><rect/></region>
<text>
<par>
<line>1' V</line></par>
</text>
</block>
<block><region><rect/></region>
<text>
<par>
<line>.‘2Î1</line></par>
</text>
</block>
<block><region><rect/></region>
<text>
<par>
<line>FëTJ:iiJï.e 11</line></par>
</text>
</block>
<block><region><rect/></region>
<text>
<par>
<line>|’133</line></par>
</text>
</block>
<block><region><rect/></region>
<text>
<par/>
</text>
</block>
<block><region><rect/><rect/><rect/></region>
<text>
<par>
<line>■»</line></par>
<par>
<line>J</line></par>
</text>
</block>
<block><region><rect/></region>
<text>
<par/>
</text>
</block>
<block><region><rect/><rect/><rect/></region>
<text>
<par>
<line>.•3Wj</line></par>
</text>
</block>
<block><region><rect/><rect/><rect/></region>
<text>
<par/>
</text>
</block>
<block><region><rect/></region>
<text>
<par>
<line>'•'æw:</line></par>
</text>
</block>
<block><region><rect/></region>
<text>
<par/>
</text>
</block>
<block><region><rect/><rect/><rect/><rect/></region>
<text>
<par>
<line>■ Lsï' -</line></par>
<par>
<line>^ #■-</line></par>
<par>
<line>-■</line></par>
<par>
<line>ff</line></par>
<par>
<line>r^..-'î.v!-OancirrniMï' .*</line></par>
<par>
<line>ftf-k'iT:</line></par>
</text>
</block>
<block><region><rect/></region>
<text>
<par/>
</text>
</block>
<block><region><rect/></region>
<text>
<par>
<line>tî]</line></par>
</text>
</block>
<block><region><rect/><rect/><rect/></region>
<text>
<par/>
</text>
</block>
<block><region><rect/></region>
<text>
<par>
<line>\y-''</line></par>
</text>
</block>
<block><region><rect/></region>
<text>
<par>
<line>4,ï tçiTiX</line></par>
</text>
</block>
<block><region><rect/></region>
<text>
<par>
<line>'îfiB</line></par>
</text>
</block>
<block><region><rect/></region>
<text>
<par>
<line>m-</line></par>
</text>
</block>
<block><region><rect/></region>
<text>
<par>
<line>lût Té'</line></par>
</text>
</block>
<block><region><rect/></region>
<text>
<par>
<line>f?h</line></par>
</text>
</block>
<block><region><rect/></region>
<text>
<par>
<line>llf^j:''Ëelte-&lt;;TP^,Jf^&lt;'.;</line></par>
</text>
</block>
<block><region><rect/><rect/><rect/></region>
<text>
<par/>
</text>
</block>
<block><region><rect/><rect/><rect/></region>
<text>
<par>
<line>.- ç- &gt;■ ^Til-. • I</line></par>
</text>
</block>
<block><region><rect/><rect/><rect/><rect/></region>
<text>
<par>
<line>l</line></par>
<par>
<line>lîi^îî'</line></par>
</text>
</block>
<block><region><rect/></region>
<text>
<par/>
</text>
</block>
<block><region><rect/><rect/></region>
<text>
<par>
<line>li</line></par>
<par>
<line>IKîi"'</line></par>
</text>
</block>
<block><region><rect/></region>
<text>
<par>
<line>„tî;</line></par>
</text>
</block>
<block><region><rect/></region>
<text>
<par>
<line>P/SC-</line></par>
</text>
</block>
<block><region><rect/></region>
<text>
<par/>
</text>
</block>
<block><region><rect/><rect/></region>
<text>
<par/>
</text>
</block>
<block><region><rect/></region>
<text>
<par/>
</text>
</block>
<block><region><rect/></region>
<text>
<par/>
</text>
</block>
<block><region><rect/></region>
<text>
<par>
<line>l'ii-ïL'r'Hj</line></par>
<par>
<line>.;3k..</line></par>
</text>
</block>
<block><region><rect/></region>
<text>
<par/>
</text>
</block>
<block><region><rect/></region>
<text>
<par>
<line>Y</line></par>
<par>
<line>P.JJJ</line></par>
</text>
</block>
<block><region><rect/></region>
<text>
<par>
<line>L-W</line></par>
</text>
</block>
<block><region><rect/></region>
<text>
<par>
<line>Zomt ' '///</line></par>
</text>
</block>
<block><region><rect/><rect/><rect/><rect/><rect/></region>
<text>
<par>
<line>JJZ .. ' ■■ pr-?.' iJîïpi'</line></par>
<par>
<line>'.'■' .ràsCaaJ</line></par>
<par>
<line>._i ... - V i. &gt; ■&gt;■■■+,-^</line></par>
</text>
</block>
<block><region><rect/><rect/></region>
<text>
<par>
<line>%</line></par>
</text>
</block>
<block><region><rect/></region>
<text>
<par>
<line>ï5 njt«;%.iii()ïs!TiF!llfi</line></par>
</text>
</block>
<block><region><rect/><rect/><rect/><rect/></region>
<text>
<par>
<line>1- ■: - ■■■..■</line></par>
<par>
<line>■'._.■ ■ ''.j'i' îE-V''</line></par>
<par>
<line>■ . . ^:.m.. ■*,■ . i.r</line></par>
</text>
</block>
<block><region><rect/><rect/><rect/><rect/><rect/></region>
<text>
<par>
<line>■ - : :</line></par>
<par>
<line>■'f _I</line></par>
<par>
<line>-■■■. ' "is f'ii-:</line></par>
</text>
</block>
<block><region><rect/><rect/><rect/><rect/><rect/><rect/><rect/><rect/><rect/><rect/><rect/><rect/><rect/><rect/><rect/></region>
<text>
<par>
<line>-,.</line></par>
<par>
<line>'■'J pj^tanei</line></par>
<par>
<line>k.'V.;- T#T-'</line></par>
<par>
<line>. .y - / y ‘S-</line></par>
<par>
<line>i/'M-</line></par>
<par>
<line>^26î.'</line></par>
</text>
</block>
<block><region><rect/><rect/><rect/><rect/><rect/></region>
<text>
<par>
<line>m</line></par>
<par>
<line>^îr'</line></par>
<par>
<line>■</line></par>
</text>
</block>
<block><region><rect/><rect/><rect/><rect/></region>
<text>
<par>
<line>'r-ifl.. .^-</line>
<line>Sr^pg^jj</line>
<line>Méuva</line></par>
</text>
</block>
<block><region><rect/></region>
<text>
<par/>
</text>
</block>
<block><region><rect/><rect/></region>
<text>
<par/>
</text>
</block>
<block><region><rect/><rect/></region>
<text>
<par/>
</text>
</block>
<block><region><rect/><rect/></region>
<text>
<par/>
</text>
</block>
<block><region><rect/></region>
<text>
<par/>
</text>
</block>
<block><region><rect/></region>
<text>
<par/>
</text>
</block>
<block><region><rect/><rect/><rect/></region>
<text>
<par>
<line>,.:Gale</line></par>
<par>
<line>''M-,</line></par>
</text>
</block>
<block><region><rect/></region>
<text>
<par>
<line>■i*-/</line></par>
</text>
</block>
<block><region><rect/></region>
<text>
<par/>
</text>
</block>
<block><region><rect/></region>
<text>
<par>
<line>\k</line></par>
</text>
</block>
<block><region><rect/><rect/><rect/></region>
<text>
<par>
<line>A rge fût',?■■&gt; ,. .</line></par>
</text>
</block>
<block><region><rect/></region>
<text>
<par/>
</text>
</block>
<block><region><rect/></region>
<text>
<par>
<line>245;</line></par>
</text>
</block>
<block><region><rect/></region>
<text>
<par/>
</text>
</block>
<block><region><rect/></region>
<text>
<par/>
</text>
</block>
<block><region><rect/></region>
<text>
<par/>
</text>
</block>
<block><region><rect/></region>
<text>
<par>
<line>■ ■_.j_^ _--;^ ,&lt;•,•&gt;</line></par>
</text>
</block>
<block><region><rect/></region>
<text>
<par/>
</text>
</block>
<block><region><rect/></region>
<text>
<par>
<line>^i5[</line></par>
</text>
</block>
<block><region><rect/></region>
<text>
<par/>
</text>
</block>
<block><region><rect/><rect/><rect/><rect/></region>
<text>
<par/>
</text>
</block>
<block><region><rect/><rect/><rect/><rect/></region>
<text>
<par>
<line>clijit-t .ÿ;'</line></par>
<par>
<line>TàuLjbn#..;</line></par>
</text>
</block>
<block><region><rect/></region>
<text>
<par/>
</text>
</block>
<block><region><rect/></region>
<text>
<par>
<line>.y</line></par>
</text>
</block>
<block><region><rect/></region>
<text>
<par/>
</text>
</block>
<block><region><rect/></region>
<text>
<par>
<line>//.'léT'</line></par>
</text>
</block>
<block><region><rect/></region>
<text>
<par>
<line>j.-^ .ÿiV•^'^ïc,. ■ •• ■'.i.--^'r^- ."5.• . li .'-jf ^ û-</line></par>
<par>
<line>i v4.</line></par>
</text>
</block>
<block><region><rect/><rect/></region>
<text>
<par/>
</text>
</block>
<block><region><rect/><rect/></region>
<text>
<par>
<line>..zafl</line></par>
</text>
</block>


















</page>
</AC2>