<?xml version="1.0" encoding="UTF-8"?><AC2>
<page width="2503" height="3525" resolution="300">
<block><region><rect/></region>
<text>
<par>
<line>CEB./LR,</line></par>
</text>
</block>
<block><region><rect/></region>
<text>
<par>
<line>REPUBLIQU E FR/'-.NÇRISE</line></par>
</text>
</block>
<block><region><rect/></region>
<text>
<par>
<line>\.</line></par>
</text>
</block>
<block><region><rect/></region>
<text>
<par>
<line>%</line></par>
</text>
</block>
<block><region><rect/></region>
<text>
<par>
<line>MINISTERE</line></par>
</text>
</block>
<block><region><rect/></region>
<text>
<par>
<line>AFFAIRES</line></par>
</text>
</block>
<block><region><rect/><rect/></region>
<text>
<par>
<line>0ES.</line></par>
<par>
<line>CüL#RELLES</line></par>
</text>
</block>
<block><region><rect/></region>
<text>
<par>
<line>R R E T E</line></par>
</text>
</block>
<block><region><rect/></region>
<text>
<par>
<line>Le Ministre des Affaires Culturelles</line></par>
</text>
</block>
<block><region><rect/></region>
<text>
<par>
<line>VU la loi du 2 Mai 1930 réorganisant la protection des monuments</line>
<line>naturels et des sites de caractère artistique, historique,</line></par>
<par>
<line>• scientifique., légendaire ou pittoresque, modifiée par la loi</line>
<line>n° 67» 117^ du 28. Décembre I967 ;</line></par>
<par>
<line>VU'’le■■'décret ■ n69.607 du 13 Juin 1969 portant application des</line>
<line>articles 4 et J® 1® loi du 2 Mai 1930 sur la protection</line></par>
<par>
<line>des sites ;</line></par>
<par>
<line>TO le décret du 24 Juillet 1959 portant organisation du Ministère</line>
<line>des Affaires Culturelles:,;</line></par>
<par>
<line>VU la loi du 12 Avril 1943 'portant règlementation de la Publicité</line>
<line>et des enseignes et notamment les articles 5 et 9 ; ■ -</line></par>
<par>
<line>VU le décret du 9 Février I968 portant applicatiorr du Idécret du ' ,■</line>
<line>7 Février 1959 modifié, relatif au camping, et notamment les ■■■</line>
<line>articles 2 et 6 ;</line></par>
<par>
<line>VU le décret n° 72-37 du 11 Janvier 1972 releitif au stationnement</line>
<line>des caravanes et notamment les articles 3, 7, 9 et 10 j</line></par>
<par>
<line>VUJ le décret n° 70o288 du 31 Mars 1970 relatif à la composition et</line>
<line>au fonctionnement des Comfaissions départementales et supé'rieures</line>
<line>des sites ;</line></par>
<par>
<line>VU l'arrêté en date du 3 Decembx'e 1942 classant parmi les Éites du</line>
<line>département de la SOMME le parc et les batiments de l'ancien</line>
<line>évêché, à a MIEN S ;</line></par>
<par>
<line>\nj l'avis donné le 10 Juillet 1970 par le Conseil I-'-unicipal</line>
<line>d'AMIENS ;</line></par>
<par>
<line>\UJ la délibération du 26 Juin 1971 de la Commission des sites,</line>
<line>perspectives et paysages du département de la SOMME ;</line></par>
<par>
<line>A R R E ï E :</line></par>
<par>
<line>jirticle Ier — Pst inscrit sur 1 ' inveuitciire des sites pittoresques</line></par>
<par>
<line>du département de la SOl-'iME l'ensemble formé sur la comn'une d'/JlIENS</line></par>
<par>
<line>par les façades et toitures des rues PORIOW, ,.LE0D/i'T LEFEBVRE,</line></par>
<par>
<line>METZ Ij'LA’E-ytJE et de la pjlaqe Saint Mj.chelc</line></par>
</text>
</block>
<block><region><rect/></region>
<text>
<par/>
</text>
</block>

</page>
<page width="2479" height="3508" resolution="300">
<block><region><rect/></region>
<text>
<par>
<line>2</line></par>
</text>
</block>
<block><region><rect/></region>
<text>
<par/>
</text>
</block>
<block><region><rect/></region>
<text>
<par>
<line>Article 2 — Le présent arrêté sera notifié au Préfet du département</line>
<line>de -LA-SOMME, au Maire "Üe'-'la commune d'/iMIENS qui seront responsables,</line>
<line>chacun en ce qui le concerne de son exécution, et aux ^iropriétaires.</line>
<line>intéressés»</line></par>
</text>
</block>
<block><region><rect/></region>
<text>
<par>
<line>Fait à P;ÆIS; le 10 mai 1973</line></par>
</text>
</block>
<block><region><rect/></region>
<text>
<par>
<line>..Pour ^le Ministre et..</line>
<line>Pour le Directeur de</line>
<line>Le,. Directeur Adjoint</line></par>
</text>
</block>
<block><region><rect/></region>
<text>
<par>
<line>par .délégation</line>
<line>1'Architecture</line>
<line>de l'Architecture</line></par>
</text>
</block>
<block><region><rect/></region>
<text>
<par>
<line>Signé-; Claude HIPIAET</line></par>
</text>
</block>
<block><region><rect/></region>
<text>
<par>
<line>Pour ampliation</line></par>
<par>
<line>L* Administrateur:;,iCivil.;:,chargé..</line>
<line>du Bureau des Sites</line></par>
</text>
</block>
<block><region><rect/></region>
<text>
<par>
<line>Nancy ,BOUCHE^</line></par>
</text>
</block>






</page>
</AC2>