<?xml version="1.0" encoding="UTF-8"?><AC2>
<page width="2489" height="3515" resolution="300">
<block><region><rect/></region>
<text orientation="RotatedCounterclockwise">
<par>
<line>148-483-J. 4718-30. [253031</line></par>
</text>
</block>
<block><region><rect/></region>
<text>
<par>
<line>À</line></par>
</text>
<text>
<par>
<line>\</line></par>
</text>
</block>
<block><region><rect/></region>
<text>
<par>
<line>MINISTEKE</line></par>
</text>
</block>
<block><region><rect/></region>
<text>
<par>
<line>RÉPUBLIQUE FRANÇAISE</line></par>
</text>
</block>
<block><region><rect/></region>
<text>
<par>
<line>L’INSTRUCTION PUBLIQUE</line></par>
<par>
<line>■ ET DES BEAUX-ARTS</line></par>
</text>
</block>
<block><region><rect/></region>
<text>
<par>
<line>BEAUX-ARTS</line>
<line>MONUMENTS HISTORIQUES</line>
<line>Sites et Monuments naturels</line></par>
</text>
</block>
<block><region><rect/></region>
<text>
<par>
<line>JlDt/tete</line></par>
</text>
</block>
<block><region><rect/></region>
<text>
<par>
<line>^£i&gt;v-cy &amp;f7Z^ /a- c^^i-ez-t^TTUs^n^z-^</line></par>
<par>
<line>a^sz! t^y^^zzezTTz&amp;rzÉf .^yï^^ezze.^ e^ a^e:^- ez^zt^ iXzz c^&amp;ezrzc»'</line></par>
<par>
<line>c/te..JL....Uara....IS3I........</line></par>
</text>
</block>
<block><region><rect/><rect/></region>
<text>
<par>
<line>fzaczyte-fzze.7z/- sn. c/z.)^ e/ce. .2£!....J..6iiY.l..er....I.22.9.-..e.1t..</line></par>
<par>
<line>celui du fo"Avril I9.'^t</line></par>
</text>
</block>
<block><region><rect/><rect/></region>
<text>
<par>
<line>/ztzà ^eeZT*'</line></par>
</text>
</block>
<block><region><rect/><rect/></region>
<text>
<par>
<line>^let.aZZtZAT*'</line></par>
<par>
<line>_X.«-.-y.iÆjjx.„l'flr.t...J.aaban,-l.LL^JiJil.„EsJb:9JG^^</line></par>
<par>
<line>Àta]Ala.t.5jaB.e--l£^a=ji.ft.-Qalel.s-)_</line></par>
</text>
</block>






























</page>
<page width="2515" height="3534" resolution="300">
<block><region><rect/></region>
<text>
<par/>
</text>
</block>
<block blockType="Table" blockName="" l="733" t="477" r="2203" b="994"><region><rect/></region>
<row>
<cell colSpan="2" leftBorder="White" topBorder="White" rightBorder="White" bottomBorder="White" width="1470" height="162">
<text>
<par>
<line>...J9.S.1;..,,, . df-c'âsi^ e-^ f9^‘fZ€é-me.97^ :nas^c^ie.4</line></par>
</text></cell></row>
<row>
<cell leftBorder="White" topBorder="White" rightBorder="White" bottomBorder="White" width="1130" height="115">
<text>
<par/>
</text></cell>
<cell leftBorder="White" topBorder="White" rightBorder="White" bottomBorder="White" width="340" height="115">
<text>
<par/>
</text></cell></row>
<row>
<cell leftBorder="White" topBorder="White" rightBorder="White" bottomBorder="White" width="1130" height="124">
<text>
<par/>
</text></cell>
<cell leftBorder="White" topBorder="White" rightBorder="White" bottomBorder="White" width="340" height="124">
<text>
<par/>
</text></cell></row>
<row>
<cell leftBorder="White" topBorder="White" rightBorder="White" bottomBorder="White" width="1130" height="116">
<text>
<par/>
</text></cell>
<cell leftBorder="White" topBorder="White" rightBorder="White" bottomBorder="White" width="340" height="116">
<text>
<par/>
</text></cell></row>
</block>
<block><region><rect/></region>
<text>
<par>
<line>.ES.S.s.d.J0.“ .CS-.liR.ljS.,.&amp;U....MS.li.r..6.....â.S..l.S.</line></par>
</text>
<text>
<par>
<line>73^.C.o.nEaiinfi_d.^Ajra]ileie.uÆje._..ûJL,</line></par>
</text>
</block>
<block><region><rect/></region>
<text>
<par>
<line>oui seront resoonsa'bles^.chacun en ce oui</line></par>
<par>
<line>le ..concerne, de son exécution.___</line></par>
</text>
</block>
<block><region><rect/></region>
<text>
<par>
<line>.Ar.t.l.c.le.....a.</line></par>
</text>
</block>
<block><region><rect/></region>
<text>
<par>
<line>...II_Æ£xa....t.r,Bn££ïxi.t....£Lu.....liu.r.jaaju.....à.fis._.i.jr.pLathè.qja.efl™_de</line></par>
<par>
<line>Xa.._fi.i.t.uat.iûn.....à.e.lli,cira.e.uXI.e.„.claas.â.,......—</line></par>
</text>
</block>
<block><region><rect/></region>
<text>
<par/>
</text>
</block>
<block><region><rect/></region>
<text>
<par>
<line>44444«««*f*Vff4444*«prpp|ffa«f»4ai»41k4l4«&gt;a4afftf4»*«a4f«t«Rf*«t4»4tlal&lt;4R»4*a4a««4»t444V44a4</line></par>
</text>
</block>
<block><region><rect/></region>
<text>
<par/>
</text>
</block>
<block><region><rect/><rect/></region>
<text>
<par/>
</text>
</block>
<block><region><rect/></region>
<text>
<par>
<line>■-4^</line></par>
</text>
</block>
<block><region><rect/></region>
<text>
<par/>
</text>
</block>
<block><region><rect/></region>
<text>
<par>
<line>^ ^ 2 JUIN 1951</line></par>
</text>
</block>




















</page>
</AC2>