<?xml version="1.0" encoding="UTF-8"?><AC2>
<page width="803" height="1130" resolution="96">
<block><region><rect/></region>
<text>
<par>
<line>cor î..</line></par>
</text>
</block>
<block><region><rect/><rect/><rect/></region>
<text>
<par>
<line>U.. jUWMION</line></par>
<par>
<line>MINISTERE D^ETAT REPUBLIQUE m&gt;CAI5S</line></par>
<par>
<line>AFFAIRES CULTI'RELIES</line></par>
</text>
</block>
<block><region><rect/></region>
<text>
<par>
<line>ARRETE</line></par>
</text>
</block>
<block><region><rect/></region>
<text>
<par>
<line>I</line></par>
<par>
<line>Il MINISTRE D'ETAT CUVRCE DES</line>
<line>AFFAIRES CULTURELLES</line></par>
</text>
</block>
<block><region><rect/></region>
<text>
<par>
<line>Vu la 1©1 du 2 mal 1930 rloraanisant la protection aes nonuments natur^U et</line>
<line>des altes de caract^rB artistique, historique, selentifIque, légendaire ou</line>
<line>pittoresque et notatrment Pertlcle 0;</line></par>
<par>
<line>Vu la loi du 12 avril 1943 portant rcglenentatlon de la publicité et des</line>
<line>enaeignea et notaiwont les articles 5 et 9|</line></par>
<par>
<line>Vu le décret du 3 février 1969 relatif aux attributions d^un Ministre d’Etat;</line></par>
<par>
<line>Vu le décret du 24 Juillet 1959 portant organisation du Mlnlatire das Affalrct</line>
<line>Culturelles;</line></par>
<par>
<line>Vu le décret du 1d mars 1960 portant ai^Ucation du décret du T février 1959</line>
<line>relatif au canping, et notassent laa articles 2 et 6;</line></par>
<par>
<line>Vu l'adhésion au claascrnent donnée par le propriétaire intéressé;</line></par>
<par>
<line>Vu l'avis émis par la Coorilaslon départemontale drjs Sites, PerspRctivsB et</line>
<line>Paysages dans se séance du 3 Juin 1964</line></par>
</text>
</block>
<block><region><rect/></region>
<text>
<par>
<line>ARRETE</line></par>
<par>
<line>ARTICLE l^r.- Est Classée parmi lua Sites pittoresques la propriété dite</line>
<line>•'propriété PONSOT" située à Œ^LIS (Côte d'Or) et comprenant les parcelles</line>
<line>cadastrales N’^s 496, 49*^ et 498, Section £.</line></par>
<par>
<line>ARTICLE 2»-Le jttésent arrêté aora notifié eu ft^fet du départetsent do la CÔts</line>
<line>d'Or, au sâire de la cornuno de GENLIS et au propriétaire intéresse oui seront</line>
<line>responsables, chacun en ce qui la concorne, da son exécution*</line></par>
<par>
<line>e</line></par>
<par>
<line>ARTICLE 3,» Il sera publié au Bureau des hypothèques de la altuation du site</line></par>
</text>
</block>
<block><region><rect/></region>
<text>
<par>
<line>PARIS, le 1er Mars 1965</line></par>
<par>
<line>Pour le Ministre et par délégation</line>
<line>Lo Mattro des Roguttos au Consoil d'Etat</line>
<line>Directeur do l'Architecture</line></par>
<par>
<line>(TERRIEN</line></par>
</text>
</block>
<block><region><rect/></region>
<text>
<par>
<line>classe I</line></par>
</text>
</block>
<block><region><rect/></region>
<text>
<par>
<line>F6ur ampMstlon</line>
<line>P/l'Administra tour CiVU</line>
<line>chargé dès Sites</line></par>
</text>
</block>
<block><region><rect/></region>
<text>
<par/>
</text>
</block>
<block><region><rect/></region>
<text>
<par/>
</text>
</block>
<block><region><rect/></region>
<text>
<par>
<line>RiCCMBe</line></par>
</text>
</block>





</page>
<page width="2509" height="3529" resolution="300">
<block><region><rect/><rect/></region>
<text>
<par>
<line>J.- le •LfL.iÂ'</line></par>
<par>
<line>I •* la&gt;147:1 n** 4*</line></par>
</text>
</block>
<block><region><rect/></region>
<text>
<par/>
</text>
</block>
<block><region><rect/></region>
<text>
<par>
<line>] ^JQÏIOllbâ</line></par>
<par>
<line>yîr J-Ba Ht b \</line></par>
</text>
</block>
<block><region><rect/></region>
<text>
<par/>
</text>
</block>
<block><region><rect/></region>
<text>
<par>
<line>&gt; ■Æ.-î</line></par>
</text>
</block>
<block><region><rect/></region>
<text>
<par/>
</text>
</block>
<block><region><rect/></region>
<text>
<par>
<line>0^</line></par>
</text>
</block>
<block><region><rect/></region>
<text>
<par/>
</text>
</block>
<block><region><rect/></region>
<text>
<par/>
</text>
</block>
<block><region><rect/></region>
<text>
<par/>
</text>
</block>
<block><region><rect/></region>
<text>
<par/>
</text>
</block>
<block><region><rect/></region>
<text>
<par>
<line>eif« Elaelr</line></par>
</text>
</block>
<block><region><rect/></region>
<text>
<par>
<line>^iiiî: .‘J3.'.</line></par>
</text>
</block>
<block><region><rect/></region>
<text>
<par>
<line>_*.f* J ^ ‘-P feiri«4T;Ÿ-</line></par>
</text>
</block>
<block><region><rect/></region>
<text>
<par>
<line>.-^-Up</line></par>
</text>
</block>
<block><region><rect/></region>
<text>
<par/>
</text>
</block>
<block><region><rect/><rect/></region>
<text>
<par>
<line>- flu if-uLn l]l&lt;iTI ••'</line></par>
<par>
<line>^ s .-■^</line></par>
</text>
</block>
<block><region><rect/></region>
<text>
<par/>
</text>
</block>
<block><region><rect/></region>
<text>
<par/>
</text>
</block>
<block><region><rect/></region>
<text>
<par/>
</text>
</block>
<block><region><rect/></region>
<text>
<par>
<line>Jti</line></par>
</text>
</block>
<block><region><rect/></region>
<text>
<par/>
</text>
</block>
<block><region><rect/></region>
<text>
<par/>
</text>
</block>
<block><region><rect/></region>
<text>
<par>
<line>î' ’ ■■'■'■. .■-. ^ ■11^</line></par>
</text>
</block>
<block><region><rect/></region>
<text>
<par>
<line>y- t</line></par>
</text>
</block>
<block><region><rect/></region>
<text>
<par/>
</text>
</block>
<block><region><rect/></region>
<text>
<par/>
</text>
</block>
<block><region><rect/></region>
<text>
<par>
<line>PH 3*iri-l UI A I-K i^rin</line></par>
</text>
</block>
<block><region><rect/></region>
<text>
<par>
<line>^c»BU^ dpçji'tB ■•■' -S</line>
<line>\. ^ .• ■• .■.</line></par>
</text>
</block>
<block><region><rect/></region>
<text>
<par/>
</text>
</block>
<block><region><rect/></region>
<text>
<par/>
</text>
</block>
<block><region><rect/></region>
<text>
<par/>
</text>
</block>
<block><region><rect/></region>
<text>
<par/>
</text>
</block>
<block><region><rect/></region>
<text>
<par/>
</text>
</block>
<block><region><rect/></region>
<text>
<par>
<line>fdl Lfl Cl-bcJir</line></par>
</text>
</block>
<block><region><rect/></region>
<text>
<par/>
</text>
</block>
<block><region><rect/></region>
<text>
<par/>
</text>
</block>
<block><region><rect/></region>
<text>
<par>
<line>Us, ■^.</line></par>
</text>
</block>
<block><region><rect/></region>
<text>
<par>
<line>2û2.n^</line></par>
</text>
</block>
<block><region><rect/></region>
<text>
<par>
<line>*^:Z\</line></par>
</text>
</block>
<block><region><rect/></region>
<text>
<par/>
</text>
</block>
<block><region><rect/></region>
<text>
<par>
<line>OUI. VOCIiVH</line></par>
</text>
</block>
<block><region><rect/></region>
<text>
<par>
<line>* T.V.</line></par>
</text>
</block>
<block><region><rect/></region>
<text>
<par/>
</text>
</block>
<block><region><rect/></region>
<text>
<par>
<line>■&gt;v.t: % V t</line></par>
</text>
</block>
<block><region><rect/></region>
<text>
<par/>
</text>
</block>
<block><region><rect/></region>
<text>
<par>
<line>•</line></par>
</text>
</block>
<block><region><rect/><rect/></region>
<text>
<par/>
</text>
</block>
<block><region><rect/></region>
<text>
<par>
<line>Vmi,</line></par>
</text>
</block>
<block><region><rect/></region>
<text>
<par>
<line>’**•#•&lt; i</line></par>
<par>
<line>1-R Ë K.ri 1: A II</line></par>
</text>
</block>
<block><region><rect/></region>
<text>
<par>
<line>S&gt;T»'5</line></par>
</text>
</block>
<block><region><rect/></region>
<text>
<par>
<line>niu,</line></par>
</text>
</block>
<block><region><rect/></region>
<text>
<par>
<line>ilir Prl- li'Ar^iBl</line></par>
</text>
</block>
<block><region><rect/></region>
<text>
<par/>
</text>
</block>
<block><region><rect/></region>
<text>
<par>
<line>^ ■</line></par>
</text>
</block>
<block><region><rect/></region>
<text>
<par>
<line>^ PtA -1</line></par>
<par>
<line>y'\</line></par>
</text>
</block>
<block><region><rect/></region>
<text>
<par>
<line>i9i(Â</line></par>
</text>
</block>
<block><region><rect/></region>
<text>
<par/>
</text>
</block>
<block><region><rect/></region>
<text>
<par/>
</text>
</block>
<block><region><rect/><rect/><rect/></region>
<text>
<par/>
</text>
</block>
<block><region><rect/></region>
<text>
<par>
<line>*.;.l-yyyT ,.'</line></par>
</text>
</block>
<block><region><rect/></region>
<text>
<par>
<line>v&lt;r</line></par>
</text>
</block>
<block><region><rect/></region>
<text>
<par/>
</text>
</block>
<block><region><rect/></region>
<text>
<par>
<line>V y •*-</line></par>
</text>
</block>
<block><region><rect/></region>
<text>
<par>
<line>■ r,l‘^</line></par>
</text>
</block>
<block><region><rect/></region>
<text>
<par/>
</text>
</block>
<block><region><rect/></region>
<text>
<par>
<line>-• &gt;. V'fTTfcim</line></par>
</text>
</block>
<block><region><rect/></region>
<text>
<par/>
</text>
</block>
<block><region><rect/></region>
<text>
<par>
<line>'iPiiiiL c-iùDnnEm</line></par>
<par>
<line>\. ■ D.4 [£</line></par>
</text>
</block>
<block><region><rect/></region>
<text>
<par>
<line>^ JCJ.I</line></par>
</text>
</block>
<block><region><rect/></region>
<text>
<par/>
</text>
</block>
<block><region><rect/><rect/></region>
<text>
<par/>
</text>
</block>
<block><region><rect/></region>
<text>
<par>
<line>lîi,</line></par>
</text>
</block>
<block><region><rect/></region>
<text>
<par>
<line>;airftnfif:i *</line></par>
</text>
</block>
<block><region><rect/></region>
<text>
<par>
<line>Vafanges v. \ \</line></par>
<par>
<line>\ VrP '. ^</line></par>
</text>
</block>
<block><region><rect/></region>
<text>
<par/>
</text>
</block>
<block><region><rect/></region>
<text>
<par>
<line>lû 'i:</line></par>
</text>
</block>
<block><region><rect/></region>
<text>
<par>
<line>^K.:-</line></par>
</text>
</block>
<block><region><rect/></region>
<text>
<par>
<line>0:c&lt;.</line></par>
</text>
</block>
<block><region><rect/></region>
<text>
<par>
<line>\= VKL.lm Uuuhÿi^^</line></par>
</text>
</block>
<block><region><rect/></region>
<text>
<par>
<line>^ I ‘Alflli BOU&amp;t</line></par>
</text>
</block>
<block><region><rect/></region>
<text>
<par>
<line>îsa,</line></par>
</text>
</block>
<block><region><rect/></region>
<text>
<par/>
</text>
</block>
<block><region><rect/></region>
<text>
<par/>
</text>
</block>
<block><region><rect/></region>
<text>
<par>
<line>&lt;h‘- iCT.eu</line></par>
</text>
</block>
<block><region><rect/></region>
<text>
<par>
<line>'1</line></par>
</text>
</block>
<block><region><rect/></region>
<text>
<par>
<line>I H J ' B r. ri n I ■; IA .t</line>
<line>de Li'uT. \</line></par>
<par>
<line>X. \ '..</line></par>
</text>
</block>
<block><region><rect/><rect/></region>
<text>
<par>
<line>^jÆt^ÏÏ^^L^ÿ'l^-'V-Diaanie /. -,m</line></par>
<par>
<line>J^:- Wr..’Èïi^ 'Ti' y' i'” / \</line></par>
<par>
<line>'li : V-' ■ p' fc' '■ \ Ê \</line></par>
</text>
</block>
<block><region><rect/></region>
<text>
<par>
<line>?i'&lt;a-'V'Diaatte .ÿv=</line></par>
</text>
</block>
<block><region><rect/></region>
<text>
<par>
<line>yinr Sf</line></par>
</text>
</block>
<block><region><rect/></region>
<text>
<par>
<line>r .1*</line></par>
</text>
</block>
<block><region><rect/></region>
<text>
<par>
<line>1H6 Ai B'^iiiuritiw: \</line></par>
<par>
<line>.‘■| lÀ- ^ \ "y*-</line></par>
<par>
<line>I I'. .\&amp;</line></par>
<par>
<line>•'. V O'^n.-.A.ïur</line></par>
</text>
</block>
<block><region><rect/></region>
<text>
<par>
<line>Tp-i aor.</line></par>
</text>
</block>
<block><region><rect/></region>
<text>
<par>
<line>AhC</line></par>
</text>
</block>
<block><region><rect/></region>
<text>
<par>
<line>J’</line></par>
</text>
</block>
<block><region><rect/></region>
<text>
<par>
<line>.</line></par>
</text>
</block>
<block><region><rect/><rect/><rect/></region>
<text>
<par>
<line>jJ^Çî- ^!kle Sol-é-ii Vf à*./</line></par>
</text>
</block>
<block><region><rect/></region>
<text>
<par>
<line>. "Vs. ‘atJ</line></par>
</text>
</block>
<block><region><rect/></region>
<text>
<par>
<line>« ^'‘ ‘-A -</line></par>
</text>
</block>
<block><region><rect/><rect/><rect/></region>
<text>
<par>
<line>\ \:% T</line></par>
<par>
<line>Ü&lt;I1U ùi».K.=I ^""'</line></par>
<par>
<line>\ 'îÿ;ÿf5S,Huc.hty</line></par>
<par>
<line>V</line></par>
<par>
<line>Lù fiv</line></par>
<par>
<line>..•.■-■■^15^3 fe V . : ’ ,s*''</line></par>
</text>
</block>
<block><region><rect/></region>
<text>
<par/>
</text>
</block>
<block><region><rect/></region>
<text>
<par>
<line>«:• &lt;</line></par>
</text>
</block>
<block><region><rect/></region>
<text>
<par>
<line>^ X</line></par>
<par>
<line>\ L*B lIOïtiAwo</line>
<line>tf ^■'.</line></par>
</text>
</block>
<block><region><rect/></region>
<text>
<par>
<line>&lt;■* f</line></par>
</text>
</block>
<block><region><rect/><rect/></region>
<text>
<par/>
</text>
</block>
<block><region><rect/></region>
<text>
<par/>
</text>
</block>
<block><region><rect/></region>
<text>
<par/>
</text>
</block>
<block><region><rect/></region>
<text>
<par>
<line>I ]éI EpiUOUAh M !</line></par>
</text>
</block>
<block><region><rect/></region>
<text>
<par>
<line>1».E</line></par>
</text>
</block>
<block><region><rect/></region>
<text>
<par>
<line>■y Tp ■■•-. ^1.:</line></par>
</text>
</block>
<block><region><rect/></region>
<text>
<par>
<line>:136</line></par>
</text>
</block>
<block><region><rect/></region>
<text>
<par>
<line>VïdD. H</line>
<line>. w</line></par>
<par>
<line>'^•;efi Hw</line></par>
</text>
</block>
<block><region><rect/></region>
<text>
<par/>
</text>
</block>
<block><region><rect/></region>
<text>
<par>
<line>Al«aD«</line></par>
</text>
</block>
<block><region><rect/></region>
<text>
<par>
<line>/■^rv^rs</line></par>
</text>
</block>
<block><region><rect/></region>
<text>
<par>
<line>EnD.?</line></par>
</text>
</block>
<block><region><rect/></region>
<text>
<par/>
</text>
</block>
<block><region><rect/></region>
<text>
<par/>
</text>
</block>
<block><region><rect/></region>
<text>
<par/>
</text>
</block>
<block><region><rect/></region>
<text>
<par>
<line>' Æ ■ - ,</line></par>
<par>
<line>i**- . A&amp; LaTPÏiita:</line></par>
</text>
</block>
<block><region><rect/></region>
<text>
<par>
<line>L13E&gt;&gt;£</line></par>
</text>
</block>
<block><region><rect/></region>
<text>
<par>
<line>:■ / .■•■XT' Pttguaaf dü^t-oreui, X. M'</line></par>
<par>
<line>\ ' X#-</line></par>
<par>
<line>i,.:</line></par>
<par>
<line>I? ■■ ^ \. M&gt;s</line></par>
</text>
</block>
<block><region><rect/></region>
<text>
<par>
<line>r</line></par>
<par>
<line>‘-I Pic lïajoi</line></par>
</text>
</block>
<block><region><rect/></region>
<text>
<par/>
</text>
</block>
<block><region><rect/></region>
<text>
<par/>
</text>
</block>
<block><region><rect/></region>
<text>
<par>
<line>«Si -</line></par>
</text>
</block>
<block><region><rect/></region>
<text>
<par>
<line>•f tTi; J J i&lt;i'h ■.!</line></par>
</text>
</block>
<block><region><rect/></region>
<text>
<par>
<line>MA iV ••■^ r</line></par>
</text>
</block>
<block><region><rect/></region>
<text>
<par>
<line>1- T.-y-'</line></par>
</text>
</block>
<block><region><rect/></region>
<text>
<par>
<line>1 A. 0«r'PRDC.LP^</line></par>
<par>
<line>II-</line></par>
<par>
<line>laa.a ji</line></par>
</text>
</block>
<block><region><rect/></region>
<text>
<par>
<line>y % -^■-</line></par>
</text>
</block>
<block><region><rect/></region>
<text>
<par>
<line>y' ‘il</line></par>
</text>
</block>
<block><region><rect/></region>
<text>
<par>
<line>•• Ix ^</line></par>
</text>
</block>
<block><region><rect/></region>
<text>
<par>
<line>h:</line></par>
</text>
</block>
<block><region><rect/></region>
<text>
<par/>
</text>
</block>
<block><region><rect/></region>
<text>
<par/>
</text>
</block>
<block><region><rect/></region>
<text>
<par>
<line>*it*</line></par>
</text>
</block>
<block><region><rect/></region>
<text>
<par/>
</text>
</block>
<block><region><rect/></region>
<text>
<par>
<line>â ü.« lp Ll'r4+ 3f</line></par>
</text>
</block>
<block><region><rect/></region>
<text>
<par/>
</text>
</block>
<block><region><rect/></region>
<text>
<par>
<line>ifV.V</line></par>
</text>
</block>
<block><region><rect/></region>
<text>
<par>
<line>D I U l.-Li.Ch</line></par>
</text>
</block>
<block><region><rect/></region>
<text>
<par/>
</text>
</block>
<block><region><rect/></region>
<text>
<par/>
</text>
</block>
<block><region><rect/></region>
<text>
<par>
<line>BC ’.-Xar-ïR</line></par>
</text>
</block>
<block><region><rect/></region>
<text>
<par/>
</text>
</block>
<block><region><rect/></region>
<text>
<par/>
</text>
</block>
<block><region><rect/></region>
<text>
<par>
<line>■piïix K^That ï^igaji.-</line>
<line>IHJ ' *</line></par>
</text>
</block>
<block><region><rect/></region>
<text>
<par/>
</text>
</block>
<block><region><rect/></region>
<text>
<par>
<line>..C .-rBrip,-i-| -1,. 'Q^.q t</line></par>
<par>
<line>'&gt; ^ . 1-. V</line></par>
</text>
</block>
<block><region><rect/></region>
<text>
<par>
<line>■r Nr.. i</line></par>
</text>
</block>
<block><region><rect/></region>
<text>
<par/>
</text>
</block>
<block><region><rect/></region>
<text>
<par>
<line>-., . LA .Rb M.l&lt;.&lt;ib</line></par>
</text>
</block>
<block><region><rect/></region>
<text>
<par>
<line>1Î3.8</line></par>
</text>
</block>
<block><region><rect/></region>
<text>
<par>
<line>La ■■ a U L ITL</line></par>
</text>
</block>
<block><region><rect/></region>
<text>
<par>
<line>. \</line></par>
</text>
</block>
<block><region><rect/></region>
<text>
<par>
<line>IV'-MSyl V“</line></par>
</text>
</block>
<block><region><rect/></region>
<text>
<par>
<line>IS;,^ r*"'- ,•-</line></par>
<par>
<line>A T-s--. '^Ç''s rourictiii ,</line>
<line>.t » X H-"</line></par>
</text>
</block>
<block><region><rect/><rect/><rect/></region>
<text>
<par>
<line>X’ iî r D ïi d ’x</line></par>
</text>
</block>
<block><region><rect/></region>
<text>
<par>
<line>■VX'" ■'-'..</line></par>
</text>
</block>
<block><region><rect/></region>
<text>
<par>
<line>laa.o</line></par>
</text>
</block>
<block><region><rect/></region>
<text>
<par>
<line>X-..</line></par>
</text>
</block>
<block><region><rect/></region>
<text>
<par>
<line>lilot</line></par>
</text>
</block>
<block><region><rect/></region>
<text>
<par>
<line>D.1 Ci /</line></par>
<par>
<line>Mariions</line></par>
</text>
</block>
<block><region><rect/></region>
<text>
<par/>
</text>
</block>
<block><region><rect/></region>
<text>
<par>
<line>■■ -IflM Vs</line></par>
</text>
</block>
<block><region><rect/></region>
<text>
<par>
<line>r ‘D3:a</line></par>
</text>
</block>
<block><region><rect/></region>
<text>
<par/>
</text>
</block>
<block><region><rect/></region>
<text>
<par>
<line>■ \</line></par>
</text>
</block>
<block><region><rect/></region>
<text>
<par>
<line>V-</line></par>
</text>
</block>
<block><region><rect/><rect/><rect/></region>
<text>
<par>
<line>^lu OuiLllD :L ■ Ù</line></par>
<par>
<line>B</line></par>
<par>
<line>Of':</line></par>
</text>
</block>
<block><region><rect/></region>
<text>
<par>
<line>JP l'PH d« E-DCh^*,^'</line></par>
</text>
</block>
<block><region><rect/></region>
<text>
<par>
<line>?1|&gt;4-</line></par>
</text>
</block>
<block><region><rect/></region>
<text>
<par>
<line>l*nr««rectpei:</line></par>
</text>
</block>
<block><region><rect/></region>
<text>
<par>
<line>e i</line></par>
</text>
</block>
<block><region><rect/></region>
<text>
<par>
<line>t 4-</line></par>
</text>
</block>
<block><region><rect/></region>
<text>
<par/>
</text>
</block>
<block><region><rect/></region>
<text>
<par>
<line>r b\\</line></par>
</text>
</block>
<block><region><rect/><rect/></region>
<text>
<par>
<line>Propriété Poiisot</line>
<line>Classée le 1er Mars 1965</line>
<line>Cadastre GENLIS :</line>
<line>496, 497 et 498 Section E</line></par>
</text>
</block>
<block><region><rect/></region>
<text>
<par>
<line>\ ■</line></par>
</text>
</block>
<block><region><rect/></region>
<text>
<par>
<line>'F I tLll J LH</line></par>
</text>
</block>
<block><region><rect/></region>
<text>
<par>
<line>9^.ll&gt;</line></par>
</text>
</block>
<block><region><rect/></region>
<text>
<par>
<line>^ojiLrcD n.4h l.rbi:x.</line></par>
</text>
</block>
<block><region><rect/></region>
<text>
<par>
<line>■. n9ü *</line></par>
</text>
</block>
<block><region><rect/></region>
<text>
<par>
<line>J '■•</line></par>
</text>
</block>
<block><region><rect/></region>
<text>
<par/>
</text>
</block>
<block><region><rect/></region>
<text>
<par>
<line>V.</line></par>
</text>
</block>
<block><region><rect/></region>
<text>
<par>
<line>*Ss</line></par>
</text>
</block>
<block><region><rect/></region>
<text>
<par>
<line>•,r'&gt;»#,âAïp^</line></par>
</text>
</block>
<block><region><rect/></region>
<text>
<par>
<line>13,2:3</line></par>
</text>
</block>
<block><region><rect/></region>
<text>
<par>
<line>^ ^^/ /X &gt; I ‘*y i ^yo jecuon e. [ ■.</line></par>
<par>
<line>^X.. V /'} /Vv, f: —-•- i ..o.iii iÊi ^ •- \ "''.X.</line></par>
<par>
<line>.i,rînOvrî,._ji'' ^ y'“ .»■ iy'i Balai»!.-, ^f^ài-t-lç-Bas \ '■. '', ', *"'X</line></par>
<par>
<line>Vj97,. iPi '</line></par>
<par>
<line>' jj«.E x-'^ËiX^le-Haut ■' ■ "l'.i' ;ii%.'', \. :'</line></par>
</text>
</block>
<block><region><rect/></region>
<text>
<par/>
</text>
</block>
<block><region><rect/><rect/><rect/></region>
<text>
<par>
<line>'\ y 'y^</line></par>
</text>
</block>
<block><region><rect/><rect/></region>
<text>
<par>
<line>tl .J</line></par>
<par>
<line>Ls wCueBlte ,•</line></par>
<par>
<line>•■' 'f»- ' ■</line></par>
<par>
<line>,■■ .-Il • f'"’</line></par>
<par>
<line>»iaB a</line></par>
<par>
<line>■ J-; 'V</line></par>
<par>
<line>L* ■ClaRPB.'u JP 'j</line></par>
</text>
</block>
<block><region><rect/></region>
<text>
<par>
<line>I</line></par>
<par>
<line>'x</line></par>
</text>
</block>
<block><region><rect/></region>
<text>
<par/>
</text>
</block>
<block><region><rect/></region>
<text>
<par/>
</text>
</block>
<block><region><rect/><rect/><rect/><rect/><rect/><rect/><rect/></region>
<text>
<par>
<line>- . fU -1 1 ^ ^ .. jo.lCJÿVCc" ::.^ y-nl ‘, "X</line></par>
<par>
<line>4BtrH:iîi^*&gt; JlBj»'.'- fi ► ■'itiv' • •‘‘ ‘ \- ' r:</line></par>
<par>
<line>&gt;-Tt 4!*^ ' -^ •- .... I* - ■^ - ^ ^ If '</line></par>
</text>
</block>
<block><region><rect/></region>
<text>
<par>
<line>//V</line></par>
</text>
</block>
<block><region><rect/><rect/><rect/></region>
<text>
<par>
<line>\y... X J .■■ i 'T f</line></par>
</text>
</block>
<block><region><rect/><rect/><rect/><rect/><rect/><rect/><rect/><rect/><rect/></region>
<text>
<par>
<line>y '"' .-^-^ j \ '^ -- ----</line></par>
<par>
<line>ifiA- iV ■* • • -^K /•'S \ "SE.fj</line></par>
<par>
<line>■#'„,. fc/.XX 'ïl 4 .;.#i ' '■</line></par>
</text>
</block>
<block><region><rect/><rect/><rect/></region>
<text>
<par>
<line>\c-’</line></par>
</text>
</block>
<block><region><rect/></region>
<text>
<par>
<line>J e I Ù ru udj *'</line></par>
</text>
</block>
<block><region><rect/><rect/><rect/></region>
<text>
<par>
<line>\\ ■«■.</line></par>
<par>
<line>X.</line></par>
</text>
</block>
<block><region><rect/><rect/><rect/><rect/><rect/></region>
<text>
<par>
<line>..-‘'2É13y-,VÎ'" ' “3ÏÎ-I</line></par>
</text>
</block>
<block><region><rect/></region>
<text>
<par>
<line>ïse.a-</line></par>
</text>
</block>
<block><region><rect/></region>
<text>
<par>
<line>iiT/j</line></par>
</text>
</block>
<block><region><rect/><rect/><rect/><rect/><rect/><rect/><rect/><rect/><rect/><rect/></region>
<text>
<par>
<line>JF'' T&gt; ■■ . &lt; ■' '^(■- ■ «s.i'x</line></par>
<par>
<line>'^tiT -TliiNtrp .ÿS"^ dl ■ ., . y,..,-</line></par>
<par>
<line>au B-3^'-&gt;-'^ -X- À. '■'- ■jf^î'ly Pt*. Kr. . L'</line></par>
<par>
<line>i rf'T.+.SiD* Ii"u,3hu1ii fli. .-îîiVfcc •î.iv •'■•i&amp;'.:..l</line></par>
<par>
<line>*' -t-y -Pi: aj^.'Jf- '-l^if.J.-</line></par>
</text>
</block>
<block><region><rect/><rect/></region>
<text>
<par>
<line>X. \</line></par>
<par>
<line>X. \'"'^\ '.</line></par>
<par>
<line>■'j,*3 £i .iiFwiytJjy \</line></par>
</text>
</block>
<block><region><rect/></region>
<text>
<par>
<line>-I7,</line></par>
<par>
<line>1 ■jSiPiiF^''^îlT i*''^</line></par>
</text>
</block>
<block><region><rect/></region>
<text>
<par>
<line>.. 3’éH P.ii.’4rf&gt;».J VuiliRV</line></par>
</text>
</block>
<block><region><rect/></region>
<text>
<par>
<line>'■Xyy;--' -T '</line></par>
</text>
</block>
<block><region><rect/></region>
<text>
<par>
<line>tv \.</line></par>
<par>
<line>a-jX. '..li</line></par>
</text>
</block>
<block><region><rect/></region>
<text>
<par>
<line>$ 'Ny- ■ ■ \ X -m</line></par>
</text>
</block>
<block><region><rect/><rect/></region>
<text>
<par>
<line>, ■••• ’■ ■ tv T-,</line></par>
</text>
</block>
<block><region><rect/></region>
<text>
<par>
<line>V /■ Sf ' / \-V</line></par>
<par>
<line>X -X-r-X'.</line></par>
<par>
<line>. \ -r.*u.D, /J 2:.H,1 S: , \</line></par>
<par>
<line>■ ‘‘".'-■'X /N. i C yy:*-rï.y/ '</line></par>
<par>
<line>t’X^sSiàm^^^t,^ :;^;xx;r5</line></par>
</text>
</block>
<block><region><rect/></region>
<text>
<par>
<line>•\..*i‘,s ij» npi3T”e Vi</line></par>
</text>
</block>
<block><region><rect/></region>
<text>
<par>
<line>'i iy ■.</line></par>
</text>
</block>
<block><region><rect/></region>
<text>
<par/>
</text>
</block>
<block><region><rect/></region>
<text>
<par>
<line>A-doriL</line></par>
</text>
</block>
<block><region><rect/></region>
<text>
<par>
<line>M?^U.</line></par>
</text>
</block>
<block><region><rect/></region>
<text>
<par>
<line>?r-.</line></par>
</text>
</block>
<block><region><rect/></region>
<text>
<par>
<line>/•ty'ï'</line></par>
</text>
</block>
<block><region><rect/></region>
<text>
<par>
<line>I X', '</line></par>
</text>
</block>
<block><region><rect/></region>
<text>
<par>
<line>Si /F A-'“</line></par>
<par>
<line>.^y^îX'-'-î . .i . ’!■' ..■■■■- \ Tii ^</line></par>
</text>
</block>
<block><region><rect/></region>
<text>
<par/>
</text>
</block>
<block><region><rect/></region>
<text>
<par>
<line>O 1.- ■</line></par>
</text>
</block>
<block><region><rect/></region>
<text>
<par>
<line>i&amp;VaÆ*</line></par>
</text>
</block>
<block><region><rect/><rect/><rect/></region>
<text>
<par>
<line>'t-XtXx^s,</line></par>
</text>
</block>
<block><region><rect/></region>
<text>
<par>
<line>• •«r P'jqa^te'ro / X.</line></par>
</text>
</block>
<block><region><rect/></region>
<text>
<par>
<line>V.</line></par>
</text>
</block>
<block><region><rect/></region>
<text>
<par/>
</text>
</block>
<block><region><rect/></region>
<text>
<par/>
</text>
</block>
<block><region><rect/></region>
<text>
<par/>
</text>
</block>
<block><region><rect/></region>
<text>
<par/>
</text>
</block>
<block><region><rect/></region>
<text>
<par/>
</text>
</block>
<block><region><rect/></region>
<text>
<par/>
</text>
</block>
<block><region><rect/></region>
<text>
<par>
<line>tfC'X</line></par>
</text>
</block>
<block><region><rect/></region>
<text>
<par>
<line>lo Vy rn ai:»</line></par>
</text>
</block>










<block blockType="Picture" blockName="" l="953" t="1847" r="1728" b="2175"><region><rect/></region>
</block>
</page>
<page width="3508" height="2479" resolution="300">
<block><region><rect/></region>
<text>
<par>
<line>^enli</line></par>
</text>
</block>
<block><region><rect/></region>
<text>
<par>
<line>ù'0f~</line></par>
</text>
</block>
<block><region><rect/><rect/><rect/><rect/></region>
<text>
<par>
<line>■rèlè ^OnSùt</line></par>
<par>
<line>E,xtrdfé *Ju p/sf*</line></par>
<par>
<line>S^ctfOn ^ p^rc.&amp;iitgs</line></par>
</text>
</block>
<block><region><rect/></region>
<text>
<par>
<line>/5</line></par>
</text>
</block>
<block><region><rect/></region>
<text>
<par>
<line>yropr</line></par>
</text>
</block>
<block><region><rect/></region>
<text>
<par/>
</text>
</block>
<block><region><rect/></region>
<text>
<par>
<line>K</line></par>
</text>
</block>
<block><region><rect/></region>
<text>
<par/>
</text>
</block>
<block><region><rect/></region>
<text>
<par>
<line>✓</line></par>
</text>
</block>
<block><region><rect/></region>
<text>
<par>
<line>ce</line></par>
</text>
</block>
<block><region><rect/></region>
<text>
<par>
<line>Bi.s^e'</line></par>
</text>
</block>
<block><region><rect/></region>
<text>
<par>
<line>U O V</line></par>
</text>
</block>
<block><region><rect/></region>
<text>
<par>
<line>la</line></par>
</text>
</block>
<block><region><rect/></region>
<text>
<par>
<line>rA</line></par>
</text>
</block>
<block><region><rect/></region>
<text>
<par>
<line>fi V ^■</line></par>
</text>
</block>
<block><region><rect/></region>
<text>
<par/>
</text>
</block>
<block><region><rect/><rect/><rect/></region>
<text>
<par/>
</text>
</block>
<block><region><rect/></region>
<text>
<par>
<line>. jf''</line></par>
</text>
</block>
<block><region><rect/></region>
<text>
<par/>
</text>
</block>
<block><region><rect/><rect/></region>
<text>
<par>
<line>-r</line></par>
<par>
<line>U l .i ,'</line></par>
</text>
</block>
<block blockType="Table" blockName="" l="2121" t="350" r="2674" b="2106"><region><rect/></region>
<row>
<cell leftBorder="White" topBorder="White" rightBorder="White" bottomBorder="White" width="267" height="305">
<text>
<par/>
</text></cell>
<cell leftBorder="White" topBorder="White" bottomBorder="White" width="286" height="305">
<text>
<par>
<line>1</line></par>
</text></cell></row>
<row>
<cell leftBorder="White" topBorder="White" rightBorder="White" bottomBorder="White" width="267" height="65">
<text>
<par/>
</text></cell>
<cell leftBorder="White" topBorder="White" rightBorder="White" bottomBorder="White" width="286" height="65">
<text>
<par/>
</text></cell></row>
<row>
<cell leftBorder="White" topBorder="White" rightBorder="White" bottomBorder="White" width="267" height="397">
<text>
<par>
<line>^ r</line></par>
</text></cell>
<cell leftBorder="White" topBorder="White" rightBorder="White" bottomBorder="White" width="286" height="397">
<text>
<par>
<line>iiv L</line></par>
</text></cell></row>
<row>
<cell leftBorder="White" topBorder="White" rightBorder="White" bottomBorder="White" width="267" height="298">
<text>
<par/>
</text></cell>
<cell leftBorder="White" topBorder="White" rightBorder="White" bottomBorder="White" width="286" height="298">
<text>
<par/>
</text></cell></row>
<row>
<cell leftBorder="White" topBorder="White" rightBorder="White" bottomBorder="White" width="267" height="96">
<text>
<par/>
</text></cell>
<cell leftBorder="White" topBorder="White" rightBorder="White" bottomBorder="White" width="286" height="96">
<text>
<par/>
</text></cell></row>
<row>
<cell leftBorder="White" topBorder="White" rightBorder="White" bottomBorder="White" width="267" height="220">
<text>
<par>
<line>f</line></par>
</text></cell>
<cell leftBorder="White" topBorder="White" rightBorder="White" bottomBorder="White" width="286" height="220">
<text>
<par/>
</text></cell></row>
<row>
<cell leftBorder="White" topBorder="White" rightBorder="White" bottomBorder="White" width="267" height="375">
<text>
<par>
<line>1</line></par>
</text></cell>
<cell leftBorder="White" topBorder="White" rightBorder="White" bottomBorder="White" width="286" height="375">
<text>
<par/>
</text></cell></row>
</block>
<block><region><rect/></region>
<text>
<par>
<line>'»■* J</line></par>
</text>
</block>
<block><region><rect/><rect/><rect/></region>
<text>
<par/>
</text>
</block>
<block><region><rect/></region>
<text>
<par/>
</text>
</block>
<block><region><rect/></region>
<text>
<par>
<line>J3</line></par>
</text>
</block>









</page>
</AC2>