<?xml version="1.0" encoding="UTF-8"?><AC2>
<page width="2582" height="3565" resolution="300">
<block><region><rect/></region>
<text>
<par>
<line>A</line></par>
<par>
<line>A E R'E T É</line></par>
</text>
</block>
<block><region><rect/></region>
<text>
<par>
<line>LE SECRETAIRE d'ETAT AUX ARTS &amp; LETTRES,</line></par>
<par>
<line>VU la loi du 2 Mai 1930 réorganisant la protection des</line>
<line>Monuments Naturels et des Sites de caractère artistique,</line>
<line>historique, scientifique, légendaire ou pittoresque;</line></par>
<par>
<line>VU l'avis émis par la Commission départementale des Sites,</line>
<line>Perspectives et Paysages de 1' ISERE dans sa séance du 28</line>
<line>avril 1956;</line></par>
<par>
<line>VU l’adhésion au classement de M. le Comte François de PLAN</line>
<line>de SIEYES de VEYNES, propriétaire en date du 2 Mars 1957;</line></par>
<par>
<line>ARRETÉ</line></par>
</text>
</block>
<block><region><rect/></region>
<text>
<par>
<line>ARTICLE IER.~ Est classé parmi les sites pittoresques</line>
<line>du Département de 1* IBERE, l’ensemble formé à VOREPPE par</line>
<line>le Chûteau et son parq&amp;ppartenant à M. le Comte François de</line>
<line>PLAN de SIEYES de VEYNES, 136, Bld Malesherbes - PARIS (17')</line>
<line>et comprenant les parcelles cadastrales n*68I,à 684, 6S4bis,</line>
<line>685 à 694, 696 à 698, 880 à 882 et 9II, section C.</line></par>
<par>
<line>ARTICLE 2.~ Le présent arrêté sera notifié au Préfet du</line>
<line>'département de 1' ISERE, au Maire de la commune de VOREPPE</line>
<line>et au MxtxsxâExix propriétaire intéressé qui seront res¬</line>
<line>ponsables, chacun en ce qui le concerne, de son exécution.</line></par>
<par>
<line>ARTICLE 3,- Il sera transcrit au Bureau des Hypothèques de</line>
<line>la situation du site classé.</line></par>
<par>
<line>PARIS, le 3 SEPTEMBRE 1957</line>
<line>signé : BORDENEUVE.</line></par>
<par>
<line>La soussignée MEYNIER Colette,- Administrateiur</line>
<line>Civil, Chef du Bureau des Sites, par autorisation du Secré¬</line>
<line>taire d'Etat aux Arts et Lettres, certifie la présente</line>
<line>copie exactement collationnée et conforme à la minute et à</line>
<line>l’expédition destinée à recevoir la mention de transcription,</line></par>
<par>
<line>signé : MEYNIER.</line></par>
<par>
<line>ANNEXÉ à l’arrêté du 3 Septembre 1957</line></par>
</text>
</block>
<block><region><rect/></region>
<text>
<par>
<line>1*) Propriétaire Intéressé</line></par>
<par>
<line>Comte de PLAN DE SIEYES de VEYNES, François Xavier, Marie,</line>
<line>Louis, Patrice, Henry, 135 Bld Malesherbes (PARIS 17')</line>
<line>Conseiller juridique né le 16.7.1929 à PARIS 17', célibatair&lt;</line></par>
</text>
</block>
<block><region><rect/></region>
<text>
<par>
<line>.. /. •</line></par>
</text>
</block>





















</page>
<page width="2479" height="3504" resolution="300">
<block><region><rect/></region>
<text>
<par>
<line>- 2 -</line></par>
<par>
<line>2“) Parcelles cadastrales visées</line></par>
<par>
<line>Sltuatloïï H^plan Section Lieudït Nature Contenance</line></par>
</text>
</block>
<block blockType="Table" blockName="" l="571" t="685" r="2227" b="1930"><region><rect/></region>
<row>
<cell leftBorder="White" topBorder="White" rightBorder="White" bottomBorder="White" width="234" height="56">
<text>
<par>
<line>VOREPPE</line></par>
</text></cell>
<cell leftBorder="White" topBorder="White" rightBorder="White" bottomBorder="White" width="243" height="56">
<text>
<par>
<line>6SI</line></par>
</text></cell>
<cell leftBorder="White" topBorder="White" rightBorder="White" bottomBorder="White" width="155" height="56">
<text>
<par>
<line>C</line></par>
</text></cell>
<cell leftBorder="White" topBorder="White" rightBorder="White" bottomBorder="White" width="384" height="56">
<text>
<par>
<line>Véronuièro</line></par>
</text></cell>
<cell leftBorder="White" topBorder="White" rightBorder="White" bottomBorder="White" width="338" height="56">
<text>
<par>
<line>Bois</line></par>
</text></cell>
<cell leftBorder="White" topBorder="White" rightBorder="White" bottomBorder="White" width="302" height="56">
<text>
<par>
<line>47a 70c</line></par>
</text></cell></row>
<row>
<cell leftBorder="White" topBorder="White" rightBorder="White" bottomBorder="White" width="234" height="55">
<text>
<par>
<line>ff</line></par>
</text></cell>
<cell leftBorder="White" topBorder="White" rightBorder="White" bottomBorder="White" width="243" height="55">
<text>
<par>
<line>682p</line></par>
</text></cell>
<cell leftBorder="White" topBorder="White" rightBorder="White" bottomBorder="White" width="155" height="55">
<text>
<par>
<line>C</line></par>
</text></cell>
<cell leftBorder="White" topBorder="White" rightBorder="White" bottomBorder="White" width="384" height="55">
<text>
<par>
<line>tf</line></par>
</text></cell>
<cell leftBorder="White" topBorder="White" rightBorder="White" bottomBorder="White" width="338" height="55">
<text>
<par>
<line>Ai'cille</line></par>
</text></cell>
<cell leftBorder="White" topBorder="White" rightBorder="White" bottomBorder="White" width="302" height="55">
<text>
<par>
<line>8 9a 30c</line></par>
</text></cell></row>
<row>
<cell leftBorder="White" topBorder="White" rightBorder="White" bottomBorder="White" width="234" height="50">
<text>
<par/>
</text></cell>
<cell leftBorder="White" topBorder="White" rightBorder="White" bottomBorder="White" width="243" height="50">
<text>
<par>
<line>6S2p</line></par>
</text></cell>
<cell leftBorder="White" topBorder="White" rightBorder="White" bottomBorder="White" width="155" height="50">
<text>
<par>
<line>C</line></par>
</text></cell>
<cell leftBorder="White" topBorder="White" rightBorder="White" bottomBorder="White" width="384" height="50">
<text>
<par>
<line>Tl</line></par>
</text></cell>
<cell leftBorder="White" topBorder="White" rightBorder="White" bottomBorder="White" width="338" height="50">
<text>
<par>
<line>Pré</line></par>
</text></cell>
<cell leftBorder="White" topBorder="White" rightBorder="White" bottomBorder="White" width="302" height="50">
<text>
<par>
<line>89a 30c</line></par>
</text></cell></row>
<row>
<cell leftBorder="White" topBorder="White" rightBorder="White" bottomBorder="White" width="234" height="51">
<text>
<par/>
</text></cell>
<cell leftBorder="White" topBorder="White" rightBorder="White" bottomBorder="White" width="243" height="51">
<text>
<par>
<line>683</line></par>
</text></cell>
<cell leftBorder="White" topBorder="White" rightBorder="White" bottomBorder="White" width="155" height="51">
<text>
<par>
<line>rx</line></par>
</text></cell>
<cell leftBorder="White" topBorder="White" rightBorder="White" bottomBorder="White" width="384" height="51">
<text>
<par>
<line>tl</line></par>
</text></cell>
<cell leftBorder="White" topBorder="White" rightBorder="White" bottomBorder="White" width="338" height="51">
<text>
<par>
<line>Pré</line></par>
</text></cell>
<cell leftBorder="White" topBorder="White" rightBorder="White" bottomBorder="White" width="302" height="51">
<text>
<par>
<line>44a 70c</line></par>
</text></cell></row>
<row>
<cell leftBorder="White" topBorder="White" rightBorder="White" bottomBorder="White" width="234" height="52">
<text>
<par>
<line>f»</line></par>
</text></cell>
<cell leftBorder="White" topBorder="White" rightBorder="White" bottomBorder="White" width="243" height="52">
<text>
<par>
<line>684</line></par>
</text></cell>
<cell leftBorder="White" topBorder="White" rightBorder="White" bottomBorder="White" width="155" height="52">
<text>
<par>
<line>c</line></par>
</text></cell>
<cell leftBorder="White" topBorder="White" rightBorder="White" bottomBorder="White" width="384" height="52">
<text>
<par>
<line>tt</line></par>
</text></cell>
<cell leftBorder="White" topBorder="White" rightBorder="White" bottomBorder="White" width="338" height="52">
<text>
<par>
<line>Bois</line></par>
</text></cell>
<cell leftBorder="White" topBorder="White" rightBorder="White" bottomBorder="White" width="302" height="52">
<text>
<par>
<line>9 a</line></par>
</text></cell></row>
<row>
<cell leftBorder="White" topBorder="White" rightBorder="White" bottomBorder="White" width="234" height="52">
<text>
<par>
<line>»f</line></par>
</text></cell>
<cell leftBorder="White" topBorder="White" rightBorder="White" bottomBorder="White" width="243" height="52">
<text>
<par>
<line>684bis</line></par>
</text></cell>
<cell leftBorder="White" topBorder="White" rightBorder="White" bottomBorder="White" width="155" height="52">
<text>
<par>
<line>c</line></par>
</text></cell>
<cell leftBorder="White" topBorder="White" rightBorder="White" bottomBorder="White" width="384" height="52">
<text>
<par>
<line>tî</line></par>
</text></cell>
<cell leftBorder="White" topBorder="White" rightBorder="White" bottomBorder="White" width="338" height="52">
<text>
<par>
<line>Bois</line></par>
</text></cell>
<cell leftBorder="White" topBorder="White" rightBorder="White" bottomBorder="White" width="302" height="52">
<text>
<par>
<line>I7a 60c</line></par>
</text></cell></row>
<row>
<cell leftBorder="White" topBorder="White" rightBorder="White" bottomBorder="White" width="234" height="52">
<text>
<par>
<line>ft</line></par>
</text></cell>
<cell leftBorder="White" topBorder="White" rightBorder="White" bottomBorder="White" width="243" height="52">
<text>
<par>
<line>685</line></par>
</text></cell>
<cell leftBorder="White" topBorder="White" rightBorder="White" bottomBorder="White" width="155" height="52">
<text>
<par>
<line>c</line></par>
</text></cell>
<cell leftBorder="White" topBorder="White" rightBorder="White" bottomBorder="White" width="384" height="52">
<text>
<par>
<line>tf</line></par>
</text></cell>
<cell leftBorder="White" topBorder="White" rightBorder="White" bottomBorder="White" width="338" height="52">
<text>
<par>
<line>Parc</line></par>
</text></cell>
<cell leftBorder="White" topBorder="White" rightBorder="White" bottomBorder="White" width="302" height="52">
<text>
<par>
<line>3 la 20c</line></par>
</text></cell></row>
<row>
<cell leftBorder="White" topBorder="White" rightBorder="White" bottomBorder="White" width="234" height="52">
<text>
<par>
<line>tf</line></par>
</text></cell>
<cell leftBorder="White" topBorder="White" rightBorder="White" bottomBorder="White" width="243" height="52">
<text>
<par>
<line>686</line></par>
</text></cell>
<cell leftBorder="White" topBorder="White" rightBorder="White" bottomBorder="White" width="155" height="52">
<text>
<par>
<line>c</line></par>
</text></cell>
<cell leftBorder="White" topBorder="White" rightBorder="White" bottomBorder="White" width="384" height="52">
<text>
<par>
<line>tf</line></par>
</text></cell>
<cell leftBorder="White" topBorder="White" rightBorder="White" bottomBorder="White" width="338" height="52">
<text>
<par>
<line>Parc</line></par>
</text></cell>
<cell leftBorder="White" topBorder="White" rightBorder="White" bottomBorder="White" width="302" height="52">
<text>
<par>
<line>3a lOc</line></par>
</text></cell></row>
<row>
<cell leftBorder="White" topBorder="White" rightBorder="White" bottomBorder="White" width="234" height="51">
<text>
<par>
<line>?f</line></par>
</text></cell>
<cell leftBorder="White" topBorder="White" rightBorder="White" bottomBorder="White" width="243" height="51">
<text>
<par>
<line>G87</line></par>
</text></cell>
<cell leftBorder="White" topBorder="White" rightBorder="White" bottomBorder="White" width="155" height="51">
<text>
<par>
<line>c</line></par>
</text></cell>
<cell leftBorder="White" topBorder="White" rightBorder="White" bottomBorder="White" width="384" height="51">
<text>
<par>
<line>Tt</line></par>
</text></cell>
<cell leftBorder="White" topBorder="White" rightBorder="White" bottomBorder="White" width="338" height="51">
<text>
<par>
<line>Parc</line></par>
</text></cell>
<cell leftBorder="White" topBorder="White" rightBorder="White" bottomBorder="White" width="302" height="51">
<text>
<par>
<line>5a 60c</line></par>
</text></cell></row>
<row>
<cell leftBorder="White" topBorder="White" rightBorder="White" bottomBorder="White" width="234" height="51">
<text>
<par>
<line>f!</line></par>
</text></cell>
<cell leftBorder="White" topBorder="White" rightBorder="White" bottomBorder="White" width="243" height="51">
<text>
<par>
<line>688</line></par>
</text></cell>
<cell leftBorder="White" topBorder="White" rightBorder="White" bottomBorder="White" width="155" height="51">
<text>
<par>
<line>c</line></par>
</text></cell>
<cell leftBorder="White" topBorder="White" rightBorder="White" bottomBorder="White" width="384" height="51">
<text>
<par>
<line>ft</line></par>
</text></cell>
<cell leftBorder="White" topBorder="White" rightBorder="White" bottomBorder="White" width="338" height="51">
<text>
<par>
<line>Parc</line></par>
</text></cell>
<cell leftBorder="White" topBorder="White" rightBorder="White" bottomBorder="White" width="302" height="51">
<text>
<par>
<line>38a lOc</line></par>
</text></cell></row>
<row>
<cell leftBorder="White" topBorder="White" rightBorder="White" bottomBorder="White" width="234" height="52">
<text>
<par>
<line>t1</line></par>
</text></cell>
<cell leftBorder="White" topBorder="White" rightBorder="White" bottomBorder="White" width="243" height="52">
<text>
<par>
<line>689</line></par>
</text></cell>
<cell leftBorder="White" topBorder="White" rightBorder="White" bottomBorder="White" width="155" height="52">
<text>
<par>
<line>c</line></par>
</text></cell>
<cell leftBorder="White" topBorder="White" rightBorder="White" bottomBorder="White" width="384" height="52">
<text>
<par>
<line>tf</line></par>
</text></cell>
<cell leftBorder="White" topBorder="White" rightBorder="White" bottomBorder="White" width="338" height="52">
<text>
<par>
<line>Pavillon</line></par>
</text></cell>
<cell leftBorder="White" topBorder="White" rightBorder="White" bottomBorder="White" width="302" height="52">
<text>
<par>
<line>SOc</line></par>
</text></cell></row>
<row>
<cell leftBorder="White" topBorder="White" rightBorder="White" bottomBorder="White" width="234" height="51">
<text>
<par>
<line>fl</line></par>
</text></cell>
<cell leftBorder="White" topBorder="White" rightBorder="White" bottomBorder="White" width="243" height="51">
<text>
<par>
<line>690</line></par>
</text></cell>
<cell leftBorder="White" topBorder="White" rightBorder="White" bottomBorder="White" width="155" height="51">
<text>
<par>
<line>c</line></par>
</text></cell>
<cell leftBorder="White" topBorder="White" rightBorder="White" bottomBorder="White" width="384" height="51">
<text>
<par>
<line>tt</line></par>
</text></cell>
<cell leftBorder="White" topBorder="White" rightBorder="White" bottomBorder="White" width="338" height="51">
<text>
<par>
<line>Parc</line></par>
</text></cell>
<cell leftBorder="White" topBorder="White" rightBorder="White" bottomBorder="White" width="302" height="51">
<text>
<par>
<line>28a 70c</line></par>
</text></cell></row>
<row>
<cell leftBorder="White" topBorder="White" rightBorder="White" bottomBorder="White" width="234" height="51">
<text>
<par>
<line>tt</line></par>
</text></cell>
<cell leftBorder="White" topBorder="White" rightBorder="White" bottomBorder="White" width="243" height="51">
<text>
<par>
<line>691</line></par>
</text></cell>
<cell leftBorder="White" topBorder="White" rightBorder="White" bottomBorder="White" width="155" height="51">
<text>
<par>
<line>c</line></par>
</text></cell>
<cell leftBorder="White" topBorder="White" rightBorder="White" bottomBorder="White" width="384" height="51">
<text>
<par>
<line>tf</line></par>
</text></cell>
<cell leftBorder="White" topBorder="White" rightBorder="White" bottomBorder="White" width="338" height="51">
<text>
<par>
<line>Parc</line></par>
</text></cell>
<cell leftBorder="White" topBorder="White" rightBorder="White" bottomBorder="White" width="302" height="51">
<text>
<par>
<line>39a</line></par>
</text></cell></row>
<row>
<cell leftBorder="White" topBorder="White" rightBorder="White" bottomBorder="White" width="234" height="52">
<text>
<par>
<line>ft</line></par>
</text></cell>
<cell leftBorder="White" topBorder="White" rightBorder="White" bottomBorder="White" width="243" height="52">
<text>
<par>
<line>692</line></par>
</text></cell>
<cell leftBorder="White" topBorder="White" rightBorder="White" bottomBorder="White" width="155" height="52">
<text>
<par>
<line>c</line></par>
</text></cell>
<cell leftBorder="White" topBorder="White" rightBorder="White" bottomBorder="White" width="384" height="52">
<text>
<par>
<line>ft</line></par>
</text></cell>
<cell leftBorder="White" topBorder="White" rightBorder="White" bottomBorder="White" width="338" height="52">
<text>
<par>
<line>Pré</line></par>
</text></cell>
<cell leftBorder="White" topBorder="White" rightBorder="White" bottomBorder="White" width="302" height="52">
<text>
<par>
<line>SSa 90o</line></par>
</text></cell></row>
<row>
<cell leftBorder="White" topBorder="White" rightBorder="White" bottomBorder="White" width="234" height="51">
<text>
<par>
<line>fr</line></par>
</text></cell>
<cell leftBorder="White" topBorder="White" rightBorder="White" bottomBorder="White" width="243" height="51">
<text>
<par>
<line>693</line></par>
</text></cell>
<cell leftBorder="White" topBorder="White" rightBorder="White" bottomBorder="White" width="155" height="51">
<text>
<par>
<line>c</line></par>
</text></cell>
<cell leftBorder="White" topBorder="White" rightBorder="White" bottomBorder="White" width="384" height="51">
<text>
<par>
<line>If</line></par>
</text></cell>
<cell leftBorder="White" topBorder="White" rightBorder="White" bottomBorder="White" width="338" height="51">
<text>
<par>
<line>Pré</line></par>
</text></cell>
<cell leftBorder="White" topBorder="White" rightBorder="White" bottomBorder="White" width="302" height="51">
<text>
<par>
<line>5a SOc</line></par>
</text></cell></row>
<row>
<cell leftBorder="White" topBorder="White" rightBorder="White" bottomBorder="White" width="234" height="52">
<text>
<par>
<line>tf</line></par>
</text></cell>
<cell leftBorder="White" topBorder="White" rightBorder="White" bottomBorder="White" width="243" height="52">
<text>
<par>
<line>694</line></par>
</text></cell>
<cell leftBorder="White" topBorder="White" rightBorder="White" bottomBorder="White" width="155" height="52">
<text>
<par>
<line>c</line></par>
</text></cell>
<cell leftBorder="White" topBorder="White" rightBorder="White" bottomBorder="White" width="384" height="52">
<text>
<par>
<line>H</line></par>
</text></cell>
<cell leftBorder="White" topBorder="White" rightBorder="White" bottomBorder="White" width="338" height="52">
<text>
<par>
<line>Pré</line></par>
</text></cell>
<cell leftBorder="White" topBorder="White" rightBorder="White" bottomBorder="White" width="302" height="52">
<text>
<par>
<line>37a</line></par>
</text></cell></row>
<row>
<cell leftBorder="White" topBorder="White" rightBorder="White" bottomBorder="White" width="234" height="51">
<text>
<par>
<line>ff</line></par>
</text></cell>
<cell leftBorder="White" topBorder="White" rightBorder="White" bottomBorder="White" width="243" height="51">
<text>
<par>
<line>696</line></par>
</text></cell>
<cell leftBorder="White" topBorder="White" rightBorder="White" bottomBorder="White" width="155" height="51">
<text>
<par>
<line>c</line></par>
</text></cell>
<cell leftBorder="White" topBorder="White" rightBorder="White" bottomBorder="White" width="384" height="51">
<text>
<par>
<line>tt</line></par>
</text></cell>
<cell leftBorder="White" topBorder="White" rightBorder="White" bottomBorder="White" width="338" height="51">
<text>
<par>
<line>Jardin</line></par>
</text></cell>
<cell leftBorder="White" topBorder="White" rightBorder="White" bottomBorder="White" width="302" height="51">
<text>
<par>
<line>I9a 90c</line></par>
</text></cell></row>
<row>
<cell leftBorder="White" topBorder="White" rightBorder="White" bottomBorder="White" width="234" height="53">
<text>
<par>
<line>ft</line></par>
</text></cell>
<cell leftBorder="White" topBorder="White" rightBorder="White" bottomBorder="White" width="243" height="53">
<text>
<par>
<line>697</line></par>
</text></cell>
<cell leftBorder="White" topBorder="White" rightBorder="White" bottomBorder="White" width="155" height="53">
<text>
<par>
<line>c</line></par>
</text></cell>
<cell leftBorder="White" topBorder="White" rightBorder="White" bottomBorder="White" width="384" height="53">
<text>
<par>
<line>II</line></par>
</text></cell>
<cell leftBorder="White" topBorder="White" rightBorder="White" bottomBorder="White" width="338" height="53">
<text>
<par>
<line>Verger</line></par>
</text></cell>
<cell leftBorder="White" topBorder="White" rightBorder="White" bottomBorder="White" width="302" height="53">
<text>
<par>
<line>I5a 40c</line></par>
</text></cell></row>
<row>
<cell leftBorder="White" topBorder="White" rightBorder="White" bottomBorder="White" width="234" height="51">
<text>
<par>
<line>tt</line></par>
</text></cell>
<cell leftBorder="White" topBorder="White" rightBorder="White" bottomBorder="White" width="243" height="51">
<text>
<par>
<line>698</line></par>
</text></cell>
<cell leftBorder="White" topBorder="White" rightBorder="White" bottomBorder="White" width="155" height="51">
<text>
<par/>
</text></cell>
<cell leftBorder="White" topBorder="White" rightBorder="White" bottomBorder="White" width="384" height="51">
<text>
<par>
<line>fl</line></par>
</text></cell>
<cell leftBorder="White" topBorder="White" rightBorder="White" bottomBorder="White" width="338" height="51">
<text>
<par>
<line>Grange</line></par>
</text></cell>
<cell leftBorder="White" topBorder="White" rightBorder="White" bottomBorder="White" width="302" height="51">
<text>
<par>
<line>la 54c</line></par>
</text></cell></row>
<row>
<cell leftBorder="White" topBorder="White" rightBorder="White" bottomBorder="White" width="234" height="49">
<text>
<par>
<line>tf</line></par>
</text></cell>
<cell leftBorder="White" topBorder="White" rightBorder="White" bottomBorder="White" width="243" height="49">
<text>
<par>
<line>880</line></par>
</text></cell>
<cell leftBorder="White" topBorder="White" rightBorder="White" bottomBorder="White" width="155" height="49">
<text>
<par>
<line>c</line></par>
</text></cell>
<cell leftBorder="White" topBorder="White" rightBorder="White" bottomBorder="White" width="384" height="49">
<text>
<par>
<line>Bourg'</line></par>
</text></cell>
<cell leftBorder="White" topBorder="White" rightBorder="White" bottomBorder="White" width="338" height="49">
<text>
<par>
<line>Jardin</line></par>
</text></cell>
<cell leftBorder="White" topBorder="White" rightBorder="White" bottomBorder="White" width="302" height="49">
<text>
<par>
<line>I2a SOc</line></par>
</text></cell></row>
<row>
<cell leftBorder="White" topBorder="White" rightBorder="White" bottomBorder="White" width="234" height="51">
<text>
<par>
<line>11</line></par>
</text></cell>
<cell leftBorder="White" topBorder="White" rightBorder="White" bottomBorder="White" width="243" height="51">
<text>
<par>
<line>801</line></par>
</text></cell>
<cell leftBorder="White" topBorder="White" rightBorder="White" bottomBorder="White" width="155" height="51">
<text>
<par>
<line>c</line></par>
</text></cell>
<cell leftBorder="White" topBorder="White" rightBorder="White" bottomBorder="White" width="384" height="51">
<text>
<par>
<line>ti</line></par>
</text></cell>
<cell leftBorder="White" topBorder="White" rightBorder="White" bottomBorder="White" width="338" height="51">
<text>
<par>
<line>Jardin</line></par>
</text></cell>
<cell leftBorder="White" topBorder="White" rightBorder="White" bottomBorder="White" width="302" height="51">
<text>
<par>
<line>23a SOc</line></par>
</text></cell></row>
<row>
<cell leftBorder="White" topBorder="White" rightBorder="White" bottomBorder="White" width="234" height="54">
<text>
<par>
<line>VT</line></par>
</text></cell>
<cell leftBorder="White" topBorder="White" rightBorder="White" bottomBorder="White" width="243" height="54">
<text>
<par/>
</text></cell>
<cell leftBorder="White" topBorder="White" rightBorder="White" bottomBorder="White" width="155" height="54">
<text>
<par/>
</text></cell>
<cell leftBorder="White" topBorder="White" rightBorder="White" bottomBorder="White" width="384" height="54">
<text>
<par/>
</text></cell>
<cell leftBorder="White" topBorder="White" rightBorder="White" bottomBorder="White" width="338" height="54">
<text>
<par>
<line>agrément</line></par>
</text></cell>
<cell leftBorder="White" topBorder="White" rightBorder="White" bottomBorder="White" width="302" height="54">
<text>
<par/>
</text></cell></row>
<row>
<cell leftBorder="White" topBorder="White" rightBorder="White" bottomBorder="White" width="234" height="47">
<text>
<par>
<line>ft</line></par>
</text></cell>
<cell leftBorder="White" topBorder="White" rightBorder="White" bottomBorder="White" width="243" height="47">
<text>
<par>
<line>882</line></par>
</text></cell>
<cell leftBorder="White" topBorder="White" rightBorder="White" bottomBorder="White" width="155" height="47">
<text>
<par>
<line>c</line></par>
</text></cell>
<cell leftBorder="White" topBorder="White" rightBorder="White" bottomBorder="White" width="384" height="47">
<text>
<par>
<line>tt</line></par>
</text></cell>
<cell leftBorder="White" topBorder="White" rightBorder="White" bottomBorder="White" width="338" height="47">
<text>
<par>
<line>Sol,cour</line></par>
</text></cell>
<cell leftBorder="White" topBorder="White" rightBorder="White" bottomBorder="White" width="302" height="47">
<text>
<par>
<line>9a 90c</line></par>
</text></cell></row>
<row>
<cell leftBorder="White" topBorder="White" rightBorder="White" bottomBorder="White" width="234" height="58">
<text>
<par>
<line>tt</line></par>
</text></cell>
<cell leftBorder="White" topBorder="White" rightBorder="White" bottomBorder="White" width="243" height="58">
<text>
<par>
<line>9II</line></par>
</text></cell>
<cell leftBorder="White" topBorder="White" rightBorder="White" bottomBorder="White" width="155" height="58">
<text>
<par>
<line>c</line></par>
</text></cell>
<cell leftBorder="White" topBorder="White" rightBorder="White" bottomBorder="White" width="384" height="58">
<text>
<par>
<line>ft</line></par>
</text></cell>
<cell leftBorder="White" topBorder="White" rightBorder="White" bottomBorder="White" width="338" height="58">
<text>
<par>
<line>placage</line></par>
</text></cell>
<cell leftBorder="White" topBorder="White" rightBorder="White" bottomBorder="White" width="302" height="58">
<text>
<par>
<line>2a 40c</line></par>
</text></cell></row>
</block>
<block><region><rect/></region>
<text>
<par>
<line>3') Référence de la publicité du titre du propriétaire.</line></par>
</text>
</block>
<block><region><rect/></region>
<text>
<par>
<line>Donation à titre do partage anticipé du 19 Juin 1952 transcri</line>
<line>au bureau des hypothèques de GRENOBLE le 21 février 1953 -</line>
<line>Volume 5891 n^25.</line></par>
</text>
</block>
<block><region><rect/><rect/><rect/><rect/><rect/></region>
<text>
<par>
<line>La soussigné MEYNIER Colette, Adiainistratour Civil, Chef du</line>
<line>Bureau des Sites, par autorisation du Secrétaire d*Etat aux</line>
<line>Arts &amp; Lettres, certifie que l’identité cociplèt© de la partb</line>
<line>dénommée dans le présent document telle qu’elle est indiquée</line>
<line>l’annexe de l’arrôtô du 3,9,1957 lui a été régulièrement</line>
<line>justifiée,</line></par>
<par>
<line>A BRIS, le 30 SEPTEMBRE 1957,</line></par>
<par>
<line>P, le Secrétaire d’Etat aux Arts et</line></par>
<par>
<line>Lettres,</line></par>
<par>
<line>Pour copie conforiao, signé : MEYNIER,-</line></par>
<par>
<line>Po.ur.-ilerPréfe.t, ...</line></par>
<par>
<line>Le; Chof-''d9“:J5iYision.ïlélég^^pfc;^;M</line></par>
<par>
<line>^ ' '- ^ï</line></par>
<par>
<line>J i‘&gt;î -</line></par>
<par>
<line>f \^/! f/f/J \</line></par>
</text>
</block>
























</page>
<page width="2519" height="3532" resolution="300">
<block><region><rect/></region>
<text>
<par/>
</text>
</block>
<block><region><rect/></region>
<text>
<par/>
</text>
</block>
<block><region><rect/></region>
<text>
<par>
<line>00</line></par>
</text>
</block>
<block><region><rect/></region>
<text>
<par/>
</text>
</block>
<block><region><rect/></region>
<text>
<par>
<line>H</line></par>
<par>
<line>•A</line></par>
<par>
<line>V*</line></par>
</text>
</block>
<block><region><rect/></region>
<text>
<par>
<line>%</line></par>
<par>
<line>SC</line></par>
</text>
</block>
<block><region><rect/></region>
<text>
<par>
<line>^ !</line></par>
</text>
</block>
<block><region><rect/></region>
<text>
<par>
<line>4 i</line></par>
</text>
</block>
<block><region><rect/></region>
<text>
<par>
<line>K</line></par>
</text>
</block>
<block><region><rect/></region>
<text>
<par>
<line>X</line></par>
</text>
</block>
<block><region><rect/></region>
<text>
<par>
<line>B.ii.»T..&lt;.^qv..»i^y. !f» W.r.</line></par>
</text>
</block>
<block><region><rect/></region>
<text>
<par/>
</text>
</block>
<block><region><rect/><rect/></region>
<text>
<par>
<line>, Ji</line></par>
</text>
</block>
<block><region><rect/></region>
<text>
<par/>
</text>
</block>
<block><region><rect/></region>
<text>
<par>
<line>boaMta^ ~.</line></par>
</text>
</block>



















</page>
</AC2>