<?xml version="1.0" encoding="UTF-8"?><AC2>
<page width="1943" height="2533" resolution="200">
<block><region><rect/></region>
<text orientation="RotatedCounterclockwise">
<par>
<line>1^. 483Ô. [37575]</line></par>
</text>
</block>
<block><region><rect/></region>
<text>
<par/>
</text>
</block>
<block><region><rect/></region>
<text>
<par>
<line>UIMISTÈKS</line></par>
</text>
</block>
<block><region><rect/></region>
<text>
<par>
<line>t’ÉDDCATION NATIOIVALE.</line></par>
</text>
</block>
<block><region><rect/></region>
<text>
<par>
<line>SECRETARIAT GÉNÉRAL</line></par>
<par>
<line>DES BEAUX-A^RTS.</line>
<line>DIRECTION</line></par>
<par>
<line>pss</line></par>
<par>
<line>SERVICES D’ARCHITECTURE</line></par>
</text>
</block>
<block><region><rect/></region>
<text>
<par>
<line>ÉTAT FRANÇAIS.</line></par>
</text>
</block>
<block><region><rect/></region>
<text>
<par>
<line>ARRÊTÉ.</line></par>
</text>
</block>
<block><region><rect/></region>
<text>
<par/>
</text>
</block>
<block><region><rect/></region>
<text>
<par>
<line>BUREAU</line></par>
<par>
<line>DSS</line></par>
<par>
<line>MONVMEUTS HISTORIQUES</line></par>
<par>
<line>SI</line></par>
<par>
<line>DES SITES.</line></par>
<par>
<line>' "7"" ^ Le Ministre Secrétaire d’Etat à l’Education nationale.</line></par>
<par>
<line>Classement de Sites.</line></par>
</text>
</block>
<block><region><rect/></region>
<text>
<par>
<line>Vu la loi du 2 maijigSo réorganisant la protection des</line>
<line>monument naturels et des sites de caractère artistique, histo¬</line>
<line>rique, scientifique, légehdai^ ou pittoresque ;</line></par>
<par>
<line>larreté du 37 août 194i*&gt; pria</line>
<line>en application de la loi n° 4:21 du 28</line>
<line>juillet 1943</line></par>
<par>
<line>Vu l’adhéeion en data du 13-ft^vrier ■</line>
<line>1943 donnée par M, Bltl/IIFIIB pro- ■</line></par>
<par>
<line>priétoire à Kan-An-ASîel St-Briac-sur-Mer .</line></par>
<par>
<line>( Hle^et-Vilaine)</line></par>
</text>
</block>
<block><region><rect/><rect/></region>
<text>
<par>
<line>O</line></par>
<par>
<line>.=J</line></par>
<par>
<line>O</line></par>
<par>
<line>A.</line></par>
</text>
</block>
<block><region><rect/></region>
<text>
<par>
<line>0</line></par>
</text>
</block>
















</page>
<page width="1746" height="2403" resolution="200">
<block><region><rect/><rect/><rect/></region>
<text>
<par>
<line>ARRÊTE :</line></par>
<par>
<line>AITICLI PÂUllEJt.</line></par>
<par>
<line>La ÿro'pT.lé*A c ' ”Kan-An-i»wè</line>
<line>Briftc-. ur--M- :' ( .ÎLJiE VITji^'f7'îtSi figurttnt</line>
<line>ou c#fdr:5tra co"'.^*unb3 sous le N* 790</line></par>
</text>
</block>
<block><region><rect/></region>
<text>
<par/>
</text>
</block>
<block><region><rect/></region>
<text>
<par>
<line>a et dftftiéa pArm! iet litfii monumenU Daturds</line></par>
<par>
<line>de car&amp;ct^ artiitique, historique, identiËque, légendaire ou</line>
<line>pittoresque.</line></par>
<par>
<line>A^T. 3.</line></par>
<par>
<line>Le présent trréie sera uotifié au Préfet du déperteisent d#</line>
<line>l*Ille «t Viüine ou Moire de St Briec</line>
<line>aur Mar at au i-roprlôt^lre intt^resaé</line></par>
<par>
<line>qui seront reaponsables,' jchacuo eo ce qui le con^me, de soo</line>
<line>eiécution.</line></par>
</text>
</block>
<block><region><rect/></region>
<text>
<par>
<line>ART.</line></par>
</text>
</block>
<block><region><rect/></region>
<text>
<par>
<line>S.</line></par>
</text>
</block>
<block><region><rect/></region>
<text>
<par>
<line>li sera ti^Krit au Burean des hypothèques de la situation</line></par>
<par>
<line>des iomeablas clus^as</line></par>
</text>
</block>
<block><region><rect/></region>
<text>
<par>
<line>*5fiO;'Ff94j</line></par>
</text>
</block>
<block><region><rect/><rect/><rect/></region>
<text>
<par>
<line>Paiis,k</line>
<line>Per</line></par>
<par>
<line>La Conaelllar d'î*-.at</line>
<line>Saoratalra génial aaa "eaüx-itrts</line></par>
</text>
</block>



</page>
</AC2>