<?xml version="1.0" encoding="UTF-8"?><AC2>
<page width="1656" height="2336" resolution="200">
<block><region><rect/></region>
<text>
<par>
<line>République française</line></par>
</text>
</block>
<block><region><rect/></region>
<text>
<par>
<line>tère d'Etat</line></par>
<par>
<line>Culturelles ^ i</line></par>
<par>
<line>- A R H E T E</line></par>
</text>
</block>
<block><region><rect/></region>
<text>
<par>
<line>Le Ivünistre d'Etat chargé' d'es Affaires</line>
<line>Culturelles,</line></par>
<par>
<line>Vu la loi du 2 mai 1930 réorganisant la protectioa-des monu¬</line>
<line>ments naturels et des sites de caractère- artistique, histori¬</line>
<line>que, scientifique, légendaire ou pittoresque et notamment les</line>
<line>articles 4, 7 et 8,</line></par>
<par>
<line>Vu la- loi du 12 avril 1943 portant réglementation de la publia</line>
<line>cité et des enseignes et notamment les articles 5 et 9,</line></par>
<par>
<line>Vu le,, décret du 3 février 1959 relatif aux attributions d'un</line>
<line>Ministre d'Etat,</line></par>
<par>
<line>Vu le décret du 24 juillet 1959 portant organisation du</line>
<line>Ministère des Affaires Omlturelles,</line></par>
<par>
<line>Vu le décret du 18 mars I960 portant application du décret</line>
<line>du 7 février 4959 relatif au camping, et notamment les ar¬</line>
<line>ticles 2 et 6, ■ ■ „</line></par>
<par>
<line>Vu l''arrêté 'du 13 avril 1943 .classant-parmi les sites le</line>
<line>château de l'Abbaye dé'la Victoire et une partie du domaine.</line></par>
<par>
<line>Vu les adhésions de classement données par les propriétaires</line>
<line>intéressés,</line></par>
<par>
<line>Vu l'avis émis par la commission départementale des sites,</line>
<line>perspectives et paysages de l'Oise dans sa séance du 6 avril</line>
<line>1962,</line></par>
</text>
</block>
<block><region><rect/></region>
<text>
<par>
<line>ARRETE</line></par>
</text>
</block>
<block><region><rect/></region>
<text>
<par>
<line>Article 1er - Est classé parmi les sites pittoresques du dé¬</line>
<line>partement de l'Oise l'ensemble constitué sur les communes de</line>
<line>Mont-1'Evêque et de Senlis par les domaines de Mont-1'Evêque</line>
<line>et de la Victoire ainsi que par celui de la Capererie, et</line>
<line>comprenant les parcelles cadastrales suivantes i</line></par>
<par>
<line>1 Commune de Mont-1'Evêque</line></par>
<par>
<line>Section E n°s 30 à 75 inclus, 77 à 79 inclus, 81 à 85</line></par>
<par>
<line>inclus, 87 à 90 inclus, 94, 97 et 99 à 102 inclus</line></par>
<par>
<line>Oon'imune de Senlis</line>
<line>Section C n^^s 266 à 295 inclus</line></par>
<par>
<line>Section D n°3 154 à 156 inclus, 160 à 172 inclus, 174 à 192</line>
<line>inclus, et 221 à 259 inclus.</line></par>
</text>
</block>




</page>
<page width="1684" height="2356" resolution="200">
<block><region><rect/></region>
<text>
<par>
<line>-2</line></par>
</text>
</block>
<block><region><rect/></region>
<text>
<par>
<line>Article 2 - Son~ i-:ou.tefoi3 inscrites sur-</line>
<line>sites les parcelles cadastrales suivantes</line>
<line>l'adhésion des proprietaires n'a être</line></par>
</text>
</block>
<block><region><rect/></region>
<text>
<par>
<line>l'inventaire des</line>
<line>pour lesquelles</line>
<line>recueillie i</line></par>
</text>
</block>
<block><region><rect/></region>
<text>
<par>
<line>°“ Cof^niune de Mont-1 'Evêque</line></par>
<par>
<line>Section l’ n^s 76^ 80, 86, 91 à 93 inclus, 95, 96 et 98</line>
<line>2^'-- Coamune de Sehlis</line>
<line>^eotion D n° 173 ^</line></par>
<par>
<line>Article 3 ■- le présent arrêté, qui annule "et remplace l'arrêté</line>
<line>de classement susvisé du 13 avril 1943/ sera notifié au</line>
<line>Préfet du département de l'Oise, aux maires des communes de</line>
<line>Mont-l'Svêque et de Senlis, et aux proprié taire s■intéressés,</line>
<line>qui seront responsables, chacun en ce qui-le concerne, de</line>
<line>son exécution, ’</line></par>
</text>
</block>
<block><region><rect/><rect/><rect/></region>
<text>
<par>
<line>Article 4 - Il sera publié au bureau des hypothèques de la</line>
<line>situation du site protégé.</line></par>
</text>
</block>
<block><region><rect/></region>
<text>
<par>
<line>Paris, le 7 mai 1965</line>
<line>P-r,le lîinistre et par délégation</line>
<line>Le Maître des Hequstes au Conseil d'Etat</line>
<line>Directeur de l'Architecture</line></par>
<par>
<line>Signé Max QUERRIEH</line></par>
</text>
</block>
<block><region><rect/></region>
<text>
<par>
<line>Pr,Ampliation</line>
<line>Pr.1'Administrateur Civil</line>
<line>chargé des Sites</line></par>
</text>
</block>
<block><region><rect/></region>
<text>
<par/>
</text>
</block>
<block><region><rect/></region>
<text>
<par>
<line>^^igné R, COMBE</line></par>
</text>
</block>






</page>
</AC2>