<?xml version="1.0" encoding="UTF-8"?><AC2>
<page width="2480" height="3507" resolution="300">
<block><region><rect/></region>
<text>
<par>
<line>JBP. ^</line></par>
</text>
<text>
<par>
<line>MINISTERE DE LA QUALITE DE LA VIE</line></par>
<par>
<line>Mission pour l'Environnement</line>
<line>Rural et Urbain</line></par>
<par>
<line>SECRETARIAT D'ETAT A LA CULTURE</line>
<line>Direction de l'Architecture</line></par>
</text>
</block>
<block><region><rect/></region>
<text>
<par>
<line>REPUBLIQUE FRANÇAISE</line></par>
</text>
<text>
<par>
<line>ARRETE</line></par>
</text>
</block>
<block><region><rect/></region>
<text>
<par>
<line>Le Ministre, de la Qualité de la Vie</line>
<line>Le Secrétaire d^Etat; à la Culture</line></par>
</text>
</block>
<block><region><rect/></region>
<text>
<par>
<line>VU la loi du 2 mai 1930 réorganisant la protection des monuments</line>
<line>naturels et des sites de caractère artistique, historique,</line>
<line>scientifique, légendaire ou pittoresque, modifiée ,par la loi</line>
<line>n®'67.1174 du 26 décembre 1967 ;</line></par>
<par>
<line>.vVU'le décret-n® 69.607 du 13 juin 1969 portant application des</line>
<line>articles 4 et 5.1 de la loi du.2 mai 1930 sur la protection</line>
<line>des sites • ;</line></par>
<par>
<line>VU la loi du. 12 avril 1943 portant réglementation de la publicité</line>
<line>,et des enseignes et notamment les. articles 5 et 9 ;</line></par>
<par>
<line>VU le décret du 9 février 1968 portant application du décret du</line>
<line>7 février 1959 modifié relatif au camping et notamment les</line>
<line>articles 2 et 6 ;.</line></par>
<par>
<line>VU le décret n° 72.37 du 11 janvier 1972 relatif au stationnement</line>
<line>des caravanes et notamment les articles 3, 7, 9 et 10 ;</line></par>
<par>
<line>VU le décret n° 70.286 du 31 mars 1970 relatif à la composition</line>
<line>et au fonctionnement des commissions départanentales et</line>
<line>supérieures des sites ;</line></par>
<par>
<line>VU l'arrêté du 23 février 1953 inscrivait sur- l-'-iriventaire des</line>
<line>sites du département du Finistère l'ensemble formé sur la</line>
<line>commune de KEVEZ par : la pointe de Beg ar Vechen à Port</line>
<line>Manech ;</line></par>
<par>
<line>VU l'arrêté du 28 avril 1953 inscrivant sur l'inventaire des</line>
<line>sites du département du Finistère l'ensenble formé sur la</line>
<line>commune de NEVEZ par le château du Hénant et les rives de</line>
<line>l'Aven ;</line></par>
<par>
<line>VU l'arrêté du 23 février 1953 inscrivant sur 1'Inventaire des</line>
<line>sites du département du, Finistère l'ensemble formé sur la</line>
<line>commune de RIEC sur BELON par les rives dé l'Aven à la sortie</line>
<line>de Pont-Aven et la chapelle Trémor ;</line></par>
<par>
<line>VU l'arrêté du 23 février 1953 inscrivant sur l'itïVéntalre des</line>
<line>sites du .département du Finistère l'ensemble, formé sur la</line>
<line>commune dé PONT AVEN pàf le bois d'Anour ;</line></par>
</text>
</block>
</page>
<page width="2498" height="3520" resolution="300">
<block><region><rect/></region>
<text>
<par>
<line>- 2 -</line></par>
</text>
</block>
<block><region><rect/></region>
<text>
<par>
<line>VU l'avis émis le 10 juillet 1971 par le conseil municipal de</line>
<line>NEVEZ ;</line></par>
<par>
<line>VU les avis émis le 21 juin 1971 et 30 mai 1972 par le conseil</line>
<line>municipal de RIEG SUR SELON ;</line></par>
<par>
<line>VU.il'aV'i's émis le 3 juillet 1971 par le conseil municipal de</line>
<line>îiOELAN SUR MER ;</line></par>
</text>
</block>
<block><region><rect/><rect/></region>
<text>
<par>
<line>Considérant que le Maire de la commune de PONT ÂVEN n'a pas répondu</line>
<line>dans le délai de trois mois à la demande d'avis du 10 juin 1971</line>
<line>que lui a adressé le Préfet du Finistère et que son^avis est</line>
<line>. i.repüté fâvorable ; s</line></par>
<par>
<line>VU .les détlbétatiôns'dù 19.juin^1974 ét du 15'mars'1972 de la</line>
<line>commission départementale dès sites du Finistère ;</line></par>
<par>
<line>; , . . -P : ■ ■ î ■ ■ ‘ ^ ' “A . ,</line></par>
<par>
<line>r ;/; O, ,^-A.:R. R B T ^E N 'T</line></par>
<par>
<line>Article lër - Sont' inscrits sur l'inventaire dps sites pittoresques</line>
<line>du département du Finistère trois■ensembles suivants</line></par>
<par>
<line>' 1) - Preriîier ensemible fojmé sur les comirtutiea de ;</line></par>
<par>
<line>NEVEZ - PONÏ-ÂVEN - .RlEC-SUR-BELQW et abordant</line>
<line>.la rivière l'ÀVEN sur ses deuic rives» ,</line></par>
<par>
<line>2) - Second, ensemble formé sur les communes., de ;</line></par>
<par>
<line>MOELAN SÜR ‘i'iER - RIEG . SUR BELON .et. bordai^</line></par>
<par>
<line>..-î- le rivière de BELON .sur ses deux;,.rives.i :</line></par>
</text>
</block>
<block><region><rect/></region>
<text>
<par>
<line>3) - Troisième ensemble littoral englobant,l'es</line>
<line>rivières de BRIGNEÀU é.t de.lÆRRIElT""</line></par>
<par>
<line>et délimitée comme suit ; . ;</line></par>
</text>
</block>
<block><region><rect/></region>
<text>
<par>
<line>I . FRQilER ENSEMBLE -; .-l 'AVEN v ^</line></par>
<par>
<line>a)Commune de NEVEZ ; (rive droite de l'Aven)</line></par>
<par>
<line>Section Dl depuis le littoral ; ^ ^</line></par>
<par>
<line>- la limite Sud-Ouest de la parcelle n® 324</line></par>
<par>
<line>- la limite Sud de la parcelle ri' 326 i</line>
<line>-■la limite Ouest de la parcelle n®' 325</line></par>
<par>
<line>- le chemin non numéroté longeant la la limite Nord-Ouest des</line>
<line>parcelles n*s 325, 320, 321</line></par>
<par>
<line>- la limite Sud-Ouest des parcelles n“ 276 et 274 (non comprises)</line></par>
</text>
</block>




</page>
<page width="2502" height="3522" resolution="300">
<block><region><rect/></region>
<text>
<par>
<line>- 3 -</line></par>
</text>
</block>
<block><region><rect/><rect/><rect/></region>
<text>
<par>
<line>- la limite Ouest'des parcelles n°s 261, 284 (ctsnpriëes)’</line></par>
<par>
<line>- la limite Mord- de la parcelle ti® 284</line></par>
<par>
<line>- la voie non numéroté longeant à l'Est les parcelles n°s 288,</line>
<line>289, 292 et 968</line></par>
<par>
<line>- le chemin départemental n“ 77 de PONT AVEN à PORT ^iANECH</line></par>
<par>
<line>- les chemins non numérotés longeant les limites Est des</line>
<line>i&gt;arcéllê8 n“s-'399, 879, 400, 404, 405, 406, '407, 880, 410, 418</line></par>
<par>
<line>- le chemin non numéroté joignant les h^eaux de .BEMAVEN, de</line>
<line>KERCOULIOU et lOERAEREN et longeant les" pàrcelië'è' ri's 422, 423,</line>
<line>424, 944, 61, 62, 1052, 1050, 1G5I, 59, 57^ 693. et 453</line></par>
<par>
<line>- le prolongement de ce chemin longeant les par celles n”s 457,</line>
<line>44, 45 et 46 ■</line></par>
<par>
<line>- la limite Est des parcelles n“s 46, 39 et 3é</line></par>
<par>
<line>- la limite Mord de la parcelle n” 38</line></par>
<par>
<line>- la limite Est des parcelles n°s 482, 433, 484, 490, 492 et 493</line></par>
<par>
<line>- la limite Nord des parcelles n“6 493 et 494</line></par>
<par>
<line>- le C=V,0&lt;, n° 5 jusqu'à la limite des sections D1/C2</line></par>
<par>
<line>Section C2 ;</line></par>
<par>
<line>i</line></par>
<par>
<line>- le GoVoO. n° 5 jusqu'à la limite des sections C2/G1</line>
<line>Section Gl ;</line></par>
<par>
<line>- le G.V.O, n° 7</line></par>
<par>
<line>- le C.V.O, n“ 5</line></par>
<par>
<line>- la limite Sud de la parcelle n° 131 ' "</line></par>
<par>
<line>- la limite Ouest des parcelles n°s 131 et 101</line></par>
<par>
<line>- la limite Sud des parcelles n°s 102, 103 et 104</line></par>
<par>
<line>- la limite Sud et Ouest de la parcelle n® 107</line></par>
<par>
<line>- la limite Sud de la parcelle n“ 108 jusqu'à la limite des</line>
<line>sections Cl/A.3</line></par>
<par>
<line>Section A3</line></par>
<par>
<line>- la limite Ouest et Mord, de la parcelle n“ 585</line></par>
<par>
<line>- la : limite Oueqt des parcelles n*s 552 et 554.</line></par>
<par>
<line>- la limite Nord de/.la-parcelle n° 554</line></par>
</text>
</block>
<block><region><rect/></region>
<text>
<par>
<line>I</line></par>
</text>
</block>




</page>
<page width="2516" height="3532" resolution="300">
<block><region><rect/></region>
<text>
<par>
<line>- les limites Ouest et Nord de la :p,arcelle n° 555</line></par>
<par>
<line>- la limite Est des parâelléè rt°8'555 et 556</line></par>
<par>
<line>'• ■t’ ' •</line></par>
<par>
<line>- la limite Nord des parcelles n“s 550 et 549</line></par>
<par>
<line>- lailimite Est de. la parcelle n® 549</line></par>
<par>
<line>- la .liiiSjite Nord des parcelles n®s 545 et 542</line></par>
<par>
<line>« le C.V.0» n' 5 jusqu'à la limite des conanunes de NEVÉZ/PÔNT AVEN</line></par>
<par>
<line>b)Cômmdné de'PONSP AVEN : ■ (Rive droite de'l'Àven).</line></par>
<par>
<line>Section D3 : . , '</line></par>
<par>
<line>- limite Nord des parcelles n®s 564, 565j 561, 550,</line></par>
<par>
<line>- limite Est des parcelles n°s 55.0, 552, 553</line></par>
<par>
<line>- limite Nord Ouest des parcelles n^s 538, 339</line></par>
<par>
<line>- limite Sud et Ouest de la parcelle n“ 542</line></par>
<par>
<line>- limite Ouest de la parcelle n® 541</line></par>
<par>
<line>- limite Süd ét Ouest de la parcelle n® 530</line></par>
<par>
<line>- limite Ouest des parcelles n°s 529 et 526</line></par>
<par>
<line>- limite Nord de. la .parcelle n° 526 t ■ -</line></par>
<par>
<line>- les limites Ouest et Nord de la parcelle n® 524 '</line></par>
<par>
<line>* la limite des sections D3/D4 jusqu'à la rivière l'AVen</line></par>
<par>
<line>- la traversée de l'Aven</line></par>
<par>
<line>c)Commune de RIEC SUR, BElipN : (Rive gauche de l'Aven)</line></par>
<par>
<line>- la limite des communes de PONT AVEN/RIËC SUR SELON</line></par>
<par>
<line>- la voie communale n° 19</line></par>
<par>
<line>- la limite des. sèçtipns YT/YV</line></par>
<par>
<line>- le chemin rural n“ 19.9 dit de Kerglaye</line></par>
<par>
<line>- la limite des sections yR/I2 - ^ ■</line></par>
<par>
<line>• , .1</line></par>
<par>
<line>- la limite des sections YP/12 . ^</line></par>
<par>
<line>- le chemin rural n“ 198 dit du Rhüat</line></par>
<par>
<line>- la limite Est des parcelles Hl, 28, 27 b et 26 (section YP)</line></par>
<par>
<line>- limite Est des parcelles 16a, 16b et fil (section YO)</line></par>
</text>
</block>
<block><region><rect/></region>
<text>
<par>
<line>• • e</line></par>
</text>
</block>




</page>
<page width="2487" height="3512" resolution="300">
<block><region><rect/></region>
<text>
<par>
<line>- le chemin rural n° 187 dit de Coat Milin Bihan</line></par>
<par>
<line>- la voie communale n" 10 de Bourg Neuf à Goulet Riegc jusqu’au</line>
<line>chemin rural n" 185 dit de Kervadec (limite des sections YO/YN)</line></par>
</text>
</block>
<block><region><rect/></region>
<text>
<par>
<line>II - DEUXIEME''ENSEMBLE (LE BEiIôN)</line></par>
</text>
</block>
<block><region><rect/></region>
<text>
<par>
<line>a) Conmiune de RIEC SUR BELON (rive droite du Bélon)</line></par>
<par>
<line>Depuis le C.R„. n” 185 dit de Kervadec</line></par>
<par>
<line>- la limité’Nord Ouest de la section YN *</line></par>
<par>
<line>- la limite Nord Ouest de la section'Yt - ■</line></par>
<par>
<line>- les limites Ouest, Nbrd et Est de la section YK</line></par>
<par>
<line>- la limite de la section YI</line></par>
<par>
<line>- la voie communale h“ 33</line></par>
<par>
<line>- la-limite Nord de la parcelle n” 37a (section YI)</line></par>
<par>
<line>- là voie communale n° 7 de Riec à Porte Neuve</line></par>
<par>
<line>- la limite Nord des parcelles 19, 20, 21 et 2d (section YH)</line></par>
<par>
<line>- la route départementale n" 24</line></par>
<par>
<line>- la limite Nord de la section ZT</line></par>
<par>
<line>- la voie communale n° 17</line>
<line>“ la vole communale' il" 20</line></par>
<par>
<line>- le chanin non numéroté (situé sur la section ZR) reliant la</line>
<line>VoC» n" 20 au Moulin Neuf</line></par>
<par>
<line>- limite Nord de la parcelle n" ‘40 sectibn ZD de Moëlan sur Mer)</line></par>
<par>
<line>b) Commune de MOELAN SUR MER (Rive gauche du Bélon)</line></par>
<par>
<line>Depuis la limite Nord de la parcelle n° 4o dé la séctlon ZD)</line></par>
<par>
<line>- la rive gauche de la rivière "Le Bélon"</line></par>
<par>
<line>- "limite Nord dés parcelles 8B ét 9 (section</line></par>
<par>
<line>- chenin de Remembrement (parcelle n" 21 section ZD)</line></par>
</text>
</block>
<block><region><rect/></region>
<text>
<par>
<line>- voie communale n° 8</line></par>
</text>
</block>



</page>
<page width="2539" height="3548" resolution="300">
<block><region><rect/></region>
<text>
<par>
<line>- 6 -</line></par>
</text>
</block>
<block><region><rect/></region>
<text>
<par>
<line>le .cheipin non-nianérotë longeant ^les parcelles 29, 28, 27 et 26</line>
<line>section AC</line></par>
<par>
<line>- la limite Sud Est des parcelles n® 7, 6 et 5 section AC</line></par>
<par>
<line>- la limite Sud Ouest des parcelles n°8 5 et 4 section AC</line></par>
<par>
<line>- la limite Est de la parcelle n"' 165 isectlon AQ, ’</line></par>
<par>
<line>- la limite des sections AC/ZC</line></par>
<par>
<line>- la ttavêrsëè du C-D. n" J24' -</line></par>
<par>
<line>- la voie connnïnàlë n" 15 de Kergbulonet à Moulin Marion</line></par>
<par>
<line>- la limite Sud'Ôuest de la .parcelle n® 4? section :AB-</line></par>
<par>
<line>- la limite des sections ZA/AB</line></par>
<par>
<line>- limite Ouest des parcelles-n? 8e et 7 (section; Z^-</line></par>
<par>
<line>"■ le chanin de remembrement (parcelle n" 4 section ZA) .</line></par>
</text>
</block>
<block><region><rect/></region>
<text>
<par>
<line>- la limite Sud des parcelles n“s Ib et le (aection 2A).</line></par>
<par>
<line>- le chemin de remembrement (.parcelle n° 14 section ZA)</line></par>
<par>
<line>- le chemin non&gt;numéroté depuis ce chonin de remembrement</line>
<line>jusqu’à la V.C. n® 53</line></par>
<par>
<line>-i • • ■I' • • ; , ‘ «</line></par>
<par>
<line>- la voie communale n“ 53</line></par>
<par>
<line>- la limite Nord des parcelles n's 49 et 47 section DM (parcelles</line>
<line>non comprises dans le site)</line></par>
</text>
</block>
<block><region><rect/></region>
<text>
<par>
<line>- la limite Est des parcelles n” s, 15 et 64 , Bjection DM , «</line></par>
</text>
</block>
<block><region><rect/></region>
<text>
<par>
<line>- le chemin non numéroté longeant au Sud .les parcelles ,n“a 64,</line>
<line>15, 14, 89, 88 et 97 (aection DM)</line></par>
<par>
<line>- la limite des sections DM/DL . i</line></par>
<par>
<line>la limite des sections DL/^N; i</line></par>
<par>
<line>- lifi. limite des .sections DÇ/pN . • . .</line></par>
<par>
<line>- la limite dçs sections DK/Dp</line>
<line>-- la limite des sections CY/DO</line></par>
<par>
<line>- le cheraip^.qon,numéroté depuis la limite des sections CY7D0</line></par>
<par>
<line>(limite Sud de la parcelle n® 124 section (ÏY) jusqu'à la</line>
<line>V.C, id" 4 , ;</line></par>
<par>
<line>- la voie communale n® 4</line></par>
</text>
</block>
<block><region><rect/></region>
<text>
<par>
<line>- la limite des sections DH/DI</line></par>
</text>
</block>

</page>
<page width="2523" height="3537" resolution="300">
<block><region><rect/></region>
<text>
<par>
<line>- 7 -</line></par>
</text>
</block>
<block><region><rect/></region>
<text>
<par>
<line>- la limite Sud des parcelles n^s 2o5, 206 et 207 (section DI)</line></par>
<par>
<line>» la limite Ouest de la parcelle n“ 207 (section Dl),</line></par>
<par>
<line>- la limite Sud des parcelles n°3 193, 192 et 230 (section DI)</line></par>
<par>
<line>- la limite Est des parcelles n“s 229, 224, 223, 222, 221 et 220</line>
<line>i(section DI)</line></par>
<par>
<line>» la limite Sud de la parceilé n° 220'(section DI)</line></par>
<par>
<line>- la limite Est des parcelles n°s 320, 319, 318 et 317 (section DI)</line></par>
<par>
<line>- limite Sud des parcelles n®s 317 et 316 (sedtion DI) -</line></par>
<par>
<line>- le chemin non numéroté longearit à l'Est les parcelles n”a 379,</line></par>
<par>
<line>380 et 437 (section DI)</line></par>
<par>
<line>- la limite des sections DI/DH</line></par>
<par>
<line>- la voie ccaranunale n° 57</line></par>
<par>
<line>- le chemin non huméroté depuis la V.C» h“ 57 (limite Sud de la</line></par>
<par>
<line>parcelle n” 23 jusqu'à la V«C. n® 5 (limite Sud de</line></par>
<par>
<line>la parcelle n“ 399 section DH)</line></par>
<par>
<line>- la voie communale h® 5 jusqu'à la limite des sectiona. CT/CV</line>
<line>la limite des sections CT/CV</line></par>
<par>
<line>- la limitedés sections Cf/CW</line></par>
<par>
<line>- la limite des sections CT/CS</line></par>
<par>
<line>- la limite des sections GP/CS</line></par>
<par>
<line>- la limite des sections CR/CS" :</line></par>
<par>
<line>la limite des sections CR/CK</line></par>
<par>
<line>- la limite dés sections GO/CK'</line></par>
<par>
<line>- la limite des sections CL/CK</line></par>
<par>
<line>- le chemin non numéroté, depuis la limite des sections CK/CL</line></par>
<par>
<line>(limite Est de ïa parcelle ii“ 7 séction CL) jySqu'à îa,,limite</line>
<line>des sections CL/CN (limite Est de la parcelle n“ 166 section</line>
<line>CL) ' ’</line></par>
<par>
<line>*■ la limite des sections CN/CL ; •</line></par>
<par>
<line>- la limite des sections CN/ÛM</line></par>
<par>
<line>-i- la limite des sections BW/BX ■ ■'</line></par>
<par>
<line>- la limite des sections BW/3R</line></par>
</text>
</block>
<block><region><rect/></region>
<text>
<par>
<line>• • 4</line></par>
</text>
</block>
</page>
<page width="2504" height="3524" resolution="300">
<block><region><rect/></region>
<text>
<par>
<line>- 8 -</line></par>
</text>
</block>
<block><region><rect/></region>
<text>
<par>
<line>- la voie coimtKinale Ti® i21:</line></par>
<par>
<line>- là vole conanunalè n” 3:0</line>
<line>la voie ccànraünale n” 2</line></par>
<par>
<line>- le chanin non numéroté, depuis la V.C. n® 2 tlimite Ouest de</line>
<line>la parçelleT'224 sebtlon BP juàqu/.au iÇoDf, n° ,.^216. ^ ;</line></par>
<par>
<line>lé ‘n“ .1216 .Climi'te. de la :J?arcelle n.® .1^6 Section BP)</line></par>
<par>
<line>• le C.Dii'h®. 2.16 ;</line></par>
<par>
<line>- la lirilitfe 'des 'sections BÈf/Zy ,(V*C= n® (ij) , ,</line></par>
<par>
<line>- la voie communale n® 17</line></par>
<par>
<line>- la limite Ouest des parcelles n®8 37 et 72 section BL</line>
<line>(parcelles non comprises dans le site) ,, .</line></par>
<par>
<line>là liiûltèiNord des'parcelles n®s 76 et 77 .section. BL ,</line></par>
<par>
<line>- la limite Est de la parcellei.n® 77 section )?Li , .</line></par>
<par>
<line>■ i''lâ''liihit.e Nord dés paré elles n® s 97 et; ,90 aeçtiçn. JBL, ,</line></par>
<par>
<line>- la limite des sections BL/^ , ,</line></par>
<par>
<line>- ligne fictive depuis la rencontre djBs limites.deaj seç,t^,?^®</line></par>
<par>
<line>BL, BM et ZW jusqu'à l'angle Ouest de la parcelle n* lO</line>
<line>section ZW</line></par>
<par>
<line>- la limite Sud des parcelles n* s 16 ot ilc ^ ,</line></par>
<par>
<line>- la limite Nord du lieu dit ^'Kérouant''</line></par>
<par>
<line>- la voie communale n® 14 . : . .• .</line></par>
<par>
<line>- la limite Ouest des parcelles^n® s 20a., 36, , 20c, 2pb, ,3 et 20e</line>
<line>section ZX</line></par>
<par>
<line>- la voie communale n® 14</line></par>
<par>
<line>j- la limité Word du.,lieu*;dit MKérandrège"</line></par>
<par>
<line>y,;:-.,..</line></par>
<par>
<line>- la limite Ouest du lieu dit "Damany"</line></par>
<par>
<line>- la limite des sections ZX/AL i . , i, . :</line></par>
<par>
<line>- la limite Est des parcelles n® 176 et 28 section ZX,</line></par>
<par>
<line>- la limite Est de la parcelle,n* 3.15 sectlc^ AR; -</line></par>
</text>
</block>
</page>
<page width="2487" height="3512" resolution="300">
<block><region><rect/></region>
<text>
<par>
<line>- 9 -</line></par>
</text>
</block>
<block><region><rect/></region>
<text>
<par>
<line>„lil - TROi'SIEME lîîSEMBLE (littbfal englobant les^ rivières de</line></par>
<par>
<line>BRIG^E^ ét db MERRiEN)</line></par>
</text>
</block>
<block><region><rect/></region>
<text>
<par>
<line>' ' ' d) Cointnüh^ îOÉLAN SUR PiER</line></par>
<par>
<line>- là iirnlte Nord èt Est de la parcelle n® 24 section AR</line></par>
<par>
<line>- la limite Nord et Est de ÿa liattèlle n“ 25 sectibti-AR</line>
<line>^ la limite Est de la parcelle n° 26 section AR ..</line></par>
<par>
<line>J'^ià liisité; Nord .de 'la piàrc,ëlie n“' 290 section AR</line></par>
<par>
<line>- la limite Est des parcelles n's 290 et 289 section AR</line></par>
<par>
<line>- la limite Ouest des parcelles n®s 83, 84, 85 et 86 section</line>
<line>AR (parcelles non comprises dans le site)</line></par>
<par>
<line>- la limite Sud de la parcelle n“ 86 section AR (parcelle non</line>
<line>comprise dans le site)</line></par>
<par>
<line>T la limite-Nprd et Est de la parcelle n“ 207 section AR</line></par>
<par>
<line>r la limite Nord des parcelles n°s 197, 199, 200, 201 et 2o2</line>
<line>section AR : .</line></par>
<par>
<line>- le chemin non numéroté, depuis l'angle Nord Est de la parcelle</line></par>
<par>
<line>n° 202 section AR jusqu'à la V.C. n“ 9 (angle Nord de la parcelle</line>
<line>n® 120 section AR)</line></par>
<par>
<line>- la voie communale n® 9</line></par>
<par>
<line>- la limite des sections ÂS/AW</line></par>
<par>
<line>- la limite des sections AT/AW</line></par>
<par>
<line>- la limite des sections AT/AV</line></par>
<par>
<line>- la limite des sections BI/AV .</line></par>
<par>
<line>- la limite des sections BH/AV ' '</line></par>
<par>
<line>- la limite des sections BH/AX '</line></par>
<par>
<line>- la limite des sections BC/AX</line></par>
<par>
<line>- la limite des sections BC/AY</line></par>
<par>
<line>- la voie communale n® 12</line></par>
<par>
<line>- la limite des communes de MOELAN SUR MER et de CLOHARS CARNOET</line></par>
</text>
</block>




</page>
<page width="2505" height="3524" resolution="300">
<block><region><rect/></region>
<text>
<par>
<line>- 10</line></par>
</text>
</block>
<block><region><rect/></region>
<text>
<par>
<line>- le littoral depuis la limite des communes de MOELAN SUR iîER et</line>
<line>' de! CLQHARS CAKNpEÎ jt^sqfu'à laylirg^te Sud pue^st de .la parcelle</line>
<line>n“ 324; |^^éetion Dl . sur la conBnune' de KËVEZ-' tpôint de départ).</line></par>
</text>
</block>
<block><region><rect/></region>
<text>
<par>
<line>Article 2 - Le présent arrêté sera notifié au Préfet du département</line>
<line>du Finistère et aux Maires‘déA cipnTOunes de KEVEZ -</line>
<line>PONT-AVEN - RIEC-SÜR-BÉLON et MOELAN-SUR-îiER qui seront</line>
<line>. responsables chacun enMCjs qui le concerne, de son</line>
<line>exécution. ■</line></par>
</text>
</block>
<block><region><rect/></region>
<text>
<par>
<line>Fait à PARIS» le 43 janvier 1976</line></par>
</text>
</block>
<block><region><rect/></region>
<text>
<par>
<line>Le Ministre de la Qualité de Ta Vie '</line></par>
</text>
</block>
<block><region><rect/></region>
<text>
<par>
<line>-‘4 ‘C..^ 11</line></par>
</text>
</block>
<block><region><rect/></region>
<text>
<par>
<line>Signé : André JÀKROT</line></par>
</text>
</block>
<block><region><rect/></region>
<text>
<par>
<line>Le Secrétàîre:^''Etaf; à la Culture</line></par>
<par>
<line>'Signé¥;Mithel"Gïjf-^ ■ ■</line></par>
</text>
</block>
<block><region><rect/></region>
<text>
<par>
<line>•J J-.- .î; y • &lt; -i ■ 1.=^ * •?’ '</line></par>
</text>
</block>
<block><region><rect/></region>
<text>
<par/>
</text>
</block>
<block><region><rect/></region>
<text>
<par>
<line>s ‘f</line></par>
<par>
<line>:: 't</line></par>
</text>
</block>
<block><region><rect/></region>
<text>
<par>
<line>- h;</line></par>
</text>
</block>
<block><region><rect/></region>
<text>
<par>
<line>Pour ampliation</line></par>
<par>
<line>L'AiËninlstrateur Civil</line>
<line>chargé des Sites v..</line></par>
</text>
</block>
<block><region><rect/></region>
<text>
<par/>
</text>
</block>
<block><region><rect/></region>
<text>
<par>
<line>Signé : Gilbert SIMON</line></par>
</text>
</block>



</page>
</AC2>