<?xml version="1.0" encoding="UTF-8"?><AC2>
<page width="2314" height="3196" resolution="300">
<block><region><rect/></region>
<text>
<par>
<line>/irAD.</line></par>
</text>
</block>
<block><region><rect/></region>
<text>
<par>
<line>DECilùT du 11 OCîOB.Li) 1958</line>
<line>portant classeoient parmi les Sites de la</line>
<line>‘ Pointe du Van (Finistère),</line></par>
</text>
</block>
<block><region><rect/></region>
<text>
<par>
<line>LB PRBSIDBNl' DU CONSEIL D^S MINISTRES</line></par>
</text>
</block>
<block><region><rect/></region>
<text>
<par>
<line>Sur le rapport du Einistre de l'Education Nationale,</line></par>
</text>
</block>
<block><region><rect/></region>
<text>
<par>
<line>VU la loi du 2 Mai 1930 portant réorganisation de la protec¬</line>
<line>tion des Monuments naturels et des sites de caractère</line>
<line>artistique 5 historique, scientifique, légendaire ou pitto¬</line>
<line>resque et notamment l'article 8;</line></par>
<par>
<line>VU l'avis émis par la Ccmm.ission dépai'tementale des Sites,</line>
<line>perspectives et paysages du Finistère dans sa séance du</line>
<line>16 Janvier 1958;</line></par>
<par>
<line>VU l'avis émis par la Commission S^'périeure des Sites,</line></par>
<par>
<line>perspectives et paysages dans sa séance du 20 Mars 1958;</line></par>
<par>
<line>VU les adhésions au classement données par ;</line></par>
<par>
<line>- le Conseil Municipal de CLEDEN-CÂP-SIZÜN, le 1er Décembre</line>
<line>1957} pour les parcelles n°B 423 s&gt; 424 et 425 Section A^&gt;</line></par>
<par>
<line>- M, CiuiVAL Jean-Yves demeujrant à Kerléo en CLujDEN-CEP-SIZÜIî</line>
<line>le 21 Avril 1956 pour les parcelles n° Ip, 14P et 55P?</line>
<line>Section rI,</line></par>
<par>
<line>- M. G-OAiïDON Henri, demeurant à Kerhuet en CLEDEN-GAP-SIZUN,</line>
<line>le 18 Avril 1958 pour les parcelles n° 303'o, 330pj 332,</line></par>
<par>
<line>3 63 , 37 2 , 3 7 6 , 3 89 , 412 , 4 17 et 426p Section a1,</line></par>
<par>
<line>- K, GOUDEDRANOHE Joseph demeurant à Kertanguy en CIEDEN-CAP-</line>
<line>SIZül\i,' le 17 Avril 1958, pour les parcelles n° 6, 11, 18p,</line>
<line>21, 25, 30, II, 58, 54-0, 70, 78, 85, 90, 91, 92, 328, 329,</line>
<line>330, 403, 404, 406, 419 et 426, Section Al,</line></par>
<par>
<line>- il. GUILLOU Yves demeurant à pLOz-Normand en CIEDEN-CAP-SIZuI\T</line>
<line>le 18 Avril 1958 pour les parcelles n° 99, 123 et 397, Sec¬</line>
<line>tion a1,</line></par>
</text>
</block>

</page>
<page width="2309" height="3192" resolution="300">
<block><region><rect/></region>
<text>
<par>
<line>- 2 -</line></par>
</text>
</block>
<block><region><rect/></region>
<text>
<par>
<line>A</line></par>
</text>
</block>
<block><region><rect/></region>
<text>
<par>
<line>- LàOUüHÜ Jean-Karie, deiiieurant à Kerliuet en CIidDiSN-Ci^P-</line>
<line>SIZIM, le 17 Avril 1958, pour les parcelles n® II2, 306,</line></par>
<par>
<line>312, 316, 330p, 351, 374, 375, 582, 415, 418 et 431,</line></par>
<par>
<line>Section</line></par>
<par>
<line>~ A. KÛBlAAl'n) Jean-£arie, deiaeurant à Keniot en CLADjSW-CAP-</line>
<line>SIZUIî, le 17 Avril 1958,pour la parcelle n® 84p Section</line></par>
<par>
<line>- Mme 7ve YALLY et les héritiers de M, N02MAIID Clet, demeu¬</line>
<line>rant à Kerloch en CLADAh-CAP-SIZIIlî, le 15 Avril 1958 pour</line>
<line>la parcelle n® 402, Section</line></par>
<par>
<line>- M. VIGOUROUA Jean, demeurant à Kerninon en GIAhSY-CAP-SIZIJM,</line>
<line>le 15 ii^vril 1958, pour les parcelles n® 42, 43, 46, 338,</line></par>
<par>
<line>339 et 414, Section Al,</line></par>
<par>
<line>VU les refus d’adhésion au classement donnés par ;</line></par>
<par>
<line>- M, BEIhilAT Yves, Guillaume, demeurant à CLADEIî-CiiP-SIZM,</line>
<line>le 15 Avril 1958, pour les parcelles n® 303p, 314, 330p,</line></par>
<par>
<line>350, 356, 376, 377 et 407 Section Al,</line></par>
<par>
<line>- M. BilEîîEOL Jean Guillaume, demeurant à Kerloch en caLEBEN-</line>
<line>CAP-SIZUK, le 15 Avril 1958, pour la parcelle n® 54, Sec¬</line>
<line>tion Al,</line></par>
</text>
</block>
<block><region><rect/></region>
<text>
<par>
<line>- M, DEUPPIO Henri, demeurant à Kerloden en CLADEN-CAP-SI^M</line>
<line>le 15 Avril 1958, pour les parcelles n® 391 et 429 Section</line></par>
<par>
<line>Al,</line></par>
<par>
<line>- M, GUaZËlîOi-laD Guillaume, demeurant à Kerguioch en CLEDEH-</line>
<line>CAP-SIZIM, le TJ Avril 1958a pour les parcelles n® IO7,</line></par>
<par>
<line>352, 390 et 402p, Section a1,</line></par>
<par>
<line>- M, GUILCEER Guénolé, demeurant à Keryoch en CLEDEH-CAP-</line>
<line>SIZUN le 15 Avril 1958, pour la parcelle n® 420, Section Al,</line></par>
<par>
<line>~ M. GUILL.OU Jean Mathieu, demeurant à Castel en CLEDEN-CAP-</line>
<line>SIZUI^, le 15 Avril 1958 pour la parcelle n® 65p, Section a1,</line></par>
<par>
<line>- Mme JADE Jeanne Yvonne, demeurant à Keriolet en CLEDEH-CAP-</line>
<line>SIZÜH, le 21 Avril 1958, pour les parcelles n® 62, II8,</line></par>
<par>
<line>327, 334, 409 et 4IO Section 4I,</line></par>
<par>
<line>- M, LOUARN Jean-Pierre, demeurent à vertanguy en CLEBEÏÏ-CiJ?-</line>
<line>SIZUR, le 15 Avril 1958, pour les paï^elles n® 378 et 426p</line>
<line>Section Al,</line></par>
</text>
</block>
<block><region><rect/></region>
<text>
<par>
<line>/</line></par>
</text>
</block>


</page>
<page width="2335" height="3211" resolution="300">
<block><region><rect/></region>
<text>
<par>
<line>- 3 “</line></par>
</text>
</block>
<block><region><rect/></region>
<text>
<par>
<line>i/i, jkaUîCEAîïD Yves ilarie, deiaeurant à TroUi^uaren CLLiDjiN-</line>
<line>CAP-SIZUI^, le 15 IS5S pour les parcelles n® 1, 7j</line></par>
<par>
<line>8, I4P, 16, I6p, 32 à 37 inclus, 39 , 40 , 53 , 55 , 59 , 64,</line>
<line>65P, 66 , 71, 75 , 76 , 87 , 86 , 96 , 97, 103, 105, 106, IIO,</line>
<line>III, II4 à II7 inclus, 120, 125, 126, 134, 142, 305, 308</line>
<line>à 3II inclus, 313, 320, 331, 336, 340, 343, 348, 353, 361,</line>
<line>364 à 367 inclus, 369, 426p et 428, Section ,</line></par>
<par>
<line>il. NOiAJiiro Guillaume et Ame îî0Pu,Aîn} Marie-Jeanne, demeu¬</line>
<line>rant à Trouguaren GLojDëN-CAP-SI^Uî'T, le 15 Avril 1958,</line>
<line>pour las jparcelles n® 98, 102, I2Ip, 368, 421 et 426p,</line>
<line>Section a1,</line></par>
<par>
<line>Mme Vve PIRIOU Glet, deu.eurant à KerOj^el en CLADAII-GAP-</line>
<line>SIZUI?, le 15 Avril 1958, pour les parcelles n® 11, llp,</line>
<line>ISp, 52, 60, 64p et 72, Section Al,</line></par>
<par>
<line>ïIRIÛTJ Clôt demeurant‘à Croix Kominon on GLADOK-CAI?"</line>
<line>SIZÜN le .15 Avril 1958, pour les parcelles n® 398 et 399,</line>
<line>Section a1 ,</line></par>
<par>
<line>M, PÛULHAZxvN Clet Marie d.^meurant à îCerguioch en CLADAN-</line>
<line>CAP-SIZIM, le 15 Avril 1958 poirr les parcelles n® 100,</line>
<line>lOI, 303, 330p, 357, 401, 4l9p, 422 et 426p, Section Al,</line></par>
<par>
<line>Mme PRIOL née CixJMMiH, demeurant à Kerléo en CLADAÏÏ-CüP-</line>
<line>SIZUI^ le 15 xxvril 1958, pour les parcelles n® 330p et</line>
<line>358 Section Al,</line></par>
<par>
<line>M, PRIOL Guillaume demeurant à Kériolet en CLMRAN-Ci-J^-</line>
<line>SIZÜII, le 15 Avril 1958, pour les parcelles n® 2, 3, 12,</line></par>
<par>
<line>13 , 23 , 28 , 50 , 51, 57 , 61, 67 , 77 , 81, 83 , 89 , 324 et</line>
<line>325 Section Al,</line></par>
<par>
<line>M. PRIOL Guillaume demeurait à Kerléo en GLnDAK-C*îP-SIZni'T</line>
<line>le 15 Avril 1958, pour la parcelle n® 405 Section Al,</line></par>
<par>
<line>M, RAOUL Guillaume demeurant, à ïrou£^e3?en CLAIiAIî-CiiP-</line>
<line>SIZUK, le 15 avril 1958 pour les parcelles n® 9, 15, 47,</line>
<line>48, 64p, 79, 137, 307, 308, 359, 380,. 381 à 385 inclus,</line>
<line>393, 394, 395, 4II, 4I6, 426p, 432 et 433, Section A-^,</line></par>
<par>
<line>M. RIOU Jean Mathieu demeurant à Trougroren CLMDMK-CAP-</line>
<line>SIZDîC le 15 ^avril 1958, pour les parcelles n® 109, II3,</line>
<line>II9, 122, 127, 129 à 133 inclus, 143, 144, 147, 302, 304,</line>
<line>315, 321, 322, 323, 330p, 333, 344, 349, 362, 370, 379,</line>
<line>386, 387, 392, 596, 413 ©t 426p, Section Al,</line></par>
</text>
</block>
<block><region><rect/></region>
<text>
<par>
<line>/</line></par>
</text>
</block>

</page>
<page width="2332" height="3209" resolution="300">
<block><region><rect/></region>
<text>
<par>
<line>M* TOULLER JG„n-M.:Lrie, demeurant à Trouguer en CLEDEN-CAP^SlZ'iF</line>
<line>le Avril 1958, pour les parcelles Ip, I4P&gt; 55P&gt; IC8, F.'</line>
<line>læ, 138, 140, 317, 318, 319, 338, 339Pr 360 et 426p, sectioxi</line>
<line>Al,</line></par>
<par>
<line>VU les refus des propriétaires suivants de signer toute déclara¬</line>
<line>tion dans les délais qui leur ont été fixés :</line></par>
<par>
<line>M« PILY Je in—Marie, demeurant à Koriolet en CLEDEN'”GAP-SIZUI'J,</line>
<line>pour les parcelles 4, 5, 10, 17, I9'. 26, 2]^ 31, 38, 44-.</line>
<line>45, 49, 56p, 63 , 68 , 73 , 74 , 80 , 82 , 86 , 426p,"427 et 430</line>
<line>Section Al,</line></par>
<par>
<line>- S&amp;ne Yve NCRMAÎID nce J'DE, et le^éri tiers de lïQRMJ^ND. Je n-Yves</line>
<line>demeurant à Kériolet en GLEDEN-CAP-SIZUN, pour les parcelles</line>
<line>1\T° 20, 24, 29, 84p et 408 Section Al,</line></par>
<par>
<line>La Section de l’Intérieur du Gonseil d’Etat entendue;</line></par>
<par>
<line>D E G R E T E</line></par>
<par>
<line>Article 1er - '"it classé parmi les sites pittoresques du départe¬</line>
<line>ment du Finistère, l’ensemble formé sur la commune</line></par>
<par>
<line>de CLEDEW GAP SIZIM par la Pointe du Van, comprenant les parcel-'</line></par>
<par>
<line>les I à 147 inclus et 303 à 433 inclus, section Al,</line></par>
<par>
<line>Article 2 - Le présent décret sera notifié au Préfet du dépar¬</line>
<line>tement du Finistère, au Maire^de la commune de</line></par>
<par>
<line>GLEDEW-GAP-SIZUN et aux propriétaires intéressés.</line></par>
<par>
<line>Article 3 - Il sera transcrit au Bureau des Hypothèques de la</line>
<line>situation du site classé.</line></par>
<par>
<line>Article 4 - Le Ministre de l’Education Rationale est chargé de</line>
<line>l’exécution du présent décret qui sera publié au</line></par>
<par>
<line>Journal Officiel de la République Française,'/,</line></par>
</text>
</block>
<block><region><rect/></region>
<text>
<par>
<line>F: it à Paris, le II a)tobre 1958</line></par>
</text>
</block>
<block><region><rect/></region>
<text>
<par>
<line>Oh, de GAULLE</line></par>
<par>
<line>P.f?r le Président du Conseil des Ministres</line></par>
</text>
</block>
<block><region><rect/></region>
<text>
<par>
<line>Le Ministre de l’Education Ni-tionale</line>
<line>Jean BERTHOIN</line></par>
</text>
</block>
<block><region><rect/><rect/><rect/><rect/></region>
<text>
<par>
<line>Pour ampliation</line>
<line>hlministrateur Civil</line>
<line>charg^-^dee Sites</line></par>
</text>
</block>
<block><region><rect/></region>
<text>
<par>
<line>P, SORLIH</line></par>
</text>
</block>





</page>
</AC2>