<?xml version="1.0" encoding="UTF-8"?><AC2>
<page width="2477" height="3414" resolution="300">
<block><region><rect/></region>
<text orientation="RotatedCounterclockwise">
<par>
<line>lo.'i-o.i-iaii, i-wîj</line></par>
</text>
</block>
<block><region><rect/></region>
<text>
<par>
<line>...:v&gt;niLLîio'&gt; PLiULiyit</line>
<line>n BE5 lu; \ IX-mis.</line></par>
</text>
</block>
<block><region><rect/></region>
<text>
<par>
<line>s O U s-s hXR ]:T A r, 1 A'C It'ET A T</line>
<line>DES BEA.UX-ARTS.</line></par>
<par>
<line>■ ■ ■</line></par>
<par>
<line>t'a) (1 LTïctitffiuTe.</line></par>
</text>
</block>
<block><region><rect/></region>
<text>
<par>
<line>MûKtïESrS HISTDFjgUEi,</line></par>
</text>
</block>
<block><region><rect/></region>
<text>
<par>
<line>Sites et ilontimentfi natîLrelB.</line></par>
</text>
</block>
<block><region><rect/></region>
<text>
<par>
<line>cÂDX.xebLj.</line></par>
</text>
</block>
<block><region><rect/><rect/></region>
<text>
<par>
<line>is Prtsidint du Conssii</line></par>
</text>
</block>
<block><region><rect/><rect/></region>
<text>
<par>
<line>t/e /^y^zsâracltü-n^icz/f/^tie</line></par>
<par>
<line>c/ t/m</line></par>
<par>
<line>/a. fof f/f j2j' rH'-z^ï fj)o6 /ci y^i/'û/tc/Zr/n</line></par>
</text>
</block>
<block><region><rect/></region>
<text>
<par>
<line>f/e.} (ff/ mO'Humenk} neffoer/} r/e Cfiracterr ne^/ti/Zoue ’</line></par>
<par>
<line>/ ■</line></par>
<par>
<line>/ffivj cffUrJ^ffr lu Zlofmn/^Zon f/^iaeâemenltr/; f/cj</line>
<line>tiu/cj i}W/Ufs7if^?ify Uffùm/j é/ff?} .m^eefftFe-f/ff _ ..</line></par>
</text>
</block>
<block><region><rect/><rect/><rect/><rect/><rect/></region>
<text>
<par>
<line>/Jf} /e/î^uçrepfie’?}/' eti. t/ff^p f/f-... yf</line>
<line>^eeù^iftr. ..</line></par>
</text>
</block>
<block><region><rect/></region>
<text>
<par/>
</text>
</block>
<block><region><rect/><rect/></region>
<text>
<par/>
</text>
</block>
<block><region><rect/><rect/></region>
<text>
<par>
<line>tL/tf' la, ^ir(^iox&gt;Züù U' e/ti Z/oip^f^corZlmre f/SlaZ c/ej</line>
<line>^etzpfec - rài^</line></par>
<par>
<line>%</line></par>
</text>
</block>
<block><region><rect/></region>
<text>
<par>
<line>ai^</line></par>
</text>
</block>
<block><region><rect/><rect/><rect/></region>
<text>
<par>
<line>Q :</line></par>
<par>
<line>./ ■ •</line></par>
</text>
</block>
<block><region><rect/></region>
<text>
<par/>
</text>
</block>
<block><region><rect/><rect/></region>
<text>
<par>
<line>C)</line></par>
</text>
</block>
<block><region><rect/></region>
<text>
<par>
<line>/</line></par>
</text>
</block>
<block><region><rect/><rect/><rect/></region>
<text>
<par/>
</text>
</block>
<block><region><rect/></region>
<text>
<par>
<line>/</line></par>
</text>
</block>
<block><region><rect/></region>
<text>
<par>
<line>r</line></par>
</text>
</block>
<block><region><rect/></region>
<text>
<par/>
</text>
</block>
<block><region><rect/></region>
<text>
<par>
<line>■'J</line></par>
</text>
</block>
<block><region><rect/></region>
<text>
<par>
<line>■/</line></par>
</text>
</block>
<block><region><rect/></region>
<text>
<par>
<line>. ^t/&amp;f e/ -Tno^iitme^il^</line></par>
<par>
<line>i/e caracle'^'e,</line></par>
</text>
</block>




























</page>
<page width="2496" height="3320" resolution="300">
<block><region><rect/><rect/><rect/></region>
<text>
<par>
<line>a/?'r€t€ jj^e'?‘€L a/t^</line></par>
<par>
<line>^ // ' /</line></par>
<par>
<line>y.-^JX^AL^ A Au</line></par>
</text>
</block>
<block><region><rect/></region>
<text>
<par>
<line>eA</line></par>
</text>
</block>
<block><region><rect/></region>
<text>
<par>
<line>/</line></par>
</text>
</block>
<block><region><rect/><rect/></region>
<text>
<par>
<line>^(U ^ro^A 7-€^o/i^/^€A^ c^/7ru?i en ce ^ffi - /c</line>
<line>coiifm’nef f/e Ao/i azef 'ff^crn .</line></par>
</text>
</block>
<block><region><rect/></region>
<text>
<par/>
</text>
</block>
<block><region><rect/><rect/></region>
<text>
<par/>
</text>
</block>
<block><region><rect/><rect/><rect/></region>
<text>
<par>
<line>/l</line></par>
</text>
</block>
<block><region><rect/></region>
<text>
<par/>
</text>
</block>
<block><region><rect/></region>
<text>
<par>
<line>r^jJ</line></par>
</text>
</block>
<block><region><rect/></region>
<text>
<par>
<line>jAofff tn*j/re //s / %A*k!f&gt;f*Âto// ^ifi//fyf&lt;&lt;‘</line></par>
<par>
<line>f/ Ai/ ‘^ea/j.r.^^r£/</line></par>
</text>
</block>
<block><region><rect/><rect/></region>
<text>
<par>
<line>e/ ^ii/- it4téoi^n/{r.n .’</line></par>
</text>
</block>



</page>
</AC2>