<?xml version="1.0" encoding="UTF-8"?><AC2>
<page width="2480" height="3508" resolution="300">
<block><region><rect/></region>
<text>
<par>
<line>KM</line></par>
<par>
<line>Ltbcrt/ ■ ■ f^raicrnïlr</line></par>
<par>
<line>RÉPUnuq.UF. Framçaiî E</line></par>
</text>
</block>
<block><region><rect/></region>
<text>
<par>
<line>PREFET DU NORD</line></par>
</text>
</block>
<block><region><rect/></region>
<text>
<par>
<line>Décret n °2014206-0011</line></par>
</text>
</block>
<block><region><rect/></region>
<text>
<par>
<line>signé par</line></par>
<par>
<line>Manuel VALLS, Premier ministre</line></par>
<par>
<line>Ségolène ROYAL, Ministre de l'écologie, du développement durable et de l'énergie</line></par>
<par>
<line>le 25 Juillet 2014</line></par>
</text>
</block>
<block><region><rect/></region>
<text>
<par>
<line>MINISTERES</line></par>
</text>
</block>
<block><region><rect/></region>
<text>
<par>
<line>Décret du 25 juillet 2014 portant classement</line>
<line>parmi les sites du département du Nord, de</line>
<line>l'ensemble formé par le champ de bataille de</line>
<line>Bouvines et ses abords, sur le territoire des</line>
<line>communes d'Anstaing, de Baisieux,</line>
<line>Bourghelles, Bouvines, Camphin- en- Pévèle,</line>
<line>Chéreng, Cysoing, Fretin, Gruson, Louvil,</line>
<line>Sainghin- en- Mélantois et Wannehain</line></par>
</text>
</block>

</page>
<page width="1653" height="2339" resolution="200">
<block><region><rect/></region>
<text>
<par>
<line>RÉPUBLIQUE FRANÇAISE</line></par>
</text>
</block>
<block><region><rect/></region>
<text>
<par>
<line>Ministère de Técologie, du</line>
<line>développement durable et de Ténergie</line></par>
</text>
</block>
<block><region><rect/></region>
<text>
<par>
<line>.'y&lt;'</line></par>
</text>
</block>
<block><region><rect/></region>
<text>
<par/>
</text>
</block>
<block><region><rect/></region>
<text>
<par/>
</text>
</block>
<block><region><rect/></region>
<text>
<par/>
</text>
</block>
<block><region><rect/></region>
<text>
<par>
<line>■■îi,.</line></par>
</text>
</block>
<block><region><rect/></region>
<text>
<par>
<line>de Tensemble</line></par>
</text>
</block>
<block><region><rect/></region>
<text>
<par>
<line>Décret du</line></par>
</text>
</block>
<block><region><rect/><rect/><rect/></region>
<text>
<par>
<line>portant &lt;9@^ement parmi les sites du département du Nord,</line></par>
<par>
<line>ir Iffchamp de&amp;taüle de Bouvines et ses abords, sur le territoire des</line></par>
</text>
</block>
<block><region><rect/><rect/></region>
<text>
<par>
<line>communes dtMstaing, de Baisieux,^oorghelles, Bouviims, Camptàn-en-Pévèle, Chéreng,</line>
<line>Cysf^i^, Fretin, Gruson, Louvil, $ainghin-en-Mélantois et Wannehain</line></par>
</text>
</block>
<block><region><rect/></region>
<text>
<par/>
</text>
</block>
<block><region><rect/></region>
<text>
<par/>
</text>
</block>
<block><region><rect/></region>
<text>
<par>
<line>V</line></par>
</text>
</block>
<block><region><rect/></region>
<text>
<par/>
</text>
</block>
<block><region><rect/></region>
<text>
<par>
<line>NOR:DEVL14I3789D</line></par>
</text>
</block>
<block><region><rect/></region>
<text>
<par>
<line>Le Premier ministre,</line></par>
<par>
<line>Sur le rapport de la ministre de l’écologie, du développement durable et de l’énergie.</line></par>
<par>
<line>Vu le code de l’environnement, notamment ses articles L. 123-1 à L. 123-15, L. 341-1 à L. 341-7,</line>
<line>R. 123-2 à R. 123-27, R. 341-4, R. 341-5 et R. 341-16 ;</line></par>
<par>
<line>Vu les résultats de l’encfuête publique prescrite par arrêté préfectoral du 30 juillet 2013, qui s’est</line>
<line>déroulée du 26 août 2013 au 26 septembre 2013 inclus, et notamment l’absence de consentement de</line>
<line>certains propriétaires ;</line></par>
<par>
<line>Vu la saisine du conseil municipal de Cysoing en date du 2 août 2013 ;</line></par>
<par>
<line>Vu la saisine du conseil municipal de Fretin en date du 2 août 2013 ;</line></par>
<par>
<line>Vu la délibération du conseil municipal de Camphin-en-Pévèle en date du 29 août 2013 ;</line></par>
<par>
<line>Vu la délibération du conseil municipal de Baisieux en date du 10 septembre 2013 ;</line></par>
<par>
<line>Vu la délibération du conseil municipal de Bouvines en date du 13 septembre 2013 ;</line></par>
<par>
<line>Vu la délibération du conseil municipal de Chéreng en date du 19 septembre 2013 ;</line></par>
<par>
<line>Vu la délibération du conseil municipal de Gruson en date du 21 septembre 2013 ;</line></par>
</text>
</block>





</page>
<page width="1706" height="2376" resolution="200">
<block><region><rect/></region>
<text>
<par>
<line>Vu la délibération du conseil municipal d’Anstaing en date du 23 septembre 2013 ;</line></par>
<par>
<line>Vu la délibération du conseil municipal de Bourghelles en date du 23 septembre 2013 ;</line></par>
<par>
<line>Vu la délibération du conseil municipal de Sainghin-en-Mélantois en date du 3 octobre 2013 ;</line></par>
<par>
<line>Vu la délibération du conseil municipal de Louvil en date du 12 décembre 2013 ;</line></par>
<par>
<line>Vu la délibération du conseil municipal de Wannehain en date du 19 décembre 2013 ;</line></par>
<par>
<line>Vu l’avis de Réseau ferré de France en date du 2 septembre 2013 ;</line></par>
<par>
<line>Vu l’avis émis par Réseau de transport d’électricité en date du 26 septembre 2013 ;</line></par>
<par>
<line>Vu l’avis émis par la commission départementale de la nature, des pays^es et des sites du Nord en</line>
<line>sa séance du 28 novembre 2013 ;</line></par>
<par>
<line>Vu î’avis émis par la commission supérieure des sites, perspectives et paysages en sa séance du</line>
<line>22 mai 2014 ;</line></par>
<par>
<line>Vu l’avis de la Société nationale des chemins de fer fiançais en date du 22 mai 2014 ;</line></par>
<par>
<line>Vu l'avis émis par le ministre des finances et des comptes publics en date du 19 juin 2014 ;</line></par>
<par>
<line>Le Conseil d’Etat (section des travaux publics) entendu ;</line></par>
<par>
<line>Considérant que la préservation de l’ensemble formé par le champ de bataille de Bouvines et ses</line>
<line>abords présente, en raison de son caractère historique, un intérêt général au sens de l’article</line>
<line>L. 341-1 du code de l’environnement,</line></par>
</text>
</block>
<block><region><rect/></region>
<text>
<par>
<line>Décrète t</line></par>
</text>
</block>
<block><region><rect/></region>
<text>
<par>
<line>Article 1**^</line></par>
<par>
<line>Est classé parmi les sites du département du Nord, sur le territoire des communes d’Anstaing, de</line>
<line>Baisieux, Bomghelles, Bouvines, Camphin-en-Pévèle, Chéreng, Cysoing, Fretin, Gruson, Louvil,</line>
<line>Sainghin-en-Mélantois et Wannehain, l’ensemble formé par le champ de bataille de Bouvines et ses</line>
<line>abords, d’une superficie d’environ 2 849 hectares, délimité comme suit conformément à la carte au</line>
<line>1/25 000 et aux plans cadastraux annexés au présent décret, et en allant dans le sens des aiguilles</line>
<line>d’une montre :</line></par>
</text>
</block>
<block><region><rect/></region>
<text>
<par>
<line>Commune de Sainghin-en-Mélantois</line></par>
<par>
<line>Section ZK</line></par>
<par>
<line>' Point de départ : intersection de la rue de Lille (D146) et du chemin des Loups, à l’angle sud</line>
<line>de la parcelle 39 ;</line></par>
<par>
<line>’ limite nord-ouest du chemin des Loups jusqu’à l’angle sud-ouest de la parcelle 169 ;</line></par>
</text>
</block>
<block><region><rect/></region>
<text>
<par>
<line>2</line></par>
</text>
</block>

</page>
<page width="1693" height="2367" resolution="200">
<block><region><rect/></region>
<text>
<par>
<line>- limite nord des parcelles 169,125 et 97 ;</line></par>
<par>
<line>- îa traversée du chemin non d&amp;ioimné ;</line></par>
<par>
<line>Section ZB</line></par>
<par>
<line>' limite nord-ouest et nord de la parceüe 177 ;</line></par>
<par>
<line>- limite ouest de la rue du Maréchal Leclercjusqu’àrangîe nord de la parcelle 17 ;</line></par>
<par>
<line>- depuis ce point, la traversée de la rue du Maréchal I^Ictc jusqu’à l’angle nord-ouest de la</line>
<line>parcelle 75 ;</line></par>
<par>
<line>- limite nord-ouest de cette parcelle ;</line></par>
<par>
<line>“ limite sud-ouest de la parcelle 342 ;</line></par>
<par>
<line>- limite nord des parcelles 342,173 et 172 ;</line></par>
<par>
<line>’ limite nord-ouest de la parcelle 197 (chemin non dénommé) ;</line></par>
<par>
<line>Section ZT.</line></par>
<par>
<line>- limite nord des parcelles 29 à 24 ;</line></par>
<par>
<line>- traversée du chemin d’Anstaii^ ;</line></par>
<par>
<line>‘ limite nord des parcelles 30 à 32,36 à 38,42 à 44 ;</line></par>
<par>
<line>Commune d’Anstaing</line></par>
<par>
<line>Section TA</line></par>
<par>
<line>- limite nord des parcelles 13 à 11 ;</line></par>
<par>
<line>- traversée du chemin de la Brasserie ;</line></par>
<par>
<line>Section OA</line></par>
<par>
<line>- traversée de la parcelle 985 (voie ferrée) ;</line></par>
<par>
<line>' limite nord des parcelles 555,881 à 879 ;</line></par>
<par>
<line>- traversée du diemin du Marais ;</line></par>
<par>
<line>- limite nord des parcelles 878 et 1697 ;</line></par>
<par>
<line>Commune de Gruson</line>
<line>Section OA</line></par>
<par>
<line>- traversée de la rue Camille Dufey ;</line></par>
<par>
<line>- limite nord-ouest et nord de la parcelle 1083 ;</line></par>
<par>
<line>' limite nord de la parcelle 566;</line></par>
<par>
<line>- traversée du chemin de la Rivière ;</line></par>
<par>
<line>- limite nord des parcelles 1156, 565 à 563;</line></par>
<par>
<line>Commune de Chéreng</line>
<line>Section TA</line></par>
<par>
<line>- limite nord de la parcelle 58 ;</line></par>
<par>
<line>- traversée de la rue Jean Ochin ;</line></par>
<par>
<line>- limite nord des parcelles 22 à 25 ;</line></par>
<par>
<line>' traversée de l’autoroute dans l’axe de la limite ouest de la parcelle ZB 104 ;</line></par>
<par>
<line>Section ZB</line></par>
<par>
<line>' limite ouest de la parcelle 104 ;</line></par>
<par>
<line>- limite sud des parcelles 105 et 107 ;</line></par>
<par>
<line>- limite sud-est, sud-ouest et nord ouest de la parcelle 111 ;</line></par>
<par>
<line>- limite sud-ouest de la parcelle 183 ;</line></par>
</text>
</block>
<block><region><rect/></region>
<text>
<par>
<line>3</line></par>
</text>
</block>











</page>
<page width="1704" height="2375" resolution="200">
<block><region><rect/></region>
<text>
<par>
<line>“ limite nord-ouest des parcelles 202,195,161,165 et 163 ;</line></par>
<par>
<line>' traversée d’un chemin non dénommé ;</line></par>
<par>
<line>- limite snd-ou^t de la parcelle 157 ;</line></par>
<par>
<line>- limite nord-ouest de la parcelle 167 (chemin) ;</line></par>
<par>
<line>Section AC</line></par>
<par>
<line>- limite sud-ouest des parcelles 126,1 î 6 et 115 ;</line></par>
<par>
<line>’ limites ouest et nord de la parcelle 114;</line></par>
<par>
<line>Section ZB</line></par>
<par>
<line>* limite nord de la parcelle 36 ;</line></par>
<par>
<line>- limite ouest de la rue du Moulin et traversée de cette rue ;</line></par>
<par>
<line>* limite nord de la parcelle 139 ;</line></par>
<par>
<line>- limite ouest de la parcelle 229 ;</line></par>
<par>
<line>- limite sud de la route nationale jusqu’à l’angle nord-est de la parcelle 69 ;</line></par>
<par>
<line>- traversée du chemin du Moulin Marcy ;</line></par>
<par>
<line>Commune de Baisieux</line>
<line>Section ZK</line></par>
<par>
<line>- limite est du chemin de Marcy (ce chemin étant inclus) ;</line></par>
<par>
<line>- limite sud-ouest des parcelles 2 et 3 ;</line></par>
<par>
<line>* limite est (pour partie) de la parcelle 3 ;</line></par>
<par>
<line>* limite sud-ouest de la parcelle 4 ;</line></par>
<par>
<line>' traversée et limite est du Chemin Perdu jusqu’ à T angle sud-est de la parcelle 7 ;</line></par>
<par>
<line>■ dans le prolongement de cette parcelle, Ugne droite fictive traversant les parcelles 12 et 13 et</line>
<line>la rue de Saint-Amand (route départementale n“ 90) ;</line></par>
<par>
<line>Section 2H</line></par>
<par>
<line>- limite ouest de la parcelle 90 ;</line></par>
<par>
<line>' ligne fictive traversant la parcelle 90, dans le prolongement de la limite sud de îa</line>
<line>parcelle 89 ;</line></par>
<par>
<line>- limite sud de la parcelle 89 ;</line></par>
<par>
<line>- limites ouest et nord de la parcelle 78;</line></par>
<par>
<line>- traversée du chemin rural ;</line></par>
<par>
<line>- limites sud-ouest et est de la parcelle 2 ;</line></par>
<par>
<line>- limite sud de la rue de Lille (route nationale n°41 de Lille à Tournai) ;</line></par>
<par>
<line>- limite est de la parcelle 174 ;</line></par>
<par>
<line>- limites sud et est de îa parcelle 5 ;</line></par>
<par>
<line>- limite sud de la rue de Lille (route nationale n® 41 de Lille à Tournai) ;</line></par>
<par>
<line>- limite nord-est de la parcelle 9 ;</line></par>
<par>
<line>- traversée, puis limite est de îa rue de Cysoing ;</line></par>
<par>
<line>- limite sud des parcelles 56,127, 128,54 et 53 (autoroute A 27) ;</line></par>
<par>
<line>Section ZI</line></par>
<par>
<line>- traversée de l’autoroute dans le prolonganent de la limite ouest de îa parcelle 32 ;</line></par>
<par>
<line>- limite ouest de cette parcelle ;</line></par>
<par>
<line>- limite nord-est de la parcelle 42 ;</line></par>
<par>
<line>- limite nord-ouest des parcelles 42 et 44;</line></par>
<par>
<line>- limites nord-est et nord-ouest de la parcelle 36 ;</line></par>
<par>
<line>Commune de Camphin-en-Pévèie</line></par>
</text>
</block>
<block><region><rect/></region>
<text>
<par>
<line>4</line></par>
</text>
</block>






</page>
<page width="1700" height="2372" resolution="200">
<block><region><rect/></region>
<text>
<par>
<line>Section 7J.</line></par>
</text>
</block>
<block><region><rect/></region>
<text>
<par>
<line>- limite ouest des parcelles 29 et 28 ;</line></par>
<par>
<line>- limite sud-ouest des parcelles 28,29 et 31 ;</line></par>
<par>
<line>Section OA</line></par>
<par>
<line>- limite sud-ouest des parcelles 456,442,414 et 415 ;</line></par>
<par>
<line>- limite sud-est des parcelle 415,4Î3,411,409,407 et 406 ;</line></par>
<par>
<line>- limite sud-ouest des parcelles 405 à 403 ;</line></par>
<par>
<line>- limite sud-est des parcelles 403 à 401 ;</line></par>
<par>
<line>- limite sud de la parcelle 44 ;</line></par>
<par>
<line>Section OB</line></par>
<par>
<line>- limite sud de la parcelle 1702 ;</line></par>
<par>
<line>- limite sud-ouest de la parcelle 1700 ;</line></par>
<par>
<line>* traversée du chemin c.v.o. n° 1 de Gnison à Camphin ;</line></par>
<par>
<line>- limite nord-est des parcelles 1340 ^ 240 ;</line></par>
<par>
<line>■ limite nord-ouest des parcelles 240,1346 et 1345 ;</line></par>
<par>
<line>- limite sud-oufôt des parcelles 1345,1346,1343 (non comprise dans le site) et 939 ;</line></par>
<par>
<line>Section ZK</line></par>
<par>
<line>- traversée de la rue de Cysoing ;</line></par>
<par>
<line>- limites nord-ouest et nord (pour partie) de la parcelle 22 ;</line></par>
<par>
<line>- limite nord-ou^t des parcelles 23 et 24 ;</line></par>
<par>
<line>- limite nord-est de la parcelle 24 ;</line></par>
<par>
<line>Section ZI</line></par>
<par>
<line>- limite sud-est des parcelles 54 et 56 ;</line></par>
<par>
<line>Section OB</line></par>
<par>
<line>- limite sud-est de la parcelle 362 ;</line></par>
<par>
<line>Section ZI</line></par>
<par>
<line>- ligne droite fictive, depuis Tangle nord-est de la parcelle 362 jusqu’à un point situé sur la</line>
<line>limite est de la parcelle ZI 64, à 190 m de son angle sud-est ;</line></par>
<par>
<line>- limite ouest de la parcelle 6 sur une distance de 60 m ;</line></par>
<par>
<line>- depuis ce point, traversée de la parcelle 6 par une ligne fictive parallèle à la limite nord de</line>
<line>cette parcelle, sur une distance de ï 65 m, jusqu’au milieu de la parcelle 7 ;</line></par>
<par>
<line>- de ce point, ligne fictive parallèle à la limite est de la parcelle 7, jusqu’à sa limite sud ;</line></par>
<par>
<line>- limita sud et nord-est de la parcelle 7 ;</line></par>
<par>
<line>- limite nord-est des parcelles 136 et 13 9 ;</line></par>
<par>
<line>- limite est de la parcelle 13 9 ;</line></par>
<par>
<line>- limite sud-est des parcelles 12 à 16 ;</line></par>
<par>
<line>Section OB</line></par>
<par>
<line>- limite sud-est de la parcelle 1925 ;</line></par>
<par>
<line>- traversée du chemin rural ;</line></par>
<par>
<line>- limite ouest de la parcelle 497 ;</line></par>
<par>
<line>Section ZI</line></par>
<par>
<line>- limite ouest de la parcelle î 7 ;</line></par>
<par>
<line>- limites nord et ouest de la parcelle 18 ;</line></par>
</text>
</block>
<block><region><rect/></region>
<text>
<par>
<line>5</line></par>
</text>
</block>















</page>
<page width="1698" height="2371" resolution="200">
<block><region><rect/></region>
<text>
<par>
<line>- limite sud (pour partie) de la parcelle 29 ;</line></par>
<par>
<line>- trav^ée de la rue de la Justice ;</line></par>
<par>
<line>Section ZH</line></par>
<par>
<line>- limite est de la parcelle 7 ;</line></par>
<par>
<line>- limites sud et est de la parcelle 183 ;</line></par>
<par>
<line>- ligne fictive traversant les parcelles 9, 17, 18 et la route de Camphin, dans le prolongement</line>
<line>de la limite nord de la parcelle 114 ;</line></par>
<par>
<line>- limite nord de cette parcelle ;</line></par>
<par>
<line>' frontière belge;</line></par>
<par>
<line>Commune de Wamteliaiii</line></par>
<par>
<line>Section ZC</line></par>
<par>
<line>- frontière belge ;</line></par>
<par>
<line>' limite sud de la parcelle 31 ;</line></par>
<par>
<line>- limite ouest de la parcelle 26 ;</line></par>
<par>
<line>- limite nord des parcelles 89,90,28,29 et 30 ;</line></par>
<par>
<line>- traversée de la rue de la Justice ;</line></par>
<par>
<line>~ limite est de la parcelle 57 ;</line></par>
<par>
<line>- limite nord-est des parcelle 57,1 et 86 ;</line></par>
<par>
<line>“ limite ou^ ^ur partie) de la parcelle 2 ;</line></par>
<par>
<line>- traversée de la route de Camphin ;</line></par>
<par>
<line>Section ZB</line></par>
<par>
<line>- limite sud de la parcelle 79 ;</line></par>
<par>
<line>- limite ouest de la parcelle 44 ;</line></par>
<par>
<line>“ traversée de la rue de la Vache Bleue ;</line></par>
<par>
<line>- limite sud de la rue de la Vache bleue ;</line></par>
<par>
<line>Section 7Æ</line></par>
<par>
<line>- limite sud de la rue de la Vache Bleue ;</line></par>
<par>
<line>• limites ouest et sud de la parcelle 196 ;</line></par>
<par>
<line>- limite ouest des parcelles 27 et 26 ;</line></par>
<par>
<line>‘ limite nord de la parcelle 26 ;</line></par>
<par>
<line>- limite ^ des parcelles 26 à 28 ;</line></par>
<par>
<line>- depuis Tangle nord-est de la parcelle 211, traversée de la rue de Camphin ;</line></par>
<par>
<line>Section ZC</line></par>
<par>
<line>*■ limite ouest des parcelles 30 et 31 ;</line></par>
<par>
<line>Section ZE</line></par>
<par>
<line>- limite ouest de la parcelle 194 ;</line></par>
<par>
<line>- traversée de la rue de la Chapelle ;</line></par>
<par>
<line>- limite ouest de la parcelle 240;</line></par>
<par>
<line>- limite nord de la parcelle 237 ;</line></par>
<par>
<line>- limite est des parcelles 218,221 et 224 ;</line></par>
<par>
<line>- limite ouest de la parcelle 225 ;</line></par>
<par>
<line>- limite sud des parcelles 225 et 228 ;</line></par>
<par>
<line>' traversée de la route de la Chapelle ;</line></par>
<par>
<line>’ limite sud des parcelles 172,98,37 et 39 ;</line></par>
<par>
<line>- limitfô ouest et nord de la parcelle 50 ;</line></par>
</text>
</block>
<block><region><rect/></region>
<text>
<par>
<line>6</line></par>
</text>
</block>








</page>
<page width="1692" height="2366" resolution="200">
<block><region><rect/></region>
<text>
<par>
<line>- limite est de la parcelle 49 ;</line></par>
<par>
<line>- limite sud de la parcelle 51 ;</line></par>
<par>
<line>- traversée de la rue de la Justice ;</line></par>
<par>
<line>- limite est des parcelles 69 et 112;</line></par>
<par>
<line>* limite sud des parcelles 122 et 66 ;</line></par>
<par>
<line>" limite est de la parcelle 63 ;</line></par>
<par>
<line>- limite est du chemin rural dénommé « allée de la voie de pierres</line></par>
<par>
<line>- limite ouest des parcelles 59 et 57 ;</line></par>
<par>
<line>Section OB</line></par>
<par>
<line>* limite est de la parcelle 247 ;</line></par>
<par>
<line>' traveisée de la route de Bachy, puis limite ouest de cette route ;</line></par>
<par>
<line>- limite sud de la parcelle 248 ;</line></par>
<par>
<line>Commune de Boorghelies</line></par>
<par>
<line>Section 2^</line></par>
<par>
<line>“ limite sud des parcelles 138,139,142, 143, Î45,146 à 149 ;</line></par>
<par>
<line>- limite ouest de la parcelle 149 ;</line></par>
<par>
<line>- traversée de la parcelle 156 (chemin rural) ;</line></par>
<par>
<line>‘ limite ouest des parcelles 150 et 151 ;</line></par>
<par>
<line>- limite nord des parcelles 152 à 155 ;</line></par>
<par>
<line>- limites nord et ouest.de la parcelle 231 ;</line></par>
<par>
<line>Section OB</line></par>
<par>
<line>- limite sud de la parcelle 1172 (chemin rural) ;</line></par>
<par>
<line>- limite ouest de la parcelle 643 ;</line></par>
<par>
<line>- limite sud des parcelles 643, 618 et 1174 ;</line></par>
<par>
<line>- limite ouest de la parcelle 1174 (rue Maurice Molhant) ;</line></par>
<par>
<line>- traversée de la route de Valencienne ;</line></par>
<par>
<line>Commune de Cysoing</line></par>
<par>
<line>Section OD</line></par>
<par>
<line>- limite est de la parcelle 931 ;</line></par>
<par>
<line>- limite sud des parcelle 931 et 516 ;</line></par>
<par>
<line>- limite est des parcelles 525,523 et 389 ;</line></par>
<par>
<line>- limite nord de la parcelle 388 ;</line></par>
<par>
<line>- limite est de la parcelle 386 ;</line></par>
<par>
<line>“ traversée du chemin forestier ;</line></par>
<par>
<line>- limite nord des parcelle 545,362 et 361 ;</line></par>
<par>
<line>- traversée de nouveau du chemin forestier ;</line></par>
<par>
<line>- limite nord des parcelles 354 à 346,717,716 et 344 ;</line></par>
<par>
<line>- limite ouest pour partie de la parcelle 344 ;</line></par>
<par>
<line>- traversée du chemin dos Bruyère ;</line></par>
<par>
<line>- limite nord des parcelles 421,424 à 427 ;</line></par>
<par>
<line>- limite ouest, pour partie, de la parcelle 427 ;</line></par>
<par>
<line>- traversée du chemin forestier ;</line></par>
<par>
<line>‘ limite nord de la parcelle 435 ;</line></par>
<par>
<line>“ limite ouest de la parcelle 434 ;</line></par>
<par>
<line>- limite sud de la parcelle 474 ;</line></par>
<par>
<line>- limite ouest des parcelles 473 et 472 ;</line></par>
</text>
</block>







</page>
<page width="1704" height="2375" resolution="200">
<block><region><rect/></region>
<text>
<par>
<line>- traversée du chemin du bois de Coibrieux ;</line></par>
<par>
<line>- limite sud de la parcelle 661 ;</line></par>
<par>
<line>- limite est de la parcelle 1012 ;</line></par>
<par>
<line>' limite nord des parcelle 1012 et 1013 ;</line></par>
<par>
<line>- limite ouest de la parcelle 1013 ;</line></par>
<par>
<line>- limite sud des parcelles 758,610,611 à 613,798 ;</line></par>
<par>
<line>' limite ouest de la parcelle 799 ;</line></par>
<par>
<line>- traversée de la route de Genech ;</line></par>
<par>
<line>Section OC</line></par>
<par>
<line>- limite sud des parcelles 751 à 743 ;</line></par>
<par>
<line>■ limite ouest de la parcelle 743 ;</line></par>
<par>
<line>- limite sud de la parcelle 742 ;</line></par>
<par>
<line>- traversée de la route de Louvil ;</line></par>
<par>
<line>- limite ouest de la parcelle 837 ;</line></par>
<par>
<line>• limite nord de la parcelle 762 ;</line></par>
<par>
<line>- limite commimale Cysoing/Louvil ;</line></par>
<par>
<line>Commune de Louvil</line>
<line>Section OA</line></par>
<par>
<line>- limite sud-ouest des parcelles 377,379, 380 et 400 ;</line></par>
<par>
<line>- limite ouest de la parcelle 400 ;</line></par>
<par>
<line>" traversée du chemin de la pâture Saint-Pierre, parcelle 628 ;</line></par>
<par>
<line>- limites sud, est et nord de la parcelle 398 puis de la parcelle 382 ;</line></par>
<par>
<line>- limite ouest des parcelles 387 et 386 ;</line></par>
<par>
<line>- limite nord de la parcelle 386 ;</line></par>
<par>
<line>- limite est des parcelles 385 et 1234 ;</line></par>
<par>
<line>Commune de Cysoing</line></par>
<par>
<line>Section OC</line></par>
<par>
<line>- limite ouest de la parœlle 614 ;</line></par>
<par>
<line>■ limite sud du chemin de Louvil ;</line></par>
<par>
<line>- limite commimale Cysoing/Louvil ;</line></par>
<par>
<line>Commune de Louvil</line>
<line>Section OA</line></par>
<par>
<line>- limite est de la rue de Bouvines ;</line></par>
<par>
<line>’ limite sud-est du chemin non dénommé ;</line></par>
<par>
<line>Section TA</line></par>
<par>
<line>- limite sud-ouest du chemin non dénommé ;</line></par>
<par>
<line>' limite sud de la rue de Péroime ;</line></par>
<par>
<line>Section OC</line></par>
<par>
<line>- limite sud de la rue de Péronne ;</line></par>
<par>
<line>- traversée de la rivière Marque ;</line></par>
<par>
<line>- limites sud et sud-ouest de la parcelle 924 ;</line></par>
<par>
<line>' limite communale Louvil/Péronne-en-Mé1antois;</line></par>
</text>
</block>









</page>
<page width="1681" height="2359" resolution="200">
<block><region><rect/></region>
<text>
<par>
<line>Commune de Cysoing</line></par>
<par>
<line>Section OC</line></par>
<par>
<line>■ limite commimaîe Cysoing^éroime-en-Métotois;</line></par>
<par>
<line>* limite est de la me du bas Sainghin ;</line></par>
<par>
<line>■ limite sud-ouest de la parcelle 7 ;</line></par>
<par>
<line>- limite est des parcelles 7 et 8 ;</line></par>
<par>
<line>• limite nord-ouest de la parcelle 8 ;</line></par>
<par>
<line>- limite communale Cysoing/Sainghin-en-Mélautois ;</line></par>
<par>
<line>Commune de Sainghln-en-Mélantois</line>
<line>Section ZN</line></par>
<par>
<line>- limite nord de la parcelle 194 ;</line></par>
<par>
<line>- traversée de la parcelle 200 (chemin rural) ;</line></par>
<par>
<line>- limite sud des parcelles 113,62 et 45 ;</line></par>
<par>
<line>- limite nord de la parcelle 13 î ;</line></par>
<par>
<line>- limite sud des parcelles 43,44,137,139,156,40, 39,35 à 32,24,168,167, 174 et 116 ;</line></par>
<par>
<line>- traversée de la parcelle 118 (chemin rural) ;</line></par>
<par>
<line>Commune de Fretin</line></par>
<par>
<line>Section ZD</line></par>
<par>
<line>- limite nord des parcelles 1125 et 971 ;</line></par>
<par>
<line>' limite nord-est des parcelles 969,323 à 321 ;</line></par>
<par>
<line>- traversée du chemin rural ;</line></par>
<par>
<line>- limite sud-ouest des parcelles 134 à 132, 129 ;</line></par>
<par>
<line>' ligne fictive depuis l’angle ouest de la parcelle 129 jusqu’à Tangle nord-est de la parcelle</line>
<line>308, en passant par l’angle sud-ouest de la parcelle 125 ;</line></par>
<par>
<line>Commune de Sainghln-en-Mélantois</line></par>
<par>
<line>Section ZE</line></par>
<par>
<line>- ligne fictive, de l’angle sud-est de la parcelle 63 à l’angle sud-ouest de la parcelle 71 ;</line></par>
<par>
<line>Section ZH</line></par>
<par>
<line>- ligne fictive, de l’angle sud-ouest de la parcelle ZE 71 à l’angle nord-ouest de la parcelle</line>
<line>190;</line></par>
<par>
<line>- traversée du chemin de Gamand ;</line></par>
<par>
<line>■ limite sud-ouest de la parcelle 273 ;</line></par>
<par>
<line>- limite ouest des parceUes 273,271,269,267,265 et 264 ;</line></par>
<par>
<line>■ ligne fictive, depuis l’angle ouest de la parcelle 264 jusqu’au point de départ du périmètre</line>
<line>(section ZK).</line></par>
</text>
</block>
<block><region><rect/></region>
<text>
<par>
<line>Article 2</line></par>
<par>
<line>Sont exclus du périmètre de classement les ensembles définis comme suit, conformément à la carte</line>
<line>au 1/25 000 et aux plans cadastraux annexés au présent décret, en allant dans le sens des aiguilla</line>
<line>d’une montre :</line></par>
<par>
<line>Première zone exclue :</line></par>
</text>
</block>
<block><region><rect/></region>
<text>
<par>
<line>9</line></par>
</text>
</block>










</page>
<page width="1681" height="2359" resolution="200">
<block><region><rect/></region>
<text>
<par>
<line>Commune de Saînghin-en-Mélantois</line>
<line>Section ZB</line></par>
<par>
<line>- point de départ : me de Lille, à l’angle nord-est de la parcelle 216 ;</line></par>
<par>
<line>' limite nord de cette parcelle ;</line></par>
<par>
<line>- limite nord de la me du Grand Sain^in ;</line></par>
<par>
<line>- limites sud-ouest et nord-ou^t de la parcelle 341 ;</line></par>
<par>
<line>“ limita sud-ouest et sud-est de la parcelle 351 ;</line></par>
<par>
<line>- limite nord-est de la parcelle 348 ;</line></par>
<par>
<line>- limite nord de la me du Grand Sainghin ;</line></par>
<par>
<line>- limite sud-ouest de la parcelle 333 ;</line></par>
<par>
<line>- limite ouest de la parcelle 354 ;</line></par>
<par>
<line>- limite noid-ouest des parcelles 354 et 359 ;</line></par>
<par>
<line>- limite nord-est de la parcelle 359 ;</line></par>
<par>
<line>' limites nord-ouest et sud-ouest de la parcelle 360 ;</line></par>
<par>
<line>Section OA</line></par>
<par>
<line>- traversée de la me du Grand Sain^in, puis limite sud de cette me ;</line></par>
<par>
<line>- limite sud-ouest de la parcelle 124 ;</line></par>
<par>
<line>- limite nord-est de la parcelle 552 ;</line></par>
<par>
<line>- ligne droite fictive prolongeant la limite nord-est de cette parcelle ;</line></par>
<par>
<line>Section ZB</line></par>
<par>
<line>- traversée de la me du Grand Sainghin, puis limite nord de cette me ;</line></par>
<par>
<line>- traversée du chemin des Loups, puis limite nord de ce chemin ;</line></par>
<par>
<line>- limite nord de la me Neuve ;</line></par>
<par>
<line>- limite sud-est de la parcelle 17 ;</line></par>
<par>
<line>- traversée de la me du Maréchal Leclerc, puis limite est de cette me ;</line></par>
<par>
<line>- limite nord de la me du Cimetière ;</line></par>
<par>
<line>’ limite nord-ouest des parcelles 79 et 85 ;</line></par>
<par>
<line>■ limite nord-est de la parcelle 85 ;</line></par>
<par>
<line>- limite sud-est des parcelle 85 et 79 ;</line></par>
<par>
<line>- limite nord de la me du Cimetière ;</line></par>
<par>
<line>- traversée de la route d’Anstaing ;</line></par>
<par>
<line>Section ZC</line></par>
<par>
<line>- limite nord de la me Pasteur ;</line></par>
<par>
<line>- limite sud-est de la parcelle 17 ;</line></par>
<par>
<line>- depuis l’angle nord-est de cette parcelle, traversée de la parcelle 18 par une ligne fictive</line>
<line>prolongeant la limite nord-est de la parcelle 17 ;</line></par>
<par>
<line>- limite sud-est de la parcelle 18 ;</line></par>
<par>
<line>- traversée de la parcelle 63 par une ligne fictive prolongeant la limite sud-ouest de la</line>
<line>parcelle 33, puis limite sud-ouest de cette parcelle 33 ;</line></par>
<par>
<line>- limite sud-est de la parcelle 682 ;</line></par>
<par>
<line>- traversée de la me Pasteur ;</line></par>
<par>
<line>Section OB</line></par>
<par>
<line>• limite sud de la me Pasteur, puis traversée de cette rue ;</line></par>
<par>
<line>- limites nord-ouest et nord-est de la parcelle 2092 ;</line></par>
<par>
<line>Section ZC</line></par>
</text>
</block>
<block><region><rect/></region>
<text>
<par>
<line>10</line></par>
</text>
</block>













</page>
<page width="1687" height="2363" resolution="200">
<block><region><rect/></region>
<text>
<par>
<line>- limites nord-ouest, nord-^t et sud-est de la parcelle 37 ;</line></par>
<par>
<line>Section OB</line></par>
<par>
<line>- limite sud-est de la parcelle 2092 ;</line></par>
<par>
<line>- limite nord de la rue Pasteur ;</line></par>
<par>
<line>- limites nord-ouest, nord-est et sud-est de la parcelle 690 ;</line></par>
<par>
<line>Section ZC</line></par>
<par>
<line>- limite nord de la rue Pasteur ;</line></par>
<par>
<line>- limites nord-ouest, nord-est et sud-est de la parcelle 254 ;</line></par>
<par>
<line>- limite nord de la rue Pasteur ;</line></par>
<par>
<line>Section OB</line></par>
<par>
<line>- limites nord-ouest et nord-est de la parcelle Î479 ;</line></par>
<par>
<line>- limite nord-ouest de la parcelle 2271 ;</line></par>
<par>
<line>Section ZC</line></par>
<par>
<line>- limites sud-ouest, nord-ouest et nord-est de la parcelle 54 ;</line></par>
<par>
<line>- limite nord-ouest de la parcelle 59 ;</line></par>
<par>
<line>- limites sud-ouest et nord-ouest de la parcelle 52 ;</line></par>
<par>
<line>- linute sud-ouest du chemin du Mont des Tombes ;</line></par>
<par>
<line>- limite nord-ouest de la rue Pasteur, puis traversée de cette rue ;</line></par>
<par>
<line>- limitesest et sud delaparcelle 1762 ;</line></par>
<par>
<line>- limite nord de la parcelle 1770 ;</line></par>
<par>
<line>- limite ouest de la parcelle î 769 ;</line></par>
<par>
<line>- limite nord des parcelles 2193, 2192 à 2189 ;</line></par>
<par>
<line>- limite est des parceËes 1693 et 1692 ;</line></par>
<par>
<line>- limite nord de la parcelle 1519 (ruisseau inclus dans le site) ;</line></par>
<par>
<line>- limite nord de la parcelle 671 ;</line></par>
<par>
<line>- traversée de l’avenue du Bois;</line></par>
<par>
<line>" limites nord-est, nord-ouest, sud-ouest et sud de la parcelle 1715 ;</line></par>
<par>
<line>- traversée de l’avenue du Bois ;</line></par>
<par>
<line>" îimiteou^tde la parcelle 1519 ;</line></par>
<par>
<line>Section ZC</line></par>
<par>
<line>- limite ouest de la parcelle 14 ;</line></par>
<par>
<line>“ traversée du chemin rural ;</line></par>
<par>
<line>’ limites ouest et sud-ouest de la parcelle 169 ;</line></par>
<par>
<line>- limite est des parcelles 230 à 222,220 ;</line></par>
<par>
<line>- limite nord de la rue de Lille ;</line></par>
<par>
<line>Section OB</line></par>
<par>
<line>- limite nord de la rue de Lille ;</line></par>
<par>
<line>" limite sud-est des parcelles ÎOÎSeî 1019 (pour partie) ;</line></par>
<par>
<line>- limite sud de la rue de la Marque puis traversée de cette rue ;</line></par>
<par>
<line>- limites nord et sud-est de la parcelle 748 ;</line></par>
<par>
<line>■ limite sud-ouest des parcelles 749 et 1752 ;</line></par>
<par>
<line>■ limite sud est des parcelles 1749 et î 750 ;</line></par>
<par>
<line>' limite sud-ouest de la parcelle 1751 ;</line></par>
<par>
<line>- limite nord-est du chemin du Pont de Bouvinfô ;</line></par>
<par>
<line>- limites nord-ouest, nord-est et sud-est de la parcelle 1525 ;</line></par>
<par>
<line>- limite est du chemin du Pont de Bouvines ;</line></par>
</text>
</block>








</page>
<page width="1692" height="2366" resolution="200">
<block><region><rect/></region>
<text>
<par>
<line>- limite nord-ouest de la parcelle 781 ;</line></par>
<par>
<line>- limite nord-est p^celles 78 î à 785 ;</line></par>
<par>
<line>- limite sud-esî de la parcelle 785 ;</line></par>
<par>
<line>- traves^ée de la rue de Lille ;</line></par>
<par>
<line>- traversée du chemin du Pont de Bouvines ;</line></par>
<par>
<line>- limite nord de la parcelle 2118;</line></par>
<par>
<line>- ttaversée de la rue du Bas Sain^in ;</line></par>
<par>
<line>Section ZD</line></par>
<par>
<line>- limite ouest de la me du Bas Sainghin;</line></par>
<par>
<line>“ limite nord du chemin Delattre ;</line></par>
<par>
<line>• limite sud-ouest de la parcelle 348 ;</line></par>
<par>
<line>- limite nord-ouest des parcelles 348 et 351 ;</line></par>
<par>
<line>- limite ouest de la parcelle î 72 ;</line></par>
<par>
<line>- ligne fictive prolongeant cette limite jusqu’à l’angle sud-ouest de la parcelle 203 ;</line></par>
<par>
<line>- limite ouest des parcelles 203 et 366 ;</line></par>
<par>
<line>' traversée de la rue de Péronne, puis limite ouest de cette rue ;</line></par>
<par>
<line>' limite ouest de la rue de Lille ;</line></par>
<par>
<line>- limite nord-est de la parcelle 45 ;</line></par>
<par>
<line>- limite sud-est des parcelles 42 et 41 ;</line></par>
<par>
<line>- limite sud-ouest des parcelles 41,356 et 205 ;</line></par>
<par>
<line>- limite ouest de la parcelle 35 (pour partie) ;</line></par>
<par>
<line>- traversée du chemin rural ;</line></par>
<par>
<line>Section ZE</line></par>
<par>
<line>- limite sud des parcelles 21 et 204 ;</line></par>
<par>
<line>- traversée de la parcelle 202 ;</line></par>
<par>
<line>- limite sud-ouest de la parceUe 318 ;</line></par>
<par>
<line>- limite nord-ouest de la parcelle 17 ;</line></par>
<par>
<line>- limite nord de la parcelle 104 (chemin) ;</line></par>
<par>
<line>- traversée de la rue du Fort ;</line></par>
<par>
<line>Section 2H</line></par>
<par>
<line>- limite nord-ouest de la rue du Fort ;</line></par>
<par>
<line>- limite sud-ouest de la parcelle 55 ;</line></par>
<par>
<line>- limite nord-ouest des parcelles 55 et 54 ;</line></par>
<par>
<line>- limite nord-est de la parcelle 56 ;</line></par>
<par>
<line>- traversée du chemin de Gamand, puis limite nord de ce chemin ;</line></par>
<par>
<line>' limite sud-ouest des parcelles 443,123,40,39, 290 et 226 ;</line></par>
<par>
<line>- limite nord-ouest de la parceUe 226 ;</line></par>
<par>
<line>- limite sud de la rue de Lille ;</line></par>
<par>
<line>- limites sud-est et sud-ouest de la parcelle 216 ;</line></par>
<par>
<line>Section 7M</line></par>
<par>
<line>- traversée du chemin Perdu ;</line></par>
<par>
<line>- limite sud-ouest des parcelles Î42, 141 et 134 ;</line></par>
<par>
<line>- limite sud-ouest de la parcelle 135 jusqu’à un point situé dans le prolongement de la limite</line>
<line>nord-ouest de la parcelle 137 ;</line></par>
<par>
<line>- ligne fictive prolongeant la limite nord-ouest de la parcelle 137, traversant les parcelles</line>
<line>135 et 113 ;</line></par>
<par>
<line>- traversée de la rue de Lille selon cette ligne fictive, puis limite nord-est de cette rue jusqu’au</line>
<line>point de départ.</line></par>
</text>
</block>
<block><region><rect/></region>
<text>
<par>
<line>12</line></par>
</text>
</block>




</page>
<page width="1691" height="2365" resolution="200">
<block><region><rect/></region>
<text>
<par>
<line>Seconde zone exciae :</line></par>
</text>
</block>
<block><region><rect/></region>
<text>
<par>
<line>Commune de Sainghln-en-Mélantois</line></par>
<par>
<line>Section ZN</line></par>
<par>
<line>- point de départ : l’angle nord-ouest de la parcelle 180 ;</line></par>
<par>
<line>' limite sud du chemin Delattre ;</line></par>
<par>
<line>- limites noid-fôt et sud-est de la parcelle 58 ;</line></par>
<par>
<line>- limites est et sud de la parcelle 50 ;</line></par>
<par>
<line>- limites est, sud et ouest de la parcelle 51 ;</line></par>
<par>
<line>- traversée de la rue de Péronne ;</line></par>
<par>
<line>Section ZD</line></par>
<par>
<line>- limite sud-est de la rue de Péronne, puis traversée de cette rue au droit du point de départ.</line></par>
</text>
</block>
<block><region><rect/></region>
<text>
<par>
<line>Troisième zone exclue :</line></par>
</text>
</block>
<block><region><rect/></region>
<text>
<par>
<line>Commune de Bouvines</line></par>
<par>
<line>Section ZC</line></par>
<par>
<line>- point de départ : l’angle sud-ouest de la parcelle 268 ;</line></par>
<par>
<line>- limite ouest des parcelles 268 et 269 ;</line></par>
<par>
<line>- limite est du chemin du Marais ;</line></par>
<par>
<line>- traversée de la rue du Maréchal Foch ;</line></par>
<par>
<line>- limita ouest et nord de la parcelle 255 ;</line></par>
<par>
<line>- limite nord de la parcelle 274 ;</line></par>
<par>
<line>- traversée de la me d’Infière et limite est de cette rue ;</line></par>
<par>
<line>- limites nord-est et sud-est de la parcelle 66 ;</line></par>
<par>
<line>- traversée de la parcelle 69 selon une ligne fictive prolongeant la limite sud-ouest de la</line>
<line>parcelle 66 ;</line></par>
<par>
<line>- traversée de la rue du Maréchal Jofô^e ;</line></par>
<par>
<line>- limite communale Bouvines / Cysoing ;</line></par>
<par>
<line>Commune de Cysoing</line>
<line>Section ZN</line></par>
<par>
<line>- ligne fictive prolongeant la limite nord de la sous-parcelle bâtie 49 et traversant la</line>
<line>parcelle 48 ;</line></par>
<par>
<line>- limites nord et est de la sous-parcelle bâtie 49 ;</line></par>
<par>
<line>- limite nord de la parcelle 54 ;</line></par>
<par>
<line>- limites nord et est de la parcelle 55 ;</line></par>
<par>
<line>- limite nord de la rue Félix Dehau ;</line></par>
<par>
<line>Commune de Bouvines</line>
<line>Section OA</line></par>
<par>
<line>- traversée de la me Félix Dehau ;</line></par>
<par>
<line>- limite ouest de la route de Louvil ;</line></par>
<par>
<line>Section ZE</line></par>
</text>
</block>
<block><region><rect/></region>
<text>
<par>
<line>13</line></par>
</text>
</block>









</page>
<page width="1676" height="2355" resolution="200">
<block><region><rect/></region>
<text>
<par>
<line>- limite Oïiest de la route de Louvil ;</line></par>
<par>
<line>- limites nord-est et sud-est de la parcelle 126 ;</line></par>
<par>
<line>- limite ouest des parœlles 127 et 161 ;</line></par>
<par>
<line>- traversée du chemin rural « le Cheminet » ;</line></par>
<par>
<line>‘ limite ouest de la route de Louvil ;</line></par>
<par>
<line>- traversée de la rue de Melchamez et limite ouest de cette rue ;</line></par>
<par>
<line>- limites sud-est et ouest de la parcelle 149 ;</line></par>
<par>
<line>- traversée de la parcelle 122 (chemin rural) et limite nord de cette parcelle ;</line></par>
<par>
<line>- limite ouest de la me de Melchamez ;</line></par>
<par>
<line>- limite sud de la parcelle 151 ;</line></par>
<par>
<line>- limite ouest des parcelles 151 et 152 ;</line></par>
<par>
<line>- limite nord de la parcelle 152 ;</line></par>
<par>
<line>Section OA</line></par>
<par>
<line>" limite ouest de la rue Saint-Hubert ;</line></par>
<par>
<line>* limite nord de la parcelle 1016 ;</line></par>
<par>
<line>- limite ouest des parcelles 519 et 520 ;</line></par>
<par>
<line>- traversée du chemin rural ;</line></par>
<par>
<line>- limite ouest des parcelles 521,775 et 773 ;</line></par>
<par>
<line>- limite sud de la parcelle 523 à Texclusion des deux bâtiments situés au sud de cette</line>
<line>parcelle ;</line></par>
<par>
<line>- limite ouest de la parcelle 570 ;</line></par>
<par>
<line>- exclusion des bâtiments situés sur les parcelles 524 et 523 ;</line></par>
<par>
<line>* limite ouest de la me Saint-Hubert ;</line></par>
<par>
<line>’ limites sud-est, sud-ouest et nord-ouest de la parcelle 550 ;</line></par>
<par>
<line>- ligne fictive traversant, perpendiculairement à leur limite nord, les parcelle 555, 646, 647,</line>
<line>646, 644 et 645, et passant par l’angle nord-ouest de la parcelle 555, jusqu’à la limite</line>
<line>sud-ouest de la parcelle 864 ;</line></par>
<par>
<line>- cette dernière limite, pour partie;</line></par>
<par>
<line>’ limite nord-est des parcelles 1185,545 à 543 ;</line></par>
<par>
<line>- limites sud-est et sud-ouest de la parcelle 542 ;</line></par>
<par>
<line>- limite sud-est de la parcelle 377 ;</line></par>
<par>
<line>■ limite nord-est de la parcelle 375 ;</line></par>
<par>
<line>- traversée de la me du Général Deffontaines ;</line></par>
<par>
<line>- limites sud et ouest de la parcelle 1223 ;</line></par>
<par>
<line>- limite ouest de la parcelle 1225 ;</line></par>
<par>
<line>- limites sud et ouest de la parcelle 363 ;</line></par>
<par>
<line>- traversée de la melle de la Fontaine Saint-Pierre ;</line></par>
<par>
<line>- limite nord de la parcelle 362 ;</line></par>
<par>
<line>- berge ouest de la rivière Marque jxsqu’à l’angle nord-ouest de la parcelle 349 ;</line></par>
<par>
<line>- traversée de la Marque ;</line></par>
<par>
<line>Commune de Sainghin-en-Mélantois</line>
<line>Section OB</line></par>
<par>
<line>- portion de la me de Lille située entre les parcelles 2049 et 787 ;</line></par>
</text>
</block>
<block><region><rect/></region>
<text>
<par>
<line>Commune de Bouvines</line></par>
</text>
</block>
<block><region><rect/></region>
<text>
<par>
<line>14</line></par>
</text>
</block>


</page>
<page width="1676" height="2355" resolution="200">
<block><region><rect/></region>
<text>
<par>
<line>Section OÂ</line></par>
</text>
</block>
<block><region><rect/></region>
<text>
<par>
<line>- traversée de la Marque et limite ouest de cette rivière ;</line></par>
<par>
<line>- limite sud de la parcelle 1161 ;</line></par>
<par>
<line>- traversée de la rue du Marais jusqu’au point de départ</line></par>
</text>
</block>
<block><region><rect/></region>
<text>
<par>
<line>Quatrième zone exclue :</line></par>
<par>
<line>Commune de Bouvines</line></par>
<par>
<line>Section ZE</line></par>
<par>
<line>- point de départ : Tangle nord-ouest de la parcelle 114 ;</line></par>
<par>
<line>- limite sud de la rue Félix Dehau ;</line></par>
<par>
<line>- limite sud-^t des parcelle 101 à 104,110 et 168 (voie ferrée) ;</line></par>
<par>
<line>- limite sud-ouest des parcelles 168àl66,113etll7;</line></par>
<par>
<line>- Ümite nord-ouest des parcelles 117à IHJusqu’aupointdedépart.</line></par>
</text>
</block>
<block><region><rect/></region>
<text>
<par>
<line>Cinquième zone exclue :</line></par>
<par>
<line>Commune de Bouvines</line></par>
<par>
<line>Section ZE</line></par>
<par>
<line>- point de départ, angle nord-ouest de la parcelle 14 ;</line>
<line>■ limite nord-est de la parcelle 14 ;</line></par>
<par>
<line>’ limite commimale Bouvines/Cysoing ;</line></par>
<par>
<line>- limite nord du chemin du Grand Marais ;</line></par>
<par>
<line>“ limite est de la route de Louvil.</line></par>
</text>
</block>
<block><region><rect/></region>
<text>
<par>
<line>Sixième zone exclue :</line></par>
<par>
<line>Commune de Bouvines</line>
<line>Section ZE</line></par>
<par>
<line>- point de départ : angle sud-est de la parcelle 53 ;</line></par>
<par>
<line>- limite sud-ouest des parcelles 53 à 50 ;</line></par>
<par>
<line>- limite sud-est de la parcelle 49 ;</line></par>
<par>
<line>' mite sud-ouest des parcelles 49 et 85 ;</line></par>
<par>
<line>- limite nord-ouest des parcelles 85,83, 81 et 82 ;</line></par>
<par>
<line>- limite sud de la me Jean-Batiste Lebas, puis traversée de cette me</line></par>
<par>
<line>Commune de Cysoing</line>
<line>Section ZN</line></par>
<par>
<line>- limite nord-ouest des parcelles 77 à 75 ;</line></par>
<par>
<line>- limite nord-ouest des parcelles 75, 73, 71, 69, 68, 66 à 63 ;</line></par>
<par>
<line>Section ZM</line></par>
<par>
<line>- travereée de la parcelle 115 (voie ferrée) ;</line></par>
<par>
<line>- limite sud-est des parcelles 102, 100, 77 et 78 ;</line></par>
<par>
<line>■ limite nord-ouest des parcelles 70,63 à 61,45 ;</line></par>
</text>
</block>















</page>
<page width="1702" height="2373" resolution="200">
<block><region><rect/></region>
<text>
<par>
<line>- traversée de la route de Gmson ;</line></par>
<par>
<line>- limite nord des parcelles 44, 43, 39 et son prolongement jusqu’à la limite ouest de la rue</line>
<line>Salvador Allende ;</line></par>
<par>
<line>- limite ouest de la rue Salvador Allende, puis traversée de cette rue ;</line></par>
</text>
</block>
<block><region><rect/></region>
<text>
<par>
<line>Section ZI</line></par>
<par>
<line>' limites ouest et sud de la parcelle 667 (cimetière) ;</line></par>
<par>
<line>- limite est des parcelles 194, ÎÎ67,1171 et 114 ;</line></par>
<par>
<line>- limite nord-est de la parcelle 1182 ;</line></par>
<par>
<line>“ limite est des parcelles 1182,1181,994,934 à 931,962, 843,804,854 et 742 (pour partie) ;</line>
<line>traversée des parcelles 750 et 664 par une ligne fictive, dans le prolongemoit de la limite</line>
<line>nord-est de la parcelle 43 ;</line></par>
<par>
<line>- limite nord-est de la parcelle 43 ;</line></par>
<par>
<line>- traversée de la route de Tournai ;</line></par>
<par>
<line>Section ZK</line></par>
<par>
<line>- limite nord-est des parcelles 12 et 10 ;</line></par>
<par>
<line>- linute est de la parcelle 10 ;</line></par>
<par>
<line>- limite nord-est des parcelles 17 et 18 ;</line></par>
<par>
<line>• limite est de la parcelle 18 ;</line></par>
<par>
<line>- limite sud-ouest de la parcelle 71 ;</line></par>
<par>
<line>- limite nord de la rue Félix Demesmay, puis traversée de cette rue ;</line></par>
<par>
<line>Section OD</line></par>
<par>
<line>- limite ouest des parcelles 556 et 568 ;</line></par>
<par>
<line>- traversée du chemin non nommé dans le prolongement de cette limite ;</line></par>
<par>
<line>- limite nord de la parcelle 1200 ;</line></par>
<par>
<line>- limite ouest des parcelle 1200 et 1197 ;</line></par>
<par>
<line>- limite sud de la parcelle 1198 ;</line></par>
<par>
<line>- limite est du chemin de Nomèr^ ;</line></par>
<par>
<line>Section OB</line></par>
<par>
<line>- traversée du chemin des Nomères ;</line></par>
<par>
<line>- limite sud des parcelles 936,1079 à 1083 ;</line></par>
<par>
<line>- limite ouest de la parcelle 1083 ;</line></par>
<par>
<line>- limite sud des parcelle 928 et 927 ;</line></par>
<par>
<line>- limite ouest de la parcelle 927 ;</line></par>
<par>
<line>- limite nord des parcelles 937, 940 à 945 ;</line></par>
<par>
<line>- limite ouest de la parcelle 945 ;</line></par>
<par>
<line>- liïmtenorddesparceîles2214,2213,1610et2297;</line></par>
<par>
<line>- limite sud-est de la parcelle 2512 ;</line></par>
<par>
<line>- limite nord des parcelles 2512,2511 et 2507 ;</line></par>
<par>
<line>" limite ou^ des parcelles 2507 et 2208 ;</line></par>
<par>
<line>- limites nord-est et ouest de la parcelle 1963 ;</line></par>
<par>
<line>* limite orxest des parcelle 2208 et 1962 ;</line></par>
<par>
<line>- traversée du chemin non dénommé ;</line></par>
<par>
<line>- limites nord et ouest de la parcelle 1441 ;</line></par>
<par>
<line>■ limites nord et ouest de la parcelle 1362 ;</line></par>
<par>
<line>- limite sud des parcelles 1362, 1355 et 1000 ;</line></par>
<par>
<line>’ limite ouest de la parcelle 2068 ;</line></par>
<par>
<line>- limite sud des parcelles 2188,1016 et 2182 ;</line></par>
</text>
</block>
<block><region><rect/></region>
<text>
<par>
<line>16</line></par>
</text>
</block>












</page>
<page width="1670" height="2351" resolution="200">
<block><region><rect/></region>
<text>
<par>
<line>* limites ouest et sud-ouest de la parcelle 2186 ;</line>
<line>' limite ouest de la parcelle 2185 ;</line></par>
<par>
<line>- limita nord et ouest de la parcelle 1981 ;</line></par>
<par>
<line>• traversée du chemin des Caches Vaches ;</line></par>
</text>
</block>
<block><region><rect/></region>
<text>
<par>
<line>Section OD</line></par>
<par>
<line>- limites nord et ouest de la parcelle 759 ;</line></par>
<par>
<line>- limites est et sud-ouest de la parcelle 629 (chemin de fer de Méntn à Orchies) ;</line></par>
<par>
<line>- traversée par une ligne fictive de la parcelle 1037, vers l’angle nord de la parcelle 628 ;</line></par>
<par>
<line>- limite ouest parcelles 628 et 626 ;</line></par>
<par>
<line>- limite nord de la parcelle 623 ;</line></par>
<par>
<line>- traversée de la route de Gen^îh ;</line></par>
<par>
<line>Section OC</line></par>
<par>
<line>- limite ouest de la route de Genech ;</line></par>
<par>
<line>- limite sud des parcelles 700 et 1183 ;</line></par>
<par>
<line>- limite ouest de la parcelle 1183 ;</line></par>
<par>
<line>’ limite sud de la parcelle 1Q9 ;</line></par>
<par>
<line>- traversée du chemin du Bois et limite ouest de ce chemin ;</line></par>
<par>
<line>- limite sud de la parcelle 727 ;</line></par>
<par>
<line>' limite est et sud de la parcelle 726 ;</line></par>
<par>
<line>- traversée de la route de Louvil et limite ouest de cette route ;</line></par>
<par>
<line>- traversée du chemin de la Pâture Saint-Pierre et limite nord de ce chemin ;</line></par>
<par>
<line>' limite est de la parcelle 889 ;</line></par>
<par>
<line>* limite nord-ouest de la parcelle 1162 ;</line></par>
<par>
<line>- traversée de la rivière non dénommée ;</line></par>
<par>
<line>- limite ouest des parcelles 600 et 601 ;</line></par>
<par>
<line>- limite nord de la parcelle 601 ;</line></par>
<par>
<line>- traversée de la rivière non dénommée ;</line></par>
<par>
<line>- limite ouest des parcelles 1352, 1350, 1364, 1362, 1360, 1358, 1385 et 1383 (longeant la</line>
<line>rivière non dénommée) ;</line></par>
<par>
<line>- limite nord des parcelles Î383, 1381, 1379, 1377, 1375, 1373, 1371, 1369, 1367, 1234 et</line>
<line>1240 (longeant la rivière non dénommée) ;</line></par>
<par>
<line>- limite fôt pour partie de la parcelle 1240 ;</line></par>
<par>
<line>- traversée de la rivière à nouveau ;</line></par>
<par>
<line>Section OB</line></par>
<par>
<line>‘ limite nord de la parcelle 2103 ;</line></par>
<par>
<line>- la ligne de chemin de fer de Menin à Orchies traversant du sud au nord la parcelle 2104 ;</line>
<line>Section OC</line></par>
<par>
<line>- limite sud-ouest de la parcelle 949 ;</line></par>
<par>
<line>- limite est de la rue Jules Herbaut ;</line></par>
<par>
<line>- limite nord-est des parcelles 565 à 562 ;</line></par>
<par>
<line>- limite sud-est de la parcelle 562 ;</line></par>
<par>
<line>- limite sud-ouest des parcelles 562,564,565 et 567 ;</line></par>
<par>
<line>- limite sud de la rue Jules Heihaut ;</line></par>
<par>
<line>- limite ouest des parcelles 478 et 477 ;</line></par>
<par>
<line>- limite sud des parcelles 1079,1074 et 1078 ;</line></par>
<par>
<line>- limite ouest des parcelles 1078 et 1076 ;</line></par>
<par>
<line>- limite nord de la parcelle 1076;</line></par>
</text>
</block>
<block><region><rect/></region>
<text>
<par>
<line>17</line></par>
</text>
</block>






</page>
<page width="1685" height="2361" resolution="200">
<block><region><rect/></region>
<text>
<par>
<line>’ limites est et nord-est de la parcelle 913 ;</line></par>
<par>
<line>- limite est de la parcelle 490 ;</line></par>
<par>
<line>■ limite nord des parcelles 490,489,483, 1069 et 1071 ;</line></par>
<par>
<line>- limite nord-ouest de la parcelle 1069 ;</line></par>
<par>
<line>- limite nord-est de la parcelle 1005 ;</line></par>
<par>
<line>- traversée de la rue du Peuville ;</line></par>
<par>
<line>‘ limites sud-est, nord-est et nord-ouest de la parcelle 944 ;</line></par>
<par>
<line>- traversée de là parcelle 389 par une ligne fictive dans le prolongement de la limite nord-est</line>
<line>de la parcelle 1167 ;</line></par>
<par>
<line>- limite nord-est des parcelles 1167,1168 et 375 ;</line></par>
<par>
<line>' limite nord-ouest de la parcelle 375 ;</line></par>
<par>
<line>■ limites nord-est et nord-ouest de la parcelle 370 ;</line></par>
<par>
<line>- limite est de la parcelle 319 ;</line></par>
<par>
<line>' traversée du chemin rural, puis limite nord de ce chemin ;</line></par>
<par>
<line>- limite ouest de la parcelle 360 ;</line></par>
<par>
<line>■ limite sud du chemin vicinal n° 4 du Grand Marais, puis traversée de ce chemin ;</line></par>
<par>
<line>- limite est du chennin du Moulin Mouque ;</line></par>
<par>
<line>- limites sud et est de la parcelle 1316 ;</line></par>
<par>
<line>Section OA</line></par>
<par>
<line>■ traversée de la parcelle 253 (voie ferrée) ;</line></par>
<par>
<line>- limite sud du chemin du Melchamez, puis traversée de ce chemin dans le prolongement de la</line>
<line>limite est de la parcelle 261, puis limite nord de ce chemin ;</line></par>
<par>
<line>- traversée du chemin de la Basse Couture ;</line></par>
<par>
<line>- traversée de la parcelle 253 (voie ferrée) puis limite ouest de cette parcelle ;</line></par>
<par>
<line>Section ZN</line></par>
<par>
<line>• limite nord-est des parcelles 101, 99, 97 et 95 ;</line></par>
<par>
<line>■ limite sud-ouest de la parcelle 106 jusqu’au point de départ.</line></par>
</text>
</block>
<block><region><rect/></region>
<text>
<par>
<line>Septième zone exclue :</line></par>
<par>
<line>Commune de Cysoîng</line></par>
<par>
<line>Section OB</line></par>
<par>
<line>- parcelle 938.</line></par>
</text>
</block>
<block><region><rect/></region>
<text>
<par>
<line>Huitième zone exclue :</line></par>
<par>
<line>Commune de Cysoing</line></par>
<par>
<line>Section ZK</line></par>
<par>
<line>- point de départ : l’angle sud-ouest de la parcelle 144 ;</line></par>
<par>
<line>- limite ouest de cette parcelle ;</line></par>
<par>
<line>- limite sud de la parcelle 51 ;</line></par>
<par>
<line>- limite est de la parcelle Î24 ;</line></par>
<par>
<line>- traversée de la rue Félix Demesmay ;</line></par>
<par>
<line>Section OD</line></par>
<par>
<line>- limite sud de la rue Félix Demesmay ;</line></par>
</text>
</block>
<block><region><rect/></region>
<text>
<par>
<line>18</line></par>
</text>
</block>







</page>
<page width="1676" height="2355" resolution="200">
<block><region><rect/></region>
<text>
<par>
<line>■ iimite nord-ouest du chemin des Prés ;</line></par>
<par>
<line>” limites est, nord-est et nord-ouest de la parcelle 1036 ;</line></par>
<par>
<line>- limite sud-ouest de la parcelle 1217 ;</line></par>
<par>
<line>- limite sud-est des parcelles 568 et 565 ;</line></par>
<par>
<line>- limite nord des parcelles 565, 1163,1164et559;</line></par>
<par>
<line>• limite sud de la rue Félix Demesmay et traversée de cette rue jusqu’au point de départ.</line></par>
</text>
</block>
<block><region><rect/></region>
<text>
<par>
<line>Neuvième zone exclue :</line></par>
<par>
<line>Commune de Cysoing</line></par>
<par>
<line>Section OD</line></par>
<par>
<line>- Point de départ : intersection entre la limite communale Cj^in^ourghelles et une ligne</line>
<line>fictive prolongeant la limite nord de la parcelle 932 ;</line></par>
<par>
<line>- traversée de la route de Valenciennes ;</line></par>
<par>
<line>- limite nord de la parcelle 932 ;</line></par>
<par>
<line>- limite fôt de la parcelle 944 ;</line></par>
<par>
<line>- limites sud et est de la rue du Courant ;</line></par>
<par>
<line>- limite ouest des parcelle 508 et 509 ;</line></par>
<par>
<line>- limite sud parcelles 1138,1137, 1134 à 1132,255,257 ;</line></par>
<par>
<line>- traversée du chemin non dénommé ;</line></par>
<par>
<line>- limite sud des parcelles 258 à 260,792, 791,967,969,970 et 994 ;</line></par>
<par>
<line>- traversée de la rue des Prés ;</line></par>
<par>
<line>’ limite sud de la parcelle 29 ;</line></par>
<par>
<line>- limite ouest des parcelles 29,735,1039 et 1040 ;</line></par>
<par>
<line>- limite nord des parcelles 1040 et 719 ;</line></par>
<par>
<line>- limite ouest de la rue des Prés ;</line></par>
<par>
<line>- limite sud des parcelles 948 et 1136 ;</line></par>
<par>
<line>- limite ouest dfô parcelles 1136, 1135 et 1018 ;</line></par>
<par>
<line>“ limite nord de la parcelle 1018 ;</line></par>
<par>
<line>- limite ouest de la rue des Prés ;</line></par>
<par>
<line>- limites sud et ouest de la parcelle 12 ;</line></par>
<par>
<line>- limite nord de la parcelle 1019 ;</line></par>
<par>
<line>- limite ouest des parcelles 842, 841, 853 ;</line></par>
<par>
<line>- limite sud-est des parcelles 887 et 886 ;</line></par>
<par>
<line>- limite est des parcelles 886,580,578 et 577 ;</line></par>
<par>
<line>- limite nord-est des parcelles 874 et 873 ;</line></par>
<par>
<line>- traversée du chemin des Prés, puis limite sud de ce chemin ;</line></par>
<par>
<line>- limite sud de la rue Félix Demesmay, puis traversée de cette rue ;</line></par>
<par>
<line>Section ZK</line></par>
<par>
<line>■ limite ouest des parcelles 175,176 et 46 ;</line></par>
<par>
<line>- limite nord de la parcelle 46 ;</line></par>
<par>
<line>* limite est des parcelles 46,176 et 175 ;</line></par>
<par>
<line>- limite nord de la rue Félix Dem^may, jusqu’à la limite communale Cysoing/Bourghelles ;</line></par>
</text>
</block>
<block><region><rect/></region>
<text>
<par>
<line>Commune de Bourghelles</line></par>
</text>
</block>
<block><region><rect/></region>
<text>
<par>
<line>19</line></par>
</text>
</block>










</page>
<page width="1689" height="2364" resolution="200">
<block><region><rect/></region>
<text>
<par>
<line>Section OB</line></par>
<par>
<line>- Jimite communale Cysoing/Boui^elîes ;</line></par>
</text>
</block>
<block><region><rect/></region>
<text>
<par>
<line>Section 7.E</line></par>
<par>
<line>- limite nord-ouest de la parcelle 173 ;</line></par>
<par>
<line>- limite ouest des parcelles 16,20,24 et 25 ;</line></par>
<par>
<line>- limite nordouest de la parcelle 27 ;</line></par>
<par>
<line>' traversée de îa rue Aristide Briand, puis limite est de cette rue ;</line></par>
<par>
<line>- limite sud-est de la parcelle 45 ;</line></par>
<par>
<line>- limite sud-ouest de la parcelle 54 ;</line></par>
<par>
<line>- limite nordouest de la parcelle 5 5 ;</line></par>
<par>
<line>- limite sud du chemin Bnmehaut ;</line></par>
<par>
<line>Section ZH</line></par>
<par>
<line>- limite sud de la route de Wannehain, puis traversée de cette route ;</line></par>
<par>
<line>Section ZE</line></par>
<par>
<line>- limite nord de la route de Wannehain ;</line></par>
<par>
<line>- limites nord-ouest, nord-est et sud-est de la parcelle 89 ;</line></par>
<par>
<line>“ traversée de la route de Wannehain ;</line></par>
<par>
<line>Section ZH</line></par>
<par>
<line>- limite sud de la route de Wannehain ;</line></par>
<par>
<line>- limite nordouest de la parcelle 14 et son prolongement par une ligne droite fictive traversant</line>
<line>la parcelle 246 jusqu’à la limite nord de la parcelle 5 ;</line></par>
<par>
<line>- limite nord des parcelles 5 à 7 ;</line></par>
<par>
<line>- limites nord et ouest de la parcelle 8 ;</line></par>
<par>
<line>- limite nord de la parcelle 9 ;</line></par>
<par>
<line>- limite nord-ouest de la parcelle 194 ;</line></par>
<par>
<line>- limite sudouest de la parcelle 234 ;</line></par>
<par>
<line>- traversée de la rue du 24 Août ;</line></par>
<par>
<line>Section ZE</line></par>
<par>
<line>- limite ouest de la rue du 24 Août jusqu’à l’angle sud de la parcelle 200, puis traversée de</line>
<line>cette rue ;</line></par>
<par>
<line>Section ZH</line></par>
<par>
<line>- limite sud de la parcelle 1 ;</line></par>
<par>
<line>- traversée du chemin du Pas Meunière ;</line></par>
<par>
<line>- limite nordouest des parcelles 106 (chemin) et 108 ;</line></par>
<par>
<line>- limite sudouest des parcelles 108 à 112 ;</line></par>
<par>
<line>- limite sud-est de la parcelle 112 ;</line></par>
<par>
<line>- limite ouest de la rue Raymond Poincaré, puis traversée de cette rue ;</line></par>
<par>
<line>- limites nord et est de la parcelle 284 ;</line></par>
<par>
<line>- limite sud des parcelles 285 et 286 ;</line></par>
<par>
<line>- traversée de la parcelle 81 (chemin), puis limite est de cette parcelle ;</line></par>
<par>
<line>■ limite sud de la parcelle 69 (pour partie) ;</line></par>
<par>
<line>• traversée de la rue Raymond Poincaré ;</line></par>
</text>
</block>
<block><region><rect/></region>
<text>
<par>
<line>Section OB</line></par>
<par>
<line>- limite est de la parcelle 280 ;</line></par>
</text>
</block>
<block><region><rect/></region>
<text>
<par>
<line>20</line></par>
</text>
</block>









</page>
<page width="1696" height="2369" resolution="200">
<block><region><rect/></region>
<text>
<par>
<line>- limite sud des parceUes 280,1275,1274, 1273,1271,283,284, 1147à 1150, 1153 (riviàre);</line></par>
<par>
<line>- traversée de îa rue du Pont d’Auchy ;</line></par>
<par>
<line>- limite sud des parcelles 1422 et 1421 (rivière) ;</line></par>
<par>
<line>- limites est et nord de la parcelle 246 ;</line></par>
<par>
<line>- limites nord-est, nord-ouest et sud-ou^t de la parcelle 245 ;</line></par>
<par>
<line>• limites nord et ouest de la parcelle 1704 ;</line></par>
<par>
<line>- limite sud des parcelles 1700 et î699 ;</line></par>
<par>
<line>- limite nord-est des parcelles 918,919 et 502;</line></par>
<par>
<line>- limite nord de la parcelle 5(fâ ;</line></par>
<par>
<line>- limites est et nord-ouest de la parcelle 503 ;</line></par>
<par>
<line>- limites nord-est et nord-ouest de la parcelle 508 ;</line></par>
<par>
<line>- une ligne droite fictive depuis l’angle ouest de la parcelle 508 jusqu’à l’angle nord-est de la</line>
<line>parcelle 543 et traversant le chemin non dénommé et 1^ parcelles 1766 et 1158 ;</line></par>
<par>
<line>- limite ouest de la parcelle 1158 ;</line></par>
<par>
<line>- limite est de la parcelle 1319 ;</line></par>
<par>
<line>- limite sud-est des parcelles 1319,1390, 550 et 551 ;</line></par>
<par>
<line>- limite est des parcelles 1188,594 à 596,1718,1719,599,600,1352,601 à 603 ;</line></par>
<par>
<line>- limite sud-ouest de la parcelle 603 ;</line></par>
<par>
<line>- traversée de la route de Valencienne ;</line></par>
<par>
<line>- limite communale Cysoing/Bour^elles jusqu’ au point de départ.</line></par>
</text>
</block>
<block><region><rect/></region>
<text>
<par>
<line>Dixième zone exclue :</line></par>
<par>
<line>Commune de Bourghelies</line></par>
<par>
<line>Section ZH</line></par>
<par>
<line>’ point de départ, l’angle nord-ouest de la parcelle 67 ;</line></par>
<par>
<line>- limite nord des parcelles 67,66,63 à 60,58 à 55 ;</line></par>
<par>
<line>- limite est de la parcelle 55 ;</line></par>
<par>
<line>- limite sud des parcelles 55,56,49,58,59,64 et 65 ;</line></par>
<par>
<line>- limite ouest de la parcelle 65 ;</line></par>
<par>
<line>- limite sud du chemin rural n° 9, puis traversée de ce chemin ;</line></par>
<par>
<line>- limite ouest de la parcelle 67 jusqu’au point de départ.</line></par>
</text>
</block>
<block><region><rect/></region>
<text>
<par>
<line>Onzième zone exclue :</line></par>
</text>
</block>
<block><region><rect/></region>
<text>
<par>
<line>Commune de Wannehain</line></par>
<par>
<line>Section ZB</line></par>
<par>
<line>" point de départ, l’angle sud-ouest de la parcelle 123 (rue de France) ;</line></par>
<par>
<line>- limite ouest de cette parcelle ;</line></par>
<par>
<line>' limites sud, est et nord de la parcelle 1 ;</line></par>
<par>
<line>- limite communale Bour^elles/Wannehain ;</line></par>
<par>
<line>Section ZE</line></par>
<par>
<line>- limites sud et est de la parcelle 11 ;</line></par>
<par>
<line>- limite sud du chemin du Long Fossé ;</line></par>
<par>
<line>“ limite ouest du chemin de la Vache Bleue en suivant la limite est de la parcelle 291 et la</line>
<line>limite ouest de la parcelle 298 ;</line></par>
</text>
</block>
<block><region><rect/></region>
<text>
<par>
<line>21</line></par>
</text>
</block>














</page>
<page width="1653" height="2339" resolution="200">
<block><region><rect/></region>
<text>
<par>
<line>• traveï^ée par une ligne fictive du chemin de la Vache bleue, dans le prolongement de la</line>
<line>limite nord-est de la parcelle 336 (lotissement) ;</line></par>
<par>
<line>' limite nord-est dfâ parcelles 336,16,17,252,253,305,307,308, 311,312 et 260 ;</line></par>
<par>
<line>- limite nord-ouest des parcelles 137,182, 183,132 et 131 ;</line></par>
<par>
<line>- limite sud-est de la parcelle 163 ;</line></par>
<par>
<line>' limite sud des parcelles 170 et 171 ;</line></par>
<par>
<line>- traversée de la rue du Dragon ;</line></par>
<par>
<line>- limite nord de la parcelle 230 ;</line></par>
<par>
<line>' limite ouest de la parcelle 61 ;</line></par>
<par>
<line>- traversée de l’allée du Bois ;</line></par>
</text>
</block>
<block><region><rect/></region>
<text>
<par>
<line>Section 03</line></par>
<par>
<line>- limite sud de l’allée du Bois ;</line></par>
<par>
<line>- limite est de la rue du Dragon ;</line></par>
<par>
<line>- limite sud-ouest de la parcelle 743 ;</line></par>
<par>
<line>- limite sud de la parceUe 744 ;</line></par>
<par>
<line>• traversée de l’allée du Bois, puis limite est de cette allée ;</line></par>
<par>
<line>- limites nord-est et est de la parcelle 243 ;</line></par>
<par>
<line>- limites nord-est et est de la parcelle 631 ;</line></par>
<par>
<line>- limites nord, ouest et sud de la parcelle 632 ;</line></par>
<par>
<line>- limites nord-est et est de la parcelle 773 ;</line></par>
<par>
<line>- limites est et sud-ouest de la parcelle 235 ;</line></par>
<par>
<line>- limite ouest de la parcelle 247 ;</line></par>
<par>
<line>- traversée de la route de Bachy, puis limite sud de cette route ;</line></par>
<par>
<line>- limite nord-ouest de la parcelle 224 ;</line></par>
<par>
<line>- limite ouest de la parcelle 128 ;</line></par>
<par>
<line>* limite nord des parcelles 131,144et221 ;</line></par>
<par>
<line>- limite ouest de la parcelle 221 (rue de la Grande Ferme) ;</line></par>
<par>
<line>- limite nord-est des parcelles 215 et 216 ;</line></par>
<par>
<line>- limites sud-est et sud-ou^ de la parcelle 216 ;</line></par>
<par>
<line>- limite sud-ouest de la parcelle 215 ;</line></par>
<par>
<line>Section ZD</line></par>
<par>
<line>- limites norf-est et sud-est de la parcelle 17 ;</line></par>
<par>
<line>- limite communale Bourghelles/Wannehain ;</line></par>
<par>
<line>“ limite nord-ouest de la parcelle 15 ;</line></par>
<par>
<line>- depuis l’angle nord-ouest de cette parcelle jusqu’à l’ai^e sud de la parcelle 10, ligne fictive</line>
<line>traversant la pm-celle 14 ;</line></par>
<par>
<line>- limite sud des parcelles 10,7 et 62 ;</line></par>
<par>
<line>- depuis l’angle sud-ouest de la parcelle 62, ligne fictive passant par la limite sud de la</line>
<line>parcelle 4 jusqu’à la limite ouest de la parcelle 2 en traversant les parcelles 5 et 3 ;</line></par>
<par>
<line>- limite ouest (pour partie) de la parcelle 2 ;</line></par>
<par>
<line>- limite nord de la parcelle 1 ;</line></par>
<par>
<line>Section OB</line></par>
<par>
<line>- limite communale avec Bour^elles ;</line></par>
</text>
</block>
<block><region><rect/></region>
<text>
<par>
<line>Commune de Bourghelles</line></par>
</text>
</block>
<block><region><rect/></region>
<text>
<par>
<line>22</line></par>
</text>
</block>





</page>
<page width="1713" height="2381" resolution="200">
<block><region><rect/></region>
<text>
<par>
<line>Section 2H</line></par>
<par>
<line>- îiinites sud, oufôt et nord de la parcelle 27;</line></par>
<par>
<line>“ traversée de la rue de France jusqu’au point de départ.</line></par>
<par>
<line>Douzième zone exclae :</line></par>
</text>
</block>
<block><region><rect/></region>
<text>
<par>
<line>Commune de Bouvines</line></par>
<par>
<line>Section ZC</line></par>
<par>
<line>- point de départ : Pangîe nord-fôt de la parcelle 118 ;</line></par>
<par>
<line>^ limite sud-est de la parcelle 117;</line></par>
<par>
<line>- traversée de la parcelle 114, dans le prolongement de la limite sud-est de la parcelle 117 ;</line></par>
<par>
<line>- limite sud-est des parcelles 47 à 49 ;</line></par>
<par>
<line>- limites nord-est et nord-ouest de la parcelle 170 ;</line></par>
<par>
<line>- limite nord-est de la parcelle 80 ;</line></par>
<par>
<line>- limite sud-est des parcelles 80,79,77, 55 à 59 ;</line></par>
<par>
<line>- limite sud-ouest de la parcelle 59 ;</line></par>
<par>
<line>- limite sud-est de la route d’Infîère puis traversée de cette route dans le prolongement de la</line>
<line>limite nord-est de la parcelle 108 ;</line></par>
<par>
<line>* limite sud-ouest de la parcelle 105 ;</line></par>
<par>
<line>- limite nord-ouest des parcelles 105 et 104 ;</line></par>
<par>
<line>- limite ouest de la parcelle 115 ;</line></par>
<par>
<line>' limite communale avec Gruson ;</line></par>
<par>
<line>Commune de Gruson</line>
<line>Section OA</line></par>
<par>
<line>- limite ouest des parcelle 33,1296,1606, 1610,28 et 1474 ;</line></par>
<par>
<line>- limite sud-ouest des parcelles 1443 et 18 ;</line></par>
<par>
<line>- limite sud-est du chemin des Osiers, puis traversée de ce chemin ;</line></par>
<par>
<line>&gt; limite ouest du chemin du marais ;</line></par>
<par>
<line>- traversée du chemin de la Rivière ;</line></par>
<par>
<line>- limite nord-est de la parcelle 1358 ;</line></par>
<par>
<line>- limite ouest de la parcelle 1581 ;</line></par>
<par>
<line>- limite sud-est de la parcelle 1405 ;</line></par>
<par>
<line>- traversée de la rue du Maréchal Leclerc, puis limite est de cette rue ;</line></par>
<par>
<line>- limite nord de la parcelle 1571 ;</line></par>
<par>
<line>" traversée du chemin des Prés, puis limite est de ce chemin ;</line></par>
<par>
<line>- limite smî du chemin de la Cressonière ;</line></par>
<par>
<line>- limite ouest de la rue Pasteur, puis traversée de cette rue ;</line></par>
<par>
<line>- limite sud de la parcelle 1568 ;</line></par>
<par>
<line>Section ZB</line></par>
<par>
<line>- limite nord-est des parcelles 148, 301 et 302 ;</line></par>
<par>
<line>• limite nord du chemin du Petit Rapporteur ;</line></par>
<par>
<line>- limite nord de la parcelle 16 ;</line></par>
<par>
<line>- traversée du chemin de la Chapelle Bouchery ;</line></par>
<par>
<line>- limite nord-ouest de la parcelle 19 ;</line></par>
<par>
<line>‘ limite nord-est de la parcelle 18 ;</line></par>
<par>
<line>■ traversée du chemin de l’Arbre à Poux, puis limite sud de ce chemin ;</line></par>
<par>
<line>- limite nord-est de la parcelle 315 ;</line></par>
</text>
</block>
<block><region><rect/></region>
<text>
<par>
<line>23</line></par>
</text>
</block>












</page>
<page width="1691" height="2365" resolution="200">
<block><region><rect/></region>
<text>
<par>
<line>Section 2Â</line></par>
</text>
</block>
<block><region><rect/></region>
<text>
<par>
<line>- depuis l’angle sud-est de cette parcelle ZB 315, traversée du chemin rural et de la parcelle</line>
<line>62 par une ligne fictive nord/sud jusqu’à un point situé dans le prolongement de la limite est</line>
<line>de la parcelle 61 ;</line></par>
<par>
<line>- limite nord du chemin pavé de l’Arbre, puis traversée de ce chemin ;</line></par>
<par>
<line>- limite est de la parcelle 51 ;</line></par>
<par>
<line>- depuis l’angle sud de cette parcelle, ligne fictive traversant la parcelle 47 jusqu’à un point</line>
<line>situé à 170 m de son angle sud-est ;</line></par>
<par>
<line>- limite nord du chemin Carrière des cinq Bonniers ;</line></par>
<par>
<line>- limite est de la rue Calmette ;</line></par>
<par>
<line>' limite nord-est des parcelles 109 et 133 ;</line></par>
<par>
<line>- limites sud-est et sud-ouest de ia parcelle 133 ;</line></par>
<par>
<line>- limite est du chemin de la Briqueterie puis traversée de ce chemin ;</line></par>
<par>
<line>- limite sud de la rue Calmette ;</line></par>
<par>
<line>Section OA</line></par>
<par>
<line>- limite nord-ouest de la rue de Gruson ;</line></par>
<par>
<line>Section ZD</line></par>
<par>
<line>■ limites nord-est et nord-ouest de la parcelle 4 ;</line></par>
<par>
<line>Section OA</line></par>
<par>
<line>traversée du chemin non dénommé ;</line></par>
<par>
<line>- limite sud-est de la parcelle 355 ;</line></par>
<par>
<line>- limite sud-ouest des parcelles 355 et 1007 (pour partie) jusqu’à l’angle nord-est de la</line>
<line>parcelle ZC 118 de la commune de Bouvines, point de d^art.</line></par>
</text>
</block>
<block><region><rect/></region>
<text>
<par>
<line>Articles</line></par>
<par>
<line>Le présent décret sera notifié au préfet du Nord ainsi qu’aux maires d’Anstaing, Baisieux,</line>
<line>Bourghelles, Bouvines, Camphin-en-Pévèle, Chéreng, Cysoing, Fretin, Gruson, Louvil,</line>
<line>Sain^iin-en-Mélantois et Wannehain.</line></par>
</text>
</block>
<block><region><rect/></region>
<text>
<par>
<line>Le pr&amp;ent décret, la carte au 1/25 000 et les plans cadastraux annexés pourront être consultés à la</line>
<line>préfecture du Nord et, chacune en ce qui la concerne, dans les mairies d’Anstaing, de Baisieux,</line>
<line>Bour^elîes, Bouvines, Camphin-en-Pévèle, Chéreng, Cysoing, Fretin, Gruson, Louvil,</line>
<line>Sain^n-en-Mélantois et Wannehain (1).</line></par>
</text>
</block>
<block><region><rect/></region>
<text>
<par>
<line>(1) Le présent décret, la carte au 1/25 000 et les plans annexés pourront être consulté à la préfecture du</line>
<line>Nord : 12, rue Jean Sans Peur 59800 Lille. Le présent décret, la carte au 1/25 000 et le plan annexé</line>
<line>concernant la commune intéressée, pourront être consulté dans les mairies d’Anstaing : rue Marie Curie</line>
<line>59152 ; de Baisieux : 93, rue de la Mairie 59780 ; Bourghelles : 9, rue Clémenceau 59830 ; Bouvines : 59,</line>
<line>chaussée Brunehaut ; Camphin-en-Pévèle : place de l’église 59780 ; Chéreng : 66, route nationale 59152 ;</line>
<line>Cysoing : 2, place de la R^ublique 59830 ; Fretin : 3, rue Alfred Cousin 59273 ; Gruson : 3, rue de Verdun</line>
<line>59152 ; Louvil : place Jean Jaurès 59830 ; San^n-en-Mélantois : 433, rue du Maréchal Leclerc 59262 i et</line>
<line>Wannehain ; 2, rue Jean-Baptiste Tonnel 59830.</line></par>
</text>
</block>
<block><region><rect/></region>
<text>
<par>
<line>24</line></par>
</text>
</block>






</page>
<page width="1679" height="2357" resolution="200">
<block><region><rect/></region>
<text>
<par>
<line>Articles</line></par>
</text>
</block>
<block><region><rect/></region>
<text>
<par>
<line>La ministre de l’écologie, du développement durable et de l’énergie est chargée de l’exécution du</line>
<line>présent décîet, qui s^a publié au Journal officiel de la République française.</line></par>
</text>
</block>
<block><region><rect/></region>
<text>
<par>
<line>Fait le</line></par>
</text>
</block>
<block><region><rect/></region>
<text>
<par>
<line>Par le Premier ministfe :</line></par>
</text>
</block>
<block><region><rect/></region>
<text>
<par>
<line>La ministre de l’écologie, du développement durable</line>
<line>et de l'àiergie,</line></par>
</text>
</block>











</page>
<page width="1653" height="2339" resolution="200">

</page>
<page width="2497" height="3521" resolution="300">
<block><region><rect/></region>
<text>
<par>
<line>Périmètre ajusté après l'enquête publique et proposé à la CDNPS du 28/11/13</line></par>
</text>
</block>
<block><region><rect/></region>
<text>
<par>
<line>\ s</line></par>
</text>
</block>
<block><region><rect/></region>
<text>
<par/>
</text>
</block>
<block><region><rect/></region>
<text>
<par>
<line>l§</line></par>
</text>
</block>
<block><region><rect/></region>
<text>
<par>
<line>; / 4! V/ ■-</line></par>
</text>
</block>
<block><region><rect/></region>
<text>
<par>
<line>" A</line></par>
</text>
</block>
<block><region><rect/></region>
<text>
<par>
<line>I ’</line></par>
</text>
</block>
<block><region><rect/></region>
<text>
<par/>
</text>
</block>
<block><region><rect/></region>
<text>
<par>
<line>î</line></par>
</text>
</block>
<block><region><rect/></region>
<text>
<par>
<line>3-5</line></par>
</text>
</block>
<block><region><rect/></region>
<text>
<par/>
</text>
</block>
<block><region><rect/></region>
<text>
<par>
<line>• » 5 J^</line></par>
<par>
<line>± ® ^ J-</line></par>
</text>
</block>
<block><region><rect/></region>
<text>
<par>
<line>; §4</line></par>
</text>
</block>
<block><region><rect/></region>
<text>
<par>
<line>r</line></par>
</text>
</block>
<block><region><rect/></region>
<text>
<par/>
</text>
</block>
<block><region><rect/></region>
<text>
<par>
<line>s ü I</line></par>
</text>
</block>
<block><region><rect/></region>
<text>
<par>
<line>■ M:</line></par>
</text>
</block>
<block><region><rect/></region>
<text>
<par/>
</text>
</block>
<block><region><rect/></region>
<text>
<par>
<line>8 °</line></par>
</text>
</block>
<block><region><rect/></region>
<text>
<par/>
</text>
</block>
<block><region><rect/></region>
<text>
<par>
<line>'5^3</line></par>
</text>
</block>
<block><region><rect/></region>
<text>
<par>
<line>f ïti.S</line></par>
</text>
</block>
<block><region><rect/></region>
<text>
<par/>
</text>
</block>
<block><region><rect/></region>
<text>
<par>
<line>«ni</line></par>
</text>
</block>
<block><region><rect/></region>
<text>
<par>
<line>I/' \ !| -</line></par>
<par>
<line>\ I' I</line></par>
</text>
</block>
<block><region><rect/></region>
<text>
<par>
<line>h 1</line></par>
</text>
</block>
<block><region><rect/></region>
<text>
<par>
<line>il*</line></par>
</text>
</block>
<block><region><rect/></region>
<text>
<par>
<line>E i</line></par>
</text>
</block>
<block><region><rect/></region>
<text>
<par>
<line>V,</line></par>
</text>
</block>
<block><region><rect/></region>
<text>
<par/>
</text>
</block>
<block><region><rect/></region>
<text>
<par>
<line>i</line></par>
</text>
</block>
<block><region><rect/></region>
<text>
<par>
<line>Z »</line></par>
</text>
</block>
<block><region><rect/></region>
<text>
<par>
<line>VV tV</line></par>
</text>
</block>
<block><region><rect/></region>
<text>
<par/>
</text>
</block>
<block><region><rect/></region>
<text>
<par>
<line>P* H</line></par>
</text>
</block>
<block><region><rect/></region>
<text>
<par/>
</text>
</block>
<block><region><rect/><rect/><rect/></region>
<text>
<par/>
</text>
</block>
<block><region><rect/></region>
<text>
<par/>
</text>
</block>
<block><region><rect/></region>
<text>
<par/>
</text>
</block>
<block><region><rect/></region>
<text>
<par/>
</text>
</block>
<block><region><rect/></region>
<text>
<par/>
</text>
</block>
<block><region><rect/><rect/></region>
<text>
<par>
<line>■ ' " /' «r</line></par>
</text>
</block>
<block><region><rect/></region>
<text>
<par/>
</text>
</block>
<block><region><rect/></region>
<text>
<par/>
</text>
</block>
<block><region><rect/></region>
<text>
<par/>
</text>
</block>
<block><region><rect/></region>
<text>
<par/>
</text>
</block>
<block><region><rect/></region>
<text>
<par/>
</text>
</block>
<block><region><rect/></region>
<text>
<par/>
</text>
</block>
<block><region><rect/></region>
<text>
<par>
<line>I •^t</line></par>
</text>
</block>
<block><region><rect/></region>
<text>
<par/>
</text>
</block>
<block><region><rect/></region>
<text>
<par>
<line>î*</line></par>
</text>
</block>
<block><region><rect/></region>
<text>
<par>
<line>ri</line></par>
</text>
</block>
<block><region><rect/></region>
<text>
<par>
<line>•ffif.V •*</line></par>
</text>
</block>
<block><region><rect/></region>
<text>
<par/>
</text>
</block>
<block><region><rect/></region>
<text>
<par/>
</text>
</block>
<block><region><rect/></region>
<text>
<par/>
</text>
</block>
<block><region><rect/></region>
<text>
<par/>
</text>
</block>
<block><region><rect/></region>
<text>
<par>
<line>. i</line></par>
</text>
</block>
<block><region><rect/></region>
<text>
<par>
<line>i/;</line></par>
</text>
</block>
<block><region><rect/></region>
<text>
<par/>
</text>
</block>
<block><region><rect/></region>
<text>
<par>
<line>■ N</line></par>
</text>
</block>
<block><region><rect/></region>
<text>
<par>
<line>• .</line></par>
</text>
</block>
<block><region><rect/></region>
<text>
<par/>
</text>
</block>
<block><region><rect/></region>
<text>
<par/>
</text>
</block>
<block><region><rect/></region>
<text>
<par/>
</text>
</block>
<block><region><rect/></region>
<text>
<par/>
</text>
</block>
<block><region><rect/></region>
<text>
<par>
<line>iZ'.</line></par>
</text>
</block>
<block><region><rect/></region>
<text>
<par/>
</text>
</block>
<block><region><rect/></region>
<text>
<par>
<line>(/)</line></par>
</text>
</block>
<block><region><rect/><rect/></region>
<text>
<par/>
</text>
</block>
<block><region><rect/></region>
<text>
<par>
<line>! *</line></par>
</text>
</block>
<block><region><rect/></region>
<text>
<par>
<line>(D</line></par>
</text>
</block>
<block><region><rect/><rect/><rect/></region>
<text>
<par/>
</text>
</block>
<block><region><rect/></region>
<text>
<par>
<line>&lt;0</line></par>
</text>
</block>
<block><region><rect/></region>
<text>
<par>
<line>c</line></par>
</text>
</block>
<block><region><rect/></region>
<text>
<par/>
</text>
</block>
<block><region><rect/></region>
<text>
<par>
<line>î*?</line></par>
</text>
</block>
<block><region><rect/></region>
<text>
<par>
<line>I ï</line></par>
</text>
</block>
<block><region><rect/></region>
<text>
<par>
<line>&gt;</line></par>
</text>
</block>
<block><region><rect/></region>
<text>
<par>
<line>il.</line></par>
</text>
</block>
<block><region><rect/></region>
<text>
<par>
<line>O</line></par>
</text>
</block>
<block><region><rect/></region>
<text>
<par>
<line>iSA .</line></par>
</text>
</block>
<block><region><rect/></region>
<text>
<par>
<line>iTl» ‘ /*</line></par>
</text>
</block>
<block><region><rect/></region>
<text>
<par/>
</text>
</block>
<block><region><rect/><rect/></region>
<text>
<par>
<line>cû CmP</line></par>
<par>
<line>(ü</line></par>
<par>
<line>■D</line></par>
</text>
</block>
<block><region><rect/></region>
<text>
<par>
<line>i ^. •</line></par>
</text>
</block>
<block><region><rect/></region>
<text>
<par>
<line>ly? P</line></par>
</text>
</block>
<block><region><rect/></region>
<text>
<par>
<line>■■SÎ&gt;;</line></par>
</text>
</block>
<block><region><rect/><rect/><rect/></region>
<text>
<par>
<line>0)^</line></par>
<par>
<line>c</line></par>
</text>
</block>
<block><region><rect/></region>
<text>
<par>
<line>■‘•Ÿ</line></par>
</text>
</block>
<block><region><rect/></region>
<text>
<par>
<line>I lli</line></par>
<par>
<line>JS Ü: fH'S ^ ^ O i</line>
<line>^ ' S Q ■* ? • V”^</line></par>
<par>
<line>N = 3 r ^ -■</line></par>
</text>
</block>
<block><region><rect/></region>
<text>
<par>
<line>? &gt;h</line></par>
</text>
</block>
<block><region><rect/></region>
<text>
<par>
<line>«J</line></par>
</text>
</block>
<block><region><rect/></region>
<text>
<par>
<line>L' ••</line></par>
</text>
</block>
<block><region><rect/></region>
<text>
<par>
<line>CL</line></par>
</text>
</block>
<block><region><rect/></region>
<text>
<par>
<line>Is</line></par>
</text>
</block>
<block><region><rect/></region>
<text>
<par>
<line>X</line></par>
</text>
</block>
<block><region><rect/></region>
<text>
<par>
<line>(0</line></par>
</text>
</block>
<block><region><rect/></region>
<text>
<par>
<line>il</line></par>
</text>
</block>
<block><region><rect/></region>
<text>
<par>
<line>un</line></par>
</text>
</block>
<block><region><rect/></region>
<text>
<par>
<line>&lt;u</line></par>
</text>
</block>
<block><region><rect/></region>
<text>
<par>
<line>T3</line></par>
</text>
</block>
<block><region><rect/><rect/></region>
<text>
<par>
<line>I %Mm^x</line></par>
</text>
</block>
<block><region><rect/></region>
<text>
<par>
<line>^ &lt;JlC, ■</line></par>
</text>
</block>
<block><region><rect/></region>
<text>
<par/>
</text>
</block>
<block><region><rect/></region>
<text>
<par/>
</text>
</block>
<block><region><rect/></region>
<text>
<par>
<line>C</line></par>
</text>
</block>
<block><region><rect/></region>
<text>
<par/>
</text>
</block>
<block><region><rect/></region>
<text>
<par/>
</text>
</block>
<block><region><rect/></region>
<text>
<par>
<line>SJ</line></par>
</text>
</block>
<block><region><rect/></region>
<text>
<par>
<line>0)</line></par>
</text>
</block>
<block><region><rect/></region>
<text>
<par/>
</text>
</block>
<block><region><rect/></region>
<text>
<par>
<line>î.'Ag</line></par>
</text>
</block>
<block><region><rect/></region>
<text>
<par>
<line>«V. i-</line></par>
</text>
</block>
<block><region><rect/></region>
<text>
<par>
<line>E</line></par>
</text>
</block>
<block><region><rect/></region>
<text>
<par/>
</text>
</block>
<block><region><rect/></region>
<text>
<par>
<line>fT»4 -NA</line></par>
</text>
</block>
<block><region><rect/></region>
<text>
<par/>
</text>
</block>
<block><region><rect/></region>
<text>
<par/>
</text>
</block>
<block><region><rect/></region>
<text>
<par>
<line>i ■'ï</line></par>
</text>
</block>
<block><region><rect/></region>
<text>
<par>
<line>^ J</line></par>
</text>
</block>
<block><region><rect/></region>
<text>
<par/>
</text>
</block>
<block><region><rect/></region>
<text>
<par>
<line>(U</line></par>
</text>
</block>
<block><region><rect/></region>
<text>
<par>
<line>5 AT;</line></par>
</text>
</block>
<block><region><rect/></region>
<text>
<par>
<line>» '4</line></par>
</text>
</block>
<block><region><rect/></region>
<text>
<par/>
</text>
</block>
<block><region><rect/></region>
<text>
<par>
<line>(0</line></par>
</text>
</block>
<block><region><rect/></region>
<text>
<par>
<line>Ir;</line></par>
</text>
</block>
<block><region><rect/></region>
<text>
<par/>
</text>
</block>
<block><region><rect/></region>
<text>
<par>
<line>O)</line></par>
</text>
</block>
<block><region><rect/></region>
<text>
<par>
<line>m</line></par>
</text>
</block>
<block><region><rect/></region>
<text>
<par/>
</text>
</block>
<block><region><rect/></region>
<text>
<par/>
</text>
</block>
<block><region><rect/></region>
<text>
<par>
<line>r-'.</line></par>
</text>
</block>
<block><region><rect/></region>
<text>
<par/>
</text>
</block>
<block><region><rect/></region>
<text>
<par>
<line>'.f%</line></par>
</text>
</block>
<block><region><rect/></region>
<text>
<par>
<line>O</line></par>
</text>
</block>
<block><region><rect/></region>
<text>
<par/>
</text>
</block>
<block><region><rect/></region>
<text>
<par>
<line>6V\„-*V'' -</line></par>
</text>
</block>
<block><region><rect/><rect/></region>
<text>
<par>
<line>^ I JT*</line></par>
</text>
</block>
<block><region><rect/></region>
<text>
<par>
<line>0</line></par>
</text>
</block>
<block><region><rect/></region>
<text>
<par>
<line>■■ "v:</line></par>
</text>
</block>
<block><region><rect/></region>
<text>
<par>
<line>s «</line></par>
</text>
</block>
<block><region><rect/></region>
<text>
<par>
<line>"O</line></par>
</text>
</block>
<block><region><rect/></region>
<text>
<par>
<line>1/3</line></par>
</text>
</block>
<block><region><rect/></region>
<text>
<par>
<line>5^/^l</line></par>
</text>
</block>
<block><region><rect/></region>
<text>
<par/>
</text>
</block>
<block><region><rect/></region>
<text>
<par>
<line>Q) 4* ' J</line></par>
<par>
<line>J» ,\ ,v'Æ r</line></par>
</text>
</block>
<block><region><rect/></region>
<text>
<par>
<line>i V</line></par>
</text>
</block>
<block><region><rect/></region>
<text>
<par>
<line>I ft</line></par>
</text>
</block>
<block><region><rect/></region>
<text>
<par/>
</text>
</block>
<block><region><rect/><rect/></region>
<text>
<par/>
</text>
</block>
<block><region><rect/></region>
<text>
<par>
<line>î .•3' ■ 3</line></par>
</text>
</block>
<block><region><rect/><rect/><rect/></region>
<text>
<par/>
</text>
</block>
<block><region><rect/></region>
<text>
<par>
<line>Q-</line></par>
</text>
</block>
<block><region><rect/></region>
<text>
<par/>
</text>
</block>
<block><region><rect/><rect/><rect/></region>
<text>
<par/>
</text>
</block>
<block><region><rect/></region>
<text>
<par>
<line>M-</line></par>
</text>
</block>
<block><region><rect/></region>
<text>
<par/>
</text>
</block>
<block><region><rect/></region>
<text>
<par>
<line>if' fi</line></par>
</text>
</block>
<block><region><rect/></region>
<text>
<par>
<line>■‘,a î -■</line>
<line>S' I Sc»</line></par>
</text>
</block>
<block><region><rect/></region>
<text>
<par>
<line>àili.</line></par>
</text>
</block>
<block><region><rect/></region>
<text>
<par>
<line>25</line></par>
</text>
</block>















</page>
</AC2>