<?xml version="1.0" encoding="UTF-8"?><AC2>
<page width="2508" height="3513" resolution="300">
<block><region><rect/></region>
<text>
<par>
<line>gSPTOXIQUg FHAKGAISS</line></par>
</text>
</block>
<block><region><rect/></region>
<text>
<par>
<line>MIWI3TÎ5R®</line></par>
<par>
<line>JT'. L' P; '.TRüCTION PUBLIODIl ST DBS</line>
<line>• ^AUXi-ARTS</line></par>
</text>
</block>
<block><region><rect/></region>
<text>
<par>
<line>A/.V'-jrétariat d’Stat des</line>
<line>üeaux-Arts</line></par>
<par>
<line>A R R B T B</line></par>
<par>
<line>Division' ————</line></par>
<par>
<line>des servioes d’arohiteoture</line></par>
</text>
</block>
<block><region><rect/></region>
<text>
<par>
<line>Monuments Historiques</line>
<line>Sites &amp; Monuments tlaturels</line></par>
</text>
</block>
<block><region><rect/></region>
<text>
<par>
<line>■ laS MIKISTRS DB L» maTRUCTION PUBUOÜB ST IBS BMUX-iB</line></par>
<par>
<line>Yu la loi du 21 Avril 1006 organisant la protection</line>
<line>des sites et Œonumeîits naturel® de caractère artistique,</line></par>
<par>
<line>Tu l’avis éais par la ooismlssion départementale de®</line>
<line>sites et GoonamentB naturels dan® ®e séance du 5 J'uin 1906,</line></par>
<par>
<line>Tu les engagements en date des Ifi et 16 Dédemtre 19IC</line>
<line>pria par Ml.Johannès Gros, Joseph Gros et Louis Sellier,</line>
<line>propriétaires,</line></par>
<par>
<line>Sur la proposition du SouB-Seorétaire d’Btat dos Beau</line></par>
<par>
<line>Arts,</line></par>
</text>
</block>
<block><region><rect/></region>
<text>
<par>
<line>A B R 1 T g</line></par>
</text>
</block>
<block><region><rect/></region>
<text>
<par>
<line>Artiole^BT- lès rochers connus sous le nom de "Oromlech â</line>
<line>la fioohe qui danse” à St-Barthelé«y de Tais, au lieudit</line>
<line>”Boohe qui danse, sont classés parmi les sites et faonuments</line>
<line>naturels de caractère artistique»</line></par>
<par>
<line>Article 8 è £e présent arrêté sera notifié au i^éfet dû</line>
<line>départeoent de la Drôme et aux propriétaires, HB»Johannès §</line>
<line>Joseph 0x98, et Louis Sellier, qui seront responsables, oha</line>
<line>en oe qui le concerne, de son exécutLon»</line></par>
<par>
<line>Paris, le 13. c3/. ISlj</line></par>
<par>
<line>^ ih^.le Ministre de l'Instrostion Publlq</line></par>
<par>
<line>et des Beaux-Arts</line>
<line>Par délégation</line></par>
<par>
<line>Le S/Secrétalre d'Stat des Beaux Artsi</line></par>
</text>
</block>
<block><region><rect/></region>
<text>
<par>
<line>Pr .Ampliation</line>
<line>Le Chef de la Division des</line>
<line>Services d’arohiteoture,</line></par>
</text>
</block>















</page>
<page width="2534" height="3531" resolution="300">
<block><region><rect/><rect/><rect/></region>
<text>
<par>
<line>Ktfrj</line></par>
</text>
</block>




















































<block blockType="Picture" blockName="" l="1397" t="3048" r="1679" b="3074"><region><rect/></region>
</block>
</page>
</AC2>