<?xml version="1.0" encoding="UTF-8"?><AC2>
<page width="2479" height="3508" resolution="300">
<block><region><rect/></region>
<text orientation="RotatedCounterclockwise">
<par>
<line>[ïï(&gt;0Û8]</line></par>
</text>
</block>
<block><region><rect/></region>
<text>
<par/>
</text>
</block>
<block><region><rect/></region>
<text>
<par>
<line>MlNLSJUiU-:</line></par>
</text>
</block>
<block><region><rect/></region>
<text>
<par>
<line>^;E^STrJ5U^m^ jh'iujou:</line></par>
<par>
<line>iïŸ DtS l3Ll!.X-.lîliS</line></par>
</text>
</block>
<block><region><rect/></region>
<text>
<par>
<line>3h:ai;x-arts</line></par>
<par>
<line>MONUMENTS HESTOE!igvEj</line>
<line>SiLï)» üt M[jilu[tl0ntïi n^Lurela</line></par>
</text>
</block>
<block><region><rect/></region>
<text>
<par>
<line>IIKniJiLiOl^K l'FIV^CAlSlî</line></par>
</text>
</block>
<block><region><rect/></region>
<text>
<par>
<line>I /</line></par>
</text>
</block>
<block><region><rect/></region>
<text>
<par>
<line>sgf*.</line></par>
<par>
<line>P</line></par>
<par>
<line>-/çc?s</line></par>
<par>
<line>e/i'J lü-J^ '^■^'fli&gt; ' Jizï-</line></par>
<par>
<line>r:&lt;ï^._....lit:.Ji^:.-LS27;.—^__.__</line></par>
<par>
<line>,/ii a8 ,. OOtÛÏîrfi, 1,927.,.. .</line></par>
<par>
<line>yi ^ ri,a „M.li S, Garai prop ri étalra ûâmeu^</line></par>
<par>
<line>i^t 76 Avenue Gu Bao k La Yarenna ( seine );</line></par>
</text>
</block>
<block><region><rect/><rect/></region>
<text>
<par>
<line>ali'iï.tête.j :</line></par>
</text>
</block>
<block><region><rect/></region>
<text>
<par>
<line>5V</line></par>
</text>
</block>
<block><region><rect/></region>
<text>
<par>
<line>J}'</line></par>
</text>
</block>
<block><region><rect/><rect/></region>
<text>
<par>
<line>J ''</line></par>
<par>
<line>i</line></par>
</text>
</block>
<block><region><rect/></region>
<text>
<par>
<line>__, L e_ J.a ï;ü in^,, G Ape Mant^ G â .1 J.ime uJ&amp;lê__aïaiit.^paE^</line></par>
<par>
<line>aupg,àte.Jlaüillô--itXLLIïïE-jai-l)nrilant-lô--ruiflaflau-4e--</line>
<line>^t,t,l&amp;ai-ôa--à-aâaujai.ant.-la?-3^rrXài^, j(-JIiàzra-V_-_</line></par>
</text>
</block>
<block><region><rect/></region>
<text>
<par>
<line>0J9i.i_.. isiri^ J-i'/aJ fAi-i? ■Aîfi./îi</line></par>
</text>
</block>
<block><region><rect/></region>
<text>
<par>
<line>''/ ■' /</line></par>
</text>
</block>





</page>
<page width="2487" height="3514" resolution="300">
<block><region><rect/></region>
<text>
<par/>
</text>
</block>
<block><region><rect/></region>
<text>
<par>
<line>./.J9....1a...jllà7re,.,.aüi-.iiair4.Af...i.a_Co™iu..</line></par>
</text>
</block>
<block><region><rect/></region>
<text>
<par>
<line>da.-3eauiaDrLt-liir?i'arrlè&gt;i^a.j04,.,^^ .</line></par>
</text>
</block>
<block><region><rect/></region>
<text>
<par>
<line>fié'</line></par>
</text>
</block>










</page>
<page width="2479" height="3508" resolution="300">
<block><region><rect/><rect/><rect/><rect/><rect/></region>
<text>
<par>
<line>h^4^0 rtOA/^ Ft\</line></par>
<par>
<line>^ y f '&lt;f ^ Ÿ</line></par>
<par>
<line>Agrsnd^ A</line></par>
<par>
<line>échelle: l/U50l</line></par>
<par>
<line>( S^o/. /? mAAA^ /f^/</line></par>
</text>
</block>
<block><region><rect/></region>
<text>
<par>
<line>-y f</line></par>
</text>
</block>
<block><region><rect/></region>
<text>
<par/>
</text>
</block>
<block><region><rect/></region>
<text>
<par>
<line>%</line></par>
</text>
</block>
<block><region><rect/></region>
<text>
<par>
<line>SS</line></par>
</text>
</block>
<block><region><rect/></region>
<text>
<par>
<line>J ^ f --</line>
<line>fv;ûntjrriej;t</line></par>
<par>
<line>r</line></par>
</text>
</block>
<block><region><rect/></region>
<text>
<par>
<line>/</line></par>
</text>
</block>
<block><region><rect/></region>
<text>
<par/>
</text>
</block>
<block><region><rect/></region>
<text>
<par>
<line>A.</line></par>
</text>
</block>
<block><region><rect/></region>
<text>
<par/>
</text>
</block>
<block><region><rect/></region>
<text>
<par>
<line>'V ÿ</line></par>
</text>
</block>
<block><region><rect/></region>
<text>
<par>
<line>V-.</line></par>
</text>
</block>
<block><region><rect/></region>
<text>
<par>
<line>/ t&gt;!-i</line></par>
</text>
</block>
<block><region><rect/></region>
<text>
<par>
<line>f l^-J-</line></par>
<par>
<line>/</line></par>
<par>
<line>- /</line></par>
</text>
</block>
<block><region><rect/></region>
<text>
<par>
<line>OJ</line></par>
</text>
</block>
<block><region><rect/></region>
<text>
<par/>
</text>
</block>
<block><region><rect/></region>
<text>
<par>
<line>/</line></par>
</text>
</block>
<block><region><rect/></region>
<text>
<par>
<line>X</line></par>
</text>
</block>
<block><region><rect/></region>
<text>
<par/>
</text>
</block>
<block><region><rect/></region>
<text>
<par>
<line>&gt;</line></par>
<par>
<line>'•J / ^ &gt;</line></par>
<par>
<line>■' / / /</line></par>
</text>
</block>
<block><region><rect/><rect/><rect/><rect/></region>
<text>
<par/>
</text>
</block>
<block><region><rect/></region>
<text>
<par>
<line>^ À»</line></par>
</text>
</block>
<block><region><rect/></region>
<text>
<par>
<line>X</line></par>
</text>
</block>
<block><region><rect/></region>
<text>
<par/>
</text>
</block>
<block><region><rect/></region>
<text>
<par/>
</text>
</block>
<block><region><rect/></region>
<text>
<par/>
</text>
</block>
<block><region><rect/></region>
<text>
<par/>
</text>
</block>
<block><region><rect/><rect/><rect/></region>
<text>
<par/>
</text>
</block>
<block><region><rect/></region>
<text>
<par/>
</text>
</block>
<block><region><rect/></region>
<text>
<par>
<line>. \ ^</line></par>
</text>
</block>
<block><region><rect/></region>
<text>
<par/>
</text>
</block>
<block><region><rect/></region>
<text>
<par>
<line>r^&lt;-^</line></par>
</text>
</block>
<block><region><rect/><rect/><rect/><rect/></region>
<text>
<par>
<line>^4^;-</line></par>
</text>
</block>
<block><region><rect/></region>
<text>
<par/>
</text>
</block>
<block><region><rect/></region>
<text>
<par>
<line>/Ss^f'jâJ h</line></par>
</text>
</block>
<block><region><rect/></region>
<text>
<par>
<line>.ù</line></par>
</text>
</block>
<block><region><rect/><rect/><rect/></region>
<text>
<par>
<line>-‘^^mw/s:</line></par>
<par>
<line>jï^ r^.</line></par>
</text>
</block>
<block><region><rect/></region>
<text>
<par/>
</text>
</block>
<block><region><rect/><rect/></region>
<text>
<par/>
</text>
</block>
<block><region><rect/></region>
<text>
<par/>
</text>
</block>
<block><region><rect/></region>
<text>
<par>
<line>m ü</line></par>
</text>
</block>
<block><region><rect/></region>
<text>
<par>
<line>srs.</line></par>
</text>
</block>
<block><region><rect/></region>
<text>
<par>
<line>&lt;d.</line></par>
</text>
</block>
<block><region><rect/></region>
<text>
<par/>
</text>
</block>
<block><region><rect/></region>
<text>
<par/>
</text>
</block>
<block><region><rect/></region>
<text>
<par/>
</text>
</block>
<block><region><rect/></region>
<text>
<par>
<line>'})eiy!i.’:</line></par>
</text>
</block>
<block><region><rect/></region>
<text>
<par>
<line>^ \</line></par>
</text>
</block>
<block><region><rect/></region>
<text>
<par>
<line>■Vît?</line></par>
</text>
</block>
<block><region><rect/></region>
<text>
<par>
<line>i?7 0</line></par>
</text>
</block>
<block><region><rect/><rect/></region>
<text>
<par/>
</text>
</block>
<block><region><rect/></region>
<text>
<par/>
</text>
</block>
<block><region><rect/></region>
<text>
<par/>
</text>
</block>
<block><region><rect/></region>
<text>
<par>
<line>4 M</line></par>
</text>
</block>
<block><region><rect/></region>
<text>
<par>
<line>Eglise</line></par>
</text>
</block>
<block><region><rect/></region>
<text>
<par>
<line>//J"</line></par>
</text>
</block>
<block><region><rect/></region>
<text>
<par/>
</text>
</block>
<block><region><rect/></region>
<text>
<par>
<line>//û;</line></par>
</text>
</block>
<block><region><rect/></region>
<text>
<par/>
</text>
</block>
<block><region><rect/></region>
<text>
<par/>
</text>
</block>
<block><region><rect/></region>
<text>
<par/>
</text>
</block>
<block><region><rect/></region>
<text>
<par>
<line>I "x</line></par>
</text>
</block>
<block><region><rect/></region>
<text>
<par/>
</text>
</block>
<block><region><rect/></region>
<text>
<par/>
</text>
</block>
<block><region><rect/></region>
<text>
<par>
<line>S</line></par>
</text>
</block>
<block><region><rect/></region>
<text>
<par/>
</text>
</block>
<block><region><rect/></region>
<text>
<par/>
</text>
</block>
<block><region><rect/></region>
<text>
<par>
<line>! 7^</line></par>
</text>
</block>
<block><region><rect/><rect/></region>
<text>
<par>
<line>C) X^A.</line></par>
</text>
</block>
<block><region><rect/></region>
<text>
<par>
<line>'â.</line></par>
</text>
</block>
<block><region><rect/></region>
<text>
<par>
<line>0</line></par>
</text>
</block>
<block><region><rect/></region>
<text>
<par/>
</text>
</block>
<block><region><rect/></region>
<text>
<par/>
</text>
</block>
<block><region><rect/></region>
<text>
<par>
<line>Z'</line></par>
</text>
</block>
<block><region><rect/></region>
<text>
<par>
<line>fia</line></par>
</text>
</block>
<block><region><rect/></region>
<text>
<par/>
</text>
</block>
<block><region><rect/></region>
<text>
<par>
<line>K</line></par>
</text>
</block>
<block><region><rect/></region>
<text>
<par>
<line>L</line></par>
</text>
</block>
<block><region><rect/></region>
<text>
<par/>
</text>
</block>
<block><region><rect/></region>
<text>
<par/>
</text>
</block>
<block><region><rect/></region>
<text>
<par>
<line>e</line></par>
</text>
</block>
<block><region><rect/></region>
<text>
<par/>
</text>
</block>
<block><region><rect/></region>
<text>
<par/>
</text>
</block>
<block><region><rect/><rect/></region>
<text>
<par/>
</text>
</block>
<block><region><rect/></region>
<text>
<par/>
</text>
</block>
<block><region><rect/></region>
<text>
<par/>
</text>
</block>
<block><region><rect/></region>
<text>
<par>
<line>’f</line></par>
</text>
</block>
<block><region><rect/></region>
<text>
<par/>
</text>
</block>
<block><region><rect/></region>
<text>
<par/>
</text>
</block>
<block><region><rect/></region>
<text>
<par>
<line>r</line></par>
</text>
</block>
<block><region><rect/></region>
<text>
<par>
<line>x</line></par>
</text>
</block>
<block><region><rect/></region>
<text>
<par/>
</text>
</block>
<block><region><rect/></region>
<text>
<par>
<line>-</line></par>
</text>
</block>
<block><region><rect/></region>
<text>
<par/>
</text>
</block>
<block><region><rect/></region>
<text>
<par>
<line>A</line></par>
</text>
</block>
<block><region><rect/></region>
<text>
<par>
<line>//J</line></par>
</text>
</block>
<block><region><rect/></region>
<text>
<par/>
</text>
</block>
<block><region><rect/></region>
<text>
<par>
<line>Cîiy</line></par>
</text>
</block>
<block><region><rect/></region>
<text>
<par>
<line>SA</line></par>
</text>
</block>
<block><region><rect/></region>
<text>
<par/>
</text>
</block>
<block><region><rect/></region>
<text>
<par>
<line>Î5</line></par>
</text>
</block>
<block><region><rect/></region>
<text>
<par/>
</text>
</block>
<block><region><rect/></region>
<text>
<par/>
</text>
</block>
<block><region><rect/></region>
<text>
<par>
<line>■Ù2</line></par>
</text>
</block>
<block><region><rect/></region>
<text>
<par/>
</text>
</block>
<block><region><rect/></region>
<text>
<par/>
</text>
</block>
<block><region><rect/></region>
<text>
<par>
<line>^ J</line></par>
</text>
</block>
<block><region><rect/></region>
<text>
<par/>
</text>
</block>
<block><region><rect/></region>
<text>
<par>
<line>//s</line></par>
</text>
</block>
<block><region><rect/></region>
<text>
<par>
<line>ze</line></par>
</text>
</block>
<block><region><rect/></region>
<text>
<par>
<line>37</line></par>
</text>
</block>
<block><region><rect/></region>
<text>
<par/>
</text>
</block>
<block><region><rect/></region>
<text>
<par/>
</text>
</block>
<block><region><rect/></region>
<text>
<par>
<line>so</line></par>
</text>
</block>
<block><region><rect/></region>
<text>
<par>
<line>\xi‘</line></par>
</text>
</block>
<block><region><rect/></region>
<text>
<par/>
</text>
</block>
<block><region><rect/></region>
<text>
<par/>
</text>
</block>
<block><region><rect/></region>
<text>
<par/>
</text>
</block>
<block><region><rect/></region>
<text>
<par>
<line>//7</line></par>
</text>
</block>
<block><region><rect/></region>
<text>
<par>
<line>h</line></par>
</text>
</block>
<block><region><rect/></region>
<text>
<par>
<line>^3</line></par>
</text>
</block>
<block><region><rect/></region>
<text>
<par>
<line>^ Vff</line></par>
<par>
<line>us te</line></par>
</text>
</block>
<block><region><rect/></region>
<text>
<par>
<line>se</line></par>
</text>
</block>
<block><region><rect/></region>
<text>
<par>
<line>J</line></par>
</text>
</block>
<block><region><rect/></region>
<text>
<par/>
</text>
</block>
<block><region><rect/></region>
<text>
<par/>
</text>
</block>
<block><region><rect/></region>
<text>
<par/>
</text>
</block>
<block><region><rect/></region>
<text>
<par/>
</text>
</block>



















</page>
<page width="799" height="1128" resolution="96">
<block><region><rect/></region>
<text>
<par/>
</text>
</block>
<block><region><rect/><rect/><rect/><rect/></region>
<text>
<par>
<line>NIEVRE</line></par>
<par>
<line>; BEAUMONT LA FERRIERE</line></par>
</text>
</block>
<block><region><rect/><rect/></region>
<text>
<par>
<line>J«KfHD COSnE«SL«^cO!R£</line></par>
<par>
<line>CANTON. LA CHARITE-SIR^lORE</line></par>
<par>
<line>JARDIN DE L'IMMEUBLE AYANT APPARTENU/SU</line>
<line>POETE ACHILLE MILLIEN</line></par>
</text>
</block>
<block><region><rect/></region>
<text>
<par>
<line>V»* &lt;•«*»• 66 ,7.</line></par>
</text>
</block>
<block><region><rect/></region>
<text>
<par>
<line>C.IW</line></par>
</text>
</block>
<block><region><rect/></region>
<text>
<par/>
</text>
</block>
<block><region><rect/></region>
<text>
<par/>
</text>
</block>
<block><region><rect/></region>
<text>
<par>
<line>Oc»</line></par>
</text>
</block>
<block><region><rect/></region>
<text>
<par/>
</text>
</block>
<block><region><rect/></region>
<text>
<par>
<line>00</line></par>
</text>
</block>
<block><region><rect/></region>
<text>
<par>
<line>«•C'</line></par>
</text>
</block>
<block><region><rect/></region>
<text>
<par>
<line>0</line></par>
</text>
</block>
<block><region><rect/></region>
<text>
<par/>
</text>
</block>
<block><region><rect/></region>
<text>
<par/>
</text>
</block>
<block><region><rect/></region>
<text>
<par>
<line>AU,</line></par>
</text>
</block>
<block><region><rect/></region>
<text>
<par/>
</text>
</block>
<block><region><rect/></region>
<text>
<par>
<line>r</line></par>
</text>
</block>
<block><region><rect/></region>
<text>
<par>
<line>M</line></par>
</text>
</block>
<block><region><rect/></region>
<text>
<par>
<line>Ui</line></par>
</text>
</block>
<block><region><rect/></region>
<text>
<par>
<line>«n</line></par>
</text>
</block>
<block><region><rect/></region>
<text>
<par>
<line>e</line></par>
</text>
</block>
<block><region><rect/></region>
<text>
<par>
<line>ECHELLE</line>
<line>PARTIE CLAiMC^</line></par>
</text>
</block>
<block><region><rect/></region>
<text>
<par>
<line>Aéf#aâuit d« lUiMablfl *p|^t#ûa ma p9èt« Ae&amp;ill»</line></par>
<par>
<line>CLXiISS 6t b«rd4int U rul«s«aa à BMUK)At-lft&gt;*T«rrllr« (ITlè-</line></par>
<par>
<line>•( ifiOiwMU flAtarels â« attifé</line></par>
<par>
<line>( arréié â« 12 car» I9^«)</line></par>
</text>
</block>





















</page>
<page width="793" height="1123" resolution="96">
<block><region><rect/></region>
<text>
<par>
<line>2. JARDIN DEPENDANT DE LMMMEUBLE</line></par>
<par>
<line>AYANT APPARTE^U A ACHILLË MILLIEN</line></par>
</text>
</block>
<block><region><rect/></region>
<text>
<par>
<line>Situation géogrâpriiquo : Environ 25 kms au nord de Nevers</line></par>
</text>
</block>
<block><region><rect/></region>
<text>
<par>
<line>OuarsUcation di* site Ja f&lt;Mo</line></par>
<par>
<line>intérêt pstrimonf&amp;i : Site d'îmèréi artistique et nislorique régional</line></par>
<par>
<line>Département Nièvre</line></par>
<par>
<line>Commune Boaumont La Ferrière</line></par>
<par>
<line>Date tfe protection', 12 mare 192 ô</line></par>
<par>
<line>Superficie 'Non précisée</line></par>
<par>
<line>Statut de proprtéfé . Propriété privée</line></par>
<par>
<line>'Bfistence tS\tn proÿfamaie de gestion. Sans objet</line></par>
<par>
<line>Autre ptdhiction • Noit .</line></par>
<par>
<line>2nféff Non</line></par>
</text>
</block>
<block><region><rect/></region>
<text>
<par>
<line>rCARACTERISTiQUES PU SITE . j</line></par>
<par>
<line>Petit jardin, souice d'inspiratibn du poète et folkloriste nivernais Achille Mrllien (1838-</line>
<line>1927}</line></par>
</text>
</block>
<block><region><rect/></region>
<text>
<par>
<line>SON ENVIRONNEMENT</line></par>
</text>
</block>
<block><region><rect/></region>
<text>
<par>
<line>Ce jardin est situé dans le bourg de Beaumont La Ferrière, en bordure du ruisseau de</line>
<line>Battignje il jouxte la maison - signalée par une plaque commémorative • dans laquelle</line>
<line>a vécu Achille Millien</line></par>
</text>
</block>
<block><region><rect/></region>
<text>
<par>
<line>SON EVOLUTION</line></par>
</text>
</block>
<block><region><rect/></region>
<text>
<par>
<line>UtHisadon et fréquentation du site ; Jardin prrvé</line></par>
<par>
<line>Etat du site . )l ne reste plus nen de l’organisation originelle du jar^n car le jardin e été</line>
<line>divisé eritie deux piupuétes. Sa végéldlion est aujourd'hui très ordinaire.</line></par>
</text>
</block>
<block><region><rect/></region>
<text>
<par>
<line>RECOMMANDATIONS DE MISE ENVALEUR</line>
<line>ET DE GESTION</line></par>
</text>
</block>
<block><region><rect/></region>
<text>
<par>
<line>Une resiauralion du jardin paraît difficile, car on ignore tout de son organisation</line>
<line>originelle</line></par>
</text>
</block>
<block><region><rect/></region>
<text>
<par>
<line>i</line></par>
</text>
</block>













</page>
</AC2>