<?xml version="1.0" encoding="UTF-8"?><AC2>
<page width="1667" height="2348" resolution="200">
<block><region><rect/></region>
<text>
<par>
<line>République Française</line></par>
</text>
</block>
<block><region><rect/></region>
<text>
<par>
<line>I</line></par>
</text>
</block>
<block><region><rect/></region>
<text>
<par>
<line>MINISTERE DES AFFAIRES CULTURELLES</line></par>
</text>
</block>
<block><region><rect/></region>
<text>
<par>
<line>DECRET</line></par>
<par>
<line>portant classeraexit parini, les sites du village dti Relecq et</line>
<line>ses abords, commune de PLOUÎ'TEOUR MENEZ (Finistère).</line></par>
</text>
</block>
<block><region><rect/></region>
<text>
<par>
<line>î) PREMIER MINISTRE,</line></par>
<par>
<line>SUR le rapport du Ministre des Affaires Culturelles</line></par>
<par>
<line>VU la loi du 2 mai 1930 réorganisant, la protection des monuments</line>
<line>naturels et des sites de caractère artistique, historique, scien</line>
<line>tifique, légendaire ou pittoresque, modifiée par la loi n® 67—</line>
<line>117^ du 28 décembre 19^7 et notamment les articles 5-1, 7 et 8 ;</line></par>
<par>
<line>' VU le, décret n° 69-607 du 13 juin 1969, portant., application de</line>
<line>l*artible 5-1 de la loi modifiée du 2 mai 1930 sur les</line>
<line>protections des sites ;</line></par>
<par>
<line>VU le décret du 2k juillet 1959 portant organisation du Ministère</line>
<line>^ de^^ Affaires, Culturelles ;</line></par>
<par>
<line>VU la loi du 12 avril 19^3 portant règlementation de la publicité</line>
<line>et des enseignes et notamment les articles 5 et 9 î</line></par>
<par>
<line>VU le décret n® 70-288 du 31 mars 1970 relatif à la composition</line>
<line>, et au fonctionnement des Commissions Départementales et Supé¬</line>
<line>rieures des Sites ; ,</line></par>
<par>
<line>VU le décret n° 72-37 du 11 janvier 1972 relatif-au stationnement</line>
<line>des caravanes et notamment les articles 3, 7, 9 ©t 10 5</line></par>
<par>
<line>VU l*arrété en date du 4 mai 1943 'inscrivant sur'l’Inventaire des</line>
<line>Sites le placitre et les abords de la Chapelle du Relecq 5</line></par>
<par>
<line>VU l’arrêté en date du 10 janvier 1986 inscrivant sur l’Inventaire</line>
<line>des Sites les Monts d’Arrée 5 ■■■■' ' '</line></par>
<par>
<line>VU les conclusions de l’enquête effectuée en application de l’ar¬</line>
<line>ticle 5-1 susvisé de la .loi du 2 mai.1930 modifié© et des</line>
<line>articles 4 et 5 du décret 'n® 69-607 dü'13"juin 19^9 et notam¬</line>
<line>ment-le refus d’adhésip*5U classement de certains propriétaires</line></par>
<par>
<line>VU-,-1*avis émis par la ..Commission départementale des Sites, Perspec¬</line>
<line>tives et Paysages du Finistère dans sa séance du 12 mai 1971 $</line></par>
</text>
</block>
<block><region><rect/></region>
<text>
<par>
<line>• • •</line></par>
</text>
</block>
<block><region><rect/></region>
<text>
<par>
<line>/</line></par>
</text>
</block>
<block><region><rect/></region>
<text>
<par>
<line>• • •</line></par>
</text>
</block>

</page>
<page width="1725" height="2388" resolution="200">
<block><region><rect/></region>
<text>
<par>
<line>- 2 -</line></par>
</text>
</block>
<block><region><rect/></region>
<text>
<par>
<line>VU l*avis émis par la Commission Supérieure des Sites, Perspectiv</line>
<line>et Paysages dans sa séance du 13 juillet 1972 j</line></par>
<par>
<line>Le Conseil d*Etat (Section de 1^Intérieur) entendu 5</line></par>
<par>
<line>D ,E CRETE : g</line></par>
<par>
<line>_•  # -1 m •  • ^</line></par>
<par>
<line>^ 9 ♦ • • # •</line></par>
</text>
</block>
<block><region><rect/><rect/></region>
<text>
<par>
<line>Article 1er - Est classé parmi les Sites pittoreséiues du départeme</line>
<line>du ÿinïsïere l^ensemble formé sur la.coraraime de PLOUNEOUE MENEZ pe</line>
<line>le village du Relecq et ses abords délimité comme suit, en partant</line>
<line>de l*angle Nord-Est ,de la parcelle 619,, et dans le sens des aiguil</line>
<line>d*une montre s ,</line></par>
<par>
<line>- la limite Nord-Est. dé la parcelle 619’'_'</line></par>
<par>
<line>- la. limite communale avec la commune du-goitre Saint Thégonnec</line></par>
<par>
<line>, lohgéâât lés parcelles.. 620,-, 9'‘*f, 95, 9,$ j"^9 jusqu*à sa</line></par>
<par>
<line>rencontre avec lé chemin, rural allant”vers Tÿ Croas</line></par>
<par>
<line>-.chemin.rural,de Ty Croas. jusqu*à la parcelle 139</line></par>
<par>
<line>- limite Est-Sud des parcelles 139, 156,1374 135*136,1335 132, 183,</line>
<line>.'1^7, 1.88 . , ,</line></par>
<par>
<line>- limite Sud et Sud-Ouest des parcelles I88, 275, 27^, 273, 272, 27</line></par>
<par>
<line>270, 269, 280, 30, 10, 869, 873, 872</line></par>
<par>
<line>- limite Nord et Nord-Ouest des parcelles 872, 839, 838, 836,</line></par>
<par>
<line>663, 664, 663,659,637,656,833, 654, 626 et 619 point de départ</line></par>
<par>
<line>©t comprenant.les parcelles cadastrales suivantes ;</line></par>
<par>
<line>■ Section E - Feuille 3</line></par>
<par>
<line>parcelles n® 619 à''626, 654 à 664^' 663</line></par>
<par>
<line>Section F Feuille 3 —</line></par>
<par>
<line>parcelles n° 836 à 873.,</line></par>
<par>
<line>Sec.tion G - Feuille 1 -</line></par>
<par>
<line>parcelles n° 30 à 139, ^83 à 188, 269 à 280,I5</line></par>
<par>
<line>ainsi que tous lés chemins compris à l’intérieur de la délimitation</line></par>
</text>
</block>
<block><region><rect/></region>
<text>
<par>
<line>e ••</line></par>
</text>
</block>
<block><region><rect/></region>
<text>
<par>
<line>/</line></par>
</text>
</block>
<block><region><rect/></region>
<text>
<par>
<line>0 9 9</line></par>
</text>
</block>














</page>
<page width="1653" height="2338" resolution="200">
<block><region><rect/></region>
<text>
<par>
<line>otir ampliation</line></par>
</text>
</block>
<block><region><rect/></region>
<text>
<par>
<line>Article 2 - Le présent decret sera notifie au Préfet du département</line>
<line>du Finistère et au Maire de la commune de PLOUNEOUR MENEZ, ainsi</line>
<line>qu’aux propriétaires intéressés®</line></par>
<par>
<line>Article 3 - Il sera publié au Bureau des Hypothèques de Xft situation</line>
<line>du site classé dans les conditions prévues par l’article 10 de la</line>
<line>loi susvisée du 2 mai 1930*</line></par>
<par>
<line>Article 4 - Le Ministre des Affaires Culturelles âflt chargé de</line>
<line>l’exécution du présent décret qui sera publié au Journal Officiel</line>
<line>de la République Française*</line></par>
</text>
</block>
<block><region><rect/></region>
<text>
<par>
<line>otir ampliation</line></par>
</text>
</block>
<block><region><rect/></region>
<text>
<par>
<line>Fait à PARIS, le 9 Janvier 1973</line></par>
</text>
</block>
<block><region><rect/></region>
<text>
<par>
<line>Par le Premier Ministre</line>
<line>Pierre MESSMER</line></par>
</text>
</block>
<block><region><rect/></region>
<text>
<par>
<line>Le Ministre des Affaires Culturelles</line>
<line>Jacques. -DUHAMEL</line></par>
</text>
</block>
<block><region><rect/></region>
<text>
<par/>
</text>
</block>
<block><region><rect/></region>
<text>
<par>
<line>l’administrateur civil</line>
<line>;hargé du Bureau des Sites</line></par>
</text>
</block>
<block><region><rect/></region>
<text>
<par>
<line>Nancy BOUCHE</line></par>
</text>
</block>





</page>
</AC2>