<?xml version="1.0" encoding="UTF-8"?><AC2>
<page width="2586" height="3328" resolution="300">
<block><region><rect/></region>
<text>
<par>
<line>ijON DK « '</line></par>
</text>
</block>
<block><region><rect/></region>
<text>
<par>
<line>MORBIHAN</line></par>
</text>
</block>
<block><region><rect/></region>
<text>
<par>
<line>MICHELIN N' 63</line>
<line>t/200 000</line></par>
</text>
</block>
<block><region><rect/></region>
<text>
<par>
<line>N</line></par>
</text>
</block>
<block><region><rect/></region>
<text>
<par>
<line>'TLCIUÜF</line></par>
</text>
</block>
<block><region><rect/></region>
<text>
<par>
<line>i</line></par>
</text>
</block>
<block><region><rect/></region>
<text>
<par>
<line>ES</line></par>
</text>
</block>
<block><region><rect/></region>
<text>
<par>
<line>THEIX</line></par>
<par>
<line>canton : Vannes est</line>
<line>arrond"^ : vannes</line></par>
</text>
</block>
<block><region><rect/></region>
<text>
<par>
<line>9ft</line></par>
</text>
</block>
<block><region><rect/></region>
<text>
<par>
<line>Coi</line></par>
</text>
</block>
<block><region><rect/></region>
<text>
<par/>
</text>
</block>
<block><region><rect/><rect/></region>
<text>
<par>
<line>PLACITRE</line></par>
<par>
<line>lIPTiOv</line></par>
<par>
<line>NOTRE</line></par>
</text>
</block>
<block><region><rect/></region>
<text>
<par>
<line>NORD</line></par>
<par>
<line>DAME</line></par>
</text>
</block>
<block><region><rect/></region>
<text>
<par>
<line>DE</line></par>
<par>
<line>LA</line></par>
</text>
</block>
<block><region><rect/></region>
<text>
<par>
<line>LA CHAPELLE</line>
<line>BLANCHE</line></par>
</text>
</block>
<block><region><rect/></region>
<text>
<par>
<line>\ grand calvoire</line></par>
</text>
</block>
<block><region><rect/></region>
<text>
<par>
<line>ParUc</line></par>
</text>
</block>
<block><region><rect/></region>
<text>
<par>
<line>insc</line></par>
</text>
</block>
<block><region><rect/></region>
<text>
<par>
<line>rUt</line></par>
</text>
</block>
<block><region><rect/></region>
<text>
<par>
<line>N</line></par>
</text>
</block>
<block><region><rect/></region>
<text>
<par>
<line>Par</line></par>
</text>
</block>
<block><region><rect/></region>
<text>
<par>
<line>de I</line></par>
</text>
</block>
<block><region><rect/></region>
<text>
<par/>
</text>
</block>
<block><region><rect/></region>
<text>
<par>
<line>C Ra pell^</line></par>
</text>
</block>
<block><region><rect/></region>
<text>
<par>
<line>276</line></par>
</text>
</block>
<block><region><rect/></region>
<text>
<par>
<line>275</line></par>
</text>
</block>
<block><region><rect/></region>
<text>
<par>
<line>Ï.33</line></par>
</text>
</block>
<block><region><rect/></region>
<text>
<par/>
</text>
</block>
<block><region><rect/></region>
<text>
<par>
<line>C3</line></par>
</text>
</block>
<block><region><rect/></region>
<text>
<par>
<line>234</line></par>
</text>
</block>
<block><region><rect/></region>
<text>
<par>
<line>î-"</line></par>
</text>
</block>
<block><region><rect/></region>
<text>
<par>
<line>Im pl* oltr« Soard d* la Chapelle Hotre-Dame la Blanche à THBIX (Borbl-</line>
<line>han) eoaetltoé par la parcelle caâaatrale 233 section B et appartenant</line>
<line>à la ooenone est Inecrit eor lUnrentalre des sites dont la eonservatlon</line>
<line>présente on Intérêt céneral.</line></par>
<par>
<line>(Arrêté du 4 septeinfare 1934)</line></par>
</text>
</block>






























<block blockType="Picture" blockName="" l="204" t="2444" r="419" b="2535"><region><rect/></region>
</block>
</page>
</AC2>