<?xml version="1.0" encoding="UTF-8"?><AC2>
<page width="2478" height="3504" resolution="300">
<block><region><rect/></region>
<text orientation="RotatedCounterclockwise">
<par>
<line>! 47-484-J. i’ n-ST. [IS389]</line></par>
</text>
</block>
<block><region><rect/></region>
<text>
<par>
<line>UIMSTÉRE</line></par>
</text>
</block>
<block><region><rect/></region>
<text>
<par>
<line>REPUBLIQUE ■ FRANÇAISE</line></par>
</text>
</block>
<block><region><rect/></region>
<text>
<par>
<line>L’INSTRUCTION</line></par>
<par>
<line>ET DES BEAl\-ART8</line></par>
</text>
</block>
<block><region><rect/></region>
<text>
<par>
<line>n</line></par>
</text>
</block>
<block><region><rect/></region>
<text>
<par>
<line>BEAUX-ARTS</line>
<line>MONUMENTS HISTORIQUES</line>
<line>Sites et Honnments naturols</line></par>
</text>
</block>
<block><region><rect/></region>
<text>
<par>
<line>lot‘c etc,</line></par>
</text>
</block>
<block><region><rect/><rect/></region>
<text>
<par>
<line>’</line></par>
</text>
</block>
<block><region><rect/><rect/></region>
<text>
<par>
<line>222:</line></par>
<par>
<line>4-MA! 1932</line></par>
</text>
</block>
<block><region><rect/></region>
<text>
<par>
<line>/</line></par>
</text>
</block>
<block><region><rect/><rect/></region>
<text>
<par/>
</text>
</block>
<block><region><rect/><rect/></region>
<text>
<par>
<line>c^^rtd /fez ef»ezrte^ ei^z</line></par>
</text>
</block>
<block><region><rect/></region>
<text>
<par>
<line>M lOYwbra Igr.n</line></par>
</text>
</block>
<block><region><rect/></region>
<text>
<par>
<line>^és’n^fz/^ezm^pz^ a-rv e::^éz^e/ es^ .-29 |-9M#Aîl&gt;r9 ■ 29'3'1'—</line></par>
<par>
<line>/etz^ y^^-:..4l« Ae llMi»&lt; dfiwrgBt «ys per-</line></par>
<par>
<line>Rolfflttt» {A.rdlèch&lt;)</line></par>
</text>
</block>
<block><region><rect/></region>
<text>
<par>
<line>c lotte U’</line></par>
</text>
</block>
<block><region><rect/></region>
<text>
<par>
<line>t^zrte'ie^</line></par>
<par>
<line>_La Soohe FéréaaAre.iltu.ôe. .*iT_..l.t-t*rT4..Wl»#—</line></par>
<par>
<line>de U Com-nina da Boiffieux (/&gt;r&lt;i»qhe) Ipamâli^_</line></par>
</text>
</block>


















































<block blockType="Barcode" blockName="" l="461" t="273" r="662" b="315"><region><rect/></region>
<text>
<par><line>1150</line></par>
</text>
<barcodeInfo type="INTERLEAVED25"/>
</block>
</page>
<page width="2500" height="3520" resolution="300">
<block><region><rect/></region>
<text>
<par>
<line>!</line></par>
</text>
</block>
<block><region><rect/><rect/></region>
<text>
<par>
<line>I i</line></par>
<par>
<line>**&gt; s</line></par>
</text>
</block>
<block><region><rect/><rect/><rect/></region>
<text>
<par>
<line>4M</line></par>
<par>
<line>'••ri «</line></par>
<par>
<line>Mi ^</line></par>
</text>
</block>
<block><region><rect/></region>
<text>
<par>
<line>^ 1</line></par>
</text>
</block>
<block><region><rect/></region>
<text>
<par>
<line>SJ</line></par>
</text>
</block>
<block><region><rect/></region>
<text>
<par>
<line>.\</line></par>
</text>
</block>
<block><region><rect/></region>
<text>
<par>
<line>t</line></par>
</text>
</block>
<block><region><rect/></region>
<text>
<par>
<line>eJ</line></par>
<par>
<line>•►y</line></par>
</text>
</block>
<block><region><rect/><rect/><rect/><rect/></region>
<text>
<par>
<line>'Hi</line></par>
<par>
<line>^ I I</line></par>
<par>
<line>(•</line></par>
<par>
<line>K</line></par>
</text>
</block>
<block><region><rect/></region>
<text>
<par>
<line>i</line></par>
</text>
</block>
<block><region><rect/><rect/></region>
<text>
<par>
<line>t</line></par>
</text>
</block>
<block><region><rect/></region>
<text>
<par>
<line>t.</line></par>
</text>
</block>
<block><region><rect/></region>
<text>
<par>
<line>c.</line></par>
</text>
</block>
<block><region><rect/><rect/></region>
<text>
<par>
<line>^ lil</line></par>
</text>
</block>
<block><region><rect/></region>
<text>
<par>
<line>a</line></par>
<par>
<line>•VJ</line></par>
<par>
<line>*;</line></par>
</text>
</block>
<block><region><rect/></region>
<text>
<par>
<line>J</line></par>
</text>
</block>
<block><region><rect/></region>
<text>
<par/>
</text>
</block>
<block><region><rect/></region>
<text>
<par/>
</text>
</block>
<block><region><rect/></region>
<text>
<par>
<line>a '*'</line></par>
<par>
<line>!-'(</line></par>
</text>
</block>
<block><region><rect/></region>
<text>
<par>
<line>&gt; ^ 1</line>
<line>^ i</line></par>
<par>
<line>&lt; » e</line></par>
</text>
</block>
<block><region><rect/></region>
<text>
<par>
<line>oa4afttrftl« I* SüâT aaaa la prbprïètè</line></par>
</text>
</block>
<block><region><rect/></region>
<text>
<par>
<line>lii</line></par>
</text>
</block>
<block><region><rect/></region>
<text>
<par>
<line>rxüii—</line></par>
</text>
</block>
<block><region><rect/><rect/><rect/><rect/><rect/></region>
<text>
<par>
<line>aai ; a '</line></par>
<par>
<line>S^â. ’jg.</line></par>
<par>
<line>^■tO' act-</line></par>
<par>
<line>yrrrWëW, aU T^aift fle yplfflam—</line>
<line>••^k'IfT la TTiat, proT^rlttaira, nui aarwat raapaaaa»</line></par>
<par>
<line>blaa» ohaouB ao ôa quI la ooBoenïa, 4i</line></par>
</text>
</block>
<block><region><rect/><rect/></region>
<text>
<par>
<line>. o/eukt^ .</line></par>
<par>
<line>a</line></par>
</text>
</block>
<block><region><rect/></region>
<text>
<par/>
</text>
</block>
<block><region><rect/></region>
<text>
<par/>
</text>
</block>
<block><region><rect/></region>
<text>
<par>
<line>J</line></par>
</text>
</block>
<block><region><rect/></region>
<text>
<par>
<line>Artioia ~srr</line></par>
</text>
</block>
<block><region><rect/></region>
<text>
<par>
<line>-Il aàra" irattadrtr wBTburaaii daa bjptifctqpaa de</line></par>
<par>
<line>la aituaVloi du alta alaaa*./» . ^</line></par>
</text>
</block>
<block><region><rect/></region>
<text>
<par>
<line>•yufp’ ^•'ev9n^M,n:K',</line></par>
</text>
</block>
<block><region><rect/></region>
<text>
<par/>
</text>
</block>
<block><region><rect/></region>
<text>
<par>
<line>fcO rtrrtar 195^</line></par>
</text>
</block>
<block><region><rect/></region>
<text>
<par/>
</text>
</block>
<block><region><rect/></region>
<text>
<par>
<line>ir^- yryseHg-</line></par>
</text>
</block>
<block><region><rect/><rect/></region>
<text>
<par>
<line>9cwr U (Düc«ci«ur ()« iftxauæ-^Liig</line></par>
</text>
</block>
<block><region><rect/></region>
<text>
<par>
<line>jde/ àu Biwteau ^ olIlDorvumenb Gi^lot.i(jued,</line></par>
</text>
</block>






























































</page>
</AC2>