<?xml version="1.0" encoding="UTF-8"?><AC2>
<page width="1653" height="2338" resolution="200">
<block><region><rect/></region>
<text>
<par>
<line>beaux-arts</line></par>
</text>
</block>
<block><region><rect/></region>
<text>
<par>
<line>SITES</line></par>
</text>
</block>
<block><region><rect/></region>
<text>
<par>
<line>FIMISTÈRE</line></par>
<par>
<line>L ODET</line></par>
</text>
</block>
<block><region><rect/></region>
<text>
<par>
<line>GOU</line></par>
</text>
</block>
<block><region><rect/></region>
<text>
<par>
<line>6 5&gt;nAC</line></par>
</text>
</block>
<block><region><rect/></region>
<text>
<par>
<line>CARTE</line></par>
</text>
</block>
<block><region><rect/></region>
<text>
<par>
<line>71</line></par>
</text>
</block>
<block><region><rect/></region>
<text>
<par>
<line>4^ .</line></par>
</text>
</block>
<block><region><rect/></region>
<text>
<par>
<line>GOU &amp;£</line></par>
</text>
</block>
<block><region><rect/><rect/></region>
<text>
<par>
<line>Commune</line>
<line>CAHTOM fou Ei rv A-tST</line></par>
<par>
<line>ARROrSP^"^ QOIKPE.R</line></par>
</text>
</block>
<block><region><rect/></region>
<text>
<par>
<line>NICMÊLl</line></par>
</text>
</block>
<block><region><rect/></region>
<text>
<par>
<line>M&lt;». 50</line></par>
</text>
</block>
<block><region><rect/></region>
<text>
<par>
<line>pu: 15</line></par>
</text>
</block>
<block><region><rect/></region>
<text>
<par>
<line>»* b</line></par>
</text>
</block>
<block><region><rect/></region>
<text>
<par>
<line>CLASSEMENT</line></par>
<par>
<line>»</line></par>
</text>
</block>
<block><region><rect/></region>
<text>
<par/>
</text>
</block>
<block><region><rect/></region>
<text>
<par>
<line>Sfc&lt;.T\OK C</line></par>
</text>
</block>
<block><region><rect/></region>
<text>
<par/>
</text>
</block>
<block><region><rect/></region>
<text>
<par>
<line>SECTION 0</line>
<line>OMt-njts6 OÊ GOU</line></par>
</text>
</block>
<block><region><rect/></region>
<text>
<par/>
</text>
</block>
<block><region><rect/></region>
<text>
<par>
<line>..-Z</line></par>
</text>
</block>
<block><region><rect/></region>
<text>
<par>
<line>I "</line></par>
</text>
</block>
<block><region><rect/></region>
<text>
<par>
<line>’</line></par>
</text>
</block>
<block><region><rect/></region>
<text>
<par>
<line>5%</line></par>
</text>
</block>
<block><region><rect/></region>
<text>
<par>
<line>uj 4b|</line></par>
</text>
</block>
<block><region><rect/></region>
<text>
<par>
<line>4feS</line></par>
</text>
</block>
<block><region><rect/></region>
<text>
<par/>
</text>
</block>
<block><region><rect/></region>
<text>
<par/>
</text>
</block>
<block><region><rect/></region>
<text>
<par/>
</text>
</block>
<block><region><rect/></region>
<text>
<par/>
</text>
</block>
<block><region><rect/></region>
<text>
<par/>
</text>
</block>
<block><region><rect/></region>
<text>
<par>
<line>362.</line></par>
</text>
</block>
<block><region><rect/></region>
<text>
<par>
<line>vV</line></par>
<par>
<line>tîsâ</line></par>
</text>
</block>
<block><region><rect/></region>
<text>
<par/>
</text>
</block>
<block><region><rect/></region>
<text>
<par>
<line>ÎL.</line></par>
</text>
</block>
<block><region><rect/></region>
<text>
<par/>
</text>
</block>
<block><region><rect/></region>
<text>
<par>
<line>fv</line></par>
</text>
</block>
<block><region><rect/></region>
<text>
<par>
<line>t-fc. PfeFvfenwo</line></par>
</text>
</block>
<block><region><rect/></region>
<text>
<par>
<line>. ’C-l'</line></par>
</text>
</block>
<block><region><rect/></region>
<text>
<par>
<line>I- .•,.'</line></par>
</text>
</block>
<block><region><rect/></region>
<text>
<par/>
</text>
</block>
<block><region><rect/></region>
<text>
<par>
<line>J-</line></par>
<par>
<line>eji.</line></par>
</text>
</block>
<block><region><rect/></region>
<text>
<par/>
</text>
</block>
<block><region><rect/></region>
<text>
<par>
<line>^^/?r/£ ClASsBe</line></par>
<par>
<line>SC/V£LLB. /.f 0.000</line></par>
</text>
</block>
<block><region><rect/></region>
<text>
<par/>
</text>
</block>
<block><region><rect/></region>
<text>
<par>
<line>L^s pr-rccl?^-ee '5^2 - 35^^ - 3&lt;3‘: - Uoction ù</line>
<line>du pirn cjidfistirel de la coïïîr.'runo de dGUf!;ji'..X!ii -</line>
<line>(^inie-tère) 'bordant la rlvitr^ "l’Odet” sont</line>
<line>parmi loe sites et monoiTents naturels</line>
<line>de oarejotbre artiotiaue*</line></par>
</text>
</block>
<block><region><rect/></region>
<text>
<par>
<line>Les p^jrcelles 4-d&gt; - 431 - 432 - 439 - 460 -</line>
<line>46I - 463 - 465 “ 495 - section C et 43G section</line>
<line>D du plan oadastral de la comiaune de G-üuuliiîivCw</line>
<line>( inietèro) "bordant la rîTiùre "l»Cdet*% sont</line>
<line>01^^43L des pi-dnai les sites et monuments naturels</line>
<line>àe can.,otcre aa-tie tique.</line></par>
</text>
</block>
<block><region><rect/></region>
<text>
<par/>
</text>
</block>
<block><region><rect/><rect/></region>
<text>
<par/>
</text>
</block>
<block><region><rect/><rect/></region>
<text>
<par>
<line>elcnd: Ldon Lidt-.diu</line></par>
</text>
</block>
<block><region><rect/></region>
<text>
<par>
<line>îûur copie oon^ormo,</line>
<line>Le Oh©.d du bureau d;.s</line>
<line>A.-onu-tisnts ulatorlques</line>
<line>et des Ultea t</line></par>
</text>
</block>
<block><region><rect/><rect/><rect/><rect/><rect/><rect/><rect/></region>
<text>
<par>
<line>t'Zj</line></par>
</text>
</block>
<block><region><rect/></region>
<text>
<par>
<line>/</line></par>
</text>
</block>























</page>
</AC2>