<?xml version="1.0" encoding="UTF-8"?><AC2>
<page width="1665" height="2347" resolution="200">
<block><region><rect/></region>
<text>
<par>
<line>]</line></par>
</text>
</block>
<block><region><rect/><rect/></region>
<text>
<par>
<line>^ f^tAUX-ARTS</line></par>
</text>
</block>
<block><region><rect/></region>
<text>
<par>
<line>jSITES</line></par>
</text>
</block>
<block><region><rect/></region>
<text>
<par>
<line>rNSCRlPTION</line></par>
</text>
</block>
<block><region><rect/></region>
<text>
<par>
<line>ILLE ET VILAINE</line></par>
<par>
<line>ETANG des FORGES</line></par>
<par>
<line>COMMUN^ Paimpont — Pl«.|«n</line></par>
<par>
<line>canton: Plelan</line></par>
<par>
<line>ABAONDIS^^:</line></par>
</text>
</block>
<block><region><rect/></region>
<text>
<par>
<line>P Al</line></par>
</text>
</block>
<block><region><rect/></region>
<text>
<par>
<line>m</line></par>
</text>
</block>
<block><region><rect/></region>
<text>
<par>
<line>carte</line></par>
<par>
<line>MICHELIN</line>
<line>M® 63</line></par>
<par>
<line>PU 5</line></par>
</text>
</block>
<block><region><rect/></region>
<text>
<par>
<line>-tt.</line></par>
</text>
</block>
<block><region><rect/></region>
<text>
<par/>
</text>
</block>
<block><region><rect/></region>
<text>
<par/>
</text>
</block>
<block><region><rect/></region>
<text>
<par>
<line>•.kT</line></par>
</text>
</block>
<block><region><rect/></region>
<text>
<par/>
</text>
</block>
<block><region><rect/></region>
<text>
<par>
<line>J</line></par>
</text>
</block>
<block><region><rect/></region>
<text>
<par/>
</text>
</block>
<block><region><rect/></region>
<text>
<par/>
</text>
</block>
<block><region><rect/></region>
<text>
<par>
<line>/A£,</line></par>
<par>
<line>J^A/MPÔffT ’T</line></par>
</text>
</block>
<block><region><rect/></region>
<text>
<par>
<line>«i'r</line></par>
</text>
</block>
<block><region><rect/></region>
<text>
<par>
<line>5,..</line></par>
</text>
</block>
<block><region><rect/></region>
<text>
<par/>
</text>
</block>
<block><region><rect/></region>
<text>
<par>
<line>U'/</line></par>
</text>
</block>
<block><region><rect/></region>
<text>
<par>
<line>V</line></par>
</text>
</block>
<block><region><rect/></region>
<text>
<par>
<line>' /</line></par>
</text>
</block>
<block><region><rect/></region>
<text>
<par>
<line>^i^</line></par>
</text>
</block>
<block><region><rect/></region>
<text>
<par>
<line>ETANG des rORGES</line></par>
<par>
<line>- i- — ■ —</line></par>
<par>
<line>^ Sh6</line></par>
</text>
</block>
<block><region><rect/></region>
<text>
<par>
<line>339</line></par>
</text>
</block>
<block><region><rect/></region>
<text>
<par>
<line>^ -A</line></par>
</text>
</block>
<block><region><rect/></region>
<text>
<par/>
</text>
</block>
<block><region><rect/></region>
<text>
<par/>
</text>
</block>
<block><region><rect/></region>
<text>
<par>
<line>a</line></par>
</text>
</block>
<block><region><rect/></region>
<text>
<par/>
</text>
</block>
<block><region><rect/></region>
<text>
<par>
<line>y:</line></par>
</text>
</block>
<block><region><rect/></region>
<text>
<par>
<line>C« AT y«^«/^£</line></par>
</text>
</block>
<block><region><rect/></region>
<text>
<par>
<line>6</line></par>
</text>
</block>
<block><region><rect/></region>
<text>
<par>
<line>Echelle il/socKjiP ;</line>
<line>PaciVé' 4hec.il^ □</line></par>
</text>
</block>
<block><region><rect/></region>
<text>
<par>
<line>Iles por&amp;es</line></par>
</text>
</block>
<block><region><rect/></region>
<text>
<par>
<line>^2</line></par>
</text>
</block>
<block><region><rect/></region>
<text>
<par>
<line>ARR!-J'g DU 28 NCTOi.3æ</line></par>
</text>
</block>
<block><region><rect/></region>
<text>
<par>
<line>L’Steng dea Forgea comprenant la parcelle cadastrale n®536</line>
<line>de la commune de PI£LAN et de la parcelle n®339 de la commune</line>
<line>de PAIX^OHÏ ainai qu*une bande de terrain de 200 mètres de</line>
<line>large à prendre sur toute la longueur de l'Ktang sur les pa»4</line>
<line>-celles cadaatralea n® 337 et 338 de la commune de PAli^ONT</line>
<line>(Ille-et-Vilaine) aont inscrits sur l’Inventaire des sites dont</line>
<line>la conservation présente un intérêt général*</line></par>
</text>
</block>
<block><region><rect/></region>
<text>
<par>
<line>signé:</line></par>
</text>
</block>
<block><region><rect/></region>
<text>
<par>
<line>. our copie conforme,</line>
<line>le Chef du bureau dea</line>
<line>Monumenta hlstorlquea.</line>
<line>et dea sites t</line></par>
</text>
</block>

























<block blockType="Picture" blockName="" l="1372" t="234" r="1478" b="475"><region><rect/></region>
</block>
</page>
</AC2>