<?xml version="1.0" encoding="UTF-8"?><AC2>
<page width="2302" height="3188" resolution="300">
<block><region><rect/></region>
<text>
<par>
<line>Kinistèro d*,Jtat</line>
<line>Aiiairûs 'jaltur^vl-lvvS</line></par>
</text>
</block>
<block><region><rect/></region>
<text>
<par>
<line>PUBIÏ'U;-: ^'2Âïï jais;</line></par>
</text>
</block>
<block><region><rect/></region>
<text>
<par>
<line>JÜÎAHIÏ-..GPU3A,</line></par>
</text>
</block>
<block><region><rect/></region>
<text>
<par>
<line>A E E A T :J</line></par>
</text>
</block>
<block><region><rect/></region>
<text>
<par>
<line>L; ïîinistro d'Etat</line>
<line>chargé dos AfPairos Culturellos</line></par>
</text>
</block>
<block><region><rect/></region>
<text>
<par>
<line>VU la 1 jî du 2 I.‘ai 1S3C réorganisant la prot-:-ction, dos</line></par>
<par>
<line>Monuments Haturols ot dos Sites do oaractèro artistiquej</line>
<line>historique, sciontifiquo, lég .ndairo ou pittoresque et</line>
<line>notaiPi.i.,nt l'artiolo 4 j</line></par>
</text>
</block>
<block><region><rect/></region>
<text>
<par>
<line>W la loi du 12 Avril 1943 p-&gt;rtant rsgl-i;a..ntati&lt;&gt;n de la</line>
<line>putlioité ot dos enseignes ot notai?:'int les articles</line></par>
</text>
</block>
<block><region><rect/></region>
<text>
<par>
<line>it 9</line></par>
</text>
</block>
<block><region><rect/></region>
<text>
<par>
<line>Vü le décret du 3 Eevrier</line>
<line>léinistrc.d' ^tat 5</line></par>
<par>
<line>Vü le décret du 24 Juillet</line>
<line>llinistere charge des Af:</line></par>
</text>
</block>
<block><region><rect/></region>
<text>
<par>
<line>1959 relatif aux attributions</line></par>
<par>
<line>1959 portant organisation du</line>
<line>faire s Julturolles |</line></par>
</text>
</block>
<block><region><rect/></region>
<text>
<par>
<line>5</line></par>
<par>
<line>du</line></par>
</text>
</block>
<block><region><rect/></region>
<text>
<par>
<line>Vtr le décret du 18 hars 196. portant application du décret</line>
<line>du 7 février 1959 r .latif au oamping et netarji*:;.ont les</line>
<line>artiol'^s 2 ot 6 ;</line></par>
</text>
</block>
<block><region><rect/></region>
<text>
<par>
<line>Vü l'avis émis par la 0 irmilssion</line>
<line>Paysages du finistère dans sa</line></par>
</text>
</block>
<block><region><rect/></region>
<text>
<par>
<line>dos Sites, P irspootivus et</line>
<line>soanco du 23 Déc^^mbre 1958</line></par>
</text>
</block>
<block><region><rect/></region>
<text>
<par>
<line>A E E ..</line></par>
</text>
</block>
<block><region><rect/><rect/><rect/></region>
<text>
<par>
<line>Artijole 1or - l'ilo lABEE située sur la commune do CECZON</line>
<line>e's't ins'cr'ite a l'Inventaire des Sites pittoresques du depar-</line>
<line>tem.jnt du fini stère.</line></par>
<par>
<line>Cet -nsemble comprend l.-s parc,,.Iles cadastrales suivan</line></par>
<par>
<line>tes :</line></par>
<par>
<line>S-rCTIüE 233is - Nos; 397-398-399 p-4CCp-à 405 inclus - 407p-</line></par>
<par>
<line>. 4 8.</line></par>
<par>
<line>S,jCTP.^__ 24„ ~ Nos; 1015 p et 1316.</line></par>
<par>
<line>/ .</line></par>
<par>
<line>« » (1 / • » 1</line></par>
</text>
</block>


</page>
<page width="1556" height="2140" resolution="200">
<block><region><rect/></region>
<text>
<par>
<line>■^ticle 2 - Le présent arrêté sera notifié au Préfet du</line>
<line>Æ’inis^ère, a-u Maire de CROZON et aux propriétaires intéres</line>
<line>sés qui seront responsables, chacun en ce qui le concerne,</line>
<line>de son exécution»</line></par>
<par>
<line>Article 3 - 11 sera transcrit au bureau des hypothèques</line></par>
<par>
<line>de la situation du site inscrit.</line></par>
</text>
</block>
<block><region><rect/></region>
<text>
<par>
<line>Paris, le 23 l'^i 1961</line></par>
</text>
</block>
<block><region><rect/></region>
<text>
<par>
<line>Par délégation;</line></par>
<par>
<line>Le Directeur Général de l’Architecture</line></par>
</text>
</block>
<block><region><rect/></region>
<text>
<par>
<line>Signé; R. PSRCHST</line></par>
</text>
</block>
<block><region><rect/></region>
<text>
<par>
<line>ir ampliation ;</line>
<line>Ldministrateur Civil</line>
<line>irgé des Sites.</line></par>
</text>
</block>
<block><region><rect/></region>
<text>
<par>
<line>R, COMBE</line></par>
</text>
</block>




</page>
</AC2>