<?xml version="1.0" encoding="UTF-8"?><AC2>
<page width="1656" height="2339" resolution="200">
<block><region><rect/></region>
<text>
<par>
<line>REPUBLIQUE FRANÇAISE</line></par>
</text>
</block>
<block><region><rect/></region>
<text>
<par>
<line>MINISTERE DE L’ENVIRONNEMENT</line></par>
</text>
</block>
<block><region><rect/><rect/><rect/></region>
<text>
<par/>
</text>
</block>
<block><region><rect/><rect/><rect/></region>
<text>
<par>
<line>&lt;0^</line></par>
</text>
</block>
<block><region><rect/></region>
<text>
<par/>
</text>
</block>
<block><region><rect/></region>
<text>
<par>
<line>-.«ô</line></par>
</text>
</block>
<block><region><rect/></region>
<text>
<par/>
</text>
</block>
<block><region><rect/></region>
<text>
<par>
<line>J?'</line></par>
</text>
</block>
<block><region><rect/></region>
<text>
<par/>
</text>
</block>
<block><region><rect/></region>
<text>
<par/>
</text>
</block>
<block><region><rect/></region>
<text>
<par>
<line>\e</line></par>
</text>
</block>
<block><region><rect/></region>
<text>
<par>
<line>&lt;îv</line></par>
</text>
</block>
<block><region><rect/></region>
<text>
<par/>
</text>
</block>
<block><region><rect/></region>
<text>
<par/>
</text>
</block>
<block><region><rect/></region>
<text>
<par>
<line>:=&gt;</line></par>
</text>
</block>
<block><region><rect/></region>
<text>
<par/>
</text>
</block>
<block><region><rect/></region>
<text>
<par/>
</text>
</block>
<block><region><rect/></region>
<text>
<par/>
</text>
</block>
<block><region><rect/></region>
<text>
<par>
<line>mx^m^</line></par>
</text>
</block>
<block><region><rect/></region>
<text>
<par>
<line>CJ5</line></par>
</text>
</block>
<block><region><rect/><rect/><rect/></region>
<text>
<par/>
</text>
</block>
<block><region><rect/></region>
<text>
<par/>
</text>
</block>
<block><region><rect/></region>
<text>
<par>
<line>‘^éf</line></par>
</text>
</block>
<block><region><rect/></region>
<text>
<par/>
</text>
</block>
<block><region><rect/></region>
<text>
<par>
<line>■^riat</line></par>
</text>
</block>
<block><region><rect/></region>
<text>
<par/>
</text>
</block>
<block><region><rect/></region>
<text>
<par>
<line>&amp;</line></par>
</text>
</block>
<block><region><rect/></region>
<text>
<par/>
</text>
</block>
<block><region><rect/></region>
<text>
<par/>
</text>
</block>
<block><region><rect/><rect/></region>
<text>
<par/>
</text>
</block>
<block><region><rect/></region>
<text>
<par>
<line>b®</line></par>
</text>
</block>
<block><region><rect/></region>
<text>
<par>
<line>DECREXi^ 26 AVR. 1996</line></par>
</text>
</block>
<block><region><rect/></region>
<text>
<par>
<line>portant classement parmi les sites du département de la Réunion</line>
<line>de la Ravine du Bemica sur le territoire de la commune de SAINT-PAUL.</line></par>
</text>
</block>
<block blockType="Table" blockName="" l="499" t="917" r="1206" b="1016"><region><rect/></region>
<row>
<cell width="172" height="99">
<text>
<par>
<line>NOR :</line></par>
</text></cell>
<cell rightBorder="White" width="149" height="99">
<text>
<par>
<line>6^^ i</line></par>
</text></cell>
<cell leftBorder="White" width="113" height="99">
<text>
<par>
<line>) 8g</line></par>
</text></cell>
<cell width="87" height="99">
<text>
<par>
<line>l{ G</line></par>
</text></cell>
<cell width="186" height="99">
<text>
<par/>
</text></cell></row>
</block>
<block><region><rect/></region>
<text>
<par>
<line>LE PREMIER MINISTRE</line></par>
</text>
</block>
<block><region><rect/></region>
<text>
<par>
<line>SUR le rapport du ministre de Tenvironnement,</line></par>
<par>
<line>VU la loi du 2 mai 1930 réorganisant la protection des monuments naturels et des sites de</line>
<line>caractère artistique, historique, scientifique, légendaire ou pittoresque, modifiée notamment par la</line>
<line>loi n° 67-1174 du 28 décembre 1967 en particulier ses articles 5.1, 6, 7 et 8, ensemble le décret</line>
<line>n® 69-607 du 13 juin 1969 pris pour son application ;</line></par>
<par>
<line>VU les résultats de l’enquête administrative prescrite par arrêté préfectoral en date du 30</line>
<line>septembre 1992 et qui s’est déroulée du 12 au 30 octobre 1992, et notamment l’absence de</line>
<line>consentement de certains propriétaires ;</line></par>
<par>
<line>VU l’avis émis par la commission départementale des sites, perspectives et paysages de la</line>
<line>Réunion en date du 23 juin 1993 ;</line></par>
<par>
<line>VU Tavis émis par la commission supérieure des sites, perspectives et paysages en date du 3</line>
<line>février 1994;</line></par>
<par>
<line>VU l'avis du ministre de l'économie, des finances et du plan en date du 27 septembre 1995 ;</line></par>
<par>
<line>VU l’avis du ministre de l'équipement, des transports et du tourisme en date du 2 juin 1995 ;</line></par>
<par>
<line>Lé Conseil d’Etat (Section des Travaux Publics) entendu ;</line></par>
<par>
<line>CONSIDERANT que la préservation du site constitué par la Ravine du Bemica sur le territoire</line>
<line>de la commune de SAINT-PAUL (Réunion), en raison de son caractère pittoresque, présente un</line>
<line>intérêt général au sens de l’article 4 de la loi du 2 mai 1930 susvisée,</line></par>
</text>
</block>
<block><region><rect/></region>
<text>
<par>
<line>...A..</line></par>
</text>
</block>
<block><region><rect/></region>
<text>
<par>
<line>0.0. N® 1 0 5 du - 4 MAI 1996</line></par>
</text>
</block>











</page>
<page width="1671" height="2350" resolution="200">
<block><region><rect/></region>
<text>
<par>
<line>-2-</line></par>
</text>
</block>
<block><region><rect/></region>
<text>
<par>
<line>DECRETE</line></par>
<par>
<line>ARTICLE 1er : Est classé parmi les sites du département de la Réunion le site constitué par la</line>
<line>Ravine du Bemica, d’une superficie de 172 ha environ, situé sur le territoire de la commune de</line>
<line>SAINT-PAUL, délimité comme suit, conformément à la carte au l/25.000ème et aux plans</line>
<line>cadastraux annexés au présent décret, et dans le sens des aigyiJles d'une montre :</line></par>
<par>
<line>Commune de SAINT-PAUL</line></par>
</text>
</block>
<block><region><rect/></region>
<text>
<par>
<line>Section BS</line></par>
</text>
</block>
<block><region><rect/></region>
<text>
<par>
<line>- partie de la parcelle n° 77 située à l'Est d’une ligne droite fictive prolongeant vers le Sud le</line>
<line>chemin de la Fontaine aux Prêtres</line></par>
<par>
<line>Section CW</line></par>
</text>
</block>
<block><region><rect/></region>
<text>
<par>
<line>- parcelles n°s 97, 98, 101, 102, 142, 143, 276, 279, 124, 125, 83, 292, 184, 43, 131, 132, 152,</line>
<line>351 à355</line></par>
<par>
<line>- parties des parcelles n®s 54, 108, 107 et 133 situées à l’Ouest d'une ligne droite fictive</line>
<line>prolongeant la limite Ouest des parcelles n°s 112 et 109 au Nord jusqu'au chemin rural dit du</line>
<line>Tour des Roches et au Sud jusqu’à la limite Sud de la parcelle n® 133</line></par>
<par>
<line>- partie de la parcelle n® 96 située au Nord-Est d’une ligne droite fictive AB reliant l’angle Nord</line>
<line>de la parcelle n® 277 (point A) à l’intersection (point B) du chemin départemental 6 avec la ligne</line>
<line>droite fictive prolongeant le chemin de la Fontaine aux Prêtres (section BS)</line></par>
<par>
<line>Section EY</line></par>
</text>
</block>
<block><region><rect/></region>
<text>
<par>
<line>- partie de la parcelle n® 138 située au Nord-Est de la ligne droite fictive AB définie ci-dessus.</line></par>
<par>
<line>Article 2 ; Le présent décret sera notifié au préfet de la Réunion et au maire de SAINT-PAUL.</line></par>
<par>
<line>Article 3 ; Le présent décret, la carte au î/25.000ème et les plans cadastraux annexés pourront</line>
<line>être consultés à la préfecture de la Réunion et à la mairie de SAINT-PAUL.</line></par>
<par>
<line>Article 4 ; Le ministre de l'environnement est chargé de l’exécution du présent décret, qui sera</line>
<line>publié au Journal Officiel de la République Française.</line></par>
<par>
<line>Fait à PARIS, le '2 g</line></par>
</text>
</block>
<block><region><rect/></region>
<text>
<par>
<line>Par le Premier Ministre,</line></par>
<par>
<line>Le ministre de l’environnement,</line></par>
</text>
</block>
<block><region><rect/></region>
<text>
<par>
<line>Corinne LEPAGE</line></par>
</text>
</block>










</page>
<page width="2484" height="3508" resolution="300">
<block><region><rect/><rect/><rect/></region>
<text>
<par>
<line>; .r&gt;</line></par>
</text>
</block>
<block><region><rect/></region>
<text>
<par/>
</text>
</block>
<block><region><rect/></region>
<text>
<par/>
</text>
</block>
<block><region><rect/></region>
<text>
<par>
<line>N.</line></par>
</text>
</block>
<block><region><rect/></region>
<text>
<par>
<line>/&gt;&amp;</line></par>
</text>
</block>
<block><region><rect/></region>
<text>
<par/>
</text>
</block>
<block><region><rect/></region>
<text>
<par/>
</text>
</block>
<block><region><rect/></region>
<text>
<par/>
</text>
</block>
<block><region><rect/></region>
<text>
<par/>
</text>
</block>
<block><region><rect/></region>
<text>
<par>
<line>7*-Nt.</line></par>
</text>
</block>
<block><region><rect/></region>
<text>
<par>
<line>rM</line></par>
</text>
</block>
<block><region><rect/></region>
<text>
<par/>
</text>
</block>
<block><region><rect/></region>
<text>
<par>
<line>hy</line></par>
</text>
</block>
<block><region><rect/></region>
<text>
<par>
<line>t-j</line></par>
</text>
</block>
<block><region><rect/></region>
<text>
<par/>
</text>
</block>
<block><region><rect/></region>
<text>
<par/>
</text>
</block>
<block><region><rect/></region>
<text>
<par>
<line>fl.</line></par>
</text>
</block>
<block><region><rect/></region>
<text>
<par/>
</text>
</block>
<block><region><rect/></region>
<text>
<par/>
</text>
</block>
<block><region><rect/></region>
<text>
<par>
<line>W^</line></par>
</text>
</block>
<block><region><rect/></region>
<text>
<par/>
</text>
</block>
<block><region><rect/></region>
<text>
<par/>
</text>
</block>
<block><region><rect/></region>
<text>
<par/>
</text>
</block>
<block><region><rect/></region>
<text>
<par>
<line>&lt;</line></par>
</text>
</block>
<block><region><rect/></region>
<text>
<par/>
</text>
</block>
<block><region><rect/></region>
<text>
<par>
<line>O</line></par>
</text>
</block>
<block><region><rect/></region>
<text>
<par>
<line>L'V</line></par>
</text>
</block>
<block><region><rect/></region>
<text>
<par>
<line>&gt;-&gt;</line></par>
</text>
</block>
<block><region><rect/></region>
<text>
<par/>
</text>
</block>
<block><region><rect/></region>
<text>
<par>
<line>Z</line></par>
</text>
</block>
<block><region><rect/></region>
<text>
<par>
<line>tA</line></par>
</text>
</block>
<block><region><rect/></region>
<text>
<par>
<line>l&gt;</line></par>
</text>
</block>
<block><region><rect/></region>
<text>
<par/>
</text>
</block>
<block><region><rect/></region>
<text>
<par/>
</text>
</block>
<block><region><rect/></region>
<text>
<par>
<line>U</line></par>
</text>
</block>
<block><region><rect/></region>
<text>
<par>
<line>C3</line></par>
</text>
</block>
<block><region><rect/></region>
<text>
<par>
<line>Ûi</line></par>
</text>
</block>
<block><region><rect/></region>
<text>
<par/>
</text>
</block>
<block><region><rect/></region>
<text>
<par>
<line>cc^</line></par>
<par>
<line>«OTQ.</line></par>
</text>
</block>
<block><region><rect/></region>
<text>
<par>
<line>sa</line></par>
</text>
</block>
<block><region><rect/></region>
<text>
<par/>
</text>
</block>
<block><region><rect/></region>
<text>
<par/>
</text>
</block>
<block><region><rect/></region>
<text>
<par>
<line>LU</line></par>
</text>
</block>
<block><region><rect/></region>
<text>
<par>
<line>LO</line></par>
</text>
</block>
<block><region><rect/></region>
<text>
<par/>
</text>
</block>
<block><region><rect/></region>
<text>
<par/>
</text>
</block>
<block><region><rect/></region>
<text>
<par>
<line>m</line></par>
</text>
</block>
<block><region><rect/></region>
<text>
<par>
<line>/5</line></par>
</text>
</block>
<block><region><rect/></region>
<text>
<par>
<line>O</line></par>
</text>
</block>
<block><region><rect/></region>
<text>
<par>
<line>ra</line></par>
</text>
</block>
<block><region><rect/></region>
<text>
<par>
<line>Y.i</line></par>
</text>
</block>
<block><region><rect/></region>
<text>
<par/>
</text>
</block>
<block><region><rect/></region>
<text>
<par>
<line>:d</line></par>
</text>
</block>
<block><region><rect/></region>
<text>
<par>
<line>•Î3</line></par>
</text>
</block>
<block><region><rect/></region>
<text>
<par>
<line>O</line></par>
</text>
</block>
<block><region><rect/></region>
<text>
<par>
<line>CO</line></par>
</text>
</block>
<block><region><rect/></region>
<text>
<par>
<line>G</line></par>
</text>
</block>
<block><region><rect/></region>
<text>
<par/>
</text>
</block>
<block><region><rect/></region>
<text>
<par/>
</text>
</block>
<block><region><rect/></region>
<text>
<par/>
</text>
</block>
<block><region><rect/></region>
<text>
<par/>
</text>
</block>
<block><region><rect/></region>
<text>
<par/>
</text>
</block>
<block><region><rect/></region>
<text>
<par/>
</text>
</block>
<block><region><rect/></region>
<text>
<par>
<line>^ .(-i</line>
<line>t;i</line></par>
</text>
</block>
<block><region><rect/></region>
<text>
<par>
<line>J7\</line></par>
</text>
</block>
<block><region><rect/></region>
<text>
<par>
<line>LO</line></par>
</text>
</block>
<block><region><rect/></region>
<text>
<par/>
</text>
</block>
<block><region><rect/></region>
<text>
<par/>
</text>
</block>
<block><region><rect/></region>
<text>
<par>
<line>LU</line></par>
</text>
</block>
<block><region><rect/></region>
<text>
<par>
<line>JS</line></par>
</text>
</block>
<block><region><rect/></region>
<text>
<par>
<line>r;;</line></par>
</text>
</block>
<block><region><rect/></region>
<text>
<par>
<line>:■ a</line></par>
</text>
</block>
<block><region><rect/></region>
<text>
<par>
<line>• S!? C-5</line></par>
</text>
</block>
<block><region><rect/></region>
<text>
<par>
<line>C'C</line></par>
</text>
</block>
<block><region><rect/></region>
<text>
<par>
<line>m</line></par>
</text>
</block>
<block><region><rect/></region>
<text>
<par/>
</text>
</block>
<block><region><rect/></region>
<text>
<par/>
</text>
</block>
<block><region><rect/></region>
<text>
<par/>
</text>
</block>
<block><region><rect/></region>
<text>
<par>
<line>r=sa%&gt;</line></par>
</text>
</block>
<block><region><rect/></region>
<text>
<par/>
</text>
</block>
<block><region><rect/></region>
<text>
<par>
<line>c-]s "iàs</line></par>
</text>
</block>
<block><region><rect/></region>
<text>
<par>
<line>&gt;</line></par>
</text>
</block>
<block><region><rect/></region>
<text>
<par>
<line>ü’)</line></par>
</text>
</block>
<block><region><rect/></region>
<text>
<par>
<line>t\</line></par>
</text>
</block>
<block><region><rect/></region>
<text>
<par>
<line>&lt;</line></par>
</text>
</block>
<block><region><rect/><rect/><rect/></region>
<text>
<par/>
</text>
</block>
<block><region><rect/></region>
<text>
<par/>
</text>
</block>
<block><region><rect/></region>
<text>
<par/>
</text>
</block>
<block><region><rect/></region>
<text>
<par/>
</text>
</block>
<block><region><rect/></region>
<text>
<par>
<line>(V</line></par>
</text>
</block>
<block><region><rect/></region>
<text>
<par/>
</text>
</block>
<block><region><rect/><rect/></region>
<text>
<par/>
</text>
</block>
<block><region><rect/></region>
<text>
<par/>
</text>
</block>
<block><region><rect/></region>
<text>
<par>
<line>«iW/.</line></par>
</text>
</block>
<block><region><rect/></region>
<text>
<par/>
</text>
</block>
<block><region><rect/></region>
<text>
<par>
<line>&gt;1-</line></par>
</text>
</block>
<block><region><rect/></region>
<text>
<par>
<line>&lt;</line></par>
</text>
</block>
<block><region><rect/></region>
<text>
<par/>
</text>
</block>
<block><region><rect/></region>
<text>
<par/>
</text>
</block>
<block><region><rect/></region>
<text>
<par>
<line>_J</line></par>
</text>
</block>
<block><region><rect/></region>
<text>
<par/>
</text>
</block>
<block><region><rect/></region>
<text>
<par/>
</text>
</block>
<block><region><rect/><rect/></region>
<text>
<par>
<line>2i/&lt;^</line></par>
</text>
</block>
<block><region><rect/></region>
<text>
<par/>
</text>
</block>
<block><region><rect/></region>
<text>
<par/>
</text>
</block>
<block><region><rect/></region>
<text>
<par/>
</text>
</block>
<block><region><rect/></region>
<text>
<par/>
</text>
</block>
<block><region><rect/></region>
<text>
<par>
<line>xu*/</line></par>
</text>
</block>
<block><region><rect/></region>
<text>
<par>
<line>rr;</line></par>
</text>
</block>
<block><region><rect/></region>
<text>
<par/>
</text>
</block>
<block><region><rect/></region>
<text>
<par/>
</text>
</block>
<block><region><rect/></region>
<text>
<par/>
</text>
</block>
<block><region><rect/></region>
<text>
<par/>
</text>
</block>
<block><region><rect/></region>
<text>
<par/>
</text>
</block>
<block><region><rect/></region>
<text>
<par/>
</text>
</block>
<block><region><rect/></region>
<text>
<par>
<line>n</line></par>
</text>
</block>
<block><region><rect/><rect/><rect/></region>
<text>
<par>
<line>M</line></par>
</text>
</block>
<block><region><rect/></region>
<text>
<par/>
</text>
</block>
<block><region><rect/></region>
<text>
<par/>
</text>
</block>
<block><region><rect/></region>
<text>
<par/>
</text>
</block>
<block><region><rect/></region>
<text>
<par>
<line>-t</line></par>
</text>
</block>
<block><region><rect/></region>
<text>
<par/>
</text>
</block>
<block><region><rect/></region>
<text>
<par/>
</text>
</block>
<block><region><rect/></region>
<text>
<par>
<line>L» .</line></par>
</text>
</block>
<block><region><rect/></region>
<text>
<par/>
</text>
</block>
<block><region><rect/><rect/></region>
<text>
<par>
<line>J''- /*5 -'VJg •** * ^&gt;&lt;53^</line></par>
</text>
</block>
<block><region><rect/></region>
<text>
<par/>
</text>
</block>
<block><region><rect/></region>
<text>
<par/>
</text>
</block>
<block><region><rect/></region>
<text>
<par/>
</text>
</block>
<block><region><rect/></region>
<text>
<par/>
</text>
</block>
<block><region><rect/></region>
<text>
<par/>
</text>
</block>
<block><region><rect/></region>
<text>
<par/>
</text>
</block>
<block><region><rect/></region>
<text>
<par>
<line>&lt;S</line></par>
</text>
</block>
<block><region><rect/></region>
<text>
<par/>
</text>
</block>
<block><region><rect/></region>
<text>
<par>
<line>^'c:</line></par>
</text>
</block>
<block><region><rect/></region>
<text>
<par>
<line>y&gt;é&gt;</line></par>
</text>
</block>
<block><region><rect/></region>
<text>
<par/>
</text>
</block>
<block><region><rect/></region>
<text>
<par/>
</text>
</block>
<block><region><rect/></region>
<text>
<par>
<line>\°</line></par>
</text>
</block>
<block><region><rect/></region>
<text>
<par>
<line>'A</line></par>
</text>
</block>
<block><region><rect/></region>
<text>
<par>
<line>:=-ra</line></par>
</text>
</block>
<block><region><rect/></region>
<text>
<par>
<line>5^</line></par>
</text>
</block>
<block><region><rect/></region>
<text>
<par/>
</text>
</block>
<block><region><rect/></region>
<text>
<par/>
</text>
</block>
<block><region><rect/></region>
<text>
<par/>
</text>
</block>
<block><region><rect/></region>
<text>
<par>
<line>“k;</line></par>
</text>
</block>
<block><region><rect/></region>
<text>
<par/>
</text>
</block>
<block><region><rect/></region>
<text>
<par>
<line>■SÊ</line></par>
</text>
</block>
<block><region><rect/></region>
<text>
<par>
<line>^ itTi</line></par>
</text>
</block>
<block><region><rect/></region>
<text>
<par/>
</text>
</block>
<block><region><rect/></region>
<text>
<par>
<line>•E33</line></par>
</text>
</block>
<block><region><rect/></region>
<text>
<par/>
</text>
</block>
<block><region><rect/><rect/><rect/></region>
<text>
<par>
<line>. iV’Çtï</line></par>
</text>
</block>
<block><region><rect/></region>
<text>
<par/>
</text>
</block>
<block><region><rect/></region>
<text>
<par/>
</text>
</block>
<block><region><rect/></region>
<text>
<par>
<line>' =v</line></par>
</text>
</block>
<block><region><rect/></region>
<text>
<par/>
</text>
</block>
<block><region><rect/></region>
<text>
<par>
<line>Pi&gt;</line></par>
</text>
</block>
<block><region><rect/></region>
<text>
<par>
<line>Q-rt</line></par>
</text>
</block>
<block><region><rect/></region>
<text>
<par/>
</text>
</block>
<block><region><rect/></region>
<text>
<par/>
</text>
</block>
<block><region><rect/></region>
<text>
<par>
<line>G3:</line></par>
</text>
</block>
<block><region><rect/></region>
<text>
<par>
<line>/ZS</line></par>
</text>
</block>
<block><region><rect/></region>
<text>
<par>
<line>7/i</line></par>
</text>
</block>
<block><region><rect/></region>
<text>
<par/>
</text>
</block>
<block><region><rect/></region>
<text>
<par/>
</text>
</block>
<block><region><rect/></region>
<text>
<par>
<line>.^&gt;r</line></par>
</text>
</block>
<block><region><rect/></region>
<text>
<par>
<line>"Ul-</line></par>
</text>
</block>
<block><region><rect/></region>
<text>
<par/>
</text>
</block>
<block><region><rect/></region>
<text>
<par/>
</text>
</block>
<block><region><rect/></region>
<text>
<par>
<line>W^i</line></par>
</text>
</block>
<block><region><rect/></region>
<text>
<par>
<line>** i</line></par>
</text>
</block>
<block><region><rect/></region>
<text>
<par>
<line>^■Æ</line></par>
</text>
</block>
<block><region><rect/></region>
<text>
<par>
<line>(A.</line></par>
</text>
</block>
<block><region><rect/></region>
<text>
<par/>
</text>
</block>
<block><region><rect/></region>
<text>
<par>
<line>‘E</line></par>
</text>
</block>
<block><region><rect/></region>
<text>
<par/>
</text>
</block>
<block><region><rect/></region>
<text>
<par/>
</text>
</block>
<block><region><rect/></region>
<text>
<par>
<line>kjV</line></par>
</text>
</block>
<block><region><rect/></region>
<text>
<par>
<line>'ërs</line></par>
</text>
</block>
<block><region><rect/></region>
<text>
<par>
<line>ZS</line></par>
</text>
</block>
<block><region><rect/></region>
<text>
<par/>
</text>
</block>
<block><region><rect/></region>
<text>
<par/>
</text>
</block>
<block><region><rect/></region>
<text>
<par>
<line>SS</line></par>
</text>
</block>
<block><region><rect/></region>
<text>
<par/>
</text>
</block>
<block><region><rect/></region>
<text>
<par/>
</text>
</block>
<block><region><rect/></region>
<text>
<par>
<line>tCl</line></par>
</text>
</block>
<block><region><rect/></region>
<text>
<par>
<line>IJ/</line></par>
</text>
</block>
<block><region><rect/></region>
<text>
<par/>
</text>
</block>
<block><region><rect/></region>
<text>
<par>
<line>’V.</line></par>
</text>
</block>
<block><region><rect/></region>
<text>
<par>
<line>?5</line></par>
</text>
</block>
<block><region><rect/></region>
<text>
<par/>
</text>
</block>
<block><region><rect/></region>
<text>
<par/>
</text>
</block>
<block><region><rect/></region>
<text>
<par>
<line>m</line></par>
</text>
</block>
<block><region><rect/></region>
<text>
<par/>
</text>
</block>
<block><region><rect/></region>
<text>
<par>
<line>Æ</line></par>
</text>
</block>
<block><region><rect/></region>
<text>
<par>
<line>4</line></par>
</text>
</block>
<block><region><rect/></region>
<text>
<par>
<line>/Z</line></par>
</text>
</block>
<block><region><rect/></region>
<text>
<par/>
</text>
</block>
<block><region><rect/></region>
<text>
<par>
<line>n</line></par>
</text>
</block>
<block><region><rect/></region>
<text>
<par/>
</text>
</block>
<block><region><rect/></region>
<text>
<par>
<line>'i\</line></par>
</text>
</block>
<block><region><rect/></region>
<text>
<par/>
</text>
</block>
<block><region><rect/></region>
<text>
<par>
<line>gi</line></par>
</text>
</block>
<block><region><rect/></region>
<text>
<par>
<line>&gt;rr</line></par>
</text>
</block>
<block><region><rect/></region>
<text>
<par/>
</text>
</block>
<block><region><rect/></region>
<text>
<par>
<line>XS&gt;</line></par>
</text>
</block>
<block><region><rect/></region>
<text>
<par>
<line>V</line></par>
</text>
</block>
<block><region><rect/></region>
<text>
<par>
<line>/</line></par>
</text>
</block>
<block><region><rect/></region>
<text>
<par/>
</text>
</block>
<block><region><rect/></region>
<text>
<par/>
</text>
</block>
<block><region><rect/></region>
<text>
<par/>
</text>
</block>
<block><region><rect/></region>
<text>
<par/>
</text>
</block>
<block><region><rect/></region>
<text>
<par>
<line>k-</line></par>
</text>
</block>
<block><region><rect/></region>
<text>
<par/>
</text>
</block>
<block><region><rect/></region>
<text>
<par/>
</text>
</block>
<block><region><rect/></region>
<text>
<par/>
</text>
</block>
<block><region><rect/></region>
<text>
<par/>
</text>
</block>
<block><region><rect/></region>
<text>
<par/>
</text>
</block>
<block><region><rect/></region>
<text>
<par/>
</text>
</block>
<block><region><rect/></region>
<text>
<par>
<line>le</line></par>
</text>
</block>
<block><region><rect/></region>
<text>
<par>
<line>etf»*</line></par>
</text>
</block>
<block><region><rect/></region>
<text>
<par/>
</text>
</block>
<block><region><rect/></region>
<text>
<par>
<line>Sï</line></par>
</text>
</block>
<block><region><rect/></region>
<text>
<par>
<line>f</line></par>
</text>
</block>
<block><region><rect/></region>
<text>
<par/>
</text>
</block>
<block><region><rect/></region>
<text>
<par>
<line>STr</line></par>
</text>
</block>
<block><region><rect/></region>
<text>
<par/>
</text>
</block>
<block><region><rect/></region>
<text>
<par>
<line>i</line></par>
</text>
</block>
<block><region><rect/></region>
<text>
<par>
<line>Si»</line></par>
</text>
</block>
<block><region><rect/></region>
<text>
<par/>
</text>
</block>
<block><region><rect/></region>
<text>
<par/>
</text>
</block>
<block><region><rect/></region>
<text>
<par>
<line>ic:-</line></par>
</text>
</block>
<block><region><rect/></region>
<text>
<par>
<line>•^Si«s</line></par>
</text>
</block>
<block><region><rect/></region>
<text>
<par/>
</text>
</block>
<block><region><rect/></region>
<text>
<par>
<line>SJ</line></par>
</text>
</block>
<block><region><rect/></region>
<text>
<par/>
</text>
</block>
<block><region><rect/></region>
<text>
<par>
<line>m</line></par>
</text>
</block>
<block><region><rect/></region>
<text>
<par>
<line>Ci--</line></par>
</text>
</block>
<block><region><rect/></region>
<text>
<par/>
</text>
</block>
<block><region><rect/></region>
<text>
<par>
<line>'ïU</line></par>
</text>
</block>
<block><region><rect/></region>
<text>
<par/>
</text>
</block>
<block><region><rect/></region>
<text>
<par/>
</text>
</block>
<block><region><rect/></region>
<text>
<par>
<line>0</line></par>
</text>
</block>
<block><region><rect/></region>
<text>
<par/>
</text>
</block>
<block><region><rect/></region>
<text>
<par/>
</text>
</block>
<block><region><rect/></region>
<text>
<par>
<line>ir</line></par>
</text>
</block>
<block><region><rect/></region>
<text>
<par>
<line>SV</line></par>
</text>
</block>
<block><region><rect/></region>
<text>
<par/>
</text>
</block>
<block><region><rect/></region>
<text>
<par/>
</text>
</block>
<block><region><rect/></region>
<text>
<par/>
</text>
</block>
<block><region><rect/></region>
<text>
<par>
<line>as.</line></par>
</text>
</block>
<block><region><rect/></region>
<text>
<par/>
</text>
</block>
<block><region><rect/></region>
<text>
<par/>
</text>
</block>
<block><region><rect/></region>
<text>
<par/>
</text>
</block>
<block><region><rect/></region>
<text>
<par/>
</text>
</block>
<block><region><rect/></region>
<text>
<par/>
</text>
</block>
<block><region><rect/></region>
<text>
<par>
<line>a</line></par>
</text>
</block>
<block><region><rect/></region>
<text>
<par/>
</text>
</block>
<block><region><rect/></region>
<text>
<par/>
</text>
</block>
<block><region><rect/><rect/></region>
<text>
<par/>
</text>
</block>
<block><region><rect/></region>
<text>
<par/>
</text>
</block>
<block><region><rect/></region>
<text>
<par>
<line>a</line></par>
</text>
</block>
<block><region><rect/></region>
<text>
<par/>
</text>
</block>
<block><region><rect/><rect/></region>
<text>
<par/>
</text>
</block>
<block><region><rect/></region>
<text>
<par>
<line>^0</line></par>
</text>
</block>
<block><region><rect/></region>
<text>
<par/>
</text>
</block>
<block><region><rect/></region>
<text>
<par/>
</text>
</block>
<block><region><rect/></region>
<text>
<par>
<line>Frf*</line></par>
</text>
</block>
<block><region><rect/></region>
<text>
<par/>
</text>
</block>
<block><region><rect/></region>
<text>
<par/>
</text>
</block>
<block><region><rect/></region>
<text>
<par/>
</text>
</block>
<block><region><rect/></region>
<text>
<par/>
</text>
</block>
<block><region><rect/></region>
<text>
<par>
<line>P,</line></par>
</text>
</block>
<block><region><rect/></region>
<text>
<par>
<line>ijs.</line></par>
</text>
</block>
<block><region><rect/></region>
<text>
<par>
<line>\V</line></par>
</text>
</block>
<block><region><rect/></region>
<text>
<par>
<line>si</line></par>
</text>
</block>
<block><region><rect/></region>
<text>
<par/>
</text>
</block>
<block><region><rect/></region>
<text>
<par/>
</text>
</block>
<block><region><rect/></region>
<text>
<par/>
</text>
</block>
<block><region><rect/></region>
<text>
<par>
<line>«&gt;■</line></par>
</text>
</block>
<block><region><rect/></region>
<text>
<par>
<line>O</line></par>
</text>
</block>
<block><region><rect/></region>
<text>
<par/>
</text>
</block>
<block><region><rect/></region>
<text>
<par/>
</text>
</block>
<block><region><rect/></region>
<text>
<par>
<line>□1</line></par>
</text>
</block>
<block><region><rect/></region>
<text>
<par/>
</text>
</block>
<block><region><rect/></region>
<text>
<par/>
</text>
</block>
<block><region><rect/></region>
<text>
<par/>
</text>
</block>
<block><region><rect/></region>
<text>
<par/>
</text>
</block>
<block><region><rect/></region>
<text>
<par/>
</text>
</block>
<block><region><rect/></region>
<text>
<par/>
</text>
</block>
<block><region><rect/></region>
<text>
<par/>
</text>
</block>
<block><region><rect/></region>
<text>
<par>
<line>•w</line></par>
</text>
</block>
<block><region><rect/></region>
<text>
<par/>
</text>
</block>
<block><region><rect/></region>
<text>
<par/>
</text>
</block>
<block><region><rect/></region>
<text>
<par>
<line>J</line></par>
</text>
</block>
<block><region><rect/></region>
<text>
<par/>
</text>
</block>
<block><region><rect/></region>
<text>
<par>
<line>iXs</line></par>
</text>
</block>
<block><region><rect/></region>
<text>
<par/>
</text>
</block>
<block><region><rect/></region>
<text>
<par/>
</text>
</block>
<block><region><rect/></region>
<text>
<par/>
</text>
</block>
<block><region><rect/></region>
<text>
<par/>
</text>
</block>
<block><region><rect/></region>
<text>
<par>
<line>??</line></par>
</text>
</block>
<block><region><rect/></region>
<text>
<par/>
</text>
</block>














<block blockType="Picture" blockName="" l="347" t="3202" r="454" b="3237"><region><rect/></region>
</block>
</page>
</AC2>