<?xml version="1.0" encoding="UTF-8"?><AC2>
<page width="2537" height="3546" resolution="300">
<block><region><rect/><rect/><rect/><rect/></region>
<text>
<par/>
</text>
</block>
<block><region><rect/><rect/></region>
<text>
<par>
<line>REPUBLIQUE FRANÇAISE</line></par>
</text>
</block>
<block><region><rect/><rect/></region>
<text>
<par>
<line>MINISTE^'Î)B:.É'^AMENAGE^NT du territoire</line></par>
<par>
<line>E^:.gEÿ|È^^^o^n^5fËg^^</line></par>
</text>
</block>
<block><region><rect/></region>
<text>
<par/>
</text>
</block>
<block><region><rect/></region>
<text>
<par>
<line>ço'</line></par>
</text>
</block>
<block><region><rect/><rect/><rect/><rect/><rect/><rect/><rect/><rect/></region>
<text>
<par>
<line>MM-</line></par>
<par>
<line>§ ^ i îvi ':.î^ ■*</line></par>
<par>
<line>j'2'</line></par>
<par>
<line>r</line></par>
</text>
</block>
<block><region><rect/></region>
<text>
<par>
<line>O/-</line></par>
</text>
</block>
<block><region><rect/></region>
<text>
<par/>
</text>
</block>
<block><region><rect/></region>
<text>
<par/>
</text>
</block>
<block><region><rect/><rect/><rect/><rect/><rect/><rect/></region>
<text>
<par>
<line>*^;^•vr^^:r n,. =</line></par>
<par>
<line>‘vp&gt;"/’ r.. ''V 2</line></par>
</text>
</block>
<block><region><rect/></region>
<text>
<par>
<line>cz</line></par>
</text>
</block>
<block><region><rect/></region>
<text>
<par>
<line>!C-</line></par>
</text>
</block>
<block><region><rect/></region>
<text>
<par>
<line>/</line></par>
</text>
</block>
<block><region><rect/></region>
<text>
<par>
<line>À*'</line></par>
</text>
</block>
<block><region><rect/></region>
<text>
<par/>
</text>
</block>
<block><region><rect/></region>
<text>
<par>
<line>'lêi</line></par>
</text>
</block>
<block><region><rect/></region>
<text>
<par>
<line>ftiT!tJ&gt;00is:OiOj 43)</line></par>
</text>
</block>
<block><region><rect/></region>
<text>
<par>
<line>DECRET</line></par>
</text>
</block>
<block><region><rect/></region>
<text>
<par>
<line>2 ^ HASS ZOOQ</line></par>
</text>
</block>
<block><region><rect/></region>
<text>
<par>
<line>portant classement parmi les sites des départements de la Nièvre et de la Saône-et-Loire de</line>
<line>l’ensemble formé par le mont Préneley et les sources de l’Yonne, sur le territoire des</line>
<line>communes de Glux-en-Glenne, Saint-Prix et Villapourçon</line></par>
</text>
</block>
<block><region><rect/></region>
<text>
<par>
<line>LE PREMIER MINISTRE</line></par>
</text>
</block>
<block><region><rect/></region>
<text>
<par>
<line>Sur le rapport de la ministre de l’aménagement du territoire et de l'environnement,</line></par>
<par>
<line>VU la loi du 2 mai 1930 réorganisant la protection des monuments naturels et des sites de</line>
<line>caractère artistique, historique, scientifique, légendmre ou pittoresque, modifiée notamment par</line>
<line>la loi n° 67-1174 du 28 décembre 1967, en particulier ses articles 4, 5-1, 6, 7, et 8, ensemble le</line>
<line>décret n° 69-607 du 13 juin 1969 pris pour son application ;</line></par>
<par>
<line>VU les résultats des enquêtes administratives ouvertes du 1er mars au 20 mars 1999 par les</line>
<line>arrêtés préfectoraux en date du 11 février 1999 (département de la Nièvre) et du 12 février</line>
<line>1999 (département de la Saône-et-Loire) et notamment l'absence de consentement de certains</line>
<line>propriétaires intéressés ;</line></par>
<par>
<line>VU les avis émis par les commissions départementales des sites, perspectives et paysages de la</line>
<line>Saône-et-Loire et de la Nièvre en date respectivement du 28 mai 1999 et du 1er juin 1999 ;</line></par>
</text>
</block>
<block><region><rect/></region>
<text>
<par/>
</text>
</block>




</page>
<page width="1656" height="2339" resolution="200">
<block><region><rect/></region>
<text>
<par>
<line>2</line></par>
</text>
</block>
<block><region><rect/></region>
<text>
<par>
<line>VU ravis émis par la commission supérieure des sites, perspectives et paysages en date du 10</line>
<line>juin 1999 ;</line></par>
<par>
<line>VU l’avis du secrétaire d’Etat au budget en date du 23 juin 1999 ;</line></par>
<par>
<line>VU l’avis du secrétaire d’Etat à l’industrie en date du 21 juillet 1999 ;</line></par>
<par>
<line>VU l’avis du ministre de l’agriculture et de la pêche en date du 26 juillet 1999 ;</line></par>
<par>
<line>Le Conseil d’Etat (section des travaux publics) entendu ;</line></par>
<par>
<line>CONSIDERANT que la préservation du site constitué par le mont Préneley et les sources de</line>
<line>l’Yonne, sur le territoire des communes de Saint-Prix (département de la Saône-et-Loire),</line>
<line>Glux-en-Glenne et Villapourçon (département de la Nièvre) présente, en raison de son</line>
<line>caractère pittoresque, un intérêt général au sens de l'article 4 de la loi du 2 mai 1930 ;</line></par>
</text>
</block>
<block><region><rect/></region>
<text>
<par>
<line>DECRETE</line></par>
</text>
</block>
<block><region><rect/></region>
<text>
<par>
<line>Article 1er :</line></par>
</text>
</block>
<block><region><rect/></region>
<text>
<par>
<line>Est classé parmi les sites du département de la Nièvre et de celui de la Saône-et-Loire,</line>
<line>sur le territoire des communes de Glux-en-Glenne, Saint-Prix et Villapourçon, l’ensemble</line>
<line>formé par le mont Préneley et les sources de l’Yonne, d’une superficie d’environ 883 hectares,</line>
<line>délimité comme suit dans le sens des aiguilles d'une montre, conformément à la carte au</line>
<line>l/25.000ème et aux plans cadastraux annexés au présent décret.</line></par>
</text>
</block>
<block><region><rect/></region>
<text>
<par>
<line>I - DEPARTEMENT DE SAÔNE-ET-LOIRE :</line></par>
</text>
</block>
<block><region><rect/></region>
<text>
<par>
<line>n COMMUNE DE SAINT-PRIX :</line></par>
<par>
<line>SECTION A 1 :</line></par>
</text>
</block>
<block><region><rect/></region>
<text>
<par>
<line>Point de départ: Pont du ruisseau de l’Yonne, sur le Chemin départemental n® 197 de Glux à</line>
<line>Pont Charrot.</line></par>
<par>
<line>- Chemin départemental n° 197 de Glux à Pont Charrot ;</line></par>
<par>
<line>- Limite entre l’ensemble des parcelles n®s 21, 24, 23, 29, 34, 35, d’une part, et l’ensemble des</line>
<line>parcelles n°s 20, 25, 28, 30, 33, 37, d’autre part ;</line></par>
<par>
<line>- Limite entre la parcelle n° 35 et la parcelle n° 43 ;</line></par>
<par>
<line>- Limite Nord du ruisseau dit de Belle-Perche ;</line></par>
<par>
<line>- Limite Sud-Est de la parcelle n® 36 jusqu’au point d’intersection avec la limite Sud-Ouest de</line>
<line>ladite parcelle.</line></par>
</text>
</block>






</page>
<page width="1671" height="2350" resolution="200">
<block><region><rect/></region>
<text>
<par>
<line>3</line></par>
</text>
</block>
<block><region><rect/></region>
<text>
<par>
<line>n - DEPARTEMENT DE LA NIEVRE :</line></par>
<par>
<line>n COMMUNE DE GLUX-EN-GLENNE :</line></par>
<par>
<line>SECTION C 7 :</line></par>
</text>
</block>
<block><region><rect/></region>
<text>
<par>
<line>- Ligne fictive joignant Tangle Sud de l’étang des Roches (point d’intersection des limites Sud-</line>
<line>Est et Sud-Ouest de la parcelle n° 36 de la section Al sur la commune de Saint-Prix) à l’angle</line>
<line>Nord-Ouest de la parcelle n° 583 ;</line></par>
<par>
<line>- Limite entre le lieu-dit « La Ranche», d’une part, et les lieux-dits « Champ du Soudait »,</line>
<line>« Champ de la maison » et « La Frasse », d’autre part, jusqu’à la limite entre la section C 7 et</line>
<line>la section C 2 ;</line></par>
<par>
<line>SECTION C 2 :</line></par>
</text>
</block>
<block><region><rect/></region>
<text>
<par>
<line>- Limite entre la section C 7 et la section C 2 ;</line></par>
<par>
<line>- Franchissement du Chemin départemental n° 300 de Glux au chemin départemental n° 18 ;</line></par>
<par>
<line>- Chemin rural 5 de l’Echenault au Port des Lamberts (non compris dans le site) ;</line></par>
<par>
<line>- Chemin départemental n° 500 de Corancy à Glux (non compris dans le site) ;</line></par>
<par>
<line>SECTION B 6 :</line></par>
</text>
</block>
<block><region><rect/></region>
<text>
<par>
<line>- Chemin départemental n° 500 de Corancy à Glux (non compris dans le site) ;</line></par>
<par>
<line>- Limite entre la parcelle n° 592 et le lieu-dit « Le Boulât »;</line></par>
<par>
<line>- Limite entre les lieux-dits « Le Carrouge » et « Le Boulât »;</line></par>
<par>
<line>- Limite entre les communes de Saint-Prix et de Villapourçon ;</line></par>
</text>
</block>
<block><region><rect/></region>
<text>
<par>
<line>2^ COMMUNE DE VILLAPOURCON :</line></par>
<par>
<line>SECTION C 5 :</line></par>
</text>
</block>
<block><region><rect/></region>
<text>
<par>
<line>- Limite entre l’ensemble des parcelles n°s 1988, 1989, 1994, 1995, 1996, d’une part, et</line>
<line>l’ensemble des parcelles n°s 1987, 1986, 2052, 2051, 1983, 1982,1981, d’autre part ;</line></par>
<par>
<line>- Limite entre la parcelle n° 1981 et la parcelle n° 1980 ;</line></par>
<par>
<line>- Chemin non dénommé traversant d’Est en Ouest la parcelle n° 1980 ;</line></par>
<par>
<line>- Limite entre la parcelle n“ 1954 et la parcelle n® 1963 ;</line></par>
<par>
<line>- Franchissement du chemin rural du Carrouge au Puits ;</line></par>
<par>
<line>- Limite entre le chemin précité et la parcelle n® 1959 ;</line></par>
<par>
<line>- Limite entre les parcelles n°s 1959 et 1960, d’une part, et la parcelle n® 1958, d’autre part ;</line></par>
<par>
<line>- Limite entre la parcelle n® 1960 et le chemin rural de Belle-Fontaine au Puits ;</line></par>
<par>
<line>- Franchissement du chemin rural de Belle-Fontaine au Puits ;</line></par>
</text>
</block>







</page>
<page width="1666" height="2346" resolution="200">
<block><region><rect/></region>
<text>
<par>
<line>4</line></par>
</text>
</block>
<block><region><rect/></region>
<text>
<par>
<line>SECTION C 3 :</line></par>
</text>
</block>
<block><region><rect/></region>
<text>
<par>
<line>- Limite entre le lieu-dit « Les Barrières » et le lieu-dit « Sur le chemin » ;</line></par>
<par>
<line>- Chemin rural de Rangère à la Croix des Cerisiers (non compris dans le site) ;</line></par>
<par>
<line>- Franchissement du chemin précité ;</line></par>
<par>
<line>- Limite entre le lieu-dit « Champ Villière » et les parcelles n®s 773 et 1264 ;</line></par>
<par>
<line>- Limite entre la section C 3 et la section C 2 ;</line></par>
<par>
<line>SECTION C 2 :</line></par>
</text>
</block>
<block><region><rect/></region>
<text>
<par>
<line>- Limite entre l’ensemble des parcelles n°s 555, 557, 559, d’une part, et l’ensemble des</line>
<line>parcelles n°s 556 et 560, d’autre part ;</line></par>
<par>
<line>- Franchissement du chemin rural de Carélarose à Luzy ;</line></par>
<par>
<line>- Chemin rural de Rangère au Moulin de Rangère (non compris dans le site) ;</line></par>
<par>
<line>- Franchissement du chemin précité ;</line></par>
<par>
<line>- Limite entre le lieu-dit « Ouche des Pois » et les lieux-dits « La Groselle » et « Sur la</line>
<line>Velle » ;</line></par>
<par>
<line>- Franchissement du chemin rural de l’Haut du Chêne à Rangère ;</line></par>
<par>
<line>- Chemin rural de Carélarose à l’Haut du Chêne (non compris dans le site) ;</line></par>
<par>
<line>SECTION A E :</line></par>
</text>
</block>
<block><region><rect/></region>
<text>
<par>
<line>- Franchissement de la voie communale n° 1 du Bourg aux Rougers ;</line></par>
<par>
<line>- Limite entre le lieu-dit « Champs du Fonds » et le lieu-dit « Les Charmes » ;</line></par>
<par>
<line>- Franchissement de la voie communale n® l du Bourg aux Rougers ;</line></par>
<par>
<line>- Limite entre le lieu-dit « Champs du Fonds » et le lieu-dit « Vers les Rougers » ;</line></par>
<par>
<line>- Franchissement du chemin départemental n® 27 de Château-Chinon à Luzy ;</line></par>
<par>
<line>- Chemin départemental n° 27 de Château-Chinon à Luzy (non compris dans le site) ;</line></par>
<par>
<line>- Chemin départemental n® 300 de Glux au Chemin départemental n® 27 (non compris dans le</line>
<line>site) ;</line></par>
</text>
</block>
<block><region><rect/></region>
<text>
<par>
<line>3^ COMMUNE PE GLUX-EN-GLENNE :</line></par>
<par>
<line>SECTION C 5 :</line></par>
</text>
</block>
<block><region><rect/></region>
<text>
<par>
<line>- Chemin départemental n® 197 de la route nationale n® 978 au chemin départemental n® 27</line>
<line>(non compris dans le site) jusqu’au point de départ.</line></par>
<par>
<line>Article 2 :</line></par>
<par>
<line>Le présent décret sera notifié aux préfets de la Nièvre et de la Saône-et-Loire ainsi</line>
<line>qu’aux maires de Glux-en-Glenne, de Saint-Prix et de Villapourçon.</line></par>
</text>
</block>






</page>
<page width="2499" height="3519" resolution="300">
<block><region><rect/></region>
<text>
<par>
<line>5</line></par>
</text>
</block>
<block><region><rect/></region>
<text>
<par>
<line>Article 3 :</line></par>
</text>
</block>
<block><region><rect/></region>
<text>
<par>
<line>Le présent décret, la carte au l/25.000ème et les plans cadastraux annexés pourront</line>
<line>être consultés dans les préfectures de la Nièvre et de la Saône-et-Loire ainsi que dans les</line>
<line>mairies de GIux-en-Glenne, Saint-Prix et Villapourçon.</line></par>
<par>
<line>Article 4 :</line></par>
<par>
<line>La ministre de l’aménagement du territoire et de l'environnement est chargée de</line>
<line>l’exécution du présent décret qui sera publié au Journal officiel de la République française.</line></par>
</text>
</block>
<block><region><rect/></region>
<text>
<par>
<line>Fait à Paris, le</line></par>
</text>
</block>
<block><region><rect/></region>
<text>
<par>
<line>2 h I1AÜ5 2GCa</line></par>
</text>
</block>
<block><region><rect/></region>
<text>
<par>
<line>Lionel JOSPIN</line>
<line>Par le Premier ministre :</line></par>
</text>
</block>
<block><region><rect/></region>
<text>
<par>
<line>La ministre de l’aménagement du territoire et de l'environnement</line></par>
</text>
</block>
<block><region><rect/></region>
<text>
<par>
<line>w 111. : r ^ «J J V i I • c. I</line></par>
</text>
</block>


</page>
<page width="2540" height="3548" resolution="300">
<block><region><rect/></region>
<text>
<par/>
</text>
</block>
<block><region><rect/></region>
<text>
<par/>
</text>
</block>
<block><region><rect/></region>
<text>
<par/>
</text>
</block>
<block><region><rect/></region>
<text>
<par>
<line>^-1',</line></par>
</text>
</block>
<block><region><rect/></region>
<text>
<par/>
</text>
</block>
<block><region><rect/></region>
<text>
<par/>
</text>
</block>
<block><region><rect/></region>
<text>
<par>
<line>mi</line></par>
</text>
</block>
<block><region><rect/></region>
<text>
<par/>
</text>
</block>
<block><region><rect/></region>
<text>
<par/>
</text>
</block>
<block><region><rect/></region>
<text>
<par>
<line>* * i</line></par>
<par>
<line>1 ^ I</line></par>
<par>
<line>i</line></par>
</text>
</block>
<block><region><rect/></region>
<text>
<par>
<line>i 14</line></par>
</text>
</block>
<block><region><rect/></region>
<text>
<par>
<line>1 //</line></par>
</text>
</block>
<block><region><rect/></region>
<text>
<par>
<line>&gt;&amp;■ »</line></par>
</text>
</block>
<block><region><rect/></region>
<text>
<par>
<line>- 1</line></par>
</text>
</block>
<block><region><rect/></region>
<text>
<par>
<line>Lto J</line></par>
</text>
</block>
<block><region><rect/></region>
<text>
<par>
<line>tuv</line></par>
</text>
</block>
<block><region><rect/></region>
<text>
<par>
<line>\rJ</line></par>
</text>
</block>
<block><region><rect/></region>
<text>
<par/>
</text>
</block>
<block><region><rect/></region>
<text>
<par>
<line>U</line></par>
</text>
</block>
<block><region><rect/></region>
<text>
<par>
<line>\1</line></par>
</text>
</block>
<block><region><rect/></region>
<text>
<par/>
</text>
</block>
<block><region><rect/></region>
<text>
<par>
<line>i/B</line></par>
</text>
</block>
<block><region><rect/></region>
<text>
<par>
<line>VwÆ</line></par>
</text>
</block>
<block><region><rect/></region>
<text>
<par>
<line>r "N</line></par>
</text>
</block>
<block><region><rect/></region>
<text>
<par>
<line>.4;</line></par>
</text>
</block>
<block><region><rect/></region>
<text>
<par>
<line>Stf</line></par>
</text>
</block>
<block><region><rect/></region>
<text>
<par/>
</text>
</block>
<block><region><rect/></region>
<text>
<par/>
</text>
</block>
<block><region><rect/></region>
<text>
<par>
<line>/</line></par>
</text>
</block>
<block><region><rect/></region>
<text>
<par/>
</text>
</block>
<block><region><rect/></region>
<text>
<par/>
</text>
</block>
<block><region><rect/></region>
<text>
<par/>
</text>
</block>
<block><region><rect/></region>
<text>
<par>
<line>■7^</line></par>
</text>
</block>
<block><region><rect/></region>
<text>
<par>
<line>/h</line></par>
</text>
</block>
<block><region><rect/></region>
<text>
<par/>
</text>
</block>
<block><region><rect/></region>
<text>
<par/>
</text>
</block>
<block><region><rect/></region>
<text>
<par/>
</text>
</block>
<block><region><rect/></region>
<text>
<par/>
</text>
</block>
<block><region><rect/></region>
<text>
<par>
<line>&gt; V</line></par>
</text>
</block>
<block><region><rect/></region>
<text>
<par>
<line>na</line></par>
</text>
</block>
<block><region><rect/></region>
<text>
<par>
<line>U</line></par>
</text>
</block>
<block><region><rect/></region>
<text>
<par>
<line>i</line></par>
</text>
</block>
<block><region><rect/></region>
<text>
<par>
<line>V.</line></par>
</text>
</block>
<block><region><rect/></region>
<text>
<par>
<line>^ rW</line></par>
</text>
</block>
<block><region><rect/></region>
<text>
<par>
<line>/</line></par>
</text>
</block>
<block><region><rect/></region>
<text>
<par>
<line>?*2</line></par>
</text>
</block>
<block><region><rect/></region>
<text>
<par>
<line>jj</line></par>
</text>
</block>
<block><region><rect/></region>
<text>
<par/>
</text>
</block>
<block><region><rect/></region>
<text>
<par>
<line>iL^</line></par>
</text>
</block>
<block><region><rect/></region>
<text>
<par>
<line>1 Ta -</line></par>
<par>
<line>' ’ !i</line></par>
<par>
<line>r J I_^ r H</line></par>
<par>
<line>* &lt;A. __ : il</line></par>
</text>
</block>
<block><region><rect/></region>
<text>
<par/>
</text>
</block>
<block><region><rect/></region>
<text>
<par>
<line>FrÉA&lt;^</line></par>
</text>
</block>
<block><region><rect/></region>
<text>
<par/>
</text>
</block>
<block><region><rect/></region>
<text>
<par/>
</text>
</block>
<block><region><rect/></region>
<text>
<par>
<line>H k A</line></par>
</text>
</block>
<block><region><rect/></region>
<text>
<par/>
</text>
</block>
<block><region><rect/></region>
<text>
<par/>
</text>
</block>
<block><region><rect/></region>
<text>
<par>
<line>Aid</line></par>
</text>
</block>
<block><region><rect/></region>
<text>
<par>
<line>ÎW</line></par>
</text>
</block>
<block><region><rect/></region>
<text>
<par/>
</text>
</block>
<block><region><rect/></region>
<text>
<par>
<line>VI</line></par>
</text>
</block>
<block><region><rect/></region>
<text>
<par/>
</text>
</block>
<block><region><rect/></region>
<text>
<par/>
</text>
</block>
<block><region><rect/></region>
<text>
<par>
<line>m</line></par>
</text>
</block>
<block><region><rect/></region>
<text>
<par/>
</text>
</block>
<block><region><rect/></region>
<text>
<par>
<line>•4^</line></par>
</text>
</block>
<block><region><rect/></region>
<text>
<par>
<line>\}</line></par>
</text>
</block>
<block><region><rect/></region>
<text>
<par/>
</text>
</block>
<block><region><rect/></region>
<text>
<par>
<line>*</line></par>
</text>
</block>
<block><region><rect/></region>
<text>
<par/>
</text>
</block>
<block><region><rect/></region>
<text>
<par/>
</text>
</block>
<block><region><rect/></region>
<text>
<par/>
</text>
</block>
<block><region><rect/></region>
<text>
<par>
<line>Vi</line></par>
</text>
</block>
<block><region><rect/></region>
<text>
<par>
<line>^ti</line></par>
</text>
</block>
<block><region><rect/></region>
<text>
<par>
<line>;*5</line></par>
</text>
</block>
<block><region><rect/></region>
<text>
<par>
<line>üî.</line></par>
</text>
</block>
<block><region><rect/></region>
<text>
<par>
<line>4?</line></par>
</text>
</block>
<block><region><rect/></region>
<text>
<par>
<line>A</line></par>
</text>
</block>
<block><region><rect/></region>
<text>
<par>
<line>îtl</line></par>
</text>
</block>
<block><region><rect/></region>
<text>
<par/>
</text>
</block>
<block><region><rect/></region>
<text>
<par>
<line>v&lt;</line></par>
</text>
</block>
<block><region><rect/></region>
<text>
<par/>
</text>
</block>
<block><region><rect/></region>
<text>
<par>
<line>yi-T’s</line></par>
</text>
</block>
<block><region><rect/></region>
<text>
<par/>
</text>
</block>
<block><region><rect/></region>
<text>
<par>
<line>sr</line></par>
</text>
</block>
<block><region><rect/></region>
<text>
<par/>
</text>
</block>
<block><region><rect/></region>
<text>
<par/>
</text>
</block>
<block><region><rect/></region>
<text>
<par>
<line>-î</line></par>
</text>
</block>
<block><region><rect/></region>
<text>
<par/>
</text>
</block>
<block><region><rect/></region>
<text>
<par>
<line>ESVi^</line></par>
</text>
</block>
<block><region><rect/></region>
<text>
<par>
<line>irti</line></par>
</text>
</block>
<block><region><rect/></region>
<text>
<par/>
</text>
</block>
<block><region><rect/></region>
<text>
<par/>
</text>
</block>
<block><region><rect/></region>
<text>
<par>
<line>t4e</line></par>
</text>
</block>
<block><region><rect/></region>
<text>
<par/>
</text>
</block>
<block><region><rect/></region>
<text>
<par>
<line>m</line></par>
</text>
</block>
<block><region><rect/></region>
<text>
<par/>
</text>
</block>
<block><region><rect/></region>
<text>
<par>
<line>.•N*</line></par>
</text>
</block>
<block><region><rect/></region>
<text>
<par>
<line>s i Flartfft'î^</line></par>
</text>
</block>
<block><region><rect/></region>
<text>
<par>
<line>a:</line></par>
</text>
</block>
<block><region><rect/></region>
<text>
<par/>
</text>
</block>
<block><region><rect/></region>
<text>
<par/>
</text>
</block>
<block><region><rect/></region>
<text>
<par>
<line>îi«.</line></par>
</text>
</block>
<block><region><rect/></region>
<text>
<par>
<line>v-^Ii</line></par>
</text>
</block>
<block><region><rect/></region>
<text>
<par>
<line>/mJ lidti</line></par>
</text>
</block>
<block><region><rect/></region>
<text>
<par/>
</text>
</block>
<block><region><rect/></region>
<text>
<par/>
</text>
</block>
<block><region><rect/></region>
<text>
<par/>
</text>
</block>
<block><region><rect/></region>
<text>
<par/>
</text>
</block>
<block><region><rect/></region>
<text>
<par>
<line>ri</line></par>
</text>
</block>
<block><region><rect/></region>
<text>
<par/>
</text>
</block>
<block><region><rect/></region>
<text>
<par/>
</text>
</block>
<block><region><rect/></region>
<text>
<par/>
</text>
</block>
<block><region><rect/></region>
<text>
<par/>
</text>
</block>
<block><region><rect/></region>
<text>
<par>
<line>1</line></par>
</text>
</block>
<block><region><rect/></region>
<text>
<par/>
</text>
</block>
<block><region><rect/></region>
<text>
<par/>
</text>
</block>
<block><region><rect/></region>
<text>
<par>
<line>/•"</line></par>
</text>
</block>
<block><region><rect/></region>
<text>
<par/>
</text>
</block>
<block><region><rect/></region>
<text>
<par>
<line>f</line></par>
</text>
</block>
<block><region><rect/></region>
<text>
<par/>
</text>
</block>
<block><region><rect/></region>
<text>
<par/>
</text>
</block>
<block><region><rect/></region>
<text>
<par/>
</text>
</block>
<block><region><rect/></region>
<text>
<par>
<line>Vu</line></par>
</text>
</block>
<block><region><rect/></region>
<text>
<par>
<line>i</line></par>
</text>
</block>
<block><region><rect/></region>
<text>
<par>
<line>33^4</line></par>
</text>
</block>
<block><region><rect/></region>
<text>
<par>
<line>r/</line></par>
</text>
</block>
<block><region><rect/></region>
<text>
<par>
<line>&gt;tr</line></par>
</text>
</block>
<block><region><rect/><rect/></region>
<text>
<par>
<line>f * #•</line></par>
</text>
</block>
<block><region><rect/></region>
<text>
<par>
<line>»</line></par>
</text>
</block>
<block><region><rect/></region>
<text>
<par/>
</text>
</block>
<block><region><rect/></region>
<text>
<par/>
</text>
</block>
<block><region><rect/></region>
<text>
<par>
<line>it»j</line></par>
</text>
</block>
<block><region><rect/></region>
<text>
<par>
<line>'5-</line></par>
</text>
</block>
<block><region><rect/></region>
<text>
<par/>
</text>
</block>
<block><region><rect/></region>
<text>
<par>
<line>Vf;</line></par>
</text>
</block>
<block><region><rect/></region>
<text>
<par/>
</text>
</block>
<block><region><rect/></region>
<text>
<par/>
</text>
</block>
<block><region><rect/></region>
<text>
<par/>
</text>
</block>
<block><region><rect/></region>
<text>
<par/>
</text>
</block>
<block><region><rect/></region>
<text>
<par>
<line>km</line></par>
</text>
</block>
<block><region><rect/></region>
<text>
<par/>
</text>
</block>
<block><region><rect/></region>
<text>
<par>
<line>m</line></par>
</text>
</block>
<block><region><rect/></region>
<text>
<par>
<line>;M</line></par>
</text>
</block>
<block><region><rect/></region>
<text>
<par>
<line>N</line></par>
</text>
</block>
<block><region><rect/></region>
<text>
<par>
<line>'v^\l</line></par>
</text>
</block>
<block><region><rect/></region>
<text>
<par>
<line>Æ</line></par>
</text>
</block>
<block><region><rect/></region>
<text>
<par/>
</text>
</block>
<block><region><rect/></region>
<text>
<par>
<line>*îv?</line></par>
</text>
</block>
<block><region><rect/></region>
<text>
<par>
<line>*s</line></par>
</text>
</block>
<block><region><rect/></region>
<text>
<par/>
</text>
</block>
<block><region><rect/></region>
<text>
<par/>
</text>
</block>
<block><region><rect/></region>
<text>
<par/>
</text>
</block>
<block><region><rect/></region>
<text>
<par/>
</text>
</block>
<block><region><rect/></region>
<text>
<par>
<line>:-^is</line></par>
</text>
</block>
<block><region><rect/></region>
<text>
<par>
<line>kt;</line></par>
</text>
</block>
<block><region><rect/></region>
<text>
<par/>
</text>
</block>
<block><region><rect/></region>
<text>
<par/>
</text>
</block>
<block><region><rect/></region>
<text>
<par>
<line>3^</line></par>
</text>
</block>
<block><region><rect/></region>
<text>
<par>
<line>ï</line></par>
</text>
</block>
<block><region><rect/></region>
<text>
<par/>
</text>
</block>
<block><region><rect/></region>
<text>
<par/>
</text>
</block>
<block><region><rect/></region>
<text>
<par/>
</text>
</block>
<block><region><rect/></region>
<text>
<par>
<line>4</line></par>
</text>
</block>
<block><region><rect/></region>
<text>
<par>
<line>JÀ</line></par>
</text>
</block>
<block><region><rect/></region>
<text>
<par/>
</text>
</block>
<block><region><rect/></region>
<text>
<par>
<line>.•té</line></par>
</text>
</block>
<block><region><rect/></region>
<text>
<par>
<line>-V</line></par>
</text>
</block>
<block><region><rect/></region>
<text>
<par/>
</text>
</block>
<block><region><rect/></region>
<text>
<par/>
</text>
</block>
<block><region><rect/></region>
<text>
<par>
<line>-s^</line></par>
</text>
</block>
<block><region><rect/></region>
<text>
<par/>
</text>
</block>
<block><region><rect/></region>
<text>
<par>
<line>I v • V</line></par>
<par>
<line>I 14 V. .</line></par>
</text>
</block>
<block><region><rect/></region>
<text>
<par/>
</text>
</block>
<block><region><rect/></region>
<text>
<par/>
</text>
</block>
<block><region><rect/></region>
<text>
<par>
<line>-V A</line></par>
</text>
</block>
<block><region><rect/></region>
<text>
<par>
<line>il'U</line></par>
</text>
</block>
<block><region><rect/></region>
<text>
<par/>
</text>
</block>
<block><region><rect/></region>
<text>
<par>
<line>&gt;_^,</line></par>
</text>
</block>
<block><region><rect/></region>
<text>
<par/>
</text>
</block>
<block><region><rect/></region>
<text>
<par>
<line>.^&gt;r</line></par>
</text>
</block>
<block><region><rect/></region>
<text>
<par>
<line>tf.</line></par>
</text>
</block>
<block><region><rect/></region>
<text>
<par>
<line>ETtr^</line></par>
</text>
</block>
<block><region><rect/></region>
<text>
<par>
<line>lî^rv “'x</line></par>
</text>
</block>
<block><region><rect/></region>
<text>
<par/>
</text>
</block>
<block><region><rect/></region>
<text>
<par/>
</text>
</block>
<block><region><rect/></region>
<text>
<par/>
</text>
</block>
<block><region><rect/></region>
<text>
<par/>
</text>
</block>
<block><region><rect/></region>
<text>
<par>
<line>•en</line></par>
</text>
</block>
<block><region><rect/></region>
<text>
<par>
<line>-1«</line></par>
</text>
</block>
<block><region><rect/></region>
<text>
<par>
<line>&gt;</line></par>
</text>
</block>
<block><region><rect/></region>
<text>
<par>
<line>A</line></par>
</text>
</block>
<block><region><rect/></region>
<text>
<par/>
</text>
</block>
<block><region><rect/></region>
<text>
<par/>
</text>
</block>
<block><region><rect/></region>
<text>
<par/>
</text>
</block>
<block><region><rect/></region>
<text>
<par>
<line>' I ^</line></par>
<par>
<line>-y. ^ic</line></par>
</text>
</block>
<block><region><rect/></region>
<text>
<par/>
</text>
</block>
<block><region><rect/></region>
<text>
<par/>
</text>
</block>
<block><region><rect/><rect/><rect/></region>
<text>
<par/>
</text>
</block>
<block><region><rect/></region>
<text>
<par/>
</text>
</block>
<block><region><rect/></region>
<text>
<par/>
</text>
</block>
<block><region><rect/></region>
<text>
<par>
<line>Gletine</line></par>
</text>
</block>
<block><region><rect/></region>
<text>
<par>
<line>/*</line></par>
</text>
</block>
<block><region><rect/></region>
<text>
<par/>
</text>
</block>
<block><region><rect/></region>
<text>
<par>
<line>e\</line></par>
</text>
</block>
<block><region><rect/></region>
<text>
<par>
<line>rr</line></par>
</text>
</block>
<block><region><rect/></region>
<text>
<par>
<line>r</line></par>
</text>
</block>
<block><region><rect/></region>
<text>
<par/>
</text>
</block>
<block><region><rect/></region>
<text>
<par>
<line>3iî^4</line></par>
</text>
</block>
<block><region><rect/></region>
<text>
<par/>
</text>
</block>
<block><region><rect/></region>
<text>
<par/>
</text>
</block>
<block><region><rect/></region>
<text>
<par/>
</text>
</block>
<block><region><rect/></region>
<text>
<par>
<line>if ta</line></par>
</text>
</block>
<block><region><rect/></region>
<text>
<par>
<line>1 b</line></par>
</text>
</block>
<block><region><rect/></region>
<text>
<par>
<line>jfe</line></par>
</text>
</block>
<block><region><rect/></region>
<text>
<par/>
</text>
</block>
<block><region><rect/></region>
<text>
<par>
<line>m</line></par>
</text>
</block>
<block><region><rect/></region>
<text>
<par>
<line>jt.</line></par>
</text>
</block>
<block><region><rect/></region>
<text>
<par>
<line>ni</line></par>
</text>
</block>
<block><region><rect/></region>
<text>
<par>
<line>r'-</line></par>
</text>
</block>
<block><region><rect/></region>
<text>
<par/>
</text>
</block>
<block><region><rect/></region>
<text>
<par>
<line>•jy’if</line></par>
</text>
</block>
<block><region><rect/></region>
<text>
<par/>
</text>
</block>
<block><region><rect/></region>
<text>
<par/>
</text>
</block>
<block><region><rect/></region>
<text>
<par/>
</text>
</block>
<block><region><rect/></region>
<text>
<par/>
</text>
</block>
<block><region><rect/></region>
<text>
<par>
<line>«V .</line></par>
</text>
</block>
<block><region><rect/></region>
<text>
<par/>
</text>
</block>
<block><region><rect/></region>
<text>
<par/>
</text>
</block>
<block><region><rect/></region>
<text>
<par/>
</text>
</block>
<block><region><rect/></region>
<text>
<par>
<line>«•</line></par>
</text>
</block>
<block><region><rect/><rect/><rect/></region>
<text>
<par>
<line>j,^. ■l'JX'Y «</line></par>
</text>
</block>
<block><region><rect/><rect/></region>
<text>
<par>
<line>iîsjsâs^J't Jk</line></par>
<par>
<line>’)l ■ - --.Tn-^i</line></par>
<par>
<line>s A ■ -</line></par>
</text>
</block>
<block><region><rect/></region>
<text>
<par/>
</text>
</block>
<block><region><rect/></region>
<text>
<par>
<line>ft.'-iï</line></par>
</text>
</block>
<block><region><rect/></region>
<text>
<par/>
</text>
</block>
<block><region><rect/></region>
<text>
<par>
<line>ÜÜ!</line></par>
</text>
</block>
<block><region><rect/></region>
<text>
<par>
<line>-P</line></par>
</text>
</block>
<block><region><rect/></region>
<text>
<par>
<line>.-ei</line></par>
</text>
</block>
<block><region><rect/></region>
<text>
<par>
<line>9V!i</line></par>
</text>
</block>
<block><region><rect/></region>
<text>
<par>
<line>.V</line></par>
</text>
</block>
<block><region><rect/></region>
<text>
<par>
<line>/t</line></par>
</text>
</block>
<block><region><rect/></region>
<text>
<par>
<line>ï‘5</line></par>
</text>
</block>
<block><region><rect/></region>
<text>
<par/>
</text>
</block>
<block><region><rect/></region>
<text>
<par>
<line>rai</line></par>
</text>
</block>
<block><region><rect/></region>
<text>
<par/>
</text>
</block>
<block><region><rect/></region>
<text>
<par>
<line>vv</line></par>
</text>
</block>
<block><region><rect/></region>
<text>
<par/>
</text>
</block>
<block><region><rect/></region>
<text>
<par>
<line>m</line></par>
</text>
</block>
<block><region><rect/></region>
<text>
<par>
<line>i&gt;-</line></par>
</text>
</block>
<block><region><rect/><rect/></region>
<text>
<par>
<line>fS</line></par>
<par>
<line>■&gt;*&gt;ï</line></par>
</text>
</block>
<block><region><rect/></region>
<text>
<par>
<line>n</line></par>
</text>
</block>
<block><region><rect/></region>
<text>
<par/>
</text>
</block>
<block><region><rect/></region>
<text>
<par/>
</text>
</block>
<block><region><rect/></region>
<text>
<par/>
</text>
</block>
<block><region><rect/></region>
<text>
<par>
<line>Yfi</line></par>
</text>
</block>
<block><region><rect/></region>
<text>
<par/>
</text>
</block>
<block><region><rect/></region>
<text>
<par>
<line>^v.</line></par>
</text>
</block>
<block><region><rect/></region>
<text>
<par>
<line>l*</line></par>
</text>
</block>
<block><region><rect/></region>
<text>
<par/>
</text>
</block>
<block><region><rect/></region>
<text>
<par/>
</text>
</block>
<block><region><rect/></region>
<text>
<par/>
</text>
</block>
<block><region><rect/></region>
<text>
<par>
<line>1'T&lt;</line></par>
</text>
</block>
<block><region><rect/></region>
<text>
<par>
<line>.^■1</line></par>
</text>
</block>
<block><region><rect/></region>
<text>
<par/>
</text>
</block>
<block><region><rect/></region>
<text>
<par>
<line>fanrïlPt&lt;</line></par>
</text>
</block>
<block><region><rect/></region>
<text>
<par/>
</text>
</block>
<block><region><rect/></region>
<text>
<par>
<line>m</line></par>
</text>
</block>
<block><region><rect/></region>
<text>
<par>
<line>s N</line></par>
</text>
</block>
<block><region><rect/></region>
<text>
<par/>
</text>
</block>
<block><region><rect/></region>
<text>
<par>
<line>lît</line></par>
</text>
</block>
<block><region><rect/></region>
<text>
<par>
<line>5r</line></par>
</text>
</block>
<block><region><rect/></region>
<text>
<par/>
</text>
</block>
<block><region><rect/></region>
<text>
<par/>
</text>
</block>
<block><region><rect/></region>
<text>
<par>
<line>Tft</line></par>
</text>
</block>
<block><region><rect/></region>
<text>
<par/>
</text>
</block>
<block><region><rect/></region>
<text>
<par/>
</text>
</block>
<block><region><rect/></region>
<text>
<par>
<line>K</line></par>
</text>
</block>
<block><region><rect/></region>
<text>
<par/>
</text>
</block>
<block><region><rect/></region>
<text>
<par>
<line>ar</line></par>
</text>
</block>
<block><region><rect/></region>
<text>
<par>
<line>î*</line></par>
</text>
</block>
<block><region><rect/></region>
<text>
<par>
<line>XV</line></par>
</text>
</block>
<block><region><rect/></region>
<text>
<par>
<line>s.</line></par>
</text>
</block>
<block><region><rect/></region>
<text>
<par>
<line>-Y-*</line></par>
</text>
</block>
<block><region><rect/></region>
<text>
<par>
<line>■»J</line></par>
</text>
</block>
<block><region><rect/></region>
<text>
<par>
<line>t:&gt;</line></par>
</text>
</block>
<block><region><rect/></region>
<text>
<par>
<line>î^:</line></par>
</text>
</block>
<block><region><rect/></region>
<text>
<par>
<line>IF?</line></par>
</text>
</block>
<block><region><rect/></region>
<text>
<par>
<line>2&gt;j</line></par>
</text>
</block>
<block><region><rect/></region>
<text>
<par>
<line>r-f</line></par>
</text>
</block>
<block><region><rect/></region>
<text>
<par>
<line>les, Mâine&amp;^k</line></par>
</text>
</block>
<block><region><rect/></region>
<text>
<par>
<line>K</line></par>
</text>
</block>
<block><region><rect/></region>
<text>
<par>
<line>'XMTdA)^</line></par>
</text>
</block>
<block><region><rect/></region>
<text>
<par/>
</text>
</block>
<block><region><rect/></region>
<text>
<par/>
</text>
</block>
<block><region><rect/></region>
<text>
<par/>
</text>
</block>
<block><region><rect/></region>
<text>
<par/>
</text>
</block>
<block><region><rect/></region>
<text>
<par/>
</text>
</block>
<block><region><rect/></region>
<text>
<par/>
</text>
</block>
<block><region><rect/></region>
<text>
<par/>
</text>
</block>
<block><region><rect/></region>
<text>
<par>
<line>V151-I .. J:</line></par>
</text>
</block>
<block><region><rect/></region>
<text>
<par/>
</text>
</block>
<block><region><rect/></region>
<text>
<par>
<line>Siik^</line></par>
</text>
</block>
<block><region><rect/></region>
<text>
<par>
<line>■'.'ï/</line></par>
</text>
</block>
<block><region><rect/></region>
<text>
<par>
<line>Il J</line></par>
</text>
</block>
<block><region><rect/></region>
<text>
<par/>
</text>
</block>
<block><region><rect/><rect/></region>
<text>
<par/>
</text>
</block>
<block><region><rect/></region>
<text>
<par>
<line>pVJ'^'V</line></par>
</text>
</block>
<block><region><rect/><rect/></region>
<text>
<par/>
</text>
</block>
<block><region><rect/></region>
<text>
<par>
<line>Af.</line></par>
</text>
</block>
<block><region><rect/></region>
<text>
<par>
<line>\e Bcuc.h^l ]</line></par>
</text>
</block>
<block><region><rect/></region>
<text>
<par/>
</text>
</block>
<block><region><rect/></region>
<text>
<par>
<line>V' #</line></par>
</text>
</block>
<block><region><rect/></region>
<text>
<par/>
</text>
</block>
<block><region><rect/></region>
<text>
<par/>
</text>
</block>
<block><region><rect/></region>
<text>
<par>
<line>Vv</line></par>
</text>
</block>
<block><region><rect/></region>
<text>
<par/>
</text>
</block>
<block><region><rect/></region>
<text>
<par>
<line>7^-4 »</line></par>
</text>
</block>
<block><region><rect/></region>
<text>
<par>
<line>Zh</line></par>
</text>
</block>
<block><region><rect/></region>
<text>
<par>
<line>:"M</line></par>
</text>
</block>
<block><region><rect/></region>
<text>
<par/>
</text>
</block>
<block><region><rect/></region>
<text>
<par/>
</text>
</block>
<block><region><rect/></region>
<text>
<par>
<line>SV-</line></par>
</text>
</block>
<block><region><rect/></region>
<text>
<par/>
</text>
</block>
<block><region><rect/></region>
<text>
<par>
<line>A A</line></par>
</text>
</block>
<block><region><rect/><rect/></region>
<text>
<par>
<line>^irf|4 d'aAloaCol</line>
<line>' ’ A -Sïl .</line></par>
</text>
</block>
<block><region><rect/></region>
<text>
<par>
<line>5¥l</line></par>
</text>
</block>
<block><region><rect/></region>
<text>
<par>
<line>: :</line></par>
</text>
</block>
<block><region><rect/></region>
<text>
<par>
<line>VX</line></par>
</text>
</block>
<block><region><rect/></region>
<text>
<par>
<line>* t</line></par>
</text>
</block>
<block><region><rect/></region>
<text>
<par/>
</text>
</block>
<block><region><rect/></region>
<text>
<par/>
</text>
</block>
<block><region><rect/></region>
<text>
<par>
<line>.i'.</line></par>
</text>
</block>
<block><region><rect/><rect/></region>
<text>
<par>
<line>. "'''hMM • C"</line></par>
<par>
<line>/ • ■ • ^1,</line></par>
</text>
</block>
<block><region><rect/></region>
<text>
<par>
<line>SITE DU MONT PRENELEY</line>
<line>ET DES SOURCES DE L'YONNE</line></par>
<par>
<line>PLAN DE SITUATION</line></par>
<par>
<line>ECHELLE; 1/25000</line></par>
</text>
</block>
<block><region><rect/></region>
<text>
<par>
<line>y/ r'</line></par>
</text>
</block>
<block><region><rect/></region>
<text>
<par>
<line>■ft.Tt</line></par>
</text>
</block>
<block><region><rect/></region>
<text>
<par>
<line>£ S</line></par>
</text>
</block>
<block><region><rect/></region>
<text>
<par>
<line>' l</line></par>
</text>
</block>
<block><region><rect/></region>
<text>
<par/>
</text>
</block>
<block><region><rect/></region>
<text>
<par/>
</text>
</block>
<block><region><rect/></region>
<text>
<par>
<line>:; ir‘ ^ -,</line></par>
</text>
</block>
<block><region><rect/></region>
<text>
<par>
<line>a"</line></par>
</text>
</block>
<block><region><rect/></region>
<text>
<par/>
</text>
</block>
<block><region><rect/></region>
<text>
<par/>
</text>
</block>
<block><region><rect/></region>
<text>
<par>
<line>av'</line></par>
</text>
</block>
<block><region><rect/></region>
<text>
<par>
<line>rXi</line></par>
</text>
</block>
<block><region><rect/></region>
<text>
<par>
<line>^ &gt;</line></par>
</text>
</block>
<block><region><rect/></region>
<text>
<par/>
</text>
</block>
<block><region><rect/></region>
<text>
<par/>
</text>
</block>
<block><region><rect/></region>
<text>
<par>
<line>r</line></par>
</text>
</block>
<block><region><rect/></region>
<text>
<par/>
</text>
</block>
<block><region><rect/></region>
<text>
<par>
<line>Tt:</line></par>
</text>
</block>
<block><region><rect/></region>
<text>
<par/>
</text>
</block>
<block><region><rect/></region>
<text>
<par/>
</text>
</block>
<block><region><rect/></region>
<text>
<par>
<line>:5t5i</line></par>
</text>
</block>
<block><region><rect/></region>
<text>
<par>
<line>^^4</line></par>
</text>
</block>
<block><region><rect/></region>
<text>
<par/>
</text>
</block>
<block><region><rect/></region>
<text>
<par/>
</text>
</block>
<block><region><rect/></region>
<text>
<par>
<line>yv</line></par>
</text>
</block>
<block><region><rect/></region>
<text>
<par/>
</text>
</block>
<block><region><rect/></region>
<text>
<par>
<line>■.X</line></par>
</text>
</block>
<block><region><rect/></region>
<text>
<par>
<line>&gt;■-</line></par>
</text>
</block>
<block><region><rect/></region>
<text>
<par>
<line>5^</line></par>
</text>
</block>
<block><region><rect/></region>
<text>
<par>
<line>9,.J</line></par>
</text>
</block>
<block><region><rect/></region>
<text>
<par/>
</text>
</block>
<block><region><rect/></region>
<text>
<par>
<line>rv*</line></par>
</text>
</block>
<block><region><rect/></region>
<text>
<par>
<line>i :</line></par>
</text>
</block>









</page>
</AC2>