<?xml version="1.0" encoding="UTF-8"?><AC2>
<page width="1674" height="2353" resolution="200">
<block><region><rect/></region>
<text>
<par>
<line>BEAUX/ARTa</line></par>
</text>
</block>
<block><region><rect/></region>
<text>
<par>
<line>SITES</line></par>
</text>
</block>
<block><region><rect/></region>
<text>
<par>
<line>ILLE ET VILAINE</line></par>
<par>
<line>QUAI de la HOULE</line></par>
</text>
</block>
<block><region><rect/></region>
<text>
<par>
<line>ic^le</line></par>
</text>
</block>
<block><region><rect/></region>
<text>
<par>
<line>IMSCRIPTION</line></par>
</text>
</block>
<block><region><rect/></region>
<text>
<par>
<line>£^SA S oe</line></par>
</text>
</block>
<block><region><rect/></region>
<text>
<par>
<line>COMMvNC</line></par>
<par>
<line>C/»NroN</line></par>
<par>
<line>AffftoHOib''</line></par>
</text>
</block>
<block><region><rect/></region>
<text>
<par>
<line>Ce)/*Cc316 *</line></par>
<par>
<line>Cc9h</line></par>
</text>
</block>
<block><region><rect/></region>
<text>
<par>
<line>CAf?TC</line></par>
<par>
<line>H»52&gt;</line>
<line>Pti 5</line></par>
</text>
</block>
<block><region><rect/></region>
<text>
<par>
<line>'L</line></par>
</text>
</block>
<block><region><rect/></region>
<text>
<par/>
</text>
</block>
<block><region><rect/></region>
<text>
<par>
<line>e</line></par>
</text>
</block>
<block><region><rect/></region>
<text>
<par>
<line>V\^</line></par>
</text>
</block>
<block><region><rect/></region>
<text>
<par>
<line>IA HOULE</line></par>
</text>
</block>
<block><region><rect/></region>
<text>
<par>
<line>a«</line></par>
</text>
</block>
<block><region><rect/></region>
<text>
<par>
<line>Oua»</line></par>
</text>
</block>
<block><region><rect/></region>
<text>
<par/>
</text>
</block>
<block><region><rect/></region>
<text>
<par/>
</text>
</block>
<block><region><rect/></region>
<text>
<par/>
</text>
</block>
<block><region><rect/></region>
<text>
<par/>
</text>
</block>
<block><region><rect/></region>
<text>
<par>
<line>VOIR PLAN GENERAL @</line></par>
<par>
<line>AaiiBTH 4u 11 NO^JBRR 1942</line></par>
</text>
</block>
<block><region><rect/></region>
<text>
<par>
<line>^»t Inscrit à l’In^^ntalr* nt«a d*nt la</line></par>
<par>
<line>•«nsarration prée^nt^ an intérêt iç jn ^ral » 1«* quai é«</line>
<line>la Boula 4 CABCAL^î: (Ilia «t ’^llain#).</line></par>
</text>
</block>
<block><region><rect/></region>
<text>
<par>
<line>; ?ar^i4l égatian</line></par>
<par>
<line>I La onsalllar é*'^tat</line></par>
<par>
<line>Sacî-Halr» ^rén ;rî;l</line></par>
<par>
<line>Paur caafara# 4a« Baa-ix-Arta,</line></par>
<par>
<line>La "^haf du Buraa i daa</line></par>
<par>
<line>T'-oB^imantR Hlatoriq'iaa . Sign- ! L* HA’TTj3Cü’Î''TH*</line></par>
<par>
<line>at t</line></par>
</text>
</block>
<block><region><rect/></region>
<text>
<par>
<line>\</line></par>
</text>
</block>
<block><region><rect/></region>
<text>
<par>
<line>I</line></par>
</text>
</block>
<block><region><rect/></region>
<text>
<par>
<line>r</line></par>
</text>
</block>




















</page>
</AC2>