<?xml version="1.0" encoding="UTF-8"?><AC2>
<page width="2494" height="3515" resolution="300">
<block><region><rect/></region>
<text>
<par>
<line>RÉPUBLIQUE FRANÇAISE</line></par>
</text>
</block>
<block><region><rect/></region>
<text>
<par>
<line>. î</line></par>
</text>
</block>
<block><region><rect/></region>
<text>
<par>
<line>;</line></par>
</text>
</block>
<block><region><rect/><rect/></region>
<text>
<par>
<line>MINISTERE DE L'URBANISME</line></par>
<par>
<line>ET DU LOGEMENT</line></par>
<par>
<line>ET DES TRANSPORTS</line></par>
<par>
<line>. .vP</line></par>
</text>
</block>
<block><region><rect/></region>
<text>
<par>
<line>MINISTERE DE L'ENVIRONNEMENT</line></par>
</text>
</block>
<block><region><rect/></region>
<text>
<par/>
</text>
</block>
<block><region><rect/></region>
<text>
<par/>
</text>
</block>
<block><region><rect/></region>
<text>
<par/>
</text>
</block>
<block><region><rect/></region>
<text>
<par/>
</text>
</block>
<block><region><rect/></region>
<text>
<par/>
</text>
</block>
<block><region><rect/></region>
<text>
<par/>
</text>
</block>
<block><region><rect/></region>
<text>
<par>
<line>de'</line></par>
</text>
</block>
<block><region><rect/></region>
<text>
<par/>
</text>
</block>
<block><region><rect/></region>
<text>
<par>
<line>DÉCRET</line></par>
</text>
</block>
<block><region><rect/></region>
<text>
<par>
<line>1 9 SEP. 1985</line></par>
</text>
</block>
<block><region><rect/><rect/><rect/><rect/></region>
<text>
<par>
<line>t classement parmi les sites pittoresque-s des abords du</line>
<line>t de la Grande Chartreuse sur les communes de Saint Pierre</line>
<line>artreuse, Saint Christophe sur Guiers et Saint Pierre</line>
<line>Entremont,</line></par>
</text>
</block>
<block><region><rect/></region>
<text>
<par>
<line>LE PREMIER MINISTRE</line></par>
</text>
</block>
<block><region><rect/></region>
<text>
<par>
<line>SUR le rapport du Ministre de l'Environnement et du Ministre</line>
<line>de l'Urbanisme du logement et des Transports,</line></par>
<par>
<line>VU la loi du 2 mai 1930 réorganisant la protection des montunents</line>
<line>naturels et des sites de caractère artistique, historique,</line>
<line>scientifique, légendaire ou pittoresque modifiée par la loi</line>
<line>n° 67 1174 d-ii 28 décembre 19^7» et notamment les articles</line>
<line>5.1., 7&gt; 8, et 12 et le décret du 13 juin 1989» pris pour ■</line>
<line>son application,</line></par>
<par>
<line>VU les conclusions de l'enquêté effectuée en application de</line>
<line>l'article ^, de la loi du 2 mai 1930 modifiée et des</line>
<line>articles 4 et 5 'du décret n® 69 607 du 13 juin I969 et</line>
<line>notamment l'absence de consentement.de certains propriétaires'</line>
<line>au classement,</line></par>
<par>
<line>VU le décret n° 70 288 du 3I mars 1970 relatif à la composition</line>
<line>et au fonctionnement des Commissions Départementales et</line>
<line>Supérieure des Sites,</line></par>
<par>
<line>VU l'avis émis par la Commission Départementale des Sites en</line>
<line>date du 20 juillet 1982,</line></par>
<par>
<line>VU l'avis émis par la Commission Supérieure des Sites en date</line>
<line>du 29 juin 1983,</line></par>
</text>
</block>
<block><region><rect/></region>
<text>
<par/>
</text>
</block>
<block><region><rect/></region>
<text>
<par>
<line>O 9</line></par>
</text>
</block>
<block><region><rect/></region>
<text>
<par>
<line>J.O. N"</line></par>
</text>
</block>
<block><region><rect/></region>
<text>
<par>
<line>2 ^ SE?, i985</line></par>
</text>
</block>












</page>
<page width="2491" height="3512" resolution="300">
<block><region><rect/></region>
<text>
<par>
<line>f</line></par>
</text>
</block>
<block><region><rect/></region>
<text>
<par>
<line>Le Conseil d'Etat (Section des Travaux Publics) entendu :</line></par>
<par>
<line>CONSIDERANT que les abords du Couvent de la Grande Chartreuse sur</line>
<line>les cominxines de Saint Pierre de Chartreuse, Saint 'Christophe</line>
<line>sur Guiers et Saint Pierre d'Entremont, forment un ensemble</line>
<line>dont la conservation et la préservation présentent, en raison</line>
<line>de son caractère pittoresque, un intérêt général au sens de</line>
<line>l'article 4 de la loi du 2 mai 1930 susvisé :</line></par>
</text>
</block>
<block><region><rect/></region>
<text>
<par>
<line>DECRETE:</line></par>
</text>
</block>
<block><region><rect/></region>
<text>
<par>
<line>Article 1er - Est classé par les sites du département de l'Isère</line>
<line>l'ensemble formé sur les communes de Saint Pierre</line>
<line>de Chartreuse, Saint-Christophe--sur-Guiers et</line>
<line>Saint-Pierre-d.'Entremont par le site des abords</line>
<line>du Couvent de la Grande Chartreuse délimité comme</line>
<line>suit, en partant du Nord-Est conformément au plan</line>
<line>au l/l5000ème annexé au présent décret :</line></par>
<par>
<line>” les limites Nord et Est de la parcelle n® 368</line>
<line>section A2 du cadastre de la commune de Saint-</line>
<line>Pierre-d'Entremont,</line></par>
<par>
<line>- à l'Est, la limite entre les communes Saint-</line>
<line>Pierre- d 'Entremont et de.Saint-Pierre-de-Char¬</line>
<line>treuse, la limite de- la section A3 cadastre</line></par>
<par>
<line>de Saint-Pierre-de-Ghartreuse jusqu'au Guiers</line>
<line>' Mort,-</line></par>
<par>
<line>- au Sud, le ruisseau le Guiers Mort jusqu'au Pic</line>
<line>de l'Oeillette, y compris ce dernier,</line></par>
<par>
<line>“ à l'Ouest, la limite entre les communes de Saint-</line>
<line>Pierre-de-Chartreuse et de Saint-Laurent—du-Pont,</line>
<line>la limite entre les communes de Saint-Pierre-jde •</line>
<line>Chartreuse et de Saint-Christophe-sur-Guiers, la</line>
<line>limite Ouest des parcelles n® 626, 626, 620</line>
<line>.section C 4 du cadastre de Saint.CEristophe-sur-</line>
<line>Gui'jrs,</line></par>
</text>
</block>
<block><region><rect/></region>
<text>
<par>
<line>- au Nord, la limite Nord des parcelles n° 622,</line>
<line>623, 615, 609, 608, 604, section C4 du cadastre</line>
<line>de Saint-Christophe-sur-Guiers site classé.</line></par>
</text>
</block>
<block><region><rect/></region>
<text>
<par>
<line>Article 2 - Le présent décret sera notifié au Préfet, Commissaire</line></par>
<par>
<line>de la République de l'Isère et aux Maires des</line>
<line>communes concernées.</line></par>
</text>
</block>







</page>
<page width="2502" height="3520" resolution="300">
<block><region><rect/></region>
<text>
<par>
<line>5</line></par>
</text>
</block>
<block><region><rect/></region>
<text>
<par>
<line>I</line></par>
</text>
</block>
<block><region><rect/></region>
<text>
<par>
<line>Article 5 : Le présent décret ainsi qu'un plan parcellaire</line></par>
<par>
<line>pourront être consultés à la Préfecture de l'Isère</line>
<line>ainsi que dans les Mairies concernées.</line></par>
<par>
<line>Article 4 : Le Ministre de 1'Environnement, le Ministre de</line></par>
<par>
<line>1'Urbanisme du Logement et cfes Transports sont</line>
<line>chargés de l'exécution du présent décret qui</line>
<line>sera publié au Journal Officiel de la République</line>
<line>Française.</line></par>
</text>
</block>
<block><region><rect/></region>
<text>
<par>
<line>Laurent FABIüS i</line></par>
</text>
</block>
<block><region><rect/></region>
<text>
<par>
<line>Fait à PARIS,' le ^ C</line>
<line>Par le Premier Ministre</line></par>
</text>
</block>
<block><region><rect/></region>
<text>
<par>
<line>Le Ministre de l'Urbanisme Le Ministre de l'Environnement</line></par>
<par>
<line>du Logement et des Transports</line></par>
</text>
</block>
<block><region><rect/></region>
<text>
<par>
<line>l</line></par>
</text>
</block>
<block><region><rect/></region>
<text>
<par>
<line>Pau! QUÎLÈS</line></par>
</text>
</block>
<block><region><rect/></region>
<text>
<par>
<line>eOUCMAftOÊAU</line></par>
<par>
<line>/</line></par>
</text>
</block>
<block><region><rect/></region>
<text>
<par>
<line>/</line></par>
</text>
</block>










</page>
<page width="2519" height="3532" resolution="300">
<block><region><rect/></region>
<text>
<par>
<line>"V-'Æîf Jp^m! B ViiMlll»*/</line></par>
</text>
</block>
<block><region><rect/></region>
<text>
<par>
<line>Cne de Sf PIERRE</line>
<line>d'ENTREMO&amp;T i</line></par>
</text>
</block>
<block><region><rect/></region>
<text>
<par>
<line>section A</line></par>
</text>
</block>
<block><region><rect/></region>
<text>
<par>
<line>omrriihe de? 3t CHRISTOPHE dur GIIERS</line></par>
</text>
</block>
<block><region><rect/></region>
<text>
<par>
<line>section- C4</line></par>
</text>
</block>
<block><region><rect/></region>
<text>
<par>
<line>///</line></par>
<par>
<line>X. // SAINT SAUMO</line></par>
</text>
</block>
<block><region><rect/></region>
<text>
<par>
<line>r oenHiEK</line></par>
<par>
<line>NOrflC • DAME</line></par>
</text>
</block>
<block><region><rect/></region>
<text>
<par>
<line>SOM</line></par>
</text>
</block>
<block><region><rect/></region>
<text>
<par>
<line>BILLON</line></par>
</text>
</block>
<block><region><rect/></region>
<text>
<par>
<line>section A3</line></par>
</text>
</block>
<block><region><rect/></region>
<text>
<par>
<line>\/SRNAY</line></par>
</text>
</block>
<block><region><rect/></region>
<text>
<par>
<line>1 \eSSAftD ‘</line></par>
<par>
<line>I \ t-OBlN</line></par>
</text>
</block>
<block><region><rect/></region>
<text>
<par>
<line>SAINT</line></par>
</text>
</block>
<block><region><rect/></region>
<text>
<par>
<line>LA-PLASSADLC</line></par>
</text>
</block>
<block><region><rect/></region>
<text>
<par>
<line>Al</line></par>
</text>
</block>
<block><region><rect/></region>
<text>
<par>
<line>A2</line></par>
</text>
</block>
<block><region><rect/></region>
<text>
<par>
<line>Commune de'-St PIERRE de CHARTREUSE</line></par>
</text>
</block>
<block><region><rect/></region>
<text>
<par>
<line>CHABTROUSSl TTE</line></par>
</text>
</block>
<block><region><rect/></region>
<text>
<par>
<line>COMBE BACHAIX</line></par>
</text>
</block>
<block><region><rect/></region>
<text>
<par>
<line>Li FITOLE</line></par>
</text>
</block>
<block><region><rect/></region>
<text>
<par>
<line>E.&lt;4L, ({(KREATlON</line></par>
</text>
</block>
<block><region><rect/></region>
<text>
<par>
<line>si1:e classe par decret du ^9.5.85</line></par>
</text>
</block>
<block><region><rect/></region>
<text>
<par>
<line>«BORDS du COUVENT du II</line>
<line>GRANDE CHARTREUSE</line></par>
</text>
</block>
<block><region><rect/></region>
<text>
<par>
<line>-tNlTKiih dtt.-'CadailrflB de:</line></par>
<par>
<line>St PIERRE Ri CHARTREUSE</line></par>
<par>
<line>eecHons A1«A2«A3</line></par>
<par>
<line>St GMUSriPHE lir BUIERS</line></par>
<par>
<line>aecHon Ç4 . -.n,.</line></par>
<par>
<line>St PIERRE A'ENTREMMî</line></par>
<par>
<line>seclion A2</line></par>
</text>
</block>
<block><region><rect/></region>
<text>
<par>
<line>1^,</line></par>
</text>
</block>
<block><region><rect/></region>
<text>
<par>
<line>LA COimEHIE</line></par>
</text>
</block>
<block><region><rect/></region>
<text>
<par>
<line>ÛRA6E &gt;N</line></par>
</text>
</block>
<block><region><rect/></region>
<text>
<par/>
</text>
</block>
<block><region><rect/></region>
<text>
<par>
<line>Oor</line></par>
</text>
</block>
<block><region><rect/></region>
<text>
<par>
<line>ROUSE</line></par>
</text>
</block>
<block><region><rect/></region>
<text>
<par>
<line>TfrS,</line></par>
</text>
</block>
<block><region><rect/></region>
<text>
<par/>
</text>
</block>
<block><region><rect/><rect/><rect/></region>
<text>
<par>
<line>.</line></par>
</text>
</block>

































































</page>
</AC2>