<?xml version="1.0" encoding="UTF-8"?><AC2>
<page width="2508" height="3527" resolution="300">
<block><region><rect/></region>
<text orientation="RotatedCounterclockwise">
<par>
<line>3-4S3-1926. [260ÔS]</line></par>
</text>
</block>
<block><region><rect/></region>
<text>
<par>
<line>MIXISTÈRI':</line></par>
<par>
<line>lIK</line></par>
<par>
<line>t’INSTRUCTION l'üBLIflUIî</line>
<line>Bï DBS DEAIX-IUTS</line></par>
</text>
</block>
<block><region><rect/></region>
<text>
<par>
<line>BEAUX-ARTS</line></par>
<par>
<line>•î ’</line></par>
<par>
<line>MOKtlMENTS HiroaiQUES</line>
<line>Sltsf et MoQuinenti natursle</line></par>
</text>
</block>
<block><region><rect/></region>
<text>
<par>
<line>UÉPUIÎLIQUE FRANÇAISE</line></par>
</text>
</block>
<block><region><rect/></region>
<text>
<par>
<line>^lot/tefce</line></par>
</text>
</block>
<block><region><rect/></region>
<text>
<par/>
</text>
</block>
<block><region><rect/></region>
<text>
<par>
<line>fc- '</line></par>
</text>
</block>
<block><region><rect/></region>
<text>
<par>
<line>«f/- ^^eu^a&gt;' S^âf,</line></par>
<par>
<line>^ /ê^ tsÂi' j8-/ l»u^€r/*^</line></par>
<par>
<line>üv^ £?iz,/uf tfifeîs</line></par>
<par>
<line>^„..;....l.S.._Boy^ï:g.,.l,c^,6.i„..,.,...,..........</line></par>
<par>
<line>&amp;t ZH- mars^^y</line></par>
<par>
<line>y4i^&gt; /*^^-...2,®,...5.5Ba.®i.i,.,I^.ïil9Ai).sl..4.@-.Kar.Q.Qim0..,,.9,t</line>
<line>üoîisôil Münioipal d'Headin,</line></par>
<par>
<line>a^lpuetcy :</line></par>
<par>
<line>..^3itU&lt;Sg sur _</line></par>
<par>
<line>^:.l^.EA.i?„l£â,„,çie3.ootrLMrLô3„,,ii.:He3d,i^^^ ..</line></par>
<par>
<line>^«S,as,.dS,.9.“f3;Uai,a,.)..i„...,-....-.........:..</line></par>
<par>
<line>.c/^&lt;JJeî3... yinif?né^' i!ac/ JtVè.\J t'/^ ficc/i&lt;,lc./j</line></par>
</text>
</block>











</page>
<page width="2514" height="3531" resolution="300">
<block><region><rect/></region>
<text>
<par>
<line>ja</line></par>
</text>
</block>
<block><region><rect/></region>
<text>
<par>
<line>etiù eift^</line></par>
<par>
<line>i-j/.JJL.„I?^lâ.îrÛ.fl.rr.0.fll£Üj5 ..-  </line></par>
<par>
<line>aux Maire a qea villas û‘HeacLin et de itarao|ifiQ.</line></par>
<par>
<line>jaroBr^tairea,,.^................</line></par>
<par>
<line>tJdtipjt.À' û/ficctt’tv aft-</line></par>
<par>
<line>4oi?^ iiCÂOUÜort^</line></par>
<par>
<line>ïait k ^ ^....12j:|Vi32SL_</line></par>
</text>
</block>


</page>
</AC2>