<?xml version="1.0" encoding="UTF-8"?><AC2>
<page width="1687" height="2360" resolution="200">
<block><region><rect/></region>
<text>
<par>
<line>néRiJOLlQUE FRANÇAISE</line></par>
</text>
</block>
<block><region><rect/></region>
<text>
<par>
<line>^C'.'ÎISTKH^</line></par>
<par>
<line>DK L*SDTiRo:î:îK;ci::îT. k? m</line></par>
<par>
<line>CADI2 DS VIS</line></par>
</text>
</block>
<block><region><rect/></region>
<text>
<par>
<line>Direction de 1'Urbanisa©</line>
<line>et deî3 Paysages</line></par>
</text>
</block>
<block><region><rect/></region>
<text>
<par>
<line>ARRETE</line></par>
</text>
</block>
<block><region><rect/></region>
<text>
<par>
<line>SITSS</line></par>
</text>
</block>
<block><region><rect/></region>
<text>
<par>
<line>le Ministre de 1'Environnement</line>
<line>et du Cadre de Vie</line></par>
</text>
</block>
<block><region><rect/></region>
<text>
<par>
<line>VTI la loi du 2 mai 1930 réorganisant la protection des monuments</line>
<line>naturels et des sites de caractère artistique, historique,</line>
<line>scientifique, légendaire ou pittoresque, modifiée pai' la loi</line>
<line>n® b7o1174 23 décembre 19^7 î</line></par>
<par>
<line>VU le décret n® 69*607 du 13 juin I969 portant application des</line>
<line>articles 4 et 5*1 la loi du 2 mai 1930 sur la protection</line>
<line>des sites ;</line></par>
<par>
<line>VU le décret du 9 février,I968 portant application du décret du</line>
<line>7 février 1959 modifié relatif au camping et notamment les</line>
<line>articles 2 et 6 ;</line></par>
<par>
<line>VU le Code de l'Urbanisme et notamment l'article R 443~9 relatif</line>
<line>au stationnement des caravanes ;</line></par>
<par>
<line>VU le décret n® 70*288 du 31 mars 1970 relatif à la composition</line>
<line>, ' et au fonctionnement des commissions départementales et</line></par>
<par>
<line>supérieure des sites ;</line></par>
<par>
<line>COKSIDERAITT que le Maire de la commune de VALLET saisi pour avis</line>
<line>du Conseil Municipal le 2 décembre 1976 par le Préfet de la</line>
<line>région des Pays de la LOIRE Préfet de la LOIRE ATLAIITIQUE n'a</line>
<line>pas répondu dans le délai de trois mois imparti et que sa</line>
<line>réponse est. réputée favorable ;</line></par>
<par>
<line>/ '' VU la délibération du 6 juillet 1977 1=1 Commission départementale</line></par>
<par>
<line>des Sites, perspectives et paysages du département de la Loire</line>
<line>Atlantique j .</line></par>
</text>
</block>
<block><region><rect/></region>
<text>
<par>
<line>ARRETE:</line></par>
</text>
</block>
<block><region><rect/></region>
<text>
<par>
<line>ARTICLE 1er - Est inscrit sur l'inventaire des sites pittoresques</line>
<line>du département de la Loire-Atlantique l'ensemble formé sur la</line>
<line>commune de VALLET par le parc de la NOE BEL A.IR</line></par>
</text>
</block>
<block><region><rect/></region>
<text>
<par>
<line>et comprenant les lieux dits :</line></par>
</text>
</block>








</page>
<page width="1664" height="2344" resolution="200">
<block><region><rect/></region>
<text>
<par>
<line>T</line></par>
</text>
</block>
<block><region><rect/></region>
<text>
<par>
<line>2</line></par>
</text>
</block>
<block><region><rect/></region>
<text>
<par>
<line>/</line></par>
</text>
</block>
<block><region><rect/></region>
<text>
<par>
<line>/</line></par>
</text>
</block>
<block><region><rect/></region>
<text>
<par>
<line>/</line></par>
</text>
</block>
<block><region><rect/></region>
<text>
<par>
<line>- HUCHELOUP (en totalité)</line></par>
<par>
<line>- PIECE DU MOULIÎI (en totalité)</line></par>
<par>
<line>- LA NOS BEL AIR (en totalité)</line></par>
<par>
<line>et la partie du lieu-dit MOULIN LE LA NOS BEL AIR située à l’ouest</line>
<line>du chemin départemental 57 de BLAIN à TILLIERES</line></par>
<par>
<line>ainsi que les parcelles n®s 148 et 149 de la section HL</line></par>
<par>
<line>~ conformément au plan annexé au présent arrêté.</line></par>
<par>
<line>ARTICLE 2 " Le présent arrêté sera notifié au Préfet du département</line>
<line>de la Loire-Atlantique et au Maire de la commune de VALLET qui</line>
<line>seront responsables, chacun en ce qui le concerne^ de son exécution.</line></par>
</text>
</block>
<block><region><rect/></region>
<text>
<par>
<line>Fait à PARIS, le 2</line></par>
</text>
</block>
<block><region><rect/></region>
<text>
<par>
<line>Pour Ministre et par cioiéçation</line>
<line>L’ô So-Js-Pireclour dos Cites</line></par>
</text>
</block>
<block><region><rect/></region>
<text>
<par>
<line>to So'JS-Pirectour dos Cite</line>
<line>et dos ÉspûCss protégés</line></par>
</text>
</block>
<block><region><rect/></region>
<text>
<par>
<line>îfl, DHESCH</line></par>
</text>
</block>





</page>
</AC2>