<?xml version="1.0" encoding="UTF-8"?><AC2>
<page width="1653" height="2338" resolution="200">
<block><region><rect/></region>
<text>
<par>
<line>BEAUX-</line></par>
</text>
</block>
<block><region><rect/></region>
<text>
<par>
<line>SITES</line></par>
</text>
</block>
<block><region><rect/></region>
<text>
<par>
<line>fKlâCR-IPTlON</line></par>
</text>
</block>
<block blockType="Table" blockName="" l="506" t="3" r="1648" b="382"><region><rect/></region>
<row>
<cell leftBorder="White" topBorder="White" rightBorder="White" bottomBorder="White" width="337" height="80">
<text>
<par>
<line>ILLE ET</line></par>
</text></cell>
<cell leftBorder="White" topBorder="White" rightBorder="White" bottomBorder="White" width="552" height="80">
<text>
<par>
<line>VILAINE</line></par>
</text></cell>
<cell colSpan="2" leftBorder="White" topBorder="White" rightBorder="White" bottomBorder="White" width="253" height="80">
<text>
<par>
<line>KST^U^UdUn</line></par>
</text></cell></row>
<row>
<cell leftBorder="White" topBorder="White" rightBorder="White" bottomBorder="White" width="337" height="62">
<text>
<par>
<line>CHATEAU</line></par>
</text></cell>
<cell leftBorder="White" topBorder="White" rightBorder="White" bottomBorder="White" width="552" height="62">
<text>
<par>
<line>de LANDAL</line></par>
</text></cell>
<cell leftBorder="White" topBorder="White" rightBorder="White" bottomBorder="White" width="96" height="62">
<text>
<par/>
</text></cell>
<cell leftBorder="White" topBorder="White" rightBorder="White" bottomBorder="White" width="157" height="62">
<text>
<par/>
</text></cell></row>
<row>
<cell leftBorder="White" topBorder="White" rightBorder="White" bottomBorder="White" width="337" height="44">
<text>
<par/>
</text></cell>
<cell leftBorder="White" topBorder="White" rightBorder="White" bottomBorder="White" width="552" height="44">
<text>
<par/>
</text></cell>
<cell leftBorder="White" topBorder="White" rightBorder="White" bottomBorder="White" width="96" height="44">
<text>
<par/>
</text></cell>
<cell leftBorder="White" topBorder="White" rightBorder="White" bottomBorder="White" width="157" height="44">
<text>
<par>
<line>CARTE</line></par>
</text></cell></row>
<row>
<cell leftBorder="White" topBorder="White" rightBorder="White" bottomBorder="White" width="337" height="66">
<text>
<par>
<line>coMMursits ^</line></par>
</text></cell>
<cell leftBorder="White" topBorder="White" rightBorder="White" bottomBorder="White" width="552" height="66">
<text>
<par>
<line>Broudlan- l-â Bcu.mc-E-p^iMc</line></par>
</text></cell>
<cell leftBorder="White" topBorder="White" bottomBorder="White" width="96" height="66">
<text>
<par>
<line>y</line></par>
</text></cell>
<cell topBorder="White" rightBorder="White" bottomBorder="White" width="157" height="66">
<text>
<par>
<line>MICHEUIN</line></par>
</text></cell></row>
<row>
<cell leftBorder="White" topBorder="White" rightBorder="White" bottomBorder="White" width="337" height="60">
<text>
<par>
<line>CANTON :</line></par>
</text></cell>
<cell leftBorder="White" topBorder="White" bottomBorder="White" width="552" height="60">
<text>
<par>
<line>P«ugfcf6</line></par>
</text></cell>
<cell topBorder="White" bottomBorder="White" width="96" height="60">
<text>
<par>
<line>A</line></par>
</text></cell>
<cell topBorder="White" rightBorder="White" bottomBorder="White" width="157" height="60">
<text>
<par>
<line>N® 59</line></par>
</text></cell></row>
<row>
<cell leftBorder="White" topBorder="White" rightBorder="White" bottomBorder="White" width="337" height="67">
<text>
<par>
<line>ARRONDIS^ :</line></par>
</text></cell>
<cell leftBorder="White" topBorder="White" bottomBorder="White" width="552" height="67">
<text>
<par>
<line>Malo</line></par>
</text></cell>
<cell topBorder="White" width="96" height="67">
<text>
<par>
<line>A</line></par>
</text></cell>
<cell topBorder="White" rightBorder="White" bottomBorder="White" width="157" height="67">
<text>
<par>
<line>PLI IJ</line></par>
</text></cell></row>
</block>
<block><region><rect/></region>
<text>
<par>
<line>COMMUNE id* Id BOU&amp;SAC</line>
<line>} iJ \</line></par>
</text>
</block>
<block><region><rect/></region>
<text>
<par>
<line>, / î</line></par>
<par>
<line>PB'I. év Prâ-r'ii / ^</line></par>
<par>
<line>&lt; I</line></par>
</text>
</block>
<block><region><rect/></region>
<text>
<par/>
</text>
</block>
<block><region><rect/></region>
<text>
<par>
<line>fÊ</line></par>
</text>
</block>
<block><region><rect/></region>
<text>
<par>
<line>*•</line></par>
<par>
<line>Riin^o/'.</line></par>
<par>
<line>COf^MüNE f ffg</line></par>
</text>
</block>
<block><region><rect/></region>
<text>
<par>
<line>Lt</line></par>
</text>
</block>
<block><region><rect/></region>
<text>
<par>
<line>LC^KJ</line></par>
</text>
</block>
<block><region><rect/></region>
<text>
<par>
<line>ityl*</line></par>
</text>
</block>
<block><region><rect/></region>
<text>
<par>
<line>•r</line></par>
</text>
</block>
<block><region><rect/></region>
<text>
<par>
<line>J*«rtS</line></par>
</text>
</block>
<block><region><rect/></region>
<text>
<par>
<line>t-t&gt;</line></par>
</text>
</block>
<block><region><rect/></region>
<text>
<par>
<line>^tmUt</line></par>
</text>
</block>
<block><region><rect/></region>
<text>
<par/>
</text>
</block>
<block><region><rect/></region>
<text>
<par/>
</text>
</block>
<block><region><rect/></region>
<text>
<par>
<line>*&gt;e</line></par>
</text>
</block>
<block><region><rect/></region>
<text>
<par>
<line>0</line></par>
</text>
</block>
<block><region><rect/></region>
<text>
<par>
<line>L/it</line></par>
</text>
</block>
<block><region><rect/></region>
<text>
<par>
<line>/•r</line></par>
</text>
</block>
<block><region><rect/></region>
<text>
<par>
<line>d'BPINIAC</line></par>
</text>
</block>
<block><region><rect/></region>
<text>
<par>
<line>jTt</line></par>
</text>
</block>
<block><region><rect/></region>
<text>
<par/>
</text>
</block>
<block><region><rect/></region>
<text>
<par/>
</text>
</block>
<block><region><rect/></region>
<text>
<par/>
</text>
</block>
<block><region><rect/></region>
<text>
<par>
<line>''3</line></par>
</text>
</block>
<block><region><rect/></region>
<text>
<par>
<line>n»t4</line></par>
</text>
</block>
<block><region><rect/></region>
<text>
<par/>
</text>
</block>
<block><region><rect/></region>
<text>
<par>
<line>h»f«U</line></par>
</text>
</block>
<block><region><rect/></region>
<text>
<par/>
</text>
</block>
<block><region><rect/></region>
<text>
<par/>
</text>
</block>
<block><region><rect/></region>
<text>
<par>
<line>Um</line></par>
</text>
</block>
<block><region><rect/></region>
<text>
<par>
<line>rr#</line></par>
</text>
</block>
<block><region><rect/></region>
<text>
<par/>
</text>
</block>
<block><region><rect/></region>
<text>
<par/>
</text>
</block>
<block><region><rect/></region>
<text>
<par>
<line>7r</line></par>
</text>
</block>
<block><region><rect/></region>
<text>
<par>
<line>■ 6&gt;^b</line></par>
<par>
<line>U C5V«</line></par>
</text>
</block>
<block><region><rect/></region>
<text>
<par>
<line>Au* Ranvcrs</line></par>
</text>
</block>
<block><region><rect/></region>
<text>
<par>
<line>ltor&gt;</line></par>
</text>
</block>
<block><region><rect/></region>
<text>
<par>
<line>&amp;i&gt;lb C&gt;t&amp;v</line></par>
</text>
</block>
<block><region><rect/></region>
<text>
<par/>
</text>
</block>
<block><region><rect/></region>
<text>
<par>
<line>ae. BP.OUALAN ' &gt;</line></par>
</text>
</block>
<block><region><rect/></region>
<text>
<par>
<line>co^iyvuKie</line></par>
</text>
</block>
<block><region><rect/></region>
<text>
<par/>
</text>
</block>
<block><region><rect/></region>
<text>
<par/>
</text>
</block>
<block><region><rect/></region>
<text>
<par>
<line>À</line></par>
</text>
</block>
<block><region><rect/></region>
<text>
<par>
<line>N</line></par>
</text>
</block>
<block><region><rect/></region>
<text>
<par>
<line>ii</line></par>
</text>
</block>
<block><region><rect/></region>
<text>
<par>
<line>EchÊlIe : l/jO.OOO</line>
<line>Partie inscrtte O</line></par>
</text>
</block>
<block><region><rect/></region>
<text>
<par>
<line>aRHL^TS du 21 ytr/hllûH</line></par>
</text>
</block>
<block><region><rect/></region>
<text>
<par>
<line>Sont Inecritea à l’Inventaire dae sites dont la conser-</line>
<line>-vation présente un intérêt générait par application de</line>
<line>l’article 4 de la loi du ^ iual 1W30, les parties suivantes</line>
<line>du Domaine de Landal situé sur le territoire des communes de</line>
<line>BROUAlAl^LA B0US3AC et BPIÎIIaC (llle-et-Vlîaine )</line></par>
<par>
<line>Parcalles n® 712. 7Id. 714. 716, 716. 717. 718. 719. 720. 721.</line>
<line>726. 676. 674. 728. 729. 76C. -section G - Cotamune de BRCUaLAJ^</line>
<line>n® 71. 75. 76. 77. 78. 7v. 81. 82. 709. 710. 692. 696. 697.</line>
<line>698. - section G - Gommune de LA BCU3SAG</line></par>
<par>
<line>n® 155. lOOIblB - section G - commune d’tIPINIAC</line></par>
</text>
</block>
<block><region><rect/></region>
<text>
<par>
<line>'our copie conforme&gt;</line>
<line>Le Chef du bureau des</line>
<line>.fonuments historiques</line>
<line>et des sites t</line></par>
</text>
</block>
<block><region><rect/></region>
<text>
<par>
<line>Par délégation spéciale»</line></par>
<par>
<line>Le Directeur Général des Beaux-Arts t</line></par>
<par>
<line>signet Georges HUXS^IAN</line></par>
</text>
</block>



























<block blockType="Picture" blockName="" l="826" t="959" r="890" b="1008"><region><rect/></region>
</block>
</page>
</AC2>