<?xml version="1.0" encoding="UTF-8"?><AC2>
<page width="1653" height="2336" resolution="200">
<block><region><rect/></region>
<text>
<par>
<line>RÉPUBLIQUE FRANÇAISE</line></par>
</text>
</block>
<block><region><rect/></region>
<text>
<par>
<line>'BP./AR*</line></par>
</text>
</block>
<block><region><rect/></region>
<text>
<par>
<line>xxiuimàBiE</line></par>
<par>
<line>WOQC</line></par>
<par>
<line>xMRAjtSüËi@c:§tWË^^</line></par>
</text>
</block>
<block><region><rect/></region>
<text>
<par>
<line>SECRETARIAT D*ETAT A LE CULTURE</line>
<line>Direction de l'Architecture</line></par>
</text>
</block>
<block><region><rect/></region>
<text>
<par>
<line>ARRÊTÉ</line></par>
</text>
</block>
<block><region><rect/></region>
<text>
<par>
<line>Le Secrételre d'Etat à la Culture</line></par>
</text>
</block>
<block><region><rect/></region>
<text>
<par>
<line>VU la loi du 2 mai 1930 réorganisant la protection des montoncnts</line>
<line>naturels et des sites de caractère artistique, historique,</line>
<line>scientifique, légendaire ou pittoresque, modifiée par la loi</line>
<line>£7 1174 du 28 décembre 1967 ;</line></par>
<par>
<line>VU le dùCj.et n“ 69*607 du 13 juin 1969 portant application des</line>
<line>articles 4 et 5.1 de la loi du 2 mai 1930 sur la protection</line>
<line>des sites }</line></par>
<par>
<line>VU la loi du 12 avril 1943 portant réglementation de la publicité</line>
<line>et dos enseignes et notamment les articles 5 et 9 ;</line></par>
<par>
<line>VU le décret du 9 février 1960 portant application du décret du</line>
<line>7 février 1959 modifié relatif au camping et notamment les</line>
<line>articles 2 et 6 ;</line></par>
<par>
<line>VU le décret n* 72*37 du 11 janvier 1972 relatif au stationnement</line>
<line>des caravanes et notamment les articles 3, 7, 9 et lO ;</line></par>
<par>
<line>VU la décret n* 70,286 du 31 mars 1970 relatif à la composition ot</line>
<line>au fonctionnement de:; commissions départementales et</line>
<line>supérieure des sites ;</line></par>
<par>
<line>VU l'avis émis le 19 mars 1976 par le conseil municipal de</line>
<line>PORT-SAINT-PERE ;</line></par>
<par>
<line>VU la délibération du 26 mars 1976 do la coninisslon des sites,</line></par>
<par>
<line>perspectives et paysages du département de la Loire Atlantique ;</line></par>
<par>
<line>ARRÊTE :</line></par>
<par>
<line>ARTICLE 1er - Sont inscrits sur l'inventaire des sites pittoresques</line>
<line>du département de la Loire Atlantique deux ensemblcG formés pur la</line>
<line>commune de PORT-SAIUT-PERE l'un par le château de Grandville et ses</line>
<line>aborde l'autre par le château drt Briort et scs abords oc délimités</line>
<line>cornac suit dans le sens des aiguille.: d'une montre conformément au</line>
<line>plan annexé au présent arrêté :</line></par>
<par>
<line>1) Premier</line></par>
<par>
<line>- le châtc;au de Briort et ses abords :</line></par>
<par>
<line>Section Cl :</line></par>
<par>
<line>depuis l'intersection do la ligne fictive prolongeant le côté est</line></par>
<par>
<line>de la P rcelle n” 155 (non comprise) avec l'axe de la rivière</line>
<line>l'Achoneau : •••</line></par>
</text>
</block>






</page>
<page width="1671" height="2349" resolution="200">
<block><region><rect/></region>
<text>
<par>
<line>» l'axe de la rivière l'Achencau</line></par>
<par>
<line>• la limite des aectiona C1/C2</line></par>
<par>
<line>• la limite nord ouest de la parcelle n* 44 (non coopriee)</line></par>
<par>
<line>• la limite siid est des parcelles a*s 43, 48 et 50</line></par>
<par>
<line>• la limite des sections Cl/Bl</line></par>
<par>
<line>b) Section B1</line></par>
<par>
<line>• le chemin de la Saulnerie</line></par>
<par>
<line>• la limite des sections B1/A2</line>
<line>O la limite des sections Bl/Cl</line></par>
<par>
<line>Section Cl</line></par>
<par>
<line>• le chemin départemental n* 98 de Corn''pt à Port St Père</line></par>
<par>
<line>• la limite nord de la parcelle n* 164 bis</line></par>
<par>
<line>• la limite ouest des parcelles n*6 165 et 166</line></par>
<par>
<line>- la limite nord des parcelles n*8 166 et 167</line></par>
<par>
<line>• la limite est des parcelles n* 156 et 155 (non comprises) et leur</line>
<line>prolongement jusqu'à l*a&gt;îe de la rivière l'Achoncau (point de</line>
<line>départ)*</line></par>
<par>
<line>II) Second ensemble</line></par>
<par>
<line>• le château de Grandvllle et ses abords :</line></par>
<par>
<line>Section D4 :</line></par>
<par>
<line>â partir de l'Intersection des limites des sections D4/C3 et</line>
<line>04/01 :</line></par>
<par>
<line>• la limite des sections 04/01</line></par>
<par>
<line>• la limite éat des parcelles n*B 1141, 1479, 1469, 1471,</line></par>
<par>
<line>• le chemin des Snlcttcs a La Tour</line></par>
<par>
<line>- le clicmln départemental n* 64 de St M8mc le Tenu à Irulrct</line></par>
<par>
<line>- la route nationale n* 751 do Cos ne i la Mer</line>
<line>Section C3</line></par>
<par>
<line>- la limite des sections C3/E1</line></par>
<par>
<line>- la limite des sections C3/F4</line>
<line>Section F4</line></par>
<par>
<line>- le chemin de la Boulaye</line></par>
<par>
<line>• la limite des sections F4/F1</line></par>
<par>
<line>• le chemin départemental n* 98 (limite des sections F1/C3)</line></par>
</text>
</block>







</page>
<page width="2518" height="3532" resolution="300">
<block><region><rect/></region>
<text>
<par>
<line>3</line></par>
</text>
</block>
<block><region><rect/></region>
<text>
<par>
<line>C 3</line></par>
<par>
<line>- la limite sud et sud est de la parcelle n* 592 (non C4«prise)</line></par>
<par>
<line>• la llsdte nord 4es parcelles n*s 591 et 589</line></par>
<par>
<line>« les liantes ouest et sud de la parcelle n* 462 (non comprise)</line></par>
<par>
<line>• la limite nord des parcelles n*8 497, 496, 495</line></par>
<par>
<line>• la limite ouest des parcelles n*s 490, 488, 474</line></par>
<par>
<line>• la limite nord 4e la parcelle n* 474 jusqu'à la rivière l'Aidieneau</line></par>
<par>
<line>- la traversée de la rivière l'Acheneau jusqu'à l’intersection des</line>
<line>limites des sections D4/C3 et D4/D1 (point de départ)»</line></par>
<par>
<line>ARTICLI 2 • Le présent arrêté sera notifié au Préfet du départsannt</line>
<line>de la Loire Atlantique et au Maire de la coasune de PORT SAIHT PERE</line>
<line>(pli seront responsables, chacun «n ce (pii le concerne de son exécution»</line></par>
</text>
</block>
<block><region><rect/></region>
<text>
<par>
<line>Fait à PARIS,le</line></par>
</text>
</block>
<block><region><rect/></region>
<text>
<par>
<line>VA</line></par>
</text>
</block>
<block><region><rect/></region>
<text>
<par>
<line>vrl'r 1977.</line></par>
</text>
</block>
<block><region><rect/></region>
<text>
<par>
<line>Pou.r' le ocre l'o et</line></par>
<par>
<line>per dé ■'é£,n ;</line></par>
<par>
<line>Pour io . c c ;. (■ ai' de 1 ’ Al'c’ii tec^</line></par>
<par>
<line>&gt; U i &lt; :</line></par>
<par>
<line>1.0 ri T,..r i.. Lii.</line></par>
<par>
<line>Lipié :r-.- -load dOr l'ET</line></par>
</text>
</block>
<block><region><rect/></region>
<text>
<par>
<line>Pour anipiia t i.oa :</line></par>
<par>
<line>P ' i;r H ; v i 1</line></par>
<par>
<line>■■■ V- Cv r r du j-ai. ■ i.i</line></par>
</text>
</block>
<block><region><rect/></region>
<text>
<par/>
</text>
</block>
<block><region><rect/></region>
<text>
<par>
<line>.le : e r-'an-r ou.;T ’■)'</line></par>
</text>
</block>
<block><region><rect/></region>
<text>
<par/>
</text>
</block>
<block><region><rect/></region>
<text>
<par>
<line>1 j.Il.</line></par>
<par>
<line>. kîfi: \</line></par>
</text>
</block>




</page>
</AC2>