<?xml version="1.0" encoding="UTF-8"?><AC2>
<page width="1653" height="2336" resolution="200">
<block><region><rect/></region>
<text>
<par>
<line>RÉPUBLIQUE FRANÇAISE</line></par>
</text>
</block>
<block><region><rect/></region>
<text>
<par>
<line>\</line></par>
</text>
</block>
<block><region><rect/></region>
<text>
<par/>
</text>
</block>
<block><region><rect/></region>
<text>
<par>
<line>..A</line></par>
</text>
</block>
<block><region><rect/></region>
<text>
<par/>
</text>
</block>
<block><region><rect/></region>
<text>
<par>
<line>SSCfîEîAEIAT DfETAT A LA CULTURE</line></par>
</text>
</block>
<block><region><rect/></region>
<text>
<par>
<line>ARRÊTÉ</line></par>
</text>
</block>
<block><region><rect/></region>
<text>
<par>
<line>Le Secrétaire d*Etat à la Culture</line></par>
</text>
</block>
<block><region><rect/></region>
<text>
<par>
<line>VU la loi du 2 mai 1930 réorganisant la protection des</line></par>
<par>
<line>monuments naturels et des sites de caractère artistique,</line>
<line>historique, scientifique, légendaire ou pittoresque,</line>
<line>modifiée par la loi n° 67«117^ du 28 décembre 198? ;</line></par>
</text>
</block>
<block><region><rect/></region>
<text>
<par>
<line>VU le décret n® 69.607 du 13 juin 1969 portant application</line>
<line>des articles 4 et 3»1 de la loi du 2 mai 1930 sur la</line>
<line>protection des sites ;</line></par>
<par>
<line>VU la loi du 12 avril 1943 portant réglementation de la</line>
<line>publicité et des enseignes et notamment les articles</line></par>
<par>
<line>5 et 9 ;</line></par>
<par>
<line>W le décret du 9 février I968 portant application du décret</line>
<line>du 7 février 1939 modifié relatif au camping et notamment</line>
<line>les articles 2 et 6 ;</line></par>
</text>
</block>
<block><region><rect/></region>
<text>
<par>
<line>VU le décret n® 72#37 du 11 janvier 1972 relatif au station¬</line>
<line>nement des caravanes et notamment les articles 3, 7, 9</line>
<line>et 10 ;</line></par>
<par>
<line>VU le décret n° 70.288 du 31 mars 1970 relatif à la composi¬</line>
<line>tion et au fonctionnement des commissions départementales</line>
<line>et supérieures des sites ;</line></par>
<par>
<line>VU l'avis donné le I5 octobre 1973 par le Conseil municipal</line>
<line>de NANTES ;</line></par>
</text>
</block>
<block><region><rect/></region>
<text>
<par>
<line>VU l'arrêté en date du 7 novembre I966 inscrivant sur l’inver</line>
<line>taire des sites la place du général Mellinet et ses aborde</line>
<line>à NANTES ;</line></par>
<par>
<line>VU la délibération du 30 octobre 1973 de la commission des</line>
<line>sites, perspectives et paysages du département de LOIRE</line>
<line>ATLANTIQUES ;</line></par>
<par>
<line>A- R R E T E :</line></par>
<par>
<line>Article 1er - Est inscrit sur l'inventaire des sites pittores</line>
<line>ques du département de LOIRE ATLANTIQUES l'ensemble formé sur</line>
<line>la commune de NANTES par le site de la place Mellinet, et</line>
<line>délimité comme suit dans le sens des aiguilles d'une montre ;</line></par>
</text>
</block>
<block><region><rect/></region>
<text>
<par>
<line>En partant du boulevard Allard ;</line></par>
</text>
</block>




</page>
<page width="1653" height="2336" resolution="200">
<block><region><rect/></region>
<text>
<par>
<line>« 2</line></par>
</text>
</block>
<block><region><rect/></region>
<text>
<par>
<line>m la limite ouest ét nord de la parcelle 270 a de la section 5</line>
<line>ÎÏV</line></par>
<par>
<line>k</line></par>
<par>
<line>&lt;- la traversée de la rue Eicher depuis la limite nord de la</line>
<line>parcelle 270 a, jusqu’à la limite nord ouest de la parcelle</line></par>
<par>
<line>267</line></par>
<par>
<line>limite nord ouest et nord est de la parcelle 267» section</line>
<line>HV</line></par>
<par>
<line>-• traversée du boulevard Paul Langevin depuis la limite nord</line>
<line>est de la parcelle 267 jusqu*à la limite nord de la parcelle</line>
<line>218</line></par>
<par>
<line>- la limite nord et est de la parcelle 218</line></par>
<par>
<line>- traversée de la rue de Belleville depuis la limite est de</line>
<line>la parcelle 2l8 jusqu'à la limite est de la parcelle 215 a</line></par>
<par>
<line>- limite est de la parcelle 215 a (section HV)</line></par>
<par>
<line>- traversée du boulevard de Launay depuis la limite est de</line>
<line>la parcelle 215 a, section HV jusqu'à la limite est de la</line>
<line>parcelle 85 a, section 10</line></par>
<par>
<line>«-• limite est et sud de la parcelle 85 a (section 10)</line></par>
<par>
<line>- traversée de la rue Rollin depuis la limite sud de la</line>
<line>parcelle 85 a jusqu'à la limite sud de la parcelle 105 a</line></par>
<par>
<line>- limite sud de 1^ parcelle 105 a, section 10</line></par>
<par>
<line>« traversée du boulevard Saint Agnan, depuis la limite sud</line>
<line>de la parcelle 105 a, jusqu'à la limite sud de la parcelle</line></par>
<par>
<line>151</line></par>
<par>
<line>-* limite sud des parcelles 15^^ et 135 section lO</line></par>
<par>
<line>- limite sud ouest de la parcelle 133* section 10</line></par>
<par>
<line>- traversée de la rue Hellier depuis la limite sud ouest de</line>
<line>la parcelle 133 jusqu'à la limite sud ouest de la parcelle</line>
<line>84 a</line></par>
<par>
<line>et ouest</line></par>
<par>
<line>- limite sud ouest-î/de la parcelle 84 a, section IC</line></par>
<par>
<line>traversée du boulevard Allard depuis la limite ouest de la</line>
<line>parcelle 84 a, section 10 jusqu'à la limite Ouest de là</line>
<line>parcelle 270 a, section HV, point de départ®</line></par>
</text>
</block>




</page>
<page width="1716" height="2380" resolution="200">
<block><region><rect/></region>
<text>
<par>
<line>3</line></par>
</text>
</block>
<block><region><rect/></region>
<text>
<par>
<line>Article 3 •• Le présent arrêté qui annule et remplace l’arrêté</line>
<line>en date du 7 novembre 1966 susvisé sera notifié au Préfet du</line>
<line>département de LOIRS ATLANTIQUE, au maire de la commune de</line>
<line>NANTES qui seront responsables, chacun en ce qui le concerne</line>
<line>de son exécution et aux propriétaires intéressés#</line></par>
</text>
</block>
<block><region><rect/></region>
<text>
<par>
<line>Fait à PARIS, le 2 0 JU|L</line></par>
</text>
</block>
<block><region><rect/></region>
<text>
<par>
<line>p/ie Secrétaire d’Etat ei ho* mv-».</line></par>
<par>
<line>L» Dlrecteujj ^rArchîtectUrfi</line></par>
</text>
</block>
<block><region><rect/></region>
<text>
<par>
<line>d’Etat et par délégation</line></par>
</text>
</block>
<block><region><rect/></region>
<text>
<par>
<line>fffëîn BACQÜÊÏ</line></par>
</text>
</block>








</page>
</AC2>