<?xml version="1.0" encoding="UTF-8"?><AC2>
<page width="5117" height="7123" resolution="600">
<block><region><rect/></region>
<text>
<par>
<line>p. \ V</line></par>
</text>
</block>
<block><region><rect/></region>
<text>
<par>
<line>REPUBLIQUE FRANÇAISE</line></par>
</text>
</block>
<block><region><rect/><rect/></region>
<text>
<par>
<line>MINISTERE DE L’AI^A^je^tolT DU TERRITOIRE</line></par>
<par>
<line>ET de^L’ei^^vIronnement</line></par>
</text>
</block>
<block><region><rect/></region>
<text>
<par>
<line>l'C</line></par>
</text>
</block>
<block><region><rect/></region>
<text>
<par>
<line>\'a</line></par>
</text>
</block>
<block><region><rect/></region>
<text>
<par/>
</text>
</block>
<block><region><rect/></region>
<text>
<par>
<line>\e</line></par>
</text>
</block>
<block><region><rect/></region>
<text>
<par/>
</text>
</block>
<block><region><rect/></region>
<text>
<par/>
</text>
</block>
<block><region><rect/></region>
<text>
<par>
<line>NJ</line></par>
</text>
</block>
<block><region><rect/></region>
<text>
<par>
<line>r</line></par>
</text>
</block>
<block><region><rect/></region>
<text>
<par>
<line>&lt;5?</line></par>
</text>
</block>
<block><region><rect/></region>
<text>
<par>
<line>en</line></par>
</text>
</block>
<block><region><rect/></region>
<text>
<par>
<line>a</line></par>
</text>
</block>
<block><region><rect/></region>
<text>
<par>
<line>'U,</line></par>
</text>
</block>
<block><region><rect/></region>
<text>
<par>
<line>CI.</line></par>
</text>
</block>
<block><region><rect/></region>
<text>
<par>
<line>‘tfA/</line></par>
</text>
</block>
<block><region><rect/><rect/><rect/><rect/></region>
<text>
<par>
<line>DECRET ^</line></par>
<par>
<line>pôâafltjâ^semeat parmi les sites du département de la Loire-Atlantique</line>
<line>^vallée de l'Erdre sur le territoire des communes de Nantes,</line>
<line>Carquefou, La Chapelle-sur-Erdre et Sucé-sur-Erdre</line></par>
</text>
</block>
<block blockType="Table" blockName="" l="1484" t="2778" r="3606" b="3120"><region><rect/></region>
<row>
<cell rightBorder="White" width="592" height="342">
<text>
<par>
<line>NOR : 1</line></par>
</text></cell>
<cell leftBorder="White" rightBorder="White" width="366" height="342">
<text>
<par>
<line>Afe t</line></par>
</text></cell>
<cell leftBorder="White" width="462" height="342">
<text>
<par>
<line>^ 38 6</line></par>
</text></cell>
<cell width="702" height="342">
<text>
<par/>
</text></cell></row>
</block>
<block><region><rect/></region>
<text>
<par>
<line>Le Premier ministre,</line></par>
</text>
</block>
<block><region><rect/></region>
<text>
<par>
<line>SUR le rapport de la ministre de l'aménagement du territoire et de l'environnement,</line></par>
<par>
<line>VU la loi du 2 mai 1930 réorganisant la protection des monuments naturels et des sites de caractôe</line>
<line>artistique, historique, scientifique, légendaire ou pittoresque, modifiée notamment par la loi n** 67-</line>
<line>1174 du 28 décembre 1967 et notamment ses articles 5-1,6,7, et 8, ensemble le décret n* 69-607 du</line>
<line>13 juin 1969 pris pour son application ;</line></par>
<par>
<line>VU l'arTêté du ministre délégué auprès du Premier ministre chargé de la protection de la nature et de</line>
<line>l'environnement en date du 15 septembre 1971 portant inscription sur l'inventaire des sites du</line>
<line>département de la Loire-Atlantique de l'ensemble formé par la vallée de l'Erdre sur les communes de</line>
<line>Nante^ de Carquefou, de La Chapelle-sur-Erdre et de Sucé-sur-Erdre ;</line></par>
<par>
<line>VU l'arrêté du préfet de la région des Pays de la Loire en date du 20 novembre 1985 portant</line>
<line>inscription du château de la Desnerie à La Chapelle-sur-Erdre sur l'inventaire supplémentaire des</line>
<line>monumoits historiques du département de la Loire-Atlantique ;</line></par>
<par>
<line>VU l'arrêté du préfet de la Loire-Atlantique en date du 20 mai 1997 portant inscription de la villa de</line>
<line>la Chantrerie à Nantes sm l'inventaire supplémentaire des monuments historiques du département de</line>
<line>la Loire-Atlantique ;</line></par>
<par>
<line>VU les résultats de l'enquête administrative prescrite par arrêté préfectoral en date du 14 juin 1994 et</line>
<line>qui s'est déroulée du 27 juin au 11 juillet 1^ et notamment l'absence de consentement de certains</line>
<line>propriétaires;</line></par>
</text>
</block>
<block><region><rect/></region>
<text>
<par>
<line>J.O. N* 0 8 4 du - s AVR. 1998</line></par>
</text>
</block>









</page>
<page width="5024" height="7057" resolution="600">
<block><region><rect/></region>
<text>
<par>
<line>2</line></par>
</text>
</block>
<block><region><rect/></region>
<text>
<par>
<line>VU la délibération du conseil municipal de Sucé-sur-Erdre en date du 12 juillet 1994 ”</line></par>
<par>
<line>VU la délibération du conseil municipal de La Chapelle-sur-Erdre en date du 12 septembre 1994 ;</line></par>
<par>
<line>VU la déb*bération du conseil municipal de Carquefou en date du 22 septembre 1994 ;</line></par>
<par>
<line>VU la débbération du conseil municipal de Nantes en date du 3 octobre 1994 ;</line></par>
<par>
<line>VU l'avis émis par la commission départementale des sites, perspectives et paysages de la Loire-</line>
<line>Atlantique en date du 14 février 1995 ;</line></par>
<par>
<line>VU l'avis émis par la commission supérieure des sites, perspectives et paysages en date du 23 mai</line>
<line>1996;</line></par>
<par>
<line>VU l'avis émis par le ministre de l'équipement, du logement, des transports et du tourisme (direction</line>
<line>des transports terrestres - sous-direction des transports par voies navigables) en date du 24 mars</line>
<line>1997 ;</line></par>
<par>
<line>VU l'avis émis par le ministre de l'industrie, de la poste et des télécommunications en date du 26</line>
<line>mars 1997 ;</line></par>
<par>
<line>VU l'avis émis par le ministre de l'équipement, du logement, des transports et du tourisme (direction</line>
<line>des transports terrestres - sous-direction des chemins de fer) en date du 1er avril 1997 ;</line></par>
<par>
<line>VU l'avis émis par le ministre délégué au budget, porte-parole du Gouvernement, en date du 10 avril</line>
<line>1997;</line></par>
<par>
<line>Le Conseil d'Etat (section des travaux publics) entendu :</line></par>
<par>
<line>Considérant que la préservation de l'ensemble formé par la vallée de l'Erdre présente, en raison de</line>
<line>son caractère pittoresque, un intérêt général au sens de l'article 4 de la loi du 2 mai 1930 susvisée ;</line></par>
</text>
</block>
<block><region><rect/></region>
<text>
<par>
<line>DECRETE</line></par>
</text>
</block>
<block><region><rect/></region>
<text>
<par>
<line>Article 1er : Est classé parmi les sites du département de la Loire-Atlantique l'ensemble formé par la</line>
<line>vallée de l'Erdre, sur le territoire des communes de Nantes, de Carquefou, de La Ctuqrelle-sur-Erdre</line>
<line>et de Sucé-sur-Erdre, d'une superficie d'environ 1 260 ha, délimité comme suit, conformément à la</line>
<line>carte au l/25.000ème et aux plans cadastraux annexés au présent décret et dans le sens des aiguilles</line>
<line>d'une montre :</line></par>
</text>
</block>

</page>
<page width="5024" height="7057" resolution="600">
<block><region><rect/></region>
<text>
<par>
<line>3</line></par>
</text>
<text>
<par>
<line>1)- Commune de Sucé-sur-Erdre</line></par>
<par>
<line>Tableau d* Assemblage .</line></par>
<par>
<line>Point de départ ; intersection entre la commune de La Chapelle-sur-Erdre, la commune de Sucé-sur-</line>
<line>Erdre et le ruisseau de l'Hocmard</line></par>
<par>
<line>- chemin départemental n®69 de St-Aubin-des-Châteaux à Nantes</line></par>
<par>
<line>Section E3</line></par>
<par>
<line>- chemin départemental n° 69 de St-Aubin-des-Châteaux à Nantes</line></par>
<par>
<line>- limites Nord-Ouest et Nord-Est en partie de la parcelle n° 1444</line></par>
<par>
<line>- limite Nord-Ouest de la parcelle n° 1678</line></par>
<par>
<line>- limites Sud-Ouest en partie et Nord-Ouest de la parcelle n® 1611</line></par>
<par>
<line>- limite Sud-Est de la parcelle n° 1610</line></par>
<par>
<line>- limite Sud-Ouest en partie de la parcelle n° 766</line></par>
<par>
<line>- limite Sud-Ouest des parcelles n°s 758 et 757</line></par>
<par>
<line>Section E3 ^feuille annexe^</line></par>
<par>
<line>- limite Sud-Ouest de la parceUe n° 1279</line></par>
<par>
<line>- traversée du chemin rural dit de la Marvillière</line></par>
<par>
<line>- limite Ouest de la parcelle n® 742</line></par>
<par>
<line>- limite Sud en partie des parcelles n®s 739b et 1458</line></par>
<par>
<line>- limite Est des parcelles n®s 1458 et 1457</line></par>
<par>
<line>- limite Sud de la parcelle n® 1457</line></par>
<par>
<line>- chemin départemental n®69 de St Aubin-des-Châteaux à Nantes</line></par>
<par>
<line>- limites Sud et Est de la parcelle n® 604a</line></par>
<par>
<line>- chemin niral n®4 du Pas à la Ganerie</line></par>
<par>
<line>- limite Sud-Est en partie de la parcelle n® 715</line></par>
<par>
<line>- ligne droite fictive située dans le prolongement de la limite Nmd-Est de la parcelle n® 717 et</line>
<line>traversant la parcelle n® 714</line></par>
<par>
<line>- limite Nord-Est des parcelles n®s 717,718 et 707</line></par>
<par>
<line>- limite Ouest des parcelles n®s 705 et 1210 en partie</line></par>
<par>
<line>- ligne droite fictive reliant l'angle Nord-Est de la parcelle n® 1211 à l'angle Sud-Ouest de la parcelle</line>
<line>n®1290 et traversant les parcelles n®s 1210 et 702 et le chemin rural n® 4 du Pas de la Ganerie</line></par>
<par>
<line>- limite Sud des bâtiments situés sur les parcelles n®s 1290,694,691,1081 et 688</line></par>
<par>
<line>- limite Est du bâtiment situé sur la parcelle n® 688</line></par>
<par>
<line>- limite Nord-Ouest de la parcelle n® 1065</line></par>
<par>
<line>- ligne droite fictive reliant l'angle Nord-Ouest de la parceUe n® 1065 à l'angle Sud-Est de la parcelle</line>
<line>n® 1384 et traversant la parcelle n® 1388</line></par>
<par>
<line>-limite Ouest des parceUesn®s 1013,1012,1009,1008 et 1374</line></par>
<par>
<line>- limites Ouest et Nord de la parcelle n® 1373</line></par>
<par>
<line>- limite Nord-Ouest des parcelles n®s 670,665,1561,1562,1561,1560 et 1025</line></par>
<par>
<line>- lirrates Sud-Ouest en partie et Nord-Ouest de la parcelle n® 974</line></par>
</text>
</block>



</page>
<page width="5019" height="7053" resolution="600">
<block><region><rect/></region>
<text>
<par>
<line>4</line></par>
</text>
</block>
<block><region><rect/></region>
<text>
<par>
<line>Section El</line></par>
<par>
<line>- limite Nord-Ouest des parcelles n®s 1326,151 Oa et 976</line></par>
<par>
<line>- limite Nord-Est en partie de la parcelle n° 976</line></par>
<par>
<line>- limite Nord-Ouest de la parcelle n° 163</line></par>
<par>
<line>- limite Sud-Ouest de la parcelle n® 1282</line></par>
<par>
<line>- limites Sud-Ouest et Ouest en partie de la paiceUe n® 1641</line></par>
<par>
<line>- limite Sud des parcelles n®s 181 et 183</line></par>
<par>
<line>- limites Sud, Est et Sud en partie de la parcelle n® 1493</line></par>
<par>
<line>- limites Sud-Est et Sud-Ouest de la parcelle n® 1490</line></par>
<par>
<line>- me de la Chapelle</line></par>
<par>
<line>- limite Nord des parcelles n®s 1494,183 et 181</line></par>
<par>
<line>- limite Ouest en partie de la parcelle n® 1641</line></par>
<par>
<line>- limites Ouest et Nord-Est de la parcelle n® 1644</line></par>
<par>
<line>- limite Nord-Est des parcelles n®s 1642 et 1640</line></par>
<par>
<line>- limite Nord-Ouest en partie de la parcelle n® 1284</line></par>
<par>
<line>- limite Sud-Ouest en partie de la parcelle n® 1339</line></par>
<par>
<line>- limite Ouest des parcelles n®s 1334 et 124</line></par>
<par>
<line>- limites Ouest, Nord et Ouest de la parcelle n® 1330</line></par>
<par>
<line>- limite Ouest en partie de la parcelle n® 118</line></par>
<par>
<line>- limite Sud des parcelles n®s 1036,1035 et 1032</line></par>
<par>
<line>- limite Ouest des parcelles n®s 1032 et 109</line>
<line>-limite Nord des parcelles n®s 109 et 110</line></par>
<par>
<line>Section AB</line></par>
<par>
<line>- limite Est en partie de la parcelle n® 597</line></par>
<par>
<line>- limite Nord-Ouest de la parcelle n® 229</line></par>
<par>
<line>- ligne droite fictive reliant l'angle Est de la parcelle n® 230 à l'angle Sud de la parcelle n® 226 et</line>
<line>travCTsant le bras de l'Erdre</line></par>
<par>
<line>- limite Sud-Ouest en partie de la parcelle n® 227</line></par>
<par>
<line>- limite Nord-Ouest de la parcelle n® 228</line></par>
<par>
<line>- ligne droite fictive reliant l'angle Nord de la parcelle n® 228 à l'angle Sud de la parcelle n® 210 et</line>
<line>traversant les parcelles n®s 459,460,219,524 et 212</line></par>
<par>
<line>- limite Nord-Ouest des parcelles n®s 211,205 et 204</line></par>
<par>
<line>- ligne droite fictive reliant l'angle Nord de la parcelle n® 204 à l'angle Sud-Ouest de la parcelle</line>
<line>n® 200 et traversant la me du Port</line></par>
<par>
<line>- Quai de Bhesransbach</line></par>
<par>
<line>Section AC</line></par>
<par>
<line>- traversée de la me de la Mairie</line></par>
<par>
<line>- limite Ouest en partie de la parcelle n® 263</line></par>
<par>
<line>- pont fianchissant la rivière l'Erdre (chemin départemental n®37 section El)</line></par>
<par>
<line>- me de Carquefou (n®s pairs)</line></par>
</text>
</block>




</page>
<page width="5063" height="7085" resolution="600">
<block><region><rect/></region>
<text>
<par>
<line>5</line></par>
</text>
</block>
<block><region><rect/></region>
<text>
<par>
<line>Section DI</line></par>
<par>
<line>- rue de Carquefou</line></par>
<par>
<line>- chemin rural dit de la Papinière</line></par>
<par>
<line>- limite Sud de la parcelle n° 863</line></par>
<par>
<line>- ligne droite tictive de 145 mètres reliant l'angle Sud-Ouest de la parcelle n** 863 à l'angle Sud-Est</line>
<line>de la parcelle n° 1220</line></par>
<par>
<line>- ligne droite fictive perpendiculaire au chemin rural non numéroté dit de la Papinière</line></par>
<par>
<line>- chemin rural dit de la Papinière</line></par>
<par>
<line>- limite Sud en partie de la parcelle n® 1220</line></par>
<par>
<line>- ligne droite fictive de 185 mètres reliant l'angle Nord-Ouest de la parcelle n® 2050 à l'intersection</line>
<line>des parcelles n®s 2,875 et 1, et traversant uniquement les parcelles n®s 2050 et 22</line></par>
<par>
<line>- ligne droite fictive perpendiculaire à la limite Est de la parceUe n®22</line></par>
<par>
<line>- limite Est de la parcelle n® 22</line></par>
<par>
<line>- limite Nord des parcelles n®s 19 en partie et 18</line></par>
<par>
<line>- limites Nord-Ouest et Nord-Est de la parcelle n® 10</line></par>
<par>
<line>- limite Nord des parcelles n®s 1872,1871 et 1873</line></par>
<par>
<line>- limites Nord et Est de la parcelle n® 1875</line></par>
<par>
<line>- limite Nord de la parcelle n® 1878</line></par>
<par>
<line>- chemin de l'Enfer</line></par>
<par>
<line>- chemin départemental n® 37</line></par>
<par>
<line>2)- Commune de Carquefou</line></par>
<par>
<line>Tableau d'assemblage n® 1 '</line></par>
<par>
<line>- route départementale n® 37 de Rieux à Saint-Julien-de-Concelles</line></par>
<par>
<line>Section Kl</line></par>
</text>
</block>
<block><region><rect/></region>
<text>
<par>
<line>- limite Sud des parcelles n®s 1154 à 1151</line></par>
<par>
<line>- limites Sud-Est et Sud-Ouest de la parcelle n® 98</line></par>
<par>
<line>- limite Est des parcelles n®s 1068 et 1069</line></par>
<par>
<line>- avenue des Chênes</line></par>
<par>
<line>- limite Est des parcelles n®s 113,114,115 et 1158</line></par>
<par>
<line>Section K2</line></par>
<par>
<line>- chemin de l'Ouchette jusqu'à l'angle Nord-Est de la parcelle n® 339</line></par>
<par>
<line>- limite Est de la parceUe n® 339</line></par>
<par>
<line>- limite Nord en partie de la parcelle n® 968</line></par>
<par>
<line>- limite Est de la parcelle n® 370</line></par>
<par>
<line>- traversée de l'avenue de la Dagonnière</line></par>
<par>
<line>- limites Nord en partie et Est de la parceUe n® 377</line></par>
<par>
<line>- ümite Nord dès parceUes n®s 376 et 384</line></par>
<par>
<line>- chemin départemental n® 37 de Rieux à Saint-Julien-de-ConceUes</line></par>
<par>
<line>- chemin vicinal ordinaire n® 7 dit de Port Jean</line></par>
</text>
</block>




</page>
<page width="4978" height="7025" resolution="600">
<block><region><rect/></region>
<text>
<par>
<line>6</line></par>
</text>
</block>
<block><region><rect/></region>
<text>
<par>
<line>Section 14</line></par>
<par>
<line>- limite Ouest çle la parcelle n® 995</line></par>
<par>
<line>- ligne droite fictive dans le prolongement de la mitoyenneté entre la parcelle n° 995 et la parcelle</line>
<line>n° 992 et aboutissant sur la limite Sud de la parcelle n® 996</line></par>
<par>
<line>- limite Ouest des parcelles n®s 1085,1088,1100 et 1098</line></par>
<par>
<line>- limite Nord-Est des parcelles n®s 1096,1095 et 1074</line></par>
<par>
<line>- limite Nord de la parcelle n® 1073</line></par>
<par>
<line>- limite Nord-Ouest de la parcelle n® 1072</line></par>
<par>
<line>- limites Nord et Est en partie de la parcelle n® 1071</line></par>
<par>
<line>- limite Nord des parcelles n®s 1061 et 1054</line></par>
<par>
<line>Section 11</line></par>
<par>
<line>- limite Nord de la parcelle n® 276</line></par>
<par>
<line>- limites Nord-Ouest et Nord-Est de la parcelle n® 275</line></par>
<par>
<line>- ruisseau de Qiarbonneau</line></par>
<par>
<line>Section BP</line></par>
<par>
<line>- limites Est, Sud-Est et Sud de la parcelle n® 10</line></par>
<par>
<line>- limite Sud des parcelles n®s 9 à 1</line></par>
<par>
<line>3)- Commune de Nantes</line>
<line>Section AC</line></par>
</text>
</block>
<block><region><rect/></region>
<text>
<par>
<line>- limite du lieudit «les Marais de l'Etang Hervé» avec les lieudits «La Martimère» et «La</line>
<line>Guiblinière »</line></par>
<par>
<line>- limites Nord-Est et Nord-Ouest de la parcelle n® 23</line></par>
<par>
<line>- limite Sud-Ouest des parcelles n®s 22,21,20 et 19 en partie</line></par>
<par>
<line>- limite Sud de la parcelle n® 557</line></par>
<par>
<line>- limite Est de la parcelle n® 550</line></par>
<par>
<line>- limite Nord des parcelles n®s 550,802,890 et 587</line></par>
<par>
<line>- limites Sud-Est et Sud de la parcelle n® 2</line></par>
<par>
<line>- ligne droite fictive reliant l'angle Nord-Ouest de la parcelle n® 589 à l'angle Nord-Est de la parcelle</line>
<line>n® 832 et traversant la parcelle n® 2</line></par>
<par>
<line>- limite Nord de la parcelle n® 832</line></par>
<par>
<line>- limite Sud de la parcelle n® 1</line></par>
<par>
<line>Section AB</line></par>
<par>
<line>- ligne droite fictive reliant l'angle Sud-Ouest de la parcelle n® 1 (section AC) à l'angle Sud-Est de la</line>
<line>parcelle n® 1 (section AB) et traversant la parcelle n® 10</line></par>
<par>
<line>- limite Sud-Est de la parcelle n® 1</line></par>
<par>
<line>- traversée de la route de Cachet</line></par>
<par>
<line>- mitoyenneté entre le lieudit « Cachet » et la parcelle o® 126</line></par>
</text>
</block>





</page>
<page width="5020" height="7055" resolution="600">
<block><region><rect/></region>
<text>
<par>
<line>7</line></par>
</text>
</block>
<block><region><rect/></region>
<text>
<par>
<line>- ligne droite fictive d'une longueur de 55 mètres reliant l'angle Nord-Ouest de la parcelle n* 31 à</line>
<line>l'angle Sud-Ouest de la parcelle n** 11 et pénétrant dans la parcelle n** 126</line></par>
<par>
<line>- ligne droite fictive d'une longueur de 150 mètres perpendiculaire à la précédente</line></par>
<par>
<line>- ligne droite fictive de 70 mètres en direction de l'angle Sud de la parcelle n® 62</line></par>
<par>
<line>- ligne droite fictive de 90 mètres en direction de l’intersection des parcelles n®s 95,129 et 91</line></par>
<par>
<line>- ligne droite fictive perpendiculaire à la précédente et d'une longueur de 60 mètres</line></par>
<par>
<line>- ligne droite fictive aboutissant à l’angle Nord-Ouest de la parcelle n® 60</line></par>
<par>
<line>- limite Nord de la parcelle n® 60</line></par>
<par>
<line>- limite Est des parcelles n®s 60 et 62</line></par>
<par>
<line>- ligne droite fictive reliant l'angle Nord-Ouest de la parcelle n® 63 à l'angle Sud-Ouest de la parcelle</line>
<line>n® 67 et traversant les parcelles n®s 63,129,126 et 129</line></par>
<par>
<line>- limites Ouest, Nord et Est de la parcelle n® 67</line></par>
<par>
<line>- route de Cachet</line></par>
<par>
<line>Section AD</line></par>
<par>
<line>- limite entre la section AB et la section AD</line></par>
<par>
<line>- limite Est des parceUes n®s 613,615,618,176,157,158,159,150 et 147</line></par>
<par>
<line>- limites Sud et Est du lieudit « Cheviré »</line></par>
<par>
<line>- limite Nord-Est des parcelles n®s 647,650,648,649,652 et 133 en partie</line></par>
<par>
<line>- limites Nord-Est et Sud-Est de la parceUe n® 568</line></par>
<par>
<line>- limite Sud-Est des parcelles n®s 583 et 584 en partie</line></par>
<par>
<line>Section AE</line></par>
<par>
<line>- limite Sud-Est des parx;eUes n®s 707,705,451,454,439,437,432,434, et 429</line></par>
<par>
<line>- chemin de Port la Blanche (côté in^air)</line></par>
<par>
<line>- ligne droite fictive située dans le prolongement de la limite Sud-Est de la parcelle n® 111 et</line>
<line>traversant les parcelles n®s 666 et 112</line></par>
<par>
<line>- limite Sud-Est des parcelles n®s 111 et 110</line></par>
<par>
<line>- ligne droite fictive dans le prolongement de la limite Sud-Est de la parcelle n® 110 et travosant les</line>
<line>parcelles n®s 109,108 et 107</line></par>
<par>
<line>- limite Sud-Ouest des parcelles n®s 107 en partie, 265 et419en partie</line></par>
<par>
<line>- ligne droite fictive reliant l'angle Ouest de la parcelle n® 718 à l'angle Nord de la parcelle 260 et</line>
<line>traversant la parcelle n® 259</line></par>
<par>
<line>- limites Nord-Est et Sud-Est de la parcelle n® 260</line></par>
<par>
<line>- ligne droite fictive dans le prolongement de la ligne droite fictive précédente traversant les parcelles</line>
<line>n®s 130,231 à 224</line></par>
<par>
<line>Section TW</line></par>
</text>
</block>
<block><region><rect/></region>
<text>
<par>
<line>- limite entre la section AE et la section TW</line></par>
<par>
<line>- limite Süd-Est des parcelles n®s 14 et 12</line></par>
<par>
<line>- chemin du Maria</line></par>
<par>
<line>- lirmte Sud-Oüest des parcelles n®s 96 et 108</line></par>
<par>
<line>- limite Sud-Est en partie de la parcelle n® 129</line></par>
<par>
<line>- traversée du chemin du Port des Charrettes</line></par>
</text>
</block>



</page>
<page width="5042" height="7070" resolution="600">
<block><region><rect/></region>
<text>
<par>
<line>4</line></par>
</text>
</block>
<block><region><rect/></region>
<text>
<par>
<line>8</line></par>
<par>
<line>Section TV</line></par>
<par>
<line>- chemin du Port des Charrettes</line></par>
<par>
<line>- limite Nord-Ouest de la parcelle n° 27a</line></par>
<par>
<line>- ligne droite fictive reliant l'angle Ouest de la parcelle n® 27a à l'angle Sud de la parcelle n® 14 et</line>
<line>traversant la parcelle n® 26</line></par>
<par>
<line>- limite Sud-Est des parcelles n®s 15,22,23 et 74</line></par>
<par>
<line>- mitoyenneté entre les parcelles n®s 82 et 83</line></par>
<par>
<line>- chemin du Cellier</line></par>
<par>
<line>- chemin du Fort</line></par>
<par>
<line>Tableau d'assemblaee n® 4</line></par>
<par>
<line>- route de Saint-Joseph</line></par>
<par>
<line>- ehemin de la Bretonnière</line></par>
<par>
<line>Section SW</line></par>
<par>
<line>- limite entre la section SX et la section SW</line></par>
<par>
<line>- lignes droites fictives constituées de 5 segments peipendiculaires les uns aux autres, traversant la</line>
<line>parcelle n® 74, excluant les parties bâties du Parc régional d'exposition de Nantes-Beaujoire,</line>
<line>conformément au tracé du périmètre annexé au présent décret (section SW du cadastre de la</line>
<line>commune de Nantes)</line></par>
<par>
<line>Section RX</line></par>
<par>
<line>- lignes fictives traversant les parcelles n®s 86 et 91, conformément au tracé du périmètre annexé au</line>
<line>présent décret (section RX du cadastre de la commune de Nantes)</line></par>
<par>
<line>- Boulevard Alexender Reming</line></par>
<par>
<line>- limite Nord du pont de la Beaujoire</line></par>
<par>
<line>4)- La Chapelle sur Erdre</line></par>
<par>
<line>Section BB</line></par>
<par>
<line>- limite Nord du pont de la Beaujoire fianchissant la rivière l'Erdre</line></par>
<par>
<line>- chemin départemental n® 39 de Nantes à Sion-les-Mines</line></par>
<par>
<line>- chemin non dénommé longeant la ligne de chemin de fer de Nantes à Châteaubriant</line></par>
<par>
<line>Section BA</line></par>
<par>
<line>- limite Sud-Est des parcelles n®s 247 et 46</line></par>
<par>
<line>- limite Nord-Est des parcelles n®s 234,228,231 et 236</line></par>
<par>
<line>Section AY</line></par>
</text>
</block>
<block><region><rect/></region>
<text>
<par>
<line>- limite Nord des parcelles n®s 51,50,45 et 44</line></par>
<par>
<line>- limite entre la section AY et la section BA</line></par>
</text>
</block>








</page>
<page width="5017" height="7052" resolution="600">
<block><region><rect/></region>
<text>
<par>
<line>9</line></par>
</text>
</block>
<block><region><rect/></region>
<text>
<par>
<line>, *•</line></par>
</text>
</block>
<block><region><rect/></region>
<text>
<par/>
</text>
</block>
<block><region><rect/></region>
<text>
<par>
<line>Section AZ</line></par>
<par>
<line>- limites Ouest, Nord et Est de la parcelle n° 73b</line></par>
<par>
<line>- limite Sud des parcelles n°s 70a et 69a</line></par>
<par>
<line>- limites Ouest et Nord en partie de la parcelle n® 60a</line></par>
<par>
<line>- traversée du chemin communal n® 6 dit du Meslier</line></par>
<par>
<line>- limite Est de la parcelle n® 123</line></par>
<par>
<line>- limite Sud de la parcelle n® 124</line></par>
<par>
<line>- limites Est et Sud de la parcelle n® 62</line></par>
<par>
<line>- limites Sud et Ouest en partie de la parcelle n® 65</line></par>
<par>
<line>- limite Sud des parcelles n°s 119 et 118</line></par>
<par>
<line>- limites Sud-Est et Sud de la parceUe n® 75</line></par>
<par>
<line>- limite Sud des parcelles n°s 76,77,116 et 117</line></par>
<par>
<line>- limites Sud et Ouest en partie de la parcelle n® 91</line></par>
<par>
<line>- limite Sud des parcelles n®s 103 et 102 en partie</line></par>
<par>
<line>- ligne droite fictive reliant l'angle Nord-Ouest de la parcelle n® 98a à l'angle Sud-Ouest de la</line>
<line>parcelle n® 106, et traversant la parcelle n® 102</line></par>
<par>
<line>- limites Ouest et Nord de la parcelle n® 106</line></par>
<par>
<line>- limite Nord des parcelles n®s 105,104,91 et 116 en partie</line></par>
<par>
<line>- limite Ouest des parcelles n®s 15 à 17</line></par>
<par>
<line>- limite Nord des parcelles n®s 17,25,33 et 34</line></par>
<par>
<line>- ligne droite fictive dans le prolongement des limites des parcelles précédentes et traversant</line>
<line>les parcelles n®s 36,37,39 et 40</line></par>
<par>
<line>- limite Est en partie de la parcelle n® 40</line></par>
<par>
<line>- limite Sud des parcelles n®s 41 à 44</line></par>
<par>
<line>- limite Est des parcelles n®s 44 à 46</line></par>
<par>
<line>- traversée de l'avenue des Prairies</line></par>
<par>
<line>Section AV</line></par>
<par>
<line>- limite Ouest des parcelles n®s 54 et 53a</line></par>
<par>
<line>- limite Nord de la parcelle n® 55</line></par>
<par>
<line>- limites Est, Nord et Quest en partie de la parcelle n® 58</line></par>
<par>
<line>- ligne droite fictive dans le prolongement de la limite Nord-Est de la parcelle n® 64a et</line>
<line>traversant les parcelles n®s 51 et 59</line></par>
<par>
<line>- limite Sud-Ouest en partie de la parcelle n® 108b</line></par>
<par>
<line>- limites Sud-Est et Sud-Ouest de la parcelle n® 107b</line></par>
<par>
<line>- limite Sud des parcelles n®s 106 à 104</line></par>
<par>
<line>- limite Est de la parcelle n® 101</line></par>
<par>
<line>- avenue des Prairies</line></par>
<par>
<line>- chemin départemental n® 39 de Nantes à Sion-les-Mines</line></par>
<par>
<line>- limite Nord-Ouest des parcelles n®s 119,118 en partie, 35 et 36 en partie</line></par>
<par>
<line>Section AT</line></par>
<par>
<line>- limite entre la section AV et la section AT</line></par>
<par>
<line>- limites Sud-Ouest et Nord-Ouest en partie de la parcelle n* 41</line></par>
<par>
<line>- chemin de la Boire</line></par>
</text>
</block>
<block><region><rect/></region>
<text>
<par>
<line>. . &gt;*</line></par>
</text>
</block>




</page>
<page width="5050" height="7075" resolution="600">
<block><region><rect/></region>
<text>
<par>
<line>10</line></par>
</text>
</block>
<block><region><rect/></region>
<text>
<par>
<line>- limite Sud-Ouest de la parcelle n® 53a</line></par>
<par>
<line>- limites Sud-Est en partie, Sud-Ouest et Nord-Ouest en partie de la parcelle n® 54</line></par>
<par>
<line>- limite Sud-Ouest de la parcelle n® 89a</line></par>
<par>
<line>- limite Sud de la parcelle n° 95</line></par>
<par>
<line>- limites Sud, Ouest et Nord de la parcelle n® 96</line></par>
<par>
<line>- limite Nord des parcelles n°s 95 à 92</line></par>
<par>
<line>- limite Ouest des parcelles n°s 150a et 151</line></par>
<par>
<line>Section AP</line></par>
<par>
<line>- limite Sud-Ouest des parcelles n°s 72, 71 a et 66a</line></par>
<par>
<line>- limite Nord-Ouest en partie de la parcelle n® 66a</line></par>
<par>
<line>- limite Sud-Ouest des parcelles n°s 64,63,58a, 53 et 240 en partie</line></par>
<par>
<line>- limites Sud-Est en partie et Sud-Ouest de la parcelle n®237</line></par>
<par>
<line>- limites Sud-Ouest et Nord-Ouest de la parcelle n® 236</line></par>
<par>
<line>- limite Ouest des parcelles n®s 239 et 242b</line></par>
<par>
<line>- chemin rural dit de la Grimaudière</line></par>
<par>
<line>Section AO</line></par>
</text>
</block>
<block><region><rect/></region>
<text>
<par>
<line>- voie communale n® 3 dite de la Grimaudière</line></par>
<par>
<line>- limites Ouest et Nord en partie de la parcelle n® 35</line></par>
<par>
<line>- limites Ouest, Sud et Ouest de la parcelle n® 73a</line></par>
<par>
<line>- limites Ouest et Nord en partie de la parcelle n® 41</line></par>
<par>
<line>- limite Ouest des parcelles n®s 40 et 39 en p^e</line></par>
<par>
<line>- limites Sud et Ouest de la parcelle n® 47</line></par>
<par>
<line>- limite Sud-Ouest des parcelles n® 6b en partie, 5 et 3</line></par>
<par>
<line>- ligne droite fictive reliant l'angle Nord de la parcelle n®4 à l'angle Sud-Ouest de la parcelle</line>
<line>n® 88 (section AK) traversant les parcelles n®s 2a et 1 (section AO) et 89 (section AK)</line></par>
<par>
<line>Section AK</line></par>
</text>
</block>
<block><region><rect/></region>
<text>
<par>
<line>- limites Ouest et Nord de la parcelle n® 88</line></par>
<par>
<line>- limite Nord de la parcelle n® 87</line></par>
<par>
<line>- liimtes Ouest, Nord, Est et Nord-Est de la parcelle n® 85 en partie</line></par>
<par>
<line>- limites Ouest et Nord de la parcelle n® 80</line></par>
<par>
<line>- limite Nord de la parcelle n® 79</line></par>
<par>
<line>- limite Ouest en partie de la parcelle n® 75</line></par>
<par>
<line>- limite Ouest des parcelles n®s 77,46,47 à 53b</line></par>
<par>
<line>Section AI</line></par>
<par>
<line>- ligne droite fictive dans le prolongement de la limite Ouest de la parcelle n® 53b (section</line>
<line>AK) et traversant la parcelle n® 1</line></par>
<par>
<line>- limite Sud-Ouest en partie de la parcelle n® 50</line></par>
<par>
<line>- limites Sud-Ouest en partie et Sud-Est de la parcelle n® 2</line></par>
<par>
<line>- limites Sud-Ouest et Nord de la parcelle n® 4</line></par>
<par>
<line>- limites Nord et Est en partie de la parcelle n® 5</line></par>
</text>
</block>




</page>
<page width="4995" height="7037" resolution="600">
<block><region><rect/></region>
<text>
<par>
<line>II</line></par>
</text>
</block>
<block><region><rect/></region>
<text>
<par>
<line>- limite Nord des parcelles n°s 47,38 et 37 en partie</line></par>
<par>
<line>- limite Ouest de la parcelle n° 36</line></par>
<par>
<line>- limites Sud en partie, Ouest et Nord-Ouest de la parcelle n® 33</line></par>
<par>
<line>- limite Nord-Ouest de la parcelle n® 34</line></par>
<par>
<line>Section AH</line></par>
</text>
</block>
<block><region><rect/></region>
<text>
<par>
<line>- limite Ouest des parcelles n®s 78 et 80</line></par>
<par>
<line>- limites Ouest et Nord de la parcelle n® 81</line></par>
<par>
<line>- limite Ouest de la parcelle n® 84 et son prolongement par une ligne droite fictive traversant</line>
<line>l'avenue du Manoir</line></par>
<par>
<line>- limites Sud en partie et Sud-Ouest en partie de la parcelle n® 66a</line></par>
<par>
<line>- limites Sud-Est en partie et Nord-Est de la parcelle n® 29a</line></par>
<par>
<line>- limite Sud-Ouest de la parcelle n® 65</line></par>
<par>
<line>- limites Sud-Ouest et Nord-Ouest en partie de la parcelle n® 64a</line></par>
<par>
<line>- allée de l'oliveraie (côté impair)</line></par>
<par>
<line>- limites Sud et Sud-Ouest de la parcelle n® 53a</line></par>
<par>
<line>- limites Est en partie. Sud et Ouest en partie de la parcelle n® 49</line></par>
<par>
<line>Section AE</line></par>
</text>
</block>
<block><region><rect/></region>
<text>
<par>
<line>- limite entre la section AE et la section AH</line></par>
<par>
<line>- traversée du chemin de fer de Nantes à Chateaubriant</line></par>
<par>
<line>- limite Sud de la parcelle n® 2 et 3</line></par>
<par>
<line>- rue du Port aux Cerises (côté pair)</line></par>
<par>
<line>- limite Ouest de la parcelle n® 93</line></par>
<par>
<line>- limite Sud-Ouest de la parcelle n® 92</line></par>
<par>
<line>- limites Sud et Ouest de la parcelle n® 91</line></par>
<par>
<line>- limite Ouest de la parcelle n® 100</line></par>
<par>
<line>- misseau du Rup</line></par>
<par>
<line>- chemin départemental n® 69 de Nantes à Saint-Aubin-des-Châteaux jusqu'au point de départ</line></par>
</text>
</block>
<block><region><rect/></region>
<text>
<par>
<line>Article 2 : L'arrêté du ministre délégué auprès du Premier ministre chargé de la protection de la</line>
<line>nature et de l'environnement en date du 15 septembre 1971 portant inscription sur l'inventaire des</line>
<line>sites pittoresques du département de la Loire-Atlantique de l'ensemble formé par la vallée de l'Erdre</line>
<line>sur les communes de Nantes, de Carquefou, de La Cbapelle-sur-Erdre et de Sucé-sur-Erdre est</line>
<line>abrogé en tant qu'il concerne le site classé par le présent décret</line></par>
<par>
<line>Article 3 : Le présent décret sera notifié au préfet de la Loire-Atlantique et aux maires de Nantes, de</line>
<line>Carquefou, de La Chapelle-sur-Erdre et de Sucé-sur-Erdre.</line></par>
</text>
</block>
<block><region><rect/></region>
<text>
<par>
<line>Al1içle4 : Le présent décret la carte au 1/25 OOOème et les plans cadastraux annexés pourront être</line>
<line>consultés à la préfecture de la Loire-Atlantique et ami mairies de Nantes, de Carquefou, de La</line>
<line>Chapelle-sur-Qtlre et de Sucé-sur-&amp;dre.</line></par>
</text>
</block>





</page>
<page width="5003" height="7043" resolution="600">
<block><region><rect/></region>
<text>
<par>
<line>12</line></par>
</text>
</block>
<block><region><rect/></region>
<text>
<par>
<line>A</line></par>
</text>
</block>
<block><region><rect/></region>
<text>
<par/>
</text>
</block>
<block><region><rect/><rect/></region>
<text>
<par>
<line>• r</line></par>
</text>
</block>
<block><region><rect/></region>
<text>
<par>
<line>Article 5 : La ministre de l'aménagement du tenitoire et de l’environnement est chargée de</line>
<line>l'exécution du présent décret qui sera publié au Journal officiel de la République française.</line></par>
</text>
</block>
<block><region><rect/></region>
<text>
<par>
<line>Fait à Paris, le Q 7 AVR. 1998</line></par>
</text>
</block>
<block><region><rect/></region>
<text>
<par>
<line>Lionel JOSPIN</line>
<line>Par le Premier ministre :</line></par>
<par>
<line>La ministre de l'aménagement du territoire et de l'environnement</line></par>
</text>
</block>
<block><region><rect/></region>
<text>
<par>
<line>%</line></par>
</text>
</block>
<block><region><rect/></region>
<text>
<par>
<line>Dominique VOYNET</line></par>
</text>
</block>

</page>
</AC2>