<?xml version="1.0" encoding="UTF-8"?><AC2>
<page width="1653" height="2336" resolution="200">
<block><region><rect/></region>
<text orientation="RotatedCounterclockwise">
<par>
<line>53-385-J.4713-'il</line></par>
</text>
</block>
<block><region><rect/></region>
<text>
<par>
<line>^ SECIlÉTAniAT D’ÉTAT</line></par>
<par>
<line>À L’ÉDÜ'OATION NATIONALE</line>
<line>ET À LA JEUNESSE.</line></par>
</text>
</block>
<block><region><rect/></region>
<text>
<par>
<line>SECRÉTARIAT GÉNÉRAL</line>
<line>' DES BEAUX-ARTS.</line></par>
</text>
</block>
<block><region><rect/></region>
<text>
<par>
<line>DIRECTÎO&gt;</line></par>
<par>
<line>DES SEIIVICES D’ARCHITECÏÜRE.</line></par>
</text>
</block>
<block><region><rect/></region>
<text>
<par>
<line>BUREAD</line></par>
<par>
<line>DES MONUMENTS HISTORIQUES.</line></par>
</text>
</block>
<block><region><rect/></region>
<text>
<par>
<line>Classement de Sites.</line></par>
</text>
</block>
<block><region><rect/></region>
<text>
<par>
<line>ÉTAT FRANÇAIS.</line></par>
</text>
</block>
<block><region><rect/></region>
<text>
<par>
<line>ARRÊTÉ.</line></par>
</text>
</block>
<block><region><rect/></region>
<text>
<par>
<line>Le Secrétaire d’Eiiat à l’Education nationale et à la Jeunesse,</line></par>
<par>
<line>Vu la loi du 2 mai 1980 réorganisant la protection des monuments</line>
<line>naturels et des sites de caractère artistique, historique, scientifique, légendaire</line>
<line>ou pittoresque;</line></par>
<par>
<line>Vu l’avis émis par la Commission départementale des monuments naturels</line>
<line>et des sites dans sa séance du 21 Juillet 1941</line></par>
<par>
<line>A^u l’adhésion en date du 13 avril 1940 donnée par</line></par>
<par>
<line>le Conseil i.:unicip?^l de Is Commune gq iornic</line></par>
</text>
</block>










</page>
<page width="1660" height="2341" resolution="200">
<block><region><rect/></region>
<text>
<par>
<line>ARRÊTE ;</line></par>
</text>
</block>
<block><region><rect/></region>
<text>
<par>
<line>ARTICLE PREMIER.</line></par>
<par>
<line>La partie de la Corniche de la Noè'velllard, com¬</line>
<line>prise, d^une part entre l^ill^e des Soupirs et le P^age de la No^veil-</line></par>
<par>
<line>lard d^nutre part, entre la mer et la route, et située dans la commune</line></par>
<par>
<line>' /*</line></par>
<par>
<line>de Pornic tLoire-Inférieure^,</line></par>
</text>
</block>
<block><region><rect/></region>
<text>
<par>
<line>est classé parmi les sites et moaumeiils naturels de caractère</line></par>
<par>
<line>artistique, historique, scientifique, légendaire ou pittoresque.</line></par>
<par>
<line>ART. 2.</line></par>
<par>
<line>Le présent arrêté sera notifié au Préfet du i^épartemcnl de la Loirw-Inrérieure,</line>
<line>et üu Laire de le Commune, propriétaire,</line>
<line>qui seront responsables, chacun en ce qui le concerne, de son exécution.</line></par>
<par>
<line>ART. 3.</line></par>
<par>
<line>Il sera transcrit au Bureau des hypothèques de la situation du site cleSvSë ,</line></par>
</text>
</block>
<block><region><rect/></region>
<text>
<par>
<line>Pans, le - .</line></par>
<par>
<line>f; 2 6 NOV</line></par>
</text>
</block>
<block><region><rect/></region>
<text>
<par/>
</text>
</block>
<block><region><rect/></region>
<text>
<par>
<line>L. HAwrecoEüR</line></par>
</text>
</block>
<block><region><rect/></region>
<text>
<par>
<line>X ' . W .ft tA ,</line></par>
</text>
</block>





</page>
</AC2>