<?xml version="1.0" encoding="UTF-8"?><AC2>
<page width="1700" height="2371" resolution="200">
<block><region><rect/></region>
<text>
<par>
<line>LV/Hi'</line></par>
</text>
</block>
<block><region><rect/></region>
<text>
<par>
<line>lûINIST'ilHE D’S'TAT</line>
<line>AFTAIRA3 CraLTUIi:-:LLRS</line></par>
</text>
</block>
<block><region><rect/></region>
<text>
<par>
<line>République Française</line></par>
</text>
</block>
<block><region><rect/></region>
<text>
<par>
<line>IV .L/</line></par>
</text>
</block>
<block><region><rect/></region>
<text>
<par>
<line>Ls i'iinistre d’.ü‘-tat chargé des Affaires Culturelles</line></par>
</text>
</block>
<block><region><rect/></region>
<text>
<par>
<line>VU la loi du 2 Mai 19'30 réorganisant la prutoction des monuments</line>
<line>naturels et des Sites de caraotère artistiquej historique y</line>
<line>scientifique, légendaire ou pittoresque et notamment l’article •</line></par>
<par>
<line>VU la loi du .12 Avril’ 1543 portant réglomontation de la publicité</line>
<line>et des enseignes et notamment les articles 5 et 9 ;</line></par>
<par>
<line>VU le decret du 3 Février 1959' relatif aux attributions d’un</line>
<line>Ministre d’Ftat ;</line></par>
<par>
<line>VU le décret du 24 Juillet 1959 portant organisation du Ministère</line>
<line>des Affaires Culturelles ?</line></par>
<par>
<line>W le décret du 18 Mars 196C portant application du décret du</line></par>
<par>
<line>7 Février 1959 relatif au camping et notamment les articles</line>
<line>2 6 ;</line></par>
<par>
<line>VU l’varrêté du 5 Mai 1936 classant parmi les Sites l'ensemble form';</line>
<line>sur la commune de BULZ (Morbihan) par la Chapelle, le Calvaire,</line>
<line>le placître et la fontaine ^</line></par>
<par>
<line>VU le décret du 23 Novembre 1936 établissant une zone de protectior</line>
<line>autour de l’ensemble classé par arrêté susvisé du 5 Mai 1936 :</line></par>
<par>
<line>VU l’avis émis par la Section Permanente de la Commission départe¬</line>
<line>mentale des Sites, perspectives et paysages dans sa séance du</line></par>
<par>
<line>8 Février 1963 ;</line></par>
<par>
<line>A R R U T E s</line></par>
<par>
<line>Article 1er - Est inscrit sur l’Inventaire des Sites pittoresques</line>
<line>du département du Morbihan, l’ensemble formé sur la commune de</line>
<line>par le Site de Saint-Cado et comprenant les parcelles cadastrales</line>
<line>suivantes s</line></par>
<par>
<line>Section AC - îî° 1 à 12 inclus, 18 à 41 inclus, 43 ù 54 inclus,</line></par>
<par>
<line>56 à 63 inc3_us, 66 à 92 inclus, 94 à 96 inclus,</line></par>
<par>
<line>99 à 151 inclus, 159 en partie, 16C en partie, 161,</line></par>
<par>
<line>165 à 178 inclus, 182 à Î92 inclus, 200, 203 à 238</line>
<line>inclus, 240 à 279 inclus, 454, 457, 458, 470, 471,</line></par>
<par>
<line>479, 4ü6, 489, 492 à 495 inclus, 500, 503 à 506 inclus</line>
<line>508 à 513 inclus, 516 et 517a</line></par>
</text>
</block>
<block><region><rect/></region>
<text>
<par>
<line>0/0</line></par>
</text>
</block>
<block><region><rect/></region>
<text>
<par>
<line>0 0</line></par>
</text>
</block>
<block><region><rect/></region>
<text>
<par>
<line>0 9</line></par>
</text>
</block>




























</page>
<page width="1667" height="2348" resolution="200">
<block><region><rect/></region>
<text>
<par>
<line>2</line></par>
</text>
</block>
<block><region><rect/></region>
<text>
<par>
<line>Article 2 - Le présent arrêté qui r-^raplète les mesures de protec¬</line>
<line>tion susvisfSos, sera notifié au Préfet du département du Morbihan,</line>
<line>au Maire de la commune do BLLZ ot aux propriétaires intéressés,</line>
<line>qui seront responsables, chacun en ce qui le concerne, de son exé¬</line>
<line>cution #</line></par>
<par>
<line>Article 3 - Il sera publié au bureau des hypothèques de la situati</line>
<line>du site inscrit»</line></par>
<par>
<line>Paris, le 26 Novembre 1964</line>
<line>Pour le Ministre et par délégation t</line>
<line>Le Maître des Requêtes■au Conseil d’Stat</line>
<line>Directeur de l’Architecture,</line></par>
<par>
<line>Signé s Max QUDRRISN</line></par>
</text>
</block>
<block><region><rect/></region>
<text>
<par>
<line>Pour ampliation s</line>
<line>Pour l’Administrateur Civil</line>
<line>chargé des Sites,</line></par>
</text>
</block>
<block><region><rect/><rect/></region>
<text>
<par/>
</text>
</block>
<block><region><rect/></region>
<text>
<par>
<line>\! y</line></par>
</text>
</block>
<block><region><rect/></region>
<text>
<par>
<line>Signé s R O CCMBS</line></par>
</text>
</block>



</page>
</AC2>