<?xml version="1.0" encoding="UTF-8"?><AC2>
<page width="2572" height="3558" resolution="300">
<block><region><rect/></region>
<text>
<par>
<line>REPUBLIQUE FRANÇAISE</line></par>
</text>
</block>
<block><region><rect/></region>
<text>
<par>
<line>Le Ministre Délégué à l’Environnement</line>
<line>et à la Prévention des Risques</line>
<line>Technologiques et Naturels Majeurs</line></par>
</text>
</block>
<block><region><rect/></region>
<text>
<par>
<line>, ■■</line></par>
</text>
</block>
<block><region><rect/></region>
<text>
<par/>
</text>
</block>
<block><region><rect/><rect/><rect/></region>
<text>
<par>
<line>t- -■ r • • - C-i ÿ</line></par>
</text>
</block>
<block><region><rect/></region>
<text>
<par/>
</text>
</block>
<block><region><rect/></region>
<text>
<par/>
</text>
</block>
<block><region><rect/></region>
<text>
<par>
<line>«S.’</line></par>
</text>
</block>
<block><region><rect/></region>
<text>
<par>
<line>‘A</line></par>
</text>
</block>
<block><region><rect/></region>
<text>
<par/>
</text>
</block>
<block><region><rect/></region>
<text>
<par>
<line>NOR</line></par>
</text>
</block>
<block blockType="Table" blockName="" l="1563" t="590" r="2354" b="758"><region><rect/></region>
<row>
<cell rightBorder="White" width="220" height="168">
<text>
<par>
<line>eij\' L</line></par>
<par>
<line>{</line></par>
</text></cell>
<cell leftBorder="White" width="165" height="168">
<text>
<par/>
</text></cell>
<cell rightBorder="White" width="100" height="168">
<text>
<par>
<line>n</line></par>
</text></cell>
<cell leftBorder="White" rightBorder="White" width="135" height="168">
<text>
<par>
<line>9 ?</line></par>
</text></cell>
<cell leftBorder="White" width="171" height="168">
<text>
<par>
<line>h 3&gt;</line></par>
</text></cell></row>
</block>
<block><region><rect/></region>
<text>
<par>
<line>DECRET</line></par>
</text>
</block>
<block><region><rect/></region>
<text>
<par>
<line>7</line></par>
</text>
</block>
<block><region><rect/></region>
<text>
<par>
<line>Pôrtant étalement parmi les sites du département de l'Isère site^ formé par</line></par>
</text>
</block>
<block><region><rect/></region>
<text>
<par>
<line>les;.laçs;dés Petites Rousses sur les communes d'HUEZ et d'OZ en OISANS.</line></par>
</text>
</block>
<block><region><rect/><rect/></region>
<text>
<par>
<line>/ .*&gt;. jri</line></par>
<par>
<line>S" &gt;</line></par>
</text>
</block>
<block><region><rect/></region>
<text>
<par>
<line>•ri" .</line></par>
<par>
<line>'*• - • r\ ^</line></par>
</text>
</block>
<block><region><rect/></region>
<text>
<par>
<line>LE PREMIER MINISTRE</line></par>
</text>
</block>
<block><region><rect/></region>
<text>
<par>
<line>Sur le rapport du Ministre délégué à l'environnement et à la prévention des</line>
<line>risques technologiques et naturels majeurs,</line></par>
<par>
<line>VU là-loi du 2. mai 1930 réorganisant la protection des monuments naturels et</line>
<line>des sites de caractère artistique,- historique, scientifique, légendaire ou</line>
<line>pittoresque, modifiée notamment par la loi n° 67-1174 du 28 décembre 1967</line>
<line>en particulier les articles 5-1, 7 et 8, ensemble le décret n'^ 69-607 du</line></par>
<par>
<line>13 juin 1969 pris pour son application ;</line></par>
<par>
<line>VU l'absence de délibération du conseil municipal de la commune. d'HUEZ, ; ,</line></par>
<par>
<line>VU la délibération du conseil municipal de la commune d'OZ en OISANS en date</line>
<line>du 11 février 1989 ;</line></par>
<par>
<line>VU l'avis émis par la Commission départementale des Sites, Perspectives et</line>
<line>Paysages le 5 juillet 1989 ;</line></par>
<par>
<line>VU l'avis émis par la Commission Supérieure des Sites, Perspectives et</line>
<line>Paysages le 28 septembre 1989 ;</line></par>
<par>
<line>Le Conseil d'Etat (Section des Travaux Publics) entendu :</line></par>
<par>
<line>Considérant que le site des lacs des Petites Rousses constitue un ensemble</line>
<line>naturel dont la conservation et la préservation présentent en raison de son</line>
<line>caractère pittoresque et scientifique un intérêt général au sens de l'article</line>
<line>4 de la loi du 2 mai 1930 susvisée.</line></par>
</text>
</block>
<block><region><rect/></region>
<text>
<par/>
</text>
</block>





















</page>
<page width="2607" height="3582" resolution="300">
<block><region><rect/></region>
<text>
<par>
<line>/</line></par>
</text>
</block>
<block><region><rect/></region>
<text>
<par>
<line>O</line></par>
</text>
</block>
<block><region><rect/></region>
<text>
<par>
<line>DECRETE :</line></par>
</text>
</block>
<block><region><rect/></region>
<text>
<par>
<line>ARTICLE 1er - Est classé parmi les sites du département,de l'Isère le site</line>
<line>formé par les lacs des Petites Rousses sur les coirtfftunes d'HUEZ et d'OZ en</line>
<line>GISANS, défini comme suit, dans le sens inverse des aiguilles d'une montre et</line>
<line>conformément à la carte au l/25000e et aux plans cadastraux annexés au</line>
<line>présent décret : '</line></par>
</text>
</block>
<block><region><rect/></region>
<text>
<par>
<line>COKMÜ¥E D'HUEZ - Section A2</line></par>
</text>
</block>
<block><region><rect/></region>
<text>
<par>
<line>Point d'origine :</line></par>
</text>
</block>
<block><region><rect/><rect/><rect/></region>
<text>
<par>
<line>- l'angle Nord-Ouest de la parcelle n° 1391</line></par>
<par>
<line>- la limite entre la commune d'OZ en OISANS et la commune d'HUEZ .</line></par>
<par>
<line>- la limite Sud des parcelles n°s 505 et 506</line></par>
<par>
<line>^une ligne droite fictive dans le prolongement de la limite Sud de la</line>
<line>parcelle n° 506, traversant la parcelle n° 524 jusqu'à la limite entre les</line>
<line>parcelles n^s 524 et 1399</line></par>
<par>
<line>- la limite Ouest en partie de la parcelle n° 1399</line></par>
<par>
<line>- une ligne droite fictive reliant l'angle Est de la, parcelle n° 524 à l'angle</line>
<line>Nord de'la pafcelie n° 533 (exclue du site)</line></par>
<par>
<line>- la limite Sud en partie de la parcelle n° 1399</line></par>
<par>
<line>- la piste de chantier traversant les parcelles n'^s 1399 et 534</line></par>
</text>
</block>
<block><region><rect/></region>
<text>
<par>
<line>COMMUNE D'OZ EN OISANS</line></par>
<par>
<line>Section A 5</line></par>
<par>
<line>- la piste de chantier traversant la parcelle n® 1460</line></par>
<par>
<line>- la limite des sections A5 et A4</line>
<line>Section A4</line></par>
</text>
</block>
<block><region><rect/></region>
<text>
<par>
<line>- la limite Nord de la parcelle n° 2021</line></par>
<par>
<line>- une ligne droite fictive traversant la parcelle n° 1448, reliant l'angle</line>
<line>Nord de la parcelle n® 2021 à l'angle Ouest de la parcelle n® 1448</line></par>
<par>
<line>Section A3</line></par>
<par>
<line>- une ligne droite fictive reliant l'angle Ouest de la parcelle n® 1448</line>
<line>(section A4) à l'angle Est de la parcelle n® 1427 (exclue du site)</line></par>
</text>
</block>
<block><region><rect/></region>
<text>
<par>
<line>• • • / • • •</line></par>
</text>
</block>























</page>
<page width="2597" height="3576" resolution="300">
<block><region><rect/></region>
<text>
<par>
<line>Section A5</line></par>
</text>
</block>
<block><region><rect/></region>
<text>
<par>
<line>- la limite entre la section A3 et la section A5 jusqu'à 1'intersection entre</line>
<line>les sections .A3, A6 et A5.</line></par>
<par>
<line>Section AS</line></par>
</text>
</block>
<block><region><rect/></region>
<text>
<par>
<line>- une ligne droite fictive reliant l'angle Nord-Ouest de la parcelle n® 1485 à</line>
<line>l'angle Nord-Ouest de la parcelle n® 1491</line></par>
<par>
<line>- la limite des lieux-dits SAGNE ARNAUD et GARAVET</line></par>
<par>
<line>- la limite entre la section A.6 et la section B2 jusqu'à l’angle Nord-Ouest de</line>
<line>la parcelle n® 1391 section A2, commiune d'HüEZ, point d'origine.</line></par>
<par>
<line>ARTICLE 2 - Le présent décret sera notifié au préfet du département de l'Isère</line>
<line>ainsi qu'aux maires des communes d’flüEZ et d'OZ en OISANS.</line></par>
<par>
<line>ARTICLE 3 - Le présent décret ainsi que le plan au l/25000e et les plans</line>
<line>cadastraux annexés pourront être consultés à la préfecture de l'Isère et</line>
<line>dans les mairies d'HüEZ et d’OZ en OISANS. . _</line></par>
<par>
<line>K</line></par>
<par>
<line>ARTICLE 4 - Le Ministre délégué à l'environnement: et à la prévention des-</line>
<line>risques technologiques et naturels majeurs est chargé de l’exécution du</line>
<line>présent décret qui sera publié au Journal Officiel de la République Française.</line></par>
</text>
</block>
<block><region><rect/><rect/></region>
<text>
<par>
<line>Fait, à .PARIS,: le</line></par>
</text>
</block>
<block><region><rect/></region>
<text>
<par>
<line>.COPIE CEmFSÉE</line></par>
<par>
<line>.;,L iroHiarriAi . ...</line></par>
</text>
</block>
<block><region><rect/></region>
<text>
<par/>
</text>
</block>
<block><region><rect/></region>
<text>
<par/>
</text>
</block>
<block><region><rect/></region>
<text>
<par/>
</text>
</block>
<block><region><rect/></region>
<text>
<par/>
</text>
</block>
<block><region><rect/></region>
<text>
<par>
<line>Sh^lROCABD</line></par>
</text>
</block>
<block><region><rect/></region>
<text>
<par>
<line>Par le Premier Ministre,:</line></par>
</text>
</block>
<block><region><rect/></region>
<text>
<par/>
</text>
</block>
<block><region><rect/></region>
<text>
<par/>
</text>
</block>
<block><region><rect/></region>
<text>
<par>
<line>Lé Ministre délégué à l'environnement</line>
<line>et à la prévention des risques</line>
<line>technologiques et naturels majeurs.</line></par>
</text>
</block>
<block><region><rect/></region>
<text>
<par>
<line>Brice LALONDE</line></par>
</text>
</block>
























</page>
<page width="2479" height="3504" resolution="300">
<block><region><rect/></region>
<text>
<par>
<line>LACS des PETITES ROUSSES</line></par>
</text>
</block>
<block><region><rect/><rect/></region>
<text>
<par/>
</text>
</block>
<block><region><rect/><rect/></region>
<text>
<par>
<line>S'. / CJtmnéé d'é^u |</line></par>
<par>
<line>. '. . t</line></par>
</text>
</block>
<block><region><rect/><rect/><rect/><rect/><rect/><rect/></region>
<text>
<par/>
</text>
</block>
<block><region><rect/></region>
<text>
<par>
<line>Y":©, .-■• v.**.^</line></par>
<par>
<line>/a</line></par>
</text>
</block>
<block><region><rect/></region>
<text>
<par>
<line>Ech. 1/25000</line></par>
</text>
</block>
<block><region><rect/></region>
<text>
<par>
<line>348^6 11</line>
<line>Vu à h Ssctioii des Travsux Pu&amp;iics</line>
<line>du Conseil d’Éîat</line></par>
<par>
<line>siffie jggg n</line></par>
<par>
<line>£e Kopporfein:;,</line></par>
<par>
<line>U^'</line></par>
<par>
<line>l)</line></par>
</text>
</block>
<block><region><rect/></region>
<text>
<par>
<line>1382</line></par>
</text>
</block>
<block><region><rect/></region>
<text>
<par>
<line>gn«</line></par>
</text>
</block>
<block><region><rect/></region>
<text>
<par>
<line>1A14</line></par>
</text>
</block>
<block><region><rect/></region>
<text>
<par>
<line>ff}</line></par>
</text>
</block>
<block><region><rect/></region>
<text>
<par/>
</text>
</block>
<block><region><rect/></region>
<text>
<par>
<line>gollet-,</line></par>
</text>
</block>
<block><region><rect/></region>
<text>
<par/>
</text>
</block>
<block><region><rect/><rect/></region>
<text>
<par/>
</text>
</block>
<block><region><rect/></region>
<text>
<par>
<line>4//rr&lt;</line></par>
</text>
</block>
<block><region><rect/></region>
<text>
<par/>
</text>
</block>
<block><region><rect/></region>
<text>
<par>
<line>MoM</line></par>
</text>
</block>
<block><region><rect/></region>
<text>
<par>
<line>Fraii</line></par>
</text>
</block>
<block><region><rect/></region>
<text>
<par>
<line>Ch*.^</line></par>
</text>
</block>
<block><region><rect/></region>
<text>
<par>
<line>1719</line></par>
</text>
</block>
<block><region><rect/></region>
<text>
<par>
<line>/</line></par>
<par>
<line>\ ■.&gt;</line></par>
</text>
</block>
<block><region><rect/></region>
<text>
<par>
<line>7-^-1</line></par>
</text>
</block>
<block><region><rect/></region>
<text>
<par/>
</text>
</block>
<block><region><rect/><rect/></region>
<text>
<par>
<line>'••..■ 'ïg:.; )7JS/</line></par>
</text>
</block>
<block><region><rect/></region>
<text>
<par>
<line>rr.:r,</line></par>
</text>
</block>
<block><region><rect/></region>
<text>
<par/>
</text>
</block>
<block><region><rect/></region>
<text>
<par>
<line>teneur</line></par>
</text>
</block>
<block><region><rect/></region>
<text>
<par/>
</text>
</block>
<block><region><rect/></region>
<text>
<par>
<line>mine</line></par>
</text>
</block>
<block><region><rect/></region>
<text>
<par/>
</text>
</block>
<block><region><rect/></region>
<text>
<par>
<line>11.08</line></par>
</text>
</block>
<block><region><rect/></region>
<text>
<par>
<line>fié</line></par>
</text>
</block>
<block><region><rect/></region>
<text>
<par>
<line>M</line></par>
</text>
</block>
<block><region><rect/></region>
<text>
<par>
<line>■Tv'</line></par>
</text>
</block>
<block><region><rect/></region>
<text>
<par/>
</text>
</block>
<block><region><rect/></region>
<text>
<par>
<line>Potircnérÿ</line></par>
</text>
</block>
<block><region><rect/></region>
<text>
<par>
<line>•Uifrte</line></par>
</text>
</block>
<block><region><rect/></region>
<text>
<par/>
</text>
</block>
<block><region><rect/></region>
<text>
<par/>
</text>
</block>
<block><region><rect/></region>
<text>
<par>
<line>•1061</line></par>
</text>
</block>
<block><region><rect/></region>
<text>
<par/>
</text>
</block>
<block><region><rect/></region>
<text>
<par>
<line>t</line></par>
</text>
</block>
<block><region><rect/></region>
<text>
<par>
<line>IM</line></par>
</text>
</block>
<block><region><rect/></region>
<text>
<par/>
</text>
</block>
<block><region><rect/></region>
<text>
<par>
<line>i’Lfofti</line></par>
</text>
</block>
<block><region><rect/></region>
<text>
<par>
<line>V«^</line></par>
</text>
</block>
<block><region><rect/></region>
<text>
<par>
<line>Besëav!^</line></par>
</text>
</block>
<block><region><rect/></region>
<text>
<par/>
</text>
</block>
<block><region><rect/></region>
<text>
<par/>
</text>
</block>
<block><region><rect/></region>
<text>
<par/>
</text>
</block>
<block><region><rect/></region>
<text>
<par>
<line>•J •</line></par>
</text>
</block>
<block><region><rect/></region>
<text>
<par>
<line>Chai</line></par>
</text>
</block>
<block><region><rect/><rect/></region>
<text>
<par>
<line>L.</line></par>
</text>
</block>
<block><region><rect/><rect/><rect/><rect/><rect/><rect/><rect/><rect/><rect/><rect/><rect/><rect/><rect/><rect/></region>
<text>
<par>
<line>Z' '^■' .</line></par>
<par>
<line>iff ::p?^lf i</line></par>
<par>
<line>.2384^ ■ w” ■ v</line></par>
<par>
<line>i!/ : r</line></par>
<par>
<line>■■■ 'rj- •</line></par>
<par>
<line>,- d ■■</line></par>
<par>
<line>ce . * 260</line></par>
</text>
</block>
<block><region><rect/><rect/><rect/><rect/><rect/><rect/><rect/><rect/></region>
<text>
<par>
<line>.t4.v...-;;. «ÂAtSjQ.</line></par>
<par>
<line>j ;*‘i!!.! l A9*&lt;'X&lt;S&gt;A'»\ •</line></par>
</text>
</block>
<block><region><rect/></region>
<text>
<par/>
</text>
</block>
<block><region><rect/><rect/><rect/></region>
<text>
<par>
<line>■ 4'««rvR£;*</line></par>
<par>
<line>Sa</line></par>
</text>
</block>
<block><region><rect/><rect/></region>
<text>
<par>
<line>My*&lt;S?î^r-:7</line></par>
<par>
<line>u»&amp;.</line></par>
</text>
</block>
<block><region><rect/><rect/><rect/></region>
<text>
<par/>
</text>
</block>
<block><region><rect/></region>
<text>
<par>
<line>Ut</line></par>
</text>
</block>
<block><region><rect/></region>
<text>
<par>
<line>^tT</line></par>
</text>
</block>
<block><region><rect/></region>
<text>
<par>
<line>t-i</line></par>
</text>
</block>
<block><region><rect/></region>
<text>
<par/>
</text>
</block>
<block><region><rect/></region>
<text>
<par>
<line>5r:i</line></par>
</text>
</block>
<block><region><rect/></region>
<text>
<par>
<line>1377</line></par>
</text>
</block>
<block><region><rect/></region>
<text>
<par>
<line>la'^^prê^^</line></par>
</text>
</block>
<block><region><rect/></region>
<text>
<par>
<line>Pré</line></par>
</text>
</block>
<block><region><rect/></region>
<text>
<par>
<line>E</line></par>
</text>
</block>
<block><region><rect/><rect/><rect/></region>
<text>
<par>
<line>I ■'.» V,tlUi.fc!tv;/4;3&gt;",'-U ' -.x.-v ^?r \</line></par>
<par>
<line>ht^h$</line></par>
</text>
</block>
<block><region><rect/><rect/><rect/><rect/><rect/></region>
<text>
<par>
<line>*-ü&gt; ■' /</line></par>
</text>
</block>
<block><region><rect/></region>
<text>
<par>
<line>■QkJîv/</line></par>
</text>
</block>
<block><region><rect/></region>
<text>
<par/>
</text>
</block>
<block><region><rect/></region>
<text>
<par/>
</text>
</block>
<block><region><rect/></region>
<text>
<par/>
</text>
</block>
<block><region><rect/><rect/></region>
<text>
<par>
<line>'l809.&gt;=r</line></par>
</text>
</block>
<block><region><rect/></region>
<text>
<par/>
</text>
</block>
<block><region><rect/></region>
<text>
<par>
<line>Ma</line></par>
</text>
</block>
<block><region><rect/></region>
<text>
<par/>
</text>
</block>
<block><region><rect/></region>
<text>
<par>
<line>Champ GÎôjt</line></par>
</text>
</block>
<block><region><rect/></region>
<text>
<par>
<line>' ^^pÿfCèmmune d'Oz</line></par>
</text>
</block>
<block><region><rect/></region>
<text>
<par>
<line>1</line></par>
</text>
</block>
<block><region><rect/></region>
<text>
<par/>
</text>
</block>
<block><region><rect/></region>
<text>
<par>
<line>'IH;</line></par>
</text>
</block>
<block><region><rect/></region>
<text>
<par>
<line>6FV</line></par>
</text>
</block>
<block><region><rect/></region>
<text>
<par>
<line>Cltrtl</line></par>
</text>
</block>
<block><region><rect/></region>
<text>
<par/>
</text>
</block>
<block><region><rect/></region>
<text>
<par/>
</text>
</block>
<block><region><rect/></region>
<text>
<par>
<line>2008</line></par>
</text>
</block>
<block><region><rect/></region>
<text>
<par>
<line>Pô'utra'f^</line></par>
</text>
</block>
<block><region><rect/></region>
<text>
<par>
<line>1996</line></par>
</text>
</block>
<block><region><rect/></region>
<text>
<par/>
</text>
</block>
<block><region><rect/></region>
<text>
<par>
<line>•1912</line></par>
</text>
</block>
<block><region><rect/></region>
<text>
<par>
<line>LAG</line></par>
</text>
</block>
<block><region><rect/></region>
<text>
<par>
<line>OtR(</line></par>
</text>
</block>
<block><region><rect/></region>
<text>
<par>
<line>'/n</line></par>
</text>
</block>
<block><region><rect/></region>
<text>
<par>
<line>Ufy</line></par>
</text>
</block>
<block><region><rect/></region>
<text>
<par>
<line>2088</line></par>
</text>
</block>
<block><region><rect/></region>
<text>
<par>
<line>LAd</line></par>
</text>
</block>
<block><region><rect/></region>
<text>
<par>
<line>2049</line></par>
</text>
</block>
<block><region><rect/></region>
<text>
<par>
<line>.AC.tAMAT-</line></par>
</text>
</block>
<block><region><rect/></region>
<text>
<par>
<line>---lüM</line></par>
</text>
</block>
<block><region><rect/></region>
<text>
<par/>
</text>
</block>
<block><region><rect/></region>
<text>
<par>
<line>Ane.</line></par>
</text>
</block>
<block><region><rect/></region>
<text>
<par>
<line>PJste de BobsM^h</line></par>
</text>
</block>
<block><region><rect/></region>
<text>
<par>
<line>LAC</line></par>
</text>
</block>
<block><region><rect/></region>
<text>
<par>
<line>2431</line></par>
</text>
</block>
<block><region><rect/></region>
<text>
<par>
<line>V:</line></par>
</text>
</block>
<block><region><rect/></region>
<text>
<par>
<line>Fsrki</line></par>
</text>
</block>
<block><region><rect/></region>
<text>
<par/>
</text>
</block>
<block><region><rect/></region>
<text>
<par/>
</text>
</block>
<block><region><rect/></region>
<text>
<par>
<line>I</line></par>
</text>
</block>
<block><region><rect/></region>
<text>
<par>
<line>256,</line></par>
</text>
</block>
<block><region><rect/></region>
<text>
<par>
<line>C%</line></par>
</text>
</block>
<block><region><rect/></region>
<text>
<par>
<line>2096</line></par>
</text>
</block>
<block><region><rect/></region>
<text>
<par/>
</text>
</block>
<block><region><rect/></region>
<text>
<par/>
</text>
</block>
<block><region><rect/></region>
<text>
<par/>
</text>
</block>
<block><region><rect/></region>
<text>
<par>
<line>m</line></par>
</text>
</block>
<block><region><rect/></region>
<text>
<par>
<line>2059</line></par>
</text>
</block>
<block><region><rect/></region>
<text>
<par/>
</text>
</block>
<block><region><rect/></region>
<text>
<par>
<line>P'</line></par>
</text>
</block>
<block><region><rect/></region>
<text>
<par/>
</text>
</block>
<block><region><rect/></region>
<text>
<par/>
</text>
</block>
<block><region><rect/></region>
<text>
<par>
<line>2106</line></par>
</text>
</block>
<block><region><rect/></region>
<text>
<par/>
</text>
</block>
<block><region><rect/><rect/></region>
<text>
<par/>
</text>
</block>
<block><region><rect/></region>
<text>
<par>
<line>îr</line></par>
</text>
</block>
<block><region><rect/></region>
<text>
<par>
<line>M</line></par>
</text>
</block>
<block><region><rect/><rect/><rect/><rect/><rect/></region>
<text>
<par/>
</text>
</block>
<block><region><rect/><rect/></region>
<text>
<par>
<line>4.E.-t-y!£Ri</line></par>
</text>
</block>
<block><region><rect/></region>
<text>
<par>
<line>Poutat</line></par>
</text>
</block>
<block><region><rect/></region>
<text>
<par>
<line>\</line></par>
</text>
</block>
<block><region><rect/><rect/><rect/><rect/><rect/></region>
<text>
<par>
<line>\ ■ ..r4:.?675-C^ÏSi;S^/</line></par>
<par>
<line>Çomjinune-d'Huez ^</line></par>
<par>
<line>.i kc-s^È.</line></par>
</text>
</block>
<block><region><rect/></region>
<text>
<par>
<line>\ mv k</line></par>
<par>
<line>\ k::- S ;--’iV&lt;-—-tt</line></par>
</text>
</block>





























</page>
</AC2>