<?xml version="1.0" encoding="UTF-8"?><AC2>
<page width="1699" height="2370" resolution="200">
<block><region><rect/></region>
<text>
<par>
<line>I s</line></par>
</text>
</block>
<block><region><rect/></region>
<text>
<par>
<line>I‘ÎD/AR</line></par>
</text>
</block>
<block><region><rect/></region>
<text>
<par>
<line>/</line></par>
<par>
<line>/</line></par>
<par>
<line>/</line></par>
<par>
<line>.. ô E</line></par>
</text>
</block>
<block><region><rect/></region>
<text>
<par>
<line>PREMIER MINISTRE</line></par>
</text>
</block>
<block><region><rect/></region>
<text>
<par>
<line>c</line></par>
</text>
</block>
<block><region><rect/></region>
<text>
<par>
<line>Aîv*puATîON3</line></par>
</text>
</block>
<block><region><rect/></region>
<text>
<par/>
</text>
</block>
<block><region><rect/><rect/></region>
<text>
<par>
<line>SECRETARIAT D'ETAT AUPRES DU PREMIER MINISTRE</line>
<line>CHARGE DE L'ENVIRONNEMENT ET DE LA QUALITE LE</line>
<line>LA VIE</line></par>
</text>
</block>
<block><region><rect/></region>
<text>
<par>
<line>DÉCRETlt(2 8 SEP. 1983</line></par>
<par>
<line>A' s portant classement parmi les sites pittoresques</line></par>
<par>
<line>(Finistère)</line></par>
</text>
</block>
<block><region><rect/></region>
<text>
<par>
<line>LE PREMIER MINISTRE</line></par>
<par>
<line>SUE le rapport'du Secrétaire d'Etat auprès du Premier Ministre</line>
<line>chargé de l'Environnement et de la Qualité de la Vie</line></par>
</text>
</block>
<block><region><rect/></region>
<text>
<par>
<line>•2</line></par>
<par>
<line>S</line></par>
</text>
</block>
<block><region><rect/></region>
<text>
<par/>
</text>
</block>
<block><region><rect/></region>
<text>
<par>
<line>VU la loi du 2 mai 1930 réorganisant la protection des monuments</line>
<line>naturels et des sites de caractère artistique, historique,</line>
<line>scientifique, légendaire ou pittoresque, modifiée par la loi</line>
<line>n® 67-1174 du'28 décembre 19^7 et notamment les articles 5-1*</line></par>
<par>
<line>7, 8 et 12 ;</line></par>
<par>
<line>"VU le décret n® 69-607 du 13 juin 19^9 portant application de</line></par>
<par>
<line>l'article 5-1 de la loi modifiée du 2 mai 1930 sur la prote.ction</line>
<line>des sites ;</line></par>
<par>
<line>VU le décret n® 70,288 du 51 mars 1970 relatif à la composition et</line>
<line>au fonctionnement des commissions départementales et suuérieure</line>
<line>des sites</line></par>
<par>
<line>VU les conclusions de l'enquête effectuée en application de l'article</line>
<line>5.1 susvisé de la loi du 2 mai 1930 modifiée et des articles 4 et</line>
<line>5 du décret n° 69.607 du 15 juin I969 î</line></par>
<par>
<line>VU l'avis émis par la commission' départementale des sites, perspec¬</line>
<line>tives et paysages du Pinistère dans sa séance du 21 mai 1980 :</line></par>
<par>
<line>VU l'avis émis par la commission supérieure des sites dans sa</line>
<line>séance du 2 février 1982 :</line></par>
</text>
</block>


</page>
<page width="1664" height="2346" resolution="200">
<block><region><rect/></region>
<text>
<par>
<line>- 2 -</line></par>
</text>
</block>
<block><region><rect/></region>
<text>
<par>
<line>Le Conseil d'Etat (Section de l'Intérieur) entendu : '</line></par>
<par>
<line>CONSILEEMT que la conservation de la partie nord de l'île Callot dans</line>
<line>le département du Finistère revêt un intérêt général au sens de l'ar¬</line>
<line>ticle 4 la loi du 2 mai 1930.</line></par>
</text>
</block>
<block><region><rect/></region>
<text>
<par>
<line>L B C R E T E</line></par>
</text>
</block>
<block><region><rect/></region>
<text>
<par>
<line>ARTICLE 1er - Est classé parmi les sites pittoresques 'du département</line>
<line>du Finistère l'ensemble formé sur la commune de CARAKTEC par la</line>
<line>partie nord de l'île Callot, délimitée 'comme suit conformément au</line>
<line>plan ci-annexé :</line></par>
<par>
<line>Commune de CARA2ÎTEC, section AB, à l'exclusion des parcelles n®s 43</line>
<line>à 54 61 à 66</line></par>
<par>
<line>ARTICLE 2 - Le présent décret sera notifié au Préfet, Commissaire de</line>
<line>la République du département du Finistère et au î'îaire de la communs</line>
<line>de CARANTECo</line></par>
<par>
<line>ARTICLE 3 “ Le Secrétaire d'Etat auprès du Premier Mj.nistre chargé</line>
<line>de l'Environnement et de la Qp.s.lité de la Vie est chargé de l'exé¬</line>
<line>cution du présent décret qui sera publié au Journal Officiel de la</line>
<line>République, Françaiseo</line></par>
</text>
</block>
<block><region><rect/></region>
<text>
<par>
<line>Fait à PARIS, le</line></par>
</text>
</block>
<block><region><rect/></region>
<text>
<par>
<line>L</line></par>
</text>
</block>
<block><region><rect/></region>
<text>
<par>
<line>Par le Premier Ministre</line></par>
</text>
</block>
<block><region><rect/></region>
<text>
<par>
<line>Le Secrétaire d'Etat auprès du Premier</line>
<line>îîinistre chargé de l'Environnement</line>
<line>et de la Qualité de la</line>
<line>Vie</line></par>
</text>
</block>
<block><region><rect/></region>
<text>
<par>
<line>Huguette BOUCHARDEAU</line></par>
</text>
</block>
<block><region><rect/></region>
<text>
<par>
<line>(1) le plan et le texte intégral de ce décret pourront être consultés à la Préfecture</line>
<line>du Finistère.</line></par>
</text>
</block>



</page>
<page width="2534" height="3545" resolution="300">
<block><region><rect/></region>
<text>
<par>
<line>N</line></par>
</text>
</block>
<block><region><rect/></region>
<text>
<par>
<line>Ü</line></par>
<par>
<line>T</line></par>
</text>
</block>
<block><region><rect/></region>
<text>
<par>
<line>y</line></par>
</text>
</block>
<block><region><rect/></region>
<text>
<par>
<line>f</line></par>
</text>
</block>
<block><region><rect/></region>
<text>
<par>
<line>&lt;</line></par>
<par>
<line>A</line></par>
</text>
</block>
<block><region><rect/></region>
<text>
<par/>
</text>
</block>
<block><region><rect/></region>
<text>
<par>
<line>O</line></par>
</text>
</block>
<block><region><rect/></region>
<text>
<par>
<line>/</line></par>
</text>
</block>
<block><region><rect/><rect/><rect/></region>
<text>
<par/>
</text>
</block>
<block><region><rect/></region>
<text>
<par>
<line>A</line></par>
</text>
</block>
<block><region><rect/></region>
<text>
<par/>
</text>
</block>
<block><region><rect/></region>
<text>
<par/>
</text>
</block>
<block><region><rect/></region>
<text>
<par>
<line>O</line></par>
</text>
</block>
<block blockType="Table" blockName="" l="2045" t="415" r="2487" b="941"><region><rect/></region>
<row>
<cell leftBorder="White" topBorder="White" rightBorder="White" bottomBorder="White" width="100" height="118">
<text>
<par>
<line>-a</line></par>
</text></cell>
<cell leftBorder="White" topBorder="White" rightBorder="White" bottomBorder="White" width="226" height="118">
<text>
<par>
<line>QJ^</line></par>
<par>
<line>O • “</line></par>
</text></cell>
<cell leftBorder="White" topBorder="White" rightBorder="White" bottomBorder="White" width="116" height="118">
<text>
<par>
<line>a.C</line></par>
<par>
<line>to /-</line></par>
<par>
<line>CO</line></par>
</text></cell></row>
<row>
<cell leftBorder="White" topBorder="White" rightBorder="White" bottomBorder="White" width="100" height="32">
<text>
<par>
<line>t_</line></par>
</text></cell>
<cell leftBorder="White" topBorder="White" rightBorder="White" bottomBorder="White" width="226" height="32">
<text>
<par>
<line>-ü CO</line></par>
</text></cell>
<cell leftBorder="White" topBorder="White" rightBorder="White" bottomBorder="White" width="116" height="32">
<text>
<par>
<line>ra r</line></par>
</text></cell></row>
<row>
<cell leftBorder="White" topBorder="White" rightBorder="White" bottomBorder="White" width="100" height="124">
<text>
<par>
<line>O</line></par>
</text></cell>
<cell colSpan="2" leftBorder="White" topBorder="White" rightBorder="White" bottomBorder="White" width="342" height="124">
<text>
<par>
<line>ra &lt;_&gt; V</line></par>
<par>
<line>C_^ IIM.i^</line></par>
</text></cell></row>
<row>
<cell leftBorder="White" topBorder="White" rightBorder="White" bottomBorder="White" width="100" height="79">
<text>
<par>
<line>OJ</line></par>
</text></cell>
<cell leftBorder="White" topBorder="White" rightBorder="White" bottomBorder="White" width="226" height="79">
<text>
<par>
<line>:~ ou</line></par>
</text></cell>
<cell leftBorder="White" topBorder="White" rightBorder="White" bottomBorder="White" width="116" height="79">
<text>
<par>
<line>T“</line></par>
</text></cell></row>
<row>
<cell leftBorder="White" topBorder="White" rightBorder="White" bottomBorder="White" width="100" height="51">
<text>
<par/>
</text></cell>
<cell leftBorder="White" topBorder="White" rightBorder="White" bottomBorder="White" width="226" height="51">
<text>
<par>
<line>* MM»</line></par>
</text></cell>
<cell leftBorder="White" topBorder="White" rightBorder="White" bottomBorder="White" width="116" height="51">
<text>
<par/>
</text></cell></row>
<row>
<cell rowSpan="2" leftBorder="White" topBorder="White" rightBorder="White" bottomBorder="White" width="100" height="122">
<text>
<par>
<line>t—</line></par>
<par>
<line>A7</line></par>
</text></cell>
<cell leftBorder="White" topBorder="White" rightBorder="White" bottomBorder="White" width="226" height="65">
<text>
<par>
<line>J</line></par>
</text></cell>
<cell leftBorder="White" topBorder="White" rightBorder="White" bottomBorder="White" width="116" height="65">
<text>
<par>
<line>V</line></par>
</text></cell></row>
<row>
<cell leftBorder="White" topBorder="White" rightBorder="White" bottomBorder="White" width="226" height="57">
<text>
<par/>
</text></cell>
<cell leftBorder="White" topBorder="White" rightBorder="White" bottomBorder="White" width="116" height="57">
<text>
<par/>
</text></cell></row>
</block>
<block><region><rect/></region>
<text>
<par>
<line>fi</line></par>
</text>
</block>
<block><region><rect/></region>
<text>
<par>
<line>Uj</line></par>
<par>
<line>ï</line></par>
<par>
<line>O</line></par>
<par>
<line>$</line></par>
</text>
</block>
<block><region><rect/></region>
<text>
<par/>
</text>
</block>
<block><region><rect/></region>
<text>
<par>
<line>ü</line></par>
<par>
<line>Z</line></par>
<par>
<line>o‘</line></par>
<par>
<line>&lt;n</line></par>
</text>
</block>











<block blockType="Picture" blockName="" l="2263" t="927" r="2370" b="1153"><region><rect/></region>
</block>
</page>
<page width="1653" height="2338" resolution="200">
</page>
</AC2>