<?xml version="1.0" encoding="UTF-8"?><AC2>
<page width="1670" height="2350" resolution="200">
<block><region><rect/></region>
<text orientation="RotatedCounterclockwise">
<par>
<line>, 149-646^.4842^2.</line></par>
</text>
</block>
<block><region><rect/></region>
<text>
<par>
<line>y</line></par>
</text>
</block>
<block><region><rect/></region>
<text>
<par>
<line>Al'IP/OF.</line></par>
</text>
</block>
<block><region><rect/><rect/><rect/></region>
<text>
<par>
<line>r lUL/u-e/u^</line></par>
</text>
<text>
<par>
<line>o/^ 'êa.</line></par>
<par>
<line>e£ /4</line></par>
</text>
</block>
<block><region><rect/></region>
<text>
<par/>
</text>
</block>
<block><region><rect/></region>
<text>
<par>
<line>V</line></par>
</text>
</block>
<block><region><rect/></region>
<text>
<par/>
</text>
</block>
<block><region><rect/></region>
<text>
<par>
<line>1972</line></par>
</text>
</block>
<block><region><rect/></region>
<text>
<par>
<line>L</line></par>
</text>
</block>
<block><region><rect/></region>
<text>
<par/>
</text>
</block>
<block><region><rect/></region>
<text>
<par/>
</text>
</block>
<block><region><rect/></region>
<text>
<par>
<line>Il,</line></par>
</text>
</block>
<block><region><rect/><rect/></region>
<text>
<par>
<line>1/</line></par>
<par>
<line>l</line></par>
</text>
</block>
<block><region><rect/></region>
<text>
<par>
<line>uiKiSTèns</line></par>
<par>
<line>, DB</line></par>
<par>
<line>L’ÉDDCATION MTI0.\AIE.</line></par>
<par>
<line>SECKÉTARIlT CÉkÉBAI.</line></par>
<par>
<line>DES' BEAUX-ÀRTS.</line></par>
</text>
</block>
<block><region><rect/></region>
<text>
<par>
<line>DIRECTION</line></par>
<par>
<line>ssa</line></par>
</text>
</block>
<block><region><rect/></region>
<text>
<par>
<line>seuviciîs d'architectuue</line></par>
</text>
</block>
<block><region><rect/><rect/></region>
<text>
<par>
<line>BDBKAU</line></par>
<par>
<line>. ;iES</line></par>
<par>
<line>MOKDMEm'S niSTOBIQUES</line>
<line>BT DES SITES.</line></par>
</text>
</block>
<block><region><rect/></region>
<text>
<par>
<line>ETAT FRANÇATS.</line></par>
</text>
</block>
<block><region><rect/></region>
<text>
<par>
<line>ARRÊTÉ.</line></par>
</text>
</block>
<block><region><rect/></region>
<text>
<par>
<line>Le Ministre SEcnÉTAiRED’ÉTAT X l’Éducation nationale,</line></par>
</text>
</block>
<block><region><rect/><rect/></region>
<text>
<par>
<line>Vu la loi du 2 mai igSo réorganisant la'protection</line>
<line>, des monuments naturels fet dès sites de caractère</line></par>
</text>
</block>
<block><region><rect/></region>
<text>
<par>
<line>P&gt;</line></par>
</text>
</block>
<block><region><rect/><rect/></region>
<text>
<par>
<line>Inventaire des Sites artistique, historique, scientifique, légendaire pu pitto -</line></par>
</text>
</block>
<block><region><rect/></region>
<text>
<par>
<line>la loi</line></par>
<par>
<line>I® 421 du 28 Juillet 1943 • ■ - '</line></par>
</text>
</block>
<block><region><rect/><rect/></region>
<text>
<par>
<line>. ' _ ' 'ÂimEtE-J- . , • • .</line></par>
<par>
<line>AUTICLB PREMIER. .</line></par>
<par>
<line>Son.t ir^Borits sur l’inventaire des sitee dont ^</line>
<line>la coEif^ervatioa présente un intérêt général,</line>
<line>les abords du Jîanplr de-la Haye ■ eh Saint-Bivy .</line></par>
<par>
<line>. (rinistëreX classé ^par^ -les Sites » &gt; - v</line></par>
<par>
<line>La mesure enp;lobe les parcelles cadastrales'nf</line>
<line>42 (Grande Ailép) 91»92»106 ù '112-=1.40 à' 145-</line>
<line>J 150 à 163-23^' iV238«'272'^279 ài 281 Eectioa A /</line></par>
<par>
<line>® ainsi que les ruisBG.aux et. al.];éec traversant</line>
<line>â les,-.dites parcollés-j.'ic -foui appartenant à hit ■ ;</line>
<line>VACHERONTj Agriculteur à ta Forêt de Landsmsat</line></par>
<par>
<line>(Finistère ).•/♦ . - ;</line></par>
</text>
</block>











</page>
<page width="2492" height="3515" resolution="300">
<block><region><rect/><rect/></region>
<text>
<par>
<line>. ■ / ; ■ / ■ . ARRETE.-: ' .</line></par>
<par>
<line>' ARTICLE PREI^IER. '</line></par>
<par>
<line>IiQ .tnaïioir ■ de la Haye eia Saint(Finistère)’</line>
<line>cadastre coug le £7,o', con-tlcn A., et les dens;' .</line>
<line>C'-tanaD cadastras, soun les n°’ 112, bis . et 274' aee'r'</line>
<line>tion. . , . ■•■ ■ ■'V - . ^</line></par>
</text>
</block>
<block><region><rect/></region>
<text>
<par>
<line>sont classA,*? . parmi ies sites et monuments natureis ■</line>
<line>de caractère artistique,, historique, scientifique, légendaire bu , ■ '</line>
<line>■pittoresque. . » '• '</line></par>
</text>
</block>
<block><region><rect/></region>
<text>
<par>
<line>ART. 2.</line></par>
</text>
</block>
<block><region><rect/></region>
<text>
<par>
<line>Le présent arrèté'sera notifié-au Préfet du département d</line></par>
<par>
<line>Firiistèrs, au Kaire de .Saint-Divy et au. preprié^</line></par>
</text>
</block>
<block><region><rect/></region>
<text>
<par>
<line>taire intéressé ■■•■</line></par>
</text>
</block>
<block><region><rect/></region>
<text>
<par>
<line>■qui seront responsables, chacim en ce qui le concerne, de son</line>
<line>exécution. • ■ ■ ■ ' ■■..&gt;■.■ p</line></par>
</text>
</block>
<block><region><rect/><rect/><rect/></region>
<text>
<par>
<line>\ ■■ ■ 4 ART. 3.., . ' .. ' '</line></par>
<par>
<line>Il sera transcrit aü Bureau des hypothèques de la situation</line></par>
<par>
<line>■ a'cc site , ülasB 5</line></par>
<par>
<line>'üïi h • ‘ ■</line></par>
</text>
</block>
<block><region><rect/><rect/><rect/></region>
<text>
<par>
<line>É* îtiK t,, B ij</line></par>
</text>
</block>
<block><region><rect/></region>
<text>
<par>
<line>en / ■</line></par>
</text>
</block>
<block><region><rect/><rect/><rect/></region>
<text>
<par>
<line>-S ü'-U.</line></par>
<par>
<line>Paris, ie -'-*P* br fi'</line></par>
</text>
</block>
<block><region><rect/></region>
<text>
<par>
<line>f'inr ri</line></par>
</text>
</block>
<block><region><rect/><rect/><rect/></region>
<text>
<par/>
</text>
</block>
</page>
<page width="2613" height="3600" resolution="300">
<block><region><rect/></region>
<text>
<par>
<line>* ■ ' ■ • iST. 3. . ■ ■ ' . ,</line></par>
<par>
<line>Le présent arrêté sèra notifié au, "Préfet du dépar-- ,,</line>
<line>■tement pour-les archives dé la--préfecture, au Maire</line>
<line>• . -de la coromune- d iS ' Saint'et au pro'”'</line></par>
<par>
<line>priétairô intéressé,,■ • ' ,</line></par>
</text>
</block>
<block><region><rect/><rect/><rect/></region>
<text>
<par>
<line>qui seront responsables, chacun en ce qui le concerne, . ■</line></par>
<par>
<line>■ 194-</line></par>
</text>
</block>
<block><region><rect/></region>
<text>
<par>
<line>, ie;</line></par>
</text>
</block>
<block><region><rect/></region>
<text>
<par>
<line>cl' 007' ■</line></par>
</text>
</block>
<block><region><rect/><rect/><rect/><rect/><rect/><rect/></region>
<text>
<par>
<line>Ü-i-. üoïuçef,</line></par>
<par>
<line>_J êv ^ C\ *</line></par>
</text>
</block>
</page>
</AC2>