<?xml version="1.0" encoding="UTF-8"?><AC2>
<page width="2483" height="3508" resolution="300">
<block><region><rect/></region>
<text>
<par>
<line>JBP/CG. ^</line></par>
<par>
<line>"^IW^STÈRE DE L’ENVIRONNEMENT '</line>
<line>XKXXXXXXXCKEiZEBaB&amp;CCSa^^</line></par>
</text>
</block>
<block><region><rect/></region>
<text>
<par>
<line>DIRECTION</line></par>
<par>
<line>DE L.'URBANISME ET DES PAYSASES</line></par>
<par>
<line>SITCBi</line></par>
</text>
</block>
<block><region><rect/></region>
<text>
<par>
<line>RÉPUBLIQUE FRANÇAISE</line></par>
</text>
</block>
<block><region><rect/></region>
<text>
<par>
<line>ARRÊTÉ</line></par>
</text>
</block>
<block><region><rect/></region>
<text>
<par>
<line>Le Ministre* de* rEnvironnement</line></par>
<par>
<line>zzKsmaajæEæmsŒ</line></par>
</text>
</block>
<block><region><rect/></region>
<text>
<par>
<line>TTT la loi du 2. mal 1950 réorganisanlr la. protectlou des monuments</line></par>
<par>
<line>naturels et dea sites de caractère artistique^ iiistorique&gt; scienti¬</line>
<line>fique, légendaire ou pittoresque, modifiée par la^ loi n“ 67# 1174</line>
<line>28 décembre I967 î</line></par>
<par>
<line>Tir le* décret; n“ éu. 15r juin 1969" portant application dea artidea</line></par>
<par>
<line>4- s't 5»'1 de la. loi du. 2. mai 1950 siir la protection des sitea ;■</line></par>
<par>
<line>VTT le* décret n®“ 70*238 du Jl mars 1970 relatif à. la. composition et au</line>
<line>fonctionnement des commissions départementalea et supérieure des sites</line></par>
<par>
<line>C0NSIDEHAÏÏÜ7 que l'ensemble formé sur la. commune de BOTTABSETTEZ (EIMISTERS)</line>
<line>par le Talion Saint-Pierre constitue un site de caractère pittoresque dont</line>
<line>la préservation revêt un caractère d'intérêt général au sens de l'article</line>
<line>4 de la loi du 2 mai 1950 ;</line></par>
<par>
<line>Tir l'avis émis le 27 juillet 1979 par le conseil municipal de POÏÏAHÎIEIîEZ</line></par>
<par>
<line>Tir la délibération du 5 mars 1990 de la commission départementale des</line>
<line>sites, perspectives et paysages du département du PINISTEHE ;</line></par>
</text>
</block>
<block><region><rect/></region>
<text>
<par>
<line>/</line></par>
</text>
</block>
<block><region><rect/></region>
<text>
<par>
<line>A H H E T E ;</line></par>
</text>
</block>
<block><region><rect/></region>
<text>
<par>
<line>ABTICIB 1er »• Est inscrit sur l'Inventaire des sites pittoresques du</line>
<line>département du FINISTE9E l'ensemble formé sur la commune de POUAEZEENEZ par</line>
<line>le vallon Saint-Pierre et délimité comme suit, dans le sens des aiguilles</line>
<line>d'une montre, conformément au plan annexé au présent arrêté :</line></par>
<par>
<line>Section DI -(dite des Sables Blancs)</line></par>
<par>
<line>à partir de l'angle Nord-Est de la parcelle 1172</line></par>
<par>
<line>» ^</line></par>
<par>
<line>- les faces Nord-et Est de la parcelle n“ 1172</line></par>
<par>
<line>- les faces Est des parcelles 1174 et I17I</line></par>
<par>
<line>- les faces Nord-Est des parcelles n” 24, 25, et 871e. (non comprises)</line></par>
<par>
<line>- les faces Est des parcelles n® 20 et 21</line></par>
<par>
<line>- les faces Sud des parcelles n" 21, I9, 18</line></par>
</text>
</block>






</page>
<page width="2483" height="3508" resolution="300">
<block><region><rect/></region>
<text>
<par>
<line>Section C2</line></par>
</text>
</block>
<block><region><rect/></region>
<text>
<par>
<line>— la limite des sections CS/D1 deptiis l^an^le Sud-Ouest de la parcelle</line></par>
<par>
<line>N” 18 (section Si) jusqu^à l^angle Sud-Est de la parcelle 442 (section C2)</line></par>
<par>
<line>— les faces Sud des parcelles 442 à 44^ Inclus ; et 451</line></par>
<par>
<line>— les faces Est et Sud de la parcelle 453</line>
<line>—les faces Sud et Sud-Ouest de la parcelle 449</line></par>
<par>
<line>Section</line></par>
<par>
<line>*.</line></par>
<par>
<line>— les faces Sud des parcelles 1438 e't: 1128</line></par>
<par>
<line>— la face Ouest de la parcelle n® 1128</line></par>
<par>
<line>— les faces Sud-Ouest, Ouest puis Nord-Ouest de la parcelle 1129</line></par>
<par>
<line>— la face Nord-Ouest de la parcelle 1576</line></par>
<par>
<line>— les faces Ouest des parcelles n" 1575 Q't 1117</line></par>
<par>
<line>— les faces Nord des parcelles n“ 1117 et 1639</line></par>
<par>
<line>— les faces Nord-Est des par œlles n® I638 et 1429</line></par>
<par>
<line>— les faces Nord-Ouest des parcelles n® I635» 1435 1551</line></par>
<par>
<line>— la ligne fictive joignant l'angle Nord de la parcelle n® 1551 ^ l'angle</line>
<line>Sud-Ouest de la parcelle n® IO68</line></par>
<par>
<line>— les faces Sud-Ouest, Sud et Est de la parcelle n® IO69</line></par>
<par>
<line>— les faces Ouest et Nord des parcelles 1074 si! 1076 (non comprises)</line></par>
<par>
<line>— la face Ouest (en partie) et la face Nord de la parcelle 1038 (non. comprise)</line></par>
<par>
<line>ARTICXE 2 — le présent arrêté sera notifié au Préfet du département du</line>
<line>FINISTERE et au Maire de la commune de DQÜARNENEZ qui seront responsables, cha</line>
<line>cun en ce qui le concerne, de son exécution*</line></par>
</text>
</block>
<block><region><rect/></region>
<text>
<par>
<line>Fait à PAEIS le 3 g flcy. tgsî</line></par>
</text>
</block>
<block><region><rect/></region>
<text>
<par>
<line>f</line></par>
</text>
</block>
<block><region><rect/></region>
<text>
<par>
<line>Pour !• Mlniatr* ot par d6l4oatloo</line>
<line>PoiHS&gt;Ja_QItscteur de l'Urbentamo</line>
<line>I et dos Psysagss</line>
<line>^ L'Adjoint au Dlre^e^</line></par>
</text>
</block>
<block><region><rect/></region>
<text>
<par>
<line>Georges CAVALLIER</line></par>
</text>
</block>



</page>
<page width="2483" height="3508" resolution="300">
<block><region><rect/></region>
<text>
<par>
<line>V</line></par>
</text>
</block>
<block><region><rect/></region>
<text>
<par>
<line>OCE^N ATLANTIQUE</line></par>
</text>
</block>
<block><region><rect/></region>
<text>
<par>
<line>■bi ^ ■</line></par>
<par>
<line>S</line></par>
<par>
<line>"P</line></par>
<par>
<line>(/l'y i/)C</line></par>
<par>
<line>Q)S</line></par>
<par>
<line>"a^"oo</line></par>
</text>
</block>
<block><region><rect/></region>
<text>
<par/>
</text>
</block>
<block><region><rect/></region>
<text>
<par>
<line>•s*</line></par>
</text>
</block>
<block><region><rect/></region>
<text>
<par/>
</text>
</block>
<block><region><rect/></region>
<text>
<par>
<line>,g E-f</line></par>
</text>
</block>
<block><region><rect/></region>
<text>
<par>
<line>/</line></par>
</text>
</block>
<block><region><rect/></region>
<text>
<par>
<line>&lt;p</line></par>
</text>
</block>
<block><region><rect/></region>
<text>
<par/>
</text>
</block>
<block><region><rect/></region>
<text>
<par>
<line>5</line></par>
</text>
</block>
<block><region><rect/></region>
<text>
<par/>
</text>
</block>
<block><region><rect/></region>
<text>
<par/>
</text>
</block>
<block><region><rect/></region>
<text>
<par/>
</text>
</block>
<block><region><rect/></region>
<text>
<par/>
</text>
</block>
<block><region><rect/></region>
<text>
<par>
<line>O.</line></par>
</text>
</block>
<block><region><rect/></region>
<text>
<par>
<line>O</line></par>
</text>
</block>
<block><region><rect/></region>
<text>
<par>
<line>»</line></par>
</text>
</block>
<block><region><rect/></region>
<text>
<par/>
</text>
</block>
<block><region><rect/></region>
<text>
<par/>
</text>
</block>
<block><region><rect/></region>
<text>
<par/>
</text>
</block>
<block><region><rect/></region>
<text>
<par/>
</text>
</block>
<block><region><rect/></region>
<text>
<par/>
</text>
</block>
<block><region><rect/></region>
<text>
<par/>
</text>
</block>
<block><region><rect/></region>
<text>
<par/>
</text>
</block>
<block><region><rect/></region>
<text>
<par>
<line>O</line></par>
</text>
</block>
<block><region><rect/></region>
<text>
<par>
<line>O</line></par>
</text>
</block>
<block><region><rect/></region>
<text>
<par/>
</text>
</block>
<block><region><rect/></region>
<text>
<par>
<line>-«Oi</line></par>
</text>
</block>
<block><region><rect/></region>
<text>
<par/>
</text>
</block>
<block><region><rect/></region>
<text>
<par/>
</text>
</block>
<block><region><rect/></region>
<text>
<par>
<line>\</line></par>
</text>
</block>
<block><region><rect/></region>
<text>
<par>
<line>1^</line></par>
</text>
</block>
<block><region><rect/></region>
<text>
<par>
<line>J?</line></par>
</text>
</block>
<block><region><rect/></region>
<text>
<par>
<line>M»</line></par>
</text>
</block>
<block><region><rect/></region>
<text>
<par>
<line>\\</line></par>
</text>
</block>
<block><region><rect/></region>
<text>
<par>
<line>SW</line></par>
</text>
</block>
<block><region><rect/></region>
<text>
<par/>
</text>
</block>
<block><region><rect/></region>
<text>
<par>
<line>U</line></par>
</text>
</block>
<block><region><rect/></region>
<text>
<par/>
</text>
</block>
<block><region><rect/></region>
<text>
<par>
<line>\</line></par>
</text>
</block>
<block><region><rect/></region>
<text>
<par>
<line>•s/</line></par>
</text>
</block>
<block><region><rect/></region>
<text>
<par>
<line>îi.</line></par>
</text>
</block>
<block><region><rect/></region>
<text>
<par>
<line>s</line></par>
</text>
</block>
<block><region><rect/></region>
<text>
<par/>
</text>
</block>
<block><region><rect/></region>
<text>
<par/>
</text>
</block>
<block><region><rect/></region>
<text>
<par/>
</text>
</block>
<block><region><rect/></region>
<text>
<par>
<line>!ÿ</line></par>
</text>
</block>
<block><region><rect/></region>
<text>
<par/>
</text>
</block>
<block><region><rect/></region>
<text>
<par/>
</text>
</block>
<block><region><rect/></region>
<text>
<par>
<line>•Çî</line></par>
</text>
</block>
<block><region><rect/></region>
<text>
<par/>
</text>
</block>
<block><region><rect/></region>
<text>
<par>
<line>% &gt;i‘'</line></par>
</text>
</block>
<block><region><rect/></region>
<text>
<par>
<line>N.»</line></par>
</text>
</block>
<block><region><rect/></region>
<text>
<par>
<line>WH6</line></par>
</text>
</block>
<block><region><rect/></region>
<text>
<par>
<line>'56b</line></par>
</text>
</block>
<block><region><rect/></region>
<text>
<par/>
</text>
</block>
<block><region><rect/></region>
<text>
<par>
<line>f</line></par>
</text>
</block>
<block><region><rect/></region>
<text>
<par/>
</text>
</block>
<block><region><rect/></region>
<text>
<par>
<line>2s?i</line></par>
</text>
</block>
<block><region><rect/></region>
<text>
<par/>
</text>
</block>
<block><region><rect/></region>
<text>
<par>
<line>73</line></par>
</text>
</block>
<block><region><rect/></region>
<text>
<par/>
</text>
</block>
<block><region><rect/></region>
<text>
<par/>
</text>
</block>
<block><region><rect/></region>
<text>
<par/>
</text>
</block>
<block><region><rect/></region>
<text>
<par>
<line>1*51</line></par>
</text>
</block>
<block><region><rect/></region>
<text>
<par/>
</text>
</block>
<block><region><rect/></region>
<text>
<par>
<line>î.ii</line></par>
</text>
</block>
<block><region><rect/></region>
<text>
<par>
<line>VA?</line></par>
</text>
</block>
<block><region><rect/></region>
<text>
<par/>
</text>
</block>
<block><region><rect/></region>
<text>
<par>
<line>N</line></par>
</text>
</block>
<block><region><rect/></region>
<text>
<par>
<line>îgs</line></par>
</text>
</block>
<block><region><rect/></region>
<text>
<par>
<line>1439</line></par>
</text>
</block>
<block><region><rect/></region>
<text>
<par>
<line>fL*î</line></par>
</text>
</block>
<block><region><rect/></region>
<text>
<par>
<line>w</line></par>
</text>
</block>
<block><region><rect/></region>
<text>
<par>
<line>X</line></par>
</text>
</block>
<block><region><rect/></region>
<text>
<par>
<line>Ü9</line></par>
</text>
</block>
<block><region><rect/></region>
<text>
<par>
<line>«</line></par>
</text>
</block>
<block><region><rect/></region>
<text>
<par>
<line>S</line></par>
</text>
</block>
<block><region><rect/></region>
<text>
<par>
<line>'64;</line></par>
</text>
</block>
<block><region><rect/></region>
<text>
<par>
<line>iA</line></par>
</text>
</block>
<block><region><rect/></region>
<text>
<par>
<line>ms.</line></par>
</text>
</block>
<block><region><rect/></region>
<text>
<par>
<line>V</line></par>
</text>
</block>
<block><region><rect/></region>
<text>
<par>
<line>U.S</line></par>
</text>
</block>
<block><region><rect/></region>
<text>
<par>
<line>/</line></par>
</text>
</block>
<block><region><rect/></region>
<text>
<par/>
</text>
</block>
<block><region><rect/></region>
<text>
<par/>
</text>
</block>
<block><region><rect/></region>
<text>
<par/>
</text>
</block>
<block><region><rect/></region>
<text>
<par>
<line>V</line></par>
</text>
</block>
<block><region><rect/></region>
<text>
<par>
<line>/*A^</line></par>
</text>
</block>
<block><region><rect/></region>
<text>
<par>
<line>Uip</line></par>
</text>
</block>
<block><region><rect/></region>
<text>
<par>
<line>^55</line></par>
</text>
</block>
<block><region><rect/></region>
<text>
<par/>
</text>
</block>
<block><region><rect/></region>
<text>
<par/>
</text>
</block>
<block><region><rect/></region>
<text>
<par>
<line>•V</line></par>
</text>
</block>
<block><region><rect/></region>
<text>
<par>
<line>uS</line></par>
</text>
</block>
<block><region><rect/></region>
<text>
<par>
<line>*</line></par>
</text>
</block>
<block><region><rect/></region>
<text>
<par>
<line>Æ?*»</line></par>
</text>
</block>
<block><region><rect/></region>
<text>
<par>
<line>sîr</line></par>
</text>
</block>
<block><region><rect/></region>
<text>
<par/>
</text>
</block>
<block><region><rect/></region>
<text>
<par>
<line>yWl</line></par>
</text>
</block>
<block><region><rect/></region>
<text>
<par>
<line>A -Spy</line></par>
</text>
</block>
<block><region><rect/></region>
<text>
<par>
<line>M</line></par>
</text>
</block>
<block><region><rect/></region>
<text>
<par>
<line>\\A</line></par>
</text>
</block>
<block><region><rect/></region>
<text>
<par/>
</text>
</block>
<block><region><rect/></region>
<text>
<par>
<line>L.</line></par>
</text>
</block>
<block><region><rect/></region>
<text>
<par>
<line>Xih*</line></par>
</text>
</block>
<block><region><rect/></region>
<text>
<par/>
</text>
</block>
<block><region><rect/></region>
<text>
<par/>
</text>
</block>
<block><region><rect/></region>
<text>
<par>
<line>b7»</line></par>
</text>
</block>
<block><region><rect/></region>
<text>
<par>
<line>^s•5S</line></par>
</text>
</block>
<block><region><rect/></region>
<text>
<par>
<line>JG</line></par>
</text>
</block>
<block><region><rect/></region>
<text>
<par>
<line>P</line></par>
</text>
</block>
<block><region><rect/></region>
<text>
<par>
<line>/</line></par>
</text>
</block>
<block><region><rect/></region>
<text>
<par>
<line>C</line></par>
</text>
</block>
<block><region><rect/></region>
<text>
<par>
<line>&gt;55j</line></par>
</text>
</block>
<block><region><rect/></region>
<text>
<par/>
</text>
</block>
<block><region><rect/></region>
<text>
<par>
<line>eu</line></par>
</text>
</block>
<block><region><rect/></region>
<text>
<par/>
</text>
</block>
<block><region><rect/></region>
<text>
<par/>
</text>
</block>
<block><region><rect/></region>
<text>
<par/>
</text>
</block>
<block><region><rect/></region>
<text>
<par>
<line>«er</line></par>
</text>
</block>
<block><region><rect/></region>
<text>
<par>
<line>O»</line></par>
</text>
</block>
<block><region><rect/></region>
<text>
<par>
<line>/ if&gt;</line></par>
</text>
</block>
<block><region><rect/><rect/></region>
<text>
<par>
<line>" a</line></par>
</text>
</block>
<block><region><rect/></region>
<text>
<par/>
</text>
</block>
<block><region><rect/></region>
<text>
<par/>
</text>
</block>
<block><region><rect/></region>
<text>
<par>
<line>bT^</line></par>
</text>
</block>
<block><region><rect/></region>
<text>
<par>
<line>J?</line></par>
</text>
</block>
<block><region><rect/></region>
<text>
<par>
<line>(H</line></par>
</text>
</block>





















<block blockType="Picture" blockName="" l="2205" t="874" r="2310" b="1081"><region><rect/></region>
</block>
</page>
</AC2>