<?xml version="1.0" encoding="UTF-8"?><AC2>
<page width="2479" height="3508" resolution="300">
<block><region><rect/></region>
<text>
<par>
<line>REPUBLIQUE FRANÇAISE</line></par>
</text>
</block>
<block><region><rect/></region>
<text>
<par>
<line>MINISTERE DE L’AMENAGEMENT DU TERRITOIRE</line>
<line>ET DE L’ENVIRONNEMENT</line>
<line>Direction de la Nature et des Paysages</line></par>
</text>
</block>
<block><region><rect/></region>
<text>
<par>
<line>Arrêté du 28 décembre 2000</line></par>
<par>
<line>portant inscription parmi les sites du département de la Guyane</line>
<line>DES ILETS DE REMIRE,</line>
<line>sur le territoire de la commune de Çayenne</line></par>
</text>
</block>
<block><region><rect/></region>
<text>
<par>
<line>La ministre de l’aménagement du territoire et de l’environnement,</line></par>
<par>
<line>Vu le code de l’environnement, notamment ses articles L. 341-1 et suivants,</line></par>
<par>
<line>Vu le décret n° 69-607 du 13 juin 1969 portant application des articles 4 et 5-1 de la loi modifiée du 2</line>
<line>mai 1930 sur la protection des sites,</line></par>
<par>
<line>Vu l’avis émis le 9 novembre 1994 par le conseil municipal de Cayenne,</line></par>
<par>
<line>Vu l’avis de la commission départementale des sites, perspectives et paysages, consultée le 9 janvier</line>
<line>1997,</line></par>
<par>
<line>Considérant qu’en raison du caractère historique et pittoresque des Ilets de Rémire, la préservation de</line>
<line>ce site présente un intérêt général au sens de l’article L. 341-1 susvisé,</line></par>
</text>
</block>
<block><region><rect/></region>
<text>
<par>
<line>ARRÊTE :</line></par>
<par>
<line>Article 1er - Est inscrit parmi les sites du département de la Guyane l’ensemble insulaire constitué par</line>
<line>les six Ilets de Rémire, dénommés Les Deux Mamelles, Le Père, La Mère, Le Malingre et L’Enfant-</line>
<line>Perdu, situés sur le territoire de la commune de Cayenne et délimités conformément à la carte au 1/25</line>
<line>000ème annexée au présent arrêté.</line></par>
<par>
<line>Article 2 - Le présent arrêté sera notifié au préfet du département de la Guyane ainsi qu’au maire de la</line>
<line>commune de Cayenne, qui seront responsables, chacun en ce qui le concerne, de son exécution.</line></par>
<par>
<line>Fait à Paris, le 28 décembre 2000</line></par>
<par>
<line>Pour la Ministre et par délégation</line>
<line>La Directrice de la Nature et des Paysages</line></par>
<par>
<line>CHRISTIANE BARRET</line></par>
</text>
</block>
<block><region><rect/></region>
<text>
<par>
<line>DIREN Guyane - 21/11/01</line></par>
</text>
</block>


</page>
</AC2>