<?xml version="1.0" encoding="UTF-8"?><AC2>
<page width="2480" height="3508" resolution="300">
<block><region><rect/></region>
<text>
<par>
<line>21 décembre 2011</line></par>
</text>
</block>
<block><region><rect/></region>
<text>
<par>
<line>JOURNAL OFFICIEL DE LA REPUBLIQUE FRANÇAISE</line></par>
</text>
</block>
<block><region><rect/></region>
<text>
<par>
<line>Texte 10 sur 152</line></par>
</text>
</block>
<block><region><rect/></region>
<text>
<par>
<line>Décrets, arrêtés, circulaires</line></par>
<par>
<line>TEXTES généraux</line></par>
<par>
<line>MINISTÈRE DE L'ÉCOLOGIE, DU DÉVELOPPEMENT DURABLE,</line>
<line>DES TRANSPORTS ET DU LOGEMENT</line></par>
<par>
<line>Arrêté du 15 décembre 2011</line>
<line>portant classement d'un site</line></par>
<par>
<line>NOR : DEVL1121227A</line></par>
</text>
</block>
<block><region><rect/></region>
<text>
<par>
<line>Par arrêté de la ministre de l’écologie, du développement durable, des transports et du logement en date du</line>
<line>15 décembre 2011, est classé parmi les sites du département de la Guyane sur le territoire de la commune de</line>
<line>Papaïchton l’ensemble formé par les Abattis et la montagne Cottica (1).</line></par>
</text>
</block>
<block><region><rect/></region>
<text>
<par>
<line>(1) Le présent arrêté et la carte au 1/50 000 peuvent être consultés à la préfecture de Guyane, rue Fiedmond, BP 7008,</line>
<line>97307 Cayenne Cedex, et à la mairie de Papaïchton, Le Bourg, place du Fromager, 97316 Papaïchton.</line></par>
</text>
</block>


</page>
</AC2>