<?xml version="1.0" encoding="UTF-8"?><AC2>
<page width="2480" height="3507" resolution="300">
<block><region><rect/></region>
<text>
<par>
<line>République Française</line></par>
</text>
</block>
<block><region><rect/></region>
<text>
<par>
<line>SECRETARIAT D'ETAT A LA CULTURE ARRETE.</line></par>
<par>
<line>Direction de l'Architecture</line></par>
</text>
</block>
<block><region><rect/></region>
<text>
<par>
<line>Le Secrétaire d'Etat à l.a Culture</line></par>
</text>
</block>
<block><region><rect/></region>
<text>
<par>
<line>VU la loi du 2 mai 1930 réorganisant la protection des monuments</line>
<line>naturels et des sites de caractère artistique, historique,</line>
<line>scientifique, légendaire ou pittoresque, modifiée par la loi</line>
<line>n" 67O1174 du 28 décanbrfe 1967 ;</line></par>
<par>
<line>VU le décret n** 59o607 du 13 juin 1969 portant application des</line>
<line>articles 4 et 5=1 de la loi du 2 mai 1930 sur la protection</line>
<line>des sites ;</line></par>
<par>
<line>VU la loi du 12 avril 1943 portant réglementation de là publicité</line>
<line>et des enseignes et notamment les articles 5 et 9</line></par>
<par>
<line>VU le décret du 9 février 1968 portant application du décret du</line>
<line>7 février 1959 modifié relatif au camping, et notamment les</line>
<line>articles 2 et 6 ;</line></par>
<par>
<line>VU le décret n“ 72=37 du 11 janvier 1972 relatif au stationnemeiit</line>
<line>des caravanes et notamment.les articles 3, 7, 9 et 10 ;</line></par>
<par>
<line>VU le décret n" 70=288 du 31 mars 1970 relatif à la composition</line>
<line>et au fonctionnement des commissions départementales et supé¬</line>
<line>rieures des sites ;</line></par>
<par>
<line>VU l'avis donné le 5 juin 1974 par le conseil municipal de</line>
<line>SAINT lALO. ; .</line></par>
<par>
<line>VU la délibération du 14 juin 1974 de la commission des sites,</line>
<line>perspectives et paysages du département d'ILLE ET VILAINE ;</line></par>
<par>
<line>ARRÊTE ;</line></par>
<par>
<line>Article 1er - Est inscrit sur l"invenfeàire des sites pittoresques</line>
<line>du departement de l'ILLE ET VILAII^E l'ensemble forme sur la commune</line>
<line>de SAINT MALO par le front de tler de Paramé entre le Sillon et la</line>
<line>pointe de la Varde et délimité comme suit dans le sens des aiguilles</line>
<line>d'une montre :</line></par>
<par>
<line>Vers le Sud depuis la rue de 1'Abbaye</line></par>
<par>
<line>- la côte</line></par>
<par>
<line>- le sillon</line></par>
<par>
<line>- la chaussée du Sillon</line></par>
<par>
<line>- l'Avenue Pasteur</line></par>
</text>
</block>
<block><region><rect/></region>
<text>
<par>
<line>« »</line></par>
</text>
</block>

</page>
<page width="2524" height="3538" resolution="300">
<block><region><rect/></region>
<text>
<par>
<line>2</line></par>
</text>
</block>
<block><region><rect/></region>
<text>
<par>
<line>- le boulevard Hebert</line></par>
<par>
<line>- la rue des Bains</line></par>
<par>
<line>- le Boulevard Chateaubriand ■*</line></par>
<par>
<line>- la traversée du boulevard de Rochebanne (place A» Briand)</line></par>
<par>
<line>- l’Avëftüé John Ketinedy</line></par>
<par>
<line>- la rue de la Grève</line>
<line>-la rue des Minihic</line></par>
<par>
<line>- la rue deë Artilleurs</line></par>
<par>
<line>- la rue de la torigue Raie , . -</line></par>
<par>
<line>- la limite- de.^ sections L et. M</line></par>
<par>
<line>- la limite Norâ des parcelles 176, 36, 33 section L</line></par>
<par>
<line>- la travejsée, de la i^uÇ; 4®s Novices</line></par>
<par>
<line>- la limite Nord des parcetiès à3, 22, 20, 19 section'L •’</line></par>
<par>
<line>- la limite Ouest 4^., la: parcèlle ri* 19</line></par>
<par>
<line>- la traversée de la rue des petits ports</line></par>
<par>
<line>- la rvie de ïa ïour du Bonheur ,</line></par>
<par>
<line>- la limite Ouest de la pa.rcelle 169- section L</line></par>
<par>
<line>- la rue de l'Abbaÿé jusqu'à la c&amp;te (point de'déparlD»</line></par>
<par>
<line>Article 2 - le présent arrêté sera ^otifié au Préfat du département</line>
<line>de l'ILLE ET Vilaine et au Mnire dé la coninuné ' de SAlWT cpii</line>
<line>seront responsables, chacun en ce qui le concerne de son exé'èutionb</line></par>
</text>
</block>
<block><region><rect/></region>
<text>
<par>
<line>Pour ampliation</line></par>
</text>
</block>
<block><region><rect/></region>
<text>
<par>
<line>L',^îmini8trateur Civil</line>
<line>chargé du Bureau des Sites</line></par>
<par>
<line>QfCypé</line></par>
<par>
<line>Signé {Gilbert SIMON /</line></par>
</text>
</block>
<block><region><rect/></region>
<text>
<par>
<line>, Fait à PARIS, le 1 Août 1975</line></par>
</text>
</block>
<block><region><rect/></region>
<text>
<par>
<line>■ïv.;-</line></par>
</text>
</block>
<block><region><rect/></region>
<text>
<par>
<line>Ç'Ç'ui'-</line></par>
</text>
</block>
<block><region><rect/></region>
<text>
<par>
<line>eÜY,</line></par>
</text>
</block>
<block><region><rect/></region>
<text>
<par>
<line>.-"&gt;•1’ ■ i. U -</line></par>
</text>
</block>




</page>
</AC2>