<?xml version="1.0" encoding="UTF-8"?><AC2>
<page width="2508" height="3527" resolution="300">
<block><region><rect/></region>
<text orientation="RotatedCounterclockwise">
<par>
<line>119-93-1000. [00612]</line></par>
</text>
</block>
<block><region><rect/></region>
<text>
<par>
<line>MmiSTiwE</line></par>
<par>
<line>L'INSTRUCTION PUBLIQUE,</line>
<line>ET DES BEAIjX-ARTS.</line></par>
</text>
</block>
<block><region><rect/></region>
<text>
<par/>
</text>
</block>
<block><region><rect/></region>
<text>
<par>
<line>SOÜS-SECBETABIAT D’ETAT</line>
<line>DES BEAUX-ARTS.</line></par>
<par>
<line>isî^etpiccd t) rtïoêiAcctiMte.</line></par>
</text>
</block>
<block><region><rect/></region>
<text>
<par>
<line>RÉPUBLIQUE FRANÇAISE.</line></par>
</text>
</block>
<block><region><rect/></region>
<text>
<par>
<line>oADtx^tcj.</line></par>
</text>
</block>
<block><region><rect/></region>
<text>
<par>
<line>MONUMENTS HISTORIQUES.</line></par>
</text>
</block>
<block><region><rect/></region>
<text>
<par>
<line>e/ &lt;s4/ (Seaikv-f,y^?rù,</line></par>
</text>
</block>
<block><region><rect/></region>
<text>
<par>
<line>Sites et Monuments naturels.</line></par>
</text>
</block>
<block><region><rect/></region>
<text>
<par>
<line>^fût' e/cù a,-/ cûv^/^ O 6^ crfy^nùfiz^î/' âi ^^o/ecéw^</line>
<line>r/eà ^âej -■ntommî^iùs Tiaécire^ c/e carcioé&amp;re c^üfàyue/</line></par>
<par>
<line>icmù mnù^cz/r /z c/^ciz^â&amp;menài/e c/eà</line></par>
<par>
<line>e/' 7?t(mccmenfy zuiàcre/f c/o'/^d Jifecmce c/cc //</line></par>
</text>
</block>
<block><region><rect/></region>
<text>
<par/>
</text>
</block>
<block><region><rect/><rect/><rect/></region>
<text>
<par>
<line>^'^1/ en -c/cfée c/c.ci</line></par>
<par>
<line>A.</line></par>
<par>
<line>eS^ffi»" /i ^f^ozu^n/ c/ù ^oiùf-^ecz'eAcum (/Sta/ c/j</line>
<line>{^eacccv-f^'?^^</line></par>
<par>
<line>oADt/ceiiL^ :</line></par>
<par>
<line>f^y^Ÿ^àc^^ire'TTU&amp;r.</line></par>
</text>
</block>
<block blockType="Table" blockName="" l="672" t="2583" r="2224" b="3007"><region><rect/></region>
<row>
<cell leftBorder="White" topBorder="White" rightBorder="White" width="305" height="130">
<text>
<par/>
</text></cell>
<cell leftBorder="White" topBorder="White" rightBorder="White" width="573" height="130">
<text>
<par>
<line>_ÙA!iAi&lt;k9cXT.A.....U.</line></par>
</text></cell>
<cell leftBorder="White" topBorder="White" rightBorder="White" width="674" height="130">
<text>
<par/>
</text></cell></row>
<row>
<cell leftBorder="White" rightBorder="White" width="305" height="93">
<text>
<par>
<line>/</line></par>
</text></cell>
<cell leftBorder="White" rightBorder="White" width="573" height="93">
<text>
<par>
<line>\</line></par>
</text></cell>
<cell leftBorder="White" rightBorder="White" width="674" height="93">
<text>
<par/>
</text></cell></row>
<row>
<cell colSpan="3" leftBorder="White" rightBorder="White" width="1552" height="97">
<text>
<par>
<line>- - --p..--</line></par>
</text></cell></row>
<row>
<cell colSpan="3" leftBorder="White" rightBorder="White" width="1552" height="104">
<text>
<par/>
</text></cell></row>
</block>
<block><region><rect/></region>
<text>
<par>
<line>e-.</line></par>
</text>
</block>
<block><region><rect/></region>
<text>
<par>
<line>A/</line></par>
</text>
</block>
<block><region><rect/></region>
<text>
<par/>
</text>
</block>
<block><region><rect/></region>
<text>
<par>
<line>ziÿej e/ o?w-?iKm£nù</line></par>
</text>
</block>
<block><region><rect/></region>
<text>
<par>
<line>'nzzàû?'e/^ ca-'TAicim’e</line></par>
</text>
</block>


























</page>
<page width="2522" height="3536" resolution="300">
<block><region><rect/></region>
<text>
<par/>
</text>
</block>
<block><region><rect/></region>
<text>
<par>
<line>2.</line></par>
</text>
</block>
<block><region><rect/></region>
<text>
<par>
<line>A /</line></par>
<par>
<line>arrête ^f-era</line></par>
</text>
</block>
<block><region><rect/></region>
<text>
<par>
<line>, . ,, y*</line></par>
<par>
<line>eue (zeAarteTneai/ dtL</line></par>
</text>
</block>
<block><region><rect/></region>
<text>
<par>
<line>‘^tmbâz. 9ddïu^du,tC/</line></par>
<par>
<line>Tlût^ 0/10</line></par>
</text>
</block>
<block><region><rect/></region>
<text>
<par>
<line>e/...</line></par>
</text>
</block>
<block><region><rect/></region>
<text>
<par/>
</text>
</block>
<block><region><rect/></region>
<text>
<par>
<line>a</line></par>
</text>
</block>
<block><region><rect/></region>
<text>
<par>
<line>â^û-o^....</line></par>
</text>
</block>
<block><region><rect/></region>
<text>
<par/>
</text>
</block>
<block><region><rect/></region>
<text>
<par>
<line>-O</line></par>
</text>
</block>
<block><region><rect/></region>
<text>
<par/>
</text>
</block>
<block><region><rect/></region>
<text>
<par/>
</text>
</block>
<block><region><rect/></region>
<text>
<par/>
</text>
</block>
<block><region><rect/></region>
<text>
<par/>
</text>
</block>
<block><region><rect/></region>
<text>
<par>
<line>é/^eran/ re^a)^fUo,é^, cdacuro en ce ^</line></par>
</text>
</block>
<block><region><rect/></region>
<text>
<par>
<line>d c/e</line></par>
</text>
</block>
<block><region><rect/></region>
<text>
<par>
<line>./</line></par>
</text>
</block>
<block><region><rect/><rect/><rect/></region>
<text>
<par>
<line>concerne^ ae azecatom.</line></par>
</text>
</block>
<block><region><rect/></region>
<text>
<par>
<line>f</line></par>
</text>
</block>
<block><region><rect/></region>
<text>
<par>
<line>^.&lt;2/...</line></par>
</text>
</block>
















</page>
</AC2>