<?xml version="1.0" encoding="UTF-8"?><AC2>
<page width="1702" height="2372" resolution="200">
<block><region><rect/></region>
<text>
<par>
<line>JBP./LR</line></par>
</text>
</block>
<block><region><rect/></region>
<text>
<par>
<line>REPUBLIQUE FP/.NÇAISE</line></par>
</text>
</block>
<block><region><rect/></region>
<text>
<par>
<line>SECRETARIAT D»ETaT A LA CULTURE</line></par>
</text>
</block>
<block><region><rect/></region>
<text>
<par>
<line>Direction de l'Architecture</line></par>
</text>
</block>
<block><region><rect/></region>
<text>
<par>
<line>/.PRETE</line></par>
</text>
</block>
<block><region><rect/></region>
<text>
<par>
<line>Le Secrétaire d’Etat à la Culture</line></par>
</text>
</block>
<block><region><rect/></region>
<text>
<par>
<line>VU la- loi du 2 mai 1930 réorganisant la protection des</line></par>
<par>
<line>monuments naturels et des sites de caractère artistiques</line>
<line>historique, scientifique, légendaire ou pittoresque,</line>
<line>modifiée- par la loi n° 67-117^ du 28 décembre I967 î</line></par>
<par>
<line>VU'le décret n? 69-60? du 13 juin 19^9 portant application</line>
<line>des articles 4 et 5*1 de la loi du 2 mai 193L sur la</line>
<line>' protection des sites ;</line></par>
<par>
<line>VU la loi du 12 avril 19^3 portant réglementation de la</line>
<line>publicité et des enseignes et notamment les articles</line></par>
<par>
<line>5 et 9 î</line></par>
<par>
<line>VU le décret du 9 février I968 portant application du</line>
<line>décret du 7 février 1959 modifié relatif au camping</line>
<line>et notamment les articles 2 et 6 ; • , ,</line></par>
<par>
<line>VU le décret n*^ 72*37 du 11 janvier 1972 relatif au..</line></par>
<par>
<line>stationnement des caravanes et notamment''les ‘articles</line>
<line>3, 7; 9 et 10 î</line></par>
<par>
<line>VU le décret n° 70-288 du 3I mars 1970 relatif à la</line>
<line>composition et au fonctionnement des commissions</line>
<line>départementales et supérieures des sites ;</line></par>
<par>
<line>VU l'avis donné .le 12 décembre 197^ par le conseil municipal</line>
<line>de CHISS/iY EN TOUR^/INE ;</line></par>
<par>
<line>/</line></par>
<par>
<line>VU la délibération du 12 février 1975 de la commission des</line>
<line>sites perspectives et paysages du département de</line>
<line>LOIR ET CHER ;</line></par>
<par>
<line>A</line></par>
<par>
<line>ARRETE:</line></par>
<par>
<line>ARTICLE 1er -Est inscrit' sur l'inventaire des sites pittoresque</line>
<line>du département de LOIR ET CHER l'ensemble formé sur la commune</line>
<line>de CHISS/.Y EN T0UR..INE par l'allée dite "Allée des Platanes"</line>
<line>et comprenant les parcelles N°s 1220 et 1433 (section B 7ème</line>
<line>feuille) •</line></par>
</text>
</block>









</page>
<page width="1718" height="2383" resolution="200">
<block><region><rect/></region>
<text>
<par>
<line>2</line></par>
</text>
</block>
<block><region><rect/></region>
<text>
<par/>
</text>
</block>
<block><region><rect/></region>
<text>
<par>
<line>ARTICLE 2 - Le préseht arrêté sera notifié au Préfet du •• . ..</line>
<line>département de LOIR ET CHER au maire de la commune de^ CHISS.iY,</line>
<line>EN TOUR.&lt;lINE qui seronV responsables, chacun en ce qui le</line>
<line>concerne de son exécution et au propriétaire intéressé.</line></par>
</text>
</block>
<block><region><rect/></region>
<text>
<par>
<line>Fait à PARIS, le 10 novembre 1975</line></par>
</text>
</block>
<block><region><rect/></region>
<text>
<par>
<line>Pour le Secrétaire d'Etat et par</line>
<line>délégation</line></par>
<par>
<line>Pour le Directeur de IIArchitecture</line>
<line>Le Directeur Adjoint</line></par>
</text>
</block>
<block><region><rect/></region>
<text>
<par>
<line>Signé ; Raymond BOCQUET</line></par>
</text>
</block>
<block><region><rect/></region>
<text>
<par>
<line>)ur ampliation-</line></par>
<par>
<line>\dministrateur Civil chargé</line>
<line>des Sites</line></par>
<par>
<line>f</line></par>
<par>
<line>/ .-''V .</line></par>
<par>
<line>i ' ' . A A.-</line></par>
<par>
<line>I ' ' ■</line></par>
<par>
<line>• ; x' f •</line></par>
<par>
<line>Ib'èrt SIMON.</line></par>
</text>
</block>
<block><region><rect/></region>
<text>
<par/>
</text>
</block>






</page>
</AC2>