<?xml version="1.0" encoding="UTF-8"?><AC2>
<page width="2496" height="3504" resolution="300">
<block><region><rect/></region>
<text>
<par/>
</text>
</block>
<block><region><rect/></region>
<text>
<par>
<line>REPUBLIQUE FRANÇAISE</line></par>
</text>
</block>
<block><region><rect/></region>
<text>
<par>
<line>TH/j</line></par>
</text>
</block>
<block><region><rect/></region>
<text>
<par>
<line>MINISTERE DE LA QUALITE DE LA VIE</line></par>
<par>
<line>Mission de l'Environnement Rural et</line>
<line>Urbain</line></par>
</text>
</block>
<block><region><rect/></region>
<text>
<par>
<line>itL ^</line></par>
</text>
</block>
<block><region><rect/></region>
<text>
<par>
<line>i</line></par>
</text>
</block>
<block><region><rect/></region>
<text>
<par>
<line>DECRET</line></par>
</text>
</block>
<block><region><rect/></region>
<text>
<par>
<line>portant classement parmi les sites pittoresques le site du Roc de Chère</line></par>
<par>
<line>sur les communes de Menthon-Saint Bernard et de Talloires (Haute-Savoie).</line></par>
<par>
<line>LE PREMIER MINISTRE,</line></par>
<par>
<line>SUR le rapport du Ministre de la Qualité de la Vie,</line></par>
<par>
<line>VU la loi du 2 mai 1930 réorganisant la protection des monuments naturels</line></par>
<par>
<line>et des sites de caractère artistique, historique, scientifique, légendaire</line>
<line>ou pittoresque, modifiée par la loi n° 67.1174 du 28 décembre 1967, ensemble</line>
<line>le décret n° 69.607 du 13 juin 1969 pris pour son application ;</line></par>
<par>
<line>VU les résultats de l'enquête, notamment le refus de certains propriétaires</line>
<line>. de consentir au classement ou lexir absence de consentement ;</line></par>
<par>
<line>VU l'arrêté ministériel en date du 2 décembre. 1944 inscrivant à l'inventaire</line>
<line>des sites pittoresques du département de la Haute-Savoie une partie du</line>
<line>Roc de Chère ;</line></par>
<par>
<line>VU l'avis émis par la Commission départementale des sites le 5 février 1975 ;</line></par>
<par>
<line>VU l'avis émis par la Commission supérieure des sites le 16 juillet 1975 ;</line></par>
<par>
<line>Le Conseil d'Etat (Section des travaiix publics) entendu.</line></par>
</text>
</block>
<block><region><rect/></region>
<text>
<par>
<line>DEC RE T E :</line></par>
</text>
</block>
<block><region><rect/></region>
<text>
<par>
<line>Article 1er : est classé parmi les sites pittoresquœ du département de la Haute-</line>
<line>Savoie, le site du Roc de Chère, sur les communes de Talloires et Menthon-</line>
<line>Saint Bernard, délimité tel qu'il figure sur le plan cadastral au 1/2000°</line>
<line>ci-joint et comprenant les parcelles suivantes :</line></par>
<par>
<line>Sur la commune de Talloires : • |</line></par>
</text>
</block>
<block><region><rect/></region>
<text>
<par>
<line>Section A - parcelles n° 1 à 82, 107 à 109, 112, 114 à 139, 142 à 144,</line></par>
<par>
<line>147 - 148, 151-152, 155-156, 159-160, 165p, 166p,</line>
<line>168p à 172p, 174p, 176p-177p, 213p-214p, 217 à 225p,</line>
<line>235 à 239, 241 à 274, 275, 276, 277 à 283, 284,</line></par>
<par>
<line>285, 286p, 288p, 289p, 290p, 291, 292, 293, 297 à</line>
<line>346, 365 à 368, 752-753, 760 et 761 ;</line></par>
<par>
<line>Section AB - parcelles n° 1 à 37, 41 à 45, 46, 47, 59 à 66, 71, 286, 287p,</line></par>
<par>
<line>30lp, 302p, 303p, 304p, 305, 306, 307, 308 à 314,</line>
<line>315 à 328, 329 à 333, 334 à 346 ;</line></par>
</text>
</block>











</page>
<page width="2512" height="3516" resolution="300">
<block><region><rect/></region>
<text>
<par>
<line>r 2 -</line></par>
</text>
</block>
<block><region><rect/></region>
<text>
<par>
<line>Section AE - parcelles n° Ip à 3p, A à 6, 8 à 14, 15 ab, 16 à 36, 38 à 45, j</line></par>
<par>
<line>66, 68, 71 à 84, 102-104, 107-108, 111 à 166, ;</line></par>
<par>
<line>169 à 174, 214p, 225p. !</line></par>
</text>
</block>
<block><region><rect/></region>
<text>
<par>
<line>Sur la commune de Menthon-Saint-Bernard :</line></par>
<par>
<line>Section AE - parcelles n° 193-194, 214, 395, 397, 399.</line></par>
<par>
<line>Section AH - parcelles n° 90 à lOl, 103-104, 109 à 124, 126; 131 à 138,</line></par>
<par>
<line>140 à 142, 219 à .225, 278 à 282.</line></par>
</text>
</block>
<block><region><rect/></region>
<text>
<par>
<line>Article 2 : •.</line></par>
<par>
<line>.Le présent décret sera notifié au Préfet du département de la</line>
<line>•Haute-Savoie, aux maires dœ communes de Talloires et Menthon-Saint Bernanl</line>
<line>ainsi qu'à tous les propriétaires intéressés.</line></par>
</text>
</block>
<block><region><rect/></region>
<text>
<par>
<line>' Article 3 :</line></par>
</text>
</block>
<block><region><rect/></region>
<text>
<par>
<line>Le Ministre de la Qualité de la Vie est chargé en ce qui le</line>
<line>concerne, de l'éxécution du présent décret, qui sera publié au Journal</line>
<line>Officiel de la République Française.</line></par>
</text>
</block>
<block><region><rect/></region>
<text>
<par>
<line>Fait à Paris, -le ■ ^ S OCT. 197S-</line></par>
</text>
</block>
<block><region><rect/></region>
<text>
<par>
<line>f'^nyrnond BARRE</line></par>
<par>
<line>Par le Premier Ministre</line></par>
</text>
</block>
<block><region><rect/></region>
<text>
<par>
<line>Le Ministre de la Qualité de la Vie</line></par>
</text>
</block>
<block><region><rect/></region>
<text>
<par>
<line>V. ANSQUER-</line></par>
<par>
<line>Pour ampliation,</line>
<line>le Directeur de la Mission</line>
<line>de l'Environnement Rural et</line>
<line>Urbain</line></par>
</text>
</block>
<block><region><rect/></region>
<text>
<par>
<line>y</line></par>
</text>
</block>
<block><region><rect/></region>
<text>
<par>
<line>J.Ph.</line></par>
</text>
</block>
<block><region><rect/></region>
<text>
<par>
<line>UHENAUD</line></par>
</text>
</block>














</page>
</AC2>