<?xml version="1.0" encoding="UTF-8"?><AC2>
<page width="2493" height="3515" resolution="300">
<block><region><rect/><rect/><rect/></region>
<text>
<par>
<line>AM£ZlA3}im</line></par>
<par>
<line>À 4</line></par>
</text>
</block>
<block><region><rect/></region>
<text>
<par/>
</text>
</block>
<block><region><rect/><rect/></region>
<text>
<par>
<line>y/#-</line></par>
<par>
<line>^ . —i-</line></par>
</text>
</block>
<block><region><rect/><rect/><rect/></region>
<text>
<par/>
</text>
</block>
<block><region><rect/></region>
<text>
<par>
<line>^lj..r4.'tÆfi^ü&gt;rt. ^î/^Âc/tAcÙtà*"' ■</line></par>
<par>
<line>ait*»</line></par>
</text>
</block>
<block><region><rect/><rect/><rect/><rect/><rect/></region>
<text>
<par/>
</text>
</block>
<block><region><rect/><rect/><rect/></region>
<text>
<par>
<line>&lt;7‘</line></par>
<par>
<line>'•/ ^</line></par>
</text>
</block>
<block><region><rect/></region>
<text>
<par>
<line>li^ ^/jr f^jSSadfëuAn^oi^ GîS^S</line></par>
</text>
</block>
<block><region><rect/></region>
<text>
<par>
<line>k S SB fl</line></par>
</text>
</block>
<block><region><rect/></region>
<text>
<par>
<line>!• Sveritaln d*stài &amp; I*Bàxt«e.tlea IfatijSasæCbt^</line></par>
</text>
</block>
<block><region><rect/></region>
<text>
<par/>
</text>
</block>
<block><region><rect/><rect/><rect/><rect/><rect/><rect/><rect/></region>
<text>
<par>
<line>4 Va 1» jUd Sa S Mi i$96 x^onoksçUtti^ls la j</line>
<line>wcttHMMttM MVftWlif dt Si» aitM 4d «axiMtti**' ^</line></par>
<par>
<line>coâMitltiqcwi* Id^sadaiza oa pittMàim «I-</line></par>
<par>
<line>Va |:^Mrt« é«to w X» OwiriMlon il» «ItM frjtettfllMot</line>
<line>iios^b^^ AaM «a Miaaü A« X(iS</line></par>
</text>
</block>
<block><region><rect/></region>
<text>
<par>
<line>I*</line></par>
</text>
</block>
<block><region><rect/><rect/></region>
<text>
<par>
<line>*âr Sa</line></par>
<par>
<line>Aa Siaia iM</line></par>
</text>
</block>
<block><region><rect/><rect/><rect/><rect/><rect/><rect/><rect/><rect/><rect/><rect/><rect/><rect/><rect/><rect/></region>
<text>
<par>
<line>et</line></par>
<par>
<line>Va l*atdtt dot* ÿnr Xk Seaticn ^TMasilt» ê&gt; la griiiiiirtjwriip</line>
<line>eu^rletira déa *if«s dans M aiosao da ÿalSXet '</line></par>
<par>
<line>AfiABSESi. I •</line></par>
<par>
<line>'ifonitf %</line></par>
<par>
<line>_ là aeiÉÉSMi dé îé-'Eéliài—</line></par>
<par>
<line>^Laeie d# là éitaiaXXé ést iosogrït «1</line>
<line>pittMéé^GtM' da n^tdhaié* • '.</line></par>
<par>
<line>lîmymiiBé tMs - iééia*$i-XM&gt;&gt; d Xô^ d 2}. ^tda èar</line>
<line>■ilitajUi» l^adéiaiatr»^ de» dOMiaM' |toa» wililwüHi*^ '</line></par>
<par>
<line>déeiiéa à l*expli«»iéa de l»a»a1.e«n» éa»&gt;aag»‘ Vat^âi du diülf</line></par>
<par>
<line>dé aMaééam de- Viioiaa»»»* dm Asàc tcemiç» éM'</line></par>
<par>
<line>.X*iâtdcieaie de x» »éoHe» sa ^ »w «araMté» m*iii|-ÿM -1</line>
<line>an jparéiUéoy .jper le» boano»» »iU;itaif^</line>
<line>ehaM dé Mfeaéeôirei i8*2&lt;} à £5 :^tiar la</line></par>
<par>
<line>SSôSXpIt JH para^ICB eadacrtanOM ü^b S* 4*. 5&gt;«</line></par>
<par>
<line>Sestloà Au ïMv là ssqetié aisél ddUMltéf i ^</line></par>
<par>
<line>* aa ééd '^per les pévMUé» oadéétmé» 1* ti«i4*</line></par>
<par>
<line>* 4 par- 2». .réâé» 4» SaM» ■ - * . ï' ' •'</line></par>
<par>
<line>aa »é&gt;d po» l»é »«sé»» «Slitaiaré» I&gt; ét 14 tat/lfiiJâmnt</line>
<line>doit dtéé ÿroiegmd Mg^^aa «alïlant àk. là délit?4T»d &amp; là</line>
<line>^tddélX»</line></par>
<par>
<line>' » à l^oàÉat par‘la lütéâcdtlé.</line></par>
<par>
<line>Æim* l»‘as. |i«^;</line></par>
<par>
<line>'' -y ■ ■ . .. 4- OOSBS^..</line></par>
</text>
</block>
<block><region><rect/></region>
<text>
<par/>
</text>
</block>



















</page>
</AC2>