<?xml version="1.0" encoding="UTF-8"?><AC2>
<page width="2519" height="3535" resolution="300">
<block><region><rect/></region>
<text>
<par>
<line>REPUBLIQUE FRANÇAISE</line></par>
</text>
</block>
<block><region><rect/></region>
<text>
<par>
<line>MINISTERE DE LA PROTECTION DE LA</line>
<line>NATURE ET DE L'ENVIRONNEMENT</line></par>
</text>
</block>
<block><region><rect/></region>
<text>
<par>
<line>DECRET</line></par>
</text>
</block>
<block><region><rect/></region>
<text>
<par>
<line>Le premier Ministre,</line></par>
<par>
<line>SUR le rapport du Ministre Délégué auprès du Premier Ministre,</line></par>
<par>
<line>chargé de la Protection de la Nature et de l'Environnement ;</line></par>
<par>
<line>VU la loi du 2 mai 1930 réorganisant la protection des monuments</line>
<line>naturels et des Sites de caractère artistique, historique,</line>
<line>scientifique, légendaire ou pittoresque modifiée par la loi</line>
<line>n° 67-117^ du 28 décembre I967 et notamment Jes articles 5“l//et 8</line></par>
<par>
<line>VU le décret n° 69-607 du I3 juin I969 portant application de l'ar¬</line>
<line>ticle 5-1 de la loi modifiée du 2 mai 1930 sur la protection des</line>
<line>sites ;</line></par>
<par>
<line>VU la loi du 12 avril 19^3 portant réglementation de la publicité et</line>
<line>des enseignes et notamment les articles 5 et 9 ;</line></par>
<par>
<line>VU le décret n° 68-134 du 9 février I968 portant application du dé¬</line>
<line>cret n° 59-275 du 7 février 1959 modifié relatif au camping et</line>
<line>notamment les articles 2 et 6 ;</line></par>
<par>
<line>VU le décret n° 72-57 du 11 janvier 1972 relatif au stationnement des</line>
<line>caravanes ;</line></par>
<par>
<line>VU le décret n“ 71-94 du 2 février 1971 relatif aux attributions du</line>
<line>Ministre Délégué auprès du Premier Ministre chargé de la Protec¬</line>
<line>tion de la Nature et de l'Environnement ;</line></par>
<par>
<line>VU les conclusions de l'enquête effectuée en application de l'arti¬</line>
<line>cle 5-1 susvisé de la loi du 2 mai 1930 modifiée et des articles</line>
<line>4 et 5 du décret n° 69-607 du I3 juin I969, et notamment le refus</line>
<line>d'adhésion du propriétaire des 2 parcelles considérées ;</line></par>
<par>
<line>VU l'avis émis par la Commission Départementale des Sites, Perspecti¬</line>
<line>ves et Paysages du Finistère dans sa séance du I7 mars 1971 j</line></par>
<par>
<line>VU l'avis émis par la Commission Supérieure des Sites, Perspectives</line>
<line>et Paysages deins ses séances des I8 février 1970 et 5 mai 1971 j</line></par>
<par>
<line>VU l'arrêté du I5 novembre 1945 inscrivant sur l'Inventaire des Sites</line>
<line>l'anse de PENFOUL, communes de CLOHARS-FOUESNANT et de BENODET ;</line></par>
<par>
<line>Le Conseil d'Etat (section des Travaux Publics) entendu.</line></par>
</text>
</block>



</page>
<page width="2486" height="3511" resolution="300">
<block><region><rect/></region>
<text>
<par>
<line>DECRETE :</line></par>
</text>
</block>
<block><region><rect/></region>
<text>
<par>
<line>Article 1er - Sont classés parmi les sites pittoresque du département</line>
<line>du FINISTERE les parcelles suivantes de la section C</line>
<line>du cadastre de la commune de CLOHARS-FOUESNANT qui appartiennent à</line>
<line>M. de KERGOS demeurant au Manoir de Kergos par Benodet (Finistère) :</line></par>
<par>
<line>- parcelle n“ 597 (exo 381-)</line></par>
<par>
<line>- partie de la parcelle n° 593 (©x« 391) située à l’est du Chemin</line>
<line>forestier de Kergos à la pointe de BEG-VIR ;</line></par>
<par>
<line>telles qu’elles figurent en teinte rouge sur le plan cadastral au</line>
<line>l/2000e annexé au présent décret.</line></par>
<par>
<line>Article 2 - Le présent décret sera notifié au préfet du département</line></par>
<par>
<line>du Finistère, au maire de la commune de CLOHARS-FOUESNANT</line>
<line>ainsi qu'au propriétaire intéressé.</line></par>
<par>
<line>Article 3 - ü sera publié au Bureau des Hypothèques de la situation</line>
<line>du site classé dans les conditions prévues par l'article</line>
<line>10 de la loi susvisé du 2 mai 1930.</line></par>
<par>
<line>Article 4 - Le Ministre Délégué auprès du Premier Ministre chargé de</line>
<line>la Protection de la Nature et de l’Environnement est</line>
<line>chargé de l'exécution du présent décret qui sera publié au Journal</line>
<line>Officiel de la République Française.</line></par>
</text>
</block>
<block><region><rect/></region>
<text>
<par>
<line>Fait à PARIS, le 13 décembre</line></par>
<par>
<line>1972</line></par>
</text>
</block>
<block><region><rect/></region>
<text>
<par>
<line>Par le Premier Ministre,</line></par>
<par>
<line>Le Ministre Délégué auprès</line>
<line>Premier Ministre chargé de</line>
<line>Protection de la Nature et</line>
<line>1 * Environnement</line></par>
</text>
</block>
<block><region><rect/></region>
<text>
<par>
<line>Pierre MESMER</line></par>
<par>
<line>du</line></par>
<par>
<line>la</line></par>
<par>
<line>de</line></par>
</text>
</block>
<block><region><rect/></region>
<text>
<par>
<line>Robert POUJADE</line></par>
</text>
</block>
<block><region><rect/></region>
<text>
<par>
<line>"pour ampliation"</line></par>
<par>
<line>le Chef du Service de l’Environnement</line>
<line>Rural et Urbain</line></par>
</text>
</block>
<block><region><rect/></region>
<text>
<par>
<line>Ph. PRUVOST</line></par>
</text>
</block>




</page>
</AC2>