<?xml version="1.0" encoding="UTF-8"?><AC2>
<page width="2479" height="3508" resolution="300">
<block><region><rect/></region>
<text>
<par>
<line>CENTRE</line></par>
<par>
<line>LOIRET</line></par>
</text>
</block>
<block><region><rect/></region>
<text>
<par>
<line>KimâJfrLÉ FkfJtLulfc</line></par>
</text>
</block>
<block><region><rect/></region>
<text>
<par>
<line>MiMxrlvi' ]«: Li'i.xH.ociirL</line>
<line>üO iXVIIiWPfAtlIVT</line>
<line>ETDE L'AMËNMï04k&gt;:r</line>
<line>lll.CiUllRt</line></par>
</text>
</block>
<block><region><rect/></region>
<text>
<par>
<line>SITE CLASSE</line></par>
<par>
<line>au titre des articles L341. 1 à 22</line>
<line>du code de l'environnement</line></par>
</text>
</block>
<block><region><rect/></region>
<text>
<par>
<line>Dénomination du site : La Butte des Druides</line>
<line>Date de l'arrêté : 13 novembre 1942</line></par>
<par>
<line>Situation :</line></par>
<par>
<line>Commune : Lion-en-Sullias.</line></par>
<par>
<line>Superficie : 0,6 ha</line></par>
<par>
<line>Propriété : privée.</line></par>
<par>
<line>Monument Historique à l'intérieur du site : non.</line></par>
<par>
<line>Caractérisation du Site :</line></par>
<par>
<line>Caractère et intérêt paysager :</line></par>
<par>
<line>Cette "Butte des Druides" se situe près de la départementale 951 au sud-est du village de Lion-en-Sullias, et sur la rive gauche</line>
<line>de la Loire.</line></par>
<par>
<line>Cette butte artificielle "dite tumulus" est boisée de feuillus, elle est au coeur d'une parcelle cultivée. Le site se trouve sur une</line>
<line>"terrasse" au dessus de la plaine alluviale de la Loi re.</line></par>
<par>
<line>Ce tumulus présente un intérêt légendaire et archéologi que.</line></par>
<par>
<line>Occupation physique du sol :</line></par>
<par>
<line>Butte, arbres, champs cultivés.</line></par>
<par>
<line>Modifications, contraintes et pressions :</line></par>
<par>
<line>Environnement du site :</line></par>
<par>
<line>Plaine cultivée, zone pavillonnaire à 300m environ à l'ouest.</line></par>
<par>
<line>Sensibilité :</line></par>
<par>
<line>Site fragile, les abords méritent de rester naturels.</line></par>
</text>
</block>
<block><region><rect/></region>
<text>
<par>
<line>Date de réalisation : Juin 2007</line></par>
<par>
<line>DIREN CENTRE</line></par>
</text>
</block>
<block><region><rect/></region>
<text>
<par>
<line>5 Avenue Buffon - B.P.6407 - 45064 Orléans cedex 2 - Tél : 02 38 49 91 91 - Télécopie : 02 38 49 91 00</line>
<line>E-mail : diren@centre.ecologie.gouv.fr - Site internet: www.centre.ecologie.gouv.fr</line></par>
</text>
</block>


</page>
<page width="3958" height="5602" resolution="479">
<block><region><rect/></region>
<text>
<par>
<line>CENTRE</line></par>
<par>
<line>LOIRET</line></par>
<par>
<line>Nom</line></par>
</text>
</block>
<block><region><rect/></region>
<text>
<par>
<line>SITE CLASSE AU TITRE</line>
<line>DE LA LOI DU 2 MAI 1930</line></par>
<par>
<line>: Tumulus dit "Butte des Druides"</line></par>
</text>
</block>
<block><region><rect/></region>
<text>
<par>
<line>tl</line></par>
</text>
</block>
<block><region><rect/></region>
<text>
<par>
<line>Commune(s) concernée(s) : Lion-en-Sullias</line></par>
</text>
</block>
<block><region><rect/></region>
<text>
<par>
<line>Date de l'arrêté</line></par>
</text>
</block>
<block><region><rect/></region>
<text>
<par>
<line>: 13/11/1942</line></par>
</text>
</block>
<block><region><rect/></region>
<text>
<par>
<line>Surface : 0,6 ha</line></par>
</text>
</block>
<block blockType="Table" blockName="" l="378" t="898" r="1152" b="1824"><region><rect/></region>
<row>
<cell rightBorder="White" bottomBorder="White" width="276" height="402">
<text>
<par/>
</text></cell>
<cell leftBorder="White" rightBorder="White" bottomBorder="White" width="184" height="402">
<text>
<par>
<line>28 ^</line></par>
</text></cell>
<cell leftBorder="White" bottomBorder="White" width="314" height="402">
<text>
<par>
<line>45 (</line></par>
</text></cell></row>
<row>
<cell topBorder="White" rightBorder="White" bottomBorder="White" width="276" height="130">
<text>
<par/>
</text></cell>
<cell leftBorder="White" topBorder="White" rightBorder="White" bottomBorder="White" width="184" height="130">
<text>
<par>
<line>4lV</line></par>
</text></cell>
<cell leftBorder="White" topBorder="White" bottomBorder="White" width="314" height="130">
<text>
<par/>
</text></cell></row>
<row>
<cell topBorder="White" rightBorder="White" width="276" height="394">
<text>
<par>
<line>C 37</line></par>
</text></cell>
<cell leftBorder="White" topBorder="White" rightBorder="White" width="184" height="394">
<text>
<par>
<line>36</line></par>
</text></cell>
<cell leftBorder="White" topBorder="White" width="314" height="394">
<text>
<par>
<line>^18 \</line></par>
</text></cell></row>
</block>
<block><region><rect/></region>
<text>
<par/>
</text>
</block>
<block><region><rect/></region>
<text>
<par>
<line>Val</line></par>
</text>
</block>
<block><region><rect/></region>
<text>
<par/>
</text>
</block>
<block><region><rect/></region>
<text>
<par/>
</text>
</block>
<block><region><rect/></region>
<text>
<par/>
</text>
</block>
<block><region><rect/></region>
<text>
<par/>
</text>
</block>
<block><region><rect/></region>
<text>
<par>
<line>\</line></par>
</text>
</block>
<block><region><rect/></region>
<text>
<par/>
</text>
</block>
<block><region><rect/></region>
<text>
<par>
<line>/</line></par>
</text>
</block>
<block><region><rect/></region>
<text>
<par/>
</text>
</block>
<block><region><rect/></region>
<text>
<par/>
</text>
</block>
<block><region><rect/></region>
<text>
<par/>
</text>
</block>
<block><region><rect/></region>
<text>
<par>
<line>/</line></par>
</text>
</block>
<block><region><rect/></region>
<text>
<par/>
</text>
</block>
<block><region><rect/></region>
<text>
<par>
<line>V</line></par>
</text>
</block>
<block><region><rect/></region>
<text>
<par/>
</text>
</block>
<block><region><rect/></region>
<text>
<par/>
</text>
</block>
<block><region><rect/></region>
<text>
<par/>
</text>
</block>
<block><region><rect/></region>
<text>
<par/>
</text>
</block>
<block><region><rect/></region>
<text>
<par>
<line>y</line></par>
</text>
</block>
<block><region><rect/></region>
<text>
<par/>
</text>
</block>
<block><region><rect/></region>
<text>
<par>
<line>t</line></par>
</text>
</block>
<block><region><rect/></region>
<text>
<par/>
</text>
</block>
<block><region><rect/></region>
<text>
<par/>
</text>
</block>
<block><region><rect/></region>
<text>
<par>
<line>/</line></par>
</text>
</block>
<block><region><rect/></region>
<text>
<par>
<line>&amp;</line></par>
</text>
</block>
<block><region><rect/></region>
<text>
<par/>
</text>
</block>
<block><region><rect/></region>
<text>
<par>
<line>St</line></par>
</text>
</block>
<block><region><rect/></region>
<text>
<par>
<line>Pomp</line></par>
</text>
</block>
<block><region><rect/></region>
<text>
<par/>
</text>
</block>
<block><region><rect/></region>
<text>
<par/>
</text>
</block>
<block><region><rect/></region>
<text>
<par>
<line>N</line></par>
</text>
</block>
<block><region><rect/></region>
<text>
<par/>
</text>
</block>
<block><region><rect/></region>
<text>
<par>
<line>0,4</line></par>
</text>
</block>
<block><region><rect/></region>
<text>
<par/>
</text>
</block>
<block><region><rect/></region>
<text>
<par/>
</text>
</block>
<block><region><rect/></region>
<text>
<par/>
</text>
</block>
<block><region><rect/></region>
<text>
<par/>
</text>
</block>
<block><region><rect/></region>
<text>
<par/>
</text>
</block>
<block><region><rect/></region>
<text>
<par>
<line>U^en-Suii</line></par>
</text>
</block>
<block><region><rect/></region>
<text>
<par>
<line>€</line></par>
</text>
</block>
<block><region><rect/></region>
<text>
<par>
<line>K</line></par>
</text>
</block>
<block><region><rect/></region>
<text>
<par>
<line>m</line></par>
</text>
</block>
<block><region><rect/></region>
<text>
<par/>
</text>
</block>
<block><region><rect/></region>
<text>
<par/>
</text>
</block>
<block><region><rect/></region>
<text>
<par>
<line>^Chçm</line></par>
</text>
</block>
<block><region><rect/></region>
<text>
<par/>
</text>
</block>
<block><region><rect/></region>
<text>
<par>
<line>U</line></par>
</text>
</block>
<block><region><rect/></region>
<text>
<par/>
</text>
</block>
<block><region><rect/></region>
<text>
<par>
<line>\9 S</line></par>
</text>
</block>
<block><region><rect/></region>
<text>
<par>
<line>iÈè^Bois de yTu</line></par>
</text>
</block>
<block><region><rect/></region>
<text>
<par>
<line>nés</line></par>
</text>
</block>
<block><region><rect/></region>
<text>
<par>
<line>Haute</line></par>
</text>
</block>
<block><region><rect/></region>
<text>
<par>
<line>W/</line></par>
</text>
</block>
<block><region><rect/></region>
<text>
<par/>
</text>
</block>
<block><region><rect/></region>
<text>
<par>
<line>Pgft^</line></par>
</text>
</block>
<block><region><rect/></region>
<text>
<par>
<line>O</line></par>
</text>
</block>
<block><region><rect/></region>
<text>
<par>
<line>13</line></par>
</text>
</block>
<block><region><rect/></region>
<text>
<par>
<line>/O</line></par>
</text>
</block>
<block><region><rect/></region>
<text>
<par/>
</text>
</block>
<block><region><rect/></region>
<text>
<par/>
</text>
</block>
<block><region><rect/></region>
<text>
<par>
<line>mier</line></par>
</text>
</block>
<block><region><rect/></region>
<text>
<par>
<line>wimn</line></par>
</text>
</block>
<block><region><rect/></region>
<text>
<par/>
</text>
</block>
<block><region><rect/></region>
<text>
<par>
<line>fe</line></par>
</text>
</block>
<block><region><rect/><rect/><rect/></region>
<text>
<par>
<line>/les</line></par>
</text>
</block>
<block><region><rect/></region>
<text>
<par>
<line>M«rni ères</line></par>
</text>
</block>
<block><region><rect/></region>
<text>
<par/>
</text>
</block>
<block><region><rect/></region>
<text>
<par>
<line>N</line></par>
</text>
</block>
<block><region><rect/></region>
<text>
<par/>
</text>
</block>
<block><region><rect/></region>
<text>
<par/>
</text>
</block>
<block><region><rect/></region>
<text>
<par/>
</text>
</block>
<block><region><rect/></region>
<text>
<par>
<line>m</line></par>
</text>
</block>
<block><region><rect/></region>
<text>
<par/>
</text>
</block>
<block><region><rect/></region>
<text>
<par>
<line>131</line></par>
</text>
</block>
<block><region><rect/></region>
<text>
<par/>
</text>
</block>
<block><region><rect/></region>
<text>
<par/>
</text>
</block>
<block><region><rect/></region>
<text>
<par>
<line>N</line></par>
</text>
</block>
<block><region><rect/></region>
<text>
<par/>
</text>
</block>
<block><region><rect/></region>
<text>
<par/>
</text>
</block>
<block><region><rect/></region>
<text>
<par>
<line>_</line></par>
</text>
</block>
<block><region><rect/></region>
<text>
<par/>
</text>
</block>
<block><region><rect/></region>
<text>
<par/>
</text>
</block>
<block><region><rect/></region>
<text>
<par/>
</text>
</block>
<block><region><rect/></region>
<text>
<par/>
</text>
</block>
<block><region><rect/></region>
<text>
<par>
<line>PI* Ommt f T !</line></par>
</text>
</block>
<block><region><rect/></region>
<text>
<par>
<line>3r-'</line></par>
</text>
</block>
<block><region><rect/></region>
<text>
<par>
<line>J</line></par>
</text>
</block>
<block><region><rect/></region>
<text>
<par>
<line>131</line></par>
</text>
</block>
<block><region><rect/></region>
<text>
<par/>
</text>
</block>
<block><region><rect/></region>
<text>
<par>
<line>X</line></par>
</text>
</block>
<block><region><rect/></region>
<text>
<par>
<line>-r</line></par>
</text>
</block>
<block><region><rect/></region>
<text>
<par/>
</text>
</block>
<block><region><rect/></region>
<text>
<par>
<line>N</line></par>
</text>
</block>
<block><region><rect/></region>
<text>
<par>
<line>_A</line></par>
</text>
</block>
<block><region><rect/></region>
<text>
<par>
<line>ÇH</line></par>
</text>
</block>
<block><region><rect/></region>
<text>
<par/>
</text>
</block>
<block><region><rect/></region>
<text>
<par>
<line>N</line></par>
</text>
</block>
<block><region><rect/></region>
<text>
<par>
<line>/</line></par>
</text>
</block>
<block><region><rect/></region>
<text>
<par>
<line>V'</line></par>
</text>
</block>
<block><region><rect/></region>
<text>
<par/>
</text>
</block>
<block><region><rect/></region>
<text>
<par>
<line>+</line></par>
</text>
</block>
<block><region><rect/></region>
<text>
<par>
<line>+</line></par>
</text>
</block>
<block><region><rect/></region>
<text>
<par>
<line>ms</line></par>
</text>
</block>
<block><region><rect/></region>
<text>
<par>
<line>les</line></par>
</text>
</block>
<block><region><rect/></region>
<text>
<par>
<line>le B'^ioü</line></par>
</text>
</block>
<block><region><rect/></region>
<text>
<par>
<line>32,ù</line></par>
</text>
</block>
<block><region><rect/></region>
<text>
<par>
<line>Crspâ</line></par>
</text>
</block>
<block><region><rect/></region>
<text>
<par/>
</text>
</block>
<block><region><rect/></region>
<text>
<par>
<line>BOCW</line></par>
</text>
</block>
<block><region><rect/></region>
<text>
<par/>
</text>
</block>
<block><region><rect/></region>
<text>
<par/>
</text>
</block>
<block><region><rect/></region>
<text>
<par/>
</text>
</block>
<block><region><rect/></region>
<text>
<par>
<line>'*6^</line></par>
</text>
</block>
<block><region><rect/></region>
<text>
<par>
<line>150</line></par>
</text>
</block>
<block><region><rect/></region>
<text>
<par>
<line>300</line></par>
</text>
</block>
<block><region><rect/><rect/><rect/></region>
<text>
<par/>
</text>
</block>
<block><region><rect/></region>
<text>
<par>
<line>f®l</line></par>
</text>
</block>
<block><region><rect/></region>
<text>
<par/>
</text>
</block>
<block><region><rect/></region>
<text>
<par>
<line>142</line></par>
</text>
</block>
<block><region><rect/></region>
<text>
<par>
<line>\</line></par>
</text>
</block>
<block><region><rect/></region>
<text>
<par>
<line>métrés</line></par>
</text>
</block>
<block><region><rect/></region>
<text>
<par/>
</text>
</block>
<block><region><rect/></region>
<text>
<par>
<line>ü</line></par>
</text>
</block>
<block><region><rect/></region>
<text>
<par/>
</text>
</block>
<block><region><rect/></region>
<text>
<par/>
</text>
</block>
<block><region><rect/></region>
<text>
<par/>
</text>
</block>
<block><region><rect/></region>
<text>
<par/>
</text>
</block>
<block><region><rect/></region>
<text>
<par>
<line>Date de réalisation : 28/11/2000</line></par>
<par>
<line>DIREN Centre - 5 Avenue Buffon - BP 6407 - 45064 ORLEANS CEDEX 2 - Téléphone 02 38 49 91 91</line></par>
</text>
</block>













































<block blockType="Picture" blockName="" l="2852" t="4694" r="3072" b="4856"><region><rect/></region>
</block>
<block blockType="Picture" blockName="" l="2810" t="898" r="3586" b="1824"><region><rect/></region>
</block>
</page>
</AC2>