<?xml version="1.0" encoding="UTF-8"?><AC2>
<page width="5017" height="3587" resolution="300">
<block><region><rect/></region>
<text>
<par/>
</text>
</block>
<block><region><rect/></region>
<text>
<par/>
</text>
</block>
<block><region><rect/></region>
<text>
<par/>
</text>
</block>
<block><region><rect/></region>
<text>
<par>
<line>O P M H</line>
<line>O P P 13</line>
<line>H* b «</line></par>
</text>
</block>
<block><region><rect/></region>
<text>
<par>
<line>et</line></par>
</text>
</block>
<block><region><rect/></region>
<text>
<par>
<line>go h-</line>
<line>4 O</line></par>
</text>
</block>
<block><region><rect/></region>
<text>
<par>
<line>et O H- M</line>
<line>M- P et ct*0 •</line>
<line>H&gt; c+ H* H O</line></par>
<par>
<line>£ P ® ®</line></par>
<par>
<line>© P b O P P</line>
<line>• «+ P et b*</line>
<line>P O M</line></par>
<par>
<line>H* H P H. O</line></par>
<par>
<line>P»® O CD H</line>
<line>1? ; H* 4 et © O</line>
<line>© O O' H O</line>
<line>P H* © H P</line></par>
<par>
<line>P-P-F O P</line></par>
<par>
<line>P © P pi n et</line>
<line>H- P © b* H-</line></par>
<par>
<line>SP O et</line></par>
<par>
<line>P M c; SL</line></par>
</text>
</block>
<block><region><rect/></region>
<text>
<par>
<line>et</line></par>
</text>
</block>
<block><region><rect/></region>
<text>
<par>
<line>M-</line></par>
</text>
</block>
<block><region><rect/></region>
<text>
<par>
<line>►J</line></par>
</text>
</block>
<block><region><rect/></region>
<text>
<par/>
</text>
</block>
<block><region><rect/></region>
<text>
<par/>
</text>
</block>
<block><region><rect/></region>
<text>
<par>
<line>*t3</line></par>
</text>
</block>
<block><region><rect/></region>
<text>
<par>
<line>O.</line></par>
</text>
</block>
<block><region><rect/></region>
<text>
<par/>
</text>
</block>
<block><region><rect/></region>
<text>
<par>
<line>CJ</line></par>
</text>
</block>
<block><region><rect/></region>
<text>
<par>
<line>*0 Cu'O</line>
<line>M» H I-</line>
<line>et © P</line></par>
</text>
</block>
<block><region><rect/></region>
<text>
<par>
<line>HJ</line></par>
</text>
</block>
<block><region><rect/></region>
<text>
<par>
<line>L-.</line></par>
</text>
</block>
<block><region><rect/></region>
<text>
<par>
<line>© P</line>
<line>a</line>
<line>P O</line>
<line>h O»</line></par>
</text>
</block>
<block><region><rect/></region>
<text>
<par>
<line>M t-*</line></par>
</text>
</block>
<block><region><rect/></region>
<text>
<par>
<line>© P</line></par>
</text>
</block>
<block><region><rect/></region>
<text>
<par/>
</text>
</block>
<block><region><rect/></region>
<text>
<par>
<line>H-'D</line></par>
</text>
</block>
<block><region><rect/></region>
<text>
<par/>
</text>
</block>
<block><region><rect/></region>
<text>
<par>
<line>»Cl</line></par>
</text>
</block>
<block><region><rect/></region>
<text>
<par>
<line>et</line></par>
</text>
</block>
<block><region><rect/></region>
<text>
<par/>
</text>
</block>
<block><region><rect/></region>
<text>
<par>
<line>t-* H*</line>
<line>© ©</line></par>
</text>
</block>
<block><region><rect/></region>
<text>
<par/>
</text>
</block>
<block><region><rect/></region>
<text>
<par>
<line>«* CD</line></par>
</text>
</block>
<block><region><rect/></region>
<text>
<par>
<line>l</line></par>
</text>
</block>
<block><region><rect/></region>
<text>
<par>
<line>vc</line></par>
</text>
</block>
<block><region><rect/></region>
<text>
<par>
<line>04</line></par>
</text>
</block>
<block><region><rect/></region>
<text>
<par>
<line>»© ©</line></par>
<par>
<line>et</line></par>
<par>
<line>©</line></par>
</text>
</block>
<block><region><rect/></region>
<text>
<par/>
</text>
</block>
<block><region><rect/></region>
<text>
<par/>
</text>
</block>
<block><region><rect/></region>
<text>
<par>
<line>(i%</line></par>
</text>
</block>
<block blockType="Table" blockName="" l="3894" t="721" r="4383" b="1129"><region><rect/></region>
<row>
<cell leftBorder="White" rightBorder="White" bottomBorder="White" width="116" height="130">
<text>
<par>
<line>O</line></par>
<par>
<line>r</line></par>
<par>
<line>&gt;</line></par>
</text></cell>
<cell leftBorder="White" rightBorder="White" bottomBorder="White" width="182" height="130">
<text>
<par>
<line>CO</line></par>
</text></cell>
<cell leftBorder="White" rightBorder="White" bottomBorder="White" width="191" height="130">
<text>
<par>
<line>CD</line></par>
<par>
<line>m</line></par>
<par>
<line>&gt;&gt;</line></par>
</text></cell></row>
<row>
<cell leftBorder="White" topBorder="White" rightBorder="White" bottomBorder="White" width="116" height="37">
<text>
<par>
<line>o&gt;</line></par>
</text></cell>
<cell leftBorder="White" topBorder="White" rightBorder="White" bottomBorder="White" width="182" height="37">
<text>
<par/>
</text></cell>
<cell leftBorder="White" topBorder="White" rightBorder="White" bottomBorder="White" width="191" height="37">
<text>
<par/>
</text></cell></row>
<row>
<cell rowSpan="2" leftBorder="White" topBorder="White" rightBorder="White" bottomBorder="White" width="116" height="112">
<text>
<par>
<line>&lt;/)</line></par>
<par>
<line>m</line></par>
<par>
<line>2</line></par>
</text></cell>
<cell leftBorder="White" topBorder="White" rightBorder="White" bottomBorder="White" width="182" height="58">
<text>
<par>
<line>“H</line></par>
</text></cell>
<cell leftBorder="White" topBorder="White" rightBorder="White" bottomBorder="White" width="191" height="58">
<text>
<par>
<line>X</line></par>
</text></cell></row>
<row>
<cell leftBorder="White" topBorder="White" rightBorder="White" bottomBorder="White" width="182" height="54">
<text>
<par>
<line>m</line></par>
</text></cell>
<cell leftBorder="White" topBorder="White" rightBorder="White" bottomBorder="White" width="191" height="54">
<text>
<par>
<line>&gt;</line></par>
</text></cell></row>
<row>
<cell leftBorder="White" topBorder="White" rightBorder="White" bottomBorder="White" width="116" height="48">
<text>
<par>
<line>m</line></par>
</text></cell>
<cell rowSpan="2" leftBorder="White" topBorder="White" rightBorder="White" bottomBorder="White" width="182" height="129">
<text>
<par>
<line>CO</line></par>
</text></cell>
<cell leftBorder="White" topBorder="White" rightBorder="White" bottomBorder="White" width="191" height="48">
<text>
<par>
<line>7)</line></par>
</text></cell></row>
<row>
<cell leftBorder="White" topBorder="White" rightBorder="White" bottomBorder="White" width="116" height="81">
<text>
<par>
<line>Z</line></par>
</text></cell>
<cell leftBorder="White" topBorder="White" rightBorder="White" bottomBorder="White" width="191" height="81">
<text>
<par/>
</text></cell></row>
</block>
<block blockType="Table" blockName="" l="3852" t="1479" r="4102" b="2103"><region><rect/></region>
<row>
<cell leftBorder="White" topBorder="White" rightBorder="White" bottomBorder="White" width="80" height="45">
<text>
<par>
<line>&gt;</line></par>
</text></cell>
<cell leftBorder="White" topBorder="White" rightBorder="White" bottomBorder="White" width="97" height="45">
<text>
<par>
<line>O</line></par>
</text></cell>
<cell leftBorder="White" topBorder="White" rightBorder="White" bottomBorder="White" width="73" height="45">
<text>
<par>
<line>O</line></par>
</text></cell></row>
<row>
<cell leftBorder="White" topBorder="White" rightBorder="White" bottomBorder="White" width="80" height="46">
<text>
<par>
<line>2</line></par>
</text></cell>
<cell leftBorder="White" topBorder="White" rightBorder="White" bottomBorder="White" width="97" height="46">
<text>
<par>
<line>&gt;</line></par>
</text></cell>
<cell leftBorder="White" topBorder="White" rightBorder="White" bottomBorder="White" width="73" height="46">
<text>
<par>
<line>O</line></par>
</text></cell></row>
<row>
<cell rowSpan="2" leftBorder="White" topBorder="White" rightBorder="White" bottomBorder="White" width="80" height="85">
<text>
<par>
<line>2</line></par>
<par>
<line>O</line></par>
</text></cell>
<cell leftBorder="White" topBorder="White" rightBorder="White" bottomBorder="White" width="97" height="41">
<text>
<par>
<line>Z</line></par>
</text></cell>
<cell leftBorder="White" topBorder="White" rightBorder="White" bottomBorder="White" width="73" height="41">
<text>
<par>
<line>2</line></par>
</text></cell></row>
<row>
<cell leftBorder="White" topBorder="White" rightBorder="White" bottomBorder="White" width="97" height="44">
<text>
<par>
<line>H</line></par>
</text></cell>
<cell leftBorder="White" topBorder="White" rightBorder="White" bottomBorder="White" width="73" height="44">
<text>
<par>
<line>2</line></par>
</text></cell></row>
<row>
<cell leftBorder="White" topBorder="White" rightBorder="White" bottomBorder="White" width="80" height="41">
<text>
<par>
<line>Z</line></par>
</text></cell>
<cell leftBorder="White" topBorder="White" rightBorder="White" bottomBorder="White" width="97" height="41">
<text>
<par>
<line>O</line></par>
</text></cell>
<cell leftBorder="White" topBorder="White" rightBorder="White" bottomBorder="White" width="73" height="41">
<text>
<par>
<line>c</line></par>
</text></cell></row>
<row>
<cell leftBorder="White" topBorder="White" rightBorder="White" bottomBorder="White" width="80" height="39">
<text>
<par>
<line>C7</line></par>
</text></cell>
<cell leftBorder="White" topBorder="White" rightBorder="White" bottomBorder="White" width="97" height="39">
<text>
<par>
<line>Z</line></par>
</text></cell>
<cell leftBorder="White" topBorder="White" rightBorder="White" bottomBorder="White" width="73" height="39">
<text>
<par>
<line>e</line></par>
</text></cell></row>
<row>
<cell leftBorder="White" topBorder="White" rightBorder="White" width="80" height="76">
<text>
<par>
<line>«-4</line></par>
</text></cell>
<cell leftBorder="White" topBorder="White" rightBorder="White" width="97" height="76">
<text>
<par/>
</text></cell>
<cell leftBorder="White" topBorder="White" rightBorder="White" width="73" height="76">
<text>
<par>
<line>m</line></par>
</text></cell></row>
<row>
<cell leftBorder="White" rightBorder="White" bottomBorder="White" width="80" height="68">
<text>
<par>
<line>r</line></par>
</text></cell>
<cell leftBorder="White" rightBorder="White" bottomBorder="White" width="97" height="68">
<text>
<par>
<line>r</line></par>
</text></cell>
<cell leftBorder="White" rightBorder="White" bottomBorder="White" width="73" height="68">
<text>
<par>
<line>r</line></par>
</text></cell></row>
<row>
<cell leftBorder="White" topBorder="White" rightBorder="White" bottomBorder="White" width="80" height="43">
<text>
<par>
<line>O</line></par>
</text></cell>
<cell leftBorder="White" topBorder="White" rightBorder="White" bottomBorder="White" width="97" height="43">
<text>
<par>
<line>O</line></par>
</text></cell>
<cell leftBorder="White" topBorder="White" rightBorder="White" bottomBorder="White" width="73" height="43">
<text>
<par>
<line>O</line></par>
</text></cell></row>
<row>
<cell leftBorder="White" topBorder="White" rightBorder="White" bottomBorder="White" width="80" height="46">
<text>
<par>
<line>JJ</line></par>
</text></cell>
<cell leftBorder="White" topBorder="White" rightBorder="White" bottomBorder="White" width="97" height="46">
<text>
<par>
<line>3J</line></par>
</text></cell>
<cell leftBorder="White" topBorder="White" rightBorder="White" bottomBorder="White" width="73" height="46">
<text>
<par>
<line>J)</line></par>
</text></cell></row>
<row>
<cell leftBorder="White" topBorder="White" rightBorder="White" bottomBorder="White" width="80" height="53">
<text>
<par>
<line>m</line></par>
</text></cell>
<cell leftBorder="White" topBorder="White" rightBorder="White" bottomBorder="White" width="97" height="53">
<text>
<par>
<line>rn</line></par>
</text></cell>
<cell leftBorder="White" topBorder="White" rightBorder="White" bottomBorder="White" width="73" height="53">
<text>
<par>
<line>m</line></par>
</text></cell></row>
<row>
<cell leftBorder="White" topBorder="White" rightBorder="White" bottomBorder="White" width="80" height="38">
<text>
<par>
<line>Z</line></par>
</text></cell>
<cell leftBorder="White" topBorder="White" rightBorder="White" bottomBorder="White" width="97" height="38">
<text>
<par>
<line>Z</line></par>
</text></cell>
<cell leftBorder="White" topBorder="White" rightBorder="White" bottomBorder="White" width="73" height="38">
<text>
<par>
<line>Z</line></par>
</text></cell></row>
<row>
<cell leftBorder="White" topBorder="White" rightBorder="White" bottomBorder="White" width="80" height="44">
<text>
<par>
<line>H</line></par>
</text></cell>
<cell leftBorder="White" topBorder="White" rightBorder="White" bottomBorder="White" width="97" height="44">
<text>
<par>
<line>-H</line></par>
</text></cell>
<cell leftBorder="White" topBorder="White" rightBorder="White" bottomBorder="White" width="73" height="44">
<text>
<par>
<line>-&lt;</line></par>
</text></cell></row>
</block>
<block><region><rect/></region>
<text>
<par>
<line>O</line></par>
<par>
<line>O</line></par>
<par>
<line>S</line></par>
<par>
<line>;d</line></par>
<par>
<line>m</line></par>
</text>
</block>
<block><region><rect/></region>
<text>
<par>
<line>O</line></par>
<par>
<line>n:</line></par>
<par>
<line>&gt;</line></par>
<par>
<line>TD</line></par>
<par>
<line>m</line></par>
</text>
</block>
<block><region><rect/></region>
<text>
<par>
<line>rfi</line></par>
<par>
<line>CO</line></par>
<par>
<line>#</line></par>
<par>
<line>O</line></par>
<par>
<line>X</line></par>
<par>
<line>5</line></par>
<par>
<line>CO</line></par>
</text>
</block>
<block><region><rect/></region>
<text>
<par>
<line>O</line></par>
<par>
<line>5</line></par>
<par>
<line>rp</line></par>
</text>
</block>
<block><region><rect/></region>
<text>
<par>
<line>O</line></par>
<par>
<line>73</line></par>
<par>
<line>5</line></par>
<par>
<line>I</line></par>
<par>
<line>&gt;</line></par>
</text>
</block>
<block><region><rect/></region>
<text>
<par>
<line>O</line></par>
</text>
</block>
<block><region><rect/></region>
<text>
<par>
<line>2</line></par>
</text>
</block>
<block><region><rect/></region>
<text>
<par>
<line>m</line></par>
</text>
</block>




















































</page>
</AC2>