<?xml version="1.0" encoding="UTF-8"?><AC2>
<page width="1653" height="2336" resolution="200">
<block><region><rect/></region>
<text orientation="RotatedCounterclockwise">
<par>
<line>117-385 .J. 4713-S6. [36290]</line></par>
</text>
</block>
<block blockType="Table" blockName="" l="97" t="29" r="1284" b="475"><region><rect/></region>
<row>
<cell leftBorder="White" topBorder="White" rightBorder="White" bottomBorder="White" width="440" height="50">
<text>
<par>
<line>s/</line></par>
</text></cell>
<cell leftBorder="White" topBorder="White" rightBorder="White" bottomBorder="White" width="747" height="50">
<text>
<par/>
</text></cell></row>
<row>
<cell leftBorder="White" topBorder="White" rightBorder="White" bottomBorder="White" width="440" height="97">
<text>
<par>
<line>MINÎSTÉRI2</line></par>
<par>
<line>DE L’ÉDUCATION</line></par>
</text></cell>
<cell leftBorder="White" topBorder="White" rightBorder="White" bottomBorder="White" width="747" height="97">
<text>
<par>
<line>RÉPÜBLIQÜE FRANÇAiSË.</line></par>
</text></cell></row>
<row>
<cell leftBorder="White" topBorder="White" rightBorder="White" width="440" height="53">
<text>
<par>
<line>NATIONALE.</line></par>
</text></cell>
<cell leftBorder="White" topBorder="White" rightBorder="White" bottomBorder="White" width="747" height="53">
<text>
<par/>
</text></cell></row>
<row>
<cell leftBorder="White" rightBorder="White" bottomBorder="White" width="440" height="89">
<text>
<par>
<line>BEAÜÎ(-ARTS,</line></par>
</text></cell>
<cell leftBorder="White" topBorder="White" rightBorder="White" bottomBorder="White" width="747" height="89">
<text>
<par>
<line>^ ARRÊTÉ.</line></par>
</text></cell></row>
<row>
<cell leftBorder="White" topBorder="White" rightBorder="White" bottomBorder="White" width="440" height="95">
<text>
<par>
<line>Monuments historiques,</line></par>
<par>
<line>Fouilles et Sites,</line></par>
</text></cell>
<cell leftBorder="White" topBorder="White" rightBorder="White" bottomBorder="White" width="747" height="95">
<text>
<par/>
</text></cell></row>
<row>
<cell leftBorder="White" topBorder="White" rightBorder="White" bottomBorder="White" width="440" height="62">
<text>
<par/>
</text></cell>
<cell leftBorder="White" topBorder="White" rightBorder="White" bottomBorder="White" width="747" height="62">
<text>
<par>
<line>Le Ministre de Œdacation nationale,</line></par>
</text></cell></row>
</block>
<block><region><rect/></region>
<text>
<par>
<line>Vu la loi (lu 2 mai i93u réorganisant la protection &lt;ies monuments</line>
<line>naturels et des sites de caractère artistique, historique, scientifique, iégen îaire)</line>
<line>ou pittoresque; ' ^</line></par>
<par>
<line>Vu l’avis émis par la Commission départementale des monuments naturels</line>
<line>et des sites dans sa séance du 29 aisrs 1938 |</line></par>
<par>
<line>Vu rei^g^ÆUG^en date du 14 foTriex' 19S8 ûonnl'£ par</line></par>
<par>
<line>ïvu.Te Comte, üe Esi^o’ariou, à La Grand * 7111 9-^</line></par>
<par>
<line>Bringo.lo^ Gfateiaudren (06tes^clu-ïïord}</line></par>
</text>
</block>







</page>
<page width="1662" height="2343" resolution="200">
<block><region><rect/></region>
<text>
<par>
<line>ARTICLE PREMIERo</line></par>
</text>
</block>
<block><region><rect/></region>
<text>
<par>
<line>Xe site dti Val situé à la limite des eomînunes</line>
<line>Grand Auvemé at de Koisdoïi (T.oire-Inférieure) s consti-</line>
<line>tr.é par 1.3n parcelles cadastrales 54, 55, 56, 57, 6B,</line>
<line>sectioiî A.n® 7 de la oosm-une dfi-Grand Auverné et 5</line>
<line>à 10 V section F, de la commune de Moisdon,</line></par>
</text>
</block>
<block><region><rect/></region>
<text>
<par>
<line>classé parmi les sites et monuments naturels de caractère</line></par>
<par>
<line>artistique historique, scientifique, légendaire ou pittoresque.</line></par>
<par>
<line>ART. 2.</line></par>
<par>
<line>Le présiiit arrêté sera notifié au Préfet du département de la Loire-</line>
<line>Inferieure, aux liairos du Grand Auvox’nê et de l/oisdon ainsi</line>
<line>Qu’à k, de Kergariou, propriétaire,</line></par>
<par>
<line>qui seront responsables, chacun en ce qui le concerne, de son exécution</line></par>
<par>
<line>ART. 3.</line></par>
<par>
<line>1 sera transcrit au Bureau des hypothèques de la situation du site</line></par>
<par>
<line>classé.</line></par>
</text>
</block>
<block><region><rect/></region>
<text>
<par>
<line>Paris, le</line></par>
</text>
</block>
<block><region><rect/></region>
<text>
<par>
<line>O</line></par>
</text>
</block>
<block><region><rect/></region>
<text>
<par>
<line>r:,!</line></par>
</text>
</block>
<block><region><rect/></region>
<text>
<par/>
</text>
</block>
<block><region><rect/></region>
<text>
<par/>
</text>
</block>
</page>
</AC2>