<?xml version="1.0" encoding="UTF-8"?><AC2>
<page width="2479" height="3508" resolution="300">
<block><region><rect/></region>
<text>
<par>
<line>\</line></par>
</text>
</block>
<block><region><rect/></region>
<text>
<par>
<line>^^C/LR</line></par>
<par>
<line>!</line></par>
<par>
<line>MIMSTKRS</line></par>
<par>
<line>DE</line></par>
<par>
<line>L’ÉDI’CA-T[0,\ XAT!0.\ALE.</line></par>
</text>
</block>
<block><region><rect/></region>
<text>
<par>
<line>SECRÉTARIAT GÉNÉRAL</line></par>
<par>
<line>DES BEAUX-ARTS.</line></par>
<par>
<line>I</line></par>
</text>
</block>
<block><region><rect/></region>
<text>
<par>
<line>ÉTAT FRANÇAIS.</line></par>
</text>
</block>
<block><region><rect/></region>
<text>
<par>
<line>ARRÊTÉ.</line></par>
</text>
</block>
<block><region><rect/></region>
<text>
<par>
<line>DiRECTIOiS</line></par>
<par>
<line>DES</line></par>
<par>
<line>SERVICES D’ARCHITECTURE</line></par>
<par>
<line>Le Ministre Secrétaire d’Etat X l Education nationale .</line></par>
<par>
<line>BUREAU</line></par>
<par>
<line>t-' DES</line></par>
<par>
<line>MosuMEiNTs iiisxoBiQDEs Vu la iol du 2 mul iq3o réorçauisant la protection</line></par>
<par>
<line>ET DBS SITES. ' ^ .</line></par>
<par>
<line>__—__des monuments naturels et des sites de caractère</line></par>
<par>
<line>tnveniaire Jes Sites artistique, historique, scieutifiqùe, légendaire ou pitto-</line>
<line>dont la conservation , . i i /</line></par>
<par>
<line>présenteunintérêtgénéral. resque et notamment 1 article 4;</line></par>
<par>
<line>1* ar¬</line>
<line>rête au 27 Août 194-3 pris par ap¬</line>
<line>plication de la loi ao'i-21 du 28</line></par>
<par>
<line>' Juillet 194-3</line></par>
<par>
<line>Arrête :</line></par>
</text>
</block>
<block><region><rect/></region>
<text>
<par>
<line>article premier.</line></par>
</text>
</block>
<block><region><rect/></region>
<text>
<par>
<line>&lt;N</line></par>
<par>
<line>!</line></par>
<par>
<line>«N</line></par>
<par>
<line>CD</line></par>
<par>
<line>&lt;M</line></par>
</text>
</block>
<block><region><rect/></region>
<text>
<par>
<line>S</line></par>
</text>
</block>
<block><region><rect/></region>
<text>
<par>
<line>J</line></par>
</text>
</block>
<block><region><rect/><rect/><rect/><rect/></region>
<text>
<par>
<line>Ist inscrit sur l'inventaire des sites</line>
<line>dent lu cori£ÿrA''atlop pré sent 6 un intérêt</line>
<line>général la parc municipal Rouner a GRlsiTj</line>
<line>f OISE ) couiprenant lac pur celles 11*3 200.</line>
<line>2C^5*20/_a P09.35d«360 h 3û7«3*^8p»369p.37</line>
<line>.'&gt;73P»p83P»38 3p, 38 6 a 3^9Pa. de la esetion D,.</line>
<line>appui t tenant u la ■Cctiiii'iuiic</line></par>
</text>
</block>
<block><region><rect/></region>
<text orientation="RotatedClockwise">
<par>
<line>c J cg</line></par>
</text>
</block>






</page>
<page width="2479" height="3508" resolution="300">
<block><region><rect/></region>
<text>
<par>
<line>AHT. 2.</line></par>
</text>
</block>
<block><region><rect/></region>
<text>
<par>
<line>Le présent arrêté sera notifié au Préfet du dépar¬</line>
<line>tement pour les archives de la préfecture, au Claire</line>
<line>de la commune d û 0*0 il</line></par>
</text>
</block>
<block><region><rect/></region>
<text>
<par>
<line>qui seront responsables, chacun en ce qui le concerne,</line>
<line>de son exécution.</line></par>
</text>
</block>
<block><region><rect/><rect/></region>
<text>
<par>
<line>Paris,.le y ^</line></par>
<par>
<line>Par'X'éiagatioii</line>
<line>Le Gûrisailler d'Iftat</line>
<line>Secrétaire Général des'Esaux^</line></par>
<par>
<line>Ar t s</line></par>
</text>
</block>

</page>
</AC2>