<?xml version="1.0" encoding="UTF-8"?><AC2>
<page width="2492" height="3514" resolution="300">
<block><region><rect/></region>
<text orientation="RotatedCounterclockwise">
<par>
<line>131-483-1921. {20008]</line></par>
</text>
</block>
<block><region><rect/></region>
<text>
<par>
<line>c</line></par>
</text>
</block>
<block><region><rect/></region>
<text>
<par>
<line>MINISTÈRE</line></par>
<par>
<line>DE</line></par>
<par>
<line>L’INSTRUCTION PUBLIQUE</line>
<line>ET DES REAUX-ARTS.</line></par>
</text>
</block>
<block><region><rect/></region>
<text>
<par>
<line>BEAUX-ARTS,</line></par>
</text>
</block>
<block><region><rect/></region>
<text>
<par>
<line>MONUMENTS HISTORIQUES.</line>
<line>Sites et Monuments naturels.</line></par>
</text>
</block>
<block><region><rect/></region>
<text>
<par>
<line>RÉPUBLIQUE FRAIVCAISE.</line></par>
</text>
</block>
<block><region><rect/></region>
<text>
<par>
<line>oADVxeïcj.</line></par>
</text>
</block>
<block><region><rect/></region>
<text>
<par>
<line>e/ c/e^ (^ecicca^-t.y^''eù,</line></par>
</text>
</block>
<block><region><rect/></region>
<text>
<par>
<line>/a /o^ ?/ O o9'^^a^tùkz^î/' /c</line></par>
<par>
<line>r/ee Méeà' /e cm'ocâere</line></par>
<par>
<line>/cûv^ m??-ùyia^ ^ ^oJ7muj^-co7P c/(jfia7^Cm?z^tâa/} c/à _</line>
<line>^iiéeà (?/ 07i&lt;m^m'&amp;r)M Tt^/ureù c/a^^ ^ayt^-ce &lt;/ù . .6 .... J.ans;-ier-.1.923</line></par>
</text>
</block>
<block><region><rect/></region>
<text>
<par/>
</text>
</block>
<block><region><rect/></region>
<text>
<par>
<line>tù</line></par>
</text>
</block>
<block><region><rect/></region>
<text>
<par/>
</text>
</block>
<block><region><rect/></region>
<text>
<par>
<line>jéxsm^kKXL JPres.ldeat.,du-.-.Trilîunal -CiTll- cie- Bla^^ de</line></par>
<par>
<line>1‘Adminietratton du domaine et de la survelllanee dea</line>
<line>operation» du séquestre,</line></par>
<par>
<line>(2)\9Vtk^ :</line></par>
</text>
</block>
<block><region><rect/></region>
<text>
<par>
<line>*:yé?^âc6</line></par>
</text>
</block>
<block><region><rect/></region>
<text>
<par>
<line>e A7?^/??ue?'</line></par>
</text>
</block>
<block><region><rect/></region>
<text>
<par>
<line>...iïri.® .</line></par>
</text>
</block>
<block><region><rect/><rect/><rect/><rect/></region>
<text>
<par>
<line>. Âm'^îîC e/ '??70-?uM?im7.ù</line></par>
</text>
</block>
<block><region><rect/></region>
<text>
<par>
<line>5</line></par>
</text>
</block>
<block><region><rect/><rect/></region>
<text>
<par>
<line>naàc/?^e/ c/e ' cac^ccc'àeisc aràM^iaue</line></par>
</text>
</block>
<block><region><rect/></region>
<text>
<par>
<line>■r</line></par>
</text>
</block>
























</page>
<page width="2483" height="3507" resolution="300">
<block><region><rect/></region>
<text>
<par>
<line>0</line></par>
</text>
</block>
<block><region><rect/></region>
<text>
<par>
<line>Û, ' ; Cv-</line></par>
</text>
</block>
<block><region><rect/><rect/></region>
<text>
<par>
<line>ty4?7^/. ..</line></par>
</text>
</block>
<block><region><rect/></region>
<text>
<par>
<line>€ùr?^e noù/ùe aiù €7 9%</line></par>
</text>
</block>
<block><region><rect/></region>
<text>
<par>
<line>..\A,..lL0.1r.-e.t-.Ciuex,-„</line></par>
</text>
</block>
<block><region><rect/></region>
<text>
<par>
<line>d/„....à... jyr...le.- .r.r.e-a.ident ...ctu- Tr ibiuial- -Gi-v ll ■ de Blot-a-y</line></par>
</text>
</block>
<block><region><rect/></region>
<text>
<par/>
</text>
</block>
<block><region><rect/><rect/><rect/><rect/><rect/><rect/></region>
<text>
<par>
<line>’iù ?^e^io977ué^/eJ, c^acaTi en œ</line></par>
</text>
</block>
<block><region><rect/></region>
<text>
<par/>
</text>
</block>
<block><region><rect/></region>
<text>
<par>
<line>co9ice77i€, t/e ^n eeeeca/wn.</line></par>
</text>
</block>
<block><region><rect/></region>
<text>
<par>
<line>F Ël</line></par>
</text>
</block>
<block><region><rect/></region>
<text>
<par/>
</text>
</block>
<block><region><rect/></region>
<text>
<par/>
</text>
</block>
<block><region><rect/></region>
<text>
<par>
<line>i.**-. f -'vv _ v ' &lt; 4 'u -</line></par>
</text>
</block>
<block><region><rect/></region>
<text>
<par/>
</text>
</block>
<block><region><rect/></region>
<text>
<par/>
</text>
</block>
<block><region><rect/></region>
<text>
<par/>
</text>
</block>
<block><region><rect/></region>
<text>
<par>
<line>’A ■/#!&gt;&gt;,* V</line></par>
</text>
</block>
<block><region><rect/></region>
<text>
<par>
<line>VçW V</line></par>
</text>
</block>





</page>
<page width="1681" height="2356" resolution="200">
<block><region><rect/></region>
<text>
<par>
<line>EAUA-et^i’ORETS</line></par>
</text>
</block>
<block><region><rect/></region>
<text>
<par>
<line>Blois,le 21 Décembre I^j22</line></par>
</text>
</block>
<block><region><rect/></region>
<text>
<par>
<line>19° Conservation</line>
<line>■i-nspection de -^lois</line></par>
</text>
</block>
<block><region><rect/></region>
<text>
<par>
<line>LUBEPECTEUH DES E/.U:?l-et-PORETS JAGERECHEIDT</line>
<line>à if^onsieur le Préfet de Loir-et-Cher</line></par>
</text>
</block>
<block><region><rect/></region>
<text>
<par>
<line>i'onsieur le Président du Comité des Sites du Touring</line>
<line>Club de Prance a appelé l’attention de Monsieur le Ministre de</line>
<line>l*[nstruction Publique et des Beaux-Arts sur l‘intérêt qu‘àl y</line>
<line>aurait à classer parmi les sites pittoresques le parc de Chambord.</line></par>
<par>
<line>Vous avez bien voulu,le 19 Décembre 1922 me demander</line>
<line>d’examiner cette question*</line></par>
<par>
<line>Il est certain qu’au point de vue forestier le Parc</line>
<line>de Chambord ne mérite pas d’être classé comme site pittoresque</line>
<line>Les 4;-5B4 hectares de bois que renferme le domaine se composent de</line>
<line>taillis sous futaie forment/21- séries exploi tées. entre 20 et 25</line></par>
</text>
</block>
<block><region><rect/></region>
<text>
<par/>
</text>
</block>
<block><region><rect/></region>
<text>
<par>
<line>les Vieilles réserves sont rares.</line></par>
<par>
<line>■ DeA be aux?;- b ouqu e te -- de-•'pi ns'" sÿlve s tre P e Wl^ri' ti"me c om--</line>
<line>plètent les taillis* a</line></par>
</text>
</block>
<block><region><rect/></region>
<text>
<par>
<line>Il est impossible de constituer comme dans les forêts /</line></par>
</text>
</block>
<block><region><rect/><rect/></region>
<text>
<par/>
</text>
</block>
<block><region><rect/></region>
<text>
<par>
<line>j de Pontainebleau ou de Compiègne,de8 séries artistiques.</line></par>
</text>
</block>
<block><region><rect/></region>
<text>
<par/>
</text>
</block>
<block><region><rect/></region>
<text>
<par>
<line>^ Mais le Parc de Chambord boisé sur plus 4®s quatre</line></par>
<par>
<line>cinquièfr.es dé sa surface totale,forme le cadre du Château. On ne</line>
<line>peut imaginer ce monument historique sans sr. couronne boisée,sans</line>
<line>les longues avenues que l’oeil suit à perte de vue du haut des</line>
<line>terrasses,ssns la chasse qui, grâce au mur de cl5ture,peut être</line>
<line>classée perrà les plus belles de Prance et qui a toujours été la</line>
<line>'raison d’être du chêteau lui même.</line></par>
<par>
<line>C’est à ce point de vue que je me place pour donrep</line>
<line>un avis très favorable au projet de classement du Parc de Chambord</line></par>
</text>
</block>
<block><region><rect/></region>
<text>
<par>
<line>Sign é : JAGLRSCilMXDT</line></par>
</text>
</block>
<block><region><rect/></region>
<text>
<par>
<line>X</line></par>
</text>
</block>
<block><region><rect/></region>
<text>
<par>
<line>Pour copie cofiforme:</line></par>
<par>
<line>Le Cîonseiller de Préfecture</line></par>
</text>
</block>


























</page>
</AC2>