<?xml version="1.0" encoding="UTF-8"?><AC2>
<page width="2483" height="3508" resolution="300">
<block><region><rect/></region>
<text>
<par>
<line>pd/yl.</line></par>
</text>
</block>
<block><region><rect/></region>
<text>
<par>
<line>COPIE POUR LES jLaCHiyES DES BEAUX-ARTS.</line></par>
</text>
</block>
<block><region><rect/><rect/></region>
<text>
<par/>
</text>
</block>
<block><region><rect/></region>
<text>
<par/>
</text>
</block>
<block><region><rect/></region>
<text>
<par/>
</text>
</block>
<block><region><rect/></region>
<text>
<par/>
</text>
</block>
<block><region><rect/></region>
<text>
<par/>
</text>
</block>
<block><region><rect/><rect/><rect/></region>
<text>
<par/>
</text>
</block>
<block><region><rect/></region>
<text>
<par/>
</text>
</block>
<block><region><rect/></region>
<text>
<par>
<line>29AVRiq43*'° “f'</line></par>
</text>
</block>
<block><region><rect/></region>
<text>
<par>
<line>Helatlf au classeiaent pariai les sites de l'Esplanade</line>
<line>du Cîiâteau à Oïiamljéry (Savoie),</line></par>
</text>
</block>
<block><region><rect/></region>
<text>
<par>
<line>LE CHEF DÜ GODVl^RNEMr- ■?</line></par>
</text>
</block>
<block><region><rect/></region>
<text>
<par>
<line>Vul’aote constitutionnel n® 12</line></par>
</text>
</block>
<block><region><rect/><rect/></region>
<text>
<par>
<line>sur le rapport du secrétaire d'Etat à l'Education Nationale ;</line></par>
<par>
<line>Vu l'avis émis le 12 Janvier 1942 par la section Periaanente</line>
<line>de la Commission départementale des Monuments naturels et des</line>
<line>Sites de la Savoie et tendant au classement parmi les Monuments</line>
<line>Naturels et les sites de l'Esplanade du Chat eau à cnamdéiy ;</line></par>
<par>
<line>Vu le refus d'adtiésion au classement émis par la CommisslQ n</line>
<line>AdministTativecdu département de la savolBf propriétaire du site:</line></par>
<par>
<line>vu les autres pièces produites et Jointes au dossier ;</line></par>
<par>
<line>vu l'arrêté du 10 août 1942 pris par application de la</line>
<line>loi du 11 juillet 1942, susnendant la consultation de la Commis¬</line>
<line>sion supérieure des .MonumentsNaturel s et de&amp; sites :</line></par>
<par>
<line>vu la loi du 2 Mai 1950 sur la protection des Monuments</line>
<line>Naturels et des sites^de caractère artistique. Historique, scien¬</line>
<line>tifique, légendaire ou pittoresque et notamment l'article 7 i</line></par>
<par>
<line>La section de l'Intérieur, de l'instruction pudlique et</line>
<line>des Beaux-Arts du Conseil d'Etat entendue :</line></par>
<par>
<line>[^grets</line></par>
<par>
<line>Article uremler.- L'e^lanade du Cîialieau à CHam'oéry appartenant</line>
<line>au d^artement defiisavoie est classée parmi' les Monuments naturels</line></par>
</text>
</block>










<block blockType="Picture" blockName="" l="87" t="131" r="2450" b="3420"><region><rect/></region>
</block>
</page>
<page width="2483" height="3508" resolution="300">
<block><region><rect/></region>
<text>
<par>
<line>et les sites le caractère artistique, Historique, scientiffique</line>
<line>légendaire ou pittoresque.</line></par>
</text>
</block>
<block><region><rect/></region>
<text>
<par>
<line>Article a,- Le secrétaire d’Etat k l’Education Nationale</line>
<line>est chargé de l’exécution du porésent Décret dont mention sera</line>
<line>faite au Journal Officiel de l’Etat Erangais,</line></par>
<par>
<line>Fait 29 Avn &lt;943</line></par>
</text>
</block>
<block><region><rect/></region>
<text>
<par>
<line>Pierre LAVAL</line></par>
</text>
</block>
<block><region><rect/></region>
<text>
<par>
<line>FAB LE CHEF DU GC</line></par>
<par>
<line>^ iScilidjjtuo</line></par>
</text>
</block>
<block><region><rect/></region>
<text>
<par/>
</text>
</block>
<block><region><rect/></region>
<text>
<par>
<line>verne:iIeht</line></par>
</text>
</block>
<block><region><rect/></region>
<text>
<par>
<line>conforme pour ’-!■</line></par>
<par>
<line>■ ■ ‘ - . 'J: i</line></par>
<par>
<line>du Chef du Gouvernemeiit ,</line></par>
</text>
</block>




<block blockType="Picture" blockName="" l="85" t="130" r="2450" b="3419"><region><rect/></region>
</block>
</page>
<page width="2554" height="3558" resolution="300">
<block><region><rect/></region>
<text orientation="RotatedCounterclockwise">
<par>
<line>gjtfjfdui;</line></par>
</text>
</block>
<block><region><rect/></region>
<text>
<par/>
</text>
</block>
<block><region><rect/><rect/><rect/></region>
<text>
<par/>
</text>
</block>
<block><region><rect/></region>
<text>
<par/>
</text>
</block>
<block><region><rect/></region>
<text>
<par/>
</text>
</block>
<block><region><rect/></region>
<text>
<par/>
</text>
</block>
<block><region><rect/></region>
<text>
<par/>
</text>
</block>
<block><region><rect/></region>
<text>
<par>
<line>n I</line></par>
</text>
</block>
<block><region><rect/></region>
<text>
<par>
<line>U</line></par>
</text>
</block>
<block><region><rect/></region>
<text>
<par>
<line>e-</line></par>
</text>
</block>
<block><region><rect/></region>
<text>
<par/>
</text>
</block>
<block><region><rect/></region>
<text>
<par>
<line>d.</line></par>
</text>
</block>
<block><region><rect/></region>
<text>
<par/>
</text>
</block>
<block><region><rect/></region>
<text>
<par/>
</text>
</block>
<block><region><rect/></region>
<text>
<par>
<line>/■"</line></par>
</text>
</block>
<block><region><rect/></region>
<text>
<par>
<line>-4 5] ,...</line></par>
</text>
</block>
<block><region><rect/></region>
<text>
<par/>
</text>
</block>
<block><region><rect/></region>
<text>
<par>
<line>Tf</line></par>
</text>
</block>
<block><region><rect/></region>
<text>
<par/>
</text>
</block>
<block><region><rect/></region>
<text>
<par>
<line>W"</line></par>
</text>
</block>
<block><region><rect/></region>
<text>
<par/>
</text>
</block>
<block><region><rect/></region>
<text>
<par>
<line>! ^</line></par>
</text>
</block>
<block><region><rect/></region>
<text>
<par>
<line>2</line></par>
</text>
</block>
<block><region><rect/></region>
<text>
<par/>
</text>
</block>
<block><region><rect/></region>
<text>
<par>
<line>3-</line></par>
</text>
</block>
<block><region><rect/></region>
<text>
<par>
<line>I».</line></par>
</text>
</block>
<block><region><rect/></region>
<text>
<par>
<line>&lt;N;</line></par>
</text>
</block>
<block><region><rect/></region>
<text>
<par/>
</text>
</block>
<block><region><rect/></region>
<text>
<par>
<line>SîS</line></par>
</text>
</block>
<block><region><rect/></region>
<text>
<par>
<line>1:5^</line></par>
</text>
</block>
<block><region><rect/></region>
<text>
<par>
<line>ÎN</line></par>
</text>
</block>
<block><region><rect/></region>
<text>
<par/>
</text>
</block>
<block><region><rect/></region>
<text>
<par/>
</text>
</block>
<block><region><rect/></region>
<text>
<par>
<line>rsfD</line></par>
</text>
</block>
<block><region><rect/></region>
<text>
<par/>
</text>
</block>
<block><region><rect/></region>
<text>
<par/>
</text>
</block>
<block><region><rect/></region>
<text>
<par>
<line>'C'&gt;</line></par>
</text>
</block>
<block><region><rect/></region>
<text>
<par/>
</text>
</block>
<block><region><rect/></region>
<text>
<par>
<line>■M</line></par>
</text>
</block>
<block><region><rect/></region>
<text>
<par>
<line>11</line></par>
</text>
</block>
<block><region><rect/></region>
<text>
<par/>
</text>
</block>
<block><region><rect/></region>
<text>
<par>
<line>V</line></par>
</text>
</block>
<block><region><rect/></region>
<text>
<par>
<line>P:</line></par>
</text>
</block>
<block><region><rect/></region>
<text>
<par/>
</text>
</block>
<block><region><rect/></region>
<text>
<par/>
</text>
</block>
<block><region><rect/></region>
<text>
<par/>
</text>
</block>
<block><region><rect/></region>
<text>
<par>
<line>S&gt;ï</line></par>
</text>
</block>
<block><region><rect/></region>
<text>
<par>
<line>ÏN.</line></par>
</text>
</block>
<block><region><rect/></region>
<text>
<par>
<line>a.</line></par>
</text>
</block>
<block><region><rect/></region>
<text>
<par/>
</text>
</block>
<block><region><rect/></region>
<text>
<par>
<line>(</line></par>
</text>
</block>
<block><region><rect/></region>
<text>
<par/>
</text>
</block>
<block><region><rect/></region>
<text>
<par>
<line>r'</line></par>
</text>
</block>
<block><region><rect/></region>
<text>
<par/>
</text>
</block>
<block><region><rect/></region>
<text>
<par>
<line>?* V</line></par>
</text>
</block>
<block><region><rect/></region>
<text>
<par>
<line>s</line></par>
</text>
</block>
<block><region><rect/></region>
<text>
<par/>
</text>
</block>
<block><region><rect/></region>
<text>
<par>
<line>\ —</line></par>
</text>
</block>
<block><region><rect/></region>
<text>
<par/>
</text>
</block>
<block><region><rect/></region>
<text>
<par/>
</text>
</block>
<block><region><rect/></region>
<text>
<par>
<line>*D</line></par>
</text>
</block>
<block><region><rect/></region>
<text>
<par/>
</text>
</block>
<block><region><rect/></region>
<text>
<par>
<line>J4</line></par>
</text>
</block>
<block><region><rect/></region>
<text>
<par>
<line>nj</line></par>
</text>
</block>
<block><region><rect/></region>
<text>
<par>
<line>m</line></par>
</text>
</block>
<block><region><rect/></region>
<text>
<par>
<line>.V-</line></par>
</text>
</block>
<block><region><rect/></region>
<text>
<par>
<line>^ w</line></par>
</text>
</block>
<block><region><rect/></region>
<text>
<par>
<line>A ^</line></par>
</text>
</block>
<block><region><rect/></region>
<text>
<par/>
</text>
</block>
<block><region><rect/></region>
<text>
<par/>
</text>
</block>
<block><region><rect/></region>
<text>
<par>
<line>ro</line></par>
</text>
</block>
<block><region><rect/></region>
<text>
<par>
<line>r</line></par>
</text>
</block>
<block><region><rect/></region>
<text>
<par>
<line>Q.</line></par>
</text>
</block>
<block><region><rect/></region>
<text>
<par>
<line>«icH</line></par>
</text>
</block>
<block><region><rect/></region>
<text>
<par>
<line>30</line></par>
</text>
</block>
<block><region><rect/></region>
<text>
<par>
<line>JD</line></par>
</text>
</block>
<block><region><rect/></region>
<text>
<par>
<line>EL</line></par>
</text>
</block>
<block><region><rect/></region>
<text>
<par>
<line>V»</line></par>
</text>
</block>
<block><region><rect/></region>
<text>
<par>
<line>0 -J* £</line></par>
<par>
<line>H I ?»'S</line>
<line>J ■'• n ÎT *1 n</line></par>
<par>
<line>I iIbp</line></par>
<par>
<line>4 Z 5 C '</line></par>
<par>
<line>I ï -î</line></par>
</text>
</block>
<block><region><rect/></region>
<text>
<par>
<line>TJ</line></par>
</text>
</block>
<block><region><rect/></region>
<text>
<par/>
</text>
</block>
<block><region><rect/></region>
<text>
<par/>
</text>
</block>
<block><region><rect/></region>
<text>
<par>
<line>T</line></par>
</text>
</block>
<block><region><rect/></region>
<text orientation="RotatedClockwise">
<par>
<line>Spc/wn C . urht'(t{' Je t à ■two</line></par>
</text>
</block>






























































</page>
</AC2>