<?xml version="1.0" encoding="UTF-8"?><AC2>
<page width="1651" height="2335" resolution="200">
<block><region><rect/></region>
<text>
<par>
<line>/PQ.</line></par>
<par>
<line>Ministère d'Stat</line>
<line>Affaires Culturelles</line></par>
</text>
</block>
<block><region><rect/></region>
<text>
<par>
<line>République Française</line></par>
</text>
</block>
<block><region><rect/></region>
<text>
<par>
<line>Architecture</line></par>
</text>
</block>
<block><region><rect/></region>
<text>
<par>
<line>ARRETE</line></par>
</text>
</block>
<block><region><rect/></region>
<text>
<par>
<line>Le Ministre d'Etat chargé des Affaires Culturelles,</line></par>
</text>
</block>
<block><region><rect/></region>
<text>
<par>
<line>Vu la loi du 2 mai 1930 réorganisant la protection des</line>
<line>monuments naturels et des sites de caractère artistique</line>
<line>historique, scientifique, légendaire ou pittoresque et</line>
<line>notamment l'article 4,</line></par>
<par>
<line>Vu la loi du 12 avril 1943 portant réglementation de la</line>
<line>publicité et des enseignes et notamment les articles 5 et</line>
<line>9,</line></par>
<par>
<line>Vu le décret,du 3 février 1959^relati:^ aux attributions du</line>
<line>Ministre d'Etat,</line></par>
<par>
<line>Vu le décret du 24 juillet 1959 portant organisation du</line>
<line>Ministère chargé des iVffaires Culturelles,</line></par>
<par>
<line>Vu le décret du I8 mars 19-60 portant application du décret</line>
<line>du 7 février 1959 relatif au cqmping et notamment les ar¬</line>
<line>ticles 2 et 6,</line></par>
<par>
<line>Vu l'avis émis par la section permanente de la Commission</line>
<line>départementale dos sites, perspectives et paysages do</line>
<line>Loir-et-Cher, dans sa séahee du 19 juillet 1961,</line></par>
</text>
</block>
<block><region><rect/></region>
<text>
<par>
<line>ARRETE</line></par>
</text>
</block>
<block><region><rect/></region>
<text>
<par>
<line>Article 1er- Le Parc du château de GÜEPEAN, situé sur la</line>
<line>commune de Ivlonthou-sur-Cher est inscrit à l'Inventaire</line>
<line>des Sites pittoresques du département de Loir-et-Cher</line></par>
<par>
<line>Parcelles cadastrales visées i</line></par>
<par>
<line>Section P- numéros 9, 10, 11, 11 bis, 12, 12 bis, 13, 14,</line>
<line>T4 bis, T59 15 bis, 16 à 20, 23 à 40, 40 bis, 41 à 44,</line></par>
<par>
<line>45 bis, 4% 50, 54, 58 à 62 bis, 65 à 78 bis, 79, 79 Bis,</line>
<line>83 à 85, 89, 89 bis, 90-à 95, 97 à 98 bis, 99 à 107, 109 à</line>
<line>II5, 127, 128, 128 bis, 129 à 132, 134 à 136 et 139-</line></par>
</text>
</block>
<block><region><rect/></region>
<text>
<par>
<line>» • •</line></par>
</text>
</block>
<block><region><rect/></region>
<text>
<par>
<line>/</line></par>
</text>
</block>








</page>
<page width="1651" height="2335" resolution="200">
<block><region><rect/></region>
<text>
<par>
<line>Article 2 - Le présent arrôté sera notifié au Préfet du</line>
<line>âèpartGmGnt do Loir-et-Cherj au Maire de la conununo do</line>
<line>Monthou-sur-Cher, et au propriétaire intéressé, qui seront</line>
<line>responsables, chacun en ce qui le concerne, de son exécu¬</line>
<line>tion.</line></par>
<par>
<line>Article 3 - Il sera transcrit au bureau des hypothèques</line></par>
<par>
<line>de la situation du site inscrit.</line></par>
</text>
</block>
<block><region><rect/></region>
<text>
<par>
<line>Pait à Paris, le 10 septembre 1961</line>
<line>Par délégation</line></par>
<par>
<line>Le Directeur G-énéral de l'Architecture</line></par>
</text>
</block>
<block><region><rect/></region>
<text>
<par>
<line>Signés R.PERCHE!</line></par>
</text>
</block>
<block><region><rect/></region>
<text>
<par>
<line>Pr.ampliation</line>
<line>Pr.l'Administrateur Civil</line>
<line>chargé des Sites</line></par>
</text>
</block>
<block><region><rect/></region>
<text>
<par>
<line>y</line></par>
</text>
</block>
<block><region><rect/></region>
<text>
<par/>
</text>
</block>
<block><region><rect/></region>
<text>
<par>
<line>V-</line></par>
</text>
</block>
<block><region><rect/></region>
<text>
<par>
<line>H</line></par>
</text>
</block>
<block><region><rect/></region>
<text>
<par>
<line>R. COMBE</line></par>
</text>
</block>


</page>
</AC2>