<?xml version="1.0" encoding="UTF-8"?><AC2>
<page width="1653" height="2339" resolution="200">
<block><region><rect/></region>
<text>
<par>
<line>/</line></par>
</text>
</block>
<block><region><rect/></region>
<text>
<par>
<line>MINISTÈRE DE L’ÉQUIPEMENT, DU LOGEMENT,</line>
<line>DE L’AMÉNAGEMENT DU TERRITOIRE</line>
<line>ET DES TRANSPORTS</line></par>
<par>
<line>ENYIRONÎIEMENT</line></par>
<par>
<line>DIRECTION</line></par>
<par>
<line>DE L'ARCHITECTURE ET DE L'URBANISME</line></par>
</text>
</block>
<block><region><rect/></region>
<text>
<par>
<line>RÉPUBLIQUE FRANÇAISE</line></par>
</text>
</block>
<block><region><rect/></region>
<text>
<par>
<line>ARRÊTÉ</line></par>
</text>
</block>
<block><region><rect/></region>
<text>
<par>
<line>-Le Ministre Délégué auprès .du</line>
<line>Ministre de l'Équipement, du logement,</line></par>
<par>
<line>de l'Aménagement du Territoire et des Transports</line>
<line>chargé de l'Environnement</line></par>
<par>
<line>VU la loi du 2 mai 1930 réorganisant la protection des monuments naturels et</line>
<line>des sites de caractère artistique, historique, scientifique, légendaire ou</line>
<line>pittoresque modifiée par la loi n° 67 1174 du 28 décembre 1967 ;</line></par>
<par>
<line>VU les articles 4 et 5 du décret n° 69 607 du 13 juin 1969 portant application</line>
<line>de l'article 3.1 de la loi modifiée du 2 mai 1930 sur la protection des sites ;</line></par>
<par>
<line>VU le décret n° 70 288 du 31 mars 1970 relatif à la composition et au fonction¬</line>
<line>nement des commissions départementales et supérieure des sites ;</line></par>
<par>
<line>VU l'avis émis le 16 mars 1984 par le conseil municipal de Trois-Rivières ;</line></par>
<par>
<line>VU l'avis émis le 23 juin 1984 par la commission départementale des sites,</line>
<line>perspectives et paysages de la Guadeloupe ;</line></par>
<par>
<line>CONSIDERANT que le site formé par la Sucrerie et la Batterie de la Grande</line></par>
<par>
<line>Pointe sur la commune de Trois Rivières dans le département de la Guadeloupe</line></par>
<par>
<line>présente un caractère pittoresque et que sa conservation revêt un intérêt général</line></par>
<par>
<line>au sens de l'article 4 de la loi du 2 mai 1930 susvisée ;</line></par>
</text>
</block>
<block><region><rect/></region>
<text>
<par>
<line>ARRETE :</line></par>
<par>
<line>Article Ier : Est inscrit sur l'inventaire des sites pittoresques du département de</line>
<line>la Guadeloupe, l'ensemble formé sur la commune de Trois-Rivières par le site de</line>
<line>la Sucrerie et la Batterie de la Grande Pointe et délimité, comme suit, dans le</line>
<line>sens des aiguilles d'une montre, conformément au plan annexé au présent arrêté :</line></par>
<par>
<line>1)Section AL :</line></par>
<par>
<line>- la limite des sections AL/AN</line></par>
<par>
<line>- limite Nord de la parcelle 97 a et b</line></par>
<par>
<line>- limite Ouest de la parcelle 23</line></par>
<par>
<line>- limite Ouest du lieu-dit "Habitation Duquery"</line></par>
<par>
<line>- limite Sud des parcelles 186 et 179</line></par>
<par>
<line>- limite Est de la parcelle 179</line></par>
<par>
<line>- limite Sud e^ Est de la parcelle 177</line></par>
<par>
<line>- limite Est de la parcelle n° 3</line></par>
<par>
<line>- limite Nord des parcelles 187 et xOi</line></par>
<par>
<line>- limite Ouest de la parcelle n° 10</line></par>
<par>
<line>- la route nationale n° 1 de Pointe à Pitre à Basse-Terre</line></par>
<par>
<line>- les limites Ouest, Sud et Est de la parcelle 9 a (non comprise)</line></par>
</text>
</block>
<block><region><rect/></region>
<text>
<par/>
</text>
</block>



</page>
<page width="1664" height="2347" resolution="200">
<block><region><rect/></region>
<text>
<par>
<line>2</line></par>
</text>
</block>
<block><region><rect/></region>
<text>
<par>
<line>2) Section AK :</line></par>
<par>
<line>- le pont traversant la rivière la Coulisse</line></par>
<par>
<line>- la rivière la Coulisse</line></par>
<par>
<line>- les limites Est des parcelles n° 20 et 19</line></par>
<par>
<line>- la route nationale n° 1 de Pointe à Pitre à Basse-Terre</line></par>
<par>
<line>- les limites Sud et Est de la parcelle n® 28 a</line></par>
<par>
<line>- la limite Nord des parcelles n® 35 a et 43 a</line></par>
<par>
<line>- la limite des parcelles n ®s 30 a et 42</line></par>
<par>
<line>- la route nationale n° 1 de Pointe à Pitre à Basse-Terre</line></par>
<par>
<line>3) Section AH :</line></par>
<par>
<line>- la route nationale n® 1 à Pointe à Pitre à Basse-Terre</line></par>
<par>
<line>- la limite de la parcelle n ® 173 a avec les parcelles n °s 202 f et 202 b</line></par>
<par>
<line>- les limites Nord et Est de la parcelle 248 a</line></par>
<par>
<line>- la limite Est des parcelles 168 et 169 a et b.</line></par>
<par>
<line>4) Section AH, AK, AL :</line></par>
<par>
<line>- la côte Atlantique de l'angle Sud-Est de la parcelle n® 169 b (section AH)</line>
<line>jusqu'à la limite des sections AL/AN.</line></par>
<par>
<line>ARTICLE 2 : Le présent arrêté sera notifié au Préfet, Commissaire de la</line>
<line>République de Région, Commissaire de la République du département de la</line>
<line>Guadeloupe et au Maire de la commune de Trois-Rivières qui seront responsables,</line>
<line>chacun en ce qui le concerne, de son exécution.</line></par>
</text>
</block>
<block><region><rect/></region>
<text>
<par>
<line>^ ^ OCr. j98g</line></par>
</text>
</block>
<block><region><rect/></region>
<text>
<par>
<line>et par délégation</line></par>
</text>
</block>
<block><region><rect/></region>
<text>
<par>
<line>Pour ampliation;</line></par>
</text>
</block>
<block><region><rect/></region>
<text>
<par>
<line>Pour le Directeur de l'Architecture</line></par>
</text>
</block>
<block><region><rect/></region>
<text>
<par>
<line>et de l'Urbanisme</line>
<line>Le Sous-Directeur de la Mise</line>
<line>en Valeur et de la Protection</line></par>
</text>
</block>
<block><region><rect/></region>
<text>
<par>
<line>N. BOUCHÉ</line></par>
</text>
</block>


</page>
</AC2>