<?xml version="1.0" encoding="UTF-8"?><AC2>
<page width="2503" height="3525" resolution="300">
<block><region><rect/></region>
<text>
<par/>
</text>
</block>
<block><region><rect/></region>
<text>
<par/>
</text>
</block>
<block><region><rect/><rect/><rect/></region>
<text>
<par/>
</text>
</block>
<block><region><rect/><rect/><rect/></region>
<text>
<par/>
</text>
</block>
<block><region><rect/></region>
<text>
<par/>
</text>
</block>
<block><region><rect/></region>
<text>
<par/>
</text>
</block>
<block><region><rect/><rect/><rect/></region>
<text>
<par/>
</text>
</block>
<block><region><rect/></region>
<text>
<par>
<line>1/ J-R</line></par>
</text>
</block>
<block><region><rect/></region>
<text>
<par/>
</text>
</block>
<block><region><rect/></region>
<text>
<par>
<line>ûe la/.^p-nesae ô,eÉ/^rts</line></par>
</text>
</block>
<block><region><rect/><rect/><rect/></region>
<text>
<par>
<line>6 b (3.Rf! I;6^b'fcl'*QR</line></par>
<par>
<line>Rureaxi des sites</line></par>
</text>
</block>
<block><region><rect/></region>
<text>
<par>
<line>■ Cp /P /&gt;</line>
<line>’^&lt;i£cu^ ~.-yicg^£oC,.'C^...</line></par>
</text>
</block>
<block><region><rect/></region>
<text>
<par>
<line>...</line></par>
</text>
</block>
<block><region><rect/></region>
<text>
<par>
<line>//'</line></par>
</text>
</block>
<block><region><rect/></region>
<text>
<par>
<line>€/uwtiMœ-</line></par>
</text>
</block>
<block><region><rect/></region>
<text>
<par/>
</text>
</block>
<block><region><rect/></region>
<text>
<par>
<line>ARRETE</line></par>
</text>
</block>
<block><region><rect/></region>
<text>
<par>
<line>J^e Liinistre de la Jeunesse des Arts et des Aettres,</line></par>
</text>
</block>
<block><region><rect/></region>
<text>
<par>
<line>Vu la loi du 2 mai 1920 concernant la protection des monuments</line>
<line>naturels et des sites de caractère artistique, historique, scientifique,</line>
<line>légendaire ou pittoresque et notamment l’article 4,</line></par>
<par>
<line>vu l'avis émis par la Commission des sites, perspectives et</line>
<line>paysages de la Somme dans sa sesnce du 17 octoore 1945,</line></par>
<par>
<line>ARRETS : ' - R ■ ^</line></par>
<par>
<line>■ V ■;. Article 1er. 7--::Est-/inscrit,,sur-, 1;'inventaire; des sites pittoresques</line>
<line>de la Somme le cimetière' de la lladereinè à' Amiens','•''et la plantâtiOn-'-</line>
<line>routière du C.E. n°I9I en bordure de ce cimetière-</line></par>
<par>
<line>Rélimitation du site :</line></par>
</text>
</block>
<block><region><rect/><rect/></region>
<text>
<par>
<line>au nord-ouest - pa.r la limiite nord-ouest de la parcelle n^I section F</line>
<line>à l'ouest - par le C.I). rUI9I d'A'ciens à la chaussée Tirancourt</line></par>
<par>
<line>( rue St-::aur ic e )</line></par>
<par>
<line>au sud - par la limite sud de la parcelle n“ï</line>
<line>à l'Est - par le chemin de Vauvoioc</line></par>
<par>
<line>Sarcelles cadastrales visées :</line></par>
<par>
<line>section F feuille 10 - parcelles I à 4</line></par>
<par>
<line>? r O v) lû é t a i r e in t é r e s s é</line></par>
<par>
<line>la commune ( cimietière, sol et plantation du C.I). I9I)</line></par>
<par>
<line>Article 2.- Le présent arreté sera notifié au préfet du départe¬</line>
<line>ment pour les archives de la préi'eosure, au raaire de la commune d'Amiens</line>
<line>propriétaire, qui seront responsables chacun en ce fUi le concerne de</line>
<line>son cou eut ion.</line></par>
<par>
<line>le 18 SEPT</line></par>
<par>
<line>.Par Uj légation</line></par>
<par>
<line>le Jireote^vr île l'Architecture</line></par>
<par>
<line>: lip’il ellET</line></par>
</text>
</block>
<block><region><rect/></region>
<text>
<par>
<line>1947</line></par>
<par>
<line>(-</line></par>
</text>
</block>
<block><region><rect/></region>
<text>
<par>
<line>--</line></par>
</text>
</block>
<block><region><rect/></region>
<text>
<par>
<line>..I</line></par>
</text>
</block>






















</page>
</AC2>