<?xml version="1.0" encoding="UTF-8"?><AC2>
<page width="1704" height="2374" resolution="200">
<block><region><rect/></region>
<text>
<par>
<line>RÉPUBLIQUE FRANÇAISE</line></par>
</text>
</block>
<block><region><rect/><rect/><rect/></region>
<text>
<par>
<line>MINISTÈRE DE L’URBANISME</line></par>
<par>
<line>DU LOGEMENT</line>
<line>ET DESLm,NSPORTS</line></par>
<par>
<line>••••- - ''.ou''-'</line></par>
</text>
</block>
<block><region><rect/><rect/><rect/></region>
<text>
<par>
<line>i-U-</line></par>
</text>
</block>
<block><region><rect/></region>
<text>
<par>
<line>DÉCRET 20 DEC. 1^5</line></par>
</text>
</block>
<block><region><rect/><rect/><rect/><rect/><rect/><rect/></region>
<text>
<par>
<line>• T/ ; I</line></par>
<par>
<line>7 »Vi^^ortant classement paimi les sites du département du Morbihan</line>
<line>des remparts du P.4LAIS.</line></par>
</text>
</block>
<block><region><rect/></region>
<text>
<par>
<line>LE PREMIER MINISTRE</line></par>
</text>
</block>
<block><region><rect/></region>
<text>
<par>
<line>Sur le rapport du Ministre de l’Urbanisme, du Logement et des</line>
<line>Transports, \</line></par>
<par>
<line>\</line></par>
<par>
<line>VU la loi du 2 mai 1950 réorganisant la protection des monuments</line>
<line>naturels et des sites de caractère artistique, historiques,</line>
<line>scientifique, légendaire ou pittoresque modifiée par la loi</line>
<line>n° 67.1 174 du 28 décembre 1967 modifiée elle-même par la loi</line>
<line>n° 76.1285 du 31 décembre 1976, notamment l'article 5.1 et</line>
<line>le décret n° 69.607 du 13 juin 1969 pris pour son application ;</line></par>
<par>
<line>/</line></par>
<par>
<line>VU les conclusions de l'enquête pub.iique prescrite par arrêté</line>
<line>préfectoral en date du 21 juin .1982 ; ,</line></par>
<par>
<line>VU le décret n° 70.288 du 31 mars 1970 relatif à la conposition</line>
<line>et au fonctionnement des commissions départementales et</line>
<line>supérieure des sites ;</line></par>
<par>
<line>\TJ l'avis émis par la Commission départementale des sites, pers¬</line>
<line>pectives et paysages du MORBIHAN en date du 12 novembre "1982 ;</line></par>
<par>
<line>VU l'avis émis par la commission supérieure des sites en date du</line>
<line>12 octobre 1985 ;</line></par>
</text>
</block>
<block><region><rect/></region>
<text>
<par>
<line>Le Conseil d'Etai (Section des Travaux Publics) entendu :</line></par>
<par>
<line>CONSIDERANT que le site fûrmé par les remparts au PALAIS dans le département</line>
<line>du MORBIHAN compte tenu notamment de son remarquable degré de conservation</line>
<line>présente dans son ensemble, un intérêt général au sens de l'article 4 de</line>
<line>la loi du 2 mai 1950 susvisée.</line></par>
<par>
<line>ârr^</line></par>
</text>
</block>
<block><region><rect/></region>
<text>
<par>
<line>! 'P ‘ '</line></par>
<par>
<line>■J t Ji i</line></par>
</text>
</block>
<block><region><rect/></region>
<text>
<par>
<line>.O</line></par>
</text>
</block>
<block><region><rect/></region>
<text>
<par>
<line>r\</line></par>
<par>
<line>r</line></par>
<par>
<line>L.</line></par>
</text>
</block>

</page>
<page width="1653" height="2338" resolution="200">
<block><region><rect/></region>
<text>
<par>
<line>DECRETE</line></par>
</text>
</block>
<block><region><rect/></region>
<text>
<par>
<line>ARTICLE 1er - Est classé parmi les sites pittoresques du département du</line>
<line>MORBIHAN l’ensemble formé sur la commune du PAL4IS par le</line>
<line>site des remparts, délimité comme suit conforméaient au</line>
<line>plan cadastral ci-annexé en partant de l'angle sud de la</line>
<line>parcelle n° 19 (section AC) et dans le sens des aiguilles</line>
<line>d'une montre :</line></par>
<par>
<line>Section AC</line></par>
<par>
<line>. voie communale n° 12 ,</line></par>
<par>
<line>. voie communale n° 13</line></par>
<par>
<line>. faces sud-est, sud et sud-ouest de la parcelle n° 30</line>
<line>. face sud de la parcelle n° 32</line></par>
<par>
<line>. ligne joignant l'angle sud-ouest de la parcelle n° 32</line>
<line>à l'angle nord de la parcelle n° 61, jusqu'à son intersection</line>
<line>avec la ligne parallèle à la face sud-ouest de la parcelle n° 61</line>
<line>et située à 50 mètres en direction du sud-ouest.</line></par>
<par>
<line>. cette meme ligne en direction du nord-ouest jusqu'à son intersection</line>
<line>avec la face nord-ouest de la parcelle n° 32</line></par>
<par>
<line>. faces sud-ouest et nord-ouest de la parcelle n° 32 (pour partie)</line></par>
<par>
<line>. faces nord-ouest, nord-est et est de la parcelle n° 60,</line></par>
<par>
<line>. prolongement de la face est de la parcelle n° 60 en direction du</line>
<line>sud jusqu'à son intersection avec la ligne parallèle à la face</line>
<line>sud-ouest de la parcelle n° 61 et située à 25 mètres en direction</line>
<line>du sud-ouest</line></par>
<par>
<line>. cette même ligne en direction du sud-est jusqu'à son intersection</line>
<line>avec la face sud-est de la parcelle n° 61</line></par>
<par>
<line>. face sud-est de la parcelle n® 61 (pour partie)</line></par>
<par>
<line>. face nord-est de la parcelle n° 55</line>
<line>. face est des parcelles n° 54 et 52</line>
<line>. chemin des remparts</line>
<line>. rue des rençarts</line></par>
<par>
<line>. face nord-ouest de la parcelle n° 12</line></par>
<par>
<line>. limite du domaine public maritime, jusqu'au point de départ</line></par>
<par>
<line>II - OuvTage_de_BMUSOLEIL en partant de l'angle Est de la parcelle n° 255</line></par>
<par>
<line>(section AE) et dans le sens des aiguilles d'une</line>
<line>montre.</line></par>
</text>
</block>
<block><region><rect/></region>
<text>
<par/>
</text>
</block>




</page>
<page width="1692" height="2366" resolution="200">
<block><region><rect/></region>
<text>
<par>
<line>Section AE</line></par>
</text>
</block>
<block><region><rect/></region>
<text>
<par>
<line>. face sud de la parcelle n° 233,</line></par>
<par>
<line>. face sud de la parcelle n° 45 d sur une longueur de 50 mètres,</line></par>
<par>
<line>. ligne joignant le point situé à 50 mètres à l’ouest de l’angle</line>
<line>sud-est de la parcelle n° 43 sur sa face sud, à l’angle nord</line>
<line>de la parcelle n® 45 d.</line></par>
<par>
<line>. ligne joignant l’angle nord de la parcelle n® 43 d à l’angle est</line>
<line>de la parcelle n® 42.</line></par>
<par>
<line>Section AE</line></par>
</text>
</block>
<block><region><rect/></region>
<text>
<par>
<line>. face sud de la parcelle n® 252 (non comprise)</line></par>
<par>
<line>. face est de la parcelle n° 255.</line></par>
<par>
<line>.ARTICLE 2 - Le présent décret sera notifié au Préfet, Commissaire de</line></par>
<par>
<line>la République du Morbihan et au Maire de la commune du Palai</line></par>
<par>
<line>ARTICLE 3 - Le présent décret ainsi que le plan annexé pourront être</line></par>
<par>
<line>consultés à la Préfecture du Morbihan ainsi qu'à la mairie</line>
<line>du Palais.</line></par>
<par>
<line>ARTICLE 4 - Le iMinistre de l’Urbanisme, du Logement et des Transports</line></par>
<par>
<line>est chargé de l'exécution du présent décret qui sera publié</line>
<line>au Journal Officiel de la République Française.</line></par>
</text>
</block>
<block><region><rect/></region>
<text>
<par>
<line>Par le Premier Ministre</line></par>
<par>
<line>/</line></par>
<par>
<line>/</line></par>
</text>
</block>
<block><region><rect/></region>
<text>
<par>
<line>2 3 MC.</line></par>
<par>
<line>Fait à PARIS, le</line></par>
<par>
<line>laufsnî FASIU3</line></par>
<par>
<line>Le Ministre de l’Urbanisme,</line>
<line>du Logement et des Transports</line></par>
</text>
</block>
<block><region><rect/></region>
<text>
<par/>
</text>
</block>





</page>
<page width="1653" height="2338" resolution="200">
<block><region><rect/></region>
<text>
<par>
<line>■4</line></par>
</text>
</block>
<block><region><rect/></region>
<text>
<par>
<line>i</line></par>
</text>
</block>
<block><region><rect/></region>
<text>
<par>
<line>N</line></par>
</text>
</block>
<block><region><rect/></region>
<text>
<par>
<line>t</line></par>
</text>
</block>


</page>
</AC2>