<?xml version="1.0" encoding="UTF-8"?><AC2>
<page width="2483" height="3508" resolution="300">
<block><region><rect/></region>
<text>
<par>
<line>L’KUUCATION NATIONALE.</line>
<line>BEAUX-ARTS.</line></par>
</text>
</block>
<block><region><rect/></region>
<text>
<par>
<line>ARRÊTÉ.</line></par>
</text>
</block>
<block><region><rect/></region>
<text>
<par>
<line>Monumenta Historiques et Sites</line></par>
</text>
</block>
<block><region><rect/></region>
<text>
<par>
<line>Inventaire des Sites</line>
<line>dont la conservation présente</line>
<line>un Intérêt général</line></par>
</text>
</block>
<block><region><rect/></region>
<text>
<par/>
</text>
</block>
<block><region><rect/></region>
<text>
<par>
<line>Vu la loi du 'à mai 1930 concernant la protectioî</line>
<line>des Monuments naturels et des Sites de caractère nrtj</line>
<line>tique, historique, scientifique, légendaire ou pitto¬</line>
<line>resque et notamment l'article 4;</line></par>
</text>
</block>
<block><region><rect/></region>
<text>
<par>
<line>Sur la proposition de la Commission départements</line>
<line>des Monuments naturels et des Sites des CÔtes-du-îIord</line>
<line>au cours de sa séance du 24 novembre 1934;</line></par>
</text>
</block>
<block><region><rect/></region>
<text>
<par>
<line>A R lî U T E :</line></par>
<par>
<line>Article premier.</line></par>
<par>
<line>Est inscrite à l’inventaire des Sites dont la</line>
<line>conservation présente un intérêt général, par application</line>
<line>de l’article 4 de la loi du 2 mai 1930, la "descente de</line>
<line>l’Arcouest" en PLOUBAZLANEC (Cêtes-du-Bord), constituée pa</line>
<line>les parcelles cadastrales 338 à 348, 362 à 424, 426, 4</line>
<line>504 à 516, section A, qui appartiennent aux propriétaires</line>
<line>suivants:</line></par>
</text>
</block>
<block><region><rect/></region>
<text>
<par>
<line>Propriétaires Parcelles</line></par>
</text>
</block>
<block><region><rect/></region>
<text>
<par>
<line>Mme et E. ALBAR à l’Arcouest (héritiers</line></par>
<par>
<line>de Eme Geffroy Marie-Louise) . 407</line></par>
<par>
<line>MM, EALCOM Louis et Pranqois, enfants mineurs</line></par>
<par>
<line>à l’Arcoueijt . 343</line></par>
<par>
<line>BALCOR Yves, à Plouhazlanec . 504</line></par>
</text>
</block>
<block><region><rect/></region>
<text>
<par>
<line>Mlle de BEAUPRE, Chnteauneuf du Faou (Finistère) .... 403p</line></par>
</text>
</block>













</page>
<page width="2546" height="3552" resolution="300">
<block><region><rect/></region>
<text>
<par>
<line>PrOfriétaires</line></par>
</text>
</block>
<block><region><rect/></region>
<text>
<par>
<line>r^rcelTe D</line></par>
</text>
</block>
<block><region><rect/><rect/></region>
<text>
<par>
<line>(</line></par>
<par>
<line>6S. de BBRBAED du BHL'ÜIL Henri» Conseiller )</line></par>
<par>
<line>Municipal à Anpers (N'aine-et-Loire) (</line></par>
<par>
<line>MM. CAOUS Sylvestre, époux Gautier, à</line></par>
<par>
<line>IMrcouest .</line></par>
</text>
</block>
<block><region><rect/></region>
<text>
<par>
<line>CASTEEC Pernand, époux Cadic, à (</line></par>
<par>
<line>l'Aroouest .(</line></par>
</text>
</block>
<block><region><rect/></region>
<text>
<par>
<line>CORLOÜER Jacques, à l'Arcouest .</line></par>
<par>
<line>Biae GAUTIER Marie-Anne, épouse Gaoue, à</line></par>
<par>
<line>l’Arcouest .</line></par>
<par>
<line>M. GOURIOB Joseph, à Borasoul en Ploubaalaneo ..</line></par>
<par>
<line>Mme Vve GDEPY-HE0RY, née Altairac, 8 rue Pierre</line>
<line>Curie, Paria .</line></par>
<par>
<line>Mlle HEKRY Françoise, Institutrice en retraite</line>
<line>à Kervodin en Ploubaalaneo ......</line></par>
</text>
</block>
<block><region><rect/></region>
<text>
<par>
<line>M. HENRY Guillaume, à Kerminor-en-Ploubazlanoo</line></par>
<par>
<line>Mlle HENRY Jeanne, Louise, à Kerminor-en-</line></par>
<par>
<line>Ploubazlanec .</line></par>
<par>
<line>MM, HENRY Vincent (enfants) à Lannivez-en-</line></par>
<par>
<line>Ploubazlanec ...</line></par>
<par>
<line>LASBLEIZ Jean, à Lannivez-en-Ploubazlanec</line></par>
<par>
<line>LE BARBU frères à l'Aroouest .(</line></par>
<par>
<line>(</line></par>
<par>
<line>LE BON Gilles (enfanta) à l'Aroouest .</line></par>
<par>
<line>lE BOZEC Henri, à Bréhat .</line></par>
<par>
<line>Mme Vve LE BOZEC Pierre, à Bréhat ..(</line></par>
<par>
<line>(</line></par>
<par>
<line>M, LE CALVEZ Emile au bourg de Ploubazlaneo ...</line></par>
<par>
<line>Mlle LE OOLT.EH Mathilde à l'Aroouest .</line></par>
<par>
<line>Mlle LE CONIAT Mairie, Léooadie, à Lannion .</line></par>
</text>
</block>
<block><region><rect/></region>
<text>
<par>
<line>M, de 1'ESCALE Henri, 10 rue Jeanne d'Arc à (</line>
<line>Pontivy .(</line></par>
<par>
<line>Mme LE GOFF Marie-Joséphine, à l'Aroouest .</line></par>
<par>
<line>Mme Vve Le GOFF-LE PAGE Théophile, à (</line></par>
<par>
<line>l'Aroouest .(</line></par>
</text>
</block>
<block><region><rect/></region>
<text>
<par>
<line>K. LE ROUX Théophile, à Bréhat</line></par>
</text>
</block>
<block><region><rect/></region>
<text>
<par>
<line>366, 2B3p,</line>
<line>385, 386, 5</line>
<line>389, 390, 3</line></par>
<par>
<line>377, 381. 3</line></par>
<par>
<line>410, 4II. 4</line>
<line>509, 510, s:</line></par>
<par>
<line>344, 376, 5J</line></par>
<par>
<line>418, 419</line>
<line>340</line></par>
<par>
<line>382, 583p, :</line></par>
<par>
<line>347 , 351 , 36</line>
<line>383p, 506</line></par>
<par>
<line>40Ip, 403p</line></par>
<par>
<line>409p, 420, 4</line></par>
<par>
<line>513</line></par>
<par>
<line>338</line></par>
<par>
<line>397, 398. 39</line>
<line>404, 405, 41-</line></par>
<par>
<line>370</line></par>
<par>
<line>423</line></par>
<par>
<line>345, 346, 37i</line>
<line>379, 380</line></par>
<par>
<line>507, 512</line></par>
<par>
<line>372, 373</line></par>
<par>
<line>348, 505</line></par>
<par>
<line>374, 408, 413</line>
<line>417, 426</line></par>
<par>
<line>S69</line></par>
<par>
<line>362, 363, 365</line>
<line>371, 391 , 427</line></par>
<par>
<line>402</line></par>
<par>
<line>/.</line></par>
</text>
</block>























</page>
<page width="2502" height="3521" resolution="300">
<block><region><rect/></region>
<text>
<par>
<line>&lt;</line></par>
</text>
</block>
<block><region><rect/></region>
<text>
<par>
<line>;</line></par>
<par>
<line>f</line></par>
</text>
</block>
<block><region><rect/></region>
<text>
<par>
<line>'i</line></par>
<par>
<line>V</line></par>
<par>
<line>P|</line></par>
</text>
</block>
<block><region><rect/><rect/><rect/></region>
<text>
<par>
<line>(</line></par>
<par>
<line>y</line></par>
<par>
<line>r!</line></par>
</text>
</block>
<block><region><rect/></region>
<text>
<par>
<line>i</line></par>
<par>
<line>î'</line></par>
<par>
<line>i</line></par>
<par>
<line>I</line></par>
<par>
<line>!</line></par>
<par>
<line>i</line></par>
<par>
<line>li</line></par>
<par>
<line>i</line></par>
<par>
<line>I</line></par>
</text>
</block>
<block><region><rect/></region>
<text>
<par>
<line>“^roprlétalrea loü</line></par>
<par>
<line>Mme Vve LE SAU2 Tierre, née Le Coll on, à</line></par>
<par>
<line>Kervodin-en-Ploubazlanec . 4£2, 424</line></par>
</text>
</block>
<block><region><rect/></region>
<text>
<par>
<line>MM, MAURAIÎÎ Charles, Profeseeur à la Sorbonne</line></par>
<par>
<line>83, rue Lenfert-Iîochereau à Paris 393, 394</line></par>
<par>
<line>MAURAIK Jean, Chef du Cabinet du Président</line></par>
</text>
</block>
<block><region><rect/></region>
<text>
<par>
<line>du Sénat, 17,rue de Vaufirard,</line></par>
<par>
<line>Paris . 392</line></par>
<par>
<line>MICHEL Aupuste, à Bég;Brd (Côtes-ûU*tIord ) 373</line></par>
<par>
<line>Mme Vve PICHOH, 30 rue Hotre-Tiame à 5t-Brieuc 339, 341, 405,414,</line></par>
<par>
<line>Mme SAPOUL Jocoues, 7 rue du Commandant</line></par>
<par>
<line>Guilbaud , Paris .. 403p</line></par>
<par>
<line>MM. SCHIIELLER Eugène, 57 rue J.J. Rousseau</line></par>
<par>
<line>Parie 1er . 514, 515, oï6</line></par>
<par>
<line>SUVAGEîl Lucien, rue ue la Grande-Chau¬</line>
<line>mière, Paris VI® . 405p</line></par>
<par>
<line>Mme Vve VITAS Yves, Marie, à l'Arcouest . 363p, 364</line></par>
<par>
<line>COMMUEE (voies publiques) . a05p, 406</line></par>
</text>
</block>
<block><region><rect/></region>
<text>
<par>
<line>Article 2,</line></par>
</text>
</block>
<block><region><rect/></region>
<text>
<par>
<line>Le présent arrêté sera notifié ou Préfet du</line>
<line>département pour les archives de la préfecture, au l'aire</line>
<line>de la cOKiinune de PLOUBAZLAIJEG et aux propriétaires inté¬</line>
<line>ressés qui seront responsables, chacun en ce qui le jonce]</line>
<line>de son exécution.</line></par>
</text>
</block>
<block><region><rect/></region>
<text>
<par>
<line>Fait h PARIS, le</line></par>
<par>
<line>P.\n DilLLGAT.JrJ SPLC’ALL .</line></par>
<par>
<line>Kc COitt-cuu*., 0‘jL'(icj.at Glm cCvmuv. cVà.</line></par>
</text>
</block>
<block><region><rect/></region>
<text>
<par/>
</text>
</block>
<block><region><rect/></region>
<text>
<par/>
</text>
</block>
<block><region><rect/></region>
<text>
<par>
<line>cr.. I,;</line></par>
</text>
</block>

















</page>
</AC2>