<?xml version="1.0" encoding="UTF-8"?><AC2>
<page width="1653" height="2336" resolution="200">
<block><region><rect/></region>
<text orientation="RotatedCounterclockwise">
<par>
<line>85-385-J. 4973-38. [36292-2]</line></par>
</text>
</block>
<block><region><rect/></region>
<text>
<par>
<line>PP/GM</line></par>
</text>
</block>
<block><region><rect/></region>
<text>
<par>
<line>MLMSXÈKE i</line></par>
<par>
<line>DE</line></par>
<par>
<line>L’ÉDUCATION NATIONALE.</line></par>
</text>
</block>
<block><region><rect/></region>
<text>
<par/>
</text>
</block>
<block><region><rect/></region>
<text>
<par>
<line>neAUX-ARTs.</line></par>
</text>
</block>
<block><region><rect/></region>
<text>
<par>
<line>Inventaire des Sites</line>
<line>dont la conservation présente</line>
<line>un intérêt général.</line></par>
</text>
</block>
<block><region><rect/></region>
<text>
<par>
<line>î</line></par>
</text>
</block>
<block><region><rect/></region>
<text>
<par>
<line>ARRETE.</line></par>
</text>
</block>
<block><region><rect/></region>
<text>
<par>
<line>S«crit&amp;lre cl*Et-tt h</line>
<line>Le Ministr9^d® l’Education nation.ile,</line></par>
</text>
</block>
<block><region><rect/></region>
<text>
<par>
<line>Vu la loi du 2 mai 1980 réorganisant la proleclion des monumcnls oylu-</line>
<line>rels et des sites de caractère artistique, historique, scientifique, légendaire ou</line>
<line>pittoresque et notamment l’article 4;</line></par>
</text>
</block>
<block><region><rect/></region>
<text>
<par>
<line>Sttc:ia^piX)pœii^ancéGciac€ct]aumsek&gt;nwlQipavlsmKjK^</line></par>
</text>
</block>
<block><region><rect/></region>
<text>
<par>
<line>*ei»j£ttfidi!s.'aïUwdw Vu I*arr9t8 du 10 koût 1942 pris pkr</line>
<line>«pplication d# Isi loi du II 5uill*t; 1942;</line></par>
</text>
</block>
<block><region><rect/></region>
<text>
<par>
<line>Arrête :</line></par>
<par>
<line>r</line></par>
<par>
<line>ARTICLE PREMIER.</line></par>
<par>
<line>Est inscrit sur 1'Inv»nt «tir® d®s Sitas dont la</line></par>
<par>
<line>J- ^</line></par>
<par>
<line>conservatioi présent* un intérêt général l*®ns®ffibl® du</line>
<line>r«l4iis du Grand Pont“V*iXj •n COîaQUERRUIL (Loir*-InIé-</line>
<line>ri®ur») comprenwntl*Host:*ll#ri« St®-M*rgu*rit« «t s*3</line>
<line>dépendances, Ij» Chkpelle, It cidrerie et son pressoir,</line>
<line>le cellier, le pigeonnier et les écuries, ainsi que</line>
<line>1-'allée de chenes qui y conduit, figurant au cadastre</line></par>
<par>
<line>sous âesn* 396 (exception fait# du manoir d# construc-</line></par>
<par>
<line>c</line></par>
<par>
<line>tion récente); 399 et 404 de'^-jLa Section F et apparte¬</line>
<line>nant à m du SAINT,'Manoir d# Pont-Veix, en CONQUÏÏRKUI</line>
<line>En ce qui concerne les immeubles bâtis, la mesure</line>
<line>vise les façades, élévations et toitures-</line></par>
</text>
</block>











</page>
<page width="1666" height="2345" resolution="200">
<block><region><rect/></region>
<text>
<par>
<line>r'</line></par>
</text>
</block>
<block><region><rect/></region>
<text>
<par>
<line>ART. 2,</line></par>
</text>
</block>
<block><region><rect/><rect/></region>
<text>
<par>
<line>Le présent arrête sera nolülé au Préfet du département pour les archives</line>
<line>de la préfecture, au Maire de la commune d* Cû[\IiUBRÏÏUIL «t m.u. proprié tkir#</line></par>
<par>
<line>intéressé,</line></par>
<par>
<line>qui seront responsables, chacun en ce qui le concerne, de son exécution.</line></par>
</text>
</block>
<block><region><rect/></region>
<text>
<par>
<line>Paris, le</line></par>
</text>
</block>
<block><region><rect/><rect/></region>
<text>
<par>
<line>Pir .délégation,</line></par>
<par>
<line>L* Conseiller</line>
<line>SecretSlire Général</line>
<line>?s Bcaux-A^ts,</line></par>
</text>
</block>
<block><region><rect/></region>
<text>
<par/>
</text>
</block>







</page>
</AC2>