<?xml version="1.0" encoding="UTF-8"?><AC2>
<page width="1665" height="2345" resolution="200">
<block><region><rect/></region>
<text>
<par>
<line>AIINISTKBK</line></par>
</text>
</block>
<block><region><rect/></region>
<text>
<par>
<line>RÉPUBLIQUE FRANÇAISE.</line></par>
</text>
</block>
<block><region><rect/></region>
<text>
<par>
<line>\-</line></par>
</text>
</block>
<block><region><rect/></region>
<text>
<par/>
</text>
</block>
<block><region><rect/></region>
<text>
<par>
<line>Q</line></par>
</text>
</block>
<block><region><rect/></region>
<text>
<par>
<line>UK</line></par>
</text>
</block>
<block><region><rect/></region>
<text>
<par>
<line>BEAUX-ARTS.</line></par>
</text>
</block>
<block><region><rect/></region>
<text>
<par>
<line>ARRETE.</line></par>
</text>
</block>
<block><region><rect/></region>
<text>
<par>
<line>Inventaire des Sites</line>
<line>cloht la conservation présente</line>
<line>un intérêt général.</line></par>
</text>
</block>
<block><region><rect/></region>
<text>
<par>
<line>} Le Ministre de rEdiioation Istitionalo</line></par>
<par>
<line>/ Soas-Seuéluiie d'Èlal des Iieaax-Arts7~</line></par>
<par>
<line>)</line></par>
<par>
<line>/</line></par>
<par>
<line>[</line></par>
<par>
<line>. Vu la loi du 2 mai 1980 réorganisant la protection des monuments nalu-</line>
<line>' rels et des sites de caractère artistique, historique, scientifique, légendaire ou</line></par>
<par>
<line>( pittoresque et-notamment l’article 4 ;</line></par>
<par>
<line>I</line></par>
<par>
<line>.Sur la proposition de la Commission départementale des monuments natu-</line>
<line>( reis et des sites d 6 lô Loire-Inférieure au cours de sa sésnc</line></par>
<par>
<line>I</line></par>
<par>
<line>21 Juin 1934 ;</line></par>
<par>
<line>A</line></par>
<par>
<line>, A S R K T 12</line></par>
</text>
</block>
<block><region><rect/></region>
<text>
<par>
<line>Article premier</line></par>
</text>
</block>
<block><region><rect/></region>
<text>
<par>
<line>Sst inscrite à l’inventaire des sites do</line>
<line>la conservation présente un intérêt général, une bande</line>
<line>terrains de 15 mètres de profondeur prise de chaque cot</line>
<line>de la Sèvre dans la traversée de la ville de Clisson ‘</line>
<line>(Loire-Inférieure), sur les parcelles suivantes :</line></par>
</text>
</block>
<block><region><rect/></region>
<text>
<par>
<line>Rive droite -</line></par>
<par>
<line>Section B de la ville, parcelles Nos. 740 - 742 - 743 )</line></par>
<par>
<line>744 - 752 - 753 (</line></par>
<par>
<line>Çi \</line></par>
<par>
<line>O ■ . ' /</line></par>
</text>
</block>
<block><region><rect/></region>
<text>
<par>
<line>n</line></par>
</text>
</block>
<block><region><rect/></region>
<text>
<par>
<line>” , parcelles Nos* 735là 739' inclus(</line></par>
</text>
</block>
<block><region><rect/></region>
<text>
<par/>
</text>
</block>
<block><region><rect/><rect/></region>
<text>
<par>
<line>^Ive gauche - -</line></par>
<par>
<line>" Section D de la ville, parcelles Nos. 143 - 144 - 145 )</line></par>
</text>
</block>
<block><region><rect/></region>
<text>
<par>
<line>(</line></par>
</text>
</block>
<block><region><rect/></region>
<text>
<par>
<line>n tf</line></par>
</text>
</block>
<block><region><rect/></region>
<text>
<par>
<line>, parcelle N® 148</line></par>
</text>
</block>
<block><region><rect/></region>
<text>
<par>
<line>appartenant à</line>
<line>Mme. Vve.GUïSEINî</line>
<line>à Cholet</line></par>
<par>
<line>appartenant à</line>
<line>Mw Pierre MECHE</line>
<line>à Clisson</line></par>
</text>
</block>
<block><region><rect/></region>
<text>
<par>
<line>à Mae. Vve. PALI</line>
<line>à Clisson</line></par>
<par>
<line>appartenant à</line>
<line>M* LANGLOIS à</line>
<line>Nantes</line></par>
</text>
</block>
<block><region><rect/></region>
<text>
<par/>
</text>
</block>











</page>
<page width="1701" height="2370" resolution="200">
<block><region><rect/></region>
<text>
<par>
<line>A-RftÈ-TtH</line></par>
</text>
</block>
<block><region><rect/></region>
<text>
<par>
<line>■ARTICLE 'PREMIER.</line></par>
</text>
</block>
<block blockType="Table" blockName="" l="545" t="441" r="951" b="952"><region><rect/></region>
<row>
<cell leftBorder="White" topBorder="White" rightBorder="White" bottomBorder="White" width="193" height="69">
<text>
<par>
<line>parcelles</line></par>
</text></cell>
<cell leftBorder="White" topBorder="White" rightBorder="White" bottomBorder="White" width="97" height="69">
<text>
<par>
<line>Nos.</line></par>
</text></cell>
<cell leftBorder="White" topBorder="White" rightBorder="White" bottomBorder="White" width="116" height="69">
<text>
<par>
<line>657 -</line></par>
</text></cell></row>
<row>
<cell leftBorder="White" topBorder="White" rightBorder="White" bottomBorder="White" width="193" height="101">
<text>
<par>
<line>Parcelle</line></par>
</text></cell>
<cell leftBorder="White" topBorder="White" rightBorder="White" bottomBorder="White" width="97" height="101">
<text>
<par>
<line>N®</line></par>
</text></cell>
<cell leftBorder="White" topBorder="White" rightBorder="White" bottomBorder="White" width="116" height="101">
<text>
<par>
<line>663 ■</line></par>
</text></cell></row>
<row>
<cell leftBorder="White" topBorder="White" rightBorder="White" bottomBorder="White" width="193" height="120">
<text>
<par>
<line>parcelle</line></par>
</text></cell>
<cell leftBorder="White" topBorder="White" rightBorder="White" bottomBorder="White" width="97" height="120">
<text>
<par>
<line>N®</line></par>
</text></cell>
<cell leftBorder="White" topBorder="White" rightBorder="White" bottomBorder="White" width="116" height="120">
<text>
<par>
<line>666</line></par>
</text></cell></row>
<row>
<cell leftBorder="White" topBorder="White" rightBorder="White" bottomBorder="White" width="193" height="133">
<text>
<par>
<line>parcelles</line></par>
</text></cell>
<cell leftBorder="White" topBorder="White" rightBorder="White" bottomBorder="White" width="97" height="133">
<text>
<par>
<line>Nos.</line></par>
</text></cell>
<cell leftBorder="White" topBorder="White" rightBorder="White" bottomBorder="White" width="116" height="133">
<text>
<par>
<line>667 -</line></par>
</text></cell></row>
<row>
<cell leftBorder="White" topBorder="White" rightBorder="White" bottomBorder="White" width="193" height="88">
<text>
<par>
<line>parcelle</line></par>
</text></cell>
<cell leftBorder="White" topBorder="White" rightBorder="White" bottomBorder="White" width="97" height="88">
<text>
<par>
<line>K®</line></par>
</text></cell>
<cell leftBorder="White" topBorder="White" rightBorder="White" bottomBorder="White" width="116" height="88">
<text>
<par>
<line>669</line></par>
</text></cell></row>
</block>
<block><region><rect/></region>
<text>
<par>
<line>)appartenant à M, le j</line>
<line>(DOITSSAIK, à Clisson</line></par>
<par>
<line>) Mne. Vve. LOIRET</line>
<line>( à Clisson</line></par>
<par>
<line>appartenant à</line>
<line>M. RSNOLLEAÜ -teint</line>
<line>i rier - à Clisson</line></par>
<par>
<line>} appartenant à M*</line></par>
<par>
<line>( GüiOEETEAU -horloge:</line>
<line>} à Clisson</line></par>
<par>
<line>) appartenant à il» Pa'</line></par>
<par>
<line>{ TEIBA-UD à Clisson</line></par>
</text>
</block>
<block><region><rect/></region>
<text>
<par>
<line>parcelles Nos. 574 - 575</line></par>
<par>
<line>s ...</line></par>
<par>
<line>ART.*^2.</line></par>
</text>
</block>
<block><region><rect/></region>
<text>
<par>
<line>appartenant à</line>
<line>ü*CHIJBIN-PiLaHAR.Iî à</line>
<line>Clisson</line></par>
</text>
</block>
<block><region><rect/></region>
<text>
<par>
<line>Le présent arrêté sera notifié an Préfet du département pour les archives</line>
<line>de la préfecture, au Maire de la commune (la Clisson et aux propriétaires</line></par>
<par>
<line>ci-dessus indiqués,</line></par>
</text>
</block>
<block><region><rect/></region>
<text>
<par>
<line>qui seront responsables, chacun en ce qui le concerne, de son exécution.</line></par>
</text>
</block>
<block><region><rect/></region>
<text>
<par>
<line>(</line></par>
<par>
<line>\</line></par>
<par>
<line>)</line></par>
</text>
</block>
<block><region><rect/></region>
<text>
<par>
<line>iw.ic ‘/OAO'iJ ET/f'</line></par>
<par>
<line>&lt; PAR Ds-L£GAT!OM SPÉCIALE?</line>
<line>jSe L53ltccUlit Généxix^</line></par>
</text>
</block>
<block><region><rect/></region>
<text>
<par>
<line>■/.‘L</line></par>
</text>
</block>
<block><region><rect/></region>
<text>
<par/>
</text>
</block>
<block><region><rect/></region>
<text>
<par>
<line>74'</line></par>
</text>
</block>
<block><region><rect/></region>
<text>
<par>
<line>(</line></par>
</text>
</block>
<block><region><rect/></region>
<text>
<par>
<line>1</line></par>
</text>
</block>















</page>
</AC2>