<?xml version="1.0" encoding="UTF-8"?><AC2>
<page width="2511" height="3531" resolution="300">
<block><region><rect/></region>
<text>
<par>
<line>1967Quimper_ensembles_urbains</line>
<line>COPIE FOUR information</line></par>
</text>
</block>
<block><region><rect/></region>
<text>
<par>
<line>LV/PQ</line></par>
</text>
</block>
<block><region><rect/></region>
<text>
<par>
<line>République Française</line></par>
</text>
</block>
<block><region><rect/></region>
<text>
<par>
<line>Ministère d'Etat</line>
<line>, : A,f f air e s ■ Gui tùr elles</line></par>
</text>
</block>
<block><region><rect/></region>
<text>
<par>
<line>ARRETE</line></par>
</text>
</block>
<block><region><rect/></region>
<text>
<par>
<line>lë Ministre d'Etat chargé</line>
<line>des Affaires Culturelles</line></par>
</text>
</block>
<block><region><rect/></region>
<text>
<par>
<line>Vu là loi du 2 mai 1930 réorganisant la protection des</line>
<line>monuments naturels et des sltes.de caractère artisti¬</line>
<line>que, historique,, scientifique,, légendaire ou pitto¬</line>
<line>resque et notamment l'article 4j</line></par>
<par>
<line>Vu la loi du 12 avril .194-3 portant ..règlementation de</line>
<line>la publicité- et. des enseignes et., notamment les</line>
<line>aiytlcles ;5'. et 9? / 9 :</line></par>
<par>
<line>Vu' le'décret du 3 février 1959 relatif aux attributions</line>
<line>-d'un Ministre d.'Etatj; . ,</line></par>
<par>
<line>Vu le'’décret": du 24 j.ui.llet;1;959 portant organisation</line>
<line>:- 'duVMinistère des. Affaires Culturelles;</line></par>
<par>
<line>Vü'le décret du 18 mars I960 portant application du</line>
<line>décret du 7 février 1959 relatif..,au camping, et</line>
<line>notamraent les. articles 2 et 6&gt; -</line></par>
<par>
<line>Vu l'arrêté du 3 novembre. 1911 classant parmi les sites</line>
<line>le mont ERUGY (propriété communale) à QüIMPER;</line></par>
<par>
<line>■ .Vu l-'arbêté • du 5 septembre' 19'42' inscrivant sur l'inven¬</line></par>
<par>
<line>taire des sites le cours et les berges de l'Odet</line></par>
<par>
<line>■ -oet-leurs''abords à QUIMPER,.</line></par>
<par>
<line>.■...Vu ^lés. arrêtés des 26 décèmbré 1962 et 13 février 1963</line>
<line>Oclassànt et. inscrivant - suh l'inventaire des sites</line>
<line>. la r.Place Terre au Duc et les' immeubles qui la bordent</line>
<line>' à QU IMPER; O' ^</line></par>
<par>
<line>'Vu'l'avis émis'par la Commission départementale des</line>
<line>. ., -.'sites, perspectives et paysages du Finistère dans</line>
<line>. , ' ses ..séances des 9 juillet 1963 et 14 mai 1964;</line></par>
<par>
<line>'. -0: -0.9^.-' A R' -R E T E : ■ q-■ V- b;.': r/vv :.r</line></par>
<par>
<line>Article 1er s Sont inscrits sur l'inventaire, des sites</line>
<line>pittoresques du département du Finistèr-e.,.,les deux</line>
<line>ensembles urbains formés sur le territoire 'de la ville</line></par>
<par>
<line>/</line></par>
</text>
</block>
<block><region><rect/></region>
<text>
<par>
<line>Page 1/1</line></par>
</text>
</block>




</page>
<page width="2372" height="3356" resolution="287">
<block><region><rect/></region>
<text>
<par>
<line>1967Quimper_ensembles_urbains</line></par>
</text>
</block>
<block><region><rect/></region>
<text>
<par>
<line>- 2 -</line></par>
</text>
</block>
<block><region><rect/></region>
<text>
<par>
<line>de QUUvIPER et délimités par les périmètres suivants ;</line></par>
<par>
<line>.’ ... f</line></par>
<par>
<line>. ■ . ■ I</line></par>
<par>
<line>1 0- la Rampe du Pichéry, |</line></par>
<par>
<line>- la rue G-oarem-Pro, |</line></par>
<par>
<line>- la Place du Champ de Poire,</line></par>
<par>
<line>- la rue des' Douves, i i</line></par>
<par>
<line>' - la rue Luzel, i</line></par>
<par>
<line>- la rue Juniville,</line></par>
<par>
<line>- Le Boulevard Amiral Kerguelen,</line></par>
<par>
<line>- la ;rue ' du Parc., '</line></par>
<par>
<line>- là' rue René 'Madec, ■</line></par>
<par>
<line>- la Venelle du Poivre,</line></par>
<par>
<line>- la rue ' Là’énnec, ' i</line></par>
<par>
<line>- les Venelles de la Gaze et du Pain cuit, ;</line></par>
<par>
<line>- la rue du Chapeau Rouge,, '</line></par>
<par>
<line>- la venelle du Moulin au Duc,</line></par>
<par>
<line>- la rive Ouest du Steïr jusqu'au droit du déversoir,|</line></par>
<par>
<line>- et la rue P.en ar .Steïr, jusqu’à la Rampe du Pichéryj</line></par>
<par>
<line>En ce qui’ concerne la rue René Madec, la venelle |</line></par>
<par>
<line>au Poivre, la rue La'ënnec, les venelles de la Gaze et j</line></par>
<par>
<line>du Pain cuit,, la rue du Chapeau Rouge, et la venelle !</line>
<line>' du'Moulin au Duc, cette mesure' s'applique aux immeu- !</line>
<line>Lies bordant .les deux, côtés de, ces rues et venelles. ;</line></par>
<par>
<line>2°- la Place du Styvel, ,</line></par>
<par>
<line>- les allées de Locmaria,</line></par>
<par>
<line>- le Mont Prugy (lim.ite de .la propriété communale),</line></par>
<par>
<line>' - la rue Haute,</line></par>
<par>
<line>- la rue du Chanoine'Moreau</line></par>
</text>
</block>
<block><region><rect/></region>
<text>
<par>
<line>et la rivière de, l’Odet jusqu'à- la Place du Styvel.</line></par>
<par>
<line>Article 2. s Le présent- arrêté, qui complète les arrêtés</line>
<line>"de classement et d'inscription sur l'inventaire sus¬</line>
<line>visés^ sera notifié, au Préfet du département du Pinistèi</line>
<line>et,au Maire de la commune dé QUIMPSR qui seront res¬</line>
<line>ponsables, chacun en ce qui le concerne, de son exécu -</line>
<line>tion.</line></par>
<par>
<line>. . Paris, le 10 mars 1965 ,</line></par>
<par>
<line>: Pouf le Ministreiet par délégation</line></par>
<par>
<line>- . r Le Maître des Requêtes au Conseil d'Etat</line></par>
<par>
<line>Directeur de l'Architecture</line></par>
</text>
</block>
<block><region><rect/></region>
<text>
<par>
<line>Pour ampliation</line>
<line>P.1'Administrateur Civil</line>
<line>chargé des Sites ;</line></par>
</text>
</block>
<block><region><rect/></region>
<text>
<par>
<line>/</line></par>
</text>
</block>
<block><region><rect/></region>
<text>
<par>
<line>c</line></par>
</text>
</block>
<block><region><rect/></region>
<text>
<par>
<line>signe ; R. COMBE</line></par>
</text>
</block>
<block><region><rect/></region>
<text>
<par>
<line>signé i Max QUERRIEN</line></par>
</text>
</block>
<block><region><rect/></region>
<text>
<par>
<line>Page 1/1</line></par>
</text>
</block>




</page>
</AC2>