<?xml version="1.0" encoding="UTF-8"?><AC2>
<page width="1683" height="2360" resolution="200">
<block><region><rect/><rect/></region>
<text>
<par>
<line>Î5KK</line></par>
</text>
</block>
<block><region><rect/><rect/><rect/></region>
<text>
<par>
<line>:STERE DE L'ENVIRONNKMEHT</line>
<line>ET. DTf CADRE DE VIE</line></par>
</text>
</block>
<block><region><rect/></region>
<text>
<par>
<line>-1-</line></par>
<par>
<line>reotlon do I*Ürbàni9ail</line>
<line>et des Fa^^sagefl</line></par>
</text>
</block>
<block><region><rect/></region>
<text>
<par>
<line>rtdr^uBüouc prançaiss</line></par>
</text>
</block>
<block><region><rect/></region>
<text>
<par>
<line>ARRÊTÉ</line></par>
</text>
</block>
<block><region><rect/></region>
<text>
<par>
<line>I</line></par>
</text>
</block>
<block><region><rect/></region>
<text>
<par>
<line>X)!SCX3i^^3(c%Xm^</line></par>
<par>
<line>Le Ministre de l'Environnonent</line>
<line>et du Cadre de Vie.</line></par>
</text>
</block>
<block><region><rect/></region>
<text>
<par>
<line>Tïï Xa loi du 2 siai 195.O rébreaulesni la protection des aornuaenta</line>
<line>naturels et des sites de caractère artlstiquet historique;</line>
<line>'scientifique, légendaire ou pittoresque, codifiée par la loi</line>
<line>n* 67«1174 du 26 décembre 19^7» et notamment les articles 5*1 i</line>
<line>7f S et 12 I ■ '</line></par>
<par>
<line>VU le décret n* 69«d07 du 13 juin 1969 portant application de !</line></par>
<par>
<line>X'artiole 3».t do la loi aodlfiée du 2 mal 193O sur la proiection ]</line>
<line>deê'sites | - -</line></par>
<par>
<line>*•4 * • * • ;</line></par>
<par>
<line>,yv le décret n* 70.208 du 3I mars 1970 relatif à la oqmpositioa</line>
<line>et au fonotlonnement des ooimaloBions départementales et</line>
<line>oupérieurea des sites | !</line></par>
<par>
<line>W les eonoluslpns de l'enquête effectuée on applloatlcn de 3t'artiole\</line>
<line>^ ^ 3*1 «usvisé* do.la loi du 2 mai 1930 modifiée et dos-^axtloles 4 ^</line></par>
<par>
<line>et 5 du décret »• 69.607 du I3 juin I969 t</line></par>
<par>
<line>TU l'avis émis par la Gommlseion départementale des Sites, perspeo**- |</line>
<line>tlves et paysages de la Guadeloupe dans sa séanoe du</line>
<line>14 novembre I979 t</line></par>
<par>
<line>TU l'avis émis par la Oommission Supérieure des Sites dans ea</line>
<line>, séance du 15 mai 1979 I</line></par>
<par>
<line>TU l'avis favorable au projet de cXassemont ébis par le Ministre</line>
<line>du Budêet dans sa lettre en date du 15 décembre 1979 I</line></par>
<par>
<line>TU i'avla favorable au projet de olasBemcnt du domaine public</line>
<line>maritime émis par le Mnlstre des Transports dans sa lettre</line>
<line>en date du 24 janvier 198O j</line></par>
<par>
<line>La Conseil d'Etat (section de l'Intérieur) entendu 1</line></par>
<par>
<line>CONSIDERANT que le site formé par l'Anse è. la Barque dans le</line>
<line>département de la Guadeloupe présente un caractère pittoresque</line>
<line>et que sa conoervatlon rev&amp;t un intérêt général au sens de'</line>
<line>l'article 4 de la loi du 2 mai 1930 susvisée ;</line></par>
</text>
</block>
<block><region><rect/></region>
<text>
<par>
<line>• ••</line></par>
</text>
</block>







</page>
<page width="1653" height="2339" resolution="200">
</page>
<page width="1653" height="2339" resolution="200">
<block><region><rect/></region>
<text>
<par>
<line>2</line></par>
</text>
</block>
<block><region><rect/><rect/></region>
<text>
<par>
<line>À R R B V E t</line></par>
</text>
</block>
<block><region><rect/></region>
<text>
<par>
<line>•j</line></par>
<par>
<line>■j</line></par>
</text>
</block>
<block><region><rect/></region>
<text>
<par>
<line>ARTICLE 1er » Est claesé parmi les sites pittoresques du département</line>
<line>de la Guadeloupe^ 1*ensemble formé sur les communes dé BOUILLANTE et :.</line>
<line>de VIEUX HABITANTS par le site de l*Anse à la Barque* délimité,</line>
<line>conformément au plan annexé et comprenant les paroeXles. cadastrales</line>
<line>suivantes i</line></par>
<par>
<line>Section AK</line></par>
<par>
<line>a) £â££SliSS-.S2îil£S2</line></par>
<par>
<line>B* 22 (a, b) s 25 fa, b) j 24 (a, b) t 25 (a,) { 2fi | 27 I ;</line></par>
<par>
<line>28 (a, b) J 31 U, b) , 57 (b) I 135 (a, b, o, 4) |</line></par>
<par>
<line>SS£2SÎiÊ£_E2£ii2liS2</line></par>
<par>
<line>•&gt; Partie de la parcelle n*19 limitée au nord par une lionne ‘</line></par>
<par>
<line>de 00 mëtres perpendiculaires au rivage reliant le point j</line></par>
<par>
<line>commun aux parcelles 155, 152 et 18 a au dit rivage</line></par>
<par>
<line>- Partie de la paroelle n* 37 u limitée au nord par le chemin |</line>
<line>de servitude reliant la parcelle 109 à la parcelle/29« |</line></par>
<par>
<line>, • ; . ... i</line></par>
<par>
<line>Section AT</line></par>
<par>
<line>n* 2 J 5 5 4 S 5 (a, b, o) I 6 I 7 » 9 » 216 (a, b, c,) r I</line>
<line>219 (a) I 222 s 227 t 228</line></par>
<par>
<line>î</line></par>
<par>
<line>-* Partie de la paroelle 221 limitée au sud par une ligne de !</line>
<line>25 mètres prolongeant-la limite sud-ést de la parcelle 222</line>
<line>jusqu'au rivage.</line></par>
</text>
</block>
<block><region><rect/><rect/><rect/><rect/></region>
<text>
<par>
<line>ARTICLE 2 - Est classé perml les sites l'ensemble constitué par le</line>
<line>domaine public maritime sur une profondeur de 300 m à compter de</line>
<line>sa limite terrestre conformément aux déllmitestions .fig&gt;irant sur les</line>
<line>plans cadastraux ci**annexé8*</line></par>
<par>
<line>ARTICLE 5 *■ Le Ministre des Transports (Direction des Ports et de la</line>
<line>Navigation Maritimes - Service des Phares et Balises) pourra sauf</line>
<line>autorisation préalable, procéder aux travaux de balisage et de signa«&gt;</line>
<line>lisation maritimes nécessaires au maintien de la sécurité de la</line>
<line>navigation.</line></par>
</text>
</block>
<block><region><rect/></region>
<text>
<par>
<line>ARTICLE 4 - Le présent arrêté sera'notifié au Préfet du département</line>
<line>de la Guadeloupe, aux iMaires des communes de BOUILLANTE et de VIEUX</line>
<line>HABITANTS ainsi qu'aux propriétaires intéressés.</line></par>
</text>
</block>
<block><region><rect/><rect/><rect/><rect/></region>
<text>
<par>
<line>ARTICLE 3 r .Le Ministre de l'Environnement et du Cadre de Vie est</line>
<line>chargé de l'exécution du présent arrêté qui sera publié au Journal</line>
<line>Officiel de la République Prançaise#</line></par>
</text>
</block>
<block><region><rect/></region>
<text>
<par>
<line>PourAmpUatlon</line></par>
</text>
</block>
<block><region><rect/></region>
<text>
<par>
<line>Fait à PARIS, le</line></par>
</text>
</block>
<block><region><rect/></region>
<text>
<par>
<line>5 MAI 1980</line></par>
</text>
</block>
<block><region><rect/></region>
<text>
<par>
<line>et d»&gt;&lt;» PayaaaW</line></par>
</text>
</block>
<block><region><rect/></region>
<text>
<par>
<line>Jesn-Eudoe ROÜLUER</line></par>
</text>
</block>
<block><region><rect/></region>
<text>
<par>
<line>I</line></par>
</text>
</block>
















</page>
<page width="1653" height="2339" resolution="200">
</page>
</AC2>