<?xml version="1.0" encoding="UTF-8"?><AC2>
<page width="1653" height="2339" resolution="200">
<block><region><rect/></region>
<text>
<par>
<line>5c f(0</line></par>
</text>
</block>
<block><region><rect/></region>
<text>
<par>
<line>,/jc</line></par>
</text>
</block>
<block><region><rect/></region>
<text>
<par>
<line>COPI£ POUR INFORMATION</line></par>
</text>
</block>
<block><region><rect/></region>
<text>
<par>
<line>MiNisTr^R:: d'I^tat</line>
<line>AFFAIR‘:S CÜLTUR'",LL'1S</line></par>
</text>
</block>
<block><region><rect/></region>
<text>
<par>
<line>RJDPiJBLiQU":; fr:jjçaisr</line></par>
</text>
</block>
<block><region><rect/></region>
<text>
<par>
<line>A R R T È</line></par>
</text>
</block>
<block><region><rect/></region>
<text>
<par>
<line>Le Ministre d'Dtat chargé des</line>
<line>Affaires Culturelles</line></par>
</text>
</block>
<block><region><rect/></region>
<text>
<par>
<line>VU la loi du 2 mai 1930 réorganisant la protection des monuments -,</line>
<line>naturels et des sites de cafactère artisti^aej historique,</line>
<line>scientifique, légendaire ou pittoresque ot notamraont les</line>
<line>articles 7 et 8 5</line></par>
<par>
<line>VU la loi du 12 avril 1943 portant réglementation de La publioit4;.-.</line>
<line>et des enseignes et notamment las articles 5 ot 9 ?</line></par>
<par>
<line>VU le décret du 3 février 1959 relatif aux attributions d’un</line>
<line>Ministre d’Utat ?</line></par>
<par>
<line>VU le décret du 24 juillet 1959 portant organisation du Ministère</line>
<line>d’Utat chargé des Affaires Culturelles ;</line></par>
<par>
<line>VU le décret du 29 avril 1943 classant parmi les sites l'esplanade</line>
<line>du château de CHA-IB'ÎRY |</line></par>
<par>
<line>VU les adhésions au classement données par les propriétaires</line>
<line>intéressés 5</line></par>
<par>
<line>VU l'avis émis par la Section Permanente de la Commission dépar-</line>
<line>teraentale des Sites, Perspectives et Paysages do la Savoie</line>
<line>dans sa séance du 9 juillet 1963 ?</line></par>
</text>
</block>
<block><region><rect/></region>
<text>
<par>
<line>A R R T E 2</line></par>
</text>
</block>
<block><region><rect/></region>
<text>
<par>
<line>Article 1or - Est classé parmi les sites pittoresques du</line>
<line>départ:^ment do la Savoie, l'ensemble formé par los'jardins</line>
<line>et parterres Sud du château de CIIU'B'RY et intéressant les</line>
<line>parcelles suivantes ^ Section B. n° 936, 1711 et 1714-</line></par>
<par>
<line>Article 2 - Le présent arrêté sera notifié au Préfet du</line>
<line>départofiient de la Savoie, au Maire 'de la commune do CHAJ.IBBRY</line>
<line>et aux propfiétairos intéressés, qui seront losponsablos,</line>
<line>chacun en ce qui le concerne,' do son exécution*</line></par>
</text>
</block>
<block><region><rect/></region>
<text>
<par>
<line>• e O</line></par>
</text>
</block>
<block><region><rect/></region>
<text>
<par>
<line>• • •</line></par>
</text>
</block>






</page>
<page width="1653" height="2339" resolution="200">
<block><region><rect/></region>
<text>
<par>
<line>2</line></par>
</text>
</block>
<block><region><rect/></region>
<text>
<par>
<line>Article 3 - Il sera publié au bureau des hypothèques do la</line></par>
</text>
</block>
<block blockType="Table" blockName="" l="8" t="472" r="1470" b="778"><region><rect/></region>
<row>
<cell leftBorder="White" rightBorder="White" bottomBorder="White" width="593" height="167">
<text>
<par>
<line>situation du site</line></par>
</text></cell>
<cell leftBorder="White" topBorder="White" rightBorder="White" bottomBorder="White" width="869" height="167">
<text>
<par>
<line>classe,</line></par>
<par>
<line>PARI 3J le 12 mars 1964</line></par>
</text></cell></row>
<row>
<cell leftBorder="White" topBorder="White" rightBorder="White" bottomBorder="White" width="593" height="139">
<text>
<par/>
</text></cell>
<cell leftBorder="White" topBorder="White" rightBorder="White" bottomBorder="White" width="869" height="139">
<text>
<par>
<line>Pour le Ministre et par délégation</line></par>
<par>
<line>Le Maître des Requêtes au Conseil d'Ltat</line>
<line>Pirecteur de 1'Architocturc^</line></par>
</text></cell></row>
</block>
<block><region><rect/></region>
<text>
<par>
<line>&gt; *•</line></par>
</text>
</block>
<block blockType="Table" blockName="" l="8" t="856" r="1470" b="1211"><region><rect/></region>
<row>
<cell leftBorder="White" topBorder="White" rightBorder="White" bottomBorder="White" width="593" height="134">
<text>
<par>
<line>Pour Ampliation</line></par>
<par>
<line>P/l'Administratour</line>
<line>chargé des Sites</line></par>
</text></cell>
<cell leftBorder="White" topBorder="White" rightBorder="White" bottomBorder="White" width="869" height="134">
<text>
<par>
<line>Signé s Max QUrmim ,</line></par>
</text></cell></row>
<row>
<cell leftBorder="White" topBorder="White" rightBorder="White" bottomBorder="White" width="593" height="155">
<text>
<par/>
</text></cell>
<cell leftBorder="White" topBorder="White" rightBorder="White" bottomBorder="White" width="869" height="155">
<text>
<par/>
</text></cell></row>
<row>
<cell leftBorder="White" topBorder="White" rightBorder="White" bottomBorder="White" width="593" height="66">
<text>
<par>
<line>Signé s E. OOMBP</line></par>
</text></cell>
<cell leftBorder="White" topBorder="White" rightBorder="White" bottomBorder="White" width="869" height="66">
<text>
<par/>
</text></cell></row>
</block>


</page>
<page width="3061" height="3891" resolution="300">
<block><region><rect/><rect/></region>
<text>
<par/>
</text>
</block>
<block><region><rect/></region>
<text>
<par/>
</text>
</block>
<block><region><rect/></region>
<text>
<par/>
</text>
</block>
<block><region><rect/></region>
<text>
<par/>
</text>
</block>
<block><region><rect/></region>
<text>
<par>
<line>Z</line></par>
</text>
</block>
<block><region><rect/></region>
<text>
<par/>
</text>
</block>
<block><region><rect/></region>
<text>
<par>
<line>«41</line></par>
</text>
</block>
<block><region><rect/></region>
<text>
<par/>
</text>
</block>
<block><region><rect/></region>
<text>
<par/>
</text>
</block>
<block><region><rect/></region>
<text>
<par>
<line>yy</line></par>
</text>
</block>
<block><region><rect/></region>
<text>
<par>
<line>*-ti</line></par>
</text>
</block>
<block><region><rect/></region>
<text>
<par>
<line>r?</line></par>
</text>
</block>
<block><region><rect/></region>
<text>
<par>
<line>X</line></par>
</text>
</block>
<block><region><rect/></region>
<text>
<par>
<line>ir«r»</line></par>
</text>
</block>
<block><region><rect/></region>
<text>
<par/>
</text>
</block>
<block><region><rect/></region>
<text>
<par/>
</text>
</block>
<block><region><rect/></region>
<text>
<par/>
</text>
</block>
<block><region><rect/></region>
<text>
<par>
<line>\r*’</line></par>
</text>
</block>
<block><region><rect/></region>
<text>
<par>
<line>ttM</line></par>
</text>
</block>
<block><region><rect/></region>
<text>
<par>
<line>n</line></par>
</text>
</block>
<block><region><rect/></region>
<text>
<par>
<line>mt*</line></par>
</text>
</block>
<block><region><rect/></region>
<text>
<par/>
</text>
</block>
<block><region><rect/></region>
<text>
<par/>
</text>
</block>
<block><region><rect/></region>
<text>
<par/>
</text>
</block>
<block><region><rect/></region>
<text>
<par/>
</text>
</block>
<block><region><rect/></region>
<text>
<par/>
</text>
</block>
<block><region><rect/></region>
<text>
<par/>
</text>
</block>
<block><region><rect/></region>
<text>
<par>
<line>•M</line></par>
</text>
</block>
<block><region><rect/></region>
<text>
<par>
<line>^_a</line></par>
</text>
</block>
<block><region><rect/></region>
<text>
<par>
<line>•f*^</line></par>
</text>
</block>
<block><region><rect/></region>
<text>
<par>
<line>‘•V</line></par>
</text>
</block>
<block><region><rect/></region>
<text>
<par/>
</text>
</block>
<block><region><rect/></region>
<text>
<par/>
</text>
</block>
<block><region><rect/></region>
<text>
<par>
<line>^ -^-JC</line></par>
</text>
</block>
<block><region><rect/></region>
<text>
<par>
<line>ili I</line></par>
</text>
</block>
<block><region><rect/></region>
<text>
<par>
<line>,t #* f ^</line></par>
</text>
</block>
<block><region><rect/></region>
<text>
<par>
<line>•*■ •*</line></par>
</text>
</block>
<block><region><rect/></region>
<text>
<par>
<line>■ Il’•</line></par>
</text>
</block>
<block><region><rect/></region>
<text>
<par>
<line>i«</line></par>
</text>
</block>
<block><region><rect/></region>
<text>
<par>
<line>JJ</line></par>
</text>
</block>
<block><region><rect/></region>
<text>
<par>
<line>-y*iv(^in</line></par>
</text>
</block>
<block><region><rect/></region>
<text>
<par/>
</text>
</block>
<block><region><rect/></region>
<text>
<par>
<line>'public..</line></par>
</text>
</block>
<block><region><rect/></region>
<text>
<par/>
</text>
</block>
<block><region><rect/></region>
<text>
<par/>
</text>
</block>
<block><region><rect/><rect/></region>
<text>
<par/>
</text>
</block>
<block><region><rect/></region>
<text>
<par/>
</text>
</block>
<block><region><rect/></region>
<text>
<par/>
</text>
</block>
<block><region><rect/></region>
<text>
<par>
<line>' r</line></par>
</text>
</block>
<block><region><rect/></region>
<text>
<par>
<line>■hJÜ</line></par>
</text>
</block>
<block><region><rect/></region>
<text>
<par>
<line>(■'ijL:^^'</line></par>
</text>
</block>
<block><region><rect/></region>
<text>
<par>
<line>lu</line></par>
</text>
</block>
<block><region><rect/></region>
<text>
<par>
<line>^ ‘</line></par>
</text>
</block>
<block><region><rect/></region>
<text>
<par>
<line>JM'.* '</line></par>
</text>
</block>
<block><region><rect/></region>
<text>
<par>
<line>•« H/</line></par>
</text>
</block>
<block><region><rect/></region>
<text>
<par/>
</text>
</block>
<block><region><rect/></region>
<text>
<par>
<line>■» t</line></par>
</text>
</block>
<block><region><rect/></region>
<text>
<par>
<line>» .i., - ..-.</line></par>
<par>
<line>,~ () &gt;•'&gt;</line></par>
<par>
<line>=&gt; ja</line></par>
</text>
</block>
<block><region><rect/></region>
<text>
<par/>
</text>
</block>
<block><region><rect/></region>
<text>
<par/>
</text>
</block>
<block><region><rect/></region>
<text>
<par>
<line>i. *j»</line></par>
</text>
</block>
<block><region><rect/></region>
<text>
<par/>
</text>
</block>
<block><region><rect/></region>
<text>
<par>
<line>^HaT7</line></par>
</text>
</block>
<block><region><rect/></region>
<text>
<par>
<line>A</line></par>
</text>
</block>
<block><region><rect/></region>
<text>
<par>
<line>i&gt;}!</line></par>
</text>
</block>
<block><region><rect/></region>
<text>
<par>
<line>î^AAnîiî</line></par>
</text>
</block>
<block><region><rect/></region>
<text>
<par>
<line>&lt;r</line></par>
</text>
</block>
<block><region><rect/></region>
<text>
<par>
<line>TJ</line></par>
</text>
</block>
<block><region><rect/></region>
<text>
<par/>
</text>
</block>
<block><region><rect/></region>
<text>
<par>
<line>7»</line></par>
</text>
</block>
<block><region><rect/></region>
<text>
<par>
<line>-w</line></par>
</text>
</block>
<block><region><rect/></region>
<text>
<par/>
</text>
</block>
<block><region><rect/></region>
<text>
<par/>
</text>
</block>
<block><region><rect/></region>
<text>
<par>
<line>■^ali</line></par>
</text>
</block>
<block><region><rect/></region>
<text>
<par>
<line>:y</line></par>
</text>
</block>
<block><region><rect/></region>
<text>
<par>
<line>v/</line></par>
</text>
</block>
<block><region><rect/></region>
<text>
<par/>
</text>
</block>
<block><region><rect/></region>
<text>
<par>
<line>2î</line></par>
</text>
</block>
<block><region><rect/></region>
<text>
<par>
<line>* »</line></par>
</text>
</block>
<block><region><rect/></region>
<text>
<par>
<line>erJîi</line></par>
</text>
</block>
<block><region><rect/></region>
<text>
<par/>
</text>
</block>
<block><region><rect/></region>
<text>
<par/>
</text>
</block>
<block><region><rect/></region>
<text>
<par>
<line>CS</line></par>
</text>
</block>
<block><region><rect/></region>
<text>
<par>
<line>70</line></par>
</text>
</block>
<block><region><rect/></region>
<text>
<par>
<line>7«</line></par>
</text>
</block>
<block><region><rect/></region>
<text>
<par>
<line>7"*</line></par>
</text>
</block>
<block><region><rect/></region>
<text>
<par>
<line>r</line></par>
</text>
</block>
<block><region><rect/></region>
<text>
<par>
<line>/</line></par>
</text>
</block>
<block><region><rect/></region>
<text>
<par>
<line>U</line></par>
</text>
</block>
<block><region><rect/></region>
<text>
<par>
<line>&gt;«#</line></par>
</text>
</block>
<block><region><rect/></region>
<text>
<par>
<line>TT#</line></par>
</text>
</block>
<block><region><rect/></region>
<text>
<par>
<line>O</line></par>
</text>
</block>
<block><region><rect/></region>
<text>
<par>
<line>•Ml</line></par>
</text>
</block>
<block><region><rect/></region>
<text>
<par>
<line>n.ce ^</line></par>
</text>
</block>
<block><region><rect/></region>
<text>
<par>
<line>**1/</line></par>
</text>
</block>
<block><region><rect/></region>
<text>
<par>
<line>7'/</line></par>
</text>
</block>
<block><region><rect/></region>
<text>
<par/>
</text>
</block>
<block><region><rect/></region>
<text>
<par>
<line>’7»f</line></par>
</text>
</block>
<block><region><rect/></region>
<text>
<par/>
</text>
</block>
<block><region><rect/></region>
<text>
<par/>
</text>
</block>
<block><region><rect/></region>
<text>
<par>
<line>0</line></par>
</text>
</block>
<block><region><rect/></region>
<text>
<par>
<line>7'*</line></par>
</text>
</block>
<block><region><rect/></region>
<text>
<par>
<line>SU</line></par>
</text>
</block>
<block><region><rect/></region>
<text>
<par/>
</text>
</block>
<block><region><rect/></region>
<text>
<par/>
</text>
</block>
<block><region><rect/></region>
<text>
<par/>
</text>
</block>
<block><region><rect/></region>
<text>
<par>
<line>''3/</line></par>
</text>
</block>
<block><region><rect/></region>
<text>
<par/>
</text>
</block>
<block><region><rect/></region>
<text>
<par>
<line>«►</line></par>
</text>
</block>
<block><region><rect/></region>
<text>
<par/>
</text>
</block>
<block><region><rect/></region>
<text>
<par/>
</text>
</block>
<block><region><rect/></region>
<text>
<par>
<line>*Vto-Iî</line></par>
</text>
</block>
<block><region><rect/></region>
<text>
<par>
<line>V'*** J \</line></par>
</text>
</block>
<block><region><rect/></region>
<text>
<par/>
</text>
</block>
<block><region><rect/></region>
<text>
<par>
<line>'•iL</line></par>
</text>
</block>
<block><region><rect/></region>
<text>
<par>
<line>T»</line></par>
</text>
</block>
<block><region><rect/></region>
<text>
<par/>
</text>
</block>
<block><region><rect/></region>
<text>
<par/>
</text>
</block>
<block><region><rect/></region>
<text>
<par>
<line>» \</line></par>
<par>
<line>*4» \</line></par>
</text>
</block>
<block><region><rect/></region>
<text>
<par>
<line>O</line></par>
</text>
</block>
<block><region><rect/></region>
<text>
<par>
<line>»‘r</line></par>
</text>
</block>
<block><region><rect/></region>
<text>
<par/>
</text>
</block>
<block><region><rect/></region>
<text>
<par>
<line>v**</line></par>
</text>
</block>
<block><region><rect/></region>
<text>
<par>
<line>■TÏJ</line></par>
</text>
</block>
<block><region><rect/></region>
<text>
<par>
<line>S</line></par>
</text>
</block>
<block><region><rect/></region>
<text>
<par/>
</text>
</block>


















































</page>
</AC2>