<?xml version="1.0" encoding="UTF-8"?><AC2>
<page width="2574" height="3574" resolution="300">
<block><region><rect/></region>
<text>
<par>
<line>(2 ixO ^</line></par>
</text>
</block>
<block><region><rect/><rect/></region>
<text>
<par>
<line>•;/'ÈP</line></par>
</text>
</block>
<block><region><rect/></region>
<text>
<par>
<line>ÉTAT</line></par>
</text>
</block>
<block><region><rect/><rect/><rect/><rect/></region>
<text>
<par>
<line>■ llUIBTàlUI</line></par>
<par>
<line>'■5*</line></par>
<par>
<line>^L’ÉlW(a^tQj( WATlOyAIE.</line></par>
<par>
<line>siCKAriluiT cÉirÉau</line>
<line>;DE^';BJÎDX.AliÂ&gt;S.^ '</line></par>
<par>
<line>' \ roiRKÇTioH ," . y</line></par>
<par>
<line>•&gt; îBu:, ' ^•■"•., T - ' '-/•.• ' • *4-.- i-.' ‘ *</line></par>
<par>
<line>SEa^Gs.sjD'incHiTEOXTmE»; _ v v: :.V</line></par>
<par>
<line>■ ' ÛdbjÛu ïi*^îijf'ST.M'SECIlÉTilfiED’ÉT4'?W’ÉMCATlQHS^10iîAliB</line></par>
<par>
<line>jioapMKwinmTpEiQOBs a.lnd i90ofré(^'gankiüitiajprqPS.(^i^^</line></par>
<par>
<line>dès jtfoDuments naturels éti des- siîcs^ 9fe ê^actWe'</line>
<line>v Inypntwte üi^Siles aftÉjti^uè, jjii^toriq.uet scicntiliqaÇfirtigeiiSàire oujjjittOA</line></par>
<par>
<line>■^SÎ^inîèr^gSrd.</line></par>
<par>
<line>SiWiâ'proprtsUion .dolâTAhfnussipa‘(|^a:^&amp;eflUü\î'.</line>
<line>' ' defliiiîODuineiits naturelsjet'des site^’ü^'</line></par>
<par>
<line>Sfi à^Qiig,4tï 27</line></par>
</text>
</block>
<block><region><rect/></region>
<text>
<par>
<line>l -■</line></par>
</text>
</block>
<block><region><rect/></region>
<text>
<par>
<line>'Abi^te :;</line></par>
</text>
</block>
<block><region><rect/></region>
<text>
<par/>
</text>
</block>
<block><region><rect/></region>
<text>
<par>
<line>y ‘ w.</line></par>
</text>
</block>
<block><region><rect/></region>
<text>
<par>
<line>&gt;s&lt;</line></par>
<par>
<line>.:-S-</line></par>
</text>
</block>
<block><region><rect/><rect/><rect/></region>
<text>
<par>
<line>ÀRTICLB 1PHEUI8H.</line></par>
<par>
<line>58t^ îhpGrilt 3^^ i * inTéhlïif4afC"4'?% I</line></par>
<par>
<line>;d^at 'ï;a; ^-oog §9ÿya tion ,p3f é sèiJb|</line></par>
<par>
<line>, ^d^.elL l'a: cLomainei di^ I</line></par>
<par>
<line>‘ 4 ■CîWi)’ èoinpa5^®%^:âe^:</line></par>
<par>
<line>raiiî:Bl ïapS!^' j</line></par>
<par>
<line>• oadaâ^B^ aj^s f^a. i</line></par>
<par>
<line>jl;é^-^ - 1</line></par>
</text>
</block>









</page>
<page width="1707" height="2377" resolution="200">
<block><region><rect/></region>
<text>
<par>
<line>aut. a .</line></par>
</text>
</block>
<block><region><rect/><rect/><rect/></region>
<text>
<par>
<line>Xe ijM&amp;CQt àiTété sera notifié au Préfet du dépar-</line>
<line>têmépVipOur les arç^ves de ïàs préfecture, au Maire</line>
<line>de-te^coiraune'd0 ffflli6iî^G8pç&gt;el et au.</line></par>
</text>
</block>
<block><region><rect/></region>
<text>
<par>
<line>&gt;'8^ùt^fes^nsàbles)-cdiacuQ.,eo œ concerne,</line>
<line>rj^è &lt;idp«fx'épiti6n;</line></par>
</text>
</block>
<block><region><rect/></region>
<text>
<par>
<line>PàciSf'lë *</line></par>
</text>
</block>
<block><region><rect/></region>
<text>
<par>
<line>■V, - ïBaç-J^i’ë'gati^pn</line>
<line>fie/-§prrsMiîâ^</line></par>
<par>
<line>âe.oTéliaa^e (géj^âl-^dla fiééuËc^&gt;</line></par>
</text>
</block>
<block><region><rect/></region>
<text>
<par>
<line>«té</line></par>
</text>
</block>
<block><region><rect/></region>
<text orientation="RotatedClockwise">
<par>
<line>T:</line></par>
</text>
</block>






</page>
</AC2>