<?xml version="1.0" encoding="UTF-8"?><AC2>
<page width="2492" height="3516" resolution="300">
<block><region><rect/></region>
<text>
<par>
<line>RÉPUBLIQUE FÎ^NÇAISE</line></par>
<par>
<line>Ministère àe l’écologie, du</line>
<line>développement durable et de l'énergie</line></par>
</text>
</block>
<block><region><rect/></region>
<text>
<par>
<line>Aï'/</line></par>
</text>
</block>
<block><region><rect/></region>
<text>
<par/>
</text>
</block>
<block><region><rect/></region>
<text>
<par/>
</text>
</block>
<block><region><rect/></region>
<text>
<par/>
</text>
</block>
<block><region><rect/></region>
<text>
<par>
<line>0^^</line></par>
</text>
</block>
<block><region><rect/></region>
<text>
<par/>
</text>
</block>
<block><region><rect/></region>
<text>
<par/>
</text>
</block>
<block><region><rect/></region>
<text>
<par/>
</text>
</block>
<block><region><rect/></region>
<text>
<par/>
</text>
</block>
<block><region><rect/></region>
<text>
<par/>
</text>
</block>
<block><region><rect/></region>
<text>
<par>
<line>portj</line></par>
</text>
</block>
<block><region><rect/><rect/><rect/><rect/><rect/></region>
<text>
<par>
<line>Décretda 2 2 AOUT 20Î3</line></par>
<par>
<line>l'^’ssement parmi les sites du département de la Somme</line>
<line>des trois mémôriaux situés à Thiepval et Beaumont-Hamel et de leurs perspectives</line>
<line>sur le territoire^des communes d'Auchonvillers, AuthuUle, Aveluy, Beaumont-Hamel,</line>
<line>^^à^cpùrt, Mesnil-Martinsart, Ovillers-la-Boisselle, Pozières et Thiepval</line></par>
</text>
</block>
<block><region><rect/></region>
<text>
<par>
<line>NOR:DEVL1311669D</line></par>
</text>
</block>
<block><region><rect/></region>
<text>
<par>
<line>Le Premier ministre,</line></par>
<par>
<line>Sur le rapport du ministre de l'écologie, du développement durable et de l'énergie.</line></par>
<par>
<line>Vu le code de l’environnement, notamment ses articles L. 341-1 à L. 341-6 dans leur rédaction</line>
<line>antérieure à la loi n° 2010-788 du 12 juillet 2010, R. 341-4 et R. 341-5 dans leur rédaction</line>
<line>antérieure au décret n° 2011-2018 du 29 décembre 2011 ;</line></par>
<par>
<line>Vu la loi n° 2010-788 du 12 juillet 2010 portant engagement national pour l'environnement,</line>
<line>notamment son article 245 ;</line></par>
<par>
<line>Vu les résultats de l'enquête administrative prescrite par arrêté préfectoral du 7 avril 2011, qui s'est</line>
<line>déroulée du 2 au 23 mai 2011 inclus, notamment l’absence de consentement de certains</line>
<line>propriétaires ;</line></par>
<par>
<line>Vu la délibération du conseil municipal d'Authuille en date du 29 avril 2011 ;</line></par>
<par>
<line>Vu la délibération du conseil municipal de Grandcourt en date du 21 juin 2011 ;</line></par>
<par>
<line>Vu l'avis émis par la commission départementale de la nature, des paysages et des sites de la</line>
<line>Somme en date du 20 avril 2012 ;</line></par>
<par>
<line>Vu l'avis émis par la commission supérieure des sites, perspectives et paysages en date du</line>
<line>27 septembre 2012 ;</line></par>
<par>
<line>Vu l'avis du ministre de la défense en date du 20 février 2013 ;</line></par>
<par>
<line>Vu l'avis du ministre de l'économie et des finances en date du 4 mars 2013 ;</line></par>
<par>
<line>Vu l'avis de Réseau ferré de France en date du 11 mars 2013 ;</line></par>
<par>
<line>Le Conseil d'État (section des travaux publics) entendu ;</line></par>
<par>
<line>Considérant que la préservation du site des trois mémoriaux situés à Thiepval et Beaumont-Hamel</line>
<line>et de leurs perspectives, sur le territoire des communes d'Auchonvillers, Authuiile, Aveluy,</line>
<line>Beaumont-Hmnel, Grandcourt, Mesnil-Martinsart, Ovillers-la-Boisselle, Pozières et Thiepval,</line>
<line>présente, en raison de son caractère historique, un intérêt général au sens de l'article L.341-1 du</line>
<line>code de l'environnement,</line></par>
</text>
</block>
<block><region><rect/></region>
<text>
<par>
<line>tliriS6W24A2l)T2013</line></par>
</text>
</block>
<block><region><rect/></region>
<text>
<par>
<line>1</line></par>
</text>
</block>

</page>
<page width="2539" height="3548" resolution="300">
<block><region><rect/></region>
<text>
<par>
<line>Décrète :</line></par>
</text>
</block>
<block><region><rect/></region>
<text>
<par>
<line>Article</line></par>
<par>
<line>Est classé parmi les sites du dépMtement de la Somme, sur le territoire des communes</line>
<line>d'Auchonvillers, Authuille, Aveluy, Beaumont-Hamel, Grandcourt, Mesnil-Martinsart,</line>
<line>Ovillers-la-Boisselle, Pozières et Thiepval, le site des trois mémoriaux situés à Thiepval et</line>
<line>Beaumont-Hamel et de leurs perspectives, d'une superficie de 2 400 hectares environ, délimité</line>
<line>comme suit conformément à la carte au 1/25 000 et aux plans cadastraux annexés au présent décret,</line>
<line>en allant dans le sens des aiguilles d'une montre :</line></par>
<par>
<line>Commune d'Auchonvillers</line></par>
<par>
<line>Section OX</line></par>
<par>
<line>- point de départ : limite entre les communes d'Auchonvillers et de Mesnil-Mælinsart, le long de la</line>
<line>route départementale n® 174 d'Albert à Hébuteme, à l’angle sud-ouest de la parcelle 84 ;</line></par>
<par>
<line>route départementale n° 174 d'Albert à Hébuteme.</line></par>
<par>
<line>Section AB</line></par>
<par>
<line>- voie communale n” 5 d'Auchonvillers à Beaumont-Hamel dit Chemin Vert (comprise).</line></par>
<par>
<line>Section OX</line></par>
<par>
<line>- voie communale n° 5 d'Auchonvillers à Beaumont-Hamel dit Chemin Vert (comprise).</line></par>
<par>
<line>Commune de Beaumont-Hamel</line></par>
<par>
<line>Section OS</line></par>
<par>
<line>- route départementale n° 163 de Mailly-Maillet à Bapaume.</line></par>
<par>
<line>Section OA</line></par>
<par>
<line>- me d’Auchonvillers ;</line></par>
<par>
<line>- limites nord et est de la p^celle 181 ;</line></par>
<par>
<line>- limites nord-est et sud-est de la parcelle 119 ;</line></par>
<par>
<line>- limite nord-est de la parcelle 163 (section OSl) ;</line></par>
<par>
<line>- ligne fictive depuis l'angle nord-est de la parcelle 163 (section OSl), traversant les parcelles 188,</line>
<line>107, 105 et 104, jusqu'à l'angle nord-ouest de la parcelle 92 ;</line></par>
<par>
<line>- limites nord et est de la parcelle 92 ;</line></par>
<par>
<line>- limite nord-est de la parcelle 91 ;</line></par>
<par>
<line>- me du Parc.</line></par>
<par>
<line>Section OS</line></par>
<par>
<line>- me du Parc ;</line></par>
<par>
<line>- chemin rural de Mesnil à Beaumont ;</line></par>
<par>
<line>- limite nord des parcelles 56 et 57 ;</line></par>
<par>
<line>- traversée de la route départementale n° 163.</line></par>
<par>
<line>Section OT</line></par>
<par>
<line>- route départementale n° 163 ;</line></par>
<par>
<line>- limites nord-est, est et sud pour partie de la parcelle 111 ;</line></par>
<par>
<line>- traversée de la route départementale n° 163.</line></par>
</text>
</block>
<block><region><rect/></region>
<text>
<par>
<line>2</line></par>
</text>
</block>







</page>
<page width="2574" height="3573" resolution="300">
<block><region><rect/></region>
<text>
<par>
<line>Section OS</line></par>
</text>
</block>
<block><region><rect/></region>
<text>
<par>
<line>- limite est de la parcelle 124 ;</line></par>
<par>
<line>- limite nord-est de la parcelle 159 ;</line></par>
<par>
<line>- limite sud de la parcelle 157 et son prolongement par une ligne fictive traversant le chemin</line>
<line>départemental n° 50 (rue d’Albert) et la parcelle 111.</line></par>
<par>
<line>Section OC</line></par>
<par>
<line>- prolongement de cette ligne fictive jusqu'à la voie ferrée ;</line></par>
<par>
<line>- voie ferrée de Paris à la frontière belge par Lille et Valenciennes ;</line></par>
<par>
<line>- route départementale n° 163 embranchement de Beaumont à Grandcourt.</line></par>
<par>
<line>Commune de Thiepval :</line></par>
<par>
<line>Section AB</line></par>
<par>
<line>- route départementale n° 163 embranchement de Beaumont à Grandcourt ;</line></par>
<par>
<line>- chemin communal n° 8 de Saint-Pierre-Divion à Grandcourt.</line></par>
<par>
<line>Section OZ</line></par>
<par>
<line>- chemin de remembrement ;</line></par>
<par>
<line>- limite nord-ouest de la parcelle 68 ;</line></par>
<par>
<line>- limite avec la commune de Grandcourt.</line></par>
<par>
<line>Commune de Grandcourt :</line></par>
<par>
<line>Section OS</line></par>
<par>
<line>- route départementale n° 151 d’Aveluy à Miraumont ;</line></par>
<par>
<line>- limite nord-est de la parcelle 7 ;</line></par>
<par>
<line>- limite nord-ouest de la parcelle 8 ;</line></par>
<par>
<line>- chemin rural dit du Croquet.</line></par>
<par>
<line>Section OR</line></par>
<par>
<line>- chemin rural dit des Malades jusqu’à l’intersection avec le chemin rural de Pozières à Grandcourt.</line></par>
</text>
</block>
<block><region><rect/></region>
<text>
<par>
<line>Section OY</line></par>
<par>
<line>- limites nord-ouest, nord-est et sud-est de la parcelle 1.</line>
<line>Section OX</line></par>
<par>
<line>- chemin de remembrement ;</line></par>
<par>
<line>- limite avec la commune de Courcelette.</line></par>
<par>
<line>Commune de Pozières :</line></par>
<par>
<line>Section OZ</line></par>
<par>
<line>- limite avec la commune de Courcelette ;</line></par>
<par>
<line>- limite sud-est des parcelles 37 à 35 ;</line></par>
<par>
<line>- chemin rural n° I dit de la Citerne.</line></par>
<par>
<line>Section OX</line></par>
<par>
<line>- route départementale n"* 73 de Mailly-Maillet à Pozières ;</line></par>
<par>
<line>- chemin rural n° 2 dit de Marquay au Tour des Haies ;</line></par>
<par>
<line>- chemin rural dit chemin du Tour des Haies ;</line></par>
<par>
<line>- traversée de la rue de l’Eglise.</line></par>
</text>
</block>
<block><region><rect/></region>
<text>
<par>
<line>3</line></par>
</text>
</block>










</page>
<page width="2562" height="3564" resolution="300">
<block><region><rect/></region>
<text>
<par>
<line>Section OA</line></par>
<par>
<line>- limites nord-est et sud-est de la parcelle 282 ;</line></par>
<par>
<line>- limite sud-est de la parcelle 283 ;</line></par>
<par>
<line>- limite est de la parcelle 519 ;</line></par>
<par>
<line>- limite sud-est de la parcelle 518 ;</line></par>
<par>
<line>- traversée de la route départementale n° 929 d'Amiens à Bapaume ;</line></par>
<par>
<line>- route départementale n“ 929 d’Amiens à Bapaume ;</line></par>
<par>
<line>- limite nord-est des parcelles 457 et 456.</line></par>
<par>
<line>Section OX</line></par>
<par>
<line>- limite nord-ouest des parcelles 65 et 66 ;</line></par>
<par>
<line>- limite nord-est de la parcelle 66 ;</line></par>
<par>
<line>- voie communale n° 2 de Pozières à Bray-sur-Somme ;</line></par>
<par>
<line>- limite avec les communes de Contalmaison puis Ovillers-la-Boisselle ;</line></par>
<par>
<line>- traversée de la route départementale n° 929 d’Amiens à Bapaume,</line></par>
<par>
<line>Commune d'Ovîllers-la-Boisselle</line></par>
<par>
<line>Section OY</line></par>
<par>
<line>- limite sud-est de la parcelle 66 ;</line></par>
<par>
<line>- limite sud-ouest des parcelles 66 et 65 ;</line></par>
<par>
<line>- ligne fictive depuis l'angle sud-ouest de la parcelle 65 jusqu'à l'angle sud de la parcelle 58</line></par>
<par>
<line>- limite sud-ouest des parcelles 58, 81 et 80 ;</line></par>
<par>
<line>- limite nord-ouest de la parcelle 80 :</line></par>
<par>
<line>- limite sud-ouest de la parcelle 45.</line></par>
<par>
<line>Section AB</line></par>
<par>
<line>- rue Bréart de Boisanges ;</line></par>
<par>
<line>- limite sud-ouest de la parcelle 56.</line></par>
<par>
<line>Section OX</line></par>
<par>
<line>- limite sud de la parcelle 101 ;</line></par>
<par>
<line>- chemin rural dit du Tour.</line></par>
<par>
<line>Section AB</line></par>
<par>
<line>- rue d'Authuille ;</line></par>
<par>
<line>- limite sud-est des parcelles 31,28 et 27 ;</line></par>
<par>
<line>- limite sud-ouest de la parcelle 27 ;</line></par>
<par>
<line>- limite sud-est de la parcelle 20 ;</line></par>
<par>
<line>- limite sud-ouest des parcelles 20 et 19.</line></par>
<par>
<line>Section OZ</line></par>
<par>
<line>- chemin de remembrement en limite sud-ouest des parcelles 15 et 58 à 56 ;</line></par>
<par>
<line>- limite sud-ouest des parcelles 55, 16 à 19,21, 65 et 64 ;</line></par>
<par>
<line>- chemin rural d'Albert à Miraumont.</line></par>
<par>
<line>-limite sud-ouest de la parcelle 60</line></par>
</text>
</block>







</page>
<page width="2550" height="3556" resolution="300">
<block><region><rect/></region>
<text>
<par>
<line>Commune d'Aveluy :</line></par>
</text>
</block>
<block><region><rect/></region>
<text>
<par>
<line>Section AD</line></par>
<par>
<line>- limite sud de la parcelle 10 ;</line></par>
<par>
<line>- ligne fictive depuis l'angle nord-ouest de la parcelle 23 (section ZB) jusqu'à l'angle sud-est de la</line>
<line>parcelle 17 ;</line></par>
<par>
<line>- limite ouest de la parcelle 10 ;</line></par>
<par>
<line>- limite nord de la parcelle 11,</line></par>
<par>
<line>Commune d'AuthuiUe :</line></par>
<par>
<line>Section OB</line></par>
<par>
<line>- limites est et sud de la parcelle 241 ;</line></par>
<par>
<line>- limite ouest de la parcelle 241, jusqu'à l'angle nord-est de la parcelle 233.</line></par>
<par>
<line>Section ZB</line></par>
<par>
<line>- ligne fictive depuis l'angle nord-est de la parcelle 233 jusqu’à l’angle sud-ouest de la parcelle 3 ;</line></par>
<par>
<line>- limite ouest de la parcelle 3.</line></par>
<par>
<line>Section ZA</line></par>
<par>
<line>- chemin rural n° 3 d'AuthuiUe à Ovillers ;</line></par>
<par>
<line>- chemin rural dit du chemin vert.</line></par>
<par>
<line>Section OB</line></par>
<par>
<line>- limite sud-ouest de la parcelle 389.</line></par>
<par>
<line>Section ZA</line></par>
<par>
<line>- limite sud-ouest de la parcelle 77.</line></par>
<par>
<line>Section OB</line></par>
<par>
<line>- limite sud-ouest de la parcelle 408 ;</line></par>
<par>
<line>- traversée de la rue de Grancourt ;</line></par>
<par>
<line>- limite sud-est de la parcelle 389.</line></par>
<par>
<line>- limite sud-ouest des parcelles 389, 388 et 140 ;</line></par>
<par>
<line>- canal ;</line></par>
<par>
<line>- rue du Moulin ;</line></par>
<par>
<line>- voie communale n° 5.</line></par>
<par>
<line>Commune de Mesnîl-Martinsart :</line></par>
<par>
<line>Section AD</line></par>
<par>
<line>- voie communale n° 6 de Mesnil-Martinsart à Authuille,</line></par>
<par>
<line>Section OX</line></par>
<par>
<line>- voie communale n° 6 de Mesnil-Martinsart à Authuille.</line></par>
<par>
<line>Section AD</line></par>
<par>
<line>- voie communale n° 6 de Mesnil-Martinsart à Authuille, traversant la voie ferrée de Paris à Lille ;</line></par>
<par>
<line>- chemin départemental n° 50 d’Albert à Achiet jusqu’à la limite avec la commune d'Aveluy.</line></par>
</text>
</block>
<block><region><rect/></region>
<text>
<par>
<line>5</line></par>
</text>
</block>










</page>
<page width="2524" height="3538" resolution="300">
<block><region><rect/></region>
<text>
<par>
<line>Commune d’Aveluy :</line></par>
</text>
</block>
<block><region><rect/><rect/></region>
<text>
<par>
<line>Section AB</line></par>
<par>
<line>- ligne fictive depuis l’intersection du chemin départemental</line>
<line>chemin départemental n° 50 d'Albert à Achiet, jusqu'à l'angle</line>
<line>de la commune de Mesnil-Martinsmt) ;</line></par>
<par>
<line>- limite avec la commune de Mesnil-Martinsart.</line></par>
<par>
<line>Commune de Mesnil-Martinsart ;</line></par>
<par>
<line>Section AC</line></par>
<par>
<line>- limite ouest des parcelles 15a et 30 ;</line></par>
<par>
<line>- limite sud-est de la parcelle 7 ;</line></par>
<par>
<line>- limite sud-ouest des parcelles 7,26 et 8 ;</line></par>
<par>
<line>- limite nord-ouest des parcelles 8,25,28 et 24.</line></par>
<par>
<line>Section AB</line></par>
<par>
<line>- limites sud et ouest de la parcelle 136 ;</line></par>
<par>
<line>- limites sud-ouest et nord-ouest de la parcelle 130 ;</line></par>
<par>
<line>- voie communale n° 7 de Mesnil à Hamel.</line></par>
<par>
<line>Section OZ</line></par>
<par>
<line>- limite ouest de la parcelle 80 ;</line></par>
<par>
<line>- ligne fictive depuis l'angle sud-ouest de la parcelle 81 jusqu'à l'angle nord de la parcelle 37</line>
<line>(section AB 1) ;</line></par>
<par>
<line>- ligne fictive depuis l'angle nord de la parcelle 37 jusqu'à l'angle sud-est de la parcelle 76 ;</line></par>
<par>
<line>- limite sud de la parcelle 76 ;</line></par>
<par>
<line>- ligne fictive depuis l'migle sud-ouest de la parcelle 76 jusqu'à l'angle sud de la parcelle 42 ;</line></par>
<par>
<line>- ligne fictive depuis l'angle sud de la parcelle 42 jusqu'à l'angle sud-ouest de la pîncelle 120 ;</line></par>
<par>
<line>- chemin départemental a° 174 d’Albert à Hébuteme, jusqu’à la limite avec la commime</line>
<line>d'Auchonvillers (point de départ).</line></par>
</text>
</block>
<block><region><rect/></region>
<text>
<par>
<line>n° 174 d'Albert à Hébuteme avec le</line>
<line>sud-est de la parcelle 5 (section ACl</line></par>
</text>
</block>
<block><region><rect/></region>
<text>
<par>
<line>Article 2</line></par>
<par>
<line>Sont exclus du périmètre de classement les ensembles définis comme suit, conformément à la carte</line>
<line>au 1/25 000 et aux plans cadastraux annexés au présent décret, en allant dans le sens des aiguilles</line>
<line>d'une montre :</line></par>
<par>
<line>Première zone exclue</line>
<line>Commune de Beaumont-Hamel</line></par>
<par>
<line>Section PB</line></par>
<par>
<line>- point de départ : intersection entre la me du Metz, la voie ferrée de Paris à la frontière belge par</line>
<line>Lille et Valenciennes et le chemin rural dit voirie du Guet.</line></par>
</text>
</block>
<block><region><rect/></region>
<text>
<par>
<line>Section OR</line></par>
<par>
<line>- voie ferrée jusqu’à l'angle sud de la parcelle 109 ;</line></par>
<par>
<line>- limite sud des parcelles 108 et 109.</line></par>
</text>
</block>
<block><region><rect/></region>
<text>
<par>
<line>6</line></par>
</text>
</block>






</page>
<page width="2488" height="3513" resolution="300">
<block><region><rect/></region>
<text>
<par>
<line>Section PB</line></par>
<par>
<line>- limite avec la section OR.</line></par>
</text>
</block>
<block><region><rect/></region>
<text>
<par>
<line>Section OR</line></par>
<par>
<line>- limite sud de la parcelle 104 ;</line></par>
<par>
<line>- limite ouest de la parcelle 86 ;</line></par>
<par>
<line>- limite sud des parcelles 85 et 84 ;</line></par>
<par>
<line>- chemin créé n°10 vers le nord jusqu’au chemin rural de Vitermont à Hamel l{ruelle des Jardins.)</line>
<line>Section PB</line></par>
<par>
<line>- limites sud et ouest de la parcelle 130 ;</line></par>
<par>
<line>- limite ouest de la parcelle 2.</line></par>
<par>
<line>Section OR</line></par>
<par>
<line>- limites sud, ouest et nord de la parcelle 110 ;</line></par>
<par>
<line>- limite avec la section OB.</line></par>
<par>
<line>Section PB</line></par>
<par>
<line>- sentier Derrière les Haies jusqu’à l’intersection avec la Grande Rue (route départementale n° 50) ;</line></par>
<par>
<line>- Grande Rue ;</line></par>
<par>
<line>- ligne fictive traversant la Grande Rue, depuis l'angle sud-est de la parcelle 34 jusqu'à l'angle sud-</line>
<line>ouest de la parcelle 35 ;</line></par>
<par>
<line>- limite sud des parcelles 35 et 36 jusqu’à la rive ouest de l'emprise de la voie ferrée ;</line></par>
<par>
<line>- cette rive ouest jusqu'au point de départ.</line></par>
<par>
<line>Deuxième zone exclue</line></par>
<par>
<line>Commune de Thiepval : hameau de Saint-Pierre-Divion (au nord-ouest de la commune)</line></par>
<par>
<line>Section AB</line></par>
<par>
<line>- point de départ : angle sud-ouest de la parcelle 79 ;</line></par>
<par>
<line>- limite ouest de la parcelle 80 ;</line></par>
<par>
<line>- limite ouest de la parcelle 79 ;</line></par>
<par>
<line>- traversée de la route départementale n° 73 depuis l'angle nord-ouest de la parcelle 79 jusqu'à</line>
<line>l'angle sud-est de la parcelle 76 ;</line></par>
<par>
<line>- limite sud de la parcelle 76 sur une longueur de 40 m ;</line></par>
<par>
<line>- ligne droite fictive depuis ce point jusqu'à un point situé sur la limite nord de la parcelle 61 (ruelle</line>
<line>Perdue), à 40 m de l'angle nord-est de cette parcelle (voie communale n° 8) ;</line></par>
<par>
<line>- ruelle Perdue ;</line></par>
<par>
<line>- voie communale n° 8 ;</line></par>
<par>
<line>- rue Alphonse Brien.</line></par>
<par>
<line>Section OZ</line></par>
<par>
<line>- rue Alphonse Brien jusqu’au point situé à 20 m après l’angle nord-ouest de la parcelle 24 ;</line></par>
<par>
<line>- depuis ce point, ligne droite fictive traversant cette parcelle vers le sud-ouest et parallèle à sa</line>
<line>limite ouest ;</line></par>
<par>
<line>- limite sud-ouest de la parcelle 24 et du cimetière (parcelle 21).</line></par>
<par>
<line>Section AB</line></par>
<par>
<line>- limite avec la section OZ ;</line></par>
<par>
<line>- limite entre les parcelles 79 et 81 jusqu'au point de départ.</line></par>
</text>
</block>
<block><region><rect/></region>
<text>
<par>
<line>7</line></par>
</text>
</block>








</page>
<page width="2491" height="3515" resolution="300">
<block><region><rect/></region>
<text>
<par>
<line>Troisième zone exclue</line>
<line>Commune de Thiepval : Le Village</line></par>
<par>
<line>Section AC</line></par>
<par>
<line>- point de départ : intersection entre la rue de l’Ancre et la rue de l’Eglise ;</line></par>
<par>
<line>- rue de l’Eglise ;</line></par>
<par>
<line>- chemin départemental n° 73 de Pozières à Mailly-Maillet ;</line></par>
<par>
<line>- route de Grandcourt ;</line></par>
<par>
<line>- ruelle Jérôme (limite nord de lapareelle 19) ;</line></par>
<par>
<line>- limite avee la section OX ;</line></par>
<par>
<line>• limite est des parcelles 44,121 et 46 ;</line></par>
<par>
<line>- traversée de la route de Pozières ;</line></par>
<par>
<line>- limite est de la parcelle 53 ;</line></par>
<par>
<line>- limite avec la section OX ;</line></par>
<par>
<line>- rue de l’Ancre jusqu'au point de départ.</line></par>
</text>
</block>
<block><region><rect/></region>
<text>
<par>
<line>Article 3</line></par>
<par>
<line>Le présent décret sera notifié au préfet de la Somme ainsi qu’aux maires d'Auchonvillers, Authuille,</line>
<line>Aveluy, Beaumont-Hamel, Grandcourt, Mesnil-Martinsart, Ovillers-la-Boisselle, Pozières et</line>
<line>Thiepval.</line></par>
</text>
</block>
<block><region><rect/></region>
<text>
<par>
<line>Article 4</line></par>
<par>
<line>Le présent décret, la carte au 1/25 000 et les plans cadastraux annexés pourront être consultés à la</line>
<line>préfecture de la Somme et, chacune en ce qui la concerne, aux mairies d'Auchonvillers, Authuille,</line>
<line>Aveluy, Beaumont-Hsimel, Grandcourt, Mesnil-Martinsart, Ovillers-la-Boisselle, Pozières et</line>
<line>Thiepval (1).</line></par>
</text>
</block>
<block><region><rect/></region>
<text>
<par>
<line>(1)</line></par>
<par>
<line>préfecture de la Somme 51, rue de la République 80020 AMIENS Cedex 9</line></par>
<par>
<line>mairie d'Auchonvillers 1, rue Delattre 80560 AUCHONVILLERS</line></par>
<par>
<line>mairie d'Authuillle 6, rue En Bas 80300 AUTHUILLE</line></par>
<par>
<line>mairie d'Aveluy 5, bis rue de l'église 80300 AVELUY</line></par>
<par>
<line>mairie de Beaumont-Hamel place de l'église 80300 BEAUMONT-HAMEL</line></par>
<par>
<line>mairie de Grandcourt 1, rue de l'église 80300 GRANDCOURT</line></par>
<par>
<line>mairie de Mesnil-Martinsart rue d'Auchonvillers 80300 MESNIL-MARTINSART</line></par>
<par>
<line>mairie d'Ovillers-la-Boisselle 16, rue Georges Cuvillier 80300 OVILLERS-LA-BOISSELLE</line></par>
<par>
<line>mairie de Pozières 2, rue Boulleville 80300 POZIERES</line></par>
<par>
<line>mairie de Thiepval route de Pozières 80300 THIEPVAL</line></par>
</text>
</block>
<block><region><rect/></region>
<text>
<par>
<line>8</line></par>
</text>
</block>

</page>
<page width="2506" height="3525" resolution="300">
<block><region><rect/></region>
<text>
<par>
<line>Article 5</line></par>
</text>
</block>
<block><region><rect/></region>
<text>
<par>
<line>Le ministre de l'écologie, du développement durable et de l'énergie est chargé de</line>
<line>présent décret, qui sera publié au Journal officiel de la République française.</line></par>
</text>
</block>
<block><region><rect/></region>
<text>
<par>
<line>Fait le</line></par>
</text>
</block>
<block><region><rect/></region>
<text>
<par>
<line>41</line></par>
</text>
</block>
<block><region><rect/></region>
<text>
<par>
<line>SSII</line></par>
</text>
</block>
<block><region><rect/></region>
<text>
<par>
<line>ifiâi</line></par>
</text>
</block>
<block><region><rect/></region>
<text>
<par>
<line>JeaïvWaroAyBMILT</line></par>
<par>
<line>Par le Premier ministre :</line></par>
<par>
<line>Le ministre de l’écologie, du développement durable et de l'énergie,</line></par>
<par>
<line>P^lippe IWAKÎiiS!</line></par>
</text>
</block>
</page>
</AC2>