<?xml version="1.0" encoding="UTF-8"?><AC2>
<page width="2492" height="3516" resolution="300">
<block><region><rect/></region>
<text>
<par/>
</text>
</block>
<block><region><rect/></region>
<text>
<par>
<line>■'i.</line></par>
</text>
</block>
<block><region><rect/></region>
<text>
<par>
<line>\)</line></par>
<par>
<line>P;iû</line></par>
<par>
<line>1</line></par>
<par>
<line>.J</line></par>
<par>
<line>il</line></par>
<par>
<line>â</line></par>
</text>
</block>
<block><region><rect/></region>
<text>
<par>
<line>.V</line></par>
<par>
<line>. J</line>
<line>• }</line></par>
</text>
</block>
<block><region><rect/></region>
<text>
<par>
<line>1</line></par>
<par>
<line>f4</line></par>
<par>
<line>■i</line></par>
<par>
<line>.'i</line></par>
</text>
</block>
<block><region><rect/><rect/><rect/><rect/></region>
<text>
<par>
<line>DÉCàtevy'■ ;ff</line></par>
</text>
</block>
<block><region><rect/><rect/></region>
<text>
<par>
<line>MINISTERE</line></par>
<par>
<line>' ’ :W,</line></par>
<par>
<line>L’INSTRiîCTlOS PmiaUE</line>
<line>IF DES BEill4RTS.</line></par>
</text>
</block>
<block><region><rect/></region>
<text>
<par>
<line>beaux-arts.</line></par>
</text>
</block>
<block><region><rect/></region>
<text>
<par>
<line>&lt;0</line></par>
<par>
<line>r»</line></par>
<par>
<line>• r-</line></par>
<par>
<line>04</line></par>
</text>
</block>
<block><region><rect/></region>
<text>
<par>
<line>vi^: ■. ■ ' ■ \ ■</line></par>
</text>
</block>
<block><region><rect/></region>
<text>
<par>
<line>Xc ^xeèi^enï c&gt;e îcc ^ ejMi^fujue y -</line></par>
<par>
<line>' ., ' ■ "';■' ■ ' '•■ "'''. ' ' ' .i,;"''</line></par>
<par>
<line>/e eâc f r/e ///rhi/Hrc-^/ù/t //f/Z/^re ^ ^</line></par>
<par>
<line>e^ i/fif Z^eaii£C‘,^'e&amp;s, ' "\ ; , •; . ^ /</line></par>
</text>
</block>
<block><region><rect/></region>
<text>
<par>
<line>Vu l’avlB ésils par la .Gorir.iaj’ion .Bupirieurr dea '■•■ '</line>
<line>Monuments naturels et des Sites le 11 X)^cembre 13.11 ten¬</line>
<line>dant au classement d’une b'jnàe- de teiraln d'une larreur</line>
<line>de 4 mètres'à partir du sommet de la falaise vers l’in--</line>
<line>t&lt;irleur des terres située su voisina &gt;e de ir loate dés</line>
<line>Douaniers, h Saint- Briec; :’• d '■ '</line></par>
<par>
<line>■ . . ■ • f' ' ' ■ '</line></par>
<par>
<line>Vù le'’tre, en date du,12, Septemï're 1951,- par la-</line>
<line>quelle Mme JaCIaId, propridtalré, &gt;;’opoose au classement</line></par>
<par>
<line>Vu les autres pièces- produites 'et ^ointes i.u ci.osë'i.er</line></par>
<par>
<line>'v -■‘t;' ÿ''! '</line></par>
<par>
<line>Vu -la,lot du a Mai 1950 r4'orjanisn.nt la protection</line></par>
<par>
<line>des oonùçîénte naturels et des Sites de CLraotr'ire artis¬</line>
<line>tique, historique, scientifique, 14q:enciaire O’; pittores-</line>
<line>que^t notamment l'article 8,-.‘§ 5; , ’ t- • ,</line></par>
</text>
</block>
<block><region><rect/></region>
<text>
<par>
<line>n.</line></par>
<par>
<line>,</line></par>
</text>
</block>
<block><region><rect/></region>
<text>
<par>
<line>' ■ 'î-''.</line></par>
</text>
</block>
<block><region><rect/></region>
<text>
<par>
<line>Xa Sa'ction de 1 ^ïntériotir^ ue l^Instructl-^n Xubli-</line>
<line>que et des Beaux-Arts du Cônsall d enteiidue.</line></par>
</text>
</block>
<block><region><rect/></region>
<text>
<par>
<line>r fl ■ ' &gt; '</line></par>
</text>
</block>
<block><region><rect/><rect/><rect/></region>
<text>
<par>
<line>. ,i ' D ,K C.E li '■ . ■ ■ y, '</line></par>
<par>
<line>■.v-'.-.i-y.y-- -y-v-^b^^'^yy-,: y-.;;-'- y-</line></par>
<par>
<line>,, ’ . V.y y ■ '■ Art icla/premier . . . - •</line></par>
<par>
<line>1 V’i , _ • pi-yv^.,—I » ^ .</line></par>
<par>
<line>■ . ' • 'U.. - •</line></par>
<par>
<line>. Une hande de terrain d'une larmeur do 4 n’'trers &gt;i</line></par>
</text>
</block>
<block><region><rect/></region>
<text>
<par>
<line>. - A. •</line></par>
</text>
</block>




</page>
<page width="2480" height="3507" resolution="300">
<block><region><rect/><rect/><rect/></region>
<text>
<par>
<line>yi(M^ &gt;^iVA/w.,-W . v;V-^rû^vocjU -Àl 'i4^A\Æx^.. _dLs,':- mvv»_</line></par>
<par>
<line>'^OÏVjjU^'' '4 ,'fllu. ,yiBYV^'&gt;tv^4-^t iilijt, XÙ -</line></par>
<par>
<line>3ô\Awu,&lt;«,.jft,^“'xTe^ £^';oy-O'-wi^A* .f^tt &gt; ‘^</line></par>
</text>
</block>
<block><region><rect/></region>
<text>
<par>
<line>J.</line></par>
</text>
</block>
<block><region><rect/></region>
<text>
<par/>
</text>
</block>
<block><region><rect/></region>
<text>
<par/>
</text>
</block>
<block><region><rect/></region>
<text>
<par>
<line>Si</line></par>
</text>
</block>
<block><region><rect/></region>
<text>
<par>
<line>J,.</line></par>
</text>
</block>
<block><region><rect/></region>
<text>
<par>
<line>I</line></par>
</text>
</block>
<block><region><rect/></region>
<text>
<par>
<line>..^ .J-;: -</line></par>
<par>
<line>“t-</line></par>
</text>
</block>
<block><region><rect/></region>
<text>
<par>
<line>(vfj|u (Aju '</line></par>
</text>
</block>
<block><region><rect/><rect/></region>
<text>
<par>
<line>i; &gt; &gt;-l -</line></par>
</text>
</block>
<block><region><rect/></region>
<text>
<par>
<line>■ w /r- .■ ,-: r</line></par>
</text>
</block>
<block><region><rect/></region>
<text>
<par>
<line>',ï ' ' i</line></par>
</text>
</block>
<block><region><rect/><rect/></region>
<text>
<par/>
</text>
</block>
<block><region><rect/></region>
<text>
<par>
<line>■ .^ ^ •: --m</line></par>
</text>
</block>
<block><region><rect/></region>
<text>
<par>
<line>‘■'•Bii:</line></par>
</text>
</block>
<block><region><rect/><rect/></region>
<text>
<par>
<line>■ &gt; • ' ■ ' ■ S 'ï ^</line></par>
<par>
<line>I ' '■î. ;</line></par>
</text>
</block>
<block><region><rect/></region>
<text>
<par>
<line>\&gt;:</line></par>
</text>
</block>
<block><region><rect/><rect/></region>
<text>
<par>
<line>' ' 'y * , ' \ ' - • * ÿ ‘■•V * ' ^’ * ' ' -,</line></par>
<par>
<line>' -, ■ ■,.■.■-■ ‘ , -'/W^'K</line></par>
<par>
<line>• ■ ' ■ V. * •'••'* ).'' '* * ' •' '• /■■ ' ■ • ■ f' • . . . ■ ;.■•'' * ' , .^ ■ ■ ' ^^■'" i.:</line></par>
<par>
<line>partir dn gomrt'.et de' Is;'■fialais&amp;.\„!^ar$ 1 HhtWI-eur . dea'.tarr ;</line></par>
</text>
</block>
<block><region><rect/></region>
<text>
<par>
<line>■ ■ i -.</line></par>
</text>
</block>
<block><region><rect/></region>
<text>
<par>
<line>sltu-5e au, voisinage de la. Pointe.-deç'.; üoaanlerç . Baiat’. '.</line>
<line>■3rlao,. teintde en. rouge'sur l.o plan, ^-nïieTcd, (■.'vai^t sur ce';iî;'C.,ï.,</line></par>
</text>
</block>
<block><region><rect/><rect/></region>
<text>
<par>
<line>■ it'-V •</line></par>
<par>
<line>'Â&gt; - ^</line></par>
</text>
</block>
<block><region><rect/><rect/><rect/></region>
<text>
<par>
<line>plan son orisinè en n,-3,^ se airljeant v§rs le.I^ord .p.èn'r-^'ÿl'. ;</line>
<line>anoutir au point JS,^ est class^de/parfrïi'les^'.^vonunents ljatn%ÿ'^</line></par>
<par>
<line>•’{ , .' .&gt;&gt; ■ ■ •, '■■ ■ ^ .1 ■' .'■ •'i^'ChV. '•■</line></par>
<par>
<line>et' les. Sit es‘ de oaraotère' firt i'et'tdu.e^ hVstorioûe^/vKçieritt&amp;r</line></par>
<par>
<line>'■ ■ . • • '" ' ■■ ’ ■ .■ -a'ft</line></par>
<par>
<line>■.■'.■■■■ A .T' •■.- '* ,' ■•' ■ ,'■■■■' . ■'".'</line></par>
<par>
<line>que, ’légendaire ou , pittoresque,, v'V'\;,f g ;■ ' -.g '' ' . ^</line></par>
</text>
</block>
<block><region><rect/><rect/></region>
<text>
<par>
<line>ïj.-’ï</line>
<line>. «.-•? '.</line></par>
</text>
</block>
<block><region><rect/></region>
<text>
<par>
<line>■* -y..' ,■: V ;</line></par>
<par>
<line>Art Içl e ' '2'.</line></par>
</text>
</block>
<block><region><rect/></region>
<text>
<par>
<line>' m.i' •</line></par>
</text>
</block>
<block><region><rect/></region>
<text>
<par/>
</text>
</block>
<block><region><rect/></region>
<text>
<par>
<line>■•I',</line></par>
</text>
</block>
<block><region><rect/></region>
<text>
<par>
<line>le ;.linistre de l'Instructlonn-ublioue et des</line></par>
</text>
</block>
<block><region><rect/></region>
<text>
<par/>
</text>
</block>
<block><region><rect/></region>
<text>
<par>
<line>h A:</line></par>
</text>
</block>
<block><region><rect/><rect/><rect/></region>
<text>
<par>
<line>"aï?--..</line></par>
</text>
</block>
<block><region><rect/></region>
<text>
<par>
<line>Beaux-Arts est chargé’de 1 'exécution du présent décret,</line></par>
</text>
</block>
<block><region><rect/><rect/></region>
<text>
<par>
<line>nr- ‘</line></par>
<par>
<line>'•^r é"*</line></par>
<par>
<line>‘ l'\ ■</line></par>
</text>
</block>
<block><region><rect/></region>
<text>
<par/>
</text>
</block>
<block><region><rect/><rect/></region>
<text>
<par/>
</text>
</block>
<block><region><rect/><rect/></region>
<text>
<par/>
</text>
</block>
<block><region><rect/></region>
<text>
<par/>
</text>
</block>
<block><region><rect/></region>
<text>
<par/>
</text>
</block>
<block><region><rect/></region>
<text>
<par>
<line>' -s- &gt;,.</line></par>
<par>
<line>7 .' , , .</line></par>
</text>
</block>
<block><region><rect/></region>
<text>
<par>
<line>' lii' Jg la RABUBLI^^Dci:.</line></par>
</text>
</block>
<block><region><rect/><rect/></region>
<text>
<par>
<line>f;'':;';ï.êÿiltpistre;de 'V'^instruction Publique</line>
<line>èt-des,'Beaux-Arts, : ■;. ''</line></par>
</text>
</block>
<block><region><rect/><rect/><rect/><rect/><rect/><rect/></region>
<text>
<par>
<line>ï v',": !' .é*'ig' ■ ■., / : ■ ■■' ■</line></par>
<par>
<line>‘i--.- /. '-I ’’U*</line></par>
</text>
</block>
<block><region><rect/></region>
<text>
<par>
<line>J, -r.^ 1 , ■j...-,.._,,î, ,-.v ,.</line></par>
</text>
</block>
<block><region><rect/></region>
<text>
<par/>
</text>
</block>
<block><region><rect/></region>
<text>
<par>
<line>■■ ' * :- ■ '</line></par>
</text>
</block>
<block><region><rect/></region>
<text>
<par>
<line>;•.. I*: ^ ’i fU-</line></par>
</text>
</block>
<block><region><rect/><rect/></region>
<text>
<par/>
</text>
</block>
<block><region><rect/></region>
<text>
<par/>
</text>
</block>
<block blockType="Table" blockName="" l="153" t="3394" r="2463" b="3498"><region><rect/></region>
<row>
<cell leftBorder="White" topBorder="White" rightBorder="White" bottomBorder="White" width="374" height="58">
<text>
<par>
<line>-•V f. --■■■i C*- '</line></par>
</text></cell>
<cell leftBorder="White" topBorder="White" rightBorder="White" bottomBorder="White" width="75" height="58">
<text>
<par>
<line>■ y':</line></par>
</text></cell>
<cell leftBorder="White" topBorder="White" rightBorder="White" bottomBorder="White" width="66" height="58">
<text>
<par>
<line>• ^' ' '</line></par>
</text></cell>
<cell leftBorder="White" topBorder="White" rightBorder="White" bottomBorder="White" width="146" height="58">
<text>
<par/>
</text></cell>
<cell leftBorder="White" topBorder="White" rightBorder="White" bottomBorder="White" width="172" height="58">
<text>
<par/>
</text></cell>
<cell leftBorder="White" topBorder="White" rightBorder="White" bottomBorder="White" width="286" height="58">
<text>
<par>
<line>■ ' 1. ' ■ '■.</line></par>
</text></cell>
<cell leftBorder="White" topBorder="White" rightBorder="White" bottomBorder="White" width="211" height="58">
<text>
<par>
<line>/-■■..i. ■''-,</line></par>
</text></cell>
<cell leftBorder="White" topBorder="White" rightBorder="White" bottomBorder="White" width="69" height="58">
<text>
<par/>
</text></cell>
<cell leftBorder="White" topBorder="White" rightBorder="White" bottomBorder="White" width="129" height="58">
<text>
<par>
<line>2 t. ’. :</line></par>
</text></cell>
<cell leftBorder="White" topBorder="White" rightBorder="White" bottomBorder="White" width="173" height="58">
<text>
<par>
<line>• .' - ^ i: ' .'.'</line></par>
</text></cell>
<cell leftBorder="White" topBorder="White" rightBorder="White" bottomBorder="White" width="159" height="58">
<text>
<par/>
</text></cell>
<cell leftBorder="White" topBorder="White" rightBorder="White" bottomBorder="White" width="124" height="58">
<text>
<par/>
</text></cell>
<cell leftBorder="White" topBorder="White" rightBorder="White" bottomBorder="White" width="125" height="58">
<text>
<par>
<line>.' 'V' ■</line></par>
</text></cell>
<cell leftBorder="White" topBorder="White" rightBorder="White" bottomBorder="White" width="136" height="58">
<text>
<par>
<line>■ \\ •'••,/</line>
<line>f i.</line></par>
</text></cell>
<cell leftBorder="White" topBorder="White" rightBorder="White" bottomBorder="White" width="65" height="58">
<text>
<par>
<line>■■■{■</line></par>
</text></cell></row>
<row>
<cell leftBorder="White" topBorder="White" rightBorder="White" width="374" height="46">
<text>
<par/>
</text></cell>
<cell leftBorder="White" topBorder="White" rightBorder="White" width="75" height="46">
<text>
<par/>
</text></cell>
<cell leftBorder="White" topBorder="White" rightBorder="White" width="66" height="46">
<text>
<par/>
</text></cell>
<cell leftBorder="White" topBorder="White" rightBorder="White" width="146" height="46">
<text>
<par>
<line>'W'</line></par>
</text></cell>
<cell leftBorder="White" topBorder="White" rightBorder="White" width="172" height="46">
<text>
<par>
<line>1</line></par>
</text></cell>
<cell leftBorder="White" topBorder="White" rightBorder="White" width="286" height="46">
<text>
<par>
<line>/ • • - , « J</line></par>
<par>
<line>«WI "V.^ 1. .11 ,-</line></par>
</text></cell>
<cell leftBorder="White" topBorder="White" rightBorder="White" width="211" height="46">
<text>
<par>
<line>' '</line></par>
</text></cell>
<cell leftBorder="White" topBorder="White" rightBorder="White" width="69" height="46">
<text>
<par/>
</text></cell>
<cell leftBorder="White" topBorder="White" rightBorder="White" width="129" height="46">
<text>
<par/>
</text></cell>
<cell leftBorder="White" topBorder="White" rightBorder="White" width="173" height="46">
<text>
<par/>
</text></cell>
<cell leftBorder="White" topBorder="White" rightBorder="White" width="159" height="46">
<text>
<par/>
</text></cell>
<cell leftBorder="White" topBorder="White" rightBorder="White" width="124" height="46">
<text>
<par/>
</text></cell>
<cell leftBorder="White" topBorder="White" rightBorder="White" width="125" height="46">
<text>
<par/>
</text></cell>
<cell leftBorder="White" topBorder="White" rightBorder="White" width="136" height="46">
<text>
<par>
<line>. .' t.-‘</line></par>
</text></cell>
<cell leftBorder="White" topBorder="White" rightBorder="White" width="65" height="46">
<text>
<par/>
</text></cell></row>
</block>







</page>
</AC2>