<?xml version="1.0" encoding="UTF-8"?><AC2>
<page width="798" height="1127" resolution="96">
<block><region><rect/></region>
<text>
<par>
<line>ÜLIIAIBU</line></par>
</text>
</block>
<block><region><rect/></region>
<text>
<par>
<line>REPÜBLIQIJR FRANÇAISE.</line></par>
</text>
</block>
<block><region><rect/></region>
<text>
<par>
<line>«T/</line></par>
</text>
</block>
<block><region><rect/><rect/></region>
<text>
<par>
<line>rr MS BÊAUSÏ</line></par>
</text>
</block>
<block><region><rect/></region>
<text>
<par/>
</text>
</block>
<block><region><rect/></region>
<text>
<par>
<line>■&gt;«kVx&gt;A0r».</line></par>
</text>
</block>
<block><region><rect/></region>
<text>
<par>
<line>m</line></par>
</text>
</block>
<block><region><rect/></region>
<text>
<par>
<line>ABRÈTÉ.</line></par>
</text>
</block>
<block><region><rect/></region>
<text>
<par>
<line>MaauaMki hitk'ci^ve*.</line>
<line>SiU* fil Mniiuiu«i)b aiiorHs.</line></par>
</text>
</block>
<block><region><rect/></region>
<text>
<par>
<line>le Uiottre de rSdizntloxi Nitbrale</line></par>
<par>
<line>lU iVmw» d'Sitit d$$ a$aBM 4rii</line></par>
</text>
</block>
<block><region><rect/></region>
<text>
<par>
<line>Va La lei du a mai 1980 réoi^ni&amp;ant ia protectioD des araaainetib</line>
<line>iiatureia el de» sites de cantdére ariistiifuc. historique. sctenliBcpip. Ii^en&lt;taire</line>
<line>CMi ^iuoreaque; et aotsariikent l'article 7 ;</line></par>
<par>
<line>Vu i'evis émis perla Commission dépattemcDtale de» monuments natureU</line>
<line>et des sites dans aa séanre du 30 t^drs 1935 ;</line></par>
<par>
<line>dite du 10 Usre V ^</line></par>
<par>
<line>P»»]».yww Coneell tûialclpal d« Bôuhy ;</line></par>
</text>
</block>
<block><region><rect/></region>
<text>
<par>
<line>1 R H B r £</line></par>
<par>
<line>article preslcr</line></par>
<par>
<line>. .Tr»»</line></par>
<par>
<line>. '</line></par>
<par>
<line>los deux ttllôule encadrant ,JUEY</line></par>
<par>
<line>)^eônt clfiieeds o^veii les llonncsents ..tcrelB et</line>
<line>les Sites de ceractore ortie tirue, hiatorloue» scienti/i</line>
<line>Id^ndslre on pittoresone.</line></par>
</text>
</block>
<block><region><rect/></region>
<text>
<par>
<line>!</line></par>
<par>
<line>B</line></par>
</text>
</block>



</page>
<page width="798" height="1127" resolution="96">
<block><region><rect/></region>
<text>
<par>
<line>AST. 3.</line></par>
</text>
</block>
<block><region><rect/></region>
<text>
<par>
<line>1« présent arrêté «en notifié au Préfet &lt;lu département de la fi lèvre et an</line>
<line>□aire de Bonhy</line></par>
<par>
<line>({oiscnHilrc^Mnsaldea, cbacunencc qui le concerne « de aouctécutioti.</line></par>
</text>
</block>
<block><region><rect/></region>
<text>
<par>
<line>àST. 3.</line></par>
</text>
</block>
<block><region><rect/></region>
<text>
<par>
<line>n sera transcHt au Bureaa des hypothèques de U situation H ee erbred</line></par>
<par>
<line>' ilwii Vipi</line></par>
</text>
</block>
<block><region><rect/></region>
<text>
<par>
<line>Psr;» ' LS) '•</line></par>
</text>
</block>
<block><region><rect/></region>
<text>
<par>
<line>iQTr</line></par>
</text>
</block>
</page>
<page width="813" height="1137" resolution="96">
<block><region><rect/></region>
<text>
<par>
<line>BOUHY</line></par>
<par>
<line>ARROND’ COSnESUR lOIRE'</line>
<line>CANT0N:5AfNT AMANO EN PUISAYE</line></par>
<par>
<line>TILLEULS ENCADRANT L'EGLISE</line></par>
</text>
</block>
<block><region><rect/><rect/><rect/></region>
<text>
<par>
<line>r .Ktlk-I 4|y 29 u»w f,' Sîi</line></par>
</text>
</block>
<block><region><rect/></region>
<text>
<par>
<line>''V</line></par>
</text>
</block>
<block><region><rect/></region>
<text>
<par>
<line>»&lt;•«</line></par>
</text>
</block>
<block><region><rect/></region>
<text>
<par/>
</text>
</block>
<block><region><rect/></region>
<text>
<par>
<line>!•»</line></par>
</text>
</block>
<block><region><rect/></region>
<text>
<par/>
</text>
</block>
<block><region><rect/></region>
<text>
<par>
<line>G</line></par>
</text>
</block>
<block><region><rect/></region>
<text>
<par/>
</text>
</block>
<block><region><rect/></region>
<text>
<par/>
</text>
</block>
<block><region><rect/></region>
<text>
<par/>
</text>
</block>
<block><region><rect/></region>
<text>
<par/>
</text>
</block>
<block><region><rect/></region>
<text>
<par/>
</text>
</block>
<block><region><rect/></region>
<text>
<par/>
</text>
</block>
<block><region><rect/></region>
<text>
<par/>
</text>
</block>
<block><region><rect/></region>
<text>
<par/>
</text>
</block>
<block><region><rect/></region>
<text>
<par>
<line>sa</line></par>
</text>
</block>
<block><region><rect/></region>
<text>
<par/>
</text>
</block>
<block><region><rect/></region>
<text>
<par>
<line>V</line></par>
</text>
</block>
<block><region><rect/></region>
<text>
<par/>
</text>
</block>
<block><region><rect/></region>
<text>
<par/>
</text>
</block>
<block><region><rect/></region>
<text>
<par>
<line>80URG</line></par>
</text>
</block>
<block><region><rect/></region>
<text>
<par>
<line>DE</line></par>
</text>
</block>
<block><region><rect/></region>
<text>
<par>
<line>BOUMY</line></par>
</text>
</block>
<block><region><rect/></region>
<text>
<par>
<line>tCH£Ü-t ^</line></par>
<par>
<line>PARTIE CLAteéf. f ■•■</line></par>
</text>
</block>
<block><region><rect/></region>
<text>
<par>
<line>Les deux îlllôulB er;c.-idrwint -s 3CÜHÏ (iîièi'rs) sOit c?l.a*'&gt;rls</line></par>
<par>
<line>parmi lea (uonumants natujels et les sites ie cnractèr© artistioue»histo¬</line>
<line>rique, soi en tifl que, Ib^çenlalre ou pittoresque*</line></par>
</text>
</block>
<block><region><rect/></region>
<text>
<par>
<line>( ..rréU lu le Juillet Zr^.)</line></par>
</text>
</block>































</page>
<page width="2486" height="3513" resolution="300">
<block><region><rect/></region>
<text>
<par/>
</text>
</block>
<block><region><rect/></region>
<text>
<par/>
</text>
</block>
<block><region><rect/></region>
<text>
<par>
<line>%</line></par>
</text>
</block>
<block><region><rect/></region>
<text>
<par/>
</text>
</block>
<block><region><rect/><rect/><rect/><rect/><rect/><rect/><rect/><rect/><rect/><rect/><rect/></region>
<text>
<par>
<line>....,. -</line></par>
<par>
<line>jC '.f “j;gy ’ -' :■■i^J'ÿ;,^-</line>
<line>' ' ' ' ' '■■</line></par>
<par>
<line>;■#</line></par>
</text>
</block>
<block><region><rect/></region>
<text>
<par/>
</text>
</block>
<block><region><rect/></region>
<text>
<par>
<line>■■• Vi ■</line></par>
</text>
</block>
<block><region><rect/></region>
<text>
<par>
<line>ROOÏBS HaTIOIÏAISS-APFAITÏSS DITBPSES-</line></par>
</text>
</block>
<block><region><rect/></region>
<text>
<par/>
</text>
</block>
<block><region><rect/><rect/><rect/></region>
<text>
<par>
<line>- B^.45?-op«mine a» bodhî</line></par>
<par>
<line>:-■*: •- - .-■..-i:-''; i &lt;. ^=::,--'‘_.5.''•.• • •• •'•._;• r••■■,•&gt;-y"' .- • ■••■.• ; ■ •'</line></par>
<par>
<line>'■ÿ--V V ■ fi^lBR'fî^“</line></par>
</text>
</block>
<block><region><rect/><rect/><rect/><rect/><rect/><rect/></region>
<text>
<par>
<line>C tÛlRE'</line></par>
<par>
<line>0CA[T&gt;tiïDE''JlOJlT&gt;siA</line></par>
<par>
<line>LATÉSAL A IA io,</line>
<line>BE BRIARE ET DU</line></par>
</text>
</block>
<block><region><rect/></region>
<text>
<par>
<line>:.'î^ t.\</line></par>
</text>
</block>
<block><region><rect/></region>
<text>
<par>
<line>^ »lHI^ N bf'iiEMaNTT -^</line></par>
</text>
</block>
<block><region><rect/><rect/><rect/><rect/></region>
<text>
<par/>
</text>
</block>
<block><region><rect/><rect/><rect/><rect/><rect/><rect/></region>
<text>
<par>
<line>., dii If OÏÏD</line></par>
<par>
<line>•• Vf.. -</line></par>
</text>
</block>
<block><region><rect/></region>
<text>
<par>
<line>F</line></par>
</text>
</block>
<block><region><rect/></region>
<text>
<par/>
</text>
</block>
<block><region><rect/></region>
<text>
<par/>
</text>
</block>
<block><region><rect/></region>
<text>
<par>
<line>A</line></par>
</text>
</block>
<block><region><rect/></region>
<text>
<par>
<line>m</line></par>
</text>
</block>
<block><region><rect/></region>
<text>
<par/>
</text>
</block>
<block><region><rect/></region>
<text>
<par/>
</text>
</block>
<block><region><rect/></region>
<text>
<par/>
</text>
</block>
<block><region><rect/></region>
<text>
<par/>
</text>
</block>
<block><region><rect/></region>
<text>
<par>
<line>fi</line></par>
</text>
</block>
<block><region><rect/></region>
<text>
<par>
<line>/y rfy</line></par>
</text>
</block>
<block><region><rect/></region>
<text>
<par/>
</text>
</block>
<block><region><rect/></region>
<text>
<par>
<line>Classement d'un artre</line></par>
<par>
<line>i_*_f ■</line></par>
</text>
</block>
<block><region><rect/></region>
<text>
<par>
<line>RAPPORT DU SUBDIVISIONNÂIRE</line></par>
</text>
</block>
<block><region><rect/><rect/><rect/></region>
<text>
<par/>
</text>
</block>
<block><region><rect/></region>
<text>
<par>
<line>Nièvre, a ûommuniqaé pour avis au</line></par>
</text>
</block>
<block><region><rect/></region>
<text>
<par/>
</text>
</block>
<block><region><rect/></region>
<text>
<par>
<line>irr^'iViv- ■■</line></par>
<par>
<line>s!? " i-ti?,' --'-'</line></par>
</text>
</block>
<block><region><rect/></region>
<text>
<par/>
</text>
</block>
<block><region><rect/></region>
<text>
<par/>
</text>
</block>
<block><region><rect/></region>
<text>
<par/>
</text>
</block>
<block><region><rect/></region>
<text>
<par>
<line>Sïlî</line></par>
</text>
</block>
<block><region><rect/></region>
<text>
<par>
<line>m</line></par>
</text>
</block>
<block><region><rect/></region>
<text>
<par>
<line>m</line></par>
</text>
</block>
<block><region><rect/></region>
<text>
<par>
<line>da.-</line></par>
</text>
</block>
<block><region><rect/></region>
<text>
<par>
<line>é «1 Ise : de 30(JHY, un</line></par>
</text>
</block>
<block><region><rect/></region>
<text>
<par/>
</text>
</block>
<block><region><rect/></region>
<text>
<par>
<line>teti</line></par>
</text>
</block>
<block><region><rect/></region>
<text>
<par/>
</text>
</block>
<block><region><rect/></region>
<text>
<par>
<line>ttëé ànoienneii</line></par>
</text>
</block>
<block><region><rect/></region>
<text>
<par>
<line>vis è r i a ■ iib t^ ^ c 1- de e sus V-</line></par>
</text>
</block>
<block><region><rect/></region>
<text>
<par/>
</text>
</block>
<block><region><rect/></region>
<text>
<par>
<line>fe</line></par>
</text>
</block>
<block><region><rect/></region>
<text>
<par>
<line>m</line></par>
</text>
</block>
<block><region><rect/></region>
<text>
<par/>
</text>
</block>
<block><region><rect/></region>
<text>
<par/>
</text>
</block>
<block><region><rect/></region>
<text>
<par/>
</text>
</block>
<block><region><rect/></region>
<text>
<par/>
</text>
</block>
<block><region><rect/></region>
<text>
<par>
<line>«K</line></par>
</text>
</block>
<block><region><rect/></region>
<text>
<par/>
</text>
</block>
<block><region><rect/></region>
<text>
<par/>
</text>
</block>
<block><region><rect/></region>
<text>
<par>
<line>*r3i.'</line></par>
</text>
</block>
<block><region><rect/></region>
<text>
<par/>
</text>
</block>
<block><region><rect/></region>
<text>
<par>
<line>m</line></par>
</text>
</block>
<block><region><rect/></region>
<text>
<par>
<line>mi</line></par>
</text>
</block>
<block><region><rect/></region>
<text>
<par/>
</text>
</block>
<block><region><rect/></region>
<text>
<par>
<line>"'i v^C-'sl:^s#^*%iÇ^Xùf^da’:;6dt4 ^Ouest!, ..esi aussi gros</line></par>
<par>
<line>^ '^y'-■ ÿ Sv:".-! ^l';,;V--■ '■ ’'■ ~ '</line></par>
<par>
<line>Igourêùïsi-aTiè'";i-.totte î.. Sa ■ c iroon'férênd-e</line></par>
</text>
</block>
<block><region><rect/></region>
<text>
<par>
<line>et Vèauooup plus</line></par>
</text>
</block>
<block><region><rect/><rect/><rect/></region>
<text>
<par>
<line>-X^lgfourêùïs i-qùè T'idaiit re j Sa c iroonférênde e&amp;t de 3™*&amp;6* Jto.</line></par>
<par>
<line>' '"' . . V , . . ^ .^ . ^^... ,</line></par>
</text>
</block>
<block><region><rect/></region>
<text>
<par/>
</text>
</block>
<block><region><rect/></region>
<text>
<par/>
</text>
</block>
<block><region><rect/></region>
<text>
<par/>
</text>
</block>
<block><region><rect/><rect/><rect/><rect/></region>
<text>
<par/>
</text>
</block>
<block><region><rect/><rect/></region>
<text>
<par>
<line>^élaguer en raison</line>
<line>église et au jardin</line></par>
</text>
</block>
<block><region><rect/></region>
<text>
<par/>
</text>
</block>
<block><region><rect/><rect/><rect/></region>
<text>
<par>
<line>Intérêt à. notre avis, &amp;, oorisulter le.</line></par>
<par>
<line>i; À ' '' ■ '</line></par>
<par>
<line>'.forets, en lui demandant son avis sur</line></par>
<par>
<line>oee artres - et sur l'élagage à leur faire</line></par>
</text>
</block>
<block><region><rect/><rect/><rect/><rect/></region>
<text>
<par>
<line>■ V À'. ■.■• :.,••■■,&gt;:• .^[^•■^'■•■■'^•.r-:rv' ’i■^:K ■ ' --s.'</line></par>
</text>
</block>










<block blockType="Picture" blockName="" l="134" t="2010" r="240" b="2062"><region><rect/></region>
</block>
</page>
<page width="2479" height="3508" resolution="300">
<block><region><rect/></region>
<text>
<par/>
</text>
</block>
<block><region><rect/></region>
<text>
<par/>
</text>
</block>
<block><region><rect/><rect/><rect/></region>
<text>
<par/>
</text>
</block>
<block><region><rect/></region>
<text>
<par/>
</text>
</block>
<block><region><rect/></region>
<text>
<par>
<line>I</line></par>
</text>
</block>
<block><region><rect/></region>
<text>
<par/>
</text>
</block>
<block><region><rect/></region>
<text>
<par>
<line>1</line></par>
</text>
</block>
<block><region><rect/></region>
<text>
<par/>
</text>
</block>
<block><region><rect/></region>
<text>
<par>
<line>P</line></par>
</text>
</block>
<block><region><rect/></region>
<text>
<par/>
</text>
</block>
<block><region><rect/></region>
<text>
<par/>
</text>
</block>
<block><region><rect/></region>
<text>
<par>
<line>=Wîf</line></par>
</text>
</block>
<block><region><rect/></region>
<text>
<par/>
</text>
</block>
<block><region><rect/></region>
<text>
<par>
<line>■i-r^'îi</line></par>
</text>
</block>
<block><region><rect/></region>
<text>
<par/>
</text>
</block>
<block><region><rect/></region>
<text>
<par/>
</text>
</block>
<block><region><rect/></region>
<text>
<par>
<line>?,^’V</line></par>
</text>
</block>
<block><region><rect/></region>
<text>
<par/>
</text>
</block>
<block><region><rect/></region>
<text>
<par>
<line>JV'^</line></par>
</text>
</block>
<block><region><rect/></region>
<text>
<par/>
</text>
</block>
<block><region><rect/><rect/></region>
<text>
<par/>
</text>
</block>
<block><region><rect/></region>
<text>
<par>
<line>7^:X</line></par>
</text>
</block>
<block><region><rect/></region>
<text>
<par/>
</text>
</block>
<block><region><rect/></region>
<text>
<par>
<line>iis’ s'iM i*' - * ■ ■ ^ C^/'^"i ii</line></par>
</text>
</block>
<block><region><rect/></region>
<text>
<par/>
</text>
</block>
<block><region><rect/></region>
<text>
<par>
<line>m</line></par>
</text>
</block>
<block><region><rect/></region>
<text>
<par/>
</text>
</block>
<block><region><rect/></region>
<text>
<par/>
</text>
</block>
<block><region><rect/></region>
<text>
<par>
<line>■fs('V</line></par>
</text>
</block>
<block><region><rect/></region>
<text>
<par/>
</text>
</block>
<block><region><rect/></region>
<text>
<par/>
</text>
</block>
<block><region><rect/></region>
<text>
<par>
<line>''-'.ÿ-. Jï!&gt;^</line></par>
</text>
</block>
<block><region><rect/><rect/></region>
<text>
<par/>
</text>
</block>
<block><region><rect/></region>
<text>
<par>
<line>i</line></par>
</text>
</block>
<block><region><rect/></region>
<text>
<par/>
</text>
</block>
<block><region><rect/></region>
<text>
<par/>
</text>
</block>
<block><region><rect/></region>
<text>
<par/>
</text>
</block>
<block><region><rect/></region>
<text>
<par/>
</text>
</block>
<block><region><rect/></region>
<text>
<par/>
</text>
</block>
<block><region><rect/></region>
<text>
<par/>
</text>
</block>
<block><region><rect/></region>
<text>
<par>
<line>S'^ii^</line></par>
</text>
</block>
<block><region><rect/></region>
<text>
<par>
<line>.i &gt;:</line></par>
</text>
</block>
<block><region><rect/></region>
<text>
<par/>
</text>
</block>
<block><region><rect/></region>
<text>
<par/>
</text>
</block>
<block><region><rect/></region>
<text>
<par/>
</text>
</block>
<block><region><rect/></region>
<text>
<par/>
</text>
</block>
<block><region><rect/></region>
<text>
<par/>
</text>
</block>
<block><region><rect/></region>
<text>
<par/>
</text>
</block>
<block><region><rect/></region>
<text>
<par>
<line>S5I7</line></par>
</text>
</block>
<block><region><rect/></region>
<text>
<par>
<line>ïSï</line></par>
</text>
</block>
<block><region><rect/></region>
<text>
<par>
<line>WJ</line></par>
</text>
</block>
<block><region><rect/></region>
<text>
<par>
<line>/■&lt;</line></par>
</text>
</block>
<block><region><rect/><rect/></region>
<text>
<par>
<line>feéSti</line></par>
</text>
</block>
<block><region><rect/></region>
<text>
<par>
<line>m</line></par>
</text>
</block>
<block><region><rect/></region>
<text>
<par/>
</text>
</block>
<block><region><rect/></region>
<text>
<par/>
</text>
</block>
<block><region><rect/></region>
<text>
<par/>
</text>
</block>
<block><region><rect/></region>
<text>
<par/>
</text>
</block>
<block><region><rect/></region>
<text>
<par>
<line>m</line></par>
</text>
</block>
<block><region><rect/></region>
<text>
<par/>
</text>
</block>
<block><region><rect/></region>
<text>
<par/>
</text>
</block>
<block><region><rect/></region>
<text>
<par/>
</text>
</block>
<block><region><rect/></region>
<text>
<par>
<line>Aï</line></par>
</text>
</block>
<block><region><rect/></region>
<text>
<par>
<line>rie-t</line></par>
</text>
</block>
<block><region><rect/></region>
<text>
<par>
<line>■M</line></par>
</text>
</block>
<block><region><rect/></region>
<text>
<par/>
</text>
</block>
<block><region><rect/></region>
<text>
<par/>
</text>
</block>
<block><region><rect/></region>
<text>
<par>
<line>■'■Jt.</line></par>
</text>
</block>
<block><region><rect/></region>
<text>
<par>
<line>Pi;</line></par>
</text>
</block>
<block><region><rect/></region>
<text>
<par/>
</text>
</block>
<block><region><rect/></region>
<text>
<par/>
</text>
</block>
<block><region><rect/></region>
<text>
<par/>
</text>
</block>
<block><region><rect/></region>
<text>
<par>
<line>■Si'</line></par>
</text>
</block>
<block><region><rect/></region>
<text>
<par>
<line>i*</line></par>
</text>
</block>
<block><region><rect/></region>
<text>
<par/>
</text>
</block>
<block><region><rect/></region>
<text>
<par>
<line>^■.e</line></par>
</text>
</block>
<block><region><rect/></region>
<text>
<par>
<line>■^1</line></par>
</text>
</block>
<block><region><rect/></region>
<text>
<par>
<line>t;ti</line></par>
</text>
</block>
<block><region><rect/></region>
<text>
<par/>
</text>
</block>
<block><region><rect/></region>
<text>
<par/>
</text>
</block>
<block><region><rect/></region>
<text>
<par>
<line>ï^îjij</line></par>
</text>
</block>
<block><region><rect/></region>
<text>
<par>
<line>m</line></par>
</text>
</block>
<block><region><rect/></region>
<text>
<par/>
</text>
</block>
<block><region><rect/></region>
<text>
<par/>
</text>
</block>
<block><region><rect/></region>
<text>
<par>
<line>‘tv’w</line></par>
</text>
</block>
<block><region><rect/></region>
<text>
<par>
<line>ii?</line></par>
</text>
</block>
<block><region><rect/></region>
<text>
<par/>
</text>
</block>
<block><region><rect/></region>
<text>
<par/>
</text>
</block>
<block><region><rect/></region>
<text>
<par/>
</text>
</block>
<block><region><rect/></region>
<text>
<par/>
</text>
</block>
<block><region><rect/></region>
<text>
<par/>
</text>
</block>
<block><region><rect/></region>
<text>
<par>
<line>frfiï-</line></par>
</text>
</block>
<block><region><rect/></region>
<text>
<par>
<line>if!^</line></par>
</text>
</block>
<block><region><rect/></region>
<text>
<par/>
</text>
</block>
<block><region><rect/></region>
<text>
<par/>
</text>
</block>
<block><region><rect/></region>
<text>
<par>
<line>t-.ro</line></par>
</text>
</block>
<block><region><rect/></region>
<text>
<par/>
</text>
</block>
<block><region><rect/></region>
<text>
<par>
<line>M</line></par>
</text>
</block>
<block><region><rect/></region>
<text>
<par/>
</text>
</block>
<block><region><rect/></region>
<text>
<par/>
</text>
</block>
<block><region><rect/></region>
<text>
<par/>
</text>
</block>
<block><region><rect/></region>
<text>
<par>
<line>SH</line></par>
</text>
</block>
<block><region><rect/></region>
<text>
<par>
<line>^Iprivr'^JÜATr.TS-."</line></par>
</text>
</block>
<block><region><rect/></region>
<text>
<par>
<line>ftv&lt;</line></par>
</text>
</block>
<block><region><rect/></region>
<text>
<par/>
</text>
</block>
<block><region><rect/></region>
<text>
<par/>
</text>
</block>
<block><region><rect/></region>
<text>
<par/>
</text>
</block>
<block><region><rect/></region>
<text>
<par>
<line>.:■*?</line></par>
</text>
</block>
<block><region><rect/></region>
<text>
<par/>
</text>
</block>
<block><region><rect/></region>
<text>
<par>
<line>nl-f^</line></par>
</text>
</block>
<block><region><rect/></region>
<text>
<par/>
</text>
</block>
<block><region><rect/></region>
<text>
<par/>
</text>
</block>
<block><region><rect/></region>
<text>
<par/>
</text>
</block>
<block><region><rect/></region>
<text>
<par/>
</text>
</block>
<block><region><rect/></region>
<text>
<par/>
</text>
</block>
<block><region><rect/></region>
<text>
<par/>
</text>
</block>
<block><region><rect/><rect/></region>
<text>
<par>
<line>•■S.-;</line></par>
</text>
</block>
<block><region><rect/></region>
<text>
<par/>
</text>
</block>
<block><region><rect/></region>
<text>
<par>
<line>;qviej*’^ü.</line></par>
</text>
</block>
<block><region><rect/></region>
<text>
<par/>
</text>
</block>
<block><region><rect/></region>
<text>
<par/>
</text>
</block>
<block><region><rect/></region>
<text>
<par/>
</text>
</block>
<block><region><rect/><rect/></region>
<text>
<par/>
</text>
</block>
<block><region><rect/></region>
<text>
<par/>
</text>
</block>
<block><region><rect/></region>
<text>
<par>
<line>•’l^ÜSSÎfc-K</line></par>
</text>
</block>
<block><region><rect/></region>
<text>
<par>
<line>ÿri-t!</line></par>
</text>
</block>
<block><region><rect/><rect/></region>
<text>
<par/>
</text>
</block>
<block><region><rect/></region>
<text>
<par/>
</text>
</block>
<block><region><rect/></region>
<text>
<par>
<line>■iî&gt;</line></par>
</text>
</block>
<block><region><rect/></region>
<text>
<par/>
</text>
</block>
<block><region><rect/></region>
<text>
<par/>
</text>
</block>
<block><region><rect/></region>
<text>
<par/>
</text>
</block>
<block><region><rect/></region>
<text>
<par/>
</text>
</block>
<block><region><rect/></region>
<text>
<par/>
</text>
</block>
<block><region><rect/></region>
<text>
<par/>
</text>
</block>
<block><region><rect/></region>
<text>
<par>
<line>m.</line></par>
</text>
</block>
<block><region><rect/></region>
<text>
<par/>
</text>
</block>
<block><region><rect/></region>
<text>
<par/>
</text>
</block>
<block><region><rect/></region>
<text>
<par/>
</text>
</block>
<block><region><rect/></region>
<text>
<par>
<line>Siv’r;.</line></par>
</text>
</block>
<block><region><rect/></region>
<text>
<par>
<line>Vî</line></par>
</text>
</block>
<block><region><rect/></region>
<text>
<par/>
</text>
</block>
<block><region><rect/></region>
<text>
<par>
<line>m</line></par>
</text>
</block>
<block><region><rect/></region>
<text>
<par/>
</text>
</block>
<block><region><rect/></region>
<text>
<par>
<line>m</line></par>
</text>
</block>
<block><region><rect/></region>
<text>
<par/>
</text>
</block>
<block><region><rect/></region>
<text>
<par/>
</text>
</block>
<block><region><rect/></region>
<text>
<par/>
</text>
</block>
<block><region><rect/></region>
<text>
<par/>
</text>
</block>
<block><region><rect/></region>
<text>
<par>
<line>^.:^%h*y.-^K^^'y</line></par>
</text>
</block>
<block><region><rect/></region>
<text>
<par/>
</text>
</block>
<block><region><rect/></region>
<text>
<par>
<line>M&amp;'m</line></par>
</text>
</block>
<block><region><rect/><rect/></region>
<text>
<par/>
</text>
</block>
<block><region><rect/></region>
<text>
<par/>
</text>
</block>
<block><region><rect/></region>
<text>
<par/>
</text>
</block>
<block><region><rect/></region>
<text>
<par/>
</text>
</block>











</page>
<page width="799" height="1127" resolution="96">
<block><region><rect/></region>
<text>
<par>
<line>4&gt; LES DEUX TILLEULS ENCADRANT rgGüSE DE BOUHY</line></par>
<par>
<line>Sttuaëofi géo^Bfthtqtifi ■ Environ 20 kms au rtonl&lt;esi de Coene-Sür-LcHre</line></par>
</text>
</block>
<block><region><rect/></region>
<text>
<par>
<line>Quafificafion Ou : Arbre, abords d'égliss</line></par>
<par>
<line>hitéfÊt pafdmoiriâl au SHe : Site d'kilérêf paysager er historique région al</line></par>
<par>
<line>I</line></par>
<par>
<line>Oépêftem^ : Nièvre</line>
<line>Canflwœ ; Bourry</line>
<line>Ptf de firotectkjn : 18 Juillet 1035</line>
<line>Superficie : Sans Ie$ arbres seuls sont classés</line>
<line>Gb ^Topriefé ; PrO|&gt;né(é cornrruinate</line>
<line>fijsfence (fun programme de gestion : Sans obiet</line></par>
<par>
<line>Aufie üiotecdon : Eglise de Souhyinscnle sur l'inventaire supplémenlatre des</line>
<line>monuments n isionqn es I e 10 juin 1926</line></par>
<par>
<line>Zmei^-Non :</line></par>
</text>
</block>
<block><region><rect/></region>
<text>
<par>
<line>[CARACTERISTIQUES OU STTS |</line></par>
<par>
<line>Tilleuls centenaères</line></par>
</text>
</block>
<block><region><rect/></region>
<text>
<par>
<line>SON ENVIRONNEMENT</line></par>
</text>
</block>
<block><region><rect/></region>
<text>
<par>
<line>Les amæs étaient situés dans le viHagc de Bouhy. Ifs encadraient dans le sens tic la</line>
<line>longueur l'église paroissiale, du 12'' et 16^ siècle.</line></par>
</text>
</block>
<block><region><rect/></region>
<text>
<par>
<line>SON EVOLUTION</line></par>
</text>
</block>
<block><region><rect/></region>
<text>
<par>
<line>Uttiisahon et fr^quenretion du . Les tilleuls faiseient partie des abords de l'égllsa</line>
<line>paroissiale du village de Bouhy.</line></par>
<par>
<line>Eifor du site : Les arbres onl disparu, li semble qu'ils aient été abattus parce qu'ils</line>
<line>menaçaient la conservation de l'église</line></par>
</text>
</block>
<block><region><rect/></region>
<text>
<par>
<line>RECOMMANDATIONS DE MISE EN VALEUR</line>
<line>ET DE GESTION</line></par>
</text>
</block>
<block><region><rect/></region>
<text>
<par>
<line>Voir s’il est possible de retrouver l'obtet du dessemcht, gui n'existe plus, par la pianteiion</line>
<line>de nouveaux sujets</line></par>
</text>
</block>











</page>
</AC2>