<?xml version="1.0" encoding="UTF-8"?><AC2>
<page width="1685" height="2360" resolution="200">
<block><region><rect/></region>
<text>
<par>
<line>iîINIST^Rî) D'SÎTAT</line>
<line>A?i''AIR:^S CULTUH.jLLiI;S</line></par>
</text>
</block>
<block><region><rect/></region>
<text>
<par>
<line>République Française</line></par>
</text>
</block>
<block><region><rect/></region>
<text>
<par>
<line>ARRETE</line></par>
</text>
</block>
<block><region><rect/></region>
<text>
<par>
<line>Lo Ministre d‘3tat</line>
<line>chargé des Affaires Culturelles,</line></par>
</text>
</block>
<block><region><rect/></region>
<text>
<par>
<line>VU la loi du 2 Mai 1930 réorganisant la protection des</line></par>
<par>
<line>monuments naturels et des sites de caractère artistique,</line>
<line>historique, scientifique, légendaire ou pittoresque et^</line>
<line>notamment l’article 8 ; ' '</line></par>
<par>
<line>VU la loi du 12 Avril 1943 portant réglementation de la</line>
<line>publicité et des enseignes et notamment les articles</line>
<line>5 et 9 ?</line></par>
<par>
<line>VU le décret du 3 Février 1959 relatif aux attributions d'un</line>
<line>Ministre d'Ftat ;</line></par>
<par>
<line>VU le décret du 24 Juillet 1959 portant organisation du</line>
<line>Ministère d'Ftat chargé des Affaires Culturelles,</line></par>
<par>
<line>vu le/dé cret du 18 Mars I960 portant application du décret</line>
<line>du 7 Février 1959 relatif au camping, et notamment les</line>
<line>articlos 2 et 6 ;</line></par>
<par>
<line>VU l'avis émis par la Commission départementale des Sites,</line>
<line>perspectives et paysages d'Ille-et-Vilaine, dans sa séance</line>
<line>du 11 Mars 1963 ;</line></par>
<par>
<line>VU les adhésions au classement données par les propriétaires</line>
<line>intéressés ;</line></par>
<par>
<line>ARRETS s</line></par>
<par>
<line>Article 1er - Est classé parmi les sites pittoresques, l'ensem</line>
<line>ble formé sur la commune de GHAIvIPEAUX (Ille-et-Vilaine), par</line>
<line>la place de l'Eglise et son puits (non cadastrés) et les immeu</line>
<line>blee qui la bordent, comprenant les parcelles cadastrales</line>
<line>suivantes s Section A - 41 à 45 inclus - 50 à 52 inclus</line></par>
<par>
<line>et 57o</line></par>
<par>
<line>Article 2 - le présent arrêté sera notifié au Préfet du</line>
<line>département d'Ille-et-Vilaine, au Maire de la commune de</line>
<line>CHAMPEAUX et aux propriétaires intéressés qui seront respon¬</line>
<line>sables, chacun en c qui le concerne, de son exécutiono</line></par>
</text>
</block>
<block><region><rect/></region>
<text>
<par>
<line>0 9 9/ 000</line></par>
</text>
</block>





</page>
<page width="1671" height="2351" resolution="200">
<block><region><rect/></region>
<text>
<par>
<line>Article 3^ Il sera publié au Bureau des Hypothèques de</line>
<line>la situation du Site classé*</line></par>
</text>
</block>
<block><region><rect/></region>
<text>
<par>
<line>Paris, le 20 Janvier 1964</line></par>
</text>
</block>
<block><region><rect/></region>
<text>
<par>
<line>Pour le Mônistre et par délégation ;</line>
<line>Le Maître des Requêtes au Conseil d'Etat</line>
<line>Eirecteur de l'Architecture,</line></par>
<par>
<line>Signés Max QUERRIEH</line></par>
</text>
</block>
<block><region><rect/></region>
<text>
<par>
<line>Pour Ampliation</line></par>
<par>
<line>P* l'Administrateur chargé</line>
<line>des Sites</line></par>
</text>
</block>
<block><region><rect/></region>
<text>
<par/>
</text>
</block>
<block><region><rect/></region>
<text>
<par>
<line>Signés Re COMBE</line></par>
</text>
</block>

</page>
</AC2>