<?xml version="1.0" encoding="UTF-8"?><AC2>
<page width="2506" height="3527" resolution="300">
<block><region><rect/></region>
<text>
<par>
<line>Mllit: TCt P&lt;J AOUT</line></par>
</text>
</block>
<block><region><rect/></region>
<text>
<par>
<line>la AjrHS biCi &lt;je la "Pler-pij Cai-pst' j ORCiNEJ ( î'j/-iIè. D6ii&gt;f</line>
<line>Compren^'il IÏS tçrpotT^ * r&gt; Cjntr-ftpji de JJ «pot* HJ'lj.a»!! n iJjj</line>
<line>a'. Figüfjil JO plan cjdjatrâl iau^ Ici (!•' l Çtj . Iti? . 1 oS , ( 7T , SUdp.</line>
<line>2&gt;lp. :inJp, 214-51 &amp;■ 2,16* “'S Lipn D ar. i ^uitSita pa'flii l*s j ti"</line></par>
<par>
<line>(HonuiRïnCi njtu''«-l!ï da cjt'-i- ce &lt;"0 &gt;ri; ritiquç., htstufluje, ïtiftrtti</line>
<line>fiijue.. Is^ieadjirï ou pi ttü'‘eaque,</line></par>
<par>
<line>jEdO ÏA'i</line></par>
</text>
</block>


</page>
</AC2>