<?xml version="1.0" encoding="UTF-8"?><AC2>
<page width="2484" height="3508" resolution="300">
<block><region><rect/></region>
<text>
<par>
<line>RÉPUBLIQUE F R A NA I S E</line></par>
</text>
</block>
<block><region><rect/></region>
<text>
<par/>
</text>
</block>
<block><region><rect/></region>
<text>
<par>
<line>MINISTÈRE DE L’ÉQUIPEMENT. DU LOGEMENT.</line>
<line>DE L'AMÉNAGEMENT OU TERRITOIRE</line>
<line>ET DES TRANSPORTS</line></par>
</text>
</block>
<block><region><rect/></region>
<text>
<par>
<line>NOR ; UqU.U.87 00 749 -Ü-</line></par>
<par>
<line>- rO*'" ■</line></par>
</text>
</block>
<block><region><rect/></region>
<text>
<par>
<line>DECRET</line></par>
</text>
</block>
<block><region><rect/></region>
<text>
<par>
<line>23 NDV. 1987</line></par>
</text>
</block>
<block><region><rect/></region>
<text>
<par/>
</text>
</block>
<block><region><rect/></region>
<text>
<par/>
</text>
</block>
<block><region><rect/></region>
<text>
<par/>
</text>
</block>
<block><region><rect/><rect/><rect/><rect/></region>
<text>
<par>
<line>ortâî^ jclassenient parmi les sites des départenictUs de l'Ailier</line>
<line>et dü .ÿuy-de-Dônie des gorges de Cliou-igiiy stir les communes de Cîiouvigny</line>
<line>et de Saint-Gal*-sur-Siouic (Puy-de-Dôme)</line></par>
</text>
</block>
<block><region><rect/></region>
<text>
<par>
<line>i</line></par>
</text>
</block>
<block><region><rect/></region>
<text>
<par>
<line>LE PREMIER MINISTRE</line></par>
</text>
</block>
<block><region><rect/></region>
<text>
<par>
<line>Sur le rapport du Ministre de l'Equipement, du Logement, de l'Aménageinent du</line></par>
<par>
<line>Territoire et des Transports ;</line></par>
<par>
<line>Vu la loi du 2 mai 1930, réorganisant la protection des monuments naturels et des</line>
<line>sites de caractère artistique, historique, scientifique, légendaire r'u</line>
<line>pittoresque, modifiée notamrnetit par la loi n® f.7.1174 du 28 défmmbre !'îf.7</line>
<line>en particulier les articles 5.!., 7, 8 et 12, ensemble le décret ti” 69.607 du M</line>
<line>juin 1969 pris pour son application ;</line></par>
<par>
<line>Vu l'arrêté d'inscription sur l'inventaire des sites pitt'-'resques de l'Ailier de</line>
<line>l'Eglise de Le Bourg, de son cimetière et de ses abords immédiats en date</line>
<line>du S août 1945 ;</line></par>
<par>
<line>Vu l'arrêté d'inscription sur l'inventaire des sites pittoresques de l'Ailier et rin</line>
<line>Puy-de-Dôme des gorges de Chouvigny en date du 30 mai 1 9 52 ;</line></par>
<par>
<line>Vu les conclusions de l'enquête administrative prescrite par arrêté interpréfectora!</line>
<line>Allier, Puy-de-Dôme - en date du 23 juin 1983 et notanunent l'abseti'f d^</line>
<line>consentement de certains propriétaires et de la comtTiunc de Saint-Gal-sur-</line>
<line>Sioule ;</line></par>
</text>
</block>
<block><region><rect/></region>
<text>
<par>
<line>..*/...</line></par>
</text>
</block>
<block><region><rect/></region>
<text>
<par>
<line>J.O. r 2 7 5 2 7 HOV, 1987</line></par>
</text>
</block>

</page>
<page width="2484" height="3508" resolution="300">
<block><region><rect/></region>
<text>
<par>
<line>- 2 -</line></par>
</text>
</block>
<block><region><rect/></region>
<text>
<par>
<line>Vu l'avis émis par la ConuTiission Régionale des n[)crations immobilières, de</line>
<line>i'Architeccore et des espaces irotégés d’Auvergne réunie le 20 décenibre</line></par>
<par>
<line>1983 ;</line></par>
<par>
<line>Vu l'avis émis par la Commission Supérieure des Site- Perspectives et</line>
<line>Paysages dans sa séance du 6 mai 1986 •,</line></par>
<par>
<line>Le Conseil d'Etat (section des Travaux Publics) eruendu :</line></par>
<par>
<line>Considérant que les gorges de Chouvigny situées dans les départements de l' Ailier</line>
<line>et du Puy-de-Dôme constituent un ensemble naturel et sauvage 3nt ta</line>
<line>conservation et la préservation présentent en raison de son caractère pittoresque</line>
<line>un intérêt général au sens de l'article 4 de la loi du 2 mai 1930 susvisée ;</line></par>
</text>
</block>
<block><region><rect/></region>
<text>
<par>
<line>DECRETE</line></par>
</text>
</block>
<block><region><rect/></region>
<text>
<par>
<line>Article 1er - Est classé parmi les sites pittoresques des départements de l'Ailier</line>
<line>et du Puy-de-Dôme, la partie des gorges -■ * Chouvigny délimitée comme suit, dans</line>
<line>le sens des aiguilles d'une montre, conformément à la carte au 1/25.000e et aux</line>
<line>plans cadastraux annexés au présent décret.</line></par>
<par>
<line>commune de Chouvigny (Allier)</line></par>
</text>
</block>
<block><region><rect/></region>
<text>
<par>
<line>Section AB</line></par>
</text>
</block>
<block><region><rect/></region>
<text>
<par>
<line>A partir d'un point de départ situé à la limite des communes de Chouvigny et</line>
<line>Saint-Gal-sur-Sioule au milieu de la Sioule à la hauteur de l'angle Sud de la</line>
<line>parcelle n° 101</line></par>
<par>
<line>-Limite entre les communes de Chouvigny et de Servant jusqu'à l'angle</line>
<line>Sud-Ouest de la parcelle n“ 5</line></par>
<par>
<line>- Limite Ouest des parcelles n" 5, 1 et 2</line></par>
<par>
<line>- Limite entre la section AB et la section Z/\ jusqu'à l'angle Sud-Ouest</line>
<line>de la parcelle n“ 38</line></par>
<par>
<line>- Limites Nord-Ouest et Nord-Est de la parcelle n" 33</line></par>
<par>
<line>- Limite Nord-Est des parcelles n® 39, 40 et 41.</line></par>
<par>
<line>Section ZA</line></par>
</text>
</block>
<block><region><rect/></region>
<text>
<par>
<line>- Franchissement d'un chemin non nommé</line></par>
<par>
<line>- à partir de ce chemin, limites Nord-Ouest et Nord-Est de la parcelle n** 122</line></par>
<par>
<line>- Franchissement d'un chemin non nommé.</line></par>
</text>
</block>
<block><region><rect/></region>
<text>
<par>
<line>.. •/...</line></par>
</text>
</block>





</page>
<page width="2484" height="3508" resolution="300">
<block><region><rect/></region>
<text>
<par>
<line>- 3 -</line></par>
</text>
</block>
<block><region><rect/></region>
<text>
<par>
<line>Section AB</line></par>
</text>
</block>
<block><region><rect/></region>
<text>
<par>
<line>“ Limite Nord-Est de la parcelle n° 60</line>
<line>- Limite Nord des parcelles n° 117, 118, 119, 124 et 125.</line></par>
<par>
<line>Section ZA</line></par>
</text>
</block>
<block><region><rect/></region>
<text>
<par>
<line>- Limites Ouest et Nord de la parcelle n° 99.</line>
<line>Section AB</line></par>
</text>
</block>
<block><region><rect/></region>
<text>
<par>
<line>- Limite Nord des parcelles n° 134, 135 et 136</line></par>
<par>
<line>- Limite Nord-Ouest des parcelles n® 158 et 160</line></par>
<par>
<line>- Limites Nord-Ouest et Nord de la parcelle n° 197</line></par>
<par>
<line>- Limites Nord-Ouest et Nord-Est de la parcelle n® 228</line></par>
<par>
<line>- Limite Nord-Ouest de la parcelle n" 227</line></par>
<par>
<line>- Limites Ouest et Nord de la parcelle r\° 226</line></par>
<par>
<line>- Limite Nord-Ouest de la parcelle n° 223</line></par>
<par>
<line>- Limites Nord-Ouest et Nord-Est de la parcelle n“ 218</line></par>
<par>
<line>- Angle Nord-Est de la parcelle n“ 219</line></par>
<par>
<line>; - Limites Nord-Est et Sud-Est de la parcelle n° 272</line></par>
<par>
<line>- Franchissement d'un chemin non nommé</line></par>
<par>
<line>- Limites Nord et Est de la parcelle n" 238, jusqu'à l'angle Nord-Ouest de la</line>
<line>parcelle n“ 239</line></par>
<par>
<line>“ Limite Nord des parcelle n“ 2 39. 240 et 241</line></par>
<par>
<line>- Limites Nord et Est de la parcelle n° 242, jusqu'à l'angle Nord-Ouest de la</line>
<line>parcelle n” 243</line></par>
<par>
<line>- Limite Nord-Est de la parcelle n” 243</line></par>
<par>
<line>- Franchissement d'un chemin non nommé</line></par>
<par>
<line>- Limite Est de la parcelle n° 248</line></par>
<par>
<line>- Franchissement d'un chemin non nommé</line></par>
<par>
<line>3 , - Limite Nord-Est de la parcelle n“ 25Ib, jusqu'à l'angle Nord-Ouest de la</line></par>
<par>
<line>parcelle n® 332 de la section AC.</line></par>
<par>
<line>Section AC</line></par>
</text>
</block>
<block><region><rect/></region>
<text>
<par>
<line>- Limite Nord-Ouest des parcelles n° 332 et 331</line></par>
<par>
<line>- Limites Nord-Ouest, Nord-Eit et Sud-Est de la parcelle n° 292 jusqu'à l'angle</line>
<line>Nord-Est de la parcelle n° 293</line></par>
<par>
<line>- Limites Nord et Nord-Est de la parcelle n'’ 293</line></par>
<par>
<line>- Limite Nord de la parcelle n® 302, à partir de l'angle Sud-Est de la parcelle</line>
<line>n® 293</line></par>
<par>
<line>- Limite Nord de la parcelle n° 304</line></par>
<par>
<line>- Franchissement d'un chemin non nommé</line></par>
<par>
<line>- Limites Sud, Est et Nord de la parcelle n° 305, exclue</line></par>
<par>
<line>- Limites Nord-Ouest et Nord-Est de la parcelle n® 306</line></par>
<par>
<line>- Limite Nord-Est de la parcelle n° 312</line></par>
<par>
<line>- Limites Est et Sud-Est de la parcelle n® 313</line></par>
</text>
</block>
<block><region><rect/></region>
<text>
<par>
<line>/ .</line>
<line>* * * / # • *</line></par>
</text>
</block>





</page>
<page width="2484" height="3508" resolution="300">
<block><region><rect/></region>
<text>
<par>
<line>- 4 -</line></par>
</text>
</block>
<block><region><rect/></region>
<text>
<par>
<line>- Limites Est et Sud de la parcelle 312</line></par>
<par>
<line>- Limite Sud de la parcelle n° 309</line></par>
<par>
<line>-Franchissement de l'ancienne route nationale n” 715 de Guéret à Vichy</line>
<line>(R.N.715) .</line></par>
<par>
<line>- Limite Est de la parcelle n“ 319</line></par>
<par>
<line>- Limite Nord de la parcelle n" 316</line></par>
<par>
<line>- Franchissement de la rivière La Sioule selon une ligne fictive partant de</line>
<line>l'angle Est de la parcelle n'^ 316 et aboutissant à la limite communale entre</line>
<line>Chouvigny et Saint-Gal-snr-Sioule.</line></par>
<par>
<line>Commune de Saint-Gal-sur-Sioule (Puy-de-Dôme)</line></par>
<par>
<line>section ZB</line></par>
</text>
</block>
<block><region><rect/></region>
<text>
<par>
<line>- Franchissement de la rivière La Sioule selon une ligne fictive partant de la</line>
<line>limite communale entre Chouvigny et Saint-Gal-sur-Sioule et aboutissant à</line>
<line>l’angle Est de la parcelle n“ 12</line></par>
<par>
<line>- Limite Sud-Est de la parcelle n° 12</line></par>
<par>
<line>- Franchissement d'un chemin tion nommé</line></par>
<par>
<line>- Limite Sud-Est de la parcelle n" 11</line></par>
<par>
<line>Section A2</line></par>
<par>
<line>- Limite Sud-Est de la parcelle r\° 523</line></par>
<par>
<line>- Limites Est de la parcelle n” 511</line></par>
<par>
<line>- Limite Sud-Est des parcelles n“ 510. 509 et 480</line></par>
<par>
<line>- Limites Sud-Est et Sud-Üuest de la parcelle n® 479</line></par>
<par>
<line>- Limite Sud des parcelles n® 473, 477, 476, 475, 470, et 469</line></par>
<par>
<line>- Franchissement d'un chemin non nommé</line></par>
<par>
<line>Section Al</line></par>
</text>
</block>
<block><region><rect/></region>
<text>
<par>
<line>- Limite Sud-Est des parcelles rf 45, 46 et 47</line></par>
<par>
<line>- Limites Sud-Est et Sud de ta parcelle n® 53</line></par>
<par>
<line>- Limite Sud des parcelles n“ 57 et 66 jusqu'à l'angle Est de la parcelle n“ I4a</line>
<line>de la section ZA</line></par>
<par>
<line>Section Z A</line></par>
</text>
</block>
<block><region><rect/></region>
<text>
<par>
<line>-Limites Sud-Est, Sud et Ouest de la parcelle n“ 14a jusqu'à un point</line>
<line>correspondant à l'intersection d’une ligne fictive prolongeant la limite Sud de</line>
<line>la parcelle n® 10a et franchissant un chemin non nommé</line></par>
<par>
<line>- Franchissement du chemin non nommé</line></par>
<par>
<line>- Limite Sud des parcelles iOa et 10b, 5b, 4 et 3</line></par>
<par>
<line>Section Al</line></par>
</text>
</block>
<block><region><rect/></region>
<text>
<par>
<line>- Limites Est et Sud-Est de la parcelle n° 403</line></par>
<par>
<line>- Limite Sud-Est des parcelles n° 404, 405 et 400 jusqu'au chemin vicinal</line></par>
</text>
</block>
<block><region><rect/></region>
<text>
<par>
<line>. . . / « A »</line></par>
</text>
</block>






</page>
<page width="2484" height="3509" resolution="300">
<block><region><rect/></region>
<text>
<par>
<line>- 5 -</line></par>
</text>
</block>
<block><region><rect/></region>
<text>
<par>
<line>- Côté Nord du chemin vicinal jusqu’à la limite entre les communes de</line>
<line>Saint-Gal-sur-Sioule et Pouzol</line></par>
<par>
<line>- puis cette limite communale jusqu'à l'angle Nord-Ouest de la parcelle rf 390</line></par>
<par>
<line>- la limite entre les communes de Servant et de Saînt-Gal-sur~5ioule jusqu'à la</line>
<line>limite communale entre Saint-Gal-sur-Sioule et Chouvigny qui forme le retour</line>
<line>au point de départ.</line></par>
<par>
<line>Article 2 ~ Le présent décret sera notifié aux Commissaires de la</line></par>
<par>
<line>République des départements de l'Ailier et du Puy-de-Dôme ainsi qu'aux maires</line>
<line>des communes de Chouvigny (Allier) et de Saint-Gal-sur-Sioule (Puy-de-Dôme).</line></par>
</text>
</block>
<block><region><rect/></region>
<text>
<par>
<line>Article 3 - Le présent décret ainsi que la carte au [/25.000e et les plans</line>
<line>cadastraux annexés pourront être consultés aux Préfectures de l'Ailier et du</line>
<line>Puy-de-Dôme et dans les mairies de Chouvigny et de Saint-Gal-sur-Sioule.</line></par>
</text>
</block>
<block><region><rect/></region>
<text>
<par>
<line>Article 4 - Le Ministre de l'Equipement, du Logement, de l'Aménagement du</line>
<line>Territoire et des Transports et le Ministre Délégué auprès du Ministre de</line>
<line>l’Equipement, du Logement, de l'Aménagement du Territoire et des Transports,</line>
<line>chargé de l’Environnement sont chargés, chacun en ce qui le concerne de</line>
<line>l'exécution du présent décret qui sera publié au Journal Officiel de la République</line>
<line>Française.</line></par>
</text>
</block>
<block><region><rect/></region>
<text>
<par>
<line>Fait à Paris, le</line></par>
</text>
</block>
<block><region><rect/></region>
<text>
<par>
<line>2 3 ?J0V. 1987</line></par>
</text>
</block>
<block><region><rect/></region>
<text>
<par/>
</text>
</block>
<block><region><rect/></region>
<text>
<par>
<line>Jacques CHIRAC</line></par>
</text>
</block>
<block><region><rect/></region>
<text>
<par>
<line>Par le Premier Ministre</line></par>
</text>
</block>
<block><region><rect/></region>
<text>
<par>
<line>Le Ministre de l'Equipement,</line>
<line>du Logement, de l'Aménagement</line>
<line>du Terjritoire et des Transports,</line></par>
<par>
<line>i</line></par>
<par>
<line>\</line></par>
</text>
</block>
<block><region><rect/></region>
<text>
<par>
<line>Le Ministre Délégué auprès</line>
<line>du Ministre de l'Equipement,</line>
<line>du Logement, de l'Amenagement</line>
<line>du Territoire et des Transports</line>
<line>chargé de l'Environnement</line></par>
</text>
</block>
<block><region><rect/></region>
<text>
<par>
<line>|''l9tTO rv'l^,HAIGNERIE</line></par>
</text>
</block>
<block><region><rect/></region>
<text>
<par>
<line>A/a/n CAR.'GrvÛN</line></par>
</text>
</block>



</page>
</AC2>