<?xml version="1.0" encoding="UTF-8"?><AC2>
<page width="798" height="1126" resolution="96">
<block><region><rect/></region>
<text orientation="RotatedCounterclockwise">
<par/>
</text>
</block>
<block><region><rect/></region>
<text>
<par/>
</text>
</block>
<block><region><rect/></region>
<text>
<par>
<line>ÉTAT FRANÇAIS.</line></par>
<par>
<line>ARRÊTÉ.</line></par>
</text>
</block>
<block><region><rect/><rect/></region>
<text>
<par>
<line>DiiiKi;ru)'</line></par>
<par>
<line>(.UMfineM lU Nl*k</line></par>
<par>
<line>Vu l'.ivis rjnis |iar U CüTnmUsiûii clüiiarlemcul&amp;lc dfii mon u mou U uniuieU</line>
<line>et fies silc^ klaijft «a bénricc du 17 d idembre 1941</line></par>
<par>
<line>Vu l'adlidsiou ca JsLfl du 9 ra^r* 1942 donnée |wr</line></par>
<par>
<line>le Cc»neeil Uunieiprl ^âe le Ceaziur.o âe 8t*?olrAt«</line></par>
</text>
</block>
<block><region><rect/></region>
<text>
<par>
<line>Ulnletre *</line></par>
<par>
<line>Lç/^!tCllfcTAIHK U'I'JAT À l'EuUUATIÜS XàTlO.I.ALU rr ^</line></par>
<par>
<line>Vu la loi &lt;2u a tnaî ii^3u réorganisant la proiccUon di*s tnonuiavnts</line>
<line>nalurots vt des actes /lu cararivre ariis(ii|uc, btstorîf|ue. adenUGc^uc, légendaire</line>
<line>ou piUOreMpie;</line></par>
</text>
</block>
<block><region><rect/></region>
<text>
<par>
<line>^f£«Ki i (ur n* .r«T</line></par>
<par>
<line>.\ LWicmoN ^mü^^u</line></par>
<par>
<line>^.V4AW4&gt;i&gt;ihSK»:.</line></par>
</text>
</block>
<block><region><rect/></region>
<text>
<par>
<line>5ia.iUir«iiAi' Gi-AJCii.M.</line>
<line>Dès IiÈ.SUX AATü.</line></par>
</text>
</block>
<block><region><rect/></region>
<text>
<par/>
</text>
</block>
<block><region><rect/></region>
<text>
<par/>
</text>
</block>
<block><region><rect/></region>
<text>
<par>
<line>■</line></par>
</text>
</block>





</page>
<page width="793" height="1123" resolution="96">
<block><region><rect/></region>
<text orientation="RotatedCounterclockwise">
<par>
<line>«t-p.</line></par>
</text>
</block>
<block><region><rect/></region>
<text>
<par>
<line>viuuVn: :</line></par>
</text>
</block>
<block><region><rect/></region>
<text>
<par>
<line>AftTtCl.R VHRMIEH.</line></par>
</text>
</block>
<block><region><rect/><rect/></region>
<text>
<par>
<line>ji^ensofiol© toreié par l^égllee</line>
<line>O Saint-Point (Snonô-&amp;-Loiro}, 1® cimctior© qui l*Qn</line>
<line>ourc •ît leascilôs tumulalres alnel qu© la croix du</line>
<line>«Irjictièr*©,</line></par>
<par>
<line>A</line></par>
</text>
</block>
<block><region><rect/></region>
<text>
<par>
<line>©iit classd [nimjj ks s des et moiiumoiU.'s traturels rie carecicre</line></par>
<par>
<line>arlUliq’jc, Kisloriqao, scicaUllciic. légendaire uu piUorosque.</line></par>
<par>
<line>AKf- ’i. V</line></par>
<par>
<line>I-c pïcsolU arrèié sera nohné au Prclcl &lt;!ti cléparlcmcnt d© Saono-à-</line>
<line>I*oir© et au maire do Saint-Point,</line></par>
<par>
<line>fjui eororU mpcnsables. cliacon en re i[ui la concorne, tic s;&gt;a c^dcuUon.</line></par>
<par>
<line>AKf. 3.</line></par>
<par>
<line>Î1 sera Iranscfll au Bureau des hypolLcqucs de la sUuaUou d U eltô</line>
<line>QlBSSé./.</line></par>
</text>
</block>
<block><region><rect/></region>
<text>
<par>
<line>Paris, îe</line></par>
</text>
</block>
<block><region><rect/></region>
<text>
<par>
<line>^JL) iN iSH-^</line></par>
</text>
</block>
<block><region><rect/></region>
<text>
<par/>
</text>
</block>
<block><region><rect/></region>
<text>
<par/>
</text>
</block>
</page>
<page width="793" height="1123" resolution="96">
<block><region><rect/></region>
<text>
<par>
<line>SAINT POINT</line></par>
</text>
</block>
<block><region><rect/></region>
<text>
<par>
<line>SITE CLASSE</line></par>
</text>
</block>
<block><region><rect/></region>
<text>
<par>
<line>Eglise cirr,etiere stèles tumuUfrea et crsix</line></par>
<par>
<line>2 juin 1942</line></par>
</text>
</block>
<block><region><rect/></region>
<text>
<par>
<line>ECHELLE 1/12S0</line></par>
</text>
</block>
<block><region><rect/></region>
<text>
<par>
<line>LE.njO .^0.</line></par>
</text>
</block>
<block><region><rect/></region>
<text>
<par>
<line>=-7^6</line></par>
</text>
</block>
<block><region><rect/></region>
<text>
<par/>
</text>
</block>
<block><region><rect/></region>
<text>
<par>
<line>DS</line></par>
</text>
</block>
<block><region><rect/></region>
<text>
<par>
<line>704</line></par>
</text>
</block>
<block><region><rect/></region>
<text>
<par/>
</text>
</block>
<block><region><rect/></region>
<text>
<par>
<line>C</line></par>
</text>
</block>
<block><region><rect/></region>
<text>
<par>
<line>E A'l/</line></par>
</text>
</block>
<block><region><rect/></region>
<text>
<par>
<line>H</line></par>
</text>
</block>
<block><region><rect/></region>
<text>
<par>
<line>A</line></par>
</text>
</block>
<block><region><rect/></region>
<text>
<par>
<line>T</line></par>
</text>
</block>
<block><region><rect/></region>
<text>
<par>
<line>D E</line></par>
</text>
</block>
<block><region><rect/></region>
<text>
<par>
<line>LAMARTINE</line></par>
</text>
</block>
<block><region><rect/></region>
<text>
<par>
<line>Tû</line></par>
</text>
</block>
<block><region><rect/></region>
<text>
<par>
<line>mûeau</line></par>
</text>
</block>
<block><region><rect/></region>
<text>
<par>
<line>f</line></par>
</text>
</block>
<block><region><rect/></region>
<text>
<par>
<line>t</line></par>
</text>
</block>
<block><region><rect/></region>
<text>
<par/>
</text>
</block>
<block><region><rect/></region>
<text>
<par>
<line>69â</line></par>
</text>
</block>
<block><region><rect/></region>
<text>
<par>
<line>t</line></par>
</text>
</block>
<block><region><rect/></region>
<text>
<par>
<line>t</line></par>
</text>
</block>
<block><region><rect/></region>
<text>
<par>
<line>655</line></par>
</text>
</block>
<block><region><rect/></region>
<text>
<par/>
</text>
</block>
<block><region><rect/></region>
<text>
<par>
<line>Ca</line></par>
</text>
</block>
<block><region><rect/></region>
<text>
<par>
<line>re</line></par>
</text>
</block>
<block><region><rect/></region>
<text>
<par>
<line>roi</line></par>
</text>
</block>













</page>
<page width="2486" height="3513" resolution="300">
<block><region><rect/><rect/><rect/></region>
<text>
<par>
<line>’mm^':rémmù</line></par>
<par>
<line>Site classé de St-Point</line></par>
</text>
</block>
<block><region><rect/><rect/></region>
<text>
<par>
<line>i • ■•'■ f'*- * cf,'• ■</line>
<line>î.VZ-/ '</line></par>
</text>
</block>
<block><region><rect/><rect/><rect/></region>
<text>
<par>
<line>rÆ:. ^ ^ :&amp;• - -^|r_ &gt;m \!aé::</line></par>
<par>
<line>ï de St-Point z*#</line></par>
<par>
<line>Eglise,ciTnetière,stèles tumulaires [ ï*\</line></par>
<par>
<line>J3+ riT^rtttf Hn /'i-rvijat'iOf*ci i|"' '' ' ■' '’</line></par>
<par>
<line>•'■ ■ ■^^- 1; :A* ■ ■ ■ ' t / j'^</line></par>
</text>
</block>
<block><region><rect/><rect/></region>
<text>
<par>
<line>et croix du cimetière</line>
<line>Echelle: 1:10 000</line></par>
</text>
</block>
<block><region><rect/><rect/><rect/><rect/><rect/><rect/><rect/><rect/><rect/><rect/></region>
<text>
<par>
<line>1^- 'TtU J ; ^ ,-</line></par>
<par>
<line>• . ^ .- t»^l» *</line></par>
<par>
<line>. . U ,.■ 'r :• ■]^, ;i ;. : - J</line></par>
<par>
<line>■-# 1</line></par>
<par>
<line>à- v -iVnK ' f-M'', y ■•</line></par>
<par>
<line>.—‘fl—“"*■ TT’f^ J</line></par>
<par>
<line>-■■i-v' &gt;.ïïr" 'v/' L ’</line></par>
</text>
</block>
<block><region><rect/><rect/><rect/><rect/></region>
<text>
<par>
<line>h kk</line></par>
<par>
<line>i :it-f^int^ï:</line></par>
<par>
<line>** -V' E !&gt;■ : ^</line></par>
<par>
<line>■ à ■■ ;</line></par>
<par>
<line>■ -- V::.. -.•^:*w auîpbX-,w;i&gt;f-r-'i:■?/£?,f</line></par>
</text>
</block>
<block><region><rect/><rect/></region>
<text>
<par>
<line>Üd '.V i }' &lt;</line></par>
<par>
<line>*&gt;</line></par>
</text>
</block>
<block><region><rect/><rect/></region>
<text>
<par/>
</text>
</block>
<block><region><rect/><rect/></region>
<text>
<par>
<line>'il •</line></par>
</text>
</block>
<block><region><rect/><rect/></region>
<text>
<par>
<line>fÿî'*.' ■ ".</line></par>
</text>
</block>
<block><region><rect/></region>
<text>
<par>
<line>I •</line></par>
</text>
</block>
<block><region><rect/></region>
<text>
<par>
<line>"V</line></par>
</text>
</block>
<block><region><rect/><rect/><rect/><rect/><rect/><rect/></region>
<text>
<par>
<line>35S Po.' ■&gt;</line></par>
</text>
</block>




















</page>
</AC2>