<?xml version="1.0" encoding="UTF-8"?><AC2>
<page width="3309" height="4650" resolution="395">
<block><region><rect/></region>
<text>
<par>
<line>copia POUR INFORMATION</line></par>
</text>
</block>
<block><region><rect/></region>
<text>
<par>
<line>MINIST0R2 d‘uTAT</line>
<line>APRAIRES OILTURALLUS</line></par>
</text>
</block>
<block><region><rect/></region>
<text>
<par>
<line>RRPUBLIQUR PRARGAISJ</line></par>
</text>
</block>
<block><region><rect/></region>
<text>
<par>
<line>A R R</line></par>
</text>
</block>
<block><region><rect/></region>
<text>
<par>
<line>Le Ministre d’Rtat</line>
<line>chargé des Affaires Culturelles</line></par>
<par>
<line>VU la loi du 2 Mai 1930 réorganisant la protection des moiiuments</line>
<line>naturels et des sites de caractère artistique, historique,</line>
<line>scientifique, légendaire ou pittoresque et notamment l'arti¬</line>
<line>cle 4 ;</line></par>
<par>
<line>Vü la loi du 12 Avril 1943 portant réglementation de la publicité</line>
<line>et des enseignes et notamment les articles 5 et 9 ?</line></par>
<par>
<line>VU le décret du 3 février 1959 relatif aux attributions d'un</line>
<line>Ministre d'Stat ;</line></par>
<par>
<line>VJ le décret du 24 Juillet 1959 portant organisation du Minis¬</line>
<line>tère d'Utat chargé des Affaires Culturelles ^</line></par>
<par>
<line>VU le décret du 18 Mars I960 portant application du décret du</line>
<line>7 février 1959 relatif au camping, et notamment les articles</line>
<line>2 et 6 I</line></par>
<par>
<line>VU l'avis émis par la Commission départementale des Sites,</line>
<line>Perspectives et Paysages du finistère dans sa séance du</line>
<line>23 Pécembre 1958 ;</line></par>
<par>
<line>ARRETS</line></par>
<par>
<line>Article 1or - Est i]:]æcrite sur l'Inventaire des Sites pittores-</line>
<line>que s du département du finistère la pointe du Gabellou située</line>
<line>sur la commune de OONGARUEAU et comprenant les parcelles cadas¬</line>
<line>trales suivantes i</line></par>
<par>
<line>Section AM - N® 1 à 7 inclus - 61 à 74 inclus et 77o</line></par>
<par>
<line>Article 2 - Le présent arrôté sera notifié au Préfet du départe¬</line>
<line>ment du finistère, au Maire de la commune de CONCARNEAU et aux</line>
<line>propriétaires intéressés, qui seront responsable s,chacun en ce</line>
<line>qmi le concerne, de son exécution.</line></par>
<par>
<line>Article 3 - Il sera transcrit au bureau des hypothèques de la</line>
<line>situation du site inscrit.</line></par>
</text>
</block>
<block><region><rect/></region>
<text>
<par>
<line>S T</line></par>
</text>
</block>
<block><region><rect/></region>
<text>
<par>
<line>Pour ampliation,</line></par>
<par>
<line>I l’Administrateur</line>
<line>chargé des Sites,</line></par>
</text>
</block>
<block><region><rect/></region>
<text>
<par>
<line>Paris, le 15 Novembre 1963</line>
<line>Pour le Ministre et par délégation s</line>
<line>Le Maître des Requîtes au Conseil d'Etat,</line></par>
<par>
<line>Signéî Max QUERRIEN.</line></par>
</text>
</block>
<block><region><rect/><rect/><rect/><rect/></region>
<text>
<par>
<line>fl. l</line></par>
<par>
<line>Signés R. COLJBE</line></par>
</text>
</block>







</page>
</AC2>