<?xml version="1.0" encoding="UTF-8"?><AC2>
<page width="1666" height="2347" resolution="200">
<block><region><rect/></region>
<text>
<par>
<line>ARRÊTÉ ;</line></par>
</text>
</block>
<block><region><rect/></region>
<text>
<par>
<line>ARTICLE PREMIER.</line></par>
</text>
</block>
<block><region><rect/></region>
<text>
<par/>
</text>
</block>
<block><region><rect/></region>
<text>
<par>
<line>L« tttlipl«r d« Tlrginle situé à St-CHRISTOPHB-</line>
<line>TALAns (lll«-«t»TiXaln«) dans la propriété d«</line></par>
<par>
<line>M» Boranga, sur la paroella oadaatrals n» 699, saotion A,</line></par>
</text>
</block>
<block><region><rect/></region>
<text>
<par>
<line>• clas»é parmi les sites et monuments naturels de caractère</line></par>
<par>
<line>artistique historique, scientifique, légendaire ou pittoresque.</line></par>
<par>
<line>ART. 3.</line></par>
<par>
<line>Le prés int arrêté sera notifié au Préfet du département d ’ll^S-et-</line>
<line>Vilaina, au Wairs de St-Chrtatophe de VaTalns et à</line>
<line>M. poranga,</line></par>
<par>
<line>qui seront responsables, chacun en ce qui le concerne, de son exécution.</line></par>
</text>
</block>
<block><region><rect/></region>
<text>
<par>
<line>ART. 3.</line></par>
<par>
<line>1 sera tran.scril au Bureau des hypothèques de la situation d9 1 * arbre</line></par>
<par>
<line>classé.</line></par>
</text>
</block>
<block><region><rect/></region>
<text>
<par>
<line>Paris, le</line></par>
</text>
</block>
<block><region><rect/></region>
<text>
<par>
<line>4</line></par>
</text>
</block>
</page>
</AC2>