<?xml version="1.0" encoding="UTF-8"?><AC2>
<page width="2714" height="3980" resolution="180">
<block><region><rect/></region>
<text>
<par>
<line>‘V</line></par>
<par>
<line>MîMstkhe</line></par>
<par>
<line>DE</line></par>
<par>
<line>L’Jnstruction publique</line></par>
<par>
<line>ET DES BEAUX-ARTS.</line></par>
<par>
<line>liEAüX-ARTS.</line></par>
<par>
<line>Monuments historiques.</line></par>
<par>
<line>Sites et Monuments naturels.</line></par>
</text>
</block>
<block><region><rect/></region>
<text>
<par>
<line>HEPÜBLIOUE FRANÇAISE.</line></par>
</text>
</block>
<block><region><rect/></region>
<text>
<par>
<line>ARRÊTÉ.</line></par>
</text>
</block>
<block><region><rect/></region>
<text>
<par>
<line>Le .</line></par>
</text>
</block>
<block><region><rect/></region>
<text>
<par/>
</text>
</block>
<block><region><rect/></region>
<text>
<par/>
</text>
</block>
<block><region><rect/></region>
<text>
<par>
<line>Le SBUs~Sccrôl(ffro (tElal des Beaux ArU,</line></par>
</text>
</block>
<block><region><rect/><rect/></region>
<text>
<par/>
</text>
</block>
<block><region><rect/></region>
<text>
<par>
<line>f.</line></par>
</text>
</block>
<block><region><rect/></region>
<text>
<par/>
</text>
</block>
<block><region><rect/></region>
<text>
<par/>
</text>
</block>
<block><region><rect/></region>
<text>
<par/>
</text>
</block>
<block><region><rect/></region>
<text>
<par>
<line>OJ</line></par>
</text>
</block>
<block><region><rect/></region>
<text>
<par/>
</text>
</block>
<block><region><rect/></region>
<text>
<par>
<line>»</line></par>
</text>
</block>
<block><region><rect/></region>
<text>
<par>
<line>c-</line></par>
</text>
</block>
<block><region><rect/></region>
<text>
<par/>
</text>
</block>
<block><region><rect/></region>
<text>
<par/>
</text>
</block>
<block><region><rect/></region>
<text>
<par>
<line>■P'</line></par>
</text>
</block>
<block><region><rect/></region>
<text>
<par>
<line>É&gt;te1</line>
<line>? ^</line></par>
</text>
</block>
<block><region><rect/></region>
<text>
<par>
<line>a</line></par>
</text>
</block>
<block><region><rect/></region>
<text>
<par/>
</text>
</block>
<block><region><rect/></region>
<text>
<par>
<line>Ici/</line></par>
</text>
</block>
<block><region><rect/></region>
<text>
<par>
<line>m</line></par>
</text>
</block>
<block><region><rect/></region>
<text>
<par/>
</text>
</block>
<block><region><rect/></region>
<text>
<par/>
</text>
</block>
<block><region><rect/></region>
<text>
<par/>
</text>
</block>
<block><region><rect/></region>
<text>
<par/>
</text>
</block>
<block><region><rect/></region>
<text>
<par>
<line>*î</line></par>
</text>
</block>
<block><region><rect/></region>
<text>
<par>
<line>\S</line></par>
</text>
</block>
<block><region><rect/></region>
<text>
<par>
<line>Vu la loi du 2 mat !()3o réorganisant la protection des monuments</line>
<line>naturels et des sites de caractère artistique, historique, scientifique, légendaire</line>
<line>ou pittoresque;</line></par>
</text>
</block>
<block><region><rect/></region>
<text>
<par>
<line>i i</line></par>
</text>
</block>
<block><region><rect/></region>
<text>
<par>
<line>Vu l’avis émis par la Commission départementale des monuments et des</line>
<line>sites naturels dans sa séance du 9 novetnlDre 1933;</line></par>
</text>
</block>
<block><region><rect/></region>
<text>
<par>
<line>„ad]iésion , ,</line></par>
<par>
<line>Vu 1 eH^ageiHent en date du</line></par>
<par>
<line>O D</line></par>
</text>
</block>
<block><region><rect/></region>
<text>
<par/>
</text>
</block>
<block><region><rect/></region>
<text>
<par>
<line>Ministre des</line></par>
</text>
</block>
<block><region><rect/></region>
<text>
<par>
<line>11 décembre 1935 donnée par M, le</line>
<line>Travaux Publics, propriétaire, dans</line></par>
</text>
</block>
<block><region><rect/></region>
<text>
<par>
<line>le site de la Gueule d’Enfer, du pont sur lequel la route</line>
<line>nationale lOS franchit le ruisseau.</line></par>
</text>
</block>
<block><region><rect/></region>
<text>
<par>
<line>Vu les adhésions données le 17 août 1933 par</line></par>
</text>
</block>
<block><region><rect/></region>
<text>
<par>
<line>%</line></par>
<par>
<line>0</line></par>
<par>
<line>'1</line></par>
<par>
<line>?</line></par>
<par>
<line>•5</line></par>
</text>
</block>
<block><region><rect/></region>
<text>
<par>
<line>■0</line></par>
<par>
<line>■&gt;</line></par>
<par>
<line>P</line></par>
<par>
<line>f</line></par>
</text>
</block>
<block><region><rect/></region>
<text>
<par>
<line>Éi.fc, Louis, à Thueyts, propriétaire dans le site de la Gueule</line></par>
<par>
<line>_ d*Enfer de la parcelle K® Ip, section s 22</line></par>
<par>
<line>BRUII Jean, h Thueyts, propriétaire dans le site de la Gueule û*3nfer</line>
<line>_. de la parcelle n® 3p, section i 32</line></par>
</text>
</block>
<block><region><rect/></region>
<text>
<par>
<line>ttSOïER Au^ete, à Thueyts, propriétaire dans le site do la Gueule</line></par>
<par>
<line>d*3nfer de la parcelle n® 3, section 5 gg</line></par>
</text>
</block>
<block><region><rect/></region>
<text>
<par>
<line>î.lTK'^TîT Joseph, à Thueyts, propriétaire</line></par>
<par>
<line>d*Enfer de la</line></par>
<par>
<line>KûÜKi-3 Aupuate, à Thueyts, propriétaire</line></par>
<par>
<line>d*Jnfer de la</line></par>
</text>
</block>
<block><region><rect/></region>
<text>
<par>
<line>dans le site de la gueule</line>
<line>parcelle n® E p, oection e</line></par>
</text>
<text>
<par>
<line>3£</line></par>
</text>
<text>
<par>
<line>dans le site de la Gueule</line>
<line>parcelle n® 8, oection 3</line></par>
<par>
<line>• &gt;, '</line></par>
</text>
</block>





</page>
<page width="2707" height="4022" resolution="180">
<block><region><rect/></region>
<text>
<par>
<line>f</line></par>
</text>
</block>
<block><region><rect/></region>
<text>
<par>
<line>AURÈTL</line></par>
</text>
</block>
<block><region><rect/></region>
<text>
<par>
<line>«</line></par>
</text>
</block>
<block><region><rect/></region>
<text>
<par>
<line>ARTICr.K PREMIER.</line></par>
</text>
</block>
<block><region><rect/></region>
<text>
<par>
<line>La partie du site de la "Gueule d’Snfer" à THüms</line>
<line>(Ardôohe) ooniirenant les i&gt;arcelleB cadastralee n®* Ip, 2,</line></par>
<par>
<line>3, 8, seotiOTi S gg, ainsi que le pont sur lequel la</line>
<line>route nationale »* lOS^franchit le ruisseat à 1*entrée sud</line></par>
<par>
<line>du Tillage,</line></par>
</text>
</block>
<block><region><rect/></region>
<text>
<par>
<line>est classée parmi les sites et monuments naturels de caractère</line></par>
<par>
<line>artistique, historique, scientificpie, légendaire ou pittoresque.</line></par>
<par>
<line>ART. 2.</line></par>
<par>
<line>Le présent arrêté sera notifié au Préfet du département de 1 ’ Ardèche , au</line></par>
<par>
<line>maire de Thueÿts~ët aux propriétaires intéressés,</line></par>
<par>
<line>qui seront responsables, chacun en ce qui le concerne, de son exécution.</line></par>
<par>
<line>ART. 3.</line></par>
<par>
<line>V</line></par>
<par>
<line>Il sera transcrit au Bureau des hypothèques de la situation d ti site classé .</line></par>
</text>
</block>
<block><region><rect/></region>
<text>
<par>
<line>Paris</line></par>
</text>
</block>
<block><region><rect/></region>
<text>
<par>
<line>is, le 'I ^</line></par>
</text>
</block>
<block><region><rect/></region>
<text>
<par>
<line>Pour ampliation.</line></par>
<par>
<line>Pour le Directeur Général des Beaux-Arts,</line></par>
<par>
<line>Meffifere de Wmtittrt :</line></par>
<par>
<line>Le^hef du Bureau des Monuments historiques, e/ de^ Siàô</line></par>
</text>
</block>
<block><region><rect/><rect/><rect/><rect/><rect/><rect/></region>
<text>
<par>
<line>: :j j if P.ail'Ai , ^</line></par>
<par>
<line>AT..',-I 1 ; tJ^softiT O'gFFinc ^</line></par>
<par>
<line>_,A{'T ^ n-ontr.</line></par>
<par>
<line>• V' •• 4 ! -*♦ AT A -</line></par>
</text>
</block>
<block><region><rect/></region>
<text>
<par/>
</text>
</block>
<block><region><rect/></region>
<text>
<par/>
</text>
</block>
<block><region><rect/></region>
<text>
<par/>
</text>
</block>
<block><region><rect/></region>
<text>
<par/>
</text>
</block>
<block><region><rect/></region>
<text>
<par>
<line>/</line></par>
</text>
</block>
<block><region><rect/></region>
<text>
<par>
<line>w</line></par>
</text>
</block>




</page>
</AC2>