<?xml version="1.0" encoding="UTF-8"?><AC2>
<page width="1659" height="2342" resolution="200">
<block><region><rect/></region>
<text>
<par>
<line>COTES-DU-NORD</line></par>
<par>
<line>LANCIEUX</line></par>
<par>
<line>CANTON : PLOUBALAY</line>
<line>ARRONDI" ! DlNAN</line></par>
</text>
</block>
<block><region><rect/></region>
<text>
<par>
<line>LA CROIX COHINIAC</line></par>
<par>
<line>_»_</line></par>
</text>
</block>
<block><region><rect/></region>
<text>
<par>
<line>■V</line></par>
<par>
<line>L</line></par>
<par>
<line>H</line></par>
<par>
<line>c</line></par>
</text>
</block>
<block><region><rect/></region>
<text>
<par>
<line>Route</line></par>
</text>
</block>
<block><region><rect/></region>
<text>
<par>
<line>I4. Prevoba-Ls</line></par>
</text>
</block>
<block><region><rect/></region>
<text>
<par>
<line>J</line></par>
</text>
</block>
<block><region><rect/></region>
<text>
<par/>
</text>
</block>
<block><region><rect/></region>
<text>
<par/>
</text>
</block>
<block><region><rect/></region>
<text>
<par/>
</text>
</block>
<block><region><rect/></region>
<text>
<par>
<line>A</line></par>
<par>
<line>parcelle 290</line></par>
</text>
</block>
<block><region><rect/></region>
<text>
<par>
<line>«</line></par>
<par>
<line>-xs</line></par>
</text>
</block>
<block><region><rect/></region>
<text>
<par>
<line>«J</line></par>
<par>
<line>9</line></par>
<par>
<line>O</line></par>
<par>
<line>û:</line></par>
</text>
</block>
<block><region><rect/><rect/><rect/></region>
<text>
<par>
<line>TIICHELIN-au V2OOOOO N*59 plê 5</line></par>
<par>
<line>!rCTv QiNmo</line></par>
</text>
</block>
<block><region><rect/></region>
<text>
<par>
<line>V6</line></par>
</text>
</block>
<block><region><rect/></region>
<text>
<par/>
</text>
</block>
<block><region><rect/></region>
<text>
<par/>
</text>
</block>
<block><region><rect/></region>
<text>
<par/>
</text>
</block>
<block><region><rect/></region>
<text>
<par/>
</text>
</block>
<block><region><rect/></region>
<text>
<par>
<line>l*/te/eux:</line></par>
</text>
</block>
<block><region><rect/></region>
<text>
<par>
<line>(A</line></par>
</text>
</block>
<block><region><rect/></region>
<text>
<par>
<line>f</line></par>
</text>
</block>
<block><region><rect/></region>
<text>
<par>
<line>PlancoÜt</line></par>
</text>
</block>
<block><region><rect/></region>
<text>
<par>
<line>Pinatd</line></par>
</text>
</block>
<block><region><rect/></region>
<text>
<par>
<line>BcUUc. 1/500</line></par>
</text>
</block>
<block><region><rect/></region>
<text>
<par>
<line>Pâ-rtt-c. c/a SS «e</line></par>
</text>
</block>
<block><region><rect/></region>
<text>
<par>
<line>L*enseinble formé à LATÏCIEÜX (Cotea-du-Eord ) par la Croix Cohinlac</line>
<line>les arbres qol l*entourent et ses abords jLnunodlate^ constitué par un carré ^</line>
<line>de terrain de 5 mètres de ooté situé à l'angle îTotd-^st do la parcelle 290</line>
<line>section Af est classé parmi les sites et monuoients naturels de caractère</line>
<line>e^tlstijae, historique^ 3ciefitifiqae&gt; légendaire ou pittoresque.</line></par>
<par>
<line>^ ( irr#t4 du 22 Ml l$43 )</line></par>
<par>
<line>y*"""' " ' "" ■ » ■ ■ .....</line></par>
</text>
</block>




































<block blockType="Picture" blockName="" l="1225" t="784" r="1306" b="827"><region><rect/></region>
</block>
<block blockType="Picture" blockName="" l="1096" t="1748" r="1237" b="1821"><region><rect/></region>
</block>
</page>
</AC2>