<?xml version="1.0" encoding="UTF-8"?><AC2>
<page width="2528" height="3539" resolution="300">
<block><region><rect/></region>
<text>
<par>
<line>ARRÊTE :</line></par>
</text>
</block>
<block><region><rect/></region>
<text>
<par>
<line>ARTICLE PREMIER.</line></par>
<par>
<line>ôf ' » N‘(Xn^ ^ C ^&lt;p(^ (lM^-cUxclam</line></par>
<par>
<line>^ //r« /''&lt;? - yoa^ D ^</line></par>
</text>
</block>
<block><region><rect/></region>
<text>
<par>
<line>classé parmi les sites et moauments naturels de caractère</line></par>
<par>
<line>artistique! historique, scientifique, légendaire ou pittoresque. cfu^</line></par>
<par>
<line>■6w fcvvu.i.ta*.t.£‘^ -(t-èxu , €a. jia^ j ' -&amp;/ àn tu^ j- _</line></par>
<par>
<line>ART. 2.</line></par>
<par>
<line>Le présent arrêté sera notifié au Préfet du département dé (' ^ haJ^^JL</line></par>
<par>
<line>{As êci. cA^ {As. /V23..OT^|ff .-t^ sA- o^iA. ^</line></par>
<par>
<line>qui seront responsables, chacun en ce qui le concerne, de sou exécution.</line></par>
<par>
<line>ART. 3.</line></par>
<par>
<line>Il sera transcrit au Bureau des hypothèques de la situation du- ■S'IZa cJa jre"</line></par>
</text>
</block>
<block><region><rect/></region>
<text>
<par>
<line>Paris, le . ^* t . : J</line></par>
<par>
<line>Pour am[3liali&amp;n.-</line></par>
<par>
<line>Pour Iti Direelcur ijénêral des fy^aiiÆi'lf^J,</line>
<line>f l rf.,yu.. f?ii.-n.i». ,L.....Y-».'il■■■■'■'f-1&gt;|l'iffrf-'/rlfr 7 fi-r S'.'i ■.</line></par>
</text>
</block>




</page>
</AC2>