<?xml version="1.0" encoding="UTF-8"?><AC2>
<page width="2486" height="3513" resolution="300">
<block><region><rect/><rect/></region>
<text>
<par>
<line>i/iSsTiiiJtrnOiS.</line></par>
<par>
<line>»i.l',l*;t,^. EK il y.AH'l’S,</line></par>
<par>
<line>■’</line></par>
<par>
<line>-h’ ^^..k^:■i yitT.’..</line></par>
</text>
</block>
<block><region><rect/></region>
<text>
<par>
<line>, T -</line></par>
</text>
</block>
<block><region><rect/></region>
<text>
<par>
<line>K1:(&gt;|;î!!,I01 V. I'I!A\€.USK.</line></par>
</text>
</block>
<block><region><rect/></region>
<text>
<par>
<line>AHUETIÎ.</line></par>
</text>
</block>
<block><region><rect/></region>
<text>
<par>
<line>V. .nnvi ni&lt;?;n l » hiîl rjiiiq tiuii,</line>
<line>^iiùs t^.l Mdni'iiimts üilurali!.</line></par>
</text>
</block>
<block><region><rect/></region>
<text>
<par>
<line>îj? KiïïiU:'?-eit' nvliiCiaKM</line></par>
<par>
<line>/t"- .Sof&gt;&lt;i fi'Etoi-/hi'ftrix^At A,</line></par>
</text>
</block>
<block><region><rect/></region>
<text>
<par>
<line>Vu h toi (IlI- [&gt;. m;u iX'or^îiuisAnt. Is prottn'^iÀcn'i clnj; rrKuujninTniv</line></par>
<par>
<line>iifttllT'f'is ul ^■|e^ cynjÉ;'1.ér'ti îirl.is.'iqrjo, hislon^jun.*;, v;]f;ri!i{îq[uc^ îégfii■];m‘fi</line></par>
<par>
<line>Ou }&gt;i1.lU risque î</line></par>
<par>
<line>l'avis (iiitis parla (^Vpnnoînofilah.* dos TïiQiiuriioiïî.s aüliirals</line></par>
<par>
<line>oi dos sîü-is d.uis &amp;Ei séaiioo du 30 avril ;</line></par>
<par>
<line>, , adhïisio'.T</line></par>
<par>
<line>^^l Oit ditU; du 3 ■1034 doïinéâ par le</line></par>
<par>
<line>Conseil Municipal ûe CüiVKïCY-CHAlîBEP.l^li;';</line></par>
</text>
</block>



</page>
<page width="793" height="1123" resolution="96">
<block><region><rect/></region>
<text>
<par>
<line>AÎ\aÈTÉ :</line></par>
</text>
</block>
<block><region><rect/></region>
<text>
<par>
<line>A1^net h* t’pr.vnn?,</line></par>
<par>
<line>Le "CO'oi'ba de L.v.vaux” êiX'xéQ drins la forSt cor.munals</line>
<line>as OÊVR^Y-CHAMBi'l'ril! ( C3ta-il * Or ) sur le© parcelle a 5 ad astral «6</line>
<line>Î95 et 196, section A, et constituée les ccupos</line>
<line>58, 09. Tèro série; 15, 14, 15. 29, 5Q. 37. 35, Esice s^rle,</line></par>
</text>
</block>
<block><region><rect/></region>
<text>
<par>
<line>est clamée pArjm les cl moiiumont»^n^jiün'U de cai'actére</line></par>
<par>
<line>s lusI'JlUJlMÎ, ■HJI'hI ll&lt;UiJ'(' ÛU plUorüSljlkC.</line></par>
<par>
<line>ART. 2,</line></par>
<par>
<line>r.epri*&lt;.ci)l amHé &lt;erft üotdic nu Vri’fct du dèpuitemeiil de le C3te d’Or et</line></par>
<par>
<line>au Vairc de CilVHEÏ-CHAIiIBlfc'riEl</line></par>
<par>
<line>(pli sCnnilrt's|Hjhs(l&gt;lcs. i hArun hî ce ipii le nuK^criii', rL^ ‘«eft eAéiHihoi*</line></par>
<par>
<line>ART- 3.</line></par>
<par>
<line>îî «it-ra Irans^ril &amp;u Bureau de^ hvp■&gt;l4^f^J:lH^ de h situai fou du site cl 3 s sé ,</line></par>
</text>
</block>
</page>
<page width="3508" height="2479" resolution="300">
<block><region><rect/></region>
<text>
<par>
<line>■Jiîi</line></par>
</text>
</block>
<block><region><rect/></region>
<text>
<par/>
</text>
</block>
<block><region><rect/></region>
<text>
<par/>
</text>
</block>
<block><region><rect/></region>
<text>
<par/>
</text>
</block>
<block><region><rect/></region>
<text>
<par>
<line>■"”^1</line></par>
</text>
</block>
<block><region><rect/></region>
<text>
<par/>
</text>
</block>
<block><region><rect/><rect/><rect/><rect/><rect/></region>
<text>
<par>
<line>Gevrev-Chajnbertin;site classé</line></par>
<par>
<line>..T-- .' ’r' V'. ï -v JT : -■• ■</line></par>
<par>
<line>La combe dé Lavaux</line>
<line>Echelle: 1/10 000</line></par>
<par>
<line>ma</line></par>
</text>
</block>
<block><region><rect/><rect/></region>
<text>
<par>
<line>.</line></par>
</text>
</block>
<block><region><rect/></region>
<text>
<par/>
</text>
</block>
<block><region><rect/></region>
<text>
<par>
<line>:/■</line></par>
</text>
</block>
<block><region><rect/></region>
<text>
<par/>
</text>
</block>
<block><region><rect/><rect/></region>
<text>
<par>
<line>■f</line></par>
</text>
</block>
<block><region><rect/></region>
<text>
<par/>
</text>
</block>
<block><region><rect/></region>
<text>
<par/>
</text>
</block>
<block><region><rect/></region>
<text>
<par>
<line>î^;'.</line></par>
</text>
</block>
<block><region><rect/><rect/><rect/><rect/></region>
<text>
<par>
<line>:v..i'XvV</line></par>
</text>
</block>
<block><region><rect/></region>
<text>
<par/>
</text>
</block>
<block><region><rect/></region>
<text>
<par>
<line>■&gt;.'</line></par>
</text>
</block>
<block><region><rect/></region>
<text>
<par/>
</text>
</block>
<block><region><rect/></region>
<text>
<par/>
</text>
</block>
<block><region><rect/><rect/></region>
<text>
<par/>
</text>
</block>
<block><region><rect/></region>
<text>
<par>
<line>7^</line></par>
</text>
</block>
<block><region><rect/><rect/><rect/></region>
<text>
<par/>
</text>
</block>
<block><region><rect/><rect/></region>
<text>
<par/>
</text>
</block>
<block><region><rect/></region>
<text>
<par/>
</text>
</block>
<block><region><rect/></region>
<text>
<par/>
</text>
</block>
<block><region><rect/></region>
<text>
<par>
<line>%</line></par>
</text>
</block>
<block><region><rect/><rect/></region>
<text>
<par/>
</text>
</block>
<block><region><rect/><rect/><rect/><rect/></region>
<text>
<par>
<line>- : i- /</line></par>
<par>
<line>■ y / ■ f</line></par>
<par>
<line>^ . .</line></par>
</text>
</block>
<block><region><rect/></region>
<text>
<par>
<line>M</line></par>
</text>
</block>
<block><region><rect/><rect/></region>
<text>
<par>
<line>__àS^Siï--</line></par>
</text>
</block>
<block><region><rect/></region>
<text>
<par/>
</text>
</block>
<block><region><rect/><rect/><rect/><rect/><rect/></region>
<text>
<par/>
</text>
</block>
<block><region><rect/></region>
<text>
<par>
<line>rî&gt;*</line></par>
</text>
</block>
<block><region><rect/></region>
<text>
<par/>
</text>
</block>
<block><region><rect/><rect/><rect/><rect/><rect/><rect/></region>
<text>
<par>
<line>:y,-</line></par>
</text>
</block>
<block><region><rect/><rect/><rect/><rect/></region>
<text>
<par/>
</text>
</block>
<block><region><rect/><rect/><rect/></region>
<text>
<par/>
</text>
</block>
<block><region><rect/><rect/><rect/><rect/></region>
<text>
<par>
<line>'&lt; :/'■ .... ^</line>
<line>■■■■X: r;</line></par>
</text>
</block>
<block><region><rect/></region>
<text>
<par/>
</text>
</block>
<block><region><rect/><rect/><rect/><rect/></region>
<text>
<par/>
</text>
</block>
<block><region><rect/><rect/><rect/><rect/><rect/><rect/></region>
<text>
<par>
<line>_. ■ ^■' f l ■■. \. : \7: "i ■■ ■' ' ^</line></par>
<par>
<line>.. L'-Jy.. ' yyf u ^&gt;:/'xi</line></par>
</text>
</block>
<block><region><rect/></region>
<text>
<par>
<line>43Ï</line></par>
</text>
</block>
<block><region><rect/><rect/><rect/><rect/><rect/><rect/><rect/></region>
<text>
<par>
<line>4 -. * -</line></par>
<par>
<line>. .</line></par>
</text>
</block>
<block><region><rect/></region>
<text>
<par>
<line>X</line></par>
</text>
</block>
<block><region><rect/><rect/></region>
<text>
<par/>
</text>
</block>
<block><region><rect/></region>
<text>
<par>
<line>w</line></par>
</text>
</block>
<block><region><rect/><rect/><rect/></region>
<text>
<par>
<line>■ -.I- \\ ■\;iV'-^î::^'^■■■</line></par>
</text>
</block>
<block><region><rect/></region>
<text>
<par/>
</text>
</block>
<block><region><rect/><rect/><rect/></region>
<text>
<par/>
</text>
</block>
<block><region><rect/></region>
<text>
<par>
<line>■y.-</line></par>
</text>
</block>
<block><region><rect/></region>
<text>
<par>
<line>m</line></par>
</text>
</block>















</page>
</AC2>