<?xml version="1.0" encoding="UTF-8"?><AC2>
<page width="1663" height="2345" resolution="200">
<block><region><rect/></region>
<text>
<par>
<line>t</line></par>
<par>
<line>(uilNI STÈRE DE L'URBANîSME</line>
<line>ET DU LOGEMÉNT</line></par>
</text>
</block>
<block><region><rect/></region>
<text>
<par>
<line>DIRECTION</line></par>
<par>
<line>-OE L"URBANISME €T DES PAYSAGES</line></par>
</text>
</block>
<block><region><rect/></region>
<text>
<par>
<line>fi I T,fi S</line></par>
</text>
</block>
<block><region><rect/></region>
<text>
<par>
<line>RÉPUBLIQUE FRANÇAISE</line></par>
</text>
</block>
<block><region><rect/></region>
<text>
<par>
<line>A^RR ETE</line></par>
</text>
</block>
<block><region><rect/></region>
<text>
<par>
<line>le Ministre de T Urbanisme</line>
<line>et du Logement</line></par>
</text>
</block>
<block><region><rect/><rect/><rect/></region>
<text>
<par>
<line>'W la loi du 2 mai 1930 réorganisant la protec"tlon des monxunents</line>
<line>naturels -et des sites de caractère artistique, historique,</line>
<line>so:j:entifiqueJ légendaire ou pittoresque, modifiée par la loi</line>
<line>6'7.1174 du 28 décembre 19^7 I</line></par>
</text>
</block>
<block><region><rect/></region>
<text>
<par>
<line>n'</line></par>
</text>
</block>
<block><region><rect/><rect/><rect/><rect/></region>
<text>
<par>
<line>VU le décret n° 69*607 du 15 juin 19^9 portant application des</line>
<line>articles 4 et &lt;ie la loi du 2 mai 1930 sur la protection</line></par>
<par>
<line>des sites î</line></par>
</text>
</block>
<block><region><rect/></region>
<text>
<par>
<line>VU le décret n® 70;288 du 51 mais 1970 relatif à la composition et</line>
<line>au fonctionnement des commissions départementales et supérieure</line>
<line>des sites ;</line></par>
</text>
</block>
<block><region><rect/></region>
<text>
<par>
<line>CQÎÏSIDERAM* que 1* ensemble formé sur la commune de PONT-CROIX</line>
<line>(Vinistère) par le site urbain.constitue un site de caratere</line>
<line>pittoresque dont la préservation revêt un -caractère d*intérêt</line>
<line>général au sens de l’article 4 de la loi 'du 2 mai 1930 '?</line></par>
<par>
<line>■Yu! l'avis émis le 7 juin 1982 par le conseil municipal de Pont-Croix ’î .</line></par>
<par>
<line>i</line></par>
<par>
<line>YU la délibération du 16 août 1982 de la commission départementale</line>
<line>des sites, ..perspectives et paysages du département du Finistère ; 1</line></par>
</text>
</block>
<block><region><rect/></region>
<text>
<par>
<line>ARRETE :</line></par>
</text>
</block>
<block><region><rect/></region>
<text>
<par>
<line>ARTICLE ter - Est inscrit sur l'inventaire des sites pittoresques du.</line>
<line>département du Finistère l'ensemble formé sur là commune de PONT-CROIX</line>
<line>par, le site urbain et délimité comme suit, dans le sens des aiguilles</line>
<line>’ ■^d'une montre conformément au .plan annexé au jprésent arrêté :</line></par>
<par>
<line>.'I - Section AC</line></par>
<par>
<line>• - limite Ouest de l'ancien quai (limite Est de la parcelle 400 et son ^</line>
<line>..prolongement)</line></par>
<par>
<line>~ -l'imites Ouest -ét Nord de la parcelle 4.55</line></par>
<par>
<line>■- limite Nord des parcelles 599, 46O, 459, .377 à 579, 572, 57I</line></par>
<par>
<line>- Venelle des fleurs</line></par>
<par>
<line>- Rue des Jardins</line></par>
</text>
</block>
<block><region><rect/></region>
<text>
<par>
<line>a * *</line></par>
</text>
</block>








</page>
<page width="1729" height="2391" resolution="200">
<block><region><rect/></region>
<text>
<par>
<line>' 1</line></par>
</text>
</block>
<block><region><rect/></region>
<text>
<par>
<line>r</line></par>
</text>
</block>
<block><region><rect/></region>
<text>
<par>
<line>limite Nord des parcell'es 124., 125, 122 ‘</line></par>
<par>
<line>limite Ouest (p.^*) et Nord de la parcelle I4I</line></par>
<par>
<line>ligne joignant le coin Nord Est de la parcelle 141 au-coin SV de la</line>
<line>parcelle I48 (non comprise)</line></par>
<par>
<line>la limite Nord de la parcelle 149 (p*P*)</line></par>
<par>
<line>“boulevard du Général de Gaulle</line></par>
</text>
</block>
<block><region><rect/><rect/><rect/><rect/></region>
<text>
<par>
<line>II - Section AD</line></par>
<par>
<line>boulevard du Général de Gaulle</line>
<line>rue ie la Fontaine</line></par>
<par>
<line>limite Est des parcelles 14» 15&gt; 1^» 19</line>
<line>limites Nord et Est de la parcelle 33</line>
<line>Venei.le noire</line></par>
<par>
<line>limite nord des parcelles 245 ©“t 246 (p*p*)</line></par>
<par>
<line>limite Est des parcelles 246, 77» 92</line>
<line>limite Nord des parcelles 91 (p»P*) ©t 94</line>
<line>limite Est de la parcelle 94</line>
<line>rue Arsène Kersaudy</line>
<line>limite Est de la parcelle 99</line></par>
</text>
</block>
<block><region><rect/></region>
<text>
<par>
<line>III - Section AE</line></par>
<par>
<line>ligne joignant le coin Sud-Est de la parcelle 99 (section AD) au</line></par>
<par>
<line>coin Nord-Est de la parcelle 51</line></par>
<par>
<line>' \</line>
<line>limite Est de la parcelle 5I</line></par>
<par>
<line>limite Sud de la parcelle 50</line></par>
<par>
<line>limite Est de la parcelle 49 (p*P*)» 47 ©t 45</line></par>
<par>
<line>rue du Moulin</line></par>
<par>
<line>limite Est et Sud de la parcelle 137</line>
<line>limite Sud de la parcelle 80</line>
<line>limite Sud-rEst de la parcelle I4I (p»P*)</line>
<line>limite Est des parcelles n^’s I06 et IO7</line>
<line>C.D* 2</line></par>
<par>
<line>limite Sud de la parcelle.15I»</line></par>
<par>
<line>la limite communale Pont-Croix - Plouhinec jusqu^à sa rencontre avec</line>
<line>la ligne prolongeant vers le sud la limite Est de la parcelle n° 4OO</line>
<line>(section AC) (côté Ouest de l*anoien quai)</line></par>
<par>
<line>cette même ligne vers le Nord, au travers du Goyen, jusqu’à l’ancien</line>
<line>quai (section AC)</line></par>
</text>
</block>
<block><region><rect/></region>
<text>
<par>
<line>• « «</line></par>
</text>
</block>




</page>
<page width="1659" height="2342" resolution="200">
<block><region><rect/></region>
<text>
<par>
<line>AUTICLE 2 - Le présent arrêté sera notifié au Préfet, Commissaire</line>
<line>de la République du département du Finistère î«t au Maire de la</line>
<line>commune de POiîT-CROIX. qui seront, responsables^ chacun en ce qui le</line>
<line>'Concerne, de son exécution. * ' ^</line></par>
<par>
<line>..L . .</line></par>
<par>
<line>Fait à pjmis, le ^ 3 HARS 1984.</line></par>
</text>
</block>
<block><region><rect/><rect/><rect/></region>
<text>
<par>
<line>Pour t® Mtrwst</line>
<line>^ ot par déiÉBétion</line></par>
</text>
</block>
<block><region><rect/><rect/><rect/><rect/><rect/></region>
<text>
<par>
<line>Le S(7^;Pi^Ct8UfJ^</line></par>
<par>
<line>des Esp^»s^«(w ;.i&gt;i</line></par>
</text>
</block>
<block><region><rect/></region>
<text>
<par>
<line>Catherine</line></par>
</text>
</block>
<block><region><rect/></region>
<text>
<par>
<line>\</line></par>
</text>
</block>
<block><region><rect/></region>
<text>
<par/>
</text>
</block>

</page>
<page width="2480" height="3507" resolution="300">
<block><region><rect/></region>
<text>
<par>
<line>- 'J..</line></par>
</text>
</block>
<block><region><rect/></region>
<text>
<par>
<line>% ^</line></par>
</text>
</block>
<block><region><rect/></region>
<text>
<par>
<line>■ik</line></par>
</text>
</block>
<block><region><rect/></region>
<text>
<par>
<line>&gt;</line></par>
</text>
</block>

</page>
</AC2>