<?xml version="1.0" encoding="UTF-8"?><AC2>
<page width="1653" height="2338" resolution="200">
<block><region><rect/></region>
<text>
<par>
<line>REPUBLIQUE FRANÇAISE</line></par>
</text>
</block>
<block><region><rect/></region>
<text>
<par>
<line>Mia^TERE DES AFFAIRES CULTURELLES</line>
<line>ET DE L'ENVIRONNEMENT</line></par>
</text>
</block>
<block><region><rect/></region>
<text>
<par>
<line>SECRETARIAT D'ETAT A L'ENVIRONl'ÎEMENT</line></par>
</text>
</block>
<block><region><rect/></region>
<text>
<par>
<line>ARRETE</line></par>
</text>
</block>
<block><region><rect/></region>
<text>
<par>
<line>Direction de l'Architecture</line></par>
<par>
<line>Mission pour l'Environnement rural</line>
<line>et tirhain</line></par>
</text>
</block>
<block><region><rect/></region>
<text>
<par>
<line>Le Ministre des Affaires Culturelles</line>
<line>et de l'Environnement</line></par>
</text>
</block>
<block><region><rect/></region>
<text>
<par>
<line>Le Secrétaire d'Etat auprès du</line></par>
<par>
<line>Ministre des Affaires Culturelles et</line>
<line>de l'Environnement, chargé de</line>
<line>1'Environnement</line></par>
</text>
</block>
<block><region><rect/></region>
<text>
<par>
<line>VU la iQi du 2 mai 1930 réorganisant la protection des</line>
<line>monuments naturels et des sites de caractère artis¬</line>
<line>tique historique , scientifique, légendaire ou pit¬</line>
<line>toresque, modifiée par la loi n° 67—1'17^'du-'28 décembre</line></par>
<par>
<line>1967 î .</line></par>
<par>
<line>VU le décret n° 69-607 du 13 juin 19^9 portant application</line>
<line>des articles 4 et 5-1' de la loi du 2 mai 1930 sur la</line>
<line>protection des^’^sites'"; ■</line></par>
<par>
<line>VU la loi du 12 avril- 19^3 portant réglementat'iorr de la</line>
<line>publicité et des enseignes et notamment les articles</line></par>
<par>
<line>3 et 9 ;</line></par>
<par>
<line>VU le décret du 9 février I968 portant application du</line>
<line>décret du 7 février 1939 modifié relatif au camping</line>
<line>et notamment les article 2 et 6 ;</line></par>
<par>
<line>VU le décret n° 72-3'ï^ du 11 janvier 1972 relatif aux</line></par>
<par>
<line>stationnements des* caravanes et notamment les articles</line>
<line>3, 7, 9 et 10 ;</line></par>
<par>
<line>VU le décret n° 7;0-288 du 31 ïDars 1970 relatif, à -la</line></par>
<par>
<line>composition et au fonctionnement des commissions dé¬</line>
<line>partementales et supérieures des sites</line></par>
<par>
<line>VU l'avis donné le l4 juin 1970 par le conseil municipal</line>
<line>de ARZANO (Finistère) ;</line></par>
<par>
<line>VU l'avis donné le 22 janvier 1971 par le conseil muni¬</line>
<line>cipal- de BERNE (Morbihan) ;</line></par>
<par>
<line>VU l'avis donné le 13 novembre I969 par le conseil muni —</line>
<line>cipal de CAUDAN (Morbihan) ;</line></par>
<par>
<line>VU l'avis donné le 11 mars 1970 par le conseil municipal</line>
<line>de CLEGUER (Morbihan)</line></par>
<par>
<line>VU l'avis donné le 7 juin 1970 par le conseil municipal</line>
<line>de GUILLIGOMARCH (Finistère ;</line></par>
</text>
</block>






</page>
<page width="1653" height="2338" resolution="200">
<block><region><rect/></region>
<text>
<par>
<line>2 -</line></par>
</text>
</block>
<block><region><rect/></region>
<text>
<par>
<line>VU l*avis donné le 29 janvier 1972 par le .conseil &lt;</line>
<line>municipal de INGÜINIEL (Morbihan) ;</line></par>
<par>
<line>VU ’l^âvis donné le 18 novembre 19^9 par le conseil-■</line>
<line>municipal de LOIÏIENT (Morbihan) ;</line></par>
<par>
<line>VU l’avis donné le 8 février 1970 par le conseil niuni-</line>
<line>cipal de PLOUAY (Morbihan) ij</line></par>
<par>
<line>VU l'avis 'donné le 10. décembre 19^9 par le conseil muni¬</line>
<line>cipal de PONT SCORFP (Morbihan) ;</line></par>
<par>
<line>VU l'avis donné le 8: mars 1970 par le d'onseil municipal</line>
<line>d© QÏIEVEN' (Morbihan) ;</line></par>
<par>
<line>VU la délibération du 2 mai 1972 de la commission ré¬</line>
<line>gionale des opérations immobilières de l'architecture</line>
<line>et des espaces protégés ;</line></par>
<par>
<line>APRETE N T :</line></par>
<par>
<line>Article 1er - Ust inscrit sur l'inventaire des sites</line></par>
<par>
<line>pittoresques des départements du FINÏS'TEHE et du MORBIHAN</line></par>
<par>
<line>l'ensemble formé sur les communes de :</line></par>
</text>
</block>
<block blockType="Table" blockName="" l="381" t="1143" r="1366" b="1801"><region><rect/></region>
<row>
<cell leftBorder="White" topBorder="White" rightBorder="White" bottomBorder="White" width="350" height="56">
<text>
<par/>
</text></cell>
<cell leftBorder="White" topBorder="White" rightBorder="White" bottomBorder="White" width="67" height="56">
<text>
<par/>
</text></cell>
<cell colSpan="2" leftBorder="White" topBorder="White" rightBorder="White" bottomBorder="White" width="242" height="56">
<text>
<par>
<line>FINISTERE</line></par>
</text></cell>
<cell leftBorder="White" topBorder="White" rightBorder="White" bottomBorder="White" width="326" height="56">
<text>
<par/>
</text></cell></row>
<row>
<cell leftBorder="White" topBorder="White" rightBorder="White" bottomBorder="White" width="350" height="76">
<text>
<par>
<line>- D'ARZANO</line></par>
</text></cell>
<cell leftBorder="White" topBorder="White" rightBorder="White" bottomBorder="White" width="67" height="76">
<text>
<par/>
</text></cell>
<cell leftBorder="White" topBorder="White" rightBorder="White" bottomBorder="White" width="192" height="76">
<text>
<par>
<line>•</line></par>
<par>
<line>•</line></par>
</text></cell>
<cell leftBorder="White" topBorder="White" rightBorder="White" bottomBorder="White" width="50" height="76">
<text>
<par/>
</text></cell>
<cell leftBorder="White" topBorder="White" rightBorder="White" bottomBorder="White" width="326" height="76">
<text>
<par>
<line>- GUILLIGOMARCH</line></par>
</text></cell></row>
<row>
<cell leftBorder="White" topBorder="White" rightBorder="White" bottomBorder="White" width="350" height="75">
<text>
<par/>
</text></cell>
<cell leftBorder="White" topBorder="White" rightBorder="White" bottomBorder="White" width="67" height="75">
<text>
<par/>
</text></cell>
<cell leftBorder="White" topBorder="White" rightBorder="White" bottomBorder="White" width="192" height="75">
<text>
<par>
<line>MORBIHAN</line></par>
</text></cell>
<cell leftBorder="White" topBorder="White" rightBorder="White" bottomBorder="White" width="50" height="75">
<text>
<par/>
</text></cell>
<cell leftBorder="White" topBorder="White" rightBorder="White" bottomBorder="White" width="326" height="75">
<text>
<par/>
</text></cell></row>
<row>
<cell leftBorder="White" topBorder="White" rightBorder="White" bottomBorder="White" width="350" height="66">
<text>
<par>
<line>- BERNE</line></par>
</text></cell>
<cell leftBorder="White" topBorder="White" rightBorder="White" bottomBorder="White" width="67" height="66">
<text>
<par/>
</text></cell>
<cell leftBorder="White" topBorder="White" rightBorder="White" bottomBorder="White" width="192" height="66">
<text>
<par>
<line>•</line></par>
<par>
<line>•</line></par>
</text></cell>
<cell leftBorder="White" topBorder="White" rightBorder="White" bottomBorder="White" width="50" height="66">
<text>
<par/>
</text></cell>
<cell leftBorder="White" topBorder="White" rightBorder="White" bottomBorder="White" width="326" height="66">
<text>
<par>
<line>- GAUDAN</line></par>
</text></cell></row>
<row>
<cell leftBorder="White" topBorder="White" rightBorder="White" bottomBorder="White" width="350" height="51">
<text>
<par>
<line>- CLSGUER</line></par>
</text></cell>
<cell leftBorder="White" topBorder="White" rightBorder="White" bottomBorder="White" width="67" height="51">
<text>
<par/>
</text></cell>
<cell leftBorder="White" topBorder="White" rightBorder="White" bottomBorder="White" width="192" height="51">
<text>
<par/>
</text></cell>
<cell leftBorder="White" topBorder="White" rightBorder="White" bottomBorder="White" width="50" height="51">
<text>
<par/>
</text></cell>
<cell leftBorder="White" topBorder="White" rightBorder="White" bottomBorder="White" width="326" height="51">
<text>
<par>
<line>- INGÜINIEL</line></par>
</text></cell></row>
<row>
<cell leftBorder="White" topBorder="White" rightBorder="White" bottomBorder="White" width="350" height="57">
<text>
<par>
<line>- LORIENT</line></par>
</text></cell>
<cell leftBorder="White" topBorder="White" rightBorder="White" bottomBorder="White" width="67" height="57">
<text>
<par/>
</text></cell>
<cell leftBorder="White" topBorder="White" rightBorder="White" bottomBorder="White" width="192" height="57">
<text>
<par>
<line>1 ^</line></par>
</text></cell>
<cell leftBorder="White" topBorder="White" rightBorder="White" bottomBorder="White" width="50" height="57">
<text>
<par/>
</text></cell>
<cell leftBorder="White" topBorder="White" rightBorder="White" bottomBorder="White" width="326" height="57">
<text>
<par>
<line>- PLQUAY</line></par>
</text></cell></row>
<row>
<cell leftBorder="White" topBorder="White" rightBorder="White" bottomBorder="White" width="350" height="61">
<text>
<par>
<line>- PONT SCOREF</line></par>
</text></cell>
<cell leftBorder="White" topBorder="White" rightBorder="White" bottomBorder="White" width="67" height="61">
<text>
<par/>
</text></cell>
<cell leftBorder="White" topBorder="White" rightBorder="White" bottomBorder="White" width="192" height="61">
<text>
<par>
<line>•</line></par>
<par>
<line>•</line></par>
</text></cell>
<cell leftBorder="White" topBorder="White" rightBorder="White" bottomBorder="White" width="50" height="61">
<text>
<par/>
</text></cell>
<cell leftBorder="White" topBorder="White" rightBorder="White" bottomBorder="White" width="326" height="61">
<text>
<par>
<line>- QUEVEN</line></par>
</text></cell></row>
<row>
<cell colSpan="2" leftBorder="White" topBorder="White" rightBorder="White" width="417" height="48">
<text>
<par>
<line>par les rives du SCORFE</line></par>
</text></cell>
<cell colSpan="2" leftBorder="White" topBorder="White" rightBorder="White" width="242" height="48">
<text>
<par>
<line>’ et délimité</line></par>
</text></cell>
<cell leftBorder="White" topBorder="White" rightBorder="White" bottomBorder="White" width="326" height="48">
<text>
<par>
<line>comme suit dans le</line></par>
</text></cell></row>
<row>
<cell leftBorder="White" rightBorder="White" bottomBorder="White" width="350" height="50">
<text>
<par>
<line>sens des aiguilles</line></par>
</text></cell>
<cell colSpan="2" leftBorder="White" rightBorder="White" bottomBorder="White" width="259" height="50">
<text>
<par>
<line>ct'^une, montre :</line></par>
</text></cell>
<cell leftBorder="White" topBorder="White" rightBorder="White" bottomBorder="White" width="50" height="50">
<text>
<par/>
</text></cell>
<cell leftBorder="White" topBorder="White" rightBorder="White" bottomBorder="White" width="326" height="50">
<text>
<par/>
</text></cell></row>
<row>
<cell leftBorder="White" topBorder="White" rightBorder="White" bottomBorder="White" width="350" height="67">
<text>
<par>
<line>— la voie communale</line></par>
</text></cell>
<cell leftBorder="White" topBorder="White" rightBorder="White" bottomBorder="White" width="67" height="67">
<text>
<par>
<line>n“ ■</line></par>
</text></cell>
<cell leftBorder="White" topBorder="White" rightBorder="White" bottomBorder="White" width="192" height="67">
<text>
<par>
<line>5 (commune</line></par>
</text></cell>
<cell leftBorder="White" topBorder="White" rightBorder="White" bottomBorder="White" width="50" height="67">
<text>
<par>
<line>de</line></par>
</text></cell>
<cell leftBorder="White" topBorder="White" rightBorder="White" bottomBorder="White" width="326" height="67">
<text>
<par>
<line>Quéven)</line></par>
</text></cell></row>
<row>
<cell leftBorder="White" topBorder="White" rightBorder="White" bottomBorder="White" width="350" height="51">
<text>
<par>
<line>-la voie communale</line></par>
</text></cell>
<cell leftBorder="White" topBorder="White" rightBorder="White" bottomBorder="White" width="67" height="51">
<text>
<par>
<line>n^</line></par>
</text></cell>
<cell leftBorder="White" topBorder="White" rightBorder="White" bottomBorder="White" width="192" height="51">
<text>
<par>
<line>1 (commune-</line></par>
</text></cell>
<cell leftBorder="White" topBorder="White" rightBorder="White" bottomBorder="White" width="50" height="51">
<text>
<par>
<line>de.</line></par>
</text></cell>
<cell leftBorder="White" topBorder="White" rightBorder="White" bottomBorder="White" width="326" height="51">
<text>
<par>
<line>,Pont Scorff)</line></par>
</text></cell></row>
</block>
<block><region><rect/></region>
<text>
<par>
<line>- la route départemental n°. 6 de Pont-Scorff ^ Sapinemgam</line></par>
<par>
<line>- la voie communale h° 3 (commune de Pont-sScorff)</line></par>
<par>
<line>- la- voie communale n° 2 (commune d'Arzano)’</line></par>
<par>
<line>- la route départementale n° 22</line></par>
<par>
<line>- la route départementale n° 222</line></par>
<par>
<line>- la voie communale n° 1 (commune'de Guilligomarch)</line></par>
</text>
</block>
<block><region><rect/></region>
<text>
<par>
<line>&gt; » •</line></par>
</text>
</block>







</page>
<page width="1653" height="2338" resolution="200">
<block><region><rect/></region>
<text>
<par>
<line>la voie communale n° 2 (commune de Guilligomarch)</line>
<line>la limite de la commune de Guilligomarch</line>
<line>la route nationale n° I69 ... .</line></par>
<par>
<line>la rofj-te départementale n°; 109 '</line></par>
<par>
<line>le chemin rural n° S dit de Marta de Guern-er-Velin</line>
<line>la voie communale n° 3 (commune de Berné)</line>
<line>la voie communale n° 3 (commune de Berné)</line>
<line>limite des sections C2 et D2 (commune de Berné)</line>
<line>la voie communale n° 2 (commune de Berné)</line>
<line>la route départementale n° 110</line></par>
<par>
<line>la limite communale entre Berné et Kernaecléden</line>
<line>la limite communale entre Berné et Inguiniel</line>
<line>la voie communale n° 9 (commune d^Inguiniel)</line>
<line>la route départementale n° I78</line>
<line>le chemin rural, n® 101 (commune de PLOUAY)</line>
<line>la voie communale n° 9 (commune de PLOUAY)</line>
<line>la route départementale n° 110</line>
<line>la route nationale n° I69</line>
<line>la voie communale n° 103</line></par>
<par>
<line>la voie communale n° 2 (commune de Plouay)</line></par>
<par>
<line>la voie coçimunale n° 204 (commune de Plouay)</line></par>
<par>
<line>la route départemental n° 2</line></par>
<par>
<line>la voie communale n° 7 (commune de Plouay)</line></par>
<par>
<line>le chemin vicinal n° 3 (communé de Cléguer)</line></par>
<par>
<line>la route départemental n° AI3</line></par>
<par>
<line>la route départemental n° 26</line></par>
<par>
<line>la voie communale n° 2</line></par>
<par>
<line>e</line></par>
<par>
<line>la voie communale n° 6 (commune do Caudan)</line>
<line>la voie communale n° 11 ( commune de Caudan)</line></par>
</text>
</block>
</page>
<page width="1672" height="2352" resolution="200">
<block><region><rect/></region>
<text>
<par>
<line>- 4 -</line></par>
</text>
</block>
<block><region><rect/></region>
<text>
<par>
<line>N</line></par>
</text>
</block>
<block><region><rect/></region>
<text>
<par>
<line>limite communale de Caudan et de Lorient Jusqu^au,</line>
<line>chemin vicinal ordinaire n® 5 (commune de Quéven)</line>
<line>point de départ*</line></par>
<par>
<line>Article 2 - Le présent arrêté sera notifié aux Préfjats</line>
<line>des départements de FINISTERE et MORBIHAN, aux maires</line>
<line>des communes d'nRZANO, de BERNE, de CAUDAN, de CLEQTJER,</line>
<line>de GUILLIGOMÂRCH, d'ÏNGUINISL, de LORIENT, de PLOUAY,</line>
<line>de PONT, SCCRFF et de QUEVEN qui seront responsables^</line>
<line>chacun en ce qui le concerne de son exécution*</line></par>
</text>
</block>
<block><region><rect/></region>
<text>
<par>
<line>Fait à PARIS, le 15 mai 1974</line></par>
</text>
</block>
<block><region><rect/></region>
<text>
<par>
<line>Pour le Ministre et par délégation</line>
<line>Le Directeur de l’Architecture</line></par>
</text>
</block>
<block><region><rect/></region>
<text>
<par>
<line>Pour le Secrétaire d’Etat de l’Environ**</line>
<line>nement et par délégation</line>
<line>le Directeur de la Mission</line>
<line>Environnement Rural “et Urbain</line></par>
</text>
</block>
<block><region><rect/></region>
<text>
<par>
<line>Signé : Alain BACQUET</line></par>
</text>
</block>
<block><region><rect/></region>
<text>
<par>
<line>Signé ; Philippe PRUVOST</line></par>
</text>
</block>
<block><region><rect/></region>
<text>
<par>
<line>Pour ampliation</line></par>
<par>
<line>l’Administrateur Civil chargé des Sites</line></par>
</text>
</block>
<block><region><rect/></region>
<text>
<par/>
</text>
</block>
<block><region><rect/></region>
<text>
<par>
<line>Signé : Nancy BOUCHE '</line></par>
</text>
</block>

</page>
</AC2>