<?xml version="1.0" encoding="UTF-8"?><AC2>
<page width="2502" height="3537" resolution="302">
<block><region><rect/></region>
<text>
<par>
<line>Ê Xi&gt; U.-</line></par>
<par>
<line>l’'lN3TRUCTI0N PUBLIQUE</line>
<line>et^des BEAUX - ARTS.</line></par>
</text>
</block>
<block><region><rect/></region>
<text>
<par>
<line>ous Secrétariat d'Etat</line>
<line>et des Beaux - Arts.</line></par>
</text>
</block>
<block><region><rect/></region>
<text>
<par/>
</text>
</block>
<block><region><rect/></region>
<text>
<par/>
</text>
</block>
<block><region><rect/></region>
<text>
<par>
<line>Division des</line>
<line>Services d'ARCHITECTURE</line></par>
</text>
</block>
<block><region><rect/></region>
<text>
<par>
<line>Monuments Historiques</line></par>
</text>
</block>
<block><region><rect/></region>
<text>
<par>
<line>.s^</line></par>
</text>
</block>
<block><region><rect/></region>
<text>
<par>
<line>ARRETE :</line></par>
</text>
</block>
<block><region><rect/></region>
<text>
<par>
<line>Sites et</line></par>
<par>
<line>lonuments Historiques</line>
<line>Naturels.</line></par>
</text>
</block>
<block><region><rect/></region>
<text>
<par>
<line>O</line></par>
</text>
</block>
<block><region><rect/></region>
<text>
<par>
<line>Le Ministre de l'Instruction PuLlique</line></par>
<par>
<line>et des Beaux: - Arts;</line></par>
</text>
</block>
<block><region><rect/></region>
<text>
<par>
<line>Vu la Loi du 21 Avril I9O6 organisant la protection des</line>
<line>Sites et Monuments Naturels de caractère artistique;</line></par>
<par>
<line>Vù l'avis émis par la Commission Départementale des Sites</line>
<line>et Monuments Naturels dans sa séance du 29 Avril 1909;</line></par>
<par>
<line>Vu l'engagement en date du 20 DécemUre I909 pris par Mon -</line>
<line>sieur DUSAUGEY, Jean, Propriétaire;</line></par>
<par>
<line>Sur la proposition du Sous Secrétaire d'Etat des Beaux-Arts,</line></par>
</text>
</block>
<block><region><rect/></region>
<text>
<par>
<line>ARRETE:</line></par>
</text>
</block>
<block><region><rect/></region>
<text>
<par>
<line>Article Premier ;</line></par>
<par>
<line>La Cascade du Nant d'Ant à SAMOBNS ( Haute r- Savoie ) est</line>
<line>classée parmi les Sites et Monuments Naturels de caractère artistique.</line></par>
<par>
<line>Article 2 :</line></par>
</text>
</block>
<block><region><rect/></region>
<text>
<par>
<line>LE présent arrêté sera notifié au Préfet du Département de</line>
<line>la Haute - Savoie et à Monsieur Jean DUSSAUGEY, propriétaire, qui seront</line>
<line>responsatles, chacun en ce qui le concerne, de son exécution.</line></par>
</text>
</block>
<block><region><rect/></region>
<text>
<par>
<line>PARIS, le 22 Janvier I9IO</line>
<line>Signé : Gaston DOUMERGUE</line></par>
</text>
</block>
<block><region><rect/></region>
<text>
<par>
<line>Pour ampliation :</line></par>
<par>
<line>Le Chef de la Division des</line>
<line>Services d'ARCHITECTURE,</line></par>
</text>
</block>
<block><region><rect/></region>
<text>
<par>
<line>Signé : Illisible</line></par>
</text>
</block>


















</page>
</AC2>