<?xml version="1.0" encoding="UTF-8"?><AC2>
<page width="2479" height="3508" resolution="300">
<block><region><rect/></region>
<text>
<par>
<line>REPUBLIQUE FRANÇAISE</line></par>
</text>
</block>
<block><region><rect/></region>
<text>
<par>
<line>MINISTERE DE L’ECOLOGIE ET DU</line>
<line>DEVELOPPEMENT DURABLE</line></par>
<par>
<line>Direction de la Nature et des Paysages</line></par>
<par>
<line>Arrêté du 19 décembre 2005</line></par>
<par>
<line>portant inscription parmi les sites du département de la Guyane</line>
<line>de l’ensemble formé par les Abattis et la Montagne Kotika</line>
<line>sur le territoire de la commune de Papaïchton</line></par>
</text>
</block>
<block><region><rect/></region>
<text>
<par>
<line>La ministre de l’écologie et du développement durable,</line></par>
<par>
<line>Vu le code de l'environnement, notamment ses articles L. 341-1, R. 341-1 à R 341-3 et R. 341-8,</line></par>
<par>
<line>Vu les délibérations du conseil municipal de Papaïchton en date du 31 août 2002 et 28 mai 2004,</line></par>
<par>
<line>Vu l'avis émis par la commission départementale des sites, perspectives et paysages de la Guyane en date du 25 juillet 2002 et 8 juin</line>
<line>2005,</line></par>
<par>
<line>Considérant que la préservation du site des Abattis et de la Montagne Kotika présente, en raison de ses caractères pittoresque,</line>
<line>légendaire et historique, un intérêt général au sens de l'article L. 341-1 du code de l'environnement ;</line></par>
<par>
<line>ARRÊTE :</line></par>
<par>
<line>Article 1er : Est inscrit parmi les sites du département de la Guyane, l’ensemble formé par les Abattis et la Montagne Kotika sur le</line>
<line>territoire de la commune de Papaïchton, d’une superficie d’environ 32 000 hectares et délimité comme suit, conformément à la carte au</line>
<line>1/50.000ème annexé au présent arrêtée, en allant dans le sens des aiguilles d’une montre :</line></par>
<par>
<line>Commune de Papaïchton</line></par>
<par>
<line>• Du point de départ A (54° 19’ 24’’ Ouest, 04° 01’ 30’’ Nord) situé à la confluence de la crique n°1, sans toponyme connu,</line>
<line>avec le Lawa affluent du fleuve Maroni, jusqu’au point B (54° 15’ 37’’ O, 04° 04’ 13’’ N) source des criques n°1 et n°2 sans</line>
<line>toponyme connu également, en suivant le lit de la crique n°1, rive droite incluse.</line></par>
<par>
<line>• Du point B au point C (54° 13’ 50’’ O, 04° 06’ 13’’ N) situé à la confluence de la crique n°2 avec la rivière du Petit</line>
<line>Abounamy en suivant le lit de la crique n°2 , rive gauche incluse.</line></par>
<par>
<line>• Du point C au point D (54° 07’ 35’’ O, 04° 02’ 50’’ N) situé à la confluence de la crique n°3, sans toponyme connu, avec la</line>
<line>rivière du Petit Abounamy en suivant le lit du Petit Abounamy, rive droite incluse.</line></par>
<par>
<line>• Du point D au point E (54° 09’ 45’’ O, 03° 56’ 05’’ N) situé à la source des criques n°3 et Likanaon, avec la rivière du Petit</line>
<line>Abounamy en suivant le lit de la crique n°3, rive droite incluse.</line></par>
<par>
<line>• Du point E au point F (54° 10’ 28’’ O, 03° 53’ 15’’ N) situé sur la crique Likanaon, en suivant le lit de la crique Likanaon,</line>
<line>rive gauche incluse.</line></par>
<par>
<line>• Du point F au point G (54° 11’ 28’’ O, 03° 53’ 27’’ N) sommet d’un relief à la côte altimétrique de 301 mètres par une ligne</line>
<line>droite fictive.</line></par>
<par>
<line>• Du point G au point H (54° 12’ 52’’ O, 03° 53’ 41’’ N) situé à la source d’un affluent de la crique Kaka Dédé par une ligne</line>
<line>droite fictive.</line></par>
<par>
<line>• Du point H au point I (54° 13’ 46’’ O, 03° 53’ 46’’ N) situé à une confluence sur la crique Kaka Dédé en suivant la crique</line>
<line>Kaka Dédé et l’affluent correspondant, rive gauche incluse.</line></par>
<par>
<line>• Du point I au point J (54° 14’ 44’’ O, 03° 54’ 09’’ N) situé sur la rive droite du Lawa en amont de l’îlet Monisi Tabiki par une</line>
<line>ligne droite fictive.</line></par>
<par>
<line>• Du point J au point de départ A en suivant la frontière franco-surinamaise telle que définie dans les traités internationaux</line>
<line>correspondants. En amont, l’îlet de Monisi Tabiki est exclu du site et celui de Anéké Tabiki est inclus. En aval le saut Lésé</line>
<line>Dédé et l’îlet immédiatement en aval sont inclus dans le site.</line></par>
<par>
<line>Article 2 : Le présent arrêté sera notifié au préfet de la Guyane ainsi qu’au maire de la commune de Papaïchton, qui seront chargés,</line>
<line>chacun en ce qui le concerne, de son exécution.</line></par>
<par>
<line>Fait à Paris, le 19 décembre 2005</line></par>
</text>
</block>
<block><region><rect/></region>
<text>
<par>
<line>Pour la Ministre et par délégation</line>
<line>Le Directeur de la Nature et des Paysages</line></par>
<par>
<line>Jean-Marc MICHEL</line></par>
</text>
</block>
<block><region><rect/></region>
<text>
<par>
<line>DIREN Guyane - 07.09.2006 - Fac similé, le document original est disponible au recueil des actes administratifs du département.</line>
<line>DIREN Guyane - 07.09.2006 - Fac similé, le document original est disponible au recueil des actes administratifs du département.</line></par>
</text>
</block>


</page>
</AC2>