<?xml version="1.0" encoding="UTF-8"?><AC2>
<page width="2480" height="3508" resolution="300">
<block><region><rect/></region>
<text>
<par>
<line>REPUBLIQUE FRANÇAISE</line></par>
</text>
</block>
<block><region><rect/></region>
<text>
<par>
<line>MINISTERE DE L’ECOLOGIE ET DU</line>
<line>DEVELOPPEMENT DURABLE</line></par>
</text>
</block>
<block><region><rect/></region>
<text>
<par>
<line>ARRÊTÉ</line></par>
</text>
</block>
<block><region><rect/></region>
<text>
<par>
<line>portant inscription à l’inventaire des sites du département du Nord</line>
<line>de l’ensemble formé par le Galgberg sur le territoire de la commune de Merckeghem.</line></par>
</text>
</block>
<block><region><rect/></region>
<text>
<par>
<line>Le ministre de l’écologie et du développement durable,</line></par>
<par>
<line>Vu le code de l'environnement, notamment son article L. 341-1,</line></par>
<par>
<line>Vu le décret n° 69-607 du 13 juin 1969 portant application des articles 4 et 5-1 de la loi</line>
<line>modifiée du 2 mai 1930 sur la protection des sites.</line></par>
<par>
<line>Vu la délibération du conseil municipal de Merckeghem en date du 20 novembre 2000,</line></par>
<par>
<line>Vu l'avis émis par la commission départementale des sites, perspectives et paysages du Nord</line>
<line>en date du 23 novembre 2000,</line></par>
<par>
<line>Considérant que la préservation du site du Galgberg présente, en raison de son caractère</line>
<line>pittoresque, im intérêt général au sens de l'article L. 341-1 du code de l'environnement ;</line></par>
</text>
</block>
<block><region><rect/></region>
<text>
<par>
<line>ARRETE</line></par>
<par>
<line>Article 1er : Est inscrit parmi les sites du département du Nord, l’ensemble formé par le</line>
<line>Galgberg, sur le territoire de la commune de Merckeghem (Nord), d’une superficie de</line>
<line>112 hectares environ et délimité comme suit, conformément à la carte au l/25.000ème et au</line>
<line>plan cadastral annexé au présent décret :</line></par>
</text>
</block>
<block><region><rect/></region>
<text>
<par>
<line>Commune de Merckeghem</line>
<line>Section C :</line></par>
<par>
<line>^oint de départ : l’intersection entre les communes de Merckeghem, Volckerinckhove et</line>
<line>Millam, et en allant dans le sens des aiguilles d’une montre :</line></par>
<par>
<line>- la limite entre les communes de Merckeghem et Millam,</line></par>
<par>
<line>- la rue du Bois et la rue Aerde Straete (non comprises),</line></par>
<par>
<line>- la rue de Beaufort (non comprise),</line></par>
<par>
<line>- la route de Watten (RD n° 226, non comprise),</line></par>
<par>
<line>- le chemin de Spycker (non compris),</line></par>
<par>
<line>- la limite entre les communes de Merckeghem et Volckerinckhove, jusqu’au point de départ.</line></par>
</text>
</block>






</page>
<page width="2493" height="3518" resolution="300">
<block><region><rect/></region>
<text>
<par>
<line>2</line></par>
</text>
</block>
<block><region><rect/></region>
<text>
<par>
<line>Article 2 : L’arrêté du 4 mai 1933 inscrivant sur l’inventaire des sites du département du Nord</line>
<line>le site du Moulin de Merckeghem comprenant les parcelles cadastrales n°s 123, 124 et 125,</line>
<line>sur le territoire de la commune de Merckeghem, est abrogé.</line></par>
</text>
</block>
<block><region><rect/></region>
<text>
<par>
<line>Article 3 : Le présent arrêté sera notifié au préfet du Nord ainsi qu’au maire de Merckeghem,</line>
<line>qui seront chargés, chacun en ce qui le concerne, de son exécution.</line></par>
</text>
</block>
<block><region><rect/></region>
<text>
<par>
<line>Fait à Paris, le</line></par>
</text>
</block>
<block><region><rect/></region>
<text>
<par>
<line>1 h FEV. 2005</line></par>
</text>
</block>
<block><region><rect/><rect/></region>
<text>
<par>
<line>Pour le Ministre e n</line>
<line>Le Directeur de la NXi jri</line></par>
</text>
</block>
<block><region><rect/></region>
<text>
<par>
<line>Jean-Marc</line></par>
</text>
</block>
<block><region><rect/><rect/></region>
<text>
<par>
<line>PAR DÉLÉGATION,</line></par>
<par>
<line>lE ET DES Paysages</line></par>
</text>
</block>
<block><region><rect/></region>
<text>
<par/>
</text>
</block>
<block><region><rect/></region>
<text>
<par>
<line>MICHEL</line></par>
</text>
</block>









</page>
<page width="2486" height="3512" resolution="300">
<block><region><rect/></region>
<text>
<par>
<line>N! /</line></par>
</text>
</block>
<block><region><rect/></region>
<text>
<par>
<line>\I2</line></par>
</text>
</block>
<block><region><rect/><rect/><rect/><rect/><rect/></region>
<text>
<par>
<line>ks Prés îl</line></par>
<par>
<line>Tl</line></par>
</text>
</block>
<block><region><rect/></region>
<text>
<par/>
</text>
</block>
<block><region><rect/><rect/><rect/><rect/><rect/><rect/><rect/><rect/></region>
<text>
<par>
<line>^ '' Vc»</line></par>
<par>
<line>\MtddelbouTe 'c^ /</line></par>
<par>
<line>^ Vv ' / / ^ &lt;</line></par>
</text>
</block>
<block><region><rect/><rect/></region>
<text>
<par>
<line>k / pekhoui l'eld</line></par>
</text>
</block>
<block><region><rect/></region>
<text>
<par>
<line>^ Cappelle Veld</line></par>
</text>
</block>
<block><region><rect/></region>
<text>
<par>
<line>\</line></par>
</text>
</block>
<block><region><rect/></region>
<text>
<par>
<line>Swynla:</line></par>
</text>
</block>
<block><region><rect/><rect/><rect/><rect/><rect/><rect/><rect/><rect/></region>
<text>
<par>
<line>• ' ^</line></par>
<par>
<line>le GrandBerdyck</line></par>
<par>
<line>"</line></par>
<par>
<line>x*^</line></par>
</text>
</block>
<block><region><rect/></region>
<text>
<par>
<line>Lampemisse</line></par>
</text>
</block>
<block><region><rect/><rect/></region>
<text>
<par>
<line>^'sch.</line></par>
</text>
</block>
<block><region><rect/><rect/><rect/></region>
<text>
<par>
<line>y Sanders Straete ^</line>
<line>33</line></par>
</text>
</block>
<block><region><rect/><rect/></region>
<text>
<par>
<line>Sanders Straete Veld</line>
<line>+ 28*</line></par>
</text>
</block>
<block><region><rect/><rect/><rect/></region>
<text>
<par>
<line>! BraemVeld \5o</line></par>
<par>
<line>, Sipb^p.y</line></par>
</text>
</block>
<block><region><rect/><rect/><rect/></region>
<text>
<par>
<line>Oost Meulen Veld</line></par>
</text>
</block>
<block><region><rect/></region>
<text>
<par/>
</text>
</block>
<block><region><rect/></region>
<text>
<par>
<line>iserHouck</line></par>
</text>
</block>
<block><region><rect/></region>
<text>
<par>
<line>Waegenaer Veld \ ^</line></par>
</text>
</block>
<block><region><rect/><rect/><rect/><rect/><rect/><rect/><rect/><rect/><rect/><rect/><rect/><rect/><rect/></region>
<text>
<par>
<line>* i'</line></par>
<par>
<line>Champ</line>
<line>de</line></par>
<par>
<line>^ Nederval</line></par>
<par>
<line>\ V, Cruysébrocs ^</line></par>
<par>
<line>• 4. \</line></par>
<par>
<line>MT</line></par>
</text>
</block>
<block><region><rect/></region>
<text>
<par>
<line>Hîl</line></par>
</text>
</block>
<block><region><rect/></region>
<text>
<par>
<line>Opperval</line></par>
</text>
</block>
<block><region><rect/></region>
<text>
<par>
<line>Nederval</line></par>
</text>
</block>
<block><region><rect/></region>
<text>
<par/>
</text>
</block>
<block><region><rect/><rect/></region>
<text>
<par>
<line>'^■îw,</line>
<line>Palder Houck</line></par>
</text>
</block>
<block blockType="Table" blockName="" l="1396" t="2634" r="2105" b="3192"><region><rect/></region>
<row>
<cell rightBorder="White" bottomBorder="White" width="232" height="83">
<text>
<par/>
</text></cell>
<cell leftBorder="White" bottomBorder="White" width="477" height="83">
<text>
<par>
<line>59 - NORD</line></par>
</text></cell></row>
<row>
<cell topBorder="White" rightBorder="White" bottomBorder="White" width="232" height="71">
<text>
<par/>
</text></cell>
<cell leftBorder="White" topBorder="White" bottomBorder="White" width="477" height="71">
<text>
<par>
<line>Commune de Merckeghem</line></par>
</text></cell></row>
<row>
<cell topBorder="White" rightBorder="White" width="232" height="115">
<text>
<par/>
</text></cell>
<cell leftBorder="White" topBorder="White" bottomBorder="White" width="477" height="115">
<text>
<par>
<line>SITE DU GALGBERG</line></par>
</text></cell></row>
<row>
<cell bottomBorder="White" width="232" height="38">
<text>
<par>
<line>1</line></par>
</text></cell>
<cell topBorder="White" bottomBorder="White" width="477" height="38">
<text>
<par>
<line>Site inscrit</line></par>
</text></cell></row>
<row>
<cell topBorder="White" width="232" height="57">
<text>
<par>
<line>|àà A</line></par>
</text></cell>
<cell topBorder="White" bottomBorder="White" width="477" height="57">
<text>
<par>
<line>par arrêté du : 14/02/05</line></par>
</text></cell></row>
<row>
<cell rightBorder="White" bottomBorder="White" width="232" height="87">
<text>
<par/>
</text></cell>
<cell leftBorder="White" topBorder="White" bottomBorder="White" width="477" height="87">
<text>
<par>
<line>éch : 1/25000</line></par>
</text></cell></row>
<row>
<cell topBorder="White" rightBorder="White" width="232" height="107">
<text>
<par/>
</text></cell>
<cell leftBorder="White" topBorder="White" width="477" height="107">
<text>
<par>
<line>250m</line></par>
<par>
<line>• •</line></par>
</text></cell></row>
</block>
<block><region><rect/></region>
<text>
<par>
<line>^ :</line></par>
</text>
</block>
<block><region><rect/></region>
<text>
<par/>
</text>
</block>
<block><region><rect/><rect/><rect/><rect/><rect/><rect/></region>
<text>
<par>
<line>iederzeele^</line></par>
<par>
<line>/ + \ OpperSama:</line></par>
<par>
<line>^ •\</line></par>
<par>
<line>Entrep, f \ ■.</line></par>
<par>
<line>-^26 *. 27 —</line></par>
</text>
</block>
<block><region><rect/></region>
<text>
<par>
<line>'■ilen</line></par>
</text>
</block>
<block><region><rect/></region>
<text>
<par>
<line>Veld</line></par>
</text>
</block>
<block><region><rect/></region>
<text>
<par>
<line>/on</line></par>
<par>
<line>A\^Mou/in I</line></par>
</text>
</block>

















</page>
<page width="2488" height="3514" resolution="300">
<block><region><rect/></region>
<text>
<par>
<line>DELIMITATION ET PLAN DU SITE</line></par>
</text>
</block>
<block><region><rect/></region>
<text>
<par/>
</text>
</block>
<block><region><rect/></region>
<text>
<par>
<line>' H</line></par>
</text>
</block>
<block><region><rect/></region>
<text>
<par/>
</text>
</block>
<block><region><rect/><rect/><rect/></region>
<text>
<par>
<line>:aaê.‘^-l'-'■</line></par>
</text>
</block>
<block><region><rect/></region>
<text>
<par>
<line>PARCELLES CADATRALES</line></par>
</text>
</block>
<block><region><rect/></region>
<text>
<par>
<line>LISTE DES PARCELLES CADASTRALES INCI.USES DANS LE SITE</line></par>
</text>
<text>
<par>
<line>d’après CAi^ASTRE DE MERCKEGHEM (NORD)</line></par>
<par>
<line>SECTION C</line>
<line>FEUILLE N°1</line></par>
<par>
<line>Feuille dressée en 1853, révisée pour 1932</line></par>
<par>
<line>Tirage n° 109 certifié conforme au plan minute de conservation à la date du 12102102</line></par>
</text>
</block>
<block blockType="Table" blockName="" l="462" t="1267" r="1856" b="2958"><region><rect/></region>
<row>
<cell leftBorder="White" topBorder="White" rightBorder="White" bottomBorder="White" width="194" height="55">
<text>
<par>
<line>3</line></par>
</text></cell>
<cell leftBorder="White" topBorder="White" rightBorder="White" bottomBorder="White" width="338" height="55">
<text>
<par>
<line>51</line></par>
</text></cell>
<cell leftBorder="White" topBorder="White" rightBorder="White" bottomBorder="White" width="329" height="55">
<text>
<par>
<line>111</line></par>
</text></cell>
<cell leftBorder="White" topBorder="White" rightBorder="White" bottomBorder="White" width="329" height="55">
<text>
<par>
<line>487</line></par>
</text></cell>
<cell leftBorder="White" topBorder="White" rightBorder="White" bottomBorder="White" width="204" height="55">
<text>
<par>
<line>596</line></par>
</text></cell></row>
<row>
<cell leftBorder="White" topBorder="White" rightBorder="White" bottomBorder="White" width="194" height="61">
<text>
<par>
<line>4</line></par>
</text></cell>
<cell leftBorder="White" topBorder="White" rightBorder="White" bottomBorder="White" width="338" height="61">
<text>
<par>
<line>52</line></par>
</text></cell>
<cell leftBorder="White" topBorder="White" rightBorder="White" bottomBorder="White" width="329" height="61">
<text>
<par>
<line>112</line></par>
</text></cell>
<cell leftBorder="White" topBorder="White" rightBorder="White" bottomBorder="White" width="329" height="61">
<text>
<par>
<line>488</line></par>
</text></cell>
<cell leftBorder="White" topBorder="White" rightBorder="White" bottomBorder="White" width="204" height="61">
<text>
<par>
<line>598</line></par>
</text></cell></row>
<row>
<cell leftBorder="White" topBorder="White" rightBorder="White" bottomBorder="White" width="194" height="61">
<text>
<par>
<line>5</line></par>
</text></cell>
<cell leftBorder="White" topBorder="White" rightBorder="White" bottomBorder="White" width="338" height="61">
<text>
<par>
<line>54</line></par>
</text></cell>
<cell leftBorder="White" topBorder="White" rightBorder="White" bottomBorder="White" width="329" height="61">
<text>
<par>
<line>113</line></par>
</text></cell>
<cell leftBorder="White" topBorder="White" rightBorder="White" bottomBorder="White" width="329" height="61">
<text>
<par>
<line>491</line></par>
</text></cell>
<cell leftBorder="White" topBorder="White" rightBorder="White" bottomBorder="White" width="204" height="61">
<text>
<par>
<line>601</line></par>
</text></cell></row>
<row>
<cell leftBorder="White" topBorder="White" rightBorder="White" bottomBorder="White" width="194" height="60">
<text>
<par>
<line>6</line></par>
</text></cell>
<cell leftBorder="White" topBorder="White" rightBorder="White" bottomBorder="White" width="338" height="60">
<text>
<par>
<line>69</line></par>
</text></cell>
<cell leftBorder="White" topBorder="White" rightBorder="White" bottomBorder="White" width="329" height="60">
<text>
<par>
<line>114</line></par>
</text></cell>
<cell leftBorder="White" topBorder="White" rightBorder="White" bottomBorder="White" width="329" height="60">
<text>
<par>
<line>492</line></par>
</text></cell>
<cell leftBorder="White" topBorder="White" rightBorder="White" bottomBorder="White" width="204" height="60">
<text>
<par>
<line>602</line></par>
</text></cell></row>
<row>
<cell leftBorder="White" topBorder="White" rightBorder="White" bottomBorder="White" width="194" height="61">
<text>
<par>
<line>7</line></par>
</text></cell>
<cell leftBorder="White" topBorder="White" rightBorder="White" bottomBorder="White" width="338" height="61">
<text>
<par>
<line>70</line></par>
</text></cell>
<cell leftBorder="White" topBorder="White" rightBorder="White" bottomBorder="White" width="329" height="61">
<text>
<par>
<line>115</line></par>
</text></cell>
<cell leftBorder="White" topBorder="White" rightBorder="White" bottomBorder="White" width="329" height="61">
<text>
<par>
<line>533</line></par>
</text></cell>
<cell leftBorder="White" topBorder="White" rightBorder="White" bottomBorder="White" width="204" height="61">
<text>
<par>
<line>604</line></par>
</text></cell></row>
<row>
<cell leftBorder="White" topBorder="White" rightBorder="White" bottomBorder="White" width="194" height="60">
<text>
<par>
<line>8</line></par>
</text></cell>
<cell leftBorder="White" topBorder="White" rightBorder="White" bottomBorder="White" width="338" height="60">
<text>
<par>
<line>71</line></par>
</text></cell>
<cell leftBorder="White" topBorder="White" rightBorder="White" bottomBorder="White" width="329" height="60">
<text>
<par>
<line>116</line></par>
</text></cell>
<cell leftBorder="White" topBorder="White" rightBorder="White" bottomBorder="White" width="329" height="60">
<text>
<par>
<line>535</line></par>
</text></cell>
<cell leftBorder="White" topBorder="White" rightBorder="White" bottomBorder="White" width="204" height="60">
<text>
<par>
<line>606</line></par>
</text></cell></row>
<row>
<cell leftBorder="White" topBorder="White" rightBorder="White" bottomBorder="White" width="194" height="61">
<text>
<par>
<line>9</line></par>
</text></cell>
<cell leftBorder="White" topBorder="White" rightBorder="White" bottomBorder="White" width="338" height="61">
<text>
<par>
<line>73</line></par>
</text></cell>
<cell leftBorder="White" topBorder="White" rightBorder="White" bottomBorder="White" width="329" height="61">
<text>
<par>
<line>119</line></par>
</text></cell>
<cell leftBorder="White" topBorder="White" rightBorder="White" bottomBorder="White" width="329" height="61">
<text>
<par>
<line>536</line></par>
</text></cell>
<cell leftBorder="White" topBorder="White" rightBorder="White" bottomBorder="White" width="204" height="61">
<text>
<par>
<line>608</line></par>
</text></cell></row>
<row>
<cell leftBorder="White" topBorder="White" rightBorder="White" bottomBorder="White" width="194" height="61">
<text>
<par>
<line>10</line></par>
</text></cell>
<cell leftBorder="White" topBorder="White" rightBorder="White" bottomBorder="White" width="338" height="61">
<text>
<par>
<line>76</line></par>
</text></cell>
<cell leftBorder="White" topBorder="White" rightBorder="White" bottomBorder="White" width="329" height="61">
<text>
<par>
<line>120</line></par>
</text></cell>
<cell leftBorder="White" topBorder="White" rightBorder="White" bottomBorder="White" width="329" height="61">
<text>
<par>
<line>539</line></par>
</text></cell>
<cell leftBorder="White" topBorder="White" rightBorder="White" bottomBorder="White" width="204" height="61">
<text>
<par>
<line>610</line></par>
</text></cell></row>
<row>
<cell leftBorder="White" topBorder="White" rightBorder="White" bottomBorder="White" width="194" height="60">
<text>
<par>
<line>12</line></par>
</text></cell>
<cell leftBorder="White" topBorder="White" rightBorder="White" bottomBorder="White" width="338" height="60">
<text>
<par>
<line>77</line></par>
</text></cell>
<cell leftBorder="White" topBorder="White" rightBorder="White" bottomBorder="White" width="329" height="60">
<text>
<par>
<line>121</line></par>
</text></cell>
<cell leftBorder="White" topBorder="White" rightBorder="White" bottomBorder="White" width="329" height="60">
<text>
<par>
<line>540</line></par>
</text></cell>
<cell leftBorder="White" topBorder="White" rightBorder="White" bottomBorder="White" width="204" height="60">
<text>
<par>
<line>612</line></par>
</text></cell></row>
<row>
<cell leftBorder="White" topBorder="White" rightBorder="White" bottomBorder="White" width="194" height="61">
<text>
<par>
<line>13</line></par>
</text></cell>
<cell leftBorder="White" topBorder="White" rightBorder="White" bottomBorder="White" width="338" height="61">
<text>
<par>
<line>86</line></par>
</text></cell>
<cell leftBorder="White" topBorder="White" rightBorder="White" bottomBorder="White" width="329" height="61">
<text>
<par>
<line>123</line></par>
</text></cell>
<cell leftBorder="White" topBorder="White" rightBorder="White" bottomBorder="White" width="329" height="61">
<text>
<par>
<line>541</line></par>
</text></cell>
<cell leftBorder="White" topBorder="White" rightBorder="White" bottomBorder="White" width="204" height="61">
<text>
<par>
<line>617</line></par>
</text></cell></row>
<row>
<cell leftBorder="White" topBorder="White" rightBorder="White" bottomBorder="White" width="194" height="60">
<text>
<par>
<line>14</line></par>
</text></cell>
<cell leftBorder="White" topBorder="White" rightBorder="White" bottomBorder="White" width="338" height="60">
<text>
<par>
<line>87</line></par>
</text></cell>
<cell leftBorder="White" topBorder="White" rightBorder="White" bottomBorder="White" width="329" height="60">
<text>
<par>
<line>124</line></par>
</text></cell>
<cell leftBorder="White" topBorder="White" rightBorder="White" bottomBorder="White" width="329" height="60">
<text>
<par>
<line>552</line></par>
</text></cell>
<cell leftBorder="White" topBorder="White" rightBorder="White" bottomBorder="White" width="204" height="60">
<text>
<par>
<line>619</line></par>
</text></cell></row>
<row>
<cell leftBorder="White" topBorder="White" rightBorder="White" bottomBorder="White" width="194" height="61">
<text>
<par>
<line>15</line></par>
</text></cell>
<cell leftBorder="White" topBorder="White" rightBorder="White" bottomBorder="White" width="338" height="61">
<text>
<par>
<line>89</line></par>
</text></cell>
<cell leftBorder="White" topBorder="White" rightBorder="White" bottomBorder="White" width="329" height="61">
<text>
<par>
<line>125</line></par>
</text></cell>
<cell leftBorder="White" topBorder="White" rightBorder="White" bottomBorder="White" width="329" height="61">
<text>
<par>
<line>5"3</line></par>
</text></cell>
<cell leftBorder="White" topBorder="White" rightBorder="White" bottomBorder="White" width="204" height="61">
<text>
<par>
<line>621</line></par>
</text></cell></row>
<row>
<cell leftBorder="White" topBorder="White" rightBorder="White" bottomBorder="White" width="194" height="60">
<text>
<par>
<line>16</line></par>
</text></cell>
<cell leftBorder="White" topBorder="White" rightBorder="White" bottomBorder="White" width="338" height="60">
<text>
<par>
<line>90</line></par>
</text></cell>
<cell leftBorder="White" topBorder="White" rightBorder="White" bottomBorder="White" width="329" height="60">
<text>
<par>
<line>126</line></par>
</text></cell>
<cell leftBorder="White" topBorder="White" rightBorder="White" bottomBorder="White" width="329" height="60">
<text>
<par>
<line>554</line></par>
</text></cell>
<cell leftBorder="White" topBorder="White" rightBorder="White" bottomBorder="White" width="204" height="60">
<text>
<par>
<line>634</line></par>
</text></cell></row>
<row>
<cell leftBorder="White" topBorder="White" rightBorder="White" bottomBorder="White" width="194" height="61">
<text>
<par>
<line>17</line></par>
</text></cell>
<cell leftBorder="White" topBorder="White" rightBorder="White" bottomBorder="White" width="338" height="61">
<text>
<par>
<line>91</line></par>
</text></cell>
<cell leftBorder="White" topBorder="White" rightBorder="White" bottomBorder="White" width="329" height="61">
<text>
<par>
<line>127</line></par>
</text></cell>
<cell leftBorder="White" topBorder="White" rightBorder="White" bottomBorder="White" width="329" height="61">
<text>
<par>
<line>555</line></par>
</text></cell>
<cell leftBorder="White" topBorder="White" rightBorder="White" bottomBorder="White" width="204" height="61">
<text>
<par>
<line>661</line></par>
</text></cell></row>
<row>
<cell leftBorder="White" topBorder="White" rightBorder="White" bottomBorder="White" width="194" height="60">
<text>
<par>
<line>24</line></par>
</text></cell>
<cell leftBorder="White" topBorder="White" rightBorder="White" bottomBorder="White" width="338" height="60">
<text>
<par>
<line>92</line></par>
</text></cell>
<cell leftBorder="White" topBorder="White" rightBorder="White" bottomBorder="White" width="329" height="60">
<text>
<par>
<line>399</line></par>
</text></cell>
<cell leftBorder="White" topBorder="White" rightBorder="White" bottomBorder="White" width="329" height="60">
<text>
<par>
<line>556</line></par>
</text></cell>
<cell leftBorder="White" topBorder="White" rightBorder="White" bottomBorder="White" width="204" height="60">
<text>
<par>
<line>662</line></par>
</text></cell></row>
<row>
<cell leftBorder="White" topBorder="White" rightBorder="White" bottomBorder="White" width="194" height="61">
<text>
<par>
<line>25</line></par>
</text></cell>
<cell leftBorder="White" topBorder="White" rightBorder="White" bottomBorder="White" width="338" height="61">
<text>
<par>
<line>93</line></par>
</text></cell>
<cell leftBorder="White" topBorder="White" rightBorder="White" bottomBorder="White" width="329" height="61">
<text>
<par>
<line>409</line></par>
</text></cell>
<cell leftBorder="White" topBorder="White" rightBorder="White" bottomBorder="White" width="329" height="61">
<text>
<par>
<line>569</line></par>
</text></cell>
<cell leftBorder="White" topBorder="White" rightBorder="White" bottomBorder="White" width="204" height="61">
<text>
<par>
<line>663</line></par>
</text></cell></row>
<row>
<cell leftBorder="White" topBorder="White" rightBorder="White" bottomBorder="White" width="194" height="60">
<text>
<par>
<line>26</line></par>
</text></cell>
<cell leftBorder="White" topBorder="White" rightBorder="White" bottomBorder="White" width="338" height="60">
<text>
<par>
<line>95</line></par>
</text></cell>
<cell leftBorder="White" topBorder="White" rightBorder="White" bottomBorder="White" width="329" height="60">
<text>
<par>
<line>421</line></par>
</text></cell>
<cell leftBorder="White" topBorder="White" rightBorder="White" bottomBorder="White" width="329" height="60">
<text>
<par>
<line>571</line></par>
</text></cell>
<cell leftBorder="White" topBorder="White" rightBorder="White" bottomBorder="White" width="204" height="60">
<text>
<par>
<line>664</line></par>
</text></cell></row>
<row>
<cell leftBorder="White" topBorder="White" rightBorder="White" bottomBorder="White" width="194" height="61">
<text>
<par>
<line>27</line></par>
</text></cell>
<cell leftBorder="White" topBorder="White" rightBorder="White" bottomBorder="White" width="338" height="61">
<text>
<par>
<line>96</line></par>
</text></cell>
<cell leftBorder="White" topBorder="White" rightBorder="White" bottomBorder="White" width="329" height="61">
<text>
<par>
<line>428</line></par>
</text></cell>
<cell leftBorder="White" topBorder="White" rightBorder="White" bottomBorder="White" width="329" height="61">
<text>
<par>
<line>574</line></par>
</text></cell>
<cell leftBorder="White" topBorder="White" rightBorder="White" bottomBorder="White" width="204" height="61">
<text>
<par>
<line>665</line></par>
</text></cell></row>
<row>
<cell leftBorder="White" topBorder="White" rightBorder="White" bottomBorder="White" width="194" height="61">
<text>
<par>
<line>28</line></par>
</text></cell>
<cell leftBorder="White" topBorder="White" rightBorder="White" bottomBorder="White" width="338" height="61">
<text>
<par>
<line>97</line></par>
</text></cell>
<cell leftBorder="White" topBorder="White" rightBorder="White" bottomBorder="White" width="329" height="61">
<text>
<par>
<line>^.29</line></par>
</text></cell>
<cell leftBorder="White" topBorder="White" rightBorder="White" bottomBorder="White" width="329" height="61">
<text>
<par>
<line>576</line></par>
</text></cell>
<cell leftBorder="White" topBorder="White" rightBorder="White" bottomBorder="White" width="204" height="61">
<text>
<par>
<line>691</line></par>
</text></cell></row>
<row>
<cell leftBorder="White" topBorder="White" rightBorder="White" bottomBorder="White" width="194" height="61">
<text>
<par>
<line>29</line></par>
</text></cell>
<cell leftBorder="White" topBorder="White" rightBorder="White" bottomBorder="White" width="338" height="61">
<text>
<par>
<line>98</line></par>
</text></cell>
<cell leftBorder="White" topBorder="White" rightBorder="White" bottomBorder="White" width="329" height="61">
<text>
<par>
<line>430</line></par>
</text></cell>
<cell leftBorder="White" topBorder="White" rightBorder="White" bottomBorder="White" width="329" height="61">
<text>
<par>
<line>578</line></par>
</text></cell>
<cell leftBorder="White" topBorder="White" rightBorder="White" bottomBorder="White" width="204" height="61">
<text>
<par>
<line>692</line></par>
</text></cell></row>
<row>
<cell leftBorder="White" topBorder="White" rightBorder="White" bottomBorder="White" width="194" height="61">
<text>
<par>
<line>30</line></par>
</text></cell>
<cell leftBorder="White" topBorder="White" rightBorder="White" bottomBorder="White" width="338" height="61">
<text>
<par>
<line>99</line></par>
</text></cell>
<cell leftBorder="White" topBorder="White" rightBorder="White" bottomBorder="White" width="329" height="61">
<text>
<par>
<line>431</line></par>
</text></cell>
<cell leftBorder="White" topBorder="White" rightBorder="White" bottomBorder="White" width="329" height="61">
<text>
<par>
<line>580</line></par>
</text></cell>
<cell leftBorder="White" topBorder="White" rightBorder="White" bottomBorder="White" width="204" height="61">
<text>
<par/>
</text></cell></row>
<row>
<cell leftBorder="White" topBorder="White" rightBorder="White" bottomBorder="White" width="194" height="61">
<text>
<par>
<line>31</line></par>
</text></cell>
<cell leftBorder="White" topBorder="White" rightBorder="White" bottomBorder="White" width="338" height="61">
<text>
<par>
<line>100</line></par>
</text></cell>
<cell leftBorder="White" topBorder="White" rightBorder="White" bottomBorder="White" width="329" height="61">
<text>
<par>
<line>432</line></par>
</text></cell>
<cell leftBorder="White" topBorder="White" rightBorder="White" bottomBorder="White" width="329" height="61">
<text orientation="RotatedClockwise">
<par>
<line>00</line></par>
</text></cell>
<cell leftBorder="White" topBorder="White" rightBorder="White" bottomBorder="White" width="204" height="61">
<text>
<par/>
</text></cell></row>
<row>
<cell leftBorder="White" topBorder="White" rightBorder="White" bottomBorder="White" width="194" height="61">
<text>
<par>
<line>32</line></par>
</text></cell>
<cell leftBorder="White" topBorder="White" rightBorder="White" bottomBorder="White" width="338" height="61">
<text>
<par>
<line>101</line></par>
</text></cell>
<cell leftBorder="White" topBorder="White" rightBorder="White" bottomBorder="White" width="329" height="61">
<text>
<par>
<line>437</line></par>
</text></cell>
<cell leftBorder="White" topBorder="White" rightBorder="White" bottomBorder="White" width="329" height="61">
<text>
<par>
<line>584</line></par>
</text></cell>
<cell leftBorder="White" topBorder="White" rightBorder="White" bottomBorder="White" width="204" height="61">
<text>
<par/>
</text></cell></row>
<row>
<cell leftBorder="White" topBorder="White" rightBorder="White" bottomBorder="White" width="194" height="61">
<text>
<par>
<line>37</line></par>
</text></cell>
<cell leftBorder="White" topBorder="White" rightBorder="White" bottomBorder="White" width="338" height="61">
<text>
<par>
<line>103</line></par>
</text></cell>
<cell leftBorder="White" topBorder="White" rightBorder="White" bottomBorder="White" width="329" height="61">
<text>
<par>
<line>438</line></par>
</text></cell>
<cell leftBorder="White" topBorder="White" rightBorder="White" bottomBorder="White" width="329" height="61">
<text>
<par>
<line>586</line></par>
</text></cell>
<cell leftBorder="White" topBorder="White" rightBorder="White" bottomBorder="White" width="204" height="61">
<text>
<par/>
</text></cell></row>
<row>
<cell leftBorder="White" topBorder="White" rightBorder="White" bottomBorder="White" width="194" height="62">
<text>
<par>
<line>38</line></par>
</text></cell>
<cell leftBorder="White" topBorder="White" rightBorder="White" bottomBorder="White" width="338" height="62">
<text>
<par>
<line>104</line></par>
</text></cell>
<cell leftBorder="White" topBorder="White" rightBorder="White" bottomBorder="White" width="329" height="62">
<text>
<par>
<line>439</line></par>
</text></cell>
<cell leftBorder="White" topBorder="White" rightBorder="White" bottomBorder="White" width="329" height="62">
<text>
<par>
<line>588</line></par>
</text></cell>
<cell leftBorder="White" topBorder="White" rightBorder="White" bottomBorder="White" width="204" height="62">
<text>
<par/>
</text></cell></row>
<row>
<cell leftBorder="White" topBorder="White" rightBorder="White" bottomBorder="White" width="194" height="61">
<text>
<par>
<line>39</line></par>
</text></cell>
<cell leftBorder="White" topBorder="White" rightBorder="White" bottomBorder="White" width="338" height="61">
<text>
<par>
<line>108</line></par>
</text></cell>
<cell leftBorder="White" topBorder="White" rightBorder="White" bottomBorder="White" width="329" height="61">
<text>
<par>
<line>440</line></par>
</text></cell>
<cell leftBorder="White" topBorder="White" rightBorder="White" bottomBorder="White" width="329" height="61">
<text>
<par>
<line>590</line></par>
</text></cell>
<cell leftBorder="White" topBorder="White" rightBorder="White" bottomBorder="White" width="204" height="61">
<text>
<par/>
</text></cell></row>
<row>
<cell leftBorder="White" topBorder="White" rightBorder="White" bottomBorder="White" width="194" height="62">
<text>
<par>
<line>43</line></par>
</text></cell>
<cell leftBorder="White" topBorder="White" rightBorder="White" bottomBorder="White" width="338" height="62">
<text>
<par>
<line>109</line></par>
</text></cell>
<cell leftBorder="White" topBorder="White" rightBorder="White" bottomBorder="White" width="329" height="62">
<text>
<par>
<line>479</line></par>
</text></cell>
<cell leftBorder="White" topBorder="White" rightBorder="White" bottomBorder="White" width="329" height="62">
<text>
<par>
<line>592</line></par>
</text></cell>
<cell leftBorder="White" topBorder="White" rightBorder="White" bottomBorder="White" width="204" height="62">
<text>
<par/>
</text></cell></row>
<row>
<cell leftBorder="White" topBorder="White" rightBorder="White" bottomBorder="White" width="194" height="55">
<text>
<par>
<line>44</line></par>
</text></cell>
<cell leftBorder="White" topBorder="White" rightBorder="White" bottomBorder="White" width="338" height="55">
<text>
<par>
<line>110</line></par>
</text></cell>
<cell leftBorder="White" topBorder="White" rightBorder="White" bottomBorder="White" width="329" height="55">
<text>
<par>
<line>480</line></par>
</text></cell>
<cell leftBorder="White" topBorder="White" rightBorder="White" bottomBorder="White" width="329" height="55">
<text>
<par>
<line>594</line></par>
</text></cell>
<cell leftBorder="White" topBorder="White" rightBorder="White" bottomBorder="White" width="204" height="55">
<text>
<par/>
</text></cell></row>
</block>
<block><region><rect/></region>
<text>
<par>
<line>Département du Nord - COMMUNE DE MERCKEGHEM</line>
<line>Site de Galgberg (Inscription)</line></par>
</text>
</block>



</page>
</AC2>