<?xml version="1.0" encoding="UTF-8"?><AC2>
<page width="1653" height="2338" resolution="200">
<block><region><rect/></region>
<text>
<par>
<line>f;tiPC5BLiOUi£ . FRANÇAISE</line></par>
</text>
</block>
<block><region><rect/></region>
<text>
<par>
<line>ministère: de l* urbanisme</line></par>
<par>
<line>CT DU LOGEMENT</line></par>
<par>
<line>.-.S’--''</line></par>
</text>
</block>
<block><region><rect/></region>
<text>
<par>
<line>DÉCRET</line></par>
</text>
</block>
<block><region><rect/></region>
<text>
<par>
<line>É</line></par>
</text>
</block>
<block><region><rect/></region>
<text>
<par>
<line>2 3 DEC. 1982</line></par>
</text>
</block>
<block><region><rect/></region>
<text>
<par>
<line>«</line></par>
</text>
</block>
<block><region><rect/></region>
<text>
<par>
<line>t</line></par>
</text>
</block>
<block><region><rect/></region>
<text>
<par>
<line>Portant classeieent parmi les sites du site du Port de SAITZOS/ (Korbihan)</line></par>
</text>
</block>
<block><region><rect/></region>
<text>
<par>
<line>LE PREMIER MINISTRE</line></par>
</text>
</block>
<block><region><rect/></region>
<text>
<par>
<line>SUR le rapport du Ministre de l'Urbanisme et du Logement</line></par>
<par>
<line>VU la loi du 2 mai 1930 réorganisant la protection des monuments natu¬</line>
<line>rels et des sites de caractère artistique, historique, scientifique,</line>
<line>légendaire ou pittoresque, modifiée par la loi n® 68.1174 du</line>
<line>28 décembre 19^7 ©"t notamment les a,rticles 5»1&gt; 7&gt; 8 et 12 ;</line></par>
<par>
<line>VU le décret n® 69.607 du 13 juin 1,969 portant application de l'article</line></par>
<par>
<line>5.1 de la loi modifiée du 2 mai 1930 sur la protection des sites ;</line></par>
<par>
<line>VU le décret n® 70.288 du 3I mars 1970 relatif à la composition et au fonc-^</line></par>
<par>
<line>tionnement des commissions départementales et supérieure des sites</line></par>
<par>
<line>VU les conclusions de l'enquête effectuée en application de l'article 5*1</line>
<line>de la loi du 2 mai 1930 modifiée et des articles 4 st' 5 du décret</line></par>
<par>
<line>n® 69.607 du 13 juin ;</line></par>
<par>
<line>VU l'avis émis par la commission départementale des sites, perspectives</line>
<line>et paysages du Morbihan dans sa séance du 11 octobre 1979 p</line></par>
<par>
<line>VU l'avis émis par la commission supérieure des sites dans sa séance</line>
<line>du 9 janvier I98I ; . |</line></par>
<par>
<line>Conseil d'Etat (section de l'Intérieur) entendu : ^</line></par>
<par>
<line>CONSIDERANT que le site formé par le port de SAUZON dans le département</line></par>
<par>
<line>du Morbihan compte tenu de son caractère pittoresque présente, dans son</line></par>
<par>
<line>ensemble, un intérêt général au sens de l'article 4 de- la loi du 2 mai 1930</line></par>
</text>
</block>
<block><region><rect/></region>
<text>
<par>
<line>susvisée.</line></par>
</text>
</block>
<block><region><rect/></region>
<text>
<par>
<line>• • •</line></par>
</text>
</block>
<block><region><rect/></region>
<text>
<par>
<line>J.O.ff 0 0 ? IC - 1983</line></par>
</text>
</block>

</page>
<page width="1653" height="2338" resolution="200">
<block><region><rect/></region>
<text>
<par>
<line>-2-</line></par>
</text>
</block>
<block><region><rect/></region>
<text>
<par>
<line>•; t</line></par>
</text>
</block>
<block><region><rect/></region>
<text>
<par>
<line>D ' Çf oR ;b ^j.Tl</line></par>
</text>
</block>
<block><region><rect/></region>
<text>
<par>
<line>• . i . i- r’: - ^ -,_ ■ - •'</line></par>
<par>
<line>ARTICLE 1er "T:. Es-t .classé' parmi, les ai,te4 .pittoresque du département</line>
<line>du Morbihan 1* ensemble formé sur la ^compimq-^de, SÀUZOlT par le site du</line>
<line>Port, délimité comme suit, conformément âu"^ plan ci—annexé, en partant</line>
<line>de l*angle sud-est de la parcelle n® 55 (section ZD) et dans le sens</line>
<line>des aiguilles d’une montre.</line></par>
<par>
<line>Section ZD</line></par>
<par>
<line>• face sud de la p'arCelle n® 53»</line></par>
<par>
<line>• face est (pour partie) de la parcelle n® 4^ (chemin d’exploitation</line>
<line>longeant la parcelle n® 55)&gt;</line></par>
<par>
<line>• face sud-est des parcelles n® 57 et 5®» /</line></par>
<par>
<line>• face sud des parcelles n® 58, 52, 29» 28, 17^» et 17c, ^</line></par>
<par>
<line>. ligne fictive joignant l’angle sud-ouest de la parcelle n® 17c à la</line>
<line>face est de la parcelle n* 11, à 70 mètres de l’angle sud-est de cette</line>
<line>parcelle,</line></par>
<par>
<line>• ligne fictive joignant ce dernier point à l’angle sud de la parcelle</line>
<line>n® 4,</line></par>
<par>
<line>B chemin d’exploitation (parcelle n® 9) l’angle sud de la parcelle</line>
<line>n® 4 à l’angle nord-est de la parcelle n® I54,</line></par>
<par>
<line>• face est de la parcelle n® 154»</line></par>
<par>
<line>• chemin d’exploitation (parcelle n® II9) longeant la face nord des</line>
<line>parcelles n® 115 (pour partie) et 120</line></par>
<par>
<line>• face est de la parcelle n® 120,</line></par>
<par>
<line>. faces nord (pour partie), est et sud (pour partie) de la parcelle n®</line></par>
<par>
<line>115,</line></par>
<par>
<line>• face est de la parcelle n® IO6,</line></par>
<par>
<line>. face sud de la parcelle n® IO6 (pour partie longeant le chemin dépar¬</line>
<line>temental n® 50)»</line></par>
<par>
<line>Section ZE</line></par>
<par>
<line>• face est des parcelles n® 713' et b,</line></par>
<par>
<line>• chemin d’exploitation (parcelle n® 77) del’angle sud. est de la parcel¬</line>
<line>le n® 71 à l’angle nord-est de la parcelle n® 70,</line></par>
<par>
<line>• faces est et sud de la parcelle n® 70,</line></par>
<par>
<line>B face est des parcelles n® 71^. (pour partie), 71e et 71h,</line></par>
<par>
<line>• face sud de la parcelle n® 7I</line></par>
<par>
<line>Section ZC</line></par>
</text>
</block>
<block><region><rect/></region>
<text>
<par>
<line>O ligne fictive joignant l’angle sud-ouest de la parcelle n® 71</line>
<line>(section ZE) à l’angle sud est de la parcelle n® 65b,</line></par>
<par>
<line>• face est de la parcelle n® 65b,</line></par>
<par>
<line>. ligne fictive joignant l’angle nord est de la parcelle n® 65b à</line></par>
<par>
<line>l’angle sud-est de la parcelle n® 54b,</line></par>
<par>
<line>. voie communale n® 7 longeant la face sud de la parcelle n® 54b et la</line>
<line>face sud-ouest de la parcelle n® 54a,</line></par>
<par>
<line>• chemin d’exploitation (parcelle n® 53) longeant la face ouest de'la</line>
<line>parcelle n® 54^,</line></par>
<par>
<line>• face ouest de la parcelle n* 52*,</line></par>
<par>
<line>. face sud de la parcelle n® 46a,</line></par>
<par>
<line>. ligne fictive Joignant l’angle sud-est-de la parcelle n* 48 à l’angle</line>
<line>nord-ouest de la parcelle n® 5I,</line></par>
<par>
<line>• face nord de la parcelle n® 51»</line></par>
</text>
</block>




</page>
<page width="2495" height="3518" resolution="300">
<block><region><rect/></region>
<text>
<par>
<line>- [</line></par>
</text>
</block>
<block><region><rect/></region>
<text>
<par>
<line>-3-</line></par>
</text>
</block>
<block><region><rect/><rect/></region>
<text>
<par>
<line>ARTICLE 2 - Le prés^ent, décret sera notifié au préfet du Morbihan</line>
<line>et au maire de la cJnmmune''de" SA%Z0Ne</line></par>
<par>
<line>ARTICLE 3 - Le. Ministre de l’Urbanisme et du Logement est chargé de</line>
<line>î'éxécution du ^présent décret qui sera'-publié' au Joumall'Officiel de</line>
<line>la Sépubliqixe'Prançadse,</line></par>
</text>
</block>
<block><region><rect/></region>
<text>
<par>
<line>Par le Premier Ministre</line></par>
</text>
</block>
<block><region><rect/></region>
<text>
<par>
<line>'i -J ;</line></par>
</text>
</block>
<block><region><rect/></region>
<text>
<par>
<line>il 1 '</line></par>
</text>
</block>
<block><region><rect/><rect/></region>
<text>
<par>
<line>. &lt; T V .</line></par>
<par>
<line>.'!■ f R 1 ■</line></par>
<par>
<line>.r " c r :</line></par>
</text>
</block>
<block><region><rect/></region>
<text>
<par>
<line>Fait â Paris, le.</line></par>
</text>
</block>
<block><region><rect/><rect/></region>
<text>
<par>
<line>h DEC. I0g2</line></par>
</text>
</block>
<block><region><rect/></region>
<text>
<par>
<line>.:i . r J'</line></par>
</text>
</block>
<block><region><rect/></region>
<text>
<par>
<line>Pisrnï</line></par>
<par>
<line>&gt; 'J</line></par>
<par>
<line>Par. le MiniEtre| de" l’Urbanisme</line>
<line>et du Logemept</line></par>
<par>
<line>- ^</line></par>
<par>
<line>- ; floger QUfLLiOT^</line></par>
</text>
</block>
<block><region><rect/></region>
<text>
<par/>
</text>
</block>
<block><region><rect/></region>
<text>
<par>
<line>tOI-;- - „ J. :i ry.:."</line></par>
</text>
</block>
<block><region><rect/></region>
<text>
<par>
<line>?'îî t</line></par>
</text>
</block>
<block><region><rect/></region>
<text>
<par>
<line>-, -O'.--’ î. 3' ^ ■ . -.'.r</line></par>
<par>
<line>K X J-</line></par>
<par>
<line>’ V V ' ' - -</line></par>
<par>
<line>i:* c . . . ■ ‘ ^</line></par>
<par>
<line>^ s. ' D ^</line></par>
<par>
<line>■c ■ ^ -.1 ■' ■■n î.- -i ■'</line></par>
</text>
</block>
<block><region><rect/></region>
<text>
<par>
<line>Cl’. 0.</line></par>
</text>
</block>
<block><region><rect/></region>
<text>
<par>
<line>^ ‘ i A Oi 3 r</line></par>
</text>
</block>
<block><region><rect/></region>
<text>
<par>
<line>fi.- er</line></par>
</text>
</block>
<block><region><rect/><rect/></region>
<text>
<par>
<line>, [ ■ tr- v-Eii ' r ; J- ;... j:c</line></par>
<par>
<line>h ... -, .</line></par>
<par>
<line>'T J. J- ‘r.j 2;.. L- V.'' .j</line></par>
<par>
<line>-U .</line></par>
</text>
</block>
<block><region><rect/></region>
<text>
<par>
<line>'’r O :: lap-ji .</line></par>
</text>
</block>
<block><region><rect/><rect/></region>
<text>
<par>
<line>- - J.x</line>
<line>&gt; ^ r</line></par>
</text>
</block>
<block><region><rect/></region>
<text>
<par>
<line>' L(&gt;\ itv : T 0 r; J: ^</line></par>
</text>
</block>



</page>
<page width="2480" height="3507" resolution="300">
<block><region><rect/></region>
<text>
<par/>
</text>
</block>
<block><region><rect/></region>
<text>
<par/>
</text>
</block>
<block><region><rect/><rect/><rect/></region>
<text>
<par/>
</text>
</block>
<block><region><rect/></region>
<text>
<par/>
</text>
</block>
<block><region><rect/></region>
<text>
<par>
<line>/&lt;S</line></par>
</text>
</block>
<block><region><rect/></region>
<text>
<par>
<line>PViÆîrÉ</line></par>
</text>
</block>
<block><region><rect/></region>
<text>
<par>
<line>if</line></par>
</text>
</block>
<block><region><rect/></region>
<text>
<par>
<line>r</line></par>
</text>
</block>
<block><region><rect/></region>
<text>
<par>
<line>[3</line></par>
</text>
</block>
<block><region><rect/></region>
<text>
<par>
<line>n r ~ir'</line></par>
</text>
</block>
<block><region><rect/></region>
<text>
<par/>
</text>
</block>
<block><region><rect/></region>
<text>
<par/>
</text>
</block>
<block><region><rect/></region>
<text>
<par>
<line>K.</line></par>
</text>
</block>
<block><region><rect/></region>
<text>
<par/>
</text>
</block>
<block><region><rect/></region>
<text>
<par/>
</text>
</block>
<block><region><rect/></region>
<text>
<par>
<line>Kergosao</line></par>
</text>
</block>
<block><region><rect/></region>
<text>
<par/>
</text>
</block>
<block><region><rect/></region>
<text>
<par>
<line>O</line></par>
</text>
</block>
<block><region><rect/></region>
<text>
<par>
<line>O'</line></par>
</text>
</block>
<block><region><rect/></region>
<text>
<par>
<line>&gt;3</line></par>
</text>
</block>
<block><region><rect/></region>
<text>
<par>
<line>sr;</line></par>
</text>
</block>
<block><region><rect/></region>
<text>
<par/>
</text>
</block>
<block><region><rect/></region>
<text>
<par/>
</text>
</block>
<block><region><rect/></region>
<text>
<par>
<line>râ£l</line></par>
</text>
</block>
<block><region><rect/></region>
<text>
<par/>
</text>
</block>
<block><region><rect/></region>
<text>
<par>
<line>o:</line></par>
</text>
</block>
<block><region><rect/></region>
<text>
<par>
<line>&amp;L</line></par>
</text>
</block>
<block><region><rect/></region>
<text>
<par>
<line>&gt; ârûbh.</line></par>
</text>
</block>
<block><region><rect/></region>
<text>
<par/>
</text>
</block>
<block><region><rect/></region>
<text>
<par>
<line>y h</line></par>
</text>
</block>
<block><region><rect/></region>
<text>
<par/>
</text>
</block>
<block><region><rect/></region>
<text>
<par>
<line>Vv^P'</line></par>
</text>
</block>
<block><region><rect/></region>
<text>
<par/>
</text>
</block>
<block><region><rect/></region>
<text>
<par/>
</text>
</block>
<block><region><rect/></region>
<text>
<par/>
</text>
</block>
<block><region><rect/></region>
<text>
<par/>
</text>
</block>
<block><region><rect/></region>
<text>
<par/>
</text>
</block>
<block><region><rect/></region>
<text>
<par/>
</text>
</block>
<block><region><rect/></region>
<text>
<par/>
</text>
</block>
<block><region><rect/></region>
<text>
<par>
<line>rn^ta?</line></par>
</text>
</block>
<block><region><rect/></region>
<text>
<par>
<line>/</line></par>
</text>
</block>
<block><region><rect/></region>
<text>
<par>
<line>c&gt;î</line></par>
</text>
</block>
<block><region><rect/></region>
<text>
<par>
<line>V5-U</line></par>
</text>
</block>
<block><region><rect/></region>
<text>
<par/>
</text>
</block>
<block><region><rect/></region>
<text>
<par/>
</text>
</block>
<block><region><rect/></region>
<text>
<par/>
</text>
</block>
<block><region><rect/></region>
<text>
<par>
<line>\'i/</line></par>
</text>
</block>
<block><region><rect/></region>
<text>
<par>
<line>-&gt;</line></par>
</text>
</block>
<block><region><rect/></region>
<text>
<par>
<line>Cra wrorà</line></par>
</text>
</block>
<block><region><rect/></region>
<text>
<par>
<line>K</line></par>
</text>
</block>
<block><region><rect/></region>
<text>
<par>
<line>#</line></par>
</text>
</block>
<block><region><rect/></region>
<text>
<par>
<line>/</line></par>
</text>
</block>
<block><region><rect/></region>
<text>
<par/>
</text>
</block>
<block><region><rect/></region>
<text>
<par/>
</text>
</block>
<block><region><rect/></region>
<text>
<par/>
</text>
</block>
<block><region><rect/></region>
<text>
<par>
<line>r*</line></par>
</text>
</block>
<block><region><rect/></region>
<text>
<par>
<line>3</line></par>
</text>
</block>
<block><region><rect/></region>
<text>
<par>
<line>c^?</line></par>
</text>
</block>
<block><region><rect/></region>
<text>
<par/>
</text>
</block>
<block><region><rect/></region>
<text>
<par>
<line>Cr-</line></par>
</text>
</block>
<block><region><rect/></region>
<text>
<par>
<line>5V</line></par>
</text>
</block>
<block><region><rect/></region>
<text>
<par>
<line>Loc</line></par>
</text>
</block>
<block><region><rect/></region>
<text>
<par/>
</text>
</block>
<block><region><rect/></region>
<text>
<par>
<line>r</line></par>
</text>
</block>
<block><region><rect/></region>
<text>
<par>
<line>H</line></par>
</text>
</block>
<block><region><rect/></region>
<text>
<par>
<line>A</line></par>
</text>
</block>
<block><region><rect/></region>
<text>
<par>
<line>Bortentn'oo ^</line></par>
</text>
</block>
































</page>
</AC2>