<?xml version="1.0" encoding="UTF-8"?><AC2>
<page width="1501" height="2070" resolution="200">
<block><region><rect/></region>
<text orientation="RotatedCounterclockwise">
<par>
<line>I. 470-43. [36m-ai</line></par>
</text>
</block>
<block><region><rect/></region>
<text>
<par>
<line>RT/IR</line></par>
</text>
</block>
<block><region><rect/><rect/></region>
<text>
<par>
<line>»■</line></par>
<par>
<line>l EIHtiTIO.^I snJOVUE.</line></par>
</text>
</block>
<block><region><rect/></region>
<text>
<par>
<line>ïKr.Bcri»&lt;UT f;K'(KRAi.</line></par>
<par>
<line>o'jjf*\ux-AK rs.</line></par>
<par>
<line>DiriKCTlO.V</line></par>
<par>
<line>DU</line></par>
<par>
<line>iOTl'SS ü-\ncHirECn'ftK</line></par>
</text>
</block>
<block><region><rect/></region>
<text>
<par>
<line>BCnE&amp;U</line></par>
<par>
<line>ou</line></par>
<par>
<line>itf».&gt;üwEjtr- JiLsrmjiiL’Ei</line>
<line>ET OS^ hlTlilS.</line></par>
</text>
</block>
<block><region><rect/></region>
<text>
<par>
<line>KTAT J'KANgAIS.</line></par>
</text>
</block>
<block><region><rect/></region>
<text>
<par>
<line>AHRKTl*:.</line></par>
</text>
</block>
<block><region><rect/></region>
<text>
<par>
<line>Lu Mi.msthb Secubtaiue o‘EfAr À l’Éducation .nationale</line></par>
<par>
<line>Vu la loi du 'i Ttiai i réor^Hiiisunl la protection</line>
<line>drs imuiunH-ulî. ualureU «‘t des sites de caractère</line>
<line>artistique, histurujuc, scientifique, légendaire ou pittn-</line></par>
</text>
</block>
<block><region><rect/><rect/></region>
<text>
<par>
<line>Inveiituirc &lt;lus bit»</line></par>
<par>
<line>(iunt la cuuservaLioQ . , &lt; i&lt; .■ i /</line></par>
<par>
<line>.résenieuDinlôrétgénèral. resque et nolainnicnl larU^e i;</line></par>
</text>
</block>
<block><region><rect/></region>
<text>
<par>
<line>Sur la proposition de. la (^omniissioD départementale</line>
<line>des monuments naturels ^t des sites d •</line></par>
<par>
<line>Vila-ino flans sa séanoe du 3 ATrtl</line></par>
</text>
</block>
<block><region><rect/></region>
<text>
<par>
<line>ÂRnâTB :</line></par>
</text>
</block>
<block><region><rect/></region>
<text>
<par>
<line>ARTICLE FREMIRR.</line></par>
</text>
</block>
<block><region><rect/></region>
<text>
<par>
<line>*?ont Inssrlts sur 1* Inrentalre djM</line>
<line>sites dont la conserratlon présente un</line>
<line>Intérêt g^nrfral les Immsublss situât</line>
<line>dans la rue du Fashapt à VITRl fllle-at’</line>
<line>Vilaine) num'^rott^a de I k 23 et de 2 à</line>
<line>*^6•</line></par>
<par>
<line>Parcelles cadastrales Tisses:</line>
<line>Ssstlon K: ’</line></par>
<par>
<line>n*8lio. k II3.I3*ï'.I3&lt;&gt;.I37.I39*IW*</line>
<line>145. à I*W.Î56.Î57.I39 k I6î*</line>
<line>238. k 240*242 k 246*304 k 307*</line>
<line>334 k 336*341.346.</line></par>
<par>
<line>•/ . • *</line></par>
</text>
</block>
<block><region><rect/></region>
<text>
<par>
<line>/13 yM4</line></par>
</text>
</block>


























</page>
</AC2>