<?xml version="1.0" encoding="UTF-8"?><AC2>
<page width="2479" height="3504" resolution="300">
<block><region><rect/></region>
<text>
<par>
<line>REPUBLIQUE FRANÇAISE</line></par>
</text>
</block>
<block><region><rect/><rect/></region>
<text>
<par/>
</text>
</block>
<block><region><rect/></region>
<text>
<par>
<line>pourls</line></par>
</text>
</block>
<block><region><rect/></region>
<text>
<par>
<line>50créta'''®</line></par>
</text>
</block>
<block><region><rect/></region>
<text>
<par/>
</text>
</block>
<block><region><rect/></region>
<text>
<par/>
</text>
</block>
<block><region><rect/></region>
<text>
<par/>
</text>
</block>
<block><region><rect/></region>
<text>
<par/>
</text>
</block>
<block><region><rect/></region>
<text>
<par>
<line>n:</line></par>
</text>
</block>
<block><region><rect/></region>
<text>
<par/>
</text>
</block>
<block><region><rect/></region>
<text>
<par/>
</text>
</block>
<block><region><rect/></region>
<text>
<par>
<line>«r</line></par>
</text>
</block>
<block><region><rect/></region>
<text>
<par/>
</text>
</block>
<block><region><rect/></region>
<text>
<par/>
</text>
</block>
<block><region><rect/></region>
<text>
<par>
<line>^,“11</line></par>
</text>
</block>
<block><region><rect/></region>
<text>
<par>
<line>&gt;.5&gt;</line></par>
</text>
</block>
<block><region><rect/></region>
<text>
<par>
<line>ip-V</line></par>
</text>
</block>
<block><region><rect/></region>
<text>
<par/>
</text>
</block>
<block><region><rect/></region>
<text>
<par/>
</text>
</block>
<block><region><rect/></region>
<text>
<par/>
</text>
</block>
<block><region><rect/></region>
<text>
<par/>
</text>
</block>
<block><region><rect/></region>
<text>
<par>
<line>Osn-teVteWi'e^--</line></par>
</text>
</block>
<block><region><rect/></region>
<text>
<par/>
</text>
</block>
<block><region><rect/><rect/></region>
<text>
<par>
<line>^éîii parmi les sites du département de la Savoie du versant savoyard du massif</line>
<line>or sur le territoire des communes de MODANE, ORELLE et VALMEINIER.</line></par>
</text>
</block>
<block><region><rect/></region>
<text>
<par/>
</text>
</block>
<block><region><rect/></region>
<text>
<par>
<line>:N</line></par>
</text>
</block>
<block><region><rect/></region>
<text>
<par/>
</text>
</block>
<block><region><rect/></region>
<text>
<par>
<line>50 '</line></par>
</text>
</block>
<block><region><rect/><rect/></region>
<text>
<par>
<line>JQ^O</line></par>
<par>
<line>LE PREMIER MINISTRE</line></par>
</text>
</block>
<block><region><rect/></region>
<text>
<par>
<line>SUR le rapport de la ministre de l’aménagement du territoire et de l'en-rironnement,</line></par>
<par>
<line>VU le code de l’environnement notamment ses articles L. 341-1 à L. 341-6 ;</line></par>
<par>
<line>VU le décret n° 69-607 du 13 juin 1969 portant application des articles 4 et 5-1 de la loi</line>
<line>modifiée du 2 mai 1930 sur la protection des sites ;</line></par>
<par>
<line>yu les résultats de l’enquête administrative, prescrite par ariêté préfectoral du 25 jam/ier</line>
<line>1995, qui s’est déroulée du 15 février 1995 au 8 mars 1995, et notamment l'absence de</line>
<line>consentement des propriétaires ;</line></par>
<par>
<line>VU les délibérations du conseil municipal de MODANE en date des 16 février 1995 et 18 mars</line>
<line>1996 ;</line></par>
<par>
<line>VU la délibération du conseil municipal d’ORELLE en date du 10 février 1995 ;</line></par>
<par>
<line>VU la délibération du conseil municipal de VALMERilIER en date du 18'mars 1995 ;</line></par>
<par>
<line>VU l'ai/is de la commission départementale des sites, perspectives et paysages de la Savoie en</line>
<line>date du 21 février 1996 ;</line></par>
<par>
<line>VU l'avis de la commission supérieure des sites, perspectives et paysages en date du 11 mars</line>
<line>1999 ;</line></par>
</text>
</block>















</page>
<page width="2489" height="3511" resolution="300">
<block><region><rect/></region>
<text>
<par>
<line>Le Conseil d'Etat (section des travaux publics) entendu,</line></par>
<par>
<line>CONSIDERANT que la préservation du site constitué par le versant savoyard du massif du</line>
<line>Mont-Thabor présente, en raison de son caractère pittoresque, un intérêt général au sens de</line>
<line>l'article L. 341-1 du code de P environnement ;</line></par>
<par>
<line>DECRETE</line></par>
</text>
</block>
<block><region><rect/></region>
<text>
<par>
<line>ARTICLE 1er : Est classé parmi les sites du département de la Savoie le versant savoyard du</line>
<line>massif du Mont-Thabor, d’une superficie de 4800 hectares environ, situé sur les communes de</line>
<line>VALMEINIER, ORELLE et MODANE et délimité comme suit, conformément à la carte au</line>
<line>l/25.000ème et aux plans cadastraux annexés au présent décret et dans le sens inverse des</line>
<line>aiguilles d’une montre ;</line></par>
</text>
</block>
<block><region><rect/></region>
<text>
<par>
<line>Commune de VALMEINIER</line></par>
</text>
</block>
<block><region><rect/></region>
<text>
<par>
<line>Section D6</line></par>
</text>
</block>
<block><region><rect/></region>
<text>
<par>
<line>- Point de départ : la pointe de Roche Noire en limite de la commune d’Orelle</line></par>
<par>
<line>- limite nord des parcelles n° 780 et 781, soit l’arête du Bécot</line></par>
<par>
<line>- limite entre les parcelles n° 781 et 778</line></par>
<par>
<line>- limite entre les sections D6 et D5</line></par>
</text>
</block>
<block><region><rect/></region>
<text>
<par>
<line>Section D4</line></par>
</text>
</block>
<block><region><rect/></region>
<text>
<par>
<line>- limite entre la section D5 et la parcelle n° 643</line></par>
<par>
<line>- limite ouest du sentier traversant les parcelles rC 643, 644, 995, 994, 1004, 993, 992, 596,</line>
<line>598 et 551</line></par>
<par>
<line>- limite sud du sentier traversant les parcelles n° 547 et 543</line></par>
<par>
<line>- limite est du sentier traversant les parcelles n° 530, 1013, 538, 537 et 539</line></par>
<par>
<line>Section D3</line></par>
</text>
</block>
<block><region><rect/></region>
<text>
<par>
<line>- limite nord-est de la parcelle n° 454</line></par>
<par>
<line>- limite ouest du sentier traversant les parcelles n° 452 et 451</line></par>
<par>
<line>- limite est des parcelles n° 446, 448, 431 et 374</line></par>
<par>
<line>- limite ouest du sentier traversant la parcelle n° 375</line></par>
<par>
<line>- limite est des parcelles n° 377 et 378</line></par>
<par>
<line>- limite ouest du sentier traversant la parcelle n" 379</line></par>
<par>
<line>- limite ouest du sentier longeant les parcelles n° 381 et 380-</line></par>
<par>
<line>- limite ouest du sentier traversant les parcelles n'^ 372 et 380</line></par>
<par>
<line>- limite est des parcelles n° 384, 356 et 355</line></par>
<par>
<line>- limite ouest du sentier traversant les parcelles n° 354 et 353</line></par>
</text>
</block>















</page>
<page width="2463" height="3504" resolution="300">
<block><region><rect/></region>
<text>
<par>
<line>Section D2</line></par>
</text>
</block>
<block><region><rect/></region>
<text>
<par>
<line>- îimite est en partie de la parcelle n° 324</line></par>
<par>
<line>- limite ouest du sentier traversant les parcelles n° 326 et 327</line></par>
<par>
<line>- îimite sud du sentier longeant les parcelles n° 327 et 321</line></par>
<par>
<line>- limite sud du sentier traversant la^ parcelle n° 323</line></par>
<par>
<line>- limite ouest du sentier traversant les parcelles n° 322 et 318</line></par>
<par>
<line>- limite sud du sentier traversant la parcelle n° 317</line></par>
<par>
<line>- limite est du sentier longeant les parcelles n° 317, 315, 312 et 303</line></par>
<par>
<line>- limite est du sentier traversant les parcelles n° 287, 292 et 293</line></par>
<par>
<line>- limite est du sentier longeant la parcelle n° 299</line></par>
<par>
<line>- limite est du sentier traversant les parcelles n° 297 et 298</line></par>
<par>
<line>Section D3</line></par>
</text>
</block>
<block><region><rect/></region>
<text>
<par>
<line>- limite est du sentier traversant les parcelles n° 392, 393, 394, 395, 396, 397, 398, 411, 412,</line>
<line>413 et 414</line></par>
<par>
<line>- limite ouest de la parcelle n° 417</line></par>
<par>
<line>- limite est du sentier traversant les parcelles n° 421, 422, 425, 426 et 431</line>
<line>Annexe.El sur la section E2</line></par>
</text>
</block>
<block><region><rect/></region>
<text>
<par>
<line>- limite nord de la passerelle traversant le torrent de la Neuvache</line></par>
<par>
<line>- limites nord et ouest de la parcelle n° 32</line></par>
<par>
<line>Section El</line></par>
</text>
</block>
<block><region><rect/></region>
<text>
<par>
<line>- limite nord de la parcelle n° 2181 en partie jusqu'à un point A situé à 340 mètres du point</line>
<line>d’origine de cette limite (et correspondant au point de crête 2127 de la carte IGN au</line>
<line>l/25000ème)</line></par>
<par>
<line>- ligne droite fictive joignant le point A et l’angle nord-est de la parcelle n° 43 (annexe El sur</line>
<line>la section E2)</line></par>
<par>
<line>Annexe El sur la section E2</line></par>
</text>
</block>
<block><region><rect/></region>
<text>
<par>
<line>- limite est de la parcelle n° 43 en partie jusqu’au ruisseau de Combe Orsière</line></par>
<par>
<line>- rive gauche du ruisseau de Combe Orsière</line></par>
<par>
<line>Section El</line></par>
</text>
</block>
<block><region><rect/></region>
<text>
<par>
<line>- rive gauche du ruisseau de Combe Orsière j.usqu'à son intersection avec la limite sud-ouest de</line>
<line>la parcelle n° 2181</line></par>
<par>
<line>- ligne droite fictive jusqu'à un point B qui correspond au point de crête 2284 de la carte IGN</line>
<line>au 1/25000^'</line></par>
</text>
</block>














</page>
<page width="2510" height="3526" resolution="300">
<block><region><rect/></region>
<text>
<par>
<line>4</line></par>
</text>
</block>
<block><region><rect/></region>
<text>
<par>
<line>- ligne droite fictive joignant cé point B et le point de rencontre entre les limites des parcelles</line>
<line>n° 2561 et 2560 et la limite communale</line></par>
</text>
</block>
<block><region><rect/></region>
<text>
<par>
<line>Tableau d’assemblage</line></par>
</text>
</block>
<block><region><rect/></region>
<text>
<par>
<line>- limite entre les communes de VALI»/IEIMIER et de VALLOIRE</line></par>
<par>
<line>- limite entre les départements de la Savoie et des Hautes-Alpes</line></par>
</text>
</block>
<block><region><rect/></region>
<text>
<par>
<line>Commune d'ORETLE</line></par>
</text>
</block>
<block><region><rect/></region>
<text>
<par>
<line>Tableau d’assemblage</line></par>
</text>
</block>
<block><region><rect/></region>
<text>
<par>
<line>- limite entre les départements de la Savoie et des Hautes-Alpes</line></par>
</text>
</block>
<block><region><rect/></region>
<text>
<par>
<line>Commune de MODAblE</line></par>
</text>
</block>
<block><region><rect/></region>
<text>
<par>
<line>Tableau d’assemblage</line></par>
</text>
</block>
<block><region><rect/></region>
<text>
<par>
<line>- limite entre les départements de la Savoie et des Hautes-Alpes</line></par>
<par>
<line>- frontière franco-italienne</line></par>
<par>
<line>- limite entre les sections G3 et F12</line></par>
<par>
<line>Section G3</line></par>
</text>
</block>
<block><region><rect/></region>
<text>
<par>
<line>- limite sud du chemin rural dit route du Fréjus jusqu’à l’emprise cadastrée de la prise d’eau</line>
<line>de Fontaine Frpide</line></par>
<par>
<line>- limite sud de cette emprise de la prise d’eau souterraine, traversant la section G1 sur une</line>
<line>courte distance</line></par>
<par>
<line>Section GI</line></par>
</text>
</block>
<block><region><rect/></region>
<text>
<par>
<line>- limite sud de l’emprise de la prise d’eau souterraine traversant la parcelle n° 223 jusqu’à son</line>
<line>intersection avec la limite sud de cette parcelle</line></par>
<par>
<line>- ligne droite fictive joignant ce point d’intersection et le point de rencontre des limites des</line>
<line>parcelles n° 311, 310 et 309</line></par>
<par>
<line>- à partir de ce point une ligne droite fictive rejoignant le point de rencontre des limites des</line>
<line>parcelles n° 293, 296 et 1354</line></par>
<par>
<line>- limite est de la parcelle n° 1354 sur une longueur de 8 mètres (point A)</line></par>
<par>
<line>- ligne droite fictive joignant le point A et l’angle nord-est de la parcelle n° 510 (section G6)</line></par>
</text>
</block>
<block><region><rect/></region>
<text>
<par>
<line>Section G6</line></par>
</text>
</block>
<block><region><rect/></region>
<text>
<par>
<line>- ligne droite fictive joignant, le point A (section Gl) et l’angle nord-est de la parcelle n° 510</line></par>
<par>
<line>- limite nord de la parcelle n° 510 sur une longueur de 14 mètres (point B)</line></par>
</text>
</block>

























</page>
<page width="2479" height="3504" resolution="300">
<block><region><rect/></region>
<text>
<par>
<line>5</line></par>
</text>
</block>
<block><region><rect/></region>
<text>
<par>
<line>- ligne droite fictive joignant le point B et Fangle nord-est de la parcelle n°535 (et traversant la</line>
<line>section G4}</line></par>
<par>
<line>- ligne droite fictive joignant cet angle et le point D situé sur la limite ouest de la parcelle</line>
<line>n°540, à 24,5 mètres de l’angle nord-ouest de cette parcelle</line></par>
<par>
<line>- limite ouest de la parcelle n° 540 jusqu'à l’angle nord-ouest de cette parcelle</line></par>
<par>
<line>- ligne droite fictive joignant cet angle et l’angle sud-ouest de la parcelle n° 600 (section G7)</line>
<line>(et traversant la section G4)</line></par>
<par>
<line>Section G7</line></par>
</text>
</block>
<block><region><rect/></region>
<text>
<par>
<line>- ligne droite fictive joignant l’angle nord-ouest de la parcelle n° 540 (section G6) et l’angle</line>
<line>sud-ouest de la parcelle n° 600 (et traversant la section G4)</line></par>
<par>
<line>- limite sud de la parcelle n° 601</line></par>
<par>
<line>- limite ouest de la parcelle n° 600 sur 6 mètres</line></par>
<par>
<line>- à partir de ce point ligne droite fictive joignant l’angle nord-est de la ruine cadastrée sur la</line>
<line>parcelle n° 669</line></par>
<par>
<line>- à partir de cet angle ligne droite fictive joignant l’angle sud-est de la parcelle n° 668</line></par>
<par>
<line>- limite nord des parcelles n° 669, 670 et 671</line></par>
<par>
<line>- rive gauche du ruisseau de la Grande Montagne</line></par>
<par>
<line>- rive gauche du ruisseau des Sarrasins (limite ouest des parcelles n° 552, 553 et 554)</line></par>
<par>
<line>Section G11</line></par>
</text>
</block>
<block><region><rect/></region>
<text>
<par>
<line>- limite nord des parcelles n° 888 et 891, le long de la rive droite du ruisseau des Sarrasins</line></par>
<par>
<line>- limite ouest de la parcelle n° 888</line></par>
<par>
<line>Tableau d’assemblage</line></par>
</text>
</block>
<block><region><rect/></region>
<text>
<par>
<line>- limite entre les sections G11 et GIO d’une part et la section G9 d’autre part</line></par>
</text>
</block>
<block><region><rect/></region>
<text>
<par>
<line>Commune d’OSELLE</line></par>
</text>
</block>
<block><region><rect/></region>
<text>
<par>
<line>Section 13</line></par>
</text>
</block>
<block><region><rect/></region>
<text>
<par>
<line>- ligne fictive joignant l’angle nord-est de la parcelle n° 23 à la source du ruisseau de la Grande</line>
<line>Montagne</line></par>
<par>
<line>- rive gauche du ruisseau de la Grande Montagne jusqu’au confluent avec le ruisseau de</line>
<line>Bissorte</line></par>
<par>
<line>Section 12</line></par>
</text>
</block>
<block><region><rect/></region>
<text>
<par>
<line>- limite est de la parceEe n° 18 le long de la rive gauche du ruisseau de Bissorte jusqu’au</line>
<line>confluent avec le ruisseau du Col des Marches</line></par>
<par>
<line>- rive droite du ruisseau du Coh des Marches jusqu’à sa source</line></par>
<par>
<line>- ligne droite fictive dans Taxe du ruisseau et rejoignant la crête issue de Roche Noire</line></par>
</text>
</block>

















</page>
<page width="2504" height="3522" resolution="300">
<block><region><rect/></region>
<text>
<par>
<line>6</line></par>
</text>
</block>
<block><region><rect/></region>
<text>
<par>
<line>- limite communale entre ORELLE et VALIVÎEINIER jusqu’au point de départ.</line></par>
</text>
</block>
<block><region><rect/></region>
<text>
<par>
<line>ARTICLE 2 : Le présent décret ainsi que la carte au l/25000ème et les plans cadastraux</line>
<line>annexés pourront être consultés à la préfecture de la Savoie et aux mairies de MODANE,</line></par>
</text>
</block>
<block><region><rect/></region>
<text>
<par>
<line>ORELLE et VALMEE'^ER.</line></par>
</text>
</block>
<block><region><rect/></region>
<text>
<par>
<line>ARTICLE 3 ; Le présent décret sera notifié au préfet de la Savoie et aux maires de</line>
<line>MO.DANE, ORELLE et VALMEINIER. '</line></par>
</text>
</block>
<block><region><rect/></region>
<text>
<par>
<line>ARTICLE 4 ; La ministre de l’aménagement du territoire et de l’environnement est chargée</line>
<line>de l’exécution du présent décret qui sera publié au Journal officiel de la République fi-ançaise.</line></par>
</text>
</block>
<block><region><rect/></region>
<text>
<par>
<line>fait à Paris, le 2 S -</line></par>
<par>
<line>Lionel JOSPIN</line>
<line>Par le Premier ministre :</line></par>
<par>
<line>La ministre de l’aménagement du territoire et de l'environnement,</line></par>
<par>
<line>v'J : - A: ;</line></par>
</text>
</block>















</page>
</AC2>