<?xml version="1.0" encoding="UTF-8"?><AC2>
<page width="1697" height="2369" resolution="200">
<block><region><rect/></region>
<text orientation="RotatedCounterclockwise">
<par>
<line>100» PAPItA ntCUAiflE (T fICCVCkt</line></par>
</text>
</block>
<block><region><rect/></region>
<text>
<par>
<line>RÉPUBLIQUE française</line></par>
</text>
</block>
<block><region><rect/></region>
<text>
<par>
<line>« ■ -II-V/ -OJ;!-*.</line></par>
</text>
</block>
<block><region><rect/></region>
<text>
<par/>
</text>
</block>
<block><region><rect/></region>
<text>
<par/>
</text>
</block>
<block><region><rect/></region>
<text>
<par/>
</text>
</block>
<block><region><rect/><rect/></region>
<text>
<par>
<line>SECRETARIAT D’ETAT A L'BT^IRONIîEICElNT</line></par>
</text>
</block>
<block><region><rect/></region>
<text>
<par/>
</text>
</block>
<block><region><rect/></region>
<text>
<par>
<line>O" *■</line></par>
</text>
</block>
<block><region><rect/></region>
<text>
<par>
<line>\</line></par>
</text>
</block>
<block><region><rect/><rect/></region>
<text>
<par>
<line>\</line></par>
</text>
</block>
<block><region><rect/></region>
<text>
<par>
<line>■ V \</line></par>
</text>
</block>
<block><region><rect/></region>
<text>
<par>
<line>1 ' ::</line></par>
</text>
</block>
<block><region><rect/></region>
<text>
<par/>
</text>
</block>
<block><region><rect/></region>
<text>
<par>
<line>r»</line></par>
</text>
</block>
<block><region><rect/></region>
<text>
<par/>
</text>
</block>
<block><region><rect/></region>
<text>
<par>
<line>DÉCRET</line></par>
</text>
</block>
<block><region><rect/></region>
<text>
<par>
<line>portant classement parmi les sites du site de la Côte d'Emeraude</line>
<line>à CAWCALE et SATNT-COUDOîyiB (llle-et-Vilaine)</line></par>
</text>
</block>
<block><region><rect/></region>
<text>
<par>
<line>LE PREMIER MINISTRE -•</line></par>
</text>
</block>
<block><region><rect/></region>
<text>
<par>
<line>Sur le rapport du Secrétaire d'Etat à l'Environnement</line></par>
<par>
<line>7ÏÏ la loi du 2 mai 1950 réorganisant la protection des monuments</line>
<line>naturels et des sites de caractère artistique, scientifique,</line>
<line>légendaire ou pittoresque modifiée par la loi n® 67.1174 du</line>
<line>28 décembre 19^7 et.notamment les articles 5*1» 7&gt; 8 et 12 ;</line></par>
<par>
<line>TU le décret n® 69*607 du 13 juin 1969 portant application de</line>
<line>l’article 5*1 la- loi modifiée du 2 mai 1950 sur la</line>
<line>protection des sites ;</line></par>
<par>
<line>W le décret n° 70.288 du 31 mars 197Ô relatif à la composition et</line>
<line>au fonctionnement des commissions départementales et supérieure</line>
<line>des sites j</line></par>
<par>
<line>VU les conclusions des enquêtes effectuées en application de</line>
<line>l'article 5»1 susvisé de la loi du 2 mai 1930 modifiée et</line>
<line>des articles 4 et 5 &lt;1''^ décret n® 69.607 «in 15' juin I969 ;</line></par>
<par>
<line>TU l’avis émis par la Commission départementale des Sites, perspec¬</line>
<line>tives et paysages d'Ille-et-Vilaine dans ses séances des I6 juin</line>
<line>et 2 décembre 1980 î -</line></par>
<par>
<line>VU l'avis émis par la Commission Supérieure des Sites dans sa</line>
<line>séance du 2 février 1982 ;</line></par>
</text>
</block>
<block><region><rect/></region>
<text>
<par>
<line>□</line></par>
</text>
</block>
<block><region><rect/></region>
<text>
<par>
<line>1 2 3 IC - 5 JUIN</line></par>
</text>
</block>
<block><region><rect/></region>
<text>
<par>
<line>• ♦ ♦</line></par>
</text>
</block>
</page>
<page width="1653" height="2338" resolution="200">
<block><region><rect/></region>
<text>
<par>
<line>-2-</line></par>
</text>
</block>
<block><region><rect/></region>
<text>
<par>
<line>Le Conseil d'Etat (Section de 1‘Intérieur) entendu :</line></par>
<par>
<line>CONSIDERANT que la conservation du site formé par la Côte d'Emeraude</line>
<line>dans le département d'ILLE-ET-VILAINE présente un intérêt général</line>
<line>au sens de l'article 4 de la loi du 2 mai 1930 sus-visée.</line></par>
</text>
</block>
<block><region><rect/></region>
<text>
<par>
<line>DECRETE</line></par>
</text>
</block>
<block><region><rect/></region>
<text>
<par>
<line>ARTICLE 1er - Est classé parmi les sites pittoresque du département</line>
<line>d'ILLL et VILAINE l'ensemble formé sur les communes de CANCALE et de</line>
<line>SAINT-COULOMB par la Côté d'Emeraude, conformément au plan ci-annexé,</line>
<line>en partant de l'angle nord-ouest de la parcelle n* 40 (St-Coulomb, section S) :</line></par>
</text>
</block>
<block><region><rect/></region>
<text>
<par>
<line>. Site ouest de SAINT-COULOMB</line></par>
</text>
</block>
<block><region><rect/></region>
<text>
<par>
<line>Section S</line></par>
<par>
<line>/. face ouest (pour partie) de la parcelle n* 40</line>
<line>/. faces ouest et sud (pour partie) de la parcelle n* 38</line>
<line>y. face ouest de la parcelle n** 336</line></par>
<par>
<line>face nord de la parcelle n® 117 depuis l'angle sud-ouest de la</line>
<line>parcelle n* 336 jusqu*â son intersection avec le prolongement vers le</line>
<line>nord de la face ouest de la parcelle n* 115,</line></par>
<par>
<line>X, ce même prolongement à travers la parcelle n* 117</line>
<line>face ouest de la parcelle n** 115</line>
<line>y. faces nord (pour partie) et ouest de la parcelle n® 109</line>
<line>/. face ouest des parcelles n* 107, 105 et 104 [pour partie)</line></par>
<par>
<line>/. faces nord et ouest de la parcelle n* 323,</line>
<line>faces ouest et sud de la-parcelle n® 324,</line>
<line>f, face ouest (pour partie) de la parcelle n° 99</line>
<line>y-, ligne fictive joignant l'angle sud de la parcelle n* 99 à l'angle</line>
<line>sud-ouest de la parcelle n* 69</line>
<line>face sud des parcelles n* 69, 68, 66, et 65</line>
<line>4 faces sud et est de la parcelle n* 6^5</line></par>
</text>
</block>
<block><region><rect/></region>
<text>
<par>
<line>/Section T (sont exclues les parcelles n* 28 à 38, 40 à 46 et 175 (jBur partie)</line></par>
<par>
<line>A CD n* 201 depuis son intersection avec la VC. n*^ 204 jusqu'à l'angle</line>
<line>sud-est de la parcelle 18</line>
<line>/. face est de la parcelle n° 18</line>
<line>/. face sud (pour partie) de la parcelle n* 27</line>
<line>/. face ouest de la parcelle n® 179</line></par>
<par>
<line>. CD n® 201 de l'angle sud-ouest de la parcelle n* 179 jusqu'à la parcelle</line>
<line>n* 187,</line></par>
<par>
<line>/. face est de la parcelle n* 187</line></par>
</text>
</block>


</page>
<page width="1653" height="2338" resolution="200">
<block><region><rect/></region>
<text>
<par>
<line>-4-</line></par>
</text>
</block>
<block><region><rect/></region>
<text>
<par>
<line>Section B</line></par>
<par>
<line>/. faces nord et est de la parcelle n* 223 (non comprise)</line></par>
<par>
<line>/. face est de la parcelle n* 222 (non comprise)</line>
<line>face sud des parcelles n* 221, 220 et 219</line></par>
<par>
<line>CD n* 201 depuis l'angle sud-est de la parcelle n* 219 jusqu'à l'angle</line>
<line>sud-ouest de la parcelle n* 296</line></par>
<par>
<line>/. faces ouest, nord et est de la parcelle n* 296 (non comprise)</line></par>
<par>
<line>/, CD n* 201 depuis l'angle sud est de la parcelle n* 296 jusqu'à l'angle</line>
<line>sud-est de la parcelle n° 302</line></par>
<par>
<line>face est de la parcelle n* 302 jusqu'l un point situé à 50 m au nord</line>
<line>du CD n* 201</line></par>
<par>
<line>^ ligne fictive joignant ce point (et traversant la parcelle n* 323)</line>
<line>à un point fictif situé sur la prolongation vers le nord de la face</line>
<line>est de la parcelle n* 289 (non comprise), a 40 m de l'angle nord-est</line>
<line>de cette parcelle,</line></par>
<par>
<line>prolongation vers le nord de la face est de la parcelle n* 289 sur une</line>
<line>distance de 40 m</line></par>
<par>
<line>/ . faces nord et est (pour partie) de la parcelle n* 290 (non comprise)</line></par>
<par>
<line>/. faces sud et est (pour partie) de la parcelle n* 77</line>
<line>/. face sud de la sous-parcelle nord n® 303 (non comprise),</line></par>
<par>
<line>/. face ouest (pour partiel de la parcelle n’ 78</line>
<line>y. faces nord (pour partie) ouest et sud de la parcelle n* 81</line>
<line>/. ligne fictive joignant l'angle nord-est de la parcelle n* 304</line>
<line>(non comprise) a l'angle sud-ouest de la parcelle n* 308</line></par>
<par>
<line>X face sud des parcelles n* 308 et 309</line>
<line>X face ouest des parcelles n* 310 (pour partie) et 305,</line></par>
<par>
<line>X CD n*^ 201 depuis l’angle sud-ouest de la parcelle n* 305 jusqu'à son</line>
<line>intersection avec le CR. n'* 51</line>
<line>&lt; CR n* 51 jusqu'à l'angle sud-est de la parcelle n* 119</line>
<line>face sud-est de la parcelle n* 119</line></par>
</text>
</block>
<block><region><rect/></region>
<text>
<par>
<line>Section J</line></par>
<par>
<line>r^faces nord-ouest, nord, est et sud de la parcelle n* 5 (non comprise)</line>
<line>face sud de la parcelle n*^ 6 (non comprise),</line></par>
<par>
<line>_ ligne fictive joignant l'angle sud-ouest de la parcelle n* 6 à l'angle</line></par>
<par>
<line>. sud-est de la parcelle n° 7 (non comprise)</line></par>
<par>
<line>/. ligne fictive joignant l'angle sud-est de la parcelle n* 7 à l'angle</line>
<line>sud-ouest de la parcelle n* 247,</line></par>
<par>
<line>/. ligne fictive joignant l'angle sud-ouest de la parcelle n* 247 à l'angle</line>
<line>sud-ouest de la parcelle n* 243</line></par>
</text>
</block>
</page>
<page width="1670" height="2350" resolution="200">
<block><region><rect/></region>
<text>
<par>
<line>-6-</line></par>
</text>
</block>
<block><region><rect/></region>
<text>
<par>
<line>- Section D2 (sont e)dues les parcelles n* 357 à 370, 376 à 380, 385 à</line>
<line>395, .773, 774, 865, partie de la parcelle n* 371 à l'ouest d'une ligne</line>
<line>fictive prolongeant vers le nord la face est de la parcelle n° 376, l'angle</line>
<line>nord-est de la parcelle n* 864, délimité par la ligne fictive prolongeant</line>
<line>vers le sud la face ouest de la parcelle n* 358 et par la ligne fictive</line>
<line>prolongeant vers l'ouest une ligne joignant l'angle nord-est de la parcelle</line>
<line>n* 928 à l'angle sud de la parcelle n* 774, Les parcelles n* 405 à 411,</line></par>
<par>
<line>413 à 415, 504 à 507, 519 à 524, 531, 761, 762, partie de la parcelle n* 508</line>
<line>à l'ouest d'une ligne fictive prolongeant vers le nord la face est de la</line>
<line>parcelle n* 507 et partie de la parcelle n* 878 au nord de la ligne fictive</line>
<line>prolongeant vers l'ouest la face sud de la parcelle n* 530).</line></par>
<par>
<line>/, face nord de la parcelle n* 273 [non comprise)</line></par>
<par>
<line>/. face es:t des parcelles n* 274, 288 et 290 1 292^</line></par>
<par>
<line>/. face sud-est de la parcelle n* 929,</line></par>
<par>
<line>face sud des parcelles n* 323 (pour partie) et 322,</line></par>
<par>
<line>A ligne fictive joignant les- angles- sud-çues-i: et nord-est de la parcelle</line>
<line>^ n* 321, ,</line></par>
<par>
<line>^.face sud des parcelles n* 315, 926 et 925,.</line></par>
<par>
<line>faces sud et est (pour partie) de la parcelle n* 308</line>
<line>/ face sud des parcelles n* 586, 584,‘ 920, 919, 581, 579, 578, 577, 574, 573,</line>
<line>572, 5?é. et 540 (pour partie),</line></par>
<par>
<line>/. prolongement vers le sud de la face ouest de la parcelle n® 541 depuis son</line>
<line>intersection avec la face sud de la parcelle n® 540 jusqu'à, l'angle</line>
<line>sud ouest de la parcelle n* 541,</line></par>
<par>
<line>/faces ouest et nord de la parcelle n* 541,</line>
<line>face est des parcelles n° 540, 538 et 537,</line></par>
</text>
</block>
<block><region><rect/></region>
<text>
<par>
<line>- Section Al</line></par>
<par>
<line>/ face sud (pour partie) de la parcelle n* 1,</line></par>
<par>
<line>/ prolongement vere le sud de la face est de la parcelle n* 15 depuis</line>
<line>son Intersection avec.la face sud de la parcelle n® 1 jusqu'à l'angle</line>
<line>sud-est de la parcelle n* 15,</line></par>
<par>
<line>/. face est de la parcelle n* 15 (pour partie)</line></par>
<par>
<line>K ligne fictive joignant l'angle sud-ouest de la parcelle, n* 14,</line></par>
<par>
<line>(non comprise) à l'angle sud-est de la parcelle, n* 534 (non comprise</line>
<line>section D2),</line></par>
</text>
</block>
<block><region><rect/></region>
<text>
<par>
<line>- Section D2</line></par>
<par>
<line>/. faces sud et ouest de la parcelle n° 534,</line></par>
<par>
<line>/, face nord de la parcelle n* 912,</line></par>
<par>
<line>/, CD n® 201 jusqu'cL l'angle nord de la parcelle 910,</line></par>
<par>
<line>/, ligne fictive joignant l'angle nord de la parcellé n* 910 à l'angle</line>
<line>sud-ouest de la parcelle n* 907,</line></par>
</text>
</block>
</page>
<page width="1661" height="2343" resolution="200">
<block><region><rect/></region>
<text>
<par>
<line>b</line></par>
</text>
</block>
<block><region><rect/></region>
<text>
<par>
<line>8</line></par>
</text>
</block>
<block><region><rect/></region>
<text>
<par>
<line>faces sud et est de la parcelle n° 257»</line></par>
<par>
<line>^ faces sud (pour partie) et est de la parcelle n® 239&gt;</line></par>
<par>
<line>/* face nord-est de la parcelle 1481 (non comprise)</line></par>
<par>
<line>ABTICLE 2 - Le présent décret sera notifié au Préfet, Commissaire</line>
<line>de la Répu'^llque d’THe et Vilaine et aux Maires des communes de</line>
<line>CANGALE et de SAINT-COULOMB.</line></par>
<par>
<line>ARTICLE 5 - Le Secrétaire d'Etat à ^l'Environnement et à la Qualité de</line>
<line>la Vie est chargé de l'éxecution du présent décret qui sera publié au</line>
<line>Journal Officiel de la République Française.</line></par>
</text>
</block>
<block><region><rect/></region>
<text>
<par>
<line>Eait à PARIS, le</line></par>
<par>
<line>Fîerre MAUHOY</line></par>
<par>
<line>-5f</line></par>
<par>
<line>Par le Premier Ministre</line></par>
<par>
<line>Secrétaire d'Etat</line>
<line>à. l'Environnement</line>
<line>à la Qualité de la Vie'</line></par>
<par>
<line>Huguette BOUCHARDEAU . ‘ .</line></par>
</text>
</block>
<block><region><rect/></region>
<text>
<par>
<line>l</line></par>
</text>
</block>



</page>
</AC2>