<?xml version="1.0" encoding="UTF-8"?><AC2>
<page width="2537" height="3549" resolution="300">
<block><region><rect/></region>
<text>
<par>
<line>(:l&lt; 1 ’ &lt;■» n.jtK</line></par>
</text>
</block>
<block><region><rect/></region>
<text>
<par>
<line>E-f î-:F(.JH1 .IQl</line></par>
</text>
</block>
<block><region><rect/><rect/></region>
<text>
<par>
<line>A NOA lSb£</line></par>
</text>
</block>
<block><region><rect/></region>
<text>
<par>
<line>■.'‘jre i&gt;ivisio\</line></par>
</text>
</block>
<block><region><rect/></region>
<text>
<par>
<line>ihi!i:ai-</line></par>
</text>
</block>
<block><region><rect/></region>
<text>
<par>
<line>A FJA</line></par>
</text>
</block>
<block><region><rect/></region>
<text>
<par>
<line>-J -#■</line></par>
</text>
</block>
<block><region><rect/></region>
<text>
<par>
<line>/(V,7P ,</line></par>
</text>
</block>
<block><region><rect/></region>
<text>
<par>
<line>Bea</line></par>
</text>
</block>
<block><region><rect/></region>
<text>
<par>
<line>ï'‘ O nu r: I s n L K t" y t, cî r î ■'] i; e</line></par>
<par>
<line>S et</line></par>
<par>
<line>t to nu r-, e n t b ir a lu rein</line></par>
</text>
</block>
<block><region><rect/></region>
<text>
<par>
<line>Pi-Goe r;'j»rr;ieü</line></par>
</text>
</block>
<block><region><rect/></region>
<text>
<par/>
</text>
</block>
<block><region><rect/></region>
<text>
<par/>
</text>
</block>
<block><region><rect/></region>
<text>
<par>
<line>\U</line></par>
</text>
</block>
<block><region><rect/></region>
<text>
<par>
<line>• &gt; O '</line></par>
</text>
</block>
<block><region><rect/><rect/></region>
<text>
<par>
<line>T' -"'et de i 'Yonn^</line></par>
<par>
<line>^ To 1 Li? 1 ou : T- - î n ^ S) t r n cl c ^ ’ Ycl u. aa t :î a ii</line></par>
<par>
<line>"■li ansi-e</line></par>
</text>
</block>
<block><region><rect/><rect/></region>
<text>
<par>
<line>Canfar^drfieül uu;c pTr^eanrlp</line>
<line>cli'ujieF’e ù\i V *»vrîi naurnnl, j</line></par>
</text>
</block>
<block><region><rect/></region>
<text>
<par/>
</text>
</block>
<block blockType="Table" blockName="" l="1572" t="1859" r="2381" b="2117"><region><rect/></region>
<row>
<cell leftBorder="White" topBorder="White" rightBorder="White" bottomBorder="White" width="123" height="76">
<text>
<par>
<line>Jt lü2'</line></par>
</text></cell>
<cell leftBorder="White" topBorder="White" rightBorder="White" bottomBorder="White" width="352" height="76">
<text>
<par>
<line>it: eü:i"''eiiUta</line></par>
</text></cell>
<cell leftBorder="White" topBorder="White" rightBorder="White" bottomBorder="White" width="151" height="76">
<text>
<par>
<line>û ai. G</line></par>
</text></cell>
<cell leftBorder="White" topBorder="White" rightBorder="White" bottomBorder="White" width="183" height="76">
<text>
<par>
<line>V pi ro</line></par>
</text></cell></row>
<row>
<cell leftBorder="White" topBorder="White" rightBorder="White" bottomBorder="White" width="123" height="102">
<text>
<par>
<line>a 1 .L</line></par>
</text></cell>
<cell leftBorder="White" topBorder="White" rightBorder="White" bottomBorder="White" width="352" height="102">
<text>
<par>
<line>"r nneur de</line></par>
</text></cell>
<cell leftBorder="White" topBorder="White" rightBorder="White" bottomBorder="White" width="151" height="102">
<text>
<par>
<line>Vü U L</line></par>
</text></cell>
<cell leftBorder="White" topBorder="White" rightBorder="White" bottomBorder="White" width="183" height="102">
<text>
<par>
<line>fa It'p</line></par>
</text></cell></row>
<row>
<cell leftBorder="White" topBorder="White" rightBorder="White" bottomBorder="White" width="123" height="80">
<text>
<par>
<line>r-tl</line></par>
</text></cell>
<cell leftBorder="White" topBorder="White" rightBorder="White" bottomBorder="White" width="352" height="80">
<text>
<par>
<line>partant 1 nne</line></par>
</text></cell>
<cell leftBorder="White" topBorder="White" rightBorder="White" bottomBorder="White" width="151" height="80">
<text>
<par>
<line>;r Tpt :</line></par>
</text></cell>
<cell leftBorder="White" topBorder="White" rightBorder="White" bottomBorder="White" width="183" height="80">
<text>
<par>
<line>■on nuj-</line></par>
</text></cell></row>
</block>
<block><region><rect/><rect/></region>
<text>
<par>
<line>louiiaîtru quG i 'arrrtd .'u "</line></par>
<par>
<line>-La -L î £1.e des C‘'t-ss et nonur-en'';s naturaio nLnesda de -.e</line>
<line>pj-Gce d’Anmen dn '» Ij-l-e.-nen uV en e lU'o n n :1 er eu ■’' v' ^^1</line>
<line>îU'■'•1 an 11^, a dt .t traiiOGrio au "bu r c en Hynot b’; g de</line>
<line>J ü î.'^i'L'.y, Iir- lu iï-Vr'il OûUi’Uiit, Vû-lueiG Tl*’ 6B»</line></par>
</text>
</block>



</page>
<page width="793" height="1123" resolution="96">
<block><region><rect/></region>
<text>
<par>
<line>AUR* :</line></par>
</text>
</block>
<block><region><rect/></region>
<text>
<par/>
</text>
</block>
<block><region><rect/></region>
<text>
<par>
<line>O VlfiQô d'Armes d. ‘"liu-IiB ['’ûnna) axijc</line>
<line>l'Onnier c,ai y est lnp1&lt;iii. ■'•opriét^ comii.uri'ii e .</line></par>
</text>
</block>
<block><region><rect/></region>
<text>
<par>
<line>'- 2t rlfmsé® pnrmi Us sitM .amonU nuUit cls c^nclère</line>
<line>'lifjuft W.'^lotûjiic, sciyiitifiqup, Ipgfndalt.» ou piUorcsqiio.</line></par>
<par>
<line>ART. 2.</line></par>
<par>
<line>^ «pé&lt;i»ut ouèié sera noUfié ou Pi^fel du département de ' ' Vorne</line>
<line>1 re te 1 ccrmune Je “’IV.EikjiB</line></par>
<par>
<line>jul seront rc'^p ou sables, rbarun en ce (jui h concerne, dp -son eséculion</line></par>
<par>
<line>ART. 3.</line></par>
<par>
<line>I sera U'jh'i&lt; ril 'ui l’uresu i\t,s Inijolli^riue*; de la siUmliou ib Dilo clO</line></par>
</text>
</block>
<block><region><rect/></region>
<text>
<par>
<line>Pons, le</line></par>
</text>
</block>
<block><region><rect/><rect/></region>
<text>
<par/>
</text>
</block>
<block><region><rect/></region>
<text>
<par>
<line>a. A</line></par>
</text>
</block>
</page>
<page width="801" height="1129" resolution="96">
<block><region><rect/></region>
<text>
<par>
<line>^9. PLACE O-ARMCS K VlLLEMEft ET SOH MARRONNIER</line></par>
<par>
<line>Sitvdtfon géoQraphkHJe environ 10 kms su sud*est de Juigny</line></par>
</text>
</block>
<block><region><rect/></region>
<text>
<par>
<line>Quâltfication du sire *</line></par>
<par>
<line>• site rural</line></par>
<par>
<line>' cemct^netiquos intrinsèques. arbre, place arborée</line></par>
<par>
<line>intéfèt fiàtrimonàt •. site d'intérél bislonque (comméiDoraUl) et paysager régional</line></par>
<par>
<line>Oèçsrtement. Vor^</line></par>
<par>
<line>Cotxm\jnè : ViJiemer</line></par>
<par>
<line>Date de protsction: 7 avril 1936</line></par>
<par>
<line>^perfidie : 605 m2 (source SD A)</line></par>
<par>
<line>Stetut de propriété : proprtété communale</line>
<line>Futfence d'ur&gt; programme de gesdor&gt; : non</line>
<line>pfoMions ' non</line>
<line>2tmtt . sansotpfei</line>
<line>Parure 2000. sans ot3^et</line></par>
</text>
</block>
<block><region><rect/></region>
<text>
<par>
<line>CARACTERISTIQUES DU SITE</line></par>
</text>
</block>
<block><region><rect/></region>
<text>
<par>
<line>Le marronnier de Villemer. dH *Arbre de ta liberté * auran été piamé au centra de la</line>
<line>place dArmes le 10 nivése de Tan II (30 déœmbre 1793) pour tâer la reprise de Toulon,</line>
<line>ainsi qu'en témoigne une plaque commémorative. Il atteigraii, au moment de son</line>
<line>ciassemeni 3,50 m de circonférence à 1m du soi: la Hauteur de sa cime aflclgnait 23m</line>
<line>et se ramure couvrait 450m2. Il s aujourd'hui disparu. Un jeune sujet été planté</line>
<line>récemment sur son emplacement.</line></par>
<par>
<line>Ls 'Place dermes*, tnanguieire, est engazonnée et bordée sur ses trots côtés (furt</line>
<line>alignemem d'erbres.</line></par>
</text>
</block>
<block><region><rect/></region>
<text>
<par>
<line>SON ENVIRONNEMENT</line></par>
</text>
</block>
<block><region><rect/></region>
<text>
<par>
<line>Le marronnier étail Implanté au centre de ta Place d’Armes du village de Villerner. Cette</line>
<line>place est entourée de constructions rurales</line></par>
</text>
</block>
<block><region><rect/></region>
<text>
<par>
<line>SON EVOLUTION</line></par>
</text>
</block>
<block><region><rect/></region>
<text>
<par>
<line>ef fréquenffitioft Ou site : süe putriie. place de village</line></par>
<par>
<line>Etst Qu site : Le marronnier aurait été abanu à la fin des années quarante. Le site est</line>
<line>aujourd'hui bien entretenu : un nouvel arbre a été très récemment planté a</line>
<line>remplacement du marronnier, les alignements d'arbres sont élagues et le pelouse</line>
<line>fauchée.</line></par>
</text>
</block>
<block><region><rect/></region>
<text>
<par>
<line>I RECOMMANDATIONS</line></par>
<par>
<line>Vetller au maintien du site dans ses caractéristiques paysagères actuelles.</line></par>
</text>
</block>
<block><region><rect/></region>
<text>
<par>
<line>2i</line></par>
</text>
</block>













</page>
<page width="793" height="1123" resolution="96">
<block><region><rect/></region>
<text>
<par/>
</text>
</block>
<block><region><rect/></region>
<text>
<par/>
</text>
</block>
<block><region><rect/></region>
<text>
<par>
<line>Treille</line></par>
</text>
</block>
<block><region><rect/></region>
<text>
<par>
<line>-Lt _Q.our</line></par>
</text>
</block>
<block><region><rect/></region>
<text>
<par/>
</text>
</block>
<block><region><rect/></region>
<text>
<par/>
</text>
</block>
<block><region><rect/></region>
<text>
<par>
<line>Les</line></par>
</text>
</block>
<block><region><rect/></region>
<text>
<par>
<line>'^é4.</line></par>
</text>
</block>
<block><region><rect/></region>
<text>
<par>
<line>/</line></par>
</text>
</block>
<block><region><rect/></region>
<text>
<par>
<line>JercL</line></par>
</text>
</block>
<block><region><rect/></region>
<text>
<par>
<line>/</line></par>
</text>
</block>
<block><region><rect/></region>
<text>
<par/>
</text>
</block>
<block><region><rect/></region>
<text>
<par>
<line>W</line></par>
<par>
<line>c^/</line></par>
<par>
<line>/// Ferrières</line></par>
</text>
</block>
<block><region><rect/></region>
<text>
<par>
<line>\ ^</line></par>
<par>
<line>&amp; ' d '</line></par>
<par>
<line>^■^ûi^ge,</line></par>
</text>
</block>
<block><region><rect/></region>
<text>
<par>
<line>X&gt;</line></par>
</text>
</block>
<block><region><rect/></region>
<text>
<par>
<line>46</line></par>
</text>
</block>
<block><region><rect/></region>
<text>
<par/>
</text>
</block>
<block><region><rect/></region>
<text>
<par/>
</text>
</block>
<block><region><rect/></region>
<text>
<par>
<line>44</line></par>
</text>
</block>
<block><region><rect/></region>
<text>
<par/>
</text>
</block>
<block><region><rect/></region>
<text>
<par>
<line>■S.i.</line></par>
</text>
</block>
<block><region><rect/></region>
<text>
<par>
<line>Mt</line></par>
</text>
</block>
<block><region><rect/></region>
<text>
<par>
<line>H</line></par>
</text>
</block>
<block><region><rect/></region>
<text>
<par>
<line>ai</line></par>
</text>
</block>
<block><region><rect/></region>
<text>
<par/>
</text>
</block>
<block><region><rect/></region>
<text>
<par>
<line>AM</line></par>
</text>
</block>
<block><region><rect/></region>
<text>
<par>
<line>UM</line></par>
</text>
</block>
<block><region><rect/></region>
<text>
<par>
<line>Z</line></par>
</text>
</block>
<block><region><rect/></region>
<text>
<par>
<line>ta!</line></par>
</text>
</block>
<block><region><rect/></region>
<text>
<par>
<line>tes</line></par>
</text>
</block>
<block><region><rect/></region>
<text>
<par>
<line>Les</line></par>
</text>
</block>
<block><region><rect/></region>
<text>
<par>
<line>JOé</line></par>
</text>
</block>
<block><region><rect/></region>
<text>
<par/>
</text>
</block>
<block><region><rect/></region>
<text>
<par>
<line>Ma</line></par>
</text>
</block>
<block><region><rect/></region>
<text>
<par>
<line>JV</line></par>
</text>
</block>
<block><region><rect/></region>
<text>
<par/>
</text>
</block>
<block><region><rect/></region>
<text>
<par>
<line>Hao</line></par>
</text>
</block>
<block><region><rect/></region>
<text>
<par/>
</text>
</block>
<block><region><rect/></region>
<text>
<par/>
</text>
</block>
<block><region><rect/></region>
<text>
<par>
<line>L</line></par>
</text>
</block>
<block><region><rect/></region>
<text>
<par>
<line>laa</line></par>
</text>
</block>
<block><region><rect/></region>
<text>
<par>
<line>M/</line></par>
</text>
</block>
<block><region><rect/></region>
<text>
<par/>
</text>
</block>
<block><region><rect/></region>
<text>
<par/>
</text>
</block>
<block><region><rect/></region>
<text>
<par>
<line>fM</line></par>
</text>
</block>
<block><region><rect/></region>
<text>
<par/>
</text>
</block>
<block><region><rect/></region>
<text>
<par>
<line>eus</line></par>
</text>
</block>
<block><region><rect/></region>
<text>
<par>
<line>•*.0</line></par>
</text>
</block>
<block><region><rect/></region>
<text>
<par>
<line>fO</line></par>
</text>
</block>
<block><region><rect/></region>
<text>
<par/>
</text>
</block>
<block><region><rect/></region>
<text>
<par>
<line>•*.T</line></par>
</text>
</block>
<block><region><rect/></region>
<text>
<par>
<line>jat</line></par>
</text>
</block>
<block><region><rect/></region>
<text>
<par>
<line>Ma</line></par>
</text>
</block>
<block><region><rect/></region>
<text>
<par/>
</text>
</block>
<block><region><rect/></region>
<text>
<par>
<line>an</line></par>
</text>
</block>
<block><region><rect/></region>
<text>
<par>
<line>ama</line></par>
</text>
</block>
<block><region><rect/></region>
<text>
<par>
<line>101</line></par>
</text>
</block>
<block><region><rect/></region>
<text>
<par>
<line>aa</line></par>
</text>
</block>
<block><region><rect/></region>
<text>
<par>
<line>Jà</line></par>
</text>
</block>
<block><region><rect/></region>
<text>
<par/>
</text>
</block>
<block><region><rect/></region>
<text>
<par>
<line>M</line></par>
</text>
</block>
<block><region><rect/></region>
<text>
<par>
<line>§</line></par>
</text>
</block>
<block><region><rect/></region>
<text>
<par/>
</text>
</block>
<block><region><rect/></region>
<text>
<par>
<line>ae</line></par>
</text>
</block>
<block><region><rect/></region>
<text>
<par/>
</text>
</block>
<block><region><rect/></region>
<text>
<par>
<line>f.</line></par>
</text>
</block>
<block><region><rect/></region>
<text>
<par/>
</text>
</block>
<block><region><rect/></region>
<text>
<par>
<line>fâ</line></par>
</text>
</block>
<block><region><rect/></region>
<text>
<par/>
</text>
</block>
<block><region><rect/></region>
<text>
<par>
<line>D</line></par>
</text>
</block>
<block><region><rect/></region>
<text>
<par>
<line>S</line></par>
</text>
</block>
<block><region><rect/></region>
<text>
<par>
<line>/M</line></par>
</text>
</block>
<block><region><rect/></region>
<text>
<par/>
</text>
</block>
<block><region><rect/></region>
<text>
<par>
<line>A</line></par>
</text>
</block>
<block><region><rect/></region>
<text>
<par/>
</text>
</block>
<block><region><rect/></region>
<text>
<par>
<line>/0</line></par>
</text>
</block>
<block><region><rect/></region>
<text>
<par>
<line>n:</line></par>
</text>
</block>
<block><region><rect/></region>
<text>
<par>
<line>^1,</line></par>
</text>
</block>
<block><region><rect/></region>
<text>
<par>
<line>iJ&gt;-</line></par>
</text>
</block>
<block><region><rect/></region>
<text>
<par/>
</text>
</block>
<block><region><rect/></region>
<text>
<par/>
</text>
</block>
<block><region><rect/></region>
<text>
<par>
<line>*a</line></par>
</text>
</block>
<block><region><rect/></region>
<text>
<par/>
</text>
</block>
<block><region><rect/></region>
<text>
<par/>
</text>
</block>
<block><region><rect/></region>
<text>
<par>
<line>■M</line></par>
</text>
</block>
<block><region><rect/></region>
<text>
<par/>
</text>
</block>
<block><region><rect/></region>
<text>
<par>
<line>L</line></par>
</text>
</block>
<block><region><rect/></region>
<text>
<par/>
</text>
</block>
<block><region><rect/></region>
<text>
<par>
<line>a</line></par>
</text>
</block>
<block><region><rect/></region>
<text>
<par>
<line>44</line></par>
</text>
</block>
<block><region><rect/></region>
<text>
<par>
<line>f</line></par>
</text>
</block>
<block><region><rect/></region>
<text>
<par/>
</text>
</block>
<block><region><rect/></region>
<text>
<par>
<line>là</line></par>
</text>
</block>
<block><region><rect/></region>
<text>
<par/>
</text>
</block>
<block><region><rect/></region>
<text>
<par>
<line>4a</line></par>
</text>
</block>
<block><region><rect/></region>
<text>
<par/>
</text>
</block>
<block><region><rect/></region>
<text>
<par>
<line>M</line></par>
</text>
</block>
<block><region><rect/></region>
<text>
<par>
<line>2</line></par>
</text>
</block>
<block><region><rect/></region>
<text>
<par/>
</text>
</block>
<block><region><rect/></region>
<text>
<par/>
</text>
</block>
<block><region><rect/></region>
<text>
<par>
<line>ah</line></par>
</text>
</block>
<block><region><rect/></region>
<text>
<par>
<line>*4</line></par>
</text>
</block>
<block><region><rect/></region>
<text>
<par>
<line>;</line></par>
</text>
</block>
<block><region><rect/></region>
<text>
<par>
<line>4*</line></par>
</text>
</block>
<block><region><rect/></region>
<text>
<par>
<line>y</line></par>
</text>
</block>
<block><region><rect/></region>
<text>
<par>
<line>•aa</line></par>
</text>
</block>
<block><region><rect/></region>
<text>
<par/>
</text>
</block>
<block><region><rect/></region>
<text>
<par>
<line>Ut</line></par>
</text>
</block>
<block><region><rect/></region>
<text>
<par/>
</text>
</block>
<block><region><rect/></region>
<text>
<par>
<line>d</line></par>
</text>
</block>
<block><region><rect/></region>
<text>
<par>
<line>n</line></par>
</text>
</block>
<block><region><rect/></region>
<text>
<par>
<line>"T</line></par>
</text>
</block>
<block><region><rect/></region>
<text>
<par>
<line>U&gt;\</line></par>
</text>
</block>
<block><region><rect/></region>
<text>
<par>
<line>4a</line></par>
</text>
</block>
<block><region><rect/></region>
<text>
<par>
<line>SJ-</line></par>
</text>
</block>
<block><region><rect/></region>
<text>
<par/>
</text>
</block>
<block><region><rect/></region>
<text>
<par>
<line>£a</line></par>
</text>
</block>
<block><region><rect/></region>
<text>
<par>
<line>èh</line></par>
</text>
</block>
<block><region><rect/></region>
<text>
<par>
<line>^Lich</line></par>
</text>
</block>
<block><region><rect/></region>
<text>
<par/>
</text>
</block>
<block><region><rect/></region>
<text>
<par>
<line>45</line></par>
</text>
</block>
<block><region><rect/><rect/></region>
<text>
<par>
<line>•• 3ib. diifcjoc</line></par>
<par>
<line>Wlltn^eA '</line></par>
</text>
</block>









































</page>
</AC2>