<?xml version="1.0" encoding="UTF-8"?><AC2>
<page width="1690" height="2364" resolution="200">
<block><region><rect/></region>
<text>
<par>
<line>MINISTHU-</line></par>
<par>
<line>DE L’IîfSTRDCTION PUBLIQUE</line></par>
<par>
<line>^ DES BEAUX-ARTS</line></par>
<par>
<line>kT t&gt;rü CULTÜS</line></par>
<par>
<line>é «rN.j^nr ■ i ■</line></par>
<par>
<line>. soüs-secrétariat d'état-des</line></par>
<par>
<line>DES BEAUX-ARTS •</line></par>
</text>
</block>
<block><region><rect/></region>
<text>
<par>
<line>'RKPUBLTOUE FRANÇAISE</line></par>
<par>
<line>ARRÊTÉ</line></par>
<par>
<line>_ -—--</line></par>
</text>
</block>
<block><region><rect/></region>
<text>
<par>
<line>Monur-^nts Historiques.</line></par>
</text>
</block>
<block><region><rect/></region>
<text>
<par/>
</text>
</block>
<block><region><rect/><rect/><rect/><rect/></region>
<text>
<par>
<line>ia loi '^lU Avril i"06 t-.ur là contî5r^’'a‘£ion des</line>
<line>Sites nt. Ronu-iienta nutiir^ls de r-aractère artlatlquo;</line></par>
<par>
<line>Y\i l'avifi de la Con'î abriior de-ivî-rterentale en date du</line>
<line>-17 Janvier 1900-; ' - ■</line></par>
<par>
<line>Vu lè consentement du Conseil muniolpal de la Rochs-</line>
<line>Bernar-d en date du 4 Mars 19ÇS; ,</line></par>
<par>
<line>Sur la proposition dû Sous-Secrétaire d'Btat des</line>
<line>Beaux-Arts;</line></par>
</text>
</block>
<block><region><rect/></region>
<text>
<par/>
</text>
</block>
<block><region><rect/></region>
<text>
<par>
<line>^ . 1</line></par>
</text>
</block>
<block><region><rect/></region>
<text>
<par/>
</text>
</block>
<block><region><rect/></region>
<text>
<par>
<line>A- i-. h K -î S</line>
<line>Article premier.</line></par>
<par>
<line>La Promenade du Euicard, à la Eoche-Bsrnard, est ■,</line>
<line>classée parmi les Sites et Monuments naturels de caractère</line>
<line>artistique.</line></par>
<par>
<line>Article</line></par>
<par>
<line>Le présent arrêté .sera notifié au Préfet du départe¬</line>
<line>ment du Morbihan ,et au taire de la commune de'la Hoche-</line>
<line>Eemard, qui-seront reaponsafcies, chacun en ce qui le</line>
<line>eoncemp,. de son exécution.</line></par>
<par>
<line>r'arls, le '</line></par>
</text>
</block>






</page>
</AC2>