<?xml version="1.0" encoding="UTF-8"?><AC2>
<page width="2479" height="3508" resolution="300">
<block><region><rect/></region>
<text>
<par>
<line>MINISTERE</line></par>
<par>
<line>DES</line></par>
<par>
<line>AFFAIRES CULTURELLES</line></par>
</text>
</block>
<block><region><rect/></region>
<text>
<par>
<line>République Française</line></par>
</text>
</block>
<block><region><rect/></region>
<text>
<par>
<line>ARRETE</line></par>
</text>
</block>
<block><region><rect/></region>
<text>
<par>
<line>Le Ministre des Affaires Culturellea</line></par>
</text>
</block>
<block><region><rect/></region>
<text>
<par>
<line>VU la loi du 2 mai 1930 réorganisant la protection des monuments ■</line>
<line>naturels et des sites de caractère artistique, historique, scien¬</line>
<line>tifique, légendaire ou pittoresque, modifiée par la loi n° 67-117^</line>
<line>du 28 décembre I967 j</line></par>
<par>
<line>VU le décret n“ 69-607 âu 13 juin 19^9 portant application des</line>
<line>articles 4 et 5-1 de la loi du 2 mai 1930 sur la Protection des</line>
<line>Sites î</line></par>
<par>
<line>VU le décret du 24 juillet 1959 portant organisation du Ministère</line>
<line>des Affaires Culturelles ;</line></par>
<par>
<line>VU la loi du 12 avril 1943 portant règlementation de la Publicité</line>
<line>et des Enseignes et notamment les articles 5 et 9 î</line></par>
<par>
<line>VU le décret du 9 février 1968 portant application du décret du</line>
<line>7 février 1959 modifié, relatif au camping, et notamment les</line>
<line>articles 2 et 6 j</line></par>
<par>
<line>VU le décret n“ 72-37 du 11 janvier 1972 relatif au stationnement</line>
<line>des caravanes et notamment les articles 3, 7j 9 et 10 ;</line></par>
<par>
<line>VU le décret n° 70-288 du 31 mars 1970 relatif à la composition et</line>
<line>au fonctionnement des Commissions Départementales et Supérieures</line>
<line>des Sites ;</line></par>
<par>
<line>VU l'avis donné le 17 décembre 1971 par le Coiseil Municipal de</line>
<line>Coudekerque village ;</line></par>
<par>
<line>VU la délibération du 20 juin 1972 de la CommisBion des Sites,</line>
<line>Perspectives et Paysages du département du Nord ;</line></par>
<par>
<line>ARRETE :</line></par>
</text>
</block>
<block><region><rect/></region>
<text>
<par>
<line>Article 1er - Est inscrit sur l'Inventaire des Sites pittoresques</line>
<line>du département du Nord, l'ensemble formé sur la commune de Coudekerqu</line>
<line>village par le fort Vallières et comprenant les parcelles cadastrales</line>
<line>n" 476 et 980 (section B).</line></par>
</text>
</block>
<block><region><rect/></region>
<text>
<par>
<line>• ■ •</line></par>
</text>
</block>
<block><region><rect/></region>
<text>
<par>
<line>/</line></par>
</text>
</block>


</page>
<page width="2479" height="3508" resolution="300">
<block><region><rect/></region>
<text>
<par>
<line>2 -</line></par>
</text>
</block>
<block><region><rect/></region>
<text>
<par>
<line>• 1 Ttn</line></par>
<par>
<line>Article 2 - Le présent arrêté sera notifié au Préfet du département</line>
<line>du Nord, au Maire de la commune de Coudekerque-village qui seront</line>
<line>responsables, chacun en ce qui le concerne de son exécution et au</line>
<line>propriétaire intéressé.</line></par>
</text>
</block>
<block><region><rect/></region>
<text>
<par>
<line>Fait à PARIS, le 22 janvier 1975</line></par>
</text>
</block>
<block><region><rect/><rect/><rect/><rect/><rect/></region>
<text>
<par>
<line>Pour Ampliation</line>
<line>L'Administrateur Civil</line>
<line>Chargé</line></par>
<par>
<line>des Sites'et Espaces Protégés^</line></par>
<par>
<line>. ..(-</line></par>
<par>
<line>^igiié ;i ancy EOUCiJ'</line></par>
</text>
</block>
<block><region><rect/></region>
<text>
<par>
<line>Pour le Ministre et par délégation</line>
<line>Pour le Directeur de l'Architecture</line>
<line>' La Directeur-Adjoint de l'Architecture</line></par>
<par>
<line>signé : Claude HIEIART</line></par>
</text>
</block>
<block><region><rect/></region>
<text>
<par>
<line>I</line></par>
</text>
</block>
<block><region><rect/></region>
<text>
<par/>
</text>
</block>

</page>
</AC2>