<?xml version="1.0" encoding="UTF-8"?><AC2>
<page width="1656" height="2336" resolution="200">
<block><region><rect/></region>
<text>
<par>
<line>„ SECRÉTARIAT D’ÉTAT</line></par>
<par>
<line>i L’ÉDUCATION NATIONALE</line>
<line>ET À LA JEUNESSE.</line></par>
</text>
</block>
<block><region><rect/></region>
<text>
<par>
<line>ÉTAT FRANÇAIS.</line></par>
</text>
</block>
<block><region><rect/></region>
<text>
<par>
<line>SECRETARIAT GENERAL</line></par>
<par>
<line>DES BEAUX-ARTS.</line></par>
</text>
</block>
<block><region><rect/></region>
<text>
<par>
<line>ARRÊTÉ,</line></par>
</text>
</block>
<block><region><rect/></region>
<text>
<par>
<line>DIRKOTION</line></par>
<par>
<line>DEI</line></par>
<par>
<line>SERVICES D’ARCHITECTURE.</line></par>
</text>
</block>
<block><region><rect/></region>
<text>
<par>
<line>Le Secrétaire d’État X l’Éducation nationale et X la Jeunesse,</line></par>
</text>
</block>
<block><region><rect/><rect/></region>
<text>
<par>
<line>DES MONUMENTS HISTORIQUES. ■ ^ mai igSo réorganîsant la proteclion des monumenls natu¬</line></par>
<par>
<line>rels el des sites de caractère artistique, historique, scientifique, légendaire ou</line></par>
</text>
</block>
<block><region><rect/></region>
<text>
<par>
<line>Inventaire des Sites</line>
<line>dont ia conservation présente</line>
<line>un intérêt général.</line></par>
</text>
</block>
<block><region><rect/></region>
<text>
<par/>
</text>
</block>
<block><region><rect/><rect/></region>
<text>
<par>
<line>pittoresque et notamment l’article 4;</line></par>
<par>
<line>Sup4»"ppnpn.nitinn d» In r.mTvnftwainn dnpfinlnmftnlnlf^-idiac .nnruimo.nc nnin.</line></par>
<par>
<line>rois qt doo oitoa é du II Juillet 1943.</line></par>
<par>
<line>: II, ■ ■ ■ . . .</line></par>
</text>
</block>
<block><region><rect/><rect/></region>
<text>
<par>
<line>•• ’ .1# ■</line>
<line>t \ %</line></par>
<par>
<line>.à-&gt;-</line></par>
</text>
</block>
<block><region><rect/></region>
<text>
<par/>
</text>
</block>
<block><region><rect/></region>
<text>
<par/>
</text>
</block>
<block><region><rect/><rect/></region>
<text>
<par>
<line>Â-'</line></par>
</text>
</block>
<block><region><rect/></region>
<text>
<par>
<line>A«'j' '</line></par>
</text>
</block>
<block><region><rect/></region>
<text>
<par>
<line>^ ^^ARÉIGLE^</line></par>
</text>
</block>
<block><region><rect/><rect/><rect/></region>
<text>
<par/>
</text>
</block>
<block><region><rect/></region>
<text>
<par>
<line>. 3st- Inscrit sur I^ inventaire--daâ sites dont le</line>
<line>conserva.ti on ^^résente un interet général 1 ’ enner.'ble cons¬</line>
<line>titué k !;ogent l’Artaud (Aisne), sur les t)ords de la u.arn</line>
<line>i.jor le vieux raoulin (façades, élévations et t oit uresj a in-</line>
<line>si que pa.r'les ■ terra iris'de. 1 ' Ile.^.et de dP, rive gauche du</line>
<line>fleuve, qui popt-ent au cadastre de la commune les Nos .357,</line>
<line>359 et'360 Section A, ‘</line></par>
</text>
</block>
<block><region><rect/></region>
<text>
<par>
<line>1,03 propriétaires sont</line></par>
</text>
</block>
<block><region><rect/></region>
<text>
<par>
<line>359, 360</line></par>
</text>
</block>
<block><region><rect/></region>
<text>
<par>
<line>357 et le</line>
<line>i'oulin 35dP</line></par>
</text>
</block>
















</page>
<page width="1702" height="2369" resolution="200">
<block><region><rect/><rect/></region>
<text>
<par>
<line>. ■</line></par>
</text>
</block>
<block><region><rect/><rect/><rect/><rect/><rect/></region>
<text>
<par>
<line>V ^ ^</line></par>
<par>
<line>j '■'"Sl</line></par>
</text>
</block>
<block><region><rect/></region>
<text>
<par/>
</text>
</block>
<block><region><rect/></region>
<text>
<par>
<line>ART. 3.</line></par>
</text>
</block>
<block><region><rect/></region>
<text>
<par/>
</text>
</block>
<block><region><rect/></region>
<text>
<par>
<line>Le.présent arrêté sera notiilé au. Préfet du département poiïT les archives</line>
<line>de la préfecture, au Maire de la commune d 9 ITogent 1 ^^rtnud. et f^ux</line></par>
<par>
<line>propriétaires intéresses.'</line></par>
<par>
<line>qui seront responsables, chacun en ce qui le concerne, de son exécution.</line></par>
<par>
<line>Paris, le * 9 SEFf i942 194 .</line></par>
</text>
</block>
<block><region><rect/></region>
<text>
<par>
<line>Pour la Ministre, Bacrétaira</line>
<line>d’Btat à éducation Nationale et</line>
<line>par délégation : La ïîirectour</line>
<line>/Adjoint' du Cshinat,</line></par>
</text>
</block>

</page>
</AC2>