<?xml version="1.0" encoding="UTF-8"?><AC2>
<page width="2480" height="3507" resolution="300">
<block><region><rect/></region>
<text>
<par/>
</text>
</block>
<block><region><rect/></region>
<text>
<par/>
</text>
</block>
<block><region><rect/></region>
<text>
<par>
<line>A^T3 î)ü SI OOÎÜSiî^ 194.5</line></par>
</text>
</block>
<block><region><rect/></region>
<text>
<par>
<line>■■itfai'if".</line></par>
</text>
</block>
<block><region><rect/></region>
<text>
<par>
<line>Soat inaorltoa sur l*lovcBtalre do ; sites dont In ûOBserva-</line></par>
</text>
</block>
<block><region><rect/><rect/><rect/></region>
<text>
<par/>
</text>
</block>
<block><region><rect/></region>
<text>
<par/>
</text>
</block>
<block><region><rect/></region>
<text>
<par>
<line>M#’</line></par>
</text>
</block>
<block><region><rect/></region>
<text>
<par>
<line>ti. D préaeato un lotérCt général la laadù et la dune de Sainte-</line></par>
</text>
</block>
<block><region><rect/></region>
<text>
<par>
<line>An a e-l^-laluê en Iloveoea-mizay (ü’inistôrs) compronaot Ise</line></par>
</text>
</block>
<block><region><rect/><rect/><rect/></region>
<text>
<par/>
</text>
</block>
<block><region><rect/><rect/><rect/></region>
<text>
<par>
<line>fév</line></par>
</text>
</block>
<block><region><rect/></region>
<text>
<par>
<line>Irameublea sus et bat la sia sur lea paroelles oadastrales N* 8? &amp;</line></par>
</text>
</block>
<block><region><rect/></region>
<text>
<par/>
</text>
</block>
<block><region><rect/></region>
<text>
<par/>
</text>
</block>
<block><region><rect/></region>
<text>
<par>
<line>91. irà, Id4, ISI à IS9, 143, 144, 381 à 883, 695 à 700, 703,</line>
<line>scotloa À a^i^arteount à :</line></par>
</text>
</block>
<block><region><rect/></region>
<text>
<par>
<line>f.?</line></par>
</text>
</block>
<block><region><rect/></region>
<text>
<par>
<line>Ii*aaoianne Pabrl.iue d HOTaBoz-^Poresgf</line>
<line>(biesa aaquostzéB) p^r la zeeeYeur des</line>
<line>deoialnaa &amp; CBAfSAUXIB... 67</line></par>
</text>
</block>
<block><region><rect/></region>
<text>
<par/>
</text>
</block>
<block><region><rect/></region>
<text>
<par>
<line>G:iî.«SC, GuillsttÆa (Tya et héritier»} à</line>
<line>^ lloTenaz-I^rzay.</line></par>
</text>
</block>
<block><region><rect/></region>
<text>
<par>
<line>.■-&gt;T •. . r</line></par>
</text>
</block>
<block><region><rect/></region>
<text>
<par/>
</text>
</block>
<block><region><rect/><rect/></region>
<text>
<par/>
</text>
</block>
<block><region><rect/></region>
<text>
<par>
<line>;.■&lt; -«j!.</line></par>
</text>
</block>
<block><region><rect/></region>
<text>
<par>
<line>*' .•s</line></par>
</text>
</block>
<block><region><rect/></region>
<text>
<par>
<line>Wv&gt;^</line></par>
</text>
</block>
<block><region><rect/><rect/><rect/><rect/></region>
<text>
<par>
<line>J,»-T.. M</line></par>
</text>
</block>
<block><region><rect/></region>
<text>
<par>
<line>39 3, 398. 70&lt;ÿ4'r--^</line></par>
</text>
</block>
<block><region><rect/><rect/><rect/></region>
<text>
<par>
<line>H ’SCOBT, ’ÜiafflBS, i^ttx Cornla à Caînoaan i</line></par>
<par>
<line>^ T' .1—-• CBQz—Forzay) 90, 91, X31</line></par>
<par>
<line>HîSSAPy, Tyea, ^&lt;SI Crooq Snlntô-Anne-la-ialud :</line></par>
<par>
<line>â H IrX flHVO Q 6 jC ~ X'O? Si 0^ *aa*4««*4»a«*»«aav* 703</line></par>
<par>
<line>-•ÿ.</line></par>
</text>
</block>
<block><region><rect/><rect/><rect/><rect/></region>
<text>
<par>
<line>La FOITAIîIïî^de PaLLIB JeaD,'^3l Avenue de la ?or8t</line></par>
<par>
<line>&lt;ÿ\ Hoiro à strabourg .,.,r.. ôSp,* 89p,</line></par>
<par>
<line>. . ^ 134, 135.</line></par>
</text>
</block>
<block><region><rect/></region>
<text>
<par>
<line>138. 143. 144^</line></par>
</text>
</block>
<block><region><rect/></region>
<text>
<par>
<line>LB CLEOfi , 3aiirloe (Vve et hérltlera), 33 rua</line>
<line>^ Guya^ner - Paria 7 b &gt;e ...^</line></par>
</text>
</block>
<block><region><rect/><rect/></region>
<text>
<par>
<line>88p. 89p, l'Si</line>
<line>133, 139,</line></par>
</text>
</block>
<block><region><rect/></region>
<text>
<par>
<line>L'ElBitSOGitGH, Sébastien à. ipovonc ;-lorae; .</line></par>
</text>
</block>
<block><region><rect/></region>
<text>
<par>
<line>123</line></par>
</text>
</block>
<block><region><rect/><rect/><rect/></region>
<text>
<par>
<line>MaO, Coreatin, époiui PESBEîSOU L Korchlenem sn</line></par>
<par>
<line>riovone^-Poraay .. 581 h 683,</line></par>
<par>
<line>397, 699</line></par>
</text>
</block>
<block><region><rect/></region>
<text>
<par>
<line>t'-?</line></par>
</text>
</block>
<block><region><rect/></region>
<text>
<par/>
</text>
</block>
<block><region><rect/></region>
<text>
<par>
<line>CiüEtHIï"C, Jhariee, Ingénieur, rue à. 1-a Hivs nu</line></par>
<par>
<line>Faou (Finistbrâ) ... 124</line></par>
</text>
</block>
<block><region><rect/></region>
<text>
<par>
<line>iaur copie conforme</line>
<line>Le (Jhaf du Bureau</line>
<line>des Sites</line></par>
</text>
</block>
<block><region><rect/><rect/><rect/><rect/><rect/></region>
<text>
<par>
<line>Par djlégatlOD</line>
<line>Le Conseiller d'Et&lt;</line>
<line>Secrétaire</line></par>
</text>
</block>
<block><region><rect/></region>
<text>
<par>
<line>Bea</line></par>
</text>
</block>
<block><region><rect/></region>
<text>
<par/>
</text>
</block>





















</page>
</AC2>