<?xml version="1.0" encoding="UTF-8"?><AC2>
<page width="2505" height="3511" resolution="300">
<block><region><rect/></region>
<text orientation="RotatedCounterclockwise">
<par>
<line>111-483-1921. [26008]</line></par>
</text>
</block>
<block><region><rect/></region>
<text>
<par>
<line>MINISTÈRE</line></par>
<par>
<line>DE</line></par>
<par>
<line>L’INSTRUCTION TUBLIQÜE</line>
<line>ET DES BEADX-AllTS.</line></par>
<par>
<line>BEAUX-ARTS.</line></par>
</text>
</block>
<block><region><rect/></region>
<text>
<par>
<line>IVIONÜWENTS HISTORIQUES.</line></par>
</text>
</block>
<block><region><rect/></region>
<text>
<par>
<line>Sites et Monuments naturels.</line></par>
</text>
</block>
<block><region><rect/></region>
<text>
<par>
<line>REPUBLIQUE FRANÇAISE.</line></par>
</text>
</block>
<block><region><rect/><rect/></region>
<text>
<par>
<line>A /</line></par>
<par>
<line>\DXfcAÆJ.</line></par>
</text>
</block>
<block><region><rect/></region>
<text>
<par>
<line>c/e /^uc/)/c^ue</line></par>
<par>
<line>e/ c/eà (^eaecce-iy^'?^,</line></par>
</text>
</block>
<block><region><rect/></region>
<text>
<par>
<line>/a /ot t/fc 2/ -/g O Cf o /a, ^molecfion</line></par>
<par>
<line>/eà Mé&amp;f e/' mo7tummfy ^6 ccM^acâere (Z'/f'ùJÛŸC^c/</line></par>
<par>
<line>^^l)cù /cciHà /a ^o?mmj//'i07p r/f^iO'/f'&amp;p/t^e^iCw/e c/ed</line></par>
<par>
<line>h'/ed e/ 'mo77.m?7ye77/d '/laém’e/d c/a'/2dda decmce ....2...Jilal.I9.2.7..Î...</line></par>
</text>
</block>
<block><region><rect/></region>
<text>
<par>
<line>/(d/î^M^e/r/^enC &amp;27y c/ate c/u .1.5 ...AY.r.i.l ...1927.</line></par>
<par>
<line>/2d&lt;cà Am'’ ®..*.e ,</line></par>
</text>
</block>
<block><region><rect/></region>
<text>
<par>
<line>oAgï/œbi^ :</line></par>
<par>
<line>LeJdIoo erratigue d **La Pierre Brime**</line>
<line>situé dans la ijropriété de M* de Chabannes à Rancé</line>
<line>(Aiïi) sur la rive gauche du ruisseau de Morbief</line></par>
<par>
<line>..©St — c/c^te.Âd d-c/ed e/ wo-^umie^iù</line></par>
<par>
<line>'?iaà-û?^e/f c/e cccdacAe?^: aràdAimde.</line></par>
</text>
</block>



































</page>
<page width="2534" height="3531" resolution="300">
<block><region><rect/></region>
<text>
<par/>
</text>
</block>
<block><region><rect/><rect/><rect/><rect/><rect/><rect/></region>
<text>
<par>
<line>-e /-i/r&amp;J'enr noù/ùe aw ^ TW'er au</line></par>
<par>
<line>f/{^a9^/^&amp;7na?// i^-e.--l^Ain-,-- -J.a. cotTim</line></par>
<par>
<line>Qh.a^S'i^ies». propriétaire,</line></par>
<par>
<line>-re^^o-7i,!ki^/eJ/ cjiacôm &amp;a œ ^a ^</line>
<line>co-Ÿicm^ie/ c/e ^ÿc ecceac/wn.</line></par>
<par>
<line>S’ait à r^cm/ /e.i.l..J.Â.iJ322.:...</line></par>
</text>
</block>
<block><region><rect/></region>
<text>
<par>
<line>v .- . V / • ' -</line></par>
</text>
</block>







</page>
<page width="2496" height="3504" resolution="300">
<block><region><rect/></region>
<text>
<par>
<line>RANCE</line></par>
</text>
</block>
<block><region><rect/></region>
<text>
<par>
<line>01</line></par>
</text>
</block>
<block><region><rect/></region>
<text>
<par>
<line>Bloc erratique dit "la pierre brune" dans la propriété de M. de Chavannes, sur la rive gauche du ruisseau</line>
<line>de Morbief.</line></par>
<par>
<line>Site classé : 28 mai 1927.</line></par>
</text>
</block>
<block><region><rect/><rect/></region>
<text>
<par/>
</text>
</block>
<block><region><rect/></region>
<text>
<par/>
</text>
</block>
<block><region><rect/></region>
<text>
<par/>
</text>
</block>
<block><region><rect/><rect/><rect/></region>
<text>
<par>
<line>•VA lOjfV. «roieu*</line></par>
<par>
<line>M' "</line></par>
</text>
</block>
<block><region><rect/><rect/><rect/></region>
<text>
<par/>
</text>
</block>
<block><region><rect/></region>
<text>
<par/>
</text>
</block>
<block><region><rect/></region>
<text>
<par/>
</text>
</block>
<block><region><rect/></region>
<text>
<par/>
</text>
</block>
<block><region><rect/></region>
<text>
<par>
<line>BoiJi</line></par>
</text>
</block>
<block><region><rect/></region>
<text>
<par>
<line>:V'/.0</line></par>
</text>
</block>
<block><region><rect/></region>
<text>
<par>
<line>! Oirard</line></par>
</text>
</block>
<block><region><rect/><rect/></region>
<text>
<par/>
</text>
</block>
<block><region><rect/></region>
<text>
<par>
<line>1. J</line></par>
</text>
</block>
<block><region><rect/></region>
<text>
<par>
<line>J,-4</line></par>
</text>
</block>
<block><region><rect/></region>
<text>
<par/>
</text>
</block>
<block><region><rect/></region>
<text>
<par>
<line>f</line></par>
</text>
</block>
<block><region><rect/></region>
<text>
<par>
<line>P» Noy</line></par>
</text>
</block>
<block><region><rect/></region>
<text>
<par>
<line>^78--î</line></par>
</text>
</block>
<block><region><rect/></region>
<text>
<par>
<line>TsT</line></par>
</text>
</block>
<block><region><rect/></region>
<text>
<par>
<line>yc</line></par>
</text>
</block>
<block><region><rect/></region>
<text>
<par>
<line>.280</line></par>
</text>
</block>
<block><region><rect/></region>
<text>
<par/>
</text>
</block>
<block><region><rect/><rect/><rect/></region>
<text>
<par>
<line>Etang SarjoAV ^ l.CClT F'•\°*JLs!?f^''Vî"</line></par>
<par>
<line>^-0.88 * 2Î^r ,..3^-7 / .... i W . 2gâ</line></par>
</text>
</block>
<block><region><rect/></region>
<text>
<par>
<line>ï-rv:</line></par>
</text>
</block>
<block><region><rect/></region>
<text>
<par>
<line>■ytX</line></par>
</text>
</block>
<block><region><rect/></region>
<text>
<par/>
</text>
</block>
<block><region><rect/></region>
<text>
<par>
<line>Gojf/aly</line></par>
</text>
</block>
<block><region><rect/></region>
<text>
<par/>
</text>
</block>
<block><region><rect/></region>
<text>
<par>
<line>+</line></par>
</text>
</block>
<block><region><rect/></region>
<text>
<par>
<line>288,6</line></par>
</text>
</block>
<block><region><rect/></region>
<text>
<par/>
</text>
</block>
<block><region><rect/></region>
<text>
<par>
<line>ranciol</line></par>
</text>
</block>
<block><region><rect/></region>
<text>
<par>
<line>'ijesrCaill^r^fr ;j.</line></par>
</text>
</block>
<block><region><rect/></region>
<text>
<par>
<line>'^1?</line></par>
</text>
</block>
<block><region><rect/></region>
<text>
<par>
<line>.</line></par>
<par>
<line>t nPfîlK V</line></par>
<par>
<line>l; -;; -/|v^</line></par>
</text>
</block>
<block><region><rect/></region>
<text>
<par>
<line>n.K</line></par>
</text>
</block>
<block><region><rect/></region>
<text>
<par>
<line>W--,.</line></par>
</text>
</block>
<block><region><rect/></region>
<text>
<par/>
</text>
</block>
<block><region><rect/></region>
<text>
<par>
<line>k94</line></par>
</text>
</block>
<block><region><rect/><rect/></region>
<text>
<par>
<line>''K I ^</line></par>
<par>
<line>.</line></par>
<par>
<line>.^".OâJîCé' \''i,'--7| ’ Pr&amp;N-</line></par>
</text>
</block>
<block><region><rect/></region>
<text>
<par>
<line>s *.•.-Hari€</line></par>
</text>
</block>
<block><region><rect/></region>
<text>
<par/>
</text>
</block>
<block><region><rect/></region>
<text>
<par>
<line>Volquer</line></par>
</text>
</block>
<block><region><rect/></region>
<text>
<par>
<line>.285 îi</line></par>
</text>
</block>
<block><region><rect/></region>
<text>
<par>
<line>f</line></par>
</text>
</block>
<block><region><rect/></region>
<text>
<par>
<line>Grande</line></par>
</text>
</block>
<block><region><rect/></region>
<text>
<par>
<line>--r</line></par>
</text>
</block>
<block><region><rect/></region>
<text>
<par/>
</text>
</block>
<block><region><rect/></region>
<text>
<par>
<line>^*='==^ÇRa4^cè yV-:; îî</line></par>
<par>
<line>■■'ï-- '. 'î</line>
<line>.'-...^0 PélàgeoiPV&lt;3', ■ L. ^''“''il: jf ’'''• I</line></par>
<par>
<line>tyjjf r. l ^&lt;&amp;- ..: »hL;' .. jjï:;., #</line></par>
</text>
</block>
<block><region><rect/></region>
<text>
<par>
<line>r.:F</line></par>
</text>
</block>
<block><region><rect/></region>
<text>
<par>
<line>K t2î</line></par>
</text>
</block>
<block><region><rect/></region>
<text>
<par>
<line>288</line></par>
</text>
</block>
<block><region><rect/><rect/><rect/></region>
<text>
<par>
<line>%•■ ;^ i -.. I</line></par>
<par>
<line>( \. i- l ‘1»*^ i le&gt; fl.Felli</line></par>
</text>
</block>
<block><region><rect/></region>
<text>
<par>
<line>Pag</line></par>
</text>
</block>
<block><region><rect/></region>
<text>
<par>
<line>""f</line></par>
</text>
</block>
<block><region><rect/></region>
<text>
<par/>
</text>
</block>
<block><region><rect/></region>
<text>
<par/>
</text>
</block>
<block><region><rect/></region>
<text>
<par>
<line>iùneux</line></par>
</text>
</block>
<block><region><rect/></region>
<text>
<par>
<line>ii</line></par>
</text>
</block>
<block><region><rect/></region>
<text>
<par>
<line>i_-</line></par>
</text>
</block>
<block><region><rect/></region>
<text>
<par>
<line>.Gris^</line></par>
</text>
</block>
<block><region><rect/></region>
<text>
<par/>
</text>
</block>
<block><region><rect/><rect/></region>
<text>
<par>
<line>le Champ djArs ••.</line></par>
</text>
</block>
<block><region><rect/></region>
<text>
<par>
<line>la Vavre.i</line></par>
</text>
</block>
<block><region><rect/></region>
<text>
<par>
<line>Gran</line></par>
</text>
</block>
<block><region><rect/></region>
<text>
<par>
<line>2S^Ÿ</line></par>
</text>
</block>
<block><region><rect/></region>
<text>
<par>
<line>291</line></par>
</text>
</block>
<block><region><rect/></region>
<text>
<par>
<line>m</line></par>
</text>
</block>
<block><region><rect/></region>
<text>
<par>
<line>7 ••</line></par>
</text>
</block>
<block><region><rect/></region>
<text>
<par>
<line>-JH</line></par>
</text>
</block>
<block><region><rect/></region>
<text>
<par>
<line>289</line></par>
</text>
</block>
<block><region><rect/></region>
<text>
<par>
<line>^les' Dôüze'P</line></par>
<par>
<line>■-..•^ “;ï</line>
<line>•.. O .P&gt;;</line></par>
</text>
</block>
<block><region><rect/></region>
<text>
<par>
<line>irsules</line></par>
</text>
</block>
<block><region><rect/></region>
<text>
<par/>
</text>
</block>
<block><region><rect/></region>
<text>
<par/>
</text>
</block>
<block><region><rect/></region>
<text>
<par>
<line>S^i</line></par>
</text>
</block>
<block><region><rect/></region>
<text>
<par>
<line>i..</line></par>
</text>
</block>
<block><region><rect/></region>
<text>
<par>
<line>".•.,ctuWorbier^</line></par>
</text>
</block>
<block><region><rect/></region>
<text>
<par>
<line>S'^Maurjce</line></par>
</text>
</block>
<block><region><rect/></region>
<text>
<par>
<line>273</line></par>
</text>
</block>
<block><region><rect/></region>
<text>
<par>
<line>-•'■* ' 27</line></par>
</text>
</block>
<block><region><rect/></region>
<text>
<par>
<line>f I "'"r-^se</line></par>
</text>
</block>
<block><region><rect/></region>
<text>
<par/>
</text>
</block>
<block><region><rect/><rect/></region>
<text>
<par/>
</text>
</block>
<block><region><rect/></region>
<text>
<par>
<line>?27Tk '■</line></par>
</text>
</block>
<block><region><rect/></region>
<text>
<par>
<line>288</line></par>
</text>
</block>
<block><region><rect/></region>
<text>
<par>
<line>,f -^le Gpomêîe'</line></par>
</text>
</block>
<block><region><rect/></region>
<text>
<par>
<line>lï-P</line></par>
</text>
</block>
<block><region><rect/></region>
<text>
<par>
<line>m</line></par>
</text>
</block>
<block><region><rect/></region>
<text>
<par>
<line>BH-a.n c îi'e s</line></par>
</text>
</block>
<block><region><rect/></region>
<text>
<par>
<line>■mé:</line></par>
</text>
</block>
<block><region><rect/></region>
<text>
<par/>
</text>
</block>
<block><region><rect/></region>
<text>
<par>
<line>t—h-~\</line></par>
</text>
</block>
<block><region><rect/></region>
<text>
<par>
<line>/=~i&lt;</line></par>
</text>
</block>
<block><region><rect/></region>
<text>
<par>
<line>.1'^</line></par>
</text>
</block>
<block><region><rect/></region>
<text>
<par>
<line>là CQmfa</line></par>
</text>
</block>
<block><region><rect/></region>
<text>
<par>
<line>W.</line></par>
</text>
</block>
<block><region><rect/></region>
<text>
<par>
<line>VM...</line></par>
</text>
</block>
<block><region><rect/></region>
<text>
<par>
<line>•--Jl</line></par>
</text>
</block>
<block><region><rect/></region>
<text>
<par/>
</text>
</block>
<block><region><rect/></region>
<text>
<par>
<line>"••2</line></par>
</text>
</block>
<block><region><rect/></region>
<text>
<par>
<line>/Bois FWn</line></par>
</text>
</block>
<block><region><rect/></region>
<text>
<par>
<line>r:^s</line></par>
</text>
</block>
<block><region><rect/></region>
<text>
<par/>
</text>
</block>
<block><region><rect/></region>
<text>
<par/>
</text>
</block>
<block><region><rect/></region>
<text>
<par>
<line>p:</line></par>
</text>
</block>
<block><region><rect/></region>
<text>
<par>
<line>:ïïp</line></par>
</text>
</block>
<block><region><rect/><rect/></region>
<text>
<par>
<line>'rfl ’</line></par>
<par>
<line>f ciSfX.,.</line></par>
</text>
</block>
<block><region><rect/></region>
<text>
<par>
<line>Rond</line></par>
</text>
</block>
<block><region><rect/></region>
<text>
<par>
<line>m</line></par>
</text>
</block>
<block><region><rect/></region>
<text>
<par/>
</text>
</block>
<block><region><rect/></region>
<text>
<par>
<line>m</line></par>
</text>
</block>
<block><region><rect/></region>
<text>
<par/>
</text>
</block>
<block><region><rect/></region>
<text>
<par/>
</text>
</block>
<block><region><rect/></region>
<text>
<par/>
</text>
</block>
<block><region><rect/></region>
<text>
<par/>
</text>
</block>
<block><region><rect/></region>
<text>
<par/>
</text>
</block>
<block><region><rect/></region>
<text>
<par>
<line>^Jj^^rjrell^</line></par>
</text>
</block>
<block><region><rect/></region>
<text>
<par>
<line>94.3</line></par>
</text>
</block>
<block><region><rect/></region>
<text>
<par/>
</text>
</block>
<block><region><rect/></region>
<text>
<par>
<line>e... »-</line></par>
</text>
</block>
<block><region><rect/></region>
<text>
<par>
<line>IGN 3030 Est VILLEFRANCHE - 1/25 000</line></par>
</text>
</block>


































</page>
</AC2>