<?xml version="1.0" encoding="UTF-8"?><AC2>
<page width="1661" height="2344" resolution="200">
<block><region><rect/></region>
<text>
<par>
<line>eCAUX-A^TS</line></par>
</text>
</block>
<block><region><rect/></region>
<text>
<par>
<line>SITES</line></par>
</text>
</block>
<block><region><rect/></region>
<text>
<par>
<line>INSCRIPTION</line></par>
</text>
</block>
<block><region><rect/></region>
<text>
<par>
<line>ILLE ET VILAINE</line></par>
<par>
<line>CHATEAU delà MOTTE</line></par>
</text>
</block>
<block><region><rect/></region>
<text>
<par>
<line>S"</line></par>
</text>
</block>
<block><region><rect/></region>
<text>
<par>
<line>BRI</line></par>
</text>
</block>
<block><region><rect/></region>
<text>
<par>
<line>ce</line></par>
</text>
</block>
<block><region><rect/></region>
<text>
<par>
<line>COMMUNE *.</line>
<line>CANTON :</line>
<line>arrondjeT :</line></par>
</text>
</block>
<block><region><rect/></region>
<text>
<par>
<line>B f ice - €n ■ C09 lès</line>
<line>S*‘B*'ice-ftn-Co9lè5</line></par>
<par>
<line>Pougères</line></par>
</text>
</block>
<block><region><rect/></region>
<text>
<par>
<line>CARTE</line></par>
</text>
</block>
<block><region><rect/></region>
<text>
<par>
<line>▲</line></par>
</text>
</block>
<block><region><rect/></region>
<text>
<par>
<line>MICNKLIN</line></par>
</text>
</block>
<block><region><rect/></region>
<text>
<par>
<line>NO 5S</line></par>
</text>
</block>
<block><region><rect/></region>
<text>
<par>
<line>PUI (g</line></par>
</text>
</block>
<block><region><rect/></region>
<text>
<par>
<line>•1</line></par>
</text>
</block>
<block><region><rect/></region>
<text>
<par>
<line>K</line></par>
</text>
</block>
<block><region><rect/></region>
<text>
<par>
<line>V-</line></par>
</text>
</block>
<block><region><rect/></region>
<text>
<par>
<line>h</line></par>
</text>
</block>
<block><region><rect/></region>
<text>
<par>
<line>665</line></par>
</text>
</block>
<block><region><rect/></region>
<text>
<par>
<line>667</line></par>
</text>
</block>
<block><region><rect/></region>
<text>
<par>
<line>661</line></par>
</text>
</block>
<block><region><rect/></region>
<text>
<par>
<line>666</line></par>
</text>
</block>
<block><region><rect/></region>
<text>
<par>
<line>O:</line></par>
</text>
</block>
<block><region><rect/></region>
<text>
<par/>
</text>
</block>
<block><region><rect/></region>
<text>
<par>
<line>Ceau</line></par>
</text>
</block>
<block><region><rect/></region>
<text>
<par>
<line>de</line></par>
</text>
</block>
<block><region><rect/></region>
<text>
<par>
<line>vD&gt;*w:</line></par>
</text>
</block>
<block><region><rect/></region>
<text>
<par>
<line>66^</line></par>
</text>
</block>
<block><region><rect/></region>
<text>
<par>
<line>69«</line></par>
</text>
</block>
<block><region><rect/></region>
<text>
<par>
<line>Pont</line></par>
</text>
</block>
<block><region><rect/></region>
<text>
<par>
<line>66i</line></par>
</text>
</block>
<block><region><rect/></region>
<text>
<par>
<line>651</line></par>
</text>
</block>
<block><region><rect/></region>
<text>
<par>
<line>66^</line></par>
</text>
</block>
<block><region><rect/></region>
<text>
<par/>
</text>
</block>
<block><region><rect/></region>
<text>
<par/>
</text>
</block>
<block><region><rect/></region>
<text>
<par>
<line>«itt</line></par>
</text>
</block>
<block><region><rect/></region>
<text>
<par>
<line>65»</line></par>
</text>
</block>
<block><region><rect/></region>
<text>
<par/>
</text>
</block>
<block><region><rect/></region>
<text>
<par/>
</text>
</block>
<block><region><rect/></region>
<text>
<par>
<line>&lt;61</line></par>
</text>
</block>
<block><region><rect/></region>
<text>
<par/>
</text>
</block>
<block><region><rect/></region>
<text>
<par>
<line>6W</line></par>
</text>
</block>
<block><region><rect/></region>
<text>
<par>
<line>6SÎ</line></par>
</text>
</block>
<block><region><rect/></region>
<text>
<par>
<line>65»</line></par>
</text>
</block>
<block><region><rect/></region>
<text>
<par>
<line>661</line></par>
</text>
</block>
<block><region><rect/></region>
<text>
<par>
<line>Motto</line></par>
</text>
</block>
<block><region><rect/></region>
<text>
<par>
<line>660</line></par>
</text>
</block>
<block><region><rect/></region>
<text>
<par>
<line>Echelle ; i/iSco</line></par>
</text>
</block>
<block><region><rect/></region>
<text>
<par>
<line>CD</line></par>
</text>
</block>
<block><region><rect/></region>
<text>
<par>
<line>sct-iCc</line></par>
</text>
</block>
<block><region><rect/></region>
<text>
<par>
<line>Pafbtc</line></par>
</text>
</block>
<block><region><rect/></region>
<text>
<par>
<line>^ il Ta</line></par>
</text>
</block>
































</page>
<page width="1653" height="2338" resolution="200">
<block><region><rect/></region>
<text>
<par>
<line>AHHETS D»î 4 DlCl£:3Ha; 194 2</line></par>
</text>
</block>
<block><region><rect/><rect/><rect/></region>
<text>
<par>
<line>Fftt iaacrit nxr 1’In'»rêntaî r** don :îo^t le.</line></par>
<par>
<line>c®ns^r^ati *tn prisant® un intirat .qjiniral 1# Chttt®»u de</line>
<line>Saint-Brica avac sas abords \ ^aint-Brî ca-on-Ca e«</line></par>
<par>
<line>(in a-at-’^ilaina) carapranant l*n parcall^s cadastrales</line>
<line>H* C61 4 '68j flaefan B annartanant \ Ü. Bamard d®</line>
<line>PuaLPI-^niiT du HALaOlIST, Maira da Lanssn (ine-at-'^l-</line>
<line>La perinètre da l’ansarsbla ast défini par ;</line></par>
<par>
<line>au BHD : la raut® national# d# Faugèras à laint-TTola</line></par>
<par>
<line>4 l'BoX : la cant-i'ir da la parcall® ”57 d% lu li'f#</line></par>
<par>
<line>, gancha d# la L01i3ÂÎÎCE jusqu’à sa bifurcation.</line></par>
<par>
<line>au UÜKI) • La riva droit# du patit bras d# 1 a Lai sanc#</line>
<line>Jusqu’à la chausse# du ’^oulin da la-Fatt#*</line></par>
<par>
<line>l’onEST ; La chaussé® du ''oulin - les cont%ir« 'l'ID</line>
<line>d«a parc-ll*3 661 «t VS ( non compris l'-s</line>
<line>batiments d® f#ma, mai# y coraoris la fîhtpall#).</line>
<line>Los contours OhEST d»s parc#l les 6G3bis • 653 -</line>
<line>CG7 - 6ÔÔ Jusqu’à la ro ite :;ation.‘il • d'nrij^îne</line>
<line>in pérlraètra.</line></par>
<par>
<line>^n e» ui concerne l'^s iai.subies bâtis, lu meoura</line>
<line>s’a^ lique aux façades, 4l îjvatians *t tai fcutrs.</line></par>
<par>
<line>Par déî jgation</line></par>
<par>
<line>Le C'jnaeillar i’Stat</line></par>
<par>
<line>Pour cant® canfarma 3-crétaira lén ?rf:l</line></par>
<par>
<line>Le Chef du Bureau 4as des Batsux-Arts ;</line></par>
<par>
<line>/ onun^nts historiques</line>
<line>at d#s Bites :</line></par>
</text>
</block>
<block><region><rect/></region>
<text>
<par>
<line>ligné î L. hA'T DCü’lTH</line></par>
</text>
</block>








<block blockType="Picture" blockName="" l="10" t="7" r="1648" b="2331"><region><rect/></region>
</block>
</page>
</AC2>