<?xml version="1.0" encoding="UTF-8"?><AC2>
<page width="2491" height="3513" resolution="300">
<block><region><rect/></region>
<text>
<par>
<line>PUBLIQUE FRANÇAISE</line></par>
</text>
</block>
<block><region><rect/></region>
<text>
<par/>
</text>
</block>
<block><region><rect/></region>
<text>
<par>
<line>co</line></par>
</text>
</block>
<block><region><rect/><rect/><rect/></region>
<text>
<par/>
</text>
</block>
<block><region><rect/><rect/><rect/><rect/></region>
<text>
<par>
<line>pou*-</line></par>
<par>
<line>v.'' .t V-"-!)!;-. 'v</line></par>
<par>
<line>■ ~ ■;V. ‘.■'/'‘A</line></par>
</text>
</block>
<block><region><rect/></region>
<text>
<par>
<line>uve</line></par>
</text>
</block>
<block><region><rect/></region>
<text>
<par/>
</text>
</block>
<block><region><rect/></region>
<text>
<par>
<line>eue</line></par>
</text>
</block>
<block><region><rect/></region>
<text>
<par/>
</text>
</block>
<block><region><rect/></region>
<text>
<par>
<line>STERE DE L’AMENAGEMENT DU TERRITOIRE</line>
<line>ET DE L’ENVIRONNEMENT</line></par>
</text>
</block>
<block><region><rect/></region>
<text>
<par>
<line>DECRET if AOUT 199^</line></par>
</text>
</block>
<block><region><rect/></region>
<text>
<par>
<line>portant classement parmi les sites des départements de l’Ardèche et de la Haute-Loire</line>
<line>du massif du MEZENC, sur le territoire des communes de Borée, du Béage,</line>
<line>de La Rochette et de Saint-Martial (Ardèche) et de Chaudeyrolles,</line>
<line>des Estables et de Saint-Front (Haute-Loire).</line></par>
</text>
</block>
<block blockType="Table" blockName="" l="602" t="1339" r="1660" b="1502"><region><rect/></region>
<row>
<cell topBorder="White" width="255" height="163">
<text>
<par>
<line>NOR ;</line></par>
</text></cell>
<cell topBorder="White" rightBorder="White" width="222" height="163">
<text>
<par>
<line>m</line></par>
</text></cell>
<cell leftBorder="White" width="171" height="163">
<text>
<par>
<line>31</line></par>
</text></cell>
<cell rightBorder="White" width="102" height="163">
<text>
<par>
<line>5 (</line></par>
</text></cell>
<cell leftBorder="White" rightBorder="White" width="135" height="163">
<text>
<par/>
</text></cell>
<cell leftBorder="White" width="173" height="163">
<text>
<par/>
</text></cell></row>
</block>
<block><region><rect/></region>
<text>
<par>
<line>Le Premier ministre</line></par>
</text>
</block>
<block><region><rect/></region>
<text>
<par>
<line>Sur le rapport du ministre de l’aménagement du territoire et de l'environnement,</line></par>
<par>
<line>VU la loi du 2 mai 1930 réorganisant la protection des monuments naturels et des sites de caractère</line>
<line>artistique, historique, scientifique, légendaire ou pittoresque, modifiée notamment par la loi n° 67-</line>
<line>1174 du 28 décembre 1967, en particulier ses articles 5-1, 6, 7 et 8, ensemble le décret n° 69-607</line>
<line>du 13 juin 1969 pris pour son application ;</line></par>
<par>
<line>VU les conclusions de l'enquête administrative prescrite respectivement par arrêté du préfet de</line>
<line>l'Ardèche en date du 10 septembre 1993 et du préfet de la Haute-Loire en date du 16 septembre</line>
<line>1993 et qui s'est déroulée du 27 septembre 1993 au 26 octobre 1993, et notamment l'absence de</line>
<line>consentement de certains propriétaires ;</line></par>
<par>
<line>VU la délibération du conseil municipal de BOREE en date du 16 octobre 1993 ;</line></par>
<par>
<line>VU la délibération du conseil municipal de LA ROCHETTE en date du 22 octobre 1993 ;</line></par>
<par>
<line>VU la délibération du conseil municipal de SAINT-MARTIAL en date du 25 octobre 1993 ;</line></par>
<par>
<line>VU la délibération du conseil municipal de CHAUDEYROLLES en date du 8 octobre 1993 ;</line></par>
<par>
<line>VU la délibération du conseil municipal des ESTABLES en date du 12 octobre 1993 ;</line></par>
<par>
<line>VU la délibération du conseil municipal de SAINT-FRONT en date du 14 janvier 1994 ;</line></par>
</text>
</block>
<block><region><rect/></region>
<text>
<par>
<line>t</line></par>
</text>
</block>
<block><region><rect/></region>
<text>
<par>
<line>MO 2 0 ^ 0 3 5EP. 1997</line></par>
</text>
</block>





















</page>
<page width="2484" height="3509" resolution="300">
<block><region><rect/></region>
<text>
<par>
<line>2</line></par>
</text>
</block>
<block><region><rect/></region>
<text>
<par>
<line>VU l'avis émis par la Commission départementale des sites, perspectives et paysages de</line>
<line>r ARDECHE le 21 décembre 1994 ;</line></par>
<par>
<line>VU l'avis émis par la Commission départementale des sites, perspectives et paysages de la HAUTE-</line>
<line>LOIRE le 24 février 1994 ;</line></par>
<par>
<line>VU l'avis émis par la Commission supérieure des sites, perspectives et paysages le 16 novembre</line>
<line>1995;</line></par>
<par>
<line>VU l'avis du ministre délégué au budget, porte parole du gouvernement en date du 9 août 1996 ;</line></par>
<par>
<line>VU l'avis du ministre de l'agriculture, de la pêche et de l'alimentation en date du 29 janvier 1997 ;</line></par>
<par>
<line>Le Conseil d'Etat (section des travaux publics) entendu ;</line></par>
<par>
<line>Considérant que la conservation du site du massif du Mézenc présente, en raison de son caractère</line>
<line>pittoresque, un intérêt général au sens de l'article 4 de la loi du 2 mai 1930 susvisée,</line></par>
<par>
<line>DECRETE :</line></par>
</text>
</block>
<block><region><rect/></region>
<text>
<par>
<line>Article 1er : Est classé parmi les sites des départements de l'Ardèche et de la Haute-Loire, le site</line>
<line>constitué par le massif du Mézenc sur le territoire des communes de BOREE, du BEAGE, de LA</line>
<line>ROCHETTE et de SAINT-MARTIAL (Ardèche) et de CHAUDEYROLLES, des ESTABLES et</line>
<line>de SAINT-FRONT (Haute-Loire), d'une superficie de 4.300 hectares environ et délimité comme</line>
<line>suit, conformément à la carte au l/25.000ème et aux plans cadastraux annexés, et dans le sens des</line>
<line>aiguilles d'une montre :</line></par>
<par>
<line>I - DEPARTEMENT DE LA HAUTE-LOIRE</line></par>
</text>
</block>
<block><region><rect/></region>
<text>
<par>
<line>I ) COMMUNE DES ESTABLES</line>
<line>TABLEAU D'ASSEMBT.AGE</line></par>
</text>
</block>
<block><region><rect/></region>
<text>
<par>
<line>A partir du point situé à l'intersection du CD 36 avec la limite entre les départements de l'Ardèche et</line>
<line>de la Haute-Loire</line></par>
<par>
<line>- 3 &lt;7</line></par>
<par>
<line>SECTION AR</line></par>
<par>
<line>- Chemin de Blacheredonde à Vertebrun</line></par>
<par>
<line>- Limite entre les parcelles n“s 80 et 82</line></par>
<par>
<line>- Limites Sud, Ouest, Sud, Est et Nord de la parcelle n° 83</line></par>
<par>
<line>- Limite entre les parcelles n“s 4 et 5</line></par>
<par>
<line>- Limite Nord des parcelles a®s 5 et 83</line></par>
<par>
<line>- Limite Est de la parcelle n° 83</line></par>
<par>
<line>- Limite entre les Ueux-dits Blot et Ventebrun</line></par>
<par>
<line>- Limite entre les sections AS et AR</line></par>
</text>
</block>






</page>
<page width="2484" height="3509" resolution="300">
<block><region><rect/></region>
<text>
<par>
<line>3</line></par>
</text>
</block>
<block><region><rect/></region>
<text>
<par>
<line>- Limite entre les parcelles n°s 47 et 39</line></par>
<par>
<line>- Limite entre la parcelle n° 39 et les parcelles n°s 40 et 38</line></par>
<par>
<line>- Chemin dit de Chaulet à Gire</line></par>
<par>
<line>- Limite entre les sections AR et AP</line></par>
<par>
<line>TABLEAU D'ASSEMBLAGE</line></par>
</text>
</block>
<block><region><rect/></region>
<text>
<par>
<line>- Limite entre les sections AP et AO</line></par>
<par>
<line>- Limite entre les sections AK et AM</line></par>
<par>
<line>SECTION AL</line></par>
</text>
</block>
<block><region><rect/></region>
<text>
<par>
<line>- Limite entre les sections AL et AM</line></par>
<par>
<line>- Limite Ouest de la parcelle n° 21</line></par>
<par>
<line>- Limite de la parcelle n° 18 avec les parcelles n°s 23 puis 97</line>
<line>” Limite des parcelles n®s 97 et 156</line></par>
<par>
<line>-Une ligne fictive rejoignant l'intersection des parcelles n°s 97,98 et 99</line></par>
<par>
<line>- Limite entre les parcelles n^s 98 et 99</line></par>
<par>
<line>- Limite entre les parceües n°s 99, 100 et 7 avec la parcelle n° 101</line></par>
<par>
<line>- Chemin dit des Pouchoux aux infiuits</line></par>
<par>
<line>- Limite entre les sections AL et AE</line></par>
<par>
<line>T.4BLEAU D'ASSEMBLAGE</line></par>
</text>
</block>
<block><region><rect/></region>
<text>
<par>
<line>- Limite entre les sections AK et AE</line></par>
<par>
<line>- Limite entre les sections AH et AE</line></par>
<par>
<line>SECTION AK</line></par>
</text>
</block>
<block><region><rect/></region>
<text>
<par>
<line>- Chemin dit d^ Infiuits aux Pouchoux jusqu'à l'intersection avec les parcelles n°s 51 et 52</line></par>
<par>
<line>- Limite entre les parcelles n®s 39 et 52</line></par>
<par>
<line>SECTION AI</line></par>
</text>
</block>
<block><region><rect/></region>
<text>
<par>
<line>- Limite entre les parcelles n°s 28 et 27 et la parcelle n“ 26</line></par>
<par>
<line>- Limite communale entre LES ESTABLES et SAINT-FRONT</line></par>
<par>
<line>2)COMMUNE de SAINT-FRONT</line>
<line>SECTION BO</line></par>
</text>
</block>
<block><region><rect/></region>
<text>
<par>
<line>- Limite Sud et Est de la parcelle n° 35</line></par>
<par>
<line>- Limite Est de la parcelle n° 36</line></par>
<par>
<line>- Limite Ouest de la parcelle n° 13</line></par>
<par>
<line>- Limite de la section BL, avec les sections BO et BM</line></par>
</text>
</block>






</page>
<page width="2484" height="3509" resolution="300">
<block><region><rect/></region>
<text>
<par>
<line>4</line></par>
</text>
</block>
<block><region><rect/></region>
<text>
<par>
<line>TABLEAU D'ASSEMBLAGE</line></par>
<par>
<line>- Le ruisseau des Bastides</line></par>
<par>
<line>- La rivière du Lignon</line></par>
<par>
<line>3)COMMUNE DE CHAUDEYROLLES •</line>
<line>SECTION ZL</line></par>
</text>
</block>
<block><region><rect/></region>
<text>
<par>
<line>- Chemin d'exploitation des Seuils</line>
<line>SECTION ZN</line></par>
</text>
</block>
<block><region><rect/></region>
<text>
<par>
<line>- Chemin d'exploitation de Valette aux Seuils</line></par>
<par>
<line>“ Limite Nord-Oue^ des parcelles n°s 38 f, 38 g et 38 c</line></par>
<par>
<line>- Limite Nord-Est de la parcelle n° 38 c</line>
<line>“ Limite entre les sections ZN et ZM</line></par>
<par>
<line>- Une ligne fictive rejoignant le point géodésique borné situé sur la parcelle n°s 14 b et</line>
<line>traversant les parcelles n'^s 14 h et 14 b</line></par>
<par>
<line>- Une ligne fictive joignant le point géodésique précité avec le point situé à la jonction</line>
<line>des sections ZN, ZM et ZA et traversant les parcelles n°s 14 b et 14 g</line></par>
<par>
<line>SECTION ZM</line></par>
</text>
</block>
<block><region><rect/></region>
<text>
<par>
<line>- Limite entre les sections ZM et ZA jusqu'au ruisseau du Salin</line></par>
<par>
<line>- Franchissement du chemin d'exploitation du Bourg à Chaudeyrolles</line></par>
<par>
<line>- Limite entre les parcelles n°s 41 et 16</line></par>
<par>
<line>- Limite entre les parcelles n°s 16 et 17</line></par>
<par>
<line>- Voie communale rf 2</line></par>
<par>
<line>- Limite entre les parcelles n°s 21 et 23</line></par>
<par>
<line>- Chemin rural de Chantemerle à la Croix de Pecata</line></par>
<par>
<line>TABLEAU D'ASSEMBLAGE</line></par>
</text>
</block>
<block><region><rect/></region>
<text>
<par>
<line>- Limite entre les sections ZK et ZI jusqu'à la limite entre les départements de la Haute-Loire et de</line>
<line>l'Ardèche</line></par>
<par>
<line>n - DEPARTEMENT DE L'ARDECHE</line></par>
<par>
<line>1)COMMUNE DE LA ROCHETTE</line>
<line>TABLEAU D'ASSEMBLAGE</line></par>
</text>
</block>
<block><region><rect/></region>
<text>
<par>
<line>Limite entre les sections A3 et A2</line></par>
</text>
</block>









</page>
<page width="2484" height="3509" resolution="300">
<block><region><rect/></region>
<text>
<par>
<line>5</line></par>
</text>
</block>
<block><region><rect/></region>
<text>
<par>
<line>SECTION A3</line></par>
</text>
</block>
<block><region><rect/></region>
<text>
<par>
<line>- Limite Nord-Ouest et Nord-Est de la parcelle n° 251</line></par>
<par>
<line>- Limite Sud-Ouest de la parcelle n° 233</line></par>
<par>
<line>- Chemin de Borée au Vialard</line></par>
<par>
<line>- Limites Sud-Ouest et Nord-Ouest de la parcelle n° 217</line></par>
<par>
<line>TABLEAU D'ASSEMBLAGE</line></par>
</text>
</block>
<block><region><rect/></region>
<text>
<par>
<line>- Ruisseau de Praforos</line></par>
<par>
<line>- Limite entre les sections A2 et A4</line></par>
<par>
<line>- Ruisseau du Chanal</line></par>
<par>
<line>SECTION DI</line></par>
</text>
</block>
<block><region><rect/></region>
<text>
<par>
<line>- Limite entre les lieux-dits "Le Gay" et "les Sauvages"</line></par>
<par>
<line>- Traversée de la draye communale jusqu'à la limite Nord de la parceOe n° 28</line></par>
<par>
<line>- Limite Nord et Est de la parcelle n° 28</line></par>
<par>
<line>- Limite des sections D ! et D2</line></par>
<par>
<line>SECTION D2</line></par>
</text>
</block>
<block><region><rect/></region>
<text>
<par>
<line>- Chemin non numéroté en bordure des parceUes n°s 278,279,280,301 et 333</line></par>
<par>
<line>- Chemin non numéroté en bordure des parcelles n°s 343 puis 344</line></par>
<par>
<line>- Voie communale n° 3 dite d’Antraygues</line></par>
<par>
<line>- Ruisseau en limite des parcelles n°s 403,402,400,367,366,365 et 364</line></par>
<par>
<line>2)COMMUNE DE BOREE</line></par>
<par>
<line>SECTION H3</line></par>
</text>
</block>
<block><region><rect/></region>
<text>
<par>
<line>- Rive gauche du misseau d'Antxaygues et sa traversée</line></par>
<par>
<line>- Chemin non numéroté en limite des parceUes n°s 326 et 324.</line></par>
<par>
<line>- Chemin rural non numéroté en limite des parcelles n“s 340,342,344,349</line></par>
<par>
<line>SECTION E2</line></par>
</text>
</block>
<block><region><rect/></region>
<text>
<par>
<line>- Traversée de la rivière Saliouse</line></par>
<par>
<line>- Ancien chemin de Borée à Antraygues</line></par>
<par>
<line>- Chemin non numéroté en limite des parcelles n°s 186 et 191.</line></par>
<par>
<line>- Chemin départemental n° 278 de Valamas à Borée.</line></par>
<par>
<line>- Chemin rural non numéroté en limite des parcelles n°s 170, 169,168,205,238 et 237.</line></par>
<par>
<line>- Chemin du Béage à Borée</line></par>
<par>
<line>- Limite Est de la parcelle n° 334.</line></par>
<par>
<line>-Limite entre les parcelles n°s 319 et 344 ,</line></par>
<par>
<line>- Chemin départemental n° 378 du Ponî-des-Lièvres à la route nadonaîe</line></par>
<par>
<line>- Limites Est des parcelles n^s 352,351,989 et 988</line></par>
<par>
<line>- Chemin départemental n° 215 de Borée à Lachamp-Raphaël</line></par>
</text>
</block>






</page>
<page width="2484" height="3508" resolution="300">
<block><region><rect/></region>
<text>
<par>
<line>6</line></par>
</text>
</block>
<block><region><rect/></region>
<text>
<par>
<line>TABLEAU D'ASSEMBLAGE</line></par>
</text>
</block>
<block><region><rect/></region>
<text>
<par>
<line>- Chemin départemental n° 215 de Borée à Lachamp-Raphaël</line>
<line>SECTION E3</line></par>
</text>
</block>
<block><region><rect/></region>
<text>
<par>
<line>- Limites entre les sections E3 et E4</line></par>
<par>
<line>- Limite Nord des parcelles n°s 702,701 et 709</line></par>
<par>
<line>- Limite Sud des parcelles n°s 684,686,687</line></par>
<par>
<line>- Chemin non numéroté en limite des parcelles n°s 688,684,636.</line></par>
<par>
<line>- Limite entre les parcelle n°s 635 et 636</line></par>
<par>
<line>- Chemin départemental n“ 215 de Borée à Lachamp-Raphaël</line></par>
<par>
<line>SECTION D4</line></par>
</text>
</block>
<block><region><rect/></region>
<text>
<par>
<line>- Chemin départemental n° 215 de Borée à Burget</line></par>
<par>
<line>- Traversée du chemin départemental n° 215</line></par>
<par>
<line>- Limite Est de la parcelle n° 525</line></par>
<par>
<line>- Traversée de la rivière VEysse</line></par>
<par>
<line>- Rive droite de l'Eysse (rivière)</line></par>
<par>
<line>SECTION F2</line></par>
</text>
</block>
<block><region><rect/></region>
<text>
<par>
<line>- Ruisseau des Abattues</line></par>
<par>
<line>-Limite Sud des parcelles n°s 106, 102</line></par>
<par>
<line>- Ligne fictive à travers la parcelle n“ 99, joignant l'angle Nord-Est de la parcelle n° 100 à l'angle</line>
<line>Sud de la parcelle n° 98</line></par>
<par>
<line>3)COMMUNE DE SAINT-MARTIAL</line></par>
<par>
<line>SECTION B3</line></par>
</text>
</block>
<block><region><rect/></region>
<text>
<par>
<line>- Limite communale entre Borée et Saint-Martial</line></par>
<par>
<line>- A travers la parcelle n° 105, une ligne fictive à partir de l'angle Est de ta parcelle n° 106 jusqu'au</line>
<line>point de rencontre des parcelles n°s 105,110 et 239</line></par>
<par>
<line>- A partir du point précédent, la double Ligne pomtillée qui traverse les parcelles n'^s 239 et 235 pour</line>
<line>aboutir à la rencontre du ravin de Ventile avec la Ehaye</line></par>
<par>
<line>- Ruisseau du Viakrd vers l'Ouest</line></par>
<par>
<line>TABLEAU D'ASSEMBLAGE</line></par>
</text>
</block>
<block><region><rect/></region>
<text>
<par>
<line>- Limite entre les sections B1 et B2</line></par>
<par>
<line>- Ancien chemin de Bonnefoy à la Rouveyre</line></par>
</text>
</block>






</page>
<page width="2484" height="3508" resolution="300">
<block><region><rect/></region>
<text>
<par>
<line>7</line></par>
</text>
</block>
<block><region><rect/></region>
<text>
<par>
<line>SECTION Al</line></par>
</text>
</block>
<block><region><rect/></region>
<text>
<par>
<line>- Chemin mra] de Peyrala à la Costarasse</line></par>
<par>
<line>- Limite entre la parcelle n° 143 et la section A2</line></par>
<par>
<line>- Ruisseau de Pourcieux</line></par>
<par>
<line>- Limite communale entre Saint-Martial et Borée</line></par>
<par>
<line>4)COMMUNE DE BOREE</line></par>
<par>
<line>SECTION G 4</line></par>
</text>
</block>
<block><region><rect/></region>
<text>
<par>
<line>- Ravin le long des limites Nord-Est des parcelles n°s 284, 285 et 287</line></par>
<par>
<line>- Limite Nord des parcelles n°s 503,300,481,315 et 314</line></par>
<par>
<line>- Limite Nord-Est de la parcelle n° 320</line></par>
<par>
<line>- Chemin départemental n° 378 du Pont-des Lièvres à la route nationale n° 578</line></par>
<par>
<line>5)COMMUNE DU BEAGE</line></par>
<par>
<line>SECTION Cl</line></par>
</text>
</block>
<block><region><rect/></region>
<text>
<par>
<line>- Chemin n° 36</line>
<line>SECTION C2</line></par>
</text>
</block>
<block><region><rect/></region>
<text>
<par>
<line>- Chemin de grande communication n° 36 du Puy à la route nationale n“ 535</line></par>
<par>
<line>- Ravin des Piquets</line></par>
<par>
<line>- Limites Sud-Est des parcelles n°s 242, 67, 68 et 69</line></par>
<par>
<line>- Ravin du Pré du Seigneur le long de la parcelle n° 70 jusqu'à la section C4</line></par>
<par>
<line>SECTION C4</line></par>
<par>
<line>- Ruisseau du Pré des Vaches</line></par>
<par>
<line>- Chemin de Grangeas au Pré de Bouteyre</line></par>
<par>
<line>- Limite de la parcelle n° 124 avec les parceOes n“s 138 et 139</line></par>
<par>
<line>- Ravin le long de la parcelle n° 109</line></par>
<par>
<line>- Ravin de Musaran</line></par>
<par>
<line>- La Veyradeyre (rivière)</line></par>
<par>
<line>SECTION Cl</line></par>
</text>
</block>
<block><region><rect/></region>
<text>
<par>
<line>- Limite Nord-Ouest et Nord-Est de la parcelle n“ 32</line></par>
<par>
<line>- Limite des Lieux-dits "La Grande Borie" et "Pré des Boeufs"</line></par>
<par>
<line>- Chemin départemental n° 36 du Puy à la route nationale n° 535, jusqu’au point de départ.</line></par>
<par>
<line>Article 2 : Le présent décret sera notifié aux préfets de l’Ardéche et de la Haute-Loire, ainsi qu’aux</line>
<line>maires de BOREE, du BEAGE, de LA ROCHETTE, de SAINT-MARTIAL, de</line>
<line>CHAUDEYROLLES, des ESTABLES et de SAINT-FRONT.</line></par>
</text>
</block>








</page>
<page width="2484" height="3508" resolution="300">
<block><region><rect/></region>
<text>
<par>
<line>s</line></par>
</text>
</block>
<block><region><rect/></region>
<text>
<par>
<line>Arricle 3 : Le présent décret ainsi que le plan au l/25.(XX)àne et les plans cadastraux annexés</line>
<line>pourront être consuhés à la préfecture de l'Ardèche et de la Haute-Loire et dans les mairies de</line>
<line>BOREE, du BEAGE, de LA ROCHETTE, de SAINT-MARTIAL, de CHAUDEYROLLES, des</line>
<line>ESTABLES et de SAINT-FRONT.</line></par>
<par>
<line>Article 4 : Le ministre de T aménagement du territoire et de l’environnement est chargé de</line>
<line>l'exécution du présent décret qui sera publié ai Journal ofiBctel de la République française.</line></par>
</text>
</block>
<block><region><rect/></region>
<text>
<par>
<line>Fait à Paris, le 4Û(j| |997</line></par>
</text>
</block>
<block><region><rect/></region>
<text>
<par>
<line>Lionel JOSPiN</line>
<line>Par le Premier ministre</line></par>
</text>
</block>
<block><region><rect/></region>
<text>
<par>
<line>Le ministre de l’aménagement du territoire et de l’environnement</line></par>
</text>
</block>
<block><region><rect/></region>
<text>
<par>
<line>Dominique VOYNET</line></par>
</text>
</block>


</page>
</AC2>