<?xml version="1.0" encoding="UTF-8"?><AC2>
<page width="1656" height="2339" resolution="200">
<block><region><rect/></region>
<text>
<par/>
</text>
</block>
<block><region><rect/></region>
<text>
<par>
<line>c/&lt;î •^- e^é c/e^</line></par>
</text>
</block>
<block><region><rect/></region>
<text>
<par>
<line>J, tt*^ eiC» ^a^tà. 7SÛ4SI ^a-%^ ^^ee/ctc tfy</line>
<line>âSS-.^0.40</line></par>
</text>
</block>
<block><region><rect/></region>
<text>
<par>
<line>ARRETE</line></par>
</text>
</block>
<block><region><rect/></region>
<text>
<par>
<line>LE MINISTRE DE LA CULTURE ET DE L'ENVIRONNEMENT</line></par>
</text>
</block>
<block><region><rect/></region>
<text>
<par>
<line>VU</line></par>
</text>
</block>
<block><region><rect/></region>
<text>
<par>
<line>VU</line></par>
<par>
<line>VU</line></par>
<par>
<line>VU</line></par>
<par>
<line>VU</line></par>
<par>
<line>VU</line></par>
<par>
<line>VU</line></par>
<par>
<line>VU</line></par>
<par>
<line>VU</line></par>
<par>
<line>VU</line></par>
<par>
<line>VU</line></par>
<par>
<line>VU</line></par>
<par>
<line>VU</line></par>
</text>
</block>
<block><region><rect/></region>
<text>
<par>
<line>la loi du 2 mai 1930 réorganisant la protection des monuments naturels</line>
<line>et des sites de caractère artistique,.historique, scientifique, légendaire</line>
<line>ou pittoresque, modifiée par la loi n" 67.1174 du 28 décembre 1967 et</line>
<line>notamment l'article 4 ;</line></par>
</text>
</block>
<block><region><rect/></region>
<text>
<par>
<line>le décret n” 69.607 du 13 juin 1969 portant application des articles 4 et</line>
<line>5.1 de la loi du 2 mai 1930 sur la protection des sites ;</line></par>
<par>
<line>la loi du 12 avril 1943 portant ré^mentation de la publicité et des</line>
<line>enseignes et notamment les articles 5 et 9 ;</line></par>
<par>
<line>le décret du 9 février 1968 portant application du décret du 7 février</line>
<line>1959 modifié relatif au camping et notamment les articles 2 et 6 ;</line></par>
<par>
<line>le décret n" 72.37 du 11 janvier 1972 relatif au stationnement des</line>
<line>caravanes et notamment les articles 3, 7, 9 et 10 ;</line></par>
<par>
<line>le décret n" 70.238 du 31 mars 1970 relatif à- la composition et au</line>
<line>fonctionnement des commissions départementales et supérieures des sites ;</line></par>
</text>
</block>
<block><region><rect/></region>
<text>
<par>
<line>l'avis émis le 13 juin 1975 par le Conseil municipal de Cucq ;</line></par>
<par>
<line>l'avis émis le 23 juillet 1975 par le Conseil municipal de Airon-notre-</line>
<line>Dame ;</line></par>
</text>
</block>
<block><region><rect/></region>
<text>
<par>
<line>l'avis émis</line></par>
<par>
<line>l'avis émis</line></par>
<par>
<line>l’avis émis</line></par>
<par>
<line>l'avis émis</line>
<line>sur Mer ;</line></par>
</text>
</block>
<block><region><rect/></region>
<text>
<par>
<line>le 10 février 1976 par le Conseil municipal de Merlimont ;</line>
<line>le 11 juin 1975 par le Conseil municipal de Rang-du~Fliers ;</line>
<line>le 27 mai 1975 par le Conseil municipal de Saint-Aubin ;</line>
<line>le 26 septembre 1975 par le Conseil municipal de Saint-Josse</line></par>
</text>
</block>
<block><region><rect/></region>
<text>
<par>
<line>les avis émis le 3 juillet 1972, 30 mai 1973, 5 mai 1976 par la</line>
<line>Commission départemer.tale des sites, perspectives et paysages du Pas-de-</line>
<line>Calais ;</line></par>
</text>
</block>
<block><region><rect/></region>
<text>
<par>
<line>ARRETE :</line></par>
<par>
<line>Article 1er ; est inscrit à l'inventaire des sites du département du Pas-</line>
<line>de-Calais, l'ensemble constitué par les marais arrière-littoraux, dits de</line>
<line>"Cucq-Villiers et Merlimont", sur les communes de Saint-Josse, Merlimont,</line>
<line>Cucq, Saint-Aubin, Airon-notre-Deme, Airon-St-Vaast et Rang-du-Fliers,</line>
<line>délimité comme suit, dans le sens des aiguilles d'une montre :</line></par>
</text>
</block>



</page>
<page width="2493" height="3515" resolution="300">
<block><region><rect/></region>
<text>
<par>
<line>au Nord :</line></par>
</text>
</block>
<block><region><rect/></region>
<text>
<par>
<line>le C.D. 144 sur le territoire de la commune de St-Josse</line></par>
<par>
<line>à l'Est :</line></par>
<par>
<line>la voie ferrée Abbeville-Boulogne</line></par>
<par>
<line>Au Sud :</line></par>
<par>
<line>la limite sud de la section AX du cadastre de Rang-du-Fliers</line>
<line>le C.D. 140</line></par>
<par>
<line>la limite entre les sous-sections cadastrales du hameau d'Epy</line>
<line>et de la grande Canarderie (section C3 du cadastre de Merlimont)</line>
<line>jusqu'à la source de la petite Tringue.</line></par>
<par>
<line>A l'Ouest :</line></par>
</text>
</block>
<block><region><rect/></region>
<text>
<par>
<line>de l'amont vers l'aval :</line></par>
<par>
<line>la petite Tringue - la rivière du Bras d'Or - la grande Tringue</line>
<line>jusqu'au C.D. 144 (point de départ).</line></par>
</text>
</block>
<block><region><rect/></region>
<text>
<par>
<line>tel que le périmètre apparaît sur le plan au 1/50.000“ ci-annexé.</line></par>
</text>
</block>
<block><region><rect/></region>
<text>
<par>
<line>Article 2 ;</line></par>
<par>
<line>Le présent arrêté sera notifié au Préfet du département du Pas-de-Calais</line>
<line>et au:c maires des communes de Saint-Josse, Merlimont, Cucq, Saint-Aubin,</line>
<line>Airon-notre-Dame, Airon-St-Vaast, et Rang-du-Fliers qui seront responsables</line>
<line>chacun en ce qui le concerne de son exécution.</line></par>
</text>
</block>
<block><region><rect/></region>
<text>
<par>
<line>Fait à Paris, le 13 OCT. 1977</line></par>
</text>
</block>
<block><region><rect/></region>
<text>
<par>
<line>Le Ministre de la Culture et de l'Environnement</line></par>
</text>
</block>
<block><region><rect/></region>
<text>
<par>
<line>Michel d'OBJVÎANO</line></par>
</text>
</block>
<block><region><rect/></region>
<text>
<par>
<line>Pour ampliation,</line></par>
<par>
<line>le Directeur de la Mission</line></par>
<par>
<line>de 1'Environnement Rural et Urbain</line></par>
</text>
</block>
<block><region><rect/></region>
<text>
<par>
<line>■'J</line></par>
</text>
</block>
<block><region><rect/></region>
<text>
<par>
<line>L. CHABASON</line></par>
</text>
</block>





</page>
<page width="2483" height="3508" resolution="300">
<block><region><rect/></region>
<text>
<par>
<line>Cj/ ■■</line></par>
</text>
</block>
<block><region><rect/></region>
<text>
<par>
<line>■l</line></par>
</text>
</block>
<block><region><rect/><rect/><rect/></region>
<text>
<par/>
</text>
</block>
<block><region><rect/></region>
<text>
<par/>
</text>
</block>
<block><region><rect/><rect/></region>
<text>
<par/>
</text>
</block>
<block><region><rect/></region>
<text>
<par/>
</text>
</block>
<block><region><rect/><rect/></region>
<text>
<par/>
</text>
</block>
<block><region><rect/></region>
<text>
<par>
<line>. /</line></par>
</text>
</block>
<block><region><rect/></region>
<text>
<par>
<line>\p Toufî;lîé(-{;</line></par>
</text>
</block>
<block><region><rect/><rect/><rect/></region>
<text>
<par>
<line>' Pfîris</line></par>
</text>
</block>
<block><region><rect/></region>
<text>
<par/>
</text>
</block>
<block><region><rect/></region>
<text>
<par/>
</text>
</block>
<block><region><rect/><rect/></region>
<text>
<par/>
</text>
</block>
<block><region><rect/></region>
<text>
<par/>
</text>
</block>
<block><region><rect/></region>
<text>
<par>
<line>: ■ V:</line></par>
</text>
</block>
<block><region><rect/></region>
<text>
<par/>
</text>
</block>
<block><region><rect/></region>
<text>
<par>
<line>J.</line></par>
</text>
</block>
<block><region><rect/></region>
<text>
<par>
<line>Di'trvun</line></par>
</text>
</block>
<block><region><rect/></region>
<text>
<par/>
</text>
</block>
<block><region><rect/></region>
<text>
<par>
<line>i-jT</line></par>
</text>
</block>
<block><region><rect/></region>
<text>
<par>
<line>î"-Vi7J&gt;.</line></par>
</text>
</block>
<block><region><rect/></region>
<text>
<par>
<line>t ir</line></par>
</text>
</block>
<block><region><rect/></region>
<text>
<par>
<line>^vvj:</line></par>
</text>
</block>
<block><region><rect/><rect/><rect/></region>
<text>
<par>
<line>■ir. /</line></par>
</text>
</block>
<block><region><rect/></region>
<text>
<par>
<line>-</line></par>
</text>
</block>
<block><region><rect/></region>
<text>
<par/>
</text>
</block>
<block><region><rect/><rect/></region>
<text>
<par>
<line>'. 1. \</line></par>
<par>
<line>'V J if: V •/■'fc ”</line></par>
<par>
<line>■ . ft,N*ï" î,&gt; ■ _,- / i'. ”'* -''</line></par>
<par>
<line>.J -/t V «■.*'' ’V^.w^S:^</line></par>
<par>
<line>/ . » i</line></par>
</text>
</block>
<block><region><rect/></region>
<text>
<par>
<line>MibCi</line></par>
</text>
</block>
<block><region><rect/></region>
<text>
<par>
<line>J f' d î^ I</line></par>
</text>
</block>
<block><region><rect/></region>
<text>
<par>
<line>rwMMï.. ' ;&gt;.■</line></par>
</text>
</block>
<block><region><rect/></region>
<text>
<par>
<line>'/J J</line></par>
</text>
</block>
<block><region><rect/></region>
<text>
<par>
<line>~11,</line></par>
</text>
</block>
<block><region><rect/></region>
<text>
<par>
<line>I ■■ Æ iîL'i^ (v ' ** 1^ fj</line></par>
</text>
</block>
<block><region><rect/></region>
<text>
<par>
<line>:ï;. ^</line></par>
</text>
</block>
<block><region><rect/></region>
<text>
<par>
<line>^ VJ-- :ifi I</line></par>
</text>
</block>
<block><region><rect/></region>
<text>
<par>
<line>l&gt;..l</line></par>
</text>
</block>
<block><region><rect/></region>
<text>
<par>
<line>:;'7^</line></par>
</text>
</block>
<block><region><rect/></region>
<text>
<par>
<line>tl-</line></par>
</text>
</block>
<block><region><rect/></region>
<text>
<par>
<line>,A:;7ÜÜ.ii'</line></par>
</text>
</block>
<block><region><rect/></region>
<text>
<par>
<line>"X" ^"</line></par>
</text>
</block>
<block><region><rect/></region>
<text>
<par/>
</text>
</block>
<block><region><rect/><rect/><rect/></region>
<text>
<par/>
</text>
</block>
<block><region><rect/></region>
<text>
<par>
<line>t'</line></par>
</text>
</block>
<block><region><rect/></region>
<text>
<par>
<line>'-i-î</line></par>
</text>
</block>
<block><region><rect/></region>
<text>
<par/>
</text>
</block>
<block><region><rect/></region>
<text>
<par>
<line>■^-T-'l- ■%</line></par>
</text>
</block>
<block><region><rect/><rect/></region>
<text>
<par/>
</text>
</block>
<block><region><rect/></region>
<text>
<par/>
</text>
</block>
<block><region><rect/></region>
<text>
<par/>
</text>
</block>
<block><region><rect/></region>
<text>
<par/>
</text>
</block>
<block><region><rect/></region>
<text>
<par/>
</text>
</block>
<block><region><rect/><rect/></region>
<text>
<par>
<line>7-/ X\ 'S't</line></par>
<par>
<line>■ îM'' 'V-.t ^*jô‘-Æ- \7 = vT. - ■ i</line></par>
<par>
<line>P</line></par>
</text>
</block>
<block><region><rect/></region>
<text>
<par>
<line>.-: I ■!</line></par>
</text>
</block>
<block><region><rect/></region>
<text>
<par/>
</text>
</block>
<block><region><rect/></region>
<text>
<par>
<line>d.'L</line></par>
</text>
</block>
<block><region><rect/></region>
<text>
<par/>
</text>
</block>
<block><region><rect/></region>
<text>
<par>
<line>J-. î</line></par>
</text>
</block>
<block><region><rect/></region>
<text>
<par>
<line>ir</line></par>
</text>
</block>
<block><region><rect/></region>
<text>
<par/>
</text>
</block>
<block><region><rect/></region>
<text>
<par>
<line>WL.br</line></par>
</text>
</block>
<block><region><rect/><rect/></region>
<text>
<par/>
</text>
</block>
<block><region><rect/></region>
<text>
<par/>
</text>
</block>
<block><region><rect/></region>
<text>
<par>
<line>m</line></par>
</text>
</block>
<block><region><rect/></region>
<text>
<par/>
</text>
</block>
<block><region><rect/></region>
<text>
<par/>
</text>
</block>
<block><region><rect/></region>
<text>
<par/>
</text>
</block>
<block><region><rect/></region>
<text>
<par/>
</text>
</block>
<block><region><rect/></region>
<text>
<par/>
</text>
</block>
<block><region><rect/></region>
<text>
<par>
<line>i-M ^</line></par>
</text>
</block>
<block><region><rect/></region>
<text>
<par/>
</text>
</block>
<block><region><rect/></region>
<text>
<par>
<line>iTr*'</line></par>
</text>
</block>
<block><region><rect/></region>
<text>
<par/>
</text>
</block>
<block><region><rect/></region>
<text>
<par>
<line>&gt; es: ^ ►.</line></par>
</text>
</block>
<block><region><rect/></region>
<text>
<par>
<line>ihtt</line></par>
</text>
</block>
<block><region><rect/></region>
<text>
<par/>
</text>
</block>
<block><region><rect/></region>
<text>
<par>
<line>3.^</line></par>
</text>
</block>
<block><region><rect/></region>
<text>
<par>
<line>«r</line></par>
</text>
</block>
<block><region><rect/></region>
<text>
<par/>
</text>
</block>
<block><region><rect/></region>
<text>
<par>
<line>• d</line>
<line>.1</line></par>
</text>
</block>
<block><region><rect/></region>
<text>
<par>
<line>1 *4!. r</line></par>
</text>
</block>
<block><region><rect/></region>
<text>
<par/>
</text>
</block>
<block><region><rect/></region>
<text>
<par>
<line>!4 04U4</line></par>
</text>
</block>
<block><region><rect/></region>
<text>
<par/>
</text>
</block>
<block><region><rect/></region>
<text>
<par/>
</text>
</block>
<block><region><rect/><rect/></region>
<text>
<par/>
</text>
</block>
<block><region><rect/></region>
<text>
<par>
<line>i; ’i</line></par>
</text>
</block>
<block><region><rect/></region>
<text>
<par>
<line>sV kfrCh*fPelr</line></par>
</text>
</block>
<block><region><rect/></region>
<text>
<par>
<line>ÏH^ Ccl'EniPft ,</line></par>
</text>
</block>
<block><region><rect/></region>
<text>
<par/>
</text>
</block>
<block><region><rect/></region>
<text>
<par>
<line>U</line></par>
</text>
</block>
<block><region><rect/></region>
<text>
<par/>
</text>
</block>
<block><region><rect/></region>
<text>
<par>
<line>7 :-‘:&lt;:- /</line></par>
</text>
</block>
<block><region><rect/></region>
<text>
<par/>
</text>
</block>
<block><region><rect/></region>
<text>
<par>
<line>;7;;:r 'ÏM</line></par>
</text>
</block>
<block><region><rect/></region>
<text>
<par>
<line>CafccJry t</line></par>
</text>
</block>
<block><region><rect/></region>
<text>
<par>
<line>X\</line></par>
</text>
</block>
<block><region><rect/><rect/></region>
<text>
<par>
<line>/A#'</line></par>
</text>
</block>
<block><region><rect/></region>
<text>
<par/>
</text>
</block>
<block><region><rect/></region>
<text>
<par>
<line>■,1-X</line></par>
</text>
</block>
<block><region><rect/></region>
<text>
<par>
<line>/ï- %.</line></par>
<par>
<line>f ' • irf .</line></par>
<par>
<line>■• ■► T .t*H m</line></par>
</text>
</block>
<block><region><rect/></region>
<text>
<par>
<line>4' U-.Mf&gt; *7\f'''Jf</line></par>
</text>
</block>
<block><region><rect/></region>
<text>
<par>
<line>Ü:</line></par>
</text>
</block>
<block><region><rect/></region>
<text>
<par/>
</text>
</block>
<block><region><rect/></region>
<text>
<par>
<line>. .J ^ *:.-</line></par>
</text>
</block>
<block><region><rect/></region>
<text>
<par>
<line>i' .y</line></par>
</text>
</block>
<block><region><rect/></region>
<text>
<par>
<line>m</line></par>
</text>
</block>
<block><region><rect/></region>
<text>
<par>
<line>;rf</line></par>
</text>
</block>
<block><region><rect/></region>
<text>
<par/>
</text>
</block>
<block><region><rect/></region>
<text>
<par/>
</text>
</block>
<block><region><rect/></region>
<text>
<par/>
</text>
</block>
<block><region><rect/></region>
<text>
<par>
<line>■ f *Msriimonr- ^ VX iA TTXZ</line></par>
</text>
</block>
<block><region><rect/><rect/></region>
<text>
<par/>
</text>
</block>
<block><region><rect/></region>
<text>
<par>
<line>‘J*</line></par>
</text>
</block>
<block><region><rect/></region>
<text>
<par>
<line>Mîht</line></par>
</text>
</block>
<block><region><rect/></region>
<text>
<par>
<line>1</line></par>
</text>
</block>
<block><region><rect/></region>
<text>
<par/>
</text>
</block>
<block><region><rect/></region>
<text>
<par>
<line>ij]+fy</line></par>
</text>
</block>
<block><region><rect/></region>
<text>
<par>
<line>1</line></par>
</text>
</block>
<block><region><rect/></region>
<text>
<par>
<line>\JI,</line></par>
</text>
</block>
<block><region><rect/></region>
<text>
<par>
<line>&gt; P</line></par>
</text>
</block>
<block><region><rect/></region>
<text>
<par>
<line>\</line></par>
</text>
</block>
<block><region><rect/></region>
<text>
<par>
<line>A</line></par>
</text>
</block>
<block><region><rect/></region>
<text>
<par>
<line>/ ./</line></par>
</text>
</block>
<block><region><rect/></region>
<text>
<par>
<line>LP</line></par>
</text>
</block>
<block><region><rect/></region>
<text>
<par>
<line>P-rti</line></par>
</text>
</block>
<block><region><rect/></region>
<text>
<par/>
</text>
</block>
<block><region><rect/></region>
<text>
<par>
<line>/■</line></par>
</text>
</block>
<block><region><rect/></region>
<text>
<par>
<line>\</line></par>
</text>
</block>
<block><region><rect/></region>
<text>
<par>
<line>k.</line></par>
</text>
</block>
<block><region><rect/></region>
<text>
<par>
<line>Dl</line></par>
</text>
</block>
<block><region><rect/></region>
<text>
<par>
<line>'.T P*ir&lt;Pr,-.^ S'^ -luj^.</line></par>
</text>
</block>
<block><region><rect/></region>
<text>
<par/>
</text>
</block>
<block><region><rect/></region>
<text>
<par>
<line>rf-Tjn*</line></par>
</text>
</block>
<block><region><rect/></region>
<text>
<par/>
</text>
</block>
<block><region><rect/></region>
<text>
<par>
<line>r-i</line></par>
</text>
</block>
<block><region><rect/></region>
<text>
<par>
<line>' ■■'V# :,</line></par>
</text>
</block>
<block><region><rect/></region>
<text>
<par>
<line>V</line></par>
</text>
</block>
<block><region><rect/></region>
<text>
<par>
<line>.'.'ip'</line></par>
</text>
</block>
<block><region><rect/></region>
<text>
<par>
<line>1</line></par>
</text>
</block>
<block><region><rect/></region>
<text>
<par/>
</text>
</block>
<block><region><rect/></region>
<text>
<par>
<line>■J</line></par>
</text>
</block>
<block><region><rect/></region>
<text>
<par>
<line>f7:Æ.- i»\, .</line></par>
</text>
</block>
<block><region><rect/></region>
<text>
<par/>
</text>
</block>
<block><region><rect/></region>
<text>
<par/>
</text>
</block>
<block><region><rect/></region>
<text>
<par/>
</text>
</block>
<block><region><rect/></region>
<text>
<par>
<line>■/f ^</line></par>
</text>
</block>
<block><region><rect/></region>
<text>
<par/>
</text>
</block>
<block><region><rect/></region>
<text>
<par>
<line>. %</line></par>
</text>
</block>
<block><region><rect/></region>
<text>
<par/>
</text>
</block>
<block><region><rect/></region>
<text>
<par/>
</text>
</block>
<block><region><rect/></region>
<text>
<par>
<line>y J n</line></par>
</text>
</block>
<block><region><rect/></region>
<text>
<par/>
</text>
</block>
<block><region><rect/></region>
<text>
<par>
<line>?</line></par>
</text>
</block>
<block><region><rect/></region>
<text>
<par>
<line>V ■ ■'- .■î’-’l</line></par>
<par>
<line>h •_&gt; J- ' • *</line></par>
</text>
</block>
<block><region><rect/></region>
<text>
<par/>
</text>
</block>
<block><region><rect/></region>
<text>
<par>
<line>t:</line></par>
</text>
</block>
<block><region><rect/></region>
<text>
<par>
<line>iGi^r-'v.</line></par>
</text>
</block>
<block><region><rect/></region>
<text>
<par>
<line>i' : ■ '</line></par>
</text>
</block>
<block><region><rect/></region>
<text>
<par/>
</text>
</block>
<block><region><rect/></region>
<text>
<par/>
</text>
</block>
<block><region><rect/></region>
<text>
<par/>
</text>
</block>
<block><region><rect/></region>
<text>
<par>
<line>I «</line></par>
</text>
</block>
<block><region><rect/></region>
<text>
<par>
<line>A</line></par>
</text>
</block>
<block><region><rect/><rect/><rect/><rect/><rect/></region>
<text>
<par>
<line>■■ ÿ.i-'l.i .. /X</line></par>
<par>
<line>(■p /X- -\ -; ;- ;,/p'*’f'«r\H%.,i,--‘\\ X, Tm</line></par>
<par>
<line>.. ■:: A 4-1:. 't V'</line></par>
<par>
<line>// '■ •'.•'^ ‘TV■/ ■•■.'.xxx t l'-'^l</line></par>
<par>
<line>. ^^^1 'il \ ’■ .5^</line></par>
</text>
</block>
<block><region><rect/><rect/><rect/><rect/><rect/><rect/><rect/><rect/><rect/><rect/><rect/><rect/><rect/></region>
<text>
<par>
<line>V \</line></par>
<par>
<line>■■ ■15 ÈafliPt;; '</line></par>
<par>
<line>i ’■ rîîfe-îï-^*</line></par>
<par>
<line>j7 '■••■ ,»•</line></par>
</text>
</block>
<block><region><rect/></region>
<text>
<par>
<line>Lrfrhm' iH-"p'f'-"</line></par>
</text>
</block>
<block><region><rect/><rect/></region>
<text>
<par>
<line>Pi.- ■.</line></par>
<par>
<line>■■ ÿf$Mà</line></par>
</text>
</block>
<block><region><rect/></region>
<text>
<par>
<line>n-Noire-Dame</line></par>
<par>
<line>0.1</line></par>
</text>
</block>
<block><region><rect/></region>
<text>
<par/>
</text>
</block>
<block><region><rect/></region>
<text>
<par>
<line>Vif'</line></par>
</text>
</block>
<block><region><rect/></region>
<text>
<par/>
</text>
</block>
<block><region><rect/></region>
<text>
<par/>
</text>
</block>
<block><region><rect/></region>
<text>
<par/>
</text>
</block>
<block><region><rect/></region>
<text>
<par>
<line>S</line></par>
</text>
</block>
<block><region><rect/></region>
<text>
<par>
<line>‘A</line></par>
</text>
</block>
<block><region><rect/></region>
<text>
<par>
<line>/in;;:</line></par>
</text>
</block>
<block><region><rect/></region>
<text>
<par/>
</text>
</block>
<block><region><rect/></region>
<text>
<par/>
</text>
</block>
<block><region><rect/></region>
<text>
<par/>
</text>
</block>
<block><region><rect/></region>
<text>
<par>
<line>Ir—</line></par>
</text>
</block>
<block><region><rect/></region>
<text>
<par/>
</text>
</block>
<block><region><rect/></region>
<text>
<par>
<line>lers</line></par>
</text>
</block>
<block><region><rect/></region>
<text>
<par>
<line>X</line></par>
</text>
</block>
<block><region><rect/></region>
<text>
<par>
<line>X. ■■</line></par>
<par>
<line>&lt;%</line></par>
</text>
</block>
<block><region><rect/></region>
<text>
<par>
<line>LP</line></par>
</text>
</block>
<block><region><rect/></region>
<text>
<par/>
</text>
</block>
<block><region><rect/></region>
<text>
<par/>
</text>
</block>
<block><region><rect/></region>
<text>
<par>
<line>.-jT-</line></par>
</text>
</block>
<block><region><rect/></region>
<text>
<par/>
</text>
</block>
<block><region><rect/></region>
<text>
<par>
<line>0</line></par>
</text>
</block>


















</page>
</AC2>