<?xml version="1.0" encoding="UTF-8"?><AC2>
<page width="1355" height="1918" resolution="164">
<block><region><rect/></region>
<text>
<par>
<line>REPUBLIQUE FRANÇAISE</line></par>
</text>
</block>
<block><region><rect/></region>
<text>
<par>
<line>MINISTERE DE L’AMENAGEMENT DU TERRITOIRE</line>
<line>ET DE L’ENVIRON’NEMENT</line></par>
</text>
</block>
<block><region><rect/></region>
<text>
<par/>
</text>
</block>
<block><region><rect/><rect/><rect/><rect/></region>
<text>
<par/>
</text>
</block>
<block><region><rect/></region>
<text>
<par>
<line>\'J&gt;</line></par>
</text>
</block>
<block><region><rect/></region>
<text>
<par>
<line>^ ■</line></par>
</text>
</block>
<block><region><rect/></region>
<text>
<par/>
</text>
</block>
<block><region><rect/></region>
<text>
<par>
<line>\ *</line></par>
</text>
</block>
<block><region><rect/><rect/><rect/></region>
<text>
<par/>
</text>
</block>
<block><region><rect/></region>
<text>
<par/>
</text>
</block>
<block><region><rect/></region>
<text>
<par>
<line>«. -.i.</line></par>
</text>
</block>
<block><region><rect/></region>
<text>
<par/>
</text>
</block>
<block><region><rect/></region>
<text>
<par/>
</text>
</block>
<block><region><rect/></region>
<text>
<par/>
</text>
</block>
<block><region><rect/></region>
<text>
<par/>
</text>
</block>
<block><region><rect/></region>
<text>
<par>
<line>■i..</line></par>
</text>
</block>
<block><region><rect/></region>
<text>
<par>
<line>«8»</line></par>
</text>
</block>
<block><region><rect/></region>
<text>
<par>
<line>X -e</line></par>
</text>
</block>
<block><region><rect/></region>
<text>
<par>
<line>(JP</line></par>
</text>
</block>
<block><region><rect/></region>
<text>
<par>
<line>àü</line></par>
</text>
</block>
<block><region><rect/></region>
<text>
<par>
<line>ral</line></par>
</text>
</block>
<block><region><rect/></region>
<text>
<par/>
</text>
</block>
<block><region><rect/></region>
<text>
<par>
<line>A/</line></par>
</text>
</block>
<block><region><rect/></region>
<text>
<par/>
</text>
</block>
<block><region><rect/></region>
<text>
<par>
<line>mi</line></par>
</text>
</block>
<block><region><rect/></region>
<text>
<par/>
</text>
</block>
<block><region><rect/></region>
<text>
<par/>
</text>
</block>
<block><region><rect/></region>
<text>
<par>
<line>Oanielle MEZOU</line></par>
</text>
</block>
<block><region><rect/></region>
<text>
<par>
<line>DECRET/4</line></par>
</text>
</block>
<block><region><rect/></region>
<text>
<par>
<line>0 4 AVR. 2001</line></par>
</text>
</block>
<block><region><rect/><rect/><rect/></region>
<text>
<par>
<line>portaiTh«iass©fff&amp;nt parmi les sites du département de la Martinique des mornes de la Pointe du</line>
<line>Diamant et du rocher du Diamant, sur le territoire des communes des Anses d’Arlets et du</line></par>
<par>
<line>Diamant</line></par>
</text>
</block>
<block><region><rect/></region>
<text>
<par>
<line>LE PREMIER MINISTRE</line></par>
</text>
</block>
<block><region><rect/></region>
<text>
<par>
<line>Sur le rapport de la ministre de l’aménagement du territoire et de l'environnement,</line></par>
<par>
<line>VU le code de l'environnement, notamment ses articles L.341-1 et L.341-6 ;</line></par>
<par>
<line>VU le décret n° 69-607 du 13 juin 1969 pris pour l’application des articles 4 et 5-1 de la loi</line>
<line>modifiée du 2 mai 1930 sur la protection des sites ;</line></par>
<par>
<line>l’arrêté conjoint du ministre de l’équipement, du logement, des transports et de la mer et</line>
<line>du secrétaire d’Etat auprès du Premier ministre, chargé de l’environnement et de la prévention</line>
<line>des risques technologiques et naturels majeurs, en date dul6 mai 1989, portant inscription sur</line>
<line>l’inventaire des sites pittoresques du département de la Martinique du site de Morne</line>
<line>Champagne et du village des Anses d'Arlets ;</line></par>
<par>
<line>VU les résultats de l’enquête administrative ouverte du 30 juin au 15 juillet 1997 par arrêté</line>
<line>préfectoral en date du 9 juin 1997 et notamment l'absence de consentement de certains</line>
<line>propriétaires ;</line></par>
<par>
<line>VU la délibération du conseil municipal du Diamant en date du 10 octobre 1997 ;</line></par>
</text>
</block>
<block><region><rect/></region>
<text>
<par>
<line>J.0.N° 0 8 6 OU 1 1 AVR. 2001</line></par>
</text>
</block>


</page>
<page width="1343" height="1879" resolution="159">
<block><region><rect/></region>
<text>
<par>
<line>2</line></par>
</text>
</block>
<block><region><rect/></region>
<text>
<par>
<line>VU les avis émis par la commission dépaitementale des sites, perspectives et paysages de la</line>
<line>Martinique en date du 6 mars 1997 et du 20 janvier 1998 ;</line></par>
<par>
<line>VU l'avis émis par la commission supérieure des sites, perspectives et paysages en date du 11</line>
<line>mars 1999 ;</line></par>
<par>
<line>VU l’avis du scciétairc d’Etat à l’industrie en date du 21 juillet 1999 ;</line></par>
<par>
<line>VU l’avis du ministre de l’agriculmre et de la pêche en date du 30 novembre 1999 ;</line></par>
<par>
<line>VU l’avis du ministre de l’économie, des finances et de l’industrie en date du 16 décembre</line>
<line>1999;</line></par>
<par>
<line>VU l’avis du secrétaire d’Eiat au budget en date du 23 juin 1999 ;</line></par>
<par>
<line>VU l’avis du ministre de l’équipement, des transports et du logement en date du 12 avril</line>
<line>2000 ;</line></par>
<par>
<line>Le Conseil d'Etat (Section des travaux publics) entendu ;</line></par>
<par>
<line>CONSIDERANT que la préservation du site constitué par les mornes de la Pointe du Diamant</line>
<line>et le rocher du Diamant (département de la Martinique) présente, en raison de ses caractères</line>
<line>pittoresque et historique, un intérêt général au sens de l'article L.341-1 du code de</line>
<line>l’environnement ;</line></par>
</text>
</block>
<block><region><rect/></region>
<text>
<par>
<line>DECRETE</line></par>
</text>
</block>
<block><region><rect/></region>
<text>
<par>
<line>Article 1er ;</line></par>
<par>
<line>Est classé parmi les sites du département de la Martinique, sur le territoire des</line>
<line>communes des Anses d’Arlets et du Diamant, l’ensemble formé par les mornes de la Pointe</line>
<line>du Diamant et le rocher du Diamant, d’ime superficie d’environ 1429 hectares, dont 681</line>
<line>hectares de domaine public maritime, délimité comme suit, conformément à la carte au</line>
<line>l/25.000ème et aux plans cadastraux annexés au présent décret.</line></par>
</text>
</block>
<block><region><rect/></region>
<text>
<par>
<line>1° ENSEMBLE : (dans le sens des aiguilles d’une montre) :</line></par>
</text>
</block>
<block><region><rect/></region>
<text>
<par>
<line>COMMltNE DES ANSES D’ARLETS ;</line></par>
</text>
</block>
<block><region><rect/></region>
<text>
<par>
<line>Point de départ : source située à la limite de la section L, de la section N et du domaine</line>
<line>public maritime, à l’ouest de Petite Anse.</line></par>
</text>
</block>




</page>
<page width="1381" height="1947" resolution="166">
<block><region><rect/></region>
<text>
<par>
<line>3</line></par>
</text>
</block>
<block><region><rect/></region>
<text>
<par>
<line>SECTION L :</line></par>
</text>
</block>
<block><region><rect/></region>
<text>
<par>
<line>- limite entre la section L et le domaine public maritime ;</line></par>
<par>
<line>- limite entre la parcelle n® 144 et la parcelle n° ! 43 ;</line></par>
<par>
<line>- limite entre la parcelle n° 145 et l’ensemble des parcelles n°s 231 et 332 ;</line></par>
<par>
<line>- limite entre la parcelle n® 345 et la parcelle n® 332 ;</line></par>
<par>
<line>- chemin départemental n° 37 dit de « Petite Anse » (non compris dans le site) ;</line></par>
<par>
<line>- limite entre la parcelle n® 345 et Tensemble des parcelles n®s 174, 344,241, 240, 161, 240,</line>
<line>211,213,214;</line></par>
<par>
<line>- limite entre la parcelle n® 173 et Tensemble des parcelles o®s 358, 397. 398, 180, 326, 327 ;</line></par>
<par>
<line>- limite entre la parcelle n® 126 et la parcelle n® 328 ;</line></par>
<par>
<line>- limite entre la section L et la section N ;</line></par>
<par>
<line>SECTION N :</line></par>
</text>
</block>
<block><region><rect/></region>
<text>
<par>
<line>- ligne fictive reliant, d'une part l’angle rentrant situé sur la limite de section et à 170 mètres à</line>
<line>l’Est de l’angle Ouest de la sous-parcelle n° 20b, d’autre part la limite entre les parcelles n°s</line>
<line>21 et 22;</line></par>
<par>
<line>- limite entre la parcelle n® 21 et la sous-parcelle n® 22 b ;</line></par>
<par>
<line>- limite entre la sous-parcelle n® 22c et la sous-parcelIe n® 22d ;</line></par>
<par>
<line>- limite Ouest de la sous-parcelle n® 363 a ;</line></par>
<par>
<line>- ligne fictive reliant l’angle Sud-Ouest de la sous-parcelle n® 363a à l’angle Ouest de la</line>
<line>parcelle n® 365 ;</line></par>
<par>
<line>• limite du domaine public maritime jusqu'au point de départ.</line></par>
</text>
</block>
<block><region><rect/></region>
<text>
<par>
<line>2® ENSEMBLE : (dans le sens des aiguilles d’une montre) :</line></par>
</text>
</block>
<block><region><rect/></region>
<text>
<par>
<line>COMMUNE DES ANSES D’ARLETS :</line></par>
</text>
</block>
<block><region><rect/></region>
<text>
<par>
<line>Point de départ : Pointe Maurice (intersection de la section L, de la section N et du domaine</line>
<line>public maritime, au Sud-Est de Petite Anse).</line></par>
<par>
<line>SECTION L :</line></par>
</text>
</block>
<block><region><rect/></region>
<text>
<par>
<line>- limite entre la section L et la section N ;</line></par>
<par>
<line>- limite entre la parcelle n® 369 et l’emsemble des parcelles n®s 371 et 372 ;</line></par>
<par>
<line>- ligne fictive reliant un point situé sur la limite séparative des parcelles n°s 369 et 372, à 90</line>
<line>mètres de l’angle Nord-Ouest de la parcelle n® 369, au point d’intersection des p^ceUes n®s</line>
<line>104, 105 et 106 :</line></par>
<par>
<line>- limite entre la parcelle n® 105 et la parcelle n® 106 ;</line></par>
<par>
<line>• ligne fictive située dans le prolongement de la limite entre la parcelle n® 105 et la parcelle n®</line>
<line>106 et se terminant à son intersection avec la limite Sud de la parcelle n® 107 ;</line></par>
<par>
<line>- limite entre la parcelle ri® 106 et la parcelle n" 107 ;</line></par>
<par>
<line>• ligne fictive reliant l'angle Nord-Ouest de la parcelle n® 106 à l’angle Sud-Est de la parcelle</line>
<line>n® 114 ;</line></par>
<par>
<line>- limite entre la parcelle n® 107 et l’ensemble des parcelles n°s 114 et 115 ;</line></par>
<par>
<line>- limite entre les sections L et N ,</line></par>
</text>
</block>







</page>
<page width="1355" height="1918" resolution="164">
<block><region><rect/></region>
<text>
<par>
<line>4</line></par>
</text>
</block>
<block><region><rect/></region>
<text>
<par>
<line>SECTION N :</line></par>
<par>
<line>- ligne fictive joignant le point d'intersection des parcelles d°s 6, 5 et 40 à un point situé sur la</line>
<line>limite Nord-Ouest de la parcelle n° 6, à 80 mètres du point d'intersection des parcelles n°s</line>
<line>6,4,9 et 8 ;</line></par>
<par>
<line>- ligne fictive joignant le point d’intersection ci-dessus défini au point d’intersection des</line>
<line>parcelles n°s 10, 4 et 3 ;</line></par>
<par>
<line>- ligne fictive joignant ce dernier point d'intersection à l’angle Sud-Est de la parcelle n° 319 ;</line></par>
<par>
<line>- limite entre la parcelle n° 3 et l’ensemble des parcelles n°s 319 et 31 8 ;</line></par>
<par>
<line>- limite entre la section N et la section L ;</line></par>
<par>
<line>SECTION L :</line></par>
</text>
</block>
<block><region><rect/></region>
<text>
<par>
<line>- limite entre la sous-parcelle n'’ 170 a et la sous-parcelle n° 170 b ;</line></par>
<par>
<line>- limite entre les lieux-dits « Petite Anse » et « Bas Morne » :</line></par>
<par>
<line>- limite entre les lieux-dits « Bas Morne » et « Morne Genty » ;</line></par>
<par>
<line>- limite entre les lieux-dits « Bas Momc » et « La Source » ;</line></par>
<par>
<line>- limite Nord-Ouest des parceDes n°s 63, 64, 65 ;</line></par>
<par>
<line>- limite entre les sous-parcelles n^’s 62 b et 62 a ;</line></par>
<par>
<line>- limite entre les sous-parcelles n°s 61 b et 61 a ;</line></par>
<par>
<line>- limite entre les lieux-dits « La Source » et « Bas Morne » ;</line></par>
<par>
<line>SECTION D :</line></par>
</text>
</block>
<block><region><rect/></region>
<text>
<par>
<line>- limite entre la parcelle n'' 80 et la parcelle n” 15 ;</line></par>
<par>
<line>- limite entre la parcelle n" 80 et la parcelle n° 106 ;</line></par>
<par>
<line>- limite entre la parcelle n° 80 et la parcelle 17 ;</line></par>
<par>
<line>- chemin départemental n*^ 7 de la Rivière Salée à Sainte-Luce (non compris dans le site) ;</line></par>
<par>
<line>- limite entre la parcelle n® 79 et la parcelle n" 78 ;</line></par>
<par>
<line>- limite entre la section D et la section C ;</line></par>
<par>
<line>- limite entre la section D et la section L ;</line></par>
<par>
<line>SECTION L :</line></par>
</text>
</block>
<block><region><rect/></region>
<text>
<par>
<line>- limite entre la parcelle n" 65 et la parcelle d° 71 ;</line></par>
<par>
<line>' limite entre la parcelle 71 et la parcelle n° 74 :</line></par>
<par>
<line>- limite entre la section L et la section M ;</line></par>
<par>
<line>- limite Est de la parcelle n° 74 ;</line></par>
<par>
<line>- limites Nord et Est de la parcelle n° 219 ;</line></par>
<par>
<line>- limite entre les lieux-dits « Fonds Fleury » et « La Charmeuse » ;</line></par>
<par>
<line>' limite entre tes lieux-dits « Fonds Fleury » et « Monie Piton » ;</line></par>
<par>
<line>- limite entre les communes des Anses d’Arlets et du Diamant ;</line></par>
</text>
</block>




</page>
<page width="1339" height="1895" resolution="162">
<block><region><rect/></region>
<text>
<par>
<line>5</line></par>
</text>
</block>
<block><region><rect/></region>
<text>
<par>
<line>COMMUNE DU DIAMANT :</line></par>
</text>
</block>
<block><region><rect/></region>
<text>
<par>
<line>SECTION Q :</line></par>
</text>
</block>
<block><region><rect/></region>
<text>
<par>
<line>- limite entre les lieux-dits &lt;&lt; Dizac » et « La Longuet » ;</line></par>
<par>
<line>- chemin rural dit de « La Longuet » ;</line></par>
<par>
<line>- ravine de Dizac (non comprise dans le site) ;</line></par>
<par>
<line>SECTION M :</line></par>
</text>
</block>
<block><region><rect/></region>
<text>
<par>
<line>- ravine de Dizac (non comprise dans le site) ;</line></par>
<par>
<line>- limite du domaine public maritime ;</line></par>
<par>
<line>- ligne fictive traversant la parcelle n° 32 dans le prolongement de La limite entre la parcelle n°</line>
<line>31 et la sous-parcelle n° 35a ;</line></par>
<par>
<line>- limite entre la parcelle n° 31 et la sous-parcelle n‘^ 35a ;</line></par>
<par>
<line>- chemin départemental n° 37 dit de « Petite Anse » ;</line></par>
<par>
<line>- limite entre la section M et la section N ;</line></par>
<par>
<line>SECTION N :</line></par>
</text>
</block>
<block><region><rect/></region>
<text>
<par>
<line>- limite entre les parcelles n'^s 322 et 320 ;</line></par>
<par>
<line>- limite entre la section N et la section O ;</line></par>
<par>
<line>- ravine Dominique (non comprise dans le site) ;</line></par>
<par>
<line>- chemin départemental n° 37 dit de « Petite Anse » (non compris dans le site) ;</line></par>
<par>
<line>- limite entre les parcelles n'^s 57 et 326 ;</line></par>
<par>
<line>- limite entre la parcelle n° 230 et l’ensemble des parcelles n'^s 326, 325,149, 256, 229, 156 ;</line></par>
<par>
<line>- limite entre la section N et la section O ;</line></par>
<par>
<line>SECTION O :</line></par>
</text>
</block>
<block><region><rect/></region>
<text>
<par>
<line>- limite entre la parcelle n'^ 171 et l’ensemble des parcelles n”s 170, 104b, 172, 106 ;</line></par>
<par>
<line>- limite entre la section O et la section N ;</line></par>
<par>
<line>- limite entre les parcelles n°s 155 et 150 ;</line></par>
<par>
<line>- limite entre la parcelle n° 153 et l’ensemble des parcelles n°s 223, 152, 345 ;</line></par>
<par>
<line>- limite entre les parcelles n®s 344 et 345 ;</line></par>
<par>
<line>- chemin départemental n° 37 dit de « Petite Anse » ;</line></par>
<par>
<line>SECTION N :</line></par>
</text>
</block>
<block><region><rect/></region>
<text>
<par>
<line>- traversée du chemin départemental n° 37 de l'angle Est de la sous-parceUe n° 27 b à Langle</line>
<line>Sud-Ouest de la parcelle n° 29 ;</line></par>
<par>
<line>- chemin départemental n° 37 dit de « Petite Anse &gt;&gt; (non compris dans le site) ;</line></par>
<par>
<line>- limite entre la parcelle n° 34 et la parcelle n° 35 ;</line></par>
<par>
<line>- limite du domaine public maritime jusqu’au point de départ.</line></par>
</text>
</block>






</page>
<page width="1362" height="1923" resolution="164">
<block><region><rect/></region>
<text>
<par>
<line>6</line></par>
</text>
</block>
<block><region><rect/></region>
<text>
<par>
<line>3° ENSEMBLE :</line></par>
<par>
<line>COMMUNE Dti DIAMANT ; SECTION O</line></par>
</text>
</block>
<block><region><rect/></region>
<text>
<par>
<line>Est classé le rocher du Diamant</line>
<line>4° ENSEMBLE :</line></par>
</text>
</block>
<block><region><rect/></region>
<text>
<par>
<line>Classement du domaine public maritime :</line></par>
<par>
<line>Les limites du domaine public maritime classé sont ainsi définies, dans le sens inverse des</line>
<line>aiguilles d’ime montre ;</line></par>
<par>
<line>Point de départ :</line></par>
<par>
<line>- angle Ouest de la parcelle n° 93 de la Section L de la commune des Anses d’Arlets, à la</line>
<line>limite du domaine public maritime (Pointe Maurice).</line></par>
<par>
<line>Plan au 1 /25.000 :</line></par>
</text>
</block>
<block><region><rect/></region>
<text>
<par>
<line>- une ligne perpendiculaire au rivage depuis le point de départ traversant le domaine public</line>
<line>maritime sur une longueur de 500 mètres ;</line></par>
<par>
<line>- une ligne parallèle au rivage, à ime distance de 500 mètres au large de la côte ;</line></par>
<par>
<line>• aux environs de la Pointe du Diamant, une ligne orientée Sud-Est dans la Mer des Antilles</line>
<line>aboutissant à une distance de 500 mètres au Sud-Ouest du rocher du Diamant ;</line></par>
<par>
<line>- une ligne contournant par le Sud le rocher du Diamant à une distance de 500 mètres ;</line></par>
<par>
<line>- depuis la limite Est de la bande maritime entourant le rocher du Diamant, une ligne droite</line>
<line>rejoignant au "Nord la limite du site classé.</line></par>
<par>
<line>Point d’arrivée :</line></par>
</text>
</block>
<block><region><rect/></region>
<text>
<par>
<line>- intersection de la parcelle n° 27 de la Section M de la commune du Diamant, de la ravine de</line>
<line>Dizac et du domaine public maritime ;</line></par>
</text>
</block>
<block><region><rect/></region>
<text>
<par>
<line>■Article 2 ;</line></par>
</text>
</block>
<block><region><rect/></region>
<text>
<par>
<line>Est abrogé, en tant qu'il concerne le site classé par le présent décret, Tarrêté conjoint</line>
<line>du ministre de Féquipement, du logement, des transporLs et de la mer eî du secrétaire d’Etat</line>
<line>auprès du Premier ministre, chargé de l'environnement et de la prévention des risques</line>
<line>technologiques et naturels majeurs, en date du 16 mai 1989, portant inscription sur</line>
<line>l'invenlaire des sites pittoresques du département de la Martinique du site de Morne</line>
<line>Champagne et du village des Anses d’Arlets.</line></par>
</text>
</block>








</page>
<page width="1290" height="1819" resolution="155">
<block><region><rect/></region>
<text>
<par>
<line>Article 3 :</line></par>
</text>
</block>
<block><region><rect/></region>
<text>
<par>
<line>7</line></par>
</text>
</block>
<block><region><rect/></region>
<text>
<par>
<line>Le présent décret sera notifié au préfet de la Martinique ainsi qu’aux maires du</line>
<line>Diamant et des Anses d'Ariets.</line></par>
<par>
<line>Article 4 :</line></par>
</text>
</block>
<block><region><rect/></region>
<text>
<par>
<line>Le présent décret, ia carte au l/25.000ème et les plans cadastraux annexés pourront</line>
<line>être consultés à la préfecture de la Martinique ainsi-qu’aux mairies des Anses d’Ariets et du</line>
<line>Diamant.</line></par>
<par>
<line>Article 5 :</line></par>
</text>
</block>
<block><region><rect/></region>
<text>
<par>
<line>La ministre de l’aménagement du territoire et de l'environnement est chargée de</line>
<line>l’exécution du présent décret qui sera publié au Journal officiel de la République française.</line></par>
</text>
</block>
<block><region><rect/></region>
<text>
<par>
<line>Fait à Paris, le g 4 AVR. 2001</line></par>
<par>
<line>Uone! JOSPIN</line></par>
<par>
<line>Par le Premier ministre [</line></par>
</text>
</block>
<block><region><rect/></region>
<text>
<par>
<line>La ministre de l'aménagement du territoire et de l’environnement</line></par>
</text>
</block>
<block><region><rect/></region>
<text>
<par>
<line>Dominiaue VOYNcT</line></par>
</text>
</block>



</page>
<page width="2517" height="3535" resolution="300">
<block><region><rect/></region>
<text>
<par>
<line>«&gt; i«' . FprQtRr‘qiüj:rr‘^ * Z ’</line></par>
</text>
</block>
<block><region><rect/></region>
<text>
<par>
<line>- I</line></par>
</text>
</block>
<block><region><rect/></region>
<text>
<par>
<line>766</line></par>
</text>
</block>
<block><region><rect/></region>
<text>
<par>
<line>/ r^-</line></par>
</text>
</block>
<block><region><rect/></region>
<text>
<par>
<line>i</line></par>
</text>
</block>
<block><region><rect/></region>
<text>
<par>
<line>Bois/n</line></par>
</text>
</block>
<block><region><rect/></region>
<text>
<par>
<line>n-iJ’fi»</line></par>
</text>
</block>
<block><region><rect/></region>
<text>
<par/>
</text>
</block>
<block><region><rect/></region>
<text>
<par>
<line>i«-'.</line></par>
</text>
</block>
<block><region><rect/></region>
<text>
<par>
<line>Jomn</line></par>
</text>
</block>
<block><region><rect/></region>
<text>
<par>
<line>OiArla</line></par>
</text>
</block>
<block><region><rect/><rect/><rect/></region>
<text>
<par>
<line>r^M 3.7P f ^</line></par>
<par>
<line>^b-^.K~rës Anse j-d'ArletxJM^</line></par>
</text>
</block>
<block><region><rect/></region>
<text>
<par/>
</text>
</block>
<block><region><rect/></region>
<text>
<par>
<line>02</line></par>
</text>
</block>
<block><region><rect/></region>
<text>
<par>
<line>'. /‘l’jlrtMStCi</line></par>
<par>
<line>« N *~ r*</line></par>
</text>
</block>
<block><region><rect/></region>
<text>
<par/>
</text>
</block>
<block><region><rect/></region>
<text>
<par>
<line>■ 7U</line></par>
</text>
</block>
<block><region><rect/></region>
<text>
<par>
<line>■^ise _</line></par>
</text>
</block>
<block><region><rect/></region>
<text>
<par>
<line>50J</line></par>
</text>
</block>
<block><region><rect/></region>
<text>
<par>
<line>t JS J</line></par>
</text>
</block>
<block><region><rect/></region>
<text>
<par/>
</text>
</block>
<block><region><rect/></region>
<text>
<par/>
</text>
</block>
<block><region><rect/></region>
<text>
<par>
<line>St.</line></par>
</text>
</block>
<block><region><rect/></region>
<text>
<par>
<line>r&gt;</line></par>
</text>
</block>
<block><region><rect/></region>
<text>
<par>
<line>■V*v.</line></par>
</text>
</block>
<block><region><rect/></region>
<text>
<par>
<line>!rî5</line></par>
</text>
</block>
<block><region><rect/></region>
<text>
<par>
<line>ÿr</line></par>
</text>
</block>
<block><region><rect/></region>
<text>
<par>
<line>bÿ.w</line></par>
</text>
</block>
<block><region><rect/><rect/><rect/></region>
<text>
<par>
<line>3»'■</line></par>
</text>
</block>
<block><region><rect/></region>
<text>
<par/>
</text>
</block>
<block><region><rect/></region>
<text>
<par>
<line>.N«&gt;</line></par>
</text>
</block>
<block><region><rect/></region>
<text>
<par>
<line>lflSï==</line></par>
</text>
</block>
<block><region><rect/><rect/></region>
<text>
<par>
<line>ÆondSîhlëury .</line></par>
<par>
<line>Sw^r</line></par>
</text>
</block>
<block><region><rect/></region>
<text>
<par>
<line>=&gt;{&gt;j/.</line></par>
</text>
</block>
<block><region><rect/></region>
<text>
<par>
<line>pointe Û£&gt;vy ■’ t</line></par>
</text>
</block>
<block><region><rect/><rect/></region>
<text>
<par>
<line>* rÊtan&lt;f /Wç»rrte'Bc/ievi«r</line>
<line>'-.\. ' ^—</line></par>
</text>
</block>
<block><region><rect/></region>
<text>
<par/>
</text>
</block>
<block><region><rect/></region>
<text>
<par/>
</text>
</block>
<block><region><rect/></region>
<text>
<par>
<line>■ÿ V -—■ ■</line></par>
</text>
</block>
<block><region><rect/></region>
<text>
<par/>
</text>
</block>
<block><region><rect/></region>
<text>
<par>
<line>^i-rroii CrOtMCTl</line></par>
</text>
</block>
<block><region><rect/></region>
<text>
<par>
<line>&lt;'&gt;■ _ ^^orniéf</line></par>
</text>
</block>
<block><region><rect/></region>
<text>
<par/>
</text>
</block>
<block><region><rect/></region>
<text>
<par>
<line>I ^</line></par>
</text>
</block>
<block><region><rect/><rect/></region>
<text>
<par/>
</text>
</block>
<block><region><rect/></region>
<text>
<par>
<line>»71</line></par>
</text>
</block>
<block><region><rect/></region>
<text>
<par>
<line>« «</line></par>
</text>
</block>
<block><region><rect/></region>
<text>
<par/>
</text>
</block>
<block><region><rect/></region>
<text>
<par/>
</text>
</block>
<block><region><rect/></region>
<text>
<par>
<line>\’ Longue]</line></par>
</text>
</block>
<block><region><rect/></region>
<text>
<par/>
</text>
</block>
<block><region><rect/></region>
<text>
<par>
<line>M</line></par>
</text>
</block>
<block><region><rect/></region>
<text>
<par>
<line>^-ïï</line></par>
</text>
</block>
<block><region><rect/></region>
<text>
<par>
<line>Zî*- . \</line></par>
</text>
</block>
<block><region><rect/></region>
<text>
<par/>
</text>
</block>
<block><region><rect/></region>
<text>
<par/>
</text>
</block>
<block><region><rect/></region>
<text>
<par/>
</text>
</block>
<block><region><rect/></region>
<text>
<par/>
</text>
</block>
<block><region><rect/></region>
<text>
<par/>
</text>
</block>
<block><region><rect/></region>
<text>
<par/>
</text>
</block>
<block><region><rect/></region>
<text>
<par>
<line>\</line></par>
</text>
</block>
<block><region><rect/></region>
<text>
<par>
<line>A -rj. \^.j^</line></par>
</text>
</block>
<block><region><rect/></region>
<text>
<par>
<line>-J ■ 1^</line></par>
<par>
<line>/HoJTïe Jo.O</line></par>
</text>
</block>
<block><region><rect/></region>
<text>
<par/>
</text>
</block>
<block><region><rect/></region>
<text>
<par/>
</text>
</block>
<block><region><rect/></region>
<text>
<par>
<line>'N Mon?? ^</line></par>
</text>
</block>
<block><region><rect/></region>
<text>
<par/>
</text>
</block>
<block><region><rect/></region>
<text>
<par>
<line>7305</line></par>
</text>
</block>
<block><region><rect/></region>
<text>
<par>
<line>'</line></par>
</text>
</block>
<block><region><rect/></region>
<text>
<par/>
</text>
</block>
<block><region><rect/></region>
<text>
<par/>
</text>
</block>
<block><region><rect/></region>
<text>
<par>
<line>se</line></par>
</text>
</block>
<block><region><rect/></region>
<text>
<par>
<line>Xnse Cafa</line></par>
</text>
</block>
<block><region><rect/></region>
<text>
<par/>
</text>
</block>
<block><region><rect/></region>
<text>
<par>
<line>■'Xv</line></par>
</text>
</block>
<block><region><rect/></region>
<text>
<par>
<line>I ---■V-/'a7 ^</line></par>
<par>
<line>\^A70ir7ie.Iarc/rer/-^ jX' \^\</line></par>
</text>
</block>
<block><region><rect/></region>
<text>
<par/>
</text>
</block>
<block><region><rect/></region>
<text>
<par/>
</text>
</block>
<block><region><rect/></region>
<text>
<par>
<line>^TRV^V.? . vTfttriJùrr</line></par>
</text>
</block>
<block><region><rect/></region>
<text>
<par/>
</text>
</block>
<block><region><rect/></region>
<text>
<par/>
</text>
</block>
<block><region><rect/></region>
<text>
<par>
<line>g. A \ '.-?</line></par>
<par>
<line>Z^- s</line></par>
<par>
<line>;f ^</line></par>
</text>
</block>
<block><region><rect/></region>
<text>
<par/>
</text>
</block>
<block><region><rect/></region>
<text>
<par>
<line>i'-.i’a</line></par>
</text>
</block>
<block><region><rect/></region>
<text>
<par>
<line>3£3l</line></par>
</text>
</block>
<block><region><rect/></region>
<text>
<par/>
</text>
</block>
<block><region><rect/></region>
<text>
<par>
<line>Pointe Maurrer</line></par>
</text>
</block>
<block><region><rect/></region>
<text>
<par>
<line>365086</line></par>
</text>
</block>
<block><region><rect/></region>
<text>
<par>
<line>Vu è l8 s9ction c!:c- Travaux Publics</line>
<line>du CîOTseil OlBet</line></par>
</text>
</block>
<block><region><rect/></region>
<text>
<par>
<line>Pointe du Diamant</line></par>
</text>
</block>
<block><region><rect/></region>
<text>
<par>
<line>lâ LÜ</line></par>
</text>
</block>
<block><region><rect/></region>
<text>
<par/>
</text>
</block>
<block><region><rect/></region>
<text>
<par>
<line>uo</line></par>
</text>
</block>
<block><region><rect/></region>
<text>
<par>
<line>972-MARTINIQUE</line>
<line>Communes : Les Anses d'Arlet, Le Diamant</line></par>
</text>
</block>
<block><region><rect/></region>
<text>
<par>
<line>Site des MORNES DE LA POINTE DU DIAMANT</line>
<line>1_I limite du site classe</line></par>
</text>
</block>
<block><region><rect/></region>
<text>
<par/>
</text>
</block>
<block><region><rect/></region>
<text>
<par>
<line>limita du site classe</line></par>
<par>
<line>[imite du site proDOsé Dour Tinscription</line></par>
</text>
</block>
<block><region><rect/></region>
<text>
<par>
<line>SOun</line></par>
</text>
</block>
<block><region><rect/></region>
<text>
<par>
<line>5.</line></par>
</text>
</block>
<block><region><rect/></region>
<text>
<par>
<line>RorhcT du DtOfPpnc</line></par>
</text>
</block>
<block><region><rect/></region>
<text>
<par>
<line>/'</line></par>
</text>
</block>













</page>
</AC2>