<?xml version="1.0" encoding="UTF-8"?><AC2>
<page width="1666" height="2347" resolution="200">
<block><region><rect/></region>
<text>
<par>
<line>Be/</line></par>
<par>
<line>■REPUBLIQUS prauoaise</line></par>
<par>
<line>Ministère</line></par>
<par>
<line>' ü '</line></par>
<par>
<line>l’Instruction Publique</line>
<line>et des Beaux-Arts</line></par>
<par>
<line>ARRETE</line></par>
<par>
<line>BEAUX-ARTS</line></par>
</text>
</block>
<block><region><rect/></region>
<text>
<par>
<line>Le s/Secrétaire d’Etat des Beaux-Arts</line></par>
</text>
</block>
<block><region><rect/></region>
<text>
<par>
<line>Vu la loi du 2 MAI 1930 réorganisant la protec¬</line>
<line>tion des Monuments Naturels et des Sites de caractère artisti¬</line>
<line>que, historique, scientifique, légendaire ou pittoresque et</line>
<line>notamment l’article 4;</line></par>
<par>
<line>Sur la proposition de la Commission Départementale</line>
<line>des Monuments ïïaturels et des Sites du Pas-de-Calais;</line></par>
<par>
<line>A</line></par>
<par>
<line>ARRETE:</line></par>
<par>
<line>4rtlole Toremlcr</line></par>
</text>
</block>
<block><region><rect/></region>
<text>
<par>
<line>. Les peupliers plantés en bordure de la chaussée</line>
<line>romaine sise à BASSSÜX (Pas-de-Calais) sont inscrits sur la</line>
<line>liste des Monuments ïïaturels et des Sites dont la conservation</line>
<line>présente un intérêt général*</line></par>
<par>
<line>Article II</line></par>
</text>
</block>
<block><region><rect/></region>
<text>
<par>
<line>Le présent arrêté sera notifié au préfet du</line></par>
<par>
<line>département, pour les archives de la préfecture, et au maire</line></par>
<par>
<line>propriétaire,</line></par>
<par>
<line>de la commune de BASSEÜX/ qui seront responsables, chacun en</line>
<line>ce qui le concerne, de son exécution./.</line></par>
</text>
</block>
<block><region><rect/><rect/></region>
<text>
<par>
<line>Fait à Paris, le 20JANÎ951</line></par>
<par>
<line>Pour ampliation: Aimé BEUTHOD</line></par>
<par>
<line>Pr le Directeur Général des Beaux-Arts —— -</line></par>
<par>
<line>Membre de l’Institut</line></par>
<par>
<line>Le/Chef du Bureau des - ■</line></par>
<par>
<line>Monuments Historiques,</line></par>
</text>
</block>






</page>
</AC2>