<?xml version="1.0" encoding="UTF-8"?><AC2>
<page width="1666" height="2343" resolution="200">
<block><region><rect/></region>
<text>
<par>
<line>Jini-stère do l’Sducpvtion</line>
<line>I\^atiünale</line></par>
</text>
</block>
<block><region><rect/></region>
<text>
<par>
<line>Direction do 1'Arohitocturo</line>
<line>SitGs</line></par>
</text>
</block>
<block><region><rect/></region>
<text>
<par>
<line>/J^RETB</line></par>
</text>
</block>
<block><region><rect/></region>
<text>
<par>
<line>Ig ;vünistrG do l’Edncation Dationalo</line></par>
</text>
</block>
<block><region><rect/></region>
<text>
<par>
<line>Vu la loi du 2 mai 1950 rdorganisant la protection dos</line>
<line>monuments nnturols ot dos sites de care.ctèro artistique-j his¬</line>
<line>torique, sciontifique, légendaire ou pittoresque et notammont</line>
<line>l’artiolû 4î</line></par>
<par>
<line>Vu l’avis émis par la coniiViission departomcntalo des sites</line>
<line>porspectivGs ot uaysages de- la Sommo dons sa. soancG du 13 mars</line>
<line>1950-</line></par>
</text>
</block>
<block><region><rect/></region>
<text>
<par>
<line>ARRETS ;</line></par>
<par>
<line>i'nticle 1er.- L'allée de tilleuls du château de Aolliens</line>
<line>a-u Bois (chemin vioinal n&lt;^9) est inscrite à l’inventaire dos</line>
<line>sites pittoresques de Ir?, gomiiie.</line></par>
<par>
<line>Article 2.- Le présent onrôté sera notifié au préfet du'</line>
<line>département pour les archives do Ica préfectirre, au raairo de la</line>
<line>commune do .‘lollions &amp;u Bois ot coux propriétaires des plontntions</line>
<line>en bordure du chemin qui seront responsables</line></par>
<par>
<line>chacun en ce qui le concerne de son exécution.</line></par>
<par>
<line>pj'iiISs le 11 septembre 195G.</line></par>
<par>
<line>Par délégation</line></par>
<par>
<line>Le Directoux de 1’Architocture</line>
<line>Pour ampliation R* PBK0H3T</line></par>
<par>
<line>l’Administrateur Civil Sous-Chef</line>
<line>du Bureau des sites</line></par>
</text>
</block>
<block><region><rect/></region>
<text>
<par/>
</text>
</block>
<block><region><rect/></region>
<text>
<par/>
</text>
</block>
<block><region><rect/></region>
<text>
<par/>
</text>
</block>
<block><region><rect/></region>
<text>
<par/>
</text>
</block>








</page>
</AC2>