<?xml version="1.0" encoding="UTF-8"?><AC2>
<page width="1433" height="2023" resolution="200">
<block><region><rect/></region>
<text>
<par>
<line>[ij d’::tat</line>
<line>CüITUTAJLLAS</line></par>
</text>
</block>
<block><region><rect/></region>
<text>
<par>
<line>Hopubliquo brançais g</line></par>
</text>
</block>
<block><region><rect/></region>
<text>
<par>
<line>A R R b î S</line></par>
</text>
</block>
<block><region><rect/></region>
<text>
<par>
<line>lié. luiîiistro cbar^'^G des i-biaairos CAilturollos^</line></par>
</text>
</block>
<block><region><rect/></region>
<text>
<par>
<line>VU la loi du 2 Uai 1930 r9or^çanisant la x?rotection'des nionummts</line>
<line>naturels ot des sites do caractoro artistique^ Iiist rriqu-e j</line>
<line>scientifique, légendaire ou pittorosque et notaninent l’art,4 ;</line></par>
<par>
<line>VU la loi du 12 Avril 1943 portant r jglencntaobion de la puolicitd</line>
<line>et des enseignes ot notaiir.ient. les 'articles 5 ot 9 ? "</line></par>
<par>
<line>VU le.ddcrot du 3 Rovrier 1959 rola^tif ann attributions d'un</line>
<line>î'iinistro d*'btat ;</line></par>
<par>
<line>VU le décret du 24 Juillet 1959 portant organisation du îOinisti're</line>
<line>dos Affedres Culturelles ^</line></par>
<par>
<line>VU le decret du 18 iîa.rs I960 portant applicadion du decret du</line></par>
<par>
<line>7 Fevrie.r 1959 relatif au camping et notamiment 1:}S arti 2 et 6^</line></par>
<par>
<line>AU la deliberation du 31 Juillet 1964 do la Section Pormanonto</line>
<line>do la Coimission départonionta.lG d:.s Sites, PorspoctivGS et</line>
<line>Paysages dos Cbtos-du-ricrd ”</line></par>
<par>
<line>A R R "■ i : ] s</line></par>
</text>
</block>
<block><region><rect/></region>
<text>
<par>
<line>Article 9^0r</line>
<line>que s (fu dipc</line>
<line>communes do</line></par>
</text>
</block>
<block><region><rect/><rect/></region>
<text>
<par>
<line>- ns'c</line>
<line>irtement</line></par>
<par>
<line>-.-/--.T . -Trp</line></par>
</text>
</block>
<block><region><rect/><rect/></region>
<text>
<par>
<line>inscrit</line>
<line>dos</line></par>
</text>
</block>
<block><region><rect/><rect/></region>
<text>
<par>
<line>CÔteS'</line></par>
</text>
</block>
<block><region><rect/><rect/></region>
<text>
<par>
<line>sur 1 ’Invonta,iro des Sites pittores-</line>
<line>•du.-rTord, l’ensombla forme sur les</line></par>
</text>
</block>
<block><region><rect/></region>
<text>
<par>
<line>UR,. HIvRCK, PLim ot IFl U/m-L nar le site</line></par>
</text>
</block>
<block><region><rect/><rect/></region>
<text>
<par>
<line>de jj-on G on tour ot l'os vallv."3s a.voïsinantüS ~et délimite nnrnhië</line></par>
<par>
<line>suit î</line></par>
</text>
</block>
<block><region><rect/></region>
<text>
<par>
<line>_Commui2__jde IR' UAAAllL (Jst) s</line>
<line>Bfeiïand, “d' îVédaniel</line></par>
</text>
</block>
<block><region><rect/></region>
<text>
<par>
<line>do 3-a livuito des communos de</line>
<line>ot do l'îldnon s</line></par>
</text>
</block>
<block><region><rect/></region>
<text>
<par>
<line>l'étang et lo ruissesou du Rioulin du Plessix - la route n.rtiona-</line>
<line>la 168,</line></par>
<par>
<line>le cliomin vicinal ordinaire 2 du Calvaire à la RJ'T, 158,</line>
<line>le c-liomin d:;-partemcntal n° 44 (dit de Bon Repos à Languonan),</line>
<line>do nouveau, 1-^ oRcmiri vicinal ordinaire n*^ 2 (dit du Calvaire à</line>
<line>la RoM„ 1 58)5</line></par>
<par>
<line>l'ancivjn chemin de R'oncontour à Oollinde,</line></par>
<par>
<line>le ch.omin de Uotr;-'j&gt;-Par.ie du Haut-'."n-G-uardu,</line></par>
<par>
<line>le chemin rural n° 1 (dit du Uuerdu a la Croix Rlourio),</line></par>
</text>
</block>
<block><region><rect/></region>
<text>
<par>
<line>d a</line></par>
</text>
</block>
<block><region><rect/></region>
<text>
<par>
<line>0 •</line></par>
</text>
</block>
<block><region><rect/></region>
<text>
<par>
<line>HU</line></par>
</text>
</block>






</page>
<page width="1493" height="2065" resolution="200">
<block><region><rect/></region>
<text>
<par>
<line>- ...lo cliomin du Gucrdu ci la ViD.lo Bourses,</line></par>
<par>
<line>- lo ohoïïiin du Gucrdu à la Vill;' Pi.':rrc,</line></par>
<par>
<line>•’ 1g olioniin de Vauratrj'- au ront do Vav.rr.try liraito de la cOciûiu-</line></par>
<par>
<line>n:. do îrddaniûl,</line></par>
<par>
<line>- la. limite do la c.Tmxiuii.! do Trddaniol ( c * est—u-dire lo ruisseau</line></par>
<par>
<line>do la xontaiu''. do la Yillo Pierre) au clierân rural n° 53</line>
<line>(dit chemin ddpartcmontal n° 1 1 la linito de la commune de</line>
<line>•Trddaniel),</line></par>
</text>
</block>
<block><region><rect/><rect/></region>
<text>
<par>
<line>Cornauno do_ PLlIiT (Sud et Oiaest) s</line></par>
<par>
<line>- le chom,in::ural n° 63 (dit du chemin depcirt'm.ontal n® 1 à la</line>
<line>limite do Irêdaniol), •</line></par>
<par>
<line>- lo ch-:nin rural n° 47 (dit du petit Vau^jO.try 1 la Üaisen Neuve),</line></par>
<par>
<line>- l'ancien chemin rural do nonoontour à Plessala,</line></par>
<par>
<line>- le chom.in du lortre Laurent à lot fduoxaudihre, le chemin ddpar-</line></par>
</text>
</block>
<block><region><rect/></region>
<text>
<par>
<line>tomanta,! n^ 1 (dit de la Trinité Porlr</line></par>
</text>
</block>
<block><region><rect/></region>
<text>
<par>
<line>la ^rsvo des Bosaires</line></par>
</text>
</block>
<block><region><rect/></region>
<text>
<par>
<line>- la route notionalo 168 (dite</line></par>
</text>
</block>
<block><region><rect/></region>
<text>
<par>
<line>Saint-Iîalo à Quiheron)</line></par>
</text>
</block>
<block><region><rect/><rect/></region>
<text>
<par>
<line>- le chemin n'^ 32 (dit do Damasse au chemin du'Puits de Damasse),</line></par>
<par>
<line>- le chemin du puits do Damasse,</line></par>
<par>
<line>- la route de L'oncontour èi Plouguonast,</line></par>
<par>
<line>- lo chemin des Vaux à la ville lanpoty,</line></par>
<par>
<line>- 1g chemin ddpartvoncntal n° 44 de Bon Popos à Languonan,</line></par>
<par>
<line>- lo chemin de Plémy oeu Vauclair,</line></par>
</text>
</block>
<block><region><rect/></region>
<text>
<par>
<line>Commune de Il’.NON (Ouest Gt Nord)</line></par>
</text>
</block>
<block><region><rect/></region>
<text>
<par>
<line>- le chemin du loulin doc Pins à la Croix du Vauclair,</line></par>
<par>
<line>- lo chemin do Bol lir à le. haute Ville par la route de l'étang</line>
<line>de la Haute Ville,</line></par>
<par>
<line>- io chemin rural n° 4 (dit do Beaucadalu),</line></par>
<par>
<line>“ le chemin rural n° 48 du Beaucadalu,</line></par>
<par>
<line>- lo chemin rural n® 3S (dit de Bourgneuf),</line></par>
<par>
<line>- le chemin départemental n° 1 (dit do la Trinité Porhoot à la</line>
<line>grève des Hosairos),</line></par>
<par>
<line>- le chemin des Grands lîoulins,</line></par>
<par>
<line>- la lu-ut:; nationale n° 168A, d''; Moncontour Yffiniac et le</line>
<line>che^iin rural n° 1 (dit des Grands Houlins) a la limite de</line>
<line>Bréhand, de Trédaniol et de Hénon (point de départ).</line></par>
</text>
</block>
<block><region><rect/></region>
<text>
<par>
<line>O 0</line></par>
<par>
<line>Cotte protection vise pour les quatre communes les Sections</line>
<line>suivEintGs ;</line></par>
<par>
<line>Commune de IL H'à.VT -UH ; en tcta.lité t Section AB, AC et AD du</line></par>
<par>
<line>cadastre.</line></par>
</text>
</block>





</page>
<page width="1452" height="2037" resolution="200">
<block><region><rect/><rect/></region>
<text>
<par>
<line>Co;ï).mun~ de Pii' il.T s ( So ction 0</line></par>
<par>
<line>(Section D</line></par>
<par>
<line>.(Section D</line></par>
</text>
</block>
<block><region><rect/><rect/></region>
<text>
<par>
<line>1èro iouillo on totalité</line>
<line>1ère ieuiD-lo n°1 à 24 inclus</line>
<line>et 145 4 211 inclus</line>
<line>2e fouille s n^ 212 à 227</line></par>
</text>
</block>
<block><region><rect/></region>
<text>
<par>
<line>inclus, 229, 230, 239 à 241 inclus, 241tis, 242, 242lDis,</line>
<line>243 à 254 inclus et 33G u 359 inclus,</line></par>
<par>
<line>1K3I]Aût:3Jj s Sootirn A s 1èfc feuille en totalité</line></par>
<par>
<line>-Section A § 4o feuille n^ 463 à 514 inclus</line></par>
<par>
<line>519 à 526 inclus et</line>
<line>5G0 à 529 inclus.</line></par>
<par>
<line>HINCN 4 Section A ; 3g fouille on totalité.</line></par>
<par>
<line>Article 2 - Lc-urésont arr6té sera notifie au Préfet du</line>
<line>dêpartouient des Cütes-du-ïïord et auz Paires des coiraunes de</line>
<line>IZCïïCQPlCUP - I-IITCIT - PL-fT et TP4';PAFIPL, gui ^seront responsa^</line>
<line>blvos, chacun en ce gui D.e concerne, de son exécution,</line></par>
<par>
<line>Paris, le 15 Novemtre 1966</line></par>
</text>
</block>
<block><region><rect/></region>
<text>
<par>
<line>■?</line></par>
</text>
</block>
<block><region><rect/></region>
<text>
<par>
<line>ou:</line></par>
</text>
</block>
<block><region><rect/></region>
<text>
<par>
<line>1.- liinistre et par délégation s</line></par>
</text>
</block>
<block><region><rect/></region>
<text>
<par>
<line>Le Ilaître des Pequêtes au Conseil d’Ltat</line>
<line>Pir-cctou-r de l'Architecture,</line></par>
</text>
</block>
<block><region><rect/></region>
<text>
<par>
<line>liax QJ^ UiI-lIuN</line></par>
</text>
</block>
<block><region><rect/></region>
<text>
<par>
<line>Pouf* Ampliation s</line></par>
<par>
<line>Pour 1'Administrateur</line>
<line>Civil chargé des Sites,</line></par>
</text>
</block>
<block><region><rect/><rect/></region>
<text>
<par>
<line>. PPLCilldZ</line></par>
</text>
</block>
<block><region><rect/></region>
<text>
<par>
<line>•Signé ; P</line></par>
</text>
</block>








</page>
</AC2>