<?xml version="1.0" encoding="UTF-8"?><AC2>
<page width="2486" height="3513" resolution="300">
<block><region><rect/></region>
<text orientation="RotatedCounterclockwise">
<par/>
</text>
</block>
<block><region><rect/></region>
<text>
<par>
<line>nr.</line></par>
<par>
<line>n i&gt;î:s ’ ' : '7</line></par>
<par>
<line>‘ ■&lt; jj &lt;■ ^ ■■’ f:"*</line></par>
<par>
<line>1/ 'j</line></par>
<par>
<line>eea\î:c-arts</line></par>
</text>
</block>
<block><region><rect/></region>
<text>
<par>
<line>UKi'i^nijorK Fiiv^cAîSK</line></par>
</text>
</block>
<block><region><rect/></region>
<text>
<par>
<line>l-i J</line></par>
<par>
<line>^jirfo'ccl</line></par>
</text>
</block>
<block><region><rect/></region>
<text>
<par>
<line>t. /</line></par>
</text>
</block>
<block><region><rect/></region>
<text>
<par>
<line>«CNUMENTS «lÊTÛftïClJiS</line></par>
</text>
</block>
<block><region><rect/></region>
<text>
<par>
<line>SiLos üL Moii-jineutB oaturels</line></par>
</text>
</block>
<block><region><rect/><rect/><rect/><rect/><rect/></region>
<text>
<par>
<line>/ïJ f'oi" r.Af^ .■? /î/vv/^i' -/ç.^'!.'^ Æi</line></par>
<par>
<line>?îjfx/i! k f. /j f:/'-'' r^ S r/ti^</line></par>
<par>
<line>r,!’. fff.'.j /f '^y,f.ir-y, /ff',.3 /t^if'yff.i.y, ^ f r'r /1- f'/A '/</line></par>
</text>
</block>
<block><region><rect/><rect/></region>
<text>
<par>
<line>fyn^-y.</line></par>
<par>
<line>A</line></par>
</text>
</block>
<block><region><rect/></region>
<text>
<par>
<line>y /</line></par>
</text>
</block>
<block><region><rect/></region>
<text>
<par/>
</text>
</block>
<block><region><rect/><rect/></region>
<text>
<par>
<line>y. / .</line></par>
</text>
</block>
<block><region><rect/></region>
<text>
<par>
<line>w ta^' &amp;!■&amp;</line></par>
</text>
</block>
<block><region><rect/></region>
<text>
<par/>
</text>
</block>
<block><region><rect/><rect/></region>
<text>
<par>
<line>^'/y /~' ■'' ■ /'''' . I</line></par>
<par>
<line>jAVj; /fif.yj yryi^yj yy.MJ"' yi- Ù-y 'ffi’-yyyy.'.J.J&gt;yy^</line></par>
<par>
<line>■^'* .r ■■'' - ^</line></par>
<par>
<line>&lt;.yAAl&gt;yi ii//i-i:^;yi y.} ■_../i-ïV Artv'f ■4 •.yAy&lt;;y /rA'^yzy</line></par>
<par>
<line>..■!■■ in-i^ . JW'&gt; I_   ____.di.i ■••■_••■» ■■■xP Iibii IIPIIPIP</line></par>
</text>
</block>
<block><region><rect/><rect/><rect/><rect/></region>
<text>
<par>
<line>A'i^ Ae'.r'fyyyyyiÿi'yy.yyyyA- yy/£ irA^/iy 'Ay:- ... î;‘..,..A."-..i,l.„</line>
<line>/£ ■iiÿ .... -l.ïi.--C.i’7.:.:.i£riü..aj?.l....;J.i:Al. 1-K,h,:X^ .</line></par>
</text>
</block>
<block><region><rect/></region>
<text>
<par>
<line>Il iininmwnin^r^r^^r*i*'</line></par>
</text>
</block>
<block><region><rect/></region>
<text>
<par/>
</text>
</block>
<block><region><rect/></region>
<text>
<par>
<line>■ •«ininninin</line></par>
</text>
</block>
<block><region><rect/></region>
<text>
<par>
<line>1—ifiiiiimii^ii»tf i»&gt;tfiw wis</line></par>
</text>
</block>
<block><region><rect/></region>
<text>
<par>
<line>I •mr-ii I .pi-^i-Hi II</line></par>
</text>
</block>
<block><region><rect/></region>
<text>
<par>
<line>C ^A’VCC.ICLJ :</line></par>
</text>
</block>
<block><region><rect/></region>
<text>
<par/>
</text>
</block>
<block><region><rect/></region>
<text>
<par>
<line>^ Y‘^ ^ 'h- T' î '■'■ h ‘~f'O l'i</line></par>
<par>
<line>i'-f?.;;.;</line></par>
</text>
</block>
<block><region><rect/></region>
<text>
<par/>
</text>
</block>


























</page>
<page width="2505" height="3526" resolution="300">
<block><region><rect/></region>
<text>
<par>
<line>f ’Z ':</line></par>
<par>
<line>...'J...</line></par>
</text>
</block>
<block><region><rect/><rect/></region>
<text>
<par>
<line>Svj t 10 j,.f;jiJ:..,.,. 1.^, r.':Â.^ri ':iL,2:..</line></par>
<par>
<line>.1 «.... .!; ...± '..I J.*, .:.</line></par>
</text>
</block>
<block><region><rect/><rect/><rect/></region>
<text>
<par>
<line>_^.Jt5..î./f ï^, iAs-Æ'.v</line></par>
<par>
<line>*</line></par>
</text>
</block>
<block><region><rect/></region>
<text>
<par>
<line>i'/i r.rT,</line></par>
</text>
</block>
<block><region><rect/></region>
<text>
<par>
<line>Aiy/c'kcr.&lt;^^.'.{-îy</line></par>
</text>
</block>
<block><region><rect/></region>
<text>
<par>
<line>C/^</line></par>
</text>
</block>
<block><region><rect/></region>
<text>
<par/>
</text>
</block>
<block blockType="Table" blockName="" l="1072" t="824" r="2039" b="1279"><region><rect/></region>
<row>
<cell leftBorder="White" topBorder="White" rightBorder="White" bottomBorder="White" width="213" height="105">
<text>
<par>
<line>sy^.</line></par>
</text></cell>
<cell leftBorder="White" topBorder="White" rightBorder="White" bottomBorder="White" width="249" height="105">
<text>
<par/>
</text></cell>
<cell leftBorder="White" topBorder="White" rightBorder="White" bottomBorder="White" width="367" height="105">
<text>
<par/>
</text></cell>
<cell leftBorder="White" topBorder="White" rightBorder="White" bottomBorder="White" width="138" height="105">
<text>
<par/>
</text></cell></row>
<row>
<cell leftBorder="White" topBorder="White" rightBorder="White" bottomBorder="White" width="213" height="101">
<text>
<par>
<line>rZ/^:'</line></par>
</text></cell>
<cell leftBorder="White" topBorder="White" rightBorder="White" bottomBorder="White" width="249" height="101">
<text>
<par/>
</text></cell>
<cell leftBorder="White" topBorder="White" rightBorder="White" bottomBorder="White" width="367" height="101">
<text>
<par/>
</text></cell>
<cell leftBorder="White" topBorder="White" rightBorder="White" bottomBorder="White" width="138" height="101">
<text>
<par/>
</text></cell></row>
<row>
<cell leftBorder="White" topBorder="White" rightBorder="White" width="213" height="59">
<text>
<par/>
</text></cell>
<cell leftBorder="White" topBorder="White" rightBorder="White" width="249" height="59">
<text>
<par/>
</text></cell>
<cell leftBorder="White" topBorder="White" rightBorder="White" width="367" height="59">
<text>
<par>
<line>J-V? ii 0 ’ ':i: û</line></par>
</text></cell>
<cell leftBorder="White" topBorder="White" rightBorder="White" bottomBorder="White" width="138" height="59">
<text>
<par/>
</text></cell></row>
<row>
<cell leftBorder="White" rightBorder="White" bottomBorder="White" width="213" height="88">
<text>
<par/>
</text></cell>
<cell leftBorder="White" rightBorder="White" width="249" height="88">
<text>
<par/>
</text></cell>
<cell leftBorder="White" rightBorder="White" bottomBorder="White" width="367" height="88">
<text>
<par/>
</text></cell>
<cell leftBorder="White" topBorder="White" rightBorder="White" bottomBorder="White" width="138" height="88">
<text>
<par/>
</text></cell></row>
<row>
<cell leftBorder="White" topBorder="White" rightBorder="White" bottomBorder="White" width="213" height="102">
<text>
<par/>
</text></cell>
<cell leftBorder="White" rightBorder="White" bottomBorder="White" width="249" height="102">
<text>
<par>
<line>Jl....i)in.,.,:^.£^...</line></par>
</text></cell>
<cell leftBorder="White" topBorder="White" rightBorder="White" bottomBorder="White" width="367" height="102">
<text>
<par>
<line>.û:,iJ..,..i.£....:^'::rL.C£;</line></par>
</text></cell>
<cell leftBorder="White" topBorder="White" rightBorder="White" bottomBorder="White" width="138" height="102">
<text>
<par>
<line>V^ V&lt; l"!.</line></par>
<par>
<line>A..: -‘-r</line></par>
</text></cell></row>
</block>
<block><region><rect/><rect/><rect/></region>
<text>
<par>
<line>'~i i*' ^ /ïv T r'"' r"!</line></par>
<par>
<line>..........-.......■ 4 ..........</line></par>
<par>
<line>T 7 1’ ..%'irrii 1' V rq.-:■-'• -îl H ■ r. 1 ■ ri 11T* i::- r. TT • .7 i: •'.I ' Tt:-»- -&gt; H &gt;: o -.in &gt;-,•</line></par>
<par>
<line>iii^lHii ■■■*k«i ÿ il iiwi ir* Al i r^F*S*ipkip&gt; Sik ^ i. m ii AfWv iikir ^i |■•A•l-•■'-■■ y i^«l ir^ .A4i k-H .^. iksj ■*r4, •</line></par>
<par>
<line>. c:,.^ „-, l.s.jail.!.i.^.lir.;; :..., jtu,.,,£L i .,t. si,,.., sJ. .</line></par>
</text>
</block>
<block><region><rect/></region>
<text>
<par>
<line>i.jiiLiiairtuir&gt;^i*iir&gt;F«ta&gt;tF*i-»p&gt;-</line></par>
</text>
</block>
<block><region><rect/></region>
<text>
<par>
<line>l•■•_l•ll4lk•l••ll•l1•J•/ll■■lP■•1</line></par>
</text>
</block>
<block><region><rect/></region>
<text>
<par>
<line>t.P4l&lt; (Iklll</line></par>
</text>
</block>
<block><region><rect/></region>
<text>
<par/>
</text>
</block>
<block><region><rect/></region>
<text>
<par/>
</text>
</block>
<block><region><rect/></region>
<text>
<par/>
</text>
</block>
<block><region><rect/><rect/><rect/></region>
<text>
<par>
<line>.</line></par>
</text>
</block>
<block><region><rect/><rect/><rect/></region>
<text>
<par/>
</text>
</block>
<block><region><rect/></region>
<text>
<par>
<line>(ly^' k</line></par>
</text>
</block>
<block><region><rect/></region>
<text>
<par/>
</text>
</block>
<block><region><rect/></region>
<text>
<par/>
</text>
</block>
<block><region><rect/></region>
<text>
<par/>
</text>
</block>
<block><region><rect/></region>
<text>
<par>
<line>k</line></par>
<par>
<line>/( i</line></par>
<par>
<line>'! !i</line></par>
<par>
<line>i '</line></par>
<par>
<line>L' L</line></par>
</text>
</block>
<block><region><rect/><rect/></region>
<text>
<par>
<line>^ r\</line></par>
</text>
</block>
<block><region><rect/></region>
<text>
<par>
<line>&gt; :ï</line></par>
</text>
</block>
<block><region><rect/><rect/></region>
<text>
<par>
<line>/! I U</line></par>
<par>
<line>'■ ! I* /' 'i-</line></par>
</text>
</block>
<block><region><rect/></region>
<text>
<par>
<line>/</line></par>
</text>
</block>
<block><region><rect/><rect/><rect/></region>
<text>
<par>
<line>f</line></par>
<par>
<line>fl</line></par>
<par>
<line>' f</line></par>
</text>
</block>
<block><region><rect/></region>
<text>
<par>
<line>a</line></par>
</text>
</block>



























</page>
<page width="793" height="1123" resolution="96">
<block><region><rect/></region>
<text>
<par>
<line>A Z É</line></par>
<par>
<line>(SAÔNE-ET-LOÎRE)</line></par>
</text>
</block>
<block><region><rect/></region>
<text>
<par>
<line>SECTION B</line></par>
<par>
<line>FEUILLE N°5</line></par>
</text>
</block>
<block><region><rect/></region>
<text>
<par>
<line>illc drossée en 1860, révisée pour 1943</line></par>
</text>
</block>
<block><region><rect/></region>
<text>
<par>
<line>Echelle de I ! 1000</line></par>
</text>
</block>












</page>
<page width="2479" height="3508" resolution="300">
<block><region><rect/></region>
<text>
<par>
<line>I</line></par>
</text>
</block>
<block><region><rect/></region>
<text>
<par>
<line>F</line></par>
</text>
</block>
<block><region><rect/></region>
<text>
<par/>
</text>
</block>
<block><region><rect/></region>
<text>
<par/>
</text>
</block>
<block><region><rect/></region>
<text>
<par/>
</text>
</block>
<block><region><rect/></region>
<text>
<par>
<line>b</line></par>
</text>
</block>
<block><region><rect/></region>
<text>
<par>
<line>iL' ^</line></par>
</text>
</block>
<block><region><rect/></region>
<text>
<par>
<line>JL.</line></par>
</text>
</block>
<block><region><rect/></region>
<text>
<par/>
</text>
</block>
<block><region><rect/></region>
<text>
<par>
<line>Il</line></par>
</text>
</block>
<block><region><rect/></region>
<text>
<par>
<line>I I</line></par>
</text>
</block>
<block><region><rect/></region>
<text>
<par>
<line>• v</line></par>
</text>
</block>
<block><region><rect/></region>
<text>
<par>
<line>^\j ej</line></par>
</text>
</block>
<block><region><rect/></region>
<text>
<par>
<line>1</line></par>
</text>
</block>
<block><region><rect/></region>
<text>
<par>
<line>"7 I</line></par>
</text>
</block>
<block><region><rect/></region>
<text>
<par>
<line>HL</line></par>
</text>
</block>
<block><region><rect/></region>
<text>
<par>
<line>w -</line></par>
</text>
</block>
<block><region><rect/></region>
<text>
<par/>
</text>
</block>
<block><region><rect/></region>
<text>
<par/>
</text>
</block>
<block><region><rect/></region>
<text>
<par/>
</text>
</block>
<block><region><rect/></region>
<text>
<par/>
</text>
</block>
<block><region><rect/></region>
<text>
<par/>
</text>
</block>
<block><region><rect/></region>
<text>
<par>
<line>KOCMEBIA'</line></par>
</text>
</block>
<block><region><rect/></region>
<text>
<par>
<line>\</line></par>
</text>
</block>
<block><region><rect/></region>
<text>
<par>
<line>(ty Mtl/</line></par>
</text>
</block>
<block><region><rect/></region>
<text>
<par>
<line>\\</line></par>
</text>
</block>
<block><region><rect/></region>
<text>
<par>
<line>;</line></par>
</text>
</block>
<block><region><rect/></region>
<text>
<par>
<line>£09</line></par>
</text>
</block>
<block><region><rect/></region>
<text>
<par>
<line>f</line></par>
</text>
</block>
<block><region><rect/></region>
<text>
<par>
<line>/</line></par>
</text>
</block>
<block><region><rect/></region>
<text>
<par>
<line>\ \</line></par>
</text>
</block>
<block><region><rect/></region>
<text>
<par>
<line>/</line></par>
</text>
</block>
<block><region><rect/></region>
<text>
<par>
<line>\ ÿ</line></par>
</text>
</block>
<block><region><rect/></region>
<text>
<par>
<line>\ \</line></par>
</text>
</block>
<block><region><rect/></region>
<text>
<par>
<line>y</line></par>
</text>
</block>
<block><region><rect/></region>
<text>
<par>
<line>/</line></par>
</text>
</block>
<block><region><rect/></region>
<text>
<par>
<line>I /</line></par>
</text>
</block>
<block><region><rect/><rect/></region>
<text>
<par/>
</text>
</block>
<block><region><rect/></region>
<text>
<par>
<line>6.0</line></par>
</text>
</block>
<block><region><rect/></region>
<text>
<par>
<line>(eT&lt; !Iéé)</line></par>
</text>
</block>
<block><region><rect/></region>
<text>
<par>
<line>\</line></par>
</text>
</block>
<block><region><rect/></region>
<text>
<par>
<line>\</line></par>
</text>
</block>
<block><region><rect/></region>
<text>
<par>
<line>bl!</line></par>
</text>
</block>
<block><region><rect/></region>
<text>
<par>
<line>y</line></par>
</text>
</block>
<block><region><rect/></region>
<text>
<par/>
</text>
</block>
<block><region><rect/></region>
<text>
<par/>
</text>
</block>
<block><region><rect/></region>
<text>
<par/>
</text>
</block>
<block><region><rect/></region>
<text>
<par>
<line>c:r</line></par>
</text>
</block>
<block><region><rect/></region>
<text>
<par>
<line>la i /</line></par>
</text>
</block>
<block><region><rect/></region>
<text>
<par>
<line>(£y&lt; il 70)</line></par>
</text>
</block>
<block><region><rect/></region>
<text>
<par/>
</text>
</block>
<block><region><rect/></region>
<text>
<par>
<line>/</line></par>
</text>
</block>
<block><region><rect/></region>
<text>
<par>
<line>£ ;V PICOT</line></par>
</text>
</block>
<block><region><rect/></region>
<text>
<par>
<line>/</line></par>
</text>
</block>
<block><region><rect/></region>
<text>
<par>
<line>/</line></par>
</text>
</block>
<block><region><rect/></region>
<text>
<par>
<line>£15</line></par>
</text>
</block>
<block><region><rect/></region>
<text>
<par/>
</text>
</block>
<block><region><rect/></region>
<text>
<par>
<line>ex</line></par>
</text>
</block>
<block><region><rect/></region>
<text>
<par/>
</text>
</block>
<block><region><rect/></region>
<text>
<par/>
</text>
</block>







</page>
<page width="2479" height="3508" resolution="300">
<block><region><rect/></region>
<text>
<par>
<line>£</line></par>
</text>
</block>
<block><region><rect/></region>
<text>
<par/>
</text>
</block>
<block><region><rect/></region>
<text>
<par>
<line>/</line></par>
</text>
</block>
<block><region><rect/></region>
<text>
<par>
<line>O</line></par>
</text>
</block>
<block><region><rect/></region>
<text>
<par>
<line>\</line></par>
</text>
</block>
<block><region><rect/></region>
<text>
<par>
<line>3</line></par>
</text>
</block>
<block><region><rect/></region>
<text>
<par/>
</text>
</block>
<block><region><rect/></region>
<text>
<par>
<line>(er i\^o)</line></par>
</text>
</block>
<block><region><rect/></region>
<text>
<par/>
</text>
</block>
<block><region><rect/></region>
<text>
<par/>
</text>
</block>
<block><region><rect/></region>
<text>
<par/>
</text>
</block>
<block><region><rect/></region>
<text>
<par/>
</text>
</block>
<block><region><rect/></region>
<text>
<par>
<line>H:</line></par>
</text>
</block>
<block><region><rect/></region>
<text>
<par/>
</text>
</block>
<block><region><rect/></region>
<text>
<par>
<line>'=^ i</line></par>
</text>
</block>
<block><region><rect/></region>
<text>
<par>
<line>DE LA DALME .</line></par>
</text>
</block>
<block><region><rect/></region>
<text>
<par>
<line>GR.OTTE</line></par>
</text>
</block>
<block><region><rect/></region>
<text>
<par/>
</text>
</block>
<block><region><rect/></region>
<text>
<par>
<line>6)</line></par>
</text>
</block>
<block><region><rect/></region>
<text>
<par>
<line>ne</line></par>
</text>
</block>
<block><region><rect/></region>
<text>
<par>
<line>a--</line></par>
</text>
</block>
<block><region><rect/></region>
<text>
<par>
<line>it3ÿ)</line></par>
</text>
</block>
<block><region><rect/></region>
<text>
<par>
<line>350</line></par>
</text>
</block>
<block><region><rect/></region>
<text>
<par/>
</text>
</block>
<block><region><rect/></region>
<text>
<par>
<line>S79</line></par>
</text>
</block>
<block><region><rect/><rect/></region>
<text>
<par/>
</text>
</block>
<block><region><rect/></region>
<text>
<par/>
</text>
</block>
<block><region><rect/></region>
<text>
<par/>
</text>
</block>
<block><region><rect/></region>
<text>
<par>
<line>X</line></par>
</text>
</block>



</page>
<page width="793" height="1123" resolution="96">
<block><region><rect/></region>
<text>
<par/>
</text>
</block>
<block><region><rect/></region>
<text>
<par/>
</text>
</block>
<block><region><rect/></region>
<text>
<par>
<line>O</line></par>
</text>
</block>
<block><region><rect/></region>
<text>
<par>
<line>/</line></par>
</text>
</block>
<block><region><rect/></region>
<text>
<par>
<line>c</line></par>
</text>
</block>
<block><region><rect/></region>
<text>
<par/>
</text>
</block>
<block><region><rect/></region>
<text>
<par>
<line>4^</line></par>
</text>
</block>
<block><region><rect/><rect/></region>
<text>
<par>
<line>S"</line></par>
</text>
</block>
<block><region><rect/></region>
<text>
<par/>
</text>
</block>
<block><region><rect/></region>
<text>
<par/>
</text>
</block>
<block><region><rect/></region>
<text>
<par/>
</text>
</block>
<block><region><rect/></region>
<text>
<par>
<line>SiO</line></par>
</text>
</block>
<block><region><rect/></region>
<text>
<par/>
</text>
</block>
<block><region><rect/></region>
<text>
<par>
<line>DE MONTCHAUlN</line></par>
</text>
</block>
<block><region><rect/></region>
<text>
<par>
<line>ULI</line></par>
</text>
</block>
<block><region><rect/></region>
<text>
<par>
<line>'cSI</line></par>
<par>
<line>RJZEHC</line></par>
</text>
</block>
<block><region><rect/></region>
<text>
<par>
<line>A</line></par>
</text>
</block>
<block><region><rect/></region>
<text>
<par>
<line>/I</line></par>
</text>
</block>


















</page>
</AC2>