<?xml version="1.0" encoding="UTF-8"?><AC2>
<page width="2496" height="3519" resolution="300">
<block><region><rect/></region>
<text>
<par>
<line>SEAU X’A RTS</line></par>
</text>
</block>
<block><region><rect/></region>
<text>
<par>
<line>SITES</line></par>
</text>
</block>
<block><region><rect/></region>
<text>
<par>
<line>C LA SSE MEN T</line></par>
</text>
</block>
<block><region><rect/><rect/></region>
<text>
<par>
<line>Fini</line></par>
<par>
<line>L'ODETl?</line></par>
<par>
<line>C-OMMUNt.</line></par>
<par>
<line>c-Anrofs ; qujy^psf?,</line>
<line>A R ROM d’.' ; &lt;^(//^P£:M</line></par>
</text>
</block>
<block><region><rect/></region>
<text>
<par>
<line>c-oj^pc/^s: jdc.</line>
<line>opfcc/r/</line></par>
</text>
</block>
<block><region><rect/></region>
<text>
<par>
<line>PLO</line></par>
</text>
</block>
<block><region><rect/></region>
<text>
<par>
<line>HELim</line></par>
</text>
</block>
<block><region><rect/></region>
<text>
<par>
<line>CARTE.</line></par>
</text>
</block>
<block><region><rect/></region>
<text>
<par>
<line>/vilCHtLiri</line></par>
</text>
</block>
<block><region><rect/></region>
<text>
<par>
<line>N *56</line></par>
</text>
</block>
<block><region><rect/></region>
<text>
<par>
<line>PLI-.IS</line></par>
</text>
</block>
<block><region><rect/></region>
<text>
<par>
<line>'y</line></par>
</text>
</block>
<block><region><rect/></region>
<text>
<par/>
</text>
</block>
<block><region><rect/></region>
<text>
<par>
<line>i</line></par>
</text>
</block>
<block><region><rect/></region>
<text>
<par>
<line>y.</line></par>
</text>
</block>
<block><region><rect/></region>
<text>
<par>
<line>9</line></par>
</text>
</block>
<block><region><rect/></region>
<text>
<par/>
</text>
</block>
<block><region><rect/></region>
<text>
<par>
<line>90</line></par>
</text>
</block>
<block><region><rect/></region>
<text>
<par>
<line>Sf</line></par>
</text>
</block>
<block><region><rect/></region>
<text>
<par>
<line>dojr</line></par>
</text>
</block>
<block><region><rect/></region>
<text>
<par/>
</text>
</block>
<block><region><rect/></region>
<text>
<par>
<line>to</line></par>
</text>
</block>
<block><region><rect/></region>
<text>
<par>
<line>R</line></par>
</text>
</block>
<block><region><rect/></region>
<text>
<par/>
</text>
</block>
<block><region><rect/></region>
<text>
<par>
<line>c, C" ^ / O O</line></par>
</text>
</block>
<block><region><rect/></region>
<text>
<par/>
</text>
</block>
<block><region><rect/></region>
<text>
<par/>
</text>
</block>
<block><region><rect/></region>
<text>
<par/>
</text>
</block>
<block><region><rect/></region>
<text>
<par/>
</text>
</block>
<block><region><rect/></region>
<text>
<par/>
</text>
</block>
<block><region><rect/></region>
<text>
<par/>
</text>
</block>
<block><region><rect/></region>
<text>
<par>
<line>^CHEt.L£. .- ///</line>
<line>/OAK.Tf4 ei.-*s!i£</line></par>
</text>
</block>
<block><region><rect/></region>
<text>
<par>
<line>/O OOC</line></par>
</text>
</block>
<block><region><rect/></region>
<text>
<par>
<line>-jr: J :</line></par>
<par>
<line>i^ec p: ■ cel 'Gfj -O'? - c Ot - ^,09 - oIC ~ ^i.1 ~</line></par>
<par>
<line>LLl - U CO t Ion C du plan cndastr" ! de la coinr une de</line>
<line>' '^ ‘inistère) bordant la rivllro de "l^Gdet"</line>
<line>sont clnssceo parir.i les sites et üion-'oentÊ; nc.tAirels</line>
<line>de carr e tore artistinoB.</line></par>
</text>
</block>
<block><region><rect/></region>
<text>
<par>
<line>roGjT CO oie C0iifor3:e,</line>
<line>iiG ude-i: da bu^ea.,. des</line>
<line>ono ientü ..,i£ tori-'^ues</line>
<line>et des oites :</line></par>
</text>
</block>
<block><region><rect/></region>
<text>
<par>
<line>elgnoî Léon I3iluuuj</line></par>
</text>
</block>



















<block blockType="Picture" blockName="" l="2068" t="256" r="2252" b="594"><region><rect/></region>
</block>
</page>
</AC2>