<?xml version="1.0" encoding="UTF-8"?><AC2>
<page width="2491" height="3515" resolution="300">
<block><region><rect/></region>
<text>
<par>
<line>RÉPUBLIQUE FRANÇAISE</line></par>
</text>
</block>
<block><region><rect/></region>
<text>
<par>
<line>JBP/SV.</line></par>
</text>
</block>
<block><region><rect/></region>
<text>
<par>
<line>.MtNISTÈRE DE L^ÜRBANISME</line></par>
<par>
<line>DU LOÔe'mlENT et des THAîrSÎORTS</line></par>
</text>
</block>
<block><region><rect/></region>
<text>
<par>
<line>direction</line></par>
<par>
<line>DE ..L'urbanisme ET DÉS PAYSAGES</line></par>
</text>
</block>
<block><region><rect/></region>
<text>
<par>
<line>90US«Orf|£CT10N DES SITES</line>
<line>ET DES ESPACES PROTÉGÉS</line></par>
<par>
<line>SITES</line></par>
</text>
</block>
<block><region><rect/></region>
<text>
<par>
<line>ARRÊTÉ</line></par>
</text>
</block>
<block><region><rect/></region>
<text>
<par>
<line>Le Ministre de i'Urbanisme</line></par>
<par>
<line>du Logement et des</line>
<line>Transports</line></par>
</text>
</block>
<block><region><rect/></region>
<text>
<par>
<line>VET la loi du 2 mai 1930 réorganisant la protection des monuments naturels</line>
<line>et des sites de caractère artistique, historique, scientifique, lêgèn-’</line>
<line>daire ou pittoresque, modifiée par la loi n° 67-1174 du 28 décembre</line>
<line>1967 ;</line></par>
<par>
<line>VU le, décret n° 69-607 du 13 juin 1969 portant application des articles</line>
<line>4 et 5.1 de la loi du 2 mai 1930 sur la protection des sites ;</line></par>
<par>
<line>VU le décret n® 70-288 du 31 mars 1970 relatif à la composition et</line></par>
<par>
<line>au-fonctionnement des commissions départementales et supérieure' dès</line>
<line>sites ;</line></par>
<par>
<line>VU: l’arrêté du 17 janvier 1967 inscrivant sur l'Inventaire des Sites</line></par>
<par>
<line>du département d'ILLE et VILAINE l'ensemble formé par la RANCE;</line></par>
<par>
<line>Coftsidérant que les deux ensembles formés sur la commune de MINIHIC</line>
<line>SÜR-RANCE (Ille et Vilaine) par deux vallons constituent un site de</line>
<line>caractère pittoresque dont la préservation revêt un caractère d'in¬</line>
<line>térêt général au sens de l'article 4 de la loi du 2 mai 1930 ;</line></par>
<par>
<line>VU l'avis émis le 27 novembre 1982 par le Conseil Municripal de MINIHIC-SUR</line></par>
<par>
<line>rance;</line></par>
<par>
<line>VU la délibération du 23 Mars 1983 de la commission départementale des</line>
<line>sites, perspectives et paysages du département d'ILLE ET VILAINE.</line></par>
</text>
</block>
<block><region><rect/></region>
<text>
<par>
<line>A</line></par>
<par>
<line>ARRETE ;</line></par>
</text>
</block>
<block><region><rect/></region>
<text>
<par>
<line>! Sont inscrits sur l'Inventaire des sites pittoresques</line>
<line>du département d'ILLE ET VILAINE deux ensembles formés</line>
<line>sur la commune de MINIHIC-SUR-RANCE par deux vallons</line>
<line>et délimités comme suit, dans le sens des aiguilles</line>
<line>d'une montre conformément âu plan annexé au présent^</line>
<line>arrêté.</line></par>
</text>
</block>
<block><region><rect/></region>
<text>
<par/>
</text>
</block>
<block><region><rect/></region>
<text>
<par>
<line>ARTICLE 1er</line></par>
</text>
</block>






</page>
<page width="2497" height="3519" resolution="300">
<block><region><rect/></region>
<text>
<par>
<line>- 2 -</line></par>
</text>
</block>
<block><region><rect/></region>
<text>
<par>
<line>1er ensemble : situé^au^Sud,</line></par>
<par>
<line>PARTIE NORD DE IA VALLEE DU RUISgEfrÔ PB IA HOÜSSAIS</line></par>
<par>
<line>Point origine : section, J, la ren.çsQntXTQ..du CD 64 de l'ancien CD 1.14</line></par>
<par>
<line>rr-.-r- «T nOUVSçaU CD 114.</line></par>
<par>
<line>1</line></par>
<par>
<line>Section</line></par>
<par>
<line>ri la CD 114 jusqu'à la limite commune avec Dang^olay</line>
<line>la limite communale avec Langrolay</line></par>
<par>
<line>- la limite communaie avec Pleurtuit</line></par>
<par>
<line>- le CD 64 jusqu'au point origine</line></par>
<par>
<line>2èroe ensemble : situe_§ij_Nord.</line></par>
<par>
<line>ZONE DU"GRAND VAL</line></par>
<par>
<line>Poir^ Origine : seotion J, carrefour du CD 114 ancien et nouveau avec</line></par>
<par>
<line>le CR n.* 8</line></par>
<par>
<line>-section J</line></par>
<par>
<line>- l'ancien CD 114 jusqu'au, coi.n,SW de la parcelle 606 ^ancienne 369)</line></par>
<par>
<line>- la face SW de. la parcelle. 6Q6 ' (ancienne 369)</line>
<line>la face Sud-Est de la parcelle 370</line></par>
<par>
<line>- la ligne fictive qui joint, le coin S de- la parcelle 370-du coin E'</line>
<line>de la parcelle 394.</line></par>
<par>
<line>- la face, Sud-Est de. la parcelle 3.94 et la face Sud W (p.p)</line></par>
<par>
<line>- la^ face E.de. la parcelle 3 99 et la face S (p.p)</line></par>
<par>
<line>- les faces S&gt; SE des parcelles 40,3 / 404, 425, 417</line>
<line>-- les- faces- SE des parcelles 418' à 420</line></par>
<par>
<line>- les. faces SE et- SW- de la. parcelle 421</line></par>
<par>
<line>- JLa limite, communale, àvèc: PLEÜRTUIT-</line></par>
<par>
<line>- le CR. n“ 8</line></par>
<par>
<line>Section A</line></par>
<par>
<line>- le CR. n° 8 '(limite, entre Section, J et: section A) jusqu'au coin</line>
<line>SW de la parcelle 301</line></par>
<par>
<line>- les- faces W des parcelles- 301, 3,03'et 304 ' (p-.p)</line></par>
<par>
<line>- les faces S et W 'de- la; parcelle 305;</line></par>
<par>
<line>- les faces S; Cp&gt;p) W e.t N de la. parcelle; 306</line></par>
<par>
<line>- la face N de^ la parcelle 298</line></par>
<par>
<line>- la.: VC sans dénomination du coin: NE de la, parcelle. 2,98 au. coin N. de</line>
<line>la parcelle 278</line></par>
<par>
<line>- la face E de la,, parcelle 27$</line></par>
<par>
<line>- la,face N et la face W de la parcelle 515 (non comprise)</line></par>
<par>
<line>- les faces E des; parcelles 513 et 5,14 (norircomprisês) \</line></par>
<par>
<line>- le. prolongement de la face W de la parcelle. 514. jusqu'à sa rencontre</line>
<line>avec le CD- 114.</line></par>
<par>
<line>- le. CD;. 114 jusqu.* au point origine.</line></par>
</text>
</block>











</page>
<page width="2515" height="3532" resolution="300">
<block><region><rect/><rect/></region>
<text>
<par>
<line>^3</line></par>
</text>
</block>
<block><region><rect/><rect/><rect/><rect/></region>
<text>
<par>
<line>ARTICLE 2 :1e présent arrêté sera notifié au Préfet, Conunissair^.^</line></par>
<par>
<line>- de la République de</line></par>
<par>
<line>la République du départ’éinerrtr“&lt;î*^IÊLÈ Ê^5SËi3LAXNEi^t au</line></par>
</text>
</block>
<block><region><rect/><rect/></region>
<text>
<par>
<line>f-I i '.CD.-' •'&amp;</line></par>
</text>
</block>
<block><region><rect/><rect/><rect/></region>
<text>
<par>
<line>.reqpqnsables chacun en qe qin.~±ie-cÆ&gt;heéfrn«nr-^aa-^n</line>
<line>’'^eîfécTitioR.“'--“ ■' ’ ' ■’' ' - ■■'• -■ ■ ■ -</line></par>
</text>
</block>
<block><region><rect/></region>
<text>
<par/>
</text>
</block>
<block><region><rect/></region>
<text>
<par/>
</text>
</block>
<block><region><rect/></region>
<text>
<par>
<line>C .-1:70;</line></par>
</text>
</block>
<block><region><rect/></region>
<text>
<par>
<line>- .. ■ .* "» ï •• Z.^'’ t £■' f t {■■'[•*' •■,»-■ •' -'■</line></par>
</text>
</block>
<block><region><rect/></region>
<text>
<par/>
</text>
</block>
<block><region><rect/></region>
<text>
<par>
<line>'U -</line></par>
</text>
</block>
<block><region><rect/><rect/><rect/></region>
<text>
<par>
<line>rr .:*? ' .&lt; ' \ ■ r. #.— •■&lt;&lt;- , .-t j.</line></par>
<par>
<line>Xip^r: .3 j' 'i;</line></par>
</text>
</block>
<block><region><rect/><rect/><rect/><rect/><rect/><rect/></region>
<text>
<par>
<line>■ &lt;^.xV » ■ . ■ . ■ .</line></par>
<par>
<line>£'3'^ ip :" ?’rîC oc ■ . ,«• '</line></par>
</text>
</block>
<block><region><rect/></region>
<text>
<par>
<line>^ îifew S-ilS;-;</line></par>
</text>
</block>
<block><region><rect/></region>
<text>
<par>
<line>* r. “ ‘</line></par>
</text>
</block>
<block><region><rect/></region>
<text>
<par>
<line>- a VE !</line></par>
</text>
</block>
<block><region><rect/></region>
<text>
<par/>
</text>
</block>
<block><region><rect/></region>
<text>
<par>
<line>VP.</line></par>
</text>
</block>
<block><region><rect/><rect/><rect/></region>
<text>
<par>
<line>V-. ',^'- . V -^r-T-jrx "</line></par>
<par>
<line>^ ' " '■ .i^i a'?fiAsîSk.ïfeà?l'28^</line></par>
<par>
<line>■■'■ r W tu:-</line></par>
</text>
</block>
<block><region><rect/></region>
<text>
<par>
<line>i:x3r.;ôér"</line></par>
</text>
</block>
<block><region><rect/></region>
<text>
<par>
<line>/ Ç:C' } c ' g-iL. ' i,'.-;;;.-,</line></par>
</text>
</block>
<block><region><rect/><rect/></region>
<text>
<par>
<line>''■X\</line></par>
</text>
</block>
<block><region><rect/><rect/></region>
<text>
<par>
<line>, *</line></par>
<par>
<line>^Jir, •-. V.I?</line></par>
</text>
</block>
<block><region><rect/></region>
<text>
<par>
<line>. r</line></par>
<par>
<line>'. «. ;</line></par>
</text>
</block>
<block><region><rect/><rect/><rect/><rect/></region>
<text>
<par>
<line>V^'-Dh ■ ■■ ^ Îk "''" f-ï ' -</line></par>
<par>
<line>■ •-. -_, !,[ '."'-F ^ 3 ^.uVia Mini«t|» .. pjV ■ ii'f”-</line></par>
<par>
<line>i.f- .n*,*-- S.-.'X'"-- »■■ ■• ^ ‘.J.,- :.■, V .'^V ■,,,''-c,'-* ■■'.'C'c-^ Z ■ Bt .■," , ■■*'•- ■ £ *,■-'</line></par>
<par>
<line>laSous-pu'ecteMÿ^.r.Y'. ,,, - S./‘A'</line></par>
<par>
<line>"t .- ....'. j,”£;.5r-3 -■- ;;3i'a£fe*ar 'ÿï9^Esîâ&gt;efs;Pr^^^^^^^ ,_.,</line></par>
</text>
</block>
<block><region><rect/><rect/><rect/></region>
<text>
<par>
<line>Cr:,--.;, S .-©OÊ,</line></par>
<par>
<line>■ H"; * ■■-*- •* L- ^</line></par>
<par>
<line>L-ï ' •■î-'î: t i M</line></par>
</text>
</block>
<block><region><rect/></region>
<text>
<par/>
</text>
</block>
<block><region><rect/></region>
<text>
<par>
<line>■f. *4.</line></par>
</text>
</block>
<block><region><rect/><rect/></region>
<text>
<par>
<line>' Çath'«riqé''éERSÀ|ï '</line></par>
<par>
<line>•fri- .«.-■ ■ * - •&gt;■' ' ’ - •</line></par>
</text>
</block>
<block><region><rect/></region>
<text>
<par/>
</text>
</block>
<block><region><rect/></region>
<text>
<par/>
</text>
</block>
<block><region><rect/></region>
<text>
<par>
<line>- • »- : •■'•« * ■ ^ç.y</line></par>
</text>
</block>
<block><region><rect/></region>
<text>
<par>
<line>?■ vi. Hi?</line></par>
</text>
</block>
<block><region><rect/></region>
<text>
<par/>
</text>
</block>
<block><region><rect/></region>
<text>
<par>
<line>« '..i, ■</line></par>
</text>
</block>
<block><region><rect/></region>
<text>
<par>
<line>:Pf-</line></par>
</text>
</block>
<block><region><rect/></region>
<text>
<par/>
</text>
</block>
<block><region><rect/><rect/><rect/></region>
<text>
<par>
<line>;..■' 7-, i^-qojlè -r 'ê-'k hà-^-'^J-^ 'k^:.</line></par>
<par>
<line>, ; i O- C- i ;ir.'.‘'7.05--L 7,: ^</line></par>
</text>
</block>
<block><region><rect/></region>
<text>
<par>
<line>. fï:-.- ^</line></par>
</text>
</block>
<block><region><rect/></region>
<text>
<par/>
</text>
</block>
<block><region><rect/><rect/></region>
<text>
<par/>
</text>
</block>
<block><region><rect/></region>
<text>
<par>
<line>- • .■3, vV-r:'</line></par>
</text>
</block>
<block><region><rect/><rect/><rect/></region>
<text>
<par/>
</text>
</block>
<block><region><rect/></region>
<text>
<par>
<line>vOL ' Si i't i/)_,</line></par>
</text>
</block>
<block><region><rect/></region>
<text>
<par>
<line>' ~ &gt;■•..</line></par>
</text>
</block>
<block><region><rect/></region>
<text>
<par>
<line>7,52 r .Ci _ ,Ç 'Jj,-'-^ ^</line></par>
<par>
<line>£a ^ -J*-'- ^ E C . - Ô t. - ■'^1 - / \-l- ^'' ' ^ ~ ■*■ '• *</line></par>
<par>
<line>•.,. XK •:,■:.£• pr-ro/'V-D ^n. . qv .0,- ■</line></par>
</text>
</block>
<block><region><rect/></region>
<text>
<par>
<line>B ,«07 fer f ,:’</line></par>
</text>
</block>
<block><region><rect/></region>
<text>
<par>
<line>■:îê7 t.„ f</line></par>
</text>
</block>
<block><region><rect/></region>
<text>
<par>
<line>ûi coor</line></par>
</text>
</block>
<block><region><rect/><rect/><rect/></region>
<text>
<par>
<line>' c- '•**ii,«-f,^ r'</line></par>
<par>
<line>-, . i- ■ ■ :■ • r</line></par>
<par>
<line>'.' ■ ..,,'0^ *- c ," ■ £i'. r 0'.' ■;■</line></par>
</text>
</block>
<block><region><rect/></region>
<text>
<par/>
</text>
</block>
<block><region><rect/></region>
<text>
<par>
<line>, B t:-</line></par>
<par>
<line>s - ■ '^ ■ ■ ■</line></par>
</text>
</block>
<block><region><rect/></region>
<text>
<par>
<line>■iBZ</line></par>
</text>
</block>
<block><region><rect/></region>
<text>
<par>
<line>.. .C'fc . . . '•'•■_ ., ^•' ;a.-</line></par>
<par>
<line>:■■; ,K ^ ■S^-.a-S'</line></par>
<par>
<line>i .,■ ■ ‘U .' è . ^ C'C i,'.</line></par>
</text>
</block>
<block><region><rect/></region>
<text>
<par/>
</text>
</block>
<block><region><rect/></region>
<text>
<par>
<line>crjt .’■</line></par>
</text>
</block>




</page>
<page width="2480" height="3507" resolution="300">
<block><region><rect/></region>
<text>
<par/>
</text>
</block>
<block><region><rect/></region>
<text>
<par>
<line>1»</line></par>
</text>
</block>
<block><region><rect/></region>
<text>
<par/>
</text>
</block>
<block><region><rect/></region>
<text>
<par>
<line>II</line></par>
<par>
<line>■ • /</line></par>
<par>
<line>*• "</line></par>
<par>
<line>Il ■ »</line></par>
</text>
</block>
<block><region><rect/><rect/><rect/></region>
<text>
<par>
<line>n-</line></par>
<par>
<line>*</line></par>
</text>
</block>
<block><region><rect/></region>
<text>
<par>
<line>I</line></par>
<par>
<line>II</line></par>
<par>
<line>I • »</line></par>
</text>
</block>
<block><region><rect/></region>
<text>
<par>
<line>A ■-*</line></par>
</text>
</block>
</page>
<page width="2480" height="3507" resolution="300">
<block><region><rect/></region>
<text orientation="RotatedClockwise">
<par>
<line>UHervitJ)</line></par>
</text>
</block>
<block><region><rect/></region>
<text>
<par>
<line>^ U N E</line></par>
</text>
</block>
<block><region><rect/></region>
<text>
<par>
<line>D £■</line></par>
</text>
</block>
<block><region><rect/></region>
<text>
<par>
<line>W_EU)RT‘üi(T</line></par>
</text>
</block>
<block><region><rect/></region>
<text>
<par>
<line>9-s-</line></par>
</text>
</block>
<block><region><rect/></region>
<text>
<par/>
</text>
</block>
<block><region><rect/></region>
<text>
<par/>
</text>
</block>
<block><region><rect/></region>
<text>
<par>
<line>V</line></par>
</text>
</block>
<block><region><rect/></region>
<text>
<par>
<line>K</line></par>
</text>
</block>
<block><region><rect/></region>
<text>
<par>
<line>Ce</line></par>
</text>
</block>
<block><region><rect/></region>
<text>
<par>
<line>ÏJS-</line></par>
</text>
</block>
<block><region><rect/></region>
<text>
<par>
<line>A.</line></par>
</text>
</block>
<block><region><rect/></region>
<text>
<par>
<line>li</line></par>
</text>
</block>
<block><region><rect/></region>
<text>
<par>
<line>Ïi5</line></par>
</text>
</block>
<block><region><rect/></region>
<text>
<par>
<line>h"</line></par>
</text>
</block>
<block><region><rect/></region>
<text>
<par/>
</text>
</block>
<block><region><rect/></region>
<text>
<par>
<line>a:</line></par>
</text>
</block>
<block><region><rect/></region>
<text>
<par>
<line>B</line></par>
</text>
</block>
<block><region><rect/></region>
<text>
<par>
<line>Æ- **</line></par>
</text>
</block>
<block><region><rect/></region>
<text>
<par/>
</text>
</block>
<block><region><rect/></region>
<text>
<par/>
</text>
</block>
<block><region><rect/></region>
<text>
<par>
<line>Y</line></par>
</text>
</block>
<block><region><rect/></region>
<text>
<par>
<line>O</line></par>
</text>
</block>
<block><region><rect/></region>
<text>
<par>
<line>Co</line></par>
</text>
</block>
<block><region><rect/></region>
<text>
<par>
<line>\</line></par>
</text>
</block>
<block><region><rect/></region>
<text>
<par/>
</text>
</block>
<block><region><rect/></region>
<text>
<par>
<line>"J</line></par>
</text>
</block>
<block><region><rect/></region>
<text>
<par>
<line>.«s</line></par>
</text>
</block>
<block><region><rect/></region>
<text>
<par>
<line>\</line></par>
</text>
</block>
<block><region><rect/></region>
<text>
<par>
<line>ZI</line></par>
</text>
</block>
<block><region><rect/></region>
<text>
<par>
<line>&gt;</line></par>
</text>
</block>
<block><region><rect/></region>
<text>
<par>
<line>\</line></par>
</text>
</block>
<block><region><rect/></region>
<text>
<par>
<line>O</line></par>
</text>
</block>
<block><region><rect/></region>
<text>
<par>
<line>m</line></par>
</text>
</block>
<block><region><rect/></region>
<text>
<par>
<line>iüT</line></par>
</text>
</block>
<block><region><rect/></region>
<text>
<par>
<line>ag-</line></par>
</text>
</block>
<block><region><rect/></region>
<text>
<par/>
</text>
</block>
<block><region><rect/><rect/></region>
<text>
<par/>
</text>
</block>











</page>
<page width="1653" height="2338" resolution="200">
<block><region><rect/></region>
<text>
<par/>
</text>
</block>
<block><region><rect/></region>
<text>
<par/>
</text>
</block>
</page>
</AC2>