<?xml version="1.0" encoding="UTF-8"?><AC2>
<page width="2479" height="3508" resolution="300">
<block><region><rect/></region>
<text>
<par>
<line>FICHE 1</line></par>
</text>
</block>
<block><region><rect/></region>
<text>
<par>
<line>Un site interdépartemental :</line></par>
<par>
<line>L'Etang du Puits et ses berges</line></par>
</text>
</block>
<block><region><rect/></region>
<text>
<par>
<line>Communes : Argent-sur-Sauldre,</line></par>
<par>
<line>Clémont-sur-Sauldre (Cher)</line>
<line>et Cerdon-du-Loiret (Loiret)</line></par>
<par>
<line>Statut : site classé le 12 juillet 1965</line></par>
<par>
<line>Superficie : 253 hectares, 180 hectares</line>
<line>pour l'étang</line></par>
<par>
<line>Le site est la propriété du Ministère de</line>
<line>l'Ecologie et du Développement</line>
<line>Durable</line></par>
<par>
<line>(concessionnaire : Syndicat de</line>
<line>Sologne)</line></par>
<par>
<line>Accès public et activités réglementées</line></par>
</text>
</block>
<block><region><rect/></region>
<text>
<par/>
</text>
</block>
<block><region><rect/></region>
<text>
<par>
<line>Vue depuis la digue de l'Etang du Puits (commune de Clémont-sur-Sauldre)</line></par>
</text>
</block>
<block><region><rect/></region>
<text>
<par>
<line>Motifs du classement</line></par>
</text>
</block>
<block><region><rect/></region>
<text>
<par>
<line>« Ce qui fait l’intérêt, c’est la vaste étendue d’eau sur laquelle ne se reflètent que les bouquets de petits arbres qui habillent les</line>
<line>rives. L’eau et le ciel glauque forme l’essentiel de ce paysage solognot.</line></par>
<par>
<line>« Les abords de l’étang du Puits sont fréquentés pendant toute la belle saison par les pêcheurs qui, soit de la rive, soit en</line>
<line>bateau, peuvent se livrer à cette saine distraction. (_) L’hiver, la chasse au gibier d’eau a ses adeptes et les tableaux en sont</line>
<line>généralement fructueux. »2</line></par>
<par>
<line>Le classement était ainsi légitimée dès 1949 par la préservation d'un espace agréable à bien des égards et il présageait des</line>
<line>conflits d'usage dont allait faire l'objet l'étang au cours des décennies suivantes.</line></par>
<par>
<line>« Les sports de l’eau connaissent une vogue croissante et cet étang est un merveilleux rendez-vous de séjour dominical pour les</line>
<line>habitants du Loiret et du Cher. »3</line></par>
<par>
<line>Le Conservateur Régional des Bâtiments de France précise qu' « il faut en premier lieu éviter la construction de maisons trop</line>
<line>hautes ; en second lieu les matériaux désordonnés et choquants. »4</line></par>
<par>
<line>L'intention du classement est donc d'éviter une dérive lente des pratiques qui engendrerait une dénaturation du site. Les</line>
<line>aménagements et les constructions relèvent toutes d'un contrôle en conséquence.</line></par>
<par>
<line>La protection du site a donc été décidée en 1965 en application de la loi du 2 mai 1930 pour préserver un paysage pittoresque.</line></par>
<par>
<line>Ainsi, si cet étang assez banal présente l'intérêt paysager caractéristique des étangs de la Sologne, mais dans une plus grande</line>
<line>ampleur compte tenu de la dimension de l'étendue d'eau, il témoigne de surcroît d'une histoire qui dépasse largement le cadre</line>
<line>du site classé par son lien avec le tracé du Canal de la Sauldre.</line></par>
</text>
</block>
<block><region><rect/></region>
<text>
<par>
<line>1 In Rapport-Proposition de ciassement, Site de i'Etang du Puits, par le Chef de l'Agence des Bâtiments de France, 1949, p 1.</line></par>
</text>
<text>
<par>
<line>2 Id, p 3.</line></par>
</text>
<text>
<par>
<line>3 In Ministère d'Etat de l'Education Nationale, Direction de l'Architecture, Conservation Régionale des Bâtiments de France, Rapport sur</line></par>
<par>
<line>la protection au titre des sites de l'Etang du Puits, par le Conservateur Régional des Bâtiments de France, 8 avril 1960, p 1.</line></par>
</text>
<text>
<par>
<line>4 Id 3, p 2.</line></par>
</text>
</block>
<block><region><rect/></region>
<text>
<par>
<line>9</line></par>
</text>
</block>







</page>
<page width="2479" height="3508" resolution="300">
<block><region><rect/></region>
<text>
<par>
<line>Identité et état des lieux</line></par>
</text>
</block>
<block><region><rect/></region>
<text>
<par>
<line>Le site classé est du domaine public et comprend la totalité de l'étang ainsi que son pourtour boisé. C'est un site</line>
<line>interdépartemental qui concerne le département du Cher (18) et le département du Loiret (45).</line></par>
<par>
<line>Cet étang de plaine a une origine artificielle : il s'agit du réservoir d'alimentation du Canal de la Sauldre. La voie navigable du</line>
<line>canal fut mise en service en 1869 dans le but de faire transiter des marnes prélevées à Blancafort (Cher) sur des terrains</line>
<line>propices de la marge orientale de la Sologne jusqu'à Lamotte-Beuvron (Loir-et-Cher). Les matériaux prélevés étaient ensuite</line>
<line>distribués dans tous les environs pour l'amendement des sols agricoles sableux et souvent peu fertiles de la Sologne.</line></par>
<par>
<line>L'étang perdit son utilité première après qu'eut cessé le commerce des marnes par voie d'eau et le Canal de la Sauldre fut</line>
<line>désaffecté en 1929. Il fut source de nouveaux enjeux au sortir de la Seconde Guerre mondiale avec notamment l'essor</line>
<line>d'activités de loisirs.</line></par>
</text>
</block>
<block><region><rect/></region>
<text>
<par/>
</text>
</block>
<block><region><rect/></region>
<text>
<par/>
</text>
</block>
<block><region><rect/></region>
<text>
<par/>
</text>
</block>
<block><region><rect/></region>
<text>
<par>
<line>.U</line></par>
</text>
</block>
<block><region><rect/></region>
<text>
<par>
<line>^1-42</line></par>
</text>
</block>
<block><region><rect/><rect/></region>
<text>
<par/>
</text>
</block>
<block><region><rect/></region>
<text>
<par>
<line>C^dvllv</line></par>
</text>
</block>
<block><region><rect/></region>
<text>
<par/>
</text>
</block>
<block><region><rect/></region>
<text>
<par/>
</text>
</block>
<block><region><rect/></region>
<text>
<par>
<line>i»nv_</line></par>
</text>
</block>
<block><region><rect/></region>
<text>
<par/>
</text>
</block>
<block><region><rect/></region>
<text>
<par/>
</text>
</block>
<block><region><rect/></region>
<text>
<par>
<line>■ Il</line></par>
</text>
</block>
<block><region><rect/></region>
<text>
<par>
<line>I9nI</line></par>
</text>
</block>
<block><region><rect/><rect/></region>
<text>
<par/>
</text>
</block>
<block><region><rect/></region>
<text>
<par/>
</text>
</block>
<block><region><rect/></region>
<text>
<par/>
</text>
</block>
<block><region><rect/></region>
<text>
<par/>
</text>
</block>
<block><region><rect/></region>
<text>
<par>
<line>I4Q</line></par>
</text>
</block>
<block><region><rect/></region>
<text>
<par/>
</text>
</block>
<block><region><rect/></region>
<text>
<par/>
</text>
</block>
<block><region><rect/></region>
<text>
<par>
<line>1*1</line></par>
</text>
</block>
<block><region><rect/></region>
<text>
<par/>
</text>
</block>
<block><region><rect/></region>
<text>
<par/>
</text>
</block>
<block><region><rect/></region>
<text>
<par/>
</text>
</block>
<block><region><rect/></region>
<text>
<par/>
</text>
</block>
<block><region><rect/></region>
<text>
<par/>
</text>
</block>
<block><region><rect/></region>
<text>
<par>
<line>Ev dr</line></par>
</text>
</block>
<block><region><rect/><rect/></region>
<text>
<par>
<line>&lt;&lt; V i'*</line></par>
</text>
</block>
<block><region><rect/></region>
<text>
<par/>
</text>
</block>
<block><region><rect/></region>
<text>
<par/>
</text>
</block>
<block><region><rect/></region>
<text>
<par/>
</text>
</block>
<block><region><rect/></region>
<text>
<par/>
</text>
</block>
<block><region><rect/></region>
<text>
<par>
<line>UAWiUm</line></par>
</text>
</block>
<block><region><rect/></region>
<text>
<par/>
</text>
</block>
<block><region><rect/></region>
<text>
<par/>
</text>
</block>
<block><region><rect/></region>
<text>
<par>
<line>&gt;</line></par>
</text>
</block>
<block><region><rect/></region>
<text>
<par>
<line>i-l</line></par>
</text>
</block>
<block><region><rect/></region>
<text>
<par>
<line>A</line></par>
</text>
</block>
<block><region><rect/></region>
<text>
<par/>
</text>
</block>
<block><region><rect/></region>
<text>
<par>
<line>. i</line></par>
</text>
</block>
<block><region><rect/></region>
<text>
<par/>
</text>
</block>
<block><region><rect/></region>
<text>
<par>
<line>^ y</line></par>
</text>
</block>
<block><region><rect/></region>
<text>
<par>
<line>\ -</line></par>
</text>
</block>
<block><region><rect/></region>
<text>
<par/>
</text>
</block>
<block><region><rect/></region>
<text>
<par/>
</text>
</block>
<block><region><rect/></region>
<text>
<par/>
</text>
</block>
<block><region><rect/></region>
<text>
<par>
<line>1*1’; X</line></par>
</text>
</block>
<block><region><rect/></region>
<text>
<par>
<line>r -X v</line></par>
</text>
</block>
<block><region><rect/></region>
<text>
<par>
<line>\* C4WW4</line></par>
</text>
</block>
<block><region><rect/></region>
<text>
<par>
<line>T</line></par>
</text>
</block>
<block><region><rect/></region>
<text>
<par/>
</text>
</block>
<block><region><rect/></region>
<text>
<par/>
</text>
</block>
<block><region><rect/></region>
<text>
<par/>
</text>
</block>
<block><region><rect/><rect/></region>
<text>
<par>
<line>: J</line></par>
</text>
</block>
<block><region><rect/></region>
<text>
<par/>
</text>
</block>
<block><region><rect/><rect/><rect/></region>
<text>
<par/>
</text>
</block>
<block><region><rect/></region>
<text>
<par>
<line>É S # n fl</line></par>
</text>
</block>
<block><region><rect/></region>
<text>
<par/>
</text>
</block>
<block><region><rect/></region>
<text>
<par/>
</text>
</block>
<block><region><rect/></region>
<text>
<par/>
</text>
</block>
<block><region><rect/></region>
<text>
<par>
<line>V</line></par>
</text>
</block>
<block><region><rect/></region>
<text>
<par>
<line>/ rr</line></par>
</text>
</block>
<block><region><rect/></region>
<text>
<par/>
</text>
</block>
<block><region><rect/></region>
<text>
<par/>
</text>
</block>
<block><region><rect/></region>
<text>
<par/>
</text>
</block>
<block><region><rect/></region>
<text>
<par/>
</text>
</block>
<block><region><rect/></region>
<text>
<par>
<line>«</line></par>
</text>
</block>
<block><region><rect/></region>
<text>
<par/>
</text>
</block>
<block><region><rect/></region>
<text>
<par/>
</text>
</block>
<block><region><rect/></region>
<text>
<par>
<line>&gt;■</line></par>
</text>
</block>
<block><region><rect/></region>
<text>
<par/>
</text>
</block>
<block><region><rect/></region>
<text>
<par/>
</text>
</block>
<block><region><rect/></region>
<text>
<par>
<line>\</line></par>
</text>
</block>
<block><region><rect/></region>
<text>
<par>
<line>/ \</line></par>
</text>
</block>
<block><region><rect/></region>
<text>
<par>
<line>K</line></par>
</text>
</block>
<block><region><rect/></region>
<text>
<par/>
</text>
</block>
<block><region><rect/></region>
<text>
<par/>
</text>
</block>
<block><region><rect/></region>
<text>
<par/>
</text>
</block>
<block><region><rect/></region>
<text>
<par>
<line>K</line></par>
</text>
</block>
<block><region><rect/></region>
<text>
<par>
<line>l*T.</line></par>
</text>
</block>
<block><region><rect/></region>
<text>
<par/>
</text>
</block>
<block><region><rect/></region>
<text>
<par>
<line>■s ; &gt;</line></par>
</text>
</block>
<block><region><rect/></region>
<text>
<par>
<line>y</line></par>
</text>
</block>
<block><region><rect/></region>
<text>
<par>
<line>St</line></par>
</text>
</block>
<block><region><rect/></region>
<text>
<par>
<line>"T-'S</line></par>
</text>
</block>
<block><region><rect/></region>
<text>
<par/>
</text>
</block>
<block><region><rect/></region>
<text>
<par/>
</text>
</block>
<block><region><rect/></region>
<text>
<par/>
</text>
</block>
<block><region><rect/></region>
<text>
<par>
<line>&gt;</line></par>
</text>
</block>
<block><region><rect/></region>
<text>
<par/>
</text>
</block>
<block><region><rect/></region>
<text>
<par/>
</text>
</block>
<block><region><rect/></region>
<text>
<par/>
</text>
</block>
<block><region><rect/></region>
<text>
<par>
<line>'-r</line></par>
</text>
</block>
<block><region><rect/></region>
<text>
<par/>
</text>
</block>
<block><region><rect/></region>
<text>
<par/>
</text>
</block>
<block><region><rect/></region>
<text>
<par>
<line>■4-</line></par>
</text>
</block>
<block><region><rect/></region>
<text>
<par/>
</text>
</block>
<block><region><rect/></region>
<text>
<par>
<line>% _</line></par>
</text>
</block>
<block><region><rect/></region>
<text>
<par/>
</text>
</block>
<block><region><rect/></region>
<text>
<par>
<line>t'</line></par>
</text>
</block>
<block><region><rect/></region>
<text>
<par/>
</text>
</block>
<block><region><rect/></region>
<text>
<par>
<line>|U</line></par>
</text>
</block>
<block><region><rect/></region>
<text>
<par>
<line>1^-</line></par>
</text>
</block>
<block><region><rect/></region>
<text>
<par>
<line>■f</line></par>
</text>
</block>
<block><region><rect/></region>
<text>
<par/>
</text>
</block>
<block><region><rect/></region>
<text>
<par/>
</text>
</block>
<block><region><rect/></region>
<text>
<par>
<line>jldrtv</line></par>
</text>
</block>
<block><region><rect/></region>
<text>
<par>
<line>t</line></par>
</text>
</block>
<block><region><rect/></region>
<text>
<par>
<line>t + + c c'</line></par>
</text>
</block>
<block><region><rect/></region>
<text>
<par>
<line>Sâ</line></par>
</text>
</block>
<block><region><rect/></region>
<text>
<par>
<line>ri"</line></par>
</text>
</block>
<block><region><rect/></region>
<text>
<par>
<line>'1</line></par>
</text>
</block>
<block><region><rect/><rect/></region>
<text>
<par/>
</text>
</block>
<block><region><rect/></region>
<text>
<par>
<line>"b</line></par>
</text>
</block>
<block><region><rect/></region>
<text>
<par/>
</text>
</block>
<block><region><rect/></region>
<text>
<par/>
</text>
</block>
<block><region><rect/></region>
<text>
<par>
<line>■ ■</line></par>
</text>
</block>
<block><region><rect/></region>
<text>
<par>
<line>m</line></par>
</text>
</block>
<block><region><rect/></region>
<text>
<par/>
</text>
</block>
<block><region><rect/></region>
<text>
<par/>
</text>
</block>
<block><region><rect/></region>
<text>
<par>
<line>■4*.:</line></par>
</text>
</block>
<block><region><rect/></region>
<text>
<par>
<line>fàf\ù</line></par>
</text>
</block>
<block><region><rect/></region>
<text>
<par/>
</text>
</block>
<block><region><rect/></region>
<text>
<par>
<line>m</line></par>
</text>
</block>
<block><region><rect/><rect/></region>
<text>
<par/>
</text>
</block>
<block><region><rect/></region>
<text>
<par/>
</text>
</block>
<block><region><rect/></region>
<text>
<par/>
</text>
</block>
<block><region><rect/></region>
<text>
<par/>
</text>
</block>
<block><region><rect/></region>
<text>
<par>
<line>i» ^</line></par>
</text>
</block>
<block><region><rect/><rect/></region>
<text>
<par/>
</text>
</block>
<block><region><rect/></region>
<text>
<par/>
</text>
</block>
<block><region><rect/></region>
<text>
<par>
<line>J-"/-</line></par>
</text>
</block>
<block><region><rect/></region>
<text>
<par>
<line>■ t</line></par>
<par>
<line>*]. t /</line></par>
</text>
</block>
<block><region><rect/></region>
<text>
<par/>
</text>
</block>
<block><region><rect/></region>
<text>
<par>
<line>(Sr</line></par>
</text>
</block>
<block><region><rect/></region>
<text>
<par>
<line>4</line></par>
</text>
</block>
<block><region><rect/></region>
<text>
<par>
<line>U</line></par>
</text>
</block>
<block><region><rect/></region>
<text>
<par/>
</text>
</block>
<block><region><rect/></region>
<text>
<par>
<line>SJv M</line></par>
</text>
</block>
<block><region><rect/></region>
<text>
<par>
<line>l«3</line></par>
</text>
</block>
<block><region><rect/></region>
<text>
<par>
<line>tinirw</line></par>
</text>
</block>
<block><region><rect/></region>
<text>
<par/>
</text>
</block>
<block><region><rect/></region>
<text>
<par/>
</text>
</block>
<block><region><rect/></region>
<text>
<par>
<line>■♦Si**,* .■</line></par>
</text>
</block>
<block><region><rect/></region>
<text>
<par>
<line>HO</line></par>
</text>
</block>
<block><region><rect/></region>
<text>
<par>
<line>OrT’</line></par>
</text>
</block>
<block><region><rect/></region>
<text>
<par/>
</text>
</block>
<block><region><rect/></region>
<text>
<par>
<line>(Ml*</line></par>
</text>
</block>
<block><region><rect/></region>
<text>
<par>
<line>»4I</line></par>
</text>
</block>
<block><region><rect/></region>
<text>
<par>
<line>LÉ4</line></par>
</text>
</block>
<block><region><rect/></region>
<text>
<par>
<line>rr</line></par>
</text>
</block>
<block><region><rect/></region>
<text>
<par>
<line>rw</line></par>
</text>
</block>
<block><region><rect/></region>
<text>
<par/>
</text>
</block>
<block><region><rect/></region>
<text>
<par>
<line>ui</line></par>
</text>
</block>
<block><region><rect/></region>
<text>
<par>
<line>'1-</line></par>
</text>
</block>
<block><region><rect/></region>
<text>
<par/>
</text>
</block>
<block><region><rect/></region>
<text>
<par>
<line>MMt</line></par>
</text>
</block>
<block><region><rect/></region>
<text>
<par>
<line>1</line></par>
</text>
</block>
<block><region><rect/></region>
<text>
<par/>
</text>
</block>
<block><region><rect/></region>
<text>
<par/>
</text>
</block>
<block><region><rect/></region>
<text>
<par>
<line>it</line></par>
</text>
</block>
<block><region><rect/></region>
<text>
<par>
<line>I S</line></par>
</text>
</block>
<block><region><rect/></region>
<text>
<par>
<line>.1</line></par>
</text>
</block>
<block><region><rect/></region>
<text>
<par/>
</text>
</block>
<block><region><rect/></region>
<text>
<par>
<line>Æ.</line></par>
</text>
</block>
<block><region><rect/></region>
<text>
<par>
<line>î'.î ’-S/</line></par>
</text>
</block>
<block><region><rect/></region>
<text>
<par>
<line>CDIREN GiinLn</line></par>
</text>
</block>
<block><region><rect/><rect/></region>
<text>
<par/>
</text>
</block>
<block><region><rect/></region>
<text>
<par/>
</text>
</block>
<block><region><rect/></region>
<text>
<par>
<line>ïliGNri™</line></par>
</text>
</block>
<block><region><rect/></region>
<text>
<par/>
</text>
</block>
<block><region><rect/></region>
<text>
<par>
<line>+ *</line></par>
</text>
</block>
<block><region><rect/></region>
<text>
<par>
<line>SCAH 2SR</line></par>
</text>
</block>
<block><region><rect/></region>
<text>
<par/>
</text>
</block>
<block><region><rect/></region>
<text>
<par/>
</text>
</block>
<block><region><rect/></region>
<text>
<par>
<line>lia</line></par>
</text>
</block>
<block><region><rect/></region>
<text>
<par>
<line>SQO</line></par>
</text>
</block>
<block><region><rect/></region>
<text>
<par/>
</text>
</block>
<block><region><rect/></region>
<text>
<par>
<line>.J 17</line></par>
</text>
</block>
<block><region><rect/></region>
<text>
<par>
<line>tw , I</line></par>
</text>
</block>
<block><region><rect/></region>
<text>
<par>
<line>r-^.-,</line></par>
</text>
</block>
<block><region><rect/></region>
<text>
<par>
<line>MrnCHl</line></par>
</text>
</block>
<block><region><rect/></region>
<text>
<par>
<line>.</line></par>
</text>
</block>
<block><region><rect/></region>
<text>
<par>
<line>matn&amp;B</line></par>
</text>
</block>
<block><region><rect/></region>
<text>
<par>
<line>'^r 4pt [</line></par>
</text>
</block>
<block><region><rect/></region>
<text>
<par>
<line>\ •</line></par>
</text>
</block>
<block><region><rect/></region>
<text>
<par/>
</text>
</block>
<block><region><rect/></region>
<text>
<par/>
</text>
</block>
<block><region><rect/></region>
<text>
<par/>
</text>
</block>
<block><region><rect/></region>
<text>
<par>
<line>1*^</line></par>
</text>
</block>
<block><region><rect/></region>
<text>
<par>
<line>Délimitation du périmètre classé de l'Etang du Puits</line></par>
</text>
</block>
<block><region><rect/></region>
<text>
<par>
<line>10</line></par>
</text>
</block>









<block blockType="Picture" blockName="" l="1794" t="2708" r="1939" b="2791"><region><rect/><rect/></region>
</block>
<block blockType="Picture" blockName="" l="1041" t="2121" r="1121" b="2177"><region><rect/></region>
</block>
</page>
<page width="2479" height="3508" resolution="300">
<block><region><rect/></region>
<text>
<par/>
</text>
</block>
<block><region><rect/></region>
<text>
<par/>
</text>
</block>
<block><region><rect/></region>
<text>
<par>
<line>tr</line></par>
</text>
</block>
<block><region><rect/></region>
<text>
<par>
<line>i</line></par>
</text>
</block>
<block><region><rect/></region>
<text>
<par>
<line>fr</line></par>
</text>
</block>
<block><region><rect/></region>
<text>
<par/>
</text>
</block>
<block><region><rect/></region>
<text>
<par>
<line>f</line></par>
</text>
</block>
<block><region><rect/><rect/></region>
<text>
<par/>
</text>
</block>
<block><region><rect/></region>
<text>
<par/>
</text>
</block>
<block><region><rect/><rect/></region>
<text>
<par/>
</text>
</block>
<block><region><rect/></region>
<text>
<par/>
</text>
</block>
<block><region><rect/></region>
<text>
<par>
<line>Vue sur une reculée vers le lieu-dit Les Fouchères</line>
<line>(commune d'Argent-sur- Sauldre)</line></par>
</text>
</block>
<block><region><rect/></region>
<text>
<par>
<line>Canal d'alimentation en eau (commune d'Argent-sur- Sauldre)</line></par>
</text>
</block>
<block><region><rect/></region>
<text>
<par>
<line>L'aménagement de l'Etang du Puits est typique des étangs de Sologne avec une digue qui contient une étendue d'eau aux</line>
<line>contours monotones. Seules quelques variantes paysagères agrémentent la queue de l'étang. C'est dans le département du Cher</line>
<line>que les rives sont le plus découpées avec des petites baies marécageuses envahies de roseaux.</line></par>
</text>
</block>
<block><region><rect/></region>
<text>
<par>
<line>Compte tenu de la dimension de l'Etang du Puits, la surface en eau offre de multiples points de vue de grande étendue, bornés par</line>
<line>une mince ceinture boisée qui borde l'étang. On a ainsi la sensation de toujours être dans une vaste clairière.</line></par>
</text>
</block>
<block><region><rect/></region>
<text>
<par>
<line>Les secteurs Sud et Sud-Ouest du périmètre classé s'étendent sur la commune d'Argent-sur- Sauldre.</line></par>
</text>
</block>
<block><region><rect/></region>
<text>
<par>
<line>Sur cette même commune, la queue de l'étang et les quelques reculées</line>
<line>sont représentatives de l'intérêt naturel du site et sont, pour la plupart,</line>
<line>inaccessibles à partir des bords.</line></par>
<par>
<line>Notons les locaux de l'association des pêcheurs, « Le Pêcheur</line>
<line>Solognot », sur une pointe au lieu-dit Les Fouchères.</line></par>
<par>
<line>Un camping tenait une place importante au bord de l'étang. Il est</line>
<line>actuellement fermé. J usque-là, son impact visuel était fort en période</line>
<line>estivale lorsque le site accueillait environ 3000 visiteurs (90</line>
<line>emplacements) mais les désagréments visuels étaient limités par</line>
<line>l'implantation dans un sous-bois ombragé. Il est à déplorer les quelques</line>
<line>caravanes qui stationnent encore sur le site et les aménagements de</line>
<line>certains vacanciers qui ont tendu vers une « privatisation » des rives.</line></par>
<par>
<line>Non loin de l'ancien camping, seulement quelques bâtiments en dur sont</line>
<line>inclus dans le site classé à proximité de l'étang, dont l'auberge au lieu-</line>
<line>dit L'Etang du Puits.</line></par>
</text>
</block>
<block><region><rect/></region>
<text>
<par/>
</text>
</block>
<block><region><rect/></region>
<text>
<par>
<line>A</line></par>
</text>
</block>
<block><region><rect/></region>
<text>
<par>
<line>Basses eaux à l'étang du Puits, barques à proximité des locaux</line>
<line>du « Pêcheur Solognot » (commune d'Argent-sur- Sauldre)</line></par>
</text>
</block>
<block><region><rect/></region>
<text>
<par>
<line>Le territoire communal est borné par la moitié sud de la digue</line>
<line>(950 mètres de longueur au total et 9 mètres de hauteur).</line>
<line>L'édifice constitue le point de vue principal sur le site classé et</line>
<line>se trouve parcouru par une voie de circulation (C. D. 176</line>
<line>d'Aubigny-sur-Nère à Cerdon). Il sert aussi de parking sur</line>
<line>toute sa longueur.</line></par>
<par>
<line>L'édifice sépare deux paysages caractéristiques du site : au</line>
<line>Nord-Ouest les grands horizons sur le plan d'eau et au Sud-</line>
<line>Est un paysage intimiste, créé par la présence d'un canal et</line>
<line>de boisements.</line></par>
</text>
</block>
<block><region><rect/></region>
<text>
<par>
<line>Le traitement de la digue ne valorise pas le site et n'incite pas à la</line>
<line>promenade. Il s'agit pourtant d'un édifice incontournable pour</line>
<line>appréhender facilement la majeure partie de l'espace classé</line>
<line>(cliché sur commune d'Argent-sur- Sauldre)</line></par>
</text>
</block>
<block><region><rect/></region>
<text>
<par/>
</text>
</block>
<block><region><rect/></region>
<text>
<par/>
</text>
</block>
<block><region><rect/></region>
<text>
<par/>
</text>
</block>
<block><region><rect/></region>
<text>
<par/>
</text>
</block>
<block><region><rect/></region>
<text>
<par/>
</text>
</block>
<block><region><rect/></region>
<text>
<par>
<line>11</line></par>
</text>
</block>




<block blockType="Picture" blockName="" l="1426" t="1575" r="2367" b="2281"><region><rect/></region>
</block>
</page>
<page width="2479" height="3508" resolution="300">
<block><region><rect/></region>
<text>
<par/>
</text>
</block>
<block><region><rect/></region>
<text>
<par/>
</text>
</block>
<block><region><rect/></region>
<text>
<par>
<line>« Derrière la digue face à l'Ouest un tout autre paysage</line>
<line>se présente à la vue du spectateur. C'est un ravin</line>
<line>profond et étroit aux pentes plantées de chênes et de</line>
<line>pins sylvestres dans lequel circule un canal assez large</line>
<line>avec un évasement à proximité de la digue ; au milieu du</line>
<line>canal une île plantée de très beaux épicéas se reflétant</line>
<line>dans le bassin appelé « La Réserve » et qui devait</line>
<line>autrefois servir de dépôt d'alevins pendant la période</line>
<line>de mise à sec pour la pêche, »5</line></par>
</text>
</block>
<block><region><rect/></region>
<text>
<par>
<line>(commune de Clémont-sur-Sauldre, vue depuis</line>
<line>la digue d'Argent-sur- Sauldre)</line></par>
</text>
</block>
<block><region><rect/><rect/></region>
<text>
<par>
<line>Plus au Sud, un tronçon du Canal de la Sauldre (environ 1500 mètres) est</line>
<line>classé. Il Intègre l’Ecluse de la Grande Planche et présente un attrait</line>
<line>considérable et indissociable de celui de l'étang par son paysage</line>
<line>caractéristique et par sa signification historique.</line></par>
<par>
<line>Une ancienne maison éclusière témoigne de l'usage antérieur du cours</line>
<line>domestiqué de la Sauldre.</line></par>
<par>
<line>Tout le site classé en aval de la digue hormis le Canal de la Sauldre est sur</line>
<line>le territoire de Clémont-sur-Sauldre.</line></par>
<par>
<line>Le cours rectiligne du canal qui prolonge la bonde dégage une perspective</line>
<line>dans un environnement boisé que les alignements d'arbres sur chaque rive</line>
<line>soulignent avec élégance. Signalons que l'Office National des Forêts est</line>
<line>chargé de la gestion des boisements du site.</line></par>
</text>
</block>
<block><region><rect/></region>
<text>
<par>
<line>Maison éclusière à l'Ecluse de la Grande Planche (Argent-sur-Sauldre)</line></par>
</text>
</block>
<block><region><rect/></region>
<text>
<par>
<line>i</line></par>
</text>
</block>
<block><region><rect/></region>
<text>
<par/>
</text>
</block>
<block><region><rect/></region>
<text>
<par>
<line>✓</line></par>
</text>
</block>
<block><region><rect/></region>
<text>
<par/>
</text>
</block>
<block><region><rect/></region>
<text>
<par/>
</text>
</block>
<block><region><rect/></region>
<text>
<par/>
</text>
</block>
<block><region><rect/></region>
<text>
<par>
<line>J onction de la bonde et du Canal de la</line>
<line>Sauldre (vue depuis Argent-sur-Sauldre)</line></par>
</text>
</block>
<block><region><rect/></region>
<text>
<par>
<line>5 Id 1 p.2</line></par>
</text>
</block>
<block><region><rect/></region>
<text>
<par>
<line>12</line></par>
</text>
</block>







<block blockType="Picture" blockName="" l="1055" t="2825" r="1195" b="2920"><region><rect/></region>
</block>
<block blockType="Picture" blockName="" l="1461" t="1220" r="2356" b="1887"><region><rect/></region>
</block>
</page>
<page width="2479" height="3508" resolution="300">
<block><region><rect/></region>
<text>
<par>
<line>La partie nord du site classé, dont l'autre moitié de la digue, se trouve sur la commune de Cerdon (Loiret).</line></par>
</text>
</block>
<block><region><rect/></region>
<text>
<par>
<line>w</line></par>
</text>
</block>
<block><region><rect/></region>
<text>
<par/>
</text>
</block>
<block><region><rect/></region>
<text>
<par>
<line>0</line></par>
</text>
</block>
<block><region><rect/></region>
<text>
<par/>
</text>
</block>
<block><region><rect/></region>
<text>
<par>
<line>Aire de jeux pour enfants en bord de plage</line>
<line>(commune de Cerdon-du-Loiret)</line></par>
</text>
</block>
<block><region><rect/></region>
<text>
<par>
<line>1k</line></par>
</text>
</block>
<block><region><rect/></region>
<text>
<par/>
</text>
</block>
<block><region><rect/></region>
<text>
<par/>
</text>
</block>
<block><region><rect/></region>
<text>
<par>
<line>■fHf</line></par>
</text>
</block>
<block><region><rect/></region>
<text>
<par/>
</text>
</block>
<block><region><rect/></region>
<text>
<par/>
</text>
</block>
<block><region><rect/></region>
<text>
<par/>
</text>
</block>
<block><region><rect/></region>
<text>
<par/>
</text>
</block>
<block><region><rect/></region>
<text>
<par/>
</text>
</block>
<block><region><rect/></region>
<text>
<par>
<line>■i-y.</line></par>
</text>
</block>
<block><region><rect/></region>
<text>
<par>
<line>Jffr-</line></par>
</text>
</block>
<block><region><rect/></region>
<text>
<par/>
</text>
</block>
<block><region><rect/></region>
<text>
<par>
<line>Bâtiment d'hébergement de classes vertes</line>
<line>(commune de Cerdon-du-Loiret)</line></par>
</text>
</block>
<block><region><rect/></region>
<text>
<par>
<line>A l'Ouest, les berges sableuses sont occupées par une zone de loisirs nautiques (centre d'hébergement de classes vertes, clubs</line>
<line>de voile et de motonautisme, bâtiments d'accueil, de stockage et sanitaires, aire de jeux , espace de baignade).</line></par>
<par>
<line>Les bâtiments du centre de voile et de motonautisme sont dégradés et mériteraient d'être mieux intégrés aux rives par leur</line>
<line>situation et leur architecture.</line></par>
<par>
<line>Les accès aux rives, les pontons de découverte du milieu sont autant d'aménagements qui participent à l'agrément du site.</line></par>
<par>
<line>A l'Est, les boisements ont conservé un aspect naturel. Les abords de l'étang présentent un intérêt ornithologique. Un</line>
<line>observatoire permet d'apprécier la queue de l'étang et différentes reculées situées en vis à vis dans le département du Cher,</line>
<line>commune d'Argent-sur-Sauldre (lieux-dits Le Bois aux Moines, La Matelotte).</line></par>
</text>
</block>
<block><region><rect/></region>
<text>
<par>
<line>Enjeux et orientations</line></par>
<par>
<line>pour la gestion</line></par>
</text>
</block>
<block><region><rect/></region>
<text>
<par>
<line>Par ce diagnostic du site, il apparaît que les activités</line>
<line>nautiques et touristiques s'imposent au détriment de</line>
<line>l'ambiance « pittoresque » pour laquelle le site a été</line>
<line>initialement retenu. Aussi peut-on dire que l'Etang du</line>
<line>Puits pâtit de son succès touristique.</line></par>
<par>
<line>Précisons qu'un projet d'aménagement de la rive Sud</line>
<line>côté Cher est en cours d'étude.</line></par>
<par>
<line>Une réflexion globale impliquant l'ensemble des acteurs</line>
<line>des deux départements pourrait être envisagée pour</line>
<line>valoriser davantage le cadre de l'étang.</line></par>
<par>
<line>Le niveau d'eau est actuellement bas (août 2003) et</line>
<line>s'explique par une fuite au niveau de la digue.</line></par>
</text>
</block>
<block><region><rect/></region>
<text>
<par/>
</text>
</block>
<block><region><rect/></region>
<text>
<par>
<line>t. :</line></par>
</text>
</block>
<block><region><rect/></region>
<text>
<par>
<line>h V.</line></par>
</text>
</block>
<block><region><rect/></region>
<text>
<par>
<line>Si:</line></par>
</text>
</block>
<block><region><rect/></region>
<text>
<par/>
</text>
</block>
<block><region><rect/></region>
<text>
<par/>
</text>
</block>
<block><region><rect/></region>
<text>
<par>
<line>Sous-bois en bord d'étang à Argent-sur-Sauldre</line></par>
</text>
</block>
<block><region><rect/></region>
<text>
<par>
<line>De manière globale, les enjeux de gestion du site concernent les activités touristiques et de loisirs, qui doivent s'inscrire dans la</line>
<line>charte d'aménagement liée au décret de concession, afin de préserver le caractère pittoresque des lieux. Certains points en</line>
<line>particulier restent à résoudre, comme le stationnement, le devenir de l'ancien camping, la gestion de l'eau^</line></par>
</text>
</block>
<block><region><rect/></region>
<text>
<par>
<line>13</line></par>
</text>
</block>






</page>
<page width="2479" height="3508" resolution="300">
<block><region><rect/></region>
<text>
<par>
<line>14</line></par>
</text>
</block>
</page>
</AC2>