<?xml version="1.0" encoding="UTF-8"?><AC2>
<page width="1680" height="2357" resolution="200">
<block><region><rect/></region>
<text>
<par/>
</text>
</block>
<block><region><rect/></region>
<text>
<par>
<line>MINISTÈRE DE L’ENVIRONNEMENT</line>
<line>ET' DÜ" CADRE DE VIE</line></par>
</text>
</block>
<block><region><rect/></region>
<text>
<par>
<line>RÉPUBLIQUE FRANÇAISE</line></par>
</text>
</block>
<block><region><rect/></region>
<text>
<par>
<line>DIRECTION</line></par>
<par>
<line>DE L'URBANISME ET DES PAYSA'G£-S</line></par>
</text>
</block>
<block><region><rect/></region>
<text>
<par>
<line>ARRÊTÉ</line></par>
</text>
</block>
<block><region><rect/></region>
<text>
<par>
<line>SITE</line></par>
</text>
</block>
<block><region><rect/></region>
<text>
<par>
<line>Le Ministre de l'Environnen^entr</line>
<line>et du Cadre de Vie</line></par>
</text>
</block>
<block><region><rect/></region>
<text>
<par>
<line>Ytr la loi du 2 Tuai 1930 réorganisant la protection des monuisents.</line>
<line>naturels et des sites de caractère artistigue, historiquGj,</line>
<line>scientifique, légendaire ou pittoresque, modifiée par la loi</line>
<line>n® 67,1174 du 23 décembre I367 ;</line></par>
<par>
<line>■ÇTJ le décret n® 690607 du I3 juin 19^9 portant application des*</line>
<line>articles 4 3»1 &lt;3.® 1®- ^.u 2 mai 1930 sur la protection-</line></par>
<par>
<line>des sites ;</line></par>
<par>
<line>VU le décret du 9 février 19^8 portant application du décret du</line>
<line>7 février 1959 modifié relatif au camping et notamment Ica</line>
<line>articles 2 et 6 ;</line></par>
<par>
<line>VU le Code de l'Ur'banisme et notamment l’article E 443-9 relatif</line>
<line>au stationnement des caravanes ;</line></par>
<par>
<line>VU le décret n® 70*288 du 31 mars 1970 relatif à la composition</line>
<line>et au fonctionnement des commissions départementales et</line>
<line>supérieure des sites ;</line></par>
<par>
<line>VU le décret du 22 novembre 1977 classant parmi les sites du dépâr~</line>
<line>tement du Korbihan l’ensemble formé sur les communes de GAVHBS"'</line>
<line>et de PLOUHINSC par le site littoral des dunes et étangs ;</line></par>
<par>
<line>VU l’avis émis le 24 juin 1978 par le conseil municipal de GAVPJIS- ?</line></par>
</text>
</block>
<block><region><rect/></region>
<text>
<par>
<line>/</line></par>
</text>
</block>
<block><region><rect/></region>
<text>
<par>
<line>VU l’avis émis le 27 novembre 1978 par le conseil municipal de</line>
<line>PLOüïïiNEG ; ■ ■</line></par>
<par>
<line>VU la délibération du I4 février 1979 la commission départementale</line>
<line>des sites perspectives et paysages du département du Morbihan j</line></par>
</text>
</block>
<block><region><rect/></region>
<text>
<par>
<line>ARRETE?</line></par>
</text>
</block>
<block><region><rect/></region>
<text>
<par>
<line>ARTICLE 1er - Sont inscrits sur l’inventaire des sites pittoresques</line>
<line>du département du Morbihan deux ensembles formés sur les communes de</line>
<line>GAVRES et de PLOUHIWEC par deux zones dunaires et délimité?comme suit?'</line>
<line>dans le sens des aig^ailles d’une montre, conformément au plan, annexé</line>
<line>au présent arrêté i</line></par>
</text>
</block>
<block><region><rect/></region>
<text>
<par>
<line>» « *</line></par>
</text>
</block>





</page>
<page width="1653" height="2338" resolution="200">
<block><region><rect/></region>
<text>
<par>
<line>- 2 -</line></par>
</text>
</block>
<block><region><rect/></region>
<text>
<par>
<line>— Commune de GAVRES i</line></par>
<par>
<line>■ X) - Prem-l^r enseml:)le compris entre la mer de GA'HtSS au ITord, la</line>
<line>limite ouest du site déjà classé par décret susTisé du</line>
<line>22, novembre 1977 constituée par une ligne fictive joignant</line>
<line>-lés deux points repérés par les coordonnées LAXBEHf suivantes s</line></par>
<par>
<line>' ■ ■ '--'Point A- (aü Nord-) : 176ï500 “ 51Ô,000</line>
<line>Point B (au Sud) ; 17^,000 -</line></par>
<par>
<line>- l*océan Atlantique au Sud ^ ■</line></par>
<par>
<line>et à' l*ouôst par une ligne fictive joignant les deux points suivants</line>
<line>repérés par les coordonnées lAîyiBEîlT :</line></par>
<par>
<line>. Point A* ï 175t500 - 316,000</line></par>
<par>
<line>Points* : 175,000 - 314,500</line></par>
<par>
<line>II) — Commune de PLO'JEINEQ- s</line></par>
<par>
<line>’ ~ Second ensemlle situé en 'bordure et au Nord de la zone classée</line></par>
<par>
<line>par décret susvisé ...</line></par>
<par>
<line>- Section^ : à partir-de 1 ^intersection de la limite Nord du site</line></par>
<par>
<line>déjà classé par décret susvisé avec la limite Nord de la parcelle</line>
<line>n*^ 56 a j ■ .</line></par>
<par>
<line>- les-.limites Nord des parcelles n*' 3^ 35</line></par>
<par>
<line>- la ligne fictive joignant le sommet de l*àngle Nord-Est de la</line>
<line>parcelle n® 35 sommet de l’angle Nord-Est de la parcelle n® 54</line></par>
<par>
<line>“ le côté Ouest du G^V^O» n® 7 de Ploubinec à 3t Coruély</line></par>
<par>
<line>Sectloii 'M</line></par>
<par>
<line>le'-co-lé''Est du lièd-^dit"iÊ CHAKP de KEBBANVE. ' '</line></par>
<par>
<line>- le côté Est de la parcelle n® 94</line></par>
<par>
<line>- la ligne fictive joignant l’angle Sud-Est de la parcelle n® 94</line>
<line>à'I^angie Siid-Est de la parcelle n® 95</line></par>
<par>
<line>- la ligne fictive-joignant l’angle Sud-Est de la .parcelle n® 95 à</line>
<line>'• l‘angle- Nord-Est de la parcelle n® 1 (section ZT) et traversant</line></par>
<par>
<line>la partie Sud-Ouest de la parcelle n® 88</line></par>
<par>
<line>Section ZT : , . , ,</line></par>
<par>
<line>la -limite Es-b de là-‘parcelle n® 1 ‘ ^</line></par>
<par>
<line>- la ligne fictive joignant l’angle Nord-Ouest à l’angle Sud-Est de</line></par>
<par>
<line>la parcelle n® 79 , "</line></par>
<par>
<line>la limite Nord (en partie) de 'la parcelle n® 77</line></par>
<par>
<line>- la limite Nord de la parcelle n* 7^</line></par>
<par>
<line>- la ligne fictive joignant l’angle No.rd-0uest à l’angle Sud-Est</line>
<line>de la parcelle n® 75 ®t son prolongement traversant le chemin .</line>
<line>rural, n® 59 jusqu’à son intersection avec la limite Nord du</line>
<line>lieu-dit "Etang du Ma'^ouéro"</line></par>
</text>
</block>








</page>
<page width="2525" height="3539" resolution="300">
<block><region><rect/></region>
<text>
<par>
<line>“ 5 -</line></par>
</text>
</block>
<block><region><rect/></region>
<text>
<par>
<line>- la limite Eord-Est du lieu-di't "Etaiig du MAGOUERO” de ce point</line>
<line>d*iritersection. au sommet de l’angle Sud-Est de la parcelle n° 111</line></par>
<par>
<line>.--la-ligne fictive joignant l’angle Sud-Est._de la parcelle n“ 111</line></par>
<par>
<line>- à l’angle îîord-Ouest de la parcelle n® 7P (non comprise)</line></par>
<par>
<line>- 1 es-.^imites . Ouest et Sud de la parcelle n® 70 (non comprise)</line></par>
<par>
<line>- la traversée du chemin d’exploitation jusqu’à l’angle Ford-Ouest</line></par>
<par>
<line>de la parcelle n® 35 - ^ - , _ ; ■ '■ .</line></par>
</text>
</block>
<block><region><rect/></region>
<text>
<par>
<line>^la, ligne-.ficti.Y,e'joignant 1’angle-,^ord-Pu:e.st d.e-.la parcelle n® 35</line>
<line>à l’angle SuR-Est de la parcelle n?-37 et-traversant d’Ouest en</line>
<line>Est les parcelles n°s 35) 5'^) 57» et son prolongement jusqu’à son</line>
<line>intersectiou;-a,vec ■ ,la„,limite- Fopd'de ■ la.^parcelle n® 57</line>
<line>-la limibe No.rd'c4ei la -parœ 1 le n®57 ,</line></par>
<par>
<line>- les limites Ford et Est de'la parcelle n® 55 jnsqu’à l’angle</line>
<line>Kord-Ouest■ de la parcelle;-ii® 5-5'.ti , : ■-rZ -</line></par>
<par>
<line>tictivejoignant l,5angle Nord; Ouest de la parcelle n® 55 It</line>
<line>à l ’angle lîord-'Êst de la pars’-plïe 55 .</line></par>
<par>
<line>- la lim,ite N0r.dYS3t._de. la parcelle û® 53'd,'.</line></par>
<par>
<line>- la ligne fictive joignant l’angle Sud-Est&lt;-,dèfla.-parcelle n* 55</line></par>
<par>
<line>à l’angle Sud-Ouest de la parcelle n® 120 (section ZS) et traversant</line>
<line>jd.-’Oueo;tK en Est les-parpelles n® 5'5':‘^» ’-55 le».-'52rr ■</line></par>
<par>
<line>,'• ■ ■ - Se.g tion- Z3^.: ,.r- c : ■ r- ...</line></par>
</text>
</block>
<block><region><rect/><rect/></region>
<text>
<par>
<line>- le chemin d’exploitation mitoyexi des lieux-dits "LA SOUEGE" et</line></par>
<par>
<line>"L’E-ANG^Î -, .J, ; j,- j,</line></par>
<par>
<line>- les limites Est des parcelles n®s 11^ st</line></par>
</text>
</block>
<block><region><rect/></region>
<text>
<par/>
</text>
</block>
<block><region><rect/></region>
<text>
<par>
<line>- la l|-^er fi;etdv:e.-;^qirgnant ,.l^angl§r s-ud-^Est; de, laiparcelle n® 3OO</line>
<line>à l’angle Nord-Ouest de la parcelle.n® 98</line></par>
<par>
<line>.j!,^ ®.r; c.'Iccu. c s;: 3- &gt;'.oc -• i -</line></par>
<par>
<line>- la limite Nord de la parcelle n® 98</line></par>
<par>
<line>. ■ i.; : -'r.’' t r i. ■ " '1 . .X ;</line></par>
<par>
<line>- laU'^ie fictive ...joignant E’angle .KordYEsrt dejla parcelle n® 98</line>
<line>à l’angle Nord de la parcelle n® 72</line></par>
</text>
</block>
<block><region><rect/></region>
<text>
<par>
<line>les .Jllmiies''iN5r4~Est-..^e3. q)ârcelles.,,n® s .72,- 71-,et^ 70 c</line></par>
<par>
<line>^/'J ^-r J, ... ,1^ &gt;C '3 ... U' " ^ ■'1.^ r* 1'</line></par>
<par>
<line>- la limite Est’ dé là parcelle n® 70 c</line></par>
</text>
</block>
<block><region><rect/></region>
<text>
<par>
<line>• • - V</line></par>
</text>
</block>
<block><region><rect/></region>
<text>
<par>
<line>(.fi : o/c</line>
<line>■ b ' -</line></par>
</text>
</block>
<block><region><rect/><rect/></region>
<text>
<par>
<line>- la limite Nord du site déjà classé' par décret' susvisé depuis</line>
<line>l’angle Sud-Est tda,^a ^arqey.e.|n®.^70 c jusqu’àintersection</line>
<line>avec la limite Nord de la''parcelle n® 36 a (section ZX) point</line></par>
</text>
</block>
<block><region><rect/><rect/></region>
<text>
<par>
<line>.de .départe</line></par>
<par>
<line>'.v e cr". -</line></par>
</text>
</block>
<block><region><rect/></region>
<text>
<par>
<line>cr' '</line></par>
</text>
</block>
<block><region><rect/></region>
<text>
<par/>
</text>
</block>
<block><region><rect/><rect/><rect/></region>
<text>
<par>
<line>ARTICLE 2 - Le présent arrêté sera' notifié' au Préfet du département</line>
<line>du ])î:^li,uiaa et „a,ux Ma,4req- d.e.s .Q.OTmç,uaa,s de GAVî^^S .et Ae PLOREIINEC</line>
<line>qui 'serohf fespoi^a’b'les, ehac-xn en ce qui le conceene, de sou</line>
<line>exécixtioUo ■ ■ - - , - ...- -</line></par>
<par>
<line>iwrir'ïi^c’^-o’ et FW àé'.égaüoit</line></par>
</text>
</block>
<block><region><rect/><rect/></region>
<text>
<par>
<line>Cireur ^0</line></par>
</text>
</block>
<block><region><rect/><rect/></region>
<text>
<par>
<line>î'Urbaalmi» (</line></par>
</text>
</block>




</page>
<page width="2480" height="3507" resolution="300">
<block><region><rect/></region>
<text>
<par/>
</text>
</block>
<block><region><rect/></region>
<text>
<par/>
</text>
</block>
<block><region><rect/></region>
<text>
<par>
<line>Ji</line></par>
</text>
</block>
<block><region><rect/></region>
<text>
<par/>
</text>
</block>
<block><region><rect/></region>
<text>
<par>
<line>î</line></par>
</text>
</block>
<block><region><rect/></region>
<text>
<par>
<line>s</line></par>
</text>
</block>
<block><region><rect/></region>
<text>
<par/>
</text>
</block>
<block><region><rect/></region>
<text>
<par>
<line>ls\ ■</line></par>
<par>
<line>i 'î</line></par>
</text>
</block>
<block><region><rect/></region>
<text>
<par>
<line>i-S</line></par>
</text>
</block>
<block><region><rect/></region>
<text>
<par>
<line>1'.,.</line></par>
</text>
</block>
<block><region><rect/></region>
<text>
<par>
<line>« .. r-</line>
<line>. iv i ‘</line></par>
</text>
</block>
<block><region><rect/></region>
<text>
<par>
<line>... r</line></par>
</text>
</block>
<block><region><rect/></region>
<text>
<par>
<line>;! n:;-o</line></par>
</text>
</block>




</page>
<page width="2480" height="3507" resolution="300">
<block><region><rect/><rect/><rect/></region>
<text>
<par>
<line>* f _ -</line></par>
</text>
</block>
<block><region><rect/><rect/></region>
<text>
<par>
<line>MORBIHAN</line>
<line>GAVRB5 PLDüHlNUC</line>
<line>deux zones dungires</line></par>
</text>
</block>
<block><region><rect/><rect/><rect/><rect/><rect/><rect/><rect/><rect/><rect/><rect/><rect/><rect/></region>
<text>
<par>
<line>■ r.:T y:'</line></par>
<par>
<line>r‘.^kf .f/f j- ■:</line></par>
<par>
<line>l.j, u' i .'t'—i</line></par>
<par>
<line>iK 'i lI''</line></par>
</text>
</block>
<block><region><rect/></region>
<text>
<par>
<line>ï»—'</line></par>
</text>
</block>
<block><region><rect/></region>
<text>
<par>
<line>if .J</line></par>
</text>
</block>
<block><region><rect/></region>
<text>
<par/>
</text>
</block>
<block><region><rect/></region>
<text>
<par>
<line>•v 1 î f'r’'='t • * T'»-,.;</line></par>
</text>
</block>
<block><region><rect/></region>
<text>
<par/>
</text>
</block>
<block><region><rect/></region>
<text>
<par>
<line>•h</line></par>
</text>
</block>
<block><region><rect/></region>
<text>
<par/>
</text>
</block>
<block><region><rect/></region>
<text>
<par/>
</text>
</block>
<block><region><rect/></region>
<text>
<par/>
</text>
</block>
<block><region><rect/></region>
<text>
<par>
<line>î?''J</line></par>
</text>
</block>
<block><region><rect/><rect/></region>
<text>
<par>
<line>0K-: '»*ifZ2fi&gt;îî&gt;n4- ''T/u!</line></par>
</text>
</block>
<block><region><rect/></region>
<text>
<par>
<line>d-</line></par>
</text>
</block>
<block><region><rect/></region>
<text>
<par/>
</text>
</block>
<block><region><rect/></region>
<text>
<par/>
</text>
</block>
<block><region><rect/></region>
<text>
<par/>
</text>
</block>
<block><region><rect/></region>
<text>
<par>
<line>■y i</line></par>
</text>
</block>
<block><region><rect/></region>
<text>
<par>
<line>'■4!</line></par>
</text>
</block>
<block><region><rect/></region>
<text>
<par>
<line>'jûâ</line></par>
</text>
</block>
<block><region><rect/></region>
<text>
<par/>
</text>
</block>
<block><region><rect/></region>
<text>
<par/>
</text>
</block>
<block><region><rect/></region>
<text>
<par>
<line>_ut</line></par>
</text>
</block>
<block><region><rect/></region>
<text>
<par>
<line>t</line></par>
</text>
</block>
<block><region><rect/></region>
<text>
<par>
<line>r,</line></par>
</text>
</block>
<block><region><rect/></region>
<text>
<par>
<line>/Y-i*</line></par>
</text>
</block>
<block><region><rect/></region>
<text>
<par/>
</text>
</block>
<block><region><rect/></region>
<text>
<par>
<line>m</line></par>
</text>
</block>
<block><region><rect/></region>
<text>
<par>
<line>MS</line></par>
</text>
</block>
<block><region><rect/></region>
<text>
<par>
<line>Si*</line></par>
</text>
</block>
<block><region><rect/></region>
<text>
<par>
<line>ir’if</line></par>
</text>
</block>
<block><region><rect/></region>
<text>
<par>
<line>;■ /■'¥i</line></par>
</text>
</block>
<block><region><rect/></region>
<text>
<par/>
</text>
</block>
<block><region><rect/></region>
<text>
<par/>
</text>
</block>
<block><region><rect/></region>
<text>
<par>
<line>‘!/î:</line></par>
</text>
</block>
<block><region><rect/></region>
<text>
<par/>
</text>
</block>
<block><region><rect/></region>
<text>
<par/>
</text>
</block>
<block><region><rect/></region>
<text>
<par>
<line>î</line></par>
</text>
</block>
<block><region><rect/></region>
<text>
<par/>
</text>
</block>
<block><region><rect/></region>
<text>
<par>
<line>K,</line></par>
</text>
</block>
<block><region><rect/></region>
<text>
<par>
<line>&gt;- -J</line></par>
</text>
</block>
<block><region><rect/></region>
<text>
<par>
<line>rir^ÿ_S</line></par>
</text>
</block>
<block><region><rect/></region>
<text>
<par>
<line>.■ yr,</line></par>
</text>
</block>
<block><region><rect/></region>
<text>
<par/>
</text>
</block>
<block><region><rect/></region>
<text>
<par/>
</text>
</block>
<block><region><rect/></region>
<text>
<par>
<line>/F</line></par>
</text>
</block>
<block><region><rect/></region>
<text>
<par/>
</text>
</block>
<block><region><rect/><rect/><rect/></region>
<text>
<par>
<line>X. -ÿ&gt;3?',- ‘ü-'^ ’^'?’''?‘-W''-:’fn .#i;*-*t/"fO</line></par>
<par>
<line>ïe_^-r</line></par>
</text>
</block>
<block><region><rect/></region>
<text>
<par/>
</text>
</block>
<block><region><rect/></region>
<text>
<par>
<line>mî</line></par>
</text>
</block>
<block><region><rect/></region>
<text>
<par/>
</text>
</block>
<block><region><rect/></region>
<text>
<par/>
</text>
</block>
<block><region><rect/><rect/><rect/></region>
<text>
<par>
<line>rfM'Afssiii</line></par>
</text>
</block>
<block><region><rect/></region>
<text>
<par>
<line>!</line></par>
</text>
</block>
<block><region><rect/></region>
<text>
<par>
<line>m</line></par>
</text>
</block>
<block><region><rect/></region>
<text>
<par>
<line>m-</line></par>
</text>
</block>
<block><region><rect/></region>
<text>
<par/>
</text>
</block>
<block><region><rect/></region>
<text>
<par/>
</text>
</block>
<block><region><rect/></region>
<text>
<par>
<line>tr</line></par>
</text>
</block>
<block><region><rect/></region>
<text>
<par/>
</text>
</block>
<block><region><rect/></region>
<text>
<par/>
</text>
</block>
<block><region><rect/><rect/><rect/><rect/><rect/><rect/><rect/></region>
<text>
<par>
<line>■ V 7^ Tf -'</line></par>
</text>
</block>
<block><region><rect/><rect/><rect/></region>
<text>
<par>
<line>f^'‘ i-'lf'vr.- f--</line></par>
<par>
<line>•îlsùÿ Xi- ^ -A</line></par>
<par>
<line>Éfeiÿafîl-Xf ... i l-Cf ' -J</line></par>
<par>
<line>? .-1,-î -l^^î ! ., :. 3 .-S ‘</line></par>
</text>
</block>
<block><region><rect/></region>
<text>
<par>
<line>O- 1-Jî ^:*r\</line></par>
</text>
</block>
<block><region><rect/></region>
<text>
<par>
<line>^Zü-?7. î4*t;</line></par>
</text>
</block>
<block><region><rect/></region>
<text>
<par>
<line>i t^i.^ \</line></par>
</text>
</block>
<block><region><rect/></region>
<text>
<par>
<line>£ ..• ■</line></par>
</text>
</block>
<block><region><rect/></region>
<text>
<par>
<line>-H</line></par>
</text>
</block>
<block><region><rect/></region>
<text>
<par/>
</text>
</block>
<block><region><rect/></region>
<text>
<par/>
</text>
</block>
<block><region><rect/></region>
<text>
<par>
<line>im\</line></par>
</text>
</block>
<block><region><rect/></region>
<text>
<par/>
</text>
</block>
<block><region><rect/><rect/></region>
<text>
<par/>
</text>
</block>
<block><region><rect/><rect/></region>
<text>
<par>
<line>'""'■^Ijpp.ire du site inscrif</line>
<line>■ — --^par arrête du.î-i-st</line></par>
<par>
<line>limite du site</line></par>
</text>
</block>
<block><region><rect/></region>
<text>
<par>
<line>,^teOte;l2teMkJÈ</line></par>
</text>
</block>
<block><region><rect/><rect/></region>
<text>
<par>
<line>■ classé</line>
<line>éch: 1^50 000</line></par>
</text>
</block>




































</page>
<page width="2480" height="3507" resolution="300">
<block><region><rect/></region>
<text>
<par>
<line>c.</line></par>
</text>
</block>
<block><region><rect/></region>
<text>
<par/>
</text>
</block>
<block><region><rect/></region>
<text>
<par>
<line>i</line></par>
</text>
</block>
<block><region><rect/></region>
<text>
<par/>
</text>
</block>
<block><region><rect/></region>
<text>
<par>
<line>i</line></par>
</text>
</block>
</page>
</AC2>