<?xml version="1.0" encoding="UTF-8"?><AC2>
<page width="2566" height="3312" resolution="300">
<block><region><rect/></region>
<text>
<par>
<line>f f t f/jyr.'ff ^</line></par>
</text>
</block>
<block><region><rect/></region>
<text>
<par/>
</text>
</block>
<block><region><rect/></region>
<text>
<par>
<line>Sire--</line></par>
</text>
</block>
<block><region><rect/></region>
<text>
<par>
<line>COT-E5-DU-NORD</line></par>
<par>
<line>PLOUGUIËL</line></par>
<par>
<line>canton ; TREGuIER</line>
<line>ARRONDt r L ANN ION</line></par>
</text>
</block>
<block><region><rect/></region>
<text>
<par>
<line>TERRAINS et BATIMENTS du CHATEAU de KERALIO</line></par>
</text>
</block>
<block><region><rect/></region>
<text>
<par>
<line>\</line></par>
</text>
</block>
<block><region><rect/><rect/><rect/><rect/><rect/></region>
<text>
<par>
<line>'■MICHELIN'Qü 1/ZOO 000 N'S9</line></par>
<par>
<line>f,i,2</line></par>
<par>
<line>PlougrtiCttni'J</line></par>
</text>
</block>
<block><region><rect/></region>
<text>
<par>
<line>Pt</line></par>
</text>
</block>
<block><region><rect/></region>
<text>
<par>
<line>ve</line></par>
</text>
</block>
<block><region><rect/></region>
<text>
<par>
<line>PlOU</line></par>
</text>
</block>
<block><region><rect/></region>
<text>
<par>
<line>75</line></par>
</text>
</block>
<block><region><rect/></region>
<text>
<par/>
</text>
</block>
<block><region><rect/></region>
<text>
<par>
<line>^nnion</line></par>
</text>
</block>
<block><region><rect/></region>
<text>
<par/>
</text>
</block>
<block><region><rect/></region>
<text>
<par>
<line>Roche</line></par>
</text>
</block>
<block><region><rect/></region>
<text>
<par>
<line>Derritn</line></par>
</text>
</block>
<block><region><rect/></region>
<text>
<par>
<line>L«3&lt;î.r£| rKU&gt;</line></par>
</text>
</block>
<block><region><rect/></region>
<text>
<par>
<line>Gomcarn P</line></par>
</text>
</block>
<block><region><rect/></region>
<text>
<par>
<line>M</line></par>
</text>
</block>
<block><region><rect/></region>
<text>
<par>
<line>18S</line></par>
</text>
</block>
<block><region><rect/></region>
<text>
<par>
<line>18</line></par>
</text>
</block>
<block><region><rect/></region>
<text>
<par>
<line>182</line></par>
</text>
</block>
<block><region><rect/></region>
<text>
<par/>
</text>
</block>
<block><region><rect/></region>
<text>
<par>
<line>17</line></par>
</text>
</block>
<block><region><rect/></region>
<text>
<par>
<line>78</line></par>
</text>
</block>
<block><region><rect/></region>
<text>
<par>
<line>177</line></par>
</text>
</block>
<block><region><rect/></region>
<text>
<par>
<line>'b</line></par>
</text>
</block>
<block><region><rect/></region>
<text>
<par>
<line>180</line></par>
</text>
</block>
<block><region><rect/></region>
<text>
<par>
<line>79</line></par>
</text>
</block>
<block><region><rect/></region>
<text>
<par>
<line>ler</line></par>
</text>
</block>
<block><region><rect/></region>
<text>
<par/>
</text>
</block>
<block><region><rect/></region>
<text>
<par>
<line>pA/tne /A/scAtrE</line></par>
</text>
</block>
<block><region><rect/><rect/><rect/></region>
<text>
<par>
<line>Sont inscrits sur 1*inventaire des sites dont la conservatiojr</line>
<line>présente un intérêt général les terrains et bâtiments du Château de KeralJ(</line>
<line>Commune de PLOÜGUIBL ( CÔtee-du-Nord )</line></par>
<par>
<line>Parcelles cadastrales visées : -170 à 178^'*.173.180. 181. 182.</line>
<line>183. section B du cadas'tre.</line></par>
<par>
<line>( Arrêté du 17 janvier 1944 )</line></par>
</text>
</block>












<block blockType="Picture" blockName="" l="1235" t="2067" r="1283" b="2171"><region><rect/></region>
</block>
</page>
</AC2>