<?xml version="1.0" encoding="UTF-8"?><AC2>
<page width="2493" height="3515" resolution="300">
<block><region><rect/></region>
<text>
<par/>
</text>
</block>
<block><region><rect/></region>
<text>
<par>
<line>StCHliXAmAT D’ÉTAT</line></par>
<par>
<line>\ L’ÉDUCATION NATIONALE</line>
<line>ET \ LA JEUNESSE.</line></par>
</text>
</block>
<block><region><rect/></region>
<text>
<par>
<line>SlîCUÈnUIAT GUNERAL</line>
<line>DES BEAUX-ARTS.</line></par>
</text>
</block>
<block><region><rect/></region>
<text>
<par>
<line>DtltECTlOV</line></par>
<par>
<line>DEA SERVICES D’AnCHtTECTLnE.</line></par>
</text>
</block>
<block><region><rect/></region>
<text>
<par>
<line>' HJBElb</line></par>
<par>
<line>DES UOHVHOITS lUSTOBiqUES.</line></par>
<par>
<line>ClaisemcDt de Sitei.</line></par>
</text>
</block>
<block><region><rect/></region>
<text>
<par>
<line>&gt;0</line></par>
</text>
</block>
<block><region><rect/><rect/><rect/></region>
<text>
<par>
<line>_^:;î*-j|rAT FRANÇAIS.</line></par>
</text>
</block>
<block><region><rect/></region>
<text>
<par>
<line>ARRÊTÉ.</line></par>
</text>
</block>
<block><region><rect/></region>
<text>
<par>
<line>Le Secrétaire d'État à l’Éducation nationale et à la Jeunesse.</line></par>
</text>
</block>
<block><region><rect/></region>
<text>
<par>
<line>Vu U loi du a mai igSo riîorganisant la proleclion des monuQenls</line></par>
</text>
</block>
<block><region><rect/></region>
<text>
<par/>
</text>
</block>
<block><region><rect/></region>
<text>
<par/>
</text>
</block>
<block><region><rect/></region>
<text>
<par/>
</text>
</block>
<block><region><rect/></region>
<text>
<par>
<line>■•Mn.'</line></par>
</text>
</block>
<block><region><rect/></region>
<text>
<par/>
</text>
</block>
<block><region><rect/></region>
<text>
<par>
<line>- y</line></par>
</text>
</block>
<block><region><rect/></region>
<text>
<par/>
</text>
</block>
<block><region><rect/></region>
<text>
<par/>
</text>
</block>
<block><region><rect/></region>
<text>
<par/>
</text>
</block>
<block><region><rect/></region>
<text>
<par/>
</text>
</block>
<block><region><rect/></region>
<text>
<par/>
</text>
</block>
<block><region><rect/></region>
<text>
<par/>
</text>
</block>
<block><region><rect/></region>
<text>
<par>
<line>%</line></par>
</text>
</block>
<block><region><rect/></region>
<text>
<par/>
</text>
</block>
<block><region><rect/></region>
<text>
<par/>
</text>
</block>
<block><region><rect/></region>
<text>
<par>
<line>i...» •'</line></par>
</text>
</block>
<block><region><rect/><rect/><rect/></region>
<text>
<par>
<line>•r'Àdi</line></par>
</text>
</block>
<block><region><rect/></region>
<text>
<par>
<line>g;</line></par>
</text>
</block>
<block><region><rect/></region>
<text>
<par/>
</text>
</block>
<block><region><rect/></region>
<text>
<par/>
</text>
</block>
<block><region><rect/><rect/><rect/><rect/></region>
<text>
<par>
<line>naturels et des sites de caractère artistique, historique, sciealiûque, légendaire</line>
<line>oupittonsque; . • ' , ^</line></par>
<par>
<line>Vu rxiis émis par la Commissioa départementalç. des monuments ittl^els ''Z*</line>
<line>et des sRes dans sa séance du 27 mai 1941* Z</line></par>
<par>
<line>; ■ . . — Z;</line></par>
<par>
<line>Va Va&amp;ésîon en date du 5 ootohre 1941-</line></par>
</text>
</block>
<block><region><rect/><rect/><rect/><rect/><rect/><rect/><rect/><rect/></region>
<text>
<par/>
</text>
</block>
<block><region><rect/></region>
<text>
<par>
<line>la Consoil Uunlâlpal, de la Cdianune de B^sa*'4ô|trtétaivl^^</line></par>
<par>
<line>» d • ..I- ■ • -</line></par>
<par>
<line>■ ■ ' , ■ . -L.; " 'P'i . - "■</line></par>
</text>
</block>
<block><region><rect/></region>
<text>
<par>
<line>1</line></par>
<par>
<line>• » • « •</line></par>
</text>
</block>
<block><region><rect/></region>
<text>
<par>
<line>•.</line></par>
</text>
</block>
<block><region><rect/></region>
<text>
<par>
<line>i.-V •</line></par>
</text>
</block>
<block><region><rect/></region>
<text>
<par>
<line>t'*-</line></par>
</text>
</block>
<block><region><rect/></region>
<text>
<par>
<line>l</line></par>
</text>
</block>
<block><region><rect/></region>
<text>
<par>
<line>T</line></par>
<par>
<line>90</line></par>
<par>
<line>•7</line></par>
<par>
<line>A</line></par>
</text>
</block>
<block><region><rect/><rect/><rect/><rect/></region>
<text>
<par/>
</text>
</block>
<block><region><rect/></region>
<text>
<par>
<line>r , • .. •ri»»'.»</line></par>
</text>
</block>
<block><region><rect/></region>
<text>
<par/>
</text>
</block>





</page>
<page width="2483" height="3508" resolution="300">
<block><region><rect/></region>
<text>
<par>
<line>ARTICLE PREMIER.</line></par>
</text>
</block>
<block><region><rect/></region>
<text>
<par>
<line>Le cratdre et le Bois da. liontclial,</line></par>
<par>
<line>. P</line></par>
<par>
<line>le territoire de la Commune de Bessy (Puy-de-Dôaa) parcelle</line>
<line>nP 280, et avoisinant le Lac Pavin*</line></par>
</text>
</block>
<block><region><rect/></region>
<text>
<par>
<line>sont classé s parmi les silos et mouumeals naturels de caractère ’</line>
<line>artistique, historic^ue, scicnliFiquc, légendaire-ou pittoresque. ' , ,</line></par>
<par>
<line>ART. 3..</line></par>
<par>
<line>Le présent arrêté sera iioti(ié au Préfet du département du Puy*de «Boise et</line>
<line>de la Commune do Besse,</line></par>
<par>
<line>qui seront responsables, cliacui) çn ce qui le concerne, de son cxéculioii.</line></par>
<par>
<line>ART. 3. •</line></par>
<par>
<line>* ■ i</line></par>
<par>
<line>U sera transcrit au Bureau des hvpollièques de là situation du site clasto.</line></par>
</text>
</block>


</page>
</AC2>