<?xml version="1.0" encoding="UTF-8"?><AC2>
<page width="4978" height="3532" resolution="300">
<block><region><rect/><rect/><rect/></region>
<text>
<par/>
</text>
</block>
<block><region><rect/></region>
<text>
<par>
<line>Oo</line></par>
</text>
</block>
<block><region><rect/><rect/><rect/><rect/><rect/><rect/><rect/><rect/><rect/><rect/><rect/><rect/><rect/><rect/><rect/><rect/><rect/><rect/><rect/><rect/><rect/><rect/><rect/><rect/><rect/><rect/><rect/><rect/><rect/><rect/></region>
<text>
<par>
<line>M w MCO^ O</line></par>
<par>
<line>$ &lt;D M O SJI 0\p O 9</line>
<line>OOVr) 0&gt;«4I&gt;-&lt;355</line>
<line>VJ1cfr 0 ®</line>
<line>KfchfcH'COp H-® P D</line></par>
<par>
<line>2 2'^® « g</line></par>
<par>
<line>5* O - &lt;Ao 9</line></par>
<par>
<line>j_,p» a (3,</line></par>
<par>
<line>m P vrtw P P</line></par>
<par>
<line>Nd P « p&gt;</line></par>
<par>
<line>• ^VO|-« P R</line></par>
<par>
<line>•• •• ro cr»o</line></par>
<par>
<line>O» P'I-'et</line>
<line>fijasMH'</line></par>
<par>
<line>O O cnSi vjii P'Oc</line>
<line>O VA a</line>
<line>P'K-»V&gt;l</line></par>
<par>
<line>v&gt;) P ro</line></par>
<par>
<line>P'VOOVQ H--J 9</line>
<line>fO«« P</line></par>
<par>
<line>O H&gt;0</line>
<line>vni-»p</line>
<line>M-vo P O vq</line></par>
<par>
<line>g-I^P IVJ» M</line></par>
<par>
<line>rv)o -* P h*</line></par>
<par>
<line>M }-‘tr « P</line></par>
<par>
<line>P h* P O</line></par>
<par>
<line>a P a a h</line>
<line>O «• «M ^ ro P</line>
<line>® H* ^ V|*B</line>
<line>ef-p ® VAP-o*</line>
<line>a e+vo - __</line></par>
<par>
<line>ro» VAV^M P*</line></par>
<par>
<line>M OV</line></par>
<par>
<line>tu P&gt;'o% ro I</line>
<line>P'+» a\ vn</line>
<line>VA OM^ ru w</line>
<line>tu P*©» ®</line></par>
<par>
<line>ovpï' O O h*® ^ ^</line></par>
<par>
<line>CA I-* P ct^ e*-^</line></par>
<par>
<line>vV*■P'V»!»*® O &gt;*®*t PP</line></par>
<par>
<line>p4^VApa Moopal^a</line></par>
<par>
<line>O 00 5 PP et-p a H c6</line></par>
<par>
<line>t-&gt; H" h-VjI a _ H-P &lt;!&gt;• ® O</line></par>
<par>
<line>H* P P "S* pî O P a</line></par>
<par>
<line>8 0 a CD P c^P&lt;P&lt; w</line></par>
<par>
<line>h*« Vj4 ® ®</line></par>
<par>
<line>h- P P'V&gt;&gt; •• &gt;■ h-» B</line></par>
<par>
<line>P a o&gt; O ® « P&gt;</line></par>
<par>
<line>i**</line></par>
<par>
<line>- O « H-cl-l-</line></par>
<par>
<line>^ V»I |-••^p P. 9 oo</line></par>
<par>
<line>CA I* ui v&gt;4 VP ^ cf a</line>
<line>-4 i OPVOIOVOOB K</line>
<line>-, VA O O T ►tJP</line></par>
<par>
<line>IV&gt;» H* H* P»'P» H* â H» H</line></par>
<par>
<line>SMP ct-a</line>
<line>I-'OOO H et-</line>
<line>MValru » O* H* H*</line>
<line>P -JVA 9 H vo</line>
<line>a O 3® V&gt;4</line></par>
<par>
<line>&lt;• H* »-* P a vo</line></par>
<par>
<line>ov I P P P&lt;a43</line>
<line>O Vit O O P K- P</line>
<line>I OOm+ifc »-«r-&gt;B c*-®</line></par>
<par>
<line>&gt;• BMPPct'Pa</line></par>
<par>
<line>t; i O a a ^ ®^</line></par>
<par>
<line>ê- IPCAC»' P^ • P B P&lt;</line></par>
<par>
<line>• MH* I-» P</line></par>
<par>
<line>oo ut t*00® «</line></par>
<par>
<line>-40vjI</line></par>
<par>
<line>I-Hp O p&gt;'p&gt;'p</line></par>
</text>
</block>
<block><region><rect/><rect/><rect/></region>
<text>
<par>
<line>P'MW W O Cf et-</line>
<line>PP'PPBOH*®'</line></par>
<par>
<line>tup,p,paOB®fs</line></par>
<par>
<line>8fl,o c»-*C» ®</line></par>
<par>
<line>pip. P</line>
<line>® ® ■</line></par>
</text>
</block>
<block><region><rect/></region>
<text>
<par/>
</text>
</block>
<block><region><rect/></region>
<text>
<par>
<line>n</line></par>
</text>
</block>
<block><region><rect/></region>
<text>
<par/>
</text>
</block>
<block><region><rect/></region>
<text>
<par>
<line>P O*</line></par>
</text>
</block>
<block><region><rect/></region>
<text>
<par>
<line>ai</line></par>
</text>
</block>
<block><region><rect/></region>
<text>
<par>
<line>O O»</line></par>
</text>
</block>
<block><region><rect/></region>
<text>
<par>
<line>P</line></par>
</text>
</block>
<block><region><rect/></region>
<text>
<par>
<line>ef</line></par>
</text>
</block>
<block><region><rect/></region>
<text>
<par>
<line>et-</line></par>
</text>
</block>
<block><region><rect/></region>
<text>
<par>
<line>&amp;</line></par>
</text>
</block>
<block><region><rect/></region>
<text>
<par>
<line>cf.®</line></par>
</text>
</block>
<block><region><rect/></region>
<text>
<par>
<line>P*</line></par>
</text>
</block>
<block><region><rect/></region>
<text>
<par>
<line>ert*</line></par>
</text>
</block>
<block><region><rect/></region>
<text>
<par>
<line>p&gt;</line></par>
</text>
</block>
<block><region><rect/></region>
<text>
<par>
<line>PJJ</line></par>
<par>
<line>tel»!</line></par>
</text>
</block>
<block><region><rect/></region>
<text>
<par>
<line>et</line></par>
</text>
</block>
<block><region><rect/></region>
<text>
<par>
<line>p&gt;</line></par>
</text>
</block>
<block><region><rect/></region>
<text>
<par>
<line>P B</line></par>
</text>
</block>
<block><region><rect/></region>
<text>
<par/>
</text>
</block>
<block><region><rect/></region>
<text>
<par>
<line>p&lt;</line></par>
</text>
</block>
<block><region><rect/></region>
<text>
<par>
<line>P P</line></par>
</text>
</block>
<block><region><rect/></region>
<text>
<par>
<line>®&gt;o</line></par>
</text>
</block>
<block><region><rect/></region>
<text>
<par>
<line>P</line></par>
</text>
</block>
<block><region><rect/></region>
<text>
<par>
<line>et</line></par>
</text>
</block>
<block><region><rect/></region>
<text>
<par>
<line>ai -</line></par>
</text>
</block>
<block><region><rect/></region>
<text>
<par>
<line>~ ett*t*</line></par>
</text>
</block>
<block><region><rect/></region>
<text>
<par>
<line>ctp</line></par>
</text>
</block>
<block><region><rect/></region>
<text>
<par>
<line>i</line></par>
</text>
</block>
<block><region><rect/><rect/><rect/><rect/></region>
<text>
<par>
<line>®'l-*t-*®</line>
<line>et P P PC</line>
<line>tl MP»</line>
<line>0«pip »*»</line></par>
<par>
<line>B “</line></par>
</text>
</block>
<block><region><rect/></region>
<text>
<par/>
</text>
</block>
<block><region><rect/></region>
<text>
<par>
<line>®</line></par>
</text>
</block>
<block><region><rect/></region>
<text>
<par>
<line>g ^</line></par>
</text>
</block>
<block><region><rect/></region>
<text>
<par>
<line>O</line></par>
</text>
</block>
<block><region><rect/></region>
<text>
<par>
<line>P'P</line></par>
</text>
</block>
<block><region><rect/></region>
<text>
<par>
<line>P* et</line></par>
</text>
</block>
<block><region><rect/></region>
<text>
<par>
<line>M</line></par>
</text>
</block>
<block><region><rect/></region>
<text>
<par>
<line>Si</line></par>
</text>
</block>
<block><region><rect/></region>
<text>
<par>
<line>P</line></par>
</text>
</block>
<block><region><rect/></region>
<text>
<par>
<line>-9</line></par>
</text>
</block>
<block><region><rect/></region>
<text>
<par>
<line>s</line></par>
</text>
</block>
<block><region><rect/></region>
<text>
<par>
<line>Sï</line></par>
</text>
</block>
<block><region><rect/></region>
<text>
<par>
<line>O-«J</line></par>
</text>
</block>
<block><region><rect/></region>
<text>
<par>
<line>-J</line></par>
</text>
</block>
<block><region><rect/></region>
<text>
<par>
<line>VD</line></par>
</text>
</block>
<block><region><rect/></region>
<text>
<par>
<line>CA</line></par>
</text>
</block>
<block><region><rect/></region>
<text>
<par>
<line>VA</line></par>
</text>
</block>
<block><region><rect/><rect/><rect/></region>
<text>
<par>
<line>P p&gt;</line>
<line>n ®»</line></par>
<par>
<line>'P mV</line></par>
<par>
<line>Ta 4</line></par>
</text>
</block>
<block><region><rect/><rect/><rect/><rect/><rect/><rect/><rect/><rect/><rect/><rect/></region>
<text>
<par>
<line>et ® a</line></par>
<par>
<line>^ t-O® ^</line>
<line>P&gt;OOOt—VOBBpi^</line>
<line>PO® B» et® a</line>
<line>*cJ • et</line></par>
<par>
<line>etH't-'H etMO P</line></par>
<par>
<line>§®®0®®&gt;1PP'0</line>
<line>H* O et t*!^</line></par>
<par>
<line>Cf OVV^ et p. et t* Ü&gt; œ P</line>
<line>® t-*V&gt;l® ®tt-0 l*eta</line>
<line>P (-•vo et O P et O B</line></par>
<par>
<line>P •e^apB®t-&lt;®t</line></par>
<par>
<line>P O »1 H*®</line></par>
<par>
<line>^p t- B O O p.,Q</line></par>
<par>
<line>•P CS »*• H*Œ pw</line></par>
<par>
<line>gtJ- 5 P I ® P</line></par>
<par>
<line>O I P ®»B p*t** T</line>
<line>I* P O s ® P P</line>
<line>® P hztet *0 0 B P*</line>
<line>h-&gt;ctp pjEac:iO</line>
<line>t- Ofpnop-H'l-'</line>
<line>BptOp etppo®</line></par>
<par>
<line>®o a®B*dPa</line></par>
<par>
<line>CA t-*t-*0 P ® et</line></par>
<par>
<line>OOP ® P pip O.t-'tkO</line>
<line>^ F*letH*®t*P</line>
<line>• l-«CAetO_ t* lO P</line>
<line>• t*Q® P P'P CO P B</line>
<line>B Ù3 9 P a ®</line>
<line>P P* B B et M-'* P</line>
<line>çt-tJ. ® et g ®k P t-&lt; et</line>
<line>® ® et ® B</line>
<line>B ® GO</line>
<line>N» I ® a</line>
<line>&gt;.Pittp F</line>
<line>t~&lt; ® P Pi et</line>
<line>t-iœ H P P</line>
<line>&gt; CTH-fï</line>
<line>a&gt;p ® *1 ®</line></par>
<par>
<line>' MB- ® M</line>
<line>M O H a</line>
<line>H** O P O</line></par>
<par>
<line>. . OB ® P P B</line></par>
<par>
<line>(-•H-VjtP M/ et</line></par>
<par>
<line>® B Vit ®</line></par>
<par>
<line>a M—4 ® P M M</line></par>
<par>
<line>et Pi I a O et®</line>
<line>CA® O *1 P ctoa</line>
<line>O et O hd o*®:d</line>
<line>^Pi H- P O et^l</line>
<line>OXVil çt H M— ®</line></par>
<par>
<line>® et Vit O O O -^B</line>
<line>et ® 00 O ®.E&gt;0</line>
<line>*-&lt; P M ® O P</line>
<line>CAB P'P MO 4 O</line>
<line>O t* ® cr-</line></par>
<par>
<line>VOP a</line></par>
<par>
<line>®*- Q Vj« O P" M</line>
<line>O O C- 4 9hVjip P O</line>
<line>M P PiO-^P P</line></par>
<par>
<line>et P (S I • Ow*tj fi</line>
<line>P P MO - PP</line></par>
<par>
<line>®k ® P ti O</line></par>
<par>
<line>t% I I</line></par>
<par>
<line>-»-</line></par>
</text>
</block>
<block><region><rect/></region>
<text>
<par>
<line>9</line></par>
</text>
</block>
<block><region><rect/></region>
<text>
<par>
<line>PiiO</line></par>
</text>
</block>
<block><region><rect/></region>
<text>
<par/>
</text>
</block>
<block><region><rect/></region>
<text>
<par>
<line>9</line></par>
</text>
</block>
<block><region><rect/></region>
<text>
<par>
<line>P</line></par>
</text>
</block>
<block><region><rect/></region>
<text>
<par/>
</text>
</block>
<block><region><rect/></region>
<text>
<par>
<line>oyo</line></par>
</text>
</block>
<block><region><rect/></region>
<text>
<par>
<line>•P</line></par>
</text>
</block>
<block><region><rect/></region>
<text>
<par/>
</text>
</block>
<block><region><rect/></region>
<text>
<par>
<line>® ®</line></par>
</text>
</block>
<block><region><rect/></region>
<text>
<par>
<line>MM</line></par>
</text>
</block>
<block><region><rect/></region>
<text>
<par>
<line>ai</line></par>
<par>
<line>M</line></par>
<par>
<line>et</line></par>
<par>
<line>®</line></par>
<par>
<line>O</line></par>
<par>
<line>Pi</line></par>
<par>
<line>®</line></par>
</text>
</block>
<block><region><rect/></region>
<text>
<par>
<line>C</line></par>
</text>
</block>
<block><region><rect/></region>
<text>
<par>
<line>O</line></par>
</text>
</block>
<block><region><rect/></region>
<text>
<par>
<line>4-</line></par>
</text>
</block>
<block><region><rect/></region>
<text>
<par/>
</text>
</block>
<block><region><rect/></region>
<text>
<par/>
</text>
</block>
<block><region><rect/></region>
<text>
<par>
<line>4</line></par>
</text>
</block>
<block><region><rect/></region>
<text>
<par/>
</text>
</block>
<block><region><rect/></region>
<text>
<par>
<line>'P</line></par>
</text>
</block>
<block><region><rect/></region>
<text>
<par/>
</text>
</block>
<block><region><rect/></region>
<text>
<par/>
</text>
</block>
<block><region><rect/></region>
<text>
<par/>
</text>
</block>
<block><region><rect/></region>
<text>
<par>
<line>&gt;&gt;</line></par>
</text>
</block>
<block><region><rect/></region>
<text>
<par/>
</text>
</block>
<block><region><rect/></region>
<text>
<par/>
</text>
</block>
<block><region><rect/></region>
<text>
<par/>
</text>
</block>
<block><region><rect/></region>
<text>
<par/>
</text>
</block>
<block><region><rect/></region>
<text>
<par/>
</text>
</block>
<block><region><rect/></region>
<text>
<par>
<line>77</line></par>
</text>
</block>
<block><region><rect/></region>
<text>
<par>
<line>fslE</line></par>
</text>
</block>
<block><region><rect/></region>
<text>
<par>
<line>M</line></par>
</text>
</block>
<block><region><rect/></region>
<text>
<par>
<line>O</line></par>
</text>
</block>
<block><region><rect/></region>
<text>
<par>
<line>C</line></par>
</text>
</block>
<block><region><rect/></region>
<text>
<par/>
</text>
</block>
<block><region><rect/></region>
<text>
<par/>
</text>
</block>
<block><region><rect/></region>
<text>
<par/>
</text>
</block>
<block><region><rect/></region>
<text>
<par>
<line>tNj</line></par>
</text>
</block>
<block><region><rect/></region>
<text>
<par>
<line>t &amp;</line></par>
</text>
</block>
<block><region><rect/></region>
<text>
<par/>
</text>
</block>
<block><region><rect/></region>
<text>
<par/>
</text>
</block>
<block><region><rect/></region>
<text>
<par>
<line>^ aL&gt;</line></par>
</text>
</block>
<block><region><rect/></region>
<text>
<par>
<line>-P</line></par>
</text>
</block>
<block><region><rect/></region>
<text>
<par>
<line>■mJ</line></par>
</text>
</block>
<block><region><rect/></region>
<text>
<par/>
</text>
</block>
<block><region><rect/></region>
<text>
<par/>
</text>
</block>
<block><region><rect/></region>
<text>
<par>
<line>B</line></par>
</text>
</block>
<block><region><rect/></region>
<text>
<par>
<line>cv</line></par>
</text>
</block>
<block><region><rect/></region>
<text>
<par>
<line>19</line></par>
</text>
</block>
<block><region><rect/></region>
<text>
<par>
<line>ê</line></par>
</text>
</block>
<block><region><rect/></region>
<text>
<par>
<line>91 a-^</line></par>
</text>
</block>
<block><region><rect/></region>
<text>
<par/>
</text>
</block>
<block><region><rect/></region>
<text>
<par>
<line>-O</line></par>
</text>
</block>
<block><region><rect/></region>
<text>
<par>
<line>O</line></par>
</text>
</block>
<block><region><rect/></region>
<text>
<par/>
</text>
</block>
<block><region><rect/></region>
<text>
<par>
<line>P'</line></par>
</text>
</block>
<block><region><rect/></region>
<text>
<par/>
</text>
</block>
<block><region><rect/></region>
<text>
<par>
<line>O</line></par>
</text>
</block>
<block><region><rect/></region>
<text>
<par>
<line>t'</line></par>
</text>
</block>
<block><region><rect/></region>
<text>
<par>
<line>d/</line></par>
</text>
</block>
<block><region><rect/></region>
<text>
<par/>
</text>
</block>
<block><region><rect/></region>
<text>
<par/>
</text>
</block>
<block><region><rect/></region>
<text>
<par>
<line>Tl</line></par>
</text>
</block>
<block><region><rect/></region>
<text>
<par/>
</text>
</block>
<block><region><rect/></region>
<text>
<par>
<line>DE</line></par>
</text>
</block>
<block><region><rect/></region>
<text>
<par>
<line>Od</line></par>
</text>
</block>
<block><region><rect/></region>
<text>
<par/>
</text>
</block>
<block><region><rect/></region>
<text>
<par>
<line>vC</line></par>
</text>
</block>
<block><region><rect/></region>
<text>
<par>
<line>&gt;9</line></par>
</text>
</block>
<block><region><rect/></region>
<text>
<par/>
</text>
</block>
<block><region><rect/></region>
<text>
<par/>
</text>
</block>
<block><region><rect/></region>
<text>
<par>
<line>-&lt;7</line></par>
</text>
</block>
<block><region><rect/></region>
<text>
<par>
<line>C</line></par>
</text>
</block>
<block><region><rect/><rect/></region>
<text>
<par>
<line>V5&gt;</line></par>
<par>
<line>V. #</line></par>
</text>
</block>
<block><region><rect/></region>
<text>
<par>
<line>n</line></par>
</text>
</block>
<block><region><rect/><rect/><rect/></region>
<text>
<par>
<line>mj-'"’</line></par>
</text>
</block>
<block><region><rect/></region>
<text>
<par>
<line>&gt; &gt;</line></par>
</text>
</block>
<block><region><rect/></region>
<text>
<par>
<line>Hr</line></par>
</text>
</block>
<block><region><rect/></region>
<text>
<par>
<line>Z</line></par>
</text>
</block>
<block><region><rect/></region>
<text>
<par>
<line>Z»</line></par>
</text>
</block>
<block><region><rect/></region>
<text>
<par>
<line>3</line></par>
</text>
</block>
<block><region><rect/></region>
<text>
<par>
<line>m O O</line></par>
</text>
</block>
<block><region><rect/></region>
<text>
<par>
<line>&gt;</line></par>
</text>
</block>
<block><region><rect/></region>
<text>
<par>
<line>Z</line></par>
</text>
</block>
<block><region><rect/></region>
<text>
<par>
<line>Z</line></par>
</text>
</block>
<block><region><rect/></region>
<text>
<par>
<line>C7</line></par>
</text>
</block>
<block><region><rect/><rect/><rect/></region>
<text>
<par>
<line>85</line></par>
</text>
</block>
<block><region><rect/></region>
<text>
<par>
<line>r</line></par>
</text>
</block>
<block><region><rect/></region>
<text>
<par>
<line>3</line></par>
</text>
</block>
<block><region><rect/></region>
<text>
<par>
<line>R</line></par>
</text>
</block>
<block><region><rect/></region>
<text>
<par>
<line>O</line></par>
</text>
</block>
<block><region><rect/></region>
<text>
<par>
<line>22z</line></par>
</text>
</block>
<block><region><rect/></region>
<text>
<par>
<line>Z</line></par>
</text>
</block>
<block><region><rect/></region>
<text>
<par>
<line>R</line></par>
</text>
</block>
<block><region><rect/></region>
<text>
<par>
<line>Ph</line></par>
</text>
</block>
<block><region><rect/></region>
<text>
<par>
<line>&gt;</line></par>
</text>
</block>
<block><region><rect/></region>
<text>
<par>
<line>Q&lt;</line></par>
</text>
</block>
<block><region><rect/></region>
<text>
<par>
<line>com</line></par>
</text>
</block>
<block><region><rect/></region>
<text>
<par>
<line>c</line></par>
</text>
</block>
<block><region><rect/></region>
<text>
<par>
<line>-&lt;</line></par>
</text>
</block>
<block><region><rect/></region>
<text>
<par/>
</text>
</block>
<block><region><rect/></region>
<text>
<par/>
</text>
</block>
<block><region><rect/></region>
<text>
<par>
<line>CP</line></par>
</text>
</block>
<block><region><rect/></region>
<text>
<par>
<line>r</line></par>
</text>
</block>
<block><region><rect/></region>
<text>
<par>
<line>&gt;</line></par>
</text>
</block>
<block><region><rect/></region>
<text>
<par>
<line>XI</line></par>
</text>
</block>
<block><region><rect/></region>
<text>
<par>
<line>]</line></par>
</text>
</block>
<block><region><rect/></region>
<text>
<par>
<line>ÜJ</line></par>
</text>
</block>
<block><region><rect/></region>
<text>
<par>
<line>(</line></par>
</text>
</block>
<block><region><rect/></region>
<text>
<par>
<line>m</line></par>
</text>
</block>
<block><region><rect/></region>
<text>
<par>
<line>3o</line></par>
</text>
</block>
<block><region><rect/></region>
<text>
<par/>
</text>
</block>
<block><region><rect/></region>
<text>
<par>
<line>aa</line></par>
</text>
</block>


































<block blockType="Picture" blockName="" l="1224" t="478" r="1322" b="689"><region><rect/></region>
</block>
</page>
</AC2>