<?xml version="1.0" encoding="UTF-8"?><AC2>
<page width="1704" height="2374" resolution="200">
<block><region><rect/></region>
<text>
<par>
<line>MINISTERE</line></par>
<par>
<line>DE' L'INSTRUCTION PDRLIQDE</line></par>
<par>
<line>DES BÉAÜX-ARTS</line></par>
<par>
<line>CT &amp;CO CULTfiS</line></par>
</text>
</block>
<block><region><rect/></region>
<text>
<par>
<line>' SOUS-SECRÉTAftiAT D*ÉTAT DÈS</line>
<line>DES BEAÜX-ARTS . ‘</line></par>
<par>
<line>î'orju'^'^nti^ rrîiîtorl îu^e.</line></par>
</text>
</block>
<block><region><rect/></region>
<text>
<par>
<line>REPUBLIQUE FRANÇAISE</line></par>
</text>
</block>
<block><region><rect/></region>
<text>
<par>
<line>A _r</line></par>
</text>
</block>
<block><region><rect/></region>
<text>
<par>
<line>ARRETE</line></par>
</text>
</block>
<block><region><rect/></region>
<text>
<par/>
</text>
</block>
<block><region><rect/></region>
<text>
<par/>
</text>
</block>
<block><region><rect/><rect/><rect/><rect/><rect/><rect/></region>
<text>
<par>
<line>Vy Ze. le'-; du 23 Av^ll 10Ou p-yr.-l-rî ecri^^pvation-</line>
<line>SltrtiV rtt loïltriftnta Tiet'ar^Ve a-.^ . 'artlft.tiqu^? ;■</line></par>
<par>
<line>Vx^ J’3V3« lïi Cûrr-'iâ^icr '^n du</line></par>
<par>
<line>17; jï-î-^vi^ir lO-s^; '..,</line></par>
<par>
<line>Vu le consentement du conseil muhicipai de la Eoohe-</line>
<line>Bernard, en date du 4 Mars 1908;</line></par>
<par>
<line>sur la proppBltion du Soua-Secrétàire d-^tat les</line>
<line>Beaux-Arts i</line></par>
<par>
<line>' '.A H R'E T B ;</line></par>
<par>
<line>Article, prêiaisr. \ '</line></par>
<par>
<line>Le Vieux Rocher du port de la Roche-Bernard eat</line>
<line>class^ parmi les Sites et Monuments naturels de caracf^rs</line>
<line>artistique »■</line></par>
<par>
<line>■ ■ Article ,2.- : ■</line></par>
<par>
<line>Le présent 'arrêté sera notifié au.Préfet du départe¬</line>
<line>ment du Morbihan et au Maire de la Roche-Bernard,, qui</line>
<line>serohtVresponsablea, chacun én ce qui'le concerne, de</line>
<line>sont exécution. ■</line></par>
</text>
</block>
<block><region><rect/></region>
<text>
<par>
<line>x/.</line></par>
</text>
</block>
<block><region><rect/></region>
<text>
<par>
<line>. Paris, , le</line></par>
</text>
</block>
<block><region><rect/><rect/><rect/></region>
<text>
<par/>
</text>
</block>
<block><region><rect/><rect/><rect/></region>
<text>
<par>
<line>/ y-O</line></par>
</text>
</block>
<block><region><rect/></region>
<text>
<par>
<line>-••7</line></par>
</text>
</block>





</page>
</AC2>