<?xml version="1.0" encoding="UTF-8"?><AC2>
<page width="2489" height="3515" resolution="300">
<block><region><rect/></region>
<text>
<par>
<line>V-L- fzx</line></par>
<par>
<line>-Y^ïîlXSÆliîi.</line></par>
<par>
<line>Eil..'.L\-AHT&lt;.</line></par>
</text>
</block>
<block><region><rect/></region>
<text>
<par>
<line>M&gt;&gt;niirttijr..tf. lïi^.tni'îi^nc.j.</line>
<line>FouilLf.a fît Sit&amp;i.</line></par>
</text>
</block>
<block><region><rect/></region>
<text>
<par>
<line>S^KÏHïlUJOl-K nUlVCAiSK</line></par>
</text>
</block>
<block><region><rect/></region>
<text>
<par>
<line>vn i\]i j E.</line></par>
</text>
</block>
<block><region><rect/></region>
<text>
<par>
<line>8«cr.é“;clr5 à i‘Jnstrîjc'lioi'i Plbll.;U3</line></par>
</text>
</block>
<block><region><rect/></region>
<text>
<par>
<line>Le</line></par>
<par>
<line>Vu ia loi s lïcal j't?Ki l'î^O]■L^^ull^^illlt hi j&gt;fot(j.fti'irj Jfs iLViijurn-iiîs</line>
<line>oalund.’» ol (ii^s l'ar^n'l.èrt.! aiM.îslnjtj(j, Jisïlor;i][Ui:, scîï;ii&lt;,;(i(|iif;, [fi'.^.i.'ii'iiiicf</line></par>
<par>
<line>OU pUloj'esiitsy;</line></par>
<par>
<line>Vu l’avis (îfiiis oai' ïa Conirùi-isiüfi i^pirioî-nonUio des iiiooiinu d'jk-, l■■l;■îirrid^</line>
<line>ei fi(iS -Sites dau.süa üéiuifiü dix iri. fiüTOF.'ibre I94C</line></par>
<par>
<line>Vu i'tiipjjemxîfiL eu dali* du î^'fé-vrier l94l aonnée p^r le cow&amp;un</line>
<line>padjiïpt^ de C!Xâf'ilcy , pr apr i d tu 1 rs</line></par>
</text>
</block>




</page>
<page width="797" height="1126" resolution="96">
<block><region><rect/></region>
<text>
<par>
<line>ARHêTK:</line></par>
</text>
</block>
<block><region><rect/></region>
<text>
<par>
<line>AimCLF rRYMIKfU</line></par>
</text>
</block>
<block><region><rect/></region>
<text>
<par>
<line>L8-* îiocncs ijeuaiàs, il\.u4ea \u -orrltoixu -e I4.</line></par>
</text>
</block>
<block><region><rect/></region>
<text>
<par>
<line>ooJiü.Ui’.e ce crcciicoy {cô’^'^ x) j'Vac les</line>
<line>k 60 lüütres üu pieü qô ucâ rochyraat s 1</line>
<line>de le orcte, eppe.rtenant à le commune,</line></par>
</text>
</block>
<block><region><rect/></region>
<text>
<par>
<line>lün-tfinü d* û^cincrjr)*</line></par>
<par>
<line>i“ètres tjU-aos:'4a</line></par>
</text>
</block>
<block><region><rect/></region>
<text>
<par>
<line>eoûî clast^jsas paf^ni 1ü5 siU5 tt oiùDU'ucnt^naturnis dft</line>
<line>«rlUi.1 que 111 &gt;Iyriqoe, stivatifi&lt;juo, if«gendaire ou pittore^t jue-</line></par>
<par>
<line>ART. 7-</line></par>
<par>
<line>prévînt arrêté spra nalaiç axi Tri^fcl du dé|&gt;trtorrent de lu COwi d</line></par>
<par>
<line>et eu &gt;fi;l3'e ùù ox frLcey</line></par>
</text>
</block>
<block><region><rect/></region>
<text>
<par>
<line>^ui AeranL rc^DoosaLica, r}Mt*uu un ca qui lu cocccrne. de snn eaéc^tliOli</line></par>
<par>
<line>ART. 3.</line></par>
<par>
<line>i »çra tr^nsf rii au Oureaude»^ hvpylhûqucsdc la fllualiim d € 1 * i ...u</line></par>
<par>
<line>daAsé.</line></par>
<par>
<line>fT'cl/</line></par>
<par>
<line>v^aru, je'' • ,</line></par>
<par>
<line>* ¥ •</line></par>
</text>
</block>
<block><region><rect/><rect/></region>
<text>
<par>
<line>!</line></par>
</text>
<text>
<par>
<line>4</line></par>
</text>
</block>
<block><region><rect/></region>
<text>
<par>
<line>h</line></par>
</text>
</block>
<block><region><rect/></region>
<text>
<par/>
</text>
</block>
<block><region><rect/></region>
<text>
<par>
<line>f.' 4</line></par>
</text>
</block>
<block><region><rect/></region>
<text>
<par>
<line>/</line></par>
</text>
</block>
<block><region><rect/></region>
<text>
<par>
<line>! r</line></par>
</text>
</block>
</page>
<page width="2485" height="3512" resolution="300">
<block><region><rect/><rect/><rect/><rect/></region>
<text>
<par>
<line>—J ■ . --1^ t !■: &gt; -.^. f -'■■</line></par>
<par>
<line>___ -</line></par>
<par>
<line>■;. V . V ■/</line></par>
<par>
<line>-4-'v-.—■■^■■v_--î; .. - . ’'-.,</line></par>
</text>
</block>
<block><region><rect/></region>
<text>
<par>
<line>..ll.-. </line></par>
</text>
</block>
<block><region><rect/></region>
<text>
<par/>
</text>
</block>
<block><region><rect/></region>
<text>
<par>
<line>H-- .-■-"7“- r -1</line></par>
</text>
</block>
<block><region><rect/><rect/></region>
<text>
<par/>
</text>
</block>
<block><region><rect/></region>
<text>
<par>
<line>iO y</line></par>
</text>
</block>
<block><region><rect/></region>
<text>
<par>
<line>Chai</line></par>
</text>
</block>
<block><region><rect/></region>
<text>
<par>
<line>J /</line></par>
</text>
</block>
<block><region><rect/></region>
<text>
<par>
<line>'y</line></par>
</text>
</block>
<block><region><rect/></region>
<text>
<par>
<line>/</line></par>
</text>
</block>
<block><region><rect/></region>
<text>
<par>
<line>des.</line></par>
</text>
</block>
<block><region><rect/></region>
<text>
<par>
<line>le</line></par>
</text>
</block>
<block><region><rect/></region>
<text>
<par>
<line>•Z. a</line></par>
</text>
</block>
<block><region><rect/></region>
<text>
<par>
<line>C -,</line></par>
</text>
</block>
<block><region><rect/></region>
<text>
<par/>
</text>
</block>
<block><region><rect/></region>
<text>
<par>
<line>d •</line></par>
</text>
</block>
<block><region><rect/></region>
<text>
<par>
<line>k ^ i</line></par>
</text>
</block>
<block><region><rect/></region>
<text>
<par/>
</text>
</block>
<block><region><rect/><rect/></region>
<text>
<par>
<line>SITE CLASSE DE CREANCEY</line>
<line>Les roches de Beaume</line></par>
<par>
<line>Echelle :1 /lOOOO</line></par>
</text>
</block>
<block><region><rect/></region>
<text>
<par>
<line>■ !</line></par>
</text>
</block>
<block><region><rect/></region>
<text>
<par>
<line>"'À</line></par>
</text>
</block>
<block><region><rect/></region>
<text>
<par>
<line>J</line></par>
<par>
<line>,h *</line></par>
<par>
<line>c</line></par>
<par>
<line>y</line></par>
<par>
<line>O</line></par>
</text>
</block>
<block><region><rect/><rect/><rect/></region>
<text>
<par>
<line>les. Tad'enières</line></par>
<par>
<line>‘i</line></par>
</text>
</block>
<block><region><rect/><rect/><rect/><rect/><rect/><rect/></region>
<text>
<par>
<line>g« : V ...... . ■^. '■ ■ '</line></par>
<par>
<line>' 54^</line></par>
</text>
</block>
<block><region><rect/></region>
<text>
<par/>
</text>
</block>
<block><region><rect/><rect/></region>
<text>
<par>
<line>■Æ</line></par>
</text>
</block>
<block><region><rect/><rect/><rect/><rect/><rect/></region>
<text>
<par>
<line>y ô'-'r^- . ■</line></par>
<par>
<line>’i.- ■'■■■ -ü 'i</line></par>
<par>
<line>: ■■ Tt</line></par>
</text>
</block>
<block><region><rect/><rect/><rect/><rect/><rect/><rect/><rect/><rect/><rect/><rect/></region>
<text>
<par>
<line>LA53S;:</line></par>
<par>
<line>r- . . .- .. -v &gt;fci</line></par>
<par>
<line>cr^:..P ■ ^.-c</line></par>
</text>
</block>
<block><region><rect/></region>
<text>
<par>
<line>4</line></par>
</text>
</block>
<block><region><rect/><rect/></region>
<text>
<par>
<line>432 ^iMÔNTOlLLEÿl^' /,f</line></par>
<par>
<line>i.. ■■ ^ ,^c..z^</line></par>
</text>
</block>
<block><region><rect/><rect/><rect/><rect/><rect/><rect/><rect/><rect/></region>
<text>
<par>
<line>i ' f c</line></par>
<par>
<line>V. ..</line></par>
</text>
</block>
<block><region><rect/></region>
<text>
<par>
<line>..rf :</line></par>
</text>
</block>
<block><region><rect/></region>
<text>
<par/>
</text>
</block>
<block><region><rect/></region>
<text>
<par>
<line>516</line></par>
</text>
</block>
<block><region><rect/></region>
<text>
<par>
<line>s ;■ */</line></par>
</text>
</block>
<block><region><rect/></region>
<text>
<par>
<line>I . I</line></par>
</text>
</block>
<block><region><rect/></region>
<text>
<par/>
</text>
</block>
<block><region><rect/></region>
<text>
<par/>
</text>
</block>
<block><region><rect/></region>
<text>
<par/>
</text>
</block>
<block><region><rect/></region>
<text>
<par/>
</text>
</block>
<block><region><rect/></region>
<text>
<par>
<line>'</line></par>
</text>
</block>
<block><region><rect/></region>
<text>
<par>
<line>Cl</line></par>
</text>
</block>
<block><region><rect/></region>
<text>
<par/>
</text>
</block>
<block><region><rect/></region>
<text>
<par/>
</text>
</block>
<block><region><rect/><rect/></region>
<text>
<par/>
</text>
</block>
<block><region><rect/></region>
<text>
<par/>
</text>
</block>
<block><region><rect/></region>
<text>
<par/>
</text>
</block>
<block><region><rect/></region>
<text>
<par>
<line>i'. -rt</line></par>
</text>
</block>
<block><region><rect/><rect/></region>
<text>
<par/>
</text>
</block>
<block><region><rect/></region>
<text>
<par/>
</text>
</block>
<block><region><rect/></region>
<text>
<par/>
</text>
</block>
<block><region><rect/></region>
<text>
<par>
<line>i.</line></par>
</text>
</block>
<block><region><rect/></region>
<text>
<par/>
</text>
</block>
<block><region><rect/></region>
<text>
<par/>
</text>
</block>
<block><region><rect/></region>
<text>
<par>
<line>la Mliiere</line></par>
</text>
</block>
<block><region><rect/></region>
<text>
<par>
<line>V À P-.M</line></par>
</text>
</block>
<block><region><rect/></region>
<text>
<par>
<line>tti iyÆ.. d</line></par>
</text>
</block>
<block><region><rect/></region>
<text>
<par/>
</text>
</block>
<block><region><rect/><rect/></region>
<text>
<par>
<line>' -A ■/ 4 c '</line></par>
</text>
</block>
<block><region><rect/></region>
<text>
<par>
<line>I</line></par>
</text>
</block>
<block><region><rect/></region>
<text>
<par/>
</text>
</block>
<block><region><rect/></region>
<text>
<par>
<line>v/</line></par>
</text>
</block>
<block><region><rect/><rect/></region>
<text>
<par>
<line>■f.fiV.Mar ’• LV. ;Vî'.V.&gt;.?</line></par>
</text>
</block>
<block><region><rect/></region>
<text>
<par>
<line>B- I</line></par>
</text>
</block>
<block><region><rect/><rect/><rect/></region>
<text>
<par/>
</text>
</block>
<block><region><rect/></region>
<text>
<par>
<line>Ci’ii</line></par>
</text>
</block>
<block><region><rect/><rect/><rect/></region>
<text>
<par>
<line>c-5S9:.d^rL</line></par>
</text>
</block>
<block><region><rect/></region>
<text>
<par>
<line>.e</line></par>
</text>
</block>
<block><region><rect/></region>
<text>
<par>
<line>O</line></par>
</text>
</block>
<block><region><rect/></region>
<text>
<par>
<line>i. ■■)</line></par>
</text>
</block>
<block><region><rect/></region>
<text>
<par/>
</text>
</block>
<block><region><rect/></region>
<text>
<par>
<line>I '</line></par>
</text>
</block>
<block><region><rect/></region>
<text>
<par>
<line>-'O</line></par>
</text>
</block>
<block><region><rect/></region>
<text>
<par>
<line>.O</line></par>
</text>
</block>
<block><region><rect/></region>
<text>
<par>
<line>'Xf..</line></par>
</text>
</block>
<block><region><rect/></region>
<text>
<par>
<line>O</line></par>
</text>
</block>
<block><region><rect/><rect/></region>
<text>
<par/>
</text>
</block>
<block><region><rect/></region>
<text>
<par/>
</text>
</block>
<block><region><rect/></region>
<text>
<par/>
</text>
</block>
<block><region><rect/></region>
<text>
<par/>
</text>
</block>
<block><region><rect/></region>
<text>
<par/>
</text>
</block>
<block><region><rect/></region>
<text>
<par>
<line>\\</line></par>
</text>
</block>
<block><region><rect/></region>
<text>
<par/>
</text>
</block>
<block><region><rect/></region>
<text>
<par>
<line>l</line></par>
</text>
</block>
<block><region><rect/></region>
<text>
<par>
<line>^«SÜ / : X</line></par>
</text>
</block>
<block><region><rect/></region>
<text>
<par>
<line>V</line></par>
</text>
</block>
<block><region><rect/></region>
<text>
<par/>
</text>
</block>
<block><region><rect/></region>
<text>
<par>
<line>• &gt;</line></par>
</text>
</block>
<block><region><rect/></region>
<text>
<par/>
</text>
</block>
<block><region><rect/></region>
<text>
<par>
<line>.5L4</line></par>
</text>
</block>
<block><region><rect/></region>
<text>
<par/>
</text>
</block>
<block><region><rect/><rect/></region>
<text>
<par>
<line>f / y ^'. y .</line></par>
</text>
</block>
<block><region><rect/></region>
<text>
<par>
<line>•-.s</line></par>
</text>
</block>
<block><region><rect/></region>
<text>
<par/>
</text>
</block>
<block><region><rect/></region>
<text>
<par>
<line>hauiTie "Befucb</line></par>
</text>
</block>
<block><region><rect/></region>
<text>
<par>
<line>BIBS ■</line></par>
</text>
</block>
<block><region><rect/></region>
<text>
<par>
<line>.C —</line></par>
</text>
</block>
<block><region><rect/></region>
<text>
<par/>
</text>
</block>
<block><region><rect/></region>
<text>
<par>
<line>,m.,</line></par>
</text>
</block>
<block><region><rect/></region>
<text>
<par>
<line>my</line></par>
</text>
</block>
<block><region><rect/></region>
<text>
<par>
<line>7j7</line></par>
</text>
</block>
<block><region><rect/></region>
<text>
<par>
<line>AV</line></par>
</text>
</block>
<block><region><rect/></region>
<text>
<par/>
</text>
</block>
<block><region><rect/></region>
<text>
<par>
<line>famé';</line></par>
</text>
</block>
<block><region><rect/></region>
<text>
<par>
<line>lé S;3;</line></par>
<par>
<line>de -i-êta</line></par>
</text>
</block>
<block><region><rect/></region>
<text>
<par/>
</text>
</block>
<block><region><rect/></region>
<text>
<par/>
</text>
</block>
<block><region><rect/></region>
<text>
<par/>
</text>
</block>
<block><region><rect/></region>
<text>
<par/>
</text>
</block>
<block><region><rect/></region>
<text>
<par>
<line>...</line></par>
</text>
</block>
<block><region><rect/></region>
<text>
<par>
<line>jfc</line></par>
</text>
</block>
<block><region><rect/></region>
<text>
<par/>
</text>
</block>
<block><region><rect/><rect/><rect/></region>
<text>
<par/>
</text>
</block>
<block><region><rect/></region>
<text>
<par>
<line>/.J</line></par>
</text>
</block>
<block><region><rect/><rect/></region>
<text>
<par>
<line>fe#' ■</line></par>
<par>
<line>■y-sh.r^ym</line></par>
</text>
</block>
<block><region><rect/></region>
<text>
<par>
<line>■■&gt;/.</line></par>
</text>
</block>
<block><region><rect/></region>
<text>
<par/>
</text>
</block>
<block><region><rect/></region>
<text>
<par>
<line>.■ / .■ ' dz</line></par>
</text>
</block>
<block><region><rect/></region>
<text>
<par>
<line>„ '49 3 ■</line></par>
</text>
</block>
<block><region><rect/></region>
<text>
<par>
<line>fÆ:‘-¥4</line></par>
</text>
</block>
<block><region><rect/></region>
<text>
<par>
<line>■'f&gt;’=‘j</line></par>
</text>
</block>
<block><region><rect/></region>
<text>
<par/>
</text>
</block>
<block><region><rect/></region>
<text>
<par>
<line>■ —</line></par>
</text>
</block>
<block><region><rect/></region>
<text>
<par>
<line>C .--'î</line></par>
</text>
</block>
<block><region><rect/><rect/></region>
<text>
<par>
<line>"i ■' K\■■ ' iryf.i -. i-.</line></par>
</text>
</block>
<block><region><rect/></region>
<text>
<par>
<line>/ jRS</line></par>
</text>
</block>
<block><region><rect/><rect/><rect/></region>
<text>
<par>
<line>-■</line></par>
</text>
</block>
<block><region><rect/></region>
<text>
<par>
<line>. .</line></par>
</text>
</block>
<block><region><rect/><rect/></region>
<text>
<par>
<line>, 7^ 'X'■ ^C0S La VI or SS</line></par>
<par>
<line>h2yy:y y ■</line></par>
</text>
</block>
<block><region><rect/></region>
<text>
<par>
<line>A</line></par>
</text>
</block>
<block><region><rect/></region>
<text>
<par/>
</text>
</block>
<block><region><rect/><rect/></region>
<text>
<par>
<line>yM- .'^^LMSBeàameé-</line></par>
<par>
<line>'f - -''C'A •■ Z</line></par>
</text>
</block>
<block><region><rect/></region>
<text>
<par>
<line>c</line></par>
</text>
</block>
<block><region><rect/></region>
<text>
<par/>
</text>
</block>
<block><region><rect/></region>
<text>
<par>
<line>./y</line></par>
</text>
</block>
<block><region><rect/></region>
<text>
<par>
<line>,'/</line></par>
</text>
</block>
<block><region><rect/><rect/><rect/></region>
<text>
<par>
<line>Viy,sywm25</line></par>
</text>
</block>
<block><region><rect/></region>
<text>
<par>
<line>h*</line></par>
</text>
</block>
<block><region><rect/></region>
<text>
<par>
<line>4. • -^V -y^.</line></par>
</text>
</block>
<block><region><rect/></region>
<text>
<par>
<line>*-* J</line></par>
</text>
</block>
<block><region><rect/></region>
<text>
<par/>
</text>
</block>
<block><region><rect/></region>
<text>
<par>
<line>,45a"</line></par>
</text>
</block>
<block><region><rect/></region>
<text>
<par>
<line>f ■ -,■. \</line></par>
</text>
</block>
<block><region><rect/></region>
<text>
<par>
<line>A- A-'</line></par>
<par>
<line>T X\-</line></par>
</text>
</block>
<block><region><rect/></region>
<text>
<par/>
</text>
</block>
<block><region><rect/></region>
<text>
<par>
<line>î</line></par>
</text>
</block>
<block><region><rect/></region>
<text>
<par>
<line>4l 7</line></par>
</text>
</block>
<block><region><rect/></region>
<text>
<par>
<line>\'ï</line></par>
</text>
</block>
<block><region><rect/></region>
<text>
<par>
<line>■■•h ■&gt;</line></par>
</text>
</block>
<block><region><rect/><rect/></region>
<text>
<par>
<line>, . /•</line></par>
<par>
<line>if^'- ■■. S33'</line></par>
</text>
</block>










</page>
</AC2>