<?xml version="1.0" encoding="UTF-8"?><AC2>
<page width="2505" height="3525" resolution="300">
<block><region><rect/></region>
<text orientation="RotatedCounterclockwise">
<par>
<line>|]1-483-1021. (25008)</line></par>
</text>
</block>
<block><region><rect/></region>
<text>
<par>
<line>MTSTSTtsE</line></par>
</text>
</block>
<block><region><rect/></region>
<text>
<par>
<line>RÉPÜBLIQÜE FRANÇAISE.</line></par>
</text>
</block>
<block><region><rect/></region>
<text>
<par>
<line>L'Ii&gt;ÎSTRüCTIO.\ PUBLIQUE</line>
<line>ET DES BEAUX-ARTS.</line></par>
<par>
<line>beaux-arts,</line></par>
<par>
<line>MONUMENTS HISTONigUES.</line>
<line>Sites et Moaumsnts naturels.</line></par>
</text>
</block>
<block><region><rect/></region>
<text>
<par/>
</text>
</block>
<block><region><rect/></region>
<text>
<par>
<line>/i /oi ?/ ctv-?^ /i,</line></par>
<par>
<line>e/eif e/ 'monument 7ia&gt;âccre/f r/e co'f^&amp;cà&amp;K</line></par>
<par>
<line>^^Iho /ceiHd erruà^ar /i ^OTJi/jn^-t-ow c/^ia^'émn-e^ü'cc^ c/a ^</line>
<line>^/ed g/ TTK^îd^neTt^ -?icUt(d^j da c/i,.</line></par>
</text>
</block>
<block><region><rect/><rect/><rect/></region>
<text>
<par>
<line>^a, nv idr._^.?:._déllbéjr,&amp;t ■l.0!n..,„&lt;lu.</line></par>
<par>
<line>Conseil namiclpal d*Au(iierne, en date du</line>
<line>Ter Avril 1922;</line></par>
</text>
</block>
<block><region><rect/></region>
<text>
<par>
<line>oÀBïA-e</line></par>
</text>
</block>
<block><region><rect/></region>
<text>
<par>
<line>t/t.ebe^ :</line></par>
</text>
</block>
<block><region><rect/></region>
<text>
<par>
<line>•.yé&gt;.</line></par>
</text>
</block>
<block><region><rect/><rect/></region>
<text>
<par>
<line>'rà^/e ^&gt;/efmue/}'.</line></par>
<par>
<line>le 3ojpaine de loquer^ situe près</line>
<line>d'Audierne (Finistère)</line></par>
</text>
</block>
<block><region><rect/></region>
<text>
<par>
<line>r</line></par>
</text>
</block>
<block><region><rect/></region>
<text>
<par>
<line>.y-</line></par>
</text>
</block>
<block><region><rect/></region>
<text>
<par>
<line>est</line></par>
</text>
</block>
<block><region><rect/></region>
<text>
<par>
<line>,._. c</line></par>
</text>
</block>
<block><region><rect/><rect/></region>
<text>
<par>
<line>.^ei/?*?n6 ^/teà e/ '/?io-7ue??ieeiâi</line></par>
<par>
<line>'/idzém^y/c/e cac^'âe?^^ ac'âùlc^^e^</line></par>
</text>
</block>
<block><region><rect/></region>
<text>
<par>
<line>B0'd it?60SSa6200</line></par>
</text>
</block>
<block><region><rect/></region>
<text>
<par>
<line>30ÜSAÜd-3iIS-dNa-nN3-NIW 30 00:9T i66T-t?0-20</line></par>
</text>
</block>




































</page>
<page width="2480" height="3507" resolution="300">
<block><region><rect/></region>
<text>
<par>
<line>£0 CB:33tld IbiGi</line></par>
</text>
</block>
<block><region><rect/></region>
<text>
<par/>
</text>
</block>
<block><region><rect/></region>
<text>
<par>
<line>2.</line></par>
</text>
</block>
<block><region><rect/><rect/><rect/><rect/></region>
<text>
<par>
<line>&lt;1^ ^__ .</line></par>
<par>
<line>e/.1®- 9®“*^^® 4 '&gt; Pï'opî'.l-fj'^A?®</line></par>
<par>
<line>.du...Uamin!e.....8ii«r!T.t8.&amp;j...</line></par>
<par>
<line>d€7*02i/ re€^274f€i^/e,j, cdaci/û?^ en ce ^</line>
<line>co^zc&amp;f*7ie^ 4!wn eoxcci/w^.</line></par>
<par>
<line>^ ié.. ......25 Juillet,.,,.1922</line></par>
<par>
<line>/</line></par>
<par>
<line>/ r ,.x:—.</line></par>
<par>
<line>£.</line></par>
</text>
</block>
<block><region><rect/></region>
<text>
<par>
<line>BB’d it’60£S36£00</line></par>
</text>
</block>
<block><region><rect/></region>
<text>
<par>
<line>b</line></par>
</text>
</block>
<block><region><rect/></region>
<text>
<par>
<line>3DbSAbd-3iIS-dNa-nN3-NIU</line></par>
</text>
</block>
<block><region><rect/></region>
<text>
<par>
<line>30 00:91 i66T-t70-20</line></par>
</text>
</block>



</page>
</AC2>