<?xml version="1.0" encoding="UTF-8"?><AC2>
<page width="2522" height="3514" resolution="300">
<block><region><rect/></region>
<text orientation="RotatedCounterclockwise">
<par>
<line>120-94-1909. [13389]</line></par>
</text>
</block>
<block><region><rect/></region>
<text>
<par>
<line>MINISTKUV:</line></par>
<par>
<line>UK</line></par>
<par>
<line>L’INSTlUiCTHhN riiHLKlUlî</line>
<line>Kl' l)i;S ÜEAl!X-.V!!TS.</line></par>
</text>
</block>
<block><region><rect/></region>
<text>
<par>
<line>SOUS-SECIU'TAIUAT D’ETAT</line>
<line>. DES BEAUX-ARTS.</line></par>
</text>
</block>
<block><region><rect/></region>
<text>
<par/>
</text>
</block>
<block><region><rect/></region>
<text>
<par>
<line>REîMJinjQîil!: EilViN'ÇAISE.</line></par>
<par>
<line>fl ' A ^</line></par>
<par>
<line>G,''Vl‘6'X’£tO.</line></par>
</text>
</block>
<block><region><rect/></region>
<text>
<par>
<line>c)e3 Q)e'(&lt;,nceé cl (tÆcEih;oli</line></par>
</text>
</block>
<block><region><rect/></region>
<text>
<par>
<line>(Æi',.</line></par>
</text>
</block>
<block><region><rect/></region>
<text>
<par>
<line>mONyî(iENTS HISTORIQUES.</line>
<line>Sites et Monuments naturels.</line></par>
</text>
</block>
<block><region><rect/></region>
<text>
<par>
<line>e/ cZ&amp;'j uSeaaa:)-ey^7^âj,</line></par>
</text>
</block>
<block><region><rect/></region>
<text>
<par>
<line>a&amp;</line></par>
</text>
</block>
<block><region><rect/><rect/><rect/></region>
<text>
<par>
<line>u-/&gt;?''acéw-'rd^ ^u6^/^^6e'</line></par>
</text>
</block>
<block><region><rect/></region>
<text>
<par>
<line>^-' /y. /a /ûc- c/u- 2.y avyy/ ■/j^o6 o-^y.cânyrj-an/' ùi ^M'o^-oâcoyt</line>
<line>c/ed .cy-i/yj &amp;/■ ■■m.o na?iie'n(ii ym/iyre/d c/e cc/y^acâère ar-êù-ic^ue/</line></par>
<par>
<line>^Vh- /aiHd emù/ci c/(’^ia/y‘le?n-07z/dZ'/e c/gj</line></par>
<par>
<line>e/ y?z-o?2/ymeyzÉi naù(?'cù e/dyyzd .da dGcMwe c/yi-iÂÆ.Zri.yÉ... J.^£iÿ..</line></par>
</text>
</block>
<block><region><rect/></region>
<text>
<par>
<line>mHd /u.</line></par>
</text>
</block>
<block><region><rect/><rect/></region>
<text>
<par>
<line>^l/U /ey/^,a^c??ie?z/ ejn, c/cy/z’. y/y(y....Æ...</line></par>
<par>
<line>r</line></par>
</text>
</block>
<block><region><rect/><rect/><rect/><rect/><rect/></region>
<text>
<par>
<line>/.V ' / y /// y" A y</line></par>
<par>
<line>yd .z'.idd^d'P.diL&lt;C-:..</line></par>
</text>
</block>
<block><region><rect/></region>
<text>
<par>
<line>/a^i'?d^yodiào7Z- cÂ(y f/^o((d=-^e(yyeâayôde ç/ (^ln/~</line></par>
</text>
</block>
<block><region><rect/><rect/></region>
<text>
<par>
<line>Qy^^c/æle^ ;</line></par>
<par>
<line>:ty^'?'^â6c/c ^?/re-7nùôr.</line></par>
</text>
</block>
<block><region><rect/><rect/><rect/></region>
<text>
<par>
<line>/ / / ''"7 / / J</line></par>
<par>
<line>.</line></par>
</text>
</block>
<block><region><rect/><rect/></region>
<text>
<par>
<line>/ '7 / " '</line></par>
<par>
<line>..■...</line></par>
</text>
</block>
<block><region><rect/></region>
<text>
<par>
<line>.^c^ir^rG</line></par>
</text>
</block>
<block><region><rect/></region>
<text>
<par>
<line>J /P ' J • Z' • /</line></par>
<par>
<line>.ayaMfd}^'.yia/?mù uy ycl&amp;f er '7?io7i6M?ie/?2âj</line></par>
<par>
<line>?i(ZÙ7d'e/j &lt;/c‘ cayao/co'e a'y/{dàd/{ù&amp;.</line></par>
</text>
</block>



































</page>
<page width="2541" height="3536" resolution="300">
<block><region><rect/></region>
<text>
<par/>
</text>
</block>
<block><region><rect/></region>
<text>
<par>
<line>/V. 2.</line></par>
</text>
</block>
<block><region><rect/></region>
<text>
<par>
<line>/</line></par>
</text>
</block>
<block><region><rect/><rect/></region>
<text>
<par>
<line>' / ' ' -/^ /</line></par>
<par>
<line>â-/-^&lt;v//' ær?'(.:/a àc-y^a-.noà/ce aa^</line></par>
</text>
</block>
<block><region><rect/></region>
<text>
<par>
<line>■/ ''■'-■y</line>
<line>// /</line></par>
</text>
</block>
<block><region><rect/></region>
<text>
<par>
<line>?W'ey</line></par>
</text>
</block>
<block><region><rect/></region>
<text>
<par>
<line>cûo r/e/,‘a','-^/e?'??.&amp;r//' r/a-,</line>
<line>/</line></par>
</text>
</block>
<block><region><rect/></region>
<text>
<par/>
</text>
</block>
<block><region><rect/><rect/></region>
<text>
<par/>
</text>
</block>
<block><region><rect/><rect/></region>
<text>
<par>
<line>/ Ô9' • ---</line></par>
<par>
<line>..</line></par>
</text>
</block>
<block><region><rect/><rect/></region>
<text>
<par>
<line>r,</line></par>
</text>
</block>
<block><region><rect/></region>
<text>
<par>
<line>'■/y ..4€}'-072/' 7yW/0-72yJa/^/&amp;&lt;l, O'/Ùu.-UÛ^' 3?l €&amp; ^</line></par>
</text>
</block>
<block><region><rect/><rect/><rect/></region>
<text>
<par>
<line>^y.ù .•'&gt;t-/'U/cr /'&lt;y,</line></par>
<par>
<line>/ '</line></par>
<par>
<line>cœzœâme'/ ae- GTez^ué'.rm..</line></par>
</text>
</block>
<block><region><rect/></region>
<text>
<par>
<line>c^y C67V^h .J.Ÿ.....y71±y:±.</line></par>
</text>
</block>
<block><region><rect/><rect/></region>
<text>
<par>
<line>/ /</line>
<line>/</line></par>
</text>
</block>
<block><region><rect/><rect/></region>
<text>
<par>
<line>... (T J- 9&lt;-</line></par>
<par>
<line>St.jncj : C7:'^y-"Ky-7y(^f</line></par>
<par>
<line>■' / .. / '-</line></par>
<par>
<line>^ /</line></par>
</text>
</block>
<block><region><rect/><rect/></region>
<text>
<par>
<line>^'^cnir a/m/iüyùào'ii-</line></par>
</text>
</block>
<block><region><rect/></region>
<text>
<par>
<line>ô&lt;?. (iX (jc)K»(c^(or) c)o’&lt;A r^e'cciccd</line></par>
</text>
</block>
<block><region><rect/></region>
<text>
<par>
<line>^ OCXcbrl erl uxe.v,</line></par>
</text>
</block>
<block><region><rect/></region>
<text>
<par>
<line>A ;&lt; /'--"</line></par>
</text>
</block>
<block><region><rect/></region>
<text>
<par/>
</text>
</block>




















</page>
<page width="2479" height="3504" resolution="300">
<block><region><rect/></region>
<text>
<par/>
</text>
</block>
<block><region><rect/></region>
<text>
<par>
<line>' ' I I I I M I I J I</line></par>
</text>
</block>
<block><region><rect/></region>
<text>
<par>
<line>V</line></par>
</text>
</block>
<block><region><rect/></region>
<text>
<par>
<line>V</line></par>
</text>
</block>
<block><region><rect/></region>
<text>
<par/>
</text>
</block>
<block><region><rect/></region>
<text>
<par>
<line>&lt;r</line></par>
<par>
<line>rU</line></par>
</text>
</block>
<block><region><rect/></region>
<text>
<par>
<line>0</line></par>
</text>
</block>
<block><region><rect/></region>
<text>
<par>
<line>'-U</line></par>
<par>
<line>_&gt;</line></par>
</text>
</block>
<block><region><rect/></region>
<text>
<par>
<line>O</line></par>
<par>
<line>7</line></par>
<par>
<line>0-</line></par>
<par>
<line>C</line></par>
<par>
<line>7</line></par>
</text>
</block>
<block><region><rect/></region>
<text>
<par>
<line>t i</line></par>
</text>
</block>
<block><region><rect/></region>
<text>
<par>
<line>»cJ</line></par>
<par>
<line>â</line></par>
<par>
<line>Y</line></par>
</text>
</block>
<block><region><rect/></region>
<text>
<par/>
</text>
</block>
<block><region><rect/></region>
<text>
<par>
<line>9</line></par>
</text>
</block>
<block><region><rect/></region>
<text>
<par>
<line>&amp;</line></par>
</text>
</block>
<block><region><rect/></region>
<text>
<par>
<line>r</line></par>
</text>
</block>
<block><region><rect/></region>
<text>
<par>
<line>&lt;j)</line></par>
</text>
</block>
<block><region><rect/></region>
<text>
<par>
<line>'G</line></par>
</text>
</block>
<block><region><rect/></region>
<text>
<par>
<line>0;</line></par>
</text>
</block>
<block><region><rect/></region>
<text>
<par>
<line>P)</line></par>
</text>
</block>
<block><region><rect/></region>
<text>
<par>
<line>c</line></par>
</text>
</block>
<block><region><rect/></region>
<text>
<par>
<line>O</line></par>
</text>
</block>
<block><region><rect/></region>
<text>
<par>
<line>CO</line></par>
</text>
</block>
<block><region><rect/></region>
<text>
<par>
<line>d- ®</line></par>
</text>
</block>
<block><region><rect/></region>
<text>
<par>
<line>CC</line></par>
</text>
</block>
<block><region><rect/></region>
<text>
<par>
<line>c:</line></par>
</text>
</block>
<block><region><rect/></region>
<text>
<par>
<line>(U</line></par>
</text>
</block>
<block><region><rect/></region>
<text>
<par>
<line>'Q&gt;</line></par>
</text>
</block>
<block><region><rect/></region>
<text>
<par>
<line>QJ</line></par>
</text>
</block>
<block><region><rect/></region>
<text>
<par>
<line>QJ</line></par>
</text>
</block>
<block><region><rect/></region>
<text>
<par>
<line>O</line></par>
</text>
</block>
<block><region><rect/></region>
<text>
<par/>
</text>
</block>
<block><region><rect/></region>
<text>
<par/>
</text>
</block>
<block><region><rect/></region>
<text>
<par>
<line>ifl)</line></par>
</text>
</block>
<block><region><rect/></region>
<text>
<par/>
</text>
</block>
<block><region><rect/></region>
<text>
<par>
<line>O</line></par>
</text>
</block>
<block><region><rect/></region>
<text>
<par/>
</text>
</block>
<block><region><rect/></region>
<text>
<par>
<line>.gj</line></par>
</text>
</block>
<block><region><rect/></region>
<text>
<par>
<line>&gt;o</line></par>
</text>
</block>
<block><region><rect/></region>
<text>
<par>
<line>•+«»</line></par>
</text>
</block>
<block><region><rect/></region>
<text>
<par/>
</text>
</block>
<block><region><rect/></region>
<text>
<par>
<line>O</line></par>
</text>
</block>
<block><region><rect/></region>
<text>
<par>
<line>&lt;y</line></par>
</text>
</block>
<block><region><rect/></region>
<text>
<par>
<line>'yC</line></par>
</text>
</block>
<block><region><rect/></region>
<text>
<par>
<line>O.</line></par>
</text>
</block>
<block><region><rect/></region>
<text>
<par/>
</text>
</block>
<block><region><rect/></region>
<text>
<par/>
</text>
</block>
<block><region><rect/></region>
<text>
<par/>
</text>
</block>
<block><region><rect/></region>
<text orientation="RotatedCounterclockwise">
<par>
<line>ANS</line></par>
</text>
</block>





















</page>
<page width="2496" height="3504" resolution="300">
<block><region><rect/></region>
<text>
<par>
<line>01</line></par>
</text>
</block>
<block><region><rect/></region>
<text>
<par>
<line>CH A R ï X -• p q (2:^^</line></par>
</text>
</block>
<block><region><rect/></region>
<text>
<par>
<line>Cascade du Moulin.</line></par>
<par>
<line>Site classé : 14 juin 1909.</line></par>
</text>
</block>
<block><region><rect/><rect/><rect/></region>
<text>
<par/>
</text>
</block>
<block><region><rect/></region>
<text>
<par/>
</text>
</block>
<block><region><rect/><rect/></region>
<text>
<par>
<line>HL■"ô.'i'pj i C Cil 1 iV U^i’'tSCMî\ j\L7 y f-1</line></par>
<par>
<line>Ch,ariXi 2 «\ “»K l//</line></par>
<par>
<line>K/;' /1)1111 Im CY-</line></par>
</text>
</block>
<block><region><rect/></region>
<text>
<par/>
</text>
</block>
<block><region><rect/></region>
<text>
<par>
<line>m</line></par>
</text>
</block>
<block><region><rect/></region>
<text>
<par/>
</text>
</block>
<block><region><rect/></region>
<text>
<par>
<line>5}1</line></par>
</text>
</block>
<block><region><rect/></region>
<text>
<par>
<line>832</line></par>
</text>
</block>
<block><region><rect/></region>
<text>
<par>
<line>780</line></par>
</text>
</block>
<block><region><rect/></region>
<text>
<par/>
</text>
</block>
<block><region><rect/></region>
<text>
<par/>
</text>
</block>
<block><region><rect/></region>
<text>
<par>
<line>!liS</line></par>
</text>
</block>
<block><region><rect/></region>
<text>
<par>
<line>n</line></par>
</text>
</block>
<block><region><rect/></region>
<text>
<par>
<line>la</line></par>
</text>
</block>
<block><region><rect/></region>
<text>
<par>
<line>Gfo</line></par>
</text>
</block>
<block><region><rect/></region>
<text>
<par>
<line>ur</line></par>
</text>
</block>
<block><region><rect/></region>
<text>
<par>
<line>'W !</line></par>
</text>
</block>
<block><region><rect/></region>
<text>
<par/>
</text>
</block>
<block><region><rect/></region>
<text>
<par>
<line>'M</line></par>
</text>
</block>
<block><region><rect/></region>
<text>
<par/>
</text>
</block>
<block><region><rect/></region>
<text>
<par>
<line>•tÆs</line></par>
</text>
</block>
<block><region><rect/></region>
<text>
<par/>
</text>
</block>
<block><region><rect/></region>
<text>
<par>
<line>B</line></par>
</text>
</block>
<block><region><rect/></region>
<text>
<par>
<line>far</line></par>
</text>
</block>
<block><region><rect/></region>
<text>
<par/>
</text>
</block>
<block><region><rect/></region>
<text>
<par/>
</text>
</block>
<block><region><rect/></region>
<text>
<par>
<line>ad</line></par>
</text>
</block>
<block><region><rect/></region>
<text>
<par/>
</text>
</block>
<block><region><rect/></region>
<text>
<par>
<line>1921</line></par>
</text>
</block>
<block><region><rect/></region>
<text>
<par/>
</text>
</block>
<block><region><rect/></region>
<text>
<par>
<line>•C®</line></par>
</text>
</block>
<block><region><rect/></region>
<text>
<par>
<line>920.</line></par>
</text>
</block>
<block><region><rect/></region>
<text>
<par/>
</text>
</block>
<block><region><rect/></region>
<text>
<par/>
</text>
</block>
<block><region><rect/></region>
<text>
<par>
<line>Cbmbâa</line></par>
</text>
</block>
<block><region><rect/></region>
<text>
<par>
<line>ési*âe</line></par>
</text>
</block>
<block><region><rect/></region>
<text>
<par>
<line>'4^</line></par>
</text>
</block>
<block><region><rect/></region>
<text>
<par/>
</text>
</block>
<block><region><rect/></region>
<text>
<par/>
</text>
</block>
<block><region><rect/></region>
<text>
<par/>
</text>
</block>
<block><region><rect/></region>
<text>
<par>
<line>'^4î</line></par>
</text>
</block>
<block><region><rect/></region>
<text>
<par>
<line>I</line></par>
</text>
</block>
<block><region><rect/></region>
<text>
<par>
<line>802</line></par>
</text>
</block>
<block><region><rect/></region>
<text>
<par>
<line>7S0</line></par>
</text>
</block>
<block><region><rect/></region>
<text>
<par/>
</text>
</block>
<block><region><rect/></region>
<text>
<par>
<line>'JlS</line></par>
</text>
</block>
<block><region><rect/></region>
<text>
<par>
<line>^«16</line></par>
</text>
</block>
<block><region><rect/></region>
<text>
<par>
<line>Û4t</line></par>
</text>
</block>
<block><region><rect/></region>
<text>
<par/>
</text>
</block>
<block><region><rect/></region>
<text>
<par/>
</text>
</block>
<block><region><rect/></region>
<text>
<par>
<line>es</line></par>
</text>
</block>
<block><region><rect/></region>
<text>
<par/>
</text>
</block>
<block><region><rect/></region>
<text>
<par/>
</text>
</block>
<block><region><rect/></region>
<text>
<par>
<line>i</line></par>
</text>
</block>
<block><region><rect/></region>
<text>
<par>
<line>'■fii</line></par>
</text>
</block>
<block><region><rect/></region>
<text>
<par/>
</text>
</block>
<block><region><rect/></region>
<text>
<par>
<line>trS-i</line></par>
</text>
</block>
<block><region><rect/></region>
<text>
<par>
<line>902</line></par>
</text>
</block>
<block><region><rect/></region>
<text>
<par>
<line>Î43gji</line></par>
</text>
</block>
<block><region><rect/></region>
<text>
<par>
<line>■-4760</line></par>
</text>
</block>
<block><region><rect/></region>
<text>
<par/>
</text>
</block>
<block><region><rect/></region>
<text>
<par/>
</text>
</block>
<block><region><rect/></region>
<text>
<par>
<line>m.-;</line></par>
</text>
</block>
<block><region><rect/></region>
<text>
<par>
<line>fiM</line></par>
</text>
</block>
<block><region><rect/></region>
<text>
<par/>
</text>
</block>
<block><region><rect/></region>
<text>
<par>
<line>Wa70;</line></par>
</text>
</block>
<block><region><rect/></region>
<text>
<par>
<line>U-V</line></par>
</text>
</block>
<block><region><rect/></region>
<text>
<par>
<line>724</line></par>
</text>
</block>
<block><region><rect/><rect/></region>
<text>
<par/>
</text>
</block>
<block><region><rect/></region>
<text>
<par>
<line>^tanetrt</line></par>
</text>
</block>
<block><region><rect/></region>
<text>
<par/>
</text>
</block>
<block><region><rect/></region>
<text>
<par>
<line>,»rï«RS*S</line></par>
</text>
</block>
<block><region><rect/></region>
<text>
<par/>
</text>
</block>
<block><region><rect/></region>
<text>
<par>
<line>.'S,</line></par>
</text>
</block>
<block><region><rect/></region>
<text>
<par>
<line>aurUisâ</line></par>
</text>
</block>
<block><region><rect/></region>
<text>
<par/>
</text>
</block>
<block><region><rect/><rect/><rect/></region>
<text>
<par/>
</text>
</block>
<block><region><rect/></region>
<text>
<par>
<line>/A</line></par>
</text>
</block>
<block><region><rect/></region>
<text>
<par>
<line>:*zs</line></par>
</text>
</block>
<block><region><rect/></region>
<text>
<par/>
</text>
</block>
<block><region><rect/></region>
<text>
<par/>
</text>
</block>
<block><region><rect/></region>
<text>
<par>
<line>Sc?.</line></par>
</text>
</block>
<block><region><rect/></region>
<text>
<par/>
</text>
</block>
<block><region><rect/></region>
<text>
<par>
<line>5^</line></par>
</text>
</block>
<block><region><rect/></region>
<text>
<par/>
</text>
</block>
<block><region><rect/></region>
<text>
<par>
<line>MquIJ</line></par>
</text>
</block>
<block><region><rect/></region>
<text>
<par>
<line>Ctidfu</line></par>
</text>
</block>
<block><region><rect/></region>
<text>
<par>
<line>,656</line></par>
</text>
</block>
<block><region><rect/></region>
<text>
<par>
<line>r:::&gt;&gt;v</line></par>
</text>
</block>
<block><region><rect/></region>
<text>
<par/>
</text>
</block>
<block><region><rect/></region>
<text>
<par/>
</text>
</block>
<block><region><rect/></region>
<text>
<par/>
</text>
</block>
<block><region><rect/></region>
<text>
<par/>
</text>
</block>
<block><region><rect/></region>
<text>
<par>
<line>44^</line></par>
</text>
</block>
<block><region><rect/></region>
<text>
<par/>
</text>
</block>
<block><region><rect/></region>
<text>
<par/>
</text>
</block>
<block><region><rect/></region>
<text>
<par/>
</text>
</block>
<block><region><rect/></region>
<text>
<par/>
</text>
</block>
<block><region><rect/></region>
<text>
<par>
<line>87r&gt;</line></par>
</text>
</block>
<block><region><rect/></region>
<text>
<par/>
</text>
</block>
<block><region><rect/></region>
<text>
<par/>
</text>
</block>
<block><region><rect/></region>
<text>
<par/>
</text>
</block>
<block><region><rect/></region>
<text>
<par/>
</text>
</block>
<block><region><rect/></region>
<text>
<par/>
</text>
</block>
<block><region><rect/></region>
<text>
<par>
<line>Stô</line></par>
</text>
</block>
<block><region><rect/></region>
<text>
<par>
<line>ïïÏ9==?S3</line></par>
</text>
</block>
<block><region><rect/></region>
<text>
<par>
<line>rouT^</line></par>
</text>
</block>
<block><region><rect/></region>
<text>
<par>
<line>Qrut</line></par>
</text>
</block>
<block><region><rect/></region>
<text>
<par>
<line>\-f-</line></par>
</text>
</block>
<block><region><rect/></region>
<text>
<par/>
</text>
</block>
<block><region><rect/></region>
<text>
<par>
<line>&lt;?0c</line></par>
</text>
</block>
<block><region><rect/></region>
<text>
<par>
<line>OUkî</line></par>
</text>
</block>
<block><region><rect/></region>
<text>
<par/>
</text>
</block>
<block><region><rect/></region>
<text>
<par/>
</text>
</block>
<block><region><rect/></region>
<text>
<par>
<line>m</line></par>
</text>
</block>
<block><region><rect/></region>
<text>
<par>
<line>CoTn'b</line></par>
</text>
</block>
<block><region><rect/></region>
<text>
<par/>
</text>
</block>
<block><region><rect/></region>
<text>
<par>
<line>:::788</line></par>
</text>
</block>
<block><region><rect/></region>
<text>
<par/>
</text>
</block>
<block><region><rect/></region>
<text>
<par>
<line>ft-îT</line></par>
</text>
</block>
<block><region><rect/></region>
<text>
<par>
<line>Ora-ssds-</line></par>
</text>
</block>
<block><region><rect/></region>
<text>
<par/>
</text>
</block>
<block><region><rect/></region>
<text>
<par/>
</text>
</block>
<block><region><rect/></region>
<text>
<par>
<line>mm</line></par>
</text>
</block>
<block><region><rect/></region>
<text>
<par/>
</text>
</block>
<block><region><rect/></region>
<text>
<par/>
</text>
</block>
<block><region><rect/></region>
<text>
<par>
<line>X</line></par>
</text>
</block>
<block><region><rect/></region>
<text>
<par>
<line>y80-ua^</line></par>
</text>
</block>
<block><region><rect/></region>
<text>
<par>
<line>vi.</line></par>
</text>
</block>
<block><region><rect/></region>
<text>
<par>
<line>5=e</line></par>
</text>
</block>
<block><region><rect/></region>
<text>
<par/>
</text>
</block>
<block><region><rect/></region>
<text>
<par/>
</text>
</block>
<block><region><rect/></region>
<text>
<par>
<line>K'4e&gt;.</line></par>
</text>
</block>
<block><region><rect/></region>
<text>
<par>
<line>Siq</line></par>
</text>
</block>
<block><region><rect/></region>
<text>
<par>
<line>/-a</line></par>
</text>
</block>
<block><region><rect/></region>
<text>
<par>
<line>.^ard</line></par>
</text>
</block>
<block><region><rect/></region>
<text>
<par/>
</text>
</block>
<block><region><rect/></region>
<text>
<par>
<line>9.Tt</line></par>
</text>
</block>
<block><region><rect/></region>
<text>
<par/>
</text>
</block>
<block><region><rect/></region>
<text>
<par>
<line>L</line></par>
</text>
</block>
<block><region><rect/></region>
<text>
<par>
<line>bo</line></par>
</text>
</block>
<block><region><rect/></region>
<text>
<par>
<line>il il</line></par>
</text>
</block>
<block><region><rect/></region>
<text>
<par>
<line>M</line></par>
</text>
</block>
<block><region><rect/></region>
<text>
<par>
<line>m</line></par>
</text>
</block>
<block><region><rect/></region>
<text>
<par>
<line>tr</line></par>
</text>
</block>
<block><region><rect/></region>
<text>
<par/>
</text>
</block>
<block><region><rect/></region>
<text>
<par>
<line>3^94</line></par>
</text>
</block>
<block><region><rect/></region>
<text>
<par/>
</text>
</block>
<block><region><rect/></region>
<text>
<par>
<line>'P</line></par>
</text>
</block>
<block><region><rect/></region>
<text>
<par/>
</text>
</block>
<block><region><rect/></region>
<text>
<par>
<line>Æ-i</line></par>
</text>
</block>
<block><region><rect/></region>
<text>
<par>
<line>C5&gt;</line></par>
</text>
</block>
<block><region><rect/></region>
<text>
<par/>
</text>
</block>
<block><region><rect/></region>
<text>
<par>
<line>O</line></par>
</text>
</block>
<block><region><rect/></region>
<text>
<par>
<line>-Je</line></par>
</text>
</block>
<block><region><rect/></region>
<text>
<par/>
</text>
</block>
<block><region><rect/></region>
<text>
<par>
<line>.Zt-JOSE</line></par>
</text>
</block>
<block><region><rect/></region>
<text>
<par>
<line>CT?</line></par>
</text>
</block>
<block><region><rect/></region>
<text>
<par>
<line>«sr</line></par>
</text>
</block>
<block><region><rect/></region>
<text>
<par>
<line>®,V'</line></par>
<par>
<line>i! V</line></par>
</text>
</block>
<block><region><rect/><rect/><rect/></region>
<text>
<par/>
</text>
</block>
<block><region><rect/></region>
<text>
<par>
<line>S5Jz7</line></par>
</text>
</block>
<block><region><rect/></region>
<text>
<par/>
</text>
</block>
<block><region><rect/></region>
<text>
<par>
<line>-&lt;799</line></par>
</text>
</block>
<block><region><rect/></region>
<text>
<par>
<line>(leG^Pl</line></par>
</text>
</block>
<block><region><rect/></region>
<text>
<par/>
</text>
</block>
<block><region><rect/></region>
<text>
<par/>
</text>
</block>
<block><region><rect/></region>
<text>
<par>
<line>’-idA</line></par>
</text>
</block>
<block><region><rect/></region>
<text>
<par>
<line>VL</line></par>
</text>
</block>
<block><region><rect/></region>
<text>
<par>
<line>79Q&gt;</line></par>
</text>
</block>
<block><region><rect/></region>
<text>
<par/>
</text>
</block>
<block><region><rect/></region>
<text>
<par>
<line>827</line></par>
</text>
</block>
<block><region><rect/></region>
<text>
<par>
<line>Qsï</line></par>
</text>
</block>
<block><region><rect/></region>
<text>
<par>
<line>*1^</line></par>
</text>
</block>
<block><region><rect/></region>
<text>
<par/>
</text>
</block>
<block><region><rect/></region>
<text>
<par>
<line>m</line></par>
</text>
</block>
<block><region><rect/></region>
<text>
<par>
<line>\ \ 835-./'</line></par>
</text>
</block>
<block><region><rect/><rect/><rect/></region>
<text>
<par/>
</text>
</block>
<block><region><rect/></region>
<text>
<par/>
</text>
</block>
<block><region><rect/></region>
<text>
<par>
<line>rrŸ</line></par>
</text>
</block>
<block><region><rect/><rect/></region>
<text>
<par>
<line>■y,c5,'/.xî</line>
<line>■ '0 -*»r*</line></par>
<par>
<line>A 7</line></par>
</text>
</block>
<block><region><rect/></region>
<text>
<par/>
</text>
</block>
<block><region><rect/></region>
<text>
<par>
<line>&lt;rT</line></par>
</text>
</block>
<block><region><rect/></region>
<text>
<par>
<line>•^-TJ.-</line></par>
</text>
</block>
<block><region><rect/></region>
<text>
<par/>
</text>
</block>
<block><region><rect/></region>
<text>
<par/>
</text>
</block>
<block><region><rect/></region>
<text>
<par/>
</text>
</block>
<block><region><rect/></region>
<text>
<par>
<line>C«rn4ty^tltt</line></par>
</text>
</block>
<block><region><rect/></region>
<text>
<par>
<line>J</line></par>
</text>
</block>
<block><region><rect/></region>
<text>
<par>
<line>848</line></par>
</text>
</block>
<block><region><rect/></region>
<text>
<par>
<line>n I./</line></par>
</text>
</block>
<block><region><rect/></region>
<text>
<par>
<line>816V*</line></par>
</text>
</block>
<block><region><rect/></region>
<text>
<par>
<line>9.810</line></par>
</text>
</block>
<block><region><rect/></region>
<text>
<par/>
</text>
</block>
<block><region><rect/></region>
<text>
<par/>
</text>
</block>
<block><region><rect/></region>
<text>
<par/>
</text>
</block>
<block><region><rect/></region>
<text>
<par>
<line>® 4V('</line></par>
</text>
</block>
<block><region><rect/></region>
<text>
<par>
<line>iC&gt;</line></par>
</text>
</block>
<block><region><rect/></region>
<text>
<par>
<line>'Ü-.</line></par>
</text>
</block>
<block><region><rect/></region>
<text>
<par>
<line>U</line></par>
</text>
</block>
<block><region><rect/></region>
<text>
<par>
<line>Ht.V.7</line></par>
</text>
</block>
<block><region><rect/></region>
<text>
<par/>
</text>
</block>
<block><region><rect/></region>
<text>
<par>
<line>JGN 3229 Est NANTUA -1 /25 000</line></par>
</text>
</block>


























































</page>
</AC2>