<?xml version="1.0" encoding="UTF-8"?><AC2>
<page width="2479" height="3508" resolution="300">
<block><region><rect/></region>
<text>
<par>
<line>REPUBLIQUE FRANÇAISE</line></par>
</text>
</block>
<block><region><rect/></region>
<text>
<par/>
</text>
</block>
<block><region><rect/></region>
<text>
<par>
<line>0</line></par>
</text>
</block>
<block><region><rect/></region>
<text>
<par/>
</text>
</block>
<block><region><rect/></region>
<text>
<par/>
</text>
</block>
<block><region><rect/></region>
<text>
<par>
<line>A:</line></par>
</text>
</block>
<block><region><rect/></region>
<text>
<par>
<line>##ISTE</line></par>
</text>
</block>
<block><region><rect/></region>
<text>
<par>
<line>D</line></par>
</text>
</block>
<block><region><rect/></region>
<text>
<par>
<line>eut</line></par>
</text>
</block>
<block><region><rect/></region>
<text>
<par>
<line>mCap Hor</line></par>
</text>
</block>
<block><region><rect/></region>
<text>
<par>
<line>S</line></par>
</text>
</block>
<block><region><rect/><rect/><rect/><rect/><rect/></region>
<text>
<par>
<line>fé. #</line></par>
<par>
<line>-S'</line></par>
<par>
<line>r#:'</line></par>
<par>
<line>#.c:'</line></par>
</text>
</block>
<block><region><rect/><rect/></region>
<text>
<par>
<line>L’ECOLOGIE ET DU DEVELOPPEMENT DURABLE</line></par>
</text>
</block>
<block><region><rect/></region>
<text>
<par>
<line>DECRET©^ 2 4 JUIL. 2006</line></par>
</text>
</block>
<block><region><rect/><rect/><rect/></region>
<text>
<par>
<line>P^mi les sites du département de la Somme de l’ensemble formé par</line>
<line>pÆite du Hourdel et Festran adjacent, sur le territoire des communes</line>
<line>t-Valery-sur-Somme, Cayeux-sur-Mer, Lanchères et Pendé</line></par>
</text>
</block>
<block><region><rect/><rect/></region>
<text>
<par>
<line>A:^crgtan^</line></par>
<par>
<line>Le Premier ministre.</line></par>
</text>
</block>
<block blockType="Table" blockName="" l="688" t="877" r="1739" b="1013"><region><rect/></region>
<row>
<cell width="258" height="136">
<text>
<par>
<line>MOH :</line></par>
</text></cell>
<cell rightBorder="White" width="219" height="136">
<text>
<par/>
</text></cell>
<cell leftBorder="White" width="167" height="136">
<text>
<par>
<line>^ 06</line></par>
</text></cell>
<cell rightBorder="White" width="168" height="136">
<text>
<par>
<line>/&lt;|oc</line></par>
</text></cell>
<cell leftBorder="White" width="239" height="136">
<text>
<par/>
</text></cell></row>
</block>
<block><region><rect/></region>
<text>
<par>
<line>SUR le rapport de la ministre de l'écologie et du développement durable,</line></par>
<par>
<line>VU le code de l'envirormement, notamment ses articles L.341-1 à L.341-6, R.341-4 et</line>
<line>R.34L5 ;</line></par>
<par>
<line>VU l’arrêté du ministre d’Etat chargé des affaires culturelles, en date du 26 juillet 1965,</line>
<line>portant inscription sur l’inventaire des sites pittoresques du département de la Somme de</line>
<line>l’ensemble formé par l’agglomération de Saint-Valery-sur-Somme, le Cap Homu et leurs</line>
<line>abords ;</line></par>
</text>
</block>
<block><region><rect/></region>
<text>
<par>
<line>VU l’arrêté du ministre de la qualité de la vie et du secrétaire d’Etat à la culture, en date du 20</line>
<line>janvier 1975, portant inscription sur l’mventaire des sites pittoresques du département de la</line>
<line>Somme de l’ensemble formé sur les connnunes de Boismont, Brutelles, Cayeux-sur-Mer, Le</line>
<line>Crotoy, Favières, Fort-Mahon-Plage, Lanchèrés, Noyelles-sur-Mer, Pendé, Ponthoile, Quend,</line>
<line>Saint-Quentin-en-Tourmont et Woignarue par trois secteurs situés sur la baie de la Somme ;</line></par>
<par>
<line>VU les résultats de l'enquête administrative, prescrite par arrêté préfectoral en date du</line>
<line>2 décembre 2003, qui s'est déroulée du 19 janvier au 17 février 2004, notamment l'absence de</line>
<line>consentement des propriétaires ;</line></par>
<par>
<line>VU la délibération du conseil mrmicipal de Cayeux-sur-Mer, en date du 20 février 2004 ;</line></par>
<par>
<line>VU la délibération du conseil municipal de Saint-Valery-sm-Somme, en date du 8 avril 2004 ;</line></par>
<par>
<line>VU la délibération du conseil municipal de Pendé, en date du 30 juin 2004 ;</line></par>
<par>
<line>VU les avis émis par la commission départementale des sites, perspectives et paysages de la</line>
<line>Somme, en date des 16 janvier et 9 juillet 2004 ;</line></par>
<par>
<line>VU l'avis émis par la Commission supérieure des sites, perspectives et paysages, en date du</line>
<line>21 octobre 2004 ;</line></par>
</text>
</block>
<block><region><rect/></region>
<text>
<par>
<line>J.O.N" 1 7 1 DU 2 6 JÜÎL. 2006</line></par>
</text>
</block>










</page>
<page width="2479" height="3508" resolution="300">
<block><region><rect/></region>
<text>
<par>
<line>2</line></par>
</text>
</block>
<block><region><rect/></region>
<text>
<par>
<line>VU l’avis émis par le ministre des transports, de l’équipement, du tourisme et de la mer, en</line>
<line>date du 8 juillet 2005 ;</line></par>
<par>
<line>VU l'avis émis par le ministre délégué au budget et à la réforme budgétaire, porte-parole, du</line>
<line>Gouvernement, en date du 8 mars 2005 ;</line></par>
<par>
<line>Le Conseil d'Etat (section des travaux publics) entendu ;</line></par>
<par>
<line>CONSIDERANT que la préservation de l'ensemble formé par le Cap Homu, la pointe du</line>
<line>Hourdel, et Testran adjacent, sur le territoire des communes de Saint-Valery-sur-Somme,</line>
<line>Cayeux-sur-Mer, Lanchères et Pendé, présente, en raison de son caractère pittoresque, im</line>
<line>intérêt général au sens de l'article L.341-1 du code de l'environnement,</line></par>
</text>
</block>
<block><region><rect/></region>
<text>
<par>
<line>DECRETE</line></par>
</text>
</block>
<block><region><rect/></region>
<text>
<par>
<line>Article l®*". Est classé parmi les sites du département de la Somme, sur le territoire des</line>
<line>commîmes de Cayeux-sur-Mer, Lanchères, Pendé et Saint-Valery-sur-Somme, l'ensemble</line>
<line>formé par le Cap Homu, la pointe du Hourdel et Testran adjacent, d'une superficie de 3.040</line>
<line>hectares environ, donLL793 correspondant au domaine public maritime, délimité comme suit,</line>
<line>conformément à la carte au l/25.000ème et aux plans cadastraux annexés au présent décret,</line>
<line>en allant dans le sens des aiguilles d'une montre :</line></par>
<par>
<line>COMMUNE DE SAINT-VALERY-SUR-SOMME :</line></par>
<par>
<line>SECTION AB</line></par>
<par>
<line>Point de départ : T angle sud-ouest de la parcelle n'^ 3a ;</line></par>
<par>
<line>- la limite ouest de la parcelle n° DP 1 ;</line></par>
<par>
<line>- le tireté parallèle à la limite ouest de la parcelle n° 1, et joignant T angle sud-ouest de la</line>
<line>parcelle n° DP 1 à Tangle nord de la parcelle n° 378 (partie sud du quai Jeanne d’Arc) ;</line></par>
<par>
<line>- la limite est de la parcelle n° 378 ;</line></par>
<par>
<line>- les limites nord et est de la parcelle n° 379 ;</line></par>
<par>
<line>- les limites est, sud et ouest de la parcelle n° ,378 ;</line></par>
<par>
<line>- la limite sud des parcelles n° 374, 373, 370, 369, 366, 364, 363, 360, 359, 356, 355, 345,</line></par>
<par>
<line>344, 437, 340, 333, 332 et 328 ;</line></par>
<par>
<line>- les limites est et sud de la parcelle n° 508 ;</line></par>
<par>
<line>- les limites sud et ouest de la parcelle n° 507 ;</line></par>
<par>
<line>- la limite ouest de la parcelle n° 508 ;</line></par>
<par>
<line>- la limite sud de la parcelle n° 417 ;</line></par>
<par>
<line>- les limites sud et ouest de la parcelle n° 497 ;</line></par>
<par>
<line>- la rive sud du chemin dit Chaussée du Cap Homu, jusqu’à la limite entre la section AB et la</line>
<line>section AW ;</line></par>
<par>
<line>- la limite entre la section AB et la section AW ;</line></par>
<par>
<line>- la limite nord-est de la parcelle n° 289 ;</line></par>
<par>
<line>- la traversée du chemin de la Fosse ;</line></par>
<par>
<line>- la limite sud de la parcelle n° 465 ;</line></par>
<par>
<line>- la limite entre la section AB et la section AW ;</line></par>
<par>
<line>- la limite est de la parcelle n° 283 ;</line></par>
</text>
</block>

</page>
<page width="2485" height="3513" resolution="300">
<block><region><rect/></region>
<text>
<par>
<line>3</line></par>
</text>
</block>
<block><region><rect/></region>
<text>
<par>
<line>- la traversée de la rue de la Chapelle ;</line></par>
<par>
<line>- la limite est des parcelles n° 462 et 280 ;</line></par>
<par>
<line>- la traversée de la rue de la Chapelle ;</line></par>
<par>
<line>- la rive sud de la rue de la Chapelle, jusqu’à son intersection avec la rue de la Garenne (Place</line>
<line>Saint Benoît).</line></par>
<par>
<line>SECTION AC</line></par>
<par>
<line>- La rive ouest de la rue de la Garenne ;</line></par>
<par>
<line>- la voie commimale dite de la Sablière ;</line></par>
<par>
<line>- la limite entre la parcelle n° 20 et la parcelle n° 19 ;</line></par>
<par>
<line>- la voie communale dite de la Sablière, jusqu’à la limite entre la section AC et la section AW.</line>
<line>SECTION AW</line></par>
<par>
<line>- La limite entre la section AW et la section AC ;</line></par>
<par>
<line>- la limite entre la parcelle n° 164 et la parcelle n° 163 ;</line></par>
<par>
<line>- la rive nord de la voie communale dite de la Sablière, jusqu’à l’angle sud de la parcelle</line>
<line>n°36.</line></par>
<par>
<line>SECTION AC</line></par>
<par>
<line>- La traversée de la voie communale dite de la Sablière ;</line></par>
<par>
<line>- la limite est de la parcelle n° 12 ;</line></par>
<par>
<line>- la limite sud de la parcelle n° 12, jusqu’à im point situé au droit de la limite entre la section</line>
<line>AC et la section AV.</line></par>
<par>
<line>SECTION AV</line></par>
<par>
<line>- La traversée de la route départementale n° 3, du Havre à Dunkerque et en Belgique par la</line>
<line>Côte ;</line></par>
<par>
<line>- la limite entre la section AV et la section AC ;</line></par>
<par>
<line>- la limite est des parcelles n° 89, 87 à 79 et 73 ;</line></par>
<par>
<line>- la limite nord des parcelles n° 101 et 240 ;</line></par>
<par>
<line>- la rive nord-ouest de la route départementale n° 2, de Saint-Valery-sur-Somme à Incheville,</line>
<line>jusqu’à son intersection avec les emprises du chemin de fer de Saint-Valery-sm-Somme à</line>
<line>Cayenx-sur-Mer ;</line></par>
<par>
<line>- la rive sUd des emprises du chemin de fer de Saint-Valery-sur-Somme à Cayeux-sur-Mer,</line>
<line>jusqu’à un point situé dans le prolongement de la limite entre les parcelles n° 21 et 20 ;</line></par>
<par>
<line>- la limite sud de la parcelle n° 21 ;</line></par>
<par>
<line>- la limite entre la commune de Saint-Valery-sur-Somme et la commune de Pendé.</line></par>
</text>
</block>
<block><region><rect/></region>
<text>
<par>
<line>COMMUNE DE PENDÉ</line>
<line>SECTION ZB</line></par>
<par>
<line>- La limite sud-ouest de la parcelle n° 6 ;</line></par>
<par>
<line>- la rive nord-ouest du chemin rural dit Ancien Chemin de Saint-Valery-sur-Somme à</line>
<line>Routhiauville.</line></par>
</text>
</block>
</page>
<page width="2479" height="3508" resolution="300">
<block><region><rect/></region>
<text>
<par>
<line>4</line></par>
</text>
</block>
<block><region><rect/></region>
<text>
<par>
<line>SECTION Al</line></par>
<par>
<line>- Les limites sud-est et sud-ouest de la parcelle n° 149 ;</line></par>
<par>
<line>- la limite sud-est de la parcelle n° 152 ;</line></par>
<par>
<line>- les limites sud-est et sud-ouest de la parcelle n° 341 ;</line></par>
<par>
<line>- ime ligne droite fictive reliant l’angle sud de la parcelle n° 373 à l’angle est de la parcelle</line>
<line>n° 154 ;</line></par>
<par>
<line>- les limites nord-est, nord-ouest et sud-ouest de la parcelle n° 154 ;</line></par>
<par>
<line>- le chemin rural dit Chausséette ;</line></par>
<par>
<line>- le chemin rural dit du Diable ;</line></par>
<par>
<line>- la limite sud-ouest des parcelles n° 167, 163, 169 et 170 ;</line></par>
<par>
<line>- ,1a limite sud-est des parcelles n° 586, 588, 572 et 571 ;</line></par>
<par>
<line>- la limite sud-ouest de la parcelle n° 571 ;</line></par>
<par>
<line>- la traversée de la route départementale n° 940, du Havre à Dmkerque ;</line></par>
<par>
<line>- la rive nord-ouest de la route départementale n° 940, du Havre! Dunkerque.</line></par>
<par>
<line>SECTION ZA</line></par>
<par>
<line>La limite sud-ouest de la parcelle n° 63.</line></par>
<par>
<line>SECTION B1</line></par>
<par>
<line>- L’axe du chemin rural dit de la Malassise, jusqu’à la limite entre la commune de Pendé et la</line>
<line>commxme de Lanchères ;</line></par>
<par>
<line>- la limite entre la commxme de Pendé et la commune de Lanchères.</line></par>
</text>
</block>
<block><region><rect/></region>
<text>
<par>
<line>COMMUNE IDE LANCHÈRES</line>
<line>SECTION A2</line></par>
<par>
<line>- L’axe du chemin rural dit Chaussée de la Mollière, jusqu’à la limite entre la commxme de</line>
<line>Lanchères et la commxme de Cayeux-sxrr-Mer.</line></par>
</text>
</block>
<block><region><rect/></region>
<text>
<par>
<line>COMMUNE DE CAYEUX-SUR-MER</line>
<line>SECTION B1</line></par>
<par>
<line>- L’axe du chemin rxxral de la Mollière à Saint-Valery-sxxr-Somme, jusqu’à son intersection</line>
<line>avec le chemin rural dit des Petites Recousses ;</line></par>
<par>
<line>- Taxe du chemin rxxral dit des Petites Recousses, jusqu’à l’angle sud de la parcelle n° 749 ;</line></par>
<par>
<line>- la limite sud-ouest de la parcelle n° 749.</line></par>
<par>
<line>SECTION A4</line></par>
<par>
<line>- Les limites sud-est, nord-est et nord-ouest de la parcelle n° 661 ;</line></par>
<par>
<line>- la traversée du chemin rural d’exploitation ;</line></par>
<par>
<line>- la rive est du chemin rural dit Chaussée de la Mollière à Saint-Valery-sxxr-Somme, jusqu’à la</line>
<line>limite entre la section A4 et la section AL.</line></par>
</text>
</block>
</page>
<page width="2495" height="3519" resolution="300">
<block><region><rect/></region>
<text>
<par>
<line>5</line></par>
</text>
</block>
<block><region><rect/></region>
<text>
<par>
<line>SECTION AL</line></par>
<par>
<line>- La rive nord-est de la rue de la Mollière d’Aval ;</line></par>
<par>
<line>- Taxe de la route départementale n° 3, de Cayeux-sur-Mer à Saint-Valery-sur-Somme ;</line></par>
<par>
<line>- la limite entre la section AL et la section A4.</line></par>
<par>
<line>TABLEAU d’ASSEMBLAGE</line></par>
<par>
<line>- La limite entre la section AK et la section A4.</line></par>
<par>
<line>SECTION AH</line></par>
<par>
<line>- La rive nord de la rue Faidherbe, jusqu’à son intersection avec la route départementale</line>
<line>n°102, de Brutelles au Hourdel ;</line></par>
<par>
<line>- la rive nord de la Route Blanche (limite de la Manche).</line></par>
<par>
<line>TABLEAU d’ASSEMBLAGE</line></par>
<par>
<line>- La rive nord de la.rue du Général Leclerc (route départementale n° 102), jusqu’à la limite</line>
<line>entre la section AB et la section AA ;</line></par>
<par>
<line>- la limite entre la section AB et la section AA, jusqu’à la Manche (limite du domaine public</line>
<line>maritime).</line></par>
</text>
</block>
<block><region><rect/></region>
<text>
<par>
<line>COMMUNES de CAYEUX-SUR-MER, de LANCHÈRES, de PENDE et de SAINT-</line>
<line>VALERY-SUR-SOMME</line></par>
<par>
<line>La limite du domaine public maritime, jusqu’au point de départ.</line></par>
<par>
<line>Article 2. Est également classé le domaine public maritime jouxtant les parties terrestres</line>
<line>définies à l’article 1er, à l’intérieur du périmètre ci-après défini (toujours dans le sens des</line>
<line>aiguilles d’une montre) :</line></par>
<par>
<line>- Une ligne droite fictive prolongeant vers le large la limite entre la section AB et la section</line>
<line>AA de la commune de Cayeux-sur-Mer, et rejoignant l’isobathe 0 ;</line></par>
<par>
<line>- l’isobathe 0, en allant vers le nord, jusqu’à la limite nord du chenal de la Somme ;</line></par>
<par>
<line>- la limite nord du chenal de la Somme, en remontant son cours, jusqu’au droit de l’angle nord</line>
<line>du quai Jeanne d’Arc, à Saint-Valery-sur-Somme ;</line></par>
<par>
<line>- une ligne droite fictive joignant le point précédemment atteint à l’angle sud-ouest de la</line>
<line>parcelle n° 3 a de la section AB, sur la commüne de Saint-Valery-sur-Somme (point de départ</line>
<line>du périmètre terrestre).</line></par>
<par>
<line>Article 3. L’arrêté du ministre d’Etat chargé des affaires culturelles, en date du 26 juillet</line>
<line>1965, portant inscription sur l’inventaire des sites pittoresques du département de la Somme</line>
<line>de l’ensemble formé par l’agglomération de Saint-Valery-sur-Somme, le Cap Homu et leurs</line>
<line>abords, et l’arrêté du ministre de la qualité de la vie et du secrétaire d’Etat à la culture, en date</line>
<line>du 20 janvier 1975, portant inscription sur l’inventaire des sites pittoresques du département</line>
<line>de la Somme de l’ensemble formé sur les communes de Boismont, Brutelles, Cayeux-sur-</line>
<line>Mer, Le Crotoy, Favières, Fort-Mahon-Plage, Lanchères, Noyelles-sur-Mer, Pendé, Ponthoile,</line>
<line>Quend, Saint-Quentin-en-Tourmont et Woignarue par trois secteurs situés sur la baie de la</line>
<line>Somme, sont abrogés en tant qu’ils concernent le site classé par le présent décret.</line></par>
</text>
</block>
</page>
<page width="2485" height="3512" resolution="300">
<block><region><rect/></region>
<text>
<par>
<line>6</line></par>
</text>
</block>
<block><region><rect/></region>
<text>
<par>
<line>Article 4. Le présent décret sera notifié au préfet de la Somme et aux maires de Cayeux-sur-</line>
<line>Mer, Lanchères, Pendé et Saint-Valery-sur-Somme.</line></par>
<par>
<line>Article 5. Le présent décret, la carte au l/25.000ème et les plans cadastraux annexés pourront</line>
<line>être consultés à la préfecture de la Somme et aux mairies de Cayeux-sur-Mer, Lanchères,</line>
<line>Pendé et Saint-Valery-sur-Somme.</line></par>
<par>
<line>Article 6. La ministre de l’écologie et du développement durable est chargée de l’exécution</line>
<line>du présent décret, qui sera publié au Journal officiel de la République française.</line></par>
<par>
<line>Fait à Paris, le 2 4 JUiL 2006</line></par>
</text>
</block>
<block><region><rect/></region>
<text>
<par>
<line>Dominique de VILLEPIN</line>
<line>Par le Premier ministre :</line></par>
</text>
</block>
<block><region><rect/></region>
<text>
<par>
<line>La ministre de l’écologie et du développement durable.</line></par>
</text>
</block>
<block><region><rect/></region>
<text>
<par>
<line>Meily OLIN</line></par>
</text>
</block>
</page>
</AC2>