<?xml version="1.0" encoding="UTF-8"?><AC2>
<page width="2479" height="3508" resolution="300">
<block><region><rect/></region>
<text>
<par>
<line>REPUBLIQUE FRANÇAISE</line></par>
</text>
</block>
<block><region><rect/></region>
<text>
<par>
<line>MINISTERE DE L'ENVIRONNEMENT</line>
<line>Direction de l'Urbanisme et des Paysages</line></par>
<par>
<line>Arrêté du 09 juillet 1982</line></par>
<par>
<line>portant inscription sur la liste des sites présentant un intérêt</line>
<line>artistique, historique, scientifique, légendaire ou pittoresque</line>
<line>de la COLLINE DE BOURDA</line></par>
</text>
</block>
<block><region><rect/></region>
<text>
<par>
<line>Le Mini stre de l'E nvi ronnement,</line></par>
<par>
<line>VU la loi du 2 mai 1930 réorganisant la protection des monuments naturels et des sites de caractère artistique,</line>
<line>historique, scientifique, légendaire ou pittoresque, modifiée par la loi n° 67.1174 du 28 décembre 1967 ;</line></par>
<par>
<line>VU le décret n° 69.607 du 13 juin 1969 portant application des articles 4 et 5.1 de la loi du 2 mai 1930 sur la</line>
<line>protection des sites ;</line></par>
<par>
<line>VU le décret n° 70.288 du 31 mars 1970 relatif à la composition et au fonctionnement des commissions</line>
<line>départementales et supérieure des sites ;</line></par>
<par>
<line>CONSIDERANT que l'ensemble formé sur la commune de Cayenne (Guyane) par la colline de Bourda constitue un</line>
<line>site de caractère pittoresque dont la préservation revêt un caractère d'intérêt général au sens de l'article 4 de la loi du 2</line>
<line>mai 1930 ;</line></par>
<par>
<line>VU l'avis émis le 12 j anvi er 1979 par le maire de la vill e de Cayenne ;</line></par>
<par>
<line>VU les délibérations du 16 décembre 1977,du 6 juin 1979, du 21 mai 1981 de la commission départementale des sites,</line>
<line>perspectives et paysages du département de la Guyane ;</line></par>
<par>
<line>ARRÊTE :</line></par>
</text>
</block>
<block><region><rect/></region>
<text>
<par>
<line>Article ler</line></par>
<par>
<line>Est inscrit sur l'inventaire des sites pittoresques du département de la Guyane l'ensemble formé sur la commune de</line>
<line>CAYENNE, par la colline de B ourda et délimi té comme suit, dans l e sens des aiguilles d'une montre conformément au</line>
<line>plan annexé au présent arrêté :</line></par>
<par>
<line>Section BM du cadastre :</line></par>
</text>
</block>
<block><region><rect/></region>
<text>
<par>
<line>au Nord et à l'Est :</line></par>
<par>
<line>• le littoral depuis son intersection avec la limite des sections BM/BL jusqu'au côté sud de la parcelle 202.</line>
<line>au Sud :</line></par>
<par>
<line>• les limites Sud des parcelles 202, 213,</line></par>
<par>
<line>• le côté Nord du C.D. 4 dit de Bourda.</line></par>
<par>
<line>à l'Ouest :</line></par>
<par>
<line>• les limites Ouest des parcelles 91 b et a,</line></par>
<par>
<line>• la limite Sud de la parcelle 97,</line></par>
<par>
<line>• la limite Ouest des parcelles 98 et 99,</line></par>
<par>
<line>• la limite des sections BM/BL jusqu'au littoral (point de départ).</line></par>
<par>
<line>Article 2</line></par>
<par>
<line>Le présent arrêté sera notifié au Commissaire de la République de la région GUYANE, Commissaire de la République</line>
<line>de la GUYANE, au Maire de la commune de CAYENNE qui seront responsables, chacun en ce qui le concerne, de</line>
<line>son exécution.</line></par>
<par>
<line>Fait à PARIS, le 09 juillet 1982</line></par>
<par>
<line>Pour le Mini stre et par dél égati on</line></par>
<par>
<line>Pour le Di recteur de l'Urbanisme et des Paysages</line></par>
<par>
<line>Le Chef du Service de l'Espace et des Sites</line></par>
<par>
<line>L. CHABASON</line></par>
</text>
</block>
<block><region><rect/></region>
<text>
<par>
<line>DIREN Guyane - 25/10/12 - Fac similé, le document original est disponible au recueil des actes administratifs du département.</line></par>
</text>
</block>

</page>
</AC2>