<?xml version="1.0" encoding="UTF-8"?><AC2>
<page width="3314" height="4684" resolution="400">
<block><region><rect/></region>
<text>
<par>
<line>Ministère d®Btat</line>
<line>Affaires Culturelles</line></par>
</text>
</block>
<block><region><rect/></region>
<text>
<par>
<line>REPUBLIQUE FRANÇAISE</line></par>
</text>
</block>
<block><region><rect/></region>
<text>
<par>
<line>ARCHITECTURE</line></par>
</text>
</block>
<block><region><rect/></region>
<text>
<par>
<line>ARRETE</line></par>
</text>
</block>
<block><region><rect/></region>
<text>
<par>
<line>Le Ministre d’Etat chargé des</line>
<line>Affaires Culturelles</line></par>
</text>
</block>
<block><region><rect/></region>
<text>
<par>
<line>VU la loi du 2 mai 1930 réorganisant la protection des Monu¬</line>
<line>ments Haturels et des Sites de caractère artistique</line>
<line>historique, scientifique, légendaire ou pittoresque et</line>
<line>notamment l’article 8 ;</line></par>
<par>
<line>VU la loi du 12 avril 1943 portant règlementation de la pu¬</line>
<line>blicité et des enseignes et notamment les articles 5 et 9;</line></par>
<par>
<line>VU le décret du 3 février 1959 relatif aux attributions du</line>
<line>Ministre d'Etat ;</line></par>
<par>
<line>VU le décret du 24 juillet 1959 portant organisation du îÆi-</line>
<line>nistère chargé des Affaires Culturelles ;</line></par>
<par>
<line>VU le décret du I8 mars I960 portant âpplication du décret</line>
<line>du 7 février 1959 relatif au camping et notamment les ar¬</line>
<line>ticles 2 et 6 ;</line></par>
<par>
<line>VU l'avis émis par la Commission Lépartementalo des Sites,</line>
<line>Perspectives et Paysages de l'Oise dans Sci séance du 24</line>
<line>septembre I960 ;</line></par>
<par>
<line>VU l'adhésion au classement donnée le 21 octobre 1959 par la</line>
<line>Société d'encouragement pour l'amélioration des races de</line>
<line>chevaux en France, propriétaire ;</line></par>
<par>
<line>ARRETES</line></par>
<par>
<line>Article 1er - Est classé parmi les Sites pittoresques du</line></par>
<par>
<line>département de l'Oi^se le Lomaine des Aigles situé sur la</line></par>
<par>
<line>commune de GOUVIEÜX, tel qu'il est délimité sur le plan joint</line></par>
<par>
<line>au présent arreté.</line></par>
</text>
</block>








</page>
<page width="3331" height="4696" resolution="400">
<block><region><rect/></region>
<text>
<par>
<line>Article 2 - Le présent arrêté sera notifié au Préfet de</line>
<line>l'Oise^ au Maire de la Commune de GOUVIEUX et au propriétai</line>
<line>intéressé, qui seront resioonsables, chacun en ce qui le con</line>
<line>cerne, de son exécution*</line></par>
<par>
<line>Article 3 - Il sera transcrit au bureau des hypothèques de</line>
<line>la situation du site classé*</line></par>
</text>
</block>
<block><region><rect/></region>
<text>
<par>
<line>Fait à Paris, le 28 décembre I960*</line></par>
<par>
<line>Pourile Ministre et par délégation</line>
<line>Le Directeur du Cabinet</line></par>
</text>
</block>
<block><region><rect/></region>
<text>
<par>
<line>Pour ampliation</line>
<line>l’Administrateur Civil</line>
<line>chargé des Sites</line></par>
</text>
</block>
<block><region><rect/></region>
<text>
<par>
<line>Signé s G. LOUBET</line></par>
</text>
</block>
<block><region><rect/></region>
<text>
<par>
<line>F* SORLIN</line></par>
</text>
</block>




</page>
<page width="4081" height="2885" resolution="349">
<block><region><rect/></region>
<text>
<par>
<line>22 GOUVIEUX</line></par>
<par>
<line>DOMAINE DES AIGLES</line></par>
</text>
</block>
<block><region><rect/><rect/></region>
<text>
<par>
<line>site Classe : 28 décembre 1960</line></par>
<par>
<line>INVENTAIRE DES SITES DE PICARDIE</line>
<line>CARTOGRAPHIE DIREN 1895</line></par>
</text>
</block>
<block><region><rect/></region>
<text>
<par>
<line>SECTION AV</line></par>
<par>
<line>parceUes n*1'^2-4-5-6-47-'</line></par>
</text>
</block>
<block><region><rect/></region>
<text>
<par>
<line>ECHELLE 1 «000</line></par>
</text>
</block>
<block><region><rect/></region>
<text>
<par>
<line>OISE</line></par>
</text>
</block>
<block><region><rect/></region>
<text>
<par>
<line>73 -74 - 75</line></par>
</text>
</block>
<block><region><rect/></region>
<text>
<par>
<line>SECTION AW</line></par>
<par>
<line>parcelles n‘ 12 ~ 13 - 20 - 29 - 30 - 31 - 32 -33 - 34 - 35 -36 -37</line>
<line>SECTION AX</line></par>
<par>
<line>parcelles n* 1-2-3-4-5-6-7-0-9-10 -11 -12</line></par>
</text>
</block>
<block><region><rect/></region>
<text>
<par>
<line>DIRECTION HEOIONALE DE</line>
<line>I. ENVIRONNEMENT DE PICARDIE.</line></par>
</text>
</block>






</page>
</AC2>