<?xml version="1.0" encoding="UTF-8"?><AC2>
<page width="2942" height="4113" resolution="350">
<block><region><rect/></region>
<text orientation="RotatedCounterclockwise">
<par>
<line>Î54-385-J. 4740-.SSi ]5!S4</line></par>
</text>
</block>
<block><region><rect/></region>
<text>
<par>
<line>FINISTÈRE</line></par>
<par>
<line>DE L’EDUCATION</line>
<line>NATIONALE.</line></par>
</text>
</block>
<block><region><rect/></region>
<text>
<par>
<line>HEPUBLJQUE FRANÇAISE.</line></par>
</text>
</block>
<block><region><rect/></region>
<text>
<par>
<line>f</line></par>
</text>
</block>
<block><region><rect/></region>
<text>
<par>
<line>ARRÊTÉ.</line></par>
</text>
</block>
<block><region><rect/></region>
<text>
<par>
<line>* ^ai&gt;«fHient &lt;îe Sites.</line></par>
<par>
<line>l'.E .MlvîSTHE de »,Tl)l!CATrON NATIOS^IE,</line></par>
<par>
<line>Vu ia loi du 3 ruai idSo réorganisant la protection des monuments</line>
<line>naturels eî d- s sites de raraclère .artistupn- historique. âciojitiQque, légendaire</line>
<line>ou pittoresque;</line></par>
<par>
<line>Vu i’iivis émis par ia Comniissii ur département aïe des monuments naturels</line>
<line>et des silc.s dans sa séance du H9 j uillet l£ 38</line></par>
<par>
<line>Vu f’adhésîon en date &lt;lo gl soût 1938 donnée psr la Oonaail</line>
<line>L'uni ci psi de Vel d* Isère</line></par>
</text>
</block>
<block><region><rect/></region>
<text>
<par>
<line>BEAÊX-ARTS.</line></par>
<par>
<line>c/</line></par>
<par>
<line>HOSCMESTS lUSTORIQCKS,</line>
<line>rOl’ll,LE.S lïT StTïS.</line></par>
</text>
</block>
<block><region><rect/></region>
<text>
<par>
<line>T. SVP</line></par>
</text>
</block>






</page>
<page width="2873" height="4065" resolution="350">
<block><region><rect/></region>
<text>
<par>
<line>4RRÉTK *</line></par>
</text>
</block>
<block><region><rect/></region>
<text>
<par>
<line>ARTICLE PREMIER.</line></par>
<par>
<line>Une zone de 200 mètres de rs^/on entour de 1 ^emplecernent fixé</line>
<line>pour la pose d^une t&amp;ble d’oriantstlon au Belvédère, commune de</line>
<line>Vel d’Isère (Savoie) à proximité du Col de l’Iseraii,</line></par>
</text>
</block>
<block><region><rect/></region>
<text>
<par>
<line>est dasse© parmi Jcs sites et monuments naturels de caractère</line></par>
<par>
<line>artisticpie, historique, scientifique, légendaire ou pittoresque.</line></par>
<par>
<line>ART. ‘i.</line></par>
<par>
<line>Le présent arrêté sera notifié au Pféiét du département de le Sfevolô et su J^'aire</line>
<line>de Val d’iaère</line></par>
<par>
<line>qui seront responsaliles, chacun en ce qui le concerne, de son exécution.</line></par>
<par>
<line>ART. 3.</line></par>
<par>
<line>Il sera transcrit au Bureau des hypothèques do ia situation di site olsssé</line></par>
<par>
<line>^2A3’i!T193S</line></par>
<par>
<line>p^[iKMÉOammiifi6iafi6Mg;ltxxKJÊm .-</line></par>
<par>
<line>x/3Ë:!£3Bj3f;Geâe^j^^</line></par>
</text>
</block>

</page>
</AC2>