<?xml version="1.0" encoding="UTF-8"?><AC2>
<page width="2479" height="3508" resolution="300">
<block blockType="Table" blockName="" l="236" t="236" r="2245" b="1250"><region><rect/></region>
<row>
<cell width="484" height="139">
<text>
<par>
<line>Libellé publié au</line>
<line>Journal Officiel</line></par>
</text></cell>
<cell width="1525" height="139">
<text>
<par>
<line>Ancien cimetière entourant l'église - 28 décembre 1936</line></par>
</text></cell></row>
<row>
<cell width="484" height="80">
<text>
<par>
<line>Commune</line></par>
</text></cell>
<cell width="1525" height="80">
<text>
<par>
<line>Plovan</line></par>
</text></cell></row>
<row>
<cell width="484" height="81">
<text>
<par>
<line>Département</line></par>
</text></cell>
<cell width="1525" height="81">
<text>
<par>
<line>Finistère</line></par>
</text></cell></row>
<row>
<cell width="484" height="80">
<text>
<par>
<line>Lien sur Gallica</line></par>
</text></cell>
<cell width="1525" height="80">
<text>
<par/>
</text></cell></row>
<row>
<cell width="484" height="196">
<text>
<par>
<line>Lien sur Légifrance</line></par>
</text></cell>
<cell width="1525" height="196">
<text>
<par>
<line>https://www.le2ifrance.2ouv.fr/affichSarde.do?</line></par>
<par>
<line>reprise=true&amp;pa2e=1&amp;idSarde=SARDOBJT000007104572&amp;ordre=CROI</line></par>
<par>
<line>SSANT&amp;nature=&amp;2=ls</line></par>
</text></cell></row>
<row>
<cell width="484" height="138">
<text>
<par>
<line>Références du JO</line></par>
</text></cell>
<cell width="1525" height="138">
<text>
<par>
<line>Document administratif 03-04-1937 p. 123-125</line></par>
<par>
<line>Rectif. : JO 10-04-1937 p. 4125</line></par>
</text></cell></row>
<row>
<cell width="484" height="138">
<text>
<par>
<line>Nom dans la base de</line>
<line>données SIG</line></par>
</text></cell>
<cell width="1525" height="138">
<text>
<par>
<line>AC2_Plovan_cimetiere_19361228_act</line></par>
</text></cell></row>
<row>
<cell width="484" height="81">
<text>
<par>
<line>Date de l’acte</line></par>
</text></cell>
<cell width="1525" height="81">
<text>
<par>
<line>Arrêté du 28/12/1936</line></par>
</text></cell></row>
<row>
<cell width="484" height="81">
<text>
<par>
<line>Type de site</line></par>
</text></cell>
<cell width="1525" height="81">
<text>
<par>
<line>classé</line></par>
</text></cell></row>
</block>













</page>
</AC2>