<?xml version="1.0" encoding="UTF-8"?><AC2>
<page width="2557" height="3305" resolution="300">
<block><region><rect/></region>
<text>
<par>
<line>BEAUX* ARTS</line></par>
</text>
</block>
<block><region><rect/></region>
<text>
<par>
<line>SITES</line></par>
</text>
</block>
<block><region><rect/></region>
<text>
<par>
<line>ILLE ET VILAINE</line></par>
<par>
<line>LANDE d. b RENGOMTRE</line></par>
</text>
</block>
<block><region><rect/></region>
<text>
<par/>
</text>
</block>
<block><region><rect/></region>
<text>
<par>
<line>n</line></par>
</text>
</block>
<block><region><rect/></region>
<text>
<par>
<line>INSCRIPTIOI4</line></par>
</text>
</block>
<block><region><rect/></region>
<text>
<par>
<line>commune;</line></par>
<par>
<line>CANTON ; ,</line></par>
<par>
<line>ARRONDI^ :</line></par>
</text>
</block>
<block><region><rect/></region>
<text>
<par>
<line>AuLln -du- ConWer</line>
<line>9 Aubin-du-Cprmier</line>
<line>"Foug &amp;re»</line></par>
</text>
</block>
<block><region><rect/></region>
<text>
<par>
<line>CARTE</line></par>
</text>
</block>
<block><region><rect/></region>
<text>
<par>
<line>IMICHELIN</line></par>
</text>
</block>
<block><region><rect/></region>
<text>
<par>
<line>NO 53</line></par>
</text>
</block>
<block><region><rect/></region>
<text>
<par>
<line>A</line></par>
</text>
</block>
<block><region><rect/></region>
<text>
<par>
<line>put It</line></par>
</text>
</block>
<block><region><rect/></region>
<text>
<par/>
</text>
</block>
<block><region><rect/></region>
<text>
<par>
<line>/</line></par>
</text>
</block>
<block><region><rect/></region>
<text>
<par/>
</text>
</block>
<block><region><rect/></region>
<text>
<par/>
</text>
</block>
<block><region><rect/></region>
<text>
<par>
<line>V</line></par>
</text>
</block>
<block><region><rect/></region>
<text>
<par/>
</text>
</block>
<block><region><rect/></region>
<text>
<par/>
</text>
</block>
<block><region><rect/></region>
<text>
<par/>
</text>
</block>
<block><region><rect/></region>
<text>
<par/>
</text>
</block>
<block><region><rect/></region>
<text>
<par>
<line>,1%</line></par>
</text>
</block>
<block><region><rect/></region>
<text>
<par/>
</text>
</block>
<block><region><rect/></region>
<text>
<par/>
</text>
</block>
<block><region><rect/></region>
<text>
<par>
<line>: .fï=.</line></par>
</text>
</block>
<block><region><rect/><rect/></region>
<text>
<par>
<line>... «</line></par>
<par>
<line>J--.</line></par>
</text>
</block>
<block><region><rect/></region>
<text>
<par>
<line>î ■• ;, .. '»ST' '•</line></par>
</text>
</block>
<block><region><rect/></region>
<text>
<par>
<line>Ech«ta : Ifiiooo*-</line>
<line>pAiiCU mtcnbc d)</line></par>
</text>
</block>
<block><region><rect/></region>
<text>
<par>
<line>AHHETR gg 19 MAI 1944</line></par>
</text>
</block>
<block><region><rect/></region>
<text>
<par>
<line>îîflt Inacrite sur l^Inrentaire de* Site* dont la conservation</line>
<line>présente un intérêt général la land# i* la Rencontre à Saint-ATBIN</line>
<line>DU COHaiER (llle-et-Vilain*) .</line></par>
<par>
<line>Délimitation du site ;</line></par>
<par>
<line>La parcelle *76 Section A dans sa partie comprise entre le Rtaudon</line>
<line>et la route de ''jaint-AtIBIK à USZliRRS*</line></par>
<par>
<line>Par délégation</line>
<line>Le Consolllor d’Rtat</line>
<line>Secrétidre Général</line></par>
<par>
<line>Pour copie conforme des Beaux-Arts •</line></par>
<par>
<line>Le chef du Bureau ^deo ^</line></par>
<par>
<line>Lienuments îîistorlcjuea Slgno : Q» HILAIRE,</line></par>
<par>
<line>et des Sites.</line></par>
</text>
</block>














<block blockType="Picture" blockName="" l="2156" t="364" r="2299" b="715"><region><rect/></region>
</block>
</page>
</AC2>