<?xml version="1.0" encoding="UTF-8"?><AC2>
<page width="2499" height="3521" resolution="300">
<block><region><rect/></region>
<text>
<par>
<line>BE AUA ,ARr^</line></par>
</text>
</block>
<block><region><rect/><rect/></region>
<text>
<par>
<line>FiniSTERE</line></par>
<par>
<line>DIBEn</line></par>
</text>
</block>
<block><region><rect/></region>
<text>
<par>
<line>P LO</line></par>
</text>
</block>
<block><region><rect/></region>
<text>
<par>
<line>U n oo</line></par>
</text>
</block>
<block><region><rect/></region>
<text>
<par>
<line>SITES</line></par>
</text>
</block>
<block><region><rect/></region>
<text>
<par>
<line>POIMTE</line></par>
<par>
<line>COM MUMC</line></par>
</text>
</block>
<block><region><rect/></region>
<text>
<par>
<line>D U</line></par>
</text>
</block>
<block><region><rect/></region>
<text>
<par>
<line>IMS O RIPTIOM</line></par>
</text>
</block>
<block><region><rect/></region>
<text>
<par>
<line>C A M "TO M</line>
<line>A R ROM£)^</line></par>
</text>
</block>
<block><region><rect/><rect/></region>
<text>
<par>
<line>OU G/iS/ioa / W ^ \</line></par>
<par>
<line>/'■ 'i</line></par>
</text>
</block>
<block><region><rect/></region>
<text>
<par>
<line>yfi</line></par>
</text>
</block>
<block><region><rect/></region>
<text>
<par>
<line>AT</line></par>
</text>
</block>
<block><region><rect/><rect/><rect/><rect/><rect/></region>
<text>
<par>
<line>X,</line></par>
</text>
</block>
<block><region><rect/></region>
<text>
<par>
<line>C A RT£L</line></par>
<par>
<line>M I C H E- HM</line></par>
<par>
<line>N* 5ô</line></par>
<par>
<line>Pl_l : 6</line></par>
</text>
</block>
<block><region><rect/></region>
<text>
<par/>
</text>
</block>
<block><region><rect/></region>
<text>
<par>
<line>if</line></par>
</text>
</block>
<block><region><rect/></region>
<text>
<par/>
</text>
</block>
<block><region><rect/></region>
<text>
<par/>
</text>
</block>
<block><region><rect/></region>
<text>
<par>
<line>■fo</line></par>
</text>
</block>
<block><region><rect/></region>
<text>
<par/>
</text>
</block>
<block><region><rect/></region>
<text>
<par/>
</text>
</block>
<block><region><rect/></region>
<text>
<par/>
</text>
</block>
<block><region><rect/></region>
<text>
<par/>
</text>
</block>
<block><region><rect/></region>
<text>
<par/>
</text>
</block>
<block><region><rect/></region>
<text>
<par>
<line>ai</line></par>
</text>
</block>
<block><region><rect/></region>
<text>
<par/>
</text>
</block>
<block><region><rect/></region>
<text>
<par>
<line>\</line></par>
</text>
</block>
<block><region><rect/></region>
<text>
<par>
<line>\</line></par>
</text>
</block>
<block><region><rect/></region>
<text>
<par>
<line>4/</line></par>
</text>
</block>
<block><region><rect/></region>
<text>
<par>
<line>90</line></par>
</text>
</block>
<block><region><rect/></region>
<text>
<par>
<line>/</line></par>
</text>
</block>
<block><region><rect/></region>
<text>
<par>
<line>&lt;&lt;?</line></par>
</text>
</block>
<block><region><rect/></region>
<text>
<par>
<line>£: cr/YS yL Z £^.- //y^SOO</line></par>
<par>
<line>/fŸJSOf^/Tâ: I ' I</line></par>
</text>
</block>
<block><region><rect/></region>
<text>
<par>
<line>Cadastre renoy^</line></par>
</text>
</block>
<block><region><rect/></region>
<text>
<par>
<line>a?j;i-jt;.- r/T r 19^.1</line></par>
</text>
</block>
<block blockType="Table" blockName="" l="581" t="2510" r="2076" b="3204"><region><rect/></region>
<row>
<cell leftBorder="White" topBorder="White" rightBorder="White" bottomBorder="White" width="125" height="53">
<text>
<par/>
</text></cell>
<cell leftBorder="White" topBorder="White" rightBorder="White" width="202" height="53">
<text>
<par>
<line>rr^rt in^</line></par>
</text></cell>
<cell leftBorder="White" topBorder="White" rightBorder="White" width="299" height="53">
<text>
<par>
<line>’Z'C X ^ f" ' r</line></par>
</text></cell>
<cell leftBorder="White" topBorder="White" rightBorder="White" bottomBorder="White" width="362" height="53">
<text>
<par>
<line>1 ' ia"'-?ntai rc</line></par>
</text></cell>
<cell leftBorder="White" topBorder="White" rightBorder="White" bottomBorder="White" width="507" height="53">
<text>
<par>
<line>..ite^r: -iont 1</line></par>
</text></cell></row>
<row>
<cell leftBorder="White" topBorder="White" rightBorder="White" bottomBorder="White" width="125" height="47">
<text>
<par>
<line>cor:;'</line></par>
</text></cell>
<cell colSpan="2" leftBorder="White" rightBorder="White" bottomBorder="White" width="501" height="47">
<text>
<par>
<line>'•n/f-. tion pr cont?</line></par>
</text></cell>
<cell leftBorder="White" topBorder="White" rightBorder="White" bottomBorder="White" width="362" height="47">
<text>
<par>
<line>■•n int'r^t</line></par>
</text></cell>
<cell leftBorder="White" topBorder="White" rightBorder="White" bottomBorder="White" width="507" height="47">
<text>
<par>
<line>.p''i'i''raj. 1" pointe</line></par>
</text></cell></row>
<row>
<cell colSpan="2" leftBorder="White" topBorder="White" rightBorder="White" bottomBorder="White" width="327" height="49">
<text>
<par>
<line>Jiben f</line></par>
</text></cell>
<cell leftBorder="White" topBorder="White" rightBorder="White" bottomBorder="White" width="299" height="49">
<text>
<par>
<line>P1C”G/4.,'KU</line></par>
</text></cell>
<cell leftBorder="White" topBorder="White" rightBorder="White" bottomBorder="White" width="362" height="49">
<text>
<par>
<line>( r in L" tbrtî'''</line></par>
</text></cell>
<cell leftBorder="White" topBorder="White" rightBorder="White" bottomBorder="White" width="507" height="49">
<text>
<par>
<line>cr-d' F; trt'e cectio</line></par>
</text></cell></row>
<row>
<cell leftBorder="White" topBorder="White" rightBorder="White" bottomBorder="White" width="125" height="91">
<text>
<par>
<line>ù I</line></par>
</text></cell>
<cell leftBorder="White" topBorder="White" rightBorder="White" bottomBorder="White" width="202" height="91">
<text>
<par>
<line>nc I</line></par>
</text></cell>
<cell leftBorder="White" topBorder="White" rightBorder="White" bottomBorder="White" width="299" height="91">
<text>
<par>
<line>2r. 2^ 1</line></par>
</text></cell>
<cell leftBorder="White" topBorder="White" rightBorder="White" bottomBorder="White" width="362" height="91">
<text>
<par>
<line>?. 40 h 12.</line></par>
</text></cell>
<cell leftBorder="White" topBorder="White" rightBorder="White" bottomBorder="White" width="507" height="91">
<text>
<par/>
</text></cell></row>
<row>
<cell leftBorder="White" topBorder="White" rightBorder="White" bottomBorder="White" width="125" height="87">
<text>
<par/>
</text></cell>
<cell leftBorder="White" topBorder="White" rightBorder="White" bottomBorder="White" width="202" height="87">
<text>
<par/>
</text></cell>
<cell leftBorder="White" topBorder="White" rightBorder="White" bottomBorder="White" width="299" height="87">
<text>
<par/>
</text></cell>
<cell leftBorder="White" topBorder="White" rightBorder="White" bottomBorder="White" width="362" height="87">
<text>
<par>
<line>r ü '1</line></par>
</text></cell>
<cell leftBorder="White" topBorder="White" rightBorder="White" bottomBorder="White" width="507" height="87">
<text>
<par>
<line>' jtic ,</line></par>
</text></cell></row>
<row>
<cell leftBorder="White" topBorder="White" rightBorder="White" bottomBorder="White" width="125" height="50">
<text>
<par/>
</text></cell>
<cell leftBorder="White" topBorder="White" rightBorder="White" bottomBorder="White" width="202" height="50">
<text>
<par/>
</text></cell>
<cell leftBorder="White" topBorder="White" rightBorder="White" bottomBorder="White" width="299" height="50">
<text>
<par/>
</text></cell>
<cell leftBorder="White" topBorder="White" rightBorder="White" bottomBorder="White" width="362" height="50">
<text>
<par>
<line>le ^onric</line></par>
</text></cell>
<cell leftBorder="White" topBorder="White" rightBorder="White" bottomBorder="White" width="507" height="50">
<text>
<par>
<line>iiler ' A-‘</line></par>
</text></cell></row>
<row>
<cell leftBorder="White" topBorder="White" rightBorder="White" bottomBorder="White" width="125" height="106">
<text>
<par/>
</text></cell>
<cell leftBorder="White" topBorder="White" rightBorder="White" bottomBorder="White" width="202" height="106">
<text>
<par/>
</text></cell>
<cell leftBorder="White" topBorder="White" rightBorder="White" bottomBorder="White" width="299" height="106">
<text>
<par/>
</text></cell>
<cell leftBorder="White" topBorder="White" rightBorder="White" bottomBorder="White" width="362" height="106">
<text>
<par>
<line>■rcr'tr ir^ J</line>
<line>. rt;. ;</line></par>
</text></cell>
<cell leftBorder="White" topBorder="White" rightBorder="White" bottomBorder="White" width="507" height="106">
<text>
<par>
<line>\vV; 1 L.ut-\: i-</line></par>
</text></cell></row>
<row>
<cell leftBorder="White" topBorder="White" rightBorder="White" bottomBorder="White" width="125" height="63">
<text>
<par>
<line>j.'C’tr</line></par>
</text></cell>
<cell leftBorder="White" topBorder="White" rightBorder="White" bottomBorder="White" width="202" height="63">
<text>
<par>
<line>ccpic</line></par>
</text></cell>
<cell leftBorder="White" topBorder="White" rightBorder="White" bottomBorder="White" width="299" height="63">
<text>
<par>
<line>aonLor :.o ,</line></par>
</text></cell>
<cell colSpan="2" leftBorder="White" topBorder="White" rightBorder="White" bottomBorder="White" width="869" height="63">
<text>
<par>
<line>;'p-'</line></par>
<par>
<line>-t_ ♦ _ , l. .*Kj \jf , j\J, i.</line></par>
</text></cell></row>
<row>
<cell leftBorder="White" topBorder="White" rightBorder="White" bottomBorder="White" width="125" height="50">
<text>
<par>
<line>] 5 J</line></par>
</text></cell>
<cell leftBorder="White" topBorder="White" rightBorder="White" bottomBorder="White" width="202" height="50">
<text>
<par>
<line>i. fî t:' .‘1 ■;</line></par>
</text></cell>
<cell leftBorder="White" topBorder="White" rightBorder="White" bottomBorder="White" width="299" height="50">
<text>
<par>
<line>baicî'v,.! 'f.?i7</line></par>
</text></cell>
<cell leftBorder="White" topBorder="White" rightBorder="White" bottomBorder="White" width="362" height="50">
<text>
<par/>
</text></cell>
<cell leftBorder="White" topBorder="White" rightBorder="White" bottomBorder="White" width="507" height="50">
<text>
<par/>
</text></cell></row>
<row>
<cell leftBorder="White" topBorder="White" rightBorder="White" bottomBorder="White" width="125" height="47">
<text>
<par>
<line>.OC'A</line></par>
</text></cell>
<cell leftBorder="White" topBorder="White" rightBorder="White" width="202" height="47">
<text>
<par>
<line>9ïit; h</line></par>
</text></cell>
<cell leftBorder="White" topBorder="White" rightBorder="White" width="299" height="47">
<text>
<par>
<line>i;: toriluec</line></par>
</text></cell>
<cell leftBorder="White" topBorder="White" rightBorder="White" bottomBorder="White" width="362" height="47">
<text>
<par/>
</text></cell>
<cell leftBorder="White" topBorder="White" rightBorder="White" bottomBorder="White" width="507" height="47">
<text>
<par/>
</text></cell></row>
<row>
<cell leftBorder="White" topBorder="White" rightBorder="White" bottomBorder="White" width="125" height="51">
<text>
<par/>
</text></cell>
<cell leftBorder="White" rightBorder="White" bottomBorder="White" width="202" height="51">
<text>
<par>
<line>t ^.'C i</line></par>
</text></cell>
<cell leftBorder="White" rightBorder="White" bottomBorder="White" width="299" height="51">
<text>
<par>
<line>It '- •</line></par>
<par>
<line>.L W . &gt;_• 3</line></par>
</text></cell>
<cell leftBorder="White" topBorder="White" rightBorder="White" bottomBorder="White" width="362" height="51">
<text>
<par/>
</text></cell>
<cell leftBorder="White" topBorder="White" rightBorder="White" bottomBorder="White" width="507" height="51">
<text>
<par/>
</text></cell></row>
</block>






























</page>
</AC2>