<?xml version="1.0" encoding="UTF-8"?><AC2>
<page width="1676" height="2354" resolution="200">
<block><region><rect/></region>
<text>
<par/>
</text>
</block>
<block><region><rect/></region>
<text>
<par>
<line>■■Oi-t'-fj'ff-c-' y^'iuffrrf-Jey</line></par>
</text>
</block>
<block><region><rect/></region>
<text>
<par>
<line>/</line></par>
</text>
</block>
<block><region><rect/></region>
<text>
<par>
<line>/y</line></par>
</text>
</block>
<block><region><rect/></region>
<text>
<par>
<line>a'.r. /^ir</line></par>
</text>
</block>
<block><region><rect/></region>
<text>
<par>
<line>/'- /</line></par>
</text>
</block>
<block><region><rect/></region>
<text>
<par>
<line>leis' e/c ‘^ii/r--'!ef, T'SÜ-f.'S. /^r^c/rK- {.'/</line></par>
</text>
</block>
<block><region><rect/></region>
<text>
<par>
<line>i</line></par>
</text>
</block>
<block><region><rect/></region>
<text>
<par>
<line>DECRET â 0 AOUT 1977</line></par>
</text>
</block>
<block><region><rect/><rect/></region>
<text>
<par>
<line>;.ant cJ.aîisGment parmi- les «sites pittoresques du Finistère, de l’ensemblt</line>
<line>*'£èrmé nar les dunes des Blancs-Sablons, la presqu'île de Kermorvari; le</line>
<line>,ria du Conquet et l'ctang de Karjean sur^^^Te^itoiFë''cfê§''"qo'miTOTîîf% do</line>
<line>Plougonveli n, Ploumoguer, Trcbabu et: le Conquet.</line></par>
</text>
</block>
<block><region><rect/></region>
<text>
<par>
<line>LE PREMIER MINISTRE,</line></par>
</text>
</block>
<block><region><rect/></region>
<text>
<par>
<line>SUR le rapport du Ministre de la Culture et de l'Environnement,</line></par>
</text>
</block>
<block><region><rect/></region>
<text>
<par>
<line>VU la loi du 2 mai 1930 rcorganisant la protection des monuments naturels</line>
<line>et des sites de caractère artistique, historique, scientifique, légen¬</line>
<line>daire ou pittorccquc., modifiée par la loi n° 67.1174 du 28 décembre</line>
<line>1967 enscmible le décret n® 69.607 du 13 juin 1969 pris pour son</line>
<line>applicüiti on ;</line></par>
<par>
<line>\Tj ^-'’arreté du Ministre da l'Instruction publique et des Boaux-Arts en dat&lt;</line>
<line>du 22 juillet 1931, inscrivant la presqu'île de Kermorvr.o, parcelle</line>
<line>n° 633 à 656 de la section H de Tréfeust, sur l'inventaire des sires</line>
<line>pittoresques du Fini.stère ;</line></par>
<par>
<line>VU l'arrêté en date du 15 janvier 1974 par lequel le Préfet du Finistère</line>
<line>notifie aux maires de Ploumogucr, Trébabu, Plongonvelin, et le Conquet</line>
<line>l'ouverture de l'enquête concorneut les dunes des Blancs-Sablons, le</line>
<line>ria du Conquet et l'étang de Kerjean et les invite è lui faire</line>
<line>connaître leurs observations ;</line></par>
<par>
<line>VU les résultats de l'enquête, notamment le refus de certains propriétaire</line>
<line>de souscrire au classement ou l.eur absence de cenaentement ;</line></par>
<par>
<line>VU l'avis émis par la Commission départementale des sites, perspectives</line>
<line>et pay.sagcs en date du 16 avril 1 975 ;</line></par>
<par>
<line>VU l-''arrêté du 21 avril 1975 par lequel le Préfet du Finistère notifie au</line>
<line>maire du Conquet, l'ouverture de l’enquête Cü5)cernant la presqu’île</line>
<line>de Kermorvan et l'invite à lui faire connaître ses observations ;</line></par>
<par>
<line>\TI les résultats de l'enquête, notaminent le refus de certain.s propriétairc-</line>
<line>cic souscrire au clasî.;e\r,cn.V. ou leur nbaence de connerîVcmo.nt ;</line></par>
</text>
</block>
<block><region><rect/></region>
<text>
<par>
<line>VU l'avis 0‘.riiîï par la Comniisaicn départementale de-s «sit.es, pcrspec 1:ives</line>
<line>et r,aysages, eu d.ate du 17 «septei.iibre 1975 •,</line></par>
<par>
<line>\TÎ IMavis énis par la Commission supérieure des sites en date «du 8 juilJ.cI;</line>
<line>1976 et du 25 novembre 1976 ;</line></par>
</text>
</block>
<block><region><rect/></region>
<text>
<par/>
</text>
</block>


</page>
<page width="1667" height="2348" resolution="200">
<block><region><rect/></region>
<text>
<par>
<line>- 2 -</line></par>
</text>
</block>
<block><region><rect/></region>
<text>
<par>
<line>VU l'avis émis par le Mlnlsi.re de l'Equipement dans sa lettre en date du</line>
<line>8 avril 1977, concernant le classement du domaine publi.c maritàiie j</line></par>
<par>
<line>W l'avis émis par le Ministre délégué à l'Economie et aux Finances</line>
<line>dans sa lettre en date du 21 avril 1977 ;</line></par>
<par>
<line>Le Conseil d'Etat (section de l'Intérieur) entendu ;</line></par>
</text>
</block>
<block><region><rect/></region>
<text>
<par>
<line>DECRETE :</line></par>
</text>
</block>
<block><region><rect/></region>
<text>
<par>
<line>Article 1er : est classé parmi les sites pittoresques du département du</line>
<line>Finistère, l'ensemble formé par la presqu'île de Kerraorvan, les Blancs-</line>
<line>Sablons, le ria du Conquet, et l'étang de Kerjean sur les communes de le</line>
<line>Conquet, Trébabu, Ploumoguer, et Plougon-'i’elin, délimité comme suit :</line></par>
<par>
<line>I - DUNES DES BLANCS SABLONS</line></par>
</text>
</block>
<block><region><rect/></region>
<text>
<par>
<line>POINT ORIGINE 0 - commune de PLOUMOGUER</line></par>
</text>
</block>
<block><region><rect/></region>
<text>
<par>
<line>section J3 du cadastre :</line></par>
<par>
<line>point de jonction des deux parcelles 1122 et 1132 sur la limite</line>
<line>du domaine public maritime.</line></par>
<par>
<line>1 - Commune de Ploumoguer ; plan n” 1</line></par>
<par>
<line>section J3</line></par>
</text>
</block>
<block><region><rect/></region>
<text>
<par>
<line>- limite de la parcelle 1122</line></par>
<par>
<line>- chemin non dénommé bordant à l'est les parcelles 1126 - 1115 -</line>
<line>1116 - 1117 - 113.8 - 1119.</line></par>
<par>
<line>- limite nord de la parcelle 1071</line></par>
<par>
<line>- limites nord et est de la parcelle 1070.</line></par>
<par>
<line>2 " Limite communale PLQUHOG'JER - LE CONQUET : plan n° 2 BIS</line></par>
<par>
<line>- du coin S.E. de la parcelle J 1070 (Ploumoguer) au coin est</line>
<line>de la parcelle H 350 (Le Conquet - section Hl)</line></par>
</text>
</block>
<block><region><rect/></region>
<text>
<par>
<line>^ ” Commune, du Conquet</line></par>
</text>
</block>
<block><region><rect/></region>
<text>
<par>
<line>-“Cltcinin non dénommé conduisant (hj C. D,</line>
<line>de Kermorvan jusqu'au coin S.E, de la</line></par>
</text>
</block>
<block><region><rect/></region>
<text>
<par>
<line>n'* 28 O la presqu'île</line>
<line>parcelle H 680.</line></par>
</text>
</block>
<block><region><rect/></region>
<text>
<par>
<line>section Hl ^ plan n'' 2 bis</line></par>
<par>
<line>- limite E de la parcelle 680</line></par>
<par>
<line>- limite Nord des parcelles 680 - 682 - 683 - 7il - 710</line></par>
<par>
<line>- limite ouest de la parcelle 710</line></par>
<par>
<line>- chemin non dénommé conduisant du C.D. n" 28 à la presqu'île</line>
<line>de. .Kermorvaii jusqu'au coin S.U de la parcelle U 740 (plan 7</line>
<line>bis).</line></par>
<par>
<line>section II 2 - plan n’’ 7 bic</line></par>
</text>
</block>
<block><region><rect/></region>
<text>
<par>
<line>- limite VJ des parcelles 740 et 741</line></par>
<par>
<line>- limite £ de la parcelle 564</line></par>
</text>
</block>











</page>
<page width="1659" height="2342" resolution="200">
<block><region><rect/></region>
<text>
<par>
<line>3</line></par>
</text>
</block>
<block><region><rect/></region>
<text>
<par>
<line>II - RIA DU CONQIIET - ETANGS</line></par>
<par>
<line>POINT ORIGINE - Coin E.W. parcelle LE CONQUET H 578 (plan 7 bia)</line></par>
</text>
</block>
<block><region><rect/></region>
<text>
<par>
<line>1 - Commune du CONQUET</line>
<line>Section H2 - plan 7 bis</line></par>
<par>
<line>- limite W et N de la parcelle 578</line></par>
</text>
</block>
<block><region><rect/></region>
<text>
<par>
<line>Section Hl - plan 2 bis</line></par>
</text>
</block>
<block><region><rect/></region>
<text>
<par>
<line>- limite W (pour partie) de la parcelle 546</line></par>
<par>
<line>- limite N des parcelles 546 - 545 - 542</line></par>
<par>
<line>- ligne joignant le coin E de la parcelle 542 au coin N de la</line>
<line>parcelle 524</line></par>
<par>
<line>- limite N de-la parcelle 524</line></par>
<par>
<line>~ ligne joignant le coin N. E de la parcelle 524 au coin E de la</line>
<line>parcelle 523</line></par>
<par>
<line>- limite N des parcelles 520 à 518</line></par>
<par>
<line>- ligne joignant le coin N.E. de la parcelle 518 au coin S,W</line>
<line>de la parcelle 500</line></par>
<par>
<line>- limite S de la parcelle 500</line></par>
<par>
<line>- ligne joignant le coin S.E de la parcelle 500 au coin W de la</line>
<line>parcelle 499</line></par>
<par>
<line>- limite W de la parcelle 499</line></par>
<par>
<line>- C.D. n° 28</line></par>
</text>
</block>
<block><region><rect/></region>
<text>
<par>
<line>“ Commune de PLOUMOGdER</line>
<line>Section II plan 3 bis</line></par>
<par>
<line>- C.D. n" 28 jusqu'au coin N.W. de la parcelle 301</line></par>
<par>
<line>- limite N des parcelles 301 et 290</line></par>
<par>
<line>^ “ Ooiî^niune de TPvEBABU - section unique - i^lan 4 bis</line></par>
<par>
<line>“ ligne joignant le coin N.E. de la parcelle H 298 PLOÜMOOUER</line>
<line>(plan 3 bis) au coin N.E. de la parcelle 631</line></par>
<par>
<line>- limite S des parcelles 621 - 630 ~ 628 - 627 - 622 •• 603 - 602</line>
<line>601. ,</line></par>
<par>
<line>- C.D. 28</line></par>
<par>
<line>- limite S des parcelles n“s 580 - 579 - 577 - 555 - 575 ~ et</line>
<line>555 à nouveau</line></par>
<par>
<line>-• limite VJ de la parcelle 555</line></par>
<par>
<line>- ligne joignartle coin S.E. parcelle 555 au coin S.E de la</line>
<line>parcelle 559</line></par>
<par>
<line>-• limite N et E de la parcelle 562</line></par>
<par>
<line>- ligne joignant le coin S.E. de la parcelle 562 au coin N.E.</line>
<line>de la parcelle 850</line></par>
<par>
<line>- limite Nord des parcelles 866 - 865 - 862 - 831 - 829 - 803 -</line>
<line>799 - 8C1 - 781</line></par>
<par>
<line>- ligne joignant le coin N.E de la parcelle 781 au coin N.W de</line>
<line>la parcelle 770</line></par>
<par>
<line>- limite E de la parcelle 770.</line></par>
</text>
</block>
<block><region><rect/></region>
<text>
<par/>
</text>
</block>











</page>
<page width="1667" height="2348" resolution="200">
<block><region><rect/></region>
<text>
<par>
<line>4</line></par>
</text>
</block>
<block><region><rect/></region>
<text>
<par>
<line>4 - Commune de PLOUGONVELIN (1 nn n° 5 )</line></par>
<par>
<line>Section ZB</line></par>
<par>
<line>- du point J, chemin d'exploitation n" 6 vers le sud et son</line>
<line>prolongement jusqu'à la limite des parcelles If et le (point K)</line></par>
<par>
<line>- limite de la parcelle If jusqu’à son coin sud-est (point L)</line></par>
<par>
<line>- ligne fictive joignant le point 1. au coin Nord de la parcelle</line>
<line>1 d (point M)</line></par>
<par>
<line>- limite de la parcelle 1 d</line></par>
<par>
<line>- limite de la parcelle 1 (extrémité sud-est)</line></par>
<par>
<line>- limite sud parcelle 73 b</line></par>
<par>
<line>, - limite parcelle Ib et la jusqu'à- la R,N-,789</line></par>
<par>
<line>- R.N. 789 jusqu'au coin est de la parcelle A 153 (Le Conquet</line>
<line>section Al) (pint N)</line></par>
</text>
</block>
<block><region><rect/></region>
<text>
<par>
<line>5 “ Commune du CONCjUKT</line>
<line>Section A 1 (plan n° 6)</line></par>
<par>
<line>- limite dey parcelles n°s 153 - 145 - 144 - 135 - 131 -,130</line></par>
<par>
<line>- RN 789 jusqu’au coin est parcelle 81</line></par>
<par>
<line>-, limite sud parcelles 81 - 69 et 684 (point P)</line></par>
<par>
<line>-limite ouest de la parcelle n° 30 (point R)</line></par>
</text>
</block>
<block><region><rect/></region>
<text>
<par>
<line>^ Presqu'île do KbRHÜRVAM</line></par>
<par>
<line>Section ÎÎ.2 le Conquet</line>
<line>parcelles n® s 549 h 561 - 564</line>
<line>601 à 611</line></par>
<par>
<line>743 - 742 - 744 - 746 - 747 - 749 - 750</line>
<line>767 à 770 - 772 - 771.</line></par>
<par>
<line>et tel que le périmètre apparaît sur le pain au 1/5.000° ci-annexé.</line>
<line>Article- 2 ;</line></par>
<par>
<line>Est classé parmi les sites, l'ensemble constitué par le domaine public</line>
<line>maritime: correspondant au site des Blancs-Sablous, du ria du Cou.quet,</line>
<line>de l'étang de Kcrjean et de la presqu'île de Kermorvan, incluant d'une</line>
<line>port le rio du Conquet.et scs deux bras en amont de l'ancien mole du port</line>
<line>du Conquet, et son prolongement vers le nord, et d'autre part, les divers</line>
<line>rochers ou écueils sur 50Û mètres en,direction du large à partir de la</line>
<line>limite terrestre.</line></par>
<par>
<line>Article 3 :</line></par>
<par>
<line>Le Ministre de l'Equipemevit (Direction des Ports maritJ.mcs et des voies</line>
<line>navi gables - se&gt;:vice des Phares et Balises) pourra, sans autorisation</line>
<line>préalable, prorédei' au:: travaux de balisage et de signalisation maritime</line>
<line>nécccsaircs au maintien de la sécurité de la navigation.</line></par>
</text>
</block>
<block><region><rect/></region>
<text>
<par/>
</text>
</block>










</page>
<page width="1664" height="2346" resolution="200">
<block><region><rect/></region>
<text>
<par>
<line>Article A :</line></par>
</text>
</block>
<block><region><rect/></region>
<text>
<par>
<line>Lfc présent décret sera notifié au Préfet du département du Finistère,</line>
<line>aux maires des communes concernées, ainsi qu'à tous les propriétaires</line>
<line>intéressés.</line></par>
</text>
</block>
<block><region><rect/></region>
<text>
<par>
<line>1</line></par>
<par>
<line>Article 5 :</line></par>
</text>
</block>
<block><region><rect/></region>
<text>
<par>
<line>Le Ministre de la Culture et de l'Environnement est chargé de l'exécution</line>
<line>du.présent décret qui sera publié au Journal Officiel de la République</line>
<line>Française.</line></par>
</text>
</block>
<block><region><rect/></region>
<text>
<par>
<line>Fait à Paris, le 3 0 AOUl</line></par>
</text>
</block>
<block><region><rect/></region>
<text>
<par>
<line>Baymond BARRE</line></par>
</text>
</block>
<block><region><rect/></region>
<text>
<par>
<line>Par le Premier Ministre</line></par>
</text>
</block>
<block><region><rect/></region>
<text>
<par>
<line>Le Ministre de la Culture et de 1'Environneme</line></par>
</text>
</block>
<block><region><rect/></region>
<text>
<par>
<line>Meheî d'ORNANO</line></par>
</text>
</block>
<block><region><rect/></region>
<text>
<par>
<line>Pour ampliation,</line></par>
<par>
<line>le Directeur'de la Mission</line></par>
<par>
<line>de l'Environnement Rural et Urbain</line></par>
</text>
</block>
<block><region><rect/></region>
<text>
<par>
<line>CHABASON</line></par>
</text>
</block>




</page>
</AC2>