<?xml version="1.0" encoding="UTF-8"?><AC2>
<page width="2546" height="3540" resolution="300">
<block><region><rect/></region>
<text orientation="RotatedCounterclockwise">
<par>
<line>S65 31. [30289]</line></par>
</text>
</block>
<block><region><rect/></region>
<text>
<par>
<line>‘l*</line></par>
</text>
</block>
<block><region><rect/></region>
<text>
<par/>
</text>
</block>
<block><region><rect/></region>
<text>
<par>
<line>i-ie-</line></par>
</text>
</block>
<block><region><rect/></region>
<text>
<par/>
</text>
</block>
<block><region><rect/></region>
<text>
<par/>
</text>
</block>
<block><region><rect/></region>
<text>
<par>
<line>MINISTÈnE</line></par>
</text>
</block>
<block><region><rect/></region>
<text>
<par>
<line>DK</line></par>
<par>
<line>L’INSTRUCTION PUBLIQUIi:</line>
<line>ET DES BEiVUX-ARTS.</line></par>
</text>
</block>
<block><region><rect/></region>
<text>
<par>
<line>ÜEACX-ARTS.</line></par>
</text>
</block>
<block><region><rect/></region>
<text>
<par>
<line>R:É;pp^ FRANÇAISE</line></par>
</text>
</block>
<block><region><rect/></region>
<text>
<par>
<line>A'</line></par>
<par>
<line>ne.</line></par>
</text>
</block>
<block><region><rect/></region>
<text>
<par>
<line>ARRÊTÉ.</line></par>
</text>
</block>
<block><region><rect/></region>
<text>
<par>
<line>Monumenls historiques.</line>
<line>Sites et Monuments naturels.</line></par>
</text>
</block>
<block><region><rect/></region>
<text>
<par>
<line>Le Ministre chargé de'1'Intérim du Ministère</line>
<line>L'è-.S^i^s^%a€i4ku^£EkiiÀss‘M^miæ--Api!i&lt;( de l'Education Eationa</line></par>
</text>
</block>
<block><region><rect/></region>
<text>
<par>
<line>Vu la loi du 2 mai i()3o réoi'gani.sant la protecüou des monuments</line>
<line>naturels et des sites de caractère artistique, htstorique, scientifique, légendaire</line>
<line>ou pittoresque;</line></par>
<par>
<line>Vu l’avis émis par la Commission départementale des monuments et des</line>
<line>sites naturels dans sa séance du 17 octobre 1935 | "</line></par>
<par>
<line>Vu i'Iâ^filiêSt.en date du 24 novembre 1935 donnée par le</line>
<line>pmpar Conseil Municipal d'YZEROU;</line></par>
</text>
</block>
<block><region><rect/><rect/><rect/></region>
<text>
<par>
<line>Article premiex^'</line></par>
<par>
<line>LeHerrain entourant llégli66 d.’ïZEKOri (Rhône);:'</line>
<line>constitué par-; la parcelle cadastrale n® 379, ■y compris</line>
<line>la petite, place oontigüe à l'église avec table d'oxAènta»^^^^ V</line>
<line>tion, les rues et chemins qui bordent l'édifice et une V</line>
<line>bande de -terrain-de 6m.-de largeur en avant de l'abside,</line>
<line>sont classés parm'i'les Monuirents naturels et les sites / ’ ,</line></par>
<par>
<line>de ' cnrsîotère-'; artistique hist or ique , scientifique, légsn»</line>
<line>dnire ou pittoresque.</line></par>
</text>
</block>

















</page>
<page width="2496" height="3504" resolution="300">
<block><region><rect/></region>
<text>
<par/>
</text>
</block>
<block><region><rect/></region>
<text>
<par>
<line>A-H-TIOr.t: TOEMiah</line></par>
</text>
</block>
<block><region><rect/><rect/></region>
<text>
<par/>
</text>
</block>
<block><region><rect/></region>
<text>
<par>
<line>,•. ,v. , .. .</line></par>
</text>
</block>
<block><region><rect/></region>
<text>
<par>
<line>•dbêsé- ics- .site^-e.t43aoaasi^aÆs-^^ d-^</line></par>
<par>
<line>artioLicpo, hiotoriq-H-97-scientiricp.ie, légendaire ou piltor.esqi.ie..</line></par>
</text>
</block>
<block><region><rect/></region>
<text>
<par>
<line>AKT, 2.</line></par>
<par>
<line>. A ■</line></par>
<par>
<line>Le présent arrêté: sera notifié airPréfet du déparlerrient du RHOKE »</line>
<line>et au Maire d''ï2ER0]U» ’</line></par>
<par>
<line>qui seront responsables, chacun en ce qui le concerne, de son exécution.</line></par>
</text>
</block>
<block><region><rect/></region>
<text>
<par>
<line>■ ART. ;3./,. '</line></par>
<par>
<line>Il sera transcrit.au Bureau des hypothèques de la situation du si te cl a s sê,</line></par>
<par>
<line>. . ««kftsér</line></par>
</text>
</block>
<block><region><rect/><rect/></region>
<text>
<par>
<line>Paris, le</line></par>
<par>
<line>Signé: Camille CHAÏÏTEMPS</line></par>
<par>
<line>Pour ampliation.</line></par>
<par>
<line>Pour le Directeur Général des Beaux-Arts,-</line>
<line>Metabre-de-d’-iiTstitQtr :</line></par>
<par>
<line>\ Le Chef da Bureau des Monuments historiques.</line></par>
</text>
</block>
<block><region><rect/></region>
<text>
<par>
<line>.y '</line></par>
</text>
</block>




















</page>
</AC2>