<?xml version="1.0" encoding="UTF-8"?><AC2>
<page width="2511" height="3514" resolution="300">
<block><region><rect/></region>
<text orientation="RotatedCounterclockwise">
<par>
<line>119-93-1909. [6062]</line></par>
</text>
</block>
<block blockType="Table" blockName="" l="99" t="8" r="2315" b="620"><region><rect/></region>
<row>
<cell leftBorder="White" topBorder="White" rightBorder="White" bottomBorder="White" width="753" height="82">
<text>
<par>
<line>y^oJ-</line></par>
</text></cell>
<cell leftBorder="White" topBorder="White" rightBorder="White" bottomBorder="White" width="1147" height="82">
<text>
<par/>
</text></cell>
<cell leftBorder="White" topBorder="White" rightBorder="White" bottomBorder="White" width="316" height="82">
<text>
<par>
<line>. ■ -</line></par>
</text></cell></row>
<row>
<cell leftBorder="White" topBorder="White" rightBorder="White" bottomBorder="White" width="753" height="127">
<text>
<par>
<line>‘ ï ■ "\</line></par>
<par>
<line>MINISTÈRE</line></par>
<par>
<line>DE</line></par>
</text></cell>
<cell leftBorder="White" topBorder="White" rightBorder="White" bottomBorder="White" width="1147" height="127">
<text>
<par>
<line>RÉPUBLIQUE FRANÇAISE. , , ; ,■</line></par>
<par>
<line>V</line></par>
</text></cell>
<cell leftBorder="White" topBorder="White" rightBorder="White" bottomBorder="White" width="316" height="127">
<text>
<par>
<line>îé.</line></par>
</text></cell></row>
<row>
<cell leftBorder="White" topBorder="White" rightBorder="White" width="753" height="183">
<text>
<par>
<line>L’INSTRUCTION PUBLIOUE,</line></par>
<par>
<line>ET DES BEAUX-ARTS.</line></par>
</text></cell>
<cell leftBorder="White" topBorder="White" rightBorder="White" bottomBorder="White" width="1147" height="183">
<text>
<par>
<line>.(1 .A /</line></par>
</text></cell>
<cell leftBorder="White" topBorder="White" rightBorder="White" bottomBorder="White" width="316" height="183">
<text>
<par/>
</text></cell></row>
<row>
<cell leftBorder="White" rightBorder="White" bottomBorder="White" width="753" height="129">
<text>
<par>
<line>SOUS-SECRÉTARIAT D’ÉTAT</line></par>
</text></cell>
<cell leftBorder="White" topBorder="White" rightBorder="White" bottomBorder="White" width="1147" height="129">
<text>
<par>
<line>; uADtAe^to. ;:</line></par>
</text></cell>
<cell leftBorder="White" topBorder="White" rightBorder="White" bottomBorder="White" width="316" height="129">
<text>
<par>
<line>; '</line></par>
</text></cell></row>
<row>
<cell leftBorder="White" topBorder="White" rightBorder="White" bottomBorder="White" width="753" height="91">
<text>
<par>
<line>DES BEAUX-ARTS. ■</line></par>
</text></cell>
<cell leftBorder="White" topBorder="White" rightBorder="White" width="1147" height="91">
<text>
<par/>
</text></cell>
<cell leftBorder="White" topBorder="White" rightBorder="White" bottomBorder="White" width="316" height="91">
<text>
<par/>
</text></cell></row>
</block>
<block><region><rect/></region>
<text>
<par>
<line>c)e&lt;i C^&amp;XK'iceô 9 atcijûcctiwce.</line></par>
</text>
</block>
<block><region><rect/></region>
<text>
<par>
<line>BlOHUIVIEflTS HISTORIQUES.</line>
<line>Sites et Monuments naturels.</line></par>
</text>
</block>
<block><region><rect/><rect/><rect/><rect/></region>
<text>
<par/>
</text>
</block>
<block><region><rect/><rect/></region>
<text>
<par>
<line>Pmiàôre c/e l^Sndâmcà^riy</line></par>
</text>
</block>
<block><region><rect/></region>
<text>
<par/>
</text>
</block>
<block><region><rect/><rect/><rect/></region>
<text>
<par>
<line>'ea/.(æ~^(ûrâj^</line></par>
</text>
</block>
<block><region><rect/></region>
<text>
<par>
<line>/a /ot' c/u^ s,/ '/j}o£!^ o-y^^/fîàkx^î/'</line></par>
</text>
</block>
<block><region><rect/><rect/></region>
<text>
<par>
<line>’ue/</line></par>
</text>
</block>
<block><region><rect/><rect/><rect/></region>
<text>
<par>
<line>r/&amp;J .Mâcj e/' '??/om(fm&amp;?iÉi c/e ca^c&gt;â&amp;?^</line></par>
<par>
<line>^^HgLs cmûf e/?n(àfa So?m?2G/f{-o^^ c/t^ia^âemejzâGGf c/ed</line>
<line>e/- ??w^mmenè:i 'na^-ÜM^ef (/a?u .^eJ.^eanceôcfi^'......â.i....,.jf^^ .</line></par>
</text>
</block>
<block><region><rect/></region>
<text>
<par>
<line>3o</line></par>
</text>
</block>
<block><region><rect/></region>
<text>
<par/>
</text>
</block>
<block><region><rect/></region>
<text>
<par/>
</text>
</block>
<block><region><rect/><rect/></region>
<text>
<par>
<line>/09'^iGi^??te'?t/- e■?^ (faie ffG.....Z^...(Ù.&amp;c^^G?Gk:/^Ârf..'^.^..G^... ï:</line></par>
<par>
<line>J G^,jJ . tSfa;2(^...^........'</line></par>
</text>
</block>
<block><region><rect/></region>
<text>
<par>
<line>1</line></par>
</text>
</block>
<block><region><rect/></region>
<text>
<par/>
</text>
</block>
<block><region><rect/></region>
<text>
<par>
<line>4</line></par>
</text>
</block>
<block><region><rect/><rect/><rect/><rect/></region>
<text>
<par>
<line>o4//’ /a yM^(^wzUÜ09v (/a cf ^/a/ cfed ;</line></par>
<par>
<line>^eaïùx-^tyf'f^, /</line></par>
<par>
<line>a^mei^ :</line></par>
<par>
<line>^ir67.</line></par>
</text>
</block>
<block><region><rect/></region>
<text>
<par>
<line>-rZZ</line></par>
</text>
</block>
<block><region><rect/></region>
<text>
<par>
<line>•‘"“K</line></par>
</text>
</block>
<block><region><rect/><rect/><rect/></region>
<text>
<par/>
</text>
</block>
<block><region><rect/></region>
<text>
<par/>
</text>
</block>
<block><region><rect/></region>
<text>
<par>
<line>.y</line></par>
</text>
</block>
<block><region><rect/></region>
<text>
<par>
<line>%Lfù.Æ3&lt;r£f^M:ê3f...</line></par>
</text>
</block>
<block><region><rect/></region>
<text>
<par>
<line>GG- æ4-</line></par>
</text>
</block>
<block><region><rect/></region>
<text>
<par>
<line>C^^-T^-y^^-TGC-t-T^ e</line></par>
</text>
</block>
<block blockType="Table" blockName="" l="1515" t="2690" r="2181" b="2978"><region><rect/></region>
<row>
<cell leftBorder="White" rightBorder="White" width="332" height="97">
<text>
<par/>
</text></cell>
<cell leftBorder="White" rightBorder="White" width="149" height="97">
<text>
<par>
<line>^ t</line></par>
</text></cell>
<cell leftBorder="White" rightBorder="White" width="185" height="97">
<text>
<par>
<line>) -4^^</line></par>
<par>
<line>/ cy^-sfi...</line></par>
</text></cell></row>
<row>
<cell leftBorder="White" rightBorder="White" width="332" height="93">
<text>
<par/>
</text></cell>
<cell leftBorder="White" rightBorder="White" width="149" height="93">
<text>
<par>
<line>-A</line></par>
</text></cell>
<cell leftBorder="White" rightBorder="White" width="185" height="93">
<text>
<par/>
</text></cell></row>
<row>
<cell colSpan="3" leftBorder="White" rightBorder="White" width="666" height="98">
<text>
<par/>
</text></cell></row>
</block>
<block><region><rect/><rect/><rect/><rect/><rect/></region>
<text>
<par>
<line>(1/</line></par>
</text>
</block>
<block><region><rect/><rect/><rect/><rect/><rect/></region>
<text>
<par>
<line>...£.é±^... .:.^^^CM^TTU Â:) cf '7?W7ll{'7?ienÙ</line></par>
</text>
</block>
<block><region><rect/></region>
<text>
<par>
<line>£7</line></par>
</text>
</block>
<block><region><rect/></region>
<text>
<par>
<line>7i7Um'ef cfo ç^cicé&amp;?'e a/T^MïŸ^ùe'.</line></par>
</text>
</block>












































</page>
<page width="2525" height="3525" resolution="300">
<block><region><rect/></region>
<text>
<par/>
</text>
</block>
<block><region><rect/></region>
<text>
<par/>
</text>
</block>
<block><region><rect/></region>
<text>
<par/>
</text>
</block>
<block><region><rect/></region>
<text>
<par/>
</text>
</block>
<block><region><rect/><rect/><rect/><rect/><rect/><rect/><rect/></region>
<text>
<par>
<line>c/u' {/e/zao^àmia/??/</line></par>
</text>
</block>
<block><region><rect/><rect/><rect/><rect/><rect/><rect/><rect/><rect/></region>
<text>
<par>
<line>, 60iù</line></par>
<par>
<line>e/.... .céc^^</line></par>
</text>
</block>
<block><region><rect/></region>
<text>
<par>
<line>r</line></par>
</text>
</block>
<block><region><rect/><rect/><rect/><rect/></region>
<text>
<par>
<line>m re^zo'nd'O^Âif, c/uicmi e^ ce ceuf' ^</line></par>
</text>
</block>
<block><region><rect/></region>
<text>
<par>
<line>co-?iceyr7ie^ c^ ^?i eccec/càen.</line></par>
</text>
</block>
<block><region><rect/></region>
<text>
<par/>
</text>
</block>
<block><region><rect/><rect/></region>
<text>
<par>
<line>y</line></par>
</text>
</block>
<block><region><rect/></region>
<text>
<par>
<line>J</line></par>
</text>
</block>
<block><region><rect/></region>
<text>
<par/>
</text>
</block>
<block><region><rect/></region>
<text>
<par>
<line>.z..e?..Ai?...</line></par>
</text>
</block>













</page>
<page width="2686" height="3637" resolution="300">
<block><region><rect/></region>
<text>
<par>
<line>nSï</line></par>
</text>
</block>
<block><region><rect/></region>
<text>
<par/>
</text>
</block>
<block><region><rect/></region>
<text>
<par>
<line>cy</line></par>
</text>
</block>
<block><region><rect/></region>
<text>
<par>
<line>-C</line></par>
</text>
</block>
<block><region><rect/></region>
<text>
<par>
<line>L</line></par>
</text>
</block>
<block><region><rect/></region>
<text>
<par/>
</text>
</block>
<block><region><rect/></region>
<text>
<par/>
</text>
</block>
<block><region><rect/></region>
<text>
<par>
<line>as</line></par>
</text>
</block>
<block><region><rect/></region>
<text>
<par>
<line>O</line></par>
</text>
</block>
<block><region><rect/></region>
<text>
<par/>
</text>
</block>
<block><region><rect/></region>
<text>
<par>
<line>'4-</line></par>
</text>
</block>
<block><region><rect/></region>
<text>
<par/>
</text>
</block>
<block><region><rect/></region>
<text>
<par/>
</text>
</block>
<block><region><rect/></region>
<text>
<par>
<line>uj</line></par>
</text>
</block>
<block><region><rect/></region>
<text>
<par/>
</text>
</block>
<block><region><rect/></region>
<text>
<par/>
</text>
</block>
<block><region><rect/></region>
<text>
<par>
<line>eu</line></par>
</text>
</block>
<block><region><rect/></region>
<text>
<par>
<line>“1</line></par>
</text>
</block>
<block><region><rect/></region>
<text>
<par>
<line>nfl</line></par>
</text>
</block>
<block><region><rect/></region>
<text>
<par>
<line>«U</line></par>
</text>
</block>
<block><region><rect/></region>
<text>
<par>
<line>t=</line></par>
</text>
</block>
<block><region><rect/></region>
<text>
<par>
<line>&lt;c</line></par>
</text>
</block>
<block><region><rect/></region>
<text>
<par>
<line>vy</line></par>
</text>
</block>
<block><region><rect/></region>
<text>
<par/>
</text>
</block>
<block><region><rect/></region>
<text>
<par>
<line>h</line></par>
</text>
</block>
<block><region><rect/></region>
<text>
<par>
<line>P'</line></par>
</text>
</block>
<block><region><rect/></region>
<text>
<par>
<line>&gt;&lt;</line></par>
</text>
</block>
<block><region><rect/></region>
<text>
<par>
<line>Ln</line></par>
</text>
</block>
<block><region><rect/></region>
<text>
<par/>
</text>
</block>
<block><region><rect/></region>
<text>
<par/>
</text>
</block>
<block><region><rect/></region>
<text>
<par>
<line>m</line></par>
</text>
</block>
<block><region><rect/></region>
<text>
<par/>
</text>
</block>
<block><region><rect/></region>
<text>
<par>
<line>U-</line></par>
</text>
</block>
<block blockType="Table" blockName="" l="1856" t="672" r="2279" b="1030"><region><rect/></region>
<row>
<cell leftBorder="White" topBorder="White" rightBorder="White" bottomBorder="White" width="100" height="98">
<text>
<par/>
</text></cell>
<cell leftBorder="White" topBorder="White" rightBorder="White" bottomBorder="White" width="146" height="98">
<text>
<par>
<line>'V</line></par>
</text></cell>
<cell leftBorder="White" topBorder="White" rightBorder="White" bottomBorder="White" width="101" height="98">
<text>
<par>
<line>Ci</line></par>
<par>
<line>-E?</line></par>
</text></cell>
<cell leftBorder="White" topBorder="White" rightBorder="White" bottomBorder="White" width="76" height="98">
<text>
<par>
<line>"(Ü</line></par>
<par>
<line>^-9</line></par>
</text></cell></row>
<row>
<cell leftBorder="White" topBorder="White" rightBorder="White" bottomBorder="White" width="100" height="29">
<text>
<par/>
</text></cell>
<cell leftBorder="White" topBorder="White" rightBorder="White" bottomBorder="White" width="146" height="29">
<text>
<par/>
</text></cell>
<cell leftBorder="White" topBorder="White" rightBorder="White" bottomBorder="White" width="101" height="29">
<text>
<par/>
</text></cell>
<cell leftBorder="White" topBorder="White" rightBorder="White" bottomBorder="White" width="76" height="29">
<text>
<par/>
</text></cell></row>
<row>
<cell leftBorder="White" topBorder="White" rightBorder="White" bottomBorder="White" width="100" height="47">
<text>
<par>
<line>«U</line></par>
</text></cell>
<cell leftBorder="White" topBorder="White" rightBorder="White" bottomBorder="White" width="146" height="47">
<text>
<par/>
</text></cell>
<cell leftBorder="White" topBorder="White" rightBorder="White" bottomBorder="White" width="101" height="47">
<text>
<par/>
</text></cell>
<cell leftBorder="White" topBorder="White" rightBorder="White" bottomBorder="White" width="76" height="47">
<text>
<par/>
</text></cell></row>
<row>
<cell leftBorder="White" topBorder="White" rightBorder="White" bottomBorder="White" width="100" height="36">
<text>
<par/>
</text></cell>
<cell leftBorder="White" topBorder="White" rightBorder="White" bottomBorder="White" width="146" height="36">
<text>
<par/>
</text></cell>
<cell leftBorder="White" topBorder="White" rightBorder="White" bottomBorder="White" width="101" height="36">
<text>
<par/>
</text></cell>
<cell leftBorder="White" topBorder="White" rightBorder="White" bottomBorder="White" width="76" height="36">
<text>
<par/>
</text></cell></row>
<row>
<cell leftBorder="White" topBorder="White" rightBorder="White" bottomBorder="White" width="100" height="72">
<text>
<par>
<line>s</line></par>
</text></cell>
<cell leftBorder="White" topBorder="White" rightBorder="White" bottomBorder="White" width="146" height="72">
<text>
<par>
<line>■&lt;^i</line></par>
<par>
<line>*-«2</line></par>
<par>
<line>U</line></par>
</text></cell>
<cell leftBorder="White" topBorder="White" rightBorder="White" bottomBorder="White" width="101" height="72">
<text>
<par/>
</text></cell>
<cell leftBorder="White" topBorder="White" rightBorder="White" bottomBorder="White" width="76" height="72">
<text>
<par/>
</text></cell></row>
<row>
<cell leftBorder="White" topBorder="White" rightBorder="White" bottomBorder="White" width="100" height="76">
<text>
<par/>
</text></cell>
<cell leftBorder="White" topBorder="White" rightBorder="White" bottomBorder="White" width="146" height="76">
<text>
<par>
<line>ÎJJ</line></par>
</text></cell>
<cell leftBorder="White" topBorder="White" rightBorder="White" bottomBorder="White" width="101" height="76">
<text>
<par/>
</text></cell>
<cell leftBorder="White" topBorder="White" rightBorder="White" bottomBorder="White" width="76" height="76">
<text>
<par/>
</text></cell></row>
</block>






























</page>
</AC2>