<?xml version="1.0" encoding="UTF-8"?><AC2>
<page width="2492" height="3517" resolution="300">
<block><region><rect/></region>
<text>
<par>
<line>REPUBLIQUE FRANÇAISE</line></par>
</text>
</block>
<block><region><rect/></region>
<text>
<par>
<line>MINISTERE DE L’ ECOLOGIE, DU DEVELOPPEMENT</line>
<line>ET DE L’AMENAGEMENT DURABLES</line></par>
</text>
</block>
<block><region><rect/></region>
<text>
<par>
<line>ARRÊTÉ</line></par>
</text>
</block>
<block><region><rect/></region>
<text>
<par>
<line>portant inscription à l’inventaire des sites du département de la Martinique d’un ensemble de</line>
<line>quinze îlets sur le territoire des communes du François et du Robert</line></par>
</text>
</block>
<block><region><rect/></region>
<text>
<par>
<line>Le ministre d’Etat, ministre de l'écologie, du développement et de l'aménagement durables,</line></par>
<par>
<line>VU le code de l’environnement et notamment ses articles L.341-1 et R.341-1 et suivants ;</line></par>
<par>
<line>VU la délibération du conseil municipal de la commune du François en date du 19 juillet</line>
<line>2005 ;</line></par>
<par>
<line>VU la délibération du conseil municipal de la commune du Robert en date du 3 octobre</line>
<line>2005 ;</line></par>
<par>
<line>VU les avis émis par la commission départementale des sites, perspectives et paysages de la</line>
<line>Martinique en sa séance du 2 juin 2005 et par la commission départementale de la nature,</line>
<line>des paysages et des sites de la Martinique en sa séance du 13 février 2007 ;</line></par>
<par>
<line>CONSIDERANT que la préservation d’un ensemble de quinze îlets sur le territoire des</line>
<line>communes du François et du Robert présente, en raison de son caractère pittoresque, un</line>
<line>intérêt général au sens de l’article L. 341-1 du code de l’environnement.</line></par>
</text>
</block>
<block><region><rect/></region>
<text>
<par>
<line>ARRÊTE</line></par>
</text>
</block>
<block><region><rect/></region>
<text>
<par>
<line>Article 1</line></par>
</text>
</block>
<block><region><rect/></region>
<text>
<par>
<line>Est inscrit à l’inventaire des sites du département de la Martinique, sur le territoire des</line>
<line>communes du François et du Robert, un ensemble de quinze îlets d’une surface totale de 380</line>
<line>hectares, dont 235 hectares pour le domaine public maritime, délimité comme suit</line>
<line>conformément à la carte au 1/30.000° annexée au présent arrêté.</line></par>
</text>
</block>



















</page>
<page width="2493" height="3518" resolution="300">
<block><region><rect/></region>
<text>
<par>
<line>2</line></par>
</text>
</block>
<block><region><rect/></region>
<text>
<par>
<line>Commune du François :</line></par>
<par>
<line>- la totalité du territoire des îlets dénommés ; Frégate, Lapins, Lavigne, Long, Oscar, Pelé,</line>
<line>Thierry, ainsi que le domaine public maritime environnant ces Hets sur une largeur de cent</line>
<line>mètres, au-delà de la limite de la zone des cinquante pas géométriques ;</line></par>
</text>
</block>
<block><region><rect/></region>
<text>
<par>
<line>Commune du Robert :</line></par>
<par>
<line>- la totalité du territoire des îlets dénommés : Boisseau, Chancel, La Grotte, Loup-Garou,</line>
<line>Madame, Petite Martinique, Petit Piton, Petit Vincent, ainsi que le domaine public maritime</line>
<line>environnant ces îlets sur une largeur de cent mètres au-delà de la limite de la zone des</line>
<line>cinquante pas géométriques.</line></par>
</text>
</block>
<block><region><rect/></region>
<text>
<par>
<line>Article 2</line></par>
</text>
</block>
<block><region><rect/></region>
<text>
<par>
<line>Le présent arrêté sera notitié au préfet de la Martinique et aux maires des communes du</line>
<line>François et du Robert qui seront responsables, chacun en ce qui le concerne, de son</line>
<line>exécution.</line></par>
</text>
</block>
<block><region><rect/></region>
<text>
<par>
<line>Piour l« Min Etre et par Délégation</line>
<line>L£ DIRECTEUJ^ IE LA NATURE ET DES PAYSAGES</line></par>
</text>
</block>
<block><region><rect/></region>
<text>
<par>
<line>JEAt*-MARC MICHEL</line></par>
</text>
</block>























</page>
</AC2>