<?xml version="1.0" encoding="UTF-8"?><AC2>
<page width="2479" height="3508" resolution="300">
<block><region><rect/></region>
<text>
<par>
<line>REPUBLIQUE FRANÇAISE</line></par>
</text>
</block>
<block><region><rect/></region>
<text>
<par>
<line>MINISTERE DE L’ENVIRONNEMENT</line></par>
<par>
<line>Direction de l’Urbanisme et des Paysages</line></par>
<par>
<line>Arrêté du 24 juin 1982</line></par>
<par>
<line>portant inscription sur la liste des sites présentant un intérêt</line>
<line>artistique, historique, scientifique, légendaire ou pittoresque</line>
<line>de la COLLINE DE MONTABO</line></par>
</text>
</block>
<block><region><rect/></region>
<text>
<par>
<line>Le Ministre de l’Environnement,</line></par>
<par>
<line>VU la loi du 2 mai 1930 réorganisant la protection des monuments naturels et des sites de caractère artistique, historique,</line>
<line>scientifique, légendaire ou pittoresque, modifiée par la loi n° 67.1174 du 28 décembre 1967 ;</line></par>
<par>
<line>VU le décret n° 69.607 du 13 juin 1969 portant application des articles 4 et 5.1 de la loi du 2 mai 1930 sur la protection des sites ;</line></par>
<par>
<line>VU le décret n° 70.288 du 31 mars 1970 relatif à la composition et au fonctionnement des commissions départementales et</line>
<line>supérieure des sites ;</line></par>
<par>
<line>CONSIDERANT que l'ensemble formé sur la commune de Cayenne (Guyane) par la colline de Montabo constitue un site de</line>
<line>caractère pittoresque dont la préservation revêt un caractère d'intérêt général au sens de l'article 4 de la loi du 2 mai 1930 ;</line></par>
<par>
<line>VU l'avis émis le 11 mai 1979 par le conseil municipal de Cayenne ;</line></par>
<par>
<line>VU les délibérations du 16 décembre 1977, du 6 juin 1979, du 21 mai 1981 de la commission départementale des sites, perspectives</line>
<line>et paysages du département de la Guyane ;</line></par>
</text>
</block>
<block><region><rect/></region>
<text>
<par>
<line>ARRÊTE</line></par>
</text>
</block>
<block><region><rect/></region>
<text>
<par>
<line>Article ler</line></par>
<par>
<line>Est inscrit sur l'inventaire des sites pittoresques du département de la Guyane l'ensemble formé sur la commune de CAYENNE par la</line>
<line>colline de MONTABO et délimité comme suit, dans le sens des aiguilles d'une montre conformément au plan annexé au présent</line>
<line>arrêté :</line></par>
<par>
<line>Section AR :</line></par>
</text>
</block>
<block><region><rect/></region>
<text>
<par>
<line>au Nord</line></par>
<par>
<line>• le littoral depuis la limite sud-ouest de la parcelle 30 C jusqu'à la limite nord de la parcelle 4a ;</line></par>
<par>
<line>• la limite nord des Parcelles n° 4a et 4b ;</line>
<line>à l'Est :</line></par>
<par>
<line>• limite Est de la parcelle 4 b ;</line></par>
<par>
<line>Au Sud-Est :</line></par>
<par>
<line>• limite Sud-Est des parcelles n° 4 b, 3c, 3a, 50, 49c, 49a, 49b ;</line></par>
<par>
<line>• la mitoyenneté de la parcelle 57 avec les Parcelles 49b, 49a, 56b ;</line></par>
<par>
<line>• la limite sud-est de la parcelle n° 16 a ;</line></par>
<par>
<line>• limites Est des parcelles n° 16b et 16c ;</line></par>
<par>
<line>• limites sud-est des parcelles 16c et 17 ;</line></par>
<par>
<line>• la limite sud-ouest de la parcelle 17 ;</line></par>
<par>
<line>• la limite sud-est de la parcelle 25.</line></par>
<par>
<line>Au Sud :</line></par>
<par>
<line>• la limite nord des parcelles 43 et 44 (non comprises) ;</line></par>
<par>
<line>• le côté nord du C.D. n°1 dit du Tour</line></par>
<par>
<line>• les limites nord des Parcelles n° 45 et 46 (non comprises)</line></par>
<par>
<line>A l’ouest :</line></par>
<par>
<line>• les limites ouest des parcelles 35 d, puis 30 c jusqu'au littoral (point de départ).</line></par>
</text>
</block>
<block><region><rect/></region>
<text>
<par>
<line>Article 2</line></par>
<par>
<line>Le présent arrêté sera notifié au Préfet de la région GUYANE, Préfet du département de la GUYANE et au Maire de la commune de</line>
<line>CAYENNE qui seront responsables, chacun en ce qui le concerne, de son exécution.</line></par>
<par>
<line>Fait à PARIS, le 24 juin 1982</line></par>
<par>
<line>Pour le Ministre et par délégation</line></par>
<par>
<line>Pour le Directeur de l’Urbanisme et des Paysages</line></par>
<par>
<line>Le Chef de Service de l’Espace et des Sites</line></par>
<par>
<line>L. CHABASON</line></par>
</text>
</block>
<block><region><rect/></region>
<text>
<par>
<line>DIREN Guyane - 15/10/15 - Fac similé, le document original est disponible au recueil des actes administratifs du département.</line></par>
</text>
</block>


</page>
</AC2>