<?xml version="1.0" encoding="UTF-8"?><AC2>
<page width="1687" height="2362" resolution="200">
<block><region><rect/></region>
<text>
<par>
<line>JBP/JO</line></par>
</text>
</block>
<block><region><rect/></region>
<text>
<par>
<line>République Prançaiso</line></par>
</text>
</block>
<block><region><rect/></region>
<text>
<par>
<line>Ministère d'Btat</line>
<line>Affaires CulturGlles</line></par>
</text>
</block>
<block><region><rect/></region>
<text>
<par>
<line>ARRET</line></par>
</text>
</block>
<block><region><rect/></region>
<text>
<par>
<line>Le Ministre d'Etat charge des</line>
<line>Affaires Culturelles</line></par>
</text>
</block>
<block><region><rect/></region>
<text>
<par>
<line>VU la loi du 2 Mai 1930 modifiée par la loi de programme</line>
<line>n° 67-1174 du 28 Décembre 1967 réorganisant la protec¬</line>
<line>tion des Monuments Naturels et des sites de caractère</line>
<line>artistique, historique, scientifique, légendaire ou</line>
<line>pittoresque et notamment les articles 4 et 8 5</line></par>
<par>
<line>VU la loi du 12 Avril 1943 portant réglementation de la</line>
<line>publicité et dos enseignes et notamment les articles 5</line>
<line>et 9 ?</line></par>
<par>
<line>VU le décret du 3 Février 1959 relatif aux attributions</line>
<line>d*'un Ministre d'Etat 5</line></par>
<par>
<line>VU le décret du 24 Juillet 1959 portant organisation du</line>
<line>-, î-linistère des Affaires Culturelles 5</line></par>
<par>
<line>VU le décret du 9 Février 1968 portant application du décret</line>
<line>du 7 Février 1959 modifié, relatif au caraping, ot notam¬</line>
<line>ment les articles 2 et 6 5</line></par>
<par>
<line>VU les adhésions au classeuient données par les propriétaires</line>
<line>intéressés ;</line></par>
<par>
<line>VU la délibération du 15 Juillet 1963 de la Section Perma¬</line>
<line>nente de la Commission départementale des Sites, Perspec¬</line>
<line>tives et Paysages du Morbihan ;</line></par>
<par>
<line>VU l'avis émis le 4 Octobre 1968 par le Conseil Municipal de</line>
<line>LANVAUDAN ?</line></par>
</text>
</block>
<block><region><rect/></region>
<text>
<par>
<line>ARRETS s</line></par>
</text>
</block>
<block><region><rect/></region>
<text>
<par>
<line>Article 1er - Est classé parmi les Sites pittoresques l'en¬</line>
<line>semble formé à LANVAUDAiT (Morbihan) par l'église et le</line>
<line>cimetière et comprenant les parcelles cadastrales ci-après :</line></par>
<par>
<line>Section A - N^s 977, 978, 1024 et 1029*</line></par>
</text>
</block>
<block><region><rect/></region>
<text>
<par>
<line>.../</line></par>
</text>
</block>
<block><region><rect/></region>
<text>
<par>
<line>/</line></par>
</text>
</block>


</page>
<page width="1670" height="2350" resolution="200">
<block><region><rect/></region>
<text>
<par>
<line>2</line></par>
</text>
</block>
<block><region><rect/></region>
<text>
<par>
<line>Article,.2 - Est inscrit sur l'Inventaire des Sites l'en-</line>
<line>sem.lle foraé sur la coiiimune de LAirVAÜlAI^ par le centre</line>
<line>du bourg et coiiiprenant les parcelles cadastrales suivantes</line>
<line>de la Section A s</line></par>
<par>
<line>NOS 923 à 928 inclus^ 930 à 933 inclus, 936 ? 939 ? 941 à</line>
<line>943 inclus % 971 à 976 indlus \ 982 ; 98:? ; 990 ; 1012 ^</line>
<line>1013 ?à 1023 inclus 5 1026 à 1028 inclus ; 1299 ?</line></par>
<par>
<line>1301 5 1304 ; 1320 et 1368,</line></par>
</text>
</block>
<block><region><rect/></region>
<text>
<par>
<line>Article 3 - le présent arrêté sera notifié au Préfet du</line>
<line>dép~ârteuiënt du Norbihan, au Ilaire de la ooiiaune de LANYAUIAN</line>
<line>et aux propriétaires intéressés, q,ui seronc responsables,</line>
<line>chacun en ce qui le concerne, do son exécution.</line></par>
</text>
</block>
<block><region><rect/></region>
<text>
<par>
<line>Paris,</line></par>
</text>
</block>
<block><region><rect/></region>
<text>
<par>
<line>Ie1 B J dit 'SS9</line></par>
</text>
</block>
<block><region><rect/></region>
<text>
<par>
<line>Pour ampliation ;</line></par>
<par>
<line>L'Administrateur Ci'î’-il</line>
<line>Chef du Pureau des Sites</line></par>
</text>
</block>
<block><region><rect/></region>
<text>
<par>
<line>Pour le Ilinistre et par délégation s</line>
<line>Le Directeur de 1 ' ^-rchitecture</line></par>
</text>
</block>
<block><region><rect/></region>
<text>
<par>
<line>s i:ichel DINIEUL.</line></par>
</text>
</block>
<block><region><rect/></region>
<text>
<par>
<line>' /</line></par>
<par>
<line>Signé ; Jean lZ?.dY.</line></par>
</text>
</block>
<block><region><rect/></region>
<text>
<par>
<line>Signé</line></par>
</text>
</block>


</page>
</AC2>