<?xml version="1.0" encoding="UTF-8"?><AC2>
<page width="2554" height="3559" resolution="300">
<block><region><rect/></region>
<text>
<par>
<line>TH/BM</line></par>
</text>
</block>
<block><region><rect/></region>
<text>
<par>
<line>REPUBLIQUE FRANÇAISE</line></par>
</text>
</block>
<block><region><rect/></region>
<text>
<par>
<line>MINISTERE DE LA QUALITE DE LA VIE</line>
<line>(ENVIRONNEMENT)</line></par>
</text>
</block>
<block><region><rect/><rect/></region>
<text>
<par>
<line>fv ^ \</line></par>
</text>
</block>
<block><region><rect/></region>
<text>
<par>
<line>r.</line></par>
</text>
</block>
<block><region><rect/></region>
<text>
<par>
<line>DECRET</line></par>
</text>
</block>
<block><region><rect/></region>
<text>
<par>
<line>Portant classement parmi les sites pittoresques de 1'îlot du PERRON à</line>
<line>SAINT-BRIAC-sur-MER (îlle et Vilaine).</line></par>
</text>
</block>
<block><region><rect/></region>
<text>
<par>
<line>LE PREMIER MINISTRE</line></par>
<par>
<line>SUR le rapport du Ministre de la Qualité de la Vie</line></par>
</text>
</block>
<block><region><rect/></region>
<text>
<par>
<line>VU la loi du 2 mai 1930 réorganisant la protection des monuments naturels</line>
<line>et des sites de caractère artistique, historique, scientifique, légen¬</line>
<line>daire ou pittoresque modifiée par la loi n° 67.117^ du 28 décembre</line>
<line>1967 et notamment les articles S-lj 6, 8, 10 et 12, ensemble le</line>
<line>décret n° 69.607 du 13 juin I969 pris pour son application j</line></par>
<par>
<line>VU la loi n° 217 du 12 avril 1943 portant réglementation de la publicité</line>
<line>et des enseignes et notamment les articles 5 et 9 ;</line></par>
<par>
<line>VU le décret n° 68,134 du 9 février 1968 portant application du décret</line>
<line>n° 59*275 du 7 février 1959 modifié relatif au camping et notamment</line>
<line>les articles 2 et 6 ;</line></par>
<par>
<line>VU le décret n° 72,57 du 11 janvier 1972 relatif au stationnement des</line>
<line>caravanes ;</line></par>
<par>
<line>VU la loi n° 63.1178 du 28 novembre 1963 relative au domaine public</line>
<line>maritime et les décrets n° 66.413 du 17 juin 1966, n“ 69.27O du</line>
<line>24 mars 1969, n“ 71.119 du 5 février 1971, et n° 72.612 du 27 juin 1972</line>
<line>pris pour son application}</line></par>
<par>
<line>VU la loi n° 71*1Q60 du 24 décembre 1971 relative à la délimitation des</line>
<line>eaux territoriales françaises}</line></par>
<par>
<line>VU le décret n° 73*931 du 28 septembre 1973 étendant au département de</line>
<line>l'ïlle et Vilaine, les dispositions du décret n° 59*768 du 26 juin</line>
<line>1959 tendant à préserver le caractère de certains départements ;</line></par>
<par>
<line>VU les conclusions de l'enquête qui après notification au propriétaire et</line>
<line>publication par affichage certifiée par le maire a été effectuée en</line>
<line>application de l'article 5*1» susvisé de la loi du 2 mai 1930 modifiée</line>
<line>et des articles 4 et 5 du décret n° 6O.607 du 13 juin 1969 et notamment</line>
<line>le refus d'adhésion du propriétaire ;</line></par>
</text>
</block>
<block><region><rect/></region>
<text>
<par/>
</text>
</block>

</page>
<page width="2517" height="3533" resolution="300">
<block><region><rect/></region>
<text>
<par>
<line>2</line></par>
</text>
</block>
<block><region><rect/></region>
<text>
<par>
<line>VU les accords donnés le 19 mars 1973 et le 13 février 197^ par le</line></par>
<par>
<line>Ministère de l'Aménagement du Territoire, de l'Equipement, du Logement</line>
<line>et du Tourisme ;</line></par>
<par>
<line>VU l'accord donné le 3 juillet 1973 par le Ministère des Finances,</line>
<line>Direction Générale des Impôts, Service des Affaires Foncières et</line>
<line>Domaniales ;</line></par>
<par>
<line>VU l'avis émis par la Commission départementale des sites, perspectives</line>
<line>et paysages dans séance du 2 mars1973 ;</line></par>
<par>
<line>VU l'avis émis par la Commission Supérieure des Sites, Perspectives et</line>
<line>Paysages dans sa séance du 9 mai 1973 j</line></par>
<par>
<line>Le Conseil d'Etat (section des Travaux Publics) entendu,</line></par>
</text>
</block>
<block><region><rect/></region>
<text>
<par>
<line>DECRETE ;</line></par>
<par>
<line>Article 1er ; Est classé parmi les sites pittoresques du département de</line>
<line>1'Ille-et-Vilaine, l'ensemble formé sur la commune de Saint-Briac-sur-</line>
<line>Mer par l'ilôt du Perron, comprenant la parcelle n° 19 de la section</line>
<line>A du cadastre, telle qu'elle figure sur le plan cadastral au l/l 250°</line>
<line>annexé au présent décret.</line></par>
<par>
<line>Article 2 : Est également classé le domaine public maritime de l'Etat</line>
<line>tel qu'il est délimité par les points côtés réunis par un trait rouge</line>
<line>sur la minute topographique n° 3 au 1/10,000° de Saint-Malo ci-annex6e</line>
<line>et énumérés à partir de la côte 2,4 dans le sens contraire des aiguilles</line>
<line>d'une montre :</line></par>
<par>
<line>2,4 - 6,9 - 11,7 - 6,7 - 6 - 1,8 - 2,i - 8,i - 10,2 - ii,2 - 6,4 -</line></par>
<par>
<line>Article 3 î Le présent décret sera notifié au Préfet du département de</line>
<line>1'Ille-et-Vilaine, au maire de la commune de Saint-Briac-sur-Mer, ainsi</line>
<line>qu'au propriétaire intéressé.</line></par>
<par>
<line>Article 4 : Il sera publié au Bureau des Hypothèques de la situation du</line>
<line>site classé dans les conditions prévues par l'article 10 de la loi du</line>
<line>2 mai 1930 et reporté au plan d'occupation des sols conformément aux</line>
<line>dispositions de l'article 8 du décret du 13 juin 1969 susvisé.</line></par>
<par>
<line>Article 5 : Le Ministre de la Qualité de la Vie, le Secrétaire d'Etat</line>
<line>auprès du Ministre de la Qualité de la Vie (Environnement), le Ministre</line>
<line>de l'Equipement sont chargés, chacun en ce qui le concerne, de l'exécution</line>
<line>du présent décret qui sera publié au Journal Officiel de la République</line>
<line>Française,</line></par>
<par>
<line>Fait à Paris, le 26 septembre 197^</line></par>
</text>
</block>
<block><region><rect/></region>
<text>
<par>
<line>Par le Premier Ministre</line></par>
</text>
</block>
<block><region><rect/><rect/><rect/><rect/></region>
<text>
<par>
<line>Pour ampliation</line>
<line>le Directeur de la Mission de</line>
<line>l'Envinpnnemçijat Rural et Urbain</line>
<line>-</line></par>
</text>
</block>
<block><region><rect/></region>
<text>
<par>
<line>Jacques CHIRAC</line></par>
<par>
<line>Le Ministre de la Qualité de la Vie</line>
<line>André, JARROT</line></par>
</text>
</block>
<block><region><rect/></region>
<text>
<par>
<line>Ph. PRUVOST</line></par>
</text>
</block>







</page>
</AC2>