<?xml version="1.0" encoding="UTF-8"?><AC2>
<page width="1742" height="2232" resolution="200">
<block><region><rect/></region>
<text>
<par>
<line>Ministère d'Btat</line>
<line>/iffaires Culturelles</line></par>
</text>
</block>
<block><region><rect/></region>
<text>
<par>
<line>République française</line></par>
</text>
</block>
<block><region><rect/></region>
<text>
<par>
<line>- 1 FFî’</line></par>
</text>
</block>
<block><region><rect/></region>
<text>
<par>
<line>A R R S T E</line></par>
</text>
</block>
<block><region><rect/></region>
<text>
<par>
<line>Le Ministre d'Etat</line>
<line>char.^é des iiffaires Culturelles</line></par>
</text>
</block>
<block><region><rect/></region>
<text>
<par>
<line>VU la loi du 2 mai 1930 réorganisant la protection des monuments</line>
<line>naturels et des sites de caractère artistique, historique,</line>
<line>scientifique, légendaire ou pittoresque et notamment l'arti¬</line>
<line>cle 4 ;</line></par>
<par>
<line>VU la loi du 12 avril 1943 portant réglementation de la publici¬</line>
<line>té et des enseignes, et notamment les articles 5 &amp; 9 ;</line></par>
<par>
<line>VU le décret du 3 février 1959 relatif aux attributions d'un</line>
<line>Ministre d'Etat ;</line></par>
<par>
<line>VU le décret du 24 juillet 1959 portant organisation du Ministère</line>
<line>d'Etat chargé des Affaires Culturelles ;</line></par>
<par>
<line>VU le décret du 18 mars i960 portant application du décret du</line>
<line>7 février 1959 relatif au camping et notamment les articles</line>
<line>2 &amp; 6 ;</line></par>
<par>
<line>VU l'arrêté du 13 aodt 1962 portant clas .■eraent du site de Bro'él</line>
<line>gur Vilaine ;</line></par>
<par>
<line>VU l'avis émis par la Section Permanente de la Commission dépar¬</line>
<line>tementale des Sites, Perspectives et Paysages du Morbihan,</line>
<line>dans sa séance du 27 décembre 1961 ;</line></par>
<par>
<line>ARRETE;</line></par>
<par>
<line>Article 1er - Est inscrit à l'Inventaire des Sites pittoresques</line></par>
<par>
<line>du ~départ^ent du Morbihan, l'ensemble de "Bro'él-sur-Vilaine"</line></par>
<par>
<line>situé sur la commune de ARZAL et comprenant les parcelles cadas¬</line>
<line>trales suivantes ;</line></par>
<par>
<line>Section E : Numéros 214 à 219 inclus, 222 à 224 inclus, 248,</line></par>
<par>
<line>331 et 467.</line></par>
<par>
<line>Section P : Numéros 183 à 186 inclus, 196 à 198 inclus et 247.</line></par>
</text>
</block>
<block><region><rect/></region>
<text>
<par/>
</text>
</block>





</page>
<page width="1717" height="2213" resolution="200">
<block><region><rect/></region>
<text>
<par>
<line>2</line></par>
</text>
</block>
<block><region><rect/></region>
<text>
<par>
<line>/irtiole 2 - CGtto dioision conplc,to le;-: dispositions do</line>
<line>l'arrôtc de cl^s^ouont du 13 3iOÛt 1962 susvisé,</line></par>
<par>
<line>Artic3-e 3 - Le présent arrêté s.ra notifie au Préfet du</line>
<line>iiortihan au Plaire do la ''‘ionieune de et avuï propri^:.taircs</line></par>
<par>
<line>intéressés qui seront responsables, chacun en ce qui le</line>
<line>oonocrnG; de son exécution,</line></par>
<par>
<line>frticlo 4 - Il sera transcrit au bureau des hypothèques</line>
<line>de la situation du Site insorit.</line></par>
</text>
</block>
<block><region><rect/></region>
<text>
<par>
<line>Pour agipliation</line></par>
<par>
<line>’f driinistrateur 3ivil</line>
<line>chargé dos Sites,</line></par>
</text>
</block>
<block><region><rect/></region>
<text>
<par>
<line>PlEIo, le 13 Août 1962</line>
<line>Par délégation</line></par>
<par>
<line>Le Directeur G-ên .ral de l'Architecture,</line>
<line>H, PEOKIÆ.</line></par>
</text>
</block>
<block><region><rect/></region>
<text>
<par>
<line>R.COliBE</line></par>
</text>
</block>



</page>
</AC2>