<?xml version="1.0" encoding="UTF-8"?><AC2>
<page width="3324" height="4691" resolution="400">
<block><region><rect/></region>
<text>
<par>
<line>Bureau des sites</line></par>
</text>
</block>
<block><region><rect/></region>
<text>
<par/>
</text>
</block>
<block><region><rect/></region>
<text>
<par>
<line>A R RE g B</line></par>
</text>
</block>
<block><region><rect/></region>
<text>
<par>
<line>le Minis tre de 1 ! Bduc at i on îTa ti onal e</line></par>
</text>
</block>
<block><region><rect/></region>
<text>
<par>
<line>Tu la loi du E Mai 1930 rèorg^isant; la protection</line>
<line>des monuments naturela et dés sites de caractère artistique,</line>
<line>historique! ; ,soientifique, légendaire ou pittoresque et^,</line>
<line>notamment ITarticle-'-4ÿ,. ■ : A';'l-!'-</line></par>
<par>
<line>TU IVavis émis par la Commission départementale des</line>
<line>sites, perspectives et, paysages^de 1*Oise dans sa séance du</line></par>
</text>
</block>
<block><region><rect/><rect/><rect/><rect/></region>
<text>
<par>
<line>:^Article ler^-Est inscrit sur llinventaire^ des sites</line>
<line>pittbrêsques de 1^Oise.liensemdle formé^àSERLIS par les</line>
<line>façades sud de-la . rue; de; Beauvais . ' ^ ^ ^ /</line></par>
<par>
<line>Section H •- lîf® : iss81IE591 ViesIS77 à</line>
<line>, '1S79. I4E5 à 14S7. 1434 • 1435* 1449. 1450^1451</line></par>
<par>
<line>u6t if ië au Pr éf e t</line></par>
<par>
<line>du département ::ppur les iaï'chiye maire</line></par>
<par>
<line>de laicommùhe-d et xàux^propriétaires Inté^r^^ -dont</line></par>
<par>
<line>lêsy hpmé;:,f iguren^^^^ ci^annéxééi qui' sej^nt</line></par>
<par>
<line>r e spbns ablés v Ghæiih^ èài c e ■ qui • lec ohcerne, de s on exéeu t i on</line></par>
<par>
<line>• ,' ■;•, ■ / ÎARIS, lé. &gt;uyoEC.'1848^</line></par>
<par>
<line>jP@r'd-élé^alioii. ■. ,</line></par>
</text>
</block>
<block><region><rect/></region>
<text>
<par>
<line>Lô Iwretœür</line></par>
</text>
</block>
<block><region><rect/></region>
<text>
<par/>
</text>
</block>
<block><region><rect/></region>
<text>
<par>
<line>'A</line></par>
</text>
</block>
<block><region><rect/></region>
<text>
<par/>
</text>
</block>
<block><region><rect/></region>
<text>
<par/>
</text>
</block>
<block><region><rect/></region>
<text>
<par/>
</text>
</block>
<block><region><rect/></region>
<text>
<par/>
</text>
</block>
<block><region><rect/></region>
<text>
<par/>
</text>
</block>
<block><region><rect/></region>
<text>
<par/>
</text>
</block>
<block><region><rect/></region>
<text>
<par/>
</text>
</block>
<block><region><rect/></region>
<text>
<par/>
</text>
</block>















</page>
</AC2>