<?xml version="1.0" encoding="UTF-8"?><AC2>
<page width="1695" height="2368" resolution="200">
<block><region><rect/></region>
<text>
<par>
<line>RÉPUüLJQUE!: française</line></par>
</text>
</block>
<block><region><rect/></region>
<text>
<par>
<line>Mï'rxroTivixx;</line></par>
</text>
<text>
<par>
<line>‘ÎINISTFJïE DE L'EHVIRONNEîlEiïîIÎ</line>
<line>2T DU CADRE DE VIE</line></par>
</text>
</block>
<block><region><rect/></region>
<text>
<par>
<line>ARRET</line></par>
</text>
</block>
<block><region><rect/></region>
<text>
<par>
<line>Direction de l'ïïrbanlsmô</line></par>
<par>
<line>et de/ï Paysafires</line></par>
<par>
<line>- • •</line>
<line>• ^</line></par>
<par>
<line>SITES</line></par>
</text>
</block>
<block><region><rect/></region>
<text>
<par>
<line>De JUniatre de l'Environnoment «t</line>
<line>dib de- Vi«</line></par>
</text>
</block>
<block><region><rect/></region>
<text>
<par>
<line>VU la loi du 2 mai 1950» réorganisant la protection des conuaenta</line>
<line>naturels et des sites de caractère artistique, historique,</line>
<line>scientifique, légendaire ou plttoresq^ie, modifiée per la loi</line>
<line>n® 67.1174 du 28 décembre 19^7 0"^ notamniont l*article 6 ;</line></par>
<par>
<line>VU les articles 4 st 5 du décret n® 69*607 du IJ Juin 19^9 portant</line>
<line>application de l’article 5 de la loi modifié© du 2 mal 1950</line>
<line>la protection des aitea ;</line></par>
<par>
<line>VU le décret n® 70*283 du 31 mars 1970 relatif à la composition et</line>
<line>au fonctionnement des comrnisBions départementales et de la comaiB»</line>
<line>supérieure des sites }</line></par>
<par>
<line>VU la délibération du 24 octobre 1977 de la- comaiseion des sites,</line>
<line>perspectives et paysages du département des Côtes du Nord ;</line></par>
<par>
<line>VU l’avis favorable au projet de claesement du domaine publie maritim»</line>
<line>émis par le Mlniotr© du Budget dans sa lettre ©n date du</line>
<line>26 avril 1979 î</line></par>
<par>
<line>VU l'avis favorable au projet do olassemont émia par le ilinistro des</line>
<line>Transporte dans sa lettre en date du 2 mai 1979 » '</line></par>
<par>
<line>CONSlDERAlîT que le domaine public maritime correspondant à</line>
<line>l'archipel de Bréhat, constitue le prolongement et l'cnvlroriziement</line>
<line>du site de l'île, et que sa préservation revêt de ce fait un</line>
<line>caractère d'intérêt général au sens de l'article 4 de la loi</line>
<line>susvisée ;</line></par>
<par>
<line>A</line></par>
<par>
<line>ARRÊTE:</line></par>
<par>
<line>ARTICLE 1er - Est classé panai Ica sites, l'ensemble constitué par</line>
<line>le domaine public maritime incluant les divers rochers ou écueils</line>
<line>sur \me profondeur de 5OO mètres en direction du large à partie de</line>
<line>la limite terreetre telle que les délimitationg on figurent sur le</line>
<line>plan au l/25 000® ci-anneré.</line></par>
<par>
<line>ARTICLE 2 " Le Kinistre des Transports (Direction des Ports de la</line>
<line>Navigation Maritimes - Service des Phares et Balises) pourra, seins</line>
<line>autorisation préal8,ble, procéder cur travaux de balisage et de</line>
<line>signalisation maritime néceasaireo ftu maintien do la sécurité de la</line></par>
<par>
<line>navigation*</line></par>
</text>
</block>



</page>
<page width="1665" height="2347" resolution="200">
<block><region><rect/></region>
<text>
<par>
<line>ARTICLE 5 - Lô présent arrêt«? sera notifié' a'a Préfet du départam^</line>
<line>des Côtes du îTord, au Kair© de la commune de Bréhat oui seront</line>
<line>responsatloe, chacun en ce qui les concerne, de son exécution»</line></par>
<par>
<line>ARTICLE A - Le llinietro de l‘Environnement et du Cadre'dè-Yie ot</line>
<line>chargé' de Inexécution du présent arrêté' qui «era publié a^i Jourm</line>
<line>Officiel de la République Prançaise*</line></par>
</text>
</block>
<block><region><rect/></region>
<text>
<par>
<line>2 6 KARS 1380</line></par>
</text>
</block>
<block><region><rect/></region>
<text>
<par>
<line>L CHABASON</line></par>
</text>
</block>
<block><region><rect/></region>
<text>
<par>
<line>i</line></par>
</text>
</block>



</page>
</AC2>