<?xml version="1.0" encoding="UTF-8"?><AC2>
<page width="2558" height="3306" resolution="300">
<block><region><rect/></region>
<text>
<par>
<line>L. JPIE POUR. ll''vhOh;rviA'i iOi'î</line></par>
</text>
</block>
<block><region><rect/></region>
<text>
<par>
<line>/JC</line></par>
<par>
<line>îJiN dt^tat</line></par>
<par>
<line>.U'r'’AIROS CULÎUR .LL '’J</line></par>
</text>
</block>
<block><region><rect/></region>
<text>
<par>
<line>RRArTÇAI-r</line></par>
</text>
</block>
<block><region><rect/></region>
<text>
<par>
<line>Â R R</line></par>
</text>
</block>
<block><region><rect/></region>
<text>
<par>
<line>T. E</line></par>
</text>
</block>
<block><region><rect/></region>
<text>
<par>
<line>Li- î'iinititro d'Et fit chart;^ des</line>
<line>Arfair.^'B. Qul.tiircjllGS</line></par>
</text>
</block>
<block><region><rect/></region>
<text>
<par>
<line>VU la loi du 2 :iai 1930 p&lt;';ür:.;anLsant la jjrotaetion des rionuuents</line>
<line>naturels ot des site;3 de caractr're artistique, historique,</line>
<line>scientifique, 11:^\andaire ou pittoresque et no taraient l'article •:</line></par>
<par>
<line>VU la loi du 12 avril 1943 portant ré^^lciiontation de la publicité</line>
<line>et des ensoi;’;!:.,s et notan-icnit les articles 5 et 9,</line></par>
<par>
<line>VU le décret du 3 février 1959 relatif au.: attributions d’un</line>
<line>Ministre d'Etat,</line></par>
<par>
<line>VU le décret du 24 juillet 1959 portant orf.:anisation du lünistore</line>
<line>des Affairas Culturelles,</line></par>
<par>
<line>VU iG décret du 18 iiars 19^0 portant application du d.'icret du. 7</line>
<line>février 1959 relatif au ea ipincj, notariiUint les articles 2</line>
<line>et 6,</line></par>
<par>
<line>VU l'arrêté du 26 liai 1938 inscrivant sur l'Inventaire des Sites</line>
<line>l'île à Rois située sur ia co’Kiuna de Lecardrieux,</line></par>
<par>
<line>VU l'arrêté du 27 rii.rs 1958 classant parrii les’sites l'Ilot de</line>
<line>"Roch Garson" situé sur la co..ir.une de lezardrieux,</line></par>
<par>
<line>VU l'arrêté du 25 ruai 1965 inscrivant sur l'Inventaire des Si :es</line>
<line>la zone côtière de Ploubazlanec et notar.rient la rive Nord-Est</line>
<line>de l'estuaire du Trieux,</line></par>
<par>
<line>VU l'avis ér.iis par la Comission départementale des Sites, perspec¬</line>
<line>tives et paysaiîes dos Côtas-du-Rord dans s^a séance du 31 juillci</line>
<line>1964,</line></par>
</text>
</block>
<block><region><rect/></region>
<text>
<par>
<line>ARRETE ;</line></par>
</text>
</block>
<block><region><rect/></region>
<text>
<par>
<line>Article 1er - Est inscrit sur l'Inventaire des Sites pittoresques</line>
<line>àu d-oartG’ient des Oôtes-du-Nord l'ensoriblo forné fjur la cor.i:nune</line>
<line>de Lézardrieu:&gt;c par la rive Ouist de l'estuaire du Trieux et ses</line>
<line>abords et déli'iité coutie soût ;</line></par>
<par>
<line>- le rivage de la r dGi&gt;uis la Baie de Potitnelin, la rive Ouest de</line>
<line>l'estuaire du Trieux, la li.iite de la corriune de Pleudaniel, pui£</line>
<line>celle do la coriiiune de Pleuiieur-Gautier, le chetain vicinal ordi¬</line>
<line>naire n° 3, le cîierain rural ' ■dinaire. n° 10, le clierain vicinal</line></par>
</text>
</block>
<block><region><rect/></region>
<text>
<par/>
</text>
</block>


</page>
<page width="2587" height="3329" resolution="300">
<block><region><rect/></region>
<text>
<par>
<line>2</line></par>
</text>
</block>
<block><region><rect/><rect/><rect/></region>
<text>
<par>
<line>)</line>
<line>l</line></par>
<par>
<line>\</line></par>
<par>
<line>\</line></par>
</text>
<text>
<par>
<line>\</line></par>
</text>
<text>
<par>
<line>n° 1, le ohenin rural ordinaire n® 7? le chenin départoraental</line>
<line>n® 20, la lir.iite de la oo'hnîuiio de Pleuneur-Gautier, puis celle</line>
<line>de la. cofiinune de Lanrr.odez jusiu'à la baie de Po melin*</line></par>
</text>
</block>
<block><region><rect/></region>
<text>
<par>
<line>Article 2 - Le yirésent arrêté qui corixolète lee arrêtés de urotec^</line>
<line>tien sus-visés sera notifié au Préfet du départe {?nt des Cotos-du-</line>
<line>Nord et au nairc de la conriune de Lézardrioux qui seront responsa¬</line>
<line>bles, chacun on ce qui le CûnccrnCj de son exécution*</line></par>
</text>
</block>
<block><region><rect/></region>
<text>
<par>
<line>P-i '13, le,, 26 .lai 1965^.</line></par>
<par>
<line>Pour le Ilinistre et par délét;ation</line>
<line>Le Îlaîtr'î des Requêtes iu Conseil d'Stat</line>
<line>Direct ur de l'Architecture</line></par>
</text>
</block>
<block><region><rect/></region>
<text>
<par>
<line>Sif^é ; Max Qü'îRRIM.</line></par>
<par>
<line>Pour Ampliation</line>
<line>Pour l'Administrateur Civil</line>
<line>chargé des Sites</line></par>
</text>
</block>
<block><region><rect/><rect/></region>
<text>
<par>
<line>Signé : R, COÎ'ÜS,</line></par>
</text>
</block>
<block><region><rect/></region>
<text>
<par/>
</text>
</block>
<block><region><rect/></region>
<text>
<par/>
</text>
</block>
<block><region><rect/></region>
<text>
<par>
<line>J</line></par>
</text>
</block>

</page>
</AC2>