<?xml version="1.0" encoding="UTF-8"?><AC2>
<page width="1672" height="2351" resolution="200">
<block><region><rect/></region>
<text orientation="RotatedCounterclockwise">
<par>
<line>:302',)2'</line></par>
</text>
</block>
<block><region><rect/></region>
<text>
<par>
<line>MIXISTKRK</line></par>
</text>
</block>
<block><region><rect/></region>
<text>
<par>
<line>REPUBLIQUE FRANÇAISE.</line></par>
</text>
</block>
<block><region><rect/></region>
<text>
<par>
<line>L'INSnU'CTION PUBLlQCi-:</line>
<line>ET UKS Br.ADX-ARTS.</line></par>
</text>
</block>
<block><region><rect/></region>
<text>
<par>
<line>BEAUX-ABTS.</line></par>
</text>
</block>
<block><region><rect/></region>
<text>
<par>
<line>AUUKTE.</line></par>
</text>
</block>
<block><region><rect/></region>
<text>
<par>
<line>Iiivenfaire des Sites</line>
<line>dont ia conservation présente</line>
<line>lin intérêt "énérai.</line></par>
</text>
</block>
<block><region><rect/></region>
<text>
<par>
<line>Le Afllni'^tre de i'Kduo/itlon jMatlonaile</line></par>
<par>
<line>frc'Svtvt Secréfuü'e d'Efaf</line></par>
</text>
</block>
<block><region><rect/></region>
<text>
<par>
<line>Vu la loi du 2 mai J93ü réorgaiiisaiil la prolecLlon des moriuiiients iialu-</line>
<line>rel.s cl des sites de caractère artislûjue, liisLün([ue, scientifique, légendaire ou</line>
<line>pil[i)rcs(|ue et nolaimnent l’arlicle 4;</line></par>
<par>
<line>Sur la proposilutn de la Coimnissiou déparlcuKuilale des monuments natu¬</line>
<line>rels et des sites d u iiorbinan au cour^ de du</line></par>
<par>
<line>26 octobre L233</line></par>
</text>
</block>
<block><region><rect/></region>
<text>
<par>
<line>&gt;. R H bj E</line></par>
</text>
</block>
<block><region><rect/></region>
<text>
<par>
<line>Articrvc- ïre^'iler</line></par>
</text>
</block>
<block><region><rect/></region>
<text>
<par>
<line>Leg rarcelles de terrain avoislnan.t de Pont du</line>
<line>Bornomme a Ker/ignao at j.''L~e^ter i^Korbitian) figurant</line>
<line>au cadastral de ces duix coîamuaes sou? les</line></par>
<par>
<line>nuffi-^ros ci-dessous ludidups^ p'r-t inscrites à</line>
<line>1 * iayexitaire des sites dou^ :a coaserratiou l;r^^s.7•te</line>
<line>un intérêt gi^^nÉSrel.</line></par>
<par>
<line>Comroine de Kervignac.-</line></par>
<par>
<line>Parcel?-?*' Nos. Vi section a appartenant a IvU Gaigneo, y ae^rieu-"art</line></par>
<par>
<line>à M:ae. Pêrien, à Locunol^iy</line>
<line>en Kar’i.'.noc</line></par>
</text>
</block>
<block><region><rect/></region>
<text>
<par/>
</text>
</block>
<block><region><rect/></region>
<text>
<par>
<line>U</line></par>
</text>
</block>
<block><region><rect/></region>
<text>
<par>
<line>'U!</line></par>
</text>
</block>
<block><region><rect/></region>
<text>
<par>
<line>\ 'Ane, V7e«, Le Uoux ce</line>
<line>iiouet^ à Kervlgnac</line></par>
<par>
<line>h I-. Àv.i.rtrlot de Kerneus,</line>
<line>à Earvlgaac</line></par>
<par>
<line>à Le Saucer de lePrxouetj</line>
<line>à fCorriHnac</line></par>
</text>
</block>
<block><region><rect/></region>
<text>
<par>
<line>à ü/au V'/e. Le Roux, de</line></par>
<par>
<line>T--"* - .... i .</line></par>
</text>
</block>
<block><region><rect/></region>
<text>
<par>
<line>60</line></par>
</text>
</block>




</page>
<page width="1653" height="2338" resolution="200">
<block><region><rect/></region>
<text>
<par/>
</text>
</block>
<block><region><rect/></region>
<text>
<par/>
</text>
</block>
<block><region><rect/></region>
<text>
<par/>
</text>
</block>
<block><region><rect/></region>
<text>
<par>
<line>COi'iuiiune ae LarjesteX.</line></par>
</text>
</block>
<block><region><rect/></region>
<text>
<par>
<line>Parcel-es Jï^os, 467 ~ 468 - 553</line></par>
<par>
<line>555 " 55&lt;^' ” 55/</line>
<line>55?</line></par>
</text>
</block>
<block><region><rect/></region>
<text>
<par>
<line>55‘+</line></par>
<par>
<line>558</line></par>
</text>
</block>
<block><region><rect/></region>
<text>
<par>
<line>api :i-.'teriurit k lâlle. J-rrle-c: t^^uier:"</line>
<line>K i Xi. e L i.iu r er- f., à c- u x</line>
<line>1, Selrje-e^-l« ^rna )</line></par>
</text>
</block>
<block><region><rect/></region>
<text>
<par>
<line>489-</line></par>
</text>
</block>
<block><region><rect/></region>
<text>
<par>
<line>ai paxtenant h iar. li..iLaanuei GeofiiO^</line>
<line>colonel en retraite ou M^enw</line></par>
</text>
</block>
<block><region><rect/></region>
<text>
<par>
<line>et k ur, l/^&gt;rle Josepiieuaeguen,</line>
<line>à Lancer alin</line></par>
</text>
</block>
<block><region><rect/></region>
<text>
<par>
<line>ART. 2.</line></par>
<par>
<line>FjO présent arréU' sera iiouné nu Fkéfet du (lé[)aiienienl pour les arcliive.s</line>
<line>&lt;]c la préfecture, nu Maire (le la commune dg KerVlgnoo et âe Lanester ainsi</line></par>
<par>
<line>qu»aux propriétaires Intéressés,</line></par>
<par>
<line>qui seront responsables, chacun en ce qui le concerne, de son cxcc\iliuu.</line></par>
<par>
<line>i’ai-i.. ic 23 MAR 1954'</line></par>
<par>
<line>PAR l-ÉLEGATION :</line></par>
<par>
<line>0c. (UiX-cclciiz. Detï- (Jhe&lt;W-*X-~Ctztè-</line></par>
</text>
</block>
<block><region><rect/></region>
<text>
<par/>
</text>
</block>
<block><region><rect/></region>
<text>
<par/>
</text>
</block>
<block><region><rect/></region>
<text>
<par/>
</text>
</block>

</page>
</AC2>