<?xml version="1.0" encoding="UTF-8"?><AC2>
<page width="2504" height="3522" resolution="300">
<block><region><rect/></region>
<text>
<par>
<line>REPUBLIQUE FRANÇAISE</line></par>
</text>
</block>
<block><region><rect/></region>
<text>
<par/>
</text>
</block>
<block><region><rect/></region>
<text>
<par>
<line>~r'</line></par>
</text>
</block>
<block><region><rect/></region>
<text>
<par>
<line>~C</line></par>
</text>
</block>
<block><region><rect/></region>
<text>
<par>
<line>I</line></par>
</text>
</block>
<block><region><rect/></region>
<text>
<par>
<line>Ar/:pLl.</line></par>
</text>
</block>
<block><region><rect/></region>
<text>
<par>
<line>&gt; « V w</line></par>
</text>
</block>
<block><region><rect/></region>
<text>
<par>
<line>v4;MINÎSTERE délégué</line></par>
<par>
<line>L'ENVIRONNEMENT .</line>
<line>ET tfÀ? LA PREVENTION</line>
<line>■ DES RISQUES TECHNOLOGIQUES</line>
<line>ET NATURELS MAJEURS</line></par>
</text>
</block>
<block><region><rect/></region>
<text>
<par>
<line>NOR :</line></par>
</text>
</block>
<block><region><rect/></region>
<text>
<par>
<line>Pft'H</line></par>
</text>
</block>
<block><region><rect/></region>
<text>
<par/>
</text>
</block>
<block><region><rect/></region>
<text>
<par>
<line>G</line></par>
</text>
</block>
<block><region><rect/></region>
<text>
<par/>
</text>
</block>
<block><region><rect/></region>
<text>
<par>
<line>0 O</line></par>
</text>
</block>
<block><region><rect/></region>
<text>
<par>
<line>C</line></par>
</text>
</block>
<block><region><rect/></region>
<text>
<par>
<line>c</line></par>
</text>
</block>
<block><region><rect/></region>
<text>
<par/>
</text>
</block>
<block><region><rect/><rect/></region>
<text>
<par/>
</text>
</block>
<block><region><rect/></region>
<text>
<par>
<line>pOLl'"</line></par>
</text>
</block>
<block><region><rect/></region>
<text>
<par>
<line>ie</line></par>
</text>
</block>
<block><region><rect/><rect/><rect/><rect/><rect/><rect/><rect/></region>
<text>
<par/>
</text>
</block>
<block><region><rect/></region>
<text>
<par>
<line>tio" 2„éral “i"</line></par>
</text>
</block>
<block><region><rect/></region>
<text>
<par>
<line>DECRET</line></par>
</text>
</block>
<block><region><rect/></region>
<text>
<par/>
</text>
</block>
<block><region><rect/></region>
<text>
<par>
<line>' 3 DEC. 1390</line></par>
</text>
</block>
<block><region><rect/><rect/><rect/><rect/><rect/><rect/><rect/><rect/><rect/><rect/><rect/></region>
<text>
<par>
<line>Portant parmi les sites pittoresques et scientifiques des</line></par>
<par>
<line>^ û../: ■çfêj^temeaxsvWef^Pet de l'Isère du site du confluent de l'Ain et du Rhône</line>
<line>/ (^piBBrtines. (^Çv^yettes (Ain), Saint-Maurice-de-Gourdans (Ain) et Anthon</line></par>
<par>
<line>LE PREMIER MINISTRE</line></par>
</text>
</block>
<block><region><rect/><rect/><rect/><rect/></region>
<text>
<par/>
</text>
</block>
<block><region><rect/><rect/></region>
<text>
<par>
<line>^•r,' 5'snÉra\^</line></par>
</text>
</block>
<block><region><rect/></region>
<text>
<par>
<line>Sur le rapport du i0-nistre délégué à l’environnement. et..à, la■;prévention</line>
<line>'des-risques, technologiques et naturels majeurs;.^ . -■'f'i-ülo-yi"::.:- ut</line></par>
</text>
</block>
<block><region><rect/></region>
<text>
<par>
<line>VU l'aNloi du 2 mai 1930 réorganisant la protection des monuments naturels et</line>
<line>des sites de caractère artistique, historique, scientifique, légendaire ou</line>
<line>. pittoresque, modifiée notamment par la loi n° .67-1174 du 28 décembre 1967</line>
<line>en particulier les articles 5.1; 7, 8 et 12 ensemble le décret n° 69.607</line>
<line>du 13 juin 1969 pris pour son application ;</line></par>
<par>
<line>VU les conclusions de l'enquête administrative prescrite par arrêté</line>
<line>interpréfectoral -Ain,Isère- en date du 21 mai 1984 et notamment l’absence</line>
<line>de consentement de certains propriétaires ;</line></par>
<par>
<line>VU l'avis émis par la Commission Régionale des Opérations Immobilières de</line>
<line>l'Architecture et des Espaces Protégés en date du 21 novembre 1984 ;</line></par>
<par>
<line>VU l'avis émis par la Commission Supérieure des Sites, Perspectives et</line>
<line>Paysages en date du 18 décembre 1984.;</line></par>
<par>
<line>Le Conseil d'Etat (Section des Travaux Publics) entendu :</line></par>
<par>
<line>Considérant que le site du confluent de l'Ain et du Rhône situé dans- les</line>
<line>départements de l'Ain et de l'Isère constitue un vaste ensemble naturel dont</line>
<line>la conservation et la préservation présentent en raison de son caractère</line>
<line>pittoresque et scientifique un intérêt général au sens de l'article 4 de la</line>
<line>loi du 2 mai 1930 susvisé,</line></par>
</text>
</block>
<block><region><rect/></region>
<text>
<par>
<line>J,O.N» 2 8 3 - 6 DEC. 19^</line></par>
</text>
</block>
<block><region><rect/></region>
<text>
<par>
<line>.../...</line></par>
</text>
</block>


















</page>
<page width="2530" height="3528" resolution="300">
<block><region><rect/></region>
<text>
<par>
<line>2</line></par>
</text>
</block>
<block><region><rect/></region>
<text>
<par>
<line>DECRETE :</line></par>
</text>
</block>
<block><region><rect/></region>
<text>
<par>
<line>ARTICLE 1er - est classé parmi les sites des départements de l'Ain et de</line>
<line>l'Isère l'ensemble formé par le site du confluent de l'Ain et du Rhône</line>
<line>délimité comme suit dans le sens inverse de celui des aiguilles d'une montre</line>
<line>conformément aux plans cadastraux ci-annexés.</line></par>
</text>
</block>
<block><region><rect/></region>
<text>
<par>
<line>Commune de Saint-Maurice-de-Gourdans (Ain)</line></par>
</text>
</block>
<block><region><rect/></region>
<text>
<par>
<line>Section F 1</line></par>
</text>
</block>
<block><region><rect/></region>
<text>
<par>
<line>- A partir d'un point de départ situé en rive droite du Rhône à 60 m de</line>
<line>l'angle Sud-Est de la parcelle n° 35, la traversée partielle du Rhône jusqu'à</line>
<line>la limite communale entre Anthon et Villette d'Anthon (Isère).</line></par>
</text>
</block>
<block><region><rect/></region>
<text>
<par>
<line>Commune d'Anthon</line></par>
</text>
</block>
<block><region><rect/></region>
<text>
<par>
<line>Section B</line></par>
</text>
</block>
<block><region><rect/></region>
<text>
<par>
<line>- la fin de la traversée du Rhône en suivant la limite communale entre</line>
<line>Anthon et Villette d'Anthon jusqu'à l'extrémité du chemin d'exploitation situé</line>
<line>en rive gauche du Rhône (section Al).</line></par>
<par>
<line>Section Al</line></par>
</text>
</block>
<block><region><rect/></region>
<text>
<par>
<line>- le chemin d'exploitation longeant la limite Ouest des parcelles n° 120,</line>
<line>173, 172 et constituant la limite communale entre Anthon et Villette d'Anthon</line>
<line>à partir de la rive g,uauche du Rhône jusqu'à l'angle Sud-Ouest de la parcelle</line>
<line>n° 172</line></par>
<par>
<line>- le chemin de service longeant la limite Sud des parcelles n° 172, 171,</line>
<line>159, 247, 158, 154, 151, 150 et la limite Sud-Ouest de la parcelle n° 121</line>
<line>jusqu'à l'intersection avec le chemin rural n° 6 de Villette au port d'Anthon</line></par>
<par>
<line>- le chemin rural n° 6 de Villette au Port d'Anthon longeant les limites</line>
<line>Sud des parcelles n° 121, 119, 118, 117, 259, les limites Sud-Est des</line>
<line>parcelles 259 et 266 et les limites Sud des parcelles n° 115 et 114 jusqu'à</line>
<line>l'angle Nord-Ouest de la parcelle n° 112</line></par>
<par>
<line>- limites Nord-Ouest et Ouest de la parcelle n° 112</line></par>
<par>
<line>- le chemin d'exploitation longeant la limite Sud de la parcelle n® 112</line>
<line>jusqu'à l'angle Ouest de la parcelle n° 174 (secion A2) .</line></par>
<par>
<line>Section A2</line></par>
</text>
</block>
<block><region><rect/></region>
<text>
<par>
<line>- la limite Sud de la parcelle n° 174 jusqu'à l'angle Nord-Ouest de la</line>
<line>parcelle n° 241</line></par>
<par>
<line>- les limites Ouest, Sud, Est de la parcelle n° 241</line></par>
<par>
<line>- la limite Est de la parcelle n° 174</line></par>
</text>
</block>
<block><region><rect/></region>
<text>
<par>
<line>.../...</line></par>
</text>
</block>
















</page>
<page width="2505" height="3523" resolution="300">
<block><region><rect/></region>
<text>
<par>
<line>3</line></par>
</text>
</block>
<block><region><rect/></region>
<text>
<par>
<line>- le chemin rural n° 4 de Villette d'Anthon au Port d'Anthon longeant la</line></par>
<par>
<line>limite Nord des parcelles n° 256, 176, - 181 jusqu'à l'angle Nord-Ouest de la</line></par>
<par>
<line>parcelle n° 182</line></par>
<par>
<line>- les limites Ouest et Sud de la parcelle n° 182</line>
<line>Section Cl</line></par>
<par>
<line>- franchissement de la voie communale n° 3 de Colombier à Anthon entre</line>
<line>l'angle Sud-Est de la parcelle n° 182 (sections A2) et l'angle Sud-Ouest de la</line>
<line>parcelle n° 431 (section Cl)</line></par>
<par>
<line>- la limite Sud des parcelles n° 431, 434, 436, 439, 440</line></par>
<par>
<line>- la limite Est de la parcelle n° 440</line></par>
<par>
<line>- le chemin de halage longeant la limite Sud de la parcelle n° 49</line></par>
<par>
<line>- la limite Est de la parcelle n° 49 jusqu'à l'angle Sud-Ouest de la</line>
<line>parcelle n° 91</line></par>
<par>
<line>- la limite Sud des parcelles n° 91, 92, 350, 351, 100</line></par>
<par>
<line>- la limite Est de la parcelle n° 100 jusqu'à l'angle Sud-Ouest de la</line>
<line>parcelle n° 101</line></par>
<par>
<line>- la limite Sud de la parcelle n° 101</line></par>
<par>
<line>- franchissement de la voie communale n® 1 d'Anthon au Rhône entre l’angle</line>
<line>Sud-Est de la parcelle n° 101 et l'angle Sud-Ouest de la parcelle n° 109</line></par>
<par>
<line>- la limite Sud de la parcelle n° 109 jusqu'à son intersection avec la</line>
<line>limite Nord-Ouest de la parcelle n° 236 (section C3)</line></par>
<par>
<line>Section C3</line></par>
</text>
</block>
<block><region><rect/></region>
<text>
<par>
<line>- la limite Ouest de la parcelle n° 236</line></par>
<par>
<line>- la limite Sud des parcelles n° 236, 237, 241</line></par>
<par>
<line>Section C2</line></par>
</text>
</block>
<block><region><rect/></region>
<text>
<par>
<line>- la limite Sud-Ouest des parcelles n° 132, 136 et 137</line></par>
<par>
<line>- une ligne fictive traversant la parcelle n° 139 entre l'angle Sud de la</line>
<line>parcelle n° 137 et l'angle Ouest de la parcelle n° 140</line></par>
<par>
<line>- la limite Sud-Ouest des parcelles n° 140 et 144 et la limite Ouest des</line>
<line>parcelles n° 145, 149 et 150</line></par>
<par>
<line>- une ligne fictive traversant sur environ 40 m la parcelle n° 139 entre</line>
<line>l'angle Sud-Est de la parcelle n° 137 et l'angle Sud-Ouest de la parcelle</line>
<line>n° 140</line></par>
<par>
<line>- la limite Sud-Ouest des parcelles n° 140, 144, 145, 149, 150</line></par>
<par>
<line>- la limite Sud de la parcelle n° 150 jusqu'à son angle Sud-Est</line></par>
<par>
<line>- de cet angle, une ligne fictive traversant le Rhône et joignant l'angle</line>
<line>Sud-Ouest de la parcelle n° 122 (commune de Loyettes - section Al)</line></par>
</text>
</block>
<block><region><rect/></region>
<text>
<par>
<line>Communes de Loyettes (Ain)</line></par>
<par>
<line>Section Al</line></par>
</text>
</block>
<block><region><rect/></region>
<text>
<par>
<line>- la limite Sud de la parcelle n° 122 jusqu' à son angle Sud-Est</line></par>
<par>
<line>- la limite Ouest des parcelles n° 85 et n° 86</line></par>
<par>
<line>- la limite Sud-Est de la parcelle n° 86 et de la parcelle n° 87 jusqu'à</line></par>
<par>
<line>son angle Sud-Est</line></par>
<par>
<line>- la limite Ouest de la parcelle n° 55</line></par>
<par>
<line>- la limite Sud-Est des parcelles n° 55 et 15</line></par>
</text>
</block>
<block><region><rect/></region>
<text>
<par/>
</text>
</block>














</page>
<page width="2519" height="3532" resolution="300">
<block><region><rect/></region>
<text>
<par>
<line>4</line></par>
</text>
</block>
<block><region><rect/></region>
<text>
<par>
<line>- la limite Est de la parcelle n° 15 jusqu'au point d'intersection avec la</line>
<line>limite Sud-Est de la parcelle n° 2 (section F)</line></par>
<par>
<line>Section F</line></par>
</text>
</block>
<block><region><rect/></region>
<text>
<par>
<line>- la limite Sud-Est de la parcelle n° 2</line></par>
<par>
<line>- la limite Est de la parcelle n° 2 jusqu'à son angle Nord-Est</line></par>
<par>
<line>- de cet angle une ligne fictive traversant la parcelle n° 90</line>
<line>(anciennement n° 23p) et prolongeant la limite Est de la parcelle n° 2 jusqu'à</line>
<line>la limite communale entre Loyettes et Saint-Maurice-de-Gourdans</line></par>
</text>
</block>
<block><region><rect/></region>
<text>
<par>
<line>Commune de Saint-Waurice-de-Gourdans</line></par>
</text>
</block>
<block><region><rect/></region>
<text>
<par>
<line>Section C</line></par>
</text>
</block>
<block><region><rect/></region>
<text>
<par>
<line>- De ce point le prolongement de la ligne fictive précédemment décrite</line>
<line>jusquà la rive gauche de l'Ain -secteur non cadastré correspondant au domaine</line>
<line>public-</line></par>
<par>
<line>- la rive gauche de l'Ain, jusqu'à l'intersection des coordonnées Lambert</line>
<line>définies par les cotes 823.250 et 94600</line></par>
<par>
<line>- de ce point jusqu'à l'intersection des coordonnées Lambert définies par</line>
<line>les cotes 823.200 et 94750 (franchissement de l'Ain)</line></par>
<par>
<line>- limite des sections C et D4 jusqu'à l'angle Nord de la parcelle n° 3</line></par>
<par>
<line>- la limite Est de la parcelle n° 3 sur une longueur de 125 m</line></par>
<par>
<line>- de ce point une ligne fictive jusqu'à l'angle Sud-Est de la parcelle</line>
<line>n° 855 (section E3) et traversant la parcelle n® 854</line></par>
<par>
<line>Section E3</line></par>
</text>
</block>
<block><region><rect/></region>
<text>
<par>
<line>- les limites Sud des parcelles du n° 855 au n° 860</line></par>
<par>
<line>- les limites Ouest des parcelles du n° 860 au n° 865 jusqu'à l’angle Sud</line>
<line>de la parcelle n° 871, limite Ouest de la parcelle n° 871 jusqu'au chemin</line>
<line>vicinal ordinaire n° 3 du Follet à Zonchet</line></par>
<par>
<line>- le chemin vicinal ordinaire n° 3 du Follet à Zonchet longeant la limite</line>
<line>Nord des parcelles n® 872, 879 à 904, 906, 907, 909 à 914</line></par>
<par>
<line>- franchissement du chemin rural dit de la Prairie</line></par>
<par>
<line>- le chemin vicinal ordinaire n° 3 du Follet à Zonchet longeant la limite</line>
<line>Nord des parcelles du n° 998 à 1022, du n° 1041 à 1046 et n® 1086</line></par>
<par>
<line>- le chemin de desserte bordant la limite Nord de la parcelle n° 1086</line></par>
<par>
<line>Section E4</line></par>
</text>
</block>
<block><region><rect/></region>
<text>
<par>
<line>- de la limite Nord de la parcelle n° 1086, une ligne fictive jusqu'à</line>
<line>l'angle Sud Ouest de la parcelle n® 1232</line></par>
<par>
<line>- la limite Sud-Est des parcelles n° 1229, 1228 et 1218 jusqu'au point de</line></par>
<par>
<line>rencontre avec la rive du Rhône (angle Sud de la parcelle n® 1218)</line></par>
<par>
<line>- la rive du Rhône en limite Sud-Ouest des parcelles n® 1218, 1216, de</line></par>
<par>
<line>1214 à 1203, de 1199 à 1196, 1193, 1194, 1088</line></par>
<par>
<line>Section F3</line></par>
</text>
</block>
<block><region><rect/></region>
<text>
<par>
<line>- la rive du Rhône en limite Sud des parcelles n® 401, de 406 à 416, de</line>
<line>422 à 425</line></par>
</text>
</block>
<block><region><rect/></region>
<text>
<par>
<line>.../...</line></par>
</text>
</block>
















</page>
<page width="2479" height="3504" resolution="300">
<block><region><rect/></region>
<text>
<par>
<line>5</line></par>
</text>
</block>
<block><region><rect/></region>
<text>
<par>
<line>gpction Fl</line></par>
<par>
<line>- la rive du Rhône en limite Sud des parcelles n° 32, 33, 34, 35 jusqu'au</line>
<line>point de départ situé en rive droite du Rhône à 60 m de l'angle Sud-Est de la</line>
<line>parcelle n° 35.</line></par>
</text>
</block>
<block><region><rect/></region>
<text>
<par>
<line>ARTICLE 2 - Le présent décret sera notifié aux Préfets des départements de</line></par>
<par>
<line>l'Ain et de •l'Isère -ainsi qu'aux Maires des Communes de Loyettes, Saint-</line></par>
<par>
<line>Maurice-de-Gourdans (Ain) et Anthon (Isère).</line></par>
<par>
<line>ARTICLE 3 - Le présent décret ainsi que le plan au l/25000e et les plans</line></par>
<par>
<line>cadastraux annexés pourront être consultés aux Préfectures de l'Ain et de;</line></par>
<par>
<line>l’Isère et dans les Mairies de Loyettes, Saint-Maurice-de-Gourdans et Anthon.</line></par>
<par>
<line>ARTICLE 4 - le ministre délégué à l'environnement-et à la prévention des</line>
<line>risques'-technologiques et nature.ls-majeurs - _ .--j-,; .. Trri-r-i ;. vii-- et'liitüiels-</line>
<line>est chargé de l'exécution du présent décret qui sera publié au Journal</line>
<line>Officiel de la République Française.</line></par>
</text>
</block>
<block><region><rect/></region>
<text>
<par>
<line>Fait à Paris,</line></par>
</text>
</block>
<block><region><rect/></region>
<text>
<par>
<line>' ^'3 DEC. j§93</line></par>
</text>
</block>
<block><region><rect/></region>
<text>
<par>
<line>r</line></par>
</text>
</block>
<block><region><rect/></region>
<text>
<par/>
</text>
</block>
<block><region><rect/></region>
<text>
<par>
<line>ROCARD</line></par>
</text>
</block>
<block><region><rect/></region>
<text>
<par>
<line>Par le Premier Ministre,</line></par>
</text>
</block>
<block><region><rect/></region>
<text>
<par>
<line>.. J f;;</line></par>
</text>
</block>
<block><region><rect/></region>
<text>
<par>
<line>4:'</line></par>
</text>
</block>
<block><region><rect/></region>
<text>
<par/>
</text>
</block>
<block><region><rect/><rect/><rect/></region>
<text>
<par>
<line>-■ /dï - :c v'o 1 -a TT- Brice LALO N D E</line></par>
<par>
<line>. Le Tministre ^.déle^é ;à, 1 » environnement</line></par>
<par>
<line>=;■ et''^'‘ïâ''preventionyd^'’:ri^ technologiques</line></par>
<par>
<line>■:vWt.^-raturels'^mâ'3eur5'',^,$f'^'^^^^^</line></par>
</text>
</block>
<block><region><rect/></region>
<text>
<par/>
</text>
</block>
<block><region><rect/></region>
<text>
<par/>
</text>
</block>
<block><region><rect/></region>
<text>
<par>
<line>Br?C'5 LALC^JD5</line></par>
</text>
</block>

















</page>
<page width="2479" height="3504" resolution="300">
<block><region><rect/></region>
<text>
<par/>
</text>
</block>
<block><region><rect/></region>
<text>
<par>
<line>*. •</line></par>
</text>
</block>
<block><region><rect/></region>
<text>
<par/>
</text>
</block>
<block><region><rect/></region>
<text>
<par>
<line>N „</line></par>
<par>
<line>\ “ -C? ■ ■</line></par>
</text>
</block>
<block><region><rect/></region>
<text>
<par/>
</text>
</block>
<block><region><rect/></region>
<text>
<par/>
</text>
</block>
<block><region><rect/></region>
<text>
<par>
<line>0: 0.</line></par>
</text>
</block>
<block><region><rect/></region>
<text>
<par>
<line>*</line></par>
</text>
</block>
<block><region><rect/></region>
<text>
<par>
<line>■\7^ .</line></par>
</text>
</block>
<block><region><rect/></region>
<text>
<par/>
</text>
</block>
<block><region><rect/></region>
<text>
<par/>
</text>
</block>
<block><region><rect/></region>
<text>
<par>
<line>S.</line></par>
</text>
</block>
<block><region><rect/><rect/></region>
<text>
<par>
<line>&gt;</line></par>
</text>
</block>
<block><region><rect/></region>
<text>
<par>
<line>v&gt;:u</line></par>
</text>
</block>
<block><region><rect/></region>
<text>
<par>
<line>. ix</line></par>
</text>
</block>
<block><region><rect/></region>
<text>
<par/>
</text>
</block>
<block><region><rect/></region>
<text>
<par>
<line>v// ’ ■&gt;-..•,■'/ ?. ,.■</line></par>
</text>
</block>
<block><region><rect/></region>
<text>
<par>
<line>iT</line></par>
</text>
</block>
<block><region><rect/></region>
<text>
<par/>
</text>
</block>
<block><region><rect/></region>
<text>
<par>
<line>r</line></par>
</text>
</block>
<block><region><rect/></region>
<text>
<par>
<line>^ .'O</line></par>
</text>
</block>
<block><region><rect/></region>
<text>
<par/>
</text>
</block>
<block><region><rect/></region>
<text>
<par/>
</text>
</block>
<block><region><rect/></region>
<text>
<par/>
</text>
</block>
<block><region><rect/></region>
<text>
<par>
<line>\V</line></par>
</text>
</block>
<block><region><rect/></region>
<text>
<par/>
</text>
</block>
<block><region><rect/></region>
<text>
<par>
<line>fyn</line></par>
</text>
</block>
<block><region><rect/></region>
<text>
<par/>
</text>
</block>
<block><region><rect/></region>
<text>
<par>
<line>a'^î :</line></par>
</text>
</block>
<block><region><rect/></region>
<text>
<par>
<line>» O</line></par>
</text>
</block>
<block><region><rect/></region>
<text>
<par/>
</text>
</block>
<block><region><rect/></region>
<text>
<par>
<line>■/;'</line></par>
</text>
</block>
<block><region><rect/></region>
<text>
<par>
<line>‘ J *</line></par>
</text>
</block>
<block><region><rect/></region>
<text>
<par>
<line>5&gt;-</line></par>
</text>
</block>
<block><region><rect/></region>
<text>
<par/>
</text>
</block>
<block><region><rect/></region>
<text>
<par>
<line>_N</line></par>
</text>
</block>
<block><region><rect/></region>
<text>
<par>
<line>O':</line></par>
</text>
</block>
<block><region><rect/></region>
<text>
<par/>
</text>
</block>
<block><region><rect/></region>
<text>
<par/>
</text>
</block>
<block><region><rect/></region>
<text>
<par/>
</text>
</block>
<block><region><rect/></region>
<text>
<par>
<line>/</line></par>
</text>
</block>
<block><region><rect/></region>
<text>
<par>
<line>■/</line></par>
</text>
</block>
<block><region><rect/><rect/><rect/><rect/><rect/></region>
<text>
<par/>
</text>
</block>
<block><region><rect/></region>
<text>
<par>
<line>:c/3</line></par>
</text>
</block>
<block><region><rect/></region>
<text>
<par>
<line>C=</line></par>
</text>
</block>
<block><region><rect/><rect/></region>
<text>
<par/>
</text>
</block>
<block><region><rect/><rect/><rect/><rect/></region>
<text>
<par>
<line>ae*»</line></par>
</text>
</block>
<block><region><rect/></region>
<text>
<par>
<line>ca</line></par>
</text>
</block>
<block><region><rect/></region>
<text>
<par>
<line>&lt; V'’</line></par>
</text>
</block>
<block><region><rect/></region>
<text>
<par>
<line>“□</line></par>
</text>
</block>
<block><region><rect/></region>
<text>
<par>
<line>=3</line></par>
</text>
</block>
<block><region><rect/></region>
<text>
<par>
<line>ra</line></par>
</text>
</block>
<block><region><rect/></region>
<text>
<par>
<line>O.</line></par>
</text>
</block>
<block><region><rect/></region>
<text>
<par/>
</text>
</block>
<block><region><rect/></region>
<text>
<par>
<line>à . w ..^ ,.</line></par>
<par>
<line>.&lt;^5^</line></par>
</text>
</block>
<block><region><rect/></region>
<text>
<par>
<line>vC^n</line></par>
</text>
</block>
<block><region><rect/></region>
<text>
<par>
<line>^ 2. -</line></par>
</text>
</block>
<block><region><rect/></region>
<text>
<par>
<line>2 •.</line></par>
</text>
</block>
<block><region><rect/></region>
<text>
<par>
<line>CJ</line></par>
</text>
</block>
<block><region><rect/></region>
<text>
<par>
<line>“a</line></par>
</text>
</block>
<block><region><rect/></region>
<text>
<par/>
</text>
</block>
<block><region><rect/></region>
<text>
<par>
<line>5I-*</line></par>
</text>
</block>
<block><region><rect/></region>
<text>
<par/>
</text>
</block>
<block><region><rect/></region>
<text>
<par>
<line>■:&gt;</line></par>
</text>
</block>
<block><region><rect/></region>
<text>
<par>
<line>■|*,-*''&gt; '*^(*’*\. *_ ° C^ 'O ' ' ï • * *• *W—*</line></par>
<par>
<line>- ■.- ^ if/j?</line></par>
</text>
</block>
<block><region><rect/></region>
<text>
<par>
<line>tS</line></par>
</text>
</block>
<block><region><rect/></region>
<text>
<par/>
</text>
</block>
<block><region><rect/></region>
<text>
<par/>
</text>
</block>
<block><region><rect/></region>
<text>
<par/>
</text>
</block>
<block><region><rect/></region>
<text>
<par/>
</text>
</block>
<block><region><rect/></region>
<text>
<par/>
</text>
</block>
<block><region><rect/></region>
<text>
<par/>
</text>
</block>
<block><region><rect/><rect/></region>
<text>
<par>
<line>fto -J</line></par>
<par>
<line>v.^yJra:-. T: ?</line></par>
</text>
</block>
<block><region><rect/></region>
<text>
<par>
<line>&gt; ■./•.</line></par>
</text>
</block>
<block><region><rect/></region>
<text>
<par/>
</text>
</block>
<block><region><rect/></region>
<text>
<par/>
</text>
</block>
<block><region><rect/></region>
<text>
<par>
<line>ry; &lt;</line></par>
</text>
</block>
<block><region><rect/></region>
<text>
<par/>
</text>
</block>
<block><region><rect/></region>
<text>
<par/>
</text>
</block>
<block><region><rect/></region>
<text>
<par/>
</text>
</block>
<block><region><rect/></region>
<text>
<par/>
</text>
</block>
<block><region><rect/></region>
<text>
<par>
<line>Uir</line></par>
</text>
</block>
<block><region><rect/></region>
<text>
<par>
<line>Vr“</line></par>
</text>
</block>
<block><region><rect/></region>
<text>
<par>
<line>ça§T-</line></par>
</text>
</block>
<block><region><rect/></region>
<text>
<par>
<line>t-N.</line></par>
</text>
</block>
<block><region><rect/></region>
<text>
<par/>
</text>
</block>
<block><region><rect/><rect/><rect/></region>
<text>
<par>
<line>ll~ : i.j' ■-. _ J ^ |■'■i J ;</line></par>
<par>
<line>ji-.-a ^ :\ *. “</line></par>
<par>
<line>' ^ T + -L -*! /' t-'</line></par>
</text>
</block>
<block><region><rect/></region>
<text>
<par>
<line>Sta çï;</line></par>
</text>
</block>
<block><region><rect/></region>
<text>
<par>
<line>LO</line></par>
</text>
</block>
<block><region><rect/></region>
<text>
<par/>
</text>
</block>
<block><region><rect/></region>
<text>
<par>
<line>✓ y -&lt;-</line></par>
<par>
<line>:? %\</line></par>
</text>
</block>
<block><region><rect/></region>
<text>
<par>
<line>ta</line></par>
</text>
</block>
<block><region><rect/></region>
<text>
<par>
<line>O</line></par>
</text>
</block>
<block><region><rect/></region>
<text>
<par>
<line>cj rr::</line></par>
</text>
</block>
<block><region><rect/></region>
<text>
<par>
<line>.Vî</line></par>
</text>
</block>
<block><region><rect/></region>
<text>
<par>
<line>O</line></par>
</text>
</block>
<block><region><rect/></region>
<text>
<par>
<line>»C1</line></par>
</text>
</block>
<block><region><rect/><rect/></region>
<text>
<par>
<line>'</line></par>
</text>
</block>
<block><region><rect/></region>
<text>
<par>
<line>e J ^ »s:7</line>
<line>Ëi a</line></par>
<par>
<line>en</line></par>
</text>
</block>
<block><region><rect/></region>
<text>
<par>
<line>•\ '-^i s ^ ; I 5</line></par>
<par>
<line>•; :'. •'ïLV ■’■ ■ ■ ^■•V -V</line></par>
<par>
<line>r:-Æy •.A-^c-</line></par>
</text>
</block>
<block><region><rect/><rect/></region>
<text>
<par>
<line>s ^.. • .. s</line></par>
<par>
<line>pi^.v--'." :</line></par>
<par>
<line>•■•W ! .</line></par>
</text>
</block>
<block><region><rect/></region>
<text>
<par/>
</text>
</block>
<block><region><rect/></region>
<text>
<par>
<line>,3-</line></par>
</text>
</block>
<block><region><rect/><rect/></region>
<text>
<par/>
</text>
</block>
<block><region><rect/></region>
<text>
<par>
<line>U w</line></par>
</text>
</block>
<block><region><rect/></region>
<text>
<par>
<line>/</line></par>
</text>
</block>
<block><region><rect/></region>
<text>
<par>
<line>■■5:</line></par>
</text>
</block>
<block><region><rect/><rect/></region>
<text>
<par/>
</text>
</block>
<block><region><rect/></region>
<text>
<par>
<line>r i?</line></par>
</text>
</block>
<block><region><rect/></region>
<text>
<par/>
</text>
</block>
<block><region><rect/></region>
<text>
<par/>
</text>
</block>
<block><region><rect/></region>
<text>
<par>
<line>c</line></par>
</text>
</block>
<block><region><rect/></region>
<text>
<par/>
</text>
</block>
<block><region><rect/></region>
<text>
<par/>
</text>
</block>
<block><region><rect/></region>
<text>
<par>
<line>■.r</line></par>
</text>
</block>
<block><region><rect/></region>
<text>
<par/>
</text>
</block>
<block><region><rect/></region>
<text>
<par>
<line>îJ</line></par>
<par>
<line>.</line></par>
</text>
</block>
<block><region><rect/></region>
<text>
<par>
<line>'SW</line></par>
</text>
</block>
<block><region><rect/></region>
<text>
<par>
<line>24 ’'/ÿ * ■••'■ " •' .£■</line></par>
</text>
</block>
<block><region><rect/></region>
<text>
<par/>
</text>
</block>
<block><region><rect/></region>
<text>
<par>
<line>?. ^</line></par>
</text>
</block>
<block><region><rect/></region>
<text>
<par/>
</text>
</block>
<block><region><rect/></region>
<text>
<par>
<line>. fl.</line></par>
</text>
</block>
<block><region><rect/></region>
<text>
<par/>
</text>
</block>
<block><region><rect/></region>
<text>
<par>
<line>\, •</line></par>
</text>
</block>
<block><region><rect/></region>
<text>
<par/>
</text>
</block>
<block><region><rect/><rect/><rect/><rect/><rect/></region>
<text>
<par>
<line>V -y- I m-</line></par>
</text>
</block>
<block><region><rect/></region>
<text>
<par>
<line>i yyv</line></par>
</text>
</block>
<block><region><rect/></region>
<text>
<par/>
</text>
</block>
<block><region><rect/></region>
<text>
<par/>
</text>
</block>
<block><region><rect/></region>
<text>
<par>
<line>\(r.</line></par>
</text>
</block>
<block><region><rect/></region>
<text>
<par>
<line>c^ I</line></par>
</text>
</block>
<block><region><rect/></region>
<text>
<par/>
</text>
</block>
<block><region><rect/></region>
<text>
<par>
<line>• • fs'il''</line></par>
</text>
</block>
<block><region><rect/></region>
<text>
<par>
<line>O</line></par>
</text>
</block>
<block><region><rect/><rect/></region>
<text>
<par>
<line>' .r-ï</line></par>
<par>
<line>-•--y.!</line></par>
</text>
</block>
<block><region><rect/></region>
<text>
<par/>
</text>
</block>
<block><region><rect/></region>
<text>
<par/>
</text>
</block>
<block><region><rect/></region>
<text>
<par>
<line>'n:.</line></par>
</text>
</block>
<block><region><rect/></region>
<text>
<par>
<line>&gt;- iV\</line></par>
</text>
</block>
<block><region><rect/><rect/><rect/><rect/><rect/></region>
<text>
<par>
<line>'■.“N .•</line></par>
<par>
<line>« . i ., *• r».^; ■</line></par>
</text>
</block>
<block><region><rect/><rect/></region>
<text>
<par>
<line>t./</line></par>
<par>
<line>. .p-'-r 1 =.-?</line></par>
<par>
<line>. r' / ■'</line></par>
</text>
</block>
<block><region><rect/><rect/></region>
<text>
<par>
<line>” ■ W^T-</line></par>
</text>
</block>
<block><region><rect/></region>
<text>
<par>
<line>\</line></par>
</text>
</block>
<block><region><rect/></region>
<text>
<par/>
</text>
</block>
<block><region><rect/></region>
<text>
<par>
<line>xr'J'</line></par>
</text>
</block>
<block><region><rect/></region>
<text>
<par>
<line>•S</line></par>
</text>
</block>
<block><region><rect/><rect/></region>
<text>
<par>
<line>•• ■ Z' -'•/?'=/'■ . //r -'V/.,</line></par>
<par>
<line>. ’ /ï' ~ • ' \ / fl / •■'' ‘ ,r'■&gt; ■ ■ ■'?;•' :</line></par>
<par>
<line>•W -y/ '-/i/x'' // ^ /•"</line></par>
<par>
<line>* ‘ &lt;*-‘' 1 '”••.■• -1' • ■• t</line></par>
<par>
<line>i:(-l il</line></par>
</text>
</block>
<block><region><rect/></region>
<text>
<par>
<line>y</line></par>
</text>
</block>
<block><region><rect/></region>
<text>
<par/>
</text>
</block>
<block><region><rect/></region>
<text>
<par>
<line>Il '■</line></par>
</text>
</block>











































</page>
</AC2>