<?xml version="1.0" encoding="UTF-8"?><AC2>
<page width="793" height="1123" resolution="96">
<block><region><rect/></region>
<text orientation="RotatedCounterclockwise">
<par>
<line>«4-3SW, /Il</line></par>
</text>
</block>
<block><region><rect/><rect/><rect/></region>
<text>
<par/>
</text>
</block>
<block><region><rect/></region>
<text>
<par/>
</text>
</block>
<block><region><rect/></region>
<text>
<par>
<line>liLAlX-AhYS.</line></par>
</text>
</block>
<block><region><rect/></region>
<text>
<par>
<line>l^&amp;^rvn^ï'» u/jTiiniijiPi.</line>
<line>/’ülftU'.' &gt;.r HiiKs.</line></par>
</text>
</block>
<block><region><rect/></region>
<text>
<par>
<line>Ciu4H.:&lt;;i.iu (le</line></par>
</text>
</block>
<block><region><rect/></region>
<text>
<par>
<line>llÉiaBLiQi;K Fl;A^CA]Sli:,</line></par>
</text>
</block>
<block><region><rect/></region>
<text>
<par>
<line>AUllETK.</line></par>
</text>
</block>
<block><region><rect/></region>
<text>
<par>
<line>Lq SeerAti! ir^ d'iitnt a 1' action</line></par>
<par>
<line>Lt MiîiwfWE Dg i.'Ki;tit4n‘rfm‘':y.TiTO?v.trEV'</line></par>
</text>
</block>
<block><region><rect/></region>
<text>
<par>
<line>Vu iîx loi du 2 mà Jij3o réorganisant la proii'Ciion dos monumenU</line>
<line>nalurcK et des silos ds cnroclrre aiiislicjue, lïisloriqne, î-cieniifique, Icgcndairo</line>
<line>oupiitorest|Uûi</line></par>
<par>
<line>Vu r.ivis omis par la Coinfuission &lt;lc par (cm cul aie dos monuaionls naturels</line>
<line>el des sites dans sa séance du IQ ijüv«ia'bi'« lC'‘iO</line></par>
<par>
<line>Vu l'adhésion «n date das l^r 3 1^40 doiuiGc par</line></par>
<par>
<line>Ale'-car.dro, h :;udnlgr.v-enr-o«ln^,</line>
<line>de prrtio siijdriQure {c&gt;.rînin),</line></par>
<par>
<line>?.en'5, pu ^iS*\ci*eu de j,f</line></par>
<par>
<line>prcnrijtc'irw le sour-ûs Douix, des ope^ade</line>
<line>et de dj r.Are-ite terrplne,</line></par>
<par>
<line>3PII:j n%üci^^nt It'Onrcc:* (Ccte-ci’Or) qui</line></par>
<par>
<line>ep^PT'ierit le vsrcells distraie h® S03.</line></par>
</text>
</block>













</page>
<page width="798" height="1126" resolution="96">
<block><region><rect/></region>
<text>
<par>
<line>ARR;Vrfe :</line></par>
</text>
</block>
<block><region><rect/></region>
<text>
<par>
<line>AdllCtn MnFMIf.n.</line></par>
</text>
</block>
<block><region><rect/></region>
<text>
<par>
<line>iaû csecfties â'i Iw rîoch*j «t Ip fd-^centy dr* it</line></par>
<par>
<line>ri'vi'jr^ "Le l^oul-x", h ine ( C6‘..î-d’ür ) •</line></par>
<par>
<line>la 991TCQ ou Déuix but ur.rt lar;:^ur ô*» 50 æ. dû o'^nqu-i Qo^.6 do</line></par>
</text>
</block>
<block><region><rect/></region>
<text>
<par>
<line>son e;td»</line></par>
<par>
<line>2®) au pletdÊ'.i, ur^u pBr^le do c‘‘.^nlr. «ar oatta alsu Ifri^aur clr.q</line>
<line>ffiltVfA de prcf.indçjr</line></par>
</text>
</block>
<block><region><rect/></region>
<text>
<par>
<line>^sv,t c)ad»«a {jnrmi l«s siu^s ol inoaanM nU sjalurcU &lt;1&lt; caractère</line>
<line>artistique, historique, scientifùjuc, légciulairo ou</line></par>
</text>
</block>
<block><region><rect/></region>
<text>
<par>
<line>nnt. d.</line></par>
<par>
<line>La préivril arrêté sera ixolifié au Préfet du 4l^|)ar*i'mci:l Je la Go^«*«i * Or, 8 j f'n î r'^ de</line>
<line>su4Eit..'i5’“‘^wr-*Mlr.y et Pux ;&gt;roi&gt;rlJ*a:re^ intéressés,</line>
<line>qui ecrotU rcsponublcs. rhncuu eu cc ijui le cohf'ertift. Jo sau exécution.</line></par>
</text>
</block>
<block><region><rect/></region>
<text>
<par>
<line>AUT. 3.</line></par>
<par>
<line>11 »er8 transcrit au Bureau dus hypotheques Je ia diluatiou d \</line></par>
</text>
</block>
<block><region><rect/></region>
<text>
<par>
<line>yiCKi</line></par>
<par>
<line>PitriffT le</line></par>
</text>
</block>
<block><region><rect/></region>
<text>
<par>
<line>M</line></par>
</text>
</block>
<block><region><rect/></region>
<text>
<par>
<line>c&gt; wîiS 1</line></par>
</text>
</block>
<block><region><rect/></region>
<text>
<par>
<line>\ V</line></par>
</text>
</block>
<block><region><rect/><rect/><rect/></region>
<text>
<par/>
</text>
</block>
<block><region><rect/><rect/><rect/></region>
<text>
<par>
<line>Fl</line></par>
<par>
<line>.h \</line></par>
</text>
</block>
<block><region><rect/></region>
<text>
<par>
<line>OlPSSd ♦</line></par>
</text>
</block>
<block><region><rect/></region>
<text>
<par>
<line>t</line></par>
</text>
</block>
</page>
<page width="2479" height="3508" resolution="300">
<block><region><rect/><rect/><rect/><rect/><rect/></region>
<text>
<par/>
</text>
</block>
<block><region><rect/></region>
<text>
<par/>
</text>
</block>
<block><region><rect/></region>
<text>
<par>
<line>.V^r.</line></par>
</text>
</block>
<block><region><rect/></region>
<text>
<par>
<line>î\!</line></par>
</text>
</block>
<block><region><rect/></region>
<text>
<par>
<line>.•_V</line></par>
</text>
</block>
<block><region><rect/></region>
<text>
<par>
<line>r'i</line></par>
</text>
</block>
<block><region><rect/></region>
<text>
<par>
<line>— '■■ ii</line></par>
</text>
</block>
<block><region><rect/><rect/></region>
<text>
<par/>
</text>
</block>
<block><region><rect/></region>
<text>
<par>
<line>i:-'V:</line></par>
<par>
<line>W</line></par>
<par>
<line>■i#</line></par>
</text>
</block>
<block><region><rect/></region>
<text>
<par>
<line>Quémigny-sur-S eine</line>
<line>Cascades de la Roche</line>
<line>Echelle: 1:25 000</line></par>
</text>
</block>
<block><region><rect/><rect/><rect/></region>
<text>
<par>
<line>.v.ry'-V. ■ -i- .</line></par>
</text>
</block>
<block><region><rect/><rect/></region>
<text>
<par/>
</text>
</block>
<block><region><rect/><rect/><rect/><rect/><rect/><rect/></region>
<text>
<par>
<line>rT iL&gt; i'i’jIS.T'P</line></par>
</text>
</block>
<block><region><rect/></region>
<text>
<par>
<line>J^Mn rt.'r??rf</line></par>
</text>
</block>
<block><region><rect/></region>
<text>
<par/>
</text>
</block>
<block><region><rect/></region>
<text>
<par/>
</text>
</block>
<block><region><rect/><rect/><rect/><rect/></region>
<text>
<par/>
</text>
</block>
<block><region><rect/></region>
<text>
<par>
<line>■■■.V I</line></par>
</text>
</block>
<block><region><rect/><rect/><rect/></region>
<text>
<par>
<line>^'^;::.b n;-,;</line></par>
<par>
<line>^ -t</line></par>
</text>
</block>
<block><region><rect/></region>
<text>
<par/>
</text>
</block>
<block><region><rect/></region>
<text>
<par>
<line>.: A</line></par>
</text>
</block>
<block><region><rect/></region>
<text>
<par/>
</text>
</block>
<block><region><rect/><rect/><rect/></region>
<text>
<par>
<line>.■4&gt;4Î ■</line></par>
</text>
</block>
<block><region><rect/><rect/></region>
<text>
<par>
<line>/</line></par>
<par>
<line>y/'^.</line></par>
</text>
</block>
<block><region><rect/></region>
<text>
<par>
<line>1</line></par>
</text>
</block>
<block><region><rect/></region>
<text>
<par/>
</text>
</block>
<block><region><rect/></region>
<text>
<par>
<line>V dr'.</line></par>
</text>
</block>
<block><region><rect/></region>
<text>
<par>
<line>I .</line></par>
</text>
</block>
<block><region><rect/><rect/><rect/></region>
<text>
<par/>
</text>
</block>
<block><region><rect/><rect/></region>
<text>
<par>
<line>LEi'CHAlîMMES '</line></par>
</text>
</block>
<block><region><rect/><rect/><rect/><rect/></region>
<text>
<par>
<line>.✓^r ■</line></par>
</text>
</block>
<block><region><rect/></region>
<text>
<par/>
</text>
</block>
<block><region><rect/></region>
<text>
<par/>
</text>
</block>
<block><region><rect/><rect/><rect/><rect/><rect/><rect/><rect/><rect/><rect/><rect/><rect/></region>
<text>
<par>
<line>'%# .iA:. y</line></par>
<par>
<line>■ . ?■= . Xmm.-. \,ff, .</line></par>
<par>
<line>.. Sj&gt;=i Çïiafii.--</line></par>
<par>
<line>/ / i</line></par>
</text>
</block>
<block><region><rect/><rect/><rect/><rect/></region>
<text>
<par/>
</text>
</block>
<block><region><rect/><rect/><rect/><rect/></region>
<text>
<par>
<line>/ ■■• :^-N- -/■\</line></par>
</text>
</block>
<block><region><rect/></region>
<text>
<par>
<line>\ .</line></par>
</text>
</block>
<block><region><rect/></region>
<text>
<par>
<line>•V:!' ••■</line></par>
<par>
<line>ï.ij^ • •- j Ifl Pa™.</line>
<line>ASib ^ ■■ ■■</line></par>
</text>
</block>
<block><region><rect/></region>
<text>
<par/>
</text>
</block>
<block><region><rect/></region>
<text>
<par>
<line>; le- TiûL.ui.i&gt;:</line></par>
</text>
</block>
<block><region><rect/></region>
<text>
<par/>
</text>
</block>
<block><region><rect/></region>
<text>
<par/>
</text>
</block>
<block><region><rect/></region>
<text>
<par/>
</text>
</block>
<block><region><rect/></region>
<text>
<par/>
</text>
</block>
<block><region><rect/></region>
<text>
<par/>
</text>
</block>
<block><region><rect/></region>
<text>
<par>
<line>\ *</line></par>
</text>
</block>
<block><region><rect/></region>
<text>
<par>
<line>ÛJT.</line></par>
</text>
</block>
<block><region><rect/></region>
<text>
<par>
<line>.CJ.i</line></par>
</text>
</block>
<block><region><rect/></region>
<text>
<par/>
</text>
</block>
<block><region><rect/></region>
<text>
<par/>
</text>
</block>
<block><region><rect/></region>
<text>
<par/>
</text>
</block>
<block><region><rect/></region>
<text>
<par/>
</text>
</block>
<block><region><rect/></region>
<text>
<par/>
</text>
</block>
<block><region><rect/></region>
<text>
<par>
<line>H : i'Oi I fl*</line></par>
</text>
</block>
<block><region><rect/></region>
<text>
<par>
<line>?■</line></par>
</text>
</block>
<block><region><rect/></region>
<text>
<par/>
</text>
</block>
<block><region><rect/></region>
<text>
<par>
<line>. \</line></par>
</text>
</block>
<block><region><rect/></region>
<text>
<par/>
</text>
</block>
<block><region><rect/></region>
<text>
<par/>
</text>
</block>
<block><region><rect/></region>
<text>
<par>
<line>• .T-:F?»i-</line></par>
</text>
</block>
<block><region><rect/></region>
<text>
<par>
<line>lù</line></par>
</text>
</block>
<block><region><rect/></region>
<text>
<par>
<line>• - ■■</line>
<line>'•kvlV.' •■ rr.</line></par>
</text>
</block>
<block><region><rect/></region>
<text>
<par>
<line>j^ûure^uue V-.</line></par>
</text>
</block>
<block><region><rect/></region>
<text>
<par>
<line>•Sl|,4</line></par>
</text>
</block>
<block><region><rect/></region>
<text>
<par/>
</text>
</block>
<block><region><rect/></region>
<text>
<par/>
</text>
</block>
<block><region><rect/></region>
<text>
<par>
<line>y-</line></par>
</text>
</block>
<block><region><rect/></region>
<text>
<par/>
</text>
</block>
<block><region><rect/></region>
<text>
<par>
<line>L-.“-sV.s</line></par>
</text>
</block>
<block><region><rect/></region>
<text>
<par/>
</text>
</block>
<block><region><rect/></region>
<text>
<par>
<line>^ ■</line></par>
</text>
</block>
<block><region><rect/></region>
<text>
<par/>
</text>
</block>
<block><region><rect/></region>
<text>
<par/>
</text>
</block>
<block><region><rect/></region>
<text>
<par>
<line>\\</line></par>
</text>
</block>
<block><region><rect/></region>
<text>
<par>
<line>m,</line></par>
</text>
</block>
<block><region><rect/></region>
<text>
<par/>
</text>
</block>
<block><region><rect/></region>
<text>
<par/>
</text>
</block>
<block><region><rect/></region>
<text>
<par/>
</text>
</block>
<block><region><rect/></region>
<text>
<par/>
</text>
</block>
<block><region><rect/></region>
<text>
<par/>
</text>
</block>
<block><region><rect/></region>
<text>
<par>
<line>.1</line></par>
</text>
</block>
<block><region><rect/></region>
<text>
<par/>
</text>
</block>
<block><region><rect/></region>
<text>
<par>
<line>!</line></par>
</text>
</block>
<block><region><rect/></region>
<text>
<par/>
</text>
</block>
<block><region><rect/></region>
<text>
<par/>
</text>
</block>
<block><region><rect/></region>
<text>
<par>
<line>+4</line></par>
</text>
</block>
<block><region><rect/></region>
<text>
<par/>
</text>
</block>
<block><region><rect/></region>
<text>
<par/>
</text>
</block>
<block><region><rect/></region>
<text>
<par>
<line>,ÏÏ.üaV'^'-''-f</line></par>
</text>
</block>
<block><region><rect/></region>
<text>
<par>
<line>■s-: fl-. pTii.-.H:.-n-ViV. r</line></par>
</text>
</block>
<block><region><rect/></region>
<text>
<par/>
</text>
</block>
<block><region><rect/></region>
<text>
<par>
<line>^ _ -■ . "s. E L'i " ■«■ U ■^'</line></par>
</text>
</block>
<block><region><rect/></region>
<text>
<par/>
</text>
</block>
<block><region><rect/></region>
<text>
<par/>
</text>
</block>
<block><region><rect/></region>
<text>
<par/>
</text>
</block>
<block><region><rect/></region>
<text>
<par>
<line>■i a</line></par>
</text>
</block>
<block><region><rect/></region>
<text>
<par>
<line>; i</line></par>
</text>
</block>
<block><region><rect/></region>
<text>
<par>
<line>\</line></par>
</text>
</block>
<block><region><rect/></region>
<text>
<par/>
</text>
</block>
<block><region><rect/></region>
<text>
<par/>
</text>
</block>
<block><region><rect/></region>
<text>
<par>
<line>V.</line></par>
</text>
</block>
<block><region><rect/></region>
<text>
<par/>
</text>
</block>
<block><region><rect/></region>
<text>
<par>
<line>.C -yE'P,fl^-Hii J Olin</line>
<line>■■ \</line></par>
</text>
</block>
<block><region><rect/></region>
<text>
<par/>
</text>
</block>
<block><region><rect/></region>
<text>
<par>
<line>?fii5.T(*-</line></par>
<par>
<line>■v.-TS?-^..</line></par>
</text>
</block>
<block><region><rect/></region>
<text>
<par>
<line>rs</line></par>
</text>
</block>
<block><region><rect/></region>
<text>
<par>
<line>'TV J -x</line></par>
</text>
</block>
<block><region><rect/></region>
<text>
<par>
<line>I .• &gt;?/</line></par>
</text>
</block>
<block><region><rect/></region>
<text>
<par>
<line>r.&gt; \</line></par>
</text>
</block>
<block><region><rect/></region>
<text>
<par>
<line>f- Ç*</line></par>
</text>
</block>
<block><region><rect/></region>
<text>
<par>
<line>■M .J</line></par>
</text>
</block>
<block><region><rect/></region>
<text>
<par>
<line>^uv</line></par>
<par>
<line>LA: GOUELIÉ-</line></par>
<par>
<line>•■h</line></par>
</text>
</block>
<block><region><rect/></region>
<text>
<par>
<line>;iifr.tf</line></par>
</text>
</block>
<block><region><rect/></region>
<text>
<par>
<line>\f</line></par>
</text>
</block>
<block><region><rect/></region>
<text>
<par>
<line>-■V</line></par>
</text>
</block>
<block><region><rect/></region>
<text>
<par>
<line>.vv- :</line></par>
</text>
</block>
<block><region><rect/></region>
<text>
<par>
<line>lin rrt radrï</line></par>
</text>
</block>
<block><region><rect/></region>
<text>
<par/>
</text>
</block>
<block><region><rect/></region>
<text>
<par>
<line>\'y</line></par>
</text>
</block>
<block><region><rect/></region>
<text>
<par>
<line>O'i</line></par>
</text>
</block>
<block><region><rect/></region>
<text>
<par/>
</text>
</block>
<block><region><rect/></region>
<text>
<par>
<line>F El</line></par>
</text>
</block>
<block><region><rect/></region>
<text>
<par>
<line>X</line></par>
</text>
</block>
<block><region><rect/></region>
<text>
<par>
<line>ül'\ 3'! ' +</line></par>
</text>
</block>
<block><region><rect/></region>
<text>
<par/>
</text>
</block>
<block><region><rect/></region>
<text>
<par/>
</text>
</block>
<block><region><rect/></region>
<text>
<par>
<line>■-l’jSy .</line></par>
</text>
</block>
<block><region><rect/></region>
<text>
<par>
<line>1^-</line></par>
</text>
</block>
<block><region><rect/></region>
<text>
<par>
<line>: rVfT'-</line></par>
<par>
<line>^l :'.fe-J... -. - .:?i. X</line></par>
</text>
</block>
<block><region><rect/></region>
<text>
<par/>
</text>
</block>
<block><region><rect/></region>
<text>
<par>
<line>'ïj.'L</line></par>
</text>
</block>
<block><region><rect/></region>
<text>
<par/>
</text>
</block>
<block><region><rect/></region>
<text>
<par>
<line>-JO!</line></par>
</text>
</block>
<block><region><rect/></region>
<text>
<par>
<line>No Cl</line></par>
</text>
</block>
<block><region><rect/></region>
<text>
<par>
<line>r^-</line></par>
</text>
</block>
<block><region><rect/></region>
<text>
<par/>
</text>
</block>
<block><region><rect/></region>
<text>
<par>
<line>.L&gt; OPA</line></par>
</text>
</block>
<block><region><rect/></region>
<text>
<par/>
</text>
</block>
<block><region><rect/></region>
<text>
<par/>
</text>
</block>
<block><region><rect/></region>
<text>
<par>
<line>T-^i-T;||jCJ</line></par>
</text>
</block>
<block><region><rect/></region>
<text>
<par>
<line>a'fli</line></par>
</text>
</block>
<block><region><rect/></region>
<text>
<par>
<line>fieV</line></par>
</text>
</block>
<block><region><rect/></region>
<text>
<par/>
</text>
</block>
<block><region><rect/></region>
<text>
<par/>
</text>
</block>
<block><region><rect/></region>
<text>
<par/>
</text>
</block>
<block><region><rect/></region>
<text>
<par>
<line>-J.-1</line></par>
</text>
</block>
<block><region><rect/></region>
<text>
<par>
<line>1+---</line></par>
</text>
</block>
<block><region><rect/></region>
<text>
<par/>
</text>
</block>
<block><region><rect/></region>
<text>
<par>
<line>Filj!</line></par>
</text>
</block>
<block><region><rect/></region>
<text>
<par/>
</text>
</block>
<block><region><rect/></region>
<text>
<par/>
</text>
</block>
<block><region><rect/></region>
<text>
<par>
<line>/. -'«f</line></par>
</text>
</block>
<block><region><rect/></region>
<text>
<par>
<line>i^'. • :■ f.?</line></par>
</text>
</block>
<block><region><rect/></region>
<text>
<par/>
</text>
</block>
<block><region><rect/></region>
<text>
<par/>
</text>
</block>
<block><region><rect/></region>
<text>
<par/>
</text>
</block>
<block><region><rect/></region>
<text>
<par>
<line>4&gt; I,</line></par>
</text>
</block>
<block><region><rect/></region>
<text>
<par>
<line>:■ JifX</line></par>
</text>
</block>
<block><region><rect/></region>
<text>
<par>
<line>C^-lrajD</line></par>
</text>
</block>
<block><region><rect/></region>
<text>
<par>
<line>»i -î i</line></par>
</text>
</block>
<block><region><rect/><rect/></region>
<text>
<par/>
</text>
</block>
<block><region><rect/></region>
<text>
<par>
<line>Liliilinpfl</line></par>
</text>
</block>
<block><region><rect/></region>
<text>
<par/>
</text>
</block>
<block><region><rect/></region>
<text>
<par>
<line>ùv: i-.rt</line></par>
</text>
</block>
<block><region><rect/></region>
<text>
<par>
<line>nr</line></par>
</text>
</block>
<block><region><rect/></region>
<text>
<par>
<line>^ ib</line></par>
</text>
</block>
<block><region><rect/></region>
<text>
<par>
<line>■’ ■</line></par>
</text>
</block>
<block><region><rect/></region>
<text>
<par/>
</text>
</block>
<block><region><rect/></region>
<text>
<par/>
</text>
</block>
<block><region><rect/></region>
<text>
<par>
<line>L rirHird.* n</line>
<line>C Lt :i ' oia I</line></par>
</text>
</block>
<block><region><rect/></region>
<text>
<par>
<line>tkf lil L</line></par>
</text>
</block>
<block><region><rect/><rect/><rect/><rect/><rect/></region>
<text>
<par>
<line>■;X”</line></par>
<par>
<line>::.y "</line></par>
</text>
</block>
<block><region><rect/><rect/><rect/><rect/><rect/><rect/></region>
<text>
<par>
<line>VÀ'pe^-»^ c : ■. '■*' kXv :/ -..</line></par>
<par>
<line>■ ■ ■■ 'aX■. ■ -.</line></par>
<par>
<line>■ ■ ■ ■ .'■'■■ '</line></par>
<par>
<line>■-■■roj- ■■• ^ ' '• ;-hv»-^</line></par>
</text>
</block>
<block><region><rect/><rect/><rect/><rect/><rect/></region>
<text>
<par>
<line>__^-: ^\.'^r&gt;._\-Qi'r J |rt l-ojp-.^</line></par>
</text>
</block>
<block><region><rect/><rect/><rect/></region>
<text>
<par>
<line>zhn’r^vTf</line></par>
<par>
<line>\ 'K'-’'</line></par>
</text>
</block>
<block><region><rect/><rect/><rect/><rect/><rect/><rect/><rect/><rect/><rect/></region>
<text>
<par>
<line>y' ^ ■-■^i? Al‘'? /^' ■ï"'-* ™*'jf ■!?;</line></par>
<par>
<line>y ■■■■ -i■ 1^-' f J'■■ •&gt;■ ‘'''Jr'-iS</line></par>
<par>
<line>y.-li</line></par>
<par>
<line>/-p.^</line></par>
</text>
</block>
<block><region><rect/><rect/></region>
<text>
<par>
<line>■|i:-7l</line></par>
<par>
<line>llJ</line></par>
</text>
</block>
<block><region><rect/><rect/><rect/></region>
<text>
<par>
<line>vX#''#AÏfe</line></par>
</text>
</block>
<block><region><rect/></region>
<text>
<par/>
</text>
</block>
<block><region><rect/><rect/><rect/></region>
<text>
<par>
<line>N* "'V -.S,'. .&gt;■ ■'■'■X</line></par>
<par>
<line>/■ b v- y. ;^ •/■■/■•.</line></par>
</text>
</block>
<block><region><rect/></region>
<text>
<par>
<line>y</line></par>
</text>
</block>
<block><region><rect/><rect/><rect/><rect/><rect/><rect/><rect/><rect/><rect/><rect/><rect/><rect/><rect/><rect/><rect/><rect/><rect/><rect/><rect/><rect/><rect/></region>
<text>
<par>
<line>^l k'3'Ç i-AiV'’^'l W- . - ■ "</line></par>
<par>
<line>■&gt;-X -■•|■^:S ’s 40i •</line></par>
<par>
<line>• . • - K. !:•....V . • . A</line></par>
<par>
<line>... ..i&gt;:?4jjV.-. •.•■■••••'.••AC.</line></par>
<par>
<line>• • X ••f■: A jiini' • ■-'</line></par>
<par>
<line>..... i ■ "</line></par>
<par>
<line>! ■.» ' ■.ré-'‘-.‘'^A-.':v A</line></par>
<par>
<line>' I [fl ■\' JI a iu a ;((o.u h -11. .'.'.■ '.'j !Î'!</line></par>
<par>
<line>.-K</line></par>
</text>
</block>
<block><region><rect/><rect/><rect/><rect/><rect/><rect/><rect/><rect/><rect/></region>
<text>
<par>
<line>t/y ■ - irf:f&lt;Y. 4.</line></par>
<par>
<line>Æ:,.</line></par>
<par>
<line>Qaemigfir^</line>
<line>yi(ur'&gt;Ssj.fie.j</line></par>
</text>
</block>
<block><region><rect/><rect/><rect/><rect/><rect/><rect/></region>
<text>
<par>
<line>.' ^A£•I '</line></par>
<par>
<line>■ fl-"' ."îv.'</line></par>
<par>
<line>:, . 1'.-»;'.■■-i,.'Pci</line></par>
<par>
<line>. ' W: ;i f;:-| : •?</line></par>
<par>
<line>’ :'• '■‘.■A'.p.i .'•J^i‘ .X</line></par>
</text>
</block>
<block><region><rect/><rect/><rect/><rect/></region>
<text>
<par/>
</text>
</block>
<block><region><rect/><rect/><rect/><rect/><rect/></region>
<text>
<par>
<line>' 'S/y*- ■■ ?-j-= '■■'••■h.A- .</line></par>
</text>
</block>
<block><region><rect/></region>
<text>
<par>
<line>'■•■</line></par>
</text>
</block>
<block><region><rect/><rect/><rect/></region>
<text>
<par/>
</text>
</block>
<block><region><rect/></region>
<text>
<par>
<line>1^1 a r^ii^</line></par>
</text>
</block>
<block><region><rect/></region>
<text>
<par>
<line>.;[ fi a</line></par>
</text>
</block>
<block><region><rect/></region>
<text>
<par>
<line>‘, 5- 'A'C'.jï'i^; A '</line></par>
</text>
</block>
<block><region><rect/><rect/><rect/><rect/><rect/></region>
<text>
<par/>
</text>
</block>
<block><region><rect/><rect/></region>
<text>
<par>
<line>■•. . ■••.a ••-■•l-idi Fl-.1 •.'• r ' I,'rtsTTaW r ^.1 nùFOT.ICÏl1fl PtTT •": fc: ïj.M “</line></par>
</text>
</block>
<block><region><rect/></region>
<text>
<par>
<line>■^/ ' . uiiV</line></par>
</text>
</block>
<block><region><rect/><rect/><rect/><rect/><rect/><rect/></region>
<text>
<par>
<line>X■■. ..-^</line></par>
<par>
<line>iTîS. ïsijjni ns ■ /</line></par>
<par>
<line>' \ '. fid. CAïifî'i-'-ft</line></par>
<par>
<line>.&gt;v . '■■</line></par>
<par>
<line>.X</line></par>
</text>
</block>
<block><region><rect/></region>
<text>
<par/>
</text>
</block>
<block><region><rect/></region>
<text>
<par>
<line>Cijemigiifl™!</line></par>
</text>
</block>
<block><region><rect/></region>
<text>
<par/>
</text>
</block>
<block><region><rect/></region>
<text>
<par/>
</text>
</block>
<block><region><rect/></region>
<text>
<par/>
</text>
</block>
<block><region><rect/></region>
<text>
<par>
<line>A- :rJ^</line></par>
</text>
</block>
<block><region><rect/></region>
<text>
<par>
<line>■i.piï</line></par>
</text>
</block>
<block><region><rect/></region>
<text>
<par>
<line>^ V^'yï</line></par>
<par>
<line>; ;7.!Æ</line></par>
</text>
</block>
<block><region><rect/></region>
<text>
<par/>
</text>
</block>
<block><region><rect/></region>
<text>
<par/>
</text>
</block>
<block><region><rect/></region>
<text>
<par/>
</text>
</block>
<block><region><rect/></region>
<text>
<par>
<line>'.y-'' ■"</line></par>
</text>
</block>
<block><region><rect/></region>
<text>
<par/>
</text>
</block>
<block><region><rect/></region>
<text>
<par/>
</text>
</block>
<block><region><rect/></region>
<text>
<par>
<line>r":l«</line></par>
</text>
</block>
<block><region><rect/></region>
<text>
<par>
<line>i &gt;</line></par>
</text>
</block>
<block><region><rect/></region>
<text>
<par>
<line>■^3</line></par>
</text>
</block>
<block><region><rect/></region>
<text>
<par>
<line>nï'.-'f.</line></par>
</text>
</block>
<block><region><rect/></region>
<text>
<par>
<line>/ . V</line></par>
</text>
</block>
<block><region><rect/></region>
<text>
<par>
<line>• ;bn PLain'"</line></par>
</text>
</block>
<block><region><rect/></region>
<text>
<par>
<line>..ü . ■</line></par>
</text>
</block>
<block><region><rect/></region>
<text>
<par/>
</text>
</block>
<block><region><rect/></region>
<text>
<par>
<line>CÎH</line></par>
</text>
</block>
<block><region><rect/></region>
<text>
<par>
<line>rjf .ti</line></par>
</text>
</block>
<block><region><rect/></region>
<text>
<par/>
</text>
</block>
<block><region><rect/></region>
<text>
<par/>
</text>
</block>
<block><region><rect/></region>
<text>
<par/>
</text>
</block>
<block><region><rect/></region>
<text>
<par>
<line>ii?in- lA...</line></par>
</text>
</block>
<block><region><rect/><rect/><rect/></region>
<text>
<par/>
</text>
</block>
<block><region><rect/></region>
<text>
<par/>
</text>
</block>
<block><region><rect/></region>
<text>
<par/>
</text>
</block>
<block><region><rect/></region>
<text>
<par>
<line>.5-r-!</line></par>
</text>
</block>
<block><region><rect/></region>
<text>
<par>
<line>( : h. i ri ■[&gt;</line></par>
</text>
</block>
<block><region><rect/><rect/><rect/></region>
<text>
<par>
<line>■• .,&lt;^:‘-ÎLl'^"^-i V'^'-^--'-.':'_'."X:'4.. "'i!''! -</line></par>
<par>
<line>. pÊmffm:\ ...</line></par>
<par>
<line>X. -ûsi‘yysmêmyy" i</line></par>
</text>
</block>
<block><region><rect/></region>
<text>
<par/>
</text>
</block>
<block><region><rect/></region>
<text>
<par>
<line>•■^^. •L:*Xw--'^ - /+=*• Kn</line></par>
</text>
</block>




</page>
<page width="2486" height="3513" resolution="300">
<block><region><rect/><rect/><rect/><rect/></region>
<text>
<par/>
</text>
</block>
<block><region><rect/></region>
<text>
<par>
<line>■ 't.</line></par>
</text>
</block>
<block><region><rect/></region>
<text>
<par>
<line>t t</line></par>
</text>
</block>
<block><region><rect/></region>
<text>
<par/>
</text>
</block>
<block><region><rect/></region>
<text>
<par>
<line>iïft</line></par>
</text>
</block>
<block><region><rect/></region>
<text>
<par/>
</text>
</block>
<block><region><rect/></region>
<text>
<par>
<line>p|-'</line></par>
<par>
<line>î^~;^'fr^^'*?f:-.-r&gt;-.-L‘-î"t‘ .</line></par>
</text>
</block>
<block><region><rect/></region>
<text>
<par>
<line>li-.V</line></par>
</text>
</block>
<block><region><rect/></region>
<text>
<par/>
</text>
</block>
<block><region><rect/></region>
<text>
<par>
<line>jV;</line></par>
</text>
</block>
<block><region><rect/></region>
<text>
<par/>
</text>
</block>
<block><region><rect/></region>
<text>
<par/>
</text>
</block>
<block><region><rect/></region>
<text>
<par/>
</text>
</block>
<block><region><rect/></region>
<text>
<par/>
</text>
</block>
<block><region><rect/></region>
<text>
<par/>
</text>
</block>
<block><region><rect/></region>
<text>
<par>
<line>'■■.jj.</line></par>
</text>
</block>
<block><region><rect/></region>
<text>
<par/>
</text>
</block>
<block><region><rect/><rect/></region>
<text>
<par>
<line>mmmm</line></par>
</text>
</block>
<block><region><rect/></region>
<text>
<par/>
</text>
</block>
<block><region><rect/></region>
<text>
<par>
<line>'Vi-Æ</line></par>
</text>
</block>
<block><region><rect/></region>
<text>
<par>
<line>■S.W,</line></par>
</text>
</block>
<block><region><rect/></region>
<text>
<par/>
</text>
</block>
<block><region><rect/></region>
<text>
<par>
<line>I</line></par>
</text>
</block>
<block><region><rect/></region>
<text>
<par/>
</text>
</block>
<block><region><rect/></region>
<text>
<par>
<line>.-■ • -S jJ'-'-v</line></par>
<par>
<line>k- v ‘'</line></par>
</text>
</block>
<block><region><rect/></region>
<text>
<par/>
</text>
</block>
<block><region><rect/></region>
<text>
<par>
<line>oÆ</line></par>
</text>
</block>
<block><region><rect/></region>
<text>
<par/>
</text>
</block>
<block><region><rect/></region>
<text>
<par/>
</text>
</block>
<block><region><rect/></region>
<text>
<par>
<line>.c</line></par>
</text>
</block>
<block><region><rect/></region>
<text>
<par>
<line>S^--WÎ'</line></par>
</text>
</block>
<block><region><rect/><rect/></region>
<text>
<par/>
</text>
</block>
<block><region><rect/></region>
<text>
<par/>
</text>
</block>
<block><region><rect/></region>
<text>
<par/>
</text>
</block>
<block><region><rect/></region>
<text>
<par>
<line>«Tr</line></par>
</text>
</block>
<block><region><rect/><rect/></region>
<text>
<par/>
</text>
</block>
<block><region><rect/><rect/></region>
<text>
<par>
<line>^rS',i,^|';%‘'/‘rHi';;k-; L-sif.?:-' &gt; J.</line></par>
<par>
<line>s-</line></par>
</text>
</block>
<block><region><rect/><rect/></region>
<text>
<par/>
</text>
</block>
<block><region><rect/></region>
<text>
<par>
<line>■ïv’t-.</line></par>
</text>
</block>
<block><region><rect/></region>
<text>
<par/>
</text>
</block>
<block><region><rect/></region>
<text>
<par/>
</text>
</block>
<block><region><rect/></region>
<text>
<par/>
</text>
</block>
<block><region><rect/><rect/></region>
<text>
<par>
<line>■■- mr j'^- il -j^-</line></par>
</text>
</block>
<block><region><rect/></region>
<text>
<par>
<line>W:</line></par>
</text>
</block>
<block><region><rect/></region>
<text>
<par/>
</text>
</block>
<block><region><rect/></region>
<text>
<par/>
</text>
</block>
<block><region><rect/></region>
<text>
<par>
<line>Slr.w</line></par>
</text>
</block>
<block><region><rect/><rect/></region>
<text>
<par>
<line>" "- -- ^‘vW.t^V'</line></par>
</text>
</block>
<block><region><rect/></region>
<text>
<par/>
</text>
</block>
<block><region><rect/></region>
<text>
<par>
<line>Sïj^?îi-',(n3: '&lt;'■1; •:.'r --^ ^iiî</line></par>
</text>
</block>
<block><region><rect/></region>
<text>
<par>
<line>m</line></par>
</text>
</block>
<block><region><rect/></region>
<text>
<par/>
</text>
</block>
<block><region><rect/></region>
<text>
<par>
<line>B</line></par>
</text>
</block>
<block><region><rect/></region>
<text>
<par/>
</text>
</block>
<block><region><rect/></region>
<text>
<par>
<line>m</line></par>
</text>
</block>
<block><region><rect/></region>
<text>
<par/>
</text>
</block>
<block><region><rect/></region>
<text>
<par>
<line>Mt</line></par>
</text>
</block>
<block><region><rect/></region>
<text>
<par/>
</text>
</block>
<block><region><rect/></region>
<text>
<par/>
</text>
</block>
<block><region><rect/></region>
<text>
<par>
<line>r.sA</line></par>
</text>
</block>
<block><region><rect/></region>
<text>
<par/>
</text>
</block>
<block><region><rect/></region>
<text>
<par>
<line>ï-V</line></par>
</text>
</block>
<block><region><rect/></region>
<text>
<par/>
</text>
</block>
<block><region><rect/></region>
<text>
<par/>
</text>
</block>
<block><region><rect/></region>
<text>
<par>
<line>eü</line></par>
</text>
</block>
<block><region><rect/></region>
<text>
<par/>
</text>
</block>
<block><region><rect/></region>
<text>
<par>
<line>- ity</line></par>
</text>
</block>
<block><region><rect/></region>
<text>
<par>
<line>i</line></par>
</text>
</block>
<block><region><rect/></region>
<text>
<par/>
</text>
</block>
<block><region><rect/></region>
<text>
<par>
<line>y</line></par>
</text>
</block>
<block><region><rect/></region>
<text>
<par>
<line>w.</line></par>
</text>
</block>
<block><region><rect/></region>
<text>
<par>
<line>Wfjj;</line></par>
</text>
</block>
<block><region><rect/></region>
<text>
<par>
<line>?V!*r</line></par>
</text>
</block>
<block><region><rect/></region>
<text>
<par>
<line>/%'vli</line></par>
</text>
</block>
<block><region><rect/></region>
<text>
<par>
<line>W-</line></par>
</text>
</block>
<block><region><rect/></region>
<text>
<par/>
</text>
</block>
<block><region><rect/></region>
<text>
<par/>
</text>
</block>
<block><region><rect/></region>
<text>
<par>
<line>îfif</line></par>
</text>
</block>
<block><region><rect/></region>
<text>
<par/>
</text>
</block>
<block><region><rect/></region>
<text>
<par/>
</text>
</block>
<block><region><rect/></region>
<text>
<par>
<line>rK</line></par>
</text>
</block>
<block><region><rect/></region>
<text>
<par/>
</text>
</block>
<block><region><rect/></region>
<text>
<par>
<line>fl.^</line></par>
</text>
</block>
<block><region><rect/></region>
<text>
<par>
<line>r.lk</line></par>
</text>
</block>
<block><region><rect/></region>
<text>
<par/>
</text>
</block>
<block><region><rect/></region>
<text>
<par/>
</text>
</block>
<block><region><rect/></region>
<text>
<par>
<line>.rat</line></par>
</text>
</block>
<block><region><rect/></region>
<text>
<par/>
</text>
</block>
<block><region><rect/></region>
<text>
<par>
<line>vwT.r</line></par>
</text>
</block>
<block><region><rect/></region>
<text>
<par/>
</text>
</block>
<block><region><rect/></region>
<text>
<par/>
</text>
</block>
<block><region><rect/></region>
<text>
<par>
<line>i^lW</line></par>
</text>
</block>
<block><region><rect/></region>
<text>
<par>
<line>ti</line></par>
</text>
</block>
<block><region><rect/></region>
<text>
<par/>
</text>
</block>
<block><region><rect/></region>
<text>
<par>
<line>mm</line></par>
</text>
</block>
<block><region><rect/></region>
<text>
<par>
<line>m</line></par>
</text>
</block>
<block><region><rect/></region>
<text>
<par/>
</text>
</block>
<block><region><rect/></region>
<text>
<par>
<line>èâ</line></par>
</text>
</block>
<block><region><rect/></region>
<text>
<par/>
</text>
</block>
<block><region><rect/></region>
<text>
<par/>
</text>
</block>
<block><region><rect/></region>
<text>
<par>
<line>^ •■sr: • &gt;</line></par>
</text>
</block>
<block><region><rect/></region>
<text>
<par/>
</text>
</block>
<block><region><rect/></region>
<text>
<par/>
</text>
</block>
<block><region><rect/></region>
<text>
<par/>
</text>
</block>
<block><region><rect/><rect/><rect/></region>
<text>
<par>
<line>.-% •. •• y-' f- .*S'T</line></par>
<par>
<line>O' yy ■ .:: ^ /</line></par>
<par>
<line>■ ■- :,,Vri-. . !. ■•■•■.,'!. ^ .'^ . ■i?"??'’;.',-.; ?&gt;- '-‘■•;'t-:</line></par>
<par>
<line>'■ ’C-r-'</line></par>
<par>
<line>''--'ï'-r./vïSi</line></par>
</text>
</block>
<block><region><rect/></region>
<text>
<par>
<line>' -f!</line></par>
</text>
</block>
<block><region><rect/></region>
<text>
<par>
<line>1 fts</line></par>
</text>
</block>
<block><region><rect/></region>
<text>
<par>
<line>:! ■&gt;</line></par>
</text>
</block>
<block><region><rect/></region>
<text>
<par/>
</text>
</block>
<block><region><rect/></region>
<text>
<par>
<line>^ ^ I</line></par>
</text>
</block>
<block><region><rect/></region>
<text>
<par>
<line>/</line></par>
</text>
</block>
<block><region><rect/></region>
<text>
<par>
<line>■yyy.- y tssï</line></par>
<par>
<line>■ Ji •'.".'.î’vii:t;j&gt;</line></par>
<par>
<line>.'*^iâVj^'-V.;. ■.'rJ'feL-i</line></par>
</text>
</block>
<block><region><rect/></region>
<text>
<par>
<line>»</line></par>
</text>
</block>
<block><region><rect/></region>
<text>
<par/>
</text>
</block>
<block><region><rect/></region>
<text>
<par>
<line>ï</line></par>
</text>
</block>
<block><region><rect/></region>
<text>
<par>
<line>• • :.- f i:</line></par>
</text>
</block>
<block><region><rect/></region>
<text>
<par/>
</text>
</block>
<block><region><rect/></region>
<text>
<par>
<line>l 11 ^</line></par>
</text>
</block>
<block><region><rect/></region>
<text>
<par>
<line>i-J*-.</line></par>
</text>
</block>
<block><region><rect/></region>
<text>
<par>
<line>È-</line></par>
</text>
</block>
<block><region><rect/></region>
<text>
<par>
<line>■^Ift *-Vr l&gt;,e.-tAy-</line></par>
<par>
<line>Il . . ; *.&lt;</line></par>
</text>
</block>
<block><region><rect/></region>
<text>
<par>
<line>-T*</line></par>
</text>
</block>
<block><region><rect/></region>
<text>
<par/>
</text>
</block>
<block><region><rect/></region>
<text>
<par>
<line>-V &gt; ’z</line></par>
</text>
</block>
<block><region><rect/></region>
<text>
<par>
<line>V .... A'</line></par>
</text>
</block>
<block><region><rect/></region>
<text>
<par>
<line>■:</line></par>
</text>
</block>
<block><region><rect/></region>
<text>
<par>
<line>vV . -;</line></par>
</text>
</block>
<block><region><rect/></region>
<text>
<par>
<line>.d' Ak</line></par>
</text>
</block>
<block><region><rect/></region>
<text>
<par>
<line>V.-J-t</line></par>
</text>
</block>
<block><region><rect/></region>
<text>
<par>
<line>- .!</line></par>
</text>
</block>
<block><region><rect/><rect/><rect/><rect/><rect/></region>
<text>
<par>
<line>-r ;.--=.W:,s' '«■■‘•T *-J ^</line></par>
<par>
<line>f-’^i-v'.' :3ih‘^‘ &gt;■ r</line></par>
<par>
<line>'•:..T:*--r';&gt;.T&gt;’, *'-V-. V 1?^ 5</line></par>
<par>
<line>a-'i r , \.:r -r » A</line></par>
</text>
</block>
<block><region><rect/><rect/><rect/></region>
<text>
<par>
<line>.-•■ •.: * A'</line></par>
</text>
</block>
<block><region><rect/><rect/><rect/><rect/><rect/><rect/></region>
<text>
<par>
<line>tV'- ' ■• -i-- ■-■ 'i^^Sï';.^-::'.'’' '•'i'r'-C^-'^-'.'- T:</line></par>
</text>
</block>
<block><region><rect/><rect/></region>
<text>
<par/>
</text>
</block>
<block><region><rect/><rect/><rect/></region>
<text>
<par>
<line>li f lSf‘. .ll'ô.ilï</line></par>
</text>
</block>
<block><region><rect/><rect/></region>
<text>
<par>
<line>æy.m</line></par>
<par>
<line>T - ■-'■.•y y’ fA</line></par>
<par>
<line>&gt;■;■••• /■■:’•■ ■■■</line></par>
<par>
<line>.. , ..J-n^'?--T 'v-</line></par>
</text>
</block>
<block><region><rect/></region>
<text>
<par>
<line>/</line></par>
</text>
</block>
<block><region><rect/></region>
<text>
<par/>
</text>
</block>










</page>
</AC2>