<?xml version="1.0" encoding="UTF-8"?><AC2>
<page width="2479" height="3508" resolution="300">
<block><region><rect/></region>
<text>
<par/>
</text>
</block>
<block><region><rect/><rect/></region>
<text>
<par/>
</text>
</block>
<block><region><rect/></region>
<text>
<par/>
</text>
</block>
<block><region><rect/><rect/><rect/><rect/></region>
<text>
<par>
<line>..</line></par>
<par>
<line>f^ ‘ . :■: ■^. ^■' ■ ■ ■ ■</line></par>
<par>
<line>^ A.:-,.^</line></par>
</text>
</block>
<block><region><rect/><rect/></region>
<text>
<par>
<line>',.: ■&gt;; .'i- : ‘ ' ■;.■■</line></par>
<par>
<line>M4£ii]iiuij^jU hiBliini|il6«H</line>
<line>"■v-.-‘: ■' • • •'••</line></par>
<par>
<line>ni T^ühcimfinti ïialUlïts.</line></par>
</text>
</block>
<block><region><rect/></region>
<text>
<par>
<line>■</line></par>
</text>
</block>
<block><region><rect/><rect/></region>
<text>
<par>
<line>Vï“.- ■ ■</line></par>
<par>
<line>à"'-'</line></par>
</text>
</block>
<block><region><rect/></region>
<text>
<par/>
</text>
</block>
<block><region><rect/></region>
<text>
<par/>
</text>
</block>
<block><region><rect/></region>
<text>
<par>
<line>HÉPIBIIQUE FBA’tÇAISE.</line></par>
<par>
<line>"'‘' ARRÊTÉ.</line></par>
<par>
<line>le Ministre dte l^SSncation Nationale</line>
<line>jd!ïÉânU[d^ 3GfiC(S]U^M,</line></par>
</text>
</block>
<block><region><rect/><rect/></region>
<text>
<par>
<line>-^ ■ ' .^, . . Vu la loi (lu S ffliai i(}3o réorganisant la proleetinn des monuments</line></par>
<par>
<line>&amp;-«i.-‘,5.' , . ÿf- - .liâtnroLs ai des sites de caractère artistique, historî(|ue, scientifique, légoiidaire</line></par>
</text>
</block>
<block><region><rect/></region>
<text>
<par/>
</text>
</block>
<block><region><rect/><rect/><rect/></region>
<text>
<par/>
</text>
</block>
<block><region><rect/><rect/><rect/><rect/><rect/><rect/><rect/><rect/></region>
<text>
<par>
<line>. fju pittoresque ^</line></par>
<par>
<line>yli l’avis, éüûîâ p^ k Comiinssion dépapteioaentale des monuoienls naturels</line>
<line>dans sa.séance du 19 Jtilii ■.1934 '. '</line></par>
</text>
</block>
<block><region><rect/></region>
<text>
<par>
<line>i&gt;T;î riCJSRl'ti</line></par>
</text>
</block>
<block><region><rect/></region>
<text>
<par>
<line>ïs;</line></par>
</text>
</block>
<block><region><rect/></region>
<text>
<par/>
</text>
</block>
<block><region><rect/></region>
<text>
<par>
<line>i</line></par>
</text>
</block>
<block><region><rect/></region>
<text>
<par/>
</text>
</block>
<block><region><rect/></region>
<text>
<par/>
</text>
</block>
<block><region><rect/></region>
<text>
<par>
<line>tes-</line></par>
</text>
</block>
<block><region><rect/></region>
<text>
<par>
<line>m.</line></par>
</text>
</block>
<block><region><rect/></region>
<text>
<par/>
</text>
</block>
<block><region><rect/></region>
<text>
<par/>
</text>
</block>
<block><region><rect/></region>
<text>
<par>
<line>1</line></par>
</text>
</block>
<block><region><rect/></region>
<text>
<par/>
</text>
</block>
<block><region><rect/></region>
<text>
<par>
<line>■s^</line></par>
</text>
</block>
<block><region><rect/></region>
<text>
<par/>
</text>
</block>
<block><region><rect/></region>
<text>
<par>
<line>m</line></par>
</text>
</block>
<block><region><rect/></region>
<text>
<par>
<line>'î-r -T^</line></par>
</text>
</block>
<block><region><rect/></region>
<text>
<par/>
</text>
</block>
<block><region><rect/></region>
<text>
<par/>
</text>
</block>
<block><region><rect/></region>
<text>
<par/>
</text>
</block>
<block><region><rect/></region>
<text>
<par/>
</text>
</block>
<block><region><rect/></region>
<text>
<par>
<line>L :</line></par>
</text>
</block>
<block><region><rect/></region>
<text>
<par>
<line>1,:i - ■</line></par>
</text>
</block>
<block><region><rect/></region>
<text>
<par>
<line>■ .i</line></par>
</text>
</block>
<block><region><rect/></region>
<text>
<par>
<line>‘V-î</line></par>
</text>
</block>
<block><region><rect/><rect/><rect/><rect/><rect/><rect/><rect/><rect/><rect/><rect/><rect/><rect/><rect/></region>
<text>
<par>
<line>M-</line></par>
<par>
<line>uf .le' .G&amp;OBèi 1 Mun Lclpal : 4^ Ayallon,</line></par>
<par>
<line>=:r^ ■ ■ - - '.iv; ' ■;■ 4 - . ' - ■.. ■....■</line></par>
<par>
<line>f ;■ :;;■ - '-. '■^■■'■■■'^ " ..■ v</line></par>
<par>
<line>^ r'4- ^ r. •</line></par>
<par>
<line>ÿï^:.: -:.-:-••••■'.• '■ '_ •</line></par>
<par>
<line>:.-J'..'';' ■■ ••!- ■</line></par>
</text>
</block>
<block><region><rect/></region>
<text>
<par>
<line>■ f i i ■■ : '^r îî{'«;"?i '</line></par>
<par>
<line>: • ■ .' ••.^-••‘■'ir ■ i:</line></par>
</text>
</block>
<block><region><rect/></region>
<text>
<par>
<line>i.</line></par>
</text>
</block>
<block><region><rect/></region>
<text>
<par/>
</text>
</block>
<block><region><rect/><rect/><rect/><rect/></region>
<text>
<par>
<line>,-i-' '.f ■; (»</line></par>
<par>
<line>■L"'4l ? ' *■ ■ 1 ■’i V^r--J.-1.-. *’</line></par>
</text>
</block>
<block><region><rect/><rect/></region>
<text>
<par>
<line>:i,vV:’='</line></par>
<par>
<line>^OÎf=</line></par>
</text>
</block>
<block><region><rect/><rect/><rect/></region>
<text>
<par/>
</text>
</block>
<block><region><rect/></region>
<text>
<par>
<line>■i';f \ ''2.</line></par>
</text>
</block>
<block><region><rect/></region>
<text>
<par>
<line>- s .'4* y,l-'</line></par>
<par>
<line>Vj^'-^ - ■■O’ ’ÎÇ- .-r- ■^-■j'^Sj'. ’■■ Vnt- . •■'- . ,</line></par>
<par>
<line>PiS^ô-^&amp;45v:- 4.'.-:-:'</line></par>
</text>
</block>
<block><region><rect/></region>
<text>
<par>
<line>/ **.</line></par>
</text>
</block>
<block><region><rect/><rect/><rect/><rect/><rect/><rect/><rect/><rect/><rect/><rect/><rect/><rect/></region>
<text>
<par>
<line>gf'î- : 'I ■■: ■ ■':■'■</line></par>
</text>
</block>

</page>
<page width="2488" height="3514" resolution="300">
<block><region><rect/></region>
<text>
<par/>
</text>
</block>
<block><region><rect/></region>
<text>
<par>
<line>-î</line></par>
</text>
</block>
<block><region><rect/></region>
<text>
<par/>
</text>
</block>
<block><region><rect/></region>
<text>
<par/>
</text>
</block>
<block><region><rect/><rect/><rect/></region>
<text>
<par/>
</text>
</block>
<block><region><rect/></region>
<text>
<par/>
</text>
</block>
<block><region><rect/></region>
<text>
<par>
<line>ARRÊTEî</line></par>
</text>
</block>
<block><region><rect/><rect/></region>
<text>
<par>
<line>. ^Awrit: U- pttE uiiîR.</line></par>
</text>
</block>
<block><region><rect/></region>
<text>
<par>
<line>- ’^i'</line></par>
</text>
</block>
<block><region><rect/><rect/><rect/><rect/></region>
<text>
<par>
<line>la Pyùmanaia des CapuciTis à AVALLOiT (YoBne)</line></par>
<par>
<line>-. --/r-.K--- ■ ; ^ ^ . ■-■'"■</line></par>
<par>
<line>^ :-r?fc '.W-' .■■■'-■/</line></par>
</text>
</block>
<block><region><rect/><rect/><rect/><rect/></region>
<text>
<par/>
</text>
</block>
<block><region><rect/><rect/><rect/><rect/><rect/></region>
<text>
<par/>
</text>
</block>
<block><region><rect/></region>
<text>
<par/>
</text>
</block>
<block><region><rect/></region>
<text>
<par>
<line>'- , *;: j-\ ,.• « &lt;1-.- T'.»</line></par>
</text>
</block>
<block><region><rect/></region>
<text>
<par/>
</text>
</block>
<block><region><rect/></region>
<text>
<par/>
</text>
</block>
<block><region><rect/></region>
<text>
<par>
<line>tdj-</line></par>
</text>
</block>
<block><region><rect/></region>
<text>
<par/>
</text>
</block>
<block><region><rect/></region>
<text>
<par/>
</text>
</block>
<block><region><rect/></region>
<text>
<par>
<line>■■.y{</line></par>
</text>
</block>
<block><region><rect/></region>
<text>
<par/>
</text>
</block>
<block><region><rect/></region>
<text>
<par/>
</text>
</block>
<block><region><rect/></region>
<text>
<par>
<line>J’?'?</line></par>
</text>
</block>
<block><region><rect/></region>
<text>
<par>
<line>7ÎVJSÏ: *</line></par>
</text>
</block>
<block><region><rect/></region>
<text>
<par/>
</text>
</block>
<block><region><rect/></region>
<text>
<par>
<line>it-SlV^'-IS-i-î- .'î</line></par>
</text>
</block>
<block><region><rect/></region>
<text>
<par>
<line>sr-</line></par>
</text>
</block>
<block><region><rect/></region>
<text>
<par>
<line>ït*'’</line></par>
</text>
</block>
<block><region><rect/><rect/></region>
<text>
<par>
<line>e ^^vf^armi les^site^ fel i^otiuinents natüreh de caractè</line></par>
</text>
</block>
<block><region><rect/></region>
<text>
<par/>
</text>
</block>
<block><region><rect/></region>
<text>
<par/>
</text>
</block>
<block><region><rect/></region>
<text>
<par>
<line>caractère</line></par>
</text>
</block>
<block><region><rect/></region>
<text>
<par>
<line>; 16gefî(Uir|:</line></par>
</text>
</block>
<block><region><rect/><rect/></region>
<text>
<par>
<line>ou pilloresquo.</line></par>
</text>
</block>
<block><region><rect/><rect/></region>
<text>
<par>
<line>y^i y,</line></par>
</text>
</block>
<block><region><rect/><rect/></region>
<text>
<par>
<line>■ #:■</line></par>
<par>
<line>;AHT. 9;</line></par>
</text>
</block>
<block><region><rect/></region>
<text>
<par>
<line>Yonne et au lAaire</line></par>
</text>
</block>
<block><region><rect/></region>
<text>
<par>
<line>■Etaroi</line></par>
</text>
</block>
<block><region><rect/></region>
<text>
<par>
<line>SS};</line></par>
</text>
</block>
<block><region><rect/></region>
<text>
<par/>
</text>
</block>
<block><region><rect/></region>
<text>
<par>
<line>iyf.^r-</line></par>
</text>
</block>
<block><region><rect/></region>
<text>
<par/>
</text>
</block>
<block><region><rect/></region>
<text>
<par/>
</text>
</block>
<block><region><rect/></region>
<text>
<par/>
</text>
</block>
<block><region><rect/></region>
<text>
<par/>
</text>
</block>
<block><region><rect/></region>
<text>
<par>
<line>^lo$/,phac:urt eft ce qui le conceriiej</line></par>
</text>
</block>
<block><region><rect/></region>
<text>
<par>
<line>d&amp; 90(ï ti\é(.';iitîon.</line></par>
</text>
</block>
<block><region><rect/><rect/></region>
<text>
<par/>
</text>
</block>
<block><region><rect/><rect/><rect/><rect/></region>
<text>
<par/>
</text>
</block>
<block><region><rect/></region>
<text>
<par>
<line>3-SEPT</line></par>
</text>
</block>
<block><region><rect/></region>
<text>
<par>
<line>:U^Î'‘.</line></par>
</text>
</block>
<block><region><rect/></region>
<text>
<par>
<line>?K</line></par>
</text>
</block>
<block><region><rect/></region>
<text>
<par>
<line>J,/' -f.</line></par>
</text>
</block>
<block><region><rect/></region>
<text>
<par/>
</text>
</block>
<block><region><rect/><rect/></region>
<text>
<par>
<line>; J</line></par>
</text>
</block>

</page>
<page width="793" height="1123" resolution="96">
<block><region><rect/></region>
<text>
<par>
<line>5. PROMENADE DE CAPUCINS A AVALLON</line></par>
<par>
<line>Situation géographique . ville û'Aval)on</line></par>
</text>
</block>
<block><region><rect/></region>
<text>
<par>
<line>QuaiffioaUori au sHe ■</line></par>
<par>
<line>- site urbain</line></par>
<par>
<line>• oaradéiistrgues fntrinsèques. promenade publique plantée</line></par>
<par>
<line>W4éfétpatrimonial : site d'intérêt paysager et historique régional</line></par>
<par>
<line>Département; Yonne</line></par>
<par>
<line>Commune. Avallon</line></par>
<par>
<line>Oafe (Te protection - 3 septembre 1934</line></par>
<par>
<line>Sopefiicie ; 5 705 m2</line></par>
<par>
<line>STâfüf de propriété ; propriété communale</line></par>
<par>
<line>Biusterice a'un progranvne de gestion : nsm</line></par>
<par>
<line>Akrires protections : ZPRAUP créée en 1S&amp;5, actueliemem en révision</line></par>
<par>
<line>Zriieff : sans objet</line></par>
<par>
<line>Nature 2Ô00:</line></par>
</text>
</block>
<block><region><rect/></region>
<text>
<par>
<line>CARACTERISTIQUES E&gt;U SITE</line></par>
</text>
</block>
<block><region><rect/></region>
<text>
<par>
<line>Promenade plantée Oe deux allées de tilleuls et ceinte d'un petit muret de pierre qui la</line>
<line>sépare des voies de arcuiation, A une des extrémités de la promettade s'élève le</line>
<line>monument aux morts de 1914-18, par Vigoureux.</line></par>
</text>
</block>
<block><region><rect/></region>
<text>
<par>
<line>SON ENVIRONNEMENT</line></par>
</text>
</block>
<block><region><rect/></region>
<text>
<par>
<line>La promenade des Capucins est située au cœur de la ville d’Avaiion. Elle a été</line>
<line>aménagée au 19° siècle sur remplacement du Couvent des Capuons dont subsiste,</line>
<line>donnant sur la promenade, l'ancicnnc chapelle du M" siècle irar^sformée en cméma.</line></par>
</text>
</block>
<block><region><rect/></region>
<text>
<par>
<line>soNEVoürrtoN</line></par>
</text>
</block>
<block><region><rect/></region>
<text>
<par>
<line>utilisation et fréquemafion du site Promenade publique urbaine.</line></par>
<par>
<line>Etat du site ; L'ensemble des tilleuls séculaires, en très mauvais étal, ont été abattus en</line>
<line>1969 à la suite d'un bilan phylosanitaire. Ils ont été remplacés par de Jeunes sujets, La</line>
<line>promenade, qui servait d'aire de stationnement, s été tendue à sa vocation Des bancs,</line>
<line>des lampadaires et quelques petits jeux d'enfants ont installés Le site, qui avait</line>
<line>conservé sa composition fl'ongine a retrouvé aujourd’hui sa vocation initiale, il tant</line>
<line>attendre que les arbres nouvellement plantés grandissent...</line></par>
</text>
</block>
<block><region><rect/></region>
<text>
<par>
<line>RECOMMANDATIONS</line></par>
</text>
</block>
<block><region><rect/></region>
<text>
<par>
<line>Prévoir la réfection des joints des murets qui ceignent la promenade, en mauvais état et</line>
<line>assurer un bon suivi des arbres..</line></par>
</text>
</block>
<block><region><rect/></region>
<text>
<par>
<line>7</line></par>
</text>
</block>










</page>
<page width="1123" height="793" resolution="96">
<block><region><rect/></region>
<text>
<par>
<line>SITES</line></par>
</text>
</block>
<block><region><rect/></region>
<text>
<par>
<line>AVAL L ON</line></par>
</text>
</block>
<block><region><rect/></region>
<text>
<par>
<line>CLASSEMENT</line></par>
<par>
<line>' PROMENADE DES CAPUCINS</line></par>
</text>
</block>
<block><region><rect/></region>
<text>
<par>
<line>C</line></par>
</text>
</block>
<block><region><rect/></region>
<text>
<par/>
</text>
</block>
<block><region><rect/></region>
<text>
<par>
<line>\</line></par>
</text>
</block>
<block><region><rect/></region>
<text>
<par>
<line>m</line></par>
</text>
</block>
<block><region><rect/></region>
<text>
<par>
<line>m</line></par>
</text>
</block>
<block><region><rect/></region>
<text>
<par/>
</text>
</block>
<block><region><rect/></region>
<text>
<par>
<line>c</line></par>
</text>
</block>
<block><region><rect/></region>
<text>
<par/>
</text>
</block>
<block><region><rect/></region>
<text>
<par>
<line>^ 9t</line></par>
</text>
</block>
<block><region><rect/></region>
<text>
<par/>
</text>
</block>
<block><region><rect/></region>
<text>
<par/>
</text>
</block>
<block><region><rect/><rect/></region>
<text>
<par>
<line>Ci</line></par>
<par>
<line>O</line></par>
<par>
<line>3</line></par>
</text>
</block>
<block><region><rect/><rect/><rect/></region>
<text>
<par/>
</text>
</block>
<block><region><rect/></region>
<text>
<par>
<line>,“■6 -</line></par>
</text>
</block>
<block><region><rect/><rect/></region>
<text>
<par/>
</text>
</block>
<block><region><rect/><rect/><rect/></region>
<text>
<par/>
</text>
</block>
<block><region><rect/></region>
<text>
<par>
<line>y</line></par>
</text>
</block>
<block><region><rect/></region>
<text>
<par>
<line>&gt;1</line></par>
</text>
</block>
<block><region><rect/><rect/><rect/></region>
<text>
<par>
<line>' 'O X</line></par>
</text>
</block>
<block><region><rect/></region>
<text>
<par/>
</text>
</block>
<block><region><rect/><rect/><rect/></region>
<text>
<par>
<line>&lt;X.X&gt;\</line></par>
</text>
</block>
















</page>
<page width="3521" height="2497" resolution="300">
<block><region><rect/><rect/></region>
<text>
<par/>
</text>
</block>
<block><region><rect/></region>
<text>
<par>
<line>O.</line></par>
</text>
</block>
<block><region><rect/></region>
<text>
<par/>
</text>
</block>
<block><region><rect/></region>
<text>
<par/>
</text>
</block>
<block><region><rect/></region>
<text>
<par/>
</text>
</block>
<block><region><rect/></region>
<text>
<par/>
</text>
</block>
<block><region><rect/></region>
<text>
<par/>
</text>
</block>
<block><region><rect/></region>
<text>
<par/>
</text>
</block>
<block><region><rect/></region>
<text>
<par>
<line>n</line></par>
</text>
</block>
<block><region><rect/></region>
<text>
<par>
<line>« « &gt;"</line></par>
</text>
</block>
<block><region><rect/></region>
<text>
<par/>
</text>
</block>
<block><region><rect/></region>
<text>
<par/>
</text>
</block>
<block><region><rect/></region>
<text>
<par/>
</text>
</block>
<block><region><rect/></region>
<text>
<par>
<line>rr'</line></par>
</text>
</block>
<block><region><rect/></region>
<text>
<par>
<line>-• • .i' » .-*</line></par>
</text>
</block>
<block><region><rect/></region>
<text>
<par>
<line>V .-</line></par>
</text>
</block>
<block><region><rect/></region>
<text>
<par/>
</text>
</block>
<block><region><rect/></region>
<text>
<par>
<line>♦ &gt;'</line></par>
</text>
</block>
<block><region><rect/></region>
<text>
<par/>
</text>
</block>
<block><region><rect/></region>
<text>
<par/>
</text>
</block>
<block><region><rect/></region>
<text>
<par/>
</text>
</block>
<block><region><rect/></region>
<text>
<par/>
</text>
</block>
<block><region><rect/></region>
<text>
<par>
<line>•&gt;"</line></par>
</text>
</block>
<block><region><rect/></region>
<text>
<par/>
</text>
</block>
<block><region><rect/></region>
<text>
<par/>
</text>
</block>
<block><region><rect/></region>
<text>
<par>
<line>Jb ' •</line></par>
</text>
</block>
<block><region><rect/></region>
<text>
<par>
<line>►wf'j.</line></par>
</text>
</block>
<block><region><rect/></region>
<text>
<par>
<line>wrk</line></par>
</text>
</block>
<block><region><rect/></region>
<text>
<par>
<line>3</line></par>
</text>
</block>
<block><region><rect/></region>
<text>
<par/>
</text>
</block>
<block><region><rect/></region>
<text>
<par/>
</text>
</block>
<block><region><rect/></region>
<text>
<par/>
</text>
</block>
<block><region><rect/><rect/></region>
<text>
<par>
<line>Mû?u,(mçi*Î- o-uK "nçn-l-J</line>
<line>d* Iq CÇlfCn^i</line></par>
</text>
</block>
<block><region><rect/></region>
<text>
<par/>
</text>
</block>
<block><region><rect/></region>
<text>
<par>
<line>O</line></par>
</text>
</block>
<block><region><rect/></region>
<text>
<par>
<line>ARRÊTE</line></par>
</text>
</block>
<block><region><rect/></region>
<text orientation="RotatedClockwise">
<par>
<line>» j.|S;aD _S D| O J ! N</line></par>
</text>
</block>
<block><region><rect/></region>
<text>
<par/>
</text>
</block>
<block><region><rect/></region>
<text>
<par>
<line>échelle : 1/1 000</line></par>
<par>
<line>P ar* H c cjdssçé</line></par>
</text>
</block>







































<block blockType="Picture" blockName="" l="1651" t="1476" r="1827" b="1586"><region><rect/></region>
</block>
</page>
</AC2>