<?xml version="1.0" encoding="UTF-8"?><AC2>
<page width="2492" height="3513" resolution="300">
<block><region><rect/></region>
<text>
<par>
<line>i r.cri;RE</line></par>
</text>
</block>
<block><region><rect/></region>
<text>
<par>
<line>ARRETE</line></par>
</text>
</block>
<block><region><rect/></region>
<text>
<par>
<line>3</line></par>
</text>
</block>
<block><region><rect/></region>
<text>
<par/>
</text>
</block>
<block><region><rect/></region>
<text>
<par>
<line>Le Ministn -âe l’Éducation Nationale</line></par>
</text>
</block>
<block><region><rect/><rect/><rect/><rect/><rect/><rect/><rect/><rect/><rect/><rect/><rect/></region>
<text>
<par>
<line>•&lt;:ià</line></par>
<par>
<line>Vu la loi'''||p'»2 mai 19.'&gt;^' réorganisant la protection de,</line>
<line>monumenta riatiipails et dea sites de caractère, artisticiua,</line></par>
<par>
<line>historique, 3&lt;^enti fiqua, légendaire ou pittoresque ;</line></par>
<par>
<line>■ ■</line></par>
</text>
</block>
<block><region><rect/><rect/><rect/></region>
<text>
<par>
<line>Vu l'avis-#kLs par la Section Permanente de la Commission</line>
<line>des sites, perè^jectives et paysages de la Haute-Savoie dans sa</line>
<line>séance en dats .du 1er février 1956j</line></par>
</text>
</block>
<block><region><rect/></region>
<text>
<par>
<line>Vu l'àvii</line>
<line>sa séance en</line></par>
</text>
</block>
<block><region><rect/></region>
<text>
<par>
<line>{3 par la Commission supérieure des sites dans</line>
<line>iqdu ^4 juin 1943;</line></par>
</text>
</block>
<block><region><rect/><rect/><rect/></region>
<text>
<par>
<line>Vu 1 *arr$:1^|^rl date du 16 avril 1944 inscrivant sur l'inven¬</line>
<line>taire des 3it«i|^(i, ijassif du ilont-Blanc communes de Chamonix,</line>
<line>les Mouches, iMfflQontamines, St-Gervais-les-Bainsî</line></par>
<par>
<line>f'/ivar-</line></par>
<par>
<line>Vu .l'adhésion'en date du 10 noveinbre 1943 donnée par le</line>
<line>Conseil wlunicipal de Sa in t-Ce r vais les Bains; ■ ■</line></par>
</text>
</block>
<block><region><rect/></region>
<text>
<par>
<line>Vu l'adhésion en date du 19 septembre 1946 donnée par le</line>
<line>Conseil municipal des Ccutamines;</line></par>
<par>
<line>Vu l'adhésion en date du 5 septembre 1946 donnée par le</line>
<line>Conseil iàmicipal de Chamonix?</line></par>
<par>
<line>Vu l'adhésion donriée par li. le Uinistre de l'Agriculture</line>
<line>Direction Générale des Maine et Mûrôts) en date du 24 avril 1951</line></par>
</text>
</block>
<block><region><rect/></region>
<text>
<par>
<line>Vu l'adhésion donnée par -i. le lünistre des Finances et des</line>
<line>..fî'aires Sconomiques ^service des Domaines) en date du 23 mal</line>
<line>1951; ■</line></par>
</text>
</block>
<block><region><rect/></region>
<text>
<par>
<line>Article 1er.- Mat classé parmi les sites de caractère</line>
<line>pittoresque l'ensemole formant le massif du i»Iont-Blanc et</line>
<line>comprenant les glaciers, sommets et terrains domaniaux situes</line>
<line>sur le territoire des coimaunes de Chamonix, les Ilouches, les</line>
<line>Cor.tamines et Baint-Cervais-les-Juins et les terrains cotiaunaux.</line>
<line>appartenant a'ox communes de Chamonix, les Contamirfes ef 3t-</line>
<line>u-ervais les rsains coraoris a l'int rieirr du périmètre suivant j</line></par>
</text>
</block>









</page>
<page width="2533" height="3542" resolution="300">
<block><region><rect/></region>
<text>
<par>
<line>frontière franco-suisge du Pissoir au- l«Iûn.t-Dolentj la frontièr</line>
<line>franco italienne du Mont-Dolent à l’Ai^ille des Glaciers; la</line>
<line>j-imite départementale de la Haute-Savoie de l'Aiguille de a</line>
<line>ilaciera au Mont-Tonduj les limitea^^nord inférieiira^ et ouest du</line>
<line>glacier de Tr^lJ^TÔte, la oourbe de niveau qui suit la cote</line>
<line>2Ü00 en englpÎMtci'ti le Hont Voraissa;/ et le Mont-Behat ^jusqu'au</line>
<line>glaoier des Bcwions, les limites sud-ouest inférieures et aord-</line>
<line>Est du glacier des Bossons; iCTrttafcfcssxje la courbe de niveau</line>
<line>qui siût la cote 2000 jusqu'à, la Mer de Glace; la limite sud-oues</line>
<line>inférieure et nord de ce- glacier y compris le Mauvais Pas: la-</line>
<line>courbe de niveau qui suit la cote 2000 jusqu'au glacier</line>
<line>d'Argentières; les limites sud inférieures et.nord de ce glacier</line>
<line>la courbe de niveau qui suit la cote 2.000 jusqu'au glacier du</line>
<line>Tour; les limites sud inférieures et nord de ce ^acier jusqu'au</line>
<line>Pissoir.</line></par>
<par>
<line>Article 2.- Le présent arrôté sera notifié au préfet du</line>
<line>département de la .Haute-Savoie et aux maires des trois communes</line>
<line>intéressées qui seront'responsables chacun an ce qui le concerne</line>
<line>de son exécution*,</line></par>
<par>
<line>Article S?.- Il sera transcrit au bureau des hypothèques de</line>
<line>la situation du sitS2classé.</line></par>
</text>
</block>
<block><region><rect/></region>
<text>
<par>
<line>PARIS, le 14 ms 1951</line></par>
</text>
</block>
<block><region><rect/></region>
<text>
<par>
<line>KéABRAIAi</line></par>
</text>
</block>







</page>
</AC2>