<?xml version="1.0" encoding="UTF-8"?><AC2>
<page width="1660" height="2343" resolution="200">
<block><region><rect/><rect/><rect/></region>
<text>
<par>
<line>3ZVICG</line></par>
<par>
<line>MINISTÈRE DE</line></par>
<par>
<line>x15SJ^KïWcxiSAi^?B&amp;CK:i9i^K^^</line>
<line>^'ORBAWISME g;,^45gEMEWr</line></par>
<par>
<line>DE L'URBANISME ET DES PAYSAGES</line></par>
</text>
</block>
<block><region><rect/></region>
<text>
<par>
<line>SITES</line></par>
</text>
</block>
<block><region><rect/></region>
<text>
<par>
<line>RÉPUBLIQUE FRANÇAISE</line></par>
</text>
</block>
<block><region><rect/></region>
<text>
<par>
<line>ARRÊTÉ</line></par>
</text>
</block>
<block><region><rect/></region>
<text>
<par>
<line>Le Ministre</line></par>
<par>
<line>)omm(S)mëxm&lt;y}^</line></par>
<par>
<line>VlPibanùimz zZ du Logement</line></par>
</text>
</block>
<block><region><rect/></region>
<text>
<par>
<line>VU !üx tôt dix 1 mat 1930 KtonjgayUtawt la. pnotectton des monuments natu/iet6</line>
<line>et da&gt; &amp;tteA de cMAaeWie a/itüittjqae, kUtontque, ^ctenttftque, ttgendcU/ie</line>
<line>ou ptttoiLe^quef modt^tee pan. ta tôt n® 67,1174 du 2S décemb'ie 1967 ;</line></par>
<par>
<line>VU te déciiet n° 69.607 du 13 jutn 1969 pontant appttcatton de4 anttctes 4</line></par>
<par>
<line>et 5,1 de ta tôt du 2 mat 1930 àuA la pnotectton de4 &amp;tte&amp; ;</line></par>
<par>
<line>VU te décAet n" 70,2SS du 31 mont 1970 Aetatt^ à ta compo.ittttx}n et au</line></par>
<par>
<line>^oncttonnement dei coimt&amp;4ton^ dèpantementatei et 4upeAteuAe de6 étteà ;</line></par>
<par>
<line>COWSrPERAWT que t*en6embte ^oAmé 6uA tes communes de CHATJLiOH EW I/EWPEIATS et</line>
<line>^ MOWTAUTOUR constitue un stte de coAocteAe ptttoAesque dont ta pAéseAvatton</line>
<line>Aevêt un coAoctèAe d'tnt^et gênêAot au sens de t'anttcte 4 de ta tôt du</line>
<line>2 mat 1930 ;</line></par>
<par>
<line>COWSIfERAWT que te MatAe de la commune de CMATILLOW EW l/E^/PELAIS satst pouA</line>
<line>avt&amp; du Consett muntctpat te 27 août 1979 n'a pas ^att connattAe au PAé^et</line>
<line>de ta Aégtûn BRETAGWE, pAé^et d'ÏLLB ET I^ÎLAIWE ta Atponse du consett muntctpat</line>
<line>dans te detat de tAots mots tmpantt et que cette Atponse est Aéputée ^avonabte :</line></par>
<par>
<line>/ VU Vaots mis te 9 septembAe 1979 poA te consett muntctpat de MOMTAUTOUP</line></par>
<par>
<line>VU ta déttbeAotton du 25 septembAe 1980 de ta commission depoAtementate des</line>
<line>sites, peASpecttves et paysages du dépantement d'ÎLLb ET VILAINE ;</line></par>
</text>
</block>
<block><region><rect/></region>
<text>
<par>
<line>ARRETE</line></par>
<par>
<line>i</line></par>
<par>
<line>AltriCLE leA - Est tnscAtt suA t'înventalAe de&amp; sites ptttoAesques du dépantement</line>
<line>d’JLLE ET VILAINE t'ensemble ionmé suA tes communes de CHATIllOW EN VENPELAIS</line>
<line>et MONTAUTOUR poA ta butte de MONTAUTOUR et déttmtté corme suit, dans te sens</line>
<line>des atgutttes d'une montAe conioAmément au plan annexé au pAésent oAAeté :</line></par>
<par>
<line>Point d'ontgtne : HONTAUTOUR, section A ieutlte unique te coin Nond-Est de ta</line>
<line>poAcette n® 86</line></par>
<par>
<line>1 - Cormune de MONTAUTOUR [section A ieuttte unique] :</line></par>
<par>
<line>- tes iaces Est et Sud [pouA poAtte) des poAcettes 86 et 85</line></par>
<par>
<line>- tes ^aces Est [pouA poAtte) et Sud de la poAcetle 73</line></par>
<par>
<line>- tes ^ace-6 Est et Sud [pouA pantte] de la poAcette n^ 55</line></par>
<par>
<line>- tes {^aces Sud-Est et Sud de ta poAcette n® 395</line></par>
<par>
<line>- la {^ace Sud de la poAcette n® 25 - .</line></par>
</text>
</block>






</page>
<page width="1669" height="2349" resolution="200">
<block><region><rect/></region>
<text>
<par>
<line>-z-</line></par>
</text>
</block>
<block><region><rect/></region>
<text>
<par>
<line>- Zjx vo^£ comurntz n* 4 dojpuÂ^ tt cc-ût Svd-^&amp;t dz ta. poJizzttz. J7 juMqiL'au</line>
<line>zohn. Sud-Otxz&amp;t dz ta. pa/ic^ttz n*' 3</line></par>
<par>
<line>- la nÂvWiz IA PEROUSE [ZÂmitz d£5 çomunzà BALAZE/MO^/TAUTOUR) jtx6qu*à t’angtz</line>
<line>Sud-Oaz^t dz ta poAczttz 24$ icormunz dz CHATÏLLON EW i/EWElÂIS ^zctlon V2)</line></par>
</text>
</block>
<block><region><rect/></region>
<text>
<par>
<line>2 - Conmunz dz CHATIliLOiV EM t/EJ^EEAIS Uzctlon VZ)</line></par>
<par>
<line>- tz6 iaczà Sad-Oaz^t zt Oueit dz tx paXzzttz 24$</line></par>
<par>
<line>- tzi lacz6 Ouz&amp;t zt fJoxd-E^t dz ta poJiczZtz n® 250</line></par>
<par>
<line>- ta iacz Moxd-E6t [pouA. paJvtiz) dz ta pa/iczttz n * 257</line></par>
<par>
<line>- tz5 jSac£6 NoAd dz&amp; poAczttzà n® 25$, 257, 254 [pooA pa/ittz] 255</line></par>
<par>
<line>- tz&amp; laczà Nond-Ouz^t IpouA poAJtiz] zt Noad dz ùi poAczttz 41C</line></par>
<par>
<line>- tz!&gt; \azz^ Uond dz6 paAzzJttzM 409 à 405 tnctuA</line></par>
<par>
<line>- ta lazz Ea;C dz ta pa/izzltz ta® 405</line></par>
<par>
<line>- ta ']a.cfi NoJid paAtxz] dz ta poAczttz 416</line></par>
<par>
<line>- iazz Noad-Ouzitt {pouA pa/Utz] et Noad dz ta pa/iczttz n® 477</line></par>
<par>
<line>- ^aee ^oad dz6 poAzzttzii 41$ à 420 tyictu6</line></par>
<par>
<line>- tzi ^ace6 E6t et Sud de ta poAzzttz fa* 420</line></par>
<par>
<line>- tz6 lazzà E6t de6 paAczttz&amp; 441 {pouA poAtlz) 436 et 437</line></par>
<par>
<line>- -Êe e^en^ia dépo^enefatat n® 26 de MELESSE à PRIWCE jit&amp;qu^aa cotn UoAd~E6t</line>
<line>dz ta pa/izzitz »a® $6 (^eettoKi A commune de MOWTAUTOUR)</line></par>
</text>
</block>
<block><region><rect/></region>
<text>
<par>
<line>ARTICLE 2 - Le pAë^znt OAAztê 6ZAa nottftê au PAë^zt dz ta Atgton BRETAGWE,</line>
<line>TÂzJzX~^ÏLiE ET l/ILAIWE et aux mcUazJi az6 communes dz CHATTLLOW EW t^EWELAÎS</line>
<line>zt dz MOWTAUTOUR qut 6ZAont Az&amp;poyUabtz&amp;, chacun en ce qut tz conccAne, de</line>
<line>6on zx^cution»</line></par>
</text>
</block>
<block><region><rect/></region>
<text>
<par>
<line>Fatt à PARIS tz 18 JAN. 1932</line></par>
</text>
</block>
<block><region><rect/></region>
<text>
<par>
<line>Pour le Minisî.»</line></par>
</text>
</block>
<block><region><rect/></region>
<text>
<par>
<line>Le SoiUï '.i ! -</line></par>
</text>
</block>
<block><region><rect/></region>
<text>
<par/>
</text>
</block>
<block><region><rect/></region>
<text>
<par>
<line>^ Sites et »o 5</line></par>
</text>
</block>
<block><region><rect/></region>
<text>
<par>
<line>Francis OOILFUS</line></par>
</text>
</block>






</page>
<page width="2480" height="3507" resolution="300">
<block><region><rect/></region>
<text>
<par>
<line>T —I I ww'Wjwv wr</line></par>
</text>
</block>
<block><region><rect/></region>
<text>
<par>
<line>COMMUNE DE</line></par>
</text>
</block>
<block><region><rect/></region>
<text>
<par>
<line>Bal</line></par>
</text>
</block>
<block><region><rect/></region>
<text>
<par/>
</text>
</block>
<block><region><rect/></region>
<text>
<par>
<line>&lt;1.</line></par>
</text>
</block>
<block><region><rect/></region>
<text>
<par>
<line>s: c</line></par>
</text>
</block>
<block><region><rect/></region>
<text>
<par>
<line>T/</line></par>
</text>
</block>
<block><region><rect/></region>
<text>
<par>
<line>O yv</line></par>
</text>
</block>
<block><region><rect/></region>
<text>
<par>
<line>O</line></par>
</text>
</block>
<block><region><rect/></region>
<text>
<par>
<line>H</line></par>
</text>
</block>
<block><region><rect/></region>
<text>
<par>
<line>n</line></par>
</text>
</block>
<block><region><rect/></region>
<text>
<par>
<line>&gt;</line></par>
</text>
</block>
<block><region><rect/></region>
<text>
<par>
<line>c</line></par>
</text>
</block>
<block><region><rect/></region>
<text>
<par/>
</text>
</block>
<block><region><rect/></region>
<text>
<par/>
</text>
</block>
<block><region><rect/></region>
<text>
<par>
<line>r</line></par>
</text>
</block>
<block><region><rect/></region>
<text>
<par/>
</text>
</block>
<block><region><rect/></region>
<text>
<par>
<line>m</line></par>
</text>
</block>
<block><region><rect/></region>
<text>
<par>
<line>&lt;</line></par>
</text>
</block>
<block><region><rect/></region>
<text>
<par>
<line>m</line></par>
</text>
</block>
<block><region><rect/></region>
<text>
<par>
<line>VA</line></par>
</text>
</block>
<block><region><rect/></region>
<text>
<par/>
</text>
</block>
<block><region><rect/></region>
<text>
<par/>
</text>
</block>
<block><region><rect/></region>
<text>
<par/>
</text>
</block>
<block><region><rect/></region>
<text>
<par/>
</text>
</block>
<block><region><rect/></region>
<text>
<par/>
</text>
</block>
<block><region><rect/></region>
<text>
<par>
<line>OMM/efr</line></par>
</text>
</block>
<block><region><rect/></region>
<text>
<par/>
</text>
</block>
<block><region><rect/></region>
<text>
<par/>
</text>
</block>
<block><region><rect/></region>
<text>
<par>
<line>]</line></par>
</text>
</block>
<block><region><rect/></region>
<text>
<par>
<line>£</line></par>
</text>
</block>
<block><region><rect/></region>
<text>
<par>
<line>E</line></par>
</text>
</block>
<block><region><rect/></region>
<text>
<par>
<line>'O</line></par>
</text>
</block>
<block><region><rect/></region>
<text>
<par>
<line>U1</line></par>
</text>
</block>
<block><region><rect/></region>
<text>
<par>
<line>&amp;</line></par>
</text>
</block>
<block><region><rect/></region>
<text>
<par>
<line>O</line></par>
</text>
</block>
<block><region><rect/></region>
<text>
<par>
<line>O</line></par>
</text>
</block>
<block><region><rect/></region>
<text>
<par>
<line>Cl</line></par>
</text>
</block>
<block><region><rect/></region>
<text>
<par>
<line>—fc.^</line></par>
</text>
</block>
<block><region><rect/></region>
<text>
<par>
<line>Q«</line></par>
</text>
</block>
<block><region><rect/></region>
<text>
<par>
<line>O</line></par>
</text>
</block>
<block><region><rect/></region>
<text>
<par>
<line>«3</line></par>
</text>
</block>
<block><region><rect/></region>
<text>
<par/>
</text>
</block>
<block><region><rect/></region>
<text>
<par/>
</text>
</block>
<block><region><rect/></region>
<text>
<par>
<line>Tr</line></par>
</text>
</block>
























</page>
</AC2>