<?xml version="1.0" encoding="UTF-8"?><AC2>
<page width="793" height="1123" resolution="96">
<block blockType="Table" blockName="" l="46" t="59" r="744" b="507"><region><rect/></region>
<row>
<cell leftBorder="White" topBorder="White" rightBorder="White" bottomBorder="White" width="156" height="67">
<text>
<par>
<line>Di-: I/KDICATIÜN</line>
<line>NATlONAI.t.</line></par>
</text></cell>
<cell leftBorder="White" topBorder="White" rightBorder="White" bottomBorder="White" width="542" height="67">
<text>
<par>
<line>Ri':PunijQrF. française.</line></par>
</text></cell></row>
<row>
<cell leftBorder="White" topBorder="White" rightBorder="White" width="156" height="43">
<text>
<par>
<line>BtAUX-ARTS.</line></par>
</text></cell>
<cell leftBorder="White" topBorder="White" rightBorder="White" bottomBorder="White" width="542" height="43">
<text>
<par>
<line>ARRÊTÉ.</line></par>
</text></cell></row>
<row>
<cell leftBorder="White" rightBorder="White" bottomBorder="White" width="156" height="99">
<text>
<par>
<line>Moaumofvis bls(ar^a«a«</line>
<line>Foml)e&gt;«&gt; &amp;l«.</line></par>
</text></cell>
<cell leftBorder="White" topBorder="White" rightBorder="White" bottomBorder="White" width="542" height="99">
<text>
<par>
<line>Zt Vioé-Pr4 2-âent da Conseil, oïarg-d âô Vtnt6riŒ du</line>
<line>Linistère de l’IÎ uss'.icn Hr-tionsle</line></par>
<par>
<line>i</line></par>
</text></cell></row>
<row>
<cell leftBorder="White" topBorder="White" rightBorder="White" bottomBorder="White" width="156" height="239">
<text>
<par>
<line>\</line></par>
</text></cell>
<cell leftBorder="White" topBorder="White" rightBorder="White" bottomBorder="White" width="542" height="239">
<text>
<par>
<line>Vu U l&lt;ki uu 2 n»-i k^3'| rcov^iKJiMtU !ü I^iolcuion île.' monutnentA</line>
<line>nalui'cU cl Ao sues de raraclèrc artisliijue, hibLorli[ue, scittdiliijue, lOguiiiait»</line>
<line>OU piUoj esque</line></par>
<par>
<line>\'u Tavls énûb par li Comuiissior) d^p irtcjni'nljlc d*** monumcuU jiûtnrcU</line>
<line>et des iiU's danj sa Acr.nce (Uî F'^riêi* l93Ci</line></par>
<par>
<line>adhé eloo</line></par>
<par>
<line>Vu en date du * :.7 Pdvrler donnée par K.</line></par>
<par>
<line>Edouard de le^outte du 7i7ier</line>
<line>s</line></par>
</text></cell></row>
</block>


</page>
<page width="798" height="1126" resolution="96">
<block><region><rect/></region>
<text>
<par>
<line>ARUÉTE:</line></par>
</text>
</block>
<block><region><rect/></region>
<text>
<par>
<line>lATlCLE &gt;K£M1£B.</line></par>
<par>
<line>T,« ahtûs Situé eu lieu dit " T^ttureau. paroaHe</line>
<line>B*3Ô6* Sactioa ? de '’e eoirmune de ’e Grer-ôè Verrière</line>
<line>(Sata«-et-’.oire) ,</line></par>
</text>
</block>
<block><region><rect/></region>
<text>
<par>
<line>cIftSM parmi Us silos el moeureents lulurcis dr caractère</line></par>
<par>
<line>%rUsli&lt;|ue historique, sàent:iiquê. Ugendaire ou ptUoreaque.</line></par>
<par>
<line>s</line></par>
<par>
<line>Mit. 2.</line></par>
<par>
<line>Le présiiit 'irrclé sera noUfié au Préfet &lt;îu département d ® Ss®n6-4«</line>
<line>T.ôlTê, au iifilre de ‘‘a Grande Verrière et à I., de T.apôuf</line>
<line>du Vivier, pi'opridtair*</line></par>
<par>
<line>^i seront rc^oosabies, ehorun en ce qui U cooeemc. de son eiéculion.</line></par>
<par>
<line>4BT. 5.</line></par>
<par>
<line>i sera transcrit au Bureau des hypothè&lt;pses de U Miuaiioti âb ^ arbre</line></par>
<par>
<line>daseé.</line></par>
</text>
</block>
<block><region><rect/></region>
<text>
<par/>
</text>
</block>
<block><region><rect/><rect/><rect/></region>
<text>
<par>
<line>Paris,'îe 16 ^uin 1^3S</line></par>
</text>
</block>
<block><region><rect/></region>
<text>
<par/>
</text>
</block>

</page>
<page width="2479" height="3508" resolution="300">
<block><region><rect/></region>
<text>
<par/>
</text>
</block>
<block><region><rect/><rect/></region>
<text>
<par/>
</text>
</block>
<block><region><rect/><rect/></region>
<text>
<par/>
</text>
</block>
<block><region><rect/></region>
<text>
<par>
<line>r îl</line>
<line>•J' .!:</line></par>
<par>
<line>' ■ ■</line></par>
</text>
</block>
<block><region><rect/><rect/><rect/><rect/></region>
<text>
<par>
<line>. ..J. ■ -s-.’-" V-v^ r, &lt;■■ . ■:• / ■■î':.</line></par>
<par>
<line>■ . &gt;•,</line></par>
</text>
</block>
<block><region><rect/></region>
<text>
<par>
<line>-./•</line></par>
</text>
</block>
<block><region><rect/></region>
<text>
<par/>
</text>
</block>
<block><region><rect/></region>
<text>
<par>
<line>' '. . ".il- Il 'il-</line></par>
</text>
</block>
<block><region><rect/></region>
<text>
<par>
<line>• V ji. .• "-V</line></par>
</text>
</block>
<block><region><rect/></region>
<text>
<par>
<line>,. " s '•.- ■</line></par>
</text>
</block>
<block><region><rect/></region>
<text>
<par>
<line>■-S - ' : ■</line></par>
</text>
</block>
<block><region><rect/></region>
<text>
<par>
<line>-V---J '■■■_ ■.■.. ^■■^^ ■■■''■■ V ■ -■'■ - \ -■■-:t^.</line></par>
</text>
</block>
<block><region><rect/></region>
<text>
<par/>
</text>
</block>
<block><region><rect/></region>
<text>
<par>
<line>ai'W'é-</line></par>
</text>
</block>
<block><region><rect/></region>
<text>
<par>
<line>■ ■ .&gt;1</line></par>
</text>
</block>
<block><region><rect/></region>
<text>
<par>
<line>. ü</line></par>
</text>
</block>
<block><region><rect/></region>
<text>
<par>
<line>....\</line></par>
</text>
</block>
<block><region><rect/></region>
<text>
<par>
<line>Gr^j^^Yornis^:^- V''■'* -■</line></par>
</text>
</block>
<block><region><rect/><rect/><rect/><rect/><rect/></region>
<text>
<par>
<line>Æ'" ' ■ ■&gt;'</line></par>
</text>
</block>
<block><region><rect/></region>
<text>
<par>
<line>•V?</line></par>
</text>
</block>
<block><region><rect/></region>
<text>
<par/>
</text>
</block>
<block><region><rect/></region>
<text>
<par>
<line>-Avs _ ’V-.Î-^-• .-.</line></par>
</text>
</block>
<block><region><rect/></region>
<text>
<par/>
</text>
</block>
<block><region><rect/><rect/><rect/></region>
<text>
<par>
<line>■ÜMJ . •.</line></par>
<par>
<line>V</line></par>
</text>
</block>
<block><region><rect/></region>
<text>
<par>
<line>’■ ■ .^-^r</line></par>
</text>
</block>
<block><region><rect/><rect/><rect/><rect/></region>
<text>
<par>
<line>i; 'riX 2Lulk-|7-&gt;-'</line>
<line>,-&gt;■ ■ ..... - ,4-</line></par>
</text>
</block>
<block><region><rect/><rect/><rect/><rect/><rect/><rect/></region>
<text>
<par>
<line>'X '-i.. •Ss^'’ . - •■ ^\-.. - .- ., .</line></par>
<par>
<line>1 '.■iJ. îj::-.;i%.’"’'^'.c-^.-.üv :=••*•■:'•■*■•. . .</line></par>
<par>
<line>'i. " v</line></par>
<par>
<line>•:^.. .. ■?iU'■-■^L^^‘..s •..</line></par>
<par>
<line>ï ■ \-</line></par>
</text>
</block>
<block><region><rect/></region>
<text>
<par>
<line>A'v-</line></par>
</text>
</block>
<block><region><rect/><rect/><rect/><rect/><rect/><rect/><rect/></region>
<text>
<par>
<line>'■ ^ '■_..y.''</line></par>
<par>
<line>' " *.^ .O^HVHr,</line></par>
<par>
<line>■ l;^ ^ ■_■. -i' - ^,.-</line></par>
</text>
</block>
<block><region><rect/></region>
<text>
<par>
<line>f"-</line></par>
</text>
</block>
<block><region><rect/><rect/></region>
<text>
<par/>
</text>
</block>
<block><region><rect/><rect/></region>
<text>
<par>
<line>^4..1 ■:■</line></par>
<par>
<line>■. ■.! -f. ■■</line></par>
<par>
<line>.■ ■■^•^.- ■■'.■' ■.</line></par>
<par>
<line>' : ':</line></par>
</text>
</block>
<block><region><rect/><rect/><rect/><rect/></region>
<text>
<par>
<line>■.i,&gt; -■■■ ■ :%.Y^&gt;-‘'? a</line></par>
</text>
</block>
<block><region><rect/><rect/></region>
<text>
<par>
<line>■j .j -:^.-</line></par>
</text>
</block>
<block><region><rect/></region>
<text>
<par>
<line>’ ^ ^ A • ■ •■r ^ x</line></par>
<par>
<line>■ _ 'S</line></par>
</text>
</block>
<block><region><rect/><rect/><rect/><rect/></region>
<text>
<par>
<line>.- . • .•■ '.-i: ï ■ -^.1 . .</line></par>
<par>
<line>-•.T'!"! - ■'</line></par>
</text>
</block>
<block><region><rect/><rect/><rect/><rect/><rect/><rect/><rect/></region>
<text>
<par>
<line>. -J. •-."*- 1 . J r •</line></par>
<par>
<line>" ■?■ : H = JV-fl I .■^.-&gt;-.</line></par>
</text>
</block>
<block><region><rect/><rect/></region>
<text>
<par>
<line>VA':.'.■4-- ■.</line></par>
<par>
<line>■'■'■ X</line></par>
<par>
<line>; .--. v.</line></par>
<par>
<line>4 ■ 4 .</line></par>
<par>
<line>^K"\ -. : - V'V</line></par>
<par>
<line>'■. -ÿj •'''"'• •■•'</line></par>
<par>
<line>v-' ■</line></par>
</text>
</block>
<block><region><rect/></region>
<text>
<par>
<line>lnr-ï.7</line></par>
</text>
</block>
<block><region><rect/></region>
<text>
<par/>
</text>
</block>
<block><region><rect/></region>
<text>
<par>
<line>V \:.?'V'</line></par>
</text>
</block>
<block><region><rect/></region>
<text>
<par>
<line>H I . I| ^••. P “ f-</line></par>
</text>
</block>
<block><region><rect/><rect/></region>
<text>
<par>
<line>y ■ ■■ v^’-. ■■ -.v - r ■^ ..^ '</line></par>
<par>
<line>y.::;;, ;:^-.y. ■ / .^■.w:.,:r ,^-.;^i;v-,^.. ,- ■....,.l-^;</line></par>
</text>
</block>
<block><region><rect/></region>
<text>
<par>
<line>X ' ■ i</line></par>
</text>
</block>
<block><region><rect/></region>
<text>
<par>
<line>A'-</line></par>
</text>
</block>
<block><region><rect/></region>
<text>
<par>
<line>;</line></par>
</text>
</block>
<block><region><rect/><rect/><rect/></region>
<text>
<par/>
</text>
</block>
<block><region><rect/></region>
<text>
<par>
<line>•f •••■.•■:..</line></par>
</text>
</block>
<block><region><rect/></region>
<text>
<par>
<line>r-^:-.V = =î-ci V</line></par>
</text>
</block>




</page>
</AC2>