<?xml version="1.0" encoding="UTF-8"?><AC2>
<page width="2542" height="3537" resolution="300">
<block><region><rect/></region>
<text orientation="RotatedCounterclockwise">
<par/>
</text>
</block>
<block><region><rect/></region>
<text>
<par>
<line>/^MPLfATIO»«S</line></par>
</text>
</block>
<block><region><rect/><rect/></region>
<text>
<par>
<line>'.3</line></par>
</text>
</block>
<block><region><rect/></region>
<text>
<par>
<line>REPUBLIQUE FRANÇAISE</line></par>
</text>
</block>
<block><region><rect/></region>
<text>
<par>
<line>MINISTERE DE L'ENVIRONNEMENT</line></par>
</text>
</block>
<block><region><rect/></region>
<text>
<par>
<line>NOR</line></par>
</text>
</block>
<block><region><rect/></region>
<text>
<par>
<line>EKfvru</line></par>
</text>
</block>
<block><region><rect/></region>
<text>
<par>
<line>3J ^</line></par>
</text>
</block>
<block><region><rect/></region>
<text>
<par>
<line>Xj</line></par>
</text>
</block>
<block><region><rect/></region>
<text>
<par>
<line>D E C R E tAo, 1 2 SEP. 1991</line></par>
<par>
<line>portant classement parmi les sites du département de la Haute-Savoie du site</line>
<line>de la cascade d'ARPENAZ sur les communes de MAGLAND et SALLANCHES.</line></par>
</text>
</block>
<block><region><rect/><rect/></region>
<text>
<par>
<line>rO-'"</line></par>
</text>
</block>
<block><region><rect/></region>
<text>
<par>
<line>r-VT'</line></par>
</text>
</block>
<block><region><rect/></region>
<text>
<par/>
</text>
</block>
<block><region><rect/></region>
<text>
<par/>
</text>
</block>
<block><region><rect/></region>
<text>
<par/>
</text>
</block>
<block><region><rect/></region>
<text>
<par>
<line>•••Ov.</line></par>
</text>
</block>
<block><region><rect/></region>
<text>
<par>
<line>r</line></par>
</text>
</block>
<block><region><rect/></region>
<text>
<par/>
</text>
</block>
<block><region><rect/></region>
<text>
<par/>
</text>
</block>
<block><region><rect/><rect/><rect/><rect/><rect/><rect/></region>
<text>
<par>
<line>LE PREMIER MINISTRE</line></par>
<par>
<line>•Ministre de l'environnement.</line></par>
</text>
</block>
<block><region><rect/><rect/><rect/><rect/><rect/><rect/></region>
<text>
<par>
<line>l:J ioi.jkr^2 mai 1930 réorganisant la protection des monuments naturels et</line></par>
<par>
<line>\ ~ ~ de caractère artistique, historique, scientifique, légendaire ou</line></par>
<par>
<line>Vf-Xv; modifiée notamment par la loi n° 67-1174 du 28 décembre 1967</line></par>
<par>
<line>.'.-V.-/'•«^-^particulier ses articles 5-1, 7 et 8, ensemble le décret n° 69-607 du</line>
<line>juin 1969 pris pour son application ;</line></par>
</text>
</block>
<block><region><rect/></region>
<text>
<par>
<line>VU les conclusions de l'enquête administrative prescrite par arrêté</line>
<line>préfectoral en date du 22 juin 1988 et notamment l'absence de consentement</line>
<line>de certains propriétaires ;</line></par>
</text>
</block>
<block><region><rect/></region>
<text>
<par>
<line>VU la délibération du conseil municipal de la commune de SALLANCHES en date</line>
<line>du 11 août 1989 ;</line></par>
</text>
</block>
<block><region><rect/></region>
<text>
<par>
<line>VU l’avis émis par la Commission départementale des sites, perspectives et</line>
<line>paysages le 1er mars 1990 ;</line></par>
<par>
<line>VU l'avis émis par la Commission supérieure des sites, perspectives et</line>
<line>paysages le 11 octobre 1990 ;</line></par>
</text>
</block>
<block><region><rect/></region>
<text>
<par>
<line>Le Conseil d'Etat (Section des Travaux Publics) entendu :</line></par>
</text>
</block>
<block><region><rect/></region>
<text>
<par>
<line>Considérant que le site de la cascade d'Arpenaz constitue un ensemble naturel</line>
<line>dont la conservation et la préservation présentent en raison de son</line>
<line>caractère pittoresque un intérêt général au sens de l'article 4 dé la loi</line>
<line>du 2 mai 1930 susvisée.</line></par>
</text>
</block>
<block><region><rect/></region>
<text>
<par>
<line>DECRETE :</line></par>
</text>
</block>
<block><region><rect/></region>
<text>
<par>
<line>ARTICLE 1er - Est classé parmi les sites du département de la Haute-Savoie le</line>
<line>site de la Cascade d'Arpenaz sur les communes de MAGLAND et SALLANCHES,</line>
<line>conformément à la carte au l/25000ème et aux plans cadastraux annexés au</line>
<line>présent décret :</line></par>
</text>
</block>
<block><region><rect/></region>
<text>
<par>
<line>J.O. N* 2 1 8 18 SEP. 19M</line></par>
</text>
</block>
<block><region><rect/></region>
<text>
<par>
<line>• • • / • • •</line></par>
</text>
</block>



















</page>
<page width="2531" height="3520" resolution="300">
<block><region><rect/></region>
<text>
<par>
<line>/■y</line></par>
</text>
</block>
<block><region><rect/></region>
<text>
<par>
<line>O _</line></par>
</text>
</block>
<block><region><rect/></region>
<text>
<par>
<line>COMMUNE DE MftGLAND</line>
<line>Section B9</line></par>
<par>
<line>Point de départ : à partir de l'angle Nord-Est de la parcelle n° 1095 et dans</line>
<line>le sens inverse de celui des aiguilles d'une montre ;</line></par>
<par>
<line>- la limite Nord des parcelles n°s 1095, 1096, 1097 et 1098</line></par>
<par>
<line>- la limite Ouest en partie de la parcelle n° 1097</line></par>
<par>
<line>- la limite Nord de la parcelle n° 1107</line></par>
<par>
<line>- la limite des communes de MAGLAND et de SALLANCHES</line></par>
</text>
</block>
<block><region><rect/></region>
<text>
<par>
<line>COMMUNE DE SALLANCHES</line>
<line>Section 251 Al</line></par>
</text>
</block>
<block><region><rect/></region>
<text>
<par>
<line>- les limites Nord et Ouest de la parcelle n° 126</line></par>
<par>
<line>- la limite Est de la route d'Oex (voie communale n° 19)</line></par>
<par>
<line>- les limites Sud et Est (en partie) de la parcelle n° 1585</line></par>
<par>
<line>- la limite Sud de la parcelle n° 216</line></par>
<par>
<line>- les limites Sud et Est (en partie) de la parcelle n° 215</line></par>
<par>
<line>- la limite Sud des parcelles n°s 214 et 225</line></par>
<par>
<line>- les limites Sud et Est de la parcelle n° 226</line></par>
<par>
<line>- la limite des sections 251 Al et 251 A4</line></par>
<par>
<line>Section 251 A4</line></par>
<par>
<line>- la limite Sud de la parcelle n° 453</line>
<line>Section 251 A2</line></par>
<par>
<line>- la limite Sud-Est de la parcelle n® 292</line></par>
<par>
<line>- le chemin rural dit des Replats</line></par>
<par>
<line>- la limite des sections n°s 251 A2 et 251 A4</line></par>
<par>
<line>- les limites Sud-Est et Nord-Est de la parcelle n® 310</line></par>
<par>
<line>- la limite Nord-Est de la parcelle n® 306</line></par>
<par>
<line>- le franchissement du torrent de l’Arpenaz</line></par>
<par>
<line>- la limite Est de la parcelle n° 244</line></par>
<par>
<line>- une ligne droite fictive joignant l'angle Nord-Est de la parcelle n° 244 à</line></par>
<par>
<line>l'angle Nord-Est de la parcelle n° 235</line></par>
</text>
</block>
<block><region><rect/></region>
<text>
<par>
<line>COMMUNE DE MAGT.AND</line>
<line>Section B9</line></par>
<par>
<line>- la limite des communes de SALLANCHES et de MAGLAND jusqu'à l'angle Nord-Est</line>
<line>de la parcelle n® 1095 (point de départ).</line></par>
</text>
</block>
<block><region><rect/></region>
<text>
<par>
<line>• • • / * ■ ■</line></par>
</text>
</block>

















</page>
<page width="2523" height="3515" resolution="300">
<block><region><rect/></region>
<text>
<par>
<line>3</line></par>
</text>
</block>
<block><region><rect/></region>
<text>
<par>
<line>ARTICLE 2 - Le présent décret sera notifié au Préfet du département de la</line>
<line>Haute-Savoie ainsi qu'aux Maires des communes de MAGLAND et de SALLANCHES.</line></par>
<par>
<line>ARTICLE 3 - Le présent décret ainsi que le plan au l/25000ème et les plans</line>
<line>cadastraux annexés pourront être consultés à la Préfecture de la</line>
<line>Haute-Savoie et dans les Mairies de MAGLAND et de SALLANCHES.</line></par>
<par>
<line>ARTICLE 4 - Le Ministre de l'environnement est chargé de l'exécution du</line>
<line>présent décret qui sera publié au Journal Officiel de la République</line>
<line>Française.</line></par>
<par>
<line>Fait à PARIS, le2 SEP.</line></par>
</text>
</block>
<block><region><rect/></region>
<text>
<par>
<line>CRESSOM</line></par>
</text>
</block>
<block><region><rect/></region>
<text>
<par>
<line>Par le Premier Ministre,</line></par>
</text>
</block>
<block><region><rect/></region>
<text>
<par>
<line>Le Ministre de l'Environnement-</line></par>
</text>
</block>
<block><region><rect/></region>
<text>
<par>
<line>Brice LALONDE</line></par>
</text>
</block>








</page>
<page width="2486" height="3509" resolution="300">
<block><region><rect/></region>
<text>
<par/>
</text>
</block>
<block><region><rect/></region>
<text>
<par>
<line>Z/'</line></par>
</text>
</block>
<block><region><rect/></region>
<text>
<par/>
</text>
</block>
<block><region><rect/></region>
<text>
<par/>
</text>
</block>
<block><region><rect/></region>
<text>
<par>
<line>i)</line></par>
</text>
</block>
<block><region><rect/></region>
<text>
<par/>
</text>
</block>
<block><region><rect/></region>
<text>
<par>
<line>w</line></par>
</text>
</block>
<block><region><rect/></region>
<text>
<par>
<line>i</line></par>
</text>
</block>
<block><region><rect/></region>
<text>
<par>
<line>d</line></par>
</text>
</block>
<block><region><rect/></region>
<text>
<par>
<line>i</line></par>
</text>
</block>
<block><region><rect/></region>
<text>
<par>
<line>/vv^</line></par>
</text>
</block>
<block><region><rect/></region>
<text>
<par/>
</text>
</block>
<block><region><rect/></region>
<text>
<par>
<line>PT /ft</line></par>
</text>
</block>
<block><region><rect/></region>
<text>
<par>
<line>U</line></par>
</text>
</block>
<block><region><rect/></region>
<text>
<par/>
</text>
</block>
<block><region><rect/></region>
<text>
<par>
<line>D</line></par>
</text>
</block>
<block><region><rect/></region>
<text>
<par/>
</text>
</block>
<block><region><rect/></region>
<text>
<par>
<line>V\{</line></par>
</text>
</block>
<block><region><rect/></region>
<text>
<par/>
</text>
</block>
<block><region><rect/></region>
<text>
<par>
<line>va!</line></par>
</text>
</block>
<block><region><rect/></region>
<text>
<par/>
</text>
</block>
<block><region><rect/></region>
<text>
<par>
<line>9</line></par>
</text>
</block>
<block><region><rect/></region>
<text>
<par/>
</text>
</block>
<block><region><rect/></region>
<text>
<par/>
</text>
</block>
<block><region><rect/></region>
<text>
<par/>
</text>
</block>
<block><region><rect/></region>
<text>
<par>
<line>îv</line></par>
</text>
</block>
<block><region><rect/></region>
<text>
<par>
<line>Ni</line></par>
</text>
</block>
<block><region><rect/></region>
<text>
<par>
<line>orj</line></par>
<par>
<line>u/</line></par>
</text>
</block>










































</page>
</AC2>