<?xml version="1.0" encoding="UTF-8"?><AC2>
<page width="2489" height="3515" resolution="300">
<block><region><rect/></region>
<text>
<par>
<line>w^ri’üsrr-jLs;</line></par>
<par>
<line>Hh:</line></par>
</text>
</block>
<block><region><rect/></region>
<text>
<par>
<line>KEiMiï;Li()!;t^ FiîANCAlsr;</line></par>
</text>
</block>
<block><region><rect/></region>
<text>
<par>
<line>l'IÜLK^lJK</line></par>
</text>
</block>
<block><region><rect/></region>
<text>
<par>
<line>!!T ^:iS !ÏPUA-mi</line></par>
</text>
</block>
<block><region><rect/></region>
<text>
<par>
<line>I.</line></par>
</text>
</block>
<block><region><rect/></region>
<text>
<par>
<line>Dî:^^UX-ARTf=.</line></par>
<par>
<line>^li)&gt;iUWf.flTS HISTORIOS/E».</line>
<line>biüûs et. Md'll mile ata T.c.tur£l3i.</line></par>
</text>
</block>
<block><region><rect/></region>
<text>
<par>
<line>OJ</line></par>
</text>
</block>
<block><region><rect/></region>
<text>
<par>
<line>/</line></par>
<par>
<line>P )</line></par>
</text>
</block>
<block><region><rect/><rect/><rect/><rect/><rect/></region>
<text>
<par>
<line>C ^ ^c ^ ” ^/-</line></par>
<par>
<line>an / &gt;P7iAirfiP^oa-</line></par>
<par>
<line>e/ (i^e^jf 'i/Sm/r/JP r^yh?^!,</line></par>
</text>
</block>
<block><region><rect/></region>
<text>
<par/>
</text>
</block>
<block><region><rect/></region>
<text>
<par>
<line>1-,. .J ■“ . +</line></par>
</text>
</block>
<block><region><rect/><rect/><rect/><rect/><rect/></region>
<text>
<par>
<line>/a /oi f/a :'•/ f-a.'a/ foo6 &lt;&gt;fçri/A^f-arP /a- yûâ'r/PrA</line></par>
<par>
<line>'■ A /</line></par>
<par>
<line>cÂ-iJ «JV'/ci/ ('/ &lt;m.À U a Afcnùi Haffcry-} r/e ctrrac/ùrc /i/ /^Pa/irr/</line></par>
<par>
<line>/aivj frmyây &amp;i&lt;'j?'ni-.‘j/'-i..iia.- Pr/fâf/'r/jten/a/f! iûy</line></par>
</text>
</block>
<block><region><rect/></region>
<text>
<par/>
</text>
</block>
<block><region><rect/></region>
<text>
<par>
<line>p- mo/mmfmU AoJa/a.f f/f///a .ht- y.. PL ..AYrlI.lÿü^j.</line></par>
</text>
</block>
<block><region><rect/></region>
<text>
<par>
<line>/:. '&gt;'içaye/jff‘ïa a-y rL . J.^î . iJifi-rs</line></par>
<par>
<line>/lar il. .pi’JJ|iip•i’tl Char ifinj ,</line></par>
</text>
</block>
<block><region><rect/></region>
<text>
<par/>
</text>
</block>
<block><region><rect/></region>
<text>
<par>
<line>J :</line></par>
</text>
</block>
<block><region><rect/></region>
<text>
<par>
<line>-/ - /''</line></par>
<par>
<line>Kyir?7'PrP: /rAnmay:</line></par>
<par>
<line>/</line></par>
</text>
</block>
<block><region><rect/></region>
<text>
<par>
<line>.L? îjiü^r^iinisr aitiAe prf^.s....iu...r-&gt;'ir</line></par>
<par>
<line>I,*^Ar,liag üt; ir;ha.r t CGt^-^'l^Or .., _</line></par>
</text>
</block>
<block><region><rect/></region>
<text>
<par>
<line>// /</line></par>
</text>
</block>
<block><region><rect/><rect/><rect/></region>
<text>
<par>
<line>.e.st_, .j/tar/Ÿï/y ^Ây ypny rJ rjfO-'/a.A^iim^yfj</line></par>
<par>
<line>ïr ^</line></par>
<par>
<line>■ruiàiàH'/y c/e y'cyaPmn ar/iA/mue-</line></par>
</text>
</block>











</page>
<page width="2479" height="3508" resolution="300">
<block><region><rect/></region>
<text>
<par>
<line>■f</line></par>
</text>
</block>
<block><region><rect/></region>
<text>
<par/>
</text>
</block>
<block><region><rect/></region>
<text>
<par>
<line>^7/ry^rJi-i- &amp;.a^ ^-y'ri^!/ (rà(-</line>
<line>/ / /</line></par>
<par>
<line>r/ié/ r/- ..î 1^ .C 01 e - û. ‘ Ci x... ... . .</line></par>
<par>
<line>d^/ ^ i 0' CO e de l'jii Èj* i gny, p r j. »■ de ‘ é. i s- e</line></par>
</text>
</block>
<block><region><rect/></region>
<text>
<par/>
</text>
</block>
<block><region><rect/></region>
<text>
<par>
<line>'r^^d?n/ ‘'^aJÂo?àizd/&gt;/fify cÂaz.un</line></par>
</text>
</block>
<block><region><rect/></region>
<text>
<par>
<line>e-fd. t'€ y/fi. ie</line></par>
</text>
</block>
<block><region><rect/></region>
<text>
<par>
<line>Z y c/di</line></par>
</text>
</block>
<block><region><rect/><rect/></region>
<text>
<par>
<line>f‘o??&lt;z?rif'ey ûf} &lt;rKi/i (.ixayùU.ûn.</line></par>
</text>
</block>
<block><region><rect/></region>
<text>
<par>
<line>FÊvtîi k /rJ^^hr/Jy z^!-.. 2.7.......5îai........19^';-..</line></par>
</text>
</block>
<block><region><rect/><rect/><rect/><rect/></region>
<text>
<par>
<line>ri i\/fui^^</line></par>
<par>
<line>L' i/Wj</line></par>
<par>
<line>I'</line></par>
<par>
<line>I 1</line></par>
</text>
</block>
<block><region><rect/></region>
<text>
<par>
<line>\</line></par>
<par>
<line>t</line></par>
<par>
<line>&lt;■</line></par>
<par>
<line>t</line></par>
</text>
</block>



</page>
<page width="2479" height="3508" resolution="300">
<block><region><rect/></region>
<text>
<par>
<line>y</line></par>
</text>
</block>
<block><region><rect/></region>
<text>
<par>
<line>f. -</line></par>
</text>
</block>
<block><region><rect/></region>
<text>
<par/>
</text>
</block>
<block><region><rect/></region>
<text>
<par/>
</text>
</block>
<block><region><rect/></region>
<text>
<par>
<line>- y O '.-M</line></par>
</text>
</block>
<block><region><rect/></region>
<text>
<par>
<line>I ;</line></par>
<par>
<line>J I --</line></par>
</text>
</block>
<block><region><rect/></region>
<text>
<par>
<line>Jv</line></par>
</text>
</block>
<block><region><rect/></region>
<text>
<par/>
</text>
</block>
<block><region><rect/></region>
<text>
<par>
<line>"v^i.</line></par>
</text>
</block>
<block><region><rect/></region>
<text>
<par/>
</text>
</block>
<block><region><rect/></region>
<text>
<par/>
</text>
</block>
<block><region><rect/></region>
<text>
<par/>
</text>
</block>
<block><region><rect/></region>
<text>
<par>
<line>V&gt;U.^G!: zr ÇaiRi-zx'^</line></par>
</text>
</block>
<block><region><rect/><rect/><rect/></region>
<text>
<par/>
</text>
</block>
<block><region><rect/></region>
<text>
<par/>
</text>
</block>
<block><region><rect/><rect/></region>
<text>
<par>
<line>'• Ql.</line></par>
</text>
</block>
<block><region><rect/></region>
<text>
<par/>
</text>
</block>
<block><region><rect/></region>
<text>
<par>
<line>iCHAftif^A/V</line></par>
</text>
</block>


</page>
</AC2>