<?xml version="1.0" encoding="UTF-8"?><AC2>
<page width="2483" height="3508" resolution="300">
<block><region><rect/></region>
<text>
<par>
<line>JBP/FP</line></par>
</text>
</block>
<block><region><rect/></region>
<text>
<par>
<line>MINISTERE DE LA CULTURE</line>
<line>ET DE L’ENVIRONNEMENT</line></par>
<par>
<line>Difcction de rArchitectuie</line></par>
<par>
<line>SITES</line></par>
</text>
</block>
<block><region><rect/></region>
<text>
<par>
<line>RÊPUBLtQUE FRANÇAISE</line></par>
</text>
</block>
<block><region><rect/><rect/></region>
<text>
<par>
<line>ARRETE</line></par>
<par>
<line>Le Ministre de la Culture et de l’Environnement</line></par>
</text>
</block>
<block><region><rect/></region>
<text>
<par/>
</text>
</block>
<block><region><rect/></region>
<text>
<par>
<line>ViL;</line></par>
</text>
</block>
<block><region><rect/></region>
<text>
<par/>
</text>
</block>
<block><region><rect/></region>
<text>
<par>
<line>tis</line></par>
</text>
</block>
<block><region><rect/></region>
<text>
<par>
<line>VU la loi du 2 mai 1930 réorganisant la protection des monuments natu¬</line>
<line>rels et des sites de caractère artistique, historique, scientifique,</line>
<line>légendaire ou pittoresque, modifiée par la loi n° 67.1174 du 28 dé¬</line>
<line>cembre 1967 ;</line></par>
<par>
<line>VU le décret n” 69.607 du 13 juin 1969 portant application des articles</line>
<line>4 et 5.1 de la loi du 2 mai 1930 sur la protection des sites ;</line></par>
<par>
<line>VU la loi du 12 avril 1943 portant réglsnentation de la publicité et</line>
<line>des enseignes et notamment les articles 5 et 9 ;</line></par>
<par>
<line>VU le décret du 9 février 1968 portant application du décret du 7 fé¬</line>
<line>vrier 1959 modifié relatif au camping et notamment les articles 2</line>
<line>et 6 ;</line></par>
<par>
<line>VU le décret n“ 72.37 du 11 janvier 1972 relatif au stationnement des</line>
<line>caravanes et notamment les articles 3, 7, 9 et 10 ;</line></par>
<par>
<line>VU le décret n" 70.288 du 31 mars I970 relatif à la composition et au</line>
<line>fonctionnement des commissions départanentales et supérieure des</line>
<line>sites ;</line></par>
<par>
<line>VU l'avis émis le 21 octobre 1976 par le conseil municipal de PLOUGOU-</line>
<line>MELEN ;</line></par>
<par>
<line>VU la délibération du 9 décembre 1976 de la commission des sites, pers¬</line>
<line>pectives et paysages du département du MORBIHAN ;</line></par>
</text>
</block>
<block><region><rect/></region>
<text>
<par>
<line>A</line></par>
<par>
<line>ARRETE :</line></par>
</text>
</block>
<block><region><rect/></region>
<text>
<par>
<line>ARTICLE 1er - Est inscrit sur l’inventaire des sites pittoresques du</line>
<line>département du MORBIHAN l’ensemble formé sur la commune de PLOUGOUMELEN</line>
<line>par le village de GAZER ou CAHIRE et délimité comme suit dans le sens</line>
<line>inverse des aiguilles d’une montre conformément au plan annexé au</line>
<line>présent arrêté :</line></par>
<par>
<line>Section D 1 : à partir de la pointe Nord de la parcelle n“ 306 :</line></par>
<par>
<line>-les limites Ouest des parcelles n” 306, 302, 301,</line></par>
<par>
<line>- la ligne fictive joignant l’angle Sud-Ouest de la parcelle n" 301 à</line>
<line>la pointe Ouest de la papcelle 300,</line></par>
</text>
</block>


</page>
<page width="2489" height="3512" resolution="300">
<block><region><rect/></region>
<text>
<par>
<line>- les limites Ouest des parcelles n" 300, 299, 282,</line></par>
<par>
<line>- les limites Sud des parcelles n“ 282 a 286 inclus ,</line></par>
<par>
<line>- la traversée du chemin rural n“ 1 de CAHIRE,</line></par>
<par>
<line>- les limites Sud des parcelles n“ 289, 290, 292,</line></par>
<par>
<line>- les limites Sud et Est de la parcelle n* 266,</line></par>
<par>
<line>-le côté Sud du chemin dit du Bourg à Nérouidis,</line></par>
<par>
<line>- la traversée du chemin rural n“ 1 de Cahire,</line></par>
<par>
<line>- la limite Nord de la parcelle n“ 304 et son prolongement jusqu'au</line>
<line>coté Est de la parcelle n" 306,</line></par>
<par>
<line>- le coté Est de la parcelle n“ 306 jusqu'à la pointe Nord de la même</line>
<line>parcelle (point de départ).</line></par>
<par>
<line>ARTICLE 2 - Le présent arrêté sera notifié au Préfet du département du</line>
<line>Morbihan et au Maire de la Commune de PLOUGOUMELEN qui seront responsa¬</line>
<line>bles, chacun en ce qui le concerne de son exécution.</line></par>
</text>
</block>
<block><region><rect/></region>
<text>
<par>
<line>Fait à Paris, le 2 6 DEC 1977</line></par>
</text>
</block>
<block><region><rect/></region>
<text>
<par>
<line>dOlK le Ministre et par délégation</line></par>
<par>
<line>ly/a Directeur de l'ArchiVeclur*</line>
<line>la Dinelmur odi'oint</line></par>
</text>
</block>
<block><region><rect/></region>
<text>
<par>
<line>Pour ampliationî</line>
<line>L'Administrateur Civil</line></par>
</text>
</block>
<block><region><rect/></region>
<text>
<par>
<line>Chargé des Sites:</line></par>
</text>
</block>
<block><region><rect/></region>
<text>
<par>
<line>Signé î ÜÉ^mond BOCQoLT</line></par>
</text>
</block>

</page>
</AC2>