<?xml version="1.0" encoding="UTF-8"?><AC2>
<page width="2680" height="3887" resolution="180">
<block><region><rect/></region>
<text>
<par>
<line>MIMSTKHK</line></par>
</text>
</block>
<block blockType="Table" blockName="" l="144" t="191" r="2629" b="1787"><region><rect/></region>
<row>
<cell leftBorder="White" topBorder="White" rightBorder="White" width="618" height="225">
<text>
<par>
<line>MIMSTKHK</line></par>
<par>
<line>. L’EDICATION</line></par>
<par>
<line>NATIONALE.</line></par>
</text></cell>
<cell leftBorder="White" topBorder="White" rightBorder="White" bottomBorder="White" width="1867" height="225">
<text>
<par>
<line>HÉPUBLIQUE FRANÇAISE.</line></par>
</text></cell></row>
<row>
<cell leftBorder="White" rightBorder="White" bottomBorder="White" width="618" height="147">
<text>
<par>
<line>BEAUX-ARTS.</line></par>
</text></cell>
<cell leftBorder="White" topBorder="White" rightBorder="White" bottomBorder="White" width="1867" height="147">
<text>
<par>
<line>AKRÈTK.</line></par>
</text></cell></row>
<row>
<cell leftBorder="White" topBorder="White" rightBorder="White" bottomBorder="White" width="618" height="158">
<text>
<par>
<line>monuments historiques,</line></par>
<par>
<line>FOUILLES ET SITES.</line></par>
</text></cell>
<cell leftBorder="White" topBorder="White" rightBorder="White" bottomBorder="White" width="1867" height="158">
<text>
<par/>
</text></cell></row>
<row>
<cell leftBorder="White" topBorder="White" rightBorder="White" bottomBorder="White" width="618" height="197">
<text>
<par>
<line>Classement de Sites.</line></par>
</text></cell>
<cell leftBorder="White" topBorder="White" rightBorder="White" bottomBorder="White" width="1867" height="197">
<text>
<par>
<line>f</line></par>
<par>
<line>Le Ministre de l'Education nationale.</line></par>
</text></cell></row>
<row>
<cell leftBorder="White" topBorder="White" rightBorder="White" bottomBorder="White" width="618" height="869">
<text>
<par/>
</text></cell>
<cell leftBorder="White" topBorder="White" rightBorder="White" bottomBorder="White" width="1867" height="869">
<text>
<par>
<line>Vu la loi du 2 mai 1900 réorganisant la protection des monuments</line>
<line>naturels et des sites de caractère artistique, historique, scientifique, légendaire</line>
<line>ou pittoresque;</line></par>
<par>
<line>Vu l’avis émis par la Commission départementale 'des monuments et des</line>
<line>sites naturels dans sa séance du 13 février 1936;</line></par>
<par>
<line>adhé si on</line></par>
<par>
<line>Vul’engsKg.i««int«aj.latÊuiu- donnée î)ar la Conseil Municipal</line>
<line>pkqiau de Saint-Michel de Chahrillanoux dans sa séance</line>
<line>du 30 septembre 1934;</line></par>
</text></cell></row>
</block>





</page>
<page width="2692" height="4007" resolution="180">
<block><region><rect/></region>
<text>
<par>
<line>AUHÈTh :</line></par>
</text>
</block>
<block><region><rect/></region>
<text>
<par>
<line>VRTICLE PREMIER.</line></par>
</text>
</block>
<block><region><rect/></region>
<text>
<par>
<line>Le marronnier situé sur la place publique à</line>
<line>ST-UCHb’L-de-OHALHILLAÎÎOÜX ( rdôche)</line></par>
</text>
</block>
<block><region><rect/></region>
<text>
<par>
<line>est classé parmi les sites et monuments naturels de caractère</line></par>
<par>
<line>artistique, histoi'ique, scientifitpie, légendaire ou pittoresque.</line></par>
</text>
</block>
<block><region><rect/></region>
<text>
<par>
<line>ART. 2.</line></par>
</text>
</block>
<block><region><rect/><rect/></region>
<text>
<par>
<line>Le présent arrêté sera notifié au Préfet du département de 1' Ardèche et au</line>
<line>Maire de la Commune de St-Michel de Chabrillanoux</line></par>
</text>
</block>
<block><region><rect/></region>
<text>
<par>
<line>qui seront responsables, chacun en ce (pu le concerne, de son exécution.</line></par>
</text>
</block>
<block><region><rect/></region>
<text>
<par/>
</text>
</block>
<block><region><rect/></region>
<text>
<par>
<line>A R” .i.</line></par>
</text>
</block>
<block><region><rect/></region>
<text>
<par>
<line>11 sera transcrit au Bureau des livpolhèques de la situation de 1’ arbre</line></par>
<par>
<line>classé.</line></par>
</text>
</block>
<block><region><rect/></region>
<text>
<par>
<line>l’aris, le</line></par>
</text>
</block>
<block><region><rect/><rect/><rect/><rect/></region>
<text>
<par>
<line>OPCtTirjn.,</line></par>
<par>
<line>. /î&gt; a</line></par>
</text>
</block>
<block><region><rect/></region>
<text>
<par>
<line>'Id]</line></par>
</text>
</block>
<block><region><rect/></region>
<text>
<par>
<line>111</line></par>
</text>
</block>
<block><region><rect/><rect/><rect/><rect/></region>
<text>
<par>
<line>A</line></par>
<par>
<line>I •.</line></par>
<par>
<line>4</line></par>
</text>
</block>
<block><region><rect/></region>
<text>
<par>
<line>: 1:</line></par>
</text>
</block>
<block><region><rect/><rect/></region>
<text>
<par>
<line>i</line></par>
</text>
</block>
<block><region><rect/></region>
<text>
<par/>
</text>
</block>
<block><region><rect/><rect/></region>
<text>
<par>
<line>I !</line></par>
<par>
<line>li</line></par>
</text>
</block>
<block><region><rect/></region>
<text>
<par>
<line>I I</line></par>
</text>
</block>
<block><region><rect/><rect/></region>
<text>
<par>
<line>Pour iuiolialion.</line></par>
<par>
<line>Honr le Direcleiir yé'i^'i al des Beaux-Arls,</line></par>
<par>
<line>LeA 'hej du Bureau des Monuni'^nls hisiorUiues et des Sites</line></par>
</text>
</block>
<block><region><rect/></region>
<text>
<par>
<line>a</line></par>
</text>
</block>
<block><region><rect/></region>
<text>
<par>
<line>J!/</line></par>
</text>
</block>
<block><region><rect/></region>
<text>
<par>
<line>\</line></par>
</text>
</block>
<block><region><rect/></region>
<text>
<par/>
</text>
</block>
<block><region><rect/></region>
<text>
<par/>
</text>
</block>
<block><region><rect/></region>
<text>
<par>
<line>rpiiisCRrTâu B'jHwu v</line></par>
</text>
</block>
<block><region><rect/><rect/><rect/></region>
<text>
<par>
<line>V»»(f?isi? ir "</line></par>
</text>
</block>
<block><region><rect/></region>
<text>
<par/>
</text>
</block>
<block><region><rect/></region>
<text>
<par/>
</text>
</block>
<block><region><rect/><rect/></region>
<text>
<par>
<line>.'•d A</line></par>
</text>
</block>
<block><region><rect/></region>
<text>
<par/>
</text>
</block>
<block><region><rect/></region>
<text>
<par/>
</text>
</block>
<block><region><rect/></region>
<text>
<par/>
</text>
</block>








</page>
</AC2>