<?xml version="1.0" encoding="UTF-8"?><AC2>
<page width="1240" height="1754" resolution="150">
<block><region><rect/></region>
<text>
<par>
<line>RÉPUBLIQUE FRANÇAISE</line></par>
</text>
</block>
<block><region><rect/></region>
<text>
<par/>
</text>
</block>
<block><region><rect/></region>
<text>
<par>
<line>S</line></par>
</text>
</block>
<block><region><rect/></region>
<text>
<par/>
</text>
</block>
<block><region><rect/></region>
<text>
<par>
<line>Ministère de l’écologie,</line>
<line>du développement durable,</line>
<line>des transports et du logement</line></par>
</text>
</block>
<block><region><rect/><rect/><rect/><rect/><rect/></region>
<text>
<par>
<line>Décret du</line></par>
<par>
<line>.</line></par>
<par>
<line>classenknt parmi les sites du département de la Drôme</line>
<line>/x^y'^-Xr ' '; X de l'enslniila^mimé par le vallon de la Jarjatte</line></par>
</text>
</block>
<block><region><rect/></region>
<text>
<par>
<line>s?</line></par>
</text>
</block>
<block><region><rect/></region>
<text>
<par/>
</text>
</block>
<block><region><rect/></region>
<text>
<par/>
</text>
</block>
<block><region><rect/></region>
<text>
<par/>
</text>
</block>
<block><region><rect/></region>
<text>
<par>
<line>sur le terrU</line></par>
</text>
</block>
<block><region><rect/><rect/><rect/></region>
<text>
<par>
<line>par</line></par>
<par>
<line>le la commune de Lus-la-Croix-Haute</line></par>
</text>
</block>
<block><region><rect/></region>
<text>
<par>
<line>NOR:DEVL1115716D</line></par>
</text>
</block>
<block><region><rect/><rect/><rect/></region>
<text>
<par>
<line>Le Premier ministre,</line></par>
</text>
</block>
<block><region><rect/></region>
<text>
<par>
<line>Sur le rapport de la ministre de l'écologie, du développement durable, des transports et du</line>
<line>logement,</line></par>
</text>
</block>
<block><region><rect/></region>
<text>
<par>
<line>Vu le code de l’environnement, notamment ses articles L.341-1 à L.341-6, R.341-4 et</line>
<line>R.341-5 ;</line></par>
</text>
</block>
<block><region><rect/></region>
<text>
<par>
<line>Vu les résultats de l’enquête administrative, prescrite par arrêté préfectoral du 9 octobre</line>
<line>2008, qui s’est déroulée du 27 octobre 2008 au 25 novembre 2008 inclus, notamment</line>
<line>l’absence de consentement de certains propriétaires ;</line></par>
<par>
<line>Vu la délibération du conseil municipal de Lus-la-Croix-Haute, en date du 14 novembre</line>
<line>2008 ;</line></par>
<par>
<line>Vu l'avis émis par la commission départementale de la nature, des paysages et des sites de</line>
<line>la Drôme, en date du 13 mars 2009 ;</line></par>
</text>
</block>
<block><region><rect/></region>
<text>
<par>
<line>Vu l’avis émis par le comité de massif des Alpes, en date du 6 juillet 2009 ;</line></par>
<par>
<line>Vu l’avis émis par la Commission supérieure des sites, perspectives et paysages, en date</line>
<line>du 1" octobre 2009 ;</line></par>
<par>
<line>Vu l'avis du ministre du budget, des comptes publics, de la fonction publique et de la</line>
<line>réforme de l’Etat en date du 29 novembre 2010 ;</line></par>
</text>
</block>
<block><region><rect/></region>
<text>
<par>
<line>Vu l’avis du ministre de l’agriculture, de l'alimentation, de la pêche, de la ruralité et de</line>
<line>l'aménagement du territoire en date du 4 octobre 2011 ;</line></par>
</text>
</block>
<block><region><rect/></region>
<text>
<par>
<line>Le Conseil d’Etat (section des travaux publics) entendu,</line></par>
</text>
</block>
<block><region><rect/></region>
<text>
<par>
<line>I /5</line></par>
</text>
</block>
<block><region><rect/></region>
<text>
<par/>
</text>
</block>
<block><region><rect/></region>
<text>
<par>
<line>O ÎL?</line></par>
</text>
</block>





</page>
<page width="1264" height="1771" resolution="150">
<block><region><rect/></region>
<text>
<par>
<line>Considérant que la préservation de l'ensemble formé par le vallon de la Jaijatte sur le</line>
<line>territoire de la commune de Lus-la-Croix-Haute présente, en raison de son caractère</line>
<line>pittoresque, un intérêt général au sens de Tarticle L,341-1 du code de l’environnement,</line></par>
</text>
</block>
<block><region><rect/></region>
<text>
<par>
<line>Décrète :</line></par>
</text>
</block>
<block><region><rect/></region>
<text>
<par>
<line>Article</line></par>
<par>
<line>Est classé parmi les sites du département de la Drôme, l'ensemble formé par le vallon de la</line>
<line>Jarjatte sur le territoire de la commune de Lus-la-Croix-Haute, d’une superficie de</line>
<line>2 970 hectares environ, délimité comme suit, conformément à la carte au 1/25 000 et aux</line>
<line>planches cadastrales annexées au présent décret, en allant dans le sens des aiguilles d’une</line>
<line>montre :</line></par>
</text>
</block>
<block><region><rect/></region>
<text>
<par>
<line>Commune de Lus-la-Croix-Haute</line>
<line>section F2</line></par>
<par>
<line>Point de départ : intersection entre le chemin rural dit de Chamousset et la crête de Vente-Brein.</line></par>
<par>
<line>- la rive nord-est du chemin rural dit de Chamousset,</line></par>
<par>
<line>section ZMl</line></par>
<par>
<line>- la rive nord-est du chemin rural dit de Chamousset,</line></par>
<par>
<line>- la rive nord-est du chemin rural n'^ 30,</line></par>
<par>
<line>- la limite sud-ouest de la parcelle n° 144,</line></par>
<par>
<line>- la rive nord-est du chemin rural n°30,</line></par>
<par>
<line>- la traversée de la parcelle n° 43a au droit du bâtiment implanté le long du chemin (tireté</line>
<line>traversant la parcelle 43a),</line></par>
<par>
<line>- la rive sud-est du chemin Trabuëch,</line></par>
<par>
<line>- la rive sud du tonenl le Buëch,</line></par>
<par>
<line>- la traversée du torrent le Buëch depuis l’angle nord de la parcelle n° 141a jusqu’à l’angle sud-</line>
<line>est de la parcelle n° 146 (section ZKl),</line></par>
<par>
<line>section ZKl</line></par>
<par>
<line>- la limite sud des parcelles n° 146 et 147,</line></par>
<par>
<line>- la limite ouest des parcelles n° 147 et 141,</line></par>
<par>
<line>- la limite sud des parcelles n° 114 (en partie), 115 (en partie), 116, 115 de nouveau (en partie)</line>
<line>et 121,</line></par>
<par>
<line>- les limites sud-est, sud-ouest et nord-ouest de la parcelle n° 123,</line></par>
<par>
<line>- la limite nord-ouest des parcelles n° 122,121b, 52 et 53,</line>
<line>la limite ouest des parcelles n° 59 (en partie), 60 et 61,</line></par>
<par>
<line>- la limite nord-ouest des parcelles n° 61, 62 et 63 (en partie).</line></par>
</text>
</block>
<block><region><rect/></region>
<text>
<par>
<line>2/5</line></par>
</text>
</block>




</page>
<page width="1260" height="1768" resolution="150">
<block><region><rect/></region>
<text>
<par>
<line>- la limite sud-ouest des parcelles n° 64 et 65,</line></par>
<par>
<line>- les limites ouest et nord-ouest de la parcelle n° 66,</line></par>
<par>
<line>- les limites sud-ouest et nord-ouest de la parcelle n° 23,</line></par>
<par>
<line>section G1</line></par>
<par>
<line>- la traversée de la voie communale n® 1 dite du Mas de Rebuffat,</line></par>
<par>
<line>' la limite ouest des parcelles n° 101,103,102 et 101 de nouveau,</line></par>
<par>
<line>- la limite nord des parcelles n° 101 et 94,</line></par>
<par>
<line>- la limite nord-ouest des parcelles n° 95 (en partie), 52 (en partie), 50 (en partie) et 51 (en</line>
<line>partie) (Crête de Clairet et Côte-Belle),</line></par>
<par>
<line>- la limite ouest de la parcelle n° 112,</line></par>
</text>
</block>
<block><region><rect/></region>
<text>
<par>
<line>section W1</line></par>
<par>
<line>- la limite entre les parcelles n° 2 et 3,</line></par>
<par>
<line>la Crête de la Montagne de Paille et de la Roche, limite entre les commîmes de Lus-la-Croix-</line>
<line>Haute et de Tréminis (Isère),</line></par>
<par>
<line>- la Crête de la Priau, limite entre les commîmes de Lus-la-Croix-Haute et de Tréminis (Isère),</line></par>
</text>
</block>
<block><region><rect/></region>
<text>
<par>
<line>section W2</line></par>
<par>
<line>- la limite entre les communes de Lus-la-Croix-Haute et de Tréminis (Isère),</line></par>
<par>
<line>- la limite entre les communes de Lus-la-Croix-Haute et de Saint-Disdier (Hautes-Alpes),</line></par>
<par>
<line>la Crête des Rochers de Lauzon et des Vautes, limite entre les commîmes de Lus-la-Croix-</line>
<line>Haute et d'Agnières-en-Dévoluy (Hautes-Alpes),</line></par>
<par>
<line>section El</line></par>
<par>
<line>- la limite entre les communes de Lus-la-Croix-Haute et d'Agnières-en-Dévoluy (Hautes-</line>
<line>Alpes),</line></par>
<par>
<line>- la Crête et Rochers des Aiguilles et de Vachères, limite entre les communes de Lus-la-Croix-</line>
<line>Haute et de la Cluze (Hautes-Alpes),</line></par>
<par>
<line>section Fl</line></par>
<par>
<line>- la limite est de la parcelle n'’ 48, limite entre les communes de Lus-la-Croix-Haute et de la</line>
<line>Cluze (Hautes-Alpes),</line></par>
<par>
<line>- la Crête de la Montagne de la Côte Chamousset, limite entre les communes de Lus-la-Croix-</line>
<line>Haute et de Saint-Julien-en-Beauchêne (Hautes-Alpes),</line></par>
<par>
<line>- la limite entre les communes de Lus-la-Croix-Haute et de Saint-Julien-en-Beauchêne</line>
<line>(Hautes-Alpes) jusqu’au point de départ.</line></par>
</text>
</block>
<block><region><rect/></region>
<text>
<par>
<line>3/5</line></par>
</text>
</block>


</page>
<page width="1261" height="1769" resolution="150">
<block><region><rect/></region>
<text>
<par>
<line>Article 2</line></par>
</text>
</block>
<block><region><rect/></region>
<text>
<par>
<line>L'arrêté du ministre de l'éducation nationale, en date du 1er mars 1948, portant inscription sur</line>
<line>l'inventaire des sites pittoresques de la Drôme de l'ensemble formé à Lus-la-Croix-Haute par le</line>
<line>vallon de la Jarjatte est abrogé.</line></par>
</text>
</block>
<block><region><rect/></region>
<text>
<par>
<line>Article 3</line></par>
<par>
<line>Le présent décret sera notifié au préfet de la Drôme et au maire de Lus-la-Croix-Haute.</line></par>
</text>
</block>
<block><region><rect/></region>
<text>
<par>
<line>Article 4</line></par>
<par>
<line>Le présent décret, la carte au 1/25000 et les planches cadastrales annexées pourront être</line>
<line>consultées à la préfecture de la Drôme et à la mairie de Lus-la-Croix-Haute'.</line></par>
</text>
</block>
<block><region><rect/></region>
<text>
<par>
<line>' préfecture de la Drôme ; 3, boulevard Vauban 26030 VALENCE</line>
<line>mairie de Lus-la-Croix-Haute : le Village 26620 LUS-LA-CROIX-HAUTE</line></par>
</text>
</block>
<block><region><rect/></region>
<text>
<par>
<line>4/5</line></par>
</text>
</block>


</page>
<page width="1257" height="1766" resolution="150">
<block><region><rect/></region>
<text>
<par>
<line>Article 5</line></par>
</text>
</block>
<block><region><rect/></region>
<text>
<par>
<line>La ministre de l'écologie, du développement durable, des transports et du logement est chargée</line>
<line>de l'exécution du présent décret, qui sera publié au Journal officiel de la RépuWique française.</line></par>
</text>
</block>
<block><region><rect/></region>
<text>
<par>
<line>Fait le tk</line></par>
</text>
</block>
<block><region><rect/></region>
<text>
<par>
<line>'i</line></par>
</text>
</block>
<block><region><rect/></region>
<text>
<par>
<line>frmçok BUJOH</line></par>
<par>
<line>Par le Premier ministre :</line></par>
<par>
<line>La ministre de l’écologie,</line>
<line>dû développement durable,</line>
<line>des transports et du logement,</line></par>
<par>
<line>Nathalie KOSCIUSKO-MORIZET</line></par>
</text>
</block>


</page>
<page width="1240" height="1754" resolution="150">


</page>
</AC2>