<?xml version="1.0" encoding="UTF-8"?><AC2>
<page width="1681" height="2358" resolution="200">
<block><region><rect/><rect/><rect/><rect/><rect/><rect/><rect/></region>
<text>
<par>
<line>RÉPUBLIQUE FRANÇAISE</line></par>
<par>
<line>Minist^^Sfêj^^é&amp;logie,</line>
<line>du déveIQ^eI^r^t durable et de</line>
<line>Avi^ergie</line></par>
<par>
<line>,c'-^ A</line></par>
</text>
</block>
<block><region><rect/></region>
<text>
<par>
<line>îhW</line></par>
</text>
</block>
<block><region><rect/></region>
<text>
<par>
<line>/ “I" 2 5 HARS 20t3</line></par>
<par>
<line>^portant classement parmi les sites du département de la Savoie</line>
<line>du vallon du Clou, sur le territoire de la commune de SAINTE-FOY-TARENTAISE</line></par>
</text>
</block>
<block><region><rect/></region>
<text>
<par>
<line>NOR:DEVL1128988D</line></par>
</text>
</block>
<block><region><rect/></region>
<text>
<par>
<line>Le Premier ministre.</line></par>
<par>
<line>Sur le rapport de la ministre de Técologie, du développement durable et de l'énergie,</line></par>
<par>
<line>Vu le code de l’environnement, notamment ses articles L.341-1 à L.341-6, R.341-4 et R.341-</line></par>
<par>
<line>5;</line></par>
<par>
<line>Vu les résultats de l’enquête administrative, prescrite par arrêté préfectoral du 8 avril 2010,</line>
<line>qui s’est déroulée du 27 avril 2010 au 12 mai 2010 inclus, notamment l’absence de</line>
<line>consentement de certains propriétaires ;</line></par>
<par>
<line>Vu la délibération du conseil municipal de Sainte-Foy-Tarentaise en date du 20 avril 2010 ;</line></par>
<par>
<line>Vu l'avis émis par la commission départementale de la nature, des paysages et des sites de la</line>
<line>Savoie en date du 22 juin 2010 ;</line></par>
<par>
<line>Vu l’avis émis par le comité de massif des Alpes en date du 5 octobre 2010 ;</line></par>
<par>
<line>Vu l’avis émis par la commission supérieure des sites, perspectives et paysages en date du 23</line>
<line>juin 2011 ;</line></par>
<par>
<line>Le Conseil d'Etat (section des travaux publics) entendu ;</line></par>
<par>
<line>Considérant que la préservation du vallon du Clou sur le territoire de la commune de Saint-</line>
<line>Foy-Tarentaise présente, en raison de son caractère pittoresque, un intérêt général au sens de</line>
<line>l’article L.341-1 du code de l’environnement.</line></par>
</text>
</block>
<block><region><rect/></region>
<text>
<par>
<line>Décrète :</line></par>
</text>
</block>
<block><region><rect/></region>
<text>
<par>
<line>JJir073lîü27t-^AR3 2013</line></par>
</text>
</block>
</page>
<page width="1699" height="2370" resolution="200">
<block><region><rect/></region>
<text>
<par>
<line>Article 1'*’</line></par>
</text>
</block>
<block><region><rect/></region>
<text>
<par>
<line>Est classé parmi les sites du département de la Savoie, le vallon du Clou sur le territoire de la</line>
<line>commune de Sainte-Foy-Tarentaise, d’une superficie de 2692 hectares, délimité comme suit,</line>
<line>conformément à la carte au 1/25000 et aux planches cadastrales annexées au présent décret, en</line>
<line>allant dans le sens inverse des aiguilles d’une montre :</line></par>
</text>
</block>
<block><region><rect/></region>
<text>
<par>
<line>Commune de Sainte-Foy«Tarentaise</line></par>
</text>
</block>
<block><region><rect/></region>
<text>
<par>
<line>planche cadastrale intitulée sections 16 à 111</line></par>
<par>
<line>Point de départ : point coté 3150 (section 19)</line></par>
<par>
<line>- la ligne de crête séparant le versant du vallon de Mercuel de celui du vallon du Clou, passant</line>
<line>par le point coté 2995, la Pointe de l’Argentière (3053), la Pointe des lacs Verdet (2967), la</line>
<line>Pointe du Grand Soliet (cote 2928) et la Pointe de la Foglietta (cote 2930), dénommée arête</line>
<line>des Gaviers et arête de Foglietta,</line></par>
<par>
<line>- la ligne de crête de Pierre d’Arbine séparant le versant de la Foglietta de celui du vallon du</line>
<line>Clou, passant par les points cotés 2734,2612,2552, 2647 et 2411,</line></par>
<par>
<line>- la ligne de crête passant par les points cotés 2411 et 2251 jusqu'au point A situé sur la limite</line>
<line>nord-est de la parcelle n° 1597, point de rencontre avec une ligne droite fictive prolongeant</line>
<line>vers le nord-est la limite sud-est de la parcelle 1596,</line></par>
<par>
<line>une ligne droite fictive joignant le point A et l'angle nord-est de la parcelle n° 1596,</line>
<line>la limite sud-est de la parcelle n° 1596,</line></par>
</text>
</block>
<block><region><rect/></region>
<text>
<par>
<line>planche cadastrale intitulée section 15 hameau du Monal</line></par>
<par>
<line>la limite nord-ouest des parcelles n° 1594 et 1593,</line></par>
<par>
<line>une ligne droite fictive joignant l'angle sud-ouest de la parcelle n® 1593 et l'angle nord-ouest</line>
<line>de la parcelle n° 324 (section 12) et traversant la section 13,</line></par>
<par>
<line>la limite entre les sections 12 et 13 jusqu'à l’angle sud-ouest de la parcelle n° 1539 (section</line>
<line>15),</line></par>
<par>
<line>la limite entre les sections 12 et 15 jusqu'à l'angle sud-ouest de la parcelle n® 1476,</line></par>
<par>
<line>- la limite nord-ouest des parcelles n® 745 et 746 (section 14),</line>
<line>la limite sud-ouest des parcelles n° 746 et 1475,</line></par>
<par>
<line>la limite sud-est des parcelles n® 2199 et 743,</line>
<line>les limites sud-ouest et sud-est de la parcelle n® 766,</line></par>
<par>
<line>- les limites nord et est de la parcelle n® 2063 (section II l).</line></par>
</text>
</block>
<block><region><rect/></region>
<text>
<par>
<line>planche cadastrale intitulée sections 16 à 111</line></par>
<par>
<line>la limite entre, d'une part la section K8 et, d'autre part les sections II 1 et 110, englobant la</line>
<line>forêt du Bringey (parcelle n® 2062) puis entre les sections 110 et K9 correspondant à la ligne</line>
<line>de crête des rochers de Pierre Pointe séparant le versant du vallon de Nanteruet de celui du</line>
<line>vallon du Clou, passant par les points cotés 3118, 3269, 3273, 3243, 3441, 3386 jusqu'à la</line>
<line>Pointe des Plates des Chamois (cote 3567),</line></par>
<par>
<line>la limite entre la commune de Sainte-Foy-Tarentaise et l’Italie jusqu'au point de départ.</line></par>
</text>
</block>
</page>
<page width="1688" height="2363" resolution="200">
<block><region><rect/></region>
<text>
<par>
<line>Article 2</line></par>
</text>
</block>
<block><region><rect/></region>
<text>
<par>
<line>Le décret du ministre de l’équipement, du logement, de l'aménagement du territoire et des</line>
<line>transports, en date du 22 juillet 1987, portant classement parmi les sites pittoresques du</line>
<line>département de la Savoie du site du hameau du Monal sur la commune de Sainte-Foy-Tarentaise</line>
<line>est abrogé.</line></par>
</text>
</block>
<block><region><rect/></region>
<text>
<par>
<line>Article 3</line></par>
<par>
<line>Le présent décret sera notifié au préfet de la Savoie et au maire de Sainte-Foy-Tarentaise.</line></par>
</text>
</block>
<block><region><rect/></region>
<text>
<par>
<line>Article 4</line></par>
<par>
<line>Le présent décret, la carte au 1/25000 et les planches cadastrales annexées poxuront être</line>
<line>consultées à la préfecture de la Savoie et à la mairie de Sainte-Foy-Tarentaise (1).</line></par>
</text>
</block>
<block><region><rect/></region>
<text>
<par>
<line>(l) préfecture de la Savoie ; Château des Ducs de Savoie BP180I 73018 CHAMBERY Cedex</line>
<line>mairie de Sainte-Foy-Tarentaise : mairie 73640 SAINTE-FOY-TARENTAISE</line></par>
</text>
</block>
</page>
<page width="1678" height="2356" resolution="200">
<block><region><rect/></region>
<text>
<par>
<line>Article 5</line></par>
</text>
</block>
<block><region><rect/></region>
<text>
<par>
<line>La ministre de l'écologie, du développement durable et de l'énergie est chargée de l'exécution du</line>
<line>présent décret, qui sera publié au Journal officiel de la République française.</line></par>
</text>
</block>
<block><region><rect/></region>
<text>
<par>
<line>Fait le 2 § t^tlDS 2015</line></par>
</text>
</block>
<block><region><rect/></region>
<text>
<par>
<line>'•®*’-WarcAYRAULT</line></par>
<par>
<line>Par le Premier ministreT</line></par>
<par>
<line>La ministre de l’écologie,</line>
<line>du développement durable</line>
<line>et de l'énergie^</line></par>
<par>
<line>Delphine BATHO</line></par>
</text>
</block>
<block><region><rect/></region>
<text>
<par>
<line>4/4</line></par>
</text>
</block>


</page>
</AC2>