<?xml version="1.0" encoding="UTF-8"?><AC2>
<page width="5037" height="3615" resolution="300">
<block><region><rect/></region>
<text>
<par>
<line>i</line></par>
</text>
</block>
<block><region><rect/><rect/><rect/><rect/><rect/><rect/></region>
<text>
<par>
<line>Mfcü M rn M S) © o\oi*ï) ©</line></par>
<par>
<line>-OpvOfflfO--</line></par>
<par>
<line>O © VD C r</line>
<line>• cf V.</line></par>
<par>
<line>P^Pi w •</line></par>
<par>
<line>P r\JO</line>
<line>M Ot&gt; M</line>
<line>CoOO^ ro</line>
<line>!&gt;rN)</line></par>
</text>
</block>
<block><region><rect/><rect/><rect/><rect/><rect/><rect/><rect/><rect/><rect/><rect/><rect/></region>
<text>
<par>
<line>P aa vo-^</line>
<line>©««■•■»</line></par>
<par>
<line>piflSCTi - -</line>
<line>POI? CO-4MO</line>
<line>P . Mf-P</line>
<line>»Ti »-• Uï "</line></par>
<par>
<line>© ©</line></par>
</text>
</block>
<block><region><rect/></region>
<text>
<par>
<line>© O</line></par>
</text>
</block>
<block><region><rect/></region>
<text>
<par>
<line>Cnc^-B</line></par>
</text>
</block>
<block><region><rect/></region>
<text>
<par>
<line>ro</line></par>
</text>
</block>
<block><region><rect/></region>
<text>
<par>
<line>O</line></par>
</text>
</block>
<block><region><rect/></region>
<text>
<par>
<line>«1-S</line></par>
</text>
</block>
<block><region><rect/></region>
<text>
<par>
<line>«f arxOC</line></par>
</text>
</block>
<block><region><rect/></region>
<text>
<par>
<line>ro •• M</line></par>
</text>
</block>
<block><region><rect/></region>
<text>
<par/>
</text>
</block>
<block><region><rect/></region>
<text>
<par>
<line>fo</line></par>
</text>
</block>
<block><region><rect/></region>
<text>
<par>
<line>-4»</line></par>
</text>
</block>
<block><region><rect/></region>
<text>
<par>
<line>Mroo</line></par>
</text>
</block>
<block><region><rect/></region>
<text>
<par>
<line>H- •</line></par>
</text>
</block>
<block><region><rect/></region>
<text>
<par>
<line>fO-&gt;jOO»^</line></par>
</text>
</block>
<block><region><rect/></region>
<text>
<par>
<line>P</line></par>
</text>
</block>
<block><region><rect/></region>
<text>
<par>
<line>-J</line></par>
</text>
</block>
<block><region><rect/></region>
<text>
<par>
<line>M Cn«</line></par>
</text>
</block>
<block><region><rect/></region>
<text>
<par>
<line>M- ©</line></par>
</text>
</block>
<block><region><rect/></region>
<text>
<par>
<line>OMO</line></par>
</text>
</block>
<block><region><rect/></region>
<text>
<par>
<line>© VJ1 •</line></par>
</text>
</block>
<block><region><rect/></region>
<text>
<par>
<line>•O u»o</line></par>
</text>
</block>
<block><region><rect/></region>
<text>
<par>
<line>H</line></par>
<par>
<line>3&gt;</line></par>
<par>
<line>cV</line></par>
<par>
<line>Q»</line></par>
<par>
<line>P-</line></par>
<par>
<line>P</line></par>
<par>
<line>fo</line></par>
<par>
<line>4&gt;-</line></par>
<par>
<line>&gt;</line></par>
<par>
<line>O</line></par>
<par>
<line>P&gt;</line></par>
<par>
<line>cl-</line></par>
<par>
<line>M</line></par>
<par>
<line>U)</line></par>
<par>
<line>$;</line></par>
</text>
</block>
<block><region><rect/><rect/><rect/><rect/><rect/><rect/><rect/><rect/><rect/><rect/><rect/><rect/><rect/><rect/><rect/><rect/></region>
<text>
<par>
<line>O • Mi</line></par>
<par>
<line>et M ro</line></par>
<par>
<line>M ro c»ro a O’»-^ &lt;</line></par>
<par>
<line>O M Mvo © V4 ro</line>
<line>P -4* • O M* r</line></par>
<par>
<line>• C»- — 4</line></par>
<par>
<line>&gt; M M M M ^</line></par>
<par>
<line>• ro ooro O B ro-4 (</line></par>
<par>
<line>M ro P g • tv (</line></par>
<par>
<line>MOD* M © \J. (</line></par>
<par>
<line>on«c# ^ W P •</line></par>
<par>
<line>ro* mP' crvo •</line></par>
<par>
<line>_ ro 03 •• M • -0</line></par>
<par>
<line>P'roV/iM ® ;</line></par>
<par>
<line>on* roro onui &lt;</line></par>
<par>
<line>M * 4^ • © CO* &lt;</line></par>
<par>
<line>on Mto M*</line></par>
<par>
<line>4»- ro CO* tr* O i</line></par>
<par>
<line>• fo4*. »ct on ro I</line>
<line>en* M * P &lt;y»-4</line></par>
<par>
<line>M • ro P * * (</line>
<line>on M^ M &lt;</line></par>
<par>
<line>OHfo ro P on**; ^</line></par>
<par>
<line>• tO-4 )0 04* (0 t</line></par>
<par>
<line>-&gt;i t»'ooon* ex i</line></par>
<par>
<line>M* $&gt; • * I</line></par>
<par>
<line>on M pion (■</line></par>
<par>
<line>03 ro M ro M © 04^</line></par>
<par>
<line>• fo Co-f* ro • o&lt;4 I et *110</line></par>
<par>
<line>vovoonMM ojiI ^ —</line></par>
<par>
<line>■| « . MP-f*-* »</line></par>
<par>
<line>vP* . lo ©_</line></par>
<par>
<line>.... 4 • -4 0 n</line></par>
<par>
<line>fOUJIOMp OAlc«&gt;cr M»</line></par>
<par>
<line>P'04M4». ro © 4*-op« *-*■ P»!*</line></par>
<par>
<line>ro* -4M M« O © rt-</line></par>
<par>
<line>M* -P» P"* P et tJO</line></par>
<par>
<line>Or»Mp'*p ^ nhj</line></par>
<par>
<line>roro'4&gt; fl»» -P*o^txlPPl©</line></par>
<par>
<line>• 0404M C-» o-^ P &gt;• O</line></par>
<par>
<line>■P** lOM©* * •• StXi</line></par>
<par>
<line>M* onro** 43. P</line></par>
<par>
<line>M 03M N 04-4 tr»p ©</line>
<line>onrooo* -4P'Oononp ©</line></par>
</text>
</block>
<block><region><rect/></region>
<text>
<par>
<line>S’</line></par>
</text>
</block>
<block><region><rect/></region>
<text>
<par>
<line>PS'Mrfî</line></par>
</text>
</block>
<block><region><rect/><rect/></region>
<text>
<par>
<line>[«Ccj</line>
<line>(S H- -■</line>
<line>Pet</line></par>
</text>
</block>
<block><region><rect/><rect/><rect/><rect/></region>
<text>
<par>
<line>M Ô ffl et S 6</line></par>
</text>
</block>
<block><region><rect/><rect/><rect/></region>
<text>
<par>
<line>M © © O</line>
<line>^ M</line></par>
</text>
</block>
<block><region><rect/></region>
<text>
<par>
<line>?</line></par>
</text>
</block>
<block><region><rect/></region>
<text>
<par>
<line>Oï</line></par>
</text>
</block>
<block><region><rect/><rect/><rect/><rect/><rect/><rect/><rect/><rect/><rect/><rect/><rect/><rect/><rect/><rect/><rect/><rect/><rect/><rect/><rect/><rect/><rect/><rect/><rect/><rect/><rect/></region>
<text>
<par>
<line>O</line>
<line>©</line></par>
<par>
<line>et O</line></par>
<par>
<line>M tj</line></par>
<par>
<line>•&lt; aM© ©</line></par>
<par>
<line>O © et ©</line></par>
<par>
<line>tf</line></par>
<par>
<line>OP et P</line>
<line>, &lt; •• O ©</line></par>
<par>
<line>© M</line>
<line>O -4 et ••</line></par>
<par>
<line>tysp</line></par>
<par>
<line>O © rV^p'</line></par>
<par>
<line>© © Oxavs^ P'</line>
<line>M 03 &lt;?©</line></par>
<par>
<line>r-iH* r*</line></par>
<par>
<line>P «MOP</line>
<line>p- tt lO 03© P h</line>
<line>H P 03</line>
<line>»1 *• P.-4 H</line>
<line>©&gt; 0*8</line>
<line>et ro© B</line></par>
<par>
<line>©s 04 -4 ©</line></par>
<par>
<line>O © top</line>
<line>Pi* etoo O</line>
<line>P «H</line>
<line>roct ©</line></par>
<par>
<line>M ro O -4 »</line></par>
<par>
<line>ro03M04</line></par>
<par>
<line>* et M Q</line>
<line>«4 P • H</line>
<line>P M*i d</line></par>
<par>
<line>P ro © -4 P</line>
<line>^ ro © 04 ©</line></par>
<par>
<line>* on lo©</line></par>
<par>
<line>* P</line></par>
<par>
<line>M « ©</line></par>
<par>
<line>'PM© © P</line>
<line>V) ro ©</line></par>
<par>
<line>04 t* O O F" B</line></par>
<par>
<line>•&gt;.^0 8 cto 53© M</line></par>
<par>
<line>* e M HT- O</line></par>
<par>
<line>© O P M M</line>
<line>M P P P ^© O</line></par>
<par>
<line>«O cr ^ O P ©</line>
<line>4s*Mtï&gt;4t Q et</line>
<line>04 © • mI&gt;3 MB</line></par>
<par>
<line>. • © © n t-^ O</line></par>
<par>
<line>M O ro O 1 43 P</line>
<line>fo M-j-a O P B</line>
<line>4^ et et C3 O ©</line></par>
</text>
</block>
<block><region><rect/><rect/><rect/><rect/></region>
<text>
<par>
<line>031</line></par>
<par>
<line>• ©</line>
<line>©</line>
<line>M</line></par>
<par>
<line>ro ©</line>
<line>4»- P</line></par>
</text>
</block>
<block blockType="Table" blockName="" l="954" t="2614" r="2082" b="3024"><region><rect/></region>
<row>
<cell leftBorder="White" topBorder="White" rightBorder="White" bottomBorder="White" width="179" height="38">
<text>
<par>
<line>04 4*</line></par>
</text></cell>
<cell leftBorder="White" topBorder="White" rightBorder="White" bottomBorder="White" width="120" height="38">
<text>
<par>
<line>• 0</line></par>
</text></cell>
<cell colSpan="2" leftBorder="White" topBorder="White" rightBorder="White" bottomBorder="White" width="348" height="38">
<text>
<par>
<line>• • 4W M M</line></par>
</text></cell>
<cell leftBorder="White" topBorder="White" bottomBorder="White" width="149" height="38">
<text>
<par>
<line>• O</line></par>
</text></cell>
<cell topBorder="White" rightBorder="White" bottomBorder="White" width="96" height="38">
<text>
<par>
<line>pi *</line></par>
</text></cell>
<cell leftBorder="White" topBorder="White" rightBorder="White" bottomBorder="White" width="60" height="38">
<text>
<par>
<line>P</line></par>
</text></cell>
<cell leftBorder="White" topBorder="White" bottomBorder="White" width="176" height="38">
<text>
<par>
<line>P* P J</line></par>
</text></cell></row>
<row>
<cell leftBorder="White" topBorder="White" rightBorder="White" bottomBorder="White" width="179" height="31">
<text>
<par>
<line>{D»VJI •</line></par>
</text></cell>
<cell leftBorder="White" topBorder="White" rightBorder="White" bottomBorder="White" width="120" height="31">
<text>
<par>
<line>M</line></par>
</text></cell>
<cell leftBorder="White" topBorder="White" rightBorder="White" bottomBorder="White" width="192" height="31">
<text>
<par>
<line>©</line></par>
</text></cell>
<cell leftBorder="White" topBorder="White" rightBorder="White" bottomBorder="White" width="156" height="31">
<text>
<par>
<line>■-P</line></par>
</text></cell>
<cell leftBorder="White" topBorder="White" bottomBorder="White" width="149" height="31">
<text>
<par>
<line>O</line></par>
</text></cell>
<cell topBorder="White" rightBorder="White" bottomBorder="White" width="96" height="31">
<text>
<par>
<line>P</line></par>
</text></cell>
<cell leftBorder="White" topBorder="White" rightBorder="White" bottomBorder="White" width="60" height="31">
<text>
<par>
<line>*4</line></par>
</text></cell>
<cell leftBorder="White" topBorder="White" bottomBorder="White" width="176" height="31">
<text>
<par>
<line>P 4</line></par>
</text></cell></row>
<row>
<cell leftBorder="White" topBorder="White" rightBorder="White" bottomBorder="White" width="179" height="29">
<text>
<par>
<line>*</line></par>
</text></cell>
<cell leftBorder="White" topBorder="White" rightBorder="White" bottomBorder="White" width="120" height="29">
<text>
<par>
<line>M*</line></par>
</text></cell>
<cell leftBorder="White" topBorder="White" rightBorder="White" bottomBorder="White" width="192" height="29">
<text>
<par>
<line>04-4 Jr**</line></par>
</text></cell>
<cell leftBorder="White" topBorder="White" rightBorder="White" bottomBorder="White" width="156" height="29">
<text>
<par>
<line>© ©</line></par>
</text></cell>
<cell leftBorder="White" topBorder="White" bottomBorder="White" width="149" height="29">
<text>
<par>
<line>M W</line></par>
</text></cell>
<cell topBorder="White" rightBorder="White" bottomBorder="White" width="96" height="29">
<text>
<par/>
</text></cell>
<cell leftBorder="White" topBorder="White" rightBorder="White" bottomBorder="White" width="60" height="29">
<text>
<par>
<line>©</line></par>
</text></cell>
<cell leftBorder="White" topBorder="White" bottomBorder="White" width="176" height="29">
<text>
<par>
<line>M © ‘</line></par>
</text></cell></row>
<row>
<cell leftBorder="White" topBorder="White" rightBorder="White" bottomBorder="White" width="179" height="31">
<text>
<par>
<line>M M</line></par>
</text></cell>
<cell leftBorder="White" topBorder="White" rightBorder="White" bottomBorder="White" width="120" height="31">
<text>
<par>
<line>fO</line></par>
</text></cell>
<cell leftBorder="White" topBorder="White" rightBorder="White" bottomBorder="White" width="192" height="31">
<text>
<par>
<line>CX'-4</line></par>
</text></cell>
<cell leftBorder="White" topBorder="White" rightBorder="White" bottomBorder="White" width="156" height="31">
<text>
<par>
<line>P ©</line></par>
</text></cell>
<cell leftBorder="White" topBorder="White" bottomBorder="White" width="149" height="31">
<text>
<par>
<line>ro P</line></par>
</text></cell>
<cell topBorder="White" rightBorder="White" bottomBorder="White" width="96" height="31">
<text>
<par>
<line>*3^</line></par>
</text></cell>
<cell leftBorder="White" topBorder="White" rightBorder="White" bottomBorder="White" width="60" height="31">
<text>
<par>
<line>O</line></par>
</text></cell>
<cell leftBorder="White" topBorder="White" bottomBorder="White" width="176" height="31">
<text>
<par/>
</text></cell></row>
<row>
<cell leftBorder="White" topBorder="White" rightBorder="White" bottomBorder="White" width="179" height="30">
<text>
<par>
<line>&lt;J3 XO</line></par>
</text></cell>
<cell leftBorder="White" topBorder="White" rightBorder="White" bottomBorder="White" width="120" height="30">
<text>
<par>
<line>M</line></par>
</text></cell>
<cell leftBorder="White" topBorder="White" rightBorder="White" bottomBorder="White" width="192" height="30">
<text>
<par>
<line>* . 03</line></par>
</text></cell>
<cell leftBorder="White" topBorder="White" rightBorder="White" bottomBorder="White" width="156" height="30">
<text>
<par>
<line>©</line></par>
</text></cell>
<cell leftBorder="White" topBorder="White" bottomBorder="White" width="149" height="30">
<text>
<par>
<line>on P</line></par>
</text></cell>
<cell topBorder="White" rightBorder="White" bottomBorder="White" width="96" height="30">
<text>
<par>
<line>&lt;6</line></par>
</text></cell>
<cell leftBorder="White" topBorder="White" rightBorder="White" bottomBorder="White" width="60" height="30">
<text>
<par/>
</text></cell>
<cell leftBorder="White" topBorder="White" bottomBorder="White" width="176" height="30">
<text>
<par>
<line>•® © ^</line></par>
</text></cell></row>
<row>
<cell leftBorder="White" topBorder="White" rightBorder="White" bottomBorder="White" width="179" height="30">
<text>
<par>
<line>-4 03</line></par>
</text></cell>
<cell leftBorder="White" topBorder="White" rightBorder="White" bottomBorder="White" width="120" height="30">
<text>
<par>
<line>VD</line></par>
</text></cell>
<cell leftBorder="White" topBorder="White" rightBorder="White" bottomBorder="White" width="192" height="30">
<text>
<par>
<line>03</line></par>
</text></cell>
<cell leftBorder="White" topBorder="White" rightBorder="White" bottomBorder="White" width="156" height="30">
<text>
<par>
<line>© O</line></par>
</text></cell>
<cell leftBorder="White" topBorder="White" bottomBorder="White" width="149" height="30">
<text>
<par>
<line>0*3</line></par>
</text></cell>
<cell topBorder="White" rightBorder="White" bottomBorder="White" width="96" height="30">
<text>
<par>
<line>et</line></par>
</text></cell>
<cell leftBorder="White" topBorder="White" rightBorder="White" bottomBorder="White" width="60" height="30">
<text>
<par>
<line>M</line></par>
</text></cell>
<cell leftBorder="White" topBorder="White" bottomBorder="White" width="176" height="30">
<text>
<par/>
</text></cell></row>
<row>
<cell leftBorder="White" topBorder="White" rightBorder="White" bottomBorder="White" width="179" height="30">
<text>
<par>
<line>• «</line></par>
</text></cell>
<cell rowSpan="2" leftBorder="White" topBorder="White" rightBorder="White" bottomBorder="White" width="120" height="62">
<text>
<par/>
</text></cell>
<cell leftBorder="White" topBorder="White" rightBorder="White" bottomBorder="White" width="192" height="30">
<text>
<par>
<line>04-4 03</line></par>
</text></cell>
<cell leftBorder="White" topBorder="White" rightBorder="White" bottomBorder="White" width="156" height="30">
<text>
<par>
<line>3 Q</line></par>
</text></cell>
<cell leftBorder="White" topBorder="White" bottomBorder="White" width="149" height="30">
<text>
<par>
<line>• ©</line></par>
</text></cell>
<cell topBorder="White" rightBorder="White" bottomBorder="White" width="96" height="30">
<text>
<par>
<line>M</line></par>
</text></cell>
<cell leftBorder="White" topBorder="White" rightBorder="White" bottomBorder="White" width="60" height="30">
<text>
<par>
<line>©</line></par>
</text></cell>
<cell leftBorder="White" topBorder="White" bottomBorder="White" width="176" height="30">
<text>
<par>
<line>O ©'</line></par>
</text></cell></row>
<row>
<cell leftBorder="White" topBorder="White" rightBorder="White" bottomBorder="White" width="179" height="32">
<text>
<par/>
</text></cell>
<cell leftBorder="White" topBorder="White" rightBorder="White" bottomBorder="White" width="192" height="32">
<text>
<par>
<line>-44* *</line></par>
</text></cell>
<cell leftBorder="White" topBorder="White" rightBorder="White" bottomBorder="White" width="156" height="32">
<text>
<par/>
</text></cell>
<cell leftBorder="White" topBorder="White" bottomBorder="White" width="149" height="32">
<text>
<par/>
</text></cell>
<cell topBorder="White" rightBorder="White" bottomBorder="White" width="96" height="32">
<text>
<par>
<line>et</line></par>
</text></cell>
<cell leftBorder="White" topBorder="White" rightBorder="White" bottomBorder="White" width="60" height="32">
<text>
<par>
<line>©</line></par>
</text></cell>
<cell leftBorder="White" topBorder="White" bottomBorder="White" width="176" height="32">
<text>
<par>
<line>P et ,</line></par>
</text></cell></row>
<row>
<cell leftBorder="White" topBorder="White" rightBorder="White" bottomBorder="White" width="179" height="29">
<text>
<par>
<line>M</line></par>
</text></cell>
<cell leftBorder="White" topBorder="White" rightBorder="White" bottomBorder="White" width="120" height="29">
<text>
<par/>
</text></cell>
<cell leftBorder="White" topBorder="White" rightBorder="White" bottomBorder="White" width="192" height="29">
<text>
<par>
<line>• •</line></par>
</text></cell>
<cell leftBorder="White" topBorder="White" rightBorder="White" bottomBorder="White" width="156" height="29">
<text>
<par>
<line>mW</line></par>
</text></cell>
<cell leftBorder="White" topBorder="White" bottomBorder="White" width="149" height="29">
<text>
<par>
<line>M P</line></par>
</text></cell>
<cell topBorder="White" rightBorder="White" bottomBorder="White" width="96" height="29">
<text>
<par/>
</text></cell>
<cell leftBorder="White" topBorder="White" rightBorder="White" bottomBorder="White" width="60" height="29">
<text>
<par/>
</text></cell>
<cell leftBorder="White" topBorder="White" bottomBorder="White" width="176" height="29">
<text>
<par>
<line>\</line></par>
</text></cell></row>
<row>
<cell leftBorder="White" topBorder="White" rightBorder="White" bottomBorder="White" width="179" height="30">
<text>
<par>
<line>OD</line></par>
</text></cell>
<cell leftBorder="White" topBorder="White" rightBorder="White" bottomBorder="White" width="120" height="30">
<text>
<par/>
</text></cell>
<cell leftBorder="White" topBorder="White" rightBorder="White" bottomBorder="White" width="192" height="30">
<text>
<par>
<line>03</line></par>
</text></cell>
<cell leftBorder="White" topBorder="White" rightBorder="White" bottomBorder="White" width="156" height="30">
<text>
<par>
<line>a .n</line></par>
</text></cell>
<cell leftBorder="White" topBorder="White" bottomBorder="White" width="149" height="30">
<text>
<par>
<line>ro ©</line></par>
</text></cell>
<cell topBorder="White" rightBorder="White" bottomBorder="White" width="96" height="30">
<text>
<par/>
</text></cell>
<cell leftBorder="White" topBorder="White" rightBorder="White" bottomBorder="White" width="60" height="30">
<text>
<par>
<line>r-t</line></par>
</text></cell>
<cell leftBorder="White" topBorder="White" bottomBorder="White" width="176" height="30">
<text>
<par>
<line>M !</line></par>
</text></cell></row>
<row>
<cell leftBorder="White" topBorder="White" rightBorder="White" bottomBorder="White" width="179" height="30">
<text>
<par>
<line>-4</line></par>
</text></cell>
<cell leftBorder="White" topBorder="White" rightBorder="White" bottomBorder="White" width="120" height="30">
<text>
<par/>
</text></cell>
<cell leftBorder="White" topBorder="White" rightBorder="White" bottomBorder="White" width="192" height="30">
<text>
<par>
<line>04^-4</line></par>
</text></cell>
<cell leftBorder="White" topBorder="White" rightBorder="White" bottomBorder="White" width="156" height="30">
<text>
<par>
<line>i</line></par>
</text></cell>
<cell leftBorder="White" topBorder="White" bottomBorder="White" width="149" height="30">
<text>
<par>
<line>on</line></par>
</text></cell>
<cell topBorder="White" rightBorder="White" bottomBorder="White" width="96" height="30">
<text>
<par>
<line>C?</line></par>
</text></cell>
<cell leftBorder="White" topBorder="White" rightBorder="White" bottomBorder="White" width="60" height="30">
<text>
<par>
<line>P</line></par>
</text></cell>
<cell leftBorder="White" topBorder="White" bottomBorder="White" width="176" height="30">
<text>
<par/>
</text></cell></row>
<row>
<cell leftBorder="White" topBorder="White" rightBorder="White" bottomBorder="White" width="179" height="70">
<text>
<par>
<line>«</line></par>
</text></cell>
<cell leftBorder="White" topBorder="White" rightBorder="White" bottomBorder="White" width="120" height="70">
<text>
<par/>
</text></cell>
<cell leftBorder="White" topBorder="White" rightBorder="White" bottomBorder="White" width="192" height="70">
<text>
<par>
<line>03M O</line></par>
<par>
<line>• •</line></par>
</text></cell>
<cell leftBorder="White" topBorder="White" rightBorder="White" bottomBorder="White" width="156" height="70">
<text>
<par>
<line>P</line></par>
<par>
<line>P</line></par>
</text></cell>
<cell leftBorder="White" topBorder="White" bottomBorder="White" width="149" height="70">
<text>
<par>
<line>on</line></par>
<par>
<line>•</line></par>
</text></cell>
<cell topBorder="White" rightBorder="White" bottomBorder="White" width="96" height="70">
<text>
<par/>
</text></cell>
<cell leftBorder="White" topBorder="White" rightBorder="White" bottomBorder="White" width="60" height="70">
<text>
<par>
<line>*</line></par>
</text></cell>
<cell leftBorder="White" topBorder="White" bottomBorder="White" width="176" height="70">
<text>
<par>
<line>® "U</line></par>
</text></cell></row>
</block>
<block><region><rect/><rect/><rect/><rect/><rect/><rect/><rect/><rect/></region>
<text>
<par>
<line>t* et I - P</line>
<line>P © te! et</line>
<line>O M ©</line>
<line>H &lt; MO.</line></par>
<par>
<line>P O CJCS» P</line>
<line>© P</line></par>
<par>
<line>O</line></par>
</text>
</block>
<block blockType="Table" blockName="" l="2200" t="777" r="2659" b="973"><region><rect/></region>
<row>
<cell topBorder="White" rightBorder="White" bottomBorder="White" width="63" height="45">
<text>
<par/>
</text></cell>
<cell leftBorder="White" topBorder="White" bottomBorder="White" width="76" height="45">
<text>
<par/>
</text></cell>
<cell topBorder="White" bottomBorder="White" width="58" height="45">
<text>
<par/>
</text></cell>
<cell topBorder="White" rightBorder="White" bottomBorder="White" width="262" height="45">
<text>
<par/>
</text></cell></row>
<row>
<cell topBorder="White" rightBorder="White" bottomBorder="White" width="63" height="43">
<text>
<par/>
</text></cell>
<cell leftBorder="White" topBorder="White" bottomBorder="White" width="76" height="43">
<text>
<par/>
</text></cell>
<cell topBorder="White" bottomBorder="White" width="58" height="43">
<text>
<par/>
</text></cell>
<cell topBorder="White" rightBorder="White" bottomBorder="White" width="262" height="43">
<text>
<par/>
</text></cell></row>
<row>
<cell topBorder="White" rightBorder="White" bottomBorder="White" width="63" height="59">
<text>
<par/>
</text></cell>
<cell leftBorder="White" topBorder="White" bottomBorder="White" width="76" height="59">
<text>
<par/>
</text></cell>
<cell topBorder="White" bottomBorder="White" width="58" height="59">
<text>
<par>
<line>s</line></par>
</text></cell>
<cell topBorder="White" rightBorder="White" bottomBorder="White" width="262" height="59">
<text>
<par/>
</text></cell></row>
<row>
<cell topBorder="White" rightBorder="White" bottomBorder="White" width="63" height="49">
<text>
<par/>
</text></cell>
<cell leftBorder="White" topBorder="White" bottomBorder="White" width="76" height="49">
<text>
<par/>
</text></cell>
<cell topBorder="White" bottomBorder="White" width="58" height="49">
<text>
<par/>
</text></cell>
<cell topBorder="White" rightBorder="White" bottomBorder="White" width="262" height="49">
<text>
<par/>
</text></cell></row>
</block>
<block><region><rect/></region>
<text>
<par/>
</text>
</block>
<block><region><rect/></region>
<text>
<par/>
</text>
</block>
<block><region><rect/></region>
<text>
<par/>
</text>
</block>
<block><region><rect/></region>
<text>
<par>
<line>ym</line></par>
</text>
</block>
<block><region><rect/></region>
<text>
<par>
<line>mm5</line></par>
</text>
</block>
<block><region><rect/></region>
<text>
<par>
<line>Ji.</line></par>
</text>
</block>
<block><region><rect/></region>
<text>
<par/>
</text>
</block>
<block><region><rect/></region>
<text>
<par/>
</text>
</block>
<block><region><rect/></region>
<text>
<par>
<line>-J "S</line></par>
</text>
</block>
<block><region><rect/></region>
<text>
<par>
<line>-b.'»</line></par>
</text>
</block>
<block><region><rect/></region>
<text>
<par/>
</text>
</block>
<block><region><rect/></region>
<text>
<par>
<line>O'</line></par>
</text>
</block>
<block><region><rect/></region>
<text>
<par>
<line>©</line></par>
</text>
</block>
<block><region><rect/></region>
<text>
<par/>
</text>
</block>
<block><region><rect/></region>
<text>
<par>
<line>C5</line></par>
</text>
</block>
<block><region><rect/></region>
<text>
<par>
<line>O</line></par>
</text>
</block>
<block><region><rect/></region>
<text>
<par>
<line>m</line></par>
</text>
</block>
<block><region><rect/></region>
<text>
<par>
<line>ySSâ'</line></par>
</text>
</block>
<block><region><rect/></region>
<text>
<par>
<line>b#</line></par>
</text>
</block>
<block><region><rect/></region>
<text>
<par>
<line>m</line></par>
</text>
</block>
<block><region><rect/></region>
<text>
<par/>
</text>
</block>
<block><region><rect/></region>
<text>
<par/>
</text>
</block>
<block><region><rect/></region>
<text>
<par/>
</text>
</block>
<block><region><rect/></region>
<text>
<par/>
</text>
</block>
<block><region><rect/></region>
<text>
<par>
<line>O</line></par>
</text>
</block>
<block><region><rect/></region>
<text>
<par/>
</text>
</block>
<block><region><rect/></region>
<text>
<par>
<line>'y</line></par>
</text>
</block>
<block><region><rect/></region>
<text>
<par/>
</text>
</block>
<block><region><rect/></region>
<text>
<par>
<line>1</line></par>
</text>
</block>
<block><region><rect/></region>
<text>
<par>
<line>&gt;</line></par>
</text>
</block>
<block><region><rect/></region>
<text>
<par/>
</text>
</block>
<block><region><rect/></region>
<text>
<par>
<line>a?:</line></par>
</text>
</block>
<block><region><rect/></region>
<text>
<par>
<line>'^CS.</line></par>
</text>
</block>
<block><region><rect/></region>
<text>
<par>
<line>fl</line></par>
</text>
</block>
<block><region><rect/></region>
<text>
<par>
<line>A’(/e</line></par>
</text>
</block>
<block><region><rect/></region>
<text>
<par/>
</text>
</block>
<block><region><rect/></region>
<text>
<par/>
</text>
</block>
<block><region><rect/></region>
<text>
<par/>
</text>
</block>
<block><region><rect/></region>
<text>
<par>
<line>m.</line></par>
</text>
</block>
<block><region><rect/><rect/><rect/></region>
<text>
<par>
<line>m</line></par>
</text>
</block>
<block><region><rect/></region>
<text>
<par/>
</text>
</block>
<block><region><rect/></region>
<text>
<par/>
</text>
</block>
<block><region><rect/></region>
<text>
<par>
<line>n</line></par>
</text>
</block>
<block><region><rect/></region>
<text>
<par>
<line>w,</line></par>
</text>
</block>
<block><region><rect/></region>
<text>
<par>
<line>WA</line></par>
</text>
</block>
<block><region><rect/></region>
<text>
<par/>
</text>
</block>
<block><region><rect/></region>
<text>
<par>
<line>3</line></par>
</text>
</block>
<block><region><rect/></region>
<text>
<par>
<line>‘tm</line></par>
</text>
</block>
<block><region><rect/></region>
<text>
<par>
<line>m</line></par>
</text>
</block>
<block><region><rect/></region>
<text>
<par/>
</text>
</block>
<block><region><rect/></region>
<text>
<par/>
</text>
</block>
<block><region><rect/></region>
<text>
<par>
<line>ni'</line></par>
</text>
</block>
<block><region><rect/></region>
<text>
<par>
<line>r</line></par>
</text>
</block>
<block><region><rect/></region>
<text>
<par>
<line>m</line></par>
</text>
</block>
<block><region><rect/></region>
<text>
<par/>
</text>
</block>
<block><region><rect/></region>
<text>
<par>
<line>n</line></par>
</text>
</block>
<block><region><rect/></region>
<text>
<par>
<line>c.</line></par>
</text>
</block>
<block><region><rect/></region>
<text>
<par>
<line>I</line></par>
</text>
</block>
<block><region><rect/></region>
<text>
<par>
<line>m</line></par>
</text>
</block>
<block><region><rect/></region>
<text>
<par>
<line>m</line></par>
</text>
</block>
<block><region><rect/></region>
<text>
<par>
<line>-T]</line></par>
</text>
</block>
<block><region><rect/></region>
<text>
<par>
<line>J3</line></par>
</text>
</block>
<block><region><rect/></region>
<text>
<par>
<line>r</line></par>
</text>
</block>
<block><region><rect/></region>
<text>
<par>
<line>O</line></par>
</text>
</block>
<block><region><rect/></region>
<text>
<par>
<line>N</line></par>
</text>
</block>
<block><region><rect/></region>
<text>
<par>
<line>O</line></par>
</text>
</block>
<block><region><rect/></region>
<text>
<par>
<line>n</line></par>
</text>
</block>
<block><region><rect/></region>
<text>
<par>
<line>O</line></par>
</text>
</block>
<block><region><rect/></region>
<text>
<par>
<line>c</line></par>
</text>
</block>
<block><region><rect/></region>
<text>
<par>
<line>&gt;</line></par>
</text>
</block>
<block><region><rect/></region>
<text>
<par>
<line>m</line></par>
</text>
</block>
<block><region><rect/></region>
<text>
<par>
<line>en</line></par>
</text>
</block>
<block><region><rect/></region>
<text>
<par>
<line>D</line></par>
</text>
</block>
<block><region><rect/></region>
<text>
<par>
<line>&gt;</line></par>
</text>
</block>
<block><region><rect/></region>
<text>
<par/>
</text>
</block>
<block><region><rect/></region>
<text>
<par>
<line>&gt;</line></par>
</text>
</block>
<block><region><rect/></region>
<text>
<par>
<line>I)</line></par>
</text>
</block>
<block><region><rect/></region>
<text>
<par>
<line>m</line></par>
</text>
</block>
<block><region><rect/></region>
<text>
<par>
<line>c</line></par>
</text>
</block>
<block><region><rect/></region>
<text>
<par>
<line>JJ</line></par>
</text>
</block>
<block><region><rect/></region>
<text>
<par>
<line>O</line></par>
</text>
</block>
<block><region><rect/></region>
<text>
<par>
<line>■H</line></par>
</text>
</block>
<block><region><rect/></region>
<text>
<par>
<line>Z</line></par>
</text>
</block>
<block><region><rect/></region>
<text>
<par>
<line>O</line></par>
</text>
</block>
<block><region><rect/></region>
<text>
<par>
<line>O</line></par>
</text>
</block>
<block><region><rect/></region>
<text>
<par>
<line>J)</line></par>
</text>
</block>
<block><region><rect/></region>
<text>
<par>
<line>r</line></par>
</text>
</block>
<block><region><rect/></region>
<text>
<par>
<line>CO</line></par>
</text>
</block>
<block><region><rect/></region>
<text>
<par>
<line>O</line></par>
</text>
</block>
<block><region><rect/></region>
<text>
<par>
<line>CO</line></par>
</text>
</block>
<block><region><rect/></region>
<text>
<par>
<line>m</line></par>
</text>
</block>
<block><region><rect/></region>
<text>
<par>
<line>m</line></par>
</text>
</block>
<block><region><rect/></region>
<text>
<par>
<line>2</line></par>
</text>
</block>
<block><region><rect/></region>
<text>
<par>
<line>13</line></par>
</text>
</block>
<block><region><rect/></region>
<text>
<par>
<line>rn</line></par>
</text>
</block>
<block><region><rect/></region>
<text>
<par>
<line>Z</line></par>
</text>
</block>
<block><region><rect/></region>
<text>
<par>
<line>O</line></par>
</text>
</block>
<block><region><rect/></region>
<text>
<par>
<line>H</line></par>
</text>
</block>
<block><region><rect/></region>
<text>
<par>
<line>JJ</line></par>
</text>
</block>
<block><region><rect/></region>
<text>
<par>
<line>7- LL</line></par>
</text>
</block>
<block><region><rect/></region>
<text>
<par>
<line>V C</line></par>
</text>
</block>
<block><region><rect/></region>
<text>
<par>
<line>—I</line></par>
</text>
</block>
<block><region><rect/></region>
<text>
<par>
<line>O-</line></par>
</text>
</block>
<block><region><rect/></region>
<text>
<par>
<line>s 9,</line></par>
</text>
</block>
<block><region><rect/></region>
<text>
<par>
<line>6 '-&lt;</line></par>
</text>
</block>
<block><region><rect/></region>
<text>
<par>
<line>?5/</line></par>
</text>
</block>
<block><region><rect/></region>
<text>
<par>
<line>A —</line></par>
</text>
</block>
<block><region><rect/></region>
<text>
<par>
<line>Ln roj</line></par>
</text>
</block>
<block><region><rect/></region>
<text>
<par>
<line>tû O</line></par>
</text>
</block>
<block><region><rect/></region>
<text>
<par>
<line>^ O —</line></par>
</text>
</block>





























































































<block blockType="Picture" blockName="" l="2877" t="1204" r="2912" b="1330"><region><rect/></region>
</block>
<block blockType="Picture" blockName="" l="4065" t="1457" r="4149" b="1536"><region><rect/></region>
</block>
</page>
</AC2>