<?xml version="1.0" encoding="UTF-8"?><AC2>
<page width="1653" height="2338" resolution="200">
<block><region><rect/></region>
<text>
<par>
<line>REPUBLIQUE FRANÇAISE</line></par>
</text>
</block>
<block><region><rect/></region>
<text>
<par/>
</text>
</block>
<block><region><rect/></region>
<text>
<par/>
</text>
</block>
<block><region><rect/></region>
<text>
<par/>
</text>
</block>
<block><region><rect/><rect/><rect/><rect/></region>
<text>
<par>
<line>PREMIER MINISTRE</line></par>
<par>
<line>^èm</line></par>
<par>
<line>—;-j''MA)jr'</line></par>
</text>
</block>
<block><region><rect/></region>
<text>
<par>
<line>— _</line></par>
</text>
</block>
<block><region><rect/></region>
<text>
<par>
<line>NOR :</line></par>
</text>
</block>
<block><region><rect/></region>
<text>
<par/>
</text>
</block>
<block><region><rect/></region>
<text>
<par/>
</text>
</block>
<block><region><rect/></region>
<text>
<par>
<line>5^9</line></par>
</text>
</block>
<block><region><rect/></region>
<text>
<par/>
</text>
</block>
<block><region><rect/></region>
<text>
<par>
<line>A</line></par>
</text>
</block>
<block><region><rect/></region>
<text>
<par>
<line>O</line></par>
</text>
</block>
<block><region><rect/></region>
<text>
<par>
<line>9</line></par>
</text>
</block>
<block><region><rect/></region>
<text>
<par>
<line>O</line></par>
</text>
</block>
<block><region><rect/></region>
<text>
<par>
<line>i)</line></par>
</text>
</block>
<block><region><rect/></region>
<text>
<par>
<line>DECRET</line></par>
</text>
</block>
<block><region><rect/></region>
<text>
<par/>
</text>
</block>
<block><region><rect/></region>
<text>
<par>
<line>.c</line></par>
</text>
</block>
<block><region><rect/></region>
<text>
<par>
<line>(M 12^^'</line></par>
</text>
</block>
<block><region><rect/></region>
<text>
<par>
<line>Portant ciassenSent parmi^s sites du département du Finistère de l'ensemble formé</line>
<line>par ra&gt;Baie d^Audierne^ur le 'territoire des communes de Penmarc'h, Plomeur,</line></par>
</text>
</block>
<block><region><rect/><rect/><rect/><rect/></region>
<text>
<par>
<line>PlonéQur&gt;n^nverf</line></par>
<par>
<line>■</line></par>
</text>
</block>
<block><region><rect/></region>
<text>
<par>
<line>Sur</line></par>
</text>
</block>
<block><region><rect/><rect/></region>
<text>
<par>
<line>an, Saint-jean-Troiimon, Tréguennec</line>
<line>LE PREMIER MINISTRE</line></par>
</text>
</block>
<block><region><rect/><rect/></region>
<text>
<par>
<line>TTt Tl'COgQt^-</line></par>
<par>
<line>D.R.A.i</line></par>
<par>
<line>Muméro :</line></par>
</text>
</block>
<block><region><rect/></region>
<text>
<par>
<line>.M9NE</line></par>
</text>
</block>
<block><region><rect/></region>
<text>
<par>
<line>3ok5</line></par>
</text>
</block>
<block><region><rect/><rect/><rect/><rect/><rect/><rect/></region>
<text>
<par>
<line>! Arrivé )e: ««</line></par>
<par>
<line>, , . ,_. Juin</line></par>
<par>
<line>rport du secrétaire d’Etat auprès du PremfLi MiiûüLiej rhFir.</line>
<line>’EfiVl'f^OfTfiement et de la prévention des risques technologiques et naturels majeur^</line></par>
<par>
<line>VU la loi du 2 mai 1930 réorganisant la protection des monuments naturels et des</line>
<line>sites de caractère artistique, historique, scientifique, légendaire ou pittoresque,</line>
<line>modifiée par la loi n® 67-1174 du 28 décembre 1967 et en particulier ses artcs</line>
<line>5.1, 6, 7, 8 et 12 ensemble le décret n° 69.607 du 13 juin 1969 pris pour son</line>
<line>application ;</line></par>
<par>
<line>VU les résultats de l'enquête administrative prescrite par arrêté préfectoral</line>
<line>en date du 20 septembre 1985 ;</line></par>
<par>
<line>VU l’avis émis par la Commission Départementale des Sites, Perspectives et</line>
<line>Paysages du Finistère en date du 10 juillet 1986 ; . --</line></par>
<par>
<line>VU l'avis émis par la Commission Supérieure des Sites, Perspectives et Paysages</line>
<line>en date du 2 juillet 1987 ;</line></par>
<par>
<line>VU l'avis émis par le Ministre chargé du Budget auprès du Ministre d'Etat de</line>
<line>l'Economie, des Finances et de la Privatisation dans sa lettre en date du 10</line>
<line>février 1988 ;</line></par>
<par>
<line>VU l'avis émis par le Ministre délégué auprès du Ministre des Transports et de la</line>
<line>Mer, chargé de la Mer dans sa lettre en date du 17 février 1989 ;</line></par>
<par>
<line>Le Conseil d'Etat (Section des travaux publics) entendu ;</line></par>
<par>
<line>Considérant que la conservation du site de la Baie d'Audierne, en raison de son</line></par>
<par>
<line>caractère pittoresque et scientifique, présente un intérêt générai au sens de l'article</line></par>
<par>
<line>4 de la loi du 2 mai 1930 susvisée ;</line></par>
</text>
</block>
<block><region><rect/></region>
<text>
<par>
<line>DECRETE</line></par>
</text>
</block>
<block><region><rect/></region>
<text>
<par>
<line>Article 1er : Est classé parmi les sites du département du Finistère, l'ensemble</line>
<line>formé par la Baie d'Audierne sur les communes de PLOVAN, TREOGAT,</line>
<line>TREGUENNEC, SAINT-HEAN-TROLIMON, PLONEOUR-LANVERN, PLOMEUR et</line>
<line>PENMARC'H, et son domaine public maritime délimités comme^suit, conformément</line>
<line>à la carte au 1/25000® et aux plans cadastraux annexés au présent décret.</line></par>
</text>
</block>
<block><region><rect/></region>
<text>
<par/>
</text>
</block>
<block><region><rect/></region>
<text>
<par/>
</text>
</block>
<block><region><rect/></region>
<text>
<par>
<line>J-O-N» 0 8 8 H AVft. 1989</line></par>
</text>
</block>


















</page>
<page width="1672" height="2352" resolution="200">
<block><region><rect/></region>
<text>
<par>
<line>« *</line></par>
</text>
</block>
<block><region><rect/></region>
<text>
<par/>
</text>
</block>
<block><region><rect/></region>
<text>
<par>
<line>2 -</line></par>
</text>
</block>
<block><region><rect/></region>
<text>
<par>
<line>Le site comporte 4 secteurs définis comme suit dans le sens des aiguilles</line>
<line>d’une montre et du Nord au Sud.</line></par>
<par>
<line>1er secteur : - ETANGS DE KERGALAN ET DE NERIZELEC</line>
<line>PLOVAN</line>
<line>Section ZB.</line></par>
<par>
<line>Point d'origne : intersection de la limite du domaine public maritime avec la limite</line>
<line>commune des parcelles 62 et 63.</line></par>
<par>
<line>Limite Nord-Ouest de la parcelle 63.</line></par>
<par>
<line>Limites Nord-Est, Est et Sud-Est de la parcelle 67.</line></par>
<par>
<line>Limite Nord-Est des parcelles 66, 161 et 160.</line></par>
<par>
<line>Section ZN.</line></par>
<par>
<line>Limite Nord-Est des parcelles 140, 68 et 138.</line></par>
<par>
<line>Limite Nord en partie de la parcelle 133.</line></par>
<par>
<line>Limite Est de la parcelle 133.</line></par>
<par>
<line>Limites Nord et Sud de la parcelle 37a.</line></par>
<par>
<line>Limite Est des parcelles 73 et 75.</line></par>
<par>
<line>Limite Sud-Est des parcelles 131, 79, 77 et 131, rejoignant ainsi la limite du</line>
<line>domaine public maritime.</line></par>
<par>
<line>2eme secteur : - GRAND SITE DE LA BAIE D’AUDIËRNE</line>
<line>Point d'origine :</line></par>
<par>
<line>intersection de la voie communale n® 3 au bourg Kergalan avec le</line>
<line>domaine public maritime du Nord vers le Sud.</line></par>
<par>
<line>PLOVAN</line></par>
</text>
</block>
<block><region><rect/></region>
<text>
<par>
<line>Section ZL.</line></par>
<par>
<line>Limite Nord des parcelles 297 et 198.</line></par>
<par>
<line>Limites Nord et Est de la parcelle 197.</line></par>
<par>
<line>Limites Nord (en partie) et Est de la parcelle 262.</line>
<line>Limite Est des parcelles 78 et 263.</line></par>
<par>
<line>Limite Sud en partie de la parcelle 263.</line></par>
<par>
<line>Limite Est en partie de la parcelle 83.</line></par>
<par>
<line>Limite Nord des parcelles 67, 68a et 68b.</line></par>
</text>
</block>
<block><region><rect/></region>
<text>
<par>
<line>.../...</line></par>
</text>
</block>





</page>
<page width="1669" height="2350" resolution="200">
<block><region><rect/></region>
<text>
<par>
<line>- 3 -</line></par>
</text>
</block>
<block><region><rect/></region>
<text>
<par>
<line>Limite Est en partie de la parcelle 68b.</line></par>
<par>
<line>Limites Nord et Est pour partie de la parcelle 250d.</line></par>
<par>
<line>Limite Nord de la parcelle 36a.</line></par>
<par>
<line>Limite Nord et Est de la parcelle 56b.</line></par>
<par>
<line>Limite Nord en partie de la parcelle 57.</line></par>
<par>
<line>Limites Nord et Est de la parcelle 54.</line></par>
<par>
<line>Chemin de remembrement depuis l'angle Est de la parcelle 54 jusqu'à l'angle Est de</line>
<line>la parcelle 51 ; franchissement du chemin de remembrement.</line></par>
<par>
<line>Ligne fictive reliant l'angle Est de la parcelle 51 à l’angle Est de la parcelle 46b,</line>
<line>franchissement du chemin de remembrement.</line></par>
<par>
<line>Limite Nord en partie de la parcelle 26.</line></par>
<par>
<line>Limite Nord en partie de la parcelle 25a jusqu'à l'angle Sud-Est de la parcelle 174.</line>
<line>Ligne fictive reliant l'angle Sud-Est de la parcelle 174 à l'angle Nord-Ouest de la</line>
<line>parcelle 24.</line></par>
<par>
<line>Limites Nord et Est de la parcelle 24.</line></par>
<par>
<line>Limite Sud en partie de la parcelle 24.</line></par>
<par>
<line>Section ZK.</line></par>
<par>
<line>Limite Est de la parcelle 323.</line></par>
<par>
<line>Ligne fictive joignant l'angle Sud de la parcelle 325 à l'angle Nord de la parcelle</line>
<line>322.</line></par>
<par>
<line>Limite Nord-Est de la parcelle 322.</line></par>
<par>
<line>Limite Nord-Ouest (en partie) de la parcelle 321.</line></par>
<par>
<line>Ligne fictive reliant l'angle Nord-Ouest de la parcelle 321 à l'angle Nord-Ouest de</line>
<line>la parcelle 104.</line></par>
<par>
<line>Limite Nord des parcelles 104, 328 et 105.</line></par>
<par>
<line>Limite Nord-Est et limite Sud-Est en partie de la parcelle 106.</line></par>
<par>
<line>Limite Est des parcelles 308 et 309.</line></par>
<par>
<line>Limite Nord des parcelles 310, 311 et 300.</line></par>
<par>
<line>Limites Ouest, Nord-Ouest et Nord de la parcelle 302.</line></par>
<par>
<line>Limite Nord des parcelles 301, 295, 294 et 290.</line></par>
<par>
<line>Traversée de la voie communale n® 2 de Plovan à PIonéour-Lanvern.</line></par>
<par>
<line>Limites Ouest et Nord de la parcelle 284.</line></par>
<par>
<line>Limite Nord des parcelles 283, 282 et 281.</line></par>
<par>
<line>Traversée de la voie communale n° 2 et côté Nord en partie de la parcelle 279</line>
<line>jusqu'à la limite communale entre Plovan et Tréogat.</line></par>
<par>
<line>TREOGAT</line></par>
</text>
</block>
<block><region><rect/></region>
<text>
<par>
<line>Section ZA.</line></par>
<par>
<line>Limite Nord-Est et Est de la parcelle 29.</line></par>
<par>
<line>Limite Sud des parcelles 28, 27, 26, 25, 24a, 23a et 21b.</line></par>
<par>
<line>Limite Est de la parcelle 21c.</line></par>
<par>
<line>Limite Sud des parcelles 21b, 15 et 13.</line></par>
<par>
<line>Ligne fictive reliant à travers les parcelles 12 et 5 l'angle Sud-Ouest de la parcelle</line>
<line>13 à l'intersection formée par le chemin d'exploitation n° 4 et le chemin</line>
<line>d'exploitation n® 3.</line></par>
<par>
<line>Chemin d'exploitation n® 3 et son prolongement jusqu'à la limite des parcelles 74 et</line>
<line>75.</line></par>
<par>
<line>Limites Nord-Est et Sud-Est de la parcelle 75.</line></par>
</text>
</block>
<block><region><rect/></region>
<text>
<par>
<line>.../...</line></par>
</text>
</block>


</page>
<page width="1666" height="2347" resolution="200">
<block><region><rect/></region>
<text>
<par>
<line>- 4 -</line></par>
</text>
</block>
<block><region><rect/></region>
<text>
<par>
<line>Section Bl.</line></par>
<par>
<line>Limite Sud-Est pour la partie de la parcelle 1058.</line></par>
<par>
<line>Limite Nord-Est de la parcelle n® 2.</line></par>
<par>
<line>Limites Nord-Est et Sud-Est de la parcelle 961.</line></par>
<par>
<line>Ligne fictive reliant l’angle Sud de la parcelle 961 à l'angle Sud de la parcelle 7.</line>
<line>Ligne fictive reliant à travers les parcelles 10, 1121, 13, 1116,1053, 19, 1022, 1021,</line>
<line>1020 et 1019, l'angle Sud de la parcelle 7 à l'angle Sud de la parcelle 1019.</line>
<line>Limite Sud-Ouest delà parcelle 1019.</line></par>
<par>
<line>Limite Sud de la parcelle 31 puis ligne fictive reliant à travers la parcelle 35</line>
<line>l'angle Sud-Ouest de la parcelle 31 à l'angle Sud-Ouest de la parcelle 35.</line>
<line>Limite Sud des parcelles 36 et 37.</line></par>
<par>
<line>Limite Sud-Est de la parcelle 964.</line></par>
<par>
<line>Franchissement de la voie communale n® 1 reliant Tréogat à la mer.</line></par>
<par>
<line>Limite Nord des parcelles 1063, 1064 et 965.</line></par>
<par>
<line>Section ZH.</line></par>
<par>
<line>Limites Nord-Ouest et Nord-Est de la parcelle 1.</line></par>
<par>
<line>Franchissement du chemin d'exploitation n® 53.</line></par>
<par>
<line>Limites Nord-Ouest, Nord-Est et Sud pour partie de la parcelle 213a.</line></par>
<par>
<line>Limite Est de la parcelle 11.</line></par>
<par>
<line>Traversée de la parcelle 158 dans le prolongement de la limite des parcelles il et</line></par>
<par>
<line>12.</line></par>
<par>
<line>Limite Nord pour partie et limite Nord-Est de la parcelle 155a.</line></par>
<par>
<line>Ligne fictive reliant à travers les parcelles 155b, 154, 153, I52b et 150 l’angle Est</line>
<line>de la parcelle 155a à l'extrémité Nord-Ouest du chemin d'exploitation n® 67</line>
<line>cadastré 149.</line></par>
<par>
<line>Limites Nord-Est pour partie et Sud-Est pour partie de la parcelle 150.</line>
<line>Limite Est de la parcelle 147.</line></par>
<par>
<line>Section B2 et ZH.</line></par>
</text>
</block>
<block><region><rect/></region>
<text>
<par>
<line>Limite Nord des parcelles 843 et 835.</line></par>
<par>
<line>Ligne fictive reliant l'angle Nord de la parcelle 835 à l'angle Sud de la parcelle 129</line>
<line>de la section ZH coupant la parcelle 130 de la section ZH et la parcelle 825a de la</line>
<line>section B2,</line></par>
</text>
</block>
<block><region><rect/></region>
<text>
<par>
<line>Section ZH.</line></par>
<par>
<line>Ligne fictive reliant à travers les parcelles 129 et 128 l'angle Sud de la</line>
<line>parcelle 129 à l'angle Nord de la parcelle 128.</line></par>
<par>
<line>Franchissement de la voie communale n® 7 de Tréogat à Trunvel.</line></par>
<par>
<line>Limite Sud des parcelles 137 en partie et 136.</line></par>
<par>
<line>Limite Est en partie de la parcelle 136</line>
<line>Limite Nord de la parcelle 134b,</line></par>
<par>
<line>Franchissement de la voie communale n® 7,</line></par>
<par>
<line>Limite Nord des parcelles 117, 116, 215a et 215b,</line></par>
</text>
</block>
<block><region><rect/></region>
<text>
<par/>
</text>
</block>




</page>
<page width="1668" height="2349" resolution="200">
<block><region><rect/></region>
<text>
<par>
<line>- 5 -</line></par>
</text>
</block>
<block><region><rect/></region>
<text>
<par>
<line>Section ZE»</line></par>
<par>
<line>Ligne fictive reliant à travers les parcelles 115c,, 115d, 115e et 110 l'angle</line>
<line>Nord-Est de la parcelle 215b (section ZH) à l'angle Ouest de la parcelle 109.</line>
<line>Limites Ouest et Sud-Ouest de la parcelle 109.</line></par>
<par>
<line>Limite Nord des parcelles 269 en partie et 26S.</line></par>
<par>
<line>Limite Est en partie de la parcelle 268.</line></par>
<par>
<line>Limite Nord et limite Est en partie de la parcelle 264.</line></par>
<par>
<line>Limite Nord et limite Est en partie de la parcelle 263.</line></par>
<par>
<line>Limite Nord des parcelles 262, 255, 254, 252 et 251.</line></par>
<par>
<line>Limite Est des parcelles 251 et 250.</line></par>
<par>
<line>Limite Sud en partie de la parcelle 250 jusqu'au point de jonction entre les</line>
<line>communes de Tréogat, Tréguennec et Plonéour-Lanvern</line></par>
<par>
<line>TREGUENNEC</line></par>
</text>
</block>
<block><region><rect/></region>
<text>
<par>
<line>Section ZB.</line></par>
<par>
<line>Limite Nord-Est de la parcelle 17.</line></par>
<par>
<line>Limites Nord-Est et Sud-Est de la parcelle 18.</line></par>
<par>
<line>Ligne fictive reliant à travers les parcelles 22b et 22a l'angle Sud de la parcelle 18</line>
<line>à l'angle Sud-Est de la parcelle i53c.</line></par>
<par>
<line>Limite Sud des parcelles 153c, 153b, i54b, 25b.</line></par>
<par>
<line>Ligne fictive reliant à travers les parcelles 26b et 26a l'angle Sud-Ouest de la</line>
<line>parcelle 25b à l'angle Sud-Est de la parcelle 36.</line></par>
<par>
<line>Limites Sud et Ouest en partie de la parcelle 36.</line></par>
<par>
<line>Limite Sud des parcelles 37, 268, 267, 50a, 43, 49, 48, 47, 46a.</line></par>
<par>
<line>Limites Sud et Ouest de la parcelle 160.</line></par>
<par>
<line>Section ZA.</line></par>
<par>
<line>Limites Sud et Ouest de la parcelle 169.</line></par>
<par>
<line>Limite Sud-Est des parcelles 40, 163, 25, 161b.</line></par>
<par>
<line>Limite Sud des parcelles 13, 17, 18 et 6 en partie.</line></par>
<par>
<line>Limite Est de la parcelle 181b jusqu'à l'angle Sud-Ouest de la parcelle 127.</line>
<line>Ligne fictive reliant à travers la parcelle 181b cet angle à l'angle Nord-Est de la</line>
<line>parcelle 129.</line></par>
<par>
<line>Limite Est de la parcelle 129.</line></par>
<par>
<line>Limite Sud des parcelles 129, 130, 132b, 133b, 134b, 136 et 135.</line></par>
<par>
<line>Section A2.</line></par>
<par>
<line>Limites Nord-Ouest et Ouest de la parcelle 246.</line></par>
<par>
<line>Limite Nord-Est de la parcelle 262.</line></par>
<par>
<line>Ligne fictive reliant à travers la parcelle 1211 l'angle Est de la parcelle 262 à</line>
<line>l'angle Nord de la parcelle 255.</line></par>
<par>
<line>Limite Nord-Est de la parcelle 255.</line></par>
<par>
<line>De l'angle Est de la parcelle 255 de la section A2 jusqu'à l'angle Nord de la</line>
<line>parcelle 91 de la section Al, la limite est constituée par le Chemin Départemental</line>
<line>156 de la mer à Quimper.</line></par>
</text>
</block>
<block><region><rect/></region>
<text>
<par>
<line>.../...</line></par>
</text>
</block>




</page>
<page width="1665" height="2347" resolution="200">
<block><region><rect/></region>
<text>
<par>
<line>Section Al</line></par>
</text>
</block>
<block><region><rect/></region>
<text>
<par>
<line>- 6</line></par>
</text>
</block>
<block><region><rect/></region>
<text>
<par>
<line>Limite Est des parcelles 91, 86, 234, 233, 232, 231, 228, 2273, 226.</line></par>
<par>
<line>Ligne fictive franchissant la voie communale n® 3 des Palus au Vieux Bourg et</line>
<line>reliant à travers les parcelles 224 et 223 l'angle Est de la parcelle 226 à l'angle</line>
<line>Sud-Est de la parcelle 223.</line></par>
<par>
<line>Section ZE.</line></par>
<par>
<line>Ligne fictive reliant à travers la parcelle 2 l'angle Sud-Est de la parcelle 223 de la</line>
<line>section Al à l'angle Sud-Est de la parcelle 2.</line></par>
<par>
<line>Limite Est de la parcelle 6.</line></par>
<par>
<line>Section ZH.</line></par>
<par>
<line>Franchissement de la voie communale n® 3.</line></par>
<par>
<line>Limites Nord-Ouest et Est de la parcelle 18.</line></par>
<par>
<line>Limite Nord-Ouest en partie de la parcelle 9.</line></par>
<par>
<line>Limite Nord des parcelles 10, 11, 12 et 7.</line></par>
<par>
<line>SAINT-JEAN-TROLIMON - Partie Nord</line></par>
<par>
<line>Section A.</line></par>
<par>
<line>Limite Nord-Ouest des parcelles 1161, 1162, 1314, 1315 et 1141.</line></par>
<par>
<line>Limite Nord-Est en partie de la parcelle 1141.</line></par>
<par>
<line>Limite Nord des parcelles 1140 et 1131.</line></par>
<par>
<line>Limite Nord-Est de la parcelle 1132 et limite Nord-Est en partie de la parcelle</line>
<line>1115.</line></par>
<par>
<line>Section ZD.</line></par>
<par>
<line>Limite Nord-Ouest de la parcelle 2.</line></par>
<par>
<line>Limite Nord-Est des parcelles 2, 1, 87a et 93a.</line></par>
<par>
<line>Limites Nord-Ouest, Nord et Est de la parcelle 84a.</line></par>
<par>
<line>Limites Est et Sud de la parcelle 84b.</line></par>
<par>
<line>Limite Sud pour partie de la parcelle 94.</line></par>
<par>
<line>PLONEOUR-LANVERN</line></par>
<par>
<line>Section XB. . _</line></par>
<par>
<line>Limite Est de la parcelle 20b.</line></par>
<par>
<line>Limite Sud en partie de la parcelle 20b.</line></par>
<par>
<line>Limites Est et Sud de la parcelle 20a.</line></par>
<par>
<line>Limite Sud des parcelles 83, 18, 17a, 16a, 15a et 186.</line></par>
<par>
<line>Limites Sud et Ouest de la parcelle 185.</line></par>
<par>
<line>Limite Sud en partie de la parcelle 12.</line></par>
<par>
<line>Limites Est et Sud de la parcelle 187.</line></par>
<par>
<line>Limites Sud et Ouest de la parcelle 188.</line></par>
<par>
<line>Limite Ouest en partie de la parcelle 4.</line></par>
<par>
<line>Traversée d'un chemin non défini jusqu'à l'angle Sud de la parcelle 9 de la section</line>
<line>XC.</line></par>
</text>
</block>
<block><region><rect/></region>
<text>
<par>
<line>../...</line></par>
</text>
</block>






</page>
<page width="1668" height="2348" resolution="200">
<block><region><rect/></region>
<text>
<par>
<line>Section XC.</line></par>
</text>
</block>
<block><region><rect/></region>
<text>
<par>
<line>7 -</line></par>
</text>
</block>
<block><region><rect/></region>
<text>
<par>
<line>Limite Sud-Ouest en partie de la parcelle 9.</line></par>
<par>
<line>Limite Sud-Est de la parcelle 7.</line></par>
<par>
<line>Traversée du chemin de remembrement.</line></par>
<par>
<line>Limites Nord-Est de la parcelle 193.</line></par>
<par>
<line>Limite Sud-Est des parcelles 193, 192, 168, 167, 166, 165, 1 pour partie, 185, 184,</line>
<line>84, 83, 78 et 80.</line></par>
<par>
<line>SAINT-JEAN-TROLIMON - Partie Sud</line></par>
<par>
<line>Section B. - dite de Tronoan - 1ère feuille -</line></par>
<par>
<line>Limites Est et Sud de la parcelle 62.</line></par>
<par>
<line>Limite Sud des parcelles 63, 64, 58 à 47.</line></par>
<par>
<line>Limite Sud pour partie de la parcelle 46.</line></par>
<par>
<line>Limite Est des parcelles 42, 39, 162, 167 et 166.</line></par>
<par>
<line>Limite Sud des parcelles 167 et 193.</line></par>
<par>
<line>Traversée du chemin rural n® 1 dit de Tronoën.</line></par>
<par>
<line>Limites Nord, Est et Sud de la parcelle 192.</line></par>
<par>
<line>Limite Nord en partie de la parcelle 191.</line></par>
<par>
<line>Limites Est en partie et Nord en partie de la parcelle 1227.</line></par>
<par>
<line>Partie de la limite communale entre Saint-Jean-Trolimon et Plomeur.</line></par>
<par>
<line>PLOMEUR</line></par>
</text>
</block>
<block><region><rect/></region>
<text>
<par>
<line>Section A dite de la Palue - Feuille n® 1.</line></par>
<par>
<line>Limite Est des parcelles 2, 154, 1193, 144, 860 et 859.</line></par>
<par>
<line>Limite Sud en partie de la parcelle 859.</line></par>
<par>
<line>Section A dite de la Palue - feuille n® 4. ‘</line></par>
<par>
<line>Limite Ouest de la parcelle 626.</line></par>
<par>
<line>Limite Nord de la parcelle 625.</line></par>
<par>
<line>Limite Est des parcelles 625, 624, 623, 1271, 1273 et 1275.</line></par>
<par>
<line>Limite Sud en partie des parcelles 1275 et 1276.</line></par>
<par>
<line>Limite Est des parcelles 619 et 825.</line></par>
<par>
<line>Traversée de la voie communale n® 2 du CD 785 à la Torche.</line></par>
<par>
<line>Limite Nord des parcelles 674 et 890.</line></par>
<par>
<line>Limite Ouest des parcelles 980, 884 et 889.</line></par>
<par>
<line>Section B dite de Kerdranno - Feuille n® 1.</line></par>
<par>
<line>Limite Ouest des parcelles 1020, 1019, 1022, 1023, 903, 904, 909, 910, 915 et 916.</line></par>
<par>
<line>PENMARC*H</line></par>
</text>
</block>
<block><region><rect/></region>
<text>
<par>
<line>Section AH.</line></par>
<par>
<line>Limites Sud-Est des parcelles 43, 42, 1 1, 10, 7, 6, 38, 26, 25 et 24.</line></par>
</text>
</block>
<block><region><rect/></region>
<text>
<par>
<line>.../...</line></par>
</text>
</block>






</page>
<page width="1667" height="2348" resolution="200">
<block><region><rect/></region>
<text>
<par>
<line>8</line></par>
</text>
</block>
<block><region><rect/></region>
<text>
<par>
<line>Section AM.</line></par>
</text>
</block>
<block><region><rect/></region>
<text>
<par>
<line>Limite Sud-Est des parcelles 60 et 13.</line></par>
<par>
<line>Traversée au Nord-Est du carrefour reliant les parcelles 12, 58, 42, 59 et 13 jusqu'à la</line>
<line>parcelle 42.</line></par>
<par>
<line>Limite Nord des parcelles 42, 74, 75, 88, 89, 90 et 28.</line></par>
<par>
<line>Section AI.</line></par>
</text>
</block>
<block><region><rect/></region>
<text>
<par>
<line>Limite Nord des parcelles 42, 41 et 27.</line></par>
<par>
<line>Limites Nord et Est de la parcelle 26.</line></par>
<par>
<line>Limites Est et Sud pour partie de la parcelle 28.</line></par>
<par>
<line>Limites Est et Sud de la parcelle 35.</line></par>
<par>
<line>Limite Sud pour partie de la parcelle 36 jusqu'à la limite des sections AL et 2A.</line>
<line>Section AL.</line></par>
</text>
</block>
<block><region><rect/></region>
<text>
<par>
<line>Limite Est de la parcelle 9.</line></par>
<par>
<line>Limite Nord-Est des parcelles 10, 16, 17 et 19 jusqu'à la section ZO.</line>
<line>Section ZO.</line></par>
</text>
</block>
<block><region><rect/></region>
<text>
<par>
<line>Limites Nord, Est et Sud-Ouest de la parcelle 3.</line>
<line>Section ZP.</line></par>
</text>
</block>
<block><region><rect/></region>
<text>
<par>
<line>Ligne fictive reliant à travers les parcelles 49, 281 et 201a l'angle Nord-Est de la</line>
<line>parcelle 49 à l'angle Sud-Est de la parcelle 44.</line></par>
<par>
<line>Limite Sud de la parcelle 44.</line></par>
<par>
<line>Ligne fictive reliant à travers les parcelles 42, 41 et 40 l'angle Sud-Ouest</line>
<line>de la parcelle 44 à l'angle Sud-Est de la parcelle 216.</line></par>
<par>
<line>Limite Sud de la parcelle 216.</line></par>
<par>
<line>Ligne fictive reliant à travers les parcelles 38 et 37 puis franchissant un chemin non</line>
<line>dénommé l'angle Sud-Ouest de la parcelle 216 à l'angle Sud-Est de la parcelle 21.</line>
<line>Limite Nord-Est de la parcelle 21.</line></par>
<par>
<line>Ligne fictive reliant à travers les parcelles 22, 23, 24, 25, 273, 272 et 11</line>
<line>l'angle Nord de la parcelle 21 à l’angle Nord-Est de la parcelle 10a.</line></par>
<par>
<line>Limite Nord-Ouest et Ouest pour partie de la parcelle 10a.</line></par>
<par>
<line>Limite Nord de la parcelle 9. . - •</line></par>
<par>
<line>Limite Nord et Ouest de la parcelle 8a.</line></par>
<par>
<line>Limite Sud des parcelles 7 à 1.</line></par>
<par>
<line>Section AN.</line></par>
</text>
</block>
<block><region><rect/></region>
<text>
<par>
<line>.../...</line></par>
</text>
</block>
<block><region><rect/></region>
<text>
<par>
<line>Limite Sud des parcelles 25 à 19.</line></par>
</text>
</block>






</page>
<page width="1653" height="2338" resolution="200">
<block><region><rect/></region>
<text>
<par>
<line>9</line></par>
</text>
</block>
<block><region><rect/></region>
<text>
<par>
<line>Section ZR.</line></par>
</text>
</block>
<block><region><rect/></region>
<text>
<par>
<line>Limite Sud des parceiJes 107, 115, lOé, 13 et 14.</line>
<line>Limite Sud-Ouest de la parcelle 14.</line></par>
<par>
<line>Limite Sud des parcelles 10, 6, 5, 142, 143.</line>
<line>Limites Sud-Ouest et Sud de la parcelle 143.</line>
<line>Limite Sud de la parcelle 2</line>
<line>Limites Sud et Ouest de la parcelle 1.</line></par>
<par>
<line>Section ZS.</line></par>
</text>
</block>
<block><region><rect/></region>
<text>
<par>
<line>Limite Sud en partie de la parcelle 177.</line></par>
<par>
<line>Limites Sud et Ouest de la parcelle 175.</line></par>
<par>
<line>Ligne fictive reliant à travers la parcelle 168 l'angle Nord-Est de la parcelle 174 à</line>
<line>l'angle Sud-Ouest de la parcelle 156.</line></par>
<par>
<line>Limite Ouest des parcelles 156 et 157.</line></par>
<par>
<line>Ligne fictive dans le prolongement de la limite Ouest de la parcelle 157 coupant ainsi</line>
<line>les parcelles 147 et 146 jusqu'à la limite des sections ZS et AN.</line></par>
<par>
<line>Section AN.</line></par>
<par>
<line>Limites Sud en partie, Nord-Ouest et Nord de la parcelle 1.</line></par>
<par>
<line>Section AE.</line></par>
</text>
</block>
<block><region><rect/></region>
<text>
<par>
<line>Limite Ouest de la parcelle 54 sur une distance de 80m a partir du chemin des Marais.</line>
<line>Ligne fictive reliant à travers les parcelles 54, 53, 126, 52 et 125 ce point à l'angle</line>
<line>Nord-Ouest de la parcelle 141.</line></par>
<par>
<line>Limite Nord de la parcelle 141.</line></par>
<par>
<line>Ligne fictive joignant à travers les parcelles 50a, 159, 158 et 48 puis franchissant le</line>
<line>chemin de Lorch à TOui-Gwin et à travers les parcelles 62, 63 et 64 de la section AM</line>
<line>l'angle Nord-Est de la parcelle 141 de la section AE à l'angle Nord-Ouest de la</line>
<line>parcelle 86 de la section AM.</line></par>
<par>
<line>Section AM.</line></par>
</text>
</block>
<block><region><rect/></region>
<text>
<par>
<line>Limite Nord des parcelles 86 et 82.</line></par>
<par>
<line>Limite Ouest pour partie de la parcelle 84.</line>
<line>Limite Nord des parcelles 81, 85, 64, 63 et 62.</line></par>
<par>
<line>Section AE.</line></par>
</text>
</block>
<block><region><rect/></region>
<text>
<par>
<line>Limite Est de la parcelle 47.</line></par>
<par>
<line>Chemin des Câbles (c'est à dire la limite Sud des parcelles 205, 144, 195, 193, 191,</line>
<line>190, 24, 25, 26, 223, 224, 229, 230, 226, 225, 30 et 7).</line></par>
<par>
<line>Traversée de la voie communale n® 5.</line></par>
<par>
<line>Rue de la Plage, (c'est à dire la limite Sud des parcelles 232, 233, 5, 4, 3, 2, 188 et</line>
<line>187).</line></par>
</text>
</block>






</page>
<page width="1670" height="2350" resolution="200">
<block><region><rect/></region>
<text>
<par>
<line>10</line></par>
</text>
</block>
<block><region><rect/></region>
<text>
<par>
<line>Section AD.</line></par>
<par>
<line>Rue de la Plage (c'est à dire ia limite Sud des parcelles 168, 167, 165, puis la limite</line>
<line>Ouest des parcelles 164 à 159, 135 à 129).</line></par>
<par>
<line>Rue des Flots (c'est à dire la limite Est des parcelles 126, 127, 117, 116 et 114) puis</line>
<line>son prolongement jusqu'à l'océan.</line></par>
</text>
</block>
<block><region><rect/></region>
<text>
<par>
<line>3ème secteur : - ETANG DE LA JOIE.</line></par>
<par>
<line>PENMARC’H</line></par>
<par>
<line>Point d'origine : angle Sud-Ouest de la parcelle 276 section AR.</line>
<line>Section AR.</line></par>
</text>
</block>
<block><region><rect/></region>
<text>
<par>
<line>Limite Ouest de la parcelle 276.</line></par>
<par>
<line>Limites Ouest et Nord en parties de la parcelle 275.</line></par>
<par>
<line>Limite Ouest des parcelles 246 et 247.</line></par>
<par>
<line>Limite Nord des parcelles 247, 248, 240, 239, 230, 222, 218, 214 et 213-</line>
<line>Limite Est de ia parcelle 213 jusqu'à la section AS.</line></par>
<par>
<line>Section AS.</line></par>
</text>
</block>
<block><region><rect/></region>
<text>
<par>
<line>Limite Nord en partie de la parcelle 4.</line></par>
<par>
<line>Limite Est des parcelles 4 en partie 5, 6 et 7.</line></par>
<par>
<line>Limite Sud des parcelles 7 et 6.</line></par>
<par>
<line>Limite Sud-Est de la parcelle 8 jusqu'à la section AT.</line>
<line>Section AT.</line></par>
</text>
</block>
<block><region><rect/></region>
<text>
<par>
<line>Limites Nord, Est et Sud de la parcelle 2.</line></par>
<par>
<line>Limite Sud des parcelles 158, 8, 159, 9, 10, 11, 16 et 19.</line>
<line>Limite Ouest des parcelles 19, 20, 21, 22, 14, 160, 13, 7 et 5.</line>
<line>Limite Nord-Ouest pour partie de la parcelle 4.</line></par>
<par>
<line>Limite Ouest de la parcelle 154 jusqu'à la section AS.</line></par>
<par>
<line>Section AS.</line></par>
</text>
</block>
<block><region><rect/></region>
<text>
<par>
<line>Limite Sud-Ouest de la parcelle 1.</line></par>
<par>
<line>Limite Nord-Est de la parcelle 2 jusqu'à la section AR.</line></par>
</text>
</block>
<block><region><rect/></region>
<text>
<par>
<line>4ème secteur : - DOMAINE PUBLIC MARITIME.</line></par>
<par>
<line>Le long des parties terrestres classées ou non, une bande de 500m. de large ayant pour</line>
<line>origine l'intersection de la limite des parcelles n°62 et 63 (section ZB à PLOVAN) avec</line>
<line>le domaine public maritime, jusqu'à l'intersection de la prolongation de la limite Est</line>
<line>de la parcelle 114 (section AD à PENMARC'H) avec le domaine public maritime.</line></par>
</text>
</block>







</page>
<page width="1659" height="2343" resolution="200">
<block><region><rect/></region>
<text>
<par>
<line>11</line></par>
</text>
</block>
<block><region><rect/></region>
<text>
<par>
<line>A</line></par>
</text>
</block>
<block><region><rect/></region>
<text>
<par>
<line>Article 2 : Le Ministre de la mer (Direction des Ports et de la Navigation Maritimes -</line>
<line>Services des Phares et Balises) pourra, sans autorisation préalable, procéder aux</line>
<line>travaux de balisage et de signalisation maritime nécessaire au maintien de la sécurité</line>
<line>de la navigation.</line></par>
<par>
<line>Article 3 : Le présent décret sera notifié au Préfet,du Finistère, et aux maires des</line>
<line>communes concernées.</line></par>
<par>
<line>Article 4 : Le présent décret, la carte au 1/25 000e et les plans cadastraux annexés</line>
<line>pourront être consultés à la préfecture du Finistère det dans les mairies de Penmarc'h,</line>
<line>Plomeur, Plonéour-Lanvern, Plovan, Saint-Jean-Trolimon, Tréguennec et Tréogat.</line></par>
<par>
<line>Article 5 : Le secrétaire d'Etat auprès du Premier Ministre, chargé de l'Environnement</line>
<line>et de. la prévention des risques technologiques et naturels majeurs.</line></par>
<par>
<line>1 2 1989</line></par>
<par>
<line>Fait à Paris, le</line></par>
</text>
</block>
<block><region><rect/></region>
<text>
<par>
<line>Michel ROCARD</line></par>
</text>
</block>
<block><region><rect/></region>
<text>
<par>
<line>Par le Premier Ministre</line></par>
</text>
</block>
<block><region><rect/></region>
<text>
<par>
<line>Le Secrétaire d'Etat</line>
<line>auprès du Premier Ministre</line>
<line>chargé de 1'Environnement</line>
<line>et de la prévention</line>
<line>des risques technologiques</line>
<line>et naturels majeurs,</line></par>
</text>
</block>
<block><region><rect/></region>
<text>
<par>
<line>Brice LALONOE</line></par>
</text>
</block>
</page>
</AC2>