<?xml version="1.0" encoding="UTF-8"?><AC2>
<page width="1653" height="2338" resolution="200">
<block><region><rect/></region>
<text>
<par>
<line>BB./LR.</line></par>
</text>
</block>
<block><region><rect/></region>
<text>
<par>
<line>REPUBLIQUE FRANÇAISE</line></par>
</text>
</block>
<block><region><rect/></region>
<text>
<par>
<line>SECRETARIAT D^ETAT A LA</line>
<line>CULTURE ...</line></par>
</text>
</block>
<block><region><rect/></region>
<text>
<par>
<line>A R R E T .E</line></par>
</text>
</block>
<block><region><rect/></region>
<text>
<par>
<line>DIRECTION DE L'ARCHITECTURE</line></par>
</text>
</block>
<block><region><rect/></region>
<text>
<par>
<line>SECRETARIAT .D'ETAT A,:</line>
<line>L'ENVIRONNEMENT</line></par>
</text>
</block>
<block><region><rect/></region>
<text>
<par>
<line>MISSION POUR L'ENVIRONNEMENT</line>
<line>RURAL ET URBAIN</line></par>
</text>
</block>
<block><region><rect/></region>
<text>
<par>
<line>Le Secr^tadre d'Etat à ,1a.Culture</line></par>
</text>
</block>
<block><region><rect/></region>
<text>
<par>
<line>Le : Secrétaire ^d'Etat.à ,1’Environnement</line></par>
</text>
</block>
<block><region><rect/></region>
<text>
<par>
<line>VU la loi du 2 mai 1930 réorganisant la protection des</line></par>
<par>
<line>monuments naturéls et des sites de caractère .artistique,</line>
<line>historique, scientifique, légendaire ou pittqresque,</line>
<line>modifiée par la loi n® du 28 décembre 196? ;</line></par>
<par>
<line>VU le décret n° 69«607 du 13 juin 1969'por-tant application</line>
<line>des articles 4 et 5-»1 de la loi du’*2 mai 1930 sur la</line>
<line>protection des sites 5</line></par>
<par>
<line>VU la loi du 12 avril 194-3 portant réglementation de la</line></par>
<par>
<line>publicité et des enseignes et notamment les articles 3 et 9</line></par>
<par>
<line>VU le décret du 9 février I968 portant application du décret du</line>
<line>7 février 1939 modifié, relatif au camping, et notamment les</line>
<line>articles 2 et 6 ;</line></par>
<par>
<line>VU le décret n'= 72.37 du 11 janvier 1972 relatif au stationne¬</line>
<line>ment des caravanes et notamment les articles 3? 7î 9 et 10 ;</line></par>
<par>
<line>VU le décret n° 70.288 du 31 mars 'I97O"relatif "’â 'la composition</line>
<line>et au fonctionnement des' commissions départementales et</line>
<line>supérieures des sites ;</line></par>
<par>
<line>VU l'avis donné le 26 janvier 19,72 par , le conseil municipal de</line>
<line>RANGE ;</line></par>
</text>
</block>
<block><region><rect/></region>
<text>
<par>
<line>VU l'avis donné le 26 janvier 1972 par'le conseil municipal de</line>
<line>PLECHATEL ;</line></par>
<par>
<line>♦ n.?' '■ ■ ■ ' « ,</line></par>
<par>
<line>VU l'avis donné le I6 janvier 1972 par le conseil municipal de</line>
<line>POLIGNE ; ^</line></par>
</text>
</block>
<block><region><rect/></region>
<text>
<par>
<line>VU la délibération du 24 Mars 1972 de la-commission des sites,</line>
<line>perspectives et paysages du département d'ILLE ET VILAINE ;</line></par>
</text>
</block>

</page>
<page width="1666" height="2347" resolution="200">
<block><region><rect/></region>
<text>
<par>
<line>2 -</line></par>
</text>
</block>
<block><region><rect/></region>
<text>
<par>
<line>ARRETENT</line></par>
</text>
</block>
<block><region><rect/></region>
<text>
<par>
<line>Article 1er - Est inscrit sur- 1'inventaire des sites pittores-</line>
<line>ques du départe^ipnt d*ILLE ET VILAINE l'ensemble formé ^sur les</line>
<line>communes de PANCE, PLECHATEL, POLIGNE par le site du Té'ÿtre</line>
<line>Gris et du Bois de la Saudrais et délimité comme suit dans lé</line>
<line>sens des aigiailles d'une montre :</line></par>
<par>
<line>Au Nord depuis la limite des communes PANGE/POLIGNE</line>
<line>COMMUNE DE PANCE (Section D feuille 1) ^</line></par>
<par>
<line>- du point ‘origine, les limites Nord, Est, Sud de -la parcelle</line>
<line>n° 32 (Bois de la Saudrais) jusqu'à son intersection avec/ls</line>
<line>C.D* n° 47, dé Bourg-des' Comptes à Cuillé</line></par>
<par>
<line>- le chemin départemental n° 47 jusqu'à son intersection avec</line></par>
<par>
<line>la limite Est de la parcelle n° 3*^ (Le Tertre Gris)</line></par>
<par>
<line>- la limite Est de la parcelle n®' 3'^ 'jusqu ' à• son intersection</line></par>
<par>
<line>avec le''Chemin d:'exploitation rurale desservent les parcelles</line>
<line>n"’ 145 et 27</line></par>
<par>
<line>- ffié chemiri d'exploitation rurale, en limite Nord des parcelles</line>
<line>n"*' 145'et 533</line></par>
<par>
<line>- le chemin d'exploitation rurale longeant à l'Est les parcelles</line></par>
<par>
<line>_h®'5334 145 et 24 - .</line></par>
<par>
<line>- la limite Sud des parcelles n® 24, 25, 31, 3S et 30 jusqu'à</line></par>
<par>
<line>la rivière du Semnon • '</line></par>
<par>
<line>: ' * ' 'c</line></par>
<par>
<line>- Traversée de la rivière le Semnon</line></par>
<par>
<line>■ î • ■■■ 'V ■</line></par>
<par>
<line>COMMUNE DE PLECHATEL ^section E feuille n° 1^</line></par>
<par>
<line>- la limite Sudi des parcelles n^s et 95 -</line></par>
<par>
<line>- le chemin d'exploitation rurale^longeant la limite Sud des</line></par>
<par>
<line>■■ ^rcêlles'n®s: 94,'-93', ^2,.■177, 76 et-72 i--'v</line></par>
<par>
<line>- le chemin d'exploitation rurale longeant la limite Sud-Est</line>
<line>dés parcelles ■ n'^s 310 .ét'‘309’</line></par>
<par>
<line>- la limite^ SudrOuest-de.'la- narçelle n° 309 limites Sud</line></par>
<par>
<line>- et Ouest de,,-la parcelle n'^-.31i •</line></par>
<par>
<line>- le chemin rural n® 30 dit de "Canacan^' ■</line></par>
<par>
<line>■-■■la R.N, h° 137'■■■■ r,\</line></par>
<par>
<line>COMMUNE DE POLIGNE (section A feuille n® 2)</line></par>
<par>
<line>- la R,N. n® 137</line></par>
<par>
<line>- le chemin rural non numéroté depuis l'angle Ouest de la</line>
<line>parcelle n® 673 jusqu'à l'angle Nord-Ouest de la parcelle</line>
<line>n° 698</line></par>
</text>
</block>
<block><region><rect/></region>
<text>
<par>
<line>• • • «</line></par>
</text>
</block>







</page>
<page width="1663" height="2345" resolution="200">
<block><region><rect/></region>
<text>
<par>
<line>- le chemin départemental n® 4? de Bourg des Comptes à Cuillé</line></par>
</text>
</block>
<block><region><rect/></region>
<text>
<par>
<line>- la limite Ouest de la parcelle n® 662 jusqu'à la limite des</line>
<line>communes POLIGNE/PANCE</line></par>
<par>
<line>Article 2 — Le présent arrêté sera notifié au Préfet du</line>
<line>département d'ILLE ET VILAINE, aux maires des communes de</line>
<line>BANCE, PLECHATEL, POLIGNE qui seront responsables, chacun en</line>
<line>ce qui le concerne de son exécution*</line></par>
</text>
</block>
<block><region><rect/></region>
<text>
<par>
<line>Fait à PARIS, le 28 août 1974</line></par>
</text>
</block>
<block><region><rect/></region>
<text>
<par>
<line>Le Sfc^,rétaire d'Etat à l'Environnement Le Secrétaire d'Etat à la Culture</line></par>
</text>
</block>
<block><region><rect/></region>
<text>
<par>
<line>Signé : Gabriel PERONNET</line></par>
</text>
</block>
<block><region><rect/></region>
<text>
<par>
<line>Pour le Secrétaire d'Etat</line>
<line>et par délégation</line></par>
<par>
<line>le Directeur du Cabinet</line></par>
</text>
</block>
<block><region><rect/></region>
<text>
<par>
<line>Gérard MONTASSIEE</line></par>
</text>
</block>
<block><region><rect/></region>
<text>
<par>
<line>Pour ampliation</line></par>
<par>
<line>l'Administrateur Civil chargé</line>
<line>du Bureau des Sites</line></par>
</text>
</block>
<block><region><rect/></region>
<text>
<par>
<line>i</line></par>
</text>
</block>
<block><region><rect/></region>
<text>
<par>
<line>f</line></par>
<par>
<line>»</line></par>
<par>
<line>f.\</line></par>
<par>
<line>t V:</line></par>
</text>
</block>
<block><region><rect/></region>
<text>
<par/>
</text>
</block>
<block><region><rect/></region>
<text>
<par>
<line>!</line></par>
<par>
<line>Signé : Nancy BOUCHE</line></par>
</text>
</block>

</page>
</AC2>