<?xml version="1.0" encoding="UTF-8"?><AC2>
<page width="1664" height="2346" resolution="200">
<block><region><rect/></region>
<text>
<par>
<line>ABORDS d. L'EGLISE</line></par>
</text>
</block>
<block><region><rect/></region>
<text>
<par>
<line>CARTE</line></par>
</text>
</block>
<block><region><rect/></region>
<text>
<par>
<line>I IM&amp;CRtPXION</line></par>
</text>
</block>
<block><region><rect/></region>
<text>
<par>
<line>COMMUNS î Le Tiertenb</line></par>
<par>
<line>CANTON t ÿ Bn&lt;-« cn- Collés</line></par>
<par>
<line>ARRONDIS^ FoU9é««d</line></par>
</text>
</block>
<block><region><rect/></region>
<text>
<par>
<line>SITES</line></par>
</text>
</block>
<block><region><rect/></region>
<text>
<par>
<line>MICKSUN</line></par>
</text>
</block>
<block><region><rect/></region>
<text>
<par>
<line>W* 93</line></par>
</text>
</block>
<block><region><rect/></region>
<text>
<par>
<line>PU M</line></par>
</text>
</block>
<block><region><rect/></region>
<text>
<par>
<line>N</line></par>
</text>
</block>
<block><region><rect/></region>
<text>
<par/>
</text>
</block>
<block><region><rect/></region>
<text>
<par/>
</text>
</block>
<block><region><rect/></region>
<text>
<par>
<line>»6e</line></par>
</text>
</block>
<block><region><rect/></region>
<text>
<par>
<line>|^o</line></par>
</text>
</block>
<block><region><rect/></region>
<text>
<par>
<line>•t3</line></par>
</text>
</block>
<block><region><rect/></region>
<text>
<par>
<line>OA</line></par>
</text>
</block>
<block><region><rect/></region>
<text>
<par>
<line>*12</line></par>
</text>
</block>
<block><region><rect/></region>
<text>
<par>
<line>Le</line></par>
</text>
</block>
<block><region><rect/></region>
<text>
<par>
<line>S&gt;Out'</line></par>
</text>
</block>
<block><region><rect/></region>
<text>
<par/>
</text>
</block>
<block><region><rect/></region>
<text>
<par>
<line>Ma</line></par>
</text>
</block>
<block><region><rect/></region>
<text>
<par>
<line>tin</line></par>
</text>
</block>
<block><region><rect/></region>
<text>
<par/>
</text>
</block>
<block><region><rect/></region>
<text>
<par>
<line>Ubbi&amp;</line></par>
</text>
</block>
<block><region><rect/></region>
<text>
<par/>
</text>
</block>
<block><region><rect/></region>
<text>
<par>
<line>1/</line></par>
</text>
</block>
<block><region><rect/></region>
<text>
<par>
<line>&gt;2</line></par>
</text>
</block>
<block><region><rect/></region>
<text>
<par/>
</text>
</block>
<block><region><rect/></region>
<text>
<par>
<line>bclxelU: ly^Sop</line>
<line>Py;tiç mktqtc □</line></par>
</text>
</block>
<block><region><rect/></region>
<text>
<par>
<line>ARiS^üi; JU àiAl 1944</line></par>
</text>
</block>
<block><region><rect/></region>
<text>
<par>
<line>Sont ioscrlte sur l’inventaire des sites dont la</line>
<line>conservation présente un intérêt général l’église du</line>
<line>TIïfRCEENT et ses atords (l lle-e t-Vilalns ).</line></par>
<par>
<line>.^areellea cadastrales viaaea i</line></par>
<par>
<line>n® Ilôtis# II7 à I23, 129. I2ybis. Section B</line></par>
</text>
</block>
<block><region><rect/></region>
<text>
<par>
<line>Par délégation»</line></par>
<par>
<line>Le Conseiller d*Btat»</line>
<line>Secrétaire Général des Beaux-Arts :</line></par>
<par>
<line>' algnét G.HIUIHE ^</line></par>
<par>
<line>. our copie conforzae.</line></par>
<par>
<line>Le Cher du bureau des</line>
<line>.lonuuients historiques</line>
<line>et des sites c</line></par>
</text>
</block>














































<block blockType="Picture" blockName="" l="1380" t="102" r="1480" b="343"><region><rect/></region>
</block>
</page>
</AC2>