<?xml version="1.0" encoding="UTF-8"?><AC2>
<page width="2505" height="3525" resolution="300">
<block><region><rect/></region>
<text orientation="RotatedCounterclockwise">
<par>
<line>ll-.)-9.-&gt;,-19ü9. IÜ062)</line></par>
</text>
</block>
<block><region><rect/></region>
<text>
<par>
<line>■■■" MINISTÉOE</line></par>
<par>
<line>M</line></par>
<par>
<line>L'INSTIlUCTIÜM PIULIQIB,</line>
<line>CT DES UKAUX-ARTSi</line></par>
</text>
</block>
<block><region><rect/></region>
<text>
<par>
<line>RÉPUBLIQUE FRANÇAISE.</line></par>
</text>
</block>
<block><region><rect/></region>
<text>
<par>
<line>S»)llS-Sl-;(’.r.CTAH)AT D’UTAT</line>
<line>DES BEAUX-ARTS.</line></par>
<par>
<line>f</line></par>
<par>
<line>{f/t</line></par>
<par>
<line>i'crf w^cn'icw i* ixtct^iU'ctti'te.</line></par>
<par>
<line>aONUMEnTS HISTORIQUES.</line></par>
<par>
<line>SiLcs Rt Houameula uaturols.</line></par>
</text>
</block>
<block><region><rect/></region>
<text>
<par>
<line>A /</line></par>
</text>
</block>
<block><region><rect/></region>
<text>
<par/>
</text>
</block>
<block><region><rect/></region>
<text>
<par>
<line>■c</line></par>
</text>
</block>
<block><region><rect/><rect/></region>
<text>
<par>
<line>A'y r cü /'f^idârucUo-71</line></par>
<par>
<line>eJ c/e^ {Seaiuz&gt;-ty^rà,</line></par>
</text>
</block>
<block><region><rect/></region>
<text>
<par>
<line>'!''(/ /a /()( f/u .'&gt;■/ fcv/-^/ njoô my.a/Ui.Ki^/i/' /a ^lû-o/cciam’</line>
<line>f/-cd MÙv e/ (/e caracâore ar/^ûfùyue^‘</line></par>
<par>
<line>iawj fa û)07/mtpff^i c/r^UM^lotne^Ua/e cfeà</line></par>
<par>
<line>e/" 7fto7i/^//irn6i .</line></par>
</text>
</block>
<block><region><rect/></region>
<text>
<par>
<line>/</line></par>
</text>
</block>
<block><region><rect/></region>
<text>
<par>
<line>/;)(./■' ' / / ^ U. '! /- ^</line></par>
<par>
<line>/ •/ 'Y •/ /y</line></par>
<par>
<line>yi'f-tjy/f/r.j:!..(t!f. _</line></par>
</text>
</block>
<block><region><rect/></region>
<text>
<par>
<line>i/ar /a ^'f^ioxuàon/ c/a yotùf-yeoyefa^ cfeà</line></par>
<par>
<line>{Bca&lt;U£~ - '7^.</line></par>
</text>
</block>
<block><region><rect/><rect/></region>
<text>
<par/>
</text>
</block>
<block><region><rect/></region>
<text>
<par>
<line>cy^</line></par>
</text>
</block>
<block><region><rect/></region>
<text>
<par>
<line>._ d/el.. Q 'f.&lt;t //&lt;" d nl^.</line></par>
</text>
</block>
<block><region><rect/></region>
<text>
<par>
<line>i/</line></par>
</text>
</block>
<block><region><rect/></region>
<text>
<par>
<line>[UL.Fo(X\</line></par>
</text>
</block>
<block><region><rect/></region>
<text>
<par>
<line>.,.:yf&lt;m::L. c/a^€'A.yiodvm ^ jyf&amp;^ ef 'mo'?uimenlà</line></par>
<par>
<line>'fuUdcj'cfj cfo co/yaa'eo'e wHiéécydài'.</line></par>
</text>
</block>
























</page>
<page width="2548" height="3555" resolution="300">
<block><region><rect/></region>
<text>
<par>
<line>2.</line></par>
</text>
</block>
<block><region><rect/></region>
<text>
<par>
<line>c</line></par>
</text>
</block>
<block><region><rect/><rect/><rect/><rect/><rect/></region>
<text>
<par>
<line>&lt; / &gt; AA /-A</line></par>
<par>
<line>-offr a/?'7'&lt;fâe rioù/i^ a^-rï/-?Y‘y(.^</line></par>
<par>
<line>/ '</line></par>
</text>
</block>
<block><region><rect/></region>
<text>
<par>
<line>f/f/ r/(’//a/A/(ymü‘/// €1^.»- ■': r. &gt;!■( i li.d ^ ..</line></par>
</text>
</block>
<block><region><rect/><rect/><rect/></region>
<text>
<par/>
</text>
</block>
<block><region><rect/></region>
<text>
<par>
<line>J ■ . 4- /</line></par>
</text>
</block>
<block><region><rect/></region>
<text>
<par>
<line>y.</line></par>
</text>
</block>
<block><region><rect/><rect/></region>
<text>
<par>
<line>// A J</line></par>
</text>
</block>
<block><region><rect/></region>
<text>
<par>
<line>/ ' A ^ ZJ ^ J-' ^ /</line></par>
<par>
<line>(Y (■■'&lt;- u,&lt; o^AYi^'Ù-' £!&gt;i.</line></par>
</text>
</block>
<block><region><rect/><rect/><rect/></region>
<text>
<par>
<line>■ / ^</line></par>
<par>
<line>...:iA.l.^ù.Âj..</line></par>
<par>
<line>('</line></par>
</text>
</block>
<block><region><rect/></region>
<text>
<par>
<line>Y</line></par>
</text>
</block>
<block><region><rect/></region>
<text>
<par>
<line>(^la ^'-r&lt;?'7i/ rdarim mi œ ^hl ^</line></par>
<par>
<line>ro~//(Y'YV/c, r/e AO/b (i:ia/(Uon.</line></par>
<par>
<line>r^a/YHéf ^.'lA.u-T.^y^Â...L'/.J.L.</line></par>
</text>
</block>
<block><region><rect/></region>
<text>
<par>
<line>?Qü\- II) /.;'.</line></par>
</text>
</block>
<block><region><rect/></region>
<text>
<par>
<line>'.■•■.t ir'ion ^u‘)'’qii»</line></par>
<par>
<line>: :i ■‘. '</line></par>
</text>
</block>
<block><region><rect/></region>
<text>
<par>
<line>i.l |.■^r P ': ■ •i. lii</line></par>
</text>
</block>
<block><region><rect/></region>
<text>
<par>
<line>La Sous Sosrùkiiro ü'ti.d des Beiux-Arti</line></par>
</text>
</block>
<block><region><rect/></region>
<text>
<par>
<line>J</line></par>
</text>
</block>
<block><region><rect/></region>
<text>
<par>
<line>fli</line></par>
</text>
</block>
<block><region><rect/></region>
<text>
<par>
<line>%</line></par>
</text>
</block>





</page>
</AC2>