<?xml version="1.0" encoding="UTF-8"?><AC2>
<page width="2480" height="3507" resolution="300">
<block><region><rect/></region>
<text orientation="RotatedCounterclockwise">
<par>
<line>119-93-1909. [6062]</line></par>
</text>
</block>
<block><region><rect/></region>
<text>
<par>
<line>MINISTÈRE</line></par>
<par>
<line>DE .</line></par>
<par>
<line>L’INSTRUCTION PUBLIQUE,</line>
<line>ET DES BE.ilJX-ARîS.</line></par>
</text>
</block>
<block><region><rect/></region>
<text>
<par>
<line>RÉPUBLIQUE FRANÇAISE.</line></par>
</text>
</block>
<block><region><rect/></region>
<text>
<par>
<line>SOUS-SEGRETAKIAT D’ETAT</line>
<line>' DES BEAUX-ARTS.</line></par>
<par>
<line>Sarf G^e-ïpicejt 3 (tïoBLteofcivte.</line></par>
</text>
</block>
<block><region><rect/></region>
<text>
<par>
<line>a</line></par>
</text>
</block>
<block><region><rect/></region>
<text>
<par/>
</text>
</block>
<block><region><rect/></region>
<text>
<par>
<line>MONUMENTS HISTORIQUES.</line></par>
</text>
</block>
<block><region><rect/></region>
<text>
<par>
<line>l,t^nf0rucüo^</line></par>
<par>
<line>e/ c/aj</line></par>
</text>
</block>
<block><region><rect/></region>
<text>
<par>
<line>Sites et Monuments naturels.</line></par>
</text>
</block>
<block><region><rect/><rect/><rect/><rect/><rect/><rect/></region>
<text>
<par>
<line>â fot- c/a- âc cci^/" âi ^i/^o^-ecéccm</line></par>
<par>
<line>c/eà -tMéüJ e/' '/Jiomcmmiùi 'cicciure/ c/e cccreu&gt;âere cc^^c^cce/</line></par>
<par>
<line>/cmù. emù^iccf' /a ^om^?i^//co^^ c/e^ccf^âeme^ccÙ c/eà/</line>
<line>ei 7no-ncc)7ienéi 'rm-âtcce/à c/cc72^ .^ci .^ecm-ce c/ic.Zrllï?:</line></par>
<par>
<line>^^Ihc /&amp;?f c/ale c/c.</line></par>
</text>
</block>
<block><region><rect/><rect/></region>
<text>
<par/>
</text>
</block>
<block><region><rect/></region>
<text>
<par>
<line>/..âJJ...</line></par>
</text>
</block>
<block><region><rect/></region>
<text>
<par>
<line>7</line></par>
</text>
</block>
<block><region><rect/></region>
<text>
<par/>
</text>
</block>
<block><region><rect/></region>
<text>
<par>
<line>//ar /a ^^c^?orUèion' c/ic , //acùf-y^eoreâmre c/ c/eà</line>
<line>l^eaiùx- - t,y/?</line></par>
<par>
<line>aî{9Vtc t^ :</line></par>
</text>
</block>
<block><region><rect/><rect/></region>
<text>
<par>
<line>^ira?9ueT.</line></par>
</text>
</block>
<block><region><rect/></region>
<text>
<par>
<line>" /Ùl</line></par>
</text>
</block>
<block><region><rect/></region>
<text>
<par>
<line>'tSucO y</line></par>
</text>
</block>
<block><region><rect/></region>
<text>
<par>
<line>IC-</line></par>
</text>
</block>
<block><region><rect/></region>
<text>
<par>
<line>/'</line></par>
</text>
</block>
<block><region><rect/></region>
<text>
<par>
<line>F</line></par>
</text>
</block>
<block><region><rect/><rect/></region>
<text>
<par>
<line>.TtJ^..... .^ e/ OTW^u-i'msnù</line></par>
</text>
</block>
<block><region><rect/></region>
<text>
<par>
<line>'72yiâm’e// c/a ccmzoiwe ac^âiMc^cca.</line></par>
</text>
</block>































</page>
<page width="2499" height="3521" resolution="300">
<block><region><rect/></region>
<text>
<par>
<line>â.</line></par>
</text>
</block>
<block><region><rect/></region>
<text>
<par>
<line>■5^ (wreà-e tiûô^ O'iU</line></par>
<par>
<line>c/cù c/^oû'^âemeûi/ du_...</line></par>
<par>
<line>e/.....(2.,u.^j[ad^ (Â........rÉ:^..... ..i^.</line></par>
</text>
</block>
<block><region><rect/></region>
<text>
<par>
<line>y</line></par>
</text>
</block>
<block><region><rect/></region>
<text>
<par>
<line>^ùcù cdaam en ce ^'^ic ^</line></par>
</text>
</block>
<block><region><rect/></region>
<text>
<par>
<line>concerne, c^ jàon eœeciiàon.</line></par>
</text>
</block>
<block><region><rect/></region>
<text>
<par>
<line>^cm^, ^.^.r/.......</line></par>
</text>
</block>
<block><region><rect/></region>
<text>
<par>
<line>hurle Ministre de l'Instruchruh^ftiae.</line>
<line>e^ r^'5 u'-JUX-A-rts '</line></par>
<par>
<line>et pr- cyrc-ition</line></par>
<par>
<line>te Sous Sbcréiairc d'Etat des</line></par>
</text>
</block>








</page>
</AC2>