<?xml version="1.0" encoding="UTF-8"?><AC2>
<page width="2479" height="3508" resolution="300">
<block><region><rect/></region>
<text orientation="RotatedCounterclockwise">
<par/>
</text>
</block>
<block><region><rect/></region>
<text>
<par>
<line>DT</line></par>
</text>
</block>
<block><region><rect/></region>
<text>
<par>
<line>l.’INSiltlCÜCÏ.N !‘lJIIJi!LI'</line>
<line>LT ULS üt.U.V AiLTS</line></par>
</text>
</block>
<block><region><rect/></region>
<text>
<par>
<line>J3^ AUX-ARTS</line></par>
</text>
</block>
<block><region><rect/></region>
<text>
<par>
<line>1/</line></par>
</text>
</block>
<block><region><rect/></region>
<text>
<par>
<line>KEPI’lUJOflE j'ilAJ'^CAISK</line></par>
</text>
</block>
<block><region><rect/></region>
<text>
<par>
<line>ijlDzxeïe</line></par>
</text>
</block>
<block><region><rect/><rect/></region>
<text>
<par>
<line>A /</line></par>
<par>
<line>7</line></par>
</text>
</block>
<block><region><rect/></region>
<text>
<par>
<line>WDKUHENTS HrSTtf^lQULÏ</line></par>
</text>
</block>
<block><region><rect/></region>
<text>
<par>
<line>faites et naturels</line></par>
</text>
</block>
<block><region><rect/><rect/></region>
<text>
<par>
<line>&lt; - 1.</line></par>
</text>
</block>
<block><region><rect/></region>
<text>
<par>
<line>C/^ Cf</line></par>
<par>
<line>—2L^y ■■.--y-&lt;</line></par>
</text>
</block>
<block><region><rect/></region>
<text>
<par/>
</text>
</block>
<block><region><rect/></region>
<text>
<par>
<line>k:‘y j./C</line></par>
</text>
</block>
<block><region><rect/><rect/><rect/><rect/></region>
<text>
<par/>
</text>
</block>
<block><region><rect/><rect/><rect/><rect/><rect/></region>
<text>
<par>
<line>J^^f, r/it. ,S ^/tVi:/-' lf:'e ^</line></par>
<par>
<line>f- -■ C .'.f^f.^ TV' f</line></par>
</text>
</block>
<block><region><rect/></region>
<text>
<par>
<line>■T! y .</line></par>
<par>
<line>/T-.vy^^^irtVw i.e/ i-v*i</line></par>
</text>
</block>
<block><region><rect/></region>
<text>
<par/>
</text>
</block>
<block><region><rect/></region>
<text>
<par/>
</text>
</block>
<block><region><rect/></region>
<text>
<par>
<line>iiO •-.y'K.</line></par>
</text>
</block>
<block><region><rect/></region>
<text>
<par>
<line>-Ô £■/- c-ï^-y TÎ</line></par>
</text>
</block>
<block><region><rect/></region>
<text>
<par>
<line>■ii-C-î,</line></par>
</text>
</block>
<block><region><rect/></region>
<text>
<par/>
</text>
</block>
<block><region><rect/></region>
<text>
<par>
<line>/i ê-Aif ..X9....C.û.ns.eil...Miiiil.!3.1pia*l....CL.a....H±xli:L__</line></par>
</text>
</block>
<block><region><rect/></region>
<text>
<par>
<line>..</line></par>
</text>
</block>
<block><region><rect/></region>
<text>
<par>
<line>_j ■</line></par>
<par>
<line>C '^-vælty :</line></par>
</text>
</block>
<block><region><rect/></region>
<text>
<par/>
</text>
</block>
<block><region><rect/></region>
<text>
<par>
<line>_^ÏTO,.,?^ir^,çf,.,Noi,^,oÆ.,i..,.Ëi,ï.u^..,..ii.,.ll.:s,iri J..C.5.iÆ...(l.^QrA...l.^^^^</line></par>
<par>
<line>au^ jpX _ ü ad a 11 e _ c cjmrAU n e ^ a P d e .?..,„.^j.CI'- 61 " 7</line></par>
</text>
</block>




























</page>
<page width="2479" height="3508" resolution="300">
<block><region><rect/></region>
<text>
<par/>
</text>
</block>
<block><region><rect/><rect/></region>
<text>
<par/>
</text>
</block>
<block><region><rect/></region>
<text>
<par/>
</text>
</block>
<block><region><rect/></region>
<text>
<par>
<line>e e t</line></par>
</text>
</block>
<block><region><rect/><rect/></region>
<text>
<par>
<line>.... J J/-y- /'.J .jy/f-.J y./'</line></par>
</text>
<text>
<par>
<line>etii y/s.i.//iyi.£sji'^/i.£:y.</line></par>
</text>
</block>
<block blockType="Table" blockName="" l="687" t="862" r="2141" b="1134"><region><rect/></region>
<row>
<cell leftBorder="White" topBorder="White" rightBorder="White" bottomBorder="White" width="271" height="97">
<text>
<par/>
</text></cell>
<cell leftBorder="White" topBorder="White" rightBorder="White" bottomBorder="White" width="145" height="97">
<text>
<par/>
</text></cell>
<cell leftBorder="White" topBorder="White" rightBorder="White" bottomBorder="White" width="676" height="97">
<text>
<par/>
</text></cell>
<cell leftBorder="White" topBorder="White" rightBorder="White" bottomBorder="White" width="200" height="97">
<text>
<par/>
</text></cell>
<cell leftBorder="White" topBorder="White" rightBorder="White" bottomBorder="White" width="162" height="97">
<text>
<par/>
</text></cell></row>
<row>
<cell leftBorder="White" topBorder="White" rightBorder="White" bottomBorder="White" width="271" height="114">
<text>
<par>
<line>C/?</line></par>
</text></cell>
<cell leftBorder="White" topBorder="White" rightBorder="White" bottomBorder="White" width="145" height="114">
<text>
<par/>
</text></cell>
<cell leftBorder="White" topBorder="White" rightBorder="White" bottomBorder="White" width="676" height="114">
<text>
<par>
<line>/H</line></par>
</text></cell>
<cell leftBorder="White" topBorder="White" rightBorder="White" bottomBorder="White" width="200" height="114">
<text>
<par/>
</text></cell>
<cell leftBorder="White" topBorder="White" rightBorder="White" bottomBorder="White" width="162" height="114">
<text>
<par>
<line>■-</line></par>
</text></cell></row>
<row>
<cell leftBorder="White" topBorder="White" rightBorder="White" bottomBorder="White" width="271" height="61">
<text>
<par>
<line>'.iz i..^‘ .yJ/c-/'-</line></par>
</text></cell>
<cell leftBorder="White" topBorder="White" rightBorder="White" width="145" height="61">
<text>
<par>
<line>Z./....S.</line></par>
</text></cell>
<cell leftBorder="White" topBorder="White" rightBorder="White" bottomBorder="White" width="676" height="61">
<text>
<par>
<line>..la...C.Q.ti.@..d.'..!&amp;r.i...</line></par>
</text></cell>
<cell leftBorder="White" topBorder="White" rightBorder="White" bottomBorder="White" width="200" height="61">
<text>
<par/>
</text></cell>
<cell leftBorder="White" topBorder="White" rightBorder="White" bottomBorder="White" width="162" height="61">
<text>
<par/>
</text></cell></row>
</block>
<block><region><rect/><rect/></region>
<text>
<par>
<line>ü./--.... !^\l.... y..P....^..?.... ...C 4-... s.e.?.û.s.ti.....î^.?2 s î</line></par>
<par>
<line>chaû'un ati ce qui ie conce^rîia ccn ex^^aution*</line></par>
</text>
</block>
<block><region><rect/></region>
<text>
<par>
<line>.....*....</line></par>
<par>
<line>.II.;?■.!!?. . .rm... ltyixs.Èi.u,.,..ae.â..-to.ptD.-tii^.qu.? a...d.e..aa</line></par>
<par>
<line>c 11 ua t io II ....&lt;i. « _. eu bl e ü.I a s b ^ t....... ^</line></par>
</text>
</block>
<block><region><rect/></region>
<text>
<par/>
</text>
</block>
<block><region><rect/></region>
<text>
<par>
<line>I . ....</line></par>
</text>
</block>
<block><region><rect/></region>
<text>
<par>
<line>-yr.'f..y7 ■r^^T-irf T^“îT^vïy-î.Tïi;'E^</line></par>
</text>
</block>
<block><region><rect/></region>
<text>
<par>
<line>Fû-lt</line></par>
</text>
</block>
<block><region><rect/></region>
<text>
<par>
<line>-O ' EÜ I ■''■■”1</line>
<line>C^-' . /&gt; ■ I ■ ' ■ .■ 1</line></par>
<par>
<line>Il &gt;-«-nir-i—n-h 1-UUJI-</line></par>
</text>
</block>
<block><region><rect/></region>
<text>
<par>
<line>aï?</line></par>
</text>
</block>






























</page>
<page width="3536" height="2519" resolution="300">
<block><region><rect/></region>
<text>
<par>
<line>Fi/iU (X\)</line></par>
</text>
</block>
<block><region><rect/></region>
<text>
<par/>
</text>
</block>
<block><region><rect/></region>
<text>
<par>
<line>□</line></par>
</text>
</block>
<block><region><rect/></region>
<text>
<par>
<line>^4</line></par>
</text>
</block>
<block><region><rect/></region>
<text>
<par/>
</text>
</block>
<block><region><rect/></region>
<text>
<par>
<line>-^0</line></par>
</text>
</block>
<block><region><rect/></region>
<text>
<par/>
</text>
</block>
<block><region><rect/></region>
<text>
<par>
<line>O/</line></par>
</text>
</block>
<block><region><rect/></region>
<text>
<par>
<line>O</line></par>
</text>
</block>
<block><region><rect/></region>
<text>
<par/>
</text>
</block>
<block><region><rect/></region>
<text>
<par>
<line>ufn</line></par>
</text>
</block>
<block><region><rect/></region>
<text>
<par/>
</text>
</block>


</page>
</AC2>