<?xml version="1.0" encoding="UTF-8"?><AC2>
<page width="2875" height="2035" resolution="200">
<block blockType="Table" blockName="" l="120" t="380" r="482" b="802"><region><rect/></region>
<row>
<cell topBorder="White" rightBorder="White" bottomBorder="White" width="43" height="27">
<text>
<par>
<line>O</line></par>
</text></cell>
<cell leftBorder="White" topBorder="White" rightBorder="White" bottomBorder="White" width="152" height="27">
<text>
<par>
<line>vO</line></par>
</text></cell>
<cell leftBorder="White" topBorder="White" rightBorder="White" bottomBorder="White" width="167" height="27">
<text>
<par/>
</text></cell></row>
<row>
<cell topBorder="White" rightBorder="White" bottomBorder="White" width="43" height="39">
<text>
<par>
<line>8</line></par>
</text></cell>
<cell leftBorder="White" topBorder="White" rightBorder="White" bottomBorder="White" width="152" height="39">
<text>
<par>
<line>1</line></par>
</text></cell>
<cell leftBorder="White" topBorder="White" rightBorder="White" bottomBorder="White" width="167" height="39">
<text>
<par/>
</text></cell></row>
<row>
<cell topBorder="White" rightBorder="White" bottomBorder="White" width="43" height="23">
<text>
<par>
<line>O</line></par>
</text></cell>
<cell leftBorder="White" topBorder="White" rightBorder="White" bottomBorder="White" width="152" height="23">
<text>
<par>
<line>—</line></par>
</text></cell>
<cell leftBorder="White" topBorder="White" rightBorder="White" bottomBorder="White" width="167" height="23">
<text>
<par/>
</text></cell></row>
<row>
<cell topBorder="White" rightBorder="White" bottomBorder="White" width="43" height="22">
<text>
<par>
<line>O</line></par>
</text></cell>
<cell leftBorder="White" topBorder="White" rightBorder="White" bottomBorder="White" width="152" height="22">
<text>
<par>
<line>CL</line></par>
</text></cell>
<cell leftBorder="White" topBorder="White" rightBorder="White" bottomBorder="White" width="167" height="22">
<text>
<par/>
</text></cell></row>
<row>
<cell topBorder="White" rightBorder="White" bottomBorder="White" width="43" height="23">
<text>
<par>
<line>(N</line></par>
</text></cell>
<cell leftBorder="White" topBorder="White" rightBorder="White" bottomBorder="White" width="152" height="23">
<text>
<par/>
</text></cell>
<cell leftBorder="White" topBorder="White" rightBorder="White" bottomBorder="White" width="167" height="23">
<text>
<par/>
</text></cell></row>
<row>
<cell topBorder="White" rightBorder="White" bottomBorder="White" width="43" height="22">
<text>
<par>
<line>\</line></par>
</text></cell>
<cell leftBorder="White" topBorder="White" rightBorder="White" bottomBorder="White" width="152" height="22">
<text>
<par/>
</text></cell>
<cell leftBorder="White" topBorder="White" rightBorder="White" bottomBorder="White" width="167" height="22">
<text>
<par/>
</text></cell></row>
<row>
<cell topBorder="White" rightBorder="White" bottomBorder="White" width="43" height="27">
<text>
<par/>
</text></cell>
<cell leftBorder="White" topBorder="White" rightBorder="White" bottomBorder="White" width="152" height="27">
<text>
<par>
<line>1</line></par>
</text></cell>
<cell leftBorder="White" topBorder="White" rightBorder="White" bottomBorder="White" width="167" height="27">
<text>
<par/>
</text></cell></row>
<row>
<cell topBorder="White" rightBorder="White" bottomBorder="White" width="43" height="53">
<text>
<par>
<line>D</line></par>
<par>
<line>0</line></par>
</text></cell>
<cell leftBorder="White" topBorder="White" rightBorder="White" bottomBorder="White" width="152" height="53">
<text>
<par>
<line>O</line></par>
</text></cell>
<cell leftBorder="White" topBorder="White" rightBorder="White" bottomBorder="White" width="167" height="53">
<text>
<par/>
</text></cell></row>
<row>
<cell topBorder="White" rightBorder="White" bottomBorder="White" width="43" height="40">
<text>
<par>
<line>c</line></par>
</text></cell>
<cell leftBorder="White" topBorder="White" rightBorder="White" bottomBorder="White" width="152" height="40">
<text>
<par>
<line>O</line></par>
</text></cell>
<cell leftBorder="White" topBorder="White" rightBorder="White" bottomBorder="White" width="167" height="40">
<text>
<par>
<line>uO</line></par>
</text></cell></row>
<row>
<cell topBorder="White" rightBorder="White" bottomBorder="White" width="43" height="35">
<text>
<par/>
</text></cell>
<cell leftBorder="White" topBorder="White" rightBorder="White" bottomBorder="White" width="152" height="35">
<text>
<par>
<line>C</line></par>
</text></cell>
<cell leftBorder="White" topBorder="White" rightBorder="White" bottomBorder="White" width="167" height="35">
<text>
<par>
<line>LU</line></par>
</text></cell></row>
<row>
<cell topBorder="White" rightBorder="White" bottomBorder="White" width="43" height="41">
<text>
<par>
<line>&lt;ll</line></par>
</text></cell>
<cell leftBorder="White" topBorder="White" rightBorder="White" bottomBorder="White" width="152" height="41">
<text>
<par>
<line>0;</line></par>
</text></cell>
<cell leftBorder="White" topBorder="White" rightBorder="White" bottomBorder="White" width="167" height="41">
<text>
<par>
<line>cr</line></par>
</text></cell></row>
<row>
<cell topBorder="White" rightBorder="White" bottomBorder="White" width="43" height="24">
<text>
<par>
<line>U</line></par>
</text></cell>
<cell leftBorder="White" topBorder="White" rightBorder="White" bottomBorder="White" width="152" height="24">
<text>
<par>
<line>ü</line></par>
</text></cell>
<cell leftBorder="White" topBorder="White" rightBorder="White" bottomBorder="White" width="167" height="24">
<text>
<par>
<line>——</line></par>
</text></cell></row>
<row>
<cell topBorder="White" rightBorder="White" bottomBorder="White" width="43" height="46">
<text>
<par>
<line>X</line></par>
</text></cell>
<cell leftBorder="White" topBorder="White" rightBorder="White" bottomBorder="White" width="152" height="46">
<text>
<par>
<line>O</line></par>
<par>
<line>U</line></par>
</text></cell>
<cell leftBorder="White" topBorder="White" rightBorder="White" bottomBorder="White" width="167" height="46">
<text>
<par>
<line>O</line></par>
</text></cell></row>
</block>
<block><region><rect/></region>
<text>
<par>
<line>LlJ</line></par>
</text>
</block>
<block><region><rect/></region>
<text>
<par>
<line>&lt;</line></par>
<par>
<line>&gt;</line></par>
<par>
<line>I</line></par>
<par>
<line>!—</line></par>
<par>
<line>UJ</line></par>
<par>
<line>J</line></par>
<par>
<line>UJ</line></par>
</text>
</block>
<block><region><rect/></region>
<text>
<par>
<line>Lü</line></par>
</text>
</block>
<block><region><rect/></region>
<text>
<par>
<line>&lt;</line></par>
<par>
<line>O</line></par>
<par>
<line>Z</line></par>
<par>
<line>&lt;</line></par>
<par>
<line>U</line></par>
</text>
</block>
<block><region><rect/></region>
<text>
<par>
<line>3</line></par>
<par>
<line>ÜJ</line></par>
</text>
</block>
<block><region><rect/></region>
<text>
<par>
<line>U.</line></par>
<par>
<line>Lü</line></par>
<par>
<line>X</line></par>
<par>
<line>U</line></par>
</text>
</block>
<block><region><rect/></region>
<text>
<par>
<line>Z</line></par>
<par>
<line>O</line></par>
</text>
</block>
<block><region><rect/></region>
<text>
<par>
<line>&lt;</line></par>
<par>
<line>O</line></par>
</text>
</block>
<block><region><rect/></region>
<text>
<par>
<line>û</line></par>
<par>
<line>Z</line></par>
<par>
<line>O</line></par>
<par>
<line>cr</line></par>
<par>
<line>□:</line></par>
<par>
<line>&lt;</line></par>
</text>
</block>
<block><region><rect/></region>
<text>
<par>
<line>S</line></par>
<par>
<line>&lt; LlJ</line></par>
<par>
<line>5 O</line></par>
<par>
<line>^ cr</line></par>
</text>
</block>
<block><region><rect/></region>
<text>
<par>
<line>lO</line></par>
<par>
<line>LU</line></par>
<par>
<line>Q</line></par>
</text>
</block>
<block><region><rect/></region>
<text>
<par>
<line>O</line></par>
<par>
<line>a.</line></par>
</text>
</block>
<block><region><rect/></region>
<text>
<par>
<line>rtUR£</line></par>
</text>
</block>
<block><region><rect/></region>
<text>
<par>
<line>&lt;t</line></par>
</text>
</block>
<block><region><rect/></region>
<text>
<par/>
</text>
</block>
<block><region><rect/></region>
<text>
<par/>
</text>
</block>
<block><region><rect/></region>
<text>
<par/>
</text>
</block>
<block><region><rect/></region>
<text>
<par/>
</text>
</block>
<block><region><rect/></region>
<text>
<par/>
</text>
</block>
<block><region><rect/></region>
<text>
<par>
<line>S</line></par>
</text>
</block>
<block><region><rect/></region>
<text>
<par/>
</text>
</block>
<block><region><rect/></region>
<text>
<par>
<line>a-</line></par>
</text>
</block>
<block><region><rect/></region>
<text>
<par>
<line>O</line></par>
</text>
</block>
<block><region><rect/></region>
<text>
<par>
<line>Z</line></par>
</text>
</block>
<block><region><rect/></region>
<text>
<par/>
</text>
</block>
<block><region><rect/></region>
<text>
<par>
<line>UA</line></par>
</text>
</block>
<block><region><rect/></region>
<text>
<par>
<line>O</line></par>
</text>
</block>
<block><region><rect/></region>
<text>
<par>
<line>X</line></par>
</text>
</block>
<block><region><rect/></region>
<text>
<par>
<line>ua</line></par>
</text>
</block>
<block><region><rect/></region>
<text>
<par/>
</text>
</block>
<block><region><rect/></region>
<text>
<par/>
</text>
</block>
<block><region><rect/></region>
<text>
<par/>
</text>
</block>
<block><region><rect/></region>
<text>
<par/>
</text>
</block>
<block><region><rect/></region>
<text>
<par>
<line>a</line></par>
</text>
</block>
<block><region><rect/></region>
<text>
<par>
<line>O</line></par>
</text>
</block>
<block><region><rect/></region>
<text>
<par>
<line>O</line></par>
</text>
</block>
<block><region><rect/></region>
<text>
<par>
<line>w</line></par>
</text>
</block>
<block><region><rect/></region>
<text>
<par/>
</text>
</block>
<block><region><rect/></region>
<text>
<par>
<line>en</line></par>
</text>
</block>
<block><region><rect/></region>
<text>
<par>
<line>Qfi</line></par>
</text>
</block>
<block><region><rect/></region>
<text>
<par/>
</text>
</block>
<block><region><rect/></region>
<text>
<par>
<line>«5</line></par>
</text>
</block>
<block><region><rect/></region>
<text>
<par>
<line>•4</line></par>
</text>
</block>
<block><region><rect/></region>
<text>
<par>
<line>O</line></par>
</text>
</block>
<block><region><rect/></region>
<text>
<par>
<line>U</line></par>
</text>
</block>
<block><region><rect/></region>
<text>
<par/>
</text>
</block>
<block><region><rect/></region>
<text>
<par/>
</text>
</block>
<block><region><rect/></region>
<text>
<par>
<line>LO</line></par>
</text>
</block>
<block><region><rect/></region>
<text>
<par>
<line>^yia</line></par>
</text>
</block>
<block><region><rect/></region>
<text>
<par>
<line>ro</line></par>
</text>
</block>
<block><region><rect/></region>
<text>
<par>
<line>Qb</line></par>
</text>
</block>
<block><region><rect/></region>
<text>
<par/>
</text>
</block>
<block><region><rect/></region>
<text>
<par>
<line>fO</line></par>
</text>
</block>
<block><region><rect/></region>
<text>
<par>
<line>fvl</line></par>
</text>
</block>
<block><region><rect/></region>
<text>
<par>
<line>CO</line></par>
</text>
</block>
<block><region><rect/></region>
<text>
<par>
<line>O</line></par>
</text>
</block>
<block><region><rect/></region>
<text>
<par>
<line>'G</line></par>
</text>
</block>
<block><region><rect/></region>
<text>
<par>
<line>rM</line></par>
</text>
</block>
<block><region><rect/></region>
<text>
<par>
<line>rsi</line></par>
</text>
</block>
<block><region><rect/></region>
<text>
<par>
<line>&lt;</line></par>
</text>
</block>
<block><region><rect/></region>
<text>
<par>
<line>cr</line></par>
</text>
</block>
<block><region><rect/></region>
<text>
<par/>
</text>
</block>
<block><region><rect/></region>
<text>
<par>
<line>LÜ</line></par>
</text>
</block>
<block><region><rect/></region>
<text>
<par>
<line>O</line></par>
</text>
</block>
<block><region><rect/></region>
<text>
<par>
<line>&lt;</line></par>
</text>
</block>
<block><region><rect/></region>
<text>
<par>
<line>G.</line></par>
</text>
</block>
<block><region><rect/></region>
<text>
<par>
<line>cr</line></par>
</text>
</block>
<block><region><rect/></region>
<text>
<par>
<line>O</line></par>
</text>
</block>
<block><region><rect/></region>
<text>
<par>
<line>&gt;</line></par>
</text>
</block>
<block><region><rect/></region>
<text>
<par>
<line>L</line></par>
<par>
<line>U</line></par>
<par>
<line>V)</line></par>
<par>
<line>,C</line></par>
<par>
<line>&lt;b</line></par>
</text>
</block>
<block><region><rect/></region>
<text>
<par>
<line>0</line></par>
</text>
</block>
<block><region><rect/></region>
<text>
<par>
<line>O</line></par>
<par>
<line>O</line></par>
<par>
<line>'O</line></par>
<par>
<line>Cm</line></par>
<par>
<line>\</line></par>
<par>
<line>V-</line></par>
<par>
<line>I</line></par>
<par>
<line>i</line></par>
<par>
<line>U</line></par>
<par>
<line>Uj</line></par>
</text>
</block>
<block><region><rect/></region>
<text orientation="RotatedCounterclockwise">
<par>
<line>Est Inscrite aur l’inventaire dos sites pittoresques d’ILLK et VILAINli:</line></par>
<par>
<line>la Pointe dos Hoches Noires f\ CANCAU'j, parcelles caclastrales 1140 à 11^4</line></par>
<par>
<line>1193 à 119B - 1202 à 1213 de la section D</line></par>
</text>
</block>


























<block blockType="Picture" blockName="" l="549" t="353" r="2456" b="1950"><region><rect/></region>
</block>
<block blockType="Picture" blockName="" l="108" t="356" r="526" b="1953"><region><rect/></region>
</block>
</page>
</AC2>