<?xml version="1.0" encoding="UTF-8"?><AC2>
<page width="2503" height="3525" resolution="300">
<block><region><rect/></region>
<text>
<par>
<line>UintSTBBB</line></par>
<par>
<line>fil</line></par>
<par>
<line>L^ÉDGCtTM iVATJONALE.</line></par>
<par>
<line>SScnÉTAIlUT CÊNÉnAL</line></par>
<par>
<line>DES BEAUX-ARTS.</line></par>
</text>
</block>
<block><region><rect/></region>
<text>
<par>
<line>ÉTAT FRANÇAIS.</line></par>
</text>
</block>
<block><region><rect/></region>
<text>
<par>
<line>/*</line></par>
<par>
<line>/ /</line></par>
</text>
</block>
<block><region><rect/></region>
<text>
<par>
<line>: ï</line></par>
</text>
</block>
<block><region><rect/></region>
<text>
<par>
<line>-v</line></par>
</text>
</block>
<block><region><rect/></region>
<text>
<par>
<line>ARRÊTÉ.</line></par>
</text>
</block>
<block><region><rect/></region>
<text>
<par>
<line>J.'</line></par>
</text>
</block>
<block><region><rect/></region>
<text>
<par>
<line>■fi-</line></par>
</text>
</block>
<block><region><rect/><rect/></region>
<text>
<par>
<line>DIRECTIOn</line></par>
<par>
<line>PES</line></par>
<par>
<line>SERVICES D'ARCHITECTURE</line></par>
<par>
<line>3 Le Ministre Secrétaihë d’État X l'Éducation nationale,</line></par>
<par>
<line>bdreau</line></par>
<par>
<line>BBI</line></par>
<par>
<line>- MONDMEKT3 iiisTORiQOEs ,t Vu Itt loi du 3 Hiui loSo TÛoTcrauisant la protectioa</line></par>
<par>
<line>BT DES SITKS. . ■ , , , 1 . , , '</line></par>
<par>
<line>- des monuments naturels et des sites de caractère</line></par>
<par>
<line>inventairo des Sites artistique, historique, scicntiüquc, légendaire ou pitto-</line>
<line>préS^eïoSlgénéral. notamment l’article 4 î</line></par>
<par>
<line>■‘&lt;kxa?fl!M5BeatAÆAiJâKls^j4îSjéit^jâi; Vu 1*arrêté</line>
<line>du 27-Août, 194.5 pris par application</line>
<line>de la loi nî!.'421 du 26 Juillet 1943</line></par>
</text>
</block>
<block><region><rect/></region>
<text>
<par>
<line>; t</line></par>
</text>
</block>
<block><region><rect/></region>
<text>
<par>
<line>l'-'</line></par>
</text>
</block>
<block><region><rect/></region>
<text>
<par>
<line>Arrâte :</line></par>
<par>
<line>J ARTICLE PREMIER.</line></par>
</text>
</block>
<block><region><rect/><rect/></region>
<text>
<par>
<line>v' . ^ Est inscrite sur l'inventaire les</line></par>
<par>
<line>, V/ sit^îs dont la conservation présente un</line>
<line>; i : M .. intérêt général ; .</line></par>
<par>
<line>Jri.' ■ 'la place plantée d'arbres de Runan</line>
<line>rvv y (cfites-dü-îlordV .</line></par>
<par>
<line>- ■. _</line></par>
<par>
<line>Jrarcelles cadastrales visées ;</line></par>
<par>
<line>S5- " n»18T"ei ISôV Section B du cadastre</line></par>
<par>
<line>c!| T ’ . ' ^</line></par>
<par>
<line>i , Propriétaire t Bureau de bienfaisancü de</line></par>
<par>
<line>“ . ..... . riunan. ,</line></par>
<par>
<line>■ ^ ; ' ‘ "</line></par>
<par>
<line>^ ’i'</line></par>
</text>
</block>
<block><region><rect/><rect/></region>
<text>
<par>
<line>00</line></par>
<par>
<line>•4</line></par>
</text>
</block>
<block><region><rect/><rect/></region>
<text>
<par>
<line>Ju ' ,</line></par>
</text>
</block>
<block><region><rect/></region>
<text>
<par>
<line>«V*’</line></par>
</text>
</block>
<block><region><rect/></region>
<text>
<par>
<line>&gt; • i</line></par>
</text>
</block>
<block><region><rect/></region>
<text>
<par>
<line>'■‘V</line></par>
<par>
<line>- , . v ;•/ ' •</line></par>
</text>
</block>
<block><region><rect/></region>
<text>
<par>
<line>■■ .ï*.</line></par>
<par>
<line>r, &lt;</line></par>
<par>
<line>' t-’f/V</line></par>
</text>
</block>
<block><region><rect/><rect/><rect/></region>
<text>
<par/>
</text>
</block>


















</page>
<page width="1693" height="2367" resolution="200">
<block><region><rect/></region>
<text>
<par/>
</text>
</block>
<block><region><rect/></region>
<text>
<par/>
</text>
</block>
<block><region><rect/></region>
<text>
<par>
<line>.* . ■l''</line></par>
</text>
</block>
<block><region><rect/></region>
<text>
<par>
<line>i.</line></par>
<par>
<line>J-,* .</line></par>
</text>
</block>
<block><region><rect/></region>
<text>
<par>
<line>T :. w‘</line></par>
</text>
</block>
<block><region><rect/></region>
<text>
<par>
<line>l::b :</line></par>
</text>
</block>
<block><region><rect/></region>
<text>
<par/>
</text>
</block>
<block><region><rect/></region>
<text>
<par>
<line>: &gt;.</line></par>
</text>
</block>
<block><region><rect/></region>
<text>
<par>
<line>AIVT. 3.</line></par>
</text>
</block>
<block><region><rect/></region>
<text>
<par>
<line>.« , . - ,V ' -1</line></par>
</text>
</block>
<block><region><rect/><rect/><rect/></region>
<text>
<par>
<line>Le présent arrêté sera noUfié au Préfet du dépar-</line>
<line>temcnl pour les archives de la préfecture^ au Maire</line></par>
<par>
<line>’ iiî</line></par>
<par>
<line>e Runan et au propriétaire</line></par>
</text>
</block>
<block><region><rect/><rect/><rect/></region>
<text>
<par>
<line>de W commuae dlî*</line></par>
</text>
</block>
<block><region><rect/></region>
<text>
<par>
<line>intéressé</line></par>
</text>
</block>
<block><region><rect/></region>
<text>
<par/>
</text>
</block>
<block><region><rect/><rect/><rect/></region>
<text>
<par>
<line>qui seront responsables^ chacun en ce qui le concerne,</line>
<line>de sou exécution.</line></par>
<par>
<line>: '■ ■ Paria, le 1 4 JÆfP/ .</line></par>
<par>
<line>Par Délégation</line>
<line>Le Conseiller d*£tat</line>
<line>Secrétaire Génial des Beaux-Arts</line></par>
</text>
</block>
<block><region><rect/></region>
<text>
<par>
<line>1 v</line></par>
</text>
</block>
<block><region><rect/></region>
<text>
<par>
<line>;</line></par>
<par>
<line>A</line></par>
</text>
</block>
<block><region><rect/></region>
<text>
<par/>
</text>
</block>
<block><region><rect/></region>
<text>
<par/>
</text>
</block>






</page>
</AC2>