<?xml version="1.0" encoding="UTF-8"?><AC2>
<page width="1535" height="2125" resolution="200">
<block><region><rect/></region>
<text>
<par>
<line>POUR INFORMATION</line></par>
</text>
</block>
<block><region><rect/></region>
<text>
<par>
<line>rc</line></par>
<par>
<line>ÆINISTERE D'ETAT</line>
<line>h'AIRES CULTUR"'^LL'’'!3</line></par>
</text>
</block>
<block><region><rect/></region>
<text>
<par/>
</text>
</block>
<block><region><rect/></region>
<text>
<par>
<line>c^</line></par>
</text>
</block>
<block><region><rect/></region>
<text>
<par>
<line>(k</line></par>
</text>
</block>
<block><region><rect/></region>
<text>
<par>
<line>RE*PUBLIQir^ FRANÇAISE</line></par>
</text>
</block>
<block><region><rect/></region>
<text>
<par>
<line>ARRETE</line></par>
</text>
</block>
<block><region><rect/></region>
<text>
<par>
<line>Le Ministre d’Etat cLargé des</line>
<line>Affaires Culturelles</line></par>
</text>
</block>
<block><region><rect/></region>
<text>
<par>
<line>YU la loi du 2 nai 1930 réorganisant la protection des npnu;:.ents-</line>
<line>.naturels et des sites de caractère artistique, historique,</line>
<line>scientifique, légendaire ou pittoresque et notaïuient l'ar¬</line>
<line>ticle 4 ;</line></par>
<par>
<line>YU la loi du 12 avril 1943 portant réglenentation de la publicité</line>
<line>et des enseignes et notaatsnt les articles 5 et 9 ;</line></par>
<par>
<line>YU le décfet du 3 février 1959 relatif aux attributions d'un • , ;;</line>
<line>Ministre d'Etat ; ' ‘ '</line></par>
<par>
<line>YU le décret du 24 juillet 1959 portant organisation du Ministère</line>
<line>des Affaires Culturelles ;</line></par>
<par>
<line>YU le décret du 18 mars I960 portant application du décret du</line>
<line>7 février 1959 relatif au caaping, ot notariaent les artiC</line>
<line>2 et 6 ;</line></par>
<par>
<line>YU l'avis éais par la Cotniission Départerientale des Sites, pers¬</line>
<line>pectives et paysages d*Ille-et-Yilaine, dans sa séance du 22</line>
<line>juin 1964 ?</line></par>
</text>
</block>
<block><region><rect/></region>
<text>
<par>
<line>A_R_R_E_T_S s</line></par>
<par>
<line>Article 1er - Est inscrit sur l'Inventaire des Sitès pittoresques</line>
<line>du département d'Ille-et-Yilaine l'enseable urbain situé sur le</line>
<line>territoire de la ville de DÜL-de-BRETAG-NE et délinité par le</line>
<line>périnètre suivant :</line></par>
<par>
<line>A - la rue des Murets</line>
<line>V - la voie ferrée DOI-SiUNT-î/IALO</line></par>
<par>
<line>- la rue des Carnes</line></par>
<par>
<line>- la rue Pierre Piaux</line></par>
<par>
<line>- le Boulevard Deainiac</line></par>
<par>
<line>- la Place Touiller</line></par>
<par>
<line>- et la rue Saint-Malo</line></par>
</text>
</block>
<block><region><rect/></region>
<text>
<par>
<line>.../</line></par>
</text>
</block>



</page>
<page width="1535" height="2125" resolution="200">
<block><region><rect/></region>
<text>
<par>
<line>T</line></par>
<par>
<line>/</line></par>
</text>
</block>
<block><region><rect/></region>
<text>
<par>
<line>- 2</line></par>
</text>
</block>
<block><region><rect/></region>
<text>
<par>
<line>Article 2 - Le présent arrêté sera notifié au Préfet du.d.épar-</line>
<line>teciant d'Ille-et-Vilaine et au Maire de la couaune de LOL-de-'</line>
<line>BRMTAGNM qui seront responsables, chacun en ce qui le concerne,</line>
<line>de son exécution.</line></par>
</text>
</block>
<block><region><rect/></region>
<text>
<par>
<line>PiiRIS, le 1er mars 1965</line></par>
<par>
<line>Pour le Ministre et par délégation</line>
<line>Le Maître des Requêtes au Conseil d’Etat</line>
<line>Directeur de l’Architecture</line></par>
<par>
<line>Signé i Max QUERRIER,</line></par>
</text>
</block>
<block><region><rect/></region>
<text>
<par>
<line>.iation</line></par>
<par>
<line>Lministrateur Civil</line>
<line>irge des Sites</line></par>
</text>
</block>



</page>
</AC2>