<?xml version="1.0" encoding="UTF-8"?><AC2>
<page width="818" height="1158" resolution="99">
<block><region><rect/></region>
<text orientation="RotatedCounterclockwise">
<par>
<line>178 458^31 |SCS»]</line></par>
</text>
</block>
<block><region><rect/></region>
<text>
<par/>
</text>
</block>
<block><region><rect/></region>
<text>
<par>
<line>mtifngv</line></par>
</text>
</block>
<block><region><rect/><rect/><rect/><rect/></region>
<text>
<par>
<line>CT eUlJA'ABTS.</line></par>
<par>
<line>M«CK'4«»,</line></par>
</text>
</block>
<block><region><rect/></region>
<text>
<par/>
</text>
</block>
<block><region><rect/></region>
<text>
<par>
<line>lifflüKflP</line></par>
</text>
</block>
<block><region><rect/></region>
<text>
<par>
<line>POBLlQtE FRANÇAISE.</line></par>
</text>
</block>
<block><region><rect/></region>
<text>
<par>
<line>ARRÊTE.</line></par>
</text>
</block>
<block><region><rect/></region>
<text>
<par>
<line>mdSTHI^Bka</line></par>
<par>
<line>SilM «tUéBHninti battJtk.</line></par>
</text>
</block>
<block><region><rect/></region>
<text>
<par>
<line>U Ui&amp;Iftrq de fEdacatlofi NaUcmaia</line></par>
<par>
<line>■ ti f»i fnriiiM fiïm ita §»■■■ IM</line></par>
</text>
</block>
<block><region><rect/></region>
<text>
<par>
<line>Vu U loi du 3 mai i93o récK^nlsaTit la protecüou des nioaumeDts</line>
<line>naturels et sites de caractère artisûqiie, iitsiorlque, scieiilifjque. li^eodaire</line>
<line>ou pittoresque:</line></par>
<par>
<line>Vu i’avh émis par b Commiasioa ^^aAlMunlai^les moQurneots et des</line>
<line>sites naturels dans sa séance du 21 ddOMl&gt;r« Id34</line></par>
<par>
<line>l^gdhctloa</line></par>
<par>
<line>\yii!B^f^p^a^efn\i\e\ki 18 liâBaQl&gt;ra 1954 ddnnH par 14</line>
<line>■fris psB Coapagala Slatttriqoa d« la Lclra *4 tt Centre s</line></par>
<par>
<line>Ta l'erle 4miû per U» le Uinletre des TraTsar Pa^lios</line>
<line>le S7 ÀJTil 1933 i</line></par>
<par>
<line>1 B R B I 3 %</line></par>
<par>
<line>Art lois premier</line></par>
<par>
<line>Le lee d^Zeeerlèe (irdèobe) est olsseé parai lee</line>
<line>Uamubentfl naturels et les sites de eeraetArt artietLqeej</line>
<line>falBtûrlquei soiestlflqae. léseodaire eu pltlcreaqQe,</line></par>
<par>
<line>Artiola deoK</line></par>
<par>
<line>Ae eee el Ia Coapegnle de Ia Xelre et da Centre</line>
<line>obtiendrait la ooncessisn du Lae pour produire da l'éaeral«</line>
<line>électrique B elle devrait he oooforoer ouz preearlptiene</line>
<line>BUitaxiteB }</line></par>
<par>
<line>"Beodeat la période sllent do 15 Soin au 15 Septeab^</line>
<line>luB oeux du lae eoroat aBintenuÉe à uoe opte dont le (nlnlDOB</line>
<line>aéra le nlTeao norasi Tiré par le BaMer des obarses»</line></par>
<par>
<line>8&amp; CM de Zoree DAjosre, daa prélATebsats pourrent etre</line></par>
<par>
<line>• •/• • •</line></par>
</text>
</block>








</page>
<page width="810" height="1146" resolution="98">
<block><region><rect/></region>
<text>
<par>
<line>AURfiTi</line></par>
</text>
</block>
<block><region><rect/></region>
<text>
<par>
<line>pnrMiriii</line></par>
<par>
<line>aSToaptlonn^aifluflnt fait®, à la CQnaitioti d’»a Inrwnar</line>
<line>iQadâi9t9S}9nt et psr avec ioatiflcation® &amp; l"appni,</line></par>
<par>
<line>l'IajrtûlflUT gp da Contrôla don» 2a délai da a joart</line></par>
<par>
<line>eoaapt^ra oa Ictardlra 1^ prélêTeiieotap étant tpdcirié</line>
<line>qea la jalasa na pourra dëpaaaar $ fto-daaagna du</line></par>
<par>
<line>Bltaau, aaoB oatta aatorlB .tloD.</line></par>
</text>
</block>
<block><region><rect/></region>
<text>
<par>
<line>■aMjÉhyÉai hiitariqii*p^aUa4^ii»Fé&lt;yaéai&gt;»^&lt;ay*t*w*"iyig.</line></par>
<par>
<line>AAT. 3.</line></par>
<par>
<line>Le présent arrêté sera notifié au PréfeL du département de t ^ .'.rddobg, an 09 Ira</line></par>
<par>
<line>d'iËaarlOa at à la Odcpp^nlo Slactrloue da la lolra et du Saotr^</line>
<line>qui seront respcouables, chacun eu ce qui le concerne, de sou exécution.</line></par>
<par>
<line>int.</line></par>
<par>
<line>li sera transcrit au Bureau des livpolhèques de la situation J U laO C iBSsé «</line></par>
<par>
<line>—</line></par>
</text>
</block>
<block><region><rect/><rect/></region>
<text>
<par>
<line>Paru. U 16jAr;f955</line></par>
<par>
<line>Pour ampliation.</line></par>
<par>
<line>Pool Je Directeur (Rarral des Retas-Arts.</line>
<line>^éwbwét tïïuiüiiii .</line></par>
<par>
<line>t.t CfuJ ia Barras i$s Monamrnts hiitoriqau.</line></par>
</text>
</block>
<block><region><rect/></region>
<text>
<par>
<line>itlMAU Ht i|tMrn|gii|^</line></par>
</text>
</block>
<block><region><rect/></region>
<text>
<par>
<line>iÊdré SÎAUAr:J!^</line></par>
</text>
</block>
<block><region><rect/></region>
<text>
<par>
<line>VU</line></par>
</text>
</block>
<block><region><rect/><rect/><rect/></region>
<text>
<par>
<line>fl* ___</line></par>
<par>
<line>/'[j Valî^/^jr*/^ ^ et ^</line></par>
<par>
<line>•lai"»*»tt V.. . Vr;»éaai*9 le4*ew» __</line></par>
<par>
<line>r~Juj ■ —</line></par>
<par>
<line>lev</line></par>
</text>
</block>
<block><region><rect/></region>
<text>
<par>
<line>U A</line></par>
</text>
</block>











</page>
<page width="2632" height="3614" resolution="300">
<block><region><rect/></region>
<text>
<par/>
</text>
</block>
<block><region><rect/></region>
<text>
<par/>
</text>
</block>
<block><region><rect/></region>
<text>
<par>
<line>M U</line></par>
</text>
</block>
<block><region><rect/></region>
<text>
<par>
<line>CO 4^</line></par>
</text>
</block>
<block><region><rect/></region>
<text>
<par>
<line>CO O)</line></par>
</text>
</block>
<block><region><rect/></region>
<text>
<par>
<line>^ H</line></par>
</text>
</block>
<block><region><rect/></region>
<text>
<par/>
</text>
</block>
<block><region><rect/></region>
<text>
<par/>
</text>
</block>
<block><region><rect/></region>
<text>
<par>
<line>CO *d</line></par>
</text>
</block>
<block><region><rect/></region>
<text>
<par/>
</text>
</block>
<block><region><rect/></region>
<text>
<par>
<line>kl</line></par>
</text>
</block>
<block><region><rect/></region>
<text>
<par>
<line>U O</line></par>
</text>
</block>
<block><region><rect/></region>
<text>
<par>
<line>uA</line></par>
</text>
</block>
<block><region><rect/></region>
<text>
<par>
<line>«&gt;4</line></par>
</text>
</block>
<block><region><rect/></region>
<text>
<par>
<line>0) 1-3</line></par>
</text>
</block>
<block><region><rect/></region>
<text>
<par>
<line>&lt;</line></par>
</text>
</block>
<block><region><rect/></region>
<text>
<par/>
</text>
</block>
<block><region><rect/></region>
<text>
<par>
<line>PC</line></par>
</text>
</block>
<block><region><rect/></region>
<text>
<par>
<line>C P</line></par>
</text>
</block>
<block><region><rect/></region>
<text>
<par>
<line>(U ni</line></par>
</text>
</block>
<block><region><rect/></region>
<text>
<par>
<line>Q</line></par>
</text>
</block>
<block><region><rect/></region>
<text>
<par>
<line>a&gt; &lt;d</line></par>
</text>
</block>
<block><region><rect/></region>
<text>
<par>
<line>lu d</line></par>
</text>
</block>
<block><region><rect/></region>
<text>
<par/>
</text>
</block>
<block><region><rect/></region>
<text>
<par/>
</text>
</block>
<block><region><rect/></region>
<text>
<par>
<line>a s d &lt;u</line>
<line>SS O'U</line></par>
</text>
</block>
<block><region><rect/></region>
<text>
<par>
<line>0*H +&gt;</line>
<line>c O fj d</line>
<line>O -1^ a»</line>
<line>•H d U U</line></par>
<par>
<line>iH 0&gt;</line></par>
<par>
<line>ü H 3</line>
<line>05 41 W *0</line>
<line>0) fH</line></par>
<par>
<line>S^j 4)</line></par>
<par>
<line>0 -H</line></par>
<par>
<line>4) CO Q&lt;</line>
<line>d 0&gt; B</line>
<line>3 H O</line>
<line>O</line></par>
<par>
<line>«d 4&gt;</line></par>
</text>
</block>
<block><region><rect/></region>
<text>
<par>
<line>\</line></par>
</text>
</block>
<block><region><rect/></region>
<text>
<par/>
</text>
</block>
<block><region><rect/></region>
<text>
<par/>
</text>
</block>
<block><region><rect/></region>
<text>
<par>
<line>w ah</line></par>
</text>
</block>
<block><region><rect/></region>
<text>
<par/>
</text>
</block>
<block><region><rect/></region>
<text>
<par/>
</text>
</block>
<block><region><rect/></region>
<text>
<par>
<line>kï</line></par>
</text>
</block>
<block><region><rect/></region>
<text>
<par/>
</text>
</block>
<block><region><rect/></region>
<text>
<par/>
</text>
</block>
<block><region><rect/></region>
<text>
<par>
<line>'J#</line></par>
</text>
</block>
<block><region><rect/></region>
<text>
<par>
<line>-d C</line></par>
</text>
</block>
<block><region><rect/></region>
<text>
<par/>
</text>
</block>
<block><region><rect/></region>
<text>
<par>
<line>UJ</line></par>
</text>
</block>
<block><region><rect/></region>
<text>
<par/>
</text>
</block>
<block><region><rect/></region>
<text>
<par>
<line>PC</line></par>
</text>
</block>
<block><region><rect/></region>
<text>
<par>
<line>&lt;</line></par>
</text>
</block>
<block><region><rect/></region>
<text>
<par/>
</text>
</block>
<block><region><rect/></region>
<text>
<par>
<line>CO</line></par>
</text>
</block>
<block><region><rect/></region>
<text>
<par/>
</text>
</block>
<block><region><rect/></region>
<text>
<par>
<line>na</line></par>
</text>
</block>
<block><region><rect/></region>
<text>
<par>
<line>CO</line></par>
</text>
</block>
<block><region><rect/></region>
<text>
<par>
<line>1'^</line></par>
</text>
</block>
<block><region><rect/></region>
<text>
<par>
<line>Q</line></par>
</text>
</block>
<block><region><rect/><rect/></region>
<text>
<par>
<line>s</line></par>
</text>
</block>
<block><region><rect/></region>
<text>
<par>
<line>Si 0</line></par>
</text>
</block>
<block><region><rect/></region>
<text>
<par>
<line>O</line></par>
</text>
</block>
<block><region><rect/></region>
<text>
<par>
<line>&lt;</line></par>
</text>
</block>
<block><region><rect/></region>
<text>
<par/>
</text>
</block>
<block><region><rect/></region>
<text>
<par>
<line>s ^</line></par>
</text>
</block>
<block><region><rect/></region>
<text>
<par>
<line>K</line></par>
</text>
</block>
<block><region><rect/></region>
<text>
<par>
<line>\</line></par>
</text>
</block>
<block><region><rect/></region>
<text>
<par>
<line>ü -c;</line></par>
</text>
</block>
<block><region><rect/></region>
<text>
<par>
<line>k</line></par>
</text>
</block>
<block><region><rect/></region>
<text>
<par/>
</text>
</block>
<block><region><rect/></region>
<text>
<par>
<line>&lt;</line></par>
</text>
</block>
<block><region><rect/></region>
<text>
<par>
<line>(i;</line></par>
</text>
</block>
<block><region><rect/></region>
<text>
<par/>
</text>
</block>
<block><region><rect/></region>
<text>
<par/>
</text>
</block>
<block><region><rect/></region>
<text>
<par/>
</text>
</block>
<block><region><rect/></region>
<text>
<par/>
</text>
</block>
<block><region><rect/></region>
<text>
<par/>
</text>
</block>
<block><region><rect/></region>
<text>
<par/>
</text>
</block>
<block><region><rect/></region>
<text>
<par/>
</text>
</block>
<block><region><rect/></region>
<text>
<par/>
</text>
</block>
<block><region><rect/></region>
<text>
<par/>
</text>
</block>
<block><region><rect/></region>
<text>
<par>
<line>^Kças</line></par>
</text>
</block>
<block><region><rect/></region>
<text>
<par>
<line>m</line></par>
</text>
</block>
<block><region><rect/></region>
<text>
<par>
<line>mm;</line></par>
<par>
<line>aa aa</line></par>
</text>
</block>
<block><region><rect/></region>
<text>
<par/>
</text>
</block>
<block><region><rect/></region>
<text>
<par>
<line>S3M</line></par>
</text>
</block>
<block><region><rect/></region>
<text>
<par>
<line>‘Cis</line></par>
</text>
</block>
<block><region><rect/></region>
<text>
<par/>
</text>
</block>
<block><region><rect/></region>
<text>
<par/>
</text>
</block>
<block><region><rect/></region>
<text>
<par>
<line>NOisNawnr ^</line></par>
<par>
<line>aa aHHWiik,.</line></par>
</text>
</block>








































</page>
</AC2>