<?xml version="1.0" encoding="UTF-8"?><AC2>
<page width="1688" height="2360" resolution="200">
<block><region><rect/></region>
<text>
<par>
<line>RÉPUBLIQUE FRANÇAISE</line></par>
</text>
</block>
<block><region><rect/><rect/></region>
<text>
<par>
<line>«INISTÈRE DE KTOQgiaHXRïgKEBgK</line></par>
<par>
<line>xsxxcnKX2X£&gt;mxrfficxxiEa</line></par>
</text>
</block>
<block><region><rect/></region>
<text>
<par>
<line>L’USBABISlî^igJ'cflgNLOGEMS’IT *</line></par>
<par>
<line>Oe L'URBANISME ET DES PAYSAGES</line></par>
</text>
</block>
<block><region><rect/></region>
<text>
<par>
<line>J • ■</line></par>
</text>
</block>
<block><region><rect/></region>
<text>
<par>
<line>SITCS</line></par>
</text>
</block>
<block><region><rect/></region>
<text>
<par>
<line>A ^</line></par>
</text>
</block>
<block><region><rect/></region>
<text>
<par>
<line>ARRETE</line></par>
</text>
</block>
<block><region><rect/></region>
<text>
<par/>
</text>
</block>
<block><region><rect/></region>
<text>
<par>
<line>Le MtnUtre de X^JSXXmfmimi</line></par>
</text>
</block>
<block><region><rect/></region>
<text>
<par>
<line>l’Urbanisme et du Logement</line></par>
</text>
</block>
<block><region><rect/></region>
<text>
<par>
<line>VU la loi du 2 mai 1930 réorganisant la protection des monuments naturels</line></par>
<par>
<line>et des sites de caractère artistique, historique, scientifique, légendaire</line>
<line>ou pittoresque, modifiée par la loi n® 67*1174 du 28 décembre 19^7 »</line></par>
</text>
</block>
<block><region><rect/></region>
<text>
<par>
<line>VU le décret n® 69*607 du 13 juin 19^9 portant application des articles</line>
<line>4 et 5*1 de la loi du 2 mai 1930 sur la protection des sites ;</line></par>
<par>
<line>TU le décret n® 70*268 du 51 mars 1970 relatif à la composition et au fonc¬</line>
<line>tionnement des coaimisBions départementales et supérieure des sites ;</line></par>
</text>
</block>
<block><region><rect/></region>
<text>
<par>
<line>CONSIDERANT que les deux ensembles formés sur la commime de BATZ-SUR-MER</line>
<line>(LOIRE ATLANTIQDE) par les deux villages paludiers de EERVALET et de TîlEGATE</line>
<line>constituent un site de caractère pittoresque dont la préservation revêt \m</line>
<line>caractère d’intérêt général au sens de l’article 4 de la loi du 2 mai 1930 ;</line></par>
<par>
<line>VU l’avis émis le 27 juin 1980 par le conseil municipal de BATZ-STJR-MEH ;</line></par>
<par>
<line>VU la délibération du 6 octobre 1980 de la commission départementale des</line>
<line>sites, perspectives et paysages du département de la LOIRE-ATLANTIQUE ;</line></par>
<par>
<line>ARRETE;</line></par>
</text>
</block>
<block><region><rect/></region>
<text>
<par>
<line>ARTICLE 1er Sont inscrits sur l’Inventaire des sites pittoresques du</line>
<line>département de la LOIRE ATLANTIQUE deux ensembles formés sur la commune de</line>
<line>BAT2-SUR-KER par les deux villages paludiers de KERVALET et de TKEGATE et déli,</line>
<line>mités comme suit, dans le sens inverse des aiguilles d’une montre, conformé¬</line>
<line>ment au plan annexé au présent arrêté :</line></par>
<par>
<line>Premier ensemble :</line></par>
</text>
</block>
<block><region><rect/></region>
<text>
<par>
<line>- village de KERVALET : (section Al)</line></par>
<par>
<line>- en partant du Nord à partir de l’angle Nord de la parcelle a* 381</line></par>
<par>
<line>- la face Nord-*0ueet des parcelles n® 381, 380, 382, 383, 410, 411, 377, 578</line></par>
<par>
<line>- la ligne fictive joignant l’angle Nord-Ouest de la parcelle 578 à l’angle Ne:</line>
<line>Est de la parcelle n® 341</line></par>
<par>
<line>- les faces Nord et Ouest de la parcelle n® 341</line></par>
</text>
</block>
<block><region><rect/></region>
<text>
<par>
<line>- la ligne &lt;1roite fictive joignant l’angle Sud-Ouest de la parcello n® 341 à</line>
<line>l’angle Nord-Ouest de la parcelle n® 314</line></par>
</text>
</block>
<block><region><rect/></region>
<text>
<par>
<line>— la face Ouest de la parcelle n® 314&gt; prolongée jusqu’à la face nord d© la</line></par>
<par>
<line>parcelle n® 589,Partie de la face Nord de la parcelle 309</line></par>
<par>
<line>- la face Ouest de la parcelle N®509</line></par>
</text>
</block>
<block><region><rect/></region>
<text>
<par>
<line>A travers</line>
<line>la parcell</line>
<line>de 20 mè tr</line></par>
</text>
</block>
<block><region><rect/></region>
<text>
<par/>
</text>
</block>
<block><region><rect/><rect/><rect/></region>
<text>
<par>
<line>la parcelle Ij</line></par>
<par>
<line>G -ï'309 parallèle à la face S'JU-EST de la paru</line>
<line>es definisGa;it ainsi en son extrSmité un noir</line></par>
</text>
</block>
<block><region><rect/></region>
<text>
<par>
<line>de l'p.ng}.e SüD-C'IJEôt de</line>
<line>N® 302 sur une longuepr</line></par>
</text>
</block>










<block blockType="Picture" blockName="" l="1360" t="423" r="1437" b="442"><region><rect/></region>
</block>
</page>
<page width="1653" height="2336" resolution="200">
<block><region><rect/></region>
<text>
<par>
<line>r la ligne fictivé joignant le point A à l*angle Sud de la parcelle n® 302</line></par>
<par>
<line>- la ligne droite fictive joignant l*angle Sud de la parcelle n® 302</line></par>
<par>
<line>à l*angle Sud-Ouest de la parcelle n® 227 '</line></par>
<par>
<line>la route nationale n® 774 de Plo*érmel au Croisic</line></par>
<par>
<line>- partie de la rue de la chapelle bordant, à l^Est et au Nord, la par¬</line>
<line>celle n® 195</line></par>
<par>
<line>- partie de la face Sud-Est de la parcelle n® 7</line></par>
<par>
<line>- la ligne droite fictive formant prolongement à travers la parcelle n® 7</line>
<line>de la face Nord-Est des parcelles n® 349» 355» 3^7 et 3^5</line></par>
<par>
<line>- les faces Nord-Est des parcelles n® 3^5» 3^4» 5^7» 355 et 549</line></par>
<par>
<line>- les faces Est des parcelles n® 5^6 et 369</line></par>
<par>
<line>- les faces Ouest et Nord-Ouest de la parcelle n® 38^ (non comprise)</line></par>
<par>
<line>- la face Nord-Est des parcelles n® 386 (pour partie), 385» 584» 383 et 581</line></par>
<par>
<line>Second ensemble</line></par>
<par>
<line>Village de TRSGATE (section Al)</line></par>
</text>
</block>
<block><region><rect/></region>
<text>
<par>
<line>- en partant du Nord-Est à partir de l*angle Nord-Est de la parcelle n® 69</line></par>
<par>
<line>- la face Nord-Ouest des parcelles n® 69, 54 et 56</line></par>
<par>
<line>- la face Ouest (pour partie) de la parcelle n® 56</line></par>
<par>
<line>- la face Nord-des parcelles n® 57 et 58</line></par>
<par>
<line>- la face Ouest de la parcelle n® 58 prolongée jusqu’à la face Nord de la</line>
<line>parcelle n® 14</line></par>
<par>
<line>- les faces Nord (pour partie) et Nord-Ouest de la parcelle n® I4 .</line></par>
<par>
<line>- la face Ouest des parcelles I4, 15, 17 à 21 Inclus, 25, 22a, et 24 *</line></par>
<par>
<line>- la route nationale n® 774 de Plo'érmel au Croisic</line></par>
<par>
<line>- le chemin rural n® 1 dit du Doireau</line></par>
<par>
<line>la face Sud-Est des parcelles n® I56, 118, 119, 120, 121</line></par>
<par>
<line>- les faces Sud et Est de la parcelle n® 122</line></par>
<par>
<line>- la face Sud de la parcelle n® 125</line></par>
<par>
<line>- les faces Est des parcelles n® 125, 126, 127, 129 et I32 prolongées jus¬</line>
<line>qu’à l’angle Nord-Est de la parcelle n® 85</line></par>
<par>
<line>- la face Sud-Est des parcelles n® 86 et 82</line></par>
<par>
<line>- la face Est des parcelles n® 81 et 80</line></par>
<par>
<line>- la face Nord-Ouest de la parcelle n® 80</line></par>
<par>
<line>- les faces Est-Nord-Est de la parcelle n® 77</line></par>
<par>
<line>- les faces Sud-Est et Nord-Est de la parcelle n® 69</line></par>
</text>
</block>
<block><region><rect/></region>
<text>
<par>
<line>ARTICLE 2 — Le présent arrêté sera notifié au Préfet de</line>
<line>LE LA LOIRE; Préfet de la LOIRE ATLANTIQUE et au Maire</line>
<line>BATZ-SUR-MER qui seront responsables, chacun en ce qui</line>
<line>son exécution.</line></par>
</text>
</block>
<block><region><rect/></region>
<text>
<par>
<line>région des PATS</line>
<line>de la commune de</line>
<line>le concerne, de</line></par>
</text>
</block>
<block><region><rect/></region>
<text>
<par>
<line>Pait à PARIS, le</line></par>
<par>
<line>1 Ë NOV, ÎSSI</line></par>
</text>
</block>
<block><region><rect/></region>
<text>
<par>
<line>Peur lô Mliiîstro st par délégaiîon</line></par>
<par>
<line>Pour le Directeur de l'Urbanisme</line></par>
</text>
</block>
<block><region><rect/></region>
<text>
<par>
<line>et des Paysages</line></par>
</text>
</block>
<block><region><rect/></region>
<text>
<par>
<line>Chef</line></par>
</text>
</block>
<block><region><rect/></region>
<text>
<par>
<line>du</line></par>
</text>
</block>
<block><region><rect/></region>
<text>
<par>
<line>CO</line></par>
</text>
</block>
<block><region><rect/></region>
<text>
<par>
<line>Le</line></par>
</text>
</block>
<block><region><rect/></region>
<text>
<par>
<line>Sites</line></par>
</text>
</block>
<block><region><rect/></region>
<text>
<par>
<line>es</line></par>
</text>
</block>
<block><region><rect/></region>
<text>
<par>
<line>de</line></par>
</text>
</block>
<block><region><rect/></region>
<text>
<par>
<line>L. CHABASON</line></par>
</text>
</block>




</page>
<page width="2479" height="3504" resolution="300">
<block><region><rect/></region>
<text>
<par>
<line>w</line></par>
</text>
</block>
<block><region><rect/></region>
<text>
<par/>
</text>
</block>
<block><region><rect/></region>
<text>
<par/>
</text>
</block>
<block><region><rect/></region>
<text>
<par>
<line>W. '</line></par>
</text>
</block>
<block><region><rect/></region>
<text>
<par/>
</text>
</block>
<block><region><rect/></region>
<text>
<par>
<line>T .</line></par>
</text>
</block>
<block><region><rect/></region>
<text>
<par/>
</text>
</block>
<block><region><rect/></region>
<text>
<par>
<line>Qj</line></par>
</text>
</block>
<block><region><rect/></region>
<text>
<par/>
</text>
</block>
<block><region><rect/><rect/></region>
<text>
<par>
<line>« ^\</line></par>
</text>
</block>
<block><region><rect/></region>
<text>
<par>
<line>4"</line></par>
</text>
</block>
<block><region><rect/></region>
<text>
<par/>
</text>
</block>
<block><region><rect/></region>
<text>
<par/>
</text>
</block>
<block><region><rect/></region>
<text>
<par>
<line>' \</line></par>
</text>
</block>
<block><region><rect/></region>
<text>
<par>
<line>-VA</line></par>
</text>
</block>
<block><region><rect/></region>
<text>
<par>
<line>«</line></par>
</text>
</block>
<block><region><rect/></region>
<text>
<par>
<line>-A l</line></par>
</text>
</block>
<block><region><rect/></region>
<text>
<par>
<line>,■</line></par>
</text>
</block>
<block><region><rect/></region>
<text>
<par/>
</text>
</block>
<block><region><rect/></region>
<text>
<par/>
</text>
</block>
<block><region><rect/></region>
<text>
<par>
<line>7 î</line></par>
</text>
</block>
<block><region><rect/></region>
<text>
<par>
<line>1.^ ' !■' \</line></par>
</text>
</block>
<block><region><rect/></region>
<text>
<par>
<line>i, O,</line></par>
</text>
</block>
<block><region><rect/><rect/></region>
<text>
<par>
<line>r \'«\ e:€?</line></par>
</text>
</block>
<block><region><rect/></region>
<text>
<par/>
</text>
</block>
<block><region><rect/></region>
<text>
<par>
<line>, — O</line></par>
</text>
</block>
<block><region><rect/></region>
<text>
<par>
<line>\ . \ 8</line></par>
</text>
</block>
<block><region><rect/></region>
<text>
<par>
<line>» \ \</line></par>
</text>
</block>
<block><region><rect/></region>
<text>
<par>
<line>-A-</line></par>
</text>
</block>
<block><region><rect/></region>
<text>
<par/>
</text>
</block>
<block><region><rect/></region>
<text>
<par>
<line>&amp; I</line></par>
</text>
</block>
<block><region><rect/></region>
<text>
<par>
<line>\ î»</line></par>
</text>
</block>
<block><region><rect/></region>
<text>
<par>
<line>P i</line></par>
</text>
</block>
<block><region><rect/></region>
<text>
<par>
<line>\ 3</line></par>
</text>
</block>
<block><region><rect/></region>
<text>
<par/>
</text>
</block>
<block><region><rect/></region>
<text>
<par>
<line>I '</line></par>
</text>
</block>
<block><region><rect/></region>
<text>
<par>
<line>•n</line></par>
</text>
</block>
<block><region><rect/></region>
<text>
<par>
<line>O:,.</line></par>
</text>
</block>
<block><region><rect/></region>
<text>
<par/>
</text>
</block>
<block><region><rect/></region>
<text>
<par>
<line>+ \</line></par>
</text>
</block>
<block><region><rect/></region>
<text>
<par>
<line>4. , '</line></par>
</text>
</block>
<block><region><rect/></region>
<text>
<par>
<line>JA.</line></par>
</text>
</block>
<block><region><rect/></region>
<text>
<par>
<line>\</line></par>
</text>
</block>
<block><region><rect/></region>
<text>
<par/>
</text>
</block>
<block><region><rect/></region>
<text>
<par>
<line>4-</line></par>
</text>
</block>
<block><region><rect/></region>
<text>
<par>
<line>r-</line></par>
</text>
</block>
<block><region><rect/></region>
<text>
<par>
<line>■■ ^ \ '\ iôi 7</line></par>
</text>
</block>
<block><region><rect/></region>
<text>
<par/>
</text>
</block>
<block><region><rect/></region>
<text>
<par/>
</text>
</block>
<block><region><rect/></region>
<text>
<par/>
</text>
</block>
<block><region><rect/></region>
<text>
<par>
<line>JB</line></par>
</text>
</block>
<block><region><rect/></region>
<text>
<par>
<line>■■ry</line></par>
</text>
</block>
<block><region><rect/></region>
<text>
<par>
<line>•4</line></par>
</text>
</block>
<block><region><rect/></region>
<text>
<par>
<line>4"</line></par>
</text>
</block>
<block><region><rect/></region>
<text>
<par>
<line>+</line></par>
</text>
</block>
<block><region><rect/></region>
<text>
<par>
<line>r\</line></par>
</text>
</block>
<block><region><rect/></region>
<text>
<par/>
</text>
</block>
<block><region><rect/></region>
<text>
<par>
<line>fl #</line></par>
</text>
</block>
<block><region><rect/></region>
<text>
<par>
<line>f ! y</line></par>
</text>
</block>
<block><region><rect/></region>
<text>
<par>
<line>r</line></par>
</text>
</block>
<block><region><rect/></region>
<text>
<par/>
</text>
</block>
<block><region><rect/></region>
<text>
<par>
<line>' i</line></par>
</text>
</block>
<block><region><rect/></region>
<text>
<par>
<line>r</line></par>
</text>
</block>
<block><region><rect/></region>
<text>
<par>
<line>4“</line></par>
</text>
</block>
<block><region><rect/></region>
<text>
<par/>
</text>
</block>
<block><region><rect/></region>
<text>
<par>
<line>3 I</line></par>
</text>
</block>
<block><region><rect/></region>
<text>
<par>
<line>/</line></par>
</text>
</block>
<block><region><rect/></region>
<text>
<par>
<line>O</line></par>
</text>
</block>
<block><region><rect/></region>
<text>
<par>
<line>! 1 1.</line></par>
</text>
</block>
<block><region><rect/></region>
<text>
<par>
<line>&lt;73</line></par>
</text>
</block>
<block><region><rect/></region>
<text>
<par>
<line>/f ¥</line></par>
</text>
</block>
<block><region><rect/></region>
<text>
<par>
<line>...L.1</line></par>
</text>
</block>





















</page>
</AC2>