AUVERGNE-RHONE-ALPES| AMBRONAY
AUVERGNE-RHONE-ALPES| AMBUTRIX
AUVERGNE-RHONE-ALPES| ATTIGNAT
AUVERGNE-RHONE-ALPES| BALAN
AUVERGNE-RHONE-ALPES| BANEINS
AUVERGNE-RHONE-ALPES| BELLEGARDE-SUR-VALSERINE
AUVERGNE-RHONE-ALPES| BLYES
AUVERGNE-RHONE-ALPES| CERDON
AUVERGNE-RHONE-ALPES| CHALLEX
AUVERGNE-RHONE-ALPES| CHAMPFROMIER
AUVERGNE-RHONE-ALPES| CHANEINS
AUVERGNE-RHONE-ALPES| CHATEAU-GAILLARD
AUVERGNE-RHONE-ALPES| CHEZERY-FORENS
AUVERGNE-RHONE-ALPES| COLIGNY
AUVERGNE-RHONE-ALPES| CONFORT
AUVERGNE-RHONE-ALPES| CORBONOD
AUVERGNE-RHONE-ALPES| CORVEISSIAT
AUVERGNE-RHONE-ALPES| DAGNEUX
AUVERGNE-RHONE-ALPES| ETREZ
AUVERGNE-RHONE-ALPES| FARGES
AUVERGNE-RHONE-ALPES| FARGES
AUVERGNE-RHONE-ALPES| FOISSIAT
AUVERGNE-RHONE-ALPES| GEX
AUVERGNE-RHONE-ALPES| GRILLY
AUVERGNE-RHONE-ALPES| GUEREINS
AUVERGNE-RHONE-ALPES| INJOUX-GENISSIAT
AUVERGNE-RHONE-ALPES| LEAZ
AUVERGNE-RHONE-ALPES| LOYETTES
AUVERGNE-RHONE-ALPES| LOYETTES
AUVERGNE-RHONE-ALPES| LOYETTES
AUVERGNE-RHONE-ALPES| MONTCET
AUVERGNE-RHONE-ALPES| REYRIEUX
AUVERGNE-RHONE-ALPES| RIGNIEUX-LE-FRANC
AUVERGNE-RHONE-ALPES| SAINT-ANDRE-DE-CORCY
AUVERGNE-RHONE-ALPES| SAINT-JEAN-DE-GONVILLE
AUVERGNE-RHONE-ALPES| SAINTE-JULIE
AUVERGNE-RHONE-ALPES| SAINT-JULIEN-SUR-REYSSOUZE
AUVERGNE-RHONE-ALPES| SAINT-MARTIN-LE-CHATEL
AUVERGNE-RHONE-ALPES| SAINT-SULPICE
AUVERGNE-RHONE-ALPES| SERGY
AUVERGNE-RHONE-ALPES| SEYSSEL
AUVERGNE-RHONE-ALPES| VANDEINS
AUVERGNE-RHONE-ALPES| CHARROUX
AUVERGNE-RHONE-ALPES| GANNAT
PROVENCE-ALPES-COTE D'AZUR| BREOLE
PROVENCE-ALPES-COTE D'AZUR| BREOLE
PROVENCE-ALPES-COTE D'AZUR| MISON
AUVERGNE-RHONE-ALPES| MEYSSE
AUVERGNE-RHONE-ALPES| SAINT-FORTUNAT-SUR-EYRIEUX
AUVERGNE-RHONE-ALPES| SAINT-MARCEL-LES-ANNONAY
ALSACE-CHAMPAGNE-ARDENNE-LORRAINE| CARIGNAN
ALSACE-CHAMPAGNE-ARDENNE-LORRAINE| DOUZY
ALSACE-CHAMPAGNE-ARDENNE-LORRAINE| DOUZY
ALSACE-CHAMPAGNE-ARDENNE-LORRAINE| RAUCOURT-ET-FLABA
ALSACE-CHAMPAGNE-ARDENNE-LORRAINE| REMILLY-AILLICOURT
LANGUEDOC-ROUSSILLON-MIDI-PYRENEES| LABATUT
LANGUEDOC-ROUSSILLON-MIDI-PYRENEES| LESCURE
LANGUEDOC-ROUSSILLON-MIDI-PYRENEES| PRAYOLS
ALSACE-CHAMPAGNE-ARDENNE-LORRAINE| FONTAINE
ALSACE-CHAMPAGNE-ARDENNE-LORRAINE| MAIZIERES-LA-GRANDE-PAROISSE
ALSACE-CHAMPAGNE-ARDENNE-LORRAINE| MAIZIERES-LA-GRANDE-PAROISSE
ALSACE-CHAMPAGNE-ARDENNE-LORRAINE| MAIZIERES-LA-GRANDE-PAROISSE
ALSACE-CHAMPAGNE-ARDENNE-LORRAINE| MAIZIERES-LA-GRANDE-PAROISSE
ALSACE-CHAMPAGNE-ARDENNE-LORRAINE| PINEY
ALSACE-CHAMPAGNE-ARDENNE-LORRAINE| SAINT-MESMIN
LANGUEDOC-ROUSSILLON-MIDI-PYRENEES| BRAM
LANGUEDOC-ROUSSILLON-MIDI-PYRENEES| BOZOULS
LANGUEDOC-ROUSSILLON-MIDI-PYRENEES| MARCILLAC-VALLON
LANGUEDOC-ROUSSILLON-MIDI-PYRENEES| SALLES-LA-SOURCE
LANGUEDOC-ROUSSILLON-MIDI-PYRENEES| CHERVEIX-CUBAS
PROVENCE-ALPES-COTE D'AZUR| CABRIES
PROVENCE-ALPES-COTE D'AZUR| CEYRESTE
PROVENCE-ALPES-COTE D'AZUR| CHATEAURENARD
PROVENCE-ALPES-COTE D'AZUR| ROGNAC
PROVENCE-ALPES-COTE D'AZUR| ROQUEVAIRE
PROVENCE-ALPES-COTE D'AZUR| SAINT-ETIENNE-DU-GRES
PROVENCE-ALPES-COTE D'AZUR| SAINT-ETIENNE-DU-GRES
PROVENCE-ALPES-COTE D'AZUR| SAINT-MITRE-LES-REMPARTS
PROVENCE-ALPES-COTE D'AZUR| SAINT-VICTORET
NORMANDIE| CARPIQUET
NORMANDIE| CARPIQUET
AUVERGNE-RHONE-ALPES| POLMINHAC
AUVERGNE-RHONE-ALPES| ROFFIAC
AQUITAINE-LIMOUSIN-POITOU-CHARENTES| CORREZE
AQUITAINE-LIMOUSIN-POITOU-CHARENTES| DONZENAC
AQUITAINE-LIMOUSIN-POITOU-CHARENTES| EYREIN
AQUITAINE-LIMOUSIN-POITOU-CHARENTES| EYREIN
AQUITAINE-LIMOUSIN-POITOU-CHARENTES| MANSAC
AQUITAINE-LIMOUSIN-POITOU-CHARENTES| MANSAC
AQUITAINE-LIMOUSIN-POITOU-CHARENTES| NAVES
AQUITAINE-LIMOUSIN-POITOU-CHARENTES| NOAILLES
AQUITAINE-LIMOUSIN-POITOU-CHARENTES| ROSIERS-D'EGLETONS
AQUITAINE-LIMOUSIN-POITOU-CHARENTES| VIGEOIS
AQUITAINE-LIMOUSIN-POITOU-CHARENTES| VIGEOIS
BOURGOGNE-FRANCHE-COMTE| BEZOUOTTE
BOURGOGNE-FRANCHE-COMTE| BLIGNY-SUR-OUCHE
BOURGOGNE-FRANCHE-COMTE| CHATILLON-SUR-SEINE
BOURGOGNE-FRANCHE-COMTE| CLENAY
BOURGOGNE-FRANCHE-COMTE| CREPAND
BOURGOGNE-FRANCHE-COMTE| DAIX
BOURGOGNE-FRANCHE-COMTE| FAIN-LES-MONTBARD
BOURGOGNE-FRANCHE-COMTE| FENAY
BOURGOGNE-FRANCHE-COMTE| HAUTEVILLE-LES-DIJON
BOURGOGNE-FRANCHE-COMTE| IS-SUR-TILLE
BOURGOGNE-FRANCHE-COMTE| LUX
BOURGOGNE-FRANCHE-COMTE| NEUILLY-LES-DIJON
BOURGOGNE-FRANCHE-COMTE| NORGES-LA-VILLE
BOURGOGNE-FRANCHE-COMTE| PERNAND-VERGELESSES
BOURGOGNE-FRANCHE-COMTE| PLUVAULT
BOURGOGNE-FRANCHE-COMTE| QUETIGNY
BOURGOGNE-FRANCHE-COMTE| ROUVRES-EN-PLAINE
BOURGOGNE-FRANCHE-COMTE| SAINT-APOLLINAIRE
BOURGOGNE-FRANCHE-COMTE| SAINT-JULIEN
BOURGOGNE-FRANCHE-COMTE| SAINTE-MARIE-LA-BLANCHE
BOURGOGNE-FRANCHE-COMTE| SAULIEU
BOURGOGNE-FRANCHE-COMTE| SAULIEU
BOURGOGNE-FRANCHE-COMTE| SELONGEY
BOURGOGNE-FRANCHE-COMTE| TART-LE-BAS
BRETAGNE| KERMARIA-SULARD
BRETAGNE| LANGOAT
BRETAGNE| LANLOUP
BRETAGNE| LANMODEZ
BRETAGNE| PLOUGUIEL
BRETAGNE| PLOUNEVEZ-MOEDEC
BRETAGNE| POMMERIT-JAUDY
BRETAGNE| ROCHE-DERRIEN
BRETAGNE| ROSPEZ
BRETAGNE| ROSPEZ
BRETAGNE| ROSPEZ
BRETAGNE| TONQUEDEC
BRETAGNE| TREDREZ-LOCQUEMEAU
AQUITAINE-LIMOUSIN-POITOU-CHARENTES| AGONAC
AQUITAINE-LIMOUSIN-POITOU-CHARENTES| BACHELLERIE
AQUITAINE-LIMOUSIN-POITOU-CHARENTES| BEYNAC-ET-CAZENAC
AQUITAINE-LIMOUSIN-POITOU-CHARENTES| BUISSON-DE-CADOUIN
AQUITAINE-LIMOUSIN-POITOU-CHARENTES| CAZOULES
AQUITAINE-LIMOUSIN-POITOU-CHARENTES| CHAPELLE-GONAGUET
AQUITAINE-LIMOUSIN-POITOU-CHARENTES| COUX ET BIGAROQUE-MOUZENS
AQUITAINE-LIMOUSIN-POITOU-CHARENTES| LALINDE
AQUITAINE-LIMOUSIN-POITOU-CHARENTES| PAZAYAC
AQUITAINE-LIMOUSIN-POITOU-CHARENTES| SAINTE-MONDANE
AQUITAINE-LIMOUSIN-POITOU-CHARENTES| SAINTE-ORSE
AQUITAINE-LIMOUSIN-POITOU-CHARENTES| SAINTE-ORSE
AQUITAINE-LIMOUSIN-POITOU-CHARENTES| SAVIGNAC-LES-EGLISES
AQUITAINE-LIMOUSIN-POITOU-CHARENTES| TERRASSON-LAVILLEDIEU
AQUITAINE-LIMOUSIN-POITOU-CHARENTES| URVAL
AQUITAINE-LIMOUSIN-POITOU-CHARENTES| VEYRIGNAC
AQUITAINE-LIMOUSIN-POITOU-CHARENTES| VEYRIGNAC
AQUITAINE-LIMOUSIN-POITOU-CHARENTES| VEZAC
BOURGOGNE-FRANCHE-COMTE| LONGEVILLE
BOURGOGNE-FRANCHE-COMTE| MALBUISSON
BOURGOGNE-FRANCHE-COMTE| TOUR-DE-SCAY
AUVERGNE-RHONE-ALPES| ANCONE
AUVERGNE-RHONE-ALPES| BEAUSEMBLANT
AUVERGNE-RHONE-ALPES| BESAYES
AUVERGNE-RHONE-ALPES| CHATEAUNEUF-DU-RHONE
AUVERGNE-RHONE-ALPES| COUCOURDE
AUVERGNE-RHONE-ALPES| CREPOL
AUVERGNE-RHONE-ALPES| LAVEYRON
AUVERGNE-RHONE-ALPES| MALISSARD
AUVERGNE-RHONE-ALPES| MARSAZ
AUVERGNE-RHONE-ALPES| MONTBOUCHER-SUR-JABRON
AUVERGNE-RHONE-ALPES| MONTELIMAR
AUVERGNE-RHONE-ALPES| ROCHEFORT-SAMSON
AUVERGNE-RHONE-ALPES| ROYNAC
AUVERGNE-RHONE-ALPES| SAVASSE
NORMANDIE| ANDELYS
NORMANDIE| 27128
NORMANDIE| 27128
NORMANDIE| CHARLEVAL
NORMANDIE| 27255
NORMANDIE| GISORS
NORMANDIE| GISORS
NORMANDIE| HAUVILLE
NORMANDIE| IVILLE
NORMANDIE| SAINT-AUBIN-D'ECROSVILLE
NORMANDIE| SAUSSAYE
NORMANDIE| 27653
CENTRE-VAL DE LOIRE| GARANCIERES-EN-BEAUCE
CENTRE-VAL DE LOIRE| GARANCIERES-EN-BEAUCE
CENTRE-VAL DE LOIRE| GOUILLONS
BRETAGNE| BRENNILIS
BRETAGNE| CLEDEN-POHER
BRETAGNE| PLEYBEN
BRETAGNE| PLOUGOULM
BRETAGNE| QUIMPER
CORSE| VILLANOVA
LANGUEDOC-ROUSSILLON-MIDI-PYRENEES| AIMARGUES
LANGUEDOC-ROUSSILLON-MIDI-PYRENEES| ROCHEFORT-DU-GARD
LANGUEDOC-ROUSSILLON-MIDI-PYRENEES| SALINDRES
LANGUEDOC-ROUSSILLON-MIDI-PYRENEES| AIGNES
LANGUEDOC-ROUSSILLON-MIDI-PYRENEES| ARTIGUE
LANGUEDOC-ROUSSILLON-MIDI-PYRENEES| AUREVILLE
LANGUEDOC-ROUSSILLON-MIDI-PYRENEES| AUREVILLE
LANGUEDOC-ROUSSILLON-MIDI-PYRENEES| AURIGNAC
LANGUEDOC-ROUSSILLON-MIDI-PYRENEES| AUZIELLE
LANGUEDOC-ROUSSILLON-MIDI-PYRENEES| BELBERAUD
LANGUEDOC-ROUSSILLON-MIDI-PYRENEES| BERAT
LANGUEDOC-ROUSSILLON-MIDI-PYRENEES| BOISSEDE
LANGUEDOC-ROUSSILLON-MIDI-PYRENEES| BOUSSENS
LANGUEDOC-ROUSSILLON-MIDI-PYRENEES| CASTAGNEDE
LANGUEDOC-ROUSSILLON-MIDI-PYRENEES| CASTANET-TOLOSAN
LANGUEDOC-ROUSSILLON-MIDI-PYRENEES| CASTELMAUROU
LANGUEDOC-ROUSSILLON-MIDI-PYRENEES| CIERP-GAUD
LANGUEDOC-ROUSSILLON-MIDI-PYRENEES| CIERP-GAUD
LANGUEDOC-ROUSSILLON-MIDI-PYRENEES| CINTEGABELLE
LANGUEDOC-ROUSSILLON-MIDI-PYRENEES| CINTEGABELLE
LANGUEDOC-ROUSSILLON-MIDI-PYRENEES| DEYME
LANGUEDOC-ROUSSILLON-MIDI-PYRENEES| DONNEVILLE
LANGUEDOC-ROUSSILLON-MIDI-PYRENEES| DREMIL-LAFAGE
LANGUEDOC-ROUSSILLON-MIDI-PYRENEES| ENCAUSSE-LES-THERMES
LANGUEDOC-ROUSSILLON-MIDI-PYRENEES| FABAS
LANGUEDOC-ROUSSILLON-MIDI-PYRENEES| FONTENILLES
LANGUEDOC-ROUSSILLON-MIDI-PYRENEES| GAURE
LANGUEDOC-ROUSSILLON-MIDI-PYRENEES| GEMIL
LANGUEDOC-ROUSSILLON-MIDI-PYRENEES| GOURDAN-POLIGNAN
LANGUEDOC-ROUSSILLON-MIDI-PYRENEES| HUOS
LANGUEDOC-ROUSSILLON-MIDI-PYRENEES| ISLE-EN-DODON
LANGUEDOC-ROUSSILLON-MIDI-PYRENEES| ISSUS
LANGUEDOC-ROUSSILLON-MIDI-PYRENEES| LABASTIDE-BEAUVOIR
LANGUEDOC-ROUSSILLON-MIDI-PYRENEES| LABASTIDE-BEAUVOIR
LANGUEDOC-ROUSSILLON-MIDI-PYRENEES| LABASTIDETTE
LANGUEDOC-ROUSSILLON-MIDI-PYRENEES| LABEGE
LANGUEDOC-ROUSSILLON-MIDI-PYRENEES| LABRUYERE-DORSA
LANGUEDOC-ROUSSILLON-MIDI-PYRENEES| LAUZERVILLE
LANGUEDOC-ROUSSILLON-MIDI-PYRENEES| LAYRAC-SUR-TARN
LANGUEDOC-ROUSSILLON-MIDI-PYRENEES| MENVILLE
LANGUEDOC-ROUSSILLON-MIDI-PYRENEES| MONTAUBAN-DE-LUCHON
LANGUEDOC-ROUSSILLON-MIDI-PYRENEES| MONTAUBAN-DE-LUCHON
LANGUEDOC-ROUSSILLON-MIDI-PYRENEES| MONTESQUIEU-GUITTAUT
LANGUEDOC-ROUSSILLON-MIDI-PYRENEES| MONTGISCARD
LANGUEDOC-ROUSSILLON-MIDI-PYRENEES| MONTLAUR
LANGUEDOC-ROUSSILLON-MIDI-PYRENEES| MONTLAUR
LANGUEDOC-ROUSSILLON-MIDI-PYRENEES| MONTREJEAU
LANGUEDOC-ROUSSILLON-MIDI-PYRENEES| NOUEILLES
LANGUEDOC-ROUSSILLON-MIDI-PYRENEES| RIEUX-VOLVESTRE
LANGUEDOC-ROUSSILLON-MIDI-PYRENEES| RIEUX-VOLVESTRE
LANGUEDOC-ROUSSILLON-MIDI-PYRENEES| ROQUES
LANGUEDOC-ROUSSILLON-MIDI-PYRENEES| SAINT-GENIES-BELLEVUE
LANGUEDOC-ROUSSILLON-MIDI-PYRENEES| SAINT-JULIA
LANGUEDOC-ROUSSILLON-MIDI-PYRENEES| SAINT-JULIA
LANGUEDOC-ROUSSILLON-MIDI-PYRENEES| SAINT-JULIA
LANGUEDOC-ROUSSILLON-MIDI-PYRENEES| SAINT-JULIA
LANGUEDOC-ROUSSILLON-MIDI-PYRENEES| SAINT-LOUP-CAMMAS
LANGUEDOC-ROUSSILLON-MIDI-PYRENEES| SAINT-LOUP-CAMMAS
LANGUEDOC-ROUSSILLON-MIDI-PYRENEES| SAINT-MARCEL-PAULEL
LANGUEDOC-ROUSSILLON-MIDI-PYRENEES| SAINT-MARTORY
LANGUEDOC-ROUSSILLON-MIDI-PYRENEES| SAINT-RUSTICE
LANGUEDOC-ROUSSILLON-MIDI-PYRENEES| SALVETAT-LAURAGAIS
LANGUEDOC-ROUSSILLON-MIDI-PYRENEES| SAUVETERRE-DE-COMMINGES
LANGUEDOC-ROUSSILLON-MIDI-PYRENEES| SAVARTHES
LANGUEDOC-ROUSSILLON-MIDI-PYRENEES| SEILHAN
LANGUEDOC-ROUSSILLON-MIDI-PYRENEES| VALENTINE
LANGUEDOC-ROUSSILLON-MIDI-PYRENEES| VALENTINE
LANGUEDOC-ROUSSILLON-MIDI-PYRENEES| VIEILLE-TOULOUSE
LANGUEDOC-ROUSSILLON-MIDI-PYRENEES| VIGOULET-AUZIL
LANGUEDOC-ROUSSILLON-MIDI-PYRENEES| VILLEFRANCHE-DE-LAURAGAIS
LANGUEDOC-ROUSSILLON-MIDI-PYRENEES| VILLENEUVE-TOLOSANE
LANGUEDOC-ROUSSILLON-MIDI-PYRENEES| AUBIET
LANGUEDOC-ROUSSILLON-MIDI-PYRENEES| AUBIET
LANGUEDOC-ROUSSILLON-MIDI-PYRENEES| AUCH
LANGUEDOC-ROUSSILLON-MIDI-PYRENEES| BERRAC
LANGUEDOC-ROUSSILLON-MIDI-PYRENEES| BERRAC
LANGUEDOC-ROUSSILLON-MIDI-PYRENEES| CASTERA-LECTOUROIS
LANGUEDOC-ROUSSILLON-MIDI-PYRENEES| CASTERA-LECTOUROIS
LANGUEDOC-ROUSSILLON-MIDI-PYRENEES| CASTEX
LANGUEDOC-ROUSSILLON-MIDI-PYRENEES| CASTILLON-SAVES
LANGUEDOC-ROUSSILLON-MIDI-PYRENEES| CASTILLON-SAVES
LANGUEDOC-ROUSSILLON-MIDI-PYRENEES| CASTILLON-SAVES
LANGUEDOC-ROUSSILLON-MIDI-PYRENEES| CASTILLON-SAVES
LANGUEDOC-ROUSSILLON-MIDI-PYRENEES| CASTILLON-SAVES
LANGUEDOC-ROUSSILLON-MIDI-PYRENEES| CASTILLON-SAVES
LANGUEDOC-ROUSSILLON-MIDI-PYRENEES| CASTILLON-SAVES
LANGUEDOC-ROUSSILLON-MIDI-PYRENEES| CASTILLON-SAVES
LANGUEDOC-ROUSSILLON-MIDI-PYRENEES| MAUVEZIN
LANGUEDOC-ROUSSILLON-MIDI-PYRENEES| MONTAUT
LANGUEDOC-ROUSSILLON-MIDI-PYRENEES| SABAILLAN
LANGUEDOC-ROUSSILLON-MIDI-PYRENEES| SAINT-JEAN-POUTGE
AQUITAINE-LIMOUSIN-POITOU-CHARENTES| AILLAS
AQUITAINE-LIMOUSIN-POITOU-CHARENTES| BARON
AQUITAINE-LIMOUSIN-POITOU-CHARENTES| CEZAC
AQUITAINE-LIMOUSIN-POITOU-CHARENTES| CISSAC-MEDOC
AQUITAINE-LIMOUSIN-POITOU-CHARENTES| GENERAC
AQUITAINE-LIMOUSIN-POITOU-CHARENTES| LAPOUYADE
AQUITAINE-LIMOUSIN-POITOU-CHARENTES| MARCILLAC
AQUITAINE-LIMOUSIN-POITOU-CHARENTES| MARTILLAC
AQUITAINE-LIMOUSIN-POITOU-CHARENTES| ORIGNE
AQUITAINE-LIMOUSIN-POITOU-CHARENTES| PRIGNAC-ET-MARCAMPS
AQUITAINE-LIMOUSIN-POITOU-CHARENTES| SAINT-GIRONS-D'AIGUEVIVES
AQUITAINE-LIMOUSIN-POITOU-CHARENTES| SAINT-LAURENT-MEDOC
AQUITAINE-LIMOUSIN-POITOU-CHARENTES| SAINT-SYMPHORIEN
AQUITAINE-LIMOUSIN-POITOU-CHARENTES| 33495
AQUITAINE-LIMOUSIN-POITOU-CHARENTES| SAVIGNAC
AQUITAINE-LIMOUSIN-POITOU-CHARENTES| TALAIS
AQUITAINE-LIMOUSIN-POITOU-CHARENTES| VENSAC
AQUITAINE-LIMOUSIN-POITOU-CHARENTES| VILLEGOUGE
LANGUEDOC-ROUSSILLON-MIDI-PYRENEES| LIEURAN-LES-BEZIERS
LANGUEDOC-ROUSSILLON-MIDI-PYRENEES| LIEURAN-LES-BEZIERS
LANGUEDOC-ROUSSILLON-MIDI-PYRENEES| SERIGNAN
BRETAGNE| ANDOUILLE-NEUVILLE
BRETAGNE| BREAL-SOUS-MONTFORT
BRETAGNE| BREAL-SOUS-MONTFORT
BRETAGNE| CHAPELLE-CHAUSSEE
BRETAGNE| CHAPELLE-CHAUSSEE
BRETAGNE| CHAPELLE-CHAUSSEE
BRETAGNE| LAILLE
BRETAGNE| MAXENT
BRETAGNE| MEZIERE
BRETAGNE| MINIHIC-SUR-RANCE
BRETAGNE| MONTREUIL-SUR-ILLE
BRETAGNE| MONTREUIL-SUR-ILLE
BRETAGNE| PAIMPONT
BRETAGNE| SAINT-AUBIN-D'AUBIGNE
BRETAGNE| SAINT-GONDRAN
BRETAGNE| SAINT-LUNAIRE
BRETAGNE| SAINT-MEDARD-SUR-ILLE
BRETAGNE| SAINT-PERAN
BRETAGNE| SELLE-EN-LUITRE
BRETAGNE| SENS-DE-BRETAGNE
BRETAGNE| VIEUX-VY-SUR-COUESNON
BRETAGNE| VIEUX-VY-SUR-COUESNON
CENTRE-VAL DE LOIRE| ARGENTON-SUR-CREUSE
CENTRE-VAL DE LOIRE| CANDES-SAINT-MARTIN
CENTRE-VAL DE LOIRE| CANGEY
CENTRE-VAL DE LOIRE| CERE-LA-RONDE
CENTRE-VAL DE LOIRE| CHATEAU-LA-VALLIERE
CENTRE-VAL DE LOIRE| CINAIS
CENTRE-VAL DE LOIRE| CIVRAY-DE-TOURAINE
CENTRE-VAL DE LOIRE| CLERE-LES-PINS
CENTRE-VAL DE LOIRE| CLERE-LES-PINS
CENTRE-VAL DE LOIRE| COURCAY
CENTRE-VAL DE LOIRE| COURCELLES-DE-TOURAINE
CENTRE-VAL DE LOIRE| COUZIERS
CENTRE-VAL DE LOIRE| CROIX-EN-TOURAINE
CENTRE-VAL DE LOIRE| DIERRE
CENTRE-VAL DE LOIRE| LERNE
CENTRE-VAL DE LOIRE| LIMERAY
CENTRE-VAL DE LOIRE| MARCAY
CENTRE-VAL DE LOIRE| MONTBAZON
CENTRE-VAL DE LOIRE| MOSNES
CENTRE-VAL DE LOIRE| NEUILLE-LE-LIERRE
CENTRE-VAL DE LOIRE| NEUILLE-LE-LIERRE
CENTRE-VAL DE LOIRE| NOIZAY
CENTRE-VAL DE LOIRE| NOYANT-DE-TOURAINE
CENTRE-VAL DE LOIRE| RIGNY-USSE
CENTRE-VAL DE LOIRE| RIVIERE
CENTRE-VAL DE LOIRE| ROCHE-CLERMAULT
CENTRE-VAL DE LOIRE| SAINT-GERMAIN-SUR-VIENNE
CENTRE-VAL DE LOIRE| SAINT-MICHEL-SUR-LOIRE
CENTRE-VAL DE LOIRE| SAINT-PATRICE
CENTRE-VAL DE LOIRE| SEUILLY
CENTRE-VAL DE LOIRE| THIZAY
CENTRE-VAL DE LOIRE| VALLERES
CENTRE-VAL DE LOIRE| VERNOU-SUR-BRENNE
CENTRE-VAL DE LOIRE| VILLAINES-LES-ROCHERS
CENTRE-VAL DE LOIRE| VILLAINES-LES-ROCHERS
AUVERGNE-RHONE-ALPES| APPRIEU
AUVERGNE-RHONE-ALPES| BURCIN
AUVERGNE-RHONE-ALPES| CHABONS
AUVERGNE-RHONE-ALPES| CHABONS
AUVERGNE-RHONE-ALPES| CHAMP-SUR-DRAC
AUVERGNE-RHONE-ALPES| DIZIMIEU
AUVERGNE-RHONE-ALPES| DOMENE
AUVERGNE-RHONE-ALPES| EYBENS
AUVERGNE-RHONE-ALPES| FLACHERES
AUVERGNE-RHONE-ALPES| GIERES
AUVERGNE-RHONE-ALPES| HERBEYS
AUVERGNE-RHONE-ALPES| JARRIE
AUVERGNE-RHONE-ALPES| MEYLAN
AUVERGNE-RHONE-ALPES| MONTCHABOUD
AUVERGNE-RHONE-ALPES| MURETTE
AUVERGNE-RHONE-ALPES| PEAGE-DE-ROUSSILLON
AUVERGNE-RHONE-ALPES| PONT-DE-CLAIX
AUVERGNE-RHONE-ALPES| PONT-DE-CLAIX
AUVERGNE-RHONE-ALPES| QUAIX-EN-CHARTREUSE
AUVERGNE-RHONE-ALPES| SAINT-BARTHELEMY-DE-SECHILIENNE
AUVERGNE-RHONE-ALPES| SAINT-EGREVE
AUVERGNE-RHONE-ALPES| SAINT-EGREVE
AUVERGNE-RHONE-ALPES| SAINT-EGREVE
AUVERGNE-RHONE-ALPES| SAINT-GEORGES-DE-COMMIERS
AUVERGNE-RHONE-ALPES| SAINT-JEAN-DE-VAULX
AUVERGNE-RHONE-ALPES| SAINT-PAUL-DE-VARCES
AUVERGNE-RHONE-ALPES| SAINT-QUENTIN-SUR-ISERE
AUVERGNE-RHONE-ALPES| SAINT-QUENTIN-SUR-ISERE
AUVERGNE-RHONE-ALPES| SAINT-ROMAIN-DE-JALIONAS
AUVERGNE-RHONE-ALPES| VARCES-ALLIERES-ET-RISSET
AUVERGNE-RHONE-ALPES| VARCES-ALLIERES-ET-RISSET
AUVERGNE-RHONE-ALPES| VERTRIEU
AUVERGNE-RHONE-ALPES| VIF
AUVERGNE-RHONE-ALPES| VIF
AUVERGNE-RHONE-ALPES| VIF
AUVERGNE-RHONE-ALPES| VINAY
AQUITAINE-LIMOUSIN-POITOU-CHARENTES| AIRE-SUR-L'ADOUR
AQUITAINE-LIMOUSIN-POITOU-CHARENTES| AIRE-SUR-L'ADOUR
AQUITAINE-LIMOUSIN-POITOU-CHARENTES| ARUE
AQUITAINE-LIMOUSIN-POITOU-CHARENTES| ARX
AQUITAINE-LIMOUSIN-POITOU-CHARENTES| CREON-D'ARMAGNAC
AQUITAINE-LIMOUSIN-POITOU-CHARENTES| ESTIGARDE
AQUITAINE-LIMOUSIN-POITOU-CHARENTES| GABARRET
AQUITAINE-LIMOUSIN-POITOU-CHARENTES| HASTINGUES
AQUITAINE-LIMOUSIN-POITOU-CHARENTES| HASTINGUES
AQUITAINE-LIMOUSIN-POITOU-CHARENTES| LABRIT
AQUITAINE-LIMOUSIN-POITOU-CHARENTES| LINXE
AQUITAINE-LIMOUSIN-POITOU-CHARENTES| MIMBASTE
AQUITAINE-LIMOUSIN-POITOU-CHARENTES| MONT-DE-MARSAN
AQUITAINE-LIMOUSIN-POITOU-CHARENTES| PARENTIS-EN-BORN
AQUITAINE-LIMOUSIN-POITOU-CHARENTES| POMAREZ
AQUITAINE-LIMOUSIN-POITOU-CHARENTES| POMAREZ
AQUITAINE-LIMOUSIN-POITOU-CHARENTES| POUILLON
AQUITAINE-LIMOUSIN-POITOU-CHARENTES| SAINT-AVIT
AQUITAINE-LIMOUSIN-POITOU-CHARENTES| SAINT-AVIT
AQUITAINE-LIMOUSIN-POITOU-CHARENTES| SAINT-AVIT
AQUITAINE-LIMOUSIN-POITOU-CHARENTES| SAINT-PAUL-EN-BORN
AQUITAINE-LIMOUSIN-POITOU-CHARENTES| SAINT-PAUL-LES-DAX
AQUITAINE-LIMOUSIN-POITOU-CHARENTES| SEIGNOSSE
AQUITAINE-LIMOUSIN-POITOU-CHARENTES| SOORTS-HOSSEGOR
AQUITAINE-LIMOUSIN-POITOU-CHARENTES| SORDE-L'ABBAYE
AQUITAINE-LIMOUSIN-POITOU-CHARENTES| SORDE-L'ABBAYE
AQUITAINE-LIMOUSIN-POITOU-CHARENTES| SORE
AQUITAINE-LIMOUSIN-POITOU-CHARENTES| VILLENEUVE-DE-MARSAN
CENTRE-VAL DE LOIRE| ANGE
CENTRE-VAL DE LOIRE| CELLETTES
CENTRE-VAL DE LOIRE| CELLETTES
CENTRE-VAL DE LOIRE| CELLETTES
CENTRE-VAL DE LOIRE| CHAUSSEE-SAINT-VICTOR
CENTRE-VAL DE LOIRE| CHISSAY-EN-TOURAINE
CENTRE-VAL DE LOIRE| CHOUZY-SUR-CISSE
CENTRE-VAL DE LOIRE| CORMERAY
CENTRE-VAL DE LOIRE| COUR-CHEVERNY
CENTRE-VAL DE LOIRE| FAVEROLLES-SUR-CHER
CENTRE-VAL DE LOIRE| FAVEROLLES-SUR-CHER
CENTRE-VAL DE LOIRE| FERTE-IMBAULT
CENTRE-VAL DE LOIRE| FERTE-SAINT-CYR
CENTRE-VAL DE LOIRE| FOSSE
CENTRE-VAL DE LOIRE| FOSSE
CENTRE-VAL DE LOIRE| FOUGERES-SUR-BIEVRE
CENTRE-VAL DE LOIRE| FRETEVAL
CENTRE-VAL DE LOIRE| HERBAULT
CENTRE-VAL DE LOIRE| HUISSEAU-SUR-COSSON
CENTRE-VAL DE LOIRE| LAMOTTE-BEUVRON
CENTRE-VAL DE LOIRE| MASLIVES
CENTRE-VAL DE LOIRE| MENARS
CENTRE-VAL DE LOIRE| VALENCISSE
CENTRE-VAL DE LOIRE| MONTEAUX
CENTRE-VAL DE LOIRE| MONTLIVAULT
CENTRE-VAL DE LOIRE| MONT-PRES-CHAMBORD
CENTRE-VAL DE LOIRE| MONTRICHARD VAL DE CHER
CENTRE-VAL DE LOIRE| MOREE
CENTRE-VAL DE LOIRE| ONZAIN
CENTRE-VAL DE LOIRE| 41169
CENTRE-VAL DE LOIRE| OUCHAMPS
CENTRE-VAL DE LOIRE| PIERREFITTE-SUR-SAULDRE
CENTRE-VAL DE LOIRE| RILLY-SUR-LOIRE
CENTRE-VAL DE LOIRE| SAINT-AIGNAN
CENTRE-VAL DE LOIRE| SAINT-AIGNAN
CENTRE-VAL DE LOIRE| SAINT-HILAIRE-LA-GRAVELLE
CENTRE-VAL DE LOIRE| SAINT-LAURENT-NOUAN
CENTRE-VAL DE LOIRE| SAINT-SULPICE-DE-POMMERAY
CENTRE-VAL DE LOIRE| SAINT-SULPICE-DE-POMMERAY
CENTRE-VAL DE LOIRE| SALBRIS
CENTRE-VAL DE LOIRE| THESEE
CENTRE-VAL DE LOIRE| VERNOU-EN-SOLOGNE
CENTRE-VAL DE LOIRE| VILLEBAROU
CENTRE-VAL DE LOIRE| VILLEBAROU
AUVERGNE-RHONE-ALPES| ANDREZIEUX-BOUTHEON
AUVERGNE-RHONE-ALPES| CHAMBON-FEUGEROLLES
AUVERGNE-RHONE-ALPES| FARNAY
AUVERGNE-RHONE-ALPES| FIRMINY
AUVERGNE-RHONE-ALPES| FIRMINY
AUVERGNE-RHONE-ALPES| FOUILLOUSE
AUVERGNE-RHONE-ALPES| HORME
AUVERGNE-RHONE-ALPES| NOLLIEUX
AUVERGNE-RHONE-ALPES| PERREUX
AUVERGNE-RHONE-ALPES| ROANNE
AUVERGNE-RHONE-ALPES| SAINT-GALMIER
AUVERGNE-RHONE-ALPES| SAINT-GALMIER
AUVERGNE-RHONE-ALPES| SAINT-LEGER-SUR-ROANNE
AUVERGNE-RHONE-ALPES| SAINT-ROMAIN-EN-JAREZ
AUVERGNE-RHONE-ALPES| SAINT-VINCENT-DE-BOISSET
AUVERGNE-RHONE-ALPES| TALAUDIERE
AUVERGNE-RHONE-ALPES| TALAUDIERE
AUVERGNE-RHONE-ALPES| TALAUDIERE
AUVERGNE-RHONE-ALPES| TARTARAS
AUVERGNE-RHONE-ALPES| VALLA-EN-GIER
AUVERGNE-RHONE-ALPES| BRIOUDE
AUVERGNE-RHONE-ALPES| COHADE
AUVERGNE-RHONE-ALPES| ESTABLES
AUVERGNE-RHONE-ALPES| LANGEAC
AUVERGNE-RHONE-ALPES| PAULHAC
AUVERGNE-RHONE-ALPES| PAULHAC
AUVERGNE-RHONE-ALPES| PAULHAGUET
AUVERGNE-RHONE-ALPES| SAINTE-FLORINE
AUVERGNE-RHONE-ALPES| SAINTE-FLORINE
PAYS DE LA LOIRE| BIGNON
PAYS DE LA LOIRE| HERBIGNAC
PAYS DE LA LOIRE| MAUMUSSON
PAYS DE LA LOIRE| MESANGER
PAYS DE LA LOIRE| MESQUER
PAYS DE LA LOIRE| MONTBERT
PAYS DE LA LOIRE| PONT-SAINT-MARTIN
PAYS DE LA LOIRE| POULIGUEN
PAYS DE LA LOIRE| PREFAILLES
PAYS DE LA LOIRE| SAINT-COLOMBAN
PAYS DE LA LOIRE| SAINT-MARS-LA-JAILLE
PAYS DE LA LOIRE| SAINTE-PAZANNE
PAYS DE LA LOIRE| SAINTE-PAZANNE
PAYS DE LA LOIRE| TURBALLE
PAYS DE LA LOIRE| GENESTON
PAYS DE LA LOIRE| GENESTON
CENTRE-VAL DE LOIRE| SAINT-MARTIAL-DE-NABIRAT
LANGUEDOC-ROUSSILLON-MIDI-PYRENEES| CAMBES
AQUITAINE-LIMOUSIN-POITOU-CHARENTES| ANDIRAN
AQUITAINE-LIMOUSIN-POITOU-CHARENTES| ANDIRAN
AQUITAINE-LIMOUSIN-POITOU-CHARENTES| ASTAFFORT
AQUITAINE-LIMOUSIN-POITOU-CHARENTES| BIRAC-SUR-TREC
AQUITAINE-LIMOUSIN-POITOU-CHARENTES| BIRAC-SUR-TREC
AQUITAINE-LIMOUSIN-POITOU-CHARENTES| BIRAC-SUR-TREC
AQUITAINE-LIMOUSIN-POITOU-CHARENTES| FRESPECH
AQUITAINE-LIMOUSIN-POITOU-CHARENTES| FRESPECH
AQUITAINE-LIMOUSIN-POITOU-CHARENTES| LAVARDAC
AQUITAINE-LIMOUSIN-POITOU-CHARENTES| PORT-SAINTE-MARIE
LANGUEDOC-ROUSSILLON-MIDI-PYRENEES| BALSIEGES
LANGUEDOC-ROUSSILLON-MIDI-PYRENEES| BALSIEGES
LANGUEDOC-ROUSSILLON-MIDI-PYRENEES| BRENOUX
LANGUEDOC-ROUSSILLON-MIDI-PYRENEES| SAINT-CHELY-D'APCHER
LANGUEDOC-ROUSSILLON-MIDI-PYRENEES| VILLEFORT
LANGUEDOC-ROUSSILLON-MIDI-PYRENEES| VILLEFORT
PAYS DE LA LOIRE| SAINT-PRIVAT-DES-PRES
PAYS DE LA LOIRE| BEGROLLES-EN-MAUGES
PAYS DE LA LOIRE| PUY-NOTRE-DAME
PAYS DE LA LOIRE| SAINT-CYR-EN-BOURG
PAYS DE LA LOIRE| VEZINS
NORMANDIE| SAINT-SAUVEUR-LALANDE
NORMANDIE| SAINT-SAUVEUR-LALANDE
NORMANDIE| AGON-COUTAINVILLE
NORMANDIE| AUDERVILLE
NORMANDIE| BARENTON
NORMANDIE| BEAUMONT-HAGUE
NORMANDIE| BREHAL
NORMANDIE| COUTANCES
NORMANDIE| DIGOSVILLE
NORMANDIE| DIGOSVILLE
NORMANDIE| DRAGEY-RONTHON
NORMANDIE| FONTENAY-SUR-MER
NORMANDIE| FONTENAY-SUR-MER
NORMANDIE| LESSAY
NORMANDIE| MARTINVAST
NORMANDIE| MARTINVAST
NORMANDIE| MONTEBOURG
NORMANDIE| POILLEY
NORMANDIE| PORTBAIL
NORMANDIE| QUETTEHOU
NORMANDIE| SAINT-HILAIRE-PETITVILLE
NORMANDIE| SAINT-JEAN-DES-CHAMPS
NORMANDIE| SAINT-JEAN-LE-THOMAS
NORMANDIE| SAINT-LO
NORMANDIE| SAINT-MARCOUF
NORMANDIE| SAINT-MARCOUF
NORMANDIE| SAINT-PAIR-SUR-MER
NORMANDIE| SAINT-SAUVEUR-LENDELIN
NORMANDIE| SARTILLY-BAIE-BOCAGE
NORMANDIE| SOURDEVAL
NORMANDIE| VAINS
NORMANDIE| VALOGNES
ALSACE-CHAMPAGNE-ARDENNE-LORRAINE| ATHIS
ALSACE-CHAMPAGNE-ARDENNE-LORRAINE| BERGERES-LES-VERTUS
ALSACE-CHAMPAGNE-ARDENNE-LORRAINE| BOURSAULT
ALSACE-CHAMPAGNE-ARDENNE-LORRAINE| CHAMPILLON
ALSACE-CHAMPAGNE-ARDENNE-LORRAINE| CONDE-SUR-MARNE
ALSACE-CHAMPAGNE-ARDENNE-LORRAINE| FLORENT-EN-ARGONNE
ALSACE-CHAMPAGNE-ARDENNE-LORRAINE| JUVIGNY
ALSACE-CHAMPAGNE-ARDENNE-LORRAINE| SAINT-GERMAIN-LA-VILLE
ALSACE-CHAMPAGNE-ARDENNE-LORRAINE| SAINT-GERMAIN-LA-VILLE
ALSACE-CHAMPAGNE-ARDENNE-LORRAINE| SAINT-GERMAIN-LA-VILLE
ALSACE-CHAMPAGNE-ARDENNE-LORRAINE| SAINT-GERMAIN-LA-VILLE
ALSACE-CHAMPAGNE-ARDENNE-LORRAINE| SAINT-GERMAIN-LA-VILLE
ALSACE-CHAMPAGNE-ARDENNE-LORRAINE| SAINT-GERMAIN-LA-VILLE
ALSACE-CHAMPAGNE-ARDENNE-LORRAINE| VERNEUIL
ALSACE-CHAMPAGNE-ARDENNE-LORRAINE| VERRIERES
ALSACE-CHAMPAGNE-ARDENNE-LORRAINE| DOULAINCOURT-SAUCOURT
ALSACE-CHAMPAGNE-ARDENNE-LORRAINE| LANGRES
ALSACE-CHAMPAGNE-ARDENNE-LORRAINE| PEIGNEY
PAYS DE LA LOIRE| BAZOGE-MONTPINCON
PAYS DE LA LOIRE| BRECE
PAYS DE LA LOIRE| CHALONS-DU-MAINE
PAYS DE LA LOIRE| CHAMPEON
PAYS DE LA LOIRE| CHATILLON-SUR-COLMONT
PAYS DE LA LOIRE| COLOMBIERS-DU-PLESSIS
PAYS DE LA LOIRE| COMMER
PAYS DE LA LOIRE| CONTEST
PAYS DE LA LOIRE| COURCITE
PAYS DE LA LOIRE| FORCE
PAYS DE LA LOIRE| FORCE
PAYS DE LA LOIRE| GORRON
PAYS DE LA LOIRE| HAIE-TRAVERSAINE
PAYS DE LA LOIRE| HAM
PAYS DE LA LOIRE| HUISSERIE
PAYS DE LA LOIRE| JAVRON-LES-CHAPELLES
PAYS DE LA LOIRE| JUBLAINS
PAYS DE LA LOIRE| LASSAY-LES-CHATEAUX
PAYS DE LA LOIRE| MAYENNE
PAYS DE LA LOIRE| MONTAUDIN
PAYS DE LA LOIRE| MONTIGNE-LE-BRILLANT
PAYS DE LA LOIRE| MOULAY
PAYS DE LA LOIRE| OISSEAU
PAYS DE LA LOIRE| OISSEAU
PAYS DE LA LOIRE| PARIGNE-SUR-BRAYE
PAYS DE LA LOIRE| PARNE-SUR-ROC
PAYS DE LA LOIRE| RIBAY
PAYS DE LA LOIRE| SACE
PAYS DE LA LOIRE| SAINT-MARS-SUR-LA-FUTAIE
ALSACE-CHAMPAGNE-ARDENNE-LORRAINE| ALLAMPS
ALSACE-CHAMPAGNE-ARDENNE-LORRAINE| AVRAINVILLE
ALSACE-CHAMPAGNE-ARDENNE-LORRAINE| BRULEY
ALSACE-CHAMPAGNE-ARDENNE-LORRAINE| BRULEY
ALSACE-CHAMPAGNE-ARDENNE-LORRAINE| CHARMES-LA-COTE
ALSACE-CHAMPAGNE-ARDENNE-LORRAINE| DOMMARTIN-LES-TOUL
ALSACE-CHAMPAGNE-ARDENNE-LORRAINE| DOMMARTIN-LES-TOUL
ALSACE-CHAMPAGNE-ARDENNE-LORRAINE| DOMMARTIN-LES-TOUL
ALSACE-CHAMPAGNE-ARDENNE-LORRAINE| DOMMARTIN-LES-TOUL
ALSACE-CHAMPAGNE-ARDENNE-LORRAINE| DOMMARTIN-LES-TOUL
ALSACE-CHAMPAGNE-ARDENNE-LORRAINE| DOMMARTIN-LES-TOUL
ALSACE-CHAMPAGNE-ARDENNE-LORRAINE| DOMMARTIN-LES-TOUL
ALSACE-CHAMPAGNE-ARDENNE-LORRAINE| DOMMARTIN-LES-TOUL
ALSACE-CHAMPAGNE-ARDENNE-LORRAINE| DOMMARTIN-LES-TOUL
ALSACE-CHAMPAGNE-ARDENNE-LORRAINE| ECROUVES
ALSACE-CHAMPAGNE-ARDENNE-LORRAINE| ECROUVES
ALSACE-CHAMPAGNE-ARDENNE-LORRAINE| ECROUVES
ALSACE-CHAMPAGNE-ARDENNE-LORRAINE| ECROUVES
ALSACE-CHAMPAGNE-ARDENNE-LORRAINE| ECROUVES
ALSACE-CHAMPAGNE-ARDENNE-LORRAINE| ECROUVES
ALSACE-CHAMPAGNE-ARDENNE-LORRAINE| ECROUVES
ALSACE-CHAMPAGNE-ARDENNE-LORRAINE| ECROUVES
ALSACE-CHAMPAGNE-ARDENNE-LORRAINE| ECROUVES
ALSACE-CHAMPAGNE-ARDENNE-LORRAINE| ECROUVES
ALSACE-CHAMPAGNE-ARDENNE-LORRAINE| ECROUVES
ALSACE-CHAMPAGNE-ARDENNE-LORRAINE| ECROUVES
ALSACE-CHAMPAGNE-ARDENNE-LORRAINE| ECROUVES
ALSACE-CHAMPAGNE-ARDENNE-LORRAINE| ECROUVES
ALSACE-CHAMPAGNE-ARDENNE-LORRAINE| ECROUVES
ALSACE-CHAMPAGNE-ARDENNE-LORRAINE| ECROUVES
ALSACE-CHAMPAGNE-ARDENNE-LORRAINE| FAVIERES
ALSACE-CHAMPAGNE-ARDENNE-LORRAINE| FAVIERES
ALSACE-CHAMPAGNE-ARDENNE-LORRAINE| FROLOIS
ALSACE-CHAMPAGNE-ARDENNE-LORRAINE| GELAUCOURT
ALSACE-CHAMPAGNE-ARDENNE-LORRAINE| GELAUCOURT
ALSACE-CHAMPAGNE-ARDENNE-LORRAINE| GELAUCOURT
ALSACE-CHAMPAGNE-ARDENNE-LORRAINE| GELAUCOURT
ALSACE-CHAMPAGNE-ARDENNE-LORRAINE| GONDREVILLE
ALSACE-CHAMPAGNE-ARDENNE-LORRAINE| LUCEY
ALSACE-CHAMPAGNE-ARDENNE-LORRAINE| MARON
ALSACE-CHAMPAGNE-ARDENNE-LORRAINE| MESSEIN
ALSACE-CHAMPAGNE-ARDENNE-LORRAINE| MESSEIN
ALSACE-CHAMPAGNE-ARDENNE-LORRAINE| MESSEIN
ALSACE-CHAMPAGNE-ARDENNE-LORRAINE| MESSEIN
ALSACE-CHAMPAGNE-ARDENNE-LORRAINE| MESSEIN
ALSACE-CHAMPAGNE-ARDENNE-LORRAINE| MESSEIN
ALSACE-CHAMPAGNE-ARDENNE-LORRAINE| OCHEY
ALSACE-CHAMPAGNE-ARDENNE-LORRAINE| PAGNEY-DERRIERE-BARINE
ALSACE-CHAMPAGNE-ARDENNE-LORRAINE| PONT-SAINT-VINCENT
ALSACE-CHAMPAGNE-ARDENNE-LORRAINE| ROYAUMEIX
ALSACE-CHAMPAGNE-ARDENNE-LORRAINE| SAULXURES-LES-VANNES
ALSACE-CHAMPAGNE-ARDENNE-LORRAINE| SEXEY-LES-BOIS
ALSACE-CHAMPAGNE-ARDENNE-LORRAINE| THUILLEY-AUX-GROSEILLES
ALSACE-CHAMPAGNE-ARDENNE-LORRAINE| URUFFE
ALSACE-CHAMPAGNE-ARDENNE-LORRAINE| VELAINE-EN-HAYE
ALSACE-CHAMPAGNE-ARDENNE-LORRAINE| VELAINE-EN-HAYE
ALSACE-CHAMPAGNE-ARDENNE-LORRAINE| VELAINE-EN-HAYE
ALSACE-CHAMPAGNE-ARDENNE-LORRAINE| VELAINE-EN-HAYE
ALSACE-CHAMPAGNE-ARDENNE-LORRAINE| XEUILLEY
ALSACE-CHAMPAGNE-ARDENNE-LORRAINE| XEUILLEY
ALSACE-CHAMPAGNE-ARDENNE-LORRAINE| XEUILLEY
ALSACE-CHAMPAGNE-ARDENNE-LORRAINE| XEUILLEY
ALSACE-CHAMPAGNE-ARDENNE-LORRAINE| THENON
ALSACE-CHAMPAGNE-ARDENNE-LORRAINE| AUTRECOURT-SUR-AIRE
ALSACE-CHAMPAGNE-ARDENNE-LORRAINE| BAR-LE-DUC
ALSACE-CHAMPAGNE-ARDENNE-LORRAINE| BELLERAY
ALSACE-CHAMPAGNE-ARDENNE-LORRAINE| CHARNY-SUR-MEUSE
ALSACE-CHAMPAGNE-ARDENNE-LORRAINE| NAIVES-ROSIERES
ALSACE-CHAMPAGNE-ARDENNE-LORRAINE| VAUCOULEURS
BRETAGNE| CAMOEL
BRETAGNE| FEREL
BRETAGNE| FEREL
BRETAGNE| INGUINIEL
BRETAGNE| INGUINIEL
BRETAGNE| LANGUIDIC
BRETAGNE| PENESTIN
BRETAGNE| PLOEMEUR
ALSACE-CHAMPAGNE-ARDENNE-LORRAINE| ILLANGE
NORD-PAS-DE-CALAIS-PICARDIE| BARGNY
NORD-PAS-DE-CALAIS-PICARDIE| BOURSONNE
NORD-PAS-DE-CALAIS-PICARDIE| LIERVILLE
NORMANDIE| 20003
NORMANDIE| AUBE
NORMANDIE| CHAILLOUE
NORMANDIE| CHAILLOUE
NORMANDIE| DOMFRONT EN POIRAIE
NORMANDIE| MORTREE
NORMANDIE| MORTREE
NORMANDIE| MOUTIERS-AU-PERCHE
NORMANDIE| MOUTIERS-AU-PERCHE
NORMANDIE| PASSAIS VILLAGES
NORMANDIE| PASSAIS VILLAGES
NORMANDIE| SEES
NORMANDIE| BAGNOLES DE L'ORNE NORMANDIE
NORMANDIE| VAL-AU-PERCHE
NORMANDIE| TOUROUVRE AU PERCHE
NORMANDIE| TOUROUVRE AU PERCHE
NORD-PAS-DE-CALAIS-PICARDIE| AVION
NORD-PAS-DE-CALAIS-PICARDIE| HENIN-BEAUMONT
AUVERGNE-RHONE-ALPES| AIGUEPERSE
AUVERGNE-RHONE-ALPES| AIGUEPERSE
AUVERGNE-RHONE-ALPES| AMBERT
AUVERGNE-RHONE-ALPES| AUBIAT
AUVERGNE-RHONE-ALPES| AUBUSSON-D'AUVERGNE
AUVERGNE-RHONE-ALPES| AUGEROLLES
AUVERGNE-RHONE-ALPES| CHAMALIERES
AUVERGNE-RHONE-ALPES| CHARBONNIERES-LES-VIEILLES
AUVERGNE-RHONE-ALPES| COMBRONDE
AUVERGNE-RHONE-ALPES| DAVAYAT
AUVERGNE-RHONE-ALPES| DAVAYAT
AUVERGNE-RHONE-ALPES| GERZAT
AUVERGNE-RHONE-ALPES| JOZE
AUVERGNE-RHONE-ALPES| LEZOUX
AUVERGNE-RHONE-ALPES| LEZOUX
AUVERGNE-RHONE-ALPES| LUSSAT
AUVERGNE-RHONE-ALPES| ORCINES
AUVERGNE-RHONE-ALPES| PARENT
AUVERGNE-RHONE-ALPES| PESCHADOIRES
AUVERGNE-RHONE-ALPES| PESCHADOIRES
AUVERGNE-RHONE-ALPES| PULVERIERES
AUVERGNE-RHONE-ALPES| RIOM
AUVERGNE-RHONE-ALPES| ROCHEFORT-MONTAGNE
AUVERGNE-RHONE-ALPES| ROMAGNAT
AUVERGNE-RHONE-ALPES| SAINT-AMANT-TALLENDE
AUVERGNE-RHONE-ALPES| SAINT-LAURE
AUVERGNE-RHONE-ALPES| SAINT-OURS
AUVERGNE-RHONE-ALPES| SAINT-SATURNIN
AUVERGNE-RHONE-ALPES| SAUXILLANGES
AUVERGNE-RHONE-ALPES| VARENNES-SUR-USSON
AUVERGNE-RHONE-ALPES| VOLVIC
AUVERGNE-RHONE-ALPES| YOUX
AQUITAINE-LIMOUSIN-POITOU-CHARENTES| ARETTE
AQUITAINE-LIMOUSIN-POITOU-CHARENTES| ASASP-ARROS
AQUITAINE-LIMOUSIN-POITOU-CHARENTES| ASTE-BEON
AQUITAINE-LIMOUSIN-POITOU-CHARENTES| BEOST
AQUITAINE-LIMOUSIN-POITOU-CHARENTES| BIELLE
AQUITAINE-LIMOUSIN-POITOU-CHARENTES| BRISCOUS
AQUITAINE-LIMOUSIN-POITOU-CHARENTES| EAUX-BONNES
AQUITAINE-LIMOUSIN-POITOU-CHARENTES| ESPELETTE
AQUITAINE-LIMOUSIN-POITOU-CHARENTES| GELOS
AQUITAINE-LIMOUSIN-POITOU-CHARENTES| GUICHE
AQUITAINE-LIMOUSIN-POITOU-CHARENTES| BASTIDE-CLAIRENCE
AQUITAINE-LIMOUSIN-POITOU-CHARENTES| OGEU-LES-BAINS
AQUITAINE-LIMOUSIN-POITOU-CHARENTES| VILLEFRANQUE
AQUITAINE-LIMOUSIN-POITOU-CHARENTES| VILLEFRANQUE
AQUITAINE-LIMOUSIN-POITOU-CHARENTES| VILLEFRANQUE
AQUITAINE-LIMOUSIN-POITOU-CHARENTES| VILLEFRANQUE
LANGUEDOC-ROUSSILLON-MIDI-PYRENEES| AMELIE-LES-BAINS-PALALDA
LANGUEDOC-ROUSSILLON-MIDI-PYRENEES| BOULOU
LANGUEDOC-ROUSSILLON-MIDI-PYRENEES| CORNEILLA-DEL-VERCOL
LANGUEDOC-ROUSSILLON-MIDI-PYRENEES| CORNEILLA-DEL-VERCOL
LANGUEDOC-ROUSSILLON-MIDI-PYRENEES| FOURQUES
LANGUEDOC-ROUSSILLON-MIDI-PYRENEES| LAROQUE-DES-ALBERES
LANGUEDOC-ROUSSILLON-MIDI-PYRENEES| LATOUR-BAS-ELNE
LANGUEDOC-ROUSSILLON-MIDI-PYRENEES| MONTESCOT
LANGUEDOC-ROUSSILLON-MIDI-PYRENEES| ORTAFFA
LANGUEDOC-ROUSSILLON-MIDI-PYRENEES| SAINT-ANDRE
LANGUEDOC-ROUSSILLON-MIDI-PYRENEES| SAINT-JEAN-LASSEILLE
LANGUEDOC-ROUSSILLON-MIDI-PYRENEES| TROUILLAS
LANGUEDOC-ROUSSILLON-MIDI-PYRENEES| VILLELONGUE-DELS-MONTS
ALSACE-CHAMPAGNE-ARDENNE-LORRAINE| 20003
ALSACE-CHAMPAGNE-ARDENNE-LORRAINE| 20003
ALSACE-CHAMPAGNE-ARDENNE-LORRAINE| 20003
ALSACE-CHAMPAGNE-ARDENNE-LORRAINE| 20003
ALSACE-CHAMPAGNE-ARDENNE-LORRAINE| 20003
ALSACE-CHAMPAGNE-ARDENNE-LORRAINE| FORTSCHWIHR
ALSACE-CHAMPAGNE-ARDENNE-LORRAINE| HERRLISHEIM-PRES-COLMAR
AUVERGNE-RHONE-ALPES| AMPLEPUIS
AUVERGNE-RHONE-ALPES| CHARENTAY
AUVERGNE-RHONE-ALPES| CONDRIEU
AUVERGNE-RHONE-ALPES| ORLIENAS
AUVERGNE-RHONE-ALPES| REGNIE-DURETTE
AUVERGNE-RHONE-ALPES| REGNIE-DURETTE
AUVERGNE-RHONE-ALPES| RONNO
AUVERGNE-RHONE-ALPES| SAINT-GERMAIN-NUELLES
AUVERGNE-RHONE-ALPES| SAINT-LAURENT-D'OINGT
BOURGOGNE-FRANCHE-COMTE| 24710
PAYS DE LA LOIRE| ARDENAY-SUR-MERIZE
PAYS DE LA LOIRE| ASSE-LE-BOISNE
PAYS DE LA LOIRE| AUBIGNE-RACAN
PAYS DE LA LOIRE| AUVERS-LE-HAMON
PAYS DE LA LOIRE| BAILLEUL
PAYS DE LA LOIRE| BALLON-SAINT MARS
PAYS DE LA LOIRE| BAZOUGES-SUR-LE-LOIR
PAYS DE LA LOIRE| BONNETABLE
PAYS DE LA LOIRE| BREIL-SUR-MERIZE
PAYS DE LA LOIRE| BRETTE-LES-PINS
PAYS DE LA LOIRE| BRULON
PAYS DE LA LOIRE| CERANS-FOULLETOURTE
PAYS DE LA LOIRE| CHALLES
PAYS DE LA LOIRE| CHANGE
PAYS DE LA LOIRE| CHANTENAY-VILLEDIEU
PAYS DE LA LOIRE| CHAPELLE-D'ALIGNE
PAYS DE LA LOIRE| CHARTRE-SUR-LE-LOIR
PAYS DE LA LOIRE| CHERRE
PAYS DE LA LOIRE| CHERREAU
PAYS DE LA LOIRE| CLERMONT-CREANS
PAYS DE LA LOIRE| CONLIE
PAYS DE LA LOIRE| CORMES
PAYS DE LA LOIRE| CRE-SUR-LOIR
PAYS DE LA LOIRE| CRE-SUR-LOIR
PAYS DE LA LOIRE| CROSMIERES
PAYS DE LA LOIRE| DOLLON
PAYS DE LA LOIRE| DUNEAU
PAYS DE LA LOIRE| FERTE-BERNARD
PAYS DE LA LOIRE| FYE
PAYS DE LA LOIRE| FYE
PAYS DE LA LOIRE| GREZ
PAYS DE LA LOIRE| GUECELARD
PAYS DE LA LOIRE| LAIGNE-EN-BELIN
PAYS DE LA LOIRE| LAVERNAT
PAYS DE LA LOIRE| LOUAILLES
PAYS DE LA LOIRE| LUART
PAYS DE LA LOIRE| LUCEAU
PAYS DE LA LOIRE| MANSIGNE
PAYS DE LA LOIRE| MARCON
PAYS DE LA LOIRE| MAREIL-EN-CHAMPAGNE
PAYS DE LA LOIRE| MAREIL-EN-CHAMPAGNE
PAYS DE LA LOIRE| MAREIL-SUR-LOIR
PAYS DE LA LOIRE| MARIGNE-LAILLE
PAYS DE LA LOIRE| MAROLLES-LES-BRAULTS
PAYS DE LA LOIRE| MAYET
PAYS DE LA LOIRE| MONCE-EN-BELIN
PAYS DE LA LOIRE| MONTABON
PAYS DE LA LOIRE| MOULINS-LE-CARBONNEL
PAYS DE LA LOIRE| MOULINS-LE-CARBONNEL
PAYS DE LA LOIRE| NOYEN-SUR-SARTHE
PAYS DE LA LOIRE| PARCE-SUR-SARTHE
PAYS DE LA LOIRE| PARIGNE-LE-POLIN
PAYS DE LA LOIRE| POILLE-SUR-VEGRE
PAYS DE LA LOIRE| MONTFORT-LE-GESNOIS
PAYS DE LA LOIRE| PONTVALLAIN
PAYS DE LA LOIRE| PRECIGNE
PAYS DE LA LOIRE| REQUEIL
PAYS DE LA LOIRE| RUILLE-SUR-LOIR
PAYS DE LA LOIRE| SABLE-SUR-SARTHE
PAYS DE LA LOIRE| SAINT-BIEZ-EN-BELIN
PAYS DE LA LOIRE| SAINT-CORNEILLE
PAYS DE LA LOIRE| SAINT-COSME-EN-VAIRAIS
PAYS DE LA LOIRE| SAINT-GERVAIS-EN-BELIN
PAYS DE LA LOIRE| SAINT-JEAN-DE-LA-MOTTE
PAYS DE LA LOIRE| 72301
PAYS DE LA LOIRE| SAINT-OUEN-EN-BELIN
PAYS DE LA LOIRE| SAINT-VINCENT-DU-LOROUER
PAYS DE LA LOIRE| SCEAUX-SUR-HUISNE
PAYS DE LA LOIRE| SEGRIE
PAYS DE LA LOIRE| SILLE-LE-GUILLAUME
PAYS DE LA LOIRE| SOUGE-LE-GANELON
PAYS DE LA LOIRE| SOULITRE
PAYS DE LA LOIRE| SOUVIGNE-SUR-SARTHE
PAYS DE LA LOIRE| TELOCHE
PAYS DE LA LOIRE| TENNIE
PAYS DE LA LOIRE| THORIGNE-SUR-DUE
PAYS DE LA LOIRE| TUFFE VAL DE LA CHERONNE
PAYS DE LA LOIRE| VAAS
PAYS DE LA LOIRE| VERNIE
PAYS DE LA LOIRE| VIBRAYE
PAYS DE LA LOIRE| VILLAINES-LA-GONAIS
PAYS DE LA LOIRE| VOUVRAY-SUR-LOIR
PAYS DE LA LOIRE| YVRE-LE-POLIN
AUVERGNE-RHONE-ALPES| AIGUEBLANCHE
AUVERGNE-RHONE-ALPES| ECHELLES
AUVERGNE-RHONE-ALPES| ENTREMONT-LE-VIEUX
AUVERGNE-RHONE-ALPES| PLANCHERINE
AUVERGNE-RHONE-ALPES| SAINT-CHRISTOPHE
AUVERGNE-RHONE-ALPES| SAINT-PIERRE-D'ENTREMONT
AUVERGNE-RHONE-ALPES| SAINT-THIBAUD-DE-COUZ
AUVERGNE-RHONE-ALPES| 24740
AUVERGNE-RHONE-ALPES| ANNEMASSE
AUVERGNE-RHONE-ALPES| BELLEVAUX
AUVERGNE-RHONE-ALPES| CHATILLON-SUR-CLUSES
AUVERGNE-RHONE-ALPES| CHENE-EN-SEMINE
AUVERGNE-RHONE-ALPES| CLARAFOND-ARCINE
AUVERGNE-RHONE-ALPES| CLERMONT
AUVERGNE-RHONE-ALPES| COLLONGES-SOUS-SALEVE
AUVERGNE-RHONE-ALPES| DOMANCY
AUVERGNE-RHONE-ALPES| DROISY
AUVERGNE-RHONE-ALPES| ELOISE
AUVERGNE-RHONE-ALPES| EVIAN-LES-BAINS
AUVERGNE-RHONE-ALPES| FEIGERES
AUVERGNE-RHONE-ALPES| FRANGY
AUVERGNE-RHONE-ALPES| MARIGNY-SAINT-MARCEL
AUVERGNE-RHONE-ALPES| MARLIOZ
AUVERGNE-RHONE-ALPES| MENTHONNEX-SOUS-CLERMONT
AUVERGNE-RHONE-ALPES| MINZIER
AUVERGNE-RHONE-ALPES| MONTRIOND
AUVERGNE-RHONE-ALPES| MORZINE
AUVERGNE-RHONE-ALPES| NANGY
AUVERGNE-RHONE-ALPES| NEYDENS
AUVERGNE-RHONE-ALPES| SAINT-JEOIRE
AUVERGNE-RHONE-ALPES| SCIENTRIER
AUVERGNE-RHONE-ALPES| VAL-DE-FIER
AUVERGNE-RHONE-ALPES| VAULX
AUVERGNE-RHONE-ALPES| VIUZ-EN-SALLAZ
AUVERGNE-RHONE-ALPES| VULBENS
NORMANDIE| CATENAY
NORMANDIE| FONTAINE-LE-BOURG
NORMANDIE| HAVRE
NORMANDIE| PREAUX
NORMANDIE| VIEUX-MANOIR
ILE-DE-FRANCE| TOURNAN-EN-BRIE
AQUITAINE-LIMOUSIN-POITOU-CHARENTES| BRIE
AQUITAINE-LIMOUSIN-POITOU-CHARENTES| LOUZY
AQUITAINE-LIMOUSIN-POITOU-CHARENTES| MAUZE-THOUARSAIS
AQUITAINE-LIMOUSIN-POITOU-CHARENTES| MISSE
AQUITAINE-LIMOUSIN-POITOU-CHARENTES| OIRON
AQUITAINE-LIMOUSIN-POITOU-CHARENTES| SAINT-JACQUES-DE-THOUARS
AQUITAINE-LIMOUSIN-POITOU-CHARENTES| SAINT-JEAN-DE-THOUARS
AQUITAINE-LIMOUSIN-POITOU-CHARENTES| SAINT-LEGER-DE-MONTBRUN
AQUITAINE-LIMOUSIN-POITOU-CHARENTES| SAINT-MARTIN-DE-SANZAY
AQUITAINE-LIMOUSIN-POITOU-CHARENTES| SAINTE-RADEGONDE
AQUITAINE-LIMOUSIN-POITOU-CHARENTES| SAINTE-VERGE
AQUITAINE-LIMOUSIN-POITOU-CHARENTES| TAIZE-MAULAIS
AQUITAINE-LIMOUSIN-POITOU-CHARENTES| THOUARS
NORD-PAS-DE-CALAIS-PICARDIE| ASSEVILLERS
PROVENCE-ALPES-COTE D'AZUR| ARTIGNOSC-SUR-VERDON
PROVENCE-ALPES-COTE D'AZUR| AUPS
PROVENCE-ALPES-COTE D'AZUR| CALLIAN
PROVENCE-ALPES-COTE D'AZUR| CALLIAN
PROVENCE-ALPES-COTE D'AZUR| CLAVIERS
PROVENCE-ALPES-COTE D'AZUR| COLLOBRIERES
PROVENCE-ALPES-COTE D'AZUR| COMPS-SUR-ARTUBY
PROVENCE-ALPES-COTE D'AZUR| FLAYOSC
PROVENCE-ALPES-COTE D'AZUR| GINASSERVIS
PROVENCE-ALPES-COTE D'AZUR| LORGUES
PROVENCE-ALPES-COTE D'AZUR| LORGUES
PROVENCE-ALPES-COTE D'AZUR| OLLIOULES
PROVENCE-ALPES-COTE D'AZUR| PONTEVES
PROVENCE-ALPES-COTE D'AZUR| ROUGIERS
PROVENCE-ALPES-COTE D'AZUR| SAINTE-MAXIME
PROVENCE-ALPES-COTE D'AZUR| SAINTE-MAXIME
PROVENCE-ALPES-COTE D'AZUR| SILLANS-LA-CASCADE
PROVENCE-ALPES-COTE D'AZUR| CAROMB
PROVENCE-ALPES-COTE D'AZUR| CARPENTRAS
PROVENCE-ALPES-COTE D'AZUR| CHATEAUNEUF-DE-GADAGNE
PROVENCE-ALPES-COTE D'AZUR| ENTRAIGUES-SUR-LA-SORGUE
PROVENCE-ALPES-COTE D'AZUR| FLASSAN
PROVENCE-ALPES-COTE D'AZUR| MAZAN
PROVENCE-ALPES-COTE D'AZUR| PERTUIS
PROVENCE-ALPES-COTE D'AZUR| SAINT-CHRISTOL
PROVENCE-ALPES-COTE D'AZUR| THOR
PROVENCE-ALPES-COTE D'AZUR| VELLERON
PAYS DE LA LOIRE| VENANSAULT
AQUITAINE-LIMOUSIN-POITOU-CHARENTES| ITEUIL
AQUITAINE-LIMOUSIN-POITOU-CHARENTES| COGNAC-LA-FORET
AQUITAINE-LIMOUSIN-POITOU-CHARENTES| COUSSAC-BONNEVAL
AQUITAINE-LIMOUSIN-POITOU-CHARENTES| JONCHERE-SAINT-MAURICE
ALSACE-CHAMPAGNE-ARDENNE-LORRAINE| NEUFCHATEAU
ALSACE-CHAMPAGNE-ARDENNE-LORRAINE| REBEUVILLE
ALSACE-CHAMPAGNE-ARDENNE-LORRAINE| REBEUVILLE
ALSACE-CHAMPAGNE-ARDENNE-LORRAINE| ROLLAINVILLE
ILE-DE-FRANCE| ORSAY
ILE-DE-FRANCE| VARENNES-JARCY
ILE-DE-FRANCE| CHAVILLE
ILE-DE-FRANCE| GENNEVILLIERS
ILE-DE-FRANCE| ANDILLY
ILE-DE-FRANCE| ANDILLY
ILE-DE-FRANCE| ATTAINVILLE
ILE-DE-FRANCE| BEAUMONT-SUR-OISE
ILE-DE-FRANCE| CERGY
ILE-DE-FRANCE| CLERY-EN-VEXIN
ILE-DE-FRANCE| DOMONT
ILE-DE-FRANCE| GARGES-LES-GONESSE
ILE-DE-FRANCE| MARGENCY
ILE-DE-FRANCE| SAINT-BRICE-SOUS-FORET
ILE-DE-FRANCE| SAINT-PRIX
ILE-DE-FRANCE| SOISY-SOUS-MONTMORENCY
ILE-DE-FRANCE| VILLERON
DOM| GRAND'RIVIERE
DOM| SAINT-ANDRE
DOM| DZAOUDZI
DOM| DZAOUDZI
DOM| DZAOUDZI
DOM| DZAOUDZI
DOM| MAMOUDZOU
DOM| MAMOUDZOU
DOM| PAMANDZI
DOM| PAMANDZI
DOM| PAMANDZI
DOM| SADA
