<?xml version="1.0" encoding="UTF-8"?><OAP>
<page width="2481" height="3508" resolution="300">
<block><region><rect/></region>
<text>
<par/>
</text>
</block>
<block><region><rect/></region>
<text>
<par>
<line>SIVU DE PECHELBRONN</line></par>
</text>
</block>
<block><region><rect/></region>
<text>
<par>
<line>Plan Local d'U rbanisme</line></par>
<par>
<line>INTERCOMMUNAL</line></par>
</text>
</block>
<block><region><rect/></region>
<text>
<par>
<line>Etabli sur la base de la partie réglementaire</line></par>
<par>
<line>du code de l’urbanisme en vigueur avant le 01/01/2016</line></par>
</text>
</block>
<block><region><rect/></region>
<text>
<par>
<line>ORIENTATIONS D'AMENAGEMENT</line>
<line>ET DE PROGRAMMATION</line>
<line>Secteur de PREUSCHDORF</line></par>
</text>
</block>
<block><region><rect/></region>
<text>
<par>
<line>PLUi APPROUVE</line></par>
<par>
<line>Vu pour être annexé à la délibération du Conseil Syndical</line>
<line>en date du 10/01/2018</line></par>
<par>
<line>A Merkwiller-Pechelbronn, le.</line></par>
<par>
<line>M. Alfred KREI5, le Président</line></par>
</text>
</block>
<block><region><rect/></region>
<text>
<par>
<line>%</line></par>
<par>
<line>OTE INGÉNIERIE</line></par>
<par>
<line>des compétences au service de vos projets</line></par>
</text>
</block>
<block><region><rect/></region>
<text>
<par>
<line>www.ote.fr</line></par>
</text>
</block>





<block blockType="Picture" blockName="" l="777" t="1531" r="2477" b="1849"><region><rect/></region>
</block>
<block blockType="Picture" blockName="" l="1569" t="2938" r="1671" b="3067"><region><rect/></region>
</block>
</page>
<page width="2481" height="3508" resolution="300">
<block><region><rect/></region>
<text>
<par>
<line>OTE INGÉNIERIE</line></par>
<par>
<line>des compétences au service de vos projets</line></par>
<par>
<line>www.ote.fr</line></par>
</text>
</block>
<block><region><rect/></region>
<text>
<par>
<line>Siège sodal</line></par>
<par>
<line>1 rue de la Lisière - BP 40110</line>
<line>67403 ILLKIRCH Cedex - FRANCE</line>
<line>Tél : 03 88 67 55 55</line></par>
</text>
</block>
<block blockType="Table" blockName="" l="184" t="2669" r="1705" b="3217"><region><rect/></region>
<row>
<cell width="123" height="78">
<text>
<par>
<line>REV</line></par>
</text></cell>
<cell width="212" height="78">
<text>
<par>
<line>DATE</line></par>
</text></cell>
<cell width="331" height="78">
<text>
<par>
<line>DESCRIPTION</line></par>
</text></cell>
<cell colSpan="2" width="591" height="78">
<text>
<par>
<line>REDACTION/VERIFICATION</line></par>
</text></cell>
<cell colSpan="2" width="264" height="78">
<text>
<par>
<line>APPROBATION</line></par>
</text></cell></row>
<row>
<cell bottomBorder="White" width="123" height="79">
<text>
<par>
<line>0</line></par>
</text></cell>
<cell bottomBorder="White" width="212" height="79">
<text>
<par>
<line>15/11/2016</line></par>
</text></cell>
<cell bottomBorder="White" width="331" height="79">
<text>
<par>
<line>PLUi arrêté</line></par>
</text></cell>
<cell rightBorder="White" bottomBorder="White" width="459" height="79">
<text>
<par>
<line>OTE - Céline BARUTHIO</line></par>
</text></cell>
<cell leftBorder="White" bottomBorder="White" width="132" height="79">
<text>
<par>
<line>C.B.</line></par>
</text></cell>
<cell rightBorder="White" bottomBorder="White" width="128" height="79">
<text>
<par/>
</text></cell>
<cell leftBorder="White" bottomBorder="White" width="136" height="79">
<text>
<par/>
</text></cell></row>
<row>
<cell topBorder="White" width="123" height="391">
<text>
<par>
<line>1</line></par>
</text></cell>
<cell topBorder="White" width="212" height="391">
<text>
<par>
<line>10/01/2018</line></par>
</text></cell>
<cell topBorder="White" width="331" height="391">
<text>
<par>
<line>PLUi approuvé</line></par>
</text></cell>
<cell topBorder="White" rightBorder="White" width="459" height="391">
<text>
<par>
<line>OTE - Léa DENTZ</line></par>
</text></cell>
<cell leftBorder="White" topBorder="White" width="132" height="391">
<text>
<par>
<line>L.D.</line></par>
</text></cell>
<cell topBorder="White" rightBorder="White" width="128" height="391">
<text>
<par/>
</text></cell>
<cell leftBorder="White" topBorder="White" width="136" height="391">
<text>
<par/>
</text></cell></row>
</block>
<block><region><rect/></region>
<text>
<par>
<line>N° AFFAIRE :</line></par>
</text>
</block>
<block><region><rect/></region>
<text>
<par>
<line>14015</line></par>
</text>
</block>
<block><region><rect/></region>
<text>
<par>
<line>Page : 2/7</line></par>
</text>
</block>
<block><region><rect/></region>
<text>
<par>
<line>URB1</line></par>
</text>
</block>
<block><region><rect/></region>
<text>
<par>
<line>Documentl</line></par>
</text>
</block>










</page>
<page width="2481" height="3508" resolution="300">
<block><region><rect/></region>
<text>
<par>
<line>Plan Local d'Urbanisme intercommunal du SIVU de Pechelbronn</line></par>
<par>
<line>Secteurde PREUSCHDORF</line></par>
<par>
<line>Orientations d'Aménagementetde Programmation</line></par>
</text>
</block>
<block><region><rect/></region>
<text>
<par>
<line>Les principes d’amenagements definis pour le développement de PREUSCHDORF</line></par>
</text>
</block>
<block><region><rect/></region>
<text>
<par>
<line>1. Les principes d’aménagements définis pour le</line></par>
<par>
<line>développement de Preuschdorf</line></par>
</text>
</block>
<block><region><rect/></region>
<text>
<par>
<line>Sur l’ensemble des secteurs de développement potentiel définis, les opérations</line>
<line>d’aménagement devront respecter les objectifs poursuivis par la commune en</line>
<line>termes de typologies du bâti, de densité, d’insertion paysagère et de qualité</line>
<line>environnementale.</line></par>
<par>
<line>1.1. Les OBJ ECTIFS GENERAUX</line></par>
<par>
<line>L’urbanisation des secteurs de développement devra respecter les principes de</line>
<line>densification, de mixité sociale et fonctionnelle (logements, équipements, activités</line>
<line>tertiaires : services, bureaux, commerces) de l’environnement immédiat selon les</line>
<line>objectifs suivants :</line></par>
<par>
<line>■ La cohérence de l’aménagement avec le tissu urbain existant ;</line></par>
<par>
<line>■ La bonne insertion des volumes bâtis ;</line></par>
<par>
<line>■ Le fonctionnement urbain (circulation, stationnement, nuisances diverses)</line></par>
<par>
<line>■ le recours à des typologies d’habitat diversifié ;</line></par>
<par>
<line>■ L’optimisation de l’occupation foncière.</line></par>
<par>
<line>1.2. Les typologies de bâti</line></par>
<par>
<line>Pour les secteurs de développement, les opérations d’aménagement devront :</line></par>
<par>
<line>■ Respecter une densité minimale de 17 logements par hectare ;</line></par>
<par>
<line>■ Favoriser l’implantation d’un bâti diversifié sur l’ensemble de l’opération.</line></par>
</text>
</block>
<block><region><rect/></region>
<text>
<par>
<line>OTE Ingénierie</line></par>
</text>
</block>
<block><region><rect/></region>
<text>
<par>
<line>3/7</line></par>
</text>
<text>
<par>
<line>PLUi approuvé par DCS du 10/01/2018</line></par>
</text>
</block>




<block blockType="Picture" blockName="" l="653" t="390" r="2359" b="438"><region><rect/></region>
</block>
</page>
<page width="2481" height="3508" resolution="300">
<block><region><rect/></region>
<text>
<par>
<line>Plan Local d'Urbanisme intercommunal du SIVU de Pechelbronn</line></par>
<par>
<line>Secteur DE PREUSCHDORF</line></par>
<par>
<line>Orientations d'Aménagementetde Programmation</line></par>
</text>
</block>
<block><region><rect/></region>
<text>
<par>
<line>Les principes d’amenagements definis pour le développement de PREUSCHDORF</line></par>
</text>
</block>
<block><region><rect/></region>
<text>
<par>
<line>1.3.Insertion paysagère et qualité</line></par>
<par>
<line>ENVIRONNEMENTALE</line></par>
<par>
<line>Pour les secteurs de développement, les opérations d’aménagement devront :</line></par>
<par>
<line>■ E ncourager les constructions économes en espace et en énergie</line></par>
<par>
<line>■ Gérer les problématiques liées au relief de manière à optimiser l’interaction</line>
<line>entre constnjctions et insertion du bâti dans les parties hautes ;</line></par>
<par>
<line>■ Permettre la bonne gestion des eaux pluviales sur chaque parcelle ;</line></par>
<par>
<line>■ Respecter une organisation du bâti optimisant les apports énergétiques</line>
<line>naturels ;</line></par>
<par>
<line>■ Organiser l’implantation et les gabarits des futures constructions pour favoriser,</line>
<line>à la fois, la diversité des types de bâti, et les apports solaires, en respect des</line>
<line>dispositions du règlement de la zone.</line></par>
</text>
</block>
<block><region><rect/></region>
<text>
<par>
<line>4/7 OTE Ingénierie</line></par>
<par>
<line>PLUi approuvé par DCS du 10/01/2018</line></par>
</text>
</block>



<block blockType="Picture" blockName="" l="121" t="390" r="1826" b="438"><region><rect/></region>
</block>
</page>
<page width="2481" height="3508" resolution="300">
<block><region><rect/></region>
<text>
<par>
<line>Plan Local d'Urbanisme intercommunal du SIVU de Pechelbronn</line></par>
<par>
<line>Secteurde PREUSCHDORF</line></par>
<par>
<line>Orientations d'Aménagementetde Programmation</line></par>
</text>
</block>
<block><region><rect/></region>
<text>
<par>
<line>Secteur lAU</line></par>
</text>
</block>
<block><region><rect/></region>
<text>
<par>
<line>2. Secteur lAU</line></par>
</text>
</block>
<block><region><rect/></region>
<text>
<par>
<line>Le présent chapitre correspond aux orientations d’aménagement qui s’appliquent</line>
<line>sur le secteur 1AU.</line></par>
</text>
</block>
<block><region><rect/></region>
<text>
<par>
<line>2.1. Localisation</line></par>
</text>
</block>
<block><region><rect/></region>
<text>
<par>
<line>U</line></par>
</text>
</block>
<block><region><rect/></region>
<text>
<par>
<line>□□ zone de projet</line></par>
<par>
<line>SOURCES : PLU. BD ORTHO, 2015</line></par>
</text>
</block>
<block><region><rect/></region>
<text>
<par>
<line>OCTOBRE 2016</line></par>
</text>
</block>
<block><region><rect/></region>
<text>
<par>
<line>Localisation du site de développement urbain projeté</line></par>
</text>
</block>
<block><region><rect/></region>
<text>
<par>
<line>Le secteur concerne une surface d’environ 2,6 hectares d’un seul tenant et s’inscrit</line>
<line>dans le prolongement de la rue du Seltzbach et le prolongement de la rue du</line>
<line>Pfaffenweg.</line></par>
</text>
</block>
<block><region><rect/></region>
<text>
<par>
<line>OTE Ingénierie</line></par>
</text>
</block>
<block><region><rect/></region>
<text>
<par>
<line>5/7</line></par>
</text>
<text>
<par>
<line>PLUi approuvé par DCS du 10/01/2018</line></par>
</text>
</block>











<block blockType="Picture" blockName="" l="2078" t="390" r="2360" b="438"><region><rect/></region>
</block>
</page>
<page width="2481" height="3508" resolution="300">
<block><region><rect/></region>
<text>
<par>
<line>Plan Local d'Urbanisme intercommunal du SIVU de Pechelbronn</line></par>
<par>
<line>Secteur DE PREUSCHDORF</line></par>
<par>
<line>Orientations d'Aménagementetde Programmation</line></par>
</text>
</block>
<block><region><rect/></region>
<text>
<par>
<line>Secteur lAU</line></par>
</text>
</block>
<block><region><rect/></region>
<text>
<par>
<line>2.2. Intentions d'amenagement</line></par>
</text>
</block>
<block><region><rect/></region>
<text>
<par>
<line>f</line></par>
</text>
</block>
<block><region><rect/></region>
<text>
<par>
<line>1</line></par>
</text>
</block>
<block><region><rect/></region>
<text>
<par>
<line>■</line></par>
</text>
</block>
<block><region><rect/></region>
<text>
<par>
<line>à</line></par>
</text>
</block>
<block><region><rect/></region>
<text>
<par>
<line>m</line></par>
</text>
</block>
<block><region><rect/></region>
<text>
<par>
<line>4^</line></par>
</text>
</block>
<block><region><rect/></region>
<text>
<par>
<line>I</line></par>
</text>
</block>
<block><region><rect/></region>
<text>
<par>
<line>r</line></par>
</text>
</block>
<block><region><rect/></region>
<text>
<par>
<line>limite de zone</line></par>
</text>
</block>
<block><region><rect/></region>
<text>
<par>
<line>- hauteur des constructions à limiter</line></par>
<par>
<line>secteur d'implantation privilégiée de bâti</line>
<line>individuel dense, bâti intermédiaire ou collectif</line></par>
<par>
<line>espace vert à créer</line></par>
<par>
<line>fossé à conserver</line>
<line>voie à créer</line>
<line>sentier à créer</line></par>
</text>
</block>
<block><region><rect/></region>
<text>
<par>
<line>Intentions d’aménagement et légende qui s’y rattachent</line></par>
</text>
</block>
<block><region><rect/></region>
<text>
<par>
<line>6/7 OTE Ingénierie</line></par>
<par>
<line>PLUi approuvé par DCS du 10/01/2018</line></par>
</text>
</block>





































<block blockType="Picture" blockName="" l="120" t="390" r="402" b="438"><region><rect/></region>
</block>
<block blockType="Picture" blockName="" l="752" t="2519" r="882" b="2590"><region><rect/></region>
</block>
</page>
<page width="2481" height="3508" resolution="300">
<block><region><rect/></region>
<text>
<par>
<line>Plan Local d'Urbanisme intercommunal du SIVU de Pechelbronn</line></par>
<par>
<line>Secteurde PREUSCHDORF</line></par>
<par>
<line>Orientations d'Aménagementetde Programmation</line></par>
</text>
</block>
<block><region><rect/></region>
<text>
<par>
<line>Secteur lAU</line></par>
</text>
</block>
<block><region><rect/></region>
<text>
<par>
<line>2.3. Principes d’amenagement spécifiques a la zone</line></par>
</text>
</block>
<block><region><rect/></region>
<text>
<par>
<line>Objectifs poursuivis</line></par>
<par>
<line>L’urbanisation de ce secteur devra respecter ies principes de densification, de mixité sociaie et</line></par>
<par>
<line>fonctionneiie (iogements, équipements, activités tertiaires : services, bureaux, commerces) de</line></par>
<par>
<line>i’environnement immédiat seion ies objectifs suivants :</line></par>
<par>
<line>■ La continuité d’une iigne de construction au Nord de ia rue du Pfaffenweg en iimitant ies</line>
<line>hauteurs de construction ;</line></par>
<par>
<line>■ Le maintien du fossé existant et de i’espace centrai en espace vert de jardin ou de verger ;</line></par>
<par>
<line>■ L'impiantation des constructions dans ia partie Sud, en respectant ies berges du Seitzbach.</line></par>
<par>
<line>Eléments de programmation</line></par>
<par>
<line>■ Le secteur devra se déveiopper en continuité de ia zone existante, en cohérence avec ies</line>
<line>équipements et voies existants ;</line></par>
<par>
<line>■ Le secteur fera i’objet d’au moins deux phases de déveioppement ;</line></par>
<par>
<line>■ La première phase d’aménagement pourrait se piacer dans ia continuité de ia rue du</line>
<line>Pfaffenweg et « raccrocher » ies constructions existantes.</line></par>
<par>
<line>Typologie du bâti</line></par>
<par>
<line>■ Privilégier l’implantation de bâti collectif et de bâti groupé ou intermédiaire en partie Sud-Est</line>
<line>du secteur de projet ;</line></par>
<par>
<line>Insertion paysagère et qualité environnementale</line></par>
<par>
<line>■ Vérifier préalablement â l'aménagement de la zone, le caractère humide du site et intégrer la</line>
<line>préservation des zones humides dans le projet ;</line></par>
<par>
<line>■ Prendre en compte les éventuels habitats d'espèces protégées dans le projet</line>
<line>d'aménagement ;</line></par>
<par>
<line>■ Conserver des espaces de jardins et/ou de vergers entre les lignes de constructions â</line>
<line>implanter afin de préserver une continuité de jardins et d’optimiser la gestion de la topographie</line></par>
<par>
<line>Organisation spatiale du secteur</line></par>
<par>
<line>Sur le secteur, les voies existantes, â élargir ou â créer s’organisent de la manière suivante :</line></par>
<par>
<line>■ Le prolongement de la rue du Pfaffenweg vers l’Est.</line></par>
<par>
<line>■ La création d’une boucle de voirie jusqu’à la rue du Seitzbach ;</line></par>
<par>
<line>■ Les nouvelles voies devront présenter une largeur optimisée pour la desserte, notamment des</line>
<line>ordures ménagères et des véhicules de secours ;</line></par>
<par>
<line>■ Un ou plusieurs sentiers ou chemins devront permettre le maintien de la circulation des engins</line>
<line>agricoles, des piétons et des cycles, notamment un sentier â créer le long du fossé existant ;</line></par>
<par>
<line>■ Aucun accès ne devra être créé sur les chemins et axes de circulation agricole existants.</line></par>
</text>
</block>
<block><region><rect/></region>
<text>
<par>
<line>OTE Ingénierie</line></par>
</text>
</block>
<block><region><rect/></region>
<text>
<par>
<line>7/7</line></par>
</text>
<text>
<par>
<line>PLUi approuvé par DCS du 10/01/2018</line></par>
</text>
</block>



<block blockType="Picture" blockName="" l="2078" t="390" r="2360" b="438"><region><rect/></region>
</block>
<block blockType="Picture" blockName="" l="803" t="715" r="2343" b="794"><region><rect/></region>
</block>
<block blockType="Picture" blockName="" l="803" t="1185" r="2343" b="1264"><region><rect/></region>
</block>
<block blockType="Picture" blockName="" l="803" t="2150" r="2343" b="2229"><region><rect/></region>
</block>
<block blockType="Picture" blockName="" l="803" t="1740" r="2343" b="1819"><region><rect/></region>
</block>
<block blockType="Picture" blockName="" l="803" t="1548" r="2343" b="1625"><region><rect/></region>
</block>
</page>
</OAP>