<?xml version="1.0" encoding="UTF-8"?><OAP>
<page width="2492" height="3512" resolution="300">
<block><region><rect/></region>
<text>
<par>
<line>Commune d’Alligny-Cosne</line></par>
</text>
</block>
<block><region><rect/></region>
<text>
<par>
<line>P.LU.</line></par>
<par>
<line>PLAN LOCAL D’URBANISME</line></par>
</text>
</block>
<block><region><rect/></region>
<text>
<par>
<line>2b - Orientations d’Aménagement</line></par>
</text>
</block>
<block><region><rect/></region>
<text>
<par>
<line>Plan approuvé</line></par>
<par>
<line>par délibération du conseil municipal en date du 24 juin 2003</line></par>
<par>
<line>Modification approuvée</line></par>
<par>
<line>par délibération du conseil municipal en date du 27/06/2008</line></par>
</text>
</block>
<block><region><rect/></region>
<text>
<par>
<line>AOUT 2008</line></par>
<par>
<line>Commune d’AllIgny-Cosne</line></par>
</text>
</block>



</page>
<page width="2489" height="3510" resolution="300">
<block><region><rect/></region>
<text>
<par>
<line>' ABW WARNANT</line></par>
</text>
</block>
<block><region><rect/></region>
<text>
<par>
<line>06/03</line></par>
</text>
</block>
<block><region><rect/></region>
<text>
<par>
<line>L’AMENAGEMENT DU QUARTIER DES CAPIJOLETTES</line></par>
</text>
</block>
<block><region><rect/></region>
<text>
<par>
<line>Situation et périmètre</line></par>
<par>
<line>Le quartier des Capijolettes, situé à l’ouest du bourg, regroupe un certain nombre de parcelles dont</line>
<line>les propriétaires sont très divers. Ces parcelles sont comprises entre la route de la Ducrotte au nord</line>
<line>longée par une bande de constructions, la route des Capijolettes bordée de constructions au sud, la</line>
<line>route de Saint-Amand à l’est, présentant quelques constructions et à l’ouest, un chemin rural</line>
<line>praticable mais relativement étroit, notamment à son débouché sur la route départementale.</line></par>
</text>
</block>
<block><region><rect/></region>
<text>
<par>
<line>^ Orientations d’aménagement</line></par>
<par>
<line>De nombreuses parcelles à l’intérieur de ce périmètre ne sont pas desservies. La rue de la Gare</line>
<line>arrive au milieu des parcelles et devra être prolongée pour rejoindre le chemin rural reliant la route</line>
<line>de la Ducrotte à celle de Cosne, raccordant ainsi l’ensemble des parcelles. Le tracé de la voie n’est</line>
<line>pas imposé car il peut varier en fonction de l’achat des terrains ou de l’organisation des parcelles</line>
<line>mais cette voie doit déboucher sur le chemin rural afin d’assurer une continuité du réseau viaire et</line>
<line>des réseaux. L’ancienne gare constitue un repère bâti et un espace public pourrait être aménagé</line>
<line>devant ce bâtiment. Cette organisation permettrait de découper une vingtaine de parcelles dans le</line>
<line>périmètre identifié, comme le montre l’exemple de schéma d’organisation ci-après.</line></par>
</text>
</block>
<block><region><rect/></region>
<text>
<par>
<line>Plan Local d'Urbanisme de la commune d'Alligny-Cosne- Projet d'Aménagement et de Développement Durable</line></par>
</text>
</block>
<block><region><rect/></region>
<text>
<par>
<line>4</line></par>
</text>
</block>


</page>
<page width="3119" height="3922" resolution="300">
<block><region><rect/></region>
<text>
<par>
<line>' / V</line></par>
</text>
</block>
<block><region><rect/></region>
<text>
<par>
<line>Si</line></par>
</text>
</block>
<block><region><rect/></region>
<text>
<par>
<line>90</line></par>
</text>
</block>
<block><region><rect/></region>
<text>
<par>
<line>87</line></par>
</text>
</block>
<block><region><rect/></region>
<text>
<par/>
</text>
</block>
<block><region><rect/></region>
<text>
<par>
<line>"1</line></par>
</text>
</block>
<block><region><rect/></region>
<text>
<par>
<line>r</line></par>
</text>
</block>
<block><region><rect/></region>
<text>
<par>
<line>J Si</line></par>
</text>
</block>
<block><region><rect/></region>
<text>
<par>
<line>10</line></par>
</text>
</block>
<block><region><rect/></region>
<text>
<par>
<line>15</line></par>
</text>
</block>
<block><region><rect/></region>
<text>
<par>
<line>J</line></par>
</text>
</block>
<block><region><rect/></region>
<text>
<par>
<line>rO</line></par>
</text>
</block>
<block><region><rect/></region>
<text>
<par>
<line>Du</line></par>
</text>
</block>
<block><region><rect/></region>
<text>
<par>
<line>L.</line></par>
</text>
</block>
<block><region><rect/></region>
<text>
<par>
<line>'S</line></par>
</text>
</block>
<block><region><rect/></region>
<text>
<par>
<line>Gt</line></par>
</text>
</block>
<block><region><rect/></region>
<text>
<par>
<line>11?</line></par>
</text>
</block>
<block><region><rect/></region>
<text>
<par>
<line>ISO</line></par>
</text>
</block>
<block><region><rect/></region>
<text>
<par/>
</text>
</block>
<block><region><rect/></region>
<text>
<par>
<line>&lt;</line></par>
</text>
</block>
<block><region><rect/></region>
<text>
<par>
<line>ES</line></par>
</text>
</block>
<block><region><rect/></region>
<text>
<par>
<line>(/5</line></par>
</text>
</block>
<block><region><rect/></region>
<text>
<par>
<line>r</line></par>
</text>
</block>
<block><region><rect/></region>
<text>
<par>
<line>lai</line></par>
</text>
</block>
<block><region><rect/></region>
<text>
<par>
<line>lis</line></par>
</text>
</block>
<block><region><rect/></region>
<text>
<par>
<line>154</line></par>
</text>
</block>
<block><region><rect/></region>
<text>
<par>
<line>ILO</line></par>
</text>
</block>
<block><region><rect/></region>
<text>
<par>
<line>531</line></par>
</text>
</block>
<block><region><rect/></region>
<text>
<par>
<line>IQ^’'</line></par>
</text>
</block>
<block><region><rect/></region>
<text>
<par>
<line>113</line></par>
</text>
</block>
<block><region><rect/></region>
<text>
<par>
<line>114</line></par>
</text>
</block>
<block><region><rect/></region>
<text>
<par>
<line>-6</line></par>
</text>
</block>
<block><region><rect/></region>
<text>
<par>
<line>lis</line></par>
</text>
</block>
<block><region><rect/></region>
<text>
<par>
<line>585</line></par>
</text>
</block>
<block><region><rect/></region>
<text>
<par>
<line>530</line></par>
</text>
</block>
<block><region><rect/></region>
<text>
<par>
<line>^8</line></par>
</text>
</block>
<block><region><rect/><rect/><rect/></region>
<text>
<par/>
</text>
</block>
<block><region><rect/></region>
<text>
<par>
<line>105</line></par>
</text>
</block>
<block><region><rect/></region>
<text>
<par>
<line>109</line></par>
</text>
</block>
<block><region><rect/></region>
<text>
<par>
<line>104</line></par>
</text>
</block>
<block><region><rect/></region>
<text>
<par>
<line>10</line></par>
</text>
</block>
<block><region><rect/></region>
<text>
<par>
<line>a.</line></par>
</text>
</block>
<block><region><rect/></region>
<text>
<par>
<line>49</line></par>
</text>
</block>
<block><region><rect/></region>
<text>
<par>
<line>80</line></par>
</text>
</block>
<block><region><rect/></region>
<text>
<par>
<line>S</line></par>
</text>
</block>
<block><region><rect/></region>
<text>
<par>
<line>Rue de la Gar^5</line></par>
</text>
</block>
<block><region><rect/></region>
<text>
<par>
<line>153</line></par>
</text>
</block>
<block><region><rect/></region>
<text>
<par>
<line>5Ss</line></par>
</text>
</block>
<block><region><rect/></region>
<text>
<par>
<line>ân</line></par>
</text>
</block>
<block><region><rect/></region>
<text>
<par>
<line>^0</line></par>
</text>
</block>
<block><region><rect/></region>
<text>
<par>
<line>47</line></par>
</text>
</block>
<block><region><rect/><rect/><rect/></region>
<text>
<par/>
</text>
</block>
<block><region><rect/></region>
<text>
<par>
<line>as</line></par>
</text>
</block>
<block><region><rect/></region>
<text>
<par>
<line>A</line></par>
</text>
</block>
<block><region><rect/></region>
<text>
<par>
<line>\</line></par>
</text>
</block>
<block><region><rect/></region>
<text>
<par/>
</text>
</block>
<block><region><rect/></region>
<text>
<par>
<line>I</line></par>
</text>
</block>
<block><region><rect/></region>
<text>
<par>
<line>cg^</line></par>
</text>
</block>
<block><region><rect/></region>
<text>
<par>
<line>53a</line></par>
</text>
</block>
<block><region><rect/></region>
<text>
<par/>
</text>
</block>
<block><region><rect/></region>
<text>
<par>
<line>158</line></par>
</text>
</block>
<block><region><rect/></region>
<text>
<par>
<line>46</line></par>
</text>
</block>
<block><region><rect/></region>
<text>
<par>
<line>1</line></par>
</text>
</block>
<block><region><rect/></region>
<text>
<par>
<line>233</line></par>
</text>
</block>
<block><region><rect/></region>
<text>
<par>
<line>•53-</line></par>
</text>
</block>
<block><region><rect/></region>
<text>
<par>
<line>12</line></par>
</text>
</block>
<block><region><rect/></region>
<text>
<par>
<line>a:</line></par>
</text>
</block>
<block><region><rect/></region>
<text>
<par>
<line>23</line></par>
</text>
</block>
<block><region><rect/></region>
<text>
<par>
<line>O</line></par>
</text>
</block>
<block><region><rect/></region>
<text>
<par>
<line>ser</line></par>
</text>
</block>
<block><region><rect/></region>
<text>
<par>
<line>U</line></par>
</text>
</block>
<block><region><rect/></region>
<text>
<par/>
</text>
</block>
<block><region><rect/></region>
<text>
<par>
<line>276</line></par>
</text>
</block>
<block><region><rect/></region>
<text>
<par>
<line>93</line></par>
</text>
</block>
<block><region><rect/></region>
<text>
<par>
<line>93</line></par>
</text>
</block>
<block><region><rect/></region>
<text>
<par>
<line>91</line></par>
</text>
</block>
<block><region><rect/></region>
<text>
<par/>
</text>
</block>
<block><region><rect/></region>
<text>
<par>
<line>?55</line></par>
</text>
</block>
<block><region><rect/></region>
<text>
<par>
<line>O</line></par>
</text>
</block>
<block><region><rect/></region>
<text>
<par/>
</text>
</block>
<block><region><rect/></region>
<text>
<par>
<line>Oj</line></par>
</text>
</block>
<block><region><rect/></region>
<text>
<par>
<line>O</line></par>
</text>
</block>
<block><region><rect/></region>
<text>
<par/>
</text>
</block>
<block><region><rect/></region>
<text>
<par/>
</text>
</block>
<block><region><rect/></region>
<text>
<par>
<line>ca</line></par>
</text>
</block>
<block><region><rect/></region>
<text>
<par>
<line>13</line></par>
</text>
</block>
<block><region><rect/></region>
<text>
<par>
<line>n</line></par>
</text>
</block>
<block><region><rect/></region>
<text>
<par>
<line>305</line></par>
</text>
</block>
<block><region><rect/></region>
<text>
<par>
<line>14</line></par>
</text>
</block>
<block><region><rect/></region>
<text>
<par>
<line>314</line></par>
</text>
</block>
<block><region><rect/></region>
<text>
<par>
<line>10</line></par>
</text>
</block>
<block><region><rect/></region>
<text>
<par>
<line>cj</line></par>
</text>
</block>
<block><region><rect/></region>
<text>
<par>
<line>CO</line></par>
</text>
</block>
<block><region><rect/></region>
<text>
<par>
<line>&gt;306</line></par>
<par>
<line>\503</line></par>
</text>
</block>
<block><region><rect/></region>
<text>
<par>
<line>89</line></par>
</text>
</block>
<block><region><rect/></region>
<text>
<par>
<line>r-</line></par>
</text>
</block>
<block><region><rect/></region>
<text>
<par>
<line>00</line></par>
</text>
</block>
<block><region><rect/></region>
<text>
<par>
<line>&gt;</line></par>
</text>
</block>
<block><region><rect/></region>
<text>
<par/>
</text>
</block>
<block><region><rect/></region>
<text>
<par>
<line>63</line></par>
</text>
</block>
<block><region><rect/></region>
<text>
<par>
<line>eu</line></par>
</text>
</block>
<block><region><rect/></region>
<text>
<par>
<line>eu</line></par>
</text>
</block>
<block><region><rect/></region>
<text>
<par>
<line>r</line></par>
</text>
</block>
<block><region><rect/></region>
<text>
<par>
<line>90</line></par>
</text>
</block>
<block><region><rect/></region>
<text>
<par/>
</text>
</block>
<block><region><rect/></region>
<text>
<par/>
</text>
</block>
<block><region><rect/></region>
<text>
<par>
<line>58</line></par>
</text>
</block>
<block><region><rect/></region>
<text>
<par>
<line>5a?</line></par>
</text>
</block>
<block><region><rect/></region>
<text>
<par>
<line>S</line></par>
</text>
</block>
<block><region><rect/></region>
<text>
<par>
<line>PI</line></par>
</text>
</block>
<block><region><rect/></region>
<text>
<par/>
</text>
</block>
<block><region><rect/></region>
<text>
<par>
<line>3lo</line></par>
</text>
</block>
<block><region><rect/></region>
<text>
<par>
<line>Qc</line></par>
</text>
</block>
<block><region><rect/></region>
<text>
<par>
<line>83</line></par>
</text>
</block>
<block><region><rect/></region>
<text>
<par/>
</text>
</block>
<block><region><rect/></region>
<text>
<par/>
</text>
</block>
<block><region><rect/></region>
<text>
<par>
<line>O</line></par>
</text>
</block>
<block><region><rect/></region>
<text>
<par>
<line>R a</line></par>
</text>
</block>
<block><region><rect/></region>
<text>
<par>
<line>9/ 88</line></par>
</text>
</block>
<block><region><rect/></region>
<text>
<par>
<line>ut</line></par>
</text>
</block>
<block><region><rect/></region>
<text>
<par>
<line>CO</line></par>
</text>
</block>
<block><region><rect/></region>
<text>
<par>
<line>de</line></par>
</text>
</block>
<block><region><rect/></region>
<text>
<par>
<line>iQ-te</line></par>
</text>
</block>
<block><region><rect/></region>
<text>
<par>
<line>in</line></par>
</text>
</block>
<block><region><rect/></region>
<text>
<par>
<line>Ç'/é-</line></par>
</text>
</block>
<block><region><rect/></region>
<text>
<par>
<line>es</line></par>
</text>
</block>
<block><region><rect/></region>
<text>
<par>
<line>ru</line></par>
</text>
</block>
<block><region><rect/></region>
<text>
<par>
<line>C'U't^</line></par>
</text>
</block>
<block><region><rect/></region>
<text>
<par>
<line>286</line></par>
</text>
</block>
<block><region><rect/></region>
<text>
<par/>
</text>
</block>
<block><region><rect/></region>
<text>
<par>
<line>533</line></par>
</text>
</block>
<block><region><rect/></region>
<text>
<par>
<line>546</line></par>
</text>
</block>
<block><region><rect/></region>
<text>
<par>
<line>SêS</line></par>
</text>
</block>
<block><region><rect/></region>
<text>
<par>
<line>259</line></par>
</text>
</block>
<block><region><rect/></region>
<text>
<par>
<line>64</line></par>
</text>
</block>
<block><region><rect/></region>
<text>
<par>
<line>235'</line></par>
<par>
<line>263</line></par>
</text>
</block>
<block><region><rect/></region>
<text>
<par>
<line>416</line></par>
</text>
</block>
<block><region><rect/></region>
<text>
<par>
<line>414</line></par>
</text>
</block>
<block><region><rect/></region>
<text>
<par>
<line>ssg</line></par>
</text>
</block>
<block><region><rect/></region>
<text>
<par>
<line>4aa</line></par>
</text>
</block>
<block><region><rect/></region>
<text>
<par>
<line>413</line></par>
</text>
</block>
<block><region><rect/></region>
<text>
<par>
<line>&gt;3:</line></par>
</text>
</block>
<block><region><rect/></region>
<text>
<par>
<line>54?</line></par>
</text>
</block>
<block><region><rect/></region>
<text>
<par>
<line>^2êi</line></par>
</text>
</block>
<block><region><rect/></region>
<text>
<par>
<line>43</line></par>
</text>
</block>
<block><region><rect/></region>
<text>
<par>
<line>248</line></par>
</text>
</block>
<block><region><rect/></region>
<text>
<par>
<line>60</line></par>
</text>
</block>
<block><region><rect/></region>
<text>
<par>
<line>23n</line></par>
</text>
</block>
<block><region><rect/></region>
<text>
<par>
<line>i39</line></par>
</text>
</block>
<block><region><rect/></region>
<text>
<par>
<line>J</line></par>
</text>
</block>
<block><region><rect/></region>
<text>
<par>
<line>401</line></par>
</text>
</block>
<block><region><rect/></region>
<text>
<par>
<line>40</line></par>
</text>
</block>
<block><region><rect/></region>
<text>
<par>
<line>eu</line></par>
</text>
</block>
<block><region><rect/></region>
<text>
<par>
<line>400</line></par>
</text>
</block>
<block><region><rect/></region>
<text>
<par>
<line>cr-</line></par>
</text>
</block>
<block><region><rect/></region>
<text>
<par>
<line>397</line></par>
</text>
</block>
<block><region><rect/></region>
<text>
<par>
<line>39i</line></par>
</text>
</block>
<block><region><rect/></region>
<text>
<par>
<line>CT'</line></par>
</text>
</block>
<block><region><rect/></region>
<text>
<par>
<line>CP</line></par>
</text>
</block>
<block><region><rect/></region>
<text>
<par>
<line>in</line></par>
</text>
</block>
<block><region><rect/></region>
<text>
<par>
<line>2Ss</line></par>
</text>
</block>
<block><region><rect/></region>
<text>
<par>
<line>CO</line></par>
</text>
</block>
<block><region><rect/></region>
<text>
<par>
<line>en</line></par>
</text>
</block>
<block><region><rect/></region>
<text>
<par>
<line>26i</line></par>
</text>
</block>
<block><region><rect/></region>
<text>
<par>
<line>&gt;</line></par>
</text>
</block>
<block><region><rect/></region>
<text>
<par>
<line>403</line></par>
</text>
</block>
<block><region><rect/></region>
<text>
<par>
<line>370</line></par>
</text>
</block>
<block><region><rect/></region>
<text>
<par>
<line>TS</line></par>
</text>
</block>
<block><region><rect/></region>
<text>
<par>
<line>ssoVc'</line></par>
<par>
<line>. _ \ CO</line></par>
</text>
</block>
<block><region><rect/></region>
<text>
<par>
<line>46</line></par>
</text>
</block>
<block><region><rect/></region>
<text>
<par>
<line>gr</line></par>
</text>
</block>
<block><region><rect/></region>
<text>
<par>
<line>en</line></par>
</text>
</block>
<block><region><rect/></region>
<text>
<par>
<line>50®</line></par>
</text>
</block>
<block><region><rect/></region>
<text>
<par>
<line>369</line></par>
</text>
</block>
<block><region><rect/></region>
<text>
<par>
<line>cn\\n</line></par>
</text>
</block>
<block><region><rect/></region>
<text>
<par>
<line>GO</line></par>
</text>
</block>
<block><region><rect/></region>
<text>
<par>
<line>de</line></par>
</text>
</block>
<block><region><rect/></region>
<text>
<par>
<line>r</line></par>
</text>
</block>
<block><region><rect/></region>
<text>
<par>
<line>26</line></par>
</text>
</block>
<block><region><rect/></region>
<text>
<par>
<line>C</line></par>
</text>
</block>
<block><region><rect/></region>
<text>
<par>
<line>•te</line></par>
</text>
</block>
<block><region><rect/></region>
<text>
<par>
<line>P 58</line></par>
</text>
</block>
<block><region><rect/></region>
<text>
<par>
<line>i33</line></par>
</text>
</block>
<block><region><rect/></region>
<text>
<par>
<line>136</line></par>
</text>
</block>
<block><region><rect/></region>
<text>
<par>
<line>368</line></par>
</text>
</block>
<block><region><rect/></region>
<text>
<par>
<line>Exf</line></par>
</text>
</block>
<block><region><rect/></region>
<text>
<par>
<line>'TC</line></par>
</text>
</block>
<block><region><rect/></region>
<text>
<par>
<line>/^38a\</line></par>
<par>
<line>oaÀ \</line></par>
</text>
</block>
<block><region><rect/></region>
<text>
<par>
<line>lAn</line></par>
</text>
</block>
<block><region><rect/></region>
<text>
<par>
<line>''IOLEtt</line></par>
</text>
</block>
<block><region><rect/><rect/></region>
<text>
<par>
<line>'I^PLE O</line></par>
</text>
</block>
<block><region><rect/><rect/><rect/></region>
<text>
<par/>
</text>
</block>
<block><region><rect/></region>
<text>
<par>
<line>des</line></par>
</text>
</block>






































































































































































































<block blockType="Picture" blockName="" l="1898" t="1344" r="1978" b="1397"><region><rect/></region>
</block>
<block blockType="Picture" blockName="" l="1796" t="1370" r="1886" b="1409"><region><rect/></region>
</block>
</page>
</OAP>