<?xml version="1.0" encoding="UTF-8"?><OAP>
<page width="2480" height="3508" resolution="300">
<block><region><rect/></region>
<text>
<par>
<line>URBA-SERVICES</line></par>
<par>
<line>CABINET DE CONSEILS EN URBANISME</line></par>
</text>
</block>
<block><region><rect/></region>
<text>
<par>
<line>83, rue de Tilloy, BP 401 - 60004 BEAUVAIS CEDEX</line>
<line>Téléphone : 03.44.45.17.57</line>
<line>Fax : 03.44.45.04.25</line></par>
</text>
</block>
<block blockType="Table" blockName="" l="117" t="381" r="2378" b="3339"><region><rect/></region>
<row>
<cell colSpan="2" bottomBorder="White" width="2261" height="426">
<text>
<par>
<line>.— Commune d'</line></par>
</text></cell></row>
<row>
<cell topBorder="White" rightBorder="White" bottomBorder="White" width="552" height="552">
<text>
<par/>
</text></cell>
<cell leftBorder="White" topBorder="White" width="1709" height="552">
<text>
<par>
<line>ALLONNE</line></par>
</text></cell></row>
<row>
<cell topBorder="White" bottomBorder="White" width="552" height="734">
<text>
<par/>
</text></cell>
<cell bottomBorder="White" width="1709" height="734">
<text>
<par>
<line>PLAN LOCAL</line></par>
<par>
<line>D ’ URBANISME _</line></par>
</text></cell></row>
<row>
<cell topBorder="White" rightBorder="White" width="552" height="1010">
<text>
<par/>
</text></cell>
<cell leftBorder="White" topBorder="White" width="1709" height="1010">
<text>
<par>
<line>APPROBATION</line></par>
<par>
<line>Vu pour être annexé à la</line>
<line>délibération en date du :</line></par>
<par>
<line>24 juin 2013</line></par>
<par>
<line>©</line></par>
</text></cell></row>
<row>
<cell colSpan="2" width="2261" height="236">
<text>
<par>
<line>ORIENTATIONS D'AMENAGEMENT</line></par>
</text></cell></row>
</block>








<block blockType="Picture" blockName="" l="1155" t="116" r="2418" b="327"><region><rect/></region>
</block>
<block blockType="Picture" blockName="" l="69" t="107" r="1069" b="339"><region><rect/></region>
</block>
</page>
<page width="2480" height="3508" resolution="300">
<block><region><rect/></region>
<text>
<par>
<line>ALLONNE - Plan Local d'Urbanisme</line></par>
</text>
</block>
<block><region><rect/></region>
<text>
<par>
<line>1</line></par>
</text>
</block>
<block><region><rect/></region>
<text>
<par>
<line>SOMMAIRE</line></par>
</text>
</block>
<block><region><rect/></region>
<text>
<par>
<line>Page</line></par>
</text>
</block>
<block blockType="Table" blockName="" l="401" t="1372" r="2198" b="2212"><region><rect/></region>
<row>
<cell leftBorder="White" topBorder="White" rightBorder="White" width="1274" height="60">
<text>
<par>
<line>INTRODUCTION</line></par>
</text></cell>
<cell leftBorder="White" topBorder="White" rightBorder="White" width="523" height="60">
<text>
<par>
<line>2</line></par>
</text></cell></row>
<row>
<cell leftBorder="White" rightBorder="White" width="1274" height="238">
<text>
<par>
<line>CHAPITRE 1 - Zone 1 AUh1</line></par>
</text></cell>
<cell leftBorder="White" rightBorder="White" width="523" height="238">
<text>
<par>
<line>3</line></par>
</text></cell></row>
<row>
<cell leftBorder="White" rightBorder="White" width="1274" height="180">
<text>
<par>
<line>CHAPITRE 2 - Zone 1 AUh2</line></par>
</text></cell>
<cell leftBorder="White" rightBorder="White" width="523" height="180">
<text>
<par>
<line>4</line></par>
</text></cell></row>
<row>
<cell leftBorder="White" rightBorder="White" width="1274" height="180">
<text>
<par>
<line>CHAPITRE 3 - Zone 1 AUh3 et 2 AUh</line></par>
</text></cell>
<cell leftBorder="White" rightBorder="White" width="523" height="180">
<text>
<par>
<line>5</line></par>
</text></cell></row>
<row>
<cell leftBorder="White" rightBorder="White" width="1274" height="182">
<text>
<par>
<line>CHAPITRE 4 - Zone 1 AUh4</line></par>
</text></cell>
<cell leftBorder="White" rightBorder="White" width="523" height="182">
<text>
<par>
<line>6</line></par>
</text></cell></row>
</block>
<block><region><rect/></region>
<text>
<par>
<line>Orientations d'Aménagement</line></par>
</text>
</block>
<block><region><rect/></region>
<text>
<par>
<line>Cabinet Urba-Services</line></par>
</text>
</block>








<block blockType="Picture" blockName="" l="1038" t="759" r="1502" b="848"><region><rect/></region>
</block>
</page>
<page width="2480" height="3508" resolution="300">
<block><region><rect/></region>
<text>
<par>
<line>ALLONNE - Plan Local d'Urbanisme</line></par>
</text>
</block>
<block><region><rect/></region>
<text>
<par>
<line>2</line></par>
</text>
</block>
<block><region><rect/></region>
<text>
<par>
<line>INTRODUCTION</line></par>
</text>
</block>
<block><region><rect/></region>
<text>
<par>
<line>Les « orientations d'aménagement» permettent de mettre en œuvre des actions ou</line>
<line>opérations déterminées, dans certains secteurs.</line></par>
<par>
<line>Elles sont déterminées en application de l'article L. 123-1 du Code de l'Urbanisme,</line>
<line>selon lequel : « Les plans locaux d'urbanisme [_] peuvent comporter des orientations</line>
<line>d'aménagement relatives à des quartiers ou à des secteurs à mettre en valeur, réhabiliter,</line>
<line>restructurer ou aménager. Ces orientations peuvent, en cohérence avec le PADD, prévoir les</line>
<line>actions et opérations d'aménagement à mettre en œuvre, notamment pour mettre en valeur</line>
<line>l'environnement, les paysages, les entrées de ville et le patrimoine, lutter contre l'insalubrité,</line>
<line>permettre le renouvellement urbain et assurer le développement de la commune. Elles</line>
<line>peuvent prendre la forme de schémas d'aménagement et préciser les principales</line>
<line>caractéristiques des voies et des espaces publics ».</line></par>
</text>
</block>
<block><region><rect/></region>
<text>
<par>
<line>Sont concernées :</line></par>
<par>
<line>- la zone 1 AUh1 localisée au nord d'Allonne au lieu-dit « Les Cailloux »,</line></par>
<par>
<line>- la zone 1 AUh2 située en sortie sud-ouest de Villers-sur-Thère,</line></par>
<par>
<line>- la zone 1 AUh3 et 2 AUh correspondant à l'îlot localisé à l'est de Villers-sur-Thère,</line></par>
<par>
<line>- la zone 1 AUh4 correspondant à un îlot intra-urbain localisé au nord de Villers-sur-</line>
<line>Thère.</line></par>
</text>
</block>
<block><region><rect/></region>
<text>
<par>
<line>Orientations d'Aménagement</line></par>
</text>
</block>
<block><region><rect/></region>
<text>
<par>
<line>Cabinet Urba-Services</line></par>
</text>
</block>




</page>
<page width="2480" height="3508" resolution="300">
<block><region><rect/></region>
<text>
<par>
<line>ALLONNE - Plan Local d'Urbanisme</line></par>
</text>
</block>
<block><region><rect/></region>
<text>
<par>
<line>3</line></par>
</text>
</block>
<block><region><rect/></region>
<text>
<par>
<line>CHAPITRE 1 - Zone 1 AUhl</line></par>
</text>
</block>
<block><region><rect/></region>
<text>
<par/>
</text>
</block>
<block><region><rect/></region>
<text>
<par>
<line>îtîrLLDL.&gt;;</line></par>
</text>
</block>
<block><region><rect/></region>
<text>
<par>
<line>LES ENTES</line></par>
</text>
</block>
<block><region><rect/></region>
<text>
<par>
<line>â</line></par>
</text>
</block>
<block><region><rect/></region>
<text>
<par/>
</text>
</block>
<block><region><rect/></region>
<text>
<par/>
</text>
</block>
<block><region><rect/></region>
<text>
<par/>
</text>
</block>
<block><region><rect/></region>
<text>
<par/>
</text>
</block>
<block><region><rect/></region>
<text>
<par/>
</text>
</block>
<block><region><rect/><rect/><rect/></region>
<text>
<par/>
</text>
</block>
<block><region><rect/></region>
<text>
<par/>
</text>
</block>
<block><region><rect/></region>
<text>
<par/>
</text>
</block>
<block><region><rect/></region>
<text>
<par/>
</text>
</block>
<block><region><rect/></region>
<text>
<par>
<line>et,</line></par>
</text>
</block>
<block><region><rect/></region>
<text>
<par>
<line>LEGENDE</line></par>
<par>
<line>Plantations d'intégration paysagère à créer</line></par>
<par>
<line>Maintien du cône de vue sur la Cathédrale de</line>
<line>Beauvais</line></par>
<par>
<line>■4mm^ Principe de voie traversante</line></par>
<par>
<line>■ Aménagement d'une aire de retournement</line>
<line>(sans remettre en cause un prolongement</line>
<line>futur de la voirie)</line></par>
</text>
</block>
<block><region><rect/></region>
<text>
<par>
<line>Orientations d'Aménagement</line></par>
</text>
</block>
<block><region><rect/></region>
<text>
<par>
<line>Cabinet Urba-Services</line></par>
</text>
</block>







<block blockType="Picture" blockName="" l="228" t="2245" r="1169" b="2946"><region><rect/></region>
</block>
</page>
<page width="2480" height="3508" resolution="300">
<block><region><rect/></region>
<text>
<par>
<line>ALLONNE - Plan Local d'Urbanisme</line></par>
</text>
</block>
<block><region><rect/></region>
<text>
<par>
<line>4</line></par>
</text>
</block>
<block><region><rect/></region>
<text>
<par>
<line>CHAPITRE 2 - Zone 1 AUh2</line></par>
</text>
</block>
<block><region><rect/></region>
<text>
<par/>
</text>
</block>
<block><region><rect/></region>
<text>
<par>
<line>%</line></par>
</text>
</block>
<block><region><rect/></region>
<text>
<par/>
</text>
</block>
<block><region><rect/></region>
<text>
<par>
<line>%</line></par>
</text>
</block>
<block><region><rect/></region>
<text>
<par/>
</text>
</block>
<block><region><rect/></region>
<text>
<par>
<line>♦</line></par>
</text>
</block>
<block><region><rect/></region>
<text>
<par>
<line>♦</line></par>
</text>
</block>
<block><region><rect/><rect/></region>
<text>
<par>
<line>.</line></par>
</text>
</block>
<block><region><rect/></region>
<text>
<par>
<line>♦</line></par>
</text>
</block>
<block><region><rect/></region>
<text>
<par/>
</text>
</block>
<block><region><rect/></region>
<text>
<par/>
</text>
</block>
<block><region><rect/></region>
<text>
<par/>
</text>
</block>
<block><region><rect/></region>
<text>
<par/>
</text>
</block>
<block><region><rect/></region>
<text>
<par>
<line>Ji</line></par>
</text>
</block>
<block><region><rect/></region>
<text>
<par/>
</text>
</block>
<block><region><rect/></region>
<text>
<par/>
</text>
</block>
<block><region><rect/></region>
<text>
<par/>
</text>
</block>
<block><region><rect/></region>
<text>
<par/>
</text>
</block>
<block><region><rect/></region>
<text>
<par/>
</text>
</block>
<block><region><rect/></region>
<text>
<par>
<line>M</line></par>
</text>
</block>
<block><region><rect/></region>
<text>
<par/>
</text>
</block>
<block><region><rect/></region>
<text>
<par/>
</text>
</block>
<block><region><rect/></region>
<text>
<par>
<line>LEGENDE</line></par>
<par>
<line>Q&gt; Plantations à créer</line></par>
<par>
<line>( Principe de voie interne traversante</line></par>
<par>
<line>\</line></par>
<par>
<line>Création d'une liaison piétonne</line></par>
<par>
<line>Création d'une liaison piétonne et/ou routière</line></par>
<par>
<line>Installation d'un système anti-bruit et</line>
<line>” traitement paysager de la lisière urbaine</line></par>
<par>
<line>■ Structuration de la rive de la rue par la création</line>
<line>d'un espace vert (type usoir) accueillant une</line>
<line>sente piétonne (liaison Vlllers/future zone</line>
<line>d'activité) et bordée par des constructions</line>
<line>implantées à l'alignement.</line></par>
<par>
<line>Aménagement en vue d'atténuer l'impact</line>
<line>V ^ (bruits, poussières) de l'exploitation de</line>
<line>carrières projetée plus au sud.</line></par>
</text>
</block>
<block><region><rect/></region>
<text>
<par>
<line>Orientations d'Aménagement</line></par>
</text>
</block>
<block><region><rect/></region>
<text>
<par>
<line>Cabinet Urba-Services</line></par>
</text>
</block>






































<block blockType="Picture" blockName="" l="397" t="419" r="2208" b="2135"><region><rect/></region>
</block>
<block blockType="Picture" blockName="" l="1343" t="2842" r="1436" b="2918"><region><rect/></region>
</block>
</page>
<page width="2480" height="3508" resolution="300">
<block><region><rect/></region>
<text>
<par>
<line>ALLONNE - Plan Local d'Urbanisme</line></par>
</text>
</block>
<block><region><rect/></region>
<text>
<par>
<line>5</line></par>
</text>
</block>
<block><region><rect/></region>
<text>
<par>
<line>CHAPITRE 3 - Zone 1 AUh3 et 2 AUh</line></par>
</text>
</block>
<block><region><rect/></region>
<text>
<par/>
</text>
</block>
<block><region><rect/></region>
<text>
<par/>
</text>
</block>
<block><region><rect/></region>
<text>
<par>
<line>/</line></par>
</text>
</block>
<block><region><rect/></region>
<text>
<par/>
</text>
</block>
<block><region><rect/></region>
<text>
<par/>
</text>
</block>
<block><region><rect/></region>
<text>
<par/>
</text>
</block>
<block><region><rect/></region>
<text>
<par/>
</text>
</block>
<block><region><rect/></region>
<text>
<par>
<line>4</line></par>
</text>
</block>
<block><region><rect/></region>
<text>
<par>
<line>•A</line></par>
</text>
</block>
<block><region><rect/></region>
<text>
<par/>
</text>
</block>
<block><region><rect/></region>
<text>
<par/>
</text>
</block>
<block><region><rect/></region>
<text>
<par/>
</text>
</block>
<block><region><rect/></region>
<text>
<par/>
</text>
</block>
<block><region><rect/></region>
<text>
<par>
<line>ife</line></par>
</text>
</block>
<block><region><rect/></region>
<text>
<par/>
</text>
</block>
<block><region><rect/></region>
<text>
<par/>
</text>
</block>
<block><region><rect/></region>
<text>
<par/>
</text>
</block>
<block><region><rect/></region>
<text>
<par>
<line>|E^</line></par>
</text>
</block>
<block><region><rect/></region>
<text>
<par/>
</text>
</block>
<block><region><rect/></region>
<text>
<par/>
</text>
</block>
<block><region><rect/></region>
<text>
<par>
<line>7</line></par>
</text>
</block>
<block><region><rect/></region>
<text>
<par/>
</text>
</block>
<block><region><rect/></region>
<text>
<par>
<line>1D4</line></par>
</text>
</block>
<block blockType="Table" blockName="" l="1216" t="2289" r="2360" b="3168"><region><rect/></region>
<row>
<cell colSpan="2" bottomBorder="White" width="1144" height="92">
<text>
<par>
<line>LEGENDE</line></par>
</text></cell></row>
<row>
<cell topBorder="White" rightBorder="White" bottomBorder="White" width="190" height="111">
<text>
<par>
<line>m</line></par>
</text></cell>
<cell leftBorder="White" topBorder="White" bottomBorder="White" width="954" height="111">
<text>
<par>
<line>Boisement à conserver</line></par>
</text></cell></row>
<row>
<cell topBorder="White" rightBorder="White" bottomBorder="White" width="190" height="114">
<text>
<par/>
</text></cell>
<cell leftBorder="White" topBorder="White" bottomBorder="White" width="954" height="114">
<text>
<par>
<line>Plantations à créer</line></par>
</text></cell></row>
<row>
<cell topBorder="White" rightBorder="White" bottomBorder="White" width="190" height="154">
<text>
<par/>
</text></cell>
<cell leftBorder="White" topBorder="White" bottomBorder="White" width="954" height="154">
<text>
<par>
<line>Aménagement d'un espace vert et le cas</line>
<line>échéant d'un espace de jeux</line></par>
</text></cell></row>
<row>
<cell topBorder="White" rightBorder="White" bottomBorder="White" width="190" height="102">
<text>
<par/>
</text></cell>
<cell leftBorder="White" topBorder="White" bottomBorder="White" width="954" height="102">
<text>
<par>
<line>Principe de voie traversante</line></par>
</text></cell></row>
<row>
<cell topBorder="White" rightBorder="White" width="190" height="306">
<text>
<par>
<line>• • •</line></par>
</text></cell>
<cell leftBorder="White" topBorder="White" width="954" height="306">
<text>
<par>
<line>Maintien de deux accès en périphérie est</line>
<line>de la zone (principe de prolongement futur</line>
<line>des voies)</line></par>
</text></cell></row>
</block>
<block><region><rect/></region>
<text>
<par>
<line>Orientations d'Aménagement</line></par>
</text>
</block>
<block><region><rect/></region>
<text>
<par>
<line>Cabinet Urba-Services</line></par>
</text>
</block>












</page>
<page width="2480" height="3508" resolution="300">
<block><region><rect/></region>
<text>
<par>
<line>ALLONNE - Plan Local d'Urbanisme</line></par>
</text>
</block>
<block><region><rect/></region>
<text>
<par>
<line>6</line></par>
</text>
</block>
<block><region><rect/></region>
<text>
<par>
<line>CHAPITRE 4 - Zone 1 AUh4</line></par>
</text>
</block>
<block><region><rect/></region>
<text>
<par>
<line>4</line></par>
</text>
</block>
<block><region><rect/></region>
<text>
<par>
<line>S</line></par>
</text>
</block>
<block><region><rect/></region>
<text>
<par>
<line>%</line></par>
</text>
</block>
<block><region><rect/></region>
<text>
<par>
<line>LEGENDE</line></par>
<par>
<line>Plantations à créer</line></par>
<par>
<line>Principe de voie traversante reliant la rue</line>
<line>de Therdonne à l'impasse des Roseaux</line></par>
</text>
</block>
<block><region><rect/></region>
<text>
<par>
<line>Orientations d'Aménagement</line></par>
</text>
</block>
<block><region><rect/></region>
<text>
<par>
<line>Cabinet Urba-Services</line></par>
</text>
</block>








<block blockType="Picture" blockName="" l="162" t="2108" r="1207" b="2764"><region><rect/></region>
</block>
</page>
</OAP>