<?xml version="1.0" encoding="UTF-8"?><OAP>
<page width="2481" height="3508" resolution="300">
<block><region><rect/></region>
<text>
<par/>
</text>
</block>
<block><region><rect/></region>
<text>
<par>
<line>Commune de Baron</line></par>
<par>
<line>Département de l’Oise</line></par>
</text>
</block>
<block><region><rect/></region>
<text>
<par>
<line>Plan Local d’Urbanisme</line></par>
<par>
<line>3 - Orientations d’Aménagement</line>
<line>et de Programmation</line></par>
</text>
</block>
<block><region><rect/></region>
<text>
<par>
<line>P.L.U. approuvé par Délibération du Conseil Municipal</line></par>
<par>
<line>du 12 Mai 2017</line></par>
</text>
</block>
<block><region><rect/></region>
<text>
<par>
<line>Société Urballiance</line>
<line>78, rue de Longchamp - 75116 Paris</line>
<line>urballiance@hotmail.fr</line></par>
</text>
</block>



</page>
<page width="2481" height="3508" resolution="300">
<block><region><rect/></region>
<text>
<par>
<line>Plan Local d’UrbanIsme de la commune de Baron</line></par>
</text>
</block>
<block><region><rect/></region>
<text>
<par>
<line>Orientations d'Aménagement et de Programmation</line></par>
</text>
</block>
<block><region><rect/></region>
<text>
<par>
<line>Par suite aux orientations d'aménagement créées par la loi SRU du 13 décembre 2000, les nouvelles</line>
<line>« orientations d’aménagement et de programmation » ont été instaurées par la loi ENE du 12 juillet</line>
<line>2010 dite loi Grenelle 2.</line></par>
<par>
<line>Les orientations d’aménagement et de programmation (GAP) sont l’une des pièces constitutives du</line>
<line>dossier de Plan Local d’Urbanisme (article L. 151.2 du code de l'Urbanisme). Elles exposent la manière</line>
<line>dont la collectivité souhaite mettre en valeur, réhabiliter, restructurer ou aménager des quartiers ou des</line>
<line>secteurs de son territoire.</line></par>
<par>
<line>Les orientations d’aménagement et de programmation peuvent concerner divers sortes de lieux de</line>
<line>projet, quelles que soient leurs localisations au sein du périmètre couvert par le P.L.U. et la vocation</line>
<line>des terrains concernés dans le plan. Ainsi, elles peuvent notamment porter sur les extensions urbaines</line>
<line>et les lieux de renouvellement urbain.</line></par>
<par>
<line>Les orientations d’aménagement et de programmation doivent être établies dans le respect des</line>
<line>orientations générales définies au P.A.D.D.</line></par>
<par>
<line>En application de l'article L.152-3 du Code de l'Urbanisme, tous les travaux, les constructions ou</line>
<line>opérations doivent être compatibles avec les orientations d'aménagement et avec leurs documents</line>
<line>graphiques. Cette compatibilité signifie que les travaux et opérations réalisés dans les secteurs</line>
<line>concernés sont opposables au tiers, qu'ils ne peuvent être contraires aux orientations d'aménagement</line>
<line>retenues, mais contribuer à leur mise en oeuvre ou tout au moins ne pas les remettre en cause.</line></par>
<par>
<line>La compatibilité s'apprécie lors de l'instruction des demandes d'autorisation d'urbanisme.</line></par>
<par>
<line>Le document d'Crientations d'Aménagement et de Programmation peut, selon les secteurs, définir des</line>
<line>principes du parti d'aménagement ainsi que l'organisation urbaine retenue (articulation de l'espace</line>
<line>public et privé, équipements et espaces collectifs, ordonnancement des constructions).</line></par>
<par>
<line>Ainsi, les opérations d'aménagement et de construction doivent être réalisées dans le respect des</line>
<line>Crientations d'Aménagement et de Programmation et conformément au règlement du P.L.U.</line></par>
<par>
<line>Une autorisation d’urbanisme pourra être refusée au motif qu'elle n'est pas compatible avec les</line>
<line>orientations d'aménagement définies dans le présent document.</line></par>
</text>
</block>
<block><region><rect/></region>
<text>
<par>
<line>Dans le cadre des objectifs définis dans le P.A.D.D. qui sont pour un développement maîtrisé peu</line>
<line>consommateur d'espace agricole et une diversification du parc immobilier baronnais, le présent</line>
<line>document a donc pour objet de préciser les Crientations d'Aménagement et de Programmation portant</line>
<line>sur la zone à urbaniser, dite AUH, située au sein du bourg au Sud du lotissement des Closeaux, au</line>
<line>niveau du Chemin Vieux.</line></par>
</text>
</block>
<block><region><rect/></region>
<text>
<par>
<line>2</line></par>
</text>
</block>


</page>
<page width="2481" height="3508" resolution="300">
<block><region><rect/></region>
<text>
<par>
<line>Plan Local d’UrbanIsme de la commune de Baron</line></par>
</text>
</block>
<block><region><rect/></region>
<text>
<par>
<line>Orientations d'Aménagement et de Programmation</line></par>
</text>
</block>
<block><region><rect/></region>
<text>
<par>
<line>Ce secteur, totalement vierge, d’une superficie de plus de 1 hectare, se situe à l'arrière de la RD 330A.</line>
<line>Situé à l’est du centre bourg, cet îlot se trouve au sein d’un tissu pavillonnaire, dont notamment le</line>
<line>lotissement les Closeaux. Ce secteur est également à proximité d'un hangar agricole lié à une</line>
<line>exploitation agricole. Il est d'ailleurs actuellement cultivé.</line></par>
<par>
<line>Ce site apparaît aujourd’hui pour Baron, comme une réelle opportunité de permettre le développement</line>
<line>du bourg sur lui-méme à moyen terme. Pour assurer une urbanisation homogène et continue de son</line>
<line>territoire, pour conserver une unité de l’espace urbain afin d’éviter l’étalement de l’habitat et préserver</line>
<line>les terres agricoles, et enfin répondre aux besoins de sa population. Baron souhaite, en effet, urbaniser</line>
<line>cette dent creuse de 1 hectare.</line></par>
<par>
<line>Ce secteur comprend une partie de la parcelle n°903 de la section D02.</line></par>
<par>
<line>Concernant le zonage, ce secteur se situe dans la zone à urbaniser, intitulée AUH, qui est destinée à</line>
<line>être urbanisée afin de répondre aux besoins en terrains nécessaires au développement de la commune.</line>
<line>Cette zone est affectée principalement à l'habitat.</line></par>
</text>
</block>
<block><region><rect/><rect/></region>
<text>
<par>
<line>Extrait du plan de zonage</line></par>
<par>
<line>LJ J</line></par>
</text>
</block>
<block><region><rect/></region>
<text>
<par>
<line>■</line></par>
</text>
</block>
<block><region><rect/></region>
<text>
<par>
<line>t</line></par>
</text>
</block>
<block><region><rect/></region>
<text>
<par>
<line>N</line></par>
</text>
</block>
<block><region><rect/></region>
<text>
<par>
<line>I</line></par>
</text>
</block>
<block><region><rect/></region>
<text>
<par>
<line>UB</line></par>
</text>
</block>
<block><region><rect/></region>
<text>
<par>
<line>N</line></par>
</text>
</block>
<block><region><rect/></region>
<text>
<par>
<line>t</line></par>
</text>
</block>
<block><region><rect/></region>
<text>
<par/>
</text>
</block>
<block><region><rect/></region>
<text>
<par>
<line>I '</line></par>
</text>
</block>
<block><region><rect/></region>
<text>
<par/>
</text>
</block>
<block><region><rect/></region>
<text>
<par>
<line>Nj</line></par>
</text>
</block>
<block><region><rect/></region>
<text>
<par/>
</text>
</block>
<block><region><rect/></region>
<text>
<par/>
</text>
</block>
<block><region><rect/></region>
<text>
<par>
<line>t</line></par>
</text>
</block>
<block><region><rect/></region>
<text>
<par>
<line>AUH</line></par>
<par>
<line>Parcelle n°903</line></par>
</text>
</block>
<block><region><rect/></region>
<text>
<par>
<line>UB</line></par>
</text>
</block>
<block><region><rect/><rect/></region>
<text>
<par>
<line>i*/</line></par>
</text>
</block>
<block><region><rect/></region>
<text>
<par>
<line>►</line></par>
</text>
</block>
<block><region><rect/></region>
<text>
<par>
<line>AU-DESSUS</line></par>
</text>
</block>
<block><region><rect/></region>
<text>
<par/>
</text>
</block>
<block><region><rect/></region>
<text>
<par>
<line>UA</line></par>
</text>
</block>
<block><region><rect/></region>
<text>
<par/>
</text>
</block>
<block><region><rect/></region>
<text>
<par>
<line>ê!</line></par>
</text>
</block>
<block><region><rect/></region>
<text>
<par>
<line>3</line></par>
</text>
</block>



</page>
<page width="2481" height="3508" resolution="300">
<block><region><rect/></region>
<text>
<par>
<line>Plan Local d’UrbanIsme de la commune de Baron</line></par>
</text>
</block>
<block><region><rect/></region>
<text>
<par>
<line>Orientations d'Aménagement et de Programmation</line></par>
</text>
</block>
<block blockType="Table" blockName="" l="289" t="199" r="2207" b="502"><region><rect/></region>
<row>
<cell leftBorder="White" rightBorder="White" width="296" height="97">
<text>
<par/>
</text></cell>
<cell leftBorder="White" rightBorder="White" width="1126" height="97">
<text>
<par/>
</text></cell>
<cell leftBorder="White" rightBorder="White" width="496" height="97">
<text>
<par/>
</text></cell></row>
<row>
<cell rightBorder="White" bottomBorder="White" width="296" height="206">
<text>
<par/>
</text></cell>
<cell leftBorder="White" rightBorder="White" bottomBorder="White" width="1126" height="206">
<text>
<par>
<line>Localisation du secteur</line></par>
<par>
<line>tu - r-: ; i æj</line></par>
</text></cell>
<cell leftBorder="White" bottomBorder="White" width="496" height="206">
<text>
<par/>
</text></cell></row>
</block>
<block><region><rect/></region>
<text>
<par>
<line>' . T#</line></par>
</text>
</block>
<block><region><rect/></region>
<text>
<par>
<line>jk</line></par>
</text>
</block>
<block><region><rect/></region>
<text>
<par/>
</text>
</block>
<block><region><rect/></region>
<text>
<par>
<line>m</line></par>
</text>
</block>
<block><region><rect/></region>
<text>
<par/>
</text>
</block>
<block><region><rect/></region>
<text>
<par>
<line>T</line></par>
</text>
</block>
<block><region><rect/></region>
<text>
<par>
<line>TT»</line></par>
</text>
</block>
<block><region><rect/></region>
<text>
<par>
<line>î</line></par>
</text>
</block>
<block><region><rect/></region>
<text>
<par/>
</text>
</block>
<block><region><rect/></region>
<text>
<par/>
</text>
</block>
<block><region><rect/></region>
<text>
<par>
<line>48S</line></par>
</text>
</block>
<block><region><rect/></region>
<text>
<par/>
</text>
</block>
<block><region><rect/></region>
<text>
<par>
<line>481</line></par>
</text>
</block>
<block><region><rect/></region>
<text>
<par>
<line>482</line></par>
</text>
</block>
<block><region><rect/></region>
<text>
<par/>
</text>
</block>
<block><region><rect/></region>
<text>
<par>
<line>J</line></par>
</text>
</block>
<block><region><rect/></region>
<text>
<par>
<line>902</line></par>
</text>
</block>
<block><region><rect/></region>
<text>
<par>
<line>ft</line></par>
</text>
</block>
<block><region><rect/></region>
<text>
<par>
<line>f«s</line></par>
</text>
</block>
<block><region><rect/></region>
<text>
<par/>
</text>
</block>
<block><region><rect/></region>
<text>
<par>
<line>903</line></par>
</text>
</block>
<block><region><rect/></region>
<text>
<par/>
</text>
</block>
<block><region><rect/></region>
<text>
<par>
<line>5^</line></par>
</text>
</block>
<block><region><rect/></region>
<text>
<par>
<line>429</line></par>
</text>
</block>
<block><region><rect/></region>
<text>
<par/>
</text>
</block>
<block><region><rect/></region>
<text>
<par/>
</text>
</block>
<block><region><rect/></region>
<text>
<par>
<line>1101</line></par>
</text>
</block>
<block><region><rect/></region>
<text>
<par>
<line>#</line></par>
</text>
</block>
<block><region><rect/></region>
<text>
<par/>
</text>
</block>
<block><region><rect/></region>
<text>
<par/>
</text>
</block>
<block><region><rect/></region>
<text>
<par>
<line>%</line></par>
</text>
</block>
<block><region><rect/></region>
<text>
<par/>
</text>
</block>
<block><region><rect/></region>
<text>
<par>
<line>44/</line></par>
</text>
</block>
<block><region><rect/></region>
<text>
<par>
<line>446</line></par>
</text>
</block>
<block><region><rect/></region>
<text>
<par>
<line>194</line></par>
</text>
</block>
<block><region><rect/></region>
<text>
<par/>
</text>
</block>
<block><region><rect/></region>
<text>
<par>
<line>666</line></par>
</text>
</block>
<block><region><rect/></region>
<text>
<par>
<line>4</line></par>
</text>
</block>















<block blockType="Picture" blockName="" l="502" t="2108" r="627" b="2190"><region><rect/></region>
</block>
<block blockType="Picture" blockName="" l="321" t="467" r="2187" b="2206"><region><rect/></region>
</block>
</page>
<page width="2481" height="3508" resolution="300">
<block><region><rect/></region>
<text>
<par>
<line>Plan Local d’UrbanIsme de la commune de Baron</line></par>
</text>
</block>
<block><region><rect/></region>
<text>
<par>
<line>Orientations d'Aménagement et de Programmation</line></par>
</text>
</block>
<block><region><rect/></region>
<text>
<par>
<line>LES ORIENTATIONS GENERALES</line></par>
<par>
<line>Afin de développer le bourg sur lui-même, les interventions préconisées sur ce secteur doivent répondre</line>
<line>aux objectifs suivants :</line></par>
<par>
<line>- densifier le secteur de manière modérée avec des modes de construction appropriés au site ;</line></par>
<par>
<line>- répondre aux besoins actuels en matière d’habitat et anticiper les besoins de demain en</line>
<line>favorisant la qualité environnementale des constructions ;</line></par>
<par>
<line>- agencer une voirie afin de désenclaver le secteur ;</line></par>
<par>
<line>- favoriser les liaisons douces.</line></par>
</text>
</block>
<block><region><rect/></region>
<text>
<par>
<line>LES PRINCIPES D’AMENAGEMENT</line></par>
<par>
<line>Pour répondre à ces objectifs, l’urbanisation de ce secteur s’appuiera sur les grands principes</line>
<line>d’aménagements suivants :</line></par>
<par>
<line>- développer l’offre résidentielle de la commune avec la possibilité de réaliser un programme</line>
<line>mixte permettant la réalisation à la fois d’un habitat individuel et de type maisons de ville</line>
<line>végétalisé pour s’intégrer au mieux au tissu pavillonnaire environnent. L'objectif est</line>
<line>d'encourager une diversité de taille de logement, et par conséquent accueillir des logements de</line>
<line>taille moyenne. Ceci permettrait d’une part de répondre au phénomène de desserrement des</line>
<line>jeunes baronnais et d’autre part de faire face à la baisse du nombre de personnes par ménage</line>
<line>marquée par la hausse des ménages d’un personne, et enfin pour accueillir de jeunes ménages</line>
<line>avec enfant afin d’enrayer le phénomène de vieillissement de la population ;</line></par>
<par>
<line>- limiter la consommation d’énergie et assurer une gestion économe de l’eau par des dispositions</line>
<line>particulières en termes d'isolation et d'inertie des bâtiments. L'objectif est de tendre vers la</line>
<line>construction de bâtiments dont la consommation d'énergie est très réduite ;</line></par>
<par>
<line>- aménager une voie en double sens, de 9 mètres de large minimum, depuis le Vieux Chemin</line>
<line>pour desservir cet îlot. Cette largeur permettra d'aménager une voie avec des trottoirs de 1,5 m</line>
<line>minimum de large ;</line></par>
<par>
<line>- réaliser la nouvelle voirie face â celle de la résidence Les Closeaux, la rue Albert Roitel, afin de</line>
<line>favoriser une unité de lieu, notamment â travers l'aménagement de l'intersection de ces deux</line>
<line>voies avec le Vieux Chemin ;</line></par>
<par>
<line>- prendre en compte les déplacements doux dans l’aménagement de la voirie propre â cet îlot ;</line></par>
<par>
<line>- créer une zone de tampon entre ce secteur et l'exploitation agricole par un aménagement</line>
<line>végétal en fond de parcelle atténuant ainsi fortement l'impact visuel du hangar et des</line>
<line>différentes installations liées â l'exploitation agricole ;</line></par>
<par>
<line>- traiter la frange urbaine en limite de l'espace agricole par un aménagement végétal en fond de</line>
<line>parcelle pour qualifier l'espace de contact entre ville et nature et définir une limite claire â</line>
<line>l'urbanisation.</line></par>
</text>
</block>
<block><region><rect/></region>
<text>
<par>
<line>5</line></par>
</text>
</block>


</page>
<page width="2481" height="3508" resolution="300">
<block><region><rect/></region>
<text>
<par>
<line>Plan Local d’UrbanIsme de la commune de Baron</line></par>
</text>
</block>
<block><region><rect/></region>
<text>
<par>
<line>Orientations d'Aménagement et de Programmation</line></par>
</text>
</block>
<block><region><rect/><rect/></region>
<text>
<par>
<line>Principes d’aménagement</line></par>
<par>
<line>I</line></par>
</text>
</block>
<block><region><rect/></region>
<text>
<par>
<line>«</line></par>
</text>
</block>
<block><region><rect/></region>
<text>
<par>
<line>I</line></par>
</text>
</block>
<block><region><rect/></region>
<text>
<par/>
</text>
</block>
<block><region><rect/></region>
<text>
<par/>
</text>
</block>
<block><region><rect/></region>
<text>
<par>
<line>leüx</line></par>
</text>
</block>
<block><region><rect/></region>
<text>
<par>
<line>%</line></par>
</text>
</block>
<block><region><rect/></region>
<text>
<par>
<line>'§</line></par>
</text>
</block>
<block><region><rect/></region>
<text>
<par>
<line>/</line></par>
</text>
</block>
<block><region><rect/></region>
<text>
<par>
<line>Hangar</line></par>
</text>
</block>
<block><region><rect/></region>
<text>
<par/>
</text>
</block>
<block><region><rect/></region>
<text>
<par>
<line>1</line></par>
</text>
</block>
<block><region><rect/></region>
<text>
<par>
<line>lJ</line></par>
</text>
</block>
<block><region><rect/></region>
<text>
<par>
<line>Périmètre secteur OAP : 10 363</line></par>
</text>
</block>
<block><region><rect/></region>
<text>
<par>
<line>Programme d'habitat mixte végétaiisé</line>
<line>Nouveiie voie en doubie sens de 9 m de large</line></par>
</text>
</block>
<block><region><rect/></region>
<text>
<par>
<line>4 ■ ♦ Créer un lien avec ia rue Albert Roitei par le</line>
<line>* ■ traitement de l’intersection</line></par>
<par>
<line>Zone tampon constituée d’une haie végétale en</line>
<line>limite de l’exploitation agricole</line></par>
<par>
<line>Frange urbaine constituée d’une haie végétale</line>
<line>^ ^ en limite de l’espace agricole</line></par>
</text>
</block>
<block><region><rect/></region>
<text>
<par>
<line>6</line></par>
</text>
</block>





</page>
</OAP>