<?xml version="1.0" encoding="UTF-8"?><OAP>
<page width="2475" height="3504" resolution="300">
<block><region><rect/></region>
<text>
<par>
<line>URBA-SERVICES</line></par>
</text>
</block>
<block><region><rect/></region>
<text>
<par>
<line>CABINET DE CONSEILS EN URBANISME</line></par>
</text>
</block>
<block><region><rect/></region>
<text>
<par>
<line>83, rue de Tilloy, BP 401 - 60004 BEAUVAIS CEDEX</line>
<line>Téléphone : 03.44.45.17.57</line>
<line>Fax : 03.44.45.04.25</line>
<line>contact@urbaservice.fr</line></par>
</text>
</block>
<block><region><rect/></region>
<text>
<par>
<line>_ Commune de</line></par>
</text>
</block>
<block><region><rect/></region>
<text>
<par>
<line>CANLY</line></par>
</text>
</block>
<block><region><rect/></region>
<text>
<par>
<line>PLAN LOCAL</line>
<line>D’URBANISME _</line></par>
</text>
</block>
<block><region><rect/></region>
<text>
<par>
<line>APPROBATION</line></par>
<par>
<line>Vu pour être annexé à la</line>
<line>délibération en date du :</line></par>
<par>
<line>23 MARS 2017</line></par>
</text>
</block>
<block><region><rect/></region>
<text>
<par/>
</text>
</block>
<block><region><rect/></region>
<text>
<par>
<line>ORIENTATIONS D’AMENAGEMENT</line></par>
<par>
<line>ET DE PROGRAMMATION</line></par>
</text>
</block>








</page>
<page width="2481" height="3508" resolution="300">
<block><region><rect/></region>
<text>
<par>
<line>Commune de Canly / Plan Local d’UrbanIsme</line></par>
</text>
</block>
<block><region><rect/></region>
<text>
<par>
<line>Cabinet Urba-Services</line></par>
</text>
</block>
<block><region><rect/></region>
<text>
<par>
<line>SOMMAIRE</line></par>
</text>
</block>
<block><region><rect/></region>
<text>
<par>
<line>Page</line></par>
</text>
</block>
<block><region><rect/></region>
<text>
<par>
<line>INTRODUCTION</line></par>
</text>
</block>
<block><region><rect/></region>
<text>
<par>
<line>2</line></par>
</text>
</block>
<block><region><rect/></region>
<text>
<par>
<line>CHAPITRE 1 - EN ZONE UD, DANS LE BOURG DE CANLY_3</line></par>
<par>
<line>Terrain situé en contre-haut de la rue du Moulin</line></par>
</text>
</block>
<block><region><rect/></region>
<text>
<par>
<line>CHAPITRE 2 - EN ZONE Ul, DANS LA ZONE D’ACTIVITES</line></par>
</text>
</block>
<block><region><rect/></region>
<text>
<par>
<line>4</line></par>
</text>
</block>
<block><region><rect/></region>
<text>
<par>
<line>Terrain situé à l’arrière de la plateforme logistique d’intermarché</line></par>
</text>
</block>
<block><region><rect/></region>
<text>
<par>
<line>Orientations d’aménagement et de programmation</line></par>
</text>
</block>
<block><region><rect/></region>
<text>
<par>
<line>1/4</line></par>
</text>
</block>






<block blockType="Picture" blockName="" l="289" t="643" r="2192" b="707"><region><rect/></region>
</block>
</page>
<page width="2481" height="3508" resolution="300">
<block><region><rect/></region>
<text>
<par>
<line>Commune de Canly / Plan Local d’UrbanIsme</line></par>
</text>
</block>
<block><region><rect/></region>
<text>
<par>
<line>Cabinet Urba-Services</line></par>
</text>
</block>
<block><region><rect/></region>
<text>
<par>
<line>INTRODUCTION</line></par>
</text>
</block>
<block><region><rect/></region>
<text>
<par>
<line>Les « orientations d’aménagement et de programmation » permettent de mettre en</line>
<line>œuvre des actions ou opérations déterminées, dans certains secteurs.</line></par>
<par>
<line>Elles sont déterminées en application de l’article L. 151-6 du Code de l’Urbanisme,</line>
<line>selon lequel : « les orientations d'aménagement et de programmation comprennent, en</line>
<line>cohérence avec le projet d'aménagement et de développement durables, des dispositions</line>
<line>portant sur l'aménagement, l'habitat, les transports et les déplacements ».</line></par>
<par>
<line>Selon les termes de l’article L. 151-7 du Code de l’Urbanisme, « les orientations</line>
<line>d'aménagement et de programmation peuvent notamment :</line></par>
<par>
<line>- définir les actions et opérations nécessaires pour mettre en valeur</line>
<line>l'environnement, notamment les continuités écologiques, les paysages, les</line>
<line>entrées de villes et le patrimoine, lutter contre l'insalubrité, permettre le</line>
<line>renouvellement urbain et assurer le développement de la commune ;</line></par>
<par>
<line>- favoriser la mixité fonctionnelle en prévoyant qu'en cas de réalisation</line>
<line>d'opérations d'aménagement, de construction ou de réhabilitation un</line>
<line>pourcentage de ces opérations est destiné à la réalisation de commerces ;</line></par>
<par>
<line>- comporter un échéancier prévisionnel de l'ouverture à l'urbanisation des zones</line>
<line>à urbaniser et de la réalisation des équipements correspondants ;</line></par>
<par>
<line>- porter sur des quartiers ou des secteurs à mettre en valeur, réhabiliter,</line>
<line>restructurer ou aménager ;</line></par>
<par>
<line>- prendre la forme de schémas d'aménagement et préciser les principales</line>
<line>caractéristiques des voies et espaces publics ;</line></par>
<par>
<line>- adapter la délimitation des périmètres, en fonction de la qualité de la desserte,</line>
<line>où s'applique le plafonnement à proximité des transports prévu aux articles</line>
<line>L. 151-35 etL. 151-36. »</line></par>
</text>
</block>
<block><region><rect/></region>
<text>
<par>
<line>Sont concernés par des Orientations d’Aménagement et de Programmation :</line></par>
<par>
<line>- un terrain situé en contre-haut de la rue du Moulin dans le bourg de Canly</line>
<line>(terrain classé en zone UD),</line></par>
<par>
<line>- un terrain situé à l’arrière de la plateforme logistique d’intermarché dans la zone</line>
<line>d’activités (terrain classé en zone Ul).</line></par>
</text>
</block>
<block><region><rect/></region>
<text>
<par>
<line>Orientations d’aménagement et de programmation</line></par>
</text>
</block>
<block><region><rect/></region>
<text>
<par>
<line>2/4</line></par>
</text>
</block>




</page>
<page width="2481" height="3508" resolution="300">
<block><region><rect/></region>
<text>
<par>
<line>Commune de Canly / Plan Local d’UrbanIsme</line></par>
</text>
</block>
<block><region><rect/></region>
<text>
<par>
<line>Cabinet Urba-Services</line></par>
</text>
</block>
<block><region><rect/></region>
<text>
<par>
<line>CHAPITRE 1 - Terrain situé en contre-haut de la rue du Moulin (zone UD)</line></par>
</text>
</block>
<block><region><rect/></region>
<text>
<par>
<line>Périmètre concerné par les</line>
<line>Orientations d’Aménagement</line>
<line>et de Programmation (OAP)</line></par>
</text>
</block>
<block><region><rect/></region>
<text>
<par>
<line>Desserte par deux chemins existants,</line>
<line>dont celui des Diligences qui est</line>
<line>carrossé et équipé</line></par>
<par>
<line>Liaison piétonne</line></par>
</text>
</block>
<block><region><rect/></region>
<text>
<par>
<line>Bâtiment existant pouvant être démoli</line></par>
</text>
</block>
<block><region><rect/></region>
<text>
<par/>
</text>
</block>
<block><region><rect/></region>
<text>
<par>
<line>ç-*</line></par>
</text>
</block>
<block><region><rect/></region>
<text>
<par/>
</text>
</block>
<block><region><rect/></region>
<text>
<par>
<line>ConpltST</line></par>
</text>
</block>
<block><region><rect/></region>
<text>
<par/>
</text>
</block>
<block><region><rect/></region>
<text>
<par/>
</text>
</block>
<block><region><rect/></region>
<text>
<par/>
</text>
</block>
<block><region><rect/></region>
<text>
<par/>
</text>
</block>
<block><region><rect/></region>
<text>
<par>
<line>Chemin des Diligences (« voie communale n°106 :</line></par>
</text>
</block>
<block><region><rect/></region>
<text>
<par>
<line>Chemin perpendiculaire à la rue du Moulin</line></par>
</text>
</block>
<block><region><rect/></region>
<text>
<par>
<line>Tout projet devra comporter un caractère d’intérêt collectif : logements adaptés aux</line>
<line>personnes âgées, établissement présentant un intérêt général, services à la</line>
<line>population,...</line></par>
<par>
<line>Dans l’hypothèse où le programme comprendrait des logements, la capacité</line>
<line>d’accueil de cet espace est fixée entre 8 et 10 logements, et ce en compatibilité avec le</line>
<line>Schéma de Cohérence Territoriale (SCOT) Basse Automne Plaine d’Estrées qui</line>
<line>énonce une densité moyenne de 18 logements par hectare, sans être inférieure à 15</line>
<line>logements par hectare, étant précisé que la superficie du terrain couverte par l’OAP est</line>
<line>d’environ 4 870 m^.</line></par>
</text>
</block>
<block><region><rect/></region>
<text>
<par>
<line>Orientations d’aménagement et de programmation</line></par>
</text>
</block>
<block><region><rect/></region>
<text>
<par>
<line>3/4</line></par>
</text>
</block>
















</page>
<page width="2481" height="3508" resolution="300">
<block><region><rect/></region>
<text>
<par>
<line>Commune de Canly / Plan Local d’UrbanIsme</line></par>
</text>
</block>
<block><region><rect/></region>
<text>
<par>
<line>Cabinet Urba-Services</line></par>
</text>
</block>
<block><region><rect/></region>
<text>
<par>
<line>CHAPITRE 2 - Terrain situé à l’arrière de la plateforme logistique d’intermarché</line></par>
<par>
<line>(zone Ul)</line></par>
</text>
</block>
<block><region><rect/></region>
<text>
<par/>
</text>
</block>
<block><region><rect/></region>
<text>
<par>
<line>S</line></par>
</text>
</block>
<block><region><rect/></region>
<text>
<par>
<line>y..*;</line></par>
</text>
</block>
<block><region><rect/></region>
<text>
<par/>
</text>
</block>
<block><region><rect/></region>
<text>
<par>
<line>ir</line></par>
</text>
</block>
<block><region><rect/></region>
<text>
<par/>
</text>
</block>
<block><region><rect/></region>
<text>
<par/>
</text>
</block>
<block><region><rect/></region>
<text>
<par/>
</text>
</block>
<block><region><rect/></region>
<text>
<par>
<line>mm JW:-, f-^r^</line></par>
</text>
</block>
<block><region><rect/></region>
<text>
<par>
<line>.m:</line></par>
</text>
</block>
<block><region><rect/></region>
<text>
<par/>
</text>
</block>
<block><region><rect/></region>
<text>
<par/>
</text>
</block>
<block><region><rect/></region>
<text>
<par/>
</text>
</block>
<block><region><rect/></region>
<text>
<par/>
</text>
</block>
<block><region><rect/></region>
<text>
<par/>
</text>
</block>
<block><region><rect/></region>
<text>
<par/>
</text>
</block>
<block><region><rect/></region>
<text>
<par/>
</text>
</block>
<block><region><rect/></region>
<text>
<par>
<line>■ ■</line></par>
<par>
<line>%.</line></par>
<par>
<line>Périmètre concerné par les</line>
<line>Orientations d’Aménagement et</line>
<line>de Programmation (OAP) :</line></par>
<par>
<line>espace à planter</line>
<line>(arbres de haute tige)</line>
<line>afin de faciliter la continuité</line>
<line>entre les deux massifs arborés,</line>
<line>la superficie couverte par l’OAP</line>
<line>étant d’environ 4 300 m^</line></par>
</text>
</block>
<block><region><rect/></region>
<text>
<par>
<line>Corridor entre deux massifs arborés</line></par>
</text>
</block>
<block><region><rect/></region>
<text>
<par>
<line>clôtures franchissables</line>
<line>par les animaux</line></par>
</text>
</block>
<block><region><rect/></region>
<text>
<par>
<line>Boisements existants</line></par>
</text>
</block>
<block><region><rect/></region>
<text>
<par/>
</text>
</block>
<block><region><rect/></region>
<text>
<par/>
</text>
</block>
<block><region><rect/></region>
<text>
<par/>
</text>
</block>
<block><region><rect/></region>
<text>
<par>
<line>-J</line></par>
</text>
</block>
<block><region><rect/></region>
<text>
<par>
<line>. Z’</line></par>
</text>
</block>
<block><region><rect/></region>
<text>
<par>
<line>I I</line></par>
</text>
</block>
<block><region><rect/></region>
<text>
<par>
<line>iM</line></par>
</text>
</block>
<block><region><rect/></region>
<text>
<par/>
</text>
</block>
<block><region><rect/><rect/></region>
<text>
<par/>
</text>
</block>
<block><region><rect/></region>
<text>
<par>
<line>Orientations d’aménagement et de programmation</line></par>
</text>
</block>
<block><region><rect/></region>
<text>
<par>
<line>4/4</line></par>
</text>
</block>











































</page>
</OAP>