<?xml version="1.0" encoding="UTF-8"?><OAP>
<page width="2245" height="1588" resolution="192">
<block><region><rect/></region>
<text>
<par>
<line>MAREUIL-SUR-OURCQ</line></par>
<par>
<line>Pl3n</line></par>
</text>
</block>
<block><region><rect/></region>
<text>
<par>
<line>ORIENTATIONS D’AMÉNAGEM£NLËT DE PROGRAMMATION</line></par>
</text>
</block>
<block><region><rect/></region>
<text>
<par>
<line>Document approuvé par délibération du conseil municipal le :</line></par>
</text>
</block>
</page>
<page width="3508" height="2481" resolution="300">
<block><region><rect/></region>
<text>
<par/>
</text>
</block>
<block><region><rect/></region>
<text>
<par>
<line>un« »oci«t«</line></par>
</text>
</block>
<block><region><rect/></region>
<text>
<par>
<line>URBANISME</line></par>
</text>
</block>
<block><region><rect/></region>
<text>
<par>
<line>2</line></par>
</text>
</block>



<block blockType="Picture" blockName="" l="2546" t="2406" r="2984" b="2477"><region><rect/></region>
</block>
</page>
<page width="3508" height="2481" resolution="300">
<block><region><rect/></region>
<text>
<par>
<line>SOMMAIRE</line></par>
</text>
</block>
<block><region><rect/></region>
<text>
<par/>
</text>
</block>
<block><region><rect/></region>
<text>
<par>
<line>■ 1/RAPPEL REGLEMENTAIRE Page 5</line></par>
<par>
<line>■ Il / ORIENTATIONS APPLICABLES AUX NOUVELLES OPERATIONS D’AMENAGEMENT Page 7</line></par>
<par>
<line>■ III / PRINCIPES D’AMENAGEMENT DES ZONES AU Page 13</line></par>
<par>
<line>■ OAP 1 : sous-secteur 2AUh « La grosse haie » Page 14</line></par>
<par>
<line>■ OAP 2 : sous-secteur 1AUh « Fontenille » Page 17</line></par>
<par>
<line>■ OAP 3 : sous-secteur 2AU « Chemin de la rivière » Page 20</line></par>
<par>
<line>■ OAP 4 sous-secteur 1AUe « le clos Regret » Page 23</line></par>
</text>
</block>
<block><region><rect/></region>
<text>
<par>
<line>un* société</line></par>
</text>
</block>


<block blockType="Picture" blockName="" l="144" t="2295" r="269" b="2438"><region><rect/></region>
</block>
<block blockType="Picture" blockName="" l="2546" t="2406" r="2984" b="2477"><region><rect/></region>
</block>
</page>
<page width="3508" height="2481" resolution="300">
<block><region><rect/></region>
<text>
<par/>
</text>
</block>
<block><region><rect/></region>
<text>
<par>
<line>un« »oci«t«</line></par>
</text>
</block>
<block><region><rect/></region>
<text>
<par>
<line>URBANISME</line></par>
</text>
</block>
<block><region><rect/></region>
<text>
<par>
<line>4</line></par>
</text>
</block>



<block blockType="Picture" blockName="" l="2546" t="2406" r="2984" b="2477"><region><rect/></region>
</block>
</page>
<page width="3508" height="2481" resolution="300">
<block><region><rect/></region>
<text>
<par>
<line>I / RAPPEL REGLEMENTAIRE</line></par>
</text>
</block>
<block><region><rect/></region>
<text>
<par>
<line>Article L151-6 du code de l’urbanisme</line></par>
</text>
</block>
<block><region><rect/></region>
<text>
<par/>
</text>
</block>
<block><region><rect/></region>
<text>
<par/>
</text>
</block>
<block><region><rect/></region>
<text>
<par/>
</text>
</block>
<block><region><rect/></region>
<text>
<par>
<line>■ Les orientations d'aménagement et de programmation comprennent, en cohérence avec ie projet d'aménagement et de déveioppement durabies, des</line>
<line>dispositions portant sur i'aménagement, i'habitat, ies transports et ies dépiacements.</line></par>
<par>
<line>■ En i'absence de schéma de cohérence territoriaie, ies orientations d'aménagement et de programmation d'un pian iocai d'urbanisme éiaboré par un</line>
<line>étabiissement pubiic de coopération intercommunaie comprennent ies dispositions reiatives à i'équipement commerciai et artisanai mentionnées aux</line>
<line>articies L. 141-16 et L. 141-17.</line></par>
</text>
</block>
<block><region><rect/></region>
<text>
<par>
<line>Article L151-7 du code de l’urbanisme</line></par>
<par>
<line>■ Les orientations d'aménagement et de programmation peuvent notamment :</line></par>
<par>
<line>r Définir ies actions et opérations nécessaires pour mettre en vaieur i'environnement, notamment ies continuités écoiogiques, ies paysages, ies entrées</line>
<line>de viiies et ie patrimoine, iutter contre i'insaiubrité, permettre ie renouveiiement urbain et assurer ie déveioppement de ia commune ;</line></par>
<par>
<line>2° Favoriser ia mixité fonctionneiie en prévoyant qu'en cas de réaiisation d'opérations d'aménagement, de construction ou de réhabiiitation un</line>
<line>pourcentage de ces opérations est destiné à ia réaiisation de commerces ;</line></par>
<par>
<line>3° Comporter un échéancier prévisionnei de i'ouverture à i'urbanisation des zones à urbaniser et de ia réaiisation des équipements correspondants ;</line></par>
<par>
<line>4° Porter sur des quartiers ou des secteurs à mettre en vaieur, réhabiiiter, restructurer ou aménager ;</line></par>
<par>
<line>5° Prendre ia forme de schémas d'aménagement et préciser ies principaies caractéristiques des voies et espaces pubiics ;</line></par>
<par>
<line>6° Adapter ia déiimitation des périmètres, en fonction de ia quaiité de ia desserte, où s'appiique ie piafonnement à proximité des transports prévu aux</line>
<line>articies L. 151-35 et L. 151-36.</line></par>
</text>
</block>
<block><region><rect/></region>
<text>
<par>
<line>une »oci#t«</line></par>
</text>
</block>
<block><region><rect/></region>
<text>
<par>
<line>GTI</line></par>
</text>
</block>
<block><region><rect/></region>
<text>
<par>
<line>URBANISME</line></par>
</text>
</block>
<block><region><rect/></region>
<text>
<par>
<line>5</line></par>
</text>
</block>



<block blockType="Picture" blockName="" l="144" t="2296" r="269" b="2439"><region><rect/></region>
</block>
<block blockType="Picture" blockName="" l="2545" t="2407" r="2984" b="2477"><region><rect/></region>
</block>
</page>
<page width="3508" height="2481" resolution="300">
<block><region><rect/></region>
<text>
<par/>
</text>
</block>
<block><region><rect/></region>
<text>
<par>
<line>un« »oci«t«</line></par>
</text>
</block>
<block><region><rect/></region>
<text>
<par>
<line>URBANISME</line></par>
</text>
</block>
<block><region><rect/></region>
<text>
<par>
<line>6</line></par>
</text>
</block>



<block blockType="Picture" blockName="" l="2546" t="2406" r="2984" b="2477"><region><rect/></region>
</block>
</page>
<page width="3508" height="2481" resolution="300">
<block><region><rect/></region>
<text>
<par>
<line>Il / ORIENTATIONS THEMATIQUES</line></par>
</text>
</block>
<block><region><rect/></region>
<text>
<par>
<line>Principes généraux applicables aux nouvelles opérations</line></par>
</text>
</block>
<block><region><rect/></region>
<text>
<par/>
</text>
</block>
<block><region><rect/></region>
<text>
<par/>
</text>
</block>
<block><region><rect/></region>
<text>
<par/>
</text>
</block>
<block><region><rect/></region>
<text>
<par>
<line>Thématiques densité et diversité des formes bâties</line></par>
<par>
<line>L’aménagement des zones urbaines et à urbaniser se fera dans le respect des formes urbaines existantes afin d’assurer des transitions harmonieuses</line>
<line>entre l’existant et les nouvelles opérations.</line></par>
<par>
<line>Pour autant, la diversité des formes architecturales devra être recherchée. La densité brute moyenne visée des opérations nouvelles dans les zones à</line>
<line>urbaniser ne pourra quant à elle être inférieure à 17 logements à l’hectare. Aucune densité n’est imposée dans les zones urbaines même si une densité</line>
<line>minimale proche de celle des zones à urbaniser est souhaitée.</line></par>
<par>
<line>Pour atteindre cette densité, il pourra être recouru à des formes d’habitat individuel ou collectif mais également à des formes d’habitat intermédiaire.</line>
<line>L’habitat collectif ne pourra être envisagé que sous la forme de cellule de 6 logements maximum dans les zones à urbaniser.</line></par>
<par>
<line>L’habitat intermédiaire est entendu ici comme l’agrégation, horizontale ou verticale, de logements ayant chacun une entrée privative et disposant chacun</line>
<line>d’un espace extérieur privatif (terrasse ou jardin) pouvant être considéré comme un espace à vivre en prolongement du logement (suffisamment</line>
<line>dimensionné pour se faire). La disposition des logements doit permettre de contrôler les vis-à-vis de façon à minimiser la gêne entre les occupants.</line></par>
<par>
<line>Les typologies de logements développées devront permettre pour chaque opération d’ensemble une répartition entre les tailles de logements.</line></par>
</text>
</block>
<block><region><rect/></region>
<text>
<par>
<line>une »oci#t«</line></par>
</text>
</block>
<block><region><rect/></region>
<text>
<par>
<line>GTI</line></par>
</text>
</block>
<block><region><rect/></region>
<text>
<par>
<line>URBANISME</line></par>
</text>
</block>
<block><region><rect/></region>
<text>
<par>
<line>7</line></par>
</text>
</block>


<block blockType="Picture" blockName="" l="144" t="2296" r="269" b="2439"><region><rect/></region>
</block>
<block blockType="Picture" blockName="" l="2545" t="2407" r="2984" b="2477"><region><rect/></region>
</block>
</page>
<page width="3508" height="2481" resolution="300">
<block><region><rect/><rect/></region>
<text>
<par>
<line>11 Ci</line></par>
</text>
</block>
<block><region><rect/></region>
<text>
<par/>
</text>
</block>
<block><region><rect/></region>
<text>
<par>
<line>Exemple de formes urbaines possibles pour des projets d’habitat collectif, d’habitat intermédiaire et d’habitat individuel groupé.</line></par>
</text>
</block>
<block><region><rect/></region>
<text>
<par>
<line>Dans un souci de développement durable et de confort des résidents, une attention particulière devra être portée lors de la conception et la réalisation</line>
<line>des logements à :</line></par>
<par>
<line>■ L’optimisation des apports solaires ;</line></par>
<par>
<line>■ La préservation des nuisances sonores ;</line></par>
<par>
<line>■ La préservation de l’intimité des résidents ;</line></par>
<par>
<line>■ Le rapport à l’espace public.</line></par>
</text>
</block>
<block><region><rect/></region>
<text>
<par>
<line>une »oci#té</line></par>
</text>
</block>


<block blockType="Picture" blockName="" l="144" t="2296" r="269" b="2439"><region><rect/></region>
</block>
<block blockType="Picture" blockName="" l="2545" t="2407" r="2984" b="2477"><region><rect/></region>
</block>
</page>
<page width="3508" height="2481" resolution="300">
<block><region><rect/></region>
<text>
<par/>
</text>
</block>
<block><region><rect/></region>
<text>
<par>
<line>*ïfe</line></par>
</text>
</block>
<block><region><rect/></region>
<text>
<par/>
</text>
</block>
<block><region><rect/></region>
<text>
<par>
<line>Thématique accessibilité et desserte interne</line></par>
<par>
<line>L’accès et la desserte interne des nouvelles zones d’aménagement devront être conçus de façon à intégrer les principes suivants :</line></par>
</text>
</block>
<block><region><rect/></region>
<text>
<par>
<line>hiérarchisation des voies ouvertes à la circulation automobile. Si la dimension de l’opération le justifie, l’aménageur procède à une hiérarchisation des</line>
<line>voies internes afin de faciliter les conditions de circulation et l’orientation des usagers à l’intérieur du quartier ;</line></par>
<par>
<line>intégration de cheminements piétons-vélos et connexion au réseau communal de déplacements doux lorsque celui-ci existe ou est projeté</line>
<line>à l’intérieur ou en périphérie du site. Ces liaisons internes sont établies notamment en vue de faciliter l’accès aux arrêts de transports en commun,</line>
<line>aux équipements scolaires ou sportifs et aux services de proximité ;</line></par>
<par>
<line>aménagement de places de stationnement sur l’espace commun (cf. OAP sectorielles) facilement accessibles depuis les dessertes ;</line>
<line>prise en compte de l’accessibilité des Personnes à Mobilité Réduite.</line></par>
</text>
</block>
<block><region><rect/></region>
<text>
<par>
<line>Thématique qualité environnementale et paysagère</line></par>
<par>
<line>La qualité environnementale et le confort thermique des logements seront recherchés. Les moyens à mettre en oeuvre sont laissés à l’appréciation du</line>
<line>pétitionnaire : économies d’énergie (habitat économe en énergie, habitat adaptable à l’utilisation des énergies renouvelables, toitures végétalisées...),</line>
<line>gestion des eaux pluviales (récupération et gestion des eaux pluviales à la parcelle...) dans le respect des normes en vigueur. Une attention particulière</line>
<line>devra être portée à la qualité paysagère et environnementale des sites après aménagement.</line></par>
</text>
</block>
<block><region><rect/></region>
<text>
<par>
<line>une »oci#t«</line></par>
</text>
</block>
<block><region><rect/></region>
<text>
<par>
<line>GTI</line></par>
</text>
</block>
<block><region><rect/></region>
<text>
<par>
<line>URBANISME</line></par>
</text>
</block>
<block><region><rect/></region>
<text>
<par>
<line>9</line></par>
</text>
</block>


<block blockType="Picture" blockName="" l="144" t="2296" r="269" b="2439"><region><rect/></region>
</block>
<block blockType="Picture" blockName="" l="2545" t="2407" r="2984" b="2477"><region><rect/></region>
</block>
</page>
<page width="3508" height="2481" resolution="300">
<block><region><rect/></region>
<text>
<par/>
</text>
</block>
<block><region><rect/></region>
<text>
<par>
<line>*ïfe</line></par>
</text>
</block>
<block><region><rect/></region>
<text>
<par/>
</text>
</block>
<block><region><rect/></region>
<text>
<par>
<line>Les espaces libres de construction seront aménagés de manière à favoriser le maintien, voire la restauration de la diversité biologique du</line>
<line>site. Ils pourront participer à la préservation ou à la création de continuums écologiques au sein du terrain d’assiette de l’opération, en relation avec</line>
<line>les espaces naturels environnants. Pour les plantations, les essences locales seront privilégiées. Les haies seront constituées d’essences variées</line>
<line>comportant au minimum trois espèces distinctes.</line></par>
<par>
<line>En cas d’aménagement de bassins de rétention des eaux pluviales, ceux-ci seront végétalisés et intégrés dans un aménagement paysager. Dans tous les</line>
<line>cas, l’imperméabilisation des sols doit être limitée au strict nécessaire et la gestion des ruissellements de surface prise en compte dans les</line>
<line>aménagements.</line></par>
<par>
<line>Aucun aménagement ne pourra être mis en place si celui-ci compromet le respect des dispositions des OAP sectorielles lors de la réalisation des</line>
<line>aménagements ultérieurs ou s’il contribue à créer des délaissés de zone inconstructible.</line></par>
<par>
<line>Les bâtiments à usage d’habitation seront orientés de telle sorte qu’ils permettent aux futurs occupants d’optimiser les apports solaires et de disposer</line>
<line>d’une bonne régulation de la température à l’intérieur.</line></par>
</text>
</block>
<block><region><rect/></region>
<text>
<par>
<line>une »oci#t«</line></par>
</text>
</block>
<block><region><rect/></region>
<text>
<par>
<line>GTI</line></par>
</text>
</block>
<block><region><rect/></region>
<text>
<par>
<line>URBANISME</line></par>
</text>
</block>
<block><region><rect/></region>
<text>
<par>
<line>10</line></par>
</text>
</block>


<block blockType="Picture" blockName="" l="144" t="2296" r="269" b="2439"><region><rect/></region>
</block>
<block blockType="Picture" blockName="" l="2545" t="2407" r="2984" b="2477"><region><rect/></region>
</block>
</page>
<page width="3508" height="2481" resolution="300">
<block><region><rect/></region>
<text>
<par/>
</text>
</block>
<block><region><rect/></region>
<text>
<par>
<line>*ïfe</line></par>
</text>
</block>
<block><region><rect/></region>
<text>
<par/>
</text>
</block>
<block><region><rect/></region>
<text>
<par>
<line>Thématique gestion des eaux pluviales dans les sous-secteurs 1AUh et 2AUh</line></par>
<par>
<line>La gestion des eaux pluviales se fera pas système commun de régulation avec un réseau de collecte défini en fonction des surfaces imperméabilisées.</line></par>
<par>
<line>Cet aménagement peut être soit paysager (de type noue par exemple), soit particulièrement destiné au stockage des eaux pluviales (bassin de rétention</line>
<line>en génie civile ou naturel, enherbé...).</line></par>
<par>
<line>Dans tous les cas, son dimensionnement devra faire l’objet d’une étude en amont de la réalisation de l’opération d’urbanisation qui définira les volumes de</line>
<line>rétention mis en jeu en fonction des superficies imperméabilisées et de la pluie d’occurrence retenue. Dans ce contexte, la pluie de période de retour 10</line>
<line>ans est bien adaptée à la configuration d’habitat de la commune. Le débit de fuite ainsi obtenu ne pas dépasser 3 litres/seconde/hectare.</line></par>
<par>
<line>Par ailleurs, l’aménagement urbain devra faire l’objet d’un document réglementaire au titre de la loi sur l’eau, en visant les rubriques de la nomenclature</line>
<line>officielle relative aux rejets d’eaux pluviales et aux superficies desservies.</line></par>
<par>
<line>Enfin l’aménagement et la gestion de ces ouvrages de régulation pourra être privé ou communal. Il a été retenu par la collectivité que l’ensemble de ces</line>
<line>éléments restera à la charge de l’aménageur. Celui-ci devra alors réserver dans son périmètre concerné, une zone dédiée à la gestion des eaux pluviales</line>
<line>et respecter les éléments notifiés dans le règlement du PLU (procédure à suivre et principaux éléments de dimensionnement...).</line></par>
</text>
</block>
<block><region><rect/></region>
<text>
<par>
<line>une »oci#t«</line></par>
</text>
</block>
<block><region><rect/></region>
<text>
<par>
<line>GTI</line></par>
</text>
</block>
<block><region><rect/></region>
<text>
<par>
<line>URBANISME</line></par>
</text>
</block>
<block><region><rect/></region>
<text>
<par>
<line>11</line></par>
</text>
</block>


<block blockType="Picture" blockName="" l="144" t="2296" r="269" b="2439"><region><rect/></region>
</block>
<block blockType="Picture" blockName="" l="2545" t="2407" r="2984" b="2477"><region><rect/></region>
</block>
</page>
<page width="3508" height="2481" resolution="300">
<block><region><rect/></region>
<text>
<par/>
</text>
</block>
<block><region><rect/></region>
<text>
<par>
<line>un« »oci«t«</line></par>
</text>
</block>
<block><region><rect/></region>
<text>
<par>
<line>URBANISME</line></par>
</text>
</block>
<block><region><rect/></region>
<text>
<par>
<line>12</line></par>
</text>
</block>



<block blockType="Picture" blockName="" l="2546" t="2406" r="2984" b="2477"><region><rect/></region>
</block>
</page>
<page width="3508" height="2481" resolution="300">
<block><region><rect/></region>
<text>
<par>
<line>NI / ORIENTATIONS SECTORIELLES</line>
<line>Localisation des OAP sur ie territoire</line></par>
</text>
</block>
<block><region><rect/></region>
<text>
<par>
<line>et</line></par>
<par>
<line>i)</line></par>
<par>
<line>'O</line></par>
</text>
</block>
<block><region><rect/></region>
<text>
<par>
<line>\</line></par>
</text>
</block>
<block><region><rect/></region>
<text>
<par>
<line>%</line></par>
</text>
</block>
<block><region><rect/></region>
<text>
<par>
<line>OAP 3</line></par>
</text>
</block>
<block><region><rect/></region>
<text>
<par>
<line>\</line></par>
</text>
</block>
<block><region><rect/></region>
<text>
<par>
<line>Rue</line></par>
</text>
</block>
<block><region><rect/></region>
<text>
<par>
<line>OAP1</line></par>
</text>
</block>
<block><region><rect/></region>
<text>
<par>
<line>J</line></par>
<par>
<line>c</line></par>
</text>
</block>
<block><region><rect/></region>
<text>
<par>
<line>Mareiii I-</line>
<line>sur-Ourcq</line></par>
</text>
</block>
<block><region><rect/></region>
<text>
<par>
<line>•p</line></par>
<par>
<line>(t</line></par>
</text>
</block>
<block><region><rect/><rect/></region>
<text>
<par>
<line>S Mi-nrie de</line>
<line>? Mareuil-sur-Ourcq</line></par>
<par>
<line>dt</line></par>
</text>
</block>
<block><region><rect/></region>
<text>
<par/>
</text>
</block>
<block><region><rect/></region>
<text>
<par>
<line>^ G</line></par>
</text>
</block>
<block><region><rect/></region>
<text>
<par/>
</text>
</block>
<block><region><rect/></region>
<text>
<par/>
</text>
</block>
<block><region><rect/></region>
<text>
<par>
<line>OAP 4</line></par>
</text>
</block>
<block><region><rect/></region>
<text>
<par>
<line>OAP 2</line></par>
</text>
</block>
<block><region><rect/></region>
<text>
<par>
<line>200rYi</line></par>
</text>
</block>
<block><region><rect/></region>
<text>
<par>
<line>un* société</line></par>
</text>
</block>
<block><region><rect/></region>
<text>
<par>
<line>Les principes d’aménagement des zones AU ont été réaiisées en coiiaboration étroite</line>
<line>avec Monsieur i’Architecte des Bâtiments de France.</line></par>
</text>
</block>
<block><region><rect/></region>
<text>
<par>
<line>OTOPOS</line></par>
</text>
</block>
<block><region><rect/></region>
<text>
<par>
<line>GTI</line></par>
</text>
</block>
<block><region><rect/></region>
<text>
<par>
<line>URBANISME</line></par>
</text>
</block>






<block blockType="Picture" blockName="" l="144" t="2295" r="269" b="2438"><region><rect/></region>
</block>
<block blockType="Picture" blockName="" l="2546" t="2406" r="2984" b="2477"><region><rect/></region>
</block>
</page>
<page width="3508" height="2481" resolution="300">
<block><region><rect/></region>
<text>
<par>
<line>OAP1 : sous-secteur 2AUh « La grosse haie »</line></par>
</text>
</block>
<block><region><rect/></region>
<text>
<par>
<line>■ La surface du sous-secteur 2AUh est de 1,09 ha.</line></par>
<par>
<line>■ La voirie et l’accès indiqués dans l’OAP sont représentés comme</line>
<line>principe d’aménagement et non comme normes.</line></par>
<par>
<line>■ La création et le renforcement des réseaux et de la voirie sont à la</line>
<line>charge du/des constructeur(s).</line></par>
<par>
<line>■ L’ensemble de la zone devra respecter une densité de 17</line>
<line>logements à l’hectare (cf. page suivante).</line></par>
</text>
</block>
<block><region><rect/></region>
<text>
<par/>
</text>
</block>
<block><region><rect/></region>
<text>
<par/>
</text>
</block>
<block><region><rect/></region>
<text>
<par/>
</text>
</block>
<block><region><rect/></region>
<text>
<par/>
</text>
</block>
<block><region><rect/></region>
<text>
<par/>
</text>
</block>
<block><region><rect/></region>
<text>
<par/>
</text>
</block>
<block><region><rect/></region>
<text>
<par/>
</text>
</block>
<block><region><rect/></region>
<text>
<par/>
</text>
</block>
<block><region><rect/></region>
<text>
<par/>
</text>
</block>
<block><region><rect/></region>
<text>
<par>
<line>un* société</line></par>
</text>
</block>
<block><region><rect/></region>
<text>
<par/>
</text>
</block>
<block><region><rect/></region>
<text>
<par/>
</text>
</block>
<block><region><rect/></region>
<text>
<par>
<line>A//</line></par>
</text>
</block>
<block><region><rect/></region>
<text>
<par/>
</text>
</block>
<block><region><rect/></region>
<text>
<par/>
</text>
</block>
<block><region><rect/></region>
<text>
<par>
<line>IN BORDBaX-StJD</line></par>
</text>
</block>
<block><region><rect/></region>
<text>
<par/>
</text>
</block>
<block><region><rect/></region>
<text>
<par/>
</text>
</block>
<block><region><rect/></region>
<text>
<par>
<line>«TU</line></par>
</text>
</block>
<block><region><rect/></region>
<text>
<par/>
</text>
</block>
<block><region><rect/></region>
<text>
<par>
<line>LA GR</line></par>
</text>
</block>
<block><region><rect/></region>
<text>
<par/>
</text>
</block>
<block><region><rect/></region>
<text>
<par>
<line>mÊmm</line></par>
</text>
</block>
<block><region><rect/></region>
<text>
<par>
<line>OTOPOS</line></par>
</text>
</block>
<block><region><rect/></region>
<text>
<par>
<line>URBANISME</line></par>
</text>
</block>















<block blockType="Picture" blockName="" l="2544" t="256" r="2938" b="443"><region><rect/></region>
</block>
<block blockType="Picture" blockName="" l="144" t="2294" r="269" b="2438"><region><rect/></region>
</block>
<block blockType="Picture" blockName="" l="2546" t="2406" r="2984" b="2477"><region><rect/></region>
</block>
<block blockType="Picture" blockName="" l="94" t="485" r="1429" b="1352"><region><rect/></region>
</block>
</page>
<page width="3508" height="2481" resolution="300">
<block><region><rect/></region>
<text>
<par>
<line>OAP1 : sous-secteur 2AUh « La grosse haie »</line></par>
</text>
</block>
<block><region><rect/></region>
<text>
<par>
<line>s;</line></par>
</text>
</block>
<block><region><rect/></region>
<text>
<par/>
</text>
</block>
<block><region><rect/></region>
<text>
<par>
<line>J U</line></par>
</text>
</block>
<block><region><rect/></region>
<text>
<par>
<line>m</line></par>
</text>
</block>
<block><region><rect/></region>
<text>
<par/>
</text>
</block>
<block><region><rect/></region>
<text>
<par>
<line>m.</line></par>
</text>
</block>
<block><region><rect/></region>
<text>
<par/>
</text>
</block>
<block><region><rect/></region>
<text>
<par/>
</text>
</block>
<block><region><rect/></region>
<text>
<par>
<line>y</line></par>
</text>
</block>
<block><region><rect/></region>
<text>
<par>
<line>/</line></par>
</text>
</block>
<block><region><rect/></region>
<text>
<par/>
</text>
</block>
<block><region><rect/></region>
<text>
<par>
<line>#</line></par>
</text>
</block>
<block><region><rect/></region>
<text>
<par>
<line>f</line></par>
</text>
</block>
<block><region><rect/></region>
<text>
<par>
<line>¥</line></par>
</text>
</block>
<block><region><rect/></region>
<text>
<par>
<line>Vk</line></par>
</text>
</block>
<block><region><rect/></region>
<text>
<par>
<line>GR</line></par>
</text>
</block>
<block><region><rect/></region>
<text>
<par>
<line>LA</line></par>
</text>
</block>
<block><region><rect/></region>
<text>
<par>
<line>/</line></par>
</text>
</block>
<block><region><rect/></region>
<text>
<par>
<line>I</line></par>
</text>
</block>
<block><region><rect/></region>
<text>
<par/>
</text>
</block>
<block><region><rect/></region>
<text>
<par>
<line>/t-</line></par>
</text>
</block>
<block><region><rect/></region>
<text>
<par/>
</text>
</block>
<block><region><rect/></region>
<text>
<par/>
</text>
</block>
<block><region><rect/></region>
<text>
<par/>
</text>
</block>
<block><region><rect/></region>
<text>
<par/>
</text>
</block>
<block><region><rect/></region>
<text>
<par>
<line>un* société</line></par>
</text>
</block>
<block><region><rect/></region>
<text>
<par>
<line>GTI</line></par>
</text>
</block>
<block><region><rect/></region>
<text>
<par>
<line>\</line></par>
<par>
<line>/ \</line>
<line>Z. - 1</line></par>
</text>
</block>
<block><region><rect/></region>
<text>
<par/>
</text>
</block>
<block><region><rect/></region>
<text>
<par>
<line>O</line></par>
</text>
</block>
<block><region><rect/></region>
<text>
<par>
<line>Bande boisée non continue de 5 à 10 mètres de large le long de la</line>
<line>RD.</line></par>
</text>
</block>
<block><region><rect/></region>
<text>
<par>
<line>Voirie principale.</line></par>
<par>
<line>Espace public à créer pouvant être articulé avec des espaces de</line>
<line>stationnement. Un traitement paysager devra être réalisé (2 arbres</line>
<line>minimum).</line></par>
<par>
<line>Liaison piétonne avec Fulaines à maintenir.</line></par>
<par>
<line>Hauteur des constructions limitée à RC sur tout le linéaire.</line></par>
<par>
<line>Hauteur des constructions limitée à R+1-C surtout le linéaire.</line></par>
<par>
<line>Les bâtiments seront accessibles depuis l’intérieur de la zone, aucun</line>
<line>accès individuel ne sera toléré à partir de la RD.</line></par>
<par>
<line>Une place de retournement aux caractéristiques adaptées est à</line>
<line>aménager au bout de la voie.</line></par>
<par>
<line>Accès unique à la zone.</line></par>
</text>
</block>
<block><region><rect/></region>
<text>
<par>
<line>Les accès individuels aux logements du hameau de Fulaines présents</line>
<line>au sein de la zone seront déplacés mais maintenus afin de garantir</line>
<line>aux propriétaire un accès depuis leur jardin à la RD 936 via la nouvelle</line></par>
</text>
</block>
<block><region><rect/></region>
<text>
<par>
<line>zone bâtie.</line></par>
</text>
</block>
<block><region><rect/></region>
<text>
<par>
<line>URBANISME</line></par>
</text>
</block>
<block><region><rect/></region>
<text>
<par>
<line>15</line></par>
</text>
</block>












<block blockType="Picture" blockName="" l="144" t="2295" r="269" b="2438"><region><rect/></region>
</block>
<block blockType="Picture" blockName="" l="2546" t="2406" r="2984" b="2477"><region><rect/></region>
</block>
</page>
<page width="3508" height="2481" resolution="300">
<block><region><rect/></region>
<text>
<par>
<line>OAP1 : sous-secteur 2AUh « La grosse haie »</line></par>
</text>
</block>
<block><region><rect/></region>
<text>
<par/>
</text>
</block>
<block><region><rect/></region>
<text>
<par/>
</text>
</block>
<block><region><rect/></region>
<text>
<par>
<line>Les espaces neutres et la densité</line></par>
<par>
<line>■ Le parc de stationnement est estimé à 0,1 ha. Une cinquantaine de place en accès libre depuis la voie publique devra être réalisée sur l’ensemble des zones. Le stationnement</line>
<line>devra également être réalisé sur les parcelles d’accueil de l’opération en respectant le règlement écrit du PLU.</line></par>
<par>
<line>■ L’emprise de la voirie est estimée à 0,2 ha en comptabilisant la place de retournement et les voies douces.</line></par>
<par>
<line>■ Les équipements publics sont estimées à 0,04 ha.</line></par>
<par>
<line>Les espaces neutres sont estimés à 0,34 ha, reste alors 0,75 ha pour l’aménagement de logements.</line></par>
<par>
<line>Compte tenu de la densité souhaitée à cet endroit parla commune soit 17 log/ha sur une surface de 1,10 hectare, le nombre de logements à créer est de 19. Afin de respecter la</line>
<line>densité souhaitée, une réflexion devra être réalisée en matière de typologie des logements pour ne pas juxtaposer de simples parcelles uniformisées accueillant des pavillons. Un</line>
<line>minimum de 25% de logements aidés devra être réalisé dans cette zone.</line></par>
<par>
<line>L’aménagement de la zone ne pourra se faire en plus de 3 opérations distinctes. Dans tous les cas, chaque opération ne pourra prévoir moins de 6 logements.</line></par>
</text>
</block>
<block><region><rect/></region>
<text>
<par>
<line>Autres principes d’aménagement</line></par>
<par>
<line>■ Les clôtures privées seront composées de haies vives pouvant être doublées de grillage simple torsion au niveau des limites séparatives comme pour les limites d’emprise</line>
<line>publique. Elles pourront être composées également d’un mur bahut d’une hauteur de 70 cm surmonté de grille à barreaux verticaux sur l’emprise publique. Dans tous les cas,</line>
<line>les murs pleins sont à proscrire. Le passage de la microfaune devra être garanti au niveau de chaque clôture.</line></par>
<par>
<line>■ Les haies vives seront d’essences locales.</line></par>
<par>
<line>■ L’aspect des bâtiments rappellera l’architecture locale.</line></par>
<par>
<line>■ Aucun autre accès que celui mentionné dans le schéma de principe ne pourra être réalisé sur la RD 936.</line></par>
</text>
</block>
<block><region><rect/></region>
<text>
<par>
<line>un* ftoci*te</line></par>
</text>
</block>
<block><region><rect/></region>
<text>
<par>
<line>GTI</line></par>
</text>
</block>
<block><region><rect/></region>
<text>
<par>
<line>URBANISME</line></par>
</text>
</block>
<block><region><rect/></region>
<text>
<par>
<line>16</line></par>
</text>
</block>



<block blockType="Picture" blockName="" l="144" t="2295" r="269" b="2438"><region><rect/></region>
</block>
<block blockType="Picture" blockName="" l="2546" t="2406" r="2984" b="2477"><region><rect/></region>
</block>
</page>
<page width="3508" height="2481" resolution="300">
<block><region><rect/></region>
<text orientation="RotatedCounterclockwise">
<par/>
</text>
</block>
<block><region><rect/></region>
<text>
<par>
<line>OAP 2 : sous-secteur 1AUh « Fontenille »</line></par>
</text>
</block>
<block><region><rect/><rect/></region>
<text>
<par/>
</text>
</block>
<block><region><rect/></region>
<text>
<par/>
</text>
</block>
<block><region><rect/></region>
<text>
<par/>
</text>
</block>
<block><region><rect/></region>
<text>
<par/>
</text>
</block>
<block><region><rect/></region>
<text>
<par>
<line>»,</line></par>
</text>
</block>
<block><region><rect/><rect/><rect/><rect/><rect/><rect/><rect/></region>
<text>
<par/>
</text>
</block>
<block><region><rect/></region>
<text>
<par>
<line>La surface du sous-secteur 1 AUh est de 0,6 hectare.</line></par>
</text>
</block>
<block><region><rect/></region>
<text>
<par>
<line>La voirie et l’accès indiqués dans l’OAP sont représentés comme principe</line>
<line>d’aménagement et non comme normes.</line></par>
<par>
<line>La création et le renforcement des réseaux et de la voirie sont à la charge</line>
<line>du/des constructeur(s).</line></par>
<par>
<line>Une densité de 16 logements à l’hectare est imposée (cf. page suivante).</line></par>
</text>
</block>
<block><region><rect/></region>
<text>
<par>
<line>un* société</line></par>
</text>
</block>
<block><region><rect/></region>
<text>
<par/>
</text>
</block>
<block><region><rect/></region>
<text>
<par>
<line>7</line></par>
</text>
</block>
<block><region><rect/></region>
<text>
<par/>
</text>
</block>
<block><region><rect/></region>
<text>
<par>
<line>15</line></par>
</text>
</block>
<block><region><rect/></region>
<text>
<par/>
</text>
</block>
<block><region><rect/></region>
<text>
<par>
<line>\</line></par>
</text>
</block>
<block><region><rect/></region>
<text>
<par/>
</text>
</block>
<block><region><rect/></region>
<text>
<par>
<line>7»</line></par>
</text>
</block>
<block><region><rect/></region>
<text>
<par>
<line>N</line></par>
</text>
</block>
<block><region><rect/></region>
<text>
<par>
<line>V</line></par>
</text>
</block>
<block><region><rect/></region>
<text>
<par>
<line>■U</line></par>
</text>
</block>
<block><region><rect/></region>
<text>
<par>
<line>URBANISME</line></par>
</text>
</block>
<block><region><rect/></region>
<text>
<par>
<line>17</line></par>
</text>
</block>



















<block blockType="Picture" blockName="" l="1349" t="765" r="1425" b="857"><region><rect/></region>
</block>
<block blockType="Picture" blockName="" l="144" t="2295" r="270" b="2438"><region><rect/></region>
</block>
<block blockType="Picture" blockName="" l="2546" t="2406" r="2984" b="2477"><region><rect/></region>
</block>
<block blockType="Picture" blockName="" l="94" t="485" r="1577" b="1579"><region><rect/></region>
</block>
<block blockType="Picture" blockName="" l="2894" t="1000" r="2945" b="1124"><region><rect/></region>
</block>
<block blockType="Picture" blockName="" l="3009" t="1016" r="3067" b="1098"><region><rect/></region>
</block>
</page>
<page width="3508" height="2481" resolution="300">
<block><region><rect/><rect/><rect/><rect/><rect/><rect/></region>
<text>
<par>
<line>; sous-secteur</line></par>
</text>
</block>
<block><region><rect/><rect/><rect/><rect/><rect/><rect/><rect/><rect/><rect/><rect/><rect/><rect/><rect/><rect/><rect/><rect/><rect/><rect/><rect/><rect/><rect/><rect/><rect/><rect/><rect/><rect/></region>
<text>
<par>
<line>1AUh « Fontenille</line></par>
</text>
</block>
<block><region><rect/></region>
<text>
<par/>
</text>
</block>
<block><region><rect/></region>
<text>
<par/>
</text>
</block>
<block><region><rect/></region>
<text>
<par/>
</text>
</block>
<block><region><rect/></region>
<text>
<par/>
</text>
</block>
<block><region><rect/></region>
<text>
<par>
<line>/.</line></par>
</text>
</block>
<block><region><rect/></region>
<text>
<par>
<line>7K</line></par>
</text>
</block>
<block><region><rect/></region>
<text>
<par>
<line>7U</line></par>
</text>
</block>
<block><region><rect/></region>
<text>
<par/>
</text>
</block>
<block><region><rect/></region>
<text>
<par>
<line>7t£</line></par>
</text>
</block>
<block><region><rect/></region>
<text>
<par/>
</text>
</block>
<block><region><rect/></region>
<text>
<par/>
</text>
</block>
<block><region><rect/></region>
<text>
<par>
<line>CTO</line></par>
</text>
</block>
<block><region><rect/></region>
<text>
<par>
<line>une »oci#té</line></par>
</text>
</block>
<block><region><rect/></region>
<text>
<par>
<line>Les boisements existants seront maintenus ie iong</line>
<line>de ia RD sur une iargeur de 5 mètres.</line></par>
<par>
<line>Les bâtiments seront sur ia partie Ouest et Sud de</line>
<line>ia zone. Les iogements seront mitoyens par groupe</line>
<line>de deux du fait d’une configuration exiguë.</line></par>
</text>
</block>
<block><region><rect/></region>
<text>
<par>
<line>L’accès de ia zone se fera exciusivement par ie</line>
<line>Nord, i’èiargissement du chemin du stade</line>
<line>matèriaiisè par un empiacement réservé (en</line>
<line>croisiiions rouges) améiiorera ies conditions de</line>
<line>desserte.</line></par>
<par>
<line>La voirie distribuera ies accès sur sa partie Ouest</line>
<line>et des piaces de stationnement sur sa partie Est.</line></par>
<par>
<line>Une piace de retournement aux caractéristiques</line>
<line>adaptées est à aménager au bout de ia voie.</line></par>
</text>
</block>
<block><region><rect/></region>
<text>
<par>
<line>URBANISME</line></par>
</text>
</block>
<block><region><rect/></region>
<text>
<par>
<line>18</line></par>
</text>
</block>
















<block blockType="Picture" blockName="" l="144" t="2295" r="269" b="2439"><region><rect/></region>
</block>
<block blockType="Picture" blockName="" l="2545" t="2407" r="2985" b="2477"><region><rect/></region>
</block>
<block blockType="Picture" blockName="" l="2769" t="256" r="2808" b="444"><region><rect/></region>
</block>
<block blockType="Picture" blockName="" l="687" t="686" r="808" b="828"><region><rect/></region>
</block>
</page>
<page width="3508" height="2481" resolution="300">
<block><region><rect/></region>
<text>
<par>
<line>OAP 2 : sous-secteur 1AUh « Fontenille »</line></par>
</text>
</block>
<block><region><rect/></region>
<text>
<par/>
</text>
</block>
<block><region><rect/></region>
<text>
<par>
<line>Les espaces neutres et la densité</line></par>
<par>
<line>■ Le parc de stationnement est estimé à 0,02 ha. Une dizaine de place en accès libre depuis la voie publique devra être réalisée sur l’ensemble des zones. Le stationnement</line>
<line>devra également être réalisé sur les parcelles d’accueil de l’opération en respectant le règlement écrit du PLU.</line></par>
<par>
<line>■ L’emprise de la voirie est estimée à 0,1 ha en comptabilisant la place de retournement.</line></par>
</text>
</block>
<block><region><rect/></region>
<text>
<par>
<line>Les espaces neutres sont estimés à 0,12 ha, reste alors 0,48 ha pour l’aménagement de logements.</line></par>
</text>
</block>
<block><region><rect/></region>
<text>
<par>
<line>Compte tenu de la densité souhaitée à cet endroit parla commune soit 16 log/ha sur une surface de 0,6 hectare, le nombre de logements à créer est de 9. Un minimum de 25% de</line>
<line>logements aidés devra être réalisé dans cette zone.</line></par>
</text>
</block>
<block><region><rect/></region>
<text>
<par>
<line>L’aménagement de la zone devra se faire en une seule opération.</line></par>
</text>
</block>
<block><region><rect/></region>
<text>
<par>
<line>Autres principes d’aménagement</line></par>
<par>
<line>■ Le passage de la microfaune devra être garanti au niveau des éventuelles clôtures.</line></par>
<par>
<line>■ Les haies vives seront d’essences locales.</line></par>
<par>
<line>■ L’aspect des bâtiments rappellera l’architecture locale.</line></par>
</text>
</block>
<block><region><rect/></region>
<text>
<par>
<line>un* société</line></par>
</text>
</block>



<block blockType="Picture" blockName="" l="144" t="2295" r="269" b="2438"><region><rect/></region>
</block>
<block blockType="Picture" blockName="" l="2546" t="2406" r="2984" b="2477"><region><rect/></region>
</block>
</page>
<page width="3508" height="2481" resolution="300">
<block><region><rect/></region>
<text>
<par>
<line>OAP 3 : sous-secteur 1AUh « Chemin de la rivière »</line></par>
</text>
</block>
<block><region><rect/></region>
<text>
<par>
<line>7 ^</line></par>
</text>
</block>
<block><region><rect/></region>
<text>
<par/>
</text>
</block>
<block><region><rect/></region>
<text>
<par>
<line>«</line></par>
</text>
</block>
<block><region><rect/></region>
<text>
<par/>
</text>
</block>
<block><region><rect/></region>
<text>
<par>
<line>P</line></par>
</text>
</block>
<block><region><rect/></region>
<text>
<par/>
</text>
</block>
<block><region><rect/></region>
<text>
<par>
<line>A</line></par>
</text>
</block>
<block><region><rect/></region>
<text>
<par>
<line>■ .-'ÿj;</line></par>
</text>
</block>
<block><region><rect/></region>
<text>
<par>
<line>M8</line></par>
</text>
</block>
<block><region><rect/></region>
<text>
<par>
<line>â</line></par>
</text>
</block>
<block><region><rect/></region>
<text>
<par/>
</text>
</block>
<block><region><rect/></region>
<text>
<par>
<line>. 3'</line></par>
</text>
</block>
<block><region><rect/></region>
<text>
<par/>
</text>
</block>
<block><region><rect/></region>
<text>
<par/>
</text>
</block>
<block><region><rect/></region>
<text>
<par/>
</text>
</block>
<block><region><rect/></region>
<text>
<par/>
</text>
</block>
<block><region><rect/></region>
<text>
<par>
<line>La surface du sous-secteur 1AUh est</line>
<line>de 0,97 hectare.</line></par>
</text>
</block>
<block><region><rect/></region>
<text>
<par>
<line>La voirie et l’accès indiqués dans</line>
<line>l’OAP sont représentés comme</line>
<line>principe d’aménagement et non</line>
<line>comme normes.</line></par>
</text>
</block>
<block><region><rect/></region>
<text>
<par>
<line>La création et le renforcement des</line>
<line>réseaux et de la voirie sont à la charge</line>
<line>du/des constructeur(s).</line></par>
</text>
</block>
<block><region><rect/></region>
<text>
<par>
<line>Une densité de 18 logements à</line>
<line>l’hectare est imposée (cf. page</line>
<line>suivante).</line></par>
</text>
</block>
<block><region><rect/></region>
<text>
<par>
<line>un* société</line></par>
</text>
</block>
<block><region><rect/></region>
<text>
<par>
<line>I BTI</line></par>
</text>
</block>
<block><region><rect/></region>
<text>
<par/>
</text>
</block>
<block><region><rect/></region>
<text>
<par>
<line>1AUh</line></par>
</text>
</block>
<block><region><rect/></region>
<text>
<par/>
</text>
</block>
<block><region><rect/></region>
<text>
<par>
<line>&amp;</line></par>
</text>
</block>
<block><region><rect/></region>
<text>
<par>
<line>If</line></par>
</text>
</block>
<block><region><rect/></region>
<text>
<par/>
</text>
</block>
<block><region><rect/></region>
<text>
<par>
<line>’A</line></par>
</text>
</block>
<block><region><rect/></region>
<text>
<par/>
</text>
</block>
<block><region><rect/></region>
<text>
<par/>
</text>
</block>
<block><region><rect/></region>
<text>
<par>
<line>20</line></par>
</text>
</block>
<block><region><rect/></region>
<text>
<par>
<line>URBANISME</line></par>
</text>
</block>





















<block blockType="Picture" blockName="" l="143" t="2293" r="271" b="2438"><region><rect/></region>
</block>
<block blockType="Picture" blockName="" l="2546" t="2406" r="2984" b="2477"><region><rect/></region>
</block>
<block blockType="Picture" blockName="" l="630" t="2097" r="791" b="2173"><region><rect/></region>
</block>
<block blockType="Picture" blockName="" l="137" t="2287" r="278" b="2447"><region><rect/></region>
</block>
</page>
<page width="3508" height="2481" resolution="300">
<block><region><rect/></region>
<text>
<par>
<line>OAP 3 : sous-secteur 1 AUh « Chemin de la rivière »</line></par>
</text>
</block>
<block><region><rect/></region>
<text>
<par/>
</text>
</block>
<block><region><rect/></region>
<text>
<par/>
</text>
</block>
<block><region><rect/></region>
<text>
<par>
<line>E.</line></par>
</text>
</block>
<block><region><rect/></region>
<text>
<par/>
</text>
</block>
<block><region><rect/></region>
<text>
<par>
<line>0</line></par>
</text>
</block>
<block><region><rect/></region>
<text>
<par>
<line>n</line></par>
</text>
</block>
<block><region><rect/></region>
<text>
<par>
<line>é</line></par>
<par>
<line>O</line></par>
</text>
</block>
<block><region><rect/></region>
<text>
<par>
<line>une »oci#té</line></par>
</text>
</block>
<block><region><rect/></region>
<text>
<par>
<line>GTI</line></par>
</text>
</block>
<block><region><rect/></region>
<text>
<par/>
</text>
</block>
<block><region><rect/></region>
<text>
<par/>
</text>
</block>
<block><region><rect/></region>
<text>
<par/>
</text>
</block>
<block><region><rect/></region>
<text>
<par>
<line>Aménagement paysager à créer sur l’ensemble de la zone articulé avec</line>
<line>des équipements publics de type « jeux » et « stationnements ». Une</line>
<line>réflexion sur des logements adaptés aux personnes âgées pourra</line>
<line>permettre de répondre totalement ou partiellement au besoin de logement</line>
<line>de la zone.</line></par>
</text>
</block>
<block><region><rect/></region>
<text>
<par>
<line>Aménagement paysager et protection renforcé le long de la voie de</line>
<line>chemin de fer afin de protéger les futurs résidents contre les nuisances</line>
<line>sonores.</line></par>
</text>
</block>
<block><region><rect/></region>
<text>
<par>
<line>Accès unique à la zone.</line></par>
</text>
</block>
<block><region><rect/></region>
<text>
<par>
<line>URBANISME</line></par>
</text>
</block>
<block><region><rect/></region>
<text>
<par>
<line>21</line></par>
</text>
</block>












<block blockType="Picture" blockName="" l="144" t="2294" r="269" b="2439"><region><rect/></region>
</block>
<block blockType="Picture" blockName="" l="2545" t="2407" r="2985" b="2477"><region><rect/></region>
</block>
</page>
<page width="3508" height="2481" resolution="300">
<block><region><rect/></region>
<text>
<par>
<line>OAP 3 : sous-secteur 1AUh « Chemin de la rivière »</line></par>
</text>
</block>
<block><region><rect/></region>
<text>
<par/>
</text>
</block>
<block><region><rect/></region>
<text>
<par>
<line>Les espaces neutres et la densité</line></par>
<par>
<line>■ Le parc de stationnement est estimé à 0,04 ha. Une vingtaine de place en accès libre depuis la voie publique devra être réalisée sur l’ensemble des zones. Le stationnement</line>
<line>devra également être réalisé sur les parcelles d’accueil de l’opération en respectant le règlement écrit du PLU.</line></par>
<par>
<line>■ L’emprise de la voirie est estimée à 0,1 ha.</line></par>
</text>
</block>
<block><region><rect/></region>
<text>
<par>
<line>Les espaces neutres sont estimés à 0,14 ha, reste alors 0,83 ha pour l’aménagement de logements.</line></par>
</text>
</block>
<block><region><rect/></region>
<text>
<par>
<line>Compte tenu de la densité souhaitée à cet endroit parla commune soit 18 log/ha sur une surface de 0,97 hectare, le nombre de logements à créer est de 17. Une mixité dans la</line>
<line>typologie des logements est attendue. Un minimum de 20% de logements aidés devra être réalisé dans cette zone.</line></par>
</text>
</block>
<block><region><rect/></region>
<text>
<par>
<line>L’aménagement de la zone devra se faire en une seule opération.</line></par>
</text>
</block>
<block><region><rect/></region>
<text>
<par>
<line>Autres principes d’aménagement</line></par>
<par>
<line>■ Le passage de la microfaune devra être garanti au niveau des éventuelles clôtures.</line></par>
<par>
<line>■ Les haies vives seront d’essences locales.</line></par>
<par>
<line>■ L’aspect des bâtiments rappellera l’architecture locale.</line></par>
<par>
<line>■ Les cônes de vue existants depuis le Nord de la commune sur l'église et le village ne devront pas être altérés lors de l’aménagement du site.</line></par>
<par>
<line>■ L’aménagement futur devra prévoir la plantation de haies vives en port libre ou non, ainsi que des arbres de hautes tiges, afin de former une liaison végétale entre l’enveloppe</line>
<line>urbaine et le secteur agricole.</line></par>
</text>
</block>
<block><region><rect/></region>
<text>
<par>
<line>un* société</line></par>
</text>
</block>



<block blockType="Picture" blockName="" l="144" t="2295" r="269" b="2438"><region><rect/></region>
</block>
<block blockType="Picture" blockName="" l="2546" t="2406" r="2984" b="2477"><region><rect/></region>
</block>
</page>
<page width="3508" height="2481" resolution="300">
<block><region><rect/></region>
<text>
<par>
<line>OAP 4 : sous-secteur 1AUe « le clos Regret »</line></par>
</text>
</block>
<block><region><rect/></region>
<text>
<par/>
</text>
</block>
<block><region><rect/></region>
<text>
<par/>
</text>
</block>
<block><region><rect/></region>
<text>
<par/>
</text>
</block>
<block><region><rect/></region>
<text>
<par>
<line>K -'!</line></par>
</text>
</block>
<block><region><rect/></region>
<text>
<par/>
</text>
</block>
<block><region><rect/></region>
<text>
<par>
<line>.'.t</line></par>
</text>
</block>
<block><region><rect/></region>
<text>
<par>
<line>4</line></par>
</text>
</block>
<block><region><rect/></region>
<text>
<par/>
</text>
</block>
<block><region><rect/></region>
<text>
<par/>
</text>
</block>
<block><region><rect/></region>
<text>
<par>
<line>/</line></par>
</text>
</block>
<block><region><rect/></region>
<text>
<par/>
</text>
</block>
<block><region><rect/></region>
<text>
<par/>
</text>
</block>
<block><region><rect/></region>
<text>
<par>
<line>Â</line></par>
</text>
</block>
<block><region><rect/></region>
<text>
<par/>
</text>
</block>
<block><region><rect/></region>
<text>
<par/>
</text>
</block>
<block><region><rect/></region>
<text>
<par/>
</text>
</block>
<block><region><rect/></region>
<text>
<par/>
</text>
</block>
<block><region><rect/></region>
<text>
<par>
<line>Tii»</line></par>
</text>
</block>
<block><region><rect/></region>
<text>
<par/>
</text>
</block>
<block><region><rect/></region>
<text>
<par/>
</text>
</block>
<block><region><rect/></region>
<text>
<par/>
</text>
</block>
<block><region><rect/></region>
<text>
<par>
<line>a:</line></par>
</text>
</block>
<block><region><rect/></region>
<text>
<par/>
</text>
</block>
<block><region><rect/></region>
<text>
<par>
<line>«î</line></par>
</text>
</block>
<block><region><rect/></region>
<text>
<par/>
</text>
</block>
<block><region><rect/></region>
<text>
<par/>
</text>
</block>
<block><region><rect/></region>
<text>
<par>
<line>Emplacement réservé à acquérir</line>
<line>Liaison avec la zone d’équipement actuelle à assurer</line>
<line>Végétation actuelle à maintenir et à renforcer</line>
<line>Transition paysagère avec l’espace agricole à créer.</line></par>
</text>
</block>
<block><region><rect/></region>
<text>
<par>
<line>un* société</line></par>
</text>
</block>
<block><region><rect/></region>
<text>
<par>
<line>GTI</line></par>
</text>
</block>
<block><region><rect/></region>
<text>
<par/>
</text>
</block>
<block><region><rect/></region>
<text>
<par>
<line>AU-DESSOUS DSVCHERIES</line></par>
</text>
</block>
<block><region><rect/></region>
<text>
<par>
<line>5</line></par>
</text>
</block>
<block><region><rect/></region>
<text>
<par>
<line>✓</line></par>
</text>
</block>
<block><region><rect/></region>
<text>
<par>
<line>e</line></par>
</text>
</block>
<block><region><rect/></region>
<text>
<par>
<line>/</line></par>
</text>
</block>
<block><region><rect/></region>
<text>
<par>
<line>A</line></par>
</text>
</block>
<block><region><rect/></region>
<text>
<par>
<line>LES TikHRES</line></par>
</text>
</block>
<block><region><rect/></region>
<text>
<par>
<line>OTOPOS</line></par>
</text>
</block>
<block><region><rect/></region>
<text>
<par>
<line>URBANISME</line></par>
</text>
</block>































<block blockType="Picture" blockName="" l="143" t="2295" r="269" b="2438"><region><rect/></region>
</block>
<block blockType="Picture" blockName="" l="2546" t="2406" r="2984" b="2477"><region><rect/></region>
</block>
<block blockType="Picture" blockName="" l="2304" t="967" r="2348" b="1078"><region><rect/></region>
</block>
<block blockType="Picture" blockName="" l="62" t="484" r="1239" b="1577"><region><rect/></region>
</block>
</page>
<page width="3508" height="2481" resolution="300">
<block><region><rect/></region>
<text>
<par/>
</text>
</block>
<block><region><rect/></region>
<text>
<par>
<line>TOPO^</line></par>
</text>
</block>
<block><region><rect/></region>
<text>
<par>
<line>toposweb.com</line></par>
<par>
<line>mail@toposweb.com</line></par>
</text>
</block>
<block><region><rect/></region>
<text>
<par>
<line>GTI</line></par>
</text>
</block>
<block blockType="Barcode" blockName="" l="2577" t="2049" r="2833" b="2303"><region><rect/></region>
<text>
<par><line>http://www.toposweb.com/</line></par>
</text>
<barcodeInfo type="QRCODE"/>
</block>
</page>
</OAP>