<?xml version="1.0" encoding="UTF-8"?><OAP>
<page width="4058" height="5742" resolution="491">
<block><region><rect/></region>
<text>
<par>
<line>Pièce n° 3</line></par>
</text>
</block>
<block><region><rect/></region>
<text>
<par>
<line>PUTANGES PONT ECREPIN</line></par>
<par>
<line>PLAN LOCAL D'URBANISME</line></par>
<par>
<line>Orientations d'Aménagement</line>
<line>par secteur</line></par>
</text>
</block>
<block><region><rect/></region>
<text>
<par/>
</text>
</block>
<block><region><rect/></region>
<text>
<par/>
</text>
</block>
<block><region><rect/></region>
<text>
<par>
<line>Vu pour être annexé</line>
<line>à la délibération du Conseil Municipal</line></par>
<par>
<line>en date du 19 novembre 2008</line></par>
</text>
</block>
<block><region><rect/></region>
<text>
<par>
<line>APPROBATION</line></par>
</text>
</block>
<block><region><rect/></region>
<text>
<par>
<line>Le Maire</line></par>
</text>
</block>
<block><region><rect/></region>
<text>
<par>
<line>HABITAT &amp; DEVELOPPEMENT 61</line>
<line>52 Boulevard du 1er Chasseurs - BP 36 - 61001 ALENCON Cedex</line>
<line>Tél. : 02.33.31.48.16 - Fax : 02.33.31.49.77 - E.mail : hd61@wanadoo.fr</line></par>
</text>
</block>
<block blockType="Picture" blockName="" l="1910" t="744" r="2122" b="992"><region><rect/></region>
</block>
</page>
<page width="2479" height="3508" resolution="300">
<block><region><rect/></region>
<text>
<par>
<line>L'objet des orientations par secteur</line></par>
</text>
</block>
<block><region><rect/></region>
<text>
<par>
<line>Ce document intitulé « orientations d'aménagement » constitue une pièce facultative du dossier PLU.</line>
<line>Ce document « comporte des orientations relatives à des quartiers ou à des secteurs à mettre en</line>
<line>valeur, réhabiliter, restructurer ou aménager ». Il peut en outre « prévoir les actions et opérations</line>
<line>d'aménagement à mettre en œuvre, notamment pour mettre en valeur l'environnement, les entrées</line>
<line>de ville et le patrimoine, lutter contre l'insalubrité, permettre le renouvellement urbain et assurer le</line>
<line>développement de la commune. Elles peuvent prendre la forme de schémas d'aménagement et</line>
<line>préciser les principales caractéristiques des voies et espaces publics » (article L.123-1 du code de</line>
<line>l'urbanisme).</line></par>
<par>
<line>La portée des orientations d'aménagement par secteur</line></par>
<par>
<line>L'article L.123-5 du code de l'urbanisme instaure un lien de compatibilité entre les travaux et les</line>
<line>opérations d'aménagement et les orientations par secteur.</line></par>
<par>
<line>Cette compatibilité signifie que les travaux et opérations réalisés dans les secteurs concernés ne</line>
<line>peuvent être contraires aux orientations d'aménagement retenues mais doivent contribuer à leur mise</line>
<line>en œuvre ou tout au moins ne pas les remettre en cause.</line></par>
<par>
<line>L'articulation des orientations d'aménagement par secteur avec les autres pièces du PLU.</line></par>
<par>
<line>Articulation avec le PADD</line></par>
<par>
<line>Ces orientations d'aménagement sont établies en cohérence avec le projet d'aménagement et de</line>
<line>développement durable (PADD), qui définit les orientations générales.</line></par>
<par>
<line>Articulation avec le règlement</line></par>
<par>
<line>Les orientations par secteur sont complémentaires aux dispositions d'urbanisme contenues dans le</line>
<line>règlement écrit et graphique.</line></par>
<par>
<line>Cette complémentarité s'exprime par leur portée réciproque. En effet, les opérations d'aménagement</line>
<line>et de construction seront instruites en terme de compatibilité avec les orientations par secteur et en</line>
<line>terme de conformité avec les dispositions réglementaires.</line></par>
</text>
</block>
<block><region><rect/></region>
<text>
<par>
<line>Les secteurs concernés</line></par>
</text>
</block>
<block><region><rect/></region>
<text>
<par>
<line>4 sites sont concernés par les orientations d'aménagement :</line></par>
<par>
<line>Zone 1Au : Zone à urbaniser ouverte</line></par>
<par>
<line>- La Route d'Argentan</line></par>
<par>
<line>- Le Collège</line></par>
<par>
<line>- Le Champ du mariage (secteur 1Aua)</line></par>
<par>
<line>Zone 1AUz: Zone à urbaniser ouverte à dominante d'activités</line></par>
<par>
<line>- Le Champ Raquin</line></par>
<par>
<line>Les orientations d'aménagement reposent sur des principe simples :</line></par>
<par>
<line>- Limiter la rupture franche entre espace urbain et espace agricole ou naturel en</line>
<line>créant un espace de transition par le maintien des haies existantes, la création de</line>
<line>haies bocagères,</line></par>
<par>
<line>- limiter les voies en impasse,</line></par>
<par>
<line>- Insérer au maximum le bâti dans l'environnement naturel et urbanisé,</line></par>
<par>
<line>- Sécuriser les accès sur les routes départementales</line></par>
</text>
</block>




</page>
<page width="3570" height="5052" resolution="432">
<block><region><rect/></region>
<text>
<par>
<line>Le quartier du champ du mariage</line></par>
</text>
</block>
<block><region><rect/></region>
<text>
<par>
<line>Le quartier situé au nord-ouest du bourg en continuité avec le lotissement du lac avec lequel il sera</line>
<line>reliée. Il représente une superficie de 9,30 ha environ 50 lots.</line></par>
<par>
<line>La voie desserte interne se fera à partir d'un accès principal et unique sur la RD 909 via le chemin de</line>
<line>la Chenêtière. L'organisation de la desserte principale évitera les voies en impasse.</line></par>
<par>
<line>Des accès secondaires permettront de connecter cet espace au lotissement du lac et au chemin des</line>
<line>près. Un sens de circulation sera à organiser sur le chemin des Près afin de fluidifier les transits et de</line>
<line>limiter les nuisances pour les riverains.</line></par>
<par>
<line>Des plantations à réaliser seront imposées sur la frange nord-est de la parcelle afin de réaliser un</line>
<line>traitement paysager de l'entrée de bourg.</line></par>
<par>
<line>Les cônes de vue sur la vallée de l'Orne sont à préserver et les constructions devront s'implanter en</line>
<line>conséquence.</line></par>
<par>
<line>Les haies existantes seront préservées et des cheminements piétonniers seront crées pour rejoindre le</line>
<line>centre bourg en dehors de la route départementale 909. Des bassins de rétention paysagers seront à</line>
<line>créer afin de gérer quantitativement et qualitativement le débit des eaux de ruissellement.</line></par>
<par>
<line>Les constructions devront s'intégrer dans l'espace naturel environnant. Les parcelles devront épouser</line>
<line>le relief et prendre en compte les haies et noues présentes sur le site. L'implantation des</line>
<line>constructions et le découpage des parcelles devront permettre une orientation des façades principales</line>
<line>permettant des économies d'énergie et une utilisation des énergies renouvelables.</line></par>
<par>
<line>Les équipements sont présents à proximité immédiate du quartier du Champ du Mariage.</line></par>
</text>
</block>
<block blockType="Table" blockName="" l="400" t="2308" r="3332" b="2752"><region><rect/></region>
<row>
<cell width="730" height="76">
<text>
<par>
<line>Zone 1AU</line></par>
</text></cell>
<cell width="550" height="76">
<text>
<par>
<line>Voie publique</line></par>
</text></cell>
<cell width="548" height="76">
<text>
<par>
<line>Eau</line></par>
</text></cell>
<cell width="550" height="76">
<text>
<par>
<line>Assainissement</line></par>
</text></cell>
<cell width="554" height="76">
<text>
<par>
<line>Electricité</line></par>
</text></cell></row>
<row>
<cell width="730" height="368">
<text>
<par>
<line>Le Champ du mariage</line></par>
</text></cell>
<cell width="550" height="368">
<text>
<par>
<line>Desserte à partir</line>
<line>de la route RD 909</line>
<line>contiguë à la zone</line></par>
</text></cell>
<cell width="548" height="368">
<text>
<par>
<line>Extension du</line>
<line>réseau à partir de</line>
<line>lotissement du lac</line></par>
</text></cell>
<cell width="550" height="368">
<text>
<par>
<line>réseau</line></par>
<par>
<line>assainissement le</line>
<line>long du chemin</line>
<line>des Près</line></par>
</text></cell>
<cell width="554" height="368">
<text>
<par>
<line>Raccordement au</line>
<line>réseau moyenne</line>
<line>tension</line></par>
</text></cell></row>
</block>
<block><region><rect/></region>
<text>
<par>
<line>ZONE 1AU du Champ du mariage</line></par>
</text>
</block>
<block><region><rect/></region>
<text>
<par/>
</text>
</block>
<block><region><rect/></region>
<text>
<par>
<line>\%rJi</line></par>
</text>
</block>
<block><region><rect/></region>
<text>
<par/>
</text>
</block>
<block><region><rect/></region>
<text>
<par/>
</text>
</block>
<block><region><rect/></region>
<text>
<par/>
</text>
</block>
<block><region><rect/></region>
<text>
<par>
<line>JIM</line></par>
</text>
</block>
<block><region><rect/></region>
<text>
<par/>
</text>
</block>
<block><region><rect/></region>
<text>
<par/>
</text>
</block>
















</page>
<page width="3851" height="5450" resolution="466">
<block><region><rect/></region>
<text>
<par>
<line>Le quartier du Collège</line></par>
</text>
</block>
<block><region><rect/></region>
<text>
<par>
<line>Le quartier situé au sud du bourg peut comprendre une quinzaine de lots sur une superficie de 1,5 ha.</line>
<line>Cette zone s'inscrit dans la continuité du pôle d'équipements scolaires. La desserte aisée de cet</line>
<line>espace et sa localisation à proximité du bourg peut favoriser sa densification même si ce site peut</line>
<line>répondre à des besoins liées à des équipements publics (gymnase).</line></par>
<par>
<line>Deux accès unique seront créés à partir des RD 909 et RD 15 à un endroit où la visibilité est</line>
<line>favorable. Des liaisons douces seront à privilégier vers le centre bourg et le collège.</line></par>
<par>
<line>Pour assurer une insertion paysagère de qualité sur le site, des plantations à réaliser seront imposées</line>
<line>sur les franges de la parcelle. Un espace tampon sera réalisé pour préserver l'intimité des</line>
<line>constructions existantes situées au contact de cet espace.</line></par>
<par>
<line>Un bassin de rétention paysager sera crée afin de gérer quantitativement et qualitativement le débit</line>
<line>des eaux de ruissellement.</line></par>
<par>
<line>Les équipements sont présents à proximité immédiate du quartier du collège.</line></par>
</text>
</block>
<block blockType="Table" blockName="" l="432" t="2020" r="3594" b="2422"><region><rect/></region>
<row>
<cell width="786" height="82">
<text>
<par>
<line>Zone 1AU</line></par>
</text></cell>
<cell width="594" height="82">
<text>
<par>
<line>Voie publique</line></par>
</text></cell>
<cell width="592" height="82">
<text>
<par>
<line>Eau</line></par>
</text></cell>
<cell width="594" height="82">
<text>
<par>
<line>Assainissement</line></par>
</text></cell>
<cell width="596" height="82">
<text>
<par>
<line>Electricité</line></par>
</text></cell></row>
<row>
<cell width="786" height="320">
<text>
<par>
<line>Collège</line></par>
</text></cell>
<cell width="594" height="320">
<text>
<par>
<line>Desserte à partir</line>
<line>des routes</line>
<line>départementales</line>
<line>909 et 15</line></par>
</text></cell>
<cell width="592" height="320">
<text>
<par>
<line>Raccordement du</line>
<line>réseau d'eau</line>
<line>potable de 80 mm</line>
<line>situé sur la RD 909</line></par>
</text></cell>
<cell width="594" height="320">
<text>
<par>
<line>raccordement au</line>
<line>réseau</line></par>
<par>
<line>d'assainissement</line>
<line>situé sur RD 909</line></par>
</text></cell>
<cell width="596" height="320">
<text>
<par>
<line>Raccordement au</line>
<line>réseau moyenne</line>
<line>tension</line></par>
</text></cell></row>
</block>
<block><region><rect/></region>
<text>
<par>
<line>ZONE 1AU du collège</line></par>
</text>
</block>
<block><region><rect/></region>
<text>
<par>
<line>1^</line></par>
</text>
</block>
<block><region><rect/></region>
<text>
<par/>
</text>
</block>
<block><region><rect/></region>
<text>
<par/>
</text>
</block>
<block><region><rect/></region>
<text>
<par>
<line>'-J</line></par>
</text>
</block>
<block><region><rect/></region>
<text>
<par/>
</text>
</block>
<block><region><rect/></region>
<text>
<par>
<line>traitement^g^sa^ger</line></par>
</text>
</block>
<block><region><rect/></region>
<text>
<par>
<line>uni</line></par>
</text>
</block>
<block><region><rect/></region>
<text>
<par>
<line>unique sur la RD 15</line></par>
</text>
</block>
<block><region><rect/></region>
<text>
<par>
<line>1, 60 ha</line>
<line>zone mixte</line></par>
</text>
</block>
<block><region><rect/></region>
<text>
<par>
<line>Accès unique sur la RD 909</line></par>
</text>
</block>
<block><region><rect/></region>
<text>
<par>
<line>Ü</line></par>
</text>
</block>
<block><region><rect/></region>
<text>
<par>
<line>f ”</line></par>
</text>
</block>
<block><region><rect/></region>
<text>
<par/>
</text>
</block>
<block><region><rect/></region>
<text>
<par/>
</text>
</block>
<block><region><rect/></region>
<text>
<par>
<line>1 'J- 'h</line></par>
</text>
</block>
<block><region><rect/></region>
<text>
<par/>
</text>
</block>
<block><region><rect/></region>
<text>
<par>
<line>k ‘T</line></par>
</text>
</block>
<block><region><rect/></region>
<text>
<par>
<line>r</line></par>
</text>
</block>
<block><region><rect/></region>
<text>
<par/>
</text>
</block>






















</page>
<page width="2479" height="3508" resolution="300">
<block><region><rect/></region>
<text>
<par>
<line>Le quartier de la Route d'Argentan</line></par>
</text>
</block>
<block><region><rect/></region>
<text>
<par>
<line>Le quartier situé au sud-est du bourg peut comprendre une trentaine de lots sur une superficie de 5,5</line>
<line>hectares.</line></par>
<par>
<line>La voie desserte interne se fera à partir d'un accès principal et unique sur la RD 15. Des accès</line>
<line>secondaires permettront de connecter cet espace au chemin rural de Pont-Ecrepin.</line></par>
<par>
<line>L'organisation de la desserte principale évitera les voies en impasse.</line></par>
<par>
<line>Un sens de circulation sera à organiser sur ce chemin de Pont-Ecrepin afin de fluidifier les transits et</line>
<line>de limiter les nuisances pour les riverains. Un cheminements piétonnier sera créer pour rejoindre le</line>
<line>centre bourg via le chemin de Pont Ecrepin en dehors de la route départementale 15.</line></par>
<par>
<line>Des plantations à réaliser seront imposées sur les franges de la parcelle afin de réaliser un traitement</line>
<line>paysager de l'entrée de bourg au contact de la RD 15. Des espaces tampons seront appréhendés afin</line>
<line>de préserver l'intimité des constructions existantes contiguës au site.</line></par>
<par>
<line>Des bassins de rétention paysagers seront à créer afin de gérer quantitativement et qualitativement le</line>
<line>débit des eaux de ruissellement.</line></par>
<par>
<line>Les constructions devront s'intégrer dans l'espace naturel environnant. Les parcelles devront épouser</line>
<line>le relief et prendre en compte les noues présentes sur le site. L'implantation des constructions et le</line>
<line>découpage des parcelles devront permettre une orientation des façades principales permettant des</line>
<line>économies d'énergie et une utilisation des énergies renouvelables.</line></par>
<par>
<line>Les équipements sont présents à proximité immédiate du quartier de la route d'Argentan et la</line>
<line>collectivité a programmé les investissements pour l'aménagement à court terme de cette zone</line>
<line>notamment pour l'extension du réseau d'eau potable en provenance de l'Aunive.</line></par>
</text>
</block>
<block blockType="Table" blockName="" l="278" t="1702" r="2313" b="2011"><region><rect/></region>
<row>
<cell width="506" height="54">
<text>
<par>
<line>Zone 1AU</line></par>
</text></cell>
<cell width="382" height="54">
<text>
<par>
<line>Voie publique</line></par>
</text></cell>
<cell width="381" height="54">
<text>
<par>
<line>Eau</line></par>
</text></cell>
<cell width="382" height="54">
<text>
<par>
<line>Assainissement</line></par>
</text></cell>
<cell width="384" height="54">
<text>
<par>
<line>Electricité</line></par>
</text></cell></row>
<row>
<cell width="506" height="255">
<text>
<par>
<line>Route d'Argentan</line></par>
</text></cell>
<cell width="382" height="255">
<text>
<par>
<line>Desserte principale</line>
<line>à partir de la route</line>
<line>départementale 15</line>
<line>contiguë à la zone</line></par>
</text></cell>
<cell width="381" height="255">
<text>
<par>
<line>Extension du</line>
<line>réseau d'eau</line>
<line>potable depuis</line>
<line>l'Aunive</line></par>
<par>
<line>(travaux validés)</line></par>
</text></cell>
<cell width="382" height="255">
<text>
<par>
<line>Raccordement au</line>
<line>réseau</line></par>
<par>
<line>d'assainissement</line>
<line>situé sur RD 15</line></par>
</text></cell>
<cell width="384" height="255">
<text>
<par>
<line>Raccordement au</line>
<line>réseau moyenne</line>
<line>tension situé sur le</line>
<line>chemin de l'Aunive</line></par>
</text></cell></row>
</block>
<block><region><rect/></region>
<text>
<par>
<line>Zone 1 AU Route d'Argentan</line></par>
</text>
</block>
<block><region><rect/></region>
<text>
<par>
<line>nique^^^^:Chemtti de lAunive</line></par>
</text>
</block>
<block><region><rect/></region>
<text>
<par>
<line>Liaison douce^t^us.lellili^</line></par>
</text>
</block>
<block><region><rect/></region>
<text>
<par/>
</text>
</block>
<block><region><rect/></region>
<text>
<par>
<line>Accès unique sur RD 15</line></par>
</text>
</block>
<block><region><rect/></region>
<text>
<par>
<line>zone d habitat</line>
<line>5,5D ha</line></par>
</text>
</block>
<block><region><rect/></region>
<text>
<par>
<line>Traitement paysager</line></par>
</text>
</block>
<block><region><rect/></region>
<text>
<par/>
</text>
</block>
<block><region><rect/></region>
<text>
<par>
<line>m.</line></par>
</text>
</block>
<block><region><rect/></region>
<text>
<par/>
</text>
</block>
<block><region><rect/></region>
<text>
<par/>
</text>
</block>
<block><region><rect/></region>
<text>
<par/>
</text>
</block>
<block><region><rect/></region>
<text>
<par>
<line>VL</line></par>
</text>
</block>












<block blockType="Picture" blockName="" l="170" t="2128" r="2330" b="3464"><region><rect/></region>
</block>
</page>
<page width="3620" height="5122" resolution="438">
<block><region><rect/></region>
<text>
<par>
<line>La zone d'activité du champ Raquin</line></par>
</text>
</block>
<block><region><rect/></region>
<text>
<par>
<line>La zone du Champ Raquin est située au nord du bourg et représente une superficie de 2,20 ha. Ce</line>
<line>secteur, à vocation artisanale et commerciale est isolée de tout riverain limitant ainsi les gênes et les</line>
<line>nuisances.</line></par>
<par>
<line>Une marge de recul de 10 mètres est imposée par rapport à l'alignement de la RD 909. Ces espaces</line>
<line>feront l'objet d'un traitement paysager intégrant une haie bocagère structurante et seront interdits à</line>
<line>toute construction et stationnement. L'entrée de la zone d'activité fera l'objet d'un traitement</line>
<line>paysager particulier.</line></par>
<par>
<line>Aucun accès direct sur la RD 909 ne sera autorisé. La desserte sera organisée à partir de l'entrée de la</line>
<line>zone d'activité existante via le chemin rural du Breuil qui devra être aménagé en conséquence.</line></par>
<par>
<line>Les constructions devront s'intégrer dans l'environnement immédiat et respecter notamment les</line>
<line>prescriptions architecturales du règlement de la zone.</line></par>
<par>
<line>Les équipements sont présents à proximité immédiate du quartier du Champ Raquin.</line></par>
</text>
</block>
<block blockType="Table" blockName="" l="406" t="1826" r="3378" b="2278"><region><rect/></region>
<row>
<cell width="740" height="78">
<text>
<par>
<line>Zone 1AU</line></par>
</text></cell>
<cell width="558" height="78">
<text>
<par>
<line>Voie publique</line></par>
</text></cell>
<cell width="556" height="78">
<text>
<par>
<line>Eau</line></par>
</text></cell>
<cell width="558" height="78">
<text>
<par>
<line>Assainissement</line></par>
</text></cell>
<cell width="560" height="78">
<text>
<par>
<line>Electricité</line></par>
</text></cell></row>
<row>
<cell width="740" height="374">
<text>
<par>
<line>Champ Raquin</line></par>
</text></cell>
<cell width="558" height="374">
<text>
<par>
<line>Desserte principale</line>
<line>à partir du chemin</line>
<line>rural</line></par>
</text></cell>
<cell width="556" height="374">
<text>
<par>
<line>Raccordement au</line>
<line>réseau d'eau</line>
<line>potable situé à</line>
<line>hauteur du</line>
<line>carrefour de la ZA</line></par>
</text></cell>
<cell width="558" height="374">
<text>
<par>
<line>Raccordement au</line>
<line>réseau</line></par>
<par>
<line>d'assainissement</line>
<line>situé sur RD 909</line></par>
</text></cell>
<cell width="560" height="374">
<text>
<par>
<line>Raccordement au</line>
<line>réseau moyenne</line>
<line>tension alimentant</line>
<line>la zone d'activité</line></par>
</text></cell></row>
</block>
<block><region><rect/></region>
<text>
<par>
<line>Zone 1AUz du Champ Raquin</line></par>
</text>
</block>
<block><region><rect/></region>
<text>
<par/>
</text>
</block>
<block><region><rect/></region>
<text>
<par/>
</text>
</block>
<block><region><rect/></region>
<text>
<par>
<line>T.</line></par>
</text>
</block>
<block><region><rect/></region>
<text>
<par/>
</text>
</block>
<block><region><rect/></region>
<text>
<par/>
</text>
</block>
<block><region><rect/></region>
<text>
<par>
<line>Ml</line></par>
</text>
</block>
<block><region><rect/></region>
<text>
<par/>
</text>
</block>
<block><region><rect/></region>
<text>
<par/>
</text>
</block>
<block><region><rect/></region>
<text>
<par/>
</text>
</block>
<block><region><rect/></region>
<text>
<par/>
</text>
</block>
<block><region><rect/></region>
<text>
<par>
<line>Zone d activité</line>
<line>2.20 ha</line></par>
</text>
</block>
<block><region><rect/></region>
<text>
<par/>
</text>
</block>
<block><region><rect/></region>
<text>
<par/>
</text>
</block>
<block><region><rect/></region>
<text>
<par>
<line>Marge de recul de 10 métrés '■ ^</line></par>
<par>
<line>par rapport à l'alignement de la RD 909 intégrant : ' '</line></par>
<par>
<line>- un traitement paysager fort</line></par>
<par>
<line>- une interdicition à toute construction et stationnement</line></par>
</text>
</block>
<block><region><rect/></region>
<text>
<par/>
</text>
</block>








<block blockType="Picture" blockName="" l="912" t="3640" r="1538" b="3714"><region><rect/></region>
</block>
</page>
</OAP>