<?xml version="1.0" encoding="UTF-8"?><OAP>
<page width="2497" height="3527" resolution="301">
<block><region><rect/><rect/><rect/><rect/><rect/><rect/></region>
<text>
<par>
<line>Vu pour être annexé à la délibération du</line>
<line>Conseil Municipal du 29 février 2012</line>
<line>approuvant la révi^TOTTTltr-'Plan Local</line>
<line>D'urbanisme. /i</line></par>
</text>
</block>
<block><region><rect/></region>
<text>
<par/>
</text>
</block>
<block><region><rect/></region>
<text>
<par>
<line>niHAJA</line></par>
</text>
</block>
<block><region><rect/></region>
<text>
<par>
<line>30</line></par>
</text>
</block>
<block><region><rect/></region>
<text>
<par>
<line>©</line></par>
</text>
</block>
<block><region><rect/></region>
<text>
<par>
<line>*</line></par>
</text>
</block>
<block><region><rect/></region>
<text>
<par>
<line>X</line></par>
</text>
</block>
<block><region><rect/></region>
<text>
<par/>
</text>
</block>
<block><region><rect/></region>
<text>
<par>
<line>&amp;S20</line></par>
</text>
</block>
<block><region><rect/></region>
<text>
<par>
<line>t// «J&amp;L \c</line></par>
</text>
</block>
<block><region><rect/><rect/><rect/></region>
<text>
<par>
<line>KEÇU LE</line>
<line>- 6 HÂBb 2012</line></par>
<par>
<line>Sot^Pj:éfeçtu^;e</line></par>
</text>
</block>
<block><region><rect/><rect/><rect/></region>
<text>
<par>
<line>_ Revfeioln du</line></par>
<par>
<line>Plan Local d'Urbanisme</line>
<line>de la commune de</line></par>
</text>
</block>
<block><region><rect/></region>
<text>
<par>
<line>N°INSEE62724</line></par>
</text>
</block>
<block><region><rect/></region>
<text>
<par/>
</text>
</block>
<block><region><rect/></region>
<text>
<par/>
</text>
</block>
<block><region><rect/></region>
<text>
<par/>
</text>
</block>
<block><region><rect/></region>
<text>
<par/>
</text>
</block>
<block><region><rect/></region>
<text>
<par>
<line>s{</line></par>
</text>
</block>
<block><region><rect/></region>
<text>
<par/>
</text>
</block>
<block><region><rect/></region>
<text>
<par/>
</text>
</block>
<block><region><rect/></region>
<text>
<par/>
</text>
</block>
<block><region><rect/></region>
<text>
<par>
<line>I îv</line></par>
</text>
</block>
<block><region><rect/></region>
<text>
<par/>
</text>
</block>
<block><region><rect/></region>
<text>
<par>
<line>1</line></par>
</text>
</block>
<block><region><rect/></region>
<text>
<par>
<line>/</line></par>
</text>
</block>
<block><region><rect/></region>
<text>
<par/>
</text>
</block>
<block><region><rect/></region>
<text>
<par/>
</text>
</block>
<block><region><rect/></region>
<text>
<par>
<line>y'</line></par>
</text>
</block>
<block><region><rect/></region>
<text>
<par>
<line>w/-</line></par>
</text>
</block>
<block><region><rect/></region>
<text>
<par/>
</text>
</block>
<block><region><rect/></region>
<text>
<par/>
</text>
</block>
<block><region><rect/></region>
<text>
<par/>
</text>
</block>
<block><region><rect/></region>
<text>
<par>
<line>Approuvé le : 17 décembre 2003</line></par>
<par>
<line>1^'"® modification approuvée le : 11 octobre 2007</line></par>
<par>
<line>2ème modification approuvée le : 25 septembre 2008</line></par>
<par>
<line>Mis en révision le :26 mars 2009</line></par>
<par>
<line>Arrêté le : 5 janvier 2011</line></par>
<par>
<line>Approuvé le : 29 février 2012</line></par>
</text>
</block>
<block><region><rect/></region>
<text>
<par>
<line>£&lt;C</line></par>
<par>
<line>Etudes &amp; Csriographie</line></par>
<par>
<line>6/8 rue Leon Trulin</line>
<line>59 OOO Üile</line>
<line>Tél 103 20 51 94 95</line>
<line>Fax : 03 20 SI 94 90</line></par>
</text>
</block>


































</page>
<page width="2496" height="3532" resolution="302">
<block><region><rect/></region>
<text>
<par>
<line>O Orientation d’aménagement : Nord ouest de Rouvroy village</line></par>
</text>
</block>
<block><region><rect/></region>
<text>
<par>
<line>Les orientations d’aménagement se composent d’un schéma et d’un texte qui, de</line>
<line>manière complémentaire, expose les principes avec lesquels l’aménagement de la zone devra</line>
<line>être compatible.</line></par>
<par>
<line>L’ensemble de ces orientations doit être compatible avec le Projet d’Aménagement et de</line>
<line>Développement Durable.</line></par>
<par>
<line>Les opérations d’aménagement sur ce secteur doivent être cohérentes avec les</line>
<line>orientations d’aménagement ; elles doivent respecter les principes d’aménagement définis par</line>
<line>le présent document.</line></par>
</text>
</block>
<block><region><rect/></region>
<text>
<par>
<line>1. Localisation</line></par>
<par>
<line>Le secteur étudié se situe au nord-ouest de Rouvroy village</line></par>
<par>
<line>Le secteur présente une surface de 7,9 hectares environ, classés en zonelAU du PLU</line>
<line>opposable. Cette zone est destinée à accueillir une urbanisation future de la commune.</line></par>
<par>
<line>2. Objectifs et enjeux d’aménagement du site</line></par>
<par>
<line>Les terrains classés au sein de cette zone permettent à la commune d’atteindre un des</line>
<line>objectifs qu’elle s’est fixée, c'est-à-dire de conforter le pôle de vie villageois. Ainsi,</line>
<line>l’aménagement de la zone permettra de créer un lieu de rencontre et de renforcer le centre</line>
<line>village.</line></par>
<par>
<line>Les enjeux d’intégrations (tout en terme de fonctiormement qu’en terme paysager) au</line>
<line>village sont importants afin de contribuer à un développement harmonieux et durable de la</line>
<line>commune.</line></par>
</text>
</block>
<block><region><rect/></region>
<text>
<par>
<line>3.Principes d’aména2ement</line></par>
<par>
<line>Le secteur, composé actuellement de pâture entourées de haies, nécessite une stmcture de</line>
<line>la voirie, la constitution d’un espace public lisible et bien dimensionné ainsi que son</line>
<line>équipement par les réseaux.</line></par>
</text>
</block>
<block><region><rect/></region>
<text>
<par>
<line>3.1Voirie</line></par>
</text>
</block>
<block><region><rect/></region>
<text>
<par>
<line>Voirie principale</line></par>
<par>
<line>Afin de créer un maillage cohérent et de permettre la greffe de la nouvelle zone à</line>
<line>urbaniser sur le tissu urbain existant, la desserte de la zone se fera par l’intermédiaire des</line>
<line>accès principaux figurant sur la carte ci-après.</line></par>
<par>
<line>Cette voie principale constituera l’épine dorsale de la zone.</line></par>
<par>
<line>La desserte se fera à partir de deux points d’accès dont l’un sera le prolongement de la</line>
<line>voirie du lotissement récemment créer au nord, et l’autre sera à créer, comme indiqué au</line>
<line>schéma d’aménagement présenté ci-après.</line></par>
</text>
</block>









</page>
<page width="2496" height="3532" resolution="302">
<block><region><rect/></region>
<text>
<par>
<line>Les caractéristiques principales de cette rue principale doivent être compatibles avec :</line></par>
<par>
<line>- une circulation automobile à double sens</line></par>
<par>
<line>- une circulation confortable et sécurisée des cycles, des piétons des deux côtés de la</line></par>
<par>
<line>chaussée</line></par>
<par>
<line>- un traitement au sol et paysager de qualité (aménagement paysager, arbres, haie).</line></par>
<par>
<line>Le gabarit de la voie principale restera limité, cette voie devant rester urbaine et non</line>
<line>routière, et assurer une desserte interne et non de transit.</line></par>
<par>
<line>Voirie secondaire</line></par>
<par>
<line>Les rues secondaires pourront s’y raccrocher sur la rue principale en fonction de la densité</line>
<line>des futures constructions. La voirie secondaire répondra à une desserte résidentielle. Elle aura</line>
<line>par conséquent une emprise totale minimum plus limitée.</line></par>
<par>
<line>Les caractéristiques de cette voie doit être compatible avec :</line></par>
<par>
<line>- une circulation de desserte strictement locale</line></par>
<par>
<line>- une circulation prioritaire, confortable et sécurisée des piétons et des cycles</line></par>
<par>
<line>3.2espaces communs</line></par>
<par>
<line>Des espaces communs devront être réalisés au sein de la zone et être adaptés en fonction</line>
<line>des besoins de la commune (par exemple : espace vert, plaine de jeux centrale, espaces de</line>
<line>détente et de repos, placette...).</line></par>
</text>
</block>
<block><region><rect/></region>
<text>
<par>
<line>Leur vocation est de constituer un véritable lieu de vie et de rencontre.</line></par>
</text>
</block>
<block><region><rect/></region>
<text>
<par>
<line>3.3 La gestion des eaux pluviales</line></par>
<par>
<line>Elle devra être intégrée par plusieurs espaces de tamponnement qu’il faudra aménager</line>
<line>(tant en superficie qu’en exhaussement) en fonction des surfaces imperméabilisées de la zone</line>
<line>à urbaniser.</line></par>
<par>
<line>3.4 Intégration paysagère</line></par>
<par>
<line>L’intégration paysagère doit être prise en compte, compte tenu de la qualité paysagère du</line>
<line>village (protection des haies, transition entre zone urbaine et zone naturelle...)</line></par>
</text>
</block>



</page>
<page width="3508" height="4963" resolution="300">
<block><region><rect/></region>
<text>
<par>
<line>•I</line></par>
</text>
</block>
<block><region><rect/></region>
<text>
<par>
<line>f</line></par>
</text>
</block>
<block><region><rect/><rect/><rect/><rect/><rect/></region>
<text>
<par>
<line>Rouvroy</line></par>
<par>
<line>Extension de l'urbanisation</line>
<line>au nord-ouest de Rouvroy village</line></par>
<par>
<line>Légende :</line></par>
<par>
<line>^ Périmètre d'aménagement de la zone</line>
<line>Accès principaux à la zone</line>
<line>f I Voirie principale à créer</line>
<line>■&lt;-► Voirie à double sens</line></par>
</text>
</block>
<block><region><rect/></region>
<text>
<par>
<line>Voirie secondaire à créer</line>
<line>permettant un bouclage de voirie</line></par>
</text>
</block>
<block><region><rect/></region>
<text>
<par>
<line>Cheminement doux</line>
<line>• • • Ecran végétal à créer</line></par>
</text>
</block>
<block><region><rect/><rect/></region>
<text>
<par>
<line>Fonds de jardins assurant une</line>
<line>bonne transition entre l'espace</line>
<line>bâti et le milieu naturel</line></par>
</text>
</block>
<block><region><rect/><rect/></region>
<text>
<par>
<line>Bassin de temponnement</line>
<line>des eaux pluviales</line></par>
<par>
<line>Espace vert</line></par>
</text>
</block>
<block><region><rect/></region>
<text>
<par/>
</text>
</block>
<block><region><rect/></region>
<text>
<par>
<line>O</line></par>
</text>
</block>
<block><region><rect/></region>
<text>
<par/>
</text>
</block>
<block><region><rect/></region>
<text>
<par/>
</text>
</block>
<block><region><rect/></region>
<text>
<par/>
</text>
</block>
<block><region><rect/></region>
<text>
<par/>
</text>
</block>
<block><region><rect/></region>
<text>
<par/>
</text>
</block>
<block><region><rect/></region>
<text>
<par>
<line>A</line></par>
</text>
</block>
<block><region><rect/></region>
<text>
<par>
<line>cv</line></par>
</text>
</block>
<block><region><rect/></region>
<text>
<par>
<line>î.</line></par>
</text>
</block>
<block><region><rect/></region>
<text>
<par>
<line>O</line></par>
</text>
</block>
<block><region><rect/></region>
<text>
<par>
<line>a</line></par>
</text>
</block>
<block><region><rect/></region>
<text>
<par>
<line>a</line></par>
</text>
</block>
<block><region><rect/></region>
<text>
<par/>
</text>
</block>
<block><region><rect/></region>
<text>
<par>
<line>O</line></par>
</text>
</block>
<block><region><rect/></region>
<text>
<par>
<line>0</line></par>
</text>
</block>
<block><region><rect/></region>
<text>
<par>
<line>O</line></par>
</text>
</block>
<block><region><rect/></region>
<text>
<par>
<line>*</line></par>
</text>
</block>
<block><region><rect/></region>
<text>
<par>
<line>O</line></par>
</text>
</block>
<block><region><rect/></region>
<text>
<par/>
</text>
</block>
<block><region><rect/><rect/><rect/></region>
<text>
<par>
<line>»</line></par>
</text>
</block>
<block><region><rect/></region>
<text>
<par>
<line>O</line></par>
</text>
</block>
<block><region><rect/></region>
<text>
<par>
<line>O</line></par>
</text>
</block>
<block><region><rect/></region>
<text>
<par>
<line>À.</line></par>
</text>
</block>
<block><region><rect/></region>
<text>
<par>
<line>N</line></par>
</text>
</block>
<block><region><rect/></region>
<text>
<par>
<line>100</line></par>
</text>
</block>
<block><region><rect/></region>
<text>
<par>
<line>200 mètres</line></par>
</text>
</block>






















<block blockType="Picture" blockName="" l="385" t="2397" r="520" b="2452"><region><rect/></region>
</block>
</page>
<page width="2487" height="3520" resolution="301">
<block><region><rect/></region>
<text>
<par>
<line>O Orientation d’aménagement : Sud de Rouvroy village</line></par>
</text>
</block>
<block><region><rect/></region>
<text>
<par>
<line>Les orientations d’aménagement se composent d’un schéma et d’un texte qui, de manière</line>
<line>complémentaire, expose les principes avec lesquels l’aménagement de la zone devra être</line>
<line>compatible.</line></par>
<par>
<line>L’ensemble de ces orientations doit être compatible avec le Projet d’Aménagement et de</line>
<line>Développement Durable.</line></par>
<par>
<line>Les opérations d’aménagement sur ce secteur doivent être cohérentes avec les orientations</line>
<line>d’aménagement ; elles doivent respecter les principes d’aménagements définis par le présent</line>
<line>document.</line></par>
</text>
</block>
<block><region><rect/></region>
<text>
<par>
<line>1. Localisation</line></par>
<par>
<line>Le secteur étudié se situe au sud de Rouvroy Village.</line></par>
<par>
<line>Le secteur présente une surface hectares environ, classés en zone lAU du PLU</line>
<line>opposable. Cette zone est destinée à accueillir une urbanisation future de la commune.</line></par>
<par>
<line>2. Objectifs et enjeux d’aménagement du site</line></par>
<par>
<line>Les terrains classés au sein de cette zone permettent à la commune d’atteindre un des</line>
<line>objectifs qu’elle s’est fixée, c'est-à-dire de conforter le pôle de vie villageois. Ainsi,</line>
<line>l’aménagement de la zone permettra de créer un lieu de rencontre.</line></par>
<par>
<line>Les enjeux d’intégrations (tout en terme de fonctionnement qu’en terme paysager) à</line>
<line>Rouvroy sont importants afin de contribuer à un développement harmonieux et durable de la</line>
<line>commune.</line></par>
<par>
<line>3. Principes d’aménagement</line></par>
<par>
<line>Le secteur composé actuellement de champs, nécessite une structure de la voirie, la</line>
<line>constitution d’un espace public lisible et bien dimensionné ainsi que son équipement par les</line>
<line>réseaux.</line></par>
<par>
<line>3.1Voirie</line></par>
<par>
<line>&gt; Voirie principale</line></par>
<par>
<line>Afin de créer un maillage cohérent et de permettre la greffe de la nouvelle zone à</line>
<line>urbaniser sur le tissu urbain existant, la desserte de la zone se fera par l’intermédiaire des</line>
<line>accès principaux figurant sur la carte ci-après.</line></par>
<par>
<line>Cette voie principale constituera l’épine dorsale de la zone.</line></par>
<par>
<line>La desserte se fera à paitir à partir de deux point d’accès dont l’un sera le</line>
<line>prolongement de la voirie du lotissement créer au nord, et l’autre sera créer, comme indiqué</line>
<line>au schéma d’aménagement présenté ci-après.</line></par>
<par>
<line>Les caractéristiques principales de cette rue principale doivent être compatibles avec :</line></par>
</text>
</block>






</page>
<page width="2479" height="3508" resolution="300">
<block><region><rect/></region>
<text>
<par>
<line>une circulation automobile à double sens</line></par>
<par>
<line>une circulation confortable et sécurisé des cycles, des piétons des deux côtés de la</line>
<line>chaussée</line></par>
<par>
<line>un traitement au sol et paysager de qualité (aménagement paysager, arbres, haie)</line></par>
<par>
<line>Le gabai'it de la voie restera limité, cette voie devant rester urbaine et non routière, et</line>
<line>assurer une desserte interne et non de transit.</line></par>
<par>
<line>&gt; Voirie secondaire</line></par>
<par>
<line>Les rues secondaires pourront s’y raccrocher sur la me principale en fonction de la</line>
<line>densité des futures constmctions. La voirie secondaire répondra à une desserte résidentielle.</line>
<line>Elle aura par conséquent une emprise totale minimum plus limitée.</line></par>
<par>
<line>Les caractéristiques de cette voie doit être compatible avec :</line>
<line>une circulation de desserte strictement locale</line></par>
<par>
<line>une circulation prioritaire, confortable et sécurisé des piétons et des cycles</line></par>
<par>
<line>3.2 Le béguinage</line></par>
<par>
<line>Un espace sera réservé, comme indiqué au schéma d’aménagement présenté ci-après, afin</line>
<line>d’accueillir un béguinage.</line></par>
<par>
<line>3.3 Espaces communes</line></par>
<par>
<line>Des espaces communes devront être réalisés au sein de la zone et être adaptés en fonction</line>
<line>des besoins de la commune (placette)</line></par>
<par>
<line>Leur vocation est de constituer un véritable lieu de vie et de rencontre.</line></par>
<par>
<line>3.4 La gestion des eaux pluviales.</line></par>
<par>
<line>Elle devra être intégrée par plusieurs espaces de tamponnement qu’il faudra aménager</line>
<line>(tant en superficie qu’en exhaussement) en fonction des surfaces imperméabilisées de la zone</line>
<line>à urbaniser.</line></par>
<par>
<line>3.5 Intégration paysagère.</line></par>
<par>
<line>L’intégration paysagère doit être prise en compte, compte tenu de la qualité paysagère du</line>
<line>village (protection des haies, transition entre zone urbaine et zone naturelle).</line></par>
</text>
</block>




</page>
<page width="4963" height="3508" resolution="300">
<block><region><rect/></region>
<text orientation="RotatedCounterclockwise">
<par>
<line>[ys| | /&lt;&gt;*ï// w \</line></par>
</text>
</block>
<block><region><rect/></region>
<text>
<par>
<line>Rouvroy</line></par>
<par>
<line>Extension de l'urbanisation</line>
<line>au sud de Rouvroy village</line></par>
</text>
</block>
<block><region><rect/></region>
<text>
<par/>
</text>
</block>
<block><region><rect/></region>
<text>
<par/>
</text>
</block>
<block><region><rect/></region>
<text>
<par/>
</text>
</block>
<block><region><rect/></region>
<text>
<par>
<line>mm</line></par>
</text>
</block>
<block><region><rect/></region>
<text>
<par/>
</text>
</block>
<block><region><rect/></region>
<text>
<par>
<line>: mn</line></par>
</text>
</block>
<block><region><rect/></region>
<text>
<par>
<line>♦</line></par>
</text>
</block>
<block><region><rect/></region>
<text>
<par/>
</text>
</block>
<block><region><rect/></region>
<text>
<par>
<line>♦</line></par>
</text>
</block>
<block><region><rect/></region>
<text>
<par>
<line>♦</line></par>
</text>
</block>
<block><region><rect/></region>
<text>
<par>
<line>♦</line></par>
</text>
</block>
<block><region><rect/></region>
<text>
<par>
<line>♦</line></par>
</text>
</block>
<block><region><rect/></region>
<text>
<par>
<line>♦</line></par>
</text>
</block>
<block><region><rect/></region>
<text>
<par>
<line>♦</line></par>
</text>
</block>
<block><region><rect/></region>
<text>
<par>
<line>♦</line></par>
</text>
</block>
<block><region><rect/></region>
<text>
<par>
<line>♦</line></par>
</text>
</block>
<block><region><rect/></region>
<text>
<par>
<line>♦</line></par>
</text>
</block>
<block><region><rect/></region>
<text>
<par>
<line>♦</line></par>
</text>
</block>
<block><region><rect/></region>
<text>
<par>
<line>♦</line></par>
</text>
</block>
<block><region><rect/></region>
<text>
<par>
<line>♦</line></par>
</text>
</block>
<block><region><rect/></region>
<text>
<par/>
</text>
</block>
<block><region><rect/></region>
<text>
<par>
<line>♦</line></par>
</text>
</block>
<block><region><rect/></region>
<text>
<par>
<line>♦</line></par>
</text>
</block>
<block><region><rect/></region>
<text>
<par>
<line>♦</line></par>
</text>
</block>
<block><region><rect/></region>
<text>
<par/>
</text>
</block>
<block><region><rect/></region>
<text>
<par>
<line>♦</line></par>
</text>
</block>
<block><region><rect/></region>
<text>
<par>
<line>♦</line></par>
</text>
</block>
<block><region><rect/></region>
<text>
<par>
<line>♦</line></par>
</text>
</block>
<block><region><rect/></region>
<text>
<par>
<line>♦</line></par>
</text>
</block>
<block><region><rect/></region>
<text>
<par/>
</text>
</block>
<block><region><rect/></region>
<text>
<par>
<line>U</line></par>
</text>
</block>
<block><region><rect/></region>
<text>
<par>
<line>%</line></par>
</text>
</block>
<block><region><rect/></region>
<text>
<par/>
</text>
</block>
<block><region><rect/></region>
<text>
<par>
<line>%</line></par>
</text>
</block>
<block><region><rect/></region>
<text>
<par>
<line>0</line></par>
</text>
</block>
<block><region><rect/></region>
<text>
<par/>
</text>
</block>
<block><region><rect/></region>
<text>
<par/>
</text>
</block>
<block><region><rect/></region>
<text>
<par>
<line>50</line></par>
</text>
</block>
<block><region><rect/></region>
<text>
<par>
<line>100</line></par>
</text>
</block>
<block><region><rect/></region>
<text>
<par>
<line>200</line></par>
</text>
</block>
<block><region><rect/></region>
<text>
<par>
<line>mètres</line></par>
</text>
</block>
<block><region><rect/></region>
<text>
<par/>
</text>
</block>
<block><region><rect/></region>
<text>
<par>
<line>Légende</line></par>
<par>
<line>Périmètre d'aménagement</line></par>
<par>
<line>Accès principal à la zone</line></par>
<par>
<line>Voirie principale à créer</line></par>
<par>
<line>Voirie secondaire à créer</line>
<line>Permettant un bouclage de voirie</line></par>
</text>
</block>
<block><region><rect/></region>
<text>
<par>
<line>&lt;</line></par>
</text>
</block>
<block><region><rect/></region>
<text>
<par>
<line>Cheminement doux</line></par>
<par>
<line>Fonds de jardins assurant une</line>
<line>bonne transition entre l'espace</line>
<line>bâti et le milieu naturel</line></par>
<par>
<line>Espace végétalisé</line></par>
<par>
<line>Tamponnement des eaux pluviales</line></par>
<par>
<line>Fenêtre à conserver</line></par>
<par>
<line>Béguinage</line></par>
</text>
</block>
































































<block blockType="Picture" blockName="" l="1237" t="1109" r="1311" b="1317"><region><rect/></region>
</block>
<block blockType="Picture" blockName="" l="3508" t="1924" r="3657" b="2009"><region><rect/></region>
</block>
<block blockType="Picture" blockName="" l="3508" t="2850" r="3655" b="2933"><region><rect/></region>
</block>
</page>
</OAP>