<?xml version="1.0" encoding="UTF-8"?><OAP>
<page width="3508" height="2480" resolution="300">
<block><region><rect/></region>
<text>
<par>
<line>PLAN LOCAL D'URBANISME</line></par>
</text>
</block>
<block><region><rect/></region>
<text>
<par>
<line>3</line></par>
<par>
<line>ORIENTATIONS</line>
<line>D'AMENAGEMENT</line>
<line>ET DE</line></par>
<par>
<line>PROGRAMMATION</line></par>
</text>
</block>
<block><region><rect/></region>
<text>
<par>
<line>Commune des</line>
<line>ANCIZES-COMPS (63)</line></par>
</text>
</block>
<block><region><rect/></region>
<text>
<par>
<line>us /i:HùZ€S</line></par>
<par>
<line>C 0 M P s</line></par>
</text>
</block>
<block><region><rect/></region>
<text>
<par/>
</text>
</block>
<block><region><rect/></region>
<text>
<par/>
</text>
</block>
<block><region><rect/></region>
<text>
<par>
<line>&gt;«*■■ 'm</line></par>
</text>
</block>
<block><region><rect/></region>
<text>
<par>
<line>Plan local d'urbanisme :</line></par>
<par>
<line>Mise en révision du POS par délibération du Conseil Municipal du 21 novembre 2008</line>
<line>Arrêt du PLU par délibération du Conseil municipal du 31 Janvier 2017</line></par>
<par>
<line>Approbation du PLU par délibération du Conseil municipal du 19 Décembre 2017</line></par>
<par>
<line>Vu pour être annexé à la délibération du Conseii Municipai en du 19 Décembre 2017</line></par>
</text>
</block>
<block><region><rect/></region>
<text>
<par>
<line>ATELIER</line>
<line>D ARCHITECTURE</line>
<line>&amp;D’URBANISME</line>
<line>BAUTIER-RANOUX</line></par>
<par>
<line>32 RUE AMADEO</line>
<line>63000 CLERMONT-FERRAMD</line>
<line>[éléphone 04 73 37 99 25</line>
<line>télécopie 0473371027</line>
<line>bâutier-ia[i(^-arch@vtâ[^âdoo.lT</line></par>
</text>
</block>
<block><region><rect/></region>
<text>
<par>
<line>Réalités</line></par>
<par>
<line>&amp;&lt;jr«ou</line></par>
</text>
</block>
<block><region><rect/></region>
<text>
<par>
<line>Bureau d’etudes REALITES</line></par>
<par>
<line>34, Rue Georges Fiasse</line></par>
<par>
<line>42300 Roanne</line></par>
</text>
</block>
<block><region><rect/></region>
<text>
<par>
<line>B</line></par>
</text>
</block>
<block><region><rect/></region>
<text>
<par>
<line>0 iSl</line></par>
<par>
<line>NSIGHT</line></par>
</text>
</block>
<block><region><rect/></region>
<text>
<par>
<line>Tel ; 04 7/' 67 æ 06 - Fax : 04 7723 01 8S</line></par>
<par>
<line>E-mo il : urbQ rilsme@reQ 1 Ites-be.fr www, reo lites-be .fr</line></par>
</text>
</block>
<block><region><rect/></region>
<text>
<par>
<line>Référence : 41048</line></par>
</text>
</block>


















<block blockType="Picture" blockName="" l="3074" t="864" r="3231" b="901"><region><rect/></region>
</block>
<block blockType="Picture" blockName="" l="2148" t="1098" r="2493" b="1173"><region><rect/></region>
</block>
<block blockType="Picture" blockName="" l="1665" t="1320" r="1864" b="1364"><region><rect/></region>
</block>
<block blockType="Picture" blockName="" l="218" t="64" r="405" b="251"><region><rect/></region>
</block>
<block blockType="Picture" blockName="" l="522" t="154" r="680" b="313"><region><rect/></region>
</block>
<block blockType="Picture" blockName="" l="3153" t="2082" r="3293" b="2220"><region><rect/></region>
</block>
<block blockType="Picture" blockName="" l="703" t="140" r="797" b="233"><region><rect/></region>
</block>
<block blockType="Picture" blockName="" l="2765" t="2166" r="2840" b="2243"><region><rect/></region>
</block>
<block blockType="Picture" blockName="" l="847" t="154" r="911" b="218"><region><rect/></region>
</block>
<block blockType="Picture" blockName="" l="1785" t="2107" r="1842" b="2171"><region><rect/></region>
</block>
</page>
<page width="3508" height="2480" resolution="300">
</page>
<page width="3508" height="2480" resolution="300">
<block><region><rect/></region>
<text>
<par>
<line>LES-ANCIZES-COMPS - PLU</line></par>
</text>
</block>
<block><region><rect/></region>
<text>
<par>
<line>PREAMBULE</line></par>
</text>
</block>
<block><region><rect/></region>
<text>
<par>
<line>Rappel sur les Orientations d'Aménagement et de Programmation (OAP)</line></par>
<par>
<line>Les Orientations d'Aménagement et de Programmation sont définies en cohérence avec le Projet d'Aménagement et de Développement Durables. Ce document peut traduire des projets</line>
<line>portant sur l'aménagement, l'habitat, les transports et déplacements.</line></par>
<par>
<line>Elles sont plus précisément définies par l'article L151-7 du code de l'urbanisme. Il précise notamment que les OAP peuvent être définies « pour mettre en valeur l'environnement,</line>
<line>notamment les continuités écologiques, les paysages, les entrées de villes et le patrimoine, lutter contre l'insalubrité, permettre le renouvellement urbain et assurer le développement de la</line>
<line>commune. Elles peuvent favoriser la mixité fonctionnelle en prévoyant qu'en cas de réalisation d'opérations d'aménagement, de construction ou de réhabilitation, un pourcentage de ces</line>
<line>opérations est destiné à la réalisation de commerces. Elles peuvent comporter un échéancier prévisionnel de l'ouverture à l'urbanisation des zones à urbaniser et de la réalisation des</line>
<line>équipements correspondants. Elles peuvent porter sur des quartiers ou des secteurs à mettre en valeur, réhabiliter, restructurer ou aménager. Elles peuvent prendre la forme de schémas</line>
<line>d'aménagement et préciser les principales caractéristiques des voies et espaces publics... »</line></par>
<par>
<line>Ces orientations d'aménagement et de programmation sont opposables aux autorisations d'urbanisme comme le zonage et le règlement, mais uniquement en terme de compatibilité (et</line>
<line>non de conformité), c'est-à-dire qu'il faut rester dans l'esprit.</line></par>
<par>
<line>Elles se présentent sous la forme d'orientations détaillées pour chaque secteur, accompagnées de schéma graphique traduisant concrètement le projet d'aménagement.</line></par>
<par>
<line>Des orientations d'aménagement et de programmation ont été réalisées pour les secteurs suivants :</line></par>
<par>
<line>Pré de l'Etang</line>
<line>Le Boucheix</line>
<line>Les Jarrasses</line>
<line>La rue du Chauffier</line>
<line>Côte Marchand</line>
<line>Milieu du Champs</line>
<line>Comps 1</line>
<line>Comps 2</line></par>
<par>
<line>La zone industrielle</line></par>
</text>
</block>
<block><region><rect/></region>
<text>
<par>
<line>Bureau d'études REALITES 34 Rue Georges Fiasse - 42300 Roanne Tél : 04 77 67 83 06 - Fax : 04 77 23 0185 E-mail : urbanisme@realites-be.fr</line></par>
</text>
</block>
<block><region><rect/></region>
<text>
<par>
<line>2</line></par>
</text>
</block>


</page>
<page width="3508" height="2480" resolution="300">
<block><region><rect/></region>
<text>
<par>
<line>LES-ANCIZES-COMPS - PLU</line></par>
</text>
</block>
<block><region><rect/></region>
<text>
<par>
<line>ECHEANCIER</line></par>
</text>
</block>
<block blockType="Table" blockName="" l="442" t="549" r="3066" b="2087"><region><rect/></region>
<row>
<cell width="407" height="193">
<text>
<par>
<line>Secteurs</line></par>
</text></cell>
<cell width="738" height="193">
<text>
<par>
<line>ZoneslAU</line></par>
</text></cell>
<cell width="739" height="193">
<text>
<par>
<line>Zones 2ALI</line></par>
</text></cell>
<cell width="740" height="193">
<text>
<par>
<line>Zones SAU</line></par>
</text></cell></row>
<row>
<cell width="407" height="561">
<text>
<par>
<line>Le bourg</line></par>
</text></cell>
<cell width="738" height="561">
<text>
<par>
<line>Zones lAUg</line></par>
<par>
<line>Ouverture immédiate à l'urbanisation</line></par>
</text></cell>
<cell width="739" height="561">
<text>
<par>
<line>Zone 2AUg - Pré de l'Etang</line>
<line>Ouverture immédiate à l'urbanisation</line>
<line>lorsque 50% de la zone lAUg située</line>
<line>dans le périmètre d'OAP sera réalisée.</line></par>
<par>
<line>Zone 2AUg - Le Boucheix</line>
<line>Ouverture immédiate à l'urbanisation</line>
<line>lorsque 50% de la zone Ug située dans le</line>
<line>périmètre d'OAP sera réalisée.</line></par>
</text></cell>
<cell width="740" height="561">
<text>
<par>
<line>Zone 3AUg</line></par>
<par>
<line>Ouverture à l'urbanisation lorsque 50%</line>
<line>des zones 2AUg seront réalisées</line></par>
</text></cell></row>
<row>
<cell width="407" height="307">
<text>
<par>
<line>Les Jarrasses</line></par>
</text></cell>
<cell width="738" height="307">
<text>
<par>
<line>/</line></par>
</text></cell>
<cell width="739" height="307">
<text>
<par>
<line>Zones 2AUg</line></par>
<par>
<line>Ouverture immédiate à l'urbanisation</line>
<line>lorsque 50% des zones lAUg présentes</line>
<line>sur le bourg seront réalisées.</line></par>
</text></cell>
<cell width="740" height="307">
<text>
<par>
<line>/</line></par>
</text></cell></row>
<row>
<cell width="407" height="219">
<text>
<par>
<line>Comps</line></par>
</text></cell>
<cell width="738" height="219">
<text>
<par>
<line>Zone lAUc</line></par>
<par>
<line>Ouverture immédiate à l'urbanisation</line></par>
</text></cell>
<cell width="739" height="219">
<text>
<par>
<line>Zone 2AUc</line></par>
<par>
<line>Ouverture immédiate à l'urbanisation</line>
<line>lorsque 50% la zone lAUc sera réalisée.</line></par>
</text></cell>
<cell width="740" height="219">
<text>
<par>
<line>/</line></par>
</text></cell></row>
<row>
<cell width="407" height="258">
<text>
<par>
<line>Zone industrielle</line></par>
</text></cell>
<cell width="738" height="258">
<text>
<par>
<line>Zones lAUj et lAUi</line></par>
<par>
<line>Ouverture immédiate à l'urbanisation</line></par>
</text></cell>
<cell width="739" height="258">
<text>
<par>
<line>Zone 2AUj</line></par>
<par>
<line>Ouverture à l'urbanisation lorsque 50%</line>
<line>de l'ensemble de la zone lAUj sera</line>
<line>aménagé.</line></par>
</text></cell>
<cell width="740" height="258">
<text>
<par/>
</text></cell></row>
</block>
<block><region><rect/></region>
<text>
<par>
<line>Bureau d'études REALITES 34 Rue Georges Plasse - 42300 Roanne Tél : 04 77 67 83 06 - Fax : 04 77 23 0185 E-mail : urbanisme@realites-be.fr</line></par>
</text>
</block>
<block><region><rect/></region>
<text>
<par>
<line>3</line></par>
</text>
</block>









</page>
<page width="3508" height="2480" resolution="300">
<block><region><rect/></region>
<text>
<par>
<line>LES-ANCIZES-COMPS - PLU</line></par>
</text>
</block>
<block><region><rect/></region>
<text>
<par>
<line>PRE DE l'Etang</line></par>
</text>
</block>
<block><region><rect/></region>
<text>
<par>
<line>Descriptif :</line></par>
<par>
<line>Secteur stratégique situé dans le prolongement du centre bourg</line></par>
<par>
<line>Zones lAUg et 2AUg</line></par>
<par>
<line>Superficie : 4.3 ha</line></par>
</text>
<text>
<par>
<line>Objectifs :</line></par>
<par>
<line>Envisager une opération urbaine en continuité du centre bourg, secteur stratégique</line>
<line>pour permettre une offre de logement alternatif au logement individuel</line></par>
<par>
<line>Principes de composition :</line></par>
<par>
<line>Desserte et déplacement:</line></par>
<par>
<line>La distribution sera organisée à partir de la rue de la Chartreuse, au bord de laquelle</line>
<line>on privilégiera les formes bâties les plus denses et structurantes pour la rue.</line></par>
<par>
<line>Une voie (ou chemin) en bordure Ouest, en aval, se superposera avec la collecte des</line>
<line>eaux usées, tout en assurant le bouclage des voies de distribution internes.</line></par>
<par>
<line>Condition d'ouverture de la zone lAUg :</line></par>
<par>
<line>Ouverture sous forme d'une opération d'aménagement d'ensemble pouvant être</line>
<line>réalisée en plusieurs tranches.</line></par>
<par>
<line>Condition d'ouverture de la zone 2AUg :</line></par>
<par>
<line>Ouverture à l'urbanisation lorsqu'au moins 50% de l'urbanisation de la zone lAUg</line>
<line>située en continuité Nord sera réalisée.</line></par>
<par>
<line>Ouverture sous forme d'une opération d'aménagement d'ensemble pouvant être</line>
<line>réalisée en plusieurs tranches.</line></par>
<par>
<line>Composition urbaine des zones lAUg et 2AUg :</line></par>
<par>
<line>A vocation principale d'habitat, il s'agira toutefois de permettre le développement</line>
<line>d'une certaine mixité urbaine (activités tertiaires, commerces,...).</line></par>
<par>
<line>Pour la partie dédiée à l'habitat, il s'agira de s'orienter vers une densité de l'ordre de</line>
<line>20 logements à l'hectare minimum.</line></par>
<par>
<line>Réaliser au moins 50% sous forme de logements groupés ou intermédiaires.</line></par>
<par>
<line>Réaliser au moins 20% du total des opérations sous forme de logements locatifs aidés.</line></par>
</text>
</block>
<block><region><rect/></region>
<text>
<par>
<line>LEGENDE</line></par>
</text>
</block>
<block><region><rect/></region>
<text>
<par>
<line>Perimetre de I OAP</line></par>
</text>
</block>
<block><region><rect/></region>
<text>
<par>
<line>U</line></par>
</text>
</block>
<block><region><rect/></region>
<text>
<par>
<line>Placette</line></par>
</text>
</block>
<block><region><rect/></region>
<text>
<par>
<line>d</line></par>
</text>
</block>
<block><region><rect/></region>
<text>
<par>
<line>O</line></par>
</text>
</block>
<block><region><rect/></region>
<text>
<par>
<line>O</line></par>
</text>
</block>
<block><region><rect/></region>
<text>
<par/>
</text>
</block>
<block><region><rect/></region>
<text>
<par>
<line>432</line></par>
</text>
</block>
<block><region><rect/></region>
<text>
<par>
<line>m</line></par>
</text>
</block>
<block><region><rect/></region>
<text>
<par/>
</text>
</block>
<block><region><rect/></region>
<text>
<par/>
</text>
</block>
<block><region><rect/></region>
<text>
<par/>
</text>
</block>
<block><region><rect/></region>
<text>
<par/>
</text>
</block>
<block><region><rect/></region>
<text>
<par/>
</text>
</block>
<block><region><rect/></region>
<text>
<par>
<line>18»</line></par>
</text>
</block>
<block><region><rect/></region>
<text>
<par>
<line>m</line></par>
</text>
</block>
<block><region><rect/></region>
<text>
<par/>
</text>
</block>
<block><region><rect/></region>
<text>
<par/>
</text>
</block>
<block><region><rect/></region>
<text>
<par>
<line>•</line></par>
</text>
</block>
<block><region><rect/></region>
<text>
<par>
<line>5 lAUg</line></par>
</text>
</block>
<block><region><rect/></region>
<text>
<par/>
</text>
</block>
<block><region><rect/></region>
<text>
<par/>
</text>
</block>
<block><region><rect/></region>
<text>
<par>
<line>gr-®</line></par>
</text>
</block>
<block><region><rect/></region>
<text>
<par/>
</text>
</block>
<block><region><rect/></region>
<text>
<par/>
</text>
</block>
<block><region><rect/></region>
<text>
<par>
<line>7- ^</line></par>
</text>
</block>
<block><region><rect/></region>
<text>
<par/>
</text>
</block>
<block><region><rect/></region>
<text>
<par/>
</text>
</block>
<block><region><rect/></region>
<text>
<par/>
</text>
</block>
<block><region><rect/></region>
<text>
<par>
<line>h</line></par>
</text>
</block>
<block><region><rect/></region>
<text>
<par>
<line>i.</line></par>
</text>
</block>
<block><region><rect/></region>
<text>
<par>
<line>2AUg</line></par>
</text>
</block>
<block><region><rect/></region>
<text>
<par/>
</text>
</block>
<block><region><rect/></region>
<text>
<par>
<line>TM</line></par>
</text>
</block>
<block><region><rect/></region>
<text>
<par/>
</text>
</block>
<block><region><rect/></region>
<text>
<par/>
</text>
</block>
<block><region><rect/></region>
<text>
<par>
<line>à</line></par>
</text>
</block>
<block><region><rect/></region>
<text>
<par>
<line>*8</line></par>
</text>
</block>
<block><region><rect/></region>
<text>
<par>
<line>CT</line></par>
</text>
</block>
<block><region><rect/></region>
<text>
<par/>
</text>
</block>
<block><region><rect/></region>
<text>
<par>
<line>O</line></par>
</text>
</block>
<block><region><rect/></region>
<text>
<par>
<line>&lt;?</line></par>
</text>
</block>
<block><region><rect/></region>
<text>
<par>
<line>%</line></par>
</text>
</block>
<block><region><rect/></region>
<text>
<par/>
</text>
</block>
<block><region><rect/></region>
<text>
<par>
<line>A T e t, I e R</line>
<line>D'AircHiTecTijiîï</line>
<line>tO-IJIîîANISWÎ</line>
<line>BAUTIER'RANOU);</line></par>
</text>
</block>
<block><region><rect/></region>
<text>
<par>
<line>gk</line></par>
</text>
</block>
<block><region><rect/></region>
<text>
<par>
<line>32 RirS AW,A0tQ</line>
<line>rAlèOhdn»</line></par>
<par>
<line>1Ü440P.* aJn&gt;TliîT</line></par>
<par>
<line>J J t&amp;UJ EXliit</line></par>
</text>
</block>
<block><region><rect/></region>
<text>
<par/>
</text>
</block>
<block><region><rect/></region>
<text>
<par/>
</text>
</block>
<block><region><rect/></region>
<text>
<par>
<line>fei</line></par>
</text>
</block>
<block><region><rect/></region>
<text>
<par>
<line>Û:</line></par>
</text>
</block>
<block><region><rect/></region>
<text>
<par>
<line>lOOm</line></par>
</text>
</block>
<block><region><rect/></region>
<text>
<par>
<line>Bureau d'études REALITES 34 Rue Georges Fiasse - 42300 Roanne Tél : 04 77 67 83 06 - Fax : 04 77 23 0185 E-mail : urbanisme@realites-be.fr</line></par>
</text>
</block>
<block><region><rect/></region>
<text>
<par>
<line>4</line></par>
</text>
</block>






























<block blockType="Picture" blockName="" l="2114" t="1488" r="2163" b="1601"><region><rect/></region>
</block>
<block blockType="Picture" blockName="" l="2327" t="947" r="2473" b="1039"><region><rect/></region>
</block>
<block blockType="Picture" blockName="" l="1803" t="482" r="3419" b="2282"><region><rect/></region>
</block>
<block blockType="Picture" blockName="" l="3263" t="2195" r="3329" b="2243"><region><rect/></region>
</block>
</page>
<page width="3508" height="2480" resolution="300">
<block><region><rect/></region>
<text>
<par>
<line>LES-ANCIZES-COMPS - PLU</line></par>
</text>
</block>
<block><region><rect/></region>
<text>
<par>
<line>Le Boucheix</line></par>
</text>
</block>
<block><region><rect/></region>
<text>
<par>
<line>Descriptif :</line></par>
<par>
<line>Secteur situé en cœur d'îlot, entre le bourg et le Boucheix</line>
<line>Zones Ug et lAUg</line>
<line>Superficie : 3 ha</line></par>
<par>
<line>Objectifs :</line></par>
<par>
<line>Densifier le cœur d'îlot, et restructurer l'organisation de l'enveloppement</line>
<line>urbaine du bourg</line></par>
<par>
<line>Répondre aux objectifs de densification du bourg des Ancizes</line></par>
<par>
<line>Principes de composition :</line></par>
<par>
<line>Desserte et déplacement :</line></par>
<par>
<line>Une voie (ou chemin) en bordure Ouest, en aval, se superposera avec la</line>
<line>collecte des eaux usées, tout en assurant le bouclage des voies de distribution</line>
<line>internes.</line></par>
<par>
<line>Condition d'ouverture de la zone 2AUg :</line></par>
<par>
<line>Ouverture à l'urbanisation lorsqu'au moins 50% de l'urbanisation de la</line>
<line>portion classée en zone Ug à l'Ouest sera réalisée.</line></par>
<par>
<line>Ouverture sous forme d'une opération d'aménagement d'ensemble pouvant</line>
<line>être réalisée en plusieurs tranches.</line></par>
<par>
<line>Composition urbaine des zones Ug et 2AUg :</line></par>
<par>
<line>A vocation principale d'habitat.</line></par>
<par>
<line>Toute opération devra s'inscrire dans une densité de l'ordre de 18 logements</line>
<line>à l'hectare minimum.</line></par>
<par>
<line>Permettre une mixité des types et des statuts d'habitat, avec la réalisation</line>
<line>d'au minimum 50% de logements groupés (mitoyens ou en bande) sur la zone</line>
<line>2AUg.</line></par>
</text>
</block>
<block blockType="Table" blockName="" l="1669" t="438" r="2208" b="796"><region><rect/></region>
<row>
<cell rightBorder="White" bottomBorder="White" width="177" height="72">
<text>
<par>
<line>LEGENDE:</line></par>
</text></cell>
<cell leftBorder="White" rightBorder="White" bottomBorder="White" width="362" height="72">
<text>
<par/>
</text></cell></row>
<row>
<cell topBorder="White" rightBorder="White" bottomBorder="White" width="177" height="93">
<text>
<par/>
</text></cell>
<cell leftBorder="White" topBorder="White" rightBorder="White" bottomBorder="White" width="362" height="93">
<text>
<par>
<line>Périmètre de l’OAP</line></par>
</text></cell></row>
<row>
<cell topBorder="White" rightBorder="White" bottomBorder="White" width="177" height="92">
<text>
<par>
<line>■ ■ 1</line></par>
</text></cell>
<cell leftBorder="White" topBorder="White" rightBorder="White" bottomBorder="White" width="362" height="92">
<text>
<par>
<line>Principe d’organisation</line>
<line>du réseau routier</line></par>
</text></cell></row>
<row>
<cell colSpan="2" topBorder="White" rightBorder="White" bottomBorder="White" width="539" height="101">
<text>
<par>
<line>Haies à préserver</line></par>
</text></cell></row>
</block>
<block><region><rect/></region>
<text>
<par>
<line>P »</line></par>
</text>
</block>
<block><region><rect/></region>
<text>
<par>
<line>U</line></par>
</text>
</block>
<block><region><rect/></region>
<text>
<par/>
</text>
</block>
<block><region><rect/></region>
<text>
<par>
<line>¥ I</line></par>
</text>
</block>
<block><region><rect/></region>
<text>
<par>
<line>S.</line></par>
</text>
</block>
<block><region><rect/></region>
<text>
<par>
<line>a</line></par>
</text>
</block>
<block><region><rect/></region>
<text>
<par>
<line>* ««</line></par>
</text>
</block>
<block><region><rect/></region>
<text>
<par>
<line>%</line></par>
</text>
</block>
<block><region><rect/></region>
<text>
<par/>
</text>
</block>
<block><region><rect/></region>
<text>
<par>
<line>TT</line></par>
</text>
</block>
<block><region><rect/></region>
<text>
<par>
<line>2AUg</line></par>
</text>
</block>
<block><region><rect/></region>
<text>
<par/>
</text>
</block>
<block><region><rect/></region>
<text>
<par/>
</text>
</block>
<block><region><rect/></region>
<text>
<par>
<line>K</line></par>
</text>
</block>
<block><region><rect/></region>
<text>
<par/>
</text>
</block>
<block><region><rect/></region>
<text>
<par>
<line>Ug</line></par>
</text>
</block>
<block><region><rect/></region>
<text>
<par/>
</text>
</block>
<block><region><rect/></region>
<text>
<par>
<line>O</line></par>
</text>
</block>
<block><region><rect/></region>
<text>
<par/>
</text>
</block>
<block><region><rect/></region>
<text>
<par/>
</text>
</block>
<block><region><rect/></region>
<text>
<par>
<line>k</line></par>
</text>
</block>
<block><region><rect/></region>
<text>
<par/>
</text>
</block>
<block><region><rect/></region>
<text>
<par/>
</text>
</block>
<block><region><rect/></region>
<text>
<par>
<line>A T e L I e R</line>
<line>D'AirCHITeCTURS</line>
<line>t. D ■ U « î A N I s W î</line>
<line>BAUTIER'RAMOU);</line></par>
</text>
</block>
<block><region><rect/></region>
<text>
<par>
<line>O</line></par>
</text>
</block>
<block><region><rect/></region>
<text>
<par>
<line>32 R LIS AMAOtQ</line>
<line>rAlèphdn» (JJ 7^.37</line></par>
<par>
<line>hilÂJKI t&amp;UJ EXliit</line></par>
</text>
</block>
<block><region><rect/></region>
<text>
<par>
<line>T ■“ / .</line></par>
</text>
</block>
<block><region><rect/></region>
<text>
<par/>
</text>
</block>
<block><region><rect/></region>
<text>
<par>
<line>sont! .</line></par>
</text>
</block>
<block><region><rect/></region>
<text>
<par>
<line>//</line></par>
</text>
</block>
<block><region><rect/></region>
<text>
<par/>
</text>
</block>
<block><region><rect/></region>
<text>
<par>
<line>Bureau d'études REALITES 34 Rue Georges Plasse - 42300 Roanne Tél : 04 77 67 83 06 - Fax : 04 77 23 0185 E-mail : urbanisme@realites-be.fr</line></par>
</text>
</block>
<block><region><rect/></region>
<text>
<par>
<line>5</line></par>
</text>
</block>





















































<block blockType="Picture" blockName="" l="2810" t="2000" r="2907" b="2060"><region><rect/></region>
</block>
</page>
<page width="3508" height="2480" resolution="300">
<block><region><rect/></region>
<text>
<par>
<line>LES-ANCIZES-COMPS - PLU</line></par>
</text>
</block>
<block><region><rect/></region>
<text>
<par>
<line>Les Jarasses</line></par>
</text>
</block>
<block><region><rect/></region>
<text>
<par>
<line>Descriptif :</line></par>
</text>
</block>
<block><region><rect/><rect/></region>
<text>
<par>
<line>Quartier des Jarrasses</line>
<line>Zones 2AUg</line>
<line>Superficie : 1.52 ha</line></par>
<par>
<line>Objectifs :</line></par>
<par>
<line>Tenter « d'épaissir » l'enveloppe urbaine sur le secteur d'extension</line>
<line>immédiate du centre bourg</line></par>
<par>
<line>Aménager un secteur aujourd'hui entièrement desservi par les réseaux</line></par>
<par>
<line>Principes de composition :</line></par>
<par>
<line>Condition d'ouverture de la zone :</line></par>
<par>
<line>Ouverture sous forme d'une opération d'aménagement d'ensemble</line>
<line>pouvant se réaliser en deux tranches.</line></par>
<par>
<line>Desserte et déplacement :</line></par>
<par>
<line>Création d'une voie de desserte interne avec un accès rue chemin de</line>
<line>Comps et réalisation du bouclage de l'impasse.</line></par>
<par>
<line>Réalisation de poches de stationnement longitudinale, représentant au</line>
<line>total une capacité de l'ordre de 1 place pour 2 logements.</line></par>
<par>
<line>Composition urbaine de la zone :</line></par>
<par>
<line>A vocation résidentielle.</line></par>
<par>
<line>Privilégier une implantation des constructions permettant une</line>
<line>exposition Sud des constructions et des jardins.</line></par>
<par>
<line>S'orienter vers une densité de l'ordre de 12 logements à l'hectare minimum.</line>
<line>Réaliser au minimum 50% de logements groupés (mitoyens ou en bande).</line></par>
</text>
</block>
<block><region><rect/></region>
<text>
<par>
<line>LEGENDE:</line></par>
</text>
</block>
<block><region><rect/></region>
<text>
<par>
<line>Périmètre de l'OAP</line></par>
</text>
</block>
<block><region><rect/></region>
<text>
<par>
<line>« ■ ■ «</line></par>
</text>
</block>
<block><region><rect/></region>
<text>
<par>
<line>Principe d'organisation</line>
<line>du réseau routier</line></par>
</text>
</block>
<block><region><rect/></region>
<text>
<par>
<line>◄i</line></par>
</text>
</block>
<block><region><rect/><rect/></region>
<text>
<par>
<line>Création de places de stationnement ^</line></par>
<par>
<line>longitudinales 9</line></par>
<par>
<line>Principe d'implantation des constructions</line>
<line>privilégiant une exposition Sud ^</line></par>
</text>
</block>
<block><region><rect/></region>
<text>
<par>
<line>VJ</line></par>
</text>
</block>
<block><region><rect/></region>
<text>
<par>
<line>P</line></par>
</text>
</block>
<block><region><rect/></region>
<text>
<par>
<line>»</line></par>
</text>
</block>
<block><region><rect/></region>
<text>
<par>
<line>O</line></par>
</text>
</block>
<block><region><rect/></region>
<text>
<par>
<line>t</line></par>
</text>
</block>
<block><region><rect/></region>
<text>
<par>
<line>r</line></par>
</text>
</block>
<block><region><rect/></region>
<text>
<par/>
</text>
</block>
<block><region><rect/></region>
<text>
<par>
<line>»</line></par>
</text>
</block>
<block><region><rect/></region>
<text>
<par/>
</text>
</block>
<block><region><rect/></region>
<text>
<par/>
</text>
</block>
<block><region><rect/></region>
<text>
<par/>
</text>
</block>
<block><region><rect/></region>
<text>
<par>
<line>■TA</line></par>
</text>
</block>
<block><region><rect/></region>
<text>
<par/>
</text>
</block>
<block><region><rect/></region>
<text>
<par>
<line>A</line></par>
</text>
</block>
<block><region><rect/></region>
<text>
<par>
<line>P</line></par>
</text>
</block>
<block><region><rect/></region>
<text>
<par/>
</text>
</block>
<block><region><rect/></region>
<text>
<par>
<line>50m</line></par>
</text>
</block>
<block><region><rect/></region>
<text>
<par>
<line>Bureau d'études REALITES 34 Rue Georges Plasse - 42300 Roanne Tél : 04 77 67 83 06 - Fax : 04 77 23 0185 E-mail : urbanisme@realites-be.fr</line></par>
</text>
</block>






















<block blockType="Picture" blockName="" l="1977" t="1679" r="2051" b="1740"><region><rect/></region>
</block>
<block blockType="Picture" blockName="" l="3161" t="687" r="3235" b="781"><region><rect/></region>
</block>
</page>
<page width="3508" height="2480" resolution="300">
<block><region><rect/></region>
<text>
<par>
<line>LES-ANCIZES-COMPS - PLU</line></par>
</text>
</block>
<block><region><rect/></region>
<text>
<par>
<line>Rue du Chauffier</line></par>
</text>
</block>
<block><region><rect/></region>
<text>
<par>
<line>Descriptif :</line></par>
<par>
<line>Secteur d'entrée de bourg, côté Ouest</line></par>
<par>
<line>Zones lAUg</line></par>
<par>
<line>Superficie : 0.65 ha</line></par>
</text>
<text>
<par>
<line>Objectifs :</line></par>
<par>
<line>Privilégier le développement sur l'enveloppe urbaine du bourg</line>
<line>Permettre un développement en épaisseur de l'enveloppe urbaine</line></par>
<par>
<line>Principes de composition :</line></par>
<par>
<line>Condition d'ouverture de la zone :</line></par>
<par>
<line>Ouverture sous forme d'une opération d'aménagement d'ensemble.</line>
<line>Desserte et déplacement :</line></par>
<par>
<line>Création d'une voie de desserte interne permettant un bouclage ;</line>
<line>interdiction des impasses</line></par>
<par>
<line>Composition urbaine de la zone :</line></par>
<par>
<line>A vocation résidentielle.</line></par>
<par>
<line>Privilégier une implantation des constructions avec une ligne de faîtage</line>
<line>Est-Ouest.</line></par>
<par>
<line>S'orienter vers une densité de l'ordre de 10 logements à l'hectare</line>
<line>minimum.</line></par>
<par>
<line>Réaliser au minimum 50% de logements groupés (mitoyens ou en</line>
<line>bande).</line></par>
</text>
</block>
<block><region><rect/></region>
<text>
<par>
<line>LEGENDE :</line></par>
</text>
</block>
<block><region><rect/></region>
<text>
<par>
<line>! Périmètre de l'OAP</line></par>
</text>
</block>
<block><region><rect/></region>
<text>
<par>
<line>Orientation des ligne</line>
<line>de faîtage</line></par>
</text>
</block>
<block><region><rect/></region>
<text>
<par/>
</text>
</block>
<block><region><rect/></region>
<text>
<par>
<line>TAUg</line></par>
</text>
</block>
<block><region><rect/></region>
<text>
<par/>
</text>
</block>
<block><region><rect/></region>
<text>
<par>
<line>&amp;</line></par>
</text>
</block>
<block><region><rect/></region>
<text>
<par>
<line>20m</line></par>
</text>
</block>
<block><region><rect/></region>
<text>
<par>
<line>Bureau d'études REALITES 34 Rue Georges Piasse - 42300 Roanne Téi : 04 77 67 83 06 - Fax : 04 77 23 0185 E-mail : urbanisme@realites-be.fr</line></par>
</text>
</block>



























<block blockType="Picture" blockName="" l="2621" t="823" r="2679" b="903"><region><rect/></region>
</block>
<block blockType="Picture" blockName="" l="3211" t="837" r="3299" b="937"><region><rect/></region>
</block>
<block blockType="Picture" blockName="" l="1937" t="1534" r="1995" b="1615"><region><rect/></region>
</block>
<block blockType="Picture" blockName="" l="2230" t="504" r="2500" b="564"><region><rect/></region>
</block>
<block blockType="Picture" blockName="" l="2440" t="742" r="2584" b="768"><region><rect/></region>
</block>
</page>
<page width="3508" height="2480" resolution="300">
<block><region><rect/></region>
<text>
<par>
<line>LES-ANCIZES-COMPS - PLU</line></par>
</text>
</block>
<block><region><rect/></region>
<text>
<par>
<line>Cote Marchand</line></par>
</text>
</block>
<block><region><rect/></region>
<text>
<par>
<line>Descriptif :</line></par>
<par>
<line>Secteur d'entrée de bourg, côté Ouest</line>
<line>Zones 3AUg</line>
<line>Superficie : 1.3 ha</line></par>
<par>
<line>Objectifs :</line></par>
<par>
<line>Privilégier le développement sur l'enveloppe urbaine du bourg</line>
<line>Permettre un développement en épaisseur de l'enveloppe urbaine</line></par>
<par>
<line>Principes de composition :</line></par>
<par>
<line>Située dans l'enveloppe urbaine, la zone couvre environ 1,3 ha et</line>
<line>devra accueillir un minimum de 16 logements.</line></par>
<par>
<line>Elle comportera une voie de distribution reliée au Nord à la rue des</line>
<line>Sports et au Sud-Est à la rue des Cerisiers.</line></par>
<par>
<line>La haie qui marque la limite Sud-Ouest devra être préservée.</line></par>
<par>
<line>Le parcellaire sera découpé de telle sorte que les constructions</line>
<line>s'implantent parallèlement à la voie de distribution. On privilégiera</line>
<line>donc des limites séparatives généralement perpendiculaires à celle-ci.</line></par>
</text>
</block>
<block><region><rect/></region>
<text>
<par>
<line>LEGENDE :</line></par>
</text>
</block>
<block><region><rect/></region>
<text>
<par/>
</text>
</block>
<block><region><rect/><rect/></region>
<text>
<par>
<line>Périmètre de l'OAP</line></par>
<par>
<line>Principe d'organisation</line>
<line>du réseau routier</line></par>
<par>
<line>Haies à préserver</line></par>
</text>
</block>
<block><region><rect/></region>
<text>
<par/>
</text>
</block>
<block><region><rect/></region>
<text>
<par>
<line>S’</line></par>
</text>
</block>
<block><region><rect/></region>
<text>
<par>
<line>a</line></par>
</text>
</block>
<block><region><rect/></region>
<text>
<par>
<line>«</line></par>
</text>
</block>
<block><region><rect/></region>
<text>
<par>
<line>U</line></par>
</text>
</block>
<block><region><rect/></region>
<text>
<par>
<line>*</line></par>
</text>
</block>
<block><region><rect/></region>
<text>
<par/>
</text>
</block>
<block><region><rect/></region>
<text>
<par>
<line>s?</line></par>
</text>
</block>
<block><region><rect/></region>
<text>
<par/>
</text>
</block>
<block><region><rect/></region>
<text>
<par>
<line>V-</line></par>
</text>
</block>
<block><region><rect/></region>
<text>
<par>
<line>r</line></par>
</text>
</block>
<block><region><rect/></region>
<text>
<par/>
</text>
</block>
<block><region><rect/></region>
<text>
<par/>
</text>
</block>
<block><region><rect/></region>
<text>
<par/>
</text>
</block>
<block><region><rect/></region>
<text>
<par>
<line>♦</line></par>
</text>
</block>
<block><region><rect/></region>
<text>
<par>
<line>^ y</line></par>
</text>
</block>
<block><region><rect/></region>
<text>
<par/>
</text>
</block>
<block><region><rect/></region>
<text>
<par/>
</text>
</block>
<block><region><rect/></region>
<text>
<par/>
</text>
</block>
<block><region><rect/></region>
<text>
<par>
<line>%</line></par>
</text>
</block>
<block><region><rect/></region>
<text>
<par/>
</text>
</block>
<block><region><rect/></region>
<text>
<par/>
</text>
</block>
<block><region><rect/></region>
<text>
<par>
<line>m</line></par>
</text>
</block>
<block><region><rect/></region>
<text>
<par>
<line>%</line></par>
</text>
</block>
<block><region><rect/></region>
<text>
<par>
<line>i^3AUg</line></par>
</text>
</block>
<block><region><rect/></region>
<text>
<par/>
</text>
</block>
<block><region><rect/></region>
<text>
<par/>
</text>
</block>
<block><region><rect/></region>
<text>
<par/>
</text>
</block>
<block><region><rect/></region>
<text>
<par/>
</text>
</block>
<block><region><rect/></region>
<text>
<par/>
</text>
</block>
<block><region><rect/></region>
<text>
<par/>
</text>
</block>
<block><region><rect/></region>
<text>
<par/>
</text>
</block>
<block><region><rect/></region>
<text>
<par/>
</text>
</block>
<block><region><rect/></region>
<text>
<par>
<line>i</line></par>
</text>
</block>
<block><region><rect/></region>
<text>
<par>
<line>%</line></par>
</text>
</block>
<block><region><rect/></region>
<text>
<par/>
</text>
</block>
<block><region><rect/></region>
<text>
<par>
<line>«</line></par>
</text>
</block>
<block><region><rect/></region>
<text>
<par/>
</text>
</block>
<block><region><rect/></region>
<text>
<par>
<line>li</line></par>
</text>
</block>
<block><region><rect/></region>
<text>
<par/>
</text>
</block>
<block><region><rect/></region>
<text>
<par>
<line>50m</line></par>
</text>
</block>
<block><region><rect/></region>
<text>
<par>
<line>I Fond cartographique Geoportail</line></par>
</text>
</block>
<block><region><rect/></region>
<text>
<par>
<line>Bureau d'études REALITES 34 Rue Georges Plasse - 42300 Roanne Tél : 04 77 67 83 06 - Fax : 04 77 23 0185 E-mail : urbanisme@realites-be.fr</line></par>
</text>
</block>
<block><region><rect/></region>
<text>
<par>
<line>8</line></par>
</text>
</block>






















<block blockType="Picture" blockName="" l="1567" t="738" r="1677" b="774"><region><rect/></region>
</block>
</page>
<page width="3508" height="2480" resolution="300">
<block><region><rect/></region>
<text>
<par>
<line>LES-ANCIZES-COMPS - PLU</line></par>
</text>
</block>
<block><region><rect/></region>
<text>
<par>
<line>Milieu du Champ</line></par>
</text>
</block>
<block><region><rect/></region>
<text>
<par>
<line>Descriptif :</line></par>
<par>
<line>Secteur situé entre le Boucheix et la zone industrielle</line></par>
<par>
<line>Zones lAUi</line></par>
<par>
<line>Superficie : 1.79 ha</line></par>
</text>
<text>
<par>
<line>Objectifs :</line></par>
<par>
<line>Travailler à la transition entre espace résidentiel et espace industriel</line>
<line>Structurer le développement autour de la rue de la Plaine des</line>
<line>Champs, axe structurant du territoire</line></par>
<par>
<line>Principes de composition :</line></par>
<par>
<line>Condition d'ouverture de la zone :</line></par>
<par>
<line>Ouverture au fur et à mesure de la réalisation interne de la zone.</line></par>
<par>
<line>Composition urbaine de la zone :</line></par>
<par>
<line>A vocation économique, dont les activités sont compatibles avec la</line>
<line>proximité de l'habitat</line></par>
<par>
<line>Imposer une orientation Sud des constructions principales</line>
<line>Réaliser un bouclage voirie interne à la zone : création de deux</line>
<line>accès au plus pour desservir l'ensemble de la zone.</line></par>
</text>
</block>
<block blockType="Table" blockName="" l="1497" t="494" r="2356" b="873"><region><rect/></region>
<row>
<cell rightBorder="White" bottomBorder="White" width="183" height="74">
<text>
<par>
<line>LEGENDE</line></par>
</text></cell>
<cell leftBorder="White" rightBorder="White" bottomBorder="White" width="676" height="74">
<text>
<par/>
</text></cell></row>
<row>
<cell topBorder="White" rightBorder="White" bottomBorder="White" width="183" height="92">
<text>
<par>
<line>» m</line></par>
</text></cell>
<cell leftBorder="White" topBorder="White" rightBorder="White" bottomBorder="White" width="676" height="92">
<text>
<par>
<line>Périmètre de l'OAP</line></par>
</text></cell></row>
<row>
<cell topBorder="White" rightBorder="White" bottomBorder="White" width="183" height="76">
<text>
<par/>
</text></cell>
<cell leftBorder="White" topBorder="White" rightBorder="White" bottomBorder="White" width="676" height="76">
<text>
<par>
<line>Principe d’organisation du réseau routier</line></par>
</text></cell></row>
<row>
<cell topBorder="White" rightBorder="White" bottomBorder="White" width="183" height="58">
<text>
<par/>
</text></cell>
<cell leftBorder="White" topBorder="White" rightBorder="White" bottomBorder="White" width="676" height="58">
<text>
<par>
<line>Principe d'implantation des constructions</line></par>
</text></cell></row>
<row>
<cell topBorder="White" rightBorder="White" bottomBorder="White" width="183" height="79">
<text>
<par/>
</text></cell>
<cell leftBorder="White" topBorder="White" rightBorder="White" bottomBorder="White" width="676" height="79">
<text>
<par>
<line>privilégiant une exposition Sud</line></par>
</text></cell></row>
</block>
<block><region><rect/></region>
<text>
<par>
<line>P</line></par>
</text>
</block>
<block><region><rect/></region>
<text>
<par/>
</text>
</block>
<block><region><rect/></region>
<text>
<par>
<line>^ ?</line></par>
</text>
</block>
<block><region><rect/></region>
<text>
<par>
<line>?</line></par>
</text>
</block>
<block><region><rect/></region>
<text>
<par/>
</text>
</block>
<block><region><rect/></region>
<text>
<par/>
</text>
</block>
<block><region><rect/></region>
<text>
<par/>
</text>
</block>
<block><region><rect/></region>
<text>
<par>
<line>Ni</line></par>
</text>
</block>
<block><region><rect/></region>
<text>
<par/>
</text>
</block>
<block><region><rect/></region>
<text>
<par/>
</text>
</block>
<block><region><rect/></region>
<text>
<par>
<line>lAUi</line></par>
</text>
</block>
<block><region><rect/></region>
<text>
<par>
<line>m</line></par>
</text>
</block>
<block><region><rect/></region>
<text>
<par>
<line>r-a»</line></par>
<par>
<line>I lit</line></par>
</text>
</block>
<block><region><rect/></region>
<text>
<par>
<line>m</line></par>
</text>
</block>
<block><region><rect/></region>
<text>
<par>
<line>m</line></par>
</text>
</block>
<block><region><rect/></region>
<text>
<par/>
</text>
</block>
<block><region><rect/></region>
<text>
<par>
<line>a</line></par>
</text>
</block>
<block><region><rect/></region>
<text>
<par/>
</text>
</block>
<block><region><rect/></region>
<text>
<par/>
</text>
</block>
<block><region><rect/></region>
<text>
<par/>
</text>
</block>
<block><region><rect/></region>
<text>
<par/>
</text>
</block>
<block><region><rect/></region>
<text>
<par/>
</text>
</block>
<block><region><rect/></region>
<text>
<par>
<line>V</line></par>
</text>
</block>
<block><region><rect/></region>
<text>
<par>
<line>t</line></par>
</text>
</block>
<block><region><rect/></region>
<text>
<par>
<line>m</line></par>
</text>
</block>
<block><region><rect/></region>
<text>
<par>
<line>50m</line></par>
</text>
</block>
<block><region><rect/></region>
<text>
<par>
<line>Fond cartographique Geoportail</line></par>
</text>
</block>
<block><region><rect/><rect/><rect/><rect/></region>
<text>
<par>
<line>k-:- -</line></par>
</text>
</block>
<block><region><rect/></region>
<text>
<par>
<line>Bureau d'études REALITES 34 Rue Georges Plasse - 42300 Roanne Tél : 04 77 67 83 06 - Fax : 04 77 23 0185 E-mail : urbanisme@realites-be.fr</line></par>
</text>
</block>
<block><region><rect/></region>
<text>
<par>
<line>9</line></par>
</text>
</block>





































</page>
<page width="3508" height="2480" resolution="300">
<block><region><rect/></region>
<text>
<par>
<line>LES-ANCIZES-COMPS - PLU</line></par>
</text>
</block>
<block><region><rect/></region>
<text>
<par>
<line>COMPS 1</line></par>
</text>
</block>
<block><region><rect/></region>
<text>
<par>
<line>Descriptif :</line></par>
<par>
<line>Secteur en entrée de village de Comps</line></par>
<par>
<line>Zones lAUc</line></par>
<par>
<line>Superficie : 0.4ha</line></par>
</text>
<text>
<par>
<line>Objectifs :</line></par>
<par>
<line>structurer l'entrée Nord-Ouest du village de Comps</line>
<line>Permettre un développement modéré du village de Comps</line></par>
<par>
<line>Principes de composition :</line></par>
<par>
<line>Condition d'ouverture de la zone :</line></par>
<par>
<line>Ouverture au fur et à mesure de la réalisation interne des réseaux.</line></par>
<par>
<line>Composition urbaine de la zone :</line></par>
<par>
<line>Privilégier un habitat individuel</line></par>
<par>
<line>S'orienter vers une densité de l'ordre de 8 logements à l'hectare minimum,</line>
<line>soit 3 logements minimum</line></par>
</text>
</block>
<block><region><rect/></region>
<text>
<par>
<line>LEGENDE:</line></par>
</text>
</block>
<block><region><rect/></region>
<text>
<par>
<line>** Périmètre de l'OAP</line></par>
</text>
</block>
<block><region><rect/></region>
<text>
<par/>
</text>
</block>
<block><region><rect/></region>
<text>
<par>
<line>S:</line></par>
</text>
</block>
<block><region><rect/></region>
<text>
<par>
<line>'V</line></par>
</text>
</block>
<block><region><rect/></region>
<text>
<par>
<line>3</line></par>
</text>
</block>
<block><region><rect/></region>
<text>
<par>
<line>218</line></par>
</text>
</block>
<block><region><rect/></region>
<text>
<par/>
</text>
</block>
<block><region><rect/></region>
<text>
<par/>
</text>
</block>
<block><region><rect/></region>
<text>
<par>
<line>s:</line></par>
</text>
</block>
<block><region><rect/></region>
<text>
<par>
<line>:</line></par>
</text>
</block>
<block><region><rect/></region>
<text>
<par>
<line>tu</line></par>
</text>
</block>
<block><region><rect/></region>
<text>
<par/>
</text>
</block>
<block><region><rect/></region>
<text>
<par>
<line>tm</line></par>
</text>
</block>
<block><region><rect/></region>
<text>
<par>
<line>Uc</line></par>
</text>
</block>
<block><region><rect/></region>
<text>
<par/>
</text>
</block>
<block><region><rect/></region>
<text>
<par>
<line>f</line></par>
</text>
</block>
<block><region><rect/></region>
<text>
<par/>
</text>
</block>
<block><region><rect/></region>
<text>
<par/>
</text>
</block>
<block><region><rect/></region>
<text>
<par/>
</text>
</block>
<block><region><rect/></region>
<text>
<par>
<line>»</line></par>
</text>
</block>
<block><region><rect/></region>
<text>
<par>
<line>♦ r.4</line></par>
</text>
</block>
<block><region><rect/></region>
<text>
<par>
<line>S*</line></par>
</text>
</block>
<block><region><rect/></region>
<text>
<par/>
</text>
</block>
<block><region><rect/></region>
<text>
<par>
<line>M</line></par>
</text>
</block>
<block><region><rect/></region>
<text>
<par>
<line>/</line></par>
</text>
</block>
<block><region><rect/></region>
<text>
<par>
<line>Bureau d'études REALITES 34 Rue Georges Plasse - 42300 Roanne Tél : 04 77 67 83 06 - Fax : 04 77 23 0185 E-mail : urbanisme@realites-be.fr</line></par>
</text>
</block>
<block><region><rect/></region>
<text>
<par>
<line>10</line></par>
</text>
</block>




















</page>
<page width="3508" height="2480" resolution="300">
<block><region><rect/></region>
<text>
<par>
<line>LES-ANCIZES-COMPS - PLU</line></par>
</text>
</block>
<block><region><rect/></region>
<text>
<par>
<line>COMPS 2</line></par>
</text>
</block>
<block><region><rect/></region>
<text>
<par>
<line>Descriptif :</line></par>
<par>
<line>Secteur en entrée de village de Comps</line></par>
<par>
<line>Zones 2AUc</line></par>
<par>
<line>Superficie : 0.3 ha</line></par>
</text>
<text>
<par>
<line>Objectifs :</line></par>
<par>
<line>structurer l'entrée Nord-Ouest du village de Comps</line>
<line>Permettre un développement modéré du village de Comps</line></par>
<par>
<line>Principes de composition :</line></par>
<par>
<line>Condition d'ouverture de la zone :</line></par>
<par>
<line>Ouverture à l'urbanisation lorsqu'au moins 50% de l'urbanisation de la zone</line>
<line>lAUc sera réalisée.</line></par>
<par>
<line>Ouverture au fur et à mesure de la réalisation interne des réseaux.</line></par>
</text>
</block>
<block><region><rect/></region>
<text>
<par>
<line>Composition urbaine de la zone :</line></par>
<par>
<line>Privilégier un habitat individuel</line></par>
<par>
<line>Création d'une voie de desserte en limite ouest reliant la voie communale</line>
<line>au nord et le bas de la parcelle 450</line></par>
<par>
<line>S'orienter vers une densité de l'ordre de 7 logements à l'hectare minimum,</line>
<line>soit 2 logements minimum</line></par>
</text>
</block>
<block><region><rect/></region>
<text>
<par>
<line>7^</line></par>
</text>
</block>
<block><region><rect/></region>
<text>
<par>
<line>LEGENDE:</line></par>
</text>
</block>
<block><region><rect/></region>
<text>
<par/>
</text>
</block>
<block><region><rect/></region>
<text>
<par/>
</text>
</block>
<block><region><rect/></region>
<text>
<par/>
</text>
</block>
<block><region><rect/></region>
<text>
<par>
<line>■ Perimetre de I OAP</line></par>
</text>
</block>
<block><region><rect/></region>
<text>
<par/>
</text>
</block>
<block><region><rect/></region>
<text>
<par>
<line>I Principe d organisation</line>
<line>du réseau routier</line></par>
</text>
</block>
<block><region><rect/></region>
<text>
<par/>
</text>
</block>
<block><region><rect/></region>
<text>
<par>
<line>%</line></par>
</text>
</block>
<block><region><rect/></region>
<text>
<par/>
</text>
</block>
<block><region><rect/></region>
<text>
<par>
<line>S</line></par>
</text>
</block>
<block><region><rect/></region>
<text>
<par/>
</text>
</block>
<block><region><rect/></region>
<text>
<par/>
</text>
</block>
<block><region><rect/></region>
<text>
<par>
<line>2AUc</line></par>
</text>
</block>
<block><region><rect/></region>
<text>
<par/>
</text>
</block>
<block><region><rect/></region>
<text>
<par>
<line>iS6 f X</line></par>
</text>
</block>
<block><region><rect/></region>
<text>
<par/>
</text>
</block>
<block><region><rect/></region>
<text>
<par/>
</text>
</block>
<block><region><rect/></region>
<text>
<par/>
</text>
</block>
<block><region><rect/></region>
<text>
<par/>
</text>
</block>
<block><region><rect/></region>
<text>
<par/>
</text>
</block>
<block><region><rect/></region>
<text>
<par/>
</text>
</block>
<block><region><rect/></region>
<text>
<par/>
</text>
</block>
<block><region><rect/></region>
<text>
<par/>
</text>
</block>
<block><region><rect/></region>
<text>
<par/>
</text>
</block>
<block><region><rect/></region>
<text>
<par/>
</text>
</block>
<block><region><rect/></region>
<text>
<par/>
</text>
</block>
<block><region><rect/></region>
<text>
<par/>
</text>
</block>
<block><region><rect/></region>
<text>
<par>
<line>f</line></par>
</text>
</block>
<block><region><rect/></region>
<text>
<par/>
</text>
</block>
<block><region><rect/></region>
<text>
<par/>
</text>
</block>
<block><region><rect/></region>
<text>
<par/>
</text>
</block>
<block><region><rect/></region>
<text>
<par/>
</text>
</block>
<block><region><rect/></region>
<text>
<par/>
</text>
</block>
<block><region><rect/></region>
<text>
<par/>
</text>
</block>
<block><region><rect/></region>
<text>
<par/>
</text>
</block>
<block><region><rect/></region>
<text>
<par>
<line>»F</line></par>
</text>
</block>
<block><region><rect/></region>
<text>
<par>
<line>-i %</line></par>
</text>
</block>
<block><region><rect/></region>
<text>
<par/>
</text>
</block>
<block><region><rect/></region>
<text>
<par>
<line>4.</line></par>
</text>
</block>
<block><region><rect/></region>
<text>
<par/>
</text>
</block>
<block><region><rect/></region>
<text>
<par/>
</text>
</block>
<block><region><rect/></region>
<text>
<par/>
</text>
</block>
<block><region><rect/></region>
<text>
<par>
<line>//</line></par>
</text>
</block>
<block><region><rect/></region>
<text>
<par>
<line>\</line></par>
</text>
</block>
<block><region><rect/></region>
<text>
<par>
<line>50m</line></par>
</text>
</block>
<block><region><rect/></region>
<text>
<par>
<line>portail</line></par>
</text>
</block>
<block><region><rect/></region>
<text>
<par>
<line>Bureau d'études REALITES 34 Rue Georges Plasse - 42300 Roanne Tél : 04 77 67 83 06 - Fax : 04 77 23 0185 E-mail : urbanisme@realites-be.fr</line></par>
</text>
</block>
<block><region><rect/></region>
<text>
<par>
<line>11</line></par>
</text>
</block>






























<block blockType="Picture" blockName="" l="3346" t="1436" r="3431" b="1552"><region><rect/></region>
</block>
<block blockType="Picture" blockName="" l="3107" t="1984" r="3192" b="2030"><region><rect/></region>
</block>
<block blockType="Picture" blockName="" l="1634" t="887" r="1703" b="1009"><region><rect/></region>
</block>
<block blockType="Picture" blockName="" l="1630" t="446" r="3437" b="2037"><region><rect/></region>
</block>
</page>
<page width="3508" height="2480" resolution="300">
<block><region><rect/></region>
<text>
<par>
<line>LES-ANCIZES-COMPS - PLU</line></par>
</text>
</block>
<block><region><rect/></region>
<text>
<par>
<line>ZONE INDUSTRIELLE</line></par>
</text>
</block>
<block><region><rect/></region>
<text>
<par>
<line>Descriptif :</line></par>
<par>
<line>Secteur d'extension de la zone d'activité, au Sud de la zone industrielle, le long de la RD62</line>
<line>- Zones N, lAUj et 2AUj</line></par>
<par>
<line>Superficie de l'OAP : 17,2 ha</line></par>
<par>
<line>Objectifs :</line></par>
<par>
<line>Permettre le renforcement du pôle industriel</line></par>
<par>
<line>Favoriser la qualité de l'extension de la zone industrielle et de l'entrée de la commune par la RD62</line></par>
</text>
</block>
<block><region><rect/></region>
<text>
<par>
<line>Principes de composition :</line></par>
<par>
<line>Condition d'ouverture de la zone :</line></par>
<par>
<line>Zone lAUj : Ouverture au fur et à mesure de la réalisation</line>
<line>interne des réseaux</line></par>
<par>
<line>Zone 2AUj : ouverture lorsque 50% de la zone lAUj sera</line>
<line>aménagée.</line></par>
<par>
<line>Composition urbaine de la zone :</line></par>
<par>
<line>Vocation économique, industrielle.</line></par>
<par>
<line>Desserte et déplacement :</line></par>
<par>
<line>Privilégier la création d'accès au niveau d'accès déjà existants de</line>
<line>l'autre côté de la route départementale.</line></par>
<par>
<line>Si nécessaire la desserte interne pourra s'appuyer sur le chemin</line>
<line>communal présent en limite Sud, à renforcer.</line></par>
<par>
<line>Qualité paysagère de l'entrée de la commune :</line></par>
<par>
<line>Traitement paysagé des espaces situés entre la route</line>
<line>départementale et les constructions et implantations nouvelles.</line>
<line>Préserver des linéaires de haies bordant la zone et la route</line>
<line>départementale (hors création d'accès).</line></par>
</text>
</block>
<block><region><rect/><rect/><rect/></region>
<text>
<par>
<line>îtiîiK .. : ■ ■</line></par>
</text>
</block>
<block><region><rect/></region>
<text>
<par/>
</text>
</block>
<block><region><rect/></region>
<text>
<par/>
</text>
</block>
<block><region><rect/></region>
<text>
<par/>
</text>
</block>
<block><region><rect/></region>
<text>
<par>
<line>. \ N</line></par>
</text>
</block>
<block><region><rect/></region>
<text>
<par>
<line>» - &lt;</line></par>
</text>
</block>
<block><region><rect/></region>
<text>
<par>
<line>: 2AU</line></par>
</text>
</block>
<block><region><rect/></region>
<text>
<par>
<line>/</line></par>
</text>
</block>
<block><region><rect/></region>
<text>
<par>
<line>*m *'■' " ■</line></par>
</text>
</block>
<block><region><rect/></region>
<text>
<par>
<line>** P V*' ^</line></par>
</text>
</block>
<block><region><rect/></region>
<text>
<par>
<line>-à</line></par>
</text>
</block>
<block><region><rect/></region>
<text>
<par/>
</text>
</block>
<block><region><rect/></region>
<text>
<par>
<line>Si.*%</line></par>
</text>
</block>
<block><region><rect/></region>
<text>
<par/>
</text>
</block>
<block><region><rect/></region>
<text>
<par/>
</text>
</block>
<block><region><rect/></region>
<text>
<par/>
</text>
</block>
<block><region><rect/></region>
<text>
<par>
<line>» »-</line></par>
</text>
</block>
<block><region><rect/></region>
<text>
<par/>
</text>
</block>
<block><region><rect/></region>
<text>
<par/>
</text>
</block>
<block><region><rect/></region>
<text>
<par/>
</text>
</block>
<block><region><rect/></region>
<text>
<par/>
</text>
</block>
<block><region><rect/></region>
<text>
<par>
<line>-xi..- 7</line></par>
</text>
</block>
<block><region><rect/></region>
<text>
<par/>
</text>
</block>
<block><region><rect/></region>
<text>
<par>
<line>/'i</line></par>
</text>
</block>
<block><region><rect/></region>
<text>
<par>
<line>7’-^/ '‘VV</line></par>
</text>
</block>
<block><region><rect/></region>
<text>
<par>
<line>7 Y</line></par>
</text>
</block>
<block><region><rect/></region>
<text>
<par>
<line>^ ' :7j-</line></par>
</text>
</block>
<block><region><rect/></region>
<text>
<par>
<line>lAUj /</line></par>
</text>
</block>
<block><region><rect/></region>
<text>
<par/>
</text>
</block>
<block><region><rect/><rect/><rect/><rect/></region>
<text>
<par/>
</text>
</block>
<block><region><rect/><rect/><rect/></region>
<text>
<par>
<line>LEGENDE :</line></par>
<par>
<line>î I Périmètre de l'OAP</line></par>
<par>
<line>« H</line></par>
<par>
<line>Localisation des accès à \</line>
<line>privilégier</line></par>
<par>
<line>^ Traitement paysagé</line>
<line>t Haies à préserver</line></par>
</text>
</block>
<block><region><rect/><rect/><rect/></region>
<text>
<par>
<line>I</line></par>
<par>
<line>' ,.'r .^è L. I</line></par>
</text>
</block>
<block><region><rect/><rect/><rect/></region>
<text>
<par>
<line>/ I ■-</line></par>
<par>
<line>J I I ■' i</line>
<line>i I</line></par>
</text>
</block>
<block><region><rect/></region>
<text>
<par/>
</text>
</block>
<block><region><rect/></region>
<text>
<par>
<line>t, !</line></par>
</text>
</block>
<block><region><rect/></region>
<text>
<par>
<line>I !</line></par>
</text>
</block>
<block><region><rect/></region>
<text>
<par>
<line>■ lOOmi</line></par>
</text>
</block>
<block><region><rect/></region>
<text>
<par/>
</text>
</block>
<block><region><rect/></region>
<text>
<par>
<line>5 ■M-: Y:</line></par>
</text>
</block>
<block><region><rect/></region>
<text>
<par>
<line>Bureau d'études REALITES 34 Rue Georges Fiasse - 42300 Roanne Tél : 04 77 67 83 06 - Fax : 04 77 23 0185 E-mail : urbanisme@realites-be.fr</line></par>
</text>
</block>
<block><region><rect/></region>
<text>
<par>
<line>12</line></par>
</text>
</block>


















<block blockType="Picture" blockName="" l="2051" t="1740" r="2627" b="2127"><region><rect/></region>
</block>
</page>
</OAP>