<?xml version="1.0" encoding="UTF-8"?><OAP>
<page width="3317" height="4690" resolution="402">
<block><region><rect/></region>
<text>
<par>
<line>DEPARTEMENT DU PUY-DE-DOME</line></par>
</text>
</block>
<block><region><rect/></region>
<text>
<par>
<line>2 B</line></par>
</text>
</block>
<block><region><rect/></region>
<text>
<par>
<line>Commune d ' A u g e r o 11 e s</line></par>
</text>
</block>
<block blockType="Table" blockName="" l="82" t="1090" r="2392" b="1482"><region><rect/></region>
<row>
<cell colSpan="3" bottomBorder="White" width="704" height="110">
<text>
<par>
<line>REÇU à ia SOUS-PREFECTURE</line></par>
</text></cell>
<cell topBorder="White" bottomBorder="White" width="68" height="110">
<text>
<par/>
</text></cell>
<cell topBorder="White" rightBorder="White" bottomBorder="White" width="1538" height="110">
<text>
<par/>
</text></cell></row>
<row>
<cell topBorder="White" bottomBorder="White" width="64" height="190">
<text>
<par>
<line>te</line></par>
</text></cell>
<cell width="586" height="190">
<text>
<par>
<line>2 9 AOUT 2013</line></par>
</text></cell>
<cell topBorder="White" bottomBorder="White" width="54" height="190">
<text>
<par/>
</text></cell>
<cell topBorder="White" bottomBorder="White" width="68" height="190">
<text>
<par/>
</text></cell>
<cell rowSpan="2" topBorder="White" rightBorder="White" bottomBorder="White" width="1538" height="282">
<text>
<par>
<line>D'URBANISMI</line></par>
</text></cell></row>
<row>
<cell topBorder="White" rightBorder="White" width="64" height="92">
<text>
<par/>
</text></cell>
<cell leftBorder="White" rightBorder="White" width="586" height="92">
<text>
<par>
<line>deTHIERS</line></par>
</text></cell>
<cell leftBorder="White" topBorder="White" width="54" height="92">
<text>
<par/>
</text></cell>
<cell topBorder="White" bottomBorder="White" width="68" height="92">
<text>
<par/>
</text></cell></row>
</block>
<block><region><rect/></region>
<text>
<par>
<line>2 B. ORIENTATIONS</line>
<line>AMENAGEMENT</line></par>
</text>
</block>
<block><region><rect/></region>
<text>
<par>
<line>Modification numéro 2</line></par>
</text>
</block>
<block blockType="Table" blockName="" l="304" t="3232" r="3046" b="4154"><region><rect/></region>
<row>
<cell topBorder="White" bottomBorder="White" width="1552" height="208">
<text>
<par>
<line>Arrêt du projet :</line></par>
<par>
<line>Délibération du conseil municipal du 26-09-2007</line></par>
</text></cell>
<cell topBorder="White" bottomBorder="White" width="196" height="208">
<text>
<par/>
</text></cell>
<cell bottomBorder="White" width="994" height="208">
<text>
<par>
<line>Cachet de la Mairie</line>
<line>et signature du Maire</line></par>
</text></cell></row>
<row>
<cell topBorder="White" bottomBorder="White" width="1552" height="198">
<text>
<par>
<line>Approbation :</line></par>
<par>
<line>Délibération du conseil municipal du 01-10-2008</line></par>
</text></cell>
<cell topBorder="White" bottomBorder="White" width="196" height="198">
<text>
<par/>
</text></cell>
<cell topBorder="White" bottomBorder="White" width="994" height="198">
<text>
<par/>
</text></cell></row>
<row>
<cell rowSpan="2" topBorder="White" bottomBorder="White" width="1552" height="516">
<text>
<par>
<line>Modification 1 :</line></par>
<par>
<line>Délibération du conseil municipal du 22 février 2012</line></par>
<par>
<line>Modification 2 :</line></par>
<par>
<line>Délibération du conseil municipal du 24 juillet 2013</line></par>
</text></cell>
<cell topBorder="White" width="196" height="394">
<text>
<par/>
</text></cell>
<cell topBorder="White" width="994" height="394">
<text>
<par/>
</text></cell></row>
<row>
<cell colSpan="2" rightBorder="White" bottomBorder="White" width="1190" height="122">
<text>
<par/>
</text></cell></row>
</block>















</page>
<page width="3308" height="4678" resolution="401">
<block><region><rect/></region>
<text>
<par>
<line>Commune d’AîJGEMOLLES</line></par>
</text>
</block>
<block><region><rect/></region>
<text>
<par>
<line>Plan Local d’Urbanisrne</line></par>
</text>
</block>
<block><region><rect/></region>
<text>
<par>
<line>Orientetioffii !a° 3 s flot siteé à la sortie 8uû dia boiarg (Zone AU2)</line>
<line>aia liee^dit ^^Grioie de Vert”</line></par>
</text>
</block>
<block><region><rect/></region>
<text>
<par>
<line>Cet îlot d’une suif ace de 2,64 hectares est destiné à être urbanisé sous la forme de maisons</line>
<line>individuelles.</line></par>
<par>
<line>Il s’agit de créer un secteur résidentiel nouveau afm de créer une entrée de bourg cohérente à l’Est</line>
<line>et à r Ouest et de recoudre le tissu urbain entre le Nord et le Sud.</line></par>
</text>
</block>
<block><region><rect/></region>
<text>
<par>
<line>Caractéristiaiaes attendues ipoinr le régeaia viaire</line></par>
</text>
</block>
<block><region><rect/></region>
<text>
<par>
<line>Une voie nouvelle au centre de cette zone AU est créée. La longueur de cette voirie est estimée à</line>
<line>330 mètres environ. Cette voie permettra desservir les futures habitations en évitant un accès dhect</line>
<line>sur la Route Départementale.</line></par>
</text>
</block>
<block><region><rect/></region>
<text>
<par>
<line>Forme larfoaime et</line></par>
</text>
</block>
<block><region><rect/></region>
<text>
<par>
<line>L’implantation des nouvelles</line>
<line>constructions est laissée libre</line>
<line>avec un retrait minimum de</line>
<line>5 mètres aux limites des</line>
<line>voies actuelles ou futures</line>
<line>comme indiqué dans le</line>
<line>règlement du P.L.U..</line></par>
</text>
</block>
<block><region><rect/></region>
<text>
<par/>
</text>
</block>
<block><region><rect/></region>
<text>
<par>
<line>Orientation n'^3 ; Ilot situé à la sortie Sud du bourg (Zone AU)</line></par>
<par>
<line>: y45/1^1 \ -</line></par>
</text>
</block>
<block><region><rect/></region>
<text>
<par>
<line>©</line></par>
</text>
</block>
<block><region><rect/></region>
<text>
<par/>
</text>
</block>
<block><region><rect/></region>
<text>
<par/>
</text>
</block>
<block><region><rect/></region>
<text>
<par/>
</text>
</block>
<block><region><rect/></region>
<text>
<par/>
</text>
</block>
<block><region><rect/></region>
<text>
<par/>
</text>
</block>
<block><region><rect/></region>
<text>
<par>
<line>a</line></par>
</text>
</block>
<block><region><rect/></region>
<text>
<par/>
</text>
</block>
<block><region><rect/></region>
<text>
<par>
<line>©</line></par>
</text>
</block>
<block><region><rect/></region>
<text>
<par>
<line>O</line></par>
</text>
</block>
<block><region><rect/></region>
<text>
<par>
<line>Ci</line></par>
</text>
</block>
<block><region><rect/></region>
<text>
<par>
<line>-AJ</line></par>
</text>
</block>
<block><region><rect/></region>
<text>
<par/>
</text>
</block>
<block><region><rect/></region>
<text>
<par>
<line>SU</line></par>
</text>
</block>
<block><region><rect/></region>
<text>
<par/>
</text>
</block>
<block><region><rect/></region>
<text>
<par/>
</text>
</block>
<block><region><rect/></region>
<text>
<par/>
</text>
</block>
<block><region><rect/></region>
<text>
<par/>
</text>
</block>
<block><region><rect/></region>
<text>
<par/>
</text>
</block>
<block><region><rect/></region>
<text>
<par>
<line>U</line></par>
</text>
</block>
<block><region><rect/></region>
<text>
<par>
<line>^ Voirie Douveuç</line></par>
</text>
</block>
<block><region><rect/></region>
<text>
<par>
<line>-0^</line></par>
</text>
</block>
<block><region><rect/></region>
<text>
<par>
<line>Implantation libre</line></par>
</text>
</block>
<block><region><rect/></region>
<text>
<par>
<line>des habitadons</line></par>
<par>
<line>%.</line></par>
</text>
</block>
<block><region><rect/></region>
<text>
<par>
<line>St</line></par>
</text>
</block>
<block><region><rect/></region>
<text>
<par/>
</text>
</block>
<block><region><rect/></region>
<text>
<par/>
</text>
</block>
<block><region><rect/></region>
<text>
<par/>
</text>
</block>
<block><region><rect/></region>
<text>
<par/>
</text>
</block>
<block><region><rect/></region>
<text>
<par>
<line>LE KUN DU VLÎtî</line></par>
</text>
</block>
<block><region><rect/></region>
<text>
<par/>
</text>
</block>
<block><region><rect/></region>
<text>
<par>
<line>0 20m lOOm</line></par>
<par>
<line>- ~lCr/ÆJX^K</line></par>
</text>
</block>
<block><region><rect/></region>
<text>
<par>
<line>HABITAT ET DEVELOPPEMENT - Orientations d’Aménagement - Juin 200^</line></par>
</text>
</block>
<block><region><rect/></region>
<text>
<par>
<line>4</line></par>
</text>
</block>

































</page>
</OAP>