<?xml version="1.0" encoding="UTF-8"?><OAP>
<page width="3317" height="4690" resolution="402">
<block><region><rect/></region>
<text>
<par>
<line>DEPARTEMENT DU PUY-DE-DOME</line></par>
</text>
</block>
<block><region><rect/></region>
<text>
<par>
<line>2 B</line></par>
</text>
</block>
<block><region><rect/></region>
<text>
<par>
<line>Commune d ' A u g e r o 11 e s</line></par>
</text>
</block>
<block blockType="Table" blockName="" l="82" t="1090" r="2392" b="1482"><region><rect/></region>
<row>
<cell colSpan="3" bottomBorder="White" width="704" height="110">
<text>
<par>
<line>REÇU à ia SOUS-PREFECTURE</line></par>
</text></cell>
<cell topBorder="White" bottomBorder="White" width="68" height="110">
<text>
<par/>
</text></cell>
<cell topBorder="White" rightBorder="White" bottomBorder="White" width="1538" height="110">
<text>
<par/>
</text></cell></row>
<row>
<cell topBorder="White" bottomBorder="White" width="64" height="190">
<text>
<par>
<line>te</line></par>
</text></cell>
<cell width="586" height="190">
<text>
<par>
<line>2 9 AOUT 2013</line></par>
</text></cell>
<cell topBorder="White" bottomBorder="White" width="54" height="190">
<text>
<par/>
</text></cell>
<cell topBorder="White" bottomBorder="White" width="68" height="190">
<text>
<par/>
</text></cell>
<cell rowSpan="2" topBorder="White" rightBorder="White" bottomBorder="White" width="1538" height="282">
<text>
<par>
<line>D'URBANISMI</line></par>
</text></cell></row>
<row>
<cell topBorder="White" rightBorder="White" width="64" height="92">
<text>
<par/>
</text></cell>
<cell leftBorder="White" rightBorder="White" width="586" height="92">
<text>
<par>
<line>deTHIERS</line></par>
</text></cell>
<cell leftBorder="White" topBorder="White" width="54" height="92">
<text>
<par/>
</text></cell>
<cell topBorder="White" bottomBorder="White" width="68" height="92">
<text>
<par/>
</text></cell></row>
</block>
<block><region><rect/></region>
<text>
<par>
<line>2 B. ORIENTATIONS</line>
<line>AMENAGEMENT</line></par>
</text>
</block>
<block><region><rect/></region>
<text>
<par>
<line>Modification numéro 2</line></par>
</text>
</block>
<block blockType="Table" blockName="" l="304" t="3232" r="3046" b="4154"><region><rect/></region>
<row>
<cell topBorder="White" bottomBorder="White" width="1552" height="208">
<text>
<par>
<line>Arrêt du projet :</line></par>
<par>
<line>Délibération du conseil municipal du 26-09-2007</line></par>
</text></cell>
<cell topBorder="White" bottomBorder="White" width="196" height="208">
<text>
<par/>
</text></cell>
<cell bottomBorder="White" width="994" height="208">
<text>
<par>
<line>Cachet de la Mairie</line>
<line>et signature du Maire</line></par>
</text></cell></row>
<row>
<cell topBorder="White" bottomBorder="White" width="1552" height="198">
<text>
<par>
<line>Approbation :</line></par>
<par>
<line>Délibération du conseil municipal du 01-10-2008</line></par>
</text></cell>
<cell topBorder="White" bottomBorder="White" width="196" height="198">
<text>
<par/>
</text></cell>
<cell topBorder="White" bottomBorder="White" width="994" height="198">
<text>
<par/>
</text></cell></row>
<row>
<cell rowSpan="2" topBorder="White" bottomBorder="White" width="1552" height="516">
<text>
<par>
<line>Modification 1 :</line></par>
<par>
<line>Délibération du conseil municipal du 22 février 2012</line></par>
<par>
<line>Modification 2 :</line></par>
<par>
<line>Délibération du conseil municipal du 24 juillet 2013</line></par>
</text></cell>
<cell topBorder="White" width="196" height="394">
<text>
<par/>
</text></cell>
<cell topBorder="White" width="994" height="394">
<text>
<par/>
</text></cell></row>
<row>
<cell colSpan="2" rightBorder="White" bottomBorder="White" width="1190" height="122">
<text>
<par/>
</text></cell></row>
</block>















</page>
<page width="3317" height="4690" resolution="402">
<block><region><rect/></region>
<text>
<par>
<line>Commune d’AUGEROLLES</line></par>
</text>
</block>
<block><region><rect/></region>
<text>
<par>
<line>Plan Local d'Urbanisme</line></par>
</text>
</block>
<block><region><rect/></region>
<text>
<par>
<line>OrieMtatiOM e°2 g tlote gitmés snui Nord âu fesunnieaM daa ¥©rt (Zoiaeg AUI et AU2)</line></par>
</text>
</block>
<block><region><rect/></region>
<text>
<par/>
</text>
</block>
<block><region><rect/></region>
<text>
<par>
<line>Cet îlot d’une surface de 3,02 hectares est destiné à être urbanisé sous la forme de maisons</line>
<line>individuelles.</line></par>
<par>
<line>ïl s’agit de créer un secteur résidentiel nouveau, bien intégré dans son environnement afin de</line>
<line>conforter le hameau du Vert comme l’un des principaux hameaux de la commune d’Augerolles.</line></par>
</text>
</block>
<block><region><rect/></region>
<text>
<par>
<line>CaraetérisüciHes attendues ponr le régeaii viaire</line></par>
<par>
<line>Une voie nouvelle au centre de i’îlot principal est créée. La longueur de cette voirie est estimée à</line>
<line>250 mètres environ. Cette voie permettra de rejoindre les deux voies reliant le bourg au hameau du</line>
<line>Vert.</line></par>
</text>
</block>
<block><region><rect/></region>
<text>
<par>
<line>Forme nirbatme et Drogramme</line></par>
<par>
<line>L’îlot Ouest comprendra deux</line>
<line>parcelles approximativement de</line>
<line>même superficie comme indiqué sur</line>
<line>le schéma suivant. L’implantation</line>
<line>des futures habitations se fera</line>
<line>parallèlement à la voie principale.</line></par>
<par>
<line>L’îlot principal comprendra au Nord</line>
<line>quatre lots approximativement de</line>
<line>même superficie comme indiqué sur</line>
<line>le schéma suivant et au Sud, trois</line>
<line>lots de même surface.</line></par>
<par>
<line>Cet îlot sera scindée par une voirie</line>
<line>nouvelle orientée Est/Ouest avec un</line>
<line>îlot central aménagé en espace</line>
<line>public.</line></par>
<par>
<line>Au Sud de cet îlot principal, un</line>
<line>espace vert d’une superficie de 500</line>
<line>m^ environ sera créé par la</line>
<line>collectivité.</line></par>
<par>
<line>L’îlot Est comprendra trois parcelles</line>
<line>approximativement de même</line>
<line>superficie. L’implantation des</line>
<line>futures habitations se fera</line>
<line>parallèlement à la voie principale</line>
<line>dans la limite mdiquée sur le</line>
<line>schéma.</line></par>
</text>
</block>
<block><region><rect/></region>
<text>
<par>
<line>Oiientation ri°2 : IIols situes au Nord du hameau du Vert (Zoae A</line></par>
</text>
</block>
<block><region><rect/></region>
<text>
<par>
<line>ZONE AU</line></par>
</text>
</block>
<block><region><rect/></region>
<text>
<par>
<line>E3</line></par>
</text>
</block>
<block><region><rect/></region>
<text>
<par>
<line>4 lots</line></par>
<par>
<line>Superficie approximativement</line>
<line>de inênie supeÆcie</line></par>
</text>
</block>
<block><region><rect/></region>
<text>
<par>
<line>Création d'im</line>
<line>esMce public</line></par>
</text>
</block>
<block><region><rect/></region>
<text>
<par>
<line>pircdlc ü 1</line></par>
</text>
</block>
<block><region><rect/><rect/></region>
<text>
<par/>
</text>
</block>
<block><region><rect/></region>
<text>
<par>
<line>parcdk 11=2 V^perfide appro.'dinaîivemeràf&gt;;^,«^i^</line>
<line>de mênie superficie /§ •§ / j</line></par>
</text>
</block>
<block><region><rect/></region>
<text>
<par>
<line>3 lots</line></par>
</text>
</block>
<block><region><rect/></region>
<text>
<par/>
</text>
</block>
<block><region><rect/></region>
<text>
<par/>
</text>
</block>
<block><region><rect/></region>
<text>
<par>
<line>^ / pan:etlfe tt“5</line></par>
</text>
</block>
<block><region><rect/></region>
<text>
<par>
<line>Cr^tion'd'un '</line>
<line>eâp'bce vprf \</line></par>
</text>
</block>
<block><region><rect/></region>
<text>
<par>
<line>m</line></par>
</text>
</block>
<block><region><rect/></region>
<text>
<par/>
</text>
</block>
<block><region><rect/></region>
<text>
<par>
<line>BH</line></par>
</text>
</block>
<block><region><rect/></region>
<text>
<par>
<line>lOOmJC:</line></par>
</text>
</block>
<block><region><rect/></region>
<text>
<par>
<line>0 .20</line></par>
</text>
</block>
<block><region><rect/></region>
<text>
<par/>
</text>
</block>
<block><region><rect/></region>
<text>
<par>
<line>VCtll</line></par>
</text>
</block>
<block><region><rect/></region>
<text>
<par>
<line>HABITAT ET DEVELOPPEMENT - Orientations d’Aménagement - Juin 2008</line></par>
</text>
</block>
<block><region><rect/></region>
<text>
<par>
<line>3</line></par>
</text>
</block>































</page>
</OAP>