<?xml version="1.0" encoding="UTF-8"?><OAP>
<page width="1168" height="824" resolution="100">
<block><region><rect/></region>
<text>
<par>
<line>Plan</line></par>
</text>
</block>
<block><region><rect/><rect/></region>
<text>
<par>
<line>Local d'Urbanisme</line>
<line>Orientations</line></par>
<par>
<line>d'Aménagement</line></par>
</text>
</block>
<block><region><rect/></region>
<text>
<par>
<line>A.</line></par>
</text>
</block>
<block><region><rect/></region>
<text>
<par>
<line>wW</line></par>
</text>
</block>
<block><region><rect/></region>
<text>
<par/>
</text>
</block>
<block><region><rect/></region>
<text>
<par/>
</text>
</block>
<block><region><rect/></region>
<text>
<par/>
</text>
</block>
<block><region><rect/></region>
<text>
<par/>
</text>
</block>
<block><region><rect/></region>
<text>
<par/>
</text>
</block>
<block><region><rect/></region>
<text>
<par>
<line>'*eçu à/a Sous-Préfecture</line></par>
<par>
<line>ISSOIRE, le</line></par>
<par>
<line>6 SEP. 20J1</line></par>
</text>
</block>
<block><region><rect/></region>
<text>
<par>
<line>OEOVAL • Gécmètfes-Expertft el ^eau cfEtud^</line>
<line>3 rv« Yv«&amp; Lamourdediou</line>
<line>63500 ISSOlRE</line>
<line>Td.04 73 89lS7S</line></par>
</text>
</block>
<block><region><rect/></region>
<text>
<par>
<line>Approuvées par DCM du 09/09/2011</line></par>
</text>
</block>


</page>
<page width="1168" height="824" resolution="100">
<block><region><rect/></region>
<text>
<par>
<line>cowomows ouvEftTijRe</line></par>
</text>
</block>
<block><region><rect/></region>
<text>
<par>
<line>ORBAMTSATION</line></par>
</text>
</block>
<block><region><rect/></region>
<text>
<par>
<line>se fere 9J lur eE a J&gt;? •*</line>
<line>de éw&lt;^ne&lt;iG pré'.-j» m</line></par>
<par>
<line>pM ;ofik' ' iCPi.v*‘ ».«• &lt;a -•</line></par>
</text>
</block>
<block><region><rect/></region>
<text>
<par/>
</text>
</block>
<block><region><rect/><rect/><rect/></region>
<text>
<par>
<line>^ TsiserT^ des réseMA</line>
<line>dw .</line></par>
<par>
<line>A£^ «T. p«nphé«ic, aur ia route dd Breui',</line>
<line>dépar^Mntale 3S</line></par>
<par>
<line>EDFdfi r^T^^aâne, sir iaroUedu Breui,</line>
<line>dépstensniale 3Sy exter$icn dé^</line>
<line>r^erfeée pour sa ptate-fonne de déchet</line>
<line>vert</line></par>
<par>
<line>EU en pÈpf^sni^ ida la route du Sreoé,</line>
<line>depatementote 5</line></par>
<par>
<line>^ Zone deoaw d partir du chemin de</line>
<line>b chadx p£i jta on de IOO</line></par>
</text>
</block>
<block><region><rect/></region>
<text>
<par>
<line>L'aménaosTien* ta nécessite tjn</line>
<line>rêequipemenr</line></par>
<par>
<line>lOCALtSAT^IjMl ^</line>
<line>CARACTHUgnOUES DES ESPACES</line></par>
</text>
</block>
<block><region><rect/></region>
<text>
<par>
<line>PJIBUCS</line></par>
</text>
</block>
<block><region><rect/></region>
<text>
<par>
<line>•-rftde_s</line></par>
</text>
</block>
<block><region><rect/><rect/><rect/><rect/><rect/></region>
<text>
<par>
<line>^gfoonmJ</line>
<line>H[œcr</line></par>
<par>
<line>B Oes VMS de dessertes</line>
<line>" neuveauRor^;</line></par>
<par>
<line>PtKlL^kfS</line></par>
<par>
<line>8 ta axe</line></par>
</text>
</block>
<block><region><rect/></region>
<text>
<par>
<line>swec t?</line></par>
</text>
</block>
<block><region><rect/></region>
<text>
<par>
<line>«B.</line></par>
</text>
</block>
<block><region><rect/></region>
<text>
<par>
<line>Cest un secttur scratrie qui nsque être veKSe</line>
<line>oepuÉs r*jtoroute</line></par>
<par>
<line>Deux ot^ecoh contraOictores sr cette xn ’</line>
<line>VisOte de Mn pour ostams entrepmes</line>
<line>noWfvnqt CWTvwcla*»</line></par>
<par>
<line>Mdf^u^r tes «’tnp'ttes Wes 8u Pittmcrit</line>
<line>cornpte tenu do rsque de dépôts oe rr^ténaui</line>
<line>par etsnple.,,</line></par>
<par>
<line>•Us KMeur; des oansuvetions devrort</line>
<line>respecter le déritv?e du tenain. Le phne^ est</line>
<line>de rnettrt en façade vsIM ks corvrierçents...</line></par>
<par>
<line>•üm^ la hauteur des consiruct'ons aftn de</line>
<line>l^mner l’Impact visuel</line></par>
<par>
<line>•l&gt;jaictâ de l'insertion des constructions qui</line>
<line>mot ani/eiNk sur le nos, l&lt; type</line>
<line>d’ercfinecture pourrait être comme la</line>
<line>plateforme de dédièt v«rt.</line></par>
<par>
<line>•Perme du tort Qui suit le dôme du Genestou</line>
<line>devrait permettre une mellteure lotéçratiûn des</line>
<line>constructions</line></par>
<par>
<line>•Me pas autoriser des mat^ia réfléchtssants</line>
<line>{en façade) et favorise i\jQlisation des énergies</line>
<line>renouveJapies et des m(néridis&lt; naturels tel le</line></par>
</text>
</block>
<block><region><rect/></region>
<text>
<par>
<line>006. les OMtwtts véçétanées</line></par>
<par>
<line>•Cvns le cas de rèaisaoon de partXQ. favoriser</line>
<line>la NéQétausaOcn. tme» les sur^ces</line>
<line>9oudronnée&amp;</line></par>
<par>
<line>•Masquer les dépôts avec des structures</line>
<line>vdqéttles, etenfre ks dépôts en fapd&amp;</line></par>
</text>
</block>
<block><region><rect/><rect/></region>
<text>
<par>
<line>Exeirçle</line>
<line>pfeto^orme do dech*t v«n</line></par>
</text>
</block>
<block><region><rect/></region>
<text>
<par>
<line>1</line></par>
<par>
<line>\</line></par>
</text>
</block>
<block><region><rect/></region>
<text>
<par>
<line>m</line></par>
</text>
</block>
<block><region><rect/></region>
<text>
<par>
<line>V5</line></par>
</text>
</block>
<block><region><rect/></region>
<text>
<par>
<line>1</line></par>
</text>
</block>
<block><region><rect/></region>
<text>
<par/>
</text>
</block>
<block><region><rect/></region>
<text>
<par>
<line>\</line></par>
</text>
</block>
<block><region><rect/></region>
<text>
<par>
<line>4</line></par>
</text>
</block>
<block><region><rect/></region>
<text>
<par/>
</text>
</block>
<block><region><rect/></region>
<text>
<par>
<line>ïïl</line></par>
</text>
</block>
<block><region><rect/></region>
<text>
<par>
<line>5J</line></par>
</text>
</block>
<block><region><rect/></region>
<text>
<par/>
</text>
</block>
<block><region><rect/></region>
<text>
<par>
<line>îtt*</line></par>
</text>
</block>
<block><region><rect/></region>
<text>
<par/>
</text>
</block>
<block><region><rect/></region>
<text>
<par>
<line>Principe d’organésaüon de la zoos</line></par>
</text>
</block>
<block><region><rect/></region>
<text>
<par>
<line>L^penda</line></par>
<par>
<line>Secteur dtiebiiat</line>
<line>sectour artisanale</line>
<line>Secteur naturel</line>
<line>vouie txecance</line>
<line>vOiné àeréOr</line>
<line>accès supprima</line>
<line>rond Poev</line></par>
<par>
<line>pnnopt de vèfiétaKsaUor</line></par>
</text>
</block>
<block><region><rect/></region>
<text>
<par>
<line>Elaboration du PLU</line>
<line>Commune &lt;fe</line>
<line>Charbonnier les Mines</line></par>
</text>
</block>
<block><region><rect/></region>
<text>
<par>
<line>ORIENTATION</line></par>
<par>
<line>D'AMENAGEMENT</line></par>
</text>
</block>
<block><region><rect/></region>
<text>
<par>
<line>OBJET</line></par>
<par>
<line>QUAftTTÊR</line></par>
</text>
</block>
<block><region><rect/><rect/></region>
<text>
<par>
<line>• Le Oénestou</line></par>
</text>
</block>
<block><region><rect/></region>
<text>
<par>
<line>èaménd^er</line></par>
</text>
</block>
<block><region><rect/></region>
<text>
<par>
<line>ACnOWS et OPERATIOWS</line></par>
<par>
<line>QlAMEMAfiEMEMI</line></par>
<par>
<line>assurer ie dévéoppemem de te commune</line></par>
</text>
</block>
<block><region><rect/></region>
<text>
<par>
<line>SCHEMA D^AMEWAGeMENT</line>
<line>Prolongement de la zone «rtisenate</line>
<line>e&gt;dsiar&gt;te</line></par>
<par>
<line>Limiter les coûts en matière de mise en</line>
<line>place des réseaux situés en périphérie</line></par>
</text>
</block>
<block><region><rect/></region>
<text>
<par/>
</text>
</block>
<block><region><rect/></region>
<text>
<par>
<line>4</line></par>
</text>
</block>







































<block blockType="Picture" blockName="" l="464" t="699" r="511" b="734"><region><rect/></region>
</block>
<block blockType="Picture" blockName="" l="950" t="284" r="1120" b="329"><region><rect/></region>
</block>
</page>
</OAP>