<?xml version="1.0" encoding="UTF-8"?><OAP>
<page width="2479" height="3504" resolution="300">
<block><region><rect/></region>
<text>
<par>
<line>Département Du Puy'de&gt;Dôme</line></par>
</text>
</block>
<block><region><rect/></region>
<text>
<par>
<line>PLAN LOCAL D’URBANISME</line></par>
<par>
<line>- COMMUNE DE CHARBONNIERES-LES-VARENNES-</line></par>
</text>
</block>
<block blockType="Table" blockName="" l="224" t="803" r="2327" b="1223"><region><rect/></region>
<row>
<cell leftBorder="White" topBorder="White" rightBorder="White" width="1558" height="111">
<text>
<par>
<line>!</line></par>
</text></cell>
<cell leftBorder="White" rightBorder="White" width="545" height="111">
<text>
<par>
<line>r;£:|,Ti i l;i Sûij!-?jéftc(vr: dit</line></par>
</text></cell></row>
<row>
<cell leftBorder="White" rightBorder="White" width="1558" height="197">
<text>
<par>
<line>Date : Juillet 2009 1</line></par>
</text></cell>
<cell leftBorder="White" width="545" height="197">
<text>
<par>
<line>f 1 5 M. 2009 1</line></par>
<par>
<line>' .'-Tï, ? P.’-î)3 '’3.f)?,l1'’</line></par>
</text></cell></row>
<row>
<cell colSpan="2" leftBorder="White" rightBorder="White" bottomBorder="White" width="2103" height="112">
<text>
<par>
<line>3- Les Orientations d’Aménagèmëht</line></par>
</text></cell></row>
</block>
<block><region><rect/></region>
<text>
<par>
<line>Commune de Charbonnlères-les-Varennes</line>
<line>Mairie</line></par>
<par>
<line>Place de la Mairie</line></par>
<par>
<line>63410 CHARBONNIERES-LES-VARENNES</line>
<line>TEL : 04 73 52 9B</line></par>
</text>
</block>
<block><region><rect/></region>
<text>
<par>
<line>SARL CAMPUS DEVELOPPEMENT</line></par>
<par>
<line>49 Rue Monllosier</line></par>
<par>
<line>63000 CLERMONT-FERRAND</line></par>
<par>
<line>TEL : 04 73 42 25 90 - FAX : 04 73 42 25 89</line></par>
<par>
<line>e-mail ; faye-campus@wanadDD.fr</line></par>
</text>
</block>
<block><region><rect/></region>
<text>
<par>
<line>Prescription le 04/11/2005</line>
<line>Arrêt le 06/07/2007</line>
<line>Approbation le 24/07/2008</line></par>
</text>
</block>
<block><region><rect/></region>
<text>
<par>
<line>1</line></par>
</text>
</block>
<block><region><rect/></region>
<text>
<par/>
</text>
</block>
<block><region><rect/></region>
<text>
<par/>
</text>
</block>
<block><region><rect/></region>
<text>
<par/>
</text>
</block>
<block><region><rect/></region>
<text>
<par>
<line>.Jr' ;</line></par>
</text>
</block>
<block><region><rect/></region>
<text>
<par/>
</text>
</block>
<block><region><rect/></region>
<text>
<par/>
</text>
</block>
<block><region><rect/></region>
<text>
<par>
<line>IT</line></par>
</text>
</block>
<block><region><rect/></region>
<text>
<par/>
</text>
</block>
<block><region><rect/></region>
<text>
<par/>
</text>
</block>
<block><region><rect/></region>
<text>
<par/>
</text>
</block>
<block><region><rect/></region>
<text>
<par>
<line>i</line></par>
</text>
</block>
<block><region><rect/></region>
<text>
<par>
<line>-4</line></par>
</text>
</block>
<block><region><rect/></region>
<text>
<par/>
</text>
</block>
<block><region><rect/></region>
<text>
<par>
<line>•£</line></par>
</text>
</block>
<block><region><rect/></region>
<text>
<par>
<line>4</line></par>
</text>
</block>
<block><region><rect/></region>
<text>
<par>
<line>£</line></par>
</text>
</block>
<block><region><rect/></region>
<text>
<par/>
</text>
</block>
<block><region><rect/></region>
<text>
<par/>
</text>
</block>
<block><region><rect/></region>
<text>
<par/>
</text>
</block>
<block><region><rect/></region>
<text>
<par/>
</text>
</block>
<block><region><rect/></region>
<text>
<par>
<line>RM</line></par>
</text>
</block>
<block><region><rect/></region>
<text>
<par>
<line>s-</line></par>
</text>
</block>
<block><region><rect/></region>
<text>
<par/>
</text>
</block>
<block><region><rect/></region>
<text>
<par/>
</text>
</block>
<block><region><rect/></region>
<text>
<par/>
</text>
</block>
<block><region><rect/></region>
<text>
<par>
<line>Modifications_ Nature_</line></par>
<par>
<line>Modification n°1aDDrouvée par DCM_ Modification du COS des zones UG, AUG, 1AUG. 2AUG</line></par>
<par>
<line>Le 8 Juillet 2009_ Modification d'emplacements réservés_</line></par>
</text>
</block>


















































<block blockType="Picture" blockName="" l="241" t="336" r="2253" b="719"><region><rect/></region>
</block>
<block blockType="Picture" blockName="" l="235" t="328" r="2260" b="816"><region><rect/></region>
</block>
</page>
<page width="2479" height="3504" resolution="300">
<block><region><rect/></region>
<text>
<par>
<line>Avant-propos ; rappel juridique</line></par>
</text>
</block>
<block><region><rect/></region>
<text>
<par>
<line>Introduites par la loi S.R.U. du 13 décembre 2000, les orientations d’aménagement étaient</line>
<line>initialement intégrées au Projet d’Aménagement et de Développement Durable. La loi Urbanisme</line>
<line>et Habitat du 2 juillet 2003 en fait un élément spécifique du PLU, indépendant du PADD.</line></par>
<par>
<line>Opposables aux tiers, les orientations d’aménagement permettent à la commune de préciser</line>
<line>les conditions d'aménagement de certains secteurs qui vont connaître un développement ou une</line>
<line>restructuration particulière.</line></par>
<par>
<line>Elles sont définies dans le troisième alinéa de l'article L123-1 du code de l'urbanisme :</line></par>
<par>
<line>« [Les PLU] peuvent, en outre, comporter des orientations d'aménagement relatives à des quadiers ou a des</line>
<line>secteurs à mettre en valeur, réhabiliter, restructurer ou aménager. Ces orientations peuvent, en cohérence avec le</line>
<line>projet d'aménagement et de développement durable, prévoir les actions et opérations d'aménagement à mettre en</line>
<line>oeuvre, notamment pour mettre en valeur l'environnement, les paysages, les enfrées de villes et le patrimoine, lutter</line>
<line>contre l'insalubrité, permettre le renouvellement urbain et assurer le développement de la commune. Elles peuvent</line>
<line>prendre la forme de schémas d'aménagement et préciser les principales caractéristiques des voies et espaces</line>
<line>publics. »</line></par>
</text>
</block>
<block><region><rect/></region>
<text>
<par>
<line>CAMPUS DEVELOPPEMENT - Modification n'I du PLU de C harbonnières-les-Varennes</line></par>
</text>
</block>
<block><region><rect/></region>
<text>
<par>
<line>1</line></par>
</text>
</block>




</page>
<page width="2479" height="3504" resolution="300">
<block><region><rect/></region>
<text>
<par>
<line>Al dans le village de PAUGNAT : les principes d’aménagement de la zone 1AUG de la Vaveuille</line></par>
</text>
</block>
<block><region><rect/></region>
<text>
<par>
<line>La commune de Charbonnières-les-Varennes devrait voire sa population continuer à augmenter à un</line>
<line>dans les années à venir. La raison en est l'attractivité/qualité de vie de la commune par rapport aux proches</line>
<line>bassins d'emplois de RiomA/olvic et l'agglomération de Clermont-Ferrand.</line></par>
<par>
<line>Le dernier grand secteur intéressant, s’intégrant dans l’enveloppe urbaine du village, et peu sensible</line>
<line>paysagérement, est cette « poche » située à l’est du centre-village.</line></par>
</text>
</block>
<block><region><rect/></region>
<text>
<par>
<line>Il est évident qu’il ne constitue pas encore ia zone à urbaniser en priorité, d’autres dans le village le</line>
<line>seront avant. Il s’agit de réserver des terrains attractifs à aménager suivant les besoins mais avec</line>
<line>cohérence. Les principes d’aménagement restent ainsi pour l’instant schématiques et s'affineront lorsque la</line>
<line>nécessité d'urbanisation s’éveillera.</line></par>
<par>
<line>&gt; Matérialisation des accès automobile et piéton (trottoirs) à l'ensemble de la zone.</line></par>
<par>
<line>&gt; Matérialisation des cheminements automobiles et piétons (trottoirs) dans l'ensemble de ia zone.</line></par>
<par>
<line>&gt; Positionnement des réseaux existants ou à créer.</line></par>
<par>
<line>Par ailleurs, plusieurs autres précisons concernant la qualité de vie de cette future zone urbaine</line>
<line>peuvent être apportées :</line></par>
<par>
<line>O la localisation approximative pour l’aménagement d'un espace vert et de jeux</line>
<line>O une emprise de 10m qui permettra l’aménagement d'accotement piéton, la végétalisation de</line>
<line>ces accotements voire la matérialisation de stationnement</line></par>
</text>
</block>
<block><region><rect/></region>
<text>
<par>
<line>CAMPUS DEVELOPPEMENT - Modification ni du PLU de C harbonnières-les-Varennes</line></par>
</text>
</block>
<block><region><rect/></region>
<text>
<par>
<line>2</line></par>
</text>
</block>




</page>
<page width="2479" height="3504" resolution="300">
<block><region><rect/></region>
<text>
<par>
<line>Sî</line></par>
</text>
</block>
<block><region><rect/></region>
<text>
<par>
<line>■ SCHEMA DES PRINCIPES D'AMENAGEMENT de la zone 1AUG de Paugnat</line></par>
</text>
</block>
<block><region><rect/></region>
<text>
<par/>
</text>
</block>
<block><region><rect/></region>
<text>
<par/>
</text>
</block>
<block><region><rect/></region>
<text>
<par>
<line>10</line></par>
</text>
</block>
<block><region><rect/></region>
<text>
<par>
<line>50</line></par>
</text>
</block>
<block><region><rect/></region>
<text>
<par>
<line>Elargir</line></par>
</text>
</block>
<block><region><rect/></region>
<text>
<par/>
</text>
</block>
<block><region><rect/></region>
<text>
<par>
<line>emplacement</line></par>
</text>
</block>
<block><region><rect/></region>
<text>
<par>
<line>N</line></par>
</text>
</block>
<block><region><rect/></region>
<text>
<par/>
</text>
</block>
<block><region><rect/></region>
<text>
<par/>
</text>
</block>
<block><region><rect/></region>
<text>
<par/>
</text>
</block>
<block><region><rect/></region>
<text>
<par>
<line>a</line></par>
</text>
</block>
<block><region><rect/></region>
<text>
<par>
<line>K</line></par>
</text>
</block>
<block><region><rect/></region>
<text>
<par/>
</text>
</block>
<block><region><rect/></region>
<text>
<par/>
</text>
</block>
<block><region><rect/></region>
<text>
<par>
<line>■ «</line></par>
</text>
</block>
<block><region><rect/></region>
<text>
<par>
<line>H/</line></par>
</text>
</block>
<block><region><rect/></region>
<text>
<par>
<line>37</line></par>
</text>
</block>
<block><region><rect/></region>
<text>
<par>
<line>fik</line></par>
</text>
</block>
<block><region><rect/></region>
<text>
<par>
<line>»</line></par>
</text>
</block>
<block><region><rect/></region>
<text>
<par>
<line>rsa</line></par>
</text>
</block>
<block><region><rect/></region>
<text>
<par>
<line>«</line></par>
</text>
</block>
<block><region><rect/></region>
<text>
<par>
<line>%</line></par>
</text>
</block>
<block><region><rect/></region>
<text>
<par>
<line>H</line></par>
</text>
</block>
<block><region><rect/></region>
<text>
<par>
<line>-W-</line></par>
</text>
</block>
<block><region><rect/></region>
<text>
<par/>
</text>
</block>
<block><region><rect/></region>
<text>
<par/>
</text>
</block>
<block><region><rect/></region>
<text>
<par>
<line>in</line></par>
</text>
</block>
<block><region><rect/></region>
<text>
<par/>
</text>
</block>
<block><region><rect/></region>
<text>
<par/>
</text>
</block>
<block><region><rect/></region>
<text>
<par>
<line>93</line></par>
</text>
</block>
<block><region><rect/></region>
<text>
<par>
<line>r</line></par>
</text>
</block>
<block><region><rect/></region>
<text>
<par/>
</text>
</block>
<block><region><rect/></region>
<text>
<par>
<line>LEGENDES</line></par>
</text>
</block>
<block><region><rect/></region>
<text>
<par>
<line>111 I Zonage du PLU</line></par>
<par>
<line>Acebs fl lazone a urbaniser</line></par>
<par>
<line>Réciménagcmcntdiilavoiriecxbtcioïc</line>
<line>emprise de 10m</line></par>
<par>
<line>' Amérugementd'unevolrre nouvdie</line>
<line>emprise lOm</line></par>
<par>
<line>Né —h AménayoïiCTiid'unchemlTicmcni</line>
<line>piâtonnief</line></par>
</text>
</block>
<block><region><rect/></region>
<text>
<par>
<line>Râscauxsecsou bumldesexlsrunt ou Li&lt;rÆcf</line></par>
<par>
<line>I J I Espacepoienrtellemenrcof^trucfiblG</line>
<line>I ■ I uoire leur découpage en loB</line></par>
<par>
<line>Prévoir une aire de rcroumemeoT</line></par>
<par>
<line>Prévoir une altc de rciûurnemeni</line>
<line>provisoire</line></par>
<par>
<line>O Prévoir l'aménagem eni d’un espaoî</line>
<line>verreidejeuxüansic secieur</line></par>
</text>
</block>
<block><region><rect/></region>
<text>
<par>
<line>CAMPUS DEVELOPPEMENT - Modification n°1 du PLU de C harbonnières-les-Varennes</line></par>
</text>
</block>
<block><region><rect/></region>
<text>
<par>
<line>3</line></par>
</text>
</block>




























<block blockType="Picture" blockName="" l="281" t="564" r="313" b="691"><region><rect/></region>
</block>
<block blockType="Picture" blockName="" l="274" t="1205" r="311" b="1315"><region><rect/></region>
</block>
<block blockType="Picture" blockName="" l="293" t="1334" r="340" b="1417"><region><rect/></region>
</block>
</page>
</OAP>