<?xml version="1.0" encoding="UTF-8"?><OAP>
<page width="2479" height="3508" resolution="300">
<block><region><rect/></region>
<text>
<par>
<line>r</line></par>
</text>
</block>
<block><region><rect/></region>
<text>
<par>
<line>DEPARTEMENT DU PUY DE DOME</line></par>
</text>
</block>
<block><region><rect/></region>
<text>
<par>
<line>Commune de</line></par>
<par>
<line>CHATEL-GUYON</line></par>
<par>
<line>V_^_</line></par>
</text>
</block>
<block><region><rect/></region>
<text>
<par>
<line>1.4</line></par>
</text>
</block>
<block><region><rect/></region>
<text>
<par>
<line>/ N</line></par>
<par>
<line>SCP DESCOEUR F et C</line></par>
<par>
<line>ARCHITECTURE ET AMENAGEMENT DU TERRITOIRE</line>
<line>49 rue des Salins</line>
<line>63000 Clermont Ferrand</line>
<line>Tel : 04.73.35.16.26.</line></par>
<par>
<line>Fax : 04.73.34.26.65.</line></par>
<par>
<line>Mail : scp.descoeur@wanadoo.fr</line></par>
<par>
<line>\_/</line></par>
</text>
</block>
<block><region><rect/></region>
<text>
<par>
<line>/-N</line></par>
<par>
<line>PLAN LOCAL D’URBANISME</line></par>
</text>
</block>
<block><region><rect/></region>
<text>
<par>
<line>v_/</line></par>
</text>
</block>
<block><region><rect/></region>
<text>
<par>
<line>ORIENTATIONS D’AMENAGEMENT</line></par>
</text>
</block>
<block blockType="Table" blockName="" l="236" t="2500" r="2258" b="3067"><region><rect/></region>
<row>
<cell topBorder="White" bottomBorder="White" width="991" height="48">
<text>
<par/>
</text></cell>
<cell topBorder="White" bottomBorder="White" width="39" height="48">
<text>
<par/>
</text></cell>
<cell topBorder="White" bottomBorder="White" width="992" height="48">
<text>
<par>
<line>MODIFICATIONS - REVISIONS PARTIELLES</line></par>
</text></cell></row>
<row>
<cell topBorder="White" bottomBorder="White" width="991" height="47">
<text>
<par/>
</text></cell>
<cell topBorder="White" bottomBorder="White" width="39" height="47">
<text>
<par/>
</text></cell>
<cell topBorder="White" bottomBorder="White" width="992" height="47">
<text>
<par>
<line>MISES A JOUR</line></par>
</text></cell></row>
<row>
<cell topBorder="White" bottomBorder="White" width="991" height="41">
<text>
<par>
<line>PRESCRIPTION</line></par>
</text></cell>
<cell topBorder="White" bottomBorder="White" width="39" height="41">
<text>
<par/>
</text></cell>
<cell topBorder="White" bottomBorder="White" width="992" height="41">
<text>
<par/>
</text></cell></row>
<row>
<cell topBorder="White" bottomBorder="White" width="991" height="56">
<text>
<par>
<line>Délibération du conseil municipal du 16.12.2008</line></par>
</text></cell>
<cell topBorder="White" bottomBorder="White" width="39" height="56">
<text>
<par/>
</text></cell>
<cell topBorder="White" bottomBorder="White" width="992" height="56">
<text>
<par>
<line>1. _</line></par>
</text></cell></row>
<row>
<cell topBorder="White" bottomBorder="White" width="991" height="50">
<text>
<par/>
</text></cell>
<cell topBorder="White" bottomBorder="White" width="39" height="50">
<text>
<par/>
</text></cell>
<cell topBorder="White" bottomBorder="White" width="992" height="50">
<text>
<par>
<line>2. _</line></par>
</text></cell></row>
<row>
<cell topBorder="White" bottomBorder="White" width="991" height="47">
<text>
<par>
<line>ARRET DU PROJET</line></par>
</text></cell>
<cell topBorder="White" bottomBorder="White" width="39" height="47">
<text>
<par/>
</text></cell>
<cell topBorder="White" bottomBorder="White" width="992" height="47">
<text>
<par>
<line>3. _</line></par>
</text></cell></row>
<row>
<cell topBorder="White" bottomBorder="White" width="991" height="72">
<text>
<par>
<line>Délibération du conseil municipal du 29.03.2011</line></par>
</text></cell>
<cell topBorder="White" bottomBorder="White" width="39" height="72">
<text>
<par/>
</text></cell>
<cell topBorder="White" bottomBorder="White" width="992" height="72">
<text>
<par>
<line>4. _</line></par>
</text></cell></row>
<row>
<cell topBorder="White" bottomBorder="White" width="991" height="89">
<text>
<par>
<line>APPROBATION</line></par>
</text></cell>
<cell topBorder="White" bottomBorder="White" width="39" height="89">
<text>
<par/>
</text></cell>
<cell topBorder="White" bottomBorder="White" width="992" height="89">
<text>
<par>
<line>5. _</line></par>
<par>
<line>6. _</line></par>
</text></cell></row>
<row>
<cell topBorder="White" bottomBorder="White" width="991" height="117">
<text>
<par>
<line>Délibération du conseil municipal du 20.12.2011</line></par>
</text></cell>
<cell topBorder="White" bottomBorder="White" width="39" height="117">
<text>
<par/>
</text></cell>
<cell topBorder="White" bottomBorder="White" width="992" height="117">
<text>
<par/>
</text></cell></row>
</block>




















</page>
<page width="2479" height="3508" resolution="300">
<block><region><rect/></region>
<text>
<par>
<line>COMMUNE DE CHATEL-GUYON</line></par>
</text>
</block>
<block><region><rect/></region>
<text>
<par>
<line>PLAN LOCAL d’URBANISME</line></par>
</text>
</block>
<block><region><rect/></region>
<text>
<par>
<line>La zone AUG au sud-ouest de CHATEL - Les Pâles</line></par>
</text>
</block>
<block><region><rect/></region>
<text>
<par/>
</text>
</block>
<block><region><rect/></region>
<text>
<par/>
</text>
</block>
<block><region><rect/></region>
<text>
<par>
<line>US9</line></par>
</text>
</block>
<block><region><rect/></region>
<text>
<par/>
</text>
</block>
<block><region><rect/></region>
<text>
<par/>
</text>
</block>
<block><region><rect/></region>
<text>
<par/>
</text>
</block>
<block><region><rect/></region>
<text>
<par/>
</text>
</block>
<block><region><rect/></region>
<text>
<par/>
</text>
</block>
<block><region><rect/></region>
<text>
<par/>
</text>
</block>
<block><region><rect/></region>
<text>
<par/>
</text>
</block>
<block><region><rect/></region>
<text>
<par/>
</text>
</block>
<block><region><rect/></region>
<text>
<par>
<line>*Q</line></par>
</text>
</block>
<block><region><rect/></region>
<text>
<par>
<line>--S.</line></par>
</text>
</block>
<block><region><rect/></region>
<text>
<par>
<line>s»0</line></par>
</text>
</block>
<block><region><rect/></region>
<text>
<par/>
</text>
</block>
<block><region><rect/></region>
<text>
<par/>
</text>
</block>
<block><region><rect/></region>
<text>
<par>
<line>(*i</line></par>
</text>
</block>
<block><region><rect/></region>
<text>
<par/>
</text>
</block>
<block><region><rect/></region>
<text>
<par/>
</text>
</block>
<block><region><rect/></region>
<text>
<par>
<line>^ 665 •</line></par>
</text>
</block>
<block><region><rect/></region>
<text>
<par/>
</text>
</block>
<block><region><rect/></region>
<text>
<par>
<line>* r&gt;-</line></par>
</text>
</block>
<block><region><rect/></region>
<text>
<par>
<line>030</line></par>
</text>
</block>
<block><region><rect/></region>
<text>
<par/>
</text>
</block>
<block><region><rect/></region>
<text>
<par/>
</text>
</block>
<block><region><rect/></region>
<text>
<par>
<line>Zd</line></par>
</text>
</block>
<block><region><rect/></region>
<text>
<par>
<line>2b</line></par>
</text>
</block>
<block><region><rect/></region>
<text>
<par/>
</text>
</block>
<block><region><rect/></region>
<text>
<par/>
</text>
</block>
<block><region><rect/></region>
<text>
<par/>
</text>
</block>
<block><region><rect/></region>
<text>
<par/>
</text>
</block>
<block><region><rect/></region>
<text>
<par>
<line>119»</line></par>
</text>
</block>
<block><region><rect/></region>
<text>
<par/>
</text>
</block>
<block><region><rect/></region>
<text>
<par/>
</text>
</block>
<block><region><rect/></region>
<text>
<par>
<line>E</line></par>
</text>
</block>
<block><region><rect/></region>
<text>
<par>
<line>L</line></par>
</text>
</block>
<block><region><rect/></region>
<text>
<par>
<line>A</line></par>
</text>
</block>
<block><region><rect/></region>
<text>
<par>
<line>Sw</line></par>
</text>
</block>
<block><region><rect/></region>
<text>
<par>
<line>£sr</line></par>
</text>
</block>
<block><region><rect/></region>
<text>
<par>
<line>L</line></par>
</text>
</block>
<block><region><rect/></region>
<text>
<par/>
</text>
</block>
<block><region><rect/></region>
<text>
<par/>
</text>
</block>
<block><region><rect/></region>
<text>
<par>
<line>3B</line></par>
</text>
</block>
<block><region><rect/></region>
<text>
<par>
<line>2»</line></par>
</text>
</block>
<block><region><rect/></region>
<text>
<par/>
</text>
</block>
<block><region><rect/></region>
<text>
<par/>
</text>
</block>
<block><region><rect/></region>
<text>
<par>
<line>a 27</line></par>
</text>
</block>
<block><region><rect/></region>
<text>
<par/>
</text>
</block>
<block><region><rect/><rect/></region>
<text>
<par/>
</text>
</block>
<block><region><rect/></region>
<text>
<par>
<line>M</line></par>
</text>
</block>
<block><region><rect/></region>
<text>
<par>
<line>53</line></par>
</text>
</block>
<block><region><rect/></region>
<text>
<par>
<line>rt»</line></par>
</text>
</block>
<block><region><rect/></region>
<text>
<par/>
</text>
</block>
<block><region><rect/></region>
<text>
<par/>
</text>
</block>
<block><region><rect/></region>
<text>
<par>
<line>49</line></par>
</text>
</block>
<block><region><rect/></region>
<text>
<par>
<line>Accès</line></par>
</text>
</block>
<block><region><rect/></region>
<text>
<par/>
</text>
</block>
<block><region><rect/></region>
<text>
<par/>
</text>
</block>
<block><region><rect/></region>
<text>
<par>
<line>Réseaux</line></par>
</text>
</block>
<block><region><rect/></region>
<text>
<par/>
</text>
</block>
<block><region><rect/></region>
<text>
<par>
<line>705</line></par>
</text>
</block>
<block><region><rect/></region>
<text>
<par>
<line>«</line></par>
</text>
</block>
<block><region><rect/><rect/><rect/></region>
<text>
<par>
<line>&amp;</line></par>
</text>
</block>
<block><region><rect/></region>
<text>
<par/>
</text>
</block>
<block><region><rect/></region>
<text>
<par/>
</text>
</block>
<block><region><rect/></region>
<text>
<par>
<line>se-</line></par>
</text>
</block>
<block><region><rect/></region>
<text>
<par>
<line>_ J</line></par>
</text>
</block>
<block><region><rect/></region>
<text>
<par>
<line>Les indications graphiques sont indicatives.</line></par>
</text>
</block>
<block><region><rect/></region>
<text>
<par>
<line>Distribution :</line></par>
<par>
<line>© Tous les réseaux : eau potable, assainissement collectif, électricité. Les réseaux se situent sur la rue des Pâlies et la rue</line></par>
<par>
<line>de la Pérouse.</line></par>
<par>
<line>Remarque : la zone est traversée par un réseau de refoulement privé réalisé le long d’une voirie communale.</line></par>
<par>
<line>Orientations d’Aménagement :</line></par>
<par>
<line>• 2 accès obligatoires devront être crées et permettront de boucler la zone sans la réalisation d’une raquette de</line>
<line>demi tour.</line></par>
<par>
<line>• I cheminement doux dont un accès existe déjà sur l’allée des Pâlies, et qui est identifié par un chemin communal,</line>
<line>devra être mis en valeur dans l’aménagement.</line></par>
<par>
<line>• Afin d’avoir un espace urbain cohérent, l’ensemble des propriétaires devra s’entendre pour la constructibilité de la</line>
<line>zone.</line></par>
<par>
<line>• Dépendant d’un aménagement global sur l’ensemble des parcelles, les travaux pourront se réaliser au fur et à</line>
<line>mesure en fonction d’un phasage.</line></par>
</text>
</block>
<block><region><rect/></region>
<text>
<par>
<line>SCP DESCOEUR F et C</line></par>
<par>
<line>Architecture et Aménagement du Territoire</line></par>
</text>
</block>
<block><region><rect/></region>
<text>
<par>
<line>LES ORIENTATIONS D’AMENAGEMENT</line></par>
</text>
</block>
<block><region><rect/></region>
<text>
<par>
<line>29</line></par>
</text>
</block>









<block blockType="Picture" blockName="" l="205" t="1495" r="545" b="1557"><region><rect/></region>
</block>
<block blockType="Picture" blockName="" l="187" t="483" r="2317" b="1561"><region><rect/></region>
</block>
</page>
</OAP>