<?xml version="1.0" encoding="UTF-8"?><OAP>
<page width="3504" height="2475" resolution="300">
<block><region><rect/></region>
<text>
<par>
<line>DEPARTEMENT DU PUY DE DOME</line></par>
<par>
<line>Commune de</line></par>
<par>
<line>COURNON D'AUVERGNE</line></par>
<par>
<line>COURNON</line></par>
<par>
<line>d’Auverane</line></par>
</text>
</block>
<block><region><rect/></region>
<text>
<par>
<line>2.2.</line></par>
</text>
</block>
<block><region><rect/></region>
<text>
<par>
<line>APP</line></par>
</text>
</block>
<block><region><rect/></region>
<text>
<par>
<line>Approuve</line></par>
</text>
</block>
<block><region><rect/></region>
<text>
<par>
<line>PLAN LOCAL D'URBANISME</line></par>
<par>
<line>DOSSIER DE MODIFICATION SIMPLIFIEE N°2</line></par>
</text>
</block>
<block><region><rect/></region>
<text>
<par>
<line>Les orientations d'aménagement ,</line></par>
</text>
</block>
<block blockType="Table" blockName="" l="173" t="1640" r="3367" b="2351"><region><rect/></region>
<row>
<cell colSpan="2" leftBorder="White" rightBorder="White" width="3194" height="41">
<text>
<par>
<line>^</line></par>
</text></cell></row>
<row>
<cell bottomBorder="White" width="1091" height="121">
<text>
<par>
<line>REVISION</line></par>
</text></cell>
<cell bottomBorder="White" width="2103" height="121">
<text>
<par>
<line>Modifications - Révisions partielIQë»</line></par>
</text></cell></row>
<row>
<cell topBorder="White" bottomBorder="White" width="1091" height="122">
<text>
<par>
<line>Prescription</line></par>
</text></cell>
<cell topBorder="White" bottomBorder="White" width="2103" height="122">
<text>
<par>
<line>Mises a Jour</line></par>
</text></cell></row>
<row>
<cell topBorder="White" bottomBorder="White" width="1091" height="72">
<text>
<par>
<line>Délibération du Conseil Municipal du</line></par>
</text></cell>
<cell topBorder="White" bottomBorder="White" width="2103" height="72">
<text>
<par>
<line>1 Modification n°l approuvée par délibération du Conseil Municipal du 13/01/2005</line></par>
</text></cell></row>
<row>
<cell topBorder="White" bottomBorder="White" width="1091" height="71">
<text>
<par>
<line>ARRETE DU PROJET</line></par>
</text></cell>
<cell topBorder="White" bottomBorder="White" width="2103" height="71">
<text>
<par>
<line>2 Modification n°2 approuvée par délibération du Conseil Municipal du 23/03/2006</line></par>
</text></cell></row>
<row>
<cell topBorder="White" bottomBorder="White" width="1091" height="89">
<text>
<par>
<line>Délibération du Conseil Municipal du</line></par>
</text></cell>
<cell topBorder="White" bottomBorder="White" width="2103" height="89">
<text>
<par>
<line>3 Modification simplifiée n°2 approuvée par délibération du Conseil Municipal du 27/06/2013</line></par>
</text></cell></row>
<row>
<cell topBorder="White" bottomBorder="White" width="1091" height="64">
<text>
<par>
<line>Approbation</line></par>
</text></cell>
<cell topBorder="White" width="2103" height="64">
<text>
<par>
<line>4 ...</line></par>
</text></cell></row>
<row>
<cell topBorder="White" width="1091" height="131">
<text>
<par>
<line>Délibération du Conseil Municipal du 15 Oct. 2003</line></par>
</text></cell>
<cell width="2103" height="131">
<text>
<par>
<line>5 .</line></par>
</text></cell></row>
</block>



















</page>
<page width="3504" height="2475" resolution="300">
<block><region><rect/></region>
<text>
<par>
<line>SOMMAIRE</line></par>
</text>
</block>
<block><region><rect/></region>
<text>
<par>
<line>DIX GRANDS PROJETS POUR COURNON.3</line></par>
<par>
<line>a Thème : Créer un habitat diversifié de qualité à proximité des équipements et des services.4</line></par>
<par>
<line>Thème : Créer un habitat diversifié de qualité à proximité des équipements et des services.7</line></par>
<par>
<line>Q Thème : Créer un habitat diversifié de qualité à proximité des équipements et des services.11</line></par>
<par>
<line>Q Thème : Créer un habitat diversifié de qualité à proximité des équipements et des services.15</line></par>
<par>
<line>□ Thème : Créer un habitat diversifié de qualité à proximité des équipements et des services.18</line></par>
<par>
<line>Q Thème : Créer un habitat diversifié de qualité à proximité des équipements et des services.21</line></par>
<par>
<line>Thème : Maintenir les grands équilibres commerciaux.24</line></par>
<par>
<line>□ Thème : Conforter la vocation économique de Cournon et maintenir les grands équilibres commerciaux.26</line></par>
<par>
<line>Q Thème: Conforter la vocation économique de Cournon et maintenir les grands équilibres commerciaux.31</line></par>
<par>
<line>□ Thème: Préserver un cadre environnemental et paysager de qualité.34</line></par>
<par>
<line>□ Thème : Préserver un cadre environnemental et paysager de qualité.35</line></par>
<par>
<line>□ Thème : Préserver un cadre environnemental et paysager de qualité.36</line></par>
<par>
<line>Thèmes : Préserver un cadre environnemental et paysager de qualité. Mettre en œuvre une politique globale des</line></par>
<par>
<line>déplacements en cohérence avec le PDU.38</line></par>
<par>
<line>□ Thème : Préserver un cadre environnemental et paysager de qualité.40</line></par>
<par>
<line>Thème ; Préserver un cadre environnemental et paysager de qualité.41</line></par>
</text>
</block>
<block><region><rect/></region>
<text>
<par>
<line>PLU COURNON D'AUVERGNE - Orienlotions d'oménogement -27 juin 2013</line></par>
<par>
<line>Modificotian simplifiée n°2 - Approuvé</line></par>
</text>
</block>

















<block blockType="Picture" blockName="" l="591" t="364" r="3234" b="498"><region><rect/></region>
</block>
</page>
<page width="3504" height="2475" resolution="300">
<block><region><rect/></region>
<text>
<par>
<line>DIX GRANDS PROJETS POUR COURNON .</line></par>
</text>
</block>
<block><region><rect/></region>
<text>
<par>
<line>1 Protéger et mettre en valeur les puys de Bane et d'Anzelle.</line></par>
<par>
<line>2 Mettre en valeur la vallée de l'Ailier et de l’Auzon /equalifier le pôle de loisirs.</line></par>
<par>
<line>3 Créer un grand pôle économique sur Sarliève avec des exigences de qualité.</line></par>
<par>
<line>4 Améliorer les liaisons avec Clermont en développant les transports collectifs et le réseau deux roues.</line></par>
<par>
<line>5 Faciliter l'accès et développer les liaisons ferrovioires ;</line></par>
<par>
<line>6 Réaliser le contournement Sud- Est avec un nouveau pont sur l'Ailier.</line></par>
<par>
<line>7 Renforcer et relier les deux pôles commerciaux, aménager la place Gardet et restructurer ses abords.</line></par>
<par>
<line>8 Réaliser des opérations d'habitot mixte dans le tissu urbain, ochever la ZAC des Toulaits, ouvrir à l'urbanisation les</line>
<line>secteurs du collège du Stade, des Queyriaux et de Palavezy sud, des Gontards, Foumariaux et Trioulère.</line></par>
<par>
<line>9 Mettre en valeur le vieux bourg,</line></par>
<par>
<line>10 Aménager le secteur de la Poëlade.</line></par>
</text>
</block>
<block><region><rect/></region>
<text>
<par>
<line>3</line></par>
</text>
</block>
<block><region><rect/></region>
<text>
<par>
<line>PLU COURNON D'AUVERGNE - Ocientotions d'oménogemenl -27 juin 2013</line></par>
<par>
<line>Modification simplifiée n“2-Approuvé</line></par>
</text>
</block>

<block blockType="Picture" blockName="" l="588" t="402" r="3231" b="511"><region><rect/></region>
</block>
</page>
<page width="3504" height="2475" resolution="300">
<block><region><rect/></region>
<text>
<par>
<line>PROJET : RESTRUCTURATION DES ABORDS DE LA PLACE GARDET.</line></par>
</text>
</block>
<block><region><rect/></region>
<text>
<par>
<line>□ THEME : Maintenir les grands équilibres commerciaux.</line></par>
</text>
</block>
<block><region><rect/></region>
<text>
<par>
<line>• Objectif : stabiliser l'organisation commerciale actuelle.</line></par>
<par>
<line>Conforter les deux pôles centraux existants et améliorer leurs liaisons ;</line></par>
<par>
<line>^ Conforter l’offre en commerces et en sen/ices</line></par>
<par>
<line>améliorer l'accessibilité des commerces et services . Développer l'offre de stationnement.</line></par>
<par>
<line>^ renforcer l'attractivité du quartier :améliorer la convivialité de l’espace public .limiter les flux de circulation, faciliter les</line>
<line>liaisons avec les rues commerciales.</line></par>
<par>
<line>^ permettre la réalisation de programmes d’habitat diversifié proche du centre.</line></par>
<par>
<line>• Orientations programmatiques ;</line></par>
<par>
<line>Le programme de recomposition urbaine des abords de la Place Gardet comprendra :</line></par>
<par>
<line>La réalisation de programmes de logements collectifs et intermédiaires en accession ou en locatif.</line></par>
<par>
<line>^ Des locaux d’activités en pied d’immeuble pour les commerces et services.</line></par>
<par>
<line>^ Des bureaux</line></par>
</text>
</block>
<block><region><rect/></region>
<text>
<par>
<line>24</line></par>
</text>
</block>
<block><region><rect/></region>
<text>
<par>
<line>PLU COURNON D'AUVERGNE - Orientotions d'aménagemeni - 27 juin 2013</line></par>
<par>
<line>Madilicotion simpliliée n‘’2 - Approuvé</line></par>
</text>
</block>



<block blockType="Picture" blockName="" l="608" t="308" r="3252" b="398"><region><rect/></region>
</block>
</page>
<page width="3504" height="2475" resolution="300">
<block><region><rect/></region>
<text>
<par>
<line>PROJET D’AMENAGEMENT DES ABORDS DU COLLEGE DU STADE</line></par>
</text>
</block>
<block><region><rect/></region>
<text>
<par>
<line>□ Thème</line></par>
</text>
</block>
<block><region><rect/></region>
<text>
<par>
<line>Créer un habitat diversifié de qualité a proximité des équipements et</line>
<line>services</line></par>
</text>
</block>
<block><region><rect/></region>
<text>
<par>
<line>• Objectifs</line></par>
</text>
</block>
<block><region><rect/></region>
<text>
<par>
<line>utiliser au mieux les dernières disponibilités foncières restantes, inciter à la réalisation de petits collectits en zone</line>
<line>urbaine.</line></par>
<par>
<line>Améliorer l'équilibre social de l'habitat</line>
<line>Conforter les deux pôles centraux existants</line></par>
</text>
</block>
<block><region><rect/></region>
<text>
<par>
<line>Superficie du secteur 5,4 ho</line></par>
<par>
<line>Vocation du secteur : Secteur à vocation mixte habitat diversifié, équipements publics, services et commerces de proximités</line></par>
</text>
</block>
<block><region><rect/></region>
<text>
<par>
<line>• Orientations programmatiques</line></par>
<par>
<line>Le secteur du collège est destiné à l'accueil de programmes mixtes d'habitat collectif intermédiaire et individuel dense. C'est</line>
<line>l'un des sites retenus par la commune pour répondre à la volonté d’équilibre social de l'hobitot ovec la réalisation de</line>
<line>programmes locatifs socioux et l'incitation à la réalisation de petits collectifs accession ou de maisons de ville.</line></par>
<par>
<line>Sans être totalement exclus, les lots libres ne peuvent que représenter une port réduite du programme à réaliser.</line></par>
<par>
<line>Une réserve foncière de 8 000 m^ environ sera réservée pour l'implantation possible d’une médiathèque</line></par>
<par>
<line>L'implantotion de commerces et de services 6 la papulation le long de l’ovenue du Midi sera privilégiée</line></par>
<par>
<line>L'opération compartero des espaces publics de proximité.</line></par>
</text>
</block>
<block><region><rect/></region>
<text>
<par>
<line>21</line></par>
</text>
</block>
<block><region><rect/></region>
<text>
<par>
<line>PLU COURNON D’AUVERGNE- Orientations d'aménogement -27 juin 2013</line></par>
<par>
<line>Modification simplifiée n°2-Approuvé</line></par>
</text>
</block>



<block blockType="Picture" blockName="" l="605" t="363" r="3249" b="451"><region><rect/></region>
</block>
</page>
<page width="3504" height="2475" resolution="300">
<block><region><rect/></region>
<text>
<par>
<line>La commune envisage le transfert à terme des deux terrains de sports à la Plaine de jeux du plan d'eau et l'urbanisation des</line>
<line>espaces libérés.</line></par>
</text>
</block>
<block><region><rect/></region>
<text>
<par>
<line>• Orientations et prescriptions d'aménagement</line></par>
</text>
</block>
<block><region><rect/></region>
<text>
<par>
<line>=&gt; Accessibittté - desserte " station nennent</line></par>
<par>
<line>La desserte des opérations s'effectuera</line></par>
<par>
<line>► par une voie à créer dans le prolongement de la rue de l'Amourette. Lo rue de l’Amourette sera élargie le long de la</line>
<line>zone à urbaniser pour créer un trottoir large planté.</line></par>
<par>
<line>► Par une voie à créer reliant l'entrée du collège et l'avenue de la Gare.</line></par>
<par>
<line>Le dimensionnement de ces voies et leurs profils en travers seront adaptés à une fonction de desserte. Elles comporteront</line>
<line>des plantations.</line></par>
<par>
<line>é* Un réseau de cheminements piétons sera créé ; il comportera au minimum une croisée formée de deux cheminements,</line>
<line>une liaison entre la rue de l'Amourette et l'avenue du Midi, une liaison entre la rue des Alouettes et l'entrée du collège dont</line>
<line>le tracé reste à définir.</line></par>
</text>
</block>
<block><region><rect/></region>
<text>
<par>
<line>Espaces publics</line></par>
<par>
<line>Les opérations de logements devront s'organiser autour d'espaces libres structurés, publics et privés, reliés entre eux et</line>
<line>plantés.</line></par>
<par>
<line>Seront notomment prévus ;</line></par>
<par>
<line>une place publique ouverte sur l'avenue du Midi, bordée d’immeubles collectifs. Cette place devra permettre</line>
<line>d'accueillir diverses pratiques. Elle comportera une oire dégagée de tout obstacle et des plontations. Des</line>
<line>stotionnements pourront être prévus sur sa périphérie. Cette place sera étoblie sur le passoge du cheminement piétons</line>
<line>qu'elle intégrera.</line></par>
</text>
</block>
<block><region><rect/></region>
<text>
<par>
<line>22</line></par>
</text>
</block>
<block><region><rect/></region>
<text>
<par>
<line>PLU COURNON D'AUVERGNE - Orienlalians d'aménagemeni • 27 juin 2013</line></par>
<par>
<line>Modilicotion simpliliée n°2 - Approuvé</line></par>
</text>
</block>



</page>
<page width="3504" height="2475" resolution="300">
<block><region><rect/></region>
<text>
<par>
<line>23</line></par>
</text>
</block>
<block><region><rect/></region>
<text>
<par>
<line>un espace vert public établi en limite de l’enceinte du collège, d’une superficie minimale de 2 500 m^. Cet espace sera</line>
<line>traversé par le cheminement piéton.</line></par>
<par>
<line>Une emprise foncière sera réservée en bordure de cet espace vert pour permettre l’implantation éventuelle d'un</line>
<line>équipement public à vocation culturelle (médiathèque).</line></par>
</text>
</block>
<block><region><rect/></region>
<text>
<par>
<line>Composition urbaine et pqyïciqère</line></par>
<par>
<line>Le choix des formes urbaines doit contribuer au renforcement des liens fanctiannels et morphologiques entre les deux</line>
<line>centres. C’est lo raison pour laquelle les obords de l’avenue du Midi doivent faire l'objet d'une restructuration et d’une</line>
<line>densification. Cette restructuration s’effectuera de manière volontaire entre la rue des Alouettes et l’allée du Vivarais. Des</line>
<line>mesures d’incitation seront prises pour assurer un prolongement par la restructuration des îlots adjacents jusqu’à la Place</line>
<line>Gardet.</line></par>
<par>
<line>L’objectif est en outre d’ouvrir plus largement les secteurs à urbaniser sur l'avenue du Midi et de permettre l’implantation de</line>
<line>nouvelles octivités commerciales ou de services en pied d’immeubles.</line></par>
<par>
<line>Les programmes collectifs denses seront localisés en priorité le long de l’avenue du Midi. Ils devront constituer un</line>
<line>alignement bâti homogène mais pas strictement continu. Cet alignement pourra comporter des décrochements et des</line>
<line>transparences avec un aménagement paysager des abords cohérent avec celui des espaces publics.</line></par>
<par>
<line>■é Une trame végétale continue sera mise en place sur le domaine public prévu et sur les espaces libres privatifs.</line></par>
<par>
<line>l’alignement planté existant avenue du Midi sera préservé.</line></par>
<par>
<line>Un alignement planté sera prévu sur la rue de l’Amourette, de la rue des Alouettes jusqu'au collège.</line></par>
<par>
<line>Les voies nouvelles à créer seront plantées</line></par>
<par>
<line>Les aires de stationnement des différents programmes de logements seront plantées.</line></par>
<par>
<line>La place sera plantée d'arbres d’alignement.</line></par>
<par>
<line>L’espace vert public comportera des plantations en masse. Il Inclura une aire de jeux pour enfants.</line></par>
</text>
</block>
<block><region><rect/></region>
<text>
<par>
<line>PLU COURNON D'AUVERGNE - Orienloiians d’aménagement -27 juin 2013</line></par>
<par>
<line>Modlficalion simpliliée n®2 - Approuvé</line></par>
</text>
</block>


<block blockType="Picture" blockName="" l="608" t="1931" r="3251" b="2018"><region><rect/></region>
</block>
</page>
<page width="3504" height="2475" resolution="300">
<block><region><rect/></region>
<text>
<par>
<line>Orientations d'aménagement :</line></par>
</text>
</block>
<block><region><rect/></region>
<text>
<par/>
</text>
</block>
<block><region><rect/></region>
<text>
<par>
<line>=&gt; Accessibilité, desserte, stationnement :</line></par>
</text>
</block>
<block><region><rect/></region>
<text>
<par>
<line>^ L’aménagement de la place Gardet devra permettre d’alléger la pression de la circulation automobile. Le carrefour sera</line>
<line>modifié pour améliorer la sécurité et l’agrément des lioisons entre la place, les équipements scolaires et les commerces.</line></par>
<par>
<line>Le stationnement sera organisé en préservant une aire centrale permettant l'organisatian de manifestations diverses. Des</line>
<line>capacités nouvelles pourront être dégagées en coeur d’îlot, à l'arrière du front bâti, à l'ouest de la place. Un soin porticulier</line>
<line>sera porté aux liaisons piétonnes entre la salle de l'Alambic et le Collège d’une part, entre la place et la rue du Commerce</line>
<line>d’autre part.</line></par>
<par>
<line>^ Les parcelles 26-458-459-483 jouxtant la place Saint-Maurice, seront acquises pour créer du stationnement (60 places). Les</line>
<line>rues du Commerce et du foirail seront retraitées pour permettre l'installation d’un stationnement latéral.</line></par>
</text>
</block>
<block><region><rect/></region>
<text>
<par>
<line>Espaces publics :</line></par>
<par>
<line>La restructuration des îlots permettra de reconfigurer la place si les nécessités de réorganisation de la circulation et de</line>
<line>constitution d’un lieu de vie l'exigent. Une étude complémentaire précisera les conditions dons lesquelles cette opération</line>
<line>s’effectuera.</line></par>
<par>
<line>^ Composition urbaine et paysagère :</line></par>
<par>
<line>L'objectif de cette opération est d'offrir à la ville de Caurnon un espace public majeur à l’échelle d’une ville de 20 000</line>
<line>habitants.</line></par>
<par>
<line>^ La place sera structurée par un bôti dense en grande partie à l'alignement que la restructuration des îlots permettra</line>
<line>d’édifier et par des plantations d'alignement. Un élément architectural ponctuel [galeries - kiosque - halle) compléterait ce</line>
<line>dispositif. On facilitera la mutation des abords de l'avenue de la Liberté pour prolonger l'alignement bâti ô l'est.</line></par>
</text>
</block>
<block><region><rect/></region>
<text>
<par>
<line>25</line></par>
</text>
</block>
<block><region><rect/></region>
<text>
<par>
<line>PLU COURNON D’AUVERGNE- Orienlotions d'oménagement -27 juin 2013</line></par>
<par>
<line>Modificolion simplifiée n°2 - Approuvé</line></par>
</text>
</block>




</page>
</OAP>