<?xml version="1.0" encoding="UTF-8"?><OAP>
<page width="3504" height="2475" resolution="300">
<block><region><rect/></region>
<text>
<par>
<line>DEPARTEMENT DU PUY DE DOME</line></par>
<par>
<line>Commune de</line></par>
<par>
<line>COURNON D'AUVERGNE</line></par>
<par>
<line>COURNON</line></par>
<par>
<line>d’Auverane</line></par>
</text>
</block>
<block><region><rect/></region>
<text>
<par>
<line>2.2.</line></par>
</text>
</block>
<block><region><rect/></region>
<text>
<par>
<line>APP</line></par>
</text>
</block>
<block><region><rect/></region>
<text>
<par>
<line>Approuve</line></par>
</text>
</block>
<block><region><rect/></region>
<text>
<par>
<line>PLAN LOCAL D'URBANISME</line></par>
<par>
<line>DOSSIER DE MODIFICATION SIMPLIFIEE N°2</line></par>
</text>
</block>
<block><region><rect/></region>
<text>
<par>
<line>Les orientations d'aménagement ,</line></par>
</text>
</block>
<block blockType="Table" blockName="" l="173" t="1640" r="3367" b="2351"><region><rect/></region>
<row>
<cell colSpan="2" leftBorder="White" rightBorder="White" width="3194" height="41">
<text>
<par>
<line>^</line></par>
</text></cell></row>
<row>
<cell bottomBorder="White" width="1091" height="121">
<text>
<par>
<line>REVISION</line></par>
</text></cell>
<cell bottomBorder="White" width="2103" height="121">
<text>
<par>
<line>Modifications - Révisions partielIQë»</line></par>
</text></cell></row>
<row>
<cell topBorder="White" bottomBorder="White" width="1091" height="122">
<text>
<par>
<line>Prescription</line></par>
</text></cell>
<cell topBorder="White" bottomBorder="White" width="2103" height="122">
<text>
<par>
<line>Mises a Jour</line></par>
</text></cell></row>
<row>
<cell topBorder="White" bottomBorder="White" width="1091" height="72">
<text>
<par>
<line>Délibération du Conseil Municipal du</line></par>
</text></cell>
<cell topBorder="White" bottomBorder="White" width="2103" height="72">
<text>
<par>
<line>1 Modification n°l approuvée par délibération du Conseil Municipal du 13/01/2005</line></par>
</text></cell></row>
<row>
<cell topBorder="White" bottomBorder="White" width="1091" height="71">
<text>
<par>
<line>ARRETE DU PROJET</line></par>
</text></cell>
<cell topBorder="White" bottomBorder="White" width="2103" height="71">
<text>
<par>
<line>2 Modification n°2 approuvée par délibération du Conseil Municipal du 23/03/2006</line></par>
</text></cell></row>
<row>
<cell topBorder="White" bottomBorder="White" width="1091" height="89">
<text>
<par>
<line>Délibération du Conseil Municipal du</line></par>
</text></cell>
<cell topBorder="White" bottomBorder="White" width="2103" height="89">
<text>
<par>
<line>3 Modification simplifiée n°2 approuvée par délibération du Conseil Municipal du 27/06/2013</line></par>
</text></cell></row>
<row>
<cell topBorder="White" bottomBorder="White" width="1091" height="64">
<text>
<par>
<line>Approbation</line></par>
</text></cell>
<cell topBorder="White" width="2103" height="64">
<text>
<par>
<line>4 ...</line></par>
</text></cell></row>
<row>
<cell topBorder="White" width="1091" height="131">
<text>
<par>
<line>Délibération du Conseil Municipal du 15 Oct. 2003</line></par>
</text></cell>
<cell width="2103" height="131">
<text>
<par>
<line>5 .</line></par>
</text></cell></row>
</block>



















</page>
<page width="3504" height="2475" resolution="300">
<block><region><rect/></region>
<text>
<par>
<line>SOMMAIRE</line></par>
</text>
</block>
<block><region><rect/></region>
<text>
<par>
<line>DIX GRANDS PROJETS POUR COURNON.3</line></par>
<par>
<line>a Thème : Créer un habitat diversifié de qualité à proximité des équipements et des services.4</line></par>
<par>
<line>Thème : Créer un habitat diversifié de qualité à proximité des équipements et des services.7</line></par>
<par>
<line>Q Thème : Créer un habitat diversifié de qualité à proximité des équipements et des services.11</line></par>
<par>
<line>Q Thème : Créer un habitat diversifié de qualité à proximité des équipements et des services.15</line></par>
<par>
<line>□ Thème : Créer un habitat diversifié de qualité à proximité des équipements et des services.18</line></par>
<par>
<line>Q Thème : Créer un habitat diversifié de qualité à proximité des équipements et des services.21</line></par>
<par>
<line>Thème : Maintenir les grands équilibres commerciaux.24</line></par>
<par>
<line>□ Thème : Conforter la vocation économique de Cournon et maintenir les grands équilibres commerciaux.26</line></par>
<par>
<line>Q Thème: Conforter la vocation économique de Cournon et maintenir les grands équilibres commerciaux.31</line></par>
<par>
<line>□ Thème: Préserver un cadre environnemental et paysager de qualité.34</line></par>
<par>
<line>□ Thème : Préserver un cadre environnemental et paysager de qualité.35</line></par>
<par>
<line>□ Thème : Préserver un cadre environnemental et paysager de qualité.36</line></par>
<par>
<line>Thèmes : Préserver un cadre environnemental et paysager de qualité. Mettre en œuvre une politique globale des</line></par>
<par>
<line>déplacements en cohérence avec le PDU.38</line></par>
<par>
<line>□ Thème : Préserver un cadre environnemental et paysager de qualité.40</line></par>
<par>
<line>Thème ; Préserver un cadre environnemental et paysager de qualité.41</line></par>
</text>
</block>
<block><region><rect/></region>
<text>
<par>
<line>PLU COURNON D'AUVERGNE - Orienlotions d'oménogement -27 juin 2013</line></par>
<par>
<line>Modificotian simplifiée n°2 - Approuvé</line></par>
</text>
</block>

















<block blockType="Picture" blockName="" l="591" t="364" r="3234" b="498"><region><rect/></region>
</block>
</page>
<page width="3504" height="2475" resolution="300">
<block><region><rect/></region>
<text>
<par>
<line>DIX GRANDS PROJETS POUR COURNON .</line></par>
</text>
</block>
<block><region><rect/></region>
<text>
<par>
<line>1 Protéger et mettre en valeur les puys de Bane et d'Anzelle.</line></par>
<par>
<line>2 Mettre en valeur la vallée de l'Ailier et de l’Auzon /equalifier le pôle de loisirs.</line></par>
<par>
<line>3 Créer un grand pôle économique sur Sarliève avec des exigences de qualité.</line></par>
<par>
<line>4 Améliorer les liaisons avec Clermont en développant les transports collectifs et le réseau deux roues.</line></par>
<par>
<line>5 Faciliter l'accès et développer les liaisons ferrovioires ;</line></par>
<par>
<line>6 Réaliser le contournement Sud- Est avec un nouveau pont sur l'Ailier.</line></par>
<par>
<line>7 Renforcer et relier les deux pôles commerciaux, aménager la place Gardet et restructurer ses abords.</line></par>
<par>
<line>8 Réaliser des opérations d'habitot mixte dans le tissu urbain, ochever la ZAC des Toulaits, ouvrir à l'urbanisation les</line>
<line>secteurs du collège du Stade, des Queyriaux et de Palavezy sud, des Gontards, Foumariaux et Trioulère.</line></par>
<par>
<line>9 Mettre en valeur le vieux bourg,</line></par>
<par>
<line>10 Aménager le secteur de la Poëlade.</line></par>
</text>
</block>
<block><region><rect/></region>
<text>
<par>
<line>3</line></par>
</text>
</block>
<block><region><rect/></region>
<text>
<par>
<line>PLU COURNON D'AUVERGNE - Ocientotions d'oménogemenl -27 juin 2013</line></par>
<par>
<line>Modification simplifiée n“2-Approuvé</line></par>
</text>
</block>

<block blockType="Picture" blockName="" l="588" t="402" r="3231" b="511"><region><rect/></region>
</block>
</page>
<page width="3504" height="2475" resolution="300">
<block><region><rect/></region>
<text>
<par>
<line>PROJET : AMENAGEMENT DU SECTEUR DE PALAVEZY -SUD.</line></par>
</text>
</block>
<block><region><rect/></region>
<text>
<par>
<line>□ Thème : Créer un habitat diversifié de qualité à proximité des équipements et</line>
<line>des services.</line></par>
</text>
</block>
<block><region><rect/></region>
<text>
<par>
<line>• Objectif : Limiter l’étalement de l'urbanisation.</line></par>
<par>
<line>Optimiser les capacités d’accueil des dernières disponibilités foncières restantes dans le tissu urbain.</line>
<line>Inciter à la réalisation de petits collectifs en zone urbaine .</line></par>
<par>
<line>Améliorer l'équilibre social de l’habitat.</line></par>
</text>
</block>
<block><region><rect/></region>
<text>
<par>
<line>-&gt; Superficie : 3,7 Ha.</line></par>
<par>
<line>-&gt; Vocation du secteur :</line></par>
<par>
<line>Secteur à vocation d'habitat</line></par>
</text>
</block>
<block><region><rect/></region>
<text>
<par>
<line>• Orientations programmatiques :</line></par>
<par>
<line>Le secteur de Palavezy a pour vocation d’accueillir des progrommes mixtes d'habitat dense . C'est un des sites retenus par la</line>
<line>commune pour mener des actions volontaires de densification ,de diversification et d'équilibre social de l'habitat. Le</line>
<line>programme comprendra des opérations d'habitat individuel dense et d'habitat intermédiaire et des petits collectifs accession</line>
<line>et locatif. Il accuelllero un programme d'habitat social. Il inclura un espace public de proximité à l'échelle de l’opération.</line></par>
</text>
</block>
<block><region><rect/></region>
<text>
<par>
<line>18</line></par>
</text>
</block>
<block><region><rect/></region>
<text>
<par>
<line>PLU COURNON O'AUVERGNE - Otienlatians d’aménogemenl -27 juin 2013</line></par>
<par>
<line>Modilicolion simplifiée n'^2 - Approuvé</line></par>
</text>
</block>



<block blockType="Picture" blockName="" l="607" t="360" r="3251" b="449"><region><rect/></region>
</block>
</page>
<page width="3504" height="2475" resolution="300">
<block><region><rect/></region>
<text>
<par>
<line>PROJET : AMENAGEMENT DU SECTEUR DES QUEYRIAUX.</line></par>
</text>
</block>
<block><region><rect/></region>
<text>
<par>
<line>□ Thème : Créer un habitat diversifié de qualité à proximité des équipements et</line>
<line>des services.</line></par>
<par>
<line>• Objectifs : Limiter l’étalement de l'urbanisation.</line></par>
<par>
<line>Optimiser les capacités d'accueil des dernières disponibilités foncières restantes dans le tissu urbain.</line>
<line>Contribuer à la diversité de l'habitat.</line></par>
<par>
<line>^ Superficie : 3 ha</line></par>
</text>
</block>
<block><region><rect/></region>
<text>
<par>
<line>Vocation de la zone :</line></par>
</text>
</block>
<block><region><rect/></region>
<text>
<par>
<line>Secteur à vocation d'habitat.</line></par>
</text>
</block>
<block><region><rect/></region>
<text>
<par>
<line>• Orientations programmatiques .</line></par>
<par>
<line>Ce secteur répond à la volonté communale de diversifier l'offre de logements sur le plan géographique et typologique et</line>
<line>de favoriser le montage d'opérations d'habitat à l’intérieur du périmètre urbanisé. Il a pour vocation principale d'accueillir</line>
<line>de l'habitat individuel sous forme de lotissements ou d'habitat groupé et des formes plus denses de type intermédiaire.</line></par>
<par>
<line>Ilpourra accueillir des activités compatibles avec la vocation dominante d'habitat et la proximité d'un établissement de</line>
<line>soins dont l’extension est prévue.</line></par>
</text>
</block>
<block><region><rect/></region>
<text>
<par>
<line>15</line></par>
</text>
</block>
<block><region><rect/></region>
<text>
<par>
<line>PLU COURNON D'AUVERGNE - Orientolions d’aménogemeni - 27 juin 2013</line></par>
<par>
<line>Modificaiion simplifiée - Approuvé</line></par>
</text>
</block>

<block blockType="Picture" blockName="" l="600" t="283" r="3245" b="373"><region><rect/></region>
</block>
</page>
<page width="3504" height="2475" resolution="300">
<block><region><rect/></region>
<text>
<par>
<line>Orientations et prescriptions d’aménagement.</line></par>
</text>
</block>
<block><region><rect/></region>
<text>
<par>
<line>16</line></par>
</text>
</block>
<block><region><rect/></region>
<text>
<par>
<line>Access!bUîfé.desserte.stqtionnerT^ent.</line></par>
<par>
<line>L’accès de l'opération s'effectuera à partir des voies adjacentes (rue du Moutier, rue des Garennes) sans restrictions</line>
<line>particulières. Des accès directs pourront être créés sur les voies existantes. On veillera cependant à respecter une distance</line>
<line>d'au moins 50 m des correfours existants pour toute voie nouvelle ouverte à la circulation automobile. Une continuité de</line>
<line>circulation sera assurée entre les 2 rues.</line></par>
<par>
<line>Ces rues auront une fonction de desserte locale, elles feront l'objet d'un élargissement pour permettre la réalisation de</line>
<line>plages de stationnement latérales 'un côté et l’installation d'un cheminement confortable (3m minimum sur la rue du</line>
<line>Moutier, 5m sur la rue des Garennes) et des plantations d'alignement.</line></par>
</text>
</block>
<block><region><rect/></region>
<text>
<par/>
</text>
</block>
<block><region><rect/></region>
<text>
<par/>
</text>
</block>
<block><region><rect/></region>
<text>
<par/>
</text>
</block>
<block><region><rect/></region>
<text>
<par>
<line>^1^</line></par>
</text>
</block>
<block blockType="Table" blockName="" l="1444" t="1478" r="2392" b="1660"><region><rect/></region>
<row>
<cell width="150" height="77">
<text>
<par/>
</text></cell>
<cell width="380" height="77">
<text>
<par/>
</text></cell>
<cell width="267" height="77">
<text>
<par>
<line>Stationnement</line>
<line>ei cheminement</line></par>
</text></cell>
<cell width="151" height="77">
<text>
<par/>
</text></cell></row>
<row>
<cell width="150" height="65">
<text>
<par>
<line>2 SQ</line></par>
</text></cell>
<cell width="380" height="65">
<text>
<par>
<line>5 50</line></par>
</text></cell>
<cell width="267" height="65">
<text>
<par>
<line>450</line></par>
</text></cell>
<cell width="151" height="65">
<text>
<par>
<line>2,50</line></par>
</text></cell></row>
<row>
<cell colSpan="2" width="530" height="40">
<text>
<par>
<line>15.00 rr</line></par>
</text></cell>
<cell width="267" height="40">
<text>
<par>
<line>1</line></par>
</text></cell>
<cell width="151" height="40">
<text>
<par/>
</text></cell></row>
</block>
<block><region><rect/></region>
<text>
<par>
<line>Profil en fravers indicatif rue des Garennes</line></par>
</text>
</block>
<block><region><rect/></region>
<text>
<par>
<line>^ Deux cheminemenfs piéfons transversaux seront prévus entre les 2 rues, l'un reprenant une sente existonte à intégrer au</line>
<line>domoine public, l'autre se situant au droit de l'accès à la confluence de l’Auzon et ou chemin prévu le long des berges.</line></par>
</text>
</block>
<block><region><rect/></region>
<text>
<par>
<line>PLU COURNON D’AUVERGNE - Orienlalians d'aménagemenl - 27 juin 2013</line></par>
<par>
<line>Modificolion simplifiée n*2 - Approuvé</line></par>
</text>
</block>













</page>
<page width="3504" height="2475" resolution="300">
<block><region><rect/></region>
<text>
<par>
<line>=&gt; Espaces pubUcs.</line></par>
</text>
</block>
<block><region><rect/></region>
<text>
<par>
<line>Les constructions seront organisées autour d'un espace public de proximité . Il est à noter que la pointe du secteur n’est pas</line>
<line>destinée ô être urbonisée compte tenu de so sensibilité et de son intérêt orchéoiogique. Elle fera l’objet de mesures de</line>
<line>protection réglementaires au PLU qui préserveront les possibilités d’une mise en voleur ultérieure éventuelle.</line></par>
</text>
</block>
<block><region><rect/></region>
<text>
<par>
<line>=&gt; Composttion urbaine et paysagère.</line></par>
<par>
<line>^ L’essentiel des efforts sera porté sur le troitement des voies adjacentes qui comporteront des alignements plantés et de la</line>
<line>voie intérieure. Lo localisation, la forme et le dimensionnement de l’espace public qui restera à l’échelle de l’opération ne</line>
<line>sont pas déterminés de monière précise. On s’attachero à mettre en valeur les vues sur les reliefs dominant l’Ailier ( Soint</line>
<line>Georges es Allier, Lo Roche Noire). Les parties les plus denses du programme seront localisées en priorité le long de lo rue du</line>
<line>Moutier.</line></par>
</text>
</block>
<block><region><rect/></region>
<text>
<par>
<line>17</line></par>
</text>
</block>
<block><region><rect/></region>
<text>
<par>
<line>PLU COURNON D'AUVERGNE- Orientalions d'oménogement - 27 juin 2013</line></par>
<par>
<line>Modîficolion simplifiée n“2 - Approuvé</line></par>
</text>
</block>



</page>
<page width="3504" height="2475" resolution="300">
<block><region><rect/></region>
<text>
<par>
<line>Orientations et prescriptions d'aménagement.</line></par>
</text>
</block>
<block><region><rect/></region>
<text>
<par>
<line>^ Accessibilité.desserte.stationne ment.</line></par>
<par>
<line>-&gt; Les accès directs sur la RD 52 seront interdits. La desserte de l'opération d'aménagement s’effectuera :</line></par>
<par>
<line>► à partir de la RD 52 au droit de la clinique des Queyriaux .Le carrefour sera réaménagé pour reprendre les voies</line>
<line>existantes et la voie à créer. La création de cet accès s'effectuera en cohérence avec le retraitement de la RD 52 en</line>
<line>boulevard urbain.</line></par>
<par>
<line>► par la rue du Morvan. Cet accès aura un caractère secondaire, la rue conservant un caractère de desserte locale.</line>
<line>Cette rue sera élargie de façon modérée et son troitement affirmera son caractère semi-piéton.</line></par>
<par>
<line>► un réseau de rues maillé dont le traitement privilégiera les usages et assurera la sécurité et la tranquillité des riverains.</line></par>
<par>
<line>► Une antenne deux roues sera créée sur la rue du Foirail bordant l'opération au nord est. Cette antenne reliera deux</line>
<line>éléments structurants du réseou deux roues de Cournon (RD 52,Bd de ceinture) .</line></par>
<par>
<line>► Une continuité piétonne sera assurée au travers de l'opération à partir de l'école, de l'impasse du lotissement, de la RD</line>
<line>52. Les cheminements passeront par l'espace public de proximité.</line></par>
<par>
<line>=&gt; Espaces pubtics.</line></par>
<par>
<line>L'opérotion comprendra un espace de proximité destiné à l’agrément des riverains. Il sera à dominante végétale.</line></par>
</text>
</block>
<block><region><rect/></region>
<text>
<par>
<line>^ Composfflon urbaine et paysagère.</line></par>
<par>
<line>Les principes de composition devront permettre de mixer les différents types d'habitat. Une attention particulière devra être</line>
<line>portée aux abords de la RD 52. On s'attachera à créer une continuité bâtie structurée le long de la RD en s'inspirant du</line>
<line>groupe d'habitation contigu au sud. Le bâti présentera des retraits permettent de dégoger des petits espaces verts en</line>
<line>bordure de la voie.</line></par>
</text>
</block>
<block><region><rect/></region>
<text>
<par>
<line>19</line></par>
</text>
</block>
<block><region><rect/></region>
<text>
<par>
<line>PLU COURNON D'AUVERGNE - Orientations d'aménogemeni - 27 juin 2013</line></par>
<par>
<line>Modillcalion simplifiée n'’2- Approuvé</line></par>
</text>
</block>




</page>
<page width="3504" height="2475" resolution="300">
<block><region><rect/></region>
<text>
<par>
<line>-&gt; Il sera établi à 15 m minimum de l'alignement. Cette marge de recul sera engazonnée et plantée de manière dense pour</line>
<line>assurer une protection visuelle et phonique des logements. Le bâti structurera le carrefour d'entrée. Un alignement planté</line>
<line>sera créé le long de la RD.</line></par>
</text>
</block>
<block><region><rect/></region>
<text>
<par/>
</text>
</block>
<block blockType="Table" blockName="" l="1240" t="766" r="2676" b="1001"><region><rect/></region>
<row>
<cell leftBorder="White" topBorder="White" rightBorder="White" width="104" height="115">
<text>
<par/>
</text></cell>
<cell leftBorder="White" topBorder="White" rightBorder="White" width="410" height="115">
<text>
<par/>
</text></cell>
<cell leftBorder="White" topBorder="White" rightBorder="White" width="100" height="115">
<text>
<par/>
</text></cell>
<cell leftBorder="White" topBorder="White" rightBorder="White" width="359" height="115">
<text>
<par/>
</text></cell>
<cell leftBorder="White" topBorder="White" rightBorder="White" width="154" height="115">
<text>
<par>
<line>\</line></par>
<par>
<line>iL</line></par>
</text></cell>
<cell leftBorder="White" topBorder="White" rightBorder="White" width="154" height="115">
<text>
<par/>
</text></cell>
<cell leftBorder="White" topBorder="White" rightBorder="White" bottomBorder="White" width="155" height="115">
<text>
<par/>
</text></cell></row>
<row>
<cell rightBorder="White" width="104" height="55">
<text>
<par/>
</text></cell>
<cell leftBorder="White" rightBorder="White" width="410" height="55">
<text>
<par/>
</text></cell>
<cell leftBorder="White" width="100" height="55">
<text>
<par/>
</text></cell>
<cell width="359" height="55">
<text>
<par>
<line>Chaussée</line></par>
</text></cell>
<cell rightBorder="White" width="154" height="55">
<text>
<par/>
</text></cell>
<cell leftBorder="White" width="154" height="55">
<text>
<par>
<line>Pisie</line></par>
<par>
<line>ov"lable</line></par>
</text></cell>
<cell topBorder="White" width="155" height="55">
<text>
<par/>
</text></cell></row>
<row>
<cell leftBorder="White" rightBorder="White" bottomBorder="White" width="104" height="65">
<text>
<par>
<line>2,00</line></par>
</text></cell>
<cell leftBorder="White" rightBorder="White" width="410" height="65">
<text>
<par>
<line>eoo</line></par>
</text></cell>
<cell leftBorder="White" width="100" height="65">
<text>
<par>
<line>2.00</line></par>
</text></cell>
<cell width="359" height="65">
<text>
<par>
<line>7.00</line></par>
</text></cell>
<cell rightBorder="White" width="154" height="65">
<text>
<par>
<line>3Ü0</line></par>
</text></cell>
<cell leftBorder="White" width="154" height="65">
<text>
<par>
<line>3 00</line></par>
</text></cell>
<cell width="155" height="65">
<text>
<par>
<line>3.00</line></par>
</text></cell></row>
</block>
<block><region><rect/></region>
<text>
<par>
<line>26.00 in</line></par>
</text>
</block>
<block><region><rect/></region>
<text>
<par>
<line>Profil en travers indicatif RD 52</line></par>
</text>
</block>
<block><region><rect/></region>
<text>
<par>
<line>-&gt; Le bâti sera implanté en retrait variable le long de la voie longeant l'école. L’espace dégagé sera paysagé . Une portie du</line>
<line>programme sera organisée autour de l’espace de proximité qui sera traité sous forme de jordin.</line></par>
</text>
</block>
<block><region><rect/></region>
<text>
<par>
<line>20</line></par>
</text>
</block>
<block><region><rect/></region>
<text>
<par>
<line>PLU COURNON D'AUVERGNE - Orienlûlions d'oménagemeni - 27 juin 2013</line></par>
<par>
<line>Modificotlon simplifiée n®2 - Approuvé</line></par>
</text>
</block>














</page>
</OAP>