<?xml version="1.0" encoding="UTF-8"?><OAP>
<page width="3504" height="2475" resolution="300">
<block><region><rect/></region>
<text>
<par>
<line>DEPARTEMENT DU PUY DE DOME</line></par>
<par>
<line>Commune de</line></par>
<par>
<line>COURNON D'AUVERGNE</line></par>
<par>
<line>COURNON</line></par>
<par>
<line>d’Auverane</line></par>
</text>
</block>
<block><region><rect/></region>
<text>
<par>
<line>2.2.</line></par>
</text>
</block>
<block><region><rect/></region>
<text>
<par>
<line>APP</line></par>
</text>
</block>
<block><region><rect/></region>
<text>
<par>
<line>Approuve</line></par>
</text>
</block>
<block><region><rect/></region>
<text>
<par>
<line>PLAN LOCAL D'URBANISME</line></par>
<par>
<line>DOSSIER DE MODIFICATION SIMPLIFIEE N°2</line></par>
</text>
</block>
<block><region><rect/></region>
<text>
<par>
<line>Les orientations d'aménagement ,</line></par>
</text>
</block>
<block blockType="Table" blockName="" l="173" t="1640" r="3367" b="2351"><region><rect/></region>
<row>
<cell colSpan="2" leftBorder="White" rightBorder="White" width="3194" height="41">
<text>
<par>
<line>^</line></par>
</text></cell></row>
<row>
<cell bottomBorder="White" width="1091" height="121">
<text>
<par>
<line>REVISION</line></par>
</text></cell>
<cell bottomBorder="White" width="2103" height="121">
<text>
<par>
<line>Modifications - Révisions partielIQë»</line></par>
</text></cell></row>
<row>
<cell topBorder="White" bottomBorder="White" width="1091" height="122">
<text>
<par>
<line>Prescription</line></par>
</text></cell>
<cell topBorder="White" bottomBorder="White" width="2103" height="122">
<text>
<par>
<line>Mises a Jour</line></par>
</text></cell></row>
<row>
<cell topBorder="White" bottomBorder="White" width="1091" height="72">
<text>
<par>
<line>Délibération du Conseil Municipal du</line></par>
</text></cell>
<cell topBorder="White" bottomBorder="White" width="2103" height="72">
<text>
<par>
<line>1 Modification n°l approuvée par délibération du Conseil Municipal du 13/01/2005</line></par>
</text></cell></row>
<row>
<cell topBorder="White" bottomBorder="White" width="1091" height="71">
<text>
<par>
<line>ARRETE DU PROJET</line></par>
</text></cell>
<cell topBorder="White" bottomBorder="White" width="2103" height="71">
<text>
<par>
<line>2 Modification n°2 approuvée par délibération du Conseil Municipal du 23/03/2006</line></par>
</text></cell></row>
<row>
<cell topBorder="White" bottomBorder="White" width="1091" height="89">
<text>
<par>
<line>Délibération du Conseil Municipal du</line></par>
</text></cell>
<cell topBorder="White" bottomBorder="White" width="2103" height="89">
<text>
<par>
<line>3 Modification simplifiée n°2 approuvée par délibération du Conseil Municipal du 27/06/2013</line></par>
</text></cell></row>
<row>
<cell topBorder="White" bottomBorder="White" width="1091" height="64">
<text>
<par>
<line>Approbation</line></par>
</text></cell>
<cell topBorder="White" width="2103" height="64">
<text>
<par>
<line>4 ...</line></par>
</text></cell></row>
<row>
<cell topBorder="White" width="1091" height="131">
<text>
<par>
<line>Délibération du Conseil Municipal du 15 Oct. 2003</line></par>
</text></cell>
<cell width="2103" height="131">
<text>
<par>
<line>5 .</line></par>
</text></cell></row>
</block>



















</page>
<page width="3504" height="2475" resolution="300">
<block><region><rect/></region>
<text>
<par>
<line>SOMMAIRE</line></par>
</text>
</block>
<block><region><rect/></region>
<text>
<par>
<line>DIX GRANDS PROJETS POUR COURNON.3</line></par>
<par>
<line>a Thème : Créer un habitat diversifié de qualité à proximité des équipements et des services.4</line></par>
<par>
<line>Thème : Créer un habitat diversifié de qualité à proximité des équipements et des services.7</line></par>
<par>
<line>Q Thème : Créer un habitat diversifié de qualité à proximité des équipements et des services.11</line></par>
<par>
<line>Q Thème : Créer un habitat diversifié de qualité à proximité des équipements et des services.15</line></par>
<par>
<line>□ Thème : Créer un habitat diversifié de qualité à proximité des équipements et des services.18</line></par>
<par>
<line>Q Thème : Créer un habitat diversifié de qualité à proximité des équipements et des services.21</line></par>
<par>
<line>Thème : Maintenir les grands équilibres commerciaux.24</line></par>
<par>
<line>□ Thème : Conforter la vocation économique de Cournon et maintenir les grands équilibres commerciaux.26</line></par>
<par>
<line>Q Thème: Conforter la vocation économique de Cournon et maintenir les grands équilibres commerciaux.31</line></par>
<par>
<line>□ Thème: Préserver un cadre environnemental et paysager de qualité.34</line></par>
<par>
<line>□ Thème : Préserver un cadre environnemental et paysager de qualité.35</line></par>
<par>
<line>□ Thème : Préserver un cadre environnemental et paysager de qualité.36</line></par>
<par>
<line>Thèmes : Préserver un cadre environnemental et paysager de qualité. Mettre en œuvre une politique globale des</line></par>
<par>
<line>déplacements en cohérence avec le PDU.38</line></par>
<par>
<line>□ Thème : Préserver un cadre environnemental et paysager de qualité.40</line></par>
<par>
<line>Thème ; Préserver un cadre environnemental et paysager de qualité.41</line></par>
</text>
</block>
<block><region><rect/></region>
<text>
<par>
<line>PLU COURNON D'AUVERGNE - Orienlotions d'oménogement -27 juin 2013</line></par>
<par>
<line>Modificotian simplifiée n°2 - Approuvé</line></par>
</text>
</block>

















<block blockType="Picture" blockName="" l="591" t="364" r="3234" b="498"><region><rect/></region>
</block>
</page>
<page width="3504" height="2475" resolution="300">
<block><region><rect/></region>
<text>
<par>
<line>DIX GRANDS PROJETS POUR COURNON .</line></par>
</text>
</block>
<block><region><rect/></region>
<text>
<par>
<line>1 Protéger et mettre en valeur les puys de Bane et d'Anzelle.</line></par>
<par>
<line>2 Mettre en valeur la vallée de l'Ailier et de l’Auzon /equalifier le pôle de loisirs.</line></par>
<par>
<line>3 Créer un grand pôle économique sur Sarliève avec des exigences de qualité.</line></par>
<par>
<line>4 Améliorer les liaisons avec Clermont en développant les transports collectifs et le réseau deux roues.</line></par>
<par>
<line>5 Faciliter l'accès et développer les liaisons ferrovioires ;</line></par>
<par>
<line>6 Réaliser le contournement Sud- Est avec un nouveau pont sur l'Ailier.</line></par>
<par>
<line>7 Renforcer et relier les deux pôles commerciaux, aménager la place Gardet et restructurer ses abords.</line></par>
<par>
<line>8 Réaliser des opérations d'habitot mixte dans le tissu urbain, ochever la ZAC des Toulaits, ouvrir à l'urbanisation les</line>
<line>secteurs du collège du Stade, des Queyriaux et de Palavezy sud, des Gontards, Foumariaux et Trioulère.</line></par>
<par>
<line>9 Mettre en valeur le vieux bourg,</line></par>
<par>
<line>10 Aménager le secteur de la Poëlade.</line></par>
</text>
</block>
<block><region><rect/></region>
<text>
<par>
<line>3</line></par>
</text>
</block>
<block><region><rect/></region>
<text>
<par>
<line>PLU COURNON D'AUVERGNE - Ocientotions d'oménogemenl -27 juin 2013</line></par>
<par>
<line>Modification simplifiée n“2-Approuvé</line></par>
</text>
</block>

<block blockType="Picture" blockName="" l="588" t="402" r="3231" b="511"><region><rect/></region>
</block>
</page>
<page width="3504" height="2475" resolution="300">
<block><region><rect/></region>
<text>
<par>
<line>PROJET : Aménagement du secteur de la Poelade.</line></par>
</text>
</block>
<block><region><rect/></region>
<text>
<par>
<line>ü Thème : Créer un habitat diversifié de qualité à proximité des équipements et</line>
<line>des services,</line></par>
<par>
<line>• Objectif : Limiter l’étalement de l’urbanisation .</line></par>
<par>
<line>Améliorer l'équilibre social de l’habitat.</line></par>
<par>
<line>-&gt; Superficie du secteur : 20 ha (habitat)</line></par>
<par>
<line>-&gt; Vocotion du secteur : Secteur à vocation mixte, résidentiel avec la possibilité d'accueillir des équipements collectifs.</line></par>
<par>
<line>• Orientations programmatiques :</line></par>
<par>
<line>-&gt; Le secteur de la Poelade a pour vocation de répondre ô la demonde constante d'hobitat individuel sous la forme de</line>
<line>lotissement ou de groupe d’hobitations.</line></par>
<par>
<line>-&gt; Les opérations devront permettre de satisfaire une demande en lots libres diversifiés.</line></par>
<par>
<line>-&gt; Elles devront inclure des programmes locatifs sociaux dans une proportion de 20%.</line></par>
<par>
<line>-&gt; L'activité d'horticulture existante sera conservée dans l’attente d’une mutation éventuelle.</line></par>
</text>
</block>
<block><region><rect/></region>
<text>
<par>
<line>PLU COURNON D'AUVERGNE - Orientations d'oménogement - 27 juin 2013</line></par>
<par>
<line>Modilicolion simpliliée n°2 - Approuvé</line></par>
</text>
</block>



<block blockType="Picture" blockName="" l="598" t="280" r="3240" b="370"><region><rect/></region>
</block>
</page>
<page width="3504" height="2475" resolution="300">
<block><region><rect/></region>
<text>
<par>
<line>Orientations et prescriptions d'aménagement :</line></par>
</text>
</block>
<block><region><rect/></region>
<text>
<par>
<line>^ Accessibiltfé.desserte,stafionnemerit.</line></par>
<par>
<line>Les accès directs sur la RD 212 et le Boulevard Charles de Gaulle prolongé seront Interdits.</line></par>
<par>
<line>-&gt; la desserte des programmes d'habitat sera assurée :</line></par>
<par>
<line>► par un barreau à créer entre le Bd Charles de Gaulle prolongé et la RD 212 d'une largeur de plate-forme d'au moins</line>
<line>15 m. Le profil en travers de cette voie devro permettre d'accueillir un dispositif de circulation des deux roues établi en</line>
<line>cohérence avec l'axe structurant prévu le long du Bd Charles de Gaulle. Il pourra comporter du stationnement latéral. Il</line>
<line>sera accompogné d'un cheminement piéton protégé occompagné de plantotions.</line></par>
<par>
<line>Les carrefours crées feront l'objet d’un aménagement permettant de garantir la sécurité de l'accès à la zone et de</line>
<line>réduire la vitesse sur les axes d'entrée. La voie nouvelle sera maillée avec le réseau secondaire existant rue de la Roche</line>
<line>au sud.</line></par>
<par>
<line>► par des voies de desserte maillées avec le réseau existant(impasse des figuiers, rue des Vaugondières, chemin existant</line>
<line>le long du Boulevard ) ; ces voies comporteront du stotionnement destiné aux riverains et aux visiteurs.</line></par>
<par>
<line>La desserte du secteur nord s’effectuero ô partir du giratoire existant ou d'un occès spécifique à créer au niveou de la voie</line></par>
<par>
<line>desservant la zone industrielle.</line></par>
<par>
<line>Un réseau cyclable sero intégré à l'opération. Il sera composé :</line></par>
<par>
<line>► d’une lioison principale reliant Cournon 6 Clermont-Fd installée le long du Bd Charles De Gaulle prolongé et de la RD</line>
<line>212 sous forme de piste cyclable.</line></par>
<par>
<line>► d’une lioison étoblie le long du barreau créé qui pourro être prolongée en direction de lo gare Sncf par la zone</line>
<line>d’activités (rue Maurice Bellonte).</line></par>
<par>
<line>► d’une liaison Nord Sud rejoignant le parc futur.</line></par>
<par>
<line>Les modalités techniques de réalisation de ces deux dernières liaisons seront précisées dans le cadre des études</line></par>
<par>
<line>opérationnelles.</line></par>
</text>
</block>
<block><region><rect/></region>
<text>
<par>
<line>8</line></par>
</text>
</block>
<block><region><rect/></region>
<text>
<par>
<line>PLU COURNON D'AUVERGNE- Orienlalions d'oménogement - 27 juin 2013</line></par>
<par>
<line>Modificalion simplifiée n°2 - Approuvé</line></par>
</text>
</block>


</page>
<page width="3504" height="2475" resolution="300">
<block><region><rect/></region>
<text>
<par>
<line>Un réseau de cheminements piétons sera mis en piace au fur et à mesure de la réalisation des opérotions. Ce réseau</line>
<line>comprendra :</line></par>
<par>
<line>► un axe majeur en site propre traversant du nord au sud la zone d'aménagement et reliant les quartiers d’habitat. Ce</line>
<line>chemin sera intégré au futur parc à créer aux abords du rand-point Anne-Marie Menut. Cet axe se prolongera au-delà</line>
<line>de la RD 212 en direction du sentier botanique.</line></par>
<par>
<line>► deux axes secondaires transversaux créés au niveau du barreau (voir ci dessus) et au niveau de la rase qui sera</line>
<line>conservée ,en face d’un chemin existant donnant accès aux puys de Bane et d’Anzelle qui sera inscrit au PLU. Ce</line>
<line>chemin sera intégré à l’aménagement de la zone d'habitation projetée à l’Est de la route départementale.</line></par>
</text>
</block>
<block><region><rect/></region>
<text>
<par>
<line>^ Ëspoces publics.</line></par>
<par>
<line>Le programme des espaces publics comprend :</line></par>
<par>
<line>► un parc paysager.</line></par>
<par>
<line>► une coulée verte centrale intégrant des cheminements deux roues et piétonsfvoir ci dessus).</line></par>
<par>
<line>► une place publique créée au niveau du croisement du barreau et de la coulée verte nord/sud. Elle aura une</line>
<line>dimension minimale de 3000 m2.(Elle constituera un élément de rupture de la circulation sur le borreau et d’échange</line>
<line>entre les différentes voies de desserte de l’opération). Elle pourra comprendre du stationnement.</line></par>
<par>
<line>► les opérations d’habitat comporteront des espaces libres de proximité.</line></par>
<par>
<line>► Une réserve foncière pour un équipement public de proximité</line></par>
</text>
</block>
<block><region><rect/></region>
<text>
<par>
<line>z:&gt; Composition urbaine et paysagère ,</line></par>
</text>
</block>
<block><region><rect/></region>
<text>
<par>
<line>Elle sera déterminée par les vues sur Gergovie et la Chaîne des Puys à l'ouest</line></par>
<par>
<line>Un vaste espace libre paysager sera dégagé au droit du giratoire sur une profondeur d’au moins 100 m par rapport à l'axe</line>
<line>des voies. Il sera engazonné et planté de manière diffuse pour laisser des vues sur le panorama nature!</line></par>
<par>
<line>-&gt; Des marges de recul engazonnées et plontées sont prévues le long de la RD 212 et du boulevard Charles de Gaulle</line>
<line>prolongé, du giratoire d'entrée au carrefour de la rue des Gardes.</line></par>
<par>
<line>Cette marge de recul est de : 10 m et de 15 m surlo RD 212 dans les zones 2 AUG et 3 AUGm</line></par>
<par>
<line>20 m sur le boulevard Charles de Gaulle.</line></par>
</text>
</block>
<block><region><rect/></region>
<text>
<par>
<line>PLU COURNON D'AUVERGNE - Orientotions d'oménagemenl - 27 juin 2013</line></par>
<par>
<line>ModificoMon simplifiée n°2 - Approuvé</line></par>
</text>
</block>



</page>
<page width="3504" height="2475" resolution="300">
<block><region><rect/></region>
<text>
<par>
<line>^ Le boulevard sera bordé d’un mail double et la RD 212 d’un alignement planté.</line></par>
<par>
<line>le parc public sera positionné en partie haute pour dégager des vues sur la Chaîne des puys. Il pourra comprendre un</line>
<line>théâtre de verdure pour des manifestations extérieures. Il intégrera l'amorce de la coulée verte.</line></par>
<par>
<line>Un grand mail sera constitué entre le parc public et la ploce à créer. Une bonde végétale de composition souple sera</line>
<line>installée le long de l’établissement horticole. Le barreau sera inscrit dans une bande verte latérale.</line></par>
<par>
<line>^ La place comportera une aire libre permettant des pratiques diverses et une aire de jeux pour les enfants inscrite dans la</line>
<line>végétation.</line></par>
<par>
<line>Cet ensemble d'espaces paysogés constituera une grande trame primaire à l’intérieur de laquelle s'inscriront les différentes</line>
<line>opérations. Les choix de formes urbaines seront établis en cohérence avec les grandes lignes de cette trame qu’ils mettront en</line>
<line>valeur.</line></par>
</text>
</block>
<block><region><rect/></region>
<text>
<par>
<line>Des lieux particuliers méritent un traitement spécifique :</line></par>
<par>
<line>La place sera structurée par une continuité bâtie non systématique mais dominante avec des façades orientées sur</line>
<line>l’espace public. On retiendra en priorité cet emplacement pour les programmes plus denses réalisés sous forme d’habitat</line>
<line>groupé.</line></par>
<par>
<line>Les abords du carrefour avec la RD 212 feront l’objet d’un soin particulier avec une composition du bâti homogène. Les</line>
<line>façades des constructions seront orientées sur la RD avec un dégagement poysagé par rapport au carrefour.</line></par>
<par>
<line>-é Les abords du carrefour avec le boulevard feront également l’objet d’un traitement soigné avec une structuration forte par</line>
<line>le bâti.</line></par>
</text>
</block>
<block><region><rect/></region>
<text>
<par>
<line>10</line></par>
</text>
</block>
<block><region><rect/></region>
<text>
<par>
<line>PLU COURNON D'AUVERGNE - Orienlalions d'aménagement -27 juin 2013</line></par>
<par>
<line>Modification simplifiée n°2 - Approuvé</line></par>
</text>
</block>

</page>
</OAP>