<?xml version="1.0" encoding="UTF-8"?><OAP>
<page width="3504" height="2475" resolution="300">
<block><region><rect/></region>
<text>
<par>
<line>DEPARTEMENT DU PUY DE DOME</line></par>
<par>
<line>Commune de</line></par>
<par>
<line>COURNON D'AUVERGNE</line></par>
<par>
<line>COURNON</line></par>
<par>
<line>d’Auverane</line></par>
</text>
</block>
<block><region><rect/></region>
<text>
<par>
<line>2.2.</line></par>
</text>
</block>
<block><region><rect/></region>
<text>
<par>
<line>APP</line></par>
</text>
</block>
<block><region><rect/></region>
<text>
<par>
<line>Approuve</line></par>
</text>
</block>
<block><region><rect/></region>
<text>
<par>
<line>PLAN LOCAL D'URBANISME</line></par>
<par>
<line>DOSSIER DE MODIFICATION SIMPLIFIEE N°2</line></par>
</text>
</block>
<block><region><rect/></region>
<text>
<par>
<line>Les orientations d'aménagement ,</line></par>
</text>
</block>
<block blockType="Table" blockName="" l="173" t="1640" r="3367" b="2351"><region><rect/></region>
<row>
<cell colSpan="2" leftBorder="White" rightBorder="White" width="3194" height="41">
<text>
<par>
<line>^</line></par>
</text></cell></row>
<row>
<cell bottomBorder="White" width="1091" height="121">
<text>
<par>
<line>REVISION</line></par>
</text></cell>
<cell bottomBorder="White" width="2103" height="121">
<text>
<par>
<line>Modifications - Révisions partielIQë»</line></par>
</text></cell></row>
<row>
<cell topBorder="White" bottomBorder="White" width="1091" height="122">
<text>
<par>
<line>Prescription</line></par>
</text></cell>
<cell topBorder="White" bottomBorder="White" width="2103" height="122">
<text>
<par>
<line>Mises a Jour</line></par>
</text></cell></row>
<row>
<cell topBorder="White" bottomBorder="White" width="1091" height="72">
<text>
<par>
<line>Délibération du Conseil Municipal du</line></par>
</text></cell>
<cell topBorder="White" bottomBorder="White" width="2103" height="72">
<text>
<par>
<line>1 Modification n°l approuvée par délibération du Conseil Municipal du 13/01/2005</line></par>
</text></cell></row>
<row>
<cell topBorder="White" bottomBorder="White" width="1091" height="71">
<text>
<par>
<line>ARRETE DU PROJET</line></par>
</text></cell>
<cell topBorder="White" bottomBorder="White" width="2103" height="71">
<text>
<par>
<line>2 Modification n°2 approuvée par délibération du Conseil Municipal du 23/03/2006</line></par>
</text></cell></row>
<row>
<cell topBorder="White" bottomBorder="White" width="1091" height="89">
<text>
<par>
<line>Délibération du Conseil Municipal du</line></par>
</text></cell>
<cell topBorder="White" bottomBorder="White" width="2103" height="89">
<text>
<par>
<line>3 Modification simplifiée n°2 approuvée par délibération du Conseil Municipal du 27/06/2013</line></par>
</text></cell></row>
<row>
<cell topBorder="White" bottomBorder="White" width="1091" height="64">
<text>
<par>
<line>Approbation</line></par>
</text></cell>
<cell topBorder="White" width="2103" height="64">
<text>
<par>
<line>4 ...</line></par>
</text></cell></row>
<row>
<cell topBorder="White" width="1091" height="131">
<text>
<par>
<line>Délibération du Conseil Municipal du 15 Oct. 2003</line></par>
</text></cell>
<cell width="2103" height="131">
<text>
<par>
<line>5 .</line></par>
</text></cell></row>
</block>



















</page>
<page width="3504" height="2475" resolution="300">
<block><region><rect/></region>
<text>
<par>
<line>SOMMAIRE</line></par>
</text>
</block>
<block><region><rect/></region>
<text>
<par>
<line>DIX GRANDS PROJETS POUR COURNON.3</line></par>
<par>
<line>a Thème : Créer un habitat diversifié de qualité à proximité des équipements et des services.4</line></par>
<par>
<line>Thème : Créer un habitat diversifié de qualité à proximité des équipements et des services.7</line></par>
<par>
<line>Q Thème : Créer un habitat diversifié de qualité à proximité des équipements et des services.11</line></par>
<par>
<line>Q Thème : Créer un habitat diversifié de qualité à proximité des équipements et des services.15</line></par>
<par>
<line>□ Thème : Créer un habitat diversifié de qualité à proximité des équipements et des services.18</line></par>
<par>
<line>Q Thème : Créer un habitat diversifié de qualité à proximité des équipements et des services.21</line></par>
<par>
<line>Thème : Maintenir les grands équilibres commerciaux.24</line></par>
<par>
<line>□ Thème : Conforter la vocation économique de Cournon et maintenir les grands équilibres commerciaux.26</line></par>
<par>
<line>Q Thème: Conforter la vocation économique de Cournon et maintenir les grands équilibres commerciaux.31</line></par>
<par>
<line>□ Thème: Préserver un cadre environnemental et paysager de qualité.34</line></par>
<par>
<line>□ Thème : Préserver un cadre environnemental et paysager de qualité.35</line></par>
<par>
<line>□ Thème : Préserver un cadre environnemental et paysager de qualité.36</line></par>
<par>
<line>Thèmes : Préserver un cadre environnemental et paysager de qualité. Mettre en œuvre une politique globale des</line></par>
<par>
<line>déplacements en cohérence avec le PDU.38</line></par>
<par>
<line>□ Thème : Préserver un cadre environnemental et paysager de qualité.40</line></par>
<par>
<line>Thème ; Préserver un cadre environnemental et paysager de qualité.41</line></par>
</text>
</block>
<block><region><rect/></region>
<text>
<par>
<line>PLU COURNON D'AUVERGNE - Orienlotions d'oménogement -27 juin 2013</line></par>
<par>
<line>Modificotian simplifiée n°2 - Approuvé</line></par>
</text>
</block>

















<block blockType="Picture" blockName="" l="591" t="364" r="3234" b="498"><region><rect/></region>
</block>
</page>
<page width="3504" height="2475" resolution="300">
<block><region><rect/></region>
<text>
<par>
<line>DIX GRANDS PROJETS POUR COURNON .</line></par>
</text>
</block>
<block><region><rect/></region>
<text>
<par>
<line>1 Protéger et mettre en valeur les puys de Bane et d'Anzelle.</line></par>
<par>
<line>2 Mettre en valeur la vallée de l'Ailier et de l’Auzon /equalifier le pôle de loisirs.</line></par>
<par>
<line>3 Créer un grand pôle économique sur Sarliève avec des exigences de qualité.</line></par>
<par>
<line>4 Améliorer les liaisons avec Clermont en développant les transports collectifs et le réseau deux roues.</line></par>
<par>
<line>5 Faciliter l'accès et développer les liaisons ferrovioires ;</line></par>
<par>
<line>6 Réaliser le contournement Sud- Est avec un nouveau pont sur l'Ailier.</line></par>
<par>
<line>7 Renforcer et relier les deux pôles commerciaux, aménager la place Gardet et restructurer ses abords.</line></par>
<par>
<line>8 Réaliser des opérations d'habitot mixte dans le tissu urbain, ochever la ZAC des Toulaits, ouvrir à l'urbanisation les</line>
<line>secteurs du collège du Stade, des Queyriaux et de Palavezy sud, des Gontards, Foumariaux et Trioulère.</line></par>
<par>
<line>9 Mettre en valeur le vieux bourg,</line></par>
<par>
<line>10 Aménager le secteur de la Poëlade.</line></par>
</text>
</block>
<block><region><rect/></region>
<text>
<par>
<line>3</line></par>
</text>
</block>
<block><region><rect/></region>
<text>
<par>
<line>PLU COURNON D'AUVERGNE - Ocientotions d'oménogemenl -27 juin 2013</line></par>
<par>
<line>Modification simplifiée n“2-Approuvé</line></par>
</text>
</block>

<block blockType="Picture" blockName="" l="588" t="402" r="3231" b="511"><region><rect/></region>
</block>
</page>
<page width="3504" height="2475" resolution="300">
<block><region><rect/></region>
<text>
<par>
<line>PROJET D’AMENAGEMENT DU SECTEUR DES GONTARDS, LA TRIOULERE ET LES</line>
<line>FOUMARIAUX</line></par>
</text>
</block>
<block><region><rect/></region>
<text>
<par>
<line>□ Thème : Créer un habitat diversifié de qualité à proximité des équipements et</line>
<line>des services</line></par>
</text>
</block>
<block><region><rect/></region>
<text>
<par>
<line>• Objectif : utiliser au mieux les dernières disponibilités foncières restantes. Inciter à la réalisation de petits collectifs en zone</line></par>
</text>
</block>
<block><region><rect/></region>
<text>
<par>
<line>urbaine.</line></par>
</text>
</block>
<block><region><rect/></region>
<text>
<par>
<line>Superficie du secteur :</line></par>
<par>
<line>- La Trioulère 4.5 ha</line></par>
<par>
<line>- Les Gontards 3.5 ha</line></par>
<par>
<line>- Les Foumariaux 9 ha</line></par>
<par>
<line>Vocation du secteur : Secteur à vocation résidentielle et d’accueil d’équipement public.</line></par>
</text>
</block>
<block><region><rect/></region>
<text>
<par>
<line>• Orientations programmatiques</line></par>
<par>
<line>Ces secteurs sont principalement destinés à accueillir des programmes mixtes d’habitot sous forme de lotissements et de</line>
<line>groupements d'hobitatians individuelles ou de constructions de petits immeubles collectifs.</line></par>
<par>
<line>-&gt; Les octivités compatibles avec une vocation résidentielle seront odmises.</line></par>
</text>
</block>
<block><region><rect/></region>
<text>
<par>
<line>PLU COURNON D’AUVERGNE - Orienlolions d’aménagement -27 juin 2013</line></par>
<par>
<line>Modificolion simplifiée n*2 - Approuvé</line></par>
</text>
</block>



<block blockType="Picture" blockName="" l="596" t="358" r="3238" b="528"><region><rect/></region>
</block>
</page>
<page width="3504" height="2475" resolution="300">
<block><region><rect/></region>
<text>
<par>
<line>Orientations et prescriptions d'aménagement</line></par>
</text>
</block>
<block><region><rect/></region>
<text>
<par>
<line>^ Accessibilité - desserte - stotlonnement</line></par>
<par>
<line>-&gt; La desserte du secteur s'effectuera à partir de la rue Joliot Curie réaménagée, en correspondance avec le schéma de</line>
<line>voirie mis en place dans ie cadre de lo ZAC des Toulaits, et de l'avenue de Lempdes par la rue de la Trioulère.</line></par>
<par>
<line>-&gt; Les opérations seront desservies par un réseau secondaire de voiries maillées, constitué des voies existantes recalibrées le</line>
<line>cas échéont (rues bordant le cimetière, rue de la Trioulère, rue des Chemerets).</line></par>
<par>
<line>Ce réseau devra être conçu de façon à permettre une extension éventuelle de l’urbanisation au Nard du cimetière.</line></par>
<par>
<line>-&gt; La voie bordant le cimetière au Sud sera élargie à 15 m et retraitée pour accueillir du stationnement latéral</line></par>
</text>
</block>
<block><region><rect/></region>
<text>
<par/>
</text>
</block>
<block><region><rect/></region>
<text>
<par/>
</text>
</block>
<block><region><rect/></region>
<text>
<par/>
</text>
</block>
<block blockType="Table" blockName="" l="1189" t="1446" r="2717" b="1777"><region><rect/></region>
<row>
<cell rightBorder="White" bottomBorder="White" width="406" height="85">
<text>
<par/>
</text></cell>
<cell leftBorder="White" topBorder="White" rightBorder="White" bottomBorder="White" width="177" height="85">
<text>
<par>
<line>Y</line></par>
</text></cell>
<cell leftBorder="White" topBorder="White" rightBorder="White" bottomBorder="White" width="359" height="85">
<text>
<par/>
</text></cell>
<cell leftBorder="White" topBorder="White" rightBorder="White" bottomBorder="White" width="359" height="85">
<text>
<par/>
</text></cell>
<cell leftBorder="White" topBorder="White" bottomBorder="White" width="182" height="85">
<text>
<par>
<line>VJ</line></par>
</text></cell>
<cell topBorder="White" bottomBorder="White" width="45" height="85">
<text>
<par/>
</text></cell></row>
<row>
<cell topBorder="White" bottomBorder="White" width="406" height="79">
<text>
<par>
<line>'■s.</line></par>
</text></cell>
<cell topBorder="White" rightBorder="White" width="177" height="79">
<text>
<par>
<line>1,</line></par>
</text></cell>
<cell leftBorder="White" topBorder="White" rightBorder="White" bottomBorder="White" width="359" height="79">
<text>
<par/>
</text></cell>
<cell leftBorder="White" topBorder="White" rightBorder="White" width="359" height="79">
<text>
<par>
<line>i</line></par>
</text></cell>
<cell leftBorder="White" topBorder="White" width="182" height="79">
<text>
<par>
<line>L</line></par>
</text></cell>
<cell topBorder="White" bottomBorder="White" width="45" height="79">
<text>
<par/>
</text></cell></row>
<row>
<cell topBorder="White" width="406" height="80">
<text>
<par/>
</text></cell>
<cell width="177" height="80">
<text>
<par/>
</text></cell>
<cell topBorder="White" width="359" height="80">
<text>
<par>
<line>Chaussée</line></par>
</text></cell>
<cell width="359" height="80">
<text>
<par>
<line>Mail planté</line></par>
</text></cell>
<cell width="182" height="80">
<text>
<par/>
</text></cell>
<cell topBorder="White" width="45" height="80">
<text>
<par/>
</text></cell></row>
<row>
<cell leftBorder="White" bottomBorder="White" width="406" height="87">
<text>
<par/>
</text></cell>
<cell width="177" height="87">
<text>
<par>
<line>2.50</line></par>
</text></cell>
<cell width="359" height="87">
<text>
<par>
<line>5.00</line></par>
</text></cell>
<cell width="359" height="87">
<text>
<par>
<line>5J1Û</line></par>
</text></cell>
<cell width="182" height="87">
<text>
<par>
<line>2.50</line></par>
</text></cell>
<cell rightBorder="White" bottomBorder="White" width="45" height="87">
<text>
<par/>
</text></cell></row>
</block>
<block><region><rect/></region>
<text>
<par>
<line>15 m</line></par>
</text>
</block>
<block><region><rect/></region>
<text>
<par>
<line>Profil en travers Indicatif</line></par>
</text>
</block>
<block><region><rect/></region>
<text>
<par>
<line>12</line></par>
</text>
</block>
<block><region><rect/></region>
<text>
<par>
<line>PLU COURNON D'AUVERGNE - Orienlolions d'oinénagemeni -27 juin 2013</line></par>
<par>
<line>Modificotion simplifiée n°2 - Approuvé</line></par>
</text>
</block>



















</page>
<page width="3504" height="2475" resolution="300">
<block><region><rect/></region>
<text>
<par>
<line>^ Un réseau de cheminements piétons sera mis en place en cahérence avec l’aménagement de la ZAC des Toulaits.</line>
<line>Plusieurs liaisons seront assurées avec le chemin des Toulaits, élément piétonnier structurant de la ZAC et le futur parc</line>
<line>projeté dans la ZAC.</line></par>
</text>
</block>
<block><region><rect/></region>
<text>
<par>
<line>^ Un cheminement sera prévu à l’intérieur de la zone en direction de l'ancienne route de Lempdes dont le réaménagement</line>
<line>est projeté. Ce cheminement sera connecté au réseau de la ZAC des Toulaits et aux chemins de desserte des rives d'Allier.</line></par>
<par>
<line>^ On ménagera un cheminement latéral le long de l'ancien chemin de Cournon à Pont du Château.</line></par>
<par>
<line>Réseaux</line></par>
<par>
<line>Un bassin d’orage est envisagé aux abords du giratoire : il sera paysagé.</line></par>
<par>
<line>Espaces pubtics</line></par>
<par>
<line>Iln'est pas prévu d'espoces publics majeurs à l’échelle du quartier en raison de la proximité du pion d'eau et du futur porc</line>
<line>prévu dans la ZAC. Toutefois, l’entrée du cimetière fera l’objet d’un aménagement.</line></par>
<par>
<line>Des espaces publics de proximité pourront être aménagés.</line></par>
</text>
</block>
<block><region><rect/></region>
<text>
<par>
<line>13</line></par>
</text>
</block>
<block><region><rect/></region>
<text>
<par>
<line>PLU COURNON D'AUVERGNE - Orientatians d'oménogemenl -27 juin 2013</line></par>
<par>
<line>Modificolion simplifiée n°2 - Approuvé</line></par>
</text>
</block>



</page>
<page width="3504" height="2475" resolution="300">
<block><region><rect/></region>
<text>
<par>
<line>^ Composition urbaine et paysagère</line></par>
<par>
<line>Le choix des formes urboines et le porti poysoger sont déterminés por le caractère actuel des lieux, très arborés. La</line>
<line>référence retenue est de même nature que dans la ZAC des Toulalts avec une structuration végétale forte.</line></par>
<par>
<line>^ Une trame végétale sera mise en place à partir des principaux éléments existants complétés par de nouvelles plantations.</line></par>
<par>
<line>^ Les rues Joliot Curie et de la Trioulère conserveront leur caractère de voies vertes avec des talus plantés côté Nord.</line></par>
<par>
<line>Un grand mall planté sera aménagé le long du cimetière au Sud et à l'Est.</line></par>
<par>
<line>Une continuité végétole sera préservée le long de la rose.</line></par>
<par>
<line>^ Les structures végétales bordant lo RD 52 seront préservées.</line></par>
<par>
<line>^ Une lisière verte d’une largeur variable sera conservée en limite ouest de zone AU.</line></par>
<par>
<line>^ Des plantations discontinues seront créées le long de ('ancien chemin de Cournon à Pont du Château selon le mode rural.</line>
<line>Cette trame végétale primaire sera prolongée sur le domaine privatif par des plantations diffuses.</line></par>
<par>
<line>Le type de formes urbaines défini devra permettre de conserver le caractère très arboré des coteaux et de mettre en</line>
<line>valeur les vues offertes par ce site en conservant des transparences. Les plans masse des opérations devront prendre en</line>
<line>compte les éléments les plus intéressants de la couverture végétale existante. Ils devront être précédés d'un relevé de</line>
<line>végétation inclus dans les études préalables</line></par>
<par>
<line>^ On cherchero à constituer des coeurs d'îlots verts.</line></par>
<par>
<line>^ Des localisations préférentielles sont définies au schéma d’aménogement pour d'éventuels programmes de petits collectifs</line>
<line>proches de la rue Joliot Curie</line></par>
<par>
<line>Le découpage parcellaire prendra en compte les grandes lignes directrices du parcellaire existant.</line></par>
</text>
</block>
<block><region><rect/></region>
<text>
<par>
<line>14</line></par>
</text>
</block>
<block><region><rect/></region>
<text>
<par>
<line>PLU COURNON D’AUVÊRGNE- Orientotions d'aménagemenl - 27 juin 2013</line></par>
<par>
<line>Modiîicolion simplifiée n°2 - Approuvé</line></par>
</text>
</block>


</page>
</OAP>