<?xml version="1.0" encoding="UTF-8"?><OAP>
<page width="3508" height="2479" resolution="300">
<block><region><rect/></region>
<text>
<par>
<line>DÉPARTEMENT DU PUY DE DÔME</line></par>
<par>
<line>COMMUNE D’ISSOIRE</line></par>
</text>
</block>
<block><region><rect/></region>
<text>
<par>
<line>Ville dTssoire</line></par>
</text>
</block>
<block><region><rect/></region>
<text>
<par>
<line>APP</line></par>
</text>
</block>
<block><region><rect/></region>
<text>
<par>
<line>APPROUVE</line></par>
</text>
</block>
<block><region><rect/></region>
<text>
<par>
<line>J.MARIE FREYDEFONT</line>
<line>URBANISTE</line></par>
<par>
<line>62,Av Edouard Michelin</line>
<line>63100 Clermont-Ferrand</line>
<line>Tél : 04.73.92.44.88 / Fax : 04.73.90.22.15</line></par>
<par>
<line>GROUPE SYCOMORE</line></par>
</text>
</block>
<block><region><rect/></region>
<text>
<par>
<line>PLAN LOCAL D’URBANISME</line></par>
<par>
<line>PROJET D’AMENAGEMENT ET DE DEVELOPPEMENT DURABLE</line></par>
<par>
<line>FICHES D’ORIENTATIONS</line></par>
</text>
</block>
<block><region><rect/></region>
<text>
<par>
<line>RÉVISION</line></par>
<par>
<line>PRESCRIPTION</line></par>
<par>
<line>Délibération du Conseil</line>
<line>Municipal du 6 mars 2006</line></par>
<par>
<line>ARRÊT DU PROJET</line></par>
<par>
<line>Délibération du Conseil</line>
<line>Municipal du 18 juillet 2011</line></par>
<par>
<line>APPROBATION</line></par>
<par>
<line>Délibération du Conseil</line>
<line>Municipal du 19 juin 2012</line></par>
</text>
</block>
<block><region><rect/></region>
<text>
<par>
<line>MODIFICATIONS - RÉVISIONS PARTIELLES - MISES A JOUR</line></par>
<par>
<line>1.</line></par>
<par>
<line>2.</line></par>
<par>
<line>3 .</line></par>
<par>
<line>4 .</line></par>
<par>
<line>5 .</line></par>
</text>
</block>






































</page>
<page width="3508" height="2479" resolution="300">
<block><region><rect/></region>
<text>
<par/>
</text>
</block>
<block><region><rect/></region>
<text>
<par/>
</text>
</block>
<block><region><rect/></region>
<text>
<par>
<line>©</line></par>
</text>
</block>
<block><region><rect/></region>
<text>
<par>
<line>R+</line></par>
</text>
</block>
<block><region><rect/></region>
<text>
<par>
<line>I</line></par>
</text>
</block>
<block><region><rect/></region>
<text>
<par/>
</text>
</block>
<block><region><rect/></region>
<text>
<par/>
</text>
</block>
<block><region><rect/></region>
<text>
<par>
<line>«</line></par>
</text>
</block>
<block><region><rect/></region>
<text>
<par>
<line>K</line></par>
</text>
</block>
<block><region><rect/></region>
<text>
<par>
<line>%</line></par>
</text>
</block>
<block><region><rect/></region>
<text>
<par>
<line>m</line></par>
</text>
</block>
<block><region><rect/></region>
<text>
<par>
<line>R+</line></par>
</text>
</block>
<block><region><rect/></region>
<text>
<par/>
</text>
</block>
<block><region><rect/></region>
<text>
<par>
<line>%</line></par>
</text>
</block>
<block><region><rect/></region>
<text>
<par>
<line>Vloodi®</line></par>
</text>
</block>
<block><region><rect/></region>
<text>
<par/>
</text>
</block>
<block><region><rect/></region>
<text>
<par>
<line>■ '• \ M \ "TFT</line></par>
</text>
</block>
<block><region><rect/></region>
<text>
<par>
<line>SECTEUR</line>
<line>LES CAPUCINS</line></par>
</text>
</block>
<block><region><rect/></region>
<text>
<par>
<line>Voies communales structurantes</line></par>
</text>
</block>
<block><region><rect/><rect/></region>
<text>
<par>
<line>% Voies communale structurante</line>
<line>programmée</line></par>
</text>
</block>
<block><region><rect/></region>
<text>
<par>
<line>Liaisons douces cycles et piétons</line>
<line>à créer</line></par>
</text>
</block>
<block><region><rect/></region>
<text>
<par>
<line>Accès principaux à prévoir</line></par>
</text>
</block>
<block><region><rect/></region>
<text>
<par>
<line>Transitions vertes à créer</line></par>
</text>
</block>
<block><region><rect/></region>
<text>
<par>
<line>&lt;ZZZ2&gt;</line></par>
<par>
<line>Espace collectif à créer</line></par>
</text>
</block>
<block><region><rect/><rect/><rect/></region>
<text>
<par>
<line>Espace public à créer</line></par>
<par>
<line>0</line></par>
<par>
<line>Hauteur de référence à ne dépasser</line>
<line>que ponctuellement</line></par>
</text>
</block>
<block><region><rect/></region>
<text>
<par>
<line>r</line></par>
</text>
</block>
<block blockType="Table" blockName="" l="2695" t="2193" r="3386" b="2389"><region><rect/></region>
<row>
<cell colSpan="3" leftBorder="White" rightBorder="White" width="691" height="39">
<text>
<par/>
</text></cell></row>
<row>
<cell rightBorder="White" width="299" height="71">
<text>
<par>
<line>0</line></par>
</text></cell>
<cell leftBorder="White" rightBorder="White" width="279" height="71">
<text>
<par>
<line>100 m</line></par>
</text></cell>
<cell rowSpan="2" leftBorder="White" width="113" height="111">
<text>
<par>
<line>N</line></par>
<par>
<line>A</line></par>
</text></cell></row>
<row>
<cell rightBorder="White" width="299" height="40">
<text>
<par/>
</text></cell>
<cell leftBorder="White" rightBorder="White" width="279" height="40">
<text>
<par/>
</text></cell></row>
<row>
<cell leftBorder="White" rightBorder="White" width="299" height="46">
<text>
<par>
<line>/ «8 !</line></par>
</text></cell>
<cell leftBorder="White" rightBorder="White" width="279" height="46">
<text>
<par>
<line>^</line></par>
</text></cell>
<cell leftBorder="White" rightBorder="White" width="113" height="46">
<text>
<par>
<line>\ /</line></par>
</text></cell></row>
</block>
<block><region><rect/></region>
<text orientation="RotatedCounterclockwise">
<par>
<line>13</line></par>
</text>
</block>

















































































</page>
</OAP>