<?xml version="1.0" encoding="UTF-8"?><OAP>
<page width="2481" height="3508" resolution="300">
<block><region><rect/></region>
<text>
<par>
<line>DEPARTEMENT DU PUY DE DOME</line></par>
</text>
</block>
<block><region><rect/></region>
<text>
<par/>
</text>
</block>
<block><region><rect/></region>
<text>
<par>
<line>Commune de</line></par>
<par>
<line>LIMONS</line></par>
<par>
<line>V_^_J</line></par>
</text>
</block>
<block blockType="Table" blockName="" l="1892" t="262" r="2285" b="600"><region><rect/></region>
<row>
<cell rightBorder="White" bottomBorder="White" width="294" height="107">
<text>
<par>
<line>/</line></par>
<par>
<line>1</line></par>
</text></cell>
<cell leftBorder="White" bottomBorder="White" width="99" height="107">
<text>
<par>
<line>A</line></par>
</text></cell></row>
<row>
<cell topBorder="White" rightBorder="White" bottomBorder="White" width="294" height="156">
<text>
<par>
<line>1.6</line></par>
</text></cell>
<cell leftBorder="White" topBorder="White" bottomBorder="White" width="99" height="156">
<text>
<par/>
</text></cell></row>
<row>
<cell topBorder="White" rightBorder="White" width="294" height="75">
<text>
<par>
<line>V</line></par>
</text></cell>
<cell leftBorder="White" topBorder="White" width="99" height="75">
<text>
<par>
<line>y</line></par>
</text></cell></row>
</block>
<block blockType="Table" blockName="" l="1899" t="699" r="2291" b="1037"><region><rect/></region>
<row>
<cell rightBorder="White" bottomBorder="White" width="196" height="168">
<text>
<par>
<line>c</line></par>
</text></cell>
<cell leftBorder="White" bottomBorder="White" width="196" height="168">
<text>
<par>
<line>N</line></par>
</text></cell></row>
<row>
<cell topBorder="White" rightBorder="White" width="196" height="170">
<text>
<par>
<line>V</line></par>
</text></cell>
<cell leftBorder="White" topBorder="White" width="196" height="170">
<text>
<par>
<line>y</line></par>
</text></cell></row>
</block>
<block blockType="Table" blockName="" l="209" t="1119" r="2317" b="1540"><region><rect/></region>
<row>
<cell leftBorder="White" rightBorder="White" bottomBorder="White" width="1500" height="31">
<text>
<par>
<line>r</line></par>
</text></cell>
<cell leftBorder="White" rightBorder="White" bottomBorder="White" width="608" height="31">
<text>
<par/>
</text></cell></row>
<row>
<cell topBorder="White" rightBorder="White" bottomBorder="White" width="1500" height="40">
<text>
<par>
<line>SCP DESCOEUR F et C</line></par>
</text></cell>
<cell leftBorder="White" topBorder="White" bottomBorder="White" width="608" height="40">
<text>
<par/>
</text></cell></row>
<row>
<cell topBorder="White" rightBorder="White" bottomBorder="White" width="1500" height="50">
<text>
<par>
<line>ARCHITECTURE ET AMENAGEMENT DU TERRITOIRE</line></par>
</text></cell>
<cell leftBorder="White" topBorder="White" bottomBorder="White" width="608" height="50">
<text>
<par/>
</text></cell></row>
<row>
<cell topBorder="White" rightBorder="White" bottomBorder="White" width="1500" height="50">
<text>
<par>
<line>49 rue des Salins</line></par>
</text></cell>
<cell leftBorder="White" topBorder="White" bottomBorder="White" width="608" height="50">
<text>
<par/>
</text></cell></row>
<row>
<cell topBorder="White" rightBorder="White" bottomBorder="White" width="1500" height="50">
<text>
<par>
<line>63000 Clermont Ferrand</line></par>
</text></cell>
<cell leftBorder="White" topBorder="White" bottomBorder="White" width="608" height="50">
<text>
<par/>
</text></cell></row>
<row>
<cell topBorder="White" rightBorder="White" bottomBorder="White" width="1500" height="50">
<text>
<par>
<line>Tel : 04.73.35.16.26.</line></par>
</text></cell>
<cell leftBorder="White" topBorder="White" bottomBorder="White" width="608" height="50">
<text>
<par/>
</text></cell></row>
<row>
<cell topBorder="White" rightBorder="White" bottomBorder="White" width="1500" height="54">
<text>
<par>
<line>Fax : 04.73.34.26.65.</line></par>
</text></cell>
<cell leftBorder="White" topBorder="White" bottomBorder="White" width="608" height="54">
<text>
<par/>
</text></cell></row>
<row>
<cell topBorder="White" rightBorder="White" bottomBorder="White" width="1500" height="58">
<text>
<par>
<line>Mail : scp.descoeur@wanadoo.fr</line></par>
</text></cell>
<cell leftBorder="White" topBorder="White" bottomBorder="White" width="608" height="58">
<text>
<par/>
</text></cell></row>
<row>
<cell topBorder="White" rightBorder="White" width="1500" height="38">
<text>
<par>
<line>V</line></par>
</text></cell>
<cell leftBorder="White" topBorder="White" rightBorder="White" width="608" height="38">
<text>
<par>
<line>J</line></par>
</text></cell></row>
</block>
<block><region><rect/></region>
<text>
<par>
<line>r N</line></par>
</text>
</block>
<block><region><rect/></region>
<text>
<par>
<line>PLAN LOCAL D’URBANISME</line></par>
</text>
</block>
<block><region><rect/></region>
<text>
<par>
<line>V_J</line></par>
<par>
<line>C \</line></par>
<par>
<line>ORIENTATIONS d’AMENAGEMENT et de PROGRAMMATION</line></par>
<par>
<line>\_/</line></par>
</text>
</block>
<block><region><rect/></region>
<text>
<par>
<line>PRESCRIPTION</line></par>
<par>
<line>Délibération du conseil municipal du I I juillet 2008</line>
<line>ARRET DU PROJET</line></par>
<par>
<line>Délibération du conseil municipal du 28 novembre 201 I</line></par>
<par>
<line>APPROBATION</line></par>
<par>
<line>Délibération du conseil municipal du</line></par>
</text>
</block>
<block><region><rect/></region>
<text>
<par>
<line>MODIFICATIONS - REVISIONS PARTIELLES</line>
<line>MISES AJOUR</line></par>
</text>
</block>
<block><region><rect/></region>
<text>
<par>
<line>1.</line></par>
<par>
<line>2.</line></par>
<par>
<line>3.</line></par>
<par>
<line>4.</line></par>
<par>
<line>5.</line></par>
<par>
<line>6.</line></par>
</text>
</block>
<block><region><rect/></region>
<text>
<par>
<line>y</line></par>
</text>
</block>
<block><region><rect/></region>
<text>
<par>
<line>V</line></par>
</text>
</block>




















</page>
<page width="2481" height="3508" resolution="300">
<block><region><rect/></region>
<text>
<par>
<line>COMMUNE DE LIMONS</line></par>
</text>
</block>
<block><region><rect/></region>
<text>
<par>
<line>PLAN LOCAL D’URBANISME</line></par>
</text>
</block>
<block><region><rect/></region>
<text>
<par>
<line>PREAMBULE</line></par>
</text>
</block>
<block><region><rect/></region>
<text>
<par>
<line>I - Les Orientations d’Aménagement et de Programmation</line></par>
<par>
<line>Un document opposable inscrit dans le cadre de la loi Grenelle 2 (portant Engagement National pour</line>
<line>l’Environnement)</line></par>
<par>
<line>Après la loi SRU et l’ordonnance du 4 juin 2004 relative à l’évaluation environnementale, la loi Grenelle 2 du I 3 juillet</line>
<line>2010 marque une nouvelle avancée dans la recherche d’un développement équilibré et durable du territoire, en</line>
<line>remaniant le Code de l’Urbanisme.</line></par>
<par>
<line>Les Orientations d’Aménagement et de Programmation ont pour objectif d’apporter des précisions sur</line>
<line>certains secteurs de la commune.</line></par>
<par>
<line>Selon l’article L. 123-1 -4 du Code de l’Urbanisme, elles « sont relatives à des quartiers ou à des secteurs à mettre</line>
<line>en valeur, réhabiliter, restructurer ou aménager. Ces orientations peuvent, en cohérence avec le Projet d’Aménagement</line>
<line>et de Développement Durable, prévoir les actions et opérations d’aménagement à mettre en œuvre, notamment pour</line>
<line>mettre en valeur l’environnement, les paysages, les entrées de ville et le patrimoine, lutter contre l’insalubrité,</line>
<line>permettre le renouvellement urbain et assurer le développement de la commune. Elles peuvent comporter un</line>
<line>échéancier prévisionnel de l’ouverture à l’urbanisation des zones à urbaniser et de la réalisation des équipements</line>
<line>correspondants. Elles peuvent prendre la forme de schémas d’aménagement et préciser les principales caraaéristiques</line>
<line>des voies et espaces publics ».</line></par>
<par>
<line>En application de l’article L. 123-5 du Code de l’Urbanisme, tous les travaux, les constructions ou</line>
<line>opération doivent être compatibles avec les orientations d’aménagement et avec leurs documents</line>
<line>graphiques.</line></par>
<par>
<line>Cette compatibilité signifie que les travaux et opérations réalisés dans les secteurs concernés sont opposables au tiers,</line>
<line>qu’ils ne peuvent être contraires aux orientations d’aménagement retenues, mais contribuer à leur mise en oeuvre ou</line>
<line>tout au moins ne pas les remettre en cause.</line></par>
<par>
<line>La compatibilité s’apprécie lors de l’instruction des demandes d’autorisation d’urbanisme.</line></par>
<par>
<line>Les orientations par secteurs sont complémentaires des dispositions d’urbanisme contenues dans le règlement écrit et</line>
<line>graphique. Cette complémentarité s’exprime également par leur portée réciproque. En effet, les orientations</line>
<line>d’aménagement et de construction seront instruites en termes de compatibilité avec les orientations par secteur et en</line>
<line>termes de conformité avec les dispositions réglementaires.</line></par>
<par>
<line>La règle d’urbanisme est établie en cohérence avec les orientations par secteur. Cette cohérence s’exprime au travers</line>
<line>du zonage.</line></par>
<par>
<line>Le document d’orientations peut selon les secteurs, définir des principes du parti d’aménagement ainsi que</line>
<line>l’organisation urbaine retenue (articulation de l’espace public et privé, équipements et espaces collectifs,</line>
<line>ordonnancement des constructions).</line></par>
<par>
<line>Le règlement définit le cadre dans lequel les constructions doivent s’inscrire et être conçues.</line></par>
<par>
<line>Ainsi, les opérations d’aménagement et de construction doivent être réalisées dans le respect des orientations</line>
<line>d’aménagement et de programmation et conformément au règlement de PLU.</line></par>
<par>
<line>Un permis de construire pourra être refusé au motif qu’il n’est pas compatible avec les orientations d’aménagement</line>
<line>définies dans le présent document.</line></par>
</text>
</block>
<block><region><rect/></region>
<text>
<par>
<line>SCP.DESCOEUR F &amp; C</line></par>
<par>
<line>Architecture et Aménagement du territoire</line></par>
</text>
</block>
<block><region><rect/></region>
<text>
<par>
<line>ORiENTATiONS d’AMENAGEMENT et de PROGRAMMATiON</line></par>
</text>
</block>
<block><region><rect/></region>
<text>
<par>
<line>2</line></par>
</text>
</block>

<block blockType="Picture" blockName="" l="158" t="151" r="2334" b="186"><region><rect/></region>
</block>
<block blockType="Picture" blockName="" l="160" t="3282" r="911" b="3348"><region><rect/></region>
</block>
<block blockType="Picture" blockName="" l="922" t="3282" r="2210" b="3344"><region><rect/></region>
</block>
<block blockType="Picture" blockName="" l="2221" t="3282" r="2332" b="3344"><region><rect/></region>
</block>
<block blockType="Picture" blockName="" l="171" t="247" r="2334" b="364"><region><rect/></region>
</block>
<block blockType="Picture" blockName="" l="154" t="3276" r="2339" b="3351"><region><rect/></region>
</block>
</page>
<page width="2481" height="3508" resolution="300">
<block><region><rect/></region>
<text>
<par>
<line>COMMUNE DE LIMONS</line></par>
</text>
</block>
<block><region><rect/></region>
<text>
<par>
<line>PLAN LOCAL D’URBANISME</line></par>
</text>
</block>
<block><region><rect/></region>
<text>
<par>
<line>QUARTIER DES VIGNERES - LIMONS BOURG</line></par>
<par>
<line>-SECTEUR DE PLAN DE MASSE-</line></par>
</text>
</block>
<block><region><rect/></region>
<text>
<par>
<line>Le site de projet est situé de part et d’autre de la rue des Pertoux et le long de la rue des Rameaux.</line></par>
<par>
<line>Ce secteur est amené à connaître une mutation importante du fait des potentialités foncières qu’il représente : plus de 3</line>
<line>hectares. Il s’agit donc d’un lieu stratégique à valoriser selon les objectifs suivants :</line></par>
<par>
<line>- Renforcer la trame bâtie</line></par>
<par>
<line>- Répondre à la problématique Habitat :</line></par>
<par>
<line>*Développer de nouvelles formes d’habitat pouvant répondre à l’hétérogénéité des demandes et permettre des</line>
<line>parcours résidentiels adaptés.</line></par>
<par>
<line>*Favoriser un habitat qualitatif ayant valeur d’exemple et prenant en compte les préoccupations</line>
<line>environnementales.</line></par>
<par>
<line>- Favoriser un cadre de vie agréable :</line></par>
<par>
<line>* renforcer les circulations douces</line></par>
<par>
<line>* dégager et mettre en valeur l’espace public</line></par>
<par>
<line>Dans les principes d’aménagement qui en découlent, on peut citer :</line></par>
<par>
<line>- La création d’un sens unique pour la rue des Pertoux</line></par>
<par>
<line>- Le tracé d’un cheminement piétonnier</line></par>
<par>
<line>- La valorisation de l’espace public par la mise en place de zones de recul</line></par>
<par>
<line>- La définition d’une emprise maximale de construction et d’un alignement constructif</line></par>
<par>
<line>- La mise en place d’emplacements réservés à l’aménagement paysager (alignement d’arbres à hautes tiges, bandes</line>
<line>enherbées, placette...).</line></par>
</text>
</block>
<block><region><rect/></region>
<text>
<par>
<line>J</line></par>
</text>
</block>
<block><region><rect/></region>
<text>
<par/>
</text>
</block>
<block><region><rect/></region>
<text>
<par>
<line>Li»yi iii</line></par>
</text>
</block>
<block><region><rect/></region>
<text>
<par/>
</text>
</block>
<block><region><rect/></region>
<text>
<par/>
</text>
</block>
<block><region><rect/></region>
<text>
<par/>
</text>
</block>
<block><region><rect/></region>
<text>
<par/>
</text>
</block>
<block><region><rect/></region>
<text>
<par/>
</text>
</block>
<block><region><rect/></region>
<text>
<par/>
</text>
</block>
<block><region><rect/></region>
<text>
<par/>
</text>
</block>
<block><region><rect/></region>
<text>
<par/>
</text>
</block>
<block><region><rect/></region>
<text>
<par>
<line>LIMONS</line></par>
</text>
</block>
<block><region><rect/></region>
<text>
<par/>
</text>
</block>
<block><region><rect/></region>
<text>
<par/>
</text>
</block>
<block><region><rect/></region>
<text>
<par>
<line>£</line></par>
</text>
</block>
<block><region><rect/></region>
<text>
<par/>
</text>
</block>
<block><region><rect/></region>
<text>
<par/>
</text>
</block>
<block><region><rect/></region>
<text>
<par/>
</text>
</block>
<block><region><rect/></region>
<text>
<par/>
</text>
</block>
<block><region><rect/></region>
<text>
<par/>
</text>
</block>
<block><region><rect/></region>
<text>
<par/>
</text>
</block>
<block><region><rect/></region>
<text>
<par>
<line>LHS PF,</line></par>
</text>
</block>
<block><region><rect/></region>
<text>
<par>
<line>*</line></par>
</text>
</block>
<block><region><rect/></region>
<text>
<par/>
</text>
</block>
<block><region><rect/></region>
<text>
<par>
<line>LH</line></par>
</text>
</block>
<block><region><rect/></region>
<text>
<par/>
</text>
</block>
<block><region><rect/></region>
<text>
<par/>
</text>
</block>
<block><region><rect/></region>
<text>
<par>
<line>N</line></par>
</text>
</block>
<block><region><rect/></region>
<text>
<par/>
</text>
</block>
<block><region><rect/></region>
<text>
<par/>
</text>
</block>
<block><region><rect/></region>
<text>
<par/>
</text>
</block>
<block><region><rect/></region>
<text>
<par>
<line>LOCALISATION DU SECTEUR DE PLAN DE MASSE</line></par>
<par>
<line>« Les Vignères »</line></par>
<par>
<line>Classement Ud et Ug au P.L.U.</line></par>
</text>
</block>
<block><region><rect/></region>
<text>
<par>
<line>SCP.DESCOEUR F &amp; C</line></par>
<par>
<line>Architecture et Aménagement du territoire</line></par>
</text>
</block>
<block><region><rect/></region>
<text>
<par>
<line>ORiENTATiONS d’AMENAGEMENT et de PROGRAMMATiON</line></par>
</text>
</block>
<block><region><rect/></region>
<text>
<par>
<line>3</line></par>
</text>
</block>

















<block blockType="Picture" blockName="" l="158" t="151" r="2334" b="186"><region><rect/></region>
</block>
<block blockType="Picture" blockName="" l="1761" t="2839" r="1853" b="2873"><region><rect/></region>
</block>
<block blockType="Picture" blockName="" l="160" t="3282" r="911" b="3348"><region><rect/></region>
</block>
<block blockType="Picture" blockName="" l="922" t="3282" r="2210" b="3344"><region><rect/></region>
</block>
<block blockType="Picture" blockName="" l="2221" t="3282" r="2332" b="3344"><region><rect/></region>
</block>
<block blockType="Picture" blockName="" l="187" t="1613" r="1440" b="3055"><region><rect/></region>
</block>
<block blockType="Picture" blockName="" l="171" t="247" r="2334" b="453"><region><rect/></region>
</block>
<block blockType="Picture" blockName="" l="154" t="3276" r="2339" b="3351"><region><rect/></region>
</block>
</page>
<page width="2481" height="3508" resolution="300">
<block><region><rect/></region>
<text>
<par>
<line>COMMUNE DE LIMONS</line></par>
</text>
</block>
<block><region><rect/></region>
<text>
<par>
<line>PLAN LOCAL D’URBANISME</line></par>
</text>
</block>
<block><region><rect/></region>
<text>
<par>
<line>La volonté politique de favoriser un cadre de vie agréable et, répondre à la problématique Habitat, sur le</line>
<line>quartier des Vergnères dans le cœur de Limons, se traduit et se retrouve dans les Fiches Actions du</line>
<line>Programme d’Aménagement de Bourg (réalisé en 2010-201 I).</line></par>
</text>
</block>
<block><region><rect/></region>
<text>
<par>
<line>Extrait du PAB :</line></par>
</text>
</block>
<block><region><rect/></region>
<text>
<par>
<line>De part et d’autre de la rue des Pertoux et le long de la rue des Rameaux, plusieurs parcelles classées en zone Ug et Ud au</line>
<line>PLU offrent un potentiel foncier d’environ 3 hectares.</line></par>
<par>
<line>Le maillage viaire. les cheminements piétonniers et les espaces publics :</line></par>
<par>
<line>Il est proposé de créer un sens unique dans la rue des Pertoux afin de limiter les circulations sur cette dernière tout en</line>
<line>permettant l’aménagement d’un espace public de qualité.</line></par>
<par>
<line>Le traitement de cet axe comprendrait :</line></par>
<par>
<line>■ Une voie carrossable de 3 métrés de large minimum.</line></par>
<par>
<line>■ Un cheminement piétonnier de 2 métrés de large</line></par>
<par>
<line>■ Une bande enherbée de 2 métrés au minimum coté ouest et une d’un métré coté est</line></par>
</text>
</block>
<block><region><rect/></region>
<text>
<par>
<line>Un cheminement piétonnier entre la rue des Pertoux et la rue des Rameaux sera aménagé.</line></par>
<par>
<line>Ce cheminement accueillerait également sur un de ses abords un système de récolte des eaux de ruissellement à l’air libre, de</line>
<line>type noue paysagère ou fossé planté.</line></par>
</text>
</block>
<block><region><rect/></region>
<text>
<par/>
</text>
</block>
<block><region><rect/></region>
<text>
<par>
<line>Emprise actuelle de I espace public : 6 à 6,5 m.</line></par>
</text>
</block>
<block><region><rect/></region>
<text>
<par>
<line>t</line></par>
</text>
</block>
<block><region><rect/></region>
<text>
<par>
<line>ÿLgjfÿL</line></par>
</text>
</block>
<block><region><rect/></region>
<text>
<par/>
</text>
</block>
<block><region><rect/></region>
<text>
<par>
<line>Bande ^heminemenW-^</line></par>
<par>
<line>enherbée piétonnier</line></par>
<par>
<line>et arborée 2 m.</line></par>
<par>
<line>min. 2 m.</line></par>
<par>
<line>Conservation des arbres existants (noyers)</line></par>
</text>
</block>
<block><region><rect/></region>
<text>
<par>
<line>Voirie</line></par>
<par>
<line>de desserte</line>
<line>sens unique</line>
<line>min. 3m.</line></par>
</text>
</block>
<block><region><rect/></region>
<text>
<par>
<line>Bande</line>
<line>enherbée</line>
<line>min. 1 m.</line></par>
</text>
</block>
<block><region><rect/></region>
<text>
<par>
<line>Coupe de principe de la rue des Pertoux</line></par>
</text>
</block>
<block><region><rect/></region>
<text>
<par>
<line>Les habitations et la forme urbaine :</line></par>
<par>
<line>Tout en respectant la différenciation faite au PLU entre zone Ud et Ug, les implantations des habitations et le découpage</line>
<line>parcellaire, si il y modification, viendront organiser le tissu urbain afin de créer l’animation nécessaire à la qualité des espaces</line>
<line>publics comme des espaces privés. Il s’agit de permettre aux constructions et aux zones de recul créées d’entrer en dialogue</line>
<line>avec l’espace public :</line></par>
<par>
<line>■ En zone Ud, le recul de cinq mètres permet d’envisager des jardinets ouverts apportant un fleurissement à la rue tout</line>
<line>en permettant aux façades de la rue des Rameaux de créer un réel front bâti,</line></par>
<par>
<line>■ En zone Ug, le recul de 6m50 doit également permettre de mettre en relation zone de recul et espace public en</line>
<line>libérant une bande de 2m destinée à la plantation d’arbres en alignement de type noyers conformément à ceux déjà</line>
<line>existants dans cette bande.</line></par>
</text>
</block>
<block><region><rect/></region>
<text>
<par>
<line>SCP.DESC0EUR F &amp; C</line></par>
<par>
<line>Architecture et Aménagement du territoire</line></par>
</text>
</block>
<block><region><rect/></region>
<text>
<par>
<line>ORiENTATiONS d’AMENAGEMENT et de PROGRAMMATiON</line></par>
</text>
</block>




<block blockType="Picture" blockName="" l="158" t="151" r="2334" b="186"><region><rect/></region>
</block>
<block blockType="Picture" blockName="" l="160" t="3282" r="911" b="3348"><region><rect/></region>
</block>
<block blockType="Picture" blockName="" l="922" t="3282" r="2210" b="3344"><region><rect/></region>
</block>
<block blockType="Picture" blockName="" l="154" t="3276" r="2339" b="3351"><region><rect/></region>
</block>
</page>
<page width="2481" height="3508" resolution="300">
<block><region><rect/></region>
<text>
<par>
<line>COMMUNE DE LIMONS</line></par>
</text>
</block>
<block><region><rect/></region>
<text>
<par>
<line>PLAN LOCAL D’URBANISME</line></par>
</text>
</block>
<block><region><rect/></region>
<text>
<par>
<line>Par ailleurs, la rue des Pertoux ou la rue des Rameaux sont orientées nord/sud ce qui laisse présager des orientations de</line>
<line>façades est/ouest. Toutefois, à l’instar de certaines dispositions propres à Limons, il est possible d’envisager des implantations</line>
<line>de bâtiment en L, le volume secondaire étant le volume axé sur la rue et le volume principal développant une longue façade</line>
<line>sud, volume dont le faîtage serait alors perpendiculaire à la rue. Cela permettrait de maximiser les apports solaires passifs dans</line>
<line>un objectif d’efficacité énergétique. La taille des parcelles veillera à respecter l’efficacité foncière.</line></par>
</text>
</block>
<block><region><rect/></region>
<text>
<par/>
</text>
</block>
<block><region><rect/></region>
<text>
<par>
<line>{O</line></par>
</text>
</block>
<block><region><rect/></region>
<text>
<par/>
</text>
</block>
<block><region><rect/></region>
<text>
<par/>
</text>
</block>
<block><region><rect/></region>
<text>
<par/>
</text>
</block>
<block><region><rect/></region>
<text>
<par>
<line>n</line></par>
</text>
</block>
<block><region><rect/></region>
<text>
<par>
<line>0</line></par>
</text>
</block>
<block><region><rect/></region>
<text>
<par/>
</text>
</block>
<block><region><rect/></region>
<text>
<par/>
</text>
</block>
<block><region><rect/></region>
<text>
<par>
<line>n •</line></par>
</text>
</block>
<block><region><rect/></region>
<text>
<par>
<line>Exemple d'implantation rue des Rameaux</line></par>
</text>
</block>
<block><region><rect/></region>
<text>
<par>
<line>Exemple d’implantation rue des Pertoux</line></par>
</text>
</block>
<block><region><rect/></region>
<text>
<par>
<line>La végétation :</line></par>
<par>
<line>La végétation en place notamment le long de la rue des Pertoux mais également au sein des parcelles actuelles sera conservée.</line>
<line>La bande enherbée de deux métrés minimum créée le long de la rue des Pertoux accueillera cette végétation existante et sera</line>
<line>renforcée par de nouvelles plantations d’arbres de haute tige de type noyers.</line></par>
<par>
<line>Les bandes enherbées seront composées avec des essences nécessitant un faible entretien, de type tapissant ou prairie fleurie</line>
<line>à gestion différenciée.</line></par>
</text>
</block>
<block><region><rect/></region>
<text>
<par>
<line>SCP.DESCOEUR F &amp; C</line></par>
<par>
<line>Architecture et Aménagement du territoire</line></par>
</text>
</block>
<block><region><rect/></region>
<text>
<par>
<line>ORiENTATiONS d’AMENAGEMENT et de PROGRAMMATiON</line></par>
</text>
</block>
<block><region><rect/></region>
<text>
<par>
<line>5</line></par>
</text>
</block>






















































<block blockType="Picture" blockName="" l="158" t="151" r="2334" b="186"><region><rect/></region>
</block>
<block blockType="Picture" blockName="" l="160" t="3282" r="911" b="3348"><region><rect/></region>
</block>
<block blockType="Picture" blockName="" l="922" t="3282" r="2210" b="3344"><region><rect/></region>
</block>
<block blockType="Picture" blockName="" l="2221" t="3282" r="2332" b="3344"><region><rect/></region>
</block>
<block blockType="Picture" blockName="" l="154" t="3276" r="2339" b="3351"><region><rect/></region>
</block>
</page>
<page width="2481" height="3508" resolution="300">
<block><region><rect/></region>
<text>
<par>
<line>COMMUNE DE LIMONS</line></par>
</text>
</block>
<block><region><rect/></region>
<text>
<par>
<line>PLAN LOCAL D’URBANISME</line></par>
</text>
</block>
<block><region><rect/></region>
<text>
<par/>
</text>
</block>
<block><region><rect/></region>
<text>
<par>
<line>8m</line></par>
</text>
</block>
<block><region><rect/></region>
<text>
<par>
<line>141</line></par>
</text>
</block>
<block><region><rect/></region>
<text>
<par/>
</text>
</block>
<block><region><rect/></region>
<text>
<par/>
</text>
</block>
<block><region><rect/></region>
<text>
<par>
<line>a;</line></par>
</text>
</block>
<block><region><rect/></region>
<text>
<par/>
</text>
</block>
<block><region><rect/></region>
<text>
<par>
<line>8m</line></par>
</text>
</block>
<block><region><rect/></region>
<text>
<par>
<line>LES</line></par>
</text>
</block>
<block><region><rect/></region>
<text>
<par>
<line>PERTO</line></par>
</text>
</block>
<block><region><rect/></region>
<text>
<par>
<line>X</line></par>
</text>
</block>
<block><region><rect/></region>
<text>
<par/>
</text>
</block>
<block><region><rect/></region>
<text>
<par>
<line>8m</line></par>
</text>
</block>
<block><region><rect/></region>
<text>
<par>
<line>8m</line></par>
</text>
</block>
<block><region><rect/></region>
<text>
<par>
<line>%</line></par>
</text>
</block>
<block><region><rect/></region>
<text>
<par/>
</text>
</block>
<block><region><rect/></region>
<text>
<par>
<line>47</line></par>
</text>
</block>
<block><region><rect/></region>
<text>
<par>
<line>46</line></par>
</text>
</block>
<block><region><rect/></region>
<text>
<par/>
</text>
</block>
<block><region><rect/></region>
<text>
<par>
<line>8m</line></par>
</text>
</block>
<block><region><rect/></region>
<text>
<par>
<line>145</line></par>
</text>
</block>
<block><region><rect/></region>
<text>
<par>
<line>158</line></par>
</text>
</block>
<block><region><rect/></region>
<text>
<par>
<line>8m</line></par>
</text>
</block>
<block><region><rect/></region>
<text>
<par/>
</text>
</block>
<block><region><rect/></region>
<text>
<par>
<line>K.</line></par>
</text>
</block>
<block><region><rect/></region>
<text>
<par>
<line>169</line></par>
</text>
</block>
<block><region><rect/></region>
<text>
<par>
<line>0 8</line></par>
</text>
</block>
<block><region><rect/></region>
<text>
<par>
<line>8m</line></par>
</text>
</block>
<block><region><rect/></region>
<text>
<par>
<line>ES</line></par>
</text>
</block>
<block><region><rect/></region>
<text>
<par>
<line>G</line></par>
</text>
</block>
<block><region><rect/></region>
<text>
<par>
<line>1019</line></par>
</text>
</block>
<block><region><rect/></region>
<text>
<par/>
</text>
</block>
<block><region><rect/></region>
<text>
<par>
<line>8m</line></par>
</text>
</block>
<block><region><rect/></region>
<text>
<par/>
</text>
</block>
<block><region><rect/></region>
<text>
<par>
<line>1016</line></par>
</text>
</block>
<block><region><rect/></region>
<text>
<par>
<line>168</line></par>
</text>
</block>
<block><region><rect/></region>
<text>
<par>
<line>1014</line></par>
</text>
</block>
<block><region><rect/></region>
<text>
<par>
<line>N</line></par>
</text>
</block>
<block><region><rect/></region>
<text>
<par>
<line>Ug</line></par>
</text>
</block>
<block><region><rect/></region>
<text>
<par/>
</text>
</block>
<block><region><rect/></region>
<text>
<par/>
</text>
</block>
<block><region><rect/></region>
<text>
<par>
<line>8m</line></par>
</text>
</block>
<block><region><rect/></region>
<text>
<par>
<line>0 2</line></par>
</text>
</block>
<block><region><rect/></region>
<text>
<par>
<line>8m</line></par>
</text>
</block>
<block><region><rect/></region>
<text>
<par>
<line>175</line></par>
</text>
</block>
<block><region><rect/></region>
<text>
<par/>
</text>
</block>
<block><region><rect/></region>
<text>
<par/>
</text>
</block>
<block><region><rect/></region>
<text>
<par/>
</text>
</block>
<block><region><rect/></region>
<text>
<par>
<line>1029</line></par>
</text>
</block>
<block><region><rect/></region>
<text>
<par/>
</text>
</block>
<block><region><rect/></region>
<text>
<par>
<line>Place</line></par>
</text>
</block>
<block><region><rect/></region>
<text>
<par>
<line>1032</line></par>
</text>
</block>
<block><region><rect/></region>
<text>
<par>
<line>Paul</line></par>
</text>
</block>
<block><region><rect/></region>
<text>
<par>
<line>Liobal</line></par>
</text>
</block>
<block><region><rect/></region>
<text>
<par>
<line>LIMONS</line></par>
</text>
</block>
<block><region><rect/></region>
<text>
<par/>
</text>
</block>
<block><region><rect/></region>
<text>
<par>
<line>Place de</line>
<line>l'Eglise</line></par>
</text>
</block>
<block><region><rect/></region>
<text>
<par/>
</text>
</block>
<block><region><rect/></region>
<text>
<par>
<line>• Périmètre de secteur</line>
<line>Emprise maximale des constructions</line></par>
<par>
<line>Hauteur maximale des constructions</line></par>
</text>
</block>
<block><region><rect/></region>
<text>
<par>
<line>SCP.DESC0EUR F &amp; C</line></par>
<par>
<line>Architecture et Aménagement du territoire</line></par>
</text>
</block>
<block><region><rect/><rect/></region>
<text>
<par>
<line>Sens unique de circulation</line></par>
<par>
<line>I Espace privé non bâti</line></par>
<par>
<line>, Espace destiné à la plantation</line>
<line>• d’arbres en alignement type noyers</line>
<line>à l’identique de ceux déjà existants</line></par>
<par>
<line>► Liaison piétonne</line></par>
</text>
</block>
<block><region><rect/></region>
<text>
<par>
<line>ORIENTATIONS d’AMENAGEMENT et de PROGRAMMATION</line></par>
</text>
</block>













































<block blockType="Picture" blockName="" l="158" t="151" r="2334" b="186"><region><rect/></region>
</block>
<block blockType="Picture" blockName="" l="160" t="3282" r="911" b="3348"><region><rect/></region>
</block>
<block blockType="Picture" blockName="" l="922" t="3282" r="2210" b="3344"><region><rect/></region>
</block>
<block blockType="Picture" blockName="" l="640" t="3046" r="733" b="3101"><region><rect/></region>
</block>
<block blockType="Picture" blockName="" l="154" t="3276" r="2339" b="3351"><region><rect/></region>
</block>
<block blockType="Picture" blockName="" l="1197" t="3043" r="1293" b="3104"><region><rect/></region>
</block>
</page>
</OAP>