<?xml version="1.0" encoding="UTF-8"?><OAP>
<page width="3508" height="2479" resolution="300">
<block><region><rect/></region>
<text>
<par>
<line>P.L.U.</line></par>
<par>
<line>Plan Local d’Urbanisme</line></par>
</text>
</block>
<block><region><rect/></region>
<text>
<par>
<line>PLAN LOCAL D'URBANISME</line></par>
<par>
<line>Arrêt du PLU : délibération du Conseil Municipal en date du 24 Janvier 2014</line>
<line>Approbation du PLU : délibération du Conseil Municipal en date du 19 Décembre 2014</line>
<line>Vu pour être annexé à la délibération du Conseil Municipal en date du 19 Décembre 2014</line></par>
</text>
</block>
<block><region><rect/></region>
<text>
<par>
<line>REVISIONS ET MODIFICATIONS</line></par>
</text>
</block>
<block><region><rect/></region>
<text>
<par>
<line>3</line></par>
</text>
</block>
<block><region><rect/></region>
<text>
<par>
<line>Orientations</line>
<line>d ' aménagement</line>
<line>et de</line></par>
<par>
<line>programmation</line></par>
</text>
</block>
<block><region><rect/></region>
<text>
<par>
<line>Département du Puy-de-Dôme</line></par>
</text>
</block>
<block><region><rect/></region>
<text>
<par>
<line>Commune de</line>
<line>MANZAT</line></par>
</text>
</block>
<block><region><rect/></region>
<text>
<par>
<line>MANZA</line></par>
</text>
</block>
<block blockType="Table" blockName="" l="2768" t="1950" r="3214" b="2140"><region><rect/></region>
<row>
<cell leftBorder="White" rightBorder="White" bottomBorder="White" width="67" height="133">
<text>
<par/>
</text></cell>
<cell leftBorder="White" rightBorder="White" bottomBorder="White" width="73" height="133">
<text>
<par/>
</text></cell>
<cell leftBorder="White" bottomBorder="White" width="49" height="133">
<text>
<par/>
</text></cell>
<cell topBorder="White" rightBorder="White" bottomBorder="White" width="257" height="133">
<text>
<par>
<line>Réalités</line></par>
<par>
<line>Bureau d’études</line></par>
</text></cell></row>
<row>
<cell colSpan="3" leftBorder="White" topBorder="White" bottomBorder="White" width="189" height="57">
<text>
<par/>
</text></cell>
<cell topBorder="White" rightBorder="White" bottomBorder="White" width="257" height="57">
<text>
<par/>
</text></cell></row>
</block>
<block><region><rect/></region>
<text>
<par>
<line>34, Rue Georges Fiasse</line></par>
</text>
</block>
<block><region><rect/></region>
<text>
<par>
<line>42300 ROANNE</line>
<line>Tel. : 04 77 67 83 06</line></par>
<par>
<line>E-mail : urbanisme©realites-be.fr</line></par>
</text>
</block>
























</page>
<page width="3508" height="2480" resolution="300">
<block><region><rect/></region>
<text>
<par>
<line>MANZAr</line></par>
</text>
</block>
<block><region><rect/></region>
<text>
<par>
<line>Plan Local d'Urbanisme-Manzat-Orientation d'Aménagement et de Programmation</line></par>
</text>
<text>
<par>
<line>Orientations d'Aménagement</line>
<line>et de Programmation</line></par>
</text>
</block>
<block><region><rect/></region>
<text>
<par>
<line>Manzat</line></par>
</text>
</block>
<block><region><rect/></region>
<text>
<par>
<line>Plan Local d'Urbanisme- Manzat</line></par>
<par>
<line>Bureau d'études REALITES - 34 Rue Georges Fiasse - 42300 Roanne Tel : 04 77 67 83 06 - Fax : 04 77 23 01 85 E-mail : urbanisme@realites-be.fr</line></par>
</text>
</block>



<block blockType="Picture" blockName="" l="610" t="1090" r="683" b="2200"><region><rect/></region>
</block>
<block blockType="Picture" blockName="" l="2824" t="1580" r="3063" b="2200"><region><rect/></region>
</block>
</page>
<page width="3508" height="2480" resolution="300">
<block><region><rect/></region>
<text>
<par>
<line>MANZAr</line></par>
</text>
</block>
<block><region><rect/></region>
<text>
<par>
<line>Plan Local d'Urbanisme-Manzat-Orientation d'Aménagement et de Programmation</line></par>
</text>
</block>
<block><region><rect/></region>
<text>
<par>
<line>Rappel sur les Orientations d'Aménaeement et de Programmation fOAP)</line></par>
</text>
</block>
<block><region><rect/></region>
<text>
<par>
<line>Les Orientations d'Aménagement et de Programmation sont définies en cohérence avec les orientations du Projet d'Aménagement et de Développement Durables. Ce</line>
<line>document peut traduire des projets portant sur l'aménagement, l'habitat, les transports et déplacements.</line></par>
<par>
<line>Elles sont plus précisément définies par l'article L123.1.4 du code de l'urbanisme. Il précise notamment que les OAP peuvent être définies « pour mettre en valeur</line>
<line>l'environnement, notamment les continuités écologiques, les paysages, les entrées de villes et le patrimoine, lutter contre l'insalubrité, permettre le renouvellement urbain</line>
<line>et assurer le développement de la commune. Elles peuvent favoriser la mixité fonctionnelle en prévoyant qu'en cas de réalisation d'opérations d'aménagement, de</line>
<line>construction ou de réhabilitation, un pourcentage de ces opérations est destiné à la réalisation de commerces. Elles peuvent comporter un échéancier prévisionnel de</line>
<line>l'ouverture à l'urbanisation des zones à urbaniser et de la réalisation des équipements correspondants. Elles peuvent porter sur des quartiers ou des secteurs à mettre en</line>
<line>valeur, réhabiliter, restructurer ou aménager. »</line></par>
<par>
<line>Ces orientations d'aménagement et de programmation sont opposables aux autorisations d'urbanisme comme le zonage et le règlement, mais uniquement en terme de</line>
<line>compatibilité (et non de conformité), c'est-à-dire qu'il faut rester dans l'esprit.</line></par>
<par>
<line>Elles se présentent, pour certaines, sous la forme d'orientations détaillées pour chaque secteur, accompagnées de schéma graphique traduisant concrètement le projet</line>
<line>d'aménagement.</line></par>
<par>
<line>Des orientations d'aménagement et de programmation ont été réalisées pour les secteurs suivants :</line></par>
<par>
<line>La dent creuse entre le centre bourg et l'EHPAD</line>
<line>Le secteur de l'école, au Sud du bourg</line>
<line>Le secteur Nord, entre le centre bourg et le pôle sportif</line>
<line>Le secteur Nord-ouest, au dessus de la salle des fêtes</line>
<line>Les Cheix</line></par>
<par>
<line>La zone 2ALI à l'Est du centre bourg</line>
<line>La zone Uv située à l'Est de Sauterre</line></par>
</text>
</block>
<block><region><rect/></region>
<text>
<par>
<line>Plan Local d'Urbanisme - Manzat</line></par>
<par>
<line>Bureau d'études REALITES - 34 Rue Georges Fiasse - 42300 Roanne Tél : 04 77 67 83 06 - Fax : 04 77 23 01 85 E-mail : urbanisme@realites-be.fr</line></par>
</text>
</block>




</page>
<page width="3508" height="2480" resolution="300">
<block><region><rect/></region>
<text>
<par>
<line>MANZAr</line></par>
</text>
</block>
<block><region><rect/></region>
<text>
<par>
<line>Plan Local d'Urbanisme-Manzat-Orientation d'Aménagement et de Programmation</line></par>
</text>
</block>
<block><region><rect/></region>
<text>
<par>
<line>Echéancier des zones lAU, 2AU et Uv</line></par>
</text>
</block>
<block blockType="Table" blockName="" l="271" t="515" r="3250" b="1958"><region><rect/></region>
<row>
<cell colSpan="3" width="2979" height="143">
<text>
<par>
<line>Echéancier d'ouverture à l'urbanisation des zones AU</line></par>
</text></cell></row>
<row>
<cell width="481" height="108">
<text>
<par>
<line>Secteurs</line></par>
</text></cell>
<cell width="960" height="108">
<text>
<par>
<line>Zones lAU</line></par>
</text></cell>
<cell width="1538" height="108">
<text>
<par>
<line>Zones 2AU</line></par>
</text></cell></row>
<row>
<cell width="481" height="393">
<text>
<par>
<line>Le Bourg</line></par>
</text></cell>
<cell width="960" height="393">
<text>
<par>
<line>Zone lAUa :</line></par>
<par>
<line>Ouverture à l'urbanisation immédiate</line></par>
</text></cell>
<cell width="1538" height="393">
<text>
<par>
<line>Zone 2AUa</line></par>
<par>
<line>Ouverture à l'urbanisation après 2020, par une procédure d'évolution du PLU</line></par>
<par>
<line>Zones 2AU</line></par>
<par>
<line>Ouverture à l'urbanisation après 2025, par une procédure d'évolution du PLU</line></par>
</text></cell></row>
<row>
<cell width="481" height="329">
<text>
<par>
<line>Les Cheix</line></par>
</text></cell>
<cell width="960" height="329">
<text>
<par>
<line>ZonelAUb</line></par>
<par>
<line>Ouverture à l'urbanisation lorsque 50% de la</line>
<line>superficie de la zone lAUa sera urbanisée</line></par>
</text></cell>
<cell width="1538" height="329">
<text>
<par>
<line>-</line></par>
</text></cell></row>
<row>
<cell colSpan="3" width="2979" height="140">
<text>
<par>
<line>Condition d'urbanisation de la zone Uv repérée par une OAP</line></par>
</text></cell></row>
<row>
<cell width="481" height="330">
<text>
<par>
<line>Touzet</line></par>
</text></cell>
<cell colSpan="2" width="2498" height="330">
<text>
<par>
<line>Secteur opérationnel, sous la forme d'une opération d'aménagement d'ensemble.</line></par>
<par>
<line>La desserte interne de la zone par les réseaux est à la charge de l'aménageur.</line></par>
</text></cell></row>
</block>
<block><region><rect/></region>
<text>
<par>
<line>Plan Local d'Urbanisme- Manzat</line></par>
<par>
<line>Bureau d'études REALITES - 34 Rue Georges Fiasse - 42300 Roanne Tél : 04 77 67 83 06 - Fax : 04 77 23 01 85 E-mail : urbanisme@realites-be.fr</line></par>
</text>
</block>














</page>
<page width="3508" height="4963" resolution="300">
<block><region><rect/></region>
<text>
<par>
<line>Plan Local d'Urbanisme-Manzat-Orientation d'Aménagement et de Programmation</line></par>
</text>
</block>
<block><region><rect/></region>
<text>
<par>
<line>Fiche n°4 : Aménagement de la zone 2AU- Secteur Nord-ouest de la Salle des fêtes</line></par>
</text>
</block>
<block><region><rect/></region>
<text>
<par>
<line>Descriptif :</line></par>
</text>
</block>
<block><region><rect/></region>
<text>
<par>
<line>Secteur situé à l'intérieur de l'enveloppe urbaine du bourg, à proximité de la salle des</line>
<line>fêtes, dans un quartier pavillonnaire.</line></par>
<par>
<line>Secteur qui s'inscrit en densification du tissu urbain existant.</line></par>
<par>
<line>Zonage 2AU, à vocation d'habitat.</line></par>
<par>
<line>Superficie : 7209 m^.</line></par>
</text>
</block>
<block><region><rect/></region>
<text>
<par>
<line>i</line></par>
</text>
</block>
<block><region><rect/></region>
<text>
<par>
<line>spart</line></par>
<par>
<line>artisanal P</line></par>
</text>
</block>
<block><region><rect/></region>
<text>
<par>
<line>Objectifs :</line></par>
<par>
<line>Conforter la centralité du bourg, en accueillant un nouvel espace à vocation d'habitat.</line>
<line>Permettre d'accueillir de nouveaux habitants, tout en préservant le cadre de vie</line>
<line>caractéristique de la commune.</line></par>
<par>
<line>Permettre de restructurer l'espace autour de la salle des fêtes, élément de centralité.</line>
<line>Assurer une densité s'inscrivant dans la morphologie urbaine du quartier.</line></par>
<par>
<line>Principes de composition :</line></par>
</text>
</block>
<block><region><rect/><rect/></region>
<text>
<par>
<line>') -i’ ComUfcfesf ^ »</line></par>
<par>
<line>, , ' t Collège</line></par>
<par>
<line>- . ✓ 'V ^</line></par>
</text>
</block>
<block><region><rect/></region>
<text>
<par>
<line>■N</line></par>
</text>
</block>
<block><region><rect/></region>
<text>
<par>
<line>Salle de:</line></par>
<par>
<line>C."</line></par>
</text>
</block>
<block><region><rect/></region>
<text>
<par/>
</text>
</block>
<block><region><rect/></region>
<text>
<par>
<line>.'.4</line></par>
<par>
<line>Ecolé</line></par>
<par>
<line>f</line></par>
</text>
</block>
<block><region><rect/><rect/><rect/></region>
<text>
<par>
<line>Condition d'ouverture à l'urbanisation de la zone : urbanisation réalisée sous forme d'une opération d'aménagement d'ensemble. L'ouverture à l'urbanisation</line></par>
<par>
<line>nécessitera une procédure d'évolution du PLU, après 2025.</line></par>
<par>
<line>Formes urbaines et habitat :</line></par>
<par>
<line>0 Une densité moyenne de 15 logements à l'hectare minimum pour</line>
<line>l'habitat.</line></par>
<par>
<line>0 Une mixité dans les possibilités d'accession au logement sera recherchée.</line></par>
<par>
<line>0 Un habitat individuel et intermédiaire sera privilégié.</line></par>
<par>
<line>Desserte et déplacements modes doux :</line></par>
<par>
<line>0 Création d'une liaison modes doux, permettant de relier le quartier à la</line>
<line>salle des fêtes.</line></par>
<par>
<line>0 Deux accès seront prévus : l'un sur la partie Nord (voie communale 15) et</line>
<line>l'autre sur la partie Ouest (voie communale 15).</line></par>
<par>
<line>Espaces naturels :</line></par>
<par>
<line>0 Conservation et renforcement des haies bocagères existantes afin de</line>
<line>faciliter l'intégration paysagère de l'aménagement.</line></par>
<par>
<line>0 Créer un espace tampon entre la partie Sud, côté salle des fêtes et la partie habitat</line></par>
</text>
</block>
<block><region><rect/></region>
<text>
<par>
<line>N</line></par>
</text>
</block>
<block><region><rect/></region>
<text>
<par>
<line>Plûc</line></par>
</text>
</block>
<block><region><rect/></region>
<text>
<par/>
</text>
</block>
<block><region><rect/></region>
<text>
<par>
<line>€</line></par>
</text>
</block>
<block><region><rect/></region>
<text>
<par>
<line>1769</line></par>
</text>
</block>
<block><region><rect/></region>
<text>
<par>
<line>U</line></par>
</text>
</block>
<block><region><rect/></region>
<text>
<par>
<line>%</line></par>
</text>
</block>
<block><region><rect/></region>
<text>
<par/>
</text>
</block>
<block><region><rect/></region>
<text>
<par/>
</text>
</block>
<block><region><rect/></region>
<text>
<par/>
</text>
</block>
<block><region><rect/></region>
<text>
<par/>
</text>
</block>
<block><region><rect/></region>
<text>
<par>
<line>n</line></par>
</text>
</block>
<block><region><rect/></region>
<text>
<par>
<line>»</line></par>
</text>
</block>
<block><region><rect/></region>
<text>
<par>
<line>lU</line></par>
</text>
</block>
<block><region><rect/></region>
<text>
<par/>
</text>
</block>
<block><region><rect/></region>
<text>
<par>
<line>Orientation d'aménagement du secteur Nord de la Salle des fêtes</line></par>
</text>
</block>
<block><region><rect/></region>
<text>
<par>
<line>Périmètre concerné</line></par>
<par>
<line>Habitat individuel et/ou</line>
<line>intermédiaire</line></par>
<par>
<line>Voie de desserte</line></par>
</text>
</block>
<block><region><rect/></region>
<text>
<par>
<line>MdlP Aménagement paysager</line></par>
<par>
<line>^ Liaison piétonne à créer et/ou renforcer</line>
<line>Accès</line></par>
</text>
</block>
<block><region><rect/></region>
<text>
<par>
<line>i</line></par>
</text>
</block>
<block><region><rect/></region>
<text>
<par>
<line>n</line></par>
</text>
</block>
<block><region><rect/></region>
<text>
<par>
<line>44.</line></par>
</text>
</block>
<block><region><rect/></region>
<text>
<par/>
</text>
</block>
<block><region><rect/></region>
<text>
<par/>
</text>
</block>
<block><region><rect/><rect/><rect/><rect/></region>
<text>
<par>
<line>&lt;0</line></par>
</text>
</block>
<block><region><rect/></region>
<text>
<par/>
</text>
</block>
<block><region><rect/></region>
<text>
<par>
<line>«R</line></par>
</text>
</block>
<block><region><rect/></region>
<text>
<par/>
</text>
</block>
<block><region><rect/></region>
<text>
<par/>
</text>
</block>
<block><region><rect/></region>
<text>
<par>
<line>ri</line></par>
</text>
</block>
<block><region><rect/></region>
<text>
<par>
<line>H</line></par>
</text>
</block>
<block><region><rect/></region>
<text>
<par>
<line>H</line></par>
</text>
</block>
<block><region><rect/></region>
<text>
<par>
<line>H</line></par>
</text>
</block>
<block><region><rect/></region>
<text>
<par/>
</text>
</block>
<block><region><rect/></region>
<text>
<par>
<line>m</line></par>
</text>
</block>
<block><region><rect/></region>
<text>
<par/>
</text>
</block>
<block><region><rect/></region>
<text>
<par>
<line>f</line></par>
</text>
</block>
<block><region><rect/></region>
<text>
<par/>
</text>
</block>
<block><region><rect/></region>
<text>
<par/>
</text>
</block>
<block><region><rect/></region>
<text>
<par/>
</text>
</block>
<block><region><rect/></region>
<text>
<par/>
</text>
</block>
<block><region><rect/></region>
<text>
<par>
<line>Plan Local d'Urbanisme- Manzat</line></par>
<par>
<line>Bureau d'études REALITES - 34 Rue Georges Plasse - 42300 Roanne Tél : 04 77 67 83 06 - Fax : 04 77 23 01 85 E-mail : urbanisme@realites-be.fr</line></par>
</text>
</block>




























<block blockType="Picture" blockName="" l="1898" t="1698" r="3231" b="2563"><region><rect/></region>
</block>
</page>
</OAP>