<?xml version="1.0" encoding="UTF-8"?><OAP>
<page width="3308" height="4678" resolution="401">
<block blockType="Table" blockName="" l="268" t="370" r="3012" b="1420"><region><rect/></region>
<row>
<cell rightBorder="White" bottomBorder="White" width="1900" height="326">
<text>
<par>
<line>DEPARTEMENT DU PUY-DE-DOME</line></par>
</text></cell>
<cell leftBorder="White" bottomBorder="White" width="304" height="326">
<text>
<par>
<line>A</line></par>
</text></cell>
<cell colSpan="2" bottomBorder="White" width="540" height="326">
<text orientation="RotatedClockwise">
<par>
<line>^o</line></par>
<par>
<line>•</line></par>
<par>
<line>V</line></par>
</text></cell></row>
<row>
<cell topBorder="White" rightBorder="White" bottomBorder="White" width="1900" height="236">
<text>
<par>
<line>Commune de</line></par>
</text></cell>
<cell leftBorder="White" topBorder="White" bottomBorder="White" width="304" height="236">
<text>
<par/>
</text></cell>
<cell topBorder="White" rightBorder="White" width="280" height="236">
<text>
<par>
<line>V</line></par>
</text></cell>
<cell leftBorder="White" topBorder="White" width="260" height="236">
<text>
<par>
<line>J</line></par>
</text></cell></row>
<row>
<cell topBorder="White" rightBorder="White" bottomBorder="White" width="1900" height="338">
<text>
<par>
<line>MENETROL</line></par>
</text></cell>
<cell leftBorder="White" topBorder="White" bottomBorder="White" width="304" height="338">
<text>
<par/>
</text></cell>
<cell rightBorder="White" bottomBorder="White" width="280" height="338">
<text>
<par>
<line>r</line></par>
</text></cell>
<cell leftBorder="White" bottomBorder="White" width="260" height="338">
<text>
<par>
<line>\</line></par>
</text></cell></row>
<row>
<cell topBorder="White" rightBorder="White" width="1900" height="150">
<text>
<par>
<line>V.</line></par>
</text></cell>
<cell leftBorder="White" topBorder="White" width="304" height="150">
<text>
<par>
<line>J</line></par>
</text></cell>
<cell topBorder="White" rightBorder="White" width="280" height="150">
<text>
<par>
<line>\_</line></par>
</text></cell>
<cell leftBorder="White" topBorder="White" width="260" height="150">
<text>
<par>
<line>J</line></par>
</text></cell></row>
</block>
<block><region><rect/></region>
<text>
<par>
<line>f</line></par>
<par>
<line>SCP DESCOEUR F et C</line></par>
<par>
<line>ARCHITECTURE ET AMENAGEMENT DU TERRITOIRE</line></par>
<par>
<line>49 rue des Salins</line>
<line>63000 Clermont Ferrand</line>
<line>Tel : 04.73.35.16.26.</line></par>
<par>
<line>Fax : 04.73.34.26.65.</line></par>
<par>
<line>Mail : scp.descoeur@wanadoo.fr</line></par>
</text>
</block>
<block><region><rect/><rect/><rect/></region>
<text>
<par>
<line>2 5 SEP, 2013</line></par>
<par>
<line>Art. 3 Loi i^2-2î3 do 02,03.82</line></par>
</text>
</block>
<block><region><rect/></region>
<text>
<par>
<line>A</line></par>
</text>
</block>
<block><region><rect/></region>
<text>
<par>
<line>'N</line></par>
</text>
</block>
<block><region><rect/></region>
<text>
<par>
<line>PLAN LOCAL D’URBANISME</line></par>
</text>
</block>
<block><region><rect/></region>
<text>
<par>
<line>V_■_y</line></par>
</text>
</block>
<block><region><rect/></region>
<text>
<par>
<line>ORIENTATION d’AMENAGEMENT et de PROGRAMAAATION</line></par>
</text>
</block>
<block><region><rect/></region>
<text>
<par>
<line>PRESCRIPTION</line></par>
<par>
<line>Délibération du conseil municipal du 24.04.2009</line>
<line>ARRET DU PROJET</line></par>
<par>
<line>Délibération du conseil municipal du 4 juillet 201 2</line>
<line>APPROBATION</line></par>
<par>
<line>Délibération du conseil municipal du</line></par>
<par>
<line>V_J</line></par>
</text>
</block>
<block><region><rect/></region>
<text>
<par>
<line>MODIFICATIONS - REVISIONS PARTIELLES</line>
<line>MISES A JOUR</line></par>
</text>
</block>
<block><region><rect/></region>
<text>
<par>
<line>1.</line></par>
<par>
<line>2.</line></par>
<par>
<line>3.</line></par>
<par>
<line>4.</line></par>
<par>
<line>5.</line></par>
<par>
<line>6.</line></par>
</text>
</block>
<block><region><rect/></region>
<text>
<par>
<line>V</line></par>
</text>
</block>
<block><region><rect/></region>
<text>
<par>
<line>y</line></par>
</text>
</block>























</page>
<page width="3317" height="4690" resolution="402">
<block><region><rect/></region>
<text>
<par>
<line>eONHUNC BE HENETROL</line></par>
</text>
</block>
<block><region><rect/></region>
<text>
<par>
<line>PLAN LOCAL D'URBANÎSHÏ</line></par>
</text>
</block>
<block><region><rect/></region>
<text>
<par>
<line>PREAHBULE</line></par>
</text>
</block>
<block><region><rect/></region>
<text>
<par>
<line>Les Orientations d'Aménagement et de Programmation ont pour objectif d’apporter</line>
<line>des précisions sur certains secteurs de la commune.</line></par>
<par>
<line>Selon l’article L. 1 23-1 -4 du Code de l’Urbanisme, elles &lt;( sont relatives à des quartiers ou</line>
<line>à des secteurs à mettre en valeur, réhabiliter, restructurer ou aménager. Ces orientations</line>
<line>peuvent, en cohérence avec le Projet d’Aménagement et de Développement Durable,</line>
<line>prévoir les actions et opérations d’aménagement à mettre en œuvre, notamment pour</line>
<line>mettre en valeur l’environnement, les paysages, les entrées de ville et le patrimoine, lutter</line>
<line>contre l'insalubrité, permettre le renouvellement urbain et assurer le développement de la</line>
<line>commune. Elles peuvent comporter un échéancier prévisionnel de l’ouverture à l’urbanisation</line>
<line>des zones à urbaniser et de la réalisation des équipements correspondants. Elles peuvent</line>
<line>prendre la forme de schémas d’aménagement et préciser les principales caractéristiques des</line>
<line>voies et espaces publics ».</line></par>
<par>
<line>En application de l'article L.123-5 du Code de l’Urbanisme, tous les travaux, les</line>
<line>constructions ou opérotion doivent être compatibles avec les orientations</line>
<line>d'aménagement et avec leurs documents graphiques.</line></par>
<par>
<line>Cette compatibilité signifie que les travaux et opérations réalisés dans les secteurs</line>
<line>concernés sont opposables au tiers, qu’ils ne peuvent être contraires aux orientations</line>
<line>d’aménagement retenues, mais contribuer à leur mise en oeuvre ou tout au moins ne pas</line>
<line>les remettre en cause.</line></par>
<par>
<line>La compatibilité s’apprécie lors de l'instruction des demandes d’autorisation d’urbanisme.</line>
<line>Les orientations par secteurs sont complémentaires des dispositions d’urbanisme</line>
<line>contenues dans le règlement écrit et graphique. Cette complémentarité s’exprime</line>
<line>également par leur portée réciproque. En effet, les orientations d’aménagement et de</line>
<line>construction seront instruites en termes de compatibilité avec les orientations par secteur</line>
<line>et en termes de conformité avec les dispositions réglementaires.</line></par>
<par>
<line>La règle d’urbanisme est établie en cohérence avec les orientations par secteur. Cette</line>
<line>cohérence s’exprime au travers du zonage.</line></par>
<par>
<line>Le document d’orientations peut selon les secteurs, définir des principes du parti</line>
<line>d’aménagement ainsi que l’organisation urbaine retenue (articulation de l’espace public</line>
<line>et privé, équipements et espaces collectifs, ordonnancement des constructions).</line></par>
<par>
<line>Le règlement définit le cadre dans lequel les constructions doivent s'inscrire et être</line>
<line>conçues.</line></par>
<par>
<line>Ainsi, les opérations d’aménagement et de construction doivent être réalisées dans le</line>
<line>respect des orientations d’aménagement et de programmation et conformément au</line>
<line>règlement de PLU.</line></par>
<par>
<line>Un permis de construire pourra être refusé au motif qu’il n'est pas compatible avec les</line>
<line>orientations d'aménagement définies dans le présent document.</line></par>
</text>
</block>
<block><region><rect/></region>
<text>
<par>
<line>SCP BESCOEUR - Architecture et Aménagcmeirt du Terrtteire</line></par>
<par>
<line>49 rue des Salins - 63000 CLERMONT FERRAND</line></par>
</text>
</block>
<block><region><rect/></region>
<text>
<par>
<line>Brientatiens d'Aménasemcnt et de Pregrammatien</line></par>
</text>
</block>














<block blockType="Picture" blockName="" l="166" t="4362" r="3148" b="4468"><region><rect/></region>
</block>
</page>
<page width="3317" height="4690" resolution="402">
<block><region><rect/></region>
<text>
<par>
<line>eOHNf HE DE HEHCTRDL</line></par>
</text>
</block>
<block><region><rect/></region>
<text>
<par>
<line>PLAH LOCAL D’PRBAHISHE</line></par>
</text>
<text>
<par>
<line>Dans le cadre des objectifs définis dans le PADD, la commune a identifié deux</line>
<line>secteurs de développement qui font l'objet d’une orientation d'aménagement et</line></par>
<par>
<line>définissent des principes permettant d’orienter et de maîtriser l'évolution des territoires.</line></par>
<par>
<line>Les orientations d'aménagement et de programmation développées dans ce document,</line>
<line>précisent les conditions d’aménagement de ces secteurs qui vont connaître un</line>
<line>développement ou une restructuration particulière. La commune de Ménétrol précise ainsi</line>
<line>les types de morphologie urbaine des développements à venir, des prescriptions en</line>
<line>matière de plantations et de traitement des espaces collectifs, des</line>
<line>orientations en matière de réhabilitation du bâti et d’intégration paysagère.</line></par>
<par>
<line>Les opérations de construction ou d’aménagement décidées dans ces secteurs devront</line>
<line>être compatibles avec les orientations d’aménagement, et en respecter les principes.</line></par>
<par>
<line>Ces orientations permettent d’organiser les développements à venir sans pour autant</line>
<line>figer les aménagements.</line></par>
<par>
<line>La carte ci-dessous localise ces secteurs qui font l’objet d’une orientation d’aménagement</line>
<line>et de programmation.</line></par>
</text>
</block>
<block><region><rect/></region>
<text>
<par>
<line>Zone AUg2 &lt;( les Charmes »</line></par>
</text>
</block>
<block><region><rect/></region>
<text>
<par/>
</text>
</block>
<block><region><rect/></region>
<text>
<par/>
</text>
</block>
<block><region><rect/><rect/></region>
<text>
<par/>
</text>
</block>
<block><region><rect/></region>
<text>
<par>
<line>7</line></par>
</text>
</block>
<block><region><rect/></region>
<text>
<par>
<line>C W '</line></par>
</text>
</block>
<block><region><rect/></region>
<text>
<par>
<line>&lt;</line></par>
</text>
</block>
<block><region><rect/></region>
<text>
<par/>
</text>
</block>
<block><region><rect/></region>
<text>
<par>
<line>ti</line></par>
</text>
</block>
<block><region><rect/></region>
<text>
<par>
<line>*</line></par>
</text>
</block>
<block><region><rect/></region>
<text>
<par>
<line>ir T</line></par>
</text>
</block>
<block><region><rect/></region>
<text>
<par/>
</text>
</block>
<block><region><rect/></region>
<text>
<par/>
</text>
</block>
<block><region><rect/></region>
<text>
<par>
<line>«</line></par>
</text>
</block>
<block><region><rect/></region>
<text>
<par/>
</text>
</block>
<block><region><rect/></region>
<text>
<par/>
</text>
</block>
<block><region><rect/></region>
<text>
<par>
<line>é'-</line></par>
</text>
</block>
<block><region><rect/></region>
<text>
<par/>
</text>
</block>
<block><region><rect/></region>
<text>
<par>
<line>T</line></par>
</text>
</block>
<block><region><rect/></region>
<text>
<par/>
</text>
</block>
<block><region><rect/></region>
<text>
<par/>
</text>
</block>
<block><region><rect/></region>
<text>
<par>
<line>Zone AUgI dites de « Bourrassol ))</line></par>
</text>
</block>
<block><region><rect/></region>
<text>
<par>
<line>Zone AU dites « de Bourrassol )&gt;</line></par>
</text>
</block>
<block><region><rect/></region>
<text>
<par>
<line>SCP bESCOEHR - Architecture et Aménagement 4u Territoire</line></par>
<par>
<line>49 rue des Salins — 63000 CLERMONT FERRAND</line></par>
</text>
</block>
<block><region><rect/></region>
<text>
<par>
<line>Orientations d’Aménagement et de Programmation</line></par>
</text>
</block>













































<block blockType="Picture" blockName="" l="1052" t="2872" r="1176" b="2934"><region><rect/></region>
</block>
<block blockType="Picture" blockName="" l="2122" t="4094" r="2314" b="4154"><region><rect/></region>
</block>
<block blockType="Picture" blockName="" l="1218" t="2590" r="1336" b="2792"><region><rect/></region>
</block>
<block blockType="Picture" blockName="" l="2494" t="3350" r="2544" b="3494"><region><rect/></region>
</block>
</page>
<page width="3308" height="4678" resolution="401">
<block><region><rect/><rect/></region>
<text>
<par>
<line>COnniNE DE HENETROL</line></par>
</text>
</block>
<block><region><rect/></region>
<text>
<par>
<line>PLAN LOCAL D’IRBANISRE</line></par>
</text>
<text>
<par>
<line>II. ORIENTATIONS D’ANENAGENENT DE LA ZONE AUrI « les Charmes »</line></par>
</text>
</block>
<block><region><rect/></region>
<text>
<par>
<line>1.1— Atouts et contraintes du site</line></par>
</text>
</block>
<block><region><rect/></region>
<text>
<par>
<line>Située en entrée Nord du bourg le long de la RD420, cette zone AUg bénéficie de la</line>
<line>proximité de l'agglomération Riomoise. Cette position lui confère un atout indéniable</line>
<line>pour le développement d’un nouveau quartier à dominante résidentielle. Il est constitué</line>
<line>d'un terrain non construit et d'une bande de terrain issue de la parcelle 151.</line></par>
</text>
</block>
<block><region><rect/></region>
<text>
<par>
<line>La commune de Ménétrol est coupée en deux par la voie ferrée Clermont Riom Nevers</line>
<line>Paris. Le trafic actuel de 1 20 trains par jour (dont 30 de fret), pour les périodes les plus</line>
<line>fréquentées, devrait être augmenté à terme du fait d'un projet de modernisation de la</line>
<line>voie. Cette dernière fait d’ailleurs l’objet d’un classement sonore en catégorie 2 ‘4&gt;</line>
<line>largeur affectée par le bruit de 250m de part et d’autre. La pénétration du bruit en</line>
<line>champ libre de la voie ferrée sur le site fait apparaitre un seuil de gêne à environ</line>
<line>225m de la voie à 8m de haut (équivalent au 2^'"® étage).</line></par>
</text>
</block>
<block><region><rect/></region>
<text>
<par>
<line>Coupe de principe de diffusion du bruit de la voie ferrée en journée (Êh-22h)</line></par>
</text>
</block>
<block><region><rect/></region>
<text>
<par>
<line>Seuil de gêne à</line>
<line>1.80m du so! : 143m</line></par>
</text>
</block>
<block><region><rect/></region>
<text>
<par>
<line>Seuil de gêne</line>
<line>à 8m du sol :</line></par>
</text>
</block>
<block><region><rect/></region>
<text>
<par>
<line>22Sm</line></par>
</text>
</block>
<block blockType="Table" blockName="" l="2782" t="2052" r="3116" b="2460"><region><rect/></region>
<row>
<cell colSpan="2" leftBorder="White" topBorder="White" rightBorder="White" bottomBorder="White" width="334" height="52">
<text>
<par>
<line>1 &gt; 80.0 1</line></par>
</text></cell></row>
<row>
<cell leftBorder="White" topBorder="White" rightBorder="White" bottomBorder="White" width="156" height="44">
<text>
<par>
<line>75.0 ..</line></par>
</text></cell>
<cell leftBorder="White" topBorder="White" rightBorder="White" bottomBorder="White" width="178" height="44">
<text>
<par>
<line>00.0</line></par>
</text></cell></row>
<row>
<cell leftBorder="White" topBorder="White" rightBorder="White" bottomBorder="White" width="156" height="42">
<text>
<par>
<line>70.0 ..</line></par>
</text></cell>
<cell leftBorder="White" topBorder="White" rightBorder="White" bottomBorder="White" width="178" height="42">
<text>
<par>
<line>75.0</line></par>
</text></cell></row>
<row>
<cell leftBorder="White" topBorder="White" rightBorder="White" bottomBorder="White" width="156" height="42">
<text>
<par>
<line>65.0</line></par>
</text></cell>
<cell leftBorder="White" topBorder="White" rightBorder="White" bottomBorder="White" width="178" height="42">
<text>
<par>
<line>70.0</line></par>
</text></cell></row>
<row>
<cell leftBorder="White" topBorder="White" rightBorder="White" bottomBorder="White" width="156" height="44">
<text>
<par>
<line>60.0 ..</line></par>
</text></cell>
<cell leftBorder="White" topBorder="White" rightBorder="White" bottomBorder="White" width="178" height="44">
<text>
<par>
<line>65.0</line></par>
</text></cell></row>
<row>
<cell leftBorder="White" topBorder="White" rightBorder="White" bottomBorder="White" width="156" height="50">
<text>
<par>
<line>55.0 ..</line></par>
</text></cell>
<cell leftBorder="White" topBorder="White" rightBorder="White" bottomBorder="White" width="178" height="50">
<text>
<par>
<line>60.0</line></par>
</text></cell></row>
<row>
<cell leftBorder="White" topBorder="White" rightBorder="White" bottomBorder="White" width="156" height="40">
<text>
<par>
<line>1 50.0..</line></par>
</text></cell>
<cell leftBorder="White" topBorder="White" rightBorder="White" bottomBorder="White" width="178" height="40">
<text>
<par>
<line>55.0</line></par>
</text></cell></row>
<row>
<cell leftBorder="White" topBorder="White" rightBorder="White" bottomBorder="White" width="156" height="46">
<text>
<par>
<line>t 45.0..</line></par>
</text></cell>
<cell leftBorder="White" topBorder="White" rightBorder="White" bottomBorder="White" width="178" height="46">
<text>
<par>
<line>60.0 1</line></par>
</text></cell></row>
<row>
<cell colSpan="2" leftBorder="White" topBorder="White" rightBorder="White" width="334" height="48">
<text>
<par>
<line>1 &lt;45.0 1</line></par>
</text></cell></row>
</block>
<block><region><rect/></region>
<text>
<par>
<line>La commune de Ménétrol est également soumise à un risque d’inondation de type</line>
<line>torrentiel. Le cours du Mirabel, traversant la commune, et le Maréchat font l'objet d’un</line>
<line>PPRI approuvé depuis le 6 août 2010. La parcelle 151 et l’ouest de la parcelle 154</line>
<line>sont concernés par un risque inondation d’aléa faible.</line></par>
</text>
</block>
<block><region><rect/></region>
<text>
<par>
<line>Site d'étude</line></par>
</text>
</block>
<block><region><rect/></region>
<text>
<par/>
</text>
</block>
<block><region><rect/></region>
<text>
<par>
<line>■VJ</line></par>
</text>
</block>
<block><region><rect/></region>
<text>
<par/>
</text>
</block>
<block><region><rect/></region>
<text>
<par/>
</text>
</block>
<block><region><rect/></region>
<text>
<par/>
</text>
</block>
<block><region><rect/><rect/></region>
<text>
<par/>
</text>
</block>
<block><region><rect/></region>
<text>
<par/>
</text>
</block>
<block><region><rect/></region>
<text>
<par/>
</text>
</block>
<block><region><rect/></region>
<text>
<par>
<line>Exfralf du PPRI</line></par>
</text>
</block>
<block><region><rect/></region>
<text>
<par>
<line>Orientations d’Amènagcmcnt et de Presrammatien</line></par>
</text>
</block>
<block><region><rect/></region>
<text>
<par/>
</text>
</block>
<block><region><rect/></region>
<text>
<par>
<line>SCP DESCOEIR - Architecture et Aménagement du Territoire</line></par>
<par>
<line>49 rue des Salins - 63000 CLERMONT FERRAND</line></par>
</text>
</block>





















<block blockType="Picture" blockName="" l="2796" t="2060" r="3108" b="2232"><region><rect/></region>
</block>
<block blockType="Picture" blockName="" l="2796" t="2328" r="3108" b="2366"><region><rect/></region>
</block>
<block blockType="Picture" blockName="" l="2782" t="2052" r="3116" b="2416"><region><rect/></region>
</block>
</page>
<page width="3308" height="4678" resolution="401">
<block><region><rect/></region>
<text>
<par>
<line>COHHUME DE HEMETRCL</line></par>
</text>
</block>
<block><region><rect/></region>
<text>
<par>
<line>PLAN LOCÂL D’IRBANISHE</line></par>
</text>
</block>
<block><region><rect/></region>
<text>
<par>
<line>1.2 — Les objectifs de l’aménoaement</line></par>
<par>
<line>Le développement urbain devra assurer un lien urbain et une perméabilité des</line>
<line>déplacements en modes doux entre le centre bourg et les secteurs bâtis le long de la</line>
<line>RD420, Il devra respecter une forme urbaine relativement compacte avec un</line>
<line>fonctionnement intégré aux zones urbaines construites limitrophes.</line></par>
<par>
<line>Une compacité des formes urbaines devra être mise en œuvre avec une densité</line>
<line>d'environ 40 logements à l’hectare (préconisations du SCoT du Grand Clermont). Cette</line>
<line>densification devra s’accompagner d’un habitat et d'un cadre de vie de qualité,</line>
<line>notamment par l’aménagement d’espaces collectifs non dédiés à la voiture.</line></par>
<par>
<line>20% du nombre total de logements prévu sur la zone sera réservée o du logement</line>
<line>social.</line></par>
</text>
</block>
<block><region><rect/></region>
<text>
<par>
<line>1.3 — Les principes d’aménagemenf</line></par>
</text>
</block>
<block><region><rect/></region>
<text>
<par>
<line>• Orgomsof/on globale du site, accès et desserte interne</line></par>
<par>
<line>L’urbanisation de cette parcelle étant en contact direct avec le bourg, elle doit être</line>
<line>pensée de manière cohérente afin d’assurer une perméabilité avec le reste de Ménétrol.</line>
<line>L’urbanisation devra ainsi être l’occasion de poursuivre le maillage piéton avec le bourg.</line>
<line>Le principe viaire adopté est de raccorder ce quartier à la RD420 par une entrée et</line>
<line>une sortie différenciée afin d'équilibrer les flux automobiles sur la départementale.</line></par>
</text>
</block>
<block><region><rect/></region>
<text>
<par/>
</text>
</block>
<block><region><rect/></region>
<text>
<par>
<line>Vue de l'accès actuel sur la parcelle 1 54 depuis la R420 Rouie des Charmes</line></par>
</text>
</block>
<block><region><rect/></region>
<text>
<par>
<line>La voie interne nouvelle devra être aménagée de manière sécurisée et son gabarit</line>
<line>devra être adapté à sa vocation. Elle présentera un unique sens de circulation et sera</line>
<line>doublé d’un cheminement doux en espace mixte piétons/cycles,</line></par>
<par>
<line>La valorisation des modes doux sera un critère primordial à l’aménagement du secteur.</line>
<line>Le cheminement mis en place sera en liaison avec le cheminement existant sur la RD420</line></par>
</text>
</block>
<block><region><rect/></region>
<text>
<par>
<line>SCP DESCOESR - Architecture et Atnénagement du Territoire</line></par>
<par>
<line>49 rue des Salins - 63000 CLÊRMONT FERRAND</line></par>
</text>
</block>
<block><region><rect/></region>
<text>
<par>
<line>Orientations d'Aminagement et de Programmation</line></par>
</text>
</block>
<block><region><rect/></region>
<text>
<par>
<line>19</line></par>
</text>
</block>


</page>
<page width="3317" height="4690" resolution="402">
<block><region><rect/></region>
<text>
<par>
<line>COMHIINE DE HEMETROL</line></par>
</text>
</block>
<block><region><rect/></region>
<text>
<par>
<line>PLAN LOCAL D'ORBAHISHE</line></par>
</text>
<text>
<par>
<line>et se poursuivra le long du ruisseau en direction de la route de St Beauzire et du centre</line>
<line>bourg de Ménétrol. Ce cheminement doux permettra en outre de relier les différents</line>
<line>secteurs d’habitat aux arrêts des transports en commun.</line></par>
</text>
</block>
<block><region><rect/></region>
<text>
<par>
<line>r"</line></par>
</text>
</block>
<block><region><rect/></region>
<text>
<par/>
</text>
</block>
<block><region><rect/></region>
<text>
<par/>
</text>
</block>
<block><region><rect/></region>
<text>
<par>
<line>Cheminement mixte existant le long de la RD420</line></par>
</text>
</block>
<block><region><rect/></region>
<text>
<par>
<line>• Accessibilité</line></par>
<par>
<line>Tous les aménagements, y compris extérieurs, devront permettre une accessibilité pour</line>
<line>les personnes à mobilité réduite.</line></par>
<par>
<line>• Implantation des constructions</line></par>
<par>
<line>Les nouvelles constructions s’implanteront dans le sens générai des faîtages où la plus</line>
<line>grande longueur exposée au Sud permettra une utilisation optimum de la lumière</line>
<line>naturelle et de l’énergie solaire.</line></par>
<par>
<line>Les implantations devront ménager des espaces d’intimité contrôlant les vis-à-vis.</line></par>
<par>
<line>• Hauteurs des constructions</line></par>
<par>
<line>La hauteur des constructions est portée à 8m à tout point de l'égout des toitures.</line></par>
<par>
<line>Le plan de composition urbaine devra éviter la création de masques occasionnés par</line>
<line>des ombres portées entre les constructions. Il s’agit d’éviter tout effet défavorable à</line>
<line>l’emploi de l’énergie solaire.</line></par>
<par>
<line>• Confort thermique des constructions</line></par>
<par>
<line>Une végétalisation des pieds de façade et/ou des clôtures en bande de pleine terre</line>
<line>plantée sera privilégiée afin d’éviter l’accumulation de chaleur des sols minéraux et la</line>
<line>réverbération solaire. Les façades exposées au soleil pourront bénéficier de protections</line>
<line>solaires (débord de toitures, brise soleil...) pour renforcer le confort en été.</line>
<line>L’implantation des constructions permettra de favoriser l’emploi des énergies</line>
<line>renouvelables (solaire notamment), la mise en oeuvre d’un habitat passif ainsi qu’un</line>
<line>éclairage naturel optimal.</line></par>
</text>
</block>
<block><region><rect/></region>
<text>
<par>
<line>SCP DESCOEUR - Archttccture et Aménagement du Territoire</line></par>
<par>
<line>49 rue des Solins- 63000 aERMONT FERRAND</line></par>
</text>
</block>
<block><region><rect/></region>
<text>
<par>
<line>Orientations d’Aménagemcnt et de Programmation</line></par>
</text>
</block>
<block><region><rect/></region>
<text>
<par>
<line>30</line></par>
</text>
</block>

</page>
<page width="3317" height="4690" resolution="402">
<block><region><rect/></region>
<text>
<par>
<line>COHHPNE DE HENETROL</line></par>
</text>
</block>
<block><region><rect/></region>
<text>
<par>
<line>PLAN LOCAL D'IRBAMISHE</line></par>
</text>
</block>
<block><region><rect/></region>
<text>
<par/>
</text>
</block>
<block><region><rect/></region>
<text>
<par/>
</text>
</block>
<block><region><rect/></region>
<text>
<par/>
</text>
</block>
<block><region><rect/></region>
<text>
<par>
<line>-</line></par>
</text>
</block>
<block><region><rect/></region>
<text>
<par/>
</text>
</block>
<block><region><rect/></region>
<text>
<par/>
</text>
</block>
<block><region><rect/></region>
<text>
<par/>
</text>
</block>
<block><region><rect/></region>
<text>
<par/>
</text>
</block>
<block><region><rect/></region>
<text>
<par>
<line>m</line></par>
</text>
</block>
<block><region><rect/></region>
<text>
<par>
<line>%</line></par>
</text>
</block>
<block><region><rect/></region>
<text>
<par>
<line>M</line></par>
</text>
</block>
<block><region><rect/></region>
<text>
<par>
<line>M* 'l</line></par>
</text>
</block>
<block><region><rect/></region>
<text>
<par/>
</text>
</block>
<block><region><rect/></region>
<text>
<par/>
</text>
</block>
<block><region><rect/></region>
<text>
<par/>
</text>
</block>
<block><region><rect/></region>
<text>
<par>
<line>■iOV</line></par>
</text>
</block>
<block><region><rect/></region>
<text>
<par/>
</text>
</block>
<block><region><rect/></region>
<text>
<par/>
</text>
</block>
<block><region><rect/></region>
<text>
<par/>
</text>
</block>
<block><region><rect/></region>
<text>
<par>
<line>40</line></par>
</text>
</block>
<block><region><rect/></region>
<text>
<par>
<line>R</line></par>
</text>
</block>
<block><region><rect/></region>
<text>
<par/>
</text>
</block>
<block><region><rect/></region>
<text>
<par>
<line>r</line></par>
</text>
</block>
<block><region><rect/></region>
<text>
<par>
<line>r</line></par>
</text>
</block>
<block><region><rect/></region>
<text>
<par>
<line>r</line></par>
</text>
</block>
<block><region><rect/></region>
<text>
<par>
<line>n</line></par>
</text>
</block>
<block><region><rect/></region>
<text>
<par/>
</text>
</block>
<block><region><rect/></region>
<text>
<par/>
</text>
</block>
<block><region><rect/></region>
<text>
<par>
<line>m</line></par>
</text>
</block>
<block><region><rect/></region>
<text>
<par/>
</text>
</block>
<block><region><rect/></region>
<text>
<par/>
</text>
</block>
<block><region><rect/></region>
<text>
<par>
<line>!D</line></par>
</text>
</block>
<block><region><rect/></region>
<text>
<par>
<line>Lï</line></par>
</text>
</block>
<block><region><rect/></region>
<text>
<par>
<line>/</line></par>
</text>
</block>
<block><region><rect/></region>
<text>
<par>
<line>i</line></par>
</text>
</block>
<block><region><rect/></region>
<text>
<par>
<line>4r-</line></par>
</text>
</block>
<block><region><rect/></region>
<text>
<par>
<line>m:</line></par>
</text>
</block>
<block><region><rect/></region>
<text>
<par>
<line>Symbole graphique désignant:</line></par>
</text>
</block>
<block><region><rect/></region>
<text>
<par>
<line>d?^</line></par>
</text>
</block>
<block><region><rect/></region>
<text>
<par>
<line>habitat individuel (groupé ou non)</line></par>
</text>
</block>
<block><region><rect/></region>
<text>
<par>
<line>■ ■ * ■ • principe de maillage viaire structurant</line>
<line>.. principe de maillage doux</line></par>
</text>
</block>
<block><region><rect/></region>
<text>
<par/>
</text>
</block>
<block><region><rect/></region>
<text>
<par>
<line>trame verte</line></par>
<par>
<line>espace vert public structurant type courèe</line></par>
</text>
</block>
<block><region><rect/></region>
<text>
<par>
<line>• Le sfationnemenf</line></par>
<par>
<line>Les stationnements seront autant que possible intégrés à la construction afin de libérer en</line>
<line>surface, les espaces publics.</line></par>
<par>
<line>L’aménagement pourra prévoir des stationnements sécurisés et abrités pour les cycles,</line>
<line>soit en collectif, soit individualisés.</line></par>
<par>
<line>• Les liaisons douces</line></par>
<par>
<line>Des circulations douces seront aménagées de façon à créer des « bouclages » avec les</line>
<line>cheminements doux déjà existants. Ces circulations présenteront une largeur d'au moins 3</line>
<line>mètres dégagée de tout obstacle. Elles pourront être traitées en contre-allée paysagère</line>
<line>le long du maillage viaire structurant défini dans le schéma ci-dessus.</line></par>
</text>
</block>
<block><region><rect/></region>
<text>
<par>
<line>• Gestion des eaux pluviales</line></par>
<par>
<line>L’opération projetée devra être neutre au regard du ruissellement pluvial par rapport à</line>
<line>la situation avant l’aménagement. Aussi, une compensation pourra être mise en place</line>
<line>par une gestion des eaux pluviales à l’échelle du site grâce à l’aménagement de noues,</line>
<line>de fossés, de bassins de rétention paysagers.... Les surfaces des espaces de</line>
<line>cheminement doux, de stationnements en surface, ainsi que les voies secondaires seront</line>
<line>revêtues de matériaux drainants.</line></par>
<par>
<line>La végétalisation des toitures pourra également être mise en œuvre.</line></par>
</text>
</block>
<block><region><rect/></region>
<text>
<par>
<line>Orientations d'AmènaRtment et de Preorammatlen</line></par>
</text>
</block>
<block><region><rect/></region>
<text>
<par>
<line>31</line></par>
</text>
</block>
<block><region><rect/></region>
<text>
<par>
<line>SCP DÉSCOEUR - Architecture et Aménagement du ferrltelre</line></par>
<par>
<line>-19 rue des Salins - 63000 CLERMONT FERRAND</line></par>
</text>
</block>






<block blockType="Picture" blockName="" l="196" t="282" r="3132" b="1794"><region><rect/></region>
</block>
<block blockType="Picture" blockName="" l="1974" t="1968" r="2090" b="2050"><region><rect/></region>
</block>
</page>
<page width="3317" height="4690" resolution="402">
<block><region><rect/></region>
<text>
<par>
<line>COHHINE DE HEHETROL PLAN LOCAL D’IRBAHISHE</line></par>
</text>
<text>
<par>
<line>Les opérations d’aménagement prévoiront des dispositifs de stockage et de recyclage</line>
<line>des eaux de pluie pour l’entretien et l’arrosage des espaces verts, des jardins...</line></par>
</text>
</block>
<block><region><rect/></region>
<text>
<par/>
</text>
</block>
<block><region><rect/></region>
<text>
<par/>
</text>
</block>
<block><region><rect/></region>
<text>
<par/>
</text>
</block>
<block><region><rect/></region>
<text>
<par/>
</text>
</block>
<block><region><rect/></region>
<text>
<par/>
</text>
</block>
<block><region><rect/></region>
<text>
<par>
<line>II</line></par>
</text>
</block>
<block><region><rect/></region>
<text>
<par/>
</text>
</block>
<block><region><rect/></region>
<text>
<par/>
</text>
</block>
<block><region><rect/></region>
<text>
<par/>
</text>
</block>
<block><region><rect/></region>
<text>
<par>
<line>h-</line></par>
</text>
</block>
<block><region><rect/></region>
<text>
<par/>
</text>
</block>
<block><region><rect/></region>
<text>
<par/>
</text>
</block>
<block><region><rect/></region>
<text>
<par>
<line>•s:</line></par>
</text>
</block>
<block><region><rect/></region>
<text>
<par>
<line>Images références</line>
<line>Fossé</line></par>
</text>
</block>
<block><region><rect/></region>
<text>
<par>
<line>Noue</line></par>
</text>
</block>
<block><region><rect/></region>
<text>
<par>
<line>Bassin de rétention paysager</line></par>
</text>
</block>
<block><region><rect/></region>
<text>
<par>
<line>• Les espaces collectifs</line></par>
<par>
<line>L’opération d’aménagement devra intégrer des espaces verts collectifs aménagés,</line>
<line>bénéficiant d’un traitement paysager {courée, allée plantée...).</line></par>
</text>
</block>
<block><region><rect/><rect/><rect/></region>
<text>
<par>
<line>ii;r ^</line></par>
</text>
</block>
<block><region><rect/></region>
<text>
<par>
<line>Vf- &lt;1 *</line></par>
</text>
</block>
<block><region><rect/></region>
<text>
<par/>
</text>
</block>
<block><region><rect/></region>
<text>
<par/>
</text>
</block>
<block><region><rect/></region>
<text>
<par>
<line>Image référence</line>
<line>courée</line></par>
</text>
</block>
<block><region><rect/></region>
<text>
<par>
<line>Espace public en</line></par>
</text>
</block>
<block><region><rect/></region>
<text>
<par>
<line>• ^ainfien de la structuré paysagère du site</line></par>
<par>
<line>La zone est bordée à l'ouest par un ruisseau présentant une ripisylve marquée. Celle-ci</line>
<line>sera complétée à l’échelle de l’opération afin d’être intégré à l’aménagement.</line></par>
</text>
</block>
<block><region><rect/></region>
<text>
<par>
<line>• fnsertfon et traitement paysagers</line></par>
<par>
<line>Les clôtures participent à l’espace collectif. Un soin particulier leur sera donc apporté.</line>
<line>Ainsi, elles seront constituées de haies bocagères libres d’essences locales et variées. Au</line>
<line>besoin, elles pourront être doublées d’un grillage » noyé » dans la haie.</line></par>
</text>
</block>
<block><region><rect/></region>
<text>
<par>
<line>SCP DESCDEUR - Architecture et Aménasement du Territoire</line></par>
<par>
<line>49 rue des Salins - 63000 CLERMONT FERRAND</line></par>
</text>
</block>
<block><region><rect/></region>
<text>
<par>
<line>3)</line></par>
</text>
</block>
<block><region><rect/></region>
<text>
<par>
<line>Orientations d'Aménagement et de Proaranmation</line></par>
</text>
</block>




<block blockType="Picture" blockName="" l="178" t="1974" r="3108" b="2970"><region><rect/></region>
</block>
</page>
<page width="3317" height="4690" resolution="402">
<block><region><rect/></region>
<text>
<par>
<line>; DE HEMETROL</line></par>
</text>
</block>
<block><region><rect/></region>
<text>
<par>
<line>PLAN LOCAL D'IRBAHISHE</line></par>
</text>
</block>
<block><region><rect/><rect/></region>
<text>
<par/>
</text>
</block>
<block><region><rect/></region>
<text>
<par/>
</text>
</block>
<block><region><rect/></region>
<text>
<par>
<line>■</line></par>
</text>
</block>
<block><region><rect/></region>
<text>
<par/>
</text>
</block>
<block><region><rect/></region>
<text>
<par/>
</text>
</block>
<block><region><rect/></region>
<text>
<par/>
</text>
</block>
<block><region><rect/></region>
<text>
<par>
<line>Images références</line>
<line>clôtures</line></par>
</text>
</block>
<block><region><rect/></region>
<text>
<par>
<line>Traitement paysager des</line></par>
</text>
</block>
<block><region><rect/></region>
<text>
<par>
<line>Les bassins de rétention des eaux pluviales, les noues, les fossés_Seront végétalisés et</line></par>
<par>
<line>intégrés à l’aménagement paysager.</line></par>
<par>
<line>Les espaces verts publics seront plantés d’espèces rustiques nécessitant peu d’entretien et</line>
<line>peu d’arrosage. Les arbustes seront de préférence, plantés en bosquets.</line></par>
<par>
<line>• Oi/nensionnemenf et traitement des voiries internes</line></par>
<par>
<line>Les voies internes devront intégrer des espaces de circulation dédiés aux piétons et aux</line>
<line>cycles hors des chaussées. Ces espaces seront de préférence sécurisés par un</line>
<line>aménagement paysager.</line></par>
</text>
</block>
<block><region><rect/></region>
<text>
<par/>
</text>
</block>
<block><region><rect/></region>
<text>
<par>
<line>Y</line></par>
</text>
</block>
<block><region><rect/></region>
<text>
<par/>
</text>
</block>
<block><region><rect/></region>
<text>
<par>
<line>ûv</line></par>
</text>
</block>
<block><region><rect/></region>
<text>
<par>
<line>/</line></par>
</text>
</block>
<block blockType="Table" blockName="" l="1306" t="2910" r="3106" b="3280"><region><rect/></region>
<row>
<cell leftBorder="White" topBorder="White" rightBorder="White" bottomBorder="White" width="110" height="122">
<text>
<par/>
</text></cell>
<cell leftBorder="White" topBorder="White" bottomBorder="White" width="272" height="122">
<text>
<par/>
</text></cell>
<cell rightBorder="White" width="666" height="122">
<text>
<par>
<line>6 i^r</line></par>
</text></cell>
<cell leftBorder="White" topBorder="White" rightBorder="White" bottomBorder="White" width="470" height="122">
<text>
<par>
<line>» 1 ( i</line></par>
</text></cell>
<cell leftBorder="White" topBorder="White" rightBorder="White" bottomBorder="White" width="282" height="122">
<text>
<par/>
</text></cell></row>
<row>
<cell leftBorder="White" topBorder="White" bottomBorder="White" width="110" height="78">
<text>
<par/>
</text></cell>
<cell topBorder="White" width="272" height="78">
<text>
<par/>
</text></cell>
<cell rightBorder="White" width="666" height="78">
<text>
<par>
<line>r "n 1 1</line></par>
</text></cell>
<cell leftBorder="White" topBorder="White" width="470" height="78">
<text>
<par/>
</text></cell>
<cell topBorder="White" rightBorder="White" bottomBorder="White" width="282" height="78">
<text>
<par>
<line>_</line></par>
</text></cell></row>
<row>
<cell leftBorder="White" topBorder="White" width="110" height="100">
<text>
<par/>
</text></cell>
<cell colSpan="2" width="938" height="100">
<text>
<par>
<line>--</line></par>
</text></cell>
<cell width="470" height="100">
<text>
<par/>
</text></cell>
<cell topBorder="White" rightBorder="White" width="282" height="100">
<text>
<par/>
</text></cell></row>
<row>
<cell leftBorder="White" bottomBorder="White" width="110" height="70">
<text>
<par/>
</text></cell>
<cell colSpan="2" bottomBorder="White" width="938" height="70">
<text>
<par>
<line>voie</line></par>
</text></cell>
<cell bottomBorder="White" width="470" height="70">
<text>
<par>
<line>espace piétons/cycles</line></par>
</text></cell>
<cell rightBorder="White" bottomBorder="White" width="282" height="70">
<text>
<par/>
</text></cell></row>
</block>
<block><region><rect/></region>
<text>
<par>
<line>Profil de principe</line></par>
</text>
</block>
<block><region><rect/></region>
<text>
<par>
<line>SCP DESCOENR - ArchttÊCture et Amtnaaement du Terrltelrt</line></par>
<par>
<line>49 rue des Solins - 63000 CLERMONT FERRAND</line></par>
</text>
</block>
<block><region><rect/></region>
<text>
<par>
<line>Orieirtatifins d’Amènascment et de Pregrammatlen</line></par>
</text>
</block>
<block><region><rect/></region>
<text>
<par>
<line>3)</line></par>
</text>
</block>

















</page>
<page width="2475" height="3500" resolution="300">

</page>
</OAP>