<?xml version="1.0" encoding="UTF-8"?><OAP>
<page width="3508" height="2480" resolution="300">
<block><region><rect/></region>
<text>
<par>
<line>DÉPARTEMENT DU PUY DE DÔME</line></par>
<par>
<line>COMMUNE DE</line></par>
<par>
<line>LA ROCHE NOIRE</line></par>
</text>
</block>
<block><region><rect/></region>
<text>
<par>
<line>MAIRIE</line></par>
</text>
</block>
<block><region><rect/></region>
<text>
<par>
<line>LA ROCHE-NÛIRE</line></par>
</text>
</block>
<block><region><rect/></region>
<text>
<par>
<line>PUY-DE-OOME</line></par>
</text>
</block>
<block><region><rect/></region>
<text>
<par>
<line>APP</line></par>
</text>
</block>
<block><region><rect/></region>
<text>
<par>
<line>APPROUVE</line></par>
</text>
</block>
<block><region><rect/></region>
<text>
<par>
<line>J.MARIE FREYDEFONT</line>
<line>URBANISTE</line></par>
<par>
<line>62,Av Edouard Michelin</line>
<line>63100 Clermont-Ferrand</line>
<line>Tél : 04.73.92.44.88</line>
<line>Fax : 04.73.90.22.15</line></par>
<par>
<line>GROUPE SYCOMORE</line></par>
</text>
</block>
<block><region><rect/></region>
<text>
<par>
<line>2.2</line></par>
</text>
</block>
<block><region><rect/></region>
<text>
<par>
<line>PLAN LOCAL D’URBANISME</line></par>
</text>
</block>
<block><region><rect/></region>
<text>
<par>
<line>ORIENTATIONS D 'AMENAGEMENT ET DE</line></par>
<par>
<line>PROGRAMMATION</line></par>
</text>
</block>
<block><region><rect/></region>
<text>
<par>
<line>REVISION</line></par>
<par>
<line>PRESCRIPTION</line></par>
<par>
<line>Délibération du Conseil</line>
<line>Municipal du 12 mars 2012</line></par>
<par>
<line>ARRET DE PROJET</line></par>
<par>
<line>Délibération du Conseil</line>
<line>Municipal du 17 juillet 2013</line></par>
<par>
<line>APPROBATION</line></par>
<par>
<line>Délibération du Conseil</line>
<line>Municipal du</line></par>
</text>
</block>
<block><region><rect/></region>
<text>
<par>
<line>MODIFICATIONS - REVISIONS PARTIELLES</line>
<line>MISES A JOUR</line></par>
<par>
<line>- 1 -</line></par>
<par>
<line>- 2 -</line></par>
<par>
<line>- 3 -</line></par>
<par>
<line>- 4 -</line></par>
<par>
<line>- 5 -</line></par>
</text>
</block>
































<block blockType="Picture" blockName="" l="1144" t="580" r="1237" b="678"><region><rect/></region>
</block>
</page>
<page width="3508" height="2480" resolution="300">
<block><region><rect/></region>
<text>
<par>
<line>Orientation d'Aménagement et de Programmation</line></par>
</text>
</block>
<block><region><rect/></region>
<text>
<par>
<line>Chemin de Pato, zone 3AUh</line></par>
<par>
<line>Commune de La Roche Noire</line></par>
<par>
<line>ORIENTATION N°1 : OPTIMISER LE FONCIER</line></par>
<par>
<line>1.1 Le programme devra respecter une densité minimale de l'ordre de 20 à 25 logements/ha.</line></par>
<par>
<line>1.2 On privilégiera les implantations mitoyennes.</line></par>
<par>
<line>ORIENTATION N°2 : DIVERSIFIER LES TYPOLOGIES D'HABITAT POUR FAVORISER UNE MIXITE SOCIALE</line></par>
<par>
<line>2.1 Le programme devra comporter une diversité d'habitat tant sur le plan typologique que des produits. Un pourcentage de 25 % de</line>
<line>logements sociaux est requis au minimum.</line></par>
<par>
<line>ORIENTATION N^S : REDUIRE LES BESOINS EN ENERGIE, OPTIMISER LE POTENTIEL BIOCLIMATIQUE DU SITE</line></par>
<par>
<line>3.1 Le plan de composition de l'opération devra doter chaque parcelle d'une bonne aptitude bioclimatique.</line></par>
<par>
<line>3.2 Les constructions seront implantées de manière :</line></par>
<par>
<line>• à capter au maximum les apports solaires (nord/sud),</line></par>
<par>
<line>• à éviter les effets de masque avec le bâti existant et entre les constructions nouvelles,</line></par>
<par>
<line>• à mettre en valeur le pouvoir régulateur de la végétation sur le plan climatique,</line></par>
<par>
<line>• à faciliter la ventilation naturelle.</line></par>
<par>
<line>3.3 Limiter les besoins et les consommations générés par l'éclairage public.</line></par>
<par>
<line>3.4 Favoriser le recours à des matériaux à faible énergie grise, recyclables ou recyclés.</line></par>
<par>
<line>3.5 Inciter au recours à des ressources et filières locales.</line></par>
</text>
</block>
<block><region><rect/></region>
<text>
<par>
<line>3</line></par>
</text>
</block>


</page>
<page width="3508" height="2480" resolution="300">
<block><region><rect/></region>
<text>
<par>
<line>ORIENTATION N‘’4 : LIMITER L'IMPACT DE LA VOITURE DANS ET AUX ABORDS DE L'OPERATION</line></par>
</text>
</block>
<block><region><rect/></region>
<text>
<par>
<line>4.1 Faciliter les déplacements à pied entre le site et le bourg et à l'intérieur du programme (envisager un itinéraire alternatif pour le PR).</line></par>
<par>
<line>4.2 Prévoir un réseau de cheminements piétons internes.</line></par>
<par>
<line>4.3 Prévoir une aire de stationnement mutualisée à l'entrée de l'opération.</line></par>
<par>
<line>4.4 Concevoir un plan de masse qui limite la pénétration de la voiture dans l'opération. Limiter l'emprise du stationnement sur les espaces</line>
<line>publics.</line></par>
<par>
<line>4.5 Concevoir les voies internes sous forme de zone de rencontre.</line></par>
<par>
<line>4.6 Des stationnements vélos seront intégrés aux espaces publics et aux programmes de logements.</line></par>
</text>
</block>
<block><region><rect/></region>
<text>
<par/>
</text>
</block>
<block><region><rect/></region>
<text>
<par>
<line>s. I</line></par>
</text>
</block>
<block><region><rect/></region>
<text>
<par>
<line>IIJ4D</line></par>
</text>
</block>
<block><region><rect/></region>
<text>
<par/>
</text>
</block>
<block><region><rect/></region>
<text>
<par>
<line>V</line></par>
</text>
</block>
<block><region><rect/></region>
<text>
<par>
<line>al J</line></par>
</text>
</block>
<block><region><rect/></region>
<text>
<par>
<line>ik</line></par>
</text>
</block>
<block><region><rect/></region>
<text>
<par/>
</text>
</block>
<block><region><rect/></region>
<text>
<par>
<line>m</line></par>
</text>
</block>
<block><region><rect/></region>
<text>
<par/>
</text>
</block>
<block><region><rect/></region>
<text>
<par>
<line>ORIENTATION N^S : DONNER ACCES AUX VUES A TOUS</line></par>
</text>
</block>
<block><region><rect/></region>
<text>
<par>
<line>5.1Le plan de composition devra mettre en valeur les vues sur le grand paysage tant au niveau des espaces collectifs que des logements.</line></par>
</text>
</block>
<block><region><rect/></region>
<text>
<par>
<line>4</line></par>
</text>
</block>









<block blockType="Picture" blockName="" l="1839" t="1355" r="1896" b="1534"><region><rect/></region>
</block>
<block blockType="Picture" blockName="" l="336" t="965" r="819" b="1571"><region><rect/></region>
</block>
</page>
<page width="3508" height="2480" resolution="300">
<block><region><rect/></region>
<text>
<par>
<line>ORIENTATION N^S : PRESERVER LE CARACTERE ARBORE DU SITE ET DE SES ABORDS</line></par>
</text>
</block>
<block><region><rect/></region>
<text>
<par>
<line>6.1 Assurer des continuités vertes avec les espaces boisés existants Chemin de Pato et Chemin du Ruisseau en préservant la végétation</line>
<line>existante.</line></par>
<par>
<line>6.2 Prévoir une marge de recul des constructions et une bande verte épaisse pour créer des transitions vertes avec les lotissements voisins.</line></par>
<par>
<line>6.3 Préserver le caractère arboré du chemin de Pato.</line></par>
<par>
<line>6.4 Promouvoir la densité et la diversité végétale.</line></par>
<par>
<line>6.5 Proscrire les plantes allergogènes et les plantes invasives.</line></par>
<par>
<line>6.6 Prescrire le recours à des essences nécessitant peu d'eau et peu d'entretien.</line></par>
</text>
</block>
<block><region><rect/></region>
<text>
<par>
<line>ORIENTATION N”? : MAÎTRISER LES RUISSELLEMENTS ET LES REJETS DES EAUX PLUVIALES</line></par>
<par>
<line>7.1 Imposer un débit de fuite à l'ensemble de l'opération.</line></par>
<par>
<line>7.2 Intégrer des dispositifs de rétention des eaux pluviales le plus diffus et le plus à la source possible avec une</line>
<line>bonne intégration paysagère.</line></par>
<par>
<line>7.3 Limiter l'imperméabilisation des sols. Imposer le recours à des matériaux perméables.</line></par>
<par>
<line>7.4 Maîtriser la qualité des eaux rejetées dans le milieu naturel.</line></par>
</text>
</block>
<block><region><rect/></region>
<text>
<par/>
</text>
</block>
<block><region><rect/></region>
<text>
<par>
<line>5</line></par>
</text>
</block>



</page>
<page width="3508" height="2480" resolution="300">
<block><region><rect/></region>
<text>
<par>
<line>ORIENTATION N^S : ECONOMISER LA RESSOURCE EN EAU POTABLE</line></par>
</text>
</block>
<block><region><rect/></region>
<text>
<par>
<line>8.1 Inciter au recyclage des eaux pluviales à usage domestique (arrosage, entretien, lavage, WC...).</line></par>
<par>
<line>8.2 Préconiser des essences végétales peu consommatrices d'eau.</line></par>
<par>
<line>ORIENTATION N” 9 : LIMITER L'IMPACT DU PROJET SUR LES SOLS</line></par>
<par>
<line>9.1 Concevoir un plan masse qui favorise l'adaptation au sol des constructions.</line></par>
<par>
<line>9.2 Prévoir la récupération et la valorisation de la terre végétale pour les aménagements paysagers.</line></par>
<par>
<line>9.3 Prendre en compte la présence fortement probable de terrains humides en partie nord de la zone 3AUh d'après l'Atlas de pré localisation</line>
<line>des zones humides du SAGE Allier Aval.</line></par>
</text>
</block>
<block><region><rect/></region>
<text>
<par>
<line>-/I</line></par>
</text>
</block>
<block><region><rect/><rect/></region>
<text>
<par/>
</text>
</block>
<block><region><rect/></region>
<text>
<par>
<line>• .mt* ' . ^</line></par>
</text>
</block>
<block><region><rect/></region>
<text>
<par>
<line>rf</line></par>
</text>
</block>
<block><region><rect/></region>
<text>
<par/>
</text>
</block>
<block><region><rect/></region>
<text>
<par/>
</text>
</block>
<block><region><rect/></region>
<text>
<par/>
</text>
</block>
<block><region><rect/></region>
<text>
<par>
<line>■î-c* r.</line></par>
</text>
</block>
<block><region><rect/></region>
<text>
<par>
<line>■ f t</line></par>
</text>
</block>
<block><region><rect/></region>
<text>
<par>
<line>‘AK</line></par>
</text>
</block>
<block><region><rect/></region>
<text>
<par/>
</text>
</block>
<block><region><rect/></region>
<text>
<par/>
</text>
</block>
<block><region><rect/></region>
<text>
<par>
<line>/</line></par>
</text>
</block>
<block><region><rect/></region>
<text>
<par/>
</text>
</block>
<block><region><rect/></region>
<text>
<par/>
</text>
</block>
<block><region><rect/></region>
<text>
<par/>
</text>
</block>
<block><region><rect/></region>
<text>
<par/>
</text>
</block>
<block><region><rect/></region>
<text>
<par/>
</text>
</block>
<block><region><rect/></region>
<text>
<par>
<line>r</line></par>
</text>
</block>
<block><region><rect/></region>
<text>
<par/>
</text>
</block>
<block><region><rect/></region>
<text>
<par>
<line>ORIENTATION N^IO : CREER DES LIEUX DE RENCONTRE</line></par>
<par>
<line>10.1 Prévoir au minimum un espace collectif ou public à l'échelle du quartier ouvert sur son environnement.</line></par>
<par>
<line>10.2 Mettre en valeur les vues, créer un effet de belvédère.</line></par>
<par>
<line>10.3 Soutenir des initiatives de création d'espaces partagés (jardins, vergers...).</line></par>
</text>
</block>
<block><region><rect/></region>
<text>
<par>
<line>6</line></par>
</text>
</block>

</page>
<page width="3508" height="2480" resolution="300">
<block><region><rect/></region>
<text>
<par>
<line>ORIENTATION N” 11 : LIMITER ET FACILITER LA COLLECTE ET LE TRI DES DECHETS</line></par>
</text>
</block>
<block><region><rect/></region>
<text>
<par>
<line>11.1 Inciter au tri sélectif par un accès aisé aux lieux de collecte.</line></par>
<par>
<line>11.2 Inciter au compostage des déchets verts sur le site.</line></par>
<par>
<line>11.3 Prévoir un lieu de regroupement des déchets ménagers.</line></par>
</text>
</block>
<block><region><rect/></region>
<text>
<par>
<line>ORIENTATION N^IZ : GARANTIR UNE COHERENCE ARCHITECTURALE ET PAYSAGERE</line></par>
<par>
<line>12.1 Elaborer un Cahier des Charges Architecturales, Urbaines, Environnementales et Paysagères dans le cadre de l'opération.</line></par>
</text>
</block>
<block><region><rect/></region>
<text>
<par/>
</text>
</block>
<block><region><rect/></region>
<text>
<par/>
</text>
</block>
<block><region><rect/></region>
<text>
<par/>
</text>
</block>
<block><region><rect/></region>
<text>
<par/>
</text>
</block>
<block><region><rect/></region>
<text>
<par/>
</text>
</block>
<block><region><rect/></region>
<text>
<par>
<line>fl</line></par>
</text>
</block>
<block><region><rect/><rect/><rect/></region>
<text>
<par/>
</text>
</block>
<block><region><rect/></region>
<text>
<par/>
</text>
</block>
<block><region><rect/></region>
<text>
<par/>
</text>
</block>
<block><region><rect/></region>
<text>
<par>
<line>7</line></par>
</text>
</block>








</page>
<page width="3508" height="2480" resolution="300">
<block><region><rect/></region>
<text>
<par>
<line>Synthèse des atouts et contraintes du site</line></par>
</text>
</block>
<block blockType="Table" blockName="" l="271" t="505" r="3237" b="2180"><region><rect/></region>
<row>
<cell width="604" height="86">
<text>
<par/>
</text></cell>
<cell width="1093" height="86">
<text>
<par>
<line>ATOUTS</line></par>
</text></cell>
<cell width="1269" height="86">
<text>
<par>
<line>CONTRAINTES</line></par>
</text></cell></row>
<row>
<cell width="604" height="95">
<text>
<par>
<line>Insertion dans le bourg</line></par>
</text></cell>
<cell width="1093" height="95">
<text>
<par>
<line>Proximité du bourg.</line></par>
</text></cell>
<cell width="1269" height="95">
<text>
<par/>
</text></cell></row>
<row>
<cell width="604" height="145">
<text>
<par>
<line>Rapport aux espaces</line>
<line>naturels</line></par>
</text></cell>
<cell width="1093" height="145">
<text>
<par>
<line>Proximité des espaces naturels.</line></par>
</text></cell>
<cell width="1269" height="145">
<text>
<par/>
</text></cell></row>
<row>
<cell width="604" height="144">
<text>
<par>
<line>Accès aux</line>
<line>équipements</line></par>
</text></cell>
<cell width="1093" height="144">
<text>
<par>
<line>Proximité du terrain de l'Ecureuil.</line></par>
</text></cell>
<cell width="1269" height="144">
<text>
<par>
<line>Voies étroites et pentues.</line></par>
</text></cell></row>
<row>
<cell colSpan="3" width="2966" height="98">
<text>
<par>
<line>Aspects physiques</line></par>
</text></cell></row>
<row>
<cell width="604" height="307">
<text>
<par>
<line>Topographie</line></par>
</text></cell>
<cell width="1093" height="307">
<text>
<par>
<line>La pente permet d'assurer un accès aux vues sur le</line>
<line>grand paysage.</line></par>
</text></cell>
<cell width="1269" height="307">
<text>
<par>
<line>Pentes moyennes avec une rupture de pente au droit des</line>
<line>parcelles en lanière, rupture marquée par un mur de</line>
<line>soutènement.</line></par>
<par>
<line>Terrain en contrebas du chemin de Pato. Accès possible au</line>
<line>niveau des parcelles cadastrées ZD 2 et 3.</line></par>
</text></cell></row>
<row>
<cell width="604" height="73">
<text>
<par>
<line>Aspects géotechniques</line></par>
</text></cell>
<cell width="1093" height="73">
<text>
<par>
<line>Pas de données précises.</line></par>
</text></cell>
<cell width="1269" height="73">
<text>
<par>
<line>Pas de données précises.</line></par>
</text></cell></row>
<row>
<cell width="604" height="102">
<text>
<par>
<line>Aspects techniques</line></par>
</text></cell>
<cell width="1093" height="102">
<text>
<par>
<line>Pas de données précises.</line></par>
</text></cell>
<cell width="1269" height="102">
<text>
<par>
<line>Pas de données précises.</line></par>
</text></cell></row>
<row>
<cell width="604" height="264">
<text>
<par>
<line>Accès</line></par>
</text></cell>
<cell width="1093" height="264">
<text>
<par>
<line>Large façade sur le chemin de Pato.</line></par>
</text></cell>
<cell width="1269" height="264">
<text>
<par>
<line>Contraintes foncières et topographiques. Un seul accès</line>
<line>possible à partir du chemin de Pato et de manière plus</line>
<line>limitée sur le chemin du Ruisseau.</line></par>
</text></cell></row>
<row>
<cell colSpan="3" width="2966" height="112">
<text>
<par>
<line>Desserte</line></par>
</text></cell></row>
<row>
<cell width="604" height="249">
<text>
<par>
<line>Desserte par les</line>
<line>réseaux</line></par>
</text></cell>
<cell width="1093" height="249">
<text>
<par>
<line>Réseaux en périphérie.</line></par>
</text></cell>
<cell width="1269" height="249">
<text>
<par>
<line>Contraintes de raccordement aux réseaux publics.</line>
<line>Contraintes de gestion des eaux pluviales : ruissellement à</line>
<line>maîtriser tant pour les ruissellements venant de l'amont</line>
<line>que vis-à-vis de l'aval du site.</line></par>
</text></cell></row>
</block>
<block><region><rect/></region>
<text>
<par>
<line>8</line></par>
</text>
</block>


















</page>
<page width="3508" height="2480" resolution="300">
<block blockType="Table" blockName="" l="271" t="295" r="3237" b="1847"><region><rect/></region>
<row>
<cell colSpan="3" width="2966" height="121">
<text>
<par>
<line>Paysage</line></par>
</text></cell></row>
<row>
<cell width="604" height="124">
<text>
<par>
<line>Vues à partir du site</line></par>
</text></cell>
<cell width="1093" height="124">
<text>
<par>
<line>Très belles vues orientées sur la vallée de l'Ailier et</line>
<line>sur le puy de Mur.</line></par>
</text></cell>
<cell width="1269" height="124">
<text>
<par/>
</text></cell></row>
<row>
<cell width="604" height="124">
<text>
<par>
<line>Vues sur le site</line></par>
</text></cell>
<cell width="1093" height="124">
<text>
<par>
<line>Site peu perçu du fait des effets écran joué par le</line>
<line>relief, l'urbanisation et la végétation.</line></par>
</text></cell>
<cell width="1269" height="124">
<text>
<par/>
</text></cell></row>
<row>
<cell width="604" height="185">
<text>
<par>
<line>Trame végétale</line></par>
</text></cell>
<cell width="1093" height="185">
<text>
<par>
<line>Lanière en friche arborée mixte avec des fruitiers :</line>
<line>noyers/ cerisiers /pommiers. Anciens vergers en</line>
<line>face du site sur le chemin de Pato.</line></par>
</text></cell>
<cell width="1269" height="185">
<text>
<par/>
</text></cell></row>
<row>
<cell colSpan="3" width="2966" height="127">
<text>
<par>
<line>Aptitude bioclimatique</line></par>
</text></cell></row>
<row>
<cell width="604" height="124">
<text>
<par>
<line>Orientation</line></par>
</text></cell>
<cell width="1093" height="124">
<text>
<par>
<line>Bon potentiel solaire.</line></par>
<par>
<line>Orientation favorable Nord-Ouest/Sud-Est.</line></par>
</text></cell>
<cell width="1269" height="124">
<text>
<par/>
</text></cell></row>
<row>
<cell width="604" height="144">
<text>
<par>
<line>Effets de masque :</line>
<line>relief/végétation</line></par>
</text></cell>
<cell width="1093" height="144">
<text>
<par>
<line>Pas de contraintes fortes.</line></par>
</text></cell>
<cell width="1269" height="144">
<text>
<par/>
</text></cell></row>
<row>
<cell width="604" height="145">
<text>
<par>
<line>Structure du</line>
<line>parcellaire</line></par>
</text></cell>
<cell width="1093" height="145">
<text>
<par>
<line>Parcellaire homogène en lanière.</line></par>
</text></cell>
<cell width="1269" height="145">
<text>
<par>
<line>Parcellaire très morcelé.</line></par>
</text></cell></row>
<row>
<cell width="604" height="73">
<text>
<par>
<line>Occupation des sols</line></par>
</text></cell>
<cell width="1093" height="73">
<text>
<par>
<line>Vocation agricole limitée.</line></par>
</text></cell>
<cell width="1269" height="73">
<text>
<par/>
</text></cell></row>
<row>
<cell width="604" height="73">
<text>
<par>
<line>Milieux humides</line></par>
</text></cell>
<cell width="1093" height="73">
<text>
<par/>
</text></cell>
<cell width="1269" height="73">
<text>
<par>
<line>Proximité du ruisseau et de sources.</line></par>
</text></cell></row>
<row>
<cell width="604" height="186">
<text>
<par>
<line>Couvert végétal</line></par>
</text></cell>
<cell width="1093" height="186">
<text>
<par/>
</text></cell>
<cell width="1269" height="186">
<text>
<par>
<line>Présence de friches boisées et d'anciens vergers</line>
<line>abandonnés à proximité sur le site et à proximité</line>
<line>immédiate du site.</line></par>
</text></cell></row>
<row>
<cell width="604" height="126">
<text>
<par>
<line>Mesures de protection</line></par>
</text></cell>
<cell width="1093" height="126">
<text>
<par>
<line>Pas de mesures de protection affectant la zone</line>
<line>3AUh.</line></par>
</text></cell>
<cell width="1269" height="126">
<text>
<par/>
</text></cell></row>
</block>
<block><region><rect/></region>
<text>
<par>
<line>9</line></par>
</text>
</block>
















</page>
<page width="3508" height="2480" resolution="300">
<block><region><rect/></region>
<text>
<par>
<line>Orientation d ’Aménagement et de Progranfinr^jdn «Oheniin tle'i^ato »</line></par>
</text>
</block>
<block><region><rect/></region>
<text>
<par>
<line>T</line></par>
</text>
</block>
<block><region><rect/></region>
<text>
<par>
<line>a</line></par>
</text>
</block>
<block><region><rect/></region>
<text>
<par>
<line>.»*—</line></par>
</text>
</block>
<block><region><rect/></region>
<text>
<par/>
</text>
</block>
<block><region><rect/></region>
<text>
<par/>
</text>
</block>
<block><region><rect/><rect/><rect/></region>
<text>
<par>
<line>"1 »</line></par>
</text>
</block>
<block><region><rect/><rect/></region>
<text>
<par>
<line>&gt;^CÿT ■</line></par>
</text>
</block>
<block><region><rect/></region>
<text>
<par/>
</text>
</block>
<block><region><rect/></region>
<text>
<par>
<line>A*"</line></par>
<par>
<line>iü v:</line></par>
</text>
</block>
<block><region><rect/></region>
<text>
<par/>
</text>
</block>
<block><region><rect/></region>
<text>
<par/>
</text>
</block>
<block><region><rect/></region>
<text>
<par>
<line>y\</line></par>
</text>
</block>
<block><region><rect/></region>
<text>
<par>
<line>\</line></par>
</text>
</block>
<block><region><rect/></region>
<text>
<par>
<line>Intéressante Appriservér</line></par>
</text>
</block>
<block><region><rect/><rect/><rect/><rect/><rect/></region>
<text>
<par>
<line>Prévoir une trsnsiiion paysagère avec</line>
<line>rofttant : niar^e de recul de lOiri ou 5m</line></par>
<par>
<line>Créer un chemin piéton interne ofFranl une attemativé^^ ^</line></par>
<par>
<line>au chemin de Pato. Préserver la possibilité d ’un</line>
<line>pratpngemenl vers lé centre è long terme.</line></par>
<par>
<line>PBÿfewpgtteill Indicatif .</line></par>
</text>
</block>
<block><region><rect/></region>
<text>
<par>
<line>Préserver les continuités arborées</line></par>
</text>
</block>
<block><region><rect/><rect/></region>
<text>
<par>
<line>^nt de branchement possible d/dne voie jij,</line></par>
</text>
</block>
<block><region><rect/><rect/><rect/><rect/><rect/></region>
<text>
<par>
<line>4 '</line></par>
</text>
</block>
<block><region><rect/></region>
<text>
<par>
<line>s desserte Positionii^er|t de principe</line></par>
</text>
</block>
<block><region><rect/><rect/></region>
<text>
<par>
<line>ÿ un élargissement ,(|p Chemin de Fato lout en</line>
<line>jnaintefianl son caraçlèna.ârtioré ,</line></par>
</text>
</block>
<block><region><rect/></region>
<text>
<par>
<line>■50m _</line></par>
</text>
</block>
<block><region><rect/></region>
<text>
<par/>
</text>
</block>
<block><region><rect/></region>
<text>
<par/>
</text>
</block>
<block><region><rect/></region>
<text>
<par/>
</text>
</block>
<block><region><rect/></region>
<text>
<par/>
</text>
</block>
<block><region><rect/></region>
<text>
<par>
<line>.'^vVNviÉ</line></par>
</text>
</block>
<block><region><rect/></region>
<text>
<par/>
</text>
</block>
<block><region><rect/></region>
<text>
<par/>
</text>
</block>
<block><region><rect/></region>
<text>
<par/>
</text>
</block>
<block><region><rect/></region>
<text>
<par>
<line>» &lt;3^1;</line></par>
<par>
<line>/ yb</line></par>
</text>
</block>
<block><region><rect/></region>
<text>
<par/>
</text>
</block>
<block><region><rect/></region>
<text>
<par/>
</text>
</block>
<block><region><rect/></region>
<text>
<par>
<line>y</line></par>
</text>
</block>
<block><region><rect/></region>
<text>
<par/>
</text>
</block>
<block><region><rect/></region>
<text>
<par>
<line>* A'</line></par>
</text>
</block>
<block><region><rect/></region>
<text>
<par>
<line>r</line></par>
</text>
</block>
<block><region><rect/></region>
<text>
<par/>
</text>
</block>
<block><region><rect/></region>
<text>
<par>
<line>-s ►</line></par>
</text>
</block>
<block><region><rect/></region>
<text>
<par>
<line>V</line></par>
</text>
</block>
<block><region><rect/></region>
<text>
<par>
<line>&lt;% •*</line></par>
</text>
</block>
<block><region><rect/></region>
<text>
<par/>
</text>
</block>
<block><region><rect/></region>
<text>
<par/>
</text>
</block>
<block><region><rect/></region>
<text>
<par>
<line>;4T *</line></par>
</text>
</block>
<block><region><rect/></region>
<text>
<par/>
</text>
</block>
<block><region><rect/></region>
<text>
<par/>
</text>
</block>
<block><region><rect/></region>
<text>
<par/>
</text>
</block>
<block><region><rect/></region>
<text>
<par>
<line>#</line></par>
</text>
</block>
<block><region><rect/></region>
<text>
<par>
<line>y'</line></par>
</text>
</block>
<block><region><rect/><rect/></region>
<text>
<par/>
</text>
</block>
<block><region><rect/></region>
<text>
<par>
<line>iT^</line></par>
</text>
</block>
<block><region><rect/></region>
<text>
<par>
<line>.-Z</line></par>
</text>
</block>
<block><region><rect/></region>
<text>
<par>
<line>O</line></par>
</text>
</block>
<block><region><rect/></region>
<text>
<par/>
</text>
</block>
<block><region><rect/></region>
<text>
<par/>
</text>
</block>
<block><region><rect/></region>
<text>
<par/>
</text>
</block>
<block><region><rect/></region>
<text>
<par>
<line>\l.</line></par>
</text>
</block>
<block><region><rect/></region>
<text>
<par/>
</text>
</block>
<block><region><rect/></region>
<text>
<par/>
</text>
</block>
<block><region><rect/></region>
<text>
<par/>
</text>
</block>
<block><region><rect/></region>
<text>
<par>
<line>«« IS</line></par>
</text>
</block>
<block><region><rect/></region>
<text>
<par/>
</text>
</block>
<block><region><rect/></region>
<text>
<par/>
</text>
</block>
<block><region><rect/></region>
<text>
<par>
<line>1</line></par>
</text>
</block>
<block><region><rect/></region>
<text>
<par/>
</text>
</block>
<block><region><rect/></region>
<text>
<par>
<line>-.a</line></par>
</text>
</block>
<block><region><rect/></region>
<text>
<par>
<line>s '</line></par>
</text>
</block>
<block><region><rect/></region>
<text>
<par/>
</text>
</block>
<block><region><rect/><rect/></region>
<text>
<par/>
</text>
</block>
<block><region><rect/></region>
<text>
<par/>
</text>
</block>
<block><region><rect/></region>
<text>
<par>
<line>SS</line></par>
</text>
</block>
<block><region><rect/></region>
<text>
<par/>
</text>
</block>
<block><region><rect/></region>
<text>
<par>
<line>:’tS«</line></par>
</text>
</block>
<block><region><rect/></region>
<text>
<par>
<line>M*- i-</line></par>
</text>
</block>
<block><region><rect/></region>
<text>
<par>
<line>;</line></par>
</text>
</block>
<block><region><rect/><rect/></region>
<text>
<par/>
</text>
</block>
<block><region><rect/></region>
<text>
<par/>
</text>
</block>
<block><region><rect/></region>
<text>
<par/>
</text>
</block>
<block><region><rect/></region>
<text>
<par/>
</text>
</block>
<block><region><rect/></region>
<text>
<par>
<line>Orienter le bâti de préférence en Nord/Sud</line></par>
</text>
</block>
<block><region><rect/></region>
<text>
<par>
<line>Créer un espace collectif public avec «t belvédère y&gt;</line>
<line>Positionnement de principe</line></par>
</text>
</block>
<block><region><rect/><rect/></region>
<text>
<par>
<line>Prévoir un accès possible à t'opéralion é partir du</line>
<line>Chemin du Ruisseau. Sân$ unique entrant '</line>
<line>unjquemeQljSans possibllltô de Iqu^ à gauche</line></par>
</text>
</block>
<block><region><rect/></region>
<text>
<par>
<line>Préserver le caractère arboré de l'entrée d'opémhen</line></par>
<par>
<line>Prévoir une petite aire de stationnement mulualisée '</line>
<line>Posflionnemenl de principe . ,</line></par>
</text>
</block>
<block><region><rect/></region>
<text>
<par>
<line>Préserver le bande arborée existanle</line></par>
</text>
</block>
<block><region><rect/><rect/></region>
<text>
<par>
<line>^ Maintenir des porosités visuelles à partir du Chemin</line>
<line>■ de Pato i</line></par>
</text>
</block>
<block><region><rect/><rect/><rect/></region>
<text>
<par>
<line>Séquence sensible à è'i^er pour un éventuel</line>
<line>branchement (terrassement codre-bas.</line></par>
<par>
<line>^ sortie de virage, ca^four contraintj</line></par>
<par>
<line>J.</line></par>
</text>
</block>
<block><region><rect/></region>
<text>
<par>
<line>schéma de principe qui a une valeur indicative. L'éçlielle concerne uniquement le fond de plan</line></par>
</text>
</block>
<block><region><rect/></region>
<text>
<par>
<line>f</line></par>
</text>
</block>
<block><region><rect/></region>
<text>
<par>
<line>NORD</line></par>
</text>
</block>
<block><region><rect/></region>
<text>
<par>
<line>10</line></par>
</text>
</block>










</page>
</OAP>