<?xml version="1.0" encoding="UTF-8"?><OAP>
<page width="2480" height="3508" resolution="300">
<block><region><rect/></region>
<text>
<par>
<line>Plan Local</line>
<line>d’Urbanisme</line></par>
</text>
</block>
<block><region><rect/></region>
<text>
<par>
<line>P.L.U.</line></par>
</text>
</block>
<block><region><rect/></region>
<text>
<par>
<line>Commune de</line></par>
<par>
<line>SAINT-SAUVES</line></par>
<par>
<line>D'AUVERGNE</line></par>
<par>
<line>(Département du Puy-de-Dôme)</line></par>
</text>
</block>
<block><region><rect/></region>
<text>
<par>
<line>D</line></par>
</text>
</block>
<block><region><rect/></region>
<text>
<par>
<line>5.</line></par>
</text>
</block>
<block><region><rect/></region>
<text>
<par>
<line>RIENTATIONS D'AMENAGEMENT</line></par>
</text>
</block>
<block><region><rect/></region>
<text>
<par/>
</text>
</block>
<block><region><rect/></region>
<text>
<par>
<line>Approuvé le 12 février 2013</line>
<line>Modification simplifiée le 23 mai 2013</line>
<line>Modification n°l le 10 septembre 2013</line></par>
</text>
</block>
<block><region><rect/></region>
<text>
<par>
<line>APTITUDES AMENAGEMENT</line></par>
<par>
<line>Siège social :</line></par>
<par>
<line>11 rue Eucher Girardin 42300 Roanne -</line>
<line>Tél : 04 77 70 55 37</line>
<line>Agence de Roanne :</line></par>
<par>
<line>Espace Saint Louis Rue Raffin 42300</line>
<line>Roanne - Tél/fax : 04 77 71 28 82</line></par>
</text>
</block>
<block><region><rect/></region>
<text>
<par>
<line>aptitudes.amenagement@orange.fr</line></par>
</text>
</block>
<block blockType="Picture" blockName="" l="4" t="4" r="907" b="817"><region><rect/></region>
</block>
<block blockType="Picture" blockName="" l="1578" t="2850" r="2476" b="3504"><region><rect/></region>
</block>
<block blockType="Picture" blockName="" l="1008" t="1679" r="1084" b="1739"><region><rect/></region>
</block>
</page>
<page width="2480" height="3508" resolution="300">
<block><region><rect/></region>
<text>
<par>
<line>Plan Local d'Urbanisme de SAINT SAUVES D’AUVERGNE (63)</line></par>
</text>
<text>
<par>
<line>Orientations d’Aménagement</line></par>
</text>
</block>
<block><region><rect/></region>
<text>
<par>
<line>PREAMBULE</line></par>
</text>
</block>
<block><region><rect/><rect/><rect/><rect/><rect/><rect/><rect/></region>
<text>
<par>
<line>Les orientations d'aménagement sont des outils créés par la loi Solidarité et Renouvellement Urbain (loi</line>
<line>SRU) et précisés par la loi Urbanisme et Habitat Initialement intégrées au Projet d'Aménagement et de</line>
<line>Développement Durable, elles constituent désormais une partie à part entière du dossier PLU.</line></par>
<par>
<line>Le présent document a pour objet de préciser, dans le cadre des prestations générales définies par le</line>
<line>projet d'aménagement et de développement durable, les orientations d'aménagement relatives à des</line>
<line>quartiers ou à des secteurs qui vont connaître un développement ou une restructuration particulière.</line></par>
<par>
<line>La commune a défini différents secteurs destinés à être aménagés à plus au moins long terme et classés en</line>
<line>zone AU, AUa ou AUe.</line></par>
<par>
<line>Pour chacune de ces zones de superficie variable, il a été déterminé un schéma d'aménagement global</line>
<line>destiné à assurer la cohérence d'ensemble des futures opérations, en lien avec les constructions existantes.</line>
<line>Ces opérations devront être compatibles avec le schéma et les orientations proposées, conformément aux</line>
<line>dispositions du Code de l'urbanisme. De plus, le règlement complète les conditions d'aménagement des</line>
<line>secteurs concernés.</line></par>
<par>
<line>Les principes d'aménagements généraux communs à</line>
<line>l'ensemble de ces secteurs sont issus des principes</line>
<line>du développement durable. Il s'agit de : /</line></par>
<par>
<line>optimiser l'espace par la création d'un</line>
<line>maillage urbain continu avec le réseau</line>
<line>viaire existant de manière à éviter</line>
<line>l'enclavement de terrains, \</line></par>
<par>
<line>veiller à une intégration de qualité des \</line>
<line>futures constructions, \</line></par>
<par>
<line>prendre en compte les modes de transport</line>
<line>doux : piéton, deux roues dans l'aménagement</line>
<line>des zones.</line></par>
</text>
</block>
<block><region><rect/><rect/><rect/></region>
<text>
<par>
<line>L'objectif de ces orientations</line>
<line>d'aménagement est d'engager une</line>
<line>réflexion visant à un développement urbain</line>
<line>cohérent permettant une utilisation</line>
<line>rationnelle de l'espace, sans pour autant</line>
<line>aboutir à la création de quartiers</line>
<line>pavillonnaires standardisés.</line></par>
<par>
<line>A contrario l'aménagement retenu devra</line>
<line>respecter le cadre bâti et paysager</line>
<line>environnant afin de ne pas créer de</line>
<line>dissonance architecturale et paysagère</line>
<line>avec l'environnement local.</line></par>
</text>
</block>



</page>
<page width="2480" height="3508" resolution="300">
<block><region><rect/></region>
<text>
<par>
<line>Les zones à urbaniser relèvent d'une double vocation :</line></par>
</text>
</block>
<block><region><rect/></region>
<text>
<par>
<line>Plan Local d'Urbanisme de SAINT SALIVES D’AUVERGNE (63)</line></par>
</text>
<text>
<par>
<line>Orientations d’Aménagement</line></par>
</text>
</block>
<block><region><rect/></region>
<text>
<par>
<line>Résidentielle :</line></par>
<par>
<line>* Secteur des « Graumonts » composé d'une zone AUa d'une superficie de 22 382 m^. Il s'agit d'un secteur d'extension</line>
<line>résidentielle situé en entrée Nord-Ouest, destiné à accueillir de l'habitat individuel sur des petites parcelles.</line></par>
<par>
<line>* Secteur des «Violettes» composé d'une zone AUa d'une superficie de 6 651m^ dont la vocation est l'aménagement</line>
<line>d'un secteur résidentiel en entrée Nord du bourg par la RD, en confortant le lieu-dit déjà existant, mais en préservant</line>
<line>une ceinture verte paysagère à l'entrée Nord du bourg.</line></par>
<par>
<line>* Secteur des « Ludines Nord » composé d'une zone UC d'une superficie de 9 219 m^. Il s'agit d'aménager un secteur</line>
<line>résidentiel en continuité du lotissement des Ludines, de l'autre côté de la voie.</line></par>
<par>
<line>* Secteur du «Pont» composé d'une zone AUa d'une superficie de 12 575 m^ situé en contrebas du bourg de Saint-</line>
<line>Sauves. Ce secteur vise l'aménagement d'une dizaine de lots.</line></par>
<par>
<line>* Secteur des «Pochettes» composé d'une zone AUa d'une superficie de 6 588 m^. Il s'agit d'une zone située en</line>
<line>contrebas du village, à proximité d'autres secteurs résidentiels constitués et proche de la future zone artisanale.</line></par>
<par>
<line>Economique :</line></par>
<par>
<line>* Secteur « Le Corneloux » composé d'une zone AUe d'une superficie de 19 500 m^ dont la vocation est d'accueillir des</line>
<line>activités économiques à proximité directe avec la RD.</line></par>
</text>
</block>
<block><region><rect/><rect/></region>
<text>
<par>
<line>LOCALISATION DES SECTEURS CONCERNÉS PAR LES ORIENTATIONS D’AMENAGEMENT</line></par>
<par>
<line>-</line></par>
</text>
</block>
<block><region><rect/></region>
<text>
<par/>
</text>
</block>
<block><region><rect/></region>
<text>
<par>
<line>in</line></par>
</text>
</block>
<block><region><rect/></region>
<text>
<par>
<line>3-Secteur Les Ludines</line></par>
</text>
</block>
<block><region><rect/></region>
<text>
<par/>
</text>
</block>
<block><region><rect/></region>
<text>
<par/>
</text>
</block>
<block><region><rect/></region>
<text>
<par/>
</text>
</block>
<block><region><rect/></region>
<text>
<par/>
</text>
</block>
<block><region><rect/></region>
<text>
<par>
<line>r;J</line></par>
</text>
</block>
<block><region><rect/></region>
<text>
<par/>
</text>
</block>
<block><region><rect/></region>
<text>
<par>
<line>Nord</line></par>
</text>
</block>
<block><region><rect/></region>
<text>
<par/>
</text>
</block>
<block><region><rect/></region>
<text>
<par>
<line>^ .</line></par>
</text>
</block>
<block><region><rect/></region>
<text>
<par>
<line>i</line></par>
</text>
</block>
<block><region><rect/></region>
<text>
<par>
<line>1»^</line></par>
</text>
</block>
<block><region><rect/></region>
<text>
<par>
<line>1.</line></par>
</text>
</block>
<block><region><rect/></region>
<text>
<par/>
</text>
</block>
<block><region><rect/></region>
<text>
<par>
<line>7</line></par>
</text>
</block>
<block><region><rect/></region>
<text>
<par/>
</text>
</block>
<block><region><rect/></region>
<text>
<par>
<line>Secteur L</line>
<line>Violettes</line></par>
</text>
</block>
<block><region><rect/></region>
<text>
<par>
<line>Les</line></par>
</text>
</block>
<block><region><rect/></region>
<text>
<par>
<line>Secteur Les</line>
<line>Graumonts</line></par>
</text>
</block>
<block><region><rect/></region>
<text>
<par/>
</text>
</block>
<block><region><rect/></region>
<text>
<par>
<line>V.</line></par>
</text>
</block>
<block><region><rect/></region>
<text>
<par/>
</text>
</block>
<block><region><rect/></region>
<text>
<par>
<line>i.</line></par>
</text>
</block>
<block><region><rect/></region>
<text>
<par/>
</text>
</block>
<block><region><rect/></region>
<text>
<par/>
</text>
</block>
<block><region><rect/><rect/><rect/></region>
<text>
<par>
<line>% ■ ; m</line></par>
</text>
</block>
<block><region><rect/></region>
<text>
<par>
<line>•«Si</line></par>
</text>
</block>
<block><region><rect/></region>
<text>
<par/>
</text>
</block>
<block><region><rect/></region>
<text>
<par/>
</text>
</block>
<block><region><rect/></region>
<text>
<par>
<line>•i</line></par>
</text>
</block>
<block><region><rect/></region>
<text>
<par/>
</text>
</block>
<block><region><rect/></region>
<text>
<par/>
</text>
</block>
<block><region><rect/><rect/></region>
<text>
<par/>
</text>
</block>
<block><region><rect/></region>
<text>
<par/>
</text>
</block>
<block><region><rect/></region>
<text>
<par/>
</text>
</block>
<block><region><rect/><rect/></region>
<text>
<par>
<line>mm</line></par>
</text>
</block>
<block><region><rect/></region>
<text>
<par/>
</text>
</block>
<block><region><rect/></region>
<text>
<par/>
</text>
</block>
<block><region><rect/></region>
<text>
<par/>
</text>
</block>
<block><region><rect/></region>
<text>
<par/>
</text>
</block>
<block><region><rect/></region>
<text>
<par>
<line>'ê</line></par>
</text>
</block>
<block><region><rect/></region>
<text>
<par/>
</text>
</block>
<block><region><rect/></region>
<text>
<par/>
</text>
</block>
<block><region><rect/></region>
<text>
<par>
<line>1^</line></par>
</text>
</block>
<block><region><rect/></region>
<text>
<par/>
</text>
</block>
<block><region><rect/></region>
<text>
<par/>
</text>
</block>
<block><region><rect/></region>
<text>
<par/>
</text>
</block>
<block><region><rect/></region>
<text>
<par>
<line>Pt</line></par>
</text>
</block>
<block><region><rect/></region>
<text>
<par>
<line>m</line></par>
</text>
</block>
<block><region><rect/></region>
<text>
<par/>
</text>
</block>
<block><region><rect/></region>
<text>
<par>
<line>JW</line></par>
</text>
</block>
<block><region><rect/></region>
<text>
<par/>
</text>
</block>
<block><region><rect/></region>
<text>
<par/>
</text>
</block>
<block><region><rect/></region>
<text>
<par/>
</text>
</block>
<block><region><rect/></region>
<text>
<par>
<line>Tî</line></par>
</text>
</block>
<block><region><rect/></region>
<text>
<par/>
</text>
</block>
<block><region><rect/></region>
<text>
<par/>
</text>
</block>
<block><region><rect/></region>
<text>
<par/>
</text>
</block>
<block><region><rect/></region>
<text>
<par/>
</text>
</block>
<block><region><rect/></region>
<text>
<par/>
</text>
</block>
<block><region><rect/></region>
<text>
<par/>
</text>
</block>
<block><region><rect/></region>
<text>
<par/>
</text>
</block>
<block><region><rect/></region>
<text>
<par>
<line>Secteur</line></par>
</text>
</block>
<block><region><rect/></region>
<text>
<par>
<line>Le</line></par>
</text>
</block>
<block><region><rect/></region>
<text>
<par>
<line>Pont</line></par>
</text>
</block>
<block><region><rect/></region>
<text>
<par>
<line>vS-,</line></par>
</text>
</block>
<block><region><rect/></region>
<text>
<par/>
</text>
</block>
<block><region><rect/></region>
<text>
<par/>
</text>
</block>
<block><region><rect/></region>
<text>
<par/>
</text>
</block>
<block><region><rect/></region>
<text>
<par/>
</text>
</block>
<block><region><rect/></region>
<text>
<par/>
</text>
</block>
<block><region><rect/></region>
<text>
<par/>
</text>
</block>
<block><region><rect/></region>
<text>
<par/>
</text>
</block>
<block><region><rect/></region>
<text>
<par/>
</text>
</block>
<block><region><rect/></region>
<text>
<par/>
</text>
</block>
<block><region><rect/></region>
<text>
<par/>
</text>
</block>
<block><region><rect/></region>
<text>
<par/>
</text>
</block>
<block><region><rect/></region>
<text>
<par/>
</text>
</block>
<block><region><rect/></region>
<text>
<par/>
</text>
</block>
<block><region><rect/></region>
<text>
<par>
<line>V*'</line></par>
</text>
</block>
<block><region><rect/></region>
<text>
<par/>
</text>
</block>
<block><region><rect/></region>
<text>
<par/>
</text>
</block>
<block><region><rect/></region>
<text>
<par/>
</text>
</block>
<block><region><rect/></region>
<text>
<par/>
</text>
</block>
<block><region><rect/></region>
<text>
<par/>
</text>
</block>
<block><region><rect/></region>
<text>
<par/>
</text>
</block>
<block><region><rect/></region>
<text>
<par/>
</text>
</block>
<block><region><rect/></region>
<text>
<par>
<line>n</line></par>
</text>
</block>
<block><region><rect/></region>
<text>
<par/>
</text>
</block>
<block><region><rect/></region>
<text>
<par/>
</text>
</block>
<block><region><rect/></region>
<text>
<par>
<line>•ti.</line></par>
</text>
</block>
<block><region><rect/></region>
<text>
<par/>
</text>
</block>
<block><region><rect/></region>
<text>
<par>
<line>Secteur Le Corneloux</line></par>
</text>
</block>
<block><region><rect/></region>
<text>
<par/>
</text>
</block>
<block><region><rect/></region>
<text>
<par>
<line>Ik</line></par>
</text>
</block>
<block><region><rect/></region>
<text>
<par/>
</text>
</block>





















<block blockType="Picture" blockName="" l="163" t="1613" r="2301" b="3203"><region><rect/></region>
</block>
</page>
<page width="2480" height="3508" resolution="300">
<block><region><rect/></region>
<text>
<par>
<line>Plan Local d'Urbanisme de SAINT SAUVES D’AUVERGNE (63)</line></par>
</text>
<text>
<par>
<line>Orientations d’Aménagement</line></par>
</text>
</block>
<block><region><rect/></region>
<text>
<par>
<line>Exemple de conception d’un lotissement</line></par>
</text>
</block>
<block><region><rect/></region>
<text>
<par>
<line>r</line></par>
</text>
</block>
<block><region><rect/></region>
<text>
<par/>
</text>
</block>
<block><region><rect/></region>
<text>
<par/>
</text>
</block>
<block><region><rect/></region>
<text>
<par/>
</text>
</block>
<block><region><rect/></region>
<text>
<par>
<line>f</line></par>
</text>
</block>
<block><region><rect/></region>
<text>
<par/>
</text>
</block>
<block><region><rect/></region>
<text>
<par>
<line>r</line></par>
</text>
</block>
<block><region><rect/></region>
<text>
<par>
<line>I</line></par>
</text>
</block>
<block><region><rect/></region>
<text>
<par>
<line>/ Y-^</line></par>
</text>
</block>
<block><region><rect/></region>
<text>
<par/>
</text>
</block>
<block><region><rect/></region>
<text>
<par>
<line>»</line></par>
</text>
</block>
<block><region><rect/></region>
<text>
<par>
<line>%</line></par>
</text>
</block>
<block><region><rect/></region>
<text>
<par/>
</text>
</block>
<block><region><rect/></region>
<text>
<par>
<line>%</line></par>
</text>
</block>
<block><region><rect/></region>
<text>
<par/>
</text>
</block>
<block><region><rect/></region>
<text>
<par>
<line>%</line></par>
</text>
</block>
<block><region><rect/></region>
<text>
<par/>
</text>
</block>
<block><region><rect/></region>
<text>
<par/>
</text>
</block>
<block><region><rect/></region>
<text>
<par/>
</text>
</block>
<block><region><rect/></region>
<text>
<par>
<line>V</line></par>
</text>
</block>
<block><region><rect/></region>
<text>
<par/>
</text>
</block>
<block><region><rect/></region>
<text>
<par/>
</text>
</block>
<block><region><rect/></region>
<text>
<par/>
</text>
</block>
<block><region><rect/></region>
<text>
<par/>
</text>
</block>
<block><region><rect/></region>
<text>
<par/>
</text>
</block>
<block><region><rect/></region>
<text>
<par/>
</text>
</block>
<block><region><rect/></region>
<text>
<par/>
</text>
</block>
<block><region><rect/></region>
<text>
<par/>
</text>
</block>
<block><region><rect/></region>
<text>
<par>
<line>t 1</line></par>
</text>
</block>
<block><region><rect/></region>
<text>
<par>
<line>♦ \</line></par>
</text>
</block>
<block><region><rect/></region>
<text>
<par/>
</text>
</block>
<block><region><rect/></region>
<text>
<par/>
</text>
</block>
<block><region><rect/></region>
<text>
<par>
<line>Si</line></par>
</text>
</block>
<block><region><rect/></region>
<text>
<par>
<line>Ur&gt; système cfe voies en impasse,</line></par>
<par>
<line>Tissu ufbain distendu et banalr</line></par>
<par>
<line>- découpage parcellaire géomérrlq.ue et répétîtrf</line>
<line>flots standards;,îlots linéaires)</line></par>
<par>
<line>- additîor&gt; de projets individuels</line>
<line>(sans composition d'ensemble)</line></par>
</text>
</block>
<block><region><rect/></region>
<text>
<par>
<line>Vi*</line></par>
</text>
</block>
<block><region><rect/></region>
<text>
<par/>
</text>
</block>
<block><region><rect/></region>
<text>
<par/>
</text>
</block>
<block><region><rect/><rect/></region>
<text>
<par>
<line>W %» -</line></par>
</text>
</block>
<block><region><rect/></region>
<text>
<par/>
</text>
</block>
<block><region><rect/></region>
<text>
<par>
<line>tv</line></par>
</text>
</block>
<block><region><rect/></region>
<text>
<par/>
</text>
</block>
<block><region><rect/></region>
<text>
<par>
<line>%</line></par>
</text>
</block>
<block><region><rect/><rect/><rect/></region>
<text>
<par>
<line>s&gt;</line></par>
</text>
</block>
<block><region><rect/></region>
<text>
<par>
<line>Réseau vîaîre structuré, Urbanisàtion sous forme de projet</line>
<line>et plan de composition</line></par>
</text>
</block>
<block><region><rect/><rect/></region>
<text>
<par>
<line>Cef exemple de conception d’un ensemble résidentiel illustre les</line>
<line>caractéristiques à privilégier :</line></par>
<par>
<line>Insertion dans les courbes de niveau topographiques,</line></par>
<par>
<line>Inscription dons un paysage urbain ou naturel, avec maintien et renforcement des</line>
<line>trames bâties et de paysage, dont les haies bocagères..</line></par>
<par>
<line>Voies de desserte en continuité du réseau existant et non conçues en impasse.</line>
<line>Implantation des constructions en alignement des voies et non de manière</line>
<line>disparate ou au centre de la parcelle.</line></par>
<par>
<line>Implantation des faitages dans le sens des courbes de niveau du terrain naturel.</line>
<line>Favoriser les mitoyennetés pour optimiser les surfaces de jardin privatives,</line>
<line>améliorer les performances énergétiques des bâtiments.</line></par>
<par>
<line>Diversité des formes bâties et du statut des logements (accession/locatif),</line>
<line>Aménagement d’espaces de convivialité, de cheminements piétons sécurisés... .</line></par>
</text>
</block>
<block><region><rect/><rect/><rect/></region>
<text>
<par>
<line>Le schéma d^imp/antation ci-joint illustre l’impact de constructions non</line></par>
<par>
<line>ordonnées et celles soumises à un alignement sur rue (les garages), un</line></par>
<par>
<line>alignement en retrait pour les parties habitables.</line></par>
<par>
<line>Le profil des voies et espaces libres est très contrasté :</line></par>
<par>
<line>• environ 24 ml pour les lotissements traditionnels entre alignements bâtis,</line></par>
<par>
<line>• 12 ml pour les profils de voie proposés qui s’inscrivent dans une logique de rues</line>
<line>villageoises.</line></par>
<par>
<line>En outre, la largeur des parcelles a un impact direct sur la</line></par>
<par>
<line>consommation d’espace :</line></par>
<par>
<line>• Une largeur moyenne de 33 m conduit à une configuration de 3</line>
<line>parcelles pour 100 ml de voirie, avec une profondeur moyenne de</line>
<line>40 ml pour des parcelles de 1 200 m^, une largeur de voie de W</line>
<line>ml, seulement 6 constructions sont possibles par hectare de terrain</line>
<line>consommé, 1666 m'^jparcelle,</line></par>
<par>
<line>• Une largeur moyenne de 25 m conduit à une configuration de 4 parcelles pour</line>
<line>700 ml de voirie, avec une profondeur moyenne de 40 ml pour des parcelles de</line>
<line>7 000 m^, une largeur de voie de W ml, seulement 8 constructions sont possibles</line>
<line>par hectare de terrain consommé, 1250 m^/parcelle,</line></par>
<par>
<line>• une largeur de 16.5 m permet 6 parcelles pour 700 ml de voirie, avec une</line>
<line>profondeur moyenne de 42.5 ml pour des parcelles de 725 m^, une largeur de</line>
<line>voie de 12 ml, 12 constructions sont possibles par hectare de terrain consommé,</line>
<line>soit +50% par rapport à une solution standard, 822 m^/parcelle.</line></par>
</text>
</block>
<block><region><rect/></region>
<text>
<par>
<line>I T</line></par>
</text>
</block>
<block><region><rect/><rect/><rect/><rect/><rect/><rect/><rect/></region>
<text>
<par>
<line>Parcelle Parcelle</line></par>
<par>
<line>ratüvuv ''</line></par>
<par>
<line>IQOOmW; ^</line></par>
<par>
<line>vT'</line></par>
</text>
</block>
<block><region><rect/></region>
<text>
<par>
<line>ft Parce//e Parcelle^ Parcelle 1200m^</line>
<line>^lOOOm^ lOOOmW m’</line></par>
</text>
</block>
<block><region><rect/></region>
<text>
<par>
<line>n[ r ^</line></par>
</text>
</block>
<block><region><rect/></region>
<text>
<par>
<line>n</line></par>
</text>
</block>
<block blockType="Table" blockName="" l="1427" t="2005" r="2329" b="2241"><region><rect/></region>
<row>
<cell rowSpan="3" leftBorder="White" topBorder="White" bottomBorder="White" width="40" height="76">
<text>
<par/>
</text></cell>
<cell topBorder="White" rightBorder="White" bottomBorder="White" width="399" height="18">
<text>
<par/>
</text></cell>
<cell leftBorder="White" topBorder="White" rightBorder="White" bottomBorder="White" width="156" height="18">
<text>
<par/>
</text></cell>
<cell leftBorder="White" topBorder="White" rightBorder="White" bottomBorder="White" width="57" height="18">
<text>
<par/>
</text></cell>
<cell leftBorder="White" topBorder="White" rightBorder="White" bottomBorder="White" width="250" height="18">
<text>
<par/>
</text></cell></row>
<row>
<cell topBorder="White" rightBorder="White" width="399" height="42">
<text>
<par>
<line>Cl</line></par>
</text></cell>
<cell leftBorder="White" topBorder="White" rightBorder="White" width="156" height="42">
<text>
<par/>
</text></cell>
<cell leftBorder="White" topBorder="White" rightBorder="White" width="57" height="42">
<text>
<par/>
</text></cell>
<cell leftBorder="White" topBorder="White" rightBorder="White" width="250" height="42">
<text>
<par>
<line>_</line></par>
</text></cell></row>
<row>
<cell rightBorder="White" width="399" height="16">
<text>
<par/>
</text></cell>
<cell leftBorder="White" rightBorder="White" width="156" height="16">
<text>
<par/>
</text></cell>
<cell leftBorder="White" rightBorder="White" width="57" height="16">
<text>
<par/>
</text></cell>
<cell leftBorder="White" rightBorder="White" width="250" height="16">
<text>
<par>
<line>^‘</line></par>
</text></cell></row>
<row>
<cell leftBorder="White" topBorder="White" rightBorder="White" bottomBorder="White" width="40" height="62">
<text>
<par/>
</text></cell>
<cell colSpan="4" leftBorder="White" rightBorder="White" width="862" height="62">
<text>
<par>
<line>^ 1 1</line></par>
</text></cell></row>
<row>
<cell leftBorder="White" topBorder="White" rightBorder="White" bottomBorder="White" width="40" height="51">
<text>
<par/>
</text></cell>
<cell leftBorder="White" rightBorder="White" bottomBorder="White" width="399" height="51">
<text>
<par>
<line>D</line></par>
</text></cell>
<cell leftBorder="White" rightBorder="White" bottomBorder="White" width="156" height="51">
<text>
<par/>
</text></cell>
<cell leftBorder="White" rightBorder="White" bottomBorder="White" width="57" height="51">
<text>
<par/>
</text></cell>
<cell leftBorder="White" rightBorder="White" bottomBorder="White" width="250" height="51">
<text>
<par>
<line>CJ</line></par>
</text></cell></row>
<row>
<cell leftBorder="White" topBorder="White" rightBorder="White" bottomBorder="White" width="40" height="19">
<text>
<par/>
</text></cell>
<cell leftBorder="White" topBorder="White" rightBorder="White" bottomBorder="White" width="399" height="19">
<text>
<par/>
</text></cell>
<cell leftBorder="White" topBorder="White" rightBorder="White" bottomBorder="White" width="156" height="19">
<text>
<par>
<line>^ O</line></par>
</text></cell>
<cell leftBorder="White" topBorder="White" rightBorder="White" bottomBorder="White" width="57" height="19">
<text>
<par>
<line>■C:-</line></par>
</text></cell>
<cell leftBorder="White" topBorder="White" rightBorder="White" bottomBorder="White" width="250" height="19">
<text>
<par/>
</text></cell></row>
<row>
<cell topBorder="White" rightBorder="White" bottomBorder="White" width="40" height="28">
<text>
<par/>
</text></cell>
<cell leftBorder="White" topBorder="White" rightBorder="White" bottomBorder="White" width="399" height="28">
<text>
<par/>
</text></cell>
<cell leftBorder="White" topBorder="White" rightBorder="White" bottomBorder="White" width="156" height="28">
<text>
<par/>
</text></cell>
<cell leftBorder="White" topBorder="White" rightBorder="White" bottomBorder="White" width="57" height="28">
<text>
<par/>
</text></cell>
<cell leftBorder="White" topBorder="White" rightBorder="White" bottomBorder="White" width="250" height="28">
<text>
<par/>
</text></cell></row>
</block>
<block><region><rect/><rect/><rect/></region>
<text>
<par>
<line>: 4»</line></par>
<par>
<line>-,</line></par>
<par>
<line>W'</line></par>
<par>
<line>w A, * ■*!</line></par>
<par>
<line>^arce//e Parafe Pépite Parque Ptœlle T^iisefle Parcel^,</line>
<line>e4^ e^OrtJï TSbrni eiOm^ S40m^‘</line></par>
</text>
</block>
<block><region><rect/><rect/><rect/></region>
<text>
<par>
<line>«</line></par>
</text>
</block>
<block><region><rect/></region>
<text>
<par>
<line>FA</line></par>
</text>
</block>
<block><region><rect/></region>
<text>
<par>
<line>Profil de voie standard</line></par>
</text>
</block>
<block><region><rect/></region>
<text>
<par>
<line>Profil de voie compacte, noue</line>
<line>et trottoir</line></par>
</text>
</block>






























<block blockType="Picture" blockName="" l="964" t="305" r="2362" b="381"><region><rect/></region>
</block>
<block blockType="Picture" blockName="" l="1276" t="2898" r="2365" b="2973"><region><rect/></region>
</block>
<block blockType="Picture" blockName="" l="1524" t="3265" r="2356" b="3398"><region><rect/></region>
</block>
<block blockType="Picture" blockName="" l="1464" t="2140" r="2334" b="2537"><region><rect/></region>
</block>
<block blockType="Picture" blockName="" l="958" t="299" r="2369" b="394"><region><rect/></region>
</block>
<block blockType="Picture" blockName="" l="1518" t="3259" r="2363" b="3405"><region><rect/></region>
</block>
<block blockType="Picture" blockName="" l="1270" t="2892" r="2372" b="2980"><region><rect/></region>
</block>
<block blockType="Picture" blockName="" l="1522" t="3137" r="1767" b="3219"><region><rect/></region>
</block>
</page>
<page width="2480" height="3508" resolution="300">
<block><region><rect/></region>
<text>
<par>
<line>Plan Local d'Urbanisme de SAINT SAUVES D’AUVERGNE (63)</line></par>
</text>
<text>
<par>
<line>Orientations d’Aménagement</line></par>
</text>
</block>
<block><region><rect/></region>
<text>
<par>
<line>ORIENTATIONS D'AMENAGEMENT SECTEUR N°1</line></par>
<par>
<line>Secteur « Les Graumonts » (Zones AUa)</line></par>
</text>
</block>
<block><region><rect/></region>
<text>
<par>
<line>Localisation :</line></par>
<par>
<line>Ce secteur est composé une zone AUa, situées dans la</line>
<line>continuité Nord Ouest des secteurs déjà urbanisés de la</line>
<line>commune.</line></par>
<par>
<line>Superficie : une zone AUa de 22 382 m^</line></par>
<par>
<line>Parcelles : YH63, 65, 66, 67, 68, 70 (AUa)</line></par>
<par>
<line>Principes d'aménagement :</line></par>
<par>
<line>■ Aménagement d'un secteur à vocation résidentielle, en</line>
<line>plusieurs phases. Selon les principes du développement</line>
<line>durable, l'aménagement prévoira un découpage des lots</line>
<line>en petites parcelles (de l'ordre de 1000 m^).</line></par>
<par>
<line>■ Implantation du local de la voirie, en frange du projet.</line></par>
<par>
<line>■ Création d'une liaison viaire entre la RD31 et le chemin</line>
<line>rural des Graumonts. Création d'une voie entre la RD 31</line>
<line>et le chemin du cimetière.</line></par>
<par>
<line>■ Aménagement de cheminements piétons rejoignant le</line>
<line>chemin du cimetière, et maintien d'espaces laissés verts</line>
<line>(en NP).</line></par>
<par>
<line>■ Alignement d'arbres et maillage pour les modes doux.</line></par>
<par>
<line>■ Système de noues paysagères le long des voies favorisant</line>
<line>l'infiltration des eaux de pluies.</line></par>
</text>
</block>
<block><region><rect/></region>
<text>
<par>
<line>ZONAGE DU PLU</line></par>
</text>
</block>
<block><region><rect/></region>
<text>
<par/>
</text>
</block>
<block><region><rect/></region>
<text>
<par>
<line>16Z</line></par>
</text>
</block>
<block><region><rect/></region>
<text>
<par/>
</text>
</block>
<block><region><rect/></region>
<text>
<par/>
</text>
</block>
<block><region><rect/></region>
<text>
<par>
<line>A</line></par>
</text>
</block>
<block><region><rect/></region>
<text>
<par/>
</text>
</block>
<block><region><rect/></region>
<text>
<par/>
</text>
</block>
<block><region><rect/></region>
<text>
<par>
<line>ï 63</line></par>
<par>
<line>GRAÎMONTS</line></par>
</text>
</block>
<block><region><rect/></region>
<text>
<par>
<line>P</line></par>
</text>
</block>
<block><region><rect/></region>
<text>
<par>
<line>46</line></par>
</text>
</block>
<block><region><rect/></region>
<text>
<par>
<line>41</line></par>
</text>
</block>
<block><region><rect/></region>
<text>
<par>
<line>a</line></par>
</text>
</block>
<block><region><rect/></region>
<text>
<par>
<line>PE</line></par>
</text>
</block>
<block><region><rect/></region>
<text>
<par>
<line>SCHEMA INDICATIF DES PRINCIPES D'AMENAGEMENT</line></par>
</text>
</block>
<block><region><rect/></region>
<text>
<par/>
</text>
</block>
<block><region><rect/></region>
<text>
<par/>
</text>
</block>
<block><region><rect/></region>
<text>
<par/>
</text>
</block>
<block><region><rect/></region>
<text>
<par/>
</text>
</block>
<block><region><rect/></region>
<text>
<par/>
</text>
</block>
<block><region><rect/></region>
<text>
<par>
<line>9</line></par>
</text>
</block>
<block><region><rect/></region>
<text>
<par/>
</text>
</block>
<block><region><rect/></region>
<text>
<par/>
</text>
</block>
<block><region><rect/></region>
<text>
<par/>
</text>
</block>
<block><region><rect/></region>
<text>
<par/>
</text>
</block>
<block><region><rect/></region>
<text>
<par/>
</text>
</block>
<block><region><rect/></region>
<text>
<par/>
</text>
</block>
<block><region><rect/></region>
<text>
<par/>
</text>
</block>
<block><region><rect/></region>
<text>
<par/>
</text>
</block>
<block><region><rect/></region>
<text>
<par/>
</text>
</block>
<block><region><rect/></region>
<text>
<par/>
</text>
</block>
<block><region><rect/><rect/><rect/></region>
<text>
<par>
<line>Ê</line></par>
</text>
</block>
<block><region><rect/></region>
<text>
<par/>
</text>
</block>
<block><region><rect/></region>
<text>
<par/>
</text>
</block>
<block><region><rect/></region>
<text>
<par/>
</text>
</block>
<block><region><rect/></region>
<text>
<par/>
</text>
</block>
<block><region><rect/></region>
<text>
<par>
<line>»</line></par>
</text>
</block>
<block><region><rect/></region>
<text>
<par>
<line>'A</line></par>
</text>
</block>
<block><region><rect/></region>
<text>
<par/>
</text>
</block>
<block><region><rect/></region>
<text>
<par/>
</text>
</block>
<block><region><rect/></region>
<text>
<par/>
</text>
</block>
<block><region><rect/></region>
<text>
<par>
<line>y*</line></par>
</text>
</block>
<block><region><rect/></region>
<text>
<par/>
</text>
</block>
<block><region><rect/></region>
<text>
<par/>
</text>
</block>
<block><region><rect/></region>
<text>
<par>
<line>âr</line></par>
</text>
</block>
<block><region><rect/></region>
<text>
<par>
<line>i</line></par>
</text>
</block>
<block><region><rect/></region>
<text>
<par/>
</text>
</block>
<block><region><rect/></region>
<text>
<par/>
</text>
</block>
<block><region><rect/></region>
<text>
<par/>
</text>
</block>
<block><region><rect/></region>
<text>
<par/>
</text>
</block>
<block><region><rect/></region>
<text>
<par>
<line>f •— V l-V</line></par>
</text>
</block>
<block><region><rect/></region>
<text>
<par/>
</text>
</block>
<block><region><rect/></region>
<text>
<par/>
</text>
</block>
<block><region><rect/></region>
<text>
<par>
<line>m</line></par>
</text>
</block>
<block><region><rect/></region>
<text>
<par/>
</text>
</block>
<block><region><rect/></region>
<text>
<par/>
</text>
</block>
<block><region><rect/></region>
<text>
<par/>
</text>
</block>
<block><region><rect/></region>
<text>
<par/>
</text>
</block>
<block><region><rect/></region>
<text>
<par/>
</text>
</block>
<block><region><rect/></region>
<text>
<par/>
</text>
</block>
<block><region><rect/></region>
<text>
<par/>
</text>
</block>
<block><region><rect/></region>
<text>
<par/>
</text>
</block>
<block><region><rect/></region>
<text>
<par/>
</text>
</block>
<block><region><rect/></region>
<text>
<par/>
</text>
</block>
<block><region><rect/></region>
<text>
<par>
<line>T</line></par>
</text>
</block>
<block><region><rect/></region>
<text>
<par/>
</text>
</block>
<block><region><rect/></region>
<text>
<par>
<line>«</line></par>
</text>
</block>
<block><region><rect/></region>
<text>
<par>
<line>$</line></par>
</text>
</block>
<block><region><rect/></region>
<text>
<par/>
</text>
</block>
<block><region><rect/></region>
<text>
<par>
<line>%</line></par>
</text>
</block>
<block><region><rect/></region>
<text>
<par/>
</text>
</block>
<block><region><rect/><rect/></region>
<text>
<par/>
</text>
</block>
<block><region><rect/></region>
<text>
<par>
<line>/</line></par>
</text>
</block>
<block><region><rect/></region>
<text>
<par/>
</text>
</block>
<block><region><rect/></region>
<text>
<par/>
</text>
</block>
<block><region><rect/></region>
<text>
<par/>
</text>
</block>
<block><region><rect/></region>
<text>
<par>
<line>fV</line></par>
</text>
</block>
<block><region><rect/></region>
<text>
<par/>
</text>
</block>
<block><region><rect/></region>
<text>
<par>
<line>%</line></par>
</text>
</block>
<block><region><rect/></region>
<text>
<par/>
</text>
</block>
<block><region><rect/></region>
<text>
<par>
<line>m</line></par>
</text>
</block>
<block><region><rect/></region>
<text>
<par>
<line>A</line></par>
</text>
</block>
<block><region><rect/></region>
<text>
<par/>
</text>
</block>















<block blockType="Picture" blockName="" l="136" t="319" r="2338" b="503"><region><rect/></region>
</block>
<block blockType="Picture" blockName="" l="1407" t="2980" r="1509" b="3052"><region><rect/></region>
</block>
<block blockType="Picture" blockName="" l="1677" t="3040" r="1737" b="3135"><region><rect/></region>
</block>
</page>
<page width="2480" height="3508" resolution="300">
<block><region><rect/></region>
<text>
<par>
<line>Plan Local d'Urbanisme de SAINT SAUVES D’AUVERGNE (63)</line></par>
</text>
<text>
<par>
<line>Orientations d’Aménagement</line></par>
</text>
</block>
<block><region><rect/></region>
<text>
<par>
<line>ORIENTATIONS D'AMENAGEMENT SECTEUR N°2</line></par>
<par>
<line>Secteur « Les Violettes » (Zone AUa)</line></par>
</text>
</block>
<block><region><rect/></region>
<text>
<par>
<line>Localisation :</line></par>
<par>
<line>Ce secteur est composé d'une zone AUa, située dans</line>
<line>la continuité de secteurs urbanisés au lieu-dit « Les</line>
<line>Violettes ». Ce secteur est au Nord du village, et</line>
<line>marque l'entrée de village par la RD82.</line></par>
<par>
<line>Superficie : 6651 m^.</line></par>
<par>
<line>Parcelles :YH 105,107</line></par>
<par>
<line>Principes d'aménagement :</line></par>
<par>
<line>■ Aménagement d'un secteur à vocation</line></par>
<par>
<line>résidentielle. Selon les principes du</line></par>
<par>
<line>développement durable, l'aménagement</line>
<line>prévoira un découpage des lots en petites</line>
<line>parcelles (de l'ordre de 1 OOOm^).</line></par>
<par>
<line>■ Un alignement du bâti le long des voies sera</line>
<line>recherché.</line></par>
<par>
<line>■ Utilisation de la voie déjà existante pour la</line>
<line>desserte des futures habitations.</line></par>
<par>
<line>■ Maintien des espaces verts en fond de parcelles.</line></par>
</text>
</block>
<block><region><rect/></region>
<text>
<par>
<line>ZONAGE DU PLU</line></par>
</text>
</block>
<block><region><rect/></region>
<text>
<par/>
</text>
</block>
<block><region><rect/></region>
<text>
<par>
<line>U</line></par>
</text>
</block>
<block><region><rect/></region>
<text>
<par>
<line>«i</line></par>
</text>
</block>
<block><region><rect/></region>
<text>
<par>
<line>N</line></par>
</text>
</block>
<block><region><rect/></region>
<text>
<par/>
</text>
</block>
<block><region><rect/></region>
<text>
<par/>
</text>
</block>
<block><region><rect/></region>
<text>
<par>
<line>*•«1</line></par>
</text>
</block>
<block><region><rect/></region>
<text>
<par/>
</text>
</block>
<block><region><rect/></region>
<text>
<par/>
</text>
</block>
<block><region><rect/></region>
<text>
<par/>
</text>
</block>
<block><region><rect/></region>
<text>
<par/>
</text>
</block>
<block><region><rect/></region>
<text>
<par>
<line>***»*»*rf</line></par>
</text>
</block>
<block><region><rect/></region>
<text>
<par>
<line>Np</line></par>
</text>
</block>
<block><region><rect/></region>
<text>
<par>
<line>SCHEMA INDICATIF DES PRINCIPES D'AMENAGEMENT</line></par>
</text>
</block>
<block><region><rect/></region>
<text>
<par/>
</text>
</block>
<block><region><rect/></region>
<text>
<par/>
</text>
</block>
<block><region><rect/></region>
<text>
<par>
<line>s;</line></par>
</text>
</block>
<block><region><rect/></region>
<text>
<par>
<line>" lïïTffu II</line></par>
</text>
</block>
<block><region><rect/></region>
<text>
<par/>
</text>
</block>
<block><region><rect/></region>
<text>
<par/>
</text>
</block>
<block><region><rect/></region>
<text>
<par/>
</text>
</block>
<block><region><rect/></region>
<text>
<par>
<line>fi</line></par>
</text>
</block>
<block><region><rect/></region>
<text>
<par/>
</text>
</block>
<block><region><rect/></region>
<text>
<par/>
</text>
</block>
<block><region><rect/></region>
<text>
<par/>
</text>
</block>
<block><region><rect/></region>
<text>
<par/>
</text>
</block>
<block><region><rect/></region>
<text>
<par/>
</text>
</block>
<block><region><rect/></region>
<text>
<par/>
</text>
</block>
<block><region><rect/></region>
<text>
<par>
<line>9</line></par>
</text>
</block>
<block><region><rect/></region>
<text>
<par/>
</text>
</block>
<block><region><rect/></region>
<text>
<par>
<line>N</line></par>
</text>
</block>
<block><region><rect/></region>
<text>
<par/>
</text>
</block>
<block><region><rect/></region>
<text>
<par/>
</text>
</block>















<block blockType="Picture" blockName="" l="131" t="308" r="2326" b="492"><region><rect/></region>
</block>
<block blockType="Picture" blockName="" l="1145" t="2171" r="1229" b="2277"><region><rect/></region>
</block>
<block blockType="Picture" blockName="" l="127" t="1967" r="2351" b="3235"><region><rect/></region>
</block>
</page>
<page width="2480" height="3508" resolution="300">
<block><region><rect/></region>
<text>
<par>
<line>Plan Local d'Urbanisme de SAINT SAUVES D’AUVERGNE (63)</line></par>
</text>
<text>
<par>
<line>Orientations d’Aménagement</line></par>
</text>
</block>
<block><region><rect/></region>
<text>
<par>
<line>ORIENTATIONS D'AMENAGEMENT SECTEUR N°3</line></par>
<par>
<line>Secteur « Les Ludines Nord » (Zone UC)</line></par>
</text>
</block>
<block><region><rect/></region>
<text>
<par>
<line>Localisation :</line></par>
<par>
<line>Ce secteur appartient à la zone UC Est du village,</line>
<line>de la continuité Nord du lotissement des Ludines.</line></par>
</text>
</block>
<block><region><rect/></region>
<text>
<par>
<line>s'agit</line></par>
</text>
</block>
<block><region><rect/></region>
<text>
<par>
<line>Superficie : 9220</line>
<line>Parcelles : YH117 et 118</line>
<line>Principes d'aménagement :</line></par>
<par>
<line>■ Aménagement d'un secteur à vocation résidentielle,</line>
<line>en continuité nord du lotissement des Ludines.</line>
<line>Selon les principes du développement durable,</line>
<line>l'aménagement prévoira un découpage des lots en</line>
<line>petites parcelles (&lt;1000m^).</line></par>
<par>
<line>■ Un alignement bâti le long des voies sera recherché.</line></par>
<par>
<line>■ Utilisation de la voie déjà existante pour la desserte</line>
<line>des futures habitations (chemin des Ludines).</line></par>
<par>
<line>■ Création d'un cordon boisé en lisière Nord, pour</line>
<line>protéger les habitations des vents dominants, à</line>
<line>reboucler avec les cordons boisés déjà existants le</line>
<line>long du chemin.</line></par>
</text>
</block>
<block><region><rect/></region>
<text>
<par>
<line>ZONAGE DU PLU</line></par>
</text>
</block>
<block><region><rect/></region>
<text>
<par/>
</text>
</block>
<block><region><rect/></region>
<text>
<par/>
</text>
</block>
<block><region><rect/></region>
<text>
<par/>
</text>
</block>
<block><region><rect/></region>
<text>
<par/>
</text>
</block>
<block><region><rect/></region>
<text>
<par/>
</text>
</block>
<block><region><rect/></region>
<text>
<par/>
</text>
</block>
<block><region><rect/></region>
<text>
<par/>
</text>
</block>
<block><region><rect/></region>
<text>
<par/>
</text>
</block>
<block><region><rect/></region>
<text>
<par/>
</text>
</block>
<block><region><rect/></region>
<text>
<par/>
</text>
</block>
<block><region><rect/></region>
<text>
<par/>
</text>
</block>
<block><region><rect/></region>
<text>
<par/>
</text>
</block>
<block><region><rect/></region>
<text>
<par/>
</text>
</block>
<block><region><rect/></region>
<text>
<par/>
</text>
</block>
<block><region><rect/></region>
<text>
<par/>
</text>
</block>
<block><region><rect/></region>
<text>
<par/>
</text>
</block>
<block><region><rect/></region>
<text>
<par/>
</text>
</block>
<block><region><rect/></region>
<text>
<par/>
</text>
</block>
<block><region><rect/></region>
<text>
<par/>
</text>
</block>
<block><region><rect/></region>
<text>
<par/>
</text>
</block>
<block><region><rect/></region>
<text>
<par/>
</text>
</block>
<block><region><rect/></region>
<text>
<par/>
</text>
</block>
<block><region><rect/></region>
<text>
<par/>
</text>
</block>
<block><region><rect/></region>
<text>
<par/>
</text>
</block>
<block><region><rect/></region>
<text>
<par/>
</text>
</block>
<block><region><rect/></region>
<text>
<par/>
</text>
</block>
<block><region><rect/></region>
<text>
<par/>
</text>
</block>
<block><region><rect/></region>
<text>
<par>
<line>S</line></par>
</text>
</block>
<block><region><rect/></region>
<text>
<par>
<line>U</line></par>
</text>
</block>
<block><region><rect/></region>
<text>
<par>
<line>#8</line></par>
</text>
</block>
<block><region><rect/></region>
<text>
<par>
<line>**</line></par>
</text>
</block>
<block><region><rect/></region>
<text>
<par/>
</text>
</block>
<block><region><rect/></region>
<text>
<par/>
</text>
</block>
<block><region><rect/></region>
<text>
<par>
<line>O</line></par>
</text>
</block>
<block><region><rect/></region>
<text>
<par/>
</text>
</block>
<block><region><rect/></region>
<text>
<par>
<line>SCHEMA INDICATIF DES PRINCIPES D'AMENAGEMENT</line></par>
</text>
</block>
<block><region><rect/></region>
<text>
<par>
<line>m</line></par>
</text>
</block>
<block><region><rect/></region>
<text>
<par/>
</text>
</block>
<block><region><rect/></region>
<text>
<par>
<line>m</line></par>
</text>
</block>
<block><region><rect/></region>
<text>
<par/>
</text>
</block>
<block><region><rect/></region>
<text>
<par/>
</text>
</block>
<block><region><rect/></region>
<text>
<par/>
</text>
</block>
<block><region><rect/></region>
<text>
<par/>
</text>
</block>
<block><region><rect/></region>
<text>
<par/>
</text>
</block>
<block><region><rect/></region>
<text>
<par/>
</text>
</block>
<block><region><rect/></region>
<text>
<par/>
</text>
</block>
<block><region><rect/></region>
<text>
<par>
<line>m</line></par>
</text>
</block>
<block><region><rect/></region>
<text>
<par/>
</text>
</block>
<block><region><rect/></region>
<text>
<par>
<line>&gt;</line></par>
</text>
</block>
<block><region><rect/></region>
<text>
<par/>
</text>
</block>
<block><region><rect/></region>
<text>
<par/>
</text>
</block>
<block><region><rect/></region>
<text>
<par/>
</text>
</block>
<block><region><rect/></region>
<text>
<par>
<line>v»</line></par>
</text>
</block>
<block><region><rect/></region>
<text>
<par/>
</text>
</block>
<block><region><rect/></region>
<text>
<par/>
</text>
</block>
<block><region><rect/></region>
<text>
<par>
<line>T</line></par>
</text>
</block>
<block><region><rect/></region>
<text>
<par/>
</text>
</block>
<block><region><rect/></region>
<text>
<par/>
</text>
</block>
<block><region><rect/></region>
<text>
<par>
<line>K</line></par>
</text>
</block>
<block><region><rect/></region>
<text>
<par>
<line>%</line></par>
</text>
</block>
<block><region><rect/></region>
<text>
<par/>
</text>
</block>











<block blockType="Picture" blockName="" l="117" t="352" r="2273" b="536"><region><rect/></region>
</block>
</page>
<page width="2480" height="3508" resolution="300">
<block><region><rect/></region>
<text>
<par>
<line>Plan Local d'Urbanisme de SAINT SAUVES D’AUVERGNE (63)</line></par>
</text>
<text>
<par>
<line>Orientations d’Aménagement</line></par>
</text>
</block>
<block><region><rect/></region>
<text>
<par>
<line>ORIENTATIONS D'AMENAGEMENT SECTEUR N°4</line></par>
<par>
<line>Secteur « Le Pont » (Zone AUa)</line></par>
</text>
</block>
<block><region><rect/></region>
<text>
<par>
<line>Localisation :</line></par>
<par>
<line>Ce secteur est composé d'une zone AUa, située dans la</line>
<line>continuité de secteurs urbanisés au lieu-dit « Le</line>
<line>Pont ». Ce secteur est situé en contrebas du village, au</line>
<line>sud du bourg. Le secteur bénéficie de l'accessibilité</line>
<line>avec l'ancienne route nationale, ainsi que la RD991 à</line>
<line>proximité du tènement.</line></par>
<par>
<line>Superficie : 12 575 m^.</line></par>
<par>
<line>Parcelles :YS551. 869</line></par>
<par>
<line>Principes d'aménagement :</line></par>
<par>
<line>■ Aménagement d'un secteur à vocation</line>
<line>résidentielle. Selon les principes du</line>
<line>développement durable, l'aménagement prévoira</line>
<line>un découpage des lots en petites parcelles (de</line>
<line>l'ordre de 1 000 m^).</line></par>
<par>
<line>■ Un alignement du bâti le long des voies sera</line>
<line>recherché.</line></par>
<par>
<line>■ Utilisation de la voie déjà existante pour la</line>
<line>desserte des futures habitations et création d'une</line>
<line>voie avec retournement pour desservir l'arrière</line>
<line>du tènement.</line></par>
</text>
</block>
<block><region><rect/></region>
<text>
<par>
<line>ZONAGE DU PLU</line></par>
</text>
</block>
<block><region><rect/></region>
<text>
<par>
<line>\</line></par>
</text>
</block>
<block><region><rect/><rect/><rect/><rect/><rect/><rect/></region>
<text>
<par>
<line>//{ ^</line></par>
</text>
</block>
<block><region><rect/></region>
<text>
<par>
<line>348</line></par>
</text>
</block>
<block><region><rect/></region>
<text>
<par>
<line>537</line></par>
</text>
</block>
<block><region><rect/></region>
<text>
<par/>
</text>
</block>
<block><region><rect/></region>
<text>
<par/>
</text>
</block>
<block><region><rect/></region>
<text>
<par>
<line>G</line></par>
</text>
</block>
<block><region><rect/></region>
<text>
<par/>
</text>
</block>
<block><region><rect/></region>
<text>
<par/>
</text>
</block>
<block><region><rect/></region>
<text>
<par>
<line>534</line></par>
</text>
</block>
<block><region><rect/></region>
<text>
<par>
<line>532</line></par>
</text>
</block>
<block><region><rect/></region>
<text>
<par/>
</text>
</block>
<block><region><rect/></region>
<text>
<par>
<line>199</line></par>
</text>
</block>
<block><region><rect/></region>
<text>
<par>
<line>234</line></par>
</text>
</block>
<block><region><rect/></region>
<text>
<par/>
</text>
</block>
<block><region><rect/></region>
<text>
<par>
<line>h</line></par>
</text>
</block>
<block><region><rect/></region>
<text>
<par>
<line>'JT-OUÇSTA</line></par>
</text>
</block>
<block><region><rect/></region>
<text>
<par>
<line>PONT</line></par>
</text>
</block>
<block><region><rect/></region>
<text>
<par>
<line>w</line></par>
</text>
</block>
<block><region><rect/></region>
<text>
<par>
<line>SnJ</line></par>
</text>
</block>
<block><region><rect/></region>
<text>
<par>
<line>a</line></par>
</text>
</block>
<block><region><rect/></region>
<text>
<par/>
</text>
</block>
<block><region><rect/></region>
<text>
<par/>
</text>
</block>
<block><region><rect/></region>
<text>
<par/>
</text>
</block>
<block><region><rect/></region>
<text>
<par/>
</text>
</block>
<block><region><rect/></region>
<text>
<par/>
</text>
</block>
<block><region><rect/></region>
<text>
<par/>
</text>
</block>
<block><region><rect/></region>
<text>
<par>
<line>554</line></par>
</text>
</block>
<block><region><rect/></region>
<text>
<par/>
</text>
</block>
<block><region><rect/></region>
<text>
<par/>
</text>
</block>
<block><region><rect/></region>
<text>
<par>
<line>LE PONT</line></par>
</text>
</block>
<block><region><rect/></region>
<text>
<par>
<line>SCHEMA INDICATIF DES PRINCIPES D'AMENAGEMENT</line></par>
</text>
</block>
<block><region><rect/></region>
<text>
<par/>
</text>
</block>
<block><region><rect/></region>
<text>
<par/>
</text>
</block>
<block><region><rect/></region>
<text>
<par>
<line>K</line></par>
</text>
</block>
<block><region><rect/></region>
<text>
<par/>
</text>
</block>
<block><region><rect/></region>
<text>
<par/>
</text>
</block>
<block><region><rect/></region>
<text>
<par/>
</text>
</block>
<block><region><rect/></region>
<text>
<par/>
</text>
</block>
<block><region><rect/></region>
<text>
<par/>
</text>
</block>
<block><region><rect/></region>
<text>
<par/>
</text>
</block>
<block><region><rect/></region>
<text>
<par>
<line>m</line></par>
</text>
</block>
<block><region><rect/></region>
<text>
<par/>
</text>
</block>
<block><region><rect/></region>
<text>
<par/>
</text>
</block>
<block><region><rect/></region>
<text>
<par/>
</text>
</block>
<block><region><rect/></region>
<text>
<par/>
</text>
</block>
<block><region><rect/></region>
<text>
<par>
<line>»</line></par>
</text>
</block>
<block><region><rect/></region>
<text>
<par/>
</text>
</block>
<block><region><rect/></region>
<text>
<par/>
</text>
</block>
<block><region><rect/></region>
<text>
<par>
<line>é</line></par>
</text>
</block>
<block><region><rect/></region>
<text>
<par/>
</text>
</block>
<block><region><rect/></region>
<text>
<par/>
</text>
</block>
<block><region><rect/></region>
<text>
<par/>
</text>
</block>
<block><region><rect/></region>
<text>
<par/>
</text>
</block>
<block><region><rect/></region>
<text>
<par/>
</text>
</block>
<block><region><rect/></region>
<text>
<par/>
</text>
</block>
<block><region><rect/></region>
<text>
<par>
<line>%</line></par>
</text>
</block>
<block><region><rect/></region>
<text>
<par/>
</text>
</block>
<block><region><rect/></region>
<text>
<par/>
</text>
</block>
<block><region><rect/></region>
<text>
<par/>
</text>
</block>
<block><region><rect/></region>
<text>
<par/>
</text>
</block>
<block><region><rect/></region>
<text>
<par>
<line>4*</line></par>
</text>
</block>
<block><region><rect/></region>
<text>
<par/>
</text>
</block>
<block><region><rect/></region>
<text>
<par/>
</text>
</block>
<block><region><rect/></region>
<text>
<par/>
</text>
</block>
<block><region><rect/></region>
<text>
<par/>
</text>
</block>
<block><region><rect/></region>
<text>
<par/>
</text>
</block>
<block><region><rect/></region>
<text>
<par>
<line>f.</line></par>
</text>
</block>
<block><region><rect/></region>
<text>
<par/>
</text>
</block>
<block><region><rect/></region>
<text>
<par/>
</text>
</block>












<block blockType="Picture" blockName="" l="130" t="313" r="2286" b="497"><region><rect/></region>
</block>
</page>
<page width="2480" height="3508" resolution="300">
<block><region><rect/></region>
<text>
<par>
<line>Plan Local d'Urbanisme de SAINT SAUVES D’AUVERGNE (63)</line></par>
</text>
<text>
<par>
<line>Orientations d’Aménagement</line></par>
</text>
</block>
<block><region><rect/></region>
<text>
<par>
<line>ORIENTATIONS D'AMENAGEMENT SECTEUR N°5</line></par>
<par>
<line>Secteur « Le Corneloux» (Zone AUe)</line></par>
</text>
</block>
<block><region><rect/></region>
<text>
<par>
<line>Localisation :</line></par>
<par>
<line>Ce secteur est composé de d'une zone AUe située au</line></par>
<par>
<line>Sud du village.</line></par>
<par>
<line>Superficie : 19 000 m^.</line></par>
<par>
<line>Parcelles : YS88</line></par>
<par>
<line>Principes d'aménagement :</line></par>
<par>
<line>■ Aménagement d'un secteur à vocation économique</line>
<line>et artisanale.</line></par>
<par>
<line>■ Une voie de desserte interne sera créée autour de</line>
<line>la zone humide préservée.</line></par>
<par>
<line>■ Utilisation du chemin rural existant pour la desserte</line>
<line>de la zone.</line></par>
<par>
<line>■ Une qualité architecturale et paysagère est visée</line>
<line>pour l'aménagement de la zone.</line></par>
<par>
<line>■ Préservation d'espaces verts et espaces enherbés</line>
<line>et de la zone humide.</line></par>
<par>
<line>■ Préservation de la haie naturelle le long du chemin</line>
<line>des Pochettes.</line></par>
<par>
<line>■ Création d'un cordon boisé composé de buissons et</line>
<line>arbustes de hauteur limitée le long de la RD922.</line></par>
</text>
</block>
<block><region><rect/></region>
<text>
<par>
<line>ZONAGE DU PLU</line></par>
</text>
</block>
<block><region><rect/></region>
<text>
<par>
<line>r</line></par>
</text>
</block>
<block><region><rect/></region>
<text>
<par/>
</text>
</block>
<block><region><rect/></region>
<text>
<par>
<line>138</line></par>
</text>
</block>
<block><region><rect/></region>
<text>
<par>
<line>Nh</line></par>
</text>
</block>
<block><region><rect/></region>
<text>
<par>
<line>32</line></par>
</text>
</block>
<block><region><rect/></region>
<text>
<par/>
</text>
</block>
<block><region><rect/></region>
<text>
<par/>
</text>
</block>
<block><region><rect/></region>
<text>
<par>
<line>**</line></par>
</text>
</block>
<block><region><rect/></region>
<text>
<par>
<line>A</line></par>
</text>
</block>
<block><region><rect/></region>
<text>
<par>
<line>A</line></par>
</text>
</block>
<block><region><rect/></region>
<text>
<par/>
</text>
</block>
<block><region><rect/></region>
<text>
<par>
<line>AUe</line></par>
</text>
</block>
<block><region><rect/></region>
<text>
<par>
<line>Sb</line></par>
</text>
</block>
<block><region><rect/></region>
<text>
<par>
<line>1Ü4</line></par>
</text>
</block>
<block><region><rect/></region>
<text>
<par>
<line>106</line></par>
</text>
</block>
<block><region><rect/></region>
<text>
<par>
<line>1Ü7</line></par>
</text>
</block>
<block><region><rect/></region>
<text>
<par>
<line>ORIENTATIONS D'AMENAGEMENT</line></par>
</text>
</block>
<block><region><rect/></region>
<text>
<par/>
</text>
</block>
<block><region><rect/></region>
<text>
<par>
<line>J ‘</line></par>
</text>
</block>
<block><region><rect/></region>
<text>
<par/>
</text>
</block>
<block><region><rect/></region>
<text>
<par/>
</text>
</block>
<block><region><rect/></region>
<text>
<par/>
</text>
</block>
<block><region><rect/></region>
<text>
<par/>
</text>
</block>
<block><region><rect/></region>
<text>
<par/>
</text>
</block>
<block><region><rect/></region>
<text>
<par/>
</text>
</block>
<block><region><rect/></region>
<text>
<par/>
</text>
</block>
<block><region><rect/></region>
<text>
<par/>
</text>
</block>
<block><region><rect/></region>
<text>
<par>
<line>9</line></par>
</text>
</block>
<block><region><rect/></region>
<text>
<par/>
</text>
</block>
<block><region><rect/></region>
<text>
<par/>
</text>
</block>
<block><region><rect/></region>
<text>
<par/>
</text>
</block>
<block><region><rect/></region>
<text>
<par>
<line>'-y</line></par>
</text>
</block>
<block><region><rect/></region>
<text>
<par/>
</text>
</block>
<block><region><rect/></region>
<text>
<par/>
</text>
</block>
<block><region><rect/></region>
<text>
<par>
<line>y</line></par>
</text>
</block>
<block><region><rect/></region>
<text>
<par/>
</text>
</block>
<block><region><rect/></region>
<text>
<par>
<line>**</line></par>
</text>
</block>
<block><region><rect/></region>
<text>
<par/>
</text>
</block>











</page>
</OAP>