<?xml version="1.0" encoding="UTF-8"?><OAP>
<page width="3306" height="4672" resolution="400">
<block><region><rect/></region>
<text>
<par>
<line>*jr</line></par>
</text>
</block>
<block><region><rect/><rect/></region>
<text>
<par>
<line>O f&gt; O ^</line></par>
<par>
<line>&lt;- r r</line></par>
<par>
<line>r r</line></par>
</text>
</block>
<block><region><rect/></region>
<text>
<par>
<line>fl O ^</line></par>
<par>
<line>or f&gt; r</line></par>
</text>
</block>
<block><region><rect/><rect/></region>
<text>
<par>
<line>PLU mis en élaboration par DCM le : 1(9/12/200?/ %</line></par>
<par>
<line>Projet arrêté le : 20/02/2007 - ' ‘ ‘ : &lt; &lt;</line></par>
<par>
<line>' t , f r &lt; &lt;■&gt; '</line></par>
<par>
<line>Projet mis à l’enquête publique du 17/09/2007 au 19/10/2007</line>
<line>PLU approuvé \^. 4</line></par>
</text>
</block>
<block><region><rect/></region>
<text>
<par/>
</text>
</block>
<block><region><rect/></region>
<text>
<par>
<line>xe</line></par>
</text>
</block>
<block><region><rect/></region>
<text>
<par/>
</text>
</block>
<block><region><rect/></region>
<text>
<par/>
</text>
</block>
<block><region><rect/></region>
<text>
<par>
<line>éo</line></par>
</text>
</block>
<block><region><rect/></region>
<text>
<par>
<line>HAUTES-PYRENEES</line></par>
<par>
<line>COMMUNE D’ ANDREST</line></par>
</text>
</block>
<block><region><rect/></region>
<text>
<par>
<line>SS</line></par>
</text>
</block>
<block><region><rect/></region>
<text>
<par/>
</text>
</block>
<block><region><rect/></region>
<text>
<par/>
</text>
</block>
<block><region><rect/></region>
<text>
<par/>
</text>
</block>
<block><region><rect/></region>
<text>
<par>
<line>ti</line></par>
</text>
</block>
<block><region><rect/></region>
<text>
<par>
<line>SE</line></par>
</text>
</block>
<block><region><rect/></region>
<text>
<par/>
</text>
</block>
<block><region><rect/></region>
<text>
<par/>
</text>
</block>
<block><region><rect/></region>
<text>
<par>
<line>•v.,</line></par>
</text>
</block>
<block><region><rect/></region>
<text>
<par/>
</text>
</block>
<block><region><rect/></region>
<text>
<par>
<line>î.7:‘v;</line></par>
</text>
</block>
<block><region><rect/></region>
<text>
<par/>
</text>
</block>
<block><region><rect/></region>
<text>
<par>
<line>K-/.</line></par>
</text>
</block>
<block><region><rect/><rect/></region>
<text>
<par>
<line>N</line></par>
</text>
</block>
<block><region><rect/><rect/><rect/><rect/><rect/></region>
<text>
<par>
<line>kuhIânismé</line></par>
</text>
</block>
<block><region><rect/></region>
<text>
<par>
<line>.■•■ee</line></par>
</text>
</block>
<block><region><rect/></region>
<text>
<par>
<line>P»</line></par>
</text>
</block>
<block><region><rect/></region>
<text>
<par>
<line>3. ORIENTATIONS D’AMENAGEMENT</line></par>
</text>
</block>
<block><region><rect/></region>
<text>
<par>
<line>Conduite d’étude</line></par>
</text>
</block>
<block><region><rect/></region>
<text>
<par>
<line>Bureau d’études</line></par>
</text>
</block>
<block><region><rect/></region>
<text>
<par/>
</text>
</block>
<block><region><rect/></region>
<text>
<par/>
</text>
</block>
<block><region><rect/></region>
<text>
<par/>
</text>
</block>
<block><region><rect/></region>
<text>
<par>
<line>airijlHr?-</line>
<line>iJwTlMlpMtl</line>
<line>liiiriciijHirwfii</line>
<line>iptinriipit</line>
<line>y, « i H b-</line></par>
</text>
</block>
<block><region><rect/></region>
<text>
<par>
<line>m</line></par>
</text>
</block>
<block><region><rect/></region>
<text>
<par>
<line>DDE Hautes-Pyrénées</line>
<line>SADL</line></par>
<par>
<line>Service Aménagement</line>
<line>Développement Local</line></par>
</text>
</block>
<block><region><rect/></region>
<text>
<par>
<line>3, rue Lordat- BP 1349</line>
<line>65013 TARBES Cedex 9</line></par>
</text>
</block>
<block><region><rect/></region>
<text>
<par>
<line>Tél. 05.62,51.41.41</line></par>
</text>
</block>
<block><region><rect/></region>
<text>
<par>
<line>Fax, 05.62.51.15.07</line>
<line>dde-hautes-pyrenees@equipement.gouv.fr</line></par>
</text>
</block>
<block><region><rect/></region>
<text>
<par>
<line>SAUNIEIR</line></par>
</text>
</block>
<block><region><rect/></region>
<text>
<par>
<line>Agence de Toulouse</line></par>
<par>
<line>45, boulevard de Suisse - BP 52018</line>
<line>31017 TOULOUSE Cedex 2</line>
<line>Tél. 05.34.40.79.79 / Fax. 05.61.57.89.48</line>
<line>wv^.saunier-associes.com</line>
<line>contacts-31@saunier-associes.com</line></par>
</text>
</block>
<block><region><rect/></region>
<text>
<par>
<line>1SU651030020 FDO/NBC/MGE/CSO/NOV 2007/ PLU approuvé</line></par>
</text>
</block>




























<block blockType="Picture" blockName="" l="1639" t="3398" r="1872" b="3541"><region><rect/><rect/><rect/></region>
</block>
</page>
<page width="3306" height="4672" resolution="400">
<block><region><rect/></region>
<text>
<par>
<line>Andrest(65) PLU , Orientations d'aménagarnento ^</line></par>
</text>
<text>
<par>
<line>SOMMAIRE</line></par>
<par>
<line>I - LES ZONES A VOCATION D’HABITAT OU MIXTE.3</line></par>
<par>
<line>1.1- Secteur de Labonde {sud du village).3</line></par>
<par>
<line>I.2 - Secteur du Village Centre.4</line></par>
<par>
<line>I.3-Secteur de Gagarine.5</line></par>
<par>
<line>L4-Secteur DES Hosses.6</line></par>
<par>
<line>I.5 - Secteur de l’Aiguillon.7</line></par>
<par>
<line>L6 - Secteur de Saint-Vincent.8</line></par>
<par>
<line>I.7 - Secteur de l'entree de ville Nord.9</line></par>
<par>
<line>I.8-Secteur de Ceriza.10</line></par>
<par>
<line>II - LES ZONES A VOCATION ECONOMIQUE. 11</line></par>
<par>
<line>il.1 - L'ENTREE SUD ET LA FAÇADE DE LA ZONE D'ACTIVITES.11</line></par>
</text>
</block>
<block><region><rect/></region>
<text>
<par>
<line>saunier &amp; ASSOCIES ■ Toulouse</line></par>
</text>
</block>
<block><region><rect/></region>
<text>
<par>
<line>1SU651030020 / CSO / Novembre 2007 / PLU approuvé</line></par>
</text>
</block>
<block><region><rect/></region>
<text>
<par>
<line>1/12</line></par>
</text>
</block>
















</page>
<page width="2479" height="3504" resolution="300">
<block><region><rect/></region>
<text>
<par>
<line>Andrest (65)</line></par>
</text>
</block>
<block><region><rect/></region>
<text>
<par>
<line>PLU</line></par>
</text>
</block>
<block><region><rect/></region>
<text>
<par>
<line>Orientations d’?ménaq£ment'</line></par>
</text>
</block>
<block><region><rect/></region>
<text>
<par>
<line>Les orientations et prescriptions facultatives concernent plus spécifiquement des espaces ou des</line>
<line>quartiers, abordés sous un angle thématique ou sectoriel. Cette partie n’est pas opposable aux tiers</line>
<line>et est encadrée dans son contenu par 6 « items « définis dans l'article R123-3 du Code de l'Urbanisme.</line>
<line>Ces fiches spécifiques peuvent ainsi préciser :</line></par>
</text>
</block>
<block><region><rect/></region>
<text>
<par>
<line>• les mesures de nature à préserver les centre-villes et les quartiers, les développer ou en créer de</line>
<line>nouveaux,</line></par>
<par>
<line>• les actions et opérations relatives à ta restructuration ou à la réhabilitation d'îlots, de quartier ou</line>
<line>de secteurs,</line></par>
<par>
<line>• les caractéristiques et le traitement des rues, sentiers piétonniers et pistes cyclables et des</line>
<line>espaces et ouvrages publics à conserver, à modifier ou à créer,</line></par>
<par>
<line>• les actions et opérations d'aménagement de nature à assurer la sauvegarde et la diversité</line>
<line>commerciale des quartiers,</line></par>
<par>
<line>• les conditions d'aménagement des entrées de village,</line></par>
<par>
<line>• les mesures de nature à assurer la préservation des paysages.</line></par>
</text>
</block>
<block><region><rect/></region>
<text>
<par>
<line>Ces orientations, plus précises et opérationnelles que les orientations générales, devront être</line>
<line>respectées dans l’esprit lors de l’ouverture à l’urbanisation et de la délivrance des permis de</line>
<line>construire. Elles sont donc plus restrictives.</line></par>
</text>
</block>
<block><region><rect/></region>
<text>
<par>
<line>SAUNIER &amp; ASSOCIES • Toulouse</line></par>
</text>
</block>
<block><region><rect/></region>
<text>
<par>
<line>1SU651030020 / CSO / Novembre 2007 / PLU approuvé</line></par>
</text>
</block>
<block><region><rect/></region>
<text>
<par>
<line>2/12</line></par>
</text>
</block>




</page>
<page width="2479" height="3504" resolution="300">
<block><region><rect/></region>
<text>
<par>
<line>♦ • e ,</line></par>
</text>
</block>
<block><region><rect/></region>
<text>
<par>
<line>&amp; c</line></par>
</text>
</block>
<block><region><rect/></region>
<text>
<par>
<line>* « •</line></par>
</text>
</block>
<block><region><rect/><rect/></region>
<text>
<par>
<line>€■ r- r</line></par>
<par>
<line>r r r r O</line></par>
</text>
</block>
<block><region><rect/></region>
<text>
<par>
<line>t' « •</line></par>
</text>
</block>
<block><region><rect/></region>
<text>
<par>
<line>r &lt;• r f c c r</line></par>
</text>
</block>
<block><region><rect/></region>
<text>
<par>
<line>Andrest (65)</line></par>
</text>
</block>
<block><region><rect/></region>
<text>
<par>
<line>PLU</line></par>
</text>
</block>
<block><region><rect/></region>
<text>
<par>
<line>Orientation^ ,d'amériageme,o)</line></par>
</text>
</block>
<block><region><rect/></region>
<text>
<par>
<line>I - LES ZONES A VOCATION D’HABITAT OU MIXTE</line></par>
</text>
</block>
<block><region><rect/></region>
<text>
<par>
<line>fyo &lt;&gt; O O</line></par>
</text>
</block>
<block><region><rect/></region>
<text>
<par>
<line>Ces orientations et prescriptions concernent plus spécifiquement des espaces naturels à équiper ou</line>
<line>partiellement équipés ou des quartiers.</line></par>
</text>
</block>
<block><region><rect/></region>
<text>
<par>
<line>1.1 - Secteur de Labonde (sud du village)</line></par>
</text>
</block>
<block><region><rect/></region>
<text>
<par>
<line>Le sud du village doit faire l'objet d'une légère densification sur des « dents creuses » (espaces non</line>
<line>construits au sein de zones urbanisées) déjà équipées, situées à proximité du ruisseau, et appartenant</line>
<line>pour partie à la commune. Un maillage des voies est cependant proposé, afin d'améliorer le réseau</line>
<line>viaire du village et faciliter les flux. Ce dernier assure le bouclage du site ainsi que la liaison entre les</line>
<line>différents quartiers, dans la continuité et en cohérence avec la trame viaire du village ancien.</line></par>
<par>
<line>Le long de la voie communale du Trougnon, une densification limitée est également proposée, afin de</line>
<line>rentabiliser la présence des réseaux et de créer un front bâti, en vis-à-vis des constructions réalisées</line>
<line>récemment. Toutefois, la capacité suffisante des réseaux doit être améliorée préalablement.</line></par>
<par>
<line>Les boisements existants sont à préserver parce qu'ils permettent d’intégrer en douceur l'urbanisation à</line>
<line>venir en filtrant les vues, notamment depuis la RD 935, ce qui de fait permet de minimiser l'impact à</line>
<line>venir des constructions sur l’environnement.</line></par>
</text>
</block>
<block><region><rect/></region>
<text>
<par>
<line>IHiaaR.aaaMURflqnptitiiifliiai</line></par>
<par>
<line>■ Litnile de la zone consinjctive pour isoler les</line>
<line>* zorres d'habilallons de la menuiserie</line></par>
</text>
</block>
<block><region><rect/><rect/></region>
<text>
<par/>
</text>
</block>
<block><region><rect/></region>
<text>
<par>
<line>—jn</line></par>
</text>
</block>
<block><region><rect/></region>
<text>
<par>
<line>Le</line></par>
</text>
</block>
<block><region><rect/></region>
<text>
<par>
<line>r</line></par>
</text>
</block>
<block><region><rect/></region>
<text>
<par/>
</text>
</block>
<block><region><rect/></region>
<text>
<par>
<line>Si</line></par>
</text>
</block>
<block><region><rect/></region>
<text>
<par/>
</text>
</block>
<block><region><rect/></region>
<text>
<par>
<line>Lûlis$ement/Conslructions ôn cours de réaiisation</line></par>
</text>
</block>
<block><region><rect/></region>
<text>
<par/>
</text>
</block>
<block><region><rect/></region>
<text>
<par>
<line>" Limite de la zone constmctive au sud du terntoire ,</line>
<line>H communal, pour proléger l'exploilâlion agricole</line>
<line>K située en ce point '</line></par>
</text>
</block>
<block><region><rect/></region>
<text>
<par/>
</text>
</block>
<block><region><rect/></region>
<text>
<par/>
</text>
</block>
<block><region><rect/></region>
<text>
<par>
<line>Hm</line></par>
</text>
</block>
<block><region><rect/></region>
<text>
<par/>
</text>
</block>
<block><region><rect/></region>
<text>
<par>
<line>B-i ■ ■ ■</line></par>
</text>
</block>
<block><region><rect/></region>
<text>
<par/>
</text>
</block>
<block><region><rect/></region>
<text>
<par>
<line>" L'üfbanisatlonsecalesurlôshâlesettes ■</line></par>
<par>
<line>Z boisements existants !</line></par>
<par>
<line>r^iaBaaaaBBBaaaBaiBBBaaBBBBB^</line></par>
</text>
</block>
<block><region><rect/></region>
<text>
<par>
<line>la 3</line></par>
</text>
</block>
<block><region><rect/></region>
<text>
<par>
<line>ixêll</line></par>
</text>
</block>
<block><region><rect/></region>
<text>
<par>
<line>Zones suffisammeni équipées pour accueillir</line>
<line>de rurbanisation</line></par>
</text>
</block>
<block><region><rect/></region>
<text>
<par>
<line>de.rto.p^ aulû^</line></par>
</text>
</block>
<block><region><rect/></region>
<text>
<par>
<line>Principe de desserte à créer et à favorîseï</line>
<line>IPHI Zones tampons à préserver de toute urbanisation</line>
<line>^ ^ CKemin existant à aménager</line></par>
</text>
</block>
<block><region><rect/></region>
<text>
<par>
<line>1SU651030020 / CSO / Novembre 2007 / PLU approuvé</line></par>
</text>
</block>
<block><region><rect/></region>
<text>
<par>
<line>SAUNIER a ASSOCIES • Toulouse</line></par>
</text>
</block>
<block><region><rect/></region>
<text>
<par>
<line>3/12</line></par>
</text>
</block>































<block blockType="Picture" blockName="" l="299" t="770" r="1802" b="841"><region><rect/></region>
</block>
</page>
<page width="2479" height="3504" resolution="300">
<block><region><rect/></region>
<text>
<par>
<line>« • c</line></par>
</text>
</block>
<block><region><rect/></region>
<text>
<par>
<line>A » * *</line></par>
</text>
</block>
<block><region><rect/></region>
<text>
<par>
<line>Andrest (65)</line></par>
</text>
</block>
<block><region><rect/></region>
<text>
<par>
<line>PLU</line></par>
</text>
</block>
<block><region><rect/></region>
<text>
<par>
<line>, Orientation^ d'amériagemqnt</line></par>
</text>
</block>
<block><region><rect/></region>
<text>
<par>
<line>1.2 - Secteur du Village Centre ^</line></par>
</text>
</block>
<block><region><rect/></region>
<text>
<par>
<line>.'■'A-</line></par>
</text>
</block>
<block><region><rect/></region>
<text>
<par>
<line>Le cœur de la commune contient de grandes parcelles naturelles présentes au sein même du centre</line>
<line>ancien. Ces parcelles sont déjà viabilisées (voirie et réseaux). Toutefois, compte tenu de leur</line>
<line>localisation stratégique (cœur de bourg) et de leur environnement immédiat (village dense), le</line>
<line>règlement prévoit que ces sites soient ouverts dans le cadre d’opérations d'aménagement d'ensemble.</line>
<line>En effet, il est souhaitable de diviser ces parcelles afin d'y accueillir plusieurs constructions présentant</line>
<line>des implantations et formes architecturales compatibles avec le contexte, plutôt qu’une construction par</line>
<line>parcelle qui déstructurerait la trame bâtie.</line></par>
</text>
</block>
<block><region><rect/></region>
<text>
<par>
<line>-t61</line></par>
</text>
</block>
<block><region><rect/></region>
<text>
<par>
<line>Place</line></par>
</text>
</block>
<block><region><rect/></region>
<text>
<par>
<line>Pou</line></par>
</text>
</block>
<block><region><rect/></region>
<text>
<par>
<line>J</line></par>
</text>
</block>
<block><region><rect/></region>
<text>
<par/>
</text>
</block>
<block><region><rect/></region>
<text>
<par>
<line>I \2</line></par>
</text>
</block>
<block><region><rect/></region>
<text>
<par>
<line>M</line></par>
</text>
</block>
<block><region><rect/></region>
<text>
<par>
<line>'PfûC</line></par>
</text>
</block>
<block><region><rect/></region>
<text>
<par>
<line>,511/</line></par>
<par>
<line>Liberallôn</line></par>
</text>
</block>
<block><region><rect/></region>
<text>
<par>
<line>rl:</line></par>
</text>
</block>
<block><region><rect/></region>
<text>
<par>
<line>L</line></par>
</text>
</block>
<block><region><rect/></region>
<text>
<par>
<line>od)</line></par>
</text>
</block>
<block><region><rect/></region>
<text>
<par>
<line>2-35-</line></par>
</text>
</block>
<block><region><rect/></region>
<text>
<par>
<line>tony</line></par>
</text>
</block>
<block><region><rect/></region>
<text>
<par>
<line>3f</line></par>
</text>
</block>
<block><region><rect/></region>
<text>
<par>
<line>m</line></par>
</text>
</block>
<block><region><rect/></region>
<text>
<par/>
</text>
</block>
<block><region><rect/></region>
<text>
<par>
<line>t</line></par>
</text>
</block>
<block><region><rect/></region>
<text>
<par/>
</text>
</block>
<block><region><rect/></region>
<text>
<par>
<line>289</line></par>
</text>
</block>
<block><region><rect/></region>
<text>
<par>
<line>^8</line></par>
</text>
</block>
<block><region><rect/></region>
<text>
<par>
<line>7]/</line></par>
</text>
</block>
<block><region><rect/></region>
<text>
<par/>
</text>
</block>
<block><region><rect/></region>
<text>
<par>
<line>Zone à urbaniser pour un usage</line>
<line>d'habitat, dans le cadre d'une</line>
<line>opération d'ensemble</line></par>
</text>
</block>
<block><region><rect/><rect/><rect/></region>
<text>
<par>
<line>Principe de dessele à créer el à</line>
<line>favoriser</line></par>
<par>
<line>Chemin exislani à aménager</line></par>
</text>
</block>
<block><region><rect/><rect/></region>
<text>
<par>
<line>—f “L "®-'</line></par>
</text>
</block>
<block><region><rect/></region>
<text>
<par>
<line>SAUNIER &amp; ASSOCIES - Toulouse</line></par>
</text>
</block>
<block><region><rect/></region>
<text>
<par>
<line>1 sues 1030020 / CSO / Novembre 2007 / PLU approuvé</line></par>
</text>
</block>
<block><region><rect/></region>
<text>
<par>
<line>4/12</line></par>
</text>
</block>
































<block blockType="Picture" blockName="" l="303" t="427" r="1584" b="484"><region><rect/></region>
</block>
<block blockType="Picture" blockName="" l="297" t="420" r="1802" b="492"><region><rect/></region>
</block>
<block blockType="Picture" blockName="" l="1660" t="1540" r="1775" b="1593"><region><rect/></region>
</block>
</page>
<page width="2479" height="3504" resolution="300">
<block><region><rect/></region>
<text>
<par>
<line>* O</line></par>
</text>
</block>
<block><region><rect/></region>
<text>
<par>
<line>c ® «&gt; «&gt;</line></par>
</text>
</block>
<block><region><rect/></region>
<text>
<par>
<line>• « e «</line></par>
</text>
</block>
<block><region><rect/></region>
<text>
<par>
<line>Andrest (65)</line></par>
</text>
</block>
<block><region><rect/></region>
<text>
<par>
<line>PLU</line></par>
</text>
</block>
<block><region><rect/></region>
<text>
<par>
<line>©«P»' •</line></par>
<par>
<line>00000 O oo ♦</line></par>
<par>
<line>0 O O O O f' r- C</line></par>
<par>
<line>c &lt; r &lt;■ r (■ ( r</line></par>
<par>
<line>r ^ ‘ ( r r O f f oc</line></par>
<par>
<line>, Orientation,&lt;i,d'amé,nagemen'</line></par>
</text>
</block>
<block><region><rect/></region>
<text>
<par>
<line>e « e</line></par>
<par>
<line>c</line></par>
<par>
<line>r</line></par>
<par>
<line>O t' c O</line></par>
</text>
</block>
<block><region><rect/></region>
<text>
<par>
<line>ifcBÆaigacM</line></par>
</text>
</block>
<block><region><rect/></region>
<text>
<par>
<line>&lt; ^ &lt; f f c</line></par>
<par>
<line>{ ( (</line></par>
<par>
<line>&lt; « f</line></par>
<par>
<line>c ( O c r</line></par>
</text>
</block>
<block><region><rect/></region>
<text>
<par>
<line>Zone naturelle, située dans la continuité des extensions du village, desservie par la rue Gagarine. Ce</line>
<line>secteur est voué à être urbanisé à court terme dans le cadre de l'article R 123.6 du code de</line>
<line>l'urbanisme, qui considère que cette constructibilité reste subordonnée à la réalisation d'opération</line>
<line>d'aménagement d'ensemble ou à l'exécution progressive des équipements internes à la zone. Pour</line>
<line>cela, un maillage des voies et des espaces publics est à réaliser. Le schéma d'aménagement ci-</line>
<line>dessous est proposé afin d'optimiser l’espace disponible. Pour créer un bouclage du secteur, il sera</line>
<line>souhaitable d'aménager une voie entre la rue Joliot Curie et la rue Gagarine.</line></par>
</text>
</block>
<block><region><rect/></region>
<text>
<par/>
</text>
</block>
<block><region><rect/></region>
<text>
<par/>
</text>
</block>
<block><region><rect/></region>
<text>
<par/>
</text>
</block>
<block><region><rect/></region>
<text>
<par/>
</text>
</block>
<block><region><rect/></region>
<text>
<par/>
</text>
</block>
<block><region><rect/></region>
<text>
<par>
<line>-Ot,</line></par>
</text>
</block>
<block><region><rect/></region>
<text>
<par>
<line>TT,</line></par>
</text>
</block>
<block><region><rect/></region>
<text>
<par/>
</text>
</block>
<block><region><rect/></region>
<text>
<par>
<line>r I</line></par>
</text>
</block>
<block><region><rect/></region>
<text>
<par>
<line>Q Q</line></par>
</text>
</block>
<block><region><rect/></region>
<text>
<par>
<line>lïV*</line></par>
</text>
</block>
<block><region><rect/></region>
<text>
<par>
<line>t®</line></par>
</text>
</block>
<block><region><rect/></region>
<text>
<par>
<line>eu</line></par>
</text>
</block>
<block><region><rect/></region>
<text>
<par/>
</text>
</block>
<block><region><rect/></region>
<text>
<par>
<line>f cour» |jJ r6fl1r&lt;â’'(loVi'</line></par>
</text>
</block>
<block><region><rect/></region>
<text>
<par>
<line>BSf</line></par>
</text>
</block>
<block><region><rect/></region>
<text>
<par/>
</text>
</block>
<block><region><rect/></region>
<text>
<par/>
</text>
</block>
<block><region><rect/></region>
<text>
<par>
<line>.-S</line></par>
</text>
</block>
<block><region><rect/></region>
<text>
<par>
<line>L uibonUation cnlÿ,-</line>
<line>ftUr jâl bftleaRl</line>
<line>i&gt;'ôhojnents exiilani*</line></par>
<par>
<line>TfT-t.--HiLLJ</line></par>
</text>
</block>
<block><region><rect/></region>
<text>
<par/>
</text>
</block>
<block><region><rect/></region>
<text>
<par>
<line>ï»«l</line></par>
</text>
</block>
<block><region><rect/></region>
<text>
<par>
<line>s</line></par>
</text>
</block>
<block><region><rect/></region>
<text>
<par>
<line>ïl]</line></par>
</text>
</block>
<block><region><rect/></region>
<text>
<par>
<line>■'lAQt</line></par>
</text>
</block>
<block><region><rect/></region>
<text>
<par/>
</text>
</block>
<block><region><rect/></region>
<text>
<par/>
</text>
</block>
<block><region><rect/></region>
<text>
<par>
<line>r</line></par>
</text>
</block>
<block><region><rect/></region>
<text>
<par>
<line>Liaison à r«crèer</line></par>
</text>
</block>
<block><region><rect/></region>
<text>
<par>
<line>r '~n Zone à urbaniser pour ut\ usage d'babiiai.</line>
<line>'-I dans le cadia d'une ûpéraiion d'ensemble</line></par>
</text>
</block>
<block><region><rect/></region>
<text>
<par>
<line>Principe de desserte à créer et i lavoriser</line></par>
</text>
</block>
<block><region><rect/></region>
<text>
<par>
<line>1SU651030020 / CSO / Novembre 2ÛÛ7 / PLU approuvé</line></par>
</text>
</block>
<block><region><rect/></region>
<text>
<par>
<line>SAUNIER &amp; ASSOCIES ■ Toulouse</line></par>
</text>
</block>
<block><region><rect/></region>
<text>
<par>
<line>5/12</line></par>
</text>
</block>







































<block blockType="Picture" blockName="" l="293" t="461" r="1798" b="532"><region><rect/></region>
</block>
</page>
<page width="2479" height="3504" resolution="300">
<block><region><rect/></region>
<text>
<par>
<line>» ft «</line></par>
</text>
</block>
<block><region><rect/></region>
<text>
<par/>
</text>
</block>
<block><region><rect/></region>
<text>
<par>
<line>• «</line></par>
</text>
</block>
<block><region><rect/></region>
<text>
<par>
<line>• • e</line></par>
</text>
</block>
<block><region><rect/></region>
<text>
<par>
<line>&lt;- r r r r f. o f'</line></par>
</text>
</block>
<block><region><rect/></region>
<text>
<par>
<line>Andrest (65)</line></par>
</text>
</block>
<block><region><rect/></region>
<text>
<par>
<line>PLU</line></par>
</text>
</block>
<block><region><rect/></region>
<text>
<par>
<line>Orientation? .d'aménagemant</line></par>
</text>
</block>
<block><region><rect/></region>
<text>
<par>
<line>or roc</line></par>
</text>
</block>
<block><region><rect/></region>
<text>
<par>
<line>U ' Secteur des Hosses</line></par>
</text>
</block>
<block><region><rect/></region>
<text>
<par>
<line>Zone naturelle, située entre la zone pavillonnaire des Mimosas et la rue Victor Hugo. Ce secteur est</line>
<line>voué à être urbanisé à court terme dans le cadre de l’article R123.6 du code de l'urbanisme, qui</line>
<line>considère que cette constructibilité reste subordonnée à la réalisation d’opération d'aménagement</line>
<line>d'ensemble ou à l’exécution progressive des équipements internes à la zone. Pour cela, un maillage</line>
<line>des voies et des espaces publics est à réaliser. Un schéma d’aménagement du secteur est proposé, ci-</line>
<line>joint afin d’optimiser l'espace disponible. Ainsi, l’espace à aménager se cale entre le chemin des</line>
<line>Hosses, la rue des Gentianes et la rue Victor Hugo. La desserte proposée vient se raccrocher aux</line>
<line>existantes périphériques.</line></par>
</text>
</block>
<block><region><rect/></region>
<text>
<par>
<line>Ë</line></par>
</text>
</block>
<block><region><rect/></region>
<text>
<par>
<line>isflî</line></par>
</text>
</block>
<block><region><rect/></region>
<text>
<par/>
</text>
</block>
<block><region><rect/></region>
<text>
<par>
<line>tlsol</line></par>
</text>
</block>
<block><region><rect/></region>
<text>
<par>
<line>□</line></par>
</text>
</block>
<block><region><rect/></region>
<text>
<par/>
</text>
</block>
<block><region><rect/></region>
<text>
<par>
<line>G)</line></par>
</text>
</block>
<block><region><rect/></region>
<text>
<par>
<line>’ M wo I p-fl CP /# 1</line></par>
<par>
<line>Lotissements I constructions en cours de réalisation ou réalisés</line></par>
</text>
</block>
<block><region><rect/></region>
<text>
<par>
<line>383</line></par>
</text>
</block>
<block><region><rect/></region>
<text>
<par>
<line>rg</line></par>
</text>
</block>
<block><region><rect/></region>
<text>
<par>
<line>tl</line></par>
</text>
</block>
<block><region><rect/></region>
<text>
<par>
<line>üfu.:</line></par>
</text>
</block>
<block><region><rect/></region>
<text>
<par/>
</text>
</block>
<block><region><rect/></region>
<text>
<par/>
</text>
</block>
<block><region><rect/></region>
<text>
<par/>
</text>
</block>
<block><region><rect/></region>
<text>
<par/>
</text>
</block>
<block><region><rect/></region>
<text>
<par/>
</text>
</block>
<block><region><rect/></region>
<text>
<par/>
</text>
</block>
<block><region><rect/></region>
<text>
<par>
<line>P?</line></par>
</text>
</block>
<block><region><rect/></region>
<text>
<par/>
</text>
</block>
<block><region><rect/></region>
<text>
<par/>
</text>
</block>
<block><region><rect/></region>
<text>
<par>
<line>(&gt;7c</line></par>
</text>
</block>
<block><region><rect/></region>
<text>
<par/>
</text>
</block>
<block><region><rect/></region>
<text>
<par/>
</text>
</block>
<block><region><rect/></region>
<text>
<par>
<line>sci</line></par>
</text>
</block>
<block><region><rect/></region>
<text>
<par>
<line>l</line></par>
</text>
</block>
<block><region><rect/></region>
<text>
<par>
<line>AffuMlon</line></par>
</text>
</block>
<block><region><rect/></region>
<text>
<par>
<line>‘‘.66 \</line></par>
</text>
</block>
<block><region><rect/></region>
<text>
<par>
<line>ri</line></par>
</text>
</block>
<block><region><rect/></region>
<text>
<par>
<line>»</line></par>
</text>
</block>
<block><region><rect/></region>
<text>
<par>
<line>, r</line></par>
</text>
</block>
<block><region><rect/></region>
<text>
<par>
<line>• Zone a urbaniser pour un usage d nabital,</line>
<line>j dans le cadre d'une opéralion d’ensemble</line></par>
</text>
</block>
<block><region><rect/></region>
<text>
<par>
<line>m</line></par>
</text>
</block>
<block><region><rect/></region>
<text>
<par>
<line>i,_j</line></par>
</text>
</block>
<block><region><rect/></region>
<text>
<par>
<line>L]</line></par>
</text>
</block>
<block><region><rect/></region>
<text>
<par>
<line>Principe</line></par>
</text>
</block>
<block><region><rect/></region>
<text>
<par>
<line>de desserte à créer e( a favoriser</line></par>
</text>
</block>
<block><region><rect/></region>
<text>
<par/>
</text>
</block>
<block><region><rect/></region>
<text>
<par>
<line>LJ</line></par>
</text>
</block>
<block><region><rect/></region>
<text>
<par/>
</text>
</block>
<block><region><rect/></region>
<text>
<par>
<line>Chemin existani a aménager</line></par>
<par>
<line>l.</line></par>
<par>
<line>51^1 L JTïiV X-</line></par>
</text>
</block>
<block><region><rect/></region>
<text>
<par/>
</text>
</block>
<block><region><rect/></region>
<text>
<par>
<line>..lUW</line></par>
</text>
</block>
<block><region><rect/></region>
<text>
<par>
<line>LJ</line></par>
</text>
</block>
<block><region><rect/></region>
<text>
<par>
<line>i2A</line></par>
</text>
</block>
<block><region><rect/></region>
<text>
<par/>
</text>
</block>
<block><region><rect/></region>
<text>
<par/>
</text>
</block>
<block><region><rect/></region>
<text>
<par>
<line>chémin</line></par>
</text>
</block>
<block><region><rect/></region>
<text>
<par>
<line>Hosses</line></par>
</text>
</block>
<block><region><rect/></region>
<text>
<par>
<line>sur</line></par>
</text>
</block>
<block><region><rect/><rect/></region>
<text>
<par>
<line>Caler l’urbanisation</line></par>
</text>
</block>
<block><region><rect/></region>
<text>
<par>
<line>SAUNIER &amp; ASSOCIES - Toulouse</line></par>
</text>
</block>
<block><region><rect/></region>
<text>
<par>
<line>1SU651030020 / CSO / Novembre 2007 / PLU approuvé</line></par>
</text>
</block>
<block><region><rect/></region>
<text>
<par>
<line>6/12</line></par>
</text>
</block>









































































</page>
<page width="2479" height="3504" resolution="300">
<block><region><rect/></region>
<text>
<par>
<line>c • •</line></par>
</text>
</block>
<block><region><rect/></region>
<text>
<par/>
</text>
</block>
<block><region><rect/></region>
<text>
<par/>
</text>
</block>
<block><region><rect/><rect/><rect/></region>
<text>
<par>
<line>• •</line></par>
<par>
<line>« •</line></par>
<par>
<line>rr’f'rr c «« • •••</line></par>
<par>
<line>rrr- r c frfi ♦ •</line></par>
<par>
<line>c- ( r rf&gt;rc fi •</line></par>
<par>
<line>(. ( i i ( !■ CO r^o ceoBofiOfi</line></par>
<par>
<line>Andrest(65) PLU Orientations,ç|‘améç,agemei;iX r,</line></par>
<par>
<line>r, • r rr( r c &lt; &lt;</line></par>
<par>
<line>f . r t ^ &lt;</line></par>
<par>
<line>/ t f r ( (• ^</line></par>
</text>
</block>
<block><region><rect/></region>
<text>
<par>
<line>( f &lt; f (. r</line>
<line>&lt;• (</line></par>
<par>
<line>f O r (cr¬</line>
<line>ût c</line></par>
<par>
<line>( c e</line></par>
<par>
<line>or O c •</line></par>
</text>
</block>
<block><region><rect/></region>
<text>
<par>
<line>Zone naturelle, située au voisinage du cimetière, au milieu d’une zone pavillonnaire. Ce secteur est</line>
<line>voué à être urbanisé à court terme dans le cadre de l'article R 123.6 du code de l’urbanisme, qui</line>
<line>considère que cette constructibilité reste subordonnée à la réalisation d’opération d’aménagement</line>
<line>d’ensemble ou à l'exécution progressive des équipements internes à la zone. Pour cela, un maillage</line>
<line>des voies et des espaces publics est à réaliser. Un schéma d'aménagement du secteur est proposé, ci-</line>
<line>joint atin d’optimiser l’espace disponible. Ainsi, l'espace à aménager se cale entre la rue Saint Vincent</line>
<line>et le chemin de l’Aguillon. L’urbanisation du secteur devra veiller à prévoir le passage d'une voie pour</line>
<line>lier les rues existantes et ainsi permettre un bouclage du secteur et surtout éviter le risque d’isolement</line>
<line>des quartiers les uns par rapport aux autres.</line></par>
</text>
</block>
<block><region><rect/></region>
<text>
<par>
<line>1.5 - Secteur de rAiguillon</line></par>
</text>
</block>
<block><region><rect/></region>
<text>
<par>
<line>O-CT</line></par>
</text>
</block>
<block><region><rect/></region>
<text>
<par/>
</text>
</block>
<block><region><rect/></region>
<text>
<par/>
</text>
</block>
<block><region><rect/></region>
<text>
<par>
<line>r:</line></par>
</text>
</block>
<block><region><rect/></region>
<text>
<par/>
</text>
</block>
<block><region><rect/></region>
<text>
<par>
<line>a</line></par>
</text>
</block>
<block><region><rect/></region>
<text>
<par/>
</text>
</block>
<block><region><rect/></region>
<text>
<par>
<line>\-:-n</line></par>
</text>
</block>
<block><region><rect/></region>
<text>
<par/>
</text>
</block>
<block><region><rect/></region>
<text>
<par/>
</text>
</block>
<block><region><rect/></region>
<text>
<par>
<line>üJ</line></par>
</text>
</block>
<block><region><rect/></region>
<text>
<par/>
</text>
</block>
<block><region><rect/></region>
<text>
<par/>
</text>
</block>
<block><region><rect/></region>
<text>
<par>
<line>Q</line></par>
</text>
</block>
<block><region><rect/></region>
<text>
<par>
<line>A</line></par>
</text>
</block>
<block><region><rect/></region>
<text>
<par>
<line>nT'v.i</line></par>
</text>
</block>
<block><region><rect/></region>
<text>
<par>
<line>Lollssement;</line>
<line>constructions</line>
<line>réalisées ou en cours</line></par>
</text>
</block>
<block><region><rect/></region>
<text>
<par/>
</text>
</block>
<block><region><rect/><rect/><rect/><rect/></region>
<text>
<par>
<line>Zone à urbaniser pour un usage d'habital,</line>
<line>J dans le cadre d'une opération d'ensemble</line></par>
<par>
<line>1^^ Principe de desserte à créer et à favoriser</line></par>
<par>
<line>Chemin existant à aménager</line></par>
<par>
<line>Cimetière</line></par>
</text>
</block>
<block><region><rect/></region>
<text>
<par>
<line>Assurer la continuité des liaisons</line></par>
</text>
</block>
<block><region><rect/></region>
<text>
<par>
<line>Maintenir les alignements d'arbres</line>
<line>pour isoler les habitations des</line>
<line>nuisances de la vole ferrée</line></par>
</text>
</block>
<block><region><rect/></region>
<text>
<par>
<line>i</line></par>
</text>
</block>
<block><region><rect/></region>
<text>
<par>
<line>SAUNIER &amp; ASSOCIES - Toulouse</line></par>
</text>
</block>
<block><region><rect/></region>
<text>
<par>
<line>1SU651030020/ CSO/ Novembre 2007/ PLU approuvé</line></par>
</text>
</block>
<block><region><rect/></region>
<text>
<par>
<line>7/12</line></par>
</text>
</block>


































<block blockType="Picture" blockName="" l="300" t="407" r="1331" b="463"><region><rect/></region>
</block>
<block blockType="Picture" blockName="" l="1528" t="1555" r="1627" b="1625"><region><rect/></region>
</block>
</page>
<page width="2479" height="3504" resolution="300">
<block><region><rect/></region>
<text>
<par/>
</text>
</block>
<block><region><rect/></region>
<text>
<par>
<line>♦ # • •</line></par>
</text>
</block>
<block><region><rect/></region>
<text>
<par>
<line>O •</line></par>
</text>
</block>
<block><region><rect/></region>
<text>
<par>
<line>Andrest (65)</line></par>
</text>
</block>
<block><region><rect/></region>
<text>
<par>
<line>PLU</line></par>
</text>
</block>
<block><region><rect/></region>
<text>
<par>
<line>Orientations ^d'aménagement</line></par>
</text>
</block>
<block><region><rect/></region>
<text>
<par>
<line>1.6 - Secteur de Saint-Vincent</line></par>
</text>
</block>
<block><region><rect/></region>
<text>
<par>
<line>r ( &lt;• (M</line>
<line>r</line></par>
<par>
<line>f &lt;1 O</line></par>
</text>
</block>
<block><region><rect/></region>
<text>
<par>
<line>f f &lt;■ &lt;. c-</line></par>
<par>
<line>■ f r O O fl</line></par>
</text>
</block>
<block><region><rect/></region>
<text>
<par>
<line>&lt;» O</line></par>
<par>
<line>O f) O O f'</line></par>
</text>
</block>
<block><region><rect/></region>
<text>
<par>
<line>Ce secteur est voué à être urbanisé à court terme dans le cadre de l'article R123.6 du code de</line>
<line>l'urbanisme, qui considère que cette constructibilité reste subordonnée à la réalisation d'opération</line>
<line>d'aménagement d'ensemble ou à l’exécution progressive des équipements internes à la zone, Pour</line>
<line>cela, un maillage des voies et des espaces publics est à réaliser. Un schéma d’aménagement du</line>
<line>secteur est proposé, ci-joint afin d’optimiser l’espace disponible, Ainsi, l'espace à aménager doit veiller</line>
<line>à prévoir le passage de voies pour lier entre elles, les rues existantes et ainsi permettre un bouclage du</line>
<line>secteur et surtout éviter le risque d'isolement des quartiers les uns par rapport aux autres et surtout par</line>
<line>rapport au village centre.</line></par>
</text>
</block>
<block><region><rect/></region>
<text>
<par>
<line>_I</line></par>
</text>
</block>
<block><region><rect/></region>
<text>
<par/>
</text>
</block>
<block><region><rect/></region>
<text>
<par/>
</text>
</block>
<block><region><rect/></region>
<text>
<par/>
</text>
</block>
<block><region><rect/></region>
<text>
<par>
<line>Lotissement /</line>
<line>constructions</line></par>
</text>
</block>
<block><region><rect/></region>
<text>
<par/>
</text>
</block>
<block><region><rect/></region>
<text>
<par>
<line>»</line></par>
</text>
</block>
<block><region><rect/></region>
<text>
<par>
<line>I réallsé6.s ou on cours 1</line></par>
</text>
</block>
<block><region><rect/></region>
<text>
<par>
<line>*s-</line></par>
</text>
</block>
<block><region><rect/></region>
<text>
<par/>
</text>
</block>
<block><region><rect/></region>
<text>
<par/>
</text>
</block>
<block><region><rect/></region>
<text>
<par>
<line>A</line></par>
</text>
</block>
<block><region><rect/></region>
<text>
<par/>
</text>
</block>
<block><region><rect/></region>
<text>
<par>
<line>O</line></par>
</text>
</block>
<block><region><rect/></region>
<text>
<par/>
</text>
</block>
<block><region><rect/></region>
<text>
<par>
<line>V V</line></par>
</text>
</block>
<block><region><rect/></region>
<text>
<par/>
</text>
</block>
<block><region><rect/></region>
<text>
<par>
<line>Dl _Ui)</line></par>
</text>
</block>
<block><region><rect/></region>
<text>
<par>
<line>mm</line></par>
</text>
</block>
<block><region><rect/></region>
<text>
<par/>
</text>
</block>
<block><region><rect/></region>
<text>
<par>
<line>£Zj</line></par>
</text>
</block>
<block><region><rect/></region>
<text>
<par/>
</text>
</block>
<block><region><rect/></region>
<text>
<par>
<line>□</line></par>
</text>
</block>
<block><region><rect/></region>
<text>
<par>
<line>LL)</line></par>
</text>
</block>
<block><region><rect/><rect/><rect/><rect/><rect/></region>
<text>
<par>
<line>P j Zone à urbaniser pour un usage d'habitat,</line></par>
<par>
<line>' J dans le cadre d'une opération d'ensemble</line></par>
<par>
<line>i,. j S ■ Principe de desserte à créer el à lauoriser</line></par>
<par>
<line>Chemin existant à a</line></par>
</text>
</block>
<block><region><rect/></region>
<text>
<par>
<line>Favoriser un maillage de rues parallèles,</line>
<line>dans la conllnulté des voles existantes.</line></par>
</text>
</block>
<block><region><rect/></region>
<text>
<par>
<line>Planter les franges du quartier pour</line>
<line>limiter les nuisances de la vole ferrée</line></par>
</text>
</block>
<block><region><rect/></region>
<text>
<par>
<line>SAUNIER &amp; ASSOCIES ■ Toulouse</line></par>
</text>
</block>
<block><region><rect/></region>
<text>
<par>
<line>1SU651030020 / CSO / Novembre 2007 / PL U approuvé</line></par>
</text>
</block>
<block><region><rect/></region>
<text>
<par>
<line>8/12</line></par>
</text>
</block>




















































<block blockType="Picture" blockName="" l="293" t="418" r="1798" b="491"><region><rect/></region>
</block>
</page>
<page width="2479" height="3504" resolution="300">
<block><region><rect/></region>
<text>
<par>
<line>« e «</line></par>
</text>
</block>
<block><region><rect/></region>
<text>
<par>
<line>• • • «</line></par>
</text>
</block>
<block><region><rect/></region>
<text>
<par>
<line>6 ^</line></par>
</text>
</block>
<block><region><rect/></region>
<text>
<par>
<line>(•&lt;00</line></par>
</text>
</block>
<block><region><rect/></region>
<text>
<par>
<line>Andrest (65)</line></par>
</text>
</block>
<block><region><rect/></region>
<text>
<par>
<line>PLU</line></par>
</text>
</block>
<block><region><rect/></region>
<text>
<par>
<line>&lt; CCf c ^</line></par>
<par>
<line>C r</line></par>
<par>
<line>f &lt;•. fV</line></par>
<par>
<line>&lt; r &lt; ■ r ( (</line></par>
</text>
</block>
<block><region><rect/></region>
<text>
<par>
<line>Orientations,d'aménaqement</line></par>
</text>
</block>
<block><region><rect/></region>
<text>
<par>
<line>17-Secteur de l’entrée de ville Nord v, ,</line></par>
</text>
</block>
<block><region><rect/></region>
<text>
<par>
<line>r</line></par>
<par>
<line>^ (' r O</line></par>
<par>
<line>r</line>
<line>O</line></par>
<par>
<line>L &lt;' f' r f) f) O O</line></par>
</text>
</block>
<block><region><rect/></region>
<text>
<par>
<line>r Cl</line></par>
<par>
<line>&lt; ( ï)</line></par>
<par>
<line>' «' c</line></par>
<par>
<line>■■ f’ O</line></par>
<par>
<line>!■ &lt;•■ O</line></par>
<par>
<line>&lt; O</line></par>
</text>
</block>
<block><region><rect/></region>
<text>
<par>
<line>( r O O fl e</line></par>
<par>
<line>&lt; &lt;</line></par>
<par>
<line>( r r cor</line></par>
<par>
<line>&lt;■ c «</line></par>
<par>
<line>C &lt;; r</line></par>
<par>
<line>CO O O c</line></par>
</text>
</block>
<block><region><rect/></region>
<text>
<par>
<line>Deux sites sont voués à être urbanisé à moyen terme dans le cadre de l’article R 123.6 du Code de</line>
<line>l'Urbanisme, qui considère que cette constructibilité reste subordonnée à la réalisation d’opération</line>
<line>d’aménagement d’ensemble, ceci afin d’organiser au mieux le foncier disponible et de garantir</line>
<line>l’équipement et la desserte de l'ensemble des parcelles.</line></par>
<par>
<line>L’objectif ici est de boucher les dents creuses en entrée de ville Nord, afin de constituer un front bâti</line>
<line>homogène, clairement identifiable, sans porter atteinte à l’activité agricole (en respectant notamment le</line>
<line>parcellaire en place) tout en raccordant ces secteurs d’habitat aux quartiers existants. Afin d’améliorer</line>
<line>la circulation, d’assurer la cohérence urbaine et l’intégration des quartiers à leur environnement :</line></par>
<par>
<line>- Le quartier des Hosses sera desservi transversalement par une rue centrale qui reliera le chemin</line>
<line>des Hosses à la RD 935 (route de l’Océan). Un maillage aux quartiers existants par 2 voies</line>
<line>internes qui se raccorderont à la rue des Lilas et à la rue des Gentianes. Afin de garantir la</line>
<line>réalisation de ces accès, des emplacements réservés ont été positionnés dans le règlement</line>
<line>graphique.</line></par>
<par>
<line>- Le quartier du Lamayou sera quant à lui desservi par une boucle depuis le chemin du Lamayou,</line>
<line>qui connectera les futures habitations aux lotissements existants. Une voie traversante devra être</line>
<line>créée, sans toutefois pouvoir se raccorder à la RD 935 car les abords sont déjà privatisés.</line></par>
<par>
<line>Les voies débouchant en limite de secteur devront être aménagées en placette ou en aires de</line>
<line>retournement, ce qui permettra un raccordement dans un avenir plus lointain, si le village continue son</line>
<line>extension vers le Nord,</line></par>
</text>
</block>
<block><region><rect/></region>
<text>
<par>
<line>II//</line></par>
<par>
<line>Maintenir les alIgnemanU d'arbres</line></par>
</text>
</block>
<block><region><rect/></region>
<text>
<par>
<line>Asaurar la continuité das liaisons</line></par>
</text>
</block>
<block><region><rect/></region>
<text>
<par/>
</text>
</block>
<block><region><rect/></region>
<text>
<par/>
</text>
</block>
<block><region><rect/></region>
<text>
<par/>
</text>
</block>
<block><region><rect/></region>
<text>
<par>
<line>A</line></par>
</text>
</block>
<block><region><rect/></region>
<text>
<par/>
</text>
</block>
<block><region><rect/></region>
<text>
<par/>
</text>
</block>
<block><region><rect/></region>
<text>
<par/>
</text>
</block>
<block><region><rect/></region>
<text>
<par/>
</text>
</block>
<block><region><rect/></region>
<text>
<par>
<line>-‘-farffttffnr:</line></par>
</text>
</block>
<block><region><rect/></region>
<text>
<par/>
</text>
</block>
<block><region><rect/></region>
<text>
<par/>
</text>
</block>
<block><region><rect/></region>
<text>
<par>
<line>I hW&amp;r'V/-</line></par>
<par>
<line>Lotissemenl/ constructions en cours da réalisation r',11</line></par>
</text>
</block>
<block><region><rect/></region>
<text>
<par>
<line>Assurer la continuité des liaisons an créant une vola Interne au</line>
<line>sectetrr qui se raccordera sur les emprises publiques exIsUntas,</line></par>
</text>
</block>
<block><region><rect/><rect/><rect/></region>
<text>
<par>
<line>• r r ) 2oo9 à urbaniser pour un usage d’habilal.</line>
<line>j J dans le cadre d’une opéraüor^ d’ensemble</line></par>
<par>
<line>* Principe de desserie à créer el é iavoriser</line></par>
</text>
</block>
<block><region><rect/></region>
<text>
<par>
<line>Créer des voles internes au secteur qui se raccorderont sur _ J</line></par>
</text>
</block>
<block><region><rect/><rect/></region>
<text>
<par>
<line>les emprises existantes.</line></par>
</text>
</block>
<block><region><rect/></region>
<text>
<par>
<line>i-i.ill’ / )—</line></par>
</text>
</block>
<block><region><rect/></region>
<text>
<par>
<line>SAUNIER &amp; ASSOCIES - Toulouse</line></par>
</text>
</block>
<block><region><rect/></region>
<text>
<par>
<line>1SU651030020/ CSO / Novembre 2007 / PLU approuvé</line></par>
</text>
</block>
<block><region><rect/></region>
<text>
<par>
<line>9/12</line></par>
</text>
</block>

























<block blockType="Picture" blockName="" l="296" t="423" r="1802" b="496"><region><rect/></region>
</block>
</page>
<page width="2479" height="3504" resolution="300">
<block><region><rect/></region>
<text>
<par>
<line>Andrest (65)</line></par>
</text>
</block>
<block><region><rect/></region>
<text>
<par>
<line>PLU</line></par>
</text>
</block>
<block><region><rect/></region>
<text>
<par>
<line>Orientations çi'aménagement</line></par>
</text>
</block>
<block><region><rect/></region>
<text>
<par>
<line>1.8-Secteur deCerjza</line></par>
</text>
</block>
<block><region><rect/></region>
<text>
<par/>
</text>
</block>
<block><region><rect/></region>
<text>
<par>
<line>Le secteur de Ceriza comporte une route mais pas les réseaux. Ainsi, que très partiellement viabilisée,</line>
<line>cette zone peut faire l'objet d’une urbanisation à moyen terme dans le cadre de l’article R123.6 du</line>
<line>Code de l'Urbanisme {réalisation d'opération d'aménagement d'ensemble), afin d'intervenir de manière</line>
<line>organisée et en accord avec les préconisations de l’étude Amendement Dupont de mars 2001 ; celle-ci</line>
<line>préconise - pour lever l’inconstructibilité de la zone - la prise en compte d’une zone naturelle entre la</line>
<line>RD 925 et Ceriza.</line></par>
</text>
</block>
<block><region><rect/></region>
<text>
<par>
<line>L_</line></par>
</text>
</block>
<block><region><rect/></region>
<text>
<par>
<line>•P</line></par>
</text>
</block>
<block><region><rect/></region>
<text>
<par/>
</text>
</block>
<block><region><rect/></region>
<text>
<par>
<line>&gt;</line></par>
</text>
</block>
<block><region><rect/></region>
<text>
<par/>
</text>
</block>
<block><region><rect/></region>
<text>
<par/>
</text>
</block>
<block><region><rect/></region>
<text>
<par>
<line>F</line></par>
</text>
</block>
<block><region><rect/></region>
<text>
<par/>
</text>
</block>
<block><region><rect/></region>
<text>
<par>
<line>Zone très partiâllÊmenl équipée, à viabiliser</line>
<line>entièrement pour âocueiltir de rurbanisation</line></par>
<par>
<line>Principe de desserte à créer et à favoriser</line></par>
</text>
</block>
<block><region><rect/></region>
<text>
<par>
<line>Zones tampons à préserver de toute urbanisation</line>
<line>(voir Etude - Amendement Dupont » mars 2001 )</line></par>
</text>
</block>
<block><region><rect/><rect/></region>
<text>
<par>
<line>K. " Chemin existant à aménager</line></par>
<par>
<line>Espace public à prévoir pour le quartier (terrain public)</line></par>
</text>
</block>
<block><region><rect/></region>
<text>
<par>
<line>■ ümilê de la zone constructive au sud du territoire</line>
<line>” communal, pour protéger l'espace agricole riche à</line></par>
<par>
<line>■ l'Est</line></par>
</text>
</block>
<block><region><rect/></region>
<text>
<par/>
</text>
</block>
<block><region><rect/></region>
<text>
<par>
<line>• L’urbanisation se cala sur ias haies et ies</line>
<line>; boisements existants</line></par>
</text>
</block>
<block><region><rect/></region>
<text>
<par>
<line>SAUNIER &amp; ASSOCIES - Toulouse</line></par>
</text>
</block>
<block><region><rect/></region>
<text>
<par>
<line>1 sues 1030020 / CSO / Novembre 2007 / PLU approuvé</line></par>
</text>
</block>
<block><region><rect/></region>
<text>
<par>
<line>10/12</line></par>
</text>
</block>


















































</page>
<page width="2479" height="3504" resolution="300">
<block><region><rect/></region>
<text>
<par>
<line>e e »</line></par>
</text>
</block>
<block><region><rect/></region>
<text>
<par>
<line>• • • •</line></par>
</text>
</block>
<block><region><rect/></region>
<text>
<par>
<line>♦ »</line></par>
</text>
</block>
<block><region><rect/></region>
<text>
<par>
<line>O 0 0 0</line></par>
</text>
</block>
<block><region><rect/></region>
<text>
<par>
<line>Andrest (65)</line></par>
</text>
</block>
<block><region><rect/></region>
<text>
<par>
<line>PLU</line></par>
</text>
</block>
<block><region><rect/><rect/></region>
<text>
<par>
<line>e • e</line></par>
<par>
<line>r</line></par>
<par>
<line>r</line></par>
<par>
<line>r r O 0</line></par>
</text>
</block>
<block><region><rect/></region>
<text>
<par>
<line>Orientations^d'aménagement</line></par>
</text>
</block>
<block><region><rect/></region>
<text>
<par>
<line>fi O t; O { r c O</line>
<line>'' '■ r" r</line></par>
</text>
</block>
<block><region><rect/></region>
<text>
<par>
<line>D</line></par>
</text>
</block>
<block><region><rect/></region>
<text>
<par>
<line>- LESZONES A VOCATION ECONOMIQUE</line></par>
</text>
</block>
<block><region><rect/><rect/></region>
<text>
<par>
<line>* • «</line></par>
</text>
</block>
<block><region><rect/></region>
<text>
<par>
<line>f f O r O</line></par>
<par>
<line>&lt; r</line></par>
<par>
<line>r fl r f ,;s</line></par>
<par>
<line>I &lt;!</line></par>
<par>
<line>&lt;■ r- fl</line></par>
<par>
<line>fl r f; r c</line></par>
</text>
</block>
<block><region><rect/></region>
<text>
<par>
<line>11.1 - L’ENTREE SUD ET LA FAÇADE DE LA ZONE D’ACTIVITES</line></par>
</text>
</block>
<block><region><rect/></region>
<text>
<par>
<line>L’entrée Sud est un secteur sensible car elle constitue la vitrine de la commune tout en étant</line>
<line>essentiellement vouée au développement des activités économiques dont l'impact dans le paysage est</line>
<line>important. C’est pourquoi l’aménagement de ce site doit faire l’objet d’une attention particulière.</line></par>
<par>
<line>Côté Ouest de la RD 935, le secteur doit conserver son caractère naturel et agricole, côté Est, au</line>
<line>niveau de la zone d’activités, le secteur est équipé pour recevoir immédiatement des constructions.</line>
<line>Cependant, le positionnement de cette zone économique impose une réflexion sur l’urbanisation de ce</line>
<line>secteur puisqu’il est situé en dehors des Parties Actuellement Urbanisées (PAU) et de faite est soumis</line>
<line>à l’application de l’article L111,1.4 du Code de l’Urbanisme qui stipule que :</line></par>
<par>
<line>« Les constructions ou installations sont interdites dans une bande de cent mètres de part et d’autre de l’axe des</line>
<line>autoroutes, des routes express et des déviations au sens du code de la voirie routière et de soixante quinze</line>
<line>mètres de part et d’autre de l'axe des autres routes classées à grande circulation.</line></par>
<par>
<line>Cette interdiction ne s’applique pas :</line></par>
<par>
<line>■ aux constructions ou installations liées ou nécessaires aux infrastructures routières,</line></par>
<par>
<line>- aux services publics exigeant la proximité immédiate des infrastructures routières,</line></par>
<par>
<line>- aux bâtiments d’exploitation agricole,</line></par>
<par>
<line>- aux réseaux d'intérêt public.</line></par>
<par>
<line>Elle ne s’applique pas non plus à l’adaptation, la réfection ou l’extension des constructions existantes ».</line></par>
</text>
</block>
<block><region><rect/></region>
<text>
<par>
<line>Pour lever cette inconstructibilité et permettre l’urbanisation de cette bande de 100 mètres, une étude</line>
<line>Amendement Dupont a été menée et ses préconisations ont être intégrées dans le règlement du PLU</line>
<line>(cf. : Etude « Amendement Dupont » pour l’extension de la zone d’activités d’Andrest, Cabinet</line>
<line>TURBINES, mars 2001), Toutefois, tout agrandissement de la zone d'activités qui va au delà du</line>
<line>secteur analysé est tributaire d'une nouvelle étude similaire qui devra définir, justifier et motiver</line>
<line>l’extension de cette zone, afin de prendre en compte les exigences que requiert la loi en matière de</line>
<line>nuisances, de sécurité, de qualité architecturale, d’urbanisme et de paysage. Les dispositions de cette</line>
<line>nouvelle étude éventuelle devront être intégrées au PLU dans le cadre d’une modification ou révision.</line></par>
<par>
<line>L’aménagement et le développement du secteur doivent donc permettre ;</line></par>
<par>
<line>• d’assurer la desserte du secteur en toute sécurité et d’absorber le trafic à venir. Dans ce but un</line>
<line>tourne à gauche a déjà été aménagé sur la RD 935. Toutefois, lorsque la partie Nord du site sera</line>
<line>ouverte, une attention devra être portée sur la sécurité au point de raccordement de la ZA et de la</line>
<line>déviation. La contre-allée existante sera utilisée comme artère, et réaménagée. En interne, une</line>
<line>voie de desserte longitudinale sera créée afin de desservir les fonds de parcelles.</line></par>
</text>
</block>
<block><region><rect/></region>
<text>
<par>
<line>SAUNIER &amp; ASSOCIES - Toulouse</line></par>
</text>
</block>
<block><region><rect/></region>
<text>
<par>
<line>1SU651030020 / CSÛ / Novembre 2007 / PLU approuvé</line></par>
</text>
</block>
<block><region><rect/></region>
<text>
<par>
<line>11/12</line></par>
</text>
</block>


<block blockType="Picture" blockName="" l="329" t="596" r="2174" b="651"><region><rect/></region>
</block>
<block blockType="Picture" blockName="" l="297" t="411" r="2181" b="491"><region><rect/></region>
</block>
</page>
<page width="2479" height="3504" resolution="300">
<block><region><rect/></region>
<text>
<par>
<line>♦</line></par>
</text>
</block>
<block><region><rect/></region>
<text>
<par>
<line>« • » •</line></par>
</text>
</block>
<block><region><rect/></region>
<text>
<par>
<line>e</line></par>
<par>
<line>« * •</line></par>
</text>
</block>
<block><region><rect/></region>
<text>
<par/>
</text>
</block>
<block><region><rect/></region>
<text>
<par>
<line>Andfest (65)</line></par>
</text>
</block>
<block><region><rect/></region>
<text>
<par>
<line>PLU</line></par>
</text>
</block>
<block><region><rect/></region>
<text>
<par>
<line>Orientations d’aménagement</line></par>
</text>
</block>
<block><region><rect/></region>
<text>
<par>
<line>• de veiller à la qualité des aménagements futurs en matière d'architecture, de cornposition ürbamé,</line>
<line>de traitement paysager et d'absence de nuisances pour les futurs occupants, Ainsi,ul; est (tfroposé</line>
<line>de :</line></par>
</text>
</block>
<block><region><rect/><rect/><rect/></region>
<text>
<par>
<line>• P</line></par>
<par>
<line>^ c</line></par>
</text>
</block>
<block><region><rect/></region>
<text>
<par>
<line>&lt;■ fl O</line></par>
<par>
<line>&lt;0 %</line></par>
<par>
<line>( 00</line></par>
<par>
<line>&lt;■ r c</line></par>
<par>
<line>( c e</line></par>
<par>
<line>f r 00</line></par>
</text>
</block>
<block><region><rect/></region>
<text>
<par>
<line>( &lt;■ O c m e</line></par>
<par>
<line>&lt;■</line></par>
<par>
<line>&lt; c i r r O</line></par>
<par>
<line>i r •</line></par>
<par>
<line>Cf, «</line></par>
<par>
<line>CO P e O</line></par>
</text>
</block>
<block><region><rect/></region>
<text>
<par>
<line>créer des perspectives et des ambiances par la mise en place de règles de prospects</line>
<line>par rapport à la RD935. Cette règle permet également de sécuriser les abords de la</line>
<line>voie en dégageant le champ visuel de tout obstacle latéral.</line></par>
<par>
<line>d'imposer la réalisation de plantations sur les espaces non bâtis et notamment sur la</line>
<line>façade de la RD935. Cette disposition devra être mise en œuvre dans la ZA actuelle,</line>
<line>comme le préconisait l'étude Amendement Dupont de mars 2001, ce qui permettra de</line>
<line>crée une continuité entre l'existant et les aménagements futurs.</line></par>
<par>
<line>protéger les cônes de vues, en limitant les hauteurs des bâtiments, en interdisant la</line>
<line>réalisation des parkings et d'aire de stockage en façade de la RD935.</line></par>
<par>
<line>donner des orientations quant à la qualité architecturale des constructions à venir ;</line>
<line>gabarits, formes, toitures,.., Les dispositions de l’étude Amendement Dupont de mars</line>
<line>2001 devront ici aussi être respectées ; utilisation de la typologie caractéristique du</line>
<line>centre ancien pour l’implantation des bâtiments d’activités (calés sur la limite</line>
<line>parcellaire Nord ou en recul de 5,00 mètres, constructions en forme de L).</line></par>
<par>
<line>créer un cadre, une ambiance qui induira chez le conducteur un comportement</line>
<line>adapté. Cette ambiance est générée par l'implantation des bâtiments, leur volume,</line>
<line>leur aspect et le traitement des espaces libres, notamment en façade de la RD935. La</line>
<line>plantation de haies mixtes d’orientation Est / Ouest sur chaque limite privative Nord</line>
<line>devra être favorisée, afin de structurer la zone et de lui donner une identité visuelle.</line></par>
</text>
</block>
<block><region><rect/></region>
<text>
<par>
<line>imposer aux constructions une isolation acoustique conformément au code de la</line>
<line>construction.</line></par>
</text>
</block>
<block><region><rect/></region>
<text>
<par>
<line>veiller à l'unité des couleurs en façades.</line></par>
</text>
</block>
<block><region><rect/></region>
<text>
<par>
<line>SAUNIER &amp; ASSOCIES - Toulouse</line></par>
</text>
</block>
<block><region><rect/></region>
<text>
<par>
<line>1SU651Û30020/ CSO/Novembre2007/PLU approuvé</line></par>
</text>
</block>
<block><region><rect/></region>
<text>
<par>
<line>12/12</line></par>
</text>
</block>


</page>
</OAP>