<?xml version="1.0" encoding="UTF-8"?><OAP>
<page width="1684" height="1191" resolution="144">
<block><region><rect/></region>
<text>
<par/>
</text>
</block>
<block><region><rect/></region>
<text>
<par>
<line>d’</line></par>
</text>
</block>
<block><region><rect/></region>
<text>
<par>
<line>^•r</line></par>
</text>
</block>
<block><region><rect/><rect/></region>
<text>
<par>
<line>1 Rapport de</line>
<line>PRESENTATION</line></par>
</text>
</block>
<block><region><rect/><rect/><rect/><rect/></region>
<text>
<par>
<line>l Notice de</line></par>
<par>
<line>PRESENTATION 1</line></par>
<par>
<line>f</line></par>
<par>
<line>t Plans de zonage |</line></par>
<par>
<line>MODIFIES f</line></par>
<par>
<line>! Reglement MODIFIE :</line></par>
<par>
<line>i !</line></par>
<par>
<line>Orientations !</line></par>
<par>
<line>PARTICULIERES</line></par>
<par>
<line>D’Amenagement</line></par>
<par>
<line>MODIFIEES</line>
<line>1 Liste des</line></par>
<par>
<line>j EMPLACEMENTS</line>
<line>I RESERVES MODIFIEE</line></par>
</text>
</block>
<block><region><rect/></region>
<text>
<par>
<line>Dossier 870 - ICV</line></par>
</text>
</block>
<block><region><rect/></region>
<text>
<par>
<line>lan</line></par>
<par>
<line>ocal</line></par>
<par>
<line>rbanisme</line></par>
</text>
</block>
<block><region><rect/></region>
<text>
<par>
<line>I</line></par>
</text>
</block>
<block><region><rect/></region>
<text>
<par>
<line>1</line></par>
</text>
</block>
<block><region><rect/></region>
<text>
<par>
<line>i</line></par>
</text>
</block>
<block><region><rect/></region>
<text>
<par/>
</text>
</block>
<block><region><rect/></region>
<text>
<par>
<line>Révision Simplifiée n°1 du Plan Local d’Urbanisme :</line></par>
<par>
<line>Ouverture à l’urbanisation d’une zone économique identitaire et inédite</line></par>
</text>
</block>
<block><region><rect/></region>
<text>
<par>
<line>m</line></par>
</text>
</block>
<block><region><rect/></region>
<text>
<par/>
</text>
</block>
<block><region><rect/></region>
<text>
<par>
<line>«i</line></par>
</text>
</block>
<block><region><rect/></region>
<text>
<par>
<line>•. I*</line></par>
</text>
</block>
<block><region><rect/><rect/></region>
<text>
<par/>
</text>
</block>
<block><region><rect/></region>
<text>
<par/>
</text>
</block>
<block><region><rect/></region>
<text>
<par/>
</text>
</block>
<block><region><rect/></region>
<text>
<par/>
</text>
</block>
<block><region><rect/></region>
<text>
<par>
<line>as?i^ I....</line></par>
<par>
<line>AcSiSitn, 'a «</line></par>
</text>
</block>
<block><region><rect/></region>
<text>
<par/>
</text>
</block>
<block><region><rect/></region>
<text>
<par/>
</text>
</block>
<block><region><rect/><rect/></region>
<text>
<par/>
</text>
</block>
<block><region><rect/></region>
<text>
<par/>
</text>
</block>
<block><region><rect/></region>
<text>
<par>
<line>*V</line></par>
</text>
</block>
<block><region><rect/></region>
<text>
<par/>
</text>
</block>
<block><region><rect/></region>
<text>
<par/>
</text>
</block>
<block><region><rect/></region>
<text>
<par>
<line>a» •</line></par>
</text>
</block>
<block><region><rect/></region>
<text>
<par>
<line>'\^X r'-</line></par>
<par>
<line>n^w/‘'«::rNâte^ V/L/b. .</line></par>
</text>
</block>
<block><region><rect/></region>
<text>
<par>
<line>±f.</line></par>
</text>
</block>
<block><region><rect/></region>
<text>
<par>
<line>PMmtrt d# Il MmiMi</line></par>
</text>
</block>
<block><region><rect/></region>
<text>
<par>
<line>m</line></par>
</text>
</block>
<block><region><rect/></region>
<text>
<par/>
</text>
</block>
<block><region><rect/></region>
<text>
<par>
<line>«</line></par>
</text>
</block>
<block><region><rect/></region>
<text>
<par>
<line>V &lt;•</line></par>
</text>
</block>
<block><region><rect/></region>
<text>
<par>
<line>daos.) (»09U</line></par>
</text>
</block>
<block><region><rect/></region>
<text>
<par/>
</text>
</block>
<block><region><rect/></region>
<text>
<par>
<line>Pièce n^5</line></par>
</text>
</block>
<block><region><rect/></region>
<text>
<par>
<line>INFO CONCEPT</line></par>
</text>
</block>
<block><region><rect/></region>
<text>
<par>
<line>Urbâ,H\^mc - S(6</line></par>
</text>
</block>
<block><region><rect/></region>
<text>
<par>
<line>V,</line></par>
</text>
</block>
<block><region><rect/></region>
<text>
<par>
<line>Info Concept</line></par>
</text>
</block>
<block><region><rect/></region>
<text>
<par>
<line>INFO CONCEPT</line></par>
<par>
<line>Pôle Urbanisme</line>
<line>132 rue Pierre Ciffre</line>
<line>66 000 PERPIGNAN</line>
<line>S : 04.68.08.il.00</line>
<line>0:04.68.08.11.01</line>
<line>O : icv.urba@wanadoo.fr</line></par>
</text>
</block>



























<block blockType="Picture" blockName="" l="34" t="34" r="295" b="1175"><region><rect/></region>
</block>
<block blockType="Picture" blockName="" l="768" t="274" r="1614" b="592"><region><rect/></region>
</block>
</page>
<page width="1684" height="1191" resolution="144">
<block><region><rect/></region>
<text>
<par>
<line>1. Les Orientations d’Aménagement</line></par>
</text>
</block>
<block><region><rect/></region>
<text>
<par>
<line>Il s’agit d’une partie obligatoire du PLU, pour les zones ouvertes</line>
<line>immédiatement à l'urbanisation L’article L. 123-1 précise en effet</line>
<line>que :</line></par>
<par>
<line>« Les PLU peuvent, en outre, comporter des orientations</line>
<line>d'aménagement relatives à des quartiers ou à des secteurs à</line>
<line>mettre en valeur, réhabiliter, restructurer ou aménager. Ces</line>
<line>orientations peuvent, en cohérence avec le projet</line>
<line>d'aménagement et de développement durable, prévoir les</line>
<line>actions et opérations d’aménagement à mettre en œuvre,</line>
<line>notamment pour :</line></par>
<par>
<line>• mettre en valeur l'environnement, les paysages, les entrées de</line>
<line>villes et le patrimoine,</line></par>
<par>
<line>• lutter contre l'insalubrité,</line></par>
<par>
<line>• permettre le renouvellement urbain.</line></par>
<par>
<line>• et assurer le développement de la commune.</line></par>
<par>
<line>Elles peuvent prendre la forme de schémas d'aménagement et</line>
<line>préciser les principales caractéristiques des voies et espaces</line>
<line>publics ».</line></par>
</text>
</block>
<block><region><rect/></region>
<text>
<par>
<line>2. L’opposabilité du PADD et des</line>
<line>Orientations d’aménagement</line></par>
<par>
<line>Le PADD n’est pas opposable aux permis de</line>
<line>construire. Les orientations d'aménagement et le</line>
<line>règlement du PLU doivent être cohérents avec lui.</line></par>
<par>
<line>Les orientations d’aménagement sont facultatives.</line>
<line>Quand elles sont formalisées, elles s’imposent aux</line>
<line>opérations de construction ou d’aménagement. Ces</line>
<line>opérations doivent être compatibles avec les</line>
<line>orientations d’aménagement. Toutes les opérations</line>
<line>d’aménagement doivent, en revanche, être conformes</line>
<line>avec le règlement et ses documents graphiques,</line>
<line>c’est-à-dire que leurs règles doivent être respectées</line>
<line>strictement.</line></par>
</text>
</block>
<block><region><rect/></region>
<text>
<par>
<line>Les Orientations d’Aménagement précisent tes conditions d’aménagements de certains secteurs qui vont connaître un</line>
<line>développement ou une restructuration particulière.</line></par>
<par>
<line>Elles imposent une compatibilité avec les futures opérations de constructions ou d’aménagements.</line></par>
</text>
</block>
<block><region><rect/></region>
<text>
<par>
<line>INFO CONCEPT</line></par>
</text>
</block>
</page>
<page width="1684" height="1191" resolution="144">
<block><region><rect/></region>
<text>
<par>
<line>Commune de Saint André Orientations d'aménagement</line></par>
<par>
<line>Les orientations particulières d’aménagements au niveau de la zone 1AU Camp de la</line>
<line>Basse</line></par>
</text>
</block>
<block><region><rect/></region>
<text>
<par>
<line>1 - Caractéristiques générales du secteur :</line></par>
<par>
<line>Ce secteur est situé en zone 1 AU au présent Plan Local d’Urbanisme.</line></par>
<par>
<line>La zone 1AU est une zone à urbaniser destinée à être ouverte à l’urbanisation lors d’une opération d'ensemble et affectée</line>
<line>principalement à de l’habitat.</line></par>
</text>
</block>
<block><region><rect/></region>
<text>
<par>
<line>2 - Principe général de fonctionnement de la zone Camp de la Basse</line></par>
<par>
<line>La zone à aménager doit s’intégrer au maillage territorial existant, et notamment celui dessiné par le développement bâti et viaire antérieur.</line></par>
<par>
<line>Cette zone profitera de la proximité immédiate de l’espace public paysager et ludique, qui joue aussi une fonction de rétention hydraulique.</line>
<line>Cet espace recevra des équipements de loisirs et comportera une liaison douce permettant de relier à termes les quartiers d’Est en Ouest</line>
<line>de façon sécurisée.</line></par>
<par>
<line>L’aménagement de cette zone 1AU, devra ;</line></par>
<par>
<line>respecter les trames bâties et paysagères existantes, tout en assurant une mixité urbaine et sociale ;</line>
<line>respecter les voies existantes et s’y raccorder,</line></par>
<par>
<line>- assurer un fonctionnement fluide pour l’ensemble des modes de déplacement ; les voies en impasses seront évitées,</line></par>
<par>
<line>- prévoir une transparence viaire avec la zone 2AU mitoyenne,</line></par>
<par>
<line>- prévoir la réalisation d’un mail paysager, qui pourra à terme être en relation directe avec l’espace public.</line></par>
<par>
<line>De plus cette zone devra prévoir une mixité des types d’habitats {semi collectif, individuel et individuel groupé) avec une majorité de</line>
<line>logements denses.</line></par>
<par>
<line>En outre dans cette zone 15% du nombre total de logement seront de type logement locatif social, et 10 % du nombre total de logement</line>
<line>seront de type location-accession.</line></par>
<par>
<line>Enfin dans le respect des orientations définies par le projet de SCOT, qui prévoit 29 logements à l’hectares, cette zone pourra accueillir</line>
<line>environ 80 à 100 logements dont environ au moins :</line></par>
<par>
<line>12 à 15 logements locatifs sociaux,</line></par>
<par>
<line>8 à 10 logements en location-accession.</line></par>
</text>
</block>








</page>
<page width="1697" height="1209" resolution="144">
<block><region><rect/><rect/></region>
<text>
<par>
<line>Vofes de fonctioftnemen</line>
<line>indicativd</line></par>
<par>
<line>Mail paysager: locallsatif</line></par>
<par>
<line>Probngement du ma&gt;l pi</line>
<line>pubHc: localisa^on indica</line>
<line>Cheminement doux: boi</line>
<line>village</line></par>
<par>
<line>Espace public paysager</line>
<line>Liaison piétonne exîstarr</line></par>
</text>
</block>
<block><region><rect/></region>
<text>
<par/>
</text>
</block>
<block><region><rect/></region>
<text>
<par/>
</text>
</block>
<block><region><rect/></region>
<text>
<par>
<line>24.9</line></par>
</text>
</block>
<block><region><rect/></region>
<text>
<par>
<line>ETS</line></par>
</text>
</block>
<block><region><rect/></region>
<text>
<par/>
</text>
</block>
<block><region><rect/></region>
<text>
<par>
<line>2AU</line></par>
</text>
</block>
<block><region><rect/></region>
<text>
<par>
<line>351</line></par>
</text>
</block>

















































































































<block blockType="Picture" blockName="" l="520" t="1050" r="569" b="1080"><region><rect/></region>
</block>
</page>
<page width="1684" height="1191" resolution="144">
<block><region><rect/></region>
<text>
<par>
<line>Les orientations particulières d’aménagements au niveau de ia zone 6AU</line></par>
</text>
</block>
<block><region><rect/></region>
<text>
<par>
<line>1 - Caractéristiques générales de la zone 6AU :</line></par>
<par>
<line>Ce secteur ;</line></par>
<par>
<line>- est localisé à l’Est du territoire communal, en limite avec la commune d’Argelès-sur-Mer. Il constitue le prolongement naturel du projet de territoire initié</line>
<line>lors de l’approbation du PLU (PADD) et s’inscrit dans la logique d’un développement économique.</line></par>
<par>
<line>- couvre une superficie de 3.08 hectares environ.</line></par>
<par>
<line>- est porté 6AU au présent Plan Local d’Urbanisme.</line></par>
<par>
<line>- est situé sur des secteurs majoritairement en friches, et était classé en zone 4AU (à vocation économique bloquée) dans le PLU.</line></par>
<par>
<line>- est facilement accessible et s’inscrit à la fois dans une logique spatiale (corridor d’activités économiques avec Argelès-sur-Mer) et fonctionnelle (logique</line>
<line>de fonctionnement viaire).</line></par>
<par>
<line>- est directement desservi par une voirie suffisante et sécuritaire depuis le tourne à gauche existant sur l’ancienne route nationale.</line></par>
<par>
<line>- n'est concerné par aucune mesure de protection de l’environnement.</line></par>
<par>
<line>- n’est concerné par aucune servitude d’utilité publique.</line></par>
<par>
<line>- évolue en dehors des risques.</line></par>
</text>
</block>
<block><region><rect/></region>
<text>
<par>
<line>: \ \</line></par>
</text>
</block>
<block><region><rect/><rect/><rect/></region>
<text>
<par/>
</text>
</block>
<block><region><rect/><rect/></region>
<text>
<par>
<line>_</line></par>
</text>
</block>
<block><region><rect/><rect/></region>
<text>
<par>
<line>I '</line></par>
<par>
<line>WnvfAlV//</line></par>
</text>
</block>
<block><region><rect/></region>
<text>
<par>
<line>i K,</line></par>
</text>
</block>
<block><region><rect/></region>
<text>
<par>
<line>rnc</line></par>
</text>
</block>
<block><region><rect/></region>
<text>
<par/>
</text>
</block>
<block><region><rect/></region>
<text>
<par>
<line>29</line></par>
</text>
</block>
<block><region><rect/></region>
<text>
<par/>
</text>
</block>
<block><region><rect/></region>
<text>
<par/>
</text>
</block>
<block><region><rect/></region>
<text>
<par>
<line>Gamp</line></par>
</text>
</block>
<block><region><rect/></region>
<text>
<par>
<line>aavül</line></par>
</text>
</block>
<block><region><rect/></region>
<text>
<par/>
</text>
</block>
<block><region><rect/></region>
<text>
<par/>
</text>
</block>
<block><region><rect/></region>
<text>
<par/>
</text>
</block>
<block><region><rect/></region>
<text>
<par/>
</text>
</block>
<block><region><rect/></region>
<text>
<par>
<line>'J?</line></par>
</text>
</block>
<block><region><rect/></region>
<text>
<par/>
</text>
</block>
<block><region><rect/></region>
<text>
<par>
<line>7</line></par>
</text>
</block>
<block><region><rect/></region>
<text>
<par/>
</text>
</block>
<block><region><rect/></region>
<text>
<par/>
</text>
</block>
<block><region><rect/></region>
<text>
<par>
<line>—w*</line></par>
</text>
</block>
<block><region><rect/></region>
<text>
<par>
<line>30/</line></par>
</text>
</block>
<block><region><rect/></region>
<text>
<par/>
</text>
</block>
<block><region><rect/></region>
<text>
<par/>
</text>
</block>
<block><region><rect/></region>
<text>
<par/>
</text>
</block>
<block><region><rect/><rect/><rect/><rect/><rect/><rect/></region>
<text>
<par>
<line>els*Càlomèn\'gz . ..,</line></par>
<par>
<line>J ■'! * '/î 7»</line></par>
<par>
<line>&gt;^. ?</line></par>
</text>
</block>
<block><region><rect/><rect/><rect/><rect/><rect/></region>
<text>
<par>
<line>AA/ - I -'ÎT?-</line>
<line>• • LifTwies communales</line></par>
<par>
<line>M Périmètre de îa Révision</line>
<line>Simplifiée i&gt;*1</line></par>
</text>
</block>
<block><region><rect/></region>
<text>
<par/>
</text>
</block>
<block><region><rect/></region>
<text>
<par>
<line>Giratoire en entrée de Ville</line>
<line>depuis la RD914</line></par>
</text>
</block>
<block><region><rect/></region>
<text>
<par>
<line>Aperçu IGN de la commune de Saint André localisant le secteur</line>
<line>porté 6AU au plan de zonage réglementaire du PLU.</line></par>
</text>
</block>









</page>
<page width="1684" height="1191" resolution="144">
<block><region><rect/></region>
<text>
<par>
<line>Commune de Saint André Orientations d’aménagement</line></par>
<par>
<line>Les orientations particuiières d’aménagements au niveau de la zone GAU</line></par>
</text>
</block>
<block><region><rect/></region>
<text>
<par>
<line>2 - Aménagements prévus dans le cadre de rurbanisation de la zone SAU :</line></par>
<par>
<line>a} Une desserte viaire dans la zone permettant de la desservir, celle-ci étant directement accessible depuis le tourne à gauche existant sur</line>
<line>l’ancienne route nationale et la vole communale bordant la limite Sud et Ouest de la zone. Rappelons que ce carrefour est indiqué par le Conseil</line>
<line>Général - Services Routes comme parfaitement adapté à la desserte du secteur en termes de sécurité et de capacité.</line></par>
<par>
<line>b) L’aménagement de connexions viaires et des voiries suffisamment dimensionnées (5 mètres de largeur minimum sans les cheminements</line>
<line>piétons).</line></par>
<par>
<line>cj La réalisation de cheminements doux à l'intérieur du site et en connexion avec les logiques de déplacements viaires existantes.</line></par>
<par>
<line>d) La réalisation d’ouvrages hydrauliques nécessaires à l’évacuation et la gestion des eaux pluviales (bassin de rétention, noues...),</line>
<line>compensant rimperméabilisation des sols liée aux opérations. Ces derniers pourront trouver place en tout ou partie au Nord du secteur dans</line>
<line>une dimension à la fois technique et paysagère.</line></par>
<par>
<line>e) La réalisation d’espaces verts et paysagers aux endroits stratégiques : entrée de ville, en interface à l’Est de la zone, en transition tout au</line>
<line>Nord de la zone, en entrée de la zone au Sud etc...</line></par>
<par>
<line>f) Des traitements verts et paysagers afin d’assurer la qualité de l’aménagement du secteur, notamment au niveau de l'entrée dans la zone.</line></par>
<par>
<line>g) Un secteur préférentiel identifié au Nord de la zone visant à promouvoir une qualité paysagère optimale en façade/vitrine. Sur ce</line>
<line>secteur, des dispositions particulières sont insérées dans l’article 11 (aspect extérieur des constructions) du règlement écrit de la</line>
<line>zone GAU, et sont à respecter.</line></par>
<par>
<line>h) Globalement il est attendu sur l’ensemble de la zone 6AU une qualité des futurs aménagements (espaces collectifs, voirie, constructions,</line>
<line>etc...), particulièrement importante sur toute la face Nord de la zone en vitrine depuis l’ancienne route nationale.</line></par>
<par>
<line>i) Il sera favorisé le traitement de l'espace de transition avec l'ancienne route nationale : espace paysager, aménagements qualitatifs, maintien</line>
<line>de certains boisements (sauf impératifs techniques, sanitaires...), rétention des eaux pluviales dans une dimension paysagère, mise en</line>
<line>valeur de la zone située en arrière plan.</line></par>
<par>
<line>j) Enfin rentrée de Ville depuis Argelès-sur&gt;Mer devra être qualitative, patrimoniale et identitaire.</line></par>
<par>
<line>k) L’entrée dans la zone devra être suffisante et qualitative.</line></par>
</text>
</block>


</page>
<page width="1684" height="1191" resolution="144">
<block><region><rect/></region>
<text>
<par>
<line>Commune de Saint André</line></par>
</text>
</block>
<block><region><rect/></region>
<text>
<par>
<line>Orientations d’aménagement</line></par>
</text>
</block>
<block><region><rect/></region>
<text>
<par>
<line>Aménagements prévus dans le cadre de rurbanisation de la zone GAU</line></par>
</text>
</block>
<block><region><rect/></region>
<text>
<par/>
</text>
</block>
<block><region><rect/></region>
<text>
<par>
<line>%</line></par>
</text>
</block>
<block><region><rect/></region>
<text>
<par/>
</text>
</block>
<block><region><rect/></region>
<text>
<par>
<line>ÜT</line></par>
</text>
</block>
<block><region><rect/></region>
<text>
<par/>
</text>
</block>
<block><region><rect/></region>
<text>
<par/>
</text>
</block>
<block><region><rect/></region>
<text>
<par>
<line>5^</line></par>
</text>
</block>
<block><region><rect/></region>
<text>
<par/>
</text>
</block>
<block><region><rect/></region>
<text>
<par/>
</text>
</block>
<block><region><rect/></region>
<text>
<par/>
</text>
</block>
<block><region><rect/></region>
<text>
<par/>
</text>
</block>
<block><region><rect/></region>
<text>
<par>
<line>ï-</line></par>
</text>
</block>
<block><region><rect/></region>
<text>
<par/>
</text>
</block>
<block><region><rect/></region>
<text>
<par/>
</text>
</block>
<block><region><rect/></region>
<text>
<par>
<line>Les projets doivent être</line>
<line>compatibles avec les</line>
<line>orientations</line>
<line>d’aménagement.</line></par>
<par>
<line>LEGENDE:</line></par>
</text>
</block>
<block><region><rect/></region>
<text>
<par>
<line># Secteur préférentiel au Nord de la zone visant à promouvoir une qualrt</line>
<line>paysagère optimale en façade, vitrine,disposition particulière dans ran</line>
<line>11 du règlement écrtt de la zone 6AU.</line></par>
<par>
<line>Activités économiques à venir : qualité atterKJue des futurs aménagemi</line></par>
</text>
</block>
<block><region><rect/></region>
<text>
<par>
<line>Vtoirie existante</line></par>
</text>
</block>
<block><region><rect/></region>
<text>
<par>
<line>Traitement delèspacede transition avec l'ancienne route nationale:</line>
<line>espace paysager, aménagements qualitatifs, maintien de certains</line>
<line>bois^nents {sa uf i mpératrfs techniques, san itaires..). rétention des eaux</line>
<line>pluviales dans une dimension paysagère, mise en valeur de la zone</line>
<line>située en am'ère plan.</line></par>
</text>
</block>
<block><region><rect/></region>
<text>
<par>
<line>/ni/i Traitement de ilnterface,arT&gt;ér&gt;39ements qualitatifs.</line></par>
</text>
</block>
<block><region><rect/></region>
<text>
<par>
<line>Entrée de ville qualrtative. patrimoniale et identitaire</line></par>
</text>
</block>
<block><region><rect/></region>
<text>
<par>
<line>Secteur repéré aux Orientations Particulières d’Aménagement :</line>
<line>dérogation particulières dans l’article 11 du règlement écrit de la zone 6AU</line>
<line>afm de favoriser une intégration paysagère et architecturale maximale en</line>
<line>vitrine/façade depuis l'ancienne route nationale.</line></par>
</text>
</block>
<block><region><rect/></region>
<text>
<par/>
</text>
</block>
<block><region><rect/></region>
<text>
<par>
<line>Entrée dans la zone (localisation indicative • prirtcipe obligatoire} : aménagem</line>
<line>qualitatifs en accord avec la qualité attendue dans la zone.</line></par>
</text>
</block>
<block><region><rect/></region>
<text>
<par>
<line>INFO CONCEPT</line></par>
</text>
</block>
<block><region><rect/></region>
<text>
<par>
<line>9</line></par>
</text>
</block>





</page>
</OAP>