<?xml version="1.0" encoding="UTF-8"?><OAP>
<page width="3508" height="2481" resolution="300">
<block><region><rect/></region>
<text>
<par>
<line>COMMUNE</line></par>
<par>
<line>DE</line></par>
<par>
<line>SAINTE-COLOMBE-</line></par>
<par>
<line>DE-LA-</line></par>
<par>
<line>COMMANDERIE</line></par>
</text>
</block>
<block><region><rect/></region>
<text>
<par>
<line>COLO:</line></par>
</text>
</block>
<block><region><rect/></region>
<text>
<par>
<line>TRIl</line></par>
</text>
</block>
<block><region><rect/></region>
<text>
<par/>
</text>
</block>
<block><region><rect/></region>
<text>
<par>
<line>!Kur.'vTAj:i5</line></par>
</text>
</block>
<block><region><rect/></region>
<text>
<par/>
</text>
</block>
<block><region><rect/></region>
<text>
<par/>
</text>
</block>
<block><region><rect/></region>
<text>
<par/>
</text>
</block>
<block><region><rect/></region>
<text>
<par/>
</text>
</block>
<block><region><rect/></region>
<text>
<par/>
</text>
</block>
<block><region><rect/></region>
<text>
<par/>
</text>
</block>
<block><region><rect/></region>
<text>
<par>
<line>»?</line></par>
</text>
</block>
<block><region><rect/></region>
<text>
<par/>
</text>
</block>
<block><region><rect/></region>
<text>
<par/>
</text>
</block>
<block><region><rect/></region>
<text>
<par>
<line>0</line></par>
</text>
</block>
<block><region><rect/></region>
<text>
<par>
<line>ta</line></par>
</text>
</block>
<block><region><rect/></region>
<text>
<par>
<line>ck:</line></par>
</text>
</block>
<block><region><rect/></region>
<text>
<par/>
</text>
</block>
<block><region><rect/></region>
<text>
<par>
<line>0=3</line></par>
</text>
</block>
<block><region><rect/></region>
<text>
<par>
<line>C3</line></par>
</text>
</block>
<block><region><rect/></region>
<text>
<par>
<line>C=l</line></par>
</text>
</block>
<block><region><rect/></region>
<text>
<par>
<line>a</line></par>
</text>
</block>
<block><region><rect/></region>
<text>
<par>
<line>e=i</line></par>
</text>
</block>
<block><region><rect/></region>
<text>
<par>
<line>C3</line></par>
</text>
</block>
<block><region><rect/></region>
<text>
<par>
<line>en?</line></par>
</text>
</block>
<block><region><rect/></region>
<text>
<par/>
</text>
</block>
<block><region><rect/></region>
<text>
<par/>
</text>
</block>
<block><region><rect/></region>
<text>
<par>
<line>-t0^</line></par>
</text>
</block>
<block><region><rect/></region>
<text>
<par>
<line>:«=b</line></par>
</text>
</block>
<block><region><rect/></region>
<text>
<par>
<line>Plan Local d'UrbanIsme</line></par>
<par>
<line>ORIENTATIONS D'AMENAGEMENT ET DE</line></par>
<par>
<line>PROGRAMMATION</line></par>
</text>
</block>
<block><region><rect/></region>
<text>
<par>
<line>fiincA^</line></par>
<par>
<line>I AGENCE D'URBANISME CATALANE Urbanisme/ Environnement</line></par>
</text>
</block>
<block><region><rect/></region>
<text>
<par>
<line>PLU approuvé le 05 octobre 2017</line></par>
</text>
</block>













<block blockType="Picture" blockName="" l="1850" t="605" r="1899" b="749"><region><rect/></region>
</block>
</page>
<page width="3508" height="2479" resolution="300">
</page>
<page width="3508" height="2479" resolution="300">
<block><region><rect/></region>
<text>
<par>
<line>SOMMAIRE</line></par>
<par>
<line>1 PREAMBULE.5</line></par>
<par>
<line>2 PRINCIPES GENERAUX D'AMENAGEMENT.7</line></par>
<par>
<line>2.1 INTEGRATION PAYSAGERE - CONNEXIONS URBAINES ET FRANGES NATURELLES.7</line></par>
<par>
<line>2.1.1 INTEGRATION PAYSAGERE.7</line></par>
<par>
<line>2.1.2 LE TRAITEMENT DES LIMITES D'URBANISATION ENTRE ESPACES URBANISES ET ESPACES NATURELS.7</line></par>
<par>
<line>2.1.3 PRINCIPE DE DESSERE : HIERARCHIE DU RESEAU, CONNEXIONS AVEC L'EXISTANT ET ANTICIPATIONS DU DEVELOPPEMENT FUTUR.8</line></par>
<par>
<line>2.2 FORMES URBAINES - MIXITE ET DIVERSITE DE L'HABITAT.10</line></par>
<par>
<line>2.2.1 MIXER LES TYPOLOGIES.10</line></par>
<par>
<line>2.2.2 IMPLANTATION DES CONSTRUCTIONS SUR LES PARCELLES.11</line></par>
<par>
<line>2.2.3 IMPLANTATION EN FONCTION DU CLIMAT.12</line></par>
<par>
<line>2.3 ESPACES PUBLICS.12</line></par>
<par>
<line>2.3.1 VOIE PIETONNE.12</line></par>
<par>
<line>2.3.2 LE CHOIX DU MOBILIER ET DES MATERIAUX.13</line></par>
<par>
<line>2.3.3 LES ESPACES DE STATIONNEMENT.13</line></par>
<par>
<line>2.3.4 LE TRAITEMENT DES LIMITES ENTRE ESPACES PUBLICS ET ESPACES PRIVES.13</line></par>
<par>
<line>2.3.5 ESPACES COMMUNS / ESPACES DE RESPIRATION :.14</line></par>
<par>
<line>2.3.6 L'ACCESSIBILITE POUR TOUS.14</line></par>
<par>
<line>2.4 GESTION DES EAUX PLUVIALES.14</line></par>
<par>
<line>3 SECTEURS FAISANT L'OBJET D'UNE ORIENTATION D'AMENAGEMENT ET DE PROGRAMMATION.15</line></par>
<par>
<line>3.1 SECTEUR N°1.16</line></par>
<par>
<line>3.2 SECTEUR N°2.21</line></par>
<par>
<line>113</line></par>
</text>
</block>





















</page>
<page width="3508" height="2479" resolution="300">
<block><region><rect/></region>
<text>
<par>
<line>//4</line></par>
</text>
</block>
</page>
<page width="3508" height="2479" resolution="300">
<block><region><rect/></region>
<text>
<par>
<line>1 PREAMBULE</line></par>
</text>
</block>
<block><region><rect/></region>
<text>
<par>
<line>• Pièce obligatoire du dossier de PLU, les orientations d'aménagement exposent la manière dont la commune souhaite mettre en valeur, réhabiliter</line>
<line>restructurer ou aménager certains quartiers ou secteurs de son territoire. Elles sont en cohérence avec le PADD et sont opposables aux autorisations</line>
<line>d'occupations du sol dans une relation de compatibilité.</line></par>
<par>
<line>Les Orientations d'Aménagement et de Programmation (ORIENTATIONS D'AMÉNAGEMENT ET DE PROGRAMMATION) permettent de préciser les</line>
<line>conditions d'aménagement de certains secteurs qui vont connaitre un développement ou une restructuration particulière.</line></par>
<par>
<line>Elles concernent les zones d'urbanisation futures (AU) mais aussi des secteurs plus sensibles situés en zone urbanisée (U).</line></par>
<par>
<line>Les orientations d'aménagement présentent des principes d'aménagement et n'ont donc pas pour vocation de positionner précisément les éléments</line>
<line>(exemples : voiries) à aménager, mais simplement à indiquer des principes de liaison ou d'implantations qui devront être obligatoirement respectés</line>
<line>dans le cadre de l'aménagement des zones « à urbaniser.</line></par>
<par>
<line>• Elles sont définies au Code de l'Urbanisme par les articles L.151-6 et L.151-7</line></par>
<par>
<line>- « Les orientations d'aménagement et de programmation comprennent, en cohérence avec le projet d'aménagement et de développement</line>
<line>durables, des dispositions portant sur l'aménagement, l'habitat, les transports et les déplacements. En l'absence de schéma de cohérence</line>
<line>territoriale, les orientations d'aménagement et de programmation d'un plan local d'urbanisme élaboré par un établissement public de</line>
<line>coopération intercommunale comprennent les dispositions relatives à l'équipement commercial et artisanal mentionnées aux articles L. 141-16 et</line>
<line>L. 141-17. »</line></par>
<par>
<line>- Les orientations d'aménagement et de programmation peuvent notamment :</line></par>
<par>
<line>1° Définir les actions et opérations nécessaires pour mettre en valeur l'environnement, notamment les continuités écologiques, les paysages,</line>
<line>les entrées de villes et le patrimoine, lutter contre l'insalubrité, permettre le renouvellement urbain et assurer le développement de la</line>
<line>commune ;</line></par>
<par>
<line>2° Favoriser la mixité fonctionnelle en prévoyant qu'en cas de réalisation d'opérations d'aménagement, de construction ou de réhabilitation</line>
<line>un pourcentage de ces opérations est destiné à la réalisation de commerces ;</line></par>
<par>
<line>3° Comporter un échéancier prévisionnel de l'ouverture à l'urbanisation des zones à urbaniser et de la réalisation des équipements</line>
<line>correspondants ;</line></par>
<par>
<line>4° Porter sur des quartiers ou des secteurs à mettre en valeur, réhabiliter, restructurer ou aménager ;</line></par>
<par>
<line>5° Prendre la forme de schémas d'aménagement et préciser les principales caractéristiques des voies et espaces publics ;</line></par>
</text>
</block>
<block><region><rect/></region>
<text>
<par>
<line>// 5</line></par>
</text>
</block>

</page>
<page width="3508" height="2479" resolution="300">
<block><region><rect/></region>
<text>
<par>
<line>6° Adapter la délimitation des périmètres, en fonction de la qualité de la desserte, où s'applique le plafonnement à proximité des transports</line>
<line>prévu aux articles L. 151-35 et L. 151-36. »</line></par>
<par>
<line>• En ce qui concerne l'habitat, dans le cas des Plans Locaux d'Urbanisme tenant lieu de Programme Local de l'Habitat, ces orientations précisent les</line></par>
<par>
<line>actions et opérations d'aménagement visant à poursuivre les objectifs énoncés à l'article L. 302-1 du code de la construction et de l'habitation.</line></par>
<par>
<line>• En ce qui concerne les transports et les déplacements, dans le cas des plans tenant lieu de Plan de Déplacements Urbains, elles précisent les actions</line></par>
<par>
<line>et opérations d'aménagement visant à poursuivre les principes et les objectifs énoncés aux articles L. 1214-1 et L. 1214-2 du code des transports.</line></par>
<par>
<line>• « Le règlement et ses documents graphiques sont opposables à toute personne publique ou privée pour l'exécution de tous travaux, constructions,</line></par>
<par>
<line>plantations, affouillements ou exhaussements des sols, pour la création de lotissements et l'ouverture des installations classées appartenant aux</line></par>
<par>
<line>catégories déterminées dans le plan.</line></par>
<par>
<line>Ces travaux ou opérations doivent en outre être compatibles, lorsqu'elles existent, avec les orientations d'aménagement mentionnées à l'article L.</line>
<line>123-1-4 et avec leurs documents graphiques. »</line></par>
<par>
<line>• Comme le précise l'article R 123-6, en Zone à urbaniser, « lorsque les voies publiques et les réseaux d'eau, d'électricité et, le cas échéant,</line>
<line>d'assainissement existant à la périphérie immédiate d'une zone AU ont une capacité suffisante pour desservir les constructions à implanter dans</line>
<line>l'ensemble de cette zone, les orientations d'aménagement et le règlement définissent les conditions d'aménagement et d'équipement de la zone. Les</line>
<line>constructions y sont autorisées soit lors de la réalisation d'une opération d'aménagement d'ensemble, soit au fur et à mesure de la réalisation des</line>
<line>équipements internes à la zone prévus par les orientations d'aménagement et le règlement ».</line></par>
</text>
</block>
<block><region><rect/></region>
<text>
<par>
<line>// 6</line></par>
</text>
</block>
</page>
<page width="3508" height="2479" resolution="300">
<block><region><rect/></region>
<text>
<par>
<line>2 PRINCIPES GENERAUX D'AMENAGEMENT</line></par>
</text>
</block>
<block><region><rect/></region>
<text>
<par>
<line>L'acte de construire est un acte fort. Les choix faits lors de l'élaboration des projets ont des conséquences multiples, complexes et durables (modes de vie des</line>
<line>habitants, paysages, coûts d'équipements pesant sur la collectivité et sur le contribuable^).</line></par>
<par>
<line>Les concepteurs des projets trouveront ci-dessous certains principes ou éléments de réflexion afin de les aider à concevoir des aménagements durables et</line>
<line>agréables à vivre.</line></par>
<par>
<line>2.1 INTEGRATION PAYSAGERE - CONNEXIONS URBAINES ET FRANGES NATURELLES</line></par>
<par>
<line>2.1.1 INTEGRATION PAYSAGERE</line></par>
<par>
<line>L'intégration paysagère permet notamment de garantir le respect du site et la cohérence du projet avec son environnement. Elle passe par la prise en</line>
<line>compte :</line></par>
<par>
<line>- des éléments identitaires existants pour les intégrer dans le projet d'aménagement : histoire du lieu, végétation existante (haie d'arbres, bosquets,</line>
<line>arbres isolés^), murets, amas rocheux, anciennes terrasses agricoles^</line></par>
<par>
<line>- du cadre végétal naturel pour faciliter l'intégration des constructions dans le paysage</line></par>
<par>
<line>- du paysage environnant pour construire des projets en lien avec ce qui se passe hors du site : ne pas construire de quartiers fermés sur eux-mêmes,</line>
<line>orienter les façades vers le grand paysage quand cela est possible^</line></par>
<par>
<line>A l'échelle du site, la trame végétale dans le projet « urbain » a de nombreux rôles. Elle est le trait d'union entre les secteurs urbanisés et les zones naturelles</line>
<line>ou agricoles, elle joue également un rôle dans le maintien de la biodiversité. Elle peut aussi permettre d'améliorer la qualité de l'air (capture du CO2) mais</line>
<line>aussi de protéger du vent, du soleil ou agrémenter les voies de circulations et les espaces de rencontre (places, parcs^)</line></par>
</text>
</block>
<block><region><rect/></region>
<text>
<par>
<line>2.1.2LE TRAITEMENT DES LIMITES D'URBANISATION ENTRE ESPACES URBANISES ET ESPACES NATURELS</line></par>
<par>
<line>Le traitement (clôtures et végétalisation des parcelles) des limites entre espaces naturels et bâtis peut se gérer différemment selon les situations :</line></par>
<par>
<line>- urbanisation en limite d'espace « ouvert » (prairie ou espace cultivé) : on pourra privilégier la matérialisation de la limite d'urbanisation par une haie</line>
<line>basse pour conserver les vues vers le grand paysage</line></par>
<par>
<line>- urbanisation en limite de prairie avec lisière boisée en second plan : on pourra jouer sur l'horizontalité d'une haie pour mettre en valeur la masse</line>
<line>boisée (contraste avec la verticalité du bois)</line></par>
<par>
<line>- urbanisation en limite de bois ou de forêt : on pourra faire faire en sorte que la construction ait l'air d'avoir été bâtie dans les bois, ce qui conforte la</line>
<line>masse boisée existante</line></par>
</text>
</block>
<block><region><rect/></region>
<text>
<par>
<line>// 7</line></par>
</text>
</block>




</page>
<page width="3508" height="2479" resolution="300">
<block><region><rect/></region>
<text>
<par>
<line>- urbanisation entre deux espaces ouverts : l'enjeu est de maintenir une ouverture vers le « grand paysage » depuis l'espace public en laissant la vue</line>
<line>passer entre deux bâtiments (clôtures transparentes, décalage de masses constructibles^)</line></par>
<par>
<line>- dessertes en limite d'urbanisation ou en limite d'un cœur d'ilot vert : il s'agit de maintenir une ouverture vers le « grand paysage » depuis l'espace</line></par>
<par>
<line>public, en l'occurrence une voie au bout/le long de laquelle il n'y a pas de construction</line></par>
<par>
<line>On peut également traiter la fin de l'urbanisation par une limite franche pour cacher les constructions dans le paysage (perspectives à partir des zones</line></par>
<par>
<line>naturelles) ou pour ne plus empiéter sur les terres agricoles : une haie ou un chemin existants ou à créer.</line></par>
</text>
</block>
<block><region><rect/></region>
<text>
<par>
<line>2.1.3PRINCIPE DE DESSERE : HIERARCHIE DU RESEAU, CONNEXIONS AVEC L'EXISTANT ET ANTICIPATIONS DU DEVELOPPEMENT FUTUR</line></par>
<par>
<line>Chaque nouveau quartier doit être greffé de la manière la plus intime possible aux réseaux qui l'entourent (voies voitures, cycles, piétons, passage de bus,</line>
<line>arrêts de bus).</line></par>
<par>
<line>Il s'agit :</line></par>
<par>
<line>- D'établir des liens avec les équipements, services et commerces de proximité</line></par>
<par>
<line>- D'éviter les impasses et les « raquettes de retournement » qui empêchent les communications entre les différents espaces</line></par>
<par>
<line>- D'anticiper le développement futur en positionnant des voies en attente aux lieux de potentiel développement</line></par>
<par>
<line>- De ne pas limiter l'accès aux quartiers à une seule entrée</line></par>
<par>
<line>- De créer un véritable réseau de voies piétonnes qui relie les constructions entre elles et aux espaces forts du quartier et des quartiers voisins.</line></par>
</text>
</block>
<block><region><rect/></region>
<text>
<par>
<line>// 8</line></par>
</text>
</block>

</page>
<page width="7027" height="4973" resolution="600">
<block><region><rect/></region>
<text orientation="RotatedCounterclockwise">
<par/>
</text>
</block>
<block><region><rect/></region>
<text>
<par>
<line>Les voies créées doivent être hiérarchisées et conçues pour répondre aux usages souhaités:</line></par>
<par>
<line>- voies principales, secondaires, tertiaires</line></par>
<par>
<line>- nombre de logements et donc d'habitants à desservir</line></par>
<par>
<line>- place accordée à la voiture par rapport aux cheminements doux</line></par>
<par>
<line>- place accordée aux transports en commun</line></par>
</text>
</block>
<block><region><rect/></region>
<text>
<par>
<line>(*&gt;</line></par>
</text>
</block>
<block><region><rect/></region>
<text>
<par/>
</text>
</block>
<block><region><rect/></region>
<text>
<par>
<line>2</line></par>
</text>
</block>
<block><region><rect/></region>
<text>
<par>
<line>:n</line></par>
</text>
</block>
<block><region><rect/></region>
<text>
<par>
<line>Voirie primaire</line></par>
</text>
</block>
<block><region><rect/></region>
<text>
<par>
<line>Voirie secondaire</line></par>
</text>
</block>
<block><region><rect/></region>
<text>
<par>
<line>Voirie tertiaire</line></par>
</text>
</block>
<block><region><rect/></region>
<text>
<par>
<line>// 9</line></par>
</text>
</block>



<block blockType="Picture" blockName="" l="4830" t="1626" r="5164" b="1722"><region><rect/></region>
</block>
<block blockType="Picture" blockName="" l="1682" t="1780" r="1916" b="1920"><region><rect/></region>
</block>
</page>
<page width="3508" height="2479" resolution="300">
<block><region><rect/></region>
<text>
<par>
<line>2.2 FORMES URBAINES - MIXITE ET DIVERSITE DE L'HABITAT</line></par>
</text>
</block>
<block><region><rect/></region>
<text>
<par>
<line>2.2.1 MIXER LES TYPOLOGIES</line></par>
<par>
<line>En variant les rapports entre espaces publics (rues, chemins, places...) et espaces privés (parcelles), en rythmant les constructions et les alignements des</line>
<line>façades, en dessinant des terrains de tailles et de formes variées (liées à la configuration du projet et au type de logements recherché), il devient possible de</line>
<line>générer une mixité architecturale et sociale dans le quartier.</line></par>
</text>
</block>
<block><region><rect/></region>
<text>
<par>
<line>La mixité au sein du quartier, c'est :</line></par>
<par>
<line>0 la cohabitation, dans un même site, de parcelles de tailles diverses qui</line>
<line>accueilleront différentes typologies de logements :</line></par>
<par>
<line>- habitat collectif, de taille plus ou moins importante</line></par>
<par>
<line>- habitat semi collectif (dit « habitat » intermédiaire »)</line></par>
<par>
<line>- habitat individuel groupé (mitoyen, semi-mitoyen)</line></par>
<par>
<line>- habitat individuel en lots libres</line></par>
<par>
<line>0 le mélange des populations de manière réfléchie et permettant</line>
<line>l'équilibre d'une commune en matière de diversité d'habitants.</line></par>
<par>
<line>0 le choix de l'implantation d'un bâti diversifié aux densités variables :</line></par>
<par>
<line>- un bâti plus dense (correspondant à du collectif ou à de l'individuel groupé</line>
<line>en mitoyenneté) sur une partie d'un lotissement peut permettre d'affirmer</line>
<line>une centralité (un cœur de quartier), et pourquoi pas, d'apporter sur le même</line>
<line>site équipements ou espaces publics, qui viendront conforter ce centre.</line></par>
<par>
<line>- un bâti moins dense (correspondant à de l'individuel pur ou mitoyen)</line>
<line>permet de conserver une trame de jardins qui aère le quartier tout en</line>
<line>maintenant et confortant la biodiversité.</line></par>
<par>
<line>0 l'intégration, au milieu même du tissu d'habitat, de commerces,</line>
<line>services, professions libérales, administrations, petit artisanat, activités</line>
<line>associatives et culturelles,...</line></par>
</text>
</block>
<block><region><rect/><rect/></region>
<text>
<par>
<line>Logements collectifs /</line>
<line>Equipements / Commerces</line></par>
</text>
</block>
<block><region><rect/></region>
<text>
<par>
<line>Maison isolée</line></par>
</text>
</block>
<block><region><rect/></region>
<text>
<par/>
</text>
</block>
<block><region><rect/><rect/></region>
<text>
<par>
<line>Logements</line></par>
<par>
<line>intermédiaires</line></par>
</text>
</block>
<block><region><rect/></region>
<text>
<par>
<line>Maisons jumelées</line></par>
</text>
</block>
<block><region><rect/></region>
<text>
<par>
<line>Varier les typologies de logement au sein d’un même îlot</line></par>
</text>
</block>
<block><region><rect/></region>
<text>
<par>
<line>// 10</line></par>
</text>
</block>


</page>
<page width="3169" height="2240" resolution="271">
<block><region><rect/></region>
<text>
<par>
<line>2.2.2 IMPLANTATION DES CONSTRUCTIONS SUR LES PARCELLES</line></par>
</text>
</block>
<block><region><rect/></region>
<text>
<par>
<line>La préservation de l'intimité : alternative à la maison individuelle implantée au milieu de la parcelle</line></par>
<par>
<line>La maison implantée en milieu de parcelle impose bien souvent la réalisation de murs de clôtures élevés et couteux pour préserver l'intimité des habitants. En</line>
<line>proposant des implantations différentes des masses constructibles (alignement sur rue ou sur limite séparative), il est possible de créer plus naturellement</line>
<line>des espaces intimes sur les parcelles. La transition espace public / espace privé peut également se faire par un système de cours ou de patios, lieux</line>
<line>intermédiaires entre la maison et la rue.</line></par>
<par>
<line>L'implantation des constructions joue un rôle important dans la perception depuis l'espace public et participe largement à la qualité du projet.</line></par>
<par>
<line>Il s'agit de jouer sur l'alignement des constructions en utilisant les continuités et les discontinuités bâties en fonction des caractéristiques du terrain et de</line>
<line>l'image souhaitée du quartier.</line></par>
<par>
<line>L'implantation des constructions sur leurs parcelles peut se faire de manière :</line></par>
<par>
<line>- continue (en mitoyenneté),</line></par>
<par>
<line>- semi-continue (en semi-mitoyenneté)</line></par>
<par>
<line>- ou en ordre discontinu (sans aucune mitoyenneté).</line></par>
</text>
</block>
<block><region><rect/></region>
<text>
<par>
<line>lardinpntfattf</line></par>
</text>
</block>
<block><region><rect/></region>
<text>
<par>
<line>«annexe</line></par>
</text>
</block>
<block><region><rect/></region>
<text>
<par>
<line>ou box</line></par>
</text>
</block>
<block><region><rect/></region>
<text>
<par>
<line>Maison implantée en ordre discontinu</line>
<line>(Aucune mitoyenneté)</line></par>
</text>
</block>
<block><region><rect/></region>
<text>
<par>
<line>Maisons implantées de manière semi continue</line>
<line>(Jumelées ou jumelées par les annexes)</line></par>
</text>
</block>
<block><region><rect/></region>
<text>
<par>
<line>Maison implantées de manières continues</line>
<line>(Mitoyennes)</line></par>
</text>
</block>
<block><region><rect/></region>
<text>
<par>
<line>// 11</line></par>
</text>
</block>

</page>
<page width="3508" height="2479" resolution="300">
<block><region><rect/></region>
<text>
<par>
<line>Il est également possible de varier le retrait des constructions par rapport aux voies :</line></par>
<par>
<line>- soit en implantant l'habitation en recul par rapport à la voie, ce qui peut permettre de définir un espace de stationnement ou un espace de transition</line>
<line>entre espace public et espace privé</line></par>
<par>
<line>- soit en implantant l'habitation à l'alignement de la voie, ce qui a l'avantage, sur une petite parcelle, de dégager un maximum de surface pour le jardin.</line></par>
</text>
</block>
<block><region><rect/></region>
<text>
<par>
<line>2.2.3IMPLANTATION EN FONCTION DU CLIMAT</line></par>
<par>
<line>Afin de se protéger des excès du climat (se protéger au mieux des vents froids et maximiser les apports solaires) et de réduire la facture énergétique, les</line>
<line>Orientations d'Aménagement et de Programmation peuvent favoriser une orientation et une implantation des constructions en fonction de la course du</line>
<line>soleil, des effets de masque (végétation, constructions existantes, reliefs), des vents dominants :</line></par>
<par>
<line>- Afin de limiter les ombres portées des bâtiments entre eux, il peut être utile de fixer des distances par rapport aux limites séparatives.</line></par>
<par>
<line>- Pour favoriser l'ensoleillement des étages bas des constructions, une hauteur maximale en fonction de l'orientation des voies et de la largeur de</line>
<line>celles-ci peut être imposée.</line></par>
</text>
</block>
<block><region><rect/></region>
<text>
<par>
<line>2.3 ESPACES PUBLICS</line></par>
<par>
<line>La voirie et les espaces publics constituent la base sur laquelle s'appuiera la trame bâtie. Une composition de qualité permet de créer un cadre de vie agréable</line>
<line>qui facilite l'animation du quartier. Malgré la mise en place de règles architecturales, les maisons peuvent présenter des façades disparates, les espaces</line>
<line>publics constituent bien souvent l'unité de l'aménagement. Ils ne doivent pas être les délaissés de l'aménagement mais être leur support, leur base.</line></par>
<par>
<line>Le traitement des limites est un élément essentiel de la composition et de la perception des lotissements. C'est la qualité des limites entre l'espace public et</line>
<line>les espaces privés qui détermine en partie l'ambiance du quartier. Une réelle relation doit alors s'instaurer entre espaces publics et espaces privés par</line>
<line>l'intermédiaire des limites, celles-ci n'étant plus des coupures mais des passerelles entre des espaces à vocations différentes.</line></par>
<par>
<line>L'interface entre la route et l'espace privé réalise la transition entre l'espace public et l'espace privé. Bien souvent cet espace concentre le stationnement et</line>
<line>les trottoirs. Un agencement réfléchi et une matérialisation par des matériaux appropriés rendent possible la cohabitation entre le piéton et la voiture.</line></par>
</text>
</block>
<block><region><rect/></region>
<text>
<par>
<line>2.3.1 VOIE PIETONNE</line></par>
<par>
<line>Les voies piétonnes relient les habitations entre elles en créant des raccourcis jusqu'aux éléments forts du quartier. Le piéton s'y sent en sécurité du fait de</line>
<line>l'absence de véhicule. Outre leur fonction de déplacement ce sont aussi des espaces de convivialité qui se transforment aisément en place de jeux pour les</line>
<line>enfants ou lieux de rencontres.</line></par>
</text>
</block>
<block><region><rect/></region>
<text>
<par>
<line>// 12</line></par>
</text>
</block>



</page>
<page width="3508" height="2479" resolution="300">
<block><region><rect/></region>
<text>
<par>
<line>2.3.2 LE CHOIX DU MOBILIER ET DES MATERIAUX</line></par>
</text>
</block>
<block><region><rect/></region>
<text>
<par>
<line>L'éclairage public, les bancs, les poubelles, la signalétique^ Le mobilier urbain qualifie dans une certaine mesure les espaces et participe à l'identité du</line>
<line>quartier.</line></par>
<par>
<line>Le revêtement au sol peut aussi permettre de différencier les usages des différents espaces. Les revêtements et le mobilier constituent le trait d'union entre</line>
<line>l'espace public et l'espace privée. Ils contribuent à harmoniser l'espace et à le rendre fonctionnel.</line></par>
</text>
</block>
<block><region><rect/></region>
<text>
<par>
<line>2.3.3LES ESPACES DE STATIONNEMENT</line></par>
<par>
<line>Pour répondre aux besoins de stationnement, notamment des visiteurs, plusieurs alternatives existent. Il peut s'agir d'aménagements simples qui ne gênent ni</line>
<line>la circulation, ni les piétons : le stationnement peut être regroupé sur certains espaces ou fragmenté le long des voies. Dans la mesure du possible, il est</line>
<line>souhaitable de végétaliser les places de stationnement afin de trouver un équilibre entre végétal et minéral. Le stationnement peut se faire aussi sur des</line>
<line>surfaces plus ou moins imperméables afin de réduire le ruissellement des eaux de pluie. Le traitement des surfaces de parking est donc aussi une alternative à</line>
<line>la gestion des eaux pluviales.</line></par>
</text>
</block>
<block><region><rect/></region>
<text>
<par>
<line>2.3.4LE TRAITEMENT DES LIMITES ENTRE ESPACES PUBLICS ET ESPACES PRIVES</line></par>
<par>
<line>L'ambiance d'un quartier est déterminée par la relation existante entre l'espace privé et l'espace public constitué par la rue.</line></par>
<par>
<line>Trop souvent, l'espace privé est fermé, créant un mur, végétal ou non, entre la rue et le piéton qui utilise les trottoirs. Des constructions plus proches de la</line>
<line>voirie, avec un jardin de devant visible et un jardin intime plus spacieux sur l'arrière de la parcelle permet un meilleur traitement des limites entre les espaces</line>
<line>à vocation différentes.</line></par>
</text>
</block>
<block><region><rect/></region>
<text>
<par>
<line>Le traitement des espaces publics du village de Sainte Colombe est</line>
<line>remarquablement soigné et cohérent :</line></par>
<par>
<line>• Les matériaux et le mobilier urbain sont homogènes, sobres et de</line>
<line>bonne qualité (pierre de Sainte Colombe, cayrous, granulats</line>
<line>locaux et ferronnerie)</line></par>
<par>
<line>• La végétalisation des espaces est importante et réalisée à l'aide</line>
<line>de plantations variées d'essences locales (pin parasol, agaves,</line>
<line>cyprès, amandiers, figuiers, oliviers^)</line></par>
</text>
</block>
<block><region><rect/></region>
<text>
<par/>
</text>
</block>
<block><region><rect/></region>
<text>
<par>
<line>// 13</line></par>
</text>
</block>






<block blockType="Picture" blockName="" l="1768" t="1602" r="3211" b="2133"><region><rect/></region>
</block>
</page>
<page width="3508" height="2479" resolution="300">
<block><region><rect/></region>
<text>
<par>
<line>• Les entrées du centre ou de quartiers sont mises en valeur par</line>
<line>des murets et ferronneries qui les mettent en valeur</line>
<line>discrètement</line></par>
<par>
<line>L'identité visuelle des espaces publics est un marqueur fort de l'image du village. Ses principes doivent donc être repris pour la réalisation des espaces publics</line>
<line>des nouvelles zones à urbaniser afin de permettre une intégration maximale des nouveaux quartiers et de maintenir la qualité du cadre de vie des habitants.</line></par>
<par>
<line>2.3.5 ESPACES COMMUNS / ESPACES DE RESPIRATION :</line></par>
<par>
<line>Afin de rendre le quartier convivial et vivant, il peut être opportun d'y créer des espaces de rencontre. Idéalement de tels espaces doivent être accessibles à</line>
<line>pied. Ils peuvent prendre la forme de parc, d'aires de jeux, d'espaces multi-sports, de place ou placette aménagées couplées ou non à du stationnement.</line></par>
<par>
<line>2.3.6 L'ACCESSIBILITE POUR TOUS</line></par>
<par>
<line>Les projets d'aménagement doivent être conçus de manière à être accessibles à tous. En effet, les aménagements publics doivent prendre en compte les</line>
<line>principaux handicaps : moteur, auditif, visuel et mental.</line></par>
<par>
<line>Au-delà des personnes atteintes d'un handicap, il conviendrait également de prendre en compte : les enfants, certaines personnes âgées, les touristes et les</line>
<line>personnes ayant des difficultés pour comprendre l'écrit.</line></par>
</text>
</block>
<block><region><rect/></region>
<text>
<par>
<line>2.4 GESTION DES EAUX PLUVIALES</line></par>
<par>
<line>La gestion du pluvial conditionne les extensions urbaines prévues tout comme l'accès à la ressource en eau potable ou encore la capacité de traitement des</line>
<line>eaux usées des stations d'épuration.</line></par>
<par>
<line>Par le passé, elle a bien souvent été ignorée. Les eaux de pluie pouvaient être rejetées dans le réseau d'assainissement, ou encore dans des canaux dont la</line>
<line>principale fonction était l'irrigation et non l'écoulement des eaux de pluie. Ces pratiques ont conduit à des problématiques importantes constatées</line>
<line>aujourd'hui (dysfonctionnement des réseaux d'assainissement, inondations^). Les eaux pluviales doivent donc être gérées conformément à la réglementation</line>
<line>en vigueur. Dans certains cas les solutions de rejets existantes peuvent être jugées insuffisantes et donner lieu à des interdictions de rejet supplémentaire des</line>
<line>eaux de pluie dans le milieu.</line></par>
<par>
<line>Des solutions alternatives de gestion des eaux (infiltration, rétention) doivent alors être trouvées pour compenser l'imperméabilisation générée par les projets</line>
<line>d'aménagement. Plusieurs solutions sont envisageables :</line></par>
<par>
<line>- la gestion des eaux pluviales par opération d'aménagement : du classique bassin de rétention clôturé aux solutions plus écologiques et plus</line>
<line>acceptables sur le plan paysager : caniveaux paysagers, noues paysagères, fossés enherbés à ciel ouvert, traitement du pluvial à la parcelle, toitures</line>
<line>végétalisées, bassins paysagers^</line></par>
<par>
<line>- la gestion des eaux pluviales à l'échelle communale : bassins paysagers de taille plus importante qui peuvent faire office de parcs et être fréquentés à</line>
<line>une autre échelle que celle du quartier.</line></par>
</text>
</block>
<block><region><rect/></region>
<text>
<par>
<line>// 14</line></par>
</text>
</block>



</page>
<page width="3508" height="2479" resolution="300">
<block><region><rect/></region>
<text>
<par>
<line>3 SECTEURS FAISANT L'OBJET D'UNE ORIENTATION D'AMENAGEMENT ET DE PROGRAMMATION</line></par>
</text>
</block>
<block><region><rect/></region>
<text>
<par>
<line>Les Orientations D'Aménagement et de Programmation</line>
<line>s'appuient sur les besoins recensés :</line></par>
<par>
<line>- En matière de logements</line></par>
<par>
<line>- En matière d'équipements et de services</line></par>
<par>
<line>- En matière de protection et de valorisation</line>
<line>paysagère et environnementale</line></par>
<par>
<line>Elles reposent sur un schéma d'organisation d'ensemble et</line>
<line>visent à :</line></par>
<par>
<line>- La constitution d'une trame viaire</line></par>
<par>
<line>- La mise en place d'une trame verte et bleue et de</line>
<line>déplacements doux</line></par>
<par>
<line>- La mise en valeur du patrimoine</line></par>
<par>
<line>- La couture des limites urbaines avec l'espace</line>
<line>agricole</line></par>
<par>
<line>Deux secteurs font l'objet d'une d'orientation</line>
<line>d'aménagement et de programmation :</line></par>
<par>
<line>• Secteur n° 1</line></par>
<par>
<line>• Secteur n°2</line></par>
</text>
</block>
<block><region><rect/></region>
<text>
<par/>
</text>
</block>
<block><region><rect/></region>
<text>
<par/>
</text>
</block>
<block><region><rect/></region>
<text>
<par>
<line>5»</line></par>
</text>
</block>
<block><region><rect/></region>
<text>
<par/>
</text>
</block>
<block><region><rect/><rect/></region>
<text>
<par/>
</text>
</block>
<block><region><rect/></region>
<text>
<par/>
</text>
</block>
<block><region><rect/></region>
<text>
<par>
<line>. \</line></par>
</text>
</block>
<block><region><rect/></region>
<text>
<par>
<line>n.</line></par>
</text>
</block>
<block><region><rect/></region>
<text>
<par/>
</text>
</block>
<block><region><rect/></region>
<text>
<par>
<line>f -Ç/' ï?</line></par>
</text>
</block>
<block><region><rect/></region>
<text>
<par/>
</text>
</block>
<block><region><rect/></region>
<text>
<par/>
</text>
</block>
<block><region><rect/></region>
<text>
<par/>
</text>
</block>
<block><region><rect/></region>
<text>
<par/>
</text>
</block>
<block><region><rect/></region>
<text>
<par/>
</text>
</block>
<block><region><rect/></region>
<text>
<par/>
</text>
</block>
<block><region><rect/></region>
<text>
<par>
<line>■‘./T</line></par>
</text>
</block>
<block><region><rect/></region>
<text>
<par/>
</text>
</block>
<block><region><rect/></region>
<text>
<par/>
</text>
</block>
<block><region><rect/></region>
<text>
<par/>
</text>
</block>
<block><region><rect/></region>
<text>
<par/>
</text>
</block>
<block><region><rect/></region>
<text>
<par/>
</text>
</block>
<block><region><rect/></region>
<text>
<par/>
</text>
</block>
<block><region><rect/></region>
<text>
<par/>
</text>
</block>
<block><region><rect/></region>
<text>
<par>
<line>SC</line></par>
</text>
</block>
<block><region><rect/></region>
<text>
<par/>
</text>
</block>
<block><region><rect/></region>
<text>
<par/>
</text>
</block>
<block><region><rect/></region>
<text>
<par/>
</text>
</block>
<block><region><rect/></region>
<text>
<par>
<line>// 15</line></par>
</text>
</block>













<block blockType="Picture" blockName="" l="1705" t="464" r="3222" b="1909"><region><rect/></region>
</block>
</page>
<page width="3508" height="2479" resolution="300">
<block><region><rect/></region>
<text>
<par>
<line>3.1 SECTEUR N°1</line></par>
</text>
</block>
<block><region><rect/></region>
<text>
<par>
<line>CARACTERISTIQUES DU SECTEUR :</line></par>
</text>
</block>
<block><region><rect/></region>
<text>
<par>
<line>- Zonage PLU : 1AUa et 1AUb</line></par>
<par>
<line>- Zonage POS : 2NA</line></par>
<par>
<line>- Superficie : 44050m ^ dont 3300m^ en zone U, 16500m^ en zone AU</line>
<line>et 24250m^ en zone N</line></par>
<par>
<line>- Pente moyenne de l'ordre de 7/8%</line></par>
<par>
<line>- Potentiel logements : une vingtaine de logements</line></par>
<par>
<line>Le secteur est localisé au Sud du centre ancien et en continuité de celui-ci.</line></par>
<par>
<line>La silhouette villageoise a jusqu'à présent été conservée.</line></par>
<par>
<line>Les parcelles concernées par l'Orientation d'Aménagement et de</line>
<line>Programmation sont soit des vignes soit d'anciennes vignes.</line></par>
<par>
<line>Les parcelles sont connectées au réseau viaire par le Cami de l'Adou. Cet</line>
<line>accès présente des caractéristiques insuffisantes pour desservir le nouveau</line>
<line>quartier.</line></par>
</text>
</block>
<block><region><rect/></region>
<text>
<par>
<line>CONTRAINTES PARTICULIERES :</line></par>
<par>
<line>Secteur contraint par la préservation de la morphologie du village et la</line>
<line>topographie</line></par>
<par>
<line>Eglise Sainte Colombe inscrite au titre des monuments historiques</line></par>
</text>
</block>
<block><region><rect/></region>
<text>
<par>
<line>Chai Mosse</line></par>
</text>
</block>
<block><region><rect/></region>
<text>
<par/>
</text>
</block>
<block><region><rect/></region>
<text>
<par>
<line>L'urbanisation doit se réaliser dans le cadre d'une ou plusieurs opération(s)</line>
<line>d'aménagement d'ensemble.</line></par>
</text>
</block>
<block><region><rect/></region>
<text>
<par>
<line>Zone AU</line></par>
</text>
</block>
<block><region><rect/></region>
<text>
<par>
<line>Rapport topographique de la zone par rapport au centre du village (coupe N/S vers l’Ouest, echelle verticale = Ix echelle</line>
<line>horizontale, extrait de l’Etude d’Amenagement Urbain realisee par Bruno Morin, architecte du patrimoine, 2013)</line></par>
</text>
</block>
<block><region><rect/></region>
<text>
<par>
<line>// 16</line></par>
</text>
</block>


















<block blockType="Picture" blockName="" l="288" t="1634" r="1617" b="1741"><region><rect/></region>
</block>
</page>
<page width="3508" height="2479" resolution="300">
<block><region><rect/><rect/></region>
<text>
<par>
<line>C•o^^tru.c•t^o^^-s aooDléé^, fit</line></par>
<par>
<line>L'RLu0irvgmÊi^t</line>
<line>{Viablt&amp;t, KestfiwKtttioiA.,</line>
<line>hoteLlÉKt-e...)</line></par>
<par>
<line>CAP D'HOME</line></par>
</text>
</block>
<block><region><rect/></region>
<text>
<par>
<line>LEGENDE</line></par>
</text>
</block>
<block><region><rect/></region>
<text>
<par>
<line>I Perimetre d'etude</line></par>
</text>
</block>
<block><region><rect/></region>
<text>
<par>
<line>Voirie a créer</line></par>
</text>
</block>
<block><region><rect/></region>
<text>
<par>
<line>Placette a mettre en vaieur</line>
<line>retournement des véhicules</line></par>
</text>
</block>
<block><region><rect/></region>
<text>
<par>
<line>Cheminement doux</line></par>
</text>
</block>
<block><region><rect/></region>
<text>
<par>
<line>Chaieau Mossa</line></par>
</text>
</block>
<block><region><rect/></region>
<text>
<par>
<line>Constructions accoiees</line>
<line>(habitat)</line></par>
</text>
</block>
<block><region><rect/></region>
<text>
<par>
<line>&gt; CATDHOMME</line></par>
</text>
</block>
<block><region><rect/></region>
<text>
<par>
<line>Constructions accoiees et</line>
<line>implantées à l'alignement</line>
<line>(habitat, restauration, hôtellerie...)</line></par>
</text>
</block>
<block><region><rect/></region>
<text>
<par>
<line>N ^</line></par>
</text>
</block>
<block><region><rect/></region>
<text>
<par>
<line>\ '&lt;P</line></par>
</text>
</block>
<block><region><rect/></region>
<text>
<par/>
</text>
</block>
<block><region><rect/></region>
<text>
<par>
<line>Constructions accoiees</line>
<line>ou individuelles (habitat)</line></par>
</text>
</block>
<block><region><rect/></region>
<text>
<par/>
</text>
</block>
<block><region><rect/></region>
<text>
<par>
<line>Espace vert / Espace public</line>
<line>à valoriser</line></par>
</text>
</block>
<block><region><rect/></region>
<text>
<par/>
</text>
</block>
<block><region><rect/></region>
<text>
<par>
<line>*</line></par>
</text>
</block>
<block><region><rect/></region>
<text>
<par/>
</text>
</block>
<block><region><rect/></region>
<text>
<par>
<line>Végétation existante ou a planter</line></par>
</text>
</block>
<block><region><rect/></region>
<text>
<par/>
</text>
</block>
<block><region><rect/></region>
<text>
<par/>
</text>
</block>
<block><region><rect/></region>
<text>
<par/>
</text>
</block>
<block><region><rect/></region>
<text>
<par/>
</text>
</block>
<block><region><rect/></region>
<text>
<par/>
</text>
</block>
<block><region><rect/></region>
<text>
<par/>
</text>
</block>
<block><region><rect/></region>
<text>
<par>
<line>'^^'^%nïïfniniTnïïminiiiW\'^</line></par>
</text>
</block>
<block><region><rect/></region>
<text>
<par/>
</text>
</block>
<block><region><rect/></region>
<text>
<par>
<line>m'</line></par>
</text>
</block>
<block><region><rect/></region>
<text>
<par>
<line>t</line></par>
</text>
</block>
<block><region><rect/></region>
<text>
<par/>
</text>
</block>
<block><region><rect/></region>
<text>
<par/>
</text>
</block>
<block><region><rect/></region>
<text>
<par>
<line>n./Tfc</line></par>
</text>
</block>
<block><region><rect/></region>
<text>
<par>
<line>r • .</line></par>
</text>
</block>
<block><region><rect/></region>
<text>
<par>
<line>A</line></par>
</text>
</block>
<block><region><rect/></region>
<text>
<par/>
</text>
</block>
<block><region><rect/></region>
<text>
<par/>
</text>
</block>
<block><region><rect/></region>
<text>
<par/>
</text>
</block>
<block><region><rect/></region>
<text>
<par>
<line>COGEAM ETUDES</line></par>
<par>
<line>Urbanisme // Environnement</line></par>
</text>
</block>
<block><region><rect/></region>
<text>
<par>
<line>37 Bd Kennedy 66000 PERPIGNAN</line>
<line>cogeam.etudes@gmail,com // (M 68 80 54 11</line></par>
</text>
</block>
<block><region><rect/></region>
<text>
<par>
<line>SAINTE-COLOMBE - Orientation d'Aménagement et de Programmation n°l</line></par>
</text>
</block>
<block><region><rect/></region>
<text>
<par>
<line>50</line></par>
</text>
</block>
<block><region><rect/></region>
<text>
<par>
<line>100m</line></par>
</text>
</block>




















<block blockType="Picture" blockName="" l="2610" t="743" r="2752" b="828"><region><rect/></region>
</block>
<block blockType="Picture" blockName="" l="2612" t="986" r="2753" b="1071"><region><rect/></region>
</block>
<block blockType="Picture" blockName="" l="2612" t="1112" r="2753" b="1197"><region><rect/></region>
</block>
<block blockType="Picture" blockName="" l="201" t="2097" r="404" b="2299"><region><rect/></region>
</block>
<block blockType="Picture" blockName="" l="2609" t="859" r="2755" b="948"><region><rect/></region>
</block>
</page>
<page width="3508" height="2479" resolution="300">
<block><region><rect/></region>
<text>
<par>
<line>DISPOSITIONS RELATIVES AU SCHEMA DE PRINCIPE</line></par>
</text>
</block>
<block><region><rect/></region>
<text>
<par>
<line>Le parti d'aménagement se décline par thématiques qui ne présentent pas de caractère de priorité, chacune d'entre elles nourrit l'objectif d'intégration du nouveau quartier</line>
<line>et notamment en matière de paysage. Les mesures tiennent compte de manière automatique des principes du développement durable.</line></par>
</text>
</block>
<block><region><rect/></region>
<text>
<par>
<line>Il distingue trois secteurs :</line></par>
<par>
<line>• Secteur A : Ce secteur s'articule autour du chai Mossé. Le site est exceptionnel de par son</line>
<line>emplacement et les possibilités multiples de reconversion qu'il offre. Le bâtiment,</line>
<line>aujourd'hui inutilisé pourrait être réhabilité pour de l'habitat, des activités commerciales, un</line>
<line>projet hôtelier ou de restauration^</line></par>
<par>
<line>• Secteur B : Ce secteur forme une couronne autour du secteur A propice à l'installation d'un</line>
<line>bâti relativement dense à destination d'habitat.</line></par>
<par>
<line>• Secteur C : Ce secteur est situé entre le secteur B et le ravin de l'Adou. Son urbanisation doit</line>
<line>assurer la transition entre l'espace urbain et l'espace naturel. L'habitat moins dense y</line>
<line>trouvera naturellement sa place.</line></par>
</text>
</block>
<block><region><rect/></region>
<text>
<par>
<line>Vers Thuir</line></par>
</text>
</block>
<block><region><rect/></region>
<text>
<par>
<line>Nouveau cimetière</line></par>
</text>
</block>
<block><region><rect/></region>
<text>
<par>
<line>Voie de liaison à créer</line>
<line>pour desservir le</line>
<line>nouveau quartier</line></par>
</text>
</block>
<block><region><rect/></region>
<text>
<par>
<line>Vers Terrats</line></par>
</text>
</block>
<block><region><rect/></region>
<text>
<par>
<line>100 m</line></par>
</text>
</block>
<block><region><rect/></region>
<text>
<par>
<line>Secteur A</line>
<line>Secteur B</line>
<line>Secteur C</line></par>
</text>
</block>
<block><region><rect/></region>
<text>
<par>
<line>Principe de desserte :</line></par>
<par>
<line>• La desserte du nouveau quartier s'effectuera par le biais d'une</line>
<line>voie à créer connectée à la RD 18. La connexion devra être</line>
<line>caractérisée en tant qu'accès secondaire pour ne pas</line>
<line>concurrencer les accès principaux au village. Elle permettra</line>
<line>également de desservir le nouveau cimetière et d'offrir un</line>
<line>cheminement sécurisé aux habitants du hameau de l'Espinassere</line>
<line>vers le centre ancien.</line></par>
<par>
<line>• Le nouveau quartier sera irrigué par un réseau de voirie interne</line>
<line>adapté à la topographie du site et dimensionné en fonction des</line>
<line>usages. Les voies seront à l'échelle du quartier et permettront à</line>
<line>chaque utilisateur de circuler en toute sécurité dans un</line>
<line>environnement agréable (piétons, cycles, PMR). Enfin, la voirie</line>
<line>créée devra être accessible aux véhicules de lutte contre le</line>
<line>risque incendie.</line></par>
<par>
<line>• Plusieurs liaisons douces seront créées pour compléter les</line>
<line>trottoirs accompagnant les voiries (voir schéma de principe).</line>
<line>Elles permettront de créer des raccourcis vers le centre du</line>
<line>village ou encore d'offrir un itinéraire de promenade. Ces</line>
<line>espaces sécurisés grâce à l'absence de véhicules sont des</line>
<line>espaces de convivialité qui agrémentent le cadre de vie.</line></par>
</text>
</block>
<block><region><rect/></region>
<text>
<par>
<line>// 18</line></par>
</text>
</block>












<block blockType="Picture" blockName="" l="292" t="1158" r="2011" b="2167"><region><rect/></region>
</block>
<block blockType="Picture" blockName="" l="2126" t="568" r="2963" b="1027"><region><rect/></region>
</block>
</page>
<page width="3508" height="2479" resolution="300">
<block><region><rect/></region>
<text>
<par>
<line>Forme urbaine :</line></par>
</text>
</block>
<block><region><rect/></region>
<text>
<par>
<line>• Les constructions devront s'implanter sur le site en fonction de la topographie qu'il faudra suivre sans la perturber de façon à préserver les trois vues principales sur</line></par>
<par>
<line>le village et son écrin paysager depuis les sorties de Terrats et le point haut de la RD n°18.</line></par>
<par>
<line>• Les formes urbaines devront composer avec l'orientation de la couverture du chai Mossé qu'il faudra reprendre. Ce bâtiment sert de point d'accroche au nouveau</line></par>
<par>
<line>quartier avec l'extension linéaire fin XIXe-début XXe siècle sensible depuis les vues principales et les gabarits des futures constructions devront en tenir compte.</line></par>
<par>
<line>• La densité du bâti devra être dégressive du Nord au Sud pour respecter la connexion au tissu ancien et à l'espace naturel.</line></par>
<par>
<line>Une attention particulière sera apportée à la qualité architecturale des façades afin qu'elles s'intègrent harmonieusement avec le tissu urbain existant.</line></par>
</text>
</block>
<block><region><rect/></region>
<text>
<par>
<line>\</line></par>
</text>
</block>
<block><region><rect/></region>
<text>
<par>
<line>B \</line></par>
</text>
</block>
<block><region><rect/></region>
<text>
<par>
<line>♦</line></par>
</text>
</block>
<block><region><rect/></region>
<text>
<par>
<line>• ■ • - ■</line></par>
</text>
</block>
<block><region><rect/></region>
<text>
<par>
<line>Une densité du bâti dégressive du Nord au Sud</line></par>
<par>
<line>Secteur A : Constructions accolées et implantées à l'alignement</line>
<line>restauration, hôtellerie...)</line></par>
<par>
<line>Secteur B : Constructions accolées à vocation d'habitat</line></par>
<par>
<line>Secteur C : Constructions accolées ou individuelles à vocation d'habitat</line></par>
</text>
</block>
<block><region><rect/></region>
<text>
<par>
<line>(habitat,</line></par>
</text>
</block>
<block><region><rect/></region>
<text>
<par>
<line>// 19</line></par>
</text>
</block>

<block blockType="Picture" blockName="" l="292" t="981" r="1770" b="1788"><region><rect/></region>
</block>
</page>
<page width="3508" height="2479" resolution="300">
<block><region><rect/></region>
<text>
<par>
<line>Espaces publics :</line></par>
<par>
<line>• Les cheminements doux et la voirie doivent être traités en tant</line>
<line>qu'espaces publics dans la continuité des aménagements de</line>
<line>voirie présents sur la commune.</line></par>
<par>
<line>Le cheminement doux seront végétalisés et mis en valeur</line>
<line>grâce à du mobilier urbain adapté.</line></par>
<par>
<line>• Un espace public prenant la forme d'un petit parc ou d'un</line>
<line>espace vert sera créé au bout du Carrer de l'Adou. Les liaisons</line>
<line>douces s'y raccorderont.</line></par>
</text>
</block>
<block><region><rect/></region>
<text>
<par>
<line>jl.</line></par>
</text>
</block>
<block><region><rect/></region>
<text>
<par>
<line>%</line></par>
</text>
</block>
<block><region><rect/></region>
<text>
<par/>
</text>
</block>
<block><region><rect/></region>
<text>
<par/>
</text>
</block>
<block><region><rect/></region>
<text>
<par>
<line>_.</line></par>
</text>
</block>
<block><region><rect/></region>
<text>
<par>
<line>• Si la topographie le permet, l'espace de rétention des eaux</line>
<line>pluviales pourra également être traité en tant qu'espace</line>
<line>paysager ouvert au public.</line></par>
</text>
</block>
<block><region><rect/></region>
<text>
<par>
<line>Exemples de réalisation : bassin de rétention</line>
<line>paysager / parc urbain</line></par>
</text>
</block>
<block><region><rect/></region>
<text>
<par/>
</text>
</block>
<block><region><rect/></region>
<text>
<par/>
</text>
</block>
<block><region><rect/></region>
<text>
<par>
<line>mi</line></par>
</text>
</block>
<block><region><rect/></region>
<text>
<par>
<line>K</line></par>
</text>
</block>
<block><region><rect/></region>
<text>
<par/>
</text>
</block>
<block><region><rect/></region>
<text>
<par>
<line>Les limites avec les espaces naturels et agricoles devront permettre de qualifier la fin de l'urbanisation : mise en place de haies, soin particulier apporté aux clôtures, gestion</line>
<line>des constructions annexes en fond de parcelle^</line></par>
<par>
<line>Le stationnement sera géré de manière longitudinale le long des voiries ou par poche. Le stationnement par poche devra être uniformément réparti au sein de</line>
<line>l'aménagement.</line></par>
<par>
<line>Traitement des réseaux et gestion du pluvial :</line></par>
<par>
<line>Les réseaux devront être effacés visuellement et raccordés aux réseaux existants après consultation des services gestionnaires.</line></par>
<par>
<line>Les superficies imperméabilisées devront être minimisées (aménagement perméables, superficies de voirie limitée^) et les eaux de ruissellement traitées conformément à la</line>
<line>réglementation en vigueur avant rejet dans le réseau existant. Les solutions de canalisation et de stockage éventuel de ces eaux devront être parfaitement intégrées au</line>
<line>paysage.</line></par>
<par>
<line>La gestion des déchets doit faire l'objet d'une concertation avec le service gestionnaire afin de définir les points de collecte et leurs caractéristiques.</line></par>
</text>
</block>
<block><region><rect/></region>
<text>
<par>
<line>// 20</line></par>
</text>
</block>



















<block blockType="Picture" blockName="" l="1538" t="1144" r="1619" b="1185"><region><rect/></region>
</block>
<block blockType="Picture" blockName="" l="2132" t="353" r="3349" b="788"><region><rect/></region>
</block>
</page>
<page width="3508" height="2479" resolution="300">
<block><region><rect/></region>
<text>
<par>
<line>3.2 SECTEUR N°2</line></par>
</text>
</block>
<block><region><rect/></region>
<text>
<par>
<line>CARACTERISTIQUES DU SECTEUR :</line></par>
<par>
<line>Zonage PLU : 1AUc et 1AUd</line>
<line>(ancien zonage POS : 3NA/NDd)</line></par>
<par>
<line>Superficie : 16550 m^ dont 14 277 m^ en zone AU</line>
<line>Pente moyenne de l'ordre de 12%</line></par>
<par>
<line>Potentiel de logements : une vingtaine de logements</line></par>
<par>
<line>Le secteur est localisé au Nord-Ouest du centre ancien et en continuité de celui-ci.</line></par>
<par>
<line>La silhouette villageoise faisant le charme et la renommée de Sainte Colombe a jusqu'à présent été</line>
<line>conservée.</line></par>
<par>
<line>Les parcelles concernées par l'Orientation d'Aménagement et de Programmation sont actuellement des</line>
<line>vignes ou d'anciennes vignes.</line></par>
<par>
<line>Les parcelles sont desservies, pour la partie Ouest, par le Cami de la Cantarana et à l'Est par l'entrée de</line>
<line>village, rue de la Méditerranée.</line></par>
</text>
</block>
<block><region><rect/></region>
<text>
<par>
<line>CONTRAINTES PARTICULIERES :</line></par>
<par>
<line>- Secteur contraint par la préservation de la morphologie du village et la topographie</line></par>
<par>
<line>- Secteur soumis au risque d'incendie de feux de forêts (accès piste DFCI)</line></par>
<par>
<line>- Eglise Sainte Colombe inscrite au titre des monuments historiques</line></par>
<par>
<line>- Le secteur est concerné par des emplacements réservés (se reporter</line>
<line>au plan de zonage)</line></par>
</text>
</block>
<block><region><rect/></region>
<text>
<par>
<line>L'urbanisation doit se réaliser dans le cadre d'une ou plusieurs opération(s) d'aménagement d'ensemble.</line>
<line>Son urbanisation ne sera possible que lorsque les zones 1AUa et 1AUb seront remplies à 70%.</line></par>
</text>
</block>
<block><region><rect/></region>
<text>
<par>
<line>3</line></par>
</text>
</block>
<block><region><rect/></region>
<text>
<par/>
</text>
</block>
<block><region><rect/></region>
<text>
<par/>
</text>
</block>
<block><region><rect/></region>
<text>
<par/>
</text>
</block>
<block><region><rect/></region>
<text>
<par/>
</text>
</block>
<block><region><rect/></region>
<text>
<par/>
</text>
</block>
<block><region><rect/></region>
<text>
<par>
<line>Silhouette de Sainte Colombe depuis la RD 18 en</line>
<line>venant de Terrats</line></par>
</text>
</block>
<block><region><rect/></region>
<text>
<par>
<line>// 21</line></par>
</text>
</block>







<block blockType="Picture" blockName="" l="288" t="1691" r="2074" b="1795"><region><rect/></region>
</block>
</page>
<page width="3508" height="2479" resolution="300">
<block><region><rect/></region>
<text>
<par>
<line>PEU DEL CAUSSE</line></par>
</text>
</block>
<block><region><rect/></region>
<text>
<par>
<line>Accès véhicules de secours</line>
<line>Piste PFCi</line></par>
</text>
</block>
<block><region><rect/></region>
<text>
<par>
<line>Fspcice vert</line>
<line>d préserver</line></par>
</text>
</block>
<block><region><rect/><rect/><rect/></region>
<text>
<par>
<line>Pcirc urbatyi/ belvédère rvciturel</line>
<line>Fspcice ervtretervu</line>
<line>perruettciu-t La 0estl(9rv du</line></par>
<par>
<line>rlstpue Irvcervdle ^</line></par>
<par>
<line>%</line></par>
</text>
</block>
<block><region><rect/></region>
<text>
<par/>
</text>
</block>
<block><region><rect/></region>
<text>
<par>
<line>w I</line></par>
</text>
</block>
<block><region><rect/></region>
<text>
<par>
<line>k:</line></par>
</text>
</block>
<block><region><rect/></region>
<text>
<par/>
</text>
</block>
<block><region><rect/></region>
<text>
<par/>
</text>
</block>
<block><region><rect/></region>
<text>
<par/>
</text>
</block>
<block><region><rect/></region>
<text>
<par/>
</text>
</block>
<block><region><rect/></region>
<text>
<par/>
</text>
</block>
<block><region><rect/></region>
<text>
<par>
<line>eur</line></par>
</text>
</block>
<block><region><rect/></region>
<text>
<par>
<line>m</line></par>
</text>
</block>
<block><region><rect/></region>
<text>
<par/>
</text>
</block>
<block><region><rect/></region>
<text>
<par/>
</text>
</block>
<block><region><rect/></region>
<text>
<par>
<line>m</line></par>
</text>
</block>
<block><region><rect/></region>
<text>
<par>
<line>m</line></par>
</text>
</block>
<block><region><rect/></region>
<text>
<par>
<line>m</line></par>
</text>
</block>
<block><region><rect/></region>
<text>
<par>
<line>m</line></par>
</text>
</block>
<block><region><rect/></region>
<text>
<par>
<line>m</line></par>
</text>
</block>
<block><region><rect/></region>
<text>
<par>
<line>m</line></par>
</text>
</block>
<block><region><rect/></region>
<text>
<par>
<line>m</line></par>
</text>
</block>
<block><region><rect/></region>
<text>
<par>
<line>m</line></par>
</text>
</block>
<block><region><rect/></region>
<text>
<par>
<line>m</line></par>
</text>
</block>
<block><region><rect/></region>
<text>
<par>
<line>m</line></par>
</text>
</block>
<block><region><rect/></region>
<text>
<par>
<line>m</line></par>
</text>
</block>
<block><region><rect/></region>
<text>
<par>
<line>m</line></par>
</text>
</block>
<block><region><rect/></region>
<text>
<par>
<line>m</line></par>
</text>
</block>
<block><region><rect/></region>
<text>
<par>
<line>m</line></par>
</text>
</block>
<block><region><rect/></region>
<text>
<par/>
</text>
</block>
<block><region><rect/></region>
<text>
<par>
<line>•S-'-®'</line></par>
</text>
</block>
<block><region><rect/></region>
<text>
<par>
<line>ÿ'®</line></par>
</text>
</block>
<block><region><rect/></region>
<text>
<par/>
</text>
</block>
<block><region><rect/></region>
<text>
<par>
<line>6®"</line></par>
</text>
</block>
<block><region><rect/></region>
<text>
<par>
<line>Accès kdvéd</line></par>
</text>
</block>
<block><region><rect/><rect/><rect/><rect/></region>
<text>
<par>
<line>\ StCltLOrvueruervt f</line></par>
<par>
<line>\</line></par>
<par>
<line>\ Pôle d'ér[ulpem,ervts publics ^ ^</line></par>
<par>
<line>\ exlstcii^ts d cot^foAer</line></par>
</text>
</block>
<block><region><rect/><rect/></region>
<text>
<par>
<line>V'</line></par>
</text>
</block>
<block><region><rect/></region>
<text>
<par>
<line>C-Orvrvexlorv Voirie servs</line>
<line>uArtpue ervtre le secteur i</line>
<line>et le secteur 2</line></par>
<par>
<line>Secteur 1</line></par>
</text>
</block>
<block><region><rect/></region>
<text>
<par>
<line>Accès d</line></par>
<par>
<line>^ rucilu.teu.lr</line></par>
<par>
<line>y ou recréer ^ ^ ^ ^^arrv</line></par>
</text>
</block>
<block><region><rect/></region>
<text>
<par>
<line>x</line></par>
</text>
</block>
<block><region><rect/></region>
<text>
<par/>
</text>
</block>
<block><region><rect/></region>
<text>
<par/>
</text>
</block>
<block><region><rect/></region>
<text>
<par>
<line>JMW</line></par>
</text>
</block>
<block><region><rect/></region>
<text>
<par>
<line>COGEAM ETUDES</line></par>
<par>
<line>Urbanisme // Environnement</line></par>
</text>
</block>
<block><region><rect/></region>
<text>
<par>
<line>37 Bd Kennedy 66000 PERPIGNAN</line>
<line>cogeam.etudes@gmail.com // 04 68 80 54 11</line></par>
</text>
</block>
<block><region><rect/><rect/><rect/><rect/></region>
<text>
<par>
<line>c.</line></par>
<par>
<line>W 1</line></par>
</text>
</block>
<block><region><rect/></region>
<text>
<par/>
</text>
</block>
<block><region><rect/></region>
<text>
<par>
<line>K</line></par>
</text>
</block>
<block><region><rect/></region>
<text>
<par>
<line>\</line></par>
</text>
</block>
<block><region><rect/></region>
<text>
<par>
<line>W</line></par>
<par>
<line>.w</line></par>
</text>
</block>
<block><region><rect/></region>
<text>
<par>
<line>- ^</line></par>
</text>
</block>
<block><region><rect/></region>
<text>
<par>
<line>LEGENDE</line></par>
</text>
</block>
<block><region><rect/><rect/><rect/></region>
<text>
<par>
<line>Château Mossé</line></par>
</text>
</block>
<block><region><rect/></region>
<text>
<par>
<line>Périmètre d'étude</line></par>
</text>
</block>
<block><region><rect/></region>
<text>
<par>
<line>Maisons de viiie jumeiées ou individueiies</line>
<line>Hauteur max faîtage 173.00m NGF</line>
<line>Les impiantations des constructions</line>
<line>devront préserver ies vues sur i'égiise</line></par>
<par>
<line>Maisons de viiie jumeiées</line>
<line>Hauteur max faîtage 173.00m NGF</line></par>
</text>
</block>
<block><region><rect/></region>
<text>
<par>
<line>Voirie à créer - sens unique</line></par>
</text>
</block>
<block><region><rect/></region>
<text>
<par>
<line>Cheminement doux</line></par>
</text>
</block>
<block><region><rect/></region>
<text>
<par>
<line>Fermeture du viiiage/front bâti visuei</line></par>
</text>
</block>
<block><region><rect/></region>
<text>
<par>
<line>Haie coupe-vent accompagnant</line>
<line>ie cheminement doux</line></par>
</text>
</block>
<block><region><rect/></region>
<text>
<par>
<line>Espace de stationnement existant</line></par>
<par>
<line>Transition taius paysagé et pianté vers</line>
<line>espace vert à mettre en vaieur</line>
<line>(jardin, espace pubiic...)</line></par>
</text>
</block>
<block><region><rect/></region>
<text>
<par>
<line>SAINTE-COLOMBE - Orientation d'Aménagement et de Programmation n°2</line></par>
</text>
</block>
<block><region><rect/></region>
<text>
<par>
<line>0</line></par>
</text>
</block>
<block><region><rect/></region>
<text>
<par>
<line>50</line></par>
</text>
</block>
<block><region><rect/></region>
<text>
<par>
<line>100m</line></par>
</text>
</block>



















<block blockType="Picture" blockName="" l="43" t="2227" r="261" b="2445"><region><rect/></region>
</block>
<block blockType="Picture" blockName="" l="2657" t="564" r="2816" b="661"><region><rect/></region>
</block>
</page>
<page width="3508" height="2479" resolution="300">
<block><region><rect/></region>
<text>
<par>
<line>DISPOSITIONS RELATIVES AU SCHEMA DE PRINCIPE</line></par>
</text>
</block>
<block><region><rect/></region>
<text>
<par>
<line>L'aménagement du secteur est sensible du fait de sa situation en promontoire par rapport au village et de la proximité de l'Eglise.</line></par>
<par>
<line>Le parti d'aménagement distingue deux secteurs :</line></par>
<par>
<line>• Secteur 1 : Zone Sud / Ouest, située entre le pôle d'équipements publics et un mas existant</line></par>
<par>
<line>• Secteur 2 : Zone Nord / Est, située au Nord du pôle d'équipements publics et au Nord-Ouest de l'Eglise.</line></par>
<par>
<line>Il se décline par thématiques qui ne présentent pas de caractère de priorité, chacune d'entre elles nourrit l'objectif d'intégration du nouveau quartier et notamment en</line>
<line>matière de paysage. Les mesures tiennent compte de manière automatique des principes du développement durable.</line></par>
</text>
</block>
<block><region><rect/></region>
<text>
<par>
<line>Localisation des secteurs</line></par>
</text>
</block>
<block><region><rect/></region>
<text>
<par>
<line>// 23</line></par>
</text>
</block>



<block blockType="Picture" blockName="" l="1831" t="1101" r="3222" b="2161"><region><rect/></region>
</block>
</page>
<page width="3508" height="2479" resolution="300">
<block><region><rect/></region>
<text>
<par>
<line>Principe de desserte :</line></par>
</text>
</block>
<block><region><rect/></region>
<text>
<par/>
</text>
</block>
<block><region><rect/></region>
<text>
<par/>
</text>
</block>
<block><region><rect/></region>
<text>
<par/>
</text>
</block>
<block><region><rect/></region>
<text>
<par>
<line>La desserte des deux secteurs s'effectue par un réseau de voirie en sens unique dont le tracé s'adapte à la</line>
<line>topographie du site. Les voiries doivent être à l'échelle du quartier et permettre à chaque utilisateur de circuler en</line>
<line>toute sécurité dans un environnement agréable.</line></par>
<par>
<line>Secteur 1 : Les nouvelles constructions seront desservies via une voie nouvelle à créer en connexion avec le Cami</line>
<line>de la Canterana et avec le secteur 2. Son tracé devra permettre de préserver l'accès existant au mas situé à l'Est de</line>
<line>la partie aménagée.</line></par>
</text>
</block>
<block><region><rect/></region>
<text>
<par>
<line>Desserte existante du secteur 1 connectée au Garni de la</line>
<line>Canterana et devant être recalibrée lors du projet</line></par>
</text>
</block>
<block><region><rect/></region>
<text>
<par>
<line>La desserte du secteur 2 s'effectue depuis le parking existant, lequel est conservé. La circulation des véhicules</line>
<line>s'organise autour de l'espace vert planté d'oliviers afin de le préserver et de desservir à la fois les habitations et le</line>
<line>parking.</line></par>
<par>
<line>Le secteur 2 est ceinturé par des cheminements doux à valoriser (plantations, choix des revêtements identiques</line>
<line>aux traitements réalisés dans le vieux village, mobilier urbain, éclairage^)</line></par>
<par>
<line>Les deux secteurs sont connectés à l'espace naturel via un réseau de cheminements doux à mettre en valeur et</line>
<line>devant s'adapter à la topographie. Ces cheminements devront être accessibles aux personnes en situation de</line>
<line>handicap dans la mesure du possible.</line></par>
</text>
</block>
<block><region><rect/><rect/><rect/></region>
<text>
<par>
<line>Secteur 2 : espace vert planté d’oliviers à préserver /</line>
<line>desserte secteur 2 .&gt;</line></par>
</text>
</block>
<block><region><rect/></region>
<text>
<par/>
</text>
</block>
<block><region><rect/></region>
<text>
<par/>
</text>
</block>
<block><region><rect/></region>
<text>
<par/>
</text>
</block>
<block><region><rect/></region>
<text>
<par/>
</text>
</block>
<block><region><rect/></region>
<text>
<par/>
</text>
</block>
<block><region><rect/></region>
<text>
<par>
<line>c:. 's</line></par>
</text>
</block>
<block><region><rect/></region>
<text>
<par/>
</text>
</block>
<block><region><rect/></region>
<text>
<par/>
</text>
</block>
<block><region><rect/></region>
<text>
<par>
<line>Enfin, la voirie créée devra être accessible aux véhicules de lutte contre le risque incendie et prévoir à minima une connexion avec l'espace naturel situé au nord de</line>
<line>l'aménagement.</line></par>
</text>
</block>
<block><region><rect/></region>
<text>
<par>
<line>// 24</line></par>
</text>
</block>








</page>
<page width="3508" height="2479" resolution="300">
<block><region><rect/></region>
<text>
<par>
<line>Forme urbaine :</line></par>
</text>
</block>
<block><region><rect/></region>
<text>
<par>
<line>Le secteur 1 est un espace de transition entre la zone urbaine et l'espace naturel. La forme urbaine sera donc de faible densité. Les constructions seront individuelles ou</line>
<line>jumelées. Leur implantation devra veiller à maintenir les vues sur l'Eglise et leur faîtage ne devra pas dépasser la côte maximale de 173.00 mètres NGF pour répondre à l'enjeu</line>
<line>de préservation de la silhouette villageoise de Ste Colombe.</line></par>
<par>
<line>L'urbanisation du secteur 2 doit permettre la fermeture visuelle du village. On distinguera deux zones de densité variables :</line></par>
<par>
<line>• La zone la plus proche du cœur de ville concentrera des constructions de type maisons de ville accolées. Les implantations devront permettre de structurer</line>
<line>visuellement l'espace public et l'interface public/privé devra être soignée (gestion des clôtures, mobilier urbain, éclairage^)</line></par>
</text>
</block>
<block><region><rect/><rect/></region>
<text>
<par>
<line>• La zone située proche de l'espace naturel sera d'une densité plus faible. Elle pourra présenter des constructions jumelées ou individuelles.</line>
<line>Les constructions du secteur 2 devront respecter la même contrainte altimétrique que le secteur 1 (hauteur faîtage inférieure à 173.00 mètre NGF)</line></par>
<par>
<line>Parking + eapace vert</line></par>
</text>
</block>
<block><region><rect/></region>
<text>
<par>
<line>Coupe Nord/Sud secteur 1</line></par>
</text>
</block>
<block><region><rect/></region>
<text>
<par>
<line>Coupe Nord/Sud secteur 2</line></par>
</text>
</block>
<block><region><rect/></region>
<text>
<par>
<line>Une attention particulière sera apportée à la qualité architecturale des façades afin qu'elles s'intègrent harmonieusement avec le tissu urbain existant.</line></par>
</text>
</block>
<block><region><rect/></region>
<text>
<par>
<line>// 25</line></par>
</text>
</block>











































</page>
<page width="3508" height="2479" resolution="300">
<block><region><rect/></region>
<text>
<par>
<line>Espaces publics :</line></par>
<par>
<line>Les cheminements doux et la voirie seront traités en tant qu'espaces publics dans la continuité des aménagements de voirie présents sur la commune.</line></par>
<par>
<line>Les cheminements doux périphériques seront accompagnés d'une haie d'arbre permettant de les mettre en valeur mais aussi d'avoir un effet coupe-vent pour les nouvelles</line>
<line>constructions</line></par>
<par>
<line>L'espace vert planté d'oliviers est à conserver et à valoriser.</line></par>
</text>
</block>
<block><region><rect/></region>
<text>
<par>
<line>L'espace naturel situé au Nord du secteur 1 doit être entretenu et aménagé en tant qu'espace vert (jardin, espace public^). Il a un rôle de protection du risque incendie pour</line>
<line>les nouvelles constructions mais aussi pour le village. L'interface entre cet espace et les zones bâties prendra la forme d'un talus paysager et planté marquant la limite entre</line>
<line>l'espace urbain et l'espace rural.</line></par>
</text>
</block>
<block><region><rect/></region>
<text>
<par>
<line>Secteur 1 : vue sur l’Eglise depuis l’espace vert a creer pour protéger les futures habitations du risque Incendie</line></par>
</text>
</block>
<block><region><rect/></region>
<text>
<par>
<line>Le stationnement sera géré de manière longitudinale le long des voiries ou par poche. Le stationnement par poche devra être uniformément réparti au sein de</line>
<line>l'aménagement.</line></par>
<par>
<line>Traitement des réseaux et gestion du pluvial :</line></par>
<par>
<line>Les réseaux devront être effacés visuellement et raccordés aux réseaux existants après consultation des services gestionnaires.</line></par>
<par>
<line>Les superficies imperméabilisées devront être minimisées (aménagement perméables, superficies de voirie limitée^) et les eaux de ruissellement traitées conformément à la</line>
<line>réglementation en vigueur avant rejet dans le réseau existant. Les solutions de canalisation et de stockage éventuel de ces eaux devront être parfaitement intégrées au</line>
<line>paysage.</line></par>
<par>
<line>La gestion des déchets doit faire l'objet d'une concertation avec le service gestionnaire afin de définir les points de collecte et leurs caractéristiques.</line></par>
</text>
</block>
<block><region><rect/></region>
<text>
<par>
<line>// 26</line></par>
</text>
</block>



</page>
<page width="3508" height="2481" resolution="300">
<block><region><rect/></region>
<text>
<par>
<line>REALISATION - MAITRISE D’OUVRAGE</line></par>
</text>
</block>
<block><region><rect/></region>
<text>
<par>
<line>SJU.WTf COLO:</line></par>
</text>
</block>
<block><region><rect/></region>
<text>
<par>
<line>'OUÏ</line></par>
</text>
</block>
<block><region><rect/></region>
<text>
<par>
<line>PIS</line></par>
<par>
<line>(MUrWACIf</line></par>
</text>
</block>
<block><region><rect/></region>
<text>
<par>
<line>Commune de Sainte-Colombe-de-la-Commanderie</line></par>
</text>
</block>
<block><region><rect/></region>
<text>
<par>
<line>PARTICIPATION AUX ÉTUDES/CONCEPTION GRAPHIQUE</line></par>
</text>
</block>
<block><region><rect/></region>
<text>
<par/>
</text>
</block>
<block><region><rect/></region>
<text>
<par>
<line>Agence d’Urbanisme Catalane</line></par>
<par>
<line>19, Espace Méditen-anée - 6®™ étage</line>
<line>66000 PERPIGNAN</line></par>
<par>
<line>Tél.: 04 68 87 75 52 - Fax : 04 68 56 49 52</line>
<line>E-mail : agence.catalane©aurca.org</line></par>
</text>
</block>
<block><region><rect/></region>
<text>
<par>
<line>COGEAM</line></par>
<par>
<line>37, Boulevard Kennedy</line>
<line>66000 PERPIGNAN</line>
<line>Tél.: 04 68 80 54 11</line>
<line>E-mail : cogeam.etudes@gmail.com</line></par>
</text>
</block>
<block><region><rect/></region>
<text>
<par>
<line>PLU approuvé le 05 octobre 2017 (Mission C31)</line></par>
<par>
<line>Tous droits réservés.</line></par>
</text>
</block>
<block blockType="Picture" blockName="" l="2250" t="1181" r="2414" b="1347"><region><rect/></region>
</block>
<block blockType="Barcode" blockName="" l="1660" t="1787" r="1851" b="1978"><region><rect/></region>
<text>
<par><line>http://www.aurca.org</line></par>
</text>
<barcodeInfo type="QRCODE"/>
</block>
</page>
</OAP>