<?xml version="1.0" encoding="UTF-8"?><OAP>
<page width="804" height="1130" resolution="96">
<block><region><rect/><rect/></region>
<text>
<par>
<line>CVcKj eu ^clt"</line></par>
<par>
<line>^o&gt;Aj ^S/ -iois ci^ iu 0^ ^</line></par>
<par>
<line>COMMUNE DE</line></par>
</text>
</block>
<block><region><rect/></region>
<text>
<par>
<line>Projet de ZONE LOGISTIQUE</line></par>
<par>
<line>lieihdlt Pla de Nidolères</line></par>
</text>
</block>
<block><region><rect/></region>
<text>
<par>
<line>om de la zone : MPL (Méditerranée Pyrénées Logistique)</line></par>
</text>
</block>
<block><region><rect/></region>
<text>
<par>
<line>Porteur de Projet :</line></par>
</text>
</block>
<block><region><rect/></region>
<text>
<par>
<line>AqRC</line></par>
</text>
</block>
<block><region><rect/></region>
<text>
<par>
<line>foqiter</line></par>
</text>
</block>
<block><region><rect/></region>
<text>
<par>
<line>PROCEDURE DE DECLARATION DE PROJET VALANT</line>
<line>MISE EN COMPATIBILITE N°1 DU PLU</line></par>
</text>
</block>
<block><region><rect/><rect/></region>
<text>
<par>
<line>12, VOLET DE MISE EN COMPATIBILITE ET</line>
<line>EVALL/ATION ENVIRONNEMENTALE</line></par>
</text>
</block>
<block><region><rect/></region>
<text>
<par>
<line>Pièce n'2g. OAP mojifiées</line></par>
</text>
</block>
<block><region><rect/></region>
<text>
<par>
<line>OosiMr Dor :</line></par>
<par>
<line>M1I* TRONI $andr1n«, RMpcnsûCis d« lo ceDutd</line></par>
<par>
<line>ix&amp;onHme. Chorgét d'étu&lt;Ms</line></par>
<par>
<line>Mn« 0IA$ de ALMeiOA ChrltteQe. Chargée d'étuO»</line></par>
<par>
<line>M. VERIOO Fronça. Cor1ogfCiphoA^*omoM6«n</line></par>
</text>
</block>
<block><region><rect/><rect/></region>
<text>
<par>
<line>INFO CONCEPT</line>
<line>132. nj« Pierre CifFre</line>
<line>66 OÛÛ PERPIGNAN</line>
<line>lei. 04 6S W M 00 ~ Fox. 04 66 00 M 00 INFO CONCK^T</line></par>
</text>
</block>
<block><region><rect/></region>
<text>
<par/>
</text>
</block>
<block><region><rect/></region>
<text>
<par>
<line>'IVAI</line></par>
</text>
</block>
<block><region><rect/></region>
<text>
<par>
<line>«tMm</line></par>
</text>
</block>
<block><region><rect/></region>
<text>
<par>
<line>miocowcart •</line></par>
<par>
<line>«an 40111*71» • KsmrtMMi* &gt;r«</line></par>
</text>
</block>
<block><region><rect/></region>
<text>
<par>
<line>fin</line></par>
</text>
</block>








</page>
<page width="3521" height="2498" resolution="300">
<block><region><rect/></region>
<text>
<par>
<line>Orientations d'Aménagement et de Programmation 1/28</line></par>
</text>
</block>








</page>
<page width="3514" height="2488" resolution="300">
<block><region><rect/></region>
<text orientation="RotatedCounterclockwise">
<par/>
</text>
</block>
<block><region><rect/></region>
<text>
<par>
<line>Orientations d "Aménagement et de Programmation 2/28</line></par>
</text>
</block>
<block><region><rect/></region>
<text>
<par>
<line>Contexte global</line></par>
</text>
</block>


</page>
<page width="1123" height="794" resolution="96">
<block><region><rect/></region>
<text>
<par>
<line>Orientations d'Aménagement et de Programmation 3/28</line></par>
</text>
</block>
<block><region><rect/><rect/><rect/></region>
<text>
<par>
<line>L*article L. 123-1 du Code de [^Urbanisme, version en vigueur du 13 janvier 2011, précise que :</line></par>
<par>
<line>« Le Plan Local d'Urbanisme [...] comprend un rapport de présentation, un projet d’aménagement et de</line>
<line>développement durable, des orientations d’aménagement et de programmation, un règlement et de annexes. »</line></par>
<par>
<line>^article L. 123-1-4 du Code de TUrbanisme, version en vigueur du 13 janvier 2011, indique que ;</line></par>
<par>
<line>« Dans fe respect des orientations définies par le projet d'aménagement et de développement durables, tes</line>
<line>orientations d'aménagement et de programmation comprennent des dispositions portant sur l'aménagement,</line>
<line>!'habitat, les transports et les déplacements ».</line></par>
<par>
<line>Les Orientations d’Aménagement et de Programmation sont facultatives pour les PLU communaux. Cependant, la</line>
<line>commune de Tresserre a fait le choix d’élaborer son PLU de proposer des Orientations d’Aménagement et de</line>
<line>Programmation dans le cadre de Télaboration de son PLU. Pour compléter le caractère global et général des</line>
<line>grandes orientations du PADD, le principe a été retenu d’élaborer des Orientations d’Aménagement et de</line>
<line>Programmation sur l’ensemble des secteurs de développement (zones 1AU et 2AU). Elles concernent les</line>
<line>périmètres d’étude où les projets et enjeux d’aménagement sont importants et nécessitent un cadrage de la part de</line>
<line>la commune.</line></par>
<par>
<line>Elles sont compatibles avec les objectifs fixés dans le PADD.</line></par>
</text>
</block>
<block><region><rect/></region>
<text>
<par>
<line>Ces Orientations d’Aménagement et de Programmation (pièce n^d du PLU), qui constituent une pièce nouvelle par</line>
<line>rapport au contenu du POS, sont un complément au règlement du PLU dans la mesure où, conformément à l’article</line>
<line>L. 123*5 du Code de l’Urbanisme, elles sont opposables, en termes de compatibilité, aux demandes d’autorisation</line>
<line>d’occuper et d’utiliser le sol, alors même que le règlement s’impose en termes de conformité. Ainsi, un projet</line>
<line>localisé dans un site faisant l’objet d’Orientadons d’Aménagement et de Programmation devra non seulement être</line>
<line>conforme au règlement applicable dans le secteur concerné, mais également compatibles avec les Orientations</line>
<line>d’Aménagement et de Programmation définies pour ledit secteur.</line></par>
<par>
<line>Les Orientations d’Aménagement et de Programmation ont été réalisées par l’agence b+p et formalisées par Info</line>
<line>Concept.</line></par>
</text>
</block>





<block blockType="Picture" blockName="" l="90" t="27" r="1114" b="48"><region><rect/></region>
</block>
</page>
<page width="1126" height="799" resolution="96">
<block><region><rect/></region>
<text>
<par>
<line>Orientations d'Aménagement et de Programmation 4/26</line></par>
</text>
</block>
<block><region><rect/></region>
<text>
<par>
<line>LA ZONE URBAINE- LES SECTEURS CONCERNES PAR L'EVOLUTION PROGRAMEE</line></par>
</text>
</block>
<block><region><rect/><rect/></region>
<text>
<par>
<line>Les extensions programmées doivent assurer une continuité avec le bourg existant et créer de véritables quartiers.</line></par>
<par>
<line>Il y est aussi question de mixité sociale, les projets de développement devant favoriser raccueil de publics variés, en</line>
<line>diversifiant Toffre de logements et en répondant aux nouvelles attentes des citoyens (confort, qualité architecturale,</line>
<line>économie, écologie).</line></par>
</text>
</block>
<block><region><rect/></region>
<text>
<par>
<line>LBOeULOLJAMtrtt</line></par>
</text>
</block>
<block><region><rect/></region>
<text>
<par/>
</text>
</block>
<block><region><rect/></region>
<text>
<par>
<line>J</line></par>
</text>
</block>
<block><region><rect/></region>
<text>
<par/>
</text>
</block>
<block><region><rect/></region>
<text>
<par/>
</text>
</block>
<block><region><rect/></region>
<text>
<par>
<line>à</line></par>
</text>
</block>
<block><region><rect/></region>
<text>
<par/>
</text>
</block>
<block><region><rect/></region>
<text>
<par/>
</text>
</block>
<block><region><rect/></region>
<text>
<par/>
</text>
</block>
<block><region><rect/></region>
<text>
<par>
<line>rv</line></par>
</text>
</block>
<block><region><rect/></region>
<text>
<par/>
</text>
</block>
<block><region><rect/></region>
<text>
<par/>
</text>
</block>
<block><region><rect/></region>
<text>
<par>
<line>lk. \</line></par>
</text>
</block>
<block><region><rect/></region>
<text>
<par/>
</text>
</block>
<block><region><rect/></region>
<text>
<par>
<line>J</line></par>
</text>
</block>
<block><region><rect/></region>
<text>
<par>
<line>|| r</line></par>
</text>
</block>
<block><region><rect/></region>
<text>
<par/>
</text>
</block>
<block><region><rect/></region>
<text>
<par/>
</text>
</block>
<block><region><rect/></region>
<text>
<par>
<line>/ /</line></par>
</text>
</block>
<block><region><rect/></region>
<text>
<par/>
</text>
</block>
<block><region><rect/></region>
<text>
<par>
<line>'V</line></par>
</text>
</block>
<block><region><rect/></region>
<text>
<par>
<line>J</line></par>
</text>
</block>
<block><region><rect/></region>
<text>
<par/>
</text>
</block>
<block><region><rect/></region>
<text>
<par/>
</text>
</block>
<block><region><rect/></region>
<text>
<par/>
</text>
</block>
<block><region><rect/></region>
<text>
<par/>
</text>
</block>
<block><region><rect/></region>
<text>
<par/>
</text>
</block>
<block><region><rect/></region>
<text>
<par>
<line>A^tngLASAa</line></par>
</text>
</block>
<block><region><rect/></region>
<text>
<par>
<line>Toute opération d'aménagement liée à Thabitâtdoit être considérée comme la création d'un nouveau quartier, et à ce titre,</line>
<line>qu'elle soit en extension de bourg ou intégrée au tissu bâti existant, doit s'inscrire dans fa continuité.</line></par>
<par>
<line>Pour cela, créer une « bonne greffe » nécessite d'aller au-delà d'un simple découpage parcellaire géométrique, et doit</line>
<line>reposer sur un projet urbain et paysager, prenant en compte les composantes du territoire.</line></par>
<par>
<line>Le travail doit être mené en concertation avec l'ensemble des intervenants (architectes, urbanistes, paysagistes,</line>
<line>géomètres, élus, responsables de l'urbanisme, promoteurs, opérateurs techniques...). Le lotissement constitue alors un</line>
<line>projet urbain et non plus une opération de division de terrain.</line></par>
</text>
</block>
















<block blockType="Picture" blockName="" l="88" t="31" r="1112" b="53"><region><rect/></region>
</block>
</page>
<page width="1123" height="794" resolution="96">
<block><region><rect/></region>
<text>
<par>
<line>Orientations dAménagement et de Programmation 5/28</line></par>
</text>
</block>
<block><region><rect/></region>
<text>
<par>
<line>&gt;</line></par>
</text>
</block>
<block><region><rect/></region>
<text>
<par>
<line>r</line></par>
</text>
</block>
<block><region><rect/><rect/><rect/><rect/></region>
<text>
<par/>
</text>
</block>
<block><region><rect/></region>
<text>
<par/>
</text>
</block>
<block><region><rect/></region>
<text>
<par>
<line>a «</line></par>
</text>
</block>
<block><region><rect/></region>
<text>
<par/>
</text>
</block>
<block><region><rect/></region>
<text>
<par>
<line>1-y</line></par>
</text>
</block>
<block><region><rect/></region>
<text>
<par>
<line>v% •</line></par>
</text>
</block>
<block><region><rect/></region>
<text>
<par>
<line>✓</line></par>
</text>
</block>
<block><region><rect/></region>
<text>
<par>
<line>%</line></par>
</text>
</block>
<block><region><rect/></region>
<text>
<par/>
</text>
</block>
<block><region><rect/></region>
<text>
<par/>
</text>
</block>
<block><region><rect/></region>
<text>
<par>
<line>&lt;k</line></par>
</text>
</block>
<block><region><rect/><rect/></region>
<text>
<par>
<line>* A.</line></par>
</text>
</block>
<block><region><rect/></region>
<text>
<par>
<line>•ÏW-*.</line></par>
</text>
</block>
<block><region><rect/></region>
<text>
<par/>
</text>
</block>
<block><region><rect/></region>
<text>
<par/>
</text>
</block>
<block><region><rect/></region>
<text>
<par/>
</text>
</block>
<block><region><rect/></region>
<text>
<par/>
</text>
</block>
<block><region><rect/></region>
<text>
<par>
<line>•%</line></par>
</text>
</block>
<block><region><rect/></region>
<text>
<par>
<line>/</line></par>
</text>
</block>
<block><region><rect/></region>
<text>
<par>
<line>V</line></par>
</text>
</block>
<block><region><rect/></region>
<text>
<par/>
</text>
</block>
<block><region><rect/><rect/></region>
<text>
<par/>
</text>
</block>
<block><region><rect/></region>
<text>
<par>
<line>Orientations d’Aménagement et de</line>
<line>Programmation au niveau du village :</line></par>
<par>
<line>^ Zone 1AU1 « Serrât d’en Calcine »</line></par>
</text>
</block>












<block blockType="Picture" blockName="" l="25" t="28" r="1110" b="49"><region><rect/></region>
</block>
</page>
<page width="1126" height="798" resolution="96">
<block><region><rect/></region>
<text orientation="RotatedCounterclockwise">
<par/>
</text>
</block>
<block><region><rect/></region>
<text>
<par>
<line>Oheniations d'Aménagement et de Programmation 6/28</line></par>
</text>
</block>
<block><region><rect/></region>
<text>
<par>
<line>ZONE 1AU1 « SERRAT O’EN CALCINE »</line></par>
</text>
</block>
<block><region><rect/></region>
<text>
<par/>
</text>
</block>
<block><region><rect/></region>
<text>
<par>
<line>UPACB wt</line></par>
</text>
</block>
<block><region><rect/></region>
<text>
<par/>
</text>
</block>
<block><region><rect/></region>
<text>
<par>
<line>OUR</line></par>
</text>
</block>
<block><region><rect/></region>
<text>
<par>
<line>MV ATIM MUA</line></par>
</text>
</block>
<block><region><rect/></region>
<text>
<par>
<line>KàMTftT</line></par>
</text>
</block>
<block><region><rect/></region>
<text>
<par/>
</text>
</block>
<block><region><rect/></region>
<text>
<par/>
</text>
</block>
<block><region><rect/></region>
<text>
<par>
<line>♦ /#</line></par>
</text>
</block>
<block><region><rect/></region>
<text>
<par>
<line>1</line></par>
</text>
</block>
<block><region><rect/></region>
<text>
<par>
<line>.a</line></par>
</text>
</block>
<block><region><rect/></region>
<text>
<par/>
</text>
</block>
<block><region><rect/></region>
<text>
<par/>
</text>
</block>
<block><region><rect/></region>
<text>
<par>
<line>Æ</line></par>
</text>
</block>
<block><region><rect/></region>
<text>
<par/>
</text>
</block>
<block><region><rect/></region>
<text>
<par>
<line>4</line></par>
</text>
</block>
<block><region><rect/></region>
<text>
<par/>
</text>
</block>
<block><region><rect/></region>
<text>
<par>
<line>/</line></par>
</text>
</block>
<block><region><rect/></region>
<text>
<par/>
</text>
</block>
<block><region><rect/></region>
<text>
<par/>
</text>
</block>
<block><region><rect/></region>
<text>
<par>
<line>Problématique :</line></par>
<par>
<line>1. Conflits crées par les circulations automobiles qui traversent</line>
<line>te village en direction de Passa. La voirie étroite du centre</line>
<line>ancien n'est pas calibrée pour un trafic intense et est déjà</line>
<line>saturée par les déplacements internes au village.</line></par>
<par>
<line>2. Absence de caractérisation de la voirie urbaine : les limites</line>
<line>entre ville et campagne sont assez indéfinies. L’absence de</line>
<line>signalétique et d’éléments de communication repérables, ainsi</line>
<line>que la vision à peine perceptible du centre ne permettent pas</line>
<line>d'annoncer la zone urbaine.</line></par>
<par>
<line>3. Le secteur est en plein développement» un nouveaux</line>
<line>quartier s’est créé sur la limite Est de la vole d’accès au centre</line>
<line>bourg ; des parcelles en friche se trouvent en face dans un</line>
<line>emplacement d’exception.</line></par>
</text>
</block>
<block><region><rect/></region>
<text>
<par>
<line>Enjeux :</line></par>
<par>
<line>La création d’un carrefour et d’une vole de contournement répondent à plusieurs</line></par>
<par>
<line>problématiques en plus de celles énoncées :</line></par>
<par>
<line>• Ces créations amélioreront l’identification de l’entrée de ville. Elles</line>
<line>permettront d'éviter la traversée du centre ville et canaliseront les flux de</line>
<line>véhicules vers Passa. Ce contournement permettra de réduire les nuisances en</line>
<line>centre ville causées par la circulation automobile sur une voirie relativement</line>
<line>étroite et déjà saturée aux heures de pointe par les déplacements propres à la</line>
<line>commune.</line></par>
<par>
<line>• Elles permettront de mieux gérer la notion d'entrée de ville par un changement</line>
<line>de statut de la voirie.</line></par>
<par>
<line>• Elles faciliteront le tracé des voiries qui desserviront les nouveaux quartiers.</line></par>
<par>
<line>• Le tracé prévu de la future rocade s'appuie sur des éléments du paysage tels</line>
<line>que la cassure de pente soulignée par une masse végétale.</line></par>
</text>
</block>
<block><region><rect/></region>
<text>
<par>
<line>.///t î y/i. T</line></par>
</text>
</block>
<block><region><rect/><rect/></region>
<text>
<par>
<line>•f ‘</line></par>
</text>
</block>
<block><region><rect/></region>
<text>
<par/>
</text>
</block>
<block><region><rect/></region>
<text>
<par/>
</text>
</block>
<block><region><rect/></region>
<text>
<par/>
</text>
</block>
<block><region><rect/></region>
<text>
<par/>
</text>
</block>
<block><region><rect/></region>
<text>
<par>
<line>% % -</line></par>
</text>
</block>
<block><region><rect/></region>
<text>
<par/>
</text>
</block>
<block><region><rect/></region>
<text>
<par>
<line>%</line></par>
</text>
</block>
<block><region><rect/></region>
<text>
<par/>
</text>
</block>
<block><region><rect/></region>
<text>
<par/>
</text>
</block>
<block><region><rect/></region>
<text>
<par/>
</text>
</block>
<block><region><rect/></region>
<text>
<par/>
</text>
</block>
<block><region><rect/></region>
<text>
<par/>
</text>
</block>
<block><region><rect/></region>
<text>
<par>
<line>V __</line></par>
</text>
</block>


















<block blockType="Picture" blockName="" l="88" t="30" r="1112" b="51"><region><rect/></region>
</block>
<block blockType="Picture" blockName="" l="27" t="75" r="44" b="230"><region><rect/></region>
</block>
</page>
<page width="1123" height="794" resolution="96">
<block><region><rect/></region>
<text>
<par>
<line>Orientations d'Amènagement et de Programmation 7t2S</line></par>
</text>
</block>
<block><region><rect/></region>
<text>
<par/>
</text>
</block>
<block><region><rect/></region>
<text>
<par>
<line>RC^40i WKteOa ■•age^mlsMaO Ceatn</line></par>
<par>
<line>Mb****</line></par>
<par>
<line>PorcMMWBrqei dsiMe«</line></par>
<par>
<line>CMtras ttsMrwt» du mua«d" uxi QM</line>
<line>iroiuMe otniNM»</line></par>
</text>
</block>
<block><region><rect/></region>
<text>
<par>
<line>Ei*|É)u&lt;sv( «od H</line>
<line>eMcn fU" ««lefcur «( !•</line>
<line>«(■1 » IB ttsiOXH n PlHk</line>
<line>EW«N'l0«'RBfMWO Su</line></par>
</text>
</block>
<block><region><rect/></region>
<text>
<par>
<line>«SM9 maSoMM (oa</line>
<line>MSuBww t«n«« «</line></par>
<par>
<line>MmmS VBcKaB natuwt</line></par>
<par>
<line>r vc &gt;••</line></par>
<par>
<line>&gt;•»</line></par>
<par>
<line>leWiiUCS</line></par>
</text>
</block>
<block><region><rect/></region>
<text>
<par>
<line>L» &gt; »■ ** «v^flpu ■»</line></par>
<par>
<line>gotM Oi « Mte M le k«««u %Él i"H9« wW</line>
<line>0«M« lin Bioiq^le '««•en 'W4u)i</line>
<line>NBirai*è»ne»—"I</line></par>
</text>
</block>
<block><region><rect/></region>
<text>
<par>
<line>r</line></par>
</text>
</block>
<block><region><rect/></region>
<text>
<par>
<line>b</line></par>
</text>
</block>
<block><region><rect/></region>
<text>
<par>
<line>UM •• «noare</line></par>
<par>
<line>9iarv.(« MOSoDOn aVOMSSBe*</line>
<line>oe»ui Muaiw t «wx'BBSWVq;*'</line></par>
<par>
<line>voffavo</line></par>
</text>
</block>
<block><region><rect/></region>
<text>
<par>
<line>L ENTREE DE VILLE AU NIVEAU DE LA RD 40</line></par>
</text>
</block>
<block><region><rect/></region>
<text>
<par>
<line>La rèflêxion est portée sur la mise en place d*un dispositif plus vaste que</line>
<line>le simple panneau d’entrée d’agglomération.</line></par>
<par>
<line>Un traitement particulier consistant à aménager les entrées de ville et la</line>
<line>voirie principale est proposé ;</line></par>
<par>
<line>• Mettre en œuvre des dispositifs pour ordonner la circulation et le</line>
<line>trafic des véhicules ;</line></par>
<par>
<line>» Permettre de doubler la voirie en aménageant un chemin de</line>
<line>promenade et assurer ainsi la réduction des risques liés à la proximité</line>
<line>de la circulation automobile ;</line></par>
<par>
<line>* Renforcer la végétation dans des points précis» tels que le front bâti</line>
<line>aux premiers abords» les cheminement doux et les espaces publics.</line></par>
<par>
<line>La RO 40 est un axe majeur sur lequel viennent s’appuyer de façon</line>
<line>axiale les l’opérations d'aménagements prévues et celles en cours de</line>
<line>réalisation comme l’opération « Les Jardins de Lucile ».</line></par>
</text>
</block>
<block><region><rect/></region>
<text>
<par/>
</text>
</block>
<block><region><rect/></region>
<text>
<par>
<line>-î</line></par>
</text>
</block>
<block><region><rect/></region>
<text>
<par>
<line>■ftp'.</line></par>
</text>
</block>
<block><region><rect/><rect/></region>
<text>
<par/>
</text>
</block>
<block><region><rect/></region>
<text>
<par>
<line>S</line></par>
</text>
</block>
<block><region><rect/></region>
<text>
<par/>
</text>
</block>
<block><region><rect/></region>
<text>
<par>
<line>ei.,r^</line></par>
</text>
</block>
<block><region><rect/></region>
<text>
<par>
<line>. ««0</line></par>
</text>
</block>
<block><region><rect/></region>
<text>
<par/>
</text>
</block>
<block><region><rect/></region>
<text>
<par>
<line>PMAlSUBO ■OC&lt;&gt;OC</line></par>
</text>
</block>
<block><region><rect/></region>
<text>
<par>
<line>Xc</line></par>
</text>
</block>
<block><region><rect/></region>
<text>
<par/>
</text>
</block>
<block><region><rect/></region>
<text>
<par>
<line>"4</line></par>
</text>
</block>
<block><region><rect/></region>
<text>
<par>
<line>MTtfj</line></par>
</text>
</block>
<block><region><rect/></region>
<text>
<par>
<line>J •</line></par>
</text>
</block>
<block><region><rect/></region>
<text>
<par/>
</text>
</block>
<block><region><rect/></region>
<text>
<par>
<line>&lt;9*0</line></par>
</text>
</block>
<block><region><rect/></region>
<text>
<par/>
</text>
</block>
<block><region><rect/></region>
<text>
<par/>
</text>
</block>
<block><region><rect/></region>
<text>
<par>
<line>*•4</line></par>
</text>
</block>
<block><region><rect/></region>
<text>
<par>
<line>(«CRU uB. tt « ven if vx^Ace</line></par>
</text>
</block>











































</page>
<page width="3514" height="2488" resolution="300">
<block><region><rect/></region>
<text>
<par>
<line>Orientations d’Aménagement et de Programmation 8/28</line></par>
</text>
</block>
<block><region><rect/></region>
<text>
<par>
<line>?»</line></par>
</text>
</block>
<block><region><rect/></region>
<text>
<par/>
</text>
</block>
<block><region><rect/></region>
<text>
<par>
<line>* /#</line></par>
</text>
</block>
<block><region><rect/></region>
<text>
<par>
<line>«v ~</line></par>
</text>
</block>
<block><region><rect/><rect/><rect/><rect/></region>
<text>
<par>
<line>-////.ïsi-’" i, *</line></par>
</text>
</block>
<block><region><rect/></region>
<text>
<par>
<line>Tl</line></par>
</text>
</block>
<block><region><rect/></region>
<text>
<par/>
</text>
</block>
<block><region><rect/></region>
<text>
<par/>
</text>
</block>
<block><region><rect/></region>
<text>
<par>
<line>»r</line></par>
</text>
</block>
<block><region><rect/></region>
<text>
<par>
<line>K-</line></par>
</text>
</block>
<block><region><rect/></region>
<text>
<par/>
</text>
</block>
<block><region><rect/></region>
<text>
<par/>
</text>
</block>
<block><region><rect/></region>
<text>
<par>
<line>S</line></par>
</text>
</block>
<block><region><rect/></region>
<text>
<par/>
</text>
</block>
<block><region><rect/></region>
<text>
<par>
<line>/</line></par>
</text>
</block>
<block><region><rect/></region>
<text>
<par>
<line>•V</line></par>
</text>
</block>
<block><region><rect/></region>
<text>
<par>
<line>4</line></par>
</text>
</block>
<block><region><rect/></region>
<text>
<par>
<line>/</line></par>
</text>
</block>
<block><region><rect/></region>
<text>
<par/>
</text>
</block>
<block><region><rect/></region>
<text>
<par/>
</text>
</block>
<block><region><rect/></region>
<text>
<par>
<line>/</line></par>
</text>
</block>
<block><region><rect/></region>
<text>
<par>
<line>V</line></par>
</text>
</block>
<block><region><rect/></region>
<text>
<par>
<line>s. ^</line></par>
</text>
</block>
<block><region><rect/></region>
<text>
<par>
<line>V</line></par>
</text>
</block>
<block><region><rect/></region>
<text>
<par/>
</text>
</block>
<block><region><rect/></region>
<text>
<par>
<line>Orientations d'Aménagement et de</line>
<line>Programmation au niveau du village :</line></par>
<par>
<line>^ Zone 1AU1 « Camp de la Gaze »</line></par>
</text>
</block>













<block blockType="Picture" blockName="" l="85" t="89" r="3472" b="153"><region><rect/></region>
</block>
</page>
<page width="1123" height="794" resolution="96">
<block><region><rect/></region>
<text>
<par>
<line>ZONE 1 AUI « CAMP DE LA CAZE »</line></par>
</text>
</block>
<block><region><rect/></region>
<text>
<par/>
</text>
</block>
<block><region><rect/></region>
<text>
<par>
<line>%</line></par>
</text>
</block>
<block><region><rect/></region>
<text>
<par>
<line>AT</line></par>
</text>
</block>
<block><region><rect/></region>
<text>
<par/>
</text>
</block>
<block><region><rect/></region>
<text>
<par/>
</text>
</block>
<block><region><rect/></region>
<text>
<par>
<line>ECRAN VEGETAL</line>
<line>EN LIMITE</line>
<line>D'URBANISATION</line></par>
</text>
</block>
<block><region><rect/></region>
<text>
<par/>
</text>
</block>
<block><region><rect/></region>
<text>
<par>
<line>%</line></par>
</text>
</block>
<block><region><rect/></region>
<text>
<par>
<line>Û/ientat/ons d’Aménagement et de Programmation 9/28</line></par>
</text>
</block>
<block><region><rect/></region>
<text>
<par>
<line>Enjeux</line></par>
<par>
<line>Le développement proposé pour le secteur SE viendra établir une limite</line>
<line>franche à rurbanisation tout en continuité avec Texistant.</line></par>
<par>
<line>L'urbanisation du secteur participera à définir rentrée de ville, raison</line>
<line>pour laquelle un retrait de 5 mètres par rapport a la limite de la route est</line>
<line>proposé. Ce retrait permettra la mise en place d'un dispositif paysager,</line>
<line>en vue de l’aménagement de l’avenue de Nidolères.</line></par>
</text>
</block>
<block><region><rect/></region>
<text>
<par>
<line>^ &lt;•</line></par>
</text>
</block>
<block><region><rect/></region>
<text>
<par>
<line>-7</line></par>
</text>
</block>
<block><region><rect/></region>
<text>
<par/>
</text>
</block>
<block><region><rect/></region>
<text>
<par/>
</text>
</block>
<block><region><rect/></region>
<text>
<par>
<line>■îvcVl-y *</line></par>
</text>
</block>
<block><region><rect/></region>
<text>
<par/>
</text>
</block>
<block><region><rect/></region>
<text>
<par/>
</text>
</block>
<block><region><rect/></region>
<text>
<par/>
</text>
</block>
<block><region><rect/></region>
<text>
<par/>
</text>
</block>
<block><region><rect/></region>
<text>
<par>
<line>•- J</line></par>
</text>
</block>
<block><region><rect/></region>
<text>
<par/>
</text>
</block>
<block><region><rect/></region>
<text>
<par/>
</text>
</block>
<block><region><rect/></region>
<text>
<par/>
</text>
</block>
<block><region><rect/></region>
<text>
<par/>
</text>
</block>
<block><region><rect/></region>
<text>
<par/>
</text>
</block>
<block><region><rect/></region>
<text>
<par>
<line>f?7 '</line></par>
</text>
</block>
<block><region><rect/><rect/></region>
<text>
<par/>
</text>
</block>
<block><region><rect/></region>
<text>
<par/>
</text>
</block>
<block><region><rect/></region>
<text>
<par>
<line>y-A</line>
<line>^ «</line></par>
</text>
</block>
<block><region><rect/></region>
<text>
<par/>
</text>
</block>
<block><region><rect/></region>
<text>
<par>
<line>A</line></par>
</text>
</block>
<block><region><rect/></region>
<text>
<par>
<line>V i</line></par>
</text>
</block>
<block><region><rect/></region>
<text>
<par>
<line>S</line></par>
</text>
</block>
<block><region><rect/></region>
<text>
<par/>
</text>
</block>
<block><region><rect/></region>
<text>
<par/>
</text>
</block>
<block><region><rect/></region>
<text>
<par/>
</text>
</block>
<block><region><rect/></region>
<text>
<par>
<line>A</line></par>
</text>
</block>





























<block blockType="Picture" blockName="" l="306" t="254" r="321" b="295"><region><rect/></region>
</block>
<block blockType="Picture" blockName="" l="27" t="373" r="43" b="422"><region><rect/></region>
</block>
</page>
<page width="1126" height="798" resolution="96">
<block><region><rect/></region>
<text>
<par>
<line>Orientations d'Amènagement at de Pt o&lt;f&gt;, *ntm.iiion 10/28</line></par>
</text>
</block>
<block><region><rect/></region>
<text>
<par>
<line>N</line></par>
</text>
</block>
<block><region><rect/></region>
<text>
<par>
<line>vr</line></par>
</text>
</block>
<block><region><rect/></region>
<text>
<par/>
</text>
</block>
<block><region><rect/><rect/></region>
<text>
<par>
<line>g / J</line></par>
</text>
</block>
<block><region><rect/></region>
<text>
<par/>
</text>
</block>
<block><region><rect/></region>
<text>
<par/>
</text>
</block>
<block><region><rect/></region>
<text>
<par/>
</text>
</block>
<block><region><rect/></region>
<text>
<par/>
</text>
</block>
<block><region><rect/></region>
<text>
<par>
<line>M.»</line></par>
</text>
</block>
<block><region><rect/></region>
<text>
<par/>
</text>
</block>
<block><region><rect/></region>
<text>
<par>
<line>^*w -</line></par>
</text>
</block>
<block><region><rect/><rect/></region>
<text>
<par/>
</text>
</block>
<block><region><rect/></region>
<text>
<par/>
</text>
</block>
<block><region><rect/></region>
<text>
<par>
<line>-X 1</line></par>
</text>
</block>
<block><region><rect/></region>
<text>
<par>
<line>/</line></par>
</text>
</block>
<block><region><rect/></region>
<text>
<par>
<line>V</line></par>
</text>
</block>
<block><region><rect/></region>
<text>
<par>
<line>Vi ^</line></par>
</text>
</block>
<block><region><rect/></region>
<text>
<par>
<line>w</line></par>
</text>
</block>
<block><region><rect/></region>
<text>
<par/>
</text>
</block>
<block><region><rect/></region>
<text>
<par>
<line>Orientations d*Aménagement et de</line>
<line>Programmation au niveau du viliage :</line></par>
<par>
<line>^ Zone 2AU « La Femade »</line></par>
</text>
</block>






<block blockType="Picture" blockName="" l="28" t="30" r="1113" b="51"><region><rect/></region>
</block>
</page>
<page width="1123" height="794" resolution="96">
<block><region><rect/></region>
<text>
<par>
<line>Orientations d’Aménagement et de Programmation 11/28</line></par>
</text>
</block>
<block><region><rect/><rect/></region>
<text>
<par>
<line>ZONE 2AU « LA FEMADE »</line></par>
<par>
<line>rt</line></par>
</text>
</block>
<block><region><rect/></region>
<text>
<par/>
</text>
</block>
<block><region><rect/></region>
<text>
<par>
<line>L</line></par>
</text>
</block>
<block><region><rect/></region>
<text>
<par/>
</text>
</block>
<block><region><rect/></region>
<text>
<par>
<line>J --w</line></par>
</text>
</block>
<block><region><rect/></region>
<text>
<par/>
</text>
</block>
<block><region><rect/></region>
<text>
<par/>
</text>
</block>
<block><region><rect/></region>
<text>
<par>
<line>¥</line></par>
</text>
</block>
<block><region><rect/></region>
<text>
<par>
<line>♦</line></par>
</text>
</block>
<block><region><rect/></region>
<text>
<par>
<line>CE*«TRE OE TVESSERREI</line></par>
</text>
</block>
<block><region><rect/></region>
<text>
<par/>
</text>
</block>
<block><region><rect/></region>
<text>
<par/>
</text>
</block>
<block><region><rect/></region>
<text>
<par>
<line>K</line></par>
</text>
</block>
<block><region><rect/></region>
<text>
<par>
<line>\</line></par>
</text>
</block>
<block><region><rect/></region>
<text>
<par/>
</text>
</block>
<block><region><rect/></region>
<text>
<par>
<line>V</line></par>
</text>
</block>
<block><region><rect/></region>
<text>
<par>
<line>fe</line></par>
</text>
</block>
<block><region><rect/></region>
<text>
<par>
<line>4</line></par>
</text>
</block>
<block><region><rect/></region>
<text>
<par>
<line>4</line></par>
</text>
</block>
<block><region><rect/></region>
<text>
<par>
<line>*■</line></par>
</text>
</block>
<block><region><rect/></region>
<text>
<par/>
</text>
</block>
<block><region><rect/></region>
<text>
<par/>
</text>
</block>
<block><region><rect/></region>
<text>
<par>
<line>VEGTTAl.</line></par>
</text>
</block>
<block><region><rect/></region>
<text>
<par>
<line>tCRAH</line></par>
</text>
</block>
<block><region><rect/></region>
<text>
<par>
<line>CM</line></par>
</text>
</block>
<block><region><rect/></region>
<text>
<par>
<line>UIHTC</line></par>
</text>
</block>
<block><region><rect/></region>
<text>
<par>
<line>OVURHIMTI</line></par>
</text>
</block>
<block><region><rect/></region>
<text>
<par>
<line>Je</line></par>
</text>
</block>
<block><region><rect/></region>
<text>
<par/>
</text>
</block>
<block><region><rect/></region>
<text>
<par/>
</text>
</block>
<block><region><rect/></region>
<text>
<par>
<line>#</line></par>
</text>
</block>
<block><region><rect/></region>
<text>
<par/>
</text>
</block>
<block><region><rect/></region>
<text>
<par/>
</text>
</block>
<block><region><rect/></region>
<text>
<par>
<line>iÊt</line></par>
</text>
</block>
<block><region><rect/></region>
<text>
<par/>
</text>
</block>
<block><region><rect/></region>
<text>
<par>
<line>Problématique :</line></par>
</text>
</block>
<block><region><rect/></region>
<text>
<par>
<line>1. Absence de caractérisation de la voirie urbaine ; les limites</line>
<line>entre ville et campagne son assez indéfinies. L'absence de</line>
<line>signalétique et d'éléments de communication repérables, ainsi que</line>
<line>la vision à peine perceptible du centre ne permettent pas</line>
<line>d'annoncer la zone urbaine.</line></par>
<par>
<line>2. Le secteur est en plein développement, un nouveaux quartier</line>
<line>s'est créé sur la limite Est de la voie d'accès au centre bourg.</line></par>
</text>
</block>
<block><region><rect/></region>
<text>
<par>
<line>Enjeux :</line></par>
<par>
<line>• Les aménagements viaires proposés amélioreront i* identification de l'entrée de</line>
<line>ville.</line></par>
<par>
<line>• Ils permettront de mieux gérer la notion d'entrée de ville par un changement de</line>
<line>statut de la voirie.</line></par>
<par>
<line>• Ils faciliteront le tracé des voiries qui desserviront les nouveaux quartiers.</line></par>
</text>
</block>
<block><region><rect/></region>
<text>
<par/>
</text>
</block>
<block><region><rect/></region>
<text>
<par>
<line>^ 9</line></par>
</text>
</block>
<block><region><rect/></region>
<text>
<par>
<line>d</line></par>
</text>
</block>
<block><region><rect/></region>
<text>
<par>
<line>mA</line></par>
</text>
</block>
<block><region><rect/></region>
<text>
<par/>
</text>
</block>
<block><region><rect/></region>
<text>
<par/>
</text>
</block>
<block><region><rect/></region>
<text>
<par/>
</text>
</block>
<block><region><rect/></region>
<text>
<par>
<line>ifc.- 5.</line></par>
</text>
</block>
<block><region><rect/></region>
<text>
<par>
<line>*■ A»</line></par>
</text>
</block>
<block><region><rect/></region>
<text>
<par/>
</text>
</block>
<block><region><rect/></region>
<text>
<par>
<line>✓</line></par>
</text>
</block>
<block><region><rect/></region>
<text>
<par/>
</text>
</block>
<block><region><rect/></region>
<text>
<par>
<line>•r</line></par>
</text>
</block>
<block><region><rect/></region>
<text>
<par>
<line>s:n</line></par>
</text>
</block>
<block><region><rect/></region>
<text>
<par>
<line>4.</line></par>
</text>
</block>
<block><region><rect/><rect/></region>
<text>
<par>
<line>V ^ •</line></par>
</text>
</block>
<block><region><rect/></region>
<text>
<par/>
</text>
</block>
<block><region><rect/></region>
<text>
<par/>
</text>
</block>
<block><region><rect/></region>
<text>
<par/>
</text>
</block>
<block><region><rect/></region>
<text>
<par/>
</text>
</block>
<block><region><rect/></region>
<text>
<par>
<line>V</line></par>
</text>
</block>

























</page>
<page width="1127" height="799" resolution="96">
<block><region><rect/></region>
<text>
<par>
<line>Ori^tât/ons d Amrn.jgement et de ProQr:\mmMion 12/2S</line></par>
</text>
</block>
<block><region><rect/></region>
<text>
<par>
<line>f</line></par>
<par>
<line>y</line></par>
<par>
<line>f&gt;</line></par>
</text>
</block>
<block><region><rect/></region>
<text>
<par>
<line>«</line></par>
</text>
</block>
<block><region><rect/><rect/><rect/></region>
<text>
<par>
<line>J ^ N</line></par>
</text>
</block>
<block><region><rect/></region>
<text>
<par/>
</text>
</block>
<block><region><rect/></region>
<text>
<par>
<line>.\j5</line></par>
</text>
</block>
<block><region><rect/></region>
<text>
<par/>
</text>
</block>
<block><region><rect/></region>
<text>
<par/>
</text>
</block>
<block><region><rect/></region>
<text>
<par/>
</text>
</block>
<block><region><rect/></region>
<text>
<par/>
</text>
</block>
<block><region><rect/></region>
<text>
<par/>
</text>
</block>
<block><region><rect/></region>
<text>
<par/>
</text>
</block>
<block><region><rect/><rect/></region>
<text>
<par/>
</text>
</block>
<block><region><rect/></region>
<text>
<par/>
</text>
</block>
<block><region><rect/></region>
<text>
<par/>
</text>
</block>
<block><region><rect/></region>
<text>
<par/>
</text>
</block>
<block><region><rect/></region>
<text>
<par>
<line>/</line></par>
</text>
</block>
<block><region><rect/></region>
<text>
<par>
<line>v</line></par>
</text>
</block>
<block><region><rect/></region>
<text>
<par>
<line>LX .V r</line></par>
</text>
</block>
<block><region><rect/></region>
<text>
<par>
<line>K</line></par>
</text>
</block>
<block><region><rect/></region>
<text>
<par>
<line>4^</line></par>
</text>
</block>
<block><region><rect/></region>
<text>
<par/>
</text>
</block>
<block><region><rect/></region>
<text>
<par>
<line>&lt;A</line></par>
</text>
</block>
<block><region><rect/></region>
<text>
<par/>
</text>
</block>
<block><region><rect/></region>
<text>
<par/>
</text>
</block>
<block><region><rect/></region>
<text>
<par>
<line>Orientations d’Aménagement et de</line>
<line>Programmation au niveau du village :</line></par>
<par>
<line>^ Zone 2AU « Camp Doutres »</line></par>
</text>
</block>









<block blockType="Picture" blockName="" l="29" t="234" r="44" b="408"><region><rect/></region>
</block>
</page>
<page width="1123" height="794" resolution="96">
<block><region><rect/></region>
<text>
<par>
<line>Orientâtîons d‘Aménagement et de Programmation 13/28</line></par>
</text>
</block>
<block><region><rect/></region>
<text>
<par>
<line>ZONE 2AU « CAMP OOUTRES »</line></par>
</text>
</block>
<block><region><rect/></region>
<text>
<par/>
</text>
</block>
<block><region><rect/></region>
<text>
<par>
<line>AreuËHB</line></par>
<par>
<line>■lUHie/MUK</line></par>
</text>
</block>
<block><region><rect/></region>
<text>
<par>
<line>S</line></par>
</text>
</block>
<block><region><rect/></region>
<text>
<par>
<line>»</line></par>
</text>
</block>
<block><region><rect/></region>
<text>
<par>
<line>V</line></par>
</text>
</block>
<block><region><rect/></region>
<text>
<par/>
</text>
</block>
<block><region><rect/></region>
<text>
<par/>
</text>
</block>
<block><region><rect/></region>
<text>
<par>
<line>PAlUUMtt</line></par>
</text>
</block>
<block><region><rect/></region>
<text>
<par>
<line>rcûLi</line></par>
</text>
</block>
<block><region><rect/></region>
<text>
<par>
<line>CIMETICirE</line></par>
</text>
</block>
<block><region><rect/></region>
<text>
<par>
<line>EMSIKVBIfTB</line></par>
</text>
</block>
<block><region><rect/></region>
<text>
<par>
<line>eaLuenFa</line></par>
</text>
</block>
<block><region><rect/></region>
<text>
<par>
<line>SXTCNtlON</line></par>
<par>
<line>CMETIBIIC</line></par>
</text>
</block>
<block><region><rect/></region>
<text>
<par>
<line>V INOIVPUBL</line>
<line>/</line></par>
</text>
</block>
<block><region><rect/></region>
<text>
<par>
<line>r</line></par>
</text>
</block>
<block><region><rect/></region>
<text>
<par>
<line>HABBTAT</line></par>
</text>
</block>
<block><region><rect/></region>
<text>
<par>
<line>EenAN vEsnai</line>
<line>■N CIHITE</line>
<line>eMMAMMOVN</line></par>
</text>
</block>
<block><region><rect/></region>
<text>
<par>
<line>mittfiMjn</line></par>
</text>
</block>
<block><region><rect/></region>
<text>
<par>
<line>y</line></par>
</text>
</block>
<block><region><rect/></region>
<text>
<par>
<line>y</line></par>
</text>
</block>
<block><region><rect/></region>
<text>
<par>
<line>TVAJTDlICNr VBMTAL</line>
<line>M LTNTaee bb ville</line></par>
</text>
</block>
<block><region><rect/></region>
<text>
<par>
<line>A</line></par>
</text>
</block>
<block><region><rect/></region>
<text>
<par>
<line>Enjeux</line></par>
<par>
<line>* Le projet communal est en marche. Le secteur Sud-ouest</line>
<line>de la ville doit accueillir un pôle éducatK avec des espaces de</line>
<line>loisirs, les services municipaux et un projet d'habitat semi-</line>
<line>Gollecüf pouvant intégrer des logements sociaux.</line></par>
<par>
<line>Le plateau autour du cimetière se décline en pente douce vers</line>
<line>le Sud-est. Il est un secteur propice à l’urbanisation.</line></par>
<par>
<line>• Le développement proposé pour le secteur Sud-est</line>
<line>viendra établir une limite franche à l’urbanisation avec un</line>
<line>impact contrôlé sur l'espace agricole.</line></par>
<par>
<line>♦ L'urbanisation du secteur participera à définir l'entrée de</line>
<line>ville.</line></par>
</text>
</block>
<block><region><rect/></region>
<text>
<par>
<line>Quant au paysage, les marges et transitions seront étudiées de façon</line>
<line>attentive pour s'appuyer sur les éléments naturels préexistants tels que</line>
<line>les ruisseaux, les contraintes topographiques, les bosquets et autres</line>
<line>présences végétales.</line></par>
<par>
<line>Des distances à respecter pour les futurs quartiers seront établies par</line>
<line>rapport aux éléments naturels, la voirie et les bâtiments publics.</line></par>
<par>
<line>Une attention particulière devra être accordée à la mise en place de</line>
<line>circulations douces pour faciliter raccès aux installations publiques.</line></par>
<par>
<line>Le CV2 sera traité en « entrée de ville » avec la mise en place d'une</line>
<line>contre-allée, au droit de ses abords, pour mieux desservir les quartiers et</line>
<line>aussi en prévision du futur fonctionnement des équipements communaux.</line>
<line>Il s’agira d’une nouvelle centralité.</line></par>
</text>
</block>
<block><region><rect/><rect/></region>
<text>
<par>
<line>/h y-7/ -</line></par>
</text>
</block>
<block><region><rect/></region>
<text>
<par>
<line>5</line></par>
</text>
</block>
<block><region><rect/></region>
<text>
<par/>
</text>
</block>
<block><region><rect/></region>
<text>
<par/>
</text>
</block>
<block><region><rect/></region>
<text>
<par/>
</text>
</block>
<block><region><rect/></region>
<text>
<par/>
</text>
</block>
<block><region><rect/></region>
<text>
<par/>
</text>
</block>
<block><region><rect/></region>
<text>
<par>
<line>v*</line></par>
</text>
</block>
<block><region><rect/><rect/></region>
<text>
<par>
<line>•T' l'^VS***</line></par>
</text>
</block>
<block><region><rect/></region>
<text>
<par/>
</text>
</block>
<block><region><rect/></region>
<text>
<par>
<line>%</line></par>
</text>
</block>
<block><region><rect/></region>
<text>
<par>
<line>✓</line></par>
</text>
</block>
<block><region><rect/></region>
<text>
<par/>
</text>
</block>
<block><region><rect/></region>
<text>
<par>
<line>♦</line></par>
</text>
</block>
<block><region><rect/></region>
<text>
<par>
<line>v:</line></par>
</text>
</block>
<block><region><rect/></region>
<text>
<par>
<line>K</line></par>
</text>
</block>
















</page>
<page width="1123" height="794" resolution="96">
<block><region><rect/></region>
<text>
<par>
<line>Orientations d’Aménagement et de Programmation 14/26</line></par>
</text>
</block>
<block><region><rect/></region>
<text>
<par>
<line>»</line></par>
</text>
</block>
<block><region><rect/></region>
<text>
<par>
<line>i</line></par>
</text>
</block>
<block><region><rect/><rect/></region>
<text>
<par/>
</text>
</block>
<block><region><rect/></region>
<text>
<par>
<line>»</line></par>
</text>
</block>
<block><region><rect/></region>
<text>
<par/>
</text>
</block>
<block><region><rect/></region>
<text>
<par>
<line>r</line></par>
</text>
</block>
<block><region><rect/></region>
<text>
<par/>
</text>
</block>
<block><region><rect/></region>
<text>
<par/>
</text>
</block>
<block><region><rect/></region>
<text>
<par>
<line>v% -</line></par>
</text>
</block>
<block><region><rect/></region>
<text>
<par>
<line>J'</line></par>
</text>
</block>
<block><region><rect/></region>
<text>
<par/>
</text>
</block>
<block><region><rect/></region>
<text>
<par/>
</text>
</block>
<block><region><rect/></region>
<text>
<par>
<line>•.« . 4</line></par>
</text>
</block>
<block><region><rect/></region>
<text>
<par>
<line>♦ ♦</line></par>
</text>
</block>
<block><region><rect/></region>
<text>
<par/>
</text>
</block>
<block><region><rect/><rect/></region>
<text>
<par>
<line>k •% t ^ -.</line></par>
</text>
</block>
<block><region><rect/></region>
<text>
<par/>
</text>
</block>
<block><region><rect/></region>
<text>
<par/>
</text>
</block>
<block><region><rect/></region>
<text>
<par>
<line>K</line></par>
</text>
</block>
<block><region><rect/></region>
<text>
<par>
<line>A</line></par>
</text>
</block>
<block><region><rect/></region>
<text>
<par/>
</text>
</block>
<block><region><rect/></region>
<text>
<par/>
</text>
</block>
<block><region><rect/></region>
<text>
<par>
<line>V</line></par>
</text>
</block>
<block><region><rect/></region>
<text>
<par>
<line>.v \ ^</line></par>
</text>
</block>
<block><region><rect/></region>
<text>
<par/>
</text>
</block>
<block><region><rect/></region>
<text>
<par/>
</text>
</block>
<block><region><rect/></region>
<text>
<par>
<line>Orientations d’Aménagement et de</line>
<line>Programmation au niveau du village :</line></par>
<par>
<line>^ Zone 2AUa «e Les Coulouminettes »</line></par>
</text>
</block>









<block blockType="Picture" blockName="" l="24" t="142" r="40" b="172"><region><rect/></region>
</block>
</page>
<page width="1123" height="794" resolution="96">
<block><region><rect/></region>
<text>
<par>
<line>Orientations d'Aménagement et de Programmation 15i28</line></par>
</text>
</block>
<block><region><rect/></region>
<text>
<par>
<line>L</line></par>
</text>
</block>
<block><region><rect/></region>
<text>
<par>
<line>ZONE 2AUa « LES COULOUMINETTES »</line></par>
</text>
</block>
<block><region><rect/></region>
<text>
<par>
<line>♦</line></par>
</text>
</block>
<block><region><rect/></region>
<text>
<par/>
</text>
</block>
<block><region><rect/></region>
<text>
<par>
<line>* CEMTBE OE TBBlSUrCtf</line></par>
</text>
</block>
<block><region><rect/></region>
<text>
<par>
<line>%</line></par>
</text>
</block>
<block><region><rect/></region>
<text>
<par>
<line>é</line></par>
</text>
</block>
<block><region><rect/></region>
<text>
<par>
<line>flH</line></par>
</text>
</block>
<block><region><rect/></region>
<text>
<par/>
</text>
</block>
<block><region><rect/></region>
<text>
<par>
<line>;</line></par>
</text>
</block>
<block><region><rect/></region>
<text>
<par>
<line>HABIT</line></par>
<par>
<line>miBEi</line></par>
</text>
</block>
<block><region><rect/></region>
<text>
<par>
<line>1</line></par>
</text>
</block>
<block><region><rect/></region>
<text>
<par/>
</text>
</block>
<block><region><rect/></region>
<text>
<par>
<line>IAb-</line></par>
</text>
</block>
<block><region><rect/></region>
<text>
<par/>
</text>
</block>
<block><region><rect/></region>
<text>
<par/>
</text>
</block>
<block><region><rect/></region>
<text>
<par>
<line>■hbttittbbi»</line></par>
<par>
<line>IciKLCeTIP I</line></par>
</text>
</block>
<block><region><rect/></region>
<text>
<par>
<line>ATIUBRB</line></par>
</text>
</block>
<block><region><rect/></region>
<text>
<par>
<line>Mtr</line></par>
</text>
</block>
<block><region><rect/></region>
<text>
<par>
<line>MUH CIMUE</line></par>
</text>
</block>
<block><region><rect/></region>
<text>
<par>
<line>\</line></par>
</text>
</block>
<block><region><rect/></region>
<text>
<par>
<line>9</line></par>
</text>
</block>
<block><region><rect/></region>
<text>
<par/>
</text>
</block>
<block><region><rect/></region>
<text>
<par/>
</text>
</block>
<block><region><rect/></region>
<text>
<par>
<line>5V</line></par>
</text>
</block>
<block><region><rect/></region>
<text>
<par>
<line>4</line></par>
</text>
</block>
<block><region><rect/></region>
<text>
<par>
<line>EABKIHB</line></par>
</text>
</block>
<block><region><rect/></region>
<text>
<par>
<line>BCOLI</line></par>
</text>
</block>
<block><region><rect/></region>
<text>
<par>
<line>eiUETIEEE</line></par>
</text>
</block>
<block><region><rect/></region>
<text>
<par>
<line>A</line></par>
</text>
</block>
<block><region><rect/></region>
<text>
<par>
<line>e</line></par>
</text>
</block>
<block><region><rect/></region>
<text>
<par>
<line>eouipeM</line></par>
</text>
</block>
<block><region><rect/></region>
<text>
<par>
<line>eOCLCCTV</line></par>
</text>
</block>
<block><region><rect/></region>
<text>
<par>
<line>BXTVMBIOH</line></par>
<par>
<line>CIMBTIRe</line></par>
</text>
</block>
<block><region><rect/></region>
<text>
<par>
<line>/</line></par>
</text>
</block>
<block><region><rect/></region>
<text>
<par/>
</text>
</block>
<block><region><rect/></region>
<text>
<par>
<line>Enjeux</line></par>
</text>
</block>
<block><region><rect/><rect/><rect/><rect/><rect/><rect/><rect/><rect/><rect/><rect/></region>
<text>
<par>
<line>* Le projet communal est en marche. Le secteur Sud&gt;</line>
<line>ouest de la ville doit accueillir un pôle éducatif avec des</line>
<line>espaces de loisirs, les services municipaux et un projet</line>
<line>d’habitat semi*^ollectif pouvant intégrer des logements</line>
<line>[sociaux.</line></par>
<par>
<line>est à noter qu’une contrainte topographique majeure</line>
<line>^empêche le village de se développer en direction Ouest.</line>
<line>^ Une cassure de pente abrupte d’environ 10 mètres en</line>
<line>^direction de la commune de Passa définie naturellement la</line>
<line>limite de la commune.</line></par>
<par>
<line>L’urbanisation du secteur participera à définir</line></par>
<par>
<line>l'entrée de</line>
<line>ville.</line></par>
</text>
</block>
<block><region><rect/></region>
<text>
<par>
<line>Quant au paysage, les marges et transitions seront étudiées de façon</line>
<line>attentive pour s’appuyer sur les éléments naturels préexistants tels que</line>
<line>les ruisseaux, les contraintes topographiques, les bosquets et autres</line>
<line>présences végétales.</line></par>
<par>
<line>Des distances à respecter pour les futurs quartiers seront établies par</line>
<line>rapport aux éléments naturels, la voirie et les bâtiments publics.</line></par>
<par>
<line>Une attention particulière devra être accordée à la mise en place de</line>
<line>circulations douces pour faciliter l’accès aux installations publiques,</line>
<line>le CV2 sera traité en « entrée de ville » avec la mise en place d'une contre</line>
<line>-allée.</line></par>
</text>
</block>
<block><region><rect/></region>
<text>
<par/>
</text>
</block>
<block><region><rect/></region>
<text>
<par/>
</text>
</block>
<block><region><rect/></region>
<text>
<par/>
</text>
</block>
<block><region><rect/></region>
<text>
<par/>
</text>
</block>
<block><region><rect/></region>
<text>
<par/>
</text>
</block>
<block><region><rect/></region>
<text>
<par/>
</text>
</block>
<block><region><rect/><rect/></region>
<text>
<par>
<line>Vira</line></par>
</text>
</block>
<block><region><rect/></region>
<text>
<par/>
</text>
</block>
<block><region><rect/></region>
<text>
<par/>
</text>
</block>
<block><region><rect/></region>
<text>
<par>
<line>V</line></par>
</text>
</block>
<block><region><rect/></region>
<text>
<par/>
</text>
</block>
<block><region><rect/></region>
<text>
<par>
<line>/</line></par>
</text>
</block>
<block><region><rect/></region>
<text>
<par/>
</text>
</block>
<block><region><rect/></region>
<text>
<par>
<line>•V</line></par>
</text>
</block>
<block><region><rect/></region>
<text>
<par>
<line>♦</line></par>
</text>
</block>
<block><region><rect/></region>
<text>
<par/>
</text>
</block>
<block><region><rect/></region>
<text>
<par/>
</text>
</block>
<block><region><rect/></region>
<text>
<par/>
</text>
</block>
<block><region><rect/></region>
<text>
<par/>
</text>
</block>


























</page>
<page width="1123" height="794" resolution="96">
<block><region><rect/></region>
<text>
<par>
<line>Orientatrons d’Aménagement et de Programmation 16/28</line></par>
</text>
</block>
<block><region><rect/></region>
<text>
<par>
<line>Orientations d’Aménagement et</line>
<line>de Programmation :</line></par>
</text>
</block>
<block><region><rect/></region>
<text>
<par>
<line>•ensemble</line></par>
</text>
</block>
<block><region><rect/></region>
<text>
<par>
<line>de la commune</line></par>
</text>
</block>





<block blockType="Picture" blockName="" l="25" t="500" r="42" b="547"><region><rect/></region>
</block>
</page>
<page width="1123" height="794" resolution="96">
<block><region><rect/></region>
<text>
<par>
<line>Orientâù'ons d*Aménagement et de Programmation 17/28</line></par>
</text>
</block>
<block><region><rect/></region>
<text>
<par>
<line>DEPLACEMENTS DOUX SUR ^ENSEMBLE DE LA COMMUNE</line></par>
</text>
</block>
<block><region><rect/></region>
<text>
<par>
<line>/</line></par>
</text>
</block>
<block><region><rect/></region>
<text>
<par>
<line>({</line></par>
</text>
</block>
<block><region><rect/></region>
<text>
<par>
<line>«</line></par>
</text>
</block>
<block><region><rect/></region>
<text>
<par>
<line>s i</line></par>
</text>
</block>
<block><region><rect/></region>
<text>
<par>
<line>•f</line></par>
</text>
</block>
<block><region><rect/></region>
<text>
<par>
<line>//</line></par>
</text>
</block>
<block><region><rect/></region>
<text>
<par>
<line>//</line></par>
</text>
</block>
<block><region><rect/></region>
<text>
<par/>
</text>
</block>
<block><region><rect/></region>
<text>
<par>
<line>♦</line></par>
</text>
</block>
<block><region><rect/><rect/></region>
<text>
<par>
<line>A</line></par>
</text>
</block>
<block><region><rect/></region>
<text>
<par/>
</text>
</block>
<block><region><rect/></region>
<text>
<par>
<line>/</line></par>
</text>
</block>
<block><region><rect/><rect/></region>
<text>
<par>
<line>•^/</line></par>
</text>
</block>
<block><region><rect/></region>
<text>
<par>
<line>iu«j't</line></par>
</text>
</block>
<block><region><rect/></region>
<text>
<par>
<line>pown</line></par>
</text>
</block>
<block><region><rect/></region>
<text>
<par>
<line>aÆ</line></par>
</text>
</block>
<block><region><rect/></region>
<text>
<par>
<line>y</line></par>
</text>
</block>
<block><region><rect/></region>
<text>
<par>
<line>tk.</line></par>
</text>
</block>
<block><region><rect/></region>
<text>
<par/>
</text>
</block>
<block><region><rect/></region>
<text>
<par>
<line>S'i</line></par>
</text>
</block>
<block><region><rect/></region>
<text>
<par>
<line>^#4</line></par>
</text>
</block>
<block><region><rect/></region>
<text>
<par>
<line>MMTafMM.</line></par>
</text>
</block>
<block><region><rect/></region>
<text>
<par>
<line>mf</line></par>
</text>
</block>
<block><region><rect/></region>
<text>
<par/>
</text>
</block>
<block><region><rect/></region>
<text>
<par>
<line>ÉAAMÉ</line></par>
</text>
</block>
<block><region><rect/></region>
<text>
<par/>
</text>
</block>
<block><region><rect/></region>
<text>
<par>
<line>%</line></par>
</text>
</block>
<block><region><rect/></region>
<text>
<par>
<line>9/</line></par>
</text>
</block>
<block><region><rect/></region>
<text>
<par>
<line>4</line></par>
</text>
</block>
<block><region><rect/></region>
<text>
<par/>
</text>
</block>
<block><region><rect/></region>
<text>
<par>
<line>V</line></par>
</text>
</block>
<block><region><rect/></region>
<text>
<par/>
</text>
</block>
<block><region><rect/></region>
<text>
<par>
<line>¥</line></par>
</text>
</block>
<block><region><rect/></region>
<text>
<par>
<line>»i—iwa</line></par>
</text>
</block>
<block><region><rect/></region>
<text>
<par/>
</text>
</block>
<block><region><rect/></region>
<text>
<par/>
</text>
</block>
<block><region><rect/></region>
<text>
<par>
<line>'-S</line></par>
</text>
</block>
<block><region><rect/></region>
<text>
<par>
<line>(■iffnut</line></par>
</text>
</block>
<block><region><rect/></region>
<text>
<par>
<line>/V</line></par>
</text>
</block>
<block><region><rect/></region>
<text>
<par>
<line>V</line></par>
</text>
</block>
<block><region><rect/></region>
<text>
<par/>
</text>
</block>
<block><region><rect/></region>
<text>
<par>
<line>.V</line></par>
</text>
</block>
<block><region><rect/></region>
<text>
<par>
<line>■cmatOM</line></par>
</text>
</block>
<block><region><rect/></region>
<text>
<par/>
</text>
</block>
<block><region><rect/></region>
<text>
<par>
<line>iwwrrAT</line></par>
</text>
</block>
<block><region><rect/></region>
<text>
<par>
<line>llÉA^tA?</line></par>
</text>
</block>
<block><region><rect/></region>
<text>
<par/>
</text>
</block>
<block><region><rect/></region>
<text>
<par>
<line>L0</line></par>
</text>
</block>
<block><region><rect/></region>
<text>
<par>
<line>&gt;</line></par>
</text>
</block>
<block><region><rect/></region>
<text>
<par>
<line>Mûu</line></par>
</text>
</block>
<block><region><rect/></region>
<text>
<par>
<line>•«W</line></par>
</text>
</block>
<block><region><rect/></region>
<text>
<par/>
</text>
</block>
<block><region><rect/></region>
<text>
<par/>
</text>
</block>
<block><region><rect/></region>
<text>
<par>
<line>^îOivrr</line></par>
</text>
</block>
<block><region><rect/></region>
<text>
<par>
<line>ru</line></par>
</text>
</block>
<block><region><rect/></region>
<text>
<par>
<line>MJ</line></par>
</text>
</block>
<block><region><rect/></region>
<text>
<par>
<line>A</line></par>
</text>
</block>
<block><region><rect/></region>
<text>
<par>
<line>M(AM</line></par>
</text>
</block>
<block><region><rect/><rect/></region>
<text>
<par>
<line>^ X</line></par>
<par>
<line>?îÔ^90üT</line></par>
<par>
<line>6rin rroi</line>
<line>1 Vr^ Pt^Vi</line></par>
</text>
</block>
<block><region><rect/></region>
<text>
<par>
<line>Dans le cadre de l'évolution programmée sur</line>
<line>l'ensemble du territoire urbanisé et</line>
<line>urbanisable de la commune, les déplacements</line>
<line>doux prennent une place centrale.</line></par>
<par>
<line>Les pôles de centralité et de services de la vie</line>
<line>citoyenne seront facilement accessibles étant</line>
<line>donné la faible distance à parcourir pour se</line>
<line>rendre à Técole, la Mairie, les espaces de</line>
<line>loisirs.</line></par>
</text>
</block>
<block><region><rect/></region>
<text>
<par>
<line>Le « maillage » doux sera assuré par la mise en</line>
<line>place progressive des dispositifs sécuritaires</line>
<line>et une signalétique appropriée à l'échelle des</line>
<line>promeneurs.</line></par>
<par>
<line>Les nouveaux secteurs liés à l’habitat ont</line>
<line>Intégré les tracées nécessaires pour la</line>
<line>création de sentiers et pistes pour les piétons</line>
<line>et les vélos.</line></par>
</text>
</block>







</page>
<page width="1123" height="794" resolution="96">
<block><region><rect/></region>
<text orientation="RotatedCounterclockwise">
<par/>
</text>
</block>
<block><region><rect/></region>
<text>
<par>
<line>Orientations d’Aménagement et de Programmation 18/28</line></par>
</text>
</block>
<block><region><rect/></region>
<text>
<par>
<line>t</line></par>
<par>
<line>»</line></par>
</text>
</block>
<block blockType="Table" blockName="" l="43" t="217" r="922" b="589"><region><rect/></region>
<row>
<cell leftBorder="White" topBorder="White" bottomBorder="White" width="240" height="126">
<text>
<par/>
</text></cell>
<cell topBorder="White" bottomBorder="White" width="639" height="126">
<text>
<par>
<line>Synthèse des Orientations</line></par>
</text></cell></row>
<row>
<cell leftBorder="White" topBorder="White" bottomBorder="White" width="240" height="44">
<text>
<par/>
</text></cell>
<cell topBorder="White" bottomBorder="White" width="639" height="44">
<text>
<par>
<line>d’Aménagement et de</line></par>
</text></cell></row>
<row>
<cell leftBorder="White" topBorder="White" bottomBorder="White" width="240" height="64">
<text>
<par/>
</text></cell>
<cell topBorder="White" bottomBorder="White" width="639" height="64">
<text>
<par>
<line>Programmation</line></par>
</text></cell></row>
<row>
<cell leftBorder="White" topBorder="White" bottomBorder="White" width="240" height="138">
<text>
<par/>
</text></cell>
<cell topBorder="White" bottomBorder="White" width="639" height="138">
<text>
<par>
<line>au niveau du viilage</line></par>
</text></cell></row>
</block>

</page>
<page width="1123" height="794" resolution="96">
<block><region><rect/></region>
<text>
<par>
<line>Orientations d'Aménagement et de Programmation 19/26</line></par>
</text>
</block>
<block><region><rect/><rect/><rect/></region>
<text>
<par>
<line>PLAN 0’AM£NAG£MCNT DE L’ENSEMBLE OE LA COMMUNE : UNE VISION GLOBALE ...</line></par>
<par>
<line>Les extensions futures doivent assurer une continuité avec le</line>
<line>bourg existant et créer de véritables quartiers.</line></par>
<par>
<line>La réflexion autour de ces futurs quartiers doit tenir compte du</line>
<line>principe de mixité sociale. En effet, les projets de développement</line>
<line>doivent favoriser l’accueil de publics variés, en diversifiant Toffre</line>
<line>de logements et en répondant aux nouvelles attentes des</line>
<line>citoyens {confort, qualité architecturale, économie, écologie).</line>
<line>Pour préserver l'équilibre fonctionnel de la commune, les</line>
<line>équipements et Infrastructures doivent être Intégrés à la réflexion</line>
<line>(école, voirie, équipements divers etc.).</line></par>
<par>
<line>Opter pour un habitat collectif ou individuel (isolé et/ou groupé),</line>
<line>entraîne nécessairement une forme architecturale et urbaine</line>
<line>spécifique, et permettra de répondre aux problématiques de</line>
<line>densité et de mixité.</line></par>
<par>
<line>Il s’agit également de définir la qualité paysagère et</line>
<line>environnementale des futurs quartiers et d’éviter de fonder les</line>
<line>projets sur de simples opportunités foncières : le choix des</line>
<line>espaces à urbaniser repose sur un diagnostic communal,</line>
<line>sachant que les opérations nouvelles seront réalisées en</line>
<line>continuité des parties déjà urbanisées.</line></par>
<par>
<line>Les sites ont été essentiellement retenus en raison du contexte</line>
<line>architectural, urbain et paysager existant</line></par>
<par>
<line>La décision de relier les futurs quartiers à ceux existants a été</line>
<line>réfléchie. Construire un lotissement isolé de toute autre structure</line>
<line>bâtie n’est pas en effet un choix judicieux el entraine une</line>
<line>augmentation des coûts de raménagement : éloignement des</line>
<line>services, construction de voiries, rapprochement des réseaux...</line></par>
<par>
<line>Les ob|ectifs :</line></par>
<par>
<line>Toute opération d’aménagement d’habitat doit être considérée</line>
<line>comme la création d’un nouveau quartier. Elle doit être intégrée</line></par>
<par>
<line>au tissu bâti existant et s’inscrire dans la continuité du bourg, si cela est possible.</line></par>
<par>
<line>Créer une « bonne greffe » nécessite donc d’aller au-delà d’un simple découpage parcellaire géométrique, et doit reposer sur un projet urbain et</line>
<line>paysager, prenant en compte les composantes du territoire.</line></par>
<par>
<line>Ce travail doit de plus être mené en concertation avec l'ensemble des Intervenants (architectes, urbanistes, paysagistes, géomètres, élus,</line>
<line>rp«r)r»n«»hlAft dp l'nrhanismp onérAtPiirft fechninites N</line></par>
</text>
</block>
<block><region><rect/></region>
<text>
<par/>
</text>
</block>
<block><region><rect/></region>
<text>
<par/>
</text>
</block>
<block><region><rect/></region>
<text>
<par>
<line>OBtfWnB</line></par>
</text>
</block>
<block><region><rect/></region>
<text>
<par/>
</text>
</block>
<block><region><rect/></region>
<text>
<par/>
</text>
</block>
<block><region><rect/></region>
<text>
<par>
<line>Ë,</line></par>
</text>
</block>
<block><region><rect/></region>
<text>
<par/>
</text>
</block>
<block><region><rect/></region>
<text>
<par/>
</text>
</block>
<block><region><rect/></region>
<text>
<par/>
</text>
</block>
<block><region><rect/></region>
<text>
<par/>
</text>
</block>
<block><region><rect/></region>
<text>
<par/>
</text>
</block>
<block><region><rect/></region>
<text>
<par>
<line>/•</line></par>
</text>
</block>
<block><region><rect/></region>
<text>
<par>
<line>.4</line></par>
</text>
</block>
<block><region><rect/></region>
<text>
<par>
<line>«</line></par>
</text>
</block>
<block><region><rect/></region>
<text>
<par>
<line>*■</line></par>
</text>
</block>
<block><region><rect/><rect/><rect/></region>
<text>
<par>
<line>#*.v</line></par>
</text>
</block>
<block><region><rect/></region>
<text>
<par/>
</text>
</block>
<block><region><rect/></region>
<text>
<par>
<line>%</line></par>
</text>
</block>
<block><region><rect/></region>
<text>
<par/>
</text>
</block>
<block><region><rect/></region>
<text>
<par/>
</text>
</block>
<block><region><rect/></region>
<text>
<par>
<line>•«:</line></par>
</text>
</block>
<block><region><rect/></region>
<text>
<par/>
</text>
</block>
<block><region><rect/></region>
<text>
<par>
<line>«lâMTàt</line></par>
</text>
</block>
<block><region><rect/></region>
<text>
<par>
<line>Mcuenf</line></par>
</text>
</block>
<block><region><rect/></region>
<text>
<par/>
</text>
</block>
<block><region><rect/></region>
<text>
<par>
<line>V</line></par>
</text>
</block>
<block><region><rect/></region>
<text>
<par/>
</text>
</block>
<block><region><rect/></region>
<text>
<par/>
</text>
</block>
<block><region><rect/></region>
<text>
<par>
<line>«s</line></par>
</text>
</block>
<block><region><rect/></region>
<text>
<par>
<line>A</line></par>
</text>
</block>
<block><region><rect/></region>
<text>
<par/>
</text>
</block>
<block><region><rect/></region>
<text>
<par/>
</text>
</block>
<block><region><rect/></region>
<text>
<par/>
</text>
</block>
<block><region><rect/></region>
<text>
<par/>
</text>
</block>
<block><region><rect/></region>
<text>
<par/>
</text>
</block>
<block><region><rect/></region>
<text>
<par/>
</text>
</block>
<block><region><rect/></region>
<text>
<par>
<line>6</line></par>
</text>
</block>
<block><region><rect/></region>
<text>
<par/>
</text>
</block>
<block><region><rect/></region>
<text>
<par>
<line>♦</line></par>
</text>
</block>
<block><region><rect/></region>
<text>
<par/>
</text>
</block>
<block><region><rect/></region>
<text>
<par>
<line>tmmfm</line></par>
</text>
</block>
<block><region><rect/></region>
<text>
<par>
<line>♦</line></par>
</text>
</block>
<block><region><rect/></region>
<text>
<par>
<line>A</line></par>
</text>
</block>
<block><region><rect/></region>
<text>
<par>
<line>f</line></par>
</text>
</block>
<block><region><rect/></region>
<text>
<par>
<line>6</line></par>
</text>
</block>
<block><region><rect/></region>
<text>
<par>
<line>•éMé*</line></par>
</text>
</block>
<block><region><rect/></region>
<text>
<par/>
</text>
</block>
<block><region><rect/></region>
<text>
<par/>
</text>
</block>
<block><region><rect/></region>
<text>
<par/>
</text>
</block>
<block><region><rect/></region>
<text>
<par/>
</text>
</block>
<block><region><rect/></region>
<text>
<par/>
</text>
</block>
<block><region><rect/></region>
<text>
<par>
<line>/</line></par>
</text>
</block>
<block><region><rect/></region>
<text>
<par>
<line>ÉiflÉÉI</line></par>
</text>
</block>
<block><region><rect/></region>
<text>
<par>
<line>%</line></par>
</text>
</block>











</page>
<page width="1123" height="794" resolution="96">
<block><region><rect/><rect/><rect/></region>
<text>
<par>
<line>Orientations d'Aménagement et de Programmation 20/28</line></par>
</text>
</block>
<block><region><rect/></region>
<text>
<par/>
</text>
</block>
<block><region><rect/></region>
<text>
<par/>
</text>
</block>
<block><region><rect/></region>
<text>
<par/>
</text>
</block>
<block><region><rect/></region>
<text>
<par/>
</text>
</block>
<block><region><rect/></region>
<text>
<par/>
</text>
</block>
<block><region><rect/></region>
<text>
<par>
<line>U*</line></par>
</text>
</block>
<block><region><rect/><rect/></region>
<text>
<par>
<line>«1U« 9</line></par>
</text>
</block>
<block><region><rect/></region>
<text>
<par>
<line>1.?</line></par>
</text>
</block>
<block><region><rect/></region>
<text>
<par/>
</text>
</block>
<block><region><rect/></region>
<text>
<par>
<line>TV»</line></par>
</text>
</block>
<block><region><rect/></region>
<text>
<par>
<line>L&gt;k</line></par>
</text>
</block>
<block><region><rect/></region>
<text>
<par/>
</text>
</block>
<block><region><rect/></region>
<text>
<par>
<line>Orientations d’Aménagement et de Programmation</line></par>
<par>
<line>au niveau du Hameau de Nidolères</line></par>
</text>
</block>
<block><region><rect/></region>
<text>
<par>
<line>✓</line></par>
</text>
</block>
<block><region><rect/></region>
<text>
<par>
<line>Zone 1AU1 « Hameau de Nidolères »</line></par>
</text>
</block>

















</page>
<page width="1123" height="794" resolution="96">
<block><region><rect/></region>
<text>
<par>
<line>Orientations d'Aménagement et de Programmation 21/28</line></par>
</text>
</block>
<block><region><rect/></region>
<text>
<par>
<line>HAMEAU DE NlOOLERES</line></par>
</text>
</block>
<block><region><rect/></region>
<text>
<par>
<line>Problèmatique</line></par>
</text>
</block>
<block><region><rect/></region>
<text>
<par>
<line>NAitfiiig M</line>
<line>Nieouie*</line></par>
</text>
</block>
<block><region><rect/></region>
<text>
<par/>
</text>
</block>
<block><region><rect/></region>
<text>
<par/>
</text>
</block>
<block><region><rect/></region>
<text>
<par>
<line>IM Am</line></par>
</text>
</block>
<block><region><rect/></region>
<text>
<par/>
</text>
</block>
<block><region><rect/></region>
<text>
<par>
<line>Xi</line></par>
</text>
</block>
<block><region><rect/></region>
<text>
<par/>
</text>
</block>
<block><region><rect/></region>
<text>
<par>
<line>\</line></par>
</text>
</block>
<block><region><rect/></region>
<text>
<par>
<line>4</line></par>
</text>
</block>
<block><region><rect/><rect/></region>
<text>
<par>
<line>1. Le secteur se trouve en limite d^urbanisation à TEst du Hameau. H s'agit</line>
<line>d'un macro lot situé au centre de la composition urbaine. Une sorte de « dent</line>
<line>creuse » qui, avec son futur aménagement, viendra donner une cohérence à</line>
<line>l'ensemble du hameau.</line></par>
<par>
<line>2. Absence de qualification pour rentrée de ville.</line></par>
<par>
<line>Enjeux :</line></par>
<par>
<line>1. Le développement proposé pour le secteur viendra combler l’absence</line>
<line>d'urbanisation et donner une continuité à l'existant avec un impact contrôlé</line>
<line>sur l'espace agricole.</line></par>
<par>
<line>2. L'urbanisation du secteur, vecteur du développement, incitera la commune</line>
<line>à définir l’entrée de ville.</line></par>
<par>
<line>3. La mise en place d’un dispositif paysager pour l'aménagement de l'avenue</line>
<line>d'accès au hameau et l'amélioration</line>
<line>de la voirie existante.</line></par>
</text>
</block>
<block><region><rect/></region>
<text>
<par>
<line>La requaltfication du secteur passe par la réhabilitation et la mise en valeur de</line>
<line>l'entrée de ville.</line></par>
<par>
<line>£n effet, une requalification de l'entrée de ville est à prévoir pour annoncer le</line>
<line>hameau et rendre visible ces limites.</line></par>
</text>
</block>
<block><region><rect/></region>
<text>
<par/>
</text>
</block>
<block><region><rect/></region>
<text>
<par>
<line>•Là</line></par>
</text>
</block>
<block><region><rect/></region>
<text>
<par/>
</text>
</block>
<block><region><rect/></region>
<text>
<par/>
</text>
</block>
<block><region><rect/></region>
<text>
<par>
<line>4ÉU1</line></par>
</text>
</block>
<block><region><rect/></region>
<text>
<par/>
</text>
</block>
<block><region><rect/></region>
<text>
<par>
<line>%</line></par>
</text>
</block>
<block><region><rect/></region>
<text>
<par/>
</text>
</block>
<block><region><rect/></region>
<text>
<par>
<line>U&lt;L</line></par>
</text>
</block>

















<block blockType="Picture" blockName="" l="86" t="28" r="1110" b="48"><region><rect/></region>
</block>
</page>
<page width="1123" height="794" resolution="96">
<block><region><rect/></region>
<text>
<par>
<line>HAMEAU DE NIDOLERES</line></par>
</text>
</block>
<block><region><rect/></region>
<text>
<par>
<line>Lav04*d*dee«spHnefpoi* ou</line>
<line>lXifn«ou M NIdolèret e conservée</line>
<line>sorxBpect de chen*) rural.</line></par>
<par>
<line>I 'évolul(on du horrteau el son</line>
<line>développement pr 09 onrné</line>
<line>néeessiienT un en&gt;énooem«nt de la</line></par>
</text>
</block>
<block><region><rect/></region>
<text>
<par>
<line>lavoVfe ir\retr&gt;e du homecu de</line>
<line>Mdotètesooussi uneoroetère</line>
<line>rufoi.</line></par>
<par>
<line>Mdson irtdvîdueles ethOr^QOrs</line>
<line>oortcotes portogent re^joce en</line>
<line>ouéte d’urbonfré.</line></par>
</text>
</block>
<block><region><rect/></region>
<text>
<par/>
</text>
</block>
<block><region><rect/></region>
<text>
<par/>
</text>
</block>
<block><region><rect/></region>
<text>
<par/>
</text>
</block>
<block><region><rect/></region>
<text>
<par>
<line>ÎÊS</line></par>
</text>
</block>
<block><region><rect/></region>
<text>
<par>
<line>Orientations d'Aménagement et de Programmation 22/28</line></par>
</text>
</block>
<block><region><rect/></region>
<text>
<par>
<line>L'omér^oger^ertt de la vofrte Inclus</line>
<line>le irdiement. lorelorrndotiendet</line>
<line>Ifottoés et la mise en ploce des</line>
<line>lentiers pour les modes de</line>
<line>déptocementt doux</line></par>
</text>
</block>
<block><region><rect/></region>
<text>
<par>
<line>• t</line></par>
</text>
</block>
<block><region><rect/></region>
<text>
<par>
<line>II</line></par>
</text>
</block>
<block><region><rect/></region>
<text>
<par>
<line>L’hobitor est en général</line>
<line>ossocté aux et outres</line></par>
<par>
<line>InstaVotlons nées dut</line>
<line>expiotrottons ogdeoies,</line>
<line>L'espoce urbo^serol'obfet</line>
<line>d'une étude pomcuuère</line>
<line>d'oménooement.</line></par>
</text>
</block>
<block><region><rect/></region>
<text>
<par>
<line>Vue sur les parcelles situées ou nord est</line>
<line>du hameau.</line></par>
<par>
<line>L'urbonlsotlon de ces terres et lo</line>
<line>féorgartsoHon des cîrculaflonsdons le</line>
<line>cac^e d’un projet d’ensemble</line>
<line>conforteront lo forme urbaine ©î</line></par>
</text>
</block>

































<block blockType="Picture" blockName="" l="87" t="27" r="1111" b="48"><region><rect/></region>
</block>
<block blockType="Picture" blockName="" l="29" t="669" r="45" b="717"><region><rect/></region>
</block>
<block blockType="Picture" blockName="" l="150" t="554" r="712" b="778"><region><rect/></region>
</block>
</page>
<page width="1123" height="794" resolution="96">
<block><region><rect/></region>
<text>
<par>
<line>Orientations dAménagement et de Progremmation 23/26</line></par>
</text>
</block>
<block><region><rect/></region>
<text>
<par/>
</text>
</block>
<block><region><rect/></region>
<text>
<par>
<line>D&lt;1N</line></par>
</text>
</block>
<block><region><rect/></region>
<text>
<par>
<line>r ^nMcH</line></par>
</text>
</block>
<block><region><rect/></region>
<text>
<par>
<line>4</line></par>
</text>
</block>
<block><region><rect/></region>
<text>
<par/>
</text>
</block>
<block><region><rect/></region>
<text>
<par>
<line>U.^</line></par>
</text>
</block>
<block><region><rect/></region>
<text>
<par>
<line>!flrHOui«oink</line></par>
</text>
</block>
<block><region><rect/></region>
<text>
<par/>
</text>
</block>
<block><region><rect/></region>
<text>
<par>
<line>pi^nwo6i^u</line></par>
<par>
<line>:</line></par>
<par>
<line>/Tr"</line></par>
</text>
</block>
<block><region><rect/></region>
<text>
<par>
<line>1AU2d</line></par>
</text>
</block>
<block><region><rect/></region>
<text>
<par/>
</text>
</block>
<block><region><rect/></region>
<text>
<par>
<line>l</line></par>
</text>
</block>
<block><region><rect/></region>
<text>
<par>
<line>1AÜ2 y</line></par>
</text>
</block>
<block><region><rect/></region>
<text>
<par>
<line>r</line></par>
</text>
</block>
<block><region><rect/></region>
<text>
<par>
<line>VMi »i»</line></par>
</text>
</block>
<block><region><rect/></region>
<text>
<par>
<line>■ MT</line></par>
</text>
</block>
<block><region><rect/></region>
<text>
<par/>
</text>
</block>
<block><region><rect/></region>
<text>
<par/>
</text>
</block>
<block><region><rect/></region>
<text>
<par>
<line>ESMceven</line></par>
<par>
<line>*«■■■■</line></par>
</text>
</block>
<block><region><rect/></region>
<text>
<par>
<line>Orientations d’Aménagement et de</line>
<line>Programmation au niveau du Pia de Nidoières :</line></par>
<par>
<line>^ Zones 1AU2 et 1 AU2a « projet de zone</line></par>
<par>
<line>logistique » _</line></par>
</text>
</block>








<block blockType="Picture" blockName="" l="451" t="74" r="761" b="430"><region><rect/></region>
</block>
</page>
<page width="1123" height="794" resolution="96">
<block><region><rect/><rect/></region>
<text>
<par>
<line>Orientations dAménagement et de Programmation 24/28</line></par>
</text>
</block>
<block><region><rect/></region>
<text>
<par>
<line>LE PROJET DE ZONE LOGISTIQUE</line></par>
</text>
</block>
<block><region><rect/><rect/><rect/><rect/></region>
<text>
<par>
<line>Le secteur de Topération se situe au Sud-est du territoire</line>
<line>communal, dans une zone agricole relativement éloignée du</line>
<line>* village (à 7 minutes en voiture du noyau urbain) et à proximité</line>
<line>d’une importante zone d’activités qui longe la RD 900 au niveau</line>
<line>de rentrée de ville du Boulou.</line></par>
<par>
<line>La zone d’étude devra être aménagée dans les meilleures</line>
<line>conditions possibles en termes d’accessibilité et de liaison</line>
<line>avec l’entrée de ville. Ces conditions sont en effet</line>
<line>indispensables pour faire de ce secteur une véritable « entrée</line>
<line>de ville de Tresserre » ; alors même qu’il n’est pas situé à</line>
<line>proximité immédiate du cœur de village de Tresserre.</line></par>
<par>
<line>Le territoire d’étude est situé dans un environnement contraint</line>
<line>par les infrastructures de transport qui ont eu des</line>
<line>conséquences dommageables sur le paysage environnant.</line>
<line>Cette position est cependant stratégique pour le</line>
<line>développement de la zone logistique. En effet l’attractivité de</line>
<line>ce secteur est exclusivemer^ liée à l’accumulation</line>
<line>d’aménagements dédiés à la circulation des biens et des</line>
<line>personnes et à sa proximité avec la frontière espagnole.</line></par>
<par>
<line>Le projet de parking logistique devra se situer de manière</line>
<line>stratégique au carrefour entre ces différents tracés (A9,</line>
<line>RD900, boulevard urbain, voie ferroviaire), afin d'offrir les</line>
<line>meilleurs conditions possibles en terme d’accessibilité.</line></par>
<par>
<line>Si cette zone n’est pas en lien direct avec le village, elle doit</line>
<line>devenir la principale entrée sur le territoire de Tresserre depuis</line>
<line>Le Boulou et l’Espagne.</line></par>
<par>
<line>L’installation d’une zone logistique de dimension internationale</line>
<line>sur cet espace stratégique est prévue par les SCOT « Littoral</line>
<line>Sud » et « Plaine du Roussillon ». L'objectif est de conforter le bassin d’emploi en renforçant l’activité économique looal et permettre</line>
<line>un rayonnement de la zone à l’échelle régionale, nationale voire internationale.</line></par>
</text>
</block>
<block><region><rect/></region>
<text>
<par>
<line>Y</line></par>
</text>
</block>
<block><region><rect/></region>
<text>
<par>
<line>uloiouto</line></par>
</text>
</block>
<block><region><rect/></region>
<text>
<par/>
</text>
</block>
<block><region><rect/></region>
<text>
<par>
<line>D9oo;</line></par>
<par>
<line>/</line></par>
</text>
</block>
<block><region><rect/></region>
<text>
<par/>
</text>
</block>
<block><region><rect/></region>
<text>
<par/>
</text>
</block>
<block><region><rect/></region>
<text>
<par/>
</text>
</block>
<block><region><rect/></region>
<text>
<par>
<line>/</line></par>
</text>
</block>
<block><region><rect/></region>
<text>
<par>
<line>VO« I</line></par>
<par>
<line>co&lt;rimunê</line></par>
</text>
</block>
<block><region><rect/></region>
<text>
<par>
<line>ur« zona I</line></par>
</text>
</block>
<block><region><rect/></region>
<text>
<par>
<line>ts</line></par>
</text>
</block>
<block><region><rect/></region>
<text>
<par>
<line>«CMÉ</line></par>
</text>
</block>
<block><region><rect/></region>
<text>
<par>
<line>an*</line></par>
</text>
</block>
<block><region><rect/></region>
<text>
<par>
<line>Boulou</line></par>
</text>
</block>
<block><region><rect/></region>
<text>
<par>
<line>TTiunaio</line></par>
</text>
</block>
<block><region><rect/></region>
<text>
<par>
<line>-SJ</line></par>
</text>
</block>
<block><region><rect/></region>
<text>
<par/>
</text>
</block>
<block><region><rect/></region>
<text>
<par/>
</text>
</block>
<block><region><rect/></region>
<text>
<par>
<line>CeUe zone logistique en devenant un atout majeur pour le développement du territoire, rend nécessaire une réflexion globale autour</line>
<line>de son aménagement. Cette réflexion doit notamment tenir compte des différentes infrastructures et équipements (espace de</line>
<line>stationnement conséquent) essentiels au bon fonctionnement du site.</line></par>
</text>
</block>





</page>
<page width="1123" height="794" resolution="96">
<block><region><rect/></region>
<text>
<par>
<line>LE PROJET DE ZONE LOGISTIQUE</line></par>
</text>
</block>
<block><region><rect/></region>
<text>
<par/>
</text>
</block>
<block><region><rect/></region>
<text>
<par>
<line>nriAei».</line></par>
</text>
</block>
<block><region><rect/></region>
<text>
<par/>
</text>
</block>
<block><region><rect/></region>
<text>
<par>
<line>\</line></par>
</text>
</block>
<block><region><rect/></region>
<text>
<par>
<line>\</line></par>
</text>
</block>
<block><region><rect/></region>
<text>
<par>
<line>■MTwn</line></par>
</text>
</block>
<block><region><rect/></region>
<text>
<par>
<line>\</line></par>
</text>
</block>
<block><region><rect/></region>
<text>
<par>
<line>«ytoftftion</line>
<line>la vola farr*«</line></par>
</text>
</block>
<block><region><rect/></region>
<text>
<par>
<line>aeeaa</line></par>
</text>
</block>
<block><region><rect/></region>
<text>
<par>
<line>«Uaaa</line></par>
</text>
</block>
<block><region><rect/></region>
<text>
<par>
<line>1</line></par>
</text>
</block>
<block><region><rect/></region>
<text>
<par>
<line>nom</line></par>
</text>
</block>
<block><region><rect/></region>
<text>
<par/>
</text>
</block>
<block><region><rect/></region>
<text>
<par/>
</text>
</block>
<block><region><rect/><rect/></region>
<text>
<par/>
</text>
</block>
<block><region><rect/></region>
<text>
<par>
<line>A9</line></par>
</text>
</block>
<block><region><rect/></region>
<text>
<par/>
</text>
</block>
<block><region><rect/></region>
<text>
<par>
<line>Ve B FERREE</line></par>
</text>
</block>
<block><region><rect/></region>
<text>
<par>
<line>ENTREE</line></par>
</text>
</block>
<block><region><rect/></region>
<text>
<par>
<line>&gt;</line></par>
</text>
</block>
<block><region><rect/></region>
<text>
<par>
<line>bMS n</line></par>
</text>
</block>
<block><region><rect/></region>
<text>
<par>
<line>da</line></par>
</text>
</block>
<block><region><rect/></region>
<text>
<par>
<line>rMMt on</line></par>
</text>
</block>
<block><region><rect/></region>
<text>
<par>
<line>oraotloii</line></par>
</text>
</block>
<block><region><rect/></region>
<text>
<par>
<line>un</line></par>
</text>
</block>
<block><region><rect/></region>
<text>
<par>
<line>girotat'a</line></par>
</text>
</block>
<block><region><rect/></region>
<text>
<par>
<line>/</line></par>
</text>
</block>
<block><region><rect/></region>
<text>
<par>
<line>ESPACE VERT</line></par>
<par>
<line>A CHERE</line></par>
</text>
</block>
<block><region><rect/></region>
<text>
<par>
<line>Orientations d'Aménagement et de Programmation 25/28</line></par>
</text>
</block>
<block><region><rect/></region>
<text>
<par>
<line>•BAiBiiaa M ttA.Ui</line></par>
</text>
</block>
<block><region><rect/></region>
<text>
<par>
<line>MÛFtL Aïk</line></par>
</text>
</block>
<block><region><rect/></region>
<text>
<par>
<line>PBtlir«TAe OE TRAVAIL</line></par>
</text>
</block>
<block><region><rect/></region>
<text>
<par>
<line>I S</line></par>
</text>
</block>
<block><region><rect/></region>
<text>
<par>
<line>PROP L Bâ</line></par>
</text>
</block>
<block><region><rect/></region>
<text>
<par>
<line>i</line></par>
</text>
</block>
<block><region><rect/></region>
<text>
<par/>
</text>
</block>
<block><region><rect/></region>
<text>
<par>
<line>IVCN</line></par>
</text>
</block>
<block><region><rect/></region>
<text>
<par>
<line>UMOÉS</line></par>
</text>
</block>
<block><region><rect/></region>
<text>
<par>
<line>Mcuan</line></par>
</text>
</block>
<block><region><rect/></region>
<text>
<par>
<line>\</line></par>
</text>
</block>
<block><region><rect/></region>
<text>
<par/>
</text>
</block>
<block><region><rect/></region>
<text>
<par>
<line>MMSaUR</line></par>
</text>
</block>
<block><region><rect/></region>
<text>
<par>
<line>*»4</line></par>
</text>
</block>
<block><region><rect/></region>
<text>
<par>
<line>«MTB4</line></par>
</text>
</block>
<block><region><rect/></region>
<text>
<par/>
</text>
</block>
<block><region><rect/></region>
<text>
<par/>
</text>
</block>
<block><region><rect/></region>
<text>
<par>
<line>FtA</line></par>
</text>
</block>
<block><region><rect/></region>
<text>
<par>
<line>DB</line></par>
</text>
</block>
<block><region><rect/></region>
<text>
<par>
<line>AU2a</line></par>
</text>
</block>
<block><region><rect/></region>
<text>
<par/>
</text>
</block>
<block><region><rect/></region>
<text>
<par>
<line>AU2</line></par>
</text>
</block>
<block><region><rect/></region>
<text>
<par>
<line>■NTon</line></par>
</text>
</block>
<block><region><rect/></region>
<text>
<par/>
</text>
</block>
<block><region><rect/></region>
<text>
<par>
<line>laM</line></par>
</text>
</block>
<block><region><rect/></region>
<text>
<par>
<line>KMCsvin</line></par>
</text>
</block>




































<block blockType="Picture" blockName="" l="91" t="26" r="1115" b="47"><region><rect/></region>
</block>
<block blockType="Picture" blockName="" l="960" t="384" r="1013" b="398"><region><rect/></region>
</block>
</page>
<page width="1123" height="794" resolution="96">
<block><region><rect/></region>
<text>
<par>
<line>LES ABORDS OE LA ZONE LOGtSTIQUE</line></par>
</text>
</block>
<block><region><rect/></region>
<text>
<par/>
</text>
</block>
<block><region><rect/></region>
<text>
<par/>
</text>
</block>
<block><region><rect/></region>
<text>
<par>
<line>le P«y9e99 poche M</line>
<line>c»9cléne6p» b npisylve du</line>
<line>rsvrdsMonls^iA.</line></par>
<par>
<line>domtnê pourla</line>
<line>préeme Oe b ^</line>
<line>Abèree</line></par>
</text>
</block>
<block><region><rect/></region>
<text>
<par>
<line>VueverebSudEet bpsfoese</line>
<line>proche Mt4o&lt;T«b perba</line>
<line>ptfceHe sn Inche et b oresooce</line>
<line>de ^bçdbOcns !pon tarées</line>
<line>Le pend psyeege Ml domff&gt;e pbr</line>
<line>bpreeence du Pc cb Nâoubs</line></par>
</text>
</block>
<block><region><rect/></region>
<text>
<par>
<line>P</line></par>
</text>
</block>
<block><region><rect/></region>
<text>
<par/>
</text>
</block>
<block><region><rect/></region>
<text>
<par>
<line>VueversTEd bpeysage</line>
<line>ccMnue tfdre donaiè pei une</line>
<line>incheenAbld'êiCkikn</line>
<line>LepondF«v99eed marque</line>
<line>PMbpod4ebi*9r«LGV</line></par>
</text>
</block>
<block><region><rect/></region>
<text>
<par>
<line>US ATOUTS CE LA FUTURE ZCbE</line>
<line>IGCISTIOUE</line></par>
<par>
<line>U zone M Tmeerre ed Han oesaer^ p« ih</line>
<line>nfreamcnns rotiWres ei brroi^res. Sa sfuatm</line>
<line>eu Mil Ou dessn de coAiomnaiBn cœian.</line>
<line>tewrBera ce rype oe ogsnua</line></par>
<par>
<line>LMauireasbuB</line></par>
<par>
<line>« Se situe v 1ère méoflerraneen</line>
<line>« A prqmteé des ^anos ues oe nnepon</line>
<line>pertrMiem feabs w WWii europ«^</line>
<line>nonVM, cenireer norOiouMi</line>
<line>« Très prcKhe eVou coeneciée i une</line>
<line>auioroutt durai</line></par>
<par>
<line>» Prenne deitrestnioirMpcmefes</line>
<line>» PrcowdVit350vaurMa«ropdrti&gt;erM</line>
<line>» Pacbdaecés</line></par>
</text>
</block>
<block><region><rect/></region>
<text>
<par>
<line>Orientations d'Amenagement et de Programmation 26/28</line></par>
</text>
</block>
<block><region><rect/></region>
<text>
<par>
<line>l*«T«&lt;v« »• eo KOI é*</line></par>
<par>
<line>Oe re^wr^er</line></par>
<par>
<line>LQ wi»Miigi*ir ^</line></par>
<par>
<line>eofvvv'w Oe T'eues v* le kœWa M'</line>
<line>»qi*&gt;«uiiee e» le et Me**?!."</line>
<line>Ue* 0«Vv&lt;»«</line></par>
<par>
<line>aeeut Vr^'e'T'Bi Foee ota *en«r«</line>
<line>9a«V4 M&lt;^einA*e lora loQstiQwe U"</line>
<line>0X0' M f*Ma en loleur oe&lt; e'Piée Oe</line></par>
<par>
<line>••••»•' eoé'.oi&lt;e»o&gt;</line></par>
</text>
</block>
<block><region><rect/></region>
<text>
<par/>
</text>
</block>
<block><region><rect/></region>
<text>
<par>
<line>;*ev«»&gt;0 ie&lt; eo *0QJ oee'oe)*** ev</line></par>
<par>
<line>1 nl-MiTi Oe intfou's*' 'M</line></par>
<par>
<line>ei»&gt;iee O0iir-»"B"—i oe* eeev"wee«</line>
<line>M'a semMa e» le b&gt;ea tfv"</line>
<line>mW U'efOria Oe «tUe le emetO'O ree*)*'</line>
<line>Ou •M'eu' em «■&lt;&lt;em»'Me«&lt; «rte v*</line>
<line>amenaear^»*" o&gt;* d* MeiMee</line></par>
<par>
<line>OO0 forme* iMéCvfeei itéi 6 l'»re'BleHer</line>
<line>Oea fvVot mOmWi</line></par>
</text>
</block>
<block><region><rect/></region>
<text>
<par>
<line>Virt sur b RD900 ie »«overtt Mftv«</line>
<line>Ti^eMM par b CV N*3 Aa premer</line>
<line>pbn b pofit da b L9V ovntew b</line>
<line>RO Au bn U M«aA« b Hameau d«</line>
<line>HbebiK</line></par>
</text>
</block>
<block><region><rect/></region>
<text>
<par>
<line>Vua$urBRD900en(Maionsud Le</line>
<line>ÿratdraadié réafeés par b C 6.</line>
<line>dans b cadra des rtenantons sut</line>
<line>bs cifrastrvcturas rcviétesrêcentts</line>
<line>po«e «ssurar b qesaoA des ibci</line>
<line>rduners</line></par>
</text>
</block>







































<block blockType="Picture" blockName="" l="87" t="26" r="1111" b="47"><region><rect/></region>
</block>
<block blockType="Picture" blockName="" l="935" t="167" r="953" b="195"><region><rect/></region>
</block>
<block blockType="Picture" blockName="" l="346" t="470" r="373" b="482"><region><rect/></region>
</block>
<block blockType="Picture" blockName="" l="759" t="616" r="777" b="647"><region><rect/></region>
</block>
<block blockType="Picture" blockName="" l="761" t="719" r="787" b="773"><region><rect/></region>
</block>
</page>
<page width="1123" height="794" resolution="96">
<block><region><rect/></region>
<text>
<par>
<line>Orientations d Amenagement et de Programmation 27/28</line></par>
</text>
</block>
<block><region><rect/></region>
<text>
<par>
<line>Synthèse des Orientations</line>
<line>d* Aménagement et de</line>
<line>Programmation</line></par>
<par>
<line>PLU de Tresserre</line></par>
</text>
</block>

</page>
<page width="1123" height="794" resolution="96">
<block><region><rect/></region>
<text>
<par/>
</text>
</block>
<block><region><rect/></region>
<text>
<par>
<line>R ma I</line></par>
</text>
</block>
<block><region><rect/></region>
<text>
<par>
<line>•f</line></par>
</text>
</block>
<block><region><rect/></region>
<text>
<par>
<line>r.</line></par>
</text>
</block>
<block><region><rect/></region>
<text>
<par/>
</text>
</block>
<block><region><rect/></region>
<text>
<par/>
</text>
</block>
<block><region><rect/></region>
<text>
<par/>
</text>
</block>
<block><region><rect/></region>
<text>
<par>
<line>■-K'</line></par>
</text>
</block>
<block><region><rect/></region>
<text>
<par>
<line>• MH*</line></par>
</text>
</block>
<block><region><rect/></region>
<text>
<par>
<line>JJ</line></par>
</text>
</block>
<block><region><rect/></region>
<text>
<par>
<line>-*</line></par>
</text>
</block>
<block><region><rect/></region>
<text>
<par/>
</text>
</block>
<block><region><rect/></region>
<text>
<par/>
</text>
</block>
<block><region><rect/></region>
<text>
<par>
<line>V</line></par>
</text>
</block>
<block><region><rect/></region>
<text>
<par/>
</text>
</block>
<block><region><rect/></region>
<text>
<par>
<line>4</line></par>
</text>
</block>
<block><region><rect/></region>
<text>
<par/>
</text>
</block>
<block><region><rect/></region>
<text>
<par>
<line>irt</line></par>
</text>
</block>
<block><region><rect/></region>
<text>
<par>
<line>mninw</line></par>
</text>
</block>
<block><region><rect/></region>
<text>
<par>
<line>Au niveau du village</line></par>
</text>
</block>
<block><region><rect/></region>
<text>
<par>
<line>Orientations d’Aménagement et de Programmation 2S/28</line></par>
</text>
</block>
<block><region><rect/></region>
<text>
<par>
<line>SYNTHESE DES ORIENTATIONS D’AMENAGEMENT ET DE</line>
<line>PROGRAMMATION DU PLU DETRESSERRE</line></par>
</text>
</block>
<block><region><rect/></region>
<text>
<par>
<line>Au Sud du territoire communal : Hameau de NIdolères et</line>
<line>Pla de Nidolères (projet de zone logistique)</line></par>
</text>
</block>
<block><region><rect/></region>
<text>
<par>
<line>^ ••</line></par>
</text>
</block>
<block><region><rect/></region>
<text>
<par>
<line>&lt;fT</line></par>
</text>
</block>
<block><region><rect/></region>
<text>
<par/>
</text>
</block>
<block><region><rect/></region>
<text>
<par>
<line>r</line></par>
</text>
</block>
<block><region><rect/></region>
<text>
<par/>
</text>
</block>
<block><region><rect/></region>
<text>
<par>
<line>t.</line></par>
</text>
</block>
<block><region><rect/></region>
<text>
<par>
<line>1AU?</line></par>
</text>
</block>
<block><region><rect/></region>
<text>
<par>
<line>lAiii</line></par>
</text>
</block>
<block><region><rect/></region>
<text>
<par>
<line>' •</line></par>
</text>
</block>
<block><region><rect/></region>
<text>
<par>
<line>lALra</line></par>
</text>
</block>
<block><region><rect/></region>
<text>
<par>
<line>.‘fl</line></par>
</text>
</block>
<block><region><rect/></region>
<text>
<par>
<line>r</line></par>
</text>
</block>



































<block blockType="Picture" blockName="" l="483" t="126" r="505" b="159"><region><rect/></region>
</block>
</page>
</OAP>