<?xml version="1.0" encoding="UTF-8"?><OAP>
<page width="2481" height="3508" resolution="300">
<block blockType="Table" blockName="" l="150" t="158" r="2404" b="1373"><region><rect/></region>
<row>
<cell leftBorder="White" topBorder="White" rightBorder="White" width="500" height="166">
<text>
<par>
<line>1</line></par>
</text></cell>
<cell leftBorder="White" topBorder="White" rightBorder="White" width="1754" height="166">
<text>
<par/>
</text></cell></row>
<row>
<cell width="500" height="150">
<text>
<par>
<line>P</line></par>
</text></cell>
<cell width="1754" height="150">
<text>
<par>
<line>U ■ Plan Local d'Urbanisme ■</line></par>
</text></cell></row>
<row>
<cell leftBorder="White" bottomBorder="White" width="500" height="438">
<text>
<par>
<line>f</line></par>
</text></cell>
<cell rightBorder="White" bottomBorder="White" width="1754" height="438">
<text>
<par>
<line>Etabli sur la base de la partie réglementaire</line></par>
<par>
<line>du code de l’urbanisme en vigueur avant le 31/12/2015</line></par>
</text></cell></row>
<row>
<cell leftBorder="White" topBorder="White" bottomBorder="White" width="500" height="461">
<text>
<par>
<line>Ville de</line></par>
</text></cell>
<cell topBorder="White" rightBorder="White" bottomBorder="White" width="1754" height="461">
<text>
<par>
<line>MOLSHEIM</line></par>
</text></cell></row>
</block>
<block><region><rect/></region>
<text>
<par>
<line>Orientations d'Aménagement et de</line>
<line>Programmation</line></par>
</text>
</block>
<block><region><rect/></region>
<text>
<par>
<line>Ville de Moisheim</line></par>
<par>
<line>Révision du POS en vue de sa transformation en PLU</line>
<line>PLU APPROUVE</line></par>
<par>
<line>Vu pour être annexé à la délibération du conseil municipal</line>
<line>en date du 20/03/2017</line></par>
<par>
<line>A Moisheim, le .2.2 MARS 2017</line></par>
<par>
<line>Le Maire</line></par>
</text>
</block>
<block><region><rect/></region>
<text>
<par/>
</text>
</block>
<block><region><rect/></region>
<text>
<par>
<line>oS</line></par>
</text>
</block>
<block><region><rect/></region>
<text>
<par>
<line>Wllutlt</line></par>
</text>
</block>
<block><region><rect/></region>
<text>
<par/>
</text>
</block>
<block><region><rect/></region>
<text>
<par>
<line>RW</line></par>
</text>
</block>
<block><region><rect/></region>
<text>
<par>
<line>Laurent Furst</line></par>
</text>
</block>
<block><region><rect/></region>
<text>
<par>
<line>Assistant à Maîtrise d'Ouvrage</line></par>
</text>
</block>
<block><region><rect/></region>
<text>
<par>
<line>Bureaux d'études</line></par>
</text>
</block>
<block><region><rect/></region>
<text>
<par>
<line>atip</line></par>
</text>
</block>
<block><region><rect/></region>
<text>
<par>
<line>AGENCE</line>
<line>T E K K I T O ■</line></par>
<par>
<line>( N Q t N I r M »</line>
<line>M • L I Q U E</line></par>
</text>
</block>
<block><region><rect/></region>
<text>
<par>
<line>A L I</line>
<line>S</line></par>
</text>
</block>
<block><region><rect/></region>
<text>
<par/>
</text>
</block>
<block><region><rect/></region>
<text>
<par>
<line>OTE INGENIERIE</line></par>
</text>
</block>
<block><region><rect/></region>
<text>
<par>
<line>I -»• r»l«( VM«</line></par>
<par>
<line>iiKrcHc«cit</line></par>
</text>
</block>
<block><region><rect/><rect/><rect/></region>
<text>
<par>
<line>ECOLOR</line></par>
<par>
<line>7. No» Albert SdiiMitzef</line>
<line>579» FéfJ^TOANSC</line>
<line>I 03 0703 00.»</line></par>
<par>
<line>Fu* 03.87030096</line></par>
</text>
</block>












<block blockType="Picture" blockName="" l="581" t="1407" r="712" b="1538"><region><rect/></region>
</block>
</page>
<page width="2481" height="3508" resolution="300">
<block><region><rect/></region>
<text>
<par>
<line>4</line></par>
<par>
<line>OTE INGÉNIERIE</line></par>
<par>
<line>iw^rirtis'#» 411 **rvrr &lt;jr pir^rf»</line></par>
<par>
<line>wvyw.ote.fr</line></par>
</text>
</block>
<block><region><rect/></region>
<text>
<par>
<line>Siège sodâl</line></par>
<par>
<line>1 rue ()&amp; la Lisière - BP 40110</line>
<line>6740Î ILLKIRCH Cedex - FRANCE</line>
<line>TÉI;Cïiaa67 35 35</line></par>
</text>
</block>
<block blockType="Table" blockName="" l="95" t="2606" r="2346" b="3138"><region><rect/></region>
<row>
<cell width="120" height="77">
<text>
<par/>
</text></cell>
<cell width="213" height="77">
<text>
<par>
<line>DATE</line></par>
</text></cell>
<cell width="331" height="77">
<text>
<par>
<line>DESCRIPTION</line></par>
</text></cell>
<cell colSpan="2" width="591" height="77">
<text>
<par>
<line>REDACTION/VERIFICATION</line></par>
</text></cell>
<cell colSpan="2" width="260" height="77">
<text>
<par>
<line>APPROBATION</line></par>
</text></cell>
<cell rowSpan="2" width="449" height="152">
<text>
<par>
<line>N°AFFAIRE : 15089</line></par>
</text></cell>
<cell rowSpan="2" width="287" height="152">
<text>
<par>
<line>Page : 2/9</line></par>
</text></cell></row>
<row>
<cell width="120" height="75">
<text>
<par>
<line>0</line></par>
</text></cell>
<cell width="213" height="75">
<text>
<par>
<line>24/06/2016</line></par>
</text></cell>
<cell width="331" height="75">
<text>
<par>
<line>PLU arrêté</line></par>
</text></cell>
<cell width="461" height="75">
<text>
<par>
<line>OTE - LéaDENTZ</line></par>
</text></cell>
<cell width="130" height="75">
<text>
<par>
<line>L.D.</line></par>
</text></cell>
<cell width="130" height="75">
<text>
<par/>
</text></cell>
<cell width="130" height="75">
<text>
<par/>
</text></cell></row>
<row>
<cell width="120" height="75">
<text>
<par>
<line>1</line></par>
</text></cell>
<cell width="213" height="75">
<text>
<par>
<line>20/03/2017</line></par>
</text></cell>
<cell width="331" height="75">
<text>
<par>
<line>PLU approuvé</line></par>
</text></cell>
<cell width="461" height="75">
<text>
<par>
<line>OTE - LéaDENTZ</line></par>
</text></cell>
<cell width="130" height="75">
<text>
<par>
<line>L.D.</line></par>
</text></cell>
<cell width="130" height="75">
<text>
<par/>
</text></cell>
<cell width="130" height="75">
<text>
<par/>
</text></cell>
<cell colSpan="2" rowSpan="4" width="736" height="300">
<text>
<par>
<line>URB1</line></par>
</text></cell></row>
<row>
<cell width="120" height="75">
<text>
<par/>
</text></cell>
<cell width="213" height="75">
<text>
<par/>
</text></cell>
<cell width="331" height="75">
<text>
<par/>
</text></cell>
<cell width="461" height="75">
<text>
<par/>
</text></cell>
<cell width="130" height="75">
<text>
<par/>
</text></cell>
<cell width="130" height="75">
<text>
<par/>
</text></cell>
<cell width="130" height="75">
<text>
<par/>
</text></cell></row>
<row>
<cell width="120" height="75">
<text>
<par/>
</text></cell>
<cell width="213" height="75">
<text>
<par/>
</text></cell>
<cell width="331" height="75">
<text>
<par/>
</text></cell>
<cell width="461" height="75">
<text>
<par/>
</text></cell>
<cell width="130" height="75">
<text>
<par/>
</text></cell>
<cell width="130" height="75">
<text>
<par/>
</text></cell>
<cell width="130" height="75">
<text>
<par/>
</text></cell></row>
<row>
<cell width="120" height="75">
<text>
<par/>
</text></cell>
<cell width="213" height="75">
<text>
<par/>
</text></cell>
<cell width="331" height="75">
<text>
<par/>
</text></cell>
<cell width="461" height="75">
<text>
<par/>
</text></cell>
<cell width="130" height="75">
<text>
<par/>
</text></cell>
<cell width="130" height="75">
<text>
<par/>
</text></cell>
<cell width="130" height="75">
<text>
<par/>
</text></cell></row>
<row>
<cell colSpan="9" width="2251" height="80">
<text>
<par>
<line>LD</line></par>
</text></cell></row>
</block>















</page>
<page width="2481" height="3508" resolution="300">
<block><region><rect/></region>
<text>
<par>
<line>Plan Local d’Urbanisme de MOLSHEIM</line></par>
<par>
<line>Orientations d’Aménagement et de Programmation</line></par>
</text>
</block>
<block><region><rect/></region>
<text>
<par>
<line>Le secteur IAUa-extension du quartier des Près</line></par>
</text>
</block>
<block><region><rect/></region>
<text>
<par>
<line>Le secteur lAUa - extension du quartier des Prés</line></par>
</text>
</block>
<block><region><rect/></region>
<text>
<par>
<line>Localisation</line></par>
<par>
<line>Le secteur lAUa s'inscrit, sur une emprise de près de 13 ha, dans la continuité du</line>
<line>quartier des Prés. Il est limité à l'Est par le recul de 100 mètres à respecter pour</line>
<line>prendre en compte le contournement de Molsheim.</line></par>
</text>
</block>
<block><region><rect/></region>
<text>
<par>
<line>Principes d'amenagement</line></par>
<par>
<line>L'opération vise à poursuivre le développement du quartier des Prés avec les</line></par>
<par>
<line>objectifs suivants :</line></par>
<par>
<line>En termes de circulation</line></par>
<par>
<line>■ P rolonger les voies existantes permettant d'assurer des bouclages au sein de la</line>
<line>zone ;</line></par>
<par>
<line>■ Assurer un raccordement sur la R D93 en partie Nord de la zone ;</line></par>
<par>
<line>■ Développer des sentiers et cheminements spécifiques pour assurer des</line>
<line>déplacements piétonniers et cyclables sécurisés ;</line></par>
<par>
<line>■ Assurer des liens avec les voies vertes existantes aux deux extrémités du</line>
<line>quartier ;</line></par>
</text>
</block>
<block><region><rect/></region>
<text>
<par>
<line>OTE INGÉNIERIE 3/9</line></par>
<par>
<line>PLU approuvé par DCM du 20/03/2017</line></par>
</text>
</block>





<block blockType="Picture" blockName="" l="1374" t="337" r="2360" b="380"><region><rect/></region>
</block>
<block blockType="Picture" blockName="" l="824" t="1220" r="2366" b="2350"><region><rect/></region>
</block>
</page>
<page width="2481" height="3508" resolution="300">
<block><region><rect/></region>
<text>
<par>
<line>Plan Local d’Urbanisme de MOLSHEIM</line></par>
<par>
<line>Orientations d’Aménagement et de Programmation</line></par>
</text>
</block>
<block><region><rect/></region>
<text>
<par>
<line>Le secteur IAUa-extension du quartier des Près</line></par>
</text>
</block>
<block><region><rect/></region>
<text>
<par>
<line>En termes de diversité de l’habitat</line></par>
<par>
<line>■ Les typologies bâties proposées doivent prendre des tonnes diversifiées :</line>
<line>collectif, individuel, habitat intermédiaire ;</line></par>
<par>
<line>En termes d'équipement</line></par>
<par>
<line>■ Intégrer, au sein du secteur lAUa, un espace vert permettant de compléter le</line>
<line>réseau d'espaces publics du quartier des Prés</line></par>
<par>
<line>En termes d'environnement</line></par>
<par>
<line>■ Les contraintes liées au risque d'inondation seront prises en compte dans le</line>
<line>schéma d'aménagement opérationnel du quartier;</line></par>
</text>
</block>
<block><region><rect/></region>
<text>
<par>
<line>SCHEMA DE PRINCIPE D'AMENAGEMENT</line></par>
</text>
</block>
<block><region><rect/></region>
<text>
<par/>
</text>
</block>
<block><region><rect/></region>
<text>
<par>
<line>zone inconstructib e</line></par>
</text>
</block>
<block><region><rect/></region>
<text>
<par>
<line>■V</line></par>
</text>
</block>
<block><region><rect/></region>
<text>
<par>
<line>\</line></par>
</text>
</block>
<block><region><rect/></region>
<text>
<par>
<line>noM</line></par>
</text>
</block>
<block><region><rect/></region>
<text>
<par/>
</text>
</block>
<block><region><rect/></region>
<text>
<par/>
</text>
</block>
<block><region><rect/></region>
<text>
<par/>
</text>
</block>
<block><region><rect/></region>
<text>
<par/>
</text>
</block>
<block><region><rect/><rect/></region>
<text>
<par/>
</text>
</block>
<block><region><rect/></region>
<text>
<par/>
</text>
</block>
<block><region><rect/></region>
<text>
<par/>
</text>
</block>
<block><region><rect/></region>
<text>
<par>
<line>X</line></par>
</text>
</block>
<block><region><rect/></region>
<text>
<par>
<line>K</line></par>
</text>
</block>
<block><region><rect/></region>
<text>
<par/>
</text>
</block>
<block><region><rect/></region>
<text>
<par/>
</text>
</block>
<block><region><rect/></region>
<text>
<par>
<line>«</line></par>
</text>
</block>
<block><region><rect/></region>
<text>
<par/>
</text>
</block>
<block><region><rect/></region>
<text>
<par>
<line>»</line></par>
</text>
</block>
<block><region><rect/></region>
<text>
<par/>
</text>
</block>
<block><region><rect/></region>
<text>
<par/>
</text>
</block>
<block><region><rect/></region>
<text>
<par/>
</text>
</block>
<block><region><rect/></region>
<text>
<par>
<line>. -H</line></par>
</text>
</block>
<block><region><rect/></region>
<text>
<par/>
</text>
</block>
<block><region><rect/><rect/></region>
<text>
<par/>
</text>
</block>
<block><region><rect/></region>
<text>
<par/>
</text>
</block>
<block><region><rect/></region>
<text>
<par/>
</text>
</block>
<block><region><rect/></region>
<text>
<par/>
</text>
</block>
<block><region><rect/></region>
<text>
<par>
<line>♦</line></par>
</text>
</block>
<block><region><rect/></region>
<text>
<par>
<line>r^'</line></par>
</text>
</block>
<block><region><rect/></region>
<text>
<par/>
</text>
</block>
<block><region><rect/></region>
<text>
<par>
<line>w.</line></par>
</text>
</block>
<block><region><rect/></region>
<text>
<par>
<line>%</line></par>
</text>
</block>
<block><region><rect/></region>
<text>
<par/>
</text>
</block>
<block><region><rect/></region>
<text>
<par/>
</text>
</block>
<block><region><rect/></region>
<text>
<par>
<line>«</line></par>
</text>
</block>
<block><region><rect/></region>
<text>
<par/>
</text>
</block>
<block><region><rect/></region>
<text>
<par>
<line>1^-</line></par>
</text>
</block>
<block><region><rect/></region>
<text>
<par>
<line>■r-l</line></par>
</text>
</block>
<block><region><rect/></region>
<text>
<par>
<line>4/9 OTE INGÉNIERIE</line></par>
<par>
<line>PLU approuvé par DCM du 20/03/2017</line></par>
</text>
</block>








<block blockType="Picture" blockName="" l="121" t="337" r="1107" b="380"><region><rect/></region>
</block>
</page>
<page width="2481" height="3508" resolution="300">
<block><region><rect/></region>
<text>
<par>
<line>Plan Local d’Urbanisme de MOLSHEIM</line></par>
<par>
<line>Orientations d’Aménagement et de Programmation</line></par>
</text>
</block>
<block><region><rect/></region>
<text>
<par>
<line>Le secteur IAUb -quartier du Zich</line></par>
</text>
</block>
<block><region><rect/></region>
<text>
<par>
<line>Le secteur lAUb - quartier du Zich</line></par>
</text>
</block>
<block><region><rect/></region>
<text>
<par>
<line>Localisation</line></par>
<par>
<line>Le secteur lAUb correspond à un vaste espace interstitiel au sein du tissu bâti</line>
<line>molshémien au Nord du centre ancien.</line></par>
</text>
</block>
<block><region><rect/></region>
<text>
<par>
<line>Principes d’amenagement</line></par>
<par>
<line>Les objectifs d'aménagement poursuivis sont les suivants :</line></par>
<par>
<line>En termes de circulation</line></par>
<par>
<line>■ Assurer des liaisons avec les voiries et cheminements doux en attente en</line>
<line>périphérie du site afin d'assurer une perméabilité de la zone à tous les modes</line>
<line>de déplacements ;</line></par>
<par>
<line>■ Développer des sentiers et cheminements spécifiques pour assurer des</line>
<line>déplacements piétonniers et cyclables sécurisés ;</line></par>
<par>
<line>■ Réfléchir le stationnement pour minimiser son impact sur le fonctionnement du</line>
<line>quartier ;</line></par>
</text>
</block>
<block><region><rect/></region>
<text>
<par>
<line>OTE INGÉNIERIE 5/9</line></par>
<par>
<line>PLU approuvé par DCM du 20/03/2017</line></par>
</text>
</block>





<block blockType="Picture" blockName="" l="1667" t="337" r="2360" b="380"><region><rect/></region>
</block>
</page>
<page width="2481" height="3508" resolution="300">
<block><region><rect/></region>
<text>
<par>
<line>Plan Local d’Urbanisme de MOLSHEIM</line></par>
<par>
<line>Orientations d’Aménagement et de Programmation</line></par>
</text>
</block>
<block><region><rect/></region>
<text>
<par>
<line>Le secteur IAUb -quartier du Zich</line></par>
</text>
</block>
<block><region><rect/></region>
<text>
<par>
<line>En termes de diversité de l’habitat</line></par>
<par>
<line>■ Les typologies bâties proposées doivent prendre des tonnes diversifiées :</line>
<line>collectif, individuel, habitat intennédiaire ;</line></par>
<par>
<line>■ Une graduation des hauteurs des constructions sera recherchée de la</line>
<line>périphérie vers le centre du quartier ;</line></par>
<par>
<line>En termes d'équipement</line></par>
<par>
<line>■ Intégrer un espace vert destiné à constituer un lieu de convivialité ;</line></par>
<par>
<line>En termes d'environnement</line></par>
<par>
<line>■ La présence potentielle de Tulipes sauvages sera prise en compte dans le</line>
<line>schéma d'aménagement opérationnel du quartier;</line></par>
</text>
</block>
<block><region><rect/><rect/><rect/></region>
<text>
<par>
<line>SCHEMA DE PRINCIPE D'AMENAGEMENT</line></par>
</text>
</block>
<block><region><rect/></region>
<text>
<par/>
</text>
</block>
<block><region><rect/></region>
<text>
<par/>
</text>
</block>
<block><region><rect/><rect/></region>
<text>
<par/>
</text>
</block>
<block><region><rect/></region>
<text>
<par/>
</text>
</block>
<block><region><rect/></region>
<text>
<par>
<line>m</line></par>
</text>
</block>
<block><region><rect/></region>
<text>
<par>
<line>♦</line></par>
</text>
</block>
<block><region><rect/></region>
<text>
<par/>
</text>
</block>
<block><region><rect/></region>
<text>
<par/>
</text>
</block>
<block><region><rect/></region>
<text>
<par/>
</text>
</block>
<block><region><rect/></region>
<text>
<par/>
</text>
</block>
<block><region><rect/></region>
<text>
<par/>
</text>
</block>
<block><region><rect/></region>
<text>
<par>
<line>%</line></par>
</text>
</block>
<block><region><rect/></region>
<text>
<par/>
</text>
</block>
<block><region><rect/></region>
<text>
<par>
<line>P</line></par>
</text>
</block>
<block><region><rect/></region>
<text>
<par>
<line>4'-</line></par>
</text>
</block>
<block><region><rect/></region>
<text>
<par>
<line>Ni</line></par>
</text>
</block>
<block><region><rect/></region>
<text>
<par/>
</text>
</block>
<block><region><rect/></region>
<text>
<par>
<line>Ê</line></par>
</text>
</block>
<block><region><rect/></region>
<text>
<par/>
</text>
</block>
<block><region><rect/></region>
<text>
<par/>
</text>
</block>
<block><region><rect/></region>
<text>
<par/>
</text>
</block>
<block><region><rect/></region>
<text>
<par/>
</text>
</block>
<block><region><rect/></region>
<text>
<par>
<line>P</line></par>
</text>
</block>
<block><region><rect/></region>
<text>
<par/>
</text>
</block>
<block><region><rect/></region>
<text>
<par/>
</text>
</block>
<block><region><rect/></region>
<text>
<par/>
</text>
</block>
<block><region><rect/></region>
<text>
<par>
<line>m</line></par>
</text>
</block>
<block><region><rect/></region>
<text>
<par/>
</text>
</block>
<block><region><rect/></region>
<text>
<par/>
</text>
</block>
<block><region><rect/></region>
<text>
<par>
<line>♦</line></par>
</text>
</block>
<block><region><rect/></region>
<text>
<par>
<line>«</line></par>
</text>
</block>
<block><region><rect/></region>
<text>
<par>
<line>«</line></par>
</text>
</block>
<block><region><rect/></region>
<text>
<par>
<line>kxm«tion</line></par>
</text>
</block>
<block><region><rect/></region>
<text>
<par>
<line>prt4gren&lt;tt&lt;&lt;</line></par>
</text>
</block>
<block><region><rect/></region>
<text>
<par>
<line>det</line></par>
</text>
</block>
<block><region><rect/></region>
<text>
<par>
<line>'-JC</line></par>
</text>
</block>
<block><region><rect/></region>
<text>
<par/>
</text>
</block>
<block><region><rect/></region>
<text>
<par>
<line>plut</line></par>
</text>
</block>
<block><region><rect/></region>
<text>
<par/>
</text>
</block>
<block><region><rect/></region>
<text>
<par>
<line>H</line></par>
</text>
</block>
<block><region><rect/></region>
<text>
<par/>
</text>
</block>
<block><region><rect/></region>
<text>
<par>
<line>wvrl</line></par>
</text>
</block>
<block><region><rect/></region>
<text>
<par/>
</text>
</block>
<block><region><rect/></region>
<text>
<par/>
</text>
</block>
<block><region><rect/></region>
<text>
<par/>
</text>
</block>
<block><region><rect/></region>
<text>
<par>
<line>••</line></par>
</text>
</block>
<block><region><rect/></region>
<text>
<par/>
</text>
</block>
<block><region><rect/></region>
<text>
<par>
<line>«</line></par>
</text>
</block>
<block><region><rect/></region>
<text>
<par/>
</text>
</block>
<block><region><rect/></region>
<text>
<par>
<line>ê</line></par>
</text>
</block>
<block><region><rect/></region>
<text>
<par>
<line>m</line></par>
</text>
</block>
<block><region><rect/></region>
<text>
<par>
<line>«</line></par>
</text>
</block>
<block><region><rect/></region>
<text>
<par>
<line>«</line></par>
</text>
</block>
<block><region><rect/></region>
<text>
<par>
<line>t</line></par>
</text>
</block>
<block><region><rect/></region>
<text>
<par/>
</text>
</block>
<block><region><rect/></region>
<text>
<par>
<line>*</line></par>
</text>
</block>
<block><region><rect/></region>
<text>
<par/>
</text>
</block>
<block><region><rect/></region>
<text>
<par/>
</text>
</block>
<block><region><rect/></region>
<text>
<par/>
</text>
</block>
<block><region><rect/></region>
<text>
<par/>
</text>
</block>
<block><region><rect/></region>
<text>
<par/>
</text>
</block>
<block><region><rect/></region>
<text>
<par>
<line>T.</line></par>
</text>
</block>
<block><region><rect/></region>
<text>
<par/>
</text>
</block>
<block><region><rect/></region>
<text>
<par>
<line>/</line></par>
</text>
</block>
<block><region><rect/></region>
<text>
<par>
<line>/</line></par>
</text>
</block>
<block><region><rect/></region>
<text>
<par>
<line>6/9 OTE INGÉNIERIE</line></par>
<par>
<line>PLU approuvé par DCM du 20/03/2017</line></par>
</text>
</block>












<block blockType="Picture" blockName="" l="121" t="337" r="814" b="380"><region><rect/></region>
</block>
</page>
<page width="2481" height="3508" resolution="300">
<block><region><rect/></region>
<text>
<par>
<line>Plan Local d’Urbanisme de MOLSHEIM</line></par>
<par>
<line>Orientations d’Aménagement et de Programmation</line></par>
</text>
</block>
<block><region><rect/></region>
<text>
<par>
<line>Le secteur IAUc-lieuditMoerder</line></par>
</text>
</block>
<block><region><rect/></region>
<text>
<par>
<line>Le secteur lAUc - lieudit Moerder</line></par>
</text>
</block>
<block><region><rect/></region>
<text>
<par>
<line>Localisation</line></par>
<par>
<line>Le secteur lAUc s'inscrit en comblement d'une dent creuse au lieudit Moerder, se</line>
<line>prolongeant par une optimisation de l'aménagement de la rue Kurzgewand en</line>
<line>permettant l'aménagement de quelques parcelles au Nord de cette voie.</line></par>
</text>
</block>
<block><region><rect/></region>
<text>
<par>
<line>t_k</line></par>
</text>
</block>
<block><region><rect/></region>
<text>
<par>
<line>Principes d’amenagement</line></par>
<par>
<line>Les objectifs d'aménagement poursuivis sont les suivants :</line></par>
<par>
<line>En termes de circulation</line></par>
<par>
<line>L'opération vise à aménager le site en aménageant la rue Kurzgewand, déjà</line>
<line>desservie par les réseaux, et en développant de préférence une desserte en</line>
<line>bouclage de la partie Sud du site.</line></par>
<par>
<line>L'aménagement prendra en compte les besoins de déplacements piétonniers et</line>
<line>cyclables vers les aménagements spécifiques existants à proximité.</line></par>
<par>
<line>En termes de diversité de l’habitat</line></par>
<par>
<line>L'aménagement du site doit viser à favoriser l'implantation de maisons individuelles</line>
<line>ou groupées en cohérence avec les abords du site.</line></par>
</text>
</block>
<block><region><rect/></region>
<text>
<par>
<line>OTE INGÉNIERIE 7/9</line></par>
<par>
<line>PLU approuvé par DCM du 20/03/2017</line></par>
</text>
</block>






<block blockType="Picture" blockName="" l="1675" t="337" r="2360" b="380"><region><rect/></region>
</block>
<block blockType="Picture" blockName="" l="836" t="1268" r="2100" b="2053"><region><rect/></region>
</block>
</page>
<page width="2481" height="3508" resolution="300">
<block><region><rect/></region>
<text>
<par>
<line>Plan Local d’Urbanisme de MOLSHEIM</line></par>
<par>
<line>Orientations d’Aménagement et de Programmation</line></par>
</text>
</block>
<block><region><rect/></region>
<text>
<par>
<line>Le corridor ecologioue</line></par>
</text>
</block>
<block><region><rect/></region>
<text>
<par>
<line>Le corridor écologique</line></par>
</text>
</block>
<block><region><rect/></region>
<text>
<par>
<line>Localisation</line></par>
<par>
<line>Le Schéma Régional de Cohérence Ecologique a défini un corridor écologique</line>
<line>dédié au Crapaud vert et aux Azurés (C114 - codification 5RCE) entre la zone</line>
<line>naturelle de l’Altorfer Weg et la vallée de la Bruche aval le long du contournement</line>
<line>de Molsheim (RD 422).</line></par>
</text>
</block>
<block><region><rect/></region>
<text>
<par>
<line>* • -</line></par>
</text>
</block>
<block><region><rect/></region>
<text>
<par>
<line>corridor écologique</line></par>
</text>
</block>
<block><region><rect/></region>
<text>
<par>
<line>SOURCES PLAN CADASTRAI. BOORTHOZOD. )GN</line></par>
</text>
</block>
<block><region><rect/></region>
<text>
<par>
<line>\</line></par>
</text>
</block>
<block><region><rect/></region>
<text>
<par>
<line>FÉVRIER 201 r</line></par>
</text>
</block>
<block><region><rect/></region>
<text>
<par>
<line>0 140 260</line></par>
</text>
</block>
<block><region><rect/></region>
<text>
<par>
<line>8/9 OTE INGÉNIERIE</line></par>
<par>
<line>PLU approuvé par DCM du 20/03/2017</line></par>
</text>
</block>





<block blockType="Picture" blockName="" l="121" t="337" r="589" b="380"><region><rect/></region>
</block>
<block blockType="Picture" blockName="" l="706" t="1143" r="2248" b="2556"><region><rect/></region>
</block>
</page>
<page width="2481" height="3508" resolution="300">
<block><region><rect/></region>
<text>
<par>
<line>Plan Local d’Urbanisme de MOLSHEIM</line></par>
<par>
<line>Orientations d’Aménagement et de Programmation</line></par>
</text>
</block>
<block><region><rect/></region>
<text>
<par>
<line>Le corridor ecologioue</line></par>
</text>
</block>
<block><region><rect/></region>
<text>
<par>
<line>Principes d'amenagement</line></par>
<par>
<line>L'aménagement du corridor écologique C114, acté dans le Schéma Régional de</line>
<line>Cohérence Ecologique et dédié au Crapaud vert et aux Azurés (papillons), vise à</line>
<line>en assurer la fonctionnalité. Son aménagement pourra être phasé dans le temps.</line></par>
<par>
<line>L'aménagement doit ainsi permettre aux espèces ciblées de se déplacer au sein</line>
<line>de ce corridor, positionné le long de la RD422, afin de mettre en communication</line>
<line>les peuplements de la vallée du Bras d’Altorf (notamment ceux dans les mares et</line>
<line>les prairies en Altorfer weg - Bruennel) avec ceux de la vallée aval de la Bnjche.</line>
<line>Les espèces doivent ainsi y trouver des lieux de repos et de reproduction adaptés</line>
<line>à leur écologie. Ces derniers peuvent être aménagés en "pas japonais" afin de</line>
<line>répondre aux faibles capacités de déplacement de ces espèces.</line></par>
<par>
<line>En TERMES D’HABITATS BIOLOGIQUES</line></par>
<par>
<line>Pour le Crapaud vert, ces habitats correspondent à des mares peu végéta Usées,</line>
<line>sans poissons dans un environnement sablo-graveleux leur pennettant de</line>
<line>s’enfouir et des refuges terrestres sous forme de merlons meubles (possibilité</line>
<line>d’enfouissement) ou de boisements.</line></par>
<par>
<line>Pour les Azurés, ces habitats doivent correspondre à des milieux prairiaux</line>
<line>diversifiés offrant une ressource alimentaire (plantes à fleur) possédant des pieds</line>
<line>de Grande Sanguisorbe (ou Sanguisorbe officinale), plante hôte des chenilles de</line>
<line>ces papillons.</line></par>
<par>
<line>En TERMES DE PERMEABILITE</line></par>
<par>
<line>Outre ces habitats spécifiques, le corridor doit être exempt d’obstacle</line>
<line>infranchissable ou à risque de collision.</line></par>
</text>
</block>
<block><region><rect/></region>
<text>
<par>
<line>OTE INGÉNIERIE</line></par>
</text>
</block>
<block><region><rect/></region>
<text>
<par>
<line>9/9</line></par>
<par>
<line>PLU approuvé par DCM du 20/03/2017</line></par>
</text>
</block>





<block blockType="Picture" blockName="" l="1892" t="337" r="2359" b="380"><region><rect/></region>
</block>
</page>
</OAP>