<?xml version="1.0" encoding="UTF-8"?><OAP>
<page width="2479" height="3508" resolution="300">
<block><region><rect/></region>
<text>
<par>
<line>P.L.U.</line></par>
<par>
<line>Plan Local d'Urbanisme</line></par>
</text>
</block>
<block><region><rect/></region>
<text>
<par>
<line>Commune d'ALIX</line></par>
</text>
</block>
<block><region><rect/></region>
<text>
<par>
<line>3. Orientations d'Aménagement</line></par>
<par>
<line>et de Programmation</line></par>
</text>
</block>
<block><region><rect/></region>
<text>
<par>
<line>Vu pour être annexé</line>
<line>à la délibération d’approbation du PLU</line>
<line>en date du 22 janvier 2018.</line></par>
</text>
</block>
<block><region><rect/></region>
<text>
<par>
<line>Le Maire,</line>
<line>Pascal LEBRUN</line></par>
</text>
</block>
<block><region><rect/></region>
<text>
<par/>
</text>
</block>
<block><region><rect/></region>
<text>
<par/>
</text>
</block>
<block><region><rect/></region>
<text>
<par>
<line>59380</line></par>
</text>
</block>
<block><region><rect/></region>
<text>
<par/>
</text>
</block>










<block blockType="Picture" blockName="" l="2103" t="177" r="2366" b="392"><region><rect/></region>
</block>
</page>
<page width="2479" height="3508" resolution="300">
</page>
<page width="2479" height="3508" resolution="300">
<block><region><rect/></region>
<text>
<par>
<line>Le code de l'urbanisme précise en particulier que :</line></par>
</text>
</block>
<block><region><rect/></region>
<text>
<par>
<line>« Les orientations d'aménagement et de programmation comprennent, en cohérence avec le</line>
<line>projet d'aménagement et de développement durables, des dispositions portant sur</line>
<line>l'aménagement, l'habitat, les transports et les déplacements. ^</line></par>
<par>
<line>Les orientations d'aménagement et de programmation peuvent notamment :</line></par>
<par>
<line>1° Définir les actions et opérations nécessaires pour mettre en valeur l'environnement,</line>
<line>notamment les continuités écologiques, les paysages, les entrées de villes et le patrimoine,</line>
<line>lutter contre l'insalubrité, permettre le renouvellement urbain et assurer le développement</line>
<line>de la commune ;</line></par>
<par>
<line>2° Favoriser la mixité fonctionnelle en prévoyant qu'en cas de réalisation d'opérations</line>
<line>d'aménagement, de construction ou de réhabilitation un pourcentage de ces opérations est</line>
<line>destiné à la réalisation de commerces ;</line></par>
<par>
<line>3° Comporter un échéancier prévisionnel de l'ouverture à l'urbanisation des zones à urbaniser</line>
<line>et de la réalisation des équipements correspondants ;</line></par>
<par>
<line>4° Porter sur des quartiers ou des secteurs à mettre en valeur, réhabiliter, restructurer ou</line>
<line>aménager ;</line></par>
<par>
<line>5° Prendre la forme de schémas d'aménagement et préciser les principales caractéristiques</line>
<line>des voies et espaces publics ;</line></par>
<par>
<line>6° Adapter la délimitation des périmètres, en fonction de la qualité de la desserte, où</line>
<line>s'applique le plafonnement à proximité des transports prévu aux articles L. 151-35 et L. 151¬</line>
<line>36. »</line></par>
</text>
</block>
<block><region><rect/></region>
<text>
<par>
<line>Commune d’ALIX</line></par>
<par>
<line>P.L.U.</line></par>
</text>
</block>
<block><region><rect/></region>
<text>
<par>
<line>OAP - page 3</line></par>
</text>
</block>


</page>
<page width="2479" height="3508" resolution="300">
<block><region><rect/></region>
<text>
<par>
<line>Un développement urbain « harmonieux et maîtrisé »</line></par>
</text>
</block>
<block><region><rect/></region>
<text>
<par>
<line>La Municipalité a souhaité, dans le cadre de son projet, assurer un développement urbain</line>
<line>globalement maîtrisé, cohérent et valorisant, qui prenne en compte l'enjeu de la préservation du</line>
<line>cadre de vie de qualité liée au patrimoine architectural et paysager. Le projet vise également à</line>
<line>poursuivre la diversification de l’offre de logements afin de répondre notamment aux objectifs de</line>
<line>mixité sociale à travers des programmes comprenant des logements de catégories et types différents.</line></par>
<par>
<line>Les principes fixés par les Orientations d'Aménagement et de Programmation portent sur</line>
<line>l'Aménagement du centre-bourg, en particulier sur les terrains en dents creuses constituant les</line>
<line>capacités de développement et sur une extension contigüe limitée au besoin du PLU en termes de</line>
<line>temporalité. Ils comprennent une partie générale et les secteurs d'Orientations d'Aménagement et de</line>
<line>Programmation, dit secteurs d'OAP.</line></par>
</text>
</block>
<block><region><rect/></region>
<text>
<par>
<line>Deux secteurs d'OAP sont définis dans la partie centrale du bourg, entre le noyau historique au Nord</line>
<line>et l'extension urbaine Sud, qui supporte les principaux enjeux de développement des équipements</line>
<line>publics notamment scolaires, périscolaires et culturels, mais aussi de nouveaux logements. Le premier</line>
<line>secteur d'OAP se situe en « dent creuse » (terrains résiduels contenus dans l'enveloppe urbaine) et</line>
<line>l'autre en confortement de l'urbanisation poursuivant le premier secteur à l'intérieur de cette partie</line>
<line>centrale.</line></par>
<par>
<line>Ainsi, le parti d'aménagement des secteurs potentiellement urbanisables s'adapte à leur localisation. Il</line>
<line>retient principalement une diversification des typologies d'habitat en adéquation avec, la proximité des</line>
<line>différents équipements, services et commerces, l'environnement (le site et le paysage au sens large),</line>
<line>et les formes urbaines existantes sur les parcelles proches et/ou l'importance des opérations.</line></par>
<par>
<line>Les orientations d'aménagement et de programmation présentées dans les pages suivantes pour les</line>
<line>secteurs à enjeux du centre-bourg visent à :</line></par>
<par>
<line>- répondre aux différents besoins en logements par des typologies d'habitat définies par rapport à</line>
<line>la situation du secteur et à ses caractéristiques, dans l'objectif de favoriser une mixité sociale et</line>
<line>intergénérationnelle,</line></par>
<par>
<line>- veiller à l'intégration urbaine et paysagère des futures opérations, en ciblant, en fonction du</line>
<line>secteur en accroche sur la route départementale traversant le village ou sur le versant adossé</line>
<line>au boisement, des formes d'habitat adaptées,</line></par>
<par>
<line>- valoriser la qualité urbaine, architecturale et paysagère par rapport aux enjeux paysagers liés au</line>
<line>patrimoine bâti et naturel,</line></par>
<par>
<line>- promouvoir un urbanisme de projet, attaché, en interne des futures opérations, à une réflexion</line>
<line>globale et transversale, concourant à une qualité soucieuse de la vie des habitants (usage et</line>
<line>perception, en particulier).</line></par>
</text>
</block>
<block><region><rect/></region>
<text>
<par>
<line>Commune d'ALIX</line></par>
<par>
<line>P.L.U.</line></par>
</text>
</block>
<block><region><rect/></region>
<text>
<par>
<line>OAP - page 4</line></par>
</text>
</block>

</page>
<page width="2479" height="3508" resolution="300">
<block><region><rect/></region>
<text>
<par>
<line>Orientations générales applicables à la partie centrale</line>
<line>du centre-bourg, secteur élargi autour des deux secteurs</line>
<line>d'orientations d'aménagement et de programmation (OAP)</line></par>
</text>
</block>
<block><region><rect/></region>
<text>
<par>
<line>Déplacements</line></par>
<par>
<line>Les principaux enjeux d'amélioration de la mobilité sur le territoire d'Alix portent sur les modes doux en</line>
<line>particulier au centre-village. En effet, à l'échelle des déplacements intercommunaux, mais aussi</line>
<line>communaux au vu des pratiques actuelles liées au territoire rural et aux possibilités de stationnement,</line>
<line>la voiture particulière reste le mode de déplacement dominant. Cependant, prenant en compte</line>
<line>l'éloignement relativement limité des hameaux au Nord et Nord-Ouest (hors habitat isolé à l'Est) et</line>
<line>sans topographie trop décourageante, une évolution des déplacements pourrait tendre vers davantage</line>
<line>de déplacements « actifs », c'est-à-dire à pied, vélos, trottinettes et autres.</line></par>
<par>
<line>Le véritable enjeu est donc de développer l'usage des modes doux sur les déplacements de courte</line>
<line>portée, donc internes au territoire. La Commune et les opérations à développer devront donc œuvrer</line>
<line>sur la création de cheminements ou la sécurisation d'espaces dédiés reliant les secteurs d'habitations</line>
<line>proches du centre-bourg, mais aussi les équipements publics notamment scolaires et de sports et</line>
<line>loisirs.</line></par>
<par>
<line>Ainsi, les modes doux devront être pris en compte dans chaque opération d'urbanisation lors de la</line>
<line>création d'aménagements de voirie et des espaces verts ; une continuité devra être trouvée avec les</line>
<line>aménagements existants ou à réaliser par la Commune (créations de trottoirs, aménagement des</line>
<line>emplacements réservés^). Cette question des déplacements alternatifs sur Alix se déclinera aussi</line>
<line>dans les bâtiments avec des locaux ou espaces de stationnement abrités et sécurisés des cycles.</line></par>
</text>
</block>
<block><region><rect/></region>
<text>
<par>
<line>Gestion de l’énergie</line></par>
<par>
<line>Les projets doivent favoriser un habitat bioclimatique, peu consommateur en énergie privilégiant les</line>
<line>apports solaires.</line></par>
<par>
<line>L'objectif de réaliser des bâtiments basse consommation induit des implantations bâties et des</line>
<line>dispositifs architecturaux facilitant les économies d'énergie en hiver (chauffage) et en été</line>
<line>(climatisation). Ainsi, il est préconisé :</line></par>
<par>
<line>- de réaliser des bâtiments les plus compacts possibles (moins de surface de déperdition),</line></par>
<par>
<line>- d'implanter les bâtiments en veillant à ce qu'ils ne produisent pas d'ombre portée les uns sur les</line>
<line>autres,</line></par>
<par>
<line>- de favoriser des implantations de constructions avec des orientations Nord/Sud ou Est/Ouest en</line>
<line>fonction des enjeux d'insertion urbaine et paysagère (continuité du front bâti et pente du terrain),</line></par>
<par>
<line>- d'organiser la distribution des logements avec un maximum d'exposition au Sud pour les pièces</line>
<line>de jour,</line></par>
<par>
<line>- de concevoir des bâtiments économes en énergie (norme BBC Bâtiment Basse Consommation,</line>
<line>isolation, consommation énergétique, _),</line></par>
<par>
<line>- de recourir aux énergies renouvelables, aux énergies propres et aux réseaux de chaleur</line>
<line>(géothermie, éolien, solaire, _).</line></par>
</text>
</block>
<block><region><rect/></region>
<text>
<par>
<line>Commune d'ALIX</line></par>
<par>
<line>P.L.U.</line></par>
</text>
</block>
<block><region><rect/></region>
<text>
<par>
<line>OAP - page 5</line></par>
</text>
</block>

</page>
<page width="2479" height="3508" resolution="300">
<block><region><rect/></region>
<text>
<par>
<line>Performances environnementales générales</line></par>
<par>
<line>La prise en compte des aspects environnementaux doit être intégrée de façon globale et générale</line>
<line>dans les projets avec pour objectifs de :</line></par>
<par>
<line>- limiter les incidences liées aux eaux pluviales, en respectant des dispositions du règlement en</line>
<line>matière de gestion des eaux pluviales, notamment de rétention adaptée et de rejet limité, mais</line>
<line>aussi en favorisant, pour les maisons et autres opérations de logements, une</line>
<line>imperméabilisation limitée des sols et une utilisation de matériaux perméables et/ou semi-</line>
<line>perméables,</line></par>
<par>
<line>- réduire les pollutions, la combustion d'énergie fossile et les GES Gaz à Effet de Serre</line>
<line>(diminution des consommations liées aux bâtiments, des besoins de déplacements en voiture</line>
<line>particulière),</line></par>
<par>
<line>- réduire la consommation d'eau, notamment d'eau potable pour les habitants et la collectivité</line>
<line>(alternative à l'utilisation de l'eau potable pour l'arrosage et le nettoyage grâce à des</line>
<line>récupérateurs d'eau de pluie, plantations privilégiant une végétation adaptée au site, _),</line></par>
<par>
<line>- limiter, trier et recycler les déchets de chantier et valoriser leur réutilisation,</line></par>
<par>
<line>- réduire à la source le volume des déchets ménagers (collecte sélective, tri_),</line></par>
<par>
<line>- valoriser les déchets organiques (compost via l'implantation de composteurs individuels ou</line>
<line>collectifs, nourriture de poules ou autres),</line></par>
<par>
<line>- intégrer et préserver la faune et la flore (espaces de nature, jardins collectifs, végétalisation^).</line></par>
</text>
</block>
<block><region><rect/></region>
<text>
<par>
<line>Paysage</line></par>
<par>
<line>Les enjeux liés au paysage naturel, architectural et urbain du centre-bourg et plus spécifiquement de</line>
<line>cette section de l'itinéraire de la RD 76, sont importants, directement induits par la qualité actuellement</line>
<line>existante. Ainsi, les projets amenés à se développer devront être composés à partir de cet objectif de</line>
<line>préservation de cette qualité.</line></par>
<par>
<line>S'agissant des aspects paysagers, deux échelles sont à distinguer ; celle du cadre sur lequel</line>
<line>s'appuieront les projets et celle des opérations. Pour ces dernières, des principes sont énoncés dans</line>
<line>les pages suivantes aux « secteurs d'OAP : Côté Est et Au Perroux ». Pour le cadre, « secteur d'OAP :</line>
<line>Côté Ouest », ce sont les prescriptions du règlement attachées au document graphique par la</line>
<line>localisation d'éléments naturels remarquables du paysage et les espaces boisés classés, mais aussi la</line>
<line>délimitation de la zone constructible qui fixent le « paysage » dans lequel les projets s'inscriront. En</line>
<line>effet, côté Ouest, les cônes de vue existants depuis la rue Aymé Chalus (RD 76) devront être</line>
<line>préservés vers le vallon du ruisseau du Moulin. Cette volonté se traduit donc par les dispositions</line>
<line>réglementaires (Noa) et le principe de cônes de vue porté au schéma en page suivante afin de</line>
<line>maintenir la dernière fenêtre historique côté Ouest puisque le bâti ne compte que des constructions</line>
<line>anciennes en pierres dorées sur cette frange. Le PLU prévoit toutefois qu'elle puisse être réduite en</line>
<line>ménageant une possibilité de construction d'un seul bâtiment de quatre logements au plus au Sud</line>
<line>(UaOA) sous réserve d'une cohérence avec le tissu urbain et de la prise en compte des enjeux</line>
<line>paysagers.</line></par>
<par>
<line>Concernant l'extension des équipements scolaires et périscolaires, la future limite Est devra être</line>
<line>traitée paysagèrement en vue d'assurer l'intégration des nouveaux aménagements et équipements par</line>
<line>rapport à la transition avec l'espace agro-naturel et les perceptions offertes depuis le versant. La</line>
<line>liaison piétonne entre la montée du Cardinal Fesch, depuis l'impasse desservant l'école, et la montée</line>
<line>du Perroux pourrait trouver un intérêt également à cette séquence de haie accompagnée d'arbres.</line></par>
</text>
</block>
<block><region><rect/></region>
<text>
<par>
<line>Commune d'ALIX</line></par>
<par>
<line>P.L.U.</line></par>
</text>
</block>
<block><region><rect/></region>
<text>
<par>
<line>OAP - page 6</line></par>
</text>
</block>



</page>
<page width="2479" height="3508" resolution="300">
<block><region><rect/></region>
<text>
<par>
<line>50 mètres'</line></par>
</text>
</block>
<block><region><rect/></region>
<text>
<par/>
</text>
</block>
<block><region><rect/></region>
<text>
<par/>
</text>
</block>
<block><region><rect/></region>
<text>
<par>
<line>■JT</line></par>
</text>
</block>
<block><region><rect/></region>
<text>
<par>
<line>I</line></par>
</text>
</block>
<block><region><rect/></region>
<text>
<par>
<line>h</line></par>
</text>
</block>
<block><region><rect/></region>
<text>
<par>
<line>m</line></par>
</text>
</block>
<block><region><rect/></region>
<text>
<par>
<line>0 .</line></par>
</text>
</block>
<block><region><rect/></region>
<text>
<par>
<line>0</line></par>
</text>
</block>
<block><region><rect/></region>
<text>
<par>
<line>53</line></par>
</text>
</block>
<block><region><rect/></region>
<text>
<par>
<line>S</line></par>
</text>
</block>
<block><region><rect/></region>
<text>
<par>
<line>&lt;b -</line></par>
</text>
</block>
<block><region><rect/></region>
<text>
<par>
<line>/</line></par>
</text>
</block>
<block><region><rect/></region>
<text>
<par/>
</text>
</block>
<block><region><rect/></region>
<text>
<par>
<line>Nord</line></par>
</text>
</block>
<block><region><rect/></region>
<text>
<par>
<line>t</line></par>
</text>
</block>
<block><region><rect/></region>
<text>
<par>
<line>5Ji</line></par>
</text>
</block>
<block><region><rect/></region>
<text>
<par/>
</text>
</block>
<block><region><rect/></region>
<text>
<par>
<line>i \</line></par>
</text>
</block>
<block><region><rect/></region>
<text>
<par>
<line>■’V</line></par>
</text>
</block>
<block><region><rect/></region>
<text>
<par>
<line>: 71</line></par>
</text>
</block>
<block><region><rect/></region>
<text>
<par/>
</text>
</block>
<block><region><rect/></region>
<text>
<par/>
</text>
</block>
<block><region><rect/><rect/></region>
<text>
<par>
<line>toj</line></par>
</text>
</block>
<block><region><rect/></region>
<text>
<par/>
</text>
</block>
<block><region><rect/></region>
<text>
<par>
<line>.V</line></par>
</text>
</block>
<block><region><rect/></region>
<text>
<par>
<line>m</line></par>
</text>
</block>
<block><region><rect/></region>
<text>
<par>
<line>Il</line></par>
<par>
<line>»=•,/</line></par>
<par>
<line>Bibliothèqi^</line></par>
</text>
</block>
<block><region><rect/></region>
<text>
<par>
<line>« I</line></par>
</text>
</block>
<block><region><rect/></region>
<text>
<par>
<line>3^n</line></par>
</text>
</block>
<block><region><rect/></region>
<text>
<par>
<line>U</line></par>
</text>
</block>
<block><region><rect/></region>
<text>
<par>
<line>IU4</line></par>
</text>
</block>
<block><region><rect/></region>
<text>
<par/>
</text>
</block>
<block><region><rect/></region>
<text>
<par>
<line>j^^mjeTrâgeraent del ( /</line>
<line>^^impqsse (chemin JI /</line>
<line>(îsiéfq'n et pfaces dp</line>
<line>PltX^^statiotyienient) | J y</line></par>
<par>
<line>XXX^ " '■ 1/</line></par>
<par>
<line>Extension des r</line></par>
<par>
<line>équipements /</line></par>
<par>
<line>XX^F scolaires et /j</line></par>
<par>
<line>vüy périscolaires</line></par>
<par>
<line>f® A</line></par>
</text>
</block>
<block><region><rect/></region>
<text>
<par/>
</text>
</block>
<block><region><rect/></region>
<text>
<par/>
</text>
</block>
<block><region><rect/></region>
<text>
<par>
<line>/Mairie</line></par>
</text>
</block>
<block><region><rect/></region>
<text>
<par>
<line>PadfJng</line></par>
<par>
<line>Paysager</line></par>
</text>
</block>
<block><region><rect/></region>
<text>
<par>
<line>lin</line></par>
</text>
</block>
<block><region><rect/></region>
<text>
<par>
<line>Ecole</line></par>
</text>
</block>
<block><region><rect/></region>
<text>
<par>
<line>5«X</line></par>
</text>
</block>
<block><region><rect/></region>
<text>
<par>
<line>f:jii</line></par>
</text>
</block>
<block><region><rect/></region>
<text>
<par>
<line>lïxx</line></par>
</text>
</block>
<block><region><rect/></region>
<text>
<par>
<line>ÜBt:.:</line></par>
</text>
</block>
<block><region><rect/></region>
<text>
<par>
<line>■^11</line></par>
</text>
</block>
<block><region><rect/><rect/><rect/></region>
<text>
<par/>
</text>
</block>
<block><region><rect/></region>
<text>
<par/>
</text>
</block>
<block><region><rect/></region>
<text>
<par>
<line>/ logements</line></par>
</text>
</block>
<block><region><rect/></region>
<text>
<par/>
</text>
</block>
<block><region><rect/></region>
<text>
<par/>
</text>
</block>
<block><region><rect/></region>
<text>
<par>
<line>-r ê</line></par>
</text>
</block>
<block><region><rect/></region>
<text>
<par/>
</text>
</block>
<block><region><rect/></region>
<text>
<par/>
</text>
</block>
<block><region><rect/></region>
<text>
<par>
<line>5v I</line></par>
<par>
<line>^ ^ . àx</line></par>
</text>
</block>
<block><region><rect/></region>
<text>
<par>
<line>7</line></par>
</text>
</block>
<block><region><rect/></region>
<text>
<par/>
</text>
</block>
<block><region><rect/></region>
<text>
<par>
<line>14</line></par>
<par>
<line>h'</line></par>
<par>
<line>logements /</line></par>
</text>
</block>
<block><region><rect/></region>
<text>
<par>
<line>I3â0</line></par>
</text>
</block>
<block><region><rect/></region>
<text>
<par>
<line>V .,.,</line></par>
</text>
</block>
<block><region><rect/></region>
<text>
<par/>
</text>
</block>
<block><region><rect/></region>
<text>
<par/>
</text>
</block>
<block><region><rect/></region>
<text>
<par/>
</text>
</block>
<block><region><rect/></region>
<text>
<par/>
</text>
</block>
<block><region><rect/></region>
<text>
<par/>
</text>
</block>
<block><region><rect/></region>
<text>
<par/>
</text>
</block>
<block><region><rect/></region>
<text>
<par/>
</text>
</block>
<block><region><rect/></region>
<text>
<par>
<line>5^</line></par>
</text>
</block>
<block><region><rect/></region>
<text>
<par>
<line>'!I3fe</line></par>
</text>
</block>
<block><region><rect/><rect/><rect/></region>
<text>
<par/>
</text>
</block>
<block><region><rect/></region>
<text>
<par/>
</text>
</block>
<block><region><rect/></region>
<text>
<par>
<line>7^</line></par>
</text>
</block>
<block><region><rect/></region>
<text>
<par>
<line>ivTs</line></par>
</text>
</block>
<block><region><rect/></region>
<text>
<par>
<line>. ' F ^ i * ^ &lt;</line></par>
<par>
<line>5' -I- ' -</line></par>
</text>
</block>
<block><region><rect/></region>
<text>
<par>
<line>*N</line></par>
</text>
</block>
<block><region><rect/></region>
<text>
<par>
<line>--Z*!</line></par>
</text>
</block>
<block><region><rect/></region>
<text>
<par>
<line>Tr</line></par>
</text>
</block>
<block><region><rect/></region>
<text>
<par/>
</text>
</block>
<block><region><rect/></region>
<text>
<par/>
</text>
</block>
<block><region><rect/></region>
<text>
<par>
<line>«71</line></par>
</text>
</block>
<block><region><rect/></region>
<text>
<par>
<line>Ih 1Hr-.4 sWr T</line></par>
</text>
</block>
<block><region><rect/></region>
<text>
<par/>
</text>
</block>
<block><region><rect/></region>
<text>
<par/>
</text>
</block>
<block><region><rect/><rect/></region>
<text>
<par>
<line>i'--' l'T-</line></par>
<par>
<line>7-.,/h _3rt. |v.</line></par>
</text>
</block>
<block><region><rect/><rect/></region>
<text>
<par/>
</text>
</block>
<block><region><rect/></region>
<text>
<par>
<line>Iffeœ</line></par>
</text>
</block>
<block><region><rect/></region>
<text>
<par/>
</text>
</block>
<block><region><rect/></region>
<text>
<par/>
</text>
</block>
<block><region><rect/></region>
<text>
<par>
<line>■*:?</line></par>
</text>
</block>
<block><region><rect/></region>
<text>
<par>
<line>?X'-</line></par>
</text>
</block>
<block><region><rect/></region>
<text>
<par/>
</text>
</block>
<block><region><rect/></region>
<text>
<par>
<line>KHI</line></par>
</text>
</block>
<block><region><rect/></region>
<text>
<par/>
</text>
</block>
<block><region><rect/></region>
<text>
<par>
<line>lJ:a</line></par>
</text>
</block>
<block><region><rect/></region>
<text>
<par>
<line>ZoêW'</line></par>
</text>
</block>
<block><region><rect/></region>
<text>
<par>
<line>■%i</line></par>
</text>
</block>
<block><region><rect/></region>
<text>
<par>
<line>irv</line></par>
</text>
</block>
<block><region><rect/></region>
<text>
<par/>
</text>
</block>
<block><region><rect/></region>
<text>
<par/>
</text>
</block>
<block><region><rect/></region>
<text>
<par>
<line>’"' H</line></par>
</text>
</block>
<block><region><rect/></region>
<text>
<par/>
</text>
</block>
<block><region><rect/></region>
<text>
<par>
<line>J*-, t</line></par>
</text>
</block>
<block><region><rect/></region>
<text>
<par/>
</text>
</block>
<block><region><rect/></region>
<text>
<par/>
</text>
</block>
<block><region><rect/></region>
<text>
<par/>
</text>
</block>
<block><region><rect/></region>
<text>
<par/>
</text>
</block>
<block><region><rect/></region>
<text>
<par>
<line>1W</line></par>
</text>
</block>
<block><region><rect/></region>
<text>
<par/>
</text>
</block>
<block><region><rect/></region>
<text>
<par>
<line>Mr</line></par>
</text>
</block>
<block><region><rect/></region>
<text>
<par/>
</text>
</block>
<block><region><rect/></region>
<text>
<par/>
</text>
</block>
<block><region><rect/></region>
<text>
<par>
<line>&gt;•; i-t</line></par>
</text>
</block>
<block><region><rect/><rect/></region>
<text>
<par>
<line>Principes d'aménogemenf</line></par>
<par>
<line>PérimèIreOAP</line></par>
</text>
</block>
<block><region><rect/></region>
<text>
<par>
<line>Parking</line></par>
<par>
<line>Aire de jeux PQur ènfonts</line></par>
<par>
<line>Principe d'implantation des bâtiments</line></par>
<par>
<line>kXXÜ Emplacement réservé (voirie(</line></par>
<par>
<line>r Â t; ri Emplacement réservé (extension</line>
<line>p-'i-'jipJ oes équipements publics)</line></par>
</text>
</block>
<block><region><rect/></region>
<text>
<par>
<line>Principes de voirie</line></par>
<par>
<line>Elorgissemeni voirie</line></par>
<par>
<line>Principe de voirie â créer</line></par>
<par>
<line>^ Principe de desserte</line></par>
<par>
<line>Rétobiissement des occèsaux</line>
<line>habitotions existantes</line></par>
<par>
<line>Principe de déplacements</line>
<line>modes do.ux-</line></par>
</text>
</block>
<block><region><rect/></region>
<text>
<par>
<line>Principes d'aménagement paysager</line></par>
<par>
<line>Intégration paysagère</line></par>
</text>
</block>
<block><region><rect/></region>
<text>
<par>
<line>• • •</line></par>
<par>
<line>iil</line></par>
</text>
</block>
<block><region><rect/></region>
<text>
<par>
<line>Alignement d'orbnes</line></par>
<par>
<line>Elément naturel remarquable du</line>
<line>poysog©</line></par>
<par>
<line>Cône de vue à préserver</line></par>
</text>
</block>
<block><region><rect/></region>
<text>
<par>
<line>Commune d’ALIX</line></par>
<par>
<line>P.L.U.</line></par>
</text>
</block>
<block><region><rect/></region>
<text>
<par>
<line>OAP - page 7</line></par>
</text>
</block>




















<block blockType="Picture" blockName="" l="147" t="2578" r="2334" b="3228"><region><rect/></region>
</block>
<block blockType="Picture" blockName="" l="968" t="2688" r="1074" b="2743"><region><rect/></region>
</block>
</page>
<page width="2479" height="3508" resolution="300">
<block><region><rect/></region>
<text>
<par>
<line>Secteur d'OAP « Côté Ouest de la rue Aymé Chalus »</line></par>
<par>
<line>(UaoA et Noa)</line></par>
</text>
</block>
<block><region><rect/></region>
<text>
<par>
<line>Superficie du site : 2 325 répartis en 365 en Ua et 1 960 en N</line>
<line>Nombre de logements : 4 logements au plus</line></par>
<par>
<line>Pha^sa^ae de l'urbanisation : secteur urbanisable sous condition de compatibilité avec les orientations</line>
<line>définies en page 6 « Paysage », reprises dans la présente page et illustrées au schéma page</line>
<line>précédente</line></par>
</text>
</block>
<block><region><rect/></region>
<text>
<par>
<line>CARACTERISTIQUES ET ENJEUX DU SITE</line></par>
<par>
<line>Ce secteur se trouve à proximité immédiate des équipements publics de la mairie faisant face,</line>
<line>bibliothèque et école, de la place et parkings, et, du bar-restaurant sur ce même côté Ouest (cf plan</line>
<line>page suivante). Il est localisé au droit de la RD 76, dénommée rue Aymé Chalus dans la section du</line>
<line>bourg, côté Ouest.</line></par>
<par>
<line>Les enjeux liés au paysage naturel, architectural et urbain du centre-bourg et plus spécifiquement de</line>
<line>cette section de l'itinéraire de la RD 76, sont importants, directement induits par la qualité actuellement</line>
<line>existante. Ainsi, les projets amenés à se développer devront être composés à partir de cet objectif de</line>
<line>préservation de cette qualité.</line></par>
</text>
</block>
<block><region><rect/></region>
<text>
<par>
<line>VOCATION DOMINANTE, FORMES URBAINES (OU PAYSAGE URBAIN) ET</line>
<line>ORIENTATIONS RELATIVES AU PAYSAGE</line></par>
<par>
<line>S'agissant des aspects paysagers, pour l'échelle du cadre, ce sont les prescriptions du règlement</line>
<line>attachées au document graphique par la localisation d'éléments naturels remarquables du paysage,</line>
<line>mais aussi la délimitation de la zone constructible (Ua / N) qui fixent le « paysage » dans lequel le</line>
<line>projet s'inscrira pour ce secteur en particulier présentant une capacité à construire.</line></par>
<par>
<line>En effet, côté Ouest de la rue Aymé Chalus (RD 76), les cônes de vue existants depuis l'espace public</line>
<line>devront être préservés vers le vallon du ruisseau du Moulin. Cette volonté se traduit donc par les</line>
<line>dispositions réglementaires (Noa) et le principe de cônes de vue porté au schéma en page précédente</line>
<line>afin de maintenir la dernière fenêtre historique côté Ouest puisque le bâti ne compte que des</line>
<line>constructions anciennes en pierres dorées sur cette frange. Le PLU prévoit toutefois qu'elle puisse</line>
<line>être réduite en ménageant une possibilité de construction d'un seul bâtiment de quatre logements au</line>
<line>plus au Sud (UaoA) sous réserve d'une cohérence avec le tissu urbain et de la prise en compte des</line>
<line>enjeux paysagers.</line></par>
</text>
</block>
<block><region><rect/></region>
<text>
<par>
<line>Commune d'ALIX</line></par>
<par>
<line>P.L.U.</line></par>
</text>
</block>
<block><region><rect/></region>
<text>
<par>
<line>OAP - page 8</line></par>
</text>
</block>




</page>
<page width="3082" height="4362" resolution="373">
<block><region><rect/></region>
<text>
<par>
<line>Secteur d'OAP « Côté Est de la rue Aymé Chalus » (UboA)</line></par>
</text>
</block>
<block><region><rect/></region>
<text>
<par>
<line>Superficie du site : 5 322</line></par>
<par>
<line>Densité minimale : 25 logements par hectare</line></par>
<par>
<line>Nombre de logements : 14 logements environ</line></par>
<par>
<line>Phasage de l’urbanisation : secteur urbanisable sous réserve d’une desserte interne regroupant les</line>
<line>accès sur la rue Aymé Chalus</line></par>
</text>
</block>
<block><region><rect/></region>
<text>
<par>
<line>CARACTERISTIQUES ET ENJEUX DU SITE</line></par>
</text>
</block>
<block><region><rect/></region>
<text>
<par>
<line>Ce secteur se trouve à proximité immédiate des équipements publics de la mairie, bibliothèque et</line>
<line>école, de la place et parkings, sur ce même côté Est, mais aussi du bar-restaurant faisant face.</line></par>
</text>
</block>
<block><region><rect/></region>
<text>
<par>
<line>Ce secteur est localisé au droit de la RD 76, dénommée rue Aymé Chalus dans la section du bourg,</line>
<line>côté Est, en pied de versant. Il participe directement à la qualité urbaine de la traversée du Village de</line>
<line>par sa situation. En l’état actuel, cet enjeu est déjà traduit par la continuité urbaine assurée par le</line>
<line>muret limitant le pré, participant à l’aménagement de la traversée. En effet, l’implantation du bâti en</line>
<line>pierres dorées assez optimale côté Ouest de la rue Aymé Chalus structure fortement la morphologie,</line>
<line>et ce tout particulièrement dans cette section où murs, murets avec système de clôture et autres</line>
<line>constructions s’organisent autour de la route, accompagnant successivement l’usager automobiliste,</line>
<line>piéton ou cycliste.</line></par>
</text>
</block>
<block><region><rect/></region>
<text>
<par>
<line>Le terrain présente une partie basse relativement plane en bordure de le rue Aymé Chalus et une</line>
<line>partie début du versant jusqu’au niveau du chemin des écoliers.</line></par>
</text>
</block>
<block><region><rect/><rect/><rect/><rect/></region>
<text>
<par>
<line>^ Mairie</line>
<line>J ©Bibliothèque</line>
<line>Q Ecole</line></par>
<par>
<line>^ Lavoir Impluvium</line>
<line>^ Hôpital</line>
<line>^Eglise</line></par>
</text>
</block>
<block><region><rect/></region>
<text>
<par>
<line>. P</line></par>
</text>
</block>
<block><region><rect/></region>
<text>
<par/>
</text>
</block>
<block><region><rect/></region>
<text>
<par/>
</text>
</block>
<block><region><rect/></region>
<text>
<par>
<line>F</line></par>
</text>
</block>
<block><region><rect/></region>
<text>
<par>
<line>D</line></par>
</text>
</block>
<block><region><rect/></region>
<text>
<par>
<line>E</line></par>
</text>
</block>
<block><region><rect/></region>
<text>
<par>
<line>Plga'des - B0</line></par>
<par>
<line>CKgfioinesses O</line></par>
<par>
<line>.... 1 C</line></par>
</text>
</block>
<block><region><rect/></region>
<text>
<par>
<line>UR</line></par>
</text>
</block>
<block><region><rect/></region>
<text>
<par>
<line>A</line></par>
</text>
</block>
<block><region><rect/></region>
<text>
<par>
<line>n</line></par>
</text>
</block>
<block><region><rect/></region>
<text>
<par>
<line>esc</line></par>
</text>
</block>
<block><region><rect/></region>
<text>
<par>
<line>na</line></par>
</text>
</block>
<block><region><rect/></region>
<text>
<par>
<line>ee</line></par>
</text>
</block>
<block><region><rect/></region>
<text>
<par>
<line>ar</line></par>
</text>
</block>
<block><region><rect/></region>
<text>
<par>
<line>B</line></par>
</text>
</block>
<block><region><rect/></region>
<text>
<par/>
</text>
</block>
<block><region><rect/></region>
<text>
<par>
<line>du</line></par>
</text>
</block>
<block><region><rect/></region>
<text>
<par/>
</text>
</block>
<block><region><rect/></region>
<text>
<par>
<line>O</line></par>
</text>
</block>
<block><region><rect/></region>
<text>
<par>
<line>n</line></par>
</text>
</block>
<block><region><rect/></region>
<text>
<par>
<line>C</line></par>
</text>
</block>
<block><region><rect/></region>
<text>
<par>
<line>G</line></par>
</text>
</block>
<block><region><rect/></region>
<text>
<par/>
</text>
</block>
<block><region><rect/></region>
<text>
<par/>
</text>
</block>
<block><region><rect/></region>
<text>
<par>
<line>o-</line></par>
</text>
</block>
<block><region><rect/></region>
<text>
<par/>
</text>
</block>
<block><region><rect/></region>
<text>
<par>
<line>t-'it Si</line></par>
<par>
<line>E .O</line></par>
</text>
</block>
<block><region><rect/></region>
<text>
<par>
<line>AU PERROUX</line></par>
</text>
</block>
<block><region><rect/></region>
<text>
<par>
<line>JH</line></par>
</text>
</block>
<block><region><rect/></region>
<text>
<par>
<line>O iM</line></par>
</text>
</block>
<block><region><rect/></region>
<text>
<par>
<line>-a</line></par>
</text>
</block>
<block><region><rect/></region>
<text>
<par>
<line>LIN</line></par>
</text>
</block>
<block><region><rect/></region>
<text>
<par/>
</text>
</block>
<block><region><rect/></region>
<text>
<par/>
</text>
</block>
<block><region><rect/></region>
<text>
<par>
<line>Ail</line></par>
</text>
</block>
<block><region><rect/></region>
<text>
<par>
<line>ee</line></par>
</text>
</block>
<block><region><rect/></region>
<text>
<par/>
</text>
</block>
<block><region><rect/></region>
<text>
<par/>
</text>
</block>
<block><region><rect/></region>
<text>
<par/>
</text>
</block>
<block><region><rect/></region>
<text>
<par>
<line>O</line></par>
</text>
</block>
<block><region><rect/></region>
<text>
<par/>
</text>
</block>
<block><region><rect/></region>
<text>
<par>
<line>du</line></par>
</text>
</block>
<block><region><rect/></region>
<text>
<par/>
</text>
</block>
<block><region><rect/></region>
<text>
<par>
<line>9</line></par>
</text>
</block>
<block><region><rect/></region>
<text>
<par>
<line>S</line></par>
</text>
</block>
<block><region><rect/></region>
<text>
<par>
<line>(b</line></par>
</text>
</block>
<block><region><rect/></region>
<text>
<par>
<line>pev</line></par>
</text>
</block>
<block><region><rect/></region>
<text>
<par/>
</text>
</block>
<block><region><rect/></region>
<text>
<par>
<line>Æk</line></par>
</text>
</block>
<block><region><rect/></region>
<text>
<par>
<line>Or</line></par>
</text>
</block>
<block><region><rect/></region>
<text>
<par/>
</text>
</block>
<block><region><rect/></region>
<text>
<par>
<line>9</line></par>
</text>
</block>
<block><region><rect/></region>
<text>
<par>
<line>ALIX</line></par>
</text>
</block>
<block><region><rect/></region>
<text>
<par>
<line>m</line></par>
</text>
</block>
<block><region><rect/></region>
<text>
<par/>
</text>
</block>
<block><region><rect/></region>
<text>
<par>
<line>o\\y;</line></par>
</text>
</block>
<block><region><rect/></region>
<text>
<par>
<line>f</line></par>
</text>
</block>
<block><region><rect/></region>
<text>
<par/>
</text>
</block>
<block><region><rect/></region>
<text>
<par/>
</text>
</block>
<block><region><rect/></region>
<text>
<par>
<line>Commune d’ALIX</line></par>
<par>
<line>P.L.U.</line></par>
</text>
</block>
<block><region><rect/></region>
<text>
<par>
<line>OAP - page 9</line></par>
</text>
</block>













<block blockType="Picture" blockName="" l="1017" t="2947" r="1148" b="3072"><region><rect/></region>
</block>
</page>
<page width="2479" height="3508" resolution="300">
<block><region><rect/></region>
<text>
<par>
<line>VOCATION DOMINANTE ET FORMES URBAINES</line></par>
</text>
</block>
<block><region><rect/></region>
<text>
<par>
<line>L'aménagement du secteur permettra la réalisation d'environ quatorze logements, répartis en deux</line>
<line>volumes principaux de type très petits collectifs (voire intermédiaires) implantés en partie basse et au</line>
<line>plus à quatre maisons dans la pente.</line></par>
<par>
<line>Typologie des logements :</line></par>
<par>
<line>• petits collectifs ou habitat intermédiaire en bordure de la rue Aymé Chalus,</line></par>
<par>
<line>• habitat individuel en accroche sur la voie de desserte.</line></par>
<par>
<line>Hauteur :</line></par>
<par>
<line>• rez-de-chaussée avec un étage (R+1) maximum,</line></par>
<par>
<line>• concernant rez-de-chaussée en bordure de rue, dans le cas de logements ou pièces des</line>
<line>logements aménagés côté Ouest des bâtiments, une surélévation du niveau du plancher</line>
<line>supérieure à 0,50 mètre par rapport au niveau du trottoir avec une allège à 1,20 mètre</line>
<line>minimum participera à la qualité de vie des résidants. Cette disposition ne s'appliquerait pas si</line>
<line>des locaux de commerces de proximité ou services devaient être aménagés, par ailleurs</line>
<line>souhaitables à cet endroit.</line></par>
<par>
<line>Implantations bâties</line></par>
<par>
<line>Deux principes d'implantation des bâtiments se dessinent sur ce secteur partagé en deux sous-</line>
<line>secteurs liés à la topographie et à la traversée urbaine.</line></par>
<par>
<line>En retrait de la rue Aymé Chalus, l'implantation des bâtiments en partie basse devra participer à la</line>
<line>qualité urbaine et paysagère de la traversée rappelant ponctuellement certains codes architecturaux</line>
<line>présents dans le patrimoine d'Alix, y compris dans une composition très épurée ou simple.</line></par>
<par>
<line>Dans la pente, les constructions devront respecter la topographie et s'étager sur le versant en</line>
<line>s'inscrivant au plus près du terrain naturel. Les aménagements des parcelles crées limiteront</line>
<line>également les mouvements de terrains ou intégreront, le cas échéant, des murets en pierres dorées</line>
<line>d'aspect et d'implantation traditionnels pour Alix.</line></par>
</text>
</block>
<block><region><rect/></region>
<text>
<par>
<line>ORIENTATIONS RELATIVES A LA DESSERTE</line></par>
<par>
<line>Une voirie à double sens permettra de desservir le secteur à partir de la rue Aymé Chalus jusqu'en</line>
<line>limite Nord du secteur d'OAP. Un système de retournement pour les véhicules sera aménagé</line>
<line>provisoirement en l'attente du prolongement de la voie en extrémité Nord. Les continuités piétonnes</line>
<line>hors secteur, notamment vers l'école, seront assurées conjointement à l'opération par la Municipalité.</line></par>
</text>
</block>
<block><region><rect/></region>
<text>
<par>
<line>ORIENTATIONS RELATIVES AU PAYSAGE</line></par>
<par>
<line>Les plantations et aménagements paysagers de cette séquence urbaine en accroche sur la traversée</line>
<line>devra concourir à une bonne insertion du projet en centre-bourg.</line></par>
<par>
<line>Les aires de stationnement bénéficieront d'un traitement qualitatif comprenant au moins la plantation</line>
<line>d'arbres pour créer de l'ombre.</line></par>
</text>
</block>
<block><region><rect/></region>
<text>
<par>
<line>Commune d'ALIX</line></par>
<par>
<line>P.L.U.</line></par>
</text>
</block>
<block><region><rect/></region>
<text>
<par>
<line>OAP - page 10</line></par>
</text>
</block>




</page>
<page width="2479" height="3508" resolution="300">
<block><region><rect/></region>
<text>
<par>
<line>Secteur d'OAP « Au Perroux » (AU0a)</line></par>
</text>
</block>
<block><region><rect/></region>
<text>
<par>
<line>Superficie du site : 8 403</line></par>
<par>
<line>Densité minimaie : 20 logements par hectare</line></par>
<par>
<line>Nombre de logements : 17 logements au moins</line></par>
<par>
<line>Phasage de l'urbanisation : secteur non aménageable en l'état du PLU</line></par>
<par>
<line>Une procédure d’évolution du PLU sera nécessaire pour ouvrir à l’urbanisation la zone AU</line>
<line>(modification de droit commun à minima) ; les Orientations d’Aménagement et de</line>
<line>Programmation seront alors précisées.</line></par>
</text>
</block>
<block><region><rect/></region>
<text>
<par>
<line>CARACTERISTIQUES ET ENJEUX DU SITE</line></par>
<par>
<line>Ce secteur se trouve en continuité du secteur d'OAP « Côté Est de la rue Aymé Chalus » (UboA),</line>
<line>également à proximité immédiate des équipements publics de la mairie, bibliothèque et école dont</line>
<line>l'extension est envisagée.</line></par>
<par>
<line>Ce versant exposé à l'Ouest présente une pente assez régulière sur le secteur d'OAP.</line></par>
<par>
<line>Les enjeux du site résident dans le fonctionnement global de cette partie centrale du bourg à l'intérieur</line>
<line>de laquelle des connexions viaires et piétonnes seront à créer prenant en compte le développement à</line>
<line>termes dépassant celui du PLU. Quelques principes d'aménagement sont déjà portés sur le schéma</line>
<line>d'ensemble, y compris l'élargissement de la montée du Perroux et le rétablissement des accès</line>
<line>existants depuis le chemin des écoliers.</line></par>
</text>
</block>
<block><region><rect/></region>
<text>
<par>
<line>Commune d'ALIX</line></par>
<par>
<line>P.L.U.</line></par>
</text>
</block>
<block><region><rect/></region>
<text>
<par>
<line>OAP - page 11</line></par>
</text>
</block>





</page>
</OAP>