<?xml version="1.0" encoding="UTF-8"?><OAP>
<page width="2450" height="3458" resolution="300">
<block><region><rect/></region>
<text>
<par/>
</text>
</block>
<block><region><rect/></region>
<text>
<par>
<line>■%4</line></par>
</text>
</block>
<block><region><rect/></region>
<text>
<par>
<line>•spr</line></par>
</text>
</block>
<block><region><rect/></region>
<text>
<par>
<line>n</line></par>
</text>
</block>
<block><region><rect/></region>
<text>
<par/>
</text>
</block>
<block><region><rect/></region>
<text>
<par/>
</text>
</block>
<block><region><rect/></region>
<text>
<par>
<line>f=H</line></par>
</text>
</block>
<block><region><rect/></region>
<text>
<par>
<line>Département du Rhône</line></par>
</text>
</block>
<block><region><rect/></region>
<text>
<par>
<line>Commune de Blacé</line></par>
</text>
</block>
<block><region><rect/></region>
<text>
<par>
<line>L-</line></par>
</text>
</block>
<block><region><rect/></region>
<text>
<par>
<line>BLACE</line></par>
</text>
</block>
<block><region><rect/></region>
<text>
<par>
<line>Les orientations d’aménagement</line></par>
</text>
</block>
<block><region><rect/></region>
<text>
<par>
<line>Larîicie 1.123-' du code de l'UrDanisTie</line>
<line>précise que les PLU peuveni en out’-e</line>
<line>comporter des oneniaîions d'amenagement</line>
<line>retanves a des quartiers ou a des secteurs à</line>
<line>mettre en valeur, rehabtliler. mstructurei ou</line>
<line>aménager. Ces orientations peuve"t, en</line>
<line>coPerence avec le Projet d’Amenagemenî et</line>
<line>de Développement Durable prevC'ii les</line>
<line>actions et opérations d'amenaoemient à</line>
<line>mettre en œuvre, notamment pour mettre en</line>
<line>valeur l'environnement, les paysages, les</line>
<line>entrées de villes et le patnmotne. lutter contre</line>
<line>l'insalubrité, permettre ie renouvellement</line>
<line>urbain et assurer le developperrient de la</line>
<line>commune. Elles peuvent prendre la forme de</line>
<line>schémas d'aménagement et préciser les</line>
<line>principales caractéristiques des voies et</line>
<line>espaces publics</line></par>
</text>
</block>
<block blockType="Table" blockName="" l="222" t="2806" r="2117" b="3104"><region><rect/></region>
<row>
<cell width="230" height="119">
<text>
<par>
<line>Pièce</line></par>
<par>
<line>n“</line></par>
</text></cell>
<cell width="568" height="119">
<text>
<par>
<line>Projet arrêté</line></par>
</text></cell>
<cell width="603" height="119">
<text>
<par>
<line>Document soumis à</line>
<line>enquête publique</line></par>
</text></cell>
<cell width="494" height="119">
<text>
<par>
<line>Approbation</line></par>
</text></cell></row>
<row>
<cell width="230" height="179">
<text>
<par>
<line>03</line></par>
</text></cell>
<cell width="568" height="179">
<text>
<par>
<line>&gt; )3 I&lt;?ooq</line></par>
</text></cell>
<cell width="603" height="179">
<text>
<par>
<line>IZ I3l-ioo5</line></par>
</text></cell>
<cell width="494" height="179">
<text>
<par>
<line>|&lt;?005</line></par>
</text></cell></row>
</block>
<block><region><rect/></region>
<text>
<par>
<line>Département du Rhône - Commune de Blacé - PLU- Les orientations d’Eiménagement</line></par>
<par>
<line>AUA - Atelier d’urbanisme et d'Architecture - Place du Souvenir - 69390 VOURLES TEL 04-78-05-67-07 FAX 04-78-05-79-98</line></par>
</text>
</block>












</page>
<page width="2445" height="3463" resolution="300">
<block><region><rect/></region>
<text>
<par>
<line>Sommaire</line></par>
</text>
</block>
<block><region><rect/></region>
<text>
<par>
<line>I • Le centre bourg : des mesures de nature à préserver</line></par>
<par>
<line>le centre village et le développer.p.3</line></par>
<par>
<line>1-1 Principes généraux p.3</line></par>
<par>
<line>1-1-1 Un réseau viaire à caractériser et renforcer</line>
<line>Des entrées de village à requalifier</line>
<line>1-1-2 Une trame végétale à affirmer</line></par>
<par>
<line>1-2 Le tènement ouest p.5</line></par>
<par>
<line>1-2-1 La voirie et l’espace public</line>
<line>1-2-2 Les éléments de programme</line>
<line>1-2-3 Le respect de la morphologie et du paysage urbain</line>
<line>1-2-4 Le plan de composition</line>
<line>1-2-5 Le plan « programme »</line></par>
<par>
<line>1-3 - Le centre ancien : Une action relative à la restructuration p.7</line></par>
<par>
<line>et à la réhabilitation d’un îlot central</line></par>
<par>
<line>1-4 Le tènement sud-ouest p.8</line></par>
<par>
<line>1-5 Le tènement est et l’entrée de village p.9</line></par>
<par>
<line>II - Le hameau de Blaceret : Insertion paysagère du projet</line></par>
<par>
<line>d’aménagement d’une zone d’activités.p.10</line></par>
</text>
</block>
<block><region><rect/></region>
<text>
<par>
<line>Département du Rhône - Commune de Blacé - Les orientations d'aménagement</line></par>
</text>
</block>
<block><region><rect/></region>
<text>
<par>
<line>2</line></par>
</text>
</block>



</page>
<page width="2450" height="3458" resolution="300">
<block><region><rect/></region>
<text>
<par>
<line>I - Le centre bourg : des mesures de nature à préserver le</line>
<line>centre village et le développer</line></par>
</text>
</block>
<block><region><rect/></region>
<text>
<par>
<line>Le projet de village doit répondre à des objectifs clairs</line></par>
<par>
<line>Il est destiné à donner un cadre fonctionnel et formel à l’ensemble des initiatives, qu’elles</line>
<line>soient publiques ou privées.</line></par>
<par>
<line>Il se traduit par un plan de composition qui suppose la mise en place d’un maillage</line>
<line>intégrant les contraintes fonctionnelles et qualitatives de la commune de Blacé afin que</line>
<line>son évolution soit conforme aux objectifs communaux.</line></par>
<par>
<line>L’ambition du projet est de donner un canevas d’actions suffisamment solide pour donner</line>
<line>corps au projet de village et suffisamment souple pour s’adapter aux aléas</line>
<line>impondérables, et notamment des adaptations de programmation.</line></par>
<par>
<line>Il détermine les priorités et la stratégie que la commune compte mettre en place,</line>
<line>libération des terrains, réalisation des espaces publics et des équipements.</line></par>
</text>
</block>
<block><region><rect/></region>
<text>
<par>
<line>1-1 Principes généraux :</line></par>
</text>
</block>
<block><region><rect/></region>
<text>
<par>
<line>1-1-1 Un réseau viaire à caractériser et renforcer - des entrées de village à</line>
<line>requalifier</line></par>
<par>
<line>Le projet de la commune consiste à renforcer son réseau viaire existant afin de</line>
<line>préparer son évolution et son développement dans une cohérence globale</line>
<line>d’organisation du village. Les actions proposées dans ce cadre favorisent la</line>
<line>hiérarchie entre les axes majeurs et les dessertes secondaires. Il s’agit en outre :</line></par>
<par>
<line>- de créer des connexions entre les différents hameaux du bourg afin de</line>
<line>développer un réseau qui fonctionnerait indépendamment des voies</line>
<line>départementales et notamment entre le Geat et Le Savigny,</line></par>
<par>
<line>- de mettre en place un réseau secondaire de desserte interne irriguant</line>
<line>les tènements à urbaniser et d’élargir certaines voies existantes afin de leur</line>
<line>permettre à terme de recevoir un trafic lié au développement de</line>
<line>l’urbanisation,</line></par>
<par>
<line>- de requalifier la voie communale n®19, véritable lien entre les parties est</line>
<line>et ouest de la commune, par un traitement spécifique et un</line>
<line>repositionnement de celle- ci dans la traversée du centre ancien,</line></par>
<par>
<line>- de requalifier la voie départementale n°19 A depuis l’entrée nord du</line>
<line>bourg, jusqu’au centre village; depuis Les Portières jusqu’à la mairie afin de</line>
<line>favoriser les déplacements piétons par un partage de la voie et un travail</line>
<line>des abords de la chaussée.</line></par>
</text>
</block>
<block><region><rect/></region>
<text>
<par>
<line>Département du Rhône - Commune de Blacé - Les orientations d’aménagement</line></par>
</text>
</block>
<block><region><rect/></region>
<text>
<par>
<line>3</line></par>
</text>
</block>

</page>
<page width="2450" height="3458" resolution="300">
<block><region><rect/></region>
<text>
<par>
<line>+ M '</line></par>
</text>
</block>
<block><region><rect/></region>
<text>
<par/>
</text>
</block>
<block><region><rect/></region>
<text>
<par/>
</text>
</block>
<block><region><rect/></region>
<text>
<par>
<line>e Géat</line></par>
</text>
</block>
<block><region><rect/></region>
<text>
<par>
<line>2S</line></par>
</text>
</block>
<block><region><rect/></region>
<text>
<par>
<line>Le Savignÿ _ —</line></par>
</text>
</block>
<block><region><rect/></region>
<text>
<par/>
</text>
</block>
<block><region><rect/></region>
<text>
<par/>
</text>
</block>
<block><region><rect/></region>
<text>
<par>
<line>Les Fort,</line></par>
<par>
<line>y</line></par>
</text>
</block>
<block><region><rect/></region>
<text>
<par>
<line>Pi* ■</line></par>
</text>
</block>
<block><region><rect/></region>
<text>
<par/>
</text>
</block>
<block><region><rect/></region>
<text>
<par>
<line>Secteur rhote</line>
<line>Equipement et habitat</line></par>
</text>
</block>
<block><region><rect/></region>
<text>
<par>
<line>Secteur mixte</line>
<line>Dommerces, EquiperT&gt;ents</line>
<line>Habitat, dont logerrients socla</line></par>
</text>
</block>
<block><region><rect/></region>
<text>
<par>
<line>Secteur à dominartte</line>
<line>Habitat</line></par>
</text>
</block>
<block><region><rect/></region>
<text>
<par>
<line>mj ] H T</line></par>
<par>
<line>-\fWr-fl, Il I</line></par>
</text>
</block>
<block><region><rect/></region>
<text>
<par>
<line>Entrée de village a requaiifier</line></par>
</text>
</block>
<block><region><rect/></region>
<text>
<par>
<line>I</line></par>
</text>
</block>
<block><region><rect/></region>
<text>
<par>
<line>Réseau vlaire existant primaire</line></par>
</text>
</block>
<block><region><rect/></region>
<text>
<par>
<line>%</line></par>
</text>
</block>
<block><region><rect/></region>
<text>
<par>
<line>-</line></par>
</text>
</block>
<block><region><rect/></region>
<text>
<par>
<line>&gt; Réseau viaire existant seconctaire</line></par>
</text>
</block>
<block><region><rect/></region>
<text>
<par>
<line>^ Réseau viaire à requaiifier</line></par>
</text>
</block>
<block><region><rect/></region>
<text>
<par>
<line>Réseau viaire à creer</line></par>
</text>
</block>
<block><region><rect/></region>
<text>
<par>
<line>Principales voies du village, l'aménagement des D 19 et D 19A s'avère nécessaire</line>
<line>d'une part parce que les projets d’extension du centre bourg vont générer un trafic</line>
<line>plus soutenu, d'autre part parce qu’elles sont en contact direct avec des équipements</line>
<line>publics et que les accès doivent être sécurisés.</line></par>
<par>
<line>Concernant la départementale 19 A, l’objectif de la commune est de créer une</line>
<line>plateforme, côté nord, permettant l'aménagement de trottoirs depuis la mairie jusqu’à</line>
<line>l’entrée est (maison de retraite et salle des fêtes) du village et la création de piaces de</line>
<line>stationnement le long de la chaussée.</line></par>
<par>
<line>La partie sud de cette voie vient d’être aménagée par la mise en place, derrière</line>
<line>l’alignement de platanes, d’une plateforme en sablé.</line></par>
</text>
</block>
<block><region><rect/></region>
<text>
<par/>
</text>
</block>
<block><region><rect/></region>
<text>
<par/>
</text>
</block>
<block><region><rect/></region>
<text>
<par>
<line>M</line></par>
</text>
</block>
<block><region><rect/></region>
<text>
<par>
<line>La D19 A</line></par>
</text>
</block>
<block><region><rect/></region>
<text>
<par>
<line>La D 19</line></par>
</text>
</block>
<block><region><rect/></region>
<text>
<par>
<line>Entrée de ville depuis la D 19</line></par>
</text>
</block>
<block><region><rect/></region>
<text>
<par>
<line>Département du Rhône - Commune de Blacé • Les orientations d'aménagement</line></par>
</text>
</block>
<block><region><rect/></region>
<text>
<par>
<line>4</line></par>
</text>
</block>










































<block blockType="Picture" blockName="" l="179" t="2497" r="813" b="2956"><region><rect/></region>
</block>
</page>
<page width="2450" height="3458" resolution="300">
<block><region><rect/></region>
<text>
<par>
<line>1-2 Le tènement ouest</line></par>
</text>
</block>
<block><region><rect/></region>
<text>
<par>
<line>1-2-1 La voirie et l’espace public</line></par>
</text>
</block>
<block><region><rect/></region>
<text>
<par>
<line>Le projet de la commune (propriétaire de ce tènement) consiste à :</line></par>
</text>
</block>
<block><region><rect/></region>
<text>
<par>
<line>créer une voie principale permettant de relier la DI 9 à la VC 114 vers</line>
<line>le hameau du Savigny. Elle desservira ce tènement en s’appuyant sur la</line>
<line>transformation du parking actuel de la mairie et par la démolition du petit</line>
<line>local des pompiers. Cette voie « urbaine » accueillera trottoirs et</line>
<line>stationnements afin de desservir les principaux équipements publics et</line>
<line>commerces,</line></par>
<par>
<line>mettre en place une voie secondaire perpendiculaire à la voie qui</line>
<line>permettra une desserte interne des logements et une liaison avec le</line>
<line>tènement sud-ouest.</line></par>
</text>
</block>
<block><region><rect/></region>
<text>
<par>
<line>Afin de créer une forte continuité entre le centre existant et le tènement à</line>
<line>urbaniser, la commune portera une attention particulière au traitement de</line>
<line>l’espace public et notamment par la création :</line></par>
<par>
<line>- d’un parvis, interface nécessaire entre la voirie et les rez-de-chaussée</line>
<line>commerciaux et articulation entre centre ancien et urbanisation future,</line></par>
<par>
<line>- d’un mail planté favorisant les cheminements piétons entre les</line>
<line>équipements situés dans le centre ancien (école, église) et ceux qui</line>
<line>seront implantés sur le tènement ouest.</line></par>
</text>
</block>
<block><region><rect/></region>
<text>
<par>
<line>1-2-2 Les équipements publics</line></par>
<par>
<line>Pour répondre aux besoins de la commune, un équipement public est pris en</line>
<line>~ compte afin de considérer le futur dynamisme de ce secteur :</line></par>
</text>
</block>
<block><region><rect/></region>
<text>
<par>
<line>la relocalisation de la maison des associations dite « l’Univers des</line>
<line>Jeunes » qui se situe aujourd’hui dans le centre ancien dans un bâtiment</line>
<line>vétuste qui ne peut s'agrandir.</line></par>
</text>
</block>
<block><region><rect/></region>
<text>
<par>
<line>1-2-3 Le respect de la morphologie et du paysage urbain</line></par>
<par>
<line>La topographie du site ouest à développer est fortement marquée et les</line>
<line>points de vue à valoriser sont nombreux. C’est pourquoi les constructions</line>
<line>futures devront respecter un certain nombre de règles particulières et</line>
<line>notamment :</line></par>
<par>
<line>- leur implantation afin de renforcer la perception des rues créées</line></par>
<par>
<line>- leur hauteur dégressive au regard de la topographie.</line></par>
</text>
</block>
<block><region><rect/></region>
<text>
<par>
<line>Département du Rhône - Commune de Blacé - Les orientations d’aménagement</line></par>
</text>
</block>
<block><region><rect/></region>
<text>
<par>
<line>5</line></par>
</text>
</block>






<block blockType="Picture" blockName="" l="153" t="1944" r="756" b="2376"><region><rect/></region>
</block>
</page>
<page width="2450" height="3458" resolution="300">
<block><region><rect/></region>
<text>
<par>
<line>1-2-4 Illustration</line></par>
</text>
</block>
<block><region><rect/></region>
<text>
<par>
<line>m</line></par>
</text>
</block>
<block><region><rect/></region>
<text>
<par>
<line>i'i':</line></par>
</text>
</block>
<block><region><rect/></region>
<text>
<par>
<line>rt -J</line></par>
</text>
</block>
<block><region><rect/></region>
<text>
<par/>
</text>
</block>
<block><region><rect/></region>
<text>
<par/>
</text>
</block>
<block><region><rect/></region>
<text>
<par/>
</text>
</block>
<block><region><rect/></region>
<text>
<par>
<line>'tt</line></par>
</text>
</block>
<block><region><rect/></region>
<text>
<par/>
</text>
</block>
<block><region><rect/></region>
<text>
<par>
<line>«ÜsS-</line></par>
</text>
</block>
<block><region><rect/></region>
<text>
<par>
<line>nnn^ des Jeun</line></par>
</text>
</block>
<block><region><rect/></region>
<text>
<par>
<line>aine</line></par>
</text>
</block>
<block><region><rect/></region>
<text>
<par>
<line>fi- ,</line></par>
</text>
</block>
<block><region><rect/></region>
<text>
<par/>
</text>
</block>
<block><region><rect/></region>
<text>
<par>
<line>Lo</line></par>
</text>
</block>
<block><region><rect/></region>
<text>
<par>
<line>Parvis</line></par>
</text>
</block>
<block><region><rect/></region>
<text>
<par/>
</text>
</block>
<block><region><rect/></region>
<text>
<par/>
</text>
</block>
<block><region><rect/></region>
<text>
<par>
<line>éc</line></par>
</text>
</block>
<block><region><rect/></region>
<text>
<par>
<line>ïrr</line></par>
</text>
</block>
<block><region><rect/></region>
<text>
<par/>
</text>
</block>
<block><region><rect/></region>
<text>
<par/>
</text>
</block>
<block><region><rect/></region>
<text>
<par>
<line>se</line></par>
</text>
</block>
<block><region><rect/></region>
<text>
<par>
<line>r7&gt;m</line></par>
</text>
</block>
<block><region><rect/></region>
<text>
<par>
<line>Etude réalisée par le cabinet Urbino</line></par>
</text>
</block>
<block><region><rect/></region>
<text>
<par>
<line>Département du Rhône - Commune de Blacé - Les orientations d'aménagement</line></par>
</text>
</block>
<block><region><rect/></region>
<text>
<par>
<line>6</line></par>
</text>
</block>









<block blockType="Picture" blockName="" l="1670" t="1237" r="1807" b="1400"><region><rect/></region>
</block>
</page>
<page width="2450" height="3458" resolution="300">
<block><region><rect/></region>
<text>
<par>
<line>1-3 - Le centre ancien</line></par>
<par>
<line>Une action relative à la restructuration et à la réhabilitation</line>
<line>d’un îlot central</line></par>
</text>
</block>
<block><region><rect/></region>
<text>
<par>
<line>Ce projet porte essentiellement sur la volonté « d’aérer » le centre ancien, de</line>
<line>mettre en valeur le bâti existant (château, église, écoie) et s'avère indispensable</line>
<line>au fonctionnement et à la mise en sécurité des équipements publics et des</line>
<line>commerces.</line></par>
<par>
<line>L’objectif de Blacé est de requalifier cet espace central trop exigu afin de</line>
<line>dégager des espaces publics en lien avec les différents équipements. En effet au</line>
<line>regard des pratiques actuelles du centre, on peut noter de nombreux conflits</line>
<line>d’usage liés à la proximité des constructions et à la trop forte présence de la</line>
<line>voiture dans ce secteur.</line></par>
<par>
<line>Ainsi la commune souhaite, par le biais de la démolition de l’îlot central composé</line>
<line>aujourd’hui de bâtiments vétustes et notamment la maison des associations</line>
<line>« l’Univers des Jeunes », retrouver un véritable espace qui mettra en valeur le</line>
<line>patrimoine bâti et le paysage urbain du village.</line></par>
<par>
<line>L’aménagement de ce secteur va donc se traduire par :</line></par>
<par>
<line>- une relocalisation de l’espace associatif (sur le tènement ouest à</line>
<line>urbaniser),</line></par>
<par>
<line>- le réaménagement du parvis devant l'église,</line></par>
<par>
<line>- te traitement d’un parvis et de l’accès à l’école primaire,</line></par>
<par>
<line>- une modification du tracé de ta voirie pour sécuriser les équipements,</line></par>
<par>
<line>- ia requalification du passage piéton existant longeant l’église et permettant</line>
<line>de rejoindre les logements sociaux et à terme le tènement ouest à</line>
<line>urbaniser.</line></par>
</text>
</block>
<block><region><rect/></region>
<text>
<par/>
</text>
</block>
<block><region><rect/></region>
<text>
<par>
<line>lot</line></par>
</text>
</block>
<block><region><rect/></region>
<text>
<par>
<line>t-</line></par>
</text>
</block>
<block><region><rect/></region>
<text>
<par>
<line>D</line></par>
</text>
</block>
<block><region><rect/></region>
<text>
<par>
<line>~\ □</line></par>
</text>
</block>
<block><region><rect/></region>
<text>
<par/>
</text>
</block>
<block><region><rect/></region>
<text>
<par>
<line>Parvis</line></par>
</text>
</block>
<block><region><rect/></region>
<text>
<par/>
</text>
</block>
<block><region><rect/></region>
<text>
<par>
<line>déTMOèr</line></par>
</text>
</block>
<block><region><rect/></region>
<text>
<par/>
</text>
</block>
<block><region><rect/></region>
<text>
<par>
<line>Uoisof} piétorti</line></par>
</text>
</block>
<block><region><rect/></region>
<text>
<par/>
</text>
</block>
<block><region><rect/></region>
<text>
<par>
<line>à</line></par>
</text>
</block>
<block><region><rect/></region>
<text>
<par>
<line>cois</line></par>
</text>
</block>
<block><region><rect/></region>
<text>
<par/>
</text>
</block>
<block><region><rect/></region>
<text>
<par>
<line>tféàHae</line></par>
</text>
</block>
<block><region><rect/></region>
<text>
<par>
<line>Ptaoa</line></par>
</text>
</block>
<block><region><rect/></region>
<text>
<par/>
</text>
</block>
<block><region><rect/></region>
<text>
<par>
<line>□</line></par>
</text>
</block>
<block><region><rect/></region>
<text>
<par>
<line>PÏMÉpuMtrue</line></par>
</text>
</block>
<block><region><rect/></region>
<text>
<par>
<line>//Â</line></par>
</text>
</block>
<block><region><rect/></region>
<text>
<par>
<line>Amtmçsmanl végital</line></par>
</text>
</block>
<block><region><rect/></region>
<text>
<par>
<line>Parvis actuel de l'église</line></par>
</text>
</block>
<block><region><rect/></region>
<text>
<par>
<line>Département du Rhône - Commune de Blacé - Les orientations d’aménagement</line></par>
</text>
</block>















<block blockType="Picture" blockName="" l="382" t="2608" r="1232" b="3230"><region><rect/></region>
</block>
<block blockType="Picture" blockName="" l="2045" t="2633" r="2178" b="2771"><region><rect/></region>
</block>
<block blockType="Picture" blockName="" l="1520" t="2856" r="1655" b="2967"><region><rect/></region>
</block>
</page>
<page width="2450" height="3458" resolution="300">
<block><region><rect/></region>
<text>
<par>
<line>1-4 Le tènement sud-ouest</line></par>
</text>
</block>
<block><region><rect/></region>
<text>
<par>
<line>A moyen terme, le tènement sud-ouest pourra accueillir de nouvelles</line>
<line>constructions avec une densité moindre par rapport au tènement ouest afin</line>
<line>d'assurer l'insertion paysagère des nouvelles constructions. Cette zone où</line>
<line>prédominera l’habitat correspond à un secteur en continuité de la partie</line>
<line>centrale du village.</line></par>
<par>
<line>Le parti d’aménagement d'ensemble recherché par la commune est de faire</line>
<line>vivre ce secteur en lien direct avec le village. A ce titre elle met un principe de</line>
<line>voirie permettant de l'irriguer et de desservir le parcelloire tout en requalifiant le</line>
<line>chemin rural existant n°l.</line></par>
</text>
</block>
<block><region><rect/></region>
<text>
<par/>
</text>
</block>
<block><region><rect/></region>
<text>
<par/>
</text>
</block>
<block><region><rect/></region>
<text>
<par/>
</text>
</block>
<block><region><rect/></region>
<text>
<par>
<line>û,.</line></par>
</text>
</block>
<block><region><rect/></region>
<text>
<par/>
</text>
</block>
<block><region><rect/></region>
<text>
<par>
<line>%</line></par>
</text>
</block>
<block><region><rect/></region>
<text>
<par/>
</text>
</block>
<block><region><rect/></region>
<text>
<par>
<line>m</line></par>
</text>
</block>
<block><region><rect/></region>
<text>
<par/>
</text>
</block>
<block><region><rect/></region>
<text>
<par>
<line>B</line></par>
</text>
</block>
<block><region><rect/></region>
<text>
<par>
<line>G</line></par>
</text>
</block>
<block><region><rect/></region>
<text>
<par>
<line>12</line></par>
</text>
</block>
<block><region><rect/></region>
<text>
<par/>
</text>
</block>
<block><region><rect/></region>
<text>
<par/>
</text>
</block>
<block><region><rect/></region>
<text>
<par/>
</text>
</block>
<block><region><rect/></region>
<text>
<par/>
</text>
</block>
<block><region><rect/></region>
<text>
<par>
<line>Ift ZÛM * MMMr « M 2W1*</line>
<line>■stcoto, Mirts pMÉBtWv A crttf</line></par>
</text>
</block>
<block><region><rect/></region>
<text>
<par/>
</text>
</block>
<block><region><rect/></region>
<text>
<par/>
</text>
</block>
<block><region><rect/></region>
<text>
<par>
<line>9^</line></par>
</text>
</block>
<block><region><rect/></region>
<text>
<par/>
</text>
</block>
<block><region><rect/></region>
<text>
<par>
<line>Praicipttat</line></par>
</text>
</block>
<block><region><rect/></region>
<text>
<par/>
</text>
</block>
<block><region><rect/></region>
<text>
<par>
<line>r'</line></par>
</text>
</block>
<block><region><rect/></region>
<text>
<par>
<line>Afin de maintenir une coupure verte entre les espaces agricoles au sud de ce</line>
<line>tènement et te secteur à aménager, la commune intègre un emplacement</line>
<line>résen/é pour créer un espace public végétalisé et un cheminement piéton.</line></par>
</text>
</block>
<block><region><rect/></region>
<text>
<par>
<line>Commune de Blacé - - Les orientations d'aménagement- Modification n°l</line></par>
</text>
</block>
<block><region><rect/></region>
<text>
<par>
<line>2</line></par>
</text>
</block>








</page>
<page width="2450" height="3458" resolution="300">
<block><region><rect/></region>
<text>
<par/>
</text>
</block>
<block><region><rect/></region>
<text>
<par/>
</text>
</block>
<block><region><rect/></region>
<text>
<par/>
</text>
</block>
<block><region><rect/></region>
<text>
<par/>
</text>
</block>
<block><region><rect/></region>
<text>
<par/>
</text>
</block>
<block><region><rect/></region>
<text>
<par/>
</text>
</block>
<block><region><rect/></region>
<text>
<par/>
</text>
</block>
<block><region><rect/></region>
<text>
<par/>
</text>
</block>
<block><region><rect/></region>
<text>
<par/>
</text>
</block>
<block><region><rect/></region>
<text>
<par/>
</text>
</block>
<block><region><rect/></region>
<text>
<par>
<line>y</line></par>
</text>
</block>
<block><region><rect/></region>
<text>
<par/>
</text>
</block>
<block><region><rect/></region>
<text>
<par>
<line>c/,</line></par>
</text>
</block>
<block><region><rect/></region>
<text>
<par/>
</text>
</block>
<block><region><rect/></region>
<text>
<par>
<line>s</line></par>
</text>
</block>
<block><region><rect/></region>
<text>
<par/>
</text>
</block>
<block><region><rect/></region>
<text>
<par/>
</text>
</block>
<block><region><rect/></region>
<text>
<par>
<line>0</line></par>
</text>
</block>
<block><region><rect/></region>
<text>
<par/>
</text>
</block>
<block><region><rect/></region>
<text>
<par>
<line>#</line></par>
</text>
</block>
<block><region><rect/></region>
<text>
<par>
<line>0</line></par>
</text>
</block>
<block><region><rect/></region>
<text>
<par>
<line>0</line></par>
</text>
</block>
<block><region><rect/></region>
<text>
<par>
<line>G</line></par>
</text>
</block>
<block><region><rect/></region>
<text>
<par>
<line>0</line></par>
</text>
</block>
<block><region><rect/></region>
<text>
<par/>
</text>
</block>
<block><region><rect/></region>
<text>
<par/>
</text>
</block>
<block><region><rect/></region>
<text>
<par>
<line>#</line></par>
</text>
</block>
<block><region><rect/></region>
<text>
<par/>
</text>
</block>
<block><region><rect/></region>
<text>
<par>
<line>0</line></par>
</text>
</block>
<block><region><rect/></region>
<text>
<par>
<line>0</line></par>
</text>
</block>
<block><region><rect/></region>
<text>
<par>
<line>0</line></par>
</text>
</block>
<block><region><rect/></region>
<text>
<par>
<line>0</line></par>
</text>
</block>
<block><region><rect/></region>
<text>
<par>
<line>«r.</line></par>
</text>
</block>
<block><region><rect/></region>
<text>
<par/>
</text>
</block>
<block><region><rect/></region>
<text>
<par/>
</text>
</block>
<block><region><rect/></region>
<text>
<par>
<line>O</line></par>
</text>
</block>
<block><region><rect/></region>
<text>
<par>
<line>O</line></par>
</text>
</block>
<block><region><rect/></region>
<text>
<par>
<line>0</line></par>
</text>
</block>
<block><region><rect/></region>
<text>
<par>
<line>^a.</line></par>
</text>
</block>
<block><region><rect/></region>
<text>
<par>
<line>Illustration</line></par>
</text>
</block>
<block><region><rect/></region>
<text>
<par>
<line>Commune de Blocé - ■■. - Les orientations d'aménagement- Modification n"!</line></par>
</text>
</block>
<block><region><rect/></region>
<text>
<par>
<line>3</line></par>
</text>
</block>










</page>
<page width="2450" height="3458" resolution="300">
<block><region><rect/></region>
<text>
<par>
<line>L</line></par>
</text>
</block>
<block><region><rect/></region>
<text>
<par>
<line>9 FEV 2009</line></par>
</text>
</block>
<block><region><rect/></region>
<text>
<par>
<line>Pour le Préfet,</line></par>
<par>
<line>Le Secrétaire Général,</line></par>
</text>
</block>
<block><region><rect/></region>
<text>
<par>
<line>Q</line></par>
</text>
</block>
<block><region><rect/></region>
<text>
<par>
<line>René BIDAL</line></par>
</text>
</block>
<block><region><rect/></region>
<text>
<par>
<line>DEPARTEMENT DU RHONE</line></par>
</text>
</block>
<block><region><rect/></region>
<text>
<par>
<line>COMMUNE DE BLACE</line></par>
<par>
<line>DOSSIER DE MISE EN COMPATIBILITE</line>
<line>DU PLAN LOCAL D’URBANISME</line></par>
</text>
</block>
<block><region><rect/></region>
<text>
<par>
<line>Les orientations d’aménagement</line></par>
</text>
</block>
<block><region><rect/></region>
<text>
<par>
<line>L'article L, 123-1 du code de l'Urbanisme précise que les PLU peuvent en</line>
<line>outre comporter des orientations d'aménagement relatives à des quartiers ou</line>
<line>à des secteurs à mettre en valeur, réhabiliter, restructurer ou aménager, Ces</line>
<line>orientations peuvent, en cohérence avec le Projet d'Aménagement et de</line>
<line>Développement Durable prévoir les actions et opérations d’aménagement à</line>
<line>mettre en œuvre, notamment pour mettre en valeur l’environnement, les</line>
<line>paysages, les entrées de villes et le patrimoine, lutter contre l'insalubrité,</line>
<line>permettre le développement de la commune. Elles peuvent prendre la forme</line>
<line>de schémas d’aménagement et préciser les principales caractéristiques des</line>
<line>voies et espaces publics.</line></par>
</text>
</block>
<block><region><rect/></region>
<text>
<par/>
</text>
</block>
<block><region><rect/></region>
<text>
<par>
<line>A- or c f'V-ÿ’éL 5</line></par>
</text>
</block>








</page>
<page width="2475" height="3487" resolution="300">
<block><region><rect/></region>
<text>
<par>
<line>I - 5 le tènement est et l’entrée du village</line></par>
</text>
</block>
<block><region><rect/></region>
<text>
<par>
<line>Blacé met en place des réserves foncières et des principes de voirie en vue</line>
<line>de :</line></par>
<par>
<line>La création d’une aire de détente paysager en lien avec la salle des fêtes de</line>
<line>la commune au lieu-dit « Les Portières ». Cet espace pourra</line>
<line>occasionnellement et lors de manifestations importantes accueillir les</line>
<line>véhicules.</line></par>
<par>
<line>Le regroupement des écoles et des services périscolaires à l'entrée Nord du</line>
<line>village, avec parking et dépose bus au Nord du terrain. L’amélioration du</line>
<line>fonctionnement de la desserte des écoles à l’entrée Nord du village par la</line>
<line>requalification de la voie communale 209, « Route de Berne » avec un</line>
<line>dépose minute sur la nouvelle voie prévue entre la RD19A « Avenue de la</line>
<line>Mairie » et la voie communale 209.</line></par>
</text>
</block>
<block><region><rect/></region>
<text>
<par>
<line>n</line></par>
</text>
</block>
<block><region><rect/><rect/><rect/></region>
<text>
<par/>
</text>
</block>
<block><region><rect/></region>
<text>
<par>
<line>V'</line></par>
</text>
</block>
<block><region><rect/></region>
<text>
<par/>
</text>
</block>
<block><region><rect/></region>
<text>
<par/>
</text>
</block>
<block><region><rect/></region>
<text>
<par/>
</text>
</block>
<block><region><rect/></region>
<text>
<par>
<line>r%\®</line></par>
</text>
</block>
<block><region><rect/></region>
<text>
<par/>
</text>
</block>
<block><region><rect/></region>
<text>
<par/>
</text>
</block>
<block><region><rect/></region>
<text>
<par>
<line>L&gt;c«tanc</line>
<line>du quart!</line></par>
</text>
</block>
<block><region><rect/></region>
<text>
<par>
<line>9»</line></par>
</text>
</block>
<block><region><rect/></region>
<text>
<par/>
</text>
</block>
<block><region><rect/></region>
<text>
<par>
<line>ré«r</line></par>
</text>
</block>
<block><region><rect/></region>
<text>
<par/>
</text>
</block>
<block><region><rect/></region>
<text>
<par>
<line>"•.N</line></par>
</text>
</block>
<block><region><rect/></region>
<text>
<par/>
</text>
</block>
<block><region><rect/></region>
<text>
<par/>
</text>
</block>
<block><region><rect/></region>
<text>
<par>
<line>\</line></par>
</text>
</block>
<block><region><rect/></region>
<text>
<par/>
</text>
</block>
<block><region><rect/></region>
<text>
<par/>
</text>
</block>
<block><region><rect/></region>
<text>
<par>
<line>‘ ' X .* &gt; *</line></par>
<par>
<line>^ t A K *</line></par>
</text>
</block>
<block><region><rect/></region>
<text>
<par>
<line>:r</line></par>
</text>
</block>
<block><region><rect/></region>
<text>
<par/>
</text>
</block>
<block><region><rect/></region>
<text>
<par>
<line>c:</line></par>
</text>
</block>
<block><region><rect/></region>
<text>
<par/>
</text>
</block>
<block><region><rect/></region>
<text>
<par>
<line>-'s</line></par>
</text>
</block>
<block><region><rect/></region>
<text>
<par/>
</text>
</block>
<block><region><rect/></region>
<text>
<par/>
</text>
</block>
<block><region><rect/></region>
<text>
<par/>
</text>
</block>




















</page>
<page width="2450" height="3458" resolution="300">
<block><region><rect/></region>
<text>
<par>
<line>Densité végétale</line>
<line>Mise à distance</line></par>
</text>
</block>
<block><region><rect/></region>
<text>
<par>
<line>I Le hameau de Blaceret :</line></par>
<par>
<line>Insertion paysagère du projet d’aménagement d’une zone d’activités</line></par>
</text>
</block>
<block><region><rect/></region>
<text>
<par>
<line>La commune projette d’implanter un pôle d’activités à l’entrée sud du hameau de</line>
<line>Blaceret. Les principes d’aménagement consistent à ;</line></par>
<par>
<line>- créer un accès depuis la départementale n°43 par l’intermédiaire d’un rond</line>
<line>point. Le traitement de la voie sera différencié : à l’est, une section rurale</line>
<line>avec fossés, à l’ouest une section urbaine. Ce traitement permettra de</line>
<line>réduire les vitesses à l’approche du hameau,</line></par>
<par>
<line>- accompagner l’aménagement par un front végétal de haies le long de la</line>
<line>départementale et implanter les bâtiments avec un léger retrait à</line>
<line>l’approche de l'accès au site afin de resserrer le champ visuel et de</line>
<line>marquer l’entrée du hameau,</line></par>
<par>
<line>- requalifier la voie départementale entrant dans le hameau de Blaceret par</line>
<line>l’implantation de trottoirs et d’un alignement d’arbres,</line></par>
<par>
<line>- mettre en place une voie de desserte principale interne au site et implanter</line>
<line>les bâtiments avec un léger retrait afin de renforcer le caractère de rue,</line></par>
<par>
<line>- créer des voies secondaires de desserte interne au secteur,</line></par>
<par>
<line>- implanter les parkings à l’arrière des bâtiments d’activité,</line></par>
<par>
<line>- créer en toile de fond une frontière végétale marquée par la plantation</line>
<line>d’une rangée d’arbres hautes tiges perceptible depuis la route</line>
<line>départementale,</line></par>
<par>
<line>- Isoler les habitations existantes de la zone par la mise en place d’espaces</line>
<line>végétalisés, zones tampons permettant de limiter l’exposition de la</line>
<line>population aux nuisances,</line></par>
<par>
<line>- intégrer des dispositifs respectueux de l’environnement, en veillant au</line>
<line>traitement des eaux pluviales en surface grâce à :</line></par>
<par>
<line>- un système de bassins tampons végétalisés,</line></par>
<par>
<line>- un réseau de fossés drainants.</line></par>
</text>
</block>
<block><region><rect/></region>
<text>
<par/>
</text>
</block>
<block><region><rect/></region>
<text>
<par>
<line>-\</line></par>
</text>
</block>
<block><region><rect/></region>
<text>
<par/>
</text>
</block>
<block><region><rect/></region>
<text>
<par/>
</text>
</block>
<block><region><rect/></region>
<text>
<par>
<line>Entrepôt existant</line></par>
</text>
</block>
<block><region><rect/></region>
<text>
<par>
<line>Création de voirie et rond point</line></par>
</text>
</block>
<block><region><rect/></region>
<text>
<par/>
</text>
</block>
<block><region><rect/></region>
<text>
<par/>
</text>
</block>
<block><region><rect/></region>
<text>
<par/>
</text>
</block>
<block><region><rect/></region>
<text>
<par/>
</text>
</block>
<block><region><rect/><rect/></region>
<text>
<par/>
</text>
</block>
<block><region><rect/></region>
<text>
<par>
<line>Créer un effet de rue</line>
<line>Stockage sur les arrières</line></par>
</text>
</block>
<block><region><rect/></region>
<text>
<par>
<line>Bassin de réterrtion</line></par>
</text>
</block>
<block><region><rect/></region>
<text>
<par>
<line>Département du Rhône - Commune de Blacé - Les orientations d'aménagement</line></par>
</text>
</block>
<block><region><rect/></region>
<text>
<par>
<line>10</line></par>
</text>
</block>





</page>
</OAP>