<?xml version="1.0" encoding="UTF-8"?><OAP>
<page width="2480" height="3508" resolution="300">
<block><region><rect/></region>
<text>
<par>
<line>ORIENTATIONS D’AMENAGEMENT DE LA ZONE AU</line></par>
</text>
</block>
<block><region><rect/></region>
<text>
<par>
<line>Cet ensemble, formé de deux parcelles, correspond à une zone d’urbanisation à court terme, per¬</line>
<line>mettant la construction de 4 logements regroupés en un petit quartier en périphérie immédiate du</line>
<line>village.</line></par>
<par>
<line>Le projet d’aménagement de la parcelle 440 (construction de trois logements) devra faire l’objet d’une</line>
<line>demande de permis de construire unique et sera conçu par un homme de l’art.</line></par>
<par>
<line>Le parc de stationnement existant facilite l’accès au futures constructions sans être modifié par l’opération.</line>
<line>L’implantation en recul de 5m par rapport à l’alignement sur le parking permettra la création de zones de sta¬</line>
<line>tionnement à l’intérieur des parcelles. Des annexes seront autorisées à l’alignement, sur une surface limitée</line>
<line>à 30m2 d’emprise au sol et une hauteur de un niveau.</line></par>
<par>
<line>Un recul de 10,00 m minimum est exigé pour la valorisation du rempart médiéval, conservé en limite ouest.</line></par>
<par>
<line>Un cheminement piéton aménagé en bordure organise une liaison piétonne avec le centre du village et ses</line>
<line>équipements (mairie, école, ...).</line></par>
<par>
<line>Des plantations seront intégrées au projet pour former un écrin végétal à ce nouveau «quartier» de Riverie</line>
<line>et assurer une transition entre les stationnements et les logements.</line></par>
</text>
</block>
<block><region><rect/></region>
<text>
<par>
<line>IMPLANTATION PAR RAPPORT A L'ESPACE PUBLIC</line>
<line>LIGNE DE EAITAGE PARALLELE À L'ALIGNEMENT</line>
<line>POSSIBILITE TOITURE ATROIS RAMPANTS</line>
<line>ECRIN OU ACCOMPAGNEMENT VEGETAL A CREER</line></par>
</text>
</block>
<block><region><rect/></region>
<text>
<par>
<line>9ib</line></par>
</text>
</block>
<block><region><rect/></region>
<text>
<par>
<line>Q</line></par>
</text>
</block>
<block><region><rect/></region>
<text>
<par>
<line>- I</line></par>
</text>
</block>
<block><region><rect/></region>
<text>
<par/>
</text>
</block>
<block><region><rect/></region>
<text>
<par>
<line>CREAT ON D'UN CHEM N</line></par>
</text>
</block>
<block><region><rect/></region>
<text>
<par/>
</text>
</block>
<block><region><rect/></region>
<text>
<par/>
</text>
</block>
<block><region><rect/></region>
<text>
<par/>
</text>
</block>
<block><region><rect/></region>
<text>
<par>
<line>VUE SUR LE REMPART</line></par>
</text>
</block>
<block><region><rect/></region>
<text>
<par/>
</text>
</block>
<block><region><rect/></region>
<text>
<par/>
</text>
</block>
<block><region><rect/></region>
<text>
<par>
<line>ENT PIETON</line></par>
</text>
</block>
<block><region><rect/></region>
<text>
<par>
<line>ZONE NON CONSTRUCTIBLE</line></par>
<par>
<line>largeur 10m</line></par>
</text>
</block>
<block><region><rect/></region>
<text>
<par>
<line>VUE SUR LE REMPART</line></par>
</text>
</block>


</page>
</OAP>