<?xml version="1.0" encoding="UTF-8"?><OAP>
<page width="4961" height="3508" resolution="300">
<block><region><rect/></region>
<text>
<par>
<line>Orientations d’amenagement et de programmation, commune de Thizy-les-Bourgs</line></par>
</text>
</block>
<block><region><rect/></region>
<text>
<par>
<line>3/8</line></par>
</text>
</block>
<block><region><rect/></region>
<text>
<par>
<line>OAP N°l-ZONE lAU -LA CARRIERE -CROIX DES ARDILLIERS</line></par>
</text>
</block>
<block><region><rect/></region>
<text>
<par/>
</text>
</block>
<block><region><rect/></region>
<text>
<par/>
</text>
</block>
<block><region><rect/></region>
<text>
<par/>
</text>
</block>
<block><region><rect/></region>
<text>
<par/>
</text>
</block>
<block><region><rect/></region>
<text>
<par/>
</text>
</block>
<block><region><rect/></region>
<text>
<par/>
</text>
</block>
<block><region><rect/></region>
<text>
<par/>
</text>
</block>
<block><region><rect/></region>
<text>
<par>
<line>V</line></par>
</text>
</block>
<block><region><rect/></region>
<text>
<par>
<line>%</line></par>
</text>
</block>
<block><region><rect/></region>
<text>
<par/>
</text>
</block>
<block><region><rect/></region>
<text>
<par/>
</text>
</block>
<block><region><rect/></region>
<text>
<par>
<line>W .</line></par>
</text>
</block>
<block><region><rect/></region>
<text>
<par/>
</text>
</block>
<block><region><rect/></region>
<text>
<par>
<line>m</line></par>
</text>
</block>
<block><region><rect/></region>
<text>
<par>
<line>y</line></par>
</text>
</block>
<block><region><rect/></region>
<text>
<par>
<line>iv .</line></par>
</text>
</block>
<block><region><rect/></region>
<text>
<par/>
</text>
</block>
<block><region><rect/></region>
<text>
<par/>
</text>
</block>
<block><region><rect/></region>
<text>
<par/>
</text>
</block>
<block><region><rect/></region>
<text>
<par>
<line>ii</line></par>
</text>
</block>
<block><region><rect/></region>
<text>
<par/>
</text>
</block>
<block><region><rect/></region>
<text>
<par>
<line>LEGENDE</line></par>
<par>
<line>Périmètre de la zone</line></par>
<par>
<line>Principe d'entrée/sortie de ia</line>
<line>zone</line></par>
<par>
<line>Principe de voirie principale et de</line>
<line>voirie en boucle à créer</line></par>
<par>
<line>Principe d’aménagement de</line></par>
<par>
<line>voierie</line></par>
<par>
<line>Principe d’aménagement de</line></par>
<par>
<line>carrefour</line></par>
<par>
<line>Principe d’espaces verts</line>
<line>collectifs à créer</line></par>
</text>
</block>
<block><region><rect/></region>
<text>
<par>
<line>Principe d’espaces verts</line>
<line>préserver</line></par>
</text>
</block>
<block><region><rect/></region>
<text>
<par>
<line>Surface approximative : 2,5 ha (24955 m^)</line></par>
<par>
<line>Nombre de logements individuels : 30 à 35</line></par>
<par>
<line>Le nouveau quartier est pensé comme ouvert sur le reste de la ville. Il</line>
<line>prend en compte l’existant et intègre le nouveau quartier à la ville.</line></par>
<par>
<line>Modalités opératoires</line></par>
<par>
<line>Cet aménagement peut faire l’objet d’une ou plusieurs opérations</line>
<line>successives.</line></par>
<par>
<line>Implantation du bâti</line></par>
<par>
<line>Dans une partie de la zone, il est à prévoir une orientation principale</line>
<line>des façades ainsi qu’une exposition des jardins au sud, notamment au</line>
<line>sud de la zone. Il faut privilégier l’implantation des constructions sur au</line>
<line>moins une des limites de propriété avec un retrait minimum de 4 mètres</line>
<line>pour optimiser l’espace des jardins et éviter les espaces résiduels</line>
<line>souvent mal gérés.</line></par>
<par>
<line>Les espaces verts</line></par>
<par>
<line>Les haies bocagères sont préservées voire renforcées, ce sont des</line>
<line>langues de verdure qui s’infiltrent dans l’espace urbain, de véritables</line>
<line>continuités écologiques et supports de la biodiversité en ville. Les</line>
<line>terrains de cette zone offrent une vue bien dégagée sur toute la vallée</line>
<line>de la Trambouze.</line></par>
<par>
<line>Axes, cheminements et place publique</line></par>
<par>
<line>La voie principale est un axe traversant qui joint le carrefour de la D94</line>
<line>au sud-est de la zone. La voirie secondaire, en forme de boucle, est</line>
<line>pensée en sens unique. Elle est doublée d’une voie de déplacements</line>
<line>doux.</line></par>
<par>
<line>Les logements</line></par>
<par>
<line>Le projet de territoire prévoit de créer de l’habitat pavillonnaire tout en</line>
<line>créant un lien entre les trames urbaines permettant de relier Thizy à</line>
<line>Marnand.</line></par>
<par>
<line>En matière de bâti il s’agit de penser à la diversité des logements et aux</line>
<line>nouveaux enjeux de densité et de mixité sociale. Le quartier se</line>
<line>composera alors de 36 à 40 logements en maisons individuelles ou</line>
<line>mitoyennes, en R-i-1, sur des parcelles d’environ 500m2.</line></par>
<par>
<line>Points sur les réseaux</line></par>
<par>
<line>Il est à prévoir une extension du réseau public de distribution</line>
<line>d’électricité.</line></par>
</text>
</block>
<block><region><rect/></region>
<text>
<par>
<line>Plan Local d’Urbanisme</line></par>
</text>
</block>
<block><region><rect/></region>
<text>
<par>
<line>urbactis</line></par>
</text>
</block>

















<block blockType="Picture" blockName="" l="2211" t="1842" r="2302" b="1910"><region><rect/></region>
</block>
<block blockType="Picture" blockName="" l="2206" t="2074" r="2294" b="2142"><region><rect/></region>
</block>
</page>
</OAP>