<?xml version="1.0" encoding="UTF-8"?><OAP>
<page width="3508" height="2479" resolution="300">
<block><region><rect/></region>
<text>
<par>
<line>DEPARTEMENT DE LA SARTHE</line></par>
</text>
</block>
<block><region><rect/></region>
<text>
<par>
<line>COMMUNE DE COULOMBIERS</line></par>
<par>
<line>PLAN LOCAL D'URBANISME : ELABORATION</line></par>
</text>
</block>
<block><region><rect/></region>
<text>
<par>
<line>2bis</line></par>
</text>
</block>
<block><region><rect/></region>
<text>
<par>
<line>LES Orientations d'Amenagement</line></par>
</text>
</block>
<block><region><rect/></region>
<text>
<par>
<line>DOSSIER</line></par>
<par>
<line>D'APPROBATION</line></par>
<par>
<line>Vu pour être annexé à la Délibération</line>
<line>du Conseil M unicipal en date du</line></par>
<par>
<line>18 J UILLET 2011</line></par>
</text>
</block>
<block><region><rect/></region>
<text>
<par>
<line>ETAT D'AVANCEMENT DU DOSSIER : PROJ ET APPROUVE</line></par>
<par>
<line>DATE DE DERNIERE MODIFICATION DE CE DOCUMENT : JUILLET 2011</line></par>
</text>
</block>
<block><region><rect/></region>
<text>
<par>
<line>Xavier DEWAILLY - Urbaniste Qualifie</line>
<line>3 allée Jean Jaurès 72100 LE MANS</line></par>
<par>
<line>TEL : 02 43 72 79 13 FAX : 09 71 70 47 71 E-MAIL : urba.dewailly@wanadoo.fr</line></par>
</text>
</block>






















<block blockType="Picture" blockName="" l="162" t="2037" r="3373" b="2254"><region><rect/></region>
</block>
<block blockType="Picture" blockName="" l="156" t="677" r="3371" b="810"><region><rect/></region>
</block>
</page>
<page width="3508" height="2479" resolution="300">
<block><region><rect/></region>
<text>
<par>
<line>PLAN LOCAL D'URBANISME DE COULOMBIERS</line></par>
</text>
</block>
<block><region><rect/></region>
<text>
<par>
<line>2</line></par>
</text>
</block>
<block><region><rect/></region>
<text>
<par>
<line>ELABORATION</line></par>
<par>
<line>LES Orientations d'Amenagement</line></par>
</text>
</block>
<block><region><rect/></region>
<text>
<par>
<line>Les Plans Locaux d'Urbanisme peuvent comporter des Orientations d'Aménagement relatives à des secteurs à mettre en valeur, réhabiliter, restructurer ou</line>
<line>aménager. Ces Orientations d'aménagement qui constituent une nouvelle pièce du PLU, par rapport au POS, sont opposables aux tiers.</line></par>
<par>
<line>Les orientations d'aménagement précisent les conditions d'aménagement des secteurs définis comme stratégiques par la commune. Elles permettront</line>
<line>d'imposer à un éventuel aménageur des principes d'aménagement propres à assurer la cohérence de l'ensemble de la zone, en matière d'accès, de liaisons piétonnes, de</line>
<line>gestion des eaux pluviales ou de préservation d'éléments végétaux notamment.</line></par>
<par>
<line>Ces orientations peuvent, en cohérence avec le Projet d'Aménagement et Développement Durable, prévoir les actions et opérations d'aménagement à mettre</line>
<line>en oeuvre, notamment pour mettre en valeur l'environnement, les paysages, les entrées de villes et le patrimoine, lutter contre l'insalubrité, permettre le</line>
<line>renouvellement urbain et assurer le développement de la commune.</line></par>
<par>
<line>Les orientations d'aménagement ont pour vocation générale de répondre aux enjeux du développement durable.</line></par>
<par>
<line>Des principes sont ainsi valables pour l'ensemble des zones d'urbanisation future.</line></par>
<par>
<line>D'autres orientations, plus spécifiques, résultent de l'étude de chacune des zones d'urbanisation prévues dans le PLU.</line></par>
<par>
<line>Dans ce cas, un juste milieu doit être trouvé. Ainsi, il n'est pas apparu souhaitable de figer la voirie interne ou le découpage en parcelles par exemple. Une analyse</line>
<line>plus approfondie de tous les éléments à prendre en compte sera faite par l'aménageur juste en amont de l'aménagement et viendra enrichir le diagnostic et les moyens à</line>
<line>mettre en œuvre pour atteindre les objectifs généraux fixés dans ce document.</line></par>
<par>
<line>Pouvant prendre la forme de schémas d'aménagement et préciser les principales caractéristiques des voies et espaces publics (cf code de l'urbanisme article L123-</line>
<line>1), ces orientations intéressent les secteurs d'extension suivants :</line></par>
<par>
<line>1- La zone AUh à l'Est du cimetière</line></par>
<par>
<line>2- La zone AUh située au Sud du bourg</line></par>
</text>
</block>
<block><region><rect/></region>
<text>
<par>
<line>Les Orientations d'Aménagement</line></par>
</text>
</block>




</page>
<page width="4000" height="2826" resolution="342">
<block><region><rect/></region>
<text>
<par>
<line>3</line></par>
</text>
</block>
<block><region><rect/></region>
<text>
<par>
<line>LOCALISATION DES SITES CONCERNES PAR LES ORIENTATIONS D'AMENAGEMENT</line></par>
</text>
</block>
<block><region><rect/></region>
<text>
<par>
<line>ZI</line></par>
</text>
</block>
<block><region><rect/></region>
<text>
<par/>
</text>
</block>
<block><region><rect/></region>
<text>
<par/>
</text>
</block>
<block><region><rect/></region>
<text>
<par/>
</text>
</block>
<block><region><rect/></region>
<text>
<par>
<line>A</line></par>
</text>
</block>
<block><region><rect/></region>
<text>
<par/>
</text>
</block>
<block><region><rect/></region>
<text>
<par>
<line>%</line></par>
</text>
</block>
<block><region><rect/></region>
<text>
<par>
<line>%</line></par>
</text>
</block>
<block><region><rect/></region>
<text>
<par>
<line>UP^Î</line></par>
</text>
</block>
<block><region><rect/></region>
<text>
<par>
<line>% M. /</line></par>
</text>
</block>
<block><region><rect/></region>
<text>
<par>
<line>up</line></par>
</text>
</block>
<block><region><rect/></region>
<text>
<par>
<line>%</line></par>
</text>
</block>
<block><region><rect/></region>
<text>
<par>
<line>N</line></par>
</text>
</block>
<block><region><rect/></region>
<text>
<par>
<line>%</line></par>
</text>
</block>
<block><region><rect/></region>
<text>
<par>
<line>#</line></par>
</text>
</block>
<block><region><rect/></region>
<text>
<par>
<line>«</line></par>
</text>
</block>
<block><region><rect/></region>
<text>
<par>
<line>N</line></par>
</text>
</block>
<block><region><rect/></region>
<text>
<par>
<line>U</line></par>
</text>
</block>
<block><region><rect/></region>
<text>
<par>
<line>A</line></par>
</text>
</block>
<block><region><rect/></region>
<text>
<par/>
</text>
</block>
<block><region><rect/></region>
<text>
<par>
<line>N Aüh</line></par>
</text>
</block>
<block><region><rect/></region>
<text>
<par>
<line>II....</line></par>
</text>
</block>
<block><region><rect/></region>
<text>
<par>
<line>Pa</line></par>
</text>
</block>
<block><region><rect/></region>
<text>
<par/>
</text>
</block>
<block><region><rect/></region>
<text>
<par>
<line>AUh</line></par>
</text>
</block>
<block><region><rect/></region>
<text>
<par/>
</text>
</block>
<block><region><rect/></region>
<text>
<par>
<line>%</line></par>
</text>
</block>
<block><region><rect/></region>
<text>
<par>
<line>tp</line></par>
</text>
</block>
<block><region><rect/></region>
<text>
<par/>
</text>
</block>
<block><region><rect/></region>
<text>
<par>
<line>A</line></par>
</text>
</block>
<block><region><rect/></region>
<text>
<par>
<line>«</line></par>
</text>
</block>
<block><region><rect/></region>
<text>
<par>
<line>Ul</line></par>
</text>
</block>
<block><region><rect/></region>
<text>
<par>
<line>A</line></par>
</text>
</block>
<block><region><rect/></region>
<text>
<par>
<line>eaux usees</line></par>
</text>
</block>
<block><region><rect/></region>
<text>
<par>
<line>m</line></par>
</text>
</block>
<block><region><rect/></region>
<text>
<par>
<line>refoulement</line></par>
</text>
</block>
<block><region><rect/></region>
<text>
<par>
<line>Ces principes « minimaux » d'aménagement ont un caractère opposable ; ils devront être respectés dans leur esprit et non au pied de la lettre (cf article L. 123¬</line>
<line>5 du code de l'urbanisme). A titre d'exemple, lorsqu'une voie à créer est inscrite sur l'un des schémas de principe ci-après, son tracé n'est pas figé mais en revanche</line>
<line>le fait qu'elle relie une rue à une autre constitue un principe intangible.</line></par>
</text>
</block>
<block><region><rect/></region>
<text>
<par>
<line>Les Orientations d'Aménagement</line></par>
</text>
</block>



















</page>
<page width="3508" height="2479" resolution="300">
<block><region><rect/></region>
<text>
<par>
<line>4</line></par>
</text>
</block>
<block><region><rect/></region>
<text>
<par>
<line>LES ORIENTATIONS GENERALES POUR TOUTES LES ZONES</line></par>
</text>
</block>
<block><region><rect/></region>
<text>
<par>
<line>Afin que les futurs lotissements prennent en compte une véritable dimension de quartier, le respect de la notion de développement durable, la vie sociale et les</line>
<line>aménagements paysagers, des règles sont nécessaires.</line></par>
<par>
<line>Les aménageurs devront prouver à la commune qu'ils ont réfléchi aux questions suivantes qui constituent en quelque sorte leur cahier des charges.</line></par>
</text>
</block>
<block><region><rect/></region>
<text>
<par>
<line>UTILISATION DE L'ESPACE</line></par>
</text>
</block>
<block blockType="Table" blockName="" l="148" t="645" r="3341" b="2264"><region><rect/></region>
<row>
<cell width="330" height="162">
<text>
<par>
<line>ENJ EUX</line></par>
</text></cell>
<cell width="674" height="162">
<text>
<par>
<line>OBJ ECTIFS</line></par>
</text></cell>
<cell width="1414" height="162">
<text>
<par>
<line>ACTIONS</line></par>
</text></cell>
<cell width="296" height="162">
<text>
<par>
<line>Aménageur</line></par>
</text></cell>
<cell width="214" height="162">
<text>
<par>
<line>Acquéreur</line></par>
</text></cell>
<cell width="265" height="162">
<text>
<par>
<line>Inter</line></par>
<par>
<line>actions</line></par>
<par>
<line>thèmes</line></par>
</text></cell></row>
<row>
<cell rowSpan="5" width="330" height="624">
<text>
<par>
<line>Diminuer la</line>
<line>consommation</line>
<line>d'espace naturel</line></par>
</text></cell>
<cell rowSpan="2" width="674" height="216">
<text>
<par>
<line>Eviter l'étalement urbain (économiser</line>
<line>l es surfaces constructi bl es)</line></par>
</text></cell>
<cell width="1414" height="128">
<text>
<par>
<line>Rechercher des formes urbaines plus compactes (habitat groupé, maisons en bande,</line>
<line>semi collectifs..)</line></par>
</text></cell>
<cell width="296" height="128">
<text>
<par>
<line>X</line></par>
</text></cell>
<cell width="214" height="128">
<text>
<par/>
</text></cell>
<cell width="265" height="128">
<text>
<par/>
</text></cell></row>
<row>
<cell width="1414" height="88">
<text>
<par>
<line>Réduire les empri ses des lots (l argeur des lots individuel s)</line></par>
</text></cell>
<cell width="296" height="88">
<text>
<par>
<line>X</line></par>
</text></cell>
<cell width="214" height="88">
<text>
<par/>
</text></cell>
<cell width="265" height="88">
<text>
<par/>
</text></cell></row>
<row>
<cell width="674" height="120">
<text>
<par>
<line>Limiter l'imperméabilisation</line></par>
</text></cell>
<cell width="1414" height="120">
<text>
<par>
<line>Imposer un coefficient d'emprise au sol maximum pour chaque lot</line></par>
</text></cell>
<cell width="296" height="120">
<text>
<par>
<line>X</line></par>
</text></cell>
<cell width="214" height="120">
<text>
<par/>
</text></cell>
<cell width="265" height="120">
<text>
<par>
<line>Eau</line></par>
</text></cell></row>
<row>
<cell width="674" height="130">
<text>
<par>
<line>Prévoir la reconversion des espaces</line></par>
</text></cell>
<cell width="1414" height="130">
<text>
<par>
<line>Prévoir des espaces publics pouvant changer d'usage lorsque les besoins ou les</line>
<line>modes de vi e changent</line></par>
</text></cell>
<cell width="296" height="130">
<text>
<par>
<line>X</line></par>
</text></cell>
<cell width="214" height="130">
<text>
<par/>
</text></cell>
<cell width="265" height="130">
<text>
<par/>
</text></cell></row>
<row>
<cell width="674" height="158">
<text>
<par>
<line>Diversifier les offres de logement afin</line>
<line>de permettre à chacun d'accéder au</line>
<line>logement</line></par>
</text></cell>
<cell width="1414" height="158">
<text>
<par>
<line>Proposer des typo logies bâties vari ées</line></par>
</text></cell>
<cell width="296" height="158">
<text>
<par>
<line>X</line></par>
</text></cell>
<cell width="214" height="158">
<text>
<par/>
</text></cell>
<cell width="265" height="158">
<text>
<par/>
</text></cell></row>
<row>
<cell rowSpan="6" width="330" height="720">
<text>
<par>
<line>rendre en compte</line>
<line>les spécificités</line>
<line>urbaines et</line>
<line>paysagères</line></par>
</text></cell>
<cell width="674" height="154">
<text>
<par>
<line>Un espace extérieur privatif pour</line>
<line>chaque logement</line></par>
</text></cell>
<cell width="1414" height="154">
<text>
<par>
<line>J ardi n, terrasse ou balcon à i mposer</line></par>
</text></cell>
<cell width="296" height="154">
<text>
<par/>
</text></cell>
<cell width="214" height="154">
<text>
<par>
<line>X</line></par>
</text></cell>
<cell width="265" height="154">
<text>
<par/>
</text></cell></row>
<row>
<cell rowSpan="2" width="674" height="246">
<text>
<par>
<line>Bon équili bre entre espace bâti et espace</line>
<line>libre</line></par>
</text></cell>
<cell width="1414" height="130">
<text>
<par>
<line>Valoriser les espaces non bâtis des domaines privés (cœur d'ilot, cour intérieure,</line>
<line>jardin collectif)</line></par>
</text></cell>
<cell width="296" height="130">
<text>
<par/>
</text></cell>
<cell width="214" height="130">
<text>
<par>
<line>X</line></par>
</text></cell>
<cell width="265" height="130">
<text>
<par>
<line>Paysage</line></par>
</text></cell></row>
<row>
<cell width="1414" height="116">
<text>
<par>
<line>Compenser l a réducti on des espaces pri vati fs par des espaces publ i cs de proxi mi té</line></par>
</text></cell>
<cell width="296" height="116">
<text>
<par>
<line>X</line></par>
</text></cell>
<cell width="214" height="116">
<text>
<par/>
</text></cell>
<cell width="265" height="116">
<text>
<par/>
</text></cell></row>
<row>
<cell width="674" height="118">
<text>
<par>
<line>Renforcer la cohésion sociale</line></par>
</text></cell>
<cell width="1414" height="118">
<text>
<par>
<line>Traitement soigné de l'interface entre l'espace public et l'espace privé au niveau des</line>
<line>limites</line></par>
</text></cell>
<cell width="296" height="118">
<text>
<par/>
</text></cell>
<cell width="214" height="118">
<text>
<par>
<line>X</line></par>
</text></cell>
<cell width="265" height="118">
<text>
<par>
<line>Paysage</line></par>
</text></cell></row>
<row>
<cell rowSpan="2" width="674" height="202">
<text>
<par>
<line>S'intégrer dans le bourg</line></par>
</text></cell>
<cell width="1414" height="116">
<text>
<par>
<line>Favoriser l'accessi bilité au centre bourg, à ses commerces, à ses équi pements</line></par>
</text></cell>
<cell width="296" height="116">
<text>
<par>
<line>X</line></par>
</text></cell>
<cell width="214" height="116">
<text>
<par/>
</text></cell>
<cell width="265" height="116">
<text>
<par>
<line>Déplacement</line></par>
</text></cell></row>
<row>
<cell width="1414" height="86">
<text>
<par>
<line>Avoi r un rapport d'échel l e cohérent avec l e bâti exi stant envi ronnant</line></par>
</text></cell>
<cell width="296" height="86">
<text>
<par>
<line>X</line></par>
</text></cell>
<cell width="214" height="86">
<text>
<par/>
</text></cell>
<cell width="265" height="86">
<text>
<par/>
</text></cell></row>
<row>
<cell width="330" height="113">
<text>
<par/>
</text></cell>
<cell width="674" height="113">
<text>
<par/>
</text></cell>
<cell width="1414" height="113">
<text>
<par>
<line>Soigner la signalétique: commerces, équipements</line></par>
</text></cell>
<cell width="296" height="113">
<text>
<par>
<line>X</line></par>
</text></cell>
<cell width="214" height="113">
<text>
<par/>
</text></cell>
<cell width="265" height="113">
<text>
<par/>
</text></cell></row>
</block>
<block><region><rect/></region>
<text>
<par>
<line>Les Orientations d'Aménagement</line></par>
</text>
</block>




















</page>
<page width="3508" height="2479" resolution="300">
<block><region><rect/></region>
<text>
<par>
<line>ENERGIE ET CLIMAT</line></par>
</text>
</block>
<block><region><rect/></region>
<text>
<par>
<line>5</line></par>
</text>
</block>
<block blockType="Table" blockName="" l="148" t="329" r="3339" b="2006"><region><rect/></region>
<row>
<cell width="333" height="108">
<text>
<par>
<line>ENJ EUX</line></par>
</text></cell>
<cell width="679" height="108">
<text>
<par>
<line>OBJ ECTIFS</line></par>
</text></cell>
<cell width="1428" height="108">
<text>
<par>
<line>ACTIONS</line></par>
</text></cell>
<cell width="300" height="108">
<text>
<par>
<line>Aménageur</line></par>
</text></cell>
<cell width="213" height="108">
<text>
<par>
<line>Acquéreur</line></par>
</text></cell>
<cell width="238" height="108">
<text>
<par>
<line>Inter actions</line></par>
<par>
<line>thèmes</line></par>
</text></cell></row>
<row>
<cell rowSpan="7" width="333" height="814">
<text>
<par>
<line>C réer une forme</line>
<line>urbaine économe</line>
<line>en énergie</line></par>
</text></cell>
<cell rowSpan="3" width="679" height="378">
<text>
<par>
<line>Accroître l'efficacité énergétique des</line>
<line>constructions</line></par>
</text></cell>
<cell width="1428" height="112">
<text>
<par>
<line>T ravai ller le plan masse pour privilégier l'exposi tion Sud et éviter l'exposi tion Ouest</line>
<line>(froide en hiver et chaude en été)</line></par>
</text></cell>
<cell width="300" height="112">
<text>
<par>
<line>X</line></par>
</text></cell>
<cell width="213" height="112">
<text>
<par>
<line>X</line></par>
</text></cell>
<cell width="238" height="112">
<text>
<par>
<line>Formes</line></par>
<par>
<line>urbaines</line></par>
</text></cell></row>
<row>
<cell width="1428" height="108">
<text>
<par>
<line>Réduire les pertes de calories par la mitoyenneté et la compacité</line></par>
</text></cell>
<cell width="300" height="108">
<text>
<par>
<line>X</line></par>
</text></cell>
<cell width="213" height="108">
<text>
<par>
<line>X X</line></par>
</text></cell>
<cell width="238" height="108">
<text>
<par>
<line>Formes</line></par>
<par>
<line>urbaines</line></par>
</text></cell></row>
<row>
<cell width="1428" height="158">
<text>
<par>
<line>P rendre en compte l es ombres portées (bâti ments et hai es) dans l a di sposi tion et la</line>
<line>hauteur des bâti ments: i mposer des zones à construi re, gérer les implantations</line></par>
<par>
<line>d'arbres</line></par>
</text></cell>
<cell width="300" height="158">
<text>
<par>
<line>X</line></par>
</text></cell>
<cell width="213" height="158">
<text>
<par>
<line>X</line></par>
</text></cell>
<cell width="238" height="158">
<text>
<par>
<line>Formes</line></par>
<par>
<line>urbaines</line></par>
</text></cell></row>
<row>
<cell width="679" height="118">
<text>
<par>
<line>Permettre l'utili sati on de matéri aux</line>
<line>naturels ou consommant peu d'énergie</line></par>
</text></cell>
<cell width="1428" height="118">
<text>
<par>
<line>Choisir des matériaux peu énergivores pour l'aménagement</line></par>
</text></cell>
<cell width="300" height="118">
<text>
<par>
<line>X</line></par>
</text></cell>
<cell width="213" height="118">
<text>
<par/>
</text></cell>
<cell width="238" height="118">
<text>
<par/>
</text></cell></row>
<row>
<cell rowSpan="3" width="679" height="318">
<text>
<par>
<line>Optimiser le choix du matériel</line>
<line>d'éclairage public en fonction de</line>
<line>l'usage</line></par>
</text></cell>
<cell width="1428" height="136">
<text>
<par>
<line>Réaliser un schéma d'éclairage public en tenant compte des usages et des lieux</line>
<line>(niveau d'éclairement, horaires d'éclairage..): étude d'éclairement</line></par>
</text></cell>
<cell width="300" height="136">
<text>
<par/>
</text></cell>
<cell width="213" height="136">
<text>
<par/>
</text></cell>
<cell width="238" height="136">
<text>
<par>
<line>Déplacement</line></par>
</text></cell></row>
<row>
<cell width="1428" height="124">
<text>
<par>
<line>Installer un éclairage avec des détecteurs de mouvements dans les espaces peu</line>
<line>fréquentés</line></par>
</text></cell>
<cell width="300" height="124">
<text>
<par/>
</text></cell>
<cell width="213" height="124">
<text>
<par/>
</text></cell>
<cell width="238" height="124">
<text>
<par/>
</text></cell></row>
<row>
<cell width="1428" height="58">
<text>
<par>
<line>Choisir des candél abres performants et économes en énergi e</line></par>
</text></cell>
<cell width="300" height="58">
<text>
<par/>
</text></cell>
<cell width="213" height="58">
<text>
<par/>
</text></cell>
<cell width="238" height="58">
<text>
<par/>
</text></cell></row>
<row>
<cell rowSpan="4" width="333" height="302">
<text>
<par>
<line>Promouvoir une</line>
<line>architecture</line>
<line>économe en</line>
<line>énergie</line></par>
</text></cell>
<cell rowSpan="4" width="679" height="302">
<text>
<par/>
</text></cell>
<cell width="1428" height="68">
<text>
<par>
<line>I mposer une performance énergéti que mi nimum: 50 K wh/m^/an</line></par>
</text></cell>
<cell width="300" height="68">
<text>
<par/>
</text></cell>
<cell width="213" height="68">
<text>
<par>
<line>X</line></par>
</text></cell>
<cell width="238" height="68">
<text>
<par/>
</text></cell></row>
<row>
<cell width="1428" height="58">
<text>
<par>
<line>Inciter à l'éclairage naturel des bâtiments (puits de lumière)</line></par>
</text></cell>
<cell width="300" height="58">
<text>
<par/>
</text></cell>
<cell width="213" height="58">
<text>
<par>
<line>X</line></par>
</text></cell>
<cell width="238" height="58">
<text>
<par/>
</text></cell></row>
<row>
<cell width="1428" height="58">
<text>
<par>
<line>Autoriser les toitures végétalisées</line></par>
</text></cell>
<cell width="300" height="58">
<text>
<par>
<line>X</line></par>
</text></cell>
<cell width="213" height="58">
<text>
<par>
<line>X</line></par>
</text></cell>
<cell width="238" height="58">
<text>
<par/>
</text></cell></row>
<row>
<cell width="1428" height="118">
<text>
<par>
<line>Inciter à choisir des matériaux peu énergivores pour la construction (bois et brique</line>
<line>plutôt que béton)</line></par>
</text></cell>
<cell width="300" height="118">
<text>
<par/>
</text></cell>
<cell width="213" height="118">
<text>
<par>
<line>X</line></par>
</text></cell>
<cell width="238" height="118">
<text>
<par/>
</text></cell></row>
<row>
<cell width="333" height="258">
<text>
<par>
<line>F avoriser les</line>
<line>sources</line>
<line>énergétiques</line>
<line>renouvelables</line>
<line>locales</line></par>
</text></cell>
<cell width="679" height="258">
<text>
<par>
<line>Optimiser les choix énergétiques</line></par>
</text></cell>
<cell width="1428" height="258">
<text>
<par>
<line>Autoriser le solaire, le photovoltaïque^</line></par>
<par>
<line>Faut-il imposer un minimum de surface toiture ou parois pour du solaire ou du</line>
<line>photovoltaïque (20 % de la SHON et orientation Sud + ou - 20°)</line></par>
</text></cell>
<cell width="300" height="258">
<text>
<par>
<line>X</line></par>
</text></cell>
<cell width="213" height="258">
<text>
<par>
<line>X</line></par>
</text></cell>
<cell width="238" height="258">
<text>
<par/>
</text></cell></row>
<row>
<cell rowSpan="3" width="333" height="195">
<text>
<par>
<line>Diminuer le</line>
<line>réchauffement</line>
<line>climatique</line></par>
</text></cell>
<cell rowSpan="3" width="679" height="195">
<text>
<par>
<line>P l anter des arbres pour fixer le CO2</line></par>
</text></cell>
<cell width="1428" height="58">
<text>
<par>
<line>Utiliser des essences de bois d'œuvre</line></par>
</text></cell>
<cell width="300" height="58">
<text>
<par>
<line>X</line></par>
</text></cell>
<cell width="213" height="58">
<text>
<par/>
</text></cell>
<cell width="238" height="58">
<text>
<par/>
</text></cell></row>
<row>
<cell width="1428" height="58">
<text>
<par>
<line>Pré-verdi r avec des arbres</line></par>
</text></cell>
<cell width="300" height="58">
<text>
<par>
<line>X</line></par>
</text></cell>
<cell width="213" height="58">
<text>
<par>
<line>X</line></par>
</text></cell>
<cell width="238" height="58">
<text>
<par/>
</text></cell></row>
<row>
<cell width="1428" height="79">
<text>
<par>
<line>I mposer un minimum de pl antati on d'arbres par terrai n</line></par>
</text></cell>
<cell width="300" height="79">
<text>
<par/>
</text></cell>
<cell width="213" height="79">
<text>
<par>
<line>X</line></par>
</text></cell>
<cell width="238" height="79">
<text>
<par/>
</text></cell></row>
</block>
<block><region><rect/></region>
<text>
<par>
<line>Les Orientations d'Aménagement</line></par>
</text>
</block>























</page>
<page width="3508" height="2479" resolution="300">
<block><region><rect/></region>
<text>
<par>
<line>6</line></par>
</text>
</block>
<block blockType="Table" blockName="" l="150" t="197" r="3339" b="558"><region><rect/></region>
<row>
<cell rowSpan="4" width="312" height="361">
<text>
<par>
<line>Optimiser le</line>
<line>confort des</line>
<line>espaces publics</line></par>
</text></cell>
<cell width="680" height="108">
<text>
<par>
<line>Limiter les impacts du vent sur les</line>
<line>espaces publics</line></par>
</text></cell>
<cell width="1440" height="108">
<text>
<par>
<line>Eviter les rétréci ssements (effet V enturi )</line></par>
</text></cell>
<cell width="302" height="108">
<text>
<par>
<line>X</line></par>
</text></cell>
<cell width="213" height="108">
<text>
<par/>
</text></cell>
<cell width="242" height="108">
<text>
<par/>
</text></cell></row>
<row>
<cell width="680" height="108">
<text>
<par>
<line>Limiter la surchauffe des espaces</line>
<line>publics</line></par>
</text></cell>
<cell width="1440" height="108">
<text>
<par>
<line>Les arborer au maxi mum avec des arbres à feuilles caduques</line></par>
</text></cell>
<cell width="302" height="108">
<text>
<par>
<line>X</line></par>
</text></cell>
<cell width="213" height="108">
<text>
<par/>
</text></cell>
<cell width="242" height="108">
<text>
<par/>
</text></cell></row>
<row>
<cell rowSpan="2" width="680" height="145">
<text>
<par>
<line>Favoriser une bonne exposition du bâti</line></par>
</text></cell>
<cell width="1440" height="58">
<text>
<par>
<line>Eviter les ai res bi tumées pl ei n Sud contre l a façade des l ogements</line></par>
</text></cell>
<cell width="302" height="58">
<text>
<par>
<line>X</line></par>
</text></cell>
<cell width="213" height="58">
<text>
<par>
<line>X</line></par>
</text></cell>
<cell width="242" height="58">
<text>
<par/>
</text></cell></row>
<row>
<cell width="1440" height="87">
<text>
<par>
<line>I mpl anter l es j ardi ns au Sud des l ogements</line></par>
</text></cell>
<cell width="302" height="87">
<text>
<par>
<line>X</line></par>
</text></cell>
<cell width="213" height="87">
<text>
<par>
<line>X</line></par>
</text></cell>
<cell width="242" height="87">
<text>
<par/>
</text></cell></row>
</block>
<block><region><rect/></region>
<text>
<par>
<line>DEPLACEMENTS</line></par>
</text>
</block>
<block blockType="Table" blockName="" l="150" t="803" r="3339" b="1908"><region><rect/></region>
<row>
<cell width="306" height="108">
<text>
<par>
<line>ENJ EUX</line></par>
</text></cell>
<cell width="693" height="108">
<text>
<par>
<line>OBJ ECTIFS</line></par>
</text></cell>
<cell width="1437" height="108">
<text>
<par>
<line>ACTIONS</line></par>
</text></cell>
<cell width="300" height="108">
<text>
<par>
<line>Aménageur</line></par>
</text></cell>
<cell width="212" height="108">
<text>
<par>
<line>Acquéreur</line></par>
</text></cell>
<cell width="241" height="108">
<text>
<par>
<line>Inter actions</line>
<line>thèmes</line></par>
</text></cell></row>
<row>
<cell rowSpan="4" width="306" height="432">
<text>
<par>
<line>Limiter l'impact</line>
<line>de la voiture</line></par>
</text></cell>
<cell rowSpan="3" width="693" height="324">
<text>
<par>
<line>D i mensi onner les voies en foncti on des</line>
<line>usages</line></par>
</text></cell>
<cell width="1437" height="108">
<text>
<par>
<line>Prendre en compte les types de véhicules (pompiers, OM..) mais aussi la vitesse</line>
<line>souhaitée dans le dimensionnement des voies</line></par>
</text></cell>
<cell width="300" height="108">
<text>
<par>
<line>X</line></par>
</text></cell>
<cell width="212" height="108">
<text>
<par/>
</text></cell>
<cell width="241" height="108">
<text>
<par/>
</text></cell></row>
<row>
<cell width="1437" height="158">
<text>
<par>
<line>Hiérarchiser les voies en fonction des usages. Réfléchir à un sens unique pour les</line>
<line>voitures et réduire le gabarit des chaussées (3,50 m) et mettre en place une zone 30 ou</line>
<line>voie partagée avec un traitement visuel adapté</line></par>
</text></cell>
<cell width="300" height="158">
<text>
<par>
<line>X</line></par>
</text></cell>
<cell width="212" height="158">
<text>
<par/>
</text></cell>
<cell width="241" height="158">
<text>
<par>
<line>Formes</line></par>
<par>
<line>urbaines</line></par>
</text></cell></row>
<row>
<cell width="1437" height="58">
<text>
<par>
<line>C réer des venel l es pour l a desserte de quel ques mai sons seulement</line></par>
</text></cell>
<cell width="300" height="58">
<text>
<par>
<line>X</line></par>
</text></cell>
<cell width="212" height="58">
<text>
<par/>
</text></cell>
<cell width="241" height="58">
<text>
<par/>
</text></cell></row>
<row>
<cell width="693" height="108">
<text>
<par>
<line>Ne pas privilégier l'utilisation de la</line>
<line>voiture</line></par>
</text></cell>
<cell width="1437" height="108">
<text>
<par>
<line>Prévoir de petites poches de stationnement public plutôt qu'un stationnement sur</line>
<line>voi ri e: cet espace pourra changer de vocati on</line></par>
</text></cell>
<cell width="300" height="108">
<text>
<par>
<line>X</line></par>
</text></cell>
<cell width="212" height="108">
<text>
<par/>
</text></cell>
<cell width="241" height="108">
<text>
<par>
<line>Paysage</line></par>
</text></cell></row>
<row>
<cell rowSpan="8" width="306" height="565">
<text>
<par>
<line>F avoriser les</line>
<line>transports en</line>
<line>commun et les</line>
<line>déplacements</line>
<line>doux</line></par>
</text></cell>
<cell width="693" height="108">
<text>
<par>
<line>C réer une desserte bus</line></par>
</text></cell>
<cell width="1437" height="108">
<text>
<par>
<line>Anticiper cette éventuelle desserte en imaginant le tracé et la localisation des arrêts</line>
<line>pour créer des liaisons douces di rectes vers ces futurs arrêts</line></par>
</text></cell>
<cell width="300" height="108">
<text>
<par>
<line>X</line></par>
</text></cell>
<cell width="212" height="108">
<text>
<par/>
</text></cell>
<cell width="241" height="108">
<text>
<par/>
</text></cell></row>
<row>
<cell rowSpan="4" width="693" height="282">
<text>
<par>
<line>Favoriser les chemi nements vers l es</line>
<line>équipements</line></par>
</text></cell>
<cell width="1437" height="58">
<text>
<par>
<line>C réer des voies partagées</line></par>
</text></cell>
<cell width="300" height="58">
<text>
<par>
<line>X</line></par>
</text></cell>
<cell width="212" height="58">
<text>
<par/>
</text></cell>
<cell width="241" height="58">
<text>
<par/>
</text></cell></row>
<row>
<cell width="1437" height="58">
<text>
<par>
<line>Les pistes cyclables doivent être prioritaires aux intersections</line></par>
</text></cell>
<cell width="300" height="58">
<text>
<par>
<line>X</line></par>
</text></cell>
<cell width="212" height="58">
<text>
<par/>
</text></cell>
<cell width="241" height="58">
<text>
<par/>
</text></cell></row>
<row>
<cell width="1437" height="58">
<text>
<par>
<line>I mposer des ai res de stationnement couvertes pour les vélos</line></par>
</text></cell>
<cell width="300" height="58">
<text>
<par>
<line>X</line></par>
</text></cell>
<cell width="212" height="58">
<text>
<par/>
</text></cell>
<cell width="241" height="58">
<text>
<par/>
</text></cell></row>
<row>
<cell width="1437" height="108">
<text>
<par>
<line>C réer des chemi nements doux lisibles et fl échés pour l'accès aux commerces, servi ces</line>
<line>et équipements</line></par>
</text></cell>
<cell width="300" height="108">
<text>
<par>
<line>X</line></par>
</text></cell>
<cell width="212" height="108">
<text>
<par/>
</text></cell>
<cell width="241" height="108">
<text>
<par/>
</text></cell></row>
<row>
<cell rowSpan="3" width="693" height="175">
<text>
<par>
<line>Faciliter les dépl acements des personnes</line>
<line>à mobilité réduite</line></par>
</text></cell>
<cell width="1437" height="58">
<text>
<par>
<line>C réer un accès di rect aux liaison douces depuis l es parcel l es (porti 11 ons)</line></par>
</text></cell>
<cell width="300" height="58">
<text>
<par>
<line>X</line></par>
</text></cell>
<cell width="212" height="58">
<text>
<par>
<line>X</line></par>
</text></cell>
<cell width="241" height="58">
<text>
<par/>
</text></cell></row>
<row>
<cell width="1437" height="58">
<text>
<par>
<line>Faire des chemins confortables (sécurité, aménagements, éclairage..)</line></par>
</text></cell>
<cell width="300" height="58">
<text>
<par>
<line>X</line></par>
</text></cell>
<cell width="212" height="58">
<text>
<par/>
</text></cell>
<cell width="241" height="58">
<text>
<par/>
</text></cell></row>
<row>
<cell width="1437" height="59">
<text>
<par>
<line>Sécuri ser l es traversées pi étonnes</line></par>
</text></cell>
<cell width="300" height="59">
<text>
<par>
<line>X</line></par>
</text></cell>
<cell width="212" height="59">
<text>
<par/>
</text></cell>
<cell width="241" height="59">
<text>
<par/>
</text></cell></row>
</block>
<block><region><rect/></region>
<text>
<par>
<line>Les Orientations d'Aménagement</line></par>
</text>
</block>




























</page>
<page width="3508" height="2479" resolution="300">
<block><region><rect/></region>
<text>
<par>
<line>DECHETS</line></par>
</text>
</block>
<block><region><rect/></region>
<text>
<par>
<line>7</line></par>
</text>
</block>
<block blockType="Table" blockName="" l="174" t="311" r="3309" b="1388"><region><rect/></region>
<row>
<cell width="299" height="158">
<text>
<par>
<line>ENJ EUX</line></par>
</text></cell>
<cell width="682" height="158">
<text>
<par>
<line>OBJ ECTIFS</line></par>
</text></cell>
<cell width="1415" height="158">
<text>
<par>
<line>ACTIONS</line></par>
</text></cell>
<cell width="290" height="158">
<text>
<par>
<line>Aménageur</line></par>
</text></cell>
<cell width="211" height="158">
<text>
<par>
<line>Acquéreur</line></par>
</text></cell>
<cell width="238" height="158">
<text>
<par>
<line>Inter</line></par>
<par>
<line>actions</line></par>
<par>
<line>thèmes</line></par>
</text></cell></row>
<row>
<cell rowSpan="3" width="299" height="358">
<text>
<par>
<line>Favoriser le tri</line>
<line>des déchets</line></par>
</text></cell>
<cell width="682" height="158">
<text>
<par>
<line>Favoriser l'apport volontaire et bien</line>
<line>intégrer les points d'apport volontaire</line>
<line>dans l'espace public</line></par>
</text></cell>
<cell width="1415" height="158">
<text>
<par>
<line>Réfléchir à la localisation des PAV dès le début de l'élaboration du plan masse, soit</line>
<line>pour tous l es déchets, soit pour la coll ecte sél ective seulement</line></par>
</text></cell>
<cell width="290" height="158">
<text>
<par>
<line>X</line></par>
</text></cell>
<cell width="211" height="158">
<text>
<par/>
</text></cell>
<cell width="238" height="158">
<text>
<par>
<line>Déplacement</line></par>
<par>
<line>Paysage</line></par>
</text></cell></row>
<row>
<cell width="682" height="108">
<text>
<par>
<line>Mobiliser les futurs habitants au tri</line>
<line>sélectif</line></par>
</text></cell>
<cell width="1415" height="108">
<text>
<par>
<line>I mposer l ' i ntégrati on des espaces de tri dans l ' espace pri vati f (arri ère cuisi nes..)</line></par>
</text></cell>
<cell width="290" height="108">
<text>
<par/>
</text></cell>
<cell width="211" height="108">
<text>
<par>
<line>X</line></par>
</text></cell>
<cell width="238" height="108">
<text>
<par/>
</text></cell></row>
<row>
<cell width="682" height="92">
<text>
<par>
<line>I nciter au compostage des déchets verts</line></par>
</text></cell>
<cell width="1415" height="92">
<text>
<par>
<line>Fournir des composteurs i ndi vi duel s</line></par>
</text></cell>
<cell width="290" height="92">
<text>
<par>
<line>X</line></par>
</text></cell>
<cell width="211" height="92">
<text>
<par/>
</text></cell>
<cell width="238" height="92">
<text>
<par/>
</text></cell></row>
<row>
<cell rowSpan="3" width="299" height="244">
<text>
<par>
<line>Valoriser la</line>
<line>récupération</line>
<line>des déchets</line></par>
</text></cell>
<cell width="682" height="58">
<text>
<par>
<line>Valoriser les déchets verts</line></par>
</text></cell>
<cell width="1415" height="58">
<text>
<par>
<line>Utilisation pour paillage des espaces col l ecti fs</line></par>
</text></cell>
<cell width="290" height="58">
<text>
<par>
<line>X</line></par>
</text></cell>
<cell width="211" height="58">
<text>
<par/>
</text></cell>
<cell width="238" height="58">
<text>
<par>
<line>Paysage</line></par>
</text></cell></row>
<row>
<cell width="682" height="78">
<text>
<par>
<line>Favoriser le tri des déchets de chanti er</line></par>
</text></cell>
<cell width="1415" height="78">
<text>
<par>
<line>M ettre à di sposi tion des conteneurs de tri communs</line></par>
</text></cell>
<cell width="290" height="78">
<text>
<par>
<line>X</line></par>
</text></cell>
<cell width="211" height="78">
<text>
<par>
<line>X</line></par>
</text></cell>
<cell width="238" height="78">
<text>
<par/>
</text></cell></row>
<row>
<cell width="682" height="108">
<text>
<par>
<line>Réfléchir à l'utilisation des matériaux</line>
<line>recyclés</line></par>
</text></cell>
<cell width="1415" height="108">
<text>
<par>
<line>Rechercher l es possi bilités exi stantes pour chaque matéri au</line></par>
</text></cell>
<cell width="290" height="108">
<text>
<par>
<line>X</line></par>
</text></cell>
<cell width="211" height="108">
<text>
<par>
<line>X</line></par>
</text></cell>
<cell width="238" height="108">
<text>
<par/>
</text></cell></row>
<row>
<cell rowSpan="2" width="299" height="208">
<text>
<par>
<line>Réduire la</line>
<line>production de</line>
<line>déchets à la</line>
<line>source</line></par>
</text></cell>
<cell width="682" height="64">
<text>
<par>
<line>Réduire le volume des déchets verts</line></par>
</text></cell>
<cell width="1415" height="64">
<text>
<par>
<line>E ncourager l es pl antati ons générant peu de déchets verts; mulchi ng pour l a pel ouse</line></par>
</text></cell>
<cell width="290" height="64">
<text>
<par>
<line>X</line></par>
</text></cell>
<cell width="211" height="64">
<text>
<par>
<line>X</line></par>
</text></cell>
<cell width="238" height="64">
<text>
<par>
<line>Paysage</line></par>
</text></cell></row>
<row>
<cell width="682" height="144">
<text>
<par>
<line>Réduire les transports de terre lors du</line>
<line>chantier</line></par>
</text></cell>
<cell width="1415" height="144">
<text>
<par>
<line>M odel er l es espaces paysagers en favori sant une réuti lisation sur pl ace des terres</line></par>
</text></cell>
<cell width="290" height="144">
<text>
<par>
<line>X</line></par>
</text></cell>
<cell width="211" height="144">
<text>
<par>
<line>X</line></par>
</text></cell>
<cell width="238" height="144">
<text>
<par>
<line>Energie</line></par>
</text></cell></row>
<row>
<cell width="299" height="109">
<text>
<par>
<line>Réduire les</line>
<line>déplacements</line></par>
</text></cell>
<cell width="682" height="109">
<text>
<par>
<line>Organi ser rati onnel l ement la coll ecte</line></par>
</text></cell>
<cell width="1415" height="109">
<text>
<par>
<line>Eviter les pl acettes et les allers retours dans l a même voie; veiller à l'accès facile des</line>
<line>bennes</line></par>
</text></cell>
<cell width="290" height="109">
<text>
<par>
<line>X</line></par>
</text></cell>
<cell width="211" height="109">
<text>
<par/>
</text></cell>
<cell width="238" height="109">
<text>
<par>
<line>Déplacement</line></par>
</text></cell></row>
</block>
<block><region><rect/></region>
<text>
<par>
<line>Les Orientations d'Aménagement</line></par>
</text>
</block>




















</page>
<page width="3508" height="2479" resolution="300">
<block><region><rect/></region>
<text>
<par>
<line>L'EAU</line></par>
</text>
</block>
<block><region><rect/></region>
<text>
<par>
<line>8</line></par>
</text>
</block>
<block blockType="Table" blockName="" l="174" t="311" r="3299" b="1712"><region><rect/></region>
<row>
<cell width="299" height="158">
<text>
<par>
<line>ENJ EUX</line></par>
</text></cell>
<cell width="681" height="158">
<text>
<par>
<line>OBJ ECTIFS</line></par>
</text></cell>
<cell width="1416" height="158">
<text>
<par>
<line>ACTIONS</line></par>
</text></cell>
<cell width="290" height="158">
<text>
<par>
<line>Aménageur</line></par>
</text></cell>
<cell width="212" height="158">
<text>
<par>
<line>Acquéreur</line></par>
</text></cell>
<cell width="227" height="158">
<text>
<par>
<line>Inter</line></par>
<par>
<line>actions</line></par>
<par>
<line>thèmes</line></par>
</text></cell></row>
<row>
<cell rowSpan="9" width="299" height="808">
<text>
<par>
<line>Limiter les</line>
<line>rejets d'eaux</line>
<line>pluviales</line></par>
</text></cell>
<cell width="681" height="108">
<text>
<par>
<line>Prise en compte de la capacité</line>
<line>spécifique d'infiltration du sol</line></par>
</text></cell>
<cell width="1416" height="108">
<text>
<par>
<line>Choix de matéri aux de revêtement permettant l'infil trati on l ocal ement</line></par>
</text></cell>
<cell width="290" height="108">
<text>
<par>
<line>X</line></par>
</text></cell>
<cell width="212" height="108">
<text>
<par/>
</text></cell>
<cell width="227" height="108">
<text>
<par/>
</text></cell></row>
<row>
<cell rowSpan="5" width="681" height="326">
<text>
<par/>
</text></cell>
<cell width="1416" height="76">
<text>
<par>
<line>Gestion des eaux la plus aéri enne possi ble pour augmenter l es surfaces de contact</line></par>
</text></cell>
<cell width="290" height="76">
<text>
<par/>
</text></cell>
<cell width="212" height="76">
<text>
<par>
<line>X</line></par>
</text></cell>
<cell width="227" height="76">
<text>
<par/>
</text></cell></row>
<row>
<cell width="1416" height="58">
<text>
<par>
<line>Ral l onger l e parcours de l'eau</line></par>
</text></cell>
<cell width="290" height="58">
<text>
<par>
<line>X</line></par>
</text></cell>
<cell width="212" height="58">
<text>
<par/>
</text></cell>
<cell width="227" height="58">
<text>
<par/>
</text></cell></row>
<row>
<cell width="1416" height="76">
<text>
<par>
<line>Exploiter la topographi e pour la régulati on des eaux pl uvi al es: conserver l es tal wegs</line></par>
</text></cell>
<cell width="290" height="76">
<text>
<par>
<line>X</line></par>
</text></cell>
<cell width="212" height="76">
<text>
<par/>
</text></cell>
<cell width="227" height="76">
<text>
<par>
<line>Paysage</line></par>
</text></cell></row>
<row>
<cell width="1416" height="58">
<text>
<par>
<line>Gérer en cascade les intensités de pluie</line></par>
</text></cell>
<cell width="290" height="58">
<text>
<par>
<line>X</line></par>
</text></cell>
<cell width="212" height="58">
<text>
<par>
<line>X</line></par>
</text></cell>
<cell width="227" height="58">
<text>
<par/>
</text></cell></row>
<row>
<cell width="1416" height="58">
<text>
<par>
<line>Limiter les surfaces i mperméabi l i sées</line></par>
</text></cell>
<cell width="290" height="58">
<text>
<par>
<line>X</line></par>
</text></cell>
<cell width="212" height="58">
<text>
<par>
<line>X</line></par>
</text></cell>
<cell width="227" height="58">
<text>
<par/>
</text></cell></row>
<row>
<cell rowSpan="3" width="681" height="374">
<text>
<par>
<line>Réduire les débits collectés et gérer les</line>
<line>eaux pluviales</line></par>
</text></cell>
<cell width="1416" height="76">
<text>
<par>
<line>Permettre les toitures terrasses avec stockage et végétalisation;</line></par>
</text></cell>
<cell width="290" height="76">
<text>
<par>
<line>X</line></par>
</text></cell>
<cell width="212" height="76">
<text>
<par>
<line>X</line></par>
</text></cell>
<cell width="227" height="76">
<text>
<par>
<line>Paysage</line></par>
</text></cell></row>
<row>
<cell width="1416" height="76">
<text>
<par>
<line>Autoriser les cuves de récupérati on d'eaux pluviales ou les i mposer</line></par>
</text></cell>
<cell width="290" height="76">
<text>
<par>
<line>X</line></par>
</text></cell>
<cell width="212" height="76">
<text>
<par>
<line>X</line></par>
</text></cell>
<cell width="227" height="76">
<text>
<par/>
</text></cell></row>
<row>
<cell width="1416" height="222">
<text>
<par>
<line>P réserver les zones humides s'il y en a: les val oriser comme él ément structurant</line></par>
</text></cell>
<cell width="290" height="222">
<text>
<par>
<line>X</line></par>
</text></cell>
<cell width="212" height="222">
<text>
<par/>
</text></cell>
<cell width="227" height="222">
<text>
<par>
<line>Biodiversité</line></par>
</text></cell></row>
<row>
<cell rowSpan="2" width="299" height="258">
<text>
<par>
<line>Economiser la</line>
<line>ressource en</line></par>
<par>
<line>eau</line></par>
</text></cell>
<cell rowSpan="2" width="681" height="258">
<text>
<par>
<line>Réduire la consommation d'eau</line></par>
</text></cell>
<cell width="1416" height="126">
<text>
<par>
<line>Concevoir des espaces verts sans arrosage ou utiliser les eaux de pluie récupérées</line>
<line>pour l'arrosage (à l'échel le du l oti ssement ou de la parcel l e)</line></par>
</text></cell>
<cell width="290" height="126">
<text>
<par>
<line>X</line></par>
</text></cell>
<cell width="212" height="126">
<text>
<par>
<line>X</line></par>
</text></cell>
<cell width="227" height="126">
<text>
<par/>
</text></cell></row>
<row>
<cell width="1416" height="132">
<text>
<par>
<line>Inciter à maitriser la consommati on d'eau dans l ' habi tat: matéri el s économes en eau</line></par>
</text></cell>
<cell width="290" height="132">
<text>
<par/>
</text></cell>
<cell width="212" height="132">
<text>
<par>
<line>X</line></par>
</text></cell>
<cell width="227" height="132">
<text>
<par/>
</text></cell></row>
<row>
<cell rowSpan="2" width="299" height="177">
<text>
<par>
<line>M aîtriser les</line>
<line>pollutions</line></par>
</text></cell>
<cell rowSpan="2" width="681" height="177">
<text>
<par>
<line>Réduire au maximum les rejets</line>
<line>pol l uants au milieu naturel</line></par>
</text></cell>
<cell width="1416" height="108">
<text>
<par>
<line>T ransi t des eaux pl uvi al es par des espaces végétal isés pour fixer les pollutions par les</line>
<line>végétaux (noue, bassins, toitures..)</line></par>
</text></cell>
<cell width="290" height="108">
<text>
<par>
<line>X</line></par>
</text></cell>
<cell width="212" height="108">
<text>
<par>
<line>X</line></par>
</text></cell>
<cell width="227" height="108">
<text>
<par>
<line>Paysage et</line>
<line>biodiversité</line></par>
</text></cell></row>
<row>
<cell width="1416" height="69">
<text>
<par>
<line>Décantation, filtration des eaux de chantier: aire de nettoyage à prévoir</line></par>
</text></cell>
<cell width="290" height="69">
<text>
<par>
<line>X</line></par>
</text></cell>
<cell width="212" height="69">
<text>
<par/>
</text></cell>
<cell width="227" height="69">
<text>
<par/>
</text></cell></row>
</block>
<block><region><rect/></region>
<text>
<par>
<line>Les Orientations d'Aménagement</line></par>
</text>
</block>




















</page>
<page width="3508" height="2479" resolution="300">
<block><region><rect/></region>
<text>
<par>
<line>9</line></par>
</text>
<text>
<par>
<line>PAYSAGES ET BIODIVERSITE</line></par>
</text>
</block>
<block blockType="Table" blockName="" l="172" t="311" r="3299" b="1672"><region><rect/></region>
<row>
<cell width="301" height="158">
<text>
<par>
<line>ENJ EUX</line></par>
</text></cell>
<cell width="674" height="158">
<text>
<par>
<line>OBJ ECTIFS</line></par>
</text></cell>
<cell width="1424" height="158">
<text>
<par>
<line>ACTIONS</line></par>
</text></cell>
<cell width="290" height="158">
<text>
<par>
<line>Aménageur</line></par>
</text></cell>
<cell width="211" height="158">
<text>
<par>
<line>Acquéreur</line></par>
</text></cell>
<cell width="227" height="158">
<text>
<par>
<line>Inter</line></par>
<par>
<line>actions</line></par>
<par>
<line>thèmes</line></par>
</text></cell></row>
<row>
<cell rowSpan="3" width="301" height="224">
<text>
<par>
<line>P réserver les</line>
<line>écosystèmes et</line>
<line>favoriser la</line>
<line>biodiversité</line></par>
</text></cell>
<cell rowSpan="3" width="674" height="224">
<text>
<par>
<line>Concevoir des espaces verts favorisant</line>
<line>la biodiversité</line></par>
</text></cell>
<cell width="1424" height="108">
<text>
<par>
<line>Créer au moins 2 types d'aménagements paysagers sur un même projet (graminées,</line>
<line>arbustes, arbres^ humides, secs)</line></par>
</text></cell>
<cell width="290" height="108">
<text>
<par>
<line>X</line></par>
</text></cell>
<cell width="211" height="108">
<text>
<par/>
</text></cell>
<cell width="227" height="108">
<text>
<par/>
</text></cell></row>
<row>
<cell width="1424" height="58">
<text>
<par>
<line>Choisir des pl antes nourri ssantes pour l a faune</line></par>
</text></cell>
<cell width="290" height="58">
<text>
<par>
<line>X</line></par>
</text></cell>
<cell width="211" height="58">
<text>
<par>
<line>X</line></par>
</text></cell>
<cell width="227" height="58">
<text>
<par/>
</text></cell></row>
<row>
<cell width="1424" height="58">
<text>
<par>
<line>Diversifier la place du végétal: toitures, façades</line></par>
</text></cell>
<cell width="290" height="58">
<text>
<par>
<line>X</line></par>
</text></cell>
<cell width="211" height="58">
<text>
<par>
<line>X</line></par>
</text></cell>
<cell width="227" height="58">
<text>
<par/>
</text></cell></row>
<row>
<cell rowSpan="5" width="301" height="440">
<text>
<par>
<line>C réer des</line>
<line>espaces verts</line>
<line>économes et</line>
<line>durables</line></par>
</text></cell>
<cell rowSpan="3" width="674" height="224">
<text>
<par>
<line>Limiter l'entretien et la production de</line>
<line>déchets verts</line></par>
</text></cell>
<cell width="1424" height="108">
<text>
<par>
<line>Des espaces verts adaptés aux usages et aux expositions, rustiques avec des espèces</line>
<line>locales</line></par>
</text></cell>
<cell width="290" height="108">
<text>
<par>
<line>X</line></par>
</text></cell>
<cell width="211" height="108">
<text>
<par>
<line>X</line></par>
</text></cell>
<cell width="227" height="108">
<text>
<par/>
</text></cell></row>
<row>
<cell width="1424" height="58">
<text>
<par>
<line>T rouver des alternatives au gazon</line></par>
</text></cell>
<cell width="290" height="58">
<text>
<par>
<line>X</line></par>
</text></cell>
<cell width="211" height="58">
<text>
<par>
<line>X</line></par>
</text></cell>
<cell width="227" height="58">
<text>
<par/>
</text></cell></row>
<row>
<cell width="1424" height="58">
<text>
<par>
<line>P révoi r des pl antati ons adaptées à l a modifi cati on du cli mat</line></par>
</text></cell>
<cell width="290" height="58">
<text>
<par>
<line>X</line></par>
</text></cell>
<cell width="211" height="58">
<text>
<par>
<line>X</line></par>
</text></cell>
<cell width="227" height="58">
<text>
<par>
<line>Paysage</line></par>
</text></cell></row>
<row>
<cell width="674" height="108">
<text>
<par>
<line>Eviter l'utilisation de produits</line>
<line>phytosanitaires</line></par>
</text></cell>
<cell width="1424" height="108">
<text>
<par>
<line>Prévoir des plantations résistantes aux maladies et ravageurs</line></par>
</text></cell>
<cell width="290" height="108">
<text>
<par>
<line>X</line></par>
</text></cell>
<cell width="211" height="108">
<text>
<par>
<line>X</line></par>
</text></cell>
<cell width="227" height="108">
<text>
<par/>
</text></cell></row>
<row>
<cell width="674" height="108">
<text>
<par>
<line>Favoriser la rétention d'eau pour</line>
<line>recharger les nappes</line></par>
</text></cell>
<cell width="1424" height="108">
<text>
<par>
<line>Favoriser les espaces verts récepteurs d'eaux pl uvi al es dans l e tal weg</line></par>
</text></cell>
<cell width="290" height="108">
<text>
<par>
<line>X</line></par>
</text></cell>
<cell width="211" height="108">
<text>
<par/>
</text></cell>
<cell width="227" height="108">
<text>
<par/>
</text></cell></row>
<row>
<cell width="301" height="76">
<text>
<par>
<line>C réer des</line></par>
</text></cell>
<cell width="674" height="76">
<text>
<par>
<line>C réer de l ' ombre et de la fraîcheur</line></par>
</text></cell>
<cell width="1424" height="76">
<text>
<par>
<line>Favoriser la créati on d'espaces publ i cs ombragés; j ouer avec l ' eau</line></par>
</text></cell>
<cell width="290" height="76">
<text>
<par>
<line>X</line></par>
</text></cell>
<cell width="211" height="76">
<text>
<par/>
</text></cell>
<cell width="227" height="76">
<text>
<par/>
</text></cell></row>
<row>
<cell rowSpan="3" width="301" height="192">
<text>
<par>
<line>espaces adaptés</line>
<line>et utiles</line></par>
</text></cell>
<cell rowSpan="3" width="674" height="192">
<text>
<par>
<line>C réer des espaces de rencontre</line></par>
</text></cell>
<cell width="1424" height="58">
<text>
<par>
<line>Conserver ou planter des arbres fruitiers</line></par>
</text></cell>
<cell width="290" height="58">
<text>
<par>
<line>X</line></par>
</text></cell>
<cell width="211" height="58">
<text>
<par>
<line>X</line></par>
</text></cell>
<cell width="227" height="58">
<text>
<par/>
</text></cell></row>
<row>
<cell width="1424" height="76">
<text>
<par>
<line>G érer l es eaux pl uviales dans l es espaces paysagers de loisirs</line></par>
</text></cell>
<cell width="290" height="76">
<text>
<par>
<line>X</line></par>
</text></cell>
<cell width="211" height="76">
<text>
<par/>
</text></cell>
<cell width="227" height="76">
<text>
<par/>
</text></cell></row>
<row>
<cell width="1424" height="58">
<text>
<par>
<line>G érer les nui sances visuelles par des écrans paysagers</line></par>
</text></cell>
<cell width="290" height="58">
<text>
<par>
<line>X</line></par>
</text></cell>
<cell width="211" height="58">
<text>
<par/>
</text></cell>
<cell width="227" height="58">
<text>
<par/>
</text></cell></row>
<row>
<cell width="301" height="108">
<text>
<par>
<line>Valoriser le</line>
<line>paysage existant</line></par>
</text></cell>
<cell width="674" height="108">
<text>
<par>
<line>Protéger le patrimoine arboré</line></par>
</text></cell>
<cell width="1424" height="108">
<text>
<par>
<line>Préserver les arbres remarquables après avoir dressé un état phytosanitaire: aucun</line>
<line>aménagement à l'aplomb de leur houppier</line></par>
</text></cell>
<cell width="290" height="108">
<text>
<par>
<line>X</line></par>
</text></cell>
<cell width="211" height="108">
<text>
<par/>
</text></cell>
<cell width="227" height="108">
<text>
<par/>
</text></cell></row>
<row>
<cell width="301" height="163">
<text>
<par>
<line>Veiller à la</line>
<line>qualité du</line>
<line>paysage urbain</line></par>
</text></cell>
<cell width="674" height="163">
<text>
<par>
<line>Eviter la banal isation de l'espace</line></par>
</text></cell>
<cell width="1424" height="163">
<text>
<par>
<line>So i gner la qualité archi tectural e et la di versi té des bâti ments</line></par>
</text></cell>
<cell width="290" height="163">
<text>
<par/>
</text></cell>
<cell width="211" height="163">
<text>
<par>
<line>X</line></par>
</text></cell>
<cell width="227" height="163">
<text>
<par/>
</text></cell></row>
</block>
<block><region><rect/></region>
<text>
<par>
<line>Les Orientations d'Aménagement</line></par>
</text>
</block>


























</page>
<page width="3508" height="2479" resolution="300">
<block><region><rect/></region>
<text>
<par>
<line>BRUIT NUISANCES</line></par>
</text>
</block>
<block><region><rect/></region>
<text>
<par>
<line>10</line></par>
</text>
</block>
<block blockType="Table" blockName="" l="172" t="311" r="3291" b="1008"><region><rect/></region>
<row>
<cell width="301" height="162">
<text>
<par>
<line>ENJ EUX</line></par>
</text></cell>
<cell width="673" height="162">
<text>
<par>
<line>OBJ ECTIFS</line></par>
</text></cell>
<cell width="1426" height="162">
<text>
<par>
<line>ACTIONS</line></par>
</text></cell>
<cell width="290" height="162">
<text>
<par>
<line>Aménageur</line></par>
</text></cell>
<cell width="210" height="162">
<text>
<par>
<line>Acquéreur</line></par>
</text></cell>
<cell width="219" height="162">
<text>
<par>
<line>Inter</line></par>
<par>
<line>actions</line></par>
<par>
<line>thèmes</line></par>
</text></cell></row>
<row>
<cell rowSpan="2" width="301" height="164">
<text>
<par>
<line>Réduire les</line>
<line>nuisances à la</line>
<line>source</line></par>
</text></cell>
<cell rowSpan="2" width="673" height="164">
<text>
<par>
<line>Réduire les bruits routiers</line></par>
</text></cell>
<cell width="1426" height="86">
<text>
<par>
<line>Aj uster l a l argeur des voies au trafi c envi sagé ou l a rédui re pour limiter le trafi c</line></par>
</text></cell>
<cell width="290" height="86">
<text>
<par>
<line>X</line></par>
</text></cell>
<cell width="210" height="86">
<text>
<par/>
</text></cell>
<cell width="219" height="86">
<text>
<par/>
</text></cell></row>
<row>
<cell width="1426" height="78">
<text>
<par>
<line>Préférer les giratoires aux carrefours (moins d'à-coups)</line></par>
</text></cell>
<cell width="290" height="78">
<text>
<par>
<line>X</line></par>
</text></cell>
<cell width="210" height="78">
<text>
<par>
<line>X</line></par>
</text></cell>
<cell width="219" height="78">
<text>
<par/>
</text></cell></row>
<row>
<cell rowSpan="3" width="301" height="258">
<text>
<par>
<line>Tenir compte de</line>
<line>l'habitat</line>
<line>existant en</line>
<line>périphérie de</line>
<line>l'opération</line></par>
</text></cell>
<cell rowSpan="3" width="673" height="258">
<text>
<par>
<line>Ne créer qu'un minimum de gène aux</line>
<line>riverains et ne pas avoir à reconstruire</line>
<line>des voies et des réseaux déj à exi stants</line></par>
</text></cell>
<cell width="1426" height="86">
<text>
<par>
<line>Prévoir si possible un accès chantier à l'écart des riverains</line></par>
</text></cell>
<cell width="290" height="86">
<text>
<par>
<line>X</line></par>
</text></cell>
<cell width="210" height="86">
<text>
<par>
<line>X</line></par>
</text></cell>
<cell width="219" height="86">
<text>
<par/>
</text></cell></row>
<row>
<cell width="1426" height="86">
<text>
<par>
<line>P révoi r des pl antati ons champêtres en limite d'opérati on</line></par>
</text></cell>
<cell width="290" height="86">
<text>
<par>
<line>X</line></par>
</text></cell>
<cell width="210" height="86">
<text>
<par>
<line>X</line></par>
</text></cell>
<cell width="219" height="86">
<text>
<par>
<line>Paysage</line></par>
</text></cell></row>
<row>
<cell width="1426" height="86">
<text>
<par>
<line>P révoi r des pl antati ons adaptées à l a modifi cati on du cli mat</line></par>
</text></cell>
<cell width="290" height="86">
<text>
<par>
<line>X</line></par>
</text></cell>
<cell width="210" height="86">
<text>
<par>
<line>X</line></par>
</text></cell>
<cell width="219" height="86">
<text>
<par/>
</text></cell></row>
<row>
<cell width="301" height="113">
<text>
<par>
<line>Veiller au</line>
<line>confort</line></par>
</text></cell>
<cell width="673" height="113">
<text>
<par>
<line>Ne pas créer de gène</line></par>
</text></cell>
<cell width="1426" height="113">
<text>
<par>
<line>Eviter les pollens allergi sants dans le choix des espèces pl antées</line></par>
</text></cell>
<cell width="290" height="113">
<text>
<par>
<line>X</line></par>
</text></cell>
<cell width="210" height="113">
<text>
<par/>
</text></cell>
<cell width="219" height="113">
<text>
<par/>
</text></cell></row>
</block>
<block><region><rect/></region>
<text>
<par>
<line>LE SOL</line></par>
</text>
</block>
<block blockType="Table" blockName="" l="168" t="1169" r="3291" b="1942"><region><rect/></region>
<row>
<cell width="305" height="162">
<text>
<par>
<line>ENJ EUX</line></par>
</text></cell>
<cell width="673" height="162">
<text>
<par>
<line>OBJ ECTIFS</line></par>
</text></cell>
<cell width="1426" height="162">
<text>
<par>
<line>ACTIONS</line></par>
</text></cell>
<cell width="289" height="162">
<text>
<par>
<line>Aménageur</line></par>
</text></cell>
<cell width="211" height="162">
<text>
<par>
<line>Acquéreur</line></par>
</text></cell>
<cell width="219" height="162">
<text>
<par>
<line>Inter</line></par>
<par>
<line>actions</line></par>
<par>
<line>thèmes</line></par>
</text></cell></row>
<row>
<cell rowSpan="2" width="305" height="194">
<text>
<par>
<line>Réduire la</line>
<line>déstructuration</line>
<line>des sols en place</line></par>
</text></cell>
<cell width="673" height="86">
<text>
<par>
<line>Limiter les terrassements</line></par>
</text></cell>
<cell width="1426" height="86">
<text>
<par>
<line>Caler le projet à une al ti métri e la plus proche possi bl e de celle du milieu naturel</line></par>
</text></cell>
<cell width="289" height="86">
<text>
<par>
<line>X</line></par>
</text></cell>
<cell width="211" height="86">
<text>
<par/>
</text></cell>
<cell width="219" height="86">
<text>
<par/>
</text></cell></row>
<row>
<cell width="673" height="108">
<text>
<par>
<line>Gestion des déblais et remblais sur le</line>
<line>site</line></par>
</text></cell>
<cell width="1426" height="108">
<text>
<par>
<line>Limiter les mouvements de terres, optimiser les déblais avec les remblais selon la</line>
<line>nature des sols en place</line></par>
</text></cell>
<cell width="289" height="108">
<text>
<par>
<line>X</line></par>
</text></cell>
<cell width="211" height="108">
<text>
<par>
<line>X</line></par>
</text></cell>
<cell width="219" height="108">
<text>
<par/>
</text></cell></row>
<row>
<cell rowSpan="4" width="305" height="417">
<text>
<par>
<line>P réserver la</line>
<line>qualité des sols</line>
<line>en place</line></par>
</text></cell>
<cell width="673" height="108">
<text>
<par>
<line>Ne pas contaminer un sol sain par des</line>
<line>matéri aux d'apport i mpactant le mil ieu</line></par>
</text></cell>
<cell width="1426" height="108">
<text>
<par>
<line>E xi ger des tests sur les matéri aux de rembl ai</line></par>
</text></cell>
<cell width="289" height="108">
<text>
<par>
<line>X</line></par>
</text></cell>
<cell width="211" height="108">
<text>
<par/>
</text></cell>
<cell width="219" height="108">
<text>
<par/>
</text></cell></row>
<row>
<cell width="673" height="158">
<text>
<par>
<line>Garantir la qualité des aménagements</line>
<line>paysagers ultérieurs et leur valeur</line>
<line>écologique</line></par>
</text></cell>
<cell width="1426" height="158">
<text>
<par>
<line>Veiller à conserver l a qual ité de la terre végétal e durant l e chanti er</line></par>
</text></cell>
<cell width="289" height="158">
<text>
<par/>
</text></cell>
<cell width="211" height="158">
<text>
<par/>
</text></cell>
<cell width="219" height="158">
<text>
<par/>
</text></cell></row>
<row>
<cell rowSpan="2" width="673" height="151">
<text>
<par>
<line>Conserver un sol vivant avec son</line>
<line>potentiel agronomique</line></par>
</text></cell>
<cell width="1426" height="68">
<text>
<par>
<line>Limiter l'imperméabilisation au maximum</line></par>
</text></cell>
<cell width="289" height="68">
<text>
<par/>
</text></cell>
<cell width="211" height="68">
<text>
<par/>
</text></cell>
<cell width="219" height="68">
<text>
<par/>
</text></cell></row>
<row>
<cell width="1426" height="83">
<text>
<par>
<line>Veiller à réuti liser la total ité de la terre végétal e pour des espaces verts ou cultivés</line></par>
</text></cell>
<cell width="289" height="83">
<text>
<par/>
</text></cell>
<cell width="211" height="83">
<text>
<par/>
</text></cell>
<cell width="219" height="83">
<text>
<par/>
</text></cell></row>
</block>
<block><region><rect/></region>
<text>
<par>
<line>Les Orientations d'Aménagement</line></par>
</text>
</block>

























</page>
<page width="3812" height="2694" resolution="326">
<block><region><rect/></region>
<text>
<par>
<line>% LA COM POSITION URBAINE</line></par>
</text>
</block>
<block><region><rect/></region>
<text>
<par>
<line>11</line></par>
</text>
</block>
<block><region><rect/></region>
<text>
<par>
<line>Afin de contribuer à la qualité de vie des futurs occupants, un soin particulier sera apporté à l'implantation des constructions. En effet, une implantation de la maison et de ses annexes</line>
<line>sur limites séparati ves au plus près de la voie ou en fond de parcel le, selon l'enso leill ement et l e vent permet :</line></par>
<par>
<line>^ de favoriser les économies d'énergies,</line></par>
<par>
<line>^ d'utiliser de manière optimale l'espace réservé au jardin, favorisant ainsi l'implantation d'arbres de hautes tiges,</line></par>
<par>
<line>^ de réduire les vis-à-vis entre vo i si ns, en favo ri sant l ' aménagement d'espaces i nti mes peu percepti bl es depu is les parcel les limitro phes.</line></par>
</text>
</block>
<block><region><rect/></region>
<text>
<par>
<line>Pavillon en milieu de parcelle à proscrire</line></par>
</text>
</block>
<block><region><rect/></region>
<text>
<par>
<line>Implantation du bâti a privilégier</line></par>
</text>
</block>
<block><region><rect/></region>
<text>
<par/>
</text>
</block>
<block><region><rect/></region>
<text>
<par>
<line>Sp</line></par>
</text>
</block>
<block><region><rect/></region>
<text>
<par>
<line>I</line></par>
</text>
</block>
<block><region><rect/></region>
<text>
<par/>
</text>
</block>
<block><region><rect/></region>
<text>
<par/>
</text>
</block>
<block><region><rect/></region>
<text>
<par/>
</text>
</block>
<block><region><rect/></region>
<text>
<par/>
</text>
</block>
<block><region><rect/></region>
<text>
<par/>
</text>
</block>
<block><region><rect/></region>
<text>
<par/>
</text>
</block>
<block><region><rect/></region>
<text>
<par/>
</text>
</block>
<block><region><rect/></region>
<text>
<par/>
</text>
</block>
<block><region><rect/></region>
<text>
<par/>
</text>
</block>
<block><region><rect/></region>
<text>
<par>
<line>Uniformité, banalisation de l’espace,</line></par>
</text>
</block>
<block><region><rect/></region>
<text>
<par>
<line>accès soumis aux intempéries, entrée</line></par>
</text>
</block>
<block><region><rect/></region>
<text>
<par>
<line>inhospitalière. Jardin inutilisable.</line></par>
</text>
</block>
<block><region><rect/></region>
<text>
<par>
<line>annexes inesthétiques, peu de</line></par>
</text>
</block>
<block><region><rect/></region>
<text>
<par>
<line>possibilité d extension ou de création</line></par>
</text>
</block>
<block><region><rect/></region>
<text>
<par>
<line>dannexes</line></par>
</text>
</block>
<block><region><rect/></region>
<text>
<par/>
</text>
</block>
<block><region><rect/></region>
<text>
<par>
<line>p^O-te.C-tAyLC^., .</line></par>
</text>
</block>
<block><region><rect/></region>
<text>
<par/>
</text>
</block>
<block><region><rect/></region>
<text>
<par>
<line>V</line></par>
</text>
</block>
<block><region><rect/></region>
<text>
<par/>
</text>
</block>
<block><region><rect/></region>
<text>
<par/>
</text>
</block>
<block><region><rect/></region>
<text>
<par/>
</text>
</block>
<block><region><rect/></region>
<text>
<par/>
</text>
</block>
<block><region><rect/></region>
<text>
<par>
<line>\</line></par>
</text>
</block>
<block><region><rect/></region>
<text>
<par>
<line>O</line></par>
</text>
</block>
<block><region><rect/></region>
<text>
<par>
<line>\</line></par>
</text>
</block>
<block><region><rect/></region>
<text>
<par>
<line>abiUtée du vent</line></par>
</text>
</block>
<block><region><rect/></region>
<text>
<par>
<line>L'objectif est de limiter l'étalement urbain et de permettre de meilleures performances énergétiques, tout en renouvelant les formes urbaines :</line></par>
</text>
</block>
<block><region><rect/></region>
<text>
<par>
<line>^ Prévoir une densité de construction prenant en compte les objectifs de mixité sociale et de gestion économe de l'espace</line>
<line>^ L'ali gnement sur la voie et en limite parcel laire doit être possi bl e</line></par>
</text>
</block>
<block><region><rect/></region>
<text>
<par>
<line>Les Orientations d'Aménagement</line></par>
</text>
</block>






</page>
<page width="3508" height="2479" resolution="300">
<block><region><rect/></region>
<text>
<par>
<line>% LA VOIRIE</line></par>
</text>
</block>
<block><region><rect/></region>
<text>
<par>
<line>12</line></par>
</text>
</block>
<block><region><rect/></region>
<text>
<par>
<line>^ Les voies circulées devront avoir des largeurs et des aménagements différents en fonction de leur statut</line>
<line>^ Privilégier les revêtements perméables</line>
<line>^ Des liaisons douces (piétons-vélos) doivent être créées</line>
<line>^ L es quarti ers do i vent être rel i és entre eux</line></par>
</text>
</block>
<block><region><rect/></region>
<text>
<par>
<line>.B 4</line></par>
</text>
</block>
<block><region><rect/></region>
<text>
<par>
<line>r</line></par>
</text>
</block>
<block><region><rect/></region>
<text>
<par>
<line>"Tll</line></par>
</text>
</block>
<block><region><rect/></region>
<text>
<par>
<line>^ i</line></par>
</text>
</block>
<block><region><rect/></region>
<text>
<par/>
</text>
</block>
<block><region><rect/></region>
<text>
<par>
<line>fe LES ECONOMIES D'ENERGIE</line></par>
</text>
</block>
<block><region><rect/></region>
<text>
<par>
<line>^ Favoriser l'implantation opti male des constructions par rapport à l 'ensolei 11ement et aux vents domi nants</line>
<line>^ E tudi er l es ombres portées pour mieux i mpl anter l es constructi ons</line>
<line>^ Favoriser les énergies renouvelables (photovoltaïque, panneaux solaires..)</line></par>
<par>
<line>^ Limiter l'éclairage public</line></par>
</text>
</block>
<block><region><rect/></region>
<text>
<par>
<line>Le solaire photovoltaïque</line></par>
</text>
</block>
<block><region><rect/></region>
<text>
<par/>
</text>
</block>
<block><region><rect/></region>
<text>
<par/>
</text>
</block>
<block><region><rect/></region>
<text>
<par/>
</text>
</block>
<block><region><rect/></region>
<text>
<par/>
</text>
</block>
<block><region><rect/></region>
<text>
<par>
<line>:</line></par>
</text>
</block>
<block><region><rect/></region>
<text>
<par/>
</text>
</block>
<block><region><rect/></region>
<text>
<par>
<line>Du site Eso e a a marsan</line></par>
</text>
</block>
<block><region><rect/></region>
<text>
<par>
<line>indivjdue fâ...</line></par>
</text>
</block>
<block><region><rect/></region>
<text>
<par>
<line>ir-J</line></par>
</text>
</block>
<block><region><rect/></region>
<text>
<par/>
</text>
</block>
<block><region><rect/></region>
<text>
<par>
<line>Les Orientations d'Aménagement</line></par>
</text>
</block>

















<block blockType="Picture" blockName="" l="2243" t="2011" r="2487" b="2172"><region><rect/></region>
</block>
<block blockType="Picture" blockName="" l="1602" t="1738" r="1995" b="2002"><region><rect/></region>
</block>
<block blockType="Picture" blockName="" l="1295" t="823" r="1392" b="903"><region><rect/></region>
</block>
</page>
<page width="3508" height="2479" resolution="300">
<block><region><rect/></region>
<text>
<par>
<line>% L'EAU</line></par>
</text>
</block>
<block><region><rect/></region>
<text>
<par>
<line>13</line></par>
</text>
</block>
<block><region><rect/></region>
<text>
<par>
<line>Dans les opérations d'ensemble, des techniques alternatives peuvent âre âudiées :</line></par>
<par>
<line>L i mi ter I ' i mperméabi I i sati on des espaces pubi i es, des voi es et des ci rcul ati ons douces (Voi ri es drai nantes ou f i I trantes).</line>
<line>A i re de stati onnement en ever-green</line></par>
<par>
<line>Réseau de col I ecte à ci el ouvert qui s'i ntègre à I ' envi ronnement naturel (type bassi n, fossés, noues végâal es)</line></par>
<par>
<line>B assi n d'i nf i I trati on ou de stockage</line>
<line>Toituresterrassesvégâalisées.</line></par>
</text>
</block>
<block><region><rect/></region>
<text>
<par>
<line>11 s'agi t de préserver I e bon âat écol ogi que de I ' eau, et de récupérer et réuti I i ser I es eaux pi uvi al es et usées</line>
<line>E ncourager une gesti on des eaux pi uvi al es à I a parcel I e</line></par>
</text>
</block>
<block><region><rect/></region>
<text>
<par>
<line>M&amp;ttre en place des systèmes de récupération de Teau de pluie</line>
<line>et des appareiis économes</line></par>
</text>
</block>
<block><region><rect/></region>
<text>
<par>
<line>Des</line></par>
<par>
<line>revêtements</line>
<line>de sol</line>
<line>perméables</line></par>
<par>
<line>Tranchées filtrantes.</line></par>
</text>
</block>
<block><region><rect/></region>
<text>
<par>
<line>drainantes</line></par>
</text>
</block>
<block><region><rect/></region>
<text>
<par/>
</text>
</block>
<block><region><rect/></region>
<text>
<par>
<line>Stationne ments</line>
<line>enheriîés</line></par>
</text>
</block>
<block><region><rect/></region>
<text>
<par>
<line>G</line></par>
</text>
</block>
<block><region><rect/></region>
<text>
<par>
<line>« I</line></par>
</text>
</block>
<block><region><rect/></region>
<text>
<par/>
</text>
</block>
<block><region><rect/></region>
<text>
<par>
<line>ilC3</line></par>
</text>
</block>
<block><region><rect/></region>
<text>
<par/>
</text>
</block>
<block><region><rect/></region>
<text>
<par>
<line>illT</line></par>
</text>
</block>
<block><region><rect/><rect/><rect/></region>
<text>
<par>
<line>'i ;• ^</line></par>
</text>
</block>
<block><region><rect/></region>
<text>
<par>
<line>*, :</line></par>
</text>
</block>
<block><region><rect/></region>
<text>
<par/>
</text>
</block>
<block><region><rect/></region>
<text>
<par/>
</text>
</block>
<block><region><rect/></region>
<text>
<par>
<line>Les Orientations d’Aménagement</line></par>
</text>
</block>






















<block blockType="Picture" blockName="" l="1294" t="1782" r="2215" b="2215"><region><rect/></region>
</block>
</page>
<page width="3508" height="2479" resolution="300">
<block><region><rect/></region>
<text>
<par>
<line>14</line></par>
</text>
</block>
<block><region><rect/></region>
<text>
<par>
<line>PAYSAGE ET BI0DIVER5ITE</line></par>
</text>
</block>
<block><region><rect/></region>
<text>
<par>
<line>C onserver au maxi mum I a végâati on de quai i té exi stante</line></par>
<par>
<line>Penser en amont à une gestion différenciée des espaces verts et à la faci I ité d'entretien.</line></par>
</text>
</block>
<block><region><rect/></region>
<text>
<par>
<line>W</line></par>
</text>
</block>
<block><region><rect/></region>
<text>
<par>
<line>i; *- *</line></par>
</text>
</block>
<block><region><rect/><rect/></region>
<text>
<par>
<line>% DEPLACEMENTS</line></par>
<par>
<line>Dans Ies opérations d'ensembie, essayer d'offri r des sol utions alternatives à I ' uti I isation du véhicule personnel :</line></par>
<par>
<line>Pour rédui re Ies émissions de gaz à effet de serre, rédui re Ia place des voitures (accessi bi I ité, vitesse de ci rculation, stationnement,</line>
<line>Prévoirdesliaisons cyclistes et piâonnes avec les activités, les commerces....</line></par>
<par>
<line>Travai 11 er sur I ' accessi bi I i té pour tous.</line></par>
<par>
<line>C réer des empi acements de parki ng pour I es vél os</line>
<line>Faci I iter les déplacements des personnes à mobi I ité réduite</line>
<line>H i érarchi ser I es voi es en foncti on des usages</line></par>
<par>
<line>P révoi r des peti tes poches de stati onnement pubi i c pl utôt qu' un stati onnement sur voi ri e.</line></par>
<par>
<line>A nti ci per I e passage d'une éventuel I e desserte en transport en commun</line></par>
</text>
</block>
<block><region><rect/></region>
<text>
<par>
<line>H</line></par>
</text>
</block>
<block><region><rect/></region>
<text>
<par>
<line>Les Orientations d’Aménagement</line></par>
</text>
</block>






<block blockType="Picture" blockName="" l="974" t="1766" r="1727" b="2243"><region><rect/></region>
</block>
</page>
<page width="3508" height="2479" resolution="300">
<block><region><rect/></region>
<text>
<par>
<line>% DECHETS</line></par>
</text>
</block>
<block><region><rect/></region>
<text>
<par>
<line>15</line></par>
</text>
</block>
<block><region><rect/><rect/></region>
<text>
<par>
<line>Dans les opérati ons d'ensembl e, essayer :</line></par>
<par>
<line>^ de limiter l'artificialisation des sols (remblais_).</line></par>
<par>
<line>^ de prévoi r la gestion des déchets de chantier.</line></par>
<par>
<line>^ de prévoi r des lieux de ramassage et de dépôts vol ontai res.</line></par>
<par>
<line>% SANTE ET BIEN ETRE</line></par>
<par>
<line>Dans les opérati ons d'ensembl e, essayer :</line></par>
<par>
<line>^ de prendre en compte les risques et lutter contre les nuisances, notamment sonores.</line></par>
<par>
<line>^ de mettre en place des « zones-tampons » par rapport au voisi nage si nécessai re.</line></par>
<par>
<line>^ d'adapter l'éclai rage à l ' usage et à la fréquentati on du si te.</line></par>
<par>
<line>^ d'avoir pour objectif une bonne qualité de vie des habitants et des usagers quotidiens.</line></par>
</text>
</block>
<block><region><rect/></region>
<text>
<par/>
</text>
</block>
<block><region><rect/></region>
<text>
<par/>
</text>
</block>
<block><region><rect/></region>
<text>
<par/>
</text>
</block>
<block><region><rect/></region>
<text>
<par>
<line>Les Orientations d'Aménagement</line></par>
</text>
</block>





<block blockType="Picture" blockName="" l="840" t="1301" r="1731" b="1893"><region><rect/></region>
</block>
<block blockType="Picture" blockName="" l="1780" t="165" r="2209" b="638"><region><rect/></region>
</block>
</page>
<page width="3368" height="2380" resolution="288">
<block><region><rect/></region>
<text>
<par>
<line>16</line></par>
</text>
</block>
<block><region><rect/></region>
<text>
<par>
<line>LES ORIENTATIONS SPECIFIQUES A CHAQUE ZONE</line></par>
<par>
<line>1 : LA ZONE AUh A L'EST DU CIMETIERE</line></par>
</text>
</block>
<block><region><rect/></region>
<text>
<par>
<line>Cette zone est située au Nord de la RD 118 (rue du calvaire) entre l'ancien presbytère à l'Est et le parking du cimetière à l'Ouest.</line></par>
<par>
<line>Les élus souhaitent laisser un peu d'espace à l'Ouest du pr^bytère et préserver la haie existante perpendiculaire à la rue du calvaire. Cela réduit la superficie aménageable mais</line>
<line>permettra de fai re une transi ti on entre l e bourg anci en et ce nouveau quarti er.</line></par>
<par>
<line>Cette zone AUh permet de remplir une grande dent creuse située entre les constructions qui bordent le chemin du Cormier ( CR 18) au Nord, le cimetière à l'Ouest, les constructions</line>
<line>situées au Sud de l a rue du calvai re au sud et l'anci en presbytère à l'Est.</line></par>
<par>
<line>Le terrain appartient à la commune. La réalisation de cette opération ne dépend donc que de la volonté communale.</line></par>
<par>
<line>% LA DESSERTE DU SITE</line></par>
<par>
<line>Il faut un accès automobile par le chemin du Cormier grâce au passage de 6 m environ existant entre les parcelles 83 et 87 et un accès automobile glissant sur la rue du calvaire .</line></par>
<par>
<line>11 faudra égal ement desservi r l a parti e haute du terrai n dans l e prol ongement du petit terrai n de sports ^i stant l e l ong de la rue de la mai ri e.</line></par>
<par>
<line>Plutôt que d'envoyer l^ piétons le long de la route départementale où l'aménagement d'un trottoir sera difficile en raison de la pr^ence de murs en limite de l'emprise de la voirie, il</line>
<line>faudra aménager une liaison pi étonni ère à travers le loti ssement pui s à travers l e terrai n communal laissé en zone U P pour al l er vers l e centre bourg et vers l ' écol e et la salle multi foncti ons.</line></par>
<par>
<line>% LA SAUVEGARDE DE L'ENVIRONNEM ENT</line></par>
<par>
<line>Les haies existantes au Sud Est de la zone AUh et au Sud de celle ci en bordure de la RD devront être préservées au maximum en n'arrachant que la longueur nécessaire pour passer la</line>
<line>voie d'acc^ sur la RD et dégager la visi bili té.</line></par>
<par>
<line>U ne hai e devra être pl antée par l ' aménageur sur l a parti e Sud O uest de la zone AUh afin de protéger vi suel l ement le loti ssement par rapport à l a bande de terrai n qui l onge l e ci meti ère.</line></par>
</text>
</block>
<block><region><rect/><rect/></region>
<text>
<par>
<line>% L'ORIENTATION DES CONSTRUCTIONS</line></par>
<par>
<line>La forme du terrain et l'obligation de réaliser une voie de desserte Nord Sud ne facilité pas l'orientation Nord Sud des constructions. Il faudra s'efforcer de compenser cette moins</line>
<line>bonne ori entati on par I ' accol ement des constructi ons, au moi ns par I es garages.</line></par>
</text>
</block>
<block><region><rect/></region>
<text>
<par/>
</text>
</block>
<block><region><rect/></region>
<text>
<par/>
</text>
</block>
<block><region><rect/></region>
<text>
<par/>
</text>
</block>
<block><region><rect/></region>
<text>
<par>
<line>Les Orientations d'Aménagement</line></par>
</text>
</block>














</page>
<page width="3508" height="2479" resolution="300">
<block><region><rect/></region>
<text>
<par>
<line>17</line></par>
</text>
</block>
<block><region><rect/></region>
<text>
<par>
<line>2 : LA ZONE AUh AU NORD DE LA STATION D'EPURATION</line></par>
<par>
<line>Cette zone est située au Sud de la RD 118 (rue principale) derrière l'ancien atelier.</line></par>
<par>
<line>U ne zone verte de pl us de 50 m de large est laissée le long du ruisseau de La Semel le.</line></par>
<par>
<line>% LES ENI EUX D'URBANISATION DU SITE</line></par>
<par>
<line>Cette zone AUh permet de rempl ir une grande dent creuse si tuée entre l es constructi ons qui bordent l a rue pri ncipale au Nord et celles qui bordent la rue de l'école à l'ouest.</line></par>
<par>
<line>Les constructi ons à usage d'habitati on ne devront pas être i mpl antées à moins de 100 m de la l agune.</line></par>
<par>
<line>Il faudra tenir compte de la servitude de passage de la canalisation de refoulement du réseau d'eaux usées. Cette canalisation passera soit sous un espace public (voirie, espace vert),</line>
<line>soit constituera une servitude non aedificandi sur les parcelles privatives.</line></par>
<par>
<line>% LA DESSERTE DU SITE</line></par>
<par>
<line>11 faut un accès automobi le gli ssant par l a rue pri ncipale. Cet accès suppose l a démol ition de l'ancien atel i er.</line></par>
<par>
<line>% L'ORIENTATION DES CONSTRUCTIONS</line>
<line>La majorité des constructions devront être orientées Nord Sud.</line></par>
</text>
</block>
<block><region><rect/></region>
<text>
<par>
<line>»</line></par>
</text>
</block>
<block><region><rect/></region>
<text>
<par/>
</text>
</block>
<block><region><rect/></region>
<text>
<par>
<line>flIllUIf</line></par>
</text>
</block>
<block><region><rect/></region>
<text>
<par/>
</text>
</block>
<block><region><rect/></region>
<text>
<par/>
</text>
</block>
<block><region><rect/></region>
<text>
<par>
<line>Les Orientations d'Aménagement</line></par>
</text>
</block>









</page>
<page width="2479" height="3508" resolution="300">
<block><region><rect/></region>
<text>
<par>
<line>ORIENTATIONS D'AMENAGEMENT DES DEUX ZONES AUh</line></par>
</text>
</block>
<block><region><rect/></region>
<text>
<par>
<line>1 3</line></par>
</text>
</block>
<block><region><rect/></region>
<text>
<par>
<line>LE BOURGÆ</line></par>
</text>
</block>
<block><region><rect/></region>
<text>
<par>
<line>59</line></par>
</text>
</block>
<block><region><rect/></region>
<text>
<par/>
</text>
</block>
<block><region><rect/></region>
<text>
<par>
<line>OETOURBE</line></par>
</text>
</block>
<block><region><rect/></region>
<text>
<par>
<line>LA</line></par>
</text>
</block>
<block><region><rect/></region>
<text>
<par>
<line>BGURG</line></par>
</text>
</block>
<block><region><rect/></region>
<text>
<par>
<line>COMMUNAL</line></par>
</text>
</block>
<block><region><rect/></region>
<text>
<par/>
</text>
</block>
<block><region><rect/></region>
<text>
<par/>
</text>
</block>
<block><region><rect/></region>
<text>
<par/>
</text>
</block>
<block><region><rect/></region>
<text>
<par/>
</text>
</block>
<block><region><rect/></region>
<text>
<par/>
</text>
</block>
<block><region><rect/></region>
<text>
<par/>
</text>
</block>
<block><region><rect/></region>
<text>
<par/>
</text>
</block>
<block><region><rect/></region>
<text>
<par>
<line>OAl^</line></par>
</text>
</block>
<block><region><rect/></region>
<text>
<par/>
</text>
</block>
<block><region><rect/></region>
<text>
<par>
<line>GLISSANT</line></par>
</text>
</block>
<block><region><rect/></region>
<text>
<par/>
</text>
</block>
<block><region><rect/></region>
<text>
<par/>
</text>
</block>
<block><region><rect/></region>
<text>
<par/>
</text>
</block>
<block><region><rect/></region>
<text>
<par>
<line>CE*</line></par>
</text>
</block>
<block><region><rect/></region>
<text>
<par>
<line>CeSAEH»</line></par>
</text>
</block>
<block><region><rect/><rect/><rect/></region>
<text>
<par>
<line>ireoNSTAUiti</line></par>
</text>
</block>
<block><region><rect/></region>
<text>
<par>
<line>45 DM'tOOV</line></par>
</text>
</block>
<block><region><rect/></region>
<text>
<par/>
</text>
</block>
<block><region><rect/></region>
<text>
<par>
<line>LE</line></par>
</text>
</block>
<block><region><rect/></region>
<text>
<par>
<line>BQURG</line></par>
</text>
</block>
<block><region><rect/></region>
<text>
<par>
<line>LA HO</line></par>
</text>
</block>















<block blockType="Picture" blockName="" l="1656" t="1930" r="1698" b="2042"><region><rect/></region>
</block>
</page>
<page width="4070" height="3378" resolution="300">
<block><region><rect/></region>
<text>
<par>
<line>\</line></par>
</text>
</block>
<block><region><rect/></region>
<text>
<par>
<line>WQïi</line></par>
</text>
</block>
<block><region><rect/></region>
<text>
<par/>
</text>
</block>
<block><region><rect/></region>
<text>
<par/>
</text>
</block>
<block><region><rect/></region>
<text>
<par>
<line>CQ</line></par>
</text>
</block>
<block><region><rect/></region>
<text>
<par/>
</text>
</block>
<block><region><rect/></region>
<text>
<par/>
</text>
</block>
<block><region><rect/></region>
<text>
<par/>
</text>
</block>
<block><region><rect/></region>
<text>
<par/>
</text>
</block>
<block><region><rect/></region>
<text>
<par/>
</text>
</block>
<block><region><rect/></region>
<text>
<par>
<line>\\^</line></par>
</text>
</block>
<block><region><rect/></region>
<text>
<par/>
</text>
</block>
<block><region><rect/></region>
<text>
<par>
<line>ç^</line></par>
</text>
</block>
<block><region><rect/></region>
<text>
<par>
<line>y</line></par>
</text>
</block>
<block><region><rect/></region>
<text>
<par>
<line>ÇV\'\</line></par>
</text>
</block>
<block><region><rect/></region>
<text>
<par>
<line>^V^</line></par>
</text>
</block>
<block><region><rect/></region>
<text>
<par>
<line>eâ3</line></par>
</text>
</block>
<block><region><rect/></region>
<text>
<par/>
</text>
</block>
<block><region><rect/></region>
<text>
<par>
<line>at'-</line></par>
</text>
</block>
<block><region><rect/></region>
<text>
<par/>
</text>
</block>
<block><region><rect/></region>
<text>
<par/>
</text>
</block>
<block><region><rect/></region>
<text>
<par>
<line>es</line></par>
</text>
</block>
<block><region><rect/></region>
<text>
<par>
<line>|\V\</line></par>
</text>
</block>
<block><region><rect/></region>
<text>
<par>
<line>eOâ</line></par>
</text>
</block>
<block><region><rect/></region>
<text>
<par>
<line>d'as</line></par>
</text>
</block>
<block><region><rect/></region>
<text>
<par/>
</text>
</block>
<block><region><rect/><rect/></region>
<text>
<par/>
</text>
</block>
<block><region><rect/></region>
<text>
<par>
<line>doy</line></par>
</text>
</block>
<block><region><rect/></region>
<text>
<par/>
</text>
</block>
<block><region><rect/></region>
<text>
<par>
<line>oçiSi</line></par>
</text>
</block>
<block><region><rect/></region>
<text>
<par/>
</text>
</block>
<block><region><rect/></region>
<text>
<par>
<line>iCV^'&lt;</line></par>
</text>
</block>
<block><region><rect/></region>
<text>
<par>
<line>B BB</line></par>
</text>
</block>
<block><region><rect/></region>
<text>
<par/>
</text>
</block>
<block><region><rect/></region>
<text>
<par/>
</text>
</block>
<block><region><rect/></region>
<text>
<par/>
</text>
</block>
<block><region><rect/></region>
<text>
<par/>
</text>
</block>
<block><region><rect/></region>
<text>
<par>
<line>7</line></par>
</text>
</block>
<block><region><rect/></region>
<text>
<par>
<line>fl</line></par>
</text>
</block>
<block><region><rect/></region>
<text>
<par/>
</text>
</block>
<block><region><rect/></region>
<text>
<par/>
</text>
</block>
<block><region><rect/></region>
<text>
<par>
<line>»r</line></par>
</text>
</block>
<block><region><rect/></region>
<text>
<par/>
</text>
</block>
<block><region><rect/></region>
<text>
<par>
<line>ikK*</line></par>
</text>
</block>
<block><region><rect/></region>
<text>
<par/>
</text>
</block>
<block><region><rect/></region>
<text>
<par>
<line>in</line></par>
</text>
</block>
<block><region><rect/></region>
<text>
<par/>
</text>
</block>
<block><region><rect/></region>
<text>
<par/>
</text>
</block>
<block><region><rect/></region>
<text>
<par/>
</text>
</block>
<block><region><rect/></region>
<text>
<par>
<line>H</line></par>
</text>
</block>
<block><region><rect/></region>
<text>
<par>
<line>ffn</line></par>
</text>
</block>
<block><region><rect/></region>
<text>
<par/>
</text>
</block>
<block><region><rect/></region>
<text>
<par>
<line>1</line></par>
</text>
</block>
<block><region><rect/></region>
<text>
<par/>
</text>
</block>
<block><region><rect/></region>
<text>
<par/>
</text>
</block>
<block><region><rect/></region>
<text>
<par/>
</text>
</block>
<block><region><rect/></region>
<text>
<par/>
</text>
</block>
<block><region><rect/></region>
<text>
<par/>
</text>
</block>
<block><region><rect/></region>
<text>
<par/>
</text>
</block>
<block><region><rect/></region>
<text>
<par/>
</text>
</block>



















































































































</page>
</OAP>