<?xml version="1.0" encoding="UTF-8"?><OAP>
<page width="1654" height="2339" resolution="200">
<block><region><rect/></region>
<text>
<par/>
</text>
</block>
<block><region><rect/></region>
<text>
<par>
<line>DEPARTEMENT DE LA SARTHE</line></par>
</text>
</block>
<block><region><rect/></region>
<text>
<par>
<line>COMMUNE DE CRE SUR LOIR</line></par>
</text>
</block>
<block><region><rect/></region>
<text>
<par>
<line>Àm</line></par>
</text>
</block>
<block><region><rect/></region>
<text>
<par/>
</text>
</block>
<block><region><rect/></region>
<text>
<par/>
</text>
</block>
<block><region><rect/></region>
<text>
<par/>
</text>
</block>
<block><region><rect/></region>
<text>
<par/>
</text>
</block>
<block><region><rect/></region>
<text>
<par/>
</text>
</block>
<block><region><rect/></region>
<text>
<par/>
</text>
</block>
<block><region><rect/></region>
<text>
<par/>
</text>
</block>
<block><region><rect/></region>
<text>
<par/>
</text>
</block>
<block><region><rect/></region>
<text>
<par/>
</text>
</block>
<block><region><rect/></region>
<text>
<par>
<line>REVISION N° 2</line></par>
</text>
</block>
<block><region><rect/></region>
<text>
<par>
<line>2bis</line></par>
</text>
</block>
<block><region><rect/></region>
<text>
<par>
<line>ORIENTATIONS SPECIFIQUES</line>
<line>D’AMENAGEMENT</line></par>
</text>
</block>
<block><region><rect/></region>
<text>
<par>
<line>0 I l-uV</line></par>
</text>
</block>
<block><region><rect/></region>
<text>
<par>
<line>J</line></par>
</text>
</block>
<block><region><rect/></region>
<text>
<par>
<line>— .1</line></par>
</text>
</block>
<block><region><rect/></region>
<text>
<par>
<line>'• f •</line></par>
</text>
</block>
<block><region><rect/></region>
<text>
<par>
<line>fN-</line></par>
</text>
</block>
<block><region><rect/></region>
<text>
<par>
<line>DOSSIER</line>
<line>D’APPROBATION</line>
<line>Vu pour être annexé à la Délibération</line>
<line>du Conseil Municipal eu date du</line></par>
<par>
<line>31 JANVIER 2008</line></par>
</text>
</block>
<block><region><rect/></region>
<text>
<par>
<line>'.0 Ai</line></par>
</text>
</block>
<block><region><rect/></region>
<text>
<par>
<line>A</line></par>
</text>
</block>
<block><region><rect/></region>
<text>
<par>
<line>CR</line></par>
</text>
</block>
<block><region><rect/></region>
<text>
<par>
<line>05</line></par>
</text>
</block>
<block><region><rect/></region>
<text>
<par>
<line>12200</line></par>
</text>
</block>
<block><region><rect/></region>
<text>
<par/>
</text>
</block>
<block><region><rect/></region>
<text>
<par>
<line>ETAT D'AVANCEMENT DU DOCUMENT: REVISION APPROUVEE</line>
<line>DATE DE DERNIERE MODIFICATION DU DOCUMENT: MAI 2007</line></par>
</text>
</block>
<block><region><rect/></region>
<text>
<par>
<line>Xavier DEWAILLY - Urbaniste S. F. U.</line></par>
<par>
<line>136 rue du Bourg Bêlé 72000 LE MANS</line></par>
<par>
<line>TEL : 02 43 28 71 15 FAX : 02 43 39.93.21 E-MAIL : ui'ba.dewailly@wanadQQ.fr</line></par>
</text>
</block>











































</page>
<page width="1654" height="2339" resolution="200">
<block><region><rect/></region>
<text>
<par>
<line>1</line></par>
</text>
</block>
<block><region><rect/></region>
<text>
<par>
<line>INTRODUCTION</line></par>
<par>
<line>Ce document a pour but d’être l’expression territorialisée des politiques publiques de la commune.</line></par>
<par>
<line>Il traduit en projets plus précis les grandes orientations du Projet d'Aménagement et de Développement Durable,</line>
<line>approuvées par délibération par le Conseil Municipal en date du 26 février 2007.</line></par>
<par>
<line>L’Article L 123-1 du Code de l’Urbanisme stipule dans son alinéa :</line></par>
<par>
<line>« Ils (Les Plans Locaux d’Urbanisme) peuvent, en outre, comporter des orientations d'aménagement relatives à des</line>
<line>quartiers ou à des secteurs à mettre en valeur, réhabiliter, restructurer ou aménager. Ces orientations peuvent, en cohérence</line>
<line>avec le projet d'aménagement et de développement durable, prévoir les actions et opérations d'aménagement à mettre en</line>
<line>oeuvre, notamment pour mettre en valeur l'environnement, les paysages, les entrées de villes et le patrimoine, lutter contre</line>
<line>l'insalubrité, permettre le renouvellement urbain et assurer le développement de la commune. Elles peuvent prendre la forme</line>
<line>de schémas d'aménagement et préciser les principales caractéristiques des voies et espaces publics. »</line></par>
<par>
<line>Le décret n° 2004-531 du 9 juin 2004 relatif aux documents d’urbanisme et modifiant le Code de TUrbanisnie a</line>
<line>introduit après la nouvelle rédaction de l’article R 123-3 un article R 123-3-1 ainsi rédigé ;</line></par>
<par>
<line>« Les orientations d’aménagement peuvent, par quartier ou par secteur, prévoir les actions et opérations d’aménagement</line>
<line>mentionnées au troisième alinéa de l’article L 123-1. »</line></par>
<par>
<line>11 est apparu souhaitable de défînir des orientations spécifiques d’aménagement et un règlement particulier</line>
<line>comprenant des contraintes architecturales pour le secteur UCh de la Cour pour sauvegarder le patrimoine bâti</line>
<line>ancien.</line></par>
</text>
</block>
<block><region><rect/></region>
<text>
<par>
<line>LES GRANDS PRINCIPES DE L’AMENAGEMENT</line>
<line>DU SECTEUR UCh DE LA COUR</line>
<line>SUR LA COMMUNE DE CRE SUR LOIR</line></par>
<par>
<line>Il y a une zone non aedificandi de 5 m par rapport à l’alignement de la rue de la Cour et de la rue des Bois.</line></par>
<par>
<line>La façade avant des constructions devra être située dans la bande d’accroche de 3 m par rapport à cette bande non</line>
<line>constructible afin d’éviter un alignement trop rigide mais aussi une implantation anarchique avec des bâtiments très en retrait</line>
<line>par rapport à la rue.</line></par>
<par>
<line>Le faitage des constructions devra être parallèle aux voies ;</line></par>
<par>
<line>Afin de dégager deux cônes de vue sur les bâtiments de la Cour depuis la rue de la Cour et la rue des Bois, deux secteurs</line>
<line>inconstructibles sont imposés.</line></par>
<par>
<line>Il faudra assurer des liaisons piétonnes entre ces deux rues et les arrières des bâtiments de la Cour.</line></par>
<par>
<line>Un emplacement réservé est mis en place au profit de la commune pour élargir la nie du bourg Joly.</line></par>
<par>
<line>Le règlement comprend des règles spécifiques pour ce secteur :</line></par>
<par>
<line>HAUTEUR MAXIMALE : La hauteur des constructions ne devra pas excéder 3,50 m à l'égout du toit par rapport au</line>
<line>terrain naturel. Un comble aménageable est autorisé.</line></par>
<par>
<line>ASPECT EXTERIEUR DES CONSTRUCTIONS</line></par>
<par>
<line>Maçonnerie :</line></par>
<par>
<line>La teinte des enduits devra se rapprocher des enduits anciens encore en place dans les environs.</line></par>
<par>
<line>Couverture :</line></par>
<par>
<line>Les couvertures seront réalisées en ardoise naturelle à pureau droit et avec des zingueries pré patinées,</line></par>
<par>
<line>Le faîtage principal des constnictions doit être parallèle à la voie.</line></par>
<par>
<line>Ouvertures :</line></par>
<par>
<line>Les ouvertures devront être plus hautes que larges.</line></par>
<par>
<line>Coté rue, les fenêtres auront au moins 3 carreaux dans le sens vertical avec des petits bois intégrés au vitrage.</line></par>
<par>
<line>Coté rue, l'éclairage des combles sera assuré par des lucarnes capucines. Les châssis de toits seront autorisés sur l’arrière</line>
<line>des bâtiments. Ils devront être encastrés dans le plan de toiture et avoir des verres anti-réfléchissants. Ils seront plus hauts que</line>
<line>larges,</line></par>
</text>
</block>
</page>
<page width="1654" height="2339" resolution="200">
<block><region><rect/></region>
<text>
<par>
<line>2</line></par>
</text>
</block>
<block><region><rect/></region>
<text>
<par>
<line>Clôtures:</line></par>
<par>
<line>Les clôtures sont interdites sur l’avant des constnictions.</line></par>
<par>
<line>Les clôtures séparatives, en dehors des limites sur voirie, seront réalisées en poteaux métalliques avec un grillage</line>
<line>plastifié d'1,20 m maximum et doublées obligatoirement d’une haie vive,</line></par>
</text>
</block>
</page>
<page width="2351" height="1671" resolution="200">
<block><region><rect/></region>
<text>
<par>
<line>10149</line></par>
</text>
</block>
<block><region><rect/></region>
<text>
<par>
<line>b4</line></par>
</text>
</block>
<block><region><rect/></region>
<text>
<par>
<line>1-1 UII.O</line></par>
</text>
</block>
<block><region><rect/></region>
<text>
<par>
<line>ZZU</line></par>
</text>
</block>
<block><region><rect/></region>
<text>
<par>
<line>■ m</line></par>
</text>
</block>
<block><region><rect/></region>
<text>
<par>
<line>253</line></par>
</text>
</block>
<block><region><rect/></region>
<text>
<par>
<line>oc</line></par>
</text>
</block>
<block><region><rect/></region>
<text>
<par>
<line>m</line></par>
</text>
</block>
<block><region><rect/></region>
<text>
<par>
<line>231</line></par>
</text>
</block>
<block><region><rect/></region>
<text>
<par>
<line>ORIENTATIONS SPECIFIQUES D’AMENAGEMENT</line></par>
</text>
</block>
<block><region><rect/></region>
<text>
<par>
<line>255</line></par>
</text>
</block>
<block><region><rect/></region>
<text>
<par/>
</text>
</block>
<block><region><rect/></region>
<text>
<par>
<line>e de</line></par>
</text>
</block>
<block><region><rect/></region>
<text>
<par>
<line>N</line></par>
</text>
</block>
<block><region><rect/></region>
<text>
<par>
<line>Puit</line></par>
</text>
</block>
<block><region><rect/></region>
<text>
<par>
<line>267</line></par>
</text>
</block>
<block><region><rect/></region>
<text>
<par>
<line>1</line></par>
</text>
</block>
<block><region><rect/></region>
<text>
<par>
<line>14</line></par>
</text>
</block>
<block><region><rect/></region>
<text>
<par>
<line>Palis</line></par>
</text>
</block>
<block><region><rect/></region>
<text>
<par>
<line>266</line></par>
</text>
</block>
<block><region><rect/></region>
<text>
<par>
<line>"9^</line></par>
</text>
</block>
<block><region><rect/></region>
<text>
<par/>
</text>
</block>
<block><region><rect/></region>
<text>
<par>
<line>26</line></par>
</text>
</block>
<block><region><rect/></region>
<text>
<par>
<line>92</line></par>
</text>
</block>
<block><region><rect/></region>
<text>
<par>
<line>264</line></par>
</text>
</block>
<block><region><rect/></region>
<text>
<par>
<line>Place ^alnt Martin</line></par>
</text>
</block>
<block><region><rect/></region>
<text>
<par>
<line>94</line></par>
</text>
</block>
<block><region><rect/></region>
<text>
<par>
<line>25</line></par>
</text>
</block>
<block><region><rect/></region>
<text>
<par>
<line>Puits^</line></par>
</text>
</block>
<block><region><rect/></region>
<text>
<par>
<line>mL</line></par>
</text>
</block>
<block><region><rect/></region>
<text>
<par>
<line>76</line></par>
</text>
</block>
<block><region><rect/></region>
<text>
<par>
<line>233</line></par>
</text>
</block>
<block><region><rect/></region>
<text>
<par>
<line>73</line></par>
</text>
</block>
<block><region><rect/></region>
<text>
<par>
<line>d</line></par>
</text>
</block>
<block><region><rect/></region>
<text>
<par>
<line>96</line></par>
</text>
</block>
<block><region><rect/></region>
<text>
<par>
<line>U lis</line></par>
</text>
</block>
<block><region><rect/></region>
<text>
<par>
<line>CO</line></par>
</text>
</block>
<block><region><rect/></region>
<text>
<par>
<line>00</line></par>
</text>
</block>
<block><region><rect/></region>
<text>
<par>
<line>95</line></par>
</text>
</block>
<block><region><rect/></region>
<text>
<par>
<line>i</line></par>
</text>
</block>
<block><region><rect/></region>
<text>
<par>
<line>Puits</line></par>
</text>
</block>
<block><region><rect/></region>
<text>
<par/>
</text>
</block>
<block><region><rect/></region>
<text>
<par/>
</text>
</block>
<block><region><rect/></region>
<text>
<par>
<line>80</line></par>
</text>
</block>
<block><region><rect/></region>
<text>
<par>
<line>01</line></par>
</text>
</block>
<block><region><rect/></region>
<text>
<par>
<line>247</line></par>
</text>
</block>
<block><region><rect/></region>
<text>
<par>
<line>263</line></par>
</text>
</block>
<block><region><rect/></region>
<text>
<par>
<line>O</line></par>
</text>
</block>
<block><region><rect/></region>
<text>
<par>
<line>)2</line></par>
</text>
</block>
<block><region><rect/></region>
<text>
<par>
<line>246</line></par>
</text>
</block>
<block><region><rect/></region>
<text>
<par>
<line>260</line></par>
</text>
</block>
<block><region><rect/></region>
<text>
<par>
<line>249</line></par>
</text>
</block>
<block><region><rect/></region>
<text>
<par>
<line>106</line></par>
</text>
</block>
<block><region><rect/></region>
<text>
<par>
<line>i</line></par>
</text>
</block>
<block><region><rect/></region>
<text>
<par>
<line>Puits</line></par>
</text>
</block>
<block><region><rect/></region>
<text>
<par>
<line>107</line></par>
</text>
</block>
<block><region><rect/></region>
<text>
<par>
<line>103</line></par>
</text>
</block>
<block><region><rect/></region>
<text>
<par/>
</text>
</block>
<block><region><rect/></region>
<text>
<par>
<line>10</line></par>
</text>
</block>
<block><region><rect/></region>
<text>
<par>
<line>25</line></par>
</text>
</block>
<block><region><rect/></region>
<text>
<par>
<line>toWC</line></par>
</text>
</block>
<block><region><rect/></region>
<text>
<par/>
</text>
</block>
<block><region><rect/></region>
<text>
<par>
<line>aô®</line></par>
</text>
</block>
<block><region><rect/></region>
<text>
<par/>
</text>
</block>
<block><region><rect/></region>
<text>
<par>
<line>248</line></par>
</text>
</block>
<block><region><rect/></region>
<text>
<par>
<line>Oc</line></par>
</text>
</block>
<block><region><rect/></region>
<text>
<par/>
</text>
</block>
<block><region><rect/></region>
<text>
<par>
<line>O</line></par>
</text>
</block>
<block><region><rect/></region>
<text>
<par>
<line>104</line></par>
</text>
</block>
<block><region><rect/></region>
<text>
<par/>
</text>
</block>
<block><region><rect/></region>
<text>
<par>
<line>10</line></par>
</text>
</block>
<block><region><rect/></region>
<text>
<par>
<line>am</line></par>
</text>
</block>
<block><region><rect/></region>
<text>
<par>
<line>¥»•</line></par>
</text>
</block>
<block><region><rect/></region>
<text>
<par>
<line>non</line></par>
</text>
</block>
<block><region><rect/></region>
<text>
<par/>
</text>
</block>
<block><region><rect/></region>
<text>
<par>
<line>constnctilflo</line></par>
</text>
</block>
<block><region><rect/></region>
<text>
<par>
<line>0.</line></par>
</text>
</block>
<block><region><rect/></region>
<text>
<par>
<line>m</line></par>
</text>
</block>
<block><region><rect/></region>
<text>
<par>
<line>Côno</line></par>
</text>
</block>
<block><region><rect/></region>
<text>
<par>
<line>3</line></par>
</text>
</block>
<block><region><rect/></region>
<text>
<par>
<line>i t</line></par>
</text>
</block>
<block><region><rect/></region>
<text>
<par>
<line>noi^</line></par>
</text>
</block>
<block><region><rect/></region>
<text>
<par>
<line>vuo</line></par>
</text>
</block>
<block><region><rect/></region>
<text>
<par>
<line>CO</line></par>
</text>
</block>
<block><region><rect/></region>
<text>
<par>
<line>Ult</line></par>
</text>
</block>
<block><region><rect/></region>
<text>
<par>
<line>15</line></par>
</text>
</block>
<block><region><rect/></region>
<text>
<par>
<line>18</line></par>
</text>
</block>
<block><region><rect/></region>
<text>
<par>
<line>■O</line></par>
</text>
</block>
<block><region><rect/></region>
<text>
<par>
<line>79</line></par>
</text>
</block>
<block><region><rect/></region>
<text>
<par>
<line>2G</line></par>
</text>
</block>
<block><region><rect/></region>
<text>
<par>
<line>209</line></par>
</text>
</block>
<block><region><rect/></region>
<text>
<par>
<line>12</line></par>
</text>
</block>
<block><region><rect/></region>
<text>
<par/>
</text>
</block>
<block><region><rect/></region>
<text>
<par>
<line>O</line></par>
</text>
</block>
<block><region><rect/></region>
<text>
<par/>
</text>
</block>
<block><region><rect/></region>
<text>
<par>
<line>O'</line></par>
</text>
</block>
<block><region><rect/></region>
<text>
<par>
<line>7</line></par>
</text>
</block>
<block><region><rect/></region>
<text>
<par/>
</text>
</block>
<block><region><rect/></region>
<text>
<par>
<line>(X</line></par>
</text>
</block>
<block><region><rect/></region>
<text>
<par>
<line>244</line></par>
</text>
</block>
<block><region><rect/></region>
<text>
<par>
<line>\S</line></par>
</text>
</block>
<block><region><rect/></region>
<text>
<par/>
</text>
</block>
<block><region><rect/></region>
<text>
<par>
<line>+Puits</line></par>
</text>
</block>
<block><region><rect/></region>
<text>
<par>
<line>de</line></par>
</text>
</block>
<block><region><rect/></region>
<text>
<par>
<line>18</line></par>
</text>
</block>
<block><region><rect/></region>
<text>
<par>
<line>s-&lt;</line></par>
</text>
</block>
<block><region><rect/></region>
<text>
<par>
<line>O</line></par>
</text>
</block>
<block><region><rect/></region>
<text>
<par/>
</text>
</block>
<block><region><rect/></region>
<text>
<par>
<line>2o</line></par>
</text>
</block>
<block><region><rect/></region>
<text>
<par>
<line>ue</line></par>
</text>
</block>
<block><region><rect/></region>
<text>
<par>
<line>u;</line></par>
</text>
</block>
<block><region><rect/></region>
<text>
<par>
<line>/</line></par>
</text>
</block>
<block><region><rect/></region>
<text>
<par>
<line>181</line></par>
</text>
</block>
<block><region><rect/></region>
<text>
<par>
<line>t</line></par>
</text>
</block>
<block><region><rect/></region>
<text>
<par/>
</text>
</block>
<block><region><rect/></region>
<text>
<par/>
</text>
</block>
<block><region><rect/></region>
<text>
<par>
<line>t</line></par>
</text>
</block>
<block><region><rect/></region>
<text>
<par>
<line>41</line></par>
</text>
</block>
<block><region><rect/></region>
<text>
<par>
<line>Echelle : 1 / 1 000</line></par>
</text>
</block>
<block><region><rect/></region>
<text>
<par/>
</text>
</block>
<block><region><rect/></region>
<text>
<par>
<line>142</line></par>
</text>
</block>
<block><region><rect/></region>
<text>
<par>
<line>A A ,.«a\</line></par>
</text>
</block>






























<block blockType="Picture" blockName="" l="1230" t="1428" r="1351" b="1505"><region><rect/></region>
</block>
</page>
</OAP>