<?xml version="1.0" encoding="UTF-8"?><OAP>
<page width="2341" height="1661" resolution="200">
<block><region><rect/></region>
<text>
<par>
<line>DEPARTEMENT DE LA SARTHE</line></par>
</text>
</block>
<block><region><rect/></region>
<text>
<par>
<line>COMMUNE D’ETIVAL-LES-LE-MANS</line></par>
</text>
</block>
<block><region><rect/></region>
<text>
<par/>
</text>
</block>
<block><region><rect/></region>
<text>
<par>
<line>^</line></par>
<par>
<line>f îK»'</line></par>
</text>
</block>
<block><region><rect/></region>
<text>
<par>
<line>a*</line></par>
</text>
</block>
<block><region><rect/></region>
<text>
<par/>
</text>
</block>
<block><region><rect/></region>
<text>
<par>
<line>Plan Local d’Urbanisme</line></par>
</text>
</block>
<block><region><rect/></region>
<text>
<par>
<line>Document n°3 : Orientations d’aménagement</line></par>
</text>
</block>
<block><region><rect/></region>
<text>
<par>
<line>Modification n°1</line>
<line>Dossier d’approbation</line></par>
<par>
<line>Vu pour être annexé à la délibération du 27 septembre 2013</line></par>
</text>
</block>
<block><region><rect/></region>
<text>
<par>
<line>Urbanistes ; ARCHITOUR architectes associés</line></par>
<par>
<line>Approche Environnementale de l’Urbanisme ; Atelier ACT Urba</line></par>
</text>
</block>
<block><region><rect/></region>
<text>
<par>
<line>1</line></par>
</text>
</block>

<block blockType="Picture" blockName="" l="197" t="824" r="2151" b="919"><region><rect/></region>
</block>
<block blockType="Picture" blockName="" l="192" t="819" r="2156" b="926"><region><rect/></region>
</block>
<block blockType="Picture" blockName="" l="647" t="439" r="1075" b="762"><region><rect/></region>
</block>
</page>
<page width="2336" height="1653" resolution="200">
<block><region><rect/></region>
<text>
<par>
<line>Etival-Les-Le-Mans (72) - Plan Local d'Urbanisme</line></par>
</text>
</block>
<block><region><rect/></region>
<text>
<par>
<line>Document : Orientations d’Aménagement</line></par>
</text>
</block>
<block><region><rect/></region>
<text>
<par>
<line>Les orientations particulières d’aménagement précisent certains aspects du PADD par des schémas qui sont opposables aux autorisations d'urbanisme, dans un rapport de</line>
<line>compatibilité tel que fixé par les dispositions des articles L. 123-1 et L.123-5 alinéa 2 du Code de l'urbanisme.</line></par>
<par>
<line>En effet, conformément aux dispositions de l'article L. 123-1 du Code de l'urbanisme, les plans locaux d'urbanisme peuvent comporter des orientations d'aménagement</line>
<line>relatives à des quartiers ou à des secteurs à mettre en valeur, réhabiliter, restructurer ou aménager. Ces orientations peuvent, en cohérence avec le projet d'aménagement</line>
<line>et de développement durable, prévoir les actions et opérations d'aménagement à mettre en oeuvre, notamment pour mettre en valeur l'environnement, les paysages, les</line>
<line>entrées de ville et le patrimoine, lutter contre l'insalubrité, permettre le renouvellement urbain et assurer le développement de la commune. Elles peuvent prendre la forme</line>
<line>de schémas d'aménagement et préciser les principales caractéristiques des voies et espaces publics.</line></par>
<par>
<line>Les occupations et utilisations du sol doivent, conformément aux dispositions de l’article L.123-5 du code de l’urbanisme, être compatibles avec les orientations</line>
<line>d’aménagement leurs documents graphiques. Dans le cas contraire, elles ne sont pas autorisées.</line></par>
<par>
<line>Le présent document expose d’une part :</line></par>
<par>
<line>Les principes généraux que doivent respecter les opérations de construction et d’aménagement sur le territoire communai.</line></par>
</text>
</block>
<block><region><rect/></region>
<text>
<par>
<line>Les schémas d’organisation à respecter sur chaque zone</line>
<line>La programmation à respecter le cas échéant.</line></par>
<par>
<line>SOMMAIRE</line></par>
<par>
<line>1. PRINCIPES COMMUNS A TOUTES LES ZONES A URBANISER.3</line></par>
<par>
<line>2. ORIENTATION D’AMENAGEMENT SUR LE CENTRE BOURG.8</line></par>
<par>
<line>3. ORIENTATIONS D’AMENAGEMENT SECTEUR PONT CHABEAU.10</line></par>
<par>
<line>4. ORIENTATIONS D’AMENAGEMENT SECTEUR LA CROIX LA CHAUSSEE.16</line></par>
<par>
<line>5. ORIENTATIONS D’AMENAGEMENT SECTEUR CENTRE BOURG.17</line></par>
<par>
<line>6. ORIENTATIONS D’AMENAGEMENT SECTEUR LA FERRIERE.18</line></par>
</text>
</block>
<block><region><rect/></region>
<text>
<par>
<line>ARCHITOUR Architectes Associés &amp; Atelier ACT Urba</line></par>
</text>
</block>
<block><region><rect/></region>
<text>
<par>
<line>2</line></par>
</text>
</block>







</page>
<page width="2342" height="1661" resolution="200">
<block><region><rect/></region>
<text>
<par>
<line>Etn/al-Le$-Le-Mans (72) - Plan Local d'Urbanisme</line></par>
</text>
</block>
<block><region><rect/></region>
<text>
<par>
<line>Document n°3 : Orientations d'Aménagement</line></par>
</text>
</block>
<block><region><rect/></region>
<text>
<par>
<line>1.PRINCIPES COMMUNS A TOUTES LES ZONES A URBANISER</line></par>
</text>
</block>
<block><region><rect/></region>
<text>
<par>
<line>Organisation générale :</line></par>
<par>
<line>Tout aménagement devra s’appuyer obligatoirement sur un schéma d’organisation de l’ensemble de la zone, et mettant en évidence le tracé des voies envisagées, les</line>
<line>cheminements piétons/cycles, les principes d’organisation du bâti (alignements, orientations,...) et des espaces publics, les principes de gestion des eaux pluviales.</line></par>
</text>
</block>
<block><region><rect/></region>
<text>
<par>
<line>Economies d'énergie :</line></par>
<par>
<line>L’implantation du bâti et le tracé des voies de desserte doivent être réfléchis de sorte à optimiser la production ou les économies d’énergie : orientation par rapport au</line>
<line>soleil et aux vents dominants, positionnement des ouvertures, étude des ombres portées des constructions voisines, possibilité de mitoyennetés,...</line></par>
<par>
<line>Les habitations, dans leur conception, devront tenir compte de l'orientation et de la configuration de la parcelle pour optimiser les économies d'énergie.</line></par>
<par>
<line>Les constructions devront présenter un volume simple et compact pour limiter les déperditions de chaleur.</line></par>
</text>
</block>
<block><region><rect/></region>
<text>
<par>
<line>Gestion de l'eau :</line></par>
<par>
<line>L'aménagement des opérations d’ensemble devra intégrer dans sa conception, des dispositifs de gestion des eaux pluviales pour limiter les débits en aval de</line>
<line>l’opération. Des aménagements doux (noues, bassins ouverts en herbe) poumont être mis en place, à condition de conserver la qualité paysagère des lieux (pas de fosses</line>
<line>bâchées et/ou grillagées).</line></par>
<par>
<line>Les allées de garage, espaces de stationnement et de circulation sur les parcelles devront être réalisés au maximum en matériaux poreux (pavages sur lit de sable,</line>
<line>stabilisé, graviers,...).pour limiter l'imperméabilisation du sol et les effets de ruissellement.</line></par>
</text>
</block>
<block><region><rect/></region>
<text>
<par>
<line>Qualité du cadre de vie :</line></par>
<par>
<line>De véritables espaces collectifs devront être aménagés qui soient des points forts de la composition du projet et qui ne sont pas constitués d’espaces résiduels éparpillés.</line>
<line>On localisera les petites parcelles au plus près des espaces communs.</line></par>
</text>
</block>
<block><region><rect/></region>
<text>
<par>
<line>ARCHITOUR Architectes Associés &amp; Atelier ACT Urba</line></par>
</text>
</block>
<block><region><rect/></region>
<text>
<par>
<line>3</line></par>
</text>
</block>


</page>
<page width="2339" height="1658" resolution="200">
<block><region><rect/></region>
<text>
<par>
<line>Etival-Les-Le-Mans (72) - Plan Local d’Urbanisme</line></par>
</text>
</block>
<block><region><rect/></region>
<text>
<par>
<line>Document 0^3 : Orientations d'Aménagement</line></par>
</text>
</block>
<block><region><rect/></region>
<text>
<par>
<line>OPTIMISER LES PERFORMANCES ENERGETIQUES DES LOGEMENTS : PRINCIPES PRECONISES</line></par>
</text>
</block>
<block><region><rect/></region>
<text>
<par>
<line>Effet écran du bâti</line>
<line>par rapport au vent ^</line>
<line>dominants</line></par>
</text>
</block>
<block><region><rect/><rect/></region>
<text>
<par>
<line>Mitoyenneté ■ économie d'énergte</line></par>
<par>
<line>Panneaux solaires orientés au Sud</line></par>
</text>
</block>
<block><region><rect/><rect/></region>
<text>
<par>
<line>Espaces d agréments</line>
<line>ensoleiltés, les ombres</line>
<line>portées n ombragent p</line>
<line>le bâti voism</line></par>
</text>
</block>
<block><region><rect/></region>
<text>
<par>
<line>B</line></par>
</text>
</block>
<block><region><rect/></region>
<text>
<par>
<line>El</line></par>
</text>
</block>
<block><region><rect/></region>
<text>
<par>
<line>Ba</line></par>
</text>
</block>
<block><region><rect/></region>
<text>
<par/>
</text>
</block>
<block><region><rect/></region>
<text>
<par>
<line>Ea</line></par>
</text>
</block>
<block><region><rect/></region>
<text>
<par>
<line>fi</line></par>
</text>
</block>
<block><region><rect/></region>
<text>
<par>
<line>fi</line></par>
</text>
</block>
<block><region><rect/></region>
<text>
<par/>
</text>
</block>
<block><region><rect/></region>
<text>
<par>
<line>(3</line></par>
</text>
</block>
<block><region><rect/></region>
<text>
<par>
<line>*53</line></par>
</text>
</block>
<block><region><rect/></region>
<text>
<par/>
</text>
</block>
<block><region><rect/></region>
<text>
<par>
<line>/</line></par>
</text>
</block>
<block><region><rect/></region>
<text>
<par>
<line>Larges ouvertures au Sud</line></par>
</text>
</block>
<block><region><rect/></region>
<text>
<par>
<line>Volumes simptes limitants</line>
<line>les déperditions d'énergie</line></par>
</text>
</block>
<block><region><rect/></region>
<text>
<par>
<line>O Choix de matériaux à forte inertie pour</line>
<line>une isolation optimale des logements</line></par>
<par>
<line>O Utilisation de sources d’énergie</line>
<line>renouvelable : biomasse, géothermie,</line>
<line>solaire, éolien,...</line></par>
<par>
<line>O Choix de volumes simples et</line>
<line>compacts pour les constructions,</line>
<line>limitant les surfaces de contact avec</line>
<line>l’extérieur et donc les déperditions</line>
<line>d’énergie</line></par>
</text>
</block>
<block><region><rect/></region>
<text>
<par>
<line>ARCHITOUR Architectes Associés &amp; Atelier ACT Urba</line></par>
</text>
</block>
<block><region><rect/></region>
<text>
<par>
<line>4</line></par>
</text>
</block>



</page>
<page width="2336" height="1653" resolution="200">
<block><region><rect/></region>
<text>
<par>
<line>Etival-Les-Le-Mans (72) - Plan Local d’Urbanisme</line></par>
</text>
</block>
<block><region><rect/></region>
<text>
<par>
<line>Document : Orientations d'Aménagement</line></par>
</text>
</block>
<block><region><rect/></region>
<text>
<par>
<line>ECONOMISER L’ESPACE ET LES LINEAIRES DE VOIES ET RESEAUX : PRINCIPES PRECONISES</line></par>
<par>
<line>QoUR un PARCEUUAIRE support D'UN DEVELOPPEMENT COHERENT</line></par>
<par>
<line>Incidence do la (orme oarceHaire sur le tissu urbain</line></par>
<par>
<line>Les parcelles de forme allongée, avec urte largeur sur rue réduite doivent être privilégiées. Elles permettent :</line></par>
<par>
<line>• une utilisation plus ratKinnelie de la parcelle par le bâo,</line></par>
<par>
<line>- la réduction des coûts de VRD (rxxnbre de lots desservis supérieur),</line></par>
<par>
<line>- la production d'un tissu urbain plus cohérent car favorisant la mrtoyenneté.</line></par>
<par>
<line>Le linéaire sur rue des parcelles ne devrait pas excéder 18 m. au-delà l'excès de largeur ne génère que de</line>
<line>vastes espaces vides mal organisés.</line></par>
</text>
</block>
<block><region><rect/></region>
<text>
<par/>
</text>
</block>
<block><region><rect/></region>
<text>
<par>
<line>86m</line></par>
</text>
</block>
<block><region><rect/></region>
<text>
<par>
<line>15m</line></par>
</text>
</block>
<block><region><rect/></region>
<text>
<par>
<line>7m</line></par>
</text>
</block>
<block><region><rect/></region>
<text>
<par>
<line>15m ;</line></par>
</text>
</block>
<block><region><rect/></region>
<text>
<par>
<line>16m</line></par>
</text>
</block>
<block><region><rect/></region>
<text>
<par>
<line>18m</line></par>
</text>
</block>
<block><region><rect/></region>
<text>
<par>
<line>&amp;40m</line></par>
</text>
</block>
<block><region><rect/></region>
<text>
<par>
<line>7ÎOm</line></par>
</text>
</block>
<block><region><rect/></region>
<text>
<par>
<line>600m</line></par>
</text>
</block>
<block><region><rect/></region>
<text>
<par>
<line>6M)m</line></par>
</text>
</block>
<block><region><rect/></region>
<text>
<par>
<line>«00m</line></par>
</text>
</block>
<block><region><rect/></region>
<text>
<par/>
</text>
</block>
<block><region><rect/></region>
<text>
<par/>
</text>
</block>
<block><region><rect/></region>
<text>
<par>
<line>m</line></par>
</text>
</block>
<block><region><rect/></region>
<text>
<par>
<line>r—c-- 1.L, J</line></par>
</text>
</block>
<block><region><rect/></region>
<text>
<par>
<line>-1</line></par>
</text>
</block>
<block><region><rect/></region>
<text>
<par>
<line>■Uf</line></par>
</text>
</block>
<block><region><rect/></region>
<text>
<par>
<line>Un pàicaMakB «éoM »i</line>
<line>pmkmà itaicrtMr à H</line>
<line>COhéf9tK9 du ùttu</line>
<line>urbêtn</line></par>
</text>
</block>
<block><region><rect/></region>
<text>
<par>
<line>f&gt; a t r «t { t 9 m ia&lt;hiem</line></par>
</text>
</block>
<block><region><rect/></region>
<text>
<par/>
</text>
</block>
<block><region><rect/></region>
<text>
<par>
<line>rjOiTt-'</line></par>
</text>
</block>
<block><region><rect/></region>
<text>
<par>
<line>113m</line></par>
<par>
<line>«OOm^ 680m''</line></par>
</text>
</block>
<block><region><rect/></region>
<text>
<par>
<line>600m'</line></par>
</text>
</block>
<block><region><rect/></region>
<text>
<par>
<line>«i</line></par>
</text>
</block>
<block blockType="Table" blockName="" l="116" t="1305" r="1322" b="1413"><region><rect/></region>
<row>
<cell leftBorder="White" topBorder="White" rightBorder="White" width="197" height="39">
<text>
<par>
<line>21.30m ,</line></par>
</text></cell>
<cell leftBorder="White" topBorder="White" rightBorder="White" width="108" height="39">
<text>
<par>
<line>24m</line></par>
</text></cell>
<cell leftBorder="White" topBorder="White" rightBorder="White" width="87" height="39">
<text>
<par/>
</text></cell>
<cell leftBorder="White" topBorder="White" rightBorder="White" width="278" height="39">
<text>
<par>
<line>20m 22.70m</line></par>
</text></cell>
<cell leftBorder="White" topBorder="White" rightBorder="White" bottomBorder="White" width="59" height="39">
<text>
<par/>
</text></cell>
<cell leftBorder="White" topBorder="White" rightBorder="White" width="111" height="39">
<text>
<par>
<line>20m</line></par>
</text></cell>
<cell leftBorder="White" topBorder="White" width="38" height="39">
<text>
<par/>
</text></cell>
<cell topBorder="White" rightBorder="White" bottomBorder="White" width="40" height="39">
<text>
<par/>
</text></cell>
<cell rowSpan="2" leftBorder="White" topBorder="White" rightBorder="White" bottomBorder="White" width="288" height="59">
<text>
<par>
<line>Un hndëif» d9 façade</line>
<line>large peu iduMrmH et</line></par>
</text></cell></row>
<row>
<cell leftBorder="White" rightBorder="White" bottomBorder="White" width="197" height="20">
<text>
<par>
<line>. _</line></par>
</text></cell>
<cell leftBorder="White" rightBorder="White" bottomBorder="White" width="108" height="20">
<text>
<par/>
</text></cell>
<cell leftBorder="White" rightBorder="White" bottomBorder="White" width="87" height="20">
<text>
<par/>
</text></cell>
<cell leftBorder="White" rightBorder="White" width="278" height="20">
<text>
<par/>
</text></cell>
<cell leftBorder="White" topBorder="White" rightBorder="White" width="59" height="20">
<text>
<par/>
</text></cell>
<cell leftBorder="White" rightBorder="White" width="111" height="20">
<text>
<par/>
</text></cell>
<cell leftBorder="White" bottomBorder="White" width="38" height="20">
<text>
<par/>
</text></cell>
<cell topBorder="White" rightBorder="White" bottomBorder="White" width="40" height="20">
<text>
<par/>
</text></cell></row>
<row>
<cell leftBorder="White" topBorder="White" rightBorder="White" bottomBorder="White" width="197" height="49">
<text>
<par/>
</text></cell>
<cell leftBorder="White" topBorder="White" rightBorder="White" bottomBorder="White" width="108" height="49">
<text>
<par/>
</text></cell>
<cell leftBorder="White" topBorder="White" rightBorder="White" bottomBorder="White" width="87" height="49">
<text>
<par>
<line>nue</line></par>
</text></cell>
<cell leftBorder="White" rightBorder="White" width="278" height="49">
<text>
<par/>
</text></cell>
<cell leftBorder="White" rightBorder="White" width="59" height="49">
<text>
<par/>
</text></cell>
<cell leftBorder="White" rightBorder="White" bottomBorder="White" width="111" height="49">
<text>
<par/>
</text></cell>
<cell leftBorder="White" topBorder="White" rightBorder="White" bottomBorder="White" width="38" height="49">
<text>
<par/>
</text></cell>
<cell leftBorder="White" topBorder="White" rightBorder="White" bottomBorder="White" width="40" height="49">
<text>
<par/>
</text></cell>
<cell leftBorder="White" topBorder="White" rightBorder="White" bottomBorder="White" width="288" height="49">
<text>
<par>
<line>coûteux pour la caâacD-</line>
<line>vile</line></par>
</text></cell></row>
</block>
<block><region><rect/></region>
<text>
<par>
<line>Extrait de :</line></par>
<par>
<line>« Le lotissement, pour un projet</line>
<line>urbain de qualité », CAUE du Morbihan.</line></par>
</text>
</block>
<block><region><rect/></region>
<text>
<par>
<line>ARCHITOUR Architectes Associés &amp; Atelier ACT Urba</line></par>
</text>
</block>
<block><region><rect/></region>
<text>
<par>
<line>5</line></par>
</text>
</block>


























<block blockType="Picture" blockName="" l="1056" t="1303" r="1318" b="1413"><region><rect/></region>
</block>
<block blockType="Picture" blockName="" l="751" t="888" r="1009" b="998"><region><rect/></region>
</block>
<block blockType="Picture" blockName="" l="320" t="1212" r="416" b="1290"><region><rect/></region>
</block>
</page>
<page width="2341" height="1660" resolution="200">
<block><region><rect/></region>
<text>
<par>
<line>£tival-Les-Le-Mans (72) - Plan Local d’Urbanisme</line></par>
</text>
</block>
<block><region><rect/></region>
<text>
<par>
<line>Document n°3 : Orientations d’Aménagement</line></par>
</text>
</block>
<block><region><rect/></region>
<text>
<par>
<line>PRIVILEGIER UNE IMPLANTATION AUTORISANT LES EXTENSIONS FUTURES : PRINCIPES PRECONISES</line>
<line>Une impiantalton auioritanl les extensions futures</line></par>
<par>
<line>Pour un projot r4«ltom«nt évoluilf</line></par>
<par>
<line>Un protêt ne ctort pas être figé par une occupation peu rabonrvelte du terrain. La matson dort pouvoir évoluer en</line>
<line>mêrrw temps que les besoins de la famille</line></par>
</text>
</block>
<block><region><rect/><rect/></region>
<text>
<par>
<line>t«eontireaiien a&gt;censiructien</line></par>
<par>
<line>tp»ém «rtaftaion</line></par>
</text>
</block>
<block><region><rect/></region>
<text>
<par>
<line>E«OMIen «McMs</line></par>
</text>
</block>
<block><region><rect/></region>
<text>
<par/>
</text>
</block>
<block><region><rect/></region>
<text>
<par>
<line>«VCCi M I</line></par>
</text>
</block>
<block><region><rect/></region>
<text>
<par>
<line>(tortat M</line></par>
</text>
</block>
<block><region><rect/></region>
<text>
<par>
<line>» f.</line></par>
</text>
</block>
<block><region><rect/></region>
<text>
<par>
<line>\à</line></par>
</text>
</block>
<block><region><rect/></region>
<text>
<par/>
</text>
</block>
<block><region><rect/></region>
<text>
<par>
<line>Evolution dlfficilt</line></par>
</text>
</block>
<block><region><rect/></region>
<text>
<par>
<line>Des extensions envisageables</line></par>
</text>
</block>
<block><region><rect/></region>
<text>
<par>
<line>RUE</line></par>
</text>
</block>
<block><region><rect/></region>
<text>
<par>
<line>Exlensior&gt;s</line></par>
</text>
</block>
<block><region><rect/></region>
<text>
<par>
<line>Contrairement à l'implantation au centre de la parcelle,</line>
<line>la construction en mitoyenneté facilite les possibilités</line>
<line>d'extension. Des volumes annexes peuvent être</line>
<line>réalisés dans le temps La multiplication des volumes</line>
<line>enricbil l'architecuire de la rue et renforce l'intimité des</line>
<line>jardins.</line></par>
</text>
</block>
<block><region><rect/></region>
<text>
<par>
<line>J</line></par>
</text>
</block>
<block><region><rect/></region>
<text>
<par>
<line>¥</line></par>
</text>
</block>
<block><region><rect/></region>
<text>
<par>
<line>r \</line></par>
</text>
</block>
<block><region><rect/></region>
<text>
<par>
<line>Zons conatmciuiia</line></par>
<par>
<line>Zona consimcMits</line>
<line>à hsutsur ivnitâe</line>
<line>rscul maxi du voiumft</line>
<line>crncipa*</line></par>
<par>
<line>Voiufne haut</line></par>
</text>
</block>
<block><region><rect/></region>
<text>
<par>
<line>imP \n3kim«Ms</line></par>
<par>
<line>{ Extsosxxn</line></par>
<par>
<line>! ] Tsrrmw*</line></par>
<par>
<line>i. StaDonnsmont»</line>
<line>-Tina «urpsrcaS»</line></par>
</text>
</block>
<block><region><rect/></region>
<text>
<par>
<line>P:</line></par>
</text>
</block>
<block><region><rect/></region>
<text>
<par/>
</text>
</block>
<block><region><rect/></region>
<text>
<par/>
</text>
</block>
<block><region><rect/></region>
<text>
<par>
<line>• f</line></par>
</text>
</block>
<block><region><rect/></region>
<text>
<par/>
</text>
</block>
<block><region><rect/></region>
<text>
<par>
<line>«</line></par>
</text>
</block>
<block><region><rect/></region>
<text>
<par>
<line>m</line></par>
</text>
</block>
<block><region><rect/></region>
<text>
<par/>
</text>
</block>
<block><region><rect/></region>
<text>
<par/>
</text>
</block>
<block><region><rect/></region>
<text>
<par/>
</text>
</block>
<block><region><rect/></region>
<text>
<par>
<line>\ \</line></par>
</text>
</block>
<block><region><rect/></region>
<text>
<par>
<line>i</line></par>
</text>
</block>
<block><region><rect/></region>
<text>
<par>
<line>Extrait de :</line></par>
<par>
<line>« Le lotissement, pour un projet</line>
<line>urbain de quaiité », CAUE du Morbihan.</line></par>
</text>
</block>
<block><region><rect/></region>
<text>
<par>
<line>ARCHITOUR Architectes Associés &amp; Atelier ACT Urba</line></par>
</text>
</block>
<block><region><rect/></region>
<text>
<par>
<line>6</line></par>
</text>
</block>















</page>
<page width="2339" height="1657" resolution="200">
<block><region><rect/></region>
<text>
<par>
<line>Etival-Les-Le-Mans (72) - Plan Local d’Urbanisme</line></par>
</text>
</block>
<block><region><rect/></region>
<text>
<par>
<line>Document n’'3 : Orientations d’Aménagement</line></par>
</text>
</block>
<block><region><rect/></region>
<text>
<par>
<line>GERER LES VUES ET PRESERVER L’INTIMITE : PRINCIPES PRECONISES</line></par>
<par>
<line>Une organisation du bâti visant â préserver i ' i n ( i m 11 é</line></par>
<par>
<line>Contrairement à la maison Implantée en milieu de parcelle où aucun élément construit ne fart barrage au regard</line>
<line>des passants, l'habitation implantée en front de rue préserve l'intimité.</line></par>
</text>
</block>
<block><region><rect/></region>
<text>
<par>
<line>Vue eut</line></par>
</text>
</block>
<block><region><rect/></region>
<text>
<par>
<line>Vbkim* prwoCT*</line></par>
</text>
</block>
<block><region><rect/></region>
<text>
<par>
<line>rue</line></par>
</text>
</block>
<block><region><rect/></region>
<text>
<par/>
</text>
</block>
<block><region><rect/></region>
<text>
<par/>
</text>
</block>
<block><region><rect/></region>
<text>
<par/>
</text>
</block>
<block><region><rect/></region>
<text>
<par>
<line>Cour</line></par>
</text>
</block>
<block><region><rect/></region>
<text>
<par/>
</text>
</block>
<block><region><rect/></region>
<text>
<par>
<line>R«*M 2.50m mur</line></par>
</text>
</block>
<block><region><rect/></region>
<text>
<par>
<line>pÊÊ</line></par>
<par>
<line>MgtrspM</line></par>
</text>
</block>
<block><region><rect/></region>
<text>
<par>
<line>aiA»nuc« AU piCec</line></par>
</text>
</block>
<block><region><rect/></region>
<text>
<par>
<line>Vue sur jardin</line></par>
</text>
</block>
<block><region><rect/></region>
<text>
<par>
<line>Zona tfinama»</line></par>
</text>
</block>
<block><region><rect/></region>
<text>
<par>
<line>La transition espace</line>
<line>public/espace privé</line>
<line>peut se faire par un</line>
<line>système de cours</line>
<line>ou de piatios, lieux</line>
<line>intermédiaires entre</line>
<line>la maison et la rua. H</line>
<line>protège l'intimité</line>
<line>des propriétés, du</line>
<line>’cbez sol*</line></par>
</text>
</block>
<block><region><rect/></region>
<text>
<par>
<line>iR«lanMon an Amw Mparaiiva</line>
<line>L .aneianlawtn a rwdada Is rdtt</line></par>
</text>
</block>
<block><region><rect/></region>
<text>
<par/>
</text>
</block>
<block><region><rect/></region>
<text>
<par>
<line>Ewacaa</line></par>
</text>
</block>
<block><region><rect/></region>
<text>
<par>
<line>raMluM</line></par>
</text>
</block>
<block><region><rect/></region>
<text>
<par>
<line>*r</line></par>
</text>
</block>
<block><region><rect/></region>
<text>
<par>
<line>U J</line></par>
</text>
</block>
<block><region><rect/></region>
<text>
<par/>
</text>
</block>
<block><region><rect/></region>
<text>
<par>
<line>JMn ft lartH</line>
<line>cfimMUivhan</line></par>
</text>
</block>
<block><region><rect/></region>
<text>
<par>
<line>A</line></par>
</text>
</block>
<block><region><rect/></region>
<text>
<par>
<line>*-r</line></par>
</text>
</block>
<block><region><rect/></region>
<text>
<par>
<line>Extrait de :</line></par>
<par>
<line>« Le lotissement, pour un projet</line>
<line>urbain de qualité », CAUE du Morbihan.</line></par>
</text>
</block>
<block><region><rect/></region>
<text>
<par>
<line>ARCHITOUR Architectes Associés &amp; Atelier ACT Urba</line></par>
</text>
</block>
<block><region><rect/></region>
<text>
<par>
<line>7</line></par>
</text>
</block>






<block blockType="Picture" blockName="" l="748" t="981" r="1351" b="1383"><region><rect/></region>
</block>
<block blockType="Picture" blockName="" l="748" t="403" r="1107" b="941"><region><rect/></region>
</block>
</page>
<page width="2336" height="1653" resolution="200">
<block><region><rect/></region>
<text>
<par>
<line>Etival-LeS'Le-Mans (72) - Plan Local d'Urbanisme</line></par>
</text>
</block>
<block><region><rect/></region>
<text>
<par>
<line>Document n°3 : Orientations d’Aménagement</line></par>
</text>
</block>
<block><region><rect/></region>
<text>
<par>
<line>2.ORIENTATION D’AMENAGEMENT SUR LE CENTRE BOURG</line></par>
</text>
</block>
<block><region><rect/></region>
<text>
<par>
<line>Cette orientation d’aménagement a pour objet de traduire de manière programmatique les objectifs du PADD concernant le développement de déplacements alternatifs à la</line>
<line>voiture individuelle et pour cela elle s’appuie sur les résultats de l’étude déplacements menée par le bureau d’étude EgisMobilité en 2010.</line></par>
<par>
<line>Elle doit permettre aussi la mise en place d’un maillage cohérent de cheminements doux entre les différents secteurs de développement de la commune traduit dans les</line>
<line>autres orientations d’aménagement :</line></par>
<par>
<line>- Pont Chabeau</line></par>
<par>
<line>- Secteur La Croix - La Chaussée</line></par>
<par>
<line>- Renouvellement urbain en centre bourg</line></par>
<par>
<line>- Zone artisanale de La Ferrière</line></par>
<par>
<line>La commune d’Etival-Les-Le-Mans dispose d’atouts importants pour favoriser le développement des modes doux en facilitant les déplacements piétons et cyclistes. En effet</line>
<line>l’ensemble des quartiers du bourg sont accessibles dans un rayon de 600/ 700m (15 mn à pied) à partir du centre-bourg</line></par>
<par>
<line>Pour cela elle doit engager des travaux d’aménagement conséquents qui doivent s’envisager à court, moyen et long terme et avec des budgets qui ne sont pas encore</line>
<line>définis aujourd’hui.</line></par>
<par>
<line>Pour autant elle souhaite mettre en place progressivement une politique de développement et de sécurisation des déplacements doux qui va se traduire par un certain</line>
<line>nombre d’actions :</line></par>
<par>
<line>- Une trame de principe de cheminements doux qui pourra se concrétiser plus tard en schéma directeur piéton lorsque l’accessibilité PMR sera assurée. Elle</line>
<line>s’appuie sur les cheminements existants et les chemins de randonnée et assure la continuité entre les zones de développement, le centre bourg et les</line>
<line>équipements sportifs et de loisirs (stades, plan d’eau, Orne Champenoise, ...) ;</line></par>
<par>
<line>- Des voies à aménager prioritairement pour limiter la vitesse et assurer la sécurisation des parcours piétons : route de la ferrière entre la RD 309 te la</line>
<line>rue du Stade, RD 309 dans sa traversée du centre bourg, Rue de la goulottière. Route de Voivres, Route du Creux, Rue Marcel cerdan ;</line></par>
<par>
<line>- La nouvelle localisation des entrée/ sorties de l’agglomération qui va permettre la limitation de la vitesse en centre-bourg et l’intégration des nouvelles</line>
<line>zones de développement (pont Chabeau, La Croix-La Chaussée..) ;</line></par>
<par>
<line>- La réalisation d’une zone de rencontre sur le centre bourg et de zones 30 sur l’ensemble du bourg qui implique des aménagements pour limiter la vitesse</line>
<line>et des aménagements qualitatifs (mobilier urbain, éclairage, végétation, revêtements de sols).</line></par>
</text>
</block>
<block><region><rect/></region>
<text>
<par>
<line>ARCHITOUR Architectes Associés &amp; Atelier ACT Urba</line></par>
</text>
</block>
<block><region><rect/></region>
<text>
<par>
<line>8</line></par>
</text>
</block>


</page>
<page width="2336" height="1653" resolution="200">
<block><region><rect/></region>
<text>
<par>
<line>Etival-Les-Le-Mans (72) - Plan Local d'Urbanisme</line></par>
</text>
</block>
<block><region><rect/></region>
<text>
<par>
<line>Document n°3 : Orientations d’Aménagement</line></par>
</text>
</block>
<block><region><rect/></region>
<text>
<par>
<line>Ces actions dont l’échéance de réalisation n’est pas encore fixée et sont repris dans le schéma de principe ci-dessous.</line></par>
</text>
</block>
<block><region><rect/></region>
<text>
<par>
<line>SCHEMA D’ORIENTATIONS</line>
<line>D’AMENAGEMENT</line></par>
<par>
<line>LE BOURG</line></par>
</text>
</block>
<block><region><rect/></region>
<text>
<par>
<line>Espaces bâtis</line></par>
<par>
<line>Développement de quartier d'habitat mixte selon une</line>
<line>démarche éco-quartier</line></par>
<par>
<line>Centre bourg . pôle de centralité, animation,</line>
<line>commerces, convivriaicte.</line></par>
<par>
<line>Zone de développement d'activités artisanales</line></par>
<par>
<line>Equipements sportifs et de loisirs</line></par>
</text>
</block>
<block><region><rect/></region>
<text>
<par>
<line>Déplacements</line></par>
<par>
<line>Cheminements doux</line>
<line>existant</line>
<line>■ ■ ■ à créer</line></par>
<par>
<line>Chemins de randonnée</line></par>
</text>
</block>
<block><region><rect/></region>
<text>
<par>
<line>Voies à aménager priritairement : limitation de la</line>
<line>vitesse, accessibilité PMR. sécurisation</line></par>
<par>
<line>Zone de rencontre</line></par>
<par>
<line>Entreé / sortie d’agglomération</line></par>
</text>
</block>
<block><region><rect/></region>
<text>
<par>
<line>Approche Environnementale de l'Urbanisme</line>
<line>Atelier Act Urba</line></par>
</text>
</block>
<block><region><rect/></region>
<text>
<par>
<line>r</line></par>
</text>
</block>
<block><region><rect/></region>
<text>
<par/>
</text>
</block>
<block><region><rect/></region>
<text>
<par/>
</text>
</block>
<block><region><rect/></region>
<text>
<par/>
</text>
</block>
<block><region><rect/></region>
<text>
<par/>
</text>
</block>
<block><region><rect/></region>
<text>
<par/>
</text>
</block>
<block><region><rect/></region>
<text>
<par>
<line>s?</line></par>
</text>
</block>
<block><region><rect/></region>
<text>
<par/>
</text>
</block>
<block><region><rect/></region>
<text>
<par/>
</text>
</block>
<block><region><rect/></region>
<text>
<par/>
</text>
</block>
<block><region><rect/></region>
<text>
<par/>
</text>
</block>
<block><region><rect/></region>
<text>
<par>
<line>y</line></par>
</text>
</block>
<block><region><rect/></region>
<text>
<par/>
</text>
</block>
<block><region><rect/></region>
<text>
<par/>
</text>
</block>
<block><region><rect/></region>
<text>
<par/>
</text>
</block>
<block><region><rect/></region>
<text>
<par/>
</text>
</block>
<block><region><rect/></region>
<text>
<par/>
</text>
</block>
<block><region><rect/></region>
<text>
<par/>
</text>
</block>
<block><region><rect/></region>
<text>
<par>
<line>« %</line></par>
</text>
</block>
<block><region><rect/></region>
<text>
<par/>
</text>
</block>
<block><region><rect/></region>
<text>
<par/>
</text>
</block>
<block><region><rect/></region>
<text>
<par>
<line>^ \ \</line></par>
</text>
</block>
<block><region><rect/></region>
<text>
<par/>
</text>
</block>
<block><region><rect/></region>
<text>
<par>
<line>% t</line></par>
</text>
</block>
<block><region><rect/></region>
<text>
<par/>
</text>
</block>
<block><region><rect/></region>
<text>
<par/>
</text>
</block>
<block><region><rect/></region>
<text>
<par>
<line>%</line></par>
</text>
</block>
<block><region><rect/></region>
<text>
<par>
<line>\</line></par>
</text>
</block>
<block><region><rect/></region>
<text>
<par>
<line>* 4</line></par>
</text>
</block>
<block><region><rect/></region>
<text>
<par/>
</text>
</block>
<block><region><rect/></region>
<text>
<par>
<line>A</line></par>
</text>
</block>
<block><region><rect/></region>
<text>
<par>
<line>i*.</line></par>
</text>
</block>
<block><region><rect/></region>
<text>
<par/>
</text>
</block>
<block><region><rect/></region>
<text>
<par/>
</text>
</block>
<block><region><rect/></region>
<text>
<par/>
</text>
</block>
<block><region><rect/></region>
<text>
<par/>
</text>
</block>
<block><region><rect/></region>
<text>
<par>
<line>✓**</line></par>
</text>
</block>
<block><region><rect/></region>
<text>
<par>
<line>ilr'</line></par>
</text>
</block>
<block><region><rect/></region>
<text>
<par>
<line>%</line></par>
</text>
</block>
<block><region><rect/></region>
<text>
<par/>
</text>
</block>
<block><region><rect/></region>
<text>
<par/>
</text>
</block>
<block><region><rect/></region>
<text>
<par/>
</text>
</block>
<block><region><rect/></region>
<text>
<par>
<line>r ■ J. ÿ.j: s</line></par>
</text>
</block>
<block><region><rect/></region>
<text>
<par>
<line>4</line></par>
</text>
</block>
<block><region><rect/></region>
<text>
<par>
<line>Lx</line></par>
</text>
</block>
<block><region><rect/></region>
<text>
<par/>
</text>
</block>
<block><region><rect/></region>
<text>
<par>
<line>7-«4.’,Vï</line></par>
</text>
</block>
<block><region><rect/></region>
<text>
<par>
<line>si» y.v-</line></par>
</text>
</block>
<block><region><rect/></region>
<text>
<par/>
</text>
</block>
<block><region><rect/></region>
<text>
<par>
<line>ARCHITOUR Architectes Ass&lt;</line></par>
</text>
</block>
<block><region><rect/></region>
<text>
<par>
<line>9</line></par>
</text>
</block>






<block blockType="Picture" blockName="" l="420" t="1376" r="483" b="1418"><region><rect/></region>
</block>
</page>
<page width="2336" height="1653" resolution="200">
<block><region><rect/></region>
<text>
<par>
<line>Etival-Les-Le-Mans (72) - Plan Local d'Urbanisme</line></par>
</text>
</block>
<block><region><rect/></region>
<text>
<par>
<line>Document n°3 : Orientations d’Aménagement</line></par>
</text>
</block>
<block><region><rect/></region>
<text>
<par>
<line>3.ORIENTATIONS D’AMENAGEMENT SECTEUR PONT CHABEAU_</line></par>
<par>
<line>Les objectifs de la commune</line></par>
<par>
<line>La commune d’Etival-lès-le-Mans a identifié la zone du Pont Chabeau comme un secteur stratégique de son développement.</line></par>
<par>
<line>Pour répondre au besoin d’accueil de nouveaux habitants nécessaire à la pérennité des équipements communaux, la commune d’Etival va engager sur cette zone de 5,76</line>
<line>ha la construction d’environ 80 à 90 logements.</line></par>
<par>
<line>Dans le cadre de ce projet de lotissement, la commune souhaite s’engager dans une démarche de type éco-quartier dont les trois grands principes sont ;</line></par>
<par>
<line>- Un quartier qui s’inscrit dans le prolongement naturel du bourg par des cheminements piétons et des vues;</line></par>
<par>
<line>- Un quartier qui propose des formes d'habitat diversifiées et évolutives pour toute la population ;</line></par>
<par>
<line>- Un quartier qui offre un cadre de vie de qualité basé sur une économie des ressources et sur une grande présence des espaces verts.</line></par>
<par>
<line>Les principes développés ci-après et illustrés dans les schémas d’orientations d’aménagement sont opposables aux occupations et utilisations du soi.</line></par>
</text>
</block>
<block><region><rect/></region>
<text>
<par>
<line>ARCHITOUR Architectes Associés &amp; Atelier ACT Urba</line></par>
</text>
</block>
<block><region><rect/></region>
<text>
<par>
<line>10</line></par>
</text>
</block>


</page>
<page width="2336" height="1653" resolution="200">
<block><region><rect/></region>
<text>
<par>
<line>Etival-Les-Le-Mans (72) - Plan Local d'Urbanisme</line></par>
</text>
</block>
<block><region><rect/></region>
<text>
<par>
<line>Document : Orientations d’Aménagement</line></par>
</text>
</block>
<block><region><rect/></region>
<text>
<par>
<line>1- Gestion des déplacements</line></par>
<par>
<line>La desserte principale :</line></par>
<par>
<line>L’opération sera desservie par une voie principale qui devra relier la route de Voivres (voie communale n°402) et à la route de Louplande (voie communale</line></par>
<par>
<line>n'’401).</line></par>
<par>
<line>Le raccordement aux deux voies existantes devra faire l’objet d’aménagements sécurisés et préservant au maximum la végétation en place :</line></par>
<par>
<line>■ Raccordement sur la route de Louplande : le tracé de la voie principale sera réalisé de manière à altérer au minimum le chemin creux (chemin rural n°9) et à</line>
<line>conserver un maximum l’alignement de chênes existants.</line></par>
<par>
<line>■ Raccordement aux deux voies : le tracé sera conçu de manière à limiter les nuisances pour les parcelles mitoyennes, en diffusant le trafic routier sur les</line>
<line>deux accès.</line></par>
<par>
<line>■ Le tracé de la voie principale, qui assurera une connexion Est/Ouest sera conçu de manière à respecter la topographie existante et à limiter la vitesse de</line>
<line>circulation des véhicules</line></par>
<par>
<line>■ La voie principale sera à double sens.</line></par>
<par>
<line>Les dessertes secondaires :</line></par>
<par>
<line>■ Des voies secondaires plus étroites compléteront le réseau de voies pour desservir les ilôts. Leur largeur variable permettra soit un double sens soit un sens</line>
<line>unique, et seront accompagnées d’un accotement piétonnier et/ou d’une noue.</line></par>
<par>
<line>■ Au moins une de ces voies secondaires devra être conçue de manière à pouvoir se prolonger à plus long terme pour désenclaver les arrières de parcelles</line>
<line>prenant accès sur la route de Voivres.</line></par>
<par>
<line>Les cheminements piétons :</line></par>
<par>
<line>Les circulations piétonnes seront favorisées au sein de l’opération par la création au minimum :</line></par>
<par>
<line>■ D’Une circulation piétonne principale Nord/Sud, face à la rue Pierre de Coubertin, qui permettra de relier le lotissement au centre bourg, en passant par le</line>
<line>parc paysager de l’opération. A moyen terme un cheminement piéton longeant le ruisseau du Pont du Chabeau devra laisser la possibilité de rejoindre l’Orne</line>
<line>Champenoise et l’école.</line></par>
<par>
<line>■ Des circulations piétonnes Est/ Ouest qui permettent de relier le chemin creux à l’Est avec la route de Voivres. Un réseau de cheminements Nord/Sud.</line></par>
</text>
</block>
<block><region><rect/></region>
<text>
<par>
<line>ARCHITOUR Architectes Associés &amp; Atelier ACT Urba</line></par>
</text>
</block>
<block><region><rect/></region>
<text>
<par>
<line>11</line></par>
</text>
</block>


</page>
<page width="2336" height="1653" resolution="200">
<block><region><rect/></region>
<text>
<par>
<line>Etival-Les-Le-Mans (72) - Plan Local d'Urbanisme</line></par>
</text>
</block>
<block><region><rect/></region>
<text>
<par>
<line>Document n'‘3 : Orientations d'Aménagement</line></par>
</text>
</block>
<block><region><rect/></region>
<text>
<par>
<line>JJ</line></par>
</text>
</block>
<block><region><rect/></region>
<text>
<par/>
</text>
</block>
<block><region><rect/></region>
<text>
<par/>
</text>
</block>
<block><region><rect/></region>
<text>
<par/>
</text>
</block>
<block><region><rect/></region>
<text>
<par>
<line>SCHEMA D'ORIENTATIONS</line></par>
<par>
<line>D'AMENAGEMENT</line></par>
<par>
<line>PontChabeau</line></par>
</text>
</block>
<block><region><rect/></region>
<text>
<par/>
</text>
</block>
<block><region><rect/></region>
<text>
<par/>
</text>
</block>
<block><region><rect/></region>
<text>
<par>
<line>O</line></par>
</text>
</block>
<block><region><rect/></region>
<text>
<par/>
</text>
</block>
<block><region><rect/></region>
<text>
<par>
<line>O</line></par>
</text>
</block>
<block><region><rect/></region>
<text>
<par>
<line>a</line></par>
</text>
</block>
<block><region><rect/></region>
<text>
<par>
<line>a</line></par>
</text>
</block>
<block><region><rect/></region>
<text>
<par>
<line>O</line></par>
</text>
</block>
<block><region><rect/></region>
<text>
<par>
<line>a</line></par>
</text>
</block>
<block><region><rect/></region>
<text>
<par/>
</text>
</block>
<block><region><rect/></region>
<text>
<par>
<line>Accès et desserte</line></par>
</text>
</block>
<block><region><rect/></region>
<text>
<par>
<line>a</line></par>
</text>
</block>
<block><region><rect/></region>
<text>
<par>
<line>O</line></par>
</text>
</block>
<block><region><rect/></region>
<text>
<par/>
</text>
</block>
<block><region><rect/></region>
<text>
<par/>
</text>
</block>
<block><region><rect/></region>
<text>
<par>
<line>a</line></par>
</text>
</block>
<block><region><rect/></region>
<text>
<par>
<line>D</line></par>
</text>
</block>
<block><region><rect/></region>
<text>
<par>
<line>a</line></par>
</text>
</block>
<block><region><rect/></region>
<text>
<par>
<line>Q</line></par>
</text>
</block>
<block><region><rect/></region>
<text>
<par/>
</text>
</block>
<block><region><rect/></region>
<text>
<par>
<line>L»l Périmètre de roperation</line>
<line>Principe de voie principale</line>
<line>^ Placette centrale</line>
<line>■■ Voie à requalifier</line></par>
<par>
<line>Principes de liaisons piétonnes</line></par>
</text>
</block>
<block><region><rect/></region>
<text>
<par>
<line>Q</line></par>
</text>
</block>
<block><region><rect/></region>
<text>
<par>
<line>O</line></par>
</text>
</block>
<block><region><rect/></region>
<text>
<par>
<line>(7</line></par>
</text>
</block>
<block><region><rect/></region>
<text>
<par>
<line>n</line></par>
</text>
</block>
<block><region><rect/></region>
<text>
<par>
<line>O</line></par>
</text>
</block>
<block><region><rect/></region>
<text>
<par>
<line>O</line></par>
</text>
</block>
<block><region><rect/></region>
<text>
<par/>
</text>
</block>
<block><region><rect/></region>
<text>
<par>
<line>0</line></par>
</text>
</block>
<block><region><rect/></region>
<text>
<par>
<line>O</line></par>
</text>
</block>
<block><region><rect/></region>
<text>
<par>
<line>d</line></par>
</text>
</block>
<block><region><rect/></region>
<text>
<par>
<line>n</line></par>
</text>
</block>
<block><region><rect/></region>
<text>
<par>
<line>D</line></par>
</text>
</block>
<block><region><rect/></region>
<text>
<par>
<line>O</line></par>
</text>
</block>
<block><region><rect/></region>
<text>
<par>
<line>O</line></par>
</text>
</block>
<block><region><rect/></region>
<text>
<par>
<line>O</line></par>
</text>
</block>
<block><region><rect/></region>
<text>
<par/>
</text>
</block>
<block><region><rect/></region>
<text>
<par>
<line>□</line></par>
</text>
</block>
<block><region><rect/></region>
<text>
<par>
<line>0</line></par>
</text>
</block>
<block><region><rect/></region>
<text>
<par>
<line>O</line></par>
</text>
</block>
<block><region><rect/></region>
<text>
<par>
<line>&lt;&gt;</line></par>
</text>
</block>
<block><region><rect/></region>
<text>
<par>
<line>O</line></par>
</text>
</block>
<block><region><rect/></region>
<text>
<par>
<line>en</line></par>
</text>
</block>
<block><region><rect/></region>
<text>
<par>
<line>O</line></par>
</text>
</block>
<block><region><rect/></region>
<text>
<par/>
</text>
</block>
<block><region><rect/></region>
<text>
<par/>
</text>
</block>
<block><region><rect/></region>
<text>
<par/>
</text>
</block>
<block><region><rect/></region>
<text>
<par>
<line>n</line></par>
</text>
</block>
<block><region><rect/></region>
<text>
<par/>
</text>
</block>
<block><region><rect/></region>
<text>
<par>
<line>C=i</line></par>
</text>
</block>
<block><region><rect/></region>
<text>
<par>
<line>□</line></par>
</text>
</block>
<block><region><rect/></region>
<text>
<par/>
</text>
</block>
<block><region><rect/></region>
<text>
<par>
<line>e&gt;</line></par>
</text>
</block>
<block><region><rect/></region>
<text>
<par/>
</text>
</block>
<block><region><rect/></region>
<text>
<par/>
</text>
</block>
<block><region><rect/></region>
<text>
<par>
<line>ARCHITOUR Architectes Associés &amp; Atelier ACT Urba</line></par>
</text>
</block>
<block><region><rect/></region>
<text>
<par>
<line>12</line></par>
</text>
</block>


































<block blockType="Picture" blockName="" l="1550" t="607" r="1598" b="720"><region><rect/></region>
</block>
</page>
<page width="2345" height="1666" resolution="200">
<block><region><rect/></region>
<text>
<par>
<line>Etival-Les-Le-Mans (72) - Plan Local d’Urbanisme</line></par>
</text>
</block>
<block><region><rect/></region>
<text>
<par>
<line>Document n°3 : Orientations d'Aménagement</line></par>
</text>
</block>
<block><region><rect/></region>
<text>
<par>
<line>2- Composition urbaine et paysagère</line></par>
<par>
<line>Composition paysagère</line></par>
<par>
<line>L’opération est délimitée par plusieurs entités paysagères qui ont aussi un rôle écologique :</line></par>
<par>
<line>■ Le chemin creux (chemin rural n^S) qui borde l’Est de l’opération, qui se prolonge ensuite jusqu’au Nord de la commune et qui permet de rejoindre à pied les</line>
<line>équipements sportifs. Le chemin creux est bordé d’un alignement d’arbres (chênes) et de talus qui lui confèrent un rôle de corridor écologique.</line></par>
<par>
<line>■ Le ruisseau du Pont Chabeau , la ripisylve, les zones humides (mares privées), les fossés plantés qui lui sont associés forment un écosystème à protéger. Le</line>
<line>Pont Chabeau est un affluent de l’Orne Champenoise avec laquelle il constitue « la ceinture verte » de la commune.</line></par>
<par>
<line>L’opération devra protéger et mettre en valeur ces deux entités paysagères et écologiques en organisant :</line></par>
<par>
<line>■ Un parc paysager d’environ 7500m2 dans le prolongement de la vallée du Pont Chabeau au Nord du site. Ce parc répondra aux besoins d’espaces verts</line>
<line>pour l’ensemble de l’opération et jouera un rôle d’espace de rencontre et de loisirs pour les quartiers environnants. Il sera majoritairement planté et pourra</line>
<line>comprendre des espaces non clos de gestion des eaux pluviales. Des aménagements légers seront prévus privilégiant les matériaux naturels et locaux (jeux</line>
<line>d’enfants, bancs,..).</line></par>
<par>
<line>■ Une place centrale, aux fonctions hydrauliques, de stationnement et de rencontre.</line></par>
</text>
</block>
<block><region><rect/></region>
<text>
<par>
<line>ARCHITOUR Architectes Associés &amp; Atelier ACT Urba</line></par>
</text>
</block>
<block><region><rect/></region>
<text>
<par>
<line>13</line></par>
</text>
</block>


</page>
<page width="2339" height="1657" resolution="200">
<block><region><rect/></region>
<text>
<par>
<line>Etival-Les-Le-Mans (72) - Plan Local d’Urbanisme</line></par>
</text>
</block>
<block><region><rect/></region>
<text>
<par>
<line>Document n’3 : Orientations d'Aménagement</line></par>
</text>
</block>
<block><region><rect/></region>
<text>
<par>
<line>TT^</line></par>
</text>
</block>
<block><region><rect/></region>
<text>
<par/>
</text>
</block>
<block><region><rect/></region>
<text>
<par/>
</text>
</block>
<block><region><rect/></region>
<text>
<par/>
</text>
</block>
<block><region><rect/></region>
<text>
<par>
<line>a</line></par>
</text>
</block>
<block><region><rect/></region>
<text>
<par>
<line>SCHEMA D'ORIENTATIONS</line>
<line>D'AMENAGEMENT</line>
<line>Pont Chabeau</line></par>
</text>
</block>
<block><region><rect/></region>
<text>
<par/>
</text>
</block>
<block><region><rect/></region>
<text>
<par>
<line>O</line></par>
</text>
</block>
<block><region><rect/></region>
<text>
<par/>
</text>
</block>
<block><region><rect/></region>
<text>
<par>
<line>D</line></par>
</text>
</block>
<block><region><rect/></region>
<text>
<par>
<line>a</line></par>
</text>
</block>
<block><region><rect/></region>
<text>
<par>
<line>a</line></par>
</text>
</block>
<block><region><rect/></region>
<text>
<par/>
</text>
</block>
<block><region><rect/></region>
<text>
<par>
<line>a</line></par>
</text>
</block>
<block><region><rect/></region>
<text>
<par/>
</text>
</block>
<block><region><rect/></region>
<text>
<par>
<line>Composition</line></par>
</text>
</block>
<block><region><rect/></region>
<text>
<par>
<line>□</line></par>
</text>
</block>
<block><region><rect/></region>
<text>
<par>
<line>a</line></par>
</text>
</block>
<block><region><rect/></region>
<text>
<par/>
</text>
</block>
<block><region><rect/></region>
<text>
<par/>
</text>
</block>
<block><region><rect/></region>
<text>
<par>
<line>a</line></par>
</text>
</block>
<block><region><rect/></region>
<text>
<par>
<line>Q</line></par>
</text>
</block>
<block><region><rect/></region>
<text>
<par>
<line>a</line></par>
</text>
</block>
<block><region><rect/></region>
<text>
<par>
<line>□</line></par>
</text>
</block>
<block><region><rect/></region>
<text>
<par>
<line>n</line></par>
</text>
</block>
<block><region><rect/></region>
<text>
<par>
<line>O</line></par>
</text>
</block>
<block><region><rect/></region>
<text>
<par>
<line>G'</line></par>
</text>
</block>
<block><region><rect/></region>
<text>
<par>
<line>a</line></par>
</text>
</block>
<block><region><rect/></region>
<text>
<par>
<line>Périmètre de l'opération</line>
<line>4-i^ Principe de voie principale</line>
<line>^ Placette centrale</line>
<line>■■ip Espace paysager commun</line></par>
</text>
</block>
<block><region><rect/></region>
<text>
<par>
<line>P</line></par>
</text>
</block>
<block><region><rect/></region>
<text>
<par>
<line>O</line></par>
</text>
</block>
<block><region><rect/></region>
<text>
<par>
<line>O</line></par>
</text>
</block>
<block><region><rect/></region>
<text>
<par>
<line>0</line></par>
</text>
</block>
<block><region><rect/></region>
<text>
<par>
<line>O</line></par>
</text>
</block>
<block><region><rect/></region>
<text>
<par/>
</text>
</block>
<block><region><rect/></region>
<text>
<par>
<line>n</line></par>
</text>
</block>
<block><region><rect/></region>
<text>
<par>
<line>n</line></par>
</text>
</block>
<block><region><rect/></region>
<text>
<par>
<line>O</line></par>
</text>
</block>
<block><region><rect/></region>
<text>
<par>
<line>C3</line></par>
</text>
</block>
<block><region><rect/></region>
<text>
<par>
<line>O</line></par>
</text>
</block>
<block><region><rect/></region>
<text>
<par/>
</text>
</block>
<block><region><rect/></region>
<text>
<par>
<line>D</line></par>
</text>
</block>
<block><region><rect/></region>
<text>
<par>
<line>0</line></par>
</text>
</block>
<block><region><rect/></region>
<text>
<par>
<line>O</line></par>
</text>
</block>
<block><region><rect/></region>
<text>
<par>
<line>O</line></par>
</text>
</block>
<block><region><rect/></region>
<text>
<par>
<line>O</line></par>
</text>
</block>
<block><region><rect/></region>
<text>
<par>
<line>O Ac=3</line>
<line>\ A \</line></par>
</text>
</block>
<block><region><rect/></region>
<text>
<par/>
</text>
</block>
<block><region><rect/></region>
<text>
<par/>
</text>
</block>
<block><region><rect/></region>
<text>
<par>
<line>a</line></par>
</text>
</block>
<block><region><rect/></region>
<text>
<par/>
</text>
</block>
<block><region><rect/></region>
<text>
<par/>
</text>
</block>
<block><region><rect/></region>
<text>
<par>
<line>□</line></par>
</text>
</block>
<block><region><rect/></region>
<text>
<par>
<line>A</line></par>
</text>
</block>
<block><region><rect/></region>
<text>
<par>
<line>L</line></par>
</text>
</block>
<block><region><rect/></region>
<text>
<par>
<line>A</line></par>
</text>
</block>
<block><region><rect/></region>
<text>
<par>
<line>&lt;2</line></par>
</text>
</block>
<block><region><rect/></region>
<text>
<par/>
</text>
</block>
<block><region><rect/></region>
<text>
<par>
<line>ARCHITOUR Architectes Associés &amp; Atelier ACT Urba</line></par>
</text>
</block>
<block><region><rect/></region>
<text>
<par>
<line>14</line></par>
</text>
</block>



















































</page>
<page width="2342" height="1662" resolution="200">
<block><region><rect/></region>
<text>
<par>
<line>Etivat-Les-Le-Mans (72) - Plan Local d’Urbanisme</line></par>
</text>
</block>
<block><region><rect/></region>
<text>
<par>
<line>Document n"3 : Orientations d'Aménagement</line></par>
</text>
</block>
<block><region><rect/></region>
<text>
<par>
<line>4- Recommandations environnementales</line></par>
<par>
<line>Principes généraux préconisés :</line></par>
<par>
<line>Economies d'énergie :</line></par>
<par>
<line>■ Les habitations, dans leur conception, devront tenir compte de l'orientation et de la configuration de la parcelle pour optimiser les économies d'énergie.</line></par>
<par>
<line>■ Une orientation Sud des ouvertures sera recherchée pour profiter au maximum des apports solaires naturels en période hivernale tout en se protégeant</line>
<line>efficacement en été.</line></par>
<par>
<line>■ Les constructions devront présenter un volume simple et compact pour limiter les déperditions de chaleur.</line></par>
<par>
<line>■ Des dispositifs de production d'énergie renouvelable pourront être mis en œuvre, à condition de soigner leur intégration paysagère (panneaux solaires,</line>
<line>photovoltaïques,...).</line></par>
<par>
<line>Gestion de l'eau :</line></par>
<par>
<line>L'aménagement de l'opération d'ensemble devra intégrer dans sa conception, des dispositifs collectifs de gestion des eaux pluviales pour limiter les débits en</line></par>
<par>
<line>aval de l'opération et les rejets dans le ruisseau du Pont Chabeau.</line></par>
<par>
<line>■ Les bassins de gestion des eaux pluviales devront faire l’objet d’un traitement végétal spécifique pour participer à l’animation et à l’agrément du parc</line>
<line>paysager.</line></par>
<par>
<line>■ Réaliser en matériaux poreux (pavages sur lit de sable, stabilisé, graviers,...) les allées de garage, espaces de stationnement et de circulation sur les</line>
<line>parcelles.</line></par>
</text>
</block>
<block><region><rect/></region>
<text>
<par>
<line>ARCHITOUR Architectes Associés &amp; Atelier ACT Urba</line></par>
</text>
</block>
<block><region><rect/></region>
<text>
<par>
<line>15</line></par>
</text>
</block>



</page>
<page width="2344" height="1664" resolution="200">
<block><region><rect/></region>
<text>
<par>
<line>Etival-Les-Le-Mans (72) - Plan Local d’Urbanisme</line></par>
</text>
</block>
<block><region><rect/></region>
<text>
<par>
<line>Document n°3 : Orientations d’Aménagement</line></par>
</text>
</block>
<block><region><rect/></region>
<text>
<par>
<line>4.ORIENTATIONS D’AMENAGEMENT SECTEUR LA CROIX LA CHAUSSEE</line></par>
</text>
</block>
<block><region><rect/></region>
<text>
<par/>
</text>
</block>
<block><region><rect/></region>
<text>
<par/>
</text>
</block>
<block><region><rect/></region>
<text>
<par/>
</text>
</block>
<block><region><rect/></region>
<text>
<par>
<line>Esp«» vcriscommuni</line></par>
</text>
</block>
<block><region><rect/></region>
<text>
<par>
<line>Secleurderétmtkjndeseauxpluviales — » ■ •</line></par>
</text>
</block>
<block><region><rect/></region>
<text>
<par>
<line>Haies fmisfantes</line></par>
</text>
</block>
<block><region><rect/></region>
<text>
<par>
<line>Voie pniKipale existante</line></par>
<par>
<line>Voie principe i</line>
<line>Voie secondaire à Cr^r</line></par>
<par>
<line>Cheminement p&gt;eton â créer</line></par>
</text>
</block>
<block><region><rect/></region>
<text>
<par>
<line>Une voie principale desservira la zone, sur laquelle</line>
<line>viendront se greffer des voies secondaires</line>
<line>principalement axées Est-Ouest.</line></par>
<par>
<line>Des perspectives visuelles vers les vallons seront</line>
<line>laissées libres dans Taxe des voies pour offrir des</line>
<line>points de vue vers l’extérieur du quartier.</line></par>
<par>
<line>Des cheminements piétons sécurisées et traités avec</line>
<line>soin (accompagnements paysagers,...) viendront</line>
<line>desservir l’opération et offriront des liaisons vers le</line>
<line>centre bourg et les sentiers pédestres des vallons.</line></par>
<par>
<line>Des espaces verts et plantations viendront</line>
<line>accompagner les limites extérieures du quartier et</line>
<line>assurer une transition douce vers les espaces naturels</line>
<line>des vallons. Ils serviront d’espaces d’agréments pour</line>
<line>les habitants du quartier.</line></par>
<par>
<line>Des extensions ultérieures en partie sud du terrain</line>
<line>pourront être envisagées à long terme. Une amorce</line>
<line>de voie devra être conservée à cet effet.</line></par>
<par>
<line>La gestion des eaux pluviales pourra être réalisée en</line>
<line>continuité des voies et sur les points bas de</line>
<line>l’opération.</line></par>
</text>
</block>
<block><region><rect/></region>
<text>
<par>
<line>ARCHITOUR Architectes Associés &amp; Atelier ACT Urba</line></par>
</text>
</block>
<block><region><rect/></region>
<text>
<par>
<line>16</line></par>
</text>
</block>

















</page>
<page width="2343" height="1663" resolution="200">
<block><region><rect/></region>
<text>
<par>
<line>Etival-Les-Le-Mans (72) - Plan Local d'Urbanisme</line></par>
</text>
</block>
<block><region><rect/></region>
<text>
<par>
<line>Document n°3 : Orientations d'Aménagement</line></par>
</text>
</block>
<block><region><rect/></region>
<text>
<par>
<line>5. ORIENTATIONS D’AMENAGEMENT SECTEUR CENTRE BOURG</line></par>
</text>
</block>
<block><region><rect/></region>
<text>
<par>
<line>►</line></par>
</text>
</block>
<block blockType="Table" blockName="" l="394" t="1267" r="878" b="1504"><region><rect/></region>
<row>
<cell rightBorder="White" width="115" height="92">
<text>
<par/>
</text></cell>
<cell leftBorder="White" rightBorder="White" width="99" height="92">
<text>
<par/>
</text></cell>
<cell leftBorder="White" bottomBorder="White" width="270" height="92">
<text>
<par>
<line>Accès â créer</line></par>
</text></cell></row>
<row>
<cell rightBorder="White" bottomBorder="White" width="115" height="54">
<text>
<par/>
</text></cell>
<cell leftBorder="White" rightBorder="White" bottomBorder="White" width="99" height="54">
<text>
<par/>
</text></cell>
<cell leftBorder="White" topBorder="White" bottomBorder="White" width="270" height="54">
<text>
<par>
<line>Cheminemeni piéton existant</line></par>
</text></cell></row>
<row>
<cell topBorder="White" rightBorder="White" width="115" height="37">
<text>
<par/>
</text></cell>
<cell leftBorder="White" topBorder="White" rightBorder="White" width="99" height="37">
<text>
<par/>
</text></cell>
<cell rowSpan="2" leftBorder="White" topBorder="White" width="270" height="91">
<text>
<par>
<line>Clwmitwment piéton a créer</line></par>
</text></cell></row>
<row>
<cell rightBorder="White" width="115" height="54">
<text>
<par/>
</text></cell>
<cell leftBorder="White" rightBorder="White" width="99" height="54">
<text>
<par/>
</text></cell></row>
</block>
<block><region><rect/></region>
<text>
<par>
<line>Le renouvellement urbain des deux ilôts ciblés devra</line>
<line>permettre la réalisation d’opérations mixtes</line>
<line>comprenant une diversité de types de logements. On</line>
<line>proposera notamment des petits logements locatifs.</line></par>
<par>
<line>Ces opérations pourront également comprendre des</line>
<line>commerces ou services en rez-de-chaussée des</line>
<line>nouvelles constructions.</line></par>
<par>
<line>Les façades sur les rues principales devront marquer</line>
<line>une continuité des alignements bâtis et souligner le</line>
<line>caractère urbain du centre bourg.</line></par>
<par>
<line>Les aménagements conserveront des possibilités de</line>
<line>traversée par les piétons pour faciliter les</line>
<line>déplacements doux.</line></par>
</text>
</block>
<block><region><rect/></region>
<text>
<par>
<line>ARCHITOUR Architectes Associés &amp; Atelier ACT Urba</line></par>
</text>
</block>
<block><region><rect/></region>
<text>
<par>
<line>17</line></par>
</text>
</block>



















</page>
<page width="2348" height="1669" resolution="200">
<block><region><rect/></region>
<text>
<par>
<line>Etival-Les-Le-Mans (72) - Plan Local d’Urbanisme</line></par>
</text>
</block>
<block><region><rect/></region>
<text>
<par>
<line>Document n‘3 : Orientations d'Aménagement</line></par>
</text>
</block>
<block><region><rect/></region>
<text>
<par>
<line>6. ORIENTATIONS D’AMENAGEMENT SECTEUR LA FERRIERE</line></par>
</text>
</block>
<block><region><rect/></region>
<text>
<par>
<line>Orientations d'aménagement</line>
<line>Zone artisanale de La Ferrière</line></par>
</text>
</block>
<block><region><rect/></region>
<text>
<par>
<line>Gymnas«</line></par>
</text>
</block>
<block><region><rect/></region>
<text>
<par>
<line>SectMii dedie ^ ,</line>
<line>«l'inîtallation \ _</line>
<line>d'arti»ns t W</line></par>
</text>
</block>
<block><region><rect/></region>
<text>
<par>
<line>Hms fficisunm</line></par>
</text>
</block>
<block><region><rect/></region>
<text>
<par/>
</text>
</block>
<block><region><rect/></region>
<text>
<par>
<line>HMsaCrMr</line></par>
<par>
<line>Plâ r)tai tom d'dltçrtcflicnr a crMr</line></par>
</text>
</block>
<block><region><rect/></region>
<text>
<par>
<line>Vo4e de desserte i créer</line></par>
<par>
<line>AM^nement bâtt i marquer</line></par>
<par>
<line>Up9W de Mockeçe et</line>
<line>lechnigtfe) é Verrière des Utlments</line></par>
</text>
</block>
<block><region><rect/></region>
<text>
<par>
<line>On conservera les haies paysagères pour participer à</line>
<line>intégrer les nouveaux bâtiments dans le paysage.</line></par>
<par>
<line>Des arbres d’alignement viendront jalonner la voie de</line>
<line>desserte de la zone. On reportera sur les arrières des</line>
<line>terrains les installations de stockage de matériaux, de</line>
<line>stationnement de véhicules pour proposer une façade</line>
<line>soignée sur la voie de desserte.</line></par>
<par>
<line>Les façades des constructions à usage d’activités</line>
<line>s’implanteront sur un même alignement pour bien</line>
<line>structurer l’espace public.</line></par>
<par>
<line>La voie de desserte devra pouvoir continuer de</line>
<line>supporter des cheminements piétons sécurisés</line>
<line>(continuité du CR 9) en accompagnement de la haie.</line></par>
</text>
</block>
<block><region><rect/></region>
<text>
<par>
<line>ARCHITOUR Architectes Associés &amp; Atelier ACT Urba</line></par>
</text>
</block>
<block><region><rect/></region>
<text>
<par>
<line>18</line></par>
</text>
</block>












</page>
</OAP>