<?xml version="1.0" encoding="UTF-8"?><OAP>
<page width="1654" height="2339" resolution="200">
<block><region><rect/></region>
<text>
<par>
<line>DEPARTEMENT DE LA SARTHE</line></par>
</text>
</block>
<block><region><rect/></region>
<text>
<par>
<line>COMMUNE DE LUCEAU</line></par>
</text>
</block>
<block><region><rect/></region>
<text>
<par>
<line>PLAN LOCAL D’URBANISME</line></par>
<par>
<line>MODIFICATION N°1</line></par>
<par>
<line>APRES LA REVISION N°3</line></par>
</text>
</block>
<block><region><rect/></region>
<text>
<par>
<line>2bis</line></par>
</text>
</block>
<block><region><rect/></region>
<text>
<par>
<line>ORIENTATIONS SPECIFIQUES</line>
<line>D’AMENAGEMENT</line>
<line>DE LA ZONE AUh DU COUVENT</line></par>
</text>
</block>
<block><region><rect/></region>
<text>
<par>
<line>DOSSIER</line></par>
<par>
<line>D’APPROBATION DU</line>
<line>Vu pour être annexé à la Délibération</line>
<line>du Conseil Municipal en date du</line></par>
<par>
<line>Robert</line></par>
</text>
</block>
<block><region><rect/></region>
<text>
<par>
<line>ETAT D'AVANCEMENT DU DOSSIER: MODIFICATION N° I APRES LA</line>
<line>REVISION N° 3 APPROUVEE</line></par>
<par>
<line>DATE DE DERNIERE MODIFICATION DE CE DOCUMENT: JUILLET 2007</line></par>
</text>
</block>
<block><region><rect/></region>
<text>
<par>
<line>Xavier DEWAILLY - Urbaniste S. F. U.</line></par>
<par>
<line>136 rue du Bourg Bêlé 72000 LE MANS</line></par>
<par>
<line>TEL : 02 43 28 7115 fax : 02 43 39,93,21 e-mail : urba,dewailIy@wanadoo.fr</line></par>
</text>
</block>






























</page>
<page width="1662" height="2345" resolution="200">
<block><region><rect/></region>
<text>
<par>
<line>INTRODUCTION</line></par>
</text>
</block>
<block><region><rect/></region>
<text>
<par>
<line>Ce document a pour but d’être l’expression territorialisée des politiques publiques de la commune.</line></par>
<par>
<line>L’Article L 123-1 du Code de l’Urbanisme stipule dans son 3^'"® alinéa :</line></par>
<par>
<line>«Ils (Les Plans Locaux d’Urbanisme) peuvent, en outre, comporter des orientations d'aménagement relatives à des</line>
<line>quartiers ou à des secteurs à mettre en valeur, réhabiliter, restructurer ou aménager. Ces orientations peuvent, en cohérence</line>
<line>avec le projet d'aménagement et de développement durable, prévoir les actions et opérations d'aménagement à mettre en</line>
<line>oeuvre, notamment pour mettre en valeur l’environnement, les paysages, les entrées de villes et le patrimoine, lutter contre</line>
<line>l'insalubrité, pennettre le renouvellement urbain et assurer le développement de la commune. Elles peuvent prendre la forme</line>
<line>de schémas d’aménagement et préciser les principales caractéristiques des voies et espaces publics. »</line></par>
<par>
<line>Le décret n® 2004-531 du 9 Juin 2004 relatif aux documents d’urbanisme et modifiant le Code de l’Urbanisme a</line>
<line>introduit après la nouvelle rédaction de l’article R 123-3 un article R 123-3-1 ainsi rédigé :</line></par>
<par>
<line>« Les orientations d’aménagement peuvent, par quartier ou par secteur, prévoir les actions et opérations d’aménagement</line>
<line>mentionnées au troisième alinéa de l’article L 123-1. »</line></par>
<par>
<line>II est apparu souhaitable de définir des orientations spécifiques d’aménagement pour le secteur AUh du Couvent</line></par>
</text>
</block>
<block><region><rect/></region>
<text>
<par>
<line>LES GRANDS PRINCIPES DE L’AMENAGEMENT</line>
<line>DU SECTEUR AUh DU COUVENT</line></par>
<par>
<line>- Imposer un accès glissant sur le CR 76 et éviter les accès automobile sur le chemin rural n® 75 situé au Nord,</line></par>
<par>
<line>- Elargir la chaussée du CR 76 dans son emprise actuelle.</line></par>
<par>
<line>- Aménager à terme le caiTefour entre le CR 76 et la RD 13 afin de relier les zones constructibles de part et d’autre de la</line></par>
<par>
<line>RD 73.</line></par>
</text>
</block>
<block><region><rect/></region>
<text>
<par>
<line>- Limiter le nombre de constructions dans cette zone AUh</line></par>
</text>
</block>
<block><region><rect/></region>
<text>
<par>
<line>- Sauvegarder la haie située au Sud Ouest de la zone AUh et préserver au maximum les arbres remarquables.</line></par>
</text>
</block>


</page>
<page width="2339" height="1654" resolution="200">
<block><region><rect/></region>
<text>
<par>
<line>ORIENTATIONS SPECIFIQUES D'AMENAGEMENT</line></par>
</text>
</block>
<block><region><rect/></region>
<text>
<par/>
</text>
</block>
<block><region><rect/></region>
<text>
<par/>
</text>
</block>
<block><region><rect/></region>
<text>
<par/>
</text>
</block>
<block><region><rect/></region>
<text>
<par/>
</text>
</block>
<block><region><rect/></region>
<text>
<par/>
</text>
</block>
<block><region><rect/></region>
<text>
<par/>
</text>
</block>
<block><region><rect/></region>
<text>
<par/>
</text>
</block>
<block><region><rect/></region>
<text>
<par/>
</text>
</block>
<block><region><rect/></region>
<text>
<par>
<line>I</line></par>
</text>
</block>
<block><region><rect/></region>
<text>
<par/>
</text>
</block>
<block><region><rect/></region>
<text>
<par/>
</text>
</block>
<block><region><rect/></region>
<text>
<par>
<line>■ikef</line></par>
</text>
</block>
<block><region><rect/></region>
<text>
<par/>
</text>
</block>
<block><region><rect/><rect/></region>
<text>
<par/>
</text>
</block>
<block><region><rect/></region>
<text>
<par/>
</text>
</block>
<block><region><rect/></region>
<text>
<par>
<line>r</line></par>
</text>
</block>
<block><region><rect/></region>
<text>
<par/>
</text>
</block>
<block><region><rect/></region>
<text>
<par/>
</text>
</block>
<block><region><rect/></region>
<text>
<par/>
</text>
</block>
<block><region><rect/></region>
<text>
<par>
<line>««</line></par>
</text>
</block>
<block><region><rect/></region>
<text>
<par>
<line>irS</line></par>
</text>
</block>
<block><region><rect/></region>
<text>
<par>
<line>îsTv</line></par>
</text>
</block>
<block><region><rect/></region>
<text>
<par/>
</text>
</block>
<block><region><rect/></region>
<text>
<par>
<line>t</line></par>
</text>
</block>
<block><region><rect/></region>
<text>
<par/>
</text>
</block>
<block><region><rect/></region>
<text>
<par>
<line>•f</line></par>
</text>
</block>
<block><region><rect/></region>
<text>
<par>
<line>à</line></par>
</text>
</block>
<block><region><rect/></region>
<text>
<par/>
</text>
</block>
<block><region><rect/></region>
<text>
<par>
<line>»</line></par>
</text>
</block>
<block><region><rect/></region>
<text>
<par/>
</text>
</block>
<block><region><rect/></region>
<text>
<par>
<line>vA</line></par>
</text>
</block>
<block><region><rect/></region>
<text>
<par/>
</text>
</block>
<block><region><rect/></region>
<text>
<par/>
</text>
</block>
<block><region><rect/></region>
<text>
<par>
<line>»■</line></par>
</text>
</block>
<block><region><rect/></region>
<text>
<par>
<line>f</line></par>
</text>
</block>
<block><region><rect/></region>
<text>
<par/>
</text>
</block>
<block><region><rect/></region>
<text>
<par>
<line>Ch</line></par>
</text>
</block>
<block><region><rect/></region>
<text>
<par/>
</text>
</block>






<block blockType="Picture" blockName="" l="623" t="1275" r="693" b="1319"><region><rect/></region>
</block>
<block blockType="Picture" blockName="" l="858" t="729" r="881" b="894"><region><rect/></region>
</block>
<block blockType="Picture" blockName="" l="453" t="1246" r="510" b="1270"><region><rect/></region>
</block>
<block blockType="Picture" blockName="" l="260" t="145" r="1474" b="263"><region><rect/></region>
</block>
</page>
</OAP>