<?xml version="1.0" encoding="UTF-8"?><OAP>
<page width="2479" height="3508" resolution="300">
<block><region><rect/></region>
<text>
<par>
<line>Commune de</line></par>
<par>
<line>M areil sur Loir</line></par>
</text>
</block>
<block blockType="Table" blockName="" l="294" t="1483" r="2186" b="1921"><region><rect/></region>
<row>
<cell width="279" height="137">
<text>
<par>
<line>Procédure</line></par>
</text></cell>
<cell width="280" height="137">
<text>
<par>
<line>Document</line></par>
</text></cell>
<cell width="278" height="137">
<text>
<par>
<line>Prescriptio</line></par>
<par>
<line>n</line></par>
</text></cell>
<cell width="278" height="137">
<text>
<par>
<line>Approbatio</line></par>
<par>
<line>n</line></par>
</text></cell>
<cell width="278" height="137">
<text>
<par>
<line>E ntrée en</line>
<line>vigueur</line></par>
</text></cell>
<cell width="499" height="137">
<text>
<par>
<line>Numérisation</line></par>
</text></cell></row>
<row>
<cell width="279" height="139">
<text>
<par>
<line>révision</line></par>
</text></cell>
<cell width="280" height="139">
<text>
<par>
<line>PLU</line></par>
</text></cell>
<cell width="278" height="139">
<text>
<par>
<line>17/07/2006</line></par>
</text></cell>
<cell width="278" height="139">
<text>
<par>
<line>03/03/2008</line></par>
</text></cell>
<cell width="278" height="139">
<text>
<par/>
</text></cell>
<cell width="499" height="139">
<text>
<par>
<line>Actualisée le</line>
<line>23/01/2009</line></par>
</text></cell></row>
<row>
<cell width="279" height="81">
<text>
<par>
<line>révision</line></par>
</text></cell>
<cell width="280" height="81">
<text>
<par>
<line>POS</line></par>
</text></cell>
<cell width="278" height="81">
<text>
<par>
<line>15/02/1990</line></par>
</text></cell>
<cell width="278" height="81">
<text>
<par>
<line>02/05/1996</line></par>
</text></cell>
<cell width="278" height="81">
<text>
<par>
<line>03/06/1996</line></par>
</text></cell>
<cell width="499" height="81">
<text>
<par/>
</text></cell></row>
<row>
<cell width="279" height="81">
<text>
<par>
<line>élaboration</line></par>
</text></cell>
<cell width="280" height="81">
<text>
<par>
<line>POS</line></par>
</text></cell>
<cell width="278" height="81">
<text>
<par>
<line>19/07/1977</line></par>
</text></cell>
<cell width="278" height="81">
<text>
<par>
<line>29/10/1985</line></par>
</text></cell>
<cell width="278" height="81">
<text>
<par/>
</text></cell>
<cell width="499" height="81">
<text>
<par/>
</text></cell></row>
</block>
<block><region><rect/></region>
<text>
<par>
<line>Orientations d'aménagements</line></par>
</text>
</block>









</page>
<page width="2479" height="3508" resolution="300">
<block><region><rect/></region>
<text>
<par>
<line>INTRODUCTION</line></par>
</text>
</block>
<block><region><rect/></region>
<text>
<par>
<line>Ce document a pour but d'être l'expression territorialisée des politiques publiques de la commune.</line></par>
<par>
<line>11 traduit en projets plus précis les grandes orientations du Projet d'Aménagement et de Développement</line>
<line>Durable, approuvées par délibération par le Conseil M unicipal en date du 5 février 2007.</line></par>
<par>
<line>L'Article L 123-1 du C ode de l'U rbani sme sti pul e dans son 3ème al i néa :</line></par>
<par>
<line>« Ils (Les Plans Locaux d'Urbanisme) peuvent, en outre, comporter des orientations d'aménagement</line>
<line>relatives à des quartiers ou à des secteurs à mettre en valeur, réhabiliter, restructurer ou aménager. Ces</line>
<line>orientations peuvent, en cohérence avec le projet d'aménagement et de développement durable, prévoir les</line>
<line>actions et opérations d'aménagement à mettre en œuvre, notamment pour mettre en valeur l'environnement, les</line>
<line>paysages, les entrées de villes et le patrimoine, lutter contre l'insalubrité, permettre le renouvellement urbain et</line>
<line>assurer le développement de la commune. Elles peuvent prendre la forme de schémas d'aménagement et préciser</line>
<line>les principales caractéristiques des voies et espaces publics. »</line></par>
<par>
<line>Le décret n° 2004-531 du 9 juin 2004 relatif aux documents d'urbanisme et modifiant le Code de</line>
<line>l'Urbanisme a introduit après la nouvelle rédaction de l'article R 123-3 un article R 123-3-1 ainsi rédigé :</line></par>
<par>
<line>« Les orientations d'aménagement peuvent, par quartier ou par secteur, prévoir les actions et opérations</line>
<line>d'aménagement mentionnées au troisième alinéa de l'article L 123-1. »</line></par>
<par>
<line>11 est apparu souhaitable de définir des orientations spécifiques d'aménagement pour la zone AUh</line>
<line>qui est située au Sud-est du bourg au niveau du lieu-dit « Le Champ de la Fuie ».</line></par>
<par>
<line>Suite à la communication aux Personnes publiques associées et consultées, l'Etat a demandé que des</line>
<line>orientations spécifiques d'aménagement soient définies pour la zone AUa des Naufettes à l'entrée Ouest du</line>
<line>bourg.</line></par>
</text>
</block>
<block><region><rect/></region>
<text>
<par>
<line>LES GRANDS PRINCIPES DE L'AMENAGEMENT</line>
<line>DE LA ZONE AUh SITUEE AU SUD-EST DU BOURG DE MAREIL SUR LOIR AU</line>
<line>NIVEAU DU LIEU-DIT « LE CHAMP DE LA FUIE »</line></par>
<par>
<line>-I l faudra éviter les accès sur la RD 13 mais prévoir des accès glissants sur les autres routes.</line></par>
<par>
<line>-Il faudra au maximum planter des haies bocagères en bordure de la RD 13.</line></par>
<par>
<line>-Il faudra localiser le bassin de rétention de la zone AUh dans la partie basse et le traiter si possible en</line>
<line>noue paysage pouvant être utilisée comme espace vert public.</line></par>
<par>
<line>-Il faudra intégrer et sauvegarder le mieux possible la végétation existante dans les futurs plans</line>
<line>d'aménagement.</line></par>
<par>
<line>-I l faudra garder la haie existante en limite séparative Est.</line></par>
<par>
<line>-Il faudra intégrer le fossé au Sud dans le plan d'aménagement.</line></par>
<par>
<line>-I l faudra prévoir des accès pour des extensions futures vers le Sud (zone AU).</line></par>
<par>
<line>LES GRANDS PRINCIPES DE L'AMENAGEMENT</line>
<line>DE LA ZONE AUa DES « NAUFETTES »</line></par>
<par>
<line>-Un seul accès glissant sur la déviation de la RD 13 à localiser en fonction des problèmes de sécurité</line>
<line>routière</line></par>
<par>
<line>-Doubler la haie existante à l'Ouest de la zone pour avoir une haie sur deux rangs (basses tiges et hautes</line>
<line>ti ges) afi n de limiter les vues l oi ntai nes sur l a zone en entrée de bourg depuis la RD 13.</line></par>
<par>
<line>-Planter une haie de basses tiges le long de la déviation de la RD 13 pour dissimuler à la vue les</line>
<line>véhicules en stationnement dans la zone d'activités</line></par>
</text>
</block>
</page>
<page width="3320" height="4658" resolution="395">
<block><region><rect/></region>
<text>
<par>
<line>--^75</line></par>
</text>
</block>
<block><region><rect/></region>
<text>
<par>
<line>ORIENTATIONS SPECIFIQUES D’AMENAGEMENT</line>
<line>DE LA ZONE AUa DES ”NAUFETTES"</line></par>
</text>
</block>
<block><region><rect/></region>
<text>
<par>
<line>M.lf-</line></par>
<par>
<line>T*'</line></par>
</text>
</block>
<block><region><rect/></region>
<text>
<par>
<line>if* . *</line></par>
</text>
</block>
<block><region><rect/></region>
<text>
<par/>
</text>
</block>
<block><region><rect/></region>
<text>
<par>
<line>Echelle ; 1 / 2 000</line></par>
</text>
</block>










</page>
</OAP>