<?xml version="1.0" encoding="UTF-8"?><OAP>
<page width="4958" height="7017" resolution="600">
<block><region><rect/></region>
<text>
<par>
<line>l</line></par>
<par>
<line>1</line></par>
</text>
</block>
<block><region><rect/></region>
<text>
<par>
<line>DEPARTEMENT DE LA SARTHE</line></par>
</text>
</block>
<block><region><rect/></region>
<text>
<par>
<line>COMMUNE DE MONCE EN BELIN</line></par>
</text>
</block>
<block><region><rect/></region>
<text>
<par>
<line>PLAN LOCAL D’URBANISME</line></par>
</text>
</block>
<block><region><rect/></region>
<text>
<par>
<line>REVISION N°^t</line></par>
</text>
</block>
<block><region><rect/></region>
<text>
<par>
<line>ZBIS</line></par>
</text>
</block>
<block><region><rect/><rect/><rect/></region>
<text>
<par>
<line>ORIENTATIONS SPECIFIQUES</line>
<line>D’AMENAGEMENT</line></par>
<par>
<line>DOSSIER</line>
<line>D’APPROBATION</line>
<line>Vu pour être annexé à la Délibération</line>
<line>du Conseil Municipal en date du</line></par>
<par>
<line>3 DECEMBRE 2010</line></par>
</text>
</block>
<block><region><rect/></region>
<text>
<par>
<line>ETAT d'avancement DU DOSSIER! DOSSIER APPROUVE</line></par>
<par>
<line>DATE DE DERNIERE MODIFICATION DE CE DOCUMENT! DECEMBRE 2010</line></par>
</text>
</block>
<block><region><rect/></region>
<text>
<par>
<line>Xavier DEWAILLY - UrbanisteQualifié</line>
<line>3 allée Jean Jaurès 72100LE MANS</line></par>
<par>
<line>TEL ; 0243 727913 fax ; 0971 704771 e-mail ; urba.dewailly@wanadoo.fr</line></par>
</text>
</block>























<block blockType="Picture" blockName="" l="356" t="5878" r="4598" b="6344"><region><rect/></region>
</block>
<block blockType="Picture" blockName="" l="356" t="1332" r="4598" b="1632"><region><rect/></region>
</block>
</page>
<page width="2479" height="3508" resolution="300">
<block><region><rect/></region>
<text>
<par>
<line>PLAN LOCAL D’URBANISME DE</line>
<line>MONCE EN BELIN</line></par>
<par>
<line>REVISION N°4</line></par>
<par>
<line>ORIENTATIONS SPECIFIQUES</line>
<line>D ’AMENAGEMENT</line></par>
</text>
</block>
<block><region><rect/></region>
<text>
<par>
<line>INTRODUCTION</line></par>
</text>
</block>
<block><region><rect/></region>
<text>
<par>
<line>Ce document a pour but d’être l’expression territorialisée des politiques publiques de la commune.</line></par>
<par>
<line>Il traduit en projets plus précis les grandes orientations du Projet d’Aménagement et de</line>
<line>Développement Durable, approuvées par délibération par le Conseil Municipal en date dul5 mars 2007.</line></par>
<par>
<line>L’Article L l23-l du Code de l’Urbanisme stipule dans son 3^me alinéa :</line></par>
<par>
<line>« Ils (Les Plans Locaux d’Urbanisme) peuvent, en outre, comporter des orientations d'aménagement</line>
<line>relatives à des quartiers ou à des secteurs à mettre en valeur, réhabiliter, restructurer ou aménager. Ces</line>
<line>orientations peuvent, en cohérence avec le projet d'aménagement et de développement durable, prévoir</line>
<line>les actions et opérations d'aménagement à mettre en œuvre, notamment pour mettre en valeur</line>
<line>l'environnement, les paysages, les entrées de villes et le patrimoine, lutter contre l'insalubrité, permettre le</line>
<line>renouvellement urbain et assurer le développement de la commune. Elles peuvent prendre la forme de</line>
<line>schémas d’aménagement et préciser les principales caractéristiques des voies et espaces publics, »</line></par>
<par>
<line>Le décret n° 2004-531 du 9 juin 2004 relatif aux documents d’urbanisme et modifiant le Code de</line>
<line>l’Urbanisme a introduit après la nouvelle rédaction de l’article R 123-3 un article R 123-3-1 ainsi rédigé :</line></par>
<par>
<line>« Les orientations d’aménagement peuvent, par quartier ou par secteur, prévoir les actions et</line>
<line>opérations d’aménagement mentionnées au troisième alinéa de l’article L 123-1. »</line></par>
<par>
<line>Il est apparu souhaitable de définir des orientations spécifiques d’aménagement pour les</line>
<line>zones d’extension future,</line></par>
</text>
</block>
</page>
<page width="2479" height="3508" resolution="300">
<block><region><rect/></region>
<text>
<par>
<line>I / DONNEES GENERALES POUR TOUS LES SITES DE PROJETS</line></par>
</text>
</block>
<block><region><rect/></region>
<text>
<par>
<line>3</line></par>
</text>
</block>
<block><region><rect/></region>
<text>
<par>
<line>A) POUR LES ECONOMIES D’ENERGIE</line></par>
<par>
<line>1^ Instructions pour les aménageurs</line></par>
<par>
<line>Orienter le pareellarre Nord -Sud pour privilégier le reeours à l’énergie solaire.</line></par>
<par>
<line>Prévoir des règles d’implantation des eonstruetions sur les lots de manière à favoriser l’implantation optimale des</line>
<line>eonstruetions par rapport à l’ensoleillement et aux vents dominants pour limiter la eonsommation d’énergie et favoriser</line>
<line>l’utilisation de l’énergie solaire et à minimiser les ombres portées.</line></par>
<par>
<line>Etudier les possibilités d’un éelairage publie solaire.</line></par>
<par>
<line>Respeeter le eahier des eharges pour les installations d’éelairage publie de la eommune de Moneé en Belin et la Charte</line>
<line>de proteetion du eiel noeturne et de l’environnement élaborée par l’Assoeiation nationale pour la proteetion du eiel noeturne</line>
<line>(ANPCN)</line></par>
<par>
<line>2) Conseils pour les constructeurs</line></par>
<par>
<line>Ineiter les eonstrueteurs à orienter les eonstruetions pour faeiliter la ventilation naturelle, 20° à 30° par rapport aux</line>
<line>vents dominants (L’éeoulement plus régulier de l’air grâee à ee positionnement provoque des différenees de pression et faeilite</line>
<line>ainsi la ventilation) et à éviter les murs de elôture ou les haies arbustives trop basses qui provoquent des tourbillons</line></par>
<par>
<line>Ineiter les eonstrueteurs à eompaeter leurs bâtiments et à orienter les pièees en fonetion de la eourse du soleil (pièees de</line>
<line>vie orientées au Sud et donnant sur le jardin ; favoriser les aeeès au pareellaire par le Nord Ouest)</line></par>
<par>
<line>Ineiter les eonstrueteurs à opter pour des maisons passives : stratégie du ehaud en hiver (eapter la ehaleur du</line>
<line>rayonnement solaire, la stoeker dans la masse, la eonserver par l’isolation et la distribuer dans tout le bâtiment tout en la</line>
<line>régulant) et stratégie du froid en été (se protéger du rayonnement solaire et des apports de ehaleur, minimiser les apports en</line>
<line>interne, dissiper la ehaleur en exeès et refroidir naturellement)</line></par>
<par>
<line>B) POUR LA GESTION DES EAUX</line></par>
<par>
<line>1) Instructions pour les aménageurs</line></par>
<par>
<line>Privilégier les revêtements perméables pour les trottoirs et pour les voiries (drainantes ou filtrantes)</line></par>
<par>
<line>Réfléehir à la possibilité de réseau de eolleete des eaux pluviales à eiel ouvert qui s’intègre à l’environnement naturel</line>
<line>(type noues végétales)</line></par>
<par>
<line>2) Conseils pour les constructeurs</line></par>
<par>
<line>Eneourager la pose de euves enterrées de réeupération des eaux pluviales.</line></par>
<par>
<line>Il devra rester au moins 30 % de la pareelle en pleine terre (Dans ee ealeul, les toitures et façades végétalisées seront</line>
<line>eomptabilisées eomme surfaee en pleine terre) afin de limiter les eaux de ruissellement et les surehauffes.</line></par>
<par>
<line>Eneourager les toitures végétalisées</line></par>
<par>
<line>C) POUR LE MAINTIEN DE LA BIODIVERSITE</line></par>
<par>
<line>1) Instructions pour les aménageurs</line></par>
<par>
<line>Coneevoir le plan du lotissement en s’efforçant de eonserver au maximum la végétation de qualité existante</line></par>
<par>
<line>Pour les espaees verts, seules les espèees loeales sont autorisées.</line></par>
<par>
<line>2) Conseils pour les constructeurs</line></par>
<par>
<line>Ineiter à la plantation d’arbres de préférenee à l’Est et à l’Ouest, en ehoisissant des espèees eaduques qui permettent de</line>
<line>tirer profit des avantages et de limiter les ineonvénients du soleil selon les saisons.</line></par>
<par>
<line>Les espèees dites envahissantes (liste en annexe) sont à proserire. Les espèees loeales (liste en annexe) sont à</line>
<line>privilégier.</line></par>
<par>
<line>D) POUR LA QUALITE DE L’AIR</line></par>
<par>
<line>Conseils pour les constructeurs</line></par>
<par>
<line>La végétation erée un ombrage, protège du vent, rafraiehit par évaporation, protège des poussières et fixe le earbone</line>
<line>pendant la eroissanee des plantes</line></par>
</text>
</block>








</page>
<page width="2479" height="3508" resolution="300">
<block><region><rect/></region>
<text>
<par>
<line>4</line></par>
</text>
<text>
<par>
<line>TT / ANALYSE PAR SECTEUE^ : GRANDS PRINCIPES &amp; SCENART05»</line></par>
</text>
</block>
<block><region><rect/></region>
<text>
<par>
<line>D’AMENAGEMENT</line></par>
</text>
</block>


</page>
<page width="2479" height="3508" resolution="300">
<block><region><rect/></region>
<text>
<par>
<line>B) SECTEUR AU NORD-EST DU BOURG, AU NIVEAU DES LIEUX-DITS « LE</line>
<line>PETIT AUNAY « LE CHAMP DU BIGNON ^</line></par>
<par>
<line>* La zone située au Nord-Est du bourg de Moncé en Belin couvre 22,9 hectares.</line></par>
<par>
<line>* Les élus ont décidé de placer tous les terrains situés au Sud du chemin rural n° 11 et la partie la plus orientale</line>
<line>des terrains situés au Nord de ce chemin, soit 18,1 hectares, en zone d’urbanisation à long terme. En effet ils eonsidèrent</line>
<line>que l’aménagement de eette zone devra se faire sous forme d’une Zone d’Aménagement Coneerté multi sites avee la zone du</line>
<line>Busson et de La Galopière afin de pouvoir répartir les eoûts d’aménagement de la zone du Busson et de la Galopière</line>
<line>(franehissement de la voie ferrée, réalisation d’un earrefour sur la RD 307, eompensation des zones humides) sur la superfieie</line>
<line>la plus vaste possible.</line></par>
<par>
<line>Cette zone AU, qui couvre 18,1 hectares, a été limitée au Nord par la voie eommunale n°ll, à l’Est par le ehemin</line>
<line>rural n°l0et au Sud par la voie eommunale n°9.</line></par>
</text>
</block>
</page>
<page width="2479" height="3508" resolution="300">
<block><region><rect/></region>
<text>
<par>
<line>5</line></par>
</text>
</block>
<block><region><rect/></region>
<text>
<par>
<line>* L’aménagement de cette Zone d’Aménagement Concerté mnlti sites ponvant être long, les élns ont sonhaité</line>
<line>ponvoir avoir dans ce sectenr des possibilités de constrnction à plns conrt terme. Ils ont donc délimité an Nord dn</line>
<line>chemin rnral n° 11 nne zone d’nrbanisation immédiate de 4,8 hectares.</line></par>
<par>
<line>* Il semble important de préserver les possibilités d’un aménagement global futur dans ee seeteur de taille importante</line>
<line>pour éviter de gaspiller les terrains et de bloquer les futurs aménagements.</line></par>
<par>
<line>Il est à noter que eette zone est plus éloignée des eommerees et des équipements que les autres zones ; elle reste</line>
<line>eependant eonneetée avee la périphérie du bourg de Moneé en Belin.</line></par>
<par>
<line>Cette zone est traversée au eentre par le ehemin rural n°ll.</line></par>
<par>
<line>Il faut noter qu’une partie des surfaees ineluses dans eette zone AU n’aeeueillera pas de eonstruetion. Des espaees</line>
<line>aeeueilleront plutôt des équipements eomme les bassins de rétention, les espaees verts, les eheminements piétonniers^</line></par>
<par>
<line>Dans ee seeteur, un eertain nombre de ehemins de randonnée existent, ainsi que eertains éléments paysagers et il semble</line>
<line>intéressant de pouvoir les eonserver dans l’aménagement de ee seeteur.</line></par>
<par>
<line>Il faut intégrer dans le sehéma d’aménagement le traeé de l’oléodue Donges Melun Metz qui génère une bande</line>
<line>d’ineonstruetibilité de lOà 20 m de ehaque eoté selon que les eonstruetions sont sans sous sol ou avee sous sol.</line></par>
<par>
<line>Un point négatif de la zone, e’est la présenee d’un bâtiment agrieole à l’Est du lieu-dit « Les Charmes » qui héberge une</line>
<line>meute de ehiens. Les élus ont souhaité garder eette zone en zone d’urbanisation à long terme ear le ehenil va être transféré à la</line>
<line>eampagne.</line></par>
<par>
<line>Pour un aménagement eohérent de eette zone à long terme, il a été déeidé de maintenir la plus grande partie de eette</line>
<line>zone en zone AU.</line></par>
<par>
<line>1^ L’ANALYSE DU SITE</line></par>
<par>
<line>La zone AUh a une superfieie d’environ 4,8 heetares et la zone AU a une superfieie de l8,l heetares.</line></par>
<par>
<line>Elles sont en pente du Sud Est vers le Nord Ouest.</line></par>
<par>
<line>La végétation eomprend :</line></par>
<par>
<line>- une friehe boisée sur les pareelles l5, l7 et l8 et 26 avee des haies arborées plus denses en périphérie Sud des</line></par>
<par>
<line>pareelles l7et l8 (au Nord du ehemin de randonnée) et en périphérie Ouest et Sud de la pareelle 26,</line></par>
<par>
<line>- une haie arborée dense en périphérie Nord et Est de la pareelle l3</line></par>
<par>
<line>- des arbres en limite Est le long de la eonduite de gaz</line></par>
<par>
<line>Dans la zone AUh il n’y a aueune eonstruetion mais dans la zone AU, il y a un ehenil sur la pareelle 25b et une</line>
<line>eonstruetion sur la pareelle 28.</line></par>
</text>
</block>
<block blockType="Table" blockName="" l="161" t="2012" r="2382" b="2944"><region><rect/></region>
<row>
<cell width="498" height="51">
<text>
<par>
<line>Thèmes</line></par>
</text></cell>
<cell width="1723" height="51">
<text>
<par>
<line>Contraintes à minimiser - Potentiels à exploiter</line></par>
</text></cell></row>
<row>
<cell width="498" height="146">
<text>
<par>
<line>GESTION DE L’EAU</line></par>
</text></cell>
<cell width="1723" height="146">
<text>
<par>
<line>Arrivée des réseaux d’assainissement à proximité par le lotissement des Charmes.</line></par>
<par>
<line>Bonne desserte d’adduetion en eau potable.</line></par>
<par>
<line>Pente faible faeilitant l’infiltration des eaux pluviales.</line></par>
</text></cell></row>
<row>
<cell width="498" height="98">
<text>
<par>
<line>GESTION DES</line>
<line>DEPLACEMENTS</line></par>
</text></cell>
<cell width="1723" height="98">
<text>
<par>
<line>Arrêt de bus près de l’Eglise</line></par>
<par>
<line>Un sentier de randonnée présent au Sud du lieu-dit « Le Petit Aunay »</line></par>
</text></cell></row>
<row>
<cell width="498" height="50">
<text>
<par>
<line>CHOIX ENERGETIQUES</line></par>
</text></cell>
<cell width="1723" height="50">
<text>
<par>
<line>Prise en eompte du eahier des eharges d’éelairage publie de Moneé en Belin dans la zone.</line></par>
</text></cell></row>
<row>
<cell width="498" height="98">
<text>
<par>
<line>GESTION DES DECHETS</line></par>
</text></cell>
<cell width="1723" height="98">
<text>
<par>
<line>La eommune réfléehit sur la mise en œuvre d’une eolleete séleetive en porte à porte des déehets</line>
<line>reeyelables.</line></par>
</text></cell></row>
<row>
<cell width="498" height="194">
<text>
<par>
<line>RISQUES, NUISANCES</line></par>
<par>
<line>ET POLLUTIONS</line></par>
<par>
<line>(ENVIRONNEMENT</line></par>
<par>
<line>SONORE)</line></par>
</text></cell>
<cell width="1723" height="194">
<text>
<par>
<line>Passage de l’Oléodue Donges-Melun-Metz dans la partie Ouest de la zone.</line></par>
<par>
<line>La partie Est de la zone est longée par la eonduite de gaz et par des lignes éleetriques haute tension.</line>
<line>Présenee d’un bâtiment agrieole</line></par>
<par>
<line>Présenee d’un ehenil qui peut générer des nuisanees sonores.</line></par>
</text></cell></row>
<row>
<cell width="498" height="195">
<text>
<par>
<line>BIODIVERSITE,</line>
<line>PAYSAGE ET</line>
<line>PATRIMOINE</line></par>
</text></cell>
<cell width="1723" height="195">
<text>
<par>
<line>Vue sur la vallée du Rhonne.</line></par>
<par>
<line>Un espaee visuel dégagé au Sud du seeteur, sur des pareelles agrieoles, dans le fond des pareelles</line>
<line>donnant sur la rue Mareel Paul.</line></par>
<par>
<line>Seul un bâtiment agrieole à isoler par des plantations de végétaux.</line></par>
</text></cell></row>
<row>
<cell width="498" height="100">
<text>
<par>
<line>ENVIRONNEMENT</line></par>
<par>
<line>CLIMATIQUE</line></par>
</text></cell>
<cell width="1723" height="100">
<text>
<par>
<line>Proteetion eontre les vents d’Ouest majoritaires.</line></par>
</text></cell></row>
</block>
<block><region><rect/></region>
<text>
<par>
<line>2) LES ORIENTATIONS SPECIFIQUES D’AMENAGEMENT</line></par>
<par>
<line>Une voie devra être eréée pour relier la voie eommunale n° ll à l’Ouest à la voie eommunale n° 9 de Mulsanne à</line>
<line>Moneé en Belin afin de permettre au trafie de transit qui veut rejoindre Le Mans d’éviter le eentre bourg et son passage à sens</line>
<line>unique sur la voie ferrée.</line></par>
</text>
</block>











</page>
<page width="2479" height="3508" resolution="300">
<block><region><rect/></region>
<text>
<par>
<line>Le débouché sur la voie communale n° 9 devra être aménagé pour constituer une entrée de bourg.</line></par>
</text>
</block>
<block><region><rect/></region>
<text>
<par>
<line>6</line></par>
</text>
</block>
</page>
<page width="2479" height="3508" resolution="300">
<block><region><rect/><rect/></region>
<text>
<par>
<line>ORIENTATIONS SPECIFIQUES D'AMENAGEMENT DES ZONES "AUh</line>
<line>et "AU" SITUEES AU NORD-EST DU BOURG DE MONCE EN BELIN</line></par>
</text>
</block>
<block><region><rect/><rect/><rect/></region>
<text>
<par>
<line>V</line></par>
</text>
</block>
<block><region><rect/></region>
<text>
<par>
<line>4&gt;S</line></par>
</text>
</block>
<block><region><rect/></region>
<text>
<par/>
</text>
</block>
<block><region><rect/></region>
<text>
<par>
<line>r.’■</line></par>
</text>
</block>
<block><region><rect/></region>
<text>
<par>
<line>F.:T i'-j. • S..;</line></par>
</text>
</block>
<block><region><rect/></region>
<text>
<par/>
</text>
</block>
<block><region><rect/></region>
<text>
<par/>
</text>
</block>
<block><region><rect/></region>
<text>
<par/>
</text>
</block>
<block><region><rect/></region>
<text>
<par>
<line>£■¥</line></par>
</text>
</block>
<block><region><rect/></region>
<text>
<par/>
</text>
</block>
<block><region><rect/></region>
<text>
<par>
<line>. (&gt; 'i</line></par>
</text>
</block>
<block><region><rect/></region>
<text>
<par>
<line>* ’‘v\ "'WE</line></par>
</text>
</block>
<block><region><rect/></region>
<text>
<par>
<line>■5!-</line></par>
</text>
</block>
<block><region><rect/></region>
<text>
<par/>
</text>
</block>
<block><region><rect/></region>
<text>
<par>
<line>r»</line></par>
</text>
</block>
<block><region><rect/></region>
<text>
<par/>
</text>
</block>
<block><region><rect/></region>
<text>
<par/>
</text>
</block>
<block><region><rect/></region>
<text>
<par>
<line>^ \ 4£ \</line></par>
</text>
</block>
<block><region><rect/></region>
<text>
<par>
<line>V f</line></par>
</text>
</block>
<block><region><rect/></region>
<text>
<par>
<line>»</line></par>
</text>
</block>
<block><region><rect/><rect/></region>
<text>
<par/>
</text>
</block>
<block><region><rect/></region>
<text>
<par/>
</text>
</block>
<block><region><rect/></region>
<text>
<par/>
</text>
</block>
<block><region><rect/></region>
<text>
<par>
<line>'- P</line></par>
</text>
</block>
<block><region><rect/></region>
<text>
<par>
<line>èk</line></par>
</text>
</block>
<block><region><rect/></region>
<text>
<par/>
</text>
</block>
<block><region><rect/></region>
<text>
<par>
<line>Cônduit</line></par>
</text>
</block>
<block><region><rect/></region>
<text>
<par/>
</text>
</block>
<block><region><rect/></region>
<text>
<par>
<line>m</line></par>
</text>
</block>
<block><region><rect/></region>
<text>
<par>
<line>de gaz</line></par>
</text>
</block>
<block><region><rect/></region>
<text>
<par>
<line>.-■i</line></par>
</text>
</block>
<block><region><rect/></region>
<text>
<par>
<line>•V'</line></par>
</text>
</block>
<block><region><rect/></region>
<text>
<par/>
</text>
</block>
<block><region><rect/></region>
<text>
<par>
<line>V.</line></par>
</text>
</block>
<block><region><rect/></region>
<text>
<par/>
</text>
</block>
<block><region><rect/></region>
<text>
<par>
<line>I:</line></par>
</text>
</block>
<block><region><rect/></region>
<text>
<par>
<line>'Wj" &lt;* .'</line></par>
</text>
</block>
<block><region><rect/></region>
<text>
<par>
<line>^---‘-‘’-*°î»%/.</line></par>
</text>
</block>
<block><region><rect/></region>
<text>
<par/>
</text>
</block>
<block><region><rect/></region>
<text>
<par/>
</text>
</block>
<block><region><rect/></region>
<text>
<par>
<line>Pas de cûi</line>
<line>de 4 mètres'^</line>
<line>de gaz</line></par>
</text>
</block>
<block><region><rect/></region>
<text>
<par>
<line>&gt; :</line></par>
</text>
</block>
<block><region><rect/></region>
<text>
<par>
<line>- 2'? t^e</line></par>
</text>
</block>
<block><region><rect/></region>
<text>
<par/>
</text>
</block>
<block><region><rect/></region>
<text>
<par/>
</text>
</block>
<block><region><rect/></region>
<text>
<par>
<line>s«</line></par>
</text>
</block>
<block><region><rect/></region>
<text>
<par>
<line>' ?®''se/-</line></par>
</text>
</block>
<block><region><rect/></region>
<text>
<par/>
</text>
</block>
<block><region><rect/></region>
<text>
<par/>
</text>
</block>
<block><region><rect/></region>
<text>
<par/>
</text>
</block>
<block><region><rect/></region>
<text>
<par/>
</text>
</block>
<block><region><rect/></region>
<text>
<par>
<line>Carrefour</line></par>
<par>
<line>d'entrée</line></par>
<par>
<line>aagglornération</line></par>
<par>
<line>àNaménàger</line></par>
</text>
</block>
<block><region><rect/></region>
<text>
<par>
<line>• V</line></par>
</text>
</block>
<block><region><rect/></region>
<text>
<par/>
</text>
</block>
<block><region><rect/></region>
<text>
<par>
<line>h.</line></par>
</text>
</block>
<block><region><rect/></region>
<text>
<par/>
</text>
</block>
<block><region><rect/></region>
<text>
<par/>
</text>
</block>
<block><region><rect/></region>
<text>
<par/>
</text>
</block>
<block><region><rect/></region>
<text>
<par/>
</text>
</block>
<block><region><rect/></region>
<text>
<par/>
</text>
</block>
<block><region><rect/></region>
<text>
<par>
<line>y .■/</line></par>
</text>
</block>
<block><region><rect/></region>
<text>
<par/>
</text>
</block>
<block><region><rect/></region>
<text>
<par>
<line>%%</line></par>
</text>
</block>
<block><region><rect/></region>
<text>
<par>
<line>A</line></par>
</text>
</block>
<block><region><rect/></region>
<text>
<par>
<line>(^rü</line></par>
</text>
</block>
<block><region><rect/></region>
<text>
<par/>
</text>
</block>
<block><region><rect/></region>
<text>
<par>
<line>W:</line></par>
</text>
</block>
<block><region><rect/><rect/></region>
<text>
<par>
<line>mi</line></par>
</text>
</block>
<block><region><rect/></region>
<text>
<par>
<line>fS N /w V</line></par>
</text>
</block>
<block><region><rect/></region>
<text>
<par/>
</text>
</block>
<block><region><rect/></region>
<text>
<par>
<line>.</line></par>
</text>
</block>
<block><region><rect/></region>
<text>
<par>
<line>^ Pas de cbntrudtiai^</line></par>
<par>
<line>Densité ~ 10 logts / ha J® iomÉrey^||K</line></par>
</text>
</block>
<block><region><rect/><rect/><rect/></region>
<text>
<par>
<line>•'.4“'. ■n ' ' ' '&gt;-„i d</line></par>
</text>
</block>
<block><region><rect/></region>
<text>
<par/>
</text>
</block>
<block><region><rect/></region>
<text>
<par/>
</text>
</block>
<block><region><rect/></region>
<text>
<par/>
</text>
</block>
<block><region><rect/></region>
<text>
<par>
<line>mé</line></par>
</text>
</block>
<block><region><rect/></region>
<text>
<par/>
</text>
</block>
<block><region><rect/></region>
<text>
<par>
<line>*</line></par>
</text>
</block>
<block><region><rect/></region>
<text>
<par>
<line>psi</line></par>
</text>
</block>
<block><region><rect/></region>
<text>
<par>
<line>Echelle : 1 / 2 500</line></par>
</text>
</block>
<block><region><rect/></region>
<text>
<par/>
</text>
</block>
<block><region><rect/></region>
<text>
<par>
<line>. -</line></par>
</text>
</block>














<block blockType="Picture" blockName="" l="50" t="507" r="118" b="574"><region><rect/></region>
</block>
<block blockType="Picture" blockName="" l="135" t="508" r="231" b="571"><region><rect/></region>
</block>
<block blockType="Picture" blockName="" l="135" t="3019" r="738" b="3104"><region><rect/></region>
</block>
<block blockType="Picture" blockName="" l="2011" t="3380" r="2395" b="3447"><region><rect/></region>
</block>
</page>
<page width="2479" height="3508" resolution="300">
<block><region><rect/></region>
<text>
<par>
<line>8</line></par>
</text>
</block>
<block><region><rect/></region>
<text>
<par>
<line>Il faudra relier l’opération aux lotissements aménagés à l’Ouest de la zone (Les Charmes).</line></par>
<par>
<line>Il faudra interdire toute eonstruetion à moins de 10 m de l’oléodue Donges Melun Metz et à moins de 4 m de la</line>
<line>eanalisation de gaz.</line></par>
<par>
<line>Il faudra prévoir des eheminements piétonniers à travers la zone pour ramener les piétons en toute séeurité vers le eentre</line>
<line>bourg et vers la gare.</line></par>
<par>
<line>Les opérations devront avoir une densité peu élevée de l’ordre de 13 logements à l’heetare.</line></par>
<par>
<line>Les aménageurs devront planter des haies boeagères sur les terrains privatifs sur une emprise de 3 m de large le long</line>
<line>des propriétés bâties qui bordent les zones AUh et AU.</line></par>
<par>
<line>Il faudra sauvegarder au maximum les haies existantes le long du ehemin de randonnée aetuel (ehemin rural n° 11) et</line>
<line>essayer de le préserver.</line></par>
<par>
<line>Les bassins de rétention infiltration seront loealisés aux points bas et traités si possible sous forme de bassins paysagés</line>
<line>peu profonds et à pentes faibles.</line></par>
</text>
</block>
</page>
<page width="2479" height="3508" resolution="300">
<block><region><rect/></region>
<text>
<par>
<line>ORIENTATIONS SPECIFIQUES D'AMENAGEMENT DE LA ZONE "AUh</line>
<line>SITUEE AU SUD-EST DU BOURG DE MONCE EN BELIN</line></par>
</text>
</block>
<block><region><rect/></region>
<text>
<par/>
</text>
</block>
<block><region><rect/></region>
<text>
<par/>
</text>
</block>
<block><region><rect/></region>
<text>
<par/>
</text>
</block>
<block><region><rect/></region>
<text>
<par>
<line>.</line></par>
</text>
</block>
<block><region><rect/></region>
<text>
<par>
<line>&lt;7 ■'</line></par>
</text>
</block>
<block><region><rect/></region>
<text>
<par>
<line>Futur bassin de rétention</line>
<line>des crues du Rhonne</line></par>
</text>
</block>
<block><region><rect/></region>
<text>
<par/>
</text>
</block>
<block><region><rect/><rect/></region>
<text>
<par>
<line>Liaison piétonMïi^/’^^?^^^ p</line>
<line>vers ie centre</line></par>
</text>
</block>
<block><region><rect/><rect/></region>
<text>
<par/>
</text>
</block>
<block><region><rect/></region>
<text>
<par/>
</text>
</block>
<block><region><rect/></region>
<text>
<par>
<line>ancie</line></par>
</text>
</block>
<block><region><rect/></region>
<text>
<par>
<line>i *</line></par>
</text>
</block>
<block><region><rect/></region>
<text>
<par/>
</text>
</block>
<block><region><rect/></region>
<text>
<par/>
</text>
</block>
<block><region><rect/></region>
<text>
<par/>
</text>
</block>
<block><region><rect/><rect/><rect/><rect/><rect/></region>
<text>
<par>
<line>rm/</line></par>
</text>
</block>
<block><region><rect/></region>
<text>
<par>
<line>T.T1*</line></par>
</text>
</block>
<block><region><rect/></region>
<text>
<par>
<line>Ca</line></par>
</text>
</block>
<block><region><rect/></region>
<text>
<par/>
</text>
</block>
<block><region><rect/></region>
<text>
<par>
<line>V</line></par>
</text>
</block>
<block><region><rect/></region>
<text>
<par>
<line>■«‘■J V</line></par>
</text>
</block>
<block><region><rect/><rect/></region>
<text>
<par>
<line>&gt;'■ rAW-ÿs*' W</line></par>
</text>
</block>
<block><region><rect/></region>
<text>
<par/>
</text>
</block>
<block><region><rect/></region>
<text>
<par/>
</text>
</block>
<block><region><rect/></region>
<text>
<par>
<line>.Âm</line></par>
</text>
</block>
<block><region><rect/></region>
<text>
<par/>
</text>
</block>
<block><region><rect/></region>
<text>
<par/>
</text>
</block>
<block><region><rect/></region>
<text>
<par>
<line>■-'t.</line></par>
</text>
</block>
<block><region><rect/></region>
<text>
<par>
<line>' Dé</line></par>
</text>
</block>
<block><region><rect/></region>
<text>
<par>
<line>agaiotfEratiu</line></par>
</text>
</block>
<block><region><rect/></region>
<text>
<par/>
</text>
</block>
<block><region><rect/></region>
<text>
<par/>
</text>
</block>
<block><region><rect/></region>
<text>
<par>
<line>&gt;^^vDensite ~ 15 logts / ha</line></par>
</text>
</block>
<block><region><rect/></region>
<text>
<par/>
</text>
</block>
<block><region><rect/></region>
<text>
<par/>
</text>
</block>
<block><region><rect/></region>
<text>
<par/>
</text>
</block>














<block blockType="Picture" blockName="" l="31" t="910" r="2449" b="2605"><region><rect/></region>
</block>
</page>
</OAP>