<?xml version="1.0" encoding="UTF-8"?><OAP>
<page width="2479" height="3508" resolution="300">
<block><region><rect/></region>
<text>
<par>
<line>Departement de la SARTHE</line></par>
</text>
</block>
<block><region><rect/></region>
<text>
<par/>
</text>
</block>
<block><region><rect/></region>
<text>
<par>
<line>Commune de NOGENT SUR LOIR</line></par>
</text>
</block>
<block><region><rect/></region>
<text>
<par/>
</text>
</block>
<block><region><rect/></region>
<text>
<par/>
</text>
</block>
<block><region><rect/></region>
<text>
<par/>
</text>
</block>
<block><region><rect/></region>
<text>
<par/>
</text>
</block>
<block><region><rect/></region>
<text>
<par/>
</text>
</block>
<block><region><rect/></region>
<text>
<par/>
</text>
</block>
<block><region><rect/><rect/></region>
<text>
<par/>
</text>
</block>
<block><region><rect/></region>
<text>
<par>
<line>3</line></par>
</text>
</block>
<block><region><rect/></region>
<text>
<par>
<line>Elaboration du</line>
<line>Plan Local d’Urbanibme</line></par>
</text>
</block>
<block><region><rect/></region>
<text>
<par>
<line>Orientations d’Aménagement</line>
<line>et de programmation</line></par>
</text>
</block>
<block><region><rect/></region>
<text>
<par/>
</text>
</block>
<block><region><rect/></region>
<text>
<par/>
</text>
</block>
<block><region><rect/></region>
<text>
<par/>
</text>
</block>
<block><region><rect/></region>
<text>
<par/>
</text>
</block>
<block><region><rect/></region>
<text>
<par>
<line>Vu pour être annexé à la délibération du</line>
<line>Conseil Municipal en date du 14 mars 2012</line></par>
</text>
</block>
<block><region><rect/></region>
<text>
<par>
<line>IXRftA</line></par>
</text>
</block>
<block><region><rect/></region>
<text>
<par>
<line>ecce:</line></par>
</text>
</block>
<block><region><rect/></region>
<text>
<par>
<line>Uâ</line></par>
</text>
</block>
<block><region><rect/></region>
<text>
<par/>
</text>
</block>

















<block blockType="Picture" blockName="" l="1639" t="840" r="1677" b="951"><region><rect/></region>
</block>
<block blockType="Picture" blockName="" l="259" t="236" r="2221" b="530"><region><rect/></region>
</block>
<block blockType="Picture" blockName="" l="344" t="1483" r="629" b="1767"><region><rect/></region>
</block>
<block blockType="Picture" blockName="" l="254" t="546" r="2221" b="1164"><region><rect/></region>
</block>
<block blockType="Picture" blockName="" l="259" t="1950" r="1190" b="2648"><region><rect/></region>
</block>
<block blockType="Picture" blockName="" l="1291" t="1949" r="2214" b="2641"><region><rect/></region>
</block>
<block blockType="Picture" blockName="" l="258" t="3212" r="2244" b="3332"><region><rect/></region>
</block>
</page>
<page width="2479" height="3508" resolution="300">
<block><region><rect/></region>
<text>
<par>
<line>Elaboration du P.L.U. - Nogent sur Loir - Orientations D'Aménagement</line></par>
</text>
</block>
<block><region><rect/></region>
<text>
<par>
<line>2</line></par>
</text>
</block>
</page>
<page width="2479" height="3508" resolution="300">
<block><region><rect/></region>
<text orientation="RotatedCounterclockwise">
<par>
<line>LES ORIENTATIONS PARTICULIERES D'AMENAGEMENT</line></par>
<par>
<line>DE NOGENT SUR LOIR</line></par>
</text>
</block>
<block><region><rect/></region>
<text>
<par>
<line>« Ils (les P.L.U.) peuvent, en outre, comporter des orientations</line>
<line>d’aménagement relatives à des quartiers ou à des secteurs à mettre en</line>
<line>valeur, réhabiliter, restructurer ou aménager.</line></par>
<par>
<line>Ces orientations peuvent, en cohérence avec le projet d’aménagement et</line>
<line>de développement durable, prévoir les actions et opérations</line>
<line>d’aménagement à mettre en œuvre, notamment pour mettre en valeur</line>
<line>l’environnement, les paysages, les entrées de villes et le patrimoine, lutter</line>
<line>contre l’insalubrité, permettre le renouvellement urbain et assurer le</line>
<line>développement de la commune. Elles peuvent prendre la forme de</line>
<line>schémas d’aménagement et préciser les principales caractéristiques des</line>
<line>voies et espaces publics. »</line></par>
<par>
<line>(extrait de l’article L. 123-1 du code de l’urbanisme)</line></par>
<par>
<line>En cohérence avec les Orientations Générales du Projet</line>
<line>d’Aménagement et de Développement Durable, les Orientations</line>
<line>Particulières d’Aménagement exposent la manière dont la</line>
<line>collectivité souhaite mettre en valeur, réhabiliter, restructurer ou</line>
<line>aménager des quartiers ou des secteurs de son territoire.</line></par>
<par>
<line>Les actions et orientations ainsi édictées se superposent avec les</line>
<line>règles édictées au règlement sur les mêmes quartiers ou secteurs.</line></par>
<par>
<line>Cette partie a pour finalité d’expliciter les orientations définies sur</line>
<line>l’ensemble des secteurs constructibles à court terme sur la</line>
<line>commune de Nogent sur Loir.</line></par>
</text>
</block>
<block><region><rect/></region>
<text>
<par>
<line>Elaboration du P.L.U. - Nogent sur Loir - Orientations d’Aménagement</line></par>
</text>
</block>
<block><region><rect/></region>
<text>
<par>
<line>3</line></par>
</text>
</block>
</page>
<page width="2479" height="3508" resolution="300">
<block><region><rect/></region>
<text>
<par>
<line>Elaboration du P.L.U. - Nogent sur Loir - Orientations D'Aménagement</line></par>
</text>
</block>
<block><region><rect/></region>
<text>
<par>
<line>4</line></par>
</text>
</block>
</page>
<page width="2479" height="3508" resolution="300">
<block><region><rect/></region>
<text>
<par>
<line>Zone 1AU « Le Gué de Mézières»</line></par>
</text>
</block>
<block><region><rect/></region>
<text>
<par>
<line>Situation et</line></par>
<par>
<line>CARACTÉRISTIQUES</line>
<line>DU SITE</line></par>
</text>
</block>
<block><region><rect/></region>
<text>
<par>
<line>Le site 1AU réservé pour le développement urbain de Nogent sur Loir</line>
<line>est localisé à l’ouest/nord-ouest du Gué de Méziéres, dans la large</line>
<line>vallée du Loir et au pied du coteau sur lequel s’appuie l’urbanisation du</line>
<line>Gué de Méziéres.</line></par>
<par>
<line>Il est cerné par:</line></par>
<par>
<line>- un habitat ancien intégré dans un vaste parc à la Boutinerie au</line>
<line>nord,</line></par>
<par>
<line>- des constructions plus récentes au sud, implantée en bordure</line>
<line>de la RD,</line></par>
<par>
<line>- des pavillons au sein d’une opération de lotissement datant des</line>
<line>années 80 à l’est.</line></par>
<par>
<line>Plus au nord, la zone 1ALI s’étend dans les prairies du val du Loir.</line></par>
</text>
</block>
<block><region><rect/></region>
<text>
<par>
<line>Plan de localisation et d’occupation du sol de la zone 1AU</line></par>
</text>
</block>
<block><region><rect/></region>
<text>
<par/>
</text>
</block>
<block><region><rect/></region>
<text>
<par>
<line>tmîitiïïïïïïifl</line></par>
</text>
</block>
<block><region><rect/><rect/><rect/></region>
<text>
<par/>
</text>
</block>
<block><region><rect/></region>
<text>
<par>
<line>Accroche de vQine</line></par>
</text>
</block>
<block><region><rect/></region>
<text>
<par>
<line>'•p:</line></par>
</text>
</block>
<block><region><rect/></region>
<text>
<par>
<line>Lotissement</line></par>
</text>
</block>
<block><region><rect/></region>
<text>
<par/>
</text>
</block>
<block><region><rect/></region>
<text>
<par/>
</text>
</block>
<block><region><rect/></region>
<text>
<par/>
</text>
</block>
<block><region><rect/></region>
<text>
<par/>
</text>
</block>
<block><region><rect/></region>
<text>
<par/>
</text>
</block>
<block><region><rect/></region>
<text>
<par/>
</text>
</block>
<block><region><rect/></region>
<text>
<par>
<line>B.DiêÆuPprim</line></par>
</text>
</block>
<block><region><rect/></region>
<text>
<par/>
</text>
</block>
<block><region><rect/></region>
<text>
<par>
<line>SD'.</line></par>
</text>
</block>
<block><region><rect/></region>
<text>
<par>
<line>0111</line></par>
</text>
</block>
<block><region><rect/></region>
<text>
<par>
<line>• Desserte par les réseaux</line></par>
<par>
<line>La zone est desservie par les réseaux d’eau potable, d’électricité et</line>
<line>d’assainissement collectif.</line></par>
</text>
</block>
<block><region><rect/></region>
<text>
<par>
<line>• Desserte routière et piétonne</line></par>
<par>
<line>La zone est accessible depuis :</line></par>
<par>
<line>- le chemin rural n°8 reliant le Gué de Méziéres au bourg de</line>
<line>Nogent sur Loir, qui constitue l’accès principal au secteur,</line></par>
<par>
<line>- une accroche de voirie au sein du lotissement à l’est,</line></par>
<par>
<line>- un petit chemin rural desservant l’habitat isolé de la Boutinerie.</line>
<line>Par ailleurs, il convient de noter à l’ouest et en-dehors de la zone.</line></par>
</text>
<text>
<par>
<line>Elaboration du P.L.U. - Nogent sur Loir - Orientations D’Aménagement 5</line></par>
</text>
</block>















<block blockType="Picture" blockName="" l="1494" t="2098" r="1633" b="2132"><region><rect/></region>
</block>
<block blockType="Picture" blockName="" l="293" t="1333" r="2188" b="2550"><region><rect/></region>
</block>
</page>
<page width="2479" height="3508" resolution="300">
<block><region><rect/></region>
<text>
<par>
<line>l’existence d’un autre chemin rural desservant un ensemble ancien et</line>
<line>permettant d’accéder à des étangs de loisirs à proximité.</line></par>
</text>
</block>
<block><region><rect/></region>
<text>
<par/>
</text>
</block>
<block><region><rect/></region>
<text>
<par>
<line>Msm</line></par>
</text>
</block>
<block><region><rect/></region>
<text>
<par>
<line>y**!</line></par>
</text>
</block>
<block><region><rect/></region>
<text>
<par>
<line>• Relief</line></par>
<par>
<line>Implanté dans la vallée du Loir dont le coteau marque clairement la</line>
<line>limite au niveau de la zone urbanisée du Gué de Méziéres,</line>
<line>l’ensemble du secteur est localisé dans un secteur plat (l’altitude du</line>
<line>secteur est proche de celle du Loir pourtant situé à plus d’un</line>
<line>kilomètre).</line></par>
<par>
<line>• Végétation</line></par>
<par>
<line>Le secteur est globalement occupée par des prairies.</line></par>
<par>
<line>Il convient cependant de noter la présence de plusieurs arbres</line>
<line>regroupés sous la forme d’un petit bosquet au centre de la zone.</line></par>
<par>
<line>• Paysage</line></par>
<par>
<line>Le site conserve une perception relativement discrète du fait de la</line>
<line>présence d’une végétation et d’une urbanisation importante en</line>
<line>pourtour de la zone.</line></par>
<par>
<line>Toutefois, depuis le nord et notamment depuis le CR n°8, le paysage</line>
<line>dénudé rend plus sensible le site.</line></par>
</text>
</block>
<block><region><rect/></region>
<text>
<par>
<line>Vue vers l’ensembleWm^ÊBoutinerie - t—</line></par>
</text>
</block>
<block><region><rect/></region>
<text>
<par>
<line>Elaboration du P.L.U. - Nogent sur Loir - Orientations D’Aménagement</line></par>
</text>
</block>
<block><region><rect/></region>
<text>
<par>
<line>6</line></par>
</text>
</block>












</page>
<page width="2479" height="3508" resolution="300">
<block><region><rect/></region>
<text>
<par>
<line>Enjeux du site et de</line></par>
<par>
<line>SON AMÉNAGEMENT</line></par>
</text>
</block>
<block><region><rect/></region>
<text>
<par>
<line>S’inscrivant dans la continuité d’une structure bâtie du Gué de</line>
<line>Méziéres, l’aménagement de la zone 1AU doit permettre de répondre</line>
<line>aux enjeux de programmation et d’urbanisation suivants :</line></par>
<par>
<line>• Imaginer des formes urbaines et d’organisation innovantes dans</line>
<line>le cadre de l’urbanisation et de l’aménagement du secteur,</line></par>
<par>
<line>• Permettre la mise en oeuvre d’un programme de logements</line>
<line>varié garant d’une mixité sociale et urbaine.</line></par>
<par>
<line>• Hiérarchiser le réseau de voies desservant le site en assurant</line>
<line>tant la desserte automobile que la desserte piétonne/cycle,</line></par>
<par>
<line>• S’appuyer sur les éléments végétaux existants pour renforcer</line>
<line>l’identité de la zone.</line></par>
</text>
</block>
<block><region><rect/></region>
<text>
<par>
<line>Elaboration du P.L.U. - Nogent sur Loir - Orientations D’Aménagement</line></par>
</text>
</block>
<block><region><rect/></region>
<text>
<par>
<line>7</line></par>
</text>
</block>

</page>
<page width="2485" height="3512" resolution="300">
<block><region><rect/></region>
<text>
<par>
<line>Bjdr</line></par>
</text>
</block>
<block><region><rect/></region>
<text>
<par>
<line>(Cü</line></par>
</text>
</block>
<block><region><rect/></region>
<text>
<par>
<line>Q.</line></par>
</text>
</block>
<block><region><rect/></region>
<text>
<par>
<line>•c</line></par>
</text>
</block>
<block><region><rect/></region>
<text>
<par>
<line>Q.</line></par>
</text>
</block>
<block><region><rect/></region>
<text>
<par>
<line>a&gt; 0)</line></par>
</text>
</block>
<block><region><rect/></region>
<text>
<par/>
</text>
</block>
<block><region><rect/></region>
<text>
<par>
<line>03</line></par>
</text>
</block>
<block><region><rect/></region>
<text>
<par>
<line>O</line></par>
</text>
</block>
<block><region><rect/></region>
<text>
<par>
<line>■O</line></par>
</text>
</block>
<block><region><rect/></region>
<text>
<par/>
</text>
</block>
<block><region><rect/></region>
<text>
<par>
<line>O. c</line></par>
</text>
</block>
<block><region><rect/></region>
<text>
<par>
<line>■O</line></par>
</text>
</block>
<block><region><rect/></region>
<text>
<par/>
</text>
</block>
<block><region><rect/></region>
<text>
<par>
<line>CL</line></par>
</text>
</block>
<block><region><rect/></region>
<text>
<par>
<line>■O</line></par>
</text>
</block>
<block><region><rect/></region>
<text>
<par>
<line>O</line></par>
</text>
</block>
<block><region><rect/></region>
<text>
<par>
<line>QU</line></par>
</text>
</block>
<block><region><rect/></region>
<text>
<par>
<line>Q.</line></par>
</text>
</block>
<block><region><rect/></region>
<text>
<par>
<line>O)</line></par>
</text>
</block>
<block><region><rect/></region>
<text>
<par>
<line>■O</line></par>
</text>
</block>
<block><region><rect/></region>
<text>
<par>
<line>■O</line></par>
</text>
</block>
<block><region><rect/></region>
<text>
<par>
<line>■O</line></par>
</text>
</block>
<block><region><rect/></region>
<text>
<par>
<line>■D</line></par>
</text>
</block>
<block><region><rect/></region>
<text>
<par>
<line>tr</line></par>
</text>
</block>
<block><region><rect/></region>
<text>
<par/>
</text>
</block>
<block><region><rect/></region>
<text>
<par>
<line>■O</line></par>
</text>
</block>
<block><region><rect/></region>
<text>
<par>
<line>TO</line></par>
</text>
</block>
<block><region><rect/></region>
<text>
<par>
<line>O</line></par>
</text>
</block>
<block><region><rect/></region>
<text>
<par>
<line>03</line></par>
</text>
</block>
<block><region><rect/></region>
<text>
<par/>
</text>
</block>
<block><region><rect/></region>
<text>
<par>
<line>O</line></par>
</text>
</block>
<block><region><rect/></region>
<text>
<par>
<line>O</line></par>
</text>
</block>
<block><region><rect/></region>
<text>
<par>
<line>&gt;</line></par>
</text>
</block>
<block><region><rect/></region>
<text>
<par>
<line>&gt;</line></par>
</text>
</block>
<block><region><rect/></region>
<text>
<par>
<line>&gt;</line></par>
</text>
</block>
<block><region><rect/></region>
<text>
<par>
<line>&lt;</line></par>
</text>
</block>
<block><region><rect/></region>
<text>
<par>
<line>&lt;</line></par>
</text>
</block>
<block><region><rect/></region>
<text>
<par>
<line>&gt;</line></par>
</text>
</block>
<block><region><rect/></region>
<text>
<par>
<line>m</line></par>
</text>
</block>
<block><region><rect/></region>
<text>
<par>
<line>I</line></par>
</text>
</block>
<block><region><rect/></region>
<text>
<par/>
</text>
</block>
<block><region><rect/></region>
<text>
<par>
<line>I</line></par>
</text>
</block>
<block><region><rect/></region>
<text>
<par>
<line>□</line></par>
</text>
</block>
<block><region><rect/></region>
<text>
<par>
<line>O</line></par>
</text>
</block>
<block><region><rect/></region>
<text>
<par>
<line>nnasbc</line></par>
</text>
</block>
<block><region><rect/></region>
<text>
<par/>
</text>
</block>
<block><region><rect/></region>
<text>
<par>
<line>O</line></par>
</text>
</block>
<block><region><rect/></region>
<text>
<par>
<line>CO</line></par>
</text>
</block>
<block><region><rect/></region>
<text>
<par>
<line>&lt;u</line></par>
</text>
</block>
<block><region><rect/></region>
<text>
<par>
<line>(U</line></par>
</text>
</block>
<block><region><rect/></region>
<text>
<par>
<line>c:</line></par>
</text>
</block>
<block><region><rect/></region>
<text>
<par>
<line>0)</line></par>
</text>
</block>
<block><region><rect/></region>
<text>
<par>
<line>N</line></par>
</text>
</block>
<block><region><rect/></region>
<text>
<par>
<line>E</line></par>
</text>
</block>
<block><region><rect/></region>
<text>
<par>
<line>CD</line></par>
</text>
</block>
<block><region><rect/></region>
<text>
<par>
<line>(D</line></par>
</text>
</block>
<block><region><rect/></region>
<text>
<par>
<line>C3&gt;</line></par>
</text>
</block>
<block><region><rect/></region>
<text>
<par>
<line>(D</line></par>
</text>
</block>
<block><region><rect/></region>
<text>
<par>
<line>CD</line></par>
</text>
</block>
<block><region><rect/></region>
<text>
<par/>
</text>
</block>
<block><region><rect/></region>
<text>
<par>
<line>CD</line></par>
</text>
</block>
<block><region><rect/></region>
<text>
<par>
<line>E</line></par>
</text>
</block>
<block><region><rect/></region>
<text>
<par>
<line>Si.</line></par>
</text>
</block>
<block><region><rect/></region>
<text>
<par/>
</text>
</block>
<block><region><rect/></region>
<text>
<par/>
</text>
</block>
<block><region><rect/></region>
<text>
<par/>
</text>
</block>
<block><region><rect/></region>
<text>
<par>
<line>T3</line></par>
</text>
</block>
<block><region><rect/></region>
<text>
<par>
<line>T3</line></par>
</text>
</block>
<block><region><rect/></region>
<text>
<par>
<line>CO</line></par>
</text>
</block>
<block><region><rect/></region>
<text>
<par>
<line>CD</line></par>
</text>
</block>
<block><region><rect/></region>
<text>
<par>
<line>en.</line></par>
</text>
</block>
<block><region><rect/></region>
<text>
<par>
<line>&lt;</line></par>
</text>
</block>
<block><region><rect/></region>
<text>
<par>
<line>CJ</line></par>
</text>
</block>
<block><region><rect/></region>
<text>
<par/>
</text>
</block>
<block><region><rect/></region>
<text>
<par>
<line>(D</line></par>
</text>
</block>
<block><region><rect/></region>
<text>
<par>
<line>Q-</line></par>
</text>
</block>
<block><region><rect/></region>
<text>
<par>
<line>O</line></par>
</text>
</block>
<block><region><rect/></region>
<text>
<par>
<line>O</line></par>
</text>
</block>
<block><region><rect/></region>
<text>
<par/>
</text>
</block>
<block><region><rect/></region>
<text>
<par>
<line>O</line></par>
</text>
</block>
<block><region><rect/></region>
<text>
<par>
<line>-N</line></par>
</text>
</block>
<block><region><rect/></region>
<text>
<par/>
</text>
</block>
<block><region><rect/></region>
<text>
<par/>
</text>
</block>
<block><region><rect/></region>
<text>
<par/>
</text>
</block>
<block><region><rect/></region>
<text>
<par/>
</text>
</block>
<block><region><rect/></region>
<text>
<par/>
</text>
</block>
<block><region><rect/></region>
<text>
<par/>
</text>
</block>
<block><region><rect/></region>
<text>
<par/>
</text>
</block>
<block><region><rect/></region>
<text>
<par>
<line>Elaboration du P.L.U. - Nogent sur Loir - Orientations D’Aménagement</line></par>
</text>
</block>






















































</page>
<page width="2479" height="3508" resolution="300">
<block><region><rect/></region>
<text>
<par>
<line>Principes</line></par>
<par>
<line>D’AMÉNAGEMENT</line></par>
</text>
</block>
<block><region><rect/></region>
<text>
<par>
<line>Le projet d’aménagement est présenté ci-avant. Il met en évidence les</line>
<line>éléments à prendre en compte en terme de desserte, d’espaces verts</line>
<line>et de connexions piétonnes _</line></par>
<par>
<line>L’aménagement du secteur peut s’envisager dans le cadre d’une seule</line>
<line>et même opération ou de manière ponctuelle dès lors que les</line>
<line>constructions s’intègrent et respectent les principes et règles définies</line>
<line>ci-après.</line></par>
</text>
</block>
<block><region><rect/></region>
<text>
<par>
<line>L’ensemble de ces orientations est précisé dans les points suivants :</line></par>
</text>
</block>
<block><region><rect/></region>
<text>
<par>
<line>1- DESSERTE DE LA ZONE</line></par>
</text>
</block>
<block><region><rect/></region>
<text>
<par>
<line>1.1 - Accès à la zone et desserte</line></par>
<par>
<line>La desserte automobile de la zone se fera au travers d’un maillage de</line>
<line>voies hiérarchisées telles qu’illustrées sur le schéma de principe</line>
<line>exposé ci-avant :</line></par>
<par>
<line>- une voie structurante formée par le CR n°8, qui fera l’objet d’un</line>
<line>élargissement (prévue par la création d’un emplacement réservé</line>
<line>n°5) et d’un aménagement reprenant les caractéristiques de la</line>
<line>coupe ci-dessous.</line></par>
</text>
</block>
<block><region><rect/></region>
<text>
<par>
<line>Coupe de principe de la vote structurante</line></par>
</text>
</block>
<block><region><rect/></region>
<text>
<par/>
</text>
</block>
<block><region><rect/></region>
<text>
<par/>
</text>
</block>
<block><region><rect/></region>
<text>
<par/>
</text>
</block>
<block><region><rect/></region>
<text>
<par/>
</text>
</block>
<block><region><rect/></region>
<text>
<par>
<line>Limite d emprise</line></par>
</text>
</block>
<block><region><rect/></region>
<text>
<par>
<line>3m</line></par>
</text>
</block>
<block><region><rect/></region>
<text>
<par>
<line>5,5m</line></par>
</text>
</block>
<block><region><rect/></region>
<text>
<par>
<line>1,5m</line></par>
</text>
</block>
<block><region><rect/></region>
<text>
<par>
<line>0 In</line></par>
</text>
</block>
<block><region><rect/></region>
<text>
<par>
<line>5n</line></par>
</text>
</block>
<block><region><rect/></region>
<text>
<par>
<line>- des voies secondaires permettant de relier :</line></par>
<par>
<line>- d’une part, le cR n°8 au chemin rural de la Boutinerie à</line>
<line>l’extrême ouest (via un emplacement réservé n°4),</line></par>
<par>
<line>- d’autre part, le CR n°8 à l’accroche de voirie localisée</line>
<line>dans le lotissement existant.</line></par>
<par>
<line>- des voiries tertiaires de desserte des constructions.</line></par>
<par>
<line>La largeur, le gabarit et l’aménagement de ces voies seront réalisés en</line>
<line>conformité avec l’importance de la voie et les principes recherchés ci-</line>
<line>dessus.</line></par>
<par>
<line>Les accès sur la RD n°11 tant au niveau du CR n°8 qu’au niveau du</line>
<line>chemin rural de la Boutinière (hors plan à l’ouest) devront être</line></par>
</text>
</block>
<block><region><rect/></region>
<text>
<par>
<line>Elaboration du P.L.U. - Nogent sur Loir - Orientations D’Aménagement</line></par>
</text>
</block>
<block><region><rect/></region>
<text>
<par>
<line>9</line></par>
</text>
</block>










</page>
<page width="2479" height="3508" resolution="300">
<block><region><rect/></region>
<text>
<par>
<line>aménagés. Dans ce dernier cas, l’aménagement devra permettre</line>
<line>d’identifier cette nouvelle entrée d’agglomération (réduction de la</line>
<line>vitesse).</line></par>
<par>
<line>1.2- Les cheminements piétons</line></par>
<par>
<line>La desserte piétonne devra être assurée sur l’ensemble de la zone</line>
<line>vers l’extérieur.</line></par>
<par>
<line>A cet effet, il est notamment prévu (mais non seulement) :</line></par>
<par>
<line>- la transformation du chemin de desserte vers la Boutinerie</line>
<line>existant en liaison piétonne vers la RD n°11,</line></par>
<par>
<line>- la création d’un cheminement piéton au nord-est vers le</line>
<line>terrain de loisirs communal.</line></par>
<par>
<line>1.3- Ramassage des ordures ménagères/tri sélectif</line></par>
<par>
<line>Afin de faciliter le ramassage des ordures ménagères mais</line>
<line>également de limiter la circulation des engins au sein du quartier, il</line>
<line>devra être prévu l’aménagement d’aires d’accueil temporaire des</line>
<line>containers OM/tri sélectif en bordure des voies de desserte</line>
<line>secondaires traversant la zone. Les containers feront donc l’objet</line>
<line>d’un apport volontaire sur ces aires d’accueil et le ramassage en</line>
<line>porte-à-porte sera à éviter.</line></par>
</text>
</block>
<block><region><rect/></region>
<text>
<par>
<line>2- AMENAGEMENTS PAYSAGERS ET INTEGRATION DU BATI</line></par>
<par>
<line>Afin d’assurer l’intégration paysagère du secteur urbanisé dans son</line>
<line>site mais également de renforcer son identité, les éléments végétaux</line>
<line>mentionnés sur le schéma d’aménagement seront créés, conservés</line>
<line>ou mis en valeur :</line></par>
<par>
<line>- les haies végétales par ailleurs protégées au titre de l’article</line>
<line>L. 123-1-5 7 ° du code de l’urbanisme,</line></par>
<par>
<line>- le petit ensemble d’arbres aménagé en espace public et</line>
<line>piéton.</line></par>
<par>
<line>Au nord de la zone, afin d’intégrer l’urbanisation dans le paysage</line>
<line>dénudé, la création d’une haie devra être prévue pour assurer un</line>
<line>équilibre harmonieux entre bâti et végétal.</line></par>
</text>
</block>
<block><region><rect/></region>
<text>
<par>
<line>3- UNE ZONE A VOCATION PRINCIPALE D’HABITAT</line></par>
<par>
<line>La zone aura une vocation principale d’habitat mais pourra</line>
<line>également accueillir des activités de services en lien avec des</line>
<line>habitations existantes dans la zone.</line></par>
<par>
<line>La densité moyenne de l’opération devra permettre la réalisation</line>
<line>d’au moins 35 logements sur l’ensemble du secteur dont 10% de</line>
<line>logements locatifs sociaux.</line></par>
<par>
<line>Pour garantir la mixité urbaine, il devra être prévue :</line></par>
<par>
<line>- 20% de parcelles inférieures à 400m^,</line></par>
<par>
<line>- 20% de parcelles comprises entre 400 et 600m^,</line></par>
</text>
</block>
<block><region><rect/></region>
<text>
<par>
<line>Elaboration du P.L.U. - Nogent sur Loir - Orientations D’Aménagement</line></par>
</text>
</block>
<block><region><rect/></region>
<text>
<par>
<line>10</line></par>
</text>
</block>
</page>
<page width="2479" height="3508" resolution="300">
<block><region><rect/></region>
<text>
<par>
<line>- 60% de parcelles supérieures à 600m^.</line></par>
<par>
<line>La densité des différents secteurs sera définie conformément au</line>
<line>gradient de densité exprimé sur le schéma ci-contre.</line></par>
</text>
</block>
<block><region><rect/></region>
<text>
<par>
<line>4- FORMES URBAINES</line></par>
<par>
<line>Les formes urbaines développées dans le cadre de l’aménagement de</line>
<line>la zone doivent globalement s’inspirer des formes traditionnellement</line>
<line>rencontrées dans le bourg.</line></par>
<par>
<line>L’implantation des constructions devra par ailleurs permettre</line>
<line>d’optimiser les apports solaires.</line></par>
</text>
</block>
<block><region><rect/></region>
<text>
<par>
<line>Elaboration du P.L.U. - Nogent sur Loir - Orientations D’Aménagement</line></par>
</text>
</block>
<block><region><rect/></region>
<text>
<par>
<line>11</line></par>
</text>
</block>
</page>
<page width="2479" height="3508" resolution="300">
<block><region><rect/></region>
<text>
<par>
<line>Elaboration du P.L.U. - Nogent sur Loir - Orientations D'Aménagement</line></par>
</text>
</block>
<block><region><rect/></region>
<text>
<par>
<line>12</line></par>
</text>
</block>
</page>
</OAP>