<?xml version="1.0" encoding="UTF-8"?><OAP>
<page width="1654" height="2339" resolution="200">
<block><region><rect/></region>
<text>
<par>
<line>DEPARTEMENT DE LA SARTHE</line></par>
</text>
</block>
<block><region><rect/></region>
<text>
<par>
<line>COMMUNE DE TUFEÉ</line></par>
</text>
</block>
<block><region><rect/></region>
<text>
<par>
<line>PLAN LOCAL D’URBANISME</line></par>
</text>
</block>
<block><region><rect/></region>
<text>
<par>
<line>REVISION N°2</line></par>
</text>
</block>
<block><region><rect/></region>
<text>
<par>
<line>2b</line></par>
</text>
</block>
<block><region><rect/></region>
<text>
<par>
<line>ORIENTATIONS SPECIFIQUES</line>
<line>D’AMENAGEMENT</line></par>
</text>
</block>
<block><region><rect/></region>
<text>
<par>
<line>DOSSIER D’APPROBATION</line>
<line>Vu POUR ETRE ANNEXE A LA DELIBERATION</line>
<line>DU CONSEIL Municipal en date du</line>
<line>22 FEVRIER 2008</line></par>
</text>
</block>
<block><region><rect/></region>
<text>
<par>
<line>ETAT D'AVANCEMENT DU DOSSIER : REVISION APPROUVEE</line>
<line>DATE DE DERNIERE MODIFICATION DE CE DOCUMENT: FEVRIER 2008</line></par>
</text>
</block>
<block><region><rect/></region>
<text>
<par>
<line>Xavier DEWAILLY - Urbaniste S. F. U.</line></par>
<par>
<line>136 rue du Bourg Bêlé 72000 LE MANS</line></par>
<par>
<line>TEL : 02 43 28 7115 FAX : 02 43 39.93.21 E-IVLUL : urba.dewailly@wanadoo.fr</line></par>
</text>
</block>

































<block blockType="Picture" blockName="" l="103" t="519" r="1551" b="624"><region><rect/></region>
</block>
</page>
<page width="1654" height="2339" resolution="200">
<block><region><rect/></region>
<text>
<par>
<line>1</line></par>
</text>
</block>
<block><region><rect/></region>
<text>
<par>
<line>PLAN LOCAL D’URBANISME DE</line></par>
<par>
<line>TUFFÉ</line></par>
</text>
</block>
<block><region><rect/></region>
<text>
<par>
<line>REVISION N°2</line></par>
</text>
</block>
<block><region><rect/></region>
<text>
<par>
<line>ORIENTATIONS SPECIFIQUES</line></par>
<par>
<line>D’AMENAGEMENT</line></par>
</text>
</block>
<block><region><rect/><rect/><rect/></region>
<text>
<par>
<line>XAVIER DEWAILLY, URBANISTE S.F.U. FEVRIER 2008</line></par>
<par>
<line>136 RUE DU BOURG BELE 72000 LE MANS</line>
<line>Tél : 02.43.28.71,15 Fax : 02.43.39.93.21</line></par>
</text>
</block>
<block><region><rect/></region>
<text>
<par>
<line>E-MAIL : urba.dewaiIly@wanadoo.fr</line></par>
</text>
</block>




</page>
<page width="1662" height="2344" resolution="200">
<block><region><rect/></region>
<text>
<par>
<line>LES ORIENTATIONS SPECIFIQUES D’AMENAGEMENT</line>
<line>POUR LA ZONE AUh DE LA CROIX SITUEE A L’OUEST DE L’AGGLOMERATION.</line></par>
</text>
</block>
<block><region><rect/></region>
<text>
<par>
<line>3</line></par>
</text>
</block>
<block><region><rect/></region>
<text>
<par>
<line>- Créer un accès sur la RD 19 par la voie aménagée du lotissement</line></par>
<par>
<line>- Aménager un cheminement piétonnier au Sud de cette zone AUh le long de la haie qui délimite la</line>
<line>zone d’activités. Planter une haie au Nord de ce chemin piétonnier pour faire une zoen tampon entre la</line>
<line>zone d’activités et la zone d’habitat</line></par>
<par>
<line>- Aménager un accès glissant sur le CR</line></par>
<par>
<line>- Planter en périphérie du bâti existant</line></par>
<par>
<line>- Créer une liaison piétonnière entre le lotissement et la RD 97 au Nord de la zone AUh</line></par>
<par>
<line>- Prévoir des liaisons avec la zone AU située plus à l’Ouest</line></par>
</text>
</block>
<block><region><rect/></region>
<text>
<par>
<line>LES ORIENTATIONS SPECIFIQUES D’AMENAGEMENT</line>
<line>POUR LA ZONE AUh DE LA MAZURE SITUEE A L’EST DE L’AGGLOMERATION.</line></par>
<par>
<line>- Créer un accès glissant sur la RD 97</line></par>
<par>
<line>- Planter en périphérie du bâti existant</line></par>
<par>
<line>- Aménager un accès obligatoire sur le CR</line></par>
</text>
</block>
<block><region><rect/></region>
<text>
<par>
<line>Dans les trois cas, une étude préalable à l’aménagement devra prévoir les cheminements</line>
<line>piétons et les liaisons routières entre les zones d’extension et le centre&gt;bourg, l’organisation</line>
<line>générale de la voirie, les équipements nécessaires en matière de réseau d’assainissement, la</line>
<line>localisation des bassins de rétention des eaux pluviales et celle des espaces verts...</line></par>
</text>
</block>






</page>
<page width="3508" height="2481" resolution="300">
<block><region><rect/><rect/><rect/><rect/><rect/><rect/><rect/></region>
<text>
<par>
<line>..i v-vV.-</line></par>
<par>
<line>ÜH^ÂT-IONS P'AMEN/Jg^ENT tl</line></par>
<par>
<line>&gt; ^'./B^PÉLi.E: 1/Z qop ,</line></par>
</text>
</block>
<block><region><rect/></region>
<text>
<par>
<line>MAZURE</line></par>
</text>
</block>
<block><region><rect/></region>
<text>
<par>
<line>J*</line></par>
</text>
</block>
<block><region><rect/></region>
<text>
<par/>
</text>
</block>
<block><region><rect/></region>
<text>
<par>
<line>tx*'!, ri</line></par>
</text>
</block>
<block><region><rect/></region>
<text>
<par>
<line>•&lt; ^</line></par>
</text>
</block>
<block><region><rect/></region>
<text>
<par>
<line>&lt;■ iT'</line></par>
</text>
</block>
<block><region><rect/></region>
<text>
<par>
<line>•i-r*V</line></par>
</text>
</block>
<block><region><rect/></region>
<text>
<par>
<line>^</line></par>
</text>
</block>
<block><region><rect/></region>
<text>
<par/>
</text>
</block>
<block><region><rect/></region>
<text>
<par>
<line>\ ♦</line></par>
</text>
</block>
<block><region><rect/></region>
<text>
<par/>
</text>
</block>
<block><region><rect/><rect/></region>
<text>
<par>
<line>ACCES'</line>
<line>OBLIGATOIRE</line></par>
</text>
</block>
<block><region><rect/></region>
<text>
<par>
<line>'Jk</line></par>
</text>
</block>
<block><region><rect/></region>
<text>
<par>
<line>J -1</line></par>
</text>
</block>
<block><region><rect/><rect/></region>
<text>
<par>
<line>tX</line></par>
<par>
<line>l</line></par>
</text>
</block>
<block><region><rect/></region>
<text>
<par>
<line>%</line></par>
</text>
</block>
<block><region><rect/><rect/><rect/></region>
<text>
<par/>
</text>
</block>
<block><region><rect/><rect/></region>
<text>
<par/>
</text>
</block>
<block><region><rect/></region>
<text>
<par/>
</text>
</block>
<block><region><rect/></region>
<text>
<par>
<line>.J«</line></par>
</text>
</block>
<block><region><rect/></region>
<text>
<par>
<line>■îfel</line></par>
</text>
</block>
<block><region><rect/></region>
<text>
<par>
<line>*‘*-J</line></par>
</text>
</block>
<block><region><rect/></region>
<text>
<par>
<line>vv</line></par>
</text>
</block>
<block><region><rect/></region>
<text>
<par>
<line>-.'-'Ji'</line></par>
</text>
</block>
<block><region><rect/></region>
<text>
<par>
<line>V &amp;</line></par>
</text>
</block>
<block><region><rect/></region>
<text>
<par>
<line>ACCES</line></par>
<par>
<line>Glissant</line></par>
</text>
</block>
<block><region><rect/></region>
<text>
<par/>
</text>
</block>
<block><region><rect/></region>
<text>
<par>
<line>J B* -</line></par>
</text>
</block>
<block><region><rect/></region>
<text>
<par/>
</text>
</block>
<block><region><rect/></region>
<text>
<par>
<line>'wc.</line></par>
</text>
</block>
<block><region><rect/></region>
<text>
<par>
<line>H'</line></par>
</text>
</block>
<block><region><rect/></region>
<text>
<par/>
</text>
</block>
<block><region><rect/></region>
<text>
<par>
<line>-&lt;&gt;# /</line></par>
</text>
</block>
<block><region><rect/></region>
<text>
<par>
<line>ru*</line></par>
</text>
</block>
<block><region><rect/></region>
<text>
<par/>
</text>
</block>
<block><region><rect/></region>
<text>
<par>
<line>■'-: 'r-</line></par>
</text>
</block>
<block><region><rect/></region>
<text>
<par/>
</text>
</block>
<block><region><rect/></region>
<text>
<par>
<line>■- -’tî.</line></par>
</text>
</block>
<block><region><rect/><rect/><rect/></region>
<text>
<par>
<line>\</line></par>
</text>
</block>
<block><region><rect/><rect/><rect/></region>
<text>
<par>
<line>7</line></par>
</text>
</block>
<block><region><rect/></region>
<text>
<par/>
</text>
</block>
<block><region><rect/></region>
<text>
<par/>
</text>
</block>
<block><region><rect/></region>
<text>
<par>
<line>¥</line></par>
</text>
</block>
<block><region><rect/></region>
<text>
<par>
<line>•.%.</line></par>
</text>
</block>
<block><region><rect/></region>
<text>
<par>
<line>. f . - '.■'</line></par>
</text>
</block>
<block><region><rect/></region>
<text>
<par>
<line>■?««».■</line></par>
</text>
</block>
<block><region><rect/></region>
<text>
<par>
<line>■: ^ =^'</line></par>
</text>
</block>
<block><region><rect/></region>
<text>
<par/>
</text>
</block>
<block><region><rect/><rect/></region>
<text>
<par/>
</text>
</block>
<block><region><rect/></region>
<text>
<par/>
</text>
</block>
<block><region><rect/><rect/></region>
<text>
<par>
<line>I r; ^&lt;0 4"'*'* '■-'■if.'</line>
<line>JSta.^ «Bl</line></par>
</text>
</block>
<block><region><rect/></region>
<text>
<par/>
</text>
</block>
<block><region><rect/></region>
<text>
<par>
<line>f-ë-'</line></par>
</text>
</block>
<block><region><rect/></region>
<text>
<par>
<line>nr ■" '.^:a '.</line></par>
</text>
</block>
<block><region><rect/></region>
<text>
<par>
<line>k JKaJ# '.</line></par>
</text>
</block>
<block><region><rect/></region>
<text>
<par/>
</text>
</block>
<block><region><rect/><rect/><rect/><rect/><rect/><rect/><rect/><rect/><rect/><rect/><rect/></region>
<text>
<par>
<line>/| j</line></par>
<par>
<line>&gt; t</line></par>
</text>
</block>













<block blockType="Picture" blockName="" l="992" t="901" r="1043" b="978"><region><rect/></region>
</block>
</page>
</OAP>