<?xml version="1.0" encoding="UTF-8"?><OAP>
<page width="2480" height="3508" resolution="300">
<block><region><rect/></region>
<text>
<par>
<line>DEPARTEMENT DE LA HAUTE-SAVOIE</line></par>
</text>
</block>
<block><region><rect/></region>
<text>
<par>
<line>COMMUNE DE NEUVECELLE</line></par>
</text>
</block>
<block><region><rect/></region>
<text>
<par>
<line>P.L.U.</line></par>
</text>
</block>
<block><region><rect/></region>
<text>
<par>
<line>PLAN LOCAL D'URBANISME</line></par>
<par>
<line>REVISION</line></par>
<par>
<line>PHASE APPROBATION</line></par>
</text>
</block>
<block><region><rect/></region>
<text>
<par>
<line>4 - ORIENTATION</line>
<line>D'AMENAGEMENT ET DE</line>
<line>PROGRAMMATION</line></par>
</text>
</block>
<block><region><rect/></region>
<text>
<par>
<line>Vu pour être annexé à la</line>
<line>délibération du Conseil</line>
<line>Municipal en date de ce jour</line></par>
<par>
<line>Le 05 Avril 2018</line></par>
<par>
<line>Le Maire,</line></par>
<par>
<line>Anne Cécile VIOLLAND</line></par>
</text>
</block>
<block><region><rect/></region>
<text>
<par>
<line>PROCEDURES</line></par>
</text>
</block>
<block><region><rect/></region>
<text>
<par>
<line>PLU approuvé le 05 Avril 2018</line></par>
</text>
</block>
<block><region><rect/></region>
<text>
<par>
<line>Urbanistes</line></par>
</text>
</block>
<block><region><rect/></region>
<text>
<par>
<line>Florence LACHAT &amp; Sandra CACHAT</line></par>
</text>
</block>








<block blockType="Picture" blockName="" l="928" t="2337" r="2279" b="2400"><region><rect/></region>
</block>
<block blockType="Picture" blockName="" l="924" t="2332" r="2283" b="2405"><region><rect/></region>
</block>
</page>
<page width="2481" height="3612" resolution="300">
<block><region><rect/></region>
<text>
<par>
<line>LES ORIENTATIONS D'AMENAGEMENT ET DE PROGRAMMATION (OAP)</line></par>
</text>
</block>
<block><region><rect/></region>
<text>
<par>
<line>OAP1_CHEZ DURET.2</line></par>
<par>
<line>OAP2_EN POËSE.5</line></par>
<par>
<line>OAP3_LES VERNES.7</line></par>
<par>
<line>OAP4_GRANDE RIVE.9</line></par>
<par>
<line>OAP5_MILLY SUD.13</line></par>
<par>
<line>OAP6_VERLAGNY OUEST.15</line></par>
<par>
<line>OAP7 LES MOULINS DE CHEZ DURET.18</line></par>
</text>
</block>
<block><region><rect/></region>
<text>
<par>
<line>OAP_Révision PLU_Commune de NEUVECELLE (74)_PHASE APPROBATION 1/19</line></par>
</text>
</block>








</page>
<page width="2481" height="3612" resolution="300">
<block><region><rect/></region>
<text>
<par>
<line>OAP1 CHEZDURET</line></par>
</text>
</block>
<block blockType="Table" blockName="" l="201" t="381" r="2262" b="3274"><region><rect/></region>
<row>
<cell width="1031" height="1236">
<text>
<par>
<line>1. Conditions d'ouverture à l'urbanisation</line></par>
</text></cell>
<cell width="1030" height="1236">
<text>
<par>
<line>Projet d'aménagement d'ensemble :</line></par>
<par>
<line>- Conserver la forme urbaine de l'habitat</line>
<line>vernaculaire existant</line></par>
<par>
<line>- Prévoir l'urbanisation des espaces vides à</line>
<line>l'arrière de cet habitat vernaculaire en</line>
<line>interprétant les caractéristiques urbaines et</line>
<line>architecturale existant / organisation de part</line>
<line>et d'autre d'une voie, fontaine, cour /</line>
<line>maintien d'espaces verts</line></par>
<par>
<line>Proposer une interprétation de l'architecture</line>
<line>vernaculaire notamment en termes de volumétrie</line></par>
<par>
<line>Prévoir les aménagements paysagers du cours d'eau</line>
<line>et son adaptation à la collecte des eaux pluviales à la</line>
<line>parcelle.</line></par>
<par>
<line>Mettre en œuvre une desserte unique en prise sur la</line>
<line>placette existante et débouchant sur le chemin de</line>
<line>Chez Duret</line></par>
<par>
<line>Aménager une continuité au travers d'un</line>
<line>cheminement piéton débouchant sur le chemin des</line>
<line>Oiseaux</line></par>
<par>
<line>Limiter la hauteur des constructions pour conserver</line>
<line>un cône de vue vers le Lac depuis la RD21.</line></par>
</text></cell></row>
<row>
<cell width="1031" height="296">
<text>
<par>
<line>2. Aménagement</line></par>
</text></cell>
<cell width="1030" height="296">
<text>
<par>
<line>Identification de l'habitat vernaculaire et des espaces</line>
<line>naturels vides à l'arrière, porteurs d'un projet de</line>
<line>développement.</line></par>
<par>
<line>L'esprit du lieu doit être interprétée dans le projet à</line>
<line>réaliser.</line></par>
</text></cell></row>
<row>
<cell width="1031" height="344">
<text>
<par>
<line>2.1. Accessibilité et déplacement</line></par>
</text></cell>
<cell width="1030" height="344">
<text>
<par>
<line>Mettre en œuvre une desserte unique en prise sur la</line>
<line>placette existante et débouchant sur le chemin de</line>
<line>Chez Duret au Sud de l'OAP1</line></par>
<par>
<line>Aménager une continuité au travers d'un</line>
<line>cheminement piéton débouchant sur le chemin des</line>
<line>Oiseaux au nord de l'OAP1</line></par>
</text></cell></row>
<row>
<cell width="1031" height="624">
<text>
<par>
<line>2.2. Caractéristiques des constructions</line></par>
</text></cell>
<cell width="1030" height="624">
<text>
<par>
<line>Habitat de type petit collectif : la hauteur des</line>
<line>constructions et la volumétrie de la toiture doit</line>
<line>démontrer que les vues remarquables vers le Lac et</line>
<line>les Monts du Jura sont maintenues</line></par>
<par>
<line>Implantation des constructions parallèles ou</line>
<line>perpendiculaires aux courbes de niveau ; les vues</line>
<line>privilégiées doivent être conservées.</line></par>
<par>
<line>Limiter le linéaire des constructions pour conserver</line>
<line>des trouées entre les constructions.</line></par>
<par>
<line>Limiter le nombre de places de stationnement en</line>
<line>surface et privilégier le stationnement en souterrain.</line></par>
</text></cell></row>
<row>
<cell width="1031" height="393">
<text>
<par>
<line>2.3. T raitement paysager et espace public</line></par>
</text></cell>
<cell width="1030" height="393">
<text>
<par>
<line>J ustifier d'un traitement paysager des aires de</line>
<line>stationnement pour une bonne intégration dans le</line>
<line>site</line></par>
<par>
<line>Intégrer le traitement paysager du cours d'eau en</line>
<line>interface avec les parcelles voisines en prévoyant un</line>
<line>recul des constructions à édifier.</line></par>
<par>
<line>Conserver une ouverture du quartier (OAP1 Chez</line></par>
</text></cell></row>
</block>
<block><region><rect/></region>
<text>
<par>
<line>OAP_Révision PLU_Commune de NEUVECELLE (74)_PHASE APPROBATION 2/19</line></par>
</text>
</block>







</page>
<page width="2481" height="3612" resolution="300">
<block blockType="Table" blockName="" l="200" t="224" r="2264" b="1360"><region><rect/></region>
<row>
<cell width="1032" height="263">
<text>
<par/>
</text></cell>
<cell width="1032" height="263">
<text>
<par>
<line>Duret) sur les quartiers limitrophes par</line>
<line>l'aménagement d'un cheminement piéton</line></par>
<par>
<line>débouchant sur le chemin des Oiseaux ; Justifier</line>
<line>d'un traitement paysager du cheminement piéton</line>
<line>pour une bonne intégration dans le site.</line></par>
</text></cell></row>
<row>
<cell width="1032" height="84">
<text>
<par>
<line>3. Habitat</line></par>
</text></cell>
<cell width="1032" height="84">
<text>
<par/>
</text></cell></row>
<row>
<cell width="1032" height="83">
<text>
<par>
<line>3.1. Densité</line></par>
</text></cell>
<cell width="1032" height="83">
<text>
<par>
<line>Tendre vers 40 logements par hectare à minima</line></par>
</text></cell></row>
<row>
<cell width="1032" height="131">
<text>
<par>
<line>3.2. Mixité sociale, rappel réglementaire</line></par>
</text></cell>
<cell width="1032" height="131">
<text>
<par>
<line>30% des logements doivent être des logements</line>
<line>locatifs sociaux pérennes</line></par>
</text></cell></row>
<row>
<cell width="1032" height="84">
<text>
<par>
<line>4. Transports et déplacements</line></par>
</text></cell>
<cell width="1032" height="84">
<text>
<par/>
</text></cell></row>
<row>
<cell width="1032" height="179">
<text>
<par>
<line>4.1. Cheminements piétons</line></par>
</text></cell>
<cell width="1032" height="179">
<text>
<par>
<line>Aménager une continuité au travers d'un</line>
<line>cheminement piéton débouchant sur le chemin des</line>
<line>Oiseaux</line></par>
</text></cell></row>
<row>
<cell width="1032" height="179">
<text>
<par>
<line>4.2. Accès, rappel réglementaire</line></par>
</text></cell>
<cell width="1032" height="179">
<text>
<par>
<line>Créer un accès automobile depuis le chemin de</line>
<line>Chez Duret et une continuité piétonne depuis le</line>
<line>chemin des Oiseaux.</line></par>
</text></cell></row>
<row>
<cell width="1032" height="133">
<text>
<par>
<line>4.3. Desserte, rappel réglementaire</line></par>
</text></cell>
<cell width="1032" height="133">
<text>
<par>
<line>Mutualiser la desserte tout en préservant la cour et la</line>
<line>fontaine existantes en entrée sud de l'OAP1.</line></par>
</text></cell></row>
</block>
<block><region><rect/></region>
<text>
<par>
<line>r</line></par>
</text>
</block>
<block><region><rect/></region>
<text>
<par>
<line>f</line></par>
</text>
</block>
<block><region><rect/></region>
<text>
<par>
<line>Chemin de chez Duret Limite sud de l'OAPl</line></par>
</text>
</block>
<block><region><rect/></region>
<text>
<par>
<line>«ï:</line></par>
</text>
</block>
<block><region><rect/></region>
<text>
<par/>
</text>
</block>
<block><region><rect/></region>
<text>
<par>
<line>Espace naturel (vide)_vue depuis chemin des Oiseaux_limite Nord de l'OAPl</line></par>
</text>
</block>
<block><region><rect/></region>
<text>
<par>
<line>OAP_Révision PLU_Commune de NEUVECELLE (74)_PHASE APPROBATION</line></par>
</text>
</block>
<block><region><rect/></region>
<text>
<par>
<line>3/19</line></par>
</text>
</block>













</page>
<page width="2481" height="3612" resolution="300">
<block><region><rect/></region>
<text>
<par>
<line>SCHEMA DES PRINCIPES URBAINS DE L'OAPI CHEZ DURET</line></par>
</text>
</block>
<block><region><rect/></region>
<text>
<par>
<line>ai</line></par>
</text>
</block>
<block><region><rect/></region>
<text>
<par/>
</text>
</block>
<block><region><rect/></region>
<text>
<par/>
</text>
</block>
<block><region><rect/></region>
<text>
<par>
<line>%</line></par>
</text>
</block>
<block><region><rect/></region>
<text>
<par/>
</text>
</block>
<block><region><rect/></region>
<text>
<par>
<line>OAPl CHEZ DURET NEUVECELLE MAR5 2aid</line></par>
</text>
</block>
<block><region><rect/></region>
<text>
<par>
<line>m</line></par>
</text>
</block>
<block><region><rect/></region>
<text>
<par>
<line>miiP</line></par>
</text>
</block>
<block><region><rect/></region>
<text>
<par>
<line>i</line></par>
</text>
</block>
<block><region><rect/></region>
<text>
<par/>
</text>
</block>
<block><region><rect/></region>
<text>
<par/>
</text>
</block>
<block><region><rect/></region>
<text>
<par/>
</text>
</block>
<block><region><rect/></region>
<text>
<par>
<line>K</line></par>
</text>
</block>
<block><region><rect/></region>
<text>
<par/>
</text>
</block>
<block><region><rect/></region>
<text>
<par/>
</text>
</block>
<block><region><rect/></region>
<text>
<par/>
</text>
</block>
<block><region><rect/></region>
<text>
<par/>
</text>
</block>
<block><region><rect/></region>
<text>
<par/>
</text>
</block>
<block><region><rect/></region>
<text>
<par>
<line>J emprisede l'OARl</line></par>
</text>
</block>
<block><region><rect/></region>
<text>
<par>
<line>Habitat i''i?rnacu aire a conserve!</line></par>
</text>
</block>
<block><region><rect/></region>
<text>
<par>
<line>accès</line></par>
</text>
</block>
<block><region><rect/></region>
<text>
<par>
<line>V</line></par>
</text>
</block>
<block><region><rect/></region>
<text>
<par>
<line>■' Cheminement piéton</line></par>
</text>
</block>
<block><region><rect/></region>
<text>
<par/>
</text>
</block>
<block><region><rect/></region>
<text>
<par>
<line>m.</line></par>
</text>
</block>
<block><region><rect/></region>
<text>
<par>
<line>Implantation des constajctionsen densité 1</line></par>
</text>
</block>
<block><region><rect/></region>
<text>
<par/>
</text>
</block>
<block><region><rect/></region>
<text>
<par>
<line>î/m.</line></par>
</text>
</block>
<block><region><rect/></region>
<text>
<par>
<line>i? Traitement paysager du cours d'eau / gestion eaux pluviales</line></par>
</text>
</block>
<block><region><rect/></region>
<text>
<par>
<line>Çci'-*iif3" : 2 133</line></par>
</text>
</block>
<block><region><rect/></region>
<text>
<par>
<line>&gt;</line></par>
</text>
</block>
<block><region><rect/></region>
<text>
<par/>
</text>
</block>
<block><region><rect/></region>
<text>
<par>
<line>Limiter 13 hauteur dei constructions a Re2 i conserirer vues</line></par>
</text>
</block>
<block><region><rect/></region>
<text>
<par>
<line>Kjn</line></par>
</text>
</block>
<block><region><rect/></region>
<text>
<par/>
</text>
</block>
<block><region><rect/></region>
<text>
<par/>
</text>
</block>
<block><region><rect/></region>
<text>
<par>
<line>Surface de l'OAP, nombre de logements potentiels et LLS attendus</line></par>
</text>
</block>
<block blockType="Table" blockName="" l="200" t="2044" r="2280" b="2358"><region><rect/></region>
<row>
<cell width="434" height="181">
<text>
<par>
<line>Enveloppes</line></par>
<par>
<line>urbaines</line></par>
</text></cell>
<cell width="329" height="181">
<text>
<par>
<line>Zone de</line>
<line>référence au</line></par>
<par>
<line>plu</line></par>
</text></cell>
<cell width="329" height="181">
<text>
<par>
<line>Surfaces</line></par>
</text></cell>
<cell width="329" height="181">
<text>
<par>
<line>Part de LLS</line>
<line>souhaitée</line></par>
</text></cell>
<cell width="329" height="181">
<text>
<par>
<line>Nombre de</line>
<line>logements</line>
<line>potentiels</line></par>
</text></cell>
<cell width="330" height="181">
<text>
<par>
<line>Nombre de</line>
<line>LLS</line></par>
<par>
<line>potentiels</line></par>
</text></cell></row>
<row>
<cell width="434" height="133">
<text>
<par>
<line>OAP1 CHEZ</line></par>
<par>
<line>DURET</line></par>
</text></cell>
<cell width="329" height="133">
<text>
<par>
<line>AUa</line></par>
</text></cell>
<cell width="329" height="133">
<text>
<par>
<line>3500</line></par>
</text></cell>
<cell width="329" height="133">
<text>
<par>
<line>30%</line></par>
</text></cell>
<cell width="329" height="133">
<text>
<par>
<line>14</line></par>
</text></cell>
<cell width="330" height="133">
<text>
<par>
<line>4</line></par>
</text></cell></row>
</block>
<block><region><rect/></region>
<text>
<par>
<line>OAP_Révision PLU_Commune de NEUVECELLE (74)_PHASE APPROBATION</line></par>
</text>
</block>
<block><region><rect/></region>
<text>
<par>
<line>4/19</line></par>
</text>
</block>

























</page>
<page width="2481" height="3612" resolution="300">
<block><region><rect/></region>
<text>
<par>
<line>OAP2_EN POESE</line></par>
</text>
</block>
<block blockType="Table" blockName="" l="201" t="381" r="2262" b="3316"><region><rect/></region>
<row>
<cell width="1031" height="1146">
<text>
<par>
<line>1. Conditions d'ouverture à l'urbanisation</line></par>
</text></cell>
<cell width="1030" height="1146">
<text>
<par>
<line>- Projet d'aménagement d'ensemble (absence</line>
<line>de maîtrise foncière) : transformation d'un</line>
<line>quartier pavillonnaire</line></par>
<par>
<line>- Ouverture à l'urbanisation à échéance du</line></par>
<par>
<line>SCOT. En tout état de cause la</line>
<line>programmation de l'ouverture à</line></par>
<par>
<line>l'urbanisation doit être précisée tenant</line>
<line>compte du projet de halte ferroviaire à créer</line>
<line>dans le cadre du RER Sud Léman.</line></par>
<par>
<line>- Travailler par densification pavillonnaire</line></par>
<par>
<line>- Privilégier à minima les principes suivants :</line></par>
<par>
<line>o Qualité urbaine du bâtiment c'est à</line>
<line>dire démontrer que l'insertion dans</line>
<line>l'environnement urbain est</line></par>
<par>
<line>satisfaisante ;</line></par>
<par>
<line>o Qualité sociale c'est à dire intégrer</line>
<line>une part de logements locatifs</line>
<line>sociaux pérennes pour permettre à</line>
<line>la collectivité de répondre aux</line>
<line>objectifs de la loi SRU (à échéance</line>
<line>du SCOT)</line></par>
</text></cell></row>
<row>
<cell width="1031" height="84">
<text>
<par>
<line>2. Aménagement</line></par>
</text></cell>
<cell width="1030" height="84">
<text>
<par/>
</text></cell></row>
<row>
<cell width="1031" height="439">
<text>
<par>
<line>2.1. Accessibilité et déplacement</line></par>
</text></cell>
<cell width="1030" height="439">
<text>
<par>
<line>Voie de desserte traversante en accroche sur</line>
<line>l'avenue du Champ Bontemps en aval du tènement</line>
<line>foncier. Desservir l'ensemble du tènement avec une</line>
<line>voie unique de desserte ; ne pas créer d'enclave</line>
<line>dans le tènement.</line></par>
<par>
<line>A priori pas de débouché en amont au regard de la</line>
<line>topographie ; la faisabilité d'un tel débouché pourra</line>
<line>être vérifié.</line></par>
</text></cell></row>
<row>
<cell width="1031" height="371">
<text>
<par>
<line>2.2. Caractéristiques des constructions</line></par>
</text></cell>
<cell width="1030" height="371">
<text>
<par>
<line>Le projet doit présenter une densification de ce</line>
<line>quartier pavillonnaire par l'adjonction de maisons</line>
<line>individuelles pures ou groupées. Le projet doit</line>
<line>démontrer que le gisement foncier est optimisé en</line>
<line>termes de production de logement et respectueux en</line>
<line>termes d'insertion dans le site et dans le respect des</line>
<line>caractères paysagers du lieu.</line></par>
</text></cell></row>
<row>
<cell width="1031" height="604">
<text>
<par>
<line>2.3. T raitement paysager et espace public</line></par>
</text></cell>
<cell width="1030" height="604">
<text>
<par>
<line>- secteur Nord de la parcelle doivent accueillir en</line>
<line>priorité les stationnements, aménagements divers</line>
<line>(boîtes aux lettres, local ordures ménagères, _)</line></par>
<par>
<line>- faire un bilan écologique des arbres en présence et</line>
<line>conserver à minima les beaux sujets.</line></par>
<par>
<line>- conserver les vues remarquables vers le lac et les</line>
<line>monts du J ura : vue depuis les constructions à</line>
<line>implanter et pour les constructions existantes</line>
<line>notamment celles en amont du tènement foncier :</line>
<line>des implantations respectueuses de la topographie</line>
<line>sont à privilégier</line></par>
</text></cell></row>
<row>
<cell width="1031" height="179">
<text>
<par>
<line>3. Habitat</line></par>
</text></cell>
<cell width="1030" height="179">
<text>
<par>
<line>- prendre en compte dans le choix constructif la</line>
<line>future circulation ferroviaire (projet de RE R sud</line>
<line>Léman)</line></par>
</text></cell></row>
<row>
<cell width="1031" height="112">
<text>
<par>
<line>3.1. Densité</line></par>
</text></cell>
<cell width="1030" height="112">
<text>
<par>
<line>Tendre vers 12 logements par hectare à minima et</line>
<line>au maxima utiliser les droits à construire autorisés</line></par>
</text></cell></row>
</block>
<block><region><rect/></region>
<text>
<par>
<line>OAP_Révision PLU_Commune de NEUVECELLE (74)_PHASE APPROBATION 5/19</line></par>
</text>
</block>









</page>
<page width="2481" height="3612" resolution="300">
<block blockType="Table" blockName="" l="200" t="224" r="2264" b="1002"><region><rect/></region>
<row>
<cell width="1032" height="72">
<text>
<par/>
</text></cell>
<cell width="1032" height="72">
<text>
<par>
<line>dans la zone de référence.</line></par>
</text></cell></row>
<row>
<cell width="1032" height="131">
<text>
<par>
<line>3.2. Mixité sociale</line></par>
</text></cell>
<cell width="1032" height="131">
<text>
<par>
<line>Tendre vers 30% de logements locatifs sociaux</line>
<line>pérennes</line></par>
</text></cell></row>
<row>
<cell width="1032" height="83">
<text>
<par>
<line>4. Transports et déplacements</line></par>
</text></cell>
<cell width="1032" height="83">
<text>
<par/>
</text></cell></row>
<row>
<cell width="1032" height="275">
<text>
<par>
<line>4.1. Cheminements piétons</line></par>
</text></cell>
<cell width="1032" height="275">
<text>
<par>
<line>Les circulations piétonnes à l'intérieur du tènement</line>
<line>foncier sont à prévoir de même que leur connexion</line>
<line>avec les cheminements publics situés à l'extérieur du</line>
<line>tènement que ce soit en amont ou en aval du</line>
<line>tènement.</line></par>
</text></cell></row>
<row>
<cell width="1032" height="132">
<text>
<par>
<line>4.2. Accès</line></par>
</text></cell>
<cell width="1032" height="132">
<text>
<par>
<line>Créer un accès automobile unique en accroche sur</line>
<line>l'avenue de champ Bontemps côté voie ferrée.</line></par>
</text></cell></row>
<row>
<cell width="1032" height="85">
<text>
<par>
<line>4.3. Desserte</line></par>
</text></cell>
<cell width="1032" height="85">
<text>
<par>
<line>Mutualiser la desserte à l'intérieur de la desserte.</line></par>
</text></cell></row>
</block>
<block><region><rect/></region>
<text>
<par>
<line>&lt;1</line></par>
</text>
</block>
<block><region><rect/></region>
<text>
<par>
<line>+i</line></par>
</text>
</block>
<block><region><rect/></region>
<text>
<par>
<line>0AP2. EN POESE. NEUVECELLE MAI 3017</line></par>
</text>
</block>
<block><region><rect/></region>
<text>
<par/>
</text>
</block>
<block><region><rect/></region>
<text>
<par>
<line>#1^</line></par>
</text>
</block>
<block><region><rect/></region>
<text>
<par/>
</text>
</block>
<block><region><rect/></region>
<text>
<par/>
</text>
</block>
<block><region><rect/></region>
<text>
<par/>
</text>
</block>
<block><region><rect/></region>
<text>
<par/>
</text>
</block>
<block><region><rect/></region>
<text>
<par/>
</text>
</block>
<block><region><rect/></region>
<text>
<par>
<line>4- »</line></par>
</text>
</block>
<block><region><rect/></region>
<text>
<par>
<line>m</line></par>
</text>
</block>
<block><region><rect/></region>
<text>
<par/>
</text>
</block>
<block><region><rect/></region>
<text>
<par/>
</text>
</block>
<block><region><rect/></region>
<text>
<par/>
</text>
</block>
<block><region><rect/></region>
<text>
<par>
<line>emprise de rOAP2</line></par>
</text>
</block>
<block><region><rect/></region>
<text>
<par/>
</text>
</block>
<block><region><rect/></region>
<text>
<par/>
</text>
</block>
<block><region><rect/></region>
<text>
<par>
<line>il-</line></par>
</text>
</block>
<block><region><rect/></region>
<text>
<par>
<line>3CCèl</line></par>
</text>
</block>
<block><region><rect/><rect/></region>
<text>
<par>
<line>rr.</line></par>
</text>
</block>
<block><region><rect/></region>
<text>
<par>
<line>r-</line></par>
</text>
</block>
<block><region><rect/></region>
<text>
<par>
<line>_ Implarlatior des constructions en densité^</line></par>
</text>
</block>
<block><region><rect/></region>
<text>
<par/>
</text>
</block>
<block><region><rect/></region>
<text>
<par/>
</text>
</block>
<block><region><rect/></region>
<text>
<par>
<line>Prévoir un traitement paysager des Ifrrites</line></par>
</text>
</block>
<block><region><rect/></region>
<text>
<par>
<line>Veiller au maintien des espèces arboficoles en présence, lors</line></par>
</text>
</block>
<block><region><rect/></region>
<text>
<par>
<line>du projet de constîuction en densité ]</line></par>
</text>
</block>
<block><region><rect/></region>
<text>
<par/>
</text>
</block>
<block><region><rect/></region>
<text>
<par>
<line>&gt;</line></par>
</text>
</block>
<block><region><rect/></region>
<text>
<par>
<line>Limiter la hauteur / conserver vues pour les constructions</line></par>
</text>
</block>
<block><region><rect/></region>
<text>
<par>
<line>amont et pour les futures constructions à implanter</line></par>
</text>
</block>
<block><region><rect/></region>
<text>
<par/>
</text>
</block>
<block><region><rect/></region>
<text>
<par>
<line>Ml Vfc</line></par>
</text>
</block>
<block><region><rect/></region>
<text>
<par/>
</text>
</block>
<block><region><rect/></region>
<text>
<par/>
</text>
</block>
<block><region><rect/></region>
<text>
<par>
<line>tGE</line></par>
</text>
</block>
<block><region><rect/></region>
<text>
<par>
<line>Qii</line></par>
</text>
</block>
<block><region><rect/></region>
<text>
<par>
<line>Surface de l'OAP, nombre de logements potentiels et LLS attendus</line></par>
</text>
</block>
<block blockType="Table" blockName="" l="200" t="2607" r="2280" b="2872"><region><rect/></region>
<row>
<cell width="434" height="180">
<text>
<par>
<line>Enveloppes</line></par>
<par>
<line>urbaines</line></par>
</text></cell>
<cell width="329" height="180">
<text>
<par>
<line>Zone de</line>
<line>référence au</line>
<line>PLU</line></par>
</text></cell>
<cell width="329" height="180">
<text>
<par>
<line>Surfaces</line></par>
</text></cell>
<cell width="329" height="180">
<text>
<par>
<line>Part de LLS</line>
<line>souhaitée</line></par>
</text></cell>
<cell width="329" height="180">
<text>
<par>
<line>Nombre de</line>
<line>logements</line>
<line>potentiels</line></par>
</text></cell>
<cell width="330" height="180">
<text>
<par>
<line>Nombre de</line>
<line>LLS</line></par>
<par>
<line>potentiels</line></par>
</text></cell></row>
<row>
<cell width="434" height="85">
<text>
<par>
<line>OAP2_EN POËSE</line></par>
</text></cell>
<cell width="329" height="85">
<text>
<par>
<line>2AUc</line></par>
</text></cell>
<cell width="329" height="85">
<text>
<par>
<line>6930</line></par>
</text></cell>
<cell width="329" height="85">
<text>
<par>
<line>30%</line></par>
</text></cell>
<cell width="329" height="85">
<text>
<par>
<line>8</line></par>
</text></cell>
<cell width="330" height="85">
<text>
<par>
<line>2</line></par>
</text></cell></row>
</block>
<block><region><rect/></region>
<text>
<par>
<line>OAP_Révision PLU_Commune de NEUVECELLE (74)_PHASE APPROBATION</line></par>
</text>
</block>
<block><region><rect/></region>
<text>
<par>
<line>6/19</line></par>
</text>
</block>






























<block blockType="Picture" blockName="" l="421" t="1163" r="587" b="1203"><region><rect/></region>
</block>
</page>
<page width="2481" height="3612" resolution="300">
<block><region><rect/></region>
<text>
<par>
<line>OAP3 LES VERNES</line></par>
</text>
</block>
<block blockType="Table" blockName="" l="201" t="381" r="2262" b="3214"><region><rect/></region>
<row>
<cell width="1031" height="874">
<text>
<par>
<line>1. Conditions d'ouverture à l'urbanisation</line></par>
</text></cell>
<cell width="1030" height="874">
<text>
<par>
<line>Projet d'aménagement d'ensemble pouvant se</line>
<line>réaliser en 2 tranches indépendantes.</line></par>
<par>
<line>- Tranche 1</line></par>
<par>
<line>- Tranche 2</line></par>
<par>
<line>Proposer une intégration des volumétries nouvelles</line>
<line>dans un quartier d'habitat pavillonnaire.</line></par>
<par>
<line>Prévoir les aménagements paysagers sur l'interface</line>
<line>entre l'OAP et les parcelles occupées par de l'habitat</line>
<line>pavillonnaire</line></par>
<par>
<line>Mettre en œuvre des points d'accroche indépendants</line>
<line>pour chacune des 2 tranches :</line></par>
<par>
<line>- sur l'impasse du Parc des Vernes, à l'Ouest</line></par>
<par>
<line>- sur l'impasse des Pommiers, à l'Est</line></par>
<par>
<line>Il n'est pas prévu de cheminement piéton.</line></par>
</text></cell></row>
<row>
<cell width="1031" height="83">
<text>
<par>
<line>2. Aménagement</line></par>
</text></cell>
<cell width="1030" height="83">
<text>
<par/>
</text></cell></row>
<row>
<cell width="1031" height="179">
<text>
<par>
<line>2.1. Accessibilité et déplacement</line></par>
</text></cell>
<cell width="1030" height="179">
<text>
<par>
<line>Organier la desserte de manière mutualisée pour</line>
<line>limiter la consommation foncière de cet</line>
<line>aménagement routier</line></par>
</text></cell></row>
<row>
<cell width="1031" height="365">
<text>
<par>
<line>2.2. Caractéristiques des constructions</line></par>
</text></cell>
<cell width="1030" height="365">
<text>
<par>
<line>Habitat de type intermédiaire</line></par>
<par>
<line>Implantation des constructions par rapport aux</line>
<line>courbes de niveau n'est pas imposée.</line></par>
<par>
<line>La longueur de la construction doit être</line>
<line>proportionnelle à la hauteur de la construction : ratio</line>
<line>égal à 1 à minima</line></par>
</text></cell></row>
<row>
<cell width="1031" height="179">
<text>
<par>
<line>2.3. T raitement paysager et espace public</line></par>
</text></cell>
<cell width="1030" height="179">
<text>
<par>
<line>Justifier d'un traitement paysager des limites</line>
<line>parcellaires pour une bonne intégration dans le site ;</line>
<line>à traiter obligatoirement avec des haies vives.</line></par>
</text></cell></row>
<row>
<cell width="1031" height="83">
<text>
<par>
<line>3. Habitat</line></par>
</text></cell>
<cell width="1030" height="83">
<text>
<par/>
</text></cell></row>
<row>
<cell width="1031" height="83">
<text>
<par>
<line>3.1. Densité</line></par>
</text></cell>
<cell width="1030" height="83">
<text>
<par>
<line>Tendre vers 20 logements par hectare à maxima</line></par>
</text></cell></row>
<row>
<cell width="1031" height="371">
<text>
<par>
<line>3.2. Mixité sociale</line></par>
</text></cell>
<cell width="1030" height="371">
<text>
<par>
<line>Il n'est pas prévu d'imposer de logements locatifs</line>
<line>sociaux pérennes sur cette OAP dans la mesure où</line>
<line>un secteur de renouvellement urbain situé à</line>
<line>proximité immédiate (moins de 50 mètres) prévoit</line>
<line>que 100% des logements futurs à réaliser soit des</line>
<line>logements sociaux pérennes (zone 2AU - voir</line>
<line>document graphique réglementaire)</line></par>
</text></cell></row>
<row>
<cell width="1031" height="84">
<text>
<par>
<line>4. Transports et déplacements</line></par>
</text></cell>
<cell width="1030" height="84">
<text>
<par/>
</text></cell></row>
<row>
<cell width="1031" height="83">
<text>
<par>
<line>4.1. Cheminements piétons</line></par>
</text></cell>
<cell width="1030" height="83">
<text>
<par>
<line>cheminement piéton : néant</line></par>
</text></cell></row>
<row>
<cell width="1031" height="269">
<text>
<par>
<line>4.2. Accès</line></par>
</text></cell>
<cell width="1030" height="269">
<text>
<par>
<line>Mettre en œuvre des points d'accroche indépendants</line>
<line>pour chacune des 2 tranches :</line></par>
<par>
<line>- sur l'impasse du Parc des Vernes, à l'Ouest</line></par>
<par>
<line>- sur l'impasse des Pommiers, à l'Est</line></par>
</text></cell></row>
<row>
<cell width="1031" height="180">
<text>
<par>
<line>4.3. Desserte</line></par>
</text></cell>
<cell width="1030" height="180">
<text>
<par>
<line>Organiser la desserte de manière mutualisée pour</line>
<line>limiter la consommation foncière de cet</line>
<line>aménagement routier</line></par>
</text></cell></row>
</block>
<block><region><rect/></region>
<text>
<par>
<line>OAP_Révision PLU_Commune de NEUVECELLE (74)_PHASE APPROBATION 7/19</line></par>
</text>
</block>














</page>
<page width="2481" height="3612" resolution="300">
<block><region><rect/></region>
<text>
<par>
<line>•fs</line></par>
</text>
</block>
<block><region><rect/></region>
<text>
<par/>
</text>
</block>
<block><region><rect/></region>
<text>
<par>
<line>OflF3 AUXVERNES NEUVECELLE MARS 20 7</line></par>
</text>
</block>
<block><region><rect/></region>
<text>
<par/>
</text>
</block>
<block><region><rect/></region>
<text>
<par>
<line>■FS</line></par>
</text>
</block>
<block><region><rect/></region>
<text>
<par/>
</text>
</block>
<block><region><rect/></region>
<text>
<par>
<line>r%</line></par>
</text>
</block>
<block><region><rect/></region>
<text>
<par/>
</text>
</block>
<block><region><rect/></region>
<text>
<par/>
</text>
</block>
<block><region><rect/></region>
<text>
<par>
<line>%</line></par>
</text>
</block>
<block><region><rect/><rect/><rect/></region>
<text>
<par/>
</text>
</block>
<block><region><rect/></region>
<text>
<par>
<line>«</line></par>
</text>
</block>
<block><region><rect/></region>
<text>
<par>
<line>y»</line></par>
</text>
</block>
<block><region><rect/></region>
<text>
<par/>
</text>
</block>
<block><region><rect/></region>
<text>
<par>
<line>&gt;2</line></par>
</text>
</block>
<block><region><rect/></region>
<text>
<par/>
</text>
</block>
<block><region><rect/></region>
<text>
<par/>
</text>
</block>
<block><region><rect/></region>
<text>
<par>
<line>-J</line></par>
</text>
</block>
<block><region><rect/></region>
<text>
<par>
<line>»</line></par>
</text>
</block>
<block><region><rect/></region>
<text>
<par>
<line>emprise del'OAPS</line></par>
</text>
</block>
<block><region><rect/></region>
<text>
<par>
<line>^ ÎbI^ îrarmhesrndépendantes possibles</line></par>
</text>
</block>
<block><region><rect/></region>
<text>
<par/>
</text>
</block>
<block><region><rect/></region>
<text>
<par>
<line>accès indépendant pour chaque tranche</line></par>
</text>
</block>
<block><region><rect/></region>
<text>
<par>
<line>Implantation des constructions en densité 2</line></par>
</text>
</block>
<block><region><rect/></region>
<text>
<par>
<line>Traitement paysager des (imites païcel lai res</line></par>
</text>
</block>
<block><region><rect/></region>
<text>
<par>
<line>ÉC:nBll6</line></par>
</text>
</block>
<block><region><rect/></region>
<text>
<par>
<line>Surface de l'OAP, nombre de logements potentiels et LLS attendus</line></par>
</text>
</block>
<block blockType="Table" blockName="" l="200" t="1817" r="2280" b="2131"><region><rect/></region>
<row>
<cell width="434" height="181">
<text>
<par>
<line>Enveloppes</line></par>
<par>
<line>urbaines</line></par>
</text></cell>
<cell width="329" height="181">
<text>
<par>
<line>Zone de</line>
<line>référence au</line>
<line>PLU</line></par>
</text></cell>
<cell width="329" height="181">
<text>
<par>
<line>Surfaces</line></par>
</text></cell>
<cell width="329" height="181">
<text>
<par>
<line>Part de LLS</line>
<line>souhaitée</line></par>
</text></cell>
<cell width="329" height="181">
<text>
<par>
<line>Nombre de</line>
<line>logements</line>
<line>potentiels</line></par>
</text></cell>
<cell width="330" height="181">
<text>
<par>
<line>Nombre de</line>
<line>LLS</line></par>
<par>
<line>potentiels</line></par>
</text></cell></row>
<row>
<cell width="434" height="133">
<text>
<par>
<line>OAP3 LES</line></par>
<par>
<line>VERNES</line></par>
</text></cell>
<cell width="329" height="133">
<text>
<par>
<line>AUc</line></par>
</text></cell>
<cell width="329" height="133">
<text>
<par>
<line>3210</line></par>
</text></cell>
<cell width="329" height="133">
<text>
<par>
<line>0</line></par>
</text></cell>
<cell width="329" height="133">
<text>
<par>
<line>6</line></par>
</text></cell>
<cell width="330" height="133">
<text>
<par>
<line>0</line></par>
</text></cell></row>
</block>
<block><region><rect/></region>
<text>
<par>
<line>OAP_Révision PLU_Commune de NEUVECELLE (74)_PHASE APPROBATION</line></par>
</text>
</block>
<block><region><rect/></region>
<text>
<par>
<line>8/19</line></par>
</text>
</block>
























</page>
<page width="2481" height="3612" resolution="300">
<block><region><rect/></region>
<text>
<par>
<line>OAP4 GRANDE RIVE</line></par>
</text>
</block>
<block blockType="Table" blockName="" l="201" t="381" r="2262" b="3284"><region><rect/></region>
<row>
<cell width="1031" height="201">
<text>
<par>
<line>1. Conditions d'ouverture à l'urbanisation</line></par>
</text></cell>
<cell width="1030" height="201">
<text>
<par>
<line>P rojet d'aménagement d'ensemble</line></par>
<par>
<line>Respecter la sectorisation de l'assiette foncière en</line>
<line>termes de densification</line></par>
</text></cell></row>
<row>
<cell width="1031" height="83">
<text>
<par>
<line>2. Aménagement</line></par>
</text></cell>
<cell width="1030" height="83">
<text>
<par/>
</text></cell></row>
<row>
<cell width="1031" height="1642">
<text>
<par>
<line>2.1. Organisation du bâti et environnement</line></par>
</text></cell>
<cell width="1030" height="1642">
<text>
<par>
<line>Implantation des constructions :</line></par>
<par>
<line>- prendre en compte le contexte</line></par>
<par>
<line>topographique dans lequel le projet</line></par>
<par>
<line>d'aménagement d'ensemble s'implante et</line>
<line>composer une trame bâtie en cohérence ; la</line>
<line>trame bâtie doit être régulière avec des</line>
<line>façades parallèles au lac et des faîtages</line>
<line>perpendiculaires aux courbes de niveau.</line></par>
<par>
<line>- aménager des espaces d'intimité contrôlant</line>
<line>les vis-à-vis soit par des décalages, soit par</line>
<line>des décrochés dans les volumes.</line></par>
<par>
<line>Des dégagements visuels dans le prolongement des</line>
<line>maisons situées en amont sont à maintenir. Dans le</line>
<line>même esprit, il faudra limiter les masques solaires en</line>
<line>période hivernale pour les constructions situées à</line>
<line>l'aval.</line></par>
<par>
<line>Définir une hauteur maximale cohérente avec les</line>
<line>constructions environnantes :</line></par>
<par>
<line>- Garantir une hauteur homogène des</line>
<line>constructions le long de la rive du lac.</line></par>
<par>
<line>- Permettre la lisibilité de l'étagement des</line>
<line>différents fronts bâtis depuis la rive du lac.</line></par>
<par>
<line>- Limiter l'effet de masque solaire.</line></par>
<par>
<line>Mixité fonctionnelle :</line></par>
<par>
<line>Sur la partie avale, réserver en façade sur la</line>
<line>RD1005, notamment le rez de chaussée, pour des</line>
<line>activités pouvant profiter de cette situation de vitrine</line>
<line>(commerces, services, _) dans l'esprit de ce qui</line>
<line>existe à Evian et sur le secteur de Grande Rive.</line></par>
</text></cell></row>
<row>
<cell width="1031" height="412">
<text>
<par>
<line>2.2. Parcellaire</line></par>
</text></cell>
<cell width="1030" height="412">
<text>
<par>
<line>L'emprise de l'OAP est considérée comme l'assiette</line>
<line>foncière du projet.</line></par>
<par>
<line>Cette assiette foncière est composée des parcelles</line>
<line>suivantes : LA CREUSE AH 104 - AH 106 - AH</line>
<line>105 - AH 107.</line></par>
<par>
<line>Les constructions portées au cadastre ont été</line>
<line>démolies (parcelles 105 et 107).</line></par>
</text></cell></row>
<row>
<cell width="1031" height="296">
<text>
<par>
<line>2.2.1. Traitement du parcellaire</line></par>
</text></cell>
<cell width="1030" height="296">
<text>
<par>
<line>Cette assiette foncière constitue une unité foncière à</line>
<line>l'intérieur de laquelle les constructions peuvent</line>
<line>s'implanter librement.</line></par>
<par>
<line>Les reculs s'appliquent sur les limites de l'unité</line>
<line>foncière.</line></par>
</text></cell></row>
<row>
<cell bottomBorder="White" width="1031" height="73">
<text>
<par>
<line>2.2.2. Caractéristiques de l'assiette foncière</line></par>
</text></cell>
<cell bottomBorder="White" width="1030" height="73">
<text>
<par>
<line>Le projet d'aménagement doit démontrer :</line></par>
</text></cell></row>
<row>
<cell topBorder="White" width="1031" height="196">
<text>
<par>
<line>Description synthétique :</line></par>
<par>
<line>- linéaire d'environ 37 m le long de la RD1005</line></par>
</text></cell>
<cell topBorder="White" width="1030" height="196">
<text>
<par>
<line>- la valorisation de la fenêtre littorale (bien</line>
<line>qu'elle soit limitée)</line></par>
<par>
<line>- une densification dans l'épaisseur de</line></par>
</text></cell></row>
</block>
<block><region><rect/></region>
<text>
<par>
<line>OAP_Révision PLU_Commune de NEUVECELLE (74)_PHASE APPROBATION 9/19</line></par>
</text>
</block>










</page>
<page width="2481" height="3612" resolution="300">
<block blockType="Table" blockName="" l="201" t="224" r="2262" b="3265"><region><rect/></region>
<row>
<cell bottomBorder="White" width="1031" height="61">
<text>
<par>
<line>au Nord,</line></par>
</text></cell>
<cell bottomBorder="White" width="1030" height="61">
<text>
<par>
<line>l'assiette foncière.</line></par>
</text></cell></row>
<row>
<cell topBorder="White" width="1031" height="361">
<text>
<par>
<line>- linéaire d'environ 110 m le long du chemin</line>
<line>de la Creusaz à l'Ouest (VC n°5),</line></par>
<par>
<line>- profondeur maximale d'environ 98 m au</line>
<line>niveau de la parcelle104</line></par>
<par>
<line>- largeur maximale d'environ 50 m. au niveau</line>
<line>de la parcelle104</line></par>
</text></cell>
<cell topBorder="White" width="1030" height="361">
<text>
<par>
<line>Le principe d'alternance entre bâti et espace libre de</line>
<line>construction doit être mis en oeuvre pour éviter un</line>
<line>linéaire trop important en façade sur le lac.</line></par>
</text></cell></row>
<row>
<cell width="1031" height="83">
<text>
<par>
<line>2.3. T raitement paysager et espace public</line></par>
</text></cell>
<cell width="1030" height="83">
<text>
<par/>
</text></cell></row>
<row>
<cell width="1031" height="344">
<text>
<par>
<line>2.3.1. Caractéristiques du paysage naturel</line></par>
<par>
<line>Le terrain est actuellement en friche avec quelques</line>
<line>arbres fruitiers (reliquat de vergers). Une trame</line>
<line>arborée diffuse souligne les talus ; les grands sujets</line>
<line>(peupliers, cèdres^) sont implantés sur les parcelles</line>
<line>voisines.</line></par>
</text></cell>
<cell width="1030" height="344">
<text>
<par>
<line>Planter des arbres de hautes tiges entre les</line>
<line>bâtiments projetés</line></par>
<par>
<line>J ustifier d'un traitement paysager pour une bonne</line>
<line>intégration dans le site.</line></par>
</text></cell></row>
<row>
<cell width="1031" height="364">
<text>
<par>
<line>2.3.2. Espaces publics, le stationnement</line></par>
</text></cell>
<cell width="1030" height="364">
<text>
<par>
<line>Concernant le stationnement nécessaire à la</line>
<line>fréquentation du littoral, il doit être intégré au projet</line>
<line>d'aménagement :</line></par>
<par>
<line>- soit dans la base des nouvelles constructions</line>
<line>compte tenu de la topographie du site,</line></par>
<par>
<line>- soit en surface, à proximité de la RD1005.</line></par>
</text></cell></row>
<row>
<cell width="1031" height="227">
<text>
<par>
<line>Prendre en compte : Arrêté préfectoral bruit</line></par>
</text></cell>
<cell width="1030" height="227">
<text>
<par>
<line>Rappel, la RD1005 supporte un trafic important ; elle</line>
<line>est classée en catégorie structurante, entraînant une</line>
<line>bande 100 m de part et d'autre de son axe, soumise</line>
<line>aux impacts sonores.</line></par>
</text></cell></row>
<row>
<cell width="1031" height="646">
<text>
<par>
<line>2.4.1 Typologie des logements</line></par>
</text></cell>
<cell width="1030" height="646">
<text>
<par>
<line>La typologie attendue est celle de l'habitat</line>
<line>intermédiaire et/ou de l'habitat collectif.</line></par>
<par>
<line>2 secteurs distincts sont définis :</line></par>
<par>
<line>- partie la plus à l'ouest doit être en cohérence avec</line>
<line>le volume des bâtis individuels.</line></par>
<par>
<line>- la partie Est doit être en cohérence avec les</line>
<line>volumétrie du village de Grande Rive.</line></par>
<par>
<line>Les toitures terrasses, y compris végétalisées, sont</line>
<line>autorisées sous réserve d'être destinées à faciliter la</line>
<line>gestion des eaux pluviales en limitant les débits de</line>
<line>pointe.</line></par>
</text></cell></row>
<row>
<cell width="1031" height="83">
<text>
<par>
<line>3. Habitat</line></par>
</text></cell>
<cell width="1030" height="83">
<text>
<par/>
</text></cell></row>
<row>
<cell width="1031" height="152">
<text>
<par>
<line>3.1. Densité</line></par>
</text></cell>
<cell width="1030" height="152">
<text>
<par>
<line>* Tendre vers 60 logements par hectare à minima</line></par>
<par>
<line>* Secteur en densité 1++</line></par>
</text></cell></row>
<row>
<cell width="1031" height="153">
<text>
<par>
<line>3.2. Mixité sociale</line></par>
</text></cell>
<cell width="1030" height="153">
<text>
<par>
<line>Imposer qu'à minima 20% des logements futurs à</line>
<line>réaliser soit des logements locatifs sociaux pérennes</line></par>
</text></cell></row>
<row>
<cell width="1031" height="83">
<text>
<par>
<line>4. Transports et déplacements</line></par>
</text></cell>
<cell width="1030" height="83">
<text>
<par/>
</text></cell></row>
<row>
<cell width="1031" height="83">
<text>
<par>
<line>4.1. Cheminements piétons</line></par>
</text></cell>
<cell width="1030" height="83">
<text>
<par>
<line>Cheminement piéton : néant</line></par>
</text></cell></row>
<row>
<cell width="1031" height="317">
<text>
<par>
<line>4.2. Accès</line></par>
</text></cell>
<cell width="1030" height="317">
<text>
<par>
<line>Pour tenir compte de la topographie, il convient de</line>
<line>prévoir 2 points d'accès indépendants:</line></par>
<par>
<line>- Rue du Lac au nord (ou RD1005)</line></par>
<par>
<line>- Avenue de la Creusaz à l'ouest en partie</line>
<line>basse des secteurs amont</line></par>
</text></cell></row>
<row>
<cell width="1031" height="84">
<text>
<par>
<line>4.3. Desserte</line></par>
</text></cell>
<cell width="1030" height="84">
<text>
<par>
<line>Organisation de la desserte : néant</line></par>
</text></cell></row>
</block>
<block><region><rect/></region>
<text>
<par>
<line>OAP_Révision PLU_Commune de NEUVECELLE (74)_PHASE APPROBATION 10/19</line></par>
</text>
</block>















</page>
<page width="2497" height="3623" resolution="300">
<block><region><rect/></region>
<text>
<par>
<line>Plan de coupe (à titre indicatif) : principe d'intégration de \a hauteur dans la Dente</line></par>
</text>
</block>
<block><region><rect/></region>
<text>
<par/>
</text>
</block>
<block><region><rect/></region>
<text>
<par/>
</text>
</block>
<block><region><rect/></region>
<text>
<par>
<line>COMMUNE ÎÏÉ NENViCaLE</line>
<line>E^QiDiPEAA</line></par>
</text>
</block>
<block><region><rect/></region>
<text>
<par>
<line>Chablais'</line></par>
<par>
<line>HHabilat</line></par>
</text>
</block>
<block><region><rect/></region>
<text>
<par>
<line>7i3X} ^MnVUf-ar</line></par>
</text>
</block>
<block><region><rect/></region>
<text>
<par/>
</text>
</block>
<block><region><rect/></region>
<text>
<par>
<line>rt</line></par>
</text>
</block>
<block><region><rect/></region>
<text>
<par/>
</text>
</block>
<block><region><rect/></region>
<text>
<par/>
</text>
</block>
<block><region><rect/></region>
<text>
<par/>
</text>
</block>
<block><region><rect/></region>
<text>
<par>
<line>m</line></par>
</text>
</block>
<block><region><rect/></region>
<text>
<par>
<line>^kL</line></par>
</text>
</block>
<block><region><rect/></region>
<text>
<par>
<line>-r^rr^</line></par>
</text>
</block>
<block><region><rect/></region>
<text>
<par/>
</text>
</block>
<block><region><rect/></region>
<text>
<par/>
</text>
</block>
<block><region><rect/></region>
<text>
<par/>
</text>
</block>
<block><region><rect/></region>
<text>
<par>
<line>Vues du site</line></par>
</text>
</block>
<block><region><rect/></region>
<text>
<par>
<line>I</line></par>
</text>
</block>
<block><region><rect/></region>
<text>
<par/>
</text>
</block>
<block><region><rect/></region>
<text>
<par/>
</text>
</block>
<block><region><rect/></region>
<text>
<par>
<line>X^z</line></par>
</text>
</block>
<block><region><rect/></region>
<text>
<par/>
</text>
</block>
<block><region><rect/></region>
<text>
<par>
<line>mk</line></par>
</text>
</block>
<block><region><rect/></region>
<text>
<par/>
</text>
</block>
<block><region><rect/></region>
<text>
<par/>
</text>
</block>
<block><region><rect/></region>
<text>
<par>
<line>W7</line></par>
</text>
</block>
<block><region><rect/></region>
<text>
<par/>
</text>
</block>
<block><region><rect/></region>
<text>
<par/>
</text>
</block>
<block><region><rect/></region>
<text>
<par>
<line>■</line></par>
</text>
</block>
<block><region><rect/></region>
<text>
<par>
<line>h</line></par>
</text>
</block>
<block><region><rect/></region>
<text>
<par/>
</text>
</block>
<block><region><rect/></region>
<text>
<par/>
</text>
</block>
<block><region><rect/></region>
<text>
<par/>
</text>
</block>
<block><region><rect/></region>
<text>
<par/>
</text>
</block>
<block><region><rect/></region>
<text>
<par/>
</text>
</block>
<block><region><rect/></region>
<text>
<par/>
</text>
</block>
<block><region><rect/></region>
<text>
<par>
<line>Terrasse basse Grande Rive</line></par>
</text>
</block>
<block><region><rect/></region>
<text>
<par/>
</text>
</block>
<block><region><rect/></region>
<text>
<par/>
</text>
</block>
<block><region><rect/></region>
<text>
<par/>
</text>
</block>
<block><region><rect/></region>
<text>
<par>
<line>«TÉ&lt;fe»I&lt;WS»</line></par>
</text>
</block>
<block><region><rect/></region>
<text>
<par/>
</text>
</block>
<block><region><rect/></region>
<text>
<par/>
</text>
</block>
<block><region><rect/></region>
<text>
<par/>
</text>
</block>
<block><region><rect/></region>
<text>
<par/>
</text>
</block>
<block><region><rect/></region>
<text>
<par>
<line>SJ*®--</line></par>
</text>
</block>
<block><region><rect/></region>
<text>
<par>
<line>*7j</line></par>
</text>
</block>
<block><region><rect/></region>
<text>
<par/>
</text>
</block>
<block><region><rect/></region>
<text>
<par/>
</text>
</block>
<block><region><rect/></region>
<text>
<par>
<line>S3&amp;</line></par>
</text>
</block>
<block><region><rect/></region>
<text>
<par/>
</text>
</block>
<block><region><rect/></region>
<text>
<par>
<line>ÜSk</line></par>
</text>
</block>
<block><region><rect/></region>
<text>
<par>
<line>Terrasse médiane Grande Rive</line></par>
</text>
</block>
<block><region><rect/></region>
<text>
<par>
<line>OAP_Révision PLU_Commune de NEUVECELLE (74)_PHASE APPROBATION</line></par>
</text>
</block>
<block><region><rect/></region>
<text>
<par>
<line>11/19</line></par>
</text>
</block>
<block><region><rect/></region>
<text orientation="RotatedCounterclockwise">
<par>
<line>—feVn!» riFTTf W««-</line></par>
</text>
</block>




































































































<block blockType="Picture" blockName="" l="229" t="1887" r="2262" b="2489"><region><rect/></region>
</block>
</page>
<page width="2481" height="3612" resolution="300">
<block><region><rect/><rect/></region>
<text>
<par/>
</text>
</block>
<block><region><rect/></region>
<text>
<par/>
</text>
</block>
<block><region><rect/></region>
<text>
<par>
<line>0AF4 GRANDE R VE NEUVECELLE ft'^ARS2017</line></par>
</text>
</block>
<block><region><rect/></region>
<text>
<par>
<line>il</line></par>
</text>
</block>
<block><region><rect/></region>
<text>
<par>
<line>rT«</line></par>
</text>
</block>
<block><region><rect/></region>
<text>
<par/>
</text>
</block>
<block><region><rect/></region>
<text>
<par>
<line>PfT</line></par>
</text>
</block>
<block><region><rect/></region>
<text>
<par>
<line>iiilï</line></par>
</text>
</block>
<block><region><rect/></region>
<text>
<par/>
</text>
</block>
<block><region><rect/></region>
<text>
<par>
<line>m</line></par>
</text>
</block>
<block><region><rect/></region>
<text>
<par/>
</text>
</block>
<block><region><rect/></region>
<text>
<par>
<line>W</line></par>
</text>
</block>
<block><region><rect/></region>
<text>
<par>
<line>«w</line></par>
</text>
</block>
<block><region><rect/></region>
<text>
<par/>
</text>
</block>
<block><region><rect/></region>
<text>
<par/>
</text>
</block>
<block><region><rect/></region>
<text>
<par>
<line>Jk</line></par>
</text>
</block>
<block><region><rect/></region>
<text>
<par>
<line>IX</line></par>
</text>
</block>
<block><region><rect/></region>
<text>
<par>
<line>Mil</line></par>
</text>
</block>
<block><region><rect/></region>
<text>
<par>
<line>emprise de l'OAP4</line></par>
</text>
</block>
<block><region><rect/></region>
<text>
<par>
<line>accès indépendant pour cîiaque tranche</line></par>
</text>
</block>
<block><region><rect/></region>
<text>
<par>
<line>Implantation des constructions en densité 1</line></par>
</text>
</block>
<block><region><rect/></region>
<text>
<par/>
</text>
</block>
<block><region><rect/></region>
<text>
<par/>
</text>
</block>
<block><region><rect/></region>
<text>
<par>
<line>HwTjb-.-</line></par>
</text>
</block>
<block><region><rect/></region>
<text>
<par>
<line>k Ë'jrraiK’ 1: 2 n?</line></par>
</text>
</block>
<block><region><rect/></region>
<text>
<par/>
</text>
</block>
<block><region><rect/></region>
<text>
<par>
<line>“1k</line></par>
</text>
</block>
<block><region><rect/></region>
<text>
<par>
<line>ess:j“~i—;</line></par>
</text>
</block>
<block><region><rect/></region>
<text>
<par>
<line>Surface de l'OAP, nombre de logements potentiels et LLS attendus</line></par>
</text>
</block>
<block blockType="Table" blockName="" l="200" t="1886" r="2280" b="2200"><region><rect/></region>
<row>
<cell width="434" height="181">
<text>
<par>
<line>Enveloppes</line></par>
<par>
<line>urbaines</line></par>
</text></cell>
<cell width="329" height="181">
<text>
<par>
<line>Zone de</line>
<line>référence au</line>
<line>PLU</line></par>
</text></cell>
<cell width="329" height="181">
<text>
<par>
<line>Surfaces</line></par>
</text></cell>
<cell width="329" height="181">
<text>
<par>
<line>Part de LLS</line>
<line>souhaitée</line></par>
</text></cell>
<cell width="329" height="181">
<text>
<par>
<line>Nombre de</line>
<line>logements</line>
<line>potentiels</line></par>
</text></cell>
<cell width="330" height="181">
<text>
<par>
<line>Nombre de</line>
<line>LLS</line></par>
<par>
<line>potentiels</line></par>
</text></cell></row>
<row>
<cell width="434" height="133">
<text>
<par>
<line>OAP4 GRANDE</line></par>
<par>
<line>RIVE</line></par>
</text></cell>
<cell width="329" height="133">
<text>
<par>
<line>AUa</line></par>
</text></cell>
<cell width="329" height="133">
<text>
<par>
<line>6930</line></par>
</text></cell>
<cell width="329" height="133">
<text>
<par>
<line>20%</line></par>
</text></cell>
<cell width="329" height="133">
<text>
<par>
<line>42</line></par>
</text></cell>
<cell width="330" height="133">
<text>
<par>
<line>8</line></par>
</text></cell></row>
</block>
<block><region><rect/></region>
<text>
<par>
<line>OAP_Révision PLU_Commune de NEUVECELLE (74)_PHASE APPROBATION</line></par>
</text>
</block>
<block><region><rect/></region>
<text>
<par>
<line>12/19</line></par>
</text>
</block>
























<block blockType="Picture" blockName="" l="899" t="1208" r="997" b="1270"><region><rect/></region>
</block>
<block blockType="Picture" blockName="" l="703" t="378" r="787" b="418"><region><rect/></region>
</block>
</page>
<page width="2481" height="3612" resolution="300">
<block><region><rect/></region>
<text>
<par>
<line>OAP5 MILLY SUD</line></par>
</text>
</block>
<block blockType="Table" blockName="" l="201" t="381" r="2262" b="3301"><region><rect/></region>
<row>
<cell width="1031" height="1401">
<text>
<par>
<line>1. Conditions d'ouverture à l'urbanisation</line></par>
</text></cell>
<cell width="1030" height="1401">
<text>
<par>
<line>Il est rappelé que l''ouverture à l'urbanisation de la</line>
<line>zone ne pourra intervenir qu'à l'issue du contrat «</line>
<line>mesures agro-écologiques et climatiques » soit à</line>
<line>partir de l'année 2020.</line></par>
<par>
<line>Projet d'aménagement d'ensemble (sous maîtrise</line>
<line>foncière) :</line></par>
<par>
<line>- Pouvoir compléter l'offre de logements</line></par>
<par>
<line>locatifs sociaux pérennes ainsi qu'une offre</line>
<line>commerciale et de services</line></par>
<par>
<line>complémentaires.</line></par>
<par>
<line>A échéance du PLU :</line></par>
<par>
<line>- Utilisation du site pour des constructions</line>
<line>précaires ; des constructions provisoires</line>
<line>seront installées pour une durée d'utilisation</line>
<line>inférieure à 2 ans (extension / création du</line>
<line>groupe scolaire)</line></par>
<par>
<line>- Puis réalisation d'un projet d'aménagement</line>
<line>d'ensemble à dominante habitation.</line></par>
<par>
<line>Prévoir les aménagements paysagers type espace</line>
<line>vert collectif.</line></par>
<par>
<line>Mettre en œuvre une desserte unique en prise</line>
<line>l'avenue du Forchex et éventuellement sur la rue de</line>
<line>l'OPAC</line></par>
<par>
<line>Aménager une continuité au travers d'un</line>
<line>cheminement piéton.</line></par>
</text></cell></row>
<row>
<cell width="1031" height="83">
<text>
<par>
<line>2. Aménagement</line></par>
</text></cell>
<cell width="1030" height="83">
<text>
<par/>
</text></cell></row>
<row>
<cell width="1031" height="296">
<text>
<par>
<line>2.1. Accessibilité et déplacement</line></par>
</text></cell>
<cell width="1030" height="296">
<text>
<par>
<line>Mettre en œuvre une desserte unique en prise</line>
<line>l'avenue du Forchex et éventuellement sur la rue de</line>
<line>l'OPAC</line></par>
<par>
<line>Aménager une continuité au travers d'un</line>
<line>cheminement piéton</line></par>
</text></cell></row>
<row>
<cell width="1031" height="247">
<text>
<par>
<line>2.2. Caractéristiques des constructions</line></par>
</text></cell>
<cell width="1030" height="247">
<text>
<par>
<line>Pas de prescription relative aux implantations des</line>
<line>constructions par rapport aux courbes de niveau.</line></par>
<par>
<line>Limiter le nombre de places de stationnement en</line>
<line>surface et privilégier le stationnement en souterrain.</line></par>
</text></cell></row>
<row>
<cell width="1031" height="296">
<text>
<par>
<line>2.3. T raitement paysager et espace public</line></par>
</text></cell>
<cell width="1030" height="296">
<text>
<par>
<line>J ustifier d'un traitement paysager des aires de</line>
<line>stationnement pour une bonne intégration dans le</line>
<line>site</line></par>
<par>
<line>J ustifier d'un traitement paysager du cheminement</line>
<line>piéton pour une bonne intégration dans le site.</line></par>
</text></cell></row>
<row>
<cell width="1031" height="84">
<text>
<par>
<line>3. Habitat</line></par>
</text></cell>
<cell width="1030" height="84">
<text>
<par/>
</text></cell></row>
<row>
<cell width="1031" height="83">
<text>
<par>
<line>3.1. Densité</line></par>
</text></cell>
<cell width="1030" height="83">
<text>
<par>
<line>Tendre vers 60 logements par hectare à minima</line></par>
</text></cell></row>
<row>
<cell width="1031" height="131">
<text>
<par>
<line>3.2. Mixité sociale</line></par>
</text></cell>
<cell width="1030" height="131">
<text>
<par>
<line>A minima 30% et dans la limite de l'équilibre financier</line>
<line>du projet.</line></par>
</text></cell></row>
<row>
<cell width="1031" height="84">
<text>
<par>
<line>4. Transports et déplacements</line></par>
</text></cell>
<cell width="1030" height="84">
<text>
<par/>
</text></cell></row>
<row>
<cell width="1031" height="131">
<text>
<par>
<line>4.1. Cheminements piétons</line></par>
</text></cell>
<cell width="1030" height="131">
<text>
<par>
<line>Aménager une continuité au travers d'un</line>
<line>cheminement piéton</line></par>
</text></cell></row>
<row>
<cell width="1031" height="84">
<text>
<par>
<line>4.2. Accès</line></par>
</text></cell>
<cell width="1030" height="84">
<text>
<par>
<line>Créer un accès automobile en prise sur l'avenue du</line></par>
</text></cell></row>
</block>
<block><region><rect/></region>
<text>
<par>
<line>OAP_Révision PLU_Commune de NEUVECELLE (74)_PHASE APPROBATION 13/19</line></par>
</text>
</block>













</page>
<page width="2481" height="3612" resolution="300">
<block blockType="Table" blockName="" l="200" t="224" r="2264" b="381"><region><rect/></region>
<row>
<cell width="1032" height="72">
<text>
<par/>
</text></cell>
<cell width="1032" height="72">
<text>
<par>
<line>Forchex et éventuellement sur la rue de l'OPAC</line></par>
</text></cell></row>
<row>
<cell width="1032" height="85">
<text>
<par>
<line>4.3. Desserte</line></par>
</text></cell>
<cell width="1032" height="85">
<text>
<par>
<line>Mutualiser la desserte.</line></par>
</text></cell></row>
</block>
<block><region><rect/></region>
<text>
<par>
<line>“5f</line></par>
</text>
</block>
<block><region><rect/></region>
<text>
<par>
<line>'*î=</line></par>
</text>
</block>
<block><region><rect/></region>
<text>
<par>
<line>Mi</line></par>
</text>
</block>
<block><region><rect/></region>
<text>
<par/>
</text>
</block>
<block><region><rect/></region>
<text>
<par>
<line>0AP5. MILLY SUD_N EL VECELLE IWARS 2017</line></par>
</text>
</block>
<block><region><rect/></region>
<text>
<par>
<line>m.</line></par>
</text>
</block>
<block><region><rect/></region>
<text>
<par/>
</text>
</block>
<block><region><rect/></region>
<text>
<par/>
</text>
</block>
<block><region><rect/></region>
<text>
<par>
<line>r</line></par>
</text>
</block>
<block><region><rect/></region>
<text>
<par>
<line>m</line></par>
</text>
</block>
<block><region><rect/></region>
<text>
<par/>
</text>
</block>
<block><region><rect/></region>
<text>
<par/>
</text>
</block>
<block><region><rect/></region>
<text>
<par/>
</text>
</block>
<block><region><rect/></region>
<text>
<par/>
</text>
</block>
<block><region><rect/></region>
<text>
<par>
<line>E3£ip</line></par>
</text>
</block>
<block><region><rect/></region>
<text>
<par/>
</text>
</block>
<block><region><rect/></region>
<text>
<par/>
</text>
</block>
<block><region><rect/></region>
<text>
<par>
<line>a» s</line></par>
</text>
</block>
<block><region><rect/></region>
<text>
<par>
<line>#*</line></par>
</text>
</block>
<block><region><rect/></region>
<text>
<par/>
</text>
</block>
<block><region><rect/></region>
<text>
<par>
<line>?»</line></par>
</text>
</block>
<block><region><rect/></region>
<text>
<par>
<line>Wimà</line></par>
</text>
</block>
<block><region><rect/></region>
<text>
<par>
<line>K</line></par>
</text>
</block>
<block><region><rect/></region>
<text>
<par>
<line>.r5-_.</line></par>
</text>
</block>
<block><region><rect/></region>
<text>
<par>
<line>i/</line></par>
</text>
</block>
<block><region><rect/></region>
<text>
<par>
<line>emprise de l'OAPS</line></par>
</text>
</block>
<block><region><rect/></region>
<text>
<par>
<line>M i lU</line></par>
</text>
</block>
<block><region><rect/></region>
<text>
<par>
<line>accès</line></par>
</text>
</block>
<block><region><rect/></region>
<text>
<par>
<line>__ liTsplantaton des constructions en densité 1</line></par>
</text>
</block>
<block><region><rect/></region>
<text>
<par>
<line>hauteur maxi ma e 9 mètres</line></par>
</text>
</block>
<block><region><rect/></region>
<text>
<par>
<line>M</line></par>
</text>
</block>
<block><region><rect/></region>
<text>
<par>
<line>Il hauteurmaKimale 12mètres</line></par>
</text>
</block>
<block><region><rect/></region>
<text>
<par>
<line>üttttiÊ M2U2</line></par>
</text>
</block>
<block><region><rect/></region>
<text>
<par/>
</text>
</block>
<block><region><rect/></region>
<text>
<par>
<line>amênagemeîit d'un espace collentif vert</line></par>
</text>
</block>
<block><region><rect/></region>
<text>
<par/>
</text>
</block>
<block><region><rect/></region>
<text>
<par>
<line>m</line></par>
</text>
</block>
<block><region><rect/></region>
<text>
<par>
<line>Surface de l'OAP, nombre de logements potentiels et LLS attendus</line></par>
</text>
</block>
<block blockType="Table" blockName="" l="200" t="2055" r="2280" b="2320"><region><rect/></region>
<row>
<cell width="434" height="180">
<text>
<par>
<line>Enveloppes</line></par>
<par>
<line>urbaines</line></par>
</text></cell>
<cell width="329" height="180">
<text>
<par>
<line>Zone de</line>
<line>référence au</line>
<line>PLU</line></par>
</text></cell>
<cell width="329" height="180">
<text>
<par>
<line>Surfaces</line></par>
</text></cell>
<cell width="329" height="180">
<text>
<par>
<line>Part de LLS</line>
<line>souhaitée</line></par>
</text></cell>
<cell width="329" height="180">
<text>
<par>
<line>Nombre de</line>
<line>logements</line>
<line>potentiels</line></par>
</text></cell>
<cell width="330" height="180">
<text>
<par>
<line>Nombre de</line>
<line>LLS</line></par>
<par>
<line>potentiels</line></par>
</text></cell></row>
<row>
<cell width="434" height="85">
<text>
<par>
<line>OAP5_MILLY SUD</line></par>
</text></cell>
<cell width="329" height="85">
<text>
<par>
<line>AUa</line></par>
</text></cell>
<cell width="329" height="85">
<text>
<par>
<line>6250</line></par>
</text></cell>
<cell width="329" height="85">
<text>
<par>
<line>30%</line></par>
</text></cell>
<cell width="329" height="85">
<text>
<par>
<line>38</line></par>
</text></cell>
<cell width="330" height="85">
<text>
<par>
<line>11</line></par>
</text></cell></row>
</block>
<block><region><rect/></region>
<text>
<par>
<line>OAP_Révision PLU_Commune de NEUVECELLE (74)_PHASE APPROBATION</line></par>
</text>
</block>
<block><region><rect/></region>
<text>
<par>
<line>14/19</line></par>
</text>
</block>
























<block blockType="Picture" blockName="" l="1726" t="1136" r="1771" b="1220"><region><rect/></region>
</block>
</page>
<page width="2481" height="3612" resolution="300">
<block><region><rect/></region>
<text>
<par>
<line>OAP6 VERLAGNY OUEST</line></par>
</text>
</block>
<block><region><rect/></region>
<text>
<par>
<line>Contexte</line></par>
<par>
<line>- Secteur en continuité du hameau de Verlagny</line></par>
<par>
<line>- Droit à construire cristallisé_PA accordé</line></par>
<par>
<line>- Développement urbain qui doit être en harmonie avec le site</line></par>
<par>
<line>- P rojet d'implantation de construction à usage d'habitation</line></par>
<par>
<line>- Volonté des élus : reproduire la morphologie, l'implantation et la volumétrie des constructions du</line>
<line>village de Verlagny</line></par>
</text>
</block>
<block><region><rect/></region>
<text>
<par>
<line>Les caractères architecturaux des constructions du village de Verlagny doivent guider l'aspect architectural</line>
<line>des constructions inscrites dans le projet d'aménagement. Les éléments détaillés ci-après doivent être</line>
<line>respectés.</line></par>
</text>
</block>
<block><region><rect/></region>
<text>
<par>
<line>1.Morphologie</line></par>
<par>
<line>- La proximité est la caractéristique majeure de l'habitat traditionnel du village de Verlagny.</line></par>
<par>
<line>- Les bâtiments se fédèrent en bande le long des rues, l'habitat est regroupé présentant un tissu urbain</line>
<line>plus ou moins dense : maisons accolées ou isolées.</line></par>
<par>
<line>- Le faîtage est souvent parallèle à la rue, quelques cas où les constructions sont perpendiculaires à la</line>
<line>rue.</line></par>
<par>
<line>- Les espaces extérieurs privatifs se composent de courettes à l'avant de la maison (accès depuis la</line>
<line>voie publique) et de jardins à l'arrière (nombreux en cœur de village et en périphérie).</line></par>
<par>
<line>- Les J ardins sont souvent accompagnés de clos en pierres sèches ou maçonnées d'une hauteur</line>
<line>inférieure à 1 mètre.</line></par>
</text>
</block>
<block><region><rect/></region>
<text>
<par>
<line>2.Implantation</line></par>
<par>
<line>La disposition du bâti épouse la topographie du site. Il en résulte une succession de volumes en cascade qui</line>
<line>se décrochent les uns par rapport aux autres laissant places à des interstices urbains variés.</line></par>
</text>
</block>
<block><region><rect/></region>
<text>
<par>
<line>3.Volumétrie</line></par>
<par>
<line>Les fonctions agricoles et l'habitation sont réunies sous un même toit. L'architecture est simple,</line>
<line>fonctionnelle et économe. Ces maisons massives au volume simple sont aussi nommées «maison bloc».</line></par>
<par>
<line>Selon la forme de la parcelle et la pente du terrain les différentes entités de l'exploitation peuvent se</line>
<line>superposer ou se juxtaposer. La silhouette de la maison est déterminée par cette disposition : haute et</line>
<line>cubique si le grenier prend place sous le comble ou longue et quadrangulaire si les espaces agricoles sont</line>
<line>rejetés sur le côté de l'habitation. Les hauteurs vont de R+C à R+2+C.</line></par>
<par>
<line>La couverture à pans et à croupes est en tuiles. Les débords de toiture sont systématiques et compris entre</line>
<line>0,80 et 1,20 mètres.</line></par>
</text>
</block>
<block><region><rect/></region>
<text>
<par>
<line>4.Aspect des façades</line></par>
<par>
<line>Il faut noter la présence de parements verticaux en bois sur les pignons.</line></par>
<par>
<line>La maçonnerie est élevée en moellons de petites dimensions scellés au mortier de chaux; les façades sont</line>
<line>ensuite enduites à la chaux. Les teintes sable à beurre frais sont dominantes.</line></par>
<par>
<line>Pour quelques constructions, les chaînages d'angle et les encadrements des fenêtres en pierres sont laissés</line>
<line>apparents.</line></par>
<par>
<line>Les percements sont peu nombreux et limités au nécessaire : éclairer le logis, accéder à la grange et à</line>
<line>l'étable.</line></par>
<par>
<line>La grande sobriété des façades s'agrémente très ponctuellement de balcons de petites dimensions ou</line>
<line>d'escaliers accompagnés le plus souvent d'éléments de ferronnerie d'art d'aspect sobre</line></par>
</text>
</block>
<block><region><rect/></region>
<text>
<par>
<line>OAP_Révision PLU_Commune de NEUVECELLE (74)_PHASE APPROBATION</line></par>
</text>
</block>
<block><region><rect/></region>
<text>
<par>
<line>15/19</line></par>
</text>
</block>





</page>
<page width="2481" height="3612" resolution="300">
<block blockType="Table" blockName="" l="201" t="293" r="2262" b="3298"><region><rect/></region>
<row>
<cell width="1031" height="201">
<text>
<par>
<line>1. Conditions d'ouverture à l'urbanisation</line></par>
</text></cell>
<cell width="1030" height="201">
<text>
<par>
<line>P rojet d'aménagement d'ensemble</line></par>
<par>
<line>Respecter le tracé de la voirie de desserte objet d'un</line>
<line>acte notarié</line></par>
</text></cell></row>
<row>
<cell width="1031" height="83">
<text>
<par>
<line>2. Aménagement</line></par>
</text></cell>
<cell width="1030" height="83">
<text>
<par/>
</text></cell></row>
<row>
<cell width="1031" height="1003">
<text>
<par>
<line>2.1. Organisation du bâti et environnement</line></par>
</text></cell>
<cell width="1030" height="1003">
<text>
<par>
<line>Implantation des constructions :</line></par>
<par>
<line>- prendre en compte le contexte topographique</line></par>
<par>
<line>dans lequel le projet d'aménagement d'ensemble</line>
<line>s'implante et composer une trame bâtie en</line>
<line>cohérence ; les faîtages doivent être</line></par>
<par>
<line>perpendiculaires aux courbes de niveau.</line></par>
<par>
<line>- aménager des espaces d'intimité contrôlant les</line>
<line>vis-à-vis soit par des décalages, soit par des</line>
<line>décrochés dans les volumes.</line></par>
<par>
<line>- limiter les masques solaires en période hivernale</line>
<line>pour les constructions situées à l'aval.</line></par>
<par>
<line>- Maintenir des vues dégagées pour les maisons</line>
<line>situées en amont.</line></par>
<par>
<line>Hauteur des constructions :</line></par>
<par>
<line>- A justifier tenant compte de la topographie du</line>
<line>site et du maintien des vues vers le lac pour les</line>
<line>constructions situées en amont du site.</line></par>
</text></cell></row>
<row>
<cell width="1031" height="296">
<text>
<par>
<line>2.2. Parcellaire</line></par>
</text></cell>
<cell width="1030" height="296">
<text>
<par>
<line>L'emprise de l'OAP est considérée comme l'assiette</line>
<line>foncière du projet.</line></par>
<par>
<line>Cette assiette foncière est composée des parcelles</line>
<line>suivantes : VERLAGNY OUEST - AK 14 - AK15 -</line>
<line>AK 39 - AK 41 - AK 42 - AK 43 - AK 44 - AK 315</line></par>
</text></cell></row>
<row>
<cell width="1031" height="296">
<text>
<par>
<line>2.2.1. Traitement du parcellaire</line></par>
</text></cell>
<cell width="1030" height="296">
<text>
<par>
<line>Cette assiette foncière constitue une unité foncière à</line>
<line>l'intérieur de laquelle les constructions peuvent</line>
<line>s'implanter librement.</line></par>
<par>
<line>Les reculs s'appliquent sur les limites de l'unité</line>
<line>foncière.</line></par>
</text></cell></row>
<row>
<cell width="1031" height="434">
<text>
<par>
<line>2.2.2. Caractéristiques de l'assiette foncière</line></par>
</text></cell>
<cell width="1030" height="434">
<text>
<par>
<line>Le projet d'aménagement doit démontrer :</line></par>
<par>
<line>la valorisation des vues vers le lac depuis le</line>
<line>site et en amont du site.</line></par>
<par>
<line>une densification dans l'esprit de la trame</line>
<line>urbaine du village de Verlagny</line></par>
<par>
<line>Le principe d'alternance entre bâti et espace libre de</line>
<line>construction doit être mis en oeuvre.</line></par>
</text></cell></row>
<row>
<cell width="1031" height="179">
<text>
<par>
<line>2.3. Traitement paysager et espace public</line></par>
</text></cell>
<cell width="1030" height="179">
<text>
<par>
<line>Pas d'implantation de construction en bordure de</line>
<line>terrasse : maintenir un recul d'implantation des</line>
<line>constructions</line></par>
</text></cell></row>
<row>
<cell width="1031" height="131">
<text>
<par>
<line>2.4. Typologie des logements</line></par>
</text></cell>
<cell width="1030" height="131">
<text>
<par>
<line>La typologie attendue est celle de l'habitat</line>
<line>intermédiaire</line></par>
</text></cell></row>
<row>
<cell width="1031" height="83">
<text>
<par>
<line>3. Habitat</line></par>
</text></cell>
<cell width="1030" height="83">
<text>
<par/>
</text></cell></row>
<row>
<cell width="1031" height="131">
<text>
<par>
<line>3.1. Densité</line></par>
</text></cell>
<cell width="1030" height="131">
<text>
<par>
<line>Tendre vers de l'habitat intermédiaire : à minima 20</line>
<line>Igts/ha</line></par>
</text></cell></row>
<row>
<cell width="1031" height="84">
<text>
<par>
<line>3.2. Mixité sociale</line></par>
</text></cell>
<cell width="1030" height="84">
<text>
<par>
<line>néant</line></par>
</text></cell></row>
<row>
<cell width="1031" height="84">
<text>
<par>
<line>4. Transports et déplacements</line></par>
</text></cell>
<cell width="1030" height="84">
<text>
<par/>
</text></cell></row>
</block>
<block><region><rect/></region>
<text>
<par>
<line>OAP_Révision PLU_Commune de NEUVECELLE (74)_PHA5E APPROBATION</line></par>
</text>
</block>
<block><region><rect/></region>
<text>
<par>
<line>16/19</line></par>
</text>
</block>















</page>
<page width="2481" height="3612" resolution="300">
<block blockType="Table" blockName="" l="200" t="224" r="2264" b="573"><region><rect/></region>
<row>
<cell width="1032" height="84">
<text>
<par>
<line>4.1. Cheminements piétons</line></par>
</text></cell>
<cell width="1032" height="84">
<text>
<par>
<line>Cheminement piéton : néant</line></par>
</text></cell></row>
<row>
<cell width="1032" height="132">
<text>
<par>
<line>4.2. Accès</line></par>
</text></cell>
<cell width="1032" height="132">
<text>
<par>
<line>Accès : Respecter le tracé de la voirie de desserte</line>
<line>objet d'un acte notarié</line></par>
</text></cell></row>
<row>
<cell width="1032" height="133">
<text>
<par>
<line>4.3. Desserte</line></par>
</text></cell>
<cell width="1032" height="133">
<text>
<par>
<line>Organisation de la desserte : Respecter le tracé de la</line>
<line>voirie de desserte objet d'un acte notarié</line></par>
</text></cell></row>
</block>
<block><region><rect/></region>
<text>
<par/>
</text>
</block>
<block><region><rect/></region>
<text>
<par/>
</text>
</block>
<block><region><rect/></region>
<text>
<par/>
</text>
</block>
<block><region><rect/></region>
<text>
<par>
<line>OAP6 VERLAGNY OUEST NEUVEOELLE MARS 2018</line></par>
</text>
</block>
<block><region><rect/></region>
<text>
<par>
<line>m</line></par>
</text>
</block>
<block><region><rect/></region>
<text>
<par>
<line>P</line></par>
</text>
</block>
<block><region><rect/></region>
<text>
<par/>
</text>
</block>
<block><region><rect/><rect/><rect/></region>
<text>
<par>
<line>4</line></par>
</text>
</block>
<block><region><rect/></region>
<text>
<par/>
</text>
</block>
<block><region><rect/></region>
<text>
<par/>
</text>
</block>
<block><region><rect/></region>
<text>
<par>
<line>m</line></par>
</text>
</block>
<block><region><rect/></region>
<text>
<par>
<line>m</line></par>
</text>
</block>
<block><region><rect/></region>
<text>
<par>
<line>CM</line></par>
</text>
</block>
<block><region><rect/></region>
<text>
<par/>
</text>
</block>
<block><region><rect/></region>
<text>
<par/>
</text>
</block>
<block><region><rect/></region>
<text>
<par>
<line>A</line></par>
</text>
</block>
<block><region><rect/></region>
<text>
<par/>
</text>
</block>
<block><region><rect/></region>
<text>
<par/>
</text>
</block>
<block><region><rect/></region>
<text>
<par>
<line>m</line></par>
</text>
</block>
<block><region><rect/></region>
<text>
<par>
<line>emprise de l 'OAF6</line></par>
</text>
</block>
<block><region><rect/></region>
<text>
<par>
<line>m</line></par>
</text>
</block>
<block><region><rect/></region>
<text>
<par/>
</text>
</block>
<block><region><rect/></region>
<text>
<par>
<line>Implantât! on de s constructi ons en den&amp;^té i</line></par>
</text>
</block>
<block><region><rect/></region>
<text>
<par>
<line>îv</line></par>
</text>
</block>
<block><region><rect/></region>
<text>
<par>
<line>Etne</line></par>
</text>
</block>
<block><region><rect/></region>
<text>
<par>
<line>13Z</line></par>
</text>
</block>
<block><region><rect/></region>
<text>
<par/>
</text>
</block>
<block><region><rect/></region>
<text>
<par>
<line>Surface de l'OAP, nombre de logements potentiels et LLS attendus</line></par>
</text>
</block>
<block blockType="Table" blockName="" l="200" t="2384" r="2280" b="2698"><region><rect/></region>
<row>
<cell width="434" height="180">
<text>
<par>
<line>Enveloppes</line></par>
<par>
<line>urbaines</line></par>
</text></cell>
<cell width="329" height="180">
<text>
<par>
<line>Zone de</line>
<line>référence au</line>
<line>PLU</line></par>
</text></cell>
<cell width="329" height="180">
<text>
<par>
<line>Surfaces</line></par>
</text></cell>
<cell width="329" height="180">
<text>
<par>
<line>Part de LLS</line>
<line>souhaitée</line></par>
</text></cell>
<cell width="329" height="180">
<text>
<par>
<line>Nombre de</line>
<line>logements</line>
<line>potentiels</line></par>
</text></cell>
<cell width="330" height="180">
<text>
<par>
<line>Nombre de</line>
<line>LLS</line></par>
<par>
<line>potentiels</line></par>
</text></cell></row>
<row>
<cell width="434" height="134">
<text>
<par>
<line>OAP6 VERLAGNY</line>
<line>OUEST</line></par>
</text></cell>
<cell width="329" height="134">
<text>
<par>
<line>AUc</line></par>
</text></cell>
<cell width="329" height="134">
<text>
<par>
<line>16245</line></par>
</text></cell>
<cell width="329" height="134">
<text>
<par>
<line>0</line></par>
</text></cell>
<cell width="329" height="134">
<text>
<par>
<line>32</line></par>
</text></cell>
<cell width="330" height="134">
<text>
<par>
<line>0</line></par>
</text></cell></row>
</block>
<block><region><rect/></region>
<text>
<par>
<line>OAP_Révision PLU_Commune de NEUVECELLE (74)_PHASE APPROBATION</line></par>
</text>
</block>
<block><region><rect/></region>
<text>
<par>
<line>17/19</line></par>
</text>
</block>




























<block blockType="Picture" blockName="" l="1872" t="1529" r="2021" b="1646"><region><rect/></region>
</block>
</page>
<page width="2481" height="3612" resolution="300">
<block><region><rect/></region>
<text>
<par>
<line>0AP7 LES MOULINS DE CHEZ DURET</line></par>
</text>
</block>
<block blockType="Table" blockName="" l="201" t="381" r="2262" b="3265"><region><rect/></region>
<row>
<cell width="1031" height="84">
<text>
<par>
<line>1. Conditions d'ouverture à l'urbanisation</line></par>
</text></cell>
<cell width="1030" height="84">
<text>
<par>
<line>P rojet d'aménagement d'ensemble</line></par>
</text></cell></row>
<row>
<cell width="1031" height="83">
<text>
<par>
<line>2. Aménagement</line></par>
</text></cell>
<cell width="1030" height="83">
<text>
<par/>
</text></cell></row>
<row>
<cell width="1031" height="461">
<text>
<par>
<line>2.1. Organisation du bâti et environnement</line></par>
</text></cell>
<cell width="1030" height="461">
<text>
<par>
<line>Implantation des constructions :</line></par>
<par>
<line>prendre en compte le contexte</line>
<line>topographique dans lequel il s'implante et</line>
<line>composer un ensemble de qualité</line>
<line>architecturale ;</line></par>
<par>
<line>aménager des espaces d'intimité contrôlant</line>
<line>les vis-à-vis soit par des décalages et soit</line>
<line>par des décrochés dans les volumes.</line></par>
</text></cell></row>
<row>
<cell width="1031" height="577">
<text>
<par>
<line>2.2. Traitement du parcellaire</line></par>
</text></cell>
<cell width="1030" height="577">
<text>
<par>
<line>L'emprise de l'OAP est considérée comme l'assiette</line>
<line>foncière du projet.</line></par>
<par>
<line>Cette assiette foncière est composée des parcelles</line>
<line>suivantes : MOULIN DE CHEZ DURET AK 308 -</line>
<line>AK 223 -AK 373 -AK 378</line></par>
<par>
<line>Cette assiette foncière constitue une unité foncière à</line>
<line>l'intérieur de laquelle les constructions peuvent</line>
<line>s'implanter librement.</line></par>
<par>
<line>Les reculs s'appliquent sur les limites de l'unité</line>
<line>foncière.</line></par>
</text></cell></row>
<row>
<cell width="1031" height="349">
<text>
<par>
<line>2.3. Traitement paysager et espace public</line></par>
</text></cell>
<cell width="1030" height="349">
<text>
<par>
<line>- Les espaces vides doivent être majoritairement</line>
<line>engazonnés dans une recherche de confort</line>
<line>thermique des constructions</line></par>
<par>
<line>- Les places de stationnement doivent être</line>
<line>accompagnées par la plantation d'arbres de haute</line>
<line>tige : 1 arbre pour 5 places de stationnement</line></par>
</text></cell></row>
<row>
<cell width="1031" height="858">
<text>
<par>
<line>2.4. Typologie des logements</line></par>
</text></cell>
<cell width="1030" height="858">
<text>
<par>
<line>Habitat intenriédiaire :</line></par>
<par>
<line>Ce sont des logements agrégés soit horizontalement</line>
<line>soit verticalement, mais ayant chacun une entrée</line>
<line>privative, et un espace extérieur privatif (jardins, ou</line>
<line>terrasses) pouvant être considéré comme un espace</line>
<line>à vivre en prolongement du logement (suffisamment</line>
<line>dimensionné pour ce faire). La disposition des</line>
<line>logements doit permettre de contrôler les vis-à-vis de</line>
<line>façon à minimiser la gêne entre les occupants. Cet</line>
<line>habitat doit aussi réserver des espaces extérieurs</line>
<line>collectifs non dévolus à la voiture et qui devront être</line>
<line>de véritables lieux de vie.</line></par>
<par>
<line>Les toitures terrasses, y compris végétalisées, sont</line>
<line>autorisées sous réserve d'être destinées à faciliter la</line>
<line>gestion des eaux pluviales en limitant les débits de</line>
<line>pointe.</line></par>
</text></cell></row>
<row>
<cell width="1031" height="84">
<text>
<par>
<line>3. Habitat</line></par>
</text></cell>
<cell width="1030" height="84">
<text>
<par/>
</text></cell></row>
<row>
<cell width="1031" height="152">
<text>
<par>
<line>3.1. Densité</line></par>
</text></cell>
<cell width="1030" height="152">
<text>
<par>
<line>- Objectif de densification : 40 Igts/ha</line></par>
</text></cell></row>
<row>
<cell width="1031" height="152">
<text>
<par>
<line>3.2. Mixité sociale</line></par>
</text></cell>
<cell width="1030" height="152">
<text>
<par>
<line>20% des logements à réaliser doivent être des</line>
<line>logements locatifs sociaux pérennes.</line></par>
</text></cell></row>
<row>
<cell width="1031" height="84">
<text>
<par>
<line>4. Transports et déplacements</line></par>
</text></cell>
<cell width="1030" height="84">
<text>
<par/>
</text></cell></row>
</block>
<block><region><rect/></region>
<text>
<par>
<line>OAP_Révision PLU_Commune de NEUVECELLE (74)_PHA5E APPROBATION</line></par>
</text>
</block>
<block><region><rect/></region>
<text>
<par>
<line>18/19</line></par>
</text>
</block>













</page>
<page width="2481" height="3612" resolution="300">
<block blockType="Table" blockName="" l="200" t="224" r="2264" b="668"><region><rect/></region>
<row>
<cell width="1032" height="84">
<text>
<par>
<line>4.1. Cheminements piétons</line></par>
</text></cell>
<cell width="1032" height="84">
<text>
<par>
<line>Néant</line></par>
</text></cell></row>
<row>
<cell width="1032" height="179">
<text>
<par>
<line>4.2. Accès</line></par>
</text></cell>
<cell width="1032" height="179">
<text>
<par>
<line>Il doit être défini 1 accès unique depuis l'avenue de</line>
<line>Milly ; il doit permettre de desservir l'ensemble de</line>
<line>l'unité foncière.</line></par>
</text></cell></row>
<row>
<cell width="1032" height="181">
<text>
<par>
<line>4.3. Desserte</line></par>
</text></cell>
<cell width="1032" height="181">
<text>
<par>
<line>Il est prévu de réaliser 1 desserte unique pour</line>
<line>l'ensemble de l'assiette foncière, mutualisant les</line>
<line>circulations automobiles, piétonnes et cycles</line></par>
</text></cell></row>
</block>
<block><region><rect/></region>
<text>
<par/>
</text>
</block>
<block><region><rect/></region>
<text>
<par>
<line>s.</line></par>
</text>
</block>
<block><region><rect/></region>
<text>
<par/>
</text>
</block>
<block><region><rect/></region>
<text>
<par/>
</text>
</block>
<block><region><rect/></region>
<text>
<par>
<line>OAP7 MOULIN DE CHEZ DUR ET MEUVECELLE MAR5 201S</line></par>
</text>
</block>
<block><region><rect/></region>
<text>
<par>
<line>fit»</line></par>
</text>
</block>
<block><region><rect/></region>
<text>
<par/>
</text>
</block>
<block><region><rect/></region>
<text>
<par/>
</text>
</block>
<block><region><rect/></region>
<text>
<par>
<line>H</line></par>
</text>
</block>
<block><region><rect/></region>
<text>
<par>
<line>7ÏD</line></par>
</text>
</block>
<block><region><rect/></region>
<text>
<par>
<line>137</line></par>
</text>
</block>
<block><region><rect/></region>
<text>
<par/>
</text>
</block>
<block><region><rect/></region>
<text>
<par/>
</text>
</block>
<block><region><rect/></region>
<text>
<par/>
</text>
</block>
<block><region><rect/></region>
<text>
<par>
<line>I</line></par>
</text>
</block>
<block><region><rect/></region>
<text>
<par>
<line>771</line></par>
</text>
</block>
<block><region><rect/></region>
<text>
<par>
<line>û</line></par>
</text>
</block>
<block><region><rect/></region>
<text>
<par>
<line>rtï</line></par>
</text>
</block>
<block><region><rect/></region>
<text>
<par/>
</text>
</block>
<block><region><rect/></region>
<text>
<par/>
</text>
</block>
<block><region><rect/></region>
<text>
<par>
<line>2^</line></par>
</text>
</block>
<block><region><rect/></region>
<text>
<par>
<line>r</line></par>
</text>
</block>
<block><region><rect/></region>
<text>
<par>
<line>109</line></par>
</text>
</block>
<block><region><rect/></region>
<text>
<par>
<line>Ëmpriæ de rOAP7</line></par>
</text>
</block>
<block><region><rect/></region>
<text>
<par/>
</text>
</block>
<block><region><rect/></region>
<text>
<par>
<line>accès</line></par>
</text>
</block>
<block><region><rect/></region>
<text>
<par/>
</text>
</block>
<block><region><rect/></region>
<text>
<par>
<line>Implantation des constructions en densité 1</line></par>
</text>
</block>
<block><region><rect/></region>
<text>
<par/>
</text>
</block>
<block><region><rect/></region>
<text>
<par>
<line>&gt;</line></par>
</text>
</block>
<block><region><rect/></region>
<text>
<par>
<line>Conserver vues</line></par>
</text>
</block>
<block><region><rect/></region>
<text>
<par/>
</text>
</block>
<block><region><rect/></region>
<text>
<par/>
</text>
</block>
<block><region><rect/></region>
<text>
<par/>
</text>
</block>
<block><region><rect/></region>
<text>
<par/>
</text>
</block>
<block><region><rect/></region>
<text>
<par/>
</text>
</block>
<block><region><rect/></region>
<text>
<par>
<line>Lïus</line></par>
</text>
</block>
<block><region><rect/></region>
<text>
<par>
<line>ÉchElle 1 ; Z 132 T</line></par>
</text>
</block>
<block><region><rect/></region>
<text>
<par/>
</text>
</block>
<block><region><rect/></region>
<text>
<par>
<line>Surface de l'OAP, nombre de logements potentiels et LLS attendus</line></par>
</text>
</block>
<block blockType="Table" blockName="" l="200" t="2411" r="2280" b="2725"><region><rect/></region>
<row>
<cell width="434" height="181">
<text>
<par>
<line>Enveloppes</line></par>
<par>
<line>urbaines</line></par>
</text></cell>
<cell width="329" height="181">
<text>
<par>
<line>Zone de</line>
<line>référence au</line>
<line>PLU</line></par>
</text></cell>
<cell width="329" height="181">
<text>
<par>
<line>Surfaces</line></par>
</text></cell>
<cell width="329" height="181">
<text>
<par>
<line>Part de LLS</line>
<line>souhaitée</line></par>
</text></cell>
<cell width="329" height="181">
<text>
<par>
<line>Nombre de</line>
<line>logements</line>
<line>potentiels</line></par>
</text></cell>
<cell width="330" height="181">
<text>
<par>
<line>Nombre de</line>
<line>LLS</line></par>
<par>
<line>potentiels</line></par>
</text></cell></row>
<row>
<cell width="434" height="133">
<text>
<par>
<line>OAP7 MOULIN DE</line>
<line>CHEZ DURET</line></par>
</text></cell>
<cell width="329" height="133">
<text>
<par>
<line>AUc</line></par>
</text></cell>
<cell width="329" height="133">
<text>
<par>
<line>6110</line></par>
</text></cell>
<cell width="329" height="133">
<text>
<par>
<line>20%</line></par>
</text></cell>
<cell width="329" height="133">
<text>
<par>
<line>24</line></par>
</text></cell>
<cell width="330" height="133">
<text>
<par>
<line>5</line></par>
</text></cell></row>
</block>
<block><region><rect/></region>
<text>
<par>
<line>OAP_Révision PLU_Commune de NEUVECELLE (74)_PHASE APPROBATION</line></par>
</text>
</block>
<block><region><rect/></region>
<text>
<par>
<line>19/19</line></par>
</text>
</block>
























<block blockType="Picture" blockName="" l="986" t="941" r="1037" b="1031"><region><rect/></region>
</block>
<block blockType="Picture" blockName="" l="839" t="1078" r="978" b="1114"><region><rect/></region>
</block>
<block blockType="Picture" blockName="" l="491" t="2019" r="578" b="2059"><region><rect/></region>
</block>
<block blockType="Picture" blockName="" l="974" t="1139" r="1012" b="1273"><region><rect/></region>
</block>
</page>
</OAP>