<?xml version="1.0" encoding="UTF-8"?><OAP>
<page width="3508" height="2479" resolution="300">
<block><region><rect/></region>
<text>
<par>
<line>y</line></par>
</text>
</block>
<block><region><rect/></region>
<text>
<par>
<line>Sixt</line></par>
<par>
<line>Fer-à-Cheval</line></par>
</text>
</block>
<block><region><rect/></region>
<text>
<par>
<line>Plan Local d'Urbanisme</line></par>
</text>
</block>
<block><region><rect/></region>
<text>
<par>
<line>Approbation</line></par>
</text>
</block>
<block><region><rect/></region>
<text>
<par>
<line>Commune de</line>
<line>Sixt-Fer-à-Cheval</line></par>
</text>
</block>
<block><region><rect/></region>
<text>
<par>
<line>3. Orientations d'Aménagement et de</line></par>
</text>
</block>
<block><region><rect/><rect/></region>
<text>
<par>
<line>A-'</line></par>
</text>
</block>
<block><region><rect/><rect/><rect/></region>
<text>
<par>
<line>% /</line></par>
</text>
</block>
<block><region><rect/></region>
<text>
<par>
<line>Programmation (OAP)</line></par>
</text>
</block>
<block><region><rect/><rect/><rect/><rect/></region>
<text>
<par>
<line>« Certifié conforme parle Maire, et vu pour être</line>
<line>annexé à la délibération du Conseil hp</line>
<line>en date du 08 février 2018, approu^ '</line>
<line>de Sixt-Fer-à-Cheval. »</line></par>
</text>
</block>
<block><region><rect/></region>
<text>
<par/>
</text>
</block>
<block><region><rect/></region>
<text>
<par/>
</text>
</block>
<block><region><rect/><rect/><rect/></region>
<text>
<par>
<line>■—i .y</line></par>
</text>
</block>
<block><region><rect/></region>
<text>
<par>
<line>Le Maire,</line></par>
<par>
<line>Stéphane BOUVET</line></par>
</text>
</block>

</page>
<page width="3508" height="2479" resolution="300">
<block><region><rect/></region>
<text>
<par>
<line>Orientations d'Aménagement et de Programmation</line></par>
</text>
</block>
<block><region><rect/></region>
<text>
<par>
<line>I. CONTEXTE REGLEMENTAIRE</line></par>
</text>
</block>
<block><region><rect/></region>
<text>
<par>
<line>L'OAP (orientation d'aménagement et de programmation) constitue une</line>
<line>déclinaison opérationnelle des orientations du PADD, qu'elle applique et</line>
<line>précise. Une OAP permet de cadrer l'évolution future pour le</line>
<line>développement de la commune. Les autorisations d'urbanisme doivent</line>
<line>être compatibles avec ses orientations et préconisations. Les orientations</line>
<line>peuvent définir les actions et opérations nécessaires pour mettre en valeur</line>
<line>l'environnement, les paysages, les entrées de villes et le patrimoine, lutter</line>
<line>contre l'insalubrité, permettre le renouvellement urbain et assurer le</line>
<line>développement de la commune.</line></par>
<par>
<line>Les Orientations d'Aménagement et de Programmation du PLU de Sixt-</line>
<line>Fer-à-Cheval portent sur les six secteurs suivants :</line></par>
<par>
<line>► OAP 1 - Secteur 1AUt - Feulatière</line></par>
<par>
<line>► OAP 2 - Secteur 1AUt - Salvagny</line></par>
<par>
<line>► OAP 3 - Secteur 1AU - Le Fay</line></par>
<par>
<line>► OAP 4 - Secteur 1AU - Hauterive</line></par>
<par>
<line>► OAP 5 - Secteur 1AU - Le Chef-Lieu</line></par>
<par>
<line>► OAP 6 - Secteur Ux - Le Perret</line></par>
</text>
</block>
<block><region><rect/></region>
<text>
<par>
<line>1</line></par>
</text>
</block>
<block><region><rect/></region>
<text>
<par/>
</text>
</block>
<block><region><rect/></region>
<text>
<par>
<line>m.</line></par>
</text>
</block>
<block><region><rect/></region>
<text>
<par>
<line>4 - SecteurlAU - Hauterive</line></par>
</text>
</block>
<block><region><rect/></region>
<text>
<par/>
</text>
</block>
<block><region><rect/></region>
<text>
<par>
<line>OAP 1-SecteurlAUt ■ Feu^tiere</line></par>
</text>
</block>
<block><region><rect/></region>
<text>
<par/>
</text>
</block>
<block><region><rect/></region>
<text>
<par>
<line>épode</line></par>
<par>
<line>B étudos • rrraîlnse</line></par>
</text>
</block>
<block><region><rect/></region>
<text>
<par>
<line>NORAZ</line></par>
<par>
<line>ARCHITECTE</line></par>
</text>
</block>
<block><region><rect/></region>
<text>
<par>
<line>AVOCAT CONSEIL</line></par>
<par>
<line>PHILIPPE</line></par>
</text>
</block>
<block><region><rect/></region>
<text>
<par>
<line>2</line></par>
</text>
<text>
<par>
<line>14003-OAP - Approbation</line></par>
</text>
</block>






<block blockType="Picture" blockName="" l="1844" t="313" r="3385" b="1271"><region><rect/></region>
</block>
</page>
<page width="3508" height="2479" resolution="300">
<block><region><rect/></region>
<text>
<par>
<line>Orientations d'Aménagement et de Programmation</line></par>
</text>
</block>
<block><region><rect/></region>
<text>
<par>
<line>II. Développement touristique</line>
<line>sur Salvagny et Feulatière :</line></par>
</text>
</block>
<block><region><rect/></region>
<text>
<par>
<line>Espace cfe</line></par>
</text>
</block>
<block><region><rect/></region>
<text>
<par>
<line>Desserte de</line></par>
</text>
</block>
<block><region><rect/></region>
<text>
<par>
<line>sraTiomiemem</line></par>
</text>
</block>
<block><region><rect/></region>
<text>
<par>
<line>liaison automobile</line></par>
</text>
</block>
<block><region><rect/></region>
<text>
<par>
<line>paysager</line></par>
</text>
</block>
<block><region><rect/></region>
<text>
<par>
<line>v/</line></par>
</text>
</block>
<block><region><rect/></region>
<text>
<par>
<line>Espace de</line></par>
</text>
</block>
<block><region><rect/></region>
<text>
<par>
<line>statiomiement</line></par>
</text>
</block>
<block><region><rect/></region>
<text>
<par>
<line>paysager</line></par>
</text>
</block>
<block><region><rect/></region>
<text>
<par/>
</text>
</block>
<block><region><rect/></region>
<text>
<par>
<line>GAP n‘ ir SALVAGNY</line></par>
</text>
</block>
<block><region><rect/></region>
<text>
<par>
<line>OAP n° I : FEULATIERE</line></par>
</text>
</block>
<block><region><rect/></region>
<text>
<par/>
</text>
</block>
<block><region><rect/></region>
<text>
<par>
<line>Voirie Existante</line></par>
</text>
</block>
<block><region><rect/></region>
<text>
<par/>
</text>
</block>
<block><region><rect/></region>
<text>
<par/>
</text>
</block>
<block><region><rect/></region>
<text>
<par>
<line>pole</line></par>
</text>
</block>
<block><region><rect/></region>
<text>
<par>
<line>• * 4</line></par>
</text>
</block>
<block><region><rect/></region>
<text>
<par>
<line>Touristique r;j _</line></par>
</text>
</block>
<block><region><rect/></region>
<text>
<par>
<line>existant</line></par>
</text>
</block>
<block><region><rect/></region>
<text>
<par>
<line>&lt;</line></par>
</text>
</block>
<block><region><rect/></region>
<text>
<par/>
</text>
</block>
<block><region><rect/></region>
<text>
<par>
<line>DOUA NE SK ABLE</line></par>
</text>
</block>
<block><region><rect/></region>
<text>
<par>
<line>♦ ♦ _</line></par>
</text>
</block>
<block><region><rect/></region>
<text>
<par/>
</text>
</block>
<block><region><rect/></region>
<text>
<par>
<line>Greffe sur *</line></par>
<par>
<line>l'existant-^* • ^</line></par>
<par>
<line>J ^ t ' fl**</line></par>
<par>
<line>■ _ - * COEUR!</line></par>
</text>
</block>
<block><region><rect/></region>
<text>
<par>
<line>♦ •</line></par>
</text>
</block>
<block><region><rect/></region>
<text>
<par/>
</text>
</block>
<block><region><rect/></region>
<text>
<par>
<line>DS SALVACNY</line></par>
</text>
</block>
<block><region><rect/></region>
<text>
<par>
<line>■V *0#</line></par>
</text>
</block>
<block><region><rect/></region>
<text>
<par>
<line>* *</line></par>
</text>
</block>
<block><region><rect/></region>
<text>
<par>
<line>vers liaison Grand Massif</line></par>
</text>
</block>
<block><region><rect/></region>
<text>
<par>
<line>Noraz-Epodt</line></par>
</text>
</block>
<block><region><rect/></region>
<text>
<par>
<line>La commune de Sixt-Fer-à-Cheval souhaite encadrer le développement</line>
<line>touristique sur son territoire. Ce développement repose sur un pôle</line>
<line>stratégique, se situant au-dessus du domaine skiable, et s'articulant autour</line>
<line>de deux sites de projets d'hébergement touristique, bénéficiant de leur</line>
<line>propre accès mais pouvant être reliés sur le long terme. Ces deux secteurs</line>
<line>sont concernés par des orientations d'aménagement et de programmation,</line>
<line>l'OAP n°1 concerne le site dit de Feulatière, et l'OAP n°2 concerne le site dit</line>
<line>de Salvagny.</line></par>
</text>
</block>
<block><region><rect/></region>
<text>
<par>
<line>épode</line></par>
<par>
<line>I études • rrraîinse ü'oeuvie</line></par>
</text>
</block>
<block><region><rect/></region>
<text>
<par>
<line>NORAZ</line></par>
<par>
<line>ARCHITECTE</line></par>
</text>
</block>
<block><region><rect/></region>
<text>
<par>
<line>AVOCAT CONSEIL</line></par>
<par>
<line>PHILIPPE</line></par>
</text>
</block>
<block><region><rect/></region>
<text>
<par>
<line>3</line></par>
</text>
<text>
<par>
<line>14003-OAP - Approbation</line></par>
</text>
</block>






</page>
<page width="3508" height="2479" resolution="300">
<block><region><rect/></region>
<text>
<par>
<line>Orientations d'Aménagement et de Programmation</line></par>
</text>
</block>
<block><region><rect/></region>
<text>
<par>
<line>III. OAP n°1 - FEULATIERE</line></par>
</text>
</block>
<block><region><rect/></region>
<text>
<par>
<line>4AP n' I i FEl</line></par>
</text>
</block>
<block><region><rect/></region>
<text>
<par>
<line>lUiii</line></par>
</text>
</block>
<block><region><rect/></region>
<text>
<par/>
</text>
</block>
<block><region><rect/><rect/></region>
<text>
<par>
<line>.*A. II.</line></par>
<par>
<line>r*: ■</line></par>
</text>
</block>
<block><region><rect/></region>
<text>
<par>
<line>' .w.</line></par>
</text>
</block>
<block><region><rect/></region>
<text>
<par>
<line>LEGENDE DE l'OAP</line></par>
</text>
</block>
<block><region><rect/></region>
<text>
<par>
<line>CHRONOLOGIE de principe de aévèlo66ërtvëm du projet</line></par>
</text>
</block>
<block><region><rect/></region>
<text>
<par>
<line>&gt;</line></par>
</text>
</block>
<block><region><rect/></region>
<text>
<par>
<line>chronologie/Phasoge</line></par>
</text>
</block>
<block><region><rect/></region>
<text>
<par>
<line>de principe</line></par>
</text>
</block>
<block><region><rect/></region>
<text>
<par>
<line>Voirie a creer</line></par>
</text>
</block>
<block><region><rect/></region>
<text>
<par>
<line>Front bâti</line></par>
</text>
</block>
<block><region><rect/></region>
<text>
<par>
<line>Liaisons «douces »</line></par>
</text>
</block>
<block><region><rect/></region>
<text>
<par>
<line>ski/pieton. Percees</line></par>
</text>
</block>
<block><region><rect/></region>
<text>
<par>
<line>visuelles</line></par>
</text>
</block>
<block><region><rect/></region>
<text>
<par>
<line>Espace de</line>
<line>stationnement</line>
<line>paysager</line></par>
</text>
</block>
<block><region><rect/></region>
<text>
<par>
<line>4</line></par>
</text>
</block>
<block><region><rect/></region>
<text>
<par>
<line>OAP n° i : FEyLATIEPE</line></par>
</text>
</block>
<block><region><rect/></region>
<text>
<par>
<line>Desserte de</line>
<line>liaison automobile</line></par>
</text>
</block>
<block><region><rect/></region>
<text>
<par>
<line>J</line></par>
</text>
</block>
<block><region><rect/></region>
<text>
<par>
<line>iiiiiiiiifi.</line></par>
</text>
</block>
<block><region><rect/></region>
<text>
<par/>
</text>
</block>
<block><region><rect/></region>
<text>
<par/>
</text>
</block>
<block><region><rect/></region>
<text>
<par>
<line>U</line></par>
</text>
</block>
<block><region><rect/></region>
<text>
<par>
<line>T</line></par>
</text>
</block>
<block><region><rect/></region>
<text>
<par>
<line>_'</line></par>
</text>
</block>
<block><region><rect/></region>
<text>
<par>
<line>«r</line></par>
</text>
</block>
<block><region><rect/></region>
<text>
<par>
<line>— t-</line></par>
</text>
</block>
<block><region><rect/></region>
<text>
<par>
<line>Desserte de Feulatière : une antenne aval sur la Route de</line>
<line>Passy, d'environ 100 mètres de long et de 5 mètres de large</line>
<line>dessert le centre du groupe de chalets situés en partie</line>
<line>basse. (secteur A) .Une deuxième antenne permet de</line>
<line>desservir la partie Haute (secteur B). Un accès routier</line>
<line>complémentaire pourra être créé depuis l'OAP n°2 de</line>
<line>Salvagny.</line></par>
<par>
<line>Espace de stationnement : ils devront se situer dans le</line>
<line>virage qui monte la route de Passy, au Nord-Ouest du Site.</line></par>
<par>
<line>Composition du plan masse : les constructions doivent</line>
<line>s'implanter harmonieusement dans la pente et respecter</line>
<line>une bonne insertion paysagère.</line></par>
<par>
<line>Préservation des accès agricoles : Un accès agricole aux</line>
<line>parcelles stratégiques devra obligatoirement être conservé</line>
<line>depuis la route de Passy et depuis l'OAP de Salvagny. Ces</line>
<line>accès pourront être mutualisés avec la desserte des</line>
<line>constructions du secteurs.</line></par>
</text>
</block>
<block><region><rect/></region>
<text>
<par>
<line>épode</line></par>
<par>
<line>I étddea • matinée d'oeuvi^</line></par>
</text>
</block>
<block><region><rect/></region>
<text>
<par>
<line>NORAZ</line></par>
<par>
<line>ARCHITECTE</line></par>
</text>
</block>
<block><region><rect/></region>
<text>
<par>
<line>AVOCAT CONSEIL</line></par>
<par>
<line>PHILIPPE</line></par>
</text>
</block>
<block><region><rect/></region>
<text>
<par>
<line>4</line></par>
</text>
<text>
<par>
<line>14003-OAP - Approbation</line></par>
</text>
</block>























<block blockType="Picture" blockName="" l="2071" t="1549" r="2168" b="1591"><region><rect/></region>
</block>
</page>
<page width="3508" height="2479" resolution="300">
<block><region><rect/></region>
<text>
<par>
<line>Orientations d'Aménagement et de Programmation</line></par>
</text>
</block>
<block blockType="Table" blockName="" l="443" t="294" r="1443" b="2049"><region><rect/></region>
<row>
<cell width="614" height="133">
<text>
<par>
<line>PROGRAMMATION ESTIMEE</line></par>
</text></cell>
<cell width="386" height="133">
<text>
<par>
<line>Feulatière</line></par>
</text></cell></row>
<row>
<cell width="614" height="88">
<text>
<par>
<line>Pendage moyen</line></par>
</text></cell>
<cell width="386" height="88">
<text>
<par>
<line>20 %</line></par>
</text></cell></row>
<row>
<cell width="614" height="132">
<text>
<par>
<line>Emprise foncière</line></par>
</text></cell>
<cell width="386" height="132">
<text>
<par>
<line>2 hectares</line></par>
</text></cell></row>
<row>
<cell width="614" height="131">
<text>
<par>
<line>Foncier construit-pochage</line></par>
</text></cell>
<cell width="386" height="131">
<text>
<par>
<line>15.000 m"</line></par>
</text></cell></row>
<row>
<cell width="614" height="132">
<text>
<par>
<line>Propriété communale</line></par>
</text></cell>
<cell width="386" height="132">
<text>
<par>
<line>60 %</line></par>
</text></cell></row>
<row>
<cell width="614" height="131">
<text>
<par>
<line>M^ SDP para-hôteliers</line></par>
</text></cell>
<cell width="386" height="131">
<text>
<par>
<line>7.000 m"</line></par>
</text></cell></row>
<row>
<cell width="614" height="174">
<text>
<par>
<line>Equivalents lits</line>
<line>(moyenne 12 m^ par lit)</line></par>
</text></cell>
<cell width="386" height="174">
<text>
<par>
<line>Environ 600 lits</line></par>
</text></cell></row>
<row>
<cell width="614" height="132">
<text>
<par>
<line>Moyenne m^ SDP par unité-chalet</line></par>
</text></cell>
<cell width="386" height="132">
<text>
<par>
<line>300 à 500 m"</line>
<line>pondérés</line></par>
</text></cell></row>
<row>
<cell width="614" height="131">
<text>
<par>
<line>Nombre d'unités-chalets</line></par>
</text></cell>
<cell width="386" height="131">
<text>
<par>
<line>Environ 20</line></par>
</text></cell></row>
<row>
<cell width="614" height="131">
<text>
<par>
<line>Granges à voitures</line></par>
</text></cell>
<cell width="386" height="131">
<text>
<par>
<line>Env. 25VL/grange</line></par>
</text></cell></row>
<row>
<cell width="614" height="132">
<text>
<par>
<line>Nombre de granges/P</line></par>
</text></cell>
<cell width="386" height="132">
<text>
<par>
<line>4 granges/100 P</line></par>
</text></cell></row>
<row>
<cell width="614" height="131">
<text>
<par>
<line>Equipements - Service animation</line></par>
</text></cell>
<cell width="386" height="131">
<text>
<par>
<line>Répartis dans 20</line>
<line>unités</line></par>
</text></cell></row>
<row>
<cell width="614" height="177">
<text>
<par>
<line>Logements du personnel</line>
<line>(hors propriétaire-hôtelier)</line></par>
</text></cell>
<cell width="386" height="177">
<text>
<par>
<line>15 répartis</line></par>
</text></cell></row>
</block>
<block><region><rect/></region>
<text>
<par>
<line>I</line></par>
</text>
</block>
<block><region><rect/></region>
<text>
<par>
<line>U»</line></par>
</text>
</block>
<block><region><rect/></region>
<text>
<par/>
</text>
</block>
<block><region><rect/><rect/><rect/></region>
<text>
<par>
<line>«1 « ik</line></par>
</text>
</block>
<block><region><rect/></region>
<text>
<par>
<line>m</line></par>
</text>
</block>
<block><region><rect/></region>
<text>
<par>
<line>Ml</line></par>
</text>
</block>
<block><region><rect/></region>
<text>
<par/>
</text>
</block>
<block><region><rect/></region>
<text>
<par>
<line>’ P» t</line></par>
</text>
</block>
<block><region><rect/></region>
<text>
<par>
<line>Illustration « de principe » de l'OAP de Feulatière</line></par>
</text>
</block>
<block><region><rect/></region>
<text>
<par>
<line>épode</line></par>
<par>
<line>B études • ntaîlnse d'o^tKi^</line></par>
</text>
</block>
<block><region><rect/></region>
<text>
<par>
<line>NORAZ</line></par>
<par>
<line>ARCHITECTE</line></par>
</text>
</block>
<block><region><rect/></region>
<text>
<par>
<line>AVOCAT CONSEIL</line></par>
<par>
<line>PHILIPPE</line></par>
</text>
</block>
<block><region><rect/></region>
<text>
<par>
<line>5</line></par>
</text>
<text>
<par>
<line>14003-OAP - Approbation</line></par>
</text>
</block>

















</page>
<page width="3508" height="2479" resolution="300">
<block><region><rect/></region>
<text>
<par>
<line>Orientations d'Aménagement et de Programmation</line></par>
</text>
</block>
<block><region><rect/></region>
<text>
<par>
<line>III. OAP n°2 - SALVAGNY</line></par>
</text>
</block>
<block><region><rect/></region>
<text>
<par>
<line>4AP n'ii FEULATIERE</line></par>
</text>
</block>
<block><region><rect/></region>
<text>
<par>
<line>fiAPn lISALl &gt;CNY</line></par>
</text>
</block>
<block><region><rect/></region>
<text>
<par>
<line>' .</line></par>
<par>
<line>f? * ^</line></par>
</text>
</block>
<block><region><rect/></region>
<text>
<par>
<line>i</line></par>
</text>
</block>
<block><region><rect/></region>
<text>
<par/>
</text>
</block>
<block><region><rect/></region>
<text>
<par>
<line>'P¬</line>
<line>" ^ I* *,■</line></par>
</text>
</block>
<block><region><rect/></region>
<text>
<par>
<line>LEGENDE DE 'OAP</line></par>
</text>
</block>
<block><region><rect/></region>
<text>
<par>
<line>CHRONOLOGIE de principe de développement du projet</line></par>
</text>
</block>
<block><region><rect/></region>
<text>
<par>
<line>Chronologie/Phosage</line></par>
</text>
</block>
<block><region><rect/></region>
<text>
<par>
<line>de principe</line></par>
</text>
</block>
<block><region><rect/></region>
<text>
<par>
<line>voirie a créer</line></par>
</text>
</block>
<block><region><rect/></region>
<text>
<par>
<line>Front bâti</line></par>
</text>
</block>
<block><region><rect/></region>
<text>
<par>
<line>Liaisons «douces »</line></par>
</text>
</block>
<block><region><rect/></region>
<text>
<par>
<line>ski/piéton. Percées</line></par>
</text>
</block>
<block><region><rect/></region>
<text>
<par>
<line>vlùlOllAft</line></par>
</text>
</block>
<block><region><rect/></region>
<text>
<par>
<line>Desserte de</line>
<line>liaison automobile</line></par>
</text>
</block>
<block><region><rect/><rect/><rect/></region>
<text>
<par>
<line>Espace de</line>
<line>stotionnement</line>
<line>paysager</line></par>
</text>
</block>
<block><region><rect/></region>
<text>
<par>
<line>OAP n° Il SALVAGNY</line></par>
</text>
</block>
<block><region><rect/><rect/></region>
<text>
<par>
<line>Pôle</line></par>
<par>
<line>Touristique</line>
<line>existant</line></par>
</text>
</block>
<block><region><rect/></region>
<text>
<par>
<line>DOMAINE SKIABLE</line></par>
</text>
</block>
<block><region><rect/></region>
<text>
<par>
<line>ni.</line></par>
</text>
</block>
<block><region><rect/></region>
<text>
<par/>
</text>
</block>
<block><region><rect/></region>
<text>
<par>
<line>nui</line></par>
</text>
</block>
<block><region><rect/></region>
<text>
<par>
<line>yÿr.</line></par>
</text>
</block>
<block><region><rect/></region>
<text>
<par>
<line>^ J,</line></par>
</text>
</block>
<block><region><rect/></region>
<text>
<par/>
</text>
</block>
<block><region><rect/></region>
<text>
<par>
<line>• ♦</line></par>
</text>
</block>
<block><region><rect/></region>
<text>
<par>
<line>♦</line></par>
</text>
</block>
<block><region><rect/></region>
<text>
<par/>
</text>
</block>
<block><region><rect/></region>
<text>
<par>
<line>Greffe sur</line></par>
</text>
</block>
<block><region><rect/></region>
<text>
<par>
<line>i’existant</line></par>
</text>
</block>
<block><region><rect/></region>
<text>
<par>
<line>Voirie Existante</line></par>
</text>
</block>
<block><region><rect/><rect/></region>
<text>
<par>
<line>t?</line></par>
</text>
</block>
<block><region><rect/></region>
<text>
<par>
<line>Desserte de SALVAGNY : les voiries sont limitées puisque celle existante dite Route</line>
<line>des Fonds à Salvagny arrive déjà au cœur du projet. Un prolongement de celle-ci</line>
<line>(largeu r 5 mètres) jusqu'à l'amont du réservoir déjà accessible par un chemin, sur</line>
<line>300 mètres permet de desservir avec deux virages la totalité des hébergements et</line>
<line>de granges à voitures.</line></par>
<par>
<line>Insertion dans le paysage : sur le secteur de Salvagny, la coupe des arbres qui n'ont</line>
<line>pas de valeur forestière mais résultent d'une colonisation par ces espèces sur des</line>
<line>friches communales non entretenues au fil des temps, permet d'aérer le site. Il</line>
<line>s'agit de recoudre le paysage sur ce lieu en composant une extension du village avec</line>
<line>alternance des prés, des bosquets et reconquête globale.</line></par>
<par>
<line>Préservation des accès agricoles : Deux accès agricoles aux parcelles stratégiques</line>
<line>devron t obligatoirement être conservés au Nord du secteur et à l'Ouest en direction</line>
<line>du domaine skiable. Ces accès pourront être mutualisés avec la desserte des</line>
<line>constructions du secteurs.</line></par>
</text>
</block>
<block><region><rect/></region>
<text>
<par>
<line>NORAZ AVOCAT CONSEIL</line></par>
<par>
<line>ARCHITECTE PHILIPPE</line></par>
</text>
</block>
<block><region><rect/></region>
<text>
<par>
<line>6</line></par>
</text>
<text>
<par>
<line>14003-OAP - Approbation</line></par>
</text>
</block>

















<block blockType="Picture" blockName="" l="1010" t="422" r="1679" b="968"><region><rect/></region>
</block>
</page>
<page width="3508" height="2479" resolution="300">
<block><region><rect/></region>
<text>
<par>
<line>Orientations d'Aménagement et de Programmation</line></par>
</text>
</block>
<block blockType="Table" blockName="" l="443" t="294" r="1365" b="2092"><region><rect/></region>
<row>
<cell width="556" height="90">
<text>
<par>
<line>PROGRAMMATION</line></par>
<par>
<line>ESTIMEE</line></par>
</text></cell>
<cell width="366" height="90">
<text>
<par>
<line>Salvagny</line></par>
</text></cell></row>
<row>
<cell width="556" height="131">
<text>
<par>
<line>Pendage moyen</line></par>
</text></cell>
<cell width="366" height="131">
<text>
<par>
<line>15 %</line></par>
</text></cell></row>
<row>
<cell width="556" height="132">
<text>
<par>
<line>Emprise foncière</line></par>
</text></cell>
<cell width="366" height="132">
<text>
<par>
<line>5 hectares</line></par>
</text></cell></row>
<row>
<cell width="556" height="131">
<text>
<par>
<line>Foncier construit-pochage</line></par>
</text></cell>
<cell width="366" height="131">
<text>
<par>
<line>25.000 m"</line></par>
</text></cell></row>
<row>
<cell width="556" height="132">
<text>
<par>
<line>Propriété communale</line></par>
</text></cell>
<cell width="366" height="132">
<text>
<par>
<line>70 %</line></par>
</text></cell></row>
<row>
<cell width="556" height="131">
<text>
<par>
<line>M^ SDP para-hôteliers</line></par>
</text></cell>
<cell width="366" height="131">
<text>
<par>
<line>13.000 m"</line></par>
</text></cell></row>
<row>
<cell width="556" height="174">
<text>
<par>
<line>Equivalents lits</line>
<line>(moyenne 12 m^ par lit)</line></par>
</text></cell>
<cell width="366" height="174">
<text>
<par>
<line>Environ 1100 lits</line></par>
</text></cell></row>
<row>
<cell width="556" height="175">
<text>
<par>
<line>Moyenne m^ SDP par unité-</line>
<line>chalet</line></par>
</text></cell>
<cell width="366" height="175">
<text>
<par>
<line>450 m" pondérés</line></par>
</text></cell></row>
<row>
<cell width="556" height="131">
<text>
<par>
<line>Nombre d'unités-chalets</line></par>
</text></cell>
<cell width="366" height="131">
<text>
<par>
<line>Environ 30</line></par>
</text></cell></row>
<row>
<cell width="556" height="132">
<text>
<par>
<line>Granges à voitures</line></par>
</text></cell>
<cell width="366" height="132">
<text>
<par>
<line>Env. 25VL/grange</line></par>
</text></cell></row>
<row>
<cell width="556" height="131">
<text>
<par>
<line>Nombre de granges/P</line></par>
</text></cell>
<cell width="366" height="131">
<text>
<par>
<line>8 granges/200 P</line></par>
</text></cell></row>
<row>
<cell width="556" height="175">
<text>
<par>
<line>Equipements - Service</line></par>
<par>
<line>animation</line></par>
</text></cell>
<cell width="366" height="175">
<text>
<par>
<line>Répartis dans 30</line>
<line>unités</line></par>
</text></cell></row>
<row>
<cell width="556" height="133">
<text>
<par>
<line>Logements du personnel</line>
<line>(hors propriétaire-hôtelier)</line></par>
</text></cell>
<cell width="366" height="133">
<text>
<par>
<line>25 répartis</line></par>
</text></cell></row>
</block>
<block><region><rect/></region>
<text>
<par/>
</text>
</block>
<block><region><rect/></region>
<text>
<par/>
</text>
</block>
<block><region><rect/></region>
<text>
<par>
<line>i4 '&gt;4rV' A i M</line></par>
<par>
<line>4 4 ii</line></par>
</text>
</block>
<block><region><rect/></region>
<text>
<par/>
</text>
</block>
<block><region><rect/></region>
<text>
<par/>
</text>
</block>
<block><region><rect/></region>
<text>
<par>
<line>*4</line></par>
</text>
</block>
<block><region><rect/></region>
<text>
<par>
<line>(A</line></par>
</text>
</block>
<block><region><rect/></region>
<text>
<par>
<line>il</line></par>
</text>
</block>
<block><region><rect/></region>
<text>
<par/>
</text>
</block>
<block><region><rect/></region>
<text>
<par>
<line>^ I</line></par>
</text>
</block>
<block><region><rect/></region>
<text>
<par>
<line>Illustration « de principe » de l'OAP de Salvagny.</line></par>
</text>
</block>
<block><region><rect/></region>
<text>
<par>
<line>épode</line></par>
<par>
<line>B études • ntaîlnse d'o^tKi^</line></par>
</text>
</block>
<block><region><rect/></region>
<text>
<par>
<line>NORAZ</line></par>
<par>
<line>ARCHITECTE</line></par>
</text>
</block>
<block><region><rect/></region>
<text>
<par>
<line>AVOCAT CONSEIL</line></par>
<par>
<line>PHILIPPE</line></par>
</text>
</block>
<block><region><rect/></region>
<text>
<par>
<line>7</line></par>
</text>
<text>
<par>
<line>14003-OAP - Approbation</line></par>
</text>
</block>


















</page>
<page width="3508" height="2479" resolution="300">
<block><region><rect/></region>
<text>
<par>
<line>Orientations d'Aménagement et de Programmation</line></par>
</text>
</block>
<block><region><rect/></region>
<text>
<par>
<line>Annexes illustratives1 aux OAP n°1 et n°2 :</line></par>
</text>
</block>
<block><region><rect/></region>
<text>
<par>
<line>AUTOUR DES ANCIENS HAMEAUX</line>
<line>LE PROJET SE DÉVELOPPE</line>
<line>EN TOTAL RESPECT AVEC LA TRADITION</line>
<line>ET AVEC « L'IMAGE DE LA MONTAGNE ».</line></par>
</text>
</block>
<block><region><rect/></region>
<text>
<par>
<line>âf</line></par>
</text>
</block>
<block><region><rect/></region>
<text>
<par/>
</text>
</block>
<block><region><rect/></region>
<text>
<par/>
</text>
</block>
<block><region><rect/></region>
<text>
<par>
<line>Mit,</line></par>
</text>
</block>
<block><region><rect/></region>
<text>
<par>
<line>ir</line></par>
</text>
</block>
<block><region><rect/></region>
<text>
<par/>
</text>
</block>
<block><region><rect/></region>
<text>
<par>
<line>Seuls vis-à-vis : le grand paysage,</line>
<line>la nature, les montagnes...</line></par>
</text>
</block>
<block><region><rect/></region>
<text>
<par/>
</text>
</block>
<block><region><rect/></region>
<text>
<par/>
</text>
</block>
<block><region><rect/><rect/></region>
<text>
<par/>
</text>
</block>
<block><region><rect/></region>
<text>
<par/>
</text>
</block>
<block><region><rect/></region>
<text>
<par/>
</text>
</block>
<block><region><rect/></region>
<text>
<par/>
</text>
</block>
<block><region><rect/></region>
<text>
<par/>
</text>
</block>
<block><region><rect/></region>
<text>
<par/>
</text>
</block>
<block><region><rect/></region>
<text>
<par/>
</text>
</block>
<block><region><rect/></region>
<text>
<par>
<line>1 Illustrations de principes</line></par>
</text>
</block>
<block><region><rect/><rect/><rect/><rect/></region>
<text>
<par>
<line>Cl</line></par>
</text>
</block>
<block><region><rect/></region>
<text>
<par>
<line>ri</line></par>
</text>
</block>
<block><region><rect/></region>
<text>
<par>
<line>IP</line></par>
</text>
</block>
<block><region><rect/></region>
<text>
<par>
<line>UNE ARCHITECTURE FORTEMENT IDENTITAIRE ICI ET NULLE PART AILLEURS</line></par>
</text>
</block>
<block><region><rect/></region>
<text>
<par>
<line>Liaison entre chalets</line></par>
</text>
</block>
<block><region><rect/></region>
<text>
<par/>
</text>
</block>
<block><region><rect/></region>
<text>
<par>
<line>Toitures pentes</line></par>
</text>
</block>
<block><region><rect/></region>
<text>
<par>
<line>%</line></par>
</text>
</block>
<block><region><rect/></region>
<text>
<par>
<line>environ 40%</line></par>
</text>
</block>
<block><region><rect/></region>
<text>
<par>
<line>Ardoises ou tôle</line></par>
</text>
</block>
<block><region><rect/></region>
<text>
<par>
<line>brunie</line></par>
</text>
</block>
<block><region><rect/></region>
<text>
<par>
<line>Energie bois</line></par>
</text>
</block>
<block><region><rect/></region>
<text>
<par>
<line>II</line></par>
</text>
</block>
<block><region><rect/></region>
<text>
<par>
<line>Cheminée bols</line></par>
</text>
</block>
<block><region><rect/></region>
<text>
<par>
<line>Très transparent</line></par>
</text>
</block>
<block><region><rect/></region>
<text>
<par/>
</text>
</block>
<block><region><rect/></region>
<text>
<par>
<line>Très panofami</line></par>
</text>
</block>
<block><region><rect/></region>
<text>
<par>
<line>St ru</line></par>
</text>
</block>
<block><region><rect/></region>
<text>
<par>
<line>Logement du personnel au celme^’</line></par>
</text>
</block>
<block><region><rect/></region>
<text>
<par>
<line>combles</line></par>
</text>
</block>
<block><region><rect/></region>
<text>
<par>
<line>Socle</line></par>
</text>
</block>
<block><region><rect/></region>
<text>
<par>
<line>la piarra</line></par>
</text>
</block>
<block><region><rect/></region>
<text>
<par>
<line>Emprise 15-12m x lZ-17m</line></par>
</text>
</block>
<block><region><rect/></region>
<text>
<par>
<line>Des garages 24-36 places, en</line></par>
</text>
</block>
<block><region><rect/></region>
<text>
<par>
<line>Hauteurs 12-14m fattière</line></par>
</text>
</block>
<block><region><rect/></region>
<text>
<par>
<line>Eléments relies per des R e R+l</line></par>
</text>
</block>
<block><region><rect/></region>
<text>
<par>
<line>« granges e voitures »</line></par>
</text>
</block>
<block><region><rect/></region>
<text>
<par>
<line>18-lOm sa</line></par>
</text>
</block>
<block><region><rect/></region>
<text>
<par>
<line>intégrés dans la pente</line></par>
</text>
</block>
<block><region><rect/></region>
<text>
<par>
<line>R+z+C OU grand R</line></par>
</text>
</block>
<block><region><rect/></region>
<text>
<par/>
</text>
</block>
<block><region><rect/></region>
<text>
<par/>
</text>
</block>
<block><region><rect/></region>
<text>
<par>
<line>—1</line></par>
</text>
</block>
<block><region><rect/></region>
<text>
<par/>
</text>
</block>
<block><region><rect/></region>
<text>
<par>
<line>AS</line></par>
</text>
</block>
<block><region><rect/></region>
<text>
<par>
<line>A</line></par>
</text>
</block>
<block><region><rect/></region>
<text>
<par/>
</text>
</block>
<block><region><rect/></region>
<text>
<par/>
</text>
</block>
<block><region><rect/></region>
<text>
<par>
<line>m</line></par>
</text>
</block>
<block><region><rect/></region>
<text>
<par>
<line>mm</line></par>
</text>
</block>
<block><region><rect/></region>
<text>
<par/>
</text>
</block>
<block><region><rect/></region>
<text>
<par>
<line>LE VIEUX</line></par>
</text>
</block>
<block><region><rect/></region>
<text>
<par>
<line>VILLAGE</line></par>
</text>
</block>
<block><region><rect/></region>
<text>
<par>
<line>OURG</line></par>
</text>
</block>
<block><region><rect/></region>
<text>
<par>
<line>ACTUEL</line></par>
</text>
</block>
<block><region><rect/></region>
<text>
<par>
<line>&gt;E SXT</line></par>
</text>
</block>
<block><region><rect/></region>
<text>
<par>
<line>TELECABINE GRAND MASSIF</line></par>
</text>
</block>
<block><region><rect/></region>
<text>
<par>
<line>e</line></par>
</text>
</block>
<block><region><rect/></region>
<text>
<par>
<line>NORAZ AVOCAT CONSEIL</line></par>
<par>
<line>ARCHITECTE PHILIPPE</line></par>
</text>
</block>
<block><region><rect/></region>
<text>
<par>
<line>8</line></par>
</text>
<text>
<par>
<line>14003-OAP - Approbation</line></par>
</text>
</block>














</page>
<page width="3508" height="2479" resolution="300">
<block><region><rect/></region>
<text>
<par>
<line>Orientations d'Aménagement et de Programmation</line></par>
</text>
</block>
<block><region><rect/></region>
<text>
<par>
<line>IV. OAP n°3 - LE FAY</line></par>
</text>
</block>
<block><region><rect/></region>
<text>
<par>
<line>if</line></par>
</text>
</block>
<block><region><rect/></region>
<text>
<par/>
</text>
</block>
<block><region><rect/></region>
<text>
<par>
<line>SECTEUR 1 AU</line></par>
</text>
</block>
<block><region><rect/></region>
<text>
<par/>
</text>
</block>
<block><region><rect/></region>
<text>
<par/>
</text>
</block>
<block><region><rect/></region>
<text>
<par/>
</text>
</block>
<block><region><rect/></region>
<text>
<par/>
</text>
</block>
<block><region><rect/></region>
<text>
<par/>
</text>
</block>
<block><region><rect/></region>
<text>
<par>
<line>'JJ</line></par>
</text>
</block>
<block><region><rect/></region>
<text>
<par/>
</text>
</block>
<block><region><rect/></region>
<text>
<par>
<line>&lt;4</line></par>
</text>
</block>
<block><region><rect/></region>
<text>
<par/>
</text>
</block>
<block><region><rect/></region>
<text>
<par/>
</text>
</block>
<block><region><rect/></region>
<text>
<par/>
</text>
</block>
<block><region><rect/></region>
<text>
<par>
<line>/ 0</line></par>
</text>
</block>
<block><region><rect/></region>
<text>
<par>
<line>J</line></par>
</text>
</block>
<block><region><rect/></region>
<text>
<par/>
</text>
</block>
<block><region><rect/></region>
<text>
<par>
<line>~7</line></par>
</text>
</block>
<block><region><rect/></region>
<text>
<par>
<line>t</line></par>
</text>
</block>
<block><region><rect/></region>
<text>
<par/>
</text>
</block>
<block><region><rect/></region>
<text>
<par>
<line>-il</line></par>
</text>
</block>
<block><region><rect/></region>
<text>
<par/>
</text>
</block>
<block><region><rect/></region>
<text>
<par/>
</text>
</block>
<block><region><rect/></region>
<text>
<par>
<line>9</line></par>
</text>
</block>
<block><region><rect/></region>
<text>
<par>
<line>J&gt;</line></par>
</text>
</block>
<block><region><rect/></region>
<text>
<par>
<line>J</line></par>
</text>
</block>
<block><region><rect/></region>
<text>
<par/>
</text>
</block>
<block><region><rect/></region>
<text>
<par/>
</text>
</block>
<block><region><rect/></region>
<text>
<par>
<line>J</line></par>
</text>
</block>
<block><region><rect/></region>
<text>
<par>
<line>J</line></par>
</text>
</block>
<block><region><rect/></region>
<text>
<par>
<line>J</line></par>
</text>
</block>
<block><region><rect/></region>
<text>
<par>
<line>J-</line></par>
</text>
</block>
<block><region><rect/></region>
<text>
<par>
<line>jr</line></par>
</text>
</block>
<block><region><rect/></region>
<text>
<par/>
</text>
</block>
<block><region><rect/></region>
<text>
<par/>
</text>
</block>
<block><region><rect/></region>
<text>
<par>
<line>5®</line></par>
</text>
</block>
<block><region><rect/><rect/></region>
<text>
<par>
<line>••• Axes des faitières</line></par>
<par>
<line>^ Implantation du bâti avec vues</line>
<line>* ^ décalées - interstices</line></par>
</text>
</block>
<block><region><rect/></region>
<text>
<par>
<line>Poumons verts (pelouse...</line>
<line>de transitions latérales</line></par>
<par>
<line>Accès</line></par>
</text>
</block>
<block><region><rect/></region>
<text>
<par>
<line>Plan de composition - OAP n°3, Le Fay</line></par>
</text>
</block>
<block><region><rect/></region>
<text>
<par>
<line>épode</line></par>
<par>
<line>B études • ntaîlnse d'o^tKi^</line></par>
</text>
</block>
<block><region><rect/></region>
<text>
<par>
<line>NORAZ</line></par>
<par>
<line>ARCHITECTE</line></par>
</text>
</block>
<block><region><rect/></region>
<text>
<par>
<line>AVOCAT CONSEIL</line></par>
<par>
<line>PHILIPPE</line></par>
</text>
</block>
<block><region><rect/></region>
<text>
<par>
<line>9</line></par>
</text>
<text>
<par>
<line>14003-OAP - Approbation</line></par>
</text>
</block>














<block blockType="Picture" blockName="" l="290" t="1886" r="2272" b="1981"><region><rect/></region>
</block>
</page>
<page width="3508" height="2479" resolution="300">
<block><region><rect/></region>
<text>
<par>
<line>Orientations d'Aménagement et de Programmation</line></par>
</text>
</block>
<block><region><rect/></region>
<text>
<par/>
</text>
</block>
<block><region><rect/></region>
<text>
<par/>
</text>
</block>
<block><region><rect/></region>
<text>
<par/>
</text>
</block>
<block><region><rect/></region>
<text>
<par>
<line>O</line></par>
</text>
</block>
<block><region><rect/></region>
<text>
<par>
<line>R</line></par>
</text>
</block>
<block><region><rect/></region>
<text>
<par>
<line>O</line></par>
</text>
</block>
<block><region><rect/></region>
<text>
<par>
<line>a</line></par>
</text>
</block>
<block><region><rect/></region>
<text>
<par/>
</text>
</block>
<block><region><rect/></region>
<text>
<par>
<line>n</line></par>
</text>
</block>
<block><region><rect/></region>
<text>
<par>
<line>U</line></par>
</text>
</block>
<block><region><rect/></region>
<text>
<par>
<line>C</line></par>
</text>
</block>
<block><region><rect/></region>
<text>
<par>
<line>A</line></par>
</text>
</block>
<block><region><rect/></region>
<text>
<par>
<line>O</line></par>
</text>
</block>
<block><region><rect/></region>
<text>
<par/>
</text>
</block>
<block><region><rect/></region>
<text>
<par>
<line>e</line></par>
</text>
</block>
<block><region><rect/></region>
<text>
<par>
<line>K</line></par>
</text>
</block>
<block><region><rect/></region>
<text>
<par>
<line>îfl</line></par>
</text>
</block>
<block><region><rect/></region>
<text>
<par>
<line>Cr</line></par>
</text>
</block>
<block><region><rect/></region>
<text>
<par>
<line>Oa</line></par>
</text>
</block>
<block><region><rect/></region>
<text>
<par>
<line>âf</line></par>
</text>
</block>
<block><region><rect/></region>
<text>
<par>
<line>/7</line></par>
</text>
</block>
<block><region><rect/></region>
<text>
<par>
<line>D</line></par>
</text>
</block>
<block><region><rect/></region>
<text>
<par/>
</text>
</block>
<block><region><rect/></region>
<text>
<par>
<line>ru</line></par>
</text>
</block>
<block><region><rect/></region>
<text>
<par>
<line>L'orientation d'aménagement et de programmation n°3 concerne un site stratégique déjà</line>
<line>partiellement urbanisé. (Bâtiments en blanc sur le site).</line></par>
<par>
<line>Le bâti devra respecter une implantation harmonieuse dans la pente en minimisant les</line>
<line>mouvements de terres. Par ailleurs les bâtiments devront respecter une alternance afin de</line>
<line>respecter des vues sur le grand paysage.</line></par>
<par>
<line>Programme : 8 chalets / « bâtiments de gabarit similaires aux fermes et habitats traditionnels » pouvant se</line>
<line>subdiviser en plusieurs logements.</line></par>
</text>
</block>
<block><region><rect/></region>
<text>
<par>
<line>Accès :</line></par>
<par>
<line>Les accès routiers sont schématisés comme des principes</line>
<line>devant être respectés, cependant pour des raisons de</line>
<line>contraintes techniques ou topographiques ils pourront être</line>
<line>réajustés / réadaptés en fonction de l'aménagement du</line>
<line>secteur. Un accès devra être prévu depuis la côte du Fay au</line>
<line>Sud de la zone et un accès depuis la route entre Hauterive et</line>
<line>le Fay à l'Ouest du secteur.</line></par>
<par>
<line>Par ailleurs, un accès agricole aux parcelles stratégiques</line>
<line>devra obligatoirement être conservé. Cet accès pourra être</line>
<line>mutualisé avec la desserte des constructions du secteur.</line></par>
<par>
<line>Les constructions existantes pourront faire l'objet</line>
<line>d'extension dans le respect du règlement du PLU.</line></par>
</text>
</block>
<block><region><rect/></region>
<text>
<par>
<line>épode</line></par>
<par>
<line>B études • rrtaîinse d'oeu^ie</line></par>
</text>
</block>
<block><region><rect/></region>
<text>
<par>
<line>NORAZ</line></par>
<par>
<line>ARCHITECTE</line></par>
</text>
</block>
<block><region><rect/></region>
<text>
<par>
<line>AVOCAT CONSEIL</line></par>
<par>
<line>PHILIPPE</line></par>
</text>
</block>
<block><region><rect/></region>
<text>
<par>
<line>10</line></par>
<par>
<line>14003-OAP - Approbation</line></par>
</text>
</block>
























</page>
<page width="3508" height="2479" resolution="300">
<block><region><rect/></region>
<text>
<par>
<line>Orientations d'Aménagement et de Programmation</line></par>
</text>
</block>
<block><region><rect/></region>
<text>
<par>
<line>V. OAP n°4 - HAUTERIVE</line></par>
</text>
</block>
<block><region><rect/></region>
<text>
<par>
<line>é</line></par>
</text>
</block>
<block><region><rect/></region>
<text>
<par>
<line>SECTEUR 1 AU</line></par>
</text>
</block>
<block><region><rect/></region>
<text>
<par>
<line>A</line></par>
</text>
</block>
<block><region><rect/></region>
<text>
<par/>
</text>
</block>
<block><region><rect/></region>
<text>
<par>
<line>A</line></par>
</text>
</block>
<block><region><rect/></region>
<text>
<par>
<line>N y</line></par>
</text>
</block>
<block><region><rect/></region>
<text>
<par/>
</text>
</block>
<block><region><rect/></region>
<text>
<par>
<line>é</line></par>
</text>
</block>
<block><region><rect/></region>
<text>
<par/>
</text>
</block>
<block><region><rect/></region>
<text>
<par>
<line>è</line></par>
</text>
</block>
<block><region><rect/></region>
<text>
<par>
<line>4!</line></par>
</text>
</block>
<block><region><rect/></region>
<text>
<par>
<line>\ /</line></par>
</text>
</block>
<block><region><rect/></region>
<text>
<par/>
</text>
</block>
<block><region><rect/></region>
<text>
<par/>
</text>
</block>
<block><region><rect/></region>
<text>
<par>
<line>J</line></par>
</text>
</block>
<block><region><rect/></region>
<text>
<par>
<line>i</line></par>
</text>
</block>
<block><region><rect/></region>
<text>
<par>
<line>é</line></par>
</text>
</block>
<block><region><rect/></region>
<text>
<par/>
</text>
</block>
<block><region><rect/></region>
<text>
<par>
<line>J</line></par>
</text>
</block>
<block><region><rect/></region>
<text>
<par/>
</text>
</block>
<block><region><rect/></region>
<text>
<par>
<line>scrmi</line></par>
</text>
</block>
<block><region><rect/></region>
<text>
<par>
<line>N#</line></par>
</text>
</block>
<block><region><rect/></region>
<text>
<par>
<line>Alignement du bâti avec vues</line>
<line>décalées</line></par>
</text>
</block>
<block><region><rect/></region>
<text>
<par>
<line>Principe de traitement paysager</line>
<line>à mettreen place</line></par>
</text>
</block>
<block><region><rect/></region>
<text>
<par>
<line>^ J Accès routier. Maintien de</line>
<line>l'accès agricole à organiser.</line></par>
</text>
</block>
<block><region><rect/></region>
<text>
<par>
<line>Plan de composition - OAP n°4, Hauterive</line></par>
</text>
</block>
<block><region><rect/></region>
<text>
<par>
<line>L'orientation d'aménagement et de programmation a pour objectif de définir</line>
<line>un accès commun permettant de desservir trois ou quatre constructions</line>
<line>situées de part et d'autre de future voie. La morphologie urbaine projetée doit</line>
<line>rappeler le tissu urbain limitrophe, ainsi les futures constructions devront</line>
<line>respecter un gabarit similaire aux constructions environnantes. Un décalage</line>
<line>entre les bâtis doit être prévue afin de permettre le dégagement de vue. Des</line>
<line>poumons verts, espaces de respiration végétaux devront être prévues en</line>
<line>négatif de la composition urbaine.</line></par>
<par>
<line>Programme : 3 à 4 chalets / « bâtiments de gabarit similaires aux fermes et habitats</line>
<line>traditionnels » pouvant se subdiviser en plusieurs logements.</line></par>
</text>
</block>
<block><region><rect/></region>
<text>
<par>
<line>&lt;&gt;</line></par>
</text>
</block>
<block><region><rect/></region>
<text>
<par>
<line>O.</line></par>
</text>
</block>
<block><region><rect/></region>
<text>
<par/>
</text>
</block>
<block><region><rect/></region>
<text>
<par>
<line>if-</line></par>
</text>
</block>
<block><region><rect/></region>
<text>
<par>
<line>O</line></par>
</text>
</block>
<block><region><rect/></region>
<text>
<par/>
</text>
</block>
<block><region><rect/></region>
<text>
<par>
<line>O</line></par>
</text>
</block>
<block><region><rect/></region>
<text>
<par/>
</text>
</block>
<block><region><rect/></region>
<text>
<par>
<line>CP</line></par>
</text>
</block>
<block><region><rect/></region>
<text>
<par/>
</text>
</block>
<block><region><rect/></region>
<text>
<par/>
</text>
</block>
<block><region><rect/></region>
<text>
<par/>
</text>
</block>
<block><region><rect/></region>
<text>
<par/>
</text>
</block>
<block><region><rect/></region>
<text>
<par>
<line>épode</line></par>
<par>
<line>B études • ntatinse</line></par>
</text>
</block>
<block><region><rect/></region>
<text>
<par>
<line>NORAZ</line></par>
<par>
<line>ARCHITECTE</line></par>
</text>
</block>
<block><region><rect/></region>
<text>
<par>
<line>AVOCAT CONSEIL</line></par>
<par>
<line>PHILIPPE</line></par>
</text>
</block>
<block><region><rect/></region>
<text>
<par>
<line>11</line></par>
<par>
<line>14003-OAP - Approbation</line></par>
</text>
</block>























<block blockType="Picture" blockName="" l="2417" t="1644" r="2500" b="1690"><region><rect/></region>
</block>
</page>
<page width="3508" height="2479" resolution="300">
<block><region><rect/></region>
<text>
<par>
<line>Orientations d'Aménagement et de Programmation</line></par>
</text>
</block>
<block><region><rect/></region>
<text>
<par>
<line>VI. OAP n°5 - Vers un renouvellement</line>
<line>qualitatif au CHEF-LIEU</line></par>
</text>
</block>
<block><region><rect/></region>
<text>
<par/>
</text>
</block>
<block><region><rect/></region>
<text>
<par>
<line>V-</line></par>
</text>
</block>
<block><region><rect/></region>
<text>
<par/>
</text>
</block>
<block><region><rect/></region>
<text>
<par/>
</text>
</block>
<block><region><rect/></region>
<text>
<par>
<line>Abbaye</line></par>
</text>
</block>
<block><region><rect/></region>
<text>
<par>
<line>L ... I- .S'-</line></par>
</text>
</block>
<block><region><rect/></region>
<text>
<par>
<line>^ I</line></par>
</text>
</block>
<block><region><rect/></region>
<text>
<par>
<line>w</line></par>
</text>
</block>
<block><region><rect/></region>
<text>
<par/>
</text>
</block>
<block><region><rect/></region>
<text>
<par>
<line>Place</line></par>
</text>
</block>
<block><region><rect/></region>
<text>
<par/>
</text>
</block>
<block><region><rect/></region>
<text>
<par>
<line>du Tilleul</line></par>
</text>
</block>
<block><region><rect/></region>
<text>
<par/>
</text>
</block>
<block><region><rect/></region>
<text>
<par/>
</text>
</block>
<block><region><rect/></region>
<text>
<par/>
</text>
</block>
<block><region><rect/></region>
<text>
<par/>
</text>
</block>
<block><region><rect/></region>
<text>
<par>
<line>H.</line></par>
</text>
</block>
<block><region><rect/></region>
<text>
<par>
<line>(L</line></par>
</text>
</block>
<block><region><rect/></region>
<text>
<par/>
</text>
</block>
<block><region><rect/></region>
<text>
<par>
<line>L U</line></par>
</text>
</block>
<block><region><rect/></region>
<text>
<par/>
</text>
</block>
<block><region><rect/></region>
<text>
<par/>
</text>
</block>
<block><region><rect/></region>
<text>
<par/>
</text>
</block>
<block><region><rect/></region>
<text>
<par>
<line>V</line></par>
</text>
</block>
<block><region><rect/></region>
<text>
<par>
<line>V</line></par>
</text>
</block>
<block><region><rect/></region>
<text>
<par>
<line>% C'</line></par>
</text>
</block>
<block><region><rect/></region>
<text>
<par>
<line>L</line></par>
</text>
</block>
<block><region><rect/></region>
<text>
<par>
<line>S</line></par>
</text>
</block>
<block><region><rect/></region>
<text>
<par>
<line>e</line></par>
</text>
</block>
<block><region><rect/></region>
<text>
<par>
<line>Câc</line></par>
</text>
</block>
<block><region><rect/></region>
<text>
<par/>
</text>
</block>
<block><region><rect/></region>
<text>
<par/>
</text>
</block>
<block><region><rect/></region>
<text>
<par>
<line>a</line></par>
</text>
</block>
<block><region><rect/></region>
<text>
<par/>
</text>
</block>
<block><region><rect/></region>
<text>
<par/>
</text>
</block>
<block><region><rect/></region>
<text>
<par/>
</text>
</block>
<block><region><rect/></region>
<text>
<par>
<line>V</line></par>
</text>
</block>
<block><region><rect/></region>
<text>
<par>
<line>s_</line></par>
</text>
</block>
<block><region><rect/></region>
<text>
<par>
<line>VUE VERS LE</line>
<line>TENNEVERGE</line></par>
</text>
</block>
<block><region><rect/></region>
<text>
<par>
<line>L.</line></par>
</text>
</block>
<block><region><rect/></region>
<text>
<par/>
</text>
</block>
<block><region><rect/></region>
<text>
<par>
<line>!U</line></par>
</text>
</block>
<block><region><rect/></region>
<text>
<par/>
</text>
</block>
<block><region><rect/></region>
<text>
<par/>
</text>
</block>
<block><region><rect/></region>
<text>
<par/>
</text>
</block>
<block><region><rect/></region>
<text>
<par/>
</text>
</block>
<block><region><rect/></region>
<text>
<par>
<line>5-</line></par>
</text>
</block>
<block><region><rect/></region>
<text>
<par>
<line>iV^</line></par>
</text>
</block>
<block><region><rect/></region>
<text>
<par>
<line>U</line></par>
</text>
</block>
<block><region><rect/></region>
<text>
<par>
<line>«i</line></par>
</text>
</block>
<block><region><rect/></region>
<text>
<par>
<line>U'</line></par>
</text>
</block>
<block><region><rect/></region>
<text>
<par/>
</text>
</block>
<block><region><rect/></region>
<text>
<par>
<line>ik</line></par>
</text>
</block>
<block><region><rect/></region>
<text>
<par>
<line>Salle des</line></par>
</text>
</block>
<block><region><rect/></region>
<text>
<par>
<line>Fetes</line></par>
</text>
</block>
<block><region><rect/></region>
<text>
<par/>
</text>
</block>
<block><region><rect/></region>
<text>
<par/>
</text>
</block>
<block><region><rect/></region>
<text>
<par>
<line>SECTEUR U</line></par>
</text>
</block>
<block><region><rect/></region>
<text>
<par/>
</text>
</block>
<block><region><rect/></region>
<text>
<par>
<line>V</line></par>
</text>
</block>
<block><region><rect/></region>
<text>
<par/>
</text>
</block>
<block><region><rect/></region>
<text>
<par/>
</text>
</block>
<block><region><rect/></region>
<text>
<par/>
</text>
</block>
<block><region><rect/></region>
<text>
<par/>
</text>
</block>
<block><region><rect/></region>
<text>
<par>
<line>k ^</line></par>
<par>
<line>&gt;♦* V. VUEVERS</line></par>
</text>
</block>
<block blockType="Table" blockName="" l="511" t="1502" r="883" b="1696"><region><rect/></region>
<row>
<cell leftBorder="White" topBorder="White" rightBorder="White" bottomBorder="White" width="212" height="118">
<text>
<par>
<line>VUEVERS</line></par>
<par>
<line>POINTE</line></par>
<par>
<line>PERFIA /</line></par>
</text></cell>
<cell leftBorder="White" topBorder="White" rightBorder="White" width="160" height="118">
<text>
<par>
<line>Vt;:P</line></par>
<par>
<line>/y;t9tii9nai</line></par>
</text></cell></row>
<row>
<cell leftBorder="White" topBorder="White" rightBorder="White" bottomBorder="White" width="212" height="76">
<text>
<par>
<line>SECTEUR1AU</line></par>
</text></cell>
<cell leftBorder="White" rightBorder="White" bottomBorder="White" width="160" height="76">
<text>
<par>
<line>\CA,</line></par>
</text></cell></row>
</block>
<block><region><rect/></region>
<text>
<par>
<line>, » «itforn</line></par>
</text>
</block>
<block><region><rect/></region>
<text>
<par>
<line>/</line></par>
</text>
</block>
<block><region><rect/></region>
<text>
<par>
<line>Plan de composition - OAP n°5, Le Chef-Lieu</line></par>
</text>
</block>
<block><region><rect/></region>
<text>
<par/>
</text>
</block>
<block><region><rect/></region>
<text>
<par>
<line>a;</line></par>
</text>
</block>
<block><region><rect/></region>
<text>
<par/>
</text>
</block>
<block><region><rect/></region>
<text>
<par/>
</text>
</block>
<block><region><rect/></region>
<text>
<par>
<line>i</line></par>
</text>
</block>
<block><region><rect/></region>
<text>
<par/>
</text>
</block>
<block><region><rect/></region>
<text>
<par/>
</text>
</block>
<block><region><rect/></region>
<text>
<par/>
</text>
</block>
<block><region><rect/></region>
<text>
<par>
<line>L'Orientation d'Aménagement et de Programmation du</line>
<line>chef-lieu structure, avec le Règlement, une reconquête</line>
<line>du bourg par un ensemble de cheminements piétons</line>
<line>greffés sur deux parkings latéraux dits de « portes</line>
<line>d'entrées ».</line></par>
<par>
<line>Le plan de composition fixe des volumes et des espaces</line>
<line>publics de qualité permettant de protéger et de valoriser</line>
<line>le lieu historique. Les berges du Giffre participent à un</line>
<line>bouclage de qualité autour du thème de l'eau. Se greffent</line>
<line>alors ici l'abbaye, l'office du tourisme, le musée et l'église</line>
<line>rive droite en connexion directe avec la Mairie,</line>
<line>l'ancienne gare et la rue centrale. Avec une mise en</line>
<line>valeur des axes du grand paysage et du Tenneverge.</line></par>
<par>
<line>Programme : (sur la zone 1AU) 30 à 50 logements mixtes</line>
<line>(individuels, intermédiaires, collectifs).</line></par>
</text>
</block>
<block><region><rect/></region>
<text>
<par>
<line>épode</line></par>
<par>
<line>B études • nratlnse d'o^uvi^</line></par>
</text>
</block>
<block><region><rect/></region>
<text>
<par>
<line>NORAZ</line></par>
<par>
<line>ARCHITECTE</line></par>
</text>
</block>
<block><region><rect/></region>
<text>
<par>
<line>AVOCAT CONSEIL</line></par>
<par>
<line>PHILIPPE</line></par>
</text>
</block>
<block><region><rect/></region>
<text>
<par>
<line>12</line></par>
<par>
<line>14003-OAP - Approbation</line></par>
</text>
</block>


























<block blockType="Picture" blockName="" l="296" t="2023" r="2257" b="2112"><region><rect/></region>
</block>
</page>
<page width="3508" height="2479" resolution="300">
<block><region><rect/></region>
<text>
<par>
<line>Orientations d'Aménagement et de Programmation</line></par>
</text>
</block>
<block><region><rect/></region>
<text>
<par/>
</text>
</block>
<block><region><rect/></region>
<text>
<par>
<line>Places structurantes</line></par>
<par>
<line>( Ancienne Gare et Tilleul)</line></par>
<par>
<line>Parc-parking arboré</line>
<line>Place végétale</line>
<line>Espace public</line>
<line>Axes de vues lointaines</line></par>
</text>
</block>
<block><region><rect/></region>
<text>
<par/>
</text>
</block>
<block><region><rect/></region>
<text>
<par/>
</text>
</block>
<block><region><rect/></region>
<text>
<par>
<line>Bâti existant</line>
<line>Equipements publics</line>
<line>Commerces</line></par>
<par>
<line>Hypothèse d'implantation</line></par>
<par>
<line>(Logements permanents /touristiques)</line></par>
</text>
</block>
<block><region><rect/></region>
<text>
<par>
<line>«</line></par>
<par>
<line>^ ^ , Réhabilitation soignée du bâti +</line>
<line>^ Valorisation de l'axe Gare-Mairie</line></par>
</text>
</block>
<block><region><rect/></region>
<text>
<par/>
</text>
</block>
<block><region><rect/></region>
<text>
<par>
<line>Voiries de desserte / parkings et</line>
<line>recomposition modes partagés</line></par>
<par>
<line>Trame piétonne</line></par>
<par>
<line>Accès</line></par>
<par>
<line>Fils bleu - plan d'eau</line>
<line>Périmètre de la zone U</line>
<line>Périmètre de la zone 1 AU</line>
<line>Voirie de desserte principale</line>
<line>Voirie de desserte secondaire</line></par>
</text>
</block>
<block><region><rect/></region>
<text>
<par>
<line>LEGENDE OAP n°5</line></par>
</text>
</block>
<block><region><rect/></region>
<text>
<par>
<line>épode</line></par>
<par>
<line>B études • ntaîlnse d'o^uvi^</line></par>
</text>
</block>
<block><region><rect/></region>
<text>
<par>
<line>NORAZ</line></par>
<par>
<line>ARCHITECTE</line></par>
</text>
</block>
<block><region><rect/></region>
<text>
<par>
<line>AVOCAT CONSEIL</line></par>
<par>
<line>PHILIPPE</line></par>
</text>
</block>
<block><region><rect/></region>
<text>
<par>
<line>13</line></par>
<par>
<line>14003-OAP - Approbation</line></par>
</text>
</block>















<block blockType="Picture" blockName="" l="361" t="1634" r="501" b="1859"><region><rect/></region>
</block>
<block blockType="Picture" blockName="" l="357" t="832" r="485" b="905"><region><rect/></region>
</block>
</page>
<page width="3508" height="2479" resolution="300">
<block><region><rect/></region>
<text>
<par>
<line>Orientations d'Aménagement et de Programmation</line></par>
</text>
</block>
<block><region><rect/></region>
<text>
<par>
<line>VII. OAP n°6- Le Perret</line></par>
</text>
</block>
<block><region><rect/></region>
<text>
<par>
<line>Zone Ux</line></par>
</text>
</block>
<block><region><rect/></region>
<text>
<par>
<line>COMMUNE DE SAMOENS</line></par>
</text>
</block>
<block><region><rect/></region>
<text>
<par>
<line>fXT’FER-A-CHEVAL</line></par>
</text>
</block>
<block><region><rect/></region>
<text>
<par/>
</text>
</block>
<block><region><rect/></region>
<text>
<par>
<line>COM</line></par>
</text>
</block>
<block><region><rect/></region>
<text>
<par>
<line>/C(2)</line></par>
</text>
</block>
<block><region><rect/></region>
<text>
<par/>
</text>
</block>
<block><region><rect/></region>
<text>
<par>
<line>SOUGB</line></par>
</text>
</block>
<block><region><rect/></region>
<text>
<par>
<line>X</line></par>
</text>
</block>
<block><region><rect/></region>
<text>
<par>
<line>/</line></par>
</text>
</block>
<block><region><rect/></region>
<text>
<par/>
</text>
</block>
<block><region><rect/></region>
<text>
<par/>
</text>
</block>
<block><region><rect/></region>
<text>
<par>
<line>&lt;\ Position de princi</line>
<line>«y à vocation éconoi</line></par>
</text>
</block>
<block><region><rect/></region>
<text>
<par>
<line>' principe des batiments</line>
<line>économique</line></par>
</text>
</block>
<block><region><rect/></region>
<text>
<par/>
</text>
</block>
<block><region><rect/></region>
<text>
<par/>
</text>
</block>
<block><region><rect/></region>
<text>
<par/>
</text>
</block>
<block><region><rect/></region>
<text>
<par/>
</text>
</block>
<block><region><rect/></region>
<text>
<par>
<line>N.</line></par>
</text>
</block>
<block><region><rect/></region>
<text>
<par>
<line>//</line></par>
</text>
</block>
<block><region><rect/></region>
<text>
<par>
<line>6</line></par>
</text>
</block>
<block><region><rect/></region>
<text>
<par/>
</text>
</block>
<block><region><rect/></region>
<text>
<par>
<line>a</line></par>
</text>
</block>
<block><region><rect/></region>
<text>
<par>
<line>]s^</line></par>
</text>
</block>
<block><region><rect/></region>
<text>
<par/>
</text>
</block>
<block><region><rect/></region>
<text>
<par>
<line>L'Orientation d'Aménagement et de Programmation du hameau dit « Le Perret » vise à encadrer l'aménagement d'un site à vocation économique. Un bâtiment abritant une activité</line>
<line>artisanale existe déjà au Nord-Est du ténement. Les gabarits des futures constructions devront respecter cette morphologie, dans le schéma de l'OAP le positionnement des bâtiments</line>
<line>est donné à titre indicatif.</line></par>
<par>
<line>Accès : il sera unique et se situera au Sud-Est du secteur, il devra être réalisé en prenant en considération les principes de visibilité et de sécurisation. Le retournement devra pouvoir</line>
<line>être réalisé sur le secteur.</line></par>
<par>
<line>Traitement paysager : un traitement paysager devra être réalisé en limite avec la plaine agricole de Samoëns afin de permettre une meilleure intégration des activités économiques.</line></par>
<par>
<line>Constructions existantes : La construction à vocation économique, située au Nord Est du-secteur (1) peut évoluer suivant les règles de la zone Ux, en conservant sa vocation économique.</line>
<line>La construction située au Sud-Ouest (2) à vocation habitat, peut évoluer dans une limite de 20 % de son emprise au sol initiale.</line></par>
</text>
</block>
<block><region><rect/></region>
<text>
<par>
<line>épode</line></par>
<par>
<line>B études • ntaîinse</line></par>
</text>
</block>
<block><region><rect/></region>
<text>
<par>
<line>NORAZ</line></par>
<par>
<line>ARCHITECTE</line></par>
</text>
</block>
<block><region><rect/></region>
<text>
<par>
<line>AVOCAT CONSEIL</line></par>
<par>
<line>PHILIPPE</line></par>
</text>
</block>
<block><region><rect/></region>
<text>
<par>
<line>14</line></par>
<par>
<line>14003-OAP - Approbation</line></par>
</text>
</block>













</page>
</OAP>