<?xml version="1.0" encoding="UTF-8"?><OAP>
<page width="1257" height="1777" resolution="152">
<block><region><rect/></region>
<text>
<par>
<line>r</line></par>
</text>
</block>
<block><region><rect/></region>
<text>
<par/>
</text>
</block>
<block><region><rect/></region>
<text>
<par/>
</text>
</block>
<block><region><rect/></region>
<text>
<par>
<line>w</line></par>
</text>
</block>
<block><region><rect/></region>
<text>
<par/>
</text>
</block>
<block><region><rect/></region>
<text>
<par>
<line>N</line></par>
</text>
</block>
<block><region><rect/></region>
<text>
<par/>
</text>
</block>
<block><region><rect/><rect/></region>
<text>
<par/>
</text>
</block>
<block><region><rect/></region>
<text>
<par>
<line>A</line></par>
</text>
</block>
<block><region><rect/></region>
<text>
<par>
<line>Saint Martin du Manoir</line></par>
</text>
</block>
<block><region><rect/></region>
<text>
<par>
<line>i^V-U</line></par>
</text>
</block>
<block><region><rect/></region>
<text>
<par>
<line>Plan LocqI d'Urbanisme</line></par>
</text>
</block>
<block><region><rect/></region>
<text>
<par>
<line>Pièce n°5</line></par>
</text>
</block>
<block><region><rect/></region>
<text>
<par>
<line>Orientations d'Aménagement</line></par>
<par>
<line>et de</line></par>
<par>
<line>Programmation</line></par>
</text>
</block>
<block><region><rect/></region>
<text>
<par>
<line>Vu pour être annexé à la délibération approuvant le Plan Local d'Urbanisme</line></par>
</text>
</block>
<block blockType="Table" blockName="" l="93" t="1313" r="1180" b="1695"><region><rect/></region>
<row>
<cell bottomBorder="White" width="293" height="61">
<text>
<par>
<line>Département</line></par>
</text></cell>
<cell rowSpan="2" bottomBorder="White" width="794" height="94">
<text>
<par>
<line>COMMUNE DE SAINT MARTIN DU MANOIR</line></par>
</text></cell></row>
<row>
<cell topBorder="White" bottomBorder="White" width="293" height="33">
<text>
<par>
<line>de</line></par>
</text></cell></row>
<row>
<cell topBorder="White" width="293" height="47">
<text>
<par>
<line>Seine Maritime</line></par>
</text></cell>
<cell topBorder="White" width="794" height="47">
<text>
<par/>
</text></cell></row>
<row>
<cell rowSpan="2" bottomBorder="White" width="293" height="141">
<text>
<par>
<line>Euclyd</line></par>
<par>
<line>Eurotop</line></par>
</text></cell>
<cell bottomBorder="White" width="794" height="109">
<text>
<par>
<line>Prescrit le;06/09/2014</line></par>
</text></cell></row>
<row>
<cell topBorder="White" bottomBorder="White" width="794" height="32">
<text>
<par>
<line>Arrêté le: 01/06/2017</line></par>
</text></cell></row>
<row>
<cell topBorder="White" width="293" height="100">
<text>
<par>
<line>33 Bd de l'Yser</line></par>
<par>
<line>76000 ROUEN</line></par>
<par>
<line>Tél: 02.35.71.42.32</line>
<line>urbanisme@eucJyd-eurotop.fr</line></par>
</text></cell>
<cell topBorder="White" width="794" height="100">
<text>
<par>
<line>Approuvé le :</line></par>
</text></cell></row>
</block>























<block blockType="Picture" blockName="" l="136" t="141" r="189" b="202"><region><rect/></region>
</block>
</page>
<page width="2481" height="3508" resolution="300">
<block><region><rect/></region>
<text>
<par>
<line>SOMMAIRE</line></par>
</text>
</block>
<block><region><rect/></region>
<text>
<par>
<line>Préambule 3</line></par>
<par>
<line>Le site n°l : La rue de la Forge 4</line>
<line>Localisation du site 4</line>
<line>Description du site 4</line></par>
<par>
<line>Intérêts du site au développement et à l'urbanisation du bourg 5</line></par>
<par>
<line>Construire un quartier d'habitat 5</line></par>
<par>
<line>Les objectifs de production de logements 6</line></par>
<par>
<line>Les conditions d'insertion paysagère du site de renouvellement urbain 6</line>
<line>Accès au site6</line></par>
<par>
<line>Schéma d'aménagement du site 7</line></par>
</text>
</block>
<block blockType="Table" blockName="" l="147" t="3274" r="2292" b="3453"><region><rect/></region>
<row>
<cell rowSpan="2" leftBorder="White" topBorder="White" width="46" height="138">
<text>
<par/>
</text></cell>
<cell topBorder="White" width="38" height="98">
<text>
<par/>
</text></cell>
<cell topBorder="White" rightBorder="White" width="2061" height="98">
<text>
<par>
<line>Commune de Saint Martin du Manoir - Pian Locai d'Urbanisme - Orientation d'Aménagement et de Programmation 2</line></par>
</text></cell></row>
<row>
<cell width="38" height="40">
<text>
<par/>
</text></cell>
<cell rightBorder="White" width="2061" height="40">
<text>
<par/>
</text></cell></row>
<row>
<cell leftBorder="White" bottomBorder="White" width="46" height="41">
<text>
<par/>
</text></cell>
<cell colSpan="2" rightBorder="White" bottomBorder="White" width="2099" height="41">
<text>
<par/>
</text></cell></row>
</block>








</page>
<page width="2481" height="3508" resolution="300">
<block><region><rect/></region>
<text>
<par>
<line>7. Préambule</line></par>
</text>
</block>
<block><region><rect/></region>
<text>
<par>
<line>Article L. 151 -6 du Code de l'Urbanisme</line></par>
</text>
</block>
<block><region><rect/></region>
<text>
<par>
<line>« Les orientations d'aménagement et de programmation comprennent, en cohérence avec le projet</line>
<line>d'aménagement et de développement durables, des dispositions portant sur l'aménagement,</line>
<line>l'habitat, les transports et les déplacements.</line></par>
</text>
</block>
<block><region><rect/></region>
<text>
<par>
<line>En l'absence de schéma de cohérence territoriale, les orientations d'aménagement et de</line>
<line>programmation d'un pian local d'urbanisme élaboré par un établissement public de coopération</line>
<line>intercommunale comprennent les dispositions relatives à l'équipement commercial et artisanal</line>
<line>mentionnées aux articles L. 141-16etL. 141-17.»</line></par>
</text>
</block>
<block><region><rect/></region>
<text>
<par>
<line>Les OAP sont opposables aux demandes d'autorisation d'urbanisme dans un rapport de</line>
<line>compatibilité.</line></par>
</text>
</block>
<block><region><rect/></region>
<text>
<par>
<line>Article L. 151-7 du Code de l'Urbanisme</line></par>
</text>
</block>
<block><region><rect/></region>
<text>
<par>
<line>« Les orientations d'aménagement et de programmation peuvent notamment :</line></par>
<par>
<line>r Définir les actions et opérations nécessaires pour mettre en valeur l'environnement, notamment</line>
<line>les continuités écologiques, les paysages, les entrées de villes et le patrimoine, lutter contre</line>
<line>l'insalubrité, permettre le renouvellement urbain et assurer ie développement de la commune ;</line></par>
</text>
</block>
<block><region><rect/></region>
<text>
<par>
<line>2° Favoriser la mixité fonctionnelle en prévoyant qu'en cas de réalisation d'opérations</line>
<line>d'aménagement, de construction ou de réhabilitation un pourcentage de ces opérations est destiné à</line>
<line>la réalisation de commerces;</line></par>
</text>
</block>
<block><region><rect/></region>
<text>
<par>
<line>3° Comporter un échéancier prévisionnel de l'ouverture à l'urbanisation des zones à urbaniser et de la</line>
<line>réalisation des équipements correspondants ;</line></par>
<par>
<line>4° Porter sur des quartiers ou des secteurs à mettre en valeur, réhabiliter, restructurer ou aménager;</line></par>
<par>
<line>5° Prendre la forme de schémas d'aménagement et préciser ies principales caractéristiques des voies</line>
<line>et espaces publics;</line></par>
</text>
</block>
<block><region><rect/></region>
<text>
<par>
<line>6° Adapter la délimitation des périmètres, en fonction de la qualité de la desserte, où s'applique le</line>
<line>plafonnement à proximité des transports prévu aux articles L. 151-35 et L. 151-36. »</line></par>
</text>
</block>
<block><region><rect/></region>
<text>
<par>
<line>Un secteur situé rue de la Forge été localisé et fait l'objet d'une orientation</line>
<line>d'aménagement et de programmation.</line></par>
</text>
</block>
<block blockType="Table" blockName="" l="147" t="3274" r="2292" b="3453"><region><rect/></region>
<row>
<cell rowSpan="2" leftBorder="White" topBorder="White" width="46" height="138">
<text>
<par/>
</text></cell>
<cell topBorder="White" width="38" height="98">
<text>
<par/>
</text></cell>
<cell topBorder="White" rightBorder="White" width="2061" height="98">
<text>
<par>
<line>Commune de Saint Martin du Manoir - Pian Locai d’Urbanisme - Orientation d'Aménagement et de Programmation 3</line></par>
</text></cell></row>
<row>
<cell width="38" height="40">
<text>
<par/>
</text></cell>
<cell rightBorder="White" width="2061" height="40">
<text>
<par/>
</text></cell></row>
<row>
<cell leftBorder="White" bottomBorder="White" width="46" height="41">
<text>
<par/>
</text></cell>
<cell colSpan="2" rightBorder="White" bottomBorder="White" width="2099" height="41">
<text>
<par/>
</text></cell></row>
</block>













<block blockType="Picture" blockName="" l="300" t="1372" r="2181" b="2513"><region><rect/></region>
</block>
<block blockType="Picture" blockName="" l="300" t="478" r="2181" b="1036"><region><rect/></region>
</block>
</page>
<page width="2481" height="3508" resolution="300">
<block><region><rect/></region>
<text>
<par>
<line>2. Le site n°1 : La rue de la Forge</line></par>
<par>
<line>Localisation du site</line></par>
</text>
</block>
<block><region><rect/></region>
<text>
<par>
<line>Le site qui fait l'objet de l'orientation d'aménagement et de programmation se situe rue de la</line>
<line>Forge. Ce site est situé en continuité d'un espace bâti et à proximité du pôle d'équipements publics</line>
<line>que forment l'école et le complexe sportif de la commune.</line></par>
<par>
<line>Localisation du site de l'OAP</line></par>
</text>
</block>
<block><region><rect/></region>
<text>
<par/>
</text>
</block>
<block><region><rect/></region>
<text>
<par>
<line>I</line></par>
</text>
</block>
<block><region><rect/></region>
<text>
<par>
<line>E</line></par>
</text>
</block>
<block><region><rect/></region>
<text>
<par>
<line>+</line></par>
</text>
</block>
<block><region><rect/></region>
<text>
<par/>
</text>
</block>
<block><region><rect/></region>
<text>
<par/>
</text>
</block>
<block><region><rect/></region>
<text>
<par/>
</text>
</block>
<block><region><rect/></region>
<text>
<par/>
</text>
</block>
<block><region><rect/></region>
<text>
<par>
<line>«</line></par>
</text>
</block>
<block><region><rect/></region>
<text>
<par>
<line>9.</line></par>
</text>
</block>
<block><region><rect/></region>
<text>
<par>
<line>%</line></par>
</text>
</block>
<block><region><rect/></region>
<text>
<par/>
</text>
</block>
<block><region><rect/></region>
<text>
<par/>
</text>
</block>
<block><region><rect/></region>
<text>
<par/>
</text>
</block>
<block><region><rect/></region>
<text>
<par>
<line>♦</line></par>
</text>
</block>
<block><region><rect/></region>
<text>
<par/>
</text>
</block>
<block><region><rect/></region>
<text>
<par/>
</text>
</block>
<block><region><rect/></region>
<text>
<par/>
</text>
</block>
<block><region><rect/></region>
<text>
<par>
<line>«</line></par>
</text>
</block>
<block><region><rect/></region>
<text>
<par>
<line>O</line></par>
</text>
</block>
<block><region><rect/></region>
<text>
<par>
<line>f</line></par>
</text>
</block>
<block><region><rect/></region>
<text>
<par/>
</text>
</block>
<block><region><rect/></region>
<text>
<par>
<line>93</line></par>
</text>
</block>
<block><region><rect/></region>
<text>
<par>
<line>1</line></par>
</text>
</block>
<block><region><rect/></region>
<text>
<par>
<line>à</line></par>
</text>
</block>
<block><region><rect/></region>
<text>
<par>
<line>a</line></par>
</text>
</block>
<block><region><rect/></region>
<text>
<par/>
</text>
</block>
<block><region><rect/></region>
<text>
<par>
<line>«</line></par>
</text>
</block>
<block><region><rect/></region>
<text>
<par>
<line>«</line></par>
</text>
</block>
<block><region><rect/></region>
<text>
<par>
<line>I</line></par>
</text>
</block>
<block><region><rect/></region>
<text>
<par>
<line>»</line></par>
</text>
</block>
<block><region><rect/></region>
<text>
<par>
<line>Site de</line></par>
</text>
</block>
<block><region><rect/></region>
<text>
<par>
<line>OAP</line></par>
</text>
</block>
<block><region><rect/></region>
<text>
<par>
<line>m</line></par>
</text>
</block>
<block><region><rect/></region>
<text>
<par/>
</text>
</block>
<block><region><rect/></region>
<text>
<par>
<line>£</line></par>
</text>
</block>
<block><region><rect/></region>
<text>
<par>
<line>I</line></par>
</text>
</block>
<block><region><rect/></region>
<text>
<par>
<line>■</line></par>
</text>
</block>
<block><region><rect/></region>
<text>
<par>
<line>J</line></par>
</text>
</block>
<block><region><rect/></region>
<text>
<par>
<line>tm</line></par>
</text>
</block>
<block><region><rect/></region>
<text>
<par>
<line>«</line></par>
</text>
</block>
<block><region><rect/></region>
<text>
<par>
<line>Ec</line></par>
</text>
</block>
<block><region><rect/></region>
<text>
<par>
<line>1^</line></par>
</text>
</block>
<block><region><rect/></region>
<text>
<par>
<line>D</line></par>
</text>
</block>
<block><region><rect/></region>
<text>
<par>
<line>•f</line></par>
</text>
</block>
<block><region><rect/></region>
<text>
<par>
<line>à</line></par>
</text>
</block>
<block><region><rect/></region>
<text>
<par>
<line>87</line></par>
</text>
</block>
<block><region><rect/></region>
<text>
<par/>
</text>
</block>
<block><region><rect/></region>
<text>
<par>
<line>S</line></par>
</text>
</block>
<block><region><rect/></region>
<text>
<par>
<line>r</line></par>
</text>
</block>
<block><region><rect/></region>
<text>
<par>
<line>I</line></par>
</text>
</block>
<block><region><rect/></region>
<text>
<par>
<line>m</line></par>
</text>
</block>
<block><region><rect/></region>
<text>
<par>
<line>A</line></par>
</text>
</block>
<block><region><rect/></region>
<text>
<par>
<line>A.</line></par>
</text>
</block>
<block><region><rect/></region>
<text>
<par>
<line>100</line></par>
</text>
</block>
<block><region><rect/></region>
<text>
<par>
<line>150</line></par>
</text>
</block>
<block><region><rect/></region>
<text>
<par>
<line>Description du site</line></par>
</text>
</block>
<block><region><rect/></region>
<text>
<par>
<line>Il s'agit d'une prairie de 1,5 hectare, entouré par un lotissement, le parking de l'école, un bassin de</line>
<line>rétention d'eaux pluviales, et en limite avec le plateau agricole.</line></par>
<par>
<line>Le site comprend les parcelles suivantes : La parcelle cadastrée ZD75 d'une contenance de 13</line>
<line>211 m^ et la ZD51 d'une contenance de 1698 m^ soit un total de 14 909 m^.</line></par>
</text>
</block>
<block><region><rect/></region>
<text>
<par>
<line>Le terrain a une légère déclivité nord-ouest sud-est. il présente une orientation et un relief</line>
<line>favorable à l'implantation d'habitations.</line></par>
</text>
</block>
<block><region><rect/></region>
<text>
<par>
<line>Les réseaux existants à la périphérie immédiate ont une capacité suffisante pour permettre l'accueil</line>
<line>des nouvelles constructions.</line></par>
</text>
</block>
<block><region><rect/></region>
<text>
<par>
<line>Le site est soumis à aucun risque naturel présent sur la commune de Saint Martin du Manoir</line></par>
</text>
</block>
<block blockType="Table" blockName="" l="147" t="3274" r="2292" b="3453"><region><rect/></region>
<row>
<cell rowSpan="2" leftBorder="White" topBorder="White" width="46" height="138">
<text>
<par/>
</text></cell>
<cell topBorder="White" width="38" height="98">
<text>
<par/>
</text></cell>
<cell topBorder="White" rightBorder="White" width="2061" height="98">
<text>
<par>
<line>Commune de Saint Martin du Manoir - Pian Locai d’Urbanisme - Orientation d'Aménagement et de Programmation 4</line></par>
</text></cell></row>
<row>
<cell width="38" height="40">
<text>
<par/>
</text></cell>
<cell rightBorder="White" width="2061" height="40">
<text>
<par/>
</text></cell></row>
<row>
<cell leftBorder="White" bottomBorder="White" width="46" height="41">
<text>
<par/>
</text></cell>
<cell colSpan="2" rightBorder="White" bottomBorder="White" width="2099" height="41">
<text>
<par/>
</text></cell></row>
</block>



























<block blockType="Picture" blockName="" l="1035" t="1537" r="1189" b="1641"><region><rect/></region>
</block>
<block blockType="Picture" blockName="" l="1091" t="1072" r="1216" b="1178"><region><rect/></region>
</block>
</page>
<page width="2481" height="3508" resolution="300">
<block><region><rect/></region>
<text>
<par>
<line>Vue aérienne du site de rOAP</line></par>
</text>
</block>
<block><region><rect/></region>
<text>
<par>
<line>"^7</line></par>
</text>
</block>
<block><region><rect/></region>
<text>
<par/>
</text>
</block>
<block><region><rect/></region>
<text>
<par/>
</text>
</block>
<block><region><rect/></region>
<text>
<par>
<line>■M</line></par>
</text>
</block>
<block><region><rect/></region>
<text>
<par/>
</text>
</block>
<block><region><rect/></region>
<text>
<par/>
</text>
</block>
<block><region><rect/></region>
<text>
<par>
<line>"sfejf</line></par>
</text>
</block>
<block><region><rect/></region>
<text>
<par>
<line>Legende</line></par>
</text>
</block>
<block><region><rect/></region>
<text>
<par>
<line>Altitude NGF</line></par>
</text>
</block>
<block><region><rect/></region>
<text>
<par>
<line>Périmètre de IOAP</line></par>
</text>
</block>
<block><region><rect/></region>
<text>
<par>
<line>100</line></par>
</text>
</block>
<block><region><rect/></region>
<text>
<par>
<line>150</line></par>
</text>
</block>
<block><region><rect/></region>
<text>
<par>
<line>Intérêts du site au développement et à l'urbanisation du bourg</line></par>
<par>
<line>Construire un quartier d'habitat</line></par>
<par>
<line>Le « site projet » couvre une surface d'environ 1,5 hectare. Concernant la vocation du site, elle est</line>
<line>plurielle et doit :</line></par>
<par>
<line>- Produire une offre en habitat équilibrée et attractive pour les Jeunes ménages et créer un</line>
<line>ensemble de logements qui valorisent «l'habiter en village».</line></par>
<par>
<line>- Créer un site d'habitat offrant un ensoleillement, un paysage et des vues de qualité pour</line>
<line>ses résidents.</line></par>
<par>
<line>- Aménager un secteur qui complète harmonieusement la forme urbaine du secteur</line>
<line>pavillonnaire de Saint Martin du Manoir</line></par>
<par>
<line>- Permettre un développement urbain de la commune, cohérent avec ses enjeux</line>
<line>environnementaux et paysagers.</line></par>
<par>
<line>- Développer un nouveau secteur en lien avec l'existant et les équipements publics à</line>
<line>proximité</line></par>
<par>
<line>- Secteur non soumis aux risques naturels présents sur la commune</line></par>
<par>
<line>Les objectifs sont de constituer un quartier à vocation principal d'habitat et d'offrir sur le territoire</line>
<line>de la commune une typologie nouvelle d'habitat.</line></par>
</text>
</block>
<block blockType="Table" blockName="" l="147" t="3274" r="2292" b="3453"><region><rect/></region>
<row>
<cell rowSpan="2" leftBorder="White" topBorder="White" width="46" height="138">
<text>
<par/>
</text></cell>
<cell topBorder="White" width="38" height="98">
<text>
<par/>
</text></cell>
<cell topBorder="White" rightBorder="White" width="2061" height="98">
<text>
<par>
<line>Commune de Saint Martin du Manoir - Pian Locai d’Urbanisme - Orientation d'Aménagement et de Programmation 5</line></par>
</text></cell></row>
<row>
<cell width="38" height="40">
<text>
<par/>
</text></cell>
<cell rightBorder="White" width="2061" height="40">
<text>
<par/>
</text></cell></row>
<row>
<cell leftBorder="White" bottomBorder="White" width="46" height="41">
<text>
<par/>
</text></cell>
<cell colSpan="2" rightBorder="White" bottomBorder="White" width="2099" height="41">
<text>
<par/>
</text></cell></row>
</block>

































<block blockType="Picture" blockName="" l="1535" t="940" r="1609" b="1001"><region><rect/></region>
</block>
</page>
<page width="2481" height="3508" resolution="300">
<block><region><rect/></region>
<text>
<par>
<line>Les objectifs de production de logements</line></par>
<par>
<line>Pour l'urbanisation du site, les objectifs en compatibilité avec le PADD impliquent une production</line>
<line>de logements permettant d'atteindre une densité de 15 logements par hectare, tout en respectant</line>
<line>l'ambiance urbaine du secteur.</line></par>
<par>
<line>La commune de Saint Martin du Manoir souhaite dans son développement diversifier les formes</line>
<line>urbaines et diversifier le type de logement, présents sur son territoire. Afin de pouvoir offrir un</line>
<line>parcours résidentiel complet et d'améliorer son attractivité pour les jeunes ménages.</line></par>
</text>
</block>
<block><region><rect/></region>
<text>
<par>
<line>Ainsi il est imposé :</line></par>
<par>
<line>&gt; Pour les opérations d'aménagement d'au moins 4 logements:</line></par>
<par>
<line>La réalisation d'un objectif d'environ 1/5 de logements sous forme de logements</line></par>
<par>
<line>aidés.</line></par>
<par>
<line>&gt; La réalisation minimum de 20% de logements aidés au sein de la zone</line></par>
<par>
<line>2.1. Les conditions d'insertion paysacière du site de renouvellement</line></par>
<par>
<line>urbain</line></par>
</text>
</block>
<block><region><rect/></region>
<text>
<par>
<line>L'aménagement du site devra répondre à plusieurs orientations du Plan Local d'Urbanisme qui se</line>
<line>traduiront localement par :</line></par>
<par>
<line>Valoriser les aménagements existants, notamment le parking l'école et la voirie de la</line>
<line>résidence de la forge</line></par>
<par>
<line>Ménager l'insertion du site et notamment les franges avec l'espaces agricole environnent.</line>
<line>Permettre la diversification des formes urbaines et du type d'habitat</line>
<line>Intégrer la gestion des eaux pluviales au projet d'aménagement</line></par>
<par>
<line>Accès au site</line></par>
<par>
<line>Les accès au site devront se réaliser par la résidence de la forge, ou bien via une nouvelle voirie se</line>
<line>connectant à la rue de la forge. Par ailleurs à l'intérieur du site les accès seront de préférence</line>
<line>mutualisés afin de réduire le nombre d'entrée et de sortie sur la nouvelle voirie.</line></par>
</text>
</block>
<block><region><rect/></region>
<text>
<par>
<line>Schéma de principe de mutualisation des accès</line></par>
</text>
</block>
<block><region><rect/></region>
<text>
<par>
<line>accès</line>
<line>reg roupé</line></par>
</text>
</block>
<block><region><rect/></region>
<text>
<par>
<line>Habitation</line></par>
</text>
</block>
<block><region><rect/></region>
<text>
<par>
<line>Habitation</line></par>
</text>
</block>
<block blockType="Table" blockName="" l="147" t="3274" r="2292" b="3453"><region><rect/></region>
<row>
<cell rowSpan="2" leftBorder="White" topBorder="White" width="46" height="138">
<text>
<par/>
</text></cell>
<cell topBorder="White" width="38" height="98">
<text>
<par/>
</text></cell>
<cell topBorder="White" rightBorder="White" width="2061" height="98">
<text>
<par>
<line>Commune de Saint Martin du Manoir - Pian Locai d'Urbanisme - Orientation d'Aménagement et de Programmation 6</line></par>
</text></cell></row>
<row>
<cell width="38" height="40">
<text>
<par/>
</text></cell>
<cell rightBorder="White" width="2061" height="40">
<text>
<par/>
</text></cell></row>
<row>
<cell leftBorder="White" bottomBorder="White" width="46" height="41">
<text>
<par/>
</text></cell>
<cell colSpan="2" rightBorder="White" bottomBorder="White" width="2099" height="41">
<text>
<par/>
</text></cell></row>
</block>






















<block blockType="Picture" blockName="" l="894" t="2433" r="1587" b="3115"><region><rect/></region>
</block>
</page>
<page width="2481" height="3508" resolution="300">
<block><region><rect/></region>
<text>
<par>
<line>Schéma d'aménagement du site</line></par>
</text>
</block>
<block><region><rect/></region>
<text>
<par>
<line>O</line></par>
</text>
</block>
<block><region><rect/></region>
<text>
<par>
<line>À</line></par>
</text>
</block>
<block><region><rect/></region>
<text>
<par/>
</text>
</block>
<block><region><rect/></region>
<text>
<par>
<line>S</line></par>
</text>
</block>
<block><region><rect/></region>
<text>
<par>
<line>O</line></par>
</text>
</block>
<block><region><rect/></region>
<text>
<par>
<line>O</line></par>
</text>
</block>
<block><region><rect/></region>
<text>
<par>
<line>t</line></par>
</text>
</block>
<block><region><rect/></region>
<text>
<par>
<line>s</line></par>
</text>
</block>
<block><region><rect/></region>
<text>
<par>
<line>O</line></par>
</text>
</block>
<block><region><rect/></region>
<text>
<par/>
</text>
</block>
<block><region><rect/></region>
<text>
<par>
<line>3</line></par>
</text>
</block>
<block><region><rect/></region>
<text>
<par>
<line>3</line></par>
</text>
</block>
<block><region><rect/></region>
<text>
<par>
<line>c</line></par>
</text>
</block>
<block><region><rect/></region>
<text>
<par>
<line>Q.</line></par>
</text>
</block>
<block><region><rect/></region>
<text>
<par/>
</text>
</block>
<block><region><rect/></region>
<text>
<par>
<line>CD</line></par>
</text>
</block>
<block><region><rect/></region>
<text>
<par>
<line>Q.</line></par>
</text>
</block>
<block><region><rect/></region>
<text>
<par>
<line>«</line></par>
</text>
</block>
<block><region><rect/></region>
<text>
<par>
<line>Q.</line></par>
</text>
</block>
<block><region><rect/></region>
<text>
<par>
<line>CD</line></par>
</text>
</block>
<block><region><rect/></region>
<text>
<par>
<line>«</line></par>
</text>
</block>
<block><region><rect/></region>
<text>
<par>
<line>CO</line></par>
</text>
</block>
<block><region><rect/></region>
<text>
<par>
<line>0)</line></par>
</text>
</block>
<block><region><rect/></region>
<text>
<par/>
</text>
</block>
<block><region><rect/></region>
<text>
<par>
<line>:3</line></par>
</text>
</block>
<block><region><rect/></region>
<text>
<par>
<line>2</line></par>
</text>
</block>
<block><region><rect/></region>
<text>
<par/>
</text>
</block>
<block><region><rect/></region>
<text>
<par>
<line>03</line></par>
</text>
</block>
<block><region><rect/></region>
<text>
<par/>
</text>
</block>
<block><region><rect/></region>
<text>
<par>
<line>:3</line></par>
</text>
</block>
<block><region><rect/></region>
<text>
<par>
<line>Q.</line></par>
</text>
</block>
<block><region><rect/></region>
<text>
<par>
<line>a</line></par>
</text>
</block>
<block><region><rect/></region>
<text>
<par>
<line>■O</line></par>
</text>
</block>
<block><region><rect/></region>
<text>
<par/>
</text>
</block>
<block><region><rect/></region>
<text>
<par>
<line>2</line></par>
</text>
</block>
<block><region><rect/></region>
<text>
<par>
<line>ê</line></par>
</text>
</block>
<block><region><rect/></region>
<text>
<par>
<line>(Q</line></par>
</text>
</block>
<block><region><rect/></region>
<text>
<par/>
</text>
</block>
<block><region><rect/></region>
<text>
<par>
<line>Zi</line></par>
</text>
</block>
<block><region><rect/></region>
<text>
<par>
<line>O</line></par>
</text>
</block>
<block><region><rect/></region>
<text>
<par>
<line>«</line></par>
</text>
</block>
<block><region><rect/></region>
<text>
<par/>
</text>
</block>
<block><region><rect/></region>
<text>
<par>
<line>ér</line></par>
</text>
</block>
<block><region><rect/></region>
<text>
<par/>
</text>
</block>
<block><region><rect/></region>
<text>
<par/>
</text>
</block>
<block blockType="Table" blockName="" l="147" t="3274" r="2292" b="3453"><region><rect/></region>
<row>
<cell rowSpan="2" leftBorder="White" topBorder="White" width="46" height="138">
<text>
<par/>
</text></cell>
<cell topBorder="White" width="38" height="98">
<text>
<par/>
</text></cell>
<cell topBorder="White" rightBorder="White" width="2061" height="98">
<text>
<par>
<line>Commune de Saint Martin du Manoir - Pian Locai d’Urbanisme - Orientation d'Aménagement et de Programmation 7</line></par>
</text></cell></row>
<row>
<cell width="38" height="40">
<text>
<par/>
</text></cell>
<cell rightBorder="White" width="2061" height="40">
<text>
<par/>
</text></cell></row>
<row>
<cell leftBorder="White" bottomBorder="White" width="46" height="41">
<text>
<par/>
</text></cell>
<cell colSpan="2" rightBorder="White" bottomBorder="White" width="2099" height="41">
<text>
<par/>
</text></cell></row>
</block>





















</page>
</OAP>