<?xml version="1.0" encoding="UTF-8"?><OAP>
<page width="3508" height="2481" resolution="300">
<block><region><rect/></region>
<text orientation="RotatedCounterclockwise">
<par>
<line>A \\VA,v\/</line></par>
</text>
</block>
<block><region><rect/></region>
<text>
<par>
<line>ORIENTATIONS D’AMENAGEMENT ET DE PROGRAMMATION</line></par>
</text>
</block>
<block><region><rect/></region>
<text>
<par>
<line>MARCILLY - 77</line></par>
</text>
</block>
<block><region><rect/></region>
<text>
<par/>
</text>
</block>
<block><region><rect/></region>
<text>
<par/>
</text>
</block>
<block><region><rect/></region>
<text>
<par>
<line>O</line></par>
</text>
</block>
<block><region><rect/></region>
<text>
<par/>
</text>
</block>
<block><region><rect/></region>
<text>
<par/>
</text>
</block>

























</page>
<page width="3508" height="2481" resolution="300">
<block><region><rect/></region>
<text>
<par>
<line>NGETER</line></par>
</text>
</block>
<block><region><rect/></region>
<text>
<par>
<line>Table des matières</line></par>
<par>
<line>Rappel réglementaire.3</line></par>
<par>
<line>Contexte local.3</line></par>
<par>
<line>I/ Zone Ua rue de la Borne Blanche.4</line></par>
<par>
<line>II/ Zone AU rue de Fleurette.6</line></par>
</text>
</block>
<block><region><rect/><rect/></region>
<text>
<par/>
</text>
</block>
<block><region><rect/></region>
<text>
<par>
<line>2</line></par>
</text>
</block>
<block><region><rect/></region>
<text orientation="RotatedCounterclockwise">
<par/>
</text>
</block>









</page>
<page width="3508" height="2481" resolution="300">
<block><region><rect/></region>
<text>
<par>
<line>INGETER</line></par>
</text>
</block>
<block><region><rect/></region>
<text>
<par>
<line>Rappel réglementaire</line></par>
<par>
<line>ArticleL123-l-4 du code de l’urbanisme :</line></par>
</text>
</block>
<block><region><rect/></region>
<text>
<par>
<line>« Dans le respect des orientations définies par le projet d'aménagement et de développement durables, les orientations d'aménagement et de</line>
<line>programmation comprennent des dispositions portant sur l'aménagement, l'habitat, les transports et les déplacements.</line></par>
<par>
<line>1. En ce qui concerne l'aménagement, les orientations peuvent définir les actions et opérations nécessaires pour mettre en valeur l'environnement,</line>
<line>notamment les continuités écologiques, les paysages, les entrées de villes et le patrimoine, lutter contre l'insalubrité, permettre le renouvellement</line>
<line>urbain et assurer le développement de la commune. Elles peuvent favoriser la mixité fonctionnelle en prévoyant qu'en cas de réalisation</line>
<line>d'opérations d'aménagement, de construction ou de réhabilitation, un pourcentage de ces opérations est destiné à la réalisation de commerces.</line></par>
<par>
<line>Elles peuvent comporter un échéancier prévisionnel de l'ouverture à l'urbanisation des zones à urbaniser et de la réalisation des équipements</line>
<line>correspondants.</line></par>
<par>
<line>Elles peuvent porter sur des quartiers ou des secteurs à mettre en valeur, réhabiliter, restructurer ou aménager.</line></par>
<par>
<line>Elles peuvent prendre la forme de schémas d'aménagement et préciser les principales caractéristiques des voies et espaces publics.</line></par>
<par>
<line>[•••]•</line></par>
<par>
<line>Contexte local</line></par>
</text>
</block>
<block><region><rect/></region>
<text>
<par>
<line>La commune de MARCILLY souhaite observée une croissance démographique mesurée afin de soutenir les équipements actuels et futurs.</line></par>
<par>
<line>Ainsi, vu l’insuffisance actuelle des réseaux d’assainissement, la zone « rue de fleurette » est classée en 2AU. Son passage en lAU dépendra</line>
<line>du renforcement de la station d’épuration ou de tout autre moyen approprié à l’assainissement et de la modification du PLU par le conseil</line>
<line>municipal.</line></par>
</text>
</block>
<block><region><rect/></region>
<text>
<par>
<line>3</line></par>
</text>
</block>





</page>
<page width="3508" height="2481" resolution="300">
<block><region><rect/></region>
<text>
<par>
<line>INGETER</line></par>
</text>
</block>
<block><region><rect/></region>
<text>
<par>
<line>l/Zone Ua rue de la Borne Blanche</line></par>
</text>
</block>
<block><region><rect/></region>
<text>
<par>
<line>D’une manière générale, il convient de créer en moyenne 4 constructions principales à usage d’habitat sur l’ensemble de l’opération.</line></par>
</text>
</block>
<block><region><rect/></region>
<text>
<par>
<line>Vu le contexte de la zone, il est demandé d’intégrer les constructions au mieux</line>
<line>dans le paysage. Pour cela, des transitions paysagères sont exigées en arrière</line>
<line>de parcelle et une architecture locale sera recherchée pour les constructions.</line></par>
<par>
<line>La création et le renforcement des réseaux et de la voirie est à la charge du/des</line>
<line>constructeur(s).</line></par>
<par>
<line>Le stationnement devra être fait sur la parcelle d’accueil de l’opération en</line>
<line>respectant le règlement du PLU.</line></par>
<par>
<line>Les voiries et accès indiqués dans l’OAP sont représentés comme principe</line>
<line>d’aménagement et non comme normes.</line></par>
</text>
</block>
<block><region><rect/></region>
<text>
<par/>
</text>
</block>
<block><region><rect/></region>
<text>
<par/>
</text>
</block>
<block><region><rect/></region>
<text>
<par/>
</text>
</block>
<block><region><rect/></region>
<text>
<par/>
</text>
</block>
<block><region><rect/></region>
<text>
<par>
<line>Lm;-</line></par>
</text>
</block>
<block><region><rect/></region>
<text>
<par/>
</text>
</block>
<block><region><rect/></region>
<text>
<par>
<line>m.</line></par>
</text>
</block>
<block><region><rect/></region>
<text>
<par>
<line>4</line></par>
</text>
</block>




<block blockType="Picture" blockName="" l="1971" t="743" r="2122" b="781"><region><rect/></region>
</block>
<block blockType="Picture" blockName="" l="2165" t="1185" r="2273" b="1226"><region><rect/></region>
</block>
<block blockType="Picture" blockName="" l="2540" t="617" r="2610" b="690"><region><rect/></region>
</block>
</page>
<page width="3512" height="2486" resolution="300">
<block><region><rect/></region>
<text>
<par>
<line>INGETER</line></par>
</text>
</block>
<block><region><rect/></region>
<text>
<par>
<line>■SS</line></par>
</text>
</block>
<block><region><rect/></region>
<text>
<par>
<line>O</line></par>
</text>
</block>
<block><region><rect/></region>
<text>
<par>
<line>O</line></par>
</text>
</block>
<block><region><rect/></region>
<text>
<par>
<line>O</line></par>
</text>
</block>
<block><region><rect/></region>
<text>
<par>
<line>Q</line></par>
</text>
</block>
<block><region><rect/></region>
<text>
<par>
<line>O</line></par>
</text>
</block>
<block><region><rect/></region>
<text>
<par>
<line>O</line></par>
</text>
</block>
<block><region><rect/></region>
<text>
<par>
<line>m</line></par>
</text>
</block>
<block><region><rect/></region>
<text>
<par>
<line>•71</line></par>
</text>
</block>
<block><region><rect/></region>
<text>
<par>
<line>ât</line></par>
</text>
</block>
<block><region><rect/></region>
<text>
<par>
<line>230</line></par>
</text>
</block>
<block><region><rect/></region>
<text>
<par>
<line>O</line></par>
</text>
</block>
<block><region><rect/></region>
<text>
<par>
<line>Bâ</line></par>
</text>
</block>
<block><region><rect/></region>
<text>
<par>
<line>224</line></par>
</text>
</block>
<block><region><rect/></region>
<text>
<par>
<line>220</line></par>
</text>
</block>
<block><region><rect/></region>
<text>
<par>
<line>227</line></par>
</text>
</block>
<block><region><rect/></region>
<text>
<par>
<line>377</line></par>
</text>
</block>
<block><region><rect/></region>
<text>
<par>
<line>354</line></par>
</text>
</block>
<block><region><rect/></region>
<text>
<par>
<line>ÏSi</line></par>
</text>
</block>
<block><region><rect/></region>
<text>
<par>
<line>356</line></par>
</text>
</block>
<block><region><rect/></region>
<text>
<par>
<line>353</line></par>
</text>
</block>
<block><region><rect/></region>
<text>
<par>
<line>357</line></par>
</text>
</block>
<block><region><rect/></region>
<text>
<par>
<line>240</line></par>
</text>
</block>
<block><region><rect/></region>
<text>
<par>
<line>238</line></par>
</text>
</block>
<block><region><rect/></region>
<text>
<par>
<line>239</line></par>
</text>
</block>
<block><region><rect/></region>
<text>
<par>
<line>190</line></par>
</text>
</block>
<block><region><rect/></region>
<text>
<par>
<line>Légende</line></par>
</text>
</block>
<block><region><rect/></region>
<text>
<par>
<line>Secteur faisant l'objet de l'OAP, 4 logements sont à prévoir sur ce secteur</line></par>
<par>
<line>Création d'une transition paysagère, Elle devra être</line>
<line>étudiée afin de ne pas enclaver le secteur é bâtir</line>
<line>derrière des "murs verts*</line></par>
</text>
</block>
<block><region><rect/></region>
<text>
<par/>
</text>
</block>
<block><region><rect/></region>
<text>
<par/>
</text>
</block>
<block><region><rect/></region>
<text>
<par/>
</text>
</block>
<block><region><rect/></region>
<text>
<par/>
</text>
</block>
<block><region><rect/></region>
<text>
<par>
<line>5</line></par>
</text>
</block>











<block blockType="Picture" blockName="" l="2924" t="69" r="3320" b="251"><region><rect/></region>
</block>
<block blockType="Picture" blockName="" l="1942" t="954" r="2091" b="1019"><region><rect/></region>
</block>
</page>
<page width="3508" height="2481" resolution="300">
<block><region><rect/></region>
<text>
<par>
<line>INGETER</line></par>
</text>
</block>
<block><region><rect/></region>
<text>
<par>
<line>11/Zone AU rue de Fleurette</line></par>
</text>
</block>
<block><region><rect/><rect/><rect/></region>
<text>
<par>
<line>D’une manière générale, il convient de créer en moyenne 19 logements à l’hectare sur l’ensemble de l’opération. Cet indice devra prendre en</line>
<line>compte la soustraction des espaces neutres (espaces verts, voiries secondaires...).</line></par>
<par>
<line>Vu le contexte de la zone, il est demandé d’intégrer les constructions au mieux dans le paysage.</line></par>
<par>
<line>Pour cela, des transitions paysagères sont exigées.</line></par>
<par>
<line>La création et le renforcement des réseaux et de la voirie est à la charge du/des constructeur(s).</line></par>
<par>
<line>Il est demandé qu’une réflexion entre tous les propriétaires/aménageurs soit faite afin de réaliser</line>
<line>un aménagement d’ensemble pour l’ensemble de la zone.</line></par>
<par>
<line>Les évolutions en matières d’économie d’énergie devront être prises en compte dans la</line>
<line>construction des futurs bâtiments (ex: bâtiment basse consommation (BBC)).</line></par>
<par>
<line>Le stationnement devra être fait sur la parcelle d’accueil de l’opération en respectant le règlement</line>
<line>du PLU.</line></par>
<par>
<line>Les voiries et accès indiqués dans l’OAP sont représentés comme principe d’aménagement et non</line>
<line>comme normes.</line></par>
</text>
</block>
<block><region><rect/></region>
<text>
<par>
<line>150</line></par>
</text>
</block>
<block><region><rect/></region>
<text>
<par>
<line>%</line></par>
</text>
</block>
<block><region><rect/></region>
<text>
<par/>
</text>
</block>
<block><region><rect/></region>
<text>
<par/>
</text>
</block>
<block><region><rect/></region>
<text>
<par/>
</text>
</block>
<block><region><rect/></region>
<text>
<par>
<line>6</line></par>
</text>
</block>










<block blockType="Picture" blockName="" l="2325" t="1026" r="2362" b="1118"><region><rect/></region>
</block>
<block blockType="Picture" blockName="" l="2314" t="616" r="3253" b="1463"><region><rect/></region>
</block>
</page>
<page width="3508" height="2481" resolution="300">
<block><region><rect/></region>
<text>
<par>
<line>NGETER</line></par>
</text>
</block>
<block><region><rect/></region>
<text>
<par>
<line>Legende</line></par>
</text>
</block>
<block><region><rect/></region>
<text>
<par>
<line>519</line></par>
</text>
</block>
<block><region><rect/></region>
<text>
<par>
<line>SS3</line></par>
</text>
</block>
<block><region><rect/></region>
<text>
<par>
<line>Secteur faisant I objet de l'OAP</line></par>
</text>
</block>
<block><region><rect/></region>
<text>
<par>
<line>Création d une transition paysagère. Elle devra être</line></par>
</text>
</block>
<block><region><rect/></region>
<text>
<par>
<line>étudiée afin de ne pas enclaver le secteur à bâtir</line></par>
</text>
</block>
<block><region><rect/></region>
<text>
<par>
<line>derrière des murs verts</line></par>
</text>
</block>
<block><region><rect/></region>
<text>
<par>
<line>r</line></par>
</text>
</block>
<block><region><rect/></region>
<text>
<par>
<line>Ü:</line></par>
</text>
</block>
<block><region><rect/></region>
<text>
<par>
<line>voirie principale. Elle devra prendre en compte les</line></par>
</text>
</block>
<block><region><rect/></region>
<text>
<par>
<line>déplacements doux.</line></par>
</text>
</block>
<block><region><rect/></region>
<text>
<par>
<line>476</line></par>
</text>
</block>
<block><region><rect/></region>
<text>
<par>
<line>a</line></par>
</text>
</block>
<block><region><rect/></region>
<text>
<par>
<line>Chemin doux à créer. Largeur minimum: 2,50m</line></par>
</text>
</block>
<block><region><rect/></region>
<text>
<par>
<line>Q</line></par>
</text>
</block>
<block><region><rect/></region>
<text>
<par>
<line>Trottoirs créer. Largeur minimum; T40m</line></par>
</text>
</block>
<block><region><rect/></region>
<text>
<par>
<line>475</line></par>
</text>
</block>
<block><region><rect/></region>
<text>
<par>
<line>163</line></par>
</text>
</block>
<block><region><rect/></region>
<text>
<par>
<line>413</line></par>
</text>
</block>
<block><region><rect/></region>
<text>
<par>
<line>53*</line></par>
</text>
</block>
<block><region><rect/></region>
<text>
<par>
<line>164</line></par>
</text>
</block>
<block><region><rect/></region>
<text>
<par>
<line>466</line></par>
</text>
</block>
<block><region><rect/></region>
<text>
<par>
<line>598</line></par>
</text>
</block>
<block><region><rect/></region>
<text>
<par>
<line>169</line></par>
</text>
</block>
<block><region><rect/></region>
<text>
<par>
<line>560</line></par>
</text>
</block>
<block><region><rect/></region>
<text>
<par>
<line>446</line></par>
</text>
</block>
<block><region><rect/></region>
<text>
<par>
<line>Ce secteur, sur un point haut de la commune, doit revêtir un caractère relativement aéré afin de ne pas saturer le paysage. Le secteur doit donc</line>
<line>être pourvu de 6 logements</line></par>
</text>
</block>
<block><region><rect/><rect/></region>
<text>
<par/>
</text>
</block>
<block><region><rect/></region>
<text>
<par>
<line>7</line></par>
</text>
</block>
<block><region><rect/></region>
<text orientation="RotatedCounterclockwise">
<par>
<line>V/'-</line></par>
</text>
</block>















<block blockType="Picture" blockName="" l="1276" t="811" r="1425" b="943"><region><rect/></region>
</block>
<block blockType="Picture" blockName="" l="2134" t="704" r="2291" b="771"><region><rect/></region>
</block>
</page>
<page width="3508" height="2481" resolution="300">
<block><region><rect/><rect/></region>
<text>
<par>
<line>(SITE R</line></par>
<par>
<line>riiiiViî'-MrïrâiiiH!-• ^ "il- ii-niii •l'i^iiii</line></par>
</text>
</block>
<block><region><rect/></region>
<text>
<par>
<line>SIEGE SOCIAL:</line></par>
<par>
<line>12C RUE VICTOR HUGO</line></par>
<par>
<line>80440 BOVES</line>
<line>CONTACT@INGETER.FR</line>
<line>TÉL: 03.22.70.05.91</line></par>
</text>
</block>
<block><region><rect/></region>
<text>
<par>
<line>Agence Nord</line></par>
<par>
<line>110 rue de Lille</line>
<line>59650 VILLENEUVE D’ASCQ</line></par>
</text>
</block>
<block><region><rect/></region>
<text>
<par>
<line>Agence Centre Est</line></par>
<par>
<line>Chemin des Huguenots</line>
<line>CASV - Place Régnault</line>
<line>26000 VALENCE</line></par>
</text>
</block>




















</page>
</OAP>