<?xml version="1.0" encoding="UTF-8"?><OAP>
<page width="4512" height="6385" resolution="546">
<block><region><rect/></region>
<text>
<par>
<line>COMMUNE DE</line>
<line>SAINT ROMANS-LES-MELLE</line></par>
</text>
</block>
<block><region><rect/></region>
<text>
<par>
<line>PLAN LOCAL D’URBANISME</line></par>
<par>
<line>ORIENTATIONS D’AMENAGEMENT</line></par>
</text>
</block>
<block><region><rect/></region>
<text>
<par/>
</text>
</block>
<block><region><rect/></region>
<text>
<par/>
</text>
</block>
<block><region><rect/></region>
<text>
<par/>
</text>
</block>
<block><region><rect/></region>
<text>
<par>
<line>s:</line></par>
</text>
</block>
<block><region><rect/></region>
<text>
<par>
<line>Vu pour être annexé à la délibération du Conseil M unicipal en date du</line>
<line>décidant d'approuver le Plan Local d'Urbanisme</line></par>
<par>
<line>Le Maire</line></par>
</text>
</block>
<block><region><rect/></region>
<text>
<par>
<line>Eve LAGLEYZE</line></par>
<par>
<line>Conseil Etude en Aménagement du</line>
<line>Tennitoine</line></par>
<par>
<line>Le Grand Mauduit</line>
<line>79360 MARIGNY</line>
<line>Tél. : 05 49 09 09 61</line></par>
</text>
</block>
<block><region><rect/></region>
<text>
<par>
<line>Atelier de l'EMPREINTE</line>
<line>Eric Enon paysagiste DPLG</line>
<line>1 2 8 Bo u I evar d D e I mas</line>
<line>17000 La Rochelle</line>
<line>Tél. : 05 46 41 91 81</line></par>
</text>
</block>












<block blockType="Picture" blockName="" l="3418" t="3614" r="3704" b="3684"><region><rect/></region>
</block>
<block blockType="Picture" blockName="" l="618" t="5288" r="1984" b="5992"><region><rect/></region>
</block>
<block blockType="Picture" blockName="" l="2528" t="5288" r="3826" b="5992"><region><rect/></region>
</block>
</page>
<page width="2479" height="3508" resolution="300">
<block><region><rect/></region>
<text>
<par>
<line>Les orientations d'aménagement sont déclinées sous la forme de projets pour la commune. Ces projets</line>
<line>présentés ne sont pas complètement aboutis mais les objectifs et les prescriptions de base sont clairement</line>
<line>définis. Ils concernent les zones d'opération d'ensemble pour l'habitat.</line></par>
<par>
<line>Les zones AUh et AU citées dans ce présent document sont toutes concernées par des opérations d'ensemble</line>
<line>dont les grands principes d'aménagement sont présentées ci-après. Il convient de préciser que quasiment</line>
<line>chaque zone AUh et AU du bourg est au sein du périmètre de protection de l'Eglise de St Romans - Les -</line>
<line>Melle qui est classée Monument Historique. De ce fait, chaque construction ou modification ayant une</line>
<line>i ncidence sur l'aspect extérieur doit être soumis à l'avis de l'architecte des Bâti ments de F rance.</line></par>
<par>
<line>Afin que les extensions urbaines ne gomment pas l'originalité et le caractère de la structure urbaine du</line>
<line>bourg de St Romans Les Melle ainsi que le hameau de Négressauve et d'Etrochon, il apparaît important</line>
<line>qu'elles soient en continuité avec l'existant et non en rupture. Les habitants des futurs quartiers devront avoir le</line>
<line>sentiment d'appartenir à la même unité de vie que les habitants du bourg ancien et vis et versa ces derniers</line>
<line>devront pouvoi r se reconnaître dans ces lotissements péri phériques.</line></par>
<par>
<line>C'est pour cela que dans un souci d'intégration et de cohérence dans le fonctionnement urbain, les nouvelles</line>
<line>voiries nécessai res à la desserte de ces quarti ers doi vent s'organi ser en foncti on de la trame exi stante.</line></par>
<par>
<line>De plus, dans un souci environnemental, paysager et de fonctionnalité urbaine, des liaisons douces doivent être</line>
<line>mises en place dans les nouveaux quartiers pour créer des continuités avec le bourg ancien.</line></par>
<par>
<line>Dans chacune de ces opérations d'ensemble, il convient de veiller à l'implantation du bâti par rapport à la</line>
<line>voirie et au sein de la parcelle de sorte qu'elle ne soit pas en opposition à l'implantation traditionnelle et</line>
<line>qu'elle permet de profi ter des apports sol ai res.</line></par>
<par>
<line>De plus, il sera consei llé au loti sseur ou à tout autre i nvesti sseur sur l es zones à lotir de choi si r des matéri aux de</line>
<line>qualité, durables et respectueux de l'environnement, et de prévoir des dispositions telles que : la récupération</line>
<line>des eaux de pluie, l'utilisation d'énergie propre, l'optimisation de l'isolation et la gestion de la voiture en</line>
<line>dehors des voies de desserte.</line></par>
</text>
</block>
<block><region><rect/></region>
<text>
<par>
<line>PLU - St Romans - Les -Melle - Orientations d'aménagement</line></par>
</text>
</block>
<block><region><rect/></region>
<text>
<par>
<line>2</line></par>
</text>
</block>
</page>
<page width="2479" height="3508" resolution="300">
<block><region><rect/></region>
<text>
<par>
<line>I.</line></par>
</text>
</block>
<block><region><rect/></region>
<text>
<par>
<line>L'aménagement de la trame viaire en continuité de l'existante.</line></par>
</text>
</block>
<block><region><rect/></region>
<text>
<par>
<line>1.1. De nouveaux axes routiers pour desservir les nouveaux quartiers.</line></par>
<par>
<line>L'extension urbaine du bourg nécessite la création de voies secondaires. Ces dernières desserviront les futurs</line>
<line>quartiers urbanisables en continuité du réseau viaire existant et selon les principes de la trame viaire existante</line>
<line>(gabarit, organisation etc.)</line></par>
<par>
<line>Les nouvelles voies peuvent être hiérarchisées par la largeur de chaussée mais également par la position de</line>
<line>caniveaux ou de noues minérales.</line></par>
<par>
<line>La largeur de la rue dans un nouveau quartier doit être limitée afin d'être en accord avec les gabarits des voies</line>
<line>existants et de limiter l'imperméabilisation des sols. Les nouvelles voies définies seront réduites à une bande</line>
<line>de roulement à 4,7 mètres de large et une place sera réservée aux piétons, au traitement du paysage et à la</line>
<line>gestion des eaux pluviales ( type noues) si cela est nécessaire et possible.</line></par>
<par>
<line>Néanmoins dans un souci de hiérarchisation des voies ou d'augmentation de l'emprise réservée aux circulations</line>
<line>douces, cette largeur de chaussée peut être réduite ou augmentée dans les zones.</line></par>
<par>
<line>Certaines de ces voies peuvent avoir un traitement paysager type arbres d'alignement, engazonnement etc.</line>
<line>mais elles peuvent aussi en être dépourvues.</line></par>
<par>
<line>Afin de paysager les voies, l'initiative privée doit être encouragée. On peut reproduire ce qui existe déjà par</line>
<line>endroit : plantation de vivaces et de plantes robustes en pied de mur de transition entre l'espace privé et</line>
<line>l'espace public.</line></par>
<par>
<line>1.2. Des liaisons douces</line></par>
<par>
<line>La création de nouvelles liaisons douces permet la prise en compte des enjeux environnementaux et participe à</line>
<line>l ' amél i orati on du cadre de vi e dans le bourg. Ainsi il sera possi bl e de se dépl acer à pied ou à vél o dans l e bourg</line>
<line>et de relier les nouveaux quartiers d'habitat aux anciens quartiers et au centre bourg où se concentrent les</line>
<line>équipements et les services. L'entretien assurant une bonne qualité paysagère et roulante des chemins est</line>
<line>essenti elle pour qu'ils soi ent fréquentés.</line></par>
<par>
<line>Deux types de liaisons douces seront possibles dans les nouveaux quartiers :</line></par>
<par>
<line>- des chemi ns réservés excl usi vement aux ci rcul ati ons douces avec une empri se entre 2 et 4 mètres</line></par>
<par>
<line>- des espaces aménagés et réservés sur les axes routiers aux piétons et aux cyclistes avec une emprise de plus</line>
<line>d'1,5 mètres.</line></par>
<par>
<line>Ainsi certains parcours piétonniers et automobiles pourront être dissociés pour sécuriser les modes de</line>
<line>déplacements et certains axes routiers pourront assurés des liaisons mixtes où se côtoiera la voiture, le piéton et</line>
<line>le vélo.</line></par>
<par>
<line>11. Composition urbaine des nouveaux quartiers urbanisables.</line></par>
<par>
<line>Les grands principes pour chaque nouveau quartier sont présentés sur les pages ci-après. Les principes de base</line>
<line>présentés sur ces pl anches et l es détai ls de ces pri nci pes ne sont présentés qu'à ti tre indi catif.</line></par>
<par>
<line>• Découpage parcellaire</line></par>
<par>
<line>Pour répondre à la diversification de l'offre foncière en termes de coûts et de surfaces des parcelles et afin de</line>
<line>favori ser la di versi té soci ale, les nouveaux quarti ers urbani sabl es se composeront de parcel les de taille vari ée et</line>
<line>adaptées aux contrai ntes du sol pour la mi se en place d'un assai ni ssement indivi duel.</line></par>
</text>
</block>
<block><region><rect/></region>
<text>
<par>
<line>PLU - St Romans - Les -Melle - Orientations d'aménagement</line></par>
</text>
</block>
<block><region><rect/></region>
<text>
<par>
<line>3</line></par>
</text>
</block>
</page>
<page width="2479" height="3508" resolution="300">
<block><region><rect/></region>
<text>
<par>
<line>Implantation du bâti</line></par>
</text>
</block>
<block><region><rect/></region>
<text>
<par>
<line>Les constructions doivent s'organiser suivant les courbes du relief pour une bonne i ntégration paysagère et ne</line>
<line>pas gêner l ' écoul ement des eaux pl uvi al es.</line></par>
<par>
<line>Elles peuvent être implantées à l'alignement des voies. En effet, cela participera à la constitution de fronts bâtis</line>
<line>le long des voies en continuité de l'existant. Si l'orientation n'est pas favorable à l'ensoleillement, un recul est</line>
<line>possible mais alors un mur ou une haie devra clore l'espace.</line></par>
<par>
<line>Pour assurer une protection contre les vents, des clôtures végétales entre les parcelles sont consei llées.</line></par>
<par>
<line>Pour mi norer les déperditions énergétiques, l ' habitat aux façades mitoyennes est consei llé.</line></par>
<par>
<line>Pour minimiser les ombres portées des bâtis les uns par rapport aux autres, il convient de prêter attention et de</line>
<line>défi ni r des bandes constructi bles sur les parcelles les unes par rapport aux autres.</line></par>
<par>
<line>Le respect de ces prescriptions pourra participer à la création d'un paysage et un développement urbain</line>
<line>raisonnée.</line></par>
</text>
</block>
<block><region><rect/></region>
<text>
<par>
<line>• Création d'espace public</line></par>
<par>
<line>Dans chaque nouveau quartier, des espaces publics de qualité, végétalisés ou et minérales, ensoleillés et</line>
<line>protégés du vent, seront crées. Ces espaces publics participeront à créer du lien social et des espaces de</line>
<line>convivialité.</line></par>
<par>
<line>Les nouvelles liaisons douces seront, dès que possible, protégées de haies végétales existantes ou à créer.</line></par>
</text>
</block>
<block><region><rect/></region>
<text>
<par>
<line>PLU - St Romans - Les -Melle - Orientations d'aménagement</line></par>
</text>
</block>
<block><region><rect/></region>
<text>
<par>
<line>4</line></par>
</text>
</block>
</page>
<page width="2603" height="3684" resolution="315">
<block><region><rect/></region>
<text>
<par>
<line>LA TERRIERE</line></par>
</text>
</block>
<block><region><rect/></region>
<text>
<par/>
</text>
</block>
<block><region><rect/></region>
<text>
<par>
<line>Voie de dessert</line></par>
</text>
</block>
<block><region><rect/></region>
<text>
<par>
<line>creer</line></par>
</text>
</block>
<block><region><rect/></region>
<text>
<par>
<line>Haie a constituer</line></par>
</text>
</block>
<block><region><rect/></region>
<text>
<par>
<line>Espace</line></par>
</text>
</block>
<block><region><rect/></region>
<text>
<par>
<line>public</line></par>
</text>
</block>
<block><region><rect/></region>
<text>
<par>
<line>(place</line></par>
</text>
</block>
<block><region><rect/></region>
<text>
<par>
<line>acette</line></par>
</text>
</block>
<block><region><rect/></region>
<text>
<par>
<line>etc</line></par>
</text>
</block>
<block><region><rect/></region>
<text>
<par>
<line>eer</line></par>
</text>
</block>
<block><region><rect/></region>
<text>
<par>
<line>a</line></par>
</text>
</block>
<block><region><rect/></region>
<text>
<par>
<line>LA TERRKRE-:iUD</line></par>
</text>
</block>
<block><region><rect/></region>
<text>
<par>
<line>LE</line></par>
</text>
</block>
<block><region><rect/></region>
<text>
<par>
<line>VALLI</line></par>
</text>
</block>
<block><region><rect/></region>
<text>
<par>
<line>CERimER DE LA VIDLBTTE-EST</line></par>
</text>
</block>
<block><region><rect/></region>
<text>
<par>
<line>To</line></par>
</text>
</block>
<block><region><rect/></region>
<text>
<par/>
</text>
</block>
<block><region><rect/></region>
<text>
<par>
<line>- Organiser les nouvelles constructions et voies en continuité du tissu urbain existant et suivant les courbes</line>
<line>du relief pour une bonne intégration paysagère, un bon fonctionnement urbain et ne pas gêner l'écoulement</line>
<line>des eaux pluviales.</line></par>
<par>
<line>- Créer des écrans visuels avec des haies pour constituer des transitions de qualité et prolonger des</line>
<line>corridors écologiques.</line></par>
<par>
<line>- Créer un axe transversal avec un espace public associé.</line></par>
<par>
<line>- Créer des liaisons douces qui pourront s'appuyer sur la trame routière ou dissociées de celle-ci.</line></par>
</text>
</block>
<block><region><rect/></region>
<text>
<par>
<line>PLU - St Romans - Les -Melle - Orientations d'aménagement</line></par>
</text>
</block>
<block><region><rect/></region>
<text>
<par>
<line>5</line></par>
</text>
</block>
















<block blockType="Picture" blockName="" l="163" t="2981" r="2487" b="3434"><region><rect/></region>
</block>
<block blockType="Picture" blockName="" l="169" t="636" r="285" b="693"><region><rect/></region>
</block>
</page>
<page width="2479" height="3508" resolution="300">
<block><region><rect/></region>
<text>
<par>
<line>LA GARENNE</line></par>
</text>
</block>
<block><region><rect/></region>
<text>
<par>
<line>LA/GAREN^';:-ES</line></par>
</text>
</block>
<block><region><rect/></region>
<text>
<par>
<line>l6s VERDIL</line></par>
</text>
</block>
<block><region><rect/></region>
<text>
<par>
<line>r</line></par>
</text>
</block>
<block><region><rect/></region>
<text>
<par>
<line>LES VLRDILLDNS-SU</line></par>
</text>
</block>
<block><region><rect/></region>
<text>
<par/>
</text>
</block>
<block><region><rect/></region>
<text>
<par/>
</text>
</block>
<block><region><rect/></region>
<text>
<par>
<line>Creer des axes transversaux routiers et</line></par>
</text>
</block>
<block><region><rect/></region>
<text>
<par>
<line>des liaisons douces</line></par>
</text>
</block>
<block><region><rect/></region>
<text>
<par>
<line>Constituer une nouve e haie</line></par>
</text>
</block>
<block><region><rect/></region>
<text>
<par>
<line>Creer un espace public central</line></par>
</text>
</block>
<block><region><rect/></region>
<text>
<par>
<line>L£ PONTREAU</line></par>
</text>
</block>
<block><region><rect/></region>
<text>
<par>
<line>- C réer des axes transversaux et des liai sons douces avec l'impl antati on d'un espace public central.</line></par>
<par>
<line>- Planter des haies entre les espaces construits et l'espace agricole pour découper l'espace constructible</line>
<line>suivant une trame paysagère de qual ité.</line></par>
</text>
</block>
<block><region><rect/></region>
<text>
<par>
<line>PLU - St Romans - Les -Melle - Orientations d'aménagement</line></par>
</text>
</block>
<block><region><rect/></region>
<text>
<par>
<line>6</line></par>
</text>
</block>
















































<block blockType="Picture" blockName="" l="1722" t="1661" r="1823" b="1786"><region><rect/></region>
</block>
</page>
<page width="2479" height="3508" resolution="300">
<block><region><rect/></region>
<text>
<par>
<line>BEL - AIR</line></par>
</text>
</block>
<block><region><rect/></region>
<text>
<par/>
</text>
</block>
<block><region><rect/></region>
<text>
<par>
<line>O</line></par>
</text>
</block>
<block><region><rect/></region>
<text>
<par/>
</text>
</block>
<block><region><rect/></region>
<text>
<par/>
</text>
</block>
<block><region><rect/></region>
<text>
<par>
<line>10</line></par>
</text>
</block>
<block><region><rect/></region>
<text>
<par>
<line>20</line></par>
</text>
</block>
<block><region><rect/></region>
<text>
<par>
<line>40</line></par>
</text>
</block>
<block><region><rect/></region>
<text>
<par>
<line>Zone constructible pour I implantation de</line></par>
</text>
</block>
<block><region><rect/></region>
<text>
<par>
<line>la construction principale.</line></par>
</text>
</block>
<block><region><rect/></region>
<text>
<par>
<line>Zone constructible pour implantation</line></par>
</text>
</block>
<block><region><rect/></region>
<text>
<par>
<line>2s</line></par>
</text>
</block>
<block><region><rect/></region>
<text>
<par>
<line>d’abris de jardin, terrasse et piscine.</line></par>
</text>
</block>
<block><region><rect/></region>
<text>
<par>
<line>Zone inconstructible.</line></par>
</text>
</block>
<block><region><rect/></region>
<text>
<par>
<line>Mur a préserver</line></par>
</text>
</block>
<block><region><rect/></region>
<text>
<par>
<line>WJïïC-Êt Haie a constituer</line></par>
</text>
</block>
<block><region><rect/></region>
<text>
<par>
<line>- Réserver sur les parcelles 368 et 367 le long de l a Route de Melle une bande i nconstructi ble de 10</line>
<line>mètres de l arge puis une bande de 20 mètres autori sant l a constructi on d' abri s de j ardi ns, de terrasse et</line>
<line>de pi sci ne pour préserver l e paysage et l ' entrée de bourg.</line></par>
<par>
<line>- Constituer un alignement sur rue le long de la Rue de la Garenne par un mur ou par une partie de la</line>
<line>construction.</line></par>
<par>
<line>- Constituer une haie le long du chemin de Bel Air.</line></par>
<par>
<line>- Préserver le mur existant.</line></par>
</text>
</block>
<block><region><rect/></region>
<text>
<par>
<line>PLU - St Romans - Les -Melle - Orientations d'aménagement</line></par>
</text>
</block>
<block><region><rect/></region>
<text>
<par>
<line>7</line></par>
</text>
</block>



















<block blockType="Picture" blockName="" l="155" t="2452" r="2331" b="2903"><region><rect/></region>
</block>
<block blockType="Picture" blockName="" l="1472" t="1678" r="1588" b="1730"><region><rect/></region>
</block>
</page>
<page width="2479" height="3508" resolution="300">
<block><region><rect/></region>
<text>
<par>
<line>NEGRESSAUVE</line></par>
</text>
</block>
<block><region><rect/></region>
<text>
<par>
<line>EGREÆSAUVE-mES</line></par>
</text>
</block>
<block><region><rect/></region>
<text>
<par>
<line>©</line></par>
</text>
</block>
<block><region><rect/></region>
<text>
<par>
<line>©</line></par>
</text>
</block>
<block><region><rect/></region>
<text>
<par>
<line>NEGRESSAUVE~EST</line></par>
</text>
</block>
<block><region><rect/></region>
<text>
<par>
<line>Créer une contre allée de desserte</line></par>
</text>
</block>
<block><region><rect/></region>
<text>
<par>
<line>©</line></par>
</text>
</block>
<block><region><rect/></region>
<text>
<par>
<line>Creer un alignement d arbres (fruitiers par exemple)</line></par>
</text>
</block>
<block><region><rect/></region>
<text>
<par>
<line>Conserver le paysagement existant</line></par>
</text>
</block>
<block><region><rect/></region>
<text>
<par>
<line>LA BRDUSSE</line></par>
</text>
</block>
<block><region><rect/></region>
<text>
<par>
<line>Constituer une nouvelle haie</line></par>
</text>
</block>
<block><region><rect/></region>
<text>
<par>
<line>- Conserver les jardins et les utiliser pour le paysagement pour une bonne intégration paysagère.</line></par>
<par>
<line>- Créer une contre allée avec un paysagement associé en le prolongeant par un alignement</line>
<line>d'arbres pour une bonne intégration paysagère.</line></par>
<par>
<line>- Organiser les nouvelles constructions en privilégiant une orientation sud sud ouest le long de la</line>
<line>contre allée pour une bonne i ntégration urbai ne.</line></par>
<par>
<line>- C réer des écrans vi suel s avec des hai es pour consti tuer des transi ti ons de qual i té entre l ' espace</line>
<line>bâti et l'espace agricole.</line></par>
</text>
</block>
<block><region><rect/></region>
<text>
<par>
<line>PLU - St Romans - Les -Melle - Orientations d'aménagement</line></par>
</text>
</block>
<block><region><rect/></region>
<text>
<par>
<line>8</line></par>
</text>
</block>








<block blockType="Picture" blockName="" l="192" t="2687" r="2218" b="3138"><region><rect/></region>
</block>
</page>
<page width="2479" height="3508" resolution="300">
<block><region><rect/></region>
<text>
<par>
<line>ETROCHON</line></par>
</text>
</block>
<block><region><rect/></region>
<text>
<par>
<line>&gt;</line></par>
</text>
</block>
<block><region><rect/></region>
<text>
<par>
<line>%</line></par>
</text>
</block>
<block><region><rect/></region>
<text>
<par>
<line>ETRDCHUN</line></par>
</text>
</block>
<block><region><rect/></region>
<text>
<par>
<line>Conserver les murs</line></par>
</text>
</block>
<block><region><rect/></region>
<text>
<par>
<line>Constituer une nouvelle haie</line></par>
</text>
</block>
<block><region><rect/></region>
<text>
<par>
<line>Creer des voies de desserte</line></par>
</text>
</block>
<block><region><rect/></region>
<text>
<par>
<line>Créer un espace public</line></par>
</text>
</block>
<block><region><rect/></region>
<text>
<par>
<line>Choix d implantation des constructions a privilégier</line></par>
</text>
</block>
<block><region><rect/></region>
<text>
<par>
<line>- Conserver les murs existants et les haies existantes classées et protégées.</line></par>
<par>
<line>- Créer de nouvelles haies pour constituer des transitions de qualité et poursuivre les corridors</line>
<line>écologiques.</line></par>
<par>
<line>- C réer des axes de desserte qui soi ent en conti nuité de la trame vi ai re exi stante.</line></par>
<par>
<line>- Orienter les nouvelles constructions sud sud-ouest (par exemple perpendiculairement au chemin rural</line>
<line>de B ri oux) à l'i nstar des constructi ons anci ennes.</line></par>
</text>
</block>
<block><region><rect/></region>
<text>
<par>
<line>PLU - St Romans - Les -Melle - Orientations d'aménagement</line></par>
</text>
</block>
<block><region><rect/></region>
<text>
<par>
<line>9</line></par>
</text>
</block>


<block blockType="Picture" blockName="" l="155" t="2839" r="2331" b="3253"><region><rect/></region>
</block>
<block blockType="Picture" blockName="" l="700" t="1935" r="811" b="2006"><region><rect/></region>
</block>
<block blockType="Picture" blockName="" l="172" t="2569" r="288" b="2627"><region><rect/></region>
</block>
</page>
</OAP>