<?xml version="1.0" encoding="UTF-8"?><OAP>
<page width="3508" height="2479" resolution="300">
<block><region><rect/></region>
<text>
<par>
<line>Département de la Somme (80)</line></par>
</text>
</block>
<block><region><rect/><rect/></region>
<text>
<par>
<line>Plan Local d’Urbanisme</line>
<line>d’ASSEVILLERS</line></par>
</text>
</block>
<block><region><rect/></region>
<text>
<par/>
</text>
</block>
<block><region><rect/></region>
<text>
<par>
<line>•m</line></par>
</text>
</block>
<block><region><rect/></region>
<text>
<par/>
</text>
</block>
<block><region><rect/></region>
<text>
<par>
<line>III</line></par>
</text>
</block>
<block><region><rect/></region>
<text>
<par>
<line>E.COLE</line></par>
</text>
</block>
<block><region><rect/></region>
<text>
<par>
<line>Il II</line></par>
</text>
</block>
<block><region><rect/></region>
<text>
<par>
<line>III</line></par>
</text>
</block>
<block><region><rect/></region>
<text>
<par>
<line>un</line></par>
</text>
</block>
<block><region><rect/></region>
<text>
<par>
<line>^lU</line></par>
</text>
</block>
<block><region><rect/></region>
<text>
<par>
<line>ÜA</line></par>
</text>
</block>
<block><region><rect/></region>
<text>
<par>
<line>■</line></par>
</text>
</block>
<block><region><rect/></region>
<text>
<par>
<line>Orientations d amenagement et de programmation</line></par>
</text>
</block>
<block blockType="Table" blockName="" l="655" t="1813" r="2822" b="2318"><region><rect/></region>
<row>
<cell width="1099" height="262">
<text>
<par>
<line>Vu pour être annexé à la délibération</line>
<line>du conseil municipal du</line></par>
</text></cell>
<cell width="1068" height="262">
<text>
<par>
<line>Dossier approbation</line></par>
</text></cell></row>
<row>
<cell width="1099" height="243">
<text>
<par>
<line>Pièce n°4</line></par>
</text></cell>
<cell width="1068" height="243">
<text>
<par>
<line>Urbaniste :</line></par>
<par>
<line>DESSEIN URBAIN ^</line></par>
<par>
<line>4, rue de Marines</line></par>
<par>
<line>60 240 MONNEVILLE</line>
<line>tel/fax : 03 44 49 03 14</line></par>
</text></cell></row>
</block>




















</page>
<page width="3508" height="2479" resolution="300">
<block><region><rect/></region>
<text>
<par>
<line>SOMMAIRE</line></par>
</text>
</block>
<block><region><rect/></region>
<text>
<par>
<line>I. Introduction :.2</line></par>
<par>
<line>II. Rappel des orientations générales.3</line></par>
<par>
<line>III. Secteur de la rue Traversière :.4</line></par>
</text>
</block>
<block><region><rect/></region>
<text>
<par>
<line>Plan Local d’Urbanisme d’Assevilliers - Orientations d’aménagement et de programmation - mars 2013</line></par>
</text>
</block>
<block><region><rect/></region>
<text>
<par>
<line>1</line></par>
</text>
</block>



</page>
<page width="3508" height="2479" resolution="300">
<block><region><rect/></region>
<text>
<par>
<line>I. Introduction :</line></par>
</text>
</block>
<block><region><rect/></region>
<text>
<par>
<line>Ce document complète le Projet d'Aménagement et de</line>
<line>Développement Durable (P.A.D.D.) qui définit les orientations</line>
<line>générales d'aménagement et d'urbanisme retenues par la</line>
<line>commune.</line></par>
<par>
<line>Le PADD a été instauré dans les documents d'urbanisme par la loi</line>
<line>Solidarité et Renouvellement Urbain du 13 décembre 2000, modifiée par</line>
<line>la loi Urbanisme et Habitat du 2 juillet 2003 (Code de l'urbanisme, article</line>
<line>L.123-1 et L.123-9).</line></par>
<par>
<line>Il précise les mesures assurant :</line></par>
<par>
<line>• La préservation des centres-villes et centres de quartier, leur</line>
<line>développement ou leur création,</line></par>
<par>
<line>• La restructuration ou la réhabilitation d'îlots, de quartiers ou de</line>
<line>secteurs,</line></par>
<par>
<line>• La conservation des caractéristiques et du traitement des rues,</line>
<line>sentiers piétonniers et pistes cyclables, des espaces et ouvrages</line>
<line>publics,</line></par>
<par>
<line>• La sauvegarde de la diversité commerciale des quartiers,</line></par>
<par>
<line>• L'aménagement des entrées de ville,</line></par>
<par>
<line>• La préservation des paysages.</line></par>
<par>
<line>Les orientations d'aménagement et de programmation assurent :</line></par>
<par>
<line>• L'aménagement et le développement pour réhabiliter, restructurer</line></par>
<par>
<line>ou aménager la commune : mise en valeur de l'environnement,</line>
<line>paysage, entrée de ville, patrimoine^</line></par>
<par>
<line>• L'habitat : étudier les besoins, assurer la mixité sociale, conserver</line></par>
<par>
<line>un équilibre,</line></par>
<par>
<line>• Les transports et les déplacements : organiser les circulations,</line></par>
<par>
<line>assurer le stationnement nécessaire.</line></par>
</text>
</block>
<block><region><rect/></region>
<text>
<par>
<line>Ce cahier d'orientations particulières d'aménagement présente les</line>
<line>orientations d'aménagement relatives au secteur d'extension de</line>
<line>l'urbanisation suivant :</line></par>
<par>
<line>• Secteur de la rue Traversière.</line></par>
<par>
<line>Ces orientations particulières d'aménagement sont opposables</line>
<line>mais n'engendrent qu'une obligation de compatibilité.</line></par>
</text>
</block>
<block><region><rect/></region>
<text>
<par>
<line>Compatibilité n'est pas conformité</line></par>
<par>
<line>Un document est conforme à un texte ou un document de</line>
<line>portée supérieure lorsqu'il respecte en tout point ce texte ou</line>
<line>ce document.</line></par>
<par>
<line>Un document est compatible avec un texte ou un document</line>
<line>de portée supérieure lorsqu'il n'est pas contraire aux</line>
<line>orientations ou principes fondamentaux de ce texte ou de</line>
<line>ce document et qu'il contribue, même partiellement, à</line>
<line>leur réalisation,</line></par>
</text>
</block>
<block><region><rect/></region>
<text>
<par>
<line>Plan Local d'Urbanisme d'Assevilliers - Orientations d'aménagement et de programmation - mers 2013</line></par>
</text>
</block>
<block><region><rect/></region>
<text>
<par>
<line>2</line></par>
</text>
</block>





<block blockType="Picture" blockName="" l="2000" t="1002" r="3125" b="1786"><region><rect/></region>
</block>
</page>
<page width="3508" height="2479" resolution="300">
<block><region><rect/></region>
<text>
<par>
<line>II. Rappel des orientations générales</line></par>
</text>
</block>
<block><region><rect/></region>
<text>
<par>
<line>Les orientations générales du PLU sont les suivantes :</line></par>
<par>
<line>• Assurer la protection des espaces naturels de la commune et</line>
<line>du caractère rural d'Assevillers, la qualité de l'urbanisme, de</line>
<line>l'architecture et du paysage,</line></par>
<par>
<line>• Planifier la croissance résidentielle de la commune sous forme</line>
<line>d'un développement modéré de l'urbanisation et d'évolution</line>
<line>urbaine dans le bourg,</line></par>
<par>
<line>• Améliorer les déplacements et renforcer les liaisons entre les</line>
<line>pôles de la commune,</line></par>
<par>
<line>• Assurer la gestion des risques naturels et industriels,</line></par>
<par>
<line>• Protéger le patrimoine communal.</line></par>
<par>
<line>• Être en conformité avec le PLH (Programme Local de l'Habitat</line>
<line>- valeur consultative).</line></par>
<par>
<line>Un scénario d'évolution tendancielle a été retenu dans un but</line>
<line>prospectif. Il est le suivant :</line></par>
<par>
<line>- 360 habitants en 2025 (avec 2,6 personnes par ménage).</line></par>
<par>
<line>- Une augmentation du développement de petits et moyens</line>
<line>logements pour les populations en début ou fin de parcours</line>
<line>résidentiel (personnes âgées et/ou jeunes),</line></par>
<par>
<line>- La densification du village dans le respect de sa forme urbaine</line>
<line>actuelle,</line></par>
<par>
<line>- La construction de logements supplémentaires rendue possible par</line>
<line>l'ouverture à l'urbanisation de quelques secteurs par comblement</line>
<line>des dents creuses.</line></par>
<par>
<line>La volonté de la municipalité est de permettre une augmentation</line>
<line>de la population d'environ 73 habitants par la construction</line>
<line>d'environ 47 logements, nécessitant un besoin théorique de</line>
<line>3,74 ha à 5,14 ha à urbaniser.</line></par>
</text>
</block>
<block><region><rect/></region>
<text>
<par>
<line>Pour réaliser ce projet, la commune s'appuiera sur la consommation</line>
<line>d'espaces libres (dents creuses), et ouvrira à l'urbanisation un secteur</line>
<line>situé à l'ouest du bourg, dans la continuité du tissu urbain existant,</line>
<line>dans les secteurs les plus adaptés au regard de :</line></par>
<par>
<line>• Leur faible exposition au risque naturel et technologique (dont</line>
<line>captage d'adduction en eau potable),</line></par>
<par>
<line>• Leur desserte par les réseaux (eau potable notamment),</line></par>
<par>
<line>• Leur accessibilité,</line></par>
<par>
<line>• Leur positionnement dans le grand paysage permettant une</line>
<line>intégration du bâti.</line></par>
<par>
<line>Compte tenu des caractéristiques de la commune, des facteurs</line>
<line>naturels et économiques, l'évolution attendue est la suivante :</line></par>
<par>
<line>• L'ouverture à l'urbanisation de secteurs insérés dans la forme</line>
<line>urbaine du bourg : cœur d'îlot entre la rue de l'Église et la rue</line>
<line>Traversière, dents creuses rue Traversière et rue de Fay/rue</line>
<line>de Bussu,</line></par>
<par>
<line>• L'ouverture à l'urbanisation de secteur en extension du tissu</line>
<line>urbain constitué, mais renforçant la forme urbaine du bourg :</line>
<line>Sud de la rue Traversière et Est de la rue de Fay, selon un</line>
<line>phasage étalé dans le temps à l'horizon 2025.</line></par>
</text>
</block>
<block blockType="Table" blockName="" l="1820" t="1637" r="3296" b="1908"><region><rect/></region>
<row>
<cell width="1053" height="56">
<text>
<par>
<line>SECTEUR</line></par>
</text></cell>
<cell width="423" height="56">
<text>
<par>
<line>SURFACES</line></par>
</text></cell></row>
<row>
<cell width="1053" height="215">
<text>
<par>
<line>Secteur de la rue Traversière</line></par>
<par>
<line>&gt; Cœur d'ilot</line></par>
<par>
<line>&gt; Dents creuses</line></par>
<par>
<line>&gt; Extension du tissu urbain</line></par>
</text></cell>
<cell width="423" height="215">
<text>
<par>
<line>2,5 ha</line></par>
<par>
<line>&gt; 8 565 m^</line></par>
<par>
<line>&gt; 3 848 m^</line></par>
<par>
<line>&gt; 12 822 m^</line></par>
</text></cell></row>
</block>
<block><region><rect/></region>
<text>
<par>
<line>Plan Local d’UrbanIsme d’AssevIlllers - Orientations d’aménagement et de programmation - mars 2013</line></par>
</text>
</block>
<block><region><rect/></region>
<text>
<par>
<line>3</line></par>
</text>
</block>



</page>
<page width="7017" height="4958" resolution="600">
<block><region><rect/></region>
<text>
<par>
<line>IlI.Secteur de la rue Traversière :</line>
<line>1. État des lieux</line></par>
</text>
</block>
<block><region><rect/></region>
<text>
<par/>
</text>
</block>
<block><region><rect/></region>
<text>
<par/>
</text>
</block>
<block><region><rect/></region>
<text>
<par/>
</text>
</block>
<block><region><rect/></region>
<text>
<par>
<line>‘■a</line></par>
</text>
</block>
<block><region><rect/></region>
<text>
<par>
<line>•K,</line></par>
</text>
</block>
<block><region><rect/></region>
<text>
<par>
<line>kt</line></par>
</text>
</block>
<block><region><rect/></region>
<text>
<par>
<line>Ce secteur est situé au sud ouest du bourg.</line></par>
<par>
<line>Il se compose de quatre îlots :</line></par>
<par>
<line>1. Cœur d'îlot entre la rue Traversière et la rue de l'Église</line></par>
<par>
<line>(8 parcelles = 8 565 m^),</line></par>
<par>
<line>2. Dent creuse rue T raversière (2 parcelles = 1 584 m^),</line></par>
<par>
<line>3. Dent creuse à l'angle de la rue de Fay et de la rue</line></par>
<par>
<line>Bussu (1 parcelle = 2 264 m^),</line></par>
<par>
<line>4. Fermeture du tissu urbain le long de la rue Traversière</line></par>
<par>
<line>et de la rue de Fay (9 parcelles = 12 822 m^ et</line>
<line>possibilité de mutation du hangar agricole).</line></par>
<par>
<line>Il est bordé par, la rue Traversière, la rue de l'Église, la rue de</line>
<line>Fay et la rue de Bussu.</line></par>
</text>
</block>
<block><region><rect/></region>
<text>
<par>
<line>Il est constitué d'un terrain en pente, et sert actuellement de</line>
<line>pâture et de terres agricoles. Seuls un arbre et une haie</line>
<line>occupent la partie Nord.</line></par>
</text>
</block>
<block><region><rect/></region>
<text>
<par>
<line>Aucun bâtiment n'est implanté sur le secteur.</line></par>
</text>
</block>
<block><region><rect/></region>
<text>
<par>
<line>Le secteur est visible depuis l'aire de service de l'autoroute</line>
<line>A1 et depuis les rues d'Estrées et de Fay, mais n'est pas</line>
<line>situé dans les bandes de bruit.</line></par>
</text>
</block>
<block><region><rect/></region>
<text>
<par>
<line>252</line></par>
</text>
</block>
<block><region><rect/></region>
<text>
<par/>
</text>
</block>
<block><region><rect/></region>
<text>
<par>
<line>f</line></par>
</text>
</block>
<block><region><rect/></region>
<text>
<par/>
</text>
</block>
<block><region><rect/></region>
<text>
<par>
<line>251</line></par>
</text>
</block>
<block><region><rect/></region>
<text>
<par/>
</text>
</block>
<block><region><rect/></region>
<text>
<par>
<line>169</line></par>
</text>
</block>
<block><region><rect/></region>
<text>
<par>
<line>8 565m2</line></par>
</text>
</block>
<block><region><rect/></region>
<text>
<par>
<line>%</line></par>
</text>
</block>
<block><region><rect/></region>
<text>
<par>
<line>168</line></par>
</text>
</block>
<block><region><rect/></region>
<text>
<par>
<line>64</line></par>
</text>
</block>
<block><region><rect/></region>
<text>
<par>
<line>164</line></par>
</text>
</block>
<block><region><rect/></region>
<text>
<par>
<line>179</line></par>
</text>
</block>
<block><region><rect/></region>
<text>
<par/>
</text>
</block>
<block><region><rect/></region>
<text>
<par>
<line>160</line></par>
</text>
</block>
<block><region><rect/></region>
<text>
<par>
<line>275</line></par>
</text>
</block>
<block><region><rect/></region>
<text>
<par>
<line>584</line></par>
</text>
</block>
<block><region><rect/></region>
<text>
<par>
<line>218</line></par>
</text>
</block>
<block><region><rect/></region>
<text>
<par>
<line>12 822m2</line></par>
</text>
</block>
<block><region><rect/></region>
<text>
<par>
<line>%</line></par>
</text>
</block>
<block><region><rect/></region>
<text>
<par>
<line>246</line></par>
</text>
</block>
<block><region><rect/></region>
<text>
<par>
<line>247</line></par>
</text>
</block>
<block><region><rect/></region>
<text>
<par/>
</text>
</block>
<block><region><rect/></region>
<text>
<par>
<line>¥</line></par>
</text>
</block>
<block><region><rect/></region>
<text>
<par>
<line>\</line></par>
</text>
</block>
<block><region><rect/></region>
<text>
<par/>
</text>
</block>
<block><region><rect/></region>
<text>
<par/>
</text>
</block>
<block><region><rect/></region>
<text>
<par>
<line>»?</line></par>
</text>
</block>
<block><region><rect/></region>
<text>
<par/>
</text>
</block>
<block><region><rect/></region>
<text>
<par/>
</text>
</block>
<block><region><rect/></region>
<text>
<par>
<line>m</line></par>
</text>
</block>
<block><region><rect/></region>
<text>
<par>
<line>■s*</line></par>
</text>
</block>
<block><region><rect/></region>
<text>
<par>
<line>w</line></par>
</text>
</block>
<block><region><rect/></region>
<text>
<par/>
</text>
</block>
<block><region><rect/></region>
<text>
<par/>
</text>
</block>
<block><region><rect/></region>
<text>
<par/>
</text>
</block>
<block><region><rect/></region>
<text>
<par/>
</text>
</block>
<block><region><rect/></region>
<text>
<par>
<line>Plan Local d'Urbanis^e d'AssevIlliers - Orientations d'aménagement et de programmation - mars 2013</line></par>
</text>
</block>
<block><region><rect/></region>
<text>
<par>
<line>4</line></par>
</text>
</block>

































<block blockType="Picture" blockName="" l="4104" t="2294" r="4404" b="2804"><region><rect/></region>
</block>
</page>
<page width="7017" height="4958" resolution="600">
<block><region><rect/><rect/><rect/></region>
<text>
<par/>
</text>
</block>
<block><region><rect/></region>
<text>
<par/>
</text>
</block>
<block><region><rect/></region>
<text>
<par/>
</text>
</block>
<block><region><rect/></region>
<text>
<par>
<line>'S?</line></par>
</text>
</block>
<block><region><rect/></region>
<text>
<par/>
</text>
</block>
<block><region><rect/></region>
<text>
<par>
<line>M</line></par>
</text>
</block>
<block><region><rect/></region>
<text>
<par/>
</text>
</block>
<block><region><rect/></region>
<text>
<par/>
</text>
</block>
<block><region><rect/></region>
<text>
<par>
<line>Vu^e du secteur sud depuis la rue du d'Estrees</line></par>
</text>
</block>
<block><region><rect/></region>
<text>
<par>
<line>5</line></par>
</text>
</block>
<block><region><rect/></region>
<text>
<par/>
</text>
</block>
<block><region><rect/></region>
<text>
<par>
<line>1 &gt; 'ï</line></par>
</text>
</block>
<block><region><rect/></region>
<text>
<par>
<line>M:4 '</line></par>
</text>
</block>
<block><region><rect/></region>
<text>
<par/>
</text>
</block>
<block><region><rect/></region>
<text>
<par/>
</text>
</block>
<block><region><rect/></region>
<text>
<par>
<line>7</line></par>
</text>
</block>
<block><region><rect/></region>
<text>
<par>
<line>f- ■</line></par>
</text>
</block>
<block><region><rect/></region>
<text>
<par>
<line>6</line></par>
</text>
</block>
<block><region><rect/></region>
<text>
<par>
<line>Vue du secteur sud depuis la rue Traversiere</line></par>
</text>
</block>
<block><region><rect/></region>
<text>
<par>
<line>|iv A</line></par>
<par>
<line>4</line></par>
</text>
</block>
<block><region><rect/></region>
<text>
<par/>
</text>
</block>
<block><region><rect/></region>
<text>
<par>
<line>8</line></par>
</text>
</block>
<block><region><rect/></region>
<text>
<par/>
</text>
</block>
<block><region><rect/></region>
<text>
<par/>
</text>
</block>
<block><region><rect/></region>
<text>
<par>
<line>Vue du secteur</line>
<line>nord depuis la rue</line>
<line>Traversiere</line></par>
</text>
</block>
<block><region><rect/></region>
<text>
<par/>
</text>
</block>
<block><region><rect/></region>
<text>
<par/>
</text>
</block>
<block><region><rect/></region>
<text>
<par>
<line>H#</line></par>
</text>
</block>
<block><region><rect/></region>
<text>
<par>
<line>m</line></par>
</text>
</block>
<block><region><rect/></region>
<text>
<par/>
</text>
</block>
<block><region><rect/></region>
<text>
<par>
<line>I</line></par>
</text>
</block>
<block><region><rect/></region>
<text>
<par>
<line>8</line></par>
</text>
</block>
<block><region><rect/></region>
<text>
<par>
<line>mr,</line></par>
</text>
</block>
<block><region><rect/></region>
<text>
<par>
<line>m</line></par>
</text>
</block>
<block><region><rect/></region>
<text>
<par/>
</text>
</block>
<block><region><rect/><rect/><rect/></region>
<text>
<par>
<line>Vue du secteur nord'dêpyft^' ia-rûe^Trav'ersiere-</line></par>
</text>
</block>
<block><region><rect/></region>
<text>
<par/>
</text>
</block>
<block><region><rect/></region>
<text>
<par>
<line>■m-.</line></par>
</text>
</block>
<block><region><rect/></region>
<text>
<par>
<line>Vue du secteur</line>
<line>depuis la rue de</line>
<line>l’Eglise</line></par>
</text>
</block>
<block><region><rect/></region>
<text>
<par/>
</text>
</block>
<block><region><rect/></region>
<text>
<par>
<line>a</line></par>
</text>
</block>
<block><region><rect/></region>
<text>
<par>
<line>i</line></par>
</text>
</block>
<block><region><rect/></region>
<text>
<par/>
</text>
</block>
<block><region><rect/></region>
<text>
<par>
<line>ü</line></par>
</text>
</block>
<block><region><rect/></region>
<text>
<par/>
</text>
</block>
<block><region><rect/></region>
<text>
<par>
<line>Plan Local d'Urbanis^e d'Assevilliers - Orientations d'aménagement et de programmation - mars 2013</line></par>
</text>
</block>
<block><region><rect/></region>
<text>
<par>
<line>5</line></par>
</text>
</block>





















<block blockType="Picture" blockName="" l="2370" t="3958" r="3398" b="4668"><region><rect/></region>
</block>
</page>
<page width="3508" height="2479" resolution="300">
<block><region><rect/></region>
<text>
<par>
<line>2. Orientations d'aménagement pour le secteur de la rue Traversière</line></par>
</text>
</block>
<block blockType="Picture" blockName="" l="110" t="380" r="274" b="444"><region><rect/></region>
</block>
<block blockType="Picture" blockName="" l="112" t="468" r="272" b="518"><region><rect/></region>
</block>
<block blockType="Picture" blockName="" l="112" t="542" r="272" b="592"><region><rect/></region>
</block>
<block blockType="Picture" blockName="" l="150" t="606" r="232" b="686"><region><rect/></region>
</block>
<block blockType="Picture" blockName="" l="112" t="704" r="272" b="752"><region><rect/></region>
</block>
<block blockType="Picture" blockName="" l="110" t="954" r="302" b="1018"><region><rect/></region>
</block>
<block><region><rect/></region>
<text>
<par>
<line>Zone de développement futur</line>
<line>Bande d'implantation du bâti</line>
<line>Espace paysager à créer</line>
<line>Arbres à conserver</line>
<line>Espace boisé existant</line>
<line>Perspective, vue à préserver</line></par>
<par>
<line>Principe d'accès automobile</line>
<line>Principe de desserte interne</line>
<line>Principe de liaison piétonne</line>
<line>Emplacement réservé</line></par>
</text>
</block>
<block><region><rect/></region>
<text>
<par>
<line>87</line></par>
</text>
</block>
<block><region><rect/></region>
<text>
<par>
<line>252</line></par>
</text>
</block>
<block><region><rect/></region>
<text>
<par/>
</text>
</block>
<block><region><rect/></region>
<text>
<par>
<line>4</line></par>
</text>
</block>
<block><region><rect/></region>
<text>
<par>
<line>283</line></par>
</text>
</block>
<block><region><rect/></region>
<text>
<par>
<line>12</line></par>
</text>
</block>
<block><region><rect/></region>
<text>
<par>
<line>t</line></par>
</text>
</block>
<block><region><rect/></region>
<text>
<par>
<line>267</line></par>
</text>
</block>
<block><region><rect/></region>
<text>
<par/>
</text>
</block>
<block><region><rect/></region>
<text>
<par>
<line>251</line></par>
</text>
</block>
<block><region><rect/></region>
<text>
<par>
<line>286</line></par>
</text>
</block>
<block><region><rect/></region>
<text>
<par>
<line>42</line></par>
</text>
</block>
<block><region><rect/></region>
<text>
<par/>
</text>
</block>
<block><region><rect/></region>
<text>
<par>
<line>278</line></par>
</text>
</block>
<block><region><rect/></region>
<text>
<par>
<line>169</line></par>
</text>
</block>
<block><region><rect/></region>
<text>
<par>
<line>6</line></par>
</text>
</block>
<block><region><rect/></region>
<text>
<par>
<line>167</line></par>
</text>
</block>
<block><region><rect/></region>
<text>
<par/>
</text>
</block>
<block><region><rect/></region>
<text>
<par>
<line>1</line></par>
</text>
</block>
<block><region><rect/></region>
<text>
<par>
<line>168</line></par>
</text>
</block>
<block><region><rect/></region>
<text>
<par>
<line>159</line></par>
</text>
</block>
<block><region><rect/></region>
<text>
<par>
<line>164</line></par>
</text>
</block>
<block><region><rect/></region>
<text>
<par>
<line>79</line></par>
</text>
</block>
<block><region><rect/></region>
<text>
<par>
<line>74</line></par>
</text>
</block>
<block><region><rect/></region>
<text>
<par>
<line>166</line></par>
</text>
</block>
<block><region><rect/></region>
<text>
<par>
<line>i</line></par>
</text>
</block>
<block><region><rect/></region>
<text>
<par>
<line>160</line></par>
</text>
</block>
<block><region><rect/></region>
<text>
<par>
<line>27</line></par>
</text>
</block>
<block><region><rect/></region>
<text>
<par>
<line>275</line></par>
</text>
</block>
<block><region><rect/></region>
<text>
<par>
<line>223</line></par>
</text>
</block>
<block><region><rect/></region>
<text>
<par>
<line>bande</line></par>
</text>
</block>
<block><region><rect/></region>
<text>
<par>
<line>218</line></par>
</text>
</block>
<block><region><rect/></region>
<text>
<par>
<line>24S</line></par>
</text>
</block>
<block><region><rect/></region>
<text>
<par>
<line>%</line></par>
</text>
</block>
<block><region><rect/></region>
<text>
<par>
<line>236</line></par>
</text>
</block>
<block><region><rect/></region>
<text>
<par>
<line>246 Æ</line>
<line>/ 247</line></par>
</text>
</block>
<block><region><rect/></region>
<text>
<par/>
</text>
</block>
<block><region><rect/></region>
<text>
<par>
<line>41</line></par>
</text>
</block>
<block><region><rect/></region>
<text>
<par>
<line>ne</line></par>
</text>
</block>
<block><region><rect/></region>
<text>
<par>
<line>Plan Local d’Urbanismed’Assevilliers - Orientations d’aménagement et de programmation - mars2013</line></par>
</text>
</block>
<block><region><rect/></region>
<text>
<par>
<line>6</line></par>
</text>
</block>

























































































































































</page>
<page width="3508" height="2479" resolution="300">
<block><region><rect/></region>
<text>
<par>
<line>3. Eléments de programme :</line></par>
</text>
</block>
<block><region><rect/></region>
<text>
<par>
<line>Une voie de desserte interne relie la rue Traversière à la rue de l'Église. La circulation y sera organisée préférentiellement à sens unique, de la</line>
<line>rue Traversière, vers la rue de l'Église.</line></par>
<par>
<line>La rue Traversière est élargie à 9 m, afin de pouvoir aménager des stationnements latéraux et des trottoirs, tout en conservant une largeur</line>
<line>minimale de chaussée de 5 m pour permettre le passage des engins agricoles.</line></par>
<par>
<line>Le double sens de circulation dans la partie ouest de la rue Traversière rend accessible la nouvelle voie interne depuis l'ouest de la commune.</line></par>
<par>
<line>Deux emplacements réservés maintiennent une ouverture paysagère vers le milieu naturel. Ils constituent des espaces de respiration, des</line>
<line>accès agricoles, ou des réserves pour d'autres développements futurs.</line></par>
<par>
<line>L'implantation de constructions au sud de la rue Traversière, et à l'Est de la rue de Fay, complète l'urbanisation de la rue Traversière et intègre</line>
<line>les logements sociaux dans le tissu urbain.</line></par>
<par>
<line>Le secteur peut accueillir 25 à 30 logements selon le type de logements construits, et la densité retenue. Les constructions devront être</line>
<line>conforme au SDA et aux obligations du SPANC (service public d'assainissement non collectif).</line></par>
<par>
<line>Un espace de verdure rue de Fay qualifie l'entrée de ville.</line></par>
<par>
<line>Les bâtiments R+1+C sont implantés le long des voies existantes et des voies nouvelles à l'alignement, ou avec un recul minimum de 6 m,</line>
<line>selon les voies.</line></par>
<par>
<line>Certains arbres existants peuvent être conservés pour constituer un pré-verdissement du quartier.</line></par>
</text>
</block>
<block><region><rect/></region>
<text>
<par>
<line>Plan Local d’UrbanIsme d’AssevIlllers - Orientations d’aménagement et de programmation - mars 2013</line></par>
</text>
</block>
<block><region><rect/></region>
<text>
<par>
<line>7</line></par>
</text>
</block>
</page>
</OAP>