<?xml version="1.0" encoding="UTF-8"?><OAP>
<page width="4958" height="3504" resolution="300">
<block><region><rect/></region>
<text>
<par>
<line>Département du Tarn</line></par>
<par>
<line>Commune de Les Cabannes</line>
<line>Révision du POS en PLU</line></par>
</text>
</block>
<block blockType="Table" blockName="" l="54" t="1726" r="2426" b="3453"><region><rect/></region>
<row>
<cell colSpan="3" width="632" height="483">
<text>
<par>
<line>4.1.</line></par>
</text></cell>
<cell width="1740" height="483">
<text>
<par>
<line>Plan des orientations</line>
<line>d'aménagement</line></par>
</text></cell></row>
<row>
<cell colSpan="4" width="2372" height="190">
<text>
<par>
<line>Echelle: 1/2500°</line></par>
</text></cell></row>
<row>
<cell colSpan="4" width="2372" height="619">
<text>
<par>
<line>PLU approuvé par délibération</line>
<line>du Conseil Municipal en date</line>
<line>du 15/06/2011. ^</line></par>
<par>
<line>Le Maire /W /</line></par>
<par>
<line>/ 1/ _</line></par>
</text></cell></row>
<row>
<cell width="130" height="435">
<text>
<par/>
</text></cell>
<cell width="304" height="435">
<text>
<par>
<line>URB A</line>
<line>2D</line></par>
</text></cell>
<cell colSpan="2" width="1938" height="435">
<text>
<par>
<line>URBanisme Aménagement</line>
<line>et Développement Durable</line></par>
</text></cell></row>
</block>
<block><region><rect/></region>
<text>
<par>
<line>Légende</line></par>
</text>
</block>
<block><region><rect/></region>
<text>
<par>
<line>fl</line></par>
<par>
<line>Immë</line></par>
</text>
</block>
<block><region><rect/></region>
<text>
<par>
<line>t</line></par>
</text>
</block>
<block blockType="Table" blockName="" l="2920" t="2168" r="3044" b="2256"><region><rect/></region>
<row>
<cell leftBorder="White" width="69" height="24">
<text>
<par/>
</text></cell>
<cell width="55" height="24">
<text>
<par>
<line>CTT</line></par>
</text></cell></row>
<row>
<cell leftBorder="White" width="69" height="64">
<text>
<par/>
</text></cell>
<cell width="55" height="64">
<text>
<par>
<line>O</line></par>
</text></cell></row>
</block>
<block><region><rect/></region>
<text>
<par>
<line>Limite communale</line></par>
<par>
<line>Limite des zones et secteurs</line>
<line>Changement de destination</line>
<line>Emplacements réservés</line>
<line>Numéro d’opération</line>
<line>Zone inondable CIZI</line>
<line>Espace boisé Classé</line></par>
</text>
</block>
<block><region><rect/><rect/></region>
<text>
<par>
<line>Orientations d'aménagement:</line></par>
<par>
<line>Voie à créer</line>
<line>Accès imposé</line></par>
</text>
</block>
<block><region><rect/></region>
<text>
<par>
<line>-► Liaison douce à créer</line></par>
</text>
</block>
<block><region><rect/></region>
<text>
<par>
<line>O</line></par>
</text>
</block>
<block><region><rect/></region>
<text>
<par>
<line>Accès à sécuriser</line></par>
</text>
</block>







































</page>
<page width="4958" height="3504" resolution="300">
<block><region><rect/></region>
<text>
<par/>
</text>
</block>
<block><region><rect/></region>
<text>
<par/>
</text>
</block>
<block><region><rect/></region>
<text>
<par>
<line>Mr\</line></par>
</text>
</block>
<block><region><rect/></region>
<text>
<par>
<line>70</line></par>
</text>
</block>
<block><region><rect/></region>
<text>
<par/>
</text>
</block>
<block><region><rect/></region>
<text>
<par/>
</text>
</block>
<block><region><rect/></region>
<text>
<par>
<line>n</line></par>
</text>
</block>
<block><region><rect/></region>
<text>
<par>
<line>IJ</line></par>
</text>
</block>
<block><region><rect/></region>
<text>
<par/>
</text>
</block>
<block><region><rect/></region>
<text>
<par>
<line>II</line></par>
</text>
</block>
<block><region><rect/></region>
<text>
<par>
<line>%</line></par>
</text>
</block>
<block><region><rect/></region>
<text>
<par>
<line>N</line></par>
</text>
</block>
<block><region><rect/></region>
<text>
<par/>
</text>
</block>
<block><region><rect/></region>
<text>
<par/>
</text>
</block>
<block><region><rect/></region>
<text>
<par>
<line>59»</line></par>
</text>
</block>
<block><region><rect/></region>
<text>
<par>
<line>''O</line></par>
</text>
</block>
<block><region><rect/></region>
<text>
<par/>
</text>
</block>
<block><region><rect/></region>
<text>
<par>
<line>510</line></par>
</text>
</block>
<block><region><rect/></region>
<text>
<par/>
</text>
</block>
<block><region><rect/></region>
<text>
<par>
<line>A</line></par>
</text>
</block>
<block><region><rect/></region>
<text>
<par/>
</text>
</block>
<block><region><rect/></region>
<text>
<par>
<line>Jou</line></par>
</text>
</block>
<block><region><rect/></region>
<text>
<par/>
</text>
</block>
<block><region><rect/></region>
<text>
<par/>
</text>
</block>
<block><region><rect/></region>
<text>
<par>
<line>N</line></par>
</text>
</block>
<block><region><rect/></region>
<text>
<par>
<line>0</line></par>
</text>
</block>
<block><region><rect/></region>
<text>
<par>
<line>ni</line></par>
</text>
</block>
<block><region><rect/></region>
<text>
<par>
<line>ft0</line></par>
</text>
</block>
<block><region><rect/></region>
<text>
<par/>
</text>
</block>
<block><region><rect/></region>
<text>
<par/>
</text>
</block>
<block><region><rect/></region>
<text>
<par>
<line>-h</line></par>
</text>
</block>
<block><region><rect/></region>
<text>
<par/>
</text>
</block>
<block><region><rect/></region>
<text>
<par/>
</text>
</block>
<block><region><rect/></region>
<text>
<par>
<line>O-</line></par>
</text>
</block>
<block><region><rect/></region>
<text>
<par>
<line>uéP</line></par>
</text>
</block>
<block><region><rect/></region>
<text>
<par>
<line>»</line></par>
</text>
</block>
<block><region><rect/></region>
<text>
<par>
<line>/4ÿ</line></par>
</text>
</block>
<block><region><rect/></region>
<text>
<par>
<line>I</line></par>
</text>
</block>
<block><region><rect/></region>
<text>
<par/>
</text>
</block>
<block><region><rect/></region>
<text>
<par>
<line>n</line></par>
</text>
</block>
<block><region><rect/></region>
<text>
<par>
<line>&gt;3o</line></par>
</text>
</block>
<block><region><rect/></region>
<text>
<par>
<line>3H-</line></par>
</text>
</block>
<block><region><rect/></region>
<text>
<par/>
</text>
</block>
<block><region><rect/></region>
<text>
<par>
<line>pio^</line></par>
</text>
</block>
<block><region><rect/></region>
<text>
<par>
<line>«y</line></par>
</text>
</block>
<block><region><rect/></region>
<text>
<par>
<line>A</line></par>
</text>
</block>
<block><region><rect/></region>
<text>
<par/>
</text>
</block>
<block><region><rect/></region>
<text>
<par>
<line>U</line></par>
</text>
</block>
<block><region><rect/></region>
<text>
<par/>
</text>
</block>
<block><region><rect/></region>
<text>
<par>
<line>%</line></par>
</text>
</block>
<block><region><rect/></region>
<text>
<par/>
</text>
</block>
<block><region><rect/></region>
<text>
<par>
<line>«s&lt;</line></par>
</text>
</block>
<block><region><rect/></region>
<text>
<par>
<line>0</line></par>
</text>
</block>
<block><region><rect/></region>
<text>
<par>
<line>s*</line></par>
</text>
</block>
<block><region><rect/></region>
<text>
<par>
<line>A</line></par>
</text>
</block>
<block><region><rect/></region>
<text>
<par/>
</text>
</block>
<block><region><rect/></region>
<text>
<par>
<line>nf**</line></par>
</text>
</block>
<block><region><rect/></region>
<text>
<par>
<line>‘SSl</line></par>
</text>
</block>
<block><region><rect/></region>
<text>
<par>
<line>(ÙB</line></par>
</text>
</block>
<block><region><rect/></region>
<text>
<par/>
</text>
</block>
<block><region><rect/></region>
<text>
<par>
<line>3^</line></par>
</text>
</block>
<block><region><rect/></region>
<text>
<par>
<line>523</line></par>
</text>
</block>
<block><region><rect/></region>
<text>
<par>
<line>/</line></par>
</text>
</block>
<block><region><rect/></region>
<text>
<par>
<line>3S</line></par>
</text>
</block>
<block><region><rect/></region>
<text>
<par>
<line>\</line></par>
</text>
</block>
<block><region><rect/></region>
<text>
<par/>
</text>
</block>
<block><region><rect/></region>
<text>
<par>
<line>S2«</line></par>
</text>
</block>
<block><region><rect/></region>
<text>
<par>
<line>N</line></par>
</text>
</block>
<block><region><rect/></region>
<text>
<par/>
</text>
</block>
<block><region><rect/></region>
<text>
<par/>
</text>
</block>
<block><region><rect/></region>
<text>
<par/>
</text>
</block>
<block><region><rect/></region>
<text>
<par/>
</text>
</block>
<block><region><rect/></region>
<text>
<par/>
</text>
</block>
<block><region><rect/></region>
<text>
<par>
<line>^1</line></par>
</text>
</block>
<block><region><rect/></region>
<text>
<par/>
</text>
</block>
<block><region><rect/></region>
<text>
<par>
<line>S2J</line></par>
</text>
</block>
<block><region><rect/></region>
<text>
<par>
<line>^3d»</line></par>
</text>
</block>
<block><region><rect/></region>
<text>
<par>
<line>I</line></par>
</text>
</block>
<block><region><rect/></region>
<text>
<par/>
</text>
</block>
<block><region><rect/></region>
<text>
<par>
<line>ytiï</line></par>
</text>
</block>
<block><region><rect/></region>
<text>
<par>
<line>»</line></par>
</text>
</block>
<block><region><rect/></region>
<text>
<par>
<line>M</line></par>
</text>
</block>
<block><region><rect/></region>
<text>
<par/>
</text>
</block>
<block><region><rect/></region>
<text>
<par>
<line>522</line></par>
</text>
</block>
<block><region><rect/></region>
<text>
<par>
<line>*&lt;</line></par>
</text>
</block>
<block><region><rect/></region>
<text>
<par>
<line>iP.</line></par>
</text>
</block>
<block><region><rect/></region>
<text>
<par/>
</text>
</block>
<block><region><rect/></region>
<text>
<par/>
</text>
</block>
<block><region><rect/></region>
<text>
<par>
<line>U</line></par>
</text>
</block>
<block><region><rect/></region>
<text>
<par>
<line>"JQ</line></par>
</text>
</block>
<block><region><rect/></region>
<text>
<par>
<line>&lt;0-</line></par>
</text>
</block>
<block><region><rect/></region>
<text>
<par/>
</text>
</block>
<block><region><rect/></region>
<text>
<par>
<line>yifS</line></par>
</text>
</block>
<block><region><rect/></region>
<text>
<par>
<line>JO'^</line></par>
</text>
</block>
<block><region><rect/></region>
<text>
<par/>
</text>
</block>
<block><region><rect/></region>
<text>
<par/>
</text>
</block>
<block><region><rect/></region>
<text>
<par>
<line>■SSç.</line></par>
</text>
</block>
<block><region><rect/></region>
<text>
<par/>
</text>
</block>
<block><region><rect/></region>
<text>
<par/>
</text>
</block>
<block><region><rect/></region>
<text>
<par/>
</text>
</block>
<block><region><rect/></region>
<text>
<par>
<line>sn</line></par>
</text>
</block>
<block><region><rect/></region>
<text>
<par/>
</text>
</block>
<block><region><rect/></region>
<text>
<par/>
</text>
</block>
<block><region><rect/></region>
<text>
<par>
<line>€*2^</line></par>
</text>
</block>
<block><region><rect/></region>
<text>
<par/>
</text>
</block>
<block><region><rect/></region>
<text>
<par/>
</text>
</block>
<block><region><rect/></region>
<text>
<par/>
</text>
</block>
<block><region><rect/></region>
<text>
<par/>
</text>
</block>
<block><region><rect/></region>
<text>
<par>
<line>jO^</line></par>
</text>
</block>
<block><region><rect/></region>
<text>
<par/>
</text>
</block>
<block><region><rect/></region>
<text>
<par>
<line>î</line></par>
</text>
</block>
<block><region><rect/></region>
<text>
<par/>
</text>
</block>
<block><region><rect/></region>
<text>
<par>
<line>•jvi</line></par>
</text>
</block>
<block><region><rect/></region>
<text>
<par>
<line>cWiJ*'</line></par>
</text>
</block>
<block><region><rect/></region>
<text>
<par>
<line>oTe/</line></par>
</text>
</block>
<block><region><rect/></region>
<text>
<par/>
</text>
</block>
<block><region><rect/></region>
<text>
<par>
<line>B</line></par>
</text>
</block>
<block><region><rect/></region>
<text>
<par/>
</text>
</block>
<block><region><rect/></region>
<text>
<par/>
</text>
</block>
<block><region><rect/></region>
<text>
<par>
<line>Qtàeu/,</line></par>
</text>
</block>
<block><region><rect/></region>
<text>
<par>
<line>jjO</line></par>
</text>
</block>
<block><region><rect/></region>
<text>
<par>
<line>C</line></par>
</text>
</block>
<block><region><rect/></region>
<text>
<par>
<line>ft</line></par>
</text>
</block>
<block><region><rect/></region>
<text>
<par>
<line>bt;</line></par>
</text>
</block>
<block><region><rect/></region>
<text>
<par>
<line>1/</line></par>
</text>
</block>
<block><region><rect/></region>
<text>
<par>
<line>0</line></par>
</text>
</block>
<block><region><rect/></region>
<text>
<par>
<line>Sl2</line></par>
</text>
</block>
<block><region><rect/></region>
<text>
<par>
<line>t</line></par>
</text>
</block>
<block><region><rect/></region>
<text>
<par>
<line>;3^</line></par>
</text>
</block>
<block><region><rect/></region>
<text>
<par>
<line>iv</line></par>
</text>
</block>
<block><region><rect/></region>
<text>
<par>
<line>A</line></par>
</text>
</block>
<block><region><rect/></region>
<text>
<par>
<line>cfî?</line></par>
</text>
</block>
<block><region><rect/></region>
<text>
<par/>
</text>
</block>
<block><region><rect/></region>
<text>
<par>
<line>%</line></par>
</text>
</block>
<block><region><rect/></region>
<text>
<par/>
</text>
</block>
<block><region><rect/></region>
<text>
<par/>
</text>
</block>
<block><region><rect/></region>
<text>
<par>
<line>i</line></par>
</text>
</block>
<block><region><rect/></region>
<text>
<par/>
</text>
</block>
<block><region><rect/></region>
<text>
<par>
<line>§r</line></par>
</text>
</block>
<block><region><rect/></region>
<text>
<par>
<line>53»</line></par>
</text>
</block>
<block><region><rect/></region>
<text>
<par/>
</text>
</block>
<block><region><rect/></region>
<text>
<par/>
</text>
</block>
<block><region><rect/></region>
<text>
<par>
<line>N</line></par>
</text>
</block>
<block><region><rect/></region>
<text>
<par/>
</text>
</block>
<block><region><rect/></region>
<text>
<par/>
</text>
</block>
<block><region><rect/></region>
<text>
<par>
<line>»</line></par>
</text>
</block>
<block><region><rect/></region>
<text>
<par/>
</text>
</block>
<block><region><rect/></region>
<text>
<par/>
</text>
</block>
<block><region><rect/></region>
<text>
<par/>
</text>
</block>
<block><region><rect/></region>
<text>
<par/>
</text>
</block>
<block><region><rect/></region>
<text>
<par>
<line>b</line></par>
</text>
</block>
<block><region><rect/></region>
<text>
<par/>
</text>
</block>
<block><region><rect/></region>
<text>
<par>
<line>b</line></par>
</text>
</block>
<block><region><rect/></region>
<text>
<par/>
</text>
</block>
<block><region><rect/></region>
<text>
<par>
<line>SC</line></par>
</text>
</block>
<block><region><rect/></region>
<text>
<par>
<line>SC</line></par>
</text>
</block>
<block><region><rect/></region>
<text>
<par>
<line>*b</line></par>
</text>
</block>
<block><region><rect/></region>
<text>
<par/>
</text>
</block>
<block><region><rect/></region>
<text>
<par>
<line>SI*</line></par>
</text>
</block>
<block><region><rect/></region>
<text>
<par/>
</text>
</block>
<block><region><rect/></region>
<text>
<par/>
</text>
</block>
<block><region><rect/></region>
<text>
<par/>
</text>
</block>
<block><region><rect/></region>
<text>
<par/>
</text>
</block>
<block><region><rect/></region>
<text>
<par/>
</text>
</block>
<block><region><rect/></region>
<text>
<par>
<line>Aü</line></par>
</text>
</block>
<block><region><rect/></region>
<text>
<par/>
</text>
</block>
<block><region><rect/></region>
<text>
<par/>
</text>
</block>
<block><region><rect/></region>
<text>
<par>
<line>^7</line></par>
</text>
</block>
<block><region><rect/></region>
<text>
<par/>
</text>
</block>
<block><region><rect/></region>
<text>
<par>
<line>Jt^</line></par>
</text>
</block>
<block><region><rect/></region>
<text>
<par/>
</text>
</block>
<block><region><rect/></region>
<text orientation="RotatedCounterclockwise">
<par/>
</text>
</block>

















































































































































</page>
<page width="4958" height="3504" resolution="300">
<block><region><rect/></region>
<text>
<par/>
</text>
</block>
<block><region><rect/></region>
<text>
<par/>
</text>
</block>
<block><region><rect/></region>
<text>
<par>
<line>162</line></par>
</text>
</block>
<block><region><rect/></region>
<text>
<par/>
</text>
</block>
<block><region><rect/></region>
<text>
<par>
<line>râ6</line></par>
</text>
</block>
<block><region><rect/></region>
<text>
<par>
<line>175</line></par>
</text>
</block>
<block><region><rect/></region>
<text>
<par>
<line>215</line></par>
</text>
</block>
<block><region><rect/></region>
<text>
<par/>
</text>
</block>
<block><region><rect/></region>
<text>
<par>
<line>16</line></par>
</text>
</block>
<block><region><rect/></region>
<text>
<par/>
</text>
</block>
<block><region><rect/></region>
<text>
<par>
<line>O</line></par>
</text>
</block>
<block><region><rect/></region>
<text>
<par>
<line>185</line></par>
</text>
</block>
<block><region><rect/></region>
<text>
<par/>
</text>
</block>
<block><region><rect/></region>
<text>
<par/>
</text>
</block>
<block><region><rect/></region>
<text>
<par>
<line>1^</line></par>
</text>
</block>
<block><region><rect/></region>
<text>
<par>
<line>lôO</line></par>
</text>
</block>
<block><region><rect/></region>
<text>
<par/>
</text>
</block>
<block><region><rect/></region>
<text>
<par>
<line>50</line></par>
</text>
</block>
<block><region><rect/></region>
<text>
<par>
<line>161</line></par>
</text>
</block>
<block><region><rect/></region>
<text>
<par>
<line>leo</line></par>
</text>
</block>
<block><region><rect/></region>
<text>
<par>
<line>m</line></par>
</text>
</block>
<block><region><rect/></region>
<text>
<par/>
</text>
</block>
<block><region><rect/></region>
<text>
<par>
<line>158</line></par>
</text>
</block>
<block><region><rect/></region>
<text>
<par>
<line>*1</line></par>
</text>
</block>
<block><region><rect/></region>
<text>
<par/>
</text>
</block>
<block><region><rect/></region>
<text>
<par>
<line>“k \ k*®</line></par>
<par>
<line>/ Y</line></par>
</text>
</block>
<block><region><rect/></region>
<text>
<par>
<line>505</line></par>
</text>
</block>
<block><region><rect/></region>
<text>
<par>
<line>540</line></par>
</text>
</block>
<block><region><rect/></region>
<text>
<par>
<line>153</line></par>
</text>
</block>
<block><region><rect/></region>
<text>
<par>
<line>A /</line></par>
</text>
</block>
<block><region><rect/></region>
<text>
<par>
<line>155</line></par>
</text>
</block>
<block><region><rect/></region>
<text>
<par>
<line>t</line></par>
</text>
</block>
<block><region><rect/></region>
<text>
<par>
<line>la</line></par>
</text>
</block>
<block><region><rect/></region>
<text>
<par>
<line>RI</line></par>
</text>
</block>
<block><region><rect/></region>
<text>
<par>
<line>157</line></par>
</text>
</block>
<block><region><rect/></region>
<text>
<par>
<line>A</line></par>
</text>
</block>
<block><region><rect/></region>
<text>
<par>
<line>VAL</line></par>
</text>
</block>
<block><region><rect/></region>
<text>
<par>
<line>440</line></par>
</text>
</block>
<block><region><rect/></region>
<text>
<par>
<line>t</line></par>
</text>
</block>
<block><region><rect/></region>
<text>
<par>
<line>150</line></par>
</text>
</block>
<block><region><rect/></region>
<text>
<par>
<line>18Z</line></par>
</text>
</block>
<block><region><rect/></region>
<text>
<par>
<line>A. 506</line></par>
</text>
</block>
<block><region><rect/></region>
<text>
<par/>
</text>
</block>
<block><region><rect/></region>
<text>
<par>
<line>20B</line></par>
</text>
</block>
<block><region><rect/></region>
<text>
<par>
<line>156</line></par>
</text>
</block>
<block><region><rect/></region>
<text>
<par>
<line>542</line></par>
</text>
</block>
<block><region><rect/></region>
<text>
<par>
<line>19</line></par>
</text>
</block>
<block><region><rect/></region>
<text>
<par>
<line>t»»-</line></par>
</text>
</block>
<block><region><rect/></region>
<text>
<par/>
</text>
</block>
<block><region><rect/></region>
<text>
<par>
<line>54</line></par>
</text>
</block>
<block><region><rect/></region>
<text>
<par/>
</text>
</block>
<block><region><rect/></region>
<text>
<par/>
</text>
</block>
<block><region><rect/></region>
<text>
<par/>
</text>
</block>
<block><region><rect/></region>
<text>
<par>
<line>m</line></par>
</text>
</block>
<block><region><rect/></region>
<text>
<par>
<line>w</line></par>
</text>
</block>
<block><region><rect/></region>
<text>
<par/>
</text>
</block>
<block><region><rect/></region>
<text>
<par>
<line>03</line></par>
</text>
</block>
<block><region><rect/></region>
<text>
<par/>
</text>
</block>
<block><region><rect/></region>
<text>
<par/>
</text>
</block>
<block><region><rect/></region>
<text>
<par>
<line>l</line></par>
</text>
</block>
<block><region><rect/></region>
<text>
<par>
<line>23</line></par>
</text>
</block>
<block><region><rect/></region>
<text>
<par/>
</text>
</block>
<block><region><rect/></region>
<text>
<par/>
</text>
</block>
<block><region><rect/></region>
<text>
<par>
<line>'Sft?-</line></par>
</text>
</block>
<block><region><rect/></region>
<text>
<par>
<line>+</line></par>
</text>
</block>
<block><region><rect/></region>
<text>
<par/>
</text>
</block>
<block><region><rect/></region>
<text>
<par/>
</text>
</block>
<block><region><rect/></region>
<text>
<par/>
</text>
</block>
<block><region><rect/></region>
<text>
<par>
<line>y'</line></par>
</text>
</block>
<block><region><rect/></region>
<text>
<par/>
</text>
</block>
<block><region><rect/></region>
<text>
<par/>
</text>
</block>
<block><region><rect/></region>
<text>
<par>
<line>\6</line></par>
</text>
</block>
<block><region><rect/></region>
<text>
<par/>
</text>
</block>
<block><region><rect/></region>
<text>
<par/>
</text>
</block>
<block><region><rect/></region>
<text>
<par/>
</text>
</block>
<block><region><rect/></region>
<text>
<par/>
</text>
</block>
<block><region><rect/></region>
<text>
<par/>
</text>
</block>
<block><region><rect/></region>
<text>
<par/>
</text>
</block>
<block><region><rect/></region>
<text>
<par/>
</text>
</block>
<block><region><rect/></region>
<text>
<par>
<line>i»</line></par>
</text>
</block>
<block><region><rect/></region>
<text>
<par>
<line>Évetiuc</line></par>
</text>
</block>
<block><region><rect/></region>
<text>
<par>
<line>0</line></par>
</text>
</block>
<block><region><rect/></region>
<text>
<par/>
</text>
</block>
<block><region><rect/></region>
<text>
<par/>
</text>
</block>
<block><region><rect/></region>
<text>
<par>
<line>AmiM</line></par>
</text>
</block>
<block><region><rect/></region>
<text>
<par>
<line>235</line></par>
</text>
</block>
<block><region><rect/></region>
<text>
<par/>
</text>
</block>
<block><region><rect/></region>
<text>
<par>
<line>1.3</line></par>
</text>
</block>
<block><region><rect/></region>
<text>
<par/>
</text>
</block>
<block><region><rect/></region>
<text>
<par>
<line>f/</line></par>
</text>
</block>
<block><region><rect/></region>
<text>
<par/>
</text>
</block>
<block><region><rect/></region>
<text>
<par/>
</text>
</block>
<block><region><rect/></region>
<text>
<par>
<line>O/</line></par>
</text>
</block>
<block><region><rect/></region>
<text>
<par>
<line>n</line></par>
</text>
</block>
<block><region><rect/></region>
<text>
<par>
<line>N</line></par>
</text>
</block>
<block><region><rect/></region>
<text>
<par>
<line>4^</line></par>
</text>
</block>
<block><region><rect/></region>
<text>
<par>
<line>?</line></par>
</text>
</block>
<block><region><rect/></region>
<text>
<par>
<line>m</line></par>
</text>
</block>
<block><region><rect/></region>
<text>
<par>
<line>i</line></par>
</text>
</block>
<block><region><rect/></region>
<text>
<par>
<line>w</line></par>
</text>
</block>
<block><region><rect/></region>
<text>
<par/>
</text>
</block>
<block><region><rect/></region>
<text>
<par>
<line>4^</line></par>
<par>
<line>4 «a</line></par>
</text>
</block>
<block><region><rect/></region>
<text>
<par/>
</text>
</block>
<block><region><rect/></region>
<text>
<par>
<line>2</line></par>
</text>
</block>
<block><region><rect/></region>
<text>
<par/>
</text>
</block>
<block><region><rect/></region>
<text>
<par>
<line>ms</line></par>
</text>
</block>
<block><region><rect/></region>
<text>
<par>
<line>l</line></par>
</text>
</block>
<block><region><rect/></region>
<text>
<par>
<line>LA REYRADE</line></par>
</text>
</block>
<block><region><rect/></region>
<text>
<par>
<line>h</line></par>
</text>
</block>
<block><region><rect/></region>
<text>
<par>
<line>23</line></par>
</text>
</block>
<block><region><rect/></region>
<text>
<par/>
</text>
</block>
<block><region><rect/></region>
<text>
<par>
<line>%</line></par>
</text>
</block>
<block><region><rect/></region>
<text>
<par>
<line>4f67</line></par>
</text>
</block>
<block><region><rect/></region>
<text>
<par>
<line>t t t T</line></par>
</text>
</block>
<block><region><rect/></region>
<text>
<par>
<line>%</line></par>
</text>
</block>
<block><region><rect/></region>
<text>
<par>
<line>t t t</line></par>
</text>
</block>
<block><region><rect/></region>
<text>
<par/>
</text>
</block>
<block><region><rect/></region>
<text>
<par>
<line>170</line></par>
</text>
</block>
<block><region><rect/></region>
<text>
<par>
<line>Sf»</line></par>
</text>
</block>
<block><region><rect/></region>
<text>
<par/>
</text>
</block>
<block><region><rect/></region>
<text>
<par>
<line>t t t t</line></par>
</text>
</block>
<block><region><rect/></region>
<text>
<par/>
</text>
</block>
<block><region><rect/></region>
<text>
<par>
<line>7 + t</line></par>
</text>
</block>
<block><region><rect/></region>
<text>
<par/>
</text>
</block>
<block><region><rect/></region>
<text>
<par>
<line>t t t +</line></par>
</text>
</block>
<block><region><rect/></region>
<text>
<par/>
</text>
</block>
<block><region><rect/></region>
<text>
<par/>
</text>
</block>
<block><region><rect/></region>
<text>
<par>
<line>«Sf</line></par>
</text>
</block>
<block><region><rect/></region>
<text>
<par/>
</text>
</block>
<block><region><rect/></region>
<text>
<par>
<line>228</line></par>
</text>
</block>
<block><region><rect/></region>
<text>
<par/>
</text>
</block>
<block><region><rect/></region>
<text>
<par>
<line>t t t t</line></par>
</text>
</block>
<block><region><rect/></region>
<text>
<par>
<line>r</line></par>
</text>
</block>
<block><region><rect/></region>
<text>
<par>
<line>/ \</line></par>
</text>
</block>
<block><region><rect/></region>
<text>
<par/>
</text>
</block>
<block><region><rect/></region>
<text>
<par>
<line>+ + f -f</line></par>
</text>
</block>
<block><region><rect/></region>
<text>
<par/>
</text>
</block>
<block><region><rect/></region>
<text>
<par/>
</text>
</block>
<block><region><rect/></region>
<text>
<par/>
</text>
</block>
<block><region><rect/></region>
<text>
<par>
<line>+</line></par>
</text>
</block>
<block><region><rect/></region>
<text>
<par/>
</text>
</block>
<block><region><rect/></region>
<text>
<par>
<line>231</line></par>
</text>
</block>
<block><region><rect/></region>
<text>
<par>
<line>t +</line></par>
</text>
</block>
<block><region><rect/></region>
<text>
<par>
<line>\</line></par>
</text>
</block>
<block><region><rect/></region>
<text>
<par/>
</text>
</block>
<block><region><rect/></region>
<text>
<par>
<line>t +</line></par>
</text>
</block>
<block><region><rect/></region>
<text>
<par/>
</text>
</block>
<block><region><rect/></region>
<text>
<par>
<line>"Y,</line></par>
</text>
</block>
<block><region><rect/></region>
<text>
<par>
<line>IBtt</line></par>
</text>
</block>
<block><region><rect/></region>
<text>
<par>
<line>fs</line></par>
</text>
</block>
<block><region><rect/></region>
<text>
<par>
<line>»</line></par>
</text>
</block>
<block><region><rect/></region>
<text>
<par>
<line>233</line></par>
</text>
</block>
<block><region><rect/></region>
<text>
<par>
<line>■Ht</line></par>
</text>
</block>
<block><region><rect/></region>
<text>
<par>
<line>S4AS DE</line>
<line>TULLE</line></par>
<par>
<line>223</line></par>
</text>
</block>
<block><region><rect/></region>
<text>
<par/>
</text>
</block>
<block><region><rect/></region>
<text>
<par/>
</text>
</block>
<block><region><rect/></region>
<text>
<par>
<line>LE POUX A</line></par>
</text>
</block>
<block><region><rect/></region>
<text>
<par>
<line>t +</line></par>
</text>
</block>
<block><region><rect/></region>
<text>
<par>
<line>Nu.</line></par>
</text>
</block>
<block><region><rect/></region>
<text>
<par>
<line>1- +</line></par>
</text>
</block>
<block><region><rect/></region>
<text>
<par>
<line>H-</line></par>
</text>
</block>
<block><region><rect/></region>
<text>
<par>
<line>+</line></par>
</text>
</block>
<block><region><rect/></region>
<text>
<par>
<line>¥</line></par>
</text>
</block>
<block><region><rect/></region>
<text>
<par/>
</text>
</block>
<block><region><rect/></region>
<text>
<par/>
</text>
</block>
<block><region><rect/></region>
<text>
<par/>
</text>
</block>
<block><region><rect/></region>
<text>
<par>
<line>/</line></par>
</text>
</block>
<block><region><rect/></region>
<text>
<par/>
</text>
</block>
<block><region><rect/></region>
<text>
<par/>
</text>
</block>
<block><region><rect/></region>
<text>
<par/>
</text>
</block>
<block><region><rect/></region>
<text>
<par>
<line>&lt;%</line></par>
</text>
</block>
<block><region><rect/></region>
<text>
<par/>
</text>
</block>
<block><region><rect/></region>
<text>
<par/>
</text>
</block>
<block><region><rect/></region>
<text>
<par>
<line>ï3&gt;</line></par>
</text>
</block>
<block><region><rect/></region>
<text>
<par>
<line>e</line></par>
</text>
</block>
<block><region><rect/></region>
<text>
<par/>
</text>
</block>
<block><region><rect/></region>
<text>
<par>
<line>C</line></par>
</text>
</block>
<block><region><rect/></region>
<text>
<par>
<line>-sî</line></par>
</text>
</block>
<block><region><rect/></region>
<text>
<par>
<line>“T</line></par>
</text>
</block>
<block><region><rect/></region>
<text>
<par>
<line>O'</line></par>
</text>
</block>
<block><region><rect/></region>
<text>
<par>
<line>220</line></par>
</text>
</block>
<block><region><rect/></region>
<text>
<par/>
</text>
</block>
<block><region><rect/></region>
<text>
<par>
<line>?</line></par>
</text>
</block>
<block><region><rect/></region>
<text>
<par>
<line>«le</line></par>
</text>
</block>
<block><region><rect/></region>
<text>
<par/>
</text>
</block>
<block><region><rect/></region>
<text>
<par/>
</text>
</block>
<block><region><rect/></region>
<text>
<par>
<line>SOOS LES CAPUCIN</line></par>
<par>
<line>%J</line></par>
</text>
</block>
<block><region><rect/></region>
<text>
<par>
<line>V</line></par>
</text>
</block>
<block><region><rect/></region>
<text>
<par/>
</text>
</block>
<block><region><rect/></region>
<text>
<par>
<line>%</line></par>
</text>
</block>
<block><region><rect/></region>
<text>
<par>
<line>218</line></par>
</text>
</block>
<block><region><rect/></region>
<text>
<par>
<line>m</line></par>
</text>
</block>
<block><region><rect/></region>
<text>
<par>
<line>JjnsrÿS.</line></par>
</text>
</block>
<block><region><rect/></region>
<text>
<par>
<line>221</line></par>
</text>
</block>
<block><region><rect/></region>
<text>
<par>
<line>Ca^</line></par>
</text>
</block>
<block><region><rect/></region>
<text>
<par>
<line>+</line></par>
</text>
</block>
<block><region><rect/></region>
<text>
<par>
<line>V-v</line></par>
</text>
</block>
<block><region><rect/></region>
<text>
<par>
<line>r</line></par>
</text>
</block>
<block><region><rect/></region>
<text>
<par/>
</text>
</block>
<block><region><rect/></region>
<text>
<par>
<line>174</line></par>
</text>
</block>
<block><region><rect/></region>
<text>
<par/>
</text>
</block>
<block><region><rect/></region>
<text>
<par/>
</text>
</block>
<block><region><rect/></region>
<text>
<par/>
</text>
</block>
<block><region><rect/></region>
<text>
<par>
<line>&lt;îr</line></par>
</text>
</block>
<block><region><rect/></region>
<text>
<par/>
</text>
</block>
<block><region><rect/></region>
<text>
<par/>
</text>
</block>
<block><region><rect/></region>
<text>
<par>
<line>2Î6</line></par>
</text>
</block>
<block><region><rect/></region>
<text>
<par>
<line>44/</line></par>
</text>
</block>
<block><region><rect/></region>
<text>
<par>
<line>CÇi</line></par>
</text>
</block>
<block><region><rect/></region>
<text>
<par/>
</text>
</block>
<block><region><rect/></region>
<text>
<par/>
</text>
</block>
<block><region><rect/></region>
<text>
<par>
<line>175</line></par>
</text>
</block>
<block><region><rect/></region>
<text>
<par>
<line>^TC</line></par>
</text>
</block>
























































































































































































































































































</page>
<page width="2491" height="3513" resolution="300">
<block blockType="Table" blockName="" l="266" t="243" r="2263" b="822"><region><rect/></region>
<row>
<cell rightBorder="White" bottomBorder="White" width="1397" height="114">
<text>
<par/>
</text></cell>
<cell colSpan="2" leftBorder="White" width="600" height="114">
<text>
<par/>
</text></cell></row>
<row>
<cell topBorder="White" bottomBorder="White" width="1397" height="154">
<text>
<par>
<line>URBanisme Aménagement</line>
<line>et Développement Durable</line></par>
</text></cell>
<cell bottomBorder="White" width="339" height="154">
<text>
<par>
<line>URBA</line></par>
</text></cell>
<cell topBorder="White" bottomBorder="White" width="261" height="154">
<text>
<par/>
</text></cell></row>
<row>
<cell topBorder="White" bottomBorder="White" width="1397" height="73">
<text>
<par>
<line>”■ 17ruelendel'el 81 310 PARISOT</line></par>
</text></cell>
<cell topBorder="White" bottomBorder="White" width="339" height="73">
<text>
<par>
<line>2D</line></par>
</text></cell>
<cell topBorder="White" bottomBorder="White" width="261" height="73">
<text>
<par/>
</text></cell></row>
<row>
<cell topBorder="White" bottomBorder="White" width="1397" height="41">
<text>
<par>
<line>0) 09.66.04.11,95</line></par>
</text></cell>
<cell topBorder="White" width="339" height="41">
<text>
<par/>
</text></cell>
<cell topBorder="White" width="261" height="41">
<text>
<par/>
</text></cell></row>
<row>
<cell topBorder="White" rightBorder="White" width="1397" height="197">
<text>
<par>
<line>sebastien.charruyer@orange.fr</line></par>
</text></cell>
<cell colSpan="2" leftBorder="White" width="600" height="197">
<text>
<par/>
</text></cell></row>
</block>
<block><region><rect/></region>
<text>
<par>
<line>DEPARTEMENT</line>
<line>DU TARN</line></par>
</text>
</block>
<block><region><rect/></region>
<text>
<par>
<line>LES CABANNES (81)</line></par>
</text>
</block>
<block><region><rect/></region>
<text>
<par>
<line>REVISION DU P.O.S.</line></par>
<par>
<line>EN PLAN LOCAL D’URBANISME</line></par>
</text>
</block>
<block><region><rect/><rect/></region>
<text>
<par>
<line>PLU approuvé par délibération du</line>
<line>Conseil Municipal en date</line>
<line>du 15/06/2011</line></par>
<par>
<line>Le Maire</line></par>
</text>
</block>
<block><region><rect/></region>
<text>
<par>
<line>MA//S</line></par>
</text>
</block>
<block><region><rect/></region>
<text>
<par/>
</text>
</block>
<block><region><rect/></region>
<text>
<par/>
</text>
</block>
<block><region><rect/></region>
<text>
<par>
<line>4.2. NOTICE DES ORIENTATIONS</line>
<line>D’AMENAGEMENT</line></par>
</text>
</block>















<block blockType="Picture" blockName="" l="275" t="974" r="2261" b="1187"><region><rect/></region>
</block>
<block blockType="Picture" blockName="" l="275" t="1865" r="2261" b="2176"><region><rect/><rect/></region>
</block>
<block blockType="Picture" blockName="" l="269" t="1407" r="2267" b="1647"><region><rect/></region>
</block>
</page>
<page width="2479" height="3508" resolution="300">
<block><region><rect/></region>
<text>
<par>
<line>URBA2D</line></par>
</text>
</block>
<block><region><rect/></region>
<text>
<par>
<line>NOTICE EXPLICATIVE DES ORIENTATIONS</line>
<line>D'AMENAGEMENT</line></par>
</text>
</block>
<block><region><rect/></region>
<text>
<par>
<line>Les zones d'ouverture à l'urbanisation, appelées AU1, sont le lieu privilégié du</line>
<line>développement par des opérations d'ensemble.</line></par>
<par>
<line>Les orientations d'aménagement sont définies sur les zones ouvertes immédiatement à</line>
<line>l'urbanisation (AU1)</line></par>
<par>
<line>Les orientations figurant en pièce 4.1 sont localisées à titre indicatif et s'appliquent en terme</line>
<line>de compatibilité.</line></par>
</text>
</block>
<block><region><rect/></region>
<text>
<par>
<line>Le développement de la zone AU1 du village de Les Cabannes</line></par>
<par>
<line>Orientations :</line></par>
<par>
<line>• Une liaison viaire est à mettre en place pour desservir les parcelles de manière à éviter la</line>
<line>création d'impasse à terme. Cette voie devra faire la liaison entre la voie communale au</line>
<line>nord et la parcelle 134 qui comporte un débouché sur la RD600. Ceci permettra de créer</line>
<line>un lien avec l'arrière des constructions existantes.</line></par>
<par>
<line>• La forme urbaine de cette zone devra privilégier un parcellaire en lanière (parcelle</line>
<line>d'environ 25 mètres de larges mais plus longue) afin de favoriser l'implantation des</line>
<line>constructions en mitoyenneté. Ceci aura pour effet de conserver des espaces d'intimité à</line>
<line>l'arrière des constructions plus importants.</line></par>
<par>
<line>Réseaux :</line></par>
<par>
<line>• Le réseau AEP devra être étendu sous la voie à créer, pour desservir la zone AU1.</line></par>
<par>
<line>• Le secteur est desservi par le réseau d'assainissement collectif. Une extension du</line>
<line>réseau sera réalisée sous la voie à créer.</line></par>
<par>
<line>• En matière de voirie et d'accès : la voie primaire devra permettre une circulation à double</line>
<line>sens d'un gabarit suffisant et d'un traitement des abords qualitatif comportant une</line>
<line>desserte piétonne sécurisée. Le débouché sur la voie communale devra être aménagé</line>
<line>de telle sorte que la sortie soit sécurisée.</line></par>
</text>
</block>
<block><region><rect/></region>
<text>
<par>
<line>Révision du P.O.S. en P.L.U. de Les Cabannes Notice des Orientations d'Aménagement</line></par>
</text>
</block>
<block><region><rect/></region>
<text>
<par>
<line>page 1</line></par>
</text>
</block>




<block blockType="Picture" blockName="" l="292" t="256" r="2187" b="479"><region><rect/></region>
</block>
<block blockType="Picture" blockName="" l="288" t="252" r="2192" b="445"><region><rect/></region>
</block>
<block blockType="Picture" blockName="" l="288" t="1061" r="2192" b="1116"><region><rect/></region>
</block>
</page>
<page width="2479" height="3508" resolution="300">
<block><region><rect/></region>
<text>
<par>
<line>URBA2D</line></par>
</text>
</block>
<block><region><rect/></region>
<text>
<par>
<line>Le développement de la zone AU1 à l'ouest du secteur du Féral</line></par>
<par>
<line>Orientations :</line></par>
<par>
<line>• Une voie est à mettre en place pour desservir les lots de manière à limiter le nombre</line>
<line>d'accès sur la RD 91. Les lots comporteront leur accès sur cette voie à créer.</line></par>
<par>
<line>• La forme urbaine de cette zone devra privilégier un parcellaire en lanière (parcelle</line>
<line>d'environ 25 mètres de larges mais plus longue) afin de favoriser l'implantation des</line>
<line>constructions en mitoyenneté. Ceci aura pour effet de conserver des espaces d'intimité à</line>
<line>l'arrière des constructions plus importants.</line></par>
<par>
<line>• Une liaison douce sera créée pour rejoindre l'espace public situé devant les logements</line>
<line>HLM. Cette disposition permettra une meilleure utilisation des équipements et favorisera</line>
<line>les liens entre les populations.</line></par>
<par>
<line>Réseaux :</line></par>
<par>
<line>• Le réseau AEP devra être étendu sous la voie à créer, pour desservir la zone AU1.</line></par>
<par>
<line>• Le secteur est desservi par le réseau d'assainissement collectif. Une extension du</line>
<line>réseau sera réalisée sous la voie à créer.</line></par>
<par>
<line>• En matière de voirie et d'accès : la voie primaire devra permettre une circulation à double</line>
<line>sens d'un gabarit suffisant et d'un traitement des abords qualitatif comportant une</line>
<line>desserte piétonne sécurisée. Le débouché sur la RD91 devra offrir une visibilité</line>
<line>suffisante de telle sorte que la sortie soit sécurisée.</line></par>
<par>
<line>Le développement de la zone AU1 au nord du secteur du Féral</line></par>
<par>
<line>Orientations :</line></par>
<par>
<line>• Une voie est à mettre en place pour desservir les lots de manière à limiter le nombre</line>
<line>d'accès sur la RD 91. Les lots comporteront leur accès sur cette voie à créer.</line></par>
<par>
<line>• La forme urbaine de cette zone devra privilégier un parcellaire en lanière (parcelle</line>
<line>d'environ 25 mètres de larges mais plus longue) afin de favoriser l'implantation des</line>
<line>constructions en mitoyenneté. Ceci aura pour effet de conserver des espaces d'intimité à</line>
<line>l'arrière des constructions plus importants.</line></par>
<par>
<line>• Une liaison douce sera créée pour rejoindre l'espace public situé devant les logements</line>
<line>HLM. Cette disposition permettra une meilleure utilisation des équipements et favorisera</line>
<line>les liens entre les populations.</line></par>
<par>
<line>Réseaux :</line></par>
<par>
<line>• Le réseau AEP devra être étendu sous la voie à créer, pour desservir la zone AU1.</line></par>
<par>
<line>• Le secteur est desservi par le réseau d'assainissement collectif. Une extension du</line>
<line>réseau sera réalisée sous la voie à créer.</line></par>
<par>
<line>• En matière de voirie et d'accès : la voie primaire devra permettre une circulation à double</line>
<line>sens d'un gabarit suffisant et d'un traitement des abords qualitatif comportant une</line>
<line>desserte piétonne sécurisée. Le débouché sur la RD91 devra offrir une visibilité</line>
<line>suffisante de telle sorte que la sortie soit sécurisée.</line></par>
</text>
</block>
<block><region><rect/></region>
<text>
<par>
<line>Révision du P.O.S. en P.L.U. de Les Cabannes Notice des Orientations d'Aménagement</line></par>
</text>
</block>
<block><region><rect/></region>
<text>
<par>
<line>page 2</line></par>
</text>
</block>






<block blockType="Picture" blockName="" l="288" t="304" r="2192" b="359"><region><rect/></region>
</block>
<block blockType="Picture" blockName="" l="288" t="1675" r="2192" b="1729"><region><rect/></region>
</block>
</page>
<page width="2479" height="3508" resolution="300">
<block><region><rect/></region>
<text>
<par>
<line>URBA2D</line></par>
</text>
</block>
<block><region><rect/></region>
<text>
<par>
<line>Le développement de la zone AU1a au sud du secteur du Féral</line></par>
<par>
<line>Orientations :</line></par>
<par>
<line>• Les accès imposés sont identifiés pour desservir les lots de manière à limiter le nombre</line>
<line>d'accès sur la RD 600 à ceux existants.</line></par>
<par>
<line>• La forme urbaine de la zone AU1a devra privilégier un parcellaire en lanière (parcelle</line>
<line>d'environ 25 mètres de larges mais plus longue) afin de favoriser l'implantation des</line>
<line>constructions en mitoyenneté. Ceci aura pour effet de conserver des espaces d'intimité à</line>
<line>l'arrière des constructions plus importants.</line></par>
<par>
<line>Réseaux :</line></par>
</text>
</block>
<block><region><rect/></region>
<text>
<par>
<line>• Le secteur AU1a n'est pas desservi par le réseau d'assainissement collectif. Un</line>
<line>traitement individuel est possible par des tranchées filtrantes.</line></par>
<par>
<line>• En matière de voirie et d'accès : Les débouchés sur la RD600 devront offrir une visibilité</line>
<line>suffisante de telle sorte que la sortie soit sécurisée.</line></par>
</text>
</block>
<block><region><rect/></region>
<text>
<par>
<line>Le développement de la zone U2 du secteur du Féral</line></par>
</text>
</block>
<block><region><rect/></region>
<text>
<par>
<line>Orientations :</line></par>
<par>
<line>• Les accès imposés sont identifiés pour desservir les lots de manière à limiter le nombre</line>
<line>d'accès sur la RD 600 à ceux existants.</line></par>
<par>
<line>• Une voie est à mettre en place pour desservir les futurs lots de la zone AU0 de manière à</line>
<line>limiter le nombre d'accès sur la RD 600. Les lots comporteront leur accès sur cette voie à</line>
<line>créer.</line></par>
<par>
<line>• Le débouché de cette voie devra offrir une visibilité suffisante de telle sorte que la sortie</line>
<line>soit sécurisée</line></par>
</text>
</block>
<block><region><rect/></region>
<text>
<par>
<line>Le développement de la zone U2 du secteur de la Bouriette</line></par>
</text>
</block>
<block><region><rect/></region>
<text>
<par>
<line>Orientations :</line></par>
<par>
<line>• Une liaison douce sera créée pour rejoindre le secteur du mas de Tulle (commune de</line>
<line>Cordes sur Ciel). Cette disposition favorisera les liens entre les populations sans</line>
<line>emprunter la RD 30 qui n'est pas sécurisée pour les piétons.</line></par>
</text>
</block>
<block><region><rect/></region>
<text>
<par>
<line>Révision du P.O.S. en P.L.U. de Les Cabannes Notice des Orientations d'Aménagement</line></par>
</text>
</block>
<block><region><rect/></region>
<text>
<par>
<line>page 3</line></par>
</text>
</block>






<block blockType="Picture" blockName="" l="288" t="304" r="2192" b="359"><region><rect/></region>
</block>
<block blockType="Picture" blockName="" l="288" t="2096" r="2192" b="2151"><region><rect/></region>
</block>
<block blockType="Picture" blockName="" l="288" t="1359" r="2192" b="1413"><region><rect/></region>
</block>
</page>
</OAP>