<?xml version="1.0" encoding="UTF-8"?><OAP>
<page width="3508" height="2480" resolution="300">
<block><region><rect/></region>
<text>
<par>
<line>terneS *</line></par>
<par>
<line>frontal</line></par>
<par>
<line>Plan Local d’Urbar</line></par>
<par>
<line>Commune</line></par>
<par>
<line>de Pernes les Font</line></par>
</text>
</block>
<block><region><rect/></region>
<text>
<par>
<line>Approbation du PLU</line></par>
</text>
</block>
<block><region><rect/></region>
<text>
<par>
<line>Décembre 2016</line></par>
<par>
<line>L’Atelier AVB - Viviane Berti - 06 63 9 3 65</line></par>
</text>
</block>
<block><region><rect/></region>
<text>
<par>
<line>i S m e</line></par>
</text>
</block>
<block><region><rect/></region>
<text>
<par>
<line>aines</line></par>
</text>
</block>
<block blockType="Table" blockName="" l="1539" t="518" r="1735" b="1884"><region><rect/></region>
<row>
<cell leftBorder="White" topBorder="White" rightBorder="White" bottomBorder="White" width="99" height="47">
<text>
<par>
<line>c</line></par>
</text></cell>
<cell leftBorder="White" topBorder="White" rightBorder="White" bottomBorder="White" width="97" height="47">
<text>
<par/>
</text></cell></row>
<row>
<cell leftBorder="White" topBorder="White" rightBorder="White" bottomBorder="White" width="99" height="46">
<text>
<par>
<line>eu</line></par>
</text></cell>
<cell leftBorder="White" topBorder="White" rightBorder="White" bottomBorder="White" width="97" height="46">
<text>
<par/>
</text></cell></row>
<row>
<cell leftBorder="White" topBorder="White" rightBorder="White" bottomBorder="White" width="99" height="69">
<text>
<par>
<line>E</line></par>
</text></cell>
<cell leftBorder="White" topBorder="White" rightBorder="White" bottomBorder="White" width="97" height="69">
<text>
<par/>
</text></cell></row>
<row>
<cell leftBorder="White" topBorder="White" rightBorder="White" bottomBorder="White" width="99" height="47">
<text>
<par/>
</text></cell>
<cell leftBorder="White" topBorder="White" rightBorder="White" bottomBorder="White" width="97" height="47">
<text>
<par/>
</text></cell></row>
<row>
<cell leftBorder="White" topBorder="White" rightBorder="White" bottomBorder="White" width="99" height="49">
<text>
<par>
<line>en</line></par>
</text></cell>
<cell leftBorder="White" topBorder="White" rightBorder="White" bottomBorder="White" width="97" height="49">
<text>
<par/>
</text></cell></row>
<row>
<cell leftBorder="White" topBorder="White" rightBorder="White" bottomBorder="White" width="99" height="38">
<text>
<par>
<line>fD</line></par>
</text></cell>
<cell leftBorder="White" topBorder="White" rightBorder="White" bottomBorder="White" width="97" height="38">
<text>
<par/>
</text></cell></row>
<row>
<cell leftBorder="White" topBorder="White" rightBorder="White" bottomBorder="White" width="99" height="46">
<text>
<par>
<line>c</line></par>
</text></cell>
<cell leftBorder="White" topBorder="White" rightBorder="White" bottomBorder="White" width="97" height="46">
<text>
<par>
<line>C</line></par>
</text></cell></row>
<row>
<cell leftBorder="White" topBorder="White" rightBorder="White" bottomBorder="White" width="99" height="45">
<text>
<par/>
</text></cell>
<cell leftBorder="White" topBorder="White" rightBorder="White" bottomBorder="White" width="97" height="45">
<text>
<par>
<line>O</line></par>
</text></cell></row>
<row>
<cell leftBorder="White" topBorder="White" rightBorder="White" bottomBorder="White" width="99" height="82">
<text>
<par>
<line>E</line></par>
</text></cell>
<cell leftBorder="White" topBorder="White" rightBorder="White" bottomBorder="White" width="97" height="82">
<text>
<par>
<line>t</line></par>
<par>
<line>-t-»</line></par>
<par>
<line>(T3</line></par>
</text></cell></row>
<row>
<cell leftBorder="White" topBorder="White" rightBorder="White" bottomBorder="White" width="99" height="98">
<text>
<par>
<line>fO</line></par>
<par>
<line>■D</line></par>
</text></cell>
<cell leftBorder="White" topBorder="White" rightBorder="White" bottomBorder="White" width="97" height="98">
<text>
<par>
<line>E</line></par>
</text></cell></row>
<row>
<cell leftBorder="White" topBorder="White" rightBorder="White" bottomBorder="White" width="99" height="62">
<text>
<par>
<line>C</line></par>
</text></cell>
<cell leftBorder="White" topBorder="White" rightBorder="White" bottomBorder="White" width="97" height="62">
<text>
<par>
<line>E</line></par>
</text></cell></row>
<row>
<cell leftBorder="White" topBorder="White" rightBorder="White" bottomBorder="White" width="99" height="59">
<text>
<par>
<line>O</line></par>
</text></cell>
<cell leftBorder="White" topBorder="White" rightBorder="White" bottomBorder="White" width="97" height="59">
<text>
<par>
<line>rc</line></par>
<par>
<line>i_</line></par>
</text></cell></row>
<row>
<cell leftBorder="White" topBorder="White" rightBorder="White" bottomBorder="White" width="99" height="51">
<text>
<par>
<line>■I-»</line></par>
</text></cell>
<cell leftBorder="White" topBorder="White" rightBorder="White" bottomBorder="White" width="97" height="51">
<text>
<par>
<line>U)</line></par>
</text></cell></row>
<row>
<cell leftBorder="White" topBorder="White" rightBorder="White" bottomBorder="White" width="99" height="41">
<text>
<par>
<line>fü</line></par>
</text></cell>
<cell leftBorder="White" topBorder="White" rightBorder="White" bottomBorder="White" width="97" height="41">
<text>
<par>
<line>O</line></par>
</text></cell></row>
<row>
<cell leftBorder="White" topBorder="White" rightBorder="White" bottomBorder="White" width="99" height="31">
<text>
<par>
<line>+-*</line></par>
</text></cell>
<cell leftBorder="White" topBorder="White" rightBorder="White" bottomBorder="White" width="97" height="31">
<text>
<par/>
</text></cell></row>
<row>
<cell leftBorder="White" topBorder="White" rightBorder="White" bottomBorder="White" width="99" height="47">
<text>
<par>
<line>C</line></par>
</text></cell>
<cell leftBorder="White" topBorder="White" rightBorder="White" bottomBorder="White" width="97" height="47">
<text>
<par>
<line>a</line></par>
</text></cell></row>
<row>
<cell leftBorder="White" topBorder="White" rightBorder="White" bottomBorder="White" width="99" height="32">
<text>
<par>
<line>&lt;D</line></par>
</text></cell>
<cell leftBorder="White" topBorder="White" rightBorder="White" bottomBorder="White" width="97" height="32">
<text>
<par/>
</text></cell></row>
<row>
<cell leftBorder="White" topBorder="White" rightBorder="White" bottomBorder="White" width="99" height="31">
<text>
<par/>
</text></cell>
<cell leftBorder="White" topBorder="White" rightBorder="White" bottomBorder="White" width="97" height="31">
<text>
<par>
<line>eu</line></par>
</text></cell></row>
<row>
<cell leftBorder="White" topBorder="White" rightBorder="White" bottomBorder="White" width="99" height="72">
<text>
<par>
<line>O</line></par>
</text></cell>
<cell leftBorder="White" topBorder="White" rightBorder="White" bottomBorder="White" width="97" height="72">
<text>
<par>
<line>"O</line></par>
</text></cell></row>
<row>
<cell leftBorder="White" topBorder="White" rightBorder="White" bottomBorder="White" width="99" height="32">
<text>
<par/>
</text></cell>
<cell leftBorder="White" topBorder="White" rightBorder="White" bottomBorder="White" width="97" height="32">
<text>
<par>
<line>-t-»</line></par>
</text></cell></row>
<row>
<cell leftBorder="White" topBorder="White" rightBorder="White" bottomBorder="White" width="99" height="79">
<text>
<par>
<line>fN</line></par>
</text></cell>
<cell leftBorder="White" topBorder="White" rightBorder="White" bottomBorder="White" width="97" height="79">
<text>
<par>
<line>eu</line></par>
</text></cell></row>
<row>
<cell leftBorder="White" topBorder="White" rightBorder="White" bottomBorder="White" width="99" height="61">
<text>
<par>
<line>LO</line></par>
</text></cell>
<cell leftBorder="White" topBorder="White" rightBorder="White" bottomBorder="White" width="97" height="61">
<text>
<par/>
</text></cell></row>
<row>
<cell leftBorder="White" topBorder="White" rightBorder="White" bottomBorder="White" width="99" height="53">
<text>
<par>
<line>eu</line></par>
</text></cell>
<cell leftBorder="White" topBorder="White" rightBorder="White" bottomBorder="White" width="97" height="53">
<text>
<par/>
</text></cell></row>
<row>
<cell leftBorder="White" topBorder="White" rightBorder="White" bottomBorder="White" width="99" height="39">
<text>
<par>
<line>U</line></par>
</text></cell>
<cell leftBorder="White" topBorder="White" rightBorder="White" bottomBorder="White" width="97" height="39">
<text>
<par/>
</text></cell></row>
<row>
<cell leftBorder="White" topBorder="White" rightBorder="White" bottomBorder="White" width="99" height="54">
<text>
<par>
<line>.eu</line></par>
</text></cell>
<cell leftBorder="White" topBorder="White" rightBorder="White" bottomBorder="White" width="97" height="54">
<text>
<par/>
</text></cell></row>
<row>
<cell leftBorder="White" topBorder="White" rightBorder="White" bottomBorder="White" width="99" height="55">
<text>
<par>
<line>Q_</line></par>
</text></cell>
<cell leftBorder="White" topBorder="White" rightBorder="White" bottomBorder="White" width="97" height="55">
<text>
<par/>
</text></cell></row>
</block>
<block><region><rect/></region>
<text>
<par>
<line>3 3 - 09 50 87 36 90</line></par>
</text>
</block>
<block><region><rect/></region>
<text>
<par>
<line>Pièce 5.2. Orientation d'Aménagement</line>
<line>et de Programmation :</line></par>
<par>
<line>Quartier de l'Argelouse</line></par>
</text>
</block>
</page>
<page width="3508" height="2480" resolution="300">
<block><region><rect/></region>
<text>
<par>
<line>Périmètre de l'orientation d'aménagement et de programmation : Quartier de l'Argelouse</line></par>
</text>
</block>
<block><region><rect/></region>
<text>
<par/>
</text>
</block>
<block><region><rect/></region>
<text>
<par/>
</text>
</block>
<block><region><rect/></region>
<text>
<par/>
</text>
</block>
<block><region><rect/></region>
<text>
<par/>
</text>
</block>
<block><region><rect/></region>
<text>
<par>
<line>m</line></par>
</text>
</block>
<block><region><rect/></region>
<text>
<par/>
</text>
</block>
<block><region><rect/></region>
<text>
<par>
<line>%</line></par>
</text>
</block>
<block><region><rect/></region>
<text>
<par/>
</text>
</block>
<block><region><rect/></region>
<text>
<par/>
</text>
</block>
<block><region><rect/></region>
<text>
<par>
<line>»</line></par>
</text>
</block>
<block><region><rect/></region>
<text>
<par>
<line>«</line></par>
</text>
</block>
<block><region><rect/></region>
<text>
<par>
<line>O</line></par>
</text>
</block>
<block><region><rect/></region>
<text>
<par>
<line>■ü</line></par>
</text>
</block>
<block><region><rect/></region>
<text>
<par/>
</text>
</block>
<block><region><rect/></region>
<text>
<par>
<line>G»</line></par>
</text>
</block>
<block><region><rect/></region>
<text>
<par>
<line>I</line></par>
</text>
</block>
<block><region><rect/></region>
<text>
<par>
<line>nr ( r rrï</line></par>
</text>
</block>
<block><region><rect/></region>
<text>
<par>
<line>Pièce 5.2. Orientation d'aménagement et de programmation - quartier de l'Argelouse</line></par>
</text>
</block>
<block><region><rect/></region>
<text>
<par>
<line>Décembre 2016 - L'Atelier AVB - Landfabrik</line></par>
</text>
</block>
<block><region><rect/></region>
<text>
<par>
<line>2</line></par>
</text>
</block>












</page>
<page width="3508" height="2480" resolution="300">
<block><region><rect/></region>
<text>
<par>
<line>1.Objectifs d'aménagement</line></par>
</text>
</block>
<block><region><rect/><rect/><rect/></region>
<text>
<par>
<line>Ce quartier doit se développer sous forme d'habitat individuel et de petits collectifs en R+1 maximum. Situé en frange</line>
<line>d'urbanisation, aux pieds des collines des Monts du Vaucluse, il doit permettre d'achever de manière harmonieuse l'enveloppe du</line>
<line>bâti existante en y développant une urbanisation modérée qui tienne compte des caractéristiques paysagères du site, de la</line>
<line>préservation des cônes de vue sur la tour de l'horloge et du type d'urbanisation environnante.</line></par>
<par>
<line>Le parti d'aménagement retenu est de :</line></par>
<par>
<line>■ implanter deux poches d'habitat sous formes de maisons individuelles en mitoyenneté ou en cœur de parcelles,</line></par>
<par>
<line>■ implanter une poche d'habitat sous forme de petits collectifs en R+1,</line></par>
<par>
<line>■ limiter les hauteurs du bâti en R+1 de manière à assurer une gradation à la baisse en s'éloignant des zones d'habitat plus</line>
<line>compactes, et de préserver les vues caractéristiques du village,</line></par>
<par>
<line>■ respecter les niveaux de densité variable imposée au SCoT du bassin de vie d'Avignon,</line></par>
<par>
<line>■ créer un réseau de voie structurante qui rattache le fonctionnement du quartier aux chemins de l'Argelouse et du Peyrard,</line></par>
<par>
<line>■ de composer le quartier d'une armature verte traitée notamment sous forme de frange végétale en limite de zone</line>
<line>d'urbanisation, support de voies mode doux, afin d'assurer un lien avec les équipements publics et la campagne.</line></par>
<par>
<line>2.Description du projet - le programme</line></par>
<par>
<line>La surface du quartier s'élève à près de 6,3 hectares. Le nombre de logements prévus est compris dans un minimum de</line>
<line>90 logements sans dépasser un maximum de 95 logements. Sur l'ensemble du quartier, la densité globale est de 15</line>
<line>logements à l'hectare.</line></par>
<par>
<line>Une obligation de production de 30% de logements sociaux est à respecter, soit un minimum de 27 logements et un</line>
<line>maximum de 29 logements. Leur répartition est prévue au sein des trois secteurs d'aménagement.</line></par>
<par>
<line>Le projet s'organise autour de trois poches d'habitat reliées pour la première au chemin de l'Andra, la seconde au chemin de</line>
<line>l'Argelouse et la troisième au chemin du Peyrard.</line></par>
<par>
<line>■ Pièce 5.2. Orientation d'aménagement et de programmation - quartier de i'Argeiouse</line></par>
</text>
<text>
<par>
<line>Décembre 2016 - L'Ateiier AVB - Landfabrik</line></par>
</text>
</block>
<block><region><rect/></region>
<text>
<par>
<line>3</line></par>
</text>
</block>

</page>
<page width="3508" height="2480" resolution="300">
<block><region><rect/></region>
<text>
<par>
<line>■ la zone A de 1,28 ha, accueille une mixité de logements individuels en cœur de parcelle ou en mitoyenneté. La hauteur</line>
<line>maximum des constructions est fixée à 7,50 mètres au faitage. Le nombre de logements minimum à produire est fixé à 21.</line></par>
<par>
<line>■ la zone B de 3,15 ha, accueille une mixité de logements individuels en cœur de parcelle ou en mitoyenneté et une petite</line>
<line>zone d'habitat en collectif en R+1. La hauteur maximum des constructions est fixée à 7,50 mètres au faitage. Un espace</line>
<line>est dédié à la réalisation d'un ouvrage de rétention des eaux de pluie. 30 logements minimum sont à construire sur ce</line>
<line>secteur.</line></par>
<par>
<line>■ la zone C de 1,96 ha, accueille une mixité de logements individuels en cœur de parcelle ou en mitoyenneté. La hauteur</line>
<line>maximum des constructions est fixée à 7,50 mètres au faitage. 32 logements minimum sont à construire sur ce secteur.</line></par>
<par>
<line>Le cœur du quartier se compose d'une armature verte de 1,2 hectares qui doit être aménagée sous forme de terrain de jeux par</line>
<line>exemple de proximité et reliée à des mode-doux qui se connectent aux poches d'habitat. Des poches de stationnement ponctuent</line>
<line>le quartier ainsi que des espaces verts plus ponctuels.</line></par>
<par>
<line>L'aménagement d'une liaison verte, en frange sud-est, doit constituer le support d'une voie mode-doux qui doit assurer des liens</line>
<line>directs avec l'école Marie Mauron, d'une part et la campagne, d'autre part.</line></par>
<par>
<line>Un bassin de rétention des eaux de pluie est prévu sur la zone B.</line></par>
<par>
<line>3.La vocation de la zone en lien avec le PADD</line></par>
<par>
<line>Conformément à l'orientation générale du PADD « Préserver de l'urbanisation la partie agglomérée de Pernes située au sud de</line>
<line>l'axe RDI - RD 28 », l'aménagement de ce secteur vise à achever l'urbanisation située entre le chemin de Fontbianque et</line>
<line>l'avenue René Char. Les franges urbaines de ce nouveau quartier d'habitat doivent s'intégrer à leur contexte environnant en</line>
<line>permettant de créer des formes urbaines respectueuses des sites naturels avec lesquels elles cohabitent et des formes</line>
<line>d'urbanisation des alentours.</line></par>
<par>
<line>Il comporte des objectifs de production de logements sociaux afin de répondre aux obligations de la Loi DALO, le PLH et le SCoT</line>
<line>du bassin de vie d'Avignon. Un seuil minimum de 30 % de logements sociaux est à respecter.</line></par>
</text>
</block>
<block><region><rect/></region>
<text>
<par>
<line>Pièce 5.2. Orientation d'aménagement et de programmation - quartier de i'Argeiouse</line>
<line>Décembre 2016 - L'Ateiier AVB - Landfabrik</line></par>
</text>
</block>
<block><region><rect/></region>
<text>
<par>
<line>4</line></par>
</text>
</block>


</page>
<page width="3508" height="2480" resolution="300">
<block><region><rect/></region>
<text>
<par>
<line>4.Les principes d'aménagement et conditions d'urbanisation</line></par>
<par>
<line>L'urbanisation de ce secteur est conditionnée par plusieurs principes d'aménagement :</line></par>
<par>
<line>■ l'accessibilité et la desserte,</line></par>
<par>
<line>■ la typologie de l'urbanisation (décrite au point 2) et le nombre de logements minimum,</line></par>
<par>
<line>■ le maintien d'éléments existants (bâti ou paysage),</line></par>
<par>
<line>■ la présence de poches de stationnement et d'espaces libres qu'ils soient publics ou privés.</line></par>
<par>
<line>Le schéma de principe des conditions d'ouverture à l'urbanisation du quartier de l'Argelouse figure en page 6.</line></par>
<par>
<line>Ce schéma est opposable à tout aménageur privé ou public. En accompagnement de ce dernier, les principes d'ouverture</line>
<line>à l'urbanisation sont précisés</line></par>
<par>
<line>Les règles applicables à l'aménagement du quartier sont complétées également par le document graphique et le</line>
<line>règlement duPLUàlazonelAUHl.</line></par>
</text>
</block>
<block><region><rect/></region>
<text>
<par>
<line>Pièce 5.2. Orientation d'aménagement et de programmation - quartier de i'Argeiouse</line></par>
</text>
</block>
<block><region><rect/></region>
<text>
<par>
<line>Décembre 2016 - L'Ateiier AVB - Landfabrik</line></par>
</text>
</block>
<block><region><rect/></region>
<text>
<par>
<line>5</line></par>
</text>
</block>

</page>
<page width="3508" height="2480" resolution="300">
<block><region><rect/></region>
<text>
<par>
<line>^—I\i</line></par>
</text>
</block>
<block><region><rect/></region>
<text>
<par/>
</text>
</block>
<block><region><rect/></region>
<text>
<par>
<line>'O.</line></par>
</text>
</block>
<block><region><rect/></region>
<text>
<par>
<line>4</line></par>
</text>
</block>
<block><region><rect/></region>
<text>
<par>
<line>Z</line></par>
</text>
</block>
<block><region><rect/></region>
<text>
<par>
<line>A</line></par>
</text>
</block>
<block><region><rect/></region>
<text>
<par/>
</text>
</block>
<block><region><rect/></region>
<text>
<par>
<line>A</line></par>
</text>
</block>
<block><region><rect/></region>
<text>
<par>
<line>CD</line></par>
</text>
</block>
<block><region><rect/></region>
<text>
<par>
<line>k</line></par>
</text>
</block>
<block><region><rect/></region>
<text>
<par/>
</text>
</block>
<block><region><rect/></region>
<text>
<par>
<line>B</line></par>
</text>
</block>
<block><region><rect/></region>
<text>
<par/>
</text>
</block>
<block><region><rect/></region>
<text>
<par>
<line>O</line></par>
</text>
</block>
<block><region><rect/></region>
<text>
<par/>
</text>
</block>
<block><region><rect/></region>
<text>
<par>
<line>»</line></par>
</text>
</block>
<block><region><rect/></region>
<text>
<par/>
</text>
</block>
<block><region><rect/></region>
<text>
<par>
<line>O</line></par>
</text>
</block>
<block><region><rect/></region>
<text>
<par/>
</text>
</block>
<block><region><rect/></region>
<text>
<par/>
</text>
</block>
<block><region><rect/></region>
<text>
<par/>
</text>
</block>
<block><region><rect/></region>
<text>
<par>
<line>«</line></par>
</text>
</block>
<block><region><rect/></region>
<text>
<par>
<line>uO</line></par>
</text>
</block>
<block><region><rect/></region>
<text>
<par>
<line>#</line></par>
</text>
</block>
<block><region><rect/></region>
<text>
<par>
<line>J</line></par>
</text>
</block>
<block><region><rect/></region>
<text>
<par>
<line>«</line></par>
</text>
</block>
<block><region><rect/></region>
<text>
<par>
<line>'T</line></par>
</text>
</block>
<block><region><rect/></region>
<text>
<par>
<line>*ï</line></par>
</text>
</block>
<block><region><rect/></region>
<text>
<par>
<line>1</line></par>
</text>
</block>
<block><region><rect/></region>
<text>
<par>
<line>•9</line></par>
</text>
</block>
<block><region><rect/></region>
<text>
<par/>
</text>
</block>
<block><region><rect/></region>
<text>
<par/>
</text>
</block>
<block><region><rect/></region>
<text>
<par>
<line>n»</line></par>
</text>
</block>
<block><region><rect/><rect/><rect/></region>
<text>
<par>
<line>/ .</line></par>
<par>
<line>nr I un</line></par>
</text>
</block>
<block><region><rect/></region>
<text>
<par>
<line>SURFACE SECTEUR D'ETUDE : 63 660 m* sait 6.36 ha</line>
<line>dont SURFACE HAB EXISTANT : O.IS ha</line>
<line>dont SURFACE VOIRIE + PARCELLE : 3.1 ha</line>
<line>dam SURFACE ESPACES VERTS ET BASSINS ; 1,9 ha</line></par>
<par>
<line>CAPACITE TOTALE DE LOGEMENTS ;</line></par>
<par>
<line>95 logements soit 15 logements i ha</line></par>
</text>
</block>
<block><region><rect/></region>
<text>
<par>
<line>SOUS ZONE A</line>
<line>21 maisons individoelles</line>
<line>• Surface 1.28 ha</line>
<line>- Soit 16.5 lagemenls à l'ha</line></par>
</text>
</block>
<block><region><rect/></region>
<text>
<par>
<line>SOUS ZONE B</line></par>
<par>
<line>19logementsdepetitcol lectif en R+1</line>
<line>23 maisons Individuelles</line>
<line>- Surface 3.1 ha</line>
<line>-13.5 logements à l'ha</line></par>
</text>
</block>
<block><region><rect/></region>
<text>
<par>
<line>SOUS ZONE C</line>
<line>32 maisons individuelles</line></par>
<par>
<line>- Surface 1.9 ha</line></par>
<par>
<line>- Soit 16.5 logements a l'ha</line></par>
</text>
</block>
<block><region><rect/></region>
<text>
<par>
<line>Schéma de principe</line>
<line>des conditions d’ouverture à</line>
<line>l’urbanisation</line></par>
</text>
</block>
<block><region><rect/><rect/></region>
<text>
<par>
<line>Secteur de l’Argeiouse</line></par>
<par>
<line>Légende</line></par>
<par>
<line>Périmètre de l'opération</line>
<line>Secteur de petit collectif en R+1</line></par>
</text>
</block>
<block><region><rect/></region>
<text>
<par>
<line>Becteur de maison individuelle en coeur</line>
<line>de parcelle</line></par>
<par>
<line>Secteur de maison individuelle mitoyen¬</line>
<line>ne</line></par>
<par>
<line>Habltaflon à intégrer dans le projet</line></par>
</text>
</block>
<block><region><rect/></region>
<text>
<par>
<line>□</line></par>
</text>
</block>
<block><region><rect/><rect/></region>
<text>
<par>
<line>Espaces verts</line></par>
<par>
<line>Emplacement peur bassin de rétention des</line>
<line>eaux pluviales</line></par>
<par>
<line>Poche de stationnement</line></par>
<par>
<line>Voirie structurante</line></par>
<par>
<line>Maillage nxxfes doux</line></par>
</text>
</block>
<block><region><rect/></region>
<text>
<par>
<line>Echelle 1/2000 ème au format A3</line></par>
</text>
</block>
















<block blockType="Picture" blockName="" l="2624" t="729" r="2743" b="794"><region><rect/></region>
</block>
</page>
<page width="3508" height="2480" resolution="300">
<block><region><rect/></region>
<text>
<par>
<line>4.1. accessibilité et desserte</line></par>
</text>
</block>
<block><region><rect/></region>
<text>
<par>
<line>4.2. Dimensionnement des voies et</line>
<line>traitement des voiries internes</line></par>
</text>
</block>
<block><region><rect/></region>
<text>
<par>
<line>La desserte du quartier s'effectue en plusieurs points :</line></par>
</text>
<text>
<par>
<line>■ la zone A est desservie depuis une voie nouvelle qui desservira également la zone B</line>
<line>en venant se raccorder d'une part au chemin de Landra et d'autre part au chemin de</line>
<line>l'Argelouse,</line></par>
<par>
<line>■ la zone C bénéficie d'une desserte par le sud, depuis le chemin de Peyrard. Un</line>
<line>emplacement réservé de désenclavement de la poche d'habitat est prévu sur le plan</line>
<line>de zonage,</line></par>
<par>
<line>Une voie mode doux structure et traverse l'ensemble des trois poches d'habitat en limite Est</line>
<line>de la zone 1 AUHl du PLU.</line></par>
<par>
<line>Sont considérées comme voiries principales nécessaires à l'aménagement des</line>
<line>constructions, les voies reportées sur le schéma. Ces voies principales devront</line>
<line>obligatoirement intégrées des espaces de circulation dédiés aux modes doux.</line></par>
<par>
<line>Les zones B et C doivent bénéficier d'une desserte en boucle.</line></par>
<par>
<line>L'aménagement de ces voies devra valoriser le site.</line></par>
<par>
<line>Le dimensionnement doit permettre une circulation aisée de la population attendue.</line></par>
<par>
<line>Les voies de circulation auront le profil suivant : L'emprise minimum de la voirie sera de 10</line>
<line>mètres. Sur ces axes, les cyclistes partagent la voirie avec les automobilistes. La partie</line>
<line>circulée aura une emprise minimale de 5,8 mètres avec de part et d'autre des cheminements</line>
<line>piétons d'une largeur de 1,4 mètres. Une ou deux bandes formant une largeur de 1,4 mètres</line>
<line>sont à intégrer dans le profil de manière à paysager la voie (plantation d'arbres et</line>
<line>d'arbustes).</line></par>
<par>
<line>La voie mode-doux qui traverse la frange végétale de transition permet de relier les</line>
<line>différentes zones aux quartiers environnants. Cette voie mixte (piéton/cycle) d'une largeur</line>
<line>de 3,5 mètres maximum séparera les flux piétons et cycles.</line></par>
</text>
</block>
<block><region><rect/></region>
<text>
<par>
<line>Pièce 5.2. Orientation d'aménagement et de programmation - quartier de i'Argeiouse</line></par>
</text>
</block>
<block><region><rect/></region>
<text>
<par>
<line>Décembre 2016 - L'Ateiier AVB - Landfabrik</line></par>
</text>
</block>
<block><region><rect/></region>
<text>
<par>
<line>7</line></par>
</text>
</block>





<block blockType="Picture" blockName="" l="1123" t="299" r="3193" b="1948"><region><rect/></region>
</block>
</page>
<page width="3508" height="2480" resolution="300">
<block blockType="Table" blockName="" l="277" t="293" r="3200" b="2011"><region><rect/></region>
<row>
<cell rightBorder="White" width="841" height="634">
<text>
<par>
<line>4.3. Organisation giobaie du site</line></par>
</text></cell>
<cell leftBorder="White" topBorder="White" rightBorder="White" bottomBorder="White" width="2082" height="634">
<text>
<par>
<line>Le site s'organise autour de trois poches d'habitat qui peuvent être aménagées</line>
<line>indépendamment les unes des autres sous réserves de créer les voies nécessaires à leur</line>
<line>désenclavement.</line></par>
<par>
<line>Doivent être créés des espaces verts de proximité comme l'indique le schéma de la page 6</line>
<line>et un espace vert commun sous forme de square de 3 500 m^ minimum.</line></par>
<par>
<line>Les poches de stationnement reportées sur le schéma sont réservées au stationnement des</line>
<line>visiteurs. Ces espaces seront plantés et devront respectés à ce titre les règles de l'article 13</line>
<line>de la zone 1 AUHl du règlement.</line></par>
</text></cell></row>
<row>
<cell rightBorder="White" width="841" height="473">
<text>
<par>
<line>4.4. Impiantations des constructions</line></par>
</text></cell>
<cell leftBorder="White" topBorder="White" rightBorder="White" bottomBorder="White" width="2082" height="473">
<text>
<par>
<line>L'implantation des constructions devra suivre le principe du schéma de la page 6 et du</line>
<line>règlement de la zone 1 AUHl. La hauteur des constructions au faîtage sera limitée à 7,50</line>
<line>mètres autorisant du petit collectif en r+1 sur la zone consacrée.</line></par>
<par>
<line>Les espaces verts ; franges vertes et armatures vertes inscrites au schéma de la page 6</line>
<line>sont reportés sur le document graphique qui les protègent au titre de l'application de l'article</line></par>
<par>
<line>L 123-1-5-111-2° du Code de l'Urbanisme. L'implantation des constructions devra respectés</line>
<line>ces principes de protection.</line></par>
</text></cell></row>
<row>
<cell rightBorder="White" width="841" height="611">
<text>
<par>
<line>4.5. Traitements des espaces</line>
<line>extérieurs des parceiies</line></par>
</text></cell>
<cell leftBorder="White" topBorder="White" rightBorder="White" bottomBorder="White" width="2082" height="611">
<text>
<par>
<line>Une forte densité de plantations est souhaitée, pour cela :</line></par>
<par>
<line>■ les bandes de stationnement qui seraient aménagées le long des voies seront</line>
<line>fragmentées tous les 4 places de stationnement par une bande plantée d'arbustes en</line>
<line>bosquets ou arbre de haute tige,</line></par>
<par>
<line>■ le traitement des poches de stationnement devra prévoir au moins un arbre de haute</line>
<line>tige pour 4 places,</line></par>
<par>
<line>■ les clôtures participent à l'espace collectif, un soin particulier devra leur être apporté.</line>
<line>Ainsi, elles seront constituées de haies bocagères libres et d'espèces variées. En cas</line>
<line>de nécessité, ces haies pourront être doublées d'un grillage (noyé dans la haie).</line></par>
</text></cell></row>
</block>
<block><region><rect/></region>
<text>
<par>
<line>Pièce 5.2. Orientation d'aménagement et de programmation - quartier de i'Argeiouse</line></par>
</text>
</block>
<block><region><rect/></region>
<text>
<par>
<line>Décembre 2016 - L'Ateiier AVB - Landfabrik</line></par>
</text>
</block>
<block><region><rect/></region>
<text>
<par>
<line>8</line></par>
</text>
</block>






<block blockType="Picture" blockName="" l="1123" t="299" r="3193" b="2004"><region><rect/></region>
</block>
</page>
<page width="3508" height="2480" resolution="300">
<block><region><rect/></region>
<text>
<par>
<line>4.5. Traitements des espaces</line>
<line>extérieurs des parceiies (suite)</line></par>
</text>
</block>
<block><region><rect/></region>
<text>
<par>
<line>4.6. Gestion des eaux piuviaies</line></par>
</text>
</block>
<block><region><rect/></region>
<text>
<par>
<line>■ les haies seront constituées d'essences variées (au minimum 3 espèces distinctes) et</line></par>
<par>
<line>■ avec une large proportion d'espèces caduques. Les haies monospécifiques sont</line>
<line>proscrites. Les haies de type thuya, cupressocyparis, chamaecyparis et laurier</line>
<line>palmes sont interdites.</line></par>
<par>
<line>■ Le traitement de l'armature verte cherchera à s'intégrer aux structures paysagères en</line>
<line>place. Les espaces verts collectifs seront traités par plantation d'espèces rustiques</line>
<line>nécessitant peu d'arrosage et d'espèces mélifères. Des arbres et arbustes seront</line>
<line>plantés en bosquets ou en haie champêtre. Les arbres situés dans le périmètre</line>
<line>devront être conservés au maximum dans l'aménagement.</line></par>
<par>
<line>■ Les usages de proximité devront intégrer les espaces verts sous les formes les plus</line>
<line>variées: aire de jeux, jardins partagées et/ou familiaux, zone de pique nique,...</line></par>
<par>
<line>Les bassins de rétention des eaux de pluie, les noues et les fossés seront végétalisés et</line>
<line>intégrés dans un aménagement paysager.</line></par>
<par>
<line>Le risque d'inondation par les eaux de ruissèlement qui existe sur la commune ne devra pas</line>
<line>être aggravé, il convient que des dispositions soient prises pour gérer, stocker et infiltrer</line>
<line>l'eau de pluie dans le périmètre de la zone à urbaniser. Plusieurs moyens seront utilisés :</line></par>
<par>
<line>- une gestion des eaux pluviales à l'échelle du site par l'aménagement de noues, de fossés,</line>
<line>de bassins de rétention paysagers. Les surfaces des espaces des cheminements, des</line>
<line>trottoirs, des stationnements ainsi que les voies secondaires seront revêtues de matériaux</line>
<line>perméables.</line></par>
<par>
<line>Les espaces publics (espaces verts, stationnements etc.) seront aménagés de façon à</line>
<line>stocker temporairement les eaux (noues dans les espaces verts, fossés, décaissement léger</line>
<line>des stationnements, profils en « V » des voies etc.)</line></par>
<par>
<line>- une gestion à la parcelle par un stockage puis une évacuation des eaux pluviales dans le</line>
<line>sol par infiltration, par végétalisation des toitures. Les opérations d'aménagement devront</line>
<line>prévoir des dispositifs de recyclage des eaux pluviales (arrosage des espaces verts etc.).</line></par>
</text>
</block>
<block><region><rect/></region>
<text>
<par>
<line>Pièce 5.2. Orientation d'aménagement et de programmation - quartier de i'Argeiouse</line></par>
</text>
</block>
<block><region><rect/></region>
<text>
<par>
<line>Décembre 2016 - L'Ateiier AVB - Landfabrik</line></par>
</text>
</block>
<block><region><rect/></region>
<text>
<par>
<line>9</line></par>
</text>
</block>





<block blockType="Picture" blockName="" l="1123" t="299" r="3193" b="2029"><region><rect/></region>
</block>
</page>
</OAP>