<?xml version="1.0" encoding="UTF-8"?><OAP>
<page width="2347" height="1665" resolution="200">
<block><region><rect/></region>
<text>
<par>
<line>NORD BOURG (diagnostic)</line></par>
</text>
</block>
<block><region><rect/></region>
<text>
<par>
<line>Etat Initial du Site</line></par>
</text>
</block>
<block blockType="Table" blockName="" l="216" t="367" r="2110" b="1335"><region><rect/></region>
<row>
<cell width="474" height="81">
<text>
<par>
<line>Contexte et localisation</line></par>
</text></cell>
<cell width="1420" height="81">
<text>
<par>
<line>Secteur urbain mixte constitué de parcelles agricoles, d'un pôle d'équipements sportifs, d'une zone de loisirs le long de la route</line>
<line>de Saint Révérend (constructions implantées le long de cet axe de manière disparate).</line></par>
</text></cell></row>
<row>
<cell width="474" height="79">
<text>
<par>
<line>Surface</line></par>
</text></cell>
<cell width="1420" height="79">
<text>
<par>
<line>20 hectares au global environ (11 hectares à vocation habitat / 5 hectares à vocation équipements / 2 hectares à vocation loisirs</line>
<line>/ tourisme et 1.5 hectare à vocation développement économique) / 8.3 hectares aménageables pour de l'habitat</line></par>
</text></cell></row>
<row>
<cell width="474" height="80">
<text>
<par>
<line>Zonage PLU 2006</line></par>
</text></cell>
<cell width="1420" height="80">
<text>
<par>
<line>ULs (loisirs) pour la partie à l'Ouest de la Route de Saint Révérend et 2AUh pour la partie à l'Est de la route de Saint Révérend /</line></par>
<par>
<line>A pour la partie support du développement de la zone de la Davillière et du pôle d'équipements du Moulin Neuf</line></par>
</text></cell></row>
<row>
<cell width="474" height="142">
<text>
<par>
<line>Zonage PLU 0*^2</line></par>
</text></cell>
<cell width="1420" height="142">
<text>
<par>
<line>UAa pour la partie située le long de la rue Georges Clémenceau</line></par>
<par>
<line>UL pour la réalisation d'équipements touristiques et de loisirs</line></par>
<par>
<line>1AU/2AU à vocation habitat pour le reste de la zone</line></par>
</text></cell></row>
<row>
<cell width="474" height="92">
<text>
<par>
<line>Densité minimale fixée par le PADD</line>
<line>(voirie et espaces publics inclus)</line></par>
</text></cell>
<cell width="1420" height="92">
<text>
<par>
<line>15 logements / hectare</line></par>
</text></cell></row>
<row>
<cell width="474" height="80">
<text>
<par>
<line>Potentiel minimal constructible en</line>
<line>nombre de logements</line></par>
</text></cell>
<cell width="1420" height="80">
<text>
<par>
<line>125 logements</line></par>
</text></cell></row>
<row>
<cell width="474" height="80">
<text>
<par>
<line>Biodiversité</line></par>
</text></cell>
<cell width="1420" height="80">
<text>
<par>
<line>Une zone humide identifiée dans le cadre de l'inventaire du SAGE (zone humide non soumise à l'application de l'article 5),</line>
<line>traverse le site d'Est en Ouest. Quelques haies et alignements d'arbres à proximité du plan d'eau notamment.</line></par>
</text></cell></row>
<row>
<cell width="474" height="48">
<text>
<par>
<line>Agriculture</line></par>
</text></cell>
<cell width="1420" height="48">
<text>
<par>
<line>Parcelles exploitées mais de qualité moyenne (discussions sur ce point avec la monde agricole).</line></par>
</text></cell></row>
<row>
<cell width="474" height="80">
<text>
<par>
<line>Gestion de l'eau &amp; réseaux</line></par>
</text></cell>
<cell width="1420" height="80">
<text>
<par>
<line>Pente vers le Nord (topographie marquée en direction du ruisseau des Fontanelles). Ensemble du secteur desservi par les</line>
<line>réseaux d'assainissement collectif (sauf extension à prévoir pour la desserte de la zone d'équipements).</line></par>
</text></cell></row>
<row>
<cell width="474" height="104">
<text>
<par>
<line>Paysage &amp; Patrimoine</line></par>
</text></cell>
<cell width="1420" height="104">
<text>
<par>
<line>Secteur situé en entrée de ville Nord depuis Saint Révérend : enjeu de recomposition de l'entrée de ville en raison de son</line>
<line>caractère éclaté et peu cohérent</line></par>
</text></cell></row>
<row>
<cell width="474" height="49">
<text>
<par>
<line>Risques &amp; Nuisances</line></par>
</text></cell>
<cell width="1420" height="49">
<text>
<par>
<line>-</line></par>
</text></cell></row>
<row>
<cell width="474" height="53">
<text>
<par>
<line>Mobilité &amp; Modes doux</line></par>
</text></cell>
<cell width="1420" height="53">
<text>
<par>
<line>Proximité du centre-bourg, du futur pôle d'équipements sportifs ainsi que de la nouvelle polarité commerciale</line></par>
</text></cell></row>
</block>
<block><region><rect/></region>
<text>
<par>
<line>Ll ClTADiA</line></par>
</text>
</block>
<block><region><rect/></region>
<text>
<par>
<line>&gt; Plan Local d'Urbanisme &gt; 3. OAP &gt; Juin 2013</line></par>
</text>
</block>


















</page>
<page width="3525" height="2503" resolution="300">
<block><region><rect/></region>
<text>
<par>
<line>NORD BOURG (diagnostic)</line></par>
</text>
</block>
<block><region><rect/></region>
<text>
<par/>
</text>
</block>
<block><region><rect/></region>
<text>
<par/>
</text>
</block>
<block><region><rect/></region>
<text>
<par/>
</text>
</block>
<block><region><rect/></region>
<text>
<par/>
</text>
</block>
<block><region><rect/></region>
<text>
<par/>
</text>
</block>
<block><region><rect/></region>
<text>
<par/>
</text>
</block>
<block><region><rect/></region>
<text>
<par>
<line>X-</line></par>
</text>
</block>
<block><region><rect/></region>
<text>
<par>
<line>«</line></par>
</text>
</block>
<block><region><rect/></region>
<text>
<par/>
</text>
</block>
<block><region><rect/></region>
<text>
<par/>
</text>
</block>
<block><region><rect/></region>
<text>
<par>
<line>at&gt;</line></par>
</text>
</block>
<block><region><rect/></region>
<text>
<par/>
</text>
</block>
<block><region><rect/></region>
<text>
<par/>
</text>
</block>
<block><region><rect/></region>
<text>
<par>
<line>■i-Vr</line></par>
</text>
</block>
<block><region><rect/></region>
<text>
<par/>
</text>
</block>
<block><region><rect/></region>
<text>
<par>
<line>7/^</line></par>
</text>
</block>
<block><region><rect/></region>
<text>
<par/>
</text>
</block>
<block><region><rect/><rect/><rect/></region>
<text>
<par/>
</text>
</block>
<block><region><rect/></region>
<text>
<par>
<line>?»»</line></par>
</text>
</block>
<block><region><rect/></region>
<text>
<par/>
</text>
</block>
<block><region><rect/></region>
<text>
<par>
<line>..jHi-*'.</line></par>
</text>
</block>
<block><region><rect/></region>
<text>
<par>
<line>S&amp;</line></par>
</text>
</block>
<block><region><rect/></region>
<text>
<par>
<line>&gt;ag«ttfc,4LSfe;</line></par>
</text>
</block>
<block><region><rect/></region>
<text>
<par/>
</text>
</block>
<block><region><rect/></region>
<text>
<par/>
</text>
</block>
<block><region><rect/></region>
<text>
<par>
<line>'V</line></par>
</text>
</block>
<block><region><rect/></region>
<text>
<par/>
</text>
</block>
<block><region><rect/></region>
<text>
<par>
<line>Plan d'eau et arriéré des maisons de ia Ruchaudiere en second plan</line></par>
</text>
</block>
<block><region><rect/></region>
<text>
<par/>
</text>
</block>
<block><region><rect/></region>
<text>
<par/>
</text>
</block>
<block><region><rect/></region>
<text>
<par/>
</text>
</block>
<block><region><rect/></region>
<text>
<par/>
</text>
</block>
<block><region><rect/></region>
<text>
<par>
<line>v-«S&gt;SÎ.</line></par>
</text>
</block>
<block><region><rect/></region>
<text>
<par/>
</text>
</block>
<block><region><rect/></region>
<text>
<par>
<line>*&gt;t</line></par>
</text>
</block>
<block><region><rect/></region>
<text>
<par/>
</text>
</block>
<block><region><rect/></region>
<text>
<par/>
</text>
</block>
<block><region><rect/></region>
<text>
<par/>
</text>
</block>
<block><region><rect/></region>
<text>
<par/>
</text>
</block>
<block><region><rect/></region>
<text>
<par/>
</text>
</block>
<block><region><rect/></region>
<text>
<par/>
</text>
</block>
<block><region><rect/></region>
<text>
<par/>
</text>
</block>
<block><region><rect/></region>
<text>
<par/>
</text>
</block>
<block><region><rect/></region>
<text>
<par/>
</text>
</block>
<block><region><rect/></region>
<text>
<par>
<line>ir*Mr</line></par>
</text>
</block>
<block><region><rect/></region>
<text>
<par/>
</text>
</block>
<block><region><rect/></region>
<text>
<par/>
</text>
</block>
<block><region><rect/></region>
<text>
<par/>
</text>
</block>
<block><region><rect/></region>
<text>
<par/>
</text>
</block>
<block><region><rect/></region>
<text>
<par>
<line>5li\&gt;</line></par>
</text>
</block>
<block><region><rect/></region>
<text>
<par/>
</text>
</block>
<block><region><rect/></region>
<text>
<par/>
</text>
</block>
<block><region><rect/></region>
<text>
<par>
<line>ferrain des fêtes rue Georges Clemenceau</line></par>
</text>
</block>
<block><region><rect/></region>
<text>
<par>
<line>Zone humide identifiée le long de la rue Athanase Boisliveau</line></par>
</text>
</block>
<block><region><rect/></region>
<text>
<par>
<line>ILl CITADIA</line></par>
</text>
</block>
<block><region><rect/></region>
<text>
<par>
<line>&gt; Plan Local dVrbanisme &gt; 3. GAP &gt; Juin 2013</line></par>
</text>
</block>















</page>
<page width="2350" height="1668" resolution="200">
<block><region><rect/></region>
<text>
<par>
<line>NORD BOURG (diagnostic) - secteur du Moulin Neuf</line></par>
</text>
</block>
<block><region><rect/></region>
<text>
<par>
<line>-■T-.</line></par>
</text>
</block>
<block><region><rect/></region>
<text>
<par/>
</text>
</block>
<block><region><rect/></region>
<text>
<par/>
</text>
</block>
<block><region><rect/></region>
<text>
<par>
<line>K'!</line></par>
</text>
</block>
<block><region><rect/></region>
<text>
<par>
<line>c</line></par>
</text>
</block>
<block><region><rect/></region>
<text>
<par>
<line>■r.y</line></par>
</text>
</block>
<block><region><rect/></region>
<text>
<par>
<line>aim</line></par>
</text>
</block>
<block><region><rect/></region>
<text>
<par/>
</text>
</block>
<block><region><rect/></region>
<text>
<par>
<line>m</line></par>
</text>
</block>
<block><region><rect/></region>
<text>
<par/>
</text>
</block>
<block><region><rect/><rect/></region>
<text>
<par/>
</text>
</block>
<block><region><rect/></region>
<text>
<par>
<line>V»3</line></par>
</text>
</block>
<block><region><rect/></region>
<text>
<par/>
</text>
</block>
<block><region><rect/></region>
<text>
<par/>
</text>
</block>
<block><region><rect/></region>
<text>
<par>
<line>Zt*</line></par>
</text>
</block>
<block><region><rect/></region>
<text>
<par/>
</text>
</block>
<block><region><rect/></region>
<text>
<par/>
</text>
</block>
<block><region><rect/></region>
<text>
<par/>
</text>
</block>
<block><region><rect/></region>
<text>
<par>
<line>«.1^</line></par>
</text>
</block>
<block><region><rect/></region>
<text>
<par/>
</text>
</block>
<block><region><rect/></region>
<text>
<par/>
</text>
</block>
<block><region><rect/></region>
<text>
<par/>
</text>
</block>
<block><region><rect/></region>
<text>
<par/>
</text>
</block>
<block><region><rect/></region>
<text>
<par/>
</text>
</block>
<block><region><rect/></region>
<text>
<par>
<line>A</line></par>
</text>
</block>
<block><region><rect/></region>
<text>
<par/>
</text>
</block>
<block><region><rect/></region>
<text>
<par>
<line>.■*i*</line></par>
</text>
</block>
<block><region><rect/></region>
<text>
<par/>
</text>
</block>
<block><region><rect/></region>
<text>
<par/>
</text>
</block>
<block><region><rect/></region>
<text>
<par/>
</text>
</block>
<block><region><rect/></region>
<text>
<par/>
</text>
</block>
<block><region><rect/></region>
<text>
<par>
<line>■3S^</line></par>
</text>
</block>
<block><region><rect/></region>
<text>
<par>
<line>•raî.v-</line></par>
</text>
</block>
<block><region><rect/></region>
<text>
<par/>
</text>
</block>
<block><region><rect/></region>
<text>
<par/>
</text>
</block>
<block><region><rect/></region>
<text>
<par>
<line>aV</line></par>
</text>
</block>
<block><region><rect/></region>
<text>
<par/>
</text>
</block>
<block><region><rect/><rect/><rect/></region>
<text>
<par>
<line>ÿimms</line></par>
</text>
</block>
<block><region><rect/></region>
<text>
<par/>
</text>
</block>
<block><region><rect/></region>
<text>
<par/>
</text>
</block>
<block><region><rect/></region>
<text>
<par/>
</text>
</block>
<block><region><rect/></region>
<text>
<par/>
</text>
</block>
<block><region><rect/></region>
<text>
<par>
<line>«êjc</line></par>
</text>
</block>
<block><region><rect/></region>
<text>
<par/>
</text>
</block>
<block><region><rect/></region>
<text>
<par/>
</text>
</block>
<block><region><rect/></region>
<text>
<par/>
</text>
</block>
<block><region><rect/></region>
<text>
<par>
<line>iSiCvl</line></par>
</text>
</block>
<block><region><rect/></region>
<text>
<par>
<line>2*;</line></par>
</text>
</block>
<block><region><rect/></region>
<text>
<par/>
</text>
</block>
<block><region><rect/></region>
<text>
<par/>
</text>
</block>
<block><region><rect/></region>
<text>
<par>
<line>Ss:</line></par>
</text>
</block>
<block><region><rect/></region>
<text>
<par>
<line>1^</line></par>
</text>
</block>
<block><region><rect/></region>
<text>
<par/>
</text>
</block>
<block><region><rect/></region>
<text>
<par>
<line>Vue sur le Sud de la zone depuis le plan d'eau</line></par>
</text>
</block>
<block><region><rect/></region>
<text>
<par>
<line>Vue sur le Sud de la zone depuis le plan d'eau</line></par>
</text>
</block>
<block><region><rect/></region>
<text>
<par/>
</text>
</block>
<block><region><rect/></region>
<text>
<par>
<line>1</line></par>
</text>
</block>
<block><region><rect/></region>
<text>
<par/>
</text>
</block>
<block><region><rect/></region>
<text>
<par/>
</text>
</block>
<block><region><rect/><rect/></region>
<text>
<par>
<line>5»i^S ■-' tSfî</line></par>
</text>
</block>
<block><region><rect/></region>
<text>
<par/>
</text>
</block>
<block><region><rect/></region>
<text>
<par>
<line>Na»</line></par>
</text>
</block>
<block><region><rect/></region>
<text>
<par/>
</text>
</block>
<block><region><rect/></region>
<text>
<par/>
</text>
</block>
<block><region><rect/></region>
<text>
<par/>
</text>
</block>
<block><region><rect/></region>
<text>
<par>
<line>&lt;K!</line></par>
</text>
</block>
<block><region><rect/></region>
<text>
<par/>
</text>
</block>
<block><region><rect/></region>
<text>
<par/>
</text>
</block>
<block><region><rect/></region>
<text>
<par/>
</text>
</block>
<block><region><rect/></region>
<text>
<par/>
</text>
</block>
<block><region><rect/></region>
<text>
<par>
<line>SSIgï«-</line></par>
</text>
</block>
<block><region><rect/></region>
<text>
<par>
<line>■ ;21T.-«î»y</line></par>
</text>
</block>
<block><region><rect/></region>
<text>
<par>
<line>l. • _</line></par>
</text>
</block>
<block><region><rect/></region>
<text>
<par/>
</text>
</block>
<block><region><rect/></region>
<text>
<par/>
</text>
</block>
<block><region><rect/><rect/></region>
<text>
<par/>
</text>
</block>
<block><region><rect/></region>
<text>
<par>
<line>y|^</line></par>
</text>
</block>
<block><region><rect/></region>
<text>
<par>
<line>&gt;•</line></par>
</text>
</block>
<block><region><rect/></region>
<text>
<par/>
</text>
</block>
<block><region><rect/></region>
<text>
<par>
<line>»?</line></par>
</text>
</block>
<block><region><rect/></region>
<text>
<par/>
</text>
</block>
<block><region><rect/></region>
<text>
<par/>
</text>
</block>
<block><region><rect/></region>
<text>
<par/>
</text>
</block>
<block><region><rect/><rect/></region>
<text>
<par>
<line>• li I rfBfiirr</line></par>
</text>
</block>
<block><region><rect/></region>
<text>
<par>
<line>•—■ ■ rf-</line></par>
</text>
</block>
<block><region><rect/></region>
<text>
<par/>
</text>
</block>
<block><region><rect/></region>
<text>
<par/>
</text>
</block>
<block><region><rect/></region>
<text>
<par/>
</text>
</block>
<block><region><rect/></region>
<text>
<par/>
</text>
</block>
<block><region><rect/></region>
<text>
<par/>
</text>
</block>
<block><region><rect/></region>
<text>
<par>
<line>iHcé</line></par>
</text>
</block>
<block><region><rect/></region>
<text>
<par>
<line>A—</line></par>
</text>
</block>
<block><region><rect/></region>
<text>
<par/>
</text>
</block>
<block><region><rect/></region>
<text>
<par/>
</text>
</block>
<block><region><rect/></region>
<text>
<par>
<line>Carrefour de la Davillière et de la route de Saint Révérend</line></par>
</text>
</block>
<block><region><rect/></region>
<text>
<par>
<line>Vue sur le Nord de la zone depuis le chemin de la Davillière</line></par>
</text>
</block>
<block><region><rect/></region>
<text>
<par>
<line>^3 CITADIA</line></par>
</text>
</block>
<block><region><rect/></region>
<text>
<par>
<line>&gt; Plan Local dVrbanisme &gt; 3. OAP &gt; Juin 2013</line></par>
</text>
</block>




















<block blockType="Picture" blockName="" l="1078" t="651" r="1107" b="711"><region><rect/></region>
</block>
</page>
<page width="2348" height="1666" resolution="200">
<block><region><rect/></region>
<text>
<par>
<line>NORD BOURG (OAP)</line></par>
</text>
</block>
<block><region><rect/></region>
<text>
<par>
<line>Principe urbain</line></par>
<par>
<line>Ce secteur recevra une vocation mixte habitat, commerces /</line>
<line>services / équipements / artisanat (localisation différenciée selon</line>
<line>les secteurs).</line></par>
</text>
</block>
<block><region><rect/></region>
<text>
<par>
<line>Les formes urbaines mises en œuvre sur ce secteur (terrain de</line>
<line>foot actuel) seront relativement denses et structureront l'entrée</line>
<line>du bourg par la création de fronts urbains en alignement sur la</line>
<line>rue Georges Clémenceau (alignements et hauteurs).</line></par>
</text>
</block>
<block><region><rect/></region>
<text>
<par>
<line>Entre cette polarité et le Parc Résidentiel de Loisirs actuel, des</line>
<line>terrains sont réservés en vue de l'accueil d'équipements à</line>
<line>vocation loisirs ou touristique (aire d'accueil de camping-cars par</line>
<line>exemple). Dans tous les cas, une transition paysagère devra</line>
<line>être opérée entre cet équipement et le PRL voisin. Le PRL</line>
<line>disposera par ailleurs de capacités d'extension (limitées) et</line>
<line>définies à long terme. Dans tous les cas, l'entrée de ville se</line>
<line>situera au niveau du PRL et un aménagement sera réalisé afin</line>
<line>de permettre la jonction entre les routes de Challans et de</line>
<line>Givrand.</line></par>
</text>
</block>
<block><region><rect/></region>
<text>
<par>
<line>Un équipement pourra être réalisé sur le secteur du stade actuel</line>
<line>(terrain stabilisé). La nature de cet équipement n'est pas</line>
<line>précisée mais cette réserve pourra être mobilisée en fonction</line>
<line>des besoins liés à la croissance démographique qu'est amenée à</line>
<line>connaître la commune au cours des 10 prochaines années..</line></par>
</text>
</block>
<block><region><rect/><rect/><rect/></region>
<text>
<par>
<line>L'aménagement du terrain de sport donnant rue Georges</line>
<line>Clémenceau pourra se faire de manière indépendante du</line>
<line>reste de l'opération.</line></par>
<par>
<line>Par ailleurs, des mobilités douces vers les pôles d'équipements</line>
<line>et vers le plan d'eau seront intégrées à l'aménagement de la</line>
<line>zone. Ces liaisons permettront de révéler le potentiel du plan</line>
<line>d'eau aujourd'hui peu mis en valeur. Par ailleurs, elles</line>
<line>constitueront une accroche pour relier le nouveau complexe</line>
<line>sportif du Moulin Neuf.</line></par>
</text>
</block>
<block><region><rect/></region>
<text>
<par>
<line>Les secteurs situés au sein des zones humides identifiées par le</line>
<line>SAGE Vie et Jaunay seront mis en valeur (trame verte, bassins</line>
<line>d'orage paysagers, liaisons douces...).</line></par>
</text>
</block>
<block><region><rect/></region>
<text>
<par>
<line>PROGRAMMATION</line></par>
<par>
<line>10% de logements locatifs sociaux seront réalisés à l'échelle de</line>
<line>l'ensemble de l'opération concernée par le périmètre de l'Orientation</line>
<line>d'Aménagement et de Programmation (12 logements locatife sociaux au</line>
<line>total à l'échelle de l'opération).</line></par>
<par>
<line>Densité minimale = 15 logements / hectare, soit 125 logements au</line>
<line>minimum</line></par>
</text>
</block>
<block><region><rect/></region>
<text>
<par>
<line>Des opérations d'habitat de densité intermédiaire seront</line>
<line>développées sur le reste du secteur. Des densités minimales de</line>
<line>15 logements par hectare seront recherchées. Le phasage de</line>
<line>l'aménagement de cette zone est défini en 4 tranches distinctes.</line></par>
</text>
</block>
<block><region><rect/></region>
<text>
<par>
<line>S.Q CITADIA</line></par>
</text>
</block>
<block><region><rect/></region>
<text>
<par>
<line>&gt; Plan Local dVrbanisme &gt; 3. OAP &gt; Juin 2013</line></par>
</text>
</block>



<block blockType="Picture" blockName="" l="1195" t="749" r="2149" b="1069"><region><rect/></region>
</block>
<block blockType="Picture" blockName="" l="1191" t="744" r="2154" b="1075"><region><rect/></region>
</block>
</page>
<page width="2347" height="1664" resolution="200">
<block><region><rect/></region>
<text>
<par>
<line>!•.! CITAOIA</line></par>
</text>
</block>
<block><region><rect/><rect/><rect/><rect/><rect/></region>
<text>
<par>
<line>oanisme • Commune de L'Aiguillon~sur''/te • ' -•</line></par>
<par>
<line>rJ-</line></par>
</text>
</block>
<block><region><rect/></region>
<text>
<par>
<line>:-.Vf</line></par>
</text>
</block>
<block><region><rect/></region>
<text>
<par/>
</text>
</block>
<block><region><rect/></region>
<text>
<par>
<line>MH</line></par>
</text>
</block>
<block><region><rect/></region>
<text>
<par>
<line>Ç^i.'aVv.</line></par>
</text>
</block>
<block><region><rect/></region>
<text>
<par/>
</text>
</block>
<block><region><rect/></region>
<text>
<par/>
</text>
</block>
<block><region><rect/></region>
<text>
<par/>
</text>
</block>
<block><region><rect/></region>
<text>
<par>
<line>•■VV:</line></par>
</text>
</block>
<block><region><rect/></region>
<text>
<par/>
</text>
</block>
<block><region><rect/><rect/><rect/></region>
<text>
<par/>
</text>
</block>
<block><region><rect/></region>
<text>
<par/>
</text>
</block>
<block><region><rect/></region>
<text>
<par/>
</text>
</block>
<block><region><rect/></region>
<text>
<par>
<line>■i^.</line></par>
</text>
</block>
<block><region><rect/></region>
<text>
<par>
<line>-.C«&gt;</line></par>
</text>
</block>
<block><region><rect/></region>
<text>
<par>
<line>* ’ ,'(</line></par>
</text>
</block>
<block><region><rect/></region>
<text>
<par>
<line>.1</line></par>
</text>
</block>
<block><region><rect/></region>
<text>
<par>
<line>■</line></par>
</text>
</block>
<block><region><rect/></region>
<text>
<par>
<line>.. )■ -</line></par>
</text>
</block>
<block><region><rect/></region>
<text>
<par>
<line>s;^</line></par>
</text>
</block>
<block><region><rect/></region>
<text>
<par>
<line>î I ji</line></par>
</text>
</block>
<block><region><rect/></region>
<text>
<par>
<line>^ Ù ' ■</line></par>
</text>
</block>
<block><region><rect/></region>
<text>
<par/>
</text>
</block>
<block><region><rect/></region>
<text>
<par>
<line>l «- »</line></par>
</text>
</block>
<block><region><rect/></region>
<text>
<par/>
</text>
</block>
<block><region><rect/></region>
<text>
<par>
<line>^'-'L</line></par>
</text>
</block>
<block><region><rect/></region>
<text>
<par>
<line>*% 1</line></par>
</text>
</block>
<block><region><rect/></region>
<text>
<par/>
</text>
</block>
<block><region><rect/></region>
<text>
<par>
<line>N,A^V</line></par>
</text>
</block>
<block><region><rect/></region>
<text>
<par>
<line>rri</line></par>
</text>
</block>
<block><region><rect/></region>
<text>
<par/>
</text>
</block>
<block><region><rect/></region>
<text>
<par>
<line>*»w</line></par>
</text>
</block>
<block><region><rect/></region>
<text>
<par>
<line>•V</line></par>
</text>
</block>
<block><region><rect/></region>
<text>
<par>
<line>ÎW</line></par>
</text>
</block>
<block><region><rect/></region>
<text>
<par>
<line>»tï*</line></par>
</text>
</block>
<block><region><rect/></region>
<text>
<par>
<line>O</line></par>
</text>
</block>
<block><region><rect/></region>
<text>
<par/>
</text>
</block>
<block><region><rect/></region>
<text>
<par/>
</text>
</block>
<block><region><rect/></region>
<text>
<par>
<line>Tr^</line></par>
</text>
</block>
<block><region><rect/></region>
<text>
<par>
<line>•/</line></par>
</text>
</block>
<block><region><rect/></region>
<text>
<par/>
</text>
</block>
<block><region><rect/></region>
<text>
<par>
<line>m</line></par>
</text>
</block>
<block><region><rect/></region>
<text>
<par>
<line>A</line></par>
</text>
</block>
<block><region><rect/></region>
<text>
<par>
<line>/&lt;v</line></par>
</text>
</block>
<block><region><rect/></region>
<text>
<par/>
</text>
</block>
<block><region><rect/></region>
<text>
<par/>
</text>
</block>
<block><region><rect/></region>
<text>
<par/>
</text>
</block>
<block><region><rect/></region>
<text>
<par>
<line>% ,</line></par>
</text>
</block>
<block><region><rect/></region>
<text>
<par>
<line>/ X.L.La</line></par>
</text>
</block>
<block><region><rect/></region>
<text>
<par/>
</text>
</block>
<block><region><rect/></region>
<text>
<par>
<line>•Æ</line></par>
</text>
</block>
<block><region><rect/><rect/></region>
<text>
<par>
<line>i&gt;a=iW!</line></par>
</text>
</block>
<block><region><rect/></region>
<text>
<par/>
</text>
</block>
<block><region><rect/></region>
<text>
<par/>
</text>
</block>
<block><region><rect/></region>
<text>
<par>
<line>:r.</line></par>
</text>
</block>
<block><region><rect/></region>
<text>
<par>
<line>\%</line></par>
</text>
</block>
<block><region><rect/></region>
<text>
<par/>
</text>
</block>
<block><region><rect/></region>
<text>
<par>
<line>Nord Bourg</line></par>
</text>
</block>
<block><region><rect/></region>
<text>
<par>
<line>Tranche 1 operation habitat</line></par>
<par>
<line>TiarKhe 2 operation habitat</line></par>
<par>
<line>Tranche indépendante operation habitat</line></par>
<par>
<line>Secteur d activités economiques existant</line></par>
<par>
<line>Extension de la zone d'activiies de la Oavilliere</line></par>
<par>
<line>Secteur a vocation équipements a creer</line></par>
<par>
<line>Secteur a vocation loisirs</line></par>
<par>
<line>Secteur de développement a long terme d'une</line>
<line>activité d'hebergement touristique</line></par>
<par>
<line>Zones humides inventoriées par le SAGE</line></par>
<par>
<line>Principe de desserte principale</line></par>
<par>
<line>Principe dechemmement doux a creer</line></par>
<par>
<line>Traitement paysager ce l'entree de ville</line></par>
<par>
<line>Ordre Oc phasage au sem de l'opération 0 -</line>
<line>independonf)</line></par>
<par>
<line>Amenagement d'entree de ville</line>
<line>PrirKipe d'accès à la zone</line>
<line>PfiTscipe de sécurisation de l'entree de ville</line>
<line>Gestion des eaux pluviales</line></par>
<par>
<line>Principe de liaison "verte" et de continuité rtaturelle a</line>
<line>préserver au sein de l'opération</line></par>
</text>
</block>
<block><region><rect/></region>
<text>
<par>
<line>N</line></par>
</text>
</block>
<block><region><rect/></region>
<text>
<par>
<line>S(ït/»c&lt;*\ flÜCMho*</line></par>
</text>
</block>
<block><region><rect/></region>
<text>
<par>
<line>&gt; Plan Local d'Urbanisme &gt; 3. OAP &gt; Juin 2013</line></par>
</text>
</block>


















</page>
</OAP>