<?xml version="1.0" encoding="UTF-8"?><OAP>
<page width="3508" height="2481" resolution="300">
<block><region><rect/></region>
<text>
<par>
<line>Espace Océane</line></par>
</text>
</block>
<block><region><rect/></region>
<text>
<par>
<line>Etat des lieux</line></par>
<par>
<line>Secteur de développement</line>
<line>économique identifié au PLU</line>
<line>précédent, il se situe en continuité</line>
<line>des services techniques existants et</line>
<line>est raccordé à la RD6 via un giratoire</line>
<line>existant dont une amorce dessert</line>
<line>déjà la future zone.</line></par>
<par>
<line>Il s'inscrit dans un contexte très</line>
<line>propice au développement</line>
<line>économique (Espace Océane et</line>
<line>Orgerière à proximité immédiate).</line></par>
<par>
<line>Objectifs / orientations</line></par>
<par>
<line>Permettre le bouclage viaire entre le</line>
<line>giratoire existant et une sortie</line>
<line>unique plus à l'Ouest sur la RD6.</line>
<line>Préserver une coulée verte existante</line>
<line>en coeur d'opération.</line></par>
<par>
<line>L'aménagement de cette zone doit</line>
<line>nécessairement avoir lieu via une (ou</line>
<line>plusieurs tranches) opérations</line>
<line>d'aménagement d'ensemble.</line></par>
<par>
<line>Un espace tampon paysager (boisé)</line>
<line>doit être préservé entre la zone et les</line>
<line>habitations voisines.</line></par>
</text>
</block>
<block><region><rect/></region>
<text>
<par/>
</text>
</block>
<block><region><rect/></region>
<text>
<par/>
</text>
</block>
<block><region><rect/></region>
<text>
<par/>
</text>
</block>
<block><region><rect/></region>
<text>
<par/>
</text>
</block>
<block><region><rect/></region>
<text>
<par/>
</text>
</block>
<block><region><rect/></region>
<text>
<par/>
</text>
</block>
<block><region><rect/></region>
<text>
<par/>
</text>
</block>
<block><region><rect/></region>
<text>
<par/>
</text>
</block>
<block><region><rect/></region>
<text>
<par>
<line>Orgerière</line></par>
<par>
<line>Aménagement</line></par>
</text>
</block>
<block><region><rect/><rect/></region>
<text>
<par/>
</text>
</block>
<block><region><rect/></region>
<text>
<par>
<line>\</line></par>
</text>
</block>
<block><region><rect/></region>
<text>
<par>
<line>en cours</line></par>
</text>
</block>
<block><region><rect/></region>
<text>
<par/>
</text>
</block>
<block><region><rect/></region>
<text>
<par>
<line>IM</line></par>
</text>
</block>
<block><region><rect/></region>
<text>
<par>
<line>Espace Océane Sud</line>
<line>Commercialisé</line></par>
</text>
</block>
<block><region><rect/></region>
<text>
<par>
<line>Orientations d'aménagement</line></par>
</text>
</block>
<block><region><rect/></region>
<text>
<par>
<line># ^ Périmètre du site</line></par>
<par>
<line>Aménagement paysager/ bande tampon</line>
<line>{périmètre à définir en phase projet)</line></par>
</text>
</block>
<block><region><rect/></region>
<text>
<par/>
</text>
</block>
<block><region><rect/></region>
<text>
<par>
<line>Accès principaux au site</line></par>
</text>
</block>
<block><region><rect/></region>
<text>
<par>
<line>Ll CITADIA</line></par>
</text>
</block>
<block><region><rect/></region>
<text>
<par>
<line>Aizenay / Plan Local d'Urbanisme /3. Orientations d'Aménagement et de Programmation</line></par>
</text>
</block>
<block><region><rect/></region>
<text>
<par>
<line>28</line></par>
</text>
</block>





<block blockType="Picture" blockName="" l="1078" t="573" r="3203" b="1687"><region><rect/></region>
</block>
</page>
</OAP>