<?xml version="1.0" encoding="UTF-8"?><OAP>
<page width="1169" height="826" resolution="100">
<block><region><rect/></region>
<text>
<par>
<line>Commune de La Boissière-des-Landes</line>
<line>Modification 1 du P.L.U.</line></par>
</text>
</block>
<block><region><rect/></region>
<text>
<par>
<line>Orientations d'aménagement</line></par>
</text>
</block>
<block><region><rect/><rect/></region>
<text>
<par>
<line>Fsvorfser Is création dlUs de quarâefs propio à in»</line>
<line>mixilè d'hebllai (individifef, intetmMfaïf^ voire eemi</line></par>
<par>
<line>MM)</line></par>
</text>
</block>
<block><region><rect/></region>
<text>
<par>
<line>Assurer les relaliOAS It)(erquâi1«rs par dieminemenl</line>
<line>piétonnier el/ou cycidCite (flevani être agréable et sûr)</line>
<line>accompagné d’un trailemenl adapté des intersecUons</line>
<line>anlre ces Otemirtements et les voies rouüàres</line></par>
</text>
</block>
<block><region><rect/></region>
<text>
<par>
<line>Anticiper le développement iwMn é plus lor^ terme :</line>
<line>ménager des possiDUiiés d'exien^ visire eVou de</line>
<line>cbeminernerits *doux' vers les secteurs riveraire $ud,</line>
<line>évenlueHemeni vers l’Ouest en cas de posslbifité de</line>
<line>valorisation de la liaison vers lélang (7)</line></par>
</text>
</block>
<block><region><rect/></region>
<text>
<par>
<line>Favoriser voire optimiser les exposilions {solaires) des</line>
<line>constnjciiotts. notamment à (revers le choix des tracés</line>
<line>viaires;</line></par>
<par>
<line>fadilar le recours eux énergies rertouvelables, mei»</line>
<line>incitet é une bontte inlégratron paysagère et urbanisti]ue</line>
<line>des constructions ou Installdibns concernées</line></par>
</text>
</block>
<block><region><rect/><rect/></region>
<text>
<par>
<line>Prévof le cas échéant ei notamment en fonction du</line></par>
<par>
<line>programme de logements une mutuallsellon dos espaces</line>
<line>dédiés aux sietionnemanls (orientation laissée à</line>
<line>'apprécâeiion de ramértageu^</line></par>
</text>
</block>
<block><region><rect/><rect/></region>
<text>
<par>
<line>Préaervar auleni que ce peut les haies végétales</line>
<line>exisientes, les intégrer a la conception du secteur</line>
<line>(cf, achérris ci&lt;onlre)</line></par>
<par>
<line>Prévoir le plantation de haies complémentaires,</line>
<line>notamment en limite sud du secieur pour revoriset</line>
<line>rititéyadon paysagère des fuwesconsifuctbns</line></par>
</text>
</block>
<block><region><rect/></region>
<text>
<par>
<line>Assurer le gestion, is trarfemenl e! la régulation des eaux</line>
<line>de misselemenl; préconiser la té^isaiion de rwues ou de</line>
<line>bassins traités de manière paysagère {voir aussi</line>
<line>rorlenlatlon générale commuite é tous les secteurs è</line>
<line>urOaniser)</line></par>
</text>
</block>
<block><region><rect/></region>
<text>
<par>
<line>i</line></par>
</text>
</block>
<block><region><rect/></region>
<text>
<par/>
</text>
</block>
<block><region><rect/></region>
<text>
<par/>
</text>
</block>
<block><region><rect/></region>
<text>
<par>
<line>Holf oi/riatou vigMt à mofn ttnli</line>
<line>pour favorlsft IVnsm/en poncÿtrt</line>
<line>dtsKoitiifueihfn,</line>
<line>tl/ou poufovctnpogntr</line>
<line>Ui llntolm plétormitrf / tytloblts</line></par>
</text>
</block>
<block><region><rect/></region>
<text>
<par>
<line>ri</line></par>
</text>
</block>
<block><region><rect/></region>
<text>
<par/>
</text>
</block>
<block><region><rect/></region>
<text>
<par>
<line>0</line></par>
</text>
</block>
<block><region><rect/></region>
<text>
<par/>
</text>
</block>
<block><region><rect/></region>
<text>
<par>
<line>/TTi-</line></par>
</text>
</block>
<block><region><rect/></region>
<text>
<par>
<line>âea</line></par>
<par>
<line>UrbeMKne</line></par>
<par>
<line>tnvironnsmni</line></par>
</text>
</block>
<block><region><rect/></region>
<text>
<par>
<line>Vprsion Spplernbro 2009</line></par>
</text>
</block>
<block><region><rect/></region>
<text>
<par>
<line>echetle : 1/2SOO</line></par>
</text>
</block>
<block><region><rect/></region>
<text>
<par>
<line>Principes d'aménagement</line>
<line>du secteur Sud-Ouest du bourg</line></par>
</text>
</block>
<block><region><rect/></region>
<text>
<par>
<line>MOX4.</line></par>
<par>
<line>Lts orlentet/MS dcn(«s fontsfuhs office ti'ùriontoiions d'am^rtogemenl</line>
<line>Schéma fourni à Ulre Indicatif et dSlluslrothn</line></par>
</text>
</block>
<block><region><rect/></region>
<text>
<par>
<line>f</line></par>
</text>
</block>
<block><region><rect/></region>
<text>
<par>
<line>S</line></par>
</text>
</block>
<block><region><rect/></region>
<text>
<par/>
</text>
</block>
<block><region><rect/></region>
<text>
<par>
<line>• ■</line></par>
</text>
</block>
<block><region><rect/></region>
<text>
<par>
<line>4</line></par>
</text>
</block>
<block><region><rect/></region>
<text>
<par>
<line>à</line></par>
</text>
</block>
<block><region><rect/></region>
<text>
<par/>
</text>
</block>
<block><region><rect/></region>
<text>
<par/>
</text>
</block>
<block><region><rect/></region>
<text>
<par>
<line>%</line></par>
</text>
</block>
<block><region><rect/></region>
<text>
<par>
<line>%</line></par>
</text>
</block>
<block><region><rect/></region>
<text>
<par>
<line>31</line></par>
</text>
</block>
<block><region><rect/></region>
<text>
<par>
<line>3</line></par>
</text>
</block>
<block><region><rect/></region>
<text>
<par/>
</text>
</block>
<block><region><rect/></region>
<text>
<par>
<line>r*.</line></par>
</text>
</block>
<block><region><rect/></region>
<text>
<par>
<line>•i</line></par>
</text>
</block>
<block><region><rect/></region>
<text>
<par/>
</text>
</block>
<block><region><rect/></region>
<text>
<par/>
</text>
</block>
<block><region><rect/></region>
<text>
<par/>
</text>
</block>
<block><region><rect/></region>
<text>
<par>
<line>%</line></par>
</text>
</block>
<block><region><rect/></region>
<text>
<par>
<line>a</line></par>
</text>
</block>
<block><region><rect/><rect/><rect/></region>
<text>
<par>
<line>} .«</line></par>
</text>
</block>
<block><region><rect/></region>
<text>
<par/>
</text>
</block>
<block><region><rect/></region>
<text>
<par/>
</text>
</block>
<block><region><rect/></region>
<text>
<par/>
</text>
</block>
<block><region><rect/></region>
<text>
<par/>
</text>
</block>
<block><region><rect/></region>
<text>
<par>
<line>fi</line></par>
</text>
</block>
<block><region><rect/></region>
<text>
<par>
<line>«•I*</line></par>
</text>
</block>
<block><region><rect/></region>
<text>
<par/>
</text>
</block>
<block><region><rect/></region>
<text>
<par/>
</text>
</block>
<block><region><rect/></region>
<text>
<par/>
</text>
</block>
<block><region><rect/></region>
<text>
<par/>
</text>
</block>
<block><region><rect/></region>
<text>
<par/>
</text>
</block>
<block><region><rect/></region>
<text>
<par>
<line>itii</line></par>
</text>
</block>
<block><region><rect/><rect/><rect/></region>
<text>
<par>
<line>fdedesKne</line>
<line>''inir/Ovoiilcnci/ou</line>
<line>'ûrièie "Sud bourg'</line>
<line>{tfoeési/icleirten^Q</line></par>
</text>
</block>
<block><region><rect/><rect/></region>
<text>
<par>
<line>Orientations 0'am«na9«in«n(&lt;emmwnet</line>
<line>auKtflffèrenis ««(leurs iurb4r&gt;l«er :</line></par>
<par>
<line>FiMMHet la crèailen de qusnim idemiiaim.</line>
<line>roKOenriant en lam que nois urbalris r«aes «Atrc</line>
<line>eiB (au moirv perdes cn«tnJnetnenu ’Oeux*)</line></par>
<par>
<line>Respecter urtéQuiliPte entre dcnstré urbaine</line>
<line>ei «weet vtris;d»r» lecas de r«alrsaiior\0e</line>
<line>parcelles de r«ble superficie ou de peiitt</line>
<line>coltectir&amp;celeclOoitéire accompagnée</line>
<line>d'espaces verts coHeeilfs ci/ou d'espaces</line>
<line>communs rècrèacrfs.</line></par>
<par>
<line>Intégrer les haies végétales et aligrwmems</line>
<line>d'arbres exisianislnvertofies (cf. documents</line>
<line>graphiques du PJ-U ) i la corKepiiori du ixoïei</line>
<line>d'aménagement de chaque secteur â</line>
<line>urpartlser.</line></par>
<par>
<line>Créer un réseau de chemins piétonniers et/ou</line>
<line>cV(lat&gt;le«au seinOechacur des secteurs</line>
<line>ainértagés.assurani aussi.</line></par>
<par>
<line>. des liaisons imerquatUers.</line></par>
<par>
<line>. desiUlsonsdeceslloisdcquatiietaveciee</line>
<line>équipements publics riverains, (rsotammeni</line>
<line>vers la salle des f éies ei la maître).</line></par>
<par>
<line>Créer des voiries d'emprbe adaptée pour assurer</line>
<line>la desserte des dots de quartier el dent le tracé</line>
<line>ou le traitement limite la vftessé des véhicules et</line>
<line>sécurise lesdéplacensemersts "doux"</line></par>
<par>
<line>(exemple ;voirSe partagée)</line></par>
<par>
<line>Ménager les possibitirés d’e«tensron de voirie</line>
<line>pour une desserte ultérieure d'espaces rheralns</line>
<line>(espaces situés au Sud]</line></par>
<par>
<line>et concevoir U volrte de manière è pouvoir assurer</line>
<line>le cas échéant son raccordement a une atiére Sud</line>
<line>du bourg, reliant le bourg &amp; la RO 7é 7 Qtacé «nve&lt;i.</line></par>
<par>
<line>Veillera une gestion eré un italtemeni quailritirei</line>
<line>quantiialtf des eaux de'uissetlement' conserver</line>
<line>sutle»«&lt;ieur sufflsammeni d’espaces non</line>
<line>Imperméabilisés (env.201ide la surperdcle du</line>
<line>secteutP,notarTwneni en espaces verts,</line>
<line>il est imposé le maintien d'à u moins 30 %</line>
<line>d'espaces non Imperméabilisés sur chaque</line>
<line>parcelle privative ct/ou dincitei i une régulailen</line>
<line>des eauxde ruissetiemems sur parcelle privée (a la</line>
<line>charge des patiicuiiers]</line></par>
</text>
</block>
















































<block blockType="Picture" blockName="" l="67" t="104" r="466" b="139"><region><rect/></region>
</block>
<block blockType="Picture" blockName="" l="347" t="453" r="519" b="521"><region><rect/></region>
</block>
<block blockType="Picture" blockName="" l="52" t="741" r="122" b="791"><region><rect/></region>
</block>
<block blockType="Picture" blockName="" l="63" t="100" r="471" b="145"><region><rect/></region>
</block>
</page>
</OAP>