<?xml version="1.0" encoding="UTF-8"?><OAP>
<page width="1169" height="826" resolution="100">
<block><region><rect/></region>
<text>
<par>
<line>I</line></par>
</text>
</block>
<block><region><rect/></region>
<text>
<par/>
</text>
</block>
<block><region><rect/></region>
<text>
<par>
<line>I •</line></par>
</text>
</block>
<block><region><rect/></region>
<text>
<par>
<line>a '</line></par>
</text>
</block>
<block><region><rect/></region>
<text>
<par>
<line>SECTEUR DE LA BELLE EGAREE - ORIENTATION D’AMENAGEMENT ET DE PROGRAMMATION (OAP)</line></par>
</text>
</block>
<block><region><rect/></region>
<text>
<par>
<line>.fuU«</line></par>
</text>
</block>
<block><region><rect/><rect/></region>
<text>
<par>
<line>%g.</line></par>
</text>
</block>
<block><region><rect/><rect/><rect/></region>
<text>
<par>
<line>A*,</line></par>
</text>
</block>
<block><region><rect/></region>
<text>
<par/>
</text>
</block>
<block><region><rect/></region>
<text>
<par/>
</text>
</block>
<block><region><rect/></region>
<text>
<par/>
</text>
</block>
<block><region><rect/></region>
<text>
<par/>
</text>
</block>
<block><region><rect/></region>
<text>
<par/>
</text>
</block>
<block><region><rect/></region>
<text>
<par>
<line>OOS</line></par>
</text>
</block>
<block><region><rect/></region>
<text>
<par>
<line>y</line></par>
</text>
</block>
<block><region><rect/></region>
<text>
<par>
<line>et</line></par>
</text>
</block>
<block><region><rect/></region>
<text>
<par>
<line>?</line></par>
</text>
</block>
<block><region><rect/></region>
<text>
<par/>
</text>
</block>
<block><region><rect/></region>
<text>
<par>
<line>A,.</line></par>
</text>
</block>
<block><region><rect/></region>
<text>
<par>
<line>%</line></par>
</text>
</block>
<block><region><rect/></region>
<text>
<par>
<line>f/</line></par>
</text>
</block>
<block><region><rect/></region>
<text>
<par>
<line>V</line></par>
</text>
</block>
<block><region><rect/></region>
<text>
<par/>
</text>
</block>
<block><region><rect/></region>
<text>
<par/>
</text>
</block>
<block><region><rect/></region>
<text>
<par/>
</text>
</block>
<block><region><rect/></region>
<text>
<par>
<line>LES ARDILLIERS</line></par>
</text>
</block>
<block><region><rect/></region>
<text>
<par/>
</text>
</block>
<block><region><rect/></region>
<text>
<par>
<line>0 li Wr</line></par>
</text>
</block>
<block><region><rect/></region>
<text>
<par>
<line>/</line></par>
</text>
</block>
<block><region><rect/></region>
<text>
<par/>
</text>
</block>
<block><region><rect/></region>
<text>
<par>
<line>^f«coh</line></par>
</text>
</block>
<block><region><rect/></region>
<text>
<par/>
</text>
</block>
<block><region><rect/></region>
<text>
<par>
<line>Oes</line></par>
</text>
</block>
<block><region><rect/></region>
<text>
<par>
<line>‘^s</line></par>
</text>
</block>
<block><region><rect/></region>
<text>
<par>
<line>] [ Périmètre OAP</line></par>
<par>
<line>Principales affectations</line>
<line>Habitai diversifié</line></par>
<par>
<line>Déplacements</line></par>
<par>
<line>Voirie prima ire exista nte</line>
<line>«•Il Voirie de desserte è créer</line>
<line>■lai Continuités plétorines è créer</line></par>
</text>
</block>
<block><region><rect/></region>
<text>
<par>
<line>Paysage</line></par>
</text>
</block>
<block><region><rect/></region>
<text>
<par>
<line>Boisement existant</line>
<line>à valoriser en espace vert</line>
<line>collectif</line></par>
</text>
</block>
<block><region><rect/></region>
<text>
<par/>
</text>
</block>



</page>
<page width="1169" height="826" resolution="100">
<block><region><rect/></region>
<text>
<par>
<line>®|.i» I O* I'1'l'&lt; l&gt;&lt;«n •.'i*! M«xH* it ,«•'f»*/&gt; i *•'rt'*f&gt;ofor*»ri</line></par>
</text>
</block>
<block><region><rect/></region>
<text>
<par>
<line>SECTEUR DE LA BELLE EGAREE DISPOSITIONS COMPLEMENTAIRES RELATIVES A L’OAP</line></par>
</text>
</block>
<block><region><rect/></region>
<text>
<par>
<line>Programme :</line></par>
<par>
<line>' Périmètre OAP : 6 000</line></par>
<par>
<line>• Nombre de logements demandé : 6 logements</line></par>
<par>
<line>Dispositions complémentaires écrites:</line></par>
<par>
<line>« Optimisation recherchée de l’ensoleillement des logements et des jardins privatifs.</line></par>
<par>
<line>• Hauteur des constructions : rez-de-chaussée à R+1</line></par>
<par>
<line>• Stationnements privés dissociés recherchés</line></par>
</text>
</block>



</page>
</OAP>