<?xml version="1.0" encoding="UTF-8"?><OAP>
<page width="1169" height="826" resolution="100">
<block><region><rect/></region>
<text>
<par>
<line>■ SECTEUR DES QUARTS - ORIENTATION D’AMENAGEMENT ET DE PROGRAMMATION (OAP)</line></par>
</text>
</block>
<block><region><rect/></region>
<text>
<par>
<line>iABDlLLIERS «</line></par>
</text>
</block>
<block><region><rect/></region>
<text>
<par/>
</text>
</block>
<block><region><rect/></region>
<text>
<par/>
</text>
</block>
<block><region><rect/></region>
<text>
<par/>
</text>
</block>
<block><region><rect/></region>
<text>
<par/>
</text>
</block>
<block><region><rect/></region>
<text>
<par/>
</text>
</block>
<block><region><rect/></region>
<text>
<par/>
</text>
</block>
<block><region><rect/></region>
<text>
<par/>
</text>
</block>
<block><region><rect/></region>
<text>
<par>
<line>LES</line></par>
</text>
</block>
<block><region><rect/></region>
<text>
<par>
<line>PIRO</line></par>
</text>
</block>
<block><region><rect/></region>
<text>
<par>
<line>Riic</line></par>
</text>
</block>
<block><region><rect/></region>
<text>
<par>
<line>O 2S Ml</line></par>
</text>
</block>
<block><region><rect/></region>
<text>
<par>
<line>I-1 P«rimèir«OAR</line></par>
<par>
<line>Prtncipaltf «ffectations</line></par>
<par>
<line>HâbtCdC (18 log»m«nls</line>
<line>minimtj m «n lots libres et/ou</line>
<line>mecsons de bourg)</line></par>
<par>
<line>Dépleeements</line></par>
<par>
<line>VcMrle prlindlre cxiscanTe</line>
<line>■■■&lt; voite de desserteecreer</line></par>
</text>
</block>





<block blockType="Picture" blockName="" l="555" t="411" r="579" b="449"><region><rect/></region>
</block>
<block blockType="Picture" blockName="" l="701" t="594" r="733" b="615"><region><rect/></region>
</block>
</page>
<page width="1172" height="830" resolution="100">
<block><region><rect/></region>
<text>
<par>
<line>' «• ri'</line></par>
</text>
</block>
<block><region><rect/></region>
<text>
<par>
<line>SECTEUR DES QUARTS DISPOSITIONS COMPLEMENTAIRES RELATIVES A l/OAP</line></par>
</text>
</block>
<block><region><rect/></region>
<text>
<par>
<line>Programme :</line></par>
<par>
<line>• Périmètre OAP : 10 000</line></par>
<par>
<line>• Nombre de logements demandé : 18 logements minimum</line></par>
<par>
<line>• Part des espaces publics : 25 % minimum de la surface de l'OAP</line></par>
<par>
<line>Dispositions complémentaires écrites:</line></par>
<par>
<line>• Optimisation recherchée de Tensoleillement des logements et des jardins privatifs.</line></par>
<par>
<line>• Hauteur des constructions : rez-de-chaussée à R+1</line></par>
</text>
</block>




</page>
</OAP>