<?xml version="1.0" encoding="UTF-8"?><OAP>
<page width="2480" height="3508" resolution="300">
<block><region><rect/></region>
<text>
<par>
<line>2.1.4. Le quartier « Le Fief des Bouales »</line></par>
</text>
</block>
<block><region><rect/></region>
<text>
<par>
<line>11 - Le Fief des Bouales</line></par>
<par>
<line>Surface : 6,52 ha</line>
<line>» ORIENTATIONS SPATIALISEES</line></par>
<par>
<line>Les futurs aménagements et constructions devront être compatibles avec les orientations suivantes :</line></par>
</text>
</block>
<block><region><rect/></region>
<text>
<par>
<line>47</line></par>
</text>
</block>
<block><region><rect/></region>
<text>
<par>
<line>Obligation d'accès automobile et emplacement stationnement privatif</line></par>
</text>
</block>
<block><region><rect/></region>
<text>
<par>
<line>Obiigation d'accès aux iots 6,19,40 et 51</line></par>
</text>
</block>
<block blockType="Table" blockName="" l="496" t="1163" r="1947" b="1416"><region><rect/></region>
<row>
<cell leftBorder="White" bottomBorder="White" width="997" height="63">
<text>
<par>
<line>Emplacement principal de la construction.</line></par>
</text></cell>
<cell colSpan="3" rightBorder="White" bottomBorder="White" width="454" height="63">
<text>
<par>
<line>Polygone d'implantation</line></par>
</text></cell></row>
<row>
<cell leftBorder="White" topBorder="White" width="997" height="73">
<text>
<par>
<line>(construction possible en R'fl)</line></par>
<par>
<line>J</line></par>
</text></cell>
<cell topBorder="White" width="140" height="73">
<text>
<par>
<line>rouge</line></par>
</text></cell>
<cell width="169" height="73">
<text>
<par/>
</text></cell>
<cell topBorder="White" rightBorder="White" width="145" height="73">
<text>
<par/>
</text></cell></row>
<row>
<cell leftBorder="White" bottomBorder="White" width="997" height="55">
<text>
<par>
<line>Emplacement secondaire possible de la construction.</line></par>
</text></cell>
<cell colSpan="3" rightBorder="White" bottomBorder="White" width="454" height="55">
<text>
<par>
<line>Polygone d'implantation</line></par>
</text></cell></row>
<row>
<cell leftBorder="White" topBorder="White" width="997" height="62">
<text>
<par>
<line>(construction limitée à un simple rez de chaussée)</line></par>
</text></cell>
<cell topBorder="White" width="140" height="62">
<text>
<par>
<line>vert</line></par>
</text></cell>
<cell width="169" height="62">
<text>
<par/>
</text></cell>
<cell topBorder="White" rightBorder="White" width="145" height="62">
<text>
<par/>
</text></cell></row>
</block>
<block><region><rect/></region>
<text>
<par>
<line>Emprise maximaie de contact au soi</line>
<line>des voiumes construits de l'ilot B</line></par>
</text>
</block>
<block><region><rect/></region>
<text>
<par>
<line>Ancrage de la façade principale de la construction.</line></par>
<par>
<line>Pour ies cas particuliers des constructions sur piiotis (iiot B),</line>
<line>ii s'agit d'un ancrage donnant l'axe de symétrie du volume</line>
<line>de la construction</line></par>
</text>
</block>
<block><region><rect/></region>
<text>
<par>
<line>Sens dominant du faîtage</line></par>
<par>
<line>(70 % des iignes de faîtages devront Être paraiièies à cette iigne)</line></par>
</text>
</block>
<block><region><rect/></region>
<text>
<par>
<line>Zone Non Aedificandi</line></par>
</text>
</block>
<block><region><rect/></region>
<text>
<par/>
</text>
</block>
<block><region><rect/></region>
<text>
<par>
<line>Ligne d'ancrage de construction imposée sur ia iimite séparative</line>
<line>indication du coté d'ancrage de mitoyenneté, imposé</line>
<line>Clôture minérale imposée</line>
<line>Cioture minéraie réalisée par ie iotisseur</line></par>
</text>
</block>
<block><region><rect/></region>
<text>
<par>
<line>Espaces Verts engazonnés</line></par>
</text>
</block>
<block><region><rect/></region>
<text>
<par>
<line>Chemins piétons</line></par>
</text>
</block>
<block><region><rect/></region>
<text>
<par>
<line>Biocs de béton, engazonnés</line></par>
</text>
</block>
<block><region><rect/></region>
<text>
<par>
<line>impiantation des arbres nouveaux</line>
<line>(avec ou sans fosse de plantation)</line></par>
<par>
<line>Mur en pierres de pays, à créer</line></par>
</text>
</block>
<block><region><rect/></region>
<text>
<par/>
</text>
</block>
<block><region><rect/></region>
<text>
<par/>
</text>
</block>
<block><region><rect/></region>
<text>
<par>
<line>Empiacement de stockage des déchets ménagers</line>
<line>Ciaustra bois sur daiie béton</line></par>
</text>
</block>
<block><region><rect/></region>
<text>
<par>
<line>Végétation arbustive à créer</line></par>
</text>
</block>
<block><region><rect/></region>
<text>
<par>
<line>m</line></par>
</text>
</block>
<block><region><rect/></region>
<text>
<par>
<line>I Cittànova</line></par>
</text>
</block>
<block><region><rect/></region>
<text>
<par>
<line>LES OAP</line></par>
</text>
</block>
<block><region><rect/></region>
<text orientation="RotatedClockwise">
<par>
<line>Commune de Chantonnay. Plan Local d'Urbanisme</line></par>
</text>
</block>













































<block blockType="Picture" blockName="" l="2369" t="474" r="2476" b="542"><region><rect/></region>
</block>
<block blockType="Picture" blockName="" l="1603" t="3393" r="2305" b="3501"><region><rect/></region>
</block>
<block blockType="Picture" blockName="" l="1647" t="2441" r="1796" b="2482"><region><rect/></region>
</block>
<block blockType="Picture" blockName="" l="1628" t="1584" r="1806" b="1652"><region><rect/></region>
</block>
<block blockType="Picture" blockName="" l="1629" t="2329" r="1805" b="2396"><region><rect/></region>
</block>
</page>
<page width="2480" height="3508" resolution="300">
<block><region><rect/></region>
<text orientation="RotatedCounterclockwise">
<par>
<line>Plan Local d'Urbanisme . Commune de Chantonnay.</line></par>
</text>
</block>
<block><region><rect/></region>
<text>
<par>
<line>48</line></par>
</text>
</block>
<block><region><rect/></region>
<text>
<par/>
</text>
</block>
<block><region><rect/></region>
<text>
<par/>
</text>
</block>
<block><region><rect/></region>
<text>
<par>
<line>a</line></par>
</text>
</block>
<block><region><rect/></region>
<text>
<par>
<line>a</line></par>
</text>
</block>
<block><region><rect/></region>
<text>
<par>
<line>SI</line></par>
</text>
</block>
<block><region><rect/></region>
<text>
<par/>
</text>
</block>
<block><region><rect/></region>
<text>
<par>
<line>es</line></par>
</text>
</block>
<block><region><rect/></region>
<text>
<par/>
</text>
</block>



























<block blockType="Picture" blockName="" l="4" t="473" r="109" b="541"><region><rect/></region>
</block>
<block blockType="Picture" blockName="" l="1298" t="2186" r="1395" b="2229"><region><rect/></region>
</block>
<block blockType="Picture" blockName="" l="1041" t="2091" r="1124" b="2229"><region><rect/></region>
</block>
</page>
</OAP>