<?xml version="1.0" encoding="UTF-8"?><OAP>
<page width="1661" height="2345" resolution="200">
<block><region><rect/></region>
<text>
<par>
<line>COMMUNE-DE CUGAND</line></par>
</text>
</block>
<block><region><rect/></region>
<text>
<par/>
</text>
</block>
<block><region><rect/></region>
<text>
<par>
<line>I. ZONE D'ACTMTES DU MORTIER OUEST</line></par>
</text>
</block>
<block blockType="Table" blockName="" l="202" t="627" r="1498" b="1428"><region><rect/></region>
<row>
<cell leftBorder="White" width="338" height="87">
<text>
<par>
<line>Situation</line></par>
</text></cell>
<cell rightBorder="White" width="958" height="87">
<text>
<par>
<line>Entre ia RD 77 et la RD 763, délimité au sud par le projet de rocade et au</line>
<line>nord par la voie ferrée</line></par>
</text></cell></row>
<row>
<cell leftBorder="White" width="338" height="51">
<text>
<par>
<line>Contrainte particulière</line></par>
</text></cell>
<cell rightBorder="White" width="958" height="51">
<text>
<par>
<line>Passage de la voie ferrée au nord</line></par>
</text></cell></row>
<row>
<cell leftBorder="White" width="338" height="319">
<text>
<par>
<line>Ambiance paysagère et</line>
<line>occupation du site</line></par>
</text></cell>
<cell rightBorder="White" width="958" height="319">
<text>
<par>
<line>- Quelques haies existantes sur la zone</line></par>
<par>
<line>- Terrains en pente légère orientée ouest.</line></par>
<par>
<line>- Occupation agricole.</line></par>
<par>
<line>- Contexte de frange urbaine (habitations au Nord), zone économique à</line>
<line>l’est, secteur agricole au sud et à l’ouest.</line></par>
</text></cell></row>
<row>
<cell leftBorder="White" width="338" height="344">
<text>
<par>
<line>Type d’urbanisation</line>
<line>attendue - Principales</line>
<line>caractéristiques</line></par>
</text></cell>
<cell rightBorder="White" width="958" height="344">
<text>
<par>
<line>- Intégrer la zone au projet de rocade</line></par>
<par>
<line>- Un des principaux accès se situe au sud ouest sur le giratoire prévu</line>
<line>entre le projet.de rocade et RD 77, une connexion avec la zone du</line>
<line>Mortier Est est à prévoir.</line></par>
<par>
<line>- Une liaison douce le long de la RD 77 permettra de relier la zone au</line>
<line>centre de la commune</line></par>
</text></cell></row>
</block>
<block><region><rect/></region>
<text>
<par/>
</text>
</block>
<block><region><rect/></region>
<text>
<par>
<line>SCC- !üii:6! 2006 po.oe 2</line></par>
</text>
</block>








</page>
<page width="1662" height="2346" resolution="200">
<block><region><rect/></region>
<text>
<par>
<line>P.L.U, de CUGAND</line></par>
</text>
</block>
<block><region><rect/></region>
<text>
<par>
<line>&gt;&gt;&lt;</line></par>
</text>
</block>
<block><region><rect/></region>
<text>
<par>
<line>//</line></par>
</text>
</block>
<block><region><rect/></region>
<text>
<par>
<line>//</line></par>
</text>
</block>
<block><region><rect/></region>
<text>
<par>
<line>\</line></par>
</text>
</block>
<block><region><rect/></region>
<text>
<par/>
</text>
</block>
<block><region><rect/></region>
<text>
<par>
<line>sce/2005</line></par>
</text>
</block>
<block><region><rect/></region>
<text>
<par>
<line>Mortier</line></par>
<par>
<line>Ouest</line></par>
</text>
</block>
<block><region><rect/></region>
<text>
<par>
<line>Voie majeure (principe)</line>
<line>s t s e « Chemins piétons/cycles</line></par>
<par>
<line>Constructions d'activités économiques</line>
<line>Limite de zone</line></par>
</text>
</block>
<block><region><rect/></region>
<text>
<par>
<line>N</line></par>
<par>
<line>©</line></par>
</text>
</block>
<block><region><rect/></region>
<text orientation="RotatedCounterclockwise">
<par>
<line>04125A_Cugand_Zoom quartiers.ai/MRU/300505</line></par>
</text>
</block>












</page>
</OAP>