<?xml version="1.0" encoding="UTF-8"?><OAP>
<page width="3525" height="2504" resolution="300">
<block><region><rect/></region>
<text>
<par>
<line>Zones 2 AUh et 1 AUh de la RD 90A à la ruedes Chesselières</line></par>
</text>
</block>
<block><region><rect/><rect/></region>
<text>
<par/>
</text>
</block>
<block><region><rect/></region>
<text>
<par/>
</text>
</block>
<block><region><rect/></region>
<text>
<par/>
</text>
</block>
<block><region><rect/></region>
<text>
<par/>
</text>
</block>
<block><region><rect/></region>
<text>
<par/>
</text>
</block>
<block><region><rect/></region>
<text>
<par/>
</text>
</block>
<block><region><rect/></region>
<text>
<par>
<line>C*</line></par>
</text>
</block>
<block><region><rect/></region>
<text>
<par>
<line>X</line></par>
</text>
</block>
<block><region><rect/></region>
<text>
<par/>
</text>
</block>
<block><region><rect/></region>
<text>
<par/>
</text>
</block>
<block><region><rect/></region>
<text>
<par>
<line>s</line></par>
</text>
</block>
<block><region><rect/></region>
<text>
<par/>
</text>
</block>
<block><region><rect/></region>
<text>
<par>
<line>e</line></par>
</text>
</block>
<block><region><rect/></region>
<text>
<par>
<line>%</line></par>
</text>
</block>
<block><region><rect/></region>
<text>
<par>
<line>K</line></par>
</text>
</block>
<block><region><rect/></region>
<text>
<par>
<line>TW</line></par>
</text>
</block>
<block><region><rect/></region>
<text>
<par>
<line>H</line></par>
</text>
</block>
<block><region><rect/></region>
<text>
<par>
<line>»</line></par>
</text>
</block>
<block><region><rect/></region>
<text>
<par>
<line>^3^</line></par>
</text>
</block>
<block><region><rect/></region>
<text>
<par/>
</text>
</block>
<block><region><rect/></region>
<text>
<par/>
</text>
</block>
<block><region><rect/></region>
<text>
<par>
<line>SS</line></par>
</text>
</block>
<block><region><rect/></region>
<text>
<par>
<line>1</line></par>
</text>
</block>
<block><region><rect/></region>
<text>
<par/>
</text>
</block>
<block><region><rect/></region>
<text>
<par/>
</text>
</block>
<block><region><rect/></region>
<text>
<par/>
</text>
</block>
<block><region><rect/></region>
<text>
<par/>
</text>
</block>
<block><region><rect/></region>
<text>
<par/>
</text>
</block>
<block><region><rect/></region>
<text>
<par/>
</text>
</block>
<block><region><rect/></region>
<text>
<par>
<line>100</line></par>
</text>
</block>
<block><region><rect/></region>
<text>
<par>
<line>""/ limite de l’OA</line>
<line>”"'"» principe de voie</line>
<line>liaison douce</line>
<line>espace collectif</line></par>
<par>
<line>■■■■ haie à conserver ou à planter</line>
<line>- fossé à conserver</line></par>
</text>
</block>
<block><region><rect/></region>
<text>
<par>
<line>PLU - Falleron - Orientations d’aménagement et de programmation</line></par>
</text>
</block>
<block><region><rect/></region>
<text>
<par>
<line>- Créer un espace collectif central au cœur du</line>
<line>quartier.</line></par>
<par>
<line>- Conserver les haies existantes dans et en bordure</line>
<line>de zone.</line></par>
<par>
<line>- Créer des liaisons douces qui pourront s’appuyer</line>
<line>sur la trame routière ou la trame végétale ou</line>
<line>dissociées de celles-ci.</line></par>
<par>
<line>- Organiser les nouvelles constructions en</line>
<line>privilégiant une orientation sud</line></par>
<par>
<line>- Organiser la gestion des eaux de ruissellement par</line>
<line>technique douce (noue / fossés).</line></par>
<par>
<line>- Relier le quartier aux voies structurantes et aux</line>
<line>quartiers voisins.</line></par>
</text>
</block>










<block blockType="Picture" blockName="" l="1727" t="916" r="1779" b="995"><region><rect/></region>
</block>
</page>
</OAP>