<?xml version="1.0" encoding="UTF-8"?><OAP>
<page width="826" height="1169" resolution="100">
<block><region><rect/></region>
<text>
<par>
<line>Schéma</line>
<line>de principe</line>
<line>d'aménagement</line></par>
<par>
<line>Pironnière</line></par>
</text>
</block>
<block><region><rect/></region>
<text>
<par>
<line>résMudivcins</line></par>
<par>
<line>struduranl</line></par>
</text>
</block>
<block><region><rect/></region>
<text>
<par>
<line>ctNminâpr6ssfi«</line></par>
<par>
<line>hitm</line></par>
<par>
<line>^ ti^Aadên»</line></par>
<par>
<line>M haitàpfÿservet</line>
<line>Q Mlei&lt;réer</line></par>
</text>
</block>
<block><region><rect/></region>
<text>
<par>
<line>bs»it«rétenlKA</line></par>
<par>
<line>7</line></par>
</text>
</block>
<block><region><rect/></region>
<text>
<par>
<line>4</line></par>
</text>
</block>
<block><region><rect/></region>
<text>
<par/>
</text>
</block>
<block><region><rect/></region>
<text>
<par/>
</text>
</block>
<block><region><rect/></region>
<text>
<par>
<line>9 te «a»</line>
<line>4eMI«: 1/8000^</line></par>
</text>
</block>
<block><region><rect/></region>
<text orientation="RotatedCounterclockwise">
<par/>
</text>
</block>









</page>
<page width="1240" height="1754" resolution="150">
<block><region><rect/></region>
<text>
<par>
<line>9. Plronnière</line></par>
</text>
</block>
<block blockType="Table" blockName="" l="185" t="247" r="1172" b="939"><region><rect/></region>
<row>
<cell width="195" height="80">
<text>
<par>
<line>Surface</line></par>
</text></cell>
<cell width="252" height="80">
<text>
<par>
<line>2 ha</line></par>
</text></cell>
<cell width="273" height="80">
<text>
<par>
<line>Estimation du potentiel</line>
<line>constructible</line></par>
</text></cell>
<cell width="267" height="80">
<text>
<par>
<line>24 logements</line></par>
<par>
<line>(avec une marge de + ou - 25 %)</line></par>
</text></cell></row>
<row>
<cell width="195" height="77">
<text>
<par>
<line>Situation</line></par>
</text></cell>
<cell colSpan="3" width="792" height="77">
<text>
<par>
<line>Situation en continuité de la zone urbanisée (Sud), au contact de la RD 23 - rue du Colonel Dumont</line>
<line>Saint-Priest, entre la zone d’activités de Saint-Médard et celle de Jéricho.</line></par>
</text></cell></row>
<row>
<cell width="195" height="78">
<text>
<par>
<line>Desserte par</line>
<line>l’assainissement</line></par>
</text></cell>
<cell width="252" height="78">
<text>
<par>
<line>Réseaux au Sud, de façon</line>
<line>gravitaire</line></par>
</text></cell>
<cell width="273" height="78">
<text>
<par>
<line>contrainte particulière</line></par>
</text></cell>
<cell width="267" height="78">
<text>
<par>
<line>Néant,</line></par>
</text></cell></row>
<row>
<cell width="195" height="253">
<text>
<par>
<line>Ambiance paysagère</line>
<line>et occupation du site</line></par>
</text></cell>
<cell colSpan="3" width="792" height="253">
<text>
<par>
<line>Cette zone se situe dans un contexte de frange urbaine agricole, sur des terrains en pente légère</line>
<line>orientée vers le Sud-Est (vallée du Seillot), La RD 23 assure une desserte satisfaisante. Le secteur est</line>
<line>traversé d'un haie d'axe Est-Ouest.</line></par>
<par>
<line>Toute la partie Nord du secteur est bâtie sous forme de pavillons.</line></par>
<par>
<line>En contrebas, un chemin de promenade longe le Seillot.</line></par>
<par>
<line>L'occupation actuelle de ce secteur est agricole, essentiellement sous forme de culture.</line></par>
</text></cell></row>
<row>
<cell width="195" height="204">
<text>
<par>
<line>Type d'urbanisation</line>
<line>attendue-Principales</line>
<line>caractéristiques</line></par>
</text></cell>
<cell colSpan="3" width="792" height="204">
<text>
<par>
<line>Pavillonnaire, avec un petit secteur central de densité, auprès duquel un espace vert devra être créé.</line></par>
<par>
<line>L’accès à la RD sera double et la desserte de la zone se fera en boucle (éventuellement en sens</line>
<line>unique),</line></par>
<par>
<line>La haie mentionnée ci-dessus devra être préservée.</line></par>
<par>
<line>Des chemins piétonniers permettront de joindre aisément la vallée du Seillot,</line></par>
</text></cell></row>
</block>
<block><region><rect/></region>
<text>
<par>
<line>Orientations d'aménagemenf / page 10</line></par>
</text>
</block>



















</page>
</OAP>