<?xml version="1.0" encoding="UTF-8"?><OAP>
<page width="1653" height="2339" resolution="200">
<block><region><rect/></region>
<text>
<par>
<line>Orientations d’aménagement ■ Plan Local d’Urbanisme de Fontaines</line></par>
</text>
</block>
<block><region><rect/></region>
<text>
<par>
<line>2</line></par>
</text>
</block>
<block><region><rect/></region>
<text>
<par>
<line>1. Les Secteurs 1 AU</line></par>
</text>
</block>
<block><region><rect/></region>
<text>
<par>
<line>1.1.Le contexte du site</line></par>
<par>
<line>Les secteurs 1AU définissent des extensions urbaines, en continuité du bourg déjà existant</line>
<line>accueillant les réseaux.</line></par>
<par>
<line>Ces secteurs à urbaniser à court terme (1AU) ont pour vocation principale l'implantation de bâti</line>
<line>à vocation de logements.</line></par>
<par>
<line>Surface : 4.3 ha</line></par>
<par>
<line>L’ensemble des secteurs se trouvent inclus en périphérie du bourg.</line></par>
</text>
</block>
<block><region><rect/></region>
<text>
<par>
<line>=&gt; Des abords et des usages en périphérie avec le territoire urbanisé et limitrophe avec le</line></par>
<par>
<line>milieu naturel et agricole.</line></par>
<par>
<line>Le parti d’aménagement devra s’attacher à intégrer chaque zone</line>
<line>d’habitat à la trame urbaine et paysagère.</line></par>
</text>
</block>
<block><region><rect/></region>
<text>
<par>
<line>1.2.Les principes d’aménagement</line></par>
<par>
<line>L’ouverture à l'urbanisation de ces secteurs à urbaniser 1AU s’inscrira dans une réflexion</line>
<line>d'aménagement d’ensemble.</line></par>
<par>
<line>De façon générale, les projets d’aménagement devront assurer :</line></par>
<par>
<line>La réalisation d’aménagement s’inscrivant dans une opération d’ensemble (l’urbanisme</line>
<line>linaire est proscrit) ;</line></par>
<par>
<line>Une gestion rigoureuse de la ressource en eau, tant du point de vue de la consommation</line>
<line>que de la restitution au milieu naturel ;</line></par>
<par>
<line>Une bonne intégration paysagère permettra de limiter l’impact visuel des nouvelles</line>
<line>habitations ;</line></par>
<par>
<line>Une continuité « urbaine » devra être établie, les sites se trouvant en périphérie du bourg</line>
<line>et les espaces de transition, notamment agricole, de loisirs et d’équipements.</line>
<line>L’aménagement de cheminements doux et sécurisés permettra de favoriser des liaisons</line>
<line>aisées entre ces nouvelles constructions et l’environnement urbain et naturel.</line></par>
</text>
</block>
<block><region><rect/></region>
<text>
<par>
<line>K J CONSEIL</line></par>
</text>
</block>
<block><region><rect/></region>
<text>
<par>
<line>Juillet 2010</line></par>
</text>
</block>


</page>
<page width="1659" height="2343" resolution="200">
<block><region><rect/></region>
<text>
<par>
<line>Orientations d’aménasement ■ Plan Local d’Urbanisme de Fontaines</line></par>
</text>
</block>
<block><region><rect/></region>
<text>
<par>
<line>3</line></par>
</text>
</block>
<block><region><rect/></region>
<text>
<par>
<line>2. Les extensions du bourg</line></par>
<par>
<line>2.1. L*extension Nord du bourg</line></par>
<par>
<line>Surfaces des zones concernées :</line></par>
<par>
<line>Zone 1AU « L’Alouette » de 2,24 ha ;</line></par>
<par>
<line>- Zone 1 Au « Le Page » de 0,95 ha</line></par>
<par>
<line>2.2. L’extension Est du bourg</line></par>
<par>
<line>Surfaces des zones concernées :</line></par>
<par>
<line>Zone 1AU « La Mocquerie &gt;&gt; de 1,14 ha ;</line></par>
</text>
</block>
<block><region><rect/></region>
<text>
<par>
<line>Juillet 2010</line></par>
</text>
</block>

</page>
<page width="1653" height="2339" resolution="200">
<block><region><rect/></region>
<text>
<par>
<line>Orientations d’aménagement - Plan Local d’Urbanisme de Fontaines</line></par>
</text>
</block>
<block><region><rect/></region>
<text>
<par>
<line>6</line></par>
</text>
</block>
<block><region><rect/></region>
<text>
<par>
<line>2.3.Les principes généraux d’aménagement</line></par>
<par>
<line>Les principes généraux d’aménagement ont été prescrits pour toutes les zones 1AU.</line></par>
</text>
</block>
<block><region><rect/></region>
<text>
<par>
<line>1.L’implantation du bâti devra respecter le paysage environnant et tenir compte des</line>
<line>divers points de vue recensés et de la topographie du territoire.</line></par>
<par>
<line>Le bâti et la voirie devront s’implanter en fonction du relief.</line>
<line>En terme de paysage urbain cela permet d’offrir des lignes de faîtage continues et de</line>
<line>révéler la géographie ;</line></par>
</text>
</block>
<block><region><rect/></region>
<text>
<par>
<line>2.Les projets d’aménagement devront essayer de réduire les surfaces imperméabilisées</line>
<line>en réduisant notamment le linéaire des voiries et les réseaux.</line></par>
<par>
<line>La densité du bâti devra être privilégiée.</line></par>
</text>
</block>
<block><region><rect/></region>
<text>
<par>
<line>3. Assurer une densité minimale de 15 logements à l’hectare.</line></par>
<par>
<line>Pour répondre à une gestion économe de l’espace, les projets d’ensemble devront avoir</line>
<line>une densité de 15 logements minimum à l’hectare.</line></par>
<par>
<line>4. Assurer les jonctions avec la voirie structurante et les opérations limitrophes, éviter</line>
<line>les impasses.</line></par>
<par>
<line>Les impasses ne permettent pas d’avoir une circulation aisée dans les nouveaux</line>
<line>quartiers. Il est préférable de créer de nouvelles voies qui font le lien avec celles</line>
<line>existantes.</line></par>
</text>
</block>
<block><region><rect/></region>
<text>
<par>
<line>5.Maîtriser l’écoulement des eaux pluviales sans aggraver les effluents.</line></par>
<par>
<line>Les eaux pluviales devront être valoriser à travers une conception et d’une gestion</line>
<line>écologique des espaces communs : gestion alternative des eaux pluviales {noues et</line>
<line>bassins aménagés participant à la qualité générale de ces zones en terme de cadre de</line>
<line>vie, de biodiversité, de développement durable), utilisation privilégiés de matériaux</line>
<line>perméables, filtrants et naturels (herbe, graves, stabilisé), système de récupération des</line>
<line>eaux de pluie pour l'arrosage des espaces verts et jardins.</line></par>
</text>
</block>
<block><region><rect/></region>
<text>
<par>
<line>6.Favoriser les liaisons douces, notamment vers le centre du village.</line></par>
<par>
<line>Les nouveaux quartiers devront prévoir des cheminements piétons afin de faire le</line>
<line>lien avec le centre du bourg et les divers équipements publics et de loisirs.</line></par>
</text>
</block>
<block><region><rect/></region>
<text>
<par>
<line>7.Maintenir la végétation existante, privilégier les espaces plantés à l’engazonnement.</line></par>
<par>
<line>Des haies pourront être plantées pour permettre une meilleure intégration de ces</line>
<line>nouveaux quartiers en limite d’espaces agricoles. A l’intérieur même de ces nouvelles</line>
<line>zones d’habitat, il sera privilégié des plantations d’arbres plutôt que des espaces</line>
<line>enherbés.</line></par>
</text>
</block>
<block><region><rect/></region>
<text>
<par>
<line>8.Favoriser les clôtures végétales et les noues (fossés à pente faible).</line></par>
</text>
</block>
<block><region><rect/></region>
<text>
<par>
<line>Mars 2013</line></par>
</text>
</block>

</page>
<page width="1653" height="2339" resolution="200">
<block><region><rect/></region>
<text>
<par>
<line>Orientations d’aménasement ■ Plan Local d’Urbanisme de Fontaines</line></par>
</text>
</block>
<block><region><rect/></region>
<text>
<par>
<line>7</line></par>
</text>
</block>
<block><region><rect/></region>
<text>
<par>
<line>Afin de limiter les risques de forte imperméabilité des sols, il sera nécessaire de</line>
<line>privilégier des clôtures constituées de végétaux. Des noues pourront aussi venir</line>
<line>agrémenter l’espace public.</line></par>
</text>
</block>
<block><region><rect/></region>
<text>
<par>
<line>9.Créer des espaces utiles et supprimer les trottoirs inappropriés.</line></par>
<par>
<line>Les espaces publics seront développés en cohérence avec le territoire et l’urbanisation</line>
<line>existante, ils permettront de créer des espaces de respiration, des lieux de vie au sein</line>
<line>de ces nouveaux quartiers. Ils seront notamment connectés par tout un système de</line>
<line>liaisons douces drainant le quartier, favorisant les déplacements piétons et cycles,</line>
<line>offrant des axes de balades et apportant un cadre de vie de qualité.</line></par>
<par>
<line>Il est parfois difficile de créer des trottoirs sur certains secteurs parce que l’espace</line>
<line>n’est pas suffisant. Dans ce cas, les aménagements privilégieront un coté de la voirie où</line>
<line>les trottoirs seront assez large pour permettre à chacun de l’emprunter. Il est aussi</line>
<line>possible de créer des trottoirs sans différence de niveaux avec la voirie. Il sera</line>
<line>notamment tenu compte de l’accessibilité des cheminements pour les personnes à</line>
<line>mobilité réduite.</line></par>
</text>
</block>
<block><region><rect/></region>
<text>
<par>
<line>10.Réduire les consommations d’éclairage public (balisage, variateur de tension...), éviter</line>
<line>les éclairages inutiles (boule sans réflecteur).</line></par>
</text>
</block>
<block><region><rect/></region>
<text>
<par>
<line>11.Favoriser les orientations des maisons en façade sud.</line></par>
<par>
<line>Une bonne orientation du bâti permet un cadre de vie agréable et une économie</line>
<line>d’énergie selon les saisons. Elle peut aussi rendre possible l’utilisation de panneaux</line>
<line>photovoltaïques.</line></par>
</text>
</block>
<block><region><rect/></region>
<text>
<par>
<line>12.Intégrer les normes d’accessibilité Décret 99-756 afin de satisfaire à la réglementation</line>
<line>en matière d’accessibilité sur voiries publiques et privées.</line></par>
</text>
</block>
<block><region><rect/></region>
<text>
<par>
<line>Mars 2013</line></par>
</text>
</block>

</page>
<page width="1653" height="2339" resolution="200">
<block><region><rect/></region>
<text>
<par>
<line>Orientations d'aménasement - Plan Local d’Urbanisme de Fontaines</line></par>
</text>
</block>
<block><region><rect/></region>
<text>
<par>
<line>9</line></par>
</text>
</block>
<block><region><rect/></region>
<text>
<par>
<line>b) Orientation 2 : le secteur « Bourg Est - La Mocauerie »</line></par>
</text>
</block>
<block><region><rect/></region>
<text>
<par>
<line>Secteur de La Mocauerie et du Bourg Est</line></par>
</text>
</block>
<block><region><rect/></region>
<text>
<par/>
</text>
</block>
<block><region><rect/></region>
<text>
<par/>
</text>
</block>
<block><region><rect/></region>
<text>
<par/>
</text>
</block>
<block><region><rect/></region>
<text>
<par>
<line>t.:-</line></par>
</text>
</block>
<block><region><rect/></region>
<text>
<par/>
</text>
</block>
<block><region><rect/></region>
<text>
<par/>
</text>
</block>
<block><region><rect/></region>
<text>
<par>
<line>Orientations particulières;</line></par>
<par>
<line>1-Assurer deux jonctions minimum sur la voie communaie;</line></par>
<par>
<line>2- Cheminement en mode doux reliant les deux voles</line>
<line>communales et desservant le coeur de T'opération;</line></par>
<par>
<line>3- Privilégier i'orientation des façades bâties vers ie Sud ;</line></par>
<par>
<line>4- Planter la limite périphérique Nord et Est de haies champêtres.</line></par>
</text>
</block>
<block><region><rect/><rect/><rect/><rect/><rect/><rect/><rect/></region>
<text>
<par>
<line>Implantation du bâti à privilégier</line>
<line>•^j—^^^et:hampê.tre à planter</line></par>
<par>
<line>Principe d’entrée/sortie</line>
<line>Cheminement piéton à créer</line></par>
</text>
</block>
<block><region><rect/></region>
<text>
<par/>
</text>
</block>
<block><region><rect/></region>
<text>
<par>
<line>I</line></par>
</text>
</block>
<block blockType="Table" blockName="" l="210" t="1171" r="701" b="1440"><region><rect/></region>
<row>
<cell leftBorder="White" topBorder="White" width="84" height="81">
<text>
<par>
<line>\</line></par>
</text></cell>
<cell topBorder="White" rightBorder="White" width="200" height="81">
<text>
<par>
<line>/</line></par>
</text></cell>
<cell leftBorder="White" topBorder="White" rightBorder="White" bottomBorder="White" width="121" height="81">
<text>
<par>
<line>f</line></par>
</text></cell>
<cell rowSpan="2" leftBorder="White" topBorder="White" rightBorder="White" bottomBorder="White" width="86" height="137">
<text>
<par>
<line>/ '*</line></par>
<par>
<line>i</line></par>
</text></cell></row>
<row>
<cell leftBorder="White" bottomBorder="White" width="84" height="56">
<text>
<par>
<line>—7</line></par>
</text></cell>
<cell rightBorder="White" bottomBorder="White" width="200" height="56">
<text>
<par/>
</text></cell>
<cell leftBorder="White" topBorder="White" rightBorder="White" bottomBorder="White" width="121" height="56">
<text>
<par/>
</text></cell></row>
<row>
<cell leftBorder="White" topBorder="White" bottomBorder="White" width="84" height="40">
<text>
<par/>
</text></cell>
<cell topBorder="White" rightBorder="White" bottomBorder="White" width="200" height="40">
<text>
<par/>
</text></cell>
<cell leftBorder="White" topBorder="White" rightBorder="White" bottomBorder="White" width="121" height="40">
<text>
<par/>
</text></cell>
<cell leftBorder="White" topBorder="White" rightBorder="White" bottomBorder="White" width="86" height="40">
<text>
<par>
<line>J</line></par>
<par>
<line>/</line></par>
</text></cell></row>
<row>
<cell leftBorder="White" topBorder="White" rightBorder="White" bottomBorder="White" width="84" height="92">
<text>
<par>
<line>Echelle</line></par>
</text></cell>
<cell leftBorder="White" topBorder="White" rightBorder="White" bottomBorder="White" width="200" height="92">
<text>
<par>
<line>: 1/2000</line></par>
</text></cell>
<cell leftBorder="White" topBorder="White" rightBorder="White" bottomBorder="White" width="121" height="92">
<text>
<par/>
</text></cell>
<cell leftBorder="White" topBorder="White" rightBorder="White" bottomBorder="White" width="86" height="92">
<text>
<par>
<line>/</line></par>
</text></cell></row>
</block>
<block><region><rect/></region>
<text>
<par/>
</text>
</block>
<block><region><rect/></region>
<text>
<par>
<line>7</line></par>
</text>
</block>
<block><region><rect/></region>
<text>
<par>
<line>! /</line></par>
</text>
</block>
<block><region><rect/></region>
<text>
<par>
<line>/■ 7.'; • /</line></par>
</text>
</block>
<block><region><rect/></region>
<text>
<par>
<line>r'' r (./</line></par>
</text>
</block>
<block><region><rect/></region>
<text>
<par>
<line>; r. &gt;</line></par>
</text>
</block>
<block><region><rect/></region>
<text>
<par>
<line>V</line></par>
</text>
</block>
<block><region><rect/></region>
<text>
<par>
<line>siT^n</line></par>
</text>
</block>
<block><region><rect/></region>
<text>
<par>
<line>Mars 2013</line></par>
</text>
</block>






</page>
</OAP>