<?xml version="1.0" encoding="UTF-8"?><OAP>
<page width="3510" height="2488" resolution="300">
<block><region><rect/></region>
<text>
<par>
<line>Commune du Girouard</line></par>
</text>
</block>
<block><region><rect/></region>
<text>
<par>
<line>Elaboration du Pl&lt;in Local d'Urbanlsme</line></par>
</text>
</block>
<block><region><rect/></region>
<text>
<par>
<line>Orientations d'aménagement</line></par>
<par>
<line>L’urbanjtMioA do lecteur Mra rèikbée de iMAraèrv Mton</line></par>
<par>
<line>^ (MOppo&lt;1unltei&lt;aocièfn,autijre&lt;àfnefuredertqiiip«fTteivtdu</line></par>
<par>
<line>lectarwi bien deiuk cadre rftiiwapèntiond'améneoemrmt ^</line></par>
<par>
<line>(fenMiniile portant sur remcTtdde du lecteur, mais danschacun des</line>
<line>(SS en vellliint a rdaPiar urt arnénagemeiit uiharent et de qualité du</line>
<line>«ertaw en rcspeciatii les orientations d’aménagement suivantes,</line></par>
<par>
<line>Superrrcieeulmée do pérlrtietre d’étude 1,2 ha</line>
<line>(Otitpreruinl la présence d'une habitation déjà esrUaote</line></par>
<par>
<line>OiicnUrtions retadvcs * raménagement du sactaur at à l’habitat)</line></par>
<par>
<line>Permettre TurbanlHtiDn du sactaur é des fins de tréallan de (ogamants</line></par>
<par>
<line>Assurer la réaUsatlan dau mobu 11 logaments supplèmantalrcs</line></par>
<par>
<line>pcrmetiani de lesoecier une densité minimale moyt&gt;nrt« de 11 kpgemwour</line>
<line>ha sur k périrtarire d'étude {déduction laite de retpace rem ve à IhobitiitlDri</line>
<line>«ditattted'environJOOdrTp).</line></par>
<par>
<line>Dam le cas dune uitranlsaiion progressive, au lor rré rrmiMe de</line>
<line>requipettsent de la tone. le nombre tnlnltTuil de logemefKs i réalKer sur la</line>
<line>partledusettesacanteméepartepro^idcvTarespeciei un nombre</line>
<line>minimal cakuié au prorata de la soiIm r utéuée {vnkur arrroKlIe par détsit</line>
<line>ou par ew^:</line></par>
<par>
<line>jMroarrsJé. UJppeméftiepimpowr IJi»n}rjVinWi]n^^ t</line></par>
<par>
<line>snWfajiénefVrrwii r,£lagrnmiti pour ISOO«t*f(jv« VJtpbiiiwdoniMnf J</line>
<line>bgemérHi requis</line></par>
<par>
<line>Formas urbairtes et paysage :</line></par>
<par>
<line>Intégration dasconslru(tk&gt;rsi«tarsstBwraisvirorsnaoiairt</line></par>
</text>
</block>
<block><region><rect/></region>
<text>
<par>
<line>Préservtet/complésrr Im haies ndstanies au» aborch du sile</line></par>
<par>
<line>VsIpriierpérI'knpIantiilicmcIescortonjciinmIesappttnhscilafmau Suit</line>
<line>sans que pour autantesclüredes poitibUllés cTdrlcnlfltiDn Mard-1îud dé la</line>
<line>Ugre de iatage ou des façades prirrripales de la comtruclkm.</line></par>
<par>
<line>linâer la hauictr des combuctlons porKipatesab m .S l'égoui de tottiire</line>
<line>conformément au réglement</line></par>
</text>
</block>
<block><region><rect/></region>
<text>
<par>
<line>Secteur de la Belle Eugénie</line>
<line>Orientations d'aménagemâint et de Programmation</line></par>
</text>
</block>
<block><region><rect/></region>
<text>
<par>
<line>f</line></par>
</text>
</block>
<block><region><rect/></region>
<text>
<par>
<line>1*éT</line></par>
</text>
</block>
<block><region><rect/></region>
<text>
<par>
<line>Orimtatloni retatives aux déplacements</line></par>
<par>
<line>Assurer la desserte du secteur par la réaUsatkinifurM voie</line>
<line>de dasMste httene dépuis U vose communale é l'Ouesi du site.</line>
<line>Assurer des cnniUdoiffi de securité et de vMbfllté sufflsantas</line></par>
<par>
<line>ijn sortie do «tieiN</line></par>
<par>
<line>“WiA/V Exclura tout nouvel autre accès sur cette wli</line></par>
<par>
<line>Favoriser U ilesserla des tarralni par la vola de dassarte</line>
<line>Inaema (errqjtatcmiént (ndlcabl rruésdv préforence centrale pour</line>
<line>«Vfurér une desserte des lerraini de part et efautn?)</line></par>
</text>
</block>
<block><region><rect/></region>
<text>
<par>
<line>/\</line></par>
</text>
</block>
<block><region><rect/></region>
<text>
<par>
<line>o'5</line></par>
<par>
<line>';0,Æ</line></par>
</text>
</block>
<block><region><rect/></region>
<text>
<par>
<line>Ttstain bèd à prendra ers contpia dam l'aménagement du sechrut</line>
<line>notamment le Irait ensent des inlerfaiei [Irnlies iêf)ai3thin.reli]tiom</line>
<line>vhuéllés] tout en y permettant unédéniHkatlon urhairse:</line></par>
</text>
</block>
<block><region><rect/></region>
<text>
<par/>
</text>
</block>
<block><region><rect/></region>
<text>
<par>
<line>&lt;4</line></par>
</text>
</block>
<block><region><rect/></region>
<text>
<par/>
</text>
</block>
<block><region><rect/></region>
<text>
<par/>
</text>
</block>
<block><region><rect/></region>
<text>
<par>
<line>!</line></par>
</text>
</block>
<block><region><rect/></region>
<text>
<par/>
</text>
</block>
<block><region><rect/></region>
<text>
<par>
<line>rÿ</line></par>
</text>
</block>
<block><region><rect/></region>
<text>
<par/>
</text>
</block>
<block><region><rect/></region>
<text>
<par/>
</text>
</block>
<block><region><rect/></region>
<text>
<par>
<line>%</line></par>
</text>
</block>
<block><region><rect/></region>
<text>
<par>
<line>Mm</line></par>
</text>
</block>
<block><region><rect/></region>
<text>
<par>
<line>IMS</line></par>
</text>
</block>
<block><region><rect/></region>
<text>
<par>
<line>%</line></par>
</text>
</block>
<block><region><rect/></region>
<text>
<par/>
</text>
</block>
<block><region><rect/><rect/><rect/></region>
<text>
<par>
<line>Veillera uitegestion et à untraltematst qualltatH et quanlilatir</line>
<line>J des eaux de niitiaHement.</line></par>
<par>
<line>Limiter rimperméabillsathin des tanairu i à ep% au maalmunt de U</line>
<line>Mipérf k le du wereur A aménîiger ou é 60 % au maxlnnim de l'ijoué</line>
<line>fonc 1ère occupée par cltaqué construction principale sous réserve que</line>
<line>rensembit du secteur, une imperméabrllsation lèqèiemenT supérieure</line>
<line>pouvant éire admise par unhè (une hrre si Tamenagensent d'eniemblé du</line>
<line>sec leur pérrnet de Hmlter le coefficient tfimpennéabjUsatlon è OO "S.</line></par>
</text>
</block>
<block><region><rect/></region>
<text>
<par>
<line>Décembre Îû13</line></par>
</text>
</block>


















</page>
</OAP>