<?xml version="1.0" encoding="UTF-8"?><OAP>
<page width="4961" height="3508" resolution="300">
<block><region><rect/></region>
<text>
<par>
<line>Commune des Herbiers / Révision du PLU</line></par>
</text>
</block>
<block><region><rect/></region>
<text>
<par>
<line>11. COURS DE LA CASERNE</line></par>
</text>
</block>
<block><region><rect/></region>
<text>
<par>
<line>&gt; Positionnement du site</line></par>
<par>
<line>3395 m^- périmètre rouge de densification et/ou restructuration urbaine</line></par>
<par>
<line>&gt; Orientations</line>
<line>Programme</line></par>
<par>
<line>■ Programme résidentiel mixte pouvant intégrer des petits collectifs / prendre en compte l'épannelage des</line>
<line>bâtiments voisins dans le choix des hauteurs des futures constructions</line></par>
<par>
<line>■ Maintien des bâtiments et édicules d'intérêt repérés</line></par>
<par>
<line>■ densité minimale de 52 logmts/ha pour une opération d'habitat</line></par>
<par>
<line>■ Les règles minimales de création de logements locatifs sociaux et de logements en accession sociale sont</line>
<line>définies dans le règlement à l'article 2 de la zone UR</line></par>
<par>
<line>Déplacements</line></par>
<par>
<line>■ Création d'Accès depuis la rue du Pont de la Ville et depuis l'impasse</line></par>
<par>
<line>■ Préservation des ruelles piétonnes existantes</line></par>
<par>
<line>■ Création d'accès doux depuis l'impasse</line></par>
<par>
<line>Formes urbaines</line></par>
<par>
<line>■ Nécessité de créer des façades urbaines et architecturales avec recomposition de l'alignement sur les</line>
<line>rues périphériques</line></par>
<par>
<line>■ Harmoniser les épannelages sur rue</line></par>
<par>
<line>■ Principe de préservation au mieux des murs en pierre naturelle (murs de soutènement)</line></par>
<par>
<line>■ Objectif d'aménagement et de valorisation de l'impasse</line></par>
<par>
<line>■ Valorisation et mise en scène des bâtiments d'intérêt repérés dans le parti d'aménagement</line></par>
</text>
</block>
<block><region><rect/></region>
<text>
<par>
<line>OAP</line></par>
</text>
</block>
<block><region><rect/></region>
<text>
<par>
<line>"WT' »</line></par>
</text>
</block>
<block><region><rect/></region>
<text>
<par>
<line>■■■&gt;8 'îi,'-</line></par>
</text>
</block>
<block><region><rect/></region>
<text>
<par/>
</text>
</block>
<block><region><rect/></region>
<text>
<par/>
</text>
</block>
<block><region><rect/></region>
<text>
<par>
<line>U</line></par>
</text>
</block>
<block><region><rect/></region>
<text>
<par/>
</text>
</block>
<block><region><rect/></region>
<text>
<par/>
</text>
</block>
<block><region><rect/></region>
<text>
<par/>
</text>
</block>
<block><region><rect/></region>
<text>
<par/>
</text>
</block>
<block><region><rect/></region>
<text>
<par/>
</text>
</block>
<block><region><rect/></region>
<text>
<par/>
</text>
</block>
<block><region><rect/></region>
<text>
<par/>
</text>
</block>
<block><region><rect/></region>
<text>
<par>
<line>Page - 35 - sur 93</line></par>
</text>
</block>















</page>
<page width="5374" height="3800" resolution="325">
<block><region><rect/></region>
<text orientation="RotatedCounterclockwise">
<par>
<line>Diagnostic</line></par>
</text>
</block>
<block><region><rect/></region>
<text>
<par>
<line>Commune des Herbiers / Révision du PLU</line></par>
</text>
</block>
<block><region><rect/></region>
<text>
<par>
<line>OAP</line></par>
</text>
</block>
<block><region><rect/></region>
<text>
<par>
<line>11. Cours de la Caserne</line></par>
</text>
</block>
<block><region><rect/></region>
<text>
<par>
<line>N</line></par>
</text>
</block>
<block><region><rect/></region>
<text>
<par/>
</text>
</block>
<block><region><rect/></region>
<text>
<par/>
</text>
</block>
<block><region><rect/></region>
<text>
<par/>
</text>
</block>
<block><region><rect/></region>
<text>
<par/>
</text>
</block>
<block><region><rect/></region>
<text>
<par/>
</text>
</block>
<block><region><rect/></region>
<text>
<par>
<line>m</line></par>
</text>
</block>
<block><region><rect/></region>
<text>
<par/>
</text>
</block>
<block><region><rect/></region>
<text>
<par/>
</text>
</block>
<block><region><rect/></region>
<text>
<par>
<line>□RIENTATIDNS D'AMENAGEMENT ET DE PRDGRAMMATIDN</line></par>
<par>
<line>PLU LES HERBIERS</line>
<line>Diagnostic des sites - Avril 2DI3</line></par>
</text>
</block>
<block><region><rect/><rect/><rect/><rect/></region>
<text>
<par>
<line>LEGENDE</line></par>
<par>
<line>Fonctions urbaines et caractères</line>
<line>architecturaux</line></par>
<par>
<line>Equipement public ou collectif</line></par>
<par>
<line>Activit économique/commerciale</line>
<line>Bâtiment d'activité / annexe</line>
<line>I I Périmètre de site inscrit au PLU</line>
<line>Bâtiment à conserver</line></par>
<par>
<line>Bâti susceptible de mutation</line></par>
<par>
<line>Alignement / implantation des bâtiments</line>
<line>périphériques</line></par>
<par>
<line>Zone d'urbanisation future</line></par>
</text>
</block>
<block><region><rect/></region>
<text>
<par>
<line>Volet environnement, et paysage</line></par>
</text>
</block>
<block><region><rect/></region>
<text>
<par>
<line>Parc, jardin, espace naturel / dominante</line>
<line>végétale</line></par>
<par>
<line>Arbres remarquables</line></par>
</text>
</block>
<block><region><rect/></region>
<text>
<par>
<line>□</line></par>
</text>
</block>
<block><region><rect/></region>
<text>
<par>
<line>Volet mobilité et déplacement</line></par>
<par>
<line>Chemin doux</line></par>
</text>
</block>
<block><region><rect/><rect/><rect/></region>
<text>
<par>
<line>Haie ou continuité végétale</line>
<line>Boisements</line>
<line>’^ii^ Cours d'eau</line></par>
<par>
<line>ZH? Zone humide recensée et suspectée</line>
<line>Topographie marquée</line>
<line>Différence de niveaux</line></par>
<par>
<line>Volet patrimoine</line></par>
<par>
<line>Frange urbaine ou architecturale à traiter</line></par>
</text>
</block>
<block><region><rect/></region>
<text>
<par>
<line>i'V’</line></par>
</text>
</block>
<block><region><rect/></region>
<text>
<par>
<line>Perspective et fond de perspective</line>
<line>à préserver</line></par>
</text>
</block>
<block><region><rect/></region>
<text>
<par>
<line>Accès existant ou potentiel</line>
<line>Voirie existante</line></par>
</text>
</block>
<block><region><rect/></region>
<text>
<par>
<line>□ Carrefour majeur</line>
<line>O Giratoire urbain</line></par>
<par>
<line>Aire de stationnement</line>
<line>Arrêt bus/car</line></par>
</text>
</block>
<block><region><rect/></region>
<text>
<par>
<line>Patrimoine bâti et édicule remarquable</line>
<line>Mur et muret en pierre naturelle</line></par>
</text>
</block>
<block><region><rect/></region>
<text>
<par>
<line>URBAGD</line></par>
<par>
<line>Atelier d'Urbanisme</line>
<line>Barbara GOUTTE</line>
<line>urbage@sfr.fr</line></par>
<par>
<line>DB 42 83 09 34</line></par>
</text>
</block>
<block><region><rect/></region>
<text>
<par>
<line>Page - 36 - sur 93</line></par>
</text>
</block>















<block blockType="Picture" blockName="" l="2836" t="667" r="4314" b="876"><region><rect/></region>
</block>
<block blockType="Picture" blockName="" l="2845" t="1484" r="2942" b="1669"><region><rect/></region>
</block>
</page>
<page width="4961" height="3508" resolution="300">
<block><region><rect/></region>
<text orientation="RotatedCounterclockwise">
<par>
<line>Orientations d'anriénagement</line></par>
</text>
</block>
<block><region><rect/></region>
<text>
<par>
<line>Commune des Herbiers / Révision du PLU</line></par>
</text>
</block>
<block><region><rect/></region>
<text>
<par>
<line>OAP</line></par>
</text>
</block>
<block><region><rect/></region>
<text>
<par>
<line>11. Cours de la Caserne</line></par>
</text>
</block>
<block><region><rect/></region>
<text>
<par/>
</text>
</block>
<block><region><rect/></region>
<text>
<par>
<line>r</line></par>
</text>
</block>
<block><region><rect/></region>
<text>
<par>
<line>r</line></par>
</text>
</block>
<block><region><rect/></region>
<text>
<par>
<line>0</line></par>
</text>
</block>
<block><region><rect/></region>
<text>
<par/>
</text>
</block>
<block><region><rect/></region>
<text>
<par>
<line>T,</line></par>
</text>
</block>
<block><region><rect/></region>
<text>
<par/>
</text>
</block>
<block><region><rect/></region>
<text>
<par/>
</text>
</block>
<block><region><rect/></region>
<text>
<par>
<line>k-</line></par>
</text>
</block>
<block><region><rect/></region>
<text>
<par/>
</text>
</block>
<block><region><rect/></region>
<text>
<par/>
</text>
</block>
<block><region><rect/></region>
<text>
<par>
<line>J*</line></par>
</text>
</block>
<block><region><rect/></region>
<text>
<par/>
</text>
</block>
<block><region><rect/></region>
<text>
<par/>
</text>
</block>
<block><region><rect/></region>
<text>
<par>
<line>JP</line></par>
</text>
</block>
<block><region><rect/></region>
<text>
<par>
<line>r</line></par>
</text>
</block>
<block><region><rect/></region>
<text>
<par>
<line>k</line></par>
</text>
</block>
<block><region><rect/></region>
<text>
<par>
<line>V</line></par>
</text>
</block>
<block><region><rect/></region>
<text>
<par/>
</text>
</block>
<block><region><rect/></region>
<text>
<par/>
</text>
</block>
<block><region><rect/></region>
<text>
<par/>
</text>
</block>
<block><region><rect/></region>
<text>
<par/>
</text>
</block>
<block><region><rect/></region>
<text>
<par/>
</text>
</block>
<block><region><rect/></region>
<text>
<par/>
</text>
</block>
<block><region><rect/></region>
<text>
<par/>
</text>
</block>
<block><region><rect/></region>
<text>
<par/>
</text>
</block>
<block><region><rect/></region>
<text>
<par/>
</text>
</block>
<block><region><rect/></region>
<text>
<par>
<line>h</line></par>
</text>
</block>
<block><region><rect/></region>
<text>
<par>
<line>O</line></par>
</text>
</block>
<block><region><rect/></region>
<text>
<par>
<line>O</line></par>
</text>
</block>
<block><region><rect/></region>
<text>
<par/>
</text>
</block>
<block><region><rect/></region>
<text>
<par>
<line>f</line></par>
</text>
</block>
<block><region><rect/></region>
<text>
<par>
<line>O</line></par>
</text>
</block>
<block><region><rect/></region>
<text>
<par>
<line>O</line></par>
</text>
</block>
<block><region><rect/></region>
<text>
<par>
<line>LEGENDE</line></par>
<par>
<line>Fonctions urbaines et caractères</line>
<line>architecturaux</line></par>
<par>
<line>Equipement public ou collectif</line>
<line>I Activité économique / commerciale</line></par>
<par>
<line>Bâtiment d'activité / annexe</line></par>
</text>
</block>
<block><region><rect/></region>
<text>
<par>
<line>Bâtiment à conserver</line></par>
<par>
<line>Alignement existant des bâtiments</line>
<line>périphériques</line></par>
<par>
<line>Zone d'urbanisation future inscrite</line>
<line>dans le PLU</line></par>
</text>
</block>
<block><region><rect/></region>
<text>
<par>
<line>I Volet mobilité et déplacement</line></par>
</text>
</block>
<block blockType="Table" blockName="" l="2656" t="1725" r="3061" b="2102"><region><rect/></region>
<row>
<cell leftBorder="White" topBorder="White" rightBorder="White" bottomBorder="White" width="104" height="54">
<text>
<par/>
</text></cell>
<cell leftBorder="White" topBorder="White" rightBorder="White" bottomBorder="White" width="301" height="54">
<text>
<par>
<line>Voirie existante</line></par>
</text></cell></row>
<row>
<cell leftBorder="White" topBorder="White" rightBorder="White" bottomBorder="White" width="104" height="58">
<text>
<par>
<line>■ •</line></par>
</text></cell>
<cell leftBorder="White" topBorder="White" rightBorder="White" bottomBorder="White" width="301" height="58">
<text>
<par>
<line>Voie à aménager</line></par>
</text></cell></row>
<row>
<cell leftBorder="White" topBorder="White" rightBorder="White" bottomBorder="White" width="104" height="69">
<text>
<par>
<line>O</line></par>
</text></cell>
<cell leftBorder="White" topBorder="White" rightBorder="White" bottomBorder="White" width="301" height="69">
<text>
<par>
<line>Giratoire urbain</line></par>
</text></cell></row>
<row>
<cell leftBorder="White" topBorder="White" rightBorder="White" bottomBorder="White" width="104" height="73">
<text>
<par/>
</text></cell>
<cell leftBorder="White" topBorder="White" rightBorder="White" bottomBorder="White" width="301" height="73">
<text>
<par>
<line>Aire de stationnement</line></par>
</text></cell></row>
<row>
<cell leftBorder="White" topBorder="White" rightBorder="White" bottomBorder="White" width="104" height="72">
<text>
<par>
<line>■■</line></par>
</text></cell>
<cell leftBorder="White" topBorder="White" rightBorder="White" bottomBorder="White" width="301" height="72">
<text>
<par>
<line>Arrêt bus/car</line></par>
</text></cell></row>
<row>
<cell leftBorder="White" topBorder="White" rightBorder="White" width="104" height="51">
<text>
<par/>
</text></cell>
<cell leftBorder="White" topBorder="White" rightBorder="White" bottomBorder="White" width="301" height="51">
<text>
<par>
<line>Chemin doux existant</line></par>
</text></cell></row>
</block>
<block><region><rect/><rect/><rect/></region>
<text>
<par>
<line>URBAGD</line></par>
<par>
<line>Atelier d'urinnisme</line>
<line>Barbara GOUTTE</line>
<line>2 place ST Hilaire</line>
<line>4932D GREZLLE</line>
<line>urbagolsfr.fr</line></par>
</text>
</block>
<block><region><rect/></region>
<text>
<par>
<line>8</line></par>
</text>
</block>
<block><region><rect/></region>
<text>
<par>
<line>MAGNUM</line></par>
<par>
<line>«rcnitectei &amp; urbanistes</line></par>
</text>
</block>
<block><region><rect/></region>
<text>
<par>
<line>□RIENTATIDNS D'AMENAGEMENT ET DE</line></par>
<par>
<line>PLU DES HERBIERS</line></par>
<par>
<line>Drientations d'amÉnagemant et de programmatian - Juin 2GI3</line></par>
</text>
</block>
<block><region><rect/></region>
<text>
<par>
<line>Expression des enjeux</line></par>
<par>
<line>Données périmètrales</line></par>
<par>
<line>J*23Î Périmètre global de I'OAP</line></par>
</text>
</block>
<block><region><rect/></region>
<text>
<par>
<line>Périmètre de densification et/ou</line>
<line>restructuration urbaine</line></par>
</text>
</block>
<block><region><rect/></region>
<text>
<par>
<line>Déplacements et mobilité</line></par>
<par>
<line>• • • • • Chemin doux à conserver ou à créer</line></par>
<par>
<line>Principe d'Accès potentiel</line></par>
<par>
<line>Articulation urbaine à aménager</line></par>
<par>
<line>• &gt; a • Principe de tracé de voirie à long</line></par>
<par>
<line>terme</line></par>
<par>
<line>□ Carrefour à aménager</line></par>
<par>
<line>Données patrimoniales</line></par>
<par>
<line>Patrimoine bâti et édicule remarquable</line>
<line>^ à préserver</line></par>
<par>
<line>Mur et muret en pierre naturelle à</line>
<line>^ préserver au mieux et à intégrer dans la</line>
<line>composition urbaine</line></par>
<par>
<line>□ □ Patrimoine bâti d'intérêt à préserver</line></par>
</text>
</block>
<block><region><rect/><rect/></region>
<text>
<par>
<line>Données paysagères et naturelles</line></par>
<par>
<line>Articulation urbaine à dominante</line>
<line>végétale à créer</line></par>
<par>
<line>Fn¥\ Parc, jardin, espace naturel à préserver</line></par>
<par>
<line>Arbres remarquables à préserver au mieux</line>
<line>dans la composition d'ensemble</line></par>
<par>
<line>Haie ou continuité végétale à conserver</line></par>
<par>
<line>Aménagement paysager a composer</line></par>
</text>
</block>
<block><region><rect/></region>
<text>
<par>
<line>Zone humide récensée dans le cadre</line>
<line>du PLU</line></par>
</text>
</block>
<block><region><rect/></region>
<text>
<par>
<line>Formes urbaines et architecturales</line></par>
</text>
</block>
<block><region><rect/></region>
<text>
<par>
<line>Topographie marquée à prendre</line>
<line>en compte dans l'implantation du bâti</line></par>
<par>
<line>Principe d'alignement à respecter</line>
<line>dans la future composition</line></par>
<par>
<line>Principe de composition de façade</line>
<line>urbaine et architecturale</line></par>
</text>
</block>
<block><region><rect/></region>
<text>
<par>
<line>Bâti susceptible de mutation</line>
<line>Frange parcellaire sensible / à traiter</line></par>
</text>
</block>
<block><region><rect/></region>
<text>
<par>
<line>iV*</line></par>
</text>
</block>
<block><region><rect/></region>
<text>
<par>
<line>Perspective à mettre en scène</line></par>
</text>
</block>
<block><region><rect/></region>
<text>
<par>
<line>Page - 37 - sur 93</line></par>
</text>
</block>














<block blockType="Picture" blockName="" l="244" t="390" r="389" b="3219"><region><rect/></region>
</block>
<block blockType="Barcode" blockName="" l="4182" t="596" r="4561" b="635"><region><rect/></region>
<text>
<par><line>75493864</line></par>
</text>
<barcodeInfo type="INTERLEAVED25"/>
</block>
</page>
</OAP>