<?xml version="1.0" encoding="UTF-8"?><OAP>
<page width="4961" height="3508" resolution="300">
<block><region><rect/></region>
<text>
<par>
<line>Commune des Herbiers / Révision du PLU</line></par>
</text>
</block>
<block><region><rect/></region>
<text>
<par>
<line>17. RUE DES LILAS</line></par>
</text>
</block>
<block><region><rect/></region>
<text>
<par>
<line>&gt; Positionnement du site</line></par>
<par>
<line>Les terrains concernés par cette OAP sont situés au Sud-Ouest du centre-ville des Herbiers, à proximité</line>
<line>immédiate de ce dernier, entre la Rue de la Demoiselle et la Rue des Lilas. Des constructions à usage d'habitat</line>
<line>entourent cette zone non bâtie. Trois constructions sont existantes sur le terrain. Il est prévu que 2 d'entre elles</line>
<line>soit démolies et que la troisième, à vocation d'habitat, puisse être conservée ou non.</line></par>
<par>
<line>L'emprise foncière d'environ 5000m^ est desservie principalement par la rue des Lilas</line></par>
<par>
<line>&gt; Objectif</line></par>
<par>
<line>■ Proposer une opération d'habitat dans un tissu pavillonnaire existant et stabilisé</line></par>
<par>
<line>■ Favoriser les échanges piéton/ vélo entre les quartiers et les équipements scolaires</line></par>
<par>
<line>&gt; Orientations</line>
<line>Orientations générales :</line></par>
<par>
<line>■ Logements individuels :</line></par>
<par>
<line>■ Lots libres : 14 logements par hectare minimum</line></par>
<par>
<line>■ Constructions : 30 logements par hectare minimum (groupés, intermédiaires,...)</line></par>
<par>
<line>■ Hauteur maximum des constructions : R+1</line></par>
<par>
<line>■ La voirie sera dessinée et conçue pour être partagée entre les différents types d'usages. Des accès</line>
<line>pourront être aménagés avec les propriétés limitrophes</line></par>
<par>
<line>■ L'espace commun sera réalisé en connexion avec une circulation douce (créée du Nord-Ouest au Nord-</line>
<line>Est, de la rue de la Demoiselle à la rue des Mimosas)</line></par>
<par>
<line>■ L'accès automobile desservant la propriété en second rideau depuis la rue de La Demoiselle sera</line>
<line>conservé.</line></par>
<par>
<line>Implantation et orientation des constructions :</line></par>
<par>
<line>■ L'implantation et l'orientation des constructions devront être établies afin que les pièces principales</line>
<line>bénéficient au maximum des apports solaires.</line></par>
</text>
</block>
<block><region><rect/></region>
<text>
<par>
<line>Gestion des limites séparatives :</line></par>
<par>
<line>■ Une attention particulière doit être portée à l'intimité du voisinage, à la déclinaison de la volumétrie et</line>
<line>aux ombres portées.</line></par>
</text>
</block>
<block><region><rect/></region>
<text>
<par>
<line>Objectifs en logements locatifs sociaux :</line></par>
<par>
<line>■ Les règles minimales de création de logements locatifs sociaux et de logements en accession sociale sont</line>
<line>définies dans le règlement à l'article 2 de la zone lAUh.</line></par>
</text>
</block>
<block><region><rect/></region>
<text>
<par>
<line>OAP</line></par>
</text>
</block>
<block><region><rect/></region>
<text>
<par>
<line>ÏÏ</line></par>
</text>
</block>
<block><region><rect/></region>
<text>
<par>
<line>Vue depuis i'impasse des Capucines</line></par>
</text>
</block>
<block><region><rect/></region>
<text>
<par>
<line>Accès depuis ia rue des Liias</line></par>
</text>
</block>
<block><region><rect/></region>
<text>
<par>
<line>Page - 53 - sur 93</line></par>
</text>
</block>




</page>
<page width="4965" height="3513" resolution="300">
<block><region><rect/></region>
<text orientation="RotatedCounterclockwise">
<par>
<line>Orientations d'aménagement</line></par>
</text>
</block>
<block><region><rect/></region>
<text>
<par>
<line>Commune des Herbiers / Révision du PLU</line></par>
</text>
</block>
<block><region><rect/></region>
<text>
<par>
<line>OAP</line></par>
</text>
</block>
<block><region><rect/></region>
<text>
<par/>
</text>
</block>
<block><region><rect/></region>
<text>
<par>
<line>17. Rue des Lilas</line></par>
</text>
</block>
<block><region><rect/></region>
<text>
<par>
<line>R</line></par>
</text>
</block>
<block><region><rect/></region>
<text>
<par/>
</text>
</block>
<block><region><rect/></region>
<text>
<par>
<line>rue dés Mimosas</line></par>
</text>
</block>
<block><region><rect/></region>
<text>
<par/>
</text>
</block>
<block><region><rect/></region>
<text>
<par/>
</text>
</block>
<block><region><rect/></region>
<text>
<par/>
</text>
</block>
<block><region><rect/><rect/><rect/></region>
<text>
<par/>
</text>
</block>
<block><region><rect/></region>
<text>
<par/>
</text>
</block>
<block><region><rect/></region>
<text>
<par/>
</text>
</block>
<block><region><rect/></region>
<text>
<par/>
</text>
</block>
<block><region><rect/></region>
<text>
<par/>
</text>
</block>
<block><region><rect/></region>
<text>
<par>
<line>ttt</line></par>
</text>
</block>
<block><region><rect/></region>
<text>
<par/>
</text>
</block>
<block><region><rect/></region>
<text>
<par>
<line>^emprise largeur</line></par>
</text>
</block>
<block><region><rect/></region>
<text>
<par>
<line>i métrés</line></par>
</text>
</block>
<block><region><rect/></region>
<text>
<par/>
</text>
</block>
<block><region><rect/></region>
<text>
<par>
<line>4</line></par>
</text>
</block>
<block><region><rect/></region>
<text>
<par>
<line>rr</line></par>
</text>
</block>
<block><region><rect/></region>
<text>
<par>
<line>4</line></par>
</text>
</block>
<block><region><rect/></region>
<text>
<par>
<line>i</line></par>
</text>
</block>
<block><region><rect/></region>
<text>
<par/>
</text>
</block>
<block><region><rect/></region>
<text>
<par/>
</text>
</block>
<block><region><rect/></region>
<text>
<par>
<line>maison pouvant</line></par>
</text>
</block>
<block><region><rect/></region>
<text>
<par>
<line>etre consocMêe</line></par>
</text>
</block>
<block><region><rect/></region>
<text>
<par>
<line>m</line></par>
</text>
</block>
<block><region><rect/></region>
<text>
<par/>
</text>
</block>
<block><region><rect/></region>
<text>
<par/>
</text>
</block>
<block><region><rect/></region>
<text>
<par/>
</text>
</block>
<block><region><rect/></region>
<text>
<par>
<line>c.</line></par>
</text>
</block>
<block><region><rect/></region>
<text>
<par>
<line>&lt;t)</line></par>
</text>
</block>
<block><region><rect/></region>
<text>
<par/>
</text>
</block>
<block><region><rect/></region>
<text>
<par>
<line>O-</line></par>
</text>
</block>
<block><region><rect/></region>
<text>
<par>
<line>i</line></par>
</text>
</block>
<block><region><rect/></region>
<text>
<par/>
</text>
</block>
<block><region><rect/></region>
<text>
<par/>
</text>
</block>
<block><region><rect/></region>
<text>
<par>
<line>■</line></par>
</text>
</block>
<block><region><rect/></region>
<text>
<par/>
</text>
</block>
<block><region><rect/></region>
<text>
<par>
<line>O)</line></par>
</text>
</block>
<block><region><rect/></region>
<text>
<par>
<line>O</line></par>
</text>
</block>
<block><region><rect/></region>
<text>
<par>
<line>4»</line></par>
</text>
</block>
<block><region><rect/></region>
<text>
<par/>
</text>
</block>
<block><region><rect/></region>
<text>
<par>
<line>(ti</line></par>
</text>
</block>
<block><region><rect/></region>
<text>
<par>
<line>3 V</line></par>
</text>
</block>
<block><region><rect/></region>
<text>
<par/>
</text>
</block>
<block><region><rect/></region>
<text>
<par>
<line>S.</line></par>
</text>
</block>
<block><region><rect/></region>
<text>
<par>
<line>K</line></par>
</text>
</block>
<block><region><rect/></region>
<text>
<par>
<line>%</line></par>
</text>
</block>
<block><region><rect/></region>
<text>
<par>
<line>G</line></par>
</text>
</block>
<block><region><rect/></region>
<text>
<par/>
</text>
</block>
<block><region><rect/></region>
<text>
<par>
<line>Jk</line></par>
</text>
</block>
<block><region><rect/></region>
<text>
<par/>
</text>
</block>
<block><region><rect/></region>
<text>
<par>
<line>'D</line></par>
</text>
</block>
<block><region><rect/></region>
<text>
<par/>
</text>
</block>
<block><region><rect/></region>
<text>
<par/>
</text>
</block>
<block><region><rect/></region>
<text>
<par>
<line>»</line></par>
</text>
</block>
<block><region><rect/></region>
<text>
<par>
<line>• • •</line></par>
</text>
</block>
<block><region><rect/></region>
<text>
<par>
<line>I</line></par>
</text>
</block>
<block><region><rect/></region>
<text>
<par>
<line>Emprise de rOAP</line></par>
</text>
</block>
<block><region><rect/></region>
<text>
<par>
<line>Qj</line></par>
</text>
</block>
<block><region><rect/></region>
<text>
<par/>
</text>
</block>
<block><region><rect/></region>
<text>
<par>
<line>a&gt;</line></par>
</text>
</block>
<block><region><rect/></region>
<text>
<par/>
</text>
</block>
<block><region><rect/></region>
<text>
<par>
<line>Mobilités et déplacements</line></par>
</text>
</block>
<block><region><rect/></region>
<text>
<par/>
</text>
</block>
<block><region><rect/></region>
<text>
<par>
<line>.cS</line></par>
</text>
</block>
<block><region><rect/></region>
<text>
<par>
<line>%</line></par>
</text>
</block>
<block><region><rect/></region>
<text>
<par>
<line>3</line></par>
</text>
</block>
<block><region><rect/></region>
<text>
<par>
<line>/•••;</line></par>
</text>
</block>
<block><region><rect/></region>
<text>
<par/>
</text>
</block>
<block><region><rect/></region>
<text>
<par>
<line>«H</line></par>
</text>
</block>
<block><region><rect/></region>
<text>
<par/>
</text>
</block>
<block><region><rect/></region>
<text>
<par>
<line>Piste cyclable à créer</line></par>
</text>
</block>
<block><region><rect/></region>
<text>
<par>
<line>f</line></par>
</text>
</block>
<block><region><rect/></region>
<text>
<par/>
</text>
</block>
<block><region><rect/></region>
<text>
<par>
<line>y-</line></par>
<par>
<line>r W.</line></par>
</text>
</block>
<block><region><rect/></region>
<text>
<par>
<line>Cheminements doux è creer</line></par>
</text>
</block>
<block><region><rect/></region>
<text>
<par/>
</text>
</block>
<block><region><rect/></region>
<text>
<par>
<line>Principe de tracé de voirie</line></par>
</text>
</block>
<block><region><rect/></region>
<text>
<par/>
</text>
</block>
<block><region><rect/></region>
<text>
<par/>
</text>
</block>
<block><region><rect/></region>
<text>
<par>
<line>Principe d'accès potentiel rootier</line></par>
</text>
</block>
<block><region><rect/></region>
<text>
<par>
<line>/</line></par>
</text>
</block>
<block><region><rect/></region>
<text>
<par>
<line>*&gt; ^</line></par>
</text>
</block>
<block><region><rect/></region>
<text>
<par>
<line>Desserte des terrains adiacents</line></par>
</text>
</block>
<block><region><rect/></region>
<text>
<par>
<line>«&gt;</line></par>
</text>
</block>
<block><region><rect/></region>
<text>
<par>
<line>J</line></par>
</text>
</block>
<block><region><rect/></region>
<text>
<par>
<line>Accès automobile riveram conservé</line></par>
</text>
</block>
<block><region><rect/></region>
<text>
<par>
<line>dt</line></par>
</text>
</block>
<block><region><rect/></region>
<text>
<par>
<line>4“</line></par>
</text>
</block>
<block><region><rect/></region>
<text>
<par>
<line>Environnement et paysage</line></par>
</text>
</block>
<block><region><rect/></region>
<text>
<par>
<line>S!</line></par>
</text>
</block>
<block><region><rect/></region>
<text>
<par>
<line>H</line></par>
</text>
</block>
<block><region><rect/></region>
<text>
<par>
<line>!4.&gt;</line></par>
</text>
</block>
<block><region><rect/></region>
<text>
<par>
<line>*</line></par>
</text>
</block>
<block><region><rect/><rect/></region>
<text>
<par/>
</text>
</block>
<block><region><rect/></region>
<text>
<par>
<line>O</line></par>
</text>
</block>
<block><region><rect/></region>
<text>
<par/>
</text>
</block>
<block><region><rect/></region>
<text>
<par/>
</text>
</block>
<block><region><rect/></region>
<text>
<par>
<line>Espace commun plante</line></par>
</text>
</block>
<block><region><rect/></region>
<text>
<par/>
</text>
</block>
<block><region><rect/></region>
<text>
<par>
<line>. p*-:i O</line></par>
</text>
</block>
<block><region><rect/></region>
<text>
<par/>
</text>
</block>
<block><region><rect/></region>
<text>
<par>
<line>^ Bâtiment à démolir</line></par>
</text>
</block>
<block><region><rect/></region>
<text>
<par>
<line>m</line></par>
</text>
</block>
<block><region><rect/></region>
<text>
<par/>
</text>
</block>
<block><region><rect/></region>
<text>
<par>
<line>Page - 54 - sur 93</line></par>
</text>
</block>










<block blockType="Picture" blockName="" l="246" t="385" r="394" b="3235"><region><rect/></region>
</block>
</page>
</OAP>