<?xml version="1.0" encoding="UTF-8"?><OAP>
<page width="4958" height="7017" resolution="600">
<block><region><rect/></region>
<text>
<par>
<line>COMMUNE DE</line>
<line>GRAND'LANDES</line></par>
<par>
<line>DÉPARTEMENT DE LA VENDÉE</line></par>
</text>
</block>
<block><region><rect/><rect/><rect/><rect/></region>
<text>
<par>
<line>Plan Local d'Urbanisme</line></par>
<par>
<line>3</line></par>
<par>
<line>ORIENTATIONS D'AMÉNAGEMENT</line>
<line>ET DE PROGRAMMATION</line></par>
</text>
</block>
<block><region><rect/></region>
<text>
<par>
<line>Elaboration 1.0</line></par>
<par>
<line>prescrite le 26.04.2012</line></par>
<par>
<line>par le conseil municipal de</line>
<line>Grand'Landes</line>
<line>projet arrêté le 01.09.2016</line></par>
<par>
<line>par le conseil municipal de</line>
<line>Grand'Landes</line>
<line>approuvée le 17.07.2017</line></par>
<par>
<line>par le conseil communautaire</line>
<line>de la communauté de communes</line>
<line>Vie et Boulogne</line></par>
</text>
</block>
<block><region><rect/></region>
<text>
<par>
<line>Vu pour être annexé à la délibération</line>
<line>du conseil communautaire de la</line>
<line>communauté de communes</line>
<line>Vie et Boulogne en date du 17.07.2017</line></par>
<par>
<line>Le Président, Monsieur Didier MANDELLI</line></par>
</text>
</block>
<block><region><rect/></region>
<text>
<par>
<line>Etudes et réalisation</line></par>
</text>
</block>
<block><region><rect/></region>
<text>
<par>
<line>y Gilles Buisson Urbanisme</line></par>
</text>
</block>
<block><region><rect/></region>
<text>
<par>
<line>09 52 69 08 19</line></par>
</text>
</block>
<block><region><rect/></region>
<text>
<par/>
</text>
</block>
<block><region><rect/></region>
<text>
<par>
<line>THE</line></par>
</text>
</block>
<block><region><rect/></region>
<text>
<par>
<line>Agence Ouest</line></par>
<par>
<line>181 rue Georges GUYNEMER</line>
<line>44150 Ancenis</line>
<line>02 40 09 62 91</line>
<line>thema.ancenis@orange.fr</line></par>
</text>
</block>
<block blockType="Picture" blockName="" l="308" t="236" r="404" b="6780"><region><rect/></region>
</block>














</page>
<page width="2479" height="3508" resolution="300">
</page>
<page width="2479" height="3508" resolution="300">
<block><region><rect/></region>
<text>
<par>
<line>Approbation</line></par>
</text>
</block>
<block><region><rect/></region>
<text>
<par>
<line>- ORIENTATIONS D'AMÉNAGEMENT</line></par>
<par>
<line>ET DE PROGRAMMATION -</line></par>
</text>
</block>
<block><region><rect/></region>
<text>
<par>
<line>PREAMBULE</line></par>
</text>
</block>
<block><region><rect/></region>
<text>
<par>
<line>Conformément à l’article L.151-2 du code de l’urbanisme, le Plan Local d'Urbanisme de</line>
<line>Grand'Landes comprend des Orientations d’Aménagement et de Programmation.</line></par>
<par>
<line>Ces O.A.P. ont pour objectif d’apporter des précisions quant à l'aménagement, l'habitat,</line>
<line>les transports et les déplacements dans certains secteurs de la commune.</line></par>
<par>
<line>Elles sont opposables en terme de compatibilité, c’est-à-dire que les demandes d’autorisation</line>
<line>d’urbanisme doivent en respecter l’esprit ; il ne doit pas y avoir de contradiction majeure entre</line>
<line>les orientations et les projets d'aménagement réalisés.</line></par>
<par>
<line>Les O.A.P. ne constituent pas des plans d'aménagement, documents qui doivent être élaborés au</line>
<line>cours d'un processus spécifique laissant le temps à la maturation des projets et nécessitant une</line>
<line>réflexion partagée entre les différents acteurs (porteurs des projets, municipalité, services,</line>
<line>riverains, etc.).</line></par>
</text>
</block>
<block><region><rect/></region>
<text>
<par>
<line>Pour chaque secteur, les O.A.P. présentent le site et ses enjeux et précisent les principes</line>
<line>d'aménagement qui en découlent (vocation, zonage, principes de composition urbaine, liaisons</line>
<line>douces^). Ces principes seront affinés lors d’études opérationnelles plus détaillées.</line></par>
<par>
<line>Leur aménagement devra être guidé par une optimisation du foncier, notamment liée à des</line>
<line>réflexions sur des formes urbaines nouvelles :</line></par>
<par>
<line>- offre diversifiée de tailles des parcelles ;</line></par>
<par>
<line>- variété dans la typologie (logements individuels, intermédiaires, groupés, collectifs) ;</line></par>
<par>
<line>- possibilité de réaliser des bâtiments en "R + 2" (rez-de-chaussée + 2 étages).</line></par>
<par>
<line>Il faut rappeler que le SCoT Nord-Ouest Vendée fixe comme objectif de densité "de 18 à 22</line>
<line>logements dans les opérations d’aménagement situées à l’intérieur de l’enveloppe urbaine des</line>
<line>bourgs et des villages" et "un minimum de 15 logements à l’hectare en périphérie ou en extension</line>
<line>urbaine" ; ce que respecte le PLU de Grand'Landes.</line></par>
<par>
<line>Il faut préciser que tous les secteurs concernés par des O.A.P. sont situés à proximité immédiate</line>
<line>de voies et de réseaux d'une capacité suffisante pour desservir les projets envisagés. Ainsi, les</line>
<line>coûts d'aménagement seront minimisés sur ce poste.</line></par>
</text>
</block>
<block><region><rect/></region>
<text>
<par>
<line>Les éventuelles incidences sur l'activité agricole et l'environnement ont également été étudiées.</line>
<line>Lorsque les projets d'aménagement verront le jour précisément, les incidences pressenties seront</line>
<line>prises en compte afin de les éviter, les réduire au maximum ou, en dernier recours, les</line>
<line>compenser.</line></par>
</text>
</block>
<block><region><rect/></region>
<text>
<par>
<line>Grand’Landes (85) - Élaboration 1.0 du PLU</line></par>
<par>
<line>Orientations d'Aménagement et de Programmation</line></par>
</text>
</block>
<block><region><rect/></region>
<text>
<par>
<line>1</line></par>
</text>
</block>
<block><region><rect/></region>
<text>
<par>
<line>G.B.U. - THEMA Environnement</line></par>
</text>
</block>




</page>
<page width="2479" height="3508" resolution="300">
<block><region><rect/></region>
<text>
<par>
<line>Approbation</line></par>
</text>
</block>
<block><region><rect/></region>
<text>
<par>
<line>Rue de l'Avenir.4</line></par>
<par>
<line>Les Bouleaux.6</line></par>
<par>
<line>Le Calvaire.8</line></par>
<par>
<line>L'Enclose.10</line></par>
<par>
<line>Les Néfliers 2.12</line></par>
<par>
<line>Le Vivier.14</line></par>
</text>
</block>
<block><region><rect/></region>
<text>
<par>
<line>Grand'Landes (85) - Élaboration 1.0 du PLU</line></par>
<par>
<line>Orientations d'Aménagement et de Programmation</line></par>
</text>
</block>
<block><region><rect/></region>
<text>
<par>
<line>2</line></par>
</text>
</block>
<block><region><rect/></region>
<text>
<par>
<line>G.B.U. - THEMA Environnement</line></par>
</text>
</block>








</page>
<page width="2479" height="3508" resolution="300">
<block><region><rect/></region>
<text>
<par>
<line>Approbation</line></par>
</text>
</block>
<block><region><rect/></region>
<text>
<par>
<line>Localisation des O.A.P.</line></par>
</text>
</block>
<block><region><rect/></region>
<text>
<par>
<line>Le Calvaire</line></par>
</text>
</block>
<block><region><rect/></region>
<text>
<par>
<line>L'Enclose</line></par>
</text>
</block>
<block><region><rect/></region>
<text>
<par>
<line>Rue de l'Avenir</line></par>
</text>
</block>
<block><region><rect/></region>
<text>
<par>
<line>Ë Les Bouleaux</line></par>
</text>
</block>
<block><region><rect/></region>
<text>
<par>
<line>Les Nefhers 2 &amp; 3</line></par>
</text>
</block>
<block><region><rect/></region>
<text>
<par>
<line>100 m</line></par>
</text>
</block>
<block><region><rect/></region>
<text>
<par>
<line>Le Vivier</line></par>
</text>
</block>
<block><region><rect/></region>
<text>
<par/>
</text>
</block>
<block><region><rect/></region>
<text>
<par/>
</text>
</block>
<block><region><rect/></region>
<text>
<par>
<line>50 m</line></par>
</text>
</block>
<block><region><rect/></region>
<text>
<par>
<line>Grand'Landes (85) - Élaboration 1.0 du PLU</line></par>
<par>
<line>Orientations dAménagement et de Programmation</line></par>
</text>
</block>
<block><region><rect/></region>
<text>
<par>
<line>3</line></par>
</text>
</block>
<block><region><rect/></region>
<text>
<par>
<line>G.B. U. - THEMA Environnement</line></par>
</text>
</block>

























































</page>
<page width="3834" height="5426" resolution="464">
<block><region><rect/></region>
<text>
<par>
<line>Approbation</line></par>
</text>
</block>
<block><region><rect/></region>
<text>
<par>
<line>Rue de l'Avenir</line></par>
</text>
</block>
<block><region><rect/></region>
<text>
<par>
<line>m</line></par>
</text>
</block>
<block><region><rect/></region>
<text>
<par>
<line>Le site</line></par>
</text>
</block>
<block><region><rect/></region>
<text>
<par>
<line>Superficie : 0,96 hectare</line></par>
</text>
</block>
<block><region><rect/><rect/></region>
<text>
<par>
<line>Le secteur de la rue de l'Avenir est localisé dans la partie sud-est</line>
<line>du bourg, à 200 mètres de la mairie et 500 mètres de l’école.</line></par>
<par>
<line>Il est desservi par la rue de l'Avenir au sud et le chemin du</line>
<line>Coteau au nord.</line></par>
<par>
<line>Il s'insère entre le cimetière et les lotissements du Coteau et de</line>
<line>la Volette 1, ce dernier disposant d'une liaison en attente.</line></par>
<par>
<line>Le site comporte une grande propriété qui appartient d'ores et</line>
<line>déjà à la commune et un terrain en herbe entretenu par quelques moutons d'un particulier.</line></par>
<par>
<line>Il était classé en zone constructible de la Carte Communale. Les réflexions sur son aménagement</line>
<line>sont menées avec Vendée Habitat : les premières constructions devraient voir le jour en 2018.</line></par>
</text>
</block>
<block><region><rect/></region>
<text>
<par>
<line>Les enjeux</line></par>
</text>
</block>
<block><region><rect/></region>
<text>
<par>
<line>- Diminuer la consommation des espaces agricoles, naturels et forestiers en aménageant cet</line>
<line>espace disponible au sein du tissu urbain existant ;</line></par>
<par>
<line>- Gérer le foncier de manière économe en densifiant les terrains concernés ;</line></par>
<par>
<line>- Veiller à l'intégration de ce futur quartier au sein des zones limitrophes déjà urbanisées ;</line></par>
<par>
<line>- Relier le secteur au réseau de liaisons douces du bourg.</line></par>
</text>
</block>
<block><region><rect/></region>
<text>
<par>
<line>Les principes d'aménagement Zone U (vocation principale d’habitat)</line></par>
<par>
<line>Voirie - déplacements</line></par>
<par>
<line>- L'accès principal au quartier sera réalisé sur la rue de l'Avenir. Il devra faire l'objet d'une</line>
<line>attention particulière du point de vue de la visibilité et de la sécurité ;</line></par>
<par>
<line>- Un accès secondaire débouchera sur le chemin du Coteau en face de l'accès au lotissement</line>
<line>du même nom. Un emplacement réservé a été institué à ce niveau ;</line></par>
<par>
<line>- Une liaison pourra également permettre de relier le lotissement de la Volette où une amorce</line>
<line>de voie est en attente rue des Genets ;</line></par>
<par>
<line>- Afin de limiter les déplacements en voiture, des liaisons douces internes permettront aux</line>
<line>piétons, vélos et personnes à mobilité réduite de relier le centre-bourg.</line></par>
<par>
<line>Composition urbaine</line></par>
<par>
<line>- Le secteur aura une vocation principale d'habitat ;</line></par>
<par>
<line>- À terme, il devra comprendre au moins 20 logements (soit une densité brute minimale de</line>
<line>21 logements par hectare), en préservant une offre diversifiée de tailles de parcelles et de</line>
<line>typologie de logements ;</line></par>
<par>
<line>- L'aménagement du site devra être guidé par une optimisation du foncier, notamment liée à</line>
<line>des réflexions sur des formes urbaines nouvelles : offre diversifiée de tailles des parcelles ;</line>
<line>variété dans la typologie (logements individuels, intermédiaires, groupés, collectifs) ; "R+2" ;</line></par>
<par>
<line>- L'agencement des lots devra privilégier une orientation des constructions favorisant leur</line>
<line>ensoleillement et leur capacité à produire de l'énergie solaire ;</line></par>
<par>
<line>- L'interface avec les parcelles du lotissement de la Volette 1 devra être traité de sorte à</line>
<line>préserver leur intimité et leur ensoleillement.</line></par>
</text>
</block>
<block><region><rect/></region>
<text>
<par>
<line>Grand'Landes (85) - Élaboration 1.0 du PLU</line></par>
<par>
<line>Orientations d'Aménagement et de Programmation</line></par>
</text>
</block>
<block><region><rect/></region>
<text>
<par>
<line>4</line></par>
</text>
</block>
<block><region><rect/></region>
<text>
<par>
<line>G.B.U. - THEMA Environnement</line></par>
</text>
</block>











</page>
<page width="2479" height="3508" resolution="300">
<block><region><rect/></region>
<text>
<par>
<line>Approbation</line></par>
</text>
</block>
<block><region><rect/></region>
<text>
<par>
<line>Principe de desserte interne</line></par>
</text>
</block>
<block><region><rect/></region>
<text>
<par>
<line>O</line></par>
</text>
</block>
<block><region><rect/></region>
<text>
<par>
<line>Traitement de I accès</line></par>
</text>
</block>
<block><region><rect/></region>
<text>
<par>
<line>cP%</line></par>
</text>
</block>
<block><region><rect/></region>
<text>
<par>
<line>Haie arbre a conserver</line></par>
</text>
</block>
<block><region><rect/></region>
<text>
<par>
<line>Principe de liaison douce</line></par>
</text>
</block>
<block><region><rect/></region>
<text>
<par>
<line>é-</line></par>
</text>
</block>
<block><region><rect/></region>
<text>
<par>
<line>Grand'Landes (85) - Élaboration 1.0 du PLU</line></par>
<par>
<line>Orientations d'Aménagement et de Programmation</line></par>
</text>
</block>
<block><region><rect/></region>
<text>
<par>
<line>5</line></par>
</text>
</block>
<block><region><rect/></region>
<text>
<par>
<line>G.B.U. - THEMA Environnement</line></par>
</text>
</block>































</page>
<page width="3834" height="5426" resolution="464">
<block><region><rect/></region>
<text>
<par>
<line>Approbation</line></par>
</text>
</block>
<block><region><rect/></region>
<text>
<par>
<line>Les Bouleaux</line></par>
</text>
</block>
<block><region><rect/></region>
<text>
<par/>
</text>
</block>
<block><region><rect/></region>
<text>
<par>
<line>Le site</line></par>
</text>
</block>
<block><region><rect/></region>
<text>
<par>
<line>Superficie : 0,79 hectare</line></par>
</text>
</block>
<block><region><rect/></region>
<text>
<par>
<line>Les fonds</line>
<line>situé dans</line></par>
</text>
</block>
<block><region><rect/><rect/></region>
<text>
<par>
<line>Le secteur des Bouleaux est localisé dans la partie sud-est du</line>
<line>bourg, à 500 mètres de la mairie et 600 mètres de l’école.</line></par>
<par>
<line>Il est enclavé entre les lotissements de la Volette 1 et 2 au nord</line>
<line>et du Charoy au sud-est et quelques propriétés au sud-ouest.</line></par>
<par>
<line>Le site se compose de fonds de jardins et d'espaces délaissés</line>
<line>en friche.</line></par>
<par>
<line>Il était classé en zone constructible de la Carte Communale,</line>
<line>de parcelles situés dans l'est du secteur appartiennent à Vendée Habitat et le terrain</line>
<line>l'extrême est appartient à la commune ; les autres terrains sont privés.</line></par>
</text>
</block>
<block><region><rect/></region>
<text>
<par>
<line>Les enjeux</line></par>
</text>
</block>
<block><region><rect/></region>
<text>
<par>
<line>- Diminuer la consommation des espaces agricoles, naturels et forestiers en aménageant cet</line>
<line>espace disponible au sein du tissu urbain existant ;</line></par>
<par>
<line>- Gérer le foncier de manière économe en densifiant les terrains concernés ;</line></par>
<par>
<line>- Assurer la greffe de ce futur quartier avec les lotissements limitrophes ;</line></par>
<par>
<line>- Relier le secteur au réseau de liaisons douces du bourg.</line></par>
</text>
</block>
<block><region><rect/></region>
<text>
<par>
<line>Les principes d'aménagement Zone U (vocation principale d'habil^at)</line></par>
<par>
<line>Voirie - déplacements</line></par>
<par>
<line>- L'accès principal au secteur pour les véhicules motorisés s'effectuerait par l'est, dans le</line>
<line>prolongement de la voie de desserte du lotissement du Charoy ;</line></par>
<par>
<line>- Une liaison routière pourrait peut-être s'envisager avec le lotissement de la Volette ;</line></par>
<par>
<line>- Afin de limiter les déplacements en voiture, le lotissement sera relié au réseau de liaisons</line>
<line>douces des lotissements limitrophes.</line></par>
<par>
<line>Composition urbaine</line></par>
<par>
<line>- Le secteur aura une vocation principale d'habitat ;</line></par>
<par>
<line>- À terme, il devra comprendre au moins 15 logements (soit une densité brute minimale de</line>
<line>19 logements par hectare), en préservant une offre diversifiée de tailles de parcelles et de</line>
<line>typologie de logements ;</line></par>
<par>
<line>- L'aménagement du site devra être guidé par une optimisation du foncier, notamment liée à</line>
<line>des réflexions sur des formes urbaines nouvelles : offre diversifiée de tailles des parcelles ;</line>
<line>variété dans la typologie (logements individuels, intermédiaires, groupés, collectifs) ; "R+2" ;</line></par>
<par>
<line>- L'agencement des lots devra privilégier une orientation des constructions favorisant leur</line>
<line>ensoleillement et leur capacité à produire de l'énergie solaire ;</line></par>
<par>
<line>- L'interface avec les parcelles du quartier de la Volette devra être traité de sorte à préserver</line>
<line>leur intimité et leur ensoleillement ;</line></par>
<par>
<line>- Le plan de composition pourrait comporter une zone de rencontre arborée destinée à</line>
<line>agrémenter le quartier et à encourager le lien social.</line></par>
</text>
</block>
<block><region><rect/></region>
<text>
<par>
<line>Grand'Landes (85) - Élaboration 1.0 du PLU</line></par>
<par>
<line>Orientations d'Aménagement et de Programmation</line></par>
</text>
</block>
<block><region><rect/></region>
<text>
<par>
<line>6</line></par>
</text>
</block>
<block><region><rect/></region>
<text>
<par>
<line>G.B.U. - THEMA Environnement</line></par>
</text>
</block>











<block blockType="Picture" blockName="" l="416" t="760" r="582" b="914"><region><rect/></region>
</block>
</page>
<page width="2479" height="3508" resolution="300">
<block><region><rect/></region>
<text>
<par>
<line>Approbation</line></par>
</text>
</block>
<block><region><rect/></region>
<text>
<par>
<line>G</line></par>
</text>
</block>
<block><region><rect/></region>
<text>
<par/>
</text>
</block>
<block><region><rect/></region>
<text>
<par>
<line>✓</line></par>
<par>
<line>cf%</line></par>
</text>
</block>
<block><region><rect/></region>
<text>
<par>
<line>Principe de desserte interne</line></par>
<par>
<line>Principe de zone de rencontre arborée</line></par>
<par>
<line>Principe de iiaison avec une éventueiie extension</line></par>
<par>
<line>Haie / arbre à conserver</line></par>
<par>
<line>Principe de iiaison douce</line></par>
</text>
</block>
<block><region><rect/></region>
<text>
<par>
<line>Grand'Landes (85) - Élaboration 1.0 du PLU</line></par>
<par>
<line>Orientations dAménagement et de Programmation</line></par>
</text>
</block>
<block><region><rect/></region>
<text>
<par>
<line>7</line></par>
</text>
</block>
<block><region><rect/></region>
<text>
<par>
<line>G.B. U. - THEMA Environnement</line></par>
</text>
</block>



































<block blockType="Picture" blockName="" l="818" t="497" r="940" b="565"><region><rect/></region>
</block>
</page>
<page width="3834" height="5426" resolution="464">
<block><region><rect/></region>
<text>
<par>
<line>Approbation</line></par>
</text>
</block>
<block><region><rect/></region>
<text>
<par>
<line>Le Calvaire</line></par>
</text>
</block>
<block><region><rect/></region>
<text>
<par>
<line>Les enjeux</line></par>
</text>
</block>
<block><region><rect/></region>
<text>
<par>
<line>Le site</line></par>
</text>
</block>
<block><region><rect/></region>
<text>
<par>
<line>Superficie : 0,52 hectare</line></par>
</text>
</block>
<block><region><rect/></region>
<text>
<par>
<line>Le secteur du Calvaire est localisé dans le nord du bourg, à</line>
<line>moins de 200 mètres de l’école et 300 mètres de la mairie.</line></par>
<par>
<line>Il est situé en arrière des maisons de la rue du Calvaire et en</line>
<line>appui sur la rue des Cinq Coins, son unique desserte.</line></par>
<par>
<line>Le site est composé d'une succession de fonds de parcelles</line>
<line>appartenant à des particuliers. Il accueille des jardins, des petits</line>
<line>bosquets, des friches et une haie de qualité en limite nord-est.</line></par>
<par>
<line>Il était classé en zone constructible de la Carte Communale.</line></par>
</text>
</block>
<block><region><rect/><rect/></region>
<text>
<par>
<line>Diminuer la consommation des espaces agricoles, naturels et forestiers en aménageant cet</line>
<line>espace disponible au sein du tissu urbain existant ;</line></par>
<par>
<line>Gérer le foncier de manière économe en densifiant les terrains concernés ;</line></par>
</text>
</block>
<block><region><rect/></region>
<text>
<par>
<line>- Veiller au traitement des interfaces avec les arrières des terrains implantés rue du Calvaire</line>
<line>et avec les maisons situées à l'est.</line></par>
<par>
<line>Les principes d'aménagement Zone U (vocation principale d'habitat)</line></par>
<par>
<line>Voirie - déplacements</line></par>
<par>
<line>- La desserte interne s'effectuera par une unique voie en impasse à partir de la rue des Cinq</line>
<line>Coins ;</line></par>
<par>
<line>- Un emplacement réservé a été institué afin de pouvoir réaliser un accès suffisamment</line>
<line>calibré et sécurisé sur la rue du Calvaire ;</line></par>
<par>
<line>- La localisation du site permettra à ses futurs habitants de se déplacer en modes doux pour</line>
<line>rejoindre le centre-bourg.</line></par>
</text>
</block>
<block><region><rect/></region>
<text>
<par>
<line>Composition urbaine</line></par>
<par>
<line>- Le secteur aura une vocation principale d'habitat ;</line></par>
<par>
<line>- À terme, il devra comprendre au moins 10 logements (soit une densité brute minimale de</line>
<line>19 logements par hectare), en préservant une offre diversifiée de tailles de parcelles et de</line>
<line>typologie de logements ;</line></par>
<par>
<line>- L'aménagement du site devra être guidé par une optimisation du foncier, notamment liée à</line>
<line>des réflexions sur des formes urbaines nouvelles : offre diversifiée de tailles des parcelles ;</line>
<line>variété dans la typologie (logements individuels, intermédiaires, groupés, collectifs) ; "R+2" ;</line></par>
<par>
<line>- L'agencement des lots devra privilégier une orientation des constructions favorisant leur</line>
<line>ensoleillement et leur capacité à produire de l'énergie solaire ;</line></par>
<par>
<line>- Une attention particulière sera portée sur le fait de préserver le caractère privatif des arrières</line>
<line>des propriétés de la rue du Calvaire et des habitations situées à l'est du site, notamment en</line>
<line>cas d'édification de constructions en R + 2 ;</line></par>
<par>
<line>- Le traitement paysager du secteur permettra de conserver les éléments identifiés dans le</line>
<line>zonage du PLU :</line></par>
<par>
<line>. la haie située au nord-est afin d'assurer un traitement qualitatif de l'interface avec</line>
<line>l'espace agricole limitrophe ;</line></par>
<par>
<line>. le puits situé dans le sud du site.</line></par>
</text>
</block>
<block><region><rect/></region>
<text>
<par>
<line>Grand'Landes (85) - Élaboration 1.0 du PLU</line></par>
<par>
<line>Orientations d'Aménagement et de Programmation</line></par>
</text>
</block>
<block><region><rect/></region>
<text>
<par>
<line>8</line></par>
</text>
</block>
<block><region><rect/></region>
<text>
<par>
<line>G.B.U. - THEMA Environnement</line></par>
</text>
</block>











</page>
<page width="2479" height="3508" resolution="300">
<block><region><rect/></region>
<text>
<par>
<line>Approbation</line></par>
</text>
</block>
<block><region><rect/></region>
<text>
<par/>
</text>
</block>
<block><region><rect/></region>
<text>
<par>
<line>O</line></par>
</text>
</block>
<block><region><rect/></region>
<text>
<par>
<line>Principe de desserte interne</line>
<line>Principe d'accès</line>
<line>Traitement de l’accès</line></par>
<par>
<line>Haie / arbre à conserver</line>
<line>Principe de liaison douce</line></par>
</text>
</block>
<block><region><rect/></region>
<text>
<par>
<line>Grand'Landes (85) - Élaboration 1.0 du PLU</line></par>
<par>
<line>Orientations d'Aménagement et de Programmation</line></par>
</text>
</block>
<block><region><rect/></region>
<text>
<par>
<line>9</line></par>
</text>
</block>
<block><region><rect/></region>
<text>
<par>
<line>G.B. U. - THEMA Environnement</line></par>
</text>
</block>









</page>
<page width="3834" height="5426" resolution="464">
<block><region><rect/></region>
<text>
<par>
<line>Approbation</line></par>
</text>
</block>
<block><region><rect/></region>
<text>
<par>
<line>L’Enclose</line></par>
</text>
</block>
<block><region><rect/></region>
<text>
<par/>
</text>
</block>
<block><region><rect/></region>
<text>
<par>
<line>Le site</line></par>
</text>
</block>
<block><region><rect/></region>
<text>
<par>
<line>Superficie : 1,09 hectare</line></par>
</text>
</block>
<block><region><rect/></region>
<text>
<par>
<line>Le secteur de l'Endose est localisé dans le nord-ouest du bourg,</line>
<line>à 300 mètres de l’école et 350 mètres de la mairie.</line></par>
<par>
<line>Il est entouré de terrains qui constituent tous des arrières de</line>
<line>propriétés implantées sur les rues du Calvaire, de la Ronde, de</line>
<line>l'Endose et des Prairies.</line></par>
<par>
<line>Le site est composé d'une multitude de parcelles privées, de</line>
<line>toutes tailles, occupées par des jardins arborés, des potagers et</line></par>
</text>
</block>
<block><region><rect/></region>
<text>
<par>
<line>des vergers.</line></par>
<par>
<line>Il était classé en zone constructible de la Carte Communale. Depuis de nombreuses années, il fait</line>
<line>l'objet de démarches auprès des propriétaires dans le but de regrouper les parcelles et de</line>
<line>mutualiser un aménagement d'ensemble cohérent.</line></par>
</text>
</block>
<block><region><rect/></region>
<text>
<par>
<line>Les enjeux</line></par>
</text>
</block>
<block><region><rect/><rect/></region>
<text>
<par>
<line>Diminuer la consommation des espaces agricoles, naturels et forestiers en aménageant cet</line>
<line>espace disponible au sein du tissu urbain existant ;</line></par>
</text>
</block>
<block><region><rect/></region>
<text>
<par>
<line>- Parvenir à un aménagement d'ensemble cohérent du site en gérant le foncier de manière</line>
<line>économe ;</line></par>
</text>
</block>
<block><region><rect/></region>
<text>
<par>
<line>- Veiller à l'intégration de ce futur quartier dans son environnement urbain, notamment au</line>
<line>traitement des interfaces avec l'ensemble des propriétés périphériques ;</line></par>
<par>
<line>- Relier le secteur au réseau de liaisons douces du bourg.</line></par>
</text>
</block>
<block><region><rect/></region>
<text>
<par>
<line>Les principes d'aménagement Zone U (vocation principale d’habitat)</line></par>
<par>
<line>Voirie - déplacements</line></par>
<par>
<line>- Afin de pouvoir désenclaver le secteur, trois emplacements réservés ont été institués pour</line>
<line>assurer des accès suffisamment calibrés et sécurisés sur les rues de l'Enclose et du</line>
<line>Calvaire. Sur cette dernière, une vigilance particulière devra être portée quant au</line>
<line>dégagement de la visibilité et à la sécurisation du carrefour ainsi créé sur la traversée</line>
<line>principale du bourg ;</line></par>
<par>
<line>- Si ce dernier ne pouvait être aménagé, il serait malgré tout judicieux de parvenir à créer au</line>
<line>moins un accès piéton-vélo pour assurer une liaison douce directe avec le centre-bourg.</line></par>
</text>
</block>
<block><region><rect/></region>
<text>
<par>
<line>Composition urbaine</line></par>
<par>
<line>- Le secteur aura une vocation principale d'habitat ;</line></par>
<par>
<line>- À terme, il devra comprendre au moins 20 logements (soit une densité brute minimale de</line>
<line>18 logements par hectare), en préservant une offre diversifiée de tailles de parcelles et de</line>
<line>typologie de logements ;</line></par>
<par>
<line>- L'aménagement du site devra être guidé par une optimisation du foncier, notamment liée à</line>
<line>des réflexions sur des formes urbaines nouvelles : offre diversifiée de tailles des parcelles ;</line>
<line>variété dans la typologie (logements individuels, intermédiaires, groupés, collectifs) ; "R+2" ;</line></par>
<par>
<line>- La périphérie du secteur devra être traitée de sorte à assurer une greffe fine avec les fonds</line>
<line>de propriétés alentours, notamment en cas d'édification de constructions en R + 2.</line></par>
</text>
</block>
<block><region><rect/></region>
<text>
<par>
<line>Grand'Landes (85) - Élaboration 1.0 du PLU</line></par>
<par>
<line>Orientations d'Aménagement et de Programmation</line></par>
</text>
</block>
<block><region><rect/></region>
<text>
<par>
<line>10</line></par>
</text>
</block>
<block><region><rect/></region>
<text>
<par>
<line>G.B.U. - THEMA Environnement</line></par>
</text>
</block>











</page>
<page width="2479" height="3508" resolution="300">
<block><region><rect/></region>
<text>
<par>
<line>Approbation</line></par>
</text>
</block>
<block><region><rect/></region>
<text>
<par/>
</text>
</block>
<block><region><rect/></region>
<text>
<par/>
</text>
</block>
<block><region><rect/></region>
<text>
<par/>
</text>
</block>
<block><region><rect/></region>
<text>
<par>
<line>**</line></par>
</text>
</block>
<block><region><rect/></region>
<text>
<par>
<line>%</line></par>
</text>
</block>
<block><region><rect/></region>
<text>
<par>
<line>O</line></par>
</text>
</block>
<block><region><rect/></region>
<text>
<par>
<line>Principe de desserte interne</line>
<line>Principe d'accès</line>
<line>Traitement de l’accès</line>
<line>Principe de liaison douce</line></par>
</text>
</block>
<block><region><rect/></region>
<text>
<par>
<line>Grand'Landes (85) - Élaboration 1.0 du PLU</line></par>
<par>
<line>Orientations dAménagement et de Programmation</line></par>
</text>
</block>
<block><region><rect/></region>
<text>
<par>
<line>11</line></par>
</text>
</block>
<block><region><rect/></region>
<text>
<par>
<line>G.B. U. - THEMA Environnement</line></par>
</text>
</block>












</page>
<page width="3834" height="5426" resolution="464">
<block><region><rect/></region>
<text>
<par>
<line>Approbation</line></par>
</text>
</block>
<block><region><rect/></region>
<text>
<par/>
</text>
</block>
<block><region><rect/></region>
<text>
<par>
<line>Le site</line></par>
</text>
</block>
<block><region><rect/></region>
<text>
<par>
<line>Les Néfliers 2</line></par>
<par>
<line>Superficie : 1 hectare</line></par>
</text>
</block>
<block><region><rect/><rect/></region>
<text>
<par>
<line>Le secteur des Néfliers 2 est localisé au sud-est du bourg, dans</line>
<line>le prolongement de la première tranche du lotissement du même</line>
<line>nom.</line></par>
<par>
<line>Il est délimité par le lotissement des Néfliers au sud-ouest, les</line>
<line>arrières du lotissement du Charoy au nord-ouest et par des</line>
<line>parcelles agricoles sur ses autres franges.</line></par>
<par>
<line>Bien que propriété communale, il est exploité en cultures</line>
<line>céréalières, sans enjeu écologique. Par contre, il est séparé du</line>
<line>lotissement par un fossé qui constitue un corridor écologique.</line></par>
<par>
<line>Il s'inscrit dans un projet de développement du bourg acté par la révision de la carte communale</line>
<line>approuvée en 2012 qui l'a classé en zone constructible.</line></par>
</text>
</block>
<block><region><rect/></region>
<text>
<par>
<line>Les enjeux</line></par>
</text>
</block>
<block><region><rect/><rect/></region>
<text>
<par>
<line>Poursuivre l'aménagement du sud-est du bourg ;</line></par>
<par>
<line>Gérer le foncier de manière économe ;</line></par>
<par>
<line>Préserver le fossé qui sépare le secteur et le lotissement du Charoy ;</line></par>
<par>
<line>Veiller au traitement des interfaces avec le lotissement et avec la zone agricole ;</line>
<line>Relier le secteur au réseau de liaisons douces du bourg.</line></par>
</text>
</block>
<block><region><rect/><rect/></region>
<text>
<par>
<line>Les principes d'aménagement</line>
<line>Voirie - déplacements</line></par>
</text>
</block>
<block><region><rect/></region>
<text>
<par>
<line>Zones 1AU (vocation principale d'habitat)</line></par>
</text>
</block>
<block><region><rect/></region>
<text>
<par>
<line>- Dans le même esprit que dans la première tranche, la voie principale de desserte interne</line>
<line>pourrait desservir quelques placettes de retournement ;</line></par>
<par>
<line>- Dans l'hypothèse d'une extension à moyen terme vers le nord-est, le plan d'aménagement</line>
<line>devra prévoir une liaison dans cette direction ;</line></par>
<par>
<line>- Afin de limiter les déplacements en voiture, des liaisons douces seront aménagées en</line>
<line>direction du nord et de la rue de l'Avenir ; cette dernière présentant de larges trottoirs</line>
<line>sécurisés jusqu'au centre-bourg.</line></par>
</text>
</block>
<block><region><rect/></region>
<text>
<par>
<line>Composition urbaine</line></par>
<par>
<line>- Le secteur aura une vocation principale d'habitat ;</line></par>
<par>
<line>- À terme, il devra comprendre au moins 18 logements, soit une densité brute minimale de</line>
<line>18 logements par hectare, en préservant une offre diversifiée de tailles de parcelles et de</line>
<line>typologie de logements ;</line></par>
<par>
<line>- L'aménagement du site devra être guidé par une optimisation du foncier, notamment liée à</line>
<line>des réflexions sur des formes urbaines nouvelles : offre diversifiée de tailles des parcelles ;</line>
<line>variété dans la typologie (logements individuels, intermédiaires, groupés, collectifs) ; "R+2" ;</line></par>
<par>
<line>- L'agencement des lots devra privilégier une orientation des constructions favorisant leur</line>
<line>ensoleillement et leur capacité à produire de l'énergie solaire ;</line></par>
<par>
<line>- Le plan de composition pourrait comporter une ou plusieurs zones de rencontre arborées</line>
<line>destinées à agrémenter le quartier et à encourager le lien social.</line></par>
<par>
<line>- Les abords du secteur devront être aménagés de manière paysagère :</line></par>
<par>
<line>. traitement de la limite avec les arrières du lotissement du Charoy, notamment par la</line>
<line>préservation de la haie existante et du fossé ;</line></par>
<par>
<line>. traitement qualitatif des co-visibilités avec l'espace agricole limitrophe : préservation et</line>
<line>renforcement de la haie située en limite nord-est et plantation de haies arbustives ou</line>
<line>arborées d'essences locales en limite sud-est.</line></par>
</text>
</block>
<block><region><rect/></region>
<text>
<par>
<line>Grand'Landes (85) - Élaboration 1.0 du PLU</line></par>
<par>
<line>Orientations d'Aménagement et de Programmation</line></par>
</text>
</block>
<block><region><rect/></region>
<text>
<par>
<line>12</line></par>
</text>
</block>
<block><region><rect/></region>
<text>
<par>
<line>G.B.U. - THEMA Environnement</line></par>
</text>
</block>











<block blockType="Picture" blockName="" l="416" t="760" r="582" b="914"><region><rect/></region>
</block>
</page>
<page width="2479" height="3508" resolution="300">
<block><region><rect/></region>
<text>
<par>
<line>Approbation</line></par>
</text>
</block>
<block><region><rect/></region>
<text>
<par/>
</text>
</block>
<block><region><rect/></region>
<text>
<par>
<line>✓</line></par>
<par>
<line>cP%)</line></par>
<par>
<line>&lt;</line></par>
</text>
</block>
<block><region><rect/></region>
<text>
<par>
<line>Principe de desserte interne</line>
<line>Principe de zone de rencontre arborée</line>
<line>Principe de liaison avec une éventuelle extension</line>
<line>Haie / arbre à conserver</line></par>
<par>
<line>Traitement paysager des franges</line>
<line>Préservation des vues sur la vallée</line>
<line>Principe de liaison douce</line></par>
</text>
</block>
<block><region><rect/></region>
<text>
<par>
<line>Grand'Landes (85) - Élaboration 1.0 du PLU</line></par>
<par>
<line>Orientations dAménagement et de Programmation</line></par>
</text>
</block>
<block><region><rect/></region>
<text>
<par>
<line>13</line></par>
</text>
</block>
<block><region><rect/></region>
<text>
<par>
<line>G.B. U. - THEMA Environnement</line></par>
</text>
</block>










</page>
<page width="2479" height="3508" resolution="300">
<block><region><rect/></region>
<text>
<par>
<line>Approbation</line></par>
</text>
</block>
<block><region><rect/></region>
<text>
<par>
<line>Le Vivier</line></par>
</text>
</block>
<block><region><rect/></region>
<text>
<par>
<line>Le site</line></par>
</text>
</block>
<block><region><rect/></region>
<text>
<par>
<line>Superficie : 0,55 hectare</line></par>
</text>
</block>
<block><region><rect/></region>
<text>
<par>
<line>Le secteur dédié à l'implantation d'artisans locaux est situé au lieu-</line>
<line>dit "Le Vivier", dans le sud de la commune à environ 1,5 kilomètre</line>
<line>du centre-bourg.</line></par>
<par>
<line>Il est relié à la route de Palluau par le chemin rural du Vivier.</line></par>
<par>
<line>Le site s'inscrit en continuité d'une entreprise implantée au sud-</line>
<line>ouest et des habitations sont édifiées de l'autre côté du chemin.</line></par>
<par>
<line>Le terrain est exploité en cultures céréaliéres et ne présente pas</line>
<line>d'enjeu écologique.</line></par>
<par>
<line>Il était classé dans une zone constructible plus grande de la Carte</line>
<line>Communale "réservée à l'implantation d'activités".</line></par>
</text>
</block>
<block><region><rect/><rect/></region>
<text>
<par>
<line>Les enjeux</line></par>
<par>
<line>Permettre aux artisans locaux de s'implanter dans la commune ;</line></par>
</text>
</block>
<block><region><rect/></region>
<text>
<par>
<line>- Gérer le foncier de manière économe ;</line></par>
</text>
</block>
<block><region><rect/></region>
<text>
<par>
<line>- Traiter l'intégration de la zone dans un environnement agricole et habité.</line></par>
</text>
</block>
<block><region><rect/></region>
<text>
<par>
<line>Les principes d'aménagement Zone 1AUe (activités économiques artisanales)</line></par>
<par>
<line>Voirie - déplacements</line></par>
<par>
<line>- La zone sera desservie par un accès unique sur le chemin du Vivier ;</line></par>
<par>
<line>- La voie de desserte interne devra permettre une circulation aisée des véhicules, quelque soit</line>
<line>leur gabarit. Ces derniers devront réaliser leurs manœuvres ainsi que les opérations de</line>
<line>chargement et de déchargement à l'intérieur des lots et pas sur les espaces communs ;</line></par>
<par>
<line>- Afin de gérer l'espace de manière économe, les stationnements pourraient être mutualisés.</line></par>
</text>
</block>
<block><region><rect/></region>
<text>
<par>
<line>Composition urbaine</line></par>
<par>
<line>- Le secteur aura une vocation d'accueil d'artisans locaux ;</line></par>
<par>
<line>- Le plan de composition de la zone devra gérer l'espace de manière économe ;</line></par>
<par>
<line>- Les franges du secteur devront être traitées de manière paysagère :</line></par>
<par>
<line>. afin de traiter l'interface avec les habitations, l'aménagement de l'accès au site devra</line>
<line>préserver au maximum la haie existant le long du chemin du Vivier ;</line></par>
<par>
<line>. afin de traiter les co-visibilités avec la zone agricole, les limites nord pourraient être</line>
<line>plantés d'éléments végétaux d'essences locales.</line></par>
</text>
</block>
<block><region><rect/></region>
<text>
<par>
<line>Grand'Landes (85) - Élaboration 1.0 du PLU</line></par>
<par>
<line>Orientations d'Aménagement et de Programmation</line></par>
</text>
</block>
<block><region><rect/></region>
<text>
<par>
<line>14</line></par>
</text>
</block>
<block><region><rect/></region>
<text>
<par>
<line>G.B.U. - THEMA Environnement</line></par>
</text>
</block>














</page>
<page width="2479" height="3508" resolution="300">
<block><region><rect/></region>
<text>
<par>
<line>Approbation</line></par>
</text>
</block>
<block><region><rect/></region>
<text>
<par>
<line>Principe de desserte interne</line></par>
</text>
</block>
<block><region><rect/></region>
<text>
<par>
<line>♦</line></par>
</text>
</block>
<block><region><rect/></region>
<text>
<par>
<line>O</line></par>
</text>
</block>
<block><region><rect/></region>
<text>
<par>
<line>Traitement de accès</line></par>
</text>
</block>
<block><region><rect/></region>
<text>
<par>
<line>Haie arbre a conserver</line></par>
</text>
</block>
<block><region><rect/></region>
<text>
<par>
<line>Traitement paysager des franges</line></par>
</text>
</block>
<block><region><rect/><rect/></region>
<text>
<par>
<line>Grand'Landes (85) - Elaboration 1.0 du PLU</line></par>
<par>
<line>Orientations dAménagement et de Programmation</line></par>
</text>
</block>
<block><region><rect/></region>
<text>
<par>
<line>G.B. U. - THEMA Environnement</line></par>
</text>
</block>
<block><region><rect/></region>
<text>
<par>
<line>15</line></par>
</text>
</block>



</page>
</OAP>