<?xml version="1.0" encoding="UTF-8"?><OAP>
<page width="3531" height="2518" resolution="300">
<block><region><rect/></region>
<text>
<par>
<line>L’Orientation d'Aménagement et de Programmation (OAP)</line></par>
<par>
<line>Le présent dossier de révision accélérée n 2 est complété par la création d’une</line>
<line>Orientation d'Aménagement et de Programmation reprenant les grandes dispositions du</line>
<line>schéma d’aménagement et du programme présenté précédemment, afin de maitriset la</line>
<line>qualité généralement du projet d’aménagement (paysage, circulation, fonctionnement).</line></par>
</text>
</block>
<block><region><rect/></region>
<text>
<par/>
</text>
</block>
<block><region><rect/></region>
<text>
<par>
<line>&lt;!</line></par>
</text>
</block>
<block><region><rect/></region>
<text>
<par>
<line>Programme :</line></par>
<par>
<line>• Peruiietie OAP : 46 82/ ni</line></par>
<par>
<line>• Le pjo^fdinine conipieiidid nutaininent ies éléments suivants :</line></par>
<par>
<line>O Une extension du tttmpiny dctuel,</line></par>
<par>
<line>&lt;.&gt; la créciUoii d'une aùe de servui^s poui Paciueil des rainpings eais,</line>
<line>line extension de la suitace de la salle des têtes actuelle,</line></par>
<par>
<line>O Un tnpieinent des aifes de stationnement public puui les vétiii.ules autuiiiubiles,</line>
<line>O Le maintien d’un espace puysayei polyvalent.</line></par>
</text>
</block>
<block><region><rect/></region>
<text>
<par>
<line>I</line></par>
<par>
<line>Dispositions complementaires au document graphique :</line></par>
<par>
<line>• La trame boisée existante qui confère au site son identité et sa qualité sera préseivee. Seuls r^uelques végétaux non stiucturanis</line>
<line>pourront êtie supprimes dans le cadie du féaménagement du site.</line></par>
<par>
<line>• Les nouveaux espaces créés seront plantés et paysages afin dtt rnaintenif l’îdentite "verte- du stie et de gaiantir leui bonne</line>
<line>iiitegratiuii.</line></par>
<par>
<line>• c.reaTion de stationnement public peimeablr pour maîtriser la gestion des t-aux pluviales</line></par>
</text>
</block>
<block><region><rect/></region>
<text>
<par>
<line>□ Périmètre OAP</line></par>
<par>
<line>Principales affectations</line></par>
<par>
<line>Activités de loisirs</line></par>
<par>
<line>Déplacements</line></par>
<par>
<line>Voirie principale existante</line>
<line>■ ■I Accès secondaire â créer</line></par>
<par>
<line>Paysage et qualité urbaine</line></par>
<par>
<line>'/y/yj Traitement paysager soigné à créer</line></par>
</text>
</block>
<block><region><rect/></region>
<text>
<par>
<line>0 20</line></par>
</text>
</block>
<block><region><rect/></region>
<text>
<par>
<line>100 m</line></par>
</text>
</block>
<block><region><rect/></region>
<text>
<par>
<line>Si*- Haies et boisements à protéger</line></par>
</text>
</block>
<block><region><rect/></region>
<text>
<par>
<line>Commune de Moutiers-les Mauxtaits Révision accélérée n 2 du Plan Local d’Utbanisme /■.pprobation Octobre 2016</line>
<line>Ateliei Snes et Projets i nie de ta Marne 85600 Montaigu Tel : 02.5t.46.86.43 contact^sitesetoroiets. fr</line></par>
</text>
</block>
<block><region><rect/></region>
<text>
<par>
<line>10</line></par>
</text>
</block>











</page>
</OAP>