<?xml version="1.0" encoding="UTF-8"?><OAP>
<page width="1635" height="2315" resolution="200">
<block><region><rect/></region>
<text orientation="RotatedCounterclockwise">
<par/>
</text>
</block>
<block><region><rect/></region>
<text>
<par>
<line>DEPARTEMENT</line>
<line>DE LA</line>
<line>VENDEE</line></par>
</text>
</block>
<block><region><rect/></region>
<text>
<par>
<line>commune de</line></par>
<par>
<line>PEAULT</line></par>
</text>
</block>
<block><region><rect/></region>
<text>
<par>
<line>PLAN LOCAL D'URBANISME</line></par>
</text>
</block>
<block><region><rect/></region>
<text>
<par>
<line>Z'</line></par>
</text>
</block>
<block><region><rect/></region>
<text>
<par>
<line>[2bis]</line></par>
</text>
</block>
<block><region><rect/></region>
<text>
<par>
<line>&gt;V</line></par>
</text>
</block>
<block><region><rect/></region>
<text>
<par>
<line>ORIENTATIONS</line></par>
<par>
<line>D’AMENAGEMENT</line></par>
</text>
</block>
<block><region><rect/></region>
<text>
<par>
<line>PRlFECTUBEde lat/PNRêfi</line></par>
<par>
<line>.1</line></par>
<par>
<line>/9JAN.2003 j</line></par>
<par>
<line>COURRIER ARRIVÉ</line></par>
</text>
</block>
<block><region><rect/></region>
<text>
<par>
<line>V_</line></par>
<par>
<line>(</line></par>
<par>
<line>POS</line></par>
<par>
<line>Modification</line></par>
<par>
<line>PLU</line></par>
</text>
</block>
<block><region><rect/></region>
<text>
<par/>
</text>
</block>
<block><region><rect/></region>
<text>
<par>
<line>J</line></par>
</text>
</block>
<block><region><rect/></region>
<text>
<par>
<line>prescrit</line></par>
<par>
<line>approuvé</line></par>
<par>
<line>approuvée</line></par>
<par>
<line>prescrit</line>
<line>projet arrêté</line>
<line>approuvée</line></par>
</text>
</block>
<block><region><rect/></region>
<text>
<par>
<line>le 25.02.1986</line>
<line>le 01.02.1990</line>
<line>le 28.08,1998</line></par>
<par>
<line>le 11.01.2005</line>
<line>ie 09.01.2005</line></par>
<par>
<line>~ ‘i QEC,</line></par>
</text>
</block>
<block><region><rect/><rect/><rect/><rect/><rect/></region>
<text>
<par>
<line>Vu pour être annexé à la délibération en date du</line></par>
<par>
<line>LeMair^, Le Maire, " &lt;1 DEC. 2007</line>
<line>Wlcha; '-.aiJTRON</line></par>
</text>
</block>
<block><region><rect/></region>
<text>
<par>
<line>Etude &amp; réalisation confiées à :</line></par>
</text>
</block>
<block><region><rect/></region>
<text>
<par>
<line>Sari Yves NICOLAS architecte d.p.l.g. urbaniste 85210 Sainte Hermine</line></par>
</text>
</block>
<block><region><rect/></region>
<text>
<par>
<line>J</line></par>
</text>
</block>

















</page>
<page width="4913" height="3458" resolution="300">
<block><region><rect/></region>
<text>
<par>
<line>A</line></par>
</text>
</block>
<block><region><rect/></region>
<text>
<par>
<line>O</line></par>
</text>
</block>
<block><region><rect/></region>
<text>
<par>
<line>1AU</line></par>
</text>
</block>
<block><region><rect/></region>
<text>
<par>
<line>J</line></par>
</text>
</block>
<block><region><rect/></region>
<text>
<par/>
</text>
</block>
<block><region><rect/></region>
<text>
<par>
<line>7</line></par>
</text>
</block>
<block><region><rect/></region>
<text>
<par>
<line>U</line></par>
</text>
</block>
<block><region><rect/></region>
<text>
<par/>
</text>
</block>
<block><region><rect/></region>
<text>
<par>
<line>AU</line></par>
</text>
</block>
<block><region><rect/></region>
<text>
<par>
<line>1A</line></par>
</text>
</block>
<block><region><rect/></region>
<text>
<par/>
</text>
</block>
<block><region><rect/><rect/></region>
<text>
<par>
<line>LEGENDE</line></par>
<par>
<line>Voies principales de la zone 1AU</line>
<line>Cheminements piéton / cyclable</line></par>
</text>
</block>
<block><region><rect/></region>
<text>
<par/>
</text>
</block>
<block><region><rect/></region>
<text>
<par/>
</text>
</block>
<block><region><rect/></region>
<text>
<par>
<line>l«b</line></par>
</text>
</block>
<block><region><rect/></region>
<text>
<par>
<line>KT</line></par>
</text>
</block>
<block><region><rect/></region>
<text>
<par>
<line>Échelle 1/2000e</line></par>
</text>
</block>
<block><region><rect/></region>
<text>
<par>
<line>ORIENTATION D'AMENAGEMENT ZONE 1AU</line></par>
</text>
</block>
<block><region><rect/></region>
<text>
<par>
<line>ENJEUX:</line></par>
</text>
</block>
<block><region><rect/></region>
<text>
<par>
<line>Les orientations d'aménagement visent à mettre en</line>
<line>oeuvre un aménagement cohérent.</line></par>
<par>
<line>Les principes développés pour une cohérence urbaine</line>
<line>sont les suivants:</line></par>
<par>
<line>- diversifier la typologie de l'habitat (pavillonnaire,</line>
<line>habitat groupé) pour permettre une mixité urbaine</line>
<line>et sociale et ainsi économiser l'espace</line></par>
<par>
<line>- mettre en place un réseau viatre hiérarchisé</line>
<line>favorisant la sécurité des différentes fonctions et</line>
<line>usages des voies</line></par>
<par>
<line>- rechercher un développement harmonieux entre</line>
<line>les quartiers et les équipements par la création de</line>
<line>cheminements piétons et cyclables</line></par>
<par>
<line>-desservir l'ensemble de la zone 1 AU par différents</line>
<line>(réseaux (eaux, électricité, équipement</line>
<line>hydraulique,...)</line></par>
</text>
</block>
<block><region><rect/></region>
<text>
<par>
<line>PRINCIPES D'AMENAGEMENT PROPOSES:</line></par>
</text>
</block>
<block><region><rect/></region>
<text>
<par>
<line>- réaliser:</line></par>
<par>
<line>. une offre d'habitat diversifié</line>
<line>. une composition urbaine structurée avec:</line></par>
<par>
<line>. la réalisation d'équipements collectifs</line>
<line>(placette, chemins piétons)</line></par>
<par>
<line>. un système de voiries hiérarchisées (voie</line>
<line>principales structurantes, voies secondaires</line>
<line>mixtes, des chemins piétons).</line></par>
<par>
<line>. un rééquilibrage démographique du centre</line>
<line>bourg</line></par>
</text>
</block>































</page>
</OAP>