<?xml version="1.0" encoding="UTF-8"?><OAP>
<page width="1653" height="2339" resolution="200">
<block><region><rect/></region>
<text>
<par>
<line>Secteur des Combes à la Martinière</line></par>
</text>
</block>
<block><region><rect/></region>
<text>
<par>
<line>^ R?edesComb^</line></par>
</text>
</block>
<block><region><rect/></region>
<text>
<par>
<line>'R'''</line></par>
</text>
</block>
<block><region><rect/></region>
<text>
<par>
<line>#A</line></par>
</text>
</block>
<block><region><rect/></region>
<text>
<par/>
</text>
</block>
<block><region><rect/></region>
<text>
<par>
<line>.-O</line></par>
</text>
</block>
<block><region><rect/></region>
<text>
<par/>
</text>
</block>
<block><region><rect/></region>
<text>
<par/>
</text>
</block>
<block><region><rect/></region>
<text>
<par/>
</text>
</block>
<block><region><rect/></region>
<text>
<par>
<line>r</line></par>
</text>
</block>
<block><region><rect/></region>
<text>
<par>
<line>Ce</line></par>
</text>
</block>
<block><region><rect/></region>
<text>
<par/>
</text>
</block>
<block><region><rect/></region>
<text>
<par>
<line>'/^/ère</line></par>
</text>
</block>
<block><region><rect/></region>
<text>
<par>
<line>LEGENDE</line></par>
<par>
<line>fiOKS Préservation des abords de l'Héronnière par la limitation</line>
<line>de la constructibilité</line></par>
<par>
<line>f ,''Limitation de la hauteur de construction pour assurer un</line>
<line>espace aérien libre à proximité du boisement</line>
<line>■■1^ Principe de desserte</line></par>
<par>
<line>Création d'une frange paysagée du site</line>
<line>Densification de l'habitat au contact du coeur de bourg</line>
<line>jHMMM Organisation du site autour d'un axe paysagé</line></par>
</text>
</block>
<block><region><rect/></region>
<text>
<par>
<line>L'aménagement du site des Combes à la Martinière s’inscrit dans le programme de la ZAC Multi-sites des</line>
<line>"Trois Châteaux - Les Combes à la Martinière". L'urbanisation répondra donc à un programme défini :</line></par>
<par>
<line>+ de diversification de l'offre en logements avec une densification dans la zone au contact du coeur de</line></par>
<par>
<line>bourg</line></par>
<par>
<line>+ de près de 200 logements au total</line></par>
<par>
<line>+ d'envisager un aménagement paysager assurant la mise en valeur du site et créant des espaces de</line>
<line>respiration et de convivialité en plein coeur de quartier</line></par>
<par>
<line>+ d'organiser un circuit de desserte se greffant sur les organisations de circulation existante en</line>
<line>prévoyant une hiérarchisation des voies et des aménagements sécuritaires</line></par>
<par>
<line>+ d'intégrer ce secteur à son environnement avec une attention particulière portée sur le traitement des</line>
<line>franges en lien avec le milieu naturel protégé proche et le contexte urbain dans lequel il s'inscrit</line></par>
<par>
<line>+ de Phaser l'urbanisation à l'échelle de la ZAC en plusieurs tranches étalées dans le temps.</line></par>
</text>
</block>


















</page>
</OAP>