<?xml version="1.0" encoding="UTF-8"?><OAP>
<page width="2479" height="3508" resolution="300">
<block><region><rect/></region>
<text>
<par>
<line>PRINCIPE D'AMENAGEMENT DE LA ZONE UZ_zola</line></par>
</text>
</block>
<block blockType="Table" blockName="" l="236" t="276" r="1830" b="1843"><region><rect/></region>
<row>
<cell width="331" height="68">
<text>
<par>
<line>Surface</line></par>
</text></cell>
<cell width="1263" height="68">
<text>
<par>
<line>Environ 13 ha</line></par>
</text></cell></row>
<row>
<cell width="331" height="366">
<text>
<par>
<line>Situation</line></par>
<par>
<line>Contexte</line></par>
</text></cell>
<cell width="1263" height="366">
<text>
<par>
<line>La zone se situe à proximité immédiate du centre-ville sur l'axe de l'entrée</line>
<line>de ville ouest, au Sud de la rue Poincaré et en bordure ouest de la voie fer¬</line>
<line>rée.</line></par>
<par>
<line>L'aménagement de ce secteur s'inscrit dans le programme d'actions de</line>
<line>requalification du quartier de la gare approuvé par le conseil municipal en</line>
<line>date du 21 mai 2003 et réalisé par l'intermédiaire d'une Zone d'Aménage¬</line>
<line>ment Concerté dite ZAC Zola.</line></par>
</text></cell></row>
<row>
<cell width="331" height="116">
<text>
<par>
<line>Contrainte</line></par>
<par>
<line>particulière</line></par>
</text></cell>
<cell width="1263" height="116">
<text>
<par>
<line>Ce sont des friches à requalifier.</line></par>
</text></cell></row>
<row>
<cell width="331" height="1017">
<text>
<par>
<line>Type</line></par>
<par>
<line>d'urbanisation</line></par>
<par>
<line>attendue</line></par>
</text></cell>
<cell width="1263" height="1017">
<text>
<par>
<line>Pour la Ville, l'opération a 4 objectifs :</line></par>
<par>
<line>• revaloriser le quartier par la reconquête des friches SNCF ;</line></par>
<par>
<line>• désenclaver le secteur par rapport au centre-ville et aux quartiers envi¬</line></par>
<par>
<line>ronnants ;</line></par>
<par>
<line>• aménager des espaces verts de proximité dans le quartier ;</line></par>
<par>
<line>• densifier le site par la mixité de l'habitat et l'implantation d'activités ter¬</line></par>
<par>
<line>tiaires</line></par>
<par>
<line>A deux pas du centre-ville, le programme des constructions de la ZAC</line>
<line>est de 36 000 à 46 000 m^ maximum de surface de plancher, princi¬</line>
<line>palement destinés à l'usage d'habitat (logements en accession à la</line>
<line>propriété, logements locatifs, financements libres et aidés), et une pos¬</line>
<line>sibilité de surfaces de plancher à usage d'activités diverses (bureaux et</line>
<line>surfaces de proximité).</line></par>
<par>
<line>LaZACZolaferasecôtoyerpetitsimmeubles,maisonsindividuellesethabi-</line>
<line>tat intermédiaire, dans un environnement favorisant la qualité du cadre de</line>
<line>vie qui pourrait comprendre, à terme, plus de 500 logements, dont 20 % de</line>
<line>logements locatifs aidés.</line></par>
</text></cell></row>
</block>
<block><region><rect/></region>
<text>
<par/>
</text>
</block>
<block><region><rect/></region>
<text>
<par>
<line>11, ’V</line></par>
</text>
</block>
<block><region><rect/></region>
<text>
<par>
<line>1 'M</line></par>
</text>
</block>
<block><region><rect/></region>
<text>
<par>
<line>'W</line></par>
</text>
</block>
<block><region><rect/><rect/></region>
<text>
<par>
<line>! '</line></par>
</text>
</block>
<block><region><rect/></region>
<text>
<par/>
</text>
</block>
<block><region><rect/></region>
<text>
<par>
<line>V .</line></par>
</text>
</block>
<block><region><rect/></region>
<text>
<par>
<line>rii</line></par>
</text>
</block>
<block><region><rect/></region>
<text>
<par>
<line>—f</line></par>
</text>
</block>
<block><region><rect/></region>
<text>
<par>
<line>U :</line></par>
</text>
</block>
<block><region><rect/></region>
<text>
<par/>
</text>
</block>
<block><region><rect/></region>
<text>
<par/>
</text>
</block>
<block><region><rect/></region>
<text>
<par>
<line>V</line></par>
</text>
</block>
<block><region><rect/></region>
<text>
<par/>
</text>
</block>
<block><region><rect/></region>
<text>
<par/>
</text>
</block>
<block><region><rect/></region>
<text>
<par/>
</text>
</block>
<block><region><rect/></region>
<text>
<par>
<line>Plan Local d'Ur banisme La Roche-sur-Yo n ^ORIENTATIONS D'AMÉNAGEMENT p19</line></par>
</text>
</block>
<block><region><rect/></region>
<text>
<par>
<line>TA ■ ■ ■ ^</line></par>
<par>
<line>L'esprit pionnier 1-./A ■ ■ ■ ■ ^</line></par>
<par>
<line>ROCHE</line></par>
<par>
<line>suRvoN:::r</line></par>
</text>
</block>
<block><region><rect/></region>
<text>
<par/>
</text>
</block>
<block><region><rect/></region>
<text orientation="RotatedCounterclockwise">
<par>
<line>ORIENTATIONS D'AMÉNAGEMENT</line></par>
</text>
</block>








<block blockType="Picture" blockName="" l="167" t="3409" r="1229" b="3445"><region><rect/></region>
</block>
<block blockType="Picture" blockName="" l="1886" t="58" r="2424" b="3146"><region><rect/></region>
</block>
<block blockType="Picture" blockName="" l="162" t="3405" r="1233" b="3450"><region><rect/></region>
</block>
</page>
<page width="3508" height="2479" resolution="300">
<block><region><rect/></region>
<text orientation="RotatedClockwise">
<par>
<line>Plan Local d'Ur banisme La Roche-sur-Yo n ^ORIENTATIONS D'AMÉNAGEMENT p20</line></par>
</text>
</block>
<block><region><rect/></region>
<text>
<par>
<line>AMENAGEMENT DU SECTEUR ZOLA</line></par>
</text>
</block>
<block><region><rect/></region>
<text>
<par>
<line>J</line></par>
</text>
</block>
<block><region><rect/></region>
<text>
<par>
<line>X</line></par>
</text>
</block>
<block><region><rect/></region>
<text>
<par>
<line>4</line></par>
</text>
</block>
<block><region><rect/></region>
<text>
<par/>
</text>
</block>
<block><region><rect/></region>
<text>
<par/>
</text>
</block>
<block><region><rect/></region>
<text>
<par>
<line>s/</line></par>
</text>
</block>
<block><region><rect/><rect/></region>
<text>
<par>
<line>L^nde</line></par>
<par>
<line>iàaite</line></par>
<par>
<line>__ cflfre tranche Z «T frcndie 2</line></par>
</text>
</block>
<block><region><rect/></region>
<text>
<par/>
</text>
</block>
<block><region><rect/><rect/></region>
<text>
<par>
<line>en ï</line></par>
<par>
<line>ni</line></par>
</text>
</block>
<block><region><rect/></region>
<text>
<par>
<line>■ r</line></par>
</text>
</block>
<block><region><rect/></region>
<text>
<par/>
</text>
</block>
<block><region><rect/></region>
<text>
<par/>
</text>
</block>
<block><region><rect/></region>
<text>
<par/>
</text>
</block>
<block><region><rect/></region>
<text>
<par/>
</text>
</block>
<block><region><rect/></region>
<text>
<par>
<line>O</line></par>
</text>
</block>
<block><region><rect/></region>
<text>
<par>
<line>O</line></par>
</text>
</block>
<block><region><rect/></region>
<text>
<par>
<line>i</line></par>
</text>
</block>

















<block blockType="Picture" blockName="" l="63" t="167" r="99" b="315"><region><rect/></region>
</block>
<block blockType="Picture" blockName="" l="363" t="1886" r="3450" b="2424"><region><rect/></region>
</block>
</page>
<page width="3508" height="2479" resolution="300">
<block><region><rect/></region>
<text orientation="RotatedClockwise">
<par>
<line>Plan Local d'Ur banisme La Roche-sur-Yo n ^ORIENTATIONS D'AMÉNAGEMENT p21</line></par>
</text>
</block>
<block><region><rect/></region>
<text>
<par>
<line>LEGENDE</line></par>
</text>
</block>
<block><region><rect/></region>
<text>
<par/>
</text>
</block>
<block><region><rect/><rect/></region>
<text>
<par>
<line>en ï</line></par>
<par>
<line>^Qî</line></par>
<par>
<line>ni</line></par>
</text>
</block>
<block><region><rect/></region>
<text>
<par>
<line>■ ■ ^ ■ I</line></par>
</text>
</block>
<block><region><rect/><rect/><rect/></region>
<text>
<par>
<line>LEGENDE</line></par>
<par>
<line>Tracés et positions de principe</line></par>
<par>
<line>■ ■ Limites du secteur Zola</line></par>
<par>
<line>Limites des espaces destinés aux constructions (tracé indicatif)</line>
<line>czi Espaces à dominante végétale (position indicative)</line></par>
<par>
<line>“■■■Voie secondaire (tracé indicatif)</line></par>
<par>
<line>■■■■ Voies tertiaires (tracé indicatif)</line></par>
<par>
<line>Liaisons piétonnes et cyclables (tracé indicatif)</line></par>
</text>
</block>
<block><region><rect/></region>
<text>
<par/>
</text>
</block>
<block><region><rect/></region>
<text>
<par/>
</text>
</block>
<block><region><rect/></region>
<text>
<par/>
</text>
</block>
<block><region><rect/></region>
<text>
<par>
<line>n</line></par>
</text>
</block>
<block><region><rect/></region>
<text>
<par>
<line>«î</line></par>
</text>
</block>
<block><region><rect/></region>
<text>
<par>
<line>w</line></par>
</text>
</block>
<block><region><rect/></region>
<text>
<par/>
</text>
</block>
<block><region><rect/></region>
<text>
<par>
<line>%</line></par>
</text>
</block>
<block><region><rect/></region>
<text>
<par>
<line>%</line></par>
</text>
</block>
<block><region><rect/></region>
<text>
<par/>
</text>
</block>
<block><region><rect/></region>
<text>
<par>
<line>%</line></par>
</text>
</block>
<block><region><rect/></region>
<text>
<par>
<line>«</line></par>
</text>
</block>
<block><region><rect/></region>
<text>
<par/>
</text>
</block>
<block><region><rect/></region>
<text>
<par/>
</text>
</block>
<block><region><rect/></region>
<text>
<par/>
</text>
</block>
<block><region><rect/></region>
<text>
<par/>
</text>
</block>
<block><region><rect/></region>
<text>
<par/>
</text>
</block>
<block><region><rect/></region>
<text>
<par>
<line>i</line></par>
</text>
</block>
<block><region><rect/></region>
<text>
<par/>
</text>
</block>
<block><region><rect/></region>
<text>
<par/>
</text>
</block>
<block><region><rect/></region>
<text>
<par/>
</text>
</block>
<block><region><rect/></region>
<text>
<par>
<line>1</line></par>
</text>
</block>
<block><region><rect/></region>
<text>
<par/>
</text>
</block>
<block><region><rect/></region>
<text>
<par>
<line>w</line></par>
</text>
</block>
<block><region><rect/></region>
<text>
<par/>
</text>
</block>
<block><region><rect/></region>
<text>
<par/>
</text>
</block>
<block><region><rect/></region>
<text>
<par>
<line>•M</line></par>
</text>
</block>
<block><region><rect/></region>
<text>
<par/>
</text>
</block>
<block><region><rect/></region>
<text>
<par/>
</text>
</block>
<block><region><rect/></region>
<text>
<par/>
</text>
</block>
<block><region><rect/></region>
<text>
<par/>
</text>
</block>
<block><region><rect/></region>
<text>
<par/>
</text>
</block>
<block><region><rect/></region>
<text>
<par/>
</text>
</block>
<block><region><rect/></region>
<text>
<par/>
</text>
</block>
<block><region><rect/></region>
<text>
<par>
<line>%</line></par>
</text>
</block>
<block><region><rect/></region>
<text>
<par>
<line>4</line></par>
</text>
</block>
<block><region><rect/></region>
<text>
<par/>
</text>
</block>
<block><region><rect/></region>
<text>
<par/>
</text>
</block>
<block><region><rect/></region>
<text>
<par>
<line>♦</line></par>
</text>
</block>
<block><region><rect/></region>
<text>
<par/>
</text>
</block>
<block><region><rect/></region>
<text>
<par/>
</text>
</block>
<block><region><rect/></region>
<text>
<par/>
</text>
</block>
<block><region><rect/></region>
<text>
<par>
<line>\\</line></par>
</text>
</block>
<block><region><rect/></region>
<text>
<par/>
</text>
</block>
<block><region><rect/></region>
<text>
<par>
<line>N</line></par>
</text>
</block>
<block><region><rect/></region>
<text>
<par>
<line>4</line></par>
</text>
</block>
<block><region><rect/></region>
<text>
<par/>
</text>
</block>
<block><region><rect/></region>
<text>
<par>
<line>\</line></par>
</text>
</block>
<block><region><rect/></region>
<text>
<par/>
</text>
</block>
<block><region><rect/></region>
<text>
<par>
<line>if</line></par>
</text>
</block>
<block><region><rect/></region>
<text>
<par/>
</text>
</block>
<block><region><rect/></region>
<text>
<par>
<line>s,</line></par>
</text>
</block>
<block><region><rect/></region>
<text>
<par/>
</text>
</block>
<block><region><rect/></region>
<text>
<par>
<line>•••fc</line></par>
</text>
</block>
<block><region><rect/></region>
<text>
<par>
<line>%</line></par>
</text>
</block>
<block><region><rect/></region>
<text>
<par/>
</text>
</block>
<block><region><rect/></region>
<text>
<par>
<line>X</line></par>
</text>
</block>
<block><region><rect/></region>
<text>
<par>
<line>%</line></par>
</text>
</block>
<block><region><rect/></region>
<text>
<par/>
</text>
</block>
<block><region><rect/></region>
<text>
<par>
<line>î*</line></par>
</text>
</block>
<block><region><rect/></region>
<text>
<par/>
</text>
</block>
<block><region><rect/></region>
<text>
<par/>
</text>
</block>
<block><region><rect/></region>
<text>
<par/>
</text>
</block>
<block><region><rect/></region>
<text>
<par>
<line>%</line></par>
</text>
</block>
<block><region><rect/></region>
<text>
<par>
<line>%</line></par>
</text>
</block>
<block><region><rect/></region>
<text>
<par/>
</text>
</block>
<block><region><rect/></region>
<text>
<par>
<line>**</line></par>
</text>
</block>
<block><region><rect/></region>
<text>
<par/>
</text>
</block>
<block><region><rect/></region>
<text>
<par>
<line>%</line></par>
</text>
</block>
<block><region><rect/></region>
<text>
<par/>
</text>
</block>
<block><region><rect/></region>
<text>
<par/>
</text>
</block>
<block><region><rect/></region>
<text>
<par/>
</text>
</block>
<block><region><rect/></region>
<text>
<par>
<line>%</line></par>
</text>
</block>
<block><region><rect/></region>
<text>
<par/>
</text>
</block>
<block><region><rect/></region>
<text>
<par/>
</text>
</block>
<block><region><rect/></region>
<text>
<par>
<line>&gt;</line></par>
</text>
</block>
<block><region><rect/></region>
<text>
<par>
<line>%</line></par>
</text>
</block>
<block><region><rect/></region>
<text>
<par/>
</text>
</block>
<block><region><rect/></region>
<text>
<par>
<line>Espaces publics à conserver,</line>
<line>à modifier et à créer</line></par>
</text>
</block>
<block><region><rect/></region>
<text>
<par>
<line>Composition urbaine</line></par>
<par>
<line>Alignement obligatoire (applicable aux</line>
<line>constructions de hauteur supérieure à R+1)</line></par>
<par>
<line>Recul minimal de 3 mètres et maximal de 5 mètres</line></par>
<par>
<line>Recul minimal défini en fonction de la hauteur</line>
<line>des constructions</line></par>
<par>
<line>Orientation dominante des façades principales</line>
<line>(elles doivent être parallèles à cette ligne)</line></par>
</text>
</block>
<block><region><rect/></region>
<text>
<par>
<line>Hauteurs maximum autorisées</line></par>
<par>
<line>L.. i R+1+Attique</line>
<line>ùR+2+Attique</line>
<line>R+3+Attique</line></par>
</text>
</block>
<block><region><rect/><rect/></region>
<text>
<par>
<line>DOCUMENT ôfMPHIQüE</line>
<line>OISPOSmONS SPECIFIQl/ES AU SECTEUR ZOLA</line></par>
</text>
</block>
<block><region><rect/><rect/></region>
<text>
<par>
<line>JUIN 2003</line>
<line>Echelle l/2000èn\e</line></par>
</text>
</block>
<block><region><rect/></region>
<text>
<par/>
</text>
</block>
<block><region><rect/></region>
<text>
<par>
<line>9^</line></par>
</text>
</block>
<block><region><rect/></region>
<text>
<par>
<line>O</line></par>
</text>
</block>
<block><region><rect/></region>
<text>
<par>
<line>O</line></par>
</text>
</block>
<block><region><rect/></region>
<text>
<par>
<line>i</line></par>
</text>
</block>















<block blockType="Picture" blockName="" l="63" t="167" r="99" b="315"><region><rect/></region>
</block>
<block blockType="Picture" blockName="" l="363" t="1886" r="3450" b="2424"><region><rect/></region>
</block>
</page>
</OAP>