<?xml version="1.0" encoding="UTF-8"?><OAP>
<page width="2339" height="1653" resolution="200">
<block><region><rect/></region>
<text>
<par>
<line>Secteur "Le Marais Doux"</line></par>
<par>
<line>Orientation d'Aménagement ei de Programmation</line></par>
</text>
</block>
<block><region><rect/></region>
<text>
<par>
<line>Situé dans la péripMiie</line>
<line>immédiate de la polarité du</line>
<line>centre-bourg, le sire s'étend entre</line>
<line>la rue des Paludiers et la rue du</line>
<line>Marais Doux.</line></par>
<par>
<line>Il est destiné à accueillit de</line>
<line>l'habitat individuel et</line>
<line>mtetmédioire.</line></par>
</text>
</block>
<block><region><rect/></region>
<text>
<par>
<line>Enjeux/ Objectifs</line></par>
<par>
<line>&gt; Densifier le tissu existant situé à proximité</line>
<line>de la polarité du centre-bourg et desservir des</line>
<line>parcelles enclavées ;</line></par>
<par>
<line>&gt; Programmer un quartier d'habitat favorisant</line>
<line>la mixité sociale par une offre de logements diversifiés ;</line></par>
<par>
<line>&gt; Développer les liaisons inter-îlots en</line>
<line>connectant le site par des cheminements doux,</line>
<line>notamment en direction du centre-bourg.</line></par>
<par>
<line>DiPOSmONS RELATIVES AU SCHÉMA D'ORtEhfTATION</line></par>
<par>
<line>&gt; Création de logements dont 20% de</line>
<line>logements locatifs sociaux ;</line></par>
<par>
<line>&gt; Préserver et conforter les boisements et les</line>
<line>haies intéressantes;</line></par>
<par>
<line>&gt; Privilégier le prolongement des axes</line>
<line>existants pour desservir le site ;</line></par>
<par>
<line>&gt; Préserver et conforter les jardins potagers</line>
<line>situés au nord du site.</line></par>
<par>
<line>Programmation</line></par>
<par>
<line>Surface : 7,8 ha {dont 0,75 ha estimé d'espace vert et de</line>
<line>bassin paysager)</line></par>
<par>
<line>Logements estimés : 250</line></par>
</text>
</block>
<block><region><rect/></region>
<text>
<par>
<line>i.î&gt; "1</line></par>
</text>
</block>
<block><region><rect/></region>
<text>
<par>
<line>-A</line></par>
</text>
</block>
<block><region><rect/></region>
<text>
<par/>
</text>
</block>
<block><region><rect/></region>
<text>
<par>
<line>/ ..</line></par>
</text>
</block>
<block><region><rect/></region>
<text>
<par>
<line>1' - J »</line></par>
</text>
</block>
<block><region><rect/></region>
<text>
<par/>
</text>
</block>
<block><region><rect/></region>
<text>
<par>
<line>: /€.</line></par>
</text>
</block>
<block><region><rect/></region>
<text>
<par/>
</text>
</block>
<block><region><rect/></region>
<text>
<par/>
</text>
</block>
<block><region><rect/></region>
<text>
<par>
<line>' .r</line></par>
</text>
</block>
<block><region><rect/></region>
<text>
<par/>
</text>
</block>
<block><region><rect/></region>
<text>
<par>
<line>Perimérre de l'orientation</line>
<line>d'aménagement</line></par>
</text>
</block>
<block><region><rect/></region>
<text>
<par>
<line>&gt; AFFEaATIONS DES SOLS</line></par>
</text>
</block>
<block><region><rect/></region>
<text>
<par>
<line>&gt; Déplacements</line></par>
</text>
</block>
<block><region><rect/></region>
<text>
<par>
<line>Secteur à dominante d'habitat</line>
<line>individuel et intermédiaire</line></par>
</text>
</block>
<block><region><rect/></region>
<text>
<par>
<line>Principe voirie interne principale</line></par>
</text>
</block>
<block><region><rect/></region>
<text>
<par>
<line>- - - » &gt; Princpipe voirie interne secondaire</line></par>
</text>
</block>
<block><region><rect/></region>
<text>
<par>
<line>Secteur a dominante d’habitat</line>
<line>collectif et intermédiaire</line></par>
<par>
<line>Aménagement arboré à développer -</line>
<line>périmètre à préciser en phase projet</line></par>
</text>
</block>
<block><region><rect/></region>
<text>
<par>
<line>Carrefour à aménager</line></par>
</text>
</block>
<block><region><rect/></region>
<text>
<par>
<line>Voie à requalifier</line></par>
</text>
</block>
<block><region><rect/></region>
<text>
<par>
<line>ÿ Liaison piétonne</line></par>
</text>
</block>
<block><region><rect/></region>
<text>
<par>
<line>LI CITADIA</line></par>
</text>
</block>
<block><region><rect/></region>
<text>
<par/>
</text>
</block>
<block><region><rect/></region>
<text>
<par>
<line>Ll CITADIA</line></par>
</text>
</block>
<block><region><rect/></region>
<text>
<par>
<line>&gt;Plan Local d'Urbanisme &gt; 4.0i'ient3tions d'Aménagement et de Progiammation</line></par>
</text>
</block>









</page>
</OAP>