<?xml version="1.0" encoding="UTF-8"?><OAP>
<page width="3524" height="2502" resolution="300">
<block><region><rect/></region>
<text>
<par>
<line>SECTEUR RUE DES MURIERS (diagnostic)</line></par>
</text>
</block>
<block><region><rect/></region>
<text>
<par>
<line>Etat Initial du Site</line></par>
</text>
</block>
<block blockType="Table" blockName="" l="268" t="512" r="2133" b="2100"><region><rect/></region>
<row>
<cell width="648" height="103">
<text>
<par>
<line>Contexte et localisation</line></par>
</text></cell>
<cell width="1217" height="103">
<text>
<par>
<line>Zone occupée par une activité artisanaie</line></par>
</text></cell></row>
<row>
<cell width="648" height="100">
<text>
<par>
<line>Surface</line></par>
</text></cell>
<cell width="1217" height="100">
<text>
<par>
<line>0.3ha</line></par>
</text></cell></row>
<row>
<cell width="648" height="97">
<text>
<par>
<line>Zonage PLU n°l</line></par>
</text></cell>
<cell width="1217" height="97">
<text>
<par>
<line>Zone UB</line></par>
</text></cell></row>
<row>
<cell width="648" height="102">
<text>
<par>
<line>Zonage PLU n°2</line></par>
</text></cell>
<cell width="1217" height="102">
<text>
<par>
<line>UB</line></par>
</text></cell></row>
<row>
<cell width="648" height="195">
<text>
<par>
<line>Densité minimale fixée par le</line>
<line>PADD (voirie et espaces publics</line>
<line>inclus)</line></par>
</text></cell>
<cell width="1217" height="195">
<text>
<par>
<line>15 logements / hectare</line></par>
</text></cell></row>
<row>
<cell width="648" height="150">
<text>
<par>
<line>Potentiel minimal constructible</line>
<line>en nombre de logements</line></par>
</text></cell>
<cell width="1217" height="150">
<text>
<par>
<line>5 logements</line></par>
</text></cell></row>
<row>
<cell width="648" height="100">
<text>
<par>
<line>Biodiversité</line></par>
</text></cell>
<cell width="1217" height="100">
<text>
<par>
<line>Absence d'élément significatif</line></par>
</text></cell></row>
<row>
<cell width="648" height="100">
<text>
<par>
<line>Agriculture</line></par>
</text></cell>
<cell width="1217" height="100">
<text>
<par>
<line>-</line></par>
</text></cell></row>
<row>
<cell width="648" height="150">
<text>
<par>
<line>Gestion de l'eau &amp; réseaux</line></par>
</text></cell>
<cell width="1217" height="150">
<text>
<par>
<line>Secteur desservi par l'assainissement collectif (zonage</line>
<line>d'assainissement)</line></par>
</text></cell></row>
<row>
<cell width="648" height="163">
<text>
<par>
<line>Paysage &amp; Patrimoine</line></par>
</text></cell>
<cell width="1217" height="163">
<text>
<par>
<line>Vue sur le clocher depuis la rue des Mûriers</line></par>
</text></cell></row>
<row>
<cell width="648" height="100">
<text>
<par>
<line>Risques &amp; Nuisances</line></par>
</text></cell>
<cell width="1217" height="100">
<text>
<par>
<line>/</line></par>
</text></cell></row>
<row>
<cell width="648" height="228">
<text>
<par>
<line>Mobilité 8c Modes doux</line></par>
</text></cell>
<cell width="1217" height="228">
<text>
<par>
<line>Eloignement relatif du bourg / Pas de possibilités de connections à</line>
<line>des sentiers modes doux existants. Chemin d'accès existant</line></par>
</text></cell></row>
</block>
<block><region><rect/></region>
<text>
<par>
<line>Ll CITADIA</line></par>
</text>
</block>
<block><region><rect/></region>
<text>
<par>
<line>&gt; Plan Local dVrbanisme &gt; 3.0AP</line></par>
</text>
</block>



















</page>
<page width="2343" height="1658" resolution="200">
<block><region><rect/></region>
<text>
<par>
<line>SECTEUR RUE DES MURIERS (OAP)</line></par>
</text>
</block>
<block><region><rect/></region>
<text>
<par>
<line>Principes urbain, paysager et environnemental</line></par>
</text>
</block>
<block><region><rect/></region>
<text>
<par>
<line>Cette opération devra faire l'objet d'un aménagement d'ensemble</line>
<line>respectant ies dispositions ci-dessous en matière d'accès et entraînant ia</line>
<line>création d'un minimum de 5 logements. En adéquation avec la</line>
<line>règlement de la zone UB, les bâtiments d'activité existants à la date</line>
<line>d'approbation du PLU sont susceptibles d'évoluer (extensions,</line>
<line>annexes...) dans la limite de 100% de la surface de plancher existante</line>
<line>existante à la date d'approbation du PLU.</line></par>
</text>
</block>
<block><region><rect/></region>
<text>
<par>
<line>l€ CITADIA</line></par>
</text>
</block>
<block><region><rect/></region>
<text>
<par>
<line>- Plan Local dVrbanisme &gt; 3.OAP</line></par>
</text>
</block>





</page>
<page width="2349" height="1668" resolution="200">
<block><region><rect/></region>
<text>
<par/>
</text>
</block>
<block><region><rect/></region>
<text>
<par/>
</text>
</block>
<block><region><rect/></region>
<text>
<par>
<line>r •* -tjr-</line></par>
</text>
</block>
<block><region><rect/></region>
<text>
<par>
<line>.A</line></par>
</text>
</block>
<block><region><rect/></region>
<text>
<par/>
</text>
</block>
<block><region><rect/></region>
<text>
<par/>
</text>
</block>
<block><region><rect/></region>
<text>
<par>
<line>X.</line></par>
</text>
</block>
<block><region><rect/></region>
<text>
<par/>
</text>
</block>
<block><region><rect/></region>
<text>
<par>
<line>::Syi^y</line></par>
</text>
</block>
<block><region><rect/></region>
<text>
<par/>
</text>
</block>
<block><region><rect/></region>
<text>
<par/>
</text>
</block>
<block><region><rect/></region>
<text>
<par>
<line>fs^</line></par>
</text>
</block>
<block><region><rect/></region>
<text>
<par>
<line>vriV</line></par>
</text>
</block>
<block><region><rect/></region>
<text>
<par>
<line>•»</line></par>
</text>
</block>
<block><region><rect/></region>
<text>
<par/>
</text>
</block>
<block><region><rect/></region>
<text>
<par/>
</text>
</block>
<block><region><rect/></region>
<text>
<par/>
</text>
</block>
<block><region><rect/></region>
<text>
<par/>
</text>
</block>
<block><region><rect/></region>
<text>
<par/>
</text>
</block>
<block><region><rect/></region>
<text>
<par/>
</text>
</block>
<block><region><rect/></region>
<text>
<par/>
</text>
</block>
<block><region><rect/></region>
<text>
<par>
<line>v3</line></par>
</text>
</block>
<block><region><rect/></region>
<text>
<par>
<line>/</line></par>
</text>
</block>
<block><region><rect/></region>
<text>
<par>
<line>ir</line></par>
</text>
</block>
<block><region><rect/></region>
<text>
<par>
<line>r</line></par>
</text>
</block>
<block><region><rect/></region>
<text>
<par>
<line>v^</line></par>
</text>
</block>
<block><region><rect/></region>
<text>
<par>
<line>81</line></par>
</text>
</block>
<block><region><rect/></region>
<text>
<par>
<line>y</line></par>
</text>
</block>
<block><region><rect/></region>
<text>
<par>
<line>lijcac</line></par>
</text>
</block>
<block><region><rect/></region>
<text>
<par>
<line>Ll CITADIA</line></par>
</text>
</block>
<block><region><rect/></region>
<text>
<par>
<line>&gt; Plan Local d'Urbanisme &gt; 3.0AP</line></par>
</text>
</block>
<block><region><rect/></region>
<text orientation="RotatedCounterclockwise">
<par/>
</text>
</block>
<block><region><rect/></region>
<text>
<par>
<line>• %</line></par>
</text>
</block>
<block><region><rect/></region>
<text>
<par>
<line>DéhmitâClOf» Ou oenm^tre</line></par>
</text>
</block>
<block><region><rect/></region>
<text>
<par>
<line>D&gt;</line></par>
</text>
</block>
<block><region><rect/></region>
<text>
<par>
<line>pnncipe 6 accès a &gt;a zone</line></par>
</text>
</block>
<block><region><rect/></region>
<text>
<par>
<line>Desserre interne</line></par>
</text>
</block>
<block><region><rect/></region>
<text>
<par/>
</text>
</block>
<block><region><rect/></region>
<text>
<par>
<line>O</line></par>
</text>
</block>
<block><region><rect/></region>
<text>
<par>
<line>ümitabon de la consommation</line>
<line>d'esoace ( IS lOQ/ha mimmom)</line></par>
<par>
<line>Bande paysagée (rôle tampon) à</line>
<line>créer tors de l'aménagement de la</line>
<line>zone</line></par>
</text>
</block>
<block><region><rect/></region>
<text>
<par>
<line>Pnncipe de valonsation des apports</line>
<line>solaires</line></par>
</text>
</block>
<block><region><rect/></region>
<text>
<par>
<line>Sourüts : BÛ ort/K, cadastre DGI</line></par>
</text>
</block>











<block blockType="Picture" blockName="" l="262" t="315" r="1992" b="1512"><region><rect/></region>
</block>
</page>
</OAP>