<?xml version="1.0" encoding="UTF-8"?><OAP>
<page width="3307" height="4677" resolution="400">
<block><region><rect/></region>
<text>
<par>
<line>Territoire de Belfort</line></par>
<par>
<line>Commune de FRAIS</line></par>
</text>
</block>
<block><region><rect/><rect/><rect/><rect/></region>
<text>
<par>
<line>Dossier annexé à la délibération du Conseil Municipal du</line>
<line>.2017</line></par>
</text>
</block>
<block><region><rect/></region>
<text>
<par/>
</text>
</block>
<block><region><rect/></region>
<text>
<par>
<line>Le Maire</line></par>
<par>
<line>Miltiade Constantakatos</line></par>
</text>
</block>
<block><region><rect/></region>
<text>
<par/>
</text>
</block>
<block><region><rect/></region>
<text>
<par/>
</text>
</block>
<block><region><rect/></region>
<text>
<par>
<line>w</line></par>
</text>
</block>
<block><region><rect/></region>
<text>
<par>
<line>nu</line></par>
</text>
</block>
<block><region><rect/></region>
<text>
<par>
<line>Difll</line></par>
</text>
</block>
<block><region><rect/></region>
<text>
<par>
<line>I</line></par>
</text>
</block>
<block><region><rect/></region>
<text>
<par/>
</text>
</block>
<block><region><rect/></region>
<text>
<par/>
</text>
</block>
<block><region><rect/></region>
<text>
<par>
<line>Plan Local</line></par>
</text>
</block>
<block><region><rect/></region>
<text>
<par>
<line>d Urbanisme</line></par>
</text>
</block>
<block><region><rect/><rect/></region>
<text>
<par>
<line>3 - Orientations Sectorielles d’Aménagement</line></par>
<par>
<line>et de Programmation</line></par>
</text>
</block>
<block><region><rect/></region>
<text>
<par>
<line>Aurélien TISSOT ^</line></par>
<par>
<line>RBANISME - AMENAGEMENT - FONCIER</line>
<line>CityParc - 6, Rue Claude Chappe</line>
<line>25300 PONTARLIER</line>
<line>Tél : 03 81 46 75 32 - Fax : 09 66 97 35 45</line>
<line>Email : aurelien.tissot@geometre-expert.fr</line></par>
</text>
</block>
<block><region><rect/></region>
<text>
<par>
<line>Approbation</line>
<line>Février 2017</line></par>
</text>
</block>












<block blockType="Picture" blockName="" l="70" t="3609" r="344" b="4121"><region><rect/></region>
</block>
</page>
<page width="2481" height="3508" resolution="300">
<block><region><rect/></region>
<text>
<par>
<line>P REAMBULE</line></par>
</text>
</block>
<block><region><rect/></region>
<text>
<par>
<line>Article L 151-2:</line></par>
</text>
</block>
<block><region><rect/></region>
<text>
<par>
<line>Le plan local d'urbanisme comprend :</line></par>
<par>
<line>1° Un rapport de présentation ;</line></par>
<par>
<line>2° Un projet d'aménagement et de développement durables ;</line></par>
<par>
<line>3° Des orientations d'aménagement et de programmation ;</line></par>
<par>
<line>4° Un règlement;</line></par>
<par>
<line>5° Des annexes.</line></par>
<par>
<line>Chacun de ces éléments peut comprendre un ou plusieurs documents graphiques. Ces documents graphiques peuvent</line>
<line>contenir des Indications relatives au relief des espaces auxquels II s'applique.</line></par>
</text>
</block>
<block><region><rect/></region>
<text>
<par>
<line>Articles L 151-6 et L151-7</line></par>
</text>
</block>
<block><region><rect/></region>
<text>
<par>
<line>Les orientations d'aménagement et de programmation comprennent, en cohérence avec le projet d'aménagement et</line>
<line>de développement durables, des dispositions portant sur l'aménagement, l'habitat, les transports et les</line>
<line>déplacements.</line></par>
<par>
<line>Les orientations d'aménagement et de programmation peuvent notamment :</line></par>
<par>
<line>1° Définir les actions et opérations nécessaires pour mettre en valeur l'environnement, notamment les continuités</line>
<line>écologiques, les paysages, les entrées de villes et le patrimoine, lutter contre l'Insalubrité, permettre le</line>
<line>renouvellement urbain et assurer le développement de la commune ;</line></par>
<par>
<line>2° Favoriser la mixité fonctionnelle en prévoyant qu'en cas de réalisation d'opérations d'aménagement, de</line>
<line>construction ou de réhabilitation un pourcentage de ces opérations est destiné à la réalisation de commerces ;</line></par>
<par>
<line>3° Comporter un échéancier prévisionnel de l'ouverture à l'urbanisation des zones à urbaniser et de la réalisation des</line>
<line>équipements correspondants ;</line></par>
<par>
<line>4° Porter sur des quartiers ou des secteurs à mettre en valeur, réhabiliter, restructurer ou aménager ;</line></par>
<par>
<line>5° Prendre la forme de schémas d'aménagement et préciser les principales caractéristiques des voles et espaces</line>
<line>publics ;</line></par>
<par>
<line>6° Adapter la délimitation des périmètres, en fonction de la qualité de la desserte, où s'applique le plafonnement à</line>
<line>proximité des transports prévu aux articles L. 151-35 et L. 151-36.</line></par>
</text>
</block>
<block><region><rect/></region>
<text>
<par>
<line>2</line></par>
</text>
</block>
<block><region><rect/></region>
<text>
<par>
<line>PLU de FRAIS</line></par>
</text>
</block>
</page>
<page width="2481" height="3508" resolution="300">
<block><region><rect/></region>
<text>
<par>
<line>Les orientations d'aménagement et de programmation prévues dans le Plan Local d'Urbanisme de</line>
<line>FRAIS portent sur :</line></par>
</text>
</block>
<block><region><rect/></region>
<text>
<par>
<line>1- Gestion des accès sur la rue de la Saint Nicolas</line></par>
<par>
<line>&amp; Aménagement de la zone urbaine Rue des Vosges.4</line></par>
<par>
<line>2- Principe de desserte et d'aménagement de la zone urbaine Rue Saint Nicolas.5</line></par>
<par>
<line>3- Aménagement des zones à urbaniser Au Devant la Ville.6</line></par>
<par>
<line>4- Développement du réseau de liaisons douces.8</line></par>
<par>
<line>5- Compensation des atteintes aux zones humides.10</line></par>
<par>
<line>6- Annexe : Mesures compensatoires pour destruction de zones humides</line></par>
<par>
<line>dans le cadre du PLU de FRAIS.10</line></par>
</text>
</block>
<block><region><rect/></region>
<text>
<par>
<line>Orientations sectorielles d’aménagement et de programmation</line></par>
</text>
</block>






</page>
<page width="2481" height="3508" resolution="300">
<block><region><rect/></region>
<text>
<par>
<line>1-Gestion des accès sur la rue de la Saint Nicolas</line>
<line>&amp; Aménagement de la zone urbaine Rue des Vosges</line></par>
</text>
</block>
<block><region><rect/></region>
<text>
<par/>
</text>
</block>
<block><region><rect/></region>
<text>
<par/>
</text>
</block>
<block><region><rect/></region>
<text>
<par>
<line>f</line></par>
</text>
</block>
<block><region><rect/></region>
<text>
<par>
<line>4</line></par>
</text>
</block>
<block><region><rect/></region>
<text>
<par>
<line>ri</line></par>
</text>
</block>
<block><region><rect/></region>
<text>
<par/>
</text>
</block>
<block><region><rect/></region>
<text>
<par>
<line>181</line></par>
</text>
</block>
<block><region><rect/></region>
<text>
<par/>
</text>
</block>
<block><region><rect/></region>
<text>
<par>
<line>es</line></par>
</text>
</block>
<block><region><rect/></region>
<text>
<par/>
</text>
</block>
<block><region><rect/></region>
<text>
<par>
<line>es</line></par>
</text>
</block>
<block><region><rect/></region>
<text>
<par>
<line>des</line></par>
</text>
</block>
<block><region><rect/></region>
<text>
<par/>
</text>
</block>
<block><region><rect/></region>
<text>
<par/>
</text>
</block>
<block><region><rect/></region>
<text>
<par/>
</text>
</block>
<block><region><rect/></region>
<text>
<par>
<line>-</line></par>
</text>
</block>
<block><region><rect/></region>
<text>
<par/>
</text>
</block>
<block><region><rect/></region>
<text>
<par>
<line>VILLAG</line></par>
</text>
</block>
<block><region><rect/></region>
<text>
<par/>
</text>
</block>
<block><region><rect/></region>
<text>
<par/>
</text>
</block>
<block><region><rect/></region>
<text>
<par>
<line>/</line></par>
</text>
</block>
<block><region><rect/></region>
<text>
<par>
<line>U</line></par>
</text>
</block>
<block><region><rect/></region>
<text>
<par>
<line>K</line></par>
</text>
</block>
<block><region><rect/></region>
<text>
<par/>
</text>
</block>
<block><region><rect/></region>
<text>
<par/>
</text>
</block>
<block><region><rect/></region>
<text>
<par>
<line>habita</line></par>
</text>
</block>
<block><region><rect/></region>
<text>
<par/>
</text>
</block>
<block><region><rect/></region>
<text>
<par>
<line>V &gt;5</line></par>
</text>
</block>
<block><region><rect/></region>
<text>
<par/>
</text>
</block>
<block><region><rect/></region>
<text>
<par>
<line>yî</line></par>
</text>
</block>
<block><region><rect/></region>
<text>
<par>
<line>b'</line></par>
</text>
</block>
<block><region><rect/></region>
<text>
<par/>
</text>
</block>
<block><region><rect/></region>
<text>
<par/>
</text>
</block>
<block><region><rect/></region>
<text>
<par>
<line>S»#»</line></par>
</text>
</block>
<block><region><rect/></region>
<text>
<par>
<line>F -</line></par>
</text>
</block>
<block><region><rect/></region>
<text>
<par/>
</text>
</block>
<block><region><rect/></region>
<text>
<par/>
</text>
</block>
<block><region><rect/></region>
<text>
<par/>
</text>
</block>
<block><region><rect/></region>
<text>
<par>
<line>‘Sq</line></par>
</text>
</block>
<block><region><rect/></region>
<text>
<par/>
</text>
</block>
<block><region><rect/></region>
<text>
<par>
<line>^Uec/</line></par>
</text>
</block>
<block><region><rect/></region>
<text>
<par>
<line>A/so,</line></par>
</text>
</block>
<block><region><rect/></region>
<text>
<par>
<line>ce</line></par>
</text>
</block>
<block><region><rect/></region>
<text>
<par/>
</text>
</block>
<block><region><rect/></region>
<text>
<par>
<line>Accès autorisé</line></par>
</text>
</block>
<block><region><rect/></region>
<text>
<par>
<line>■ I</line></par>
</text>
</block>
<block><region><rect/></region>
<text>
<par>
<line>Nouvel accès rue de la</line>
<line>Saint Nicolas interdit</line></par>
</text>
</block>
<block><region><rect/></region>
<text>
<par>
<line>t</line></par>
<par>
<line>N</line></par>
<par>
<line>I</line></par>
</text>
</block>
<block><region><rect/></region>
<text>
<par>
<line>Echelle approximative</line>
<line>l/1500ième</line></par>
</text>
</block>
<block><region><rect/></region>
<text>
<par>
<line>En raison de la configuration des carrefours entre les rues d'Alsace, de la Saint Nicolas et des</line>
<line>Vosges, les nouveaux accès sur la rue de la Saint Nicolas et la rue d'Alsace sont interdits aux endroits</line>
<line>précisés sur le schéma ci-dessus.</line></par>
<par>
<line>L'accès (î) existant pourra être conservé. Il pourra être utilisé pour la desserte de plusieurs</line>
<line>constructions.</line></par>
<par>
<line>La parcelle 43 au droit des rues des Vosges et de la Saint Nicolas pourra être desservie par des accès</line>
<line>donnant sur la rue des Vosges. Leur nombre n'est pas limité et leur position n'est pas fixée. Toutefois, leur</line>
<line>emplacement devra permettre d'exécuter en toute sécurité les manoeuvres d'entrée et de sortie des</line>
<line>futures parcelles bâties.</line></par>
</text>
</block>
<block><region><rect/></region>
<text>
<par>
<line>Le gabarit des accès n'est pas définit et dépendra des contraintes des lieux, des projets de</line>
<line>constructions. Il pourra s'agir d'accès communs suffisamment large pour desservir plusieurs terrains à bâtir</line>
<line>ou plusieurs constructions.</line></par>
</text>
</block>
<block><region><rect/></region>
<text>
<par>
<line>4</line></par>
</text>
</block>
<block><region><rect/></region>
<text>
<par>
<line>PLU de FRAIS</line></par>
</text>
</block>






















<block blockType="Picture" blockName="" l="1018" t="1684" r="1133" b="1724"><region><rect/></region>
</block>
<block blockType="Picture" blockName="" l="514" t="1031" r="581" b="1105"><region><rect/></region>
</block>
<block blockType="Picture" blockName="" l="1805" t="631" r="2409" b="1043"><region><rect/></region>
</block>
</page>
<page width="2481" height="3508" resolution="300">
<block><region><rect/></region>
<text>
<par>
<line>2-Principe de desserte et d'aménagement de la</line>
<line>zone urbaine Rue Saint Nicolas</line></par>
</text>
</block>
<block><region><rect/></region>
<text>
<par>
<line>#</line></par>
</text>
</block>
<block><region><rect/></region>
<text>
<par/>
</text>
</block>
<block><region><rect/></region>
<text>
<par>
<line>f</line></par>
</text>
</block>
<block><region><rect/></region>
<text>
<par>
<line>ri</line></par>
</text>
</block>
<block><region><rect/></region>
<text>
<par/>
</text>
</block>
<block><region><rect/></region>
<text>
<par>
<line>»</line></par>
</text>
</block>
<block><region><rect/></region>
<text>
<par>
<line>4</line></par>
</text>
</block>
<block><region><rect/></region>
<text>
<par/>
</text>
</block>
<block><region><rect/></region>
<text>
<par>
<line>O</line></par>
</text>
</block>
<block><region><rect/></region>
<text>
<par/>
</text>
</block>
<block><region><rect/></region>
<text>
<par>
<line>&gt;5</line></par>
</text>
</block>
<block><region><rect/></region>
<text>
<par/>
</text>
</block>
<block><region><rect/></region>
<text>
<par>
<line>«</line></par>
</text>
</block>
<block><region><rect/></region>
<text>
<par/>
</text>
</block>
<block><region><rect/></region>
<text>
<par/>
</text>
</block>
<block><region><rect/></region>
<text>
<par>
<line>r.é</line></par>
</text>
</block>
<block><region><rect/></region>
<text>
<par/>
</text>
</block>
<block><region><rect/></region>
<text>
<par/>
</text>
</block>
<block><region><rect/></region>
<text>
<par/>
</text>
</block>
<block><region><rect/></region>
<text>
<par>
<line>S.</line></par>
</text>
</block>
<block><region><rect/></region>
<text>
<par/>
</text>
</block>
<block><region><rect/></region>
<text>
<par>
<line>A</line></par>
</text>
</block>
<block><region><rect/></region>
<text>
<par/>
</text>
</block>
<block><region><rect/></region>
<text>
<par>
<line>hiabita</line></par>
</text>
</block>
<block><region><rect/></region>
<text>
<par/>
</text>
</block>
<block><region><rect/></region>
<text>
<par>
<line>►</line></par>
</text>
</block>
<block><region><rect/></region>
<text>
<par>
<line>25</line></par>
</text>
</block>
<block><region><rect/></region>
<text>
<par/>
</text>
</block>
<block><region><rect/></region>
<text>
<par>
<line>I</line></par>
</text>
</block>
<block><region><rect/></region>
<text>
<par/>
</text>
</block>
<block><region><rect/></region>
<text>
<par/>
</text>
</block>
<block><region><rect/><rect/><rect/></region>
<text>
<par/>
</text>
</block>
<block><region><rect/></region>
<text>
<par>
<line>K</line></par>
</text>
</block>
<block><region><rect/></region>
<text>
<par>
<line>L</line></par>
</text>
</block>
<block><region><rect/></region>
<text>
<par/>
</text>
</block>
<block><region><rect/></region>
<text>
<par>
<line>44</line></par>
</text>
</block>
<block><region><rect/></region>
<text>
<par>
<line>Les deux accès possibles sur</line>
<line>la rue de la Saint Nicolas</line></par>
</text>
</block>
<block><region><rect/></region>
<text>
<par>
<line>t</line></par>
<par>
<line>N</line></par>
<par>
<line>I</line></par>
</text>
</block>
<block><region><rect/></region>
<text>
<par>
<line>Echelle approximative</line>
<line>l/1500ième</line></par>
</text>
</block>
<block><region><rect/></region>
<text>
<par>
<line>Pour aménager la zone urbaine située en bordure Est de la rue de la Saint Nicolas et quasiment en</line>
<line>face de la rue des Vosges, seules deux dessertes (î) et (?) seront admises sur la rue de la Saint Nicolas.</line></par>
<par>
<line>Le premier accès admis (î) est localisé au niveau de la desserte actuelle des maisons riveraines @</line></par>
<par>
<line>et ©.</line></par>
</text>
</block>
<block><region><rect/></region>
<text>
<par>
<line>Le second accès (?) est à déterminer selon les contraintes d'aménagement des lieux, la nature des</line>
<line>projets de constructions, afin de permettre les manoeuvres d'entrée et de sortie des futurs terrains bâts en</line>
<line>toute sécurité.</line></par>
</text>
</block>
<block><region><rect/></region>
<text>
<par>
<line>Le gabarit des accès n'est pas définit et dépendra des contraintes des lieux, des projets de</line>
<line>constructions. Il pourra s'agir d'accès communs suffisamment large pour desservir plusieurs terrains à bâtir</line>
<line>ou plusieurs constructions.</line></par>
</text>
</block>
<block><region><rect/></region>
<text>
<par>
<line>Orientations sectorielles d’aménagement et de programmation</line></par>
</text>
</block>










<block blockType="Picture" blockName="" l="1755" t="429" r="2397" b="1023"><region><rect/></region>
</block>
</page>
<page width="2481" height="3508" resolution="300">
<block><region><rect/></region>
<text>
<par>
<line>3-Aménagement des zones à urbaniser Au-Devant la Ville</line></par>
<par>
<line>S'inscrivant dans les objectifs de cohésion urbaine fixés dans le Projet d'Aménagement et de Développement</line>
<line>Durable, le futur quartier d'Au-Devant la Ville devra respecter les principes d'aménagement suivant :</line></par>
</text>
</block>
<block><region><rect/></region>
<text>
<par/>
</text>
</block>
<block><region><rect/></region>
<text>
<par>
<line>LLAG</line></par>
</text>
</block>
<block><region><rect/></region>
<text>
<par/>
</text>
</block>
<block><region><rect/></region>
<text>
<par/>
</text>
</block>
<block><region><rect/></region>
<text>
<par>
<line>Habita</line></par>
</text>
</block>
<block><region><rect/></region>
<text>
<par/>
</text>
</block>
<block><region><rect/></region>
<text>
<par/>
</text>
</block>
<block><region><rect/></region>
<text>
<par>
<line>^_V</line></par>
</text>
</block>
<block><region><rect/></region>
<text>
<par/>
</text>
</block>
<block><region><rect/></region>
<text>
<par>
<line>soce</line></par>
</text>
</block>
<block><region><rect/></region>
<text>
<par/>
</text>
</block>
<block><region><rect/></region>
<text>
<par/>
</text>
</block>
<block><region><rect/></region>
<text>
<par/>
</text>
</block>
<block><region><rect/></region>
<text>
<par/>
</text>
</block>
<block><region><rect/></region>
<text>
<par/>
</text>
</block>
<block><region><rect/></region>
<text>
<par>
<line>i</line></par>
</text>
</block>
<block><region><rect/></region>
<text>
<par/>
</text>
</block>
<block><region><rect/></region>
<text>
<par/>
</text>
</block>
<block><region><rect/></region>
<text>
<par>
<line>- TSt</line></par>
</text>
</block>
<block><region><rect/></region>
<text>
<par/>
</text>
</block>
<block><region><rect/></region>
<text>
<par>
<line>' DEVANT LA VILLE</line></par>
<par>
<line>habitat</line></par>
</text>
</block>
<block><region><rect/></region>
<text>
<par>
<line>&amp;</line></par>
</text>
</block>
<block><region><rect/></region>
<text>
<par>
<line>Habitat</line></par>
</text>
</block>
<block><region><rect/></region>
<text>
<par/>
</text>
</block>
<block><region><rect/></region>
<text>
<par/>
</text>
</block>
<block><region><rect/></region>
<text>
<par/>
</text>
</block>
<block><region><rect/></region>
<text>
<par/>
</text>
</block>
<block><region><rect/></region>
<text>
<par/>
</text>
</block>
<block><region><rect/></region>
<text>
<par>
<line>«</line></par>
</text>
</block>
<block><region><rect/></region>
<text>
<par/>
</text>
</block>
<block><region><rect/></region>
<text>
<par/>
</text>
</block>
<block><region><rect/></region>
<text>
<par/>
</text>
</block>
<block><region><rect/></region>
<text>
<par/>
</text>
</block>
<block><region><rect/></region>
<text>
<par>
<line>m</line></par>
</text>
</block>
<block><region><rect/></region>
<text>
<par/>
</text>
</block>
<block><region><rect/></region>
<text>
<par>
<line>rt</line></par>
</text>
</block>
<block><region><rect/></region>
<text>
<par/>
</text>
</block>
<block><region><rect/></region>
<text>
<par>
<line>\</line></par>
</text>
</block>
<block><region><rect/></region>
<text>
<par>
<line>\</line></par>
</text>
</block>
<block><region><rect/></region>
<text>
<par>
<line>&amp;</line></par>
</text>
</block>
<block><region><rect/></region>
<text>
<par/>
</text>
</block>
<block><region><rect/></region>
<text>
<par>
<line>AU DEVANT DE LA VILLE</line></par>
</text>
</block>
<block><region><rect/></region>
<text>
<par>
<line>A</line></par>
</text>
</block>
<block><region><rect/></region>
<text>
<par>
<line>- ï</line></par>
</text>
</block>
<block><region><rect/></region>
<text>
<par>
<line>t -</line></par>
</text>
</block>
<block><region><rect/></region>
<text>
<par/>
</text>
</block>
<block><region><rect/></region>
<text>
<par/>
</text>
</block>
<block><region><rect/></region>
<text>
<par/>
</text>
</block>
<block><region><rect/></region>
<text>
<par/>
</text>
</block>
<block><region><rect/></region>
<text>
<par/>
</text>
</block>
<block><region><rect/></region>
<text>
<par/>
</text>
</block>
<block><region><rect/></region>
<text>
<par>
<line>A</line></par>
</text>
</block>
<block><region><rect/></region>
<text>
<par/>
</text>
</block>
<block><region><rect/></region>
<text>
<par>
<line>PRAIRE</line></par>
</text>
</block>
<block><region><rect/></region>
<text>
<par>
<line>È.S'</line></par>
</text>
</block>
<block><region><rect/></region>
<text>
<par/>
</text>
</block>
<block><region><rect/></region>
<text>
<par>
<line>A</line></par>
</text>
</block>
<block><region><rect/></region>
<text>
<par>
<line>c</line></par>
</text>
</block>
<block><region><rect/></region>
<text>
<par>
<line>■ms</line></par>
</text>
</block>
<block><region><rect/></region>
<text>
<par/>
</text>
</block>
<block><region><rect/></region>
<text>
<par/>
</text>
</block>
<block><region><rect/></region>
<text>
<par>
<line>V</line></par>
</text>
</block>
<block><region><rect/></region>
<text>
<par>
<line>Perspective visuelle sur l'étang à préserver</line></par>
</text>
</block>
<block><region><rect/><rect/><rect/><rect/><rect/></region>
<text>
<par>
<line>' ’ ■ Echelle approximative</line></par>
<par>
<line>'■ l/2500ième</line></par>
</text>
</block>
<block><region><rect/></region>
<text>
<par>
<line>Perspective visuelle sur la ferme à préserver</line></par>
</text>
</block>
<block><region><rect/></region>
<text>
<par>
<line>Accès principal à la zone d'urbanisation</line></par>
</text>
</block>
<block><region><rect/></region>
<text>
<par>
<line>Aménagement paysager à prévoir permettant</line>
<line>de préserver la vue sur l'ancienne ferme et sa</line>
<line>mise en valeur</line></par>
</text>
</block>
<block><region><rect/></region>
<text>
<par>
<line>Desserte interne</line></par>
</text>
</block>
<block><region><rect/></region>
<text>
<par>
<line>N Communication à prévoir en direction de la zone agricole</line></par>
</text>
</block>
<block><region><rect/></region>
<text>
<par>
<line>PLU de FRAIS</line></par>
</text>
</block>








<block blockType="Picture" blockName="" l="269" t="448" r="435" b="482"><region><rect/></region>
</block>
<block blockType="Picture" blockName="" l="531" t="1629" r="636" b="1660"><region><rect/></region>
</block>
</page>
<page width="2481" height="3508" resolution="300">
<block><region><rect/></region>
<text>
<par>
<line>L'accès principal (î) aux zones à urbaniser sera assuré au niveau de la rue d'Alsace.</line></par>
<par>
<line>Des communications avec les rues des Prés @ et des Bochets (§) devront être prévues</line></par>
<par>
<line>Une réserve (î) suffisante sera prévue pour pouvoir accéder aux terres agricoles voisines</line>
<line>situées au Nord à « Prairie »</line></par>
<par>
<line>La voirie principale sera organisée pour assurer une communication efficace et cohérente</line>
<line>entre les divers accès et communications précitées.</line></par>
<par>
<line>Les circulations, plus spécifiquement routières, devront être hiérarchisées afin que l'accès</line>
<line>(D constitue la desserte principale du futur quartier, et les communications aux rues des</line>
<line>Bochets et des Prés des dessertes secondaires.</line></par>
<par>
<line>La voirie interne de la zone ne devra pas être considérée comme un simple élément de</line>
<line>desserte. Des petites placettes, des espaces collectifs, des chemins piétons, constitueront</line>
<line>des petits éléments qui enrichiront le nouveau quartier, et lui donneront un caractère, une</line>
<line>ambiance.</line></par>
<par>
<line>Les cheminements doux (piétons et cycles) seront intégrés au projet. Ils seront connectés</line>
<line>aux trottoirs des rues d'Alsace, des Bochets et des Prés, et permettront de rejoindre</line>
<line>aisément le cœur du Bourg (mairie) et les arrêts de transports en commun (bus). Ces</line>
<line>cheminements devront être disposés de façon cohérente et constituer un circuit accessible</line>
<line>et sécurisé à tous (enfants et adultes). La continuité avec les trottoirs, cheminements,</line>
<line>liaisons douces existantes ou futures doit être systématiquement recherchée.</line></par>
<par>
<line>Depuis la rue des Bochets, la vue sur l'étang de « Gouttes Boullées » existante est à</line>
<line>préserver. L'aménagement du futur quartier de « Au-Devant la Ville » sera réalisé en</line>
<line>disposant les voiries et les constructions (hauteur, implantation, volume,...) ainsi que les</line>
<line>plantations de manière à conserver et encadrer cette perspective visuelle.</line></par>
</text>
</block>
<block><region><rect/></region>
<text>
<par>
<line>m</line></par>
</text>
</block>
<block><region><rect/></region>
<text>
<par/>
</text>
</block>
<block><region><rect/></region>
<text>
<par/>
</text>
</block>
<block><region><rect/></region>
<text>
<par>
<line>• Au niveau de l'accès principal au futur quartier, la ferme à</line>
<line>caractère patrimonial pourra constituer une porte d'entrée et</line>
<line>servir de point de repère visuel.</line></par>
<par>
<line>Des aménagements paysagers seront réalisés au niveau de</line>
<line>l'espace libre @ pour préserver et embellir les vues sur cette</line>
<line>ferme. Ils intégreront le passage des dessertes (routière,</line>
<line>douce,..) du quartier.</line></par>
</text>
</block>
<block><region><rect/></region>
<text>
<par>
<line>■-</line></par>
</text>
</block>
<block><region><rect/></region>
<text>
<par>
<line>Les gabarits et positions précises des accès, dessertes, liaisons</line>
<line>douces schématisés ci-avant, ne sont pas définitifs et</line>
<line>dépendront des contraintes d'aménagement des lieux</line></par>
</text>
</block>
<block><region><rect/></region>
<text>
<par>
<line>Orientations sectorielles d’aménagement et de programmation</line></par>
</text>
</block>








<block blockType="Picture" blockName="" l="35" t="1763" r="2424" b="2240"><region><rect/></region>
</block>
</page>
<page width="2481" height="3508" resolution="300">
<block><region><rect/></region>
<text>
<par>
<line>• Les réseaux de viabilités (eau, électricité,...) devront être réalisés en cohérence selon une</line>
<line>conception globale portant sur l'ensemble du quartier et tiendront compte de la</line>
<line>configuration, la topographie et les caractéristiques des terrains, dans l'objectif d'optimiser</line>
<line>au mieux ces installations et éviter une multiplication des équipements de viabilités. Des</line>
<line>bouclages avec les réseaux de viabilités publics existant dans l'emprise des rues d'Alsace,</line>
<line>des Bochets et des Prés sont à rechercher.</line></par>
<par>
<line>• Les opérations d'aménagement à réaliser sur ce futur quartier devront satisfaire au</line>
<line>programme de constructions suivant :</line></par>
<par>
<line>0 Le futur quartier comportera environ une vingtaine de logements ou plus</line></par>
<par>
<line>0 de mixité sociale : le programme de construction comportera environ 20%</line>
<line>de logements sociaux.</line></par>
</text>
</block>
<block><region><rect/></region>
<text>
<par>
<line>4-Développement du réseau de liaisons douces</line></par>
</text>
</block>
<block><region><rect/></region>
<text>
<par>
<line>Parallèlement au développement urbain de FRAIS, il est manifestement nécessaire d'aménager un</line>
<line>réseau de liaisons douces, sur le village, pour atteindre les objectifs suivants, dictés par le bon sens :</line></par>
<par>
<line>• concurrencer l'utilisation de la voiture pour les déplacements de courte distance à l'intérieur</line>
<line>de l'agglomération,</line></par>
<par>
<line>• installer un circuit sécurisé et accessible à tous, enfants et adultes, entre les divers quartiers</line>
<line>du village</line></par>
<par>
<line>• solidariser le plus fortement possible les quartiers entre eux tant sur le plan fonctionnel que</line>
<line>sociologique.</line></par>
<par>
<line>Ce réseau sera développé à partir :</line></par>
<par>
<line>• des chemins et trottoirs existants, en particulier ceux en bordure de la rue d'Alsace</line></par>
<par>
<line>• dans le cadre des projets de développements urbains : leur organisation devra permettre</line>
<line>des jonctions cohérentes entre quartiers et liaisons existants. La continuité des</line>
<line>cheminements devra être recherchée. Tout cloisonnement devra être évité. Des réserves</line>
<line>devront être prévues en prévision de la poursuite des développements urbains.</line></par>
<par>
<line>Ces liaisons pourront être exclusivement douces (réservées aux cycles et piétons) ou intégrées ou</line>
<line>combinées à des rues desservant les constructions.</line></par>
</text>
</block>
<block><region><rect/></region>
<text>
<par>
<line>8</line></par>
</text>
</block>
<block><region><rect/></region>
<text>
<par>
<line>PLU de FRAIS</line></par>
</text>
</block>
</page>
<page width="2481" height="3508" resolution="300">
<block><region><rect/></region>
<text>
<par/>
</text>
</block>
<block><region><rect/></region>
<text>
<par/>
</text>
</block>
<block><region><rect/></region>
<text>
<par/>
</text>
</block>
<block><region><rect/></region>
<text>
<par/>
</text>
</block>
<block><region><rect/></region>
<text>
<par/>
</text>
</block>
<block><region><rect/></region>
<text>
<par/>
</text>
</block>
<block><region><rect/></region>
<text>
<par>
<line>/</line></par>
</text>
</block>
<block><region><rect/></region>
<text>
<par>
<line>r-</line></par>
</text>
</block>
<block><region><rect/></region>
<text>
<par/>
</text>
</block>
<block><region><rect/></region>
<text>
<par/>
</text>
</block>
<block><region><rect/></region>
<text>
<par>
<line>jjLflMCrieS</line></par>
</text>
</block>
<block><region><rect/></region>
<text>
<par/>
</text>
</block>
<block><region><rect/></region>
<text>
<par>
<line>N</line></par>
</text>
</block>
<block><region><rect/></region>
<text>
<par>
<line>/</line></par>
</text>
</block>
<block><region><rect/></region>
<text>
<par/>
</text>
</block>
<block><region><rect/></region>
<text>
<par>
<line>s' .. «/ À</line></par>
</text>
</block>
<block><region><rect/></region>
<text>
<par/>
</text>
</block>
<block><region><rect/></region>
<text>
<par/>
</text>
</block>
<block><region><rect/></region>
<text>
<par>
<line>r?</line></par>
</text>
</block>
<block><region><rect/></region>
<text>
<par>
<line>bitai</line></par>
</text>
</block>
<block><region><rect/></region>
<text>
<par>
<line>Jtôbitatr</line></par>
</text>
</block>
<block><region><rect/></region>
<text>
<par/>
</text>
</block>
<block><region><rect/></region>
<text>
<par/>
</text>
</block>
<block><region><rect/></region>
<text>
<par>
<line>T</line></par>
</text>
</block>
<block><region><rect/></region>
<text>
<par/>
</text>
</block>
<block><region><rect/></region>
<text>
<par/>
</text>
</block>
<block><region><rect/></region>
<text>
<par/>
</text>
</block>
<block><region><rect/></region>
<text>
<par>
<line>f</line></par>
</text>
</block>
<block><region><rect/></region>
<text>
<par/>
</text>
</block>
<block><region><rect/></region>
<text>
<par>
<line>\</line></par>
</text>
</block>
<block><region><rect/></region>
<text>
<par>
<line>^a-i</line></par>
</text>
</block>
<block><region><rect/></region>
<text>
<par>
<line>A</line></par>
</text>
</block>
<block><region><rect/></region>
<text>
<par>
<line>AU2</line></par>
</text>
</block>
<block><region><rect/></region>
<text>
<par/>
</text>
</block>
<block><region><rect/></region>
<text>
<par/>
</text>
</block>
<block><region><rect/></region>
<text>
<par/>
</text>
</block>
<block><region><rect/></region>
<text>
<par>
<line>MP*</line></par>
</text>
</block>
<block><region><rect/></region>
<text>
<par>
<line>:^A</line></par>
</text>
</block>
<block><region><rect/></region>
<text>
<par/>
</text>
</block>
<block><region><rect/></region>
<text>
<par/>
</text>
</block>
<block><region><rect/></region>
<text>
<par>
<line>'-1</line></par>
</text>
</block>
<block><region><rect/></region>
<text>
<par/>
</text>
</block>
<block><region><rect/></region>
<text>
<par>
<line>réseau de liaisons douces à développer</line></par>
</text>
</block>
<block><region><rect/></region>
<text>
<par>
<line>Echelle : 1/2500</line></par>
</text>
</block>
<block><region><rect/></region>
<text>
<par>
<line>Orientations sectorielles d’aménagement et de programmation</line></par>
</text>
</block>















<block blockType="Picture" blockName="" l="1013" t="1463" r="1108" b="1515"><region><rect/></region>
</block>
<block blockType="Picture" blockName="" l="551" t="2238" r="678" b="2307"><region><rect/></region>
</block>
<block blockType="Picture" blockName="" l="81" t="590" r="2360" b="2313"><region><rect/></region>
</block>
</page>
<page width="2481" height="3508" resolution="300">
<block><region><rect/></region>
<text>
<par>
<line>5-Compensation des atteintes aux zones humides</line></par>
</text>
</block>
<block><region><rect/></region>
<text>
<par>
<line>L'aménagement de la zone AU de Derrière la Ville sur les zones humides est conditionné à la mise</line>
<line>en oeuvre de mesures compensatoires selon les préconisations du Cabinet Guinchard figurant en annexe</line>
<line>des orientations d'aménagement et de programmation.</line></par>
<par>
<line>L'aménagement des zones à urbaniser d'« Au-Devant la Ville » pourra être réalisé simultanément</line>
<line>ou postérieurement à la réalisation des travaux de compensation des atteintes aux zones humides</line></par>
<par>
<line>Ces préconisations pourront être remplacées par d'autres mesures compensatoires équivalentes à</line>
<line>développer dans le dossier loi sur l'eau par le pétitionnaire de l'autorisation d'occuper le sol.</line></par>
<par>
<line>Les mesures compensatoires devront être mise en oeuvre antérieurement ou simultanément à</line>
<line>l'aménagement opérationnel de la zone AU de Derrière la Ville.</line></par>
</text>
</block>
<block><region><rect/></region>
<text>
<par>
<line>6-Annexe : Mesures compensatoires pour destruction de zones</line>
<line>humides dans le cadre du PLU de FRAIS</line></par>
</text>
</block>
<block><region><rect/></region>
<text>
<par>
<line>Source : Cabinet d'études en environnement GUINCHARD - mars-avril 2016</line></par>
</text>
</block>
<block><region><rect/></region>
<text>
<par>
<line>10</line></par>
</text>
</block>
<block><region><rect/></region>
<text>
<par>
<line>PLU de FRAIS</line></par>
</text>
</block>
</page>
<page width="2479" height="3508" resolution="300">
<block><region><rect/></region>
<text>
<par>
<line>Mesures compensatoires pour destruction de zones humides</line>
<line>dans le cadre du PLU de FRAIS</line></par>
</text>
</block>
<block><region><rect/></region>
<text>
<par>
<line>Mises en oeuvre des deux propositions</line>
<line>du conseil municipal</line></par>
</text>
</block>
<block><region><rect/></region>
<text>
<par>
<line>Contexte règlementaire :</line></par>
</text>
</block>
<block><region><rect/></region>
<text>
<par>
<line>Le SDAGE met l'accent sur la nécessité de protéger les zones humides. Il préconise aux</line>
<line>communes de mettre en oeuvre des mesures compensatoires en cas de dégradation des</line>
<line>zones humides présentes sur leurs territoires, notamment lors de l'élaboration documents</line>
<line>d'urbanisme.</line></par>
<par>
<line>Comme le précise le SDAGE, confirmé par le courrier de M. le Directeur de la DDT du</line>
<line>Territoire de Belfort du 22 mars 2016 (fourni en annexe), la surface sur lesquelles doivent</line>
<line>être mises en œuvre les mesures compensatoires doivent au moins être deux fois</line>
<line>supérieures à la surface AU1 et AU2 situées en zone humide. C'est donc les deux</line>
<line>propositions de mesures compensatoires qui doivent être prise en compte mais pas l'une</line>
<line>ou l'autre. De plus, une même surface ne peut pas compenser deux projets différents.</line></par>
</text>
</block>
<block><region><rect/></region>
<text>
<par>
<line>Les zones AU à compenser figurent en vert sur la carte qui suit :</line></par>
</text>
</block>
<block><region><rect/></region>
<text>
<par>
<line>H</line></par>
</text>
</block>
<block><region><rect/></region>
<text>
<par>
<line>l£3</line></par>
</text>
</block>
<block><region><rect/></region>
<text>
<par/>
</text>
</block>
<block><region><rect/></region>
<text>
<par>
<line>a</line></par>
</text>
</block>
<block><region><rect/></region>
<text>
<par/>
</text>
</block>
<block><region><rect/></region>
<text>
<par>
<line>ê</line></par>
</text>
</block>
<block><region><rect/></region>
<text>
<par>
<line>»!</line></par>
</text>
</block>
<block><region><rect/></region>
<text>
<par>
<line>H</line></par>
</text>
</block>
<block><region><rect/></region>
<text>
<par/>
</text>
</block>
<block><region><rect/></region>
<text>
<par/>
</text>
</block>
<block><region><rect/></region>
<text>
<par/>
</text>
</block>
<block><region><rect/></region>
<text>
<par>
<line>m</line></par>
</text>
</block>
<block><region><rect/></region>
<text>
<par/>
</text>
</block>
<block><region><rect/></region>
<text>
<par>
<line>m.</line></par>
</text>
</block>
<block><region><rect/></region>
<text>
<par/>
</text>
</block>
<block><region><rect/></region>
<text>
<par>
<line>a</line></par>
</text>
</block>
<block><region><rect/></region>
<text>
<par>
<line>RAS</line></par>
</text>
</block>
<block><region><rect/></region>
<text>
<par>
<line>m</line></par>
</text>
</block>
<block><region><rect/></region>
<text>
<par>
<line>03</line></par>
</text>
</block>
<block><region><rect/></region>
<text>
<par/>
</text>
</block>
<block><region><rect/><rect/></region>
<text>
<par/>
</text>
</block>
<block><region><rect/></region>
<text>
<par>
<line>m</line></par>
</text>
</block>
<block><region><rect/></region>
<text>
<par>
<line>m</line></par>
</text>
</block>
<block><region><rect/></region>
<text>
<par>
<line>a</line></par>
</text>
</block>
<block><region><rect/></region>
<text>
<par>
<line>m</line></par>
</text>
</block>
<block><region><rect/></region>
<text>
<par>
<line>m</line></par>
</text>
</block>
<block><region><rect/></region>
<text>
<par/>
</text>
</block>
<block><region><rect/></region>
<text>
<par/>
</text>
</block>
<block><region><rect/></region>
<text>
<par/>
</text>
</block>
<block><region><rect/></region>
<text>
<par>
<line>a</line></par>
</text>
</block>
<block><region><rect/></region>
<text>
<par/>
</text>
</block>
<block><region><rect/></region>
<text>
<par/>
</text>
</block>
<block><region><rect/></region>
<text>
<par>
<line>m</line></par>
</text>
</block>
<block><region><rect/></region>
<text>
<par/>
</text>
</block>
<block><region><rect/></region>
<text>
<par/>
</text>
</block>
<block><region><rect/></region>
<text>
<par>
<line>üu</line></par>
</text>
</block>
<block><region><rect/></region>
<text>
<par/>
</text>
</block>
<block><region><rect/></region>
<text>
<par>
<line>m</line></par>
</text>
</block>
<block><region><rect/></region>
<text>
<par/>
</text>
</block>
<block><region><rect/></region>
<text>
<par>
<line>m</line></par>
</text>
</block>
<block><region><rect/></region>
<text>
<par>
<line>»</line></par>
</text>
</block>
<block><region><rect/></region>
<text>
<par/>
</text>
</block>
<block><region><rect/></region>
<text>
<par>
<line>chets</line></par>
</text>
</block>
<block><region><rect/></region>
<text>
<par/>
</text>
</block>
<block><region><rect/></region>
<text>
<par/>
</text>
</block>
<block><region><rect/></region>
<text>
<par/>
</text>
</block>
<block><region><rect/></region>
<text>
<par/>
</text>
</block>
<block><region><rect/></region>
<text>
<par>
<line>m</line></par>
</text>
</block>
<block><region><rect/></region>
<text>
<par>
<line>la Goutte Boulee</line></par>
</text>
</block>
<block><region><rect/></region>
<text>
<par>
<line>Pre</line></par>
</text>
</block>
<block><region><rect/></region>
<text>
<par>
<line>de</line></par>
</text>
</block>
<block><region><rect/></region>
<text>
<par>
<line>Frais</line></par>
</text>
</block>
<block><region><rect/></region>
<text>
<par>
<line>Les zones à compenser sont : AU1 (1,0ha) et AU2 (0,9ha), soit un total de 1,9 ha. La</line>
<line>surface de la zone totale de compensation devra être supérieure ou égale à 3,8 ha.</line></par>
</text>
</block>





<block blockType="Picture" blockName="" l="1379" t="2263" r="1453" b="2327"><region><rect/></region>
</block>
<block blockType="Picture" blockName="" l="1543" t="2103" r="1653" b="2181"><region><rect/></region>
</block>
</page>
<page width="2479" height="3508" resolution="300">
<block><region><rect/></region>
<text>
<par>
<line>1 - Effacement d'étang</line></par>
</text>
</block>
<block><region><rect/></region>
<text>
<par>
<line>L'étang se situe en zone nord de la Parcelle ZA 32 - « Rouge Terre » d'une surface de 1,8 ha</line>
<line>pour la compensation de la surface des zones AU1 (1,0ha) et AU2 (0,9ha). Il figure en rose</line>
<line>sur la carte ci-dessous :</line></par>
</text>
</block>
<block><region><rect/></region>
<text>
<par/>
</text>
</block>
<block><region><rect/></region>
<text>
<par>
<line>«</line></par>
</text>
</block>
<block><region><rect/></region>
<text>
<par/>
</text>
</block>
<block><region><rect/></region>
<text>
<par>
<line>m</line></par>
</text>
</block>
<block><region><rect/></region>
<text>
<par/>
</text>
</block>
<block><region><rect/></region>
<text>
<par/>
</text>
</block>
<block><region><rect/></region>
<text>
<par/>
</text>
</block>
<block><region><rect/></region>
<text>
<par>
<line>M</line></par>
</text>
</block>
<block><region><rect/></region>
<text>
<par>
<line>SW</line></par>
</text>
</block>
<block><region><rect/></region>
<text>
<par/>
</text>
</block>
<block><region><rect/></region>
<text>
<par/>
</text>
</block>
<block><region><rect/></region>
<text>
<par/>
</text>
</block>
<block><region><rect/></region>
<text>
<par/>
</text>
</block>
<block><region><rect/></region>
<text>
<par>
<line>9</line></par>
</text>
</block>
<block><region><rect/></region>
<text>
<par>
<line>RA S</line></par>
</text>
</block>
<block><region><rect/></region>
<text>
<par/>
</text>
</block>
<block><region><rect/></region>
<text>
<par>
<line>Üfe</line></par>
</text>
</block>
<block><region><rect/></region>
<text>
<par>
<line>i</line></par>
</text>
</block>
<block><region><rect/></region>
<text>
<par>
<line>oc</line></par>
</text>
</block>
<block><region><rect/><rect/></region>
<text>
<par/>
</text>
</block>
<block><region><rect/></region>
<text>
<par>
<line>Préalablement à ces travaux, il est important de réaliser une prospection botanique</line>
<line>spécifique du site pour s'assurer de ne pas détruire une station de plante rare.</line></par>
<par>
<line>De même, il faudra auparavant prendre contact avec les services de la DDT pour obtenir</line>
<line>les autorisations nécessaires avant de commencer les travaux. La période à laquelle va se</line>
<line>dérouler cette opération n'étant pas fixée, la législation peu évoluer d'ici là.</line></par>
<par>
<line>Réalisation des travaux :</line></par>
<par>
<line>Le chantier se déroulera en plusieurs étapes :</line></par>
<par>
<line>1.Vidange progressive de l'étang</line></par>
<par>
<line>Il faut faire attention et toujours rester vigilant sur la gestion du départ des sédiments dans</line>
<line>le cours d'eau, notamment après la vidange.</line></par>
<par>
<line>La première phase de vidange consiste à baisser progressivement le niveau d'eau, en</line>
<line>respectant les consignes apportées par les services de police de l'eau.</line></par>
<par>
<line>La vidange dépend notamment des conditions météorologiques et de la sensibilité du</line>
<line>milieu récepteur. Elle doit être réalisée sous surveillance et de préférence en période</line>
<line>hivernale, sauf dispositions administratives contraires.</line></par>
<par>
<line>Des systèmes de rétention des vases et sédiments (bassins de décantation) doivent être</line>
<line>utilisés afin de limiter les impacts sur la qualité de l'eau lors de la vidange et pour prévenir</line>
<line>tout risque de lessivage de vases ultérieur. Aussi, en l'absence d'équipement, il est</line>
<line>nécessaire d'aménager un bassin de décantation fonctionnel. Ce bassin de décantation</line>
<line>utilisé lors de la vidange sera néanmoins conservé plusieurs mois jusqu'à ce que le fond de</line>
<line>l'étang soit stabilisé par la végétation spontanée.</line></par>
</text>
</block>








</page>
<page width="2479" height="3508" resolution="300">
<block><region><rect/></region>
<text>
<par>
<line>2. Récupération des poissons</line></par>
<par>
<line>Les poissons sont récupérés. Ils peuvent être utilisés pour ré-empoissonner d'autres</line>
<line>étangs.</line></par>
<par>
<line>Les espèces envahissantes comme les perches soleil, les poissons chats ou les écrevisses</line>
<line>américaines devront être systématiquement détruites.</line></par>
<par>
<line>3. Mise en assec de l'étang</line></par>
<par>
<line>Une période d'assec peut être nécessaire, notamment lors de la présence importante de</line>
<line>vase. En effet, l'installation de la végétation spontanée (joncs...) permettra d'assurer une</line>
<line>minéralisation et un blocage physique de la vase. Le cas échéant, un export de la vase</line>
<line>devra être envisagé.</line></par>
<par>
<line>Afin de laisser transiter la totalité du débit du cours d'eau vers l'aval, l'ouverture complète</line>
<line>des ouvrages de vidange est nécessaire.</line></par>
<par>
<line>Suite à la vidange de l'étang, le ruisseau qui s'écoule dans les sédiments retrouve</line>
<line>progressivement un tracé sinueux et commence à recréer son lit.</line></par>
<par>
<line>4. Arasement de la digue et des différents ouvrages</line></par>
<par>
<line>Cette opération peut être réalisée en général dans les mois qui suivent la mise en assec de</line>
<line>l'étang, en fonction des conditions météorologiques. La pelle mécanique (de préférence sur</line>
<line>chenille) intervient exclusivement depuis la digue si celle-ci le permet et depuis les berges.</line>
<line>Dans certains cas, l'arasement de la digue peut ne pas être complet afin de réduire les</line>
<line>coûts des travaux et de laisser des mares pour les batraciens.</line></par>
<par>
<line>L'ouvrage de vidange (moine, bonde) est également détruit. Puis, les matériaux de la</line>
<line>digue (terre) peuvent être régalés sur les bords de l'étang en respectant les pentes</line>
<line>naturelles du site et en permettant l'installation d'une végétation naturelle et spontanée,</line>
<line>ou éventuellement utilisés pour reboucher la dérivation. La digue est remplacée par une</line>
<line>pente douce afin de laisser le ruisseau reprendre son cours.</line></par>
<par>
<line>La suppression des différents ouvrages annexes éventuellement présents doit également</line>
<line>être réalisée : pêcherie, déversoir, ponton....</line></par>
<par>
<line>Les déchets de béton seront évacués par l'entreprise de travaux vers leur site de</line>
<line>concassage et de recyclage des matériaux inertes.</line></par>
</text>
</block>
</page>
<page width="2479" height="3508" resolution="300">
<block><region><rect/></region>
<text>
<par>
<line>2 - Retrait de drainage agricole</line></par>
<par>
<line>Cette opération est située entre la rivière Saint Nicolas et la zone urbaine, lieu-dit « Pré la</line>
<line>Dame ».</line></par>
<par>
<line>La définition précise de la zone restera à définir lors de la réalisation de l'opération.</line>
<line>Cependant, la surface de cette zone devra être de 1,9 ha et compensera alors la surface des</line>
<line>zones AU1 (1,0ha) et AU2 (0,9ha) en complément de la mesure précédente.</line></par>
<par>
<line>Aspects réglementaires</line></par>
<par>
<line>L'effacement de drainage en zone humide peut affecter le lit mineur d'un ruisseau et est</line>
<line>soumis à déclaration ou à autorisation au titre de la loi sur l'eau. Se renseigner auprès de la</line>
<line>DDT suivant la parcelle précise retenue et sa localisation par rapport à la Saint-Nicolas.</line></par>
<par>
<line>Réalisation des travaux :</line></par>
<par>
<line>L'intervention vise à identifier des points stratégiques, en fonction de la configuration du</line>
<line>site, de la structure du réseau de drainage et de la micro-topographie de la parcelle, où les</line>
<line>drains seront obturés. Dans la plupart des cas, ces points stratégiques correspondent à des</line>
<line>nœuds du réseau de drainage. S'il n'existe pas de nœuds et que les drains sont posés en</line>
<line>lignes parallèles et perpendiculaires aux cours d'eau, les opérations suivantes seront à</line>
<line>réalisées le long des drains tous les 10 mètres.</line></par>
<par>
<line>Au droit de chacun de ces points stratégiques, il s'agira de creuser jusqu'à atteindre le</line>
<line>drain :</line></par>
<par>
<line>- le drain sera supprimé sur une longueur d'environ 1 mètre après avoir été sectionné aux</line>
<line>deux extrémités ;</line></par>
<par>
<line>- un bouchon constitué de matériaux imperméables (argiles ou marnes) sera déposé en</line>
<line>fond de tranchée sur une auteur de 50 cm au minimum.</line></par>
<par>
<line>La suppression du drain ainsi que la pose du bouchon va rapidement se traduire par son</line>
<line>obturation par les matières en suspension que contient l'eau drainée en amont du</line>
<line>bouchon. En amont des tronçons supprimés, l'eau continuera à se concentrer</line>
<line>préférentiellement à leur niveau, mais ne pourra plus être évacuée. Le colmatage</line>
<line>progressif des drains laissés en place permettra de retrouver un fonctionnement normal de</line>
<line>zone humide.</line></par>
<par>
<line>Du point de vue règlementaire, il sera nécessaire au préalable des travaux de prendre</line>
<line>contact avec les services de la police de l'eau, afin de leur demander, après description</line>
<line>précise des travaux, si ceux-ci sont soumis à autorisation ou déclaration.</line></par>
<par>
<line>Il est impératif, bien entendu, d'avoir l'accord de l'agriculteur qui exploite la parcelle et du</line>
<line>propriétaire si ce n'est pas lui qui exploite.</line></par>
<par>
<line>Il faut également prévoir le financement des travaux et celui de agriculteur pour manque</line>
<line>à gagner sur la durée de vie restante des drains. A titre indicatif les aides pour fauche</line>
<line>tardive qui figurent dans le cadre du DOCOB sont de l'ordre de 280 à 400 €/ha/ an.</line></par>
<par>
<line>Il est nécessaire également de contacter l'opérateur Natura 2000 pour vérifier avec lui que</line>
<line>le montant de l'aide accordée n'interfère pas avec le plafond MiNiMIS des aides</line>
<line>Européennes</line></par>
</text>
</block>

</page>
<page width="2479" height="3508" resolution="300">
</page>
</OAP>