<?xml version="1.0" encoding="UTF-8"?><OAP>
<page width="2481" height="3508" resolution="300">
<block><region><rect/></region>
<text orientation="RotatedCounterclockwise">
<par>
<line>AitePiibliquP - ?01b</line></par>
</text>
</block>
<block><region><rect/></region>
<text>
<par>
<line>VILLE DE BOULOGNE-BILLANCOURT</line></par>
</text>
</block>
<block><region><rect/></region>
<text>
<par>
<line>ECONOMIE</line></par>
</text>
</block>
<block><region><rect/></region>
<text>
<par>
<line>HABITAT</line></par>
</text>
</block>
<block><region><rect/></region>
<text>
<par>
<line>DEPLACEMENTS</line></par>
</text>
</block>
<block><region><rect/></region>
<text>
<par>
<line>ENVIRONNEMENT</line></par>
</text>
</block>
<block><region><rect/></region>
<text>
<par>
<line>REVISION GENERALE DU</line></par>
</text>
</block>
<block><region><rect/></region>
<text>
<par>
<line>PLAN LOCAL</line></par>
</text>
</block>
<block><region><rect/></region>
<text>
<par>
<line>D1 URBANISME</line></par>
</text>
</block>
<block><region><rect/></region>
<text>
<par>
<line>3. Orientations d'aménagement et</line>
<line>de programmation</line></par>
</text>
</block>
<block><region><rect/></region>
<text>
<par>
<line>Plan Local d'Urbanisme révisé approuve par deliberation du</line></par>
</text>
</block>
<block><region><rect/></region>
<text>
<par>
<line>19 DECEMBRE 2018 DU CONSEIL DE TERRITOIRE DE GRAND PARIS SEINE OUEST</line></par>
</text>
</block>
<block><region><rect/><rect/><rect/></region>
<text>
<par>
<line>CONCEVONS ensemble</line>
<line>notre ville de DEMAIN</line></par>
</text>
</block>
<block><region><rect/></region>
<text>
<par/>
</text>
</block>
<block><region><rect/></region>
<text>
<par/>
</text>
</block>
<block><region><rect/></region>
<text>
<par>
<line>SEINE</line></par>
<par>
<line>OUEST</line></par>
</text>
</block>
<block><region><rect/><rect/></region>
<text>
<par>
<line>VILLE DE</line></par>
<par>
<line>BOULOGNE-</line></par>
<par>
<line>BILLANCOURT</line></par>
</text>
</block>


</page>
<page width="2481" height="3508" resolution="300">
<block><region><rect/></region>
<text>
<par>
<line>I</line></par>
</text>
</block>
<block><region><rect/></region>
<text>
<par>
<line>PLAN LOCAL Di URBANISME</line></par>
</text>
</block>
<block><region><rect/></region>
<text>
<par>
<line>Orientations d'aménagement et de programmation</line></par>
</text>
</block>
<block><region><rect/></region>
<text>
<par>
<line>it</line></par>
</text>
</block>
<block><region><rect/></region>
<text>
<par>
<line>J</line></par>
</text>
</block>
<block><region><rect/></region>
<text>
<par/>
</text>
</block>
<block><region><rect/></region>
<text>
<par>
<line>Rappel du Code de l'urbanisme (L 151-6 et L 151-7)</line></par>
</text>
</block>
<block><region><rect/></region>
<text>
<par>
<line>Parties intégrantes du dispositif règlementaire du PLU, les orientations d'aménagement et de</line>
<line>programmation (OAP) permettent de préciser les conditions d'aménagement de certains secteurs</line>
<line>identifiés pour leur capacité de développement dans le PLU sans pour autant figer les</line>
<line>aménagements.</line></par>
<par>
<line>Établies dans le respect des orientations définies dans le Projet d'Aménagement et de</line>
<line>Développement Durables (PADD), elles constituent l'un des instruments de la mise en oeuvre du</line>
<line>projet communal.</line></par>
<par>
<line>Les articles L.151-6 et L.151-7 du Code de l'urbanisme précisent que les OAP comprennent des</line>
<line>dispositions portant sur « l'aménagement, l'habitat, les transports et les déplacements » et qu'elles</line>
<line>peuvent :</line></par>
</text>
</block>
<block><region><rect/></region>
<text>
<par>
<line>« 1° Définir les actions et opérations nécessaires pour mettre en valeur l'environnement, notamment</line>
<line>les continuités écologiques, les paysages, les entrées de ville et le patrimoine, lutter contre</line>
<line>l'insalubrité, permettre le renouvellement urbain et assurer le développement de la commune ;</line></par>
</text>
</block>
<block><region><rect/></region>
<text>
<par>
<line>2° Favoriser la mixité fonctionnelle en prévoyant qu'en cas de réalisation d'opérations</line>
<line>d'aménagement, de construction ou de réhabilitation, un pourcentage de ces opérations est destiné</line>
<line>à la réalisation de commerces ;</line></par>
</text>
</block>
<block><region><rect/></region>
<text>
<par>
<line>3° Comporter un échéancier prévisionnel de l'ouverture à l'urbanisation des zones à urbaniser et de</line>
<line>la réalisation des équipements correspondants ;</line></par>
</text>
</block>
<block><region><rect/></region>
<text>
<par>
<line>4° Porter sur des quartiers ou des secteurs à mettre en valeur, réhabiliter, restructurer ou aménager ;</line></par>
</text>
</block>
<block><region><rect/></region>
<text>
<par>
<line>5° Prendre la forme de schémas d'aménagement et préciser les principales caractéristiques des voies</line>
<line>et espaces publics ;</line></par>
</text>
</block>
<block><region><rect/></region>
<text>
<par>
<line>6° Adapter la délimitation des périmètres, en fonction de la qualité de la desserte, où s'applique le</line>
<line>plafonnement à proximité des transports prévu à l'article L.151-35. »</line></par>
</text>
</block>
<block><region><rect/></region>
<text>
<par>
<line>Les opérations de construction ou d'aménagement décidées dans ces secteurs devront être</line>
<line>compatibles avec les OAP et en respecter les principes.</line></par>
</text>
</block>
<block><region><rect/></region>
<text>
<par>
<line>2</line></par>
</text>
</block>























<block blockType="Picture" blockName="" l="764" t="56" r="2409" b="161"><region><rect/></region>
</block>
<block blockType="Picture" blockName="" l="59" t="3387" r="2426" b="3455"><region><rect/></region>
</block>
<block blockType="Picture" blockName="" l="69" t="50" r="2416" b="168"><region><rect/></region>
</block>
<block blockType="Picture" blockName="" l="53" t="3381" r="2433" b="3462"><region><rect/></region>
</block>
</page>
<page width="2481" height="3508" resolution="300">
<block><region><rect/></region>
<text>
<par>
<line>I</line></par>
</text>
</block>
<block><region><rect/></region>
<text>
<par>
<line>PLAN LOCAL Di URBANISME</line></par>
</text>
</block>
<block><region><rect/></region>
<text>
<par>
<line>Orientations d'aménagement et de programmation</line></par>
</text>
</block>
<block><region><rect/></region>
<text>
<par>
<line>=.0;</line></par>
</text>
</block>
<block><region><rect/></region>
<text>
<par>
<line>Jt</line></par>
</text>
</block>
<block><region><rect/></region>
<text>
<par/>
</text>
</block>
<block><region><rect/></region>
<text>
<par/>
</text>
</block>
<block><region><rect/></region>
<text>
<par>
<line>i</line></par>
</text>
</block>
<block><region><rect/></region>
<text>
<par>
<line>%</line></par>
</text>
</block>
<block><region><rect/></region>
<text>
<par>
<line>K</line></par>
</text>
</block>
<block><region><rect/></region>
<text>
<par/>
</text>
</block>
<block><region><rect/></region>
<text>
<par>
<line>»</line></par>
</text>
</block>
<block><region><rect/></region>
<text>
<par>
<line>W//JK</line></par>
</text>
</block>
<block><region><rect/></region>
<text>
<par>
<line>»</line></par>
</text>
</block>
<block><region><rect/></region>
<text>
<par>
<line>fm</line></par>
</text>
</block>
<block><region><rect/></region>
<text>
<par>
<line>2/ Renforcer et etendre</line>
<line>la dynamique du coeur de ville</line></par>
</text>
</block>
<block><region><rect/></region>
<text>
<par/>
</text>
</block>
<block><region><rect/><rect/></region>
<text>
<par/>
</text>
</block>
<block><region><rect/></region>
<text>
<par/>
</text>
</block>
<block><region><rect/></region>
<text>
<par/>
</text>
</block>
<block><region><rect/></region>
<text>
<par/>
</text>
</block>
<block><region><rect/></region>
<text>
<par/>
</text>
</block>
<block><region><rect/></region>
<text>
<par/>
</text>
</block>
<block><region><rect/></region>
<text>
<par/>
</text>
</block>
<block><region><rect/></region>
<text>
<par/>
</text>
</block>
<block><region><rect/></region>
<text>
<par/>
</text>
</block>
<block><region><rect/></region>
<text>
<par/>
</text>
</block>
<block><region><rect/></region>
<text>
<par>
<line>v&gt;</line></par>
</text>
</block>
<block><region><rect/></region>
<text>
<par>
<line>A</line></par>
</text>
</block>
<block><region><rect/></region>
<text>
<par>
<line>tv</line></par>
</text>
</block>
<block><region><rect/></region>
<text>
<par/>
</text>
</block>
<block><region><rect/></region>
<text>
<par>
<line>ctfCl</line></par>
</text>
</block>
<block><region><rect/></region>
<text>
<par/>
</text>
</block>
<block><region><rect/><rect/><rect/></region>
<text>
<par/>
</text>
</block>
<block><region><rect/></region>
<text>
<par>
<line>&lt;55;</line></par>
</text>
</block>
<block><region><rect/></region>
<text>
<par>
<line>*</line></par>
</text>
</block>
<block><region><rect/></region>
<text>
<par/>
</text>
</block>
<block><region><rect/><rect/><rect/></region>
<text>
<par>
<line>m</line></par>
</text>
</block>
<block><region><rect/></region>
<text>
<par>
<line>lat</line></par>
</text>
</block>
<block><region><rect/></region>
<text>
<par>
<line>i</line></par>
</text>
</block>
<block><region><rect/></region>
<text>
<par/>
</text>
</block>
<block><region><rect/></region>
<text>
<par/>
</text>
</block>
<block><region><rect/></region>
<text>
<par/>
</text>
</block>
<block><region><rect/></region>
<text>
<par/>
</text>
</block>
<block><region><rect/></region>
<text>
<par/>
</text>
</block>
<block><region><rect/></region>
<text>
<par/>
</text>
</block>
<block><region><rect/></region>
<text>
<par>
<line>m</line></par>
</text>
</block>
<block><region><rect/></region>
<text>
<par>
<line>1/ Sur le devant de la Seine,</line>
<line>reconquérir le fleuve</line>
<line>et ses berges</line></par>
</text>
</block>
<block><region><rect/></region>
<text>
<par>
<line>U 3/ L’île Seguin, l’île culturelle,</line>
<line>" créative, numérique et durable</line></par>
</text>
</block>
<block><region><rect/></region>
<text>
<par>
<line>Source ; Cadastre DGFIP©millesime 2015</line></par>
</text>
</block>
























<block blockType="Picture" blockName="" l="764" t="56" r="2409" b="161"><region><rect/></region>
</block>
<block blockType="Picture" blockName="" l="59" t="3387" r="2426" b="3455"><region><rect/></region>
</block>
<block blockType="Picture" blockName="" l="69" t="50" r="2416" b="168"><region><rect/></region>
</block>
<block blockType="Picture" blockName="" l="53" t="3381" r="2433" b="3462"><region><rect/></region>
</block>
</page>
<page width="2481" height="3508" resolution="300">
<block><region><rect/></region>
<text>
<par>
<line>RÉVISION GÉNÉRALE DU</line></par>
</text>
</block>
<block><region><rect/></region>
<text>
<par>
<line>PLAN LOCAL</line></par>
</text>
</block>
<block><region><rect/></region>
<text>
<par>
<line>D URBAN SME</line></par>
</text>
</block>
<block><region><rect/></region>
<text>
<par>
<line>OAP n°l</line></par>
</text>
</block>
<block><region><rect/></region>
<text>
<par>
<line>Sur le devant de la Seine : reconquérir le</line>
<line>fleuve et ses berges</line></par>
</text>
</block>


<block blockType="Picture" blockName="" l="4" t="5" r="2477" b="225"><region><rect/></region>
</block>
<block blockType="Picture" blockName="" l="787" t="226" r="1697" b="497"><region><rect/></region>
</block>
</page>
<page width="2481" height="3508" resolution="300">
<block><region><rect/></region>
<text>
<par>
<line>I</line></par>
</text>
</block>
<block><region><rect/></region>
<text>
<par>
<line>PLAN LOCAL Di URBANISME</line></par>
</text>
</block>
<block><region><rect/></region>
<text>
<par>
<line>Orientations d'aménagement et de programmation</line></par>
</text>
</block>
<block><region><rect/></region>
<text>
<par>
<line>it</line></par>
</text>
</block>
<block><region><rect/></region>
<text>
<par>
<line>J</line></par>
</text>
</block>
<block><region><rect/></region>
<text>
<par/>
</text>
</block>
<block><region><rect/></region>
<text>
<par>
<line>Contexte et objectifs</line></par>
<par>
<line>Les berges de Seine, avec un linéaire de 6 km environ en rive droite, constituent un formidable atout</line>
<line>pour l'amélioration du cadre de vie boulonnais.</line></par>
<par>
<line>L'objectif premier est d'ouvrir la Ville sur la Seine, de reconquérir le fleuve et ses berges afin d'en</line>
<line>faire un espace ouvert à tous, un lieu de promenade, de loisir mais également d'activités</line>
<line>économiques.</line></par>
<par>
<line>Les berges sont étroites sur le territoire communal, il s'agira pour ces espaces restreints de répondre</line>
<line>à de nombreux enjeux : améliorer l'accessibilité piétonne au fleuve tout en assurant le bon</line>
<line>fonctionnement de la RDI, faire cohabiter les activités économiques, de loisir et de détente, valoriser</line>
<line>le potentiel écologique tout privilégiant les circulations douces, accompagner le développement de</line>
<line>projets d'envergure en bord de Seine, valoriser les entrées de Ville et les façades fluviales.</line></par>
</text>
</block>
<block><region><rect/></region>
<text>
<par>
<line>Les Orientations d'Aménagement et de</line>
<line>Programmation :</line></par>
<par>
<line>1. Accessibilité, transports et déplacements</line></par>
<par>
<line>Créer des traversées piétonnes et cyclables confortables et lisibles permettant de faciliter</line>
<line>l'accès aux berges de Seine. Il s'agira également de rendre les accès piétons aux berges</line>
<line>basses plus aisés (gestion des dénivelés).</line></par>
<par>
<line>Optimiser l'emprise des infrastructures routières et encourager le développement des</line>
<line>déplacements doux le long des berges par la création de cheminements adaptés.</line></par>
<par>
<line>Accueillir la gare du Grand Paris Express et favoriser les liens piétons avec le pôle de</line>
<line>transport du Pont de Sèvres (gare routière, T2, M9, LIS).</line></par>
<par>
<line>Favoriser les liaisons douces avec le futur Bus à Haut Niveau de Service (BHNS) reliant la ligne</line>
<line>9 du métro à Place Marcel Sembat au tramway T2 à Meudon.</line></par>
<par>
<line>Développer le transport fluvial de passagers. De nombreux équipements de grande</line>
<line>envergure trouvent leur place en bord de Seine tels que la Seine Musicale, les jardins Albert</line>
<line>Kahn ou encore le parc Rothschild qui pourraient être reliés par une desserte fluviale.</line>
<line>Plusieurs aménagements d'escales à passagers pourront être prévus en berge de Seine si leur</line>
<line>pertinence est confirmée.</line></par>
</text>
</block>
<block><region><rect/></region>
<text>
<par>
<line>5</line></par>
</text>
</block>























<block blockType="Picture" blockName="" l="764" t="56" r="2409" b="161"><region><rect/></region>
</block>
<block blockType="Picture" blockName="" l="59" t="3387" r="2426" b="3455"><region><rect/></region>
</block>
<block blockType="Picture" blockName="" l="69" t="50" r="2416" b="168"><region><rect/></region>
</block>
<block blockType="Picture" blockName="" l="53" t="3381" r="2433" b="3462"><region><rect/></region>
</block>
</page>
<page width="2481" height="3508" resolution="300">
<block><region><rect/></region>
<text>
<par>
<line>I</line></par>
</text>
</block>
<block><region><rect/></region>
<text>
<par>
<line>PLAN LOCAL Di URBANISME</line></par>
</text>
</block>
<block><region><rect/></region>
<text>
<par>
<line>Orientations d'aménagement et de programmation</line></par>
</text>
</block>
<block><region><rect/></region>
<text>
<par/>
</text>
</block>
<block><region><rect/></region>
<text>
<par>
<line>J</line></par>
</text>
</block>
<block><region><rect/></region>
<text>
<par/>
</text>
</block>
<block><region><rect/></region>
<text>
<par>
<line>Développer les activités de logistique urbaine en lien avec le fleuve. Si leur pertinence est</line>
<line>confirmée, certains ports ou estacades pourront accueillir des activités de</line>
<line>« messagerie logistique ». Il s'agit en effet d'organiser la chaîne des déplacements liés au</line>
<line>transport de marchandises dans une logique plus vertueuse d'un point de vue</line>
<line>environnemental et moins génératrice de nuisances.</line></par>
<par>
<line>IL Développement urbain</line></par>
<par>
<line>Les aménagements urbains seront tenus de prendre en compte les particularités des différentes</line>
<line>séquences caractérisant les berges boulonnaises : largeur, nature, configuration des quais, ambiance</line>
<line>urbaine, usages, etc.</line></par>
<par>
<line>S'appuyant sur ce séquençage, plusieurs lieux ont été identifiés dont l'attractivité pourrait être</line>
<line>développée par une intensité et une diversité des usages. En effet, la réappropriation des berges</line>
<line>peut également s'appuyer sur le développement de nouveaux programmes, de lieux de destination</line>
<line>et d'attractivité.</line></par>
</text>
</block>
<block><region><rect/></region>
<text>
<par>
<line>Les entrées de ville des ponts d'Issy et de Billancourt</line></par>
<par>
<line>• Au niveau des débouchés des ponts, les emprises sont suffisamment larges pour que</line>
<line>soient étudiés des aménagements en faveur des circulations douces et des programmes</line>
<line>à vocation de loisir et de promenade, tout en assurant le bon fonctionnement de la RDI.</line>
<line>Dans une logique de redynamisation et de valorisation de ces espaces, des</line>
<line>aménagements de préfiguration ou pérennes peuvent y trouver leur place.</line></par>
<par>
<line>• La possibilité d'une végétalisation des quais reste ténue mais sera à étudier.</line></par>
<par>
<line>Quai Georges Gorse</line></par>
<par>
<line>• Il bénéficie d'une largeur suffisante pour envisager la création d'une promenade plantée</line>
<line>en bord de Seine.</line></par>
<par>
<line>• Cela doit s'accompagner d'un objectif ambitieux de végétalisation et de protection de la</line>
<line>biodiversité rivulaire.</line></par>
<par>
<line>• Son positionnement au cœur de la ZAC Seguin Rives de Seine, à proximité du pôle de</line>
<line>transport du Pont de Sèvres, face à l'île Seguin et aux équipements qu'elle accueille, fait</line>
<line>du quai Gorse un lieu stratégique de développement.</line></par>
<par>
<line>• La reconfiguration de la RDI en boulevard urbain apaisé facilitera les liaisons piétonnes</line>
<line>avec le quartier du Trapèze et le parc de Billancourt.</line></par>
<par>
<line>• L'aménagement des quais pourra être agrémenté de mobiliers urbains propices aux</line>
<line>développements d'activités sportives ou de loisir.</line></par>
<par>
<line>Port Legrand et port des Studios : ces deux ports présentent un fort potentiel de</line></par>
<par>
<line>développement économique, alliant activités portuaires et de loisir. Il s'agira :</line></par>
<par>
<line>• de faire de ces espaces des exemples de mixité fonctionnelle et d'usages ;</line></par>
<par>
<line>• d'insuffler une nouvelle image à ces lieux en requalifiant les espaces ouverts au public.</line></par>
<par>
<line>Secteur nord : certains linéaires de berges au niveau des quais du 4 septembre et Le Gallo,</line></par>
<par>
<line>présentent des qualités paysagères et écologiques à préserver et à renforcer.</line></par>
</text>
</block>
<block><region><rect/></region>
<text>
<par>
<line>6</line></par>
</text>
</block>
























<block blockType="Picture" blockName="" l="764" t="56" r="2409" b="161"><region><rect/></region>
</block>
<block blockType="Picture" blockName="" l="59" t="3387" r="2426" b="3455"><region><rect/></region>
</block>
<block blockType="Picture" blockName="" l="69" t="50" r="2416" b="168"><region><rect/></region>
</block>
<block blockType="Picture" blockName="" l="53" t="3381" r="2433" b="3462"><region><rect/></region>
</block>
</page>
<page width="2481" height="3508" resolution="300">
<block><region><rect/></region>
<text>
<par>
<line>I</line></par>
</text>
</block>
<block><region><rect/></region>
<text>
<par>
<line>PLAN LOCAL Di URBANISME</line></par>
</text>
</block>
<block><region><rect/></region>
<text>
<par>
<line>Orientations d'aménagement et de programmation</line></par>
</text>
</block>
<block><region><rect/></region>
<text>
<par/>
</text>
</block>
<block><region><rect/></region>
<text>
<par>
<line>J</line></par>
</text>
</block>
<block><region><rect/></region>
<text>
<par/>
</text>
</block>
<block><region><rect/></region>
<text>
<par>
<line>III. Environnement et composition paysagère</line></par>
<par>
<line>Maintenir, mettre en valeur et renforcer la végétalisation des berges, en lien avec la trame</line>
<line>verte et bleue du territoire.</line></par>
<par>
<line>Améliorer l'état écologique des berges et, dans la mesure du possible, des habitats piscicoles</line>
<line>rivulaires.</line></par>
<par>
<line>Encourager une renaturation des berges et renforcer les continuités écologiques.</line></par>
<par>
<line>Prendre en compte les enjeux en matière de gestion des eaux et de risque d'inondation.</line></par>
</text>
</block>























<block blockType="Picture" blockName="" l="764" t="56" r="2409" b="161"><region><rect/></region>
</block>
<block blockType="Picture" blockName="" l="69" t="50" r="2416" b="168"><region><rect/></region>
</block>
<block blockType="Picture" blockName="" l="53" t="3381" r="2433" b="3462"><region><rect/></region>
</block>
</page>
<page width="2481" height="3508" resolution="300">
<block><region><rect/></region>
<text>
<par/>
</text>
</block>
<block><region><rect/></region>
<text>
<par>
<line>PLAN LOCAL D' URBANISME</line></par>
</text>
</block>
<block><region><rect/></region>
<text>
<par>
<line>Orientations d'aménagement et de programmation</line></par>
</text>
</block>
<block><region><rect/></region>
<text>
<par>
<line>=.Q;-</line></par>
</text>
</block>
<block><region><rect/></region>
<text>
<par>
<line>ft</line></par>
</text>
</block>
<block><region><rect/></region>
<text>
<par/>
</text>
</block>
<block><region><rect/></region>
<text>
<par/>
</text>
</block>
<block><region><rect/></region>
<text>
<par/>
</text>
</block>
<block><region><rect/></region>
<text>
<par>
<line>i</line></par>
</text>
</block>
<block><region><rect/></region>
<text>
<par/>
</text>
</block>
<block><region><rect/></region>
<text>
<par/>
</text>
</block>
<block><region><rect/></region>
<text>
<par/>
</text>
</block>
<block><region><rect/></region>
<text>
<par/>
</text>
</block>
<block><region><rect/></region>
<text>
<par/>
</text>
</block>
<block><region><rect/></region>
<text>
<par>
<line>Site classe</line></par>
</text>
</block>
<block><region><rect/></region>
<text>
<par>
<line>V/*</line></par>
</text>
</block>
<block><region><rect/></region>
<text>
<par/>
</text>
</block>
<block><region><rect/></region>
<text>
<par>
<line>Rothschild</line></par>
</text>
</block>
<block><region><rect/></region>
<text>
<par>
<line>»</line></par>
</text>
</block>
<block><region><rect/></region>
<text>
<par/>
</text>
</block>
<block><region><rect/><rect/><rect/></region>
<text>
<par>
<line>wmm</line></par>
<par>
<line>ifeiSÊgàjgM</line></par>
</text>
</block>
<block><region><rect/></region>
<text>
<par/>
</text>
</block>
<block><region><rect/></region>
<text>
<par/>
</text>
</block>
<block><region><rect/></region>
<text>
<par>
<line>!f7l«</line></par>
</text>
</block>
<block><region><rect/></region>
<text>
<par/>
</text>
</block>
<block><region><rect/></region>
<text>
<par/>
</text>
</block>
<block><region><rect/></region>
<text>
<par>
<line>% *?</line></par>
</text>
</block>
<block><region><rect/></region>
<text>
<par/>
</text>
</block>
<block><region><rect/></region>
<text>
<par>
<line>if</line></par>
</text>
</block>
<block><region><rect/></region>
<text>
<par>
<line>m</line></par>
</text>
</block>
<block><region><rect/></region>
<text>
<par/>
</text>
</block>
<block><region><rect/></region>
<text>
<par/>
</text>
</block>
<block><region><rect/></region>
<text>
<par/>
</text>
</block>
<block><region><rect/></region>
<text>
<par>
<line>eïffls'</line></par>
</text>
</block>
<block><region><rect/></region>
<text>
<par>
<line>B.</line></par>
</text>
</block>
<block><region><rect/></region>
<text>
<par>
<line>-J?!</line></par>
</text>
</block>
<block><region><rect/></region>
<text>
<par/>
</text>
</block>
<block><region><rect/></region>
<text>
<par>
<line>•T7</line></par>
</text>
</block>
<block><region><rect/></region>
<text>
<par/>
</text>
</block>
<block><region><rect/></region>
<text>
<par>
<line>^ I</line></par>
</text>
</block>
<block><region><rect/></region>
<text>
<par/>
</text>
</block>
<block><region><rect/></region>
<text>
<par>
<line>I-';</line></par>
</text>
</block>
<block><region><rect/></region>
<text>
<par>
<line>B</line></par>
</text>
</block>
<block><region><rect/></region>
<text>
<par>
<line>7 Muîée</line></par>
</text>
</block>
<block><region><rect/></region>
<text>
<par/>
</text>
</block>
<block><region><rect/></region>
<text>
<par/>
</text>
</block>
<block><region><rect/></region>
<text>
<par/>
</text>
</block>
<block><region><rect/></region>
<text>
<par>
<line>■■Imbert</line></par>
</text>
</block>
<block><region><rect/></region>
<text>
<par/>
</text>
</block>
<block><region><rect/></region>
<text>
<par>
<line>i:</line></par>
</text>
</block>
<block><region><rect/></region>
<text>
<par/>
</text>
</block>
<block><region><rect/></region>
<text>
<par>
<line>fér</line></par>
</text>
</block>
<block><region><rect/></region>
<text>
<par/>
</text>
</block>
<block><region><rect/><rect/></region>
<text>
<par/>
</text>
</block>
<block><region><rect/></region>
<text>
<par>
<line>i</line></par>
</text>
</block>
<block><region><rect/></region>
<text>
<par/>
</text>
</block>
<block><region><rect/></region>
<text>
<par>
<line>P</line></par>
</text>
</block>
<block><region><rect/></region>
<text>
<par/>
</text>
</block>
<block><region><rect/></region>
<text>
<par/>
</text>
</block>
<block><region><rect/></region>
<text>
<par/>
</text>
</block>
<block><region><rect/></region>
<text>
<par>
<line>Stade</line></par>
</text>
</block>
<block><region><rect/></region>
<text>
<par>
<line>legatlo</line></par>
</text>
</block>
<block><region><rect/></region>
<text>
<par>
<line>iN</line></par>
</text>
</block>
<block><region><rect/></region>
<text>
<par>
<line>tV!</line></par>
</text>
</block>
<block><region><rect/></region>
<text>
<par/>
</text>
</block>
<block><region><rect/></region>
<text>
<par/>
</text>
</block>
<block><region><rect/></region>
<text>
<par/>
</text>
</block>
<block><region><rect/></region>
<text>
<par/>
</text>
</block>
<block><region><rect/></region>
<text>
<par>
<line>rv</line></par>
</text>
</block>
<block><region><rect/></region>
<text>
<par>
<line>(«D</line></par>
</text>
</block>
<block><region><rect/></region>
<text>
<par/>
</text>
</block>
<block><region><rect/></region>
<text>
<par/>
</text>
</block>
<block><region><rect/></region>
<text>
<par/>
</text>
</block>
<block><region><rect/></region>
<text>
<par>
<line>■wf^So</line></par>
</text>
</block>
<block><region><rect/></region>
<text>
<par>
<line>m.</line></par>
</text>
</block>
<block><region><rect/></region>
<text>
<par>
<line>«VA</line></par>
</text>
</block>
<block><region><rect/></region>
<text>
<par/>
</text>
</block>
<block><region><rect/></region>
<text>
<par/>
</text>
</block>
<block><region><rect/></region>
<text>
<par/>
</text>
</block>
<block><region><rect/></region>
<text>
<par/>
</text>
</block>
<block><region><rect/></region>
<text>
<par/>
</text>
</block>
<block><region><rect/></region>
<text>
<par>
<line>ne nationa de</line></par>
</text>
</block>
<block><region><rect/></region>
<text>
<par/>
</text>
</block>
<block><region><rect/></region>
<text>
<par/>
</text>
</block>
<block><region><rect/></region>
<text>
<par>
<line>ü»</line></par>
</text>
</block>
<block><region><rect/></region>
<text>
<par>
<line>«</line></par>
</text>
</block>
<block><region><rect/></region>
<text>
<par>
<line>0</line></par>
</text>
</block>
<block><region><rect/></region>
<text>
<par>
<line>de Monsieur</line></par>
</text>
</block>
<block><region><rect/></region>
<text>
<par/>
</text>
</block>
<block><region><rect/></region>
<text>
<par/>
</text>
</block>
<block><region><rect/></region>
<text>
<par/>
</text>
</block>
<block><region><rect/></region>
<text>
<par>
<line>i</line></par>
</text>
</block>
<block><region><rect/></region>
<text>
<par>
<line>£</line></par>
</text>
</block>
<block><region><rect/></region>
<text>
<par/>
</text>
</block>
<block><region><rect/></region>
<text>
<par/>
</text>
</block>
<block><region><rect/></region>
<text>
<par>
<line>1</line></par>
</text>
</block>
<block><region><rect/></region>
<text>
<par>
<line>£</line></par>
</text>
</block>
<block><region><rect/></region>
<text>
<par>
<line>'2^</line></par>
</text>
</block>
<block><region><rect/></region>
<text>
<par>
<line>7:</line></par>
</text>
</block>
<block><region><rect/></region>
<text>
<par/>
</text>
</block>
<block><region><rect/></region>
<text>
<par>
<line>■</line></par>
</text>
</block>
<block><region><rect/></region>
<text>
<par>
<line>Parc</line></par>
</text>
</block>
<block><region><rect/></region>
<text>
<par/>
</text>
</block>
<block><region><rect/></region>
<text>
<par>
<line>m</line></par>
</text>
</block>
<block><region><rect/></region>
<text>
<par>
<line>Saint</line></par>
</text>
</block>
<block><region><rect/></region>
<text>
<par/>
</text>
</block>
<block><region><rect/></region>
<text>
<par>
<line>Cité de laf%^am|éj</line>
<line>_,...&lt;Sé'*èwA V</line></par>
</text>
</block>
<block><region><rect/></region>
<text>
<par/>
</text>
</block>
<block><region><rect/></region>
<text>
<par/>
</text>
</block>
<block><region><rect/></region>
<text>
<par/>
</text>
</block>
<block><region><rect/><rect/></region>
<text>
<par/>
</text>
</block>
<block><region><rect/></region>
<text>
<par/>
</text>
</block>
<block><region><rect/></region>
<text>
<par>
<line>ir</line></par>
</text>
</block>
<block><region><rect/></region>
<text>
<par/>
</text>
</block>
<block><region><rect/></region>
<text>
<par/>
</text>
</block>
<block><region><rect/></region>
<text>
<par/>
</text>
</block>
<block><region><rect/></region>
<text>
<par/>
</text>
</block>
<block><region><rect/></region>
<text>
<par>
<line>m</line></par>
</text>
</block>
<block><region><rect/></region>
<text>
<par>
<line>i</line></par>
</text>
</block>
<block><region><rect/></region>
<text>
<par/>
</text>
</block>
<block><region><rect/></region>
<text>
<par>
<line>%</line></par>
</text>
</block>
<block><region><rect/></region>
<text>
<par>
<line>Parc</line></par>
</text>
</block>
<block><region><rect/></region>
<text>
<par/>
</text>
</block>
<block><region><rect/></region>
<text>
<par/>
</text>
</block>
<block><region><rect/></region>
<text>
<par/>
</text>
</block>
<block><region><rect/></region>
<text>
<par>
<line>T</line></par>
</text>
</block>
<block><region><rect/></region>
<text>
<par>
<line>*</line></par>
</text>
</block>
<block><region><rect/></region>
<text>
<par/>
</text>
</block>
<block><region><rect/></region>
<text>
<par/>
</text>
</block>
<block><region><rect/></region>
<text>
<par>
<line>M</line></par>
</text>
</block>
<block><region><rect/><rect/><rect/></region>
<text>
<par/>
</text>
</block>
<block><region><rect/></region>
<text>
<par>
<line>Source ; Cadastre DGFIP©millesime 2015</line></par>
</text>
</block>
<block><region><rect/></region>
<text>
<par>
<line>8</line></par>
</text>
</block>



























<block blockType="Picture" blockName="" l="764" t="56" r="2409" b="161"><region><rect/></region>
</block>
<block blockType="Picture" blockName="" l="59" t="3387" r="2426" b="3455"><region><rect/></region>
</block>
<block blockType="Picture" blockName="" l="53" t="3381" r="2433" b="3462"><region><rect/></region>
</block>
</page>
<page width="2481" height="3508" resolution="300">
<block><region><rect/></region>
<text>
<par>
<line>I</line></par>
</text>
</block>
<block><region><rect/></region>
<text>
<par>
<line>PLAN LOCAL D' URBANISME</line></par>
</text>
</block>
<block><region><rect/></region>
<text>
<par>
<line>Orientations d'aménagement et de programmation</line></par>
</text>
</block>
<block><region><rect/></region>
<text>
<par>
<line>Déplacements</line></par>
</text>
</block>
<block><region><rect/></region>
<text>
<par>
<line>eO:-</line></par>
</text>
</block>
<block><region><rect/></region>
<text>
<par/>
</text>
</block>
<block><region><rect/></region>
<text>
<par>
<line>^1</line></par>
</text>
</block>
<block><region><rect/></region>
<text>
<par/>
</text>
</block>
<block><region><rect/></region>
<text>
<par/>
</text>
</block>
<block><region><rect/><rect/></region>
<text>
<par>
<line>&lt;.•&gt; Transport en commun à créer</line></par>
<par>
<line>Accessibilité à renforcer</line></par>
<par>
<line>^ ^ Ouvrir la ville sur le fleuve et faciliter l'accès aux berges</line></par>
<par>
<line>Connexion piétonne quai haut / quai bas à réaliser</line></par>
</text>
</block>
<block><region><rect/></region>
<text>
<par>
<line>Développement urbain</line></par>
</text>
</block>
<block><region><rect/></region>
<text>
<par>
<line>Zone de restructuration et valorisation de l'espace public</line>
<line>Périmètre de sursis à statuer</line>
<line>Equipements structurants</line></par>
</text>
</block>
<block><region><rect/></region>
<text>
<par/>
</text>
</block>
<block><region><rect/></region>
<text>
<par>
<line>Mise en valeur de l'entrée de ville</line></par>
</text>
</block>
<block><region><rect/></region>
<text>
<par>
<line>9 9% Proposer de nouveaux lieux de destination attractifs</line></par>
</text>
</block>
<block><region><rect/></region>
<text>
<par>
<line>Zone de développement de la logistique urbaine, à étudier</line></par>
</text>
</block>
<block><region><rect/></region>
<text>
<par>
<line>CD</line></par>
</text>
</block>
<block><region><rect/></region>
<text>
<par>
<line>Potentiel de développement et diversification des activités portuaire,</line>
<line>à étudier en cohérence avec le tissu urbain environnant</line></par>
</text>
</block>
<block><region><rect/></region>
<text>
<par>
<line>Composition paysagère et inscription au sein de la trame verte et bleue</line></par>
<par>
<line>Trame verte et bleue à conforter</line></par>
<par>
<line>Continuités paysagères et visuelles à renforcer</line>
<line>Végétalisation et/ou renaturation des quais et/ou berges</line></par>
</text>
</block>
<block><region><rect/></region>
<text>
<par>
<line>9</line></par>
</text>
</block>






























<block blockType="Picture" blockName="" l="764" t="56" r="2409" b="161"><region><rect/></region>
</block>
<block blockType="Picture" blockName="" l="59" t="3387" r="2426" b="3455"><region><rect/></region>
</block>
<block blockType="Picture" blockName="" l="69" t="50" r="2416" b="168"><region><rect/></region>
</block>
<block blockType="Picture" blockName="" l="53" t="3381" r="2433" b="3462"><region><rect/></region>
</block>
<block blockType="Picture" blockName="" l="388" t="1051" r="507" b="1112"><region><rect/></region>
</block>
</page>
<page width="2481" height="3508" resolution="300">
<block><region><rect/></region>
<text>
<par>
<line>OAP n°2</line></par>
</text>
</block>
<block><region><rect/></region>
<text>
<par>
<line>Renforcer et étendre la dynamique du</line>
<line>cœur de ville</line></par>
</text>
</block>


<block blockType="Picture" blockName="" l="4" t="4" r="2477" b="224"><region><rect/></region>
</block>
<block blockType="Picture" blockName="" l="787" t="225" r="1697" b="496"><region><rect/></region>
</block>
</page>
<page width="2481" height="3508" resolution="300">
<block><region><rect/></region>
<text>
<par>
<line>I</line></par>
</text>
</block>
<block><region><rect/></region>
<text>
<par>
<line>PLAN LOCAL Di URBANISME</line></par>
</text>
</block>
<block><region><rect/></region>
<text>
<par>
<line>Orientations d'aménagement et de programmation</line></par>
</text>
</block>
<block><region><rect/></region>
<text>
<par>
<line>it</line></par>
</text>
</block>
<block><region><rect/></region>
<text>
<par>
<line>J</line></par>
</text>
</block>
<block><region><rect/></region>
<text>
<par/>
</text>
</block>
<block><region><rect/></region>
<text>
<par>
<line>Contexte et objectifs</line></par>
<par>
<line>Le cœur de Ville de Boulogne-Billancourt se caractérise par une activité commerciale dynamique, une</line>
<line>bonne desserte en transport en commun, une morphologie urbaine riche et variée ainsi qu'une</line>
<line>distribution viaire centralisée au niveau du carrefour Marcel Sembat. Le développement urbain du</line>
<line>centre-ville, quartier fortement urbanisé, se conçoit essentiellement en termes de renouvellement</line>
<line>urbain et d'amélioration des liaisons douces.</line></par>
<par>
<line>Ce quartier qui par essence est au centre de la Ville doit également jouer un rôle d'articulation avec</line>
<line>les autres quartiers afin d'étendre sa zone d'influence.</line></par>
<par>
<line>Au regard de ce constat, trois secteurs ont été identifié pour leur potentiel de mutation :</line></par>
<par>
<line>■ Le secteur des Glacières, qui a fait l'objet d'un sursis à statuer en septembre 2016,</line></par>
<par>
<line>■ Le secteur Thiers, qui a lui aussi fait l'objet d'un sursis à statuer en septembre 2016,</line></par>
<par>
<line>■ La place Marcel Sembat.</line></par>
</text>
</block>
<block><region><rect/></region>
<text>
<par>
<line>L'OAP précise les volontés d'aménagement sur chacun de ces sous-secteurs.</line></par>
<par>
<line>Les Orientations d'Aménagement et de</line>
<line>Programmation :</line></par>
<par>
<line>1. Le secteur des Glacières</line></par>
<par>
<line>Ce secteur est bordé par le boulevard Jean Jaurès à l'est, la place Jules Guesde au sud, la rue</line>
<line>Nationale à l'ouest et l'avenue du Général Leclerc et la Place Marcel Sembat au nord. Les</line>
<line>interventions devront permettre de répondre à plusieurs enjeux :</line></par>
<par>
<line>Accueillir le BHNS (Bus à Haut Niveau de Service) qui constituera la nouvelle colonne</line>
<line>vertébrale du quartier.</line></par>
<par>
<line>Favoriser les liens entre le tissu urbain existant et le nouveau quartier du Trapèze en cours</line>
<line>d'achèvement.</line></par>
<par>
<line>Renouveler et mettre en valeur les équipements aujourd'hui vétustes, très fréquentés et peu</line>
<line>lisibles depuis l'espace public (marché, équipements sportifs et de la petite enfance, locaux</line>
<line>associatifs, écoles, etc...).</line></par>
<par>
<line>Requalifier les espaces publics avec la possibilité de créations de sentes piétonnes traversant</line>
<line>l'intérieur des îlots.</line></par>
<par>
<line>Pour permettre cela, plusieurs orientations sont définies :</line></par>
</text>
</block>
<block><region><rect/></region>
<text>
<par>
<line>11</line></par>
</text>
</block>























<block blockType="Picture" blockName="" l="764" t="56" r="2409" b="161"><region><rect/></region>
</block>
<block blockType="Picture" blockName="" l="59" t="3387" r="2426" b="3455"><region><rect/></region>
</block>
<block blockType="Picture" blockName="" l="69" t="50" r="2416" b="168"><region><rect/></region>
</block>
<block blockType="Picture" blockName="" l="53" t="3381" r="2433" b="3462"><region><rect/></region>
</block>
</page>
<page width="2481" height="3508" resolution="300">
<block><region><rect/></region>
<text>
<par>
<line>I</line></par>
</text>
</block>
<block><region><rect/></region>
<text>
<par>
<line>PLAN LOCAL Di URBANISME</line></par>
</text>
</block>
<block><region><rect/></region>
<text>
<par>
<line>Orientations d'aménagement et de programmation</line></par>
</text>
</block>
<block><region><rect/></region>
<text>
<par/>
</text>
</block>
<block><region><rect/></region>
<text>
<par>
<line>J</line></par>
</text>
</block>
<block><region><rect/></region>
<text>
<par/>
</text>
</block>
<block><region><rect/></region>
<text>
<par>
<line>1. Améliorer les liens avec les quartiers limitrophes</line></par>
<par>
<line>• Valoriser les espaces publics majeurs tels que la place Jules Guesde, la place Solferino et</line>
<line>le croisement de la rue du Point du Jour et du boulevard Jean Jaurès afin notamment</line>
<line>d'améliorer les connexions avec les secteurs voisins.</line></par>
<par>
<line>Une attention particulière sera portée au croisement du boulevard Jean Jaurès avec les</line>
<line>rues du Point du Jour, Molière et d'Issy, qui forme une transition entre différentes</line>
<line>échelles et ambiances urbaines.</line></par>
<par>
<line>• Encourager les circulations douces par la création de cheminements adaptés.</line></par>
<par>
<line>• Renforcer la continuité commerciale le long du boulevard Jean Jaurès et rechercher des</line>
<line>synergies avec le marché et les activités du secteur.</line></par>
<par>
<line>2. BHNS</line></par>
<par>
<line>• Anticiper l'arrivée du futur Bus à Haut Niveau de Service (BHNS) en termes</line>
<line>d'aménagement, de stationnement et d'organisation de la circulation.</line></par>
<par>
<line>3. Favoriser les liens nord-sud entre ie centre-ville et ie quartier du</line>
<line>Trapèze</line></par>
<par>
<line>• Réhabiliter les espaces publics le long du BHNS en lien avec le maillage structurant des</line>
<line>équipements et des places publiques existants.</line></par>
<par>
<line>4 Développement urbain</line></par>
<par>
<line>• Valoriser, restructurer et améliorer la visibilité des équipements existants (COSEC, École</line>
<line>des Glacières, Collège Vieux Pont, etc...)</line></par>
<par>
<line>• Identifier les potentiels de restructuration et de renouvellement du tissu urbain</line>
<line>permettant d'améliorer le fonctionnement et l'image du quartier et de créer une offre de</line>
<line>nouveaux logements.</line></par>
</text>
</block>
<block><region><rect/></region>
<text>
<par>
<line>IL Le secteur Thiers</line></par>
<par>
<line>Le secteur est situé au nord de l'avenue Édouard Vaillant et au droit de la rue Thiers. Il comporte des</line>
<line>emprises en pleine mutation avec le Centre Technique Municipal qui a vocation à trouver un nouvel</line>
<line>emplacement au sein de la commune, le départ récent des services du conseil départemental de la</line>
<line>parcelle dite « Thiers », et les terrains situés entre la rue Gallieni et Détaille qui offrent des</line>
<line>possibilités d'aménagement.</line></par>
<par>
<line>Ainsi le principal enjeu de ce secteur est de valoriser le quartier en proposant un projet global et</line>
<line>cohérent, à la fois dans son évolution architecturale et paysagère, mais aussi dans un traitement</line>
<line>harmonieux et confortable des espaces publics.</line></par>
<par>
<line>Les grandes orientations d'aménagement et de programmations sont :</line></par>
<par>
<line>V Accompagner les zones de renouvellement urbain.</line></par>
<par>
<line>V Valoriser et préserver les caractères urbains et architecturaux spécifiques identifiés, en</line>
<line>particulier les ensembles pavillonnaires, dont les ambiances doivent être mises en valeur.</line></par>
</text>
</block>
<block><region><rect/></region>
<text>
<par>
<line>12</line></par>
</text>
</block>























<block blockType="Picture" blockName="" l="764" t="56" r="2409" b="161"><region><rect/></region>
</block>
<block blockType="Picture" blockName="" l="59" t="3387" r="2426" b="3455"><region><rect/></region>
</block>
<block blockType="Picture" blockName="" l="69" t="50" r="2416" b="168"><region><rect/></region>
</block>
<block blockType="Picture" blockName="" l="53" t="3381" r="2433" b="3462"><region><rect/></region>
</block>
</page>
<page width="2481" height="3508" resolution="300">
<block><region><rect/></region>
<text>
<par>
<line>I</line></par>
</text>
</block>
<block><region><rect/></region>
<text>
<par>
<line>PLAN LOCAL Di URBANISME</line></par>
</text>
</block>
<block><region><rect/></region>
<text>
<par>
<line>Orientations d'aménagement et de programmation</line></par>
</text>
</block>
<block><region><rect/></region>
<text>
<par/>
</text>
</block>
<block><region><rect/></region>
<text>
<par>
<line>J</line></par>
</text>
</block>
<block><region><rect/></region>
<text>
<par/>
</text>
</block>
<block><region><rect/></region>
<text>
<par>
<line>Anticiper et identifier les mutations qui pourraient se présenter pour favoriser les opérations</line>
<line>de nouveaux logements, adaptées aux besoins de la ville et à ses spécificités tant dans les</line>
<line>typologies que les formes urbaines produites.</line></par>
<par>
<line>Anticiper l'évolution de la population du quartier, les besoins éventuels en services,</line>
<line>commerces, équipements de proximité et nouveaux logements.</line></par>
<par>
<line>Être attentif à l'urbanisme des coeurs d'îlot.</line></par>
<par>
<line>Améliorer les liaisons vers les espaces publics, les équipements publics et les grands axes de</line>
<line>transport.</line></par>
</text>
</block>
<block><region><rect/></region>
<text>
<par>
<line>III. La place Marcel Sembat</line></par>
<par>
<line>La place Marcel Sembat concentre actuellement un certain nombre de dysfonctionnements urbains :</line></par>
<par>
<line>■ Congestion de la voirie ;</line></par>
<par>
<line>■ Nuisances sonores et visuelles, pollution de l'air ;</line></par>
<par>
<line>■ Espaces publics peu confortables et fonctionnels.</line></par>
</text>
</block>
<block><region><rect/></region>
<text>
<par>
<line>Une étude doit être initiée afin d'envisager les possibilités d'optimisation de la circulation</line>
<line>automobile et des infrastructures routières pour permettre le développement des déplacements</line>
<line>doux ainsi que l'amélioration des connexions entre les différents quartiers bordant la place.</line></par>
</text>
</block>
<block><region><rect/></region>
<text>
<par>
<line>En complément, plusieurs orientations ont été identifiées :</line></par>
<par>
<line>Anticiper l'arrivée du futur BHNS (Bus à Haut Niveau de Service) depuis les quais de Seine</line>
<line>jusqu'à la place Marcel Sembat.</line></par>
<par>
<line>Valoriser et recomposer le bâti autour de la place Marcel Sembat en autorisation la</line>
<line>restructuration des têtes d'îlot.</line></par>
<par>
<line>Préserver et valoriser les linéaires commerciaux sur les grands axes convergeant vers la place</line>
<line>et étendre la vitalité commerciale en direction des quartiers sud de la ville.</line></par>
<par>
<line>Préserver la densité arborée des espaces verts intérieurs privés, squares, alignements</line>
<line>d'arbres dans le secteur.</line></par>
</text>
</block>
<block><region><rect/></region>
<text>
<par>
<line>13</line></par>
</text>
</block>























<block blockType="Picture" blockName="" l="764" t="56" r="2409" b="161"><region><rect/></region>
</block>
<block blockType="Picture" blockName="" l="59" t="3387" r="2426" b="3455"><region><rect/></region>
</block>
<block blockType="Picture" blockName="" l="69" t="50" r="2416" b="168"><region><rect/></region>
</block>
<block blockType="Picture" blockName="" l="53" t="3381" r="2433" b="3462"><region><rect/></region>
</block>
</page>
<page width="2481" height="3508" resolution="300">
<block><region><rect/></region>
<text>
<par/>
</text>
</block>
<block><region><rect/></region>
<text>
<par>
<line>PLAN LOCAL D' URBANISME</line></par>
</text>
</block>
<block><region><rect/></region>
<text>
<par>
<line>Orientations d'aménagement et de programmation</line></par>
</text>
</block>
<block><region><rect/></region>
<text>
<par>
<line>=.Q;-</line></par>
</text>
</block>
<block><region><rect/></region>
<text>
<par>
<line>ft</line></par>
</text>
</block>
<block><region><rect/></region>
<text>
<par/>
</text>
</block>
<block><region><rect/></region>
<text>
<par/>
</text>
</block>
<block><region><rect/></region>
<text>
<par/>
</text>
</block>
<block><region><rect/></region>
<text>
<par/>
</text>
</block>
<block><region><rect/></region>
<text>
<par/>
</text>
</block>
<block><region><rect/></region>
<text>
<par/>
</text>
</block>
<block><region><rect/></region>
<text>
<par>
<line>%</line></par>
</text>
</block>
<block><region><rect/></region>
<text>
<par/>
</text>
</block>
<block><region><rect/></region>
<text>
<par/>
</text>
</block>
<block><region><rect/></region>
<text>
<par/>
</text>
</block>
<block><region><rect/></region>
<text>
<par/>
</text>
</block>
<block><region><rect/></region>
<text>
<par>
<line>%</line></par>
</text>
</block>
<block><region><rect/><rect/><rect/></region>
<text>
<par>
<line>m</line></par>
</text>
</block>
<block><region><rect/></region>
<text>
<par/>
</text>
</block>
<block><region><rect/></region>
<text>
<par/>
</text>
</block>
<block><region><rect/></region>
<text>
<par/>
</text>
</block>
<block><region><rect/></region>
<text>
<par/>
</text>
</block>
<block><region><rect/></region>
<text>
<par>
<line>m</line></par>
</text>
</block>
<block><region><rect/></region>
<text>
<par>
<line>%</line></par>
</text>
</block>
<block><region><rect/></region>
<text>
<par>
<line>\</line></par>
</text>
</block>
<block><region><rect/></region>
<text>
<par/>
</text>
</block>
<block><region><rect/></region>
<text>
<par/>
</text>
</block>
<block><region><rect/></region>
<text>
<par>
<line>m</line></par>
</text>
</block>
<block><region><rect/></region>
<text>
<par/>
</text>
</block>
<block><region><rect/></region>
<text>
<par>
<line>U</line></par>
</text>
</block>
<block><region><rect/></region>
<text>
<par>
<line>V</line></par>
</text>
</block>
<block><region><rect/></region>
<text>
<par/>
</text>
</block>
<block><region><rect/></region>
<text>
<par>
<line>V</line></par>
</text>
</block>
<block><region><rect/></region>
<text>
<par/>
</text>
</block>
<block><region><rect/></region>
<text>
<par/>
</text>
</block>
<block><region><rect/></region>
<text>
<par/>
</text>
</block>
<block><region><rect/></region>
<text>
<par>
<line>K</line></par>
</text>
</block>
<block><region><rect/></region>
<text>
<par/>
</text>
</block>
<block><region><rect/></region>
<text>
<par>
<line>V</line></par>
</text>
</block>
<block><region><rect/></region>
<text>
<par/>
</text>
</block>
<block><region><rect/></region>
<text>
<par/>
</text>
</block>
<block><region><rect/></region>
<text>
<par/>
</text>
</block>
<block><region><rect/></region>
<text>
<par/>
</text>
</block>
<block><region><rect/></region>
<text>
<par>
<line>0 100m</line></par>
<par>
<line>I_I_I</line></par>
</text>
</block>
<block><region><rect/></region>
<text>
<par/>
</text>
</block>
<block><region><rect/></region>
<text>
<par>
<line>Source ; Cadastre DGFIP©millesime 2015</line></par>
</text>
</block>
<block><region><rect/></region>
<text>
<par>
<line>14</line></par>
</text>
</block>


























<block blockType="Picture" blockName="" l="764" t="56" r="2409" b="161"><region><rect/></region>
</block>
<block blockType="Picture" blockName="" l="355" t="1619" r="467" b="1710"><region><rect/></region>
</block>
<block blockType="Picture" blockName="" l="59" t="3387" r="2426" b="3455"><region><rect/></region>
</block>
<block blockType="Picture" blockName="" l="560" t="482" r="639" b="534"><region><rect/></region>
</block>
<block blockType="Picture" blockName="" l="1277" t="1324" r="1355" b="1396"><region><rect/></region>
</block>
<block blockType="Picture" blockName="" l="1133" t="1873" r="1197" b="1965"><region><rect/></region>
</block>
<block blockType="Picture" blockName="" l="777" t="2333" r="844" b="2436"><region><rect/></region>
</block>
<block blockType="Picture" blockName="" l="53" t="3381" r="2433" b="3462"><region><rect/></region>
</block>
<block blockType="Picture" blockName="" l="936" t="1688" r="1018" b="1789"><region><rect/></region>
</block>
<block blockType="Picture" blockName="" l="397" t="834" r="450" b="912"><region><rect/></region>
</block>
</page>
<page width="2481" height="3508" resolution="300">
<block><region><rect/></region>
<text>
<par>
<line>I</line></par>
</text>
</block>
<block><region><rect/></region>
<text>
<par>
<line>PLAN LOCAL D' URBANISME</line></par>
</text>
</block>
<block><region><rect/></region>
<text>
<par>
<line>Orientations d'aménagement et de programmation</line></par>
</text>
</block>
<block><region><rect/></region>
<text>
<par>
<line>ft</line></par>
</text>
</block>
<block><region><rect/></region>
<text>
<par/>
</text>
</block>
<block><region><rect/></region>
<text>
<par/>
</text>
</block>
<block><region><rect/></region>
<text>
<par>
<line>Déplacements</line></par>
<par>
<line>4..&gt; Transport en commun à créer</line></par>
<par>
<line>Accessibilité à renforcer</line></par>
<par>
<line>Cheminement doux à valoriser et renforcer</line>
<line>MiiiitiiiiMiiiiii Cheminement piéton au bord de l'eau</line></par>
</text>
</block>
<block><region><rect/></region>
<text>
<par>
<line>Développement urbain</line></par>
</text>
</block>
<block><region><rect/></region>
<text>
<par>
<line>Zone de restructuration et valorisation de l'espace public</line>
<line>Zone de renouveilement urbain</line></par>
<par>
<line>Périmètre de sursis à statuer</line>
<line>Restructuration des équipements structurants</line></par>
</text>
</block>
<block><region><rect/></region>
<text>
<par>
<line>Valoriser le linéaire commercial</line></par>
</text>
</block>
<block><region><rect/></region>
<text>
<par>
<line>Composition paysagère et inscription au sein de la trame verte et bleue</line></par>
</text>
</block>
<block><region><rect/></region>
<text>
<par>
<line>Trame verte et bleue à conforter</line></par>
</text>
</block>
<block><region><rect/></region>
<text>
<par>
<line>Continuités paysagères et visuelles à renforcer</line></par>
</text>
</block>
<block><region><rect/></region>
<text>
<par>
<line>Jardin public à créer</line></par>
</text>
</block>
<block><region><rect/></region>
<text>
<par>
<line>Paysage urbain et patrimoine à protéger et revaioriser</line></par>
<par>
<line>Prise en compte du caractère urbain et architectural</line></par>
</text>
</block>
<block><region><rect/></region>
<text>
<par>
<line>15</line></par>
</text>
</block>





































<block blockType="Picture" blockName="" l="764" t="56" r="2409" b="161"><region><rect/></region>
</block>
<block blockType="Picture" blockName="" l="59" t="3387" r="2426" b="3455"><region><rect/></region>
</block>
<block blockType="Picture" blockName="" l="69" t="50" r="2416" b="168"><region><rect/></region>
</block>
<block blockType="Picture" blockName="" l="53" t="3381" r="2433" b="3462"><region><rect/></region>
</block>
<block blockType="Picture" blockName="" l="453" t="1854" r="605" b="1922"><region><rect/></region>
</block>
<block blockType="Picture" blockName="" l="459" t="954" r="576" b="1014"><region><rect/></region>
</block>
</page>
<page width="2481" height="3508" resolution="300">
<block><region><rect/></region>
<text>
<par>
<line>OAP n°3</line></par>
</text>
</block>
<block><region><rect/></region>
<text>
<par>
<line>L'île Seguin, l'île culturelle, créative,</line>
<line>numérique et durable</line></par>
</text>
</block>


<block blockType="Picture" blockName="" l="4" t="5" r="2477" b="225"><region><rect/></region>
</block>
<block blockType="Picture" blockName="" l="787" t="227" r="1697" b="498"><region><rect/></region>
</block>
</page>
<page width="2481" height="3508" resolution="300">
<block><region><rect/></region>
<text>
<par>
<line>I</line></par>
</text>
</block>
<block><region><rect/></region>
<text>
<par>
<line>PLAN LOCAL Di URBANISME</line></par>
</text>
</block>
<block><region><rect/></region>
<text>
<par>
<line>Orientations d'aménagement et de programmation</line></par>
</text>
</block>
<block><region><rect/></region>
<text>
<par>
<line>it</line></par>
</text>
</block>
<block><region><rect/></region>
<text>
<par>
<line>J</line></par>
</text>
</block>
<block><region><rect/></region>
<text>
<par/>
</text>
</block>
<block><region><rect/></region>
<text>
<par>
<line>Contexte et objectifs</line></par>
</text>
</block>
<block><region><rect/></region>
<text>
<par>
<line>L'île Seguin est, à Boulogne-Billancourt, au sein de GPSO et à l'échelle du Grand Paris, un lieu</line>
<line>singulier, porteur à la fois d'une identité propre, d'une mémoire collective et d'un imaginaire fort, lié</line>
<line>à son histoire industrielle et à une situation géographique exceptionnelle dans l'un des plus beaux</line>
<line>méandres de la Seine.</line></par>
<par>
<line>Elle a vocation à devenir une île vivante, ouverte à tous et un lieu attractif et emblématique de la</line>
<line>« Vallée de la culture ».</line></par>
<par>
<line>Sa mutation est désormais une réalité.</line></par>
</text>
</block>
<block><region><rect/></region>
<text>
<par>
<line>La « Seine Musicale », équipement au rayonnement international, a ouvert ses portes en avril 2017</line>
<line>sur la pointe aval. Sur le reste de l'île, les autres programmes feront de ce site un symbole, celui d'un</line>
<line>passage entre le passé et l'avenir.</line></par>
<par>
<line>La pointe amont, futur haut lieu culturel du Grand Paris, accueillera un programme mixte composé</line>
<line>d'un pôle culturel, un cinéma, un hôtel ainsi que des bureaux et commerces. L'objectif visé est de</line>
<line>faire rayonner la création contemporaine auprès du grand public.</line></par>
<par>
<line>Sur la partie centrale, située entre les deux esplanades plantées, se développera un programme</line>
<line>mixte bureaux /activités. Celui-ci sera complété par un jardin ouvert au public et situé sur la rive sud</line>
<line>de l'île, ainsi que par un équipement sportif.</line></par>
<par>
<line>En lien avec le paysage, les aménagements de l'île permettront son ouverture sur le fleuve et son</line>
<line>inscription dans un environnement caractérisé par les coteaux du Val de Seine et, plus généralement,</line>
<line>dans la trame verte et bleue.</line></par>
<par>
<line>Les règles d'urbanisme applicable à l'île Seguin, classée en secteur UCc, doivent être lues et</line>
<line>appliquées en tenant compte de la présente orientation d'aménagement et de programmation.</line></par>
<par>
<line>1.Une île accessible à tous favorisant les mobilités douces</line></par>
<par>
<line>L'île Seguin sera largement accessible, tout en limitant strictement la circulation des véhicules</line>
<line>automobiles. L'aménagement des espaces publics sera conçu de manière à privilégier l'accueil et la</line>
<line>circulation des modes doux.</line></par>
</text>
</block>
<block><region><rect/></region>
<text>
<par>
<line>1.1Une offre de transports en commun de qualité</line></par>
<par>
<line>La desserte du site est actuellement assurée par le métro L9, le tramway T2 (grâce à la passerelle qui</line>
<line>relie l'ile Seguin à Sèvres et Meudon) et le réseau de bus. Elle devrait s'enrichir, d'une part, d'un</line>
<line>BHNS (Bus à Haut Niveau de Services), qui traversera les ponts Daydé et Seibert pour relier Meudon à</line>
<line>Boulogne-Billancourt, et d'autre part, de la ligne 15 du métro Grand Paris Express.</line></par>
</text>
</block>
<block><region><rect/></region>
<text>
<par>
<line>17</line></par>
</text>
</block>























<block blockType="Picture" blockName="" l="764" t="56" r="2409" b="161"><region><rect/></region>
</block>
<block blockType="Picture" blockName="" l="59" t="3387" r="2426" b="3455"><region><rect/></region>
</block>
<block blockType="Picture" blockName="" l="69" t="50" r="2416" b="168"><region><rect/></region>
</block>
<block blockType="Picture" blockName="" l="53" t="3381" r="2433" b="3462"><region><rect/></region>
</block>
</page>
<page width="2481" height="3508" resolution="300">
<block><region><rect/></region>
<text>
<par>
<line>I</line></par>
</text>
</block>
<block><region><rect/></region>
<text>
<par>
<line>PLAN LOCAL Di URBANISME</line></par>
</text>
</block>
<block><region><rect/></region>
<text>
<par>
<line>Orientations d'aménagement et de programmation</line></par>
</text>
</block>
<block><region><rect/></region>
<text>
<par/>
</text>
</block>
<block><region><rect/></region>
<text>
<par>
<line>J</line></par>
</text>
</block>
<block><region><rect/></region>
<text>
<par/>
</text>
</block>
<block><region><rect/></region>
<text>
<par>
<line>Pour faciliter les liens avec les modes de transports en commun présents sur les rives de Sèvres,</line>
<line>Meudon et Boulogne-Billancourt, cinq franchissements de la Seine seront, à terme, prévus : les ponts</line>
<line>Daydé et Seibert reconfigurés, le Pont Renault, la passerelle de Sèvres et, enfin, la passerelle reliant</line>
<line>la pointe aval au pôle multimodal du Pont de Sèvres.</line></par>
<par>
<line>Des moyens de transport en commun adaptés, destinés à faciliter les déplacements sur l'île, seront</line>
<line>mis en place.</line></par>
<par>
<line>1.2Un accès automobile strictement limité</line></par>
<par>
<line>L'accessibilité de l'île Seguin favorisera des modes de déplacement autres que l'automobile, dont</line>
<line>l'accès sera limité et contrôlé.</line></par>
<par>
<line>Privilégiant l'accès piéton, l'île ne sera ouverte à la circulation motorisée que pour :</line></par>
<par>
<line>les véhicules de secours et de lutte contre l'incendie ;</line>
<line>les transports en commun ;</line></par>
<par>
<line>les véhicules nécessaires à l'entretien et à la gestion des bâtiments, équipements et espaces</line>
<line>libres de l'île (livraisons, maintenance et exploitation, évacuation des ordures et des</line>
<line>déchets) ;</line></par>
<par>
<line>les véhicules et deux-roues motorisés des visiteurs et des employés, dont la circulation en</line>
<line>surface sera limitée à la distance strictement nécessaire pour rejoindre les stationnements</line>
<line>en sous-sol et dont les accès devront être situés au plus près des différents ponts de l'île,</line>
<line>pour libérer un maximum d'espaces publics dédiés aux modes doux.</line></par>
</text>
</block>
<block><region><rect/></region>
<text>
<par>
<line>1.3 Un stationnement contingenté</line></par>
<par>
<line>Le stationnement en surface des véhicules à moteur est interdit, à l'exception du stationnement</line>
<line>temporaire, sur des aires dédiées, des véhicules autorisés à circuler au titre de l'entretien et de la</line>
<line>gestion des bâtiments, équipements et espaces libres de l'île, tels que décrits au 1.2 ci-dessus. Le</line>
<line>stationnement en sous-sol devra être limité et ne pas excéder, sur l'ensemble de l'île, 950 places</line>
<line>pour les véhicules automobiles. Il devra comporter des aires en nombre suffisant pour deux-roues</line>
<line>motorisés et vélos.</line></par>
<par>
<line>1.4 Le développement de la desserte fluviale</line></par>
<par>
<line>L'utilisation de la voie fluviale sera développée, tant pour les besoins des travaux d'aménagement de</line>
<line>l'île que pour l'exploitation des activités qui y seront exercées et l'accès du public.</line></par>
<par>
<line>Les aménagements des berges de l'île seront réalisés à cet effet.</line></par>
</text>
</block>
<block><region><rect/></region>
<text>
<par>
<line>2.Des équipements et espaces largement ouverts au public</line></par>
<par>
<line>2.1Des esplanades largement ouvertes</line></par>
<par>
<line>Deux esplanades, situées aux débouchés respectifs, d'une part, des ponts Daydé et Seibert en partie</line>
<line>amont de l'île et, d'autre part, du pont Renault et de la passerelle sud, sur la partie aval, seront</line>
<line>aménagées pour être largement ouvertes au public et desservir, en aval, la Seine musicale et, en</line></par>
</text>
</block>
<block><region><rect/></region>
<text>
<par>
<line>18</line></par>
</text>
</block>























<block blockType="Picture" blockName="" l="764" t="56" r="2409" b="161"><region><rect/></region>
</block>
<block blockType="Picture" blockName="" l="59" t="3387" r="2426" b="3455"><region><rect/></region>
</block>
<block blockType="Picture" blockName="" l="69" t="50" r="2416" b="168"><region><rect/></region>
</block>
<block blockType="Picture" blockName="" l="53" t="3381" r="2433" b="3462"><region><rect/></region>
</block>
</page>
<page width="2481" height="3508" resolution="300">
<block><region><rect/></region>
<text>
<par>
<line>I</line></par>
</text>
</block>
<block><region><rect/></region>
<text>
<par>
<line>PLAN LOCAL Di URBANISME</line></par>
</text>
</block>
<block><region><rect/></region>
<text>
<par>
<line>Orientations d'aménagement et de programmation</line></par>
</text>
</block>
<block><region><rect/></region>
<text>
<par>
<line>it</line></par>
</text>
</block>
<block><region><rect/></region>
<text>
<par>
<line>J</line></par>
</text>
</block>
<block><region><rect/></region>
<text>
<par/>
</text>
</block>
<block><region><rect/></region>
<text>
<par>
<line>amont, un pôle culturel, des bureaux et un hôtel. Elles permettront également la desserte des</line>
<line>réseaux et galeries techniques situés sur l'île. Ces esplanades seront aménagées pour concilier les</line>
<line>déplacements des piétons, qui seront privilégiés, et la circulation limitée et contrôlée des véhicules.</line>
<line>Elles seront plantées d'arbres en tenant compte de l'ensemble de ces fonctionnalités.</line></par>
<par>
<line>2.2Un déplacement sur l'île facilité</line></par>
<par>
<line>Les aménagements réalisés sur l'île devront permettre au public de s'y déplacer sans discontinuité de</line>
<line>la pointe amont à la pointe aval et de la rive sud à la rive nord.</line></par>
<par>
<line>A cet effet :</line></par>
<par>
<line>une première circulation publique à la cote moyenne de 29 m NGF environ (berge basse) sera</line>
<line>aménagée sur le pourtour de l'île ;</line></par>
<par>
<line>une deuxième circulation publique sera également aménagée au sud (côté Meudon) depuis</line>
<line>les deux esplanades à la cote 37 m NGF environ pour descendre en pente douce (PMR)</line>
<line>jusqu'à la cote 31,5 m NGF environ. Cette circulation sera distincte du jardin attenant, situé</line>
<line>sur la rive sud ;</line></par>
<par>
<line>une troisième circulation publique sera aménagée à la cote 37 m NGF environ, dont le tracé</line>
<line>sera hors de l'emprise du jardin ;</line></par>
<par>
<line>Les aménagements correspondants seront conçus pour favoriser les déplacements du public, soit à</line>
<line>pied, soit en transports en commun adaptés, soit les deux et permettre le développement d'usages</line>
<line>mixtes de commerce, de détente et de loisir. Ces circulations seront plantées d'arbres en tenant</line>
<line>compte de ces fonctionnalités.</line></par>
</text>
</block>
<block><region><rect/></region>
<text>
<par>
<line>Le passage d'une rive à l'autre de l'île devra pouvoir se faire, y compris pour les personnes à mobilité</line>
<line>réduite, en cinq points :</line></par>
</text>
</block>
<block><region><rect/></region>
<text>
<par>
<line>les deux esplanades précitées,</line>
<line>une percée sur la pointe amont,</line></par>
<par>
<line>deux percées sur la partie centrale dont la largueur ne pourra être inférieure à 20 mètres</line>
<line>pour garantir la fluidité de la circulation piétonnière.</line></par>
</text>
</block>
<block><region><rect/></region>
<text>
<par>
<line>2.3Un espace vert ouvert au public</line></par>
<par>
<line>Un jardin ouvert au public d'au moins 15 000 m^, d'un seul tenant, situé dans sa partie centrale et en</line>
<line>rive sud de l'île, sera créé. Son accès sera largement ouvert à ses extrémités (15 mètres minimum), à</line>
<line>partir de chacune des deux esplanades, avec lesquelles elles formeront un ensemble continu.</line>
<line>L'intégrité de ce parc ne pourra être compromise par des avancées du bâti susceptibles d'en réduire</line>
<line>ses dimensions.</line></par>
<par>
<line>Ce jardin sera planté d'arbres de haute tige et végétalisé sur les deux tiers au minimum de sa</line>
<line>superficie. Au moins 50 % de la surface du jardin présentera une épaisseur de terre végétale</line>
<line>minimale de 2 m afin de permettre la plantation d'arbres de grand développement. Pour la surface</line>
<line>restante, l'épaisseur de terre sera adaptée au type de végétation accueillie : épaisseur minimale de 1</line>
<line>m de terre pour les masses arbustives et de 50 cm de terre pour la végétation plus basse.</line></par>
</text>
</block>
<block><region><rect/></region>
<text>
<par>
<line>19</line></par>
</text>
</block>























<block blockType="Picture" blockName="" l="764" t="56" r="2409" b="161"><region><rect/></region>
</block>
<block blockType="Picture" blockName="" l="59" t="3387" r="2426" b="3455"><region><rect/></region>
</block>
<block blockType="Picture" blockName="" l="69" t="50" r="2416" b="168"><region><rect/></region>
</block>
<block blockType="Picture" blockName="" l="53" t="3381" r="2433" b="3462"><region><rect/></region>
</block>
</page>
<page width="2481" height="3508" resolution="300">
<block><region><rect/></region>
<text>
<par>
<line>I</line></par>
</text>
</block>
<block><region><rect/></region>
<text>
<par>
<line>PLAN LOCAL Di URBANISME</line></par>
</text>
</block>
<block><region><rect/></region>
<text>
<par>
<line>Orientations d'aménagement et de programmation</line></par>
</text>
</block>
<block><region><rect/></region>
<text>
<par>
<line>Le jardin bénéficiera d'un aménagement destiné à l'agrément du public et pourra être rejoint, en</line>
<line>partie centrale de l'île, à partir de sa rive nord, par les deux percées déjà mentionnées.</line></par>
</text>
</block>
<block><region><rect/></region>
<text>
<par>
<line>lt</line></par>
</text>
</block>
<block><region><rect/></region>
<text>
<par>
<line>J</line></par>
</text>
</block>
<block><region><rect/></region>
<text>
<par/>
</text>
</block>
<block><region><rect/></region>
<text>
<par>
<line>3.Un bâti qui s'intégre harmonieusement dans l'environnement</line></par>
<par>
<line>L'île Seguin s'inscrit dans un environnement de qualité. Son urbanisation, réalisée en trois séquences</line>
<line>distinctes (amont, centre et aval), séparées par les deux esplanades, devra être maîtrisée et conçue</line>
<line>dans un souci de meilleure intégration possible dans cet environnement.</line></par>
<par>
<line>L'aménagement de l'île devra être réalisé dans le respect des objectifs suivants :</line></par>
<par>
<line>3.1 Surface des constructions</line></par>
<par>
<line>Afin de garantir une urbanisation maîtrisée, la surface totale de plancher susceptible d'être créée sur</line>
<line>l'ensemble de l'île Seguin ne devra pas dépasser 230 000 m^.</line></par>
<par>
<line>3.2 Hauteur des constructions</line></par>
<par>
<line>La hauteur des constructions, mesurée hors tout, ne pourra excéder la cote 74 m NGF.</line></par>
</text>
</block>
<block><region><rect/></region>
<text>
<par>
<line>Toutefois, en partie centrale de l'île, le bâti pourra atteindre, en un point unique, la hauteur hors tout</line>
<line>de 96 m NGF, à la condition, cependant, que, par son implantation, ses dimensions et son aspect, la</line>
<line>construction présente un impact visuel limité. Ce bâtiment devra être conçu selon un parti pris</line>
<line>architectural permettant d'en limiter très sensiblement l'aspect massif et l'impact visuel à partir de</line>
<line>chacune des berges de la Seine, en privilégiant notamment une implantation perpendiculaire à l'axe</line>
<line>longitudinal de l'île. A cet effet, cet immeuble ne pourra avoir en aucun point, dans sa partie haute,</line>
<line>au-dessus de la cote 74 m NGF, une largeur hors tout supérieure à 30 mètres.</line></par>
</text>
</block>
<block><region><rect/></region>
<text>
<par>
<line>3.3Aspect des constructions</line></par>
</text>
</block>
<block><region><rect/></region>
<text>
<par>
<line>De façon générale, le bâti devra présenter des discontinuités et des différences de hauteurs dans le</line>
<line>respect de l'article 10 du règlement, afin d'éviter la réalisation d'un front uniforme et massif, en</line>
<line>particulier, le cas échéant, pour la partie basse de l'immeuble de grande hauteur.</line></par>
</text>
</block>
<block><region><rect/></region>
<text>
<par>
<line>Les deux percées prévues pour la traversée de l'île dans sa partie centrale seront aménagées pour</line>
<line>permettre une vue dégagée sur toute la hauteur d'une rive à l'autre. Seuls des éléments de</line>
<line>couverture, prévus dans un souci d'harmonie et de continuité architecturale, pourront être autorisés.</line>
<line>Ils devront, dans ce cas, être conçus de telle sorte que, par leurs dimensions, leur aspect et leur</line>
<line>positionnement, la gêne visuelle soit la plus réduite possible.</line></par>
<par>
<line>La cohérence des bâtis de chaque séquence de l'île devra être recherchée par des partis pris</line>
<line>architecturaux, qui pourront être différents mais devront constituer un ensemble équilibré et</line>
<line>harmonieux. Dans le respect de cet objectif, la partie centrale de l'île, compte tenu de l'importance</line>
<line>des aménagements qu'elle est susceptible d'accueillir, devra faire place à une diversité des</line>
<line>conceptions architecturales pour éviter qu'elle apparaisse comme un ensemble unique et massif.</line></par>
</text>
</block>
<block><region><rect/></region>
<text>
<par>
<line>3.4Qualité des constructions</line></par>
</text>
</block>
<block><region><rect/></region>
<text>
<par>
<line>Les constructions devront être exemplaires en matière de développement durable et présenter, par</line>
<line>le biais de certifications et de démarches HQE, un haut niveau de qualité environnementale et de</line>
<line>qualité d'usages. Le choix des matériaux et des écritures architecturales devra se faire dans un</line></par>
</text>
</block>
<block><region><rect/></region>
<text>
<par>
<line>20</line></par>
</text>
</block>























<block blockType="Picture" blockName="" l="764" t="56" r="2409" b="161"><region><rect/></region>
</block>
<block blockType="Picture" blockName="" l="59" t="3387" r="2426" b="3455"><region><rect/></region>
</block>
<block blockType="Picture" blockName="" l="69" t="50" r="2416" b="168"><region><rect/></region>
</block>
<block blockType="Picture" blockName="" l="53" t="3381" r="2433" b="3462"><region><rect/></region>
</block>
</page>
<page width="2481" height="3508" resolution="300">
<block><region><rect/></region>
<text>
<par>
<line>I</line></par>
</text>
</block>
<block><region><rect/></region>
<text>
<par>
<line>PLAN LOCAL Di URBANISME</line></par>
</text>
</block>
<block><region><rect/></region>
<text>
<par>
<line>Orientations d'aménagement et de programmation</line></par>
</text>
</block>
<block><region><rect/></region>
<text>
<par>
<line>objectif de très bonne intégration du bâti dans le site exceptionnel de l'île Seguin et de pérennité</line>
<line>dans le temps.</line></par>
</text>
</block>
<block><region><rect/></region>
<text>
<par>
<line>lt</line></par>
</text>
</block>
<block><region><rect/></region>
<text>
<par>
<line>J</line></par>
</text>
</block>
<block><region><rect/></region>
<text>
<par/>
</text>
</block>
<block><region><rect/></region>
<text>
<par>
<line>4. Des commerces de proximité et des lieux de restauration localisés</line></par>
<par>
<line>L'île pourra accueillir des activités commerciales et de restauration, destinées aux personnes</line>
<line>travaillant sur l'île mais aussi au public attiré par les activités, notamment culturelles, proposées et le</line>
<line>jardin. L'implantation des commerces de proximité et des restaurants ouverts au public devra être</line>
<line>conçue de façon cohérente à l'échelle de l'île et avec l'objectif d'assurer l'animation des espaces</line>
<line>publics ou privés ouverts au public. L'accès devra être prioritairement réalisé depuis le niveau de</line>
<line>référence de l'île, soit à la cote 37 m NGF environ.</line></par>
<par>
<line>5. Usages réglementés</line></par>
<par>
<line>L'atterrissage et le décollage d'engins volants sont interdits sur l'ensemble de l'île, à l'exception de</line>
<line>ceux nécessaires aux secours.</line></par>
<par>
<line>Les dispositifs de publicité, enseignes, pré-enseignes dont l'installation est régie par les dispositions</line>
<line>du chapitre 1er du titre VIN du livre V du code de l'environnement doivent présenter des</line>
<line>caractéristiques permettant de garantir le respect du site et de son environnement.</line></par>
</text>
</block>
<block><region><rect/></region>
<text>
<par>
<line>21</line></par>
</text>
</block>























<block blockType="Picture" blockName="" l="764" t="56" r="2409" b="161"><region><rect/></region>
</block>
<block blockType="Picture" blockName="" l="59" t="3387" r="2426" b="3455"><region><rect/></region>
</block>
<block blockType="Picture" blockName="" l="69" t="50" r="2416" b="168"><region><rect/></region>
</block>
<block blockType="Picture" blockName="" l="53" t="3381" r="2433" b="3462"><region><rect/></region>
</block>
</page>
<page width="2481" height="3508" resolution="300">
<block><region><rect/></region>
<text>
<par>
<line>I</line></par>
</text>
</block>
<block><region><rect/></region>
<text>
<par>
<line>PLAN LOCAL D' URBANISME</line></par>
</text>
</block>
<block><region><rect/></region>
<text>
<par>
<line>Orientations d'aménagement et de programmation</line></par>
</text>
</block>
<block><region><rect/></region>
<text>
<par>
<line>=.Q;-</line></par>
</text>
</block>
<block><region><rect/></region>
<text>
<par>
<line>ft</line></par>
</text>
</block>
<block><region><rect/></region>
<text>
<par/>
</text>
</block>
<block><region><rect/></region>
<text>
<par/>
</text>
</block>
<block><region><rect/></region>
<text>
<par/>
</text>
</block>
<block><region><rect/></region>
<text>
<par/>
</text>
</block>
<block><region><rect/></region>
<text>
<par>
<line>M9 .'Ml</line></par>
</text>
</block>
<block><region><rect/></region>
<text>
<par/>
</text>
</block>
<block><region><rect/></region>
<text>
<par/>
</text>
</block>
<block><region><rect/></region>
<text>
<par>
<line>/</line></par>
</text>
</block>
<block><region><rect/></region>
<text>
<par/>
</text>
</block>
<block><region><rect/></region>
<text>
<par/>
</text>
</block>
<block><region><rect/></region>
<text>
<par/>
</text>
</block>
<block><region><rect/></region>
<text>
<par>
<line>’Â</line></par>
</text>
</block>
<block><region><rect/></region>
<text>
<par>
<line>é</line></par>
</text>
</block>
<block><region><rect/></region>
<text>
<par>
<line>m</line></par>
</text>
</block>
<block><region><rect/></region>
<text>
<par/>
</text>
</block>
<block><region><rect/></region>
<text>
<par>
<line>a</line></par>
</text>
</block>
<block><region><rect/></region>
<text>
<par/>
</text>
</block>
<block><region><rect/></region>
<text>
<par>
<line>V</line></par>
</text>
</block>
<block><region><rect/></region>
<text>
<par/>
</text>
</block>
<block><region><rect/></region>
<text>
<par/>
</text>
</block>
<block><region><rect/></region>
<text>
<par>
<line>T2</line></par>
</text>
</block>
<block><region><rect/></region>
<text>
<par/>
</text>
</block>
<block><region><rect/></region>
<text>
<par>
<line>©</line></par>
</text>
</block>
<block><region><rect/></region>
<text>
<par/>
</text>
</block>
<block><region><rect/></region>
<text>
<par/>
</text>
</block>
<block><region><rect/></region>
<text>
<par>
<line>'A</line></par>
</text>
</block>
<block><region><rect/></region>
<text>
<par>
<line>Principes structurants de rlle Seguin</line></par>
</text>
</block>
<block blockType="Table" blockName="" l="420" t="2293" r="2107" b="2804"><region><rect/></region>
<row>
<cell colSpan="2" leftBorder="White" topBorder="White" rightBorder="White" bottomBorder="White" width="765" height="60">
<text>
<par>
<line>Eléments de contexte</line></par>
</text></cell>
<cell leftBorder="White" topBorder="White" rightBorder="White" width="922" height="60">
<text>
<par>
<line>Eléments prescriptifs</line></par>
</text></cell></row>
<row>
<cell leftBorder="White" topBorder="White" rightBorder="White" bottomBorder="White" width="108" height="99">
<text>
<par>
<line>/</line></par>
</text></cell>
<cell leftBorder="White" topBorder="White" rightBorder="White" bottomBorder="White" width="657" height="99">
<text>
<par>
<line>Franchissements</line></par>
</text></cell>
<cell leftBorder="White" rightBorder="White" bottomBorder="White" width="922" height="99">
<text>
<par>
<line>Jardin ouvert au public</line></par>
<par>
<line>d'un seul tenant de 15 000 m^ minimum</line></par>
</text></cell></row>
<row>
<cell leftBorder="White" topBorder="White" rightBorder="White" bottomBorder="White" width="108" height="78">
<text>
<par/>
</text></cell>
<cell leftBorder="White" topBorder="White" rightBorder="White" bottomBorder="White" width="657" height="78">
<text>
<par>
<line>Seine Musicale</line></par>
</text></cell>
<cell leftBorder="White" topBorder="White" rightBorder="White" bottomBorder="White" width="922" height="78">
<text>
<par>
<line>Promenade piétonne traversant le jardin</line></par>
</text></cell></row>
<row>
<cell rowSpan="2" leftBorder="White" topBorder="White" rightBorder="White" bottomBorder="White" width="108" height="176">
<text>
<par>
<line>©</line></par>
</text></cell>
<cell leftBorder="White" topBorder="White" rightBorder="White" bottomBorder="White" width="657" height="91">
<text>
<par>
<line>Equipement</line></par>
</text></cell>
<cell leftBorder="White" topBorder="White" rightBorder="White" bottomBorder="White" width="922" height="91">
<text>
<par>
<line>^^ Percées visuelles et piétonnes</line></par>
</text></cell></row>
<row>
<cell leftBorder="White" topBorder="White" rightBorder="White" bottomBorder="White" width="657" height="85">
<text>
<par>
<line>Esplanades ouvertes sur le paysage</line></par>
</text></cell>
<cell leftBorder="White" topBorder="White" rightBorder="White" bottomBorder="White" width="922" height="85">
<text>
<par>
<line>Largueur minimale de 20 mètres</line></par>
</text></cell></row>
<row>
<cell leftBorder="White" topBorder="White" rightBorder="White" bottomBorder="White" width="108" height="98">
<text>
<par/>
</text></cell>
<cell leftBorder="White" topBorder="White" rightBorder="White" bottomBorder="White" width="657" height="98">
<text>
<par>
<line>Station de métro / tramway</line></par>
</text></cell>
<cell leftBorder="White" topBorder="White" rightBorder="White" bottomBorder="White" width="922" height="98">
<text>
<par>
<line>» i Zone d'implantation privilégiée pour l'IGH</line></par>
<par>
<line>(maximum +96.00 mètres NGF)</line></par>
</text></cell></row>
</block>
<block><region><rect/></region>
<text>
<par>
<line>Zone d'implantation d'une voie publique</line>
<line>au niveau + 37 mètres NGF environ</line></par>
<par>
<line>Voie publique reliant les esplanades</line>
<line>au niveau + 31,50 mètres NGF environ</line></par>
<par>
<line>Circulation piétonne publique</line>
<line>au niveau + 29 m NGF environ</line></par>
</text>
</block>
<block><region><rect/></region>
<text>
<par>
<line>Source ; Cadastre DGFIP©millesime 2015</line></par>
</text>
</block>
<block><region><rect/></region>
<text>
<par>
<line>22</line></par>
</text>
</block>





























<block blockType="Picture" blockName="" l="764" t="56" r="2409" b="161"><region><rect/></region>
</block>
<block blockType="Picture" blockName="" l="59" t="3387" r="2426" b="3455"><region><rect/></region>
</block>
<block blockType="Picture" blockName="" l="53" t="3381" r="2433" b="3462"><region><rect/></region>
</block>
</page>
</OAP>