<?xml version="1.0" encoding="UTF-8"?><OAP>
<page width="2481" height="3508" resolution="300">
<block><region><rect/><rect/><rect/><rect/><rect/><rect/><rect/></region>
<text>
<par>
<line>PLU</line></par>
<par>
<line>plan (oui d'urbanisme</line></par>
</text>
</block>
<block><region><rect/></region>
<text>
<par>
<line>PLAN LOCAL</line>
<line>D'URBANISME</line></par>
</text>
</block>
<block><region><rect/></region>
<text>
<par>
<line>4. Orientations d’Aménagement et de Programmation (OAP)</line></par>
<par>
<line>PLU révisé approuvé par délibération du Conseil de Territoire en date du 27 juin 2017</line></par>
</text>
</block>
<block><region><rect/></region>
<text>
<par/>
</text>
</block>
<block><region><rect/></region>
<text>
<par/>
</text>
</block>
<block><region><rect/></region>
<text>
<par>
<line>jtr</line></par>
</text>
</block>
<block><region><rect/></region>
<text>
<par>
<line>sr</line></par>
</text>
</block>
<block><region><rect/></region>
<text>
<par>
<line>ircucll</line></par>
</text>
</block>
<block><region><rect/></region>
<text>
<par>
<line>%</line></par>
</text>
</block>
<block><region><rect/></region>
<text>
<par>
<line>Orientations d'Aménagement et de Programmation (OAP)</line></par>
</text>
</block>
<block><region><rect/></region>
<text>
<par>
<line>Bureau d'études en urbanisme</line></par>
</text>
</block>
<block><region><rect/></region>
<text>
<par>
<line>Dossier approuvé</line></par>
</text>
</block>


</page>
<page width="2481" height="3508" resolution="300">
<block><region><rect/></region>
<text>
<par>
<line>Préambule</line></par>
</text>
</block>
<block><region><rect/></region>
<text>
<par>
<line>Article L151-6 et L.151-7 du code de</line>
<line>l'urbanisme</line></par>
<par>
<line>Dans le respect des orientations définies par le</line>
<line>projet d'aménagement et de développement</line>
<line>durables, les orientations d'aménagement et</line>
<line>de programmation comprennent des</line>
<line>dispositions portant notamment sur</line>
<line>l'aménagement, l'habitat, les transports et les</line>
<line>déplacements.</line></par>
</text>
</block>
<block><region><rect/></region>
<text>
<par>
<line>Les OAP sont opposables lors de la délivrance</line>
<line>des autorisations d'urbanisme en termes de</line>
<line>"compatibilité", c'est- à-dire qu'il ne doit pas y</line>
<line>avoir de contradiction majeure entre</line>
<line>l'orientation et le projet. Autrement dit, le</line>
<line>projet ne doit pas remettre en cause les</line>
<line>orientations. Il doit les mettre en oeuvre.</line></par>
</text>
</block>
<block><region><rect/></region>
<text>
<par>
<line>Les OAP « spatialisées sur un secteur » ont</line>
<line>pour principal intérêt d'inscrire les futurs</line>
<line>projets opérationnels dans la cohérence</line>
<line>d'ensemble du projet d'aménagement et de</line>
<line>développement durables du PLU.</line></par>
</text>
</block>
<block><region><rect/></region>
<text>
<par>
<line>Orientations d'Aménagement et de Programmation (OAP)</line></par>
</text>
</block>

</page>
<page width="2481" height="3508" resolution="300">
<block><region><rect/></region>
<text>
<par>
<line>3</line></par>
</text>
</block>
<block><region><rect/></region>
<text>
<par>
<line>OAP n°l</line></par>
<par>
<line>Secteur Hôtel de Ville</line></par>
<par>
<line>Principes généraux</line></par>
<par>
<line>Cette OAP exprime les principes généraux du projet. Les</line>
<line>cahiers des charges qui seront élaborés en phase</line>
<line>opérationnelle donneront les aspects détaillés du projet.</line></par>
<par>
<line>Ce projet ambitieux et concerté avec les habitants depuis</line>
<line>2010 vise à dynamiser ce pôle de centralité situé entre la gare</line>
<line>RER et les 4 Cités en aménageant un lieu attractif, vivant et</line>
<line>accueillant.</line></par>
<par>
<line>1)Programmation</line></par>
<par>
<line>Programme</line></par>
</text>
</block>
<block><region><rect/></region>
<text>
<par>
<line>PLU</line></par>
<par>
<line>planloul d’urbanisme</line></par>
</text>
</block>
<block><region><rect/></region>
<text>
<par>
<line>Le périmètre du projet a été défini pour créer une</line>
<line>meilleure articulation entre les deux rives de l'avenue</line>
<line>Paul Doumer, de l'Hôtel de Ville à son environnement et</line>
<line>entre le fond de vallée et la Bièvre.</line></par>
</text>
</block>
<block><region><rect/></region>
<text>
<par>
<line>• Le programme compte environ 350 logements avec une</line>
<line>offre diversifiée permettant une mixité sociale. Les</line>
<line>logements seront situés à proximité immédiate des</line>
<line>équipements, des transports et des services de la ville.</line></par>
<par>
<line>• le renforcement du commerce avenue Paul Doumer</line>
<line>accompagné d'une animation des espaces publics de part</line>
<line>et d'autre de l'esplanade.</line></par>
</text>
</block>
<block><region><rect/></region>
<text>
<par>
<line>• Des équipements publics regroupés sur un site</line>
<line>(Hôtel de Ville, galerie municipale. Point Information</line>
<line>Jeunesse) pour plus de lisibilité et de liens avec les</line>
<line>autres équipements existants (médiathèque. Maison</line>
<line>des Solidarités, équipements scolaires, parking</line>
<line>public, etc.), et l'extension de l'école Barbusse.</line></par>
</text>
</block>
<block><region><rect/></region>
<text>
<par>
<line>Principes architecturaux et urbains</line></par>
</text>
</block>
<block><region><rect/></region>
<text>
<par>
<line>Q</line></par>
</text>
</block>
<block><region><rect/></region>
<text>
<par>
<line>©</line></par>
</text>
</block>
<block><region><rect/></region>
<text>
<par>
<line>Ilot Belvédère</line></par>
<par>
<line>• Un immeuble remarquable, d'architecture particulièrement</line>
<line>soignée, signal de la centralité dans le paysage, repère de la</line>
<line>présence de l'Hôtel de Ville, à l'articulation entre la ville</line>
<line>haute et le fond de vallée, comprenant des logements en</line>
<line>accession, ainsi qu'une programmation d'équipements</line>
<line>et/ou d'activité économique aux rez-de-chaussée ;</line></par>
<par>
<line>• Une programmation ouverte sur les espaces publics ;</line></par>
<par>
<line>• Une implantation du bâti privilégiant les vues lointaines</line>
<line>vers l'aqueduc et le coteau ;</line></par>
<par>
<line>• Un lien travaillé à l'Hôtel de Ville.</line></par>
<par>
<line>Ilot Rive Nord côté Henri Barbusse</line></par>
<par>
<line>• Des rez-de-chaussée d'immeubles d'habitation visant à</line>
<line>accueillir une programmation ouverte sur l'avenue</line>
<line>(commerces, activités économiques...);</line></par>
<par>
<line>• Extension du groupe scolaire Barbusse ;</line></par>
<par>
<line>• Création d'un front bâti animé sur l'avenue Paul Doumer,</line>
<line>avec une diversité volumétrique, un épannelage et des</line>
<line>façades variés ;</line></par>
<par>
<line>• Constitution d'un épannelage qui assure une transition</line>
<line>architecturale qualitative avec les ensembles pavillonnaires</line>
<line>environnants ;</line></par>
<par>
<line>• Lien de qualité avec l'école.</line></par>
</text>
</block>
<block><region><rect/></region>
<text>
<par>
<line>^ Ilot Rive Nord côté Raspail</line></par>
<par>
<line>• Un système architectural qui tire partie du talus et de</line>
<line>la différence de niveau entre l'avenue Paul Doumer</line>
<line>et l'avenue François Vincent Raspail, notamment</line>
<line>dans le traitement des façades et l'organisation</line>
<line>intérieure des bâtiments ;</line></par>
<par>
<line>• Un traitement qualitatif des rez-de-chaussée - côtés</line>
<line>avenue Doumer et avenue François-Vincent Raspail -</line>
<line>en lien avec les espaces publics de ces avenues ;</line></par>
<par>
<line>• L'organisation et la valorisation d'un cheminement</line>
<line>doux public ;</line></par>
<par>
<line>• Un traitement qualitatif des toitures des volumes</line>
<line>bas, visibles depuis l'espace public et les logements</line>
<line>alentours.</line></par>
</text>
</block>
<block><region><rect/></region>
<text>
<par>
<line>©</line></par>
</text>
</block>
<block><region><rect/></region>
<text>
<par>
<line>Ilot Bièvre</line></par>
<par>
<line>• Une volumétrie qui conserve la vue de l'aqueduc</line>
<line>depuis le belvédère. Un traitement qualitatif des</line>
<line>toitures des volumes bas, visibles depuis les étages</line>
<line>élevés et du belvédère ;</line></par>
<par>
<line>• Une volonté de créer de véritables façades sur la</line>
<line>Bièvre afin d'animer les abords de la future</line>
<line>promenade, ainsi que sur la liaison vers la Bièvre et</line>
<line>l'avenue François-Vincent Raspail.</line></par>
</text>
</block>
<block><region><rect/></region>
<text>
<par>
<line>©</line></par>
</text>
</block>
<block><region><rect/></region>
<text>
<par>
<line>Ilot Rive Nord côté jardin</line></par>
<par>
<line>• L'intégration de percées visuelles vers le coteau et le ciel</line>
<line>depuis un espace vert public à créer ;</line></par>
<par>
<line>• Constitution d'un épannelage qui assure une transition</line>
<line>volumétrique qualitative avec les habitations et jardins en</line>
<line>contre-bas, sur la rue Joachim de Bellay.</line></par>
</text>
</block>
<block><region><rect/></region>
<text>
<par>
<line>©</line></par>
</text>
</block>
<block><region><rect/></region>
<text>
<par>
<line>Ilot Esplanade</line></par>
<par>
<line>• Architecture dialoguant particulièrement avec le bâti</line>
<line>patrimonial existant ;</line></par>
<par>
<line>• Des rez-de-chaussée ouverts sur l'avenue et</line>
<line>l'esplanade, pouvant accueillir un programme qui</line>
<line>anime les espaces publics environnants.</line></par>
</text>
</block>
<block><region><rect/></region>
<text>
<par>
<line>ircucil</line></par>
</text>
</block>
<block><region><rect/></region>
<text>
<par>
<line>LJ^psce</line></par>
<par>
<line>%</line></par>
</text>
</block>
<block><region><rect/></region>
<text>
<par>
<line>Orientations d'Aménagement et de Programmation (OAP)</line></par>
</text>
</block>
<block><region><rect/></region>
<text>
<par>
<line>Bureau d'études en urbanisme</line></par>
</text>
</block>
<block><region><rect/></region>
<text>
<par>
<line>Dossier approuvé</line></par>
</text>
</block>
</page>
<page width="2481" height="3508" resolution="300">
<block><region><rect/></region>
<text>
<par>
<line>4</line></par>
</text>
</block>
<block><region><rect/></region>
<text>
<par>
<line>OAP n°l</line></par>
</text>
</block>
<block><region><rect/></region>
<text>
<par>
<line>Hôtel de Ville</line></par>
</text>
</block>
<block><region><rect/></region>
<text>
<par>
<line>Schéma d'implantation</line>
<line>et de programmation</line></par>
</text>
</block>
<block><region><rect/></region>
<text>
<par>
<line>□</line></par>
</text>
</block>
<block><region><rect/></region>
<text>
<par>
<line>R+5</line></par>
</text>
</block>
<block><region><rect/></region>
<text>
<par>
<line>Périmètre de l'OAP</line></par>
</text>
</block>
<block><region><rect/></region>
<text>
<par>
<line>îlot à dominante logement</line></par>
</text>
</block>
<block><region><rect/></region>
<text>
<par>
<line>Hauteur maximale autorisée par îlot et principe</line>
<line>de dégressivité vers les quartiers pavillonnaires</line></par>
<par>
<line>îlot mixte (logements, activités, équipements)</line></par>
</text>
</block>
<block><region><rect/></region>
<text>
<par>
<line>îlot équipements publics</line></par>
<par>
<line>Construction existante</line></par>
<par>
<line>Préservation et valorisation des bâtiments</line>
<line>existants</line></par>
<par>
<line>Ouverture des façades des constructions vers la</line>
<line>Bièvre et la liaison Bièvre</line></par>
<par>
<line>Distance de retrait égale à la hauteur du bâtiment</line></par>
</text>
</block>
<block><region><rect/></region>
<text>
<par>
<line>R+5</line></par>
</text>
</block>
<block><region><rect/></region>
<text>
<par/>
</text>
</block>
<block><region><rect/></region>
<text>
<par>
<line>R+</line></par>
</text>
</block>
<block><region><rect/></region>
<text>
<par/>
</text>
</block>
<block><region><rect/></region>
<text>
<par>
<line>»</line></par>
</text>
</block>
<block><region><rect/></region>
<text>
<par/>
</text>
</block>
<block><region><rect/></region>
<text>
<par>
<line>%</line></par>
</text>
</block>
<block><region><rect/></region>
<text>
<par>
<line>@</line></par>
</text>
</block>
<block><region><rect/></region>
<text>
<par>
<line>R+4</line></par>
</text>
</block>
<block><region><rect/></region>
<text>
<par>
<line>+4</line></par>
</text>
</block>
<block><region><rect/></region>
<text>
<par/>
</text>
</block>
<block><region><rect/></region>
<text>
<par/>
</text>
</block>
<block><region><rect/></region>
<text>
<par>
<line>f</line></par>
</text>
</block>
<block><region><rect/></region>
<text>
<par/>
</text>
</block>
<block><region><rect/></region>
<text>
<par/>
</text>
</block>
<block><region><rect/></region>
<text>
<par>
<line>R+5</line></par>
</text>
</block>
<block><region><rect/></region>
<text>
<par/>
</text>
</block>
<block><region><rect/></region>
<text>
<par>
<line>maximum</line></par>
</text>
</block>
<block><region><rect/></region>
<text>
<par/>
</text>
</block>
<block><region><rect/></region>
<text>
<par>
<line>Retrait : L=H</line></par>
</text>
</block>
<block><region><rect/></region>
<text>
<par>
<line>a</line></par>
</text>
</block>
<block><region><rect/><rect/></region>
<text>
<par/>
</text>
</block>
<block><region><rect/></region>
<text>
<par>
<line>ii+4</line></par>
</text>
</block>
<block><region><rect/></region>
<text>
<par>
<line>R+2</line></par>
</text>
</block>
<block><region><rect/></region>
<text>
<par>
<line>R+4 --</line></par>
</text>
</block>
<block><region><rect/></region>
<text>
<par>
<line>Retrait : L=</line></par>
</text>
</block>
<block><region><rect/></region>
<text>
<par>
<line>R+2</line></par>
</text>
</block>
<block><region><rect/></region>
<text>
<par>
<line>R+2</line></par>
</text>
</block>
<block><region><rect/></region>
<text>
<par/>
</text>
</block>
<block><region><rect/></region>
<text>
<par>
<line>R+4</line></par>
</text>
</block>
<block><region><rect/></region>
<text>
<par/>
</text>
</block>
<block><region><rect/></region>
<text>
<par>
<line>r</line></par>
</text>
</block>
<block><region><rect/></region>
<text>
<par/>
</text>
</block>
<block><region><rect/><rect/><rect/></region>
<text>
<par>
<line>R^</line></par>
</text>
</block>
<block><region><rect/></region>
<text>
<par/>
</text>
</block>
<block><region><rect/></region>
<text>
<par>
<line>♦</line></par>
</text>
</block>
<block><region><rect/></region>
<text>
<par>
<line>R+2</line></par>
</text>
</block>
<block><region><rect/></region>
<text>
<par>
<line>/</line></par>
</text>
</block>
<block><region><rect/></region>
<text>
<par/>
</text>
</block>
<block><region><rect/><rect/><rect/></region>
<text>
<par>
<line>\ / ^ \ R+5</line></par>
<par>
<line>depuis l'avenue Paul</line></par>
<par>
<line>©\ Doumer ..</line></par>
<par>
<line>X \ R+IO/ ('^+3 depuis</line></par>
<par>
<line>'\ depi3^i^enue }, François-VUjf^^rt^aspaii</line>
<line>.Paul Doumer &lt;.</line></par>
<par>
<line>(R+è^^uisl'avenu&amp;</line></par>
<par>
<line>Frpflçdi^yirfCént | . / ^</line></par>
<par>
<line>iS Ba^ail) 1 ’</line></par>
</text>
</block>
<block><region><rect/></region>
<text>
<par/>
</text>
</block>
<block><region><rect/></region>
<text>
<par>
<line>'■A'^</line></par>
</text>
</block>
<block><region><rect/></region>
<text>
<par/>
</text>
</block>
<block><region><rect/></region>
<text>
<par>
<line>%</line></par>
</text>
</block>
<block><region><rect/></region>
<text>
<par/>
</text>
</block>
<block><region><rect/></region>
<text>
<par/>
</text>
</block>
<block><region><rect/></region>
<text>
<par/>
</text>
</block>
<block><region><rect/></region>
<text>
<par/>
</text>
</block>
<block><region><rect/></region>
<text>
<par>
<line>1^</line></par>
</text>
</block>
<block><region><rect/></region>
<text>
<par>
<line>R+l</line></par>
</text>
</block>
<block><region><rect/></region>
<text>
<par/>
</text>
</block>
<block><region><rect/></region>
<text>
<par>
<line>©</line></par>
</text>
</block>
<block><region><rect/></region>
<text>
<par/>
</text>
</block>
<block><region><rect/></region>
<text>
<par>
<line>R+5</line></par>
</text>
</block>
<block><region><rect/></region>
<text>
<par>
<line>max</line></par>
</text>
</block>
<block><region><rect/></region>
<text>
<par/>
</text>
</block>
<block><region><rect/></region>
<text>
<par/>
</text>
</block>
<block><region><rect/></region>
<text>
<par>
<line>ircucil</line></par>
</text>
</block>
<block><region><rect/></region>
<text>
<par>
<line>%</line></par>
</text>
</block>
<block><region><rect/></region>
<text>
<par>
<line>Orientations d'Aménagement et de Programmation (OAP)</line></par>
</text>
</block>
<block><region><rect/></region>
<text>
<par>
<line>Bureau d'études en urbanisme</line></par>
</text>
</block>
<block><region><rect/></region>
<text>
<par>
<line>Dossier approuvé</line></par>
</text>
</block>

</page>
<page width="2481" height="3508" resolution="300">
<block><region><rect/></region>
<text>
<par>
<line>5</line></par>
</text>
</block>
<block><region><rect/></region>
<text>
<par>
<line>OAP n°l</line></par>
</text>
</block>
<block><region><rect/><rect/><rect/><rect/><rect/><rect/><rect/></region>
<text>
<par>
<line>PLU</line></par>
<par>
<line>plan tout d’urbanisme</line></par>
</text>
</block>
<block><region><rect/></region>
<text>
<par>
<line>Secteur Hôtel de Ville</line></par>
</text>
</block>
<block><region><rect/></region>
<text>
<par>
<line>2)Espaces publics, circulations et stationnement</line></par>
<par>
<line>Déplacements et circulations douces</line></par>
<par>
<line>• Développement et valorisation d'un maillage de liaisons</line>
<line>lisibles et confortables pour les modes de déplacements</line>
<line>actifs ;</line></par>
<par>
<line>• Adaptation des liaisons en fonction de la topographie</line>
<line>(escaliers ou pans inclinés/rampes) ;</line></par>
<par>
<line>• Des connexions avec le maillage existant qui font du secteur</line>
<line>de l'Hôtel de Ville un carrefour dynamique à l'échelle de la</line>
<line>ville.</line></par>
</text>
</block>
<block><region><rect/></region>
<text>
<par>
<line>Stationnement</line></par>
<par>
<line>• Le stationnement privé sera réalisé en sous-sol afin</line>
<line>de profiter d'un maximum de surface paysagère</line>
<line>dans le secteur ;</line></par>
<par>
<line>• Un parking public attenant à la Mairie sera construit</line>
<line>en sous-sol avec celui de l'équipement.</line></par>
</text>
</block>
<block><region><rect/></region>
<text>
<par>
<line>Traitement des espaces publics</line></par>
<par>
<line>• Développement et valorisation d'espaces publics partagés</line>
<line>notamment la réalisation d'une esplanade, d'un jardin public</line>
<line>et le prolongement de la coulée verte sur l'avenue Paul</line>
<line>Doumer ;</line></par>
<par>
<line>• la valorisation du paysage, ainsi que des vues vers le coteau, le</line>
<line>fond de vallée et l'aqueduc, comprenant la réalisation d'un</line>
<line>belvédère vers la Bièvre et l'aqueduc ;</line></par>
</text>
</block>
<block><region><rect/></region>
<text>
<par>
<line>l'apaisement et la sécurisation de l'avenue Paul</line>
<line>Doumer ainsi que la création des parcours piétons et</line>
<line>cyclables entre la Bièvre et la gare et entre les</line>
<line>équipements scolaires et culturels avec</line>
<line>l'aménagement des abords du Collège Dulcie</line>
<line>September vers l'avenue de la Convention et la</line>
<line>Bièvre.</line></par>
</text>
</block>
<block><region><rect/></region>
<text>
<par>
<line>Esplanade</line></par>
<par>
<line>Il s'agit d'un espace public majeur du quartier. En plus de son</line>
<line>rôle de représentation et de mise en valeur de l'Hôtel de Ville,</line>
<line>cet espace a une vocation d'accueillir une multitude d'usages :</line>
<line>expositions, vide-greniers, cérémonies, etc.</line></par>
<par>
<line>Pour cela, cet espace devra être le plus plat possible, tout en se</line>
<line>connectant d'une manière fluide aux espaces publics des abords.</line>
<line>Cet espace devra permettre une accessibilité des personnes à</line>
<line>mobilité réduite aux équipements et espaces publics.</line></par>
<par>
<line>Il pourra accueillir des ambiances, des aménagements</line>
<line>différenciés en lien avec ses abords, notamment sur la placette</line>
<line>(côté rue Sidobre) et sur le belvédère côté mail Gaston Doiselet.</line>
<line>Il sera principalement minéral, afin de pouvoir être support</line>
<line>d'usages urbains intenses et multiples. Le mobilier urbain</line>
<line>permettra l'appropriation quotidienne de cet espace par les</line>
<line>habitants et usagers, tout en respectant les usages</line>
<line>événementiels ponctuels.</line></par>
<par>
<line>Liaison vers la Bièvre</line></par>
<par>
<line>Il s'agit d'un espace public menant de l'avenue François-Vincent</line>
<line>Raspail à la Bièvre. Cet espace public sera végétalisé et en pente</line>
<line>douce.</line></par>
</text>
</block>
<block><region><rect/></region>
<text>
<par>
<line>Jardin public</line></par>
<par>
<line>Il s'agit d'un espace planté ouvert sur le paysage de la</line>
<line>vallée de la Bièvre. Le traitement sera cohérent des</line>
<line>deux côtés de l'avenue Paul Doumer ;</line></par>
<par>
<line>Les arbres devront cadrer les vues et non pas les cacher.</line>
<line>Un parking public souterrain pourra être réalisé sous</line>
<line>une partie du jardin côté Mairie. Une hauteur suffisante</line>
<line>de terre végétale sur la dalle de parking sera prévue afin</line>
<line>de permettre de planter cet espace.</line></par>
<par>
<line>Belvédère</line></par>
<par>
<line>Cet espace sera à l'articulation entre l'avenue haute</line>
<line>(Doumer) et l'avenue basse (Convention/Raspail),</line>
<line>permettant des vues lointaines sur la vallée de la Bièvre</line>
<line>et l'aqueduc. Il accueillera un ouvrage liant les deux</line>
<line>niveaux. L'aménagement des espaces publics devra</line>
<line>permettre des usages extérieurs en lien avec les</line>
<line>rez-de-chaussée du bâtiment adjacent.</line></par>
<par>
<line>Du pied de l'immeuble remarquable à la liaison Bièvre</line>
<line>Cet espace extérieur situé entre le pied du immeuble</line>
<line>remarquable et le collège ne devra plus être apparenté</line>
<line>à un arrière et sera requalifié de manière notamment à</line>
<line>contribuer à valoriser les liens entre les rez-de-chaussée</line>
<line>des bâtiments environnants, le mail G. Doiselet,</line>
<line>l'avenue François-Vincent Raspail et la liaison vers la</line>
<line>Bièvre.</line></par>
</text>
</block>
<block><region><rect/></region>
<text>
<par>
<line>ircucil</line></par>
</text>
</block>
<block><region><rect/></region>
<text>
<par/>
</text>
</block>
<block><region><rect/></region>
<text>
<par>
<line>Orientations d'Aménagement et de Programmation (OAP)</line></par>
</text>
</block>
<block><region><rect/></region>
<text>
<par>
<line>Bureau d'études en urbanisme</line></par>
</text>
</block>
<block><region><rect/></region>
<text>
<par>
<line>Dossier approuvé</line></par>
</text>
</block>
</page>
<page width="2481" height="3508" resolution="300">
<block><region><rect/></region>
<text>
<par>
<line>6</line></par>
</text>
</block>
<block><region><rect/></region>
<text>
<par>
<line>OAP n°l</line></par>
</text>
</block>
<block><region><rect/></region>
<text>
<par>
<line>Hôtel de Ville</line></par>
</text>
</block>
<block><region><rect/><rect/><rect/><rect/><rect/><rect/><rect/></region>
<text>
<par>
<line>PLU</line></par>
<par>
<line>plan tout d’urbanisme</line></par>
</text>
</block>
<block><region><rect/><rect/><rect/><rect/></region>
<text>
<par>
<line>2) Schéma des espaces publics et des circulations</line></par>
</text>
</block>
<block><region><rect/><rect/></region>
<text>
<par>
<line>VERS LA'SÇ</line>
<line>RER LAPLACE</line></par>
</text>
</block>
<block><region><rect/></region>
<text>
<par>
<line>h</line></par>
</text>
</block>
<block><region><rect/></region>
<text>
<par/>
</text>
</block>
<block><region><rect/></region>
<text>
<par/>
</text>
</block>
<block><region><rect/></region>
<text>
<par>
<line>E$p(3na&lt;^e</line></par>
</text>
</block>
<block><region><rect/></region>
<text>
<par/>
</text>
</block>
<block><region><rect/></region>
<text>
<par>
<line>Jardin</line></par>
</text>
</block>
<block><region><rect/></region>
<text>
<par>
<line>public</line></par>
</text>
</block>
<block><region><rect/></region>
<text>
<par/>
</text>
</block>
<block><region><rect/></region>
<text>
<par>
<line>%</line></par>
</text>
</block>
<block><region><rect/></region>
<text>
<par>
<line>E\</line></par>
</text>
</block>
<block><region><rect/></region>
<text>
<par>
<line>2\)</line></par>
</text>
</block>
<block><region><rect/></region>
<text>
<par/>
</text>
</block>
<block><region><rect/><rect/></region>
<text>
<par>
<line>èspn. V ' J^Belvédèr^^</line></par>
</text>
</block>
<block><region><rect/></region>
<text>
<par/>
</text>
</block>
<block><region><rect/></region>
<text>
<par>
<line>VERS LE PAFLi</line></par>
</text>
</block>
<block><region><rect/></region>
<text>
<par>
<line>VERSL^VÆUX</line></par>
<par>
<line>BOyRG</line></par>
</text>
</block>
<block><region><rect/></region>
<text>
<par/>
</text>
</block>
<block><region><rect/></region>
<text>
<par>
<line>narkin^</line></par>
</text>
</block>
<block><region><rect/></region>
<text>
<par>
<line>4è</line></par>
</text>
</block>
<block><region><rect/></region>
<text>
<par>
<line>pubik TSaterrcii w</line></par>
</text>
</block>
<block><region><rect/></region>
<text>
<par/>
</text>
</block>
<block><region><rect/></region>
<text>
<par>
<line>►</line></par>
</text>
</block>
<block><region><rect/></region>
<text>
<par>
<line>£t?</line></par>
</text>
</block>
<block><region><rect/></region>
<text>
<par>
<line>VE*L«Î&gt;EI\HJE *</line>
<line>DE CONVENTION</line></par>
</text>
</block>
<block><region><rect/></region>
<text>
<par/>
</text>
</block>
<block><region><rect/></region>
<text>
<par>
<line>Liaison la</line>
<line>Bièvi#‘</line></par>
</text>
</block>
<block><region><rect/></region>
<text>
<par/>
</text>
</block>
<block><region><rect/></region>
<text>
<par>
<line>#/</line></par>
</text>
</block>
<block><region><rect/></region>
<text>
<par/>
</text>
</block>
<block><region><rect/></region>
<text>
<par/>
</text>
</block>
<block><region><rect/></region>
<text>
<par>
<line>P</line></par>
</text>
</block>
<block><region><rect/></region>
<text>
<par/>
</text>
</block>
<block><region><rect/></region>
<text>
<par>
<line>'^VERët^etRLAFlMrfS</line></par>
</text>
</block>
<block><region><rect/></region>
<text>
<par>
<line>RS LE PARC</line></par>
</text>
</block>
<block><region><rect/></region>
<text>
<par>
<line>□</line></par>
</text>
</block>
<block><region><rect/></region>
<text>
<par>
<line>«•:</line></par>
</text>
</block>
<block><region><rect/></region>
<text>
<par>
<line>Périmètre de l'OAP</line></par>
<par>
<line>Espace public vert structurant</line>
<line>Espace public minéral structurant</line></par>
</text>
</block>
<block><region><rect/><rect/><rect/></region>
<text>
<par>
<line>VK3 LES QUATRE</line>
<line>■ V'' CEfe^ïîSS</line></par>
<par>
<line>PI Plan incliné</line></par>
</text>
</block>
<block><region><rect/></region>
<text>
<par/>
</text>
</block>
<block><region><rect/></region>
<text>
<par>
<line>Escaliers</line></par>
</text>
</block>
<block><region><rect/></region>
<text>
<par>
<line>Ilôt faisant le lien entre la partie haute et la partie</line></par>
</text>
</block>
<block><region><rect/></region>
<text>
<par>
<line>Aménagement qualitatif de l'avenue Paul Doumer</line>
<line>assurant la cohésion des espaces publics</line>
<line>(Coulée verte départementale..)</line></par>
</text>
</block>
<block><region><rect/><rect/></region>
<text>
<par>
<line>Liaison douce publique</line></par>
</text>
</block>
<block><region><rect/><rect/></region>
<text>
<par>
<line>basse de la vallée</line>
<line>Transition paysagère de qualité</line>
<line>La Bièvre redécouverte</line></par>
</text>
</block>
<block><region><rect/></region>
<text>
<par>
<line>ircueil</line></par>
</text>
</block>
<block><region><rect/></region>
<text>
<par/>
</text>
</block>
<block><region><rect/></region>
<text>
<par>
<line>Orientations d'Aménagement et de Programmation (OAP)</line></par>
</text>
</block>
<block><region><rect/></region>
<text>
<par>
<line>Bureau d'études en urbanisme</line></par>
</text>
</block>
<block><region><rect/></region>
<text>
<par>
<line>Dossier approuvé</line></par>
</text>
</block>


</page>
<page width="2481" height="3508" resolution="300">
<block><region><rect/></region>
<text>
<par>
<line>7</line></par>
</text>
</block>
<block><region><rect/></region>
<text>
<par>
<line>OAP n°l</line></par>
</text>
</block>
<block><region><rect/></region>
<text>
<par>
<line>PLU</line></par>
<par>
<line>plan tout d'urbanisme</line></par>
</text>
</block>
<block><region><rect/></region>
<text>
<par>
<line>Secteur Hôtel de Ville</line></par>
<par>
<line>3)Valorisation du paysage</line></par>
</text>
</block>
<block><region><rect/></region>
<text>
<par>
<line>Le projet améliore la lisibilité du grand paysage d'Arcueil</line>
<line>et de la Vallée de la Bièvre dans lequel il s'insère. Il y</line>
<line>exprime plus clairement ses fonctions de centralité</line>
<line>(mairie, galerie municipale, collège...) en faisant</line>
<line>notamment évoluer les volumétries du bâti, les</line>
<line>dimensions des retraits, l'aménagement des espaces</line>
<line>publics. Il valorise également ses relations paysagères</line>
<line>avec la Vallée de la Bièvre :</line></par>
<par>
<line>En préservant des vues, vers le coteau depuis le carrefour</line>
<line>Laplace / Doumer (au dessus des de l'avenue F.V. Raspail</line></par>
<par>
<line>(A)) ; vers l'aqueduc depuis le pont de l'avenue Doumer</line>
<line>(au-dessus des constructions de l'avenue de la Convention</line></par>
<par>
<line>(B));</line></par>
<par>
<line>En créant des percées visuelles de l'îlot Rive Nord depuis</line>
<line>le jardin public vers le Coteau (C).</line></par>
</text>
</block>
<block><region><rect/></region>
<text>
<par>
<line>Le projet s'attache aussi à valoriser le paysage urbain de</line>
<line>proximité, au sein du secteur de l'Hôtel de Ville. Il crée de</line>
<line>nouveaux espaces publics (jardins publics, liaison vers la</line>
<line>Bièvre et le mail G. Doiselet, carrefour Doumer/Barbusse</line>
<line>/Sidobre, etc.). Il préserve également le patrimoine bâti</line>
<line>de qualité (122 rue Marius Sidobre, 1 avenue Doumer,</line>
<line>etc.) tout en y associant harmonieusement des</line>
<line>architectures contemporaines soignées et variées (de</line>
<line>styles et de gabarits) témoignant de l'histoire du site et de</line>
<line>la diversité comme richesse arcueillaise.</line></par>
</text>
</block>
<block><region><rect/></region>
<text>
<par>
<line>^cucil</line></par>
</text>
</block>
<block><region><rect/></region>
<text>
<par>
<line>%</line></par>
</text>
</block>
<block><region><rect/></region>
<text>
<par>
<line>Orientations d'Aménagement et de Programmation (OAP)</line></par>
</text>
</block>
<block><region><rect/></region>
<text>
<par>
<line>Bureau d'études en urbanisme</line></par>
</text>
</block>
<block><region><rect/></region>
<text>
<par>
<line>Dossier approuvé</line></par>
</text>
</block>
</page>
<page width="2489" height="3514" resolution="300">
<block><region><rect/></region>
<text>
<par>
<line>8</line></par>
</text>
</block>
<block><region><rect/></region>
<text>
<par>
<line>OAP n"!</line></par>
</text>
</block>
<block><region><rect/><rect/><rect/><rect/><rect/><rect/></region>
<text>
<par>
<line>PLU</line></par>
<par>
<line>pUn local d'urhanlsmg</line></par>
</text>
</block>
<block><region><rect/></region>
<text>
<par/>
</text>
</block>
<block><region><rect/></region>
<text>
<par>
<line>Hôtel de Ville</line></par>
</text>
</block>
<block><region><rect/></region>
<text>
<par>
<line>3) Valorisation du paysage</line></par>
</text>
</block>
<block><region><rect/></region>
<text>
<par>
<line>f</line></par>
</text>
</block>
<block><region><rect/></region>
<text>
<par/>
</text>
</block>
<block><region><rect/></region>
<text>
<par>
<line>%</line></par>
</text>
</block>
<block><region><rect/></region>
<text>
<par/>
</text>
</block>
<block><region><rect/></region>
<text>
<par/>
</text>
</block>
<block><region><rect/></region>
<text>
<par>
<line>&gt;♦</line></par>
</text>
</block>
<block><region><rect/></region>
<text>
<par>
<line>◄</line></par>
</text>
</block>
<block><region><rect/></region>
<text>
<par/>
</text>
</block>
<block><region><rect/></region>
<text>
<par/>
</text>
</block>
<block><region><rect/></region>
<text>
<par>
<line>«?o/</line></par>
</text>
</block>
<block><region><rect/></region>
<text>
<par>
<line>»</line></par>
</text>
</block>
<block><region><rect/></region>
<text>
<par/>
</text>
</block>
<block><region><rect/></region>
<text>
<par>
<line>«</line></par>
</text>
</block>
<block><region><rect/></region>
<text>
<par>
<line>A</line></par>
</text>
</block>
<block><region><rect/></region>
<text>
<par>
<line>s</line></par>
</text>
</block>
<block><region><rect/></region>
<text>
<par>
<line>iM*'</line></par>
</text>
</block>
<block><region><rect/></region>
<text>
<par/>
</text>
</block>
<block><region><rect/></region>
<text>
<par>
<line>\</line></par>
</text>
</block>
<block><region><rect/></region>
<text>
<par/>
</text>
</block>
<block><region><rect/></region>
<text>
<par>
<line>♦</line></par>
</text>
</block>
<block><region><rect/></region>
<text>
<par/>
</text>
</block>
<block><region><rect/></region>
<text>
<par>
<line>r</line></par>
</text>
</block>
<block><region><rect/></region>
<text>
<par>
<line>üfp</line></par>
</text>
</block>
<block><region><rect/><rect/><rect/></region>
<text>
<par/>
</text>
</block>
<block><region><rect/></region>
<text>
<par/>
</text>
</block>
<block><region><rect/></region>
<text>
<par/>
</text>
</block>
<block><region><rect/></region>
<text>
<par/>
</text>
</block>
<block><region><rect/></region>
<text>
<par/>
</text>
</block>
<block><region><rect/></region>
<text>
<par>
<line>»</line></par>
</text>
</block>
<block><region><rect/></region>
<text>
<par>
<line>a</line></par>
</text>
</block>
<block><region><rect/></region>
<text>
<par>
<line>r.</line></par>
</text>
</block>
<block><region><rect/></region>
<text>
<par/>
</text>
</block>
<block><region><rect/></region>
<text>
<par/>
</text>
</block>
<block><region><rect/></region>
<text>
<par>
<line>I I Périmètre de l'O/s</line></par>
</text>
</block>
<block><region><rect/></region>
<text>
<par>
<line>?</line></par>
</text>
</block>
<block><region><rect/></region>
<text>
<par/>
</text>
</block>
<block><region><rect/></region>
<text>
<par>
<line>►</line></par>
</text>
</block>
<block><region><rect/><rect/><rect/></region>
<text>
<par>
<line>Périmètre de l'OAP</line></par>
<par>
<line>Cône de vue à préserver</line>
<line>Perçée visuelle à créer et préserver</line></par>
</text>
</block>
<block><region><rect/></region>
<text>
<par>
<line>Orientations d'Aménagement et de Programmation (OAP)</line></par>
</text>
</block>
<block><region><rect/></region>
<text>
<par>
<line>vcucil</line></par>
</text>
</block>
<block><region><rect/></region>
<text>
<par>
<line>Cppice</line></par>
</text>
<text>
<par>
<line>Bureau</line></par>
</text>
</block>
<block><region><rect/></region>
<text>
<par>
<line>d'études en urbanisme Dossier approuvé</line></par>
</text>
</block>
</page>
<page width="2481" height="3508" resolution="300">
<block><region><rect/></region>
<text>
<par>
<line>9</line></par>
</text>
</block>
<block><region><rect/></region>
<text>
<par/>
</text>
</block>
<block><region><rect/></region>
<text>
<par>
<line>Secteur Hôtel de Ville</line></par>
</text>
</block>
<block><region><rect/></region>
<text>
<par>
<line>4)Coefficient de biotope</line></par>
</text>
</block>
<block><region><rect/></region>
<text>
<par>
<line>Le Coefficient de Biotope vise à fixer une obligation de</line>
<line>maintien ou de création de surfaces non</line>
<line>imperméabilisées ou éco-aménageables sur l'unité</line>
<line>foncière qui peut être satisfaite de plusieurs manières :</line>
<line>espace libre en pleine terre, surface au sol artificialisée</line>
<line>mais végétalisée sur une certaine profondeur, toitures et</line>
<line>murs végétalisés...</line></par>
<par>
<line>Le coefficient de biotope contribue ainsi à concrétiser les</line>
<line>objectifs suivants en matière de qualité de</line>
<line>l'environnement:</line></par>
<par>
<line>• garantir et améliorer le microclimat et l'hygiène</line>
<line>atmosphérique,</line></par>
<par>
<line>• garantir et développer la fonction des sols et la gestion</line>
<line>des ressources en eau,</line></par>
<par>
<line>• créer et revaloriser l'espace vital pour la faune et la</line>
<line>flore,</line></par>
<par>
<line>• améliorer l'environnement de l'habitat.</line></par>
<par>
<line>Il est demandé d'atteindre une part de surface non</line>
<line>imperméabilisée ou éco aménageable de 20 % du sous-</line>
<line>secteur couvert par l'OAP, hors unités foncières</line>
<line>comportant des constructions existantes.</line></par>
</text>
</block>
<block><region><rect/></region>
<text>
<par>
<line>Orientations d'Aménagement et de Programmation (OAP)</line></par>
</text>
</block>
<block><region><rect/></region>
<text>
<par>
<line>Bureau d'études en urbanisme</line></par>
</text>
</block>
<block><region><rect/></region>
<text>
<par>
<line>Dossier approuvé</line></par>
</text>
</block>
</page>
<page width="2481" height="3508" resolution="300">
<block><region><rect/></region>
<text>
<par>
<line>OAP n°2</line></par>
</text>
</block>
<block><region><rect/><rect/><rect/><rect/><rect/><rect/></region>
<text>
<par>
<line>PLU</line></par>
<par>
<line>plan tout d’urbanisme</line></par>
</text>
</block>
<block><region><rect/></region>
<text>
<par>
<line>'10</line></par>
</text>
</block>
<block><region><rect/></region>
<text>
<par>
<line>Convention / Bièvre</line></par>
</text>
</block>
<block><region><rect/></region>
<text>
<par>
<line>Principes généraux</line></par>
<par>
<line>Le secteur de l'avenue de la Convention constitue</line>
<line>l'accroche entre le secteur de l'Hôtel de Ville et le centre</line>
<line>ancien. Axe structurant situé en fond de vallée de la Bièvre,</line>
<line>l'avenue de la Convention est caractérisée par une mixité</line>
<line>fonctionnelle où les activités à dominante artisanales</line>
<line>côtoient des sites plus résidentiels et le centre ancien</line>
<line>commerçant. L'objectif est de parvenir à un embellissement</line>
<line>général de cet axe, de préserver les activités économiques</line>
<line>et d'y accueillir de nouveaux logements.</line></par>
</text>
</block>
<block><region><rect/></region>
<text>
<par>
<line>Les principales orientations du projet portent sur :</line></par>
<par>
<line>Programme</line></par>
<par>
<line>• La réalisation d'une centaine logements avec une offre</line>
<line>diversifiée à proximité des équipements et des</line>
<line>transports ;</line></par>
<par>
<line>• Le maintien des activités économiques, notamment</line>
<line>artisanales ;</line></par>
<par>
<line>• Des bâtiments de logements et/ou d'activités</line>
<line>renouvelés afin de favoriser la mixité des fonctions et le</line>
<line>dynamisme de l'avenue.</line></par>
<par>
<line>Principes architecturaux et urbains</line></par>
<par>
<line>• Des volumes et des hauteurs qui respectent l'épannelage</line>
<line>en fond de vallée : les bâtiments en front d'avenue</line>
<line>s'élèveront à R+2, et au-delà d'une bande de 15 mètres</line>
<line>mesurée depuis la rue, ils pourront atteindre R+3. Cette</line>
<line>prescription spécifique renvoie au plan de zonage.</line></par>
</text>
</block>
<block><region><rect/></region>
<text>
<par>
<line>Traitement des espaces publics</line></par>
<par>
<line>• Des espaces publics à revaloriser ;</line></par>
<par>
<line>• La réalisation d'une promenade paysagère le</line>
<line>long de la Bièvre ;</line></par>
<par>
<line>• Le jardin partagé provisoire rue Cauchy pourra</line>
<line>être transféré sur un autre site arcueillais. À</line>
<line>terme, l'ensemble intégrant la maison adjacente</line>
<line>pourrait accueillir un programme de logements.</line></par>
<par>
<line>• Un principe de « fil vert » déployé des deux</line>
<line>côtés de l'avenue visant à l'embellir, la verdir et</line>
<line>l'aérer. Ces aménagements paysagers qualitatifs</line>
<line>en front de rue peuvent se matérialiser par des</line>
<line>pieds d'immeubles végétalisés, l'existence de</line>
<line>jardinets, des clôtures végétales ou murs</line>
<line>végétalisés, des alignements d'arbres...</line></par>
</text>
</block>
<block><region><rect/></region>
<text>
<par>
<line>• Des transitions soignées et paysagères avec les espaces</line>
<line>résidentiels alentours ;</line></par>
<par>
<line>• Créer de véritables façades sur la Bièvre afin d'animer les</line>
<line>abords de la future promenade.</line></par>
<par>
<line>Déplacements et circulations douces</line></par>
<par>
<line>• Des liaisons nouvelles le long et vers la Bièvre ;</line></par>
<par>
<line>• Un nouveau cheminement doux entre l'avenue de la</line>
<line>Convention et la rue Cauchy ;</line></par>
</text>
</block>
<block><region><rect/></region>
<text>
<par>
<line>ircucil</line></par>
</text>
</block>
<block><region><rect/></region>
<text>
<par/>
</text>
</block>
<block><region><rect/></region>
<text>
<par>
<line>Orientations d'Aménagement et de Programmation (OAP)</line></par>
</text>
</block>
<block><region><rect/></region>
<text>
<par>
<line>Bureau d'études en urbanisme</line></par>
</text>
</block>
<block><region><rect/></region>
<text>
<par>
<line>Dossier approuvé</line></par>
</text>
</block>
</page>
<page width="2481" height="3508" resolution="300">
<block><region><rect/></region>
<text>
<par>
<line>11</line></par>
</text>
</block>
<block><region><rect/><rect/></region>
<text>
<par>
<line>OAP n°2</line></par>
<par>
<line>Convention / Bièvre</line></par>
</text>
</block>
<block><region><rect/><rect/><rect/><rect/><rect/><rect/></region>
<text>
<par>
<line>PLU</line></par>
<par>
<line>plan tout d’urbanisme</line></par>
</text>
</block>
<block><region><rect/></region>
<text>
<par>
<line>X'</line></par>
</text>
</block>
<block><region><rect/></region>
<text>
<par>
<line>\</line></par>
</text>
</block>
<block><region><rect/></region>
<text>
<par/>
</text>
</block>
<block><region><rect/></region>
<text>
<par/>
</text>
</block>
<block><region><rect/></region>
<text>
<par>
<line>\</line></par>
</text>
</block>
<block><region><rect/></region>
<text>
<par>
<line>Wi</line></par>
</text>
</block>
<block><region><rect/></region>
<text>
<par>
<line>i</line></par>
</text>
</block>
<block><region><rect/></region>
<text>
<par>
<line>N</line></par>
</text>
</block>
<block><region><rect/></region>
<text>
<par>
<line>■’X</line></par>
</text>
</block>
<block><region><rect/></region>
<text>
<par/>
</text>
</block>
<block><region><rect/></region>
<text>
<par/>
</text>
</block>
<block><region><rect/></region>
<text>
<par>
<line>\</line></par>
</text>
</block>
<block><region><rect/></region>
<text>
<par>
<line>\ '</line></par>
</text>
</block>
<block><region><rect/></region>
<text>
<par>
<line>/T</line></par>
</text>
</block>
<block><region><rect/></region>
<text>
<par/>
</text>
</block>
<block><region><rect/></region>
<text>
<par/>
</text>
</block>
<block><region><rect/></region>
<text>
<par/>
</text>
</block>
<block><region><rect/></region>
<text>
<par>
<line>\ N</line></par>
</text>
</block>
<block><region><rect/></region>
<text>
<par/>
</text>
</block>
<block><region><rect/></region>
<text>
<par/>
</text>
</block>
<block><region><rect/></region>
<text>
<par/>
</text>
</block>
<block><region><rect/></region>
<text>
<par/>
</text>
</block>
<block><region><rect/></region>
<text>
<par/>
</text>
</block>
<block><region><rect/></region>
<text>
<par/>
</text>
</block>
<block><region><rect/></region>
<text>
<par/>
</text>
</block>
<block><region><rect/></region>
<text>
<par>
<line>Pbc«d«l&gt;</line></par>
</text>
</block>
<block><region><rect/></region>
<text>
<par>
<line>lÉiinêon</line></par>
</text>
</block>
<block><region><rect/></region>
<text>
<par/>
</text>
</block>
<block><region><rect/></region>
<text>
<par/>
</text>
</block>
<block><region><rect/></region>
<text>
<par/>
</text>
</block>
<block><region><rect/></region>
<text>
<par/>
</text>
</block>
<block><region><rect/></region>
<text>
<par>
<line>V</line></par>
</text>
</block>
<block><region><rect/></region>
<text>
<par>
<line>S</line></par>
</text>
</block>
<block><region><rect/></region>
<text>
<par>
<line>N</line></par>
</text>
</block>
<block><region><rect/></region>
<text>
<par/>
</text>
</block>
<block><region><rect/></region>
<text>
<par/>
</text>
</block>
<block><region><rect/></region>
<text>
<par/>
</text>
</block>
<block><region><rect/></region>
<text>
<par/>
</text>
</block>
<block><region><rect/></region>
<text>
<par/>
</text>
</block>
<block><region><rect/></region>
<text>
<par>
<line>'V</line></par>
</text>
</block>
<block><region><rect/></region>
<text>
<par/>
</text>
</block>
<block><region><rect/></region>
<text>
<par/>
</text>
</block>
<block><region><rect/></region>
<text>
<par>
<line>/</line></par>
</text>
</block>
<block><region><rect/></region>
<text>
<par>
<line>/</line></par>
</text>
</block>
<block><region><rect/></region>
<text>
<par/>
</text>
</block>
<block><region><rect/></region>
<text>
<par/>
</text>
</block>
<block><region><rect/></region>
<text>
<par/>
</text>
</block>
<block><region><rect/></region>
<text>
<par>
<line>Jr</line></par>
</text>
</block>
<block><region><rect/></region>
<text>
<par>
<line>V</line></par>
</text>
</block>
<block><region><rect/></region>
<text>
<par/>
</text>
</block>
<block><region><rect/></region>
<text>
<par/>
</text>
</block>
<block><region><rect/></region>
<text>
<par>
<line>X</line></par>
</text>
</block>
<block><region><rect/></region>
<text>
<par>
<line>/r</line></par>
</text>
</block>
<block><region><rect/></region>
<text>
<par>
<line>50</line></par>
</text>
</block>
<block><region><rect/></region>
<text>
<par>
<line>100</line></par>
</text>
</block>
<block><region><rect/></region>
<text>
<par>
<line>□</line></par>
</text>
</block>
<block><region><rect/><rect/><rect/></region>
<text>
<par>
<line>Pérîmètr0 de l'OAP</line></par>
<par>
<line>flot à dominante logement</line></par>
<par>
<line>Obligation d'ouvrir les façades des constructions</line>
<line>vers la Bièvre</line></par>
<par>
<line>flot mixte à dominante d'activités économiques</line>
<line>(rtotamment artisanales^</line></par>
<par>
<line>flot à dominante activités économiques à maintenir</line>
<line>(artisanat, tertiaire, restauration...)</line></par>
<par>
<line>flot de bâtiments qualitatifs à préserver</line></par>
<par>
<line>Bande de 15 mètres mesurée depuis la rue</line></par>
</text>
</block>
<block><region><rect/><rect/><rect/></region>
<text>
<par>
<line>Réouverture de la Bièvre et création d'une</line>
<line>promenade.</line></par>
<par>
<line>Principe d'aménagement d'une promenade</line>
<line>paysagère le long de la Bièvre</line></par>
<par>
<line>Carrefour à traiter (bâti et espace public)</line></par>
<par>
<line>Principe d'aménagement paysager qualitatif du</line>
<line>front de rue (retrait végétalisè, clôture végétale...)</line></par>
<par>
<line>Liaison douce à créer</line></par>
<par>
<line>Vue vers l'aqueduc à préserver</line></par>
<par>
<line>«Jardin provisoire »</line></par>
</text>
</block>
<block><region><rect/></region>
<text>
<par>
<line>ircucil</line></par>
</text>
</block>
<block><region><rect/></region>
<text>
<par/>
</text>
</block>
<block><region><rect/></region>
<text>
<par>
<line>Orientations d'Aménagement et de Programmation (OAP)</line></par>
</text>
</block>
<block><region><rect/></region>
<text>
<par>
<line>Bureau d'études en urbanisme</line></par>
</text>
</block>
<block><region><rect/></region>
<text>
<par>
<line>Dossier approuvé</line></par>
</text>
</block>

<block blockType="Picture" blockName="" l="213" t="2952" r="304" b="3032"><region><rect/></region>
</block>
</page>
</OAP>