<?xml version="1.0" encoding="UTF-8"?><OAP>
<page width="2479" height="3508" resolution="300">
<block><region><rect/></region>
<text>
<par>
<line>PLAN LOCAL D'URBANISME</line></par>
<par>
<line>Orientations d'Aménagement et de Programmation</line>
<line>OAP</line></par>
</text>
</block>
<block><region><rect/></region>
<text>
<par>
<line>Arrêté le : 14 décembre 2016</line>
<line>Approuvé le : 28 juin 2017</line></par>
</text>
</block>
<block><region><rect/></region>
<text>
<par>
<line>Vaureal</line></par>
</text>
</block>






<block blockType="Picture" blockName="" l="665" t="980" r="724" b="1090"><region><rect/></region>
</block>
<block blockType="Picture" blockName="" l="299" t="542" r="2191" b="2106"><region><rect/></region>
</block>
</page>
<page width="2479" height="3508" resolution="300">
<block><region><rect/></region>
<text>
<par>
<line>ORIENTATION D'AMÉNAGEMENT ET DE PROGRAMMATION DE LA ZONE AUI.3</line></par>
<par>
<line>PREAMBULE.3</line></par>
<par>
<line>ENJEUX ET OBJECTIFS (SANS VALEUR RÉGLEMENTAIRE).3</line></par>
<par>
<line>PRINCIPES D'AMÉNAGEMENT DU SECTEUR.3</line></par>
<par>
<line>ORIENTATION D'AMÉNAGEMENT ET DE PROGRAMMATION « TRAME VERTE DES COTEAUX</line>
<line>ET DE LA VALLEE DE L'OISE, QUALIFICATION DES INTERFACES ENTRE VILLE ET NATURE » ...5</line></par>
<par>
<line>OBJECTIFS.5</line></par>
<par>
<line>JUSTIFICATIONS.5</line></par>
<par>
<line>PRESCRIPTIONS.7</line></par>
<par>
<line>Préservation et renforcement des lisières.7</line></par>
<par>
<line>Diversification des plantations.8</line></par>
<par>
<line>Cheminement dans les bois.9</line></par>
<par>
<line>Références.9</line></par>
</text>
</block>
<block><region><rect/></region>
<text>
<par>
<line>NEUE - URBAN ECO - OAP PLU Vauréal - version approbation 2</line></par>
</text>
</block>











</page>
<page width="2479" height="3508" resolution="300">
<block><region><rect/></region>
<text>
<par>
<line>ORIENTATION D'AMÉNAGEMENT ET DE PROGRAMMATION DE LA</line>
<line>ZONE AUI</line></par>
<par>
<line>PREAMBULE</line></par>
</text>
</block>
<block><region><rect/></region>
<text>
<par>
<line>Les Orientations d'Aménagement et de Programmation (OAP) permettent de compléter le</line>
<line>dispositif réglementaire du Plan Local d'Urbanisme, en précisant les grandes lignes</line>
<line>directrices de l'aménagement de certains secteurs.</line></par>
<par>
<line>Établies dans le respect des orientations définies dans le Projet d'Aménagement et de</line>
<line>Développement Durables (PADD), elles constituent l'un des instruments permettant la mise</line>
<line>en oeuvre du projet communal.</line></par>
<par>
<line>L'article L.151-6 du Code de l'urbanisme précise qu'elles « comprennent des dispositions</line>
<line>portant sur l'aménagement, l'habitat, les transports et les déplacements ».</line></par>
<par>
<line>Elles sont opposables aux opérations de construction et d'aménagement, qui doivent être</line>
<line>compatibles avec les principes qu'elles définissent.</line></par>
</text>
</block>
<block><region><rect/></region>
<text>
<par>
<line>ENJEUX ET OBJECTIFS (SANS VALEUR RÉGLEMENTAIRE)</line></par>
<par>
<line>Le secteur de l'OAP n°l doit accueillir un projet urbain d'ensemble dont la vocation</line>
<line>principale est de recevoir de nouveaux logements. Ce nouveau projet viendra conforter</line>
<line>l'actuel Cœur de Ville et permettre le développement de la commune en diversifiant son</line>
<line>parc de logements et en assurant le renouvellement de la population. Toutes les opérations</line>
<line>devront intégrer un minimum de 50% de petits et moyens logements (Tl, T2 ou T3) pour ce</line>
<line>faire.</line></par>
<par>
<line>PRINCIPES D'AMÉNAGEMENT DU SECTEUR</line></par>
<par>
<line>Les principes d'aménagement de ce futur quartier devront permettre :</line></par>
<par>
<line>- d'atteindre une densité minimale sur ce secteur de 40 logements à l'hectare.</line></par>
<par>
<line>- d'organiser une gradation des hauteurs bâties pour une bonne intégration au</line>
<line>paysage urbain.</line></par>
<par>
<line>- de relier le projet au centre-ville afin de tirer parti de sa proximité aux équipements</line>
<line>et aux commerces.</line></par>
<par>
<line>- de ménager des transitions paysagères vis-à-vis du tissu urbain existant.</line></par>
<par>
<line>- de permettre des transitions paysagères vers le grand paysage de l'Hautil.</line></par>
<par>
<line>- d'organiser des cheminements doux vers les équipements sportifs au sud, la</line>
<line>campagne à l'ouest, le Cœur de ville, les principales stations de transport en commun</line>
<line>de l'avenue Boris Vian et du boulevard de l'Oise et vers les gares RER et transilien de</line>
<line>Cergy-le-Haut.</line></par>
<par>
<line>- de préserver au maximum l'alignement d'arbre sur l'avenue Boris Vian.</line></par>
<par>
<line>Le secteur est soumis à une servitude hertzienne qui nécessitera de consulter les services ad</line>
<line>hoc.</line></par>
</text>
</block>
<block><region><rect/></region>
<text>
<par>
<line>NEUE - URBAN ECO - OAP PLU Vauréal - version approbation</line></par>
</text>
</block>
<block><region><rect/></region>
<text>
<par>
<line>3</line></par>
</text>
</block>
</page>
<page width="2760" height="3701" resolution="300">
<block><region><rect/></region>
<text>
<par/>
</text>
</block>
<block><region><rect/></region>
<text>
<par>
<line>de la Voie</line></par>
</text>
</block>
<block><region><rect/><rect/></region>
<text>
<par/>
</text>
</block>
<block><region><rect/></region>
<text>
<par>
<line>• franges de la</line></par>
</text>
</block>
<block><region><rect/></region>
<text>
<par>
<line>commune</line></par>
</text>
</block>
<block><region><rect/></region>
<text>
<par>
<line>Espaces</line></par>
</text>
</block>
<block><region><rect/></region>
<text>
<par>
<line>“uverts à préserver (SCoTl</line></par>
</text>
</block>
<block><region><rect/></region>
<text>
<par/>
</text>
</block>
<block><region><rect/></region>
<text>
<par/>
</text>
</block>
<block><region><rect/></region>
<text>
<par/>
</text>
</block>
<block><region><rect/><rect/></region>
<text>
<par/>
</text>
</block>
<block><region><rect/></region>
<text>
<par>
<line>LIGNE</line></par>
<par>
<line>HT</line></par>
</text>
</block>
<block><region><rect/></region>
<text>
<par/>
</text>
</block>
<block><region><rect/></region>
<text>
<par>
<line>''a</line></par>
</text>
</block>
<block><region><rect/></region>
<text>
<par>
<line>W0^o.</line></par>
</text>
</block>
<block><region><rect/><rect/></region>
<text>
<par>
<line>0S</line></par>
</text>
</block>
<block><region><rect/><rect/><rect/></region>
<text>
<par>
<line>fÿ</line></par>
</text>
</block>
<block><region><rect/><rect/><rect/></region>
<text>
<par>
<line>#»</line></par>
</text>
</block>
<block><region><rect/></region>
<text>
<par/>
</text>
</block>
<block><region><rect/><rect/></region>
<text>
<par>
<line>#1</line></par>
</text>
</block>
<block><region><rect/></region>
<text>
<par/>
</text>
</block>
<block><region><rect/></region>
<text>
<par/>
</text>
</block>
<block><region><rect/></region>
<text>
<par/>
</text>
</block>
<block><region><rect/><rect/><rect/></region>
<text>
<par>
<line>m</line></par>
</text>
</block>
<block><region><rect/></region>
<text>
<par>
<line>m</line></par>
</text>
</block>
<block><region><rect/></region>
<text>
<par>
<line>NEUE-URBAN ECO</line></par>
</text>
</block>
<block><region><rect/></region>
<text>
<par>
<line>-OAP PLU Vauréal-version</line></par>
</text>
</block>
<block><region><rect/></region>
<text>
<par>
<line>approbation</line></par>
</text>
</block>
<block><region><rect/></region>
<text>
<par>
<line>4</line></par>
</text>
</block>



















<block blockType="Picture" blockName="" l="1250" t="1527" r="1282" b="1686"><region><rect/></region>
</block>
</page>
<page width="2479" height="3508" resolution="300">
<block><region><rect/></region>
<text>
<par>
<line>ORIENTATION D'AMÉNAGEMENT ET DE PROGRAMMATION</line>
<line>« TRAME VERTE DES COTEAUX ET DE LA VALLEE DE L'OISE,</line>
<line>QUALIFICATION DES INTERFACES ENTRE VILLE ET NATURE »</line></par>
</text>
</block>
<block><region><rect/></region>
<text>
<par>
<line>OBJECTIFS</line></par>
<par>
<line>Cette OAP a pour but l'amélioration des continuités écologiques du territoire communal, sur le</line>
<line>coteau de l'Hautil, dans un secteur agricole et pour partie naturel, sur le coteau de l'Oise avec un</line>
<line>boisement quasiment continu depuis Jouy-le-Moutier jusqu'à Courdimanche et le long de l'Oise dans</line>
<line>le lit majeur notamment par :</line></par>
<par>
<line>• La préservation et le renforcement des lisières boisées et agricoles</line></par>
<par>
<line>• La protection du réseau de mares et de rigoles du territoire communal.</line></par>
</text>
</block>
<block><region><rect/></region>
<text>
<par>
<line>JUSTIFICATIONS</line></par>
<par>
<line>Le maintien de la qualité de la fonctionnalité des continuités écologiques des habitats naturels de</line>
<line>boisement ou des espaces agricoles ouverts, en proximité des zones urbanisées, impose la présence</line>
<line>d'une lisière composée d'une végétation pluri stratifiée, favorable à l'accueil et au déplacement des</line>
<line>espèces animales.</line></par>
<par>
<line>En effet, les habitats naturels (forêts, clairières et lisières, fourrés...) ou les plantations vernaculaires</line>
<line>(pré-verger, haie bocagère...) se composent de plusieurs strates de végétation. Ces juxtapositions</line>
<line>créent une diversité de micro-milieux et offrent aux espèces animales une variété de ressources</line>
<line>(nourriture par des floraisons et fructifications étagées, refuge, nidification...) qui leur permettent</line>
<line>d'accomplir leur cycle de vie.</line></par>
<par>
<line>Au contraire, les plantations en ville sont le plus souvent très simplifiées : arbres en alignement ou</line>
<line>isolés, gazon, haies taillées... Leur uniformité n'offre pas aux espèces la variété qui leur est nécessaire</line>
<line>et leur sont de ce fait défavorables. De plus, leur caractère majoritairement monospécifique les rend</line>
<line>très sensibles aux maladies et aux variations climatiques.</line></par>
<par>
<line>Les interfaces entre les zones agricoles et les parcelles bâties sont pour partie simplifiées, sans</line>
<line>transition entre les clôtures et les parcelles exploitées, alors qu'à l'arrière des espaces pavillonnaires</line>
<line>les transitions sont plus riches. Cette configuration en haie dense devrait être développée sur toute</line>
<line>l'interface.</line></par>
</text>
</block>
<block><region><rect/></region>
<text>
<par>
<line>NEUE - URBAN ECO - OAP PLU Vauréal - version approbation</line></par>
</text>
</block>
<block><region><rect/></region>
<text>
<par>
<line>5</line></par>
</text>
</block>
</page>
<page width="2479" height="3508" resolution="300">
<block><region><rect/></region>
<text>
<par/>
</text>
</block>
<block><region><rect/></region>
<text>
<par>
<line>Y" ^ CS "</line></par>
</text>
</block>
<block><region><rect/></region>
<text>
<par>
<line>Végétation pluristratifiée</line></par>
</text>
</block>
<block><region><rect/></region>
<text>
<par>
<line>Strate arborée</line></par>
<par>
<line>Strate arbustive</line>
<line>Strate buissonnante</line>
<line>Strate herbacée</line></par>
</text>
</block>
<block><region><rect/></region>
<text>
<par>
<line>7m</line></par>
<par>
<line>3m</line></par>
<par>
<line>Im</line></par>
<par>
<line>0</line></par>
</text>
</block>
<block><region><rect/></region>
<text>
<par>
<line>À Vauréal en particulier, cette stratification des plantations permettra aussi :</line></par>
<par>
<line>• À l'interface avec les espaces agricoles ouverts du plateau, de protéger la ville du vent et des</line>
<line>nuisances potentiellement induites par l'exploitation agricole (poussières, dérives de</line>
<line>produits phytosanitaires...)</line></par>
<par>
<line>• À la lisière des boisements des coteaux et de la vallée de l'Oise de restituer l'organisation</line>
<line>d'une lisière forestière.</line></par>
</text>
</block>
<block><region><rect/></region>
<text>
<par>
<line>Forêt</line></par>
</text>
</block>
<block><region><rect/></region>
<text>
<par>
<line>Manteau arbustif</line></par>
</text>
</block>
<block><region><rect/></region>
<text>
<par/>
</text>
</block>
<block><region><rect/></region>
<text>
<par>
<line>' I Ourlet herbacé</line></par>
</text>
</block>
<block><region><rect/></region>
<text>
<par>
<line>rüS:::-</line></par>
</text>
</block>
<block><region><rect/></region>
<text>
<par/>
</text>
</block>
<block><region><rect/></region>
<text>
<par/>
</text>
</block>
<block><region><rect/></region>
<text>
<par>
<line>Organisation complète d'une lisière boisée</line></par>
</text>
</block>
<block><region><rect/></region>
<text>
<par>
<line>Pelouse, prairie</line>
<line>ou champ</line></par>
</text>
</block>
<block><region><rect/></region>
<text>
<par>
<line>7m</line></par>
<par>
<line>3m</line></par>
<par>
<line>Im</line></par>
<par>
<line>0</line></par>
</text>
</block>
<block><region><rect/></region>
<text>
<par>
<line>NEUE - URBAN ECO - OAP PLU Vauréal - version approbation</line></par>
</text>
</block>
<block><region><rect/></region>
<text>
<par>
<line>6</line></par>
</text>
</block>


















</page>
<page width="2479" height="3508" resolution="300">
<block><region><rect/></region>
<text>
<par>
<line>PRESCRIPTIONS</line></par>
</text>
</block>
<block><region><rect/></region>
<text>
<par>
<line>Préservation et renforcement des lisières</line></par>
<par>
<line>• Lisières ouvertes : à la limite entre les zones agricoles et naturelles de Vauréal et des</line>
<line>communes limitrophes, d'une part, et les zones urbaines, d'autre part, une haie de 3 à 5 m</line>
<line>de large au moins sur 2 rangs en quinconce ou plus devra être plantée sur les parcelles de la</line>
<line>zone urbaine, en associant tout ou partie des espèces végétales présentées dans le tableau</line>
<line>ci-dessous. La haie pourra suivre le schéma de principe présenté à la page suivante.</line></par>
</text>
</block>
<block blockType="Table" blockName="" l="270" t="805" r="2209" b="1662"><region><rect/></region>
<row>
<cell colSpan="2" width="969" height="73">
<text>
<par>
<line>Plantes mélifères</line></par>
</text></cell>
<cell colSpan="2" width="970" height="73">
<text>
<par>
<line>Fruitiers</line></par>
</text></cell></row>
<row>
<cell width="486" height="71">
<text>
<par>
<line>Tilleul à grandes feuilles</line></par>
</text></cell>
<cell width="483" height="71">
<text>
<par>
<line>Tilia platyphyllos</line></par>
</text></cell>
<cell width="483" height="71">
<text>
<par>
<line>Prunier sauvage</line></par>
</text></cell>
<cell width="487" height="71">
<text>
<par>
<line>Prunus domestica</line></par>
</text></cell></row>
<row>
<cell width="486" height="71">
<text>
<par>
<line>Érable champêtre</line></par>
</text></cell>
<cell width="483" height="71">
<text>
<par>
<line>Acer campestre</line></par>
</text></cell>
<cell width="483" height="71">
<text>
<par>
<line>Bois de Sainte-Lucie</line></par>
</text></cell>
<cell width="487" height="71">
<text>
<par>
<line>Prunus mahaleb</line></par>
</text></cell></row>
<row>
<cell width="486" height="71">
<text>
<par>
<line>Charme</line></par>
</text></cell>
<cell width="483" height="71">
<text>
<par>
<line>Carpinus betulus</line></par>
</text></cell>
<cell width="483" height="71">
<text>
<par>
<line>Merisier</line></par>
</text></cell>
<cell width="487" height="71">
<text>
<par>
<line>Prunus avium</line></par>
</text></cell></row>
<row>
<cell width="486" height="71">
<text>
<par>
<line>Chêne sessile</line></par>
</text></cell>
<cell width="483" height="71">
<text>
<par>
<line>Quercus sessiliflora</line></par>
</text></cell>
<cell width="483" height="71">
<text>
<par>
<line>Pommier</line></par>
</text></cell>
<cell width="487" height="71">
<text>
<par>
<line>Malus sylvestris</line></par>
</text></cell></row>
<row>
<cell width="486" height="71">
<text>
<par>
<line>Noisetier</line></par>
</text></cell>
<cell width="483" height="71">
<text>
<par>
<line>Corylus avellana</line></par>
</text></cell>
<cell width="483" height="71">
<text>
<par>
<line>Cornouiller mâle</line></par>
</text></cell>
<cell width="487" height="71">
<text>
<par>
<line>Cornus mas</line></par>
</text></cell></row>
<row>
<cell width="486" height="71">
<text>
<par>
<line>Alisier torminal</line></par>
</text></cell>
<cell width="483" height="71">
<text>
<par>
<line>Sorbus torminalis</line></par>
</text></cell>
<cell width="483" height="71">
<text>
<par>
<line>Cognassier</line></par>
</text></cell>
<cell width="487" height="71">
<text>
<par>
<line>Cydonia oblonga</line></par>
</text></cell></row>
<row>
<cell width="486" height="71">
<text>
<par>
<line>Aubépine à un style</line></par>
</text></cell>
<cell width="483" height="71">
<text>
<par>
<line>Crataegus monogyna</line></par>
</text></cell>
<cell width="483" height="71">
<text>
<par>
<line>Noisetier</line></par>
</text></cell>
<cell width="487" height="71">
<text>
<par>
<line>Corylus avellana</line></par>
</text></cell></row>
<row>
<cell width="486" height="71">
<text>
<par>
<line>Lierre</line></par>
</text></cell>
<cell width="483" height="71">
<text>
<par>
<line>Hedera hélix</line></par>
</text></cell>
<cell width="483" height="71">
<text>
<par>
<line>Rosier des chiens</line></par>
</text></cell>
<cell width="487" height="71">
<text>
<par>
<line>Posa canina</line></par>
</text></cell></row>
<row>
<cell width="486" height="71">
<text>
<par>
<line>Viorne lantane</line></par>
</text></cell>
<cell width="483" height="71">
<text>
<par>
<line>Viburnum lantana</line></par>
</text></cell>
<cell width="483" height="71">
<text>
<par>
<line>Ronce fruitière</line></par>
</text></cell>
<cell width="487" height="71">
<text>
<par>
<line>Rubus fructicosus</line></par>
</text></cell></row>
<row>
<cell width="486" height="71">
<text>
<par>
<line>Cornouiller sanguin</line></par>
</text></cell>
<cell width="483" height="71">
<text>
<par>
<line>Cornus sanguinea</line></par>
</text></cell>
<cell width="483" height="71">
<text>
<par/>
</text></cell>
<cell width="487" height="71">
<text>
<par/>
</text></cell></row>
<row>
<cell width="486" height="74">
<text>
<par>
<line>Troène</line></par>
</text></cell>
<cell width="483" height="74">
<text>
<par>
<line>Ligustrum vulgare</line></par>
</text></cell>
<cell width="483" height="74">
<text>
<par/>
</text></cell>
<cell width="487" height="74">
<text>
<par/>
</text></cell></row>
</block>
<block><region><rect/></region>
<text>
<par>
<line>• Lisières forestières : à la limite entre les espaces boisés, classés ou non, et les zones urbaines,</line>
<line>cette haie prendra la forme d'une lisière étagée, incluant tout ou partie des espèces</line>
<line>végétales suivantes :</line></par>
</text>
</block>
<block blockType="Table" blockName="" l="270" t="1949" r="2160" b="2548"><region><rect/></region>
<row>
<cell colSpan="2" width="672" height="73">
<text>
<par>
<line>Arbres de forêt</line></par>
</text></cell>
<cell colSpan="2" width="767" height="73">
<text>
<par>
<line>Arbustes du manteau</line></par>
</text></cell>
<cell rightBorder="White" width="451" height="73">
<text>
<par>
<line>Ourbet herbacé</line></par>
</text></cell></row>
<row>
<cell width="321" height="96">
<text>
<par>
<line>Tilleul à grandes</line>
<line>feuilles</line></par>
</text></cell>
<cell width="351" height="96">
<text>
<par>
<line>Tilia platyphyllos</line></par>
</text></cell>
<cell width="351" height="96">
<text>
<par>
<line>Bois de Sainte-Lucie</line></par>
</text></cell>
<cell width="416" height="96">
<text>
<par>
<line>Prunus mahaleb</line></par>
</text></cell>
<cell rowSpan="7" rightBorder="White" width="451" height="526">
<text>
<par>
<line>Prairie mésophile à</line>
<line>Brachypode ou</line>
<line>Arrhénatairaie</line></par>
</text></cell></row>
<row>
<cell width="321" height="71">
<text>
<par>
<line>Érable champêtre</line></par>
</text></cell>
<cell width="351" height="71">
<text>
<par>
<line>Acer campestre</line></par>
</text></cell>
<cell width="351" height="71">
<text>
<par>
<line>Viorne lantane</line></par>
</text></cell>
<cell width="416" height="71">
<text>
<par>
<line>Viburnum lantana</line></par>
</text></cell></row>
<row>
<cell width="321" height="72">
<text>
<par>
<line>Charme</line></par>
</text></cell>
<cell width="351" height="72">
<text>
<par>
<line>Carpinus betulus</line></par>
</text></cell>
<cell width="351" height="72">
<text>
<par>
<line>Cornouiller sanguin</line></par>
</text></cell>
<cell width="416" height="72">
<text>
<par>
<line>Cornus sanguinea</line></par>
</text></cell></row>
<row>
<cell width="321" height="71">
<text>
<par>
<line>Chêne sessile</line></par>
</text></cell>
<cell width="351" height="71">
<text>
<par>
<line>Quercus sessiliflora</line></par>
</text></cell>
<cell width="351" height="71">
<text>
<par>
<line>Noisetier</line></par>
</text></cell>
<cell width="416" height="71">
<text>
<par>
<line>Corylus avellana</line></par>
</text></cell></row>
<row>
<cell width="321" height="71">
<text>
<par>
<line>Merisier</line></par>
</text></cell>
<cell width="351" height="71">
<text>
<par>
<line>Prunus avium</line></par>
</text></cell>
<cell width="351" height="71">
<text>
<par>
<line>Rosier des chiens</line></par>
</text></cell>
<cell width="416" height="71">
<text>
<par>
<line>Posa canina</line></par>
</text></cell></row>
<row>
<cell width="321" height="71">
<text>
<par/>
</text></cell>
<cell width="351" height="71">
<text>
<par/>
</text></cell>
<cell width="351" height="71">
<text>
<par>
<line>Prunellier</line></par>
</text></cell>
<cell width="416" height="71">
<text>
<par>
<line>Prunus spinosa</line></par>
</text></cell></row>
<row>
<cell width="321" height="74">
<text>
<par/>
</text></cell>
<cell width="351" height="74">
<text>
<par/>
</text></cell>
<cell width="351" height="74">
<text>
<par>
<line>Aubépine à un style</line></par>
</text></cell>
<cell width="416" height="74">
<text>
<par>
<line>Crataegus monogyna</line></par>
</text></cell></row>
</block>
<block><region><rect/></region>
<text>
<par>
<line>NEUE - URBAN ECO - OAP PLU Vauréal - version approbation</line></par>
</text>
</block>
<block><region><rect/></region>
<text>
<par>
<line>7</line></par>
</text>
</block>



























</page>
<page width="2479" height="3508" resolution="300">
<block><region><rect/></region>
<text>
<par/>
</text>
</block>
<block><region><rect/></region>
<text>
<par/>
</text>
</block>
<block><region><rect/></region>
<text>
<par/>
</text>
</block>
<block><region><rect/></region>
<text>
<par>
<line>( &lt;</line></par>
</text>
</block>
<block><region><rect/></region>
<text>
<par/>
</text>
</block>
<block><region><rect/></region>
<text>
<par>
<line>V &gt; / L</line></par>
</text>
</block>
<block><region><rect/></region>
<text>
<par/>
</text>
</block>
<block><region><rect/></region>
<text>
<par/>
</text>
</block>
<block><region><rect/></region>
<text>
<par>
<line>V</line></par>
</text>
</block>
<block><region><rect/></region>
<text>
<par>
<line>r</line></par>
</text>
</block>
<block><region><rect/></region>
<text>
<par/>
</text>
</block>
<block><region><rect/></region>
<text>
<par>
<line>a</line></par>
</text>
</block>
<block><region><rect/></region>
<text>
<par>
<line>Haie boisée</line></par>
</text>
</block>
<block><region><rect/></region>
<text>
<par>
<line>7m</line></par>
<par>
<line>5m</line></par>
</text>
</block>
<block><region><rect/></region>
<text>
<par>
<line>3m</line></par>
</text>
</block>
<block><region><rect/></region>
<text>
<par>
<line>Im</line></par>
<par>
<line>0</line></par>
</text>
</block>
<block><region><rect/></region>
<text>
<par>
<line>Diversification des plantations</line></par>
<par>
<line>• Chaque aménagement sera l'occasion, si l'espace disponible le permet, de planter une strate</line>
<line>de végétation supplémentaire.</line></par>
<par>
<line>O La taille adulte des plantations sera adaptée à l'espace disponible</line></par>
<par>
<line>• Chaque strate sera constituée au minimum :</line></par>
<par>
<line>O Strate arborée : d'au moins 1 arbre de haute tige (7 m ou plus)</line></par>
<par>
<line>O Strate arbustive : d'au moins 1 arbustes ou 1 cépées de 3 à 7 m</line>
<line>O Strate buissonnante : d'au moins 5 buissons de 1 à 3 m</line>
<line>O Strate herbacée : d'au moins 7 m^ de prairie ou couvre-sol</line></par>
<par>
<line>• Dans le contexte écologique de Vauréal, à l'interface entre le massif de l'Hautil et la vallée de</line>
<line>l'Oise, la strate arborée est favorisée dans les aménagements par rapport aux autres strates</line></par>
<par>
<line>• Les plantations diversifiées, associant au moins 5 à 7 espèces différentes, seront préférées</line>
<line>aux plantations monospécifiques</line></par>
<par>
<line>O Les espèces végétales invasives sont très vivement déconseillées</line>
<line>O Les espèces végétales indigènes seront privilégiées</line></par>
</text>
</block>
<block><region><rect/></region>
<text>
<par>
<line>NEUE - URBAN ECO - OAP PLU Vauréal - version approbation</line></par>
</text>
</block>
<block><region><rect/></region>
<text>
<par>
<line>8</line></par>
</text>
</block>











</page>
<page width="2479" height="3508" resolution="300">
<block><region><rect/></region>
<text>
<par>
<line>Cheminement dans les bois</line></par>
<par>
<line>Sur le coteau, à l'intérieur du boisement, hors des chemins déjà aménagés, il est recommandé pour</line>
<line>limiter l'impact sur la faune forestière :</line></par>
<par>
<line>Des cheminements d'une largeur limitée de 1,5 m</line></par>
<par>
<line>Le revêtement ne viendra pas impacté le site, uniquement de la grave sans ciment, ni</line>
<line>matériau liant</line></par>
<par>
<line>Aucun éclairage, ou au maximum un balisage à l'entrée des chemins</line></par>
<par>
<line>En cas de traversée de milieux naturels sensibles, un platelage sera privilégié</line></par>
<par>
<line>La signalétique devra être simple et non éclairée.</line></par>
</text>
</block>
<block><region><rect/></region>
<text>
<par>
<line>Références</line></par>
<par>
<line>Liste des plantes invasives en Île-de-France</line></par>
<par>
<line>in Guide de gestion différenciée à l'usage des collectivités, Natureparif, janvier 2013 :</line>
<line>http://www.natu reparif.fr/attachments/guidegd/Pages/Fleurissement/9.pdf</line></par>
</text>
</block>
<block><region><rect/></region>
<text>
<par>
<line>NEUE - URBAN ECO - OAP PLU Vauréal</line></par>
</text>
</block>
<block><region><rect/></region>
<text>
<par>
<line>version approbation</line></par>
</text>
</block>
<block><region><rect/></region>
<text>
<par>
<line>9</line></par>
</text>
</block>

</page>
</OAP>