<?xml version="1.0" encoding="UTF-8"?><OAP>
<page width="2595" height="3672" resolution="314">
<block><region><rect/></region>
<text>
<par>
<line>Conduite d'opération</line></par>
</text>
</block>
<block><region><rect/></region>
<text>
<par>
<line>“ I</line></par>
<par>
<line>^1</line></par>
</text>
</block>
<block><region><rect/></region>
<text>
<par>
<line>Présent</line></par>
</text>
</block>
<block><region><rect/></region>
<text>
<par>
<line>pour</line></par>
</text>
</block>
<block><region><rect/></region>
<text>
<par>
<line>■avenir</line></par>
</text>
</block>
<block><region><rect/></region>
<text>
<par>
<line>Republiqîje Française</line></par>
</text>
</block>
<block><region><rect/></region>
<text>
<par>
<line>Maîtrise d'œuvre</line></par>
</text>
</block>
<block><region><rect/></region>
<text>
<par>
<line>B E T</line></par>
</text>
</block>
<block><region><rect/></region>
<text>
<par/>
</text>
</block>
<block><region><rect/></region>
<text>
<par>
<line>URBAN SME</line></par>
</text>
</block>
<block><region><rect/></region>
<text>
<par>
<line>VRD</line></par>
</text>
</block>
<block><region><rect/></region>
<text>
<par>
<line>AMENAGEMENT</line></par>
</text>
</block>
<block><region><rect/></region>
<text>
<par>
<line>Concours financier</line></par>
</text>
</block>
<block><region><rect/><rect/></region>
<text>
<par/>
</text>
</block>
<block><region><rect/></region>
<text>
<par>
<line>Commune de Chiconi</line></par>
</text>
</block>
<block><region><rect/><rect/><rect/></region>
<text>
<par>
<line>PLAN LOCAL D'URBANISME</line></par>
<par>
<line>3</line></par>
<par>
<line>Orientations particulières</line>
<line>d'aménagement</line></par>
</text>
</block>
<block><region><rect/></region>
<text>
<par>
<line>PLU approuvé par délibération du Conseil Municipal n° du Décembre 2010</line></par>
</text>
</block>













<block blockType="Picture" blockName="" l="152" t="546" r="388" b="1077"><region><rect/></region>
</block>
</page>
<page width="2479" height="3508" resolution="300">
<block><region><rect/></region>
<text>
<par>
<line>Commune de Chiconi</line></par>
<par>
<line>Plan Local d'Urbanisme - Orientations particulières d'aménagement</line></par>
</text>
</block>
<block><region><rect/></region>
<text>
<par>
<line>Sommaire</line></par>
<par>
<line>SOMMAIRE.1</line></par>
<par>
<line>INTRODUCTION.2</line></par>
<par>
<line>ORIENTATION N° 1 : AMENAGEMENT DU FRONT DE MER DU VILLAGE DE</line>
<line>CHICONI.4</line></par>
<par>
<line>I- Le contexte.4</line></par>
<par>
<line>II- Les principes du projet.4</line></par>
<par>
<line>ORIENTATION N° 2 : REQUALIFICATION DU QUARTIER DE LA MAIRIE DE</line>
<line>CHICONI.7</line></par>
<par>
<line>I- Le contexte.7</line></par>
<par>
<line>II- Les principes du projet.7</line></par>
<par>
<line>ORIENTATION N°3 : AMENAGEMENT DE l'ARRIERE-PLAGE DE SOHOA.10</line></par>
<par>
<line>I- Le contexte.10</line></par>
<par>
<line>II- Les principes du projet.10</line></par>
</text>
</block>
<block><region><rect/></region>
<text>
<par>
<line>1</line></par>
</text>
</block>













</page>
<page width="2479" height="3508" resolution="300">
<block><region><rect/></region>
<text>
<par>
<line>Commune de Chiconi</line></par>
<par>
<line>Plan Local d'Urbanisme - Orientations particulières d'aménagement</line></par>
</text>
</block>
<block><region><rect/></region>
<text>
<par>
<line>Introduction</line></par>
</text>
</block>
<block><region><rect/></region>
<text>
<par>
<line>A travers ses orientations générales d'aménagement, le Plan d'Aménagement et de</line>
<line>Développement Durable de Chiconi dessine les grandes lignes de la politique</line>
<line>d'aménagement communale. Si la plupart des objectifs et actions qui découlent de ces</line>
<line>orientations s'applique à l'ensemble du territoire communal et demandera un intervalle</line>
<line>de temps plus ou moins long pour être atteinte, certains, en plus d'être très sectorisés,</line>
<line>ont été définis par le maître d'ouvrage comme étant hiérarchiquement plus importants</line>
<line>que les autres en raison du niveau des enjeux qu'ils représentent. Parmi ceux-ci, trois</line>
<line>ont fait l'objet d'une orientation particulière d'aménagement dont la vocation est de</line>
<line>"prévoir les actions et opérations d'aménagement à mettre en œuvre, notamment pour</line>
<line>mettre en valeur l'environnement, les paysages, les entrées de villes et le patrimoine,</line>
<line>lutter contre l'insalubrité, permettre le renouvellement urbain et assurer le</line>
<line>développement de la commune" (art. L. 123-1 CU). Ces orientations particulières</line>
<line>d'aménagement concernent l'aménagement du Front de mer du village de Chiconi, la</line>
<line>requalification du quartier de la Mairie de Chiconi (village de Chiconi) et</line>
<line>l'aménagement de l'arrière-plage de Sohoa (voir carte de situation page suivante).</line></par>
</text>
</block>
<block><region><rect/></region>
<text>
<par>
<line>2</line></par>
</text>
</block>


</page>
<page width="3508" height="4963" resolution="300">
<block><region><rect/></region>
<text>
<par>
<line>SITUATION DES ORIENTATIONS PARTICULIERES D'AMENAGEMENT</line></par>
</text>
</block>
<block><region><rect/></region>
<text>
<par>
<line>Commune de Tsingoni</line></par>
</text>
</block>
<block><region><rect/></region>
<text>
<par>
<line>•</line></par>
</text>
</block>
<block><region><rect/></region>
<text>
<par/>
</text>
</block>
<block><region><rect/></region>
<text>
<par/>
</text>
</block>
<block><region><rect/></region>
<text>
<par/>
</text>
</block>
<block><region><rect/></region>
<text>
<par/>
</text>
</block>
<block><region><rect/><rect/></region>
<text>
<par/>
</text>
</block>
<block><region><rect/></region>
<text>
<par/>
</text>
</block>
<block><region><rect/></region>
<text>
<par/>
</text>
</block>
<block><region><rect/></region>
<text>
<par/>
</text>
</block>
<block><region><rect/></region>
<text>
<par/>
</text>
</block>
<block><region><rect/></region>
<text>
<par>
<line>5 7&gt;</line></par>
</text>
</block>
<block><region><rect/></region>
<text>
<par/>
</text>
</block>
<block><region><rect/></region>
<text>
<par>
<line>: ï</line></par>
</text>
</block>
<block><region><rect/></region>
<text>
<par>
<line>"fïtiÆ</line></par>
</text>
</block>
<block><region><rect/></region>
<text>
<par>
<line>S, Tfî.</line></par>
</text>
</block>
<block><region><rect/></region>
<text>
<par/>
</text>
</block>
<block><region><rect/></region>
<text>
<par/>
</text>
</block>
<block><region><rect/></region>
<text>
<par>
<line>'■4</line></par>
</text>
</block>
<block><region><rect/></region>
<text>
<par/>
</text>
</block>
<block><region><rect/></region>
<text>
<par/>
</text>
</block>
<block><region><rect/></region>
<text>
<par/>
</text>
</block>
<block><region><rect/></region>
<text>
<par>
<line>1. =-.''ü</line></par>
</text>
</block>
<block><region><rect/></region>
<text>
<par/>
</text>
</block>
<block><region><rect/></region>
<text>
<par/>
</text>
</block>
<block><region><rect/></region>
<text>
<par/>
</text>
</block>
<block><region><rect/></region>
<text>
<par>
<line>Commune de Ouangani &gt;</line></par>
</text>
</block>
<block><region><rect/></region>
<text>
<par/>
</text>
</block>
<block><region><rect/></region>
<text>
<par/>
</text>
</block>
<block><region><rect/></region>
<text>
<par>
<line>*ï Jta!</line></par>
</text>
</block>
<block><region><rect/></region>
<text>
<par>
<line>•.Hj</line></par>
</text>
</block>
<block><region><rect/></region>
<text>
<par/>
</text>
</block>
<block><region><rect/></region>
<text>
<par/>
</text>
</block>
<block><region><rect/></region>
<text>
<par>
<line>— *nj:</line></par>
</text>
</block>
<block><region><rect/></region>
<text>
<par/>
</text>
</block>
<block><region><rect/></region>
<text>
<par>
<line>-sa</line></par>
</text>
</block>
<block><region><rect/></region>
<text>
<par/>
</text>
</block>
<block><region><rect/></region>
<text>
<par/>
</text>
</block>
<block><region><rect/></region>
<text>
<par>
<line>rJOneiitiition n 3 : Amenagement de aiiiere-i&gt;mne de Sohoa</line></par>
</text>
</block>
<block><region><rect/></region>
<text>
<par>
<line>. V -Hl-</line></par>
</text>
</block>
<block><region><rect/></region>
<text>
<par/>
</text>
</block>
<block><region><rect/></region>
<text>
<par>
<line>%</line></par>
</text>
</block>
<block><region><rect/></region>
<text>
<par>
<line>iimne {le Sonon</line></par>
</text>
</block>
<block><region><rect/></region>
<text>
<par>
<line>^ ^ V</line></par>
</text>
</block>
<block><region><rect/></region>
<text>
<par>
<line>Vi</line></par>
</text>
</block>
<block><region><rect/></region>
<text>
<par/>
</text>
</block>
<block><region><rect/></region>
<text>
<par>
<line>M</line></par>
</text>
</block>
<block><region><rect/></region>
<text>
<par/>
</text>
</block>
<block><region><rect/></region>
<text>
<par/>
</text>
</block>
<block><region><rect/></region>
<text>
<par>
<line>-Tjir-Tkb-'h *!■■•_ !-.</line></par>
</text>
</block>
<block><region><rect/></region>
<text>
<par>
<line>■liage de Chiconi - Partie Nord</line></par>
</text>
</block>
<block><region><rect/></region>
<text>
<par/>
</text>
</block>
<block><region><rect/></region>
<text>
<par>
<line>Oiientïitioii n 2 : Re(iu&lt;ihficïitioii du uiiartier de Iïi Maine de Chiceni</line></par>
</text>
</block>
<block><region><rect/></region>
<text>
<par/>
</text>
</block>
<block><region><rect/></region>
<text>
<par/>
</text>
</block>
<block><region><rect/></region>
<text>
<par/>
</text>
</block>
<block><region><rect/></region>
<text>
<par/>
</text>
</block>
<block><region><rect/></region>
<text>
<par/>
</text>
</block>
<block><region><rect/></region>
<text>
<par/>
</text>
</block>
<block><region><rect/></region>
<text>
<par/>
</text>
</block>
<block><region><rect/></region>
<text>
<par>
<line>■Â</line></par>
</text>
</block>
<block><region><rect/></region>
<text>
<par/>
</text>
</block>
<block><region><rect/></region>
<text>
<par/>
</text>
</block>
<block><region><rect/></region>
<text>
<par>
<line>illnue {le Chicoiii - Partie Sud</line></par>
</text>
</block>
<block><region><rect/></region>
<text>
<par/>
</text>
</block>
<block><region><rect/></region>
<text>
<par>
<line>W-%- E</line></par>
</text>
</block>
<block><region><rect/></region>
<text>
<par/>
</text>
</block>
<block><region><rect/></region>
<text>
<par/>
</text>
</block>
<block><region><rect/></region>
<text>
<par/>
</text>
</block>
<block><region><rect/></region>
<text>
<par>
<line>5^</line></par>
</text>
</block>
<block><region><rect/></region>
<text>
<par>
<line>/ 2 000</line></par>
</text>
</block>
<block><region><rect/></region>
<text>
<par/>
</text>
</block>
<block><region><rect/></region>
<text>
<par>
<line>Orientation n 1 : Amenauement du Front de mer du villacie de Chiconi</line></par>
</text>
</block>
<block><region><rect/></region>
<text>
<par>
<line>Commune</line></par>
</text>
</block>
<block><region><rect/></region>
<text>
<par>
<line>Voies majeures</line></par>
</text>
</block>
<block><region><rect/></region>
<text>
<par>
<line>de sada</line></par>
</text>
</block>
<block><region><rect/></region>
<text>
<par>
<line>Source : IGN, 2008.</line></par>
<par>
<line>Réalisation : BET TEMA, 2010.</line></par>
</text>
</block>

























<block blockType="Picture" blockName="" l="1052" t="1907" r="1158" b="1936"><region><rect/></region>
</block>
<block blockType="Picture" blockName="" l="1587" t="3516" r="1693" b="3561"><region><rect/></region>
</block>
<block blockType="Picture" blockName="" l="1494" t="1289" r="1616" b="1317"><region><rect/></region>
</block>
<block blockType="Picture" blockName="" l="2297" t="2126" r="2416" b="2154"><region><rect/></region>
</block>
<block blockType="Picture" blockName="" l="1856" t="2414" r="1978" b="2440"><region><rect/></region>
</block>
<block blockType="Picture" blockName="" l="2328" t="2596" r="2500" b="2624"><region><rect/></region>
</block>
<block blockType="Picture" blockName="" l="1726" t="2630" r="1984" b="2688"><region><rect/></region>
</block>
<block blockType="Picture" blockName="" l="1793" t="2862" r="1972" b="2894"><region><rect/></region>
</block>
<block blockType="Picture" blockName="" l="1824" t="3050" r="2018" b="3098"><region><rect/></region>
</block>
<block blockType="Picture" blockName="" l="2377" t="3305" r="2509" b="3330"><region><rect/></region>
</block>
<block blockType="Picture" blockName="" l="988" t="3732" r="1133" b="3760"><region><rect/></region>
</block>
<block blockType="Picture" blockName="" l="1185" t="3800" r="1369" b="3831"><region><rect/></region>
</block>
<block blockType="Picture" blockName="" l="125" t="132" r="3357" b="4814"><region><rect/></region>
</block>
<block blockType="Picture" blockName="" l="249" t="4529" r="876" b="4648"><region><rect/></region>
</block>
</page>
<page width="2479" height="3508" resolution="300">
<block><region><rect/></region>
<text>
<par>
<line>Commune de Chiconi</line></par>
<par>
<line>Plan Local d'Urbanisme - Orientations particulières d'aménagement</line></par>
</text>
</block>
<block><region><rect/></region>
<text>
<par>
<line>Orientation n° 1 : amenagement du front de mer</line></par>
<par>
<line>DU VILLAGE DE CHICONI</line></par>
</text>
</block>
<block><region><rect/></region>
<text>
<par>
<line>I- Le contexte</line></par>
<par>
<line>Cette orientation particulière d'aménagement répond aux Objectifs 1, 2 et 3 de</line>
<line>l'Orientation 1 du PADD communal "Améliorer le cadre de vie". Elle s'inscrit dans une</line>
<line>réflexion de reconfiguration urbanistique du Sud du village de Chiconi engagée il y a</line>
<line>une dizaine d'années et qui se concrétise ces dernières années par les opérations</line>
<line>Résorption de l'Habitat Insalubre d'Ambani et d'Antapagna, par la création du</line>
<line>Lotissement SIM du Front de mer, par la construction de la bibliothèque du Front de</line>
<line>Mer ainsi que par les études préliminaires à l'aménagement du Front de Mer et à la</line>
<line>l'aménagement du port à marée.</line></par>
<par>
<line>Le Front de mer du village de Chiconi est autant un espace multifonctionnel peu</line>
<line>organisé, peu engageant et soumis à certains aléas naturels forts, qu'un espace</line>
<line>recélant de nombreux atouts. Il dispose tout d'abord d'importantes surfaces d'espaces</line>
<line>publics ce qui rend aisé toute intervention d'aménagement. Il dispose ensuite</line>
<line>d'intéressants atouts paysagers avec une vue sur les crêtes du Centre, sur l'Ilot de</line>
<line>Sada, sur le Mlima Chiconi.</line></par>
</text>
</block>
<block><region><rect/></region>
<text>
<par>
<line>II- Les principes du projet</line></par>
<par>
<line>Il s'agira de requalifier le CCD 7a en générant un projet d'aménagement conciliant</line>
<line>maintien de la circulation automobile, sécurisation des piétons et création d'espaces</line>
<line>de détente.</line></par>
<par>
<line>L'importante occupation humaine de la zone appellera une nécessaire opération</line>
<line>d'aménagement visant à pallier l'aléa fort surcote marine.</line></par>
<par>
<line>La place SICOTRAM et ses abords sont favorables pour devenir le centre du village</line>
<line>de Chiconi. La centralité des lieux sera renforcée avec des actions en faveur d'une</line>
<line>redynamisation commerciale ainsi qu'avec la venue de nouveaux équipements</line>
<line>publics.</line></par>
</text>
</block>
<block><region><rect/></region>
<text>
<par>
<line>4</line></par>
</text>
</block>




</page>
<page width="4963" height="3508" resolution="300">
<block><region><rect/></region>
<text>
<par>
<line>ORIENTATION D'AMENAGEMENT N° 1 : AMENAGEMENT DU FRONT DE MER DU VILLAGE DE CHICONI - SCHEMA D'INTENTION</line></par>
</text>
</block>
<block><region><rect/></region>
<text>
<par>
<line>S/</line></par>
</text>
</block>
<block><region><rect/></region>
<text>
<par>
<line>û</line></par>
</text>
</block>
<block><region><rect/></region>
<text>
<par/>
</text>
</block>
<block><region><rect/></region>
<text>
<par/>
</text>
</block>
<block><region><rect/></region>
<text>
<par>
<line>□</line></par>
</text>
</block>
<block><region><rect/></region>
<text>
<par>
<line>b.</line></par>
</text>
</block>
<block><region><rect/></region>
<text>
<par>
<line>P</line></par>
</text>
</block>
<block><region><rect/></region>
<text>
<par>
<line>&lt;3</line></par>
</text>
</block>
<block><region><rect/></region>
<text>
<par/>
</text>
</block>
<block><region><rect/></region>
<text>
<par/>
</text>
</block>
<block><region><rect/></region>
<text>
<par>
<line>3</line></par>
</text>
</block>
<block><region><rect/></region>
<text>
<par>
<line>\</line></par>
</text>
</block>
<block><region><rect/></region>
<text>
<par>
<line>N</line></par>
</text>
</block>
<block><region><rect/></region>
<text>
<par>
<line>O</line></par>
</text>
</block>
<block><region><rect/></region>
<text>
<par>
<line>s.</line></par>
</text>
</block>
<block><region><rect/></region>
<text>
<par/>
</text>
</block>
<block><region><rect/></region>
<text>
<par/>
</text>
</block>
<block><region><rect/></region>
<text>
<par/>
</text>
</block>
<block><region><rect/></region>
<text>
<par>
<line>O</line></par>
</text>
</block>
<block><region><rect/></region>
<text>
<par/>
</text>
</block>
<block><region><rect/></region>
<text>
<par>
<line>Q</line></par>
</text>
</block>
<block><region><rect/></region>
<text>
<par/>
</text>
</block>
<block><region><rect/></region>
<text>
<par>
<line>Û</line></par>
</text>
</block>
<block><region><rect/></region>
<text>
<par>
<line>Q</line></par>
</text>
</block>
<block><region><rect/></region>
<text>
<par/>
</text>
</block>
<block><region><rect/></region>
<text>
<par>
<line>a,</line></par>
</text>
</block>
<block><region><rect/></region>
<text>
<par>
<line>JJ</line></par>
</text>
</block>
<block><region><rect/></region>
<text>
<par/>
</text>
</block>
<block><region><rect/></region>
<text>
<par>
<line>O</line></par>
</text>
</block>
<block><region><rect/></region>
<text>
<par>
<line>□</line></par>
</text>
</block>
<block><region><rect/></region>
<text>
<par>
<line>a</line></par>
</text>
</block>
<block><region><rect/></region>
<text>
<par/>
</text>
</block>
<block><region><rect/></region>
<text>
<par>
<line>a</line></par>
</text>
</block>
<block><region><rect/></region>
<text>
<par>
<line>□</line></par>
</text>
</block>
<block><region><rect/></region>
<text>
<par>
<line>O</line></par>
</text>
</block>
<block><region><rect/></region>
<text>
<par/>
</text>
</block>
<block><region><rect/></region>
<text>
<par>
<line>O</line></par>
</text>
</block>
<block><region><rect/></region>
<text>
<par>
<line>a</line></par>
</text>
</block>
<block><region><rect/></region>
<text>
<par/>
</text>
</block>
<block><region><rect/></region>
<text>
<par/>
</text>
</block>
<block><region><rect/></region>
<text>
<par>
<line>✓</line></par>
</text>
</block>
<block><region><rect/></region>
<text>
<par>
<line>Renforcer la centralité de la Place SICOTRAM et de ses abords</line></par>
<par>
<line>- développer l'offre de services publics</line></par>
<par>
<line>- redynamiser le secteur commercial</line></par>
<par>
<line>- retraiter les espaces publics</line></par>
</text>
</block>
<block><region><rect/></region>
<text>
<par>
<line>Raccordement du CCD 7a avec la Place SICOTRAM à retraiter</line></par>
</text>
</block>
<block><region><rect/></region>
<text>
<par>
<line>Raccordement du CCD 7a et du CCD 16 à retraiter</line></par>
</text>
</block>
<block><region><rect/></region>
<text>
<par>
<line>Requalification du CCD 7a depuis la Place SICOTRAM</line>
<line>jusqu'au raccordement avec le CCD 7</line></par>
</text>
</block>
<block><region><rect/></region>
<text>
<par>
<line>Commune de sada</line></par>
</text>
</block>
<block><region><rect/></region>
<text>
<par>
<line>M</line></par>
<par>
<line>y</line></par>
<par>
<line>W—E-</line>
<line>1</line></par>
</text>
</block>
<block><region><rect/></region>
<text>
<par>
<line>1 2 700</line></par>
</text>
</block>
<block><region><rect/></region>
<text>
<par>
<line>Source : IGN, 2008.</line></par>
<par>
<line>Réalisation : BET TEMA, 2010.</line></par>
</text>
</block>





































</page>
<page width="2479" height="3508" resolution="300">
<block><region><rect/></region>
<text>
<par>
<line>Commune de Chiconi</line></par>
<par>
<line>Plan Local d'Urbanisme - Orientations particulières d'aménagement</line></par>
</text>
</block>
<block><region><rect/></region>
<text>
<par>
<line>Orientation n°2 : requalification du quartier de</line></par>
<par>
<line>LA MAIRIE DE CHICONI</line></par>
</text>
</block>
<block><region><rect/></region>
<text>
<par>
<line>I- Le contexte</line></par>
<par>
<line>Cette orientation particulière d'aménagement répond à l'Objectif 3 de l'Orientation 3 du</line>
<line>PADD communal "Améliorer le cadre de vie" et aux Objectifs 2, 4 et 5 de l'Orientation</line>
<line>5 du PADD communal "Protéger et valoriser les espaces naturels dans leur diversité".</line>
<line>Elles s'inscrit aussi pleinement dans les prescriptions du Schéma Directeur</line>
<line>d'Aménagement et de Gestion des Eaux de Mayotte qui a pour objectif de protéger la</line>
<line>ressource en eau.</line></par>
<par>
<line>Le constat in situ établit :</line></par>
<par>
<line>- D'une part, que les deux cours d'eau orientés Nord/Sud et Est/Ouest ont</line>
<line>perdu leur caractère naturel et disparaissent ponctuellement en raison de la</line>
<line>colonisation de leur lit mineur voire de leur lit majeur. Ce trait impacte fortement le bon</line>
<line>écoulement du flux hydraulique et conduit un risque d'inondation certain du bâti en</line>
<line>présence.</line></par>
<par>
<line>- D'autre part, que l'hôtel de ville est dilué dans un ensemble bâti hétéroclite qui</line>
<line>masque sa présence. Qui plus est, ses abords immédiats sont peu engageants.</line></par>
</text>
</block>
<block><region><rect/></region>
<text>
<par>
<line>II- Les principes du projet</line></par>
<par>
<line>La réhabilitation des cours d'eau impliquera dans un premier temps un inventaire des</line>
<line>constructions entravant leur écoulement naturel et mettant en péril leurs occupants, et</line>
<line>dans un second temps, des mesures visant à recouvrer leurs lits originels.</line></par>
<par>
<line>L'hôtel de ville sera mis en valeur par la libération de nouveaux espaces dans ses</line>
<line>abords immédiats qui seront dédiés à la création d'une place piétonne et de</line>
<line>stationnements.</line></par>
</text>
</block>
<block><region><rect/></region>
<text>
<par>
<line>7</line></par>
</text>
</block>




</page>
<page width="4963" height="3508" resolution="300">
<block><region><rect/><rect/></region>
<text>
<par>
<line>ORIENTATION D'AMENAGEMENT N° 2 : REQUALIFICATION DU QUARTIER DE LA MAIRIE DE CHICONI - SCHEMA D'INTENTION</line></par>
<par>
<line>/ / X</line></par>
</text>
</block>
<block><region><rect/></region>
<text>
<par/>
</text>
</block>
<block><region><rect/></region>
<text>
<par/>
</text>
</block>
<block><region><rect/></region>
<text>
<par>
<line>a</line></par>
</text>
</block>
<block><region><rect/></region>
<text>
<par/>
</text>
</block>
<block><region><rect/></region>
<text>
<par/>
</text>
</block>
<block><region><rect/></region>
<text>
<par>
<line>U</line></par>
</text>
</block>
<block><region><rect/></region>
<text>
<par>
<line>53</line></par>
</text>
</block>
<block><region><rect/></region>
<text>
<par>
<line>n</line></par>
</text>
</block>
<block><region><rect/></region>
<text>
<par>
<line>Reseau hydrographique</line></par>
</text>
</block>
<block><region><rect/></region>
<text>
<par>
<line>r</line></par>
</text>
</block>
<block><region><rect/></region>
<text>
<par/>
</text>
</block>
<block><region><rect/></region>
<text>
<par>
<line>a</line></par>
</text>
</block>
<block><region><rect/></region>
<text>
<par>
<line>Requalification du CCD 16</line></par>
</text>
</block>
<block><region><rect/></region>
<text>
<par/>
</text>
</block>
<block><region><rect/></region>
<text>
<par>
<line>□</line></par>
</text>
</block>
<block><region><rect/></region>
<text>
<par/>
</text>
</block>
<block><region><rect/></region>
<text>
<par>
<line>/</line></par>
</text>
</block>
<block><region><rect/></region>
<text>
<par>
<line>N</line></par>
</text>
</block>
<block><region><rect/></region>
<text>
<par/>
</text>
</block>
<block><region><rect/></region>
<text>
<par>
<line>^3-</line></par>
</text>
</block>
<block><region><rect/></region>
<text>
<par/>
</text>
</block>
<block><region><rect/></region>
<text>
<par>
<line>C]^</line></par>
</text>
</block>
<block><region><rect/></region>
<text>
<par/>
</text>
</block>
<block><region><rect/></region>
<text>
<par>
<line>X</line></par>
</text>
</block>
<block><region><rect/></region>
<text>
<par>
<line>3</line></par>
</text>
</block>
<block><region><rect/></region>
<text>
<par>
<line>□1</line></par>
</text>
</block>
<block><region><rect/></region>
<text>
<par>
<line>□</line></par>
</text>
</block>
<block><region><rect/></region>
<text>
<par/>
</text>
</block>
<block><region><rect/></region>
<text>
<par>
<line>D</line></par>
</text>
</block>
<block><region><rect/></region>
<text>
<par>
<line>U</line></par>
</text>
</block>
<block><region><rect/></region>
<text>
<par>
<line>Q</line></par>
</text>
</block>
<block><region><rect/></region>
<text>
<par>
<line>0</line></par>
</text>
</block>
<block><region><rect/></region>
<text>
<par>
<line>SD</line></par>
</text>
</block>
<block><region><rect/></region>
<text>
<par>
<line>L</line></par>
</text>
</block>
<block><region><rect/></region>
<text>
<par>
<line>3^</line></par>
</text>
</block>
<block><region><rect/></region>
<text>
<par>
<line>TA-'-.%- E</line></par>
</text>
</block>
<block><region><rect/></region>
<text>
<par>
<line>O</line></par>
</text>
</block>
<block><region><rect/></region>
<text>
<par>
<line>O</line></par>
</text>
</block>
<block><region><rect/></region>
<text>
<par>
<line>100</line></par>
</text>
</block>
<block><region><rect/></region>
<text>
<par/>
</text>
</block>
<block><region><rect/><rect/></region>
<text>
<par>
<line>if, jy Valoriser les abords immédiats de l'hôtel de ville</line></par>
<par>
<line>V y</line></par>
</text>
</block>
<block><region><rect/></region>
<text>
<par>
<line>Résorber les désordres hydrauliques</line></par>
</text>
</block>
<block><region><rect/></region>
<text>
<par>
<line>Source : IGN, 2008.</line></par>
<par>
<line>Réalisation : BET TEMA, 2010.</line></par>
</text>
</block>






























































































<block blockType="Picture" blockName="" l="492" t="1376" r="671" b="1474"><region><rect/></region>
</block>
</page>
<page width="2479" height="3508" resolution="300">
<block><region><rect/></region>
<text>
<par>
<line>Commune de Chiconi</line></par>
<par>
<line>Plan Local d'Urbanisme - Orientations particulières d'aménagement</line></par>
</text>
</block>
<block><region><rect/></region>
<text>
<par>
<line>Orientation n°3 : amenagement de I'arriere-plage</line></par>
<par>
<line>DE SOHOA</line></par>
</text>
</block>
<block><region><rect/></region>
<text>
<par>
<line>I- Le contexte</line></par>
<par>
<line>Cette orientation particulière d'aménagement répond à l'Objectif 1 de l'Orientation 1 du</line>
<line>PADD communal "Améliorer le cadre de vie" et à l'Objectif 3 de l'Orientation 5 du</line>
<line>PADD communal "Protéger et valoriser les espaces naturels dans leur diversité".</line></par>
<par>
<line>Très appréciée pour ses très bonnes dispositions pour la pratique de sports</line>
<line>aquatiques, pour l'organisation de voulés ou pour la détente, la plage de Sohoa et</line>
<line>plus spécialement son arrière-plage, sont cependant sujettes à de nombreux</line>
<line>dysfonctionnements : stationnements anarchiques, végétation du haut de plage</line>
<line>dégradée, mobiliers abîmés et non fonctionnels, déconnexion avec le complexe sportif</line>
<line>adjacent.</line></par>
</text>
</block>
<block><region><rect/></region>
<text>
<par>
<line>II- Les principes du projet</line></par>
<par>
<line>Il s'agira de canaliser les flux de véhicules et d'offrir aux visiteurs des aires de</line>
<line>stationnements suffisamment vastes pour éviter les phénomènes de stationnements</line>
<line>anarchiques et ce même en période d'affluence.</line></par>
<par>
<line>Les accès directs à la plage seront réduits de manière à éviter le piétinement continu</line>
<line>du haut de plage et donc son érosion.</line></par>
<par>
<line>Le mobilier sera renouvelé afin de conférer au site un caractère accueillant et</line>
<line>conforter son attractivité.</line></par>
<par>
<line>Il sera entrepris une mise aux normes du terrain des sports. Celle-ci devra répondre à</line>
<line>une intégration paysagère avec son environnement naturel.</line></par>
</text>
</block>
<block><region><rect/></region>
<text>
<par>
<line>10</line></par>
</text>
</block>




</page>
<page width="3508" height="4963" resolution="300">
<block><region><rect/></region>
<text>
<par>
<line>ORIENTATION D'AMENAGEMENT N° 3 : AMENAGEMENT DE L'ARRIERE-PLAGE DE SOHOA- SCHEMA D'INTENTION</line></par>
</text>
</block>
<block><region><rect/></region>
<text>
<par/>
</text>
</block>
<block><region><rect/></region>
<text>
<par/>
</text>
</block>
<block><region><rect/></region>
<text>
<par/>
</text>
</block>
<block><region><rect/></region>
<text>
<par>
<line>A</line></par>
</text>
</block>
<block><region><rect/></region>
<text>
<par/>
</text>
</block>
<block><region><rect/></region>
<text>
<par>
<line>y</line></par>
</text>
</block>
<block><region><rect/></region>
<text>
<par/>
</text>
</block>
<block><region><rect/></region>
<text>
<par/>
</text>
</block>
<block><region><rect/></region>
<text>
<par/>
</text>
</block>
<block><region><rect/></region>
<text>
<par/>
</text>
</block>
<block><region><rect/></region>
<text>
<par>
<line>1 /1 eoo</line></par>
</text>
</block>
<block><region><rect/></region>
<text>
<par>
<line>Valoriser l'arrière-plage de Sohoa</line></par>
</text>
</block>
<block><region><rect/></region>
<text>
<par>
<line>&gt; Extension du complexe sportif de Sohoa</line></par>
</text>
</block>
<block><region><rect/></region>
<text>
<par>
<line>X !</line></par>
</text>
</block>
<block><region><rect/></region>
<text>
<par>
<line>Emprise du complexe sportif de Sohoa</line></par>
</text>
</block>
<block><region><rect/></region>
<text>
<par>
<line>Requalification du CCD 16</line></par>
</text>
</block>
<block><region><rect/></region>
<text>
<par>
<line>Source : IGN, 2008.</line></par>
<par>
<line>Réalisation : BET TEMA, 2010.</line></par>
</text>
</block>




































<block blockType="Picture" blockName="" l="2147" t="937" r="2286" b="1015"><region><rect/></region>
</block>
</page>
</OAP>