<?xml version="1.0" encoding="UTF-8"?><PLU>
<page width="2481" height="3508" resolution="300">
<block><region><rect/></region>
<text>
<par>
<line>Commune de Chamousset</line></par>
</text>
</block>
<block><region><rect/></region>
<text>
<par>
<line>Plan Local d'Urbanisme</line></par>
</text>
</block>
<block><region><rect/></region>
<text>
<par>
<line>4.3 Règlement écrit</line></par>
</text>
</block>
<block><region><rect/></region>
<text>
<par>
<line>Projet arrêté par le conseil municipal du :</line>
<line>9 mars 2017</line></par>
</text>
</block>
<block><region><rect/></region>
<text>
<par>
<line>Projet approuvé par le conseil municipal du :</line>
<line>22 novembre 2017</line></par>
</text>
</block>
<block><region><rect/></region>
<text>
<par>
<line>terre</line></par>
<par>
<line>d'urba</line></par>
<par>
<line>nisme</line></par>
</text>
</block>
<block><region><rect/></region>
<text>
<par>
<line>BIO @1</line>
<line>INSIGHT</line></par>
</text>
</block>

<block blockType="Picture" blockName="" l="295" t="2983" r="523" b="3211"><region><rect/></region>
</block>
</page>
<page width="2481" height="3508" resolution="300">
<block><region><rect/></region>
<text>
<par>
<line>Sommaire</line></par>
</text>
</block>
<block blockType="Table" blockName="" l="290" t="688" r="742" b="1767"><region><rect/></region>
<row>
<cell leftBorder="White" topBorder="White" rightBorder="White" bottomBorder="White" width="251" height="70">
<text>
<par>
<line>Zone U</line></par>
</text></cell>
<cell leftBorder="White" topBorder="White" rightBorder="White" bottomBorder="White" width="201" height="70">
<text>
<par>
<line>page 5</line></par>
</text></cell></row>
<row>
<cell leftBorder="White" topBorder="White" rightBorder="White" bottomBorder="White" width="251" height="93">
<text>
<par>
<line>Zone Ui</line></par>
</text></cell>
<cell leftBorder="White" topBorder="White" rightBorder="White" bottomBorder="White" width="201" height="93">
<text>
<par>
<line>page 10</line></par>
</text></cell></row>
<row>
<cell leftBorder="White" topBorder="White" rightBorder="White" bottomBorder="White" width="251" height="94">
<text>
<par>
<line>Zone Uei</line></par>
</text></cell>
<cell leftBorder="White" topBorder="White" rightBorder="White" bottomBorder="White" width="201" height="94">
<text>
<par>
<line>page 14</line></par>
</text></cell></row>
<row>
<cell leftBorder="White" topBorder="White" rightBorder="White" bottomBorder="White" width="251" height="94">
<text>
<par>
<line>Zone Au</line></par>
</text></cell>
<cell leftBorder="White" topBorder="White" rightBorder="White" bottomBorder="White" width="201" height="94">
<text>
<par>
<line>page 17</line></par>
</text></cell></row>
<row>
<cell leftBorder="White" topBorder="White" rightBorder="White" bottomBorder="White" width="251" height="93">
<text>
<par>
<line>Zona A-Ai</line></par>
</text></cell>
<cell leftBorder="White" topBorder="White" rightBorder="White" bottomBorder="White" width="201" height="93">
<text>
<par>
<line>page 18</line></par>
</text></cell></row>
<row>
<cell leftBorder="White" topBorder="White" rightBorder="White" bottomBorder="White" width="251" height="95">
<text>
<par>
<line>Zone Ap</line></par>
</text></cell>
<cell leftBorder="White" topBorder="White" rightBorder="White" bottomBorder="White" width="201" height="95">
<text>
<par>
<line>page 21</line></par>
</text></cell></row>
<row>
<cell leftBorder="White" topBorder="White" rightBorder="White" bottomBorder="White" width="251" height="93">
<text>
<par>
<line>Zone N</line></par>
</text></cell>
<cell leftBorder="White" topBorder="White" rightBorder="White" bottomBorder="White" width="201" height="93">
<text>
<par>
<line>page 23</line></par>
</text></cell></row>
<row>
<cell leftBorder="White" topBorder="White" rightBorder="White" bottomBorder="White" width="251" height="94">
<text>
<par>
<line>Zone Ne</line></par>
</text></cell>
<cell leftBorder="White" topBorder="White" rightBorder="White" bottomBorder="White" width="201" height="94">
<text>
<par>
<line>page 25</line></par>
</text></cell></row>
<row>
<cell leftBorder="White" topBorder="White" rightBorder="White" bottomBorder="White" width="251" height="93">
<text>
<par>
<line>Zone NU</line></par>
</text></cell>
<cell leftBorder="White" topBorder="White" rightBorder="White" bottomBorder="White" width="201" height="93">
<text>
<par>
<line>page 28</line></par>
</text></cell></row>
<row>
<cell leftBorder="White" topBorder="White" rightBorder="White" bottomBorder="White" width="251" height="94">
<text>
<par>
<line>Zone Nh</line></par>
</text></cell>
<cell leftBorder="White" topBorder="White" rightBorder="White" bottomBorder="White" width="201" height="94">
<text>
<par>
<line>page 31</line></par>
</text></cell></row>
<row>
<cell leftBorder="White" topBorder="White" rightBorder="White" bottomBorder="White" width="251" height="94">
<text>
<par>
<line>Zone Npi</line></par>
</text></cell>
<cell leftBorder="White" topBorder="White" rightBorder="White" bottomBorder="White" width="201" height="94">
<text>
<par>
<line>page 32</line></par>
</text></cell></row>
<row>
<cell leftBorder="White" topBorder="White" rightBorder="White" bottomBorder="White" width="251" height="72">
<text>
<par>
<line>Zone Nn</line></par>
</text></cell>
<cell leftBorder="White" topBorder="White" rightBorder="White" bottomBorder="White" width="201" height="72">
<text>
<par>
<line>page 34</line></par>
</text></cell></row>
</block>
<block><region><rect/></region>
<text>
<par>
<line>2</line></par>
</text>
</block>
</page>
<page width="2481" height="3508" resolution="300">
<block><region><rect/></region>
<text>
<par>
<line>Définitions</line></par>
</text>
</block>
<block><region><rect/></region>
<text>
<par>
<line>Annexes : une annexe doit être, sur la même entité foncière que la construction principale.</line>
<line>Sont considérés comme annexe isolée ou accolée : abri de jardin, abris à bois, abris pour</line>
<line>véhicules, garages, locaux techniques, pool house. Les piscines ne font pas parties des</line>
<line>annexes.</line></par>
<par>
<line>Une annexe isolée de la construction principale est considérée comme telle si elle n'est pas</line>
<line>contiguè à la construction immédiate.</line></par>
<par>
<line>Une annexe accolée à la construction principale est considérée comme telle s'il n'y a pas</line>
<line>de « liaison » avec la construction.</line></par>
<par>
<line>La sous-destination « expioitation agricoie » recouvre les constructions destinées à</line>
<line>l'exercice d'une activité agricole ou pastorale. Cette sous-destination recouvre notamment</line>
<line>les constructions destinées au logement du matériel, des animaux et des récoltes.</line></par>
<par>
<line>La sous-destination « expioitation forestière » recouvre les constructions et les</line>
<line>entrepôts notamment de stockage du bois, des véhicules et des machines permettant</line>
<line>l'exploitation forestière.</line></par>
<par>
<line>La sous-destination « iogement » recouvre les constructions destinées au logement</line>
<line>principal, secondaire ou occasionnel des ménages à l'exclusion des hébergements couverts</line>
<line>par la sous-destination « hébergement ». La sous-destination « logement » recouvre</line>
<line>notamment les maisons individuelles et les immeubles collectifs.</line></par>
<par>
<line>La sous-destination « hébergement » recouvre les constructions destinées à</line>
<line>l'hébergement dans des résidences ou foyers avec service. Cette sous-destination recouvre</line>
<line>notamment les maisons de retraite, les résidences universitaires, les foyers de travailleurs</line>
<line>et les résidences autonomie.</line></par>
<par>
<line>La sous-destination « artisanat et commerce de détaii » recouvre les constructions</line>
<line>commerciales destinées à la présentation et vente de bien directe à une clientèle ainsi que</line>
<line>les constructions artisanales destinées principalement à la vente de biens ou services.</line></par>
<par>
<line>La sous-destination « restauration » recouvre les constructions destinées à la</line>
<line>restauration ouverte à la vente directe pour une clientèle commerciale.</line></par>
<par>
<line>La sous-destination « commerce de gros » recouvre les constructions destinées à la</line>
<line>présentation et la vente de biens pour une clientèle professionnelle.</line></par>
<par>
<line>La sous-destination « activité de service où s'effectue i'accueii d'une ciientèie »</line></par>
<par>
<line>recouvre les constructions destinées à l'accueil d'une clientèle pour la conclusion directe</line>
<line>de contrat de vente de services ou de prestation de services et accessoirement la</line>
<line>présentation de biens.</line></par>
<par>
<line>La sous-destination « hébergement hôteiier et touristique » recouvre les</line>
<line>constructions destinées à l'hébergement temporaire de courte ou moyenne durée</line>
<line>proposant un service commercial.</line></par>
<par>
<line>La sous-destination « iocaux et bureaux accueiiiant du pubiic des administrations</line>
<line>pubiiques et assimiiés » recouvre les constructions destinées à assurer une mission de</line>
<line>service public. Ces constructions peuvent être fermées au public ou ne prévoir qu'un accueil</line>
<line>limité du public. Cette sous-destination comprend notamment les constructions de l'Etat,</line></par>
</text>
</block>
<block><region><rect/></region>
<text>
<par>
<line>3</line></par>
</text>
</block>

</page>
<page width="2481" height="3508" resolution="300">
<block><region><rect/></region>
<text>
<par>
<line>des collectivités territoriales, de leurs groupements ainsi que les constructions des autres</line>
<line>personnes morales investies d'une mission de service public.</line></par>
<par>
<line>La sous-destination « locaux techniques et industriels des administrations</line>
<line>publiques et assimilés » recouvre les constructions des équipements collectifs de nature</line>
<line>technique ou industrielle. Cette sous-destination comprend notamment les constructions</line>
<line>techniques nécessaires au fonctionnement des services publics, les constructions</line>
<line>techniques conçues spécialement pour le fonctionnement de réseaux ou de services</line>
<line>urbains, les constructions industrielles concourant à la production d'énergie.</line></par>
<par>
<line>La sous-destination « établissements d'enseignement, de santé et d'action</line>
<line>sociale » recouvre les équipements d'intérêts collectifs destinés à l'enseignement ainsi</line>
<line>que les établissements destinés à la petite enfance, les équipements d'intérêts collectifs</line>
<line>hospitaliers, les équipements collectifs accueillant des services sociaux, d'assistance,</line>
<line>d'orientation et autres services similaires.</line></par>
<par>
<line>La sous-destination « salles d'art et de spectacles » recouvre les constructions</line>
<line>destinées aux activités créatives, artistiques et de spectacle, musées et autres activités</line>
<line>culturelles d'intérêt collectif.</line></par>
<par>
<line>La sous-destination « équipements sportifs » recouvre les équipements d'intérêts</line>
<line>collectifs destinées à l'exercice d'une activité sportive. Cette sous-destination comprend</line>
<line>notamment les stades, les gymnases ainsi que les piscines ouvertes au public.</line></par>
<par>
<line>La sous-destination « autres équipements recevant du public » recouvre les</line>
<line>équipements collectifs destinées à accueillir du public afin de satisfaire un besoin collectif</line>
<line>ne répondant à aucune autre sous-destination définie au sein de la destination «</line>
<line>Equipement d'intérêt collectif et services publics ». Cette sous-destination recouvre</line>
<line>notamment les lieux de culte, les salles polyvalentes, les aires d'accueil des gens du</line>
<line>voyage.</line></par>
<par>
<line>La sous-destination « industrie » recouvre les constructions destinées à l'activité</line>
<line>extractive et manufacturière du secteur primaire, les constructions destinées à l'activité</line>
<line>industrielle du secteur secondaire ainsi que les constructions artisanales du secteur de la</line>
<line>construction ou de l'industrie. Cette sous-destination recouvre notamment les activités de</line>
<line>production, de construction ou de réparation susceptibles de générer des nuisances.</line></par>
<par>
<line>La sous-destination « entrepôt » recouvre les constructions destinées au stockage des</line>
<line>biens ou à la logistique.</line></par>
<par>
<line>La sous-destination « bureau » recouvre les constructions destinées aux activités de</line>
<line>direction et de gestion des entreprises des secteurs primaires, secondaires et tertiaires.</line></par>
<par>
<line>La sous-destination « centre de congrès et d'exposition » recouvre les constructions</line>
<line>destinées à l'événementiel polyvalent, l'organisation de salons et forums à titre payant.</line></par>
</text>
</block>
<block><region><rect/></region>
<text>
<par>
<line>4</line></par>
</text>
</block>
</page>
<page width="2481" height="3508" resolution="300">
<block><region><rect/></region>
<text>
<par>
<line>ZONE U</line></par>
</text>
</block>
<block><region><rect/></region>
<text>
<par>
<line>Caractéristiques de la zone</line></par>
<par>
<line>Zone correspondant au chef-lieu composé principalement d'habitations.</line></par>
</text>
</block>
<block><region><rect/></region>
<text>
<par>
<line>1. DESTINATIONS DES CONSTRUCTIONS</line></par>
<par>
<line>Seules sont autorisées les constructions à destination de :</line></par>
<par>
<line>• Habitation (logement et hébergement)</line></par>
<par>
<line>• Commerce et activités de service :</line></par>
<par>
<line>- artisanat, à condition de ne pas être source de nuisances pour l'habitat, et commerce de</line>
<line>détail</line></par>
<par>
<line>- activités de service où s'effectue l'accueil d'une clientèle</line></par>
<par>
<line>- hébergement hôtelier et touristique</line></par>
<par>
<line>• Équipements d'intérêt coiiectif et services pubiics :</line></par>
<par>
<line>- bureaux et locaux accueillant du public des administrations publiques et assimilés</line></par>
<par>
<line>- locaux techniques et industriels des administrations publiques et assimilés à condition</line>
<line>d'être limités à ZOm^ de surface de plancher</line></par>
<par>
<line>- établissements d'enseignement, de santé et d'action sociale</line></par>
<par>
<line>- les équipements sportifs</line></par>
<par>
<line>- autres équipements recevant du public</line></par>
<par>
<line>2. FORME URBAINE</line></par>
<par>
<line>a)Usage des sols et nature d'activité</line></par>
<par>
<line>• le commerce de détail doit être en RDC et inférieur à 100 m^ de surface de plancher</line></par>
<par>
<line>• Une zone non aedificandi de 10m doit être respectée de part et d'autres des sommets</line>
<line>des berges des cours d'eau, ruisseaux et de tout autre axe hydraulique recueillant les</line>
<line>eaux d'un bassin versant. Cette bande de 10m peut toutefois être ramenée à 4m</line>
<line>minimum si une étude hydraulique a démontré l'absence de risques d'érosion et de</line>
<line>débordement.</line></par>
</text>
</block>
<block><region><rect/></region>
<text>
<par>
<line>5</line></par>
</text>
</block>



</page>
<page width="2481" height="3508" resolution="300">
<block><region><rect/></region>
<text>
<par/>
</text>
</block>
<block><region><rect/></region>
<text>
<par>
<line>Pour les constructions nouvelles, les</line>
<line>portails devront avoir un recul par rapport</line>
<line>à l'emprise publique permettant le</line>
<line>stationnement d'un véhicule de 2.5m=^5m.</line></par>
</text>
</block>
<block><region><rect/></region>
<text>
<par>
<line>portail</line></par>
</text>
</block>
<block><region><rect/></region>
<text>
<par>
<line>F—H</line></par>
<par>
<line>I 2.50m * I</line></par>
</text>
</block>
<block><region><rect/></region>
<text>
<par>
<line>5.00m</line></par>
</text>
</block>
<block><region><rect/></region>
<text>
<par>
<line>vole</line></par>
</text>
</block>
<block><region><rect/></region>
<text>
<par>
<line>portail</line></par>
</text>
</block>
<block><region><rect/></region>
<text>
<par>
<line>5.00m</line></par>
</text>
</block>
<block><region><rect/></region>
<text>
<par>
<line>2.50m</line></par>
</text>
</block>
<block><region><rect/></region>
<text>
<par>
<line>VD e</line></par>
</text>
</block>
<block><region><rect/></region>
<text>
<par>
<line>• Le Stationnement des véhicules correspondant aux besoins des constructions et</line>
<line>installations doit être assuré en dehors des voies publiques, dans des parkings de</line>
<line>surface ou des garages sur l'unité foncière.</line></par>
<par>
<line>Il est exigé :</line></par>
<par>
<line>Pour les constructions d'habitation : 2 places par logements et pour chaque</line>
<line>opération d'aménagement 1 place visiteur par tranche de 5 logements</line>
<line>Pour les constructions destinées à l'héberoement touristique et hôtelier : 1 place</line>
<line>par chambre d'hôtel et 2 places par logement touristique.</line></par>
<par>
<line>Dans le cas d'une construction comprenant plusieurs destinations la règle est cumulative.</line></par>
<par>
<line>b)CARACTERISTIQUES URBAINE</line></par>
<par>
<line>• Reculs par rapport aux limites séparatives</line></par>
<par>
<line>Les constructions peuvent s'implanter, en limite sur une des 3 limites séparatives, au droit</line>
<line>de l'égout de toiture. Pour les autres limites, le recul minimum est calculé entre la limite</line>
<line>séparative et le point le plus proche au nu de la façade. Le recul est de 3m minimum.</line></par>
<par>
<line>Ces distances ne s'appliquent pas dans les cas suivants :</line></par>
<par>
<line>■/ Pour les annexes</line></par>
<par>
<line>pour la réalisation d'une isolation par l'extérieur des bâtiments, avec une dérogation</line>
<line>de 30 cm à la règle de recul pour favoriser et permettre ces travaux.</line></par>
<par>
<line>Une tolérance de Im peut être admise pour les débords de toitures, les balcons, les</line>
<line>escaliers non cloisonnés, les auvents, les oriels et les pergolas.</line></par>
<par>
<line>■/ Pour les ouvrages techniques nécessaires au fonctionnement des constructions</line>
<line>autorisées, les équipements publics ou d'intérêt collectif jusqu'en limite.</line></par>
</text>
</block>
<block><region><rect/></region>
<text>
<par>
<line>6</line></par>
</text>
</block>
















<block blockType="Picture" blockName="" l="1622" t="512" r="1824" b="647"><region><rect/></region>
</block>
</page>
<page width="2481" height="3508" resolution="300">
<block><region><rect/></region>
<text>
<par>
<line>■/ Dans le cas d'extension d'une construction existante située dans la marge de recul,</line>
<line>sous réserve que le projet poursuive au maximum l'alignement du bâti existant et ne</line>
<line>réduise pas le recul initial.</line></par>
<par>
<line>L'ensemble de ces règles ne s'applique pas aux clôtures.</line></par>
<par>
<line>• Reculs par rapport aux voies</line></par>
<par>
<line>Les constructions devront s'implanter, au nu de la façade, avec un recul minimum de :</line></par>
<par>
<line>- 8m par rapport à l'axe des RD</line></par>
<par>
<line>- 6m par rapport à l'axe des autres voies excepté pour les constructions existantes.</line></par>
<par>
<line>Cette distance ne s'applique pas dans les cas suivants :</line></par>
<par>
<line>Pour les annexes</line></par>
<par>
<line>pour la réalisation d'une isolation par l'extérieur des bâtiments, avec une dérogation</line>
<line>de 30 cm à la règle de recul pour favoriser et permettre ces travaux.</line></par>
<par>
<line>Une tolérance de Im peut être admise pour les débords de toitures, les balcons, les</line>
<line>escaliers non cloisonnés, les auvents, les oriels et les pergolas.</line></par>
<par>
<line>Pour les ouvrages techniques nécessaires au fonctionnement des constructions</line>
<line>autorisées, les équipements publics ou d'intérêt collectif jusqu'en limite.</line></par>
<par>
<line>Dans le cas d'extension d'une construction existante située dans la marge de recul,</line>
<line>sous réserve que le projet poursuive au maximum l'alignement du bâti existant et</line>
<line>ne réduise pas le recul initial</line></par>
<par>
<line>C) CARACTERISTIQUES ARCHITECTURALES</line></par>
<par>
<line>• Les toitures.</line></par>
<par>
<line>Les toitures auront 2 à 4 pans avec ou sans ruptures de pente. Les toitures seront</line>
<line>d'aspect ardoise ou tuile plate de couleur gris ardoise ou brun foncé. La pente sera de</line>
<line>60% à 100%. Pour les constructions existantes à 1 pan et à faible pente (&lt;40%) l'aspect</line>
<line>tôle est autorisé.</line></par>
<par>
<line>Les toitures terrasses devront être végétalisées.</line></par>
<par>
<line>Les panneaux solaires devront être intégrés à la toiture.</line></par>
<par>
<line>Les éoliennes devront être sur toiture avec un dispositif intégré à la toiture.</line></par>
<par>
<line>• La hauteur.</line></par>
<par>
<line>La hauteur est mesurée au faîtage. La hauteur maximum est de 10m au faîtage. Pour les</line>
<line>constructions implantées en limite séparative, la hauteur maximum sur la limite est limitée</line>
<line>à 3m.</line></par>
<par>
<line>En cas d'extension, d'aménagement dans le volume existant ou de reconstruction après</line>
<line>sinistre, la hauteur pourra atteindre la hauteur initiale du précédent bâtiment avec un</line>
<line>réhaussement possible de 40cm pour l'isolation extérieure.</line></par>
</text>
</block>
<block><region><rect/></region>
<text>
<par>
<line>• Les façades devront être :</line></par>
<par>
<line>- d'aspect pierre ou enduit de couleur gris ou beige,</line></par>
<par>
<line>- d'aspect bois teinte naturel ou chêne moyen ou teinte grise.</line></par>
</text>
</block>
<block><region><rect/></region>
<text>
<par>
<line>7</line></par>
</text>
</block>
</page>
<page width="2481" height="3508" resolution="300">
<block><region><rect/></region>
<text>
<par>
<line>Le principe d'encadrement des baies sera conservé ou restitué.</line></par>
</text>
</block>
<block><region><rect/></region>
<text>
<par>
<line>• Les gardes corps devront être en ferronnerie ou bois à barreaudages verticaux et à</line>
<line>sections rondes ou carrées.</line></par>
<par>
<line>• Menuiseries : les volets devront être dans les mêmes tons que le bardage ou bois</line>
<line>naturel ou chêne moyen.</line></par>
<par>
<line>d) CARACTERISTIQUES ENVIRONNEMENTALES ET PAYSAGERES</line></par>
<par>
<line>• Les clôtures</line></par>
<par>
<line>La hauteur des haies sera de 2m maximum</line></par>
<par>
<line>La hauteur des clôtures sera de 50 cm maximum pour les murets 50 cm + 1,20 m</line>
<line>pour les grillages.</line></par>
<par>
<line>Les pares vues synthétiques ou naturels sont interdits</line></par>
</text>
</block>
<block><region><rect/></region>
<text>
<par>
<line>• La hauteur du terrain fini après travaux ne doit pas excéder de + ou - 30cm le terrain</line>
<line>naturel pour arriver au terrain naturel en limite séparative, excepté pour la desserte de</line>
<line>la construction.</line></par>
</text>
</block>
<block><region><rect/></region>
<text>
<par>
<line>3. EQUIPEMENTS ET RESEAUX</line></par>
<par>
<line>a) EAU POTABLE</line></par>
<par>
<line>Toute construction ou installation nouvelle ou aménagement par changement de</line>
<line>destination qui requiert une alimentation en eau potable, doit être raccordée au réseau</line>
<line>public de distribution d'eau potable par un dispositif de capacités suffisantes. Toutes</line>
<line>les obligations réglementaires vis à vis du gestionnaire de ce réseau doivent être</line>
<line>satisfaites.</line></par>
<par>
<line>b) EAUX USEES ET PLUVIALES</line></par>
<par>
<line>Toute construction ou installation nouvelle ou aménagement par changement de</line>
<line>destination doit être raccordé au réseau public d'assainissement. Toutes les obligations</line>
<line>réglementaires vis à vis du gestionnaire de ce réseau doivent être satisfaites.</line></par>
<par>
<line>Toute construction ou installation nouvelle ou aménagement par changement de</line>
<line>destination doit intégrer un système d'infiltration des eaux pluviales à la parcelle</line>
<line>renvoyées vers un exutoire avec un débit de fuite limité. En cas d'impossibilité</line>
<line>d'infiltration à la parcelle, la construction doit être raccordée au réseau public d'eaux</line>
<line>pluviales existant et une limitation du débit de rejet dans le réseau doit être mis en</line>
<line>place.</line></par>
<par>
<line>C) ELECTRICITE, TELECOMMUNICATIONS</line></par>
<par>
<line>Les réseaux devront être réalisés en souterrain.</line></par>
<par>
<line>Toute construction, installation nouvelle, ou aménagement pour la rénovation ou le</line>
<line>changement de destination, devra donner lieu à la mise en place d'infrastructures</line>
<line>adaptées à la desserte des bâtiments et/ou des installations, en communications</line>
<line>électroniques très haut débit (fourreaux...).</line></par>
</text>
</block>
<block><region><rect/></region>
<text>
<par>
<line>8</line></par>
</text>
</block>




</page>
<page width="2481" height="3508" resolution="300">
<block><region><rect/></region>
<text>
<par>
<line>ZONE Ui</line></par>
</text>
</block>
<block><region><rect/></region>
<text>
<par>
<line>Caractéristiques de la zone</line></par>
<par>
<line>Zone correspondant au chef-lieu composé principalement d'habitations, commerces et</line>
<line>équipements publics.</line></par>
<par>
<line>Secteur concerné par les risques d'inondations</line></par>
</text>
</block>
<block><region><rect/></region>
<text>
<par>
<line>1. DESTINATIONS DES CONSTRUCTIONS</line></par>
<par>
<line>Seules sont autorisées les constructions à destination de :</line></par>
<par>
<line>• Habitation (logement et hébergement)</line></par>
<par>
<line>• Commerce et activités de service :</line></par>
<par>
<line>- artisanat, à condition de ne pas être source de nuisances pour l'habitat, et commerce de</line>
<line>détail</line></par>
<par>
<line>- restauration</line></par>
<par>
<line>- activités de service où s'effectue l'accueil d'une clientèle</line></par>
<par>
<line>- hébergement hôtelier et touristique</line></par>
<par>
<line>• Équipements d'intérêt coiiectif et services pubiics :</line></par>
<par>
<line>- bureaux et locaux accueillant du public des administrations publiques et assimilés</line></par>
<par>
<line>- locaux techniques et industriels des administrations publiques et assimilés à condition</line>
<line>d'être limités à ZOm^ de surface de plancher</line></par>
<par>
<line>- établissements d'enseignement, de santé et d'action sociale</line></par>
<par>
<line>- les équipements sportifs</line></par>
<par>
<line>- autres équipements recevant du public</line></par>
<par>
<line>• Exploitation agricole et forestière :</line></par>
<par>
<line>- les exploitations agricoles existantes</line></par>
<par>
<line>2. FORME URBAINE</line></par>
<par>
<line>a) Usage des sols et nature d'activité</line></par>
<par>
<line>• Les constructions et installations sont autorisées à condition de respecter les</line>
<line>prescriptions et recommandations du PPRI annexé au P.L.U.</line></par>
<par>
<line>• le commerce de détail doit être en Rez de Chaussée des constructions.</line></par>
<par>
<line>• Une zone non aedificandi de 10m doit être respectée de part et d'autres des sommets</line>
<line>des berges des cours d'eau, ruisseaux et de tout autre axe hydraulique recueillant les</line>
<line>eaux d'un bassin versant. Cette bande de 10m peut toutefois être ramenée à 4m</line>
<line>minimum si une étude hydraulique a démontré l'absence de risques d'érosion et de</line>
<line>débordement.</line></par>
</text>
</block>
<block><region><rect/></region>
<text>
<par>
<line>9</line></par>
</text>
</block>



</page>
<page width="2481" height="3508" resolution="300">
<block><region><rect/></region>
<text>
<par/>
</text>
</block>
<block><region><rect/></region>
<text>
<par>
<line>Pour les constructions nouvelles les</line>
<line>portails devront avoir un recul par rapport</line>
<line>à l'emprise publique permettant le</line>
<line>stationnement d'un véhicule de 2.5m=^5m.</line></par>
</text>
</block>
<block><region><rect/></region>
<text>
<par>
<line>portail</line></par>
</text>
</block>
<block><region><rect/></region>
<text>
<par>
<line>2.50m</line></par>
</text>
</block>
<block><region><rect/></region>
<text>
<par>
<line>5.00m</line></par>
</text>
</block>
<block><region><rect/></region>
<text>
<par>
<line>vole</line></par>
</text>
</block>
<block><region><rect/></region>
<text>
<par>
<line>portail</line></par>
</text>
</block>
<block><region><rect/></region>
<text>
<par>
<line>5.00m</line></par>
</text>
</block>
<block><region><rect/></region>
<text>
<par>
<line>2.50m</line></par>
</text>
</block>
<block><region><rect/></region>
<text>
<par>
<line>vo e</line></par>
</text>
</block>
<block><region><rect/></region>
<text>
<par>
<line>• Le Stationnement des véhicules correspondant aux besoins des constructions et</line>
<line>installations doit être assuré en dehors des voies publiques, dans des parkings de</line>
<line>surface ou des garages sur l'unité foncière.</line></par>
<par>
<line>Il est exigé :</line></par>
<par>
<line>Pour les constructions d'habitation : 2 places par logements et pour chaque</line>
<line>opération d'aménagement 1 place visiteur par tranche de 5 logements</line>
<line>Pour les constructions destinées à l'héberoement touristique et hôtelier : 1 place</line>
<line>par chambre d'hôtel et 2 places par logement touristique.</line></par>
<par>
<line>Dans le cas d'une construction comprenant plusieurs destinations la règle est cumulative.</line></par>
<par>
<line>b) CARACTERISTIQUES URBAINE</line></par>
<par>
<line>• Reculs par rapport aux limites séparatives</line></par>
<par>
<line>Les constructions peuvent s'implanter, en limite sur une des 3 limites séparatives, au droit</line>
<line>de l'égout de toiture. Pour les autres limites, le recul minimum est calculé entre la limite</line>
<line>séparative et le point le plus proche au nu de la façade. Le recul est de 3m minimum.</line></par>
<par>
<line>Ces distances ne s'appliquent pas dans les cas suivants :</line></par>
<par>
<line>Pour les annexes</line></par>
<par>
<line>pour la réalisation d'une isolation par l'extérieur des bâtiments, avec une dérogation</line>
<line>de 30 cm à la règle de recul pour favoriser et permettre ces travaux.</line></par>
<par>
<line>Une tolérance de Im peut être admise pour les débords de toitures, les balcons, les</line>
<line>escaliers non cloisonnés, les auvents, les oriels et les pergolas.</line></par>
<par>
<line>■/ Pour les ouvrages techniques nécessaires au fonctionnement des constructions</line>
<line>autorisées, les équipements publics ou d'intérêt collectif jusqu'en limite.</line></par>
<par>
<line>■/ Dans le cas d'extension d'une construction existante située dans la marge de recul,</line>
<line>sous réserve que le projet poursuive au maximum l'alignement du bâti existant et ne</line>
<line>réduise pas le recul initial.</line></par>
<par>
<line>L'ensemble de ces règles ne s'applique pas aux clôtures.</line></par>
</text>
</block>
<block><region><rect/></region>
<text>
<par>
<line>10</line></par>
</text>
</block>
















<block blockType="Picture" blockName="" l="1622" t="512" r="1822" b="647"><region><rect/></region>
</block>
</page>
<page width="2481" height="3508" resolution="300">
<block><region><rect/></region>
<text>
<par>
<line>• Reculs par rapport aux voies</line></par>
<par>
<line>Les constructions devront s'implanter, au nu de la façade, avec un recul minimum de :</line></par>
<par>
<line>- 8m par rapport à l'axe des RD</line></par>
<par>
<line>- 6m par rapport à l'axe des autres voies excepté pour les constructions existantes.</line></par>
<par>
<line>Cette distance ne s'applique pas dans les cas suivants :</line></par>
<par>
<line>Pour les annexes</line></par>
<par>
<line>pour la réalisation d'une isolation par l'extérieur des bâtiments, avec une dérogation</line>
<line>de 30 cm à la règle de recul pour favoriser et permettre ces travaux.</line></par>
<par>
<line>Une tolérance de Im peut être admise pour les débords de toitures, les balcons, les</line>
<line>escaliers non cloisonnés, les auvents, les oriels et les pergolas.</line></par>
<par>
<line>Pour les ouvrages techniques nécessaires au fonctionnement des constructions</line>
<line>autorisées, les équipements publics ou d'intérêt collectif jusqu'en limite.</line></par>
<par>
<line>Dans le cas d'extension d'une construction existante située dans la marge de recul,</line>
<line>sous réserve que le projet poursuive au maximum l'alignement du bâti existant et</line>
<line>ne réduise pas le recul initial</line></par>
<par>
<line>C) CARACTERISTIQUES ARCHITECTURALES</line></par>
<par>
<line>• Les toitures.</line></par>
<par>
<line>Les toitures auront 2 à 4 pans avec ou sans ruptures de pente. Les toitures seront</line>
<line>d'aspect ardoise ou tuile plate de couleur gris ardoise ou brun foncé. La pente sera de</line>
<line>60% à 100%. Pour les constructions existantes à 1 pan et à faible pente (&lt;40%) l'aspect</line>
<line>tôle est autorisé.</line></par>
<par>
<line>Les toitures terrasses sont autorisées et devront être végétalisées.</line></par>
<par>
<line>Les panneaux solaires devront être intégrés à la toiture</line></par>
<par>
<line>Les éoliennes devront être sur toiture avec un dispositif intégré à la toiture.</line></par>
<par>
<line>• La hauteur.</line></par>
<par>
<line>La hauteur est mesurée au faîtage. La hauteur maximum est de 10m au faîtage. Pour les</line>
<line>constructions implantées en limite séparative, la hauteur maximum sur la limite est limitée</line>
<line>à 3m.</line></par>
</text>
</block>
<block><region><rect/></region>
<text>
<par>
<line>En cas d'extension, d'aménagement dans le volume existant ou de reconstruction après</line>
<line>sinistre, la hauteur pourra atteindre la hauteur initiale du précédent bâtiment avec un</line>
<line>réhaussement possible de 40cm pour l'isolation extérieure.</line></par>
<par>
<line>• Les façades devront</line></par>
<par>
<line>- d'aspect pierre ou enduit de couleur gris ou beige,</line></par>
<par>
<line>- d'aspect bois teinte naturel ou chêne moyen ou teinte grise.</line></par>
<par>
<line>Le principe d'encadrement des baies sera conservé ou restitué.</line></par>
<par>
<line>• Les gardes corps devront être en ferronnerie ou bois à barreaudages verticaux et à</line>
<line>sections rondes ou carrées.</line></par>
<par>
<line>• Menuiseries : les volets devront être dans les mêmes tons que le bardage ou bois</line>
<line>naturel ou chêne moyen.</line></par>
</text>
</block>
<block><region><rect/></region>
<text>
<par>
<line>11</line></par>
</text>
</block>
</page>
<page width="2481" height="3508" resolution="300">
<block><region><rect/></region>
<text>
<par>
<line>d) CARACTERISTIQUES ENVIRONNEMENTALES ET PAYSAGERES</line></par>
</text>
</block>
<block><region><rect/></region>
<text>
<par>
<line>• Les clôtures</line></par>
<par>
<line>La hauteur des haies sera de 2m maximum</line></par>
<par>
<line>La hauteur des clôtures sera de 50 cm maximum pour les murets 50 cm + 1,20 m</line>
<line>pour les grillages.</line></par>
<par>
<line>Les pares vues synthétiques ou naturels sont interdits.</line></par>
<par>
<line>• La hauteur du terrain fini après travaux ne doit pas excéder de + ou - 30cm le</line>
<line>terrain naturel pour arriver au terrain naturel en limite séparative, excepté pour la</line>
<line>desserte de la construction.</line></par>
<par>
<line>3.EQUIPEMENTS ET RESEAUX</line></par>
<par>
<line>a) EAU POTABLE</line></par>
<par>
<line>Toute construction ou installation nouvelle ou aménagement par changement de</line>
<line>destination qui requiert une alimentation en eau potable, doit être raccordée au réseau</line>
<line>public de distribution d'eau potable par un dispositif de capacités suffisantes. Toutes</line>
<line>les obligations réglementaires vis à vis du gestionnaire de ce réseau doivent être</line>
<line>satisfaites.</line></par>
<par>
<line>b) EAUX USEES ET PLUVIALES</line></par>
<par>
<line>Toute construction ou installation nouvelle ou aménagement par changement de</line>
<line>destination doit être raccordé au réseau public d'assainissement. Toutes les obligations</line>
<line>réglementaires vis à vis du gestionnaire de ce réseau doivent être satisfaites.</line></par>
<par>
<line>Toute construction ou installation nouvelle ou aménagement par changement de</line>
<line>destination doit intégrer un système d'infiltration des eaux pluviales à la parcelle</line>
<line>renvoyées vers un exutoire avec un débit de fuite limité. En cas d'impossibilité</line>
<line>d'infiltration à la parcelle, la construction doit être raccordée au réseau public d'eaux</line>
<line>pluviales existant et une limitation du débit de rejet dans le réseau doit être mis en</line>
<line>place.</line></par>
<par>
<line>C) ELECTRICITE, TELECOMMUNICATIONS</line></par>
<par>
<line>Les réseaux devront être réalisés en souterrain.</line></par>
<par>
<line>Toute construction, installation nouvelle, ou aménagement pour la rénovation ou le</line>
<line>changement de destination, devra donner lieu à la mise en place d'infrastructures</line>
<line>adaptées à la desserte des bâtiments et/ou des installations, en communications</line>
<line>électroniques très haut débit (fourreaux...).</line></par>
</text>
</block>
<block><region><rect/></region>
<text>
<par>
<line>12</line></par>
</text>
</block>




</page>
<page width="2481" height="3508" resolution="300">
<block><region><rect/></region>
<text>
<par>
<line>ZONE Uei</line></par>
</text>
</block>
<block><region><rect/></region>
<text>
<par>
<line>Caractéristiques de la zone</line></par>
<par>
<line>Zone correspondant aux zones d'activités artisanales, industrielles et commerciales</line>
<line>Secteur concerné par les risques d'inondations</line></par>
</text>
</block>
<block><region><rect/></region>
<text>
<par>
<line>1. DESTINATIONS DES CONSTRUCTIONS</line></par>
<par>
<line>Seules sont autorisées les constructions à destination de :</line></par>
<par>
<line>• Commerce et activités de service :</line></par>
<par>
<line>- artisanat et commerce de détail ;</line></par>
<par>
<line>- commerce de gros</line></par>
<par>
<line>- restauration</line></par>
<par>
<line>- les locaux techniques et industriels des administrations publiques et assimilés</line></par>
<par>
<line>- activités de service où s'effectue l'accueil d'une clientèle</line></par>
<par>
<line>• Équipements d'intérêt coiiectif et services pubiics :</line></par>
<par>
<line>- locaux techniques et industriels des administrations publiques et assimilés</line></par>
<par>
<line>• Autres activités des secteurs secondaires ou tertiaires :</line></par>
<par>
<line>- bureaux</line></par>
<par>
<line>- industrie</line></par>
<par>
<line>- entrepôts</line></par>
<par>
<line>2. FORME URBAINE</line></par>
<par>
<line>a) Usage des sols et nature d'activité</line></par>
<par>
<line>• Les constructions et installations sont autorisées à condition de respecter les</line>
<line>prescriptions et recommandations du PPRI annexé au P.L.U.</line></par>
<par>
<line>• Une zone non aedificandi de 10m doit être respectée de part et d'autres des sommets</line>
<line>des berges des cours d'eau, ruisseaux et de tout autre axe hydraulique recueillant les</line>
<line>eaux d'un bassin versant. Cette bande de 10m peut toutefois être ramenée à 4m</line>
<line>minimum si une étude hydraulique a démontré l'absence de risques d'érosion et de</line>
<line>débordement.</line></par>
</text>
</block>
<block><region><rect/></region>
<text>
<par>
<line>b) CARACTERISTIQUES URBAINE</line></par>
<par>
<line>• Recuis par rapport aux iimites séparatives</line></par>
<par>
<line>Les constructions peuvent s'implanter, en limite séparative, au droit de l'égout de toiture.</line>
<line>Dans le cas contraire, le recul minimum est calculé entre la limite séparative et le point le</line>
<line>plus proche au nu de la façade. Le recul est de 5m minimum.</line></par>
<par>
<line>Ces distances ne s'appliquent pas dans les cas suivants :</line></par>
<par>
<line>pour la réalisation d'une isolation par l'extérieur des bâtiments, avec une dérogation</line>
<line>de 30 cm à la règle de recul pour favoriser et permettre ces travaux.</line></par>
<par>
<line>Une tolérance de Im peut être admise pour les débords de toitures, les balcons, les</line>
<line>escaliers non cloisonnés, les auvents, les oriels et les pergolas.</line></par>
<par>
<line>■/ Pour les ouvrages techniques nécessaires au fonctionnement des constructions</line>
<line>autorisées, les équipements publics ou d'intérêt collectif jusqu'en limite.</line></par>
</text>
</block>
<block><region><rect/></region>
<text>
<par>
<line>13</line></par>
</text>
</block>



</page>
<page width="2481" height="3508" resolution="300">
<block><region><rect/></region>
<text>
<par>
<line>■/ Dans le cas d'extension d'une construction existante située dans la marge de recul,</line>
<line>sous réserve que le projet poursuive au maximum l'alignement du bâti existant et ne</line>
<line>réduise pas le recul initial.</line></par>
<par>
<line>L'ensemble de ces règles ne s'applique pas aux clôtures.</line></par>
<par>
<line>• Reculs par rapport aux voies</line></par>
<par>
<line>Les constructions devront s'implanter, au nu de la façade, avec un recul minimum de 10m</line>
<line>par rapport à l'axe des voies excepté.</line></par>
<par>
<line>Cette distance ne s'applique pas dans les cas suivants :</line></par>
<par>
<line>pour la réalisation d'une isolation par l'extérieur des bâtiments, avec une dérogation</line>
<line>de 30 cm à la règle de recul pour favoriser et permettre ces travaux.</line></par>
<par>
<line>Une tolérance de Im peut être admise pour les débords de toitures, les balcons, les</line>
<line>escaliers non cloisonnés, les auvents, les oriels et les pergolas.</line></par>
<par>
<line>Pour les ouvrages techniques nécessaires au fonctionnement des constructions</line>
<line>autorisées, les équipements publics ou d'intérêt collectif jusqu'en limite.</line></par>
<par>
<line>Dans le cas d'extension d'une construction existante située dans la marge de recul,</line>
<line>sous réserve que le projet poursuive au maximum l'alignement du bâti existant et</line>
<line>ne réduise pas le recul initial</line></par>
<par>
<line>C) CARACTERISTIQUES ARCHITECTURALES</line></par>
<par>
<line>• Les toitures.</line></par>
<par>
<line>Les toitures auront 2 pans ou en terrasse.</line></par>
<par>
<line>• La hauteur.</line></par>
<par>
<line>La hauteur est mesurée au faîtage. La hauteur maximum est de 13m.</line></par>
<par>
<line>En cas d'extension, d'aménagement dans le volume existant ou de reconstruction après</line>
<line>sinistre, la hauteur pourra atteindre la hauteur initiale du précédent bâtiment.</line></par>
<par>
<line>• Les façades devront être de couleur gris ou beige,</line></par>
<par>
<line>d) CARACTERISTIQUES ENVIRONNEMENTALES ET PAYSAGERES</line></par>
<par>
<line>• La hauteur du terrain fini après travaux ne doit pas excéder de + ou - 30cm le terrain</line>
<line>naturel pour arriver au terrain naturel en limite séparative, excepté pour la desserte de</line>
<line>la construction.</line></par>
</text>
</block>
<block><region><rect/></region>
<text>
<par>
<line>3.EQUIPEMENTS ET RESEAUX</line>
<line>a) EAU POTABLE</line></par>
<par>
<line>Toute construction ou installation nouvelle ou aménagement par changement de</line>
<line>destination qui requiert une alimentation en eau potable, doit être raccordée au réseau</line>
<line>public de distribution d'eau potable par un dispositif de capacités suffisantes. Toutes</line>
<line>les obligations réglementaires vis à vis du gestionnaire de ce réseau doivent être</line>
<line>satisfaites.</line></par>
</text>
</block>
<block><region><rect/></region>
<text>
<par>
<line>14</line></par>
</text>
</block>


</page>
<page width="2481" height="3508" resolution="300">
<block><region><rect/></region>
<text>
<par>
<line>b) EAUX USEES ET PLUVIALES</line></par>
<par>
<line>Toute construction ou installation nouvelle ou aménagement par changement de</line>
<line>destination doit être raccordé au réseau public d'assainissement. L'évacuation des eaux</line>
<line>usées liées aux activités industrielles et artisanales dans le réseau public doit faire l'objet</line>
<line>d'un prétraitement si besoin et être autorisé au préalable par le gestionnaire.</line></par>
<par>
<line>Toutes les obligations réglementaires vis à vis du gestionnaire de ce réseau doivent être</line>
<line>satisfaites.</line></par>
<par>
<line>Toute construction ou installation nouvelle ou aménagement par changement de</line>
<line>destination doit être raccordée au réseau public d'eaux pluviales existant et une</line>
<line>limitation du débit de rejet dans le réseau doit être mis en place. En cas d'impossibilité</line>
<line>un système d'infiltration des eaux pluviales à la parcelle renvoyées vers un exutoire</line>
<line>avec un débit de fuite limité devra être mis en place.</line></par>
</text>
</block>
<block><region><rect/></region>
<text>
<par>
<line>C) ELECTRICITE, TELECOMMUNICATIONS</line></par>
<par>
<line>Les réseaux devront être réalisés en souterrain.</line></par>
<par>
<line>Toute construction, installation nouvelle, ou aménagement pour la rénovation ou le</line>
<line>changement de destination, devra donner lieu à la mise en place d'infrastructures</line>
<line>adaptées à la desserte des bâtiments et/ou des installations, en communications</line>
<line>électroniques très haut débit (fourreaux...).</line></par>
</text>
</block>
<block><region><rect/></region>
<text>
<par>
<line>15</line></par>
</text>
</block>


</page>
<page width="2481" height="3508" resolution="300">
<block><region><rect/></region>
<text>
<par>
<line>ZONE AU</line></par>
</text>
</block>
<block><region><rect/></region>
<text>
<par>
<line>Les zones AU sont des zones d'urbanisation futures urbanisables par opération</line>
<line>d'aménagement d'ensemble.</line></par>
<par>
<line>Les constructions sont autorisées à condition d'être compatibles avec les orientations</line>
<line>d'aménagement et de programmation (pièce n°3 du PLU)</line></par>
</text>
</block>
<block><region><rect/></region>
<text>
<par>
<line>16</line></par>
</text>
</block>
</page>
<page width="2481" height="3508" resolution="300">
<block><region><rect/></region>
<text>
<par>
<line>ZONE A - Ai</line></par>
</text>
</block>
<block><region><rect/></region>
<text>
<par>
<line>Caractéristiques de la zone</line></par>
<par>
<line>Zone agricole destinée principalement à la réalisation des constructions liées à l'activité</line></par>
<par>
<line>agricole. La zone Ai correspond aux secteurs concernés par les risques d'inondation</line></par>
<par>
<line>1. DESTINATIONS DES CONSTRUCTIONS</line></par>
<par>
<line>Seules sont autorisées les constructions à destination de :</line></par>
<par>
<line>• Exploitation agricole et forestière :</line></par>
<par>
<line>- exploitation agricole</line></par>
<par>
<line>- exploitation forestière</line></par>
<par>
<line>• Habitation (logement et hébergement) à condition d'être une construction</line>
<line>existante et un logement de fonction, s'il est lié et nécessaire au bon</line>
<line>fonctionnement de l'exploitation agricole, dans la limite de 40vn^ de surface de</line>
<line>plancher, sous réserve d'être accolé ou intégré au bâtiment d'exploitation.</line></par>
<par>
<line>2. FORME URBAINE</line></par>
<par>
<line>a) Usage des sols et nature d'activité</line></par>
<par>
<line>• En zone Ai, les constructions et installations sont autorisées à condition de respecter</line>
<line>les prescriptions et recommandations du PPRI annexé au P.L.U.</line></par>
<par>
<line>• Une zone non aedificandi de 10m doit être respectée de part et d'autres des sommets</line>
<line>des berges des cours d'eau, ruisseaux et de tout autre axe hydraulique recueillant les</line>
<line>eaux d'un bassin versant. Cette bande de 10m peut toutefois être ramenée à 4m</line>
<line>minimum si une étude hydraulique a démontré l'absence de risques d'érosion et de</line>
<line>débordement.</line></par>
</text>
</block>
<block><region><rect/></region>
<text>
<par>
<line>b) CARACTERISTIQUES URBAINE</line></par>
<par>
<line>• Reculs par rapport aux limites séparatives</line></par>
<par>
<line>Les constructions peuvent s'implanter, en limite séparative au droit de l'égout de toiture.</line>
<line>Dans le cas contraire, le recul minimum est calculé entre la limite séparative et le point le</line>
<line>plus proche au nu de la façade. Le recul est de 5m minimum.</line></par>
<par>
<line>Ces distances ne s'appliquent pas dans les cas suivants :</line></par>
<par>
<line>pour la réalisation d'une isolation par l'extérieur des bâtiments, avec une dérogation</line>
<line>de 30 cm à la règle de recul pour favoriser et permettre ces travaux.</line></par>
<par>
<line>Une tolérance de Im peut être admise pour les débords de toitures, les balcons, les</line>
<line>escaliers non cloisonnés, les auvents, les oriels et les pergolas.</line></par>
<par>
<line>■/ Pour les ouvrages techniques nécessaires au fonctionnement des constructions</line>
<line>autorisées, les équipements publics ou d'intérêt collectif jusqu'en limite.</line></par>
<par>
<line>■/ Dans le cas d'extension d'une construction existante située dans la marge de recul,</line>
<line>sous réserve que le projet poursuive au maximum l'alignement du bâti existant et ne</line>
<line>réduise pas le recul initial.</line></par>
<par>
<line>L'ensemble de ces règles ne s'applique pas aux clôtures.</line></par>
<par>
<line>• Reculs par rapport aux voies</line></par>
</text>
</block>
<block><region><rect/></region>
<text>
<par>
<line>17</line></par>
</text>
</block>



</page>
<page width="2481" height="3508" resolution="300">
<block><region><rect/></region>
<text>
<par>
<line>Les constructions devront s'implanter, au nu de la façade, avec un recul minimum de 10m</line>
<line>par rapport à l'axe des voies.</line></par>
<par>
<line>Cette distance ne s'applique pas dans les cas suivants :</line></par>
<par>
<line>pour la réalisation d'une isolation par l'extérieur des bâtiments, avec une dérogation</line>
<line>de 30 cm à la règle de recul pour favoriser et permettre ces travaux.</line></par>
<par>
<line>Une tolérance de Im peut être admise pour les débords de toitures, les balcons, les</line>
<line>escaliers non cloisonnés, les auvents, les oriels et les pergolas.</line></par>
<par>
<line>Pour les ouvrages techniques nécessaires au fonctionnement des constructions</line>
<line>autorisées, les équipements publics ou d'intérêt collectif jusqu'en limite.</line></par>
<par>
<line>Dans le cas d'extension d'une construction existante située dans la marge de recul,</line>
<line>sous réserve que le projet poursuive au maximum l'alignement du bâti existant et</line>
<line>ne réduise pas le recul initial</line></par>
<par>
<line>C) CARACTERISTIQUES ARCHITECTURALES</line></par>
<par>
<line>• Les toitures.</line></par>
<par>
<line>Les toitures auront 2 pans ou en terrasse.</line></par>
<par>
<line>• La hauteur.</line></par>
<par>
<line>La hauteur est mesurée au faîtage. La hauteur maximum est de 13m.</line></par>
<par>
<line>En cas d'extension, d'aménagement dans le volume existant ou de reconstruction après</line>
<line>sinistre, la hauteur pourra atteindre la hauteur initiale du précédent bâtiment.</line></par>
<par>
<line>• Les façades devront être de couleur gris ou beige.</line></par>
<par>
<line>d) CARACTERISTIQUES ENVIRONNEMENTALES ET PAYSAGERES</line></par>
<par>
<line>• La hauteur du terrain fini après travaux ne doit pas excéder de + ou - 30cm le terrain</line>
<line>naturel pour arriver au terrain naturel en limite séparative, excepté pour la desserte de</line>
<line>la construction.</line></par>
</text>
</block>
<block><region><rect/></region>
<text>
<par>
<line>3.EQUIPEMENTS ET RESEAUX</line>
<line>a) EAU POTABLE</line></par>
<par>
<line>Toute construction ou installation nouvelle ou aménagement par changement de</line>
<line>destination qui requiert une alimentation en eau potable, doit être raccordée au réseau</line>
<line>public de distribution d'eau potable par un dispositif de capacités suffisantes. Toutes</line>
<line>les obligations réglementaires vis à vis du gestionnaire de ce réseau doivent être</line>
<line>satisfaites.</line></par>
<par>
<line>b) EAUX USEES ET PLUVIALES</line></par>
<par>
<line>Toute construction ou installation nouvelle ou aménagement par changement de</line>
<line>destination doit être raccordé au réseau public d'assainissement. L'évacuation des eaux</line>
<line>usées liées aux activités agricoles dans le réseau public doit être autorisée au préalable</line>
<line>par le gestionnaire</line></par>
<par>
<line>Toutes les obligations réglementaires vis à vis du gestionnaire de ce réseau doivent être</line>
<line>satisfaites.</line></par>
</text>
</block>
<block><region><rect/></region>
<text>
<par>
<line>18</line></par>
</text>
</block>



</page>
<page width="2481" height="3508" resolution="300">
<block><region><rect/></region>
<text>
<par>
<line>Toute construction ou installation nouvelle ou aménagement par changement de</line>
<line>destination doit être raccordée au réseau public d'eaux pluviales existant et une</line>
<line>limitation du débit de rejet dans le réseau doit être mis en place. En cas d'impossibilité</line>
<line>un système d'infiltration des eaux pluviales à la parcelle renvoyées vers un exutoire</line>
<line>avec un débit de fuite limité devra être mis en place.</line></par>
<par>
<line>C) ELECTRICITE, TELECOMMUNICATIONS</line></par>
<par>
<line>Les réseaux devront être réalisés en souterrain.</line></par>
</text>
</block>
<block><region><rect/></region>
<text>
<par>
<line>19</line></par>
</text>
</block>

</page>
<page width="2481" height="3508" resolution="300">
<block><region><rect/></region>
<text>
<par>
<line>ZONE Ap</line></par>
<par>
<line>Caractéristiques de la zone</line></par>
<par>
<line>Zone agricole stricte destinée à la préservation des espaces ayant un potentiel</line>
<line>agronomique.</line></par>
<par>
<line>En cas de projet spécifique d'agriculteurs, le PLU pourra évoluer par modification à</line>
<line>condition que le projet n'aille pas à l'encontre des intérêts paysagers et de l'activité agricole</line>
<line>elle-même.</line></par>
<par>
<line>1. DESTINATIONS DES CONSTRUCTIONS</line></par>
<par>
<line>Seules sont autorisées les constructions à destination de :</line></par>
<par>
<line>Equipements d'intérêt coiiectif et services pubiics : locaux techniques et</line>
<line>industriels des administrations publiques et assimilés à condition d'être</line>
<line>compatible avec les caractéristiques de la zone, dans la limite de ZOm^.</line></par>
<par>
<line>2. FORME URBAINE</line></par>
<par>
<line>a) Usage des sols et nature d'activité</line></par>
<par>
<line>• Les constructions et installations sont autorisées à condition de respecter les prescriptions</line>
<line>et recommandations du PPRI annexé au P.L.U.</line></par>
<par>
<line>• Une zone non aedificandi de 10m doit être respectée de part et d'autres des sommets des</line>
<line>berges des cours d'eau, ruisseaux et de tout autre axe hydraulique recueillant les eaux</line>
<line>d'un bassin versant. Cette bande de 10m peut toutefois être ramenée à 4m minimum si</line>
<line>une étude hydraulique a démontré l'absence de risques d'érosion et de débordement.</line></par>
<par>
<line>• L'extension des constructions existantes destinées à l'exploitation agricole et les annexes.</line></par>
<par>
<line>• L'extension des constructions existantes destinées à l'habitation dans la limite de 30% de</line>
<line>la surface de plancher existante à la date d'approbation du PLU, non renouvelable, et à</line>
<line>condition de ne pas compromettre l'activité agricole ou la qualité paysagère.</line></par>
<par>
<line>• Les annexes aux constructions d'habitations existantes doivent être implantées dans un</line>
<line>périmètre de 20m autour de la construction principale et dans une limite de SOm^ de</line>
<line>surface de plancher cumulée</line></par>
<par>
<line>• les dépôts de matériaux sont autorisés à condition qu'ils soient strictement nécessaires à</line>
<line>l'activité agricole.</line></par>
<par>
<line>• Les installations de production d'électricité utilisant l'énergie mécanique du vent</line>
<line>(éoliennes) sont autorisées à condition de correspondre à des dispositifs intégrés</line>
<line>directement à la toiture (sans mâts).</line></par>
<par>
<line>• Les panneaux solaires sont autorisés à condition d'être intégrés à une construction.</line></par>
<par>
<line>• La hauteur du terrain fini après travaux ne doit pas excéder de + ou - 30cm le terrain</line>
<line>naturel.</line></par>
<par>
<line>b) CARACTERISTIQUES ARCHITECTURALES</line></par>
<par>
<line>• Les toitures.</line></par>
<par>
<line>Les toitures auront 2 à 4 pans avec ou sans ruptures de pente. Les toitures seront</line>
<line>d'aspect ardoise ou tuile plate de couleur gris ardoise ou brun foncé. La pente sera de</line>
<line>60% à 100%. Pour les constructions existantes à 1 pan et à faible pente (&lt;40%) l'aspect</line>
<line>tôle est autorisé.</line></par>
<par>
<line>Les toitures terrasses sont autorisées et devront être végétalisées.</line></par>
</text>
</block>
<block><region><rect/></region>
<text>
<par>
<line>20</line></par>
</text>
</block>



</page>
<page width="2481" height="3508" resolution="300">
<block><region><rect/></region>
<text>
<par>
<line>Les panneaux solaires devront être intégrés à la toiture.</line></par>
<par>
<line>Les éoliennes devront être sur toiture avec un dispositif intégré à la toiture.</line></par>
<par>
<line>• La hauteur.</line></par>
<par>
<line>La hauteur est mesurée au faîtage. La hauteur maximum est de 10m au faîtage. Pour les</line>
<line>constructions implantées en limite séparative, la hauteur maximum sur la limite est limitée</line>
<line>à 3m.</line></par>
<par>
<line>En cas d'extension, d'aménagement dans le volume existant ou de reconstruction après</line>
<line>sinistre, la hauteur pourra atteindre la hauteur initiale du précédent bâtiment avec un</line>
<line>réhaussement possible de 40cm pour l'isolation extérieure.</line></par>
<par>
<line>• Les façades devront</line></par>
<par>
<line>- d'aspect pierre ou enduit de couleur gris ou beige,</line></par>
<par>
<line>- d'aspect bois teinte naturel ou chêne moyen ou teinte grise</line></par>
<par>
<line>• Les gardes corps devront être en ferronnerie ou bois à barreaudages verticaux et à</line>
<line>sections rondes ou carrées</line></par>
<par>
<line>C) CARACTERISTIQUES ENVIRONNEMENTALES ET PAYSAGERES</line></par>
<par>
<line>Non réglementé</line></par>
</text>
</block>
<block><region><rect/></region>
<text>
<par>
<line>3.EQUIPEMENTS ET RESEAUX</line></par>
<par>
<line>a) EAU POTABLE</line></par>
<par>
<line>Toute construction ou installation nouvelle ou aménagement par changement de</line></par>
<par>
<line>destination qui requiert une alimentation en eau potable, doit être raccordée au réseau</line>
<line>public de distribution d'eau potable par un dispositif de capacités suffisantes. Toutes les</line>
<line>obligations réglementaires vis à vis du gestionnaire de ce réseau doivent être satisfaites.</line></par>
<par>
<line>b) EAUX USEES ET PLUVIALES</line></par>
<par>
<line>Toute construction ou installation nouvelle ou aménagement par changement de</line></par>
<par>
<line>destination doit être raccordé au réseau public d'assainissement. Toutes les obligations</line>
<line>réglementaires vis à vis du gestionnaire de ce réseau doivent être satisfaites.</line></par>
<par>
<line>Toute construction, installation nouvelle ou aménagement par changement d'affectation,</line>
<line>engendrant un rejet d'eaux usées, doit être muni d'un système d'assainissement séparatif</line>
<line>eaux usées - eaux pluviales, et être raccordé aux réseaux publics d'assainissement quand</line>
<line>ils existent. Toutes les obligations réglementaires vis à vis du gestionnaire de ce réseau</line>
<line>doivent être satisfaites.</line></par>
<par>
<line>L'évacuation des eaux usées artisanales dans le réseau public d'assainissement doit être</line>
<line>subordonnée à un pré-traitement approprié.</line></par>
<par>
<line>c) ELECTRICITE, TELECOMMUNICATIONS</line></par>
<par>
<line>Les réseaux devront être réalisés en souterrain.</line></par>
</text>
</block>
<block><region><rect/></region>
<text>
<par>
<line>ZONE N</line></par>
<par>
<line>Caractéristiques de la zone</line></par>
</text>
</block>
<block><region><rect/></region>
<text>
<par>
<line>21</line></par>
</text>
</block>





</page>
<page width="2481" height="3508" resolution="300">
<block><region><rect/></region>
<text>
<par>
<line>Zone naturelle destinée à la préservation des espaces ayant un potentiel écologique</line></par>
<par>
<line>1. DESTINATIONS DES CONSTRUCTIONS</line></par>
<par>
<line>Seules sont autorisées les constructions à destination de :</line></par>
<par>
<line>• Equipements d'intérêt coiiectif et services pubiics :</line></par>
<par>
<line>Locaux techniques et industriels des administrations publiques et assimilés à</line>
<line>condition d'être compatible avec les caractéristiques de la zone dans la limite de</line>
<line>20m2.</line></par>
</text>
</block>
<block><region><rect/></region>
<text>
<par>
<line>2. FORME URBAINE</line></par>
<par>
<line>a) Usage des sols et nature d'activité</line></par>
<par>
<line>• Les constructions et installations sont autorisées à condition de respecter les prescriptions</line>
<line>et recommandations du PPRI annexé au P.L.U.</line></par>
<par>
<line>• Une zone non aedificandi de 10m doit être respectée de part et d'autres des sommets des</line>
<line>berges des cours d'eau, ruisseaux et de tout autre axe hydraulique recueillant les eaux</line>
<line>d'un bassin versant. Cette bande de 10m peut toutefois être ramenée à 4m minimum si</line>
<line>une étude hydraulique a démontré l'absence de risques d'érosion et de débordement.</line></par>
<par>
<line>• L'extension des constructions existantes destinées à l'habitation dans la limite de 30% de</line>
<line>la surface de plancher existante à la date d'approbation du PLU, non renouvelable, et à</line>
<line>condition de ne pas compromettre l'activité agricole ou la qualité paysagère.</line></par>
<par>
<line>• Les annexes aux constructions d'habitations existantes doivent être implantées dans un</line>
<line>périmètre de 20m autour de la construction principale et dans une limite de SOm^ de</line>
<line>surface de plancher cumulée</line></par>
<par>
<line>• les dépôts de matériaux sont autorisés à condition qu'ils soient strictement nécessaires à</line>
<line>l'activité agricole.</line></par>
<par>
<line>• Les installations de production d'électricité utilisant l'énergie mécanique du vent</line>
<line>(éoliennes) sont autorisées à condition de correspondre à des dispositifs intégrés</line>
<line>directement à la toiture (sans mâts).</line></par>
<par>
<line>• Les panneaux solaires sont autorisés à condition d'être intégrés à une construction.</line></par>
<par>
<line>• La hauteur du terrain fini après travaux ne doit pas excéder de + ou - 30cm le terrain</line>
<line>naturel.</line></par>
<par>
<line>b) CARACTERISTIQUES ARCHITECTURALES</line></par>
<par>
<line>• Les toitures.</line></par>
<par>
<line>Les toitures auront 2 à 4 pans avec ou sans ruptures de pente. Les toitures seront</line>
<line>d'aspect ardoise ou tuile plate de couleur gris ardoise ou brun foncé. La pente sera de</line>
<line>60% à 100%. Pour les constructions existantes à 1 pan et à faible pente (&lt;40%) l'aspect</line>
<line>tôle est autorisé.</line></par>
<par>
<line>Les toitures terrasses sont autorisées et devront être végétalisées.</line></par>
<par>
<line>Les panneaux solaires devront être intégrés à la toiture</line></par>
<par>
<line>Les éoliennes devront être sur toiture avec un dispositif intégré à la toiture.</line></par>
<par>
<line>• La hauteur.</line></par>
</text>
</block>
<block><region><rect/></region>
<text>
<par>
<line>22</line></par>
</text>
</block>


</page>
<page width="2481" height="3508" resolution="300">
<block><region><rect/></region>
<text>
<par>
<line>La hauteur est mesurée au faîtage. La hauteur maximum est de 10m au faîtage. Pour les</line>
<line>constructions implantées en limite séparative, la hauteur maximum sur la limite est limitée</line>
<line>à 3m.</line></par>
<par>
<line>En cas d'extension, d'aménagement dans le volume existant ou de reconstruction après</line>
<line>sinistre, la hauteur pourra atteindre la hauteur initiale du précédent bâtiment avec un</line>
<line>réhaussement possible de 40cm pour l'isolation extérieure.</line></par>
<par>
<line>• Les façades devront</line></par>
<par>
<line>- d'aspect pierre ou enduit de couleur gris ou beige,</line></par>
<par>
<line>- d'aspect bois teinte naturel ou chêne moyen ou teinte grise</line></par>
<par>
<line>• Les gardes corps devront être en ferronnerie ou bois à barreaudages verticaux et à</line>
<line>sections rondes ou carrées</line></par>
<par>
<line>C) CARACTERISTIQUES ENVIRONNEMENTALES ET PAYSAGERES</line></par>
<par>
<line>Non réglementé</line></par>
<par>
<line>3. EQUIPEMENTS ET RESEAUX</line>
<line>a) EAU POTABLE</line></par>
<par>
<line>Toute construction ou installation nouvelle ou aménagement par changement de</line></par>
<par>
<line>destination qui requiert une alimentation en eau potable, doit être raccordée au réseau</line>
<line>public de distribution d'eau potable par un dispositif de capacités suffisantes. Toutes les</line>
<line>obligations réglementaires vis à vis du gestionnaire de ce réseau doivent être satisfaites.</line></par>
<par>
<line>b) EAUX USEES ET PLUVIALES</line></par>
<par>
<line>Toute construction ou installation nouvelle ou aménagement par changement de</line></par>
<par>
<line>destination doit être raccordé au réseau public d'assainissement. Toutes les obligations</line>
<line>réglementaires vis à vis du gestionnaire de ce réseau doivent être satisfaites.</line></par>
<par>
<line>Toute construction, installation nouvelle ou aménagement par changement d'affectation,</line>
<line>engendrant un rejet d'eaux usées, doit être muni d'un système d'assainissement séparatif</line>
<line>eaux usées - eaux pluviales, et être raccordé aux réseaux publics d'assainissement quand</line>
<line>ils existent. Toutes les obligations réglementaires vis à vis du gestionnaire de ce réseau</line>
<line>doivent être satisfaites.</line></par>
<par>
<line>L'évacuation des eaux usées artisanales dans le réseau public d'assainissement doit être</line>
<line>subordonnée à un pré-traitement approprié.</line></par>
<par>
<line>c) ELECTRICITE, TELECOMMUNICATIONS</line></par>
<par>
<line>Les réseaux devront être réalisés en souterrain.</line></par>
</text>
</block>
<block><region><rect/></region>
<text>
<par>
<line>ZONE Ne</line></par>
</text>
</block>
<block><region><rect/></region>
<text>
<par>
<line>23</line></par>
</text>
</block>




</page>
<page width="2481" height="3508" resolution="300">
<block><region><rect/></region>
<text>
<par>
<line>La zone Ne correspond aux zones d'exploitation de carrière et les activités qui y sont liées.</line></par>
</text>
<text>
<par>
<line>1. DESTINATIONS DES CONSTRUCTIONS</line></par>
<par>
<line>Seules sont autorisées les constructions et installations à destination de :</line></par>
<par>
<line>• L'exploitation des carrières</line></par>
<par>
<line>• Autres activités des secteurs secondaires ou tertiaires :</line></par>
<par>
<line>- bureaux</line></par>
<par>
<line>- industrie</line></par>
<par>
<line>- entrepôts</line></par>
<par>
<line>• Commerce et activités de service :</line></par>
<par>
<line>- artisanat et commerce de détail ;</line></par>
<par>
<line>2. FORME URBAINE</line></par>
<par>
<line>a) Usage des sols et nature d'activité</line></par>
<par>
<line>• Les constructions et installations sont autorisées à condition de respecter les</line>
<line>prescriptions et recommandations du PPRI annexé au P.L.U.</line></par>
<par>
<line>• Les installations liées aux activités de pêche et aux activités de loisirs sont autorisées.</line></par>
<par>
<line>• Une zone non aedificandi de 10m doit être respectée de part et d'autres des sommets</line>
<line>des berges des cours d'eau, ruisseaux et de tout autre axe hydraulique recueillant les</line>
<line>eaux d'un bassin versant. Cette bande de 10m peut toutefois être ramenée à 4m</line>
<line>minimum si une étude hydraulique a démontré l'absence de risques d'érosion et de</line>
<line>débordement.</line></par>
</text>
</block>
<block><region><rect/></region>
<text>
<par>
<line>b) CARACTERISTIQUES URBAINE</line></par>
<par>
<line>• Reculs par rapport aux limites séparatives</line></par>
<par>
<line>Les constructions peuvent s'implanter, en limite séparative au droit de l'égout de toiture.</line>
<line>Dans le cas contraire, le recul minimum est calculé entre la limite séparative et le point le</line>
<line>plus proche au nu de la façade. Le recul est de 5m minimum.</line></par>
<par>
<line>Ces distances ne s'appliquent pas dans les cas suivants :</line></par>
<par>
<line>pour la réalisation d'une isolation par l'extérieur des bâtiments, avec une dérogation</line>
<line>de 30 cm à la règle de recul pour favoriser et permettre ces travaux.</line></par>
<par>
<line>Une tolérance de Im peut être admise pour les débords de toitures, les balcons, les</line>
<line>escaliers non cloisonnés, les auvents, les oriels et les pergolas.</line></par>
<par>
<line>■/ Pour les ouvrages techniques nécessaires au fonctionnement des constructions</line>
<line>autorisées, les équipements publics ou d'intérêt collectif jusqu'en limite.</line></par>
<par>
<line>■/ Dans le cas d'extension d'une construction existante située dans la marge de recul,</line>
<line>sous réserve que le projet poursuive au maximum l'alignement du bâti existant et ne</line>
<line>réduise pas le recul initial.</line></par>
<par>
<line>L'ensemble de ces règles ne s'applique pas aux clôtures.</line></par>
<par>
<line>• Reculs par rapport aux voies</line></par>
<par>
<line>Les constructions devront s'implanter, au nu de la façade, avec un recul minimum de 10m</line>
<line>par rapport à l'axe des voies.</line></par>
<par>
<line>Cette distance ne s'applique pas dans les cas suivants :</line></par>
</text>
</block>
<block><region><rect/></region>
<text>
<par>
<line>24</line></par>
</text>
</block>


</page>
<page width="2481" height="3508" resolution="300">
<block><region><rect/></region>
<text>
<par>
<line>pour la réalisation d'une isolation par l'extérieur des bâtiments, avec une dérogation</line>
<line>de 30 cm à la règle de recul pour favoriser et permettre ces travaux.</line></par>
<par>
<line>Une tolérance de Im peut être admise pour les débords de toitures, les balcons, les</line>
<line>escaliers non cloisonnés, les auvents, les oriels et les pergolas.</line></par>
<par>
<line>Pour les ouvrages techniques nécessaires au fonctionnement des constructions</line>
<line>autorisées, les équipements publics ou d'intérêt collectif jusqu'en limite.</line></par>
<par>
<line>Dans le cas d'extension d'une construction existante située dans la marge de recul,</line>
<line>sous réserve que le projet poursuive au maximum l'alignement du bâti existant et</line>
<line>ne réduise pas le recul initial</line></par>
<par>
<line>C) CARACTERISTIQUES ARCHITECTURALES</line></par>
<par>
<line>• Les toitures.</line></par>
<par>
<line>Les toitures auront 2 pans ou en terrasse.</line></par>
<par>
<line>• La hauteur.</line></par>
<par>
<line>La hauteur est mesurée au faîtage. La hauteur maximum est de 13m.</line></par>
<par>
<line>En cas d'extension, d'aménagement dans le volume existant ou de reconstruction après</line>
<line>sinistre, la hauteur pourra atteindre la hauteur initiale du précédent bâtiment.</line></par>
<par>
<line>• Les façades devront être de couleur gris ou beige,</line></par>
<par>
<line>d)CARACTERISTIQUES ENVIRONNEMENTALES ET PAYSAGERES</line></par>
<par>
<line>• La hauteur du terrain fini après travaux ne doit pas excéder de + ou - 30cm le terrain</line>
<line>naturel pour arriver au terrain naturel en limite séparative, excepté pour la desserte de</line>
<line>la construction.</line></par>
</text>
</block>
<block><region><rect/></region>
<text>
<par>
<line>3.EQUIPEMENTS ET RESEAUX</line>
<line>a) EAU POTABLE</line></par>
<par>
<line>Toute construction ou installation nouvelle ou aménagement par changement de</line>
<line>destination qui requiert une alimentation en eau potable, doit être raccordée au réseau</line>
<line>public de distribution d'eau potable par un dispositif de capacités suffisantes. Toutes</line>
<line>les obligations réglementaires vis à vis du gestionnaire de ce réseau doivent être</line>
<line>satisfaites.</line></par>
<par>
<line>b) EAUX USEES ET PLUVIALES</line></par>
<par>
<line>Toute construction ou installation nouvelle ou aménagement par changement de</line>
<line>destination doit être raccordé au réseau public d'assainissement. L'évacuation des eaux</line>
<line>usées liées aux activités industrielles et artisanales dans le réseau public doit faire l'objet</line>
<line>d'un prétraitement si besoin et être autorisé au préalable par le gestionnaire.</line></par>
<par>
<line>Toutes les obligations réglementaires vis à vis du gestionnaire de ce réseau doivent être</line>
<line>satisfaites.</line></par>
<par>
<line>Toute construction ou installation nouvelle ou aménagement par changement de</line>
<line>destination doit être raccordée au réseau public d'eaux pluviales existant et une</line>
<line>limitation du débit de rejet dans le réseau doit être mis en place. En cas d'impossibilité</line></par>
</text>
</block>
<block><region><rect/></region>
<text>
<par>
<line>25</line></par>
</text>
</block>



</page>
<page width="2481" height="3508" resolution="300">
<block><region><rect/></region>
<text>
<par>
<line>un système d'infiltration des eaux pluviales à la parcelle renvoyées vers un exutoire</line>
<line>avec un débit de fuite limité devra être mis en place.</line></par>
<par>
<line>C) ELECTRICITE, TELECOMMUNICATIONS</line></par>
<par>
<line>Les réseaux devront être réalisés en souterrain.</line></par>
<par>
<line>Toute construction, installation nouvelle, ou aménagement pour la rénovation ou le</line>
<line>changement de destination, devra donner lieu à la mise en place d'infrastructures</line>
<line>adaptées à la desserte des bâtiments et/ou des installations, en communications</line>
<line>électroniques très haut débit (fourreaux...).</line></par>
</text>
</block>
<block><region><rect/></region>
<text>
<par>
<line>26</line></par>
</text>
</block>

</page>
<page width="2481" height="3508" resolution="300">
<block><region><rect/></region>
<text>
<par>
<line>ZONE NU</line></par>
</text>
</block>
<block><region><rect/></region>
<text>
<par>
<line>Les zones NLi correspondent aux zones d'activités sportives et de loisirs</line></par>
</text>
<text>
<par>
<line>L'indice « d » est spécifique à la zone de bois Fontaine dans le cadre de la renaturation du</line>
<line>plan d'eau.</line></par>
<par>
<line>1. DESTINATIONS DES CONSTRUCTIONS</line></par>
<par>
<line>Seules sont autorisées les constructions et installations à destination de :</line></par>
<par>
<line>• Équipements d'intérêt coiiectif et services pubiics :</line></par>
<par>
<line>- bureaux et locaux accueillant du public des administrations publiques et assimilés</line></par>
<par>
<line>- équipements sportifs</line></par>
<par>
<line>- les équipements d'intérêt collectif et services publics et notamment les locaux techniques</line>
<line>et industriels des administrations publiques et assimilés à condition d'être compatible</line>
<line>avec les caractéristiques de la zone et dans la limite de 20m^</line></par>
<par>
<line>• Commerce et activités de service :</line></par>
<par>
<line>- Activités de service où s'effectue l'accueil d'une clientèle</line></par>
<par>
<line>2. FORME URBAINE</line></par>
<par>
<line>a) Usage des sols et nature d'activité</line></par>
<par>
<line>• Dans les zones indicées « d » le stockage de déchets est autorisé à condition d'être non</line>
<line>polluants et liés à la gestion de l'Isère et à la renaturation du lac dévolu à la pêche.</line></par>
<par>
<line>• Dans les zones indicées « i » les constructions et installations sont autorisées à condition</line>
<line>de respecter les prescriptions et recommandations du PPRI annexé au P.L.U.</line></par>
<par>
<line>• Une zone non aedificandi de 10m doit être respectée de part et d'autres des sommets</line>
<line>des berges des cours d'eau, ruisseaux et de tout autre axe hydraulique recueillant les</line>
<line>eaux d'un bassin versant. Cette bande de 10m peut toutefois être ramenée à 4m</line>
<line>minimum si une étude hydraulique a démontré l'absence de risques d'érosion et de</line>
<line>débordement.</line></par>
</text>
</block>
<block><region><rect/></region>
<text>
<par>
<line>b) CARACTERISTIQUES URBAINE</line></par>
<par>
<line>• Reculs par rapport aux limites séparatives</line></par>
<par>
<line>Les constructions peuvent s'implanter, en limite séparative au droit de l'égout de toiture.</line>
<line>Dans le cas contraire, le recul minimum est calculé entre la limite séparative et le point le</line>
<line>plus proche au nu de la façade. Le recul est de 3m minimum.</line></par>
<par>
<line>Ces distances ne s'appliquent pas dans les cas suivants :</line></par>
<par>
<line>pour la réalisation d'une isolation par l'extérieur des bâtiments, avec une dérogation</line>
<line>de 30 cm à la règle de recul pour favoriser et permettre ces travaux.</line></par>
<par>
<line>Une tolérance de Im peut être admise pour les débords de toitures, les balcons, les</line>
<line>escaliers non cloisonnés, les auvents, les oriels et les pergolas.</line></par>
<par>
<line>■/ Pour les ouvrages techniques nécessaires au fonctionnement des constructions</line>
<line>autorisées, les équipements publics ou d'intérêt collectif jusqu'en limite.</line></par>
</text>
</block>
<block><region><rect/></region>
<text>
<par>
<line>27</line></par>
</text>
</block>


</page>
<page width="2481" height="3508" resolution="300">
<block><region><rect/></region>
<text>
<par>
<line>■/ Dans le cas d'extension d'une construction existante située dans la marge de recul,</line>
<line>sous réserve que le projet poursuive au maximum l'alignement du bâti existant et ne</line>
<line>réduise pas le recul initial.</line></par>
<par>
<line>L'ensemble de ces règles ne s'applique pas aux clôtures.</line></par>
<par>
<line>• Reculs par rapport aux voies</line></par>
<par>
<line>Les constructions devront s'implanter, au nu de la façade, avec un recul minimum de</line></par>
<par>
<line>- 50m par rapport à l'axe des autoroutes</line></par>
<par>
<line>- 10m par rapport à l'axe des autres voies publiques.</line></par>
<par>
<line>Cette distance ne s'applique pas dans les cas suivants :</line></par>
<par>
<line>pour la réalisation d'une isolation par l'extérieur des bâtiments, avec une dérogation</line>
<line>de 30 cm à la règle de recul pour favoriser et permettre ces travaux.</line></par>
<par>
<line>Une tolérance de Im peut être admise pour les débords de toitures, les balcons, les</line>
<line>escaliers non cloisonnés, les auvents, les oriels et les pergolas.</line></par>
<par>
<line>Pour les ouvrages techniques nécessaires au fonctionnement des constructions</line>
<line>autorisées, les équipements publics ou d'intérêt collectif jusqu'en limite.</line></par>
<par>
<line>Dans le cas d'extension d'une construction existante située dans la marge de recul,</line>
<line>sous réserve que le projet poursuive au maximum l'alignement du bâti existant et</line>
<line>ne réduise pas le recul initial</line></par>
<par>
<line>C) CARACTERISTIQUES ARCHITECTURALES</line></par>
<par>
<line>• Les toitures.</line></par>
<par>
<line>Les toitures auront 2 pans ou en terrasse.</line></par>
<par>
<line>• La hauteur.</line></par>
<par>
<line>La hauteur est mesurée au faîtage. La hauteur maximum est de 13m.</line></par>
<par>
<line>En cas d'extension, d'aménagement dans le volume existant ou de reconstruction après</line>
<line>sinistre, la hauteur pourra atteindre la hauteur initiale du précédent bâtiment.</line></par>
<par>
<line>• Les façades devront être de couleur gris ou beige,</line></par>
<par>
<line>d)CARACTERISTIQUES ENVIRONNEMENTALES ET PAYSAGERES</line></par>
<par>
<line>• La hauteur du terrain fini après travaux ne doit pas excéder de + ou - 30cm le terrain</line>
<line>naturel pour arriver au terrain naturel en limite séparative, excepté pour la desserte de</line>
<line>la construction.</line></par>
</text>
</block>
<block><region><rect/></region>
<text>
<par>
<line>3. EQUIPEMENTS ET RESEAUX</line>
<line>a) EAU POTABLE</line></par>
<par>
<line>Toute construction ou installation nouvelle ou aménagement par changement de</line>
<line>destination qui requiert une alimentation en eau potable, doit être raccordée au réseau</line>
<line>public de distribution d'eau potable par un dispositif de capacités suffisantes. Toutes</line>
<line>les obligations réglementaires vis à vis du gestionnaire de ce réseau doivent être</line>
<line>satisfaites.</line></par>
</text>
</block>
<block><region><rect/></region>
<text>
<par>
<line>28</line></par>
</text>
</block>


</page>
<page width="2481" height="3508" resolution="300">
<block><region><rect/></region>
<text>
<par>
<line>b) EAUX USEES ET PLUVIALES</line></par>
<par>
<line>Toute construction ou installation nouvelle ou aménagement par changement de</line>
<line>destination doit être raccordé au réseau public d'assainissement. L'évacuation des eaux</line>
<line>usées liées aux activités industrielles et artisanales dans le réseau public doit faire l'objet</line>
<line>d'un prétraitement si besoin et être autorisé au préalable par le gestionnaire.</line></par>
<par>
<line>Toutes les obligations réglementaires vis à vis du gestionnaire de ce réseau doivent être</line>
<line>satisfaites.</line></par>
<par>
<line>Toute construction ou installation nouvelle ou aménagement par changement de</line>
<line>destination doit être raccordée au réseau public d'eaux pluviales existant et une</line>
<line>limitation du débit de rejet dans le réseau doit être mis en place. En cas d'impossibilité</line>
<line>un système d'infiltration des eaux pluviales à la parcelle renvoyées vers un exutoire</line>
<line>avec un débit de fuite limité devra être mis en place.</line></par>
</text>
</block>
<block><region><rect/></region>
<text>
<par>
<line>C) ELECTRICITE, TELECOMMUNICATIONS.</line></par>
<par>
<line>Les réseaux devront être réalisés en souterrain.</line></par>
<par>
<line>Toute construction, installation nouvelle, ou aménagement pour la rénovation ou le</line>
<line>changement de destination, devra donner lieu à la mise en place d'infrastructures</line>
<line>adaptées à la desserte des bâtiments et/ou des installations, en communications</line>
<line>électroniques très haut débit (fourreaux...).</line></par>
</text>
</block>
<block><region><rect/></region>
<text>
<par>
<line>29</line></par>
</text>
</block>


</page>
<page width="2481" height="3508" resolution="300">
<block><region><rect/></region>
<text>
<par>
<line>ZONE Nh</line></par>
</text>
</block>
<block><region><rect/></region>
<text>
<par>
<line>Les zones Nh correspondent aux zones humides.</line></par>
</text>
</block>
<block><region><rect/></region>
<text>
<par>
<line>1. DESTINATIONS DES CONSTRUCTIONS</line></par>
<par>
<line>Seules sont autorisés :</line></par>
<par>
<line>les constructions et installations liées à la mise en valeur ou à l'entretien de la zone</line>
<line>humide</line></par>
<par>
<line>les travaux et ouvrages nécessaires à une gestion écologique justifiée de la zone</line>
<line>humide.</line></par>
</text>
</block>
<block><region><rect/></region>
<text>
<par>
<line>30</line></par>
</text>
</block>

</page>
<page width="2481" height="3508" resolution="300">
<block><region><rect/></region>
<text>
<par>
<line>ZONE Npi</line></par>
<par>
<line>La zone Npi correspond aux zones d'équipements publics, d'intérêt collectif et de loisirs</line></par>
<par>
<line>1.DESTINATIONS DES CONSTRUCTIONS</line></par>
<par>
<line>Seules sont autorisées les constructions et installations à destination de :</line>
<line>Équipements d'intérêt coiiectif et services pubiics :</line></par>
<par>
<line>- locaux techniques et industriels des administrations publiques et assimilés</line></par>
<par>
<line>- équipements sportifs</line></par>
<par>
<line>- autres équipements recevant du public</line></par>
</text>
</block>
<block><region><rect/></region>
<text>
<par>
<line>2.FORME URBAINE</line></par>
<par>
<line>a) Usage des sols et nature d'activité</line></par>
<par>
<line>• Dans les zones indicées « i » les constructions et installations sont autorisées à condition</line>
<line>de respecter les prescriptions et recommandations du PPRI annexé au P.L.U.</line></par>
<par>
<line>• Une zone non aedificandi de 10m doit être respectée de part et d'autres des sommets</line>
<line>des berges des cours d'eau, ruisseaux et de tout autre axe hydraulique recueillant les</line>
<line>eaux d'un bassin versant. Cette bande de 10m peut toutefois être ramenée à 4m</line>
<line>minimum si une étude hydraulique a démontré l'absence de risques d'érosion et de</line>
<line>débordement.</line></par>
</text>
</block>
<block><region><rect/></region>
<text>
<par>
<line>b) CARACTERISTIQUES ARCHITECTURALES</line></par>
<par>
<line>• Les toitures.</line></par>
<par>
<line>Les toitures auront 2 pans ou en terrasse.</line></par>
<par>
<line>• La hauteur.</line></par>
<par>
<line>La hauteur est mesurée au faîtage. La hauteur maximum est de 6m.</line></par>
<par>
<line>3.EQUIPEMENTS ET RESEAUX</line>
<line>a) EAU POTABLE</line></par>
<par>
<line>Toute construction ou installation nouvelle ou aménagement par changement de</line>
<line>destination qui requiert une alimentation en eau potable, doit être raccordée au réseau</line>
<line>public de distribution d'eau potable par un dispositif de capacités suffisantes. Toutes</line>
<line>les obligations réglementaires vis à vis du gestionnaire de ce réseau doivent être</line>
<line>satisfaites.</line></par>
<par>
<line>b) EAUX USEES ET PLUVIALES</line></par>
</text>
</block>
<block><region><rect/></region>
<text>
<par>
<line>31</line></par>
</text>
</block>





</page>
<page width="2481" height="3508" resolution="300">
<block><region><rect/></region>
<text>
<par>
<line>Toute construction ou installation nouvelle ou aménagement par changement de</line>
<line>destination doit être raccordé au réseau public d'assainissement. L'évacuation des eaux</line>
<line>usées liées aux activités industrielles et artisanales dans le réseau public doit faire l'objet</line>
<line>d'un prétraitement si besoin et être autorisé au préalable par le gestionnaire.</line></par>
<par>
<line>Toutes les obligations réglementaires vis à vis du gestionnaire de ce réseau doivent être</line>
<line>satisfaites.</line></par>
<par>
<line>Toute construction ou installation nouvelle ou aménagement par changement de</line>
<line>destination doit être raccordée au réseau public d'eaux pluviales existant et une</line>
<line>limitation du débit de rejet dans le réseau doit être mis en place. En cas d'impossibilité</line>
<line>un système d'infiltration des eaux pluviales à la parcelle renvoyées vers un exutoire</line>
<line>avec un débit de fuite limité devra être mis en place.</line></par>
<par>
<line>C) ELECTRICITE, TELECOMMUNICATIONS.</line></par>
<par>
<line>Les réseaux devront être réalisés en souterrain.</line></par>
</text>
</block>
<block><region><rect/></region>
<text>
<par>
<line>32</line></par>
</text>
</block>

</page>
<page width="2481" height="3508" resolution="300">
<block><region><rect/></region>
<text>
<par>
<line>ZONE Nn</line></par>
</text>
</block>
<block><region><rect/></region>
<text>
<par>
<line>Les zones Nn correspondent au zonage environnemental Natura 2000 Combe de Savoie et</line>
<line>basse vallée de l'Isère.</line></par>
</text>
</block>
<block><region><rect/></region>
<text>
<par>
<line>1. DESTINATIONS DES CONSTRUCTIONS</line></par>
<par>
<line>Seules sont autorisées les constructions et installations à destination de :</line></par>
<par>
<line>Équipements d'intérêt coiiectif et services pubiics :</line></par>
<par>
<line>- locaux techniques et industriels des administrations publiques et assimilés dans la</line>
<line>limite de 20vn^ de surface de plancher.</line></par>
<par>
<line>2. FORME URBAINE</line></par>
<par>
<line>a) Usage des sols et nature d'activité</line></par>
<par>
<line>Les constructions et installations sont autorisées à condition de respecter les prescriptions</line>
<line>et recommandations du PPRI annexé au P.L.U.</line></par>
<par>
<line>Une zone non aedificandi de 10m doit être respectée de part et d'autres des sommets des</line>
<line>berges des cours d'eau, ruisseaux et de tout autre axe hydraulique recueillant les eaux</line>
<line>d'un bassin versant. Cette bande de 10m peut toutefois être ramenée à 4m minimum si</line>
<line>une étude hydraulique a démontré l'absence de risques d'érosion et de débordement.</line></par>
</text>
</block>


</page>
</PLU>