<?xml version="1.0" encoding="UTF-8"?><OAP>
<page width="2450" height="3496" resolution="300">
<block blockType="Table" blockName="" l="123" t="150" r="2344" b="683"><region><rect/></region>
<row>
<cell rightBorder="White" bottomBorder="White" width="1709" height="280">
<text>
<par>
<line>Département de TAIN</line></par>
</text></cell>
<cell leftBorder="White" bottomBorder="White" width="512" height="280">
<text>
<par>
<line>2.2</line></par>
</text></cell></row>
<row>
<cell topBorder="White" rightBorder="White" width="1709" height="253">
<text>
<par>
<line>Commune de GEX</line></par>
</text></cell>
<cell leftBorder="White" topBorder="White" width="512" height="253">
<text>
<par/>
</text></cell></row>
</block>
<block><region><rect/></region>
<text>
<par>
<line>PLAN LOCAL D'URBANISME (P.L.U)</line></par>
</text>
</block>
<block><region><rect/></region>
<text>
<par>
<line>ORIENnnONS D'IIMEIUIGEIIEIIT</line></par>
</text>
</block>
<block blockType="Table" blockName="" l="79" t="2026" r="2348" b="2855"><region><rect/></region>
<row>
<cell colSpan="2" bottomBorder="White" width="2269" height="219">
<text>
<par>
<line>APPROBATION vu pour être annexé à la</line></par>
</text></cell></row>
<row>
<cell topBorder="White" rightBorder="White" width="1143" height="158">
<text>
<par>
<line>(REVISION n&lt;4)</line></par>
</text></cell>
<cell leftBorder="White" topBorder="White" width="1126" height="158">
<text>
<par>
<line>délibération du 17.01.2011</line></par>
</text></cell></row>
<row>
<cell rightBorder="White" bottomBorder="White" width="1143" height="157">
<text>
<par>
<line>APPROBATIONS : Elaboration :</line></par>
</text></cell>
<cell leftBorder="White" bottomBorder="White" width="1126" height="157">
<text>
<par>
<line>03.02.1978</line></par>
</text></cell></row>
<row>
<cell topBorder="White" rightBorder="White" bottomBorder="White" width="1143" height="67">
<text>
<par>
<line>Révision n^’l :</line></par>
</text></cell>
<cell leftBorder="White" topBorder="White" bottomBorder="White" width="1126" height="67">
<text>
<par>
<line>24.03.1986</line></par>
</text></cell></row>
<row>
<cell topBorder="White" rightBorder="White" bottomBorder="White" width="1143" height="67">
<text>
<par>
<line>Révision n°2 :</line></par>
</text></cell>
<cell leftBorder="White" topBorder="White" bottomBorder="White" width="1126" height="67">
<text>
<par>
<line>15.04.1991</line></par>
</text></cell></row>
<row>
<cell topBorder="White" rightBorder="White" bottomBorder="White" width="1143" height="67">
<text>
<par>
<line>Révision n^’S :</line></par>
</text></cell>
<cell leftBorder="White" topBorder="White" bottomBorder="White" width="1126" height="67">
<text>
<par>
<line>07.01.2008</line></par>
</text></cell></row>
<row>
<cell topBorder="White" rightBorder="White" width="1143" height="94">
<text>
<par>
<line>Révision n°4 :</line></par>
</text></cell>
<cell leftBorder="White" topBorder="White" width="1126" height="94">
<text>
<par>
<line>17.01.2011</line></par>
</text></cell></row>
</block>
<block><region><rect/></region>
<text>
<par>
<line>AUM ARCHITECTURE 68 rue Sommeiller - 73000 CHAMBERY</line>
<line>Tél : 04.79.33.75.10 - Fax : 04.79.33.71.79</line></par>
<par>
<line>Associé à :</line></par>
<par>
<line>PERRINE URBANISME ARCHITECTURE / ATELIER BDA / VILLES et TERRITOIRES / ADEQUATION / ITF</line></par>
</text>
</block>







</page>
<page width="4950" height="3492" resolution="300">
<block><region><rect/></region>
<text>
<par/>
</text>
</block>
<block><region><rect/></region>
<text>
<par/>
</text>
</block>
<block><region><rect/></region>
<text>
<par/>
</text>
</block>
<block><region><rect/></region>
<text>
<par>
<line>at</line></par>
</text>
</block>
<block><region><rect/></region>
<text>
<par>
<line>a:</line></par>
</text>
</block>
<block><region><rect/></region>
<text>
<par/>
</text>
</block>
<block><region><rect/></region>
<text>
<par>
<line>Ml.</line></par>
</text>
</block>
<block><region><rect/></region>
<text>
<par/>
</text>
</block>
<block><region><rect/></region>
<text>
<par>
<line>Jic-'</line></par>
</text>
</block>
<block><region><rect/></region>
<text>
<par/>
</text>
</block>
<block><region><rect/></region>
<text>
<par/>
</text>
</block>
<block><region><rect/></region>
<text>
<par/>
</text>
</block>
<block><region><rect/></region>
<text>
<par/>
</text>
</block>
<block><region><rect/></region>
<text>
<par/>
</text>
</block>
<block><region><rect/></region>
<text>
<par>
<line>La révision du PLU est l’occasion</line>
<line>d’une déclinaison des principes du</line>
<line>développement durable. Il s’agit</line>
<line>également de prendre en compte les</line>
<line>prescriptions du SCOT et du PLH en</line>
<line>terme de densité et mixité sociale.</line></par>
<par>
<line>LA DEMARCHE ENVIRONNEMENTALE</line></par>
</text>
</block>
<block><region><rect/></region>
<text>
<par>
<line>CENTRALITE et ECONOMIE D’ESPACE sont les premières étapes d’une</line>
<line>démarche environnementale.</line></par>
<par>
<line>Il s’agit ensuite de réfléchir à une urbanisation plus respectueuse de</line>
<line>l’environnement.</line></par>
<par>
<line>Les zones AU sont de bons terrains d’étude pour décliner la qualité</line>
<line>urbaine et environnementale, voire développer le concept d’éco-quartier.</line></par>
</text>
</block>
<block><region><rect/></region>
<text>
<par>
<line>Les thématiques et questionnements à enjeux :</line></par>
<par>
<line>LES FORMES URBAINES : favoriser une Compacité du. bâti; l’habitat</line>
<line>groupé, l’adaptation à la pente, les principes bioclimatiques</line></par>
<par>
<line>LES CHOIX ENERGETIQUES: permettre et inciter la réalisation de</line>
<line>constructions perfoimantes energétiquement.</line></par>
<par>
<line>LES DEPLACEMENTS : redéfinir la place de la voiture, redonner la</line>
<line>priorité aux déplacements « doux » (piétons, cycles...). Favoiiseï une</line>
<line>implantation du bâti (construction principale ou garage) à proximité</line>
<line>des voies, pour limiter la création d’espaces viaires imperméabilisés</line></par>
<par>
<line>LA GESTION DE L’EAU : favoriser une gestion alternative des eaux</line>
<line>pluviales (toitures végétalisées, noues paysagées le long des voies</line>
<line>bassins de rétention paysagés, traitement des espaces de</line>
<line>stationnement aériens ; béton gazon..), limiter les surfaces</line>
<line>imperméabilisées</line></par>
<par>
<line>BIODIVERSITE : préserver de vrais espaces verts, accessibles, rôle</line>
<line>de coupures à l’urbanisation, espaces tampons et rôle écologique</line>
<line>(épuration de l’air, régulation thermique en été, biodiversite )</line></par>
<par>
<line>Principe de double fonction des espaces naturels dans la gestion des</line>
<line>eaux pluviales ou la création d'espaces publics</line></par>
<par>
<line>+ typologie des haies : privilégier les essences locales et variées</line>
<line>(noisetier, charmille...)</line></par>
</text>
</block>
<block><region><rect/></region>
<text>
<par>
<line>Des dispositions</line>
<line>communes à toutes les</line>
<line>zones AU, auxquelles il</line>
<line>faut additionner des</line>
<line>enjeux urbains :</line>
<line>continuités urbaines,</line>
<line>espaces publics,</line>
<line>espaces de</line>
<line>rencontre....</line></par>
</text>
</block>
<block><region><rect/></region>
<text>
<par/>
</text>
</block>
<block><region><rect/></region>
<text>
<par/>
</text>
</block>
<block><region><rect/></region>
<text>
<par>
<line>w</line></par>
</text>
</block>
<block><region><rect/></region>
<text>
<par>
<line>Si</line></par>
</text>
</block>
<block><region><rect/></region>
<text>
<par>
<line>Les orientations d'aménagement permettent à la</line>
<line>commune de préciser les conditions d'aménagement</line>
<line>de certains secteurs qui vont connaître un</line>
<line>développement ou une restructuration particulière.</line>
<line>Les opérations de construction ou d'aménagement</line>
<line>décidées dans ces secteurs devront être compatibles</line>
<line>avec les orientations d'aménagement.</line></par>
</text>
</block>
<block><region><rect/></region>
<text>
<par>
<line>Les zones AU (A Urbaniser)</line></par>
<par>
<line>- 1AU (zone urbanisable à court terme par opération</line>
<line>d’aménagement d’ensemble.</line></par>
<par>
<line>-2AU : zone urbanisable à plus long terme (le niveau</line>
<line>d’équipement actuel est Insuffisant pour admettre une urbanisation)</line></par>
</text>
</block>
<block><region><rect/><rect/></region>
<text>
<par>
<line>ei</line></par>
</text>
</block>
<block><region><rect/></region>
<text>
<par>
<line>2AU La</line>
<line>Maladière</line></par>
</text>
</block>
<block><region><rect/></region>
<text>
<par>
<line>1AUc Château</line>
<line>gagneur *</line></par>
</text>
</block>
<block><region><rect/></region>
<text>
<par>
<line>1AUb Les</line>
<line>Contamines *</line></par>
</text>
</block>
<block><region><rect/></region>
<text>
<par>
<line>r-i</line>
<line>i_ _i</line></par>
</text>
</block>
<block><region><rect/></region>
<text>
<par>
<line>Zones 1AU</line></par>
</text>
</block>
<block><region><rect/></region>
<text>
<par>
<line>Zones 2AU</line></par>
</text>
</block>
<block><region><rect/></region>
<text>
<par>
<line>Prescriptions du SCOT : densité moyenne de</line>
<line>50 logements à hectare, répartition entre collectif</line>
<line>et individuel dans les zones AU : 80% de collectif</line>
<line>pour 20% d’individuels)</line></par>
<par>
<line>et PLH (Programme Local de l’Habitat) : 20%&gt; de</line>
<line>logements sociaux ou aidés pour tout projet de 5</line>
<line>logements ou plus.</line></par>
</text>
</block>
<block><region><rect/></region>
<text>
<par>
<line>Les zones AU ! hiérarchie du développement</line></par>
</text>
</block>
<block><region><rect/></region>
<text>
<par>
<line>j Zone 2AU à</line>
<line>“ vocation</line>
<line>économique</line></par>
<par>
<line>Zones AU</line>
<line>faisant l’objet</line>
<line>d’une orientation</line>
<line>d’aménagement</line></par>
</text>
</block>
<block><region><rect/></region>
<text>
<par/>
</text>
</block>
<block><region><rect/></region>
<text>
<par>
<line>1AU</line></par>
</text>
</block>
<block><region><rect/></region>
<text>
<par>
<line>./■:</line></par>
</text>
</block>
<block><region><rect/></region>
<text>
<par/>
</text>
</block>
<block><region><rect/></region>
<text>
<par>
<line>ue</line></par>
</text>
</block>
<block><region><rect/></region>
<text>
<par>
<line>Si</line></par>
</text>
</block>
<block><region><rect/></region>
<text>
<par>
<line>m</line></par>
</text>
</block>
<block><region><rect/></region>
<text>
<par/>
</text>
</block>
<block><region><rect/></region>
<text>
<par>
<line>F</line></par>
</text>
</block>
<block><region><rect/></region>
<text>
<par>
<line>Les</line></par>
</text>
</block>
<block><region><rect/></region>
<text>
<par>
<line>2AU</line></par>
</text>
</block>
<block><region><rect/></region>
<text>
<par>
<line>Econtours- i</line>
<line>Perozet "" !</line></par>
<par>
<line>etIAUbde</line></par>
</text>
</block>
<block><region><rect/></region>
<text>
<par/>
</text>
</block>
<block><region><rect/></region>
<text>
<par>
<line>m.</line></par>
</text>
</block>
<block><region><rect/></region>
<text>
<par>
<line>a</line></par>
</text>
</block>
<block><region><rect/></region>
<text>
<par>
<line>’Ouche*</line></par>
</text>
</block>
<block><region><rect/></region>
<text>
<par/>
</text>
</block>
<block><region><rect/></region>
<text>
<par>
<line>ÎE-</line></par>
</text>
</block>
<block><region><rect/></region>
<text>
<par>
<line>»</line></par>
</text>
</block>
<block><region><rect/></region>
<text>
<par/>
</text>
</block>
<block><region><rect/></region>
<text>
<par/>
</text>
</block>
<block><region><rect/></region>
<text>
<par/>
</text>
</block>
<block><region><rect/></region>
<text>
<par>
<line>'M.</line></par>
</text>
</block>
<block><region><rect/></region>
<text>
<par/>
</text>
</block>
<block><region><rect/></region>
<text>
<par>
<line>1</line></par>
</text>
</block>
<block><region><rect/></region>
<text>
<par/>
</text>
</block>
<block><region><rect/></region>
<text>
<par/>
</text>
</block>
<block><region><rect/></region>
<text>
<par>
<line>&amp;</line></par>
</text>
</block>
<block><region><rect/></region>
<text>
<par/>
</text>
</block>
<block><region><rect/></region>
<text>
<par/>
</text>
</block>
<block><region><rect/></region>
<text>
<par>
<line>m</line></par>
</text>
</block>
<block><region><rect/></region>
<text>
<par/>
</text>
</block>
<block><region><rect/></region>
<text>
<par/>
</text>
</block>
<block><region><rect/></region>
<text>
<par/>
</text>
</block>
<block><region><rect/></region>
<text>
<par>
<line>RE</line></par>
</text>
</block>
<block><region><rect/></region>
<text>
<par/>
</text>
</block>
<block><region><rect/></region>
<text>
<par/>
</text>
</block>
<block><region><rect/></region>
<text>
<par/>
</text>
</block>
<block><region><rect/></region>
<text>
<par/>
</text>
</block>
<block><region><rect/></region>
<text>
<par/>
</text>
</block>
<block><region><rect/></region>
<text>
<par>
<line>m</line></par>
</text>
</block>
<block><region><rect/></region>
<text>
<par>
<line>(f</line></par>
</text>
</block>
<block><region><rect/></region>
<text>
<par/>
</text>
</block>
<block><region><rect/></region>
<text>
<par/>
</text>
</block>
<block><region><rect/></region>
<text>
<par>
<line>m</line></par>
</text>
</block>
<block><region><rect/></region>
<text>
<par/>
</text>
</block>
<block><region><rect/></region>
<text>
<par/>
</text>
</block>
<block><region><rect/></region>
<text>
<par/>
</text>
</block>
<block><region><rect/></region>
<text>
<par>
<line>L /7</line></par>
</text>
</block>
<block><region><rect/></region>
<text>
<par>
<line>V</line></par>
</text>
</block>
<block><region><rect/></region>
<text>
<par>
<line>te-</line></par>
</text>
</block>
<block><region><rect/></region>
<text>
<par/>
</text>
</block>
<block><region><rect/></region>
<text>
<par/>
</text>
</block>
<block><region><rect/></region>
<text>
<par>
<line>.'j«</line></par>
</text>
</block>
<block><region><rect/></region>
<text>
<par>
<line>M</line></par>
</text>
</block>
<block><region><rect/></region>
<text>
<par/>
</text>
</block>
<block><region><rect/></region>
<text>
<par/>
</text>
</block>
<block><region><rect/></region>
<text>
<par/>
</text>
</block>
<block><region><rect/></region>
<text>
<par>
<line>V</line></par>
</text>
</block>
<block><region><rect/></region>
<text>
<par>
<line>■</line></par>
</text>
</block>
<block><region><rect/></region>
<text>
<par>
<line>t. campaah</line></par>
</text>
</block>
<block><region><rect/></region>
<text>
<par>
<line>*</line></par>
</text>
</block>
<block><region><rect/></region>
<text>
<par/>
</text>
</block>
<block><region><rect/><rect/></region>
<text>
<par/>
</text>
</block>
<block><region><rect/></region>
<text>
<par/>
</text>
</block>
<block><region><rect/></region>
<text>
<par/>
</text>
</block>
<block><region><rect/></region>
<text>
<par>
<line>m</line></par>
</text>
</block>
<block><region><rect/></region>
<text>
<par>
<line>i</line></par>
</text>
</block>
<block><region><rect/></region>
<text>
<par>
<line>7-'</line></par>
</text>
</block>
<block><region><rect/></region>
<text>
<par/>
</text>
</block>
<block><region><rect/></region>
<text>
<par/>
</text>
</block>
<block><region><rect/></region>
<text>
<par>
<line>î&gt;.</line></par>
</text>
</block>
<block><region><rect/></region>
<text>
<par>
<line>2AU</line></par>
</text>
</block>
<block><region><rect/></region>
<text>
<par/>
</text>
</block>
<block><region><rect/></region>
<text>
<par/>
</text>
</block>
<block><region><rect/></region>
<text>
<par/>
</text>
</block>
<block><region><rect/></region>
<text>
<par>
<line>Cha</line></par>
</text>
</block>
<block><region><rect/></region>
<text>
<par>
<line>si*.</line></par>
</text>
</block>
<block><region><rect/></region>
<text>
<par/>
</text>
</block>
<block><region><rect/><rect/></region>
<text>
<par/>
</text>
</block>
<block><region><rect/></region>
<text>
<par/>
</text>
</block>
<block><region><rect/></region>
<text>
<par/>
</text>
</block>
<block><region><rect/></region>
<text>
<par>
<line>ncv_ raxii^inn n°4 du PLU- Orientations d’Aménaaement- ÂDDrobation du 17.01.2011</line></par>
</text>
</block>































</page>
<page width="4942" height="3496" resolution="300">
<block><region><rect/></region>
<text>
<par>
<line>s</line></par>
</text>
</block>
<block><region><rect/></region>
<text>
<par>
<line>1</line></par>
</text>
</block>
<block><region><rect/><rect/></region>
<text>
<par/>
</text>
</block>
<block><region><rect/></region>
<text>
<par>
<line>li</line></par>
</text>
</block>
<block><region><rect/></region>
<text>
<par/>
</text>
</block>
<block><region><rect/></region>
<text>
<par>
<line>m</line></par>
</text>
</block>
<block><region><rect/></region>
<text>
<par>
<line>Ki s</line></par>
</text>
</block>
<block><region><rect/></region>
<text>
<par>
<line>m</line></par>
</text>
</block>
<block><region><rect/></region>
<text>
<par>
<line>fmM</line></par>
</text>
</block>
<block><region><rect/></region>
<text>
<par>
<line>m</line></par>
</text>
</block>
<block><region><rect/></region>
<text>
<par/>
</text>
</block>
<block><region><rect/></region>
<text>
<par>
<line>m</line></par>
</text>
</block>
<block><region><rect/></region>
<text>
<par/>
</text>
</block>
<block><region><rect/></region>
<text>
<par/>
</text>
</block>
<block><region><rect/></region>
<text>
<par>
<line>1</line></par>
</text>
</block>
<block><region><rect/></region>
<text>
<par>
<line>m</line></par>
</text>
</block>
<block><region><rect/></region>
<text>
<par>
<line>W</line></par>
</text>
</block>
<block><region><rect/></region>
<text>
<par>
<line>«</line></par>
</text>
</block>
<block><region><rect/></region>
<text>
<par>
<line>1</line></par>
</text>
</block>
<block><region><rect/></region>
<text>
<par/>
</text>
</block>
<block><region><rect/></region>
<text>
<par>
<line>◄</line></par>
</text>
</block>
<block><region><rect/></region>
<text>
<par/>
</text>
</block>
<block><region><rect/></region>
<text>
<par>
<line>\</line></par>
</text>
</block>
<block><region><rect/></region>
<text>
<par>
<line>'W</line></par>
</text>
</block>
<block><region><rect/></region>
<text>
<par>
<line>m</line></par>
</text>
</block>
<block><region><rect/></region>
<text>
<par>
<line>m</line></par>
</text>
</block>
<block><region><rect/></region>
<text>
<par/>
</text>
</block>
<block><region><rect/></region>
<text>
<par/>
</text>
</block>
<block><region><rect/></region>
<text>
<par/>
</text>
</block>
<block><region><rect/></region>
<text>
<par/>
</text>
</block>
<block><region><rect/></region>
<text>
<par/>
</text>
</block>
<block><region><rect/></region>
<text>
<par/>
</text>
</block>
<block><region><rect/></region>
<text>
<par>
<line>Sf</line></par>
</text>
</block>
<block><region><rect/></region>
<text>
<par/>
</text>
</block>
<block><region><rect/></region>
<text>
<par>
<line>m</line></par>
</text>
</block>
<block><region><rect/></region>
<text>
<par>
<line>mi</line></par>
</text>
</block>
<block><region><rect/></region>
<text>
<par>
<line>1</line></par>
</text>
</block>
<block><region><rect/></region>
<text>
<par>
<line>*</line></par>
</text>
</block>
<block><region><rect/></region>
<text>
<par>
<line>«</line></par>
</text>
</block>
<block><region><rect/></region>
<text>
<par>
<line>m</line></par>
</text>
</block>
<block><region><rect/></region>
<text>
<par/>
</text>
</block>
<block><region><rect/></region>
<text>
<par/>
</text>
</block>
<block><region><rect/></region>
<text>
<par>
<line>P|</line></par>
</text>
</block>
<block><region><rect/></region>
<text>
<par/>
</text>
</block>
<block><region><rect/></region>
<text>
<par>
<line>«</line></par>
</text>
</block>
<block><region><rect/></region>
<text>
<par>
<line>«</line></par>
</text>
</block>
<block><region><rect/></region>
<text>
<par>
<line>f*</line></par>
</text>
</block>
<block><region><rect/></region>
<text>
<par/>
</text>
</block>
<block><region><rect/></region>
<text>
<par/>
</text>
</block>
<block><region><rect/></region>
<text>
<par>
<line>•w</line></par>
</text>
</block>
<block><region><rect/><rect/></region>
<text>
<par>
<line>f</line></par>
</text>
</block>
<block><region><rect/></region>
<text>
<par/>
</text>
</block>
<block><region><rect/></region>
<text>
<par/>
</text>
</block>
<block><region><rect/></region>
<text>
<par>
<line>&amp;</line></par>
</text>
</block>
<block><region><rect/></region>
<text>
<par/>
</text>
</block>
<block><region><rect/></region>
<text>
<par>
<line>um</line></par>
</text>
</block>
<block><region><rect/></region>
<text>
<par>
<line>é,</line></par>
</text>
</block>
<block><region><rect/></region>
<text>
<par>
<line>%</line></par>
</text>
</block>
<block><region><rect/></region>
<text>
<par>
<line>7^</line></par>
</text>
</block>
<block><region><rect/></region>
<text>
<par>
<line>%</line></par>
</text>
</block>
<block><region><rect/></region>
<text>
<par/>
</text>
</block>
<block><region><rect/></region>
<text>
<par>
<line>iMf</line></par>
</text>
</block>
<block><region><rect/></region>
<text>
<par>
<line>S3?î</line></par>
</text>
</block>
<block><region><rect/></region>
<text>
<par>
<line>Desserte</line></par>
<par>
<line>routière</line></par>
<par>
<line>principale</line></par>
<par>
<line>Desserte</line></par>
<par>
<line>routière</line></par>
<par>
<line>secondaire</line></par>
</text>
</block>
<block><region><rect/></region>
<text>
<par>
<line>Continuités</line></par>
<par>
<line>piétonnes</line></par>
<par>
<line>Vues et ouvertures</line>
<line>sur le Journans à</line>
<line>préserver</line></par>
<par>
<line>Alignement du bâti et</line>
<line>hauteur (R+5) qui</line>
<line>marque l’espace public</line></par>
<par>
<line>Ouverture du tènement</line>
<line>Semcoda sur l’espace</line>
<line>public</line></par>
</text>
</block>
<block><region><rect/></region>
<text>
<par>
<line>Noues paysagées et</line>
<line>bassins d’orages</line></par>
</text>
</block>
<block><region><rect/></region>
<text>
<par>
<line>Espace public à</line>
<line>dominante végétale,</line>
<line>ouvert sur les berges du</line>
<line>Journans, ouvert au</line>
<line>Sud</line></par>
<par>
<line>Espace vert non</line>
<line>constructible : protection</line>
<line>du coteau et de la limite</line>
<line>aval deZNIEFF</line></par>
<par>
<line>limite aval de ZNIEFF</line></par>
</text>
</block>
<block><region><rect/></region>
<text>
<par>
<line>Le Journans</line></par>
</text>
</block>
<block><region><rect/></region>
<text>
<par>
<line>1. LE SITE</line></par>
<par>
<line>Un secteur de liaison entre le centre ville et les Vertes</line>
<line>Campagnes, lié à la redynamisation du centre ville et à la</line>
<line>déviation des flux du centre ville</line></par>
<par>
<line>2. LES ENJEUX</line></par>
<par>
<line>Assurer la liaison entre le centre et les Vertes Campagnes par la</line>
<line>création d’un espace public structurant.</line></par>
<par>
<line>3. LES ORIENTATIONS</line></par>
<par>
<line>- Un bâti qui accompagne l’espace public et s’organise en</line>
<line>volumétrie décroissante</line></par>
<par>
<line>- Un espace public qui accompagne la transition milieu</line>
<line>naturel/milieu urbain et qui ré-intègre les bâtiments de la Semcoda</line>
<line>dans l’environnement urbain</line></par>
<par>
<line>- Une volumétrie qui permet une faible emprise au sol, et privilégie</line>
<line>les espaces verts</line></par>
<par>
<line>- Un aménagement qui privilégie la mixité de produits immobilier :</line></par>
<par>
<line>Tertiaire et habitat sur l’espace public</line>
<line>Logements collectifs (R+5)</line></par>
<par>
<line>Logements intermédiaires (R+2 à R+4)</line></par>
<par>
<line>- Un maillage piétons et cycles</line></par>
<par>
<line>- Une voie principale avec noues et bassins paysagés</line></par>
<par>
<line>PAYSAGE</line></par>
<par>
<line>- préserver ou valoriser les cônes de vues sur le centre ville</line></par>
<par>
<line>- valoriser les abords du Journans</line></par>
<par>
<line>- qualité des espaces publics, espaces verts...</line></par>
<par>
<line>MILIEU NATUREL</line></par>
<par>
<line>- zone tampon à l’amont : espace de protection du coteau et de la</line>
<line>ZNIEFF</line></par>
<par>
<line>- supprimer le boisement de résineux, (masque solaire)</line></par>
</text>
</block>
<block><region><rect/></region>
<text>
<par/>
</text>
</block>
<block><region><rect/></region>
<text>
<par/>
</text>
</block>
<block><region><rect/></region>
<text>
<par/>
</text>
</block>
<block><region><rect/><rect/></region>
<text>
<par/>
</text>
</block>
<block><region><rect/></region>
<text>
<par/>
</text>
</block>
<block><region><rect/></region>
<text>
<par>
<line>a</line></par>
</text>
</block>
<block><region><rect/></region>
<text>
<par>
<line>■Â'</line></par>
</text>
</block>
<block><region><rect/></region>
<text>
<par/>
</text>
</block>
<block><region><rect/></region>
<text>
<par/>
</text>
</block>
<block><region><rect/></region>
<text>
<par/>
</text>
</block>
<block><region><rect/></region>
<text>
<par/>
</text>
</block>
<block><region><rect/></region>
<text>
<par/>
</text>
</block>
<block><region><rect/></region>
<text>
<par>
<line>L .</line></par>
</text>
</block>
<block><region><rect/></region>
<text>
<par>
<line>■</line></par>
</text>
</block>
<block><region><rect/></region>
<text>
<par>
<line>m</line></par>
</text>
</block>
<block><region><rect/></region>
<text>
<par>
<line>m</line></par>
</text>
</block>
<block><region><rect/></region>
<text>
<par>
<line>4. TRADUCTION PLU :</line></par>
<par>
<line>Zone 1AUb : COS de 0.60</line></par>
<par>
<line>Flauteurs : R+5+attique à l’aval. R+2 à l’amont</line></par>
<par>
<line>Densité dégressive de l’aval vers l’amont.</line></par>
<par>
<line>100% de logements collectifs ou intermédiaires. Dont 20% de</line>
<line>logements sociaux.</line></par>
<par>
<line>Stationnement : la moitié des places enterrées, le reste à</line>
<line>proximité immédiate de la voirie.</line></par>
</text>
</block>
<block><region><rect/></region>
<text>
<par>
<line>GEX- révision n°4 du PLU - Orientations d’Aménaaement- ÂDDrobation du 17.01.2011</line></par>
</text>
</block>





























<block blockType="Picture" blockName="" l="1424" t="1040" r="1504" b="1139"><region><rect/></region>
</block>
<block blockType="Picture" blockName="" l="4124" t="1167" r="4823" b="2734"><region><rect/></region>
</block>
</page>
<page width="4958" height="3496" resolution="300">
<block><region><rect/></region>
<text>
<par>
<line>RDfOOS</line></par>
</text>
</block>
<block><region><rect/></region>
<text>
<par>
<line>4-^</line></par>
</text>
</block>
<block><region><rect/></region>
<text>
<par>
<line>RD1005</line></par>
</text>
</block>
<block><region><rect/></region>
<text>
<par/>
</text>
</block>
<block><region><rect/></region>
<text>
<par/>
</text>
</block>
<block><region><rect/></region>
<text>
<par>
<line>.-&gt;•5</line></par>
</text>
</block>
<block><region><rect/></region>
<text>
<par/>
</text>
</block>
<block><region><rect/></region>
<text>
<par>
<line>Rue de</line>
<line>Rogeland</line></par>
</text>
</block>
<block><region><rect/></region>
<text>
<par>
<line>-</line></par>
</text>
</block>
<block><region><rect/></region>
<text>
<par>
<line>m</line></par>
</text>
</block>
<block><region><rect/></region>
<text>
<par>
<line>A</line></par>
</text>
</block>
<block><region><rect/></region>
<text>
<par>
<line>'jfe.</line></par>
</text>
</block>
<block><region><rect/><rect/></region>
<text>
<par/>
</text>
</block>
<block><region><rect/></region>
<text>
<par>
<line>54»,^</line></par>
</text>
</block>
<block><region><rect/></region>
<text>
<par>
<line>/</line></par>
</text>
</block>
<block><region><rect/></region>
<text>
<par>
<line>Amenagement</line></par>
<par>
<line>croisement</line></par>
</text>
</block>
<block><region><rect/></region>
<text>
<par>
<line>X</line></par>
</text>
</block>
<block><region><rect/></region>
<text>
<par>
<line>%</line></par>
</text>
</block>
<block><region><rect/></region>
<text>
<par/>
</text>
</block>
<block><region><rect/></region>
<text>
<par>
<line>54</line></par>
</text>
</block>
<block><region><rect/></region>
<text>
<par/>
</text>
</block>
<block><region><rect/></region>
<text>
<par>
<line>Ci</line></par>
</text>
</block>
<block><region><rect/></region>
<text>
<par>
<line>/</line></par>
</text>
</block>
<block><region><rect/></region>
<text>
<par/>
</text>
</block>
<block><region><rect/></region>
<text>
<par>
<line>Nouvelle voie a</line>
<line>créer</line></par>
</text>
</block>
<block><region><rect/></region>
<text>
<par>
<line>«..r</line></par>
</text>
</block>
<block><region><rect/></region>
<text>
<par/>
</text>
</block>
<block><region><rect/></region>
<text>
<par>
<line>Zdn</line></par>
</text>
</block>
<block><region><rect/></region>
<text>
<par/>
</text>
</block>
<block><region><rect/></region>
<text>
<par/>
</text>
</block>
<block><region><rect/></region>
<text>
<par/>
</text>
</block>
<block><region><rect/></region>
<text>
<par>
<line>-4</line></par>
</text>
</block>
<block><region><rect/></region>
<text>
<par/>
</text>
</block>
<block><region><rect/></region>
<text>
<par>
<line>*4, §1/ urbanisée</line></par>
<par>
<line>""’V urbaniser„i\ ,&gt;</line></par>
</text>
</block>
<block><region><rect/></region>
<text>
<par>
<line>!K</line></par>
</text>
</block>
<block><region><rect/></region>
<text>
<par>
<line>Principe de</line>
<line>desserte</line></par>
</text>
</block>
<block><region><rect/></region>
<text>
<par/>
</text>
</block>
<block><region><rect/></region>
<text>
<par/>
</text>
</block>
<block><region><rect/></region>
<text>
<par/>
</text>
</block>
<block><region><rect/></region>
<text>
<par>
<line>1AUd</line></par>
</text>
</block>
<block><region><rect/></region>
<text>
<par/>
</text>
</block>
<block><region><rect/></region>
<text>
<par>
<line>»</line></par>
</text>
</block>
<block><region><rect/></region>
<text>
<par/>
</text>
</block>
<block><region><rect/></region>
<text>
<par>
<line>a#</line></par>
</text>
</block>
<block><region><rect/></region>
<text>
<par/>
</text>
</block>
<block><region><rect/></region>
<text>
<par/>
</text>
</block>
<block><region><rect/></region>
<text>
<par/>
</text>
</block>
<block><region><rect/></region>
<text>
<par>
<line>Continuités</line></par>
<par>
<line>piétonnes</line></par>
</text>
</block>
<block><region><rect/></region>
<text>
<par/>
</text>
</block>
<block><region><rect/></region>
<text>
<par/>
</text>
</block>
<block><region><rect/></region>
<text>
<par/>
</text>
</block>
<block><region><rect/></region>
<text>
<par/>
</text>
</block>
<block><region><rect/></region>
<text>
<par/>
</text>
</block>
<block><region><rect/></region>
<text>
<par/>
</text>
</block>
<block><region><rect/></region>
<text>
<par/>
</text>
</block>
<block><region><rect/></region>
<text>
<par/>
</text>
</block>
<block><region><rect/></region>
<text>
<par>
<line>Boisements a</line>
<line>préserver</line></par>
</text>
</block>
<block><region><rect/></region>
<text>
<par/>
</text>
</block>
<block><region><rect/></region>
<text>
<par/>
</text>
</block>
<block><region><rect/></region>
<text>
<par>
<line>l 'Æ</line></par>
<par>
<line>PIpoaM^d, 'mi..,</line></par>
</text>
</block>
<block><region><rect/></region>
<text>
<par>
<line>♦</line></par>
</text>
</block>
<block><region><rect/></region>
<text>
<par>
<line>I</line></par>
</text>
</block>
<block><region><rect/></region>
<text>
<par/>
</text>
</block>
<block><region><rect/></region>
<text>
<par/>
</text>
</block>
<block><region><rect/></region>
<text>
<par>
<line>Haie a</line>
<line>préserver</line></par>
</text>
</block>
<block><region><rect/></region>
<text>
<par>
<line>♦</line></par>
</text>
</block>
<block><region><rect/></region>
<text>
<par/>
</text>
</block>
<block><region><rect/></region>
<text>
<par>
<line>#</line></par>
</text>
</block>
<block><region><rect/></region>
<text>
<par/>
</text>
</block>
<block><region><rect/></region>
<text>
<par/>
</text>
</block>
<block><region><rect/></region>
<text>
<par/>
</text>
</block>
<block><region><rect/></region>
<text>
<par>
<line>. » “Kl •»-#. -</line></par>
</text>
</block>
<block><region><rect/></region>
<text>
<par/>
</text>
</block>
<block><region><rect/><rect/></region>
<text>
<par/>
</text>
</block>
<block><region><rect/></region>
<text>
<par>
<line>p i ;</line></par>
<par>
<line>4 • Liaison*Dîéteiinnfeo i</line></par>
</text>
</block>
<block><region><rect/></region>
<text>
<par/>
</text>
</block>
<block><region><rect/></region>
<text>
<par>
<line>«</line></par>
</text>
</block>
<block><region><rect/></region>
<text>
<par>
<line>i»i</line></par>
</text>
</block>
<block><region><rect/></region>
<text>
<par/>
</text>
</block>
<block><region><rect/></region>
<text>
<par/>
</text>
</block>
<block><region><rect/></region>
<text>
<par>
<line>f€^i</line></par>
</text>
</block>
<block><region><rect/></region>
<text>
<par>
<line>m</line></par>
</text>
</block>
<block><region><rect/></region>
<text>
<par>
<line>T%</line></par>
</text>
</block>
<block><region><rect/></region>
<text>
<par/>
</text>
</block>
<block><region><rect/></region>
<text>
<par/>
</text>
</block>
<block><region><rect/><rect/></region>
<text>
<par>
<line>5#r''</line></par>
</text>
</block>
<block><region><rect/></region>
<text>
<par/>
</text>
</block>
<block><region><rect/></region>
<text>
<par/>
</text>
</block>
<block><region><rect/></region>
<text>
<par/>
</text>
</block>
<block><region><rect/></region>
<text>
<par>
<line>*</line></par>
</text>
</block>
<block><region><rect/><rect/><rect/></region>
<text>
<par>
<line>ISPACg ^ . . i</line></par>
<par>
<line>^PERDTÉMPS ^ -</line></par>
</text>
</block>
<block><region><rect/></region>
<text>
<par>
<line>i</line></par>
</text>
</block>
<block><region><rect/></region>
<text>
<par>
<line>f'fiSël</line></par>
<par>
<line>‘•k.&amp;àF’i.EX ''-Xliii'^:!' •'■'?-*•* !i</line></par>
</text>
</block>
<block><region><rect/></region>
<text>
<par>
<line>m</line></par>
</text>
</block>
<block><region><rect/><rect/><rect/></region>
<text>
<par>
<line>4*«î</line></par>
<par>
<line>:jÿ“« '</line></par>
</text>
</block>
<block><region><rect/></region>
<text>
<par>
<line>i</line></par>
</text>
</block>
<block><region><rect/></region>
<text>
<par/>
</text>
</block>
<block><region><rect/></region>
<text>
<par>
<line>m</line></par>
</text>
</block>
<block><region><rect/><rect/></region>
<text>
<par>
<line>S-i'* "TP.'W 1</line></par>
<par>
<line>#|! ii-'.-'A. \ .•^^1</line></par>
</text>
</block>
<block><region><rect/></region>
<text>
<par>
<line>il</line></par>
</text>
</block>
<block><region><rect/></region>
<text>
<par/>
</text>
</block>
<block><region><rect/></region>
<text>
<par>
<line>i</line></par>
</text>
</block>
<block><region><rect/></region>
<text>
<par>
<line>AW</line></par>
</text>
</block>
<block><region><rect/></region>
<text>
<par/>
</text>
</block>
<block><region><rect/></region>
<text>
<par/>
</text>
</block>
<block><region><rect/></region>
<text>
<par/>
</text>
</block>
<block><region><rect/></region>
<text>
<par/>
</text>
</block>
<block><region><rect/></region>
<text>
<par/>
</text>
</block>
<block><region><rect/><rect/><rect/></region>
<text>
<par/>
</text>
</block>
<block><region><rect/></region>
<text>
<par/>
</text>
</block>
<block><region><rect/></region>
<text>
<par>
<line>■Jîi£</line></par>
</text>
</block>
<block><region><rect/></region>
<text>
<par>
<line>ivp. ,• i;,!. ^ ■ Fà</line></par>
<par>
<line>j ’ïL-à iffi</line></par>
</text>
</block>
<block><region><rect/></region>
<text>
<par/>
</text>
</block>
<block><region><rect/></region>
<text>
<par>
<line>i</line></par>
</text>
</block>
<block><region><rect/></region>
<text>
<par/>
</text>
</block>
<block><region><rect/></region>
<text>
<par>
<line>1?^</line></par>
</text>
</block>
<block><region><rect/></region>
<text>
<par/>
</text>
</block>
<block><region><rect/></region>
<text>
<par>
<line>æâ{.12: . •.</line></par>
</text>
</block>
<block><region><rect/></region>
<text>
<par/>
</text>
</block>
<block><region><rect/></region>
<text>
<par>
<line>4l1i</line></par>
</text>
</block>
<block><region><rect/></region>
<text>
<par/>
</text>
</block>
<block><region><rect/></region>
<text>
<par>
<line>■Tr^</line></par>
</text>
</block>
<block><region><rect/></region>
<text>
<par/>
</text>
</block>
<block><region><rect/></region>
<text>
<par>
<line>jâk</line></par>
</text>
</block>
<block><region><rect/></region>
<text>
<par>
<line>41^</line></par>
</text>
</block>
<block><region><rect/></region>
<text>
<par>
<line>i</line></par>
</text>
</block>
<block><region><rect/></region>
<text>
<par/>
</text>
</block>
<block><region><rect/></region>
<text>
<par>
<line>i»</line></par>
</text>
</block>
<block><region><rect/></region>
<text>
<par>
<line>im-**</line></par>
</text>
</block>
<block><region><rect/></region>
<text>
<par>
<line>LE SITE</line></par>
<par>
<line>Un site relativement indépendant, en position de balcon, avec le</line>
<line>pourtour et la partie aval boisée (pins méridionaux).</line></par>
<par>
<line>Qualité du parc.</line></par>
<par>
<line>Longé par la RD 1005 et la rue de Rogeland.</line></par>
</text>
</block>
<block><region><rect/></region>
<text>
<par>
<line>LES ENJEUX</line></par>
<par>
<line>Un enjeu de sécurisation des déplacements (connexion sur la rue</line>
<line>de Rogeland, desserte de l’opération en cours les Terrasses de</line>
<line>Gex) et de requalification de cette entrée dans le centre de Gex</line>
<line>(objectif affiché dans les orientations du PADD)</line></par>
<par>
<line>Objectif général :</line></par>
<par>
<line>- améliorer la desserte du secteur</line></par>
<par>
<line>- réaliser un projet d’intérêt collectif sur les terrains communaux :</line>
<line>une maison relais et un programme mixte de logements sociaux et</line>
<line>logements en accession.</line></par>
</text>
</block>
<block><region><rect/></region>
<text>
<par>
<line>LES ORIENTATIONS</line></par>
<par>
<line>DEPLACEMENTS :</line></par>
<par>
<line>- l’accès est imposé sur la nouvelle voie à aménager</line></par>
<par>
<line>- un maillage piéton le long de la rue de Rogeland assurera la</line>
<line>liaison vers l’espace Perdtemps et le centre ville.</line></par>
<par>
<line>PAYSAGE et ECOLOGIE: préserver la trame boisée du site :</line></par>
<par>
<line>Élaborer un projet respectueux du site dont le caractère apporte</line>
<line>un plus dans le projet.(Présence de grands arbres, conifères (pins</line>
<line>méridionaux) en pourtour et au cœur de la zone).</line></par>
<par>
<line>Préserver la haie sur la rue de Rogeland (ou la reconstituer en cas</line>
<line>de travaux nécessitant une ouverture dans l’alignement).</line></par>
<par>
<line>Préserver l’ambiance du site.</line></par>
</text>
</block>
<block><region><rect/></region>
<text>
<par>
<line>TRADUCTION PLU</line></par>
<par>
<line>Zone lAUc (COS de 0.40)</line></par>
<par>
<line>Hauteurs : R+2+attique</line></par>
<par>
<line>Dominante habitat groupé, dont plus de 50% de logements</line>
<line>sociaux (en prenant en compte la maison relais).</line></par>
</text>
</block>
<block><region><rect/><rect/><rect/></region>
<text>
<par/>
</text>
</block>
<block><region><rect/></region>
<text>
<par>
<line>'iV'-îi-</line></par>
</text>
</block>
<block><region><rect/><rect/><rect/><rect/><rect/></region>
<text>
<par>
<line>jty/s /-■* '</line></par>
<par>
<line>• "-tî.</line></par>
</text>
</block>
<block><region><rect/><rect/></region>
<text>
<par>
<line>À- '.■•■*. il ■ -ir</line></par>
<par>
<line>iK syê</line></par>
</text>
</block>
<block><region><rect/><rect/><rect/></region>
<text>
<par>
<line>y-' ...vr--'#-,</line></par>
</text>
</block>
<block><region><rect/><rect/><rect/></region>
<text>
<par/>
</text>
</block>
<block><region><rect/></region>
<text>
<par/>
</text>
</block>
<block><region><rect/></region>
<text>
<par/>
</text>
</block>
<block><region><rect/></region>
<text>
<par>
<line>-TT!V.#*y-F</line></par>
</text>
</block>
<block><region><rect/></region>
<text>
<par/>
</text>
</block>
<block><region><rect/></region>
<text>
<par>
<line>\i</line></par>
</text>
</block>
<block><region><rect/></region>
<text>
<par/>
</text>
</block>
<block><region><rect/></region>
<text>
<par>
<line>m</line></par>
</text>
</block>
<block><region><rect/></region>
<text>
<par>
<line>'é.</line></par>
</text>
</block>
<block><region><rect/></region>
<text>
<par>
<line>f-'</line></par>
</text>
</block>
<block><region><rect/></region>
<text>
<par>
<line>w</line></par>
</text>
</block>
<block><region><rect/></region>
<text>
<par>
<line>-y\</line></par>
</text>
</block>
<block><region><rect/><rect/><rect/><rect/><rect/></region>
<text>
<par/>
</text>
</block>
<block><region><rect/></region>
<text>
<par/>
</text>
</block>
<block><region><rect/></region>
<text>
<par>
<line>r /■ ÆL</line></par>
</text>
</block>
<block><region><rect/></region>
<text>
<par/>
</text>
</block>
<block><region><rect/></region>
<text>
<par/>
</text>
</block>
<block><region><rect/></region>
<text>
<par/>
</text>
</block>
<block><region><rect/></region>
<text>
<par>
<line>i- .n ■'a' !l</line></par>
</text>
</block>
<block><region><rect/></region>
<text>
<par>
<line>GEX - révision n°4 du PLU - Orientations d’Aménaaement- Anorobation du 17.01.2011</line></par>
</text>
</block>
<block><region><rect/></region>
<text>
<par>
<line>3</line></par>
</text>
</block>























</page>
<page width="4950" height="3496" resolution="300">
<block><region><rect/></region>
<text>
<par/>
</text>
</block>
<block><region><rect/></region>
<text>
<par/>
</text>
</block>
<block><region><rect/></region>
<text>
<par/>
</text>
</block>
<block><region><rect/></region>
<text>
<par>
<line>a</line></par>
</text>
</block>
<block><region><rect/></region>
<text>
<par>
<line>§</line></par>
</text>
</block>
<block><region><rect/></region>
<text>
<par/>
</text>
</block>
<block><region><rect/></region>
<text>
<par>
<line>A</line></par>
</text>
</block>
<block><region><rect/></region>
<text>
<par/>
</text>
</block>
<block><region><rect/></region>
<text>
<par/>
</text>
</block>
<block><region><rect/></region>
<text>
<par/>
</text>
</block>
<block><region><rect/></region>
<text>
<par>
<line>■ *“.»■ . Z-.‘^''J"il</line></par>
</text>
</block>
<block><region><rect/></region>
<text>
<par>
<line>K^Sï</line></par>
</text>
</block>
<block><region><rect/></region>
<text>
<par/>
</text>
</block>
<block><region><rect/></region>
<text>
<par>
<line>■5^</line></par>
</text>
</block>
<block><region><rect/></region>
<text>
<par/>
</text>
</block>
<block><region><rect/></region>
<text>
<par/>
</text>
</block>
<block><region><rect/></region>
<text>
<par/>
</text>
</block>
<block><region><rect/></region>
<text>
<par>
<line>AJS</line></par>
</text>
</block>
<block><region><rect/></region>
<text>
<par/>
</text>
</block>
<block><region><rect/></region>
<text>
<par/>
</text>
</block>
<block><region><rect/></region>
<text>
<par/>
</text>
</block>
<block><region><rect/><rect/><rect/></region>
<text>
<par>
<line>■.;'»'*' . ;.. .",*; i V'....&lt;7.; »• *</line></par>
<par>
<line>' ' &lt;* 'è'»’: •’'* v 'ir’'***’''"</line></par>
</text>
</block>
<block><region><rect/></region>
<text>
<par/>
</text>
</block>
<block><region><rect/></region>
<text>
<par>
<line>^at0KS■tpau^i•:</line></par>
</text>
</block>
<block><region><rect/></region>
<text>
<par>
<line>SS&amp;ç*’-ï~ •■-i.Y'.'îAw'SfW'^î:*’-</line></par>
<par>
<line>r • • ^ -, ■»</line></par>
</text>
</block>
<block><region><rect/></region>
<text>
<par/>
</text>
</block>
<block><region><rect/></region>
<text>
<par>
<line>U?</line></par>
</text>
</block>
<block><region><rect/></region>
<text>
<par>
<line>«T»"</line></par>
</text>
</block>
<block><region><rect/></region>
<text>
<par>
<line>î</line></par>
</text>
</block>
<block><region><rect/></region>
<text>
<par>
<line>f "•</line></par>
</text>
</block>
<block><region><rect/></region>
<text>
<par>
<line>S'A</line></par>
</text>
</block>
<block><region><rect/></region>
<text>
<par/>
</text>
</block>
<block><region><rect/></region>
<text>
<par>
<line>55?</line></par>
</text>
</block>
<block><region><rect/></region>
<text>
<par/>
</text>
</block>
<block><region><rect/></region>
<text>
<par>
<line>Corridor</line></par>
</text>
</block>
<block><region><rect/></region>
<text>
<par/>
</text>
</block>
<block><region><rect/></region>
<text>
<par>
<line>transversa</line></par>
</text>
</block>
<block><region><rect/></region>
<text>
<par/>
</text>
</block>
<block><region><rect/></region>
<text>
<par/>
</text>
</block>
<block><region><rect/></region>
<text>
<par>
<line>-isP^I</line></par>
</text>
</block>
<block><region><rect/></region>
<text>
<par>
<line>ib</line></par>
</text>
</block>
<block><region><rect/></region>
<text>
<par>
<line>'fl</line></par>
</text>
</block>
<block><region><rect/></region>
<text>
<par>
<line>ÿ 'PP</line></par>
<par>
<line>uLvIHSP</line></par>
</text>
</block>
<block><region><rect/></region>
<text>
<par>
<line>m</line></par>
</text>
</block>
<block><region><rect/></region>
<text>
<par/>
</text>
</block>
<block><region><rect/></region>
<text>
<par/>
</text>
</block>
<block><region><rect/></region>
<text>
<par>
<line>»</line></par>
</text>
</block>
<block><region><rect/></region>
<text>
<par>
<line>&gt;</line></par>
<par>
<line>V’</line></par>
</text>
</block>
<block><region><rect/></region>
<text>
<par/>
</text>
</block>
<block><region><rect/></region>
<text>
<par/>
</text>
</block>
<block><region><rect/></region>
<text>
<par/>
</text>
</block>
<block><region><rect/></region>
<text>
<par/>
</text>
</block>
<block><region><rect/><rect/><rect/></region>
<text>
<par/>
</text>
</block>
<block><region><rect/></region>
<text>
<par>
<line>■</line></par>
</text>
</block>
<block><region><rect/></region>
<text>
<par>
<line>ÜP</line></par>
</text>
</block>
<block><region><rect/></region>
<text>
<par>
<line>in</line></par>
</text>
</block>
<block><region><rect/></region>
<text>
<par/>
</text>
</block>
<block><region><rect/></region>
<text>
<par/>
</text>
</block>
<block><region><rect/></region>
<text>
<par>
<line>Corridor</line></par>
</text>
</block>
<block><region><rect/></region>
<text>
<par>
<line>li</line></par>
</text>
</block>
<block><region><rect/></region>
<text>
<par>
<line>transversal</line></par>
<par>
<line>^■•- -p-.'r''-'S-?’^\&gt;^^^'^^'S^</line></par>
<par>
<line>^'' r 7* r ^</line></par>
<par>
<line>-.m: -r:.</line></par>
</text>
</block>
<block><region><rect/></region>
<text>
<par>
<line>li</line></par>
</text>
</block>
<block><region><rect/></region>
<text>
<par/>
</text>
</block>
<block><region><rect/></region>
<text>
<par>
<line>■m</line></par>
</text>
</block>
<block><region><rect/></region>
<text>
<par>
<line>iiÉ</line></par>
</text>
</block>
<block><region><rect/></region>
<text>
<par/>
</text>
</block>
<block><region><rect/></region>
<text>
<par>
<line>m</line></par>
</text>
</block>
<block><region><rect/></region>
<text>
<par>
<line>ÈM</line></par>
</text>
</block>
<block><region><rect/></region>
<text>
<par>
<line>i#ii</line></par>
</text>
</block>
<block><region><rect/></region>
<text>
<par>
<line>M</line></par>
</text>
</block>
<block><region><rect/></region>
<text>
<par>
<line>Espace</line></par>
<par>
<line>tampon</line></par>
</text>
</block>
<block><region><rect/></region>
<text>
<par/>
</text>
</block>
<block><region><rect/></region>
<text>
<par/>
</text>
</block>
<block><region><rect/></region>
<text>
<par>
<line>&lt;/</line></par>
</text>
</block>
<block><region><rect/></region>
<text>
<par>
<line>m</line></par>
</text>
</block>
<block><region><rect/></region>
<text>
<par>
<line>m</line></par>
</text>
</block>
<block><region><rect/></region>
<text>
<par>
<line>P</line></par>
<par>
<line>»</line></par>
</text>
</block>
<block><region><rect/></region>
<text>
<par/>
</text>
</block>
<block><region><rect/></region>
<text>
<par>
<line>*</line></par>
</text>
</block>
<block><region><rect/></region>
<text>
<par>
<line>éé</line></par>
</text>
</block>
<block><region><rect/></region>
<text>
<par/>
</text>
</block>
<block><region><rect/></region>
<text>
<par/>
</text>
</block>
<block><region><rect/></region>
<text>
<par/>
</text>
</block>
<block><region><rect/></region>
<text>
<par>
<line>4</line></par>
</text>
</block>
<block><region><rect/></region>
<text>
<par>
<line>m</line></par>
</text>
</block>
<block><region><rect/></region>
<text>
<par/>
</text>
</block>
<block><region><rect/></region>
<text>
<par>
<line>r*</line></par>
</text>
</block>
<block><region><rect/></region>
<text>
<par>
<line>m</line></par>
</text>
</block>
<block><region><rect/></region>
<text>
<par>
<line>iW</line></par>
</text>
</block>
<block><region><rect/></region>
<text>
<par>
<line>m</line></par>
</text>
</block>
<block><region><rect/></region>
<text>
<par>
<line>m.</line></par>
</text>
</block>
<block><region><rect/></region>
<text>
<par>
<line>W</line></par>
</text>
</block>
<block><region><rect/></region>
<text>
<par/>
</text>
</block>
<block><region><rect/></region>
<text>
<par>
<line>m</line></par>
</text>
</block>
<block><region><rect/></region>
<text>
<par>
<line>m</line></par>
</text>
</block>
<block><region><rect/></region>
<text>
<par>
<line>11</line></par>
</text>
</block>
<block><region><rect/><rect/></region>
<text>
<par/>
</text>
</block>
<block><region><rect/></region>
<text>
<par/>
</text>
</block>
<block><region><rect/></region>
<text>
<par/>
</text>
</block>
<block><region><rect/></region>
<text>
<par>
<line>4</line></par>
</text>
</block>
<block><region><rect/></region>
<text>
<par/>
</text>
</block>
<block><region><rect/></region>
<text>
<par>
<line>A</line></par>
</text>
</block>
<block><region><rect/></region>
<text>
<par>
<line>m</line></par>
</text>
</block>
<block><region><rect/></region>
<text>
<par>
<line>Æ</line></par>
</text>
</block>
<block><region><rect/></region>
<text>
<par>
<line>■Æ</line></par>
</text>
</block>
<block><region><rect/></region>
<text>
<par/>
</text>
</block>
<block><region><rect/></region>
<text>
<par/>
</text>
</block>
<block><region><rect/></region>
<text>
<par/>
</text>
</block>
<block><region><rect/></region>
<text>
<par/>
</text>
</block>
<block><region><rect/></region>
<text>
<par/>
</text>
</block>
<block><region><rect/></region>
<text>
<par>
<line>*</line></par>
</text>
</block>
<block><region><rect/></region>
<text>
<par>
<line>U</line></par>
</text>
</block>
<block><region><rect/></region>
<text>
<par/>
</text>
</block>
<block><region><rect/></region>
<text>
<par/>
</text>
</block>
<block><region><rect/></region>
<text>
<par>
<line>»</line></par>
</text>
</block>
<block><region><rect/></region>
<text>
<par>
<line>m</line></par>
</text>
</block>
<block><region><rect/></region>
<text>
<par>
<line>C53</line></par>
</text>
</block>
<block><region><rect/></region>
<text>
<par>
<line>connexion</line>
<line>future avec</line>
<line>zone AU av</line></par>
</text>
</block>
<block><region><rect/></region>
<text>
<par>
<line>m</line></par>
</text>
</block>
<block><region><rect/></region>
<text>
<par>
<line>■Æ</line></par>
</text>
</block>
<block><region><rect/></region>
<text>
<par>
<line>iTm</line></par>
</text>
</block>
<block><region><rect/></region>
<text>
<par>
<line>ÉM</line></par>
</text>
</block>
<block><region><rect/></region>
<text>
<par>
<line>m</line></par>
</text>
</block>
<block><region><rect/></region>
<text>
<par>
<line>m.</line></par>
</text>
</block>
<block><region><rect/></region>
<text>
<par>
<line>a va</line></par>
</text>
</block>
<block><region><rect/></region>
<text>
<par>
<line>i.</line></par>
</text>
</block>
<block><region><rect/></region>
<text>
<par>
<line>i</line></par>
</text>
</block>
<block><region><rect/></region>
<text>
<par>
<line>-O</line></par>
</text>
</block>
<block><region><rect/></region>
<text>
<par>
<line>-1</line></par>
</text>
</block>
<block><region><rect/></region>
<text>
<par>
<line>il</line></par>
</text>
</block>
<block><region><rect/></region>
<text>
<par>
<line>PRS</line></par>
</text>
</block>
<block><region><rect/></region>
<text>
<par>
<line>«hs le PLU</line>
<line>serve</line></par>
</text>
</block>
<block><region><rect/></region>
<text>
<par>
<line>îâi;</line></par>
</text>
</block>
<block><region><rect/></region>
<text>
<par/>
</text>
</block>
<block><region><rect/></region>
<text>
<par>
<line>m</line></par>
</text>
</block>
<block><region><rect/></region>
<text>
<par>
<line>m</line></par>
</text>
</block>
<block><region><rect/></region>
<text>
<par/>
</text>
</block>
<block><region><rect/></region>
<text>
<par>
<line>Desserte</line></par>
<par>
<line>routière</line></par>
<par>
<line>principale</line></par>
<par>
<line>Desserte</line>
<line>P- routière</line>
<line>secondaire</line></par>
</text>
</block>
<block><region><rect/></region>
<text>
<par>
<line>Continuités</line></par>
<par>
<line>piétonnes</line></par>
</text>
</block>
<block><region><rect/></region>
<text>
<par>
<line>Espaces</line></par>
<par>
<line>tampon</line></par>
</text>
</block>
<block><region><rect/></region>
<text>
<par>
<line>Corridors</line>
<line>écologiques</line>
<line>® " à créer,</line></par>
<par>
<line>préserver</line></par>
</text>
</block>
<block><region><rect/><rect/><rect/></region>
<text>
<par>
<line>Groupe</line>
<line>d’urbanisation</line>
<line>'(représentation</line>
<line>symbolique)</line></par>
</text>
</block>
<block><region><rect/></region>
<text>
<par>
<line>LE SITE</line></par>
<par>
<line>Situé dans un environnement de maisons individuelles.</line></par>
<par>
<line>LES ENJEUX</line></par>
<par>
<line>Cohérence de l’urbanisation et principes environnementaux à décliner.</line></par>
<par>
<line>LES ORIENTATIONS RETENUES</line></par>
<par>
<line>URBANISATION</line></par>
<par>
<line>Préserver deux "grappes" d'urbanisation avec des coupures vertes bien</line>
<line>traitées (plutôt qu'une urbanisation étalée sur toute la zone)</line></par>
<par>
<line>Décliner des principes architecturaux favorisant l'implantation de</line>
<line>constructions bioclimatiques et performantes énergétiquement.</line></par>
<par>
<line>Favoriser la réalisation d'une densité adaptée au secteur, à son</line>
<line>environnement bâti et son niveau de desserte : la zone est destinée à</line>
<line>accueillir plutôt des logements individuels, isolés ou groupés. La</line>
<line>proportion d'espaces verts incitera à regrouper le bâti.</line></par>
<par>
<line>FONCTIONNEMENT</line></par>
<par>
<line>Principes de desserte routière et continuités piétonnes, afin de favoriser</line>
<line>les perméabilités : liaisons avec la zone 2AU située à l’aval (cf planche 7)</line></par>
<par>
<line>PAYSAGE</line></par>
<par>
<line>Préserver et valoriser les vues aval et amont.</line></par>
<par>
<line>Traitement des espaces publics</line></par>
<par>
<line>GESTION ALTERNATIVE DES EAUX PLUVIALES</line></par>
<par>
<line>Cf dispositions communes à toutes les zones.</line></par>
<par>
<line>MILIEU NATUREL</line></par>
<par>
<line>Biodiversité et corridors écologiques ; préserver un espace tampon le</line>
<line>long des berges du Journans : espace à maintenir ouvert, pouvant jouer</line>
<line>le rôle d’espace vert collectif et pour la gestion des eaux pluviales</line>
<line>(bassin de rétention paysager).</line></par>
</text>
</block>
<block><region><rect/><rect/><rect/><rect/><rect/><rect/><rect/><rect/><rect/></region>
<text>
<par>
<line>iWa/L ■.</line></par>
<par>
<line>t-.:-* 1 I, • '</line></par>
<par>
<line>“■ .4'</line></par>
<par>
<line>Ts-' ■■</line></par>
<par>
<line>■, P *r i" ‘ ■</line></par>
<par>
<line>V» ,</line></par>
</text>
</block>
<block><region><rect/></region>
<text>
<par>
<line>4-</line></par>
<par>
<line>■'A; \</line></par>
</text>
</block>
<block><region><rect/></region>
<text>
<par/>
</text>
</block>
<block><region><rect/><rect/><rect/><rect/><rect/><rect/><rect/><rect/></region>
<text>
<par>
<line>• '*■ - V . J:X.</line></par>
</text>
</block>
<block><region><rect/></region>
<text>
<par>
<line>&gt;i3Sa</line></par>
</text>
</block>
<block><region><rect/></region>
<text>
<par/>
</text>
</block>
<block><region><rect/></region>
<text>
<par/>
</text>
</block>
<block><region><rect/></region>
<text>
<par/>
</text>
</block>
<block><region><rect/></region>
<text>
<par>
<line>-</line></par>
</text>
</block>
<block><region><rect/><rect/></region>
<text>
<par/>
</text>
</block>
<block><region><rect/></region>
<text>
<par/>
</text>
</block>
<block><region><rect/></region>
<text>
<par/>
</text>
</block>
<block><region><rect/></region>
<text>
<par/>
</text>
</block>
<block><region><rect/></region>
<text>
<par>
<line>”</line></par>
</text>
</block>
<block><region><rect/></region>
<text>
<par/>
</text>
</block>
<block><region><rect/></region>
<text>
<par/>
</text>
</block>
<block><region><rect/></region>
<text>
<par/>
</text>
</block>
<block><region><rect/></region>
<text>
<par/>
</text>
</block>
<block><region><rect/></region>
<text>
<par>
<line>M</line></par>
</text>
</block>
<block><region><rect/></region>
<text>
<par>
<line>m</line></par>
</text>
</block>
<block><region><rect/></region>
<text>
<par/>
</text>
</block>
<block><region><rect/><rect/></region>
<text>
<par>
<line>.ia,^</line></par>
</text>
</block>
<block><region><rect/></region>
<text>
<par/>
</text>
</block>
<block><region><rect/></region>
<text>
<par/>
</text>
</block>
<block><region><rect/></region>
<text>
<par>
<line>m</line></par>
</text>
</block>
<block><region><rect/></region>
<text>
<par/>
</text>
</block>
<block><region><rect/></region>
<text>
<par>
<line>TRADUCTION PLU :</line></par>
<par>
<line>Zone 1AUc : COS de 0.40</line>
<line>Flauteurs : R+1</line></par>
<par>
<line>Dominante individuel isolé ou groupé (une forme d’habitat « collectif »</line>
<line>adaptée su site) Dont 20% de logements sociaux.</line></par>
</text>
</block>
<block><region><rect/></region>
<text>
<par>
<line>GEX- révision n°4 du PLU - Orientations d’Aménaoement- ADorobation du 17.01.2011</line></par>
</text>
</block>
<block><region><rect/></region>
<text>
<par>
<line>4</line></par>
</text>
</block>
























</page>
<page width="4950" height="3492" resolution="300">
<block><region><rect/></region>
<text>
<par/>
</text>
</block>
<block><region><rect/><rect/></region>
<text>
<par>
<line>. ^-^Espacéagricole preserve, et</line></par>
</text>
</block>
<block><region><rect/></region>
<text>
<par/>
</text>
</block>
<block><region><rect/></region>
<text>
<par/>
</text>
</block>
<block><region><rect/><rect/></region>
<text>
<par>
<line>r corridor écologique le long du</line>
<line>I Journans</line></par>
</text>
</block>
<block><region><rect/></region>
<text>
<par>
<line>mm</line></par>
</text>
</block>
<block><region><rect/></region>
<text>
<par>
<line>fÆ</line></par>
</text>
</block>
<block><region><rect/></region>
<text>
<par/>
</text>
</block>
<block><region><rect/></region>
<text>
<par/>
</text>
</block>
<block><region><rect/></region>
<text>
<par>
<line>m</line></par>
</text>
</block>
<block><region><rect/></region>
<text>
<par/>
</text>
</block>
<block><region><rect/></region>
<text>
<par/>
</text>
</block>
<block><region><rect/></region>
<text>
<par>
<line>Coupe de principe sur voirie :</line></par>
<par>
<line>voie+noue+cheminement piéton</line></par>
</text>
</block>
<block><region><rect/></region>
<text>
<par>
<line>I»' jàc"ê</line></par>
</text>
</block>
<block><region><rect/></region>
<text>
<par>
<line>*</line></par>
</text>
</block>
<block><region><rect/></region>
<text>
<par>
<line>m</line></par>
</text>
</block>
<block><region><rect/></region>
<text>
<par/>
</text>
</block>
<block><region><rect/></region>
<text>
<par/>
</text>
</block>
<block><region><rect/></region>
<text>
<par/>
</text>
</block>
<block><region><rect/></region>
<text>
<par>
<line>î</line></par>
</text>
</block>
<block><region><rect/></region>
<text>
<par/>
</text>
</block>
<block><region><rect/></region>
<text>
<par/>
</text>
</block>
<block><region><rect/></region>
<text>
<par/>
</text>
</block>
<block><region><rect/></region>
<text>
<par/>
</text>
</block>
<block><region><rect/></region>
<text>
<par>
<line>feg^</line></par>
</text>
</block>
<block><region><rect/></region>
<text>
<par>
<line>it</line></par>
</text>
</block>
<block><region><rect/></region>
<text>
<par>
<line>T.</line></par>
</text>
</block>
<block><region><rect/></region>
<text>
<par>
<line>«</line></par>
</text>
</block>
<block><region><rect/></region>
<text>
<par>
<line>Mf.;</line></par>
</text>
</block>
<block><region><rect/></region>
<text>
<par>
<line>w.</line></par>
</text>
</block>
<block><region><rect/></region>
<text>
<par/>
</text>
</block>
<block><region><rect/></region>
<text>
<par>
<line>&amp;</line></par>
</text>
</block>
<block><region><rect/></region>
<text>
<par/>
</text>
</block>
<block><region><rect/></region>
<text>
<par/>
</text>
</block>
<block><region><rect/></region>
<text>
<par/>
</text>
</block>
<block><region><rect/></region>
<text>
<par>
<line>M</line></par>
</text>
</block>
<block><region><rect/></region>
<text>
<par/>
</text>
</block>
<block><region><rect/></region>
<text>
<par/>
</text>
</block>
<block><region><rect/></region>
<text>
<par>
<line>M</line></par>
</text>
</block>
<block><region><rect/></region>
<text>
<par/>
</text>
</block>
<block><region><rect/></region>
<text>
<par>
<line>vc;.</line></par>
</text>
</block>
<block><region><rect/></region>
<text>
<par>
<line>Si</line></par>
</text>
</block>
<block><region><rect/></region>
<text>
<par/>
</text>
</block>
<block><region><rect/></region>
<text>
<par>
<line>'f, ,1</line></par>
<par>
<line>*VIL</line></par>
</text>
</block>
<block><region><rect/></region>
<text>
<par/>
</text>
</block>
<block><region><rect/></region>
<text>
<par/>
</text>
</block>
<block><region><rect/></region>
<text>
<par/>
</text>
</block>
<block><region><rect/></region>
<text>
<par>
<line>!S::il</line></par>
</text>
</block>
<block><region><rect/></region>
<text>
<par>
<line>M.</line></par>
</text>
</block>
<block><region><rect/></region>
<text>
<par>
<line>m</line></par>
</text>
</block>
<block><region><rect/></region>
<text>
<par>
<line>Vhjr</line></par>
</text>
</block>
<block><region><rect/></region>
<text>
<par/>
</text>
</block>
<block><region><rect/></region>
<text>
<par>
<line>■ijKt</line></par>
</text>
</block>
<block><region><rect/></region>
<text>
<par>
<line>É'#' ''"ui'::</line></par>
</text>
</block>
<block><region><rect/></region>
<text>
<par>
<line>:JL_t</line></par>
</text>
</block>
<block><region><rect/></region>
<text>
<par>
<line>tfJ'W</line></par>
</text>
</block>
<block><region><rect/></region>
<text>
<par>
<line>W</line></par>
</text>
</block>
<block><region><rect/></region>
<text>
<par>
<line>rw</line></par>
</text>
</block>
<block><region><rect/></region>
<text>
<par>
<line>il</line></par>
</text>
</block>
<block><region><rect/></region>
<text>
<par>
<line>a</line></par>
</text>
</block>
<block><region><rect/></region>
<text>
<par>
<line>m</line></par>
</text>
</block>
<block><region><rect/></region>
<text>
<par/>
</text>
</block>
<block><region><rect/></region>
<text>
<par>
<line>v&gt;</line></par>
</text>
</block>
<block><region><rect/></region>
<text>
<par>
<line>ilf</line></par>
</text>
</block>
<block><region><rect/></region>
<text>
<par>
<line>m</line></par>
</text>
</block>
<block><region><rect/></region>
<text>
<par/>
</text>
</block>
<block><region><rect/></region>
<text>
<par/>
</text>
</block>
<block><region><rect/></region>
<text>
<par/>
</text>
</block>
<block><region><rect/></region>
<text>
<par/>
</text>
</block>
<block><region><rect/></region>
<text>
<par/>
</text>
</block>
<block><region><rect/></region>
<text>
<par>
<line>■W</line></par>
</text>
</block>
<block><region><rect/></region>
<text>
<par/>
</text>
</block>
<block><region><rect/></region>
<text>
<par/>
</text>
</block>
<block><region><rect/></region>
<text>
<par/>
</text>
</block>
<block><region><rect/></region>
<text>
<par/>
</text>
</block>
<block><region><rect/></region>
<text>
<par>
<line>r,:</line></par>
</text>
</block>
<block><region><rect/></region>
<text>
<par/>
</text>
</block>
<block><region><rect/></region>
<text>
<par/>
</text>
</block>
<block><region><rect/></region>
<text>
<par>
<line>r-ÿ</line></par>
</text>
</block>
<block><region><rect/></region>
<text>
<par/>
</text>
</block>
<block><region><rect/></region>
<text>
<par>
<line>I.</line></par>
</text>
</block>
<block><region><rect/></region>
<text>
<par/>
</text>
</block>
<block><region><rect/></region>
<text>
<par>
<line>W</line></par>
</text>
</block>
<block><region><rect/></region>
<text>
<par/>
</text>
</block>
<block><region><rect/></region>
<text>
<par/>
</text>
</block>
<block><region><rect/></region>
<text>
<par>
<line>I**SÎ</line></par>
</text>
</block>
<block><region><rect/></region>
<text>
<par>
<line>iM</line></par>
</text>
</block>
<block><region><rect/></region>
<text>
<par>
<line>t V</line></par>
</text>
</block>
<block><region><rect/></region>
<text>
<par/>
</text>
</block>
<block><region><rect/></region>
<text>
<par/>
</text>
</block>
<block><region><rect/></region>
<text>
<par>
<line>sa</line></par>
</text>
</block>
<block><region><rect/></region>
<text>
<par>
<line>s -</line></par>
</text>
</block>
<block><region><rect/></region>
<text>
<par/>
</text>
</block>
<block><region><rect/></region>
<text>
<par>
<line>Desserte</line></par>
<par>
<line>routière</line></par>
<par>
<line>principale</line></par>
<par>
<line>Continuités</line></par>
<par>
<line>piétonnes</line></par>
</text>
</block>
<block><region><rect/></region>
<text>
<par>
<line>5^'</line></par>
</text>
</block>
<block><region><rect/></region>
<text>
<par/>
</text>
</block>
<block><region><rect/></region>
<text>
<par/>
</text>
</block>
<block><region><rect/></region>
<text>
<par>
<line>'îl</line></par>
</text>
</block>
<block><region><rect/></region>
<text>
<par>
<line>W</line></par>
</text>
</block>
<block><region><rect/></region>
<text>
<par/>
</text>
</block>
<block><region><rect/></region>
<text>
<par>
<line>■«</line></par>
</text>
</block>
<block><region><rect/></region>
<text>
<par/>
</text>
</block>
<block><region><rect/></region>
<text>
<par/>
</text>
</block>
<block><region><rect/></region>
<text>
<par/>
</text>
</block>
<block><region><rect/></region>
<text>
<par/>
</text>
</block>
<block><region><rect/></region>
<text>
<par>
<line>►</line></par>
</text>
</block>
<block><region><rect/></region>
<text>
<par/>
</text>
</block>
<block><region><rect/></region>
<text>
<par/>
</text>
</block>
<block><region><rect/></region>
<text>
<par>
<line>-Is.</line></par>
</text>
</block>
<block><region><rect/></region>
<text>
<par>
<line>5*</line></par>
</text>
</block>
<block><region><rect/></region>
<text>
<par>
<line>Voirie à</line>
<line>requalifier</line></par>
</text>
</block>
<block><region><rect/></region>
<text>
<par/>
</text>
</block>
<block><region><rect/></region>
<text>
<par>
<line>- • . ,.t A'i</line></par>
</text>
</block>
<block><region><rect/></region>
<text>
<par/>
</text>
</block>
<block><region><rect/></region>
<text>
<par/>
</text>
</block>
<block><region><rect/></region>
<text>
<par/>
</text>
</block>
<block><region><rect/></region>
<text>
<par>
<line>JT</line></par>
</text>
</block>
<block><region><rect/></region>
<text>
<par/>
</text>
</block>
<block><region><rect/></region>
<text>
<par/>
</text>
</block>
<block><region><rect/></region>
<text>
<par>
<line>■--.J</line></par>
</text>
</block>
<block><region><rect/></region>
<text>
<par/>
</text>
</block>
<block><region><rect/></region>
<text>
<par>
<line>Espaces</line></par>
</text>
</block>
<block><region><rect/></region>
<text>
<par/>
</text>
</block>
<block><region><rect/></region>
<text>
<par/>
</text>
</block>
<block><region><rect/></region>
<text>
<par>
<line>âi</line></par>
</text>
</block>
<block><region><rect/></region>
<text>
<par>
<line>1*'*’</line></par>
</text>
</block>
<block><region><rect/></region>
<text>
<par/>
</text>
</block>
<block><region><rect/></region>
<text>
<par>
<line>M</line></par>
</text>
</block>
<block><region><rect/></region>
<text>
<par>
<line>publics à</line></par>
</text>
</block>
<block><region><rect/></region>
<text>
<par/>
</text>
</block>
<block><region><rect/></region>
<text>
<par>
<line>Pf‘m\ '</line></par>
<par>
<line>--f ■-'■"i t</line></par>
</text>
</block>
<block><region><rect/></region>
<text>
<par/>
</text>
</block>
<block><region><rect/></region>
<text>
<par>
<line>requalifier,</line></par>
<par>
<line>J</line></par>
</text>
</block>
<block><region><rect/></region>
<text>
<par/>
</text>
</block>
<block><region><rect/></region>
<text>
<par>
<line>m</line></par>
</text>
</block>
<block><region><rect/></region>
<text>
<par/>
</text>
</block>
<block><region><rect/></region>
<text>
<par/>
</text>
</block>
<block><region><rect/></region>
<text>
<par>
<line>•ti „</line></par>
<par>
<line>It'Ç-r. _. ■■ ■* »'♦ «»' w. ^ J</line></par>
</text>
</block>
<block><region><rect/></region>
<text>
<par/>
</text>
</block>
<block><region><rect/></region>
<text>
<par>
<line>ë</line></par>
</text>
</block>
<block><region><rect/></region>
<text>
<par/>
</text>
</block>
<block><region><rect/></region>
<text>
<par>
<line>• *■</line></par>
</text>
</block>
<block><region><rect/></region>
<text>
<par/>
</text>
</block>
<block><region><rect/></region>
<text>
<par>
<line>m</line></par>
</text>
</block>
<block><region><rect/></region>
<text>
<par/>
</text>
</block>
<block><region><rect/></region>
<text>
<par/>
</text>
</block>
<block><region><rect/></region>
<text>
<par/>
</text>
</block>
<block><region><rect/></region>
<text>
<par>
<line>./■</line></par>
</text>
</block>
<block><region><rect/></region>
<text>
<par/>
</text>
</block>
<block><region><rect/></region>
<text>
<par/>
</text>
</block>
<block><region><rect/></region>
<text>
<par>
<line>r</line></par>
</text>
</block>
<block><region><rect/></region>
<text>
<par/>
</text>
</block>
<block><region><rect/></region>
<text>
<par>
<line>#</line></par>
</text>
</block>
<block><region><rect/></region>
<text>
<par/>
</text>
</block>
<block><region><rect/></region>
<text>
<par/>
</text>
</block>
<block><region><rect/></region>
<text>
<par>
<line>* ‘‘f ï&gt;</line></par>
</text>
</block>
<block><region><rect/></region>
<text>
<par/>
</text>
</block>
<block><region><rect/></region>
<text>
<par/>
</text>
</block>
<block><region><rect/><rect/><rect/></region>
<text>
<par/>
</text>
</block>
<block><region><rect/></region>
<text>
<par>
<line>Espaces</line>
<line>publics à</line>
<line>requalifier</line></par>
<par>
<line>Espace à</line>
<line>enjeu</line>
<line>paysager</line></par>
<par>
<line>Équipements et</line>
<line>espaces publics</line></par>
</text>
</block>
<block><region><rect/></region>
<text>
<par>
<line>LE SITE</line></par>
<par>
<line>Une site au caractère paysager rennarquable, ouvert, et bien orienté.</line>
<line>Constitue l’extension naturelle du centre urbain.</line></par>
<par>
<line>Une superficie constructible importante (20.85 ha)</line></par>
<par>
<line>Un potentiel de développement important ; environ 1000 logts</line></par>
<par>
<line>LES ENJEUX</line></par>
<par>
<line>Un projet complexe à concevoir, un niveau d’équipement à adapter.</line>
<line>Enjeu : la qualité urbaine et environnementale et la cohérence</line>
<line>d’ensemble. Un projet de nouveau quartier à concevoir. Principe de</line>
<line>l’éco-quartier à afficher, avec des objectifs de densité, de mixité sociale</line>
<line>et mixité des fonctions.</line></par>
<par>
<line>LES ORIENTATIONS</line></par>
<par>
<line>FORMES URBAINES favoriser la réalisation d’habitat groupé prenant</line>
<line>en compte les principes bioclimatiques : volumes simples tirant profit</line>
<line>des caractéristiques bioclimatiques du site : réflexion sur le droit au</line>
<line>soleil pour chaque parcelle, capteurs solaires autorisés...</line></par>
<par>
<line>ESPACES PUBLICS : travailler un maillage des espaces publics,</line>
<line>requalifier la rue de l’Oudar et les abords deTécole pour renforcer leur</line>
<line>caractère urbain.</line></par>
<par>
<line>EQUIPEMENTS PUBLICS : prévoir l’évolution des besoins, en</line>
<line>particulier l’extension du groupe scolaire.</line></par>
<par>
<line>DEPLACEMENTS</line></par>
<par>
<line>- Hiérarchie du réseau routier : principe d’une nouvelle voie</line>
<line>structurante pour éviter Gex-la-Ville et innerver la zone (et desservir la</line>
<line>zone lAUb)</line></par>
<par>
<line>- continuités piétonnes à prévoir (perméabilité) + cheminement piéton</line>
<line>descendant à préserver et poursuivre</line></par>
<par>
<line>II</line></par>
<par>
<line>PAYSAGE</line></par>
<par>
<line>- préserver ou valoriser les cônes de vues vers l’aval et l’amont</line></par>
<par>
<line>- qualité des espaces publics, espaces verts, s’inspirer de la typologie</line>
<line>des haies</line></par>
<par>
<line>ENVIRONNEMENT</line></par>
<par>
<line>- recul par rapport au sommet des berges de l’Oudar</line></par>
<par>
<line>- prise en compte de la protection de Pré Bataillard</line></par>
<par>
<line>- réflexion globale sur la gestion des eaux pluviales</line></par>
</text>
</block>
<block><region><rect/><rect/></region>
<text>
<par/>
</text>
</block>
<block><region><rect/></region>
<text>
<par/>
</text>
</block>
<block><region><rect/></region>
<text>
<par/>
</text>
</block>
<block><region><rect/></region>
<text>
<par/>
</text>
</block>
<block><region><rect/></region>
<text>
<par>
<line>H**,</line></par>
</text>
</block>
<block><region><rect/></region>
<text>
<par/>
</text>
</block>
<block><region><rect/></region>
<text>
<par/>
</text>
</block>
<block><region><rect/></region>
<text>
<par>
<line>î-j l} ’ÉT;</line></par>
</text>
</block>
<block><region><rect/></region>
<text>
<par/>
</text>
</block>
<block><region><rect/></region>
<text>
<par/>
</text>
</block>
<block><region><rect/></region>
<text>
<par>
<line>ii-A</line></par>
</text>
</block>
<block><region><rect/></region>
<text>
<par/>
</text>
</block>
<block><region><rect/></region>
<text>
<par/>
</text>
</block>
<block><region><rect/><rect/><rect/><rect/><rect/><rect/><rect/><rect/><rect/></region>
<text>
<par>
<line>.-Ir V'-,</line></par>
<par>
<line>•-1 i ’-Jf ^ J,</line></par>
<par>
<line>J.Î' -rL ^</line></par>
<par>
<line>f-}' l:.y</line></par>
</text>
</block>
<block><region><rect/></region>
<text>
<par>
<line>i?"</line></par>
</text>
</block>
<block><region><rect/></region>
<text>
<par>
<line>ifiT</line></par>
</text>
</block>
<block><region><rect/></region>
<text>
<par>
<line>: V;jf</line></par>
</text>
</block>
<block><region><rect/><rect/></region>
<text>
<par/>
</text>
</block>
<block><region><rect/><rect/></region>
<text>
<par>
<line>y' f</line></par>
</text>
</block>
<block><region><rect/></region>
<text>
<par/>
</text>
</block>
<block><region><rect/><rect/></region>
<text>
<par>
<line>tay .</line></par>
</text>
</block>
<block><region><rect/></region>
<text>
<par>
<line>■f</line></par>
</text>
</block>
<block><region><rect/></region>
<text>
<par/>
</text>
</block>
<block><region><rect/></region>
<text>
<par>
<line>Zone lAUb / principes de desserte :</line></par>
<par>
<line>- desserte principale à l’aval, (zone qui sera provisoirement raccordée sur le chemin</line>
<line>de Parozet), dans l’attente d’une nouvelle voie au sein de la zone 2AU (principes</line>
<line>d’aménagement définis pour lui donner un caractère urbain et préfigurer les</line>
<line>aménagements futurs au sein de la zone 2AU)</line></par>
<par>
<line>- desserte amont secondaire en sens unique sortant</line></par>
</text>
</block>
<block><region><rect/></region>
<text>
<par>
<line>TRADUCTION DANS LE</line></par>
<par>
<line>PLU</line></par>
<par>
<line>Zone 2AU :</line></par>
<par>
<line>Hauteurs : R+4+attique à l’aval.</line>
<line>Répartition 80-20 entre collectif-</line>
<line>intermédiaires et individuels.</line>
<line>Densité dégressive de l’aval vers</line></par>
<par>
<line>l’amont.</line></par>
<par>
<line>Partie aval : 100% collectifs ou</line>
<line>intermédiaires. Dont 20% de</line>
<line>logements sociaux. Future ZAC</line></par>
</text>
</block>
<block><region><rect/><rect/></region>
<text>
<par>
<line>Zone 1 AUb : Principe d’un</line>
<line>quartier dense, et ouvert sur son</line>
<line>environnement : traversée routière</line>
<line>imposée + desserte principale par</line>
<line>l’aval + continuités piétonnes +</line>
<line>relations avec espaces publics à</line></par>
<par>
<line>créer.</line></par>
<par>
<line>COS de 0.60, hauteurs : R+3 à R+2</line>
<line>Environ 210 logements soit 70</line>
<line>logt/ha ; et 100% de collectifs ou</line>
<line>intermédiaires. Dont 20% de</line>
<line>logements sociaux.</line></par>
</text>
</block>
<block><region><rect/></region>
<text>
<par>
<line>GEX- révision n°4 du PLU - Orientations d’Âménaaement- Anorobation du 17.01.2011</line></par>
</text>
</block>








































































<block blockType="Picture" blockName="" l="1986" t="2043" r="2051" b="2149"><region><rect/></region>
</block>
<block blockType="Picture" blockName="" l="4212" t="1140" r="4831" b="1602"><region><rect/></region>
</block>
</page>
<page width="4958" height="3492" resolution="300">
<block><region><rect/><rect/><rect/><rect/><rect/><rect/><rect/><rect/><rect/><rect/><rect/><rect/><rect/><rect/></region>
<text>
<par/>
</text>
</block>
<block><region><rect/></region>
<text>
<par/>
</text>
</block>
<block><region><rect/></region>
<text>
<par>
<line>1*^</line></par>
</text>
</block>
<block><region><rect/></region>
<text>
<par>
<line>f-</line></par>
</text>
</block>
<block><region><rect/></region>
<text>
<par/>
</text>
</block>
<block><region><rect/><rect/></region>
<text>
<par>
<line>. Ik^P</line></par>
<par>
<line>\ ’-M</line></par>
</text>
</block>
<block><region><rect/></region>
<text>
<par/>
</text>
</block>
<block><region><rect/></region>
<text>
<par/>
</text>
</block>
<block><region><rect/></region>
<text>
<par/>
</text>
</block>
<block><region><rect/></region>
<text>
<par/>
</text>
</block>
<block><region><rect/></region>
<text>
<par/>
</text>
</block>
<block><region><rect/></region>
<text>
<par/>
</text>
</block>
<block><region><rect/></region>
<text>
<par>
<line>y</line></par>
</text>
</block>
<block><region><rect/></region>
<text>
<par/>
</text>
</block>
<block><region><rect/></region>
<text>
<par>
<line>■A</line></par>
</text>
</block>
<block><region><rect/></region>
<text>
<par>
<line>%i</line></par>
</text>
</block>
<block><region><rect/></region>
<text>
<par/>
</text>
</block>
<block><region><rect/></region>
<text>
<par/>
</text>
</block>
<block><region><rect/></region>
<text>
<par/>
</text>
</block>
<block><region><rect/></region>
<text>
<par/>
</text>
</block>
<block><region><rect/></region>
<text>
<par/>
</text>
</block>
<block><region><rect/></region>
<text>
<par>
<line>VK</line></par>
</text>
</block>
<block><region><rect/></region>
<text>
<par>
<line>fl</line></par>
</text>
</block>
<block><region><rect/></region>
<text>
<par/>
</text>
</block>
<block><region><rect/></region>
<text>
<par>
<line>m</line></par>
</text>
</block>
<block><region><rect/></region>
<text>
<par>
<line>ü'?- ■</line></par>
</text>
</block>
<block><region><rect/></region>
<text>
<par/>
</text>
</block>
<block><region><rect/></region>
<text>
<par>
<line>-tri</line></par>
</text>
</block>
<block><region><rect/></region>
<text>
<par>
<line>%î</line></par>
</text>
</block>
<block><region><rect/></region>
<text>
<par>
<line>4u</line></par>
</text>
</block>
<block><region><rect/></region>
<text>
<par/>
</text>
</block>
<block><region><rect/></region>
<text>
<par>
<line>/-</line></par>
</text>
</block>
<block><region><rect/></region>
<text>
<par/>
</text>
</block>
<block><region><rect/></region>
<text>
<par/>
</text>
</block>
<block><region><rect/></region>
<text>
<par>
<line>«</line></par>
</text>
</block>
<block><region><rect/></region>
<text>
<par/>
</text>
</block>
<block><region><rect/></region>
<text>
<par>
<line>*</line></par>
</text>
</block>
<block><region><rect/></region>
<text>
<par/>
</text>
</block>
<block><region><rect/></region>
<text>
<par>
<line>/</line></par>
</text>
</block>
<block><region><rect/><rect/></region>
<text>
<par/>
</text>
</block>
<block><region><rect/></region>
<text>
<par/>
</text>
</block>
<block><region><rect/></region>
<text>
<par>
<line>■</line></par>
</text>
</block>
<block><region><rect/></region>
<text>
<par>
<line>«r</line></par>
</text>
</block>
<block><region><rect/></region>
<text>
<par>
<line>tî</line></par>
</text>
</block>
<block><region><rect/></region>
<text>
<par/>
</text>
</block>
<block><region><rect/></region>
<text>
<par>
<line>/r</line></par>
</text>
</block>
<block><region><rect/></region>
<text>
<par/>
</text>
</block>
<block><region><rect/></region>
<text>
<par/>
</text>
</block>
<block><region><rect/></region>
<text>
<par>
<line>te</line></par>
</text>
</block>
<block><region><rect/></region>
<text>
<par>
<line>Réseau routier</line></par>
</text>
</block>
<block><region><rect/></region>
<text>
<par>
<line>f?</line></par>
</text>
</block>
<block><region><rect/></region>
<text>
<par>
<line>1-</line></par>
</text>
</block>
<block><region><rect/></region>
<text>
<par/>
</text>
</block>
<block><region><rect/></region>
<text>
<par>
<line>O</line></par>
</text>
</block>
<block><region><rect/></region>
<text>
<par/>
</text>
</block>
<block><region><rect/></region>
<text>
<par>
<line>■■</line></par>
</text>
</block>
<block><region><rect/></region>
<text>
<par/>
</text>
</block>
<block><region><rect/></region>
<text>
<par>
<line>M</line></par>
</text>
</block>
<block><region><rect/></region>
<text>
<par/>
</text>
</block>
<block><region><rect/></region>
<text>
<par>
<line>fj-NS</line></par>
</text>
</block>
<block><region><rect/></region>
<text>
<par/>
</text>
</block>
<block><region><rect/></region>
<text>
<par>
<line>i</line></par>
</text>
</block>
<block><region><rect/></region>
<text>
<par>
<line>ëk.!!;</line></par>
</text>
</block>
<block><region><rect/></region>
<text>
<par/>
</text>
</block>
<block><region><rect/></region>
<text>
<par>
<line>X</line></par>
</text>
</block>
<block><region><rect/></region>
<text>
<par>
<line>m</line></par>
</text>
</block>
<block><region><rect/></region>
<text>
<par>
<line>Voie ferrée</line></par>
</text>
</block>
<block><region><rect/></region>
<text>
<par>
<line>RD</line></par>
</text>
</block>
<block><region><rect/></region>
<text>
<par/>
</text>
</block>
<block><region><rect/></region>
<text>
<par/>
</text>
</block>
<block><region><rect/></region>
<text>
<par>
<line>Wn</line></par>
</text>
</block>
<block><region><rect/></region>
<text>
<par>
<line>&gt;: J</line></par>
</text>
</block>
<block><region><rect/></region>
<text>
<par>
<line>Si</line></par>
</text>
</block>
<block><region><rect/></region>
<text>
<par>
<line>■</line></par>
</text>
</block>
<block><region><rect/></region>
<text>
<par>
<line>1^</line></par>
</text>
</block>
<block><region><rect/></region>
<text>
<par>
<line>iiM</line></par>
</text>
</block>
<block><region><rect/></region>
<text>
<par>
<line>Ruisseau le By</line></par>
</text>
</block>
<block><region><rect/></region>
<text>
<par/>
</text>
</block>
<block><region><rect/></region>
<text>
<par/>
</text>
</block>
<block><region><rect/></region>
<text>
<par>
<line>&gt;*■</line></par>
</text>
</block>
<block><region><rect/></region>
<text>
<par/>
</text>
</block>
<block><region><rect/></region>
<text>
<par>
<line>»</line></par>
</text>
</block>
<block><region><rect/></region>
<text>
<par/>
</text>
</block>
<block><region><rect/></region>
<text>
<par>
<line>i"</line></par>
</text>
</block>
<block><region><rect/></region>
<text>
<par>
<line>(A</line></par>
</text>
</block>
<block><region><rect/></region>
<text>
<par/>
</text>
</block>
<block><region><rect/></region>
<text>
<par>
<line>• t’-.</line></par>
</text>
</block>
<block><region><rect/></region>
<text>
<par>
<line>i,*</line></par>
</text>
</block>
<block><region><rect/></region>
<text>
<par>
<line>»</line></par>
</text>
</block>
<block><region><rect/></region>
<text>
<par>
<line>Façades</line></par>
</text>
</block>
<block><region><rect/></region>
<text>
<par>
<line>M</line></par>
</text>
</block>
<block><region><rect/></region>
<text>
<par>
<line>m</line></par>
</text>
</block>
<block><region><rect/></region>
<text>
<par>
<line>m</line></par>
</text>
</block>
<block><region><rect/></region>
<text>
<par/>
</text>
</block>
<block><region><rect/></region>
<text>
<par>
<line>y.</line></par>
</text>
</block>
<block><region><rect/></region>
<text>
<par>
<line>M</line></par>
</text>
</block>
<block><region><rect/></region>
<text>
<par>
<line>1</line></par>
</text>
</block>
<block><region><rect/></region>
<text>
<par>
<line>RD</line></par>
</text>
</block>
<block><region><rect/></region>
<text>
<par>
<line>15</line></par>
</text>
</block>
<block><region><rect/></region>
<text>
<par>
<line>I</line></par>
</text>
</block>
<block><region><rect/></region>
<text>
<par>
<line>6</line></par>
</text>
</block>
<block><region><rect/></region>
<text>
<par/>
</text>
</block>
<block><region><rect/></region>
<text>
<par>
<line>Voie</line></par>
</text>
</block>
<block><region><rect/></region>
<text>
<par>
<line>ferrée</line></par>
</text>
</block>
<block><region><rect/></region>
<text>
<par>
<line>Ésr #</line></par>
</text>
</block>
<block><region><rect/></region>
<text>
<par>
<line>«• vitrine »</line></par>
</text>
</block>
<block><region><rect/><rect/></region>
<text>
<par>
<line>Espaces ouverts à</line>
<line>préserver (espace t</line>
<line>le long de la ripisylv</line></par>
<par>
<line>Boisements, ripisyl\/</line></par>
</text>
</block>
<block><region><rect/><rect/></region>
<text>
<par>
<line>Périmètre éloigné</line>
<line>yÇl protection captagt</line></par>
<par>
<line>Chenaz</line></par>
</text>
</block>
<block><region><rect/><rect/><rect/></region>
<text>
<par>
<line>Secteur situé sur le territoire de la</line></par>
<par>
<line>commune de Echenevex. ‘ ' ”</line></par>
</text>
</block>
<block><region><rect/></region>
<text>
<par>
<line>.y.*</line></par>
</text>
</block>
<block><region><rect/></region>
<text>
<par/>
</text>
</block>
<block><region><rect/></region>
<text>
<par>
<line>w</line></par>
</text>
</block>
<block><region><rect/></region>
<text>
<par>
<line>te</line></par>
</text>
</block>
<block><region><rect/></region>
<text>
<par/>
</text>
</block>
<block><region><rect/></region>
<text>
<par/>
</text>
</block>
<block><region><rect/></region>
<text>
<par>
<line>\</line></par>
</text>
</block>
<block><region><rect/></region>
<text>
<par>
<line>î»î,é</line></par>
</text>
</block>
<block><region><rect/></region>
<text>
<par>
<line>S^rT*</line></par>
</text>
</block>
<block><region><rect/></region>
<text>
<par>
<line>L.</line></par>
</text>
</block>
<block><region><rect/><rect/></region>
<text>
<par>
<line>m</line></par>
</text>
</block>
<block><region><rect/></region>
<text>
<par/>
</text>
</block>
<block><region><rect/></region>
<text>
<par>
<line>y-.m</line></par>
</text>
</block>
<block><region><rect/></region>
<text>
<par>
<line>7.</line></par>
</text>
</block>
<block><region><rect/></region>
<text>
<par/>
</text>
</block>
<block><region><rect/></region>
<text>
<par>
<line>\J</line></par>
</text>
</block>
<block><region><rect/></region>
<text>
<par>
<line>7</line></par>
</text>
</block>
<block><region><rect/></region>
<text>
<par/>
</text>
</block>
<block><region><rect/></region>
<text>
<par/>
</text>
</block>
<block><region><rect/></region>
<text>
<par>
<line>M</line></par>
</text>
</block>
<block><region><rect/></region>
<text>
<par>
<line>«■■«lUAsSP'^g</line></par>
</text>
</block>
<block><region><rect/></region>
<text>
<par/>
</text>
</block>
<block><region><rect/></region>
<text>
<par>
<line>**iF^</line></par>
</text>
</block>
<block><region><rect/></region>
<text>
<par/>
</text>
</block>
<block><region><rect/></region>
<text>
<par>
<line>s</line></par>
</text>
</block>
<block><region><rect/></region>
<text>
<par/>
</text>
</block>
<block><region><rect/></region>
<text>
<par/>
</text>
</block>
<block><region><rect/><rect/><rect/></region>
<text>
<par/>
</text>
</block>
<block><region><rect/></region>
<text>
<par/>
</text>
</block>
<block><region><rect/></region>
<text>
<par>
<line>:i.. !»</line></par>
</text>
</block>
<block><region><rect/></region>
<text>
<par>
<line>7&gt;"</line></par>
</text>
</block>
<block><region><rect/></region>
<text>
<par/>
</text>
</block>
<block><region><rect/></region>
<text>
<par/>
</text>
</block>
<block><region><rect/></region>
<text>
<par>
<line>Vue sur Gex depuis la RD984c (zone 2AU située à droite)</line></par>
</text>
</block>
<block><region><rect/></region>
<text>
<par>
<line>Espace tampon entre la zone 2AÜ et les zones</line>
<line>urbanisées situées au nord</line></par>
</text>
</block>
<block><region><rect/><rect/><rect/><rect/><rect/></region>
<text>
<par/>
</text>
</block>
<block><region><rect/></region>
<text>
<par/>
</text>
</block>
<block><region><rect/></region>
<text>
<par/>
</text>
</block>
<block><region><rect/></region>
<text>
<par>
<line>»</line></par>
</text>
</block>
<block><region><rect/></region>
<text>
<par>
<line>y- :</line></par>
</text>
</block>
<block><region><rect/></region>
<text>
<par/>
</text>
</block>
<block><region><rect/></region>
<text>
<par>
<line>\r-</line></par>
</text>
</block>
<block><region><rect/></region>
<text>
<par>
<line>''fM</line></par>
</text>
</block>
<block><region><rect/></region>
<text>
<par>
<line>s</line></par>
</text>
</block>
<block><region><rect/></region>
<text>
<par>
<line>•y-</line></par>
</text>
</block>
<block><region><rect/></region>
<text>
<par/>
</text>
</block>
<block><region><rect/></region>
<text>
<par>
<line>s£;</line></par>
</text>
</block>
<block><region><rect/></region>
<text>
<par/>
</text>
</block>
<block><region><rect/></region>
<text>
<par/>
</text>
</block>
<block><region><rect/></region>
<text>
<par>
<line>%</line></par>
</text>
</block>
<block><region><rect/></region>
<text>
<par>
<line>/</line></par>
</text>
</block>
<block><region><rect/></region>
<text>
<par/>
</text>
</block>
<block><region><rect/></region>
<text>
<par/>
</text>
</block>
<block><region><rect/></region>
<text>
<par>
<line>ni</line></par>
</text>
</block>
<block><region><rect/></region>
<text>
<par/>
</text>
</block>
<block><region><rect/></region>
<text>
<par>
<line>J*</line></par>
</text>
</block>
<block><region><rect/></region>
<text>
<par>
<line>GEX- révision n°4 du PLU - Orientations d’Âménaaement- Approbation du 17.01.2011</line></par>
</text>
</block>
<block><region><rect/></region>
<text>
<par>
<line>LE SITE</line></par>
<par>
<line>Zone d'urbanisation future à vocation économique,</line>
<line>identifiée dans le SCOT (Schéma de Cohérence Territorial)</line>
<line>en tant que zone d'intérêt communautaire. Elle pourra</line>
<line>également permettre de répondre aux besoins d’extension</line>
<line>de l’Hôpital.</line></par>
<par>
<line>Zone en partie couverte par le périmètre de protection</line>
<line>éloigné du captage de Chenaz, traversée par la voie ferrée.</line>
<line>Un secteur est situé en partie sur Echenevex.</line></par>
<par>
<line>LES ENJEUX</line></par>
<par>
<line>FONCTIONNEMENT</line></par>
<par>
<line>Réflexion à mener sur une desserte cohérente de la zone,</line>
<line>et l’opportunité liée à la présence de l’ancienne voie ferrée.</line></par>
<par>
<line>PAYSAGE</line></par>
<par>
<line>Rôle d'entrée de ville, dans un secteur non construit : aller</line>
<line>vers une opération exemplaire en terme d’insertion</line>
<line>paysagère et de démarche environnementale.</line></par>
<par>
<line>2 axes "vitrine" : la RD984c et la RD15c accentuent le rôle</line>
<line>important des « façades » sur les deux départementales :</line>
<line>traitement des constructions et leurs abords : clôtures...</line></par>
<par>
<line>GESTION DES EAUX PLUVIALES</line></par>
<par>
<line>Zone de superficie importante. Une attention est à apporter</line>
<line>pour limiter les surfaces imperméabilisées et mener une</line>
<line>réflexion en terme de gestion alternative des eaux</line>
<line>pluviales.</line></par>
<par>
<line>MILIEU NATUREL</line></par>
<par>
<line>Biodiversité et corridors écologiques ; préserver un espace</line>
<line>tampon non bâti et non clos( pour jouer son rôle de corridor</line>
<line>écologique) le long du ruisseau du BY.</line></par>
<par>
<line>Protection de la ressource en eau : prise en compte des</line>
<line>prescriptions définies dans les périmètres de protection.</line></par>
<par>
<line>TRADUCTION DANS LE PLU</line></par>
<par>
<line>Ouverture à l'urbanisation après une étude globale (dont</line>
<line>étude de programmation), définition d'un positionnement</line>
<line>stratégique (quels types d'activités implanter) et d'un projet</line>
<line>d'aménagement.</line></par>
<par>
<line>Etude "entrée de ville" à réaliser (car située le long d'un</line>
<line>axe à grande circulation : la RD984c)</line></par>
<par>
<line>Zone 2AU dont l'ouverture à l'urbanisation sera</line>
<line>conditionnée à une modification du PLU. Ce secteur pourra</line>
<line>faire l'objet d'un aménagement par le bais d'une ZAC (Zone</line>
<line>d'Aménagement Concerté).</line></par>
</text>
</block>






































</page>
</OAP>