<?xml version="1.0" encoding="UTF-8"?><OAP>
<page width="2336" height="1653" resolution="200">
<block><region><rect/></region>
<text>
<par>
<line>DEPARTEMENT</line></par>
</text>
</block>
<block><region><rect/></region>
<text>
<par>
<line>D E</line></par>
</text>
</block>
<block><region><rect/></region>
<text>
<par>
<line>L’AIN</line></par>
</text>
</block>
<block><region><rect/></region>
<text>
<par>
<line>PREVESSIN-MOËNS</line></par>
</text>
</block>
<block><region><rect/></region>
<text>
<par>
<line>MODIFICATION N</line></par>
</text>
</block>
<block><region><rect/></region>
<text>
<par>
<line>2 DU PLAN</line></par>
</text>
</block>
<block><region><rect/></region>
<text>
<par>
<line>LOCAL D’URBANISME</line></par>
</text>
</block>
<block><region><rect/></region>
<text>
<par>
<line>ORIENTATIONS D’AMENAGEMENT</line></par>
</text>
</block>
<block><region><rect/></region>
<text>
<par>
<line>Territoires U 1</line></par>
<par>
<line>fcxjdes, Ccnisil en U'bonisme &amp; A-nérogement</line></par>
</text>
</block>
<block><region><rect/></region>
<text>
<par>
<line>L'ostrdabe</line>
<line>Park Nord Annecy</line>
<line>74370 Metz-T^</line></par>
<par>
<line>Tel. 04 60 10 32 76</line>
<line>Fax04 50 1032 77</line>
<line>agerK:e@tenilolfes-urtxi.com</line></par>
</text>
</block>
<block><region><rect/></region>
<text>
<par>
<line>Vu et certifié conforme pour être annexé à la délibération du Conseil Municipal</line></par>
<par>
<line>en date du 02/04/2013, approuvant la modification n''2 du PLU de PREVESSIN-MOËNS.</line></par>
</text>
</block>
<block><region><rect/></region>
<text>
<par>
<line>Le Maire,</line>
<line>URENSON</line></par>
</text>
</block>
<block><region><rect/></region>
<text>
<par>
<line>PIECE N^S</line></par>
</text>
</block>
<block><region><rect/></region>
<text>
<par>
<line>Jean-Paul</line></par>
</text>
</block>







<block blockType="Picture" blockName="" l="197" t="175" r="2177" b="265"><region><rect/></region>
</block>
</page>
<page width="2336" height="1653" resolution="200">
<block><region><rect/></region>
<text>
<par>
<line>PHEAMCULE</line></par>
</text>
</block>
<block><region><rect/></region>
<text>
<par>
<line>PREAMBULE</line></par>
</text>
</block>
<block><region><rect/></region>
<text>
<par>
<line>Que sont les orientations d*aménagement ?</line></par>
</text>
</block>
<block><region><rect/></region>
<text>
<par>
<line>Article L. 123-1 du Code de l'Urbanisme :</line></par>
<par>
<line>Les P.L U. "peuvent en outre, comporter des Orientations d'Aménagement relatives à des quartiers ou à des secteurs à mettre en valeur,</line>
<line>réhabiliter, restructurer ou aménager".</line></par>
<par>
<line>Ces orientations peuvent, en cohérence avec le P.A.D.D., prévoiries actions et opérations d’aménagement à mettre en œuvre, notamment</line>
<line>pour ;</line></par>
<par>
<line>Mettre en valeur l’environnement, les paysages, les entrées de ville et le patrimoine.</line></par>
<par>
<line>- Lutter contre l’insalubrité, permettre le renouvellement urbain et assurer le développement de la commune.</line></par>
<par>
<line>Elles peuvent prendre la forme de "schémas d’aménagement" et préciser les principales caractéristiques des voies et espaces publics".</line></par>
<par>
<line>Ces orientations sont opposables aux tiers ; elles s’imposent aux opérations de construction ou d'aménagement en termes de compatibilité,</line>
<line>c’est-à-dire que ces opérations doivent en respecter l’esprit sans les suivre au pied de la lettre.</line></par>
<par>
<line>Dans le cas de PRÉVESSIN-MOËNS, ces orientations concernent :</line></par>
<par>
<line>- La structuration d’un centre de vie autour du parc du château (aux lieux-dits "Les Acculats" et "La Bretonnière"),</line></par>
<par>
<line>- Le projet d'aménagement au lieu-dit "Aux Pugins",</line></par>
<par>
<line>- Le projet de confortation et de structuration du hameau de Brétigny,</line></par>
<par>
<line>- L'identification d'espaces propices à un aménagement d'ensemble au hameau de Moëns (aux lieux-dits "Baritet" et "Les Perrières"),</line></par>
<par>
<line>- Le projet d'aménagement au lieu-dit "Magny hameau",</line></par>
<par>
<line>- Le projet de confortation et de structuration de l'entrée du hameau de Vésegnin,</line></par>
</text>
</block>
<block><region><rect/></region>
<text>
<par>
<line>Modification n”! du PLU de la commune de PRÉVESSIN-MOËNS - Orientations d'aménagement - Agence des TERRITOIRES</line></par>
</text>
</block>
<block><region><rect/></region>
<text>
<par>
<line>2</line></par>
</text>
</block>






</page>
<page width="2336" height="1653" resolution="200">
<block><region><rect/></region>
<text>
<par>
<line>ORIENTATIONS D’AMENAGEMENT</line></par>
</text>
</block>
<block><region><rect/></region>
<text>
<par>
<line>LES ORIENTATIONS D'AMENAGEMENT</line></par>
</text>
</block>
<block><region><rect/></region>
<text>
<par>
<line>Modification n'’2 du PLU de la commune de PRÉVESSIN-MOÊNS - Orientations d'aménagement - Agence des TERRITOIRES</line></par>
</text>
</block>
<block><region><rect/></region>
<text>
<par>
<line>3</line></par>
</text>
</block>




</page>
<page width="2340" height="1659" resolution="200">
<block><region><rect/></region>
<text>
<par>
<line>ORIENJAriON 1</line></par>
</text>
</block>
<block><region><rect/></region>
<text>
<par>
<line>La structuration d'un centre de vie autour du parc du</line></par>
<par>
<line>château</line></par>
</text>
</block>
<block><region><rect/></region>
<text>
<par>
<line>Modification n“2 du PLU de la commune de PRÉVESSIN-MOÉNS - Orientations d'aménagement - Agence des TERRITOIRES</line></par>
</text>
</block>
<block><region><rect/></region>
<text>
<par>
<line>4</line></par>
</text>
</block>




</page>
<page width="2336" height="1653" resolution="200">
<block><region><rect/></region>
<text>
<par>
<line>ORIENTATION 1</line></par>
</text>
</block>
<block><region><rect/></region>
<text>
<par>
<line>Le site concerné</line></par>
</text>
</block>
<block><region><rect/></region>
<text>
<par>
<line>■ Une réflexion d’ensemble a porté sur un périmètre élargi autour</line>
<line>du parc du château afin de permettre la structuration et la</line>
<line>confortation du centre-village de Prévessin-Moëns autour de ce</line>
<line>dernier.</line></par>
</text>
</block>
<block><region><rect/></region>
<text>
<par>
<line>■ Deux secteurs ont été identifiés comme stratégique pour la</line>
<line>mise en oeuvre progressive de ce projet ;</line></par>
</text>
</block>
<block><region><rect/></region>
<text>
<par>
<line>- "Les Acculats" : un secteur, d’environ 5.3 hectares, libre</line>
<line>de toute construction, situé au Nord-ouest du parc du</line>
<line>château, à proximité du collège.</line></par>
</text>
</block>
<block><region><rect/></region>
<text>
<par/>
</text>
</block>
<block><region><rect/></region>
<text>
<par/>
</text>
</block>
<block><region><rect/></region>
<text>
<par/>
</text>
</block>
<block><region><rect/></region>
<text>
<par/>
</text>
</block>
<block><region><rect/></region>
<text>
<par>
<line>- "La Bretonnière" : un secteur, d'environ 6,4 hectares,</line>
<line>situé au Sud-ouest du parc du château.</line></par>
<par>
<line>Une exploitation agricole est présente sur le site, mais elle</line>
<line>est en cessation d'activité depuis plusieurs années et les</line>
<line>possibilités de reprise de l'exploitation sont peu probables.</line></par>
<par>
<line>Par ailleurs, un nouveau groupe scolaire va prochainement</line>
<line>être implanté en bordure du site.</line></par>
</text>
</block>
<block><region><rect/><rect/></region>
<text>
<par>
<line>eur d'extension</line>
<line>rbanisation t îuRO'S.</line></par>
<par>
<line>\ en viqyéCir\. yj</line></par>
</text>
</block>
<block><region><rect/></region>
<text>
<par/>
</text>
</block>
<block><region><rect/></region>
<text>
<par>
<line>"''ü'</line></par>
</text>
</block>
<block><region><rect/></region>
<text>
<par>
<line>&gt; /r- a, 1 '</line></par>
</text>
</block>
<block><region><rect/></region>
<text>
<par>
<line>yStecteur pres^ni pour</line>
<line>jJéxtension de^ürT&gt;^isation</line>
<line>à proxihllté groupe</line></par>
</text>
</block>
<block><region><rect/></region>
<text>
<par>
<line>1 Z.A.c/de'^</line>
<line>\CHAPEAUROUGl</line>
<line>A /^cours de</line></par>
</text>
</block>
<block><region><rect/></region>
<text>
<par>
<line>I</line></par>
</text>
</block>
<block><region><rect/></region>
<text>
<par>
<line>Axes historiques du parc du château</line></par>
</text>
</block>
<block><region><rect/></region>
<text>
<par>
<line>«</line></par>
</text>
</block>
<block><region><rect/></region>
<text>
<par>
<line>Ces deux secteurs, relativement plats, sont essentiellement</line>
<line>constitués de prés de fauche et aucune valeur écologique</line>
<line>particulière n'a été identifiée sur ces secteurs.</line></par>
</text>
</block>
<block><region><rect/></region>
<text>
<par>
<line>Modification n°2 du PLU de la commune de PRÉVESSIN-MOËNS - Orientations d'aménagement - Agence des TERRITOIRES</line></par>
</text>
</block>
<block><region><rect/></region>
<text>
<par>
<line>5</line></par>
</text>
</block>













<block blockType="Picture" blockName="" l="1075" t="851" r="1147" b="877"><region><rect/></region>
</block>
</page>
<page width="2342" height="1661" resolution="200">
<block><region><rect/></region>
<text>
<par>
<line>ORIENTATION 1</line></par>
</text>
</block>
<block><region><rect/></region>
<text>
<par>
<line>Les objectifs poursuivis</line></par>
</text>
</block>
<block><region><rect/></region>
<text>
<par>
<line>Les objectifs de ces deux opérations s'inscrivent dans la logique de plusieurs grandes orientations du P.A.D.D. Il s'agit en effet ;</line></par>
<par>
<line>■ D’anticiper, dès à présent, et du fait du contexte géoéconomique dynamique dans lequel se développe la commune, les besoins,</line>
<line>identifiés au sein du S.Co.T. du Pays de Gex et du P.L.H., notamment en termes de logements, en structurant et en orientant le</line>
<line>développement de Prévesstn-Moëns afin de conserver la meilleure qualité de vie possible pour ses habitants</line></par>
<par>
<line>Ce projet apporte alors une réponse en proposant une forme urbaine structurée sur la base de logements diversifiés dans leurs</line>
<line>densités (petits collectifs et individuel groupé) et dans leurs typologies (accession et locatifs aidés)</line></par>
<par>
<line>Par ailleurs, la diversification du parc de logement permettra de maintenir un équilibre dans la structure sociale et générationnelle de la</line>
<line>population communale.</line></par>
<par>
<line>• D'opter pour un mode de développement plus "durable", respectueux des qualités paysagères et environnementales de la commune,</line></par>
<par>
<line>permettant de limiter l'étalement urbain et de mieux affirmer la position et le rôle du centre-village de Prévessin-Moëns dans</line>
<line>un concept original propre à la commune, c’est-à-dire un développement de l'urbanisation autour du parc du château.</line></par>
<par>
<line>■ De développer l'armature des espaces publics, notamment le maillage des circulations "douces", de manière à "connecter" les</line>
<line>différents équipements (notamment scolaires) et secteurs d’habitat futur et existant entres eux.</line></par>
<par>
<line>Le projet prévoit une trame généreuse d'espaces publics au sein des opérations, en particulier pour les piétons et cycles, où il apporte</line>
<line>une réponse en générant une relation piétonne forte entre les équipements scolaires et les secteurs des Acculats, de la Bretonnière, la</line>
<line>Z.A.C. de Chapeaurouge et le centre de Prévessin-Moëns grâce aux allées du parc public du château qui sont utilisées comme liaisons</line>
<line>douces et piétonnes entre ces différents espaces.</line></par>
</text>
</block>
<block><region><rect/></region>
<text>
<par>
<line>^ Ainsi, le parc du château représente un élément essentiel et original dans la structuration et la confortation du centre-village</line>
<line>de Prévessin-Moëns.</line></par>
</text>
</block>
<block><region><rect/></region>
<text>
<par>
<line>Modification n'’2 du PLU de la commune de PRÉVESSIN*MOéNS - Orientations d'aménagement - Agence des TERRITOIRES</line></par>
</text>
</block>
<block><region><rect/></region>
<text>
<par>
<line>6</line></par>
</text>
</block>



</page>
<page width="2382" height="1719" resolution="200">
<block><region><rect/></region>
<text>
<par>
<line>OmFNlAHON I</line></par>
</text>
</block>
<block><region><rect/></region>
<text>
<par>
<line>CONCERNANT LE SECTEUR DES ACCULATS</line></par>
<par>
<line>Les intentions d'aménagement</line></par>
</text>
</block>
<block><region><rect/></region>
<text>
<par>
<line>En termes de desserte automobile</line></par>
</text>
</block>
<block><region><rect/></region>
<text>
<par>
<line>1.</line></par>
</text>
</block>
<block><region><rect/></region>
<text>
<par>
<line>2.</line></par>
</text>
</block>
<block><region><rect/></region>
<text>
<par>
<line>3.</line></par>
</text>
</block>
<block><region><rect/></region>
<text>
<par>
<line>Créer un seul accès au secteur à partir de la RD 35 b</line>
<line>Aménager ce carrefour de manière à coordonner l’accessibilité</line>
<line>de la zone et le réaménagement envisagé de la desserte du</line>
<line>collège.</line></par>
<par>
<line>Procéder à un traitement paysager spécifique de ce carrefour</line>
<line>afin de marquer de manière significative le lien qui existe entre</line>
<line>le secteur des Acculats et le parc du château. L’Idée retenue</line>
<line>étant de prolonger l'allée du parc du château en dehors de ses</line>
<line>limites actuelles afin de générer un Infléchissement du</line>
<line>caractère rectiligne de la RD 35 b qui permettrait de ralentir la</line>
<line>vitesse des véhicules et d'affirmer, par cet évènement</line>
<line>paysager, ta prééminence de la vie locale sur les flux de</line>
<line>circulation (voir schéma ci-après).</line></par>
<par>
<line>Réaliser, à partir de cet accès, un axe structurant en bordure</line>
<line>Est du site afin d’accéder à la zone.</line></par>
<par>
<line>Apporter un aménagement paysager fort et spécifique à cet</line>
<line>axe fonctionnel afin de permettre une continuité paysagère</line>
<line>entre ce dernier et l'axe historique du parc du château.</line></par>
<par>
<line>Créer une voie de desserte secondaire à partir de cet axe</line>
<line>principal de manière à desservir les constructions implantées</line>
<line>plus à l'Ouest.</line></par>
</text>
</block>
<block><region><rect/></region>
<text>
<par>
<line>Route</line>
<line>Maroc V</line></par>
</text>
</block>
<block><region><rect/></region>
<text>
<par>
<line>Mategnin</line></par>
</text>
</block>
<block><region><rect/></region>
<text>
<par/>
</text>
</block>
<block><region><rect/></region>
<text>
<par>
<line>Les Acculats</line></par>
</text>
</block>
<block><region><rect/></region>
<text>
<par>
<line>Re de</line></par>
</text>
</block>
<block><region><rect/></region>
<text>
<par/>
</text>
</block>
<block><region><rect/></region>
<text>
<par>
<line>;</line></par>
</text>
</block>
<block><region><rect/></region>
<text>
<par/>
</text>
</block>
<block><region><rect/></region>
<text>
<par/>
</text>
</block>
<block><region><rect/></region>
<text>
<par>
<line>m</line></par>
</text>
</block>
<block><region><rect/></region>
<text>
<par/>
</text>
</block>
<block><region><rect/></region>
<text>
<par>
<line>?*Mr</line></par>
</text>
</block>
<block><region><rect/></region>
<text>
<par/>
</text>
</block>
<block><region><rect/></region>
<text>
<par>
<line>PREVESSIN-MOENS |</line></par>
<par>
<line>SECTEUR DES ACCULATS</line></par>
</text>
</block>
<block><region><rect/></region>
<text>
<par>
<line>JETî</line></par>
</text>
</block>
<block><region><rect/></region>
<text>
<par>
<line>riffc</line></par>
</text>
</block>
<block><region><rect/></region>
<text>
<par/>
</text>
</block>
<block><region><rect/></region>
<text>
<par/>
</text>
</block>
<block><region><rect/></region>
<text>
<par>
<line>Aménager une aire de retournement en fin de voie afin de préserver la possibilité d’un raccordement à plus long terme sur la route du</line>
<line>Maroc.</line></par>
</text>
</block>
<block><region><rect/></region>
<text>
<par>
<line>4. Requalifier le carrefour RD 35 b/ route du Maroc sous la forme d’un carrefour giratoire afin de sécuriser les flux supplémentaires issus de</line>
<line>l'urbanisation de ce secteur, ainsi que de l’urbanisation envisagée sur le site de "La Bretonnière".</line></par>
</text>
</block>
<block><region><rect/></region>
<text>
<par>
<line>Modirication n°2 du PLU de la commune de PRÉVESSIN-MOëNS - Orientations d'aménagement - Agence des TERRITOIRES</line></par>
</text>
</block>
<block><region><rect/></region>
<text>
<par>
<line>7</line></par>
</text>
</block>



</page>
<page width="2395" height="1738" resolution="200">
<block><region><rect/></region>
<text>
<par>
<line>ORIENtATION 1</line></par>
</text>
</block>
<block><region><rect/></region>
<text>
<par>
<line>La connexion envisagée entre l'axe principal du secteur des Acculats et l'axe historique du parc du Château :</line></par>
</text>
</block>
<block><region><rect/></region>
<text>
<par/>
</text>
</block>
<block><region><rect/></region>
<text>
<par/>
</text>
</block>
<block><region><rect/></region>
<text>
<par/>
</text>
</block>
<block><region><rect/></region>
<text>
<par/>
</text>
</block>
<block><region><rect/></region>
<text>
<par/>
</text>
</block>
<block><region><rect/></region>
<text>
<par/>
</text>
</block>
<block><region><rect/><rect/></region>
<text>
<par>
<line>Vue sur un des axes historiques du</line>
<line>Château depuis le secteur des Acculats</line></par>
</text>
</block>
<block><region><rect/></region>
<text>
<par/>
</text>
</block>
<block><region><rect/></region>
<text>
<par>
<line>V</line></par>
</text>
</block>
<block><region><rect/></region>
<text>
<par/>
</text>
</block>
<block><region><rect/></region>
<text>
<par>
<line>V</line></par>
</text>
</block>
<block><region><rect/></region>
<text>
<par/>
</text>
</block>
<block><region><rect/></region>
<text>
<par/>
</text>
</block>
<block><region><rect/></region>
<text>
<par/>
</text>
</block>
<block><region><rect/></region>
<text>
<par>
<line>/</line></par>
</text>
</block>
<block><region><rect/></region>
<text>
<par>
<line>A</line></par>
</text>
</block>
<block><region><rect/></region>
<text>
<par/>
</text>
</block>
<block><region><rect/></region>
<text>
<par>
<line>«</line></par>
</text>
</block>
<block><region><rect/></region>
<text>
<par>
<line>vv;</line></par>
</text>
</block>
<block><region><rect/></region>
<text>
<par/>
</text>
</block>
<block><region><rect/></region>
<text>
<par>
<line>s</line></par>
</text>
</block>
<block><region><rect/></region>
<text>
<par/>
</text>
</block>
<block><region><rect/></region>
<text>
<par>
<line>«</line></par>
</text>
</block>
<block><region><rect/></region>
<text>
<par>
<line>f</line></par>
</text>
</block>
<block><region><rect/></region>
<text>
<par/>
</text>
</block>
<block><region><rect/></region>
<text>
<par>
<line>V'</line></par>
</text>
</block>
<block><region><rect/></region>
<text>
<par>
<line>lU</line></par>
</text>
</block>
<block><region><rect/></region>
<text>
<par>
<line>T*</line></par>
</text>
</block>
<block><region><rect/></region>
<text>
<par/>
</text>
</block>
<block><region><rect/></region>
<text>
<par>
<line>SSSà</line></par>
</text>
</block>
<block><region><rect/></region>
<text>
<par>
<line>Muu</line></par>
</text>
</block>
<block><region><rect/></region>
<text>
<par>
<line>V</line></par>
</text>
</block>
<block><region><rect/></region>
<text>
<par/>
</text>
</block>
<block><region><rect/></region>
<text>
<par>
<line>N</line></par>
</text>
</block>
<block><region><rect/></region>
<text>
<par/>
</text>
</block>
<block><region><rect/></region>
<text>
<par/>
</text>
</block>
<block><region><rect/></region>
<text>
<par/>
</text>
</block>
<block><region><rect/></region>
<text>
<par/>
</text>
</block>
<block><region><rect/></region>
<text>
<par>
<line>*;.\.</line></par>
</text>
</block>
<block><region><rect/></region>
<text>
<par>
<line>— -r-e</line></par>
</text>
</block>
<block><region><rect/></region>
<text>
<par>
<line>: _■«. Sir»</line></par>
</text>
</block>
<block><region><rect/></region>
<text>
<par/>
</text>
</block>
<block><region><rect/></region>
<text>
<par/>
</text>
</block>
<block><region><rect/></region>
<text>
<par>
<line>* ■■*</line></par>
</text>
</block>
<block><region><rect/></region>
<text>
<par>
<line>'* ‘U*.</line></par>
</text>
</block>
<block><region><rect/></region>
<text>
<par>
<line>l'I-</line></par>
</text>
</block>
<block><region><rect/></region>
<text>
<par/>
</text>
</block>
<block><region><rect/></region>
<text>
<par/>
</text>
</block>
<block><region><rect/></region>
<text>
<par>
<line>*■ *</line></par>
</text>
</block>
<block><region><rect/><rect/><rect/></region>
<text>
<par>
<line>Vue sur le secteur des Acculats depuis l'un des axes</line>
<line>historiques du parc de Château</line></par>
</text>
</block>
<block><region><rect/></region>
<text>
<par/>
</text>
</block>
<block><region><rect/></region>
<text>
<par/>
</text>
</block>
<block><region><rect/></region>
<text>
<par>
<line>Modification n'’2 du PLU de la commune de PRÉVESSIN-MOéNS - Orientations d’aménagement - Agence des TERRITOIRES</line></par>
</text>
</block>












</page>
<page width="2340" height="1659" resolution="200">
<block><region><rect/></region>
<text>
<par>
<line>ORIENTATION 1</line></par>
</text>
</block>
<block><region><rect/></region>
<text>
<par>
<line>En termes d'armature d’espaces publics et collectifs</line></par>
<par>
<line>■ Développer au sein du secteur ;</line></par>
<par>
<line>- un maillage de voies de desserte de proximité,</line></par>
<par>
<line>- des espaces collectifs et paysagers aux abords des constructions d'habitations afin de permettre la rencontre d’ambiances bâties et</line>
<line>d’ambiances naturelles et agricoles, qui dominent actuellement sur ce secteur,</line></par>
<par>
<line>- des placettes le long de l’axe structurant,</line></par>
<par>
<line>- un maillage de cheminements piétons et cycles, à l’intérieur de l’opération, en accompagnement des voies de desserte,</line></par>
<par>
<line>- un mail piéton le long de la piste cyclable existante en bordure du site le long de la RD 35 b.</line></par>
</text>
</block>
<block><region><rect/></region>
<text>
<par>
<line>En termes de forme urbaine et d'architecture</line></par>
</text>
</block>
<block><region><rect/></region>
<text>
<par>
<line>■ Créer deux secteurs bâtis aux caractéristiques urbanistiques différentes afin de faciliter l’insertion du futur quartier dans son</line>
<line>environnement immédiat :</line></par>
</text>
</block>
<block><region><rect/></region>
<text>
<par>
<line>- En partie Est, le long d’un axe structurant : un bâti aux</line>
<line>caractéristiques plus "citadines" devant conforter l’axe par</line>
<line>un alignement discontinu des constructions. Ces dernières</line>
<line>représenteront des volumétries comparables à celles de la</line>
<line>Z.A.C. de Chapeaurouge (située pour rappel de l’autre coté</line>
<line>du parc du Château), c’est-à-dire ; R+3+C ou attique</line>
<line>maximum,</line></par>
<par>
<line>En partie Ouest : de petits immeubles d’habitation aux</line>
<line>volumétries moins importantes (R+2+C) disposés de</line>
<line>manière plus "souple", en harmonie avec un environnement</line>
<line>plus paysager.</line></par>
<par>
<line>Ce principe de composition devrait permettre de concilier la</line>
<line>nécessité de structuration de la forme urbaine afin d’éviter</line>
<line>"l'aléatoire", et la transition avec l'environnement naturel et bâti</line>
<line>de faible densité environnant.</line></par>
</text>
</block>
<block><region><rect/></region>
<text>
<par>
<line>RD 35b</line></par>
</text>
</block>
<block><region><rect/></region>
<text>
<par/>
</text>
</block>
<block><region><rect/></region>
<text>
<par>
<line>Parti» Ou0st"</line></par>
</text>
</block>
<block><region><rect/></region>
<text>
<par>
<line>Partie Est</line></par>
</text>
</block>
<block><region><rect/></region>
<text>
<par>
<line>Axe de desserte structurait en</line>
<line>continuité de l'axe historique du</line>
<line>Parc du Château</line></par>
</text>
</block>
<block><region><rect/></region>
<text>
<par>
<line>Parc du</line>
<line>Château</line></par>
</text>
</block>
<block><region><rect/></region>
<text>
<par>
<line>PREVE5S(N • MOENS</line>
<line>SECTEUR DES ACCULATS</line></par>
</text>
</block>
<block><region><rect/></region>
<text>
<par>
<line>Zone réservée à</line>
<line>l'aménagement des</line>
<line>accès</line></par>
</text>
</block>
<block><region><rect/></region>
<text>
<par>
<line>Axe historioue du Parc du Château</line></par>
</text>
</block>
<block><region><rect/></region>
<text>
<par>
<line>Modification n°2 du PLU de la commune de PRÉVESSIN-MOÊNS - Orientations d'aménagement - Agence des TERRITOIRES</line></par>
</text>
</block>
<block><region><rect/></region>
<text>
<par>
<line>9</line></par>
</text>
</block>



</page>
<page width="2340" height="1658" resolution="200">
<block><region><rect/></region>
<text>
<par>
<line>ORIFNIAMON 1</line></par>
</text>
</block>
<block><region><rect/></region>
<text>
<par>
<line>En termes de programme</line></par>
<par>
<line>■ Permettre, pour l’ensemble du secteur, la réalisation d'environ 260 logements (130 pour la partie Est et 130 pour la partie Ouest).</line></par>
<par>
<line>■ Développer un projet d'habitat diversifié devant permettre une mixité sociale par la réalisation d'une part de logements locatifs aidés :</line></par>
<par>
<line>Pour la partie Ouest ; un périmètre sera inscrit au titre de l’article L.123 2 d) du Code de l'urbanisme pour la réalisation de</line>
<line>logements locatifs aidés qui seront réalisés par le biais de l'application de l’article L 127-1 du C.U. autorisant le dépassement de la</line>
<line>norme résultant de l'application du Coefficient d'Occupation des Sols, "dans la limite de 20% de la dite norme et dans le respect des</line>
<line>autres règles du P.O.S., sous réserve :</line></par>
<par>
<line>- D'une part, que la partie de la construction en dépassement ait la destination de logements à usage locatif bénéficiant d'un</line>
<line>concours financier de l'Etat au sens du 3“ de l'article L 351-2 du Code de la construction et de l'habitation (...) ;</line></par>
<par>
<line>- Et d'autre part, que le coût foncier imputé à ces logements locatifs sociaux n'excède pas un montant fixé par décret en Conseil</line>
<line>d'Etat selon les zones géographiques (..</line></par>
<par>
<line>Pour la partie Est, 40% de logement locatifs aidés seront réalisés sur foncier communal qui sera cédé à un opérateur à cet effet.</line></par>
<par>
<line>■ Réserver en entrée de site, dans la partie Est, une surface d'environ 700 m^ pour l'implantation d'activités économiques, soit en bâtiment</line>
<line>isolé, soit en rez-de-chaussée des constructions. Cette localisation, en bordure du secteur, permettra ainsi de faciliter leur accès.</line></par>
<par>
<line>■ Autoriser une densité globale de :</line></par>
<par>
<line>Pour la partie Ouest; 0.35,</line></par>
<par>
<line>Pour la partie Est: 0 60.</line></par>
</text>
</block>
<block><region><rect/></region>
<text>
<par>
<line>En termes de stationnement</line></par>
<par>
<line>■ Imposer une politique volontariste en matière de stationnement, si l’on veut conserver l'esprit du projet qui privilégie une ambiance</line>
<line>paysagère du site. Toutefois, des nuances s'imposent entre les deux secteurs, dues à la différence du degré de mixité sociale, ainsi que</line>
<line>des densités :</line></par>
<par>
<line>Pour la partie Ouest : I! est exigé 2.3 places de stationnement par logement dont 1.5 places en sous-sol.</line></par>
<par>
<line>Pour la partie Est : Il est exigé 2 places de stationnement par logement dont 1,3 place en sous-sol.</line></par>
<par>
<line>Sur l'ensemble du projet, plus de la moitié des places de stationnement seront donc en souterrain. Les autres places seront</line>
<line>extérieures et pour certaines banalisées. Il est entendu que les dispositions ci-dessus ne concernent pas le logement locatif aidé.</line></par>
</text>
</block>
<block><region><rect/></region>
<text>
<par>
<line>Modification n*2 du PLU de ta commune de PRÉVESSiN-MOÉNS - Orientations d'aménagement - Agence des TERRITOIRES</line></par>
</text>
</block>
<block><region><rect/></region>
<text>
<par>
<line>10</line></par>
</text>
</block>






</page>
<page width="2336" height="1653" resolution="200">
<block><region><rect/></region>
<text>
<par>
<line>ORIF-NTAHON 1</line></par>
</text>
</block>
<block><region><rect/></region>
<text>
<par>
<line>L'organisation, à titre illustratif, de la forme urbaine</line></par>
</text>
</block>
<block><region><rect/></region>
<text>
<par>
<line>f</line></par>
</text>
</block>
<block><region><rect/></region>
<text>
<par>
<line>O</line></par>
</text>
</block>
<block><region><rect/></region>
<text>
<par/>
</text>
</block>
<block><region><rect/></region>
<text>
<par>
<line>■V -F</line></par>
</text>
</block>
<block><region><rect/></region>
<text>
<par/>
</text>
</block>
<block><region><rect/></region>
<text>
<par/>
</text>
</block>
<block><region><rect/></region>
<text>
<par/>
</text>
</block>
<block><region><rect/></region>
<text>
<par>
<line>£</line></par>
</text>
</block>
<block><region><rect/></region>
<text>
<par>
<line>B</line></par>
</text>
</block>
<block><region><rect/></region>
<text>
<par>
<line>-:7</line></par>
</text>
</block>
<block><region><rect/></region>
<text>
<par>
<line>:Vi</line></par>
</text>
</block>
<block><region><rect/></region>
<text>
<par/>
</text>
</block>
<block><region><rect/></region>
<text>
<par>
<line>_ -J!'</line></par>
</text>
</block>
<block><region><rect/></region>
<text>
<par/>
</text>
</block>
<block><region><rect/></region>
<text>
<par/>
</text>
</block>
<block><region><rect/></region>
<text>
<par/>
</text>
</block>
<block><region><rect/></region>
<text>
<par>
<line>PREVESSIN -MOENS</line>
<line>SECTEUR DES ACCULAIS</line></par>
</text>
</block>
<block><region><rect/></region>
<text>
<par/>
</text>
</block>
<block><region><rect/></region>
<text>
<par>
<line>N?</line></par>
</text>
</block>
<block><region><rect/></region>
<text>
<par>
<line>N</line></par>
</text>
</block>
<block><region><rect/></region>
<text>
<par>
<line>X</line></par>
</text>
</block>
<block><region><rect/></region>
<text>
<par/>
</text>
</block>
<block><region><rect/></region>
<text>
<par/>
</text>
</block>
<block><region><rect/></region>
<text>
<par/>
</text>
</block>
<block><region><rect/></region>
<text>
<par/>
</text>
</block>
<block><region><rect/></region>
<text>
<par/>
</text>
</block>
<block><region><rect/></region>
<text>
<par/>
</text>
</block>
<block><region><rect/></region>
<text>
<par>
<line>^ \</line></par>
</text>
</block>
<block><region><rect/></region>
<text>
<par>
<line>DOCUMENT INDICATIF</line></par>
</text>
</block>
<block><region><rect/></region>
<text>
<par>
<line>Modification n°2 du PLU de la commune de PREVESSIN-MOENS - Orientations d’aménagement - Agence des TERRITOIRES</line></par>
</text>
</block>
<block><region><rect/></region>
<text>
<par>
<line>11</line></par>
</text>
</block>












<block blockType="Picture" blockName="" l="994" t="424" r="1082" b="450"><region><rect/></region>
</block>
<block blockType="Picture" blockName="" l="735" t="717" r="771" b="769"><region><rect/></region>
</block>
<block blockType="Picture" blockName="" l="973" t="686" r="1040" b="806"><region><rect/></region>
</block>
<block blockType="Picture" blockName="" l="668" t="1235" r="1189" b="1364"><region><rect/></region>
</block>
</page>
<page width="2336" height="1653" resolution="200">
<block><region><rect/></region>
<text>
<par>
<line>ORIENTATION 1</line></par>
</text>
</block>
<block><region><rect/></region>
<text>
<par>
<line>CONCERNANT LE SECTEUR DE LA BRETONNIERE</line>
<line>Les intentions d'aménagement</line></par>
</text>
</block>
<block><region><rect/></region>
<text>
<par>
<line>En termes de desserte automobile</line></par>
</text>
</block>
<block><region><rect/></region>
<text>
<par>
<line>1.</line></par>
</text>
</block>
<block><region><rect/></region>
<text>
<par>
<line>2.</line></par>
</text>
</block>
<block><region><rect/></region>
<text>
<par>
<line>Créer un seul accès au secteur à partir de la route de Mategnin.</line></par>
<par>
<line>Procéder à un traitement paysager spécifique de ce croisement</line>
<line>afin de marquer de manière significative le lien qui existe entre le</line>
<line>secteur de la Bretonnière et le parc du château. L'idée retenue</line>
<line>étant de prolonger l'allée du parc du château en dehors de ses</line>
<line>limites actuelles afin d'affirmer par cet évènement paysager la</line>
<line>prééminence de la vie locale; et donc des piétons, sur les flux de</line>
<line>circulation.</line></par>
<par>
<line>Réaliser, à partir de cet accès, un axe structurant en bordure Est</line>
<line>du site.</line></par>
<par>
<line>Apporter un aménagement paysager fort et spécifique à cet axe</line>
<line>fonctionnel afin de rappeler le traitement paysager des allées du</line>
<line>parc du château.</line></par>
</text>
</block>
<block><region><rect/></region>
<text>
<par/>
</text>
</block>
<block><region><rect/></region>
<text>
<par>
<line>DOCUMENT INDICATIF</line></par>
</text>
</block>
<block><region><rect/></region>
<text>
<par/>
</text>
</block>
<block><region><rect/></region>
<text>
<par/>
</text>
</block>
<block><region><rect/></region>
<text>
<par>
<line>«</line></par>
</text>
</block>
<block><region><rect/></region>
<text>
<par>
<line>Site d/rnplantatiori^</line>
<line>du futu.f groupe scolaire</line></par>
</text>
</block>
<block><region><rect/></region>
<text>
<par/>
</text>
</block>
<block><region><rect/></region>
<text>
<par/>
</text>
</block>
<block><region><rect/></region>
<text>
<par/>
</text>
</block>
<block><region><rect/></region>
<text>
<par>
<line>êr</line></par>
</text>
</block>
<block><region><rect/></region>
<text>
<par>
<line>09</line></par>
</text>
</block>
<block><region><rect/></region>
<text>
<par>
<line>00</line></par>
</text>
</block>
<block><region><rect/></region>
<text>
<par>
<line>0.</line></par>
</text>
</block>
<block><region><rect/></region>
<text>
<par>
<line>Perspective sur l'axe structurant du site de la Bretonnière</line></par>
</text>
</block>
<block><region><rect/></region>
<text>
<par>
<line>Modification n”2 du PLU de la commune de PRÉVESSIN-MOËNS - Orientations d'aménagement - Agence des TERRITOIRES</line></par>
</text>
</block>
<block><region><rect/></region>
<text>
<par>
<line>12</line></par>
</text>
</block>
















</page>
<page width="2340" height="1659" resolution="200">
<block><region><rect/></region>
<text>
<par>
<line>ORIENTAVION 1</line></par>
</text>
</block>
<block><region><rect/></region>
<text>
<par>
<line>3. Créer, à partir de cet axe principal, des voies de desserte de</line>
<line>proximité perpendiculaires à l'axe, afin de desservir les</line>
<line>constructions situées plus à l’Ouest du site.</line></par>
<par>
<line>Traiter les abords de ces voies en espaces verts.</line></par>
<par>
<line>Ces voies de desserte pourraient, à terme, devenir des liaisons</line>
<line>possibles entre les terrains situés plus à l'Ouest, à proximité de</line>
<line>la RD 35, et le site de "La Bretonnière".</line></par>
</text>
</block>
<block><region><rect/></region>
<text>
<par>
<line>Voie de desserte</line></par>
</text>
</block>
<block><region><rect/></region>
<text>
<par/>
</text>
</block>
<block><region><rect/></region>
<text>
<par>
<line>r-T \</line></par>
</text>
</block>
<block><region><rect/></region>
<text>
<par/>
</text>
</block>
<block><region><rect/></region>
<text>
<par/>
</text>
</block>
<block><region><rect/><rect/><rect/></region>
<text>
<par>
<line>- /\_</line></par>
</text>
</block>
<block><region><rect/></region>
<text>
<par>
<line>\! - &gt;</line></par>
</text>
</block>
<block><region><rect/></region>
<text>
<par/>
</text>
</block>
<block><region><rect/></region>
<text>
<par>
<line>Axe structurant</line></par>
</text>
</block>
<block><region><rect/></region>
<text>
<par>
<line>DOCUMENT INDICATIF</line></par>
</text>
</block>
<block><region><rect/></region>
<text>
<par>
<line>$</line></par>
</text>
</block>
<block><region><rect/></region>
<text>
<par/>
</text>
</block>
<block><region><rect/></region>
<text>
<par>
<line>0</line></par>
</text>
</block>
<block><region><rect/></region>
<text>
<par>
<line>0</line></par>
</text>
</block>
<block><region><rect/></region>
<text>
<par>
<line>0</line></par>
</text>
</block>
<block><region><rect/></region>
<text>
<par>
<line>0</line></par>
</text>
</block>
<block><region><rect/></region>
<text>
<par>
<line>t-#-</line></par>
</text>
</block>
<block><region><rect/></region>
<text>
<par>
<line>A</line></par>
</text>
</block>
<block><region><rect/></region>
<text>
<par/>
</text>
</block>
<block><region><rect/></region>
<text>
<par/>
</text>
</block>
<block><region><rect/></region>
<text>
<par>
<line>0</line></par>
</text>
</block>
<block><region><rect/></region>
<text>
<par>
<line>0</line></par>
</text>
</block>
<block><region><rect/></region>
<text>
<par>
<line>%</line></par>
</text>
</block>
<block><region><rect/></region>
<text>
<par/>
</text>
</block>
<block><region><rect/></region>
<text>
<par>
<line>0't</line></par>
</text>
</block>
<block><region><rect/></region>
<text>
<par>
<line>00</line></par>
</text>
</block>
<block><region><rect/></region>
<text>
<par>
<line>00</line></par>
</text>
</block>
<block><region><rect/></region>
<text>
<par>
<line>t</line></par>
</text>
</block>
<block><region><rect/></region>
<text>
<par>
<line>Modification 0*2 du PLU de la commune de PRÉVESSIN-MOÉNS - Orientations d'aménagement - Agence des TERRITOIRES</line></par>
</text>
</block>
<block><region><rect/></region>
<text>
<par>
<line>13</line></par>
</text>
</block>











</page>
<page width="2336" height="1653" resolution="200">
<block><region><rect/></region>
<text>
<par>
<line>ORIENTATION 1</line></par>
</text>
</block>
<block><region><rect/></region>
<text>
<par>
<line>En termes d'armature d'espaces publics et collectifs</line></par>
<par>
<line>■ Développer au sein du secteur un maillage de cheminements</line>
<line>piétons et cycles, à l’intérieur de l'opération, en</line>
<line>accompagnement des voies de desserte.</line></par>
<par>
<line>■ Préserver les caractéristqiues actuelles du site (ambiances</line>
<line>rurales et agricoles), en implantant des espaces collectifs et</line>
<line>paysagers aux abords des constructions d’habitations.</line></par>
</text>
</block>
<block><region><rect/></region>
<text>
<par>
<line>En termes de forme urbaine</line></par>
<par>
<line>■ Au Nord, implanter les constructions de part et d’autre de l’axe</line>
<line>de manière à structurer l'entrée du site (1).</line></par>
<par>
<line>■ Dans la partie centrale, implanter les constructions en suivant</line>
<line>une trame à dominante orthogonale (2).</line></par>
<par>
<line>■ Au bout de l'axe principal, c'est-à-dire au Sud du site,</line>
<line>implanter les constructions autour d'un espace collectif</line>
<line>significatif dans le but de créer une organisation significative</line>
<line>de la forme urbaine et marquer la fin de l’axe (3).</line></par>
</text>
</block>
<block><region><rect/></region>
<text>
<par/>
</text>
</block>
<block><region><rect/></region>
<text>
<par/>
</text>
</block>
<block><region><rect/></region>
<text>
<par/>
</text>
</block>
<block><region><rect/></region>
<text>
<par>
<line>4^</line></par>
</text>
</block>
<block><region><rect/></region>
<text>
<par>
<line>- — . s</line></par>
</text>
</block>
<block><region><rect/></region>
<text>
<par/>
</text>
</block>
<block><region><rect/></region>
<text>
<par/>
</text>
</block>
<block><region><rect/><rect/><rect/></region>
<text>
<par>
<line>DOCUMENT INDICATIF</line></par>
</text>
</block>
<block><region><rect/></region>
<text>
<par/>
</text>
</block>
<block><region><rect/></region>
<text>
<par>
<line>»</line></par>
</text>
</block>
<block><region><rect/></region>
<text>
<par>
<line>ê</line></par>
</text>
</block>
<block><region><rect/></region>
<text>
<par>
<line>à</line></par>
</text>
</block>
<block><region><rect/></region>
<text>
<par>
<line>0.</line></par>
</text>
</block>
<block><region><rect/></region>
<text>
<par>
<line>#</line></par>
</text>
</block>
<block><region><rect/></region>
<text>
<par>
<line>i</line></par>
</text>
</block>
<block><region><rect/></region>
<text>
<par/>
</text>
</block>
<block><region><rect/></region>
<text>
<par>
<line>w</line></par>
</text>
</block>
<block><region><rect/></region>
<text>
<par>
<line>«</line></par>
</text>
</block>
<block><region><rect/></region>
<text>
<par/>
</text>
</block>
<block><region><rect/></region>
<text>
<par/>
</text>
</block>
<block><region><rect/></region>
<text>
<par>
<line>Vue sur l'espace collectif significatif au bout de l'axe structurant</line></par>
</text>
</block>
<block><region><rect/></region>
<text>
<par>
<line>Modification r\°2 du PLU de la commune de PRÉVESSIN-MOËNS - Orientations d'aménagement - Agence des TERRITOIRES</line></par>
</text>
</block>
<block><region><rect/></region>
<text>
<par>
<line>14</line></par>
</text>
</block>








</page>
<page width="2336" height="1653" resolution="200">
<block><region><rect/></region>
<text>
<par>
<line>ORJENIATJON 1</line></par>
</text>
</block>
<block><region><rect/></region>
<text>
<par>
<line>En termes d'architecture et de programme</line></par>
<par>
<line>■ Décliner l’épanelage des constructions de R+3+C pour le collectif à R+1+C pour le semi collectif ou l'individuel groupé.</line></par>
<par>
<line>■ Permettre la réalisation de 300 à 350 logements.</line></par>
<par>
<line>■ Développer un projet d'habitat diversifié devant permettre une mixité sociale par la réalisation d'une part de logements locatifs aidés :</line></par>
<par>
<line>Un périmètre sera inscrit au titre de l'article L.123 2 d) du Code de l'urbanisme pour la réalisation de 25% de logements locatifs aidés.</line></par>
<par>
<line>■ Autoriser une densité globale de 0,50.</line></par>
<par>
<line>En termes de stationnement</line></par>
<par>
<line>■ Imposer une politique volontariste en matière de stationnement, si l’on veut conserver l'esprit du projet qui privilégie une ambiance</line>
<line>paysagère du site.</line></par>
<par>
<line>Il sera, notamment, exigé ;</line></par>
<par>
<line>pour le logement collectif ; 2.5 places de stationnement par logement dont 1,5 place en sous-sol. Pour la place de stationnement</line>
<line>située en extérieur, il sera demandé 0.5 place privative et 0.5 place banalisée.</line></par>
<par>
<line>pour l'habitat semi collectif et l'individuel groupé : 2 places de stationnement par logement dont 1 place en sous-sol ou couverte.</line></par>
<par>
<line>Sur l'ensemble du projet, plus de la moitié des places de stationnement seront en souterrain. Les autres places seront extérieures</line>
<line>et pour certaines banalisées.</line></par>
</text>
</block>
<block><region><rect/></region>
<text>
<par>
<line>Modification n°2 du PLU de la commune de PRÉVESSIN-MOëNS - Orientations d’aménagement - Agence des TERRITOIRES</line></par>
</text>
</block>
<block><region><rect/></region>
<text>
<par>
<line>15</line></par>
</text>
</block>


</page>
<page width="2336" height="1653" resolution="200">
<block><region><rect/></region>
<text>
<par>
<line>ORIENTAIION 1</line></par>
</text>
</block>
<block><region><rect/></region>
<text>
<par>
<line>L'organisation, à titre illustratif, de la forme urbaine</line></par>
</text>
</block>
<block><region><rect/></region>
<text>
<par/>
</text>
</block>
<block><region><rect/></region>
<text>
<par>
<line>■i .</line></par>
</text>
</block>
<block><region><rect/></region>
<text>
<par/>
</text>
</block>
<block><region><rect/></region>
<text>
<par/>
</text>
</block>
<block><region><rect/></region>
<text>
<par/>
</text>
</block>
<block><region><rect/></region>
<text>
<par/>
</text>
</block>
<block><region><rect/></region>
<text>
<par>
<line>Vf</line></par>
</text>
</block>
<block><region><rect/></region>
<text>
<par>
<line>ii’ ‘</line></par>
</text>
</block>
<block><region><rect/></region>
<text>
<par>
<line>t</line></par>
</text>
</block>
<block><region><rect/></region>
<text>
<par/>
</text>
</block>
<block><region><rect/></region>
<text>
<par/>
</text>
</block>
<block><region><rect/></region>
<text>
<par/>
</text>
</block>
<block><region><rect/></region>
<text>
<par/>
</text>
</block>
<block><region><rect/></region>
<text>
<par/>
</text>
</block>
<block><region><rect/></region>
<text>
<par/>
</text>
</block>
<block><region><rect/></region>
<text>
<par>
<line>Û</line></par>
</text>
</block>
<block><region><rect/></region>
<text>
<par/>
</text>
</block>
<block><region><rect/></region>
<text>
<par/>
</text>
</block>
<block><region><rect/></region>
<text>
<par>
<line>h „.</line></par>
</text>
</block>
<block><region><rect/></region>
<text>
<par>
<line>U</line></par>
</text>
</block>
<block><region><rect/></region>
<text>
<par>
<line>J</line></par>
</text>
</block>
<block><region><rect/></region>
<text>
<par>
<line>f. '</line></par>
</text>
</block>
<block><region><rect/></region>
<text>
<par>
<line>©</line></par>
</text>
</block>
<block><region><rect/></region>
<text>
<par/>
</text>
</block>
<block><region><rect/></region>
<text>
<par>
<line>r</line></par>
</text>
</block>
<block><region><rect/></region>
<text>
<par/>
</text>
</block>
<block><region><rect/></region>
<text>
<par>
<line>*</line></par>
</text>
</block>
<block><region><rect/></region>
<text>
<par/>
</text>
</block>
<block><region><rect/></region>
<text>
<par/>
</text>
</block>
<block><region><rect/></region>
<text>
<par>
<line>\</line></par>
</text>
</block>
<block><region><rect/></region>
<text>
<par/>
</text>
</block>
<block><region><rect/></region>
<text>
<par/>
</text>
</block>
<block><region><rect/></region>
<text>
<par/>
</text>
</block>
<block><region><rect/></region>
<text>
<par>
<line>DOCUMENT INDICATIF</line></par>
</text>
</block>
<block><region><rect/></region>
<text>
<par>
<line>Modification n°2 du PLU de la commune de PRÉVESSIN-MOËNS - Orientations d'aménagement - Agence des TERRITOIRES</line></par>
</text>
</block>
<block><region><rect/></region>
<text>
<par>
<line>16</line></par>
</text>
</block>









<block blockType="Picture" blockName="" l="1577" t="477" r="1635" b="536"><region><rect/></region>
</block>
<block blockType="Picture" blockName="" l="689" t="487" r="721" b="547"><region><rect/></region>
</block>
<block blockType="Picture" blockName="" l="1018" t="849" r="1134" b="935"><region><rect/></region>
</block>
<block blockType="Picture" blockName="" l="1204" t="776" r="1289" b="844"><region><rect/></region>
</block>
<block blockType="Picture" blockName="" l="1260" t="1006" r="1343" b="1059"><region><rect/></region>
</block>
</page>
<page width="2343" height="1662" resolution="200">
<block><region><rect/></region>
<text>
<par>
<line>ORIENTATION 1</line></par>
</text>
</block>
<block><region><rect/></region>
<text>
<par>
<line>L'insertion du projet dans son environnement</line></par>
</text>
</block>
<block><region><rect/></region>
<text>
<par>
<line>f</line></par>
</text>
</block>
<block><region><rect/></region>
<text>
<par>
<line>v</line></par>
</text>
</block>
<block><region><rect/></region>
<text>
<par/>
</text>
</block>
<block><region><rect/></region>
<text>
<par/>
</text>
</block>
<block><region><rect/></region>
<text>
<par/>
</text>
</block>
<block><region><rect/></region>
<text>
<par/>
</text>
</block>
<block><region><rect/></region>
<text>
<par/>
</text>
</block>
<block><region><rect/></region>
<text>
<par>
<line>«4</line></par>
</text>
</block>
<block><region><rect/></region>
<text>
<par>
<line>‘4</line></par>
</text>
</block>
<block><region><rect/></region>
<text>
<par/>
</text>
</block>
<block><region><rect/></region>
<text>
<par>
<line>s-?</line></par>
</text>
</block>
<block><region><rect/></region>
<text>
<par>
<line>m</line></par>
</text>
</block>
<block><region><rect/></region>
<text>
<par/>
</text>
</block>
<block><region><rect/></region>
<text>
<par>
<line>»</line></par>
</text>
</block>
<block><region><rect/></region>
<text>
<par/>
</text>
</block>
<block><region><rect/></region>
<text>
<par/>
</text>
</block>
<block><region><rect/></region>
<text>
<par>
<line>4</line></par>
</text>
</block>
<block><region><rect/></region>
<text>
<par/>
</text>
</block>
<block><region><rect/></region>
<text>
<par/>
</text>
</block>
<block><region><rect/></region>
<text>
<par/>
</text>
</block>
<block><region><rect/></region>
<text>
<par/>
</text>
</block>
<block><region><rect/></region>
<text>
<par>
<line>1</line></par>
</text>
</block>
<block><region><rect/><rect/></region>
<text>
<par/>
</text>
</block>
<block><region><rect/></region>
<text>
<par/>
</text>
</block>
<block><region><rect/></region>
<text>
<par/>
</text>
</block>
<block><region><rect/></region>
<text>
<par/>
</text>
</block>
<block><region><rect/></region>
<text>
<par/>
</text>
</block>
<block><region><rect/></region>
<text>
<par>
<line>Ni</line></par>
</text>
</block>
<block><region><rect/></region>
<text>
<par/>
</text>
</block>
<block><region><rect/></region>
<text>
<par/>
</text>
</block>
<block><region><rect/></region>
<text>
<par>
<line>h.</line></par>
</text>
</block>
<block><region><rect/></region>
<text>
<par/>
</text>
</block>
<block><region><rect/></region>
<text>
<par/>
</text>
</block>
<block><region><rect/></region>
<text>
<par>
<line>S</line></par>
</text>
</block>
<block><region><rect/></region>
<text>
<par/>
</text>
</block>
<block><region><rect/></region>
<text>
<par>
<line>i</line></par>
</text>
</block>
<block><region><rect/></region>
<text>
<par/>
</text>
</block>
<block><region><rect/></region>
<text>
<par>
<line>I</line></par>
</text>
</block>
<block><region><rect/></region>
<text>
<par/>
</text>
</block>
<block><region><rect/></region>
<text>
<par/>
</text>
</block>
<block><region><rect/></region>
<text>
<par>
<line>»</line></par>
</text>
</block>
<block><region><rect/></region>
<text>
<par/>
</text>
</block>
<block><region><rect/></region>
<text>
<par>
<line>\</line></par>
</text>
</block>
<block><region><rect/></region>
<text>
<par>
<line>'t</line></par>
</text>
</block>
<block><region><rect/></region>
<text>
<par/>
</text>
</block>
<block><region><rect/></region>
<text>
<par/>
</text>
</block>
<block><region><rect/></region>
<text>
<par/>
</text>
</block>
<block><region><rect/></region>
<text>
<par/>
</text>
</block>
<block><region><rect/></region>
<text>
<par>
<line>1</line></par>
</text>
</block>
<block><region><rect/></region>
<text>
<par/>
</text>
</block>
<block><region><rect/></region>
<text>
<par>
<line>&lt;</line></par>
</text>
</block>
<block><region><rect/><rect/></region>
<text>
<par>
<line>sr^*v</line></par>
</text>
</block>
<block><region><rect/></region>
<text>
<par>
<line>'i *•</line></par>
</text>
</block>
<block><region><rect/></region>
<text>
<par>
<line>DOCUMENT INDICATIF</line></par>
</text>
</block>
<block><region><rect/></region>
<text>
<par>
<line>Modificalion n*2 du PLU de la commune de PRÉVESSIN-MOëNS - Orientations d'aménagement - Agence des TERRITOIRES</line></par>
</text>
</block>
<block><region><rect/></region>
<text>
<par>
<line>17</line></par>
</text>
</block>








</page>
<page width="2341" height="1660" resolution="200">
<block><region><rect/></region>
<text>
<par>
<line>ORIENTATKJN 2</line></par>
</text>
</block>
<block><region><rect/></region>
<text>
<par>
<line>Le projet d'aménagement au lieu-dit "Aux Pugins"</line></par>
</text>
</block>
<block><region><rect/></region>
<text>
<par>
<line>Modification n®2 du PLU de ta commune de PRÉVESSIN-MOéNS - Orientations d'aménagement - Agence des TERRITOIRES</line></par>
</text>
</block>
<block><region><rect/></region>
<text>
<par>
<line>18</line></par>
</text>
</block>










</page>
<page width="2336" height="1653" resolution="200">
<block><region><rect/></region>
<text>
<par>
<line>ORIFNTAI ION 2</line></par>
</text>
</block>
<block><region><rect/></region>
<text>
<par>
<line>Le site concerné</line></par>
</text>
</block>
<block><region><rect/></region>
<text>
<par>
<line>■ Cet espace actuellement exploité par l’agriculture (pré</line>
<line>de fauche), est délimité :</line></par>
<par>
<line>au Nord-est par la route de Mategnin, qui le sépare</line>
<line>du centre de Prévessin-Moëns,</line></par>
<par>
<line>au Nord-ouest par le site de La Bretonnière qui</line>
<line>accueillera prochainement le nouveau groupe</line>
<line>scolaire de la commune,</line></par>
<par>
<line>au Sud-est et Sud-ouest, par un secteur d’habitat de</line>
<line>faible densité.</line></par>
</text>
</block>
<block><region><rect/></region>
<text>
<par>
<line>■ En termes de topographie, le site présente une surface</line>
<line>globalement plane d'environ 1,4 hectare.</line></par>
</text>
</block>
<block><region><rect/></region>
<text>
<par>
<line>■ Aucune sensibilité environnementale particulière n’a été</line>
<line>identifiée.</line></par>
</text>
</block>
<block><region><rect/></region>
<text>
<par>
<line>Les Acculais</line></par>
</text>
</block>
<block><region><rect/></region>
<text>
<par>
<line>Parc public- d#SS^SSin-Woi</line></par>
<par>
<line>duchâtêau w ^</line></par>
<par>
<line>■' ZAC de</line></par>
</text>
</block>
<block><region><rect/></region>
<text>
<par>
<line>V</line></par>
</text>
</block>
<block><region><rect/><rect/></region>
<text>
<par>
<line>X</line></par>
</text>
</block>
<block><region><rect/></region>
<text>
<par>
<line>&lt; ♦</line></par>
</text>
</block>
<block><region><rect/></region>
<text>
<par>
<line>La Bretonnière ^ 'S'V; ' \</line></par>
<par>
<line>V "AùxPudin^'^ rv&gt;</line></par>
</text>
</block>
<block><region><rect/></region>
<text>
<par>
<line>^ X-.. &gt; •• ' &gt;</line></par>
<par>
<line>4 - V »••••&gt; ^</line></par>
</text>
</block>
<block><region><rect/></region>
<text>
<par>
<line>A ,</line></par>
</text>
</block>
<block><region><rect/></region>
<text>
<par/>
</text>
</block>
<block><region><rect/></region>
<text>
<par>
<line>s*</line></par>
<par>
<line>».&gt;y '</line></par>
<par>
<line>Ka^:</line></par>
</text>
</block>
<block><region><rect/></region>
<text>
<par>
<line>Modification n°2 du PLU de la commune de PRÉVESSIN-MOËNS - Orientations d'aménagement - Agence des TERRITOIRES</line></par>
</text>
</block>
<block><region><rect/></region>
<text>
<par>
<line>19</line></par>
</text>
</block>





</page>
<page width="2336" height="1653" resolution="200">
<block><region><rect/></region>
<text>
<par>
<line>ORIENTATION 2</line></par>
</text>
</block>
<block><region><rect/></region>
<text>
<par>
<line>Les intentions d’aménagement</line></par>
</text>
</block>
<block><region><rect/></region>
<text>
<par>
<line>En termes de forme urbaine</line></par>
<par>
<line>■ L'urbanisation du site se réalisera par une opération</line>
<line>d'aménagement au sens du Code de l'Urbanisme portant sur</line>
<line>la totalité du ténement foncier, en faveur d'une cohérence de</line>
<line>la forme urbaine, d'une optimisation de l'espace et d'une</line>
<line>meilleure fonctionnalité.</line></par>
</text>
</block>
<block><region><rect/></region>
<text>
<par>
<line>L’opération à réaliser comptera une cinquantaine de</line>
<line>logements déclinant deux types de formes urbaines afin de</line>
<line>faciliter l’insertion du projet dans son environnement</line>
<line>immédiat :</line></par>
<par>
<line>Sur le secteur S1 : développer un habitat à vocation</line>
<line>dominante collective semi collective.</line></par>
<par>
<line>Sur le secteur S2 : développer un habitat aux</line>
<line>volumétries moins importantes (individuel groupé).</line></par>
<par>
<line>Par ailleurs, la commune a inscrit sur ce secteur un</line>
<line>périmètre au titre de l’article L 123.2 d du Code de</line>
<line>l’Urbanisme en vue de la réalisation de 20% de logements</line>
<line>aidés.</line></par>
</text>
</block>
<block><region><rect/><rect/></region>
<text>
<par>
<line>En termes de desserte automobile</line></par>
<par>
<line>■ Le site sera desservi à partir d'un accès principal situé sur la</line></par>
<par>
<line>route de Mategnin (1), et d'un accès secondaire depuis le chemin</line>
<line>des Pugins (2).</line></par>
</text>
</block>
<block><region><rect/></region>
<text>
<par>
<line>Schéma d'aménagement</line>
<line>* * ^ Liaison piétonne et cycle à créer</line>
<line>Accès au site</line></par>
</text>
</block>
<block><region><rect/></region>
<text>
<par>
<line>Modification n'’2 du PLU de la commune de PRÉVESSIN-MOÊNS - Orientations d’aménagement - Agence des TERRITOIRES</line></par>
</text>
</block>
<block><region><rect/></region>
<text>
<par>
<line>20</line></par>
</text>
</block>





</page>
<page width="2336" height="1653" resolution="200">
<block><region><rect/></region>
<text>
<par>
<line>ORIENTATION 2</line></par>
</text>
</block>
<block><region><rect/></region>
<text>
<par>
<line>En termes d'armature d'espaces publics et collectifs, prévoir :</line></par>
</text>
</block>
<block><region><rect/></region>
<text>
<par>
<line>■ une placette au niveau de l'accès principal afin de valoriser</line>
<line>l'entrée du site (3).</line></par>
<par>
<line>■ des espaces collectifs et paysagers aux abords des</line>
<line>constructions d’habitations.</line></par>
<par>
<line>■ un cheminement piéton et cycle (4) et un espace paysager</line>
<line>(5) le long de la route de Mategnin.</line></par>
</text>
</block>
<block><region><rect/></region>
<text>
<par>
<line>T</line></par>
</text>
</block>
<block><region><rect/></region>
<text>
<par/>
</text>
</block>
<block><region><rect/></region>
<text>
<par>
<line>•I II tii? im u«JÉK«</line></par>
</text>
</block>
<block><region><rect/></region>
<text>
<par/>
</text>
</block>
<block><region><rect/></region>
<text>
<par>
<line>•ns</line></par>
</text>
</block>
<block><region><rect/></region>
<text>
<par>
<line>A»</line></par>
</text>
</block>
<block><region><rect/></region>
<text>
<par>
<line>.</line></par>
</text>
</block>
<block><region><rect/></region>
<text>
<par>
<line>• .</line></par>
</text>
</block>
<block><region><rect/></region>
<text>
<par>
<line>Schéma d'aménagement</line></par>
</text>
</block>
<block><region><rect/></region>
<text>
<par>
<line>*41 • • • ^ Liaison piétonne et cycle à créer</line>
<line>^ ► Accès au site</line></par>
</text>
</block>
<block><region><rect/></region>
<text>
<par>
<line>Modification n''2 du PLU de la commune de PRÉVESSIN-MOËNS - Orientations d'aménagement - Agence des TERRITOIRES</line></par>
</text>
</block>
<block><region><rect/></region>
<text>
<par>
<line>21</line></par>
</text>
</block>


</page>
<page width="2336" height="1653" resolution="200">
<block><region><rect/></region>
<text>
<par>
<line>ORIENTATION 3</line></par>
</text>
</block>
<block><region><rect/></region>
<text>
<par>
<line>Le projet de confortation et de structuration du hameau de</line></par>
<par>
<line>Brétigny</line></par>
</text>
</block>
<block><region><rect/></region>
<text>
<par>
<line>Modification n°2 du PLU de la commune de PRÉVESSIN-MOÊNS - Orientations d’aménagement - Agence des TERRITOIRES</line></par>
</text>
</block>
<block><region><rect/></region>
<text>
<par>
<line>22</line></par>
</text>
</block>






</page>
<page width="2336" height="1653" resolution="200">
<block><region><rect/></region>
<text>
<par>
<line>ORIFNIATION 3</line></par>
</text>
</block>
<block><region><rect/></region>
<text>
<par>
<line>Le site concerné</line></par>
</text>
</block>
<block><region><rect/></region>
<text>
<par>
<line>■ Le projet d’aménagement a été défini à partir d’un secteur de réflexion</line>
<line>établi en continuité Est du hameau de Brétigny devant contribuer</line>
<line>progressivement à sa structuration et à sa confortation.</line></par>
<par>
<line>■ Il s'agit d'un site, relativement plat, d’environ 2,9 hectares, situé dans</line>
<line>un hameau dominé par des ambiances rurales et agricoles.</line></par>
<par>
<line>■ Quelques habitations, dont certaines traditionnelles, sont présentes en</line>
<line>bordure du site.</line></par>
<par>
<line>■ Aucune valeur écologique particulaire n'a été identifiée sur les lieux.</line></par>
</text>
</block>
<block><region><rect/></region>
<text>
<par/>
</text>
</block>
<block><region><rect/></region>
<text>
<par>
<line>Modification n°2 du PLU de la commune de PRÉVESSIN-MOèNS - Orientations d'aménagement - Agence des TERRITOIRES</line></par>
</text>
</block>
<block><region><rect/></region>
<text>
<par>
<line>23</line></par>
</text>
</block>




<block blockType="Picture" blockName="" l="1273" t="274" r="2153" b="1137"><region><rect/></region>
</block>
</page>
<page width="2336" height="1653" resolution="200">
<block><region><rect/></region>
<text>
<par>
<line>ORIENTATION 3</line></par>
</text>
</block>
<block><region><rect/></region>
<text>
<par>
<line>Les intentions d'aménagement</line></par>
</text>
</block>
<block><region><rect/><rect/></region>
<text>
<par>
<line>En termes de forme urbaine et de programme</line></par>
<par>
<line>■ Organiser, à partir du maillage de nouvelles voies de desserte, une morphologie</line>
<line>urbaine s’appuyant sur les caractéristiques du hameau avec ;</line></par>
<par>
<line>en partie Ouest, un développement de l’urbanisation qui favorise une</line>
<line>certaine densité des constructions en continuité avec le bâti traditionnel,</line>
<line>en partie Est, un développement de l’urbanisation sous la forme de</line>
<line>logements individuels et/ou individuels groupés, en cohérence avec le tissu</line>
<line>pavillonnaire proche au Nord et au Sud.</line></par>
<par>
<line>■ Réaliser pour chacun de ces secteurs, une opération d'aménagement au sens</line>
<line>du Code de l’Urbanisme portant sur la totalité du tènement foncier, en faveur</line>
<line>d'une cohérence de la forme urbaine, d'une optimisation de l'espace et d'une</line>
<line>meilleure fonctionnalité, prévoyant ;</line></par>
<par>
<line>en partie Ouest, une opération de logements collectifs et/ou intermédiaires,</line>
<line>en partie Est, une opération de logements individuels et/ou individuels</line>
<line>groupés.</line></par>
<par>
<line>■ Inscrire un périmètre au titre de l’article L 123.1.16 du C.U. pour la réalisation de</line>
<line>20% de logements locatifs aidés pour chacune des opérations.</line></par>
<par>
<line>En termes de desserte automobile</line></par>
<par>
<line>■ Créer deux accès au site, le premier à partir de la route de Segny, le second à partir de la route de Villard, qui seront reliés par la</line>
<line>réalisation d'une voie de desserte structurante.</line></par>
<par>
<line>■ Réaliser, à partir de cette voie, un maillage de voies de desserte de proximité perpendiculaire à cette voie structurante, afin de desservir</line>
<line>les constructions situées plus à l'Ouest et plus à l’Est.</line></par>
</text>
</block>
<block><region><rect/></region>
<text>
<par>
<line>I</line></par>
</text>
</block>
<block><region><rect/></region>
<text>
<par>
<line>Schéma d’aménagement</line></par>
</text>
</block>
<block><region><rect/></region>
<text>
<par>
<line>En termes d'armature d'espaces publics et collectifs</line></par>
<par>
<line>■ Préserver les caractéristiques paysagères du hameau, en implantant des espaces collectifs et paysagers aux abords des constructions</line>
<line>d'habitations.</line></par>
<par>
<line>■ Développer ;</line></par>
<par>
<line>un espace villageois à dominante minérale.</line></par>
<par>
<line>un maillage de cheminements piétons et cycles, en accompagnement des voies de desserte.</line></par>
</text>
</block>
<block><region><rect/></region>
<text>
<par>
<line>Modification n°2 du PLU de la commune de PRÉVESSIN-MOËNS - Orientations d'aménagement - Agence des TERRITOIRES</line></par>
</text>
</block>
<block><region><rect/></region>
<text>
<par>
<line>24</line></par>
</text>
</block>



<block blockType="Picture" blockName="" l="1445" t="327" r="2154" b="925"><region><rect/></region>
</block>
</page>
<page width="2336" height="1653" resolution="200">
<block><region><rect/></region>
<text>
<par>
<line>ORiPNIAÎlON 4</line></par>
</text>
</block>
<block><region><rect/></region>
<text>
<par>
<line>L’identification d'espaces propices à un aménagement</line></par>
<par>
<line>d'ensemble au hameau de Moëns</line></par>
</text>
</block>
<block><region><rect/></region>
<text>
<par>
<line>Modification n'’2 du PLU de la commune de PRÉVESSIN-MOËNS - Orientations d'aménagement - Agence des TERRITOIRES</line></par>
</text>
</block>
<block><region><rect/></region>
<text>
<par>
<line>25</line></par>
</text>
</block>




</page>
<page width="2348" height="1670" resolution="200">
<block><region><rect/></region>
<text>
<par>
<line>ORIEN IAUON 4</line></par>
</text>
</block>
<block><region><rect/></region>
<text>
<par>
<line>Les sites concernés</line></par>
</text>
</block>
<block><region><rect/></region>
<text>
<par>
<line>■ Il s'agit de deux secteurs :</line>
<line>relativement plats,</line>
<line>libres de toute construction,</line></par>
<par>
<line>d'environ 1,3 hectares pour le secteur A et 1,9</line>
<line>hectares pour le secteur B,</line></par>
<par>
<line>situés à l'extrémité Nord-est de Prévessin-Moëns,</line>
<line>en limite communale avec Ornex,</line></par>
<par>
<line>en continuité de quartiers résidentiels de faible</line>
<line>densité,</line></par>
<par>
<line>et, ne présentant pas de valeur écologique</line>
<line>particulière.</line></par>
</text>
</block>
<block><region><rect/><rect/></region>
<text>
<par/>
</text>
</block>
<block><region><rect/></region>
<text>
<par>
<line>Secteur d'urbanisation</line>
<line>future envisagé au lieuj^ï-..</line></par>
</text>
</block>
<block><region><rect/></region>
<text>
<par>
<line>dit "Baritef</line></par>
</text>
</block>
<block><region><rect/></region>
<text>
<par>
<line>a’-'O-...</line></par>
</text>
</block>
<block><region><rect/></region>
<text>
<par>
<line>» ' * * ’? *</line></par>
<par>
<line>./ futürp falsanLpobjet</line></par>
</text>
</block>
<block><region><rect/><rect/></region>
<text>
<par>
<line>'■ .J.. ... , ■ d'une Orientation</line></par>
<par>
<line>^ . d’Aménag'Iment aO ^</line></par>
<par>
<line>. \ ® \-fi;-, /</line></par>
</text>
</block>
<block><region><rect/></region>
<text>
<par>
<line>‘ Secteth" d'urfe^satli</line></par>
<par>
<line>i ftlfiirA ânv1)ic*9r«A 'an li^</line></par>
</text>
</block>
<block><region><rect/></region>
<text>
<par>
<line>t '</line></par>
</text>
</block>
<block><region><rect/></region>
<text>
<par>
<line>St * ^Seçteiir d’urbamsatlon</line></par>
<par>
<line>&gt; future en.\&gt;teage au lleu-^^ ‘</line>
<line>. 'S^it/'kes P^riéres"</line></par>
</text>
</block>
<block><region><rect/></region>
<text>
<par>
<line>Modification n‘'2 du PLU de la commune de PRÉVESSIN-MOêNS - Orientations d'aménagement - Agence des TERRITOIRES</line></par>
</text>
</block>
<block><region><rect/></region>
<text>
<par>
<line>26</line></par>
</text>
</block>




</page>
<page width="2336" height="1653" resolution="200">
<block><region><rect/></region>
<text>
<par>
<line>ORiENTAriON 4</line></par>
</text>
</block>
<block><region><rect/></region>
<text>
<par>
<line>CONCERNANT LE SECTEUR "BARITET"</line></par>
</text>
</block>
<block><region><rect/></region>
<text>
<par>
<line>Les intentions d'aménagement</line></par>
</text>
</block>
<block><region><rect/></region>
<text>
<par>
<line>Réaliser une opération d'aménagement au sens du Code de l’Urbanisme</line>
<line>portant sur la totalité du tènement foncier, en faveur d’une cohérence de la</line>
<line>forme urbaine, d'une optimisation de l'espace et d'une meilleure</line>
<line>fonctionnalité, prévoyant :</line></par>
<par>
<line>Une opération de logements individuels et/ou individuels groupés.</line></par>
<par>
<line>Une desserte automobile depuis un accès situé sur le chemin des</line></par>
<par>
<line>Meuniers (1),</line></par>
<par>
<line>Un espace collectif d'environ 500 m^ (2).</line></par>
</text>
</block>
<block><region><rect/></region>
<text>
<par>
<line>Inscrire un périmètre au titre de l’article L 123.2 d) du C.U. pour la</line>
<line>réalisation de 25% de logements locatifs aidés sur l'ensemble de</line>
<line>l'opération.</line></par>
</text>
</block>
<block><region><rect/></region>
<text>
<par>
<line>Chemin des</line>
<line>Meuniers &gt;</line></par>
</text>
</block>
<block><region><rect/></region>
<text>
<par>
<line>\ V</line></par>
</text>
</block>
<block><region><rect/></region>
<text>
<par/>
</text>
</block>
<block><region><rect/></region>
<text>
<par>
<line>secteur</line></par>
<par>
<line>d'urbanisation future</line>
<line>Inscrit au P.L.U. d’Ornex</line></par>
</text>
</block>
<block><region><rect/></region>
<text>
<par>
<line>\</line></par>
</text>
</block>
<block><region><rect/></region>
<text>
<par>
<line>A</line></par>
</text>
</block>
<block><region><rect/></region>
<text>
<par>
<line>Schéma d’aménagement</line></par>
</text>
</block>
<block><region><rect/></region>
<text>
<par>
<line>Modification n'’2 du PLU de la commune de PRÉVESSIN-MOËNS - Orientations d'aménagement - Agence des TERRITOIRES</line></par>
</text>
</block>
<block><region><rect/></region>
<text>
<par>
<line>27</line></par>
</text>
</block>




<block blockType="Picture" blockName="" l="1344" t="351" r="2139" b="1303"><region><rect/></region>
</block>
</page>
<page width="2361" height="1689" resolution="200">
<block><region><rect/></region>
<text>
<par>
<line>ORIENTAI ION 4</line></par>
</text>
</block>
<block><region><rect/></region>
<text>
<par>
<line>CONCERNANT LE SECTEUR "LES FERRIERES"</line>
<line>Les intentions d'aménagement</line></par>
</text>
</block>
<block><region><rect/></region>
<text>
<par>
<line>Réaliser une opération d'aménagement au sens</line>
<line>du Code de l’Urbanisme portant sur la totalité du</line>
<line>tènement foncier, en faveur d'une cohérence de</line>
<line>la forme urbaine, d'une optimisation de l'espace</line>
<line>et d'une meilleure fonctionnalité, prévoyant.</line></par>
<par>
<line>Une opération de logements Individuels et/ou</line>
<line>individuels groupés,</line></par>
<par>
<line>Une desserte principale automobile et de</line>
<line>service du secteur qui se fera depuis le</line>
<line>chemin des Ferrières (1),</line></par>
<par>
<line>Pour des questions de sécurité et de bon</line>
<line>fonctionnement des services publics, un</line>
<line>débouché secondaire depuis le chemin de la</line>
<line>Garenne (2),</line></par>
<par>
<line>Une voie de desserte de proximité (3).</line></par>
<par>
<line>Un espace collectif d'environ 700 m^ (4).</line></par>
</text>
</block>
<block><region><rect/></region>
<text>
<par>
<line>Inscrire un périmètre au titre de l'article L 123.2</line>
<line>d) du C.U. pour la réalisation de 25% de</line>
<line>logements locatifs aidés sur l'ensemble de</line>
<line>l'opération.</line></par>
</text>
</block>
<block><region><rect/></region>
<text>
<par>
<line>Z'</line></par>
</text>
</block>
<block><region><rect/></region>
<text>
<par/>
</text>
</block>
<block><region><rect/></region>
<text>
<par/>
</text>
</block>
<block><region><rect/></region>
<text>
<par>
<line>F</line></par>
</text>
</block>
<block><region><rect/></region>
<text>
<par/>
</text>
</block>
<block><region><rect/></region>
<text>
<par>
<line>S</line></par>
</text>
</block>
<block><region><rect/></region>
<text>
<par>
<line>\</line></par>
</text>
</block>
<block><region><rect/></region>
<text>
<par>
<line>Schéma d’aménagement</line></par>
</text>
</block>
<block><region><rect/></region>
<text>
<par>
<line>Modification n®2 du PLU de la commune de PRÉVESSIN-MOëNS - Orientations d'aménagement ~ Agence des TERRITOIRES</line></par>
</text>
</block>
<block><region><rect/></region>
<text>
<par>
<line>28</line></par>
</text>
</block>






<block blockType="Picture" blockName="" l="974" t="391" r="2140" b="1345"><region><rect/></region>
</block>
</page>
<page width="2363" height="1691" resolution="200">
<block><region><rect/></region>
<text>
<par>
<line>ORIENTATION 5</line></par>
</text>
</block>
<block><region><rect/></region>
<text>
<par>
<line>Le projet d'aménagement au lieu-dit "Magny hameau"</line></par>
</text>
</block>
<block><region><rect/></region>
<text>
<par>
<line>Modification n"! du PLU de la commune de PRÉVESSIN-MOÉNS - Orientations d'aménagement - Agence des TERRITOIRES</line></par>
</text>
</block>
<block><region><rect/></region>
<text>
<par>
<line>29</line></par>
</text>
</block>




</page>
<page width="2358" height="1684" resolution="200">
<block><region><rect/></region>
<text>
<par>
<line>ORIENTA nON 5</line></par>
</text>
</block>
<block><region><rect/></region>
<text>
<par>
<line>Le site concerné</line></par>
</text>
</block>
<block><region><rect/></region>
<text>
<par>
<line>■ Il s'agit d'un secteur :</line></par>
<par>
<line>en légère pente, libre de toute construction, d’environ 0.7 hectare,</line></par>
<par>
<line>- situé en continuité de quartiers résidentiels de faible densité, et "séparé" du reste du secteur de Champ Corboz par une haie,</line>
<line>identifiée au document graphique au titre de l'article L 123.1.7 du Code de l'Urbanisme,</line></par>
</text>
</block>
<block><region><rect/></region>
<text>
<par>
<line>■ Ce secteur, qui ne présente pas de valeur</line>
<line>écologique particulière, est actuellement utilisé</line>
<line>comme pré de fauche.</line></par>
</text>
</block>
<block><region><rect/></region>
<text>
<par>
<line>■ Pour rappel, le secteur de Champ Corboz, dont</line>
<line>l’ouverture à l’urbanisation est différée en raison</line>
<line>des aménagements à prévoir et dans un objectif</line>
<line>de temporisation du développement urbain a fait</line>
<line>l'objet d'une réflexion, qui est restituée dans le</line>
<line>rapport de présentation (cf. "Réflexions</line>
<line>sectorielles menées par la commune").</line></par>
</text>
</block>
<block><region><rect/></region>
<text>
<par/>
</text>
</block>
<block><region><rect/></region>
<text>
<par>
<line>Modification n*2 du PLU de la commune de PRÉVESSIN-MOËNS - Orientations d'aménagement - Agence des TERRITOIRES</line></par>
</text>
</block>
<block><region><rect/></region>
<text>
<par>
<line>30</line></par>
</text>
</block>










</page>
<page width="2365" height="1694" resolution="200">
<block><region><rect/></region>
<text>
<par>
<line>ORIENTATION 5</line></par>
</text>
</block>
<block><region><rect/></region>
<text>
<par>
<line>Les intentions d*aménagement</line></par>
</text>
</block>
<block><region><rect/></region>
<text>
<par>
<line>Permettre le développement d'un habitat de type intermédiaire (individuel et individuel groupé) dont 30% des logements seront</line>
<line>socialement aidés de type PLUS.</line></par>
<par>
<line>Desservir le secteur à partir de la RD35b en limite Nord de l’opération, et anticiper une amorce avec le secteur d’urbanisation</line>
<line>future à l’Est afin de mutualiser tes accès sur la RD35b et créer ultérieurement un maillage routier et piéton/cycle avec la zone</line>
<line>2AU limitrophe de « Champ Corboz ».</line></par>
<par>
<line>Traiter la limite Sud de l’opération avec l’aménagement d’une voie piéton-cycle.</line></par>
</text>
</block>
<block><region><rect/></region>
<text>
<par>
<line>Prévoir la réalisation d’une bande verte de part et d’autre de la haie existante à l’Est de l’opération ainsi que l’aménagement</line>
<line>d’un espace collectif en partie Sud-Ouest du site lequel pourra participer à la gestion des eaux pluviales, afin de garantir la</line>
<line>qualité du cadre de vie au sein de cette opération.</line></par>
</text>
</block>
<block blockType="Table" blockName="" l="592" t="720" r="996" b="1042"><region><rect/></region>
<row>
<cell colSpan="2" leftBorder="White" topBorder="White" rightBorder="White" bottomBorder="White" width="404" height="28">
<text>
<par>
<line>I LLUtNUt</line></par>
</text></cell></row>
<row>
<cell leftBorder="White" topBorder="White" rightBorder="White" bottomBorder="White" width="102" height="41">
<text>
<par>
<line>O</line></par>
</text></cell>
<cell leftBorder="White" topBorder="White" rightBorder="White" bottomBorder="White" width="302" height="41">
<text>
<par>
<line>ArDrcs fthauleUge è prasetvar el/ou i</line>
<line>poalliomw</line></par>
</text></cell></row>
<row>
<cell leftBorder="White" topBorder="White" rightBorder="White" bottomBorder="White" width="102" height="62">
<text>
<par/>
</text></cell>
<cell leftBorder="White" topBorder="White" rightBorder="White" bottomBorder="White" width="302" height="62">
<text>
<par>
<line>PostVonde princvedasespacœà '</line></par>
<par>
<line>dominentevagélalsÿsdetypaiparc*.</line>
<line>sicsde repos.</line></par>
</text></cell></row>
<row>
<cell leftBorder="White" topBorder="White" rightBorder="White" bottomBorder="White" width="102" height="32">
<text>
<par>
<line>1</line></par>
</text></cell>
<cell leftBorder="White" topBorder="White" rightBorder="White" bottomBorder="White" width="302" height="32">
<text>
<par>
<line>POBlflon de prirrcve des conslructlor* ï</line>
<line>vocation domlnarfe d’haMal</line></par>
</text></cell></row>
<row>
<cell leftBorder="White" topBorder="White" rightBorder="White" bottomBorder="White" width="102" height="69">
<text>
<par>
<line>m</line></par>
</text></cell>
<cell leftBorder="White" topBorder="White" rightBorder="White" bottomBorder="White" width="302" height="69">
<text>
<par>
<line>Position de pimcVa dm espaces de</line>
<line>desserte eldeslatiomernentdes</line>
<line>constructions</line></par>
</text></cell></row>
<row>
<cell leftBorder="White" topBorder="White" rightBorder="White" bottomBorder="White" width="102" height="40">
<text>
<par/>
</text></cell>
<cell leftBorder="White" topBorder="White" rightBorder="White" bottomBorder="White" width="302" height="40">
<text>
<par>
<line>Postton de pnncÿe pote la voie de</line>
<line>deteede</line></par>
</text></cell></row>
<row>
<cell leftBorder="White" topBorder="White" rightBorder="White" bottomBorder="White" width="102" height="50">
<text>
<par>
<line>4....</line></par>
</text></cell>
<cell leftBorder="White" topBorder="White" rightBorder="White" bottomBorder="White" width="302" height="50">
<text>
<par>
<line>Position de piincvepoieies</line>
<line>cheminemenls pattagéstplélorVcyde)</line></par>
</text></cell></row>
</block>
<block><region><rect/></region>
<text>
<par/>
</text>
</block>
<block><region><rect/></region>
<text>
<par>
<line>&gt;&gt;</line></par>
</text>
</block>
<block><region><rect/></region>
<text>
<par>
<line>&gt;&gt;</line></par>
</text>
</block>
<block><region><rect/></region>
<text>
<par>
<line>&gt;&gt;</line></par>
</text>
</block>
<block><region><rect/></region>
<text>
<par/>
</text>
</block>
<block><region><rect/></region>
<text>
<par/>
</text>
</block>
<block><region><rect/></region>
<text>
<par/>
</text>
</block>
<block><region><rect/></region>
<text>
<par>
<line>V</line></par>
</text>
</block>
<block><region><rect/></region>
<text>
<par/>
</text>
</block>
<block><region><rect/></region>
<text>
<par>
<line>Modification n°2 du PLU de la commune de PRÉVESSIN-MOëNS - Orientations d’aménagement - Agence des TERRITOIRES</line></par>
</text>
</block>
<block><region><rect/></region>
<text>
<par>
<line>31</line></par>
</text>
</block>




<block blockType="Picture" blockName="" l="600" t="725" r="990" b="744"><region><rect/></region>
</block>
<block blockType="Picture" blockName="" l="884" t="1233" r="1149" b="1277"><region><rect/></region>
</block>
</page>
<page width="2369" height="1700" resolution="200">
<block><region><rect/></region>
<text>
<par>
<line>ORIFNIAIION 6</line></par>
</text>
</block>
<block><region><rect/></region>
<text>
<par>
<line>Le projet de confortation et de structuration du hameau de</line></par>
<par>
<line>Vésegnin</line></par>
</text>
</block>
<block><region><rect/></region>
<text>
<par>
<line>Modification n°2 du PLU de la commune de PRÉVESSIN-MOÉNS - Orientations d’aménagement - Agence des TERRITOIRES</line></par>
</text>
</block>
<block><region><rect/></region>
<text>
<par>
<line>32</line></par>
</text>
</block>






</page>
<page width="2385" height="1724" resolution="200">
<block><region><rect/></region>
<text>
<par>
<line>ORIENrA IION 6</line></par>
</text>
</block>
<block><region><rect/></region>
<text>
<par>
<line>Le site concerné</line></par>
</text>
</block>
<block><region><rect/></region>
<text>
<par>
<line>■ Il s’agit d'un secteur d'environ 0,6 hectare situé à l'entrée du hameau</line>
<line>de Vésegnin, qui est dominé par des ambiances rurales et agricoles.</line></par>
</text>
</block>
<block><region><rect/></region>
<text>
<par>
<line>■ C'est un secteur qui ne présente pas de valeur écologique</line>
<line>particulière, mais qui est visible depuis la route des Marlis.</line></par>
<par>
<line>Il se dégage notamment, depuis cette dernière, des vues sur les</line>
<line>habitations à caractère traditionnel situés de l'autre côté de la route</line>
<line>de Vésegnin.</line></par>
<par>
<line>C'est dans ce contexte, et afin de préserver ces vues, qu'il a été</line>
<line>décidé de privilégier une structuration de l'entrée du hameau dans</line>
<line>sa profondeur et non de manière linéaire, le long de la route de</line>
<line>Vésegnin.</line></par>
</text>
</block>
<block><region><rect/></region>
<text>
<par>
<line>Les objectifs</line></par>
</text>
</block>
<block><region><rect/></region>
<text>
<par>
<line>■ Structurer l'entrée du hameau de Vésegnin en organiser les</line>
<line>modalités d'une petite extension en prolongement de l’urbanisation</line>
<line>actuelle, et qui s'inscrivent dans la continuité de ses caractéristiques</line>
<line>rurales.</line></par>
</text>
</block>
<block><region><rect/><rect/></region>
<text>
<par>
<line>Equipements</line>
<line>pqblics (écçle; /</line>
<line>entre spôrttf ''</line></par>
</text>
</block>
<block><region><rect/></region>
<text>
<par/>
</text>
</block>
<block><region><rect/></region>
<text>
<par>
<line>‘.y*.</line></par>
</text>
</block>
<block><region><rect/></region>
<text>
<par/>
</text>
</block>
<block><region><rect/></region>
<text>
<par>
<line>vesegnin</line></par>
</text>
</block>
<block><region><rect/></region>
<text>
<par/>
</text>
</block>
<block><region><rect/></region>
<text>
<par>
<line>Modification n®2 du PLU de la commune de PRÉVESSIN-MOËNS - Orientations d'aménagement - Agence des TERRITOIRES</line></par>
</text>
</block>
<block><region><rect/></region>
<text>
<par>
<line>33</line></par>
</text>
</block>





<block blockType="Picture" blockName="" l="1334" t="821" r="1487" b="859"><region><rect/></region>
</block>
</page>
<page width="2403" height="1749" resolution="200">
<block><region><rect/></region>
<text>
<par>
<line>ORIEN l AHÜN 6</line></par>
</text>
</block>
<block><region><rect/></region>
<text>
<par>
<line>Les intentions d'aménagement</line></par>
</text>
</block>
<block><region><rect/></region>
<text>
<par>
<line>■ Développer une forme urbaine structurée sur la base de volumétries</line>
<line>simples en référence à la ruralité encore ambiante à dominante d’habitat</line>
<line>semi-collectif et individuel groupé.</line></par>
<par>
<line>■ Permettre l'accès au secteur depuis la route de Vésegnin.</line></par>
<par>
<line>■ Implanter, de manière générale, les constructions en limite de zone tout</line>
<line>en laissant un espace végétal, non cloisonné, d'environ 10 m entre ces</line>
<line>dernières et les espaces agricoles situés à proximité.</line></par>
</text>
</block>
<block><region><rect/></region>
<text>
<par>
<line>Schéma d'aménagement</line></par>
</text>
</block>
<block><region><rect/></region>
<text>
<par>
<line>Modification n"2 du PLU de la commune de PRÉVESSIN-MOèNS - Orientations d’aménagement - Agence des TERRITOIRES</line></par>
</text>
</block>
<block><region><rect/></region>
<text>
<par>
<line>34</line></par>
</text>
</block>



<block blockType="Picture" blockName="" l="1331" t="385" r="2152" b="1320"><region><rect/></region>
</block>
</page>
</OAP>