<?xml version="1.0" encoding="UTF-8"?><OAP>
<page width="2481" height="3508" resolution="300">
<block><region><rect/></region>
<text>
<par>
<line>DEPARTEMENT de PALLIER</line></par>
</text>
</block>
<block><region><rect/></region>
<text>
<par>
<line>COMMUNE de</line></par>
</text>
</block>
<block><region><rect/></region>
<text>
<par>
<line>BAYET</line></par>
</text>
</block>
<block><region><rect/></region>
<text>
<par>
<line>5</line></par>
</text>
</block>
<block><region><rect/></region>
<text>
<par>
<line>Version octobre 2014,</line>
<line>modifiée mai 2015</line></par>
</text>
</block>
<block><region><rect/></region>
<text>
<par>
<line>SCP DESCOEUR F et C</line></par>
<par>
<line>Architecture et Aménapment du Territoire</line></par>
<par>
<line>49 me des Salins</line></par>
<par>
<line>63000 Clermont Ferrand</line></par>
<par>
<line>Tel : 04.73.35.16.26.</line></par>
<par>
<line>Fax : 04.73.34.26.65.</line></par>
<par>
<line>Mail : scp.descoeur@wanadoo.fr</line></par>
</text>
</block>
<block><region><rect/></region>
<text>
<par>
<line>PLAN LOCAL D'URBANISME</line></par>
</text>
</block>
<block><region><rect/></region>
<text>
<par>
<line>ORIENTATIONS</line></par>
<par>
<line>d'AMENAGEMENT et de PROGRAMMATION</line></par>
</text>
</block>
<block><region><rect/></region>
<text>
<par>
<line>PRESCRIPTION</line></par>
<par>
<line>Délibération du conseil municipal du 11 février 201</line>
<line>ARRET DU PROJET</line></par>
<par>
<line>Délibération du conseil municipal du 26 juin 2015</line>
<line>APPROBATION</line></par>
<par>
<line>Délibération du conseil municipal du</line></par>
</text>
</block>
<block><region><rect/></region>
<text>
<par>
<line>MODIFICATIONS - REVISIONS PARTIELLES</line>
<line>MISES A JOUR</line></par>
</text>
</block>
<block><region><rect/></region>
<text>
<par>
<line>2.</line></par>
<par>
<line>3.</line></par>
<par>
<line>4.</line></par>
<par>
<line>5.</line></par>
<par>
<line>6.</line></par>
</text>
</block>




















</page>
<page width="2481" height="3508" resolution="300">
</page>
<page width="2481" height="3508" resolution="300">
<block><region><rect/></region>
<text>
<par/>
</text>
</block>
<block blockType="Table" blockName="" l="784" t="931" r="1034" b="1402"><region><rect/></region>
<row>
<cell width="200" height="89">
<text>
<par>
<line>Rapport de</line>
<line>présentation</line></par>
</text></cell>
<cell topBorder="White" width="50" height="89">
<text>
<par/>
</text></cell></row>
<row>
<cell rightBorder="White" bottomBorder="White" width="200" height="65">
<text>
<par>
<line>Diagnostic</line></par>
</text></cell>
<cell leftBorder="White" bottomBorder="White" width="50" height="65">
<text>
<par/>
</text></cell></row>
<row>
<cell colSpan="2" topBorder="White" bottomBorder="White" width="250" height="78">
<text>
<par>
<line>Synthèse des atouts,</line>
<line>contraintes et enjeux</line></par>
</text></cell></row>
<row>
<cell topBorder="White" rightBorder="White" bottomBorder="White" width="200" height="85">
<text>
<par>
<line>Justification des</line>
<line>choix retenus</line></par>
</text></cell>
<cell leftBorder="White" topBorder="White" bottomBorder="White" width="50" height="85">
<text>
<par/>
</text></cell></row>
<row>
<cell topBorder="White" rightBorder="White" bottomBorder="White" width="200" height="74">
<text>
<par>
<line>Evaluation des</line>
<line>incidences du</line></par>
</text></cell>
<cell leftBorder="White" topBorder="White" bottomBorder="White" width="50" height="74">
<text>
<par/>
</text></cell></row>
<row>
<cell topBorder="White" rightBorder="White" width="200" height="80">
<text>
<par>
<line>projet sur</line>
<line>l’environnement</line></par>
</text></cell>
<cell leftBorder="White" topBorder="White" width="50" height="80">
<text>
<par/>
</text></cell></row>
</block>
<block><region><rect/></region>
<text>
<par>
<line>PADD</line></par>
</text>
</block>
<block><region><rect/></region>
<text>
<par>
<line>1 21</line></par>
</text>
</block>
<block><region><rect/></region>
<text>
<par>
<line>Projet d’Aménagement</line>
<line>et de Développement</line>
<line>Durable</line></par>
</text>
</block>
<block><region><rect/></region>
<text>
<par/>
</text>
</block>
<block><region><rect/><rect/></region>
<text>
<par>
<line>Traduction ^</line>
<line>ré^ementaire</line></par>
<par>
<line>Zonage</line></par>
</text>
</block>
<block><region><rect/></region>
<text>
<par>
<line>Réglement</line></par>
</text>
</block>
<block><region><rect/></region>
<text>
<par>
<line>Orientations</line></par>
<par>
<line>d'Aménagement et de</line></par>
<par>
<line>Programmation</line></par>
</text>
</block>
<block><region><rect/></region>
<text>
<par/>
</text>
</block>
<block><region><rect/></region>
<text>
<par>
<line>Sommaire</line></par>
</text>
</block>
<block><region><rect/></region>
<text>
<par>
<line>1 - PREAMBULE.4</line></par>
<par>
<line>2 - ORIENTATIONS GENERALES POUR L'ENSEMBLE DES ZONES - Les objectifs généraux de l'aménagementô</line></par>
<par>
<line>3 -ORIENTATIONS GENERALES POUR LES ZONES AUgI ET Aug2. 10</line></par>
<par>
<line>4 - ANNEXES. 14</line></par>
</text>
</block>























</page>
<page width="2481" height="3508" resolution="300">
<block><region><rect/></region>
<text>
<par>
<line>COMMUNE DE BAYET</line></par>
</text>
</block>
<block><region><rect/></region>
<text>
<par>
<line>PLAN LOCAL D’URBANISME</line></par>
</text>
</block>
<block><region><rect/></region>
<text>
<par>
<line>5/Orientations d’Aménagement et de Programmation</line></par>
</text>
</block>
<block><region><rect/></region>
<text>
<par>
<line>1 PREAMBULE</line></par>
</text>
</block>
<block><region><rect/></region>
<text>
<par>
<line>1 - Les Orientations d^Aménagement et de Programmation</line></par>
<par>
<line>Un document opposable inscrit dans le cadre de la loi Grenelle 2 (portant Engagement National pour l'Environnement).</line></par>
</text>
</block>
<block><region><rect/></region>
<text>
<par>
<line>Après la loi SRU et l'ordonnance du 4 juin 2004 relative à l'évaluation environnementale, la loi Grenelle 2 du 1 3</line>
<line>juillet 2010 marque une nouvelle avancée dans la recherche d'un développement équilibré et durable du territoire,</line>
<line>en remaniant le Code de l'Urbanisme.</line></par>
</text>
</block>
<block><region><rect/></region>
<text>
<par>
<line>Les Orientations d'Aménagement et de Programmation ont pour objectif d'apporter des précisions sur certains</line>
<line>secteurs de la commune.</line></par>
<par>
<line>Selon l'article L. 123-1 -4 du Code de l'Urbanisme, elles « sont relatives à des quartiers ou à des secteurs à mettre</line>
<line>en valeur, réhabiliter, restructurer ou aménager. Ces orientations peuvent, en cohérence avec le Projet</line>
<line>d'Aménagement et de Développement Durable, prévoir les actions et opérations d'aménagement à mettre en</line>
<line>oeuvre, notamment pour mettre en valeur l'environnement, les paysages, les entrées de ville et le patrimoine, lutter</line>
<line>contre l'insalubrité, permettre le renouvellement urbain et assurer le développement de la commune. Elles peuvent</line>
<line>comporter un échéancier prévisionnel de l'ouverture à l'urbanisation des zones à urbaniser et de la réalisation des</line>
<line>équipements correspondants. Elles peuvent prendre la forme de schémas d'aménagement et préciser les principales</line>
<line>caractéristiques des voies et espaces publics ».</line></par>
</text>
</block>
<block><region><rect/></region>
<text>
<par>
<line>En application de l'article L. 123-5 du Code de l'Urbanisme, tous les travaux, les constructions ou opération doivent</line>
<line>être compatibles avec les orientations d'aménagement et avec leurs documents graphiques.</line></par>
<par>
<line>Cette compatibilité signifie que les travaux et opérations réalisés dans les secteurs concernés sont opposables au</line>
<line>tiers, qu'ils ne peuvent être contraires aux orientations d'aménagement retenues, mais contribuer à leur mise en</line>
<line>oeuvre ou tout au moins ne pas les remettre en cause.</line></par>
<par>
<line>La compatibilité s'apprécie lors de l'instruction des demandes d'autorisation d'urbanisme.</line></par>
<par>
<line>Les orientations par secteurs sont complémentaires des dispositions d'urbanisme contenues dans le règlement écrit</line>
<line>et graphique. Cette complémentarité s'exprime également par leur portée réciproque. En effet, les orientations</line>
<line>d'aménagement et de construction seront instruites en termes de compatibilité avec les orientations par secteur et</line>
<line>en termes de conformité avec les dispositions réglementaires.</line></par>
<par>
<line>La règle d'urbanisme est établie en cohérence avec les orientations par secteur. Cette cohérence s'exprime au travers</line>
<line>du zonage.</line></par>
<par>
<line>Le document d'orientations peut selon les secteurs, définir des principes du parti d'aménagement ainsi que</line>
<line>l'organisation urbaine retenue (articulation de l'espace public et privé, équipements et espaces collectifs,</line>
<line>ordonnancement des constructions).</line></par>
<par>
<line>Le règlement définit le cadre dans lequel les constructions doivent s'inscrire et être conçues.</line></par>
</text>
</block>
<block><region><rect/></region>
<text>
<par>
<line>Ainsi, les opérations d'aménagement et de construction doivent être réalisées dans le respect des orientations</line>
<line>d'aménagement et de programmation et conformément au règlement de PLU.</line></par>
<par>
<line>Un permis de construire pourra être refusé au motif qu'il n'est pas compatible avec les orientations d'aménagement</line>
<line>définies dans le présent document.</line></par>
</text>
</block>
<block><region><rect/></region>
<text>
<par>
<line>SCP DESCOEUR - Architscture et Aménagement du Territoire 49 rue des Salins - 63000 CLERMONT FD</line></par>
</text>
</block>
<block><region><rect/></region>
<text>
<par>
<line>OAP</line></par>
</text>
</block>
<block><region><rect/></region>
<text>
<par>
<line>4</line></par>
</text>
</block>







</page>
<page width="2481" height="3508" resolution="300">
<block><region><rect/></region>
<text>
<par>
<line>COMMUNE DE BAYET</line></par>
</text>
</block>
<block><region><rect/></region>
<text>
<par>
<line>PLAN LOCAL D’URBANISME</line></par>
</text>
</block>
<block><region><rect/></region>
<text>
<par>
<line>5/Orientations d’Aménagement et de Programmation</line></par>
</text>
</block>
<block><region><rect/></region>
<text>
<par>
<line>2 - Programmation du développement urbain</line></par>
</text>
</block>
<block><region><rect/></region>
<text>
<par>
<line>Le PLU propose 2 zones d'urbanisation future, afin de permettre le développement de la commune de BAYET. Le</line>
<line>PLU a fait le choix de temporiser l'ouverture à l'urbanisation des secteurs classés U, AUg, au plan de zonage</line>
<line>(traduction de l'article L.121-1 du Code de l'Urbanisme) :</line></par>
<par>
<line>Zones U Elles sont directement urbanisables. Elles ne font pas l'objet d'Orientation d'Aménagement et</line>
<line>de Programmation.</line></par>
<par>
<line>Zones AUg Elles seront urbanisées à court et moyen terme. Pour chacun de ces secteurs stratégiques et</line>
<line>d'envergure, des Orientations d'Aménagement et de Programmation complètent les</line>
<line>dispositions réglementaires du PLU (zonage et règlement).</line></par>
<par>
<line>Ces choix relèvent d'une analyse fine de terrain et d'un processus de concertation avec les différents partenaires</line>
<line>associés au projet d'élaboration du PLU.</line></par>
<par>
<line>Ce présent cahier des Orientations d'Aménagement et de Programmation présente donc la réflexion préalable et</line>
<line>les choix arrêtés dans le cadre du PLU en matière d'aménagement des secteurs stratégiques de la commune de</line>
<line>BAYET.</line></par>
</text>
</block>
<block><region><rect/></region>
<text>
<par>
<line>Dans le cadre des objectifs définis dans le PADD, la commune a identifié sept secteurs de développement qui font</line>
<line>l'objet d'une orientation d'aménagement et définissent des principes permettant d'orienter et de maîtriser</line>
<line>l'évolution des territoires.</line></par>
</text>
</block>
<block><region><rect/></region>
<text>
<par>
<line>Les zones AUg ont fait l'objet d'une hiérarchisation, c'est-à-dire, un ordre d'ouverture à la construction : AUg 1</line>
<line>et AUg2.</line></par>
</text>
</block>
<block><region><rect/></region>
<text>
<par>
<line>Les orientations d'aménagement sont l'une des pièces constitutives du dossier de Plan Local d'Urbanisme (PLU). Il</line>
<line>s'agit d'une pièce facultative, qui expose la manière dont la collectivité souhaite mettre en valeur, réhabiliter,</line>
<line>restructurer ou aménager des quartiers ou des secteurs de son territoire. Les orientations d'aménagement doivent</line>
<line>être cohérentes avec les orientations générales définies au PADD.</line></par>
</text>
</block>
<block><region><rect/></region>
<text>
<par>
<line>Les orientations d'aménagement sont opposables aux autorisations d'occupation du sol ou aux opérations</line>
<line>d'aménagement dans une relation de compatibilité (et non de conformité : ce sont des principes d'aménagement</line>
<line>qui sont de nature différente des règles ou prescriptions).</line></par>
</text>
</block>
<block><region><rect/></region>
<text>
<par/>
</text>
</block>
<block><region><rect/></region>
<text>
<par>
<line>?îs</line></par>
</text>
</block>
<block><region><rect/></region>
<text>
<par>
<line>4-</line></par>
</text>
</block>
<block><region><rect/></region>
<text>
<par>
<line>+</line></par>
</text>
</block>
<block><region><rect/></region>
<text>
<par>
<line>4</line></par>
</text>
</block>
<block><region><rect/></region>
<text>
<par/>
</text>
</block>
<block><region><rect/></region>
<text>
<par>
<line>SS.</line></par>
</text>
</block>
<block><region><rect/></region>
<text>
<par/>
</text>
</block>
<block><region><rect/><rect/><rect/></region>
<text>
<par/>
</text>
</block>
<block><region><rect/></region>
<text>
<par>
<line>i</line></par>
</text>
</block>
<block><region><rect/></region>
<text>
<par>
<line>*</line></par>
</text>
</block>
<block><region><rect/></region>
<text>
<par>
<line>«</line></par>
</text>
</block>
<block><region><rect/></region>
<text>
<par/>
</text>
</block>
<block><region><rect/></region>
<text>
<par/>
</text>
</block>
<block><region><rect/></region>
<text>
<par/>
</text>
</block>
<block><region><rect/></region>
<text>
<par/>
</text>
</block>
<block><region><rect/></region>
<text>
<par/>
</text>
</block>
<block><region><rect/></region>
<text>
<par/>
</text>
</block>
<block><region><rect/></region>
<text>
<par>
<line>2/</line></par>
</text>
</block>
<block><region><rect/></region>
<text>
<par>
<line>£3</line></par>
</text>
</block>
<block><region><rect/></region>
<text>
<par/>
</text>
</block>
<block><region><rect/></region>
<text>
<par/>
</text>
</block>
<block><region><rect/></region>
<text>
<par>
<line>+</line></par>
</text>
</block>
<block><region><rect/></region>
<text>
<par>
<line>A</line></par>
</text>
</block>
<block><region><rect/></region>
<text>
<par/>
</text>
</block>
<block><region><rect/></region>
<text>
<par>
<line>+</line></par>
</text>
</block>
<block><region><rect/></region>
<text>
<par>
<line>re</line></par>
</text>
</block>
<block><region><rect/></region>
<text>
<par/>
</text>
</block>
<block><region><rect/></region>
<text>
<par/>
</text>
</block>
<block><region><rect/></region>
<text>
<par>
<line>JF</line></par>
</text>
</block>
<block><region><rect/></region>
<text>
<par>
<line>SCP DESCOEUR - Architscture et Aménagement du Territoire 49 rue des Salins - 63000 CLERMONT FD</line></par>
</text>
</block>
<block><region><rect/></region>
<text>
<par>
<line>OAP</line></par>
</text>
</block>
<block><region><rect/></region>
<text>
<par>
<line>5</line></par>
</text>
</block>










<block blockType="Picture" blockName="" l="175" t="1976" r="2305" b="3205"><region><rect/></region>
</block>
</page>
<page width="2481" height="3508" resolution="300">
<block><region><rect/></region>
<text>
<par>
<line>COMMUNE DE BAYET</line></par>
</text>
</block>
<block><region><rect/></region>
<text>
<par>
<line>PLAN LOCAL D’URBANISME</line></par>
</text>
</block>
<block><region><rect/></region>
<text>
<par>
<line>5/Orientations d’Aménagement et de Programmation</line></par>
</text>
</block>
<block><region><rect/></region>
<text>
<par>
<line>ORIENTATIONS GENERALES POUR L'ENSEMBLE DES ZONES</line>
<line>Les objectifs généraux de l'aménagement</line></par>
</text>
</block>
<block><region><rect/></region>
<text>
<par>
<line>Objectif n°l :</line></par>
<par>
<line>Chaque projet d'aménagement s'inscrira dans une démarche de déveioppement durabie. Seront particuiièrement pris</line>
<line>en compte :</line></par>
</text>
</block>
<block><region><rect/></region>
<text>
<par>
<line>Une gestion économe de i'espace.</line></par>
<par>
<line>Une desserte quaiitative reiiée au réseau viaire existant.</line></par>
<par>
<line>Les voies internes devront intégrer des espaces de circuiation dédiés aux piétons et aux cycies hors des</line>
<line>chaussées. Ces espaces seront de préférence sécurisés par un aménagement paysager.</line></par>
</text>
</block>
<block><region><rect/></region>
<text>
<par/>
</text>
</block>
<block><region><rect/></region>
<text>
<par/>
</text>
</block>
<block><region><rect/></region>
<text>
<par>
<line>S</line></par>
</text>
</block>
<block><region><rect/></region>
<text>
<par>
<line>tn_</line></par>
</text>
</block>
<block><region><rect/></region>
<text>
<par>
<line>espace piétons/cycles</line></par>
</text>
</block>
<block><region><rect/></region>
<text>
<par>
<line>Profil de principe</line></par>
</text>
</block>
<block><region><rect/></region>
<text>
<par>
<line>• Le déveioppement des modes de déveioppement aiternatifs à ia voiture (véio, marché à pieds).</line></par>
<par>
<line>Le déveioppement urbain de i'ensembie des sites devra assurer un iien et une perméabiiité des dépiacements</line>
<line>en modes doux en direction du centre bourg, mais égaiement en direction des autres quartiers et de ia</line>
<line>campagne environnante.</line></par>
</text>
</block>
<block><region><rect/></region>
<text>
<par>
<line>Ces circuiations douces seront aménagées de façon à créer des parcours continus seion ies principes déterminés</line>
<line>dans chaque schéma d'aménagement. Eiies présenteront une iargeur d'au moins 3 mètres dégagée de tout</line>
<line>obstacie. Eiies pourront être traitées en contre-aiiée paysagère ie iong du maiiiage viaire structurant défini dans</line>
<line>chaque schéma.</line></par>
<par>
<line>Les parcours piétons indépendants de ia voirie type trottoir auront une iargeur minimaie d'i mSO dégagée de</line>
<line>tout obstacie.</line></par>
</text>
</block>
<block><region><rect/></region>
<text>
<par>
<line>• Une gestion aiternative des eaux piuviaies (utiiisation de matériaux perméabies pour ies espaces pubiics,</line>
<line>récupération des eaux piuviaies...).</line></par>
<par>
<line>Chaque opération projetée devra être neutre au regard du ruisseiiement piuviai par rapport à ia situation avant</line>
<line>i'aménagement. Aussi, une compensation pourra être mise en piace par une gestion des eaux piuviaies à</line>
<line>i'écheiie du site grâce à i'aménagement de noues, de fossés, de bassins de rétention paysagers.... Les surfaces</line>
<line>des espaces de cheminement doux et de stationnements en surface seront revêtues de matériaux drainants.</line></par>
<par>
<line>La végétaiisation des toitures pourra égaiement être mise en œuvre.</line></par>
</text>
</block>
<block><region><rect/></region>
<text>
<par>
<line>Les opérations d'aménagement prévoiront des dispositifs de stockage et de recyciage des eaux de piuie pour</line>
<line>i'entretien et i'arrosage des espaces verts, des jardins...</line></par>
</text>
</block>
<block><region><rect/></region>
<text>
<par>
<line>à</line></par>
</text>
</block>
<block><region><rect/></region>
<text>
<par/>
</text>
</block>
<block><region><rect/></region>
<text>
<par>
<line>Vf</line></par>
</text>
</block>
<block><region><rect/></region>
<text>
<par>
<line>%</line></par>
</text>
</block>
<block><region><rect/></region>
<text>
<par/>
</text>
</block>
<block><region><rect/></region>
<text>
<par/>
</text>
</block>
<block><region><rect/></region>
<text>
<par>
<line>«</line></par>
</text>
</block>
<block><region><rect/></region>
<text>
<par/>
</text>
</block>
<block><region><rect/></region>
<text>
<par/>
</text>
</block>
<block><region><rect/></region>
<text>
<par>
<line>images références</line></par>
</text>
</block>
<block><region><rect/></region>
<text>
<par>
<line>Noue</line></par>
</text>
</block>
<block><region><rect/></region>
<text>
<par>
<line>Bassin de rétention paysager</line></par>
</text>
</block>
<block><region><rect/></region>
<text>
<par>
<line>Fossé</line></par>
</text>
</block>
<block><region><rect/></region>
<text>
<par>
<line>SCP DESCOEUR - Architscture et Aménagement du Territoire 49 rue des Salins - 63000 CLERMONT FD</line></par>
</text>
</block>
<block><region><rect/></region>
<text>
<par>
<line>OAP</line></par>
</text>
</block>
<block><region><rect/></region>
<text>
<par>
<line>6</line></par>
</text>
</block>

















<block blockType="Picture" blockName="" l="672" t="927" r="1862" b="1544"><region><rect/></region>
</block>
<block blockType="Picture" blockName="" l="719" t="2878" r="815" b="2927"><region><rect/></region>
</block>
</page>
<page width="2481" height="3508" resolution="300">
<block><region><rect/></region>
<text>
<par>
<line>COMMUNE DE BAYET</line></par>
</text>
</block>
<block><region><rect/></region>
<text>
<par>
<line>PLAN LOCAL D’URBANISME</line></par>
</text>
</block>
<block><region><rect/></region>
<text>
<par>
<line>5/Orientations d’Aménagement et de Programmation</line></par>
</text>
</block>
<block><region><rect/></region>
<text>
<par>
<line>L'aménagement des espaces collectifs devra également permettre le stockage temporaire des eaux pluviales. A cette</line>
<line>fin, les principes recommandés ci-après pourront être mis en place :</line></par>
</text>
</block>
<block><region><rect/></region>
<text>
<par>
<line>Profil en V de la voirie interne</line></par>
</text>
</block>
<block><region><rect/></region>
<text>
<par>
<line>M</line></par>
</text>
</block>
<block><region><rect/></region>
<text>
<par/>
</text>
</block>
<block blockType="Table" blockName="" l="744" t="901" r="1959" b="1058"><region><rect/></region>
<row>
<cell rowSpan="2" width="173" height="119">
<text>
<par>
<line>trottoir</line></par>
</text></cell>
<cell width="542" height="33">
<text>
<par/>
</text></cell>
<cell width="500" height="33">
<text>
<par/>
</text></cell></row>
<row>
<cell width="542" height="86">
<text>
<par>
<line>voirie</line></par>
</text></cell>
<cell width="500" height="86">
<text>
<par>
<line>cheminement doux oaysaaer</line></par>
</text></cell></row>
<row>
<cell bottomBorder="White" width="173" height="38">
<text>
<par/>
</text></cell>
<cell bottomBorder="White" width="542" height="38">
<text>
<par/>
</text></cell>
<cell bottomBorder="White" width="500" height="38">
<text>
<par/>
</text></cell></row>
</block>
<block><region><rect/></region>
<text>
<par/>
</text>
</block>
<block><region><rect/></region>
<text>
<par>
<line>Noue en bordure de voie</line></par>
</text>
</block>
<block><region><rect/></region>
<text>
<par/>
</text>
</block>
<block><region><rect/></region>
<text>
<par/>
</text>
</block>
<block><region><rect/></region>
<text>
<par/>
</text>
</block>
<block><region><rect/></region>
<text>
<par>
<line>trottoir</line></par>
</text>
</block>
<block><region><rect/></region>
<text>
<par>
<line>voir e</line></par>
</text>
</block>
<block><region><rect/></region>
<text>
<par>
<line>noue Davsaaere rheminement dou</line></par>
</text>
</block>
<block><region><rect/></region>
<text>
<par>
<line>Fosse en bordure de voie</line></par>
</text>
</block>
<block><region><rect/></region>
<text>
<par/>
</text>
</block>
<block blockType="Table" blockName="" l="820" t="2280" r="1415" b="2552"><region><rect/></region>
<row>
<cell width="182" height="205">
<text>
<par>
<line>trottoir</line></par>
</text></cell>
<cell width="413" height="205">
<text>
<par>
<line>voirie</line></par>
</text></cell></row>
<row>
<cell bottomBorder="White" width="182" height="67">
<text>
<par/>
</text></cell>
<cell bottomBorder="White" width="413" height="67">
<text>
<par/>
</text></cell></row>
</block>
<block><region><rect/></region>
<text>
<par>
<line>fossé_cheminement doux</line></par>
</text>
</block>
<block><region><rect/></region>
<text>
<par/>
</text>
</block>
<block><region><rect/></region>
<text>
<par>
<line>Images références cheminements doux</line></par>
</text>
</block>
<block><region><rect/></region>
<text>
<par>
<line>SCP DESCOEUR - Architecture et Aménagement du Territoire 49 rue des Salins - 63000 CLERMONT FD</line></par>
</text>
</block>
<block><region><rect/></region>
<text>
<par>
<line>OAP 7</line></par>
</text>
</block>








































<block blockType="Picture" blockName="" l="1815" t="1511" r="1951" b="1578"><region><rect/></region>
</block>
<block blockType="Picture" blockName="" l="595" t="380" r="2069" b="2552"><region><rect/></region>
</block>
</page>
<page width="2481" height="3508" resolution="300">
<block><region><rect/></region>
<text>
<par>
<line>COMMUNE DE BAYET</line></par>
</text>
</block>
<block><region><rect/></region>
<text>
<par>
<line>PLAN LOCAL D’URBANISME</line></par>
</text>
</block>
<block><region><rect/></region>
<text>
<par>
<line>5/Orientations d’Aménagement et de Programmation</line></par>
</text>
</block>
<block><region><rect/></region>
<text>
<par>
<line>• La construction de bâtiments de qualité environnementale (maîtrise de la consommation d'énergie,</line>
<line>choix de procédés et de matériaux respectueux de l'environnement,...).</line></par>
<par>
<line>Une végétalisation des pieds de façade et/ou des clôtures en bande de pleine terre plantée pourra être réalisée</line>
<line>afin d'éviter l'accumulation de chaleur des sols minéraux et la réverbération solaire. Les façades exposées au</line>
<line>soleil pourront bénéficier de protections solaires (débord de toitures, brise soleil...) pour renforcer le confort</line>
<line>en été.</line></par>
<par>
<line>L'implantation des constructions devra favoriser l'emploi des énergies renouvelables (solaire notamment), la</line>
<line>mise en oeuvre d'un habitat passif ainsi qu'un éclairage naturel optimal.</line></par>
<par>
<line>Les principes du confort d'été et d'hiver</line></par>
</text>
</block>
<block><region><rect/></region>
<text>
<par>
<line>Strvtéglt du f</line></par>
</text>
</block>
<block><region><rect/></region>
<text>
<par>
<line>Evttar</line></par>
</text>
</block>
<block><region><rect/></region>
<text>
<par>
<line>Prot*g«r</line></par>
</text>
</block>
<block><region><rect/></region>
<text>
<par>
<line>RofreMir</line></par>
</text>
</block>
<block><region><rect/></region>
<text>
<par>
<line>Strttégto dy c^Md</line></par>
</text>
</block>
<block><region><rect/></region>
<text>
<par/>
</text>
</block>
<block><region><rect/></region>
<text>
<par>
<line>Cspt*r</line></par>
</text>
</block>
<block><region><rect/></region>
<text>
<par>
<line>Source : Traité d'architecture et d'urbanisme bioclimatique</line>
<line>A. Liébard. A De Herde</line></par>
</text>
</block>
<block><region><rect/></region>
<text>
<par>
<line>Objectif n°2 :</line></par>
<par>
<line>Chaque projet d'aménagement devra respecter une forme urbaine intégrée aux zones urbaines construites</line>
<line>limitrophes.</line></par>
</text>
</block>
<block><region><rect/></region>
<text>
<par>
<line>Objectif n°3 :</line></par>
<par>
<line>L'aménagement devra en outre s'accompagner d'un habitat et d'un cadre de vie de qualité, notamment</line>
<line>par l'aménagement d'espaces collectifs paysagers.</line></par>
<par>
<line>• Le stationnement</line></par>
<par>
<line>Les stationnements seront autant que possible intégrés à la construction afin de libérer en surface, les espaces</line>
<line>publics. Cependant, des bandes de stationnement limitées en nombre pourront être aménagées le long de la</line>
<line>voie interne principale.</line></par>
<par>
<line>L'aménagement pourra prévoir des stationnements sécurisés et abrités pour les cycles, soit en collectif, soit</line>
<line>individualisés.</line></par>
</text>
</block>
<block><region><rect/></region>
<text>
<par>
<line>■I t ÎT fî</line></par>
</text>
</block>
<block><region><rect/></region>
<text>
<par>
<line>4</line></par>
</text>
</block>
<block><region><rect/></region>
<text>
<par>
<line>Stationnement individuel (Amplepuis)</line></par>
</text>
</block>
<block><region><rect/></region>
<text>
<par>
<line>Pergola (Voralberg)</line></par>
</text>
</block>
<block><region><rect/></region>
<text>
<par>
<line>Images réfétences de traitement différenciés des stationnements</line>
<line>• Insertion et traitement paysagers</line></par>
<par>
<line>Les clôtures participent à l'espace collectif. Un soin particulier leur sera donc apporté.</line></par>
</text>
</block>
<block><region><rect/></region>
<text>
<par>
<line>SCP DESCOEUR - Architscture et Aménagement du Territoire 49 rue des Salins - 63000 CLERMONT FD</line></par>
</text>
</block>
<block><region><rect/></region>
<text>
<par>
<line>OAP</line></par>
</text>
</block>
<block><region><rect/></region>
<text>
<par>
<line>8</line></par>
</text>
</block>




</page>
<page width="2481" height="3508" resolution="300">
<block><region><rect/></region>
<text>
<par>
<line>COMMUNE DE BAYET</line></par>
</text>
</block>
<block><region><rect/></region>
<text>
<par>
<line>PLAN LOCAL D’URBANISME</line></par>
</text>
</block>
<block><region><rect/></region>
<text>
<par>
<line>5/Orientations d’Aménagement et de Programmation</line></par>
</text>
</block>
<block><region><rect/></region>
<text>
<par/>
</text>
</block>
<block><region><rect/></region>
<text>
<par/>
</text>
</block>
<block><region><rect/></region>
<text>
<par/>
</text>
</block>
<block><region><rect/></region>
<text>
<par>
<line>Images références</line></par>
</text>
</block>
<block><region><rect/></region>
<text>
<par>
<line>Traitement paysager des clôtures</line></par>
</text>
</block>
<block><region><rect/></region>
<text>
<par>
<line>• Les espaces verts publics seront plantés d'espèces rustiques nécessitant peu d'entretien et peu</line>
<line>d'arrosage. Les arbustes seront de préférence, plantés en bosquets.</line></par>
<par>
<line>• Les espaces collectifs</line></par>
<par>
<line>L'opération d'aménagement devra intégrer des espaces verts collectifs aménagés, bénéficiant d'un</line>
<line>traitement paysager (courée, allée plantée...).</line></par>
</text>
</block>
<block><region><rect/></region>
<text>
<par>
<line>Images références</line></par>
</text>
</block>
<block><region><rect/></region>
<text>
<par>
<line>Espace public en coûtée</line></par>
</text>
</block>
<block><region><rect/></region>
<text>
<par>
<line>1</line></par>
</text>
</block>
<block><region><rect/><rect/></region>
<text>
<par>
<line>iT</line></par>
<par>
<line>iwiNi</line></par>
</text>
</block>
<block><region><rect/></region>
<text>
<par>
<line>«i</line></par>
</text>
</block>
<block><region><rect/></region>
<text>
<par/>
</text>
</block>
<block><region><rect/></region>
<text>
<par>
<line>• L'Accessibilité : Tous les aménagements, y compris extérieurs, devront permettre une accessibilité</line>
<line>pour les personnes à mobilité réduite.</line></par>
</text>
</block>
<block><region><rect/></region>
<text>
<par>
<line>SCP DESCOEUR - Architscture et Aménagement du Territoire 49 rue des Salins - 63000 CLERMONT FD</line></par>
</text>
</block>
<block><region><rect/></region>
<text>
<par>
<line>OAP 9</line></par>
</text>
</block>





<block blockType="Picture" blockName="" l="591" t="1124" r="2331" b="1549"><region><rect/></region>
</block>
</page>
<page width="2481" height="3508" resolution="300">
<block><region><rect/></region>
<text>
<par>
<line>COMMUNE DE BAYET</line></par>
</text>
</block>
<block><region><rect/></region>
<text>
<par>
<line>PLAN LOCAL D’URBANISME</line></par>
</text>
</block>
<block><region><rect/></region>
<text>
<par>
<line>5/Orientations d’Aménagement et de Programmation</line></par>
</text>
</block>
<block><region><rect/></region>
<text>
<par>
<line>3</line></par>
</text>
</block>
<block><region><rect/></region>
<text>
<par>
<line>ORIENTATIONS GENERALES POUR LES ZONES AUgl ET Aug2</line></par>
</text>
</block>
<block><region><rect/></region>
<text>
<par>
<line>1 - Atouts et contraintes du site</line></par>
</text>
</block>
<block><region><rect/></region>
<text>
<par>
<line>Présentation générale :</line></par>
<par>
<line>Deux secteurs d'urbanisation future ont été définis au PLU, au niveau du Bourg de BAYET, pôle central à</line>
<line>conforter. Les zones AUg 1 et AUg 2 se situent en continuité du bourg, qui se développe à l'ouest</line>
<line>(contraint à l'est par le val de Sioule). Elles bénéficient de la proximité du bourg et des services ; ce qui lui</line>
<line>confère un atout indéniable pour le développement de nouveaux quartiers à dominante résidentielle.</line></par>
<par>
<line>L'objectif de ces 2 secteurs est de recevoir un programme d'habitat mixte.</line></par>
</text>
</block>
<block><region><rect/></region>
<text>
<par>
<line>La zone AUg 1 se compose d'une partie de la parcelle 67.</line>
<line>La zone AUg2 se compose d'une partie de la parcelle 86.</line></par>
</text>
</block>
<block><region><rect/></region>
<text>
<par/>
</text>
</block>
<block><region><rect/></region>
<text>
<par>
<line>ROUX</line></par>
</text>
</block>
<block><region><rect/></region>
<text>
<par>
<line>LES</line></par>
</text>
</block>
<block><region><rect/></region>
<text>
<par>
<line>EDE</line></par>
</text>
</block>
<block><region><rect/></region>
<text>
<par>
<line>TNS</line></par>
</text>
</block>
<block><region><rect/></region>
<text>
<par>
<line>4</line></par>
</text>
</block>
<block><region><rect/></region>
<text>
<par>
<line>B BAL'VER</line></par>
</text>
</block>
<block><region><rect/></region>
<text>
<par>
<line>MP</line></par>
</text>
</block>
<block><region><rect/></region>
<text>
<par>
<line>RRO</line></par>
</text>
</block>
<block><region><rect/></region>
<text>
<par>
<line>AU</line></par>
</text>
</block>
<block><region><rect/></region>
<text>
<par>
<line>□UX</line></par>
</text>
</block>
<block><region><rect/></region>
<text>
<par/>
</text>
</block>
<block><region><rect/></region>
<text>
<par>
<line>ncc r^r</line></par>
</text>
</block>
<block><region><rect/></region>
<text>
<par/>
</text>
</block>
<block><region><rect/></region>
<text>
<par>
<line>/</line></par>
</text>
</block>
<block><region><rect/></region>
<text>
<par>
<line>Rot:x</line></par>
</text>
</block>
<block><region><rect/></region>
<text>
<par>
<line>Ufl</line></par>
</text>
</block>
<block><region><rect/></region>
<text>
<par>
<line>SR</line></par>
</text>
</block>
<block><region><rect/></region>
<text>
<par>
<line>rs ïïnïïj.js</line></par>
</text>
</block>
<block><region><rect/></region>
<text>
<par/>
</text>
</block>
<block><region><rect/></region>
<text>
<par/>
</text>
</block>
<block><region><rect/></region>
<text>
<par/>
</text>
</block>
<block><region><rect/></region>
<text>
<par/>
</text>
</block>
<block><region><rect/></region>
<text>
<par>
<line>b/-\</line></par>
</text>
</block>
<block><region><rect/></region>
<text>
<par>
<line>Ni</line></par>
</text>
</block>
<block><region><rect/></region>
<text>
<par>
<line>ALOL-lt</line></par>
</text>
</block>
<block><region><rect/></region>
<text>
<par>
<line>Ve»</line></par>
</text>
</block>
<block><region><rect/></region>
<text>
<par/>
</text>
</block>
<block><region><rect/></region>
<text>
<par>
<line>s PJL.Ï</line></par>
</text>
</block>
<block><region><rect/></region>
<text>
<par>
<line>MARNU</line></par>
</text>
</block>
<block><region><rect/></region>
<text>
<par>
<line>PLU</line></par>
</text>
</block>
<block><region><rect/></region>
<text>
<par>
<line>2 - Les principes d'aménagement</line></par>
<par>
<line>2.1 - Principe d'occupation de l'espace</line></par>
<par>
<line>- Créer un espace à vocation résidentielle, en lien avec le centre-bourg (pôle d'équipements et de services).</line></par>
<par>
<line>- Créer une cohérence de densité, en lien avec l'environnement immédiat (notion de «couture urbaine»).</line>
<line>Capacité d'accueil théorique (sur une base de lOOOm^ en moyenne par logement individuel :</line></par>
<par>
<line>AUgl (1.18 ha) : environ 11 ou 12 logements.</line></par>
<par>
<line>AUg2 (0.48 ha) : 4 logements environ.</line></par>
</text>
</block>
<block><region><rect/></region>
<text>
<par>
<line>2.2 - Organisation globale du site, accès et desserte interne</line></par>
<par>
<line>L'urbanisation de ces 2 zones étant en contact direct avec le bourg, elle doit être pensée de manière</line>
<line>cohérente afin d'assurer une perméabilité avec le reste du bourg. L'urbanisation devra ainsi être l'occasion</line>
<line>de poursuivre le maillage piéton avec le bourg.</line></par>
</text>
</block>
<block><region><rect/></region>
<text>
<par>
<line>SCP DESCOEUR - Architscture et Aménagement du Territoire 49 rue des Salins - 63000 CLERMONT FD</line></par>
</text>
</block>
<block><region><rect/></region>
<text>
<par>
<line>OAP</line></par>
</text>
</block>
<block><region><rect/></region>
<text>
<par>
<line>10</line></par>
</text>
</block>





















</page>
<page width="2481" height="3508" resolution="300">
<block><region><rect/></region>
<text>
<par>
<line>COMMUNE DE BAYET</line></par>
</text>
</block>
<block><region><rect/></region>
<text>
<par>
<line>PLAN LOCAL D’URBANISME</line></par>
</text>
</block>
<block><region><rect/></region>
<text>
<par>
<line>5/Orientations d’Aménagement et de Programmation</line></par>
</text>
</block>
<block><region><rect/></region>
<text>
<par>
<line>Pour la zone AUgI :</line></par>
<par>
<line>-» Les accès se feront par la RD219 ou par la RDS 19.</line></par>
<par>
<line>-» Une voirie interne traversera la zone AUg, et sera à un sens de circulation.</line>
<line>Pour la zone Aug2 :</line></par>
<par>
<line>-» Les accès se feront par la RD219 et par la RDI 83.</line></par>
<par>
<line>-» La zone est trop petite pour un maillage interne.</line></par>
</text>
</block>
<block><region><rect/></region>
<text>
<par>
<line>La valorisation des modes doux sera un critère primordial à l'aménagement du secteur. Les cheminements</line>
<line>mis en place devront permettre de rallier rapidement le centre bourg. Ils permettront en outre de créer</line>
<line>une liaison entre le Bourg et le Val de Sioule (pour ses espaces naturels, de détente, mais aussi pour relier</line>
<line>les équipements de sports et loisirs).</line></par>
<par>
<line>Ces itinéraires seront, autant que de possible, déconnectés de la voirie automobile. Ils devront :</line></par>
<par>
<line>-» être installés sur un espace présentant une largeur minimale de 3 mètres,</line></par>
<par>
<line>-» bénéficier de solutions techniques de revêtements garantissant la circulation à la fois des piétons,</line>
<line>des cycles et des personnes à mobilité réduite,</line></par>
<par>
<line>-» être accompagné d'une trame végétale herbacée ou arborée permettant l'intégration paysagère du</line>
<line>parcours.</line></par>
<par>
<line>Pour la zone AUgI :</line></par>
<par>
<line>-» un cheminement accompagnant la voirie interne sera mis en place.</line></par>
<par>
<line>-» Ce cheminement pourrait être prolongé, et traverser les quartiers résidentiels pour rejoindre le</line>
<line>bourg. Ce principe correspond à une des actions du CCAB.</line></par>
<par>
<line>Pour la zone Aug2 :</line></par>
<par>
<line>-» Cette petite zone se trouvera à proximité des cheminements de la zone AUgI.</line></par>
</text>
</block>
<block><region><rect/></region>
<text>
<par>
<line>2.3- Implantation des constructions</line></par>
<par>
<line>Les constructions pourront chercher à s'implanter dans le sens général des faîtages où la plus grande</line>
<line>longueur exposée au Sud permettra une utilisation optimum de la lumière naturelle et de l'énergie solaire.</line></par>
<par>
<line>Dans tous les cas, les implantations devront ménager des espaces d'intimité contrôlant les vis-à-vis. C'est</line>
<line>notamment ce qui est proposé pour l'organisation de la zone AUgI.</line></par>
<par>
<line>Les constructions de la zone AUg2 pourront développer des formes plus denses (mitoyenneté).</line></par>
</text>
</block>
<block><region><rect/></region>
<text>
<par>
<line>2.4- Hauteur des constructions</line></par>
<par>
<line>La hauteur des constructions est portée à 6m à l'égout des toitures des constructions.</line></par>
<par>
<line>Le plan de composition urbaine devra éviter la création de masques occasionnés par des ombres portées</line>
<line>entre les constructions. Il s'agit d'éviter tout effet défavorable à l'emploi de l'énergie solaire.</line></par>
</text>
</block>
<block><region><rect/></region>
<text>
<par>
<line>2.5- Paysage et biodiversité</line></par>
<par>
<line>La conception d'un véritable projet végétal et paysager permettra d'ouvrir la réflexion sur la continuité des</line>
<line>espaces naturels au sein du quartier et, à plus grande échelle, du bourg. L'aménagement d'espaces jardinés</line>
<line>permettrait à la biodiversité de circuler et de valoriser la qualité de vie des habitants, ainsi que leur cadre</line>
<line>de vie.</line></par>
</text>
</block>
<block><region><rect/></region>
<text>
<par>
<line>-» Des haies végétales seront mises en place en limites.</line></par>
<par>
<line>-» Des zones de phytoremédiation* seront à mettre en place sur les limites en contact directe avec</line>
<line>les espaces agricoles. Une largeur minimale de 10 m est préconisée.</line></par>
<par>
<line>* Phytoremédiation : mot construit à partir du grec phyto, piante, et du iatin remedium, remise en état.</line></par>
</text>
</block>
<block><region><rect/></region>
<text>
<par>
<line>SCP DESCOEUR - Architscture et Aménagement du Territoire 49 rue des Salins - 63000 CLERMONT FD</line></par>
</text>
</block>
<block><region><rect/></region>
<text>
<par>
<line>OAP</line></par>
</text>
</block>
<block><region><rect/></region>
<text>
<par>
<line>11</line></par>
</text>
</block>





</page>
<page width="2481" height="3508" resolution="300">
<block><region><rect/></region>
<text>
<par>
<line>COMMUNE DE BAYET</line></par>
</text>
</block>
<block><region><rect/></region>
<text>
<par>
<line>PLAN LOCAL D’URBANISME</line></par>
</text>
</block>
<block><region><rect/></region>
<text>
<par>
<line>5/Orientations d’Aménagement et de Programmation</line></par>
</text>
</block>
<block><region><rect/></region>
<text>
<par>
<line>La phytoremédiation est un ensemble de technologies qui emploient des plantes pour décontaminer</line>
<line>sols et air ou traiter les eaux souillées et pluviales. Elle est aussi un outil pour la conception d'espaces</line>
<line>urbains en agissant sur la pollution tout en améliorant le cadre de vie des habitants.</line></par>
<par>
<line>Les plantes vont soit absorber le contaminant pour le métaboliser ou le stocker, soit réduire voire</line>
<line>empêcher la libération du contaminant dans d'autres compartiments de l'environnement. Le plus</line>
<line>souvent, les composés organiques peuvent être dégradés et métabolisés pour la croissance de la</line>
<line>plante. Le polluant est alors éliminé.</line></par>
<par>
<line>La loi sur l'eau de 1992 a, entre autre, démontré la capacité de la végétation à résorber certains</line>
<line>polluants.</line></par>
</text>
</block>
<block><region><rect/></region>
<text>
<par>
<line>Phytovolatilisation</line></par>
</text>
</block>
<block><region><rect/></region>
<text>
<par/>
</text>
</block>
<block><region><rect/></region>
<text>
<par>
<line>i</line></par>
</text>
</block>
<block><region><rect/></region>
<text>
<par>
<line>IM*)</line></par>
</text>
</block>
<block><region><rect/></region>
<text>
<par/>
</text>
</block>
<block><region><rect/></region>
<text>
<par>
<line>%</line></par>
</text>
</block>
<block><region><rect/></region>
<text>
<par>
<line>ITOXIMI</line></par>
</text>
</block>
<block><region><rect/></region>
<text>
<par>
<line>iTOXiW I</line></par>
</text>
</block>
<block><region><rect/></region>
<text>
<par>
<line>P hyto extraction</line></par>
</text>
</block>
<block><region><rect/></region>
<text>
<par>
<line>Phytostabilisatiorî</line></par>
</text>
</block>
<block><region><rect/></region>
<text>
<par>
<line>Schéma de phytoremédiation (source : taste.versaiiies.inra.fr)</line></par>
</text>
</block>
<block><region><rect/></region>
<text>
<par>
<line>Les clôtures individuelles en bordure de l'espace public devront être en cohérence car elles sont un élément</line>
<line>visuel important de ces nouveaux quartiers. Il peut être aussi envisagé éventuellement un traitement et des</line>
<line>plantations communes à toutes les clôtures (haies bocagères libres d'essences locales et variées,</line>
<line>éventuellement doublées d'un grillage « noyé » dans la haie), voire n'envisager aucune clôture en bordure</line>
<line>de la voie publique.</line></par>
</text>
</block>
<block><region><rect/></region>
<text>
<par>
<line>SCP DESCOEUR - Architscture et Aménagement du Territoire 49 rue des Salins - 63000 CLERMONT FD</line></par>
</text>
</block>
<block><region><rect/></region>
<text>
<par>
<line>OAP</line></par>
</text>
</block>
<block><region><rect/></region>
<text>
<par>
<line>12</line></par>
</text>
</block>





<block blockType="Picture" blockName="" l="595" t="805" r="1658" b="1962"><region><rect/></region>
</block>
</page>
<page width="2481" height="3508" resolution="300">
<block><region><rect/></region>
<text>
<par>
<line>COMMUNE DE BAYET</line></par>
</text>
</block>
<block><region><rect/></region>
<text>
<par>
<line>PLAN LOCAL D’URBANISME</line></par>
</text>
</block>
<block><region><rect/></region>
<text>
<par>
<line>5/Orientations d’Aménagement et de Programmation</line></par>
</text>
</block>
<block><region><rect/></region>
<text>
<par>
<line>Orientations d'aménagement sur ies secteurs AUgt et AUg2</line></par>
</text>
</block>
<block><region><rect/></region>
<text>
<par/>
</text>
</block>
<block><region><rect/></region>
<text>
<par/>
</text>
</block>
<block><region><rect/></region>
<text>
<par>
<line>-♦o</line></par>
</text>
</block>
<block><region><rect/></region>
<text>
<par>
<line>m</line></par>
</text>
</block>
<block><region><rect/></region>
<text>
<par>
<line>/</line></par>
</text>
</block>
<block><region><rect/></region>
<text>
<par>
<line>r</line></par>
</text>
</block>
<block><region><rect/></region>
<text>
<par/>
</text>
</block>
<block><region><rect/></region>
<text>
<par/>
</text>
</block>
<block><region><rect/></region>
<text>
<par/>
</text>
</block>
<block><region><rect/></region>
<text>
<par/>
</text>
</block>
<block><region><rect/></region>
<text>
<par/>
</text>
</block>
<block><region><rect/></region>
<text>
<par>
<line>»</line></par>
</text>
</block>
<block><region><rect/></region>
<text>
<par/>
</text>
</block>
<block><region><rect/></region>
<text>
<par/>
</text>
</block>
<block><region><rect/></region>
<text>
<par>
<line>m</line></par>
</text>
</block>
<block><region><rect/></region>
<text>
<par>
<line>m</line></par>
</text>
</block>
<block><region><rect/></region>
<text>
<par>
<line>m</line></par>
</text>
</block>
<block><region><rect/></region>
<text>
<par/>
</text>
</block>
<block><region><rect/></region>
<text>
<par/>
</text>
</block>
<block><region><rect/></region>
<text>
<par/>
</text>
</block>
<block><region><rect/></region>
<text>
<par/>
</text>
</block>
<block><region><rect/></region>
<text>
<par/>
</text>
</block>
<block><region><rect/></region>
<text>
<par/>
</text>
</block>
<block><region><rect/></region>
<text>
<par>
<line>m</line></par>
</text>
</block>
<block><region><rect/></region>
<text>
<par/>
</text>
</block>
<block><region><rect/><rect/><rect/></region>
<text>
<par/>
</text>
</block>
<block><region><rect/></region>
<text>
<par>
<line>m</line></par>
</text>
</block>
<block><region><rect/></region>
<text>
<par/>
</text>
</block>
<block><region><rect/></region>
<text>
<par/>
</text>
</block>
<block><region><rect/></region>
<text>
<par/>
</text>
</block>
<block><region><rect/></region>
<text>
<par/>
</text>
</block>
<block><region><rect/></region>
<text>
<par/>
</text>
</block>
<block><region><rect/></region>
<text>
<par>
<line>‘m</line></par>
</text>
</block>
<block><region><rect/></region>
<text>
<par/>
</text>
</block>
<block><region><rect/></region>
<text>
<par/>
</text>
</block>
<block><region><rect/></region>
<text>
<par>
<line>m</line></par>
</text>
</block>
<block><region><rect/></region>
<text>
<par/>
</text>
</block>
<block><region><rect/></region>
<text>
<par/>
</text>
</block>
<block><region><rect/></region>
<text>
<par/>
</text>
</block>
<block><region><rect/></region>
<text>
<par/>
</text>
</block>
<block><region><rect/></region>
<text>
<par>
<line>A-</line></par>
</text>
</block>
<block><region><rect/></region>
<text>
<par>
<line>m</line></par>
</text>
</block>
<block><region><rect/></region>
<text>
<par>
<line>A</line></par>
</text>
</block>
<block><region><rect/></region>
<text>
<par/>
</text>
</block>
<block><region><rect/></region>
<text>
<par/>
</text>
</block>
<block><region><rect/></region>
<text>
<par>
<line>m</line></par>
</text>
</block>
<block><region><rect/></region>
<text>
<par/>
</text>
</block>
<block><region><rect/></region>
<text>
<par>
<line>»</line></par>
</text>
</block>
<block><region><rect/></region>
<text>
<par>
<line>//</line></par>
</text>
</block>
<block><region><rect/></region>
<text>
<par/>
</text>
</block>
<block><region><rect/></region>
<text>
<par>
<line>Ml</line></par>
</text>
</block>
<block><region><rect/></region>
<text>
<par>
<line>JT</line></par>
</text>
</block>
<block><region><rect/></region>
<text>
<par/>
</text>
</block>
<block><region><rect/></region>
<text>
<par>
<line>Emprise des zones AUgI et 2</line></par>
<par>
<line>Polygone d’implantation des constructions</line></par>
<par>
<line>Espace jardins (exposition sud)</line></par>
<par>
<line>Voie d’accès</line>
<line>Cheminement doux</line>
<line>Haies arbustioes</line>
<line>Bande de phytorémédiation</line></par>
</text>
</block>
<block><region><rect/></region>
<text>
<par>
<line>Equipements, services</line></par>
<par>
<line>Secteurs de jardins, espaces récréatifs arborés</line></par>
<par>
<line>Val de Sioule</line></par>
</text>
</block>
<block><region><rect/></region>
<text>
<par>
<line>SCP DESCOEUR - Architscture et Aménagement du Territoire 49 rue des Salins - 63000 CLERMONT FD</line></par>
</text>
</block>
<block><region><rect/></region>
<text>
<par>
<line>OAP 13</line></par>
</text>
</block>









<block blockType="Picture" blockName="" l="124" t="378" r="2358" b="2822"><region><rect/></region>
</block>
</page>
<page width="2481" height="3508" resolution="300">
<block><region><rect/></region>
<text>
<par>
<line>COMMUNE DE BAYET</line></par>
</text>
</block>
<block><region><rect/></region>
<text>
<par>
<line>PLAN LOCAL D’URBANISME</line></par>
</text>
</block>
<block><region><rect/></region>
<text>
<par>
<line>5/Orientations d’Aménagement et de Programmation</line></par>
</text>
</block>
<block><region><rect/></region>
<text>
<par>
<line>4 ANNEXES</line></par>
</text>
</block>
<block><region><rect/></region>
<text>
<par>
<line>Proposition d'une palette végétale</line></par>
<par>
<line>à utiliser autant pour les espaces privés que pour les espaces publics</line>
<line>(à adapter en fonction de la place, de l'ensoleillement, du sol...).</line></par>
</text>
</block>
<block><region><rect/></region>
<text>
<par>
<line>Les arbres et arbustes rChêne pédonculé, chêne sessile, frêne, hêtre, charme, tilleul, poirier, pommier, cerisier, noyer</line>
<line>commun, cognassier, noisetier, érable champêtre, érable sycomore, orme champêtre, merisier, aubépine, prunellier,</line>
<line>cornouiller mâle, cornouiller sanguin, viorne lantane, sorbier des oiseleurs, buis, houx, sureau, cassis, églantier, lilas,...</line></par>
</text>
</block>
<block><region><rect/></region>
<text>
<par>
<line>Les plantes grimpantes : Chèvrefeuille, vigne, vigne vierge, glycine, clématite, rosier, hortensia grimpant, lierre, renouée</line></par>
<par>
<line>grimpante,...</line></par>
</text>
</block>
<block><region><rect/></region>
<text>
<par>
<line>Les plantes vivaces : Aster, centaurée, coreopsis, iris, rose trémière, rosier, valériane des jardins, tulipes, narcisses,</line></par>
<par>
<line>jacinthes, lis,...</line></par>
</text>
</block>
<block><region><rect/></region>
<text>
<par/>
</text>
</block>
<block><region><rect/></region>
<text>
<par/>
</text>
</block>
<block><region><rect/></region>
<text>
<par>
<line>J</line></par>
</text>
</block>
<block><region><rect/></region>
<text>
<par>
<line>Noisetier</line></par>
</text>
</block>
<block><region><rect/></region>
<text>
<par>
<line>hêtre</line></par>
</text>
</block>
<block><region><rect/></region>
<text>
<par>
<line>frêne</line></par>
</text>
</block>
<block><region><rect/></region>
<text>
<par>
<line>5t</line></par>
</text>
</block>
<block><region><rect/></region>
<text>
<par>
<line>N</line></par>
</text>
</block>
<block><region><rect/></region>
<text>
<par/>
</text>
</block>
<block><region><rect/></region>
<text>
<par/>
</text>
</block>
<block><region><rect/></region>
<text>
<par/>
</text>
</block>
<block><region><rect/></region>
<text>
<par>
<line>V</line></par>
</text>
</block>
<block><region><rect/></region>
<text>
<par>
<line>f</line></par>
</text>
</block>
<block><region><rect/></region>
<text>
<par/>
</text>
</block>
<block><region><rect/></region>
<text>
<par/>
</text>
</block>
<block><region><rect/></region>
<text>
<par/>
</text>
</block>
<block><region><rect/></region>
<text>
<par/>
</text>
</block>
<block><region><rect/></region>
<text>
<par/>
</text>
</block>
<block><region><rect/></region>
<text>
<par>
<line>SCP DESCOEUR - Architscture et Aménagement du Territoire 49 rue des Salins - 63000 CLERMONT FD</line></par>
</text>
</block>
<block><region><rect/></region>
<text>
<par>
<line>OAP</line></par>
</text>
</block>
<block><region><rect/></region>
<text>
<par>
<line>14</line></par>
</text>
</block>







<block blockType="Picture" blockName="" l="338" t="1946" r="406" b="2024"><region><rect/></region>
</block>
</page>
<page width="2481" height="3508" resolution="300">
<block><region><rect/></region>
<text>
<par>
<line>COMMUNE DE BAYET</line></par>
</text>
</block>
<block><region><rect/></region>
<text>
<par>
<line>PLAN LOCAL D’URBANISME</line></par>
</text>
</block>
<block><region><rect/></region>
<text>
<par>
<line>5/Orientations d’Aménagement et de Programmation</line></par>
</text>
</block>
<block><region><rect/></region>
<text>
<par>
<line>Pistes de réflexion sur la phytorémédiation</line></par>
</text>
</block>
<block><region><rect/></region>
<text>
<par>
<line>Divers types de phytorémédiation existent :</line></par>
<par>
<line>• La phytodégradation : ia concentration des contaminants est atténuée in</line>
<line>situ pour des contaminants organiques sans nécessité de récoites des</line>
<line>piantes.</line></par>
<par>
<line>• La phytoextraction : ies contaminants de type métaux sont extraits par ies</line>
<line>piantes qui sont récoitées jusqu'à dépoiiution du site.</line></par>
<par>
<line>• La phytostabiiisation : ia concentration des contaminants de types</line>
<line>organiques ou métaiiiques est stabiiisée par un couvert végétai maintenu</line>
<line>in situ.</line></par>
<par>
<line>• La phytovoiatiiisation : ies contaminants de types organiques ou</line>
<line>métaiiiques sont enievés par un couvert végétai maintenu.</line></par>
</text>
</block>
<block><region><rect/></region>
<text>
<par>
<line>Les différents types de phytorémédiation</line>
<line>http://www.indesciences.com/phytoremediation-moyen-efficace-depolluer-les-sols/</line></par>
</text>
</block>
<block><region><rect/></region>
<text>
<par>
<line>PHYTODEGRADATION</line></par>
</text>
</block>
<block><region><rect/><rect/></region>
<text>
<par>
<line>• PHYTOVOLATILIZATION</line></par>
<par>
<line>&gt; •</line></par>
</text>
</block>
<block><region><rect/></region>
<text>
<par>
<line>•</line></par>
</text>
</block>
<block><region><rect/></region>
<text>
<par>
<line>• ir</line></par>
</text>
</block>
<block><region><rect/></region>
<text>
<par>
<line>«</line></par>
</text>
</block>
<block><region><rect/></region>
<text>
<par>
<line>«f</line></par>
</text>
</block>
<block><region><rect/></region>
<text>
<par>
<line>PHYTOEXTRACTION</line></par>
</text>
</block>
<block><region><rect/></region>
<text>
<par>
<line>PHYTOSTABILiZATION</line></par>
</text>
</block>
<block><region><rect/></region>
<text>
<par>
<line>Exe m pies :</line></par>
</text>
</block>
<block><region><rect/><rect/><rect/></region>
<text>
<par>
<line>• Deux graminées très communes en Europe du Nord, ia fétuque et ia canche, se sont avérées capabies de fixer certains poiiuants</line>
<line>contenus dans ie soi (cadmium, piomb, arsenic, zinc...), en ies</line>
<line>absorbant au niveau de ieurs racines. Mieux, ces piantes survivent</line>
<line>très bien à une cuiture sur des sédiments poiiués.</line></par>
<par>
<line>• Les piantes hyperaccumuiatrices réaiisent ie processus de</line>
<line>phytoextraction : Fougères (A), arabettes de Haiier (B),</line>
<line>tabouret caiaminaire (C)... ces piantes sont capabies d'absorber</line>
<line>d'impressionnantes quantités de métaux comme ie nickei,</line>
<line>i'arsenic et ie cadmium.</line></par>
<par>
<line>• Piantes hyperaccumuiatrices en nickei (exprimés en % de</line>
<line>matière sèche) : D) Aiyssum muraie (pourtour méditerranéen) :</line></par>
<par>
<line>3 %.</line></par>
</text>
</block>
<block><region><rect/></region>
<text>
<par/>
</text>
</block>
<block><region><rect/></region>
<text>
<par/>
</text>
</block>
<block><region><rect/></region>
<text>
<par>
<line>-M*</line></par>
</text>
</block>
<block><region><rect/></region>
<text>
<par>
<line>CONTAMINANT I MAXIMUM LEVELS OF CONTAMINA</line></par>
</text>
</block>
<block><region><rect/></region>
<text>
<par>
<line>Mulii Family Single Family Farming Animais .</line></par>
<par>
<line>Housing Houses Gardenmg Growing Food</line></par>
<par>
<line>Récréation Park Playsrourtd</line></par>
</text>
</block>
<block><region><rect/></region>
<text>
<par>
<line>TYPICAL PLANTS</line></par>
</text>
</block>
<block><region><rect/></region>
<text>
<par>
<line>&gt;</line></par>
</text>
</block>
<block><region><rect/></region>
<text>
<par>
<line>Orten tound in lead-aod batteries. iigm-emittir&gt;g</line>
<line>diodes, peints, dyes. mêlais, pharmaceuticals.</line>
<line>pesticides, herbicides, soaps. and semiconductori.</line></par>
</text>
</block>
<block><region><rect/></region>
<text>
<par>
<line>, .^K^JChineseSrake Fem</line>
<line>îK J vrttata L</line></par>
</text>
</block>
<block><region><rect/></region>
<text>
<par/>
</text>
</block>
<block><region><rect/></region>
<text>
<par/>
</text>
</block>
<block><region><rect/></region>
<text>
<par>
<line>AIpne Permycress</line>
<line>Thiaspi caonriescens</line></par>
</text>
</block>
<block><region><rect/></region>
<text>
<par>
<line>PMYTO EXTRACTION</line></par>
</text>
</block>
<block><region><rect/></region>
<text>
<par>
<line>Sçntalë polyrtm</line></par>
</text>
</block>
<block><region><rect/></region>
<text>
<par/>
</text>
</block>
<block><region><rect/></region>
<text>
<par>
<line>. ^1, CommonWheat</line></par>
<par>
<line>TnticumtiU'tum</line></par>
</text>
</block>
<block><region><rect/></region>
<text>
<par>
<line>PmrO STABILIZATION</line></par>
</text>
</block>
<block><region><rect/></region>
<text>
<par/>
</text>
</block>
<block><region><rect/></region>
<text>
<par/>
</text>
</block>
<block><region><rect/></region>
<text>
<par>
<line>y Mercury</line></par>
</text>
</block>
<block><region><rect/></region>
<text>
<par>
<line>CB</line></par>
</text>
</block>
<block><region><rect/></region>
<text>
<par>
<line>TCE</line></par>
</text>
</block>
<block><region><rect/></region>
<text>
<par>
<line>PtmD STABILIZATION</line></par>
</text>
</block>
<block><region><rect/></region>
<text>
<par>
<line>S</line></par>
</text>
</block>
<block><region><rect/></region>
<text>
<par>
<line>m</line></par>
</text>
</block>
<block><region><rect/></region>
<text>
<par>
<line>&gt;</line></par>
</text>
</block>
<block><region><rect/></region>
<text>
<par>
<line>RàaBBn</line></par>
</text>
</block>
<block><region><rect/></region>
<text>
<par/>
</text>
</block>
<block><region><rect/></region>
<text>
<par>
<line>SCP DESCOEUR - Architscture et Aménagement du Territoire 49 rue des Salins - 63000 CLERMONT FD</line></par>
</text>
</block>
<block><region><rect/></region>
<text>
<par>
<line>OAP</line></par>
</text>
</block>
<block><region><rect/></region>
<text>
<par>
<line>15</line></par>
</text>
</block>


























<block blockType="Picture" blockName="" l="178" t="2108" r="418" b="2171"><region><rect/></region>
</block>
<block blockType="Picture" blockName="" l="1391" t="2335" r="1500" b="2363"><region><rect/></region>
</block>
<block blockType="Picture" blockName="" l="227" t="2506" r="418" b="2572"><region><rect/></region>
</block>
<block blockType="Picture" blockName="" l="220" t="2595" r="308" b="2660"><region><rect/></region>
</block>
<block blockType="Picture" blockName="" l="221" t="2768" r="307" b="2831"><region><rect/></region>
</block>
</page>
</OAP>