<?xml version="1.0" encoding="UTF-8"?><OAP>
<page width="2481" height="3508" resolution="300">
<block><region><rect/></region>
<text>
<par>
<line>DEPARTEMENT DES HAUTES-ALPES</line></par>
<par>
<line>COMMUNE DE SAINT-ANDRE-D’EMBRUN</line></par>
<par>
<line>(05200)</line></par>
<par>
<line>ELABORATION DU PLAN LOCAL</line>
<line>D’URBANISME</line></par>
</text>
</block>
<block><region><rect/></region>
<text>
<par>
<line>!»</line></par>
</text>
</block>
<block><region><rect/></region>
<text>
<par/>
</text>
</block>
<block><region><rect/></region>
<text>
<par/>
</text>
</block>
<block><region><rect/></region>
<text>
<par/>
</text>
</block>
<block><region><rect/></region>
<text>
<par/>
</text>
</block>
<block><region><rect/></region>
<text>
<par/>
</text>
</block>
<block><region><rect/></region>
<text>
<par/>
</text>
</block>
<block><region><rect/></region>
<text>
<par/>
</text>
</block>
<block><region><rect/></region>
<text>
<par/>
</text>
</block>
<block><region><rect/></region>
<text>
<par/>
</text>
</block>
<block><region><rect/></region>
<text>
<par>
<line>3. ORIENTATIONS D’AMENAGEMENT ET DE PROGRAMMATION</line></par>
</text>
</block>
<block><region><rect/></region>
<text>
<par>
<line>POS initial approuvé le 3 décembre 1999</line></par>
</text>
</block>
<block><region><rect/></region>
<text>
<par>
<line>PLU arrêté le</line></par>
<par>
<line>Le Maire</line></par>
</text>
</block>
<block><region><rect/></region>
<text>
<par>
<line>Alp</line></par>
<par>
<line>I L</line></par>
</text>
</block>
<block><region><rect/><rect/></region>
<text>
<par>
<line>icité</line></par>
<par>
<line>Nicolas BREUILLOT</line></par>
<par>
<line>Urbanisme &amp; Paysage</line></par>
</text>
</block>
<block><region><rect/></region>
<text>
<par>
<line>SARL Alpicité - 14 rue Caffe -</line></par>
<par>
<line>05200 EMBRUN</line></par>
<par>
<line>Tel ; 04.92.46.51.80/Mail ;</line></par>
<par>
<line>contact@alDicite.fr</line></par>
<par>
<line>Site Web ; www.alDicite.fr</line></par>
</text>
</block>
<block><region><rect/></region>
<text>
<par>
<line>PLU approuvé le</line></par>
<par>
<line>Le Maire</line></par>
</text>
</block>
<block><region><rect/></region>
<text>
<par>
<line>M O n t e c O</line></par>
<par>
<line>Ingénierie &amp; Conseil</line></par>
</text>
</block>
<block><region><rect/></region>
<text>
<par>
<line>MONTECO</line></par>
<par>
<line>Caroline GUIGNIER</line></par>
<par>
<line>90 chemin du réservoir</line></par>
<par>
<line>04260 ALLOS</line></par>
<par>
<line>Tel : 04.92.83.81.36</line></par>
<par>
<line>Mail : cauianier@monteco.fr</line></par>
<par>
<line>www.monteco.fr</line></par>
</text>
</block>















</page>
<page width="2481" height="3508" resolution="300">
<block><region><rect/></region>
<text>
<par>
<line>Commune de SAINT-ANDRE-D'EMBRUN (Hautes-Alpes)</line></par>
<par>
<line>OPLAN LOCAL D'URBANISME - Orientations d'Aménagement et de Programmation</line></par>
</text>
</block>
<block><region><rect/></region>
<text>
<par>
<line>2017</line></par>
</text>
</block>
<block><region><rect/></region>
<text>
<par>
<line>Préambule.2</line></par>
<par>
<line>Orientation d’aménagement et de programmation n°1 : zone Uba (La Pinée).4</line></par>
<par>
<line>1. Les éléments de programmation.4</line></par>
<par>
<line>2. Accès et stationnement.4</line></par>
<par>
<line>3. Implantation et volumétries des constructions.6</line></par>
<par>
<line>4. Traitement des espaces verts.6</line></par>
<par>
<line>5. Réseaux.6</line></par>
</text>
</block>
<block><region><rect/></region>
<text>
<par>
<line>Orientation d’aménagement et de programmation n°2 : zone Ubb - Le village.... 7</line></par>
</text>
</block>
<block><region><rect/></region>
<text>
<par>
<line>1. Les éléments de programmation.7</line></par>
<par>
<line>2. Accès et stationnement.7</line></par>
<par>
<line>3. Implantation et volumétries des constructions.8</line></par>
<par>
<line>6. Traitement des espaces verts.9</line></par>
<par>
<line>7. Réseaux.9</line></par>
</text>
</block>
<block><region><rect/></region>
<text>
<par>
<line>Aip</line></par>
<par>
<line>I</line></par>
</text>
</block>
<block><region><rect/><rect/><rect/></region>
<text>
<par>
<line>icité</line></par>
</text>
<text>
<par>
<line>Nicolas BREUILLOT</line></par>
<par>
<line>Urbanttm* &lt;r P«ys«{|e</line></par>
</text>
</block>
<block><region><rect/></region>
<text>
<par>
<line>SARL Alpicité -14 rue Caffe-05200 EMBRUN</line></par>
<par>
<line>Tel : 04.92.46.51.80 - Mail : contact® alpicite.fr</line></par>
<par>
<line>www.alpicite.fr</line></par>
</text>
</block>
<block><region><rect/></region>
<text>
<par>
<line>1</line></par>
</text>
</block>




















<block blockType="Picture" blockName="" l="2177" t="151" r="2328" b="286"><region><rect/></region>
</block>
</page>
<page width="2481" height="3508" resolution="300">
<block><region><rect/></region>
<text>
<par>
<line>Commune de SAINT-ANDRE-D'EMBRUN (Hautes-Alpes)</line></par>
<par>
<line>OPLAN LOCAL D'URBANISME - Orientations d'Aménagement et de Programmation</line></par>
</text>
</block>
<block><region><rect/></region>
<text>
<par>
<line>Préambule</line></par>
</text>
</block>
<block><region><rect/></region>
<text>
<par>
<line>La loi Solidarité et Renouvellement Urbain (S.R.U.) du 13 décembre 2000</line>
<line>intègre les Orientations d'Aménagement ou sein du Projet d'Aménagement</line>
<line>et de Développement Durable (P.A.D.D.). La loi Urbanisme et Habitat du 2</line>
<line>juillet 2003 toit de ce document un élément spécifique du PLU et</line>
<line>indépendant du P.A.D.D. Elles se voient renforcer par la loi Grenelle II,</line>
<line>opposable depuis le 13 janvier 2011, et deviennent des Orientations</line>
<line>d'Aménagement et de Programmation (O.A.P.)</line></par>
<par>
<line>Opposables aux tiers, les orientations d'aménagement et de programmation</line>
<line>permettent à la commune de préciser les conditions d'aménagement de</line>
<line>certains secteurs qui vont connaître un développement ou une</line>
<line>restructuration particulière. Le code de l'urbanisme les définit :</line></par>
<par>
<line>« Dans le respect des orienfafions définies par le prajef d'aménagement et de</line>
<line>dévelappemenf durables, les arienfafians d'aménagement et de pragrammafian</line>
<line>camprennenf des dispasifians partant sur l'aménagement l'habitat, les transparts et les</line>
<line>déplacements.</line></par>
<par>
<line>1. En ce qui cancerne l'aménagement les arienfafians peuvent définir les actians et</line>
<line>apératians nécessaires paur mettre en valeur l'envirannement, les paysages, les entrées de</line>
<line>villes et le pafrimaine, lutter centre l'insalubrité, permettre le renauvellemenf urbain et assurer</line>
<line>le dévelappemenf de la cammune.</line></par>
<par>
<line>Elles peuvent camparter un échéancier prévisiannel de l'auverfure à l'urbanisa flan des zanes</line>
<line>à urbaniser et de la réalisafian des équipements carrespandants.</line></par>
<par>
<line>Elles peuvent parier sur des quartiers au des secteurs à mettre en valeur, réhabiliter,</line>
<line>restructurer au aménager.</line></par>
<par>
<line>Elles peuvent prendre la farme de schémas d'aménagement et préciser les principales</line>
<line>caractéristiques des vaies et espaces publics.</line></par>
<par>
<line>2. En ce qui cancerne l'habitat, elles définissent les abjecfifs et les principes d'une palifique</line>
<line>visant à répandre aux besains en lagements et en hébergements, à favariser le</line>
<line>renauvellemenf urbain et la mixité saciale et à améliarer l'accessibilité du cadre bâti aux</line>
<line>persannes handicapées en assurant entre les cammunes et entre les quartiers d'une même</line>
<line>cammune une réparfifian équilibrée et diversifiée de l'affre de lagements.</line></par>
<par>
<line>Elles tiennent lieu du pragramme laçai de l'habitat défini par les articles L. 302-1 à L. 302-4 du</line>
<line>cade de la cansfrucfian et de l'habitatian.</line></par>
<par>
<line>3. En ce qui cancerne les transparts et les déplacements, elles définissent i'arganisatian des</line>
<line>transparts de persannes et de marchandises, de la circulafian et du statiannement.</line></par>
<par>
<line>Elles tiennent lieu du plan de déplacements urbains défini par les articles 28 à 28-4 de la lai n°</line>
<line>82-1153 du 30 décembre 1982 d'arienfafian des transparts intérieurs.</line></par>
<par>
<line>Larsqu'un plan laçai d'urbanisme est établi et apprauvé par une cammune nan membre d'un</line>
<line>établissement public de caapérafian intercammunale, il ne camprend pas les régies.</line></par>
</text>
</block>
<block><region><rect/></region>
<text>
<par>
<line>SARL Alpicité -14 rue Caffe-05200 EMBRUN</line></par>
<par>
<line>Tel : 04.92.46.51.80 - Mail : contact® alpicite.fr</line></par>
<par>
<line>www.alpicite.fr</line></par>
</text>
</block>
<block><region><rect/></region>
<text>
<par>
<line>2</line></par>
</text>
</block>








<block blockType="Picture" blockName="" l="2177" t="151" r="2328" b="286"><region><rect/></region>
</block>
</page>
<page width="2481" height="3508" resolution="300">
<block><region><rect/></region>
<text>
<par>
<line>Commune de SAINT-ANDRE-D'EMBRUN (Hautes-Alpes)</line></par>
<par>
<line>OPLAN LOCAL D'URBANISME - Orientations d'Aménagement et de Programmation</line></par>
</text>
</block>
<block><region><rect/></region>
<text>
<par>
<line>2017</line></par>
</text>
</block>
<block><region><rect/></region>
<text>
<par>
<line>orientations et programmations prévues au 2 et au présent 3. Lorsqu'un pian iocai</line>
<line>d'urbanisme est étabii et approuvé par un étabiissement pubiic de coopération</line>
<line>intercommunaie qui n'est pas autorité compétente pour i'organisation des transports urbains,</line>
<line>a ne comprend pas ies régies, orientations et programmations prévues au présent 3. »</line></par>
<par>
<line>Le présent document porte sur les zones Ubo de La Pinée et Ubb du village.</line></par>
</text>
</block>
<block><region><rect/></region>
<text>
<par>
<line>SARL Alpicité -14 rue Caffe-05200 EMBRUN</line></par>
<par>
<line>Tel : 04.92.46.51.80 - Mail : contact® alpicite.fr</line></par>
<par>
<line>www.alpicite.fr</line></par>
</text>
</block>
<block><region><rect/></region>
<text>
<par>
<line>3</line></par>
</text>
</block>








<block blockType="Picture" blockName="" l="2177" t="151" r="2328" b="286"><region><rect/></region>
</block>
</page>
<page width="2481" height="3508" resolution="300">
<block><region><rect/></region>
<text>
<par>
<line>Commune de SAINT-ANDRE-D'EMBRUN (Hautes-Alpes)</line></par>
<par>
<line>OPLAN LOCAL D'URBANISME - Orientations d'Aménagement et de Programmation</line></par>
</text>
</block>
<block><region><rect/></region>
<text>
<par>
<line>2017</line></par>
</text>
</block>
<block><region><rect/></region>
<text>
<par>
<line>Orientation d'aménagement et de</line>
<line>programmation n°1 : zone Uba (La Pinée)</line></par>
</text>
</block>
<block><region><rect/></region>
<text>
<par>
<line>L'objectif de l'OAP est de définir un projet d'aménagement cohérent dons le</line>
<line>prolongement de la zone récemment aménagée. La zone Ubo couvre une</line>
<line>superficie de l'ordre de 4500 m^.</line></par>
<par>
<line>1. Les éléments de programmation</line></par>
<par>
<line>Essentiellement graphique cette orientation d'aménagement fige les</line>
<line>principes de compositions majeurs ainsi que les grands axes de compositions.</line>
<line>Elle garantit ainsi les principes d'implantation des constructions mois est</line>
<line>largement complétée par le réglement sur des points précis.</line></par>
<par>
<line>L'aménagement de la zone Uba se réalisera sous la forme d'une opération</line>
<line>d'aménagement d'ensemble respectant les principes précisés dans le</line>
<line>schéma de principe.</line></par>
<par>
<line>Pour garantir une économie d'espaces il est imposé une densité minimale de</line>
<line>construction d'au moins 8 logements à l'échelle de la zone.</line></par>
<par>
<line>2. Accès et stationnement</line></par>
<par>
<line>L'accès à la zone se réalisera depuis le lotissement existant en prolongeant la</line>
<line>voie d'accès créé. La voirie aura une largeur minimale d'au moins 5m.</line></par>
<par>
<line>Des attentes de voiries seront réalisées en limite sud de la zone pour anticiper</line>
<line>une éventuelle extension.</line></par>
<par>
<line>En limite Sud une aire de retournement servant également de stationnement</line>
<line>sera réalisée.</line></par>
<par>
<line>Les accès aux propriétés se réaliseront depuis les voies internes créées. Aucun</line>
<line>accès n'est autorisé sur la route départementale.</line></par>
<par>
<line>En complément du règlement les espaces de stationnement des propriétés</line>
<line>peuvent être tout ou partie mutualisés.</line></par>
</text>
</block>
<block><region><rect/></region>
<text>
<par>
<line>Aip</line></par>
<par>
<line>I</line></par>
</text>
</block>
<block><region><rect/><rect/><rect/></region>
<text>
<par>
<line>icité</line></par>
</text>
<text>
<par>
<line>Nicolas BREUILLOT</line></par>
<par>
<line>Urbanttm* &lt;r P«ys«{|e</line></par>
</text>
</block>
<block><region><rect/></region>
<text>
<par>
<line>SARL Alpicité -14 rue Caffe-05200 EMBRUN</line></par>
<par>
<line>Tel : 04.92.46.51.80 - Mail : contact® alpicite.fr</line></par>
<par>
<line>www.alpicite.fr</line></par>
</text>
</block>
<block><region><rect/></region>
<text>
<par>
<line>4</line></par>
</text>
</block>








<block blockType="Picture" blockName="" l="2177" t="151" r="2328" b="286"><region><rect/></region>
</block>
</page>
<page width="2481" height="3508" resolution="300">
<block><region><rect/></region>
<text>
<par>
<line>Commune de SAINT-ANDRE-D'EMBRUN (Hautes-Alpes)</line></par>
<par>
<line>OPLAN LOCAL D'URBANISME - Orientations d'Aménagement et de Programmation</line></par>
</text>
</block>
<block><region><rect/></region>
<text>
<par>
<line>2017</line></par>
</text>
</block>
<block><region><rect/></region>
<text>
<par>
<line>Schéma de principe d’aménagement de ia zone Uba</line>
<line>Orientation d’Aménagement et de Programmation n°l</line></par>
</text>
</block>
<block><region><rect/></region>
<text>
<par>
<line>■fv</line></par>
</text>
</block>
<block><region><rect/></region>
<text>
<par/>
</text>
</block>
<block><region><rect/></region>
<text>
<par>
<line>V . 18</line></par>
<par>
<line>a</line></par>
</text>
</block>
<block><region><rect/></region>
<text>
<par/>
</text>
</block>
<block><region><rect/></region>
<text>
<par>
<line>y ~</line></par>
<par>
<line>■' 1*48^./</line></par>
</text>
</block>
<block><region><rect/></region>
<text>
<par>
<line>1^8 , JW f</line></par>
<par>
<line>. " S .</line></par>
</text>
</block>
<block><region><rect/></region>
<text>
<par/>
</text>
</block>
<block><region><rect/><rect/><rect/></region>
<text>
<par/>
</text>
</block>
<block><region><rect/><rect/><rect/></region>
<text>
<par>
<line>Voie existante</line>
<line>J J J Principe de voie à créer</line></par>
<par>
<line>Principe d’orientation des faîtages</line>
<line>Haie bocagère à créer</line>
<line>Stationnement à créer</line></par>
</text>
</block>
<block><region><rect/></region>
<text>
<par>
<line>Aip</line></par>
</text>
<text>
<par>
<line>''</line></par>
<par>
<line>I &lt;J</line></par>
</text>
</block>
<block><region><rect/><rect/><rect/></region>
<text>
<par>
<line>icité</line></par>
</text>
<text>
<par>
<line>Nicolas BREUILLOT</line></par>
<par>
<line>Urbanttm* &lt;r P«ys«{|e</line></par>
</text>
</block>
<block><region><rect/></region>
<text>
<par>
<line>SARL Alpicité -14 rue Caffe-05200 EMBRUN</line></par>
<par>
<line>Tel : 04.92.46.51.80 - Mail : contact® alpicite.fr</line></par>
<par>
<line>www.alpicite.fr</line></par>
</text>
</block>
<block><region><rect/></region>
<text>
<par>
<line>5</line></par>
</text>
</block>










<block blockType="Picture" blockName="" l="2177" t="151" r="2328" b="286"><region><rect/></region>
</block>
<block blockType="Picture" blockName="" l="204" t="526" r="2330" b="3075"><region><rect/></region>
</block>
</page>
<page width="2481" height="3508" resolution="300">
<block><region><rect/></region>
<text>
<par>
<line>Commune de SAINT-ANDRE-D'EMBRUN (Hautes-Alpes)</line></par>
<par>
<line>OPLAN LOCAL D'URBANISME - Orientations d'Aménagement et de Programmation</line></par>
</text>
</block>
<block><region><rect/></region>
<text>
<par>
<line>2017</line></par>
</text>
</block>
<block><region><rect/></region>
<text>
<par>
<line>3. Implantation et volumétries des constructions</line></par>
<par>
<line>Les constructions devront s'implanter à 3m en retrait de l'alignement des</line>
<line>vaies créées. Tcutefcis, les annexes d'une emprise au sal inférieure à 30m^</line>
<line>sent autarisées à l'alignement.</line></par>
<par>
<line>En limite de zane les canstructians daivent s'implanter à au mains 3m des</line>
<line>limites. A l'intérieur de la zane les canstructians peuvent s'implanter librement.</line></par>
<par>
<line>Il est précisé que l'emprise des canstructians sur chaque parcelle ne pcurra</line>
<line>être supérieure à 25%.</line></par>
<par>
<line>L'implantaticn des canstructians devra respecter les sens d'crientaticn de</line>
<line>faîtage précisé sur le schéma de principe de l'OAP.</line></par>
<par>
<line>4. Traitement des espaces verts</line></par>
<par>
<line>Il est impcsé des systèmes de haies bacagéres fermant des caupures entre les</line>
<line>différentes entités bâties dans le respect du bccage ccmmunal.</line></par>
<par>
<line>5. Réseaux</line></par>
<par>
<line>Les réseaux sent présents à la périphérie de la zane au niveau du latissement</line>
<line>existant. L'aménageur devra se raccarder aux réseaux existants en limite de</line>
<line>zane sauf paur les eaux pluviales qui serant gérés dans l'emprise de la zane,</line>
<line>avec rejet d'un débit de fuite dans le réseau public de ccllecte s'il existe au</line>
<line>marnent de la réalisatian de l'apératian. Dans l'autre cas, les eaux pluviales</line>
<line>devrant être infiltrées sur la zane.</line></par>
<par>
<line>D'une façan générale les réseaux créés devrcnt être préférentiellement</line>
<line>implantés saus les vairies.</line></par>
</text>
</block>
<block><region><rect/></region>
<text>
<par>
<line>SARL Alpicité -14 rue Caffe-05200 EMBRUN</line></par>
<par>
<line>Tel : 04.92.46.51.80 - Mail : contact® alpicite.fr</line></par>
<par>
<line>www.alpicite.fr</line></par>
</text>
</block>
<block><region><rect/></region>
<text>
<par>
<line>6</line></par>
</text>
</block>








<block blockType="Picture" blockName="" l="2177" t="151" r="2328" b="286"><region><rect/></region>
</block>
</page>
<page width="2481" height="3508" resolution="300">
<block><region><rect/></region>
<text>
<par>
<line>Commune de SAINT-ANDRE-D'EMBRUN (Hautes-Alpes)</line></par>
<par>
<line>OPLAN LOCAL D'URBANISME - Orientations d'Aménagement et de Programmation</line></par>
</text>
</block>
<block><region><rect/></region>
<text>
<par>
<line>2017</line></par>
</text>
</block>
<block><region><rect/></region>
<text>
<par>
<line>Orientation d'aménagement et de</line>
<line>programmation n°2 : zone Ubb - Le viiiage</line></par>
</text>
</block>
<block><region><rect/></region>
<text>
<par>
<line>L'objectif de l'OAP est de définir un projet cohérent toisant le lien avec les</line>
<line>habitations périphériques et le centre du village. La zone Ubb couvre une</line>
<line>superficie de l'ordre de 7700 m^.</line></par>
<par>
<line>1. Les éléments de programmation</line></par>
<par>
<line>Essentiellement graphique cette orientation d'aménagement fige les</line>
<line>principes de compositions majeurs ainsi que les grands axes de compositions.</line>
<line>Elle garantit ainsi les principes d'implantation des constructions mais est</line>
<line>largement complétée par le réglement sur des points précis.</line></par>
<par>
<line>L'aménagement de la zone Ubb se réalisera sous la forme d'une opération</line>
<line>d'aménagement d'ensemble respectant les principes précisés dans le</line>
<line>schéma de principe ci-aprés.</line></par>
<par>
<line>Pour garantir une économie d'espaces il est imposé une densité minimale de</line>
<line>construction d'au moins 13 logements à l'échelle de la zone.</line></par>
<par>
<line>2. Accès et stationnement</line></par>
<par>
<line>L'accès à la zone se réalisera depuis la route départementale au moyen d'un</line>
<line>carrefour aménagé. Une voie d'une largeur minimale de 5.00m sera créée</line>
<line>pour desservir la zone.</line></par>
<par>
<line>Les accès aux propriétés se réaliseront depuis les voies internes créées. Aucun</line>
<line>accès n'est autorisé sur la route départementale.</line></par>
<par>
<line>Une aire de stationnement servant également d'aire de retournement sera</line>
<line>réalisée.</line></par>
<par>
<line>En complément du règlement les espaces de stationnement des propriétés</line>
<line>peuvent être tout ou partie mutualisés.</line></par>
</text>
</block>
<block><region><rect/></region>
<text>
<par>
<line>SARL Alpicité -14 rue Caffe-05200 EMBRUN</line></par>
<par>
<line>Tel : 04.92.46.51.80 - Mail : contact® alpicite.fr</line></par>
<par>
<line>www.alpicite.fr</line></par>
</text>
</block>
<block><region><rect/></region>
<text>
<par>
<line>7</line></par>
</text>
</block>








<block blockType="Picture" blockName="" l="2177" t="151" r="2328" b="286"><region><rect/></region>
</block>
</page>
<page width="2481" height="3508" resolution="300">
<block><region><rect/></region>
<text>
<par>
<line>Commune de SAINT-ANDRE-D'EMBRUN (Hautes-Alpes)</line></par>
<par>
<line>OPLAN LOCAL D'URBANISME - Orientations d'Aménagement et de Programmation</line></par>
</text>
</block>
<block><region><rect/></region>
<text>
<par>
<line>2017</line></par>
</text>
</block>
<block><region><rect/></region>
<text>
<par>
<line>Schéma de principe d’aménagement de ia zone Ubb</line>
<line>Orientation d’Aménagement et de Programmation n°2</line></par>
</text>
</block>
<block><region><rect/></region>
<text>
<par/>
</text>
</block>
<block><region><rect/></region>
<text>
<par>
<line>_I Vwe existante</line></par>
<par>
<line>JJ Prmcipe 6e voie À créer</line></par>
<par>
<line>Principe d'onenbation des faîtages</line>
<line>Haie bocagére à créer</line>
<line>■ Statkonnemem é créer</line></par>
</text>
</block>
<block><region><rect/></region>
<text>
<par>
<line>I</line></par>
</text>
</block>
<block><region><rect/></region>
<text>
<par>
<line>I</line></par>
</text>
</block>
<block><region><rect/></region>
<text>
<par>
<line>3.Implantation et volumétries des constructions</line></par>
<par>
<line>Les constructions devront s'implanter à 3m en retrait de l'alignement des</line>
<line>vaies créées. Tcutefcis, les annexes d'une emprise au sal inférieure à 30m^</line>
<line>sent autarisées à l'alignement.</line></par>
<par>
<line>En limite de zane les canstructians daivent s'implanter à au mains 3m des</line>
<line>limites. A l'intérieur de la zane les canstructians peuvent s'implanter librement.</line></par>
<par>
<line>Il est précisé que l'emprise des canstructians sur chaque parcelle ne pcurra</line>
<line>être supérieure à 25%.</line></par>
</text>
</block>
<block><region><rect/></region>
<text>
<par>
<line>Aip</line></par>
<par>
<line>I</line></par>
</text>
</block>
<block><region><rect/><rect/><rect/></region>
<text>
<par>
<line>icité</line></par>
</text>
<text>
<par>
<line>Nicolas BREUILLOT</line></par>
<par>
<line>Urbanttm* &lt;r P«ys«{|e</line></par>
</text>
</block>
<block><region><rect/></region>
<text>
<par>
<line>SARL Alpicité -14 rue Caffe-05200 EMBRUN</line></par>
<par>
<line>Tel : 04.92.46.51.80 - Mail : contact® alpicite.fr</line></par>
<par>
<line>www.alpicite.fr</line></par>
</text>
</block>
<block><region><rect/></region>
<text>
<par>
<line>8</line></par>
</text>
</block>










<block blockType="Picture" blockName="" l="2177" t="151" r="2328" b="286"><region><rect/></region>
</block>
<block blockType="Picture" blockName="" l="204" t="526" r="2332" b="2473"><region><rect/></region>
</block>
</page>
<page width="2481" height="3508" resolution="300">
<block><region><rect/></region>
<text>
<par>
<line>Commune de SAINT-ANDRE-D'EMBRUN (Hautes-Alpes)</line></par>
<par>
<line>OPLAN LOCAL D'URBANISME - Orientations d'Aménagement et de Programmation</line></par>
</text>
</block>
<block><region><rect/></region>
<text>
<par>
<line>2017</line></par>
</text>
</block>
<block><region><rect/></region>
<text>
<par>
<line>L'implantation des constructions devra respecter les sens d'orientation de</line>
<line>faîtage précisé sur le schéma de principe de l'OAP.</line></par>
<par>
<line>6. Traitement des espaces verts</line></par>
<par>
<line>Il est imposé des systèmes de haies bocogéres formant des coupures entre les</line>
<line>différentes entités bâties dons le respect du bocage communal.</line></par>
<par>
<line>7. Réseaux</line></par>
<par>
<line>Les réseaux sont présents à la périphérie de la zone. L'aménageur devra se</line>
<line>raccorder aux réseaux existants en limite de zone sauf pour les eaux pluviales</line>
<line>qui seront gérés dons l'emprise de la zone, avec rejet d'un débit de fuite</line>
<line>dons le réseau public de collecte s'il existe ou moment de la réalisation de</line>
<line>l'opération. Dons l'outre cas, les eaux pluviales devront être infiltrées sur la</line>
<line>zone.</line></par>
<par>
<line>D'une façon générale les réseaux créés devront être préférentiellement</line>
<line>implantés sous les voiries.</line></par>
</text>
</block>
<block><region><rect/></region>
<text>
<par>
<line>SARL Alpicité -14 rue Caffe-05200 EMBRUN</line></par>
<par>
<line>Tel : 04.92.46.51.80 - Mail : contact® alpicite.fr</line></par>
<par>
<line>www.alpicite.fr</line></par>
</text>
</block>
<block><region><rect/></region>
<text>
<par>
<line>9</line></par>
</text>
</block>








<block blockType="Picture" blockName="" l="2177" t="151" r="2328" b="286"><region><rect/></region>
</block>
</page>
</OAP>