<?xml version="1.0" encoding="UTF-8"?><OAP>
<page width="3508" height="2480" resolution="300">
<block><region><rect/></region>
<text>
<par>
<line>COMMUNE DE CONTES</line></par>
</text>
</block>
<block><region><rect/></region>
<text>
<par>
<line>Département des Alpes-Maritimes - 06</line></par>
</text>
</block>
<block><region><rect/></region>
<text>
<par/>
</text>
</block>
<block><region><rect/></region>
<text>
<par/>
</text>
</block>
<block><region><rect/></region>
<text>
<par>
<line>PLAN LOCAL D’URBANISME</line></par>
<par>
<line>7</line></par>
<par>
<line>Orientations d’Aménagement et de Programmation (OAP)</line></par>
</text>
</block>
<block blockType="Table" blockName="" l="808" t="1437" r="2700" b="1943"><region><rect/></region>
<row>
<cell width="945" height="96">
<text>
<par>
<line>Délibération du Conseil Municipal :</line></par>
</text></cell>
<cell width="947" height="96">
<text>
<par>
<line>2 Septembre 2014</line></par>
</text></cell></row>
<row>
<cell width="945" height="90">
<text>
<par>
<line>Arrêté le :</line></par>
</text></cell>
<cell width="947" height="90">
<text>
<par>
<line>23 Octobre 2017</line></par>
</text></cell></row>
<row>
<cell width="945" height="94">
<text>
<par>
<line>Enquête publique :</line></par>
</text></cell>
<cell width="947" height="94">
<text>
<par>
<line>Du 12 Février 2018 au 14 Mars 2018</line></par>
</text></cell></row>
<row>
<cell width="945" height="130">
<text>
<par>
<line>Enquête publique complémentaire :</line></par>
</text></cell>
<cell width="947" height="130">
<text>
<par>
<line>Du 24 Septembre 2018</line>
<line>au 24 Octobre 2018</line></par>
</text></cell></row>
<row>
<cell width="945" height="96">
<text>
<par>
<line>Approuvé le :</line></par>
</text></cell>
<cell width="947" height="96">
<text>
<par>
<line>24 Janvier 2019</line></par>
</text></cell></row>
</block>
<block><region><rect/></region>
<text>
<par>
<line>PAC</line></par>
</text>
</block>
<block blockType="Table" blockName="" l="808" t="2013" r="2700" b="2394"><region><rect/></region>
<row>
<cell width="945" height="96">
<text>
<par>
<line>Modifications</line></par>
</text></cell>
<cell width="947" height="96">
<text>
<par>
<line>Mises à jour</line></par>
</text></cell></row>
<row>
<cell width="945" height="94">
<text>
<par/>
</text></cell>
<cell width="947" height="94">
<text>
<par/>
</text></cell></row>
<row>
<cell width="945" height="95">
<text>
<par/>
</text></cell>
<cell width="947" height="95">
<text>
<par/>
</text></cell></row>
<row>
<cell width="945" height="96">
<text>
<par/>
</text></cell>
<cell width="947" height="96">
<text>
<par/>
</text></cell></row>
</block>





















<block blockType="Picture" blockName="" l="56" t="2367" r="155" b="2425"><region><rect/></region>
</block>
</page>
<page width="3508" height="2480" resolution="300">
<block><region><rect/></region>
<text>
<par>
<line>Orientations D’Aménagement</line>
<line>ET DE Programmation</line></par>
</text>
</block>
<block><region><rect/></region>
<text orientation="RotatedCounterclockwise">
<par>
<line>Commune de Contes</line></par>
</text>
</block>





<block blockType="Picture" blockName="" l="274" t="2198" r="341" b="2301"><region><rect/></region>
</block>
<block blockType="Picture" blockName="" l="2739" t="1795" r="3276" b="2332"><region><rect/></region>
</block>
</page>
<page width="3508" height="2480" resolution="300">
<block><region><rect/></region>
<text>
<par>
<line>Sommaire</line></par>
</text>
</block>
<block><region><rect/></region>
<text>
<par>
<line>INTRODUCTION.  3</line></par>
<par>
<line>-OAP SECTORIELLE-VILLAGE DE CONTES.5</line></par>
<par>
<line>1 - Composition, desserte et environnement.6</line></par>
<par>
<line>2 - Enjeux.7</line></par>
<par>
<line>3- Orientations d’aménagements.8</line></par>
<par>
<line>4 - Orientations d’aménagements cartographiées.9</line></par>
<par>
<line>-OAP SECTORIELLE-LA POINTE DE CONTES.10</line></par>
<par>
<line>1 - Composition, desserte et environnement.11</line></par>
<par>
<line>2- Enjeux.12</line></par>
<par>
<line>3 - Orientations d’aménagements.13</line></par>
<par>
<line>4 - Orientations d’aménagements cartographiées.14</line></par>
</text>
</block>
<block blockType="Table" blockName="" l="144" t="2287" r="3191" b="2395"><region><rect/></region>
<row>
<cell leftBorder="White" topBorder="White" width="1166" height="43">
<text>
<par/>
</text></cell>
<cell topBorder="White" rightBorder="White" width="1881" height="43">
<text>
<par/>
</text></cell></row>
<row>
<cell leftBorder="White" bottomBorder="White" width="1166" height="65">
<text>
<par>
<line>Plan Local d’Urbanisme</line></par>
</text></cell>
<cell rightBorder="White" bottomBorder="White" width="1881" height="65">
<text>
<par>
<line>Commune de Contes</line></par>
</text></cell></row>
</block>
<block><region><rect/></region>
<text>
<par>
<line>2</line></par>
</text>
</block>
<block><region><rect/></region>
<text orientation="RotatedCounterclockwise">
<par>
<line>Orientations D’Aménagement et de Programmation</line></par>
</text>
</block>

















<block blockType="Picture" blockName="" l="3191" t="2246" r="3270" b="2327"><region><rect/></region>
</block>
</page>
<page width="3508" height="2480" resolution="300">
<block><region><rect/></region>
<text>
<par>
<line>INTRODUCTION</line></par>
</text>
</block>
<block><region><rect/></region>
<text>
<par>
<line>Les articles L.151-1 et L.151-2 du Code de l’urbanisme stipulent que le PLU</line>
<line>respecte les principes énoncés aux articles L.101-1 à L.101-3. Il comprend un</line>
<line>rapport de présentation, un projet d’aménagement et de développement durables,</line>
<line>des orientations d’aménagement et de programmation, un réglement et des</line>
<line>annexes. Chacun de ces éléments peut comprendre un ou plusieurs documents</line>
<line>graphiques.</line></par>
<par>
<line>Les articles L.151-6 et L.151-7 du Code de l’urbanisme précisent également que «</line>
<line>Les orientations d’aménagement et de programmation comprennent, en cohérence</line>
<line>avec ie projet d’aménagement et de déveioppement durabies, des dispositions</line>
<line>portant sur i’aménagement, i’habitat, ies transports et ies dépiacements.»</line></par>
<par>
<line>« Les orientations d’aménagement et de programmation peuvent notamment :</line></par>
<par>
<line>1.Définiriesactionsetopérationsnécessairespourmettreenvaieuri’environnement,</line>
<line>notamment ies continuités écoiogiques, ies paysages, ies entrées de viiies et</line>
<line>ie patrimoine, iutter contre i’insaiubrité, permettre ie renouveiiement urbain et</line>
<line>assurer ie déveioppement de ia commune ;</line></par>
<par>
<line>2. Favoriser ia mixité fonctionneiie en prévoyant qu’en cas de réaiisation d’opérations</line>
<line>d’aménagement, de construction ou de réhabiiitation un pourcentage de ces</line>
<line>opérations est destiné à ia réaiisation de commerces ;</line></par>
<par>
<line>3. Comporter un échéancier prévisionnei de i’ouverture à i’urbanisation des zones</line>
<line>à urbaniser et de ia réaiisation des équipements correspondants ;</line></par>
<par>
<line>4. Porter sur des quartiers ou des secteurs à mettre en vaieur, réhabiiiter,</line>
<line>restructurer ou aménager ;</line></par>
<par>
<line>5. Prendre ia forme de schémas d’aménagement et préciser ies principaies</line>
<line>caractéristiques des voies et espaces pubiics ;</line></par>
<par>
<line>6. Adapter ia déiimitation des périmètres, en fonction de ia quaiité de ia desserte,</line>
<line>où s’appiique ie piafonnement à proximité des transports prévu aux articies L.</line>
<line>151-35 et L 151-36.»</line></par>
</text>
</block>
<block><region><rect/></region>
<text>
<par>
<line>Portée réglementaire et représentation des orientations d’aménagement par</line>
<line>secteurs</line></par>
<par>
<line>Les modes de représentation utilisés sont schématiques. Il s’agit bien d’indiquer les</line>
<line>orientations, les principes d’aménagement avec lesquels les projets de travaux ou</line>
<line>d’opérations doivent être compatibles.</line></par>
<par>
<line>Ces schémas n’ont donc pas pour objet de délimiter précisément les éléments de</line>
<line>programme de chaque opération, ni d’indiquer le détail des constructions ou des</line>
<line>équipements qui pourront y être réalisés. Leur finalité est de présenter le cadre</line>
<line>d’organisation et d’armature urbaine dans lequel prendront place les projets</line>
<line>d’aménagement. Ces schémas constituent un guide pour l’élaboration des projets</line>
<line>d’aménagement.</line></par>
<par>
<line>Temporalité et phasage des opérations d’aménagement</line></par>
<par>
<line>Les diverses opérations d’aménagement se réaliseront à plus ou moins long terme,</line>
<line>certaines en plusieurs phases, en fonction des initiatives publiques ou privées, de</line>
<line>l’avancement de la maîtrise foncière et des études opérationnelles. La présentation</line>
<line>des orientations d’aménagement et de programmation par secteurs ne précise</line>
<line>donc pas d’échéance de réalisation. Parfois, une partie seulement du projet indiqué</line>
<line>sur les schémas d’orientations pourra se réaliser à court ou moyen terme. La</line>
<line>représentation de l’ensemble du secteur de projet est cependant importante car</line>
<line>elle donne une vision globale de l’aménagement envisagé à plus longue échéance,</line>
<line>permettant ainsi de mieux comprendre la cohérence du projet d’ensemble.</line></par>
</text>
</block>
<block blockType="Table" blockName="" l="144" t="2297" r="3188" b="2394"><region><rect/></region>
<row>
<cell leftBorder="White" topBorder="White" width="1166" height="33">
<text>
<par/>
</text></cell>
<cell topBorder="White" rightBorder="White" width="1878" height="33">
<text>
<par/>
</text></cell></row>
<row>
<cell leftBorder="White" bottomBorder="White" width="1166" height="64">
<text>
<par>
<line>Plan Local d’Urbanisme</line></par>
</text></cell>
<cell rightBorder="White" bottomBorder="White" width="1878" height="64">
<text>
<par>
<line>Commune de Contes</line></par>
</text></cell></row>
</block>
<block><region><rect/></region>
<text>
<par>
<line>3</line></par>
</text>
</block>
<block><region><rect/></region>
<text orientation="RotatedCounterclockwise">
<par>
<line>Orientations D’Aménagement et de Programmation</line></par>
</text>
</block>





<block blockType="Picture" blockName="" l="3191" t="2246" r="3270" b="2327"><region><rect/></region>
</block>
</page>
<page width="3508" height="2480" resolution="300">
<block><region><rect/></region>
<text>
<par>
<line>Les orientations d’aménagement et de programmation inscrites dans ce document,</line>
<line>s’appliquent à l’ensemble des secteurs d’aménagement repérés dans le Plan Local</line>
<line>d’Urbanisme.</line></par>
<par>
<line>Elles s’appuient sur les éléments de diagnostic et sont en cohérence avec les</line>
<line>orientations du Projet d’Aménagement et de Développement Durables (PADD).</line></par>
<par>
<line>Les orientations d’aménagement et de programmation concernent deux secteurs</line>
<line>d’entrée de ville au niveau du village de Contes et de La Pointe de Contes.</line></par>
</text>
</block>
<block><region><rect/></region>
<text>
<par>
<line>Plan Local d’Urbanisme</line></par>
</text>
</block>
<block><region><rect/></region>
<text>
<par>
<line>Commune de Contes</line></par>
</text>
</block>
<block><region><rect/></region>
<text>
<par>
<line>INTRODUCTION</line></par>
</text>
</block>
<block><region><rect/></region>
<text>
<par/>
</text>
</block>
<block><region><rect/></region>
<text>
<par/>
</text>
</block>
<block><region><rect/></region>
<text>
<par/>
</text>
</block>
<block><region><rect/></region>
<text>
<par>
<line>■î^ge</line></par>
</text>
</block>
<block><region><rect/></region>
<text>
<par>
<line>là</line></par>
</text>
</block>
<block><region><rect/></region>
<text>
<par>
<line>ventés</line></par>
</text>
</block>
<block><region><rect/></region>
<text>
<par/>
</text>
</block>
<block><region><rect/></region>
<text>
<par/>
</text>
</block>
<block><region><rect/></region>
<text>
<par/>
</text>
</block>
<block><region><rect/></region>
<text>
<par>
<line>ZiA</line></par>
</text>
</block>
<block><region><rect/></region>
<text>
<par/>
</text>
</block>
<block><region><rect/></region>
<text orientation="RotatedCounterclockwise">
<par>
<line>Orientations d’Aménagement et de Programmation</line></par>
</text>
</block>










</page>
<page width="3508" height="2480" resolution="300">
<block><region><rect/><rect/></region>
<text>
<par>
<line>— OAP sectorielle</line>
<line>\/ii I AGE DE CONTES</line></par>
</text>
</block>
<block><region><rect/></region>
<text>
<par>
<line>Bendejun</line></par>
</text>
</block>
<block><region><rect/></region>
<text>
<par/>
</text>
</block>
<block><region><rect/></region>
<text>
<par>
<line>Baudaric</line></par>
</text>
</block>
<block><region><rect/></region>
<text>
<par>
<line>Lâs Ayas</line></par>
</text>
</block>
<block><region><rect/></region>
<text>
<par/>
</text>
</block>
<block><region><rect/></region>
<text>
<par>
<line>Village ancien</line></par>
</text>
</block>
<block><region><rect/></region>
<text>
<par>
<line>e Ghei</line></par>
</text>
</block>
<block><region><rect/></region>
<text>
<par/>
</text>
</block>
<block><region><rect/></region>
<text>
<par/>
</text>
</block>
<block><region><rect/></region>
<text>
<par>
<line>.^uAntjP</line></par>
</text>
</block>
<block><region><rect/></region>
<text>
<par>
<line>Source : Google Earth</line></par>
</text>
</block>
<block><region><rect/></region>
<text>
<par>
<line>Plan Local d’Urbanisme</line></par>
</text>
</block>
<block><region><rect/></region>
<text>
<par>
<line>Commune de Contes</line></par>
</text>
</block>
<block><region><rect/></region>
<text orientation="RotatedCounterclockwise">
<par>
<line>Orientations D’Aménagement et de Programmation</line></par>
</text>
</block>









<block blockType="Picture" blockName="" l="2581" t="1645" r="2708" b="1675"><region><rect/></region>
</block>
<block blockType="Picture" blockName="" l="2264" t="1915" r="2406" b="1944"><region><rect/></region>
</block>
<block blockType="Picture" blockName="" l="3191" t="2246" r="3270" b="2327"><region><rect/></region>
</block>
</page>
<page width="3508" height="2480" resolution="300">
<block><region><rect/></region>
<text>
<par>
<line>VILLAGE DE CONTES</line></par>
</text>
</block>
<block><region><rect/></region>
<text>
<par>
<line>Composition, desserte et environnement</line></par>
</text>
</block>
<block><region><rect/></region>
<text>
<par>
<line>♦</line></par>
</text>
</block>
<block><region><rect/></region>
<text>
<par/>
</text>
</block>
<block><region><rect/></region>
<text>
<par/>
</text>
</block>
<block><region><rect/></region>
<text>
<par/>
</text>
</block>
<block><region><rect/></region>
<text>
<par>
<line>fJi’.</line></par>
</text>
</block>
<block><region><rect/></region>
<text>
<par/>
</text>
</block>
<block><region><rect/></region>
<text>
<par>
<line>Çà-.vewëi</line></par>
</text>
</block>
<block><region><rect/></region>
<text>
<par/>
</text>
</block>
<block><region><rect/></region>
<text>
<par/>
</text>
</block>
<block><region><rect/></region>
<text>
<par/>
</text>
</block>
<block><region><rect/></region>
<text>
<par/>
</text>
</block>
<block><region><rect/></region>
<text>
<par/>
</text>
</block>
<block><region><rect/></region>
<text>
<par>
<line>m</line></par>
</text>
</block>
<block><region><rect/></region>
<text>
<par/>
</text>
</block>
<block><region><rect/></region>
<text>
<par>
<line>ZiA</line></par>
</text>
</block>
<block><region><rect/></region>
<text>
<par/>
</text>
</block>
<block><region><rect/></region>
<text>
<par>
<line>$.a</line></par>
</text>
</block>
<block><region><rect/></region>
<text>
<par/>
</text>
</block>
<block><region><rect/></region>
<text>
<par/>
</text>
</block>
<block><region><rect/></region>
<text>
<par/>
</text>
</block>
<block><region><rect/></region>
<text>
<par/>
</text>
</block>
<block><region><rect/></region>
<text>
<par/>
</text>
</block>
<block><region><rect/></region>
<text>
<par>
<line>i-*!</line></par>
</text>
</block>
<block><region><rect/></region>
<text>
<par/>
</text>
</block>
<block><region><rect/></region>
<text>
<par>
<line>Plan Local d’Urbanisme</line></par>
</text>
</block>
<block><region><rect/></region>
<text>
<par>
<line>Commune de Contes</line></par>
</text>
</block>
<block><region><rect/></region>
<text orientation="RotatedCounterclockwise">
<par>
<line>Orientations D’Aménagement et de Programmation</line></par>
</text>
</block>











<block blockType="Picture" blockName="" l="2828" t="1197" r="2932" b="1237"><region><rect/></region>
</block>
<block blockType="Picture" blockName="" l="2846" t="1252" r="2930" b="1288"><region><rect/></region>
</block>
<block blockType="Picture" blockName="" l="3191" t="2246" r="3270" b="2327"><region><rect/></region>
</block>
</page>
<page width="3508" height="2480" resolution="300">
<block><region><rect/></region>
<text>
<par>
<line>VILLAGE DE CONTES</line></par>
</text>
</block>
<block><region><rect/></region>
<text>
<par>
<line>Composition, desserte et environnement</line></par>
<par>
<line>Le village de Contes représente l’espace urbain originel contois. Fortement</line>
<line>perceptible, ce village perché constitue un trait identitaire de la commune.</line></par>
<par>
<line>L’urbanisation s’est peu à peu développé en continuité du village, dans la plaine</line>
<line>du Paillon pour constituer le centre-ville de la commune. La centralité du village de</line>
<line>Contes est aujourd’hui marquée. Le centre-ville comprend ainsi le village perché</line>
<line>et les principales opérations de logements collectifs, équipements, commerces</line>
<line>et services de la commune ainsi que sur la rive droite du Paillon, les principaux</line>
<line>équipements publics récemments bâtis (stade, gymnase, théâtre, ...). La place</line>
<line>Ollivier, récemment aménagée, est un espace public identitaire du centre-ville</line>
<line>contois.</line></par>
<par>
<line>Le funiculaire fait nettement le lien entre le centre ville récent et le village ancien.</line></par>
</text>
</block>
<block><region><rect/></region>
<text>
<par>
<line>• de routes départementales (RD 615, RD 715),</line></par>
<par>
<line>• de voies secondaires aux profils variables,</line></par>
<par>
<line>• De voies de dessertes des habitations.</line></par>
<par>
<line>L’ensemble de ce réseau permet de relier les principaux points d’intérêts et entités</line>
<line>urbaines de la commune.</line></par>
<par>
<line>Deux parkings publics de 240 places de stationnements sont accessibles directement</line>
<line>depuis la RD 15 et incitent aux déplacements piétons dans le centre-ville.</line></par>
<par>
<line>Enfin, les futurs aménagements devront respecter les prescriptions des plans de</line>
<line>prévention des risques approuvés.</line></par>
</text>
</block>
<block><region><rect/></region>
<text>
<par>
<line>Autour de ce centre-ville au tissu urbain dense, les espaces bâtis présentent</line>
<line>généralement un tissu urbain peu dense, à vocation résidentielle, qui s’est constitué</line>
<line>le long des principaux axes de déplacements.</line></par>
<par>
<line>La maison de retraite «Au Savel», au Nord du centre-ville, est aujourd’hui un espace</line>
<line>en mutation. Sa reconversion doit être pensée dans une cohérence d’ensemble au</line>
<line>vu de son positionnement, proche du centre-ville.</line></par>
</text>
</block>
<block><region><rect/></region>
<text>
<par>
<line>Enjeux</line></par>
<par>
<line>Au vu de la configuration actuelle du site, de la prise en compte des contraintes</line>
<line>réglementaires et des projets communaux, plusieurs enjeux se dégagent pour les</line>
<line>futurs aménagements du site :</line></par>
<par>
<line>• Maintenir et renforcer le dynamisme de la centralité du village de Contes,</line></par>
</text>
</block>
<block><region><rect/></region>
<text>
<par>
<line>Les espaces vierges résiduels du centre-ville constituent des réserves foncières à</line>
<line>enjeu. Leur développement est à étudier dans une cohérence d’ensemble et au vu</line>
<line>des besoins communaux.</line></par>
<par>
<line>Le Paillon, axe naturel identitaire à l’échelle communale et intercommunale, doit</line>
<line>être préservé. Il constitue également une barrière dans le centre-ville. Un pont</line>
<line>piéton et un pont accessible aux automobiles permettent de relier les deux rives et</line>
<line>les principaux équipements du centre-ville.</line></par>
<par>
<line>Le réseau viaire du secteur est constitué :</line></par>
<par>
<line>• de la RD 15, axe principal de la commune la traversant du Nord au Sud,</line></par>
</text>
</block>
<block><region><rect/></region>
<text>
<par>
<line>Préserver les caractéristiques architecturales, urbaines et paysagères du</line>
<line>site.</line></par>
<par>
<line>Accompagner la reconversion des espaces en mutation et l’aménagement</line>
<line>des espaces vierges résiduels.</line></par>
<par>
<line>Augmenter et diversifier l’offre en logements en assurant une mixité sociale.</line>
<line>Assurer un développement urbain en lien avec l’existant.</line></par>
</text>
</block>
<block><region><rect/></region>
<text>
<par>
<line>Plan Local d’Urbanisme</line></par>
</text>
</block>
<block><region><rect/></region>
<text>
<par>
<line>Commune de Contes</line></par>
</text>
</block>
<block><region><rect/></region>
<text orientation="RotatedCounterclockwise">
<par>
<line>Orientations D’Aménagement et de Programmation</line></par>
</text>
</block>





</page>
<page width="3508" height="2480" resolution="300">
<block><region><rect/></region>
<text>
<par>
<line>VILLAGE DE CONTES</line></par>
</text>
</block>
<block><region><rect/></region>
<text>
<par>
<line>Orientations d’aménagement</line></par>
<par>
<line>Le projet d’aménagement envisagé sur le secteur est traduit dans les orientations</line>
<line>d’aménagement et de programmation suivantes :</line></par>
<par>
<line>AMÉNAGEMENT</line></par>
<par>
<line>Assurer un développement urbain cohérent et en lien avec l’existant :</line></par>
<par>
<line>- permettre le développement d’opérations plus denses tout en assurant leur</line>
<line>intégration dans le paysage urbain existant au vu des caractéristiques urbaines</line>
<line>et architecturales de chaque entité,</line></par>
<par>
<line>- identifier et préserver les alignements d’arbres caractéristiques,</line></par>
<par>
<line>- maîtriser le développement des secteurs résidentiels par le comblement des</line>
<line>dents creuses et la préservation d’espaces végétalisés,</line></par>
<par>
<line>- envisager un projet d’ensemble sur les sites en mutation.</line></par>
<par>
<line>Identifier et préserver les principaux boisements, espaces naturels et</line>
<line>agricoles, garants de la qualité paysagère du secteur.</line></par>
<par>
<line>Maintenir le dynamisme du centre-village de Contes en préservant les surfaces</line>
<line>commerciales existantes et en permettant à de nouveaux commerces de</line>
<line>s’installer.</line></par>
<par>
<line>Maintenir et renforcer le pôle d’équipements et services publics en centre-ville</line>
<line>en fonction des besoins communaux.</line></par>
<par>
<line>Maintenir des lieux d’échanges et de rencontres :</line></par>
<par>
<line>- mettre en valeur et développer des espaces publics et de loisirs,</line></par>
<par>
<line>- interconnecter ces sites par le développement de cheminements piétons.</line></par>
</text>
</block>
<block><region><rect/></region>
<text>
<par>
<line>HABITAT</line></par>
<par>
<line>Renforcer le centre-urbain par le développement d’une offre en logements qui</line>
<line>réponde aux objectifs de mixité sociale :</line></par>
<par>
<line>- permettre la création d’opérations de logements en fonction des besoins</line>
<line>communaux,</line></par>
<par>
<line>- assurer une mixité sociale dans cette centralité urbaine par la création de</line>
<line>logements diversifiés,</line></par>
<par>
<line>- combler les dents creuses par des opérations de logements assurant une mixité</line>
<line>sociale.</line></par>
<par>
<line>TRANSPORTS ET DÉPLACEMENTS</line></par>
<par>
<line>Adapter et développer le réseau viaire pour assurer l’accessibilité au centre-</line>
<line>village, notamment à ses commerces et services :</line></par>
<par>
<line>- développer le réseau viaire et faciliter les interconnections entre les différents</line>
<line>espaces urbains (logements, commerces et services),</line></par>
<par>
<line>- créer un nouveau pont sur le Paillon pour renforcer le lien entre les deux rives.</line></par>
<par>
<line>Développer les modes doux en lien avec le village :</line></par>
<par>
<line>- maintenir un réseau de cheminements piétons,</line></par>
<par>
<line>- augmenter l’offre en stationnement par la création de parkings aux abords du</line>
<line>village.</line></par>
</text>
</block>
<block blockType="Table" blockName="" l="144" t="2297" r="3188" b="2394"><region><rect/></region>
<row>
<cell leftBorder="White" topBorder="White" width="1166" height="33">
<text>
<par/>
</text></cell>
<cell topBorder="White" rightBorder="White" width="1878" height="33">
<text>
<par/>
</text></cell></row>
<row>
<cell leftBorder="White" bottomBorder="White" width="1166" height="64">
<text>
<par>
<line>Plan Local d’Urbanisme</line></par>
</text></cell>
<cell rightBorder="White" bottomBorder="White" width="1878" height="64">
<text>
<par>
<line>Commune de Contes</line></par>
</text></cell></row>
</block>
<block><region><rect/></region>
<text>
<par>
<line>8</line></par>
</text>
</block>
<block><region><rect/></region>
<text orientation="RotatedCounterclockwise">
<par>
<line>Orientations D’Aménagement et de Programmation</line></par>
</text>
</block>








<block blockType="Picture" blockName="" l="3191" t="2246" r="3270" b="2327"><region><rect/></region>
</block>
</page>
<page width="3508" height="2480" resolution="300">
<block><region><rect/></region>
<text>
<par>
<line>• ♦</line>
<line>«</line></par>
</text>
</block>
<block blockType="Table" blockName="" l="1443" t="1326" r="1875" b="2306"><region><rect/></region>
<row>
<cell leftBorder="White" topBorder="White" rightBorder="White" bottomBorder="White" width="157" height="51">
<text>
<par>
<line>% ♦ ' 1</line></par>
</text></cell>
<cell leftBorder="White" topBorder="White" rightBorder="White" bottomBorder="White" width="275" height="51">
<text>
<par>
<line>^ ^ ^ 1</line></par>
</text></cell></row>
<row>
<cell leftBorder="White" topBorder="White" rightBorder="White" bottomBorder="White" width="157" height="296">
<text>
<par>
<line>%</line></par>
<par>
<line>%</line></par>
<par>
<line>iT' 1</line></par>
</text></cell>
<cell leftBorder="White" topBorder="White" rightBorder="White" bottomBorder="White" width="275" height="296">
<text>
<par>
<line>_1</line></par>
</text></cell></row>
<row>
<cell leftBorder="White" topBorder="White" rightBorder="White" bottomBorder="White" width="157" height="166">
<text orientation="RotatedClockwise">
<par>
<line>1 1</line>
<line>t _ 1</line></par>
</text></cell>
<cell leftBorder="White" topBorder="White" rightBorder="White" bottomBorder="White" width="275" height="166">
<text>
<par/>
</text></cell></row>
<row>
<cell leftBorder="White" topBorder="White" rightBorder="White" bottomBorder="White" width="157" height="94">
<text>
<par>
<line>Z</line></par>
<par>
<line>i \</line></par>
</text></cell>
<cell leftBorder="White" topBorder="White" rightBorder="White" bottomBorder="White" width="275" height="94">
<text>
<par>
<line>^ O</line></par>
</text></cell></row>
<row>
<cell leftBorder="White" topBorder="White" rightBorder="White" bottomBorder="White" width="157" height="136">
<text>
<par/>
</text></cell>
<cell leftBorder="White" topBorder="White" rightBorder="White" bottomBorder="White" width="275" height="136">
<text>
<par>
<line>■</line></par>
</text></cell></row>
<row>
<cell leftBorder="White" topBorder="White" rightBorder="White" bottomBorder="White" width="157" height="72">
<text>
<par/>
</text></cell>
<cell leftBorder="White" topBorder="White" rightBorder="White" bottomBorder="White" width="275" height="72">
<text>
<par/>
</text></cell></row>
<row>
<cell leftBorder="White" topBorder="White" rightBorder="White" bottomBorder="White" width="157" height="165">
<text>
<par>
<line>^ v/</line></par>
<par>
<line>X</line></par>
<par>
<line>i%X^</line></par>
<par>
<line>- X^</line></par>
</text></cell>
<cell leftBorder="White" topBorder="White" rightBorder="White" bottomBorder="White" width="275" height="165">
<text>
<par>
<line>■ ■ ■ ■ 1</line></par>
</text></cell></row>
</block>
<block><region><rect/></region>
<text>
<par>
<line>VILLAGE DE CONTES</line></par>
</text>
</block>
<block><region><rect/></region>
<text>
<par>
<line>Orientations d’aménagement cartographiées</line></par>
<par>
<line>Préserver les espaces naturels et agricoles</line></par>
<par>
<line>Assurer un développement urbain en lien</line>
<line>avec l’existant et le développement de la</line>
<line>mixté sociale :</line></par>
<par>
<line>centre-village</line></par>
<par>
<line>centralité urbaine</line></par>
<par>
<line>espace résidentiel</line></par>
<par>
<line>espace en mutation</line></par>
</text>
</block>
<block><region><rect/></region>
<text>
<par>
<line>Préserver les caractéristiques urbaines et</line>
<line>architecturales du village ancien</line></par>
<par>
<line>Combler les dents creuses par des</line>
<line>opération de logements assurant une</line>
<line>mixité sociale</line></par>
<par>
<line>Maintenir les surfaces commerciales</line>
<line>existantes et permettre la création de</line>
<line>nouvelles surfaces commerciales</line></par>
<par>
<line>Affirmer et renforcer le pôle d’équipements</line>
<line>et services publics</line></par>
<par>
<line>Renforcer et mettre en valeur les espaces</line>
<line>d’activités de sports et loisirs</line></par>
<par>
<line>Renforcer et affirmer le réseau piéton</line></par>
<par>
<line>Adapter et développer le réseau vlaire</line></par>
<par>
<line>Accroître l’offre en stationnement et Inciter</line>
<line>aux déplacements piétons dans le</line>
<line>centre-village</line></par>
<par>
<line>Préserver les alignements d’arbres</line></par>
</text>
</block>
<block><region><rect/></region>
<text>
<par>
<line>9</line></par>
</text>
</block>
<block><region><rect/></region>
<text orientation="RotatedCounterclockwise">
<par>
<line>Orientations D’Aménagement et de Programmation</line></par>
</text>
</block>












<block blockType="Picture" blockName="" l="3191" t="2246" r="3270" b="2327"><region><rect/></region>
</block>
<block blockType="Picture" blockName="" l="1643" t="1490" r="1861" b="1583"><region><rect/></region>
</block>
</page>
<page width="3508" height="2480" resolution="300">
<block><region><rect/></region>
<text>
<par>
<line>2</line></par>
</text>
</block>
<block><region><rect/></region>
<text>
<par>
<line>- OAP sectorielle -</line>
<line>LA POINTE DE CONTES</line></par>
</text>
</block>
<block><region><rect/></region>
<text>
<par/>
</text>
</block>
<block><region><rect/></region>
<text>
<par/>
</text>
</block>
<block><region><rect/></region>
<text>
<par/>
</text>
</block>
<block><region><rect/></region>
<text>
<par>
<line>SK</line></par>
</text>
</block>
<block><region><rect/></region>
<text>
<par>
<line>9</line></par>
</text>
</block>
<block><region><rect/></region>
<text>
<par/>
</text>
</block>
<block><region><rect/></region>
<text>
<par>
<line>$&amp;fos</line></par>
</text>
</block>
<block><region><rect/></region>
<text>
<par/>
</text>
</block>
<block><region><rect/></region>
<text>
<par/>
</text>
</block>
<block><region><rect/></region>
<text>
<par/>
</text>
</block>
<block><region><rect/></region>
<text>
<par/>
</text>
</block>
<block><region><rect/></region>
<text>
<par>
<line>2iA</line></par>
</text>
</block>
<block blockType="Table" blockName="" l="2806" t="1053" r="3182" b="1325"><region><rect/></region>
<row>
<cell leftBorder="White" topBorder="White" rightBorder="White" bottomBorder="White" width="223" height="80">
<text>
<par/>
</text></cell>
<cell colSpan="2" leftBorder="White" topBorder="White" rightBorder="White" bottomBorder="White" width="153" height="80">
<text>
<par>
<line>.J</line></par>
</text></cell></row>
<row>
<cell leftBorder="White" topBorder="White" rightBorder="White" bottomBorder="White" width="223" height="44">
<text>
<par/>
</text></cell>
<cell leftBorder="White" topBorder="White" rightBorder="White" bottomBorder="White" width="47" height="44">
<text>
<par/>
</text></cell>
<cell leftBorder="White" topBorder="White" rightBorder="White" bottomBorder="White" width="106" height="44">
<text>
<par/>
</text></cell></row>
<row>
<cell rowSpan="2" leftBorder="White" topBorder="White" rightBorder="White" bottomBorder="White" width="223" height="80">
<text>
<par>
<line>pi</line></par>
</text></cell>
<cell colSpan="2" leftBorder="White" topBorder="White" rightBorder="White" bottomBorder="White" width="153" height="43">
<text>
<par>
<line>Me</line></par>
</text></cell></row>
<row>
<cell leftBorder="White" topBorder="White" rightBorder="White" bottomBorder="White" width="47" height="37">
<text>
<par>
<line>/</line></par>
</text></cell>
<cell leftBorder="White" topBorder="White" rightBorder="White" bottomBorder="White" width="106" height="37">
<text>
<par/>
</text></cell></row>
<row>
<cell leftBorder="White" topBorder="White" rightBorder="White" bottomBorder="White" width="223" height="68">
<text>
<par/>
</text></cell>
<cell leftBorder="White" topBorder="White" rightBorder="White" bottomBorder="White" width="47" height="68">
<text>
<par/>
</text></cell>
<cell leftBorder="White" topBorder="White" rightBorder="White" bottomBorder="White" width="106" height="68">
<text>
<par>
<line>N</line></par>
</text></cell></row>
</block>
<block><region><rect/></region>
<text>
<par>
<line>Plan Local d’Urbanisme</line></par>
</text>
</block>
<block><region><rect/></region>
<text>
<par>
<line>Commune de Contes</line></par>
</text>
</block>
<block><region><rect/></region>
<text orientation="RotatedCounterclockwise">
<par>
<line>Orientations D’Aménagement et de Programmation</line></par>
</text>
</block>











<block blockType="Picture" blockName="" l="2127" t="2176" r="2342" b="2210"><region><rect/></region>
</block>
<block blockType="Picture" blockName="" l="3191" t="2246" r="3270" b="2327"><region><rect/></region>
</block>
<block blockType="Picture" blockName="" l="3076" t="1220" r="3175" b="1318"><region><rect/></region>
</block>
<block blockType="Picture" blockName="" l="2806" t="1053" r="3182" b="1325"><region><rect/></region>
</block>
</page>
<page width="3508" height="2480" resolution="300">
<block><region><rect/></region>
<text>
<par>
<line>LA POINTE DE CONTES</line></par>
</text>
</block>
<block><region><rect/></region>
<text>
<par>
<line>Carrière</line></par>
</text>
</block>
<block><region><rect/></region>
<text>
<par>
<line>Composition, desserte et environnement</line></par>
</text>
</block>
<block><region><rect/></region>
<text>
<par/>
</text>
</block>
<block><region><rect/></region>
<text>
<par>
<line>ZoiTê^ff’^tivités</line>
<line>La Rosèyre</line></par>
</text>
</block>
<block><region><rect/></region>
<text>
<par/>
</text>
</block>
<block><region><rect/></region>
<text>
<par>
<line>Çrpi^^i</line></par>
</text>
</block>
<block><region><rect/></region>
<text>
<par>
<line>La Pointe de Contes</line></par>
</text>
</block>
<block><region><rect/></region>
<text>
<par>
<line>^ y :</line></par>
</text>
</block>
<block><region><rect/></region>
<text>
<par/>
</text>
</block>
<block><region><rect/></region>
<text>
<par>
<line>y y</line></par>
</text>
</block>
<block><region><rect/></region>
<text>
<par/>
</text>
</block>
<block><region><rect/></region>
<text>
<par>
<line>\ xy-*</line></par>
<par>
<line>\ /'CT-^</line></par>
<par>
<line>W ' - ' ^ i‘</line></par>
</text>
</block>
<block><region><rect/></region>
<text>
<par/>
</text>
</block>
<block><region><rect/></region>
<text>
<par>
<line>■' ■'</line></par>
</text>
</block>
<block><region><rect/></region>
<text>
<par/>
</text>
</block>
<block><region><rect/></region>
<text>
<par>
<line>Source : Google Earth</line></par>
</text>
</block>
<block><region><rect/></region>
<text>
<par>
<line>\ ^</line></par>
</text>
</block>
<block><region><rect/></region>
<text>
<par>
<line>COMMUNE DE BLAUSASC</line></par>
</text>
</block>
<block><region><rect/></region>
<text>
<par>
<line>Plan Local d’Urbanisme</line></par>
</text>
</block>
<block><region><rect/></region>
<text>
<par>
<line>Commune de Contes</line></par>
</text>
</block>
<block><region><rect/></region>
<text orientation="RotatedCounterclockwise">
<par>
<line>Orientations D’Aménagement et de Programmation</line></par>
</text>
</block>





<block blockType="Picture" blockName="" l="3191" t="2246" r="3270" b="2327"><region><rect/></region>
</block>
</page>
<page width="3508" height="2480" resolution="300">
<block><region><rect/></region>
<text>
<par>
<line>LA POINTE DE CONTES</line></par>
</text>
</block>
<block><region><rect/></region>
<text>
<par>
<line>Composition, desserte et environnement</line></par>
<par>
<line>Ce secteur, comprenant le hameau de la Pointe de Contes et la partie aval de la</line>
<line>zone d’activités de la Roseyre, constitue l’entrée de ville de Contes depuis Nice,</line>
<line>Drap et Cantaron via la pénétrante du Paillon.</line></par>
<par>
<line>Dans ce secteur, l’espace urbain s’est formé autour des routes départementales</line>
<line>(RD 2204 et RD 15).</line></par>
<par>
<line>Depuis ces deux axes majeurs, des voies secondaires desservent les habitations,</line>
<line>équipements et activités.</line></par>
<par>
<line>Le tissu urbain, de vocation mixte, est composé de plusieurs entités :</line></par>
<par>
<line>• la zone d’activité de la Roseyre, le long du chemin de la Roseyre (C54) et du</line>
<line>Paillon. Les constructions, de type hangar, sont plus ou moins perceptibles</line>
<line>depuis la RD 15.</line></par>
<par>
<line>• le hameau de La Pointe de Contes comprenant des équipements (mairie annexe,</line>
<line>école), des commerces (restaurants, jardinerie, ...), des espaces de sports et</line>
<line>loisirs (terrain de pétanque), des activités et des habitations.</line></par>
<par>
<line>• des espaces à vocation résidentielle, majoritairement constitués de maisons</line>
<line>individuelles dans des secteurs paysagers (Crouzelier, Tuarts).</line></par>
<par>
<line>Le Paillon, axe naturel identitaire à l’échelle communale et intercommunale, offre un</line>
<line>espace paysager qualitatif à proximité de la zone d’activités et doit être préservé.</line>
<line>De nombreux boisements et espaces végétalisés délimitent les différentes entités</line>
<line>urbaines.</line></par>
<par>
<line>Des espaces vierges résiduels consituent des réserves foncières à enjeu,</line>
<line>notamment à proximité du hameau de La Pointe. Leur développement est à étudier</line>
<line>dans une cohérence d’ensemble et au vu des besoins communaux.</line></par>
<par>
<line>Enfin, les futurs aménagements devront respecter les prescriptions des plans de</line>
<line>prévention des risques approuvés.</line></par>
</text>
</block>
<block><region><rect/></region>
<text>
<par>
<line>Enjeux</line></par>
<par>
<line>Au vu de la configuration actuelle du site, de la prise en compte des contraintes</line></par>
<par>
<line>réglementaires et des projets communaux, plusieurs enjeux se dégagent pour les</line></par>
<par>
<line>futurs aménagements du site :</line></par>
<par>
<line>• Répondre aux besoins de développement d’activités artisanales et</line>
<line>commerciales d’échelles communale et communautaire,</line></par>
<par>
<line>• Assurer un aménagement qualitatif de cette entrée de ville, autant le long</line>
<line>de la RDI5 que de la RD2204 et plus particuliérement dans la traversée du</line>
<line>hameau de La Pointe,</line></par>
<par>
<line>• Préserver les caractéristiques architecturales, urbaines et paysagères du</line>
<line>site,</line></par>
<par>
<line>• Maintenir et affirmer la centralité de La Pointe de Contes,</line></par>
<par>
<line>• Augmenter et diversifier l’offre en logements en fonction des besoins</line>
<line>communaux,</line></par>
<par>
<line>• Assurer un développement urbain en lien avec l’existant.</line></par>
</text>
</block>
<block blockType="Table" blockName="" l="144" t="2297" r="3188" b="2394"><region><rect/></region>
<row>
<cell leftBorder="White" topBorder="White" width="1166" height="33">
<text>
<par/>
</text></cell>
<cell topBorder="White" rightBorder="White" width="1878" height="33">
<text>
<par/>
</text></cell></row>
<row>
<cell leftBorder="White" bottomBorder="White" width="1166" height="64">
<text>
<par>
<line>Plan Local d’Urbanisme</line></par>
</text></cell>
<cell rightBorder="White" bottomBorder="White" width="1878" height="64">
<text>
<par>
<line>Commune de Contes</line></par>
</text></cell></row>
</block>
<block><region><rect/></region>
<text>
<par>
<line>12</line></par>
</text>
</block>
<block><region><rect/></region>
<text orientation="RotatedCounterclockwise">
<par>
<line>Orientations D’Aménagement et de Programmation</line></par>
</text>
</block>





<block blockType="Picture" blockName="" l="3191" t="2246" r="3270" b="2327"><region><rect/></region>
</block>
</page>
<page width="3508" height="2480" resolution="300">
<block><region><rect/></region>
<text>
<par>
<line>LA POINTE DE CONTES</line></par>
</text>
</block>
<block><region><rect/></region>
<text>
<par>
<line>Orientations d’aménagement</line></par>
</text>
</block>
<block><region><rect/></region>
<text>
<par>
<line>Le projet d’aménagement envisagé sur le secteur est traduit dans les orientations</line>
<line>d’aménagement et de programmation suivantes :</line></par>
<par>
<line>AMÉNAGEMENT :</line></par>
<par>
<line>Permettre l’accueil de nouvelles activités sur des sites dédiés en fonction des</line>
<line>besoins identifiés à l’échelle communale et intercommunale :</line></par>
<par>
<line>- permettre l’implantation de nouvelles activités sur un site dédié par la création</line>
<line>d’une nouvelle zone d’activités,</line></par>
<par>
<line>- encourager les commerces et activités de proximités en limitant la surface des</line>
<line>futures constructions dans les zones d’activités existante et future.</line></par>
<par>
<line>Maintenir un tissu urbain à vocation mixte dans le centre de la Pointe,</line></par>
<par>
<line>Assurer un développement urbain cohérent et en lien avec l’existant, garant</line>
<line>des typologies architecturales et urbaines existantes.</line></par>
<par>
<line>Maîtriser le développement des secteurs résidentiels par le comblement des</line>
<line>dents creuses et la préservation d’espaces végétalisés.</line></par>
<par>
<line>Identifier et préserver les principaux boisements, espaces naturels et</line>
<line>agricoles, garants de la qualité paysagère du secteur.</line></par>
<par>
<line>Maintenir le dynamisme de la Pointe de Contes en préservant les surfaces</line>
<line>commerciales existantes et en permettant à de nouveaux commerces de</line>
<line>s’installer.</line></par>
</text>
</block>
<block><region><rect/></region>
<text>
<par>
<line>HABITAT :</line></par>
<par>
<line>Renforcer cette centralité par le développement d’une offre en logements</line>
<line>qualitative qui réponde aux objectifs de mixité sociale :</line></par>
<par>
<line>- permettre la création d’opérations de logements en fonction des besoins</line>
<line>communaux,</line></par>
<par>
<line>- assurer une mixité sociale dans cette centralité urbaine par la création de</line>
<line>logements diversifiés,</line></par>
<par>
<line>- assurer le développement d’opérations de logements de qualité, notamment en</line>
<line>terme d’aménagements urbains,</line></par>
<par>
<line>- combler les dents creuses par des opérations de logements assurant une mixité</line>
<line>sociale.</line></par>
<par>
<line>TRANSPORTS ET DÉPLACEMENTS :</line></par>
<par>
<line>Conforter le réseau viaire secondaire et renforcer les liens entre les entités urbaines.</line></par>
<par>
<line>Développer les modes doux, notamment au centre du hameau, par le maintien</line>
<line>d’un réseau de cheminements piétons, notamment pour l’accès aux principaux</line>
<line>services, équipements et commerces.</line></par>
</text>
</block>
<block blockType="Table" blockName="" l="144" t="2297" r="3188" b="2394"><region><rect/></region>
<row>
<cell leftBorder="White" topBorder="White" width="1166" height="33">
<text>
<par/>
</text></cell>
<cell topBorder="White" rightBorder="White" width="1878" height="33">
<text>
<par/>
</text></cell></row>
<row>
<cell leftBorder="White" bottomBorder="White" width="1166" height="64">
<text>
<par>
<line>Plan Local d’Urbanisme</line></par>
</text></cell>
<cell rightBorder="White" bottomBorder="White" width="1878" height="64">
<text>
<par>
<line>Commune de Contes</line></par>
</text></cell></row>
</block>
<block><region><rect/></region>
<text>
<par>
<line>13</line></par>
</text>
</block>
<block><region><rect/></region>
<text orientation="RotatedCounterclockwise">
<par>
<line>Orientations D’Aménagement et de Programmation</line></par>
</text>
</block>








<block blockType="Picture" blockName="" l="3191" t="2246" r="3270" b="2327"><region><rect/></region>
</block>
</page>
<page width="3508" height="2480" resolution="300">
<block><region><rect/></region>
<text>
<par>
<line>LA POINTE DE CONTES</line></par>
</text>
</block>
<block><region><rect/></region>
<text>
<par>
<line>Orientations d’aménagement cartographiées</line></par>
</text>
</block>
<block><region><rect/></region>
<text>
<par>
<line>Préserver les espaces naturels et agricoles</line></par>
</text>
</block>
<block><region><rect/></region>
<text>
<par>
<line>%</line></par>
</text>
</block>
<block><region><rect/></region>
<text>
<par>
<line>Assurer un développement urbain en lien</line>
<line>avec l’existant et le développement de la</line>
<line>mixté sociale :</line></par>
</text>
</block>
<block><region><rect/></region>
<text>
<par>
<line>I#</line></par>
</text>
</block>
<block><region><rect/></region>
<text>
<par>
<line>V</line></par>
</text>
</block>
<block><region><rect/></region>
<text>
<par/>
</text>
</block>
<block><region><rect/></region>
<text>
<par>
<line>centrante urbaine dense</line>
<line>centralité urbaine</line>
<line>espace résidentiel</line></par>
</text>
</block>
<block><region><rect/></region>
<text>
<par/>
</text>
</block>
<block><region><rect/></region>
<text>
<par>
<line>SJ</line></par>
</text>
</block>
<block><region><rect/></region>
<text>
<par/>
</text>
</block>
<block><region><rect/></region>
<text>
<par/>
</text>
</block>
<block><region><rect/></region>
<text>
<par>
<line>m</line></par>
</text>
</block>
<block><region><rect/></region>
<text>
<par/>
</text>
</block>
<block><region><rect/></region>
<text>
<par/>
</text>
</block>
<block><region><rect/></region>
<text>
<par/>
</text>
</block>
<block><region><rect/></region>
<text>
<par>
<line>**</line></par>
</text>
</block>
<block><region><rect/></region>
<text>
<par/>
</text>
</block>
<block><region><rect/></region>
<text>
<par>
<line>Combler les dents creuses par des</line>
<line>opération de logements assurant une</line>
<line>mixité sociale</line></par>
</text>
</block>
<block><region><rect/></region>
<text>
<par/>
</text>
</block>
<block><region><rect/></region>
<text>
<par>
<line>\</line></par>
</text>
</block>
<block><region><rect/></region>
<text>
<par/>
</text>
</block>
<block><region><rect/></region>
<text>
<par>
<line>- '</line></par>
</text>
</block>
<block><region><rect/></region>
<text>
<par/>
</text>
</block>
<block><region><rect/></region>
<text>
<par>
<line>« ¥ ♦</line></par>
</text>
</block>
<block><region><rect/></region>
<text>
<par/>
</text>
</block>
<block><region><rect/></region>
<text>
<par>
<line>Maintenir les surfaces commerciales</line>
<line>existantes et permettre la création de</line>
<line>nouvelles surfaces commerciales</line></par>
</text>
</block>
<block><region><rect/></region>
<text>
<par/>
</text>
</block>
<block><region><rect/></region>
<text>
<par>
<line>y</line></par>
</text>
</block>
<block><region><rect/></region>
<text>
<par>
<line>U</line></par>
</text>
</block>
<block><region><rect/></region>
<text>
<par/>
</text>
</block>
<block><region><rect/></region>
<text>
<par>
<line>« \</line></par>
</text>
</block>
<block><region><rect/></region>
<text>
<par>
<line>^ / f</line></par>
<par>
<line>» ; V</line></par>
</text>
</block>
<block><region><rect/></region>
<text>
<par>
<line>Maintenir les activités existantes et</line>
<line>privilégier le développement d’activités et</line>
<line>commerces de proximités</line></par>
</text>
</block>
<block><region><rect/></region>
<text>
<par/>
</text>
</block>
<block><region><rect/></region>
<text>
<par/>
</text>
</block>
<block><region><rect/></region>
<text>
<par>
<line>N t</line></par>
</text>
</block>
<block><region><rect/></region>
<text>
<par/>
</text>
</block>
<block><region><rect/></region>
<text>
<par/>
</text>
</block>
<block><region><rect/></region>
<text>
<par>
<line>% \ ■</line></par>
</text>
</block>
<block><region><rect/></region>
<text>
<par/>
</text>
</block>
<block><region><rect/></region>
<text>
<par>
<line>Développer de nouvelles activités au vu</line>
<line>des besoins à l’échelle communale et</line>
<line>communautaire</line></par>
</text>
</block>
<block><region><rect/></region>
<text>
<par/>
</text>
</block>
<block><region><rect/></region>
<text>
<par>
<line>S</line></par>
</text>
</block>
<block><region><rect/></region>
<text>
<par>
<line>♦</line></par>
</text>
</block>
<block><region><rect/></region>
<text>
<par/>
</text>
</block>
<block><region><rect/></region>
<text>
<par>
<line>.. ♦</line></par>
</text>
</block>
<block><region><rect/></region>
<text>
<par/>
</text>
</block>
<block><region><rect/></region>
<text>
<par/>
</text>
</block>
<block><region><rect/></region>
<text>
<par>
<line>♦</line></par>
</text>
</block>
<block><region><rect/></region>
<text>
<par>
<line>Renforcer le reseau piéton</line>
<line>Conforter le réseau vlaire</line></par>
</text>
</block>
<block><region><rect/></region>
<text>
<par>
<line>BLAUSASC</line></par>
</text>
</block>
<block><region><rect/></region>
<text>
<par/>
</text>
</block>
<block><region><rect/></region>
<text>
<par/>
</text>
</block>
<block><region><rect/></region>
<text>
<par>
<line>%</line></par>
</text>
</block>
<block><region><rect/></region>
<text>
<par/>
</text>
</block>
<block><region><rect/></region>
<text>
<par/>
</text>
</block>
<block><region><rect/></region>
<text>
<par/>
</text>
</block>
<block><region><rect/></region>
<text>
<par>
<line>■ • .1</line></par>
</text>
</block>
<block><region><rect/></region>
<text>
<par>
<line>i- ■</line></par>
</text>
</block>
<block><region><rect/></region>
<text>
<par>
<line>Plan Local d’Urbanisme</line></par>
</text>
</block>
<block><region><rect/></region>
<text>
<par>
<line>Commune de Contes</line></par>
</text>
</block>
<block><region><rect/></region>
<text orientation="RotatedCounterclockwise">
<par>
<line>Orientations D’Aménagement et de Programmation</line></par>
</text>
</block>
















<block blockType="Picture" blockName="" l="3191" t="2246" r="3270" b="2327"><region><rect/></region>
</block>
<block blockType="Picture" blockName="" l="2385" t="1447" r="2577" b="1527"><region><rect/></region>
</block>
<block blockType="Picture" blockName="" l="2386" t="868" r="2578" b="929"><region><rect/></region>
</block>
<block blockType="Picture" blockName="" l="2386" t="1008" r="2578" b="1069"><region><rect/></region>
</block>
</page>
</OAP>