<?xml version="1.0" encoding="UTF-8"?><OAP>
<page width="2338" height="1653" resolution="200">
<block><region><rect/></region>
<text>
<par>
<line>COMMUNE DE LENTILLERES</line></par>
<par>
<line>(Département de l'Ardèche)</line></par>
<par>
<line>PLAN LOCAL D'URBANISME</line></par>
</text>
</block>
<block><region><rect/></region>
<text>
<par>
<line>Pièce n°3 :</line></par>
<par>
<line>ORIENTATIONS D'AMÉNAGEMENT</line>
<line>ET DE PROGRAMMATION</line></par>
</text>
</block>
<block><region><rect/></region>
<text>
<par>
<line>Élaboration prescrite le : 6 mars 2010</line></par>
<par>
<line>Arrêté par délibération du Conseil Municipal le : 25 juillet 2013</line>
<line>Soumis à enquête publique : du 25 novembre au 26 décembre 2013</line>
<line>Approuvé par délibération du Conseil Municipal le : 17 mars 2014</line>
<line>Caractère exécutoire le :</line></par>
</text>
</block>
<block><region><rect/><rect/></region>
<text>
<par>
<line>••</line></par>
</text>
</block>
<block><region><rect/></region>
<text>
<par/>
</text>
</block>
<block><region><rect/></region>
<text>
<par/>
</text>
</block>
<block><region><rect/></region>
<text>
<par/>
</text>
</block>
<block><region><rect/></region>
<text>
<par/>
</text>
</block>
<block><region><rect/></region>
<text>
<par>
<line>A.GE.D.i</line></par>
</text>
</block>
<block><region><rect/></region>
<text>
<par>
<line>Commune de Lentillères</line></par>
</text>
</block>
<block><region><rect/></region>
<text>
<par>
<line>Syndicat Intercommunal AGEDI</line>
<line>BP 90217 -15002 AURILLAC</line></par>
</text>
</block>


<block blockType="Picture" blockName="" l="1648" t="778" r="1789" b="958"><region><rect/></region>
</block>
</page>
<page width="2341" height="1657" resolution="200">
<block><region><rect/></region>
<text>
<par>
<line>SOMMAIRE</line></par>
</text>
</block>
<block><region><rect/><rect/><rect/></region>
<text>
<par>
<line>INTRODUCTION.4</line></par>
<par>
<line>Orientation d'Aménagement et de Programmation n“l.7</line></par>
<par>
<line>Secteur AUI - Jollivet Bas.7</line></par>
<par>
<line>Orientation d'Aménagement et de Programmation n®2.13</line></par>
<par>
<line>Secteur AU2 - La Ville.13</line></par>
<par>
<line>Orientation d'Aménagement et de Programmation n^S.19</line></par>
<par>
<line>Secteur AU3 - Montredon.19</line></par>
<par>
<line>Orientation d'Aménagement et de Programmation n'‘4.25</line></par>
<par>
<line>Secteur AU4 - Jollivet Centre</line></par>
</text>
</block>
<block><region><rect/></region>
<text>
<par>
<line>25</line></par>
</text>
</block>














</page>
<page width="2338" height="1653" resolution="200">
<block><region><rect/></region>
<text>
<par>
<line>INTRODUCTION</line></par>
</text>
</block>
<block><region><rect/></region>
<text>
<par>
<line>La présente pièce du PLU est établie en conformité avec les articles</line>
<line>L,123-1 (notamment l'article L.123-1-4) et L.123-5 du Code de</line>
<line>l'Urbanisme, modifiés par la loi du 2 juillet 2003 dite Loi Urbanisme et</line>
<line>Habitat et par les dispositions de la loi Grenelle 2, applicables au 14</line>
<line>janvier 2011.</line></par>
<par>
<line>En application de ces dispositions, le Plan Local d'Urbanisme doit préciser</line>
<line>des conditions d'aménagement de certains secteurs de la commune dans</line>
<line>les orientations d'aménagement et de programmation.</line></par>
<par>
<line>« Ces orientations peuvent définir les actions et opérations nécessaires</line>
<line>pour mettre en valeur l'environnement, les paysages, les entrées de villes</line>
<line>et le patrimoine, lutter contre l'insalubrité, permettre le renouvellement</line></par>
</text>
</block>
<block><region><rect/></region>
<text>
<par>
<line>urbain et assurer le développement de la commune. » « Elles peuvent</line>
<line>notamment prendre la forme de schémas d'aménagement et préciser les</line>
<line>principales caractéristiques des voies et espaces publics. »</line></par>
<par>
<line>Les orientations d'aménagement et de programmation « peuvent</line>
<line>également comporter un échéancier prévisionnel de l'ouverture à</line>
<line>l'urbanisation des zones à urbaniser et de la réalisation des équipements</line>
<line>correspondants. » En ce qui concerne la commune de Lentillères, quatre</line>
<line>secteurs seront ouverts à l'urbanisation, il s'agit des zones AU 1, AU 2, AU</line>
<line>3, AU 4.</line></par>
<par>
<line>Ces orientations d'aménagement sont définies en cohérence avec les</line>
<line>orientations générales du PADD.</line></par>
</text>
</block>
<block><region><rect/></region>
<text>
<par>
<line>Orientations d'Aménagement et de Programmation PLU de la commune de Lentillères - Ardèche</line></par>
</text>
</block>
<block><region><rect/></region>
<text>
<par>
<line>4</line></par>
</text>
</block>






</page>
<page width="2338" height="1653" resolution="200">
<block><region><rect/></region>
<text>
<par>
<line>INTRODUCTION : localisation des orientations d'aménagement et de programmation</line></par>
</text>
</block>
<block><region><rect/></region>
<text>
<par>
<line>Localisation des orientations d'aménagement et de programmation</line></par>
</text>
</block>
<block><region><rect/></region>
<text>
<par/>
</text>
</block>
<block><region><rect/></region>
<text>
<par>
<line>-'J.'</line></par>
</text>
</block>
<block><region><rect/></region>
<text>
<par/>
</text>
</block>
<block><region><rect/></region>
<text>
<par/>
</text>
</block>
<block blockType="Table" blockName="" l="366" t="868" r="685" b="1265"><region><rect/></region>
<row>
<cell topBorder="White" rightBorder="White" bottomBorder="White" width="104" height="34">
<text>
<par>
<line>, ê</line></par>
</text></cell>
<cell leftBorder="White" topBorder="White" rightBorder="White" bottomBorder="White" width="215" height="34">
<text>
<par>
<line>■’^r'*r=-</line></par>
</text></cell></row>
<row>
<cell topBorder="White" rightBorder="White" bottomBorder="White" width="104" height="36">
<text>
<par/>
</text></cell>
<cell leftBorder="White" topBorder="White" rightBorder="White" bottomBorder="White" width="215" height="36">
<text>
<par/>
</text></cell></row>
<row>
<cell topBorder="White" rightBorder="White" bottomBorder="White" width="104" height="63">
<text>
<par/>
</text></cell>
<cell leftBorder="White" topBorder="White" rightBorder="White" bottomBorder="White" width="215" height="63">
<text>
<par>
<line>La Ville</line></par>
</text></cell></row>
<row>
<cell topBorder="White" rightBorder="White" bottomBorder="White" width="104" height="156">
<text>
<par>
<line>. -iN</line></par>
</text></cell>
<cell leftBorder="White" topBorder="White" rightBorder="White" bottomBorder="White" width="215" height="156">
<text>
<par>
<line>i.</line></par>
</text></cell></row>
<row>
<cell topBorder="White" rightBorder="White" bottomBorder="White" width="104" height="77">
<text>
<par>
<line>1 .* ' *</line></par>
</text></cell>
<cell leftBorder="White" topBorder="White" rightBorder="White" bottomBorder="White" width="215" height="77">
<text>
<par>
<line>'•* !</line></par>
</text></cell></row>
<row>
<cell topBorder="White" rightBorder="White" bottomBorder="White" width="104" height="31">
<text>
<par>
<line>1 . ,</line></par>
</text></cell>
<cell leftBorder="White" topBorder="White" rightBorder="White" bottomBorder="White" width="215" height="31">
<text>
<par>
<line>“</line></par>
</text></cell></row>
</block>
<block><region><rect/></region>
<text>
<par>
<line>AAontrâdon</line></par>
</text>
</block>
<block><region><rect/></region>
<text>
<par>
<line>Les Gonthîers</line></par>
</text>
</block>
<block><region><rect/></region>
<text>
<par>
<line>Les Goh'bh'ers</line></par>
</text>
</block>
<block><region><rect/></region>
<text>
<par>
<line>Les Giarbc</line></par>
</text>
</block>
<block><region><rect/></region>
<text>
<par>
<line>&gt;'*■ -</line></par>
</text>
</block>
<block><region><rect/></region>
<text>
<par>
<line>-■&gt;</line></par>
</text>
</block>
<block><region><rect/></region>
<text>
<par>
<line>' l'i</line></par>
<par>
<line>-&gt;</line></par>
</text>
</block>
<block><region><rect/></region>
<text>
<par>
<line>'s</line></par>
</text>
</block>
<block><region><rect/></region>
<text>
<par>
<line>AU 4</line></par>
</text>
</block>
<block><region><rect/></region>
<text>
<par/>
</text>
</block>
<block><region><rect/></region>
<text>
<par>
<line>Jollivet</line></par>
</text>
</block>
<block><region><rect/></region>
<text>
<par>
<line>AUI</line></par>
</text>
</block>
<block><region><rect/></region>
<text>
<par>
<line>\ -</line></par>
</text>
</block>
<block><region><rect/></region>
<text>
<par/>
</text>
</block>
<block><region><rect/></region>
<text>
<par>
<line>Les (n^rts</line></par>
</text>
</block>
<block><region><rect/></region>
<text>
<par>
<line>N</line></par>
</text>
</block>
<block><region><rect/></region>
<text>
<par>
<line>• I.</line></par>
</text>
</block>
<block><region><rect/></region>
<text>
<par>
<line>Orientations d'Aménagement et de Programmation PLU de la commune de Lentillères - Ardèche</line></par>
</text>
</block>
<block><region><rect/></region>
<text>
<par>
<line>5</line></par>
</text>
</block>






























</page>
<page width="2338" height="1653" resolution="200">
<block><region><rect/></region>
<text>
<par>
<line>Orientation d'Aménagement et de Programmation n°l</line></par>
</text>
</block>
<block><region><rect/></region>
<text>
<par>
<line>Secteur AUI - Jollivet Bas</line></par>
</text>
</block>
<block><region><rect/></region>
<text>
<par>
<line>Orientations d'Aménagement et de Programmation PLU de la commune de Lentillères - Ardèche</line></par>
</text>
</block>
<block><region><rect/></region>
<text>
<par>
<line>7</line></par>
</text>
</block>





</page>
<page width="2338" height="1653" resolution="200">
<block><region><rect/></region>
<text>
<par>
<line>Etat des lieux du secteur et enjeux : Secteur AU 1 Joilivet Bas</line></par>
</text>
</block>
<block><region><rect/></region>
<text>
<par>
<line>Contexte :</line></par>
<par>
<line>Le secteur de « Joilivet Bas » se situe au nord-est de la commune, et ionge la route départementale 335 qui</line>
<line>relie Lentillères à Aubenas. Cette zone AUI s'inscrit dans ia continuité du village de Joilivet qui est composé</line>
<line>d'un habitat ancien et d'un habitat pavillonnaire récent.</line></par>
<par>
<line>Caractéristiques générales du site :</line></par>
<par>
<line>Le site s'étend sur 26 498 m^ entre la route départementale 335 et une zone boisée classée N (naturelle). La</line>
<line>zone AUI est un terrain en partie boisé composé d'un mélange de conifères et de feuillus. Il s'agit d'un terrain</line>
<line>présentant une faible pente d'orientation sud-est.</line></par>
<par>
<line>Enjeux de développement :</line></par>
<par>
<line>Développer un secteur situé à proximité du pôle d'emplois que constitue Aubenas</line>
<line>Favoriser la mixité sociale en proposant une typologie d'habitat diversifié</line></par>
</text>
</block>
<block><region><rect/></region>
<text>
<par>
<line>Photo aérienne de Joilivet Bas</line></par>
</text>
</block>
<block><region><rect/></region>
<text>
<par/>
</text>
</block>
<block><region><rect/></region>
<text>
<par/>
</text>
</block>
<block><region><rect/><rect/></region>
<text>
<par/>
</text>
</block>
<block><region><rect/></region>
<text>
<par/>
</text>
</block>
<block><region><rect/></region>
<text>
<par/>
</text>
</block>
<block><region><rect/></region>
<text>
<par/>
</text>
</block>
<block><region><rect/></region>
<text>
<par/>
</text>
</block>
<block><region><rect/></region>
<text>
<par>
<line>‘.Æ</line></par>
</text>
</block>
<block><region><rect/></region>
<text>
<par>
<line>•- î</line></par>
</text>
</block>
<block><region><rect/></region>
<text>
<par/>
</text>
</block>
<block><region><rect/></region>
<text>
<par>
<line>A</line></par>
</text>
</block>
<block><region><rect/></region>
<text>
<par/>
</text>
</block>
<block><region><rect/></region>
<text>
<par/>
</text>
</block>
<block><region><rect/></region>
<text>
<par/>
</text>
</block>
<block><region><rect/></region>
<text>
<par>
<line>ur- i</line></par>
</text>
</block>
<block><region><rect/></region>
<text>
<par/>
</text>
</block>
<block><region><rect/></region>
<text>
<par/>
</text>
</block>
<block><region><rect/></region>
<text>
<par/>
</text>
</block>
<block><region><rect/></region>
<text>
<par>
<line>S -rf-</line></par>
</text>
</block>
<block><region><rect/></region>
<text>
<par>
<line>ip»&gt;</line></par>
</text>
</block>
<block><region><rect/></region>
<text>
<par/>
</text>
</block>
<block><region><rect/></region>
<text>
<par>
<line>- r</line></par>
</text>
</block>
<block><region><rect/></region>
<text>
<par>
<line>. .1 i</line></par>
</text>
</block>
<block><region><rect/></region>
<text>
<par>
<line>Site de Joilivet Bas</line></par>
</text>
</block>
<block><region><rect/></region>
<text>
<par>
<line>Orientations d'Aménagement et de Programmation PLU de la commune de Lentillères - Ardèche</line></par>
</text>
</block>
<block><region><rect/></region>
<text>
<par>
<line>9</line></par>
</text>
</block>







</page>
<page width="2338" height="1653" resolution="200">
<block><region><rect/></region>
<text>
<par>
<line>Principes d'aménagement et de programmation : Secteur AU 1 Jollivet Bas</line></par>
</text>
</block>
<block><region><rect/></region>
<text>
<par>
<line>L'habitat ;</line></par>
<par>
<line>Ces parcelles représentent une disponibilité foncière de 26 498 et</line>
<line>accueilleront au minimum 5 constructions.</line></par>
<par>
<line>Les constructions envisagées seront de types :</line></par>
<par>
<line>Habitat individuel : construction comportant un logement ou</line>
<line>plusieurs sans parties communes bâties</line>
<line>ou</line></par>
<par>
<line>Habitat individuel groupé : constructions mitoyennes comportant</line>
<line>un garage et un jardin privatif sur des parcelles plus petites qu'en</line>
<line>lot libre.</line></par>
<par>
<line>Accessibilité et réseaux :</line></par>
<par>
<line>Des travaux de voirie interne à la zone seront réalisés afin de desservir</line>
<line>chaque habitation.</line></par>
<par>
<line>L'unique accès sur la RD 335 se fera de la parcelle n°201 et desservira de</line>
<line>chaque côté les autres parcelles de la zone. Cette entrée bénéficiera d'un</line>
<line>dégagement profond de 2,5 mètres et s'étendra sur 5 mètres de large. De</line>
<line>plus, à droite de l'accès, un emplacement réservé a été créé, afin</line>
<line>d'installer les boites aux lettres des habitations.</line></par>
<par>
<line>La zone AUI de Jollivet Bas est raccordable au réseau d'eau potable situé</line>
<line>à proximité immédiate de la zone, sur la voie communale n®!. La zone</line>
<line>AUI sera aussi raccordable au réseau d'électricité puisqu'il dessert le</line>
<line>hameau de Jollivet.</line></par>
<par>
<line>Défense incendie</line></par>
<par>
<line>La défense incendie de la zone AU de Jollivet-Bas est assurée par un</line>
<line>poteau incendie opérationnel qui se trouve au centre du hameau de</line>
<line>Jollivet, à 300 mètres de Jollivet Bas par la voirie communale. En outre, la</line>
<line>commune a mis en place à l'entrée de la commune, sur le bord de la</line></par>
</text>
</block>
<block><region><rect/></region>
<text>
<par>
<line>Route Départementale, au Clos de La Bernarde, à 1,1 km de Jollivet Bas</line>
<line>une nouvelle citerne incendie afin de défendre la vallée de l'Agueneyre.</line>
<line>Préalablement à l'urbanisation de la zone AUI, la zone de protection</line>
<line>contre l'incendie devra être défrichée.</line></par>
<par>
<line>Traitement paysager :</line></par>
<par>
<line>Une haie d'arbre d'essences locales, sera intégrée entre la RD 335 et la</line>
<line>voie de desserte de la zone AUI, dans un souci d'insertion des nouvelles</line>
<line>constructions dans le paysage. En effet, ce secteur étant situé en entrée</line>
<line>de ville, le traitement paysager est important.</line></par>
<par>
<line>Assainissement :</line></par>
<par>
<line>Toute construction nécessitant un équipement sanitaire doit être</line>
<line>raccordée à un dispositif d'assainissement autonome qui pourra être</line>
<line>implanté dans la zone de protection contre l'incendie.</line></par>
<par>
<line>Modalité d'ouverture à l'urbanisation de la zone ;</line></par>
<par>
<line>L'aménagement de la zone est envisagé par le biais d'une opération</line>
<line>d'aménagement d'ensemble.</line></par>
<par>
<line>Caractéristiques du secteur AUI - Jollivet Bas ;</line></par>
<par>
<line>Vocation du secteur : habitat</line></par>
<par>
<line>Superficie totale ; 26 498</line></par>
<par>
<line>Superficie réservée à l'habitat : 6 793 m^</line></par>
<par>
<line>Parcelles : A 199, A 200, A 201, A 202 et A 776</line>
<line>Capacité en logements : 5 constructions minimum</line>
<line>Type de logements : individuel, et/ou individuel groupé</line>
<line>Equipement : /</line></par>
</text>
</block>
<block><region><rect/></region>
<text>
<par>
<line>Orientations d'Aménagement et de Programmation PLU de la commune de Lentillèrcs - Ardèche</line></par>
</text>
</block>
<block><region><rect/></region>
<text>
<par>
<line>10</line></par>
</text>
</block>






<block blockType="Picture" blockName="" l="1226" t="1054" r="2114" b="1112"><region><rect/></region>
</block>
</page>
<page width="2342" height="1659" resolution="200">
<block><region><rect/></region>
<text>
<par>
<line>Schéma d'intention : Secteur AU 1 Jollivet Bas</line></par>
</text>
</block>
<block><region><rect/></region>
<text>
<par/>
</text>
</block>
<block><region><rect/></region>
<text>
<par/>
</text>
</block>
<block><region><rect/></region>
<text>
<par>
<line>«</line></par>
</text>
</block>
<block><region><rect/></region>
<text>
<par/>
</text>
</block>
<block><region><rect/></region>
<text>
<par/>
</text>
</block>
<block><region><rect/></region>
<text>
<par/>
</text>
</block>
<block><region><rect/></region>
<text>
<par>
<line>Orientations d'Aménagement et de Progrommotion PLU de lo commune de Lentillères - Ardèche</line></par>
</text>
</block>
<block><region><rect/><rect/><rect/><rect/><rect/></region>
<text>
<par>
<line>Légende :</line></par>
<par>
<line>• Sortie unique</line></par>
<par>
<line>■•■►Voirie à créer</line></par>
<par>
<line>Protection végétale</line></par>
<par>
<line>:n;] Zone de protection</line>
<line>contre l'incendie</line>
<line>^ Emplacement réservé</line>
<line>Zonage du PLU :</line></par>
<par>
<line>L . . ! Zone U2</line>
<line>iW: Zone AUI</line>
<line>î._.! ZoneAU4</line>
<line>Zone N</line>
<line>I...! Zone A</line></par>
</text>
</block>
<block><region><rect/></region>
<text>
<par>
<line>/</line></par>
</text>
</block>
<block><region><rect/></region>
<text>
<par>
<line>11</line></par>
</text>
</block>















</page>
<page width="2338" height="1653" resolution="200">
<block><region><rect/></region>
<text>
<par>
<line>Orientation d'Aménagement et de Programmation n“2</line></par>
</text>
</block>
<block><region><rect/></region>
<text>
<par>
<line>Secteur AU2 - La Ville</line></par>
</text>
</block>
<block><region><rect/></region>
<text>
<par>
<line>Orientations d'Aménagement et de Programmation PLU de la commune de Lentillères - Ardèche</line></par>
</text>
</block>
<block><region><rect/></region>
<text>
<par>
<line>13</line></par>
</text>
</block>



</page>
<page width="2338" height="1653" resolution="200">
<block><region><rect/></region>
<text>
<par>
<line>Etat des lieux du secteur et enjeux ; Secteur Au2 La Ville</line></par>
</text>
</block>
<block><region><rect/></region>
<text>
<par>
<line>Contexte :</line></par>
<par>
<line>Le secteur de « La Ville » se situe au nord-est de la commune de Lentillères et plus précisément au sud-est de</line>
<line>Tancien bourg nommé « La Ville ou Le Village ». La zone AU2 « La Ville » a fait l'objet d'une étude au titre de la</line>
<line>loi Montagne. Ce dossier a été présenté à la commission départementale de la nature, des paysages et des sites</line>
<line>le 18 avril 2013 et a reçu un avis favorable.</line></par>
<par>
<line>Caractéristiques générales du site :</line></par>
<par>
<line>Le terrain, s'étend sur 5 005 m^ il est actuellement occupé par d'anciennes terrasses de cultures, une</line>
<line>végétation basse et est bordé d'arbres. 11 présente une topographie légèrement pentue, d'orientation sud-est.</line></par>
<par>
<line>Enjeux de développement :</line></par>
<par>
<line>Favoriser la mixité sociale en proposant une typologie d'habitat diversifié</line></par>
<par>
<line>Garantir l'intégration architecturale et paysagère des nouvelles constructions dans le paysage</line></par>
</text>
</block>
<block><region><rect/></region>
<text>
<par/>
</text>
</block>
<block><region><rect/></region>
<text>
<par/>
</text>
</block>
<block><region><rect/></region>
<text>
<par>
<line>51</line></par>
</text>
</block>
<block><region><rect/></region>
<text>
<par>
<line>Photo aérienne de La Ville</line></par>
</text>
</block>
<block><region><rect/></region>
<text>
<par/>
</text>
</block>
<block><region><rect/></region>
<text>
<par/>
</text>
</block>
<block><region><rect/></region>
<text>
<par/>
</text>
</block>
<block><region><rect/></region>
<text>
<par/>
</text>
</block>
<block><region><rect/></region>
<text>
<par/>
</text>
</block>
<block><region><rect/></region>
<text>
<par/>
</text>
</block>
<block><region><rect/></region>
<text>
<par>
<line>Site de La Ville</line></par>
</text>
</block>
<block><region><rect/></region>
<text>
<par>
<line>Orientations d'Aménagement et de Programmation PLU de la commune de Lentillères - Ardèche</line></par>
</text>
</block>
<block><region><rect/></region>
<text>
<par>
<line>15</line></par>
</text>
</block>







</page>
<page width="2338" height="1653" resolution="200">
<block><region><rect/></region>
<text>
<par>
<line>Principes d'aménagement et de programmation : Secteur Au2 La Ville</line></par>
</text>
</block>
<block><region><rect/></region>
<text>
<par>
<line>Habitat :</line></par>
<par>
<line>Ces parcelles représentent une disponibilité foncière de 5 005m^ et</line>
<line>accueilleront 5 constructions. Les constructions envisagées seront de</line>
<line>types :</line></par>
<par>
<line>Habitat individuel : construction comportant un logement ou</line>
<line>plusieurs sans parties communes bâties (concerne 1 construction)</line>
<line>Habitat individuel groupé : constructions mitoyennes comportant</line>
<line>un garage et un jardin privatif sur des parcelles plus petites qu'en</line>
<line>lot libre. (Concerne 4 constructions)</line></par>
<par>
<line>Accessibilité et réseaux :</line></par>
<par>
<line>Un unique accès se raccordera à la voirie communale existante. La voie de</line>
<line>desserte se terminera par une aire de retournement, sur laquelle le</line>
<line>chemin traversant notamment les parcelles A 949 et A 948, pourra venir</line>
<line>se raccorder. De plus, Un emplacement réservé a été créé, afin d'installer</line>
<line>les boites aux lettres des habitations à l'entrée de la zone.</line></par>
<par>
<line>Traitement paysager :</line></par>
<par>
<line>Une attention particulière sera portée à l'aspect extérieur des</line>
<line>constructions nouvelles, en particulier aux volumes et aux teintes des</line>
<line>façades et de la couverture, pour assurer la bonne intégration des projets</line>
<line>dans leur environnement. A terme, la zone AU2 devra constituer un</line>
<line>ensemble de constructions groupées (possibilité d'accoler les</line>
<line>constructions appartenant à des lots différents). Les constructions seront</line>
<line>réparties de part et d'autre de la voie de desserte et constitueront un</line>
<line>ensemble harmonieux et cohérent avec la silhouette bâtie du hameau Le</line>
<line>Village.</line></par>
<par>
<line>Le volume des constructions sera simple et leurs proportions devront se</line>
<line>rapprocher de celles du bâti traditionnel. Les constructions devront</line>
<line>s'implanter parallèlement aux courbes de niveau et devront s'adapter au</line>
<line>terrain, notamment à la pente, et non l'inverse. Ainsi, les constructions</line></par>
</text>
</block>
<block><region><rect/></region>
<text>
<par>
<line>nouvelles devront modifier le moins possible la topographie de la zone et</line>
<line>minimiser les mouvements de terre (déblai et remblai).</line></par>
<par>
<line>Enfin, les projets devront prendre en compte et conserver les terrasses et</line>
<line>les éléments végétaux structurants. H s'agit de préserver et/ou de</line>
<line>restaurer les éléments du paysage de la zone. Afin d'assurer l'intégration</line>
<line>paysagère des nouvelles constructions dans leur environnement, la haie</line>
<line>de châtaigniers située sur les parcelles A 661, A 675 et A 674 fait l'objet</line>
<line>dans le PLU d'un classement en Espace Boisé Classé. En effet, il est</line>
<line>important de conserver cette haie car elle fait office de masque végétal et</line>
<line>ainsi rendra moins visible les nouvelles constructions depuis le bourg</line>
<line>notamment.</line></par>
<par>
<line>Assainissement :</line></par>
<par>
<line>Toute construction nécessitant un équipement sanitaire doit être</line>
<line>raccordée à un dispositif d'assainissement autonome.</line></par>
<par>
<line>Tous les systèmes d'assainissements des constructions de la zone AU2</line>
<line>devront être implantés dans la zone prévue à cet effet.</line></par>
<par>
<line>Modalité d'ouverture à l'urbanisation de la zone ;</line></par>
<par>
<line>L'aménagement de la zone est envisagé par le biais d'une opération</line>
<line>d'aménagement d'ensemble,</line></par>
<par>
<line>Caractéristiques du secteur AU2 - La Ville :</line></par>
<par>
<line>Vocation du secteur : habitat</line>
<line>Superficie totale : 5005 m^</line></par>
<par>
<line>Superficie réservée à l'habitat : 3183 m^</line></par>
<par>
<line>Parcelles : A 674, A 675, A 677, A 678, A 949</line>
<line>Capacité en logements : 5 constructions</line>
<line>Type de logements : Individuel et individuel groupé</line>
<line>Equipement : /</line></par>
</text>
</block>
<block><region><rect/></region>
<text>
<par>
<line>Orientations d'Aménagement et de Programmation PLU de la commune de Lentillères - Ardèche</line></par>
</text>
</block>
<block><region><rect/></region>
<text>
<par>
<line>16</line></par>
</text>
</block>




<block blockType="Picture" blockName="" l="1230" t="1064" r="2120" b="1124"><region><rect/></region>
</block>
</page>
<page width="2341" height="1657" resolution="200">
<block><region><rect/><rect/></region>
<text>
<par>
<line>Légende :</line></par>
<par>
<line>9 Sortie unique</line>
<line>■ ■ ■ ■ ■ Voirie à créer</line></par>
<par>
<line>Aire de retournement</line></par>
<par>
<line>Découpage parcellaire</line>
<line>envisagé (indicatif)</line></par>
<par>
<line>^ y Orientation des bâtiments :</line>
<line>respect des courbes de niveau</line></par>
<par>
<line>Bande d'implantation du bâti</line></par>
<par>
<line>Murets et terrasses à</line>
<line>préserver</line></par>
<par>
<line>-Courbes de niveau</line></par>
<par>
<line>Zone réservée à</line>
<line>l'assainissement</line>
<line>Espace Boisé Classé</line>
<line>Emplacements réservés</line></par>
</text>
</block>
<block><region><rect/><rect/></region>
<text>
<par>
<line>Zonage du PLU :</line></par>
<par>
<line>L . , ! Zone U1 "</line></par>
</text>
</block>
<block><region><rect/></region>
<text>
<par>
<line>î. _ . ! Zone U2</line>
<line>L.,î Zone Ua</line></par>
</text>
</block>
<block><region><rect/></region>
<text>
<par/>
</text>
</block>
<block><region><rect/></region>
<text>
<par>
<line>L . . I</line></par>
</text>
</block>
<block><region><rect/></region>
<text>
<par>
<line>Zone AU2</line>
<line>Zone A</line></par>
</text>
</block>



























<block blockType="Picture" blockName="" l="1524" t="875" r="1579" b="936"><region><rect/></region>
</block>
</page>
<page width="2338" height="1653" resolution="200">
<block><region><rect/></region>
<text>
<par>
<line>Orientation d'Aménagement et de Programmation n“3</line></par>
<par>
<line>Secteur AU3 - Montredon</line></par>
</text>
</block>
<block><region><rect/></region>
<text>
<par>
<line>Orientations d'Aménagement et de Programmation PLU de la commune de Lentillères Ardèche</line></par>
</text>
</block>
<block><region><rect/></region>
<text>
<par>
<line>19</line></par>
</text>
</block>


</page>
<page width="2338" height="1653" resolution="200">
<block><region><rect/></region>
<text>
<par>
<line>Etat des lieux du secteur et enjeux : Secteur AU 3 Montredon</line></par>
</text>
</block>
<block><region><rect/></region>
<text>
<par>
<line>Contexte :</line></par>
<par>
<line>Le secteur de « Montredon » se situe au nord-est de la commune de Lentillères et plus précisément au nord du</line>
<line>hameau de Montredon qui est composé d'un habitat ancien et pavillonnaire.</line></par>
<par>
<line>Caractéristiques générales du site :</line></par>
<par>
<line>Le site s'étend sur 3 069 m^ et est actuellement occupé par d'anciennes terrasses de culture sur lesquelles des</line>
<line>arbres fruitiers sont encore présents. Il présente une topographie légèrement inclinée d'orientation sud-est.</line></par>
<par>
<line>Enjeux de développement :</line></par>
<par>
<line>Favoriser la mixité sociale en proposant une typologie d'habitat diversifié</line>
<line>Renforcer le hameau de Montredon sur le plan urbanistique</line></par>
</text>
</block>
<block><region><rect/></region>
<text>
<par>
<line>Photo aérienne de Montredon</line></par>
</text>
</block>
<block><region><rect/></region>
<text>
<par/>
</text>
</block>
<block><region><rect/></region>
<text>
<par>
<line>9</line></par>
</text>
</block>
<block><region><rect/></region>
<text>
<par>
<line>«S</line></par>
</text>
</block>
<block><region><rect/></region>
<text>
<par>
<line>Site de Montredon</line></par>
</text>
</block>
<block><region><rect/></region>
<text>
<par>
<line>Orientations d'Aménagement et de Programmation PLU de la commune de Lentillères - Ardèche</line></par>
</text>
</block>
<block><region><rect/></region>
<text>
<par>
<line>21</line></par>
</text>
</block>







<block blockType="Picture" blockName="" l="2056" t="940" r="2080" b="1134"><region><rect/></region>
</block>
<block blockType="Picture" blockName="" l="250" t="932" r="2123" b="1388"><region><rect/></region>
</block>
<block blockType="Picture" blockName="" l="1638" t="324" r="2124" b="877"><region><rect/></region>
</block>
</page>
<page width="2338" height="1653" resolution="200">
<block><region><rect/></region>
<text>
<par>
<line>Principes d'aménagement et de programmation : Secteur AU 3 Montredon</line></par>
</text>
</block>
<block><region><rect/></region>
<text>
<par>
<line>L'habitat :</line></par>
<par>
<line>Ces parcelles représentent une disponibilité foncière de 3 069 et</line>
<line>accueilleront au minimum 3 constructions.</line></par>
<par>
<line>Les constructions envisagées seront de types :</line></par>
<par>
<line>Habitat individuel : construction comportant un logement ou</line>
<line>plusieurs, sans parties communes bâties</line></par>
<par>
<line>Accessibilité et réseaux :</line></par>
<par>
<line>Les parcelles seront desservies avec un accès direct sur la voirie</line>
<line>communale.</line></par>
<par>
<line>De plus, à droite de l'accès, un emplacement réservé a été créé, afin</line>
<line>d'installer les boites aux lettres des habitations.</line></par>
<par>
<line>La zone AU3 de Montredon est raccordable aux réseaux d'eau potable et</line>
<line>d'électricité, situés à proximité des parcelles.</line></par>
<par>
<line>Traitement paysager :</line></par>
<par>
<line>Les constructions devront s'adapter au terrain, notamment à la pente, et</line>
<line>non l'inverse. Ainsi, les constructions nouvelles devront modifier le moins</line>
<line>possible la topographie de la zone et minimiser les mouvements de terre</line>
<line>(déblai et remblai).</line></par>
<par>
<line>Enfin, les projets devront prendre en compte et conserver les terrasses et</line>
<line>les éléments végétaux structurants. Il s'agit de préserver et/ou de</line>
<line>restaurer les éléments du paysage de la zone.</line></par>
<par>
<line>Assainissement :</line></par>
<par>
<line>Toute construction nécessitant un équipement sanitaire doit être</line>
<line>raccordée à un dispositif d'assainissement autonome.</line></par>
<par>
<line>Tous les systèmes d'assainissements des constructions de la zone AU3</line>
<line>devront être implantés dans la zone prévue à cet effet.</line></par>
</text>
</block>
<block><region><rect/></region>
<text>
<par>
<line>Protéger la source :</line></par>
<par>
<line>Une source d'eau potable, non utilisée à l'heure actuelle, se situe aux</line>
<line>abords du terrain n‘’422. L'habitation qui sera implantée sur la parcelle</line>
<line>n‘’422 devra veiller au respect de la source et de sa nappe d'eau, que ce</line>
<line>soit par rapport à l'implantation du système d'assainissement, ou du</line>
<line>logement.</line></par>
<par>
<line>Modalité d'ouverture à l'urbanisation de la zone ;</line></par>
<par>
<line>La zone sera ouverte à l'urbanisation après réalisation des équipements</line>
<line>publics au droit de la zone (eau potable et électricité) : urbanisation au fur</line>
<line>et à mesure de la réalisation des équipements.</line></par>
</text>
</block>
<block><region><rect/></region>
<text>
<par>
<line>Caractéristiques du secteur AU3 - Montredon :</line></par>
<par>
<line>Vocation du secteur : habitat.</line></par>
<par>
<line>Superficie totale : 3 069 m^</line></par>
<par>
<line>Superficie réservée à l'habitat : 2227 m^</line></par>
<par>
<line>Parcelles : A 799, A 416, A 422, A 423, A 831, A 828.</line>
<line>Capacité en logements : 3 constructions.</line></par>
<par>
<line>Type de logements : individuel et/ou individuel groupé</line>
<line>Equipement : /</line></par>
</text>
</block>
<block><region><rect/></region>
<text>
<par>
<line>Orientations d'Aménagement et de Programmation PLU de la commune de Lentillères - Ardèche</line></par>
</text>
</block>
<block><region><rect/></region>
<text>
<par>
<line>22</line></par>
</text>
</block>











<block blockType="Picture" blockName="" l="1230" t="1077" r="2119" b="1136"><region><rect/></region>
</block>
</page>
<page width="2338" height="1653" resolution="200">
<block><region><rect/></region>
<text>
<par>
<line>Schéma d'intention : Secteur AU 3 Montredon</line></par>
</text>
</block>
<block><region><rect/></region>
<text>
<par>
<line>Légende :</line></par>
<par>
<line>^ Accès aux parcelles</line></par>
<par>
<line>Murets et terrasses</line>
<line>à préserver</line>
<line>Zone réservée à</line>
<line>l'assainissement</line></par>
<par>
<line>Source</line></par>
<par>
<line>^ Emplacement réservé</line>
<line>Zonage du PLU :</line></par>
<par>
<line>ZoneAUS</line>
<line>î.. . ; Zone U1</line>
<line>L - - ! Zone U2</line>
<line>L - _ ! Zone Ua</line>
<line>L.. I 2one A</line>
<line>ï.! ^one Ah</line>
<line>l - - î 2one Aha</line></par>
</text>
</block>














</page>
<page width="2338" height="1653" resolution="200">
<block><region><rect/></region>
<text>
<par>
<line>Orientation d'Aménagement et de Programmation n“4</line></par>
</text>
</block>
<block><region><rect/></region>
<text>
<par>
<line>Secteur AU4 - Jollivet Centre</line></par>
</text>
</block>
<block><region><rect/></region>
<text>
<par>
<line>Orientations d'Aménagement et de Programmation PLU de la commune de Lentillères - Ardèche</line></par>
</text>
</block>
<block><region><rect/></region>
<text>
<par>
<line>25</line></par>
</text>
</block>


</page>
<page width="2338" height="1653" resolution="200">
<block><region><rect/></region>
<text>
<par>
<line>Etat des lieux du secteur et enjeux : Secteur AU 4 Jollivet Centre</line></par>
</text>
</block>
<block><region><rect/></region>
<text>
<par>
<line>Contexte :</line></par>
<par>
<line>Le secteur de Jollivet Centre se situe au nord-est de la commune de Lentilières et au cœur du hameau de Jollivet</line>
<line>qui se compose d'un habitat ancien et d'un habitat pavillonnaire récent.</line></par>
<par>
<line>Caractéristiques générales du site :</line></par>
<par>
<line>Le site s'étend sur 5 469 m^ et se divise en deux espaces distincts, le tiers nord-est est couvert d'une végétation</line>
<line>basse et l'autre partie du site est cultivée. Le terrain présente une faible pente et s'insère dans le tissu urbain</line>
<line>relativement lâche du hameau de Jollivet,</line></par>
<par>
<line>Enjeux de développement :</line></par>
<par>
<line>Favoriser la mixité sociale en proposant une typologie d'habitat diversifié</line>
<line>Favoriser la densification de l'urbanisation en comblant un interstice urbain</line></par>
</text>
</block>
<block><region><rect/></region>
<text>
<par/>
</text>
</block>
<block><region><rect/></region>
<text>
<par>
<line>m</line></par>
</text>
</block>
<block><region><rect/></region>
<text>
<par>
<line>J?</line></par>
</text>
</block>
<block><region><rect/></region>
<text>
<par/>
</text>
</block>
<block><region><rect/></region>
<text>
<par>
<line>Photo aérienne de Jollivet Centre</line></par>
</text>
</block>
<block><region><rect/><rect/><rect/></region>
<text>
<par/>
</text>
</block>
<block><region><rect/></region>
<text>
<par/>
</text>
</block>
<block><region><rect/></region>
<text>
<par/>
</text>
</block>
<block><region><rect/></region>
<text>
<par/>
</text>
</block>
<block><region><rect/></region>
<text>
<par>
<line>il lir</line></par>
</text>
</block>
<block><region><rect/></region>
<text>
<par/>
</text>
</block>
<block><region><rect/></region>
<text>
<par/>
</text>
</block>
<block><region><rect/></region>
<text>
<par/>
</text>
</block>
<block><region><rect/></region>
<text>
<par/>
</text>
</block>
<block><region><rect/></region>
<text>
<par/>
</text>
</block>
<block><region><rect/></region>
<text>
<par>
<line>Site de Jollivet Centre</line></par>
</text>
</block>
<block><region><rect/></region>
<text>
<par>
<line>Orientations d'Aménogement et de Programmation PLU de la commune de Lentilières - Ardèche</line></par>
</text>
</block>
<block><region><rect/></region>
<text>
<par>
<line>26</line></par>
</text>
</block>






</page>
<page width="2338" height="1653" resolution="200">
<block><region><rect/></region>
<text>
<par>
<line>Principes d'aménagement et de programmation : Secteur AU 4 Jollivet Centre</line></par>
</text>
</block>
<block><region><rect/></region>
<text>
<par>
<line>L'habitat :</line></par>
<par>
<line>Ces parcelles représentent une disponibilité foncière de 5 469 et</line>
<line>accueilleront 7 constructions.</line></par>
<par>
<line>Les constructions envisagées seront de types ;</line></par>
<par>
<line>Habitat individuel groupé : constructions mitoyennes comportant</line>
<line>un garage et un jardin privatif sur des parcelles plus petites qu'en</line>
<line>lot libre. Ces habitations seront mitoyennes par le garage. Les lots</line>
<line>seront de taille variable compris entre 350 et 500 m^. Le schéma</line>
<line>du découpage des lots en dernière page est donné à titre indicatif</line></par>
<par>
<line>Accessibilité et réseaux :</line></par>
<par>
<line>Des travaux de voirie interne à la zone seront réalisés afin de desservir</line>
<line>chaque habitation. Cinq lots seront desservis par un accès unique, qui se</line>
<line>fera de la parcelle n°A 68. Deux autres lots auront leurs propres accès à la</line>
<line>voirie principale. A droite de l'accès principal, un emplacement réservé a</line>
<line>été créé afin d'installer les boites aux lettres des habitations, Un second</line>
<line>emplacement réservé a été créé au niveau du premier lot afin d'installer</line>
<line>les boites aux lettres et les containeurs des habitations.</line></par>
<par>
<line>Une zone de stationnement commune est envisagée le long de la voirie</line>
<line>interne.</line></par>
<par>
<line>De plus, un emplacement réservé de 1,5 mètre de large a été prévu le</line>
<line>long de la voirie communale et du premier lot afin de permettre un</line>
<line>élargissement de la chaussée.</line></par>
<par>
<line>La zone AU2 de Jollivet Centre est raccordable aux réseaux d'eau potable</line>
<line>et d'électricité. Ces réseaux étant situés le long de l'axe principal, à</line>
<line>proximité de la zone. Une zone dédiée aux traitements des eaux usées de</line>
<line>ces 7 logements est prévue sur la parcelle n°A 893.</line></par>
</text>
</block>
<block><region><rect/></region>
<text>
<par>
<line>Traitement paysager :</line></par>
<par>
<line>Deux zones devront être réservées à l'aménagement d'espaces verts, il</line>
<line>s'agira donc de préserver les éléments végétaux existants sur le site.</line></par>
<par>
<line>Modalité d'ouverture à l'urbanisation de la zone :</line></par>
<par>
<line>L'aménagement de la zone est envisagé par le biais d'une opération</line>
<line>d'aménagement d'ensemble de type permis d'aménager. La mise en place</line>
<line>d'une orientation d'aménagement sur ce secteur permet d'optimiser</line>
<line>l'utilisation de l'espace et de proposer une offre de logements accessible</line>
<line>au plus grand nombre.</line></par>
</text>
</block>
<block><region><rect/></region>
<text>
<par>
<line>Caractéristiques du secteur AU4 - Jollivet Centre :</line></par>
<par>
<line>Vocation du secteur : habitat.</line></par>
<par>
<line>Superficie totale : 5469</line></par>
<par>
<line>Superficie réservée à l'habitat : 3572 m^</line></par>
<par>
<line>Parcelles : A 68, A 70, A 893, A 870.</line></par>
<par>
<line>Capacité en logements : 7 constructions.</line></par>
<par>
<line>Type de logements : individuel groupé</line></par>
<par>
<line>Equipements : traitement des eaux usées, zone de stationnement.</line></par>
</text>
</block>
<block><region><rect/></region>
<text>
<par>
<line>Orientations d'Aménagement et de Programmation PLU de la commune de Lentillères - Ardèche</line></par>
</text>
</block>
<block><region><rect/></region>
<text>
<par>
<line>27</line></par>
</text>
</block>








<block blockType="Picture" blockName="" l="1239" t="1020" r="2131" b="1082"><region><rect/></region>
</block>
</page>
<page width="2338" height="1653" resolution="200">
<block><region><rect/></region>
<text>
<par>
<line>Schéma d'intention : Secteur AU 4 Jollivet Centre</line></par>
</text>
</block>
<block><region><rect/></region>
<text>
<par>
<line>E7</line></par>
</text>
</block>
<block><region><rect/></region>
<text>
<par>
<line>1</line></par>
</text>
</block>
<block><region><rect/></region>
<text>
<par/>
</text>
</block>
<block><region><rect/></region>
<text>
<par>
<line>A</line></par>
</text>
</block>
<block><region><rect/></region>
<text>
<par>
<line>«</line></par>
</text>
</block>
<block><region><rect/></region>
<text>
<par/>
</text>
</block>
<block><region><rect/></region>
<text>
<par/>
</text>
</block>
<block><region><rect/></region>
<text>
<par/>
</text>
</block>
<block><region><rect/></region>
<text>
<par>
<line>-r'</line></par>
</text>
</block>
<block><region><rect/></region>
<text>
<par/>
</text>
</block>
<block><region><rect/></region>
<text>
<par/>
</text>
</block>
<block><region><rect/></region>
<text>
<par/>
</text>
</block>
<block><region><rect/></region>
<text>
<par/>
</text>
</block>
<block><region><rect/></region>
<text>
<par/>
</text>
</block>
<block><region><rect/></region>
<text>
<par>
<line>%</line></par>
</text>
</block>
<block><region><rect/></region>
<text>
<par>
<line>9</line></par>
</text>
</block>
<block><region><rect/></region>
<text>
<par/>
</text>
</block>
<block><region><rect/></region>
<text>
<par>
<line>^ i;</line></par>
</text>
</block>
<block><region><rect/></region>
<text>
<par>
<line>ê</line></par>
</text>
</block>
<block><region><rect/></region>
<text>
<par>
<line>%</line></par>
</text>
</block>
<block><region><rect/></region>
<text>
<par/>
</text>
</block>
<block><region><rect/></region>
<text>
<par>
<line>10</line></par>
</text>
</block>
<block><region><rect/></region>
<text>
<par/>
</text>
</block>
<block><region><rect/></region>
<text>
<par/>
</text>
</block>
<block><region><rect/></region>
<text>
<par/>
</text>
</block>
<block><region><rect/></region>
<text>
<par/>
</text>
</block>
<block><region><rect/></region>
<text>
<par>
<line>AU4</line></par>
</text>
</block>
<block><region><rect/></region>
<text>
<par/>
</text>
</block>
<block><region><rect/></region>
<text>
<par/>
</text>
</block>
<block><region><rect/></region>
<text>
<par/>
</text>
</block>
<block><region><rect/></region>
<text>
<par/>
</text>
</block>
<block><region><rect/></region>
<text>
<par>
<line>%</line></par>
</text>
</block>
<block><region><rect/></region>
<text>
<par>
<line>'Â</line></par>
</text>
</block>
<block><region><rect/></region>
<text>
<par/>
</text>
</block>
<block><region><rect/></region>
<text>
<par>
<line>à:</line></par>
</text>
</block>
<block><region><rect/></region>
<text>
<par/>
</text>
</block>
<block><region><rect/><rect/><rect/><rect/></region>
<text>
<par>
<line>Légende :</line></par>
<par>
<line>• Sortie unique</line></par>
<par>
<line>■■■►Voirie à créer</line>
<line>- Espaces verts</line></par>
<par>
<line>Zone réservé à</line>
<line>l'assainissement</line></par>
<par>
<line>- Découpage parcellaire</line></par>
<par>
<line>envisagé</line></par>
<par>
<line>Maisons individuelles</line>
<line>groupées</line></par>
<par>
<line>Zone de stationnement</line>
<line>envisagée</line></par>
<par>
<line>^ Emplacements réservés</line></par>
<par>
<line>» Renforcement du mur de</line>
<line>soutènement</line>
<line>Zonage du PLU :</line></par>
<par>
<line>LWlZoneUl L‘”; Zone AUI</line>
<line>L.. î Zone U2 Zone N</line>
<line>vV.'î Zone AU4 [.'.Vl Zone A</line></par>
</text>
</block>
<block><region><rect/></region>
<text>
<par>
<line>Orientations d'Aménagement et de Programmation PLU de la commune de Lentillères - Ardèche</line></par>
</text>
</block>
<block><region><rect/></region>
<text>
<par>
<line>28</line></par>
</text>
</block>



















<block blockType="Picture" blockName="" l="651" t="351" r="705" b="407"><region><rect/></region>
</block>
<block blockType="Picture" blockName="" l="759" t="1329" r="789" b="1379"><region><rect/></region>
</block>
</page>
<page width="2338" height="1653" resolution="200">
<block><region><rect/></region>
<text>
<par>
<line>Schéma d'intention : Secteur AU 4 Jollivet Centre (à titre indicatif)</line></par>
</text>
</block>
<block><region><rect/><rect/></region>
<text>
<par>
<line>Habitat semi groupé quartier JOLLIVET</line></par>
<par>
<line>Découpage en 7 parcelles de 450m2</line></par>
</text>
</block>
<block><region><rect/></region>
<text>
<par/>
</text>
</block>
<block><region><rect/></region>
<text>
<par/>
</text>
</block>
<block><region><rect/></region>
<text>
<par/>
</text>
</block>
<block><region><rect/></region>
<text>
<par/>
</text>
</block>
<block><region><rect/></region>
<text>
<par>
<line>Zone de</line>
<line>traitement des</line>
<line>eaux useés</line></par>
</text>
</block>
<block><region><rect/></region>
<text>
<par/>
</text>
</block>
<block><region><rect/></region>
<text>
<par/>
</text>
</block>
<block><region><rect/></region>
<text>
<par>
<line>X;</line></par>
</text>
</block>
<block><region><rect/></region>
<text>
<par/>
</text>
</block>
<block><region><rect/></region>
<text>
<par/>
</text>
</block>
<block><region><rect/></region>
<text>
<par>
<line>Loi 7</line>
<line>450m2</line></par>
</text>
</block>
<block><region><rect/></region>
<text>
<par/>
</text>
</block>
<block><region><rect/></region>
<text>
<par>
<line>Loto</line></par>
<par>
<line>450m2</line></par>
</text>
</block>
<block><region><rect/></region>
<text>
<par>
<line>Lots</line></par>
</text>
</block>
<block><region><rect/></region>
<text>
<par>
<line>LoM</line></par>
</text>
</block>
<block><region><rect/></region>
<text>
<par>
<line>Lois</line></par>
</text>
</block>
<block><region><rect/></region>
<text>
<par>
<line>Loi 2</line>
<line>4î50m</line></par>
</text>
</block>
<block><region><rect/></region>
<text>
<par>
<line>Loti</line></par>
</text>
</block>
<block><region><rect/></region>
<text>
<par/>
</text>
</block>
<block><region><rect/></region>
<text>
<par>
<line>\V.</line></par>
</text>
</block>
<block><region><rect/></region>
<text>
<par>
<line>Longueur voirie : 85 m</line>
<line>largeur voirie : 6m</line>
<line>Coût 22 000 C.T.T.C</line></par>
</text>
</block>
<block><region><rect/></region>
<text>
<par>
<line>ECHELLE 1/1000</line></par>
</text>
</block>
<block><region><rect/></region>
<text>
<par>
<line>Orientations d'Aménagement et de Programmation PLU de la commune de Lentillères - Ardèche</line></par>
</text>
</block>
<block><region><rect/></region>
<text>
<par>
<line>29</line></par>
</text>
</block>





























</page>
</OAP>