<?xml version="1.0" encoding="UTF-8"?><OAP>
<page width="2482" height="3510" resolution="300">
<block><region><rect/><rect/><rect/></region>
<text>
<par/>
</text>
</block>
<block><region><rect/></region>
<text>
<par>
<line>ail</line></par>
</text>
</block>
<block><region><rect/></region>
<text>
<par>
<line>dév£^</line></par>
</text>
</block>
<block><region><rect/></region>
<text>
<par>
<line>lopP’</line></par>
</text>
</block>
<block><region><rect/></region>
<text>
<par/>
</text>
</block>
<block><region><rect/></region>
<text>
<par>
<line>Conseil - Développement - Habitat - Urbanisme</line></par>
<par>
<line>11 rue Pargeas 10000 TROYES Tél ; 03 25 73 39 10 Fax : 03 25 73 37 53</line></par>
<par>
<line>cdhu. 10@wanadoo.fr</line></par>
</text>
</block>
<block><region><rect/></region>
<text>
<par>
<line>FOUCHERES</line></par>
<par>
<line>PLAN LOCAL D’URBANISME</line></par>
</text>
</block>
<block><region><rect/></region>
<text>
<par>
<line>Révision n^1</line></par>
</text>
</block>
<block><region><rect/></region>
<text>
<par>
<line>Orientations d’Amenagement</line></par>
<par>
<line>Document n°4a</line>
<line>Etude d’Entrée de Ville</line></par>
</text>
</block>
<block><region><rect/></region>
<text>
<par>
<line>Arrêté par délibération du Conseil Municipal du</line>
<line>Approuvé par délibération du Conseil Municipal du</line></par>
</text>
</block>
<block><region><rect/></region>
<text>
<par>
<line>/ü</line></par>
</text>
</block>
<block><region><rect/><rect/></region>
<text>
<par/>
</text>
</block>




</page>
<page width="2482" height="3510" resolution="300">
<block><region><rect/></region>
<text>
<par>
<line>art. L. 123-1 al 3 du code de ^Urbanisme : “ ils (Les plans locaux d'ui'banisme)</line>
<line>peuvent , en outre, comporter des orientations d'aménagement relatives à des</line>
<line>quartiers ou à des secteurs à mettre en valeur, réhabiliter, restructurer ou</line>
<line>aménager. Ces orientations peuvent, en cohérence avec le projet</line>
<line>d’aménagement et de développement durable, prévoir les actions et opérations</line>
<line>d’aménagement à mettre en œuvre, notamment pour mettre en valeur</line>
<line>l’environnement, les paysages, les entrées de villes et le patrimoine, lutter</line>
<line>contre l'insalubrité, permettre le renouvellement urbain et assurer le</line>
<line>développement de la commune. Elles peuvent prendre la forme de schémas</line>
<line>d’aménagement et préciser les principales caractéristiques des voies et espaces</line>
<line>publics. ”</line></par>
</text>
</block>
<block><region><rect/></region>
<text>
<par>
<line>Dans le cadre de la présente révision les orientations d’aménagement</line>
<line>comportent deux parties distinctes :</line></par>
<par>
<line>- l’étude d’Entrée de Ville conformément aux dispositions de l’article</line>
<line>L.111-1-4 par rapport à la création de la zone UY le long de la RN 71,</line>
<line>document 4a</line></par>
<par>
<line>- Des propositions d’aménagement pour l’urbanisation future des zones</line>
<line>A U, document 4b</line></par>
<par>
<line>Ces schémas d’aménagement ne sont en aucun cas formels ils ne sont que des</line>
<line>propositions indicatives quant aux possibilités d’urbanisation des zones AU.</line></par>
</text>
</block>





</page>
<page width="2482" height="3510" resolution="300">
<block><region><rect/><rect/></region>
<text>
<par/>
</text>
</block>
<block><region><rect/></region>
<text>
<par>
<line>O</line></par>
</text>
</block>
<block><region><rect/></region>
<text>
<par/>
</text>
</block>
<block><region><rect/></region>
<text>
<par>
<line>Conseil - Développement - Habitat - Urbanisme</line></par>
<par>
<line>11 rue Pargeas 10000 TROYES Té! : 03 25 73 39 10 Fax : 03 25 73 37 53</line></par>
</text>
</block>
<block><region><rect/></region>
<text>
<par>
<line>COMMUNE DE FOUCHERES</line></par>
</text>
</block>



<block blockType="Picture" blockName="" l="1297" t="2075" r="1355" b="2188"><region><rect/></region>
</block>
</page>
<page width="2482" height="3510" resolution="300">
<block><region><rect/></region>
<text>
<par>
<line>Sommaire</line></par>
</text>
</block>
<block><region><rect/></region>
<text>
<par>
<line>Première partie : - Introduction,</line></par>
<par>
<line>- Problématique,</line></par>
<par>
<line>- Objectifs de l’article L.l 11-1-4 du C.U.,</line></par>
</text>
</block>
<block><region><rect/></region>
<text>
<par>
<line>Deuxième partie :</line></par>
</text>
</block>
<block><region><rect/></region>
<text>
<par>
<line>Troisième partie :</line>
<line>Quatrième partie :</line>
<line>Cinquième partie :</line></par>
<par>
<line>zone</line></par>
</text>
</block>
<block><region><rect/></region>
<text>
<par>
<line>- Aspect de l’entrée d’agglomération</line></par>
<par>
<line>- Approche visuelle,</line></par>
<par>
<line>- Trame viaire et limite communale,</line></par>
<par>
<line>• Fouchères ; une agglomération</line>
<line>valoriser,</line></par>
<par>
<line>• Configuration du site,</line></par>
<par>
<line>- Traduction des projets dans le P.L.U</line></par>
<par>
<line>- Eléments pour l’élaboration d’un projet urbain,</line></par>
<par>
<line>- Eléments pour l’établissement de règlement de</line></par>
</text>
</block>
<block><region><rect/></region>
<text>
<par>
<line>Sixième partie : - Conformité des aménagements au regard de</line></par>
<par>
<line>l’article L.l 11-1-4 du Code de l’Urbanisme</line></par>
</text>
</block>

</page>
<page width="2482" height="3510" resolution="300">
<block><region><rect/></region>
<text>
<par>
<line>In traduction</line></par>
</text>
</block>






</page>
<page width="2482" height="3510" resolution="300">
<block><region><rect/></region>
<text>
<par>
<line>Introduction :</line></par>
</text>
</block>
<block><region><rect/></region>
<text>
<par>
<line>La croissance urbaine est un phénomène inéluctable et inexorable.</line>
<line>Autrefois, les villes et villages se formaient et se développaient, avec une</line>
<line>logique d’ensemble et selon un ordre général de composition, qu’on pourrait</line>
<line>appeler ordre géométrique.</line></par>
</text>
</block>
<block><region><rect/></region>
<text>
<par>
<line>Malheureusement, cet ordre a quelquefois disparu, surtout au droit des</line>
<line>entrées de villes, pour laisser place au simple besoin fonctionnel, le plus</line>
<line>souvent dans un but économique, s’affichant de diverses manières. Cet</line>
<line>ordre, nous pourrions l’appeler : ordre arithmétique (ordre de juxtaposition</line>
<line>des éléments, les uns à côté des autres, sans logique de composition</line>
<line>d’ensemble).</line></par>
</text>
</block>
<block><region><rect/></region>
<text>
<par>
<line>Pour éviter que cette croissance ne se fasse de façon incontrôlée et</line>
<line>démesurée, répondant le plus souvent qu’à une logique économique et aux</line>
<line>simples besoins fonctionnels, sans souci d’intégration architecturale, îîî</line>
<line>d’insertion paysagère, le législateur a mis en place un outil juridique de</line>
<line>contrôle et de gestion de cette croissance, qu’est l’article L. 111.1.4 du Code</line>
<line>de l’Urbanisme, appelé communément « L’Amendement DUPONT ».</line></par>
<par>
<line>Depuis l’adoption de cet article, l’établissement de nouvelles constructions</line>
<line>dans les espaces non urbanisés entourant les grandes infrastructures</line>
<line>routières n’est plus autorisé si les collectivités locales ne disposent pas d’un</line>
<line>projet urbain de qualité pour ces lieux.</line></par>
</text>
</block>
<block><region><rect/></region>
<text>
<par>
<line>La réflexion à mener préalablement doit associer, dans un cadre communal, voire</line>
<line>suppracommunal, un souci légitime de développement économique à une</line>
<line>démarche de valorisation du cadre de vie des habitants et des usagers.</line></par>
<par>
<line>Avant de planifier l’aménagement des lieux, un diagnostic préalable guidera la</line>
<line>collectivité dans ses choix d’urbanisation et lui permettra de concevoir un projet</line>
<line>cohérent pour le long terme.</line></par>
<par>
<line>Autour de l’infrastmcture concernée, celui-ci devra répondre à cinq préoccupations</line>
<line>majeures ;</line></par>
</text>
</block>

</page>
<page width="2488" height="3514" resolution="300">
<block><region><rect/></region>
<text>
<par>
<line>- contrôle et limitation des nuisances comme le bmit ou la pollution ;</line>
<line>amélioration de la sécurité routière ;</line></par>
<par>
<line>- valorisation du territoire par des projets d’architecture,</line></par>
<par>
<line>- d’urbanisme</line></par>
<par>
<line>- et de paysage de qualité, soucieux des lieux et économes en espace.</line></par>
</text>
</block>
<block><region><rect/></region>
<text>
<par>
<line>Au terme de la démarche, le projet est retranscrit dans les documents d’urbanisme.</line>
<line>Dans le cas des communes dotées d’un P.L.U., comme FOUCHERES, ses</line>
<line>motivations sont rappelées dans le projet d’aménagement et de développement</line>
<line>durable (PADD) et ses règles particulières sont reprises dans le règlement et dans</line>
<line>les pièces graphiques.</line></par>
</text>
</block>
<block><region><rect/></region>
<text>
<par>
<line>Rappel de VAmendement DUPONT :</line></par>
<par>
<line>Article L, 11 1-1-4 du Code de VUrbanisme:</line></par>
</text>
</block>
<block><region><rect/></region>
<text>
<par>
<line>Un dehors des espaces urbanisés des communes, les constructions ou installations sont interdites</line>
<line>dans une bande de cent métrés de part et d’autres de l’axe des autoroutes, des routes express et des</line>
<line>déviations au sens du code de la voirie routière et de soixante-quine^e mètres de part et d’autre de</line>
<line>l’axe des autres routes classées à grande cirailation.</line></par>
<par>
<line>Cette interdiction ne s’applique pas :</line></par>
<par>
<line>- aux constructions ou installations liées ou nécessaires aux infrastructures routières ;</line></par>
<par>
<line>- aux services publics exigeant la proximité immédiate des infrastructures routières ;</line></par>
<par>
<line>- aux bâtiments d’exploitation agricole ;</line></par>
<par>
<line>- aux réseaux d’intérêt public.</line></par>
<par>
<line>Tille ne s’applique pas dès lors que les règles concernant ces troues, contenues dans le Plan Local</line>
<line>d’urbanisme en tenant lieu, sont justifiées et motivées au regard notamment des nuisances, de la</line>
<line>sécurité, de la qualité architecturale, ainsi que de la qualité de l’urbanisme et des paysages ».</line></par>
</text>
</block>

</page>
<page width="2482" height="3510" resolution="300">
<block><region><rect/></region>
<text>
<par>
<line>PROBLEMA TIQUE :</line></par>
</text>
</block>
<block><region><rect/></region>
<text>
<par>
<line>Le développement urbain de FOUCHERES, a d’abord franchi la limite de la</line>
<line>Seine, créant un second noyau urbain, puis s’est développé le long des axes</line>
<line>de communications.</line></par>
<par>
<line>Pour cela, l’étude d’entrée d’agglomération servira, à la fois à redéfinir le</line>
<line>seuil, par lequel on aborde le territoire, traiter la façade de la RN 71, afin d’y</line>
<line>absorber et d’y rattacher les nouvelles zones à urbaniser, dans le but de créer</line>
<line>une continuité urbaine à l’agglomération.</line></par>
</text>
</block>
<block><region><rect/></region>
<text>
<par>
<line>Ainsi, la révision du PLU de Fouchères, ne saurait être exhaustive et complète sans</line>
<line>une étude d’entrée de vdle au préalable.</line></par>
</text>
</block>
<block><region><rect/></region>
<text>
<par>
<line>FOUCHERES ENTREE</line></par>
</text>
</block>
<block><region><rect/></region>
<text>
<par/>
</text>
</block>
<block><region><rect/></region>
<text>
<par>
<line>D’AGGLOMERATION</line></par>
</text>
</block>
<block><region><rect/></region>
<text>
<par>
<line>Dans le cas de Fouchères, la problématique à poser, est celle du traitement de la</line>
<line>façade urbaine, du déplacement de la limite du bâti et en l’inscrivant dans la</line>
<line>continuité urbaine de l’agglomération.</line></par>
<par>
<line>Il conviendrait donc, de constmire un projet neuf et innovant, qui puisse répondre</line>
<line>aux besoins de ses fonctions, puise ses repères dans le site et s’intégre dans le</line>
<line>paysage.</line></par>
<par>
<line>L’enjeu est doublement important ; car l’entrée d’agglomération est le premier</line>
<line>élément qu’on perçoit en abordant le site et c’est la première image qu’on a d’une</line>
<line>ville Ou d’une ag^omération en y arrivant.</line></par>
<par>
<line>Pour se faire, il serait utile de comprendre le fonctionnement et l’organisation de</line>
<line>l’agglomération Fouchèroise. Ce qui ne pourra s’effectuer, sans un diagnostic</line>
<line>global.</line></par>
</text>
</block>







<block blockType="Picture" blockName="" l="345" t="1483" r="1067" b="2021"><region><rect/></region>
</block>
</page>
<page width="2488" height="3514" resolution="300">
<block><region><rect/></region>
<text>
<par>
<line>#</line></par>
</text>
</block>
<block><region><rect/></region>
<text>
<par>
<line>Objectifs de l’article L-111-1-4 du</line></par>
</text>
</block>
<block><region><rect/><rect/></region>
<text>
<par>
<line>C.U.</line></par>
</text>
</block>
<block><region><rect/></region>
<text>
<par>
<line>1 - Faire de la voie un lieu public :</line></par>
<par>
<line>ne plus la réduire à sa fonction de transit, de desserte ou de vitrine, mais la</line>
<line>considérer comme un espace public.</line></par>
</text>
</block>
<block><region><rect/></region>
<text>
<par>
<line>2- Redonner le goût de 1 ^urbanisme :</line></par>
<par>
<line>- passer de logiques techniques ou commerciales à une démarche</line>
<line>urbanistique, et reconquérir un espace dégradé,</line></par>
<par>
<line>organiser la publicité,</line></par>
<par>
<line>- renforcer l’intercommunalité dans les réflexions d’aménagement.</line></par>
<par>
<line>3- Continuer la ville :</line></par>
<par>
<line>Ces espaces sont indissociables de la ville à laquelle ils doivent se raccorder et</line>
<line>participer ;</line></par>
<par>
<line>- en développant la mixité des fonctions urbaines et assurer ainsi un équilibre</line>
<line>centre / périphérie,</line></par>
<par>
<line>- en prévoyant des connexions avec les autres zones de l’agglomération afin</line>
<line>de garantir une continuité, sans mpture du tissu urbain,</line></par>
<par>
<line>en mettant en place une logique cohérente de desserte.</line></par>
</text>
</block>
</page>
<page width="2491" height="3516" resolution="300">
<block><region><rect/></region>
<text>
<par>
<line>SECTEUR ETUDIE :</line></par>
</text>
</block>
<block><region><rect/></region>
<text>
<par>
<line>Le secteur concerné par l’étude d’entrée d’agglomération est le terrain longeant la</line>
<line>RN 77 et situé entre cette dernière et le secteur des vergers. Il s’agira de donner de</line>
<line>l’épaisseur à rurbanisation et ainsi, de traiter son image à travers ses façades dans le</line>
<line>cadre d’un aménagement global et dans le respect des critères fixés par l’article</line>
<line>L. 111-1-4 du Code de l’Urbanisme.</line></par>
</text>
</block>
<block><region><rect/></region>
<text>
<par/>
</text>
</block>
<block><region><rect/></region>
<text>
<par/>
</text>
</block>
<block><region><rect/></region>
<text>
<par/>
</text>
</block>
<block><region><rect/></region>
<text>
<par/>
</text>
</block>
<block><region><rect/></region>
<text>
<par>
<line>JUSTIFICATIF:</line></par>
</text>
</block>
<block><region><rect/></region>
<text>
<par>
<line>Les terrains à aménager sont situés le log de la RN 71, (voie classée à grande</line>
<line>circulation), à l’extérieur des espaces actuellement urbanisés.</line></par>
</text>
</block>
<block><region><rect/></region>
<text>
<par>
<line>L’ouverture à l’urbanisation de ces terrains ne pourra s’effectuer au regard de</line>
<line>l’article L-111.1.4 du Code de l’Urbanisme sans une étude au préalable tenant</line>
<line>compte des aspects suivants :</line></par>
<par>
<line>- Nuisances ,</line></par>
<par>
<line>- Sécurité,</line></par>
<par>
<line>- Urbanisme,</line></par>
<par>
<line>- Paysage,</line></par>
<par>
<line>- Architecture</line></par>
</text>
</block>








</page>
<page width="2482" height="3510" resolution="300">
<block><region><rect/></region>
<text>
<par>
<line>Aspect de</line>
<line>Ventrée agglomération</line></par>
</text>
</block>




</page>
<page width="2488" height="3515" resolution="300">
<block><region><rect/></region>
<text>
<par>
<line>APPROCHE VISUELLE :</line></par>
</text>
</block>
<block><region><rect/></region>
<text>
<par/>
</text>
</block>
<block><region><rect/></region>
<text>
<par>
<line>&gt;Sr-</line></par>
</text>
</block>
<block><region><rect/></region>
<text>
<par/>
</text>
</block>
<block><region><rect/></region>
<text>
<par/>
</text>
</block>
<block><region><rect/></region>
<text>
<par/>
</text>
</block>
<block><region><rect/></region>
<text>
<par>
<line>L</line></par>
</text>
</block>
<block><region><rect/></region>
<text>
<par/>
</text>
</block>
<block><region><rect/></region>
<text>
<par/>
</text>
</block>
<block><region><rect/></region>
<text>
<par/>
</text>
</block>
<block><region><rect/></region>
<text>
<par/>
</text>
</block>
<block><region><rect/></region>
<text>
<par/>
</text>
</block>
<block><region><rect/></region>
<text>
<par>
<line>(i'i.¥</line></par>
</text>
</block>
<block><region><rect/></region>
<text>
<par>
<line>t£4b</line></par>
</text>
</block>
<block><region><rect/></region>
<text>
<par>
<line>tv-</line></par>
</text>
</block>
<block><region><rect/></region>
<text>
<par>
<line>L’approche visuelle de ragglomération est différente selon l’endroit où l’on se</line>
<line>positionne ou le côté par lequel on l’aborde. La lecture est parfois interrompue par</line>
<line>une bande de boisement ou même une discontinuité dans le bâti.</line></par>
</text>
</block>
<block><region><rect/></region>
<text>
<par>
<line>rB-- :s</line></par>
</text>
</block>
<block><region><rect/><rect/></region>
<text>
<par/>
</text>
</block>
<block><region><rect/></region>
<text>
<par/>
</text>
</block>
<block><region><rect/></region>
<text>
<par/>
</text>
</block>
<block><region><rect/></region>
<text>
<par/>
</text>
</block>
<block><region><rect/></region>
<text>
<par/>
</text>
</block>
<block><region><rect/></region>
<text>
<par/>
</text>
</block>
<block><region><rect/></region>
<text>
<par/>
</text>
</block>
<block><region><rect/></region>
<text>
<par/>
</text>
</block>
<block><region><rect/></region>
<text>
<par/>
</text>
</block>
<block><region><rect/></region>
<text>
<par>
<line>A partir de la RD 81, on voit le bâti suivre la ligne d’intersection entre les terres</line>
<line>plates cultivées avec les premières progressions du relief U est parfaitement</line>
<line>intégré dans le paysage.</line></par>
</text>
</block>













<block blockType="Picture" blockName="" l="1329" t="1052" r="1419" b="1119"><region><rect/></region>
</block>
<block blockType="Picture" blockName="" l="560" t="1009" r="634" b="1075"><region><rect/></region>
</block>
</page>
<page width="2490" height="3516" resolution="300">
<block><region><rect/></region>
<text>
<par>
<line>» «4</line></par>
</text>
</block>
<block><region><rect/></region>
<text>
<par>
<line>Entrée Nord de l’agglomération de FOUCHERES. En arrivant de Courtenot</line>
<line>par la RD 81. L’urbanisation est entourée au Sud par les reliefs boisés, et au Nord</line>
<line>par une large zone naturelle.</line></par>
</text>
</block>
<block><region><rect/></region>
<text>
<par/>
</text>
</block>
<block><region><rect/></region>
<text>
<par/>
</text>
</block>
<block><region><rect/></region>
<text>
<par/>
</text>
</block>
<block><region><rect/></region>
<text>
<par/>
</text>
</block>
<block><region><rect/></region>
<text>
<par>
<line>zxx</line></par>
</text>
</block>
<block><region><rect/></region>
<text>
<par>
<line>w</line></par>
</text>
</block>
<block><region><rect/></region>
<text>
<par/>
</text>
</block>
<block><region><rect/></region>
<text>
<par/>
</text>
</block>
<block><region><rect/></region>
<text>
<par/>
</text>
</block>
<block><region><rect/></region>
<text>
<par>
<line>-.V'J</line></par>
</text>
</block>
<block><region><rect/></region>
<text>
<par/>
</text>
</block>
<block><region><rect/></region>
<text>
<par/>
</text>
</block>
<block><region><rect/></region>
<text>
<par/>
</text>
</block>
<block><region><rect/></region>
<text>
<par/>
</text>
</block>
<block><region><rect/></region>
<text>
<par/>
</text>
</block>
<block><region><rect/></region>
<text>
<par/>
</text>
</block>
<block><region><rect/><rect/><rect/><rect/></region>
<text>
<par/>
</text>
</block>
<block><region><rect/></region>
<text>
<par>
<line>Entrée Est de l’agglomération de FOUCHERES. En arrivant de Troyes par la</line>
<line>RN 71. L’urbanisation est intégrée dans une ceinture boisée qu’on perçoit en</line>
<line>arrivant et l’accès est canalisé par l’alignement d’arbres de part et d’autre de la</line>
<line>nationale.</line></par>
</text>
</block>
<block><region><rect/></region>
<text>
<par/>
</text>
</block>
<block><region><rect/></region>
<text>
<par>
<line>fr</line></par>
</text>
</block>
<block><region><rect/></region>
<text>
<par/>
</text>
</block>
<block><region><rect/></region>
<text>
<par/>
</text>
</block>
<block><region><rect/></region>
<text>
<par/>
</text>
</block>
<block><region><rect/></region>
<text>
<par>
<line>&lt;f. fi</line></par>
</text>
</block>
<block><region><rect/></region>
<text>
<par>
<line>rrvV</line></par>
</text>
</block>
<block><region><rect/></region>
<text>
<par/>
</text>
</block>
<block><region><rect/></region>
<text>
<par/>
</text>
</block>
<block><region><rect/></region>
<text>
<par/>
</text>
</block>
<block><region><rect/></region>
<text>
<par/>
</text>
</block>
<block><region><rect/></region>
<text>
<par/>
</text>
</block>
<block><region><rect/></region>
<text>
<par/>
</text>
</block>



















<block blockType="Picture" blockName="" l="264" t="698" r="2175" b="1461"><region><rect/></region>
</block>
</page>
<page width="2482" height="3510" resolution="300">
<block><region><rect/></region>
<text>
<par>
<line>i</line></par>
</text>
</block>
<block><region><rect/></region>
<text>
<par>
<line>Entrée Ouest de l’agglomération de FOUCHERES. En arrivant de Bar-Sur-</line>
<line>Seine, Turbanisation s’est développée en deux pôles de part et d’autre de la Seine,</line>
<line>ainsi le long des deux axes principaux, notamment le long de la RN 71 et de la RD</line></par>
</text>
</block>
<block><region><rect/></region>
<text>
<par/>
</text>
</block>
<block><region><rect/></region>
<text>
<par/>
</text>
</block>
<block><region><rect/></region>
<text>
<par/>
</text>
</block>
<block><region><rect/></region>
<text>
<par/>
</text>
</block>
<block><region><rect/></region>
<text>
<par>
<line>«</line></par>
</text>
</block>
<block><region><rect/></region>
<text>
<par/>
</text>
</block>
<block><region><rect/></region>
<text>
<par/>
</text>
</block>
<block><region><rect/></region>
<text>
<par/>
</text>
</block>
<block><region><rect/></region>
<text>
<par/>
</text>
</block>
<block><region><rect/></region>
<text>
<par/>
</text>
</block>
<block><region><rect/></region>
<text>
<par/>
</text>
</block>
<block><region><rect/></region>
<text>
<par>
<line>ObS</line></par>
</text>
</block>
<block><region><rect/></region>
<text>
<par>
<line>Entrée Sud de l’agglomération de FOUCHERES. Le village est perceptible de</line>
<line>loin en arrivant par le sud en venant de Lantages, formant une ligne d’intersection</line>
<line>entre les terres plates crayeuses avec les premières inflexions du relief.</line></par>
</text>
</block>













<block blockType="Picture" blockName="" l="256" t="1876" r="2191" b="2544"><region><rect/></region>
</block>
</page>
<page width="2494" height="3518" resolution="300">
<block><region><rect/></region>
<text>
<par>
<line>Trame viaire et limite communale</line></par>
</text>
</block>
<block><region><rect/></region>
<text>
<par>
<line>i*</line></par>
</text>
</block>
<block><region><rect/></region>
<text>
<par>
<line>La commune de Fouchères est constituée par un réseau viaire important qui</line>
<line>étoffe le territoire, dessert le terroir et la relie airx autres territoires.</line></par>
<par>
<line>Ce réseau est composé de voiries principales et secondaires, s’appuyant sur la</line>
<line>topographie, et les éléments naturels qui le prédispose, ainsi que les sentiers et</line>
<line>chemins déjà existants du fait de l’intervention de l’homme.</line></par>
<par>
<line>Cette trame viaire est organisée dans le sens parallèle et perpendiculaire aux cours</line>
<line>d’eaux et vallées, ainsi que sur les traces de l’ancienne voie romaine.</line></par>
</text>
</block>
<block><region><rect/><rect/><rect/></region>
<text>
<par>
<line>éx. • ï vp -V-..-ÿ':'/</line></par>
</text>
</block>
<block><region><rect/></region>
<text>
<par/>
</text>
</block>
<block><region><rect/></region>
<text>
<par/>
</text>
</block>
<block><region><rect/></region>
<text>
<par>
<line>y •</line></par>
</text>
</block>
<block><region><rect/></region>
<text>
<par/>
</text>
</block>
<block><region><rect/></region>
<text>
<par>
<line>srWJts</line></par>
</text>
</block>
<block><region><rect/></region>
<text>
<par>
<line>V</line></par>
</text>
</block>
<block><region><rect/></region>
<text>
<par/>
</text>
</block>
<block><region><rect/></region>
<text>
<par/>
</text>
</block>
<block><region><rect/></region>
<text>
<par>
<line>X</line></par>
</text>
</block>
<block><region><rect/></region>
<text>
<par>
<line>&gt;</line></par>
</text>
</block>
<block><region><rect/></region>
<text>
<par/>
</text>
</block>
<block><region><rect/></region>
<text>
<par/>
</text>
</block>
<block><region><rect/></region>
<text>
<par/>
</text>
</block>
<block><region><rect/></region>
<text>
<par/>
</text>
</block>
<block><region><rect/></region>
<text>
<par/>
</text>
</block>
<block><region><rect/></region>
<text>
<par>
<line>1</line></par>
</text>
</block>
<block><region><rect/></region>
<text>
<par/>
</text>
</block>
<block><region><rect/></region>
<text>
<par/>
</text>
</block>
<block><region><rect/></region>
<text>
<par/>
</text>
</block>
<block><region><rect/></region>
<text>
<par/>
</text>
</block>
<block><region><rect/></region>
<text>
<par/>
</text>
</block>
<block><region><rect/></region>
<text>
<par/>
</text>
</block>
<block><region><rect/></region>
<text>
<par/>
</text>
</block>
<block><region><rect/></region>
<text>
<par/>
</text>
</block>
<block><region><rect/></region>
<text>
<par/>
</text>
</block>
<block><region><rect/></region>
<text>
<par>
<line>uttf</line></par>
</text>
</block>
<block><region><rect/></region>
<text>
<par/>
</text>
</block>
<block><region><rect/></region>
<text>
<par/>
</text>
</block>
<block><region><rect/></region>
<text>
<par/>
</text>
</block>
<block><region><rect/></region>
<text>
<par/>
</text>
</block>
<block><region><rect/></region>
<text>
<par>
<line>I^WMi</line></par>
</text>
</block>
<block><region><rect/></region>
<text>
<par/>
</text>
</block>
<block><region><rect/></region>
<text>
<par/>
</text>
</block>
<block><region><rect/></region>
<text>
<par>
<line>*</line></par>
</text>
</block>
<block><region><rect/></region>
<text>
<par>
<line>«•»X</line></par>
</text>
</block>
<block><region><rect/></region>
<text>
<par/>
</text>
</block>
<block><region><rect/></region>
<text>
<par>
<line>/</line></par>
</text>
</block>
<block><region><rect/></region>
<text>
<par>
<line>A</line></par>
</text>
</block>
<block><region><rect/></region>
<text>
<par/>
</text>
</block>
<block><region><rect/></region>
<text>
<par/>
</text>
</block>
<block><region><rect/></region>
<text>
<par/>
</text>
</block>
<block><region><rect/></region>
<text>
<par>
<line>A</line></par>
</text>
</block>
<block><region><rect/></region>
<text>
<par/>
</text>
</block>
<block><region><rect/></region>
<text>
<par/>
</text>
</block>
<block><region><rect/></region>
<text>
<par/>
</text>
</block>
<block><region><rect/></region>
<text>
<par>
<line>I*</line></par>
</text>
</block>
<block><region><rect/></region>
<text>
<par/>
</text>
</block>
<block><region><rect/></region>
<text>
<par/>
</text>
</block>
<block><region><rect/></region>
<text>
<par/>
</text>
</block>
<block><region><rect/></region>
<text>
<par>
<line>y«taTË^</line></par>
</text>
</block>
<block><region><rect/></region>
<text>
<par/>
</text>
</block>
<block><region><rect/></region>
<text>
<par>
<line>um</line></par>
</text>
</block>
<block><region><rect/></region>
<text>
<par/>
</text>
</block>
<block><region><rect/></region>
<text>
<par/>
</text>
</block>
<block><region><rect/></region>
<text>
<par/>
</text>
</block>
<block><region><rect/></region>
<text>
<par/>
</text>
</block>
<block><region><rect/></region>
<text>
<par>
<line>i</line></par>
</text>
</block>
<block><region><rect/></region>
<text>
<par>
<line>1</line></par>
</text>
</block>
<block><region><rect/></region>
<text>
<par/>
</text>
</block>
<block><region><rect/></region>
<text>
<par/>
</text>
</block>
<block><region><rect/></region>
<text>
<par>
<line>y</line></par>
</text>
</block>
<block><region><rect/></region>
<text>
<par>
<line>Mrts</line></par>
</text>
</block>
<block><region><rect/></region>
<text>
<par>
<line>K</line></par>
</text>
</block>
<block><region><rect/></region>
<text>
<par>
<line>r.'ï.</line></par>
</text>
</block>
<block><region><rect/></region>
<text>
<par>
<line>Ri^GUrt ;</line></par>
</text>
</block>
<block><region><rect/></region>
<text>
<par>
<line>CmKttMt</line></par>
</text>
</block>
<block><region><rect/></region>
<text>
<par/>
</text>
</block>
<block><region><rect/></region>
<text>
<par/>
</text>
</block>
<block><region><rect/></region>
<text>
<par>
<line>2!^</line></par>
</text>
</block>
<block><region><rect/></region>
<text>
<par/>
</text>
</block>
<block><region><rect/></region>
<text>
<par>
<line>Ver»</line></par>
</text>
</block>
<block><region><rect/></region>
<text>
<par>
<line>smdes</line></par>
</text>
</block>
<block><region><rect/></region>
<text>
<par/>
</text>
</block>
<block><region><rect/></region>
<text>
<par/>
</text>
</block>
<block><region><rect/></region>
<text>
<par/>
</text>
</block>
<block><region><rect/></region>
<text>
<par>
<line>r</line></par>
</text>
</block>
<block><region><rect/></region>
<text>
<par/>
</text>
</block>
<block><region><rect/></region>
<text>
<par/>
</text>
</block>
<block><region><rect/></region>
<text>
<par/>
</text>
</block>
<block><region><rect/></region>
<text>
<par/>
</text>
</block>
<block><region><rect/></region>
<text>
<par/>
</text>
</block>
<block><region><rect/></region>
<text>
<par/>
</text>
</block>
<block><region><rect/></region>
<text>
<par>
<line>5S^</line></par>
</text>
</block>
<block><region><rect/></region>
<text>
<par>
<line>•jsr-</line></par>
</text>
</block>
<block><region><rect/></region>
<text>
<par/>
</text>
</block>
<block><region><rect/></region>
<text>
<par>
<line>ëtt</line></par>
</text>
</block>
<block><region><rect/></region>
<text>
<par/>
</text>
</block>
<block><region><rect/></region>
<text>
<par/>
</text>
</block>
<block><region><rect/></region>
<text>
<par/>
</text>
</block>
<block><region><rect/></region>
<text>
<par/>
</text>
</block>
<block><region><rect/></region>
<text>
<par>
<line>rt!</line></par>
</text>
</block>
<block><region><rect/></region>
<text>
<par/>
</text>
</block>
<block><region><rect/></region>
<text>
<par/>
</text>
</block>
<block><region><rect/></region>
<text>
<par>
<line>%</line></par>
</text>
</block>
<block><region><rect/></region>
<text>
<par/>
</text>
</block>
<block><region><rect/></region>
<text>
<par/>
</text>
</block>
<block><region><rect/></region>
<text>
<par/>
</text>
</block>
<block><region><rect/></region>
<text>
<par/>
</text>
</block>
<block><region><rect/></region>
<text>
<par/>
</text>
</block>
<block><region><rect/></region>
<text>
<par/>
</text>
</block>
<block><region><rect/></region>
<text>
<par>
<line>&gt;•••«</line></par>
</text>
</block>
<block><region><rect/></region>
<text>
<par>
<line>&gt;v</line></par>
</text>
</block>
<block><region><rect/></region>
<text>
<par/>
</text>
</block>
<block><region><rect/></region>
<text>
<par>
<line>l</line></par>
</text>
</block>
<block><region><rect/></region>
<text>
<par>
<line>9-1</line></par>
</text>
</block>
<block><region><rect/></region>
<text>
<par>
<line>-.'T”</line></par>
</text>
</block>
<block><region><rect/></region>
<text>
<par>
<line>r;</line></par>
</text>
</block>
<block><region><rect/></region>
<text>
<par>
<line>IK</line></par>
</text>
</block>
<block><region><rect/></region>
<text>
<par/>
</text>
</block>
<block><region><rect/></region>
<text>
<par/>
</text>
</block>
<block><region><rect/></region>
<text>
<par/>
</text>
</block>
<block><region><rect/></region>
<text>
<par>
<line>/t’</line></par>
</text>
</block>
<block><region><rect/></region>
<text>
<par/>
</text>
</block>
<block><region><rect/></region>
<text>
<par>
<line>i</line></par>
</text>
</block>
<block><region><rect/></region>
<text>
<par/>
</text>
</block>
<block><region><rect/></region>
<text>
<par/>
</text>
</block>
<block><region><rect/></region>
<text>
<par/>
</text>
</block>
<block><region><rect/></region>
<text>
<par/>
</text>
</block>
<block><region><rect/></region>
<text>
<par/>
</text>
</block>
<block><region><rect/></region>
<text>
<par/>
</text>
</block>
<block><region><rect/></region>
<text>
<par/>
</text>
</block>
<block><region><rect/></region>
<text>
<par>
<line>y"</line></par>
</text>
</block>
<block><region><rect/></region>
<text>
<par/>
</text>
</block>
<block><region><rect/></region>
<text>
<par/>
</text>
</block>
<block><region><rect/></region>
<text>
<par/>
</text>
</block>
<block><region><rect/></region>
<text>
<par>
<line>1</line></par>
</text>
</block>
<block><region><rect/></region>
<text>
<par/>
</text>
</block>
<block><region><rect/></region>
<text>
<par/>
</text>
</block>
<block><region><rect/></region>
<text>
<par/>
</text>
</block>
<block><region><rect/></region>
<text>
<par/>
</text>
</block>
<block><region><rect/></region>
<text>
<par>
<line>'r^</line></par>
</text>
</block>
<block><region><rect/></region>
<text>
<par>
<line>Vf</line></par>
</text>
</block>
<block><region><rect/></region>
<text>
<par/>
</text>
</block>
<block><region><rect/></region>
<text>
<par/>
</text>
</block>
<block><region><rect/></region>
<text>
<par>
<line>s.</line></par>
</text>
</block>
<block><region><rect/></region>
<text>
<par/>
</text>
</block>
<block><region><rect/></region>
<text>
<par>
<line>-H</line></par>
</text>
</block>
<block><region><rect/></region>
<text>
<par/>
</text>
</block>
<block><region><rect/></region>
<text>
<par/>
</text>
</block>
<block><region><rect/></region>
<text>
<par/>
</text>
</block>
<block><region><rect/></region>
<text>
<par/>
</text>
</block>
<block><region><rect/></region>
<text>
<par>
<line>T</line></par>
</text>
</block>
<block><region><rect/></region>
<text>
<par/>
</text>
</block>
<block><region><rect/></region>
<text>
<par/>
</text>
</block>




<block blockType="Picture" blockName="" l="1726" t="2233" r="1845" b="2278"><region><rect/></region>
</block>
</page>
<page width="2491" height="3516" resolution="300">
<block><region><rect/></region>
<text>
<par>
<line>Configuration du site :</line></par>
</text>
</block>
<block><region><rect/></region>
<text>
<par>
<line>V</line></par>
</text>
</block>
<block><region><rect/></region>
<text>
<par>
<line>Na</line></par>
</text>
</block>
<block><region><rect/></region>
<text>
<par/>
</text>
</block>
<block><region><rect/></region>
<text>
<par/>
</text>
</block>
<block><region><rect/></region>
<text>
<par/>
</text>
</block>
<block><region><rect/></region>
<text>
<par/>
</text>
</block>
<block><region><rect/></region>
<text>
<par/>
</text>
</block>
<block><region><rect/></region>
<text>
<par>
<line>m</line></par>
</text>
</block>
<block><region><rect/></region>
<text>
<par/>
</text>
</block>
<block><region><rect/></region>
<text>
<par>
<line>r</line></par>
</text>
</block>
<block><region><rect/></region>
<text>
<par/>
</text>
</block>
<block><region><rect/></region>
<text>
<par/>
</text>
</block>
<block><region><rect/></region>
<text>
<par>
<line>1</line></par>
</text>
</block>
<block><region><rect/></region>
<text>
<par/>
</text>
</block>
<block><region><rect/></region>
<text>
<par/>
</text>
</block>
<block><region><rect/></region>
<text>
<par/>
</text>
</block>
<block><region><rect/></region>
<text>
<par>
<line>K</line></par>
</text>
</block>
<block><region><rect/></region>
<text>
<par/>
</text>
</block>
<block><region><rect/></region>
<text>
<par>
<line>V</line></par>
</text>
</block>
<block><region><rect/></region>
<text>
<par>
<line>«sS</line></par>
</text>
</block>
<block><region><rect/></region>
<text>
<par/>
</text>
</block>
<block><region><rect/></region>
<text>
<par/>
</text>
</block>
<block><region><rect/></region>
<text>
<par/>
</text>
</block>
<block><region><rect/></region>
<text>
<par/>
</text>
</block>
<block><region><rect/></region>
<text>
<par/>
</text>
</block>
<block><region><rect/></region>
<text>
<par>
<line>V</line></par>
</text>
</block>
<block><region><rect/></region>
<text>
<par/>
</text>
</block>
<block><region><rect/></region>
<text>
<par>
<line>Â</line></par>
</text>
</block>
<block><region><rect/></region>
<text>
<par/>
</text>
</block>
<block><region><rect/></region>
<text>
<par>
<line>fr</line></par>
</text>
</block>
<block><region><rect/></region>
<text>
<par>
<line>'■M:</line></par>
</text>
</block>
<block><region><rect/></region>
<text>
<par>
<line>IL</line></par>
</text>
</block>
<block><region><rect/></region>
<text>
<par/>
</text>
</block>
<block><region><rect/></region>
<text>
<par>
<line>St|.7&lt;</line></par>
</text>
</block>
<block><region><rect/></region>
<text>
<par/>
</text>
</block>
<block><region><rect/></region>
<text>
<par/>
</text>
</block>
<block><region><rect/></region>
<text>
<par>
<line>KUa</line></par>
</text>
</block>
<block><region><rect/></region>
<text>
<par/>
</text>
</block>
<block><region><rect/></region>
<text>
<par>
<line>/«»</line></par>
</text>
</block>
<block><region><rect/></region>
<text>
<par/>
</text>
</block>
<block><region><rect/></region>
<text>
<par>
<line>n</line></par>
</text>
</block>
<block><region><rect/></region>
<text>
<par>
<line>AW</line></par>
</text>
</block>
<block><region><rect/></region>
<text>
<par/>
</text>
</block>
<block><region><rect/></region>
<text>
<par>
<line>C.AOi»</line></par>
</text>
</block>
<block><region><rect/></region>
<text>
<par>
<line>X</line></par>
</text>
</block>
<block><region><rect/></region>
<text>
<par/>
</text>
</block>
<block><region><rect/></region>
<text>
<par>
<line>Ïf/Th^^ ! / h</line></par>
</text>
</block>
<block><region><rect/></region>
<text>
<par/>
</text>
</block>
<block><region><rect/></region>
<text>
<par/>
</text>
</block>
<block><region><rect/></region>
<text>
<par>
<line>f N</line></par>
</text>
</block>
<block><region><rect/></region>
<text>
<par/>
</text>
</block>
<block><region><rect/></region>
<text>
<par>
<line>Conformément à Tarticle L. 111-1-4 du Code de TUrbanisme, la réalisation d’un</line>
<line>schéma d’aménagement a permis d’envisager une organisation urbaine globale et</line>
<line>cohérente du tissu urbain amené à se constituer autour de la RN 71. en définissant</line>
<line>un traitement de la façade urbaine.</line></par>
<par>
<line>Ce projet prend en compte les bâtiments d’activités artisanales existants, ainsi que</line>
<line>l’implantation d’activités futures.</line></par>
<par>
<line>Dans les documents graphiques du PLU, elle se traduit par la création d’une zone</line>
<line>UY (d’une superficie de 3,15 hectares), réservé aux activités peu nuisantes. Pour</line>
<line>cela, l’ouverture de ces terrains à l’urbanisation et la transcription réglementaire du</line>
<line>projet urbain, devra nécessairement prendre en compte les cinq critères énoncés</line>
<line>par la loi ; sécurité, nuisances, qualité de l’architecture, qualité de l’urbanisme et des</line>
<line>paysages.</line></par>
</text>
</block>















</page>
<page width="2493" height="3518" resolution="300">
<block><region><rect/></region>
<text>
<par>
<line>Traduction des projets</line></par>
<par>
<line>dans le PLU</line></par>
</text>
</block>








</page>
<page width="2494" height="3518" resolution="300">
<block><region><rect/></region>
<text>
<par>
<line>Zone UY:</line></par>
</text>
</block>
<block><region><rect/></region>
<text>
<par>
<line>Conformément à l’article L. 111.1.4 du code de Turbanisme, la réalisation d’un</line>
<line>schéma d’aménagement a permis d’envisager une organisation urbaine et cohérente,</line>
<line>pour l’ensemble de la zone à urbaniser.</line></par>
<par>
<line>Ce projet prévoit les dispositions à respecter, notamment les accès à prévoir ou à</line>
<line>stmcturer, le mode d’implantation, les reculs et les plantations.</line></par>
<par>
<line>Ainsi, dans les documents graphiques du PLU, elle se traduit par l’organisation de</line>
<line>la zone d’activité agricole déjà existante et éventuellement de permettre d’en</line>
<line>accueillir d’autres.</line></par>
</text>
</block>
<block><region><rect/></region>
<text>
<par/>
</text>
</block>
<block><region><rect/></region>
<text>
<par>
<line>O</line></par>
</text>
</block>
<block><region><rect/></region>
<text>
<par>
<line>G</line></par>
</text>
</block>
<block><region><rect/></region>
<text>
<par/>
</text>
</block>
<block><region><rect/></region>
<text>
<par>
<line>0</line></par>
</text>
</block>
<block><region><rect/></region>
<text>
<par>
<line>3,15 ha</line></par>
<par>
<line>- Mfe.</line></par>
</text>
</block>
<block><region><rect/></region>
<text>
<par/>
</text>
</block>
<block><region><rect/></region>
<text>
<par/>
</text>
</block>
<block><region><rect/></region>
<text>
<par>
<line>Il</line></par>
</text>
</block>
<block><region><rect/></region>
<text>
<par>
<line>N</line></par>
</text>
</block>
<block><region><rect/></region>
<text>
<par>
<line>Q</line></par>
</text>
</block>
<block><region><rect/></region>
<text>
<par>
<line>no</line></par>
</text>
</block>
<block><region><rect/></region>
<text>
<par/>
</text>
</block>
<block><region><rect/></region>
<text>
<par>
<line>Q</line></par>
</text>
</block>
<block><region><rect/></region>
<text>
<par/>
</text>
</block>
<block><region><rect/></region>
<text>
<par>
<line>s;</line></par>
</text>
</block>
<block><region><rect/></region>
<text>
<par/>
</text>
</block>
<block><region><rect/></region>
<text>
<par/>
</text>
</block>
<block><region><rect/></region>
<text>
<par/>
</text>
</block>
<block><region><rect/></region>
<text>
<par>
<line>i UfL « « »</line></par>
</text>
</block>
<block><region><rect/></region>
<text>
<par/>
</text>
</block>
<block><region><rect/></region>
<text>
<par/>
</text>
</block>
<block><region><rect/></region>
<text>
<par>
<line>%</line></par>
</text>
</block>
<block><region><rect/></region>
<text>
<par/>
</text>
</block>















</page>
<page width="2498" height="3522" resolution="300">
<block><region><rect/><rect/></region>
<text>
<par>
<line>Schéma aménagement :</line></par>
<par>
<line>Lt FSntEOTTE ^ ^</line></par>
</text>
</block>
<block><region><rect/></region>
<text>
<par>
<line>T Ff:FMr»F •</line></par>
<par>
<line>Site à aménager</line>
<line>Entrée d’agglomération</line></par>
</text>
</block>
<block><region><rect/></region>
<text>
<par>
<line>Princioes d amenafirement</line></par>
</text>
</block>
<block><region><rect/></region>
<text>
<par>
<line>Croisement</line></par>
<par>
<line>principal</line></par>
</text>
</block>
<block><region><rect/></region>
<text>
<par>
<line>O</line></par>
</text>
</block>
<block><region><rect/></region>
<text>
<par>
<line>CS</line></par>
</text>
</block>
<block><region><rect/></region>
<text>
<par>
<line>P</line></par>
</text>
</block>
<block><region><rect/></region>
<text>
<par>
<line>Croisement</line></par>
<par>
<line>secondair</line></par>
<par>
<line>Entrée du site</line></par>
</text>
</block>
<block><region><rect/></region>
<text>
<par>
<line>O</line></par>
</text>
</block>
<block><region><rect/></region>
<text>
<par>
<line>O</line></par>
</text>
</block>
<block><region><rect/></region>
<text>
<par>
<line>C?</line></par>
</text>
</block>
<block><region><rect/></region>
<text>
<par>
<line>Voine prmcipale</line></par>
<par>
<line>Voirie secondaire</line>
<line>Chemin existant</line>
<line>Voirie interne à créer</line></par>
</text>
</block>
<block><region><rect/></region>
<text>
<par/>
</text>
</block>
<block><region><rect/></region>
<text>
<par/>
</text>
</block>
<block><region><rect/></region>
<text>
<par>
<line>O</line></par>
</text>
</block>
<block><region><rect/></region>
<text>
<par/>
</text>
</block>
<block><region><rect/></region>
<text>
<par/>
</text>
</block>
<block><region><rect/></region>
<text>
<par/>
</text>
</block>
<block><region><rect/></region>
<text>
<par/>
</text>
</block>
<block><region><rect/></region>
<text>
<par>
<line>□</line></par>
</text>
</block>
<block><region><rect/></region>
<text>
<par>
<line>&lt;5</line></par>
</text>
</block>
<block><region><rect/></region>
<text>
<par>
<line>O</line></par>
</text>
</block>
<block><region><rect/></region>
<text>
<par>
<line>0</line></par>
</text>
</block>
<block><region><rect/></region>
<text>
<par/>
</text>
</block>
<block><region><rect/></region>
<text>
<par/>
</text>
</block>
<block><region><rect/></region>
<text>
<par>
<line>ày</line></par>
</text>
</block>
<block><region><rect/></region>
<text>
<par>
<line>SS</line></par>
</text>
</block>
<block><region><rect/></region>
<text>
<par>
<line>-O</line></par>
</text>
</block>
<block><region><rect/></region>
<text>
<par>
<line>cy</line></par>
</text>
</block>
<block><region><rect/></region>
<text>
<par/>
</text>
</block>
<block><region><rect/></region>
<text>
<par>
<line>O</line></par>
</text>
</block>
<block><region><rect/></region>
<text>
<par/>
</text>
</block>
<block><region><rect/></region>
<text>
<par>
<line>O</line></par>
</text>
</block>
<block><region><rect/></region>
<text>
<par/>
</text>
</block>
<block><region><rect/></region>
<text>
<par>
<line>Le schéma d’aménagement prévoit :</line></par>
</text>
</block>
<block><region><rect/></region>
<text>
<par>
<line>- l’appui du zonage sur les routes et chemins existants, RN 71 et RD 81, ainsi que</line>
<line>le chemin communal dit du canal. Ce dernier est relié au chemin d’exploitation</line>
<line>n°16 dit "des Commottes", et ce pour favoriser la cohésion de la zone. A partir</line>
<line>du chemin mral, on pourra s’appuyer sur l’existant pour créer une voirie de</line>
<line>desserte interne à la nouvelle zone d’activité.</line></par>
</text>
</block>
<block><region><rect/></region>
<text>
<par>
<line>- La voirie interne à créer longerait le chemin d’exploitation existant et</line>
<line>desservirait les parcelles privées à l’intérieur de la zone d’activité. Ceci, en</line>
<line>veillant à bien matérialiser l’entrée et la sortie.</line></par>
<par>
<line>Cet aménagement permettra de mettre en scène les bâtiments d’activités,</line>
<line>notamment, exposer les façades de bureaux, du côté de la RN 71, ainsi que du</line>
<line>côté de l’entrée principale de la zone d’activité.</line></par>
<par>
<line>- Il sera pour cela nécessaire de prévoir des reculs et alignements du bâti par</line>
<line>rapport à la voirie, avec la limitation de hauteur.</line></par>
<par>
<line>- Le tracé de la voirie interne à la zone, avec la manière de mailler le territoire,</line>
<line>laisse une certaine marge de liberté aux futurs acquéreurs, de la manière dont ils</line>
<line>pourront aménager, selon leurs besoins en espace ; dans le cadre d’un</line>
<line>aménagement global cohérent et harmonieux.</line></par>
</text>
</block>















</page>
<page width="2498" height="3522" resolution="300">
<block><region><rect/></region>
<text>
<par>
<line>Un projet à mettre en scène :</line></par>
<par>
<line>Le projet d’aménagement de la zone d’activité à créer, s’inscrit dans la continuité de</line>
<line>la zone artisanale déjà en place.</line></par>
<par>
<line>Situé à l’entrée de l’agglomération, le projet à construire, doit participer à la</line>
<line>valorisation du territoire, tout en respectant l’identité et la mémoire des lieux. La</line>
<line>réussite de ce projet est déterminante pour l’image du territoire et de</line>
<line>l’agglomération de Fouchères. Car, c’est le premier élément bâti important, qu’on</line>
<line>aperçoit en arrivant de Troyes.</line></par>
</text>
</block>
<block><region><rect/></region>
<text>
<par>
<line>Pour cela, autour de l’infrastmcture concernée, le projet d’aménagement de la zone</line>
<line>d’activité devra répondre à cinq préoccupations :</line></par>
<par>
<line>- contrôle et limitation des nuisances comme le bmit ou la pollution ;</line></par>
<par>
<line>- amélioration de la sécunté routière ;</line></par>
<par>
<line>- valorisation du territoire par des projets d’architecture, d’urbanisme et de</line>
<line>paysage, soucieux des lieux et économes en espace.</line></par>
</text>
</block>
<block><region><rect/><rect/><rect/><rect/><rect/></region>
<text>
<par/>
</text>
</block>
<block><region><rect/></region>
<text>
<par/>
</text>
</block>
<block><region><rect/></region>
<text>
<par/>
</text>
</block>
<block><region><rect/></region>
<text>
<par>
<line>aï7</line></par>
</text>
</block>
<block><region><rect/><rect/><rect/><rect/><rect/><rect/><rect/><rect/></region>
<text>
<par>
<line>//£■. ""“'■Il-' ■ ^</line>
<line>z/ÎV:- 5 ». ’ *</line></par>
</text>
<text>
<par>
<line>r i--'" / / ‘</line></par>
<par>
<line>■ /f ! / /</line></par>
</text>
</block>
<block blockType="Table" blockName="" l="771" t="2180" r="941" b="2330"><region><rect/></region>
<row>
<cell leftBorder="White" topBorder="White" width="52" height="74">
<text>
<par/>
</text></cell>
<cell topBorder="White" width="49" height="74">
<text>
<par>
<line>Pr</line></par>
</text></cell>
<cell topBorder="White" rightBorder="White" width="69" height="74">
<text>
<par/>
</text></cell></row>
<row>
<cell leftBorder="White" bottomBorder="White" width="52" height="76">
<text>
<par/>
</text></cell>
<cell bottomBorder="White" width="49" height="76">
<text>
<par/>
</text></cell>
<cell rightBorder="White" bottomBorder="White" width="69" height="76">
<text>
<par/>
</text></cell></row>
</block>
<block><region><rect/></region>
<text>
<par>
<line>\ I Route nationale 71</line>
<line>I I Route départementale 85</line>
<line>I I Desserte de la zone</line>
<line>I—I Projet</line></par>
<par>
<line>, - Limites de la zone</line>
<line>*■ - ~ Aire d'exposition de</line>
<line>I 11 matériel agricole</line>
<line>Voirie interne à créer</line>
<line>Prolongement éventuel de</line>
<line>, la voirie</line></par>
<par>
<line>Rideau tx)isé à conserver</line>
<line>et à reconstituer</line>
<line>Arbres à conserver</line></par>
<par>
<line>* Arbustes à planter</line></par>
<par>
<line>* Bande d'Implantation avec</line>
<line>*' règles</line></par>
<par>
<line>spécifiques</line></par>
<par>
<line>p. Alignement I la RN 71</line>
<line>I Haie végétale à planter</line></par>
</text>
</block>
<block><region><rect/></region>
<text>
<par>
<line>Tous ces points énoncés seront développés dans le chapitre suivant.</line></par>
</text>
</block>

















</page>
<page width="2495" height="3519" resolution="300">
<block><region><rect/></region>
<text>
<par>
<line>Eléments pour Félaboration</line></par>
<par>
<line>d^un projet urbain</line></par>
</text>
</block>



</page>
<page width="2502" height="3524" resolution="300">
<block><region><rect/></region>
<text>
<par>
<line>&lt;</line></par>
</text>
</block>
<block><region><rect/></region>
<text>
<par>
<line>1 - Occupation :</line></par>
<par>
<line>Les secteurs concernés par le développement de la zone d’activité sont des terrains</line>
<line>situés le long de la RN 71, au lieu dit : « Les commottes », d’une superficie de 3.165</line>
<line>hectares.</line></par>
<par>
<line>Les activités autorisées dans la zone d’activité sont de tout genre, à l’exception des</line>
<line>dépôts de ferrailles et des matériaux de démolition.</line></par>
<par>
<line>2 - Accès - voirie - espaces publics :</line></par>
<par>
<line>La zone d’activité donne face à la Route Nationale n° 71, par contre elle n’est pas</line>
<line>directement accessible. L’accès s’effectue par la Route Départementale n° 81, puis</line>
<line>le chemin communal dit du canal.</line></par>
<par>
<line>A travers la hiérarchisation des voies, l’accès devient plus sécurisant, et la</line>
<line>découverte des espaces plus agréable.</line></par>
</text>
</block>
<block><region><rect/></region>
<text>
<par>
<line>?</line></par>
</text>
</block>
<block><region><rect/></region>
<text>
<par/>
</text>
</block>
<block><region><rect/></region>
<text>
<par/>
</text>
</block>
<block><region><rect/></region>
<text>
<par/>
</text>
</block>
<block><region><rect/></region>
<text>
<par>
<line>¥</line></par>
</text>
</block>
<block><region><rect/></region>
<text>
<par/>
</text>
</block>









</page>
<page width="2501" height="3524" resolution="300">
<block><region><rect/></region>
<text>
<par>
<line>Séquence de la zone activité :</line></par>
</text>
</block>
<block><region><rect/></region>
<text>
<par>
<line>O Inscrire les bâtiments de la zone d’activité dans le prolongement de la façade</line>
<line>urbaine existante, avec un recul fixe de 10 mètres,</line></par>
<par>
<line>O Implanter des plantations d’alignement (espacés d’au moins 8 mètres, afin de ne</line>
<line>pas masquer les futurs bâtiments d’activités) le long de la RN 71, sur la portion du</line>
<line>terrain à aménager,</line></par>
<par>
<line>O Intégrer les enseignes sur les façades des bâtiments ou dans le complexe d’accès,</line></par>
<par>
<line>O Reconstituer le rideau boisé en accompagnement de la zone d’activité, par un</line>
<line>aménagement paysager,</line></par>
<par>
<line>O Traiter les carrefours, en les accompagnant d’une signalétique claire et</line>
<line>compréhensible,</line></par>
<par>
<line>Voitie de desserte interne :</line></par>
<par>
<line>O Le prolongement de la voie reprendra le profil existant, avec stmcturation de la</line>
<line>voie et amélioration de la signalétique, afin de rendre l’accès plus facile et l’entrée</line>
<line>vers la zone plus identifiable.</line></par>
<par>
<line>O La connexion de la voirie de desserte interne avec la le chemin communal et la</line>
<line>route départementale, doit être renforcée par des carrefours accompagnés d’une</line>
<line>signalétique claire.</line></par>
</text>
</block>
<block><region><rect/></region>
<text>
<par>
<line>IMPLANTATION DES BATIMENTS D’ACTIVITE / RN 71</line></par>
</text>
</block>
<block><region><rect/></region>
<text>
<par/>
</text>
</block>
<block><region><rect/><rect/></region>
<text>
<par>
<line>Hauteur</line></par>
<par>
<line>limitée</line></par>
</text>
</block>
<block><region><rect/><rect/></region>
<text>
<par/>
</text>
</block>
<block><region><rect/></region>
<text>
<par/>
</text>
</block>
<block><region><rect/></region>
<text>
<par>
<line>1,5 m</line></par>
</text>
</block>
<block><region><rect/><rect/></region>
<text>
<par>
<line>r</line></par>
<par>
<line>J</line></par>
</text>
</block>
<block><region><rect/><rect/></region>
<text>
<par/>
</text>
</block>
<block><region><rect/></region>
<text>
<par/>
</text>
</block>
<block blockType="Table" blockName="" l="304" t="2840" r="2020" b="3001"><region><rect/></region>
<row>
<cell leftBorder="White" topBorder="White" width="25" height="50">
<text>
<par/>
</text></cell>
<cell topBorder="White" width="868" height="50">
<text>
<par>
<line>20 mètres</line></par>
</text></cell>
<cell topBorder="White" width="353" height="50">
<text>
<par>
<line>10 m</line></par>
</text></cell>
<cell topBorder="White" width="245" height="50">
<text>
<par>
<line>10 m</line></par>
</text></cell>
<cell topBorder="White" rightBorder="White" width="225" height="50">
<text>
<par/>
</text></cell></row>
<row>
<cell leftBorder="White" bottomBorder="White" width="25" height="111">
<text>
<par/>
</text></cell>
<cell bottomBorder="White" width="868" height="111">
<text>
<par>
<line>Espace Espace</line></par>
<par>
<line>vert vert</line></par>
</text></cell>
<cell bottomBorder="White" width="353" height="111">
<text>
<par>
<line>Espace vert (privé)</line></par>
</text></cell>
<cell bottomBorder="White" width="245" height="111">
<text>
<par>
<line>Recul</line></par>
<par>
<line>Bâtiment</line></par>
</text></cell>
<cell rightBorder="White" bottomBorder="White" width="225" height="111">
<text>
<par>
<line>d'activité</line></par>
</text></cell></row>
</block>
<block><region><rect/></region>
<text>
<par>
<line>(public) (public)</line></par>
</text>
</block>



















</page>
<page width="2501" height="3524" resolution="300">
<block><region><rect/></region>
<text>
<par>
<line>f»</line></par>
</text>
</block>
<block><region><rect/></region>
<text>
<par>
<line>f</line></par>
</text>
</block>
<block><region><rect/></region>
<text>
<par>
<line>Intersection de la RM 71 avec la RD 81 :</line></par>
<par>
<line>Il convient par cet aménagement de répondre à deux exigences et</line>
<line>préoccupations principales ; à la fois de marquer l’entrée d’agglomération et de</line>
<line>résoudre le problème de la sécurité routière.</line></par>
<par>
<line>Pour cela, nous proposons d’accompagner l’aménagement du trajet de</line>
<line>cheminement de l’entrée d’agglomération jusqu’à l’entrée de la zone d’activité par</line>
<line>une succession d’aménagements de carrefours et une signalétique claire.</line></par>
<par>
<line>Pour ce qui est du dimensionnement de la chaussée, eUe semble être suffisante et</line>
<line>conforme aux normes de la réglementation en vigueur.</line></par>
</text>
</block>
<block><region><rect/></region>
<text>
<par>
<line>7/</line></par>
</text>
</block>
<block><region><rect/></region>
<text>
<par>
<line>45</line></par>
</text>
</block>
<block><region><rect/></region>
<text>
<par/>
</text>
</block>
<block><region><rect/></region>
<text>
<par>
<line>Y/</line></par>
</text>
</block>
<block><region><rect/></region>
<text>
<par/>
</text>
</block>
<block><region><rect/></region>
<text>
<par>
<line>Le</line></par>
</text>
</block>
<block><region><rect/></region>
<text>
<par>
<line>Site</line></par>
</text>
</block>
<block><region><rect/></region>
<text>
<par/>
</text>
</block>
<block><region><rect/></region>
<text>
<par/>
</text>
</block>
<block><region><rect/></region>
<text>
<par>
<line>0</line></par>
</text>
</block>
<block><region><rect/></region>
<text>
<par>
<line>&lt;5.</line></par>
</text>
</block>
<block><region><rect/></region>
<text>
<par/>
</text>
</block>
<block><region><rect/></region>
<text>
<par>
<line>C&gt;</line></par>
</text>
</block>
<block><region><rect/></region>
<text>
<par>
<line>O</line></par>
</text>
</block>
<block><region><rect/></region>
<text>
<par>
<line>O</line></par>
</text>
</block>
<block><region><rect/></region>
<text>
<par/>
</text>
</block>
<block><region><rect/></region>
<text>
<par>
<line>5s»</line></par>
</text>
</block>
<block><region><rect/></region>
<text>
<par>
<line>O</line></par>
</text>
</block>
<block><region><rect/></region>
<text>
<par/>
</text>
</block>
<block><region><rect/></region>
<text>
<par/>
</text>
</block>
<block><region><rect/></region>
<text>
<par/>
</text>
</block>
<block><region><rect/></region>
<text>
<par/>
</text>
</block>
<block><region><rect/></region>
<text>
<par/>
</text>
</block>
<block><region><rect/></region>
<text>
<par>
<line>Cl</line></par>
</text>
</block>
<block><region><rect/></region>
<text>
<par/>
</text>
</block>
<block><region><rect/></region>
<text>
<par>
<line>&gt; •</line></par>
</text>
</block>

















<block blockType="Picture" blockName="" l="432" t="2156" r="855" b="2467"><region><rect/></region>
</block>
</page>
<page width="2482" height="3510" resolution="300">
<block><region><rect/></region>
<text>
<par>
<line>Eléments pour rétablissement</line></par>
<par>
<line>de règlement de zone</line></par>
</text>
</block>

</page>
<page width="2494" height="3519" resolution="300">
<block><region><rect/></region>
<text>
<par>
<line>1- Nuisances :</line></par>
</text>
</block>
<block><region><rect/></region>
<text>
<par>
<line>Le secteur concerné par le développement de la zone d’activité, est destiné</line>
<line>essentiellement aux activités artisanales et commerciales ce qui tend à éviter les</line>
<line>contraintes pour l’habitat</line></par>
<par>
<line>L’habitat n’est pas à proximité immédiate de la zone et les nuisances éventuelles des</line>
<line>nouvelles activités s’en trouveront réduites et absorbées.</line></par>
<par>
<line>Par ailleurs le renforcement urbain généré par les constmcüons le long de la RN 71</line>
<line>à la suite des aménagements prévus dans le cadre de l’urbanisation de cette zone</line>
<line>devrait inciter les automobilistes à réduire leurs vitesses et donc de réduire les</line>
<line>nuisances sonores inhérentes au trafic (notamment, par le trafic des poids lourds).</line></par>
<par>
<line>Compte tenu du contexte d’entrée de l’agglomération, et afin de garantir un aspect</line>
<line>paysager de qualité ; la réglementation interdira les dépôts de matériaux de</line>
<line>démolition, les ferrailles et carcasses de véhicules, les dépôts de déchets lorsqu’ils</line>
<line>sont visibles, pour éviter les nuisances visuelles.</line></par>
<par>
<line>Cependant, le raccordement au réseau public d’eau potable est imposé. Les</line>
<line>effluents d’origine industrielle ou artisanale devront subir un pré-traitement</line>
<line>approprié.</line></par>
</text>
</block>
</page>
<page width="2489" height="3515" resolution="300">
<block><region><rect/></region>
<text>
<par/>
</text>
</block>
<block><region><rect/></region>
<text>
<par>
<line>2- Sécurité</line></par>
</text>
</block>
<block><region><rect/></region>
<text>
<par>
<line>La zone d’activité à créer n’ouvre pas directement sur la RN 71. Elle est desservie à</line>
<line>partir de l’intersection de la RN 71 avec la RD 85 (voir schéma d’aménagement).</line></par>
<par>
<line>Les aménagements, les traitements paysagers et la signalétique, devraient permettre</line>
<line>de clairement identifier les espaces et leurs accès en rendant ces circulations plus</line>
<line>sûres.</line></par>
<par>
<line>Le passage de la RN 71 du statut routier au statut urbain, devrait être l’occasion de</line>
<line>permettre à l’automobiliste en arrivant sur le secteur, d’avoir la sensation de</line>
<line>traverser l’agglomération.</line></par>
</text>
</block>
<block><region><rect/></region>
<text>
<par/>
</text>
</block>
<block><region><rect/></region>
<text>
<par/>
</text>
</block>
<block><region><rect/></region>
<text>
<par/>
</text>
</block>
<block><region><rect/></region>
<text>
<par>
<line>m:</line></par>
</text>
</block>
<block><region><rect/></region>
<text>
<par>
<line>Accès sur RN</line></par>
</text>
</block>







<block blockType="Picture" blockName="" l="264" t="1562" r="1186" b="2246"><region><rect/></region>
</block>
</page>
<page width="2482" height="3510" resolution="300">
<block><region><rect/></region>
<text>
<par>
<line>3- Architecture :</line></par>
</text>
</block>
<block><region><rect/></region>
<text>
<par>
<line>La qualité architecturale s’appuie avant tout sur des préconisations (intégrées</line>
<line>dans le futur règlement de la zone) de traitement des constmctions et de leurs</line>
<line>abords sur les parcelles privées.</line></par>
<par>
<line>EUes viennent aussi en complément du critère de la qualité des espaces publics, de</line>
<line>l’urbanisme et des paysages.</line></par>
<par>
<line>La présence et l’existence d’un patrimoine historique (monuments classés ou</line>
<line>inscrits) sur le territoire de la commune, ne doit pas être sans conséquence, sur les</line>
<line>futurs projets à implanter (même s’ils ne se trouvent pas à proximité immédiate du</line>
<line>site à aménager).</line></par>
<par>
<line>Le principe de base, étant de mettre en scène les futurs bâtiments d’activités, à</line>
<line>partir de la RN 71, au travers de l’architecture (au sens large, c’est à dire intégrant</line>
<line>des prescriptions d’implantations, d’orientation, de volumétrie, de gestion des</line>
<line>stationnements, des espaces verts, de traitement des façades, de matériaux et de</line>
<line>couleurs) et d’exposer au regard afin de contribuer à l’identification et à la qualité</line>
<line>de cette séquence d’entrée d’agglomération.</line></par>
<par>
<line>a - Densité des constructions :</line></par>
<par>
<line>11 serait préférable d’inscrire l’ensemble des bâtiments donnant face à la RN 71,</line>
<line>dans la continuité urbaine (avec un recul fixe par rapport à l’emprise publique).</line>
<line>Ainsi, les espaces vides situés entre bâtiments, participeront à cet alignement au</line>
<line>travers de haies taillées.</line></par>
<par>
<line>Au-delà de cette volonté de créer un paysage fortement identifiable et lisible à une</line>
<line>ambiance de village, l’emprise au sol ne devra en aucun cas dépasser 60 % de l’unité</line></par>
<par>
<line>c_</line></par>
<par>
<line>luiicieic.</line></par>
<par>
<line>b — Implantation des bâtiments d’activités :</line></par>
<par>
<line>Les préconisations d’implantation sur les parcelles privées sont directement liées</line>
<line>aux choix effectués en matière de requalification de la RN 71 et à leur traduction en</line>
<line>matière d’aménagement des emprises publiques.</line></par>
<par>
<line>Le principe de base est que les bâtiments soient implantés, en se mettant en scène</line>
<line>face à la RN 71, dans le but de créer un effet de continuité urbaine.</line></par>
<par>
<line>Que les bâtiments ne soient pas cachés, mais au contraire, qu’ils soient mis en</line>
<line>valeur au travers de leur Architecture .</line></par>
</text>
</block>

</page>
<page width="2482" height="3510" resolution="300">
<block><region><rect/></region>
<text>
<par>
<line>Ainsi, vu de la profondeur de la parcelle, on devrait avoir deux rangées</line>
<line>d’implantation ; l’une face à la RN 71 et l’autre face à la voirie de desserte, au</line>
<line>travers de la RD n° 81.</line></par>
<par>
<line>L’aménagement de la bande (zone tampon) entre, l’emprise de la voirie et le recul</line>
<line>des bâtiments, complémentaire entre le domaine privé et public.</line></par>
<par>
<line>♦ recul d’implantation de 10 mètres par rapport à l’emprise publique de la RN 71,</line>
<line>avec alignement du bâti,</line></par>
</text>
</block>
<block><region><rect/></region>
<text>
<par>
<line>RN 71</line></par>
</text>
</block>
<block><region><rect/></region>
<text>
<par>
<line>Haie taillée</line></par>
</text>
</block>
<block><region><rect/></region>
<text>
<par>
<line>1 -,</line>
<line>, -A</line></par>
</text>
</block>
<block><region><rect/></region>
<text>
<par/>
</text>
</block>
<block><region><rect/></region>
<text>
<par/>
</text>
</block>
<block><region><rect/></region>
<text>
<par/>
</text>
</block>
<block><region><rect/></region>
<text>
<par>
<line>Bâtiment d’activité</line></par>
</text>
</block>
<block><region><rect/></region>
<text>
<par>
<line>Bâtiment d’activité</line></par>
</text>
</block>
<block><region><rect/></region>
<text>
<par>
<line>Arbre de haute tige</line></par>
</text>
</block>


































</page>
<page width="2482" height="3510" resolution="300">
<block><region><rect/></region>
<text>
<par>
<line>Bâtiment</line></par>
</text>
</block>
<block><region><rect/></region>
<text>
<par>
<line>Voirie</line></par>
</text>
</block>
<block><region><rect/></region>
<text>
<par>
<line>Bâtiment</line></par>
</text>
</block>
<block><region><rect/></region>
<text>
<par>
<line>Arbre de haute</line></par>
</text>
</block>
<block><region><rect/></region>
<text>
<par>
<line>Hîiie t;iillép</line></par>
</text>
</block>
<block><region><rect/></region>
<text>
<par>
<line>Voirie</line></par>
</text>
</block>
<block><region><rect/></region>
<text>
<par>
<line>Haie taillép</line></par>
</text>
</block>
<block><region><rect/></region>
<text>
<par>
<line>j\rbre de haute</line></par>
</text>
</block>
<block><region><rect/></region>
<text>
<par>
<line>♦ recul d’implantation de 5 mètres par rapport à l’emprise de la voirie interne.</line></par>
<par>
<line>♦ plantation d’arbres d’alignement le long de la RN 71. Ceux-ci devront être</line>
<line>espacés de 8 mètres entre eux, afin de permettre une certaine perméabilité visuelle,</line></par>
<par>
<line>♦ clôture non obligatoire, avec continuité des espaces engazonnés publics et privés</line>
<line>souhaitée, et en cas de nécessité de clore, obligation de choix de grillage dans une</line>
<line>nomenclature restreinte (de préférence uniforme pour l’ensemble),</line></par>
<par>
<line>♦ continuité entre façades des bâtiments pat une haie taillée (H = 1,20 à 1,60 m) et</line>
<line>plantation d’arbres de haute tige espacés de 8 à 10 m plantés dans l’alignement de la</line>
<line>haie.</line></par>
</text>
</block>
<block><region><rect/></region>
<text>
<par>
<line>♦ interdiction des stockages 10 mètres des reculs.</line>
<line>IMPLANTAION DES BATIMENTS D’ACTIVITE / RN 71</line></par>
</text>
</block>
<block><region><rect/></region>
<text>
<par/>
</text>
</block>
<block><region><rect/></region>
<text>
<par/>
</text>
</block>
<block><region><rect/><rect/></region>
<text>
<par>
<line>'Zs</line></par>
</text>
</block>
<block><region><rect/></region>
<text>
<par>
<line>1,5 m</line></par>
</text>
</block>
<block><region><rect/></region>
<text>
<par/>
</text>
</block>
<block><region><rect/><rect/></region>
<text>
<par>
<line>Hauteur</line></par>
<par>
<line>limitée Ô.</line></par>
</text>
</block>
<block><region><rect/></region>
<text>
<par>
<line>9 m</line></par>
</text>
</block>
<block><region><rect/><rect/><rect/></region>
<text>
<par>
<line>I</line></par>
</text>
</block>
<block><region><rect/></region>
<text>
<par/>
</text>
</block>
<block><region><rect/></region>
<text>
<par>
<line>J</line></par>
</text>
</block>
<block><region><rect/></region>
<text>
<par>
<line>%</line></par>
</text>
</block>
<block><region><rect/></region>
<text>
<par/>
</text>
</block>
<block blockType="Table" blockName="" l="291" t="2843" r="1939" b="3036"><region><rect/></region>
<row>
<cell leftBorder="White" topBorder="White" width="23" height="50">
<text>
<par/>
</text></cell>
<cell topBorder="White" width="835" height="50">
<text>
<par>
<line>20 mètres</line></par>
</text></cell>
<cell topBorder="White" width="340" height="50">
<text>
<par>
<line>10 m</line></par>
</text></cell>
<cell topBorder="White" width="234" height="50">
<text>
<par>
<line>10m</line></par>
</text></cell>
<cell topBorder="White" rightBorder="White" width="216" height="50">
<text>
<par/>
</text></cell></row>
<row>
<cell leftBorder="White" bottomBorder="White" width="23" height="143">
<text>
<par/>
</text></cell>
<cell bottomBorder="White" width="835" height="143">
<text>
<par>
<line>Espac PJJ Espace</line></par>
<par>
<line>e vert vert</line></par>
<par>
<line>(public) (public)</line></par>
</text></cell>
<cell bottomBorder="White" width="340" height="143">
<text>
<par>
<line>Espace vert (privé)</line></par>
</text></cell>
<cell bottomBorder="White" width="234" height="143">
<text>
<par>
<line>Recul</line></par>
<par>
<line>Bâtiment</line></par>
</text></cell>
<cell rightBorder="White" bottomBorder="White" width="216" height="143">
<text>
<par/>
</text></cell></row>
</block>



































































<block blockType="Picture" blockName="" l="802" t="2630" r="924" b="2661"><region><rect/></region>
</block>
</page>
<page width="2482" height="3510" resolution="300">
<block><region><rect/></region>
<text>
<par>
<line>c — Aspect extérieur - architecture :</line></par>
<par>
<line>Les volumes des bâtiments devront respecter les règles suivantes :</line></par>
<par>
<line>♦ Afin de garantir une homogénéité du bâti en façade, dans une bande de 20 m à</line>
<line>partir de la limite de l’emprise de la RN les hauteurs des bâtiments sont limitées à 9</line>
<line>mi à l’égout du toit. Dans le cas d’acrotères cette hauteur est mesurée hors tout.</line></par>
<par>
<line>♦ les façades les plus importantes (de « représentation » - bureaux, administration,</line>
<line>.. - ) seront orientées de façon privilégiée sur la RN 71,</line></par>
<par>
<line>♦ une dominante de façade maçonnée sera imposée, ce qui n’exclue pas l’utilisation</line>
<line>à des fins architecturales les bardages métalliques, le verre, l’acier,</line></par>
<par>
<line>♦ pour les bâtiments de stockage, de commercialisation ou tout autre usage</line>
<line>nécessitant un volume important et des formes simples se rapprochant du</line>
<line>parallélépipède, les couvertures seront invisibles depuis la RN 71, intégrées derrière</line>
<line>des acrotères qui feront partie du gabarit autorisé. Tous les ouvrages de ventilation,</line>
<line>climatisation ... seront invisibles à partir de la RN 71.</line></par>
<par>
<line>Des couvertures spécifiques en terme de forme ou de matériaux (toitures en tudes</line>
<line>traditionnelles, ...) pourront cependant être autorisées dès qu’un projet</line>
<line>architectural de qualité, adapté au site et à ses particularités sera proposé (parties</line>
<line>bureaux des bâtiments également...),</line></par>
<par>
<line>♦ les couleurs des enduits ou des bardages utilisés devront respecter un nuancier</line>
<line>(pouvant être élaboré spécifiquement pour la zone d’activité). Les enseignes</line>
<line>échapperont bien entendu aux règles de ce nuancier afin de respecter les chartes</line>
<line>graphiques de chaque entreprise,</line></par>
<par>
<line>^ les enseignes seront soit intégrées dans les gabarits constmits des bâtiments, ou</line>
<line>dans le complexe d’accès, s’il est prévu.</line></par>
</text>
</block>
<block blockType="Table" blockName="" l="545" t="2559" r="993" b="2974"><region><rect/></region>
<row>
<cell width="425" height="65">
<text>
<par/>
</text></cell>
<cell topBorder="White" bottomBorder="White" width="23" height="65">
<text>
<par/>
</text></cell></row>
<row>
<cell width="425" height="42">
<text>
<par/>
</text></cell>
<cell topBorder="White" bottomBorder="White" width="23" height="42">
<text>
<par/>
</text></cell></row>
<row>
<cell width="425" height="308">
<text>
<par>
<line>□ H □ 0</line></par>
</text></cell>
<cell topBorder="White" width="23" height="308">
<text>
<par/>
</text></cell></row>
</block>
















</page>
<page width="2482" height="3510" resolution="300">
<block><region><rect/></region>
<text>
<par>
<line>d - traitement des abords :</line></par>
</text>
</block>
<block><region><rect/></region>
<text>
<par>
<line>Il est établi en regard de la valeur de perception qui met en exposition les parcelles</line>
<line>situées directement en limite avec la RN 71.</line></par>
<par>
<line>Ainsi, les parcelles situées de l’autre côté de la voie interne de desserte de la zone,</line>
<line>s’appuient sur les boisements existants, sans possibilité de vue directe depuis</line>
<line>l’arrière et ne font pas dès lors l’objet de préconisations aussi strictes.</line></par>
<par>
<line>La façade RN 71 de la zone d’activité est comprise comme principale (de la même</line>
<line>importance que la façade opposée où s’effectue l’entrée principale). Une bande de 5</line>
<line>m d’espace vert est imposée, engazonnement entretenu, possibilité d’arbres</line>
<line>d’ornementation de haute tige ou arbustes isolés ou en bosquets constituant une</line>
<line>limite sur laquelle viendront s’implanter les bâtiments. Entre les bâtiments (sur une</line>
<line>même propriété ou entre propriétés) une haie taillée intégrant des arbres de haute</line>
<line>tige tous les 8 m permettra d’assurer la continuité de l’alignement.</line></par>
<par>
<line>Au delà de cette limite et y compris entre les bâtiments, les stockages,</line>
<line>stationnements et autres utilisations techniques seront autorisées sans contrainte</line>
<line>particulière.</line></par>
<par>
<line>La limite avec la voie de desserte interne (elle-même plantée d’alignement d’arbres</line>
<line>par la collectivité gestionnaire) sera assurée par une haie taillée simple d’une hauteur</line>
<line>de 0,80 m à 1,00 m (limitant l’impact des stationnements, tout en permettant dé</line>
<line>voir les bâtiments et les enseignes).</line></par>
<par>
<line>Le stationnement des véhicules correspondant aux besoins des constmctions et</line>
<line>installations doit être assuré en dehors des voies privées susceptibles d’être</line>
<line>affectées à la circulation.</line></par>
<par>
<line>Ainsi, un espace de stationnement pour les deux roues doit être aménagé sur</line>
<line>chaque terrain.</line></par>
</text>
</block>

</page>
<page width="2482" height="3510" resolution="300">
<block><region><rect/></region>
<text>
<par>
<line>4 - URBANISME :</line></par>
</text>
</block>
<block><region><rect/></region>
<text>
<par>
<line>Le secteur à développer peut être structuré par la voirie déjà existante, celle-ci devra</line>
<line>être renforcée par des voies de desserte internes. Ainsi, raménagement des parkings</line>
<line>pour véhicules lourds se fera à l’intérieur de la zone d’activité, pour veiller au bon</line>
<line>vivre de ragglomération.</line></par>
<par>
<line>Aménagements :</line></par>
<par>
<line>C’est essentiellement à travers le schéma que le volet des aménagements a été traité.</line>
<line>Il concerne le tracé de la voirie interne secondaire. La zone se développant en appui</line>
<line>des routes et chemins préexistants, la voirie primaire est en effet déjà constituée.</line>
<line>Pour la qualité de l’urbanisme, il est précisé que les réseaux devront être enterrés.</line></par>
<par>
<line>Une hiérarchisation des voies est définie (RN 71, RD 85, chemin communal et</line>
<line>voirie de desserte interne à créer). Leur traitement est différencié au travers</line>
<line>notamment de leurs dimensions, revêtement au sol, ... etc. Ce qui enrichit la qualité</line>
<line>de l’urbanisme.</line></par>
<par>
<line>Ainsi, la création d’un dispositif d’accès a pour objectif de favoriser un traitement</line>
<line>harmonieux des entrées de propriété. Il permet à la fois d’envisager l’accès sur les</line>
<line>propriétés de façon sécurisée et d’améliorer la qualité de l’urbanisme.</line></par>
<par>
<line>Le traitement des clôtures est autant important pour la perception visuelle d’une</line>
<line>zone. Il est donc proposé d’harmoniser le traitement des clôtures est de favoriser la</line>
<line>perméabilité visuelle sur l’ensemble de la zone.</line></par>
<par>
<line>Cependant, la clôture de la zone ne sera pas obligatoire, les haies vives sont par</line>
<line>ailleurs à privilégier.</line></par>
</text>
</block>
<block><region><rect/></region>
<text>
<par>
<line>Retraits :</line></par>
<par>
<line>Des retraits significatifs sont demandés par rapport aux limites des voies et</line>
<line>emprises pubhques et par rapport aux limites séparatives. Les objectifs sont de</line>
<line>favoriser en parallèle la réalisation de plantations, de favoriser une certaine</line>
<line>perméabilité visuelle vers l’intérieur de la zone et ainsi d’éviter un front bâti</line>
<line>imposant.</line></par>
<par>
<line>En façade avec la RN 71, des retraits significatifs sont demandés par rapport aux</line>
<line>limites des voies et emprises pubhques : 10 mètres minimum</line></par>
</text>
</block>

</page>
<page width="2488" height="3514" resolution="300">
<block><region><rect/></region>
<text>
<par>
<line>ur . « W</line></par>
</text>
</block>
<block><region><rect/></region>
<text>
<par>
<line>Par rapport au chemin mral existant et la voirie interne à créer, par rapport aux</line>
<line>limites séparatives ou entre deux bâtiments non accolés sur une même propriété,</line>
<line>un retrait de 4 mètres minimum est demandé afin de permettre le passage des</line>
<line>véhicules. Ces retraits doivent également favoriser la réalisation de plantations et</line>
<line>éviter de trop fortes densités de construction.</line></par>
<par>
<line>Ainsi, un retrait de 5 mètres sera demandé par rapport aux voiries internes, afin de</line>
<line>permettre le passage des engins de lutte contre l’incendie.</line></par>
<par>
<line>r âï rapport aux limites séparatives ou entre deux bâtiments non accolés sur une</line>
<line>même propriété, le retrait est de 4 mètres au minimum afin de permettre le passage</line>
<line>des véhicules.</line></par>
<par>
<line>Les implantations en limite séparative sont permises, moyennant des dispositifs de</line>
<line>sécurité (murs coupe-feu), afin d’éviter la propagation des incendies.</line></par>
<par>
<line>Espaces verts :</line></par>
<par>
<line>Le traitement des espaces non bâtis apparaît essentiel à la qualité urbaine et au</line>
<line>respect des paysages. Ainsi, des plantations devront être réalisées dans les marges</line>
<line>de recul face à la RN 71. Cette bande de terrain à végétaliser est définie au plan. Les</line>
<line>autres marges de reculement définies par rapport aux voies et emprises publiques</line>
<line>seront également traitées en espaces verts. Les traitements paysagers devront</line>
<line>représenter au moins 10 % de la superficie de la propriété et devront permettre une</line>
<line>bonne insertion des activités, des dépôts ou stockages dans le paysage.</line></par>
<par>
<line>Les espaces libres et plantations sont réglementés dans le but de favoriser les</line>
<line>transitions naturelles entre les voies publiques et les terrains privés. La qualité des</line>
<line>plantations, l’infiltration des eaux pluviales dans le sol, l’intégration de certaines</line>
<line>occupations du sol présentent parfois de forts désagréments visuels.</line></par>
<par>
<line>Les haies vives sont autorisées et même préconisées. Afin de bien les intégrer dans</line>
<line>l’environnement mral, elles devront être constituées d’essences locales. Une haie</line>
<line>végétale doit être constituée autour des dépôts à l’air libre. Ces dépôts sont par</line>
<line>ailleurs interdits dans les marges de reculement des constmctions par rapport aux</line>
<line>voies et emprises publiques. Ces haies pourront être aussi implantées aux limites</line>
<line>séparatives et de propriété.</line></par>
<par>
<line>Clôtutes :</line></par>
<par>
<line>Le traitement des clôtures est important pour la perception visuelle d’une 2one. Il</line>
<line>est donc proposé que les tons des murs des clôtures soient harmonisés avec les</line>
<line>tons des façades des bâtiments. Les clôtures en matériau ciment devront être</line>
<line>peintes ou enduites. Afin d’éviter la constitution d’un front bâti et au contraire</line></par>
</text>
</block>

</page>
<page width="2482" height="3510" resolution="300">
<block><region><rect/></region>
<text>
<par>
<line>favoriser une perméabilité visuelle vers l’intérieur de la zone et au-delà vers les</line>
<line>boisements, les clôtures seront constituées de grillage (foncé) en façade avec la RN</line>
<line>71. Les murs pleins et les palplanches supérieures à 0,60 mètre sont de même</line>
<line>interdits en façade avec la RN 71.</line></par>
<par>
<line>Stationnement :</line></par>
<par>
<line>Le stationnement doit être assuré à l’intérieur de chaque parcelle et en dehors des</line>
<line>voies publiques et des voies privées, susceptibles d’être affectées à la circulation</line>
<line>publique.</line></par>
<par>
<line>Ainsi, un espace de stationnement deux roues est à prévoir sur chaque parcelle</line>
<line>pour mieux prendre en compte les divers modes de transports et inciter à</line>
<line>rutilisation des deux roues.</line></par>
<par>
<line>Les aires de stationnement des véhicules lourds sont interdites dans les marges de</line>
<line>reculement par rapport à la RN 71, pour la qualité de l’urbanisme et la réalisation</line>
<line>d’espaces verts. Afin d’atténuer leur impact dans le paysage, les aires de</line>
<line>stationnement de véhicules seront plantées d'un arbre de haute tige pour 3</line>
<line>emplacements.</line></par>
</text>
</block>
<block><region><rect/></region>
<text>
<par>
<line>5 - PAYSAGE</line></par>
</text>
</block>
<block><region><rect/></region>
<text>
<par>
<line>L’accompagnement de la zone d’activité, par un aménagement paysager,</line>
<line>notamment autour du bâti, et sa mise en scène le long de la RN 71 la rend plus</line>
<line>conviviale, en favorisant son intégration dans le paysage.</line></par>
<par>
<line>La localisation de la zone d’activité le long de la RN 71 à l’entrée de l’agglomération</line>
<line>de Fouchères rend son identification aisée pour les usagers.</line></par>
<par>
<line>Ainsi, les traitements extérieurs participent à l’intégration des bâtiments.</line></par>
</text>
</block>


</page>
<page width="2482" height="3510" resolution="300">
<block><region><rect/></region>
<text>
<par/>
</text>
</block>
<block><region><rect/></region>
<text>
<par>
<line>Conformité des aménagements</line>
<line>au regard de rarticle L. 111-1-4 du</line></par>
<par>
<line>Code de PUrbanisme</line></par>
</text>
</block>

</page>
<page width="2482" height="3510" resolution="300">
<block><region><rect/></region>
<text>
<par/>
</text>
</block>
<block><region><rect/></region>
<text>
<par>
<line>1 - Nuisances :</line></par>
<par>
<line>Les dispositions des articles 1 et 2 (occupations et utilisations du sol interdites</line>
<line>et soumises à des conditions particulières) du PLU vont permettre d’orienter et de</line>
<line>réglementer les implantations au sein de la future zone d’activité. Le but étant</line>
<line>d’éviter une mixité avec l’habitat qui pourrait être une source de problèmes futurs.</line></par>
<par>
<line>En application de l’article 1 du règlement du PLU, concernant les occupations</line>
<line>et utilisations du sol interdites, certaines implantations et dépôts de matériaux</line>
<line>seront interdits afin d’éviter les nuisances visuelles.</line></par>
<par>
<line>^ En application de l’article 4 du règlement du PLU, concernant la desserte par</line>
<line>les réseaux, le raccordement au réseau public d’eau potable est imposé. Par ailleurs,</line>
<line>les effluents d’origine industrielle ou artisanale devront subir un pré-traitement</line>
<line>approprié, avant d’être rejetés dans le réseau public d’assainissement.</line></par>
<par>
<line>2 - Sécurité :</line></par>
<par>
<line>^ Afin de garantir une sécurité des accès et des échanges avec la RN 71, les</line>
<line>dispositions de l’article 3 du règlement du PLU, vont avoir pour objectif</line>
<line>d’interdire tout accès direct avec la RN 71.</line></par>
<par>
<line>Les dispositions de l’article 13 du règlement du PLU, concernant les espaces</line>
<line>libres et plantations, les traitements paysagers et la signalétique, devraient permettre</line>
<line>de clairement identifier les espaces et leurs accès en rendant ces circulations plus</line>
<line>sûres.</line></par>
<par>
<line>3 - Architecture :</line></par>
<par>
<line>De part sa situation en bordure d’un axe très passager et constituant la porte</line>
<line>d’entrée de la commune dans un futur relativement proche, des dispositions</line>
<line>spécifiques sont mises en place afin de garantir une qualité architecturale des</line>
<line>implantations.</line></par>
<par>
<line>Cette qualité est à rechercher tant dans l’implantation des bâtiments par rapport aux</line>
<line>voies et emprises publiques, par rapport aux limites séparatives ; Mais également en</line>
<line>réglementant leur implantation au sein des parcelles et en ménageant des espaces</line>
<line>non bâtis assurant une intégration globale.</line></par>
<par>
<line>Pour cela, certaines dispositions devront être prises, lesquelles viendront en</line>
<line>complément des critères de la qualité des espaces publics, de l’urbanisme et des</line>
<line>paysages.</line></par>
</text>
</block>

</page>
<page width="2492" height="3517" resolution="300">
<block><region><rect/></region>
<text>
<par>
<line>Les dispositions à mettre en œuvre dans le cadre de ce point spécifique sont</line>
<line>intrinsèquement liées aux dispositions relatives à la qualité de l’urbanisme et de la</line>
<line>garantie d’une qualité paysagère.</line></par>
<par>
<line>a — Densité des constructions :</line></par>
<par>
<line>Conformément aux articles 6 et 7 du règlement du PLU, concernant</line>
<line>l’implantation des constmctions par rapport aux voies et emprises publiques, ainsi</line>
<line>que l’implantation des constmctions par rapport aux limites séparatives, un recul</line>
<line>fixe sera imposé aux constmctions. Pour cela, les espaces vides situés entre les</line>
<line>bâtiments, participeront à cet alignement au travers de haies taillées.</line></par>
<par>
<line>Afin d’éviter une saturation de l’espace bâti, en application des dispositions de</line>
<line>l’article 9- Emprise au sol des constructions- Une emprise au sol maximale de</line>
<line>60 % de l’unité foncière est définie pour les constmctions.</line></par>
<par>
<line>b — Implantation des bâtiments d^activités :</line></par>
<par>
<line>Conformément aux articles 6, 7 et 8 du règlement du PLU, concernant</line>
<line>l’implantation des constmctions à la fois par rapport aux voies et emprises</line>
<line>publiques, par rapport aux limites séparatives ainsi que sur une même propriété ;</line>
<line>l’implantation des constmctions et les choix effecmés en matière de requalification</line>
<line>de la RN 71, se traduisent par les aménagements des emprises publiques. Ainsi,</line>
<line>l’implantation des constmctions avec un recul fixe imposé, contribuera à la création</line>
<line>d’un effet de continuité urbaine.</line></par>
<par>
<line>Conformément à l’article 11 du règlement du PLU, concernant l’aspect</line>
<line>extérieur des constmctions, au travers de leur architecture, les bâtiments d’activités</line>
<line>devront être mis en scène et s’exposer au regard, afin que cette séquence d’entrée</line>
<line>d’agglomération soit identifiée.</line></par>
<par>
<line>En application à l’article 13 du règlement du PLU, concernant les espaces verts</line>
<line>et plantations, la bande de recul d’implantation des constmctions par rapport aux</line>
<line>emprises publiques, sera traitée en espace vert.</line></par>
<par>
<line>En application à l’article 6 du règlement du PLU, concernant l’implantation</line>
<line>des constmctions par rapport aux voies et emprises publiques, un recul fixe de 10</line>
<line>mètres sera imposé par rapport à la RN 71 et un recul de 5 mètres par rapport à la</line>
<line>voirie interne.</line></par>
</text>
</block>
</page>
<page width="2490" height="3516" resolution="300">
<block><region><rect/></region>
<text>
<par>
<line>Ainsi, l’alignement du bâti pour ce qui est de la partie déjà urbanisée le long de la</line>
<line>RN 71, sera assurée par l’implantation d’arbres de hautes tiges, espacés de 8 à 10</line>
<line>mètres.</line></par>
</text>
</block>
<block><region><rect/></region>
<text>
<par>
<line>c — Aspect extérieur - architecture :</line></par>
<par>
<line>En application de l’article 11 du règlement du PLU, concernant l’aspect</line>
<line>extérieur des bâtiments, la hauteur des bâtiments ne devra pas dépasser 9 mètres</line>
<line>sur une bande de 10 mètres.</line></par>
<par>
<line>Ainsi, les ouvrages techniques de ventilation, climatisation, ... seront</line>
<line>obligatoirement invisibles et intégrés derrière les acrotères.</line></par>
<par>
<line>^ Conformément à l’article 11 du règlement du PLU, des couvertures spécifiques</line>
<line>en terme de forme ou de matériaux ou même de couleur sont définies.</line></par>
<par>
<line>d — traitement des abords :</line></par>
<par>
<line>Au regard de l’article 13 du règlement du PLU, des prescriptions particulières</line>
<line>sont définies et arrêtées, concernant l’aménagement des abords des bâtiments</line>
<line>d’activités, ainsi que de la zone en elle-même par rapport aux secteurs voisins et la</line>
<line>RN 71.</line></par>
<par>
<line>Afin de garantir une homogénéité des traitements paysagers, des arbres</line>
<line>d’alignement devront être implantés le long de la RN 71. Ces derniers devront être</line>
<line>alignés et espacés au minimum de 8 mètres, afin de permettre une certaine</line>
<line>perméabilité visuelle.</line></par>
<par>
<line>Pour cela, les clôtures ne seront pas obligatoire. Mais, en cas de nécessité de clore,</line>
<line>cette clôture devra être constituée d’un grillage simple fil de couleur foncé reposant</line>
<line>ou non sur un mur-bahut.</line></par>
</text>
</block>
<block><region><rect/></region>
<text>
<par>
<line>4- Utbanisme :</line></par>
</text>
</block>
<block><region><rect/></region>
<text>
<par>
<line>En application des articles 5, 6, 7, 8, 9, 11, 12 et 13 du règlement du PLU, des</line>
<line>prescriptions et dispositions particulières sont définies par rapport aux règles de</line>
<line>retraits des constmctions, aux espaces verts, à l’implantation des clôtures et enfin</line>
<line>l’organisation des stationnements à l’intérieur du secteur d’activités.</line></par>
</text>
</block>
</page>
<page width="2482" height="3510" resolution="300">
<block><region><rect/></region>
<text>
<par>
<line>5- Paysage :</line></par>
</text>
</block>
<block><region><rect/></region>
<text>
<par>
<line>^ Les dispositions de l’article 13 du règlement du PLU ont pour objectif de</line>
<line>définir les prescriptions du volet paysager a été traité et réglementé, afin de garantir</line>
<line>une meilleure insertion et intégration des bâtiments d’activités dans le site et le</line>
<line>paysage de l’ag^omération.</line></par>
</text>
</block>
</page>
</OAP>