<?xml version="1.0" encoding="UTF-8"?><OAP>
<page width="2481" height="3508" resolution="300">
<block><region><rect/></region>
<text>
<par>
<line>Département de : l’Aub©</line></par>
</text>
</block>
<block><region><rect/></region>
<text>
<par>
<line>4</line></par>
</text>
</block>
<block><region><rect/></region>
<text>
<par>
<line>Commune de : MAIZIERES-LA-GRANDE-PAROISSE</line></par>
</text>
</block>
<block><region><rect/></region>
<text>
<par>
<line>Plan Local d’Urbanisme</line></par>
</text>
</block>
<block><region><rect/></region>
<text>
<par>
<line>ORIENTATIONS D’AMENAGEMENT ET DE</line>
<line>PROGRAMMATION</line></par>
</text>
</block>
<block blockType="Table" blockName="" l="525" t="1934" r="2105" b="2345"><region><rect/></region>
<row>
<cell bottomBorder="White" width="717" height="77">
<text>
<par>
<line>Vu pour être annexé</line></par>
</text></cell>
<cell topBorder="White" bottomBorder="White" width="165" height="77">
<text>
<par/>
</text></cell>
<cell bottomBorder="White" width="698" height="77">
<text>
<par>
<line>Cachet de la Mairie et</line></par>
</text></cell></row>
<row>
<cell topBorder="White" bottomBorder="White" width="717" height="59">
<text>
<par>
<line>à la délibération</line></par>
</text></cell>
<cell topBorder="White" bottomBorder="White" width="165" height="59">
<text>
<par/>
</text></cell>
<cell topBorder="White" bottomBorder="White" width="698" height="59">
<text>
<par>
<line>Signature du Maire :</line></par>
</text></cell></row>
<row>
<cell topBorder="White" bottomBorder="White" width="717" height="46">
<text>
<par>
<line>du 20 novembre 2012</line></par>
</text></cell>
<cell topBorder="White" bottomBorder="White" width="165" height="46">
<text>
<par/>
</text></cell>
<cell topBorder="White" bottomBorder="White" width="698" height="46">
<text>
<par/>
</text></cell></row>
<row>
<cell topBorder="White" bottomBorder="White" width="717" height="77">
<text>
<par>
<line>approuvant</line></par>
</text></cell>
<cell topBorder="White" bottomBorder="White" width="165" height="77">
<text>
<par/>
</text></cell>
<cell topBorder="White" bottomBorder="White" width="698" height="77">
<text>
<par>
<line>.</line></par>
</text></cell></row>
<row>
<cell topBorder="White" bottomBorder="White" width="717" height="57">
<text>
<par>
<line>le Plan Local d’Urbanisme</line></par>
</text></cell>
<cell topBorder="White" bottomBorder="White" width="165" height="57">
<text>
<par/>
</text></cell>
<cell topBorder="White" bottomBorder="White" width="698" height="57">
<text>
<par/>
</text></cell></row>
<row>
<cell topBorder="White" width="717" height="95">
<text>
<par/>
</text></cell>
<cell topBorder="White" bottomBorder="White" width="165" height="95">
<text>
<par/>
</text></cell>
<cell topBorder="White" width="698" height="95">
<text>
<par/>
</text></cell></row>
</block>
<block><region><rect/></region>
<text>
<par>
<line>POUR DIFFUSION SUITE CONTROLE DE LA LEGALITE</line></par>
<par>
<line>Prescription du PLU par révision du POS : 27 mars 2009</line>
<line>POS approuvé en 1981</line></par>
</text>
</block>
<block><region><rect/></region>
<text>
<par>
<line>Dossier d’élaboration du PLU réalisé par :</line></par>
<par>
<line>PERSPECTIVES</line></par>
<par>
<line>2, rue de la Gare</line>
<line>10 150 CHARMONT s/B.</line></par>
<par>
<line>Tél : 03.25.40.05.90.</line></par>
<par>
<line>Fax : 03.25.40.05.89.</line></par>
<par>
<line>Mail : perspectives@perspectives-urba.com</line></par>
</text>
</block>
<block><region><rect/></region>
<text>
<par>
<line>Perspectives</line></par>
</text>
</block>
<block><region><rect/><rect/><rect/></region>
<text>
<par>
<line>^'\im</line></par>
</text>
</block>
<block><region><rect/></region>
<text>
<par>
<line>URIA* E ft PAV~&gt;AQ</line></par>
</text>
</block>






</page>
<page width="2481" height="3508" resolution="300">
<block><region><rect/></region>
<text>
<par>
<line>Commune de MAIZIERES-LA-GRANDE-PAROISSE</line></par>
</text>
</block>
<block><region><rect/></region>
<text>
<par>
<line>Elaboration du P.LU. par révision du P.O.S.</line></par>
</text>
</block>
<block><region><rect/></region>
<text>
<par>
<line>PREAMBULE</line></par>
</text>
</block>
<block><region><rect/></region>
<text>
<par>
<line>La loi Urbanisme et Habitat du 02 juillet 2003 a institué un nouveau document d'urbanisme dans les</line>
<line>Plans Locaux d’Urbanisme : les Orientations d’Aménagement. Cette partie existait avant l’instauration de la</line>
<line>loi Urbanisme et Habitat dans le Projet d'Aménagement et de Développement Durable. Désormais, ces</line>
<line>parties forment deux documents distincts.</line></par>
<par>
<line>Depuis la loi Grenelle II du 12 Juillet 2010, celles-ci sont désormais obligatoires et leur terminologie a</line>
<line>évolué : il s’agit désormais des Orientations d’Aménagement et de Programmation.</line></par>
</text>
</block>
<block><region><rect/></region>
<text>
<par>
<line>A/ Objectifs et définition des Orientations d’Aménagement et de</line>
<line>Programmation</line></par>
<par>
<line>&gt; L’objet des orientations d’aménagement et de programmation peut être potentiellement triple à</line>
<line>savoir : aménagement, habitat et transports/déplacements.</line></par>
<par>
<line>Pour l’aménagement, les possibilités restent inchangées. Comme auparavant, l’aspect</line>
<line>programmation des équipements et de l’urbanisation reste là encore facultatif.</line></par>
<par>
<line>Pour ce qui concerne l’habitat et les déplacements, les orientations d’aménagement et de</line>
<line>programmation tiendront lieu de programme local de l’habitat (PLH) et de plans de déplacements</line>
<line>urbains (PDU).</line></par>
<par>
<line>&gt; L’article L.123-1-4 du Code de l'Urbanisme est ainsi définit :</line></par>
<par>
<line>« Dans le respect des orientations définies par le projet d'aménagement et de développement</line>
<line>durables, les orientations d'aménagement et de programmation comprennent des dispositions</line>
<line>portant sur l'aménagement, l'habitat, les transports et les déplacements.</line></par>
<par>
<line>1. En ce qui concerne l'aménagement, les orientations peuvent définir les actions et opérations</line>
<line>nécessaires pour mettre en valeur l'environnement, les paysages, les entrées de villes et le</line>
<line>patrimoine, lutter contre l'insalubrité, permettre le renouvellement urbain et assurer le</line>
<line>développement de la commune.</line></par>
<par>
<line>Elles peuvent comporter un échéancier prévisionnel de l'ouverture à l'urbanisation des zones à</line>
<line>urbaniser et de la réalisation des équipements correspondants.</line></par>
<par>
<line>Elles peuvent porter sur des quartiers ou des secteurs à mettre en valeur, réhabiliter, restructurer</line>
<line>ou aménager.</line></par>
<par>
<line>Elles peuvent prendre la forme de schémas d'aménagement et préciser les principales</line>
<line>caractéristiques des voies et espaces publics.</line></par>
<par>
<line>2. En ce qui concerne l'habitat, elles définissent les objectifs et les principes d'une politique visant</line>
<line>à répondre aux besoins en logements et en hébergements, à favoriser le renouvellement urbain et</line>
<line>la mixité sociale et à améliorer l'accessibilité du cadre bâti aux personnes handicapées en assurant</line>
<line>entre les communes et entre les quartiers d'une même commune une répartition équilibrée et</line>
<line>diversifiée de l'offre de logements.</line></par>
<par>
<line>Elles tiennent lieu du programme local de l'habitat défini par les articles L. 302-1 à L. 302-4 du</line>
<line>code de la construction et de l'habitation.</line></par>
</text>
</block>
<block><region><rect/></region>
<text>
<par>
<line>2</line></par>
</text>
</block>
<block><region><rect/></region>
<text>
<par>
<line>PERSPECTIVES Urbanisme et Paysage - O.A.P. -</line></par>
</text>
</block>


<block blockType="Picture" blockName="" l="2057" t="3283" r="2131" b="3453"><region><rect/></region>
</block>
</page>
<page width="2481" height="3508" resolution="300">
<block><region><rect/></region>
<text>
<par>
<line>Commune de MAIZIERES-LA-GRANDE-PAROISSE</line></par>
</text>
</block>
<block><region><rect/></region>
<text>
<par>
<line>Elaboration du P.LU. par révision du P.O.S.</line></par>
</text>
</block>
<block><region><rect/></region>
<text>
<par>
<line>3. En ce qui concerne les transports et les déplacements, elles définissent l'organisation des</line>
<line>transports de personnes et de marchandises, de la circulation et du stationnement.</line></par>
<par>
<line>Elles tiennent lieu du plan de déplacements urbains défini par les articles 28 à 28-4 de la loi n° 82-</line>
<line>1153 du 30 décembre 1982 d'orientation des transports intérieurs.</line></par>
<par>
<line>Lorsqu'un plan local d'urbanisme est établi et approuvé par une commune non membre d'un</line>
<line>établissement public de coopération intercommunale, il ne comprend pas les règles, orientations et</line>
<line>programmations prévues au 2 et au présent 3. Lorsqu'un plan local d'urbanisme est établi et</line>
<line>approuvé par un établissement public de coopération intercommunale qui n'est pas autorité</line>
<line>compétente pour l'organisation des transports urbains, il ne comprend pas les règles, orientations</line>
<line>et programmations prévues au présent 3.</line></par>
</text>
</block>
<block><region><rect/></region>
<text>
<par>
<line>B / Les orientations</line></par>
</text>
</block>
<block><region><rect/></region>
<text>
<par>
<line>Ces orientations sont un élément important des P.L.U. Elles permettent une concrétisation et une</line>
<line>matérialisation des enjeux de la commune sur des quartiers précis de celle-ci.</line></par>
<par>
<line>Les Orientations d’Aménagement et de Programmation permettent à la commune de préciser les</line>
<line>conditions d’aménagement de certains secteurs qui vont connaître un développement ou une</line>
<line>restructuration particulière.</line></par>
<par>
<line>Elles sont un élément commun à l’ensemble des pièces du P.L.U. comme le montre le schéma suivant.</line></par>
</text>
</block>
<block><region><rect/></region>
<text>
<par>
<line>Schéma d’orËanisation des pièces constitutives du Plan Local d'Urbanisme</line></par>
<par>
<line>fexcepté le rapport de présentation)</line></par>
</text>
</block>
<block><region><rect/><rect/></region>
<text>
<par>
<line>Projet d’Aménagement et de</line>
<line>Développement Durables - P.A.D.D.</line></par>
<par>
<line>fonction de présentation du projet communal</line></par>
<par>
<line>Âk Cohérence avec</line></par>
</text>
</block>
<block><region><rect/><rect/></region>
<text>
<par>
<line>Orientations d’aménagement</line>
<line>sectorisées</line></par>
<par>
<line>fonction opérationnelle</line></par>
</text>
</block>
<block><region><rect/></region>
<text>
<par/>
</text>
</block>
<block><region><rect/><rect/></region>
<text>
<par>
<line>patibilité</line></par>
<par>
<line>avec</line></par>
</text>
</block>
<block><region><rect/></region>
<text>
<par>
<line>Occupations</line>
<line>des sols</line></par>
</text>
</block>
<block><region><rect/></region>
<text>
<par>
<line>Cohérence</line></par>
</text>
</block>
<block><region><rect/></region>
<text>
<par>
<line>Règlement graphique et écrit</line></par>
<par>
<line>fonction réelementaire</line></par>
</text>
</block>
<block><region><rect/></region>
<text>
<par>
<line>Opposabilité aux</line></par>
</text>
</block>
<block><region><rect/></region>
<text>
<par>
<line>ANNEXES</line></par>
<par>
<line>fonction d’informations</line></par>
</text>
</block>
<block><region><rect/></region>
<text>
<par>
<line>3</line></par>
</text>
</block>
<block><region><rect/></region>
<text>
<par>
<line>PERSPECTIVES Urbanisme et Paysage - O.A.P. -</line></par>
</text>
</block>











<block blockType="Picture" blockName="" l="782" t="2410" r="1506" b="2607"><region><rect/></region>
</block>
<block blockType="Picture" blockName="" l="2057" t="3283" r="2131" b="3453"><region><rect/></region>
</block>
</page>
<page width="2481" height="3508" resolution="300">
<block><region><rect/></region>
<text>
<par>
<line>Commune de MAIZIERES-LA-GRANDE-PAROISSE</line></par>
</text>
</block>
<block><region><rect/></region>
<text>
<par>
<line>Elaboration du P.LU. par révision du P.O.S.</line></par>
</text>
</block>
<block><region><rect/></region>
<text>
<par>
<line>LES ORIENTATIONS D’AMENAGEMENT ET DE</line></par>
<par>
<line>PROGRAMMATION</line></par>
</text>
</block>
<block><region><rect/></region>
<text>
<par>
<line>Les zones d’urbanisation future ont été définies dans le but de donner de l’épaisseur au bâti à proximité du</line>
<line>bourg, et des équipements afin d’encadrer l’extension de l’enveloppe urbaine.</line></par>
<par>
<line>Les zones d’urbanisation future à vocation d’activités économiques (2ALIXa et AUY) font l’objet d’études</line>
<line>d’entrée de ville. Les aménagements prévus pour ces sites sont indiqués dans le rapport de présentation,</line>
<line>dans la partie dédiée aux études d’entrées de ville.</line></par>
<par>
<line>Seul le secteur 2ALIX à l’est de la zone UX de l’aérodrome fait l’objet d’une orientation d’aménagement</line>
<line>dans cette pièce 4 du dossier de PLU.</line></par>
<par>
<line>Concernant les extensions futures à vocation mixte (habitat, équipement, activités...) les élus ont choisi de</line>
<line>classer certains secteurs restreints en lAU et la majorité du potentiel en 2AU afin de favoriser</line>
<line>l’urbanisation des « dents creuses » en zone urbaine, puis les secteurs ciblés en lAU et de faire une</line>
<line>modification du PLU pour ouvrir à long terme les zones 2AU.</line></par>
<par>
<line>Ces choix traduisent la volonté des élus d’avoir une urbanisation progressive et maîtrisée de leur</line>
<line>développement urbain.</line></par>
</text>
</block>
<block><region><rect/><rect/></region>
<text>
<par>
<line>Localisation des zones étudiées :</line></par>
</text>
</block>
<block><region><rect/></region>
<text>
<par/>
</text>
</block>
<block><region><rect/></region>
<text>
<par>
<line>» !</line></par>
</text>
</block>
<block><region><rect/></region>
<text>
<par>
<line>1AU/2AU</line></par>
</text>
</block>
<block><region><rect/></region>
<text>
<par/>
</text>
</block>
<block><region><rect/></region>
<text>
<par>
<line>u3è d'ëhtrée de idia Est</line></par>
</text>
</block>
<block><region><rect/></region>
<text>
<par/>
</text>
</block>
<block><region><rect/></region>
<text>
<par>
<line>II]</line></par>
</text>
</block>
<block><region><rect/></region>
<text>
<par/>
</text>
</block>
<block><region><rect/></region>
<text>
<par>
<line>2AUX</line></par>
</text>
</block>
<block><region><rect/></region>
<text>
<par/>
</text>
</block>
<block><region><rect/></region>
<text>
<par>
<line>PERSPECTIVES Urbanisme et Paysage - O.A.P. -</line></par>
</text>
</block>


























































<block blockType="Picture" blockName="" l="2057" t="3283" r="2131" b="3453"><region><rect/></region>
</block>
<block blockType="Picture" blockName="" l="1542" t="2197" r="1595" b="2226"><region><rect/></region>
</block>
</page>
<page width="2481" height="3508" resolution="300">
<block><region><rect/></region>
<text>
<par>
<line>Commune de MAIZIERES-LA-GRANDE-PAROISSE</line></par>
</text>
</block>
<block><region><rect/></region>
<text>
<par>
<line>Elaboration du P.LU. par révision du P.O.S.</line></par>
</text>
</block>
<block><region><rect/></region>
<text>
<par>
<line>A / Préconisations pour la zone lAU, près du stade</line></par>
<par>
<line>(2 ha urbanisables)</line></par>
<par>
<line>Schéma de Drincipe :</line></par>
<par>
<line>Les aménagements futurs devront conserver l’esprit des tracés indicatifs du schéma présenté ci-dessous.</line></par>
</text>
</block>
<block><region><rect/></region>
<text>
<par/>
</text>
</block>
<block><region><rect/></region>
<text>
<par/>
</text>
</block>
<block><region><rect/></region>
<text>
<par>
<line>S^nTinagricole</line></par>
</text>
</block>
<block><region><rect/></region>
<text>
<par>
<line>Nouveau</line>
<line>stade “</line></par>
</text>
</block>
<block><region><rect/></region>
<text>
<par>
<line>©</line></par>
</text>
</block>
<block><region><rect/></region>
<text>
<par>
<line>Espace urbanisé</line>
<line>Voirie principale</line>
<line>Voirie secondaire</line>
<line>Circulation douce</line>
<line>Espace public</line>
<line>Frange urbaine</line></par>
</text>
</block>
<block><region><rect/></region>
<text>
<par>
<line>L’aménagement de ce site consiste à permettre une urbanisation à proximité de la zone d’équipements</line>
<line>(stade...), en continuité de l’urbanisation récente du Clos du Roy.</line></par>
<par>
<line>La desserte des futures constructions s’appuie sur le chemin rural dit la Voie des Moulins. Un traitement de</line>
<line>la frange permettra de conforter l’espace tampon entre l’espace bâti et l’espace agricole, en continuité de</line>
<line>l’aménagement paysager du Clos du Roy.</line></par>
<par>
<line>Afin de favoriser une continuité des circulations douces, un cheminement est prévu depuis la Voie des</line>
<line>Moulins vers le Clos du Roy.</line></par>
</text>
</block>
<block><region><rect/></region>
<text>
<par>
<line>5</line></par>
</text>
</block>
<block><region><rect/></region>
<text>
<par>
<line>PERSPECTIVES Urbanisme et Paysage - O.A.P. -</line></par>
</text>
</block>




















<block blockType="Picture" blockName="" l="2057" t="3283" r="2131" b="3453"><region><rect/></region>
</block>
</page>
<page width="2481" height="3508" resolution="300">
<block><region><rect/></region>
<text>
<par>
<line>Commune de MAIZIERES-LA-GRANDE-PAROISSE</line></par>
</text>
</block>
<block><region><rect/></region>
<text>
<par>
<line>Elaboration du P.LU. par révision du P.O.S.</line></par>
</text>
</block>
<block><region><rect/></region>
<text>
<par>
<line>B / Préconisations pour les zones lAU et 2AU,</line>
<line>au nord-est du bourg</line></par>
<par>
<line>(un total de 20,7 ha urbanisables)</line></par>
</text>
</block>
<block><region><rect/></region>
<text>
<par>
<line>Schéma de principe :</line></par>
<par>
<line>Les aménagements futurs devront conserver l’esprit des tracés indicatifs du schéma présenté ci-dessous.</line></par>
</text>
</block>
<block><region><rect/></region>
<text>
<par/>
</text>
</block>
<block><region><rect/></region>
<text>
<par/>
</text>
</block>
<block><region><rect/></region>
<text>
<par/>
</text>
</block>
<block><region><rect/></region>
<text>
<par>
<line>f .,</line></par>
</text>
</block>
<block><region><rect/></region>
<text>
<par>
<line>UA</line></par>
</text>
</block>
<block><region><rect/></region>
<text>
<par>
<line>h</line></par>
</text>
</block>
<block><region><rect/></region>
<text>
<par>
<line>w ,v</line></par>
</text>
</block>
<block><region><rect/></region>
<text>
<par>
<line>«I</line></par>
</text>
</block>
<block><region><rect/></region>
<text>
<par>
<line>9 r.- mÊL ---h</line></par>
</text>
</block>
<block><region><rect/></region>
<text>
<par/>
</text>
</block>
<block><region><rect/></region>
<text>
<par>
<line>U</line></par>
</text>
</block>
<block><region><rect/></region>
<text>
<par/>
</text>
</block>
<block><region><rect/><rect/><rect/></region>
<text>
<par/>
</text>
</block>
<block><region><rect/></region>
<text>
<par>
<line>i)</line></par>
</text>
</block>
<block><region><rect/></region>
<text>
<par/>
</text>
</block>
<block><region><rect/></region>
<text>
<par/>
</text>
</block>
<block><region><rect/></region>
<text>
<par/>
</text>
</block>
<block><region><rect/></region>
<text>
<par/>
</text>
</block>
<block><region><rect/></region>
<text>
<par/>
</text>
</block>
<block><region><rect/></region>
<text>
<par/>
</text>
</block>
<block><region><rect/></region>
<text>
<par/>
</text>
</block>
<block><region><rect/></region>
<text>
<par/>
</text>
</block>
<block><region><rect/></region>
<text>
<par/>
</text>
</block>
<block><region><rect/></region>
<text>
<par>
<line>/</line></par>
</text>
</block>
<block><region><rect/></region>
<text>
<par>
<line>A</line></par>
</text>
</block>
<block><region><rect/></region>
<text>
<par>
<line>Espace urbanisé</line>
<line>Voirie principale</line>
<line>Voirie secondaire</line>
<line>Circulation douce</line>
<line>Espace public</line>
<line>Frange urbaine</line></par>
</text>
</block>
<block><region><rect/><rect/></region>
<text>
<par>
<line>Phasage envisaËé :</line></par>
</text>
</block>
<block><region><rect/></region>
<text>
<par>
<line>€ m</line></par>
</text>
</block>
<block><region><rect/></region>
<text>
<par>
<line>rv f. 1 JA J» "</line></par>
<par>
<line>&lt;9 «1* r «9 • _ #</line></par>
</text>
</block>
<block><region><rect/></region>
<text>
<par/>
</text>
</block>
<block><region><rect/></region>
<text>
<par>
<line>•F</line></par>
</text>
</block>
<block><region><rect/></region>
<text>
<par>
<line>,</line></par>
</text>
</block>
<block><region><rect/></region>
<text>
<par/>
</text>
</block>
<block><region><rect/></region>
<text>
<par>
<line>&lt;7 ^</line></par>
</text>
</block>
<block><region><rect/></region>
<text>
<par/>
</text>
</block>
<block><region><rect/></region>
<text>
<par>
<line>©</line></par>
</text>
</block>
<block><region><rect/></region>
<text>
<par/>
</text>
</block>
<block><region><rect/></region>
<text>
<par>
<line>1</line></par>
</text>
</block>
<block><region><rect/></region>
<text>
<par>
<line>O</line></par>
</text>
</block>
<block><region><rect/></region>
<text>
<par>
<line>r</line></par>
</text>
</block>
<block><region><rect/></region>
<text>
<par/>
</text>
</block>
<block><region><rect/></region>
<text>
<par>
<line>r</line></par>
</text>
</block>
<block><region><rect/></region>
<text>
<par>
<line>©</line></par>
</text>
</block>
<block><region><rect/></region>
<text>
<par>
<line>X»' —-</line></par>
</text>
</block>
<block><region><rect/></region>
<text>
<par>
<line>©</line></par>
</text>
</block>
<block><region><rect/></region>
<text>
<par>
<line>1</line></par>
</text>
</block>
<block><region><rect/></region>
<text>
<par>
<line>A</line></par>
</text>
</block>
<block><region><rect/></region>
<text>
<par>
<line>6</line></par>
</text>
</block>
<block><region><rect/></region>
<text>
<par>
<line>PERSPECTIVES Urbanisme et Paysage - O.A.P. -</line></par>
</text>
</block>
















<block blockType="Picture" blockName="" l="1542" t="1251" r="1693" b="1370"><region><rect/></region>
</block>
<block blockType="Picture" blockName="" l="2057" t="3283" r="2131" b="3453"><region><rect/></region>
</block>
</page>
<page width="2481" height="3508" resolution="300">
<block><region><rect/></region>
<text>
<par>
<line>Commune de MAIZIERES-LA-GRANDE-PAROISSE</line></par>
</text>
</block>
<block><region><rect/></region>
<text>
<par>
<line>Elaboration du P.LU. par révision du P.O.S.</line></par>
</text>
</block>
<block><region><rect/></region>
<text>
<par>
<line>L’aménagement de l’ensemble de ce site propose une urbanisation progressive, par phase, qui permet à</line>
<line>chacune des étapes d’être réalisées indépendamment dans le cas où le phasage serait amené à être</line>
<line>modifié.</line></par>
<par>
<line>Un espace potentiel existe toujours le long de la rue Joliot Curie (RD20) qui est classé en UA. Ce site fait</line>
<line>l’objet de différents emplacements réservés qui permettent d’anticiper la desserte de la future zone</line>
<line>d’urbanisation.</line></par>
<par>
<line>Une zone lAU est proposée de part et d’autre de la rue de l’Orme pour amorcer un épaississement de</line>
<line>l’enveloppe urbaine dans ce secteur.</line></par>
<par>
<line>Le reste du site est en 2AU, au regard de son dimensionnement et du phasage retenu.</line></par>
<par>
<line>L’aménagement s’appuie une hiérarchisation du réseau de voiries et de cheminements qui permet</line>
<line>d’affirmer des axes principaux connectés aux principales rues actuelles.</line></par>
<par>
<line>Des voiries secondaires desservent les îlots. L’ensemble du site est renforcé par un maillage de</line>
<line>cheminements qui permet de favoriser les déplacements doux.</line></par>
<par>
<line>Des centralités sont affirmées par des espaces publics qui pourront s’accompagner d’équipements publics</line>
<line>ou de commerces de proximité afin que cet ensemble urbain connaisse une dynamique de vie locale et que</line>
<line>ce ne soit pas uniquement des quartiers d’habitations.</line></par>
<par>
<line>Les franges extérieures et celles concluant chaque phase sont traitées afin d’intégrer l’urbanisation</line>
<line>progressivement dans le paysage et de dessiner des limites (même temporaires) de l’urbanisation.</line></par>
<par>
<line>Des espaces potentiel pour des amorces de voiries sont prévus afin d’anticiper une urbanisation probable</line>
<line>à très long terme (en dehors de ce PLU).</line></par>
</text>
</block>
<block><region><rect/></region>
<text>
<par>
<line>7</line></par>
</text>
</block>
<block><region><rect/></region>
<text>
<par>
<line>PERSPECTIVES Urbanisme et Paysage - O.A.P. -</line></par>
</text>
</block>


<block blockType="Picture" blockName="" l="2057" t="3283" r="2131" b="3453"><region><rect/></region>
</block>
</page>
<page width="2481" height="3508" resolution="300">
<block><region><rect/></region>
<text>
<par>
<line>Commune de MAIZIERES-LA-GRANDE-PAROISSE</line></par>
</text>
</block>
<block><region><rect/></region>
<text>
<par>
<line>Elaboration du P.LU. par révision du P.O.S.</line></par>
</text>
</block>
<block><region><rect/></region>
<text>
<par>
<line>C/ Préconisations pour la zone 2AUX, à l’est de la zone</line></par>
<par>
<line>d’activités de l’aérodrome</line></par>
<par>
<line>(12 ha urbanisables)</line></par>
</text>
</block>
<block><region><rect/></region>
<text>
<par>
<line>Schéma de principe :</line></par>
</text>
</block>
<block><region><rect/></region>
<text>
<par>
<line>Les aménagements futurs devront conserver l’esprit des tracés indicatifs du schéma présenté ci-dessous.</line></par>
</text>
</block>
<block><region><rect/></region>
<text>
<par>
<line>ux</line></par>
</text>
</block>
<block><region><rect/></region>
<text>
<par>
<line>ZP</line></par>
</text>
</block>
<block><region><rect/></region>
<text>
<par>
<line>Site economique</line>
<line>de l’aérodrome</line></par>
</text>
</block>
<block><region><rect/></region>
<text>
<par>
<line>X</line></par>
</text>
</block>
<block><region><rect/></region>
<text>
<par>
<line>at'O</line></par>
</text>
</block>
<block><region><rect/></region>
<text>
<par>
<line>200 rn</line></par>
</text>
</block>
<block><region><rect/></region>
<text>
<par>
<line>Espace urbanisé</line>
<line>Voirie principale</line>
<line>Voirie secondaire</line>
<line>Circulation douce</line>
<line>Espace public</line>
<line>Frange urbaine</line></par>
</text>
</block>
<block><region><rect/></region>
<text>
<par>
<line>Cette zone 2AUX traduit la volonté des élus d’anticiper le développement économique sur le site de l’ancien</line>
<line>aérodrome. L’aménagement de ce secteur dépend de la réalisation du projet de déviation (à moyen, voir</line>
<line>long terme), ainsi que des dernières tranches de travaux sur le site de l’aérodrome. La proposition</line>
<line>d’aménagement est donc succincte. Elle s’appuie en particulier sur le traitement de la frange végétale Est</line>
<line>et sur une desserte continue du site pour se connecter au pôle économique adjacent.</line></par>
</text>
</block>
<block><region><rect/></region>
<text>
<par>
<line>8</line></par>
</text>
</block>
<block><region><rect/></region>
<text>
<par>
<line>PERSPECTIVES Urbanisme et Paysage - O.A.P. -</line></par>
</text>
</block>

















<block blockType="Picture" blockName="" l="2057" t="3283" r="2131" b="3453"><region><rect/></region>
</block>
</page>
<page width="2768" height="3705" resolution="300">
<block><region><rect/><rect/><rect/><rect/></region>
<text>
<par>
<line>Commune de MAIZIERES-LA-GRANDE-PAROISSE_Elaboration du P.LU par révision du P.O.S.</line></par>
<par>
<line>Préconisations pour les entrées de ville</line></par>
</text>
</block>
<block><region><rect/></region>
<text>
<par>
<line>D/</line></par>
</text>
</block>
<block><region><rect/></region>
<text>
<par>
<line>3rise de la bande des 75m sur</line></par>
</text>
</block>
<block><region><rect/></region>
<text>
<par>
<line>la r.nffîffîtiü^</line></par>
</text>
</block>
<block><region><rect/></region>
<text>
<par>
<line>Ern</line></par>
</text>
</block>
<block><region><rect/></region>
<text>
<par/>
</text>
</block>
<block><region><rect/></region>
<text>
<par/>
</text>
</block>
<block><region><rect/></region>
<text>
<par>
<line>K</line></par>
</text>
</block>
<block><region><rect/></region>
<text>
<par/>
</text>
</block>
<block><region><rect/></region>
<text>
<par/>
</text>
</block>
<block><region><rect/></region>
<text>
<par/>
</text>
</block>
<block><region><rect/></region>
<text>
<par/>
</text>
</block>
<block><region><rect/></region>
<text>
<par>
<line>UA</line></par>
</text>
</block>
<block><region><rect/></region>
<text>
<par>
<line>i</line></par>
</text>
</block>
<block><region><rect/></region>
<text>
<par/>
</text>
</block>
<block><region><rect/></region>
<text>
<par/>
</text>
</block>
<block><region><rect/></region>
<text>
<par/>
</text>
</block>
<block><region><rect/></region>
<text>
<par>
<line>r</line></par>
</text>
</block>
<block><region><rect/></region>
<text>
<par/>
</text>
</block>
<block><region><rect/></region>
<text>
<par/>
</text>
</block>
<block><region><rect/></region>
<text>
<par>
<line>m</line></par>
</text>
</block>
<block><region><rect/></region>
<text>
<par>
<line>(Source</line></par>
</text>
</block>
<block><region><rect/></region>
<text>
<par>
<line>7©&lt;traitdu zonage en date</line></par>
</text>
</block>
<block><region><rect/></region>
<text>
<par>
<line>du 15/03/11)</line></par>
</text>
</block>
<block><region><rect/></region>
<text>
<par>
<line>D.l. Site EST</line></par>
</text>
</block>
<block><region><rect/></region>
<text>
<par>
<line>-itp Qt riB ses afeaiSS</line>
<line>anisat!0!ldu.siîê-s-^^-</line></par>
</text>
</block>
<block><region><rect/></region>
<text>
<par>
<line>Emprise des 75 m sur le Site ES :</line></par>
</text>
</block>
<block><region><rect/></region>
<text>
<par>
<line>or</line></par>
</text>
</block>
<block><region><rect/></region>
<text>
<par/>
</text>
</block>
<block><region><rect/></region>
<text>
<par/>
</text>
</block>
<block><region><rect/></region>
<text>
<par>
<line>A</line></par>
</text>
</block>
<block><region><rect/></region>
<text>
<par/>
</text>
</block>
<block><region><rect/></region>
<text>
<par>
<line>fp m</line></par>
</text>
</block>
<block><region><rect/></region>
<text>
<par>
<line>y</line></par>
</text>
</block>
<block><region><rect/></region>
<text>
<par/>
</text>
</block>
<block><region><rect/></region>
<text>
<par>
<line>108 ouum</line></par>
</text>
</block>
<block><region><rect/></region>
<text>
<par/>
</text>
</block>
<block><region><rect/></region>
<text>
<par>
<line>m\</line></par>
</text>
</block>
<block><region><rect/></region>
<text>
<par/>
</text>
</block>
<block><region><rect/></region>
<text>
<par>
<line>■■</line></par>
</text>
</block>
<block><region><rect/></region>
<text>
<par>
<line>49</line></par>
</text>
</block>
<block><region><rect/></region>
<text>
<par>
<line>Km</line></par>
</text>
</block>
<block><region><rect/></region>
<text>
<par/>
</text>
</block>
<block><region><rect/></region>
<text>
<par>
<line>N</line></par>
</text>
</block>
<block><region><rect/></region>
<text>
<par>
<line>li IP</line></par>
</text>
</block>
<block><region><rect/></region>
<text>
<par/>
</text>
</block>
<block><region><rect/></region>
<text>
<par/>
</text>
</block>
<block><region><rect/></region>
<text>
<par>
<line>0-</line></par>
</text>
</block>
<block><region><rect/></region>
<text>
<par/>
</text>
</block>
<block><region><rect/></region>
<text>
<par/>
</text>
</block>
<block><region><rect/></region>
<text>
<par>
<line>A</line></par>
</text>
</block>
<block><region><rect/></region>
<text>
<par/>
</text>
</block>
<block><region><rect/></region>
<text>
<par/>
</text>
</block>
<block><region><rect/></region>
<text>
<par>
<line>A</line></par>
</text>
</block>
<block><region><rect/></region>
<text>
<par>
<line>*</line></par>
</text>
</block>
<block><region><rect/></region>
<text>
<par>
<line>100</line></par>
</text>
</block>
<block><region><rect/></region>
<text>
<par>
<line>perspectives</line></par>
</text>
</block>
<block><region><rect/></region>
<text>
<par>
<line>Urbanisme</line></par>
</text>
</block>
<block><region><rect/></region>
<text>
<par>
<line>et Paysage</line></par>
</text>
</block>
<block><region><rect/></region>
<text>
<par>
<line>- O.A.P- -</line></par>
</text>
</block>
































































































































































































































<block blockType="Picture" blockName="" l="1402" t="2534" r="1499" b="2603"><region><rect/></region>
</block>
</page>
<page width="2481" height="3508" resolution="300">
<block><region><rect/></region>
<text>
<par>
<line>Commune de MAIZIERES-LA-GRANDE-PAROISSE</line></par>
</text>
</block>
<block><region><rect/></region>
<text>
<par>
<line>Elaboration du P.LU. par révision du P.O.S.</line></par>
</text>
</block>
<block><region><rect/></region>
<text>
<par>
<line>Esquisse d'aménagement</line></par>
</text>
</block>
<block><region><rect/></region>
<text>
<par>
<line>Différents scénarios d’aménagement ont été présentés aux élus et à l’architecte et à la paysagiste conseil</line>
<line>de l’Etat. Le projet présenté résulte des remarques des différents intervenants.</line></par>
</text>
</block>
<block><region><rect/></region>
<text>
<par>
<line>Esquisse de l’occupation des sols du projet</line></par>
</text>
</block>
<block><region><rect/><rect/><rect/></region>
<text>
<par/>
</text>
</block>
<block><region><rect/></region>
<text>
<par>
<line>urooine</line></par>
</text>
</block>
<block><region><rect/></region>
<text>
<par>
<line>rutu/e</line></par>
</text>
</block>
<block><region><rect/></region>
<text>
<par>
<line>ZOtlE</line></par>
</text>
</block>
<block><region><rect/></region>
<text>
<par>
<line>4 m-rn</line></par>
</text>
</block>
<block><region><rect/></region>
<text>
<par>
<line>T/</line></par>
</text>
</block>
<block><region><rect/></region>
<text>
<par/>
</text>
</block>
<block><region><rect/></region>
<text>
<par/>
</text>
</block>
<block><region><rect/></region>
<text>
<par>
<line>y &gt;</line></par>
</text>
</block>
<block><region><rect/></region>
<text>
<par>
<line>■ t</line></par>
</text>
</block>
<block><region><rect/></region>
<text>
<par>
<line>Zone</line></par>
</text>
</block>
<block><region><rect/></region>
<text>
<par>
<line>V</line></par>
</text>
</block>
<block><region><rect/></region>
<text>
<par/>
</text>
</block>
<block><region><rect/></region>
<text>
<par/>
</text>
</block>
<block><region><rect/></region>
<text>
<par/>
</text>
</block>
<block><region><rect/></region>
<text>
<par/>
</text>
</block>
<block><region><rect/></region>
<text>
<par/>
</text>
</block>
<block><region><rect/></region>
<text>
<par/>
</text>
</block>
<block><region><rect/></region>
<text>
<par>
<line>Ssb</line></par>
</text>
</block>
<block><region><rect/></region>
<text>
<par>
<line>ouvert</line></par>
</text>
</block>
<block><region><rect/></region>
<text>
<par>
<line>ace</line></par>
</text>
</block>
<block><region><rect/></region>
<text>
<par>
<line>oq</line></par>
</text>
</block>
<block><region><rect/></region>
<text>
<par/>
</text>
</block>
<block><region><rect/></region>
<text>
<par/>
</text>
</block>
<block><region><rect/></region>
<text>
<par/>
</text>
</block>
<block><region><rect/></region>
<text>
<par>
<line>Æ n</line></par>
</text>
</block>
<block><region><rect/></region>
<text>
<par/>
</text>
</block>
<block><region><rect/></region>
<text>
<par/>
</text>
</block>
<block><region><rect/></region>
<text>
<par>
<line>« f</line></par>
</text>
</block>
<block><region><rect/></region>
<text>
<par/>
</text>
</block>
<block><region><rect/></region>
<text>
<par>
<line>' &lt; fl</line></par>
</text>
</block>
<block><region><rect/></region>
<text>
<par>
<line>Future zone îndustHeue</line></par>
</text>
</block>
<block><region><rect/></region>
<text>
<par/>
</text>
</block>
<block><region><rect/></region>
<text>
<par>
<line>^one</line></par>
</text>
</block>
<block><region><rect/></region>
<text>
<par>
<line>Zone încü^^Ble 1 ■ SS</line></par>
<par>
<line>'ê • P ^</line></par>
</text>
</block>
<block><region><rect/></region>
<text>
<par>
<line>Future</line></par>
</text>
</block>
<block><region><rect/></region>
<text>
<par>
<line>zone</line></par>
<par>
<line>iiulustr</line></par>
</text>
</block>
<block><region><rect/></region>
<text>
<par>
<line>Sspoce oqricoje ouvert</line></par>
</text>
</block>
<block><region><rect/></region>
<text>
<par>
<line>Scorb T</line></par>
<par>
<line>"laCkeffi^" f</line></par>
</text>
</block>
<block><region><rect/></region>
<text>
<par>
<line>ësboee aqrieole ouvert</line></par>
</text>
</block>
<block><region><rect/></region>
<text>
<par>
<line>Cette esquisse permet de visualiser l’occupation des sols à long terme. La zone économique tend à se</line>
<line>rapprocher de la zone d’habitat et profite de la voie ferrée pour se développer de part et d’autre. L’espace</line>
<line>agricole permet de maintenir les paysages ouverts entre ces espaces et de servir de zone de tampon.</line></par>
</text>
</block>
<block><region><rect/></region>
<text>
<par>
<line>10</line></par>
</text>
</block>
<block><region><rect/></region>
<text>
<par>
<line>PERSPECTIVES Urbanisme et Paysage - O.A.P. -</line></par>
</text>
</block>









<block blockType="Picture" blockName="" l="210" t="874" r="2206" b="2124"><region><rect/></region>
</block>
<block blockType="Picture" blockName="" l="2057" t="3283" r="2131" b="3453"><region><rect/></region>
</block>
</page>
<page width="2481" height="3508" resolution="300">
<block><region><rect/></region>
<text>
<par>
<line>Commune de MAIZIERES-LA-GRANDE-PAROISSE</line></par>
</text>
</block>
<block><region><rect/></region>
<text>
<par>
<line>Elaboration du P.LU. par révision du P.O.S.</line></par>
</text>
</block>
<block><region><rect/></region>
<text>
<par>
<line>Esquisse de la hiérarchisation des voiries du projet</line></par>
</text>
</block>
<block><region><rect/><rect/><rect/></region>
<text>
<par>
<line>RD 619</line></par>
<par>
<line>Axe principal</line></par>
<par>
<line>Axe secondaire</line></par>
<par>
<line>Circuiation douce</line>
<line>majeure</line></par>
<par>
<line>Voirie existante</line></par>
</text>
</block>
<block><region><rect/></region>
<text>
<par/>
</text>
</block>
<block><region><rect/></region>
<text>
<par/>
</text>
</block>
<block><region><rect/></region>
<text>
<par>
<line>i</line></par>
</text>
</block>
<block><region><rect/></region>
<text>
<par>
<line>4</line></par>
</text>
</block>
<block><region><rect/></region>
<text>
<par>
<line>- . i</line></par>
</text>
</block>
<block><region><rect/></region>
<text>
<par>
<line>«</line></par>
</text>
</block>
<block><region><rect/></region>
<text>
<par>
<line>?</line></par>
</text>
</block>
<block><region><rect/></region>
<text>
<par>
<line>Le développement de la zone industrielle à l’Ouest et au Nord de la zone existante pose la question de la</line>
<line>desserte de ces espaces. Le projet propose donc d’appuyer les dessertes principales sur les axes existants</line>
<line>et de les prolonger.</line></par>
<par>
<line>Sur la partie Ouest, une boucle est prévue pour desservir la zone, pour les poids lourds. Toutefois, afin de</line>
<line>maintenir des continuités avec le village, différents axes sont dédiés aux véhicules légers et aux</line>
<line>circulations douces.</line></par>
<par>
<line>Il en est de même pour la partie Nord, où les poids lourds seront principalement orientés vers l’axe</line>
<line>principal, mais une connexion, parallèle à la voie ferrée, est maintenue entre la zone économique et</line>
<line>l’espace urbanisé.</line></par>
<par>
<line>Les circulations douces seront principalement aménagées sur les axes principaux et en limite ouest du site,</line>
<line>afin de participer au traitement de la frange.</line></par>
<par>
<line>Des places de stationnement ponctuelles pour poids lourds seront matérialisées sur la contre-allée, afin</line>
<line>d’offrir d’avantage de stationnement à proximité de l’entrée du site et du restaurant.</line></par>
</text>
</block>
<block><region><rect/></region>
<text>
<par>
<line>Il</line></par>
</text>
</block>
<block><region><rect/></region>
<text>
<par>
<line>PERSPECTIVES Urbanisme et Paysage - O.A.P. -</line></par>
</text>
</block>









<block blockType="Picture" blockName="" l="210" t="520" r="2206" b="1771"><region><rect/></region>
</block>
<block blockType="Picture" blockName="" l="2057" t="3283" r="2131" b="3453"><region><rect/></region>
</block>
</page>
<page width="2481" height="3508" resolution="300">
<block><region><rect/></region>
<text>
<par>
<line>Commune de MAIZIERES-LA-GRANDE-PAROISSE</line></par>
</text>
</block>
<block><region><rect/></region>
<text>
<par>
<line>Elaboration du P.LU. par révision du P.O.S.</line></par>
</text>
</block>
<block><region><rect/></region>
<text>
<par>
<line>Esquisse de la trame paysagère du projet</line></par>
</text>
</block>
<block><region><rect/></region>
<text>
<par>
<line>Soullgrier (es "pQra((è(es " à (aT?P619</line>
<line>par des ollgnements d-'orbres de baute tige</line></par>
</text>
</block>
<block><region><rect/><rect/></region>
<text>
<par>
<line>Haie vive haute</line>
<line>• • • Arbres d’aiignement</line>
<line>Haie basse</line>
<line>Recui paysager de 15 m</line></par>
</text>
</block>
<block><region><rect/></region>
<text>
<par>
<line>Marquer les perperujtieulaires</line>
<line>par des haies vives boutes</line></par>
</text>
</block>
<block><region><rect/></region>
<text>
<par/>
</text>
</block>
<block><region><rect/></region>
<text>
<par>
<line>1</line></par>
</text>
</block>
<block><region><rect/></region>
<text>
<par/>
</text>
</block>
<block><region><rect/></region>
<text>
<par>
<line>/</line></par>
</text>
</block>
<block><region><rect/></region>
<text>
<par>
<line>Recui / stationnement</line></par>
<par>
<line>pianté</line></par>
</text>
</block>
<block><region><rect/></region>
<text>
<par/>
</text>
</block>
<block><region><rect/></region>
<text>
<par/>
</text>
</block>
<block><region><rect/></region>
<text>
<par/>
</text>
</block>
<block><region><rect/></region>
<text>
<par>
<line>:</line></par>
</text>
</block>
<block><region><rect/></region>
<text>
<par>
<line>•••</line></par>
</text>
</block>
<block><region><rect/></region>
<text>
<par>
<line>••••</line></par>
</text>
</block>
<block><region><rect/></region>
<text>
<par/>
</text>
</block>
<block><region><rect/></region>
<text>
<par>
<line>I</line></par>
</text>
</block>
<block><region><rect/></region>
<text>
<par/>
</text>
</block>
<block><region><rect/></region>
<text>
<par>
<line>■</line></par>
</text>
</block>
<block><region><rect/></region>
<text>
<par/>
</text>
</block>
<block><region><rect/></region>
<text>
<par>
<line>• «</line></par>
</text>
</block>
<block><region><rect/></region>
<text>
<par/>
</text>
</block>
<block><region><rect/></region>
<text>
<par/>
</text>
</block>
<block><region><rect/><rect/></region>
<text>
<par>
<line>dmérurger (e reeul</line>
<line>en espace d-'accueîl,</line>
<line>statiotmemertt planté,</line>
<line>espaces verts...</line></par>
</text>
</block>
<block><region><rect/></region>
<text>
<par>
<line>('ouverture visuelle</line></par>
</text>
</block>
<block><region><rect/></region>
<text>
<par>
<line>Offirmer et aménager t'entrée de la ZI lîenfotcer l'alignement d.'arbres</line></par>
<par>
<line>(parking planté / sigrudétique...) Maintenir des densités differentes</line></par>
<par>
<line>[Zone militaire /ZI)</line></par>
</text>
</block>
<block><region><rect/></region>
<text>
<par>
<line>Le projet s’appuie sur une intégration des extensions de la zone industrielle en harmonie avec l’existant.</line></par>
<par>
<line>La trame paysagère vient valoriser le site et l’unifier. Ainsi les axes parallèles à la RD619 seront soulignés</line>
<line>par des alignements d’arbres de haute-tige qui viendront en écho à ceux existants. L’alignement d’arbres le</line>
<line>long de la RD619 sera prolongé au plus près de l’entrée de la zone économique.</line></par>
<par>
<line>Les axes perpendiculaires, seront marqués par des haies vives hautes, qui créeront des lignes végétales</line>
<line>« denses ».</line></par>
<par>
<line>Les espaces agricoles seront valorisés par le maintien d’une ouverture visuelle totale.</line></par>
<par>
<line>Le recul de 15 m au pourtour du site sera traité en espace vert paysager.</line></par>
<par>
<line>Des haies basses ou des cépées ponctuelles accompagnent les circulations douces.</line></par>
<par>
<line>Les espaces de recul le long de la RD619 seront plantés et serviront d’espaces verts, d’espaces d’accueil,</line>
<line>d’aires de stationnement...</line></par>
</text>
</block>
<block><region><rect/></region>
<text>
<par>
<line>12</line></par>
</text>
</block>
<block><region><rect/></region>
<text>
<par>
<line>PERSPECTIVES Urbanisme et Paysage - O.A.P. -</line></par>
</text>
</block>










<block blockType="Picture" blockName="" l="2057" t="3283" r="2131" b="3453"><region><rect/></region>
</block>
</page>
<page width="2481" height="3508" resolution="300">
<block><region><rect/></region>
<text>
<par>
<line>Commune de MAIZIERES-LA-GRANDE-PAROISSE</line></par>
</text>
</block>
<block><region><rect/></region>
<text>
<par>
<line>Elaboration du P.LU. par révision du P.O.S.</line></par>
</text>
</block>
<block><region><rect/></region>
<text>
<par>
<line>Coupe de l’aménagement proposé le long de la RD619 :</line></par>
</text>
</block>
<block><region><rect/></region>
<text>
<par>
<line>C</line></par>
</text>
</block>
<block><region><rect/></region>
<text>
<par>
<line>19</line></par>
</text>
</block>
<block><region><rect/></region>
<text>
<par/>
</text>
</block>
<block><region><rect/></region>
<text>
<par>
<line>Si</line></par>
</text>
</block>
<block><region><rect/></region>
<text>
<par>
<line>2,5(1</line></par>
</text>
</block>
<block><region><rect/></region>
<text>
<par>
<line>25(a</line></par>
</text>
</block>
<block><region><rect/><rect/><rect/><rect/><rect/><rect/><rect/><rect/><rect/><rect/></region>
<text>
<par>
<line>Talus e-nWlié ' ' Limite, de ftoroelle. traitée Stot^anriement f)(ante</line></par>
<par>
<line>en, espace vert Espace doeeueil</line></par>
<par>
<line>4-laie bosse</line></par>
<par>
<line>Oit</line></par>
<par>
<line>cépée potietuelie</line></par>
</text>
</block>
<block><region><rect/></region>
<text>
<par/>
</text>
</block>
<block><region><rect/></region>
<text>
<par/>
</text>
</block>
<block><region><rect/></region>
<text>
<par/>
</text>
</block>
<block><region><rect/></region>
<text>
<par>
<line>40m</line></par>
</text>
</block>
<block><region><rect/></region>
<text>
<par>
<line>ig</line></par>
</text>
</block>
<block><region><rect/><rect/></region>
<text>
<par>
<line>10 m</line>
<line>Emprise de voirie</line></par>
</text>
</block>
<block><region><rect/></region>
<text>
<par>
<line>"Retrait des bôtiraents à 65 m de l'axe de (a "RD619</line></par>
</text>
</block>
<block><region><rect/></region>
<text>
<par>
<line>Cette coupe permet de visualiser plus précisément l’aménagement le long de la RD619, objet de cette</line>
<line>étude d’entrée de ville.</line></par>
</text>
</block>
<block><region><rect/></region>
<text>
<par>
<line>Contre allée actuelle :</line></par>
</text>
</block>
<block><region><rect/></region>
<text>
<par/>
</text>
</block>
<block><region><rect/></region>
<text>
<par/>
</text>
</block>
<block><region><rect/></region>
<text>
<par/>
</text>
</block>
<block><region><rect/></region>
<text>
<par/>
</text>
</block>
<block><region><rect/></region>
<text>
<par>
<line>K</line></par>
</text>
</block>
<block><region><rect/><rect/><rect/></region>
<text>
<par/>
</text>
</block>
<block><region><rect/></region>
<text>
<par>
<line>Contre allée - proposition d’aménagement :</line></par>
</text>
</block>
<block><region><rect/></region>
<text>
<par>
<line>K</line></par>
</text>
</block>
<block><region><rect/><rect/></region>
<text>
<par/>
</text>
</block>
<block><region><rect/></region>
<text>
<par>
<line>N</line></par>
</text>
</block>
<block><region><rect/></region>
<text>
<par/>
</text>
</block>
<block><region><rect/></region>
<text>
<par/>
</text>
</block>
<block><region><rect/></region>
<text>
<par/>
</text>
</block>
<block><region><rect/></region>
<text>
<par/>
</text>
</block>
<block><region><rect/></region>
<text>
<par/>
</text>
</block>
<block><region><rect/></region>
<text>
<par/>
</text>
</block>
<block><region><rect/></region>
<text>
<par>
<line>r</line></par>
</text>
</block>
<block><region><rect/></region>
<text>
<par>
<line>rtiX</line></par>
</text>
</block>
<block><region><rect/></region>
<text>
<par>
<line>(Source : Perspectives)</line></par>
</text>
</block>
<block><region><rect/></region>
<text>
<par>
<line>13</line></par>
</text>
</block>
<block><region><rect/></region>
<text>
<par>
<line>PERSPECTIVES Urbanisme et Paysage - O.A.P. -</line></par>
</text>
</block>

































































<block blockType="Picture" blockName="" l="2057" t="3283" r="2131" b="3453"><region><rect/></region>
</block>
</page>
<page width="2481" height="3508" resolution="300">
<block><region><rect/></region>
<text>
<par>
<line>Commune de MAIZIERES-LA-GRANDE-PAROISSE</line></par>
</text>
</block>
<block><region><rect/></region>
<text>
<par>
<line>Elaboration du P.LU. par révision du P.O.S.</line></par>
</text>
</block>
<block><region><rect/></region>
<text>
<par>
<line>Ce photomontage illustre que des aménagements paysagers simples permettent de valoriser le site et ses</line>
<line>différents axes, gage d’une attractivité du lieu et d’une image qualitative de la zone économique.</line></par>
<par>
<line>Des places de stationnement poids lourds sont matérialisées sur la chaussée, permettant le stationnement</line>
<line>temporaire et entraînant une circulation alternée réduisant la vitesse.</line></par>
</text>
</block>
<block><region><rect/></region>
<text>
<par>
<line>Esquisse d’aménagement de l’entrée de la zone industrielle :</line></par>
</text>
</block>
<block><region><rect/><rect/></region>
<text>
<par>
<line>Qménager et ofqanîsei’ l'espoGe de stotiotmement</line></par>
<par>
<line>(tmttement quolitottrt p(anïot(&amp;ns, agrandissement de Cespoee...)</line></par>
</text>
</block>
<block><region><rect/><rect/></region>
<text>
<par>
<line>Va(f&gt;tisw le lestawant</line></par>
<par>
<line>(eréotUm d'une ternisse,</line>
<line>aménagement pogsoger..</line></par>
</text>
</block>
<block><region><rect/></region>
<text>
<par/>
</text>
</block>
<block><region><rect/></region>
<text>
<par>
<line>y</line></par>
</text>
</block>
<block><region><rect/></region>
<text>
<par>
<line>V</line></par>
</text>
</block>
<block><region><rect/></region>
<text>
<par>
<line>fl/fif-WM la ploee du p^toti sw l'entiée du sDte</line></par>
<par>
<line>(réduetion de (a vitesse, séfaitttlon des flux, éeKeüe kumoine...]</line></par>
</text>
</block>
<block><region><rect/></region>
<text>
<par>
<line>TfoitemMCt poysogef des pourtours du stotio+memeut</line></par>
<par>
<line>(koies mélangées, arbres ponetuels, espaces veits^.)</line></par>
</text>
</block>
<block><region><rect/></region>
<text>
<par>
<line>L’entrée de la zone industrielle marque un point central dans l’aménagement du site. Il est donc important</line>
<line>d’aménager cet espace en s’appuyer sur la présence d’un restaurant et de la possibilité de matérialiser un</line>
<line>espace de stationnement. L’esquisse ci-dessus présente les aménagements nécessaires au traitement</line>
<line>qualitatif de cette entrée.</line></par>
</text>
</block>
<block><region><rect/></region>
<text>
<par>
<line>14</line></par>
</text>
</block>
<block><region><rect/></region>
<text>
<par>
<line>PERSPECTIVES Urbanisme et Paysage - O.A.P. -</line></par>
</text>
</block>





<block blockType="Picture" blockName="" l="2057" t="3283" r="2131" b="3453"><region><rect/></region>
</block>
</page>
<page width="2481" height="3508" resolution="300">
<block><region><rect/></region>
<text>
<par>
<line>Commune de MAIZIERES-LA-GRANDE-PAROISSE</line></par>
</text>
</block>
<block><region><rect/></region>
<text>
<par>
<line>Elaboration du P.LU. par révision du P.O.S.</line></par>
</text>
</block>
<block><region><rect/></region>
<text>
<par>
<line>D.2. Site OUEST</line></par>
</text>
</block>
<block><region><rect/></region>
<text>
<par>
<line>Organisation du site et de ses abords</line></par>
<par>
<line>Emprise des 75 m sur le site Ouest :</line></par>
</text>
</block>
<block><region><rect/></region>
<text>
<par/>
</text>
</block>
<block><region><rect/></region>
<text>
<par>
<line>//V</line></par>
</text>
</block>
<block><region><rect/></region>
<text>
<par/>
</text>
</block>
<block><region><rect/></region>
<text>
<par>
<line>UA</line></par>
</text>
</block>
<block><region><rect/></region>
<text>
<par/>
</text>
</block>
<block><region><rect/></region>
<text>
<par>
<line>vfSni</line></par>
</text>
</block>
<block><region><rect/></region>
<text>
<par>
<line>+/</line></par>
</text>
</block>
<block><region><rect/></region>
<text>
<par/>
</text>
</block>
<block><region><rect/></region>
<text>
<par>
<line>n</line></par>
</text>
</block>
<block><region><rect/></region>
<text>
<par>
<line>U</line></par>
</text>
</block>
<block><region><rect/></region>
<text>
<par>
<line>%</line></par>
</text>
</block>
<block><region><rect/></region>
<text>
<par/>
</text>
</block>
<block><region><rect/></region>
<text>
<par>
<line>ux</line></par>
</text>
</block>
<block><region><rect/></region>
<text>
<par>
<line>00</line></par>
</text>
</block>
<block><region><rect/></region>
<text>
<par>
<line>500 m</line></par>
</text>
</block>
<block><region><rect/></region>
<text>
<par>
<line>L’emprise des 75 m concerne une grande majorité de la zone étudiée.</line></par>
</text>
</block>
<block><region><rect/></region>
<text>
<par>
<line>Esquisse d*aménagement</line></par>
</text>
</block>
<block><region><rect/></region>
<text>
<par>
<line>Différents scénarios d’aménagement ont été présentés aux élus et à l’architecte et à la paysagiste conseil</line>
<line>de l’Etat. Le projet présenté résulte des remarques des différents intervenants.</line></par>
</text>
</block>
<block><region><rect/></region>
<text>
<par>
<line>15</line></par>
</text>
</block>
<block><region><rect/></region>
<text>
<par>
<line>PERSPECTIVES Urbanisme et Paysage - O.A.P. -</line></par>
</text>
</block>















<block blockType="Picture" blockName="" l="2057" t="3283" r="2131" b="3453"><region><rect/></region>
</block>
</page>
<page width="2481" height="3508" resolution="300">
<block><region><rect/></region>
<text>
<par>
<line>Commune de MAIZIERES-LA-GRANDE-PAROISSE</line></par>
</text>
</block>
<block><region><rect/></region>
<text>
<par>
<line>Elaboration du P.LU. par révision du P.O.S.</line></par>
</text>
</block>
<block><region><rect/></region>
<text>
<par>
<line>Esquisse de l’occupation des sols du projet</line></par>
</text>
</block>
<block><region><rect/></region>
<text>
<par>
<line>Zone,</line></par>
<par>
<line>urbaine</line></par>
</text>
</block>
<block><region><rect/></region>
<text>
<par>
<line>Sspaee ogrieoCe ouvert</line></par>
</text>
</block>
<block><region><rect/></region>
<text>
<par>
<line>Zone eommerctole</line></par>
</text>
</block>
<block><region><rect/></region>
<text>
<par>
<line>Zone d'aetiiiités de L'aéfodrome</line></par>
</text>
</block>
<block><region><rect/></region>
<text>
<par>
<line>Sspaee boisé</line></par>
</text>
</block>
<block><region><rect/></region>
<text>
<par>
<line>SspaeE agricole ouvert</line></par>
</text>
</block>
<block><region><rect/></region>
<text>
<par>
<line>Future</line></par>
<par>
<line>zone</line></par>
<par>
<line>économique</line></par>
</text>
</block>
<block><region><rect/></region>
<text>
<par>
<line>Future</line></par>
<par>
<line>zone</line></par>
<par>
<line>économique</line></par>
</text>
</block>
<block><region><rect/></region>
<text>
<par>
<line>ësfiace agricole ouvert</line></par>
</text>
</block>
<block><region><rect/></region>
<text>
<par>
<line>Zone urbaine</line></par>
</text>
</block>
<block><region><rect/></region>
<text>
<par>
<line>Cette esquisse permet de comprendre que la future zone économique sera l’espace de transition entre la</line>
<line>zone commerciale et artisanale (Romilly / Maizières) et l’espace urbanisé de Maizière.</line></par>
<par>
<line>A l’heure actuelle, l’habitation isolée scinde la zone économique future. L’esquisse proposée tiendra</line>
<line>compte de ce paramètre, tout en proposant une alternative en cas de démolition de cette habitation.</line></par>
<par>
<line>Esquisse de la hiérarchisation des voiries du projet</line></par>
</text>
</block>
<block><region><rect/><rect/><rect/></region>
<text>
<par>
<line>RD 619</line></par>
<par>
<line>Axe principal</line></par>
<par>
<line>Axe secondaire</line></par>
<par>
<line>Circulation douce |</line>
<line>majeure</line></par>
<par>
<line>Voirie existante</line></par>
</text>
</block>
<block><region><rect/></region>
<text>
<par>
<line>a.</line></par>
</text>
</block>
<block><region><rect/></region>
<text>
<par/>
</text>
</block>
<block><region><rect/></region>
<text>
<par/>
</text>
</block>
<block><region><rect/></region>
<text>
<par>
<line>16</line></par>
</text>
</block>
<block><region><rect/></region>
<text>
<par>
<line>PERSPECTIVES Urbanisme et Paysage - O.A.P. -</line></par>
</text>
</block>











<block blockType="Picture" blockName="" l="210" t="2083" r="2164" b="3169"><region><rect/></region>
</block>
<block blockType="Picture" blockName="" l="2057" t="3283" r="2131" b="3453"><region><rect/></region>
</block>
</page>
<page width="2481" height="3508" resolution="300">
<block><region><rect/></region>
<text>
<par>
<line>Commune de MAIZIERES-LA-GRANDE-PAROISSE</line></par>
</text>
</block>
<block><region><rect/></region>
<text>
<par>
<line>Elaboration du P.LU. par révision du P.O.S.</line></par>
</text>
</block>
<block><region><rect/></region>
<text>
<par>
<line>Le projet s’appuie sur un accès depuis le centre commercial de la Belle Idée, ce qui permet de ne pas créer</line>
<line>de nouveaux accès sur la RD619. Cela nécessitera la mise en place d’un franchissement du bassin de</line>
<line>rétention.</line></par>
<par>
<line>La zone d’activités future est alors desservie par un axe principal qui s’appuie sur le chemin dit de la</line>
<line>Guide. L’accès aux parcelles, se fera par un système de boucles (raccordées entre elles ou non selon si la</line>
<line>maison isolée reste ou pas).</line></par>
<par>
<line>Une circulation douce est prévue en parallèle de l’axe principal pour permettre une liaison entre le village</line>
<line>et la zone d’activités.</line></par>
</text>
</block>
<block><region><rect/></region>
<text>
<par>
<line>Esquisse de la trame paysagère du projet</line></par>
</text>
</block>
<block><region><rect/></region>
<text>
<par>
<line>Souligner les "porollèles " à laTÎÜG 19</line>
<line>par des alignements d'arbres de boute tige</line></par>
</text>
</block>
<block><region><rect/></region>
<text>
<par>
<line>Haie vive haute</line>
<line>• • • Arbres d’alignement</line>
<line>Haie basse</line></par>
<par>
<line>Recul paysager de 15 m</line>
<line>(noue, bosquets...)</line></par>
</text>
</block>
<block><region><rect/></region>
<text>
<par>
<line>lUorqutf lËS perpendUiuJaires</line>
<line>bovdes boies vives boules ^</line></par>
</text>
</block>
<block><region><rect/></region>
<text>
<par/>
</text>
</block>
<block><region><rect/></region>
<text>
<par/>
</text>
</block>
<block><region><rect/></region>
<text>
<par/>
</text>
</block>
<block><region><rect/></region>
<text>
<par/>
</text>
</block>
<block><region><rect/></region>
<text>
<par>
<line>••</line></par>
</text>
</block>
<block><region><rect/></region>
<text>
<par>
<line>» »</line></par>
</text>
</block>
<block><region><rect/></region>
<text>
<par>
<line>dméiuigeriaent pagsoger du talus et au. recul</line>
<line>[mmb. plmité, bosquets éparses...)</line></par>
</text>
</block>
<block><region><rect/></region>
<text>
<par>
<line>Uccompogner les axes secondaires</line>
<line>et les circulotions douces</line>
<line>par des baies basses</line></par>
</text>
</block>
<block><region><rect/></region>
<text>
<par>
<line>Le projet reprend le système paysager existant au niveau de la zone d’activités, le long de la RD619, à</line>
<line>savoir un recul agrémenté d’une noue et de plantations ponctuelles. Concernant la zone économique</line>
<line>future, des alignements d’arbres de haute tige marquent les parallèles à la RD619 pour créer des Jeux de</line>
<line>plans.</line></par>
<par>
<line>Les « perpendiculaires » à la RD619 sont traitées par des haies vives hautes, qui permettent de créer un</line>
<line>quadrillage paysager et de traiter les limites avec les espaces habités.</line></par>
<par>
<line>Des haies basses accompagnent les circulations douces et les axes secondaires.</line></par>
</text>
</block>
<block><region><rect/></region>
<text>
<par>
<line>17</line></par>
</text>
</block>
<block><region><rect/></region>
<text>
<par>
<line>PERSPECTIVES Urbanisme et Paysage - O.A.P. -</line></par>
</text>
</block>




<block blockType="Picture" blockName="" l="2057" t="3283" r="2131" b="3453"><region><rect/></region>
</block>
</page>
<page width="2481" height="3508" resolution="300">
<block><region><rect/></region>
<text>
<par>
<line>Commune de MAIZIERES-LA-GRANDE-PAROISSE</line></par>
</text>
</block>
<block><region><rect/></region>
<text>
<par>
<line>Elaboration du P.LU. par révision du P.O.S.</line></par>
</text>
</block>
<block><region><rect/></region>
<text>
<par>
<line>Profil existant sur la RD619</line></par>
</text>
</block>
<block><region><rect/></region>
<text>
<par/>
</text>
</block>
<block><region><rect/></region>
<text>
<par/>
</text>
</block>
<block><region><rect/></region>
<text>
<par/>
</text>
</block>
<block><region><rect/></region>
<text>
<par>
<line>Profil de la RD619 à l’ouest de la zone commerciale,</line>
<line>en zone urbaine</line></par>
</text>
</block>
<block><region><rect/></region>
<text>
<par>
<line>Profil de la RD619 à hauteur du centre</line>
<line>commercial</line></par>
</text>
</block>
<block><region><rect/></region>
<text>
<par>
<line>Sur le site étudié, le profil de la RD619 s’appuiera sur raménagement existant face au centre commercial.</line>
<line>Le recul des bâtiments à 25 m de l’axe de la RD619 reprend le recul existant de l’autre coté de la voirie,</line>
<line>sur le site de l’aérodrome.</line></par>
</text>
</block>
<block><region><rect/></region>
<text>
<par>
<line>Profil du Drolet sur la RD619</line></par>
</text>
</block>
<block><region><rect/></region>
<text>
<par>
<line>3,5</line></par>
</text>
</block>
<block><region><rect/></region>
<text>
<par>
<line>0,8</line></par>
</text>
</block>
<block><region><rect/></region>
<text>
<par>
<line>3,5</line></par>
</text>
</block>
<block><region><rect/></region>
<text>
<par>
<line>:&gt;o</line></par>
</text>
</block>
<block><region><rect/></region>
<text>
<par>
<line>Emprise df la RD(Î19</line></par>
</text>
</block>
<block><region><rect/></region>
<text>
<par>
<line>îr</line></par>
</text>
</block>
<block><region><rect/></region>
<text>
<par>
<line>Recul paysager</line>
<line>8</line></par>
</text>
</block>
<block><region><rect/></region>
<text>
<par>
<line>25</line></par>
</text>
</block>
<block><region><rect/></region>
<text>
<par>
<line>Recul des bâtiments par</line></par>
</text>
</block>
<block><region><rect/></region>
<text>
<par>
<line>rapport à l’axe</line></par>
</text>
</block>
<block><region><rect/></region>
<text>
<par>
<line>stationnement</line></par>
<par>
<line>planté...</line></par>
<par>
<line>7</line></par>
</text>
</block>
<block><region><rect/></region>
<text>
<par>
<line>(stockage interdit)</line></par>
</text>
</block>
<block><region><rect/></region>
<text>
<par>
<line>de la RD619</line></par>
</text>
</block>
<block><region><rect/></region>
<text>
<par>
<line>Bâtiment d’activités</line>
<line>(traitement qualitatif de la façade)</line></par>
</text>
</block>
<block><region><rect/></region>
<text>
<par>
<line>(Coupe : Perspectives)</line></par>
<par>
<line>L’accès au site se fait par le nord. Le photomontage ci-dessous propose de visualiser la future desserte du</line>
<line>site.</line></par>
</text>
</block>
<block><region><rect/></region>
<text>
<par>
<line>Profil actuel du chemin dit de la Guide</line></par>
</text>
</block>
<block><region><rect/></region>
<text>
<par>
<line>18</line></par>
</text>
</block>
<block><region><rect/></region>
<text>
<par>
<line>PERSPECTIVES Urbanisme et Paysage - O.A.P. -</line></par>
</text>
</block>


















































<block blockType="Picture" blockName="" l="2057" t="3283" r="2131" b="3453"><region><rect/></region>
</block>
</page>
<page width="2481" height="3508" resolution="300">
<block><region><rect/></region>
<text>
<par>
<line>Commune de MAIZIERES-LA-GRANDE-PAROISSE</line></par>
</text>
</block>
<block><region><rect/></region>
<text>
<par>
<line>Elaboration du P.LU. par révision du P.O.S.</line></par>
</text>
</block>
<block><region><rect/></region>
<text>
<par/>
</text>
</block>
<block><region><rect/></region>
<text>
<par/>
</text>
</block>
<block><region><rect/></region>
<text>
<par/>
</text>
</block>
<block><region><rect/></region>
<text>
<par>
<line>»</line></par>
</text>
</block>
<block><region><rect/></region>
<text>
<par/>
</text>
</block>
<block><region><rect/></region>
<text>
<par>
<line>"r-./wS- '</line></par>
</text>
</block>
<block><region><rect/></region>
<text>
<par>
<line>Profil du projet de desserte du site</line></par>
</text>
</block>
<block><region><rect/></region>
<text>
<par/>
</text>
</block>
<block><region><rect/></region>
<text>
<par>
<line>«</line></par>
</text>
</block>
<block><region><rect/></region>
<text>
<par/>
</text>
</block>
<block><region><rect/></region>
<text>
<par/>
</text>
</block>
<block><region><rect/></region>
<text>
<par/>
</text>
</block>
<block><region><rect/></region>
<text>
<par>
<line>• i., '".J</line></par>
</text>
</block>
<block><region><rect/></region>
<text>
<par>
<line>■</line></par>
</text>
</block>
<block><region><rect/></region>
<text>
<par>
<line>■&lt; '</line></par>
</text>
</block>
<block><region><rect/></region>
<text>
<par/>
</text>
</block>
<block><region><rect/></region>
<text>
<par/>
</text>
</block>
<block><region><rect/></region>
<text>
<par/>
</text>
</block>
<block><region><rect/></region>
<text>
<par>
<line>©</line></par>
</text>
</block>
<block><region><rect/></region>
<text>
<par/>
</text>
</block>
<block><region><rect/></region>
<text>
<par>
<line>Photomontage : Perspectives (réalisé à titre indicatif)</line></par>
</text>
</block>
<block><region><rect/></region>
<text>
<par>
<line>19</line></par>
</text>
</block>
<block><region><rect/></region>
<text>
<par>
<line>PERSPECTIVES Urbanisme et Paysage - O.A.P. -</line></par>
</text>
</block>



<block blockType="Picture" blockName="" l="2057" t="3283" r="2131" b="3453"><region><rect/></region>
</block>
</page>
</OAP>