<?xml version="1.0" encoding="UTF-8"?><OAP>
<page width="2482" height="3510" resolution="300">
<block><region><rect/></region>
<text>
<par>
<line>m</line></par>
</text>
</block>
<block><region><rect/></region>
<text>
<par/>
</text>
</block>
<block><region><rect/></region>
<text>
<par/>
</text>
</block>
<block><region><rect/></region>
<text>
<par/>
</text>
</block>
<block><region><rect/></region>
<text>
<par/>
</text>
</block>
<block><region><rect/></region>
<text>
<par/>
</text>
</block>
<block><region><rect/></region>
<text>
<par/>
</text>
</block>
<block><region><rect/></region>
<text>
<par/>
</text>
</block>
<block><region><rect/></region>
<text>
<par>
<line>PLANCY-L’ABBAYE</line></par>
</text>
</block>
<block><region><rect/></region>
<text>
<par>
<line>m</line></par>
</text>
</block>
<block><region><rect/></region>
<text>
<par>
<line>Hi</line></par>
</text>
</block>
<block><region><rect/></region>
<text>
<par>
<line>ppj-'j</line></par>
</text>
</block>
<block><region><rect/></region>
<text>
<par/>
</text>
</block>
<block><region><rect/></region>
<text>
<par/>
</text>
</block>
<block><region><rect/></region>
<text>
<par/>
</text>
</block>
<block><region><rect/></region>
<text>
<par/>
</text>
</block>
<block><region><rect/></region>
<text>
<par>
<line>!S</line></par>
</text>
</block>
<block><region><rect/></region>
<text>
<par/>
</text>
</block>
<block><region><rect/></region>
<text>
<par>
<line>f</line></par>
</text>
</block>
<block><region><rect/></region>
<text>
<par>
<line>i</line></par>
</text>
</block>
<block><region><rect/></region>
<text>
<par/>
</text>
</block>
<block><region><rect/></region>
<text>
<par>
<line>r</line></par>
</text>
</block>
<block><region><rect/></region>
<text>
<par/>
</text>
</block>
<block><region><rect/></region>
<text>
<par>
<line>ià</line></par>
</text>
</block>
<block><region><rect/></region>
<text>
<par>
<line>PLAN LOCAL D’URBANISME</line></par>
</text>
</block>
<block><region><rect/></region>
<text>
<par>
<line>ORIENTATIONS D’AMENAGEMENT</line>
<line>DOCUMENT N°3</line></par>
</text>
</block>
<block><region><rect/><rect/></region>
<text>
<par>
<line>Arrêté par délibération du Conseil Municipal du 6 fiiflV 70(18</line>
<line>Approuvé par délibération du Conseil Municipal du ^ g MfiV ?nflt)</line></par>
</text>
</block>
<block><region><rect/><rect/><rect/></region>
<text>
<par>
<line>Le Maire</line>
<line>James UO</line></par>
</text>
</block>
<block><region><rect/></region>
<text>
<par>
<line>Conseil - Développement - Habitat - 'Urbanisme</line></par>
</text>
</block>
<block><region><rect/></region>
<text>
<par/>
</text>
</block>
<block><region><rect/></region>
<text>
<par>
<line>Z</line></par>
</text>
</block>
<block><region><rect/><rect/></region>
<text>
<par>
<line>au 11 rue Pargeas 10000 TROYES Tél : 03 25 73 39 10 Fax : 03 25 73 37 53</line></par>
<par>
<line>O/». cdhu.10@wanadoo.fr</line></par>
</text>
</block>











</page>
<page width="2482" height="3510" resolution="300">
<block><region><rect/></region>
<text>
<par>
<line>!</line></par>
</text>
</block>
<block><region><rect/></region>
<text>
<par/>
</text>
</block>
<block><region><rect/></region>
<text>
<par>
<line>A..</line></par>
</text>
</block>
<block><region><rect/></region>
<text>
<par/>
</text>
</block>
</page>
<page width="2482" height="3510" resolution="300">
<block><region><rect/></region>
<text>
<par>
<line>INTRODUCTION</line></par>
</text>
</block>
<block><region><rect/></region>
<text>
<par>
<line>art. L123-1 a! 3: « Us (Les plans locaux d'urbanisme) peuvent, en outre, comporter des</line>
<line>orientations d'aménagement reiatives à des quartiers ou à des secteurs à mettre en vaieur,</line>
<line>réhabiiiter, restructurer ou aménager. Ces orientations peuvent, en cohérence avec ie projet</line>
<line>d'aménagement et de déveioppement durabie, prévoir ies actions et opérations</line>
<line>d'aménagement à mettre en œuvre, notamment pour mettre en vaieur i'environnement, ies</line>
<line>paysages, ies entrées de viiies et ie patrimoine, iutter contre i'insaiubrité, permettre ie</line>
<line>renouveiiement urbain et assurer ie déveioppement de ia commune. Eiies peuvent prendre ia</line>
<line>forme de schémas d'aménagement et préciser ies principaies caractéristiques des voies et</line>
<line>espaces publics. »</line></par>
</text>
</block>
<block><region><rect/></region>
<text>
<par>
<line>LES ORIENTATIONS D'AMENAGEMENT DE LA COMMUNE DE</line>
<line>PLANCY L'ABBAYE</line></par>
</text>
</block>
<block><region><rect/></region>
<text>
<par>
<line>La commune de Plancy l'Abbaye a distingués, au sein de son agglomération, les terrains</line>
<line>nécessaires à son développement futur à moyen ou court terme. L'aménagement de ces</line>
<line>espaces participe au projet urbain retenu par la commune et explicité au sein du P.A.D.D..</line></par>
<par>
<line>Afin d'assurer la cohésion urbaine de ces futurs quartiers avec le reste de l'agglomération et</line>
<line>dans le souci d'un développement structuré et rationnel de l'urbanisation, la commune</line>
<line>souhaite que soient respectés certains principes d'aménagement.</line></par>
<par>
<line>C'est donc pour éviter une succession de constructions et d'opérations sans logique</line>
<line>d'ensemble que des orientations d'aménagement sont mises en place dans une zone</line>
<line>d'urbanisation future.</line></par>
<par>
<line>Les opérations et constructions qui seront réalisées dans ce secteur devront se faire en</line>
<line>compatibilité avec les principes d'aménagement énoncés dans ce document.</line></par>
</text>
</block>
<block><region><rect/></region>
<text>
<par>
<line>1) Le secteur du Prés La Croix</line></par>
</text>
</block>
<block><region><rect/></region>
<text>
<par>
<line>p.2</line></par>
</text>
</block>
<block><region><rect/></region>
<text>
<par>
<line>1</line></par>
</text>
</block>

</page>
<page width="2482" height="3510" resolution="300">
<block><region><rect/></region>
<text>
<par>
<line>1) Le secteur du Prés La Croix</line></par>
</text>
</block>
<block><region><rect/></region>
<text>
<par>
<line>- L'aménagement du secteur du Prés La Croix se fera par le biais d'une voie de desserte</line>
<line>interne qui devra prendre deux accès sur la rue de la Lampe.</line></par>
<par>
<line>- Les constructions à réaliser au sein de la zone devront prendre accès sur cette voie de</line>
<line>desserte interne à créer.</line></par>
</text>
</block>
<block><region><rect/></region>
<text>
<par>
<line>- A la limite nord du secteur, au sein de la bande identifiée comme « Fonds de jardins à</line>
<line>planter », sur chaque fond de parcelle situé en limite de la zone UY devront être plantés</line>
<line>au moins quatre arbres de moyenne ou haute tige (voir schéma ci-dessous). La conception</line>
<line>du parcellaire (profondeur des lots) devra permettre ces plantations.</line></par>
<par>
<line>Zone UY</line></par>
</text>
</block>
<block><region><rect/></region>
<text>
<par>
<line>Arbres à planter</line></par>
</text>
</block>
<block><region><rect/></region>
<text>
<par>
<line>Zone lAU</line></par>
</text>
</block>
<block><region><rect/></region>
<text>
<par>
<line>rue</line></par>
</text>
</block>
<block><region><rect/></region>
<text>
<par>
<line>Voir schéma de principes page suivante</line></par>
</text>
</block>
<block><region><rect/></region>
<text>
<par>
<line>2</line></par>
</text>
</block>














</page>
<page width="2482" height="3510" resolution="300">
<block><region><rect/></region>
<text>
<par>
<line>Schéma de principes pour l'aménagement</line>
<line>du secteur lAU du Prés la Croix</line></par>
</text>
</block>
<block><region><rect/></region>
<text>
<par/>
</text>
</block>
<block><region><rect/></region>
<text>
<par/>
</text>
</block>
<block><region><rect/></region>
<text>
<par>
<line>dit</line></par>
</text>
</block>
<block><region><rect/></region>
<text>
<par/>
</text>
</block>
<block><region><rect/></region>
<text>
<par>
<line>2»3</line></par>
</text>
</block>
<block><region><rect/></region>
<text>
<par>
<line>ral</line></par>
</text>
</block>
<block><region><rect/></region>
<text>
<par>
<line>U</line></par>
</text>
</block>
<block><region><rect/></region>
<text>
<par>
<line>f7</line></par>
</text>
</block>
<block><region><rect/></region>
<text>
<par>
<line>212</line></par>
</text>
</block>
<block><region><rect/></region>
<text>
<par/>
</text>
</block>
<block><region><rect/></region>
<text>
<par>
<line>2£5 L</line>
<line>CRO/X</line></par>
</text>
</block>
<block><region><rect/></region>
<text>
<par>
<line>211</line></par>
</text>
</block>
<block><region><rect/></region>
<text>
<par>
<line>«6»</line></par>
</text>
</block>
<block><region><rect/></region>
<text>
<par>
<line>243</line></par>
</text>
</block>
<block><region><rect/></region>
<text>
<par>
<line>273</line></par>
</text>
</block>
<block><region><rect/></region>
<text>
<par/>
</text>
</block>
<block><region><rect/></region>
<text>
<par>
<line>s;</line></par>
</text>
</block>
<block><region><rect/></region>
<text>
<par>
<line>O</line></par>
</text>
</block>
<block><region><rect/></region>
<text>
<par/>
</text>
</block>
<block><region><rect/></region>
<text>
<par/>
</text>
</block>
<block><region><rect/></region>
<text>
<par>
<line>T</line></par>
</text>
</block>
<block><region><rect/></region>
<text>
<par/>
</text>
</block>
<block><region><rect/></region>
<text>
<par/>
</text>
</block>
<block><region><rect/></region>
<text>
<par/>
</text>
</block>
<block><region><rect/></region>
<text>
<par/>
</text>
</block>
<block><region><rect/></region>
<text>
<par/>
</text>
</block>
<block><region><rect/></region>
<text>
<par>
<line>(J</line></par>
</text>
</block>
<block><region><rect/></region>
<text>
<par/>
</text>
</block>
<block><region><rect/></region>
<text>
<par>
<line>/</line></par>
</text>
</block>
<block><region><rect/></region>
<text>
<par/>
</text>
</block>
<block><region><rect/></region>
<text>
<par>
<line>242</line></par>
</text>
</block>
<block><region><rect/></region>
<text>
<par/>
</text>
</block>
<block><region><rect/></region>
<text>
<par>
<line>/</line></par>
</text>
</block>
<block><region><rect/></region>
<text>
<par/>
</text>
</block>
<block><region><rect/></region>
<text>
<par>
<line>I-A CfiO/X</line></par>
</text>
</block>
<block><region><rect/><rect/></region>
<text>
<par/>
</text>
</block>
<block><region><rect/></region>
<text>
<par>
<line>/</line></par>
</text>
</block>
<block><region><rect/></region>
<text>
<par>
<line>/</line></par>
</text>
</block>
<block><region><rect/></region>
<text>
<par>
<line>/</line></par>
</text>
</block>
<block><region><rect/></region>
<text>
<par/>
</text>
</block>
<block><region><rect/></region>
<text>
<par/>
</text>
</block>
<block><region><rect/></region>
<text>
<par/>
</text>
</block>
<block><region><rect/></region>
<text>
<par/>
</text>
</block>
<block><region><rect/></region>
<text>
<par/>
</text>
</block>
<block><region><rect/></region>
<text>
<par>
<line>* /</line></par>
</text>
</block>
<block><region><rect/></region>
<text>
<par>
<line>2r-5d/</line></par>
</text>
</block>
<block><region><rect/></region>
<text>
<par>
<line>9e</line></par>
</text>
</block>
<block><region><rect/></region>
<text>
<par/>
</text>
</block>
<block><region><rect/></region>
<text>
<par/>
</text>
</block>
<block><region><rect/></region>
<text>
<par>
<line>-«5=</line></par>
</text>
</block>
<block><region><rect/></region>
<text>
<par/>
</text>
</block>
<block><region><rect/></region>
<text>
<par/>
</text>
</block>
<block><region><rect/></region>
<text>
<par/>
</text>
</block>
<block><region><rect/></region>
<text>
<par/>
</text>
</block>
<block><region><rect/></region>
<text>
<par>
<line>'rï-.^N, /</line></par>
</text>
</block>
<block><region><rect/></region>
<text>
<par/>
</text>
</block>
<block><region><rect/></region>
<text>
<par>
<line>EKj]</line></par>
</text>
</block>
<block><region><rect/></region>
<text>
<par>
<line>î</line></par>
<par>
<line>In</line></par>
</text>
</block>
<block><region><rect/></region>
<text>
<par>
<line>Principe de liaison entre des points de connexion au réseau viaire existant</line></par>
</text>
</block>
<block><region><rect/></region>
<text>
<par>
<line>.1.1.»—v-*j</line></par>
<par>
<line>y Espace à vocation principale d'habitat</line></par>
</text>
</block>
<block><region><rect/></region>
<text>
<par>
<line>[_I Fonds de jardins à planter</line></par>
</text>
</block>
<block><region><rect/></region>
<text>
<par>
<line>3</line></par>
</text>
</block>






















<block blockType="Picture" blockName="" l="1526" t="1629" r="1634" b="1685"><region><rect/></region>
</block>
<block blockType="Picture" blockName="" l="1653" t="1266" r="1686" b="1562"><region><rect/></region>
</block>
</page>
</OAP>