<?xml version="1.0" encoding="UTF-8"?><OAP>
<page width="2480" height="3508" resolution="300">
<block><region><rect/></region>
<text>
<par>
<line>COMMUNE DE SAINT-BENOIT-SUR-SEINE</line>
<line>LES ORIENTATIONS D’AMENAGEMENT</line></par>
</text>
</block>
<block><region><rect/></region>
<text>
<par>
<line>Les orientations d’aménagement peuvent, en cohérence avec le projet</line>
<line>d’aménagement et de développement durable, prévoir les actions et opérations</line>
<line>d’aménagement à mettre en œuvre, notamment pour mettre en valeur</line>
<line>l’environnement, les paysages, les entrées de ville et le patrimoine, lutter contre</line>
<line>l’insalubrité, permettre le renouvellement urbain et assurer le développement de la</line>
<line>commune. Elles peuvent prendre la forme de schémas d’aménagement et préciser</line>
<line>les principales caractéristiques des voies et espaces publics.</line></par>
</text>
</block>
<block><region><rect/></region>
<text>
<par>
<line>Sur le territoire de la commune de SAINT-BENOIT-SUR-SEINE, les orientations</line>
<line>d’aménagement consistent à conserver des sentiers piétonniers. En effet, le</line>
<line>finage comporte de nombreux chemins dont les rôles sont multiples :</line></par>
<par>
<line>- récréatif : ces chemins sont inscrits au plan départemental des itinéraires de</line>
<line>randonnée et de promenade (P.D.I.P.R.),</line></par>
<par>
<line>- paysager et environnemental : les chemins sont souvent bordés de talus</line>
<line>comportant des haies , des alignements d’arbres. Ils structurent ainsi le</line>
<line>paysage et servent de zones de refuge et d’alimentation pour la faune,</line></par>
<par>
<line>- hydraulique : lorsqu’ils sont situés à mi-pente et en amont des bassins-</line>
<line>versants, les chemins et la végétation qui les accompagne permettent de</line>
<line>freiner et d’absorber les eaux de ruissellement, réduisant ainsi les</line>
<line>phénomènes d’érosion et les risques d’inondation.</line></par>
<par>
<line>Pour ces raisons, la commune entend conserver les caractéristiques des ruelles et</line>
<line>chemins recensés ci-dessous :</line></par>
<par>
<line>- ruelle des Gués</line></par>
<par>
<line>- chemin rural du Courtil Burotte</line></par>
<par>
<line>- ruelle Chaudigne</line></par>
<par>
<line>- ruelle Marion</line></par>
<par>
<line>- ruelle d’en Bas</line></par>
<par>
<line>- chemin rural dit de Mergey à Saint-Lyé</line></par>
<par>
<line>- chemin rural dit des Chapelles</line></par>
<par>
<line>- chemin rural dit Voie de Thurey</line></par>
</text>
</block>
<block><region><rect/></region>
<text>
<par>
<line>U:\Saint Benoit\336_r1\336_r1_padd\336_r1_OA.doc</line></par>
</text>
</block>

</page>
<page width="13783" height="9746" resolution="300">
<block><region><rect/></region>
<text>
<par>
<line>a</line></par>
</text>
</block>
<block><region><rect/></region>
<text>
<par/>
</text>
</block>
<block><region><rect/></region>
<text>
<par/>
</text>
</block>
<block><region><rect/></region>
<text>
<par/>
</text>
</block>
<block><region><rect/></region>
<text>
<par/>
</text>
</block>
<block><region><rect/></region>
<text>
<par>
<line>a Ef]</line></par>
</text>
</block>
<block><region><rect/></region>
<text>
<par/>
</text>
</block>
<block><region><rect/></region>
<text>
<par>
<line>a,</line></par>
</text>
</block>
<block><region><rect/></region>
<text>
<par>
<line>d</line></par>
</text>
</block>
<block><region><rect/></region>
<text>
<par>
<line>a</line></par>
</text>
</block>
<block><region><rect/></region>
<text>
<par>
<line>a</line></par>
</text>
</block>
<block><region><rect/></region>
<text>
<par>
<line>a</line></par>
</text>
</block>
<block><region><rect/></region>
<text>
<par>
<line>D“</line></par>
<par>
<line>û</line></par>
</text>
</block>
<block><region><rect/></region>
<text>
<par/>
</text>
</block>
<block><region><rect/><rect/><rect/><rect/><rect/><rect/><rect/><rect/><rect/></region>
<text>
<par>
<line>QJ ^ ^</line></par>
<par>
<line>«• ^ “</line></par>
<par>
<line>^ c^ □</line></par>
<par>
<line>"".-■'â Ü \</line></par>
<par>
<line>?« °</line></par>
<par>
<line>^ .së ■-</line></par>
<par>
<line>. Q„aB ““ „„</line></par>
<par>
<line>«^On</line></par>
<par>
<line>□ d ^ ■ ■ U i _|</line></par>
<par>
<line>Û l=lTP</line></par>
</text>
</block>
<block><region><rect/></region>
<text>
<par>
<line>^1</line></par>
</text>
</block>
<block><region><rect/></region>
<text>
<par>
<line>U</line></par>
</text>
</block>
<block><region><rect/><rect/><rect/><rect/><rect/></region>
<text>
<par>
<line>^ Oi=i E7 =</line></par>
<par>
<line>^e “t °</line></par>
</text>
</block>
<block><region><rect/></region>
<text>
<par>
<line>tl □</line></par>
</text>
</block>
<block><region><rect/></region>
<text>
<par>
<line>c^</line></par>
<par>
<line>dp</line></par>
</text>
</block>
<block><region><rect/></region>
<text>
<par>
<line>□</line></par>
<par>
<line>□ d]</line></par>
</text>
</block>
<block><region><rect/></region>
<text>
<par>
<line>^ C2 U</line></par>
</text>
</block>
<block><region><rect/></region>
<text>
<par/>
</text>
</block>
<block><region><rect/></region>
<text>
<par>
<line>£□</line></par>
</text>
</block>
<block><region><rect/></region>
<text>
<par>
<line>s</line></par>
</text>
</block>
<block><region><rect/></region>
<text>
<par/>
</text>
</block>
<block><region><rect/></region>
<text>
<par/>
</text>
</block>
<block><region><rect/></region>
<text>
<par>
<line>fi</line></par>
</text>
</block>
<block><region><rect/></region>
<text>
<par>
<line>Q</line></par>
</text>
</block>
<block><region><rect/></region>
<text>
<par>
<line>O</line></par>
</text>
</block>
<block><region><rect/></region>
<text>
<par>
<line>üf</line></par>
</text>
</block>
<block><region><rect/></region>
<text>
<par/>
</text>
</block>
<block><region><rect/></region>
<text>
<par/>
</text>
</block>
<block><region><rect/><rect/></region>
<text>
<par>
<line>}s3î</line></par>
</text>
</block>
<block><region><rect/></region>
<text>
<par/>
</text>
</block>
<block><region><rect/></region>
<text>
<par/>
</text>
</block>
<block><region><rect/></region>
<text>
<par>
<line>’û</line></par>
</text>
</block>
<block><region><rect/></region>
<text>
<par>
<line>O</line></par>
</text>
</block>
<block><region><rect/></region>
<text>
<par>
<line>E?</line></par>
</text>
</block>
<block><region><rect/></region>
<text>
<par>
<line>n t"</line></par>
</text>
</block>
<block><region><rect/></region>
<text>
<par/>
</text>
</block>
<block><region><rect/></region>
<text>
<par>
<line>■a</line></par>
</text>
</block>
<block><region><rect/></region>
<text>
<par/>
</text>
</block>
<block><region><rect/></region>
<text>
<par>
<line>c3</line></par>
</text>
</block>
<block><region><rect/></region>
<text>
<par>
<line>d</line></par>
</text>
</block>
<block><region><rect/></region>
<text orientation="RotatedCounterclockwise">
<par/>
</text>
</block>





















































<block blockType="Picture" blockName="" l="12127" t="9243" r="12249" b="9311"><region><rect/></region>
</block>
</page>
</OAP>