<?xml version="1.0" encoding="UTF-8"?><OAP>
<page width="2339" height="1653" resolution="200">
<block><region><rect/></region>
<text>
<par>
<line>Sylvie Coudert Barcelo</line>
<line>Bros - 12200 La Rouquette</line>
<line>tel 05 65 29 53 71</line>
<line>ruralconseil@wanadoo.fr</line></par>
</text>
</block>
<block><region><rect/></region>
<text>
<par>
<line>S.E.LAR.L. LABROUE</line>
<line>Géomètre D.P.L.G.</line></par>
<par>
<line>87, rue Béteille</line>
<line>12 000 RODEZ</line>
<line>tél 05 65 42 09 01</line>
<line>labroue.geometre@wanadoo.fr</line></par>
</text>
</block>
<block><region><rect/></region>
<text>
<par>
<line>VISA</line></par>
<par>
<line>Date: f toi ^</line></par>
</text>
</block>
<block><region><rect/></region>
<text>
<par>
<line>Le Maire :P. MESTRE</line></par>
</text>
</block>
<block><region><rect/></region>
<text>
<par/>
</text>
</block>
<block><region><rect/></region>
<text>
<par>
<line>So</line></par>
</text>
</block>
<block><region><rect/></region>
<text>
<par>
<line>PREFECTURE DE L’AVEYRON</line>
<line>COMMUNE DE</line></par>
</text>
</block>
<block><region><rect/></region>
<text>
<par>
<line>THERONDELS</line></par>
</text>
</block>
<block><region><rect/></region>
<text>
<par>
<line>MODIFICATIONS - REVISIONS - MISES EN COMPATIBILITE</line></par>
</text>
</block>
<block><region><rect/></region>
<text>
<par>
<line>D</line></par>
</text>
</block>
<block><region><rect/></region>
<text>
<par>
<line>□</line></par>
</text>
</block>
<block><region><rect/></region>
<text>
<par>
<line>□</line></par>
</text>
</block>
<block><region><rect/></region>
<text>
<par>
<line>PLAN LOCAL D’URBANISME</line></par>
</text>
</block>
<block><region><rect/></region>
<text>
<par>
<line>ELABORATION</line></par>
</text>
</block>
<block><region><rect/></region>
<text>
<par>
<line>PLU Arrêté le :</line></par>
<par>
<line>25 juin 2013</line></par>
</text>
</block>
<block><region><rect/></region>
<text>
<par/>
</text>
</block>
<block><region><rect/></region>
<text>
<par>
<line>PLU Exécutoire le :</line></par>
</text>
</block>
<block><region><rect/></region>
<text>
<par>
<line>REÇU LE</line></par>
</text>
</block>
<block><region><rect/></region>
<text>
<par>
<line>0 5 FEV. 201^</line></par>
</text>
</block>
<block><region><rect/></region>
<text>
<par>
<line>PRÉFECTURE DE L’AVEYRON</line></par>
</text>
</block>
<block><region><rect/></region>
<text>
<par>
<line>4</line></par>
</text>
</block>
<block><region><rect/></region>
<text>
<par>
<line>O.A.P.</line></par>
</text>
</block>
<block><region><rect/></region>
<text>
<par>
<line>1</line></par>
</text>
</block>




























</page>
<page width="2339" height="1653" resolution="200">
<block><region><rect/></region>
<text>
<par>
<line>282</line></par>
</text>
</block>
<block><region><rect/></region>
<text>
<par>
<line>LA CAZOCi:</line></par>
<par>
<line>16</line></par>
</text>
</block>
<block><region><rect/></region>
<text>
<par>
<line>283</line></par>
</text>
</block>
<block><region><rect/></region>
<text>
<par>
<line>17</line></par>
</text>
</block>
<block><region><rect/></region>
<text>
<par>
<line>%</line></par>
</text>
</block>
<block><region><rect/></region>
<text>
<par>
<line>23</line></par>
</text>
</block>
<block><region><rect/></region>
<text>
<par>
<line>fl</line></par>
</text>
</block>
<block><region><rect/></region>
<text>
<par>
<line>a&lt;6</line></par>
</text>
</block>
<block><region><rect/></region>
<text>
<par>
<line>674</line></par>
</text>
</block>
<block><region><rect/></region>
<text>
<par>
<line>673</line></par>
</text>
</block>
<block><region><rect/></region>
<text>
<par>
<line>CD</line></par>
</text>
</block>
<block><region><rect/></region>
<text>
<par>
<line>22</line></par>
</text>
</block>
<block><region><rect/></region>
<text>
<par>
<line>14</line></par>
</text>
</block>
<block><region><rect/></region>
<text>
<par>
<line>13</line></par>
</text>
</block>
<block><region><rect/></region>
<text>
<par>
<line>32</line></par>
</text>
</block>
<block><region><rect/></region>
<text>
<par>
<line>%</line></par>
</text>
</block>
<block><region><rect/></region>
<text>
<par>
<line>as</line></par>
</text>
</block>
<block><region><rect/></region>
<text>
<par>
<line>«r</line></par>
</text>
</block>
<block><region><rect/></region>
<text>
<par>
<line>P</line></par>
</text>
</block>
<block><region><rect/></region>
<text>
<par>
<line>♦</line></par>
</text>
</block>
<block><region><rect/></region>
<text>
<par/>
</text>
</block>
<block><region><rect/></region>
<text>
<par>
<line>47</line></par>
</text>
</block>
<block><region><rect/></region>
<text>
<par>
<line>Retrait minimum d implahtâtion</line>
<line>des constructions</line></par>
</text>
</block>
<block><region><rect/></region>
<text>
<par>
<line>289</line></par>
</text>
</block>
<block><region><rect/></region>
<text>
<par/>
</text>
</block>
<block><region><rect/></region>
<text>
<par>
<line>V</line></par>
</text>
</block>
<block><region><rect/></region>
<text>
<par>
<line>J</line></par>
<par>
<line>lOri^ntUtlOn d’Aménagement et de Programmation \</line></par>
<par>
<line>I i</line></par>
<par>
<line>! LACAZOURNIE !</line></par>
</text>
</block>
<block><region><rect/></region>
<text>
<par>
<line>Le projet d’OAP à la Cazournie vise à préserver la forme</line>
<line>de « hameau rue » et à inciter à une gestion économe</line>
<line>des sols.</line></par>
</text>
</block>
<block><region><rect/></region>
<text>
<par>
<line>- Les constructions s’implantent dans la zone U</line></par>
<par>
<line>- Le retrait minimum par rapport à la voire communale est</line>
<line>reporté graphiquement pour les parcelles 31 et 32</line></par>
<par>
<line>- La parcelle 32 est à découper avec un nombre de lots</line>
<line>de l’ordre de quatre.</line></par>
</text>
</block>
<block><region><rect/></region>
<text>
<par>
<line>2</line></par>
</text>
</block>






<block blockType="Picture" blockName="" l="956" t="786" r="1022" b="875"><region><rect/></region>
</block>
</page>
<page width="2343" height="1658" resolution="200">
<block><region><rect/></region>
<text>
<par>
<line>/44</line></par>
</text>
</block>
<block><region><rect/></region>
<text>
<par>
<line>«7471</line></par>
</text>
</block>
<block><region><rect/></region>
<text>
<par>
<line>321</line></par>
</text>
</block>
<block><region><rect/></region>
<text>
<par>
<line>% imo.</line></par>
<par>
<line>‘74 l«73 lâ</line></par>
</text>
</block>
<block><region><rect/></region>
<text>
<par>
<line>743</line></par>
</text>
</block>
<block><region><rect/></region>
<text>
<par>
<line>£8S</line></par>
</text>
</block>
<block><region><rect/></region>
<text>
<par>
<line>748</line></par>
</text>
</block>
<block><region><rect/></region>
<text>
<par>
<line>*1^</line></par>
</text>
</block>
<block><region><rect/></region>
<text>
<par>
<line>3S0</line></par>
</text>
</block>
<block><region><rect/></region>
<text>
<par>
<line>10 J. m</line></par>
</text>
</block>
<block><region><rect/></region>
<text>
<par>
<line>Crr#</line></par>
</text>
</block>
<block><region><rect/></region>
<text>
<par/>
</text>
</block>
<block><region><rect/></region>
<text>
<par/>
</text>
</block>
<block><region><rect/></region>
<text>
<par>
<line>Liaison douce</line></par>
</text>
</block>
<block><region><rect/></region>
<text>
<par/>
</text>
</block>
<block><region><rect/></region>
<text>
<par>
<line>319</line></par>
</text>
</block>
<block><region><rect/><rect/></region>
<text>
<par/>
</text>
</block>
<block><region><rect/></region>
<text>
<par/>
</text>
</block>
<block><region><rect/></region>
<text>
<par>
<line>S81</line></par>
</text>
</block>
<block><region><rect/></region>
<text>
<par>
<line>S/^iv^7pTVx^</line></par>
<par>
<line>P y\ X# l» ].• L y-</line></par>
</text>
</block>
<block><region><rect/></region>
<text>
<par>
<line>es routier</line></par>
</text>
</block>
<block><region><rect/></region>
<text>
<par>
<line>914</line></par>
</text>
</block>
<block><region><rect/></region>
<text>
<par>
<line>M</line></par>
</text>
</block>
<block><region><rect/></region>
<text>
<par>
<line>31S</line></par>
</text>
</block>
<block><region><rect/></region>
<text>
<par>
<line>wX M</line></par>
</text>
</block>
<block><region><rect/></region>
<text>
<par>
<line>as</line></par>
</text>
</block>
<block><region><rect/></region>
<text>
<par/>
</text>
</block>
<block><region><rect/><rect/></region>
<text>
<par>
<line>Vtflk tS T 23i</line>
<line>uS^^enfL,.</line></par>
</text>
</block>
<block><region><rect/></region>
<text>
<par>
<line>teAMP DEL COUDERC^</line></par>
<par>
<line>; 3« N</line></par>
<par>
<line>principe de</line>
<line>Idesserte routièr</line></par>
</text>
</block>
<block><region><rect/></region>
<text>
<par>
<line>ai</line></par>
</text>
</block>
<block><region><rect/></region>
<text>
<par/>
</text>
</block>
<block><region><rect/></region>
<text>
<par>
<line>ÛîWXT»</line></par>
</text>
</block>
<block><region><rect/></region>
<text>
<par>
<line>349</line></par>
</text>
</block>
<block><region><rect/></region>
<text>
<par>
<line>307</line></par>
</text>
</block>
<block><region><rect/></region>
<text>
<par/>
</text>
</block>
<block><region><rect/></region>
<text>
<par>
<line>3CB</line></par>
</text>
</block>
<block><region><rect/></region>
<text>
<par>
<line>es</line></par>
</text>
</block>
<block><region><rect/></region>
<text>
<par>
<line>350</line></par>
</text>
</block>
<block><region><rect/></region>
<text>
<par/>
</text>
</block>
<block><region><rect/></region>
<text>
<par>
<line>CA des “trasus”</line></par>
</text>
</block>
<block><region><rect/></region>
<text>
<par>
<line>U?</line></par>
</text>
</block>
<block><region><rect/></region>
<text>
<par>
<line>L4*.</line></par>
</text>
</block>
<block><region><rect/></region>
<text>
<par>
<line>lie V</line></par>
</text>
</block>
<block><region><rect/></region>
<text>
<par>
<line>300</line></par>
</text>
</block>
<block><region><rect/></region>
<text>
<par>
<line>3iione de^ie sur m</line>
<line>le noiivmu quarti^</line>
<line>“lisièr^^à qualifier</line>
<line>par uno^oirie mixte</line>
<line>pnr OK^iiple &gt;</line></par>
</text>
</block>
<block><region><rect/></region>
<text>
<par>
<line>m</line></par>
</text>
</block>
<block><region><rect/></region>
<text>
<par/>
</text>
</block>
<block><region><rect/></region>
<text>
<par>
<line>•IS</line></par>
</text>
</block>
<block><region><rect/></region>
<text>
<par/>
</text>
</block>
<block><region><rect/></region>
<text>
<par/>
</text>
</block>
<block><region><rect/></region>
<text>
<par/>
</text>
</block>
<block><region><rect/></region>
<text>
<par>
<line>3</line></par>
</text>
</block>
<block><region><rect/></region>
<text>
<par>
<line>15D</line></par>
</text>
</block>
<block><region><rect/></region>
<text>
<par>
<line>3D4</line></par>
</text>
</block>
<block><region><rect/></region>
<text>
<par>
<line>A</line></par>
</text>
</block>
<block><region><rect/></region>
<text>
<par>
<line>St</line></par>
</text>
</block>
<block><region><rect/></region>
<text>
<par/>
</text>
</block>
<block><region><rect/></region>
<text>
<par>
<line>«</line></par>
</text>
</block>
<block><region><rect/></region>
<text>
<par>
<line>Orientation d’Aménagement et de Programmation</line>
<line>LE BOURG</line></par>
</text>
</block>
<block><region><rect/></region>
<text>
<par>
<line>Le projet d’OAP sur le bourg vise à mettre en valeur les</line>
<line>paysages tout en assurant le développement de la commune</line>
<line>avec une gestion économe des sols, sous la forme d’un</line>
<line>quartier à l’ouest du bourg</line></par>
<par>
<line>Les grands principes d’aménagement de ce nouveau quartier</line>
<line>consistent à s’inspirer de la trame viaire et des différentes</line>
<line>formes d’ilots et découpages parcellaires existants pour</line>
<line>favoriser la cohérence et la cohésion de cette extension du</line>
<line>bourg, dans la continuité.</line></par>
<par>
<line>Les circulations douces seront privilégiées à l’intérieur du</line>
<line>quartier,</line></par>
<par>
<line>La voirie centrale est à conserver comme élément de liaison</line>
<line>avec le cœur de bourg. L’usage sera prioritairement piéton et</line>
<line>accessoirement routier pour la desserte des riverains.</line></par>
<par>
<line>Les dessertes et circulations routières se feront</line>
<line>préférentiellement à la périphérie du quartier.</line></par>
<par>
<line>Des espaces publics, des mails de tilleuls, des jardins</line>
<line>...pourront être aménagés en lien avec un équipement public</line>
<line>structurant.</line></par>
<par>
<line>Des liaisons douces seront aménagées pour relier le quartier</line>
<line>aux différents centres d’intérêts comme l'aire de loisirs à la</line>
<line>Cazournie, l’école, les services et commerces...le sentier de</line>
<line>l'Imaginaire.</line></par>
<par>
<line>L’OAP est complétée par l’instauration du L123-1-5-7 sur le</line>
<line>bocage de frênes et de murets et par des Emplacements</line>
<line>Réservés pour les voies.</line></par>
</text>
</block>
<block><region><rect/></region>
<text>
<par>
<line>3</line></par>
</text>
</block>




























<block blockType="Picture" blockName="" l="904" t="931" r="933" b="1148"><region><rect/></region>
</block>
<block blockType="Picture" blockName="" l="1381" t="82" r="2240" b="264"><region><rect/></region>
</block>
</page>
<page width="2339" height="1653" resolution="200">
<block><region><rect/></region>
<text>
<par>
<line>#</line></par>
</text>
</block>
<block><region><rect/></region>
<text>
<par/>
</text>
</block>
<block><region><rect/></region>
<text>
<par>
<line>i</line></par>
</text>
</block>
<block><region><rect/></region>
<text>
<par>
<line>w.</line></par>
</text>
</block>
<block><region><rect/></region>
<text>
<par>
<line>281</line></par>
</text>
</block>
<block><region><rect/></region>
<text>
<par>
<line>m</line></par>
</text>
</block>
<block><region><rect/></region>
<text>
<par>
<line>m.</line></par>
</text>
</block>
<block><region><rect/></region>
<text>
<par>
<line>♦</line></par>
</text>
</block>
<block><region><rect/></region>
<text>
<par/>
</text>
</block>
<block><region><rect/></region>
<text>
<par>
<line>474</line></par>
</text>
</block>
<block><region><rect/></region>
<text>
<par>
<line>339</line></par>
</text>
</block>
<block><region><rect/></region>
<text>
<par>
<line>62</line></par>
</text>
</block>
<block><region><rect/></region>
<text>
<par/>
</text>
</block>
<block><region><rect/></region>
<text>
<par>
<line>470</line></par>
</text>
</block>
<block><region><rect/></region>
<text>
<par/>
</text>
</block>
<block><region><rect/></region>
<text>
<par>
<line>469</line></par>
</text>
</block>
<block><region><rect/></region>
<text>
<par>
<line>4</line></par>
</text>
</block>
<block><region><rect/></region>
<text>
<par/>
</text>
</block>
<block><region><rect/></region>
<text>
<par>
<line>utier</line></par>
</text>
</block>
<block><region><rect/></region>
<text>
<par>
<line>47a</line></par>
</text>
</block>
<block><region><rect/></region>
<text>
<par/>
</text>
</block>
<block><region><rect/></region>
<text>
<par>
<line>r</line></par>
</text>
</block>
<block><region><rect/></region>
<text>
<par>
<line>468</line></par>
</text>
</block>
<block><region><rect/></region>
<text>
<par>
<line>271</line></par>
</text>
</block>
<block><region><rect/></region>
<text>
<par>
<line>314</line></par>
</text>
</block>
<block><region><rect/></region>
<text>
<par>
<line>66</line></par>
</text>
</block>
<block><region><rect/></region>
<text>
<par>
<line>332</line></par>
</text>
</block>
<block><region><rect/></region>
<text>
<par>
<line>Prin</line></par>
</text>
</block>
<block><region><rect/></region>
<text>
<par/>
</text>
</block>
<block><region><rect/></region>
<text>
<par>
<line>entaii</line></par>
</text>
</block>
<block><region><rect/></region>
<text>
<par>
<line>M</line></par>
</text>
</block>
<block><region><rect/></region>
<text>
<par>
<line>315</line></par>
</text>
</block>
<block><region><rect/></region>
<text>
<par>
<line>bati</line></par>
</text>
</block>
<block><region><rect/></region>
<text>
<par>
<line>▼</line></par>
</text>
</block>
<block><region><rect/></region>
<text>
<par>
<line>218</line></par>
</text>
</block>
<block><region><rect/></region>
<text>
<par>
<line>248</line></par>
</text>
</block>
<block><region><rect/></region>
<text>
<par>
<line>3 3</line></par>
</text>
</block>
<block><region><rect/></region>
<text>
<par>
<line>310</line></par>
</text>
</block>
<block><region><rect/></region>
<text>
<par>
<line>€</line></par>
</text>
</block>
<block><region><rect/></region>
<text>
<par>
<line>311</line></par>
</text>
</block>
<block><region><rect/></region>
<text>
<par/>
</text>
</block>
<block><region><rect/></region>
<text>
<par>
<line>214</line></par>
</text>
</block>
<block><region><rect/></region>
<text>
<par>
<line>m</line></par>
</text>
</block>
<block><region><rect/></region>
<text>
<par>
<line>311</line></par>
</text>
</block>
<block><region><rect/></region>
<text>
<par>
<line>DUDERC</line></par>
</text>
</block>
<block><region><rect/></region>
<text>
<par>
<line>244</line></par>
</text>
</block>
<block><region><rect/></region>
<text>
<par>
<line>ani</line></par>
</text>
</block>
<block><region><rect/></region>
<text>
<par>
<line>N</line></par>
</text>
</block>
<block><region><rect/></region>
<text>
<par>
<line>h</line></par>
</text>
</block>
<block><region><rect/></region>
<text>
<par>
<line>120</line></par>
</text>
</block>
<block><region><rect/></region>
<text>
<par>
<line>310</line></par>
</text>
</block>
<block><region><rect/></region>
<text>
<par>
<line>116</line></par>
</text>
</block>
<block><region><rect/></region>
<text>
<par>
<line>123</line></par>
</text>
</block>
<block><region><rect/></region>
<text>
<par/>
</text>
</block>
<block><region><rect/></region>
<text>
<par>
<line>115</line></par>
</text>
</block>
<block><region><rect/></region>
<text>
<par>
<line>349</line></par>
</text>
</block>
<block><region><rect/></region>
<text>
<par>
<line>307</line></par>
</text>
</block>
<block><region><rect/></region>
<text>
<par>
<line>113</line></par>
</text>
</block>
<block><region><rect/></region>
<text>
<par>
<line>199</line></par>
</text>
</block>
<block><region><rect/></region>
<text>
<par>
<line>as</line></par>
</text>
</block>
<block><region><rect/></region>
<text>
<par>
<line>308</line></par>
</text>
</block>
<block><region><rect/></region>
<text>
<par/>
</text>
</block>
<block><region><rect/></region>
<text>
<par/>
</text>
</block>
<block><region><rect/></region>
<text>
<par>
<line>350</line></par>
</text>
</block>
<block><region><rect/></region>
<text>
<par>
<line>191</line></par>
</text>
</block>
<block><region><rect/></region>
<text>
<par/>
</text>
</block>
<block><region><rect/></region>
<text>
<par>
<line>d*</line></par>
</text>
</block>
<block><region><rect/></region>
<text>
<par>
<line>itati</line></par>
</text>
</block>
<block><region><rect/></region>
<text>
<par>
<line>190</line></par>
</text>
</block>
<block><region><rect/></region>
<text>
<par>
<line>gnes</line></par>
</text>
</block>
<block><region><rect/></region>
<text>
<par>
<line>'k</line></par>
</text>
</block>
<block><region><rect/></region>
<text>
<par>
<line>bail</line></par>
</text>
</block>
<block><region><rect/></region>
<text>
<par/>
</text>
</block>
<block><region><rect/></region>
<text>
<par>
<line>187</line></par>
</text>
</block>
<block><region><rect/></region>
<text>
<par/>
</text>
</block>
<block><region><rect/></region>
<text>
<par>
<line>«</line></par>
</text>
</block>
<block><region><rect/></region>
<text>
<par>
<line>cipe</line></par>
</text>
</block>
<block><region><rect/></region>
<text>
<par>
<line>K</line></par>
</text>
</block>
<block><region><rect/></region>
<text>
<par>
<line>H</line></par>
</text>
</block>
<block><region><rect/></region>
<text>
<par>
<line>102</line></par>
</text>
</block>
<block><region><rect/></region>
<text>
<par>
<line>108</line></par>
</text>
</block>
<block><region><rect/></region>
<text>
<par>
<line>K</line></par>
</text>
</block>
<block><region><rect/></region>
<text>
<par>
<line>desserte</line></par>
</text>
</block>
<block><region><rect/></region>
<text>
<par/>
</text>
</block>
<block><region><rect/></region>
<text>
<par>
<line>14</line></par>
</text>
</block>
<block><region><rect/></region>
<text>
<par>
<line>(</line></par>
</text>
</block>
<block><region><rect/></region>
<text>
<par>
<line>100</line></par>
</text>
</block>
<block><region><rect/></region>
<text>
<par>
<line>300</line></par>
</text>
</block>
<block><region><rect/></region>
<text>
<par>
<line>143</line></par>
</text>
</block>
<block><region><rect/></region>
<text>
<par>
<line>routière</line></par>
</text>
</block>
<block><region><rect/></region>
<text>
<par/>
</text>
</block>
<block><region><rect/></region>
<text>
<par>
<line>m</line></par>
</text>
</block>
<block><region><rect/></region>
<text>
<par>
<line>K</line></par>
</text>
</block>
<block><region><rect/></region>
<text>
<par>
<line>m</line></par>
</text>
</block>
<block><region><rect/></region>
<text>
<par>
<line>K</line></par>
</text>
</block>
<block><region><rect/></region>
<text>
<par>
<line>m</line></par>
</text>
</block>
<block><region><rect/></region>
<text>
<par/>
</text>
</block>
<block><region><rect/></region>
<text>
<par>
<line>301</line></par>
</text>
</block>
<block><region><rect/></region>
<text>
<par/>
</text>
</block>
<block><region><rect/></region>
<text>
<par/>
</text>
</block>
<block><region><rect/></region>
<text>
<par>
<line>An*</line></par>
</text>
</block>
<block><region><rect/></region>
<text>
<par>
<line>257</line></par>
</text>
</block>
<block><region><rect/></region>
<text>
<par>
<line>c</line></par>
</text>
</block>
<block><region><rect/></region>
<text>
<par>
<line>a</line></par>
</text>
</block>
<block><region><rect/></region>
<text>
<par/>
</text>
</block>
<block><region><rect/></region>
<text>
<par/>
</text>
</block>
<block><region><rect/></region>
<text>
<par>
<line>230</line></par>
</text>
</block>
<block><region><rect/></region>
<text>
<par>
<line>1S4</line></par>
</text>
</block>
<block><region><rect/></region>
<text>
<par>
<line>615</line></par>
</text>
</block>
<block><region><rect/></region>
<text>
<par>
<line>145</line></par>
</text>
</block>
<block><region><rect/></region>
<text>
<par/>
</text>
</block>
<block><region><rect/></region>
<text>
<par>
<line>146</line></par>
</text>
</block>
<block><region><rect/></region>
<text>
<par>
<line>Æ</line></par>
</text>
</block>
<block><region><rect/></region>
<text>
<par>
<line>rj</line></par>
</text>
</block>
<block><region><rect/></region>
<text>
<par>
<line>50</line></par>
</text>
</block>
<block><region><rect/></region>
<text>
<par>
<line>149</line></par>
</text>
</block>
<block><region><rect/></region>
<text>
<par>
<line>3^</line></par>
</text>
</block>
<block><region><rect/></region>
<text>
<par>
<line>614</line></par>
</text>
</block>
<block><region><rect/></region>
<text>
<par>
<line>Æ?</line></par>
</text>
</block>
<block><region><rect/></region>
<text>
<par>
<line>- Les constructions sont autorisées dans le cadre</line>
<line>d’une ou plusieurs opérations d’aménagement</line>
<line>d’ensemble.</line></par>
<par>
<line>- les principes d’accès routiers au quartier sont</line>
<line>reportés graphiquement</line></par>
<par>
<line>- Les principes de desserte routière sont reportés</line>
<line>graphiquement, Ils pourront être déplacés pour</line>
<line>prendre en considération les projets communaux.</line>
<line>Ces dessertes routières ne devront pas se</line>
<line>terminer en impasse mais par une voie douce à</line>
<line>mailler sur la liaison centrale à dominante</line>
<line>piétonne.</line></par>
<par>
<line>- Le principe de découpage des iots est indiqué</line>
<line>avec un ordre de grandeur ;</line></par>
<par>
<line>Parcelle 308 au sud de la liaison centrale, de</line>
<line>l’ordre de 8 lots</line></par>
<par>
<line>Parcelle 311, de l’ordre de 4 lots</line></par>
<par>
<line>Bloc de parcelles 201-308 au nord de la liaison</line></par>
<par>
<line>centrale, de l’ordre de 4 lots</line></par>
<par>
<line>- Les faitages des bâtiments principaux devront</line>
<line>respecter les lignes d’orientation Est-Ouest</line>
<line>comme le bâti traditionnel dans le bourg pour</line>
<line>privilégier les expositions au sud</line></par>
<par>
<line>- Les constructions pourront s’implanter en limite</line>
<line>de parcelles et être mitoyennes</line></par>
<par>
<line>- Les clôtures sont soumises à déclaration</line>
<line>préalable</line></par>
</text>
</block>
<block><region><rect/></region>
<text>
<par>
<line>4</line></par>
</text>
</block>











































<block blockType="Picture" blockName="" l="809" t="557" r="868" b="595"><region><rect/></region>
</block>
<block blockType="Picture" blockName="" l="702" t="1047" r="754" b="1106"><region><rect/></region>
</block>
</page>
<page width="2339" height="1653" resolution="200">
<block><region><rect/></region>
<text>
<par>
<line>Bande d implantation des constructions</line></par>
<par>
<line>LES PATURAGES</line></par>
</text>
</block>
<block><region><rect/></region>
<text>
<par>
<line>7P5</line></par>
</text>
</block>
<block><region><rect/></region>
<text>
<par>
<line>Nt</line></par>
</text>
</block>
<block><region><rect/></region>
<text>
<par>
<line>7e</line></par>
</text>
</block>
<block><region><rect/></region>
<text>
<par>
<line>Orientation d’Aménagement et de Programmation</line></par>
<par>
<line>I</line></par>
<par>
<line>; BASE ULM</line></par>
</text>
</block>
<block><region><rect/></region>
<text>
<par>
<line>Le projet d’OAP sur la base ULM vise à mettre en</line>
<line>valeur les paysages et à inciter à une gestion économe</line>
<line>des sols</line></par>
</text>
</block>
<block><region><rect/></region>
<text>
<par>
<line>Les constructions sont à implanter en secteur Nt1 dans</line>
<line>la bande reportée graphiquement sur la parcelle 725.</line></par>
</text>
</block>
<block><region><rect/></region>
<text>
<par>
<line>5</line></par>
</text>
</block>












<block blockType="Picture" blockName="" l="1482" t="444" r="2217" b="619"><region><rect/></region>
</block>
</page>
</OAP>