<?xml version="1.0" encoding="UTF-8"?><OAP>
<page width="2479" height="3508" resolution="300">
<block><region><rect/></region>
<text>
<par>
<line>Département de la Charente-Maritime</line></par>
</text>
</block>
<block><region><rect/></region>
<text>
<par>
<line>Siecq</line></par>
</text>
</block>
<block><region><rect/></region>
<text>
<par>
<line>Commune de</line></par>
</text>
</block>
<block><region><rect/></region>
<text>
<par>
<line>Plan Local</line></par>
</text>
</block>
<block><region><rect/></region>
<text>
<par>
<line>D'Urbanisme</line></par>
</text>
</block>
<block><region><rect/></region>
<text>
<par>
<line>»</line></par>
</text>
</block>
<block><region><rect/></region>
<text>
<par>
<line>4a - Orientation d'Aménagement</line>
<line>et de Programmation - secteurs</line>
<line>Nord du bourg</line></par>
</text>
</block>
<block blockType="Table" blockName="" l="368" t="2448" r="2232" b="3023"><region><rect/></region>
<row>
<cell leftBorder="White" topBorder="White" width="480" height="97">
<text>
<par/>
</text></cell>
<cell width="462" height="97">
<text>
<par>
<line>Prescription</line></par>
</text></cell>
<cell width="461" height="97">
<text>
<par>
<line>Arrêt</line></par>
</text></cell>
<cell width="461" height="97">
<text>
<par>
<line>Approbation</line></par>
</text></cell></row>
<row>
<cell width="480" height="96">
<text>
<par>
<line>Élaboration</line></par>
</text></cell>
<cell width="462" height="96">
<text>
<par>
<line>10/12/08</line></par>
</text></cell>
<cell width="461" height="96">
<text>
<par>
<line>15/12/12</line></par>
</text></cell>
<cell width="461" height="96">
<text>
<par>
<line>13/12/13</line></par>
</text></cell></row>
<row>
<cell width="480" height="95">
<text>
<par/>
</text></cell>
<cell width="462" height="95">
<text>
<par/>
</text></cell>
<cell width="461" height="95">
<text>
<par/>
</text></cell>
<cell width="461" height="95">
<text>
<par/>
</text></cell></row>
<row>
<cell width="480" height="95">
<text>
<par/>
</text></cell>
<cell width="462" height="95">
<text>
<par/>
</text></cell>
<cell width="461" height="95">
<text>
<par/>
</text></cell>
<cell width="461" height="95">
<text>
<par/>
</text></cell></row>
<row>
<cell width="480" height="95">
<text>
<par/>
</text></cell>
<cell width="462" height="95">
<text>
<par/>
</text></cell>
<cell width="461" height="95">
<text>
<par/>
</text></cell>
<cell width="461" height="95">
<text>
<par/>
</text></cell></row>
<row>
<cell width="480" height="97">
<text>
<par/>
</text></cell>
<cell width="462" height="97">
<text>
<par/>
</text></cell>
<cell width="461" height="97">
<text>
<par/>
</text></cell>
<cell width="461" height="97">
<text>
<par/>
</text></cell></row>
</block>
<block><region><rect/></region>
<text>
<par>
<line>Le Maire,</line></par>
<par>
<line>Suzanne FAVREAU</line></par>
</text>
</block>













</page>
<page width="2479" height="3508" resolution="300">
<block><region><rect/></region>
<text>
<par>
<line>L'aménagement de ces secteurs défini par le Plan Local d'Urbanisme devra respecter les</line></par>
<par>
<line>règles définies par le règlement, notamment en ce qui concerne l'implantation par rapport</line></par>
<par>
<line>aux voies et aux limites parcellaires ainsi que l'aspect général des constructions.</line></par>
</text>
<text>
<par>
<line>Les Orientations d'Aménagement et de Programmation n'ont pour objet que de définir, dans</line>
<line>un rapport de compatibilité et non de conformité, les prescriptions que la commune souhaite</line>
<line>voir respectées lors de l'aménagement de ces secteurs.</line></par>
<par>
<line>Les mesures s'imposant aux futurs aménagements relatifs à la zone d'habitat (AU Nord)</line>
<line>concernent les points suivants :</line></par>
<par>
<line>• faciliter l'intégration paysagère des futures constructions en préservant et implantant</line>
<line>des linéaires de haies d'essences locales</line></par>
<par>
<line>• prévoir des accès qui ne soient pas à moins de 50 m de l'extrémité Nord de la zone</line>
<line>AU (périmètre identifié sur le schéma), afin d'assurer la sécurité des accès vis à vis de</line>
<line>l'entrée Nord du bourg</line></par>
<par>
<line>• interdire les accès directs aux parcelles depuis la rue du Chêne vert / RD 133</line></par>
</text>
</block>
<block><region><rect/></region>
<text>
<par>
<line>La mesure s'imposant aux futurs aménagements relatifs à la zone d'implantation d'un</line>
<line>équipement public (AUg) concerne le point suivant :</line></par>
<par>
<line>• assurer un accès depuis le futur secteur d'habitat au Nord</line></par>
</text>
</block>
</page>
<page width="2661" height="3766" resolution="322">
<block><region><rect/><rect/></region>
<text>
<par>
<line>I Commune de Siecq : Zones AU Nord et AUg 'r,</line>
<line>Orientation d'Aménagement et de Programmation/ "</line></par>
</text>
</block>
<block><region><rect/><rect/><rect/><rect/></region>
<text>
<par>
<line>TTWf: W</line></par>
<par>
<line>rijs iji- Hj’I,</line></par>
</text>
</block>
<block><region><rect/></region>
<text>
<par>
<line>if. :</line></par>
</text>
</block>
<block><region><rect/></region>
<text>
<par>
<line>■l</line></par>
</text>
</block>
<block><region><rect/></region>
<text>
<par>
<line>nm</line></par>
</text>
</block>
<block><region><rect/></region>
<text>
<par>
<line>.fi</line></par>
</text>
</block>
<block><region><rect/></region>
<text>
<par>
<line>«WV ... f</line></par>
</text>
</block>
<block><region><rect/></region>
<text>
<par/>
</text>
</block>
<block><region><rect/></region>
<text>
<par/>
</text>
</block>
<block><region><rect/></region>
<text>
<par>
<line>ùs:</line></par>
</text>
</block>
<block><region><rect/></region>
<text>
<par>
<line>Haie d essences locales</line>
<line>à implanter ou à préserver</line></par>
</text>
</block>
<block><region><rect/></region>
<text>
<par>
<line>/</line></par>
</text>
</block>
<block><region><rect/></region>
<text>
<par>
<line>Accès principal</line></par>
</text>
</block>
<block><region><rect/></region>
<text>
<par>
<line>Zone d urbanisation</line>
<line>future</line></par>
</text>
</block>
<block><region><rect/></region>
<text>
<par>
<line>•.'■TT/fV</line></par>
</text>
</block>
<block><region><rect/></region>
<text>
<par/>
</text>
</block>
<block><region><rect/></region>
<text>
<par/>
</text>
</block>
<block><region><rect/></region>
<text>
<par/>
</text>
</block>
<block><region><rect/></region>
<text>
<par>
<line>Ateliers municipaux</line></par>
</text>
</block>
<block><region><rect/></region>
<text>
<par>
<line>t: : ' i</line></par>
</text>
</block>
<block><region><rect/></region>
<text>
<par/>
</text>
</block>
<block><region><rect/></region>
<text>
<par/>
</text>
</block>
<block><region><rect/></region>
<text>
<par>
<line>36</line></par>
</text>
</block>
<block><region><rect/></region>
<text>
<par>
<line>^ im</line></par>
</text>
</block>
<block><region><rect/></region>
<text>
<par/>
</text>
</block>
<block><region><rect/><rect/><rect/></region>
<text>
<par>
<line>Voies de desserte à prévoir</line>
<line>dans le périmètre, accès</line>
<line>direct aux parcelles interdit</line></par>
</text>
</block>
<block><region><rect/></region>
<text orientation="RotatedCounterclockwise">
<par>
<line>Source : Conseil Générdl 17 - Août 2010 - Réalisation : Syndicat Mixte du pays des Vais de Saintonge - Juillet 2013</line></par>
</text>
</block>



















<block blockType="Picture" blockName="" l="265" t="264" r="2441" b="1818"><region><rect/></region>
</block>
</page>
<page width="2479" height="3508" resolution="300">
<block><region><rect/></region>
<text>
<par>
<line>Département de la Charente-Maritime</line></par>
</text>
</block>
<block><region><rect/></region>
<text>
<par>
<line>Siecq</line></par>
</text>
</block>
<block><region><rect/></region>
<text>
<par>
<line>Commune de</line></par>
</text>
</block>
<block><region><rect/></region>
<text>
<par>
<line>Plan Local</line></par>
</text>
</block>
<block><region><rect/></region>
<text>
<par>
<line>D'Urbanisme</line></par>
</text>
</block>
<block><region><rect/></region>
<text>
<par/>
</text>
</block>
<block><region><rect/></region>
<text>
<par>
<line>4b - Orientation d'Aménagement</line>
<line>et de Programmation - secteur</line>
<line>Sud du bourg</line></par>
</text>
</block>
<block blockType="Table" blockName="" l="368" t="2448" r="2232" b="3023"><region><rect/></region>
<row>
<cell leftBorder="White" topBorder="White" width="480" height="97">
<text>
<par/>
</text></cell>
<cell width="462" height="97">
<text>
<par>
<line>Prescription</line></par>
</text></cell>
<cell width="461" height="97">
<text>
<par>
<line>Arrêt</line></par>
</text></cell>
<cell width="461" height="97">
<text>
<par>
<line>Approbation</line></par>
</text></cell></row>
<row>
<cell width="480" height="96">
<text>
<par>
<line>Élaboration</line></par>
</text></cell>
<cell width="462" height="96">
<text>
<par>
<line>10/12/08</line></par>
</text></cell>
<cell width="461" height="96">
<text>
<par>
<line>15/12/12</line></par>
</text></cell>
<cell width="461" height="96">
<text>
<par>
<line>13/12/13</line></par>
</text></cell></row>
<row>
<cell width="480" height="95">
<text>
<par/>
</text></cell>
<cell width="462" height="95">
<text>
<par/>
</text></cell>
<cell width="461" height="95">
<text>
<par/>
</text></cell>
<cell width="461" height="95">
<text>
<par/>
</text></cell></row>
<row>
<cell width="480" height="95">
<text>
<par/>
</text></cell>
<cell width="462" height="95">
<text>
<par/>
</text></cell>
<cell width="461" height="95">
<text>
<par/>
</text></cell>
<cell width="461" height="95">
<text>
<par/>
</text></cell></row>
<row>
<cell width="480" height="95">
<text>
<par/>
</text></cell>
<cell width="462" height="95">
<text>
<par/>
</text></cell>
<cell width="461" height="95">
<text>
<par/>
</text></cell>
<cell width="461" height="95">
<text>
<par/>
</text></cell></row>
<row>
<cell width="480" height="97">
<text>
<par/>
</text></cell>
<cell width="462" height="97">
<text>
<par/>
</text></cell>
<cell width="461" height="97">
<text>
<par/>
</text></cell>
<cell width="461" height="97">
<text>
<par/>
</text></cell></row>
</block>
<block><region><rect/></region>
<text>
<par>
<line>Le Maire,</line></par>
<par>
<line>Suzanne FAVREAU</line></par>
</text>
</block>













</page>
<page width="2231" height="3158" resolution="270">
<block><region><rect/></region>
<text>
<par>
<line>L'aménagement de ce secteur défini par le Plan Local d'Urbanisme devra respecter les</line></par>
<par>
<line>règles définies par le règlement, notamment en ce qui concerne l'implantation par rapport</line></par>
<par>
<line>aux voies et aux limites parcellaires ainsi que l'aspect général des constructions.</line></par>
</text>
<text>
<par>
<line>Les Orientations d'Aménagement et de Programmation n'ont pour objet que de définir, dans</line>
<line>un rapport de compatibilité et non de conformité, les prescriptions que la commune souhaite</line>
<line>voir respectées lors de l'aménagement de ce secteur.</line></par>
<par>
<line>Les mesures s'imposant aux futurs aménagements relatifs à la zone mixte d'implantation</line>
<line>d'activités et d'habitat (AU Sud) concernent les points suivants :</line></par>
<par>
<line>• réserver le linéaire de rue en priorité à l'implantation d'activités compatibles avec</line>
<line>l'habitat, afin de constituer une « vitrine » visible depuis la rue de l'Océan</line></par>
<par>
<line>• prendre en compte le mur existant dans le projet d'aménagement</line></par>
<par>
<line>• prévoir un accès, depuis la rue de l'Océan, aux parcelles agricoles situées en fond de</line>
<line>zone</line></par>
<par>
<line>• interdire les accès directs aux parcelles depuis la rue de l'Océan</line></par>
<par>
<line>• préserver un périmètre de protection élargi à 10 m avec le bâtiment agricole situé en</line>
<line>limite Ouest de propriété (chai)</line></par>
<par>
<line>• faciliter l'intégration paysagère des futures constructions vis à vis de l'espace agricole</line>
<line>en implantant un linéaire de haies d'essences locales</line></par>
</text>
</block>
<block><region><rect/></region>
<text>
<par>
<line>Z33</line></par>
</text>
</block>
<block><region><rect/></region>
<text>
<par>
<line>Commune</line></par>
</text>
</block>
<block><region><rect/></region>
<text>
<par>
<line>Orientation d’Aménagement et dwProgrammation</line></par>
</text>
</block>
<block><region><rect/></region>
<text>
<par/>
</text>
</block>
<block><region><rect/></region>
<text>
<par/>
</text>
</block>
<block><region><rect/></region>
<text>
<par/>
</text>
</block>
<block><region><rect/></region>
<text>
<par>
<line>■ c JL</line></par>
</text>
</block>
<block><region><rect/></region>
<text>
<par/>
</text>
</block>
<block><region><rect/></region>
<text orientation="RotatedCounterclockwise">
<par>
<line>Source : Conseil Général 17 Août 2010 - Réalisation : Syndicat Mixte du Pays des Vais de Saintonge</line></par>
</text>
</block>





<block blockType="Picture" blockName="" l="170" t="1543" r="716" b="1633"><region><rect/></region>
</block>
</page>
<page width="2479" height="3508" resolution="300">
<block><region><rect/></region>
<text>
<par>
<line>Département de la Charente-Maritime</line></par>
</text>
</block>
<block><region><rect/></region>
<text>
<par>
<line>Siecq</line></par>
</text>
</block>
<block><region><rect/></region>
<text>
<par>
<line>Commune de</line></par>
</text>
</block>
<block><region><rect/></region>
<text>
<par>
<line>Plan Local</line></par>
</text>
</block>
<block><region><rect/></region>
<text>
<par>
<line>D'Urbanisme</line></par>
</text>
</block>
<block><region><rect/></region>
<text>
<par>
<line>»</line></par>
</text>
</block>
<block><region><rect/></region>
<text>
<par>
<line>4c - Orientation d'Aménagement</line>
<line>et de Programmation - secteur</line>
<line>Ua à Coucoussac</line></par>
</text>
</block>
<block blockType="Table" blockName="" l="368" t="2448" r="2232" b="3023"><region><rect/></region>
<row>
<cell leftBorder="White" topBorder="White" width="480" height="97">
<text>
<par/>
</text></cell>
<cell width="462" height="97">
<text>
<par>
<line>Prescription</line></par>
</text></cell>
<cell width="461" height="97">
<text>
<par>
<line>Arrêt</line></par>
</text></cell>
<cell width="461" height="97">
<text>
<par>
<line>Approbation</line></par>
</text></cell></row>
<row>
<cell width="480" height="96">
<text>
<par>
<line>Élaboration</line></par>
</text></cell>
<cell width="462" height="96">
<text>
<par>
<line>10/12/08</line></par>
</text></cell>
<cell width="461" height="96">
<text>
<par>
<line>15/12/12</line></par>
</text></cell>
<cell width="461" height="96">
<text>
<par>
<line>13/12/13</line></par>
</text></cell></row>
<row>
<cell width="480" height="95">
<text>
<par/>
</text></cell>
<cell width="462" height="95">
<text>
<par/>
</text></cell>
<cell width="461" height="95">
<text>
<par/>
</text></cell>
<cell width="461" height="95">
<text>
<par/>
</text></cell></row>
<row>
<cell width="480" height="95">
<text>
<par/>
</text></cell>
<cell width="462" height="95">
<text>
<par/>
</text></cell>
<cell width="461" height="95">
<text>
<par/>
</text></cell>
<cell width="461" height="95">
<text>
<par/>
</text></cell></row>
<row>
<cell width="480" height="95">
<text>
<par/>
</text></cell>
<cell width="462" height="95">
<text>
<par/>
</text></cell>
<cell width="461" height="95">
<text>
<par/>
</text></cell>
<cell width="461" height="95">
<text>
<par/>
</text></cell></row>
<row>
<cell width="480" height="97">
<text>
<par/>
</text></cell>
<cell width="462" height="97">
<text>
<par/>
</text></cell>
<cell width="461" height="97">
<text>
<par/>
</text></cell>
<cell width="461" height="97">
<text>
<par/>
</text></cell></row>
</block>
<block><region><rect/></region>
<text>
<par>
<line>Le Maire,</line></par>
<par>
<line>Suzanne FAVREAU</line></par>
</text>
</block>













</page>
<page width="2669" height="3777" resolution="323">
<block><region><rect/></region>
<text>
<par>
<line>L'aménagement de ce secteur défini par le Plan Local d'Urbanisme devra respecter les</line></par>
<par>
<line>règles définies par le règlement, notamment en ce qui concerne l'implantation par rapport</line></par>
<par>
<line>aux voies et aux limites parcellaires ainsi que l'aspect général des constructions.</line></par>
</text>
<text>
<par>
<line>Les Orientations d'Aménagement et de Programmation n'ont pour objet que de définir, dans</line>
<line>un rapport de compatibilité et non de conformité, les prescriptions que la commune souhaite</line>
<line>voir respectées lors de l'aménagement de ce secteur.</line></par>
<par>
<line>Les mesures s'imposant aux futurs aménagements relatifs à la zone Ua identifiée sur le plan</line>
<line>ci-dessous concernent les points suivants :</line></par>
<par>
<line>• prévoir un accès, depuis la route départementale 133 du côté de la parcelle déjà</line>
<line>urbanisée afin de sécuriser l'accès à la parcelle.</line></par>
</text>
</block>
<block><region><rect/></region>
<text>
<par>
<line>Commune de Siecq : Coucoussac</line></par>
</text>
</block>
<block><region><rect/></region>
<text>
<par>
<line>Orientation d Amenagement et de Programmation</line></par>
</text>
</block>
<block><region><rect/></region>
<text>
<par/>
</text>
</block>
<block><region><rect/></region>
<text>
<par/>
</text>
</block>
<block><region><rect/></region>
<text>
<par>
<line>#</line></par>
</text>
</block>
<block><region><rect/></region>
<text>
<par/>
</text>
</block>
<block><region><rect/></region>
<text>
<par/>
</text>
</block>
<block><region><rect/></region>
<text>
<par>
<line>Principe d'accès</line></par>
</text>
</block>
<block><region><rect/></region>
<text>
<par/>
</text>
</block>
<block><region><rect/></region>
<text>
<par/>
</text>
</block>
<block><region><rect/></region>
<text orientation="RotatedCounterclockwise">
<par>
<line>&gt;aintonge</line></par>
</text>
</block>











<block blockType="Picture" blockName="" l="479" t="2703" r="643" b="2735"><region><rect/></region>
</block>
<block blockType="Picture" blockName="" l="253" t="253" r="2481" b="1176"><region><rect/></region>
</block>
</page>
</OAP>