<?xml version="1.0" encoding="UTF-8"?><OAP>
<page width="2479" height="3508" resolution="300">
<block><region><rect/></region>
<text>
<par>
<line>COMMUNE DE VENERAND</line></par>
</text>
</block>
<block><region><rect/></region>
<text>
<par>
<line>REVISION DU</line></par>
</text>
</block>
<block><region><rect/></region>
<text>
<par>
<line>Plan Local d'Urbanisme</line></par>
</text>
</block>
<block><region><rect/></region>
<text>
<par/>
</text>
</block>
<block><region><rect/></region>
<text>
<par>
<line>I ^</line></par>
</text>
</block>
<block><region><rect/></region>
<text>
<par/>
</text>
</block>
<block><region><rect/></region>
<text>
<par>
<line>,1</line></par>
</text>
</block>
<block><region><rect/></region>
<text>
<par/>
</text>
</block>
<block><region><rect/><rect/><rect/></region>
<text>
<par/>
</text>
</block>
<block><region><rect/></region>
<text>
<par>
<line>: -</line></par>
</text>
</block>
<block><region><rect/></region>
<text>
<par/>
</text>
</block>
<block><region><rect/></region>
<text>
<par>
<line>Orientations d Amenagement</line></par>
</text>
</block>
<block><region><rect/></region>
<text>
<par>
<line>3</line></par>
</text>
</block>
<block><region><rect/></region>
<text>
<par>
<line>ET DE Programmation</line></par>
</text>
</block>
<block><region><rect/></region>
<text>
<par>
<line>O.ÆP.</line></par>
</text>
</block>
<block><region><rect/></region>
<text>
<par/>
</text>
</block>
<block><region><rect/></region>
<text>
<par>
<line>fL\J(VT4\4p(L' M\t^ùDOJ\ du C'An»iiMün^u7üi Jü JocrobM 20(7</line></par>
</text>
</block>
<block><region><rect/></region>
<text>
<par>
<line>Plu (ippfouv4 par d4¥\^^\ar\ du Cw\^ Mijnifpdi du J}uif4r20(v</line></par>
</text>
</block>




</page>
<page width="2479" height="3508" resolution="300">
<block><region><rect/></region>
<text>
<par>
<line>REVISION DU PLU DE VENERAND - OAP</line></par>
</text>
</block>
<block><region><rect/></region>
<text>
<par>
<line>LE GOFF/EAU</line></par>
</text>
</block>
<block><region><rect/></region>
<text>
<par>
<line>2</line></par>
</text>
</block>

</page>
<page width="2479" height="3508" resolution="300">
<block><region><rect/></region>
<text>
<par>
<line>REVISION DU PLU DE VENERAND - OAP</line></par>
</text>
</block>
<block><region><rect/></region>
<text>
<par>
<line>SOMMAIRE</line></par>
</text>
</block>
<block><region><rect/></region>
<text>
<par>
<line>Préambule</line></par>
<par>
<line>Principes généraux</line></par>
<par>
<line>Fiche 1 : Le secteur sud-est du bourg</line></par>
<par>
<line>Fiche 2 : Le secteur des Basselleries</line></par>
<par>
<line>Fiche 3 : Le secteur des Fontaines</line></par>
<par>
<line>Fiche 4 : Secteur Ua du bourg</line></par>
</text>
</block>
<block><region><rect/></region>
<text>
<par>
<line>5</line></par>
<par>
<line>7</line></par>
<par>
<line>11</line></par>
<par>
<line>16</line></par>
<par>
<line>Erreur ! Signet non défini.</line></par>
<par>
<line>23</line></par>
</text>
</block>
<block><region><rect/></region>
<text>
<par>
<line>LE GOFF/EAU</line></par>
</text>
</block>
<block><region><rect/></region>
<text>
<par>
<line>3</line></par>
</text>
</block>






</page>
<page width="2479" height="3508" resolution="300">
<block><region><rect/></region>
<text>
<par>
<line>REVISION DU PLU DE VENERAND - OAP</line></par>
</text>
</block>
<block><region><rect/></region>
<text>
<par>
<line>LE GOFF/EAU</line></par>
</text>
</block>
<block><region><rect/></region>
<text>
<par>
<line>4</line></par>
</text>
</block>

</page>
<page width="2397" height="3391" resolution="290">
<block><region><rect/></region>
<text>
<par>
<line>REVISION DU PLU DE VENERAND - OAP</line></par>
</text>
</block>
<block><region><rect/></region>
<text>
<par>
<line>Préambule</line></par>
<par>
<line>Les orientations d'aménagement et de programmation (OAP) qui suivent sont spécifiques à certains</line>
<line>secteurs à enjeux spécifiques : les zones d'urbanisation future, en extension du bourg, un secteur à</line>
<line>fort enjeu paysager et environnemental, ainsi qu'une parcelle non encore urbanisée au cœur du</line>
<line>bourg.</line></par>
<par>
<line>Ces OAP s'appuient sur les conclusions des études préalables (en termes de liaisons, de paysage, de</line>
<line>forme urbaine) et sur le projet d'aménagement et de développement durable (PADD) pour garantir</line>
<line>une cohérence d'ensemble au développement du bourg et une intégration optimale des nouveaux</line>
<line>quartiers.</line></par>
<par>
<line>Les nouveaux secteurs retenus pour être urbanisés, et faisant l'objet d'une OAP, ont été définis dans</line>
<line>le PLU de la manière suivante :</line></par>
<par>
<line>&gt; En zone AU, urbanisable à court terme : le secteur « Sud-est du bourg »</line></par>
<par>
<line>&gt; En zone 1AU, urbanisable à moyen ou long terme, après que la zone AU aura été</line>
<line>urbanisée : le secteur des « Basselleries »</line></par>
<par>
<line>&gt; En zones Ue et Ne, le secteur des Fontaines, au lieu-dit « chez Bruneteau »</line></par>
<par>
<line>&gt; En zone Ua, un terrain non encore urbanisé, au cœur du bourg, au sud de la mairie</line></par>
</text>
</block>
<block><region><rect/></region>
<text>
<par>
<line>Carte de veoévaQe des sec'teuvs dOAP</line></par>
</text>
</block>
<block><region><rect/></region>
<text>
<par>
<line>LE GOFF / E^U</line></par>
</text>
</block>
<block><region><rect/></region>
<text>
<par>
<line>5</line></par>
</text>
</block>





</page>
<page width="2479" height="3508" resolution="300">
<block><region><rect/></region>
<text>
<par>
<line>REVISION DU PLU DE VENERAND - OAP</line></par>
</text>
</block>
<block><region><rect/></region>
<text>
<par>
<line>LE GOFF</line></par>
</text>
</block>
<block><region><rect/></region>
<text>
<par>
<line>EAU</line></par>
</text>
</block>
<block><region><rect/></region>
<text>
<par>
<line>6</line></par>
</text>
</block>

</page>
<page width="2479" height="3508" resolution="300">
<block><region><rect/></region>
<text>
<par>
<line>VENERAND - REVISION DU PLU - OAP</line></par>
</text>
</block>
<block><region><rect/></region>
<text>
<par>
<line>PRINCIPES GENERAUX</line></par>
<par>
<line>PRINCIPES GENERAUX</line></par>
</text>
</block>
<block><region><rect/></region>
<text>
<par>
<line>1. Les nouveaux quartiers</line></par>
<par>
<line>► Enjeux</line></par>
<par>
<line>Depuis plusieurs décennies, la commune de VENERAND cherche à affirmer un véritable centre</line>
<line>bourg autour des écoles et de la mairie. Plusieurs opérations de lotissements ont permis de</line>
<line>renforcer le poids démographique du centre ; des équipements ont été créés pour affirmer cette</line>
<line>centralité.</line></par>
<par>
<line>Il s'agit aujourd'hui de compléter ces actions en proposant un parti d'aménagement :</line></par>
<par>
<line>• Pour l'urbanisation des nouvelles zones à proximité immédiate du centre bourg :</line></par>
<par>
<line>o La zone AU « sud-est du bourg ». Ce secteur permettra de répondre aux besoins</line>
<line>démographiques à court terme en complément des zones urbaines.</line></par>
<par>
<line>o La zone 1AU du secteur des Basselleries : elle est vouée à s'ouvrir à</line>
<line>l'urbanisation à long terme, quand les besoins supplémentaires se feront sentir et</line>
<line>quand les réseaux (notamment l'assainissement collectif) la desserviront.</line></par>
<par>
<line>Ces nouveaux quartiers seront conçus selon des principes respectueux de</line>
<line>l'environnement et participeront à l'identité communale.</line></par>
<par>
<line>• Pour l'urbanisation des secteurs encore disponibles en zones Ua du bourg et Ub</line>
<line>des villages.</line></par>
</text>
</block>
<block><region><rect/></region>
<text>
<par>
<line>► Objectifs</line></par>
<par>
<line>• Prendre en compte globalement l'environnement : gestion intégrée des eaux</line>
<line>pluviales, économies d'énergie (ex : choix d'éclairage public, largeurs de voies,</line>
<line>développement des cheminements piétons et deux roues pour les petits</line>
<line>déplacements^), approche bioclimatique dans l'implantation des constructions^</line></par>
<par>
<line>• Améliorer les liaisons internes du tissu urbain, et notamment les circulations</line>
<line>piétonnes et cyclistes en complétant les cheminements existants.</line></par>
<par>
<line>• S'inspirer de la typologie urbaine traditionnelle pour assurer une gestion économe</line>
<line>de l'espace et une bonne intégration dans le paysage rural agricole.</line></par>
</text>
</block>
<block><region><rect/></region>
<text>
<par>
<line>► Recommandations pratiques concernant la typologie urbaine :</line></par>
</text>
</block>
<block><region><rect/></region>
<text>
<par/>
</text>
</block>
<block><region><rect/></region>
<text>
<par/>
</text>
</block>
<block><region><rect/></region>
<text>
<par>
<line>On peut s'inspirer de l'implantation traditionnelle perpendiculaire aux voies,</line>
<line>comme sur la photo ci-contre à gauche à Gros Bonnet, pour à la fois</line>
<line>répondre aux besoins de l'habitat contemporain, économiser l'espace et</line>
<line>s'intégrer dans le paysage bâti local. Ceci constitue une alternative à</line>
<line>l'implantation banalisée type lotissement avec la maison au milieu du</line>
<line>jardin.</line></par>
</text>
</block>
<block><region><rect/></region>
<text>
<par>
<line>Avantages (cf. schéma à droite) :</line></par>
<par>
<line>- l'implantation favorise les larges ouvertures vers le Sud (adaptées aux pièces de vie),</line>
<line>limite celles vers le Nord (pièces de service) et facilite l'évolution de la construction ;</line></par>
<par>
<line>- la rue est rythmée par les pignons, et les constructions sont plus allongées, comme cela</line>
<line>se trouve traditionnellement ;</line></par>
<par>
<line>- ce type d'implantation participe à l'aménagement de l'espace public ;</line></par>
</text>
</block>
<block><region><rect/></region>
<text>
<par>
<line>tnwion aeiSùm'</line></par>
<par>
<line>iBmxISfT)</line></par>
<par>
<line>BOu (ïï*</line></par>
<par>
<line>gurfacQ dejeniin 'Ldite'.</line>
<line>buneipw d'inergie ivec l'mplinlstian</line></par>
</text>
</block>
<block><region><rect/></region>
<text>
<par>
<line>T</line></par>
</text>
</block>
<block blockType="Picture" blockName="" l="2196" t="3076" r="2479" b="3114"><region><rect/></region>
</block>
<block><region><rect/></region>
<text>
<par>
<line>LE GOFF- EAU</line></par>
</text>
</block>
<block><region><rect/></region>
<text>
<par>
<line>7</line></par>
</text>
</block>








</page>
<page width="2479" height="3508" resolution="300">
<block><region><rect/></region>
<text>
<par>
<line>VENERAND - REVISION DU PLU - OAP</line></par>
</text>
</block>
<block><region><rect/><rect/></region>
<text>
<par>
<line>PRINCIPES GENERAUX</line></par>
<par>
<line>- la surface de jardin utile est optimisée : les ouvertures vers le Sud favorisent les relations</line>
<line>avec le jardin ;</line></par>
<par>
<line>- implantation faite en fonction du soleil et du vent est plus propice à l'architecture</line>
<line>bioclimatique ; associée à un choix judicieux des matériaux (à forte inertie), la réduction</line>
<line>des charges énergétiques peut atteindre 30 à 50 %.</line></par>
</text>
</block>
<block><region><rect/></region>
<text>
<par/>
</text>
</block>
<block><region><rect/></region>
<text>
<par>
<line>Le croquis ci-dessus illustre une possibilité pour de l'individuel groupé ou du petit collectif :</line></par>
<par>
<line>- Le regroupement des habitations permet de réintroduire les volumes allongés</line>
<line>traditionnels.</line></par>
<par>
<line>- Devant les constructions, l'espace commun reprend le principe du querreux pour gérer les</line>
<line>besoins collectifs (garages, local poubelle^). Ce petit espace semi-public peut être</line>
<line>agrémenté d'un « arbre repère » comme cela se retrouve sur la commune.</line></par>
<par>
<line>- Les jardins à l'arrière, de forme plutôt allongée, sont adaptés à la typologie traditionnelle</line>
<line>et permettent une transition plus douce avec l'espace agricole environnant.</line></par>
<par>
<line>- Cette typologie est moins consommatrice d'espace que les solutions individuelles</line>
<line>classiques ; elle est adaptée à la volonté de densifier certains quartiers centraux tout en</line>
<line>valorisant l'image communale.</line></par>
<par>
<line>► L'éclairage public, principes :</line></par>
<par>
<line>L'éclairage public dans les lotissements sera obligatoirement prévu par l'aménageur et conçu</line>
<line>selon certains principes (approche environnementale urbaine) :</line></par>
<par>
<line>- Il ne s'agit pas de multiplier les points d'éclairage (répercussion sur la consommation),</line>
<line>mais de les traiter judicieusement.</line></par>
<par>
<line>- Les nouveaux éclairages publics seront des dispositifs performants au niveau</line>
<line>énergétique.</line></par>
<par>
<line>- On évitera l'éclairage agressif : réduire les hauteurs de feu, éviter d'éclairer le ciel, prévoir</line>
<line>éventuellement des grilles de rabattement des flux (afin de préserver la pollution du ciel et</line>
<line>de garantir une meilleure sécurité des piétons et des deux roues). Il s'agit surtout</line>
<line>d'éclairer l'espace piéton et public plus que la chaussée.</line></par>
<par>
<line>► Le réseau d'eau pluvial, principes :</line></par>
<par>
<line>- La question du pluvial doit être traitée pour chaque opération par une étude de détail (cf.</line>
<line>étude pluviale en annexe du PLU).</line></par>
<par>
<line>- Chaque opération doit prévoir la gestion de ses eaux pluviales (rétention, infiltrations^)</line>
<line>sur la/les parcelle (s) de l'opération avec un système adapté.</line></par>
<par>
<line>- Les techniques alternatives au tout tuyau seront privilégiées, elles participeront à</line>
<line>l'aménagement des espaces communs et ne se limiteront pas à une fonction technique.</line></par>
<par>
<line>- Les possibilités de réutilisation de ces eaux pluviales (arrosage, lavage^) seront</line>
<line>étudiées.</line></par>
</text>
</block>
<block><region><rect/></region>
<text>
<par>
<line>LE GOFF- EAU</line></par>
</text>
</block>
<block><region><rect/></region>
<text>
<par>
<line>8</line></par>
</text>
</block>







</page>
<page width="2479" height="3508" resolution="300">
<block><region><rect/></region>
<text>
<par>
<line>VENERAND - REVISION DU PLU - OAP</line></par>
</text>
</block>
<block><region><rect/></region>
<text>
<par>
<line>PRINCIPES GENERAUX</line>
<line>2. Les espaces publics</line>
<line>► Enjeux</line></par>
<par>
<line>Il s'agit soit de mettre en valeur un espace public existant, soit d'aménager (suite à la démolition)</line>
<line>l'espace public dans le tissu existant, soit de créer un espace public dans un nouveau quartier.</line>
<line>Dans ces cas, on travaillera à partir des spécificités, mises en évidence dans le diagnostic du</line>
<line>rapport de présentation, des espaces publics typiques de quartiers appelés aussi « querreux ».</line></par>
</text>
</block>
<block><region><rect/></region>
<text>
<par>
<line>► Objectif :</line></par>
<par>
<line>Ainsi, le premier principe sera de privilégier une organisation à partir de plusieurs petits espaces</line>
<line>publics conviviaux, de préférence à un grand espace centralisé.</line></par>
</text>
</block>
<block><region><rect/><rect/><rect/><rect/><rect/></region>
<text>
<par>
<line>► Eléments identitaires d'un « querreux » et recommandations</line>
<line>d'aménagement :</line></par>
<par>
<line>Dans le tissu existant,</line></par>
<par>
<line>- les bâtiments vétustes ne doivent s'inscrire dans un</line>
<line>programme de démolition que lorsqu'ils participent à mettre</line>
<line>en évidence la typologie traditionnelle, l'architecture locale ou</line>
<line>lorsque leur suppression génère des espaces d'articulation</line>
<line>entre les composantes bâties</line></par>
<par>
<line>- dans tous les cas de figure :</line></par>
<par>
<line>o implantation d'un élément remarquable (quelques</line>
<line>exemples : un puits, un arbre ...) ou d'un espace de</line>
<line>loisir et de convivialité donnant une identité et un usage au lieu</line>
<line>enfants, bancs^) ;</line></par>
<par>
<line>o ouverture paysagère de l'espace, composition sobre et maintien d'</line>
<line>enherbée garantissant le caractère rural de la commune</line></par>
</text>
</block>
<block><region><rect/></region>
<text>
<par/>
</text>
</block>
<block><region><rect/></region>
<text>
<par/>
</text>
</block>
<block><region><rect/><rect/></region>
<text>
<par>
<line>(jeux pour</line>
<line>une surface</line></par>
</text>
</block>
<block><region><rect/></region>
<text>
<par>
<line>► Recommandations pour l'aménagement des espaces publics et</line>
<line>liaisons piétonnes du secteur bâti :</line></par>
<par>
<line>Un des objectifs affirmés de la commune reste le développement de la sécurité de la circulation et</line>
<line>la valorisation des modes de déplacements doux (piétons, cyclistes) dans l'optique d'une</line>
<line>approche environnementale urbaine. Les principes suivants sont donc définis :</line></par>
<par>
<line>- limiter la surface de voirie et de revêtement noir : privilégier les sens uniques lorsqu'ils</line>
<line>suffisent ; privilégier des trottoirs en grave stabilisée (ou sable stabilisé) pour conserver le</line>
<line>caractère rural de la commune ; préférer les caniveaux doubles dévers aux</line>
<line>bordures/caniveaux classiques ; ou encore des noues engazonnées participant à</line>
<line>l'absorption des eaux de pluie, quand la largeur le permet ;</line></par>
<par>
<line>- retrouver l'homogénéité de la rue de village avec une continuité minérale alternant les</line>
<line>pignons, les murets^ ; enherber les pieds du mur pour une continuité végétale affirmant</line>
<line>le caractère champêtre ; couvrir les murs de tuiles qui assurent un fil conducteur coloré</line>
<line>entre les bâtiments et les rues (limite privé /public soulignée).</line></par>
<par>
<line>- pas de continuité transversale minérale mais végétale afin de conserver le caractère</line>
<line>champêtre : retrouver le végétal de part et d'autre des limites (murs) ;</line></par>
<par>
<line>- des massifs de 3 ou 4 végétaux regroupés et des jardinières bâties jalonnent le parcours ;</line></par>
</text>
</block>
<block><region><rect/><rect/><rect/><rect/></region>
<text>
<par>
<line>planter des arbres isolés à grand développement sur les petites placettes, à l'entrée du</line>
<line>quartier, aux carrefours.</line></par>
<par>
<line>Exemple d'illustration des principes d'aménagement</line></par>
</text>
</block>
<block><region><rect/></region>
<text>
<par>
<line>a</line></par>
</text>
</block>
<block><region><rect/></region>
<text>
<par>
<line>O) □</line></par>
</text>
</block>
<block><region><rect/></region>
<text>
<par/>
</text>
</block>
<block><region><rect/></region>
<text>
<par>
<line>□</line></par>
</text>
</block>
<block><region><rect/></region>
<text>
<par>
<line>D</line></par>
</text>
</block>
<block><region><rect/></region>
<text>
<par>
<line>A</line></par>
</text>
</block>
<block><region><rect/></region>
<text>
<par/>
</text>
</block>
<block><region><rect/></region>
<text>
<par>
<line>LE GOFF- EAU</line></par>
</text>
</block>
<block><region><rect/></region>
<text>
<par>
<line>9</line></par>
</text>
</block>



</page>
<page width="2479" height="3508" resolution="300">
<block><region><rect/></region>
<text>
<par>
<line>VENERAND - REVISION DU PLU - OAP</line></par>
<par>
<line>PRINCIPES GENERAUX</line></par>
</text>
</block>
<block><region><rect/></region>
<text>
<par>
<line>LE GOFF- EAU</line></par>
</text>
</block>
<block><region><rect/></region>
<text>
<par>
<line>10</line></par>
</text>
</block>

</page>
<page width="2479" height="3508" resolution="300">
<block><region><rect/></region>
<text>
<par>
<line>VENERAND - REVISION DU PLU - OAP</line></par>
</text>
</block>
<block><region><rect/></region>
<text>
<par>
<line>FICHE 1 : SECTEUR SUD-EST DU BOURG</line></par>
</text>
</block>
<block><region><rect/><rect/></region>
<text>
<par>
<line>CUS3E.yENT AU</line></par>
</text>
</block>
<block><region><rect/></region>
<text>
<par>
<line>Ÿvttiki'iK</line></par>
</text>
</block>
<block><region><rect/></region>
<text>
<par/>
</text>
</block>
<block><region><rect/><rect/><rect/><rect/><rect/><rect/></region>
<text>
<par>
<line>Ul-Jfkjtl J*!* V ^"1 bi i bd</line>
<line>ikJ(»ir*U4V</line></par>
<par>
<line>Ml ^-L''</line></par>
<par>
<line>«■îta</line></par>
<par>
<line>J s..</line></par>
</text>
</block>
<block><region><rect/></region>
<text>
<par/>
</text>
</block>
<block><region><rect/></region>
<text>
<par/>
</text>
</block>
<block><region><rect/></region>
<text>
<par/>
</text>
</block>
<block><region><rect/></region>
<text>
<par>
<line>Si</line></par>
</text>
</block>
<block><region><rect/></region>
<text>
<par/>
</text>
</block>
<block><region><rect/></region>
<text>
<par>
<line>/</line></par>
</text>
</block>
<block><region><rect/></region>
<text>
<par/>
</text>
</block>
<block><region><rect/><rect/><rect/></region>
<text>
<par>
<line>anj-iki’ r^ïTt'stet^!</line></par>
<par>
<line>hd^: ia tit</line></par>
</text>
<text>
<par>
<line>^kfitaAm</line></par>
</text>
</block>
<block blockType="Table" blockName="" l="385" t="2619" r="892" b="3001"><region><rect/></region>
<row>
<cell width="317" height="45">
<text>
<par>
<line>îj^'bnft</line></par>
</text></cell>
<cell width="190" height="45">
<text>
<par>
<line>l.dna</line></par>
</text></cell></row>
<row>
<cell width="317" height="42">
<text>
<par>
<line>îj^:nrtî</line></par>
</text></cell>
<cell width="190" height="42">
<text>
<par>
<line>I^âfbE:</line></par>
</text></cell></row>
<row>
<cell width="317" height="85">
<text>
<par>
<line>lWcIî rthc</line></par>
</text></cell>
<cell width="190" height="85">
<text>
<par>
<line>1E-cib&gt;a</line></par>
</text></cell></row>
<row>
<cell width="317" height="40">
<text>
<par>
<line>WTffiï rrtiidjds :</line></par>
</text></cell>
<cell width="190" height="40">
<text>
<par>
<line>■</line></par>
</text></cell></row>
<row>
<cell width="317" height="42">
<text>
<par>
<line>Tfc ds aro(t:i</line></par>
</text></cell>
<cell width="190" height="42">
<text>
<par/>
</text></cell></row>
<row>
<cell width="317" height="43">
<text>
<par>
<line>OTfTafft :</line></par>
</text></cell>
<cell width="190" height="43">
<text>
<par>
<line>j</line></par>
</text></cell></row>
<row>
<cell width="317" height="85">
<text>
<par>
<line>Tfc do «svcdo</line></par>
</text></cell>
<cell width="190" height="85">
<text>
<par>
<line>"h"</line></par>
</text></cell></row>
</block>
<block><region><rect/></region>
<text>
<par>
<line>OBJECTIFS</line></par>
<par>
<line>lü^n^-vn! d« »! cn.'ti.nJltf Su.‘sL'asm.™."! ÿy Frflii"</line></par>
<par>
<line>WJ WiTHnny -d -pn iTsun? du lir.w^i Su JïnL siv du .lijyr.fe'' : ir?pixiB' Ip</line>
<line>Itf'jTh p^ R.n^OT!p. fy .s;:£l ri i^ffia.T.'UJlirrita.Tml^'y.iTnM'.ip</line></par>
<par>
<line>izji'7</line></par>
<par>
<line>C-p »dPT -pj! J .'«r-wAr dp n.^ n zrir y.n</line></par>
<par>
<line>mn?!! dlnXli''Jbipj^ R.nEPrft artci s'ec .'« iJ-rmlT y</line></par>
<par>
<line>j'^M-dp P*® pflPip d’.iBiiils! j-'E X .iSuMss'.bi.n -iJj</line></par>
<par>
<line>p.'ÛpffHi fi 3tJ.'33lLr P.H ."^jan! .►litl'rl .inÿi^jEjgJ SiTTjj'ajpd.Plj.'TIYl^</line></par>
<par>
<line>pzurarA'hXjrTJp uïphp</line></par>
<par>
<line>Ir p.’^D 9.’} p! Ip jzHi.n du /irjmajp rr^i! iTpp'Iftdpr dirri</line></par>
<par>
<line>fa.’vin^trvj]'. 9 -sp jæ iu.'. L' dp :pnsL'ur P'v .nsjk-ri.ï du</line>
<line>dp/rvid.:p PHOüLTplP.'r^'ib dïj lemeh. d^Tdwjï' ujvztip-up</line></par>
<par>
<line>1 dp :» jp py iinp s^^ltun dP'unpti'p ^"Inl</line></par>
<par>
<line>U' b !yta.''d -ïto b jpv</line></par>
<par>
<line>SiL' .b jpcJRiT': pJ MU. b dPT.lp .np!b .rjo^iew jpt -dp</line></par>
<par>
<line>bjflrng.rij.+igrii'g.</line></par>
<par>
<line>PRCGRAMWE</line></par>
<par>
<line>b -Ep'ipotïïa: urt&gt;:iM</line></par>
<par>
<line>- Le rfjdribf ^udl^rj do ITiPtU Ind^ldjol (^wcJjMhs prhvUti diid</line>
<line>quo d£s lo^onioriu joupte^qiJ pouronl 4t'oloull^. b^vf1uari Ij rridU-</line>
<line>u(lal4: l4ao&gt;isinjülorE urort knpiaildoïen oonlnu. »iTil-o«ilnu ou</line>
<line>duconikiu.</line></par>
<par>
<line>- bss [ondiudlons deviprl rire tnpIartMsde bcon â pofJiKt HiriOoler</line>
<line>oj rrteux des apporb solalros. loti «n S'irid^rirt dîna la penlo ; Na</line>
<line>jjMkisairorl uneorknldlon aud-oued Aarjded.</line></par>
<par>
<line>- Les qjages dora'orl rire Iraldi j^ec adn el [lorllc^rorl h l'anknrilon</line>
<line>de l'ospKO pubik..</line></par>
<par>
<line>- Les loijemotia grotfCs swonL knpiartdc au aud-oued. du Lctrati.</line>
<line>fùnkxniAiKri ou arhriiu de prkidpe d-aprï^</line></par>
<par>
<line>ri' Vcj&gt;“ eutoTiahlf :</line></par>
<par>
<line>La het'Ie dossetrira le quarlhr aJ^ari Ns prtxJpAC' k&gt;jlqu4s aur N adidnu</line>
<line>d oompl^lerâ N r^codu dp vohs «ddarte ; un andnaqonurt sora ^gnd-</line>
<line>afv: v4:gdlribril4n ; rile sera rimendonnde aJti'arf les besokis.</line></par>
<par>
<line>ri ulKnintn'dh^ddid:</line></par>
<par>
<line>LeschemkipmenbdoŒ «xblails. au nord de la lana el su la paroolo 4j</line>
<line>dado. sororl ^ol&amp;or^'4s.</line></par>
<par>
<line>[&gt;es lldSOIE douces defTTieiro ŒWesirioriNspdnc^sInclifJdssir le</line>
<line>scti^du : Ib ponnrilrorJ de roler le dioirin de la mes», les Iribumenls</line>
<line>eoddartEeileotienlnenioiipIdlonaunard^ soidoif.</line></par>
<par>
<line>Cans le CSS de baejos- bdsdeE ou espcins veds. N chemkvmenl doux</line>
<line>peirra los Hdjor.</line></par>
</text>
</block>
<block><region><rect/></region>
<text>
<par>
<line>LE GOFF-EAU</line></par>
</text>
</block>
<block><region><rect/></region>
<text>
<par>
<line>11</line></par>
</text>
</block>



















</page>
<page width="2479" height="3508" resolution="300">
<block><region><rect/></region>
<text>
<par>
<line>VENERAND - REVISION DU PLU - OAP</line></par>
</text>
</block>
<block><region><rect/></region>
<text>
<par>
<line>FICHE 1 : SECTEUR SUD-EST DU BOURG</line></par>
</text>
</block>
<block><region><rect/></region>
<text>
<par>
<line>► Trame paysagère</line></par>
<par>
<line>• Chaque sous-espace doit avoir son identité et son image tout en laissant deviner le</line>
<line>paysage de l'espace contigu, grâce à des échappées visuelles ; les espaces ne sont pas</line>
<line>fermés.</line></par>
<par>
<line>• La rue et l'espace public sont la résultante de cette organisation du bâti, avec le fil</line>
<line>conducteur minéral passant du muret de clôture aux pignons sur rue, soulignés par les</line>
<line>tuiles et se combinant avec le végétal qui fait la liaison entre les différents espaces.</line></par>
<par>
<line>• Les bas-côtés de la voirie seront bordés de noues engazonnées et fleuries qui participent</line>
<line>à une gestion intégrée des eaux de pluie.</line></par>
<par>
<line>• En limite sud-est de la zone, une partie non constructible sera préservée en pleine terre,</line>
<line>au niveau du passage d'eau existant ; elle pourra intégrer la gestion du pluvial (voir ci-</line>
<line>après).</line></par>
<par>
<line>► Traitement des limites :</line></par>
<par>
<line>• Traitement des limites du secteur : des zones de plantations sont définies, afin de créer</line>
<line>des zones tampons avec le stade à l'ouest et la zone agricole à l'est ; ces zones :</line></par>
<par>
<line>• seront des espaces verts collectifs ou privatifs ;</line></par>
<par>
<line>• pourront intégrer des cheminements doux et la gestion du pluvial ;</line></par>
<par>
<line>• seront constituées d'arbustes d'essences locales diversifiées.</line></par>
<par>
<line>• Traitement de la limite public/privé : le traitement des clôtures sur rue devra faire l'objet</line>
<line>d'un projet d'ensemble pour toute l'opération, afin d'avoir une image cohérente et</line>
<line>qualitative du quartier.</line></par>
<par>
<line>► Gestion du pluvial</line></par>
<par>
<line>• La gestion écologique des eaux pluviales est imposée (noues végétalisées, fossés,</line>
<line>bassins, infiltration, etc _) pour l'ensemble de l'opération (espaces communs, voirie,</line>
<line>espaces privatifs), afin de ne pas répercuter en aval les conséquences de</line>
<line>l'imperméabilisation du sol.</line></par>
<par>
<line>• Dans la partie basse au Sud, prévoir un espace tampon pluvial pour permettre de stocker</line>
<line>les eaux de ruissellement en cas de fortes précipitations.</line></par>
<par>
<line>• La récupération de l'eau de pluie est imposée à la parcelle et pour les espaces communs ;</line>
<line>elle approvisionnera l'arrosage des espaces verts collectifs et privatifs.</line></par>
<par>
<line>• Réseau d'eau pluvial : il est imposé aux aménageurs un rejet d'eau pluviale quasi nul à</line>
<line>l'aval, soit communément 3 l/s/ha. Il faudra respecter les prescriptions énoncées dans le</line>
<line>rapport de la SOCAMA (cf. Annexe du Rapport de présentation).</line></par>
</text>
</block>
<block><region><rect/></region>
<text>
<par>
<line>Voir page suivante, le schéma des principes d'aménagement</line></par>
</text>
</block>
<block><region><rect/></region>
<text>
<par>
<line>LE GOFF - EAU</line></par>
</text>
</block>
<block><region><rect/></region>
<text>
<par>
<line>12</line></par>
</text>
</block>




</page>
<page width="2479" height="3508" resolution="300">
<block><region><rect/></region>
<text>
<par>
<line>VENERAND - REVISION DU PLU - OAP</line></par>
<par>
<line>FICHE 1 : SECTEUR SUD-EST DU BOURG</line></par>
</text>
</block>
<block><region><rect/></region>
<text>
<par>
<line>LE GOFF - EAU</line></par>
</text>
</block>
<block><region><rect/></region>
<text>
<par>
<line>13</line></par>
</text>
</block>

</page>
<page width="2479" height="3508" resolution="300">
<block><region><rect/></region>
<text>
<par>
<line>VENERAND - REVISION DU PLU - OAP</line></par>
</text>
</block>
<block><region><rect/></region>
<text>
<par>
<line>FICHE 1 : SECTEUR SUD-EST DU BOURG</line></par>
</text>
</block>
<block><region><rect/></region>
<text>
<par>
<line>Schéma des principes d'aménagement :</line></par>
</text>
</block>
<block><region><rect/></region>
<text>
<par/>
</text>
</block>
<block><region><rect/></region>
<text>
<par/>
</text>
</block>
<block><region><rect/></region>
<text>
<par/>
</text>
</block>
<block><region><rect/></region>
<text>
<par/>
</text>
</block>
<block><region><rect/></region>
<text>
<par>
<line>vers</line></par>
</text>
</block>
<block><region><rect/></region>
<text>
<par/>
</text>
</block>
<block><region><rect/></region>
<text>
<par/>
</text>
</block>
<block><region><rect/></region>
<text>
<par/>
</text>
</block>
<block><region><rect/></region>
<text>
<par>
<line>ma;rfe</line></par>
</text>
</block>
<block><region><rect/></region>
<text>
<par>
<line>eco/e</line></par>
</text>
</block>
<block><region><rect/></region>
<text>
<par>
<line>Fef</line></par>
</text>
</block>
<block><region><rect/></region>
<text>
<par/>
</text>
</block>
<block><region><rect/></region>
<text>
<par/>
</text>
</block>
<block><region><rect/></region>
<text>
<par>
<line>A</line></par>
</text>
</block>
<block><region><rect/></region>
<text>
<par/>
</text>
</block>
<block><region><rect/></region>
<text>
<par>
<line>S</line></par>
</text>
</block>
<block><region><rect/></region>
<text>
<par>
<line>1</line></par>
</text>
</block>
<block><region><rect/></region>
<text>
<par>
<line>U</line></par>
</text>
</block>
<block><region><rect/></region>
<text>
<par>
<line>V</line></par>
</text>
</block>
<block><region><rect/></region>
<text>
<par/>
</text>
</block>
<block><region><rect/></region>
<text>
<par>
<line>ZONE</line></par>
</text>
</block>
<block><region><rect/></region>
<text>
<par>
<line>AU</line></par>
</text>
</block>
<block><region><rect/></region>
<text>
<par/>
</text>
</block>
<block><region><rect/></region>
<text>
<par>
<line>Â</line></par>
</text>
</block>
<block><region><rect/></region>
<text>
<par>
<line>SUD</line></par>
</text>
</block>
<block><region><rect/></region>
<text>
<par>
<line>EST</line></par>
</text>
</block>
<block><region><rect/></region>
<text>
<par>
<line>/</line></par>
</text>
</block>
<block><region><rect/></region>
<text>
<par/>
</text>
</block>
<block><region><rect/></region>
<text>
<par/>
</text>
</block>
<block><region><rect/></region>
<text>
<par>
<line>/</line></par>
</text>
</block>
<block><region><rect/></region>
<text>
<par>
<line>/</line></par>
</text>
</block>
<block><region><rect/></region>
<text>
<par>
<line>/</line></par>
</text>
</block>
<block><region><rect/></region>
<text>
<par>
<line>/</line></par>
</text>
</block>
<block><region><rect/></region>
<text>
<par>
<line>ejaMue</line></par>
</text>
</block>
<block><region><rect/></region>
<text>
<par/>
</text>
</block>
<block><region><rect/></region>
<text>
<par>
<line>/</line></par>
</text>
</block>
<block><region><rect/></region>
<text>
<par>
<line>£&gt;î:</line></par>
</text>
</block>
<block><region><rect/></region>
<text>
<par>
<line>n</line></par>
</text>
</block>
<block><region><rect/></region>
<text>
<par/>
</text>
</block>
<block><region><rect/></region>
<text>
<par>
<line>LEGENDE</line></par>
<par>
<line>Eléments de contexte ;</line></par>
<par>
<line>Voirie</line></par>
<par>
<line>Cheminement doux à conserver</line></par>
<par>
<line>■-Noue</line></par>
<par>
<line>irliiilniliii Talus enherbé</line></par>
<par>
<line>Elément de paysage à préserver (bosquet)</line>
<line>Alignement d’arbres</line></par>
<par>
<line>~ Courbes de niveaux (représentation schématique)</line>
<line>Zone de plateau</line></par>
<par>
<line>Principes de l’Orientation d’aménaaement :</line></par>
<par>
<line>■ Principe de desserte automobile à créer</line></par>
<par>
<line>“ “ Principe de cheminements doux à créer</line></par>
<par>
<line>Zone de gestion du pluvial</line></par>
<par>
<line>Zone tampon : plantations à réaliser</line></par>
<par>
<line>Zone mixte avec habitat groupé</line></par>
</text>
</block>
<block><region><rect/></region>
<text>
<par>
<line>LE GOFF - EAU</line></par>
</text>
</block>
<block><region><rect/></region>
<text>
<par>
<line>14</line></par>
</text>
</block>






</page>
<page width="2479" height="3508" resolution="300">
<block><region><rect/></region>
<text>
<par>
<line>VENERAND - REVISION DU PLU - OAP</line></par>
<par>
<line>FICHE 1 : SECTEUR SUD-EST DU BOURG</line></par>
</text>
</block>
<block><region><rect/></region>
<text>
<par>
<line>LE GOFF- EAU</line></par>
</text>
</block>
<block><region><rect/></region>
<text>
<par>
<line>15</line></par>
</text>
</block>

</page>
<page width="2479" height="3508" resolution="300">
<block><region><rect/></region>
<text>
<par>
<line>VENERAND - REVISION DU PLU - OAP</line></par>
</text>
</block>
<block><region><rect/></region>
<text>
<par>
<line>FICHE 2 : SECTEUR DES</line></par>
<par>
<line>BASSELLERIES</line></par>
</text>
</block>
<block><region><rect/></region>
<text>
<par>
<line>CIASSEMENT 1AU</line></par>
</text>
</block>
<block><region><rect/></region>
<text>
<par>
<line>=wæ5ir!j3rHn ■</line></par>
</text>
</block>
<block><region><rect/></region>
<text>
<par/>
</text>
</block>
<block><region><rect/></region>
<text>
<par/>
</text>
</block>
<block><region><rect/></region>
<text>
<par>
<line>' I</line></par>
</text>
</block>
<block><region><rect/></region>
<text>
<par/>
</text>
</block>
<block><region><rect/></region>
<text>
<par/>
</text>
</block>
<block><region><rect/></region>
<text>
<par>
<line>• • , ■ ■■ ■</line></par>
</text>
</block>
<block><region><rect/></region>
<text>
<par>
<line>^ - s iS*-.'</line></par>
</text>
</block>
<block><region><rect/></region>
<text>
<par/>
</text>
</block>
<block><region><rect/></region>
<text>
<par/>
</text>
</block>
<block><region><rect/></region>
<text>
<par>
<line>f.VjiTÆiCt: lïuns si.'iTik.'iânan</line></par>
</text>
</block>
<block><region><rect/></region>
<text>
<par>
<line>cra'neTaüÉfTiïrJ (varaj^s'. : oa</line></par>
</text>
</block>
<block><region><rect/></region>
<text>
<par>
<line>ÏSScflimlCii</line></par>
</text>
</block>
<block><region><rect/></region>
<text>
<par/>
</text>
</block>
<block><region><rect/></region>
<text>
<par>
<line>zorÆ.-mj,</line></par>
</text>
</block>
<block><region><rect/></region>
<text>
<par>
<line>■l.i</line></par>
</text>
</block>
<block><region><rect/></region>
<text>
<par>
<line>flJSEEaFfî^</line></par>
</text>
</block>
<block><region><rect/></region>
<text>
<par/>
</text>
</block>
<block><region><rect/></region>
<text>
<par>
<line>u^ln</line></par>
</text>
</block>
<block><region><rect/></region>
<text>
<par/>
</text>
</block>
<block><region><rect/></region>
<text>
<par>
<line>Xx</line></par>
</text>
</block>
<block><region><rect/></region>
<text>
<par>
<line>La 5^^^J3Ü5^ d'-ï^’ilJiTiEnl L -KEÏW</line></par>
</text>
</block>
<block><region><rect/></region>
<text>
<par>
<line>Fno&gt;He-ce rojsr inat^îlTiiiee: a ne</line></par>
</text>
</block>
<block><region><rect/></region>
<text>
<par>
<line>d1[iidU'jrifl''</line></par>
</text>
</block>
<block><region><rect/></region>
<text>
<par>
<line>ur-jce-crjE nec^in</line></par>
</text>
</block>
<block><region><rect/></region>
<text>
<par>
<line>t.ES ha</line></par>
</text>
</block>
<block><region><rect/></region>
<text>
<par>
<line>lUr-XÉ-r™</line></par>
</text>
</block>
<block><region><rect/></region>
<text>
<par>
<line>ha</line></par>
</text>
</block>
<block><region><rect/></region>
<text>
<par>
<line>:«TSrÆ Î1E E</line></par>
</text>
</block>
<block><region><rect/></region>
<text>
<par>
<line>■3 bgu,™</line></par>
<par>
<line>Ehl'.</line></par>
</text>
</block>
<block><region><rect/></region>
<text>
<par>
<line>«lErhEhlB ■~ia\'c jas</line></par>
</text>
</block>
<block><region><rect/></region>
<text>
<par>
<line>a t jEïüfHlES</line></par>
</text>
</block>
<block><region><rect/></region>
<text>
<par>
<line>GCni= Eli</line></par>
</text>
</block>
<block><region><rect/></region>
<text>
<par>
<line>OBJECTIFS</line></par>
<par>
<line>i-'amSispenvenf de re sectair se fefr en viî-a-w'is. dïj AaHissemenr cAj</line>
<line>Fief ü'e l'endrend l'e iong cfe ü me des- deiix souFC.es. Ce secteur</line>
<line>d'habitel est dasn'ne 6 ia fois a conforter t ùouig. a praju'nNB des</line>
<line>dgijijaenients. dd cenrns, ef ausst S srajerurerfeninee esï dd Èoiifp.</line>
<line>d.'egi'eij'paysager esr in^panant. pui'sgue ceiracfierrs.^pa- ta perspecove</line>
<line>sur te ifïifAjn sud d^ui's fe iherrài des Woines. La prise en cjufpfe er</line>
<line>l'a gesïidn dd pesage senonf danc pnisitiridiafes dans fen?dnegenBnf</line>
<line>de ca seneur. fi s'agit de préserver fa ^ue. mais ajssi' de prendre en</line>
<line>c-on^jie ia pente du feirrem. d'oTîdnager une zinne de gesodn dd</line>
<line>pldvi'd...</line></par>
<par>
<line>C'orua rteaBnf a famenageoient de ta zone, t'ennee de baïuïT fsur ta</line>
<line>me dies deuw sourees^ devra drre ireiïlde de façon d sdcunser &lt;es</line>
<line>f l'nnji'ahdns aufonîodiïes ef dduees</line></par>
<par>
<line>f. dfdanisafibn de ce secreur se fera per une opereribn d'enseofbfe</line>
<line>perrfir surfa Dofdi'fp de fa zone.</line></par>
<par>
<line>Sur fes secteus AU et 1AU fa densfife nefre ™yenne sera de JJ</line>
<line>fogemenfs'hectaie.</line></par>
<par>
<line>PROGRAMME</line></par>
<par>
<line>^ CompoEtti^ iir^iaina :</line></par>
<par>
<line>- Le quartier accueillera de l'habiat iiidi'dduel (avecjardins privatifs)</line>
<line>et eventuellement des logements gioupes ; les conslruclicns seront</line>
<line>implanlyeaa en continu ou semi-coiithu.</line></par>
<par>
<line>- Les constructions devront etro hiplantees de façon b pouvoir</line>
<line>loënOFIcier au mieutt des apports solaires, tout an s'intégrant dans la</line>
<line>pente. Les constructions formeront un front tïati en recul par rapport</line>
<line>â la rue des deiK sources, avec les Jardins au sud et le desserte</line>
<line>automobile au riotid.</line></par>
<par>
<line>^ Vülrie automobile :</line></par>
<par>
<line>La mirie desservira le quartier siivanl les principea indiques sur le</line>
<line>schéma : son amenagement sera soigne avec végétalisation ; elle sera</line>
<line>dimenabnnee suivant lee besors.</line></par>
<par>
<line>La desserte se fera en sens unique: une seule entrée et une seule</line>
<line>sortie sur la rue des deuï aeuices.</line></par>
<par>
<line>► Chflfr irementi doux :</line></par>
<par>
<line>Des liaisons douces devront être creees selon les principes indiques</line>
<line>su le schéma :</line></par>
<par>
<line>* LTi chemiriement deux sera créé en haut du talus, le long de la</line>
<line>rtie des deutt sources, et permettra de rejoindre les</line>
<line>équipements du bourg et les lotissements au sud ; des</line>
<line>traversées piétonnes devront être aménagées dans le cadre</line>
<line>de l'amenagement de l'enlree de boug ;</line></par>
<par>
<line>' dans le cas de bandes beisees eu espaces verts, le</line>
<line>dieminementdoux pourra les intégrer.</line></par>
</text>
</block>
<block><region><rect/></region>
<text>
<par>
<line>LE GOFF- EAU</line></par>
</text>
</block>
<block><region><rect/></region>
<text>
<par>
<line>16</line></par>
</text>
</block>















</page>
<page width="2479" height="3508" resolution="300">
<block><region><rect/></region>
<text>
<par>
<line>VENERAND - REVISION DU PLU - OAP</line></par>
</text>
</block>
<block><region><rect/></region>
<text>
<par>
<line>FICHE 2 : SECTEUR DES BASSELLERIES</line></par>
</text>
</block>
<block><region><rect/></region>
<text>
<par>
<line>► Trame paysagère :</line></par>
<par>
<line>• Mise en place d’une trame paysagère d’ensemble s’intégrant dans le caractère paysager</line>
<line>de la zone et préservant les vues sur le paysage. Afin de respecter le cône de vue</line>
<line>préservant la perspective sur le vallon sud, une zone de prairie est définie en partie ouest,</line>
<line>au niveau du passage de la ligne électrique, dans laquelle aucune construction, écran</line>
<line>végétal ou arbre ne sont admis. Cet espace pourra Intégrer un cheminement doux et la</line>
<line>gestion du pluvial (voir cl-après).</line></par>
<par>
<line>• Les bas-côtés de la voirie seront bordés de noues engazonnées et fleuries qui</line>
<line>participent à une gestion intégrée des eaux de pluie.</line></par>
<par>
<line>► Traitement des limites :</line></par>
<par>
<line>• Traitement des limites du secteur :</line></par>
<par>
<line>• au l’ouest, une zone de prairie est définie, dans laquelle aucune construction, écran végétal ou</line>
<line>arbre ne sont admis, afin de préserver le dégagement du cône de vue (voir cl-avant).</line></par>
<par>
<line>• au nord et à l’est, des zones de plantations sont définies, afin de créer des zones tampons</line>
<line>avec l’espace agricole ; ces zones :</line></par>
<par>
<line>■ seront des espaces verts collectifs ou privatifs ;</line></par>
<par>
<line>■ pourront intégrer des cheminements doux et la gestion du pluvial</line></par>
<par>
<line>■ seront constituées d’arbustes d’essences locales diversifiées.</line></par>
<par>
<line>• au sud, le long de la rue des deux sources, une zone de plantation est définie avec les</line>
<line>caractéristiques suivantes :</line></par>
<par>
<line>■ le talus sera conservé ;</line></par>
<par>
<line>■ des arbres de haute tige seront plantés en alignement le long de la rue des deux sources ;</line></par>
<par>
<line>■ cette bande sera traitée en espace vert planté</line></par>
<par>
<line>■ elle accueillera un cheminement piéton.</line></par>
<par>
<line>• Traitement de la limite public/privé : le traitement des clôtures devra faire l’objet d’un</line>
<line>projet d’ensemble pour toute l’opération.</line></par>
<par>
<line>► Gestion du pluvial</line></par>
<par>
<line>• La gestion écologique des eaux pluviales est imposée (noues végétalisées, fossés,</line>
<line>bassins, infiltration, etc. ...) pour l’ensemble de l’opération (espaces communs, voirie,</line>
<line>espaces privatifs), afin de ne pas répercuter en aval les conséquences de</line>
<line>l’imperméabilisation du sol.</line></par>
<par>
<line>• Dans la partie basse à l’Est, prévoir un espace tampon pluvial pour permettre de</line>
<line>stocker les eaux de ruissellement en cas de fortes précipitations (espace vert prévu à</line>
<line>cet effet).</line></par>
<par>
<line>• La récupération de l’eau de pluie est imposée à la parcelle et pour les espaces</line>
<line>communs ; elle approvisionnera l’arrosage des espaces verts collectifs et privatifs.</line></par>
<par>
<line>• Réseau d’eau pluvial : il est imposé aux aménageurs un rejet d’eau pluviale quasi nul à</line>
<line>l’aval, soit communément 3 l/s/ha. Il faudra respecter les prescriptions énoncées dans le</line>
<line>rapport de la SOCAMA (cf. Annexe du Rapport de présentation).</line></par>
<par>
<line>Voir page suivante, le schéma des principes d’aménagement</line></par>
</text>
</block>
<block><region><rect/></region>
<text>
<par>
<line>LE GOFF - EAU</line></par>
</text>
</block>
<block><region><rect/></region>
<text>
<par>
<line>17</line></par>
</text>
</block>




</page>
<page width="2644" height="3742" resolution="320">
<block><region><rect/></region>
<text>
<par>
<line>VENERAND - REVISION DU PLU - OAP</line></par>
</text>
</block>
<block><region><rect/></region>
<text>
<par>
<line>FICHE 2 : SECTEUR DES BASSELLERIES</line></par>
</text>
</block>
<block><region><rect/></region>
<text>
<par>
<line>Schéma des principes d'aménagement :</line></par>
</text>
</block>
<block><region><rect/></region>
<text>
<par>
<line>Ù</line></par>
</text>
</block>
<block><region><rect/><rect/><rect/></region>
<text>
<par>
<line>vue suf le</line>
<line>h/, ^ vallon sud</line></par>
</text>
</block>
<block><region><rect/></region>
<text>
<par/>
</text>
</block>
<block><region><rect/></region>
<text>
<par>
<line>T</line></par>
</text>
</block>
<block><region><rect/></region>
<text>
<par>
<line>ZONE .1AU</line></par>
</text>
</block>
<block><region><rect/></region>
<text>
<par/>
</text>
</block>
<block><region><rect/></region>
<text>
<par/>
</text>
</block>
<block><region><rect/></region>
<text>
<par>
<line>^-J:</line></par>
</text>
</block>
<block><region><rect/></region>
<text>
<par>
<line>BASSELLERIES</line></par>
</text>
</block>
<block><region><rect/></region>
<text>
<par>
<line>n</line></par>
</text>
</block>
<block><region><rect/></region>
<text>
<par/>
</text>
</block>
<block><region><rect/></region>
<text>
<par/>
</text>
</block>
<block><region><rect/></region>
<text>
<par>
<line>h</line></par>
</text>
</block>
<block><region><rect/></region>
<text>
<par>
<line>0.</line></par>
</text>
</block>
<block><region><rect/></region>
<text>
<par/>
</text>
</block>
<block><region><rect/></region>
<text>
<par>
<line>CD</line></par>
</text>
</block>
<block><region><rect/></region>
<text>
<par>
<line>eæ/</line></par>
</text>
</block>
<block><region><rect/></region>
<text>
<par/>
</text>
</block>
<block><region><rect/></region>
<text>
<par>
<line>Ig</line></par>
</text>
</block>
<block><region><rect/></region>
<text>
<par>
<line>r</line></par>
</text>
</block>
<block><region><rect/></region>
<text>
<par>
<line>V9rs mam,</line></par>
</text>
</block>
<block><region><rect/></region>
<text>
<par>
<line>ms</line></par>
</text>
</block>
<block><region><rect/></region>
<text>
<par>
<line>scofe</line></par>
</text>
</block>
<block><region><rect/></region>
<text>
<par/>
</text>
</block>
<block><region><rect/></region>
<text>
<par/>
</text>
</block>
<block><region><rect/></region>
<text>
<par>
<line>C/écfü/pemente</line></par>
</text>
</block>
<block><region><rect/></region>
<text>
<par>
<line>amenagement</line></par>
</text>
</block>
<block><region><rect/></region>
<text>
<par/>
</text>
</block>
<block><region><rect/></region>
<text>
<par/>
</text>
</block>
<block><region><rect/></region>
<text>
<par/>
</text>
</block>
<block><region><rect/></region>
<text>
<par>
<line>sporf/fs</line></par>
</text>
</block>
<block><region><rect/></region>
<text>
<par>
<line>fl enfrée de bourg</line></par>
</text>
</block>
<block><region><rect/></region>
<text>
<par/>
</text>
</block>
<block><region><rect/></region>
<text>
<par>
<line>:V Coeur d</line></par>
</text>
</block>
<block><region><rect/></region>
<text>
<par>
<line>■sas</line></par>
</text>
</block>
<block><region><rect/></region>
<text>
<par>
<line>■:, S- terre-de</line></par>
</text>
</block>
<block><region><rect/></region>
<text>
<par/>
</text>
</block>
<block><region><rect/></region>
<text>
<par>
<line>X-</line></par>
</text>
</block>
<block><region><rect/></region>
<text>
<par/>
</text>
</block>
<block><region><rect/></region>
<text>
<par/>
</text>
</block>
<block><region><rect/></region>
<text>
<par/>
</text>
</block>
<block><region><rect/></region>
<text>
<par>
<line>vers équipBtitants sportifs</line></par>
</text>
</block>
<block><region><rect/></region>
<text>
<par>
<line>y/</line></par>
</text>
</block>
<block><region><rect/></region>
<text>
<par>
<line>Bf pouveat/ quartier^ y.</line></par>
</text>
</block>
<block><region><rect/></region>
<text>
<par/>
</text>
</block>
<block><region><rect/><rect/><rect/><rect/><rect/><rect/></region>
<text>
<par>
<line>LEGENDE</line></par>
<par>
<line>Eléments de contexte :</line></par>
<par>
<line>Voirie</line></par>
<par>
<line>Cheminement doux à conserver</line>
<line>Fossé</line></par>
<par>
<line>irlrriliiiliri jalus enherbé</line></par>
<par>
<line>Cône de vue à préserver</line></par>
<par>
<line>Courbes de niveaux (représentation schématique)</line>
<line>Zone de plateau</line></par>
</text>
</block>
<block><region><rect/></region>
<text>
<par/>
</text>
</block>
<block><region><rect/></region>
<text>
<par>
<line>Principes de l’Orientation d’aménaaement :</line></par>
<par>
<line>Aménagement d’entrée de bourg</line>
<line>■ Principe de desserte automobile à créer</line></par>
<par>
<line>Principe de cheminements doux à créer</line>
<line>Zone de gestion du pluvial</line></par>
<par>
<line>Espace de prairie, non constructible, avec plantations</line>
<line>basses, pour préserver la vue (esp. public ou collectif)</line></par>
<par>
<line>Zone tampon : plantations à réaliser (espace public ou</line>
<line>collectif)</line></par>
</text>
</block>
<block><region><rect/></region>
<text>
<par>
<line>• * •</line></par>
</text>
</block>
<block><region><rect/></region>
<text>
<par>
<line>Zone de plantations à réaliser sur le talus</line>
<line>Arbres d’alignement à planter</line></par>
</text>
</block>
<block><region><rect/></region>
<text>
<par>
<line>LE GOFF - EAU</line></par>
</text>
</block>
<block><region><rect/></region>
<text>
<par>
<line>18</line></par>
</text>
</block>










<block blockType="Picture" blockName="" l="781" t="550" r="2322" b="1919"><region><rect/></region>
</block>
</page>
<page width="2479" height="3508" resolution="300">
<block><region><rect/></region>
<text>
<par>
<line>VENERAND - REVISION DU PLU - OAP</line></par>
<par>
<line>FICHE 3 : SECTEUR DES FONTAINES</line></par>
</text>
</block>
<block><region><rect/></region>
<text>
<par>
<line>LE GOFF - EAU</line></par>
</text>
</block>
<block><region><rect/></region>
<text>
<par>
<line>19</line></par>
</text>
</block>

</page>
<page width="2479" height="3508" resolution="300">
<block><region><rect/></region>
<text>
<par>
<line>VENERAND - REVISION DU PLU - OAP</line></par>
<par>
<line>FICHE 2 : SECTEUR DES BASSELLERIES</line></par>
</text>
</block>
<block><region><rect/></region>
<text>
<par>
<line>FICHE 3 : SECTEUR DES FONTAINES</line></par>
</text>
</block>
<block><region><rect/></region>
<text>
<par>
<line>CLASSEMENT : Ne ; Ue</line></par>
</text>
</block>
<block><region><rect/></region>
<text>
<par>
<line>r?*?CieÆiT'j3TO.n ‘</line></par>
</text>
</block>
<block><region><rect/></region>
<text>
<par>
<line>vuù du cwf.</line></par>
</text>
</block>
<block><region><rect/></region>
<text>
<par/>
</text>
</block>
<block><region><rect/></region>
<text>
<par>
<line>\Aj9 de re rue des Fcnremes .</line></par>
</text>
</block>
<block><region><rect/></region>
<text>
<par/>
</text>
</block>
<block><region><rect/></region>
<text>
<par/>
</text>
</block>
<block><region><rect/></region>
<text>
<par/>
</text>
</block>
<block><region><rect/></region>
<text>
<par>
<line>OBJECTIFS</line></par>
<par>
<line>Au (feü-dïf chÉZ Biinete'aü. te ^e des FonHines consfràje un</line>
<line>parApiume e*repûbnneC pamma'ne bSn' awc fes- aeijur Ibnfane?-</line>
<line>iPpmai'na er te Roct}e} er ftei^dbc paiïo-njpîam ^ patem-ome paysager</line>
<line>er narune^ auroir bLi rate^g. ctes hâtes, tefus er arhnas ri^tTiaiguahtes.</line>
<line>Ce Site dbiï a te ters teïrepriDïbpP er rers en yateir |V s'pgi'f tfe fnnppser</line>
<line>bavarrage tte fcncûbns tour en veiïïsnf a rramtenfr sas guartites.</line>
<line>paysagères mlhnseguas ef en tenanr coopte de son fnrKûbnnerTwnr</line>
<line>booibj^ue. De [Tiantere gbnbrete. four erTrbnagenîenr lËns ce secreur</line>
<line>ne dewapas reosfire en caise fe tencftenneoienr bb fateieg.</line></par>
<par>
<line>PROGRAMME</line></par>
<par>
<line>P' CompDarlfon urtdine. 4&lt;|uipeinsnc.r</line></par>
<par>
<line>- Aqueduc :</line></par>
<par>
<line>* la cqnimunaure d'agglomaration de Saintes pohe un projet</line>
<line>de création d'une « meison de Itequeduc ^ pour le mise en</line>
<line>valeur du palrinioine galb-nomain local. Il est prevu que cet</line>
<line>equpemenl soit amenage près du moulin, en surplonib de la</line>
<line>fontaine ronialne.</line></par>
<par>
<line>* un emplacement neserve (ER1) est ptevii au piai de zonage</line>
<line>pour le renforcement de la protection et la mise en valeur de</line>
<line>l'aqueduc.</line></par>
<par>
<line>- Stationnement : selon les besoins lies &amp; la oreaüon de la maison de</line>
<line>faqueduc, un second parldng pourra are créé en haut de la rue des</line>
<line>Fontaines, en vis-a-vis du parking actuel, dont la capacité pourrait</line>
<line>être insuffisante pBur recevoir les cars, les camping-cars et les</line>
<line>voilures en pleine saison.</line></par>
<par>
<line>- Un estoace de loisirs pouna être amenage au niveau des</line></par>
<par>
<line>stationnements, pour accueillir les fonctions sJvantes : mobilier</line>
<line>adapïe a le deierrle. au* loisirs et accessibles au* perscnnes</line>
<line>handicapées faire de pique-nique, jeutt pour enfants, sanitaires,..],</line></par>
<par>
<line>P- Chamiriemerïte doux.</line></par>
<par>
<line>- Un reseaii dldneraires de raridonriee et de promenade</line></par>
<par>
<line>(cheminement touristique popose depuis les Fontaines, chemin</line>
<line>cjcliste et piéton allant des Fontaines au stade) |oour la decouverte</line>
<line>du village existe ; les amenagements et projets devront dorw a'y</line>
<line>irïtegrer.</line></par>
<par>
<line>- Un emplacement reserve [ERl] est inscrit au FtU pour</line></par>
<par>
<line>l'cntenagement du chemin de raridomÉe entre le village de chez</line>
<line>firuneteau et vera la commune du CVsuhet. en passant poar le tunnel</line>
<line>sous la RD 15.0.</line></par>
</text>
</block>
<block><region><rect/></region>
<text>
<par>
<line>LE GOFF - EAU</line></par>
</text>
</block>
<block><region><rect/></region>
<text>
<par>
<line>20</line></par>
</text>
</block>
















</page>
<page width="2479" height="3508" resolution="300">
<block><region><rect/></region>
<text>
<par>
<line>VENERAND - REVISION DU PLU - OAP</line>
<line>FICHE 3 : SECTEUR DES FONTAINES</line></par>
<par>
<line>► Trame paysagère :</line></par>
<par>
<line>• La trame paysagère existante devra être conservée et renforcée. Il s'agit de mettre en avant le</line>
<line>charme du secteur avec des aménagements souples et champêtres, non rigides ; de garantir le</line>
<line>vocabulaire actuel des bordures du chemin (valeur boisée et verte) ; de ne pas fermer le</line>
<line>paysage et de préserver des vues vers le talweg et vers chez Bruneteau pour conserver</line>
<line>l'harmonie de ce lieu.</line></par>
<par>
<line>• La rue des Fontaines devra conserver et valoriser ses qualités paysagères : rôle de transition</line>
<line>verte, avec le talus végétal, sur une largeur suffisante. Des aménagements végétaux identiques</line>
<line>(arbres, arbustes, bande engazonnée, massifs végétaux) pourront venir compléter et renforcer</line>
<line>cette transition.</line></par>
<par>
<line>• Stationnement :</line></par>
<par>
<line>• L'espace de stationnement existant sera amélioré : un espace planté fera une transition</line>
<line>végétale avec la rue des deux sources (arbustes, bande engazonnée, arbres).</line></par>
<par>
<line>• L'espace de stationnement qui pourrait être créé en vis-à-vis, devra être planté de façon</line>
<line>plutôt aléatoire pour permettre l'ombrage et pour s'insérer dans le milieu naturel</line>
<line>environnant. Les transitions avec le contexte existant seront traitées avec soin, sous forme</line>
<line>de haies bocagères à créer en limite sud-est avec l'espace naturel contigu et en limite</line>
<line>nordest avec la maison existante.</line></par>
<par>
<line>► Gestion du pluvial :</line></par>
<par>
<line>• Un emplacement réservé (ER4) est prévu au plan de zonage, avec un double objectif :</line></par>
<par>
<line>• la protection du talweg et de son fonctionnement ;</line></par>
<par>
<line>• la gestion écologique des eaux pluviales.</line></par>
<par>
<line>• Une gestion écologique des eaux pluviales pourra être mise en œuvre, afin de limiter les</line>
<line>phénomènes d'inondation en aval. Tout aménagement devra être fait dans le respect de</line>
<line>l'intégrité et du fonctionnement du talweg : conservation des fonctions de conduite et</line>
<line>d'épuration des eaux de pluie et de ruissellement ; de la nature du sol (pleine terre) et de la</line>
<line>couverture végétale existante (arbres, haies, prairies^).</line></par>
</text>
</block>
<block><region><rect/></region>
<text>
<par>
<line>Voir page suivante, le schéma des principes d'aménagement</line></par>
</text>
</block>
<block><region><rect/></region>
<text>
<par>
<line>LE GOFF - EAU</line></par>
</text>
</block>
<block><region><rect/></region>
<text>
<par>
<line>21</line></par>
</text>
</block>


</page>
<page width="2479" height="3508" resolution="300">
<block><region><rect/></region>
<text>
<par>
<line>VENERAND - REVISION DU PLU - OAP</line></par>
<par>
<line>FICHE 2 : SECTEUR DES BASSELLERIES</line></par>
</text>
</block>
<block><region><rect/></region>
<text>
<par/>
</text>
</block>
<block><region><rect/></region>
<text>
<par>
<line>rs</line></par>
</text>
</block>
<block><region><rect/></region>
<text>
<par/>
</text>
</block>
<block><region><rect/></region>
<text>
<par>
<line>iy</line></par>
</text>
</block>
<block><region><rect/></region>
<text>
<par/>
</text>
</block>
<block><region><rect/></region>
<text>
<par/>
</text>
</block>
<block><region><rect/></region>
<text>
<par/>
</text>
</block>
<block><region><rect/></region>
<text>
<par/>
</text>
</block>
<block><region><rect/></region>
<text>
<par>
<line>iK</line></par>
</text>
</block>
<block><region><rect/></region>
<text>
<par>
<line>fj</line></par>
</text>
</block>
<block><region><rect/></region>
<text>
<par/>
</text>
</block>
<block><region><rect/></region>
<text>
<par/>
</text>
</block>
<block><region><rect/></region>
<text>
<par/>
</text>
</block>
<block><region><rect/></region>
<text>
<par>
<line>0</line></par>
</text>
</block>
<block><region><rect/></region>
<text>
<par/>
</text>
</block>
<block><region><rect/></region>
<text>
<par>
<line>là</line></par>
</text>
</block>
<block><region><rect/></region>
<text>
<par>
<line>«</line></par>
</text>
</block>
<block><region><rect/></region>
<text>
<par>
<line>i</line></par>
</text>
</block>
<block><region><rect/></region>
<text>
<par>
<line>r</line></par>
</text>
</block>
<block><region><rect/></region>
<text>
<par/>
</text>
</block>
<block><region><rect/></region>
<text>
<par>
<line>rT</line></par>
</text>
</block>
<block><region><rect/></region>
<text>
<par/>
</text>
</block>
<block><region><rect/></region>
<text>
<par/>
</text>
</block>
<block><region><rect/></region>
<text>
<par/>
</text>
</block>
<block><region><rect/></region>
<text>
<par>
<line>Si</line></par>
</text>
</block>
<block><region><rect/></region>
<text>
<par>
<line>05 etj</line></par>
</text>
</block>
<block><region><rect/></region>
<text>
<par/>
</text>
</block>
<block><region><rect/></region>
<text>
<par>
<line>«</line></par>
</text>
</block>
<block><region><rect/></region>
<text>
<par/>
</text>
</block>
<block><region><rect/></region>
<text>
<par/>
</text>
</block>
<block><region><rect/></region>
<text>
<par/>
</text>
</block>
<block><region><rect/></region>
<text>
<par/>
</text>
</block>
<block><region><rect/></region>
<text>
<par/>
</text>
</block>
<block><region><rect/></region>
<text>
<par>
<line>ÇD</line></par>
</text>
</block>
<block><region><rect/></region>
<text>
<par>
<line>P</line></par>
</text>
</block>
<block><region><rect/></region>
<text>
<par/>
</text>
</block>
<block><region><rect/></region>
<text>
<par>
<line>r-</line></par>
</text>
</block>
<block><region><rect/></region>
<text>
<par/>
</text>
</block>
<block><region><rect/></region>
<text>
<par>
<line>V</line></par>
</text>
</block>
<block><region><rect/></region>
<text>
<par>
<line>a*</line></par>
</text>
</block>
<block><region><rect/></region>
<text>
<par/>
</text>
</block>
<block><region><rect/></region>
<text>
<par>
<line>M</line></par>
</text>
</block>
<block><region><rect/></region>
<text>
<par>
<line>m</line></par>
</text>
</block>
<block><region><rect/></region>
<text>
<par/>
</text>
</block>
<block><region><rect/></region>
<text>
<par/>
</text>
</block>
<block><region><rect/></region>
<text>
<par>
<line>i:..</line></par>
</text>
</block>
<block><region><rect/></region>
<text>
<par/>
</text>
</block>
<block><region><rect/></region>
<text>
<par>
<line>U3</line></par>
</text>
</block>
<block><region><rect/></region>
<text>
<par>
<line>5 n</line></par>
</text>
</block>
<block><region><rect/></region>
<text>
<par>
<line>CTJ ®</line></par>
</text>
</block>
<block><region><rect/></region>
<text>
<par/>
</text>
</block>
<block><region><rect/></region>
<text>
<par>
<line>-e q:</line></par>
</text>
</block>
<block><region><rect/></region>
<text>
<par>
<line>X</line></par>
</text>
</block>
<block><region><rect/></region>
<text>
<par>
<line>03 r=:</line></par>
</text>
</block>
<block><region><rect/></region>
<text>
<par/>
</text>
</block>
<block><region><rect/></region>
<text>
<par>
<line>03 03</line></par>
</text>
</block>
<block><region><rect/></region>
<text>
<par>
<line>O CO</line></par>
</text>
</block>
<block><region><rect/></region>
<text>
<par/>
</text>
</block>
<block><region><rect/></region>
<text>
<par>
<line>03 CD ®</line></par>
</text>
</block>
<block><region><rect/></region>
<text>
<par>
<line>O O</line></par>
</text>
</block>
<block><region><rect/></region>
<text>
<par>
<line>en CO</line></par>
</text>
</block>
<block><region><rect/></region>
<text>
<par>
<line>Ll_ Lt_ Q_ -O</line></par>
</text>
</block>
<block><region><rect/></region>
<text>
<par/>
</text>
</block>
<block><region><rect/></region>
<text>
<par/>
</text>
</block>
<block><region><rect/></region>
<text>
<par>
<line>CNI rr&gt;</line></par>
</text>
</block>
<block><region><rect/></region>
<text>
<par/>
</text>
</block>
<block><region><rect/></region>
<text>
<par>
<line>\</line></par>
</text>
</block>
<block><region><rect/></region>
<text>
<par/>
</text>
</block>
<block><region><rect/><rect/></region>
<text>
<par>
<line>»nm»'imiiietmaB</line></par>
</text>
</block>
<block><region><rect/></region>
<text>
<par>
<line>m</line></par>
</text>
</block>
<block><region><rect/></region>
<text>
<par>
<line>\</line></par>
</text>
</block>
<block><region><rect/></region>
<text>
<par/>
</text>
</block>
<block><region><rect/></region>
<text>
<par/>
</text>
</block>
<block><region><rect/></region>
<text>
<par/>
</text>
</block>
<block><region><rect/></region>
<text>
<par>
<line>w.</line></par>
</text>
</block>
<block><region><rect/></region>
<text>
<par>
<line>— vQJ</line></par>
</text>
</block>
<block><region><rect/></region>
<text>
<par>
<line>O 'CD</line></par>
</text>
</block>
<block><region><rect/></region>
<text>
<par/>
</text>
</block>
<block><region><rect/></region>
<text>
<par/>
</text>
</block>
<block><region><rect/></region>
<text>
<par>
<line>03 CD</line></par>
</text>
</block>
<block><region><rect/></region>
<text>
<par>
<line>Q- "a</line></par>
</text>
</block>
<block><region><rect/></region>
<text>
<par>
<line>03 03</line></par>
</text>
</block>
<block><region><rect/></region>
<text>
<par/>
</text>
</block>
<block><region><rect/></region>
<text>
<par/>
</text>
</block>
<block><region><rect/></region>
<text>
<par>
<line>LE GOFF - EAU</line></par>
</text>
</block>
<block><region><rect/></region>
<text>
<par>
<line>22</line></par>
</text>
</block>



















</page>
<page width="2479" height="3508" resolution="300">
<block><region><rect/></region>
<text>
<par>
<line>VENERAND - REVISION DU PLU - OAP</line></par>
<par>
<line>FICHE 4 : SECTEUR UA DU BOURG</line></par>
</text>
</block>
<block><region><rect/></region>
<text>
<par>
<line>FICHE 4 : Secteur Ua du bourg</line></par>
</text>
</block>
<block><region><rect/></region>
<text>
<par>
<line>CLAESE^^E^T U a</line></par>
</text>
</block>
<block><region><rect/></region>
<text>
<par/>
</text>
</block>
<block><region><rect/></region>
<text>
<par>
<line>AiiBiasi</line></par>
</text>
</block>
<block><region><rect/><rect/><rect/></region>
<text>
<par/>
</text>
</block>
<block><region><rect/></region>
<text>
<par/>
</text>
</block>
<block><region><rect/></region>
<text>
<par/>
</text>
</block>
<block><region><rect/></region>
<text>
<par/>
</text>
</block>
<block><region><rect/></region>
<text>
<par/>
</text>
</block>
<block><region><rect/></region>
<text>
<par/>
</text>
</block>
<block><region><rect/><rect/></region>
<text>
<par>
<line>.- -i» -</line></par>
</text>
</block>
<block><region><rect/></region>
<text>
<par>
<line>-'i ' ■*™i ,?( 1 r</line></par>
</text>
</block>
<block><region><rect/></region>
<text>
<par/>
</text>
</block>
<block><region><rect/></region>
<text>
<par>
<line>iî:^l</line></par>
</text>
</block>
<block><region><rect/><rect/></region>
<text>
<par>
<line>^ ■ i- Ji' '-s</line></par>
</text>
</block>
<block><region><rect/></region>
<text>
<par/>
</text>
</block>
<block><region><rect/></region>
<text>
<par/>
</text>
</block>
<block><region><rect/></region>
<text>
<par>
<line>IWâlTAi:^ cril^ Â'iTUdDan</line></par>
</text>
</block>
<block><region><rect/></region>
<text>
<par>
<line>ira'nsiagÉfTîÉnr i'Knt 3^1:51,- «</line></par>
</text>
</block>
<block><region><rect/></region>
<text>
<par>
<line>prBS€rrü^? '</line></par>
</text>
</block>
<block><region><rect/></region>
<text>
<par>
<line>E&amp;üiË</line></par>
</text>
</block>
<block><region><rect/></region>
<text>
<par>
<line>llUff l'.</line></par>
</text>
</block>
<block><region><rect/></region>
<text>
<par>
<line>3fci [JVj</line></par>
</text>
</block>
<block><region><rect/></region>
<text>
<par>
<line>•JUl.</line></par>
</text>
</block>
<block><region><rect/></region>
<text>
<par>
<line>La BjTL^alBn djrTenija'itenl c-dESSLS</line></par>
</text>
</block>
<block><region><rect/></region>
<text>
<par>
<line>piDpflse ce rjcsr. nacjlrie ec a ;-7e</line></par>
</text>
</block>
<block><region><rect/></region>
<text>
<par>
<line>d'i wlf-ïacr</line></par>
</text>
</block>
<block><region><rect/></region>
<text>
<par>
<line>::ur-jM crxe nercin</line></par>
</text>
</block>
<block><region><rect/></region>
<text>
<par>
<line>D.^d na</line></par>
</text>
</block>
<block><region><rect/></region>
<text>
<par>
<line>□ur-cce reds</line></par>
</text>
</block>
<block><region><rect/></region>
<text>
<par>
<line>D.za tu</line></par>
</text>
</block>
<block><region><rect/></region>
<text>
<par>
<line>jccenefire</line></par>
<par>
<line>td'jidjse :</line></par>
</text>
</block>
<block><region><rect/></region>
<text>
<par>
<line>U'IS(IS&amp; îi'HlES</line></par>
</text>
</block>
<block><region><rect/></region>
<text>
<par>
<line>Kan;=-eTi</line></par>
</text>
</block>
<block><region><rect/></region>
<text>
<par>
<line>OBJECTIFS</line></par>
<par>
<line>Cs sectBur en eninse tfe ùouqg. pa" fa roure dLt Sûi'j cfes forfsc er en</line>
<line>accès dfiecr avec fes epu^ments dLt cenfre- est cfesn'ng s ;iecevoir cfe</line>
<line>flfiabritar. pufi'fendy'a confcrrerfe ùcu/ïj en l'nrerFrtîcaûbn.</line></par>
<par>
<line>Le (emei'n e^ en penfe, onenfe eu sucf. fn bas cfb fenah un üflis en</line>
<line>fente pente, censtfiue cfe neetbtlefs. sera tnconsüijca'bile.</line></par>
<par>
<line>Le remam esf bonde S festpar fa raufe ijuf mPne ë fa mers, ë f'euesf</line>
<line>par fe .fotfsseoîenf lies Grofes de fa Garenne et ai sud par un e^ece</line>
<line>befse guffntËÇTË un cbenttnetTwntpfefon depretTænede.</line></par>
<par>
<line>Lïjrbantsatibn de ce secteur fers par une operation d'ensaovbfe</line>
<line>port Alt surfs lorafitede fa zione.</line></par>
<par>
<line>PROGRAMME</line></par>
<par>
<line>^ CoiMpDatiictn -urtuine</line></par>
<par>
<line>- Le quartief accueilleta de l'habitat individuel (avecJardins privatifs)</line>
<line>qti poLTra «te locatif : les conslnjctiona painiont seront Implartiees</line>
<line>en ccntinu. aemi-conlinu ou discontinu.</line></par>
<par>
<line>- La Fetjade principale des constructions devra «te implantée de</line>
<line>façon parallèle â la rue, afin de créer une Façade urbaine renforçant</line>
<line>le caractère de bourg.</line></par>
<par>
<line>- Les jardins auront une orientation ouest / sud-ouest.</line></par>
<par>
<line>- Les garages devront être traites avec soin et participeront a</line>
<line>l'arimatiDn de l'espace public.</line></par>
<par>
<line>^ Traitsmentrlei limites:</line></par>
<par>
<line>- Traitement des limites du secteur : une zone de pfantadcn est</line>
<line>definie, afin de créer une zone tampon avec les habhatiorrs a</line>
<line>l'ouest ; cette zone sera ccnsthuee d'erbusles d'esserces locales</line>
<line>dtveraiHees.</line></par>
<par>
<line>- TraitemenL de la limite public.'prive : le iraitement des clôtures sur</line>
<line>rue devra Faire l'objet d Lin pqjet d'ensemble pour toute l'eperadon,</line>
<line>afin d avoir une image cohérente et qualitative du quartier.</line></par>
<par>
<line>^ GeE'lian du ph^ial</line></par>
<par>
<line>- Reseau d'eau pluvial; il est impose autc emenageursun rejet d'eau</line>
<line>pluviale quasi nul a l'aval, soit cemmunement i l/s.rha. Il Faudra</line>
<line>respecter les prescriptions enonoees dans le rapport de la SQCAMA</line>
<line>(cf. Annette du Rapport de présentation).</line></par>
</text>
</block>
<block><region><rect/></region>
<text>
<par>
<line>^oir æoe suivatte. fe scfiËtTM des nftici'pes d'enfeneoecienr</line></par>
</text>
</block>
<block><region><rect/></region>
<text>
<par>
<line>LE GOFF- EAU</line></par>
</text>
</block>
<block><region><rect/></region>
<text>
<par>
<line>23</line></par>
</text>
</block>















</page>
<page width="2479" height="3508" resolution="300">
<block><region><rect/></region>
<text>
<par>
<line>VENERAND - REVISION DU PLU - OAP</line></par>
</text>
</block>
<block><region><rect/></region>
<text>
<par>
<line>Schéma des principes d’aménagement :</line></par>
</text>
</block>
<block><region><rect/></region>
<text>
<par>
<line>/</line></par>
</text>
</block>
<block><region><rect/></region>
<text>
<par/>
</text>
</block>
<block><region><rect/></region>
<text>
<par>
<line>* :</line></par>
</text>
</block>
<block><region><rect/></region>
<text>
<par>
<line>proies de</line>
<line>ta Garenne.</line></par>
</text>
</block>
<block><region><rect/></region>
<text>
<par>
<line>t</line></par>
</text>
</block>
<block><region><rect/><rect/></region>
<text>
<par>
<line>LEGENDE</line></par>
<par>
<line>Eléments de contexte :</line></par>
<par>
<line>Voirie</line></par>
<par>
<line>Cheminement doux à conserver</line>
<line>itlifiliiiltii Talus enherbé</line></par>
<par>
<line>Courbes de niveaux (représentation schématique)</line></par>
</text>
</block>
<block><region><rect/></region>
<text>
<par/>
</text>
</block>
<block><region><rect/></region>
<text>
<par>
<line>.</line></par>
</text>
</block>
<block><region><rect/></region>
<text>
<par>
<line>Coeur</line></par>
</text>
</block>
<block><region><rect/></region>
<text>
<par>
<line>€&gt;</line></par>
</text>
</block>
<block><region><rect/></region>
<text>
<par/>
</text>
</block>
<block><region><rect/></region>
<text>
<par/>
</text>
</block>
<block><region><rect/></region>
<text>
<par>
<line>O</line></par>
</text>
</block>
<block><region><rect/></region>
<text>
<par/>
</text>
</block>
<block><region><rect/></region>
<text>
<par>
<line>Or</line></par>
</text>
</block>
<block><region><rect/></region>
<text>
<par/>
</text>
</block>
<block><region><rect/></region>
<text>
<par>
<line>(A</line></par>
</text>
</block>
<block><region><rect/></region>
<text>
<par/>
</text>
</block>
<block><region><rect/></region>
<text>
<par>
<line>'4^</line></par>
</text>
</block>
<block><region><rect/></region>
<text>
<par>
<line>! ;</line></par>
</text>
</block>
<block><region><rect/></region>
<text>
<par>
<line>•37</line></par>
</text>
</block>
<block><region><rect/></region>
<text>
<par/>
</text>
</block>
<block><region><rect/></region>
<text>
<par/>
</text>
</block>
<block><region><rect/></region>
<text>
<par>
<line>\</line></par>
</text>
</block>
<block><region><rect/></region>
<text>
<par/>
</text>
</block>
<block><region><rect/></region>
<text>
<par>
<line>Principes de l’Orientation d’aménaaement :</line></par>
<par>
<line>Principe d’implantation des façades principales</line>
<line>Zone tampon : plantations à réaliser</line>
<line>itlifiliiiltii Talus inconstructible</line></par>
</text>
</block>
<block><region><rect/></region>
<text>
<par>
<line>LE GOFF-EAU</line></par>
</text>
</block>
<block><region><rect/></region>
<text>
<par>
<line>24</line></par>
</text>
</block>



<block blockType="Picture" blockName="" l="322" t="2736" r="483" b="2790"><region><rect/></region>
</block>
</page>
</OAP>