<?xml version="1.0" encoding="UTF-8"?><OAP>
<page width="2479" height="3508" resolution="300">
<block><region><rect/></region>
<text orientation="RotatedCounterclockwise">
<par>
<line>2 - PIECES MODIFIEES</line></par>
<par>
<line>Orientations d’Aménagement et de Programmation, pièce n°3, Extrait du règlement : pièces graphiques, pièce</line>
<line>n°4a et Extrait du règlement : pièce écrite, pièce n°4b</line></par>
</text>
</block>
<block><region><rect/></region>
<text>
<par>
<line>Département de la Dordogne</line></par>
<par>
<line>Communauté de Communes Sarlat Périgord Noir</line></par>
<par>
<line>Commune de VITRAC</line></par>
</text>
</block>
<block><region><rect/></region>
<text>
<par>
<line>MODIFICATION N°2</line></par>
<par>
<line>DU PLAN LOCAL D'URBANISME</line></par>
</text>
</block>
<block><region><rect/></region>
<text>
<par/>
</text>
</block>
<block><region><rect/></region>
<text>
<par/>
</text>
</block>
<block><region><rect/></region>
<text>
<par/>
</text>
</block>
<block><region><rect/></region>
<text>
<par/>
</text>
</block>
<block><region><rect/></region>
<text>
<par>
<line>DOSSIER D’APPROBATION</line></par>
</text>
</block>
<block blockType="Table" blockName="" l="413" t="2455" r="2358" b="2818"><region><rect/></region>
<row>
<cell leftBorder="White" topBorder="White" width="647" height="101">
<text>
<par>
<line>Plan Local d'Urbanisme</line></par>
</text></cell>
<cell topBorder="White" width="586" height="101">
<text>
<par>
<line>Modification Simplifiée</line></par>
</text></cell>
<cell topBorder="White" rightBorder="White" width="712" height="101">
<text>
<par>
<line>Modification</line></par>
</text></cell></row>
<row>
<cell leftBorder="White" bottomBorder="White" width="647" height="73">
<text>
<par>
<line>Approuvé le</line></par>
</text></cell>
<cell bottomBorder="White" width="586" height="73">
<text>
<par>
<line>Modification Simplifiée n°1</line></par>
</text></cell>
<cell rightBorder="White" bottomBorder="White" width="712" height="73">
<text>
<par>
<line>Modification n°1 approuvée le 13 Janvier</line></par>
</text></cell></row>
<row>
<cell leftBorder="White" topBorder="White" bottomBorder="White" width="647" height="66">
<text>
<par>
<line>17 Décembre 2012</line></par>
</text></cell>
<cell topBorder="White" bottomBorder="White" width="586" height="66">
<text>
<par>
<line>approuvée le 13 Janvier 2014</line></par>
</text></cell>
<cell topBorder="White" rightBorder="White" bottomBorder="White" width="712" height="66">
<text>
<par>
<line>2014</line></par>
</text></cell></row>
<row>
<cell leftBorder="White" topBorder="White" bottomBorder="White" width="647" height="51">
<text>
<par/>
</text></cell>
<cell topBorder="White" bottomBorder="White" width="586" height="51">
<text>
<par>
<line>Modification Simplifiée n°2</line></par>
</text></cell>
<cell topBorder="White" rightBorder="White" width="712" height="51">
<text>
<par>
<line>Modification n°2 approuvée le.</line></par>
</text></cell></row>
<row>
<cell leftBorder="White" topBorder="White" bottomBorder="White" width="647" height="72">
<text>
<par/>
</text></cell>
<cell topBorder="White" bottomBorder="White" width="586" height="72">
<text>
<par>
<line>approuvée le 27 Octobre 2014</line></par>
</text></cell>
<cell rightBorder="White" bottomBorder="White" width="712" height="72">
<text>
<par/>
</text></cell></row>
</block>
<block><region><rect/></region>
<text>
<par/>
</text>
</block>
<block><region><rect/></region>
<text>
<par>
<line>URBAM</line></par>
<par>
<line>conseil, éludes, projets</line></par>
</text>
</block>
<block><region><rect/></region>
<text>
<par>
<line>URBAM : urbaniste qualifiée par l’OPQU</line>
<line>Siège social : 24-26 rue de Marlacca -33620 CAVIGNAC -</line>
<line>Etablissement secondaire : Parc Innolin - CS 60073 - 15 allée des</line>
<line>Acacias - 33700 MERIGNAC</line></par>
<par>
<line>Tèl : 05-57-68-69-73 - Fax : 05-57-68-61-02 - contact@urbam33.fr - site :</line>
<line>www.urbam33.fr</line></par>
</text>
</block>








<block blockType="Picture" blockName="" l="427" t="619" r="2330" b="749"><region><rect/></region>
</block>
<block blockType="Picture" blockName="" l="488" t="2989" r="1205" b="3224"><region><rect/></region>
</block>
</page>
<page width="2479" height="3508" resolution="300">
<block><region><rect/></region>
<text>
<par/>
</text>
</block>
<block><region><rect/></region>
<text>
<par>
<line>%</line></par>
</text>
</block>
<block><region><rect/></region>
<text>
<par/>
</text>
</block>
<block><region><rect/></region>
<text>
<par/>
</text>
</block>
<block><region><rect/></region>
<text>
<par>
<line>Pièce 3</line></par>
<par>
<line>Orientations</line>
<line>d’Aménagement et de</line>
<line>Programmation</line></par>
</text>
</block>
<block><region><rect/></region>
<text>
<par/>
</text>
</block>
<block><region><rect/></region>
<text>
<par>
<line>URBAM</line></par>
<par>
<line>conseil, éludes, projets</line></par>
</text>
</block>
<block><region><rect/></region>
<text>
<par>
<line>URBAM : urbaniste qualifiée par l'OPQU</line>
<line>Siège social : 24-26 rue de Marlacca -33620 CAVIGNAC -</line>
<line>Etablissement secondaire : Parc Innolin - CS 60073 - 15 allée des</line>
<line>Acacias - 33700 MERIGNAC</line></par>
<par>
<line>Tèl : 05-57-68-69-73 - Fax : 05-57-68-61-02 - contact@urbam33.fr - site :</line>
<line>www.urbam33.fr</line></par>
</text>
</block>





<block blockType="Picture" blockName="" l="426" t="1297" r="1303" b="1866"><region><rect/></region>
</block>
<block blockType="Picture" blockName="" l="487" t="2881" r="1204" b="3115"><region><rect/></region>
</block>
</page>
<page width="3508" height="2479" resolution="300">
<block><region><rect/></region>
<text>
<par>
<line>Agence Urbam</line></par>
</text>
</block>
<block><region><rect/></region>
<text>
<par>
<line>Modification n°2 du Plan Local d’Urbanisme de VITRAC</line>
<line>Orientation d’Aménagement et de Programmation</line></par>
</text>
</block>
<block><region><rect/></region>
<text>
<par>
<line>Lieu - dit “Combelongue”</line></par>
</text>
</block>
<block><region><rect/></region>
<text>
<par>
<line>Légende</line></par>
<par>
<line>llllll Voie principale de desserte</line></par>
<par>
<line>—^ Sens unique</line></par>
<par>
<line>Aménagement de carrefour</line></par>
<par>
<line>.. Cheminement doux à créer en site</line></par>
<par>
<line>propre</line></par>
<par>
<line>^ Accès de principe aux lots</line>
<line>Végétation à conserver</line>
<line>Classement : Zone 1AU</line></par>
</text>
</block>
<block><region><rect/></region>
<text>
<par>
<line>Situation générale:</line></par>
</text>
</block>
<block><region><rect/></region>
<text>
<par>
<line>W</line></par>
</text>
</block>
<block><region><rect/></region>
<text>
<par>
<line>S63</line></par>
</text>
</block>
<block><region><rect/></region>
<text>
<par>
<line>127!'</line></par>
</text>
</block>
<block><region><rect/></region>
<text>
<par>
<line>1284</line></par>
</text>
</block>
<block><region><rect/></region>
<text>
<par>
<line>82128I</line></par>
</text>
</block>
<block><region><rect/></region>
<text>
<par>
<line>478</line></par>
</text>
</block>
<block><region><rect/></region>
<text>
<par>
<line>5 0</line></par>
</text>
</block>
<block><region><rect/></region>
<text>
<par>
<line>1474</line></par>
</text>
</block>
<block><region><rect/></region>
<text>
<par>
<line>490</line></par>
</text>
</block>
<block><region><rect/></region>
<text>
<par>
<line>1475</line></par>
</text>
</block>
<block><region><rect/></region>
<text>
<par>
<line>522</line></par>
</text>
</block>
<block><region><rect/></region>
<text>
<par>
<line>1476</line></par>
</text>
</block>
<block><region><rect/></region>
<text>
<par>
<line>2045</line></par>
</text>
</block>
<block><region><rect/></region>
<text>
<par>
<line>498</line></par>
</text>
</block>
<block><region><rect/></region>
<text>
<par>
<line>1572</line></par>
</text>
</block>
<block><region><rect/></region>
<text>
<par>
<line>1140</line></par>
</text>
</block>
<block><region><rect/></region>
<text>
<par>
<line>2044</line></par>
</text>
</block>
<block><region><rect/><rect/></region>
<text>
<par/>
</text>
</block>
<block><region><rect/></region>
<text>
<par>
<line>500</line></par>
</text>
</block>
<block><region><rect/></region>
<text>
<par/>
</text>
</block>
<block><region><rect/></region>
<text>
<par/>
</text>
</block>
<block><region><rect/></region>
<text>
<par>
<line>••</line></par>
</text>
</block>
<block><region><rect/></region>
<text>
<par>
<line>»</line></par>
</text>
</block>
<block><region><rect/></region>
<text>
<par/>
</text>
</block>
<block><region><rect/></region>
<text>
<par/>
</text>
</block>
<block><region><rect/></region>
<text>
<par>
<line>503</line></par>
</text>
</block>
<block><region><rect/></region>
<text>
<par>
<line>••</line></par>
</text>
</block>
<block><region><rect/></region>
<text>
<par/>
</text>
</block>
<block><region><rect/></region>
<text>
<par>
<line>••</line></par>
</text>
</block>
<block><region><rect/></region>
<text>
<par/>
</text>
</block>
<block><region><rect/></region>
<text>
<par>
<line>••</line></par>
</text>
</block>
<block><region><rect/></region>
<text>
<par>
<line>••</line></par>
</text>
</block>
<block><region><rect/></region>
<text>
<par/>
</text>
</block>
<block><region><rect/></region>
<text>
<par/>
</text>
</block>
<block><region><rect/></region>
<text>
<par>
<line>549</line></par>
</text>
</block>
<block><region><rect/></region>
<text>
<par>
<line>545</line></par>
</text>
</block>
<block><region><rect/></region>
<text>
<par>
<line>629</line></par>
</text>
</block>
<block><region><rect/></region>
<text>
<par>
<line>546</line></par>
</text>
</block>
<block><region><rect/></region>
<text>
<par>
<line>1491</line></par>
</text>
</block>
<block><region><rect/></region>
<text>
<par>
<line>547</line></par>
</text>
</block>
<block><region><rect/></region>
<text>
<par>
<line>1628</line></par>
</text>
</block>
<block><region><rect/></region>
<text>
<par>
<line>vers la mairie</line></par>
</text>
</block>
<block><region><rect/></region>
<text>
<par>
<line>538</line></par>
</text>
</block>
<block><region><rect/></region>
<text>
<par>
<line>1054</line></par>
</text>
</block>
<block><region><rect/></region>
<text>
<par>
<line>537</line></par>
</text>
</block>
<block><region><rect/></region>
<text>
<par>
<line>nn</line></par>
</text>
</block>
<block><region><rect/></region>
<text>
<par>
<line>hp n</line></par>
</text>
</block>
<block><region><rect/></region>
<text>
<par>
<line>R</line></par>
</text>
</block>
<block><region><rect/></region>
<text>
<par>
<line>P</line></par>
</text>
</block>
<block><region><rect/></region>
<text>
<par>
<line>1056</line></par>
</text>
</block>
<block><region><rect/></region>
<text>
<par>
<line>Orientations générales d’Aménagement</line></par>
<par>
<line>• Création d’une voie à sens unique pour la desserte interne de la zone.</line></par>
<par>
<line>• Mise en place d’un cheminement doux (largeur minimale : 1.50m en parallèle de la voie</line>
<line>principale de desserte.</line></par>
</text>
</block>
<block><region><rect/></region>
<text>
<par>
<line>Eléments de programme</line></par>
<par>
<line>• Urbanisation traditionnelle, ton pierre, toiture périgourdine. Secteur 2 de la ZPPAUP.</line></par>
<par>
<line>• Hauteur : R+1 au maximum</line></par>
<par>
<line>• Stationnement à prévoir sur le domaine privé</line></par>
<par>
<line>L’urbanisation de cette zone pourra être subordonnée à plusieurs opérations d’aménagement.</line></par>
</text>
</block>
<block><region><rect/></region>
<text>
<par>
<line>Equipement de la zone</line></par>
<par>
<line>La desserte en eau potable et en électricité de la zone se fera depuis la VC1 à l’ouest de la</line>
<line>zone.</line></par>
<par>
<line>La desserte par le réseau collectif d’assainissement se fera depuis la VC1 à l’ouest de la</line>
<line>zone.</line></par>
<par>
<line>Concernant la défense incendie, elle devra être créée.</line></par>
</text>
</block>
<block><region><rect/></region>
<text>
<par>
<line>Profil type - Voie principale de desserte</line></par>
</text>
</block>
<block blockType="Table" blockName="" l="2148" t="1953" r="3086" b="2260"><region><rect/></region>
<row>
<cell leftBorder="White" rightBorder="White" bottomBorder="White" width="213" height="132">
<text>
<par>
<line>■ ■</line></par>
<par>
<line>Trottoir</line></par>
</text></cell>
<cell leftBorder="White" rightBorder="White" bottomBorder="White" width="505" height="132">
<text>
<par>
<line>Chaussée à sens unique</line></par>
</text></cell>
<cell leftBorder="White" rightBorder="White" bottomBorder="White" width="220" height="132">
<text>
<par>
<line>Trottoir</line></par>
</text></cell></row>
<row>
<cell topBorder="White" width="213" height="106">
<text>
<par>
<line>1,50m</line></par>
</text></cell>
<cell topBorder="White" width="505" height="106">
<text>
<par>
<line>3,50 m</line></par>
</text></cell>
<cell topBorder="White" width="220" height="106">
<text>
<par>
<line>1,50m</line></par>
</text></cell></row>
<row>
<cell bottomBorder="White" width="213" height="69">
<text>
<par/>
</text></cell>
<cell bottomBorder="White" width="505" height="69">
<text>
<par/>
</text></cell>
<cell bottomBorder="White" width="220" height="69">
<text>
<par>
<line>^</line></par>
</text></cell></row>
</block>
<block><region><rect/></region>
<text>
<par>
<line>Janvier 2016</line></par>
</text>
</block>



































































</page>
</OAP>