<?xml version="1.0" encoding="UTF-8"?><OAP>
<page width="2479" height="3508" resolution="300">
<block><region><rect/></region>
<text>
<par>
<line>Département du Doubs</line></par>
</text>
</block>
<block><region><rect/></region>
<text>
<par>
<line>COMMUNE DE</line></par>
<par>
<line>LE GRATTERIS</line></par>
</text>
</block>
<block><region><rect/></region>
<text>
<par>
<line>PLAN LOCAL D'URBANISME</line></par>
</text>
</block>
<block><region><rect/></region>
<text>
<par>
<line>■N</line></par>
</text>
</block>
<block><region><rect/></region>
<text>
<par>
<line>3. ORIENTATIONS D'AMENAGEMENT ET</line></par>
<par>
<line>DE PROGRAMMATION</line></par>
</text>
</block>
<block><region><rect/></region>
<text>
<par>
<line>Pièce n ° 3</line></par>
</text>
</block>
<block><region><rect/></region>
<text>
<par>
<line>Arrêté par délibération du Conseil Municipal :</line>
<line>ie 25juiilet 2013</line></par>
<par>
<line>Approuvé par déiibération du Conseii Municipal :</line>
<line>le 20 mars 2014</line></par>
</text>
</block>
<block blockType="Table" blockName="" l="1214" t="2307" r="2296" b="2991"><region><rect/></region>
<row>
<cell width="1053" height="27">
<text>
<par/>
</text></cell>
<cell width="29" height="27">
<text>
<par/>
</text></cell></row>
<row>
<cell width="1053" height="129">
<text>
<par>
<line>REVISIONS, MODIFICATIONS ET MISES A JOUR</line></par>
</text></cell>
<cell rowSpan="7" width="29" height="657">
<text>
<par>
<line>V</line></par>
</text></cell></row>
<row>
<cell width="1053" height="82">
<text>
<par/>
</text></cell></row>
<row>
<cell width="1053" height="81">
<text>
<par/>
</text></cell></row>
<row>
<cell width="1053" height="81">
<text>
<par/>
</text></cell></row>
<row>
<cell width="1053" height="82">
<text>
<par/>
</text></cell></row>
<row>
<cell width="1053" height="81">
<text>
<par/>
</text></cell></row>
<row>
<cell width="1053" height="121">
<text>
<par>
<line>L J</line></par>
</text></cell></row>
</block>
<block><region><rect/><rect/></region>
<text>
<par>
<line>INITIATIVE Aménagement et Développement</line></par>
<par>
<line>Siège social : 4, Passage Jules Didier - 70000 VESOUL</line>
<line>Tel : 03.84.75.46.47 - Fax : 03.84.75.31.69</line>
<line>initiativead@orange.fr</line></par>
</text>
</block>
<block><region><rect/></region>
<text>
<par>
<line>n</line></par>
</text>
</block>
<block><region><rect/></region>
<text>
<par>
<line>tiative</line></par>
</text>
</block>
<block><region><rect/></region>
<text>
<par>
<line>Tel : 03.81.83.53.29 - Fax : 03.81.82.87.04</line>
<line>initiativead25@orange.fr</line></par>
</text>
</block>












































</page>
<page width="2481" height="3508" resolution="300">
<block><region><rect/></region>
<text>
<par>
<line>SOMMAIRE</line></par>
</text>
</block>
<block><region><rect/></region>
<text>
<par>
<line>Avant-propos. 1</line></par>
<par>
<line>Orientations d’aménagement et de programmation de la zone à urbaniser à vocation d’habitat</line>
<line>située au lieu-dit « Champs traversant» (zone 1AU). 2</line></par>
<par>
<line>1. Localisation de la zone. 2</line></par>
<par>
<line>2. Vocation de la zone. 3</line></par>
<par>
<line>3. Principes d’aménagement de la zone. 3</line></par>
<par>
<line>Orientations d’aménagement et de programmation de la zone à urbaniser et de la zone urbaine 5</line></par>
<par>
<line>à vocation d’habitat située derrière le réservoir (zone U et AU). 5</line></par>
<par>
<line>1. Localisation des zones. 5</line></par>
<par>
<line>2. Vocation des zones. 5</line></par>
<par>
<line>3. Principes d’aménagement des zones. 6</line></par>
<par>
<line>Principes d’aménagement communs à toutes les zones à vocation d’habitat concernées par</line>
<line>les O.A.P. 8</line></par>
</text>
</block>
</page>
<page width="2481" height="3508" resolution="300">
<block><region><rect/></region>
<text>
<par>
<line>AVANT-PROPOS.</line></par>
</text>
</block>
<block><region><rect/></region>
<text>
<par>
<line>Conformément à l’article L. 123-1-4 du code de l’urbanisme, les P.L.U. comportent des</line>
<line>Orientations d’Aménagement et de Programmation (O.A.P.) : «dans le respect des orientations</line>
<line>définies par le projet d'aménagement et de développement durables, les orientations d'aménagement</line>
<line>et de programmation comprennent des dispositions portant sur l'aménagement, l'habitat, les</line>
<line>transports et les déplacements. »</line></par>
<par>
<line>Dans le cas de Le Gratteris, les dispositions portent uniquement sur l’aménagement.</line></par>
<par>
<line>« En ce qui concerne l'aménagement, les orientations peuvent définir les actions et opérations</line>
<line>nécessaires pour mettre en valeur l'environnement, les paysages, les entrées de villes et le</line>
<line>patrimoine, lutter contre l'insalubrité, permettre le renouvellement urbain et assurer le développement</line>
<line>de la commune.</line></par>
<par>
<line>Elles peuvent comporter un échéancier prévisionnel de l'ouverture à l'urbanisation des zones à</line>
<line>urbaniser et de la réalisation des équipements correspondants.</line></par>
<par>
<line>Elles peuvent porter sur des quartiers ou des secteurs à mettre en valeur, réhabiliter, restructurer ou</line>
<line>aménager.</line></par>
<par>
<line>Elles peuvent prendre la forme de schémas d'aménagement et préciser les principales</line>
<line>caractéristiques des voies et espaces publics. ».</line></par>
<par>
<line>La présente pièce « orientations d’aménagement et de programmation » décrit les principes</line>
<line>d’aménagements :</line></par>
<par>
<line>- des 2 zones à urbaniser à vocation principale d’habitat « 1AU » et « AU » et d’une partie de</line>
<line>la zone U limitrophe de la zone AU.</line></par>
<par>
<line>Les O.A.P. sont accompagnées de schémas de principe qui illustrent les principes d’aménagement</line>
<line>retenus mais qui ne constituent pas des plans figés ou définitifs. Ils sont donnés à titre indicatif, ne</line>
<line>sont pas opposable et devront être adaptés en fonction du projet.</line></par>
<par>
<line>Les illustrations thématiques qui apparaissent dans le texte sont des exemples sans valeur</line>
<line>prescriptive.</line></par>
<par>
<line>Les opérations de construction ou d’aménagement devront être compatibles avec les orientations</line>
<line>d’aménagement, c'est-à-dire qu’elles doivent les respecter dans l’esprit et non au pied de la lettre.</line></par>
</text>
</block>
<block><region><rect/></region>
<text>
<par>
<line>Orientations d’Aménagement et de Programmation.</line></par>
</text>
</block>
<block><region><rect/></region>
<text>
<par>
<line>1</line></par>
</text>
</block>
<block><region><rect/></region>
<text>
<par>
<line>Plan Local d'UrbanIsme de Le Gratteris</line></par>
</text>
</block>

</page>
<page width="2481" height="3508" resolution="300">
<block><region><rect/></region>
<text>
<par>
<line>ORIENTATIONS D'AMENASEMENT ET DE PROGRAMMATION</line>
<line>DE LA ZONE A URBANISER A VOCATION D'HABITAT</line>
<line>SITUEE AU LIEU-DIT « CHAMPS TRAVERSANT»</line></par>
<par>
<line>(zone lAU).</line></par>
</text>
</block>
<block><region><rect/></region>
<text>
<par>
<line>1.Localisation de la zone.</line></par>
</text>
</block>
<block><region><rect/></region>
<text>
<par>
<line>Cette zone a été délimitée au sein du village, au niveau d’un lotissement déjà entamé mais non</line>
<line>abouti en totalité. Elle a été identifiée car elle est non construite, facilement constructible et répond au</line>
<line>principe d’économie de l’espace puisqu’elle se situe à l’intérieur du village.</line></par>
<par>
<line>La recherche d’une cohérence urbaine, la nécessité de prendre en compte le développement durable</line>
<line>induisent la recherche d’un aménagement cohérent et d’une densification urbaine sur ce secteur qui</line>
<line>peut être urbanisé immédiatement.</line></par>
<par>
<line>Elle présente le passage théorique de la faille traversant le village. Une étude géotechnique sera</line>
<line>recommandée.</line></par>
</text>
</block>
<block><region><rect/></region>
<text>
<par>
<line>Elle couvre 0.5 ha et correspond à un petit espace agricole.</line></par>
</text>
</block>
<block><region><rect/></region>
<text>
<par/>
</text>
</block>
<block><region><rect/></region>
<text>
<par>
<line>\</line></par>
</text>
</block>
<block><region><rect/></region>
<text>
<par/>
</text>
</block>
<block><region><rect/></region>
<text>
<par>
<line>!■</line></par>
</text>
</block>
<block><region><rect/></region>
<text>
<par>
<line>lie</line></par>
</text>
</block>
<block><region><rect/></region>
<text>
<par>
<line>111</line></par>
</text>
</block>
<block><region><rect/></region>
<text>
<par>
<line>i</line></par>
</text>
</block>
<block><region><rect/></region>
<text>
<par/>
</text>
</block>
<block><region><rect/></region>
<text>
<par>
<line>1AU</line></par>
</text>
</block>
<block><region><rect/></region>
<text>
<par>
<line>y</line></par>
</text>
</block>
<block><region><rect/></region>
<text>
<par>
<line>m</line></par>
</text>
</block>
<block><region><rect/></region>
<text>
<par/>
</text>
</block>
<block><region><rect/></region>
<text>
<par>
<line>L</line></par>
</text>
</block>
<block><region><rect/></region>
<text>
<par>
<line>1IB</line></par>
</text>
</block>
<block><region><rect/></region>
<text>
<par>
<line>1T1</line></par>
</text>
</block>
<block><region><rect/></region>
<text>
<par>
<line>IB</line></par>
</text>
</block>
<block><region><rect/></region>
<text>
<par>
<line>iai</line></par>
</text>
</block>
<block><region><rect/></region>
<text>
<par>
<line>A</line></par>
</text>
</block>
<block><region><rect/></region>
<text>
<par>
<line>CHAMPS</line></par>
</text>
</block>
<block><region><rect/></region>
<text>
<par/>
</text>
</block>
<block><region><rect/></region>
<text>
<par/>
</text>
</block>
<block><region><rect/></region>
<text>
<par>
<line>r</line></par>
</text>
</block>
<block><region><rect/></region>
<text>
<par>
<line>Orientations d’Aménagement et de Programmation.</line></par>
</text>
</block>
<block><region><rect/></region>
<text>
<par>
<line>2</line></par>
</text>
</block>
<block><region><rect/></region>
<text>
<par>
<line>Plan Local d'UrbanIsme de Le G r atte r i s</line></par>
</text>
</block>







</page>
<page width="2481" height="3508" resolution="300">
<block><region><rect/></region>
<text>
<par>
<line>2.Vocation de la zone.</line></par>
</text>
</block>
<block><region><rect/></region>
<text>
<par>
<line>La vocation principale de cette zone est l’habitat qui pourra prendre différentes formes : logements</line>
<line>locatifs, accessions à la propriété, habitations individuelles, habitations individuelles groupées... Les</line>
<line>services et équipements publics ou d’intérét collectif, les activités économiques sont également admis</line>
<line>dans la mesure où ils restent compatibles avec la proximité des habitations.</line></par>
</text>
</block>
<block><region><rect/></region>
<text>
<par>
<line>Des réponses en logemci;,. variées</line></par>
</text>
</block>
<block><region><rect/></region>
<text>
<par>
<line>Bien souvent, les extensions urbaines n'otfrent</line>
<line>qu’un seul type de logement : la maison indivi¬</line>
<line>duelle en accession à la propriété. Or, la popu¬</line>
<line>lation n'est pas homogène et tous ne possèdent</line>
<line>pas tes mêmes besoins en logements.</line></par>
<par>
<line>La population évalue :</line></par>
<par>
<line>- décohabitation</line>
<line>• vieillissement,</line></par>
<par>
<line>- tamilles monoparentales,</line></par>
<par>
<line>- couples sans enfants.</line></par>
<par>
<line>Globalement, la taille des ménages diminue,</line>
<line>L'offre en logemenfs doit s’adapter à ces évolu¬</line>
<line>tions.</line></par>
<par>
<line>Atin de répendre aux attentes des différentes</line>
<line>populations, une certaine mixité urbaine, socia¬</line>
<line>le et architecturale doit être recherchée. Une</line>
<line>extension urbaine peut alors associer différents</line>
<line>types d’habitats et de formes, notamment ;</line></par>
<par>
<line>- les maisons mitoyennes,</line></par>
<par>
<line>- l'habitat groupé,</line></par>
<par>
<line>- ies petits immeubies coilectifs,</line></par>
<par>
<line>- des logements en location,</line></par>
<par>
<line>- de l'accession à ia propriété....</line></par>
</text>
</block>
<block><region><rect/></region>
<text>
<par>
<line>Acœssion à la propriété.</line></par>
</text>
</block>
<block><region><rect/></region>
<text>
<par>
<line>Logements en location,</line></par>
</text>
</block>
<block><region><rect/></region>
<text>
<par>
<line>La mixité du bâti favorise ia mixité des popuia-</line>
<line>tions : diversité des générations, des origines</line>
<line>sociales, des cultures. C'est de la diversité que</line>
<line>naissent les échanges et la solidarité.</line></par>
</text>
</block>
<block><region><rect/></region>
<text>
<par>
<line>Source : CAUE 25</line></par>
</text>
</block>
<block><region><rect/></region>
<text>
<par>
<line>3.Principes d’aménagement de ia zone.</line></par>
</text>
</block>
<block><region><rect/></region>
<text>
<par>
<line>• Cette zone doit s’urbaniser dans le cadre d’un aménagement cohérent de l’ensemble de la zone.</line>
<line>Elle est desservie par les équipements publics de capacité suffisante pour les constructions à</line>
<line>implanter dans l'ensemble de la zone : son urbanisation immédiate est donc possible.</line>
<line>L’urbanisation de la zone sera réalisée dans le cadre d'une ou plusieurs opérations</line>
<line>d'aménagement d'ensemble, chacune pouvant se réaliser en plusieurs tranches. Dans ce cas, les</line>
<line>différentes tranches ne devront ni compromettre l'urbanisation ultérieure du reste de la zone, ni</line>
<line>remettre en cause l’organisation d’ensemble et les principes d’aménagement présentés ci-</line>
<line>dessous.</line></par>
</text>
</block>
<block><region><rect/></region>
<text>
<par>
<line>• Le schéma ci-aprés (donné à titre indicatif et non opposable) illustre les principes d’aménagement</line>
<line>du secteur. Le plan de composition et d’urbanisation doit intégrer les principes suivants (voir</line>
<line>également principes communs à toutes les zones à vocation d’habitat concernées par les O. A.P.) :</line></par>
<par>
<line>- La zone sera desservie à partir de la RD221 par l'amorce du chemin existant (parcelle 87) qui</line>
<line>sera aménagé pour accueillir la circulation générée par le projet.</line></par>
</text>
</block>
<block><region><rect/></region>
<text>
<par>
<line>Orientations d’Aménagement et de Programmation.</line></par>
</text>
</block>
<block><region><rect/></region>
<text>
<par>
<line>3</line></par>
</text>
</block>
<block><region><rect/></region>
<text>
<par>
<line>Plan Local d'UrbanIsme de Le G r a tte r i s</line></par>
</text>
</block>




<block blockType="Picture" blockName="" l="1007" t="740" r="2269" b="1635"><region><rect/></region>
</block>
</page>
<page width="2481" height="3508" resolution="300">
<block><region><rect/></region>
<text>
<par>
<line>La voirie interne de la zone convergera vers une placette de retournement ou vers la rue des</line>
<line>cerisiers existante afin de créer un bouclage dans le secteur. Dans ce dernier cas de figure,</line>
<line>une circulation à sens unique pourrait être envisagée pour limiter l’emprise de la voirie. Dans</line>
<line>les autres cas de figure, une circulation à double-sens avec place de retournement sera</line>
<line>imposée.</line></par>
<par>
<line>- L’orientation des faîtages des bâtiments principaux devra respecter le schéma des principes</line>
<line>d’aménagement afin de favoriser la prise en compte de l’ensoleillement et/ou de créer une</line>
<line>organisation cohérente et harmonieuse de l’aménagement urbain.</line></par>
</text>
</block>
<block><region><rect/></region>
<text>
<par>
<line>PLAN LOCAL D'URBANISME DE LE ORATTERIS</line>
<line>Orientations d'Aménagement et de Programmation</line></par>
</text>
</block>
<block><region><rect/></region>
<text>
<par>
<line>Cfe.ç" - -</line></par>
</text>
</block>
<block><region><rect/></region>
<text>
<par/>
</text>
</block>
<block><region><rect/></region>
<text>
<par>
<line>111</line></par>
</text>
</block>
<block><region><rect/></region>
<text>
<par>
<line>100</line></par>
</text>
</block>
<block><region><rect/></region>
<text>
<par>
<line>181</line></par>
</text>
</block>
<block><region><rect/></region>
<text>
<par>
<line>%</line></par>
</text>
</block>
<block><region><rect/></region>
<text>
<par>
<line>170</line></par>
</text>
</block>
<block><region><rect/></region>
<text>
<par>
<line>18^</line></par>
</text>
</block>
<block><region><rect/></region>
<text>
<par>
<line>171</line></par>
</text>
</block>
<block><region><rect/></region>
<text>
<par>
<line>7</line></par>
</text>
</block>
<block><region><rect/></region>
<text>
<par>
<line>120</line></par>
</text>
</block>
<block><region><rect/></region>
<text>
<par>
<line>A</line></par>
</text>
</block>
<block><region><rect/></region>
<text>
<par>
<line>CHAMPS TRAVERSAN</line></par>
</text>
</block>
<block><region><rect/></region>
<text>
<par>
<line>/N. *</line></par>
</text>
</block>
<block><region><rect/></region>
<text>
<par>
<line>Jl</line></par>
</text>
</block>
<block><region><rect/></region>
<text>
<par/>
</text>
</block>
<block><region><rect/></region>
<text>
<par/>
</text>
</block>
<block><region><rect/></region>
<text>
<par/>
</text>
</block>
<block><region><rect/></region>
<text>
<par/>
</text>
</block>
<block><region><rect/></region>
<text>
<par/>
</text>
</block>
<block><region><rect/><rect/></region>
<text>
<par>
<line>PRINCIPES P'AMENAGEMENT</line></par>
<par>
<line>Qeition de feau pluviale à prévoir sur la zone</line>
<line>Densité ; ^3 Igts / ha</line>
<line>H Voirie de principe</line></par>
<par>
<line>-- Prise en compte de l'ensoleillement dans le projet</line></par>
</text>
</block>
<block><region><rect/></region>
<text>
<par>
<line>10 m ^30 ni</line></par>
<par>
<line>20 m 40 m</line></par>
</text>
</block>
<block><region><rect/></region>
<text>
<par>
<line>Orientations d’Aménagement et de Programmation.</line></par>
</text>
</block>
<block><region><rect/></region>
<text>
<par>
<line>4</line></par>
</text>
</block>
<block><region><rect/></region>
<text>
<par>
<line>Plan Local d'UrbanIsme de Le G r atte r i s</line></par>
</text>
</block>















</page>
<page width="2481" height="3508" resolution="300">
<block><region><rect/></region>
<text>
<par>
<line>ORIENTATIONS D'AMENASEMENT ET DE PROGRAMMATION</line>
<line>DE LA ZONE A URBANISER ET DE LA ZONE URBAINE</line></par>
<par>
<line>A VOCATION D'HABITAT</line>
<line>SITUEE DERRIERE LE RESERVOIR</line></par>
<par>
<line>(zone U et AU).</line></par>
</text>
</block>
<block><region><rect/></region>
<text>
<par>
<line>1.Localisation des zones.</line></par>
</text>
</block>
<block><region><rect/></region>
<text>
<par>
<line>Ces deux zones ont été délimitées au Nord du village derrière le réservoir. Elles complètent</line>
<line>l’urbanisation du village dans le prolongement du lotissement communal. Elles permettent de relier à</line>
<line>terme la rue de la Fougère à la rue de la Combe.</line></par>
<par>
<line>Elles couvrent 1 ha (AU) et 0.2 ha (U) ; elles correspondent à des espaces agricoles.</line></par>
<par>
<line>La zone AU possède une partie en secteur de bord de doline recensée sur le terrain. La limite exacte</line>
<line>n'est pas définie totalement. Elle le sera avec un relevé topographique par exemple, lors de la mise</line>
<line>en place du projet permettant la modification du PLU. Ce secteur correctement délimité ne devra pas</line>
<line>être constructible. Il pourra servir de récupération et de gestion des eaux pluviales suite à des études</line>
<line>spécifiques (type loi sur l’eau). Concernant les recommandations liées aux risques de mouvement de</line>
<line>terrain, le rapport de présentation apporte des compléments à prendre en compte dans la future</line>
<line>urbanisation.</line></par>
</text>
</block>
<block><region><rect/></region>
<text>
<par>
<line>r\.</line></par>
</text>
</block>
<block><region><rect/></region>
<text>
<par>
<line>\</line></par>
</text>
</block>
<block><region><rect/></region>
<text>
<par>
<line>\</line></par>
</text>
</block>
<block><region><rect/></region>
<text>
<par>
<line>S</line></par>
</text>
</block>
<block><region><rect/></region>
<text>
<par>
<line>AU</line></par>
</text>
</block>
<block><region><rect/></region>
<text>
<par>
<line>IX</line></par>
</text>
</block>
<block><region><rect/></region>
<text>
<par>
<line>ISO</line></par>
</text>
</block>
<block><region><rect/></region>
<text>
<par/>
</text>
</block>
<block><region><rect/></region>
<text>
<par/>
</text>
</block>
<block><region><rect/></region>
<text>
<par>
<line>U*</line></par>
</text>
</block>
<block><region><rect/></region>
<text>
<par/>
</text>
</block>
<block><region><rect/></region>
<text>
<par>
<line>w</line></par>
</text>
</block>
<block><region><rect/></region>
<text>
<par>
<line>iv</line></par>
</text>
</block>
<block><region><rect/></region>
<text>
<par/>
</text>
</block>
<block><region><rect/></region>
<text>
<par>
<line>IZJ</line></par>
</text>
</block>
<block><region><rect/></region>
<text>
<par>
<line>MC</line></par>
</text>
</block>
<block><region><rect/></region>
<text>
<par/>
</text>
</block>
<block><region><rect/></region>
<text>
<par/>
</text>
</block>
<block><region><rect/></region>
<text>
<par>
<line>IH</line></par>
</text>
</block>
<block><region><rect/></region>
<text>
<par/>
</text>
</block>
<block><region><rect/></region>
<text>
<par>
<line>Orientations d’Aménagement et de Programmation.</line></par>
</text>
</block>
<block><region><rect/></region>
<text>
<par>
<line>5</line></par>
</text>
</block>
<block><region><rect/></region>
<text>
<par>
<line>Plan Local d'UrbanIsme de Le G r atte r i s</line></par>
</text>
</block>









</page>
<page width="2481" height="3508" resolution="300">
<block><region><rect/></region>
<text>
<par>
<line>2.Vocation des zones.</line></par>
</text>
</block>
<block><region><rect/></region>
<text>
<par>
<line>Ces zones ont été définies afin de prolonger l’urbanisation existante du village dans le cadre d’un</line>
<line>aménagement cohérent. Elles constituent une extension urbaine à court et long terme du village de</line>
<line>Le Gratteris.</line></par>
<par>
<line>La vocation principale des zones est l’habitat qui peut prendre différentes formes : logements locatifs,</line>
<line>accessions à la propriété, habitations individuelles, logements collectifs, habitations individuelles</line>
<line>groupées ... Les services et équipements publics ou d’intérét collectif, les activités économiques sont</line>
<line>également admis dans la mesure où ils restent compatibles avec la proximité des habitations.</line></par>
<par>
<line>La parcelle en zone U est en outre propriété de la commune.</line></par>
</text>
</block>
<block><region><rect/></region>
<text>
<par>
<line>3.Principes d’aménagement des zones.</line></par>
<par>
<line>• Les 2 zones sont indépendantes mais les principes de fonctionnement routier doivent permettre</line>
<line>d’aménager le secteur à long terme.</line></par>
<par>
<line>A noter, la zone AU correspond à une zone à urbaniser avec modification ou révision du PLU,</line>
<line>néanmoins les principes suivants peuvent permettre d’engager cette modification ou révision</line>
<line>dans un temps relativement court en s’appuyant sur les principes ci-dessous qui sont</line>
<line>compatibles avec le PADD. La zone AU devra ainsi s’urbaniser dans le cadre d’un aménagement</line>
<line>cohérent de l’ensemble des deux zones. Elle n’est cependant pas desservie par les équipements</line>
<line>publics de capacité suffisante pour les constructions à implanter dans l'ensemble de cette zone:</line>
<line>son urbanisation est donc possible après modification du PLU et apport des réseaux</line>
<line>(assainissement)</line></par>
<par>
<line>L’urbanisation de la zone AU sera réalisée dans le cadre d'une ou plusieurs opérations</line>
<line>d'aménagement d'ensemble, chacune pouvant se réaliser en plusieurs tranches.</line></par>
<par>
<line>Dans ce cas, les différentes tranches ne devront ni compromettre l'urbanisation ultérieure du reste</line>
<line>de la zone, ni remettre en cause l’organisation d’ensemble et les principes d’aménagement</line>
<line>présentés ci-dessous.</line></par>
<par>
<line>• Le schéma ci-aprés (donné à titre indicatif et non opposable) illustre les principes d’aménagement</line>
<line>des deux zones.</line></par>
<par>
<line>Le plan de composition et d’urbanisation doit intégrer les principes suivants (voir également</line>
<line>principes communs à toutes les zones à vocation d’habitat concernées parles O.A.P.) :</line></par>
<par>
<line>- La zone AU sera desservie principalement à partir de la rue de la Fougère</line></par>
<par>
<line>La voirie interne de la zone formera une boucle permettant de desservir l’ensemble de la zone</line>
<line>et rejoindre la parcelle classée en U pour au minimum les engins de services (camions</line>
<line>ordures ménagères et pompiers). Cette partie pourrait également être à sens unique.</line></par>
<par>
<line>- Le schéma de circulation comprendra une placette pour définir un cœur à cette opération et</line>
<line>un lieu de vie et servant de place de retournement. Cette placette permettra le stationnement</line>
<line>et sera arborée. Elle sera en lien avec le cheminement piéton à créer et rejoignant celui du</line>
<line>lotissement communal.</line></par>
<par>
<line>- Mixité de l’habitat et densité urbaine seront recherchées :</line></par>
<par>
<line>. La densification de type péri-urbain sera favorisée : la densité brute moyenne sur</line>
<line>l’ensemble de la zone (comprenant les voiries, espaces publics et équipements) sera de</line>
<line>13 logements par hectare.</line></par>
<par>
<line>- Une liaison douce permettant de rejoindre le cheminement existant dans le lotissement</line>
<line>communal est à prévoir dans l’opération d’ensemble. Ce cheminement sera également relié à</line>
<line>la placette à créer dans l’opération.</line></par>
<par>
<line>- Comme indiqué dans le règlement, les occupations et utilisations du sol autorisées doivent</line>
<line>tenir compte des risques géologiques inhérents au terrain. Une étude géotechnique est</line>
<line>préconisée pour définir précisément les dispositions constructives particulières à mettre en</line>
<line>œuvre pour toutes les occupations et utilisations du sol autorisées. Les constructions et les</line>
<line>remblais dans les fonds de dolines sont strictement interdits.</line></par>
</text>
</block>
<block><region><rect/></region>
<text>
<par>
<line>Orientations d’Aménagement et de Programmation.</line></par>
</text>
</block>
<block><region><rect/></region>
<text>
<par>
<line>6</line></par>
</text>
</block>
<block><region><rect/></region>
<text>
<par>
<line>Plan Local d'UrbanIsme de Le Gratteris</line></par>
</text>
</block>

</page>
<page width="2481" height="3508" resolution="300">
<block><region><rect/></region>
<text orientation="RotatedCounterclockwise">
<par>
<line>PLAN LOCAL D'URBANISME DE LE ORATTERIS</line>
<line>Orientations d'Aménagement et de Programmation</line></par>
</text>
</block>
<block><region><rect/></region>
<text>
<par/>
</text>
</block>
<block><region><rect/></region>
<text>
<par>
<line>O</line></par>
</text>
</block>
<block><region><rect/></region>
<text>
<par/>
</text>
</block>
<block><region><rect/><rect/><rect/></region>
<text>
<par>
<line>tii</line></par>
</text>
</block>
<block><region><rect/></region>
<text>
<par/>
</text>
</block>
<block><region><rect/></region>
<text>
<par>
<line>ce</line></par>
</text>
</block>
<block><region><rect/></region>
<text>
<par>
<line>s</line></par>
</text>
</block>
<block><region><rect/></region>
<text>
<par>
<line>LU</line></par>
</text>
</block>
<block><region><rect/></region>
<text>
<par>
<line>&gt;3</line></par>
</text>
</block>
<block><region><rect/></region>
<text>
<par>
<line>a.</line></par>
</text>
</block>
<block><region><rect/></region>
<text>
<par/>
</text>
</block>
<block><region><rect/></region>
<text>
<par>
<line>O</line></par>
</text>
</block>
<block><region><rect/></region>
<text>
<par>
<line>CD</line></par>
</text>
</block>
<block><region><rect/></region>
<text>
<par>
<line>C35</line></par>
</text>
</block>
<block><region><rect/></region>
<text>
<par>
<line>CM</line></par>
</text>
</block>
<block><region><rect/></region>
<text>
<par>
<line>\</line></par>
</text>
</block>
<block><region><rect/></region>
<text>
<par/>
</text>
</block>
<block><region><rect/></region>
<text>
<par/>
</text>
</block>
<block><region><rect/></region>
<text>
<par>
<line>+J</line></par>
</text>
</block>
<block><region><rect/></region>
<text>
<par>
<line>\</line></par>
</text>
</block>
<block><region><rect/></region>
<text>
<par>
<line>4j</line></par>
</text>
</block>
<block><region><rect/></region>
<text>
<par/>
</text>
</block>
<block><region><rect/></region>
<text>
<par>
<line>N</line></par>
</text>
</block>
<block><region><rect/></region>
<text>
<par>
<line>CM</line></par>
</text>
</block>
<block><region><rect/></region>
<text>
<par>
<line>■''a</line></par>
</text>
</block>
<block><region><rect/></region>
<text>
<par>
<line>CO</line></par>
</text>
</block>
<block><region><rect/></region>
<text>
<par>
<line>4-1</line></par>
</text>
</block>
<block><region><rect/></region>
<text>
<par>
<line>a.</line></par>
</text>
</block>
<block><region><rect/></region>
<text>
<par/>
</text>
</block>
<block><region><rect/></region>
<text>
<par/>
</text>
</block>
<block><region><rect/></region>
<text>
<par>
<line>/&lt;s</line></par>
</text>
</block>
<block><region><rect/></region>
<text>
<par>
<line>cs-</line></par>
</text>
</block>
<block><region><rect/></region>
<text>
<par>
<line>05</line></par>
</text>
</block>
<block><region><rect/></region>
<text>
<par>
<line>&gt;</line></par>
</text>
</block>
<block><region><rect/></region>
<text>
<par>
<line>1“</line></par>
</text>
</block>
<block><region><rect/></region>
<text>
<par>
<line>t^</line></par>
</text>
</block>
<block><region><rect/></region>
<text>
<par>
<line>2</line></par>
</text>
</block>
<block><region><rect/></region>
<text>
<par>
<line>UJ</line></par>
</text>
</block>
<block><region><rect/></region>
<text>
<par>
<line>/</line></par>
</text>
</block>
<block><region><rect/></region>
<text>
<par>
<line>-S</line></par>
</text>
</block>
<block><region><rect/></region>
<text>
<par>
<line>S</line></par>
</text>
</block>
<block><region><rect/></region>
<text>
<par>
<line>ÜJ</line></par>
</text>
</block>
<block><region><rect/></region>
<text>
<par>
<line>a-\</line></par>
</text>
</block>
<block><region><rect/></region>
<text>
<par>
<line>-cS</line></par>
</text>
</block>
<block><region><rect/></region>
<text>
<par>
<line>t</line></par>
</text>
</block>
<block><region><rect/></region>
<text>
<par>
<line>'cy</line></par>
</text>
</block>
<block><region><rect/></region>
<text>
<par/>
</text>
</block>
<block><region><rect/></region>
<text>
<par/>
</text>
</block>
<block><region><rect/></region>
<text>
<par>
<line>.a.</line></par>
</text>
</block>
<block><region><rect/></region>
<text>
<par>
<line>}</line></par>
</text>
</block>
<block><region><rect/></region>
<text>
<par>
<line>■4J</line></par>
</text>
</block>
<block><region><rect/></region>
<text>
<par>
<line>&lt;</line></par>
</text>
</block>
<block><region><rect/></region>
<text>
<par>
<line>4J</line></par>
</text>
</block>
<block><region><rect/></region>
<text>
<par/>
</text>
</block>
<block><region><rect/></region>
<text>
<par/>
</text>
</block>
<block><region><rect/></region>
<text>
<par>
<line>2</line></par>
</text>
</block>
<block><region><rect/></region>
<text>
<par>
<line>a.</line></par>
</text>
</block>
<block><region><rect/></region>
<text>
<par>
<line>UJ</line></par>
</text>
</block>
<block><region><rect/></region>
<text>
<par/>
</text>
</block>
<block><region><rect/></region>
<text>
<par>
<line>a ^</line></par>
</text>
</block>
<block><region><rect/></region>
<text>
<par>
<line>S</line></par>
</text>
</block>
<block><region><rect/><rect/><rect/></region>
<text>
<par>
<line>^-S</line></par>
</text>
</block>
<block><region><rect/></region>
<text>
<par>
<line>"CS</line></par>
</text>
</block>
<block><region><rect/></region>
<text>
<par>
<line>&lt;</line></par>
</text>
</block>
<block><region><rect/></region>
<text>
<par/>
</text>
</block>
<block><region><rect/></region>
<text>
<par>
<line>à. ^</line></par>
</text>
</block>
<block><region><rect/></region>
<text>
<par/>
</text>
</block>
<block><region><rect/></region>
<text>
<par>
<line>Û</line></par>
</text>
</block>
<block><region><rect/></region>
<text>
<par>
<line>O</line></par>
<par>
<line>&gt;J -Il</line></par>
</text>
</block>
<block><region><rect/></region>
<text>
<par/>
</text>
</block>
<block><region><rect/></region>
<text>
<par/>
</text>
</block>
<block><region><rect/></region>
<text>
<par>
<line>C/J -*4</line></par>
</text>
</block>
<block><region><rect/></region>
<text>
<par>
<line>Ç”</line></par>
</text>
</block>
<block><region><rect/></region>
<text>
<par>
<line>O</line></par>
</text>
</block>
<block><region><rect/><rect/></region>
<text>
<par>
<line>Ul çj i. ~</line></par>
</text>
</block>
<block><region><rect/></region>
<text>
<par>
<line>00</line></par>
</text>
</block>
<block><region><rect/></region>
<text>
<par>
<line>Q Cl &gt;</line></par>
</text>
</block>
<block><region><rect/></region>
<text>
<par>
<line>&lt;</line></par>
</text>
</block>
<block><region><rect/></region>
<text>
<par>
<line>Cl</line></par>
</text>
</block>
<block><region><rect/></region>
<text>
<par>
<line>co</line></par>
</text>
</block>
<block><region><rect/></region>
<text>
<par>
<line>i:</line></par>
</text>
</block>
<block><region><rect/></region>
<text>
<par>
<line>1-.</line></par>
</text>
</block>
<block><region><rect/></region>
<text>
<par>
<line>'Z</line></par>
</text>
</block>
<block><region><rect/></region>
<text>
<par>
<line>,8</line></par>
</text>
</block>
<block><region><rect/></region>
<text>
<par/>
</text>
</block>
<block><region><rect/></region>
<text>
<par>
<line>':m</line></par>
</text>
</block>
<block><region><rect/></region>
<text>
<par>
<line>Cl</line></par>
</text>
</block>
<block><region><rect/></region>
<text>
<par/>
</text>
</block>
<block><region><rect/></region>
<text>
<par>
<line>/</line></par>
</text>
</block>
<block><region><rect/></region>
<text>
<par/>
</text>
</block>
<block><region><rect/></region>
<text>
<par/>
</text>
</block>
<block><region><rect/><rect/></region>
<text>
<par>
<line>1. Xi</line></par>
</text>
</block>
<block><region><rect/></region>
<text>
<par>
<line>/</line></par>
</text>
</block>
<block><region><rect/></region>
<text>
<par>
<line>CO</line></par>
</text>
</block>
<block><region><rect/></region>
<text>
<par>
<line>oo</line></par>
</text>
</block>
<block><region><rect/></region>
<text>
<par>
<line>’é*</line></par>
</text>
</block>
<block><region><rect/></region>
<text>
<par>
<line>un</line></par>
</text>
</block>
<block><region><rect/></region>
<text>
<par>
<line>en</line></par>
</text>
</block>
<block><region><rect/></region>
<text>
<par>
<line>\</line></par>
</text>
</block>
<block><region><rect/></region>
<text>
<par>
<line>\</line></par>
</text>
</block>
<block><region><rect/></region>
<text>
<par>
<line>\</line></par>
</text>
</block>
<block><region><rect/><rect/><rect/></region>
<text>
<par>
<line>A^y</line></par>
<par>
<line>■ 'v ' _ ' CD</line></par>
</text>
</block>
<block><region><rect/></region>
<text>
<par>
<line>CX5</line></par>
</text>
</block>
<block><region><rect/></region>
<text>
<par>
<line>LO</line></par>
</text>
</block>
<block><region><rect/></region>
<text>
<par>
<line>\</line></par>
</text>
</block>
<block><region><rect/></region>
<text>
<par>
<line>/</line></par>
</text>
</block>
<block><region><rect/></region>
<text>
<par>
<line>\</line></par>
</text>
</block>
<block><region><rect/></region>
<text>
<par/>
</text>
</block>
<block><region><rect/></region>
<text>
<par>
<line>uo</line></par>
</text>
</block>
<block><region><rect/></region>
<text>
<par>
<line>\</line></par>
</text>
</block>
<block><region><rect/></region>
<text>
<par>
<line>CO</line></par>
</text>
</block>
<block><region><rect/></region>
<text>
<par>
<line>/</line></par>
</text>
</block>
<block><region><rect/></region>
<text>
<par>
<line>00</line></par>
</text>
</block>
<block><region><rect/></region>
<text>
<par>
<line>'sT</line></par>
</text>
</block>
<block><region><rect/></region>
<text>
<par>
<line>en</line></par>
</text>
</block>
<block><region><rect/></region>
<text>
<par/>
</text>
</block>
<block><region><rect/></region>
<text>
<par>
<line>LO</line></par>
</text>
</block>
<block><region><rect/></region>
<text>
<par>
<line>M’</line></par>
</text>
</block>
<block><region><rect/></region>
<text>
<par/>
</text>
</block>
<block><region><rect/></region>
<text>
<par/>
</text>
</block>
<block><region><rect/></region>
<text>
<par/>
</text>
</block>
<block><region><rect/></region>
<text>
<par/>
</text>
</block>
<block><region><rect/></region>
<text>
<par>
<line>h-</line></par>
</text>
</block>
<block><region><rect/></region>
<text>
<par>
<line>k</line></par>
</text>
</block>
<block><region><rect/></region>
<text>
<par>
<line>\</line></par>
</text>
</block>
<block><region><rect/></region>
<text>
<par>
<line>\</line></par>
</text>
</block>
<block><region><rect/></region>
<text>
<par/>
</text>
</block>
<block><region><rect/></region>
<text>
<par>
<line>/</line></par>
</text>
</block>
<block><region><rect/></region>
<text>
<par/>
</text>
</block>
<block><region><rect/></region>
<text>
<par>
<line>'T</line></par>
</text>
</block>
<block><region><rect/></region>
<text>
<par>
<line>00</line></par>
</text>
</block>
<block><region><rect/></region>
<text>
<par/>
</text>
</block>
<block><region><rect/></region>
<text>
<par>
<line>4</line></par>
</text>
</block>
<block><region><rect/></region>
<text>
<par/>
</text>
</block>
<block><region><rect/></region>
<text>
<par/>
</text>
</block>
<block><region><rect/></region>
<text>
<par>
<line>/</line></par>
</text>
</block>
<block><region><rect/></region>
<text>
<par>
<line>7</line></par>
</text>
</block>










</page>
<page width="2481" height="3508" resolution="300">
<block><region><rect/></region>
<text>
<par>
<line>PRINCIPES D'AMENASEMENT COMMUNS</line>
<line>A TOUTES LES ZONES A VOCATION D'HABITAT</line></par>
<par>
<line>CONCERNEES PAR LES O.A.P.</line></par>
</text>
</block>
<block><region><rect/></region>
<text>
<par>
<line>Principes concernant l’aménagement global de la zone.</line></par>
</text>
</block>
<block><region><rect/></region>
<text>
<par>
<line>- La largeur minimale de l’emprise de la voie principale doit permettre le croisement de deux</line>
<line>véhicules, lorsque la circulation à double-sens est prévue.</line></par>
</text>
</block>
<block><region><rect/></region>
<text>
<par>
<line>- Les accès et la voirie sont aménagés à l’échelle de l’opération. L’aménagement doit prévoir</line>
<line>des espaces pour les stationnements et notamment des aires de stationnement collectives</line>
<line>permettront d’accueillir les visiteurs.</line></par>
</text>
</block>
<block><region><rect/></region>
<text>
<par>
<line>Les stationnements doivent être pensés dès le</line>
<line>plan de composition et apporter de la qualité</line>
<line>aux aménagements.</line></par>
<par>
<line>Ils seront traités de manière globale qu'ils</line>
<line>soient individuels ou collectifs,</line></par>
<par>
<line>Afin d’éviter l'encombrement de l'espace public,</line>
<line>on prévoira des piaces pour le stationnement</line>
<line>occasionnel.</line></par>
</text>
</block>
<block><region><rect/></region>
<text>
<par>
<line>Source : CAUE 25</line></par>
</text>
</block>
<block><region><rect/></region>
<text>
<par/>
</text>
</block>
<block><region><rect/></region>
<text>
<par>
<line>Le stationnement peut être latéral à la rue. Un traitement paysager permettra de réduire son impact.</line></par>
</text>
</block>
<block><region><rect/></region>
<text>
<par>
<line>Les garages alignés le long de la rue structurent le front bâti. Le regroupemer^t des garages permet de minimiser les nuisan'</line></par>
<par>
<line>ces liées à la circulation dans le reste du quartier.</line></par>
</text>
</block>
<block><region><rect/></region>
<text>
<par>
<line>- L’aménagement doit prévoir des espaces pour les conteneurs à déchets et peut prévoir des</line>
<line>emplacements pour des systèmes de compostage individuel ou collectif. Le règlement</line>
<line>sanitaire de gestion et de collecte des déchets du Grand-Besançon doit être respecté. Il est</line>
<line>joint au règlement du PLU.</line></par>
</text>
</block>
<block><region><rect/></region>
<text>
<par>
<line>Le mobilier urbain (luminaires, bancs, poubel¬</line>
<line>les, jeux pour entants...] ainsi que les éléments</line>
<line>techniques (transformateurs, coffrets, ,..) doi-</line>
<line>vent être intégrés aux aménagements.</line></par>
<par>
<line>■ Éclairage</line></par>
<par>
<line>Léclairage permet de sécuriser le quartier</line>
<line>et participe à créer une ambiance agréable</line>
<line>le soir. On n'éclairera donc pas de la même</line>
<line>manière des rues passantes et des sentiers ou</line>
<line>des places.</line></par>
<par>
<line>- BlûCâ techniques</line></par>
<par>
<line>Les coffrets techniques sont des éléments qui</line>
<line>peuvent polluer visuellement un aménagement.</line>
<line>Il peut être intéressant de chercher un moyen</line>
<line>de les intégrer dans les clôtures, les murets ou</line>
<line>autres petits édifices.</line></par>
<par>
<line>• Boîtes aux lettres</line></par>
<par>
<line>Les boîtes aux lettres pourront être regroupées</line>
<line>afin d'optimiser le circuit du facteur et de favo¬</line>
<line>riser les rencontres dans le quartier. On propo¬</line>
<line>sera un même modèle pour le lotissement.</line></par>
<par>
<line>• Collecte des ordures</line></par>
<par>
<line>Prévoir dans le quartier des points d’apport</line>
<line>volontaire ou regrouper les points de collecte</line>
<line>pour limiter la circulation des engins d'enlève¬</line>
<line>ment des ordures.</line></par>
</text>
</block>
<block><region><rect/></region>
<text>
<par>
<line>\h</line></par>
</text>
</block>
<block><region><rect/><rect/></region>
<text>
<par>
<line>Pour les luminaires, des lormes sobres, des couleurs neutres L'intégration des coffrets dans un petit muret construit à l’identique</line></par>
<par>
<line>$ur l'ensemble de l'opération permet d'en réduire l'impaolS-</line></par>
</text>
</block>
<block><region><rect/></region>
<text>
<par>
<line>r</line></par>
</text>
</block>
<block><region><rect/></region>
<text>
<par/>
</text>
</block>
<block><region><rect/></region>
<text>
<par>
<line>Source ; CAUE 25</line></par>
</text>
</block>
<block><region><rect/></region>
<text>
<par>
<line>Orientations d’Aménagement et de Programmation.</line></par>
</text>
</block>
<block><region><rect/></region>
<text>
<par>
<line>8</line></par>
</text>
</block>




<block blockType="Picture" blockName="" l="235" t="996" r="941" b="2003"><region><rect/></region>
</block>
<block blockType="Picture" blockName="" l="956" t="1504" r="2258" b="1939"><region><rect/></region>
</block>
</page>
<page width="2481" height="3508" resolution="300">
<block><region><rect/></region>
<text>
<par>
<line>- La mixité de l’habitat et densité urbaine seront recherchées dans l’opération d’aménagement</line>
<line>qui présentera différentes tailles de parcelles.</line></par>
</text>
</block>
<block><region><rect/></region>
<text>
<par>
<line>c</line></par>
<par>
<line>L'organisation des constructions entre eiles donne un</line>
<line>caractère à la rue qu'elies longent, au quartier dans</line>
<line>lequel elles se trouvent Les pratiques courantes , sans</line>
<line>soucis de composition, favorisent un tissu urbain dis¬</line>
<line>tendu, en rupture avec le modèle préexistant : maisons</line>
<line>au milieu de leur parcelle, déblai et remblais importants,</line>
<line>systématisme des marges de recul.</line></par>
<par>
<line>Pour sortir du modèle stéréotypé des lotissements</line>
<line>banals. il est intéressant de s'interroger sur les régies à</line>
<line>fixer atin de créer un quartier harmonieux. On proposera</line>
<line>des prescriptions en matière d'implantation, de volumé¬</line>
<line>trie, d'utilisation de matériaux, de couleurs.</line></par>
</text>
</block>
<block><region><rect/></region>
<text>
<par>
<line>Le découpage des parcelles participe à la définition du</line>
<line>quartier Leur forme influence les constructions.</line></par>
<par>
<line>Le dessin du parcellaire se cale sur l'espace public, la</line>
<line>topographie et l'orientation. Il tient compte des éléments</line>
<line>du site que l'on veut mettre en valeur ou réutiliser dans</line>
<line>le projet (haies, murets, arbres remarquables.. ). Les</line>
<line>dimensions et les proportions des terrains pourront s'ins¬</line>
<line>pirer de ceux que l’on trouve dans la commune.</line></par>
<par>
<line>Il est intéressant de diversitier les termes des parcelles.</line></par>
</text>
</block>
<block><region><rect/></region>
<text>
<par>
<line>Le plan de composition fixera les implantations des</line>
<line>constructions afin d'apporter une cohérence globale</line>
<line>au quartier : position dans la parcelle, sens de taîtage,</line>
<line>alignement des façades.</line></par>
<par>
<line>Il faut aussi penser à l'orienlation par rapport au soleil</line>
<line>et aux vents. Une construction bien protégée du vent et</line>
<line>exposée plein sud économise 30% de chauffage.</line></par>
<par>
<line>Une implar^tâtron au milieu de la parcelle laisse sur les</line>
<line>côtés des espaces résiduels peu investis. La maison au</line>
<line>milieu de son terrain se retrouve aux vus de tous et le jar¬</line>
<line>din ne jouit d'aucune intimité. Construire en s’adossant</line>
<line>aux limites de propriété, voire en mitoyenneté, permet</line>
<line>donc une utilisation judicieuse et rationnelle du temain.</line></par>
</text>
</block>
<block><region><rect/></region>
<text>
<par/>
</text>
</block>
<block><region><rect/></region>
<text>
<par>
<line>y'</line></par>
</text>
</block>
<block blockType="Table" blockName="" l="1800" t="551" r="2129" b="778"><region><rect/></region>
<row>
<cell colSpan="4" leftBorder="White" rightBorder="White" bottomBorder="White" width="220" height="136">
<text>
<par>
<line>j</line></par>
<par>
<line>v;</line></par>
</text></cell>
<cell leftBorder="White" topBorder="White" rightBorder="White" bottomBorder="White" width="109" height="136">
<text>
<par>
<line>r</line></par>
<par>
<line>. i</line>
<line>*7</line>
<line>i</line>
<line>i</line></par>
</text></cell></row>
<row>
<cell leftBorder="White" topBorder="White" rightBorder="White" width="51" height="91">
<text>
<par/>
</text></cell>
<cell leftBorder="White" topBorder="White" rightBorder="White" width="62" height="91">
<text>
<par/>
</text></cell>
<cell leftBorder="White" topBorder="White" rightBorder="White" width="56" height="91">
<text>
<par/>
</text></cell>
<cell leftBorder="White" topBorder="White" rightBorder="White" width="51" height="91">
<text>
<par>
<line>I</line></par>
<par>
<line>1 1</line></par>
</text></cell>
<cell leftBorder="White" topBorder="White" rightBorder="White" width="109" height="91">
<text>
<par>
<line>i</line></par>
<par>
<line>i</line></par>
<par>
<line>i</line></par>
</text></cell></row>
</block>
<block><region><rect/></region>
<text>
<par>
<line>Un découpage parcellaire anonyme, à éviter.</line></par>
</text>
</block>
<block><region><rect/></region>
<text>
<par>
<line>Un décpjpâgé inspiré dé l'éKi^tâni offrant des parcallaa vâriâas.</line></par>
</text>
</block>
<block><region><rect/></region>
<text>
<par>
<line>■0</line></par>
</text>
</block>
<block><region><rect/></region>
<text>
<par>
<line>r T</line></par>
<par>
<line>r ^</line></par>
</text>
</block>
<block><region><rect/></region>
<text>
<par>
<line>La position des maisons au milieu de la parcelle ne permet pas Une implantation plus procfie des lirttites de la parcalle penïiet</line></par>
<par>
<line>une optimisation du terrain, laissant des parties délaissées sur de libérer de grandes Surfacee pour le jardin.</line></par>
</text>
</block>
<block><region><rect/></region>
<text>
<par>
<line>L’Implantation de la construction, c’est sa position sur le terrain, par rapport à l'espace public, aux cons¬</line>
<line>tructions voisines. Comme nt le bâti, les accès, les garages vont-il s'organiser ?</line></par>
<par>
<line>Source : CAUE 25.</line></par>
</text>
</block>
<block><region><rect/></region>
<text>
<par>
<line>Textes et illustrations sans valeur prescriptive.</line></par>
</text>
</block>
<block><region><rect/></region>
<text>
<par>
<line>. La densification urbaine sera favorisée : la densité brute minimale sur la zone 1AU et la</line></par>
<par>
<line>zone AU sera de 13 logements par hectare,</line></par>
<par>
<line>• L’aménagement sera conçu dans une recherche d’intégration dans le site et dans une</line>
<line>démarche environnementale durable</line></par>
</text>
</block>
<block><region><rect/></region>
<text>
<par>
<line>Parking absorbant</line></par>
</text>
</block>
<block><region><rect/></region>
<text>
<par/>
</text>
</block>
<block><region><rect/></region>
<text>
<par>
<line>^ Revérementporei(x de la</line>
<line>chaussée de circulation</line></par>
</text>
</block>
<block><region><rect/><rect/></region>
<text>
<par>
<line>Dalles alvéolées,</line>
<line>engüzomées</line></par>
</text>
</block>
<block><region><rect/></region>
<text>
<par>
<line>- Les surfaces imperméabilisées doivent être les plus limitées</line>
<line>possibles. L’emploi de matériaux perméabilisants est</line>
<line>préconisé, notamment pour les places de stationnement.</line></par>
</text>
</block>
<block><region><rect/></region>
<text>
<par/>
</text>
</block>
<block><region><rect/></region>
<text>
<par>
<line>Vf</line></par>
</text>
</block>
<block><region><rect/></region>
<text>
<par>
<line>%</line></par>
</text>
</block>
<block><region><rect/></region>
<text>
<par>
<line>V</line></par>
</text>
</block>
<block><region><rect/></region>
<text>
<par>
<line>1 T</line></par>
</text>
</block>
<block><region><rect/></region>
<text>
<par/>
</text>
</block>
<block><region><rect/></region>
<text>
<par/>
</text>
</block>
<block><region><rect/></region>
<text>
<par>
<line>- Les constructions doivent s’intégrer au site et au paysage (notamment par rapport à leur</line>
<line>volume et leur hauteur).</line></par>
</text>
</block>
<block><region><rect/></region>
<text>
<par>
<line>Orientations d’Aménagement et de Programmation.</line></par>
</text>
</block>
<block><region><rect/></region>
<text>
<par>
<line>9</line></par>
</text>
</block>
<block><region><rect/></region>
<text>
<par>
<line>Plan Local d'UrbanIsme de Le G r atte r i s</line></par>
</text>
</block>














































<block blockType="Picture" blockName="" l="999" t="1431" r="2155" b="1522"><region><rect/></region>
</block>
<block blockType="Picture" blockName="" l="348" t="335" r="982" b="1550"><region><rect/></region>
</block>
</page>
<page width="2481" height="3508" resolution="300">
<block><region><rect/></region>
<text>
<par>
<line>Intégration du traitement des eaux de pluie</line>
<line>dans un ensemble paysager</line></par>
</text>
</block>
<block><region><rect/></region>
<text>
<par>
<line>Fossé plat de traitement des eaux de pluie.</line></par>
</text>
</block>
<block><region><rect/></region>
<text>
<par>
<line>Allée piétonne et sa noue latérale</line></par>
</text>
</block>
<block><region><rect/></region>
<text>
<par>
<line>- L’infiltration des eaux pluviales est privilégiée. La collecte, la gestion et la régulation des eaux</line>
<line>pluviales sont préférentiellement réalisées à l’échelle de la zone et dans le cadre de</line>
<line>l’aménagement cohérent et d’ensemble (bassin de rétention ouvert et paysager, noue... à</line>
<line>privilégier).</line></par>
</text>
</block>
<block><region><rect/></region>
<text>
<par>
<line>L'objectif est de diminuer les eaux de ruisselle¬</line>
<line>ment et d'en assurer au mieux l'infiltration dans</line>
<line>le milieu naturel.</line></par>
<par>
<line>Différents moyens permettent d'y parvenir :</line></par>
<par>
<line>- réduire les surfaces imperméables en favori¬</line>
<line>sant les voiries de largeur réduite, les abords</line>
<line>en herbe plutôt qu'en enrobé, l’usage de revê¬</line>
<line>tements perméables (stabilisé par exemple),</line></par>
<par>
<line>- remplacer les canalisations d'eau pluviale</line>
<line>habituelles par des caniveaux ou des noues qui</line>
<line>reçoivent les eaux de ruissellement des rues et</line>
<line>des toits.</line></par>
<par>
<line>- mettre en oeuvre des bassins de rétention</line>
<line>écologique (plantes filtrantes). Ils agrémentent</line>
<line>les espaces publics et évitent de surcharger</line>
<line>la station d épuration qui traitera toujours les</line>
<line>effluents de la commune de manière optimale.</line></par>
<par>
<line>Source : CA UE 25.</line></par>
<par>
<line>Textes et illustrations sans valeur prescriptive.</line></par>
</text>
</block>
<block><region><rect/></region>
<text>
<par/>
</text>
</block>
<block><region><rect/></region>
<text>
<par>
<line>Une oouo colleciricd des eaux pluviales.</line></par>
</text>
</block>
<block><region><rect/></region>
<text>
<par>
<line>9,</line></par>
</text>
</block>
<block><region><rect/></region>
<text>
<par>
<line>Un bassin lillrani oollocle les eaux pluviales ol parllcipo à la</line>
<line>qualité paysagère.</line></par>
</text>
</block>
<block><region><rect/></region>
<text>
<par>
<line>- Les matériaux ou les dispositifs permettant des économies d’énergie, une démarche de haute</line>
<line>qualité environnementale ou intégrant des principes de développement durable ou des</line>
<line>dispositifs de captation ou de production d’énergie renouvelable sont recommandés.</line></par>
</text>
</block>
<block><region><rect/></region>
<text>
<par>
<line>Orientations d’Aménagement et de Programmation.</line></par>
</text>
</block>
<block><region><rect/></region>
<text>
<par>
<line>10</line></par>
</text>
</block>











<block blockType="Picture" blockName="" l="235" t="1512" r="1346" b="2701"><region><rect/></region>
</block>
<block blockType="Picture" blockName="" l="1485" t="395" r="2367" b="989"><region><rect/></region>
</block>
<block blockType="Picture" blockName="" l="1369" t="1536" r="2271" b="2040"><region><rect/></region>
</block>
<block blockType="Picture" blockName="" l="1060" t="409" r="1428" b="1071"><region><rect/></region>
</block>
</page>
<page width="2481" height="3508" resolution="300">
<block><region><rect/></region>
<text>
<par>
<line>- L’aménagement s’inscrit dans une recherche d’efficacité et de sobriété énergétiques.</line>
<line>L’implantation des constructions doit préférentiellement se faire par rapport aux vents et au</line>
<line>soleil : elle cherchera notamment favoriser l’ensoleillement des constructions nouvelles et</line>
<line>préserver l’ensoleillement des constructions existantes (voir exemples d’implantation sur les</line>
<line>schémas ci-dessous - textes et illustrations sans valeur prescriptive).</line></par>
<par>
<line>Une compacité des volumes est à rechercher ainsi qu’une mobilisation des énergies</line>
<line>renouvelables et la mise en oeuvre de principes d’isolation.</line></par>
</text>
</block>
<block><region><rect/></region>
<text>
<par/>
</text>
</block>
<block><region><rect/></region>
<text>
<par/>
</text>
</block>
<block><region><rect/></region>
<text>
<par/>
</text>
</block>
<block><region><rect/><rect/></region>
<text>
<par>
<line>Une faqade principale au sud,</line>
<line>dégagée en hiser des cm bres de bâtim ents voisins</line>
<line>ou d'arbres persistants, permet de profiter au m ieux</line></par>
<par>
<line>du rayonnement solaire</line></par>
</text>
</block>
<block><region><rect/></region>
<text>
<par>
<line>1,60 X h</line></par>
</text>
</block>
<block><region><rect/></region>
<text>
<par>
<line>oOi</line></par>
</text>
</block>
<block><region><rect/></region>
<text>
<par>
<line>2,30 X h</line></par>
</text>
</block>
<block><region><rect/></region>
<text>
<par>
<line>2,77 X t1</line></par>
</text>
</block>
<block><region><rect/></region>
<text>
<par/>
</text>
</block>
<block><region><rect/><rect/><rect/></region>
<text>
<par>
<line>0: 10 mois</line>
<line>0:11 mois</line>
<line>0:12 mois</line></par>
<par>
<line>Distances entre bâtiments à respecter suivant</line>
<line>le nombre de mois d'ensoleillement souhaité.</line></par>
</text>
</block>
<block><region><rect/></region>
<text>
<par/>
</text>
</block>
<block><region><rect/><rect/></region>
<text>
<par>
<line>■F'</line></par>
<par>
<line>¥</line></par>
</text>
</block>
<block><region><rect/></region>
<text>
<par>
<line>Rue nord/sud</line></par>
</text>
</block>
<block><region><rect/></region>
<text>
<par>
<line># . - T</line></par>
<par>
<line>Rue «iKHMest/nord-est</line></par>
</text>
</block>
<block><region><rect/></region>
<text>
<par>
<line>üh</line></par>
</text>
</block>
<block blockType="Table" blockName="" l="2094" t="759" r="2371" b="1009"><region><rect/></region>
<row>
<cell leftBorder="White" topBorder="White" rightBorder="White" width="135" height="127">
<text>
<par>
<line>¥</line></par>
</text></cell>
<cell leftBorder="White" topBorder="White" rightBorder="White" bottomBorder="White" width="142" height="127">
<text>
<par>
<line>¥</line></par>
</text></cell></row>
<row>
<cell leftBorder="White" rightBorder="White" bottomBorder="White" width="135" height="123">
<text>
<par>
<line>¥-</line></par>
</text></cell>
<cell leftBorder="White" topBorder="White" rightBorder="White" bottomBorder="White" width="142" height="123">
<text>
<par>
<line>¥</line></par>
</text></cell></row>
</block>
<block><region><rect/></region>
<text>
<par>
<line>Rue est/ouest</line></par>
</text>
</block>
<block><region><rect/></region>
<text>
<par>
<line>Üh</line></par>
</text>
</block>
<block><region><rect/></region>
<text>
<par>
<line>T</line></par>
</text>
</block>
<block><region><rect/><rect/></region>
<text>
<par>
<line>A</line></par>
<par>
<line>A</line></par>
<par>
<line>Rue sud-eet/n&lt;»rd-oueet</line></par>
</text>
</block>
<block><region><rect/></region>
<text>
<par>
<line>Disposition des parcelles suivant le maillage des rues.</line></par>
</text>
</block>
<block><region><rect/></region>
<text>
<par>
<line>Orientations d’Aménagement et de Programmation.</line></par>
</text>
</block>
<block><region><rect/></region>
<text>
<par>
<line>11</line></par>
</text>
</block>
<block><region><rect/></region>
<text>
<par>
<line>Plan Local d'UrbanIsme de Le G r atte r i s</line></par>
</text>
</block>


















<block blockType="Picture" blockName="" l="1547" t="754" r="1792" b="1012"><region><rect/></region>
</block>
<block blockType="Picture" blockName="" l="995" t="1021" r="1084" b="1078"><region><rect/></region>
</block>
</page>
</OAP>