<?xml version="1.0" encoding="UTF-8"?><OAP>
<page width="1653" height="2338" resolution="200">
<block><region><rect/></region>
<text>
<par>
<line>Commune de</line>
<line>ROCHEJEAN</line></par>
</text>
</block>
<block><region><rect/></region>
<text>
<par>
<line>Plan Local d'Urbanisme</line></par>
</text>
</block>
<block><region><rect/></region>
<text>
<par>
<line>Historique du PLU :</line></par>
<par>
<line>- Révision générale du POS valant Révision du POS</line></par>
<par>
<line>élaboration du PLU iancée par</line>
<line>délibération du Conseil Municipal en</line>
<line>date du 12/11/2013</line></par>
<par>
<line>- Révision générale du POS valant</line>
<line>élaboration du PLU approuvée par</line>
<line>délibération du Conseil Municipal en</line>
<line>date du 14/06/2018</line></par>
<par>
<line>O AP</line></par>
</text>
</block>
<block><region><rect/></region>
<text>
<par>
<line>Le Maire,</line></par>
<par>
<line>■ïone! CHEVASg»</line></par>
</text>
</block>
<block><region><rect/></region>
<text>
<par>
<line>DATE ' \ ^ JUIN 201S</line></par>
</text>
</block>
<block><region><rect/></region>
<text>
<par>
<line>Pièce 5</line></par>
</text>
</block>
<block><region><rect/></region>
<text>
<par>
<line>SOUS^ÉFECTURE</line></par>
<par>
<line>I 9 JUIN 2018</line></par>
</text>
</block>
<block><region><rect/></region>
<text>
<par>
<line>RO</line></par>
</text>
</block>
<block><region><rect/></region>
<text>
<par>
<line>Çt</line></par>
</text>
</block>
<block><region><rect/></region>
<text>
<par>
<line>y^s</line></par>
</text>
</block>
<block><region><rect/></region>
<text>
<par/>
</text>
</block>
<block><region><rect/></region>
<text>
<par>
<line>-F- 1</line></par>
</text>
</block>
<block><region><rect/></region>
<text>
<par>
<line>oubApossier d'approbation</line></par>
</text>
</block>
<block><region><rect/></region>
<text>
<par/>
</text>
</block>
<block><region><rect/></region>
<text>
<par/>
</text>
</block>
<block><region><rect/></region>
<text>
<par/>
</text>
</block>
<block><region><rect/><rect/></region>
<text>
<par/>
</text>
</block>
<block><region><rect/></region>
<text>
<par/>
</text>
</block>
<block><region><rect/></region>
<text>
<par/>
</text>
</block>
<block><region><rect/></region>
<text>
<par/>
</text>
</block>
<block><region><rect/></region>
<text>
<par>
<line>’tîês.</line></par>
</text>
</block>
<block><region><rect/></region>
<text>
<par/>
</text>
</block>
<block><region><rect/></region>
<text>
<par>
<line>Vbafu</line></par>
<par>
<line>la vie, l’avenii</line></par>
</text>
</block>
<block><region><rect/></region>
<text>
<par>
<line>O R G A T</line></par>
</text>
</block>
<block><region><rect/><rect/></region>
<text>
<par>
<line>Eu'e.jj a'-'-fr.énooeniÊr,t "ii.ciei et d'Urtnr''E'T'e</line></par>
<par>
<line>'ORordCc^lOelshéko'i i'tWCDUW U 60/J 4u !£ ^a&lt; 01K 73 37 72 Coumel * ’ ~ y</line></par>
</text>
</block>
<block><region><rect/></region>
<text>
<par>
<line>Votre acteur territorial</line></par>
</text>
</block>















<block blockType="Picture" blockName="" l="92" t="448" r="1475" b="625"><region><rect/></region>
</block>
<block blockType="Picture" blockName="" l="87" t="441" r="1480" b="633"><region><rect/></region>
</block>
<block blockType="Picture" blockName="" l="266" t="1891" r="1629" b="1988"><region><rect/></region>
</block>
</page>
<page width="2479" height="3508" resolution="300">
<block><region><rect/></region>
<text>
<par>
<line>Commune de ROCHEJEAN</line></par>
</text>
</block>
<block><region><rect/></region>
<text>
<par>
<line>LOCAL^^™</line></par>
<par>
<line>D'URBANISME</line></par>
</text>
</block>
<block><region><rect/></region>
<text>
<par>
<line>Rochejean</line></par>
</text>
</block>
<block><region><rect/></region>
<text>
<par>
<line>I</line></par>
</text>
</block>
<block><region><rect/></region>
<text>
<par/>
</text>
</block>
<block><region><rect/></region>
<text>
<par>
<line>ORIENTATIONS D'AMENAGEMENT ET DE PROGRAMMATION</line></par>
</text>
</block>
<block><region><rect/><rect/></region>
<text>
<par>
<line>)ORGAT</line></par>
<par>
<line>Droit, Dévcloppemciit et ORGAnisation desTerritoires</line></par>
</text>
</block>
<block><region><rect/></region>
<text>
<par>
<line>lo, rond point de la Nation -■ zi ooo DIJON -• 1 el. : 03 80 73 05 90</line>
<line>Courriel : dorgat@dorgat.fr</line></par>
</text>
<text>
<par>
<line>Orientations d’Aménagement et de Programmation</line></par>
</text>
</block>
<block><region><rect/></region>
<text>
<par>
<line>Révision générale</line></par>
<par>
<line>Prescrite par délibération du</line>
<line>12 novembre 2013</line></par>
<par>
<line>Document approuvé le</line>
<line>14/06/2018</line></par>
</text>
</block>





<block blockType="Picture" blockName="" l="4" t="2514" r="2475" b="2674"><region><rect/></region>
</block>
<block blockType="Picture" blockName="" l="1581" t="2712" r="2475" b="3504"><region><rect/></region>
</block>
<block blockType="Picture" blockName="" l="296" t="703" r="1541" b="952"><region><rect/></region>
</block>
</page>
<page width="2479" height="3508" resolution="300">
<block><region><rect/></region>
<text>
<par>
<line>Commune de ROCHEJEAN</line></par>
</text>
</block>
<block><region><rect/></region>
<text>
<par>
<line>Approbation 14/06/2018</line></par>
</text>
</block>
<block><region><rect/></region>
<text>
<par>
<line>INTRODUCTION</line></par>
</text>
</block>
<block><region><rect/></region>
<text>
<par>
<line>La loi urbanisme et habitat de 2003 a modifié la structure du Projet d’Aménagement et de</line>
<line>Développement Durable définie par la loi SRU de 2000, en distinguant les orientations générales</line>
<line>d'aménagement et d'urbanisme retenues pour l'ensemble de la commune, des orientations</line>
<line>d'aménagement particulières à certains secteurs.</line></par>
<par>
<line>La loi n°2010-874 du 27 juillet 2010 dite loi Grenelle II, a renforcé les orientations d’aménagement en</line>
<line>les transformant en « OAP » : orientations d’aménagement et de programmation et les a rendues</line>
<line>obligatoires.</line></par>
<par>
<line>Ainsi, selon l'article L. 151-6 du code de l'urbanisme :</line></par>
<par>
<line>« Les orientations d'aménagement et de programmation comprennent, en cohérence avec le projet</line>
<line>d'aménagement et de développement durables, des dispositions portant sur l'aménagement, l'habitat, les</line>
<line>transports et les déplacements.</line></par>
<par>
<line>En l'absence de schéma de cohérence territoriale, les orientations d'aménagement et de programmation d'un</line>
<line>plan local d'urbanisme élaboré par un établissement public de coopération intercommunale comprennent les</line>
<line>dispositions relatives à l'équipement commercial et artisanal mentionnées aux articles L. 141-16 et L. 141¬</line>
<line>17. »</line></par>
</text>
</block>
<block><region><rect/></region>
<text>
<par>
<line>Ainsi, selon l'article L. 151-7 du code de l'urbanisme :</line></par>
<par>
<line>« Les orientations d'aménagement et de programmation peuvent notamment :</line></par>
<par>
<line>1° Définir les actions et opérations nécessaires pour mettre en valeur l'environnement, notamment les</line>
<line>continuités écologiques, les paysages, les entrées de villes et le patrimoine, lutter contre l'insalubrité,</line>
<line>permettre le renouvellement urbain et assurer le développement de la commune ;</line></par>
<par>
<line>2° Favoriser la mixité fonctionnelle en prévoyant qu'en cas de réalisation d'opérations d'aménagement,</line>
<line>de construction ou de réhabilitation un pourcentage de ces opérations est destiné à la réalisation de</line>
<line>commerces ;</line></par>
<par>
<line>3° Comporter un échéancier prévisionnel de l'ouverture à l'urbanisation des zones à urbaniser et de la</line>
<line>réalisation des équipements correspondants ;</line></par>
<par>
<line>4° Porter sur des quartiers ou des secteurs à mettre en valeur, réhabiliter, restructurer ou aménager ;</line></par>
<par>
<line>5° Prendre la forme de schémas d'aménagement et préciser les principales caractéristiques des voies et</line>
<line>espaces publics ;</line></par>
<par>
<line>6° Adapter la délimitation des périmètres, en fonction de la qualité de la desserte, où s'applique le</line>
<line>plafonnement à proximité des transports prévu aux articles L. 151 -35 et L. 151 -36. »</line></par>
<par>
<line>Les orientations d'aménagement particulières à certains secteurs font l'objet du présent document pour</line>
<line>lequel sera appliquée une notion de compatibilité. Les travaux ou opérations doivent être compatibles</line>
<line>avec les orientations d'aménagement et de programmation (art. L. 152-1).</line></par>
<par>
<line>Le projet communal prévoyant une extension de l’urbanisation, le présent document comprend,</line>
<line>conformément à l’article R.151-20, les conditions d'aménagement et d'équipement des zones à</line>
<line>urbaniser.</line></par>
</text>
</block>
<block><region><rect/></region>
<text>
<par>
<line>Orientations d’Aménagement et de Programmation</line></par>
</text>
</block>
<block><region><rect/></region>
<text>
<par>
<line>Page 2 sur 14</line></par>
</text>
</block>


<block blockType="Picture" blockName="" l="300" t="319" r="2313" b="465"><region><rect/></region>
</block>
</page>
<page width="2479" height="3508" resolution="300">
<block><region><rect/></region>
<text>
<par>
<line>Commune de ROCHEJEAN</line></par>
</text>
</block>
<block><region><rect/></region>
<text>
<par>
<line>Approbation 14/06/2018</line></par>
</text>
</block>
<block><region><rect/></region>
<text>
<par>
<line>DISPOSITIONS COMMUNES</line></par>
</text>
</block>
<block><region><rect/></region>
<text>
<par>
<line>La qualité de l'espace collectif</line></par>
</text>
</block>
<block><region><rect/></region>
<text>
<par>
<line>L'espace "collectif s'entend de l'emprise utilisée par les habitants et leurs visiteurs qui n'est pas</line>
<line>comprise dans les lots privatifs affectés à la construction. Cet espace correspond souvent aux emprises</line>
<line>destinées à être incorporées dans le domaine public.</line></par>
<par>
<line>La commune souhaite d’ailleurs que l’espace collectif soit effectivement intégré dans son domaine</line>
<line>public dès sa réalisation afin d’en assurer à terme l'entretien et que tous les habitants en disposent.</line>
<line>Pour ce faire, il convient que ces espaces collectifs soient réalisés dans les règles de l’art en fonction de</line>
<line>leur destination future en prenant soin de tenir compte d’une part de la qualité de l’investissement</line>
<line>initial mais également des obligations d’entretien qu’il engendrera. Le but est de limiter les travaux</line>
<line>d’entretien ultérieurs dans des normes raisonnables et à l’échelle du budget communal.</line></par>
<par>
<line>En cohérence avec les dispositions du règlement intercommunal de la Communauté de Communes</line>
<line>des Lacs et Montagnes du Haut Doubs, les voies de circulation (ainsi que les aires de retournement)</line>
<line>devront respecter les caractéristiques techniques pour pouvoir recevoir un trafic urbain comprenant</line>
<line>véhicules légers, cycles, piétons et véhicules d’enlèvement des ordures ménagères. Le traitement des</line>
<line>entrées des secteurs de développement sur les voies de desserte existantes devra être qualitatif et</line>
<line>garantir la sécurité des usagers de la voie.</line></par>
<par>
<line>La trame de circulation automobile devra être adaptée au trafic sans exagérer la largeur des voies de</line>
<line>façon à réduire naturellement la vitesse de circulation. La commune est attachée à ce que les matériaux</line>
<line>et composants de l'aménagement soient de bonne tenue dans le temps et nécessitent le minimum</line>
<line>d'entretien. Les voies seront ponctuées par des espaces de stationnement en nombre suffisant et</line>
<line>répartis d'une façon équilibrée. C’est dans l’espace collectif, et donc hors emprise des lots, que doivent</line>
<line>être prévues des places de stationnement pour les visiteurs tant pour les voies publiques que privées.</line></par>
<par>
<line>Les projets devront tenir compte des piétons et comporter des trottoirs et/ou des cheminements dans</line>
<line>des conditions de sécurité et de confort.</line></par>
<par>
<line>Les caractéristiques techniques de la voirie devront également permettre d’assurer une identification</line>
<line>aisée des espaces privatifs par rapport aux espaces collectifs.</line></par>
<par>
<line>Des accès figurent dans les croquis ci-après, ils doivent être respectés dans leur principe. Lorsqu’ils se</line>
<line>situent dans la continuité de voies existantes leur emplacement doit être respecté. Dans les autres cas,</line>
<line>leur emplacement doit être adapté au projet tout en gardant l'esprit du schéma de circulation.</line></par>
</text>
</block>
<block><region><rect/></region>
<text>
<par>
<line>Orientations d’Aménagement et de Programmation</line></par>
</text>
</block>
<block><region><rect/></region>
<text>
<par>
<line>Page 3 sur 14</line></par>
</text>
</block>


</page>
<page width="2479" height="3508" resolution="300">
<block><region><rect/></region>
<text>
<par>
<line>Commune de ROCHEJEAN</line></par>
</text>
</block>
<block><region><rect/></region>
<text>
<par>
<line>Approbation 14/06/2018</line></par>
</text>
</block>
<block><region><rect/></region>
<text>
<par>
<line>La sécurité</line></par>
</text>
</block>
<block><region><rect/></region>
<text>
<par>
<line>Afin de veiller à une meilleure sécurité dans l'espace collectif, il est préconisé :</line></par>
<par>
<line>• de ne pas créer des voies dans une forme incitant à la vitesse des véhicules, telle qu'une</line>
<line>chaussée surdimensionnée ou une voie droite de grande longueur ;</line></par>
<par>
<line>• de créer des trottoirs ou des espaces affectés aux piétons garantissant le maximum de sécurité ;</line></par>
<par>
<line>• de prévoir des emplacements pour le stockage de la neige issue des espaces publics en période</line>
<line>hivernale.</line></par>
</text>
</block>
<block><region><rect/></region>
<text>
<par>
<line>L'intégration des possibilités d'un développement futur harmonieux</line></par>
</text>
</block>
<block><region><rect/></region>
<text>
<par>
<line>Les espaces d'extension future de l'urbanisation doivent pouvoir être greffés simplement à la structure</line>
<line>urbaine existante. Pour faciliter ces extensions, il est impératif d'en tenir compte dans la conception</line>
<line>technique et urbanistique de chaque opération d'urbanisme, quelles que soient leur forme juridique et</line>
<line>leur importance.</line></par>
</text>
</block>
<block><region><rect/></region>
<text>
<par>
<line>Orientations d’Aménagement et de Programmation</line></par>
</text>
</block>
<block><region><rect/></region>
<text>
<par>
<line>Page 4 sur 14</line></par>
</text>
</block>
</page>
<page width="2479" height="3508" resolution="300">
<block><region><rect/></region>
<text>
<par>
<line>Commune de ROCHEJEAN</line></par>
</text>
</block>
<block><region><rect/></region>
<text>
<par>
<line>Approbation 14/06/2018</line></par>
</text>
</block>
<block><region><rect/></region>
<text>
<par>
<line>DISPOSITIONS PROPRES</line></par>
</text>
</block>
<block><region><rect/></region>
<text>
<par>
<line>Les objectifs d’accessibilité, de desserte et de programmation sont libellés ci-après et une traduction</line>
<line>possible est présentée dans une hypothèse graphique, qui a seulement portée d’exemple et non portée</line>
<line>juridique. D’autres traductions sont possibles si elles atteignent les objectifs annoncés.</line></par>
<par>
<line>Mais dans tous les cas, il est interdit d’enclaver ou de compromettre la constructibilité future de</line>
<line>parties de zones à urbaniser. Cette interdiction sera écartée en cas de parcelle ou partie de parcelle</line>
<line>comprise en zones N, A ou urbaines, destinée à être rattachées à une propriété bâtie riveraine, ou à une</line>
<line>autre opération.</line></par>
</text>
</block>
<block><region><rect/></region>
<text>
<par>
<line>La zone AU dite « LES BESSES »</line></par>
</text>
</block>
<block><region><rect/></region>
<text>
<par>
<line>Vocation de la zone et programmation</line></par>
<par>
<line>La zone AU est une zone à urbaniser d’environ 0.98 ha située au nord du bourg, accessible depuis</line>
<line>le chemin des Besses.</line></par>
<par>
<line>La vocation principale de la zone AU est l’habitat, même si une mixité fonctionnelle n’est pas</line>
<line>interdite par le règlement. A raison d’une densité brute de l’ordre de 14 logements par hectares</line>
<line>elle devra accueillir environ 14 logements d’habitat sous toutes ses formes. La densité brute</line>
<line>s’entend comme incluant les espaces réservés aux voiries, réseaux et autres espaces publics</line>
<line>compris.</line></par>
<par>
<line>Les constructions ne seront autorisées que dans le cadre d’une opération d’aménagement</line>
<line>d’ensemble portant sur la totalité de l’emprise et garantissant la cohérence urbanistique ainsi que</line>
<line>la faisabilité technique et financière de l’aménagement de la zone.</line></par>
</text>
</block>
<block><region><rect/></region>
<text>
<par>
<line>Accessibilité et desserte de la zone AU</line></par>
<par>
<line>La zone sera desservie par une voie interne à créer depuis le Chemin des Besses. Aucun accès</line>
<line>charretier ne sera autorisé sur le Chemin des Besses et les constructions devront se desservir sur la</line>
<line>nouvelle voie à créer.</line></par>
<par>
<line>Une aire de retournement sera à prévoir sur la voie de desserte principale afin de permettre le</line>
<line>demi-tour aisé des véhicules.</line></par>
<par>
<line>Un cheminement piétonnier, qui pourra être spécifique ou consister en un simple aménagement</line>
<line>le long de la voie, devra être prévu afin de permettre le déplacement interne aisé et sécurisé des</line>
<line>piétons au sein de la zone. Il devra également assurer l’insertion sécurisée des piétions sur le</line></par>
</text>
</block>
<block><region><rect/></region>
<text>
<par>
<line>Orientations d’Aménagement et de Programmation</line></par>
</text>
</block>
<block><region><rect/></region>
<text>
<par>
<line>Page 1 sur 14</line></par>
</text>
</block>


</page>
<page width="2479" height="3508" resolution="300">
<block><region><rect/></region>
<text>
<par>
<line>Commune de ROCHEJEAN Approbation 14/06/2018</line></par>
</text>
<text>
<par>
<line>Chemin des Besses. Un accès piéton est également prévu au Sud-Ouest de la zone afin de</line>
<line>permettre un raccordement au cheminement piéton existant.</line></par>
<par>
<line>Un accès agricole (de 4m de large minimum) devra être aménagé sur la façade Sud-Ouest de la</line>
<line>zone et le passage éventuel des engins agricoles devra être pris en compte lors de la définition du</line>
<line>parti d’aménagement. Cet accès pourra consister en un chemin spécifique ou être couplé avec le</line>
<line>cheminement piéton à prévoir, dans ce cas il devra garantir la sécurité des piétons.</line></par>
</text>
</block>
<block><region><rect/></region>
<text>
<par>
<line>Gestion des eaux pluviales</line></par>
<par>
<line>Les eaux pluviales privatives devront être majoritairement infiltrées à la parcelle sauf exception,</line>
<line>par des systèmes de collecte et de rétention des eaux de toiture (cuves enterrées ou non), et/ou des</line>
<line>toitures retenant les eaux pluviales (végétalisées par exemple), et/ou infiltration par des drains et</line>
<line>puits perdus, et/ou limitation des surfaces imperméabilisées par l'utilisation de matériaux de</line>
<line>recouvrement de sol partiellement poreux, etc.</line></par>
<par>
<line>La problématique de gestion des eaux pluviales issues des espaces publics de l’opération (voirie,</line>
<line>espaces imperméabilisés) doit être appréhendée et traitée lors de l’aménagement de la zone via des</line>
<line>dispositifs de rétention, infiltration adaptés (bassin de rétention ou noue par exemple). Dans</line>
<line>l’ensemble, l’altimétrie de la future voirie, ainsi que celle des futures constructions devra être</line>
<line>adaptée à la problématique des eaux pluviales.</line></par>
<par>
<line>Une zone tampon de rétention et/ou infiltration sera à prévoir le long de la façade Nord de la zone</line>
<line>pour prévenir tout risque d’inondation éventuel lié à la percolation des eaux pluviales.</line></par>
</text>
</block>
<block><region><rect/></region>
<text>
<par>
<line>Principes d'aménagement du site</line></par>
<par>
<line>Les futures constructions devront être intégrées harmonieusement dans le paysage via un</line>
<line>traitement qualitatif des façades ouvertes sur les terres agricoles attenantes (aspect architectural</line>
<line>des constructions, aménagement d’espaces végétalisés). Afin de faciliter l’implantation des</line>
<line>constructions dans les paysages proches et lointains, une implantation du faîtage parallèle à la</line>
<line>ligne de crête devra être privilégiée.</line></par>
</text>
</block>
<block><region><rect/></region>
<text>
<par>
<line>Orientations d’Aménagement et de Programmation</line></par>
</text>
</block>
<block><region><rect/></region>
<text>
<par>
<line>Page 2 sur 14</line></par>
</text>
</block>
</page>
<page width="2479" height="3508" resolution="300">
<block><region><rect/></region>
<text>
<par>
<line>Commune de ROCHEJEAN</line></par>
</text>
</block>
<block><region><rect/></region>
<text>
<par>
<line>Approbation 14/06/2018</line></par>
</text>
</block>
<block><region><rect/></region>
<text>
<par>
<line>c</line></par>
</text>
</block>
<block><region><rect/></region>
<text>
<par>
<line>O</line></par>
</text>
</block>
<block><region><rect/></region>
<text>
<par>
<line>CD</line></par>
</text>
</block>
<block><region><rect/></region>
<text>
<par>
<line>E</line></par>
</text>
</block>
<block><region><rect/></region>
<text>
<par>
<line>E</line></par>
</text>
</block>
<block><region><rect/></region>
<text>
<par>
<line>CD</line></par>
</text>
</block>
<block><region><rect/></region>
<text>
<par>
<line>O)</line></par>
</text>
</block>
<block><region><rect/></region>
<text>
<par>
<line>O</line></par>
</text>
</block>
<block><region><rect/></region>
<text>
<par>
<line>Q.</line></par>
</text>
</block>
<block><region><rect/></region>
<text>
<par>
<line>CD</line></par>
</text>
</block>
<block><region><rect/></region>
<text>
<par>
<line>0</line></par>
</text>
</block>
<block><region><rect/></region>
<text>
<par/>
</text>
</block>
<block><region><rect/></region>
<text>
<par/>
</text>
</block>
<block><region><rect/></region>
<text>
<par>
<line>0</line></par>
</text>
</block>
<block><region><rect/></region>
<text>
<par>
<line>D)</line></par>
</text>
</block>
<block><region><rect/></region>
<text>
<par>
<line>CO —</line></par>
</text>
</block>
<block><region><rect/></region>
<text>
<par/>
</text>
</block>
<block><region><rect/></region>
<text>
<par>
<line>0</line></par>
</text>
</block>
<block><region><rect/></region>
<text>
<par>
<line>i</line></par>
</text>
</block>
<block><region><rect/></region>
<text>
<par>
<line>♦</line></par>
</text>
</block>
<block><region><rect/></region>
<text>
<par>
<line>Q.</line></par>
</text>
</block>
<block><region><rect/></region>
<text>
<par>
<line>3</line></par>
</text>
</block>
<block><region><rect/></region>
<text>
<par/>
</text>
</block>
<block><region><rect/></region>
<text>
<par>
<line>C</line></par>
</text>
</block>
<block><region><rect/></region>
<text>
<par>
<line>O</line></par>
</text>
</block>
<block><region><rect/></region>
<text>
<par>
<line>O</line></par>
</text>
</block>
<block><region><rect/></region>
<text>
<par/>
</text>
</block>
<block><region><rect/></region>
<text>
<par>
<line>0</line></par>
</text>
</block>
<block><region><rect/></region>
<text>
<par>
<line>-7</line></par>
</text>
</block>
<block><region><rect/></region>
<text>
<par>
<line>E</line></par>
</text>
</block>
<block><region><rect/></region>
<text>
<par>
<line>K</line></par>
</text>
</block>
<block><region><rect/></region>
<text>
<par/>
</text>
</block>
<block><region><rect/></region>
<text>
<par/>
</text>
</block>
<block><region><rect/></region>
<text>
<par>
<line>E</line></par>
</text>
</block>
<block><region><rect/></region>
<text>
<par>
<line>«</line></par>
</text>
</block>
<block><region><rect/></region>
<text>
<par>
<line>%</line></par>
</text>
</block>
<block><region><rect/></region>
<text>
<par/>
</text>
</block>
<block><region><rect/></region>
<text>
<par>
<line>ro</line></par>
</text>
</block>
<block><region><rect/></region>
<text>
<par/>
</text>
</block>
<block><region><rect/></region>
<text>
<par/>
</text>
</block>
<block><region><rect/></region>
<text>
<par/>
</text>
</block>
<block><region><rect/></region>
<text>
<par>
<line>O)</line></par>
</text>
</block>
<block><region><rect/></region>
<text>
<par>
<line>K</line></par>
</text>
</block>
<block><region><rect/></region>
<text>
<par>
<line>%</line></par>
</text>
</block>
<block><region><rect/></region>
<text>
<par>
<line>O</line></par>
</text>
</block>
<block><region><rect/></region>
<text>
<par/>
</text>
</block>
<block><region><rect/></region>
<text>
<par>
<line>%</line></par>
</text>
</block>
<block><region><rect/></region>
<text>
<par>
<line>00</line></par>
</text>
</block>
<block><region><rect/></region>
<text>
<par>
<line>CO</line></par>
</text>
</block>
<block><region><rect/></region>
<text>
<par>
<line>%</line></par>
</text>
</block>
<block><region><rect/></region>
<text>
<par/>
</text>
</block>
<block><region><rect/></region>
<text>
<par>
<line>Q.</line></par>
</text>
</block>
<block><region><rect/></region>
<text>
<par>
<line>O</line></par>
</text>
</block>
<block><region><rect/></region>
<text>
<par>
<line>LU</line></par>
</text>
</block>
<block><region><rect/></region>
<text>
<par/>
</text>
</block>
<block><region><rect/></region>
<text>
<par/>
</text>
</block>
<block><region><rect/></region>
<text>
<par>
<line>CN</line></par>
</text>
</block>
<block><region><rect/></region>
<text>
<par/>
</text>
</block>
<block><region><rect/></region>
<text>
<par>
<line>0</line></par>
</text>
</block>
<block><region><rect/></region>
<text>
<par>
<line>CO</line></par>
</text>
</block>
<block><region><rect/></region>
<text>
<par>
<line>(O</line></par>
</text>
</block>
<block><region><rect/></region>
<text>
<par/>
</text>
</block>
<block><region><rect/></region>
<text>
<par/>
</text>
</block>
<block><region><rect/></region>
<text>
<par>
<line>O</line></par>
</text>
</block>
<block><region><rect/></region>
<text>
<par>
<line>U</line></par>
</text>
</block>
<block><region><rect/></region>
<text>
<par>
<line>CO</line></par>
</text>
</block>
<block><region><rect/></region>
<text>
<par/>
</text>
</block>
<block><region><rect/></region>
<text>
<par>
<line>K</line></par>
</text>
</block>
<block><region><rect/></region>
<text>
<par/>
</text>
</block>
<block><region><rect/></region>
<text>
<par>
<line>%</line></par>
</text>
</block>
<block><region><rect/></region>
<text>
<par>
<line>LU</line></par>
</text>
</block>
<block><region><rect/></region>
<text>
<par/>
</text>
</block>
<block><region><rect/></region>
<text>
<par>
<line>0</line></par>
</text>
</block>
<block><region><rect/></region>
<text>
<par/>
</text>
</block>
<block><region><rect/></region>
<text>
<par>
<line>O</line></par>
</text>
</block>
<block><region><rect/></region>
<text>
<par>
<line>K</line></par>
</text>
</block>
<block><region><rect/></region>
<text>
<par>
<line>CD</line></par>
</text>
</block>
<block><region><rect/></region>
<text>
<par>
<line>O</line></par>
</text>
</block>
<block><region><rect/></region>
<text>
<par/>
</text>
</block>
<block><region><rect/></region>
<text>
<par>
<line>%</line></par>
</text>
</block>
<block><region><rect/></region>
<text>
<par/>
</text>
</block>
<block><region><rect/></region>
<text>
<par>
<line>c</line></par>
</text>
</block>
<block><region><rect/></region>
<text>
<par>
<line>CO</line></par>
</text>
</block>
<block><region><rect/></region>
<text>
<par>
<line>%</line></par>
</text>
</block>
<block><region><rect/></region>
<text>
<par/>
</text>
</block>
<block><region><rect/></region>
<text>
<par>
<line>%</line></par>
</text>
</block>
<block><region><rect/></region>
<text>
<par>
<line>0</line></par>
</text>
</block>
<block><region><rect/></region>
<text>
<par>
<line>%</line></par>
</text>
</block>
<block><region><rect/></region>
<text>
<par>
<line>LU</line></par>
</text>
</block>
<block><region><rect/></region>
<text>
<par/>
</text>
</block>
<block><region><rect/></region>
<text>
<par>
<line>E</line></par>
</text>
</block>
<block><region><rect/></region>
<text>
<par>
<line>a.</line></par>
</text>
</block>
<block><region><rect/></region>
<text>
<par>
<line>%</line></par>
</text>
</block>
<block><region><rect/></region>
<text>
<par>
<line>Q.</line></par>
</text>
</block>
<block><region><rect/></region>
<text>
<par>
<line>0</line></par>
</text>
</block>
<block><region><rect/></region>
<text>
<par>
<line>D)</line></par>
</text>
</block>
<block><region><rect/></region>
<text>
<par>
<line>T3</line></par>
</text>
</block>
<block><region><rect/></region>
<text>
<par>
<line>c&gt;</line></par>
</text>
</block>
<block><region><rect/></region>
<text>
<par>
<line>13</line></par>
</text>
</block>
<block><region><rect/></region>
<text>
<par>
<line>0</line></par>
</text>
</block>
<block><region><rect/></region>
<text>
<par>
<line>0</line></par>
</text>
</block>
<block><region><rect/></region>
<text>
<par>
<line>C</line></par>
</text>
</block>
<block><region><rect/></region>
<text>
<par>
<line>0</line></par>
</text>
</block>
<block><region><rect/></region>
<text>
<par>
<line>O</line></par>
</text>
</block>
<block><region><rect/></region>
<text>
<par>
<line>E</line></par>
</text>
</block>
<block><region><rect/></region>
<text>
<par>
<line>0</line></par>
</text>
</block>
<block><region><rect/></region>
<text>
<par>
<line>Q</line></par>
</text>
</block>
<block><region><rect/></region>
<text>
<par>
<line>0</line></par>
</text>
</block>
<block><region><rect/></region>
<text>
<par>
<line>ro</line></par>
</text>
</block>
<block><region><rect/></region>
<text>
<par/>
</text>
</block>
<block><region><rect/></region>
<text>
<par>
<line>T3</line></par>
</text>
</block>
<block><region><rect/></region>
<text>
<par>
<line>✓</line></par>
</text>
</block>
<block><region><rect/></region>
<text>
<par>
<line>O</line></par>
</text>
</block>
<block><region><rect/></region>
<text>
<par>
<line>0</line></par>
</text>
</block>
<block><region><rect/></region>
<text>
<par>
<line>O</line></par>
</text>
</block>
<block><region><rect/></region>
<text>
<par>
<line>/</line></par>
</text>
</block>
<block><region><rect/></region>
<text>
<par>
<line>C</line></par>
</text>
</block>
<block><region><rect/></region>
<text>
<par>
<line>O</line></par>
</text>
</block>
<block><region><rect/></region>
<text>
<par>
<line>&lt;</line></par>
</text>
</block>
<block><region><rect/></region>
<text>
<par>
<line>O</line></par>
</text>
</block>
<block><region><rect/></region>
<text>
<par>
<line>/</line></par>
</text>
</block>
<block><region><rect/></region>
<text>
<par>
<line>ro</line></par>
</text>
</block>
<block><region><rect/></region>
<text>
<par>
<line>c</line></par>
</text>
</block>
<block><region><rect/></region>
<text>
<par>
<line>0</line></par>
</text>
</block>
<block><region><rect/></region>
<text>
<par>
<line>O</line></par>
</text>
</block>
<block><region><rect/></region>
<text>
<par>
<line>Orientations d’Aménagement et de Programmation</line></par>
</text>
</block>
<block><region><rect/></region>
<text>
<par>
<line>Page 3 sur 14</line></par>
</text>
</block>














</page>
<page width="2479" height="3508" resolution="300">
<block><region><rect/></region>
<text>
<par>
<line>Commune de ROCHEJEAN</line></par>
</text>
</block>
<block><region><rect/></region>
<text>
<par>
<line>Approbation 14/06/2018</line></par>
</text>
</block>
<block><region><rect/></region>
<text>
<par>
<line>La zone AU dite « CROUBET»</line></par>
</text>
</block>
<block><region><rect/></region>
<text>
<par>
<line>Vocation de la zone et programmation</line></par>
<par>
<line>La zone AU est une zone à urbaniser d’environ 1.12 ha située au Sud du bourg en continuité de</line>
<line>l’urbanisation existante.</line></par>
<par>
<line>La vocation principale de la zone AU est l’habitat, même si une mixité fonctionnelle n’est pas</line>
<line>interdite par le règlement. A raison d’une densité brute de l’ordre de 14 logements par hectares</line>
<line>elle devra accueillir environ 15 logements d’habitat sous toutes ses formes. La densité brute</line>
<line>s’entend comme incluant les espaces réservés aux voiries, réseaux et autres espaces publics</line>
<line>compris.</line></par>
<par>
<line>Le programme devra prévoir une mixité d’habitat avec la réalisation d’au moins 3 logements de</line>
<line>type T2-T3.</line></par>
<par>
<line>Les constructions ne seront autorisées que dans le cadre d’une ou plusieurs opérations d’ensemble</line>
<line>qui devront garantir la cohérence urbanistique ainsi que la faisabilité technique et financière de</line>
<line>l’aménagement.</line></par>
<par>
<line>A charge, dans le cas de la réalisation de plusieurs opérations de permettre la poursuite ultérieure</line>
<line>de l’urbanisation cohérente et sans ambigüité de l’ensemble de l’emprise, notamment de la voie de</line>
<line>desserte et de l’ensemble des réseaux.</line></par>
</text>
</block>
<block><region><rect/></region>
<text>
<par>
<line>Accessibilité et desserte de la zone AU</line></par>
<par>
<line>La zone sera desservie par une voie interne à créer permettant un bouclage entre :</line></par>
<par>
<line>- la Voie Communale n°2 sise au Sud</line></par>
<par>
<line>- la RD45 accessible plus au Nord depuis la voie existante.</line></par>
<par>
<line>En outre, il est demandé la création d’un espace en attente suffisamment calibré pour permettre le</line>
<line>développement futur de la zone vers le Sud-Ouest. Sa localisation sur le croquis ci-après n'est</line>
<line>qu'indicative, elle sera à préciser en fonction du parti d'urbanisme retenu.</line></par>
<par>
<line>Un cheminement piétonnier, qui pourra être spécifique ou consister en un simple aménagement</line>
<line>le long de la voie, devra être prévu afin de permettre le déplacement interne aisé et sécurisé des</line>
<line>piétons au sein de la zone. La zone directement accessible depuis quatre accès principaux</line>
<line>permettra ainsi un maillage piétonnier vers :</line></par>
<par>
<line>- le Nord-Ouest et la RD45, en appui ou non de l’accès véhicule à créer</line></par>
<par>
<line>- l’Est et la Voie communale n°2, en appui ou non de l’accès véhicule à créer. Plus</line>
<line>directement cet accès permettra d’assurer une connexion avec le cheminement</line>
<line>piétonnier existant</line></par>
<par>
<line>- le Nord depuis l’espace en attente du lotissement Le Champs Rond.</line></par>
<par>
<line>- L’Ouest depuis l’espace en attente à prévoir au sein de la zone.</line></par>
</text>
</block>
<block><region><rect/></region>
<text>
<par>
<line>Orientations d’Aménagement et de Programmation</line></par>
</text>
</block>
<block><region><rect/></region>
<text>
<par>
<line>Page 1 sur 14</line></par>
</text>
</block>

</page>
<page width="2479" height="3508" resolution="300">
<block><region><rect/></region>
<text>
<par>
<line>Commune de ROCHEJEAN</line></par>
</text>
</block>
<block><region><rect/></region>
<text>
<par>
<line>Approbation 14/06/2018</line></par>
</text>
</block>
<block><region><rect/></region>
<text>
<par>
<line>En effet il n’est pas prévu d’accès véhicule direct entre la zone et le lotissement Les Champs Ronds</line>
<line>existant et ce au regard des contraintes qui pèsent sur la voie interne de ce dernier (forte déclivité</line>
<line>notamment).</line></par>
</text>
</block>
<block><region><rect/></region>
<text>
<par>
<line>Gestion des eaux pluviales</line></par>
<par>
<line>Les eaux pluviales privatives devront être majoritairement infiltrées à la parcelle sauf exception,</line>
<line>par des systèmes de collecte et de rétention des eaux de toiture (cuves enterrées ou non), et/ou des</line>
<line>toitures retenant les eaux pluviales (végétalisées par exemple), et/ou infiltration par des drains et</line>
<line>puits perdus, et/ou limitation des surfaces imperméabilisées par l'utilisation de matériaux de</line>
<line>recouvrement de sol partiellement poreux, etc.</line></par>
<par>
<line>Dans l’ensemble, l’altimétrie de la future voirie, ainsi que celle des futures constructions devra être</line>
<line>adaptée à la problématique des eaux pluviales.</line></par>
<par>
<line>Des noues végétalisées devront être créées pour traiter tout ou partie des eaux pluviales de la zone</line>
<line>aux abords des voies. Ces dernières devront se rejeter dans une zone de rétention et/ou</line>
<line>infiltration à créer au sud-Ouest (point bas), qui devra être traité en espace vert. Il est interdit de</line>
<line>rejeter les eaux pluviales dans l’espace naturel sis plus au Sud de l’opération.</line></par>
</text>
</block>
<block><region><rect/></region>
<text>
<par>
<line>Principes d'aménagement du site</line></par>
<par>
<line>L’aménagement de la zone devra permettre une bonne intégration tant architecturale que</line>
<line>paysagère dans l’environnement immédiat.</line></par>
<par>
<line>Les ormes présents au Sud de l’opération, à proximité de l’accès à créer, devront être conservés</line>
<line>sauf impossibilités techniques justifiées.</line></par>
</text>
</block>
<block><region><rect/></region>
<text>
<par>
<line>Prise en compte des contraintes techniques</line></par>
<par>
<line>Il est rappelé que la zone est traversée par plusieurs canalisations dont le tracé est reporté à titre</line>
<line>indicatif. L’aménagement de la zone devra impérativement tenir compte de la canalisation</line>
<line>gravitaire, alimentant les bornes fontaines du village, qui devra être conservée (aucun</line>
<line>déplacement envisageable).</line></par>
</text>
</block>
<block><region><rect/></region>
<text>
<par>
<line>Orientations d’Aménagement et de Programmation</line></par>
</text>
</block>
<block><region><rect/></region>
<text>
<par>
<line>Page 2 sur 14</line></par>
</text>
</block>
</page>
<page width="4016" height="5684" resolution="486">
<block><region><rect/></region>
<text>
<par>
<line>Commune de ROCHEJEAN</line></par>
</text>
</block>
<block><region><rect/></region>
<text>
<par>
<line>Approbation 14/06/2018</line></par>
</text>
</block>
<block><region><rect/></region>
<text>
<par>
<line>c</line></par>
</text>
</block>
<block><region><rect/></region>
<text>
<par>
<line>O</line></par>
</text>
</block>
<block><region><rect/></region>
<text>
<par>
<line>cc</line></par>
</text>
</block>
<block><region><rect/></region>
<text>
<par>
<line>E</line></par>
</text>
</block>
<block><region><rect/></region>
<text>
<par>
<line>E</line></par>
</text>
</block>
<block><region><rect/></region>
<text>
<par>
<line>Cü</line></par>
</text>
</block>
<block><region><rect/></region>
<text>
<par>
<line>O)</line></par>
</text>
</block>
<block><region><rect/></region>
<text>
<par>
<line>O</line></par>
</text>
</block>
<block><region><rect/></region>
<text>
<par>
<line>Q.</line></par>
</text>
</block>
<block><region><rect/></region>
<text>
<par>
<line>0</line></par>
</text>
</block>
<block><region><rect/></region>
<text>
<par>
<line>0</line></par>
</text>
</block>
<block><region><rect/></region>
<text>
<par>
<line>TD</line></par>
</text>
</block>
<block><region><rect/></region>
<text>
<par>
<line>C</line></par>
</text>
</block>
<block><region><rect/></region>
<text>
<par>
<line>O ^</line></par>
</text>
</block>
<block><region><rect/></region>
<text>
<par>
<line>O ^</line></par>
</text>
</block>
<block><region><rect/></region>
<text>
<par>
<line>0</line></par>
</text>
</block>
<block><region><rect/></region>
<text>
<par>
<line>U)</line></par>
</text>
</block>
<block><region><rect/></region>
<text>
<par/>
</text>
</block>
<block><region><rect/></region>
<text>
<par>
<line>0</line></par>
</text>
</block>
<block><region><rect/></region>
<text>
<par>
<line>•t</line></par>
</text>
</block>
<block><region><rect/></region>
<text>
<par>
<line>Qi</line></par>
</text>
</block>
<block><region><rect/></region>
<text>
<par>
<line>ID</line></par>
</text>
</block>
<block><region><rect/></region>
<text>
<par>
<line>C</line></par>
</text>
</block>
<block><region><rect/></region>
<text>
<par/>
</text>
</block>
<block><region><rect/></region>
<text>
<par>
<line>O</line></par>
</text>
</block>
<block><region><rect/></region>
<text>
<par/>
</text>
</block>
<block><region><rect/></region>
<text>
<par>
<line>0\^</line></par>
</text>
</block>
<block><region><rect/></region>
<text>
<par>
<line>0</line></par>
</text>
</block>
<block><region><rect/></region>
<text>
<par/>
</text>
</block>
<block><region><rect/></region>
<text>
<par>
<line>(v9za)</line></par>
</text>
</block>
<block><region><rect/></region>
<text>
<par>
<line>E</line></par>
</text>
</block>
<block><region><rect/></region>
<text>
<par>
<line>E</line></par>
</text>
</block>
<block><region><rect/></region>
<text>
<par>
<line>Qr</line></par>
</text>
</block>
<block><region><rect/></region>
<text>
<par>
<line>0</line></par>
</text>
</block>
<block><region><rect/></region>
<text>
<par>
<line>O)</line></par>
</text>
</block>
<block><region><rect/></region>
<text>
<par>
<line>O</line></par>
</text>
</block>
<block><region><rect/></region>
<text>
<par/>
</text>
</block>
<block><region><rect/></region>
<text>
<par>
<line>oo</line></par>
</text>
</block>
<block><region><rect/></region>
<text>
<par/>
</text>
</block>
<block><region><rect/></region>
<text>
<par>
<line>Q-</line></par>
</text>
</block>
<block><region><rect/></region>
<text>
<par/>
</text>
</block>
<block><region><rect/></region>
<text>
<par>
<line>O</line></par>
</text>
</block>
<block><region><rect/></region>
<text>
<par>
<line>'//</line></par>
</text>
</block>
<block><region><rect/></region>
<text>
<par>
<line>CM</line></par>
</text>
</block>
<block><region><rect/></region>
<text>
<par>
<line>'O</line></par>
</text>
</block>
<block><region><rect/></region>
<text>
<par>
<line>LU</line></par>
</text>
</block>
<block><region><rect/></region>
<text>
<par>
<line>0</line></par>
</text>
</block>
<block><region><rect/></region>
<text>
<par/>
</text>
</block>
<block><region><rect/></region>
<text>
<par>
<line>(O</line></par>
</text>
</block>
<block><region><rect/></region>
<text>
<par>
<line>O</line></par>
</text>
</block>
<block><region><rect/></region>
<text>
<par>
<line>"'û</line></par>
</text>
</block>
<block><region><rect/></region>
<text>
<par>
<line>TD</line></par>
</text>
</block>
<block><region><rect/></region>
<text>
<par>
<line>en</line></par>
</text>
</block>
<block><region><rect/></region>
<text>
<par>
<line>'//</line></par>
</text>
</block>
<block><region><rect/></region>
<text>
<par>
<line>"T</line></par>
</text>
</block>
<block><region><rect/></region>
<text>
<par>
<line>'^4</line></par>
</text>
</block>
<block><region><rect/></region>
<text>
<par>
<line>0</line></par>
</text>
</block>
<block><region><rect/></region>
<text>
<par>
<line>'//</line></par>
</text>
</block>
<block><region><rect/></region>
<text>
<par>
<line>O</line></par>
</text>
</block>
<block><region><rect/></region>
<text>
<par>
<line>%</line></par>
</text>
</block>
<block><region><rect/></region>
<text>
<par>
<line>/</line></par>
</text>
</block>
<block><region><rect/></region>
<text>
<par>
<line>a:</line></par>
</text>
</block>
<block><region><rect/></region>
<text>
<par>
<line>&lt;</line></par>
</text>
</block>
<block><region><rect/></region>
<text>
<par>
<line>c</line></par>
</text>
</block>
<block><region><rect/></region>
<text>
<par>
<line>/</line></par>
</text>
</block>
<block><region><rect/></region>
<text>
<par/>
</text>
</block>
<block><region><rect/></region>
<text>
<par>
<line>0</line></par>
</text>
</block>
<block><region><rect/></region>
<text>
<par>
<line>O</line></par>
</text>
</block>
<block><region><rect/></region>
<text>
<par>
<line>E</line></par>
</text>
</block>
<block><region><rect/></region>
<text>
<par>
<line>Q.</line></par>
</text>
</block>
<block><region><rect/></region>
<text>
<par>
<line>Q.</line></par>
</text>
</block>
<block><region><rect/></region>
<text>
<par>
<line>0</line></par>
</text>
</block>
<block><region><rect/></region>
<text>
<par>
<line>/</line></par>
</text>
</block>
<block><region><rect/></region>
<text>
<par>
<line>3</line></par>
</text>
</block>
<block><region><rect/></region>
<text>
<par>
<line>D)</line></par>
</text>
</block>
<block><region><rect/></region>
<text>
<par>
<line>■D</line></par>
</text>
</block>
<block><region><rect/></region>
<text>
<par>
<line>0</line></par>
</text>
</block>
<block><region><rect/></region>
<text>
<par>
<line>0</line></par>
</text>
</block>
<block><region><rect/></region>
<text>
<par>
<line>/</line></par>
</text>
</block>
<block><region><rect/></region>
<text>
<par>
<line>ü</line></par>
</text>
</block>
<block><region><rect/></region>
<text>
<par>
<line>/</line></par>
</text>
</block>
<block><region><rect/></region>
<text>
<par>
<line>0</line></par>
</text>
</block>
<block><region><rect/></region>
<text>
<par>
<line>0</line></par>
</text>
</block>
<block><region><rect/></region>
<text>
<par>
<line>0</line></par>
</text>
</block>
<block><region><rect/></region>
<text>
<par>
<line>□</line></par>
</text>
</block>
<block><region><rect/></region>
<text>
<par>
<line>/</line></par>
</text>
</block>
<block><region><rect/></region>
<text>
<par>
<line>0</line></par>
</text>
</block>
<block><region><rect/></region>
<text>
<par>
<line>'//</line></par>
</text>
</block>
<block><region><rect/></region>
<text>
<par>
<line>/</line></par>
</text>
</block>
<block><region><rect/></region>
<text>
<par>
<line>T3</line></par>
</text>
</block>
<block><region><rect/></region>
<text>
<par>
<line>O</line></par>
</text>
</block>
<block><region><rect/></region>
<text>
<par>
<line>0</line></par>
</text>
</block>
<block><region><rect/></region>
<text>
<par>
<line>m</line></par>
</text>
</block>
<block><region><rect/></region>
<text>
<par/>
</text>
</block>
<block><region><rect/></region>
<text>
<par/>
</text>
</block>
<block><region><rect/></region>
<text>
<par>
<line>N</line></par>
</text>
</block>
<block><region><rect/></region>
<text>
<par>
<line>O</line></par>
</text>
</block>
<block><region><rect/></region>
<text>
<par/>
</text>
</block>
<block><region><rect/></region>
<text>
<par>
<line>0</line></par>
</text>
</block>
<block><region><rect/></region>
<text>
<par>
<line>C</line></par>
</text>
</block>
<block><region><rect/></region>
<text>
<par>
<line>0</line></par>
</text>
</block>
<block><region><rect/></region>
<text>
<par>
<line>B</line></par>
</text>
</block>
<block><region><rect/></region>
<text>
<par>
<line>O</line></par>
</text>
</block>
<block><region><rect/></region>
<text>
<par>
<line>Orientations d’Aménagement et de Programmation</line></par>
</text>
</block>
<block><region><rect/></region>
<text>
<par>
<line>Page 3 sur 14</line></par>
</text>
</block>


















</page>
<page width="2479" height="3508" resolution="300">
<block><region><rect/></region>
<text>
<par>
<line>Commune de ROCHEJEAN</line></par>
</text>
</block>
<block><region><rect/></region>
<text>
<par>
<line>Approbation 14/06/2018</line></par>
</text>
</block>
<block><region><rect/></region>
<text>
<par>
<line>La zone AU dite « DERRIERE LA VILLE »</line></par>
</text>
</block>
<block><region><rect/></region>
<text>
<par>
<line>Vocation de la zone et programmation</line></par>
<par>
<line>D’une superficie d’environ 1.23 hectares, la zone est située en continuité du bourg et à proximité</line>
<line>d’un secteur de jardins et de potagers qui doit être conservé.</line></par>
<par>
<line>Les trois secteurs peuvent se développer indépendamment les uns des autres, mais ils doivent</line>
<line>chacun répondre aux obligations suivantes en cas de détachement :</line></par>
<par>
<line>- une seule opération d’aménagement d’ensemble pour le secteur 2.</line></par>
<par>
<line>- une ou plusieurs opérations d’aménagement d’ensemble pour les secteurs 1 et 3.</line></par>
<par>
<line>A charge pour chaque opération de permettre la poursuite ultérieure de l’urbanisation cohérente</line>
<line>et sans ambigüité de l’ensemble de l’emprise, notamment de la voie de desserte et de l’ensemble</line>
<line>des réseaux. La voirie devra alors être réalisée jusqu’à la limite de chaque opération.</line></par>
<par>
<line>A noter que la dénomination des secteurs n’a aucune incidence sur la hiérarchie d’aménagement</line>
<line>des zones.</line></par>
<par>
<line>La densité imposée au sein de cette zone est plus importante au regard de la mixité de logements</line>
<line>permise. En effet, la forme urbaine souhaitée est celle de l’habitat intermédiaire et l’habitat</line>
<line>pavillonnaire sous toutes ses formes, même si une mixité fonctionnelle n’est pas interdite par le</line>
<line>règlement. Ainsi les secteurs devront accueillir :</line></par>
<par>
<line>- Environ 5 logements pour chacun des secteurs 1 et 3</line></par>
<par>
<line>- Environ 20 logements pour le secteur 2</line></par>
<par>
<line>Ce qui porte un total de 30 logements sur l’ensemble de la zone.</line></par>
<par>
<line>Une mixité d’habitat est à prévoir au sein de la zone avec la réalisation d’au moins 3 logements de</line>
<line>type T2-T3.</line></par>
</text>
</block>
<block><region><rect/></region>
<text>
<par>
<line>Accessibilité et desserte de la zone AU</line></par>
<par>
<line>La zone sera desservie par une voirie interne, suffisamment calibrée, à créer depuis l’accès existant</line>
<line>sur la Rue de Derrière la Ville. Cet accès devra être préservé et réaménagé, en étroite concertation</line>
<line>avec la Mairie. Le tracé de la voie interne à créer devra être recentré sur la parcelle communale</line>
<line>centrale.</line></par>
<par>
<line>L’aménagement successif des secteurs devra prévoir la création d’aire de retournement pour</line>
<line>permettre le demi-tour aisé des véhicules. La localisation sur les plans joints n’est qu’indicative et</line>
<line>devra être définie en fonction du nombre d’opération projeté.</line></par>
<par>
<line>Toutes les constructions devront se desservir par la voie interne à créer au sein de l’opération.</line>
<line>Tout autre création d’accès charretier ou de voirie sur la Rue de Derrière la Ville est interdite pour</line>
<line>des questions de sécurité routière, sauf accord de la collectivité gestionnaire de voirie concernée.</line></par>
</text>
</block>
<block><region><rect/></region>
<text>
<par>
<line>Orientations d’Aménagement et de Programmation</line></par>
</text>
</block>
<block><region><rect/></region>
<text>
<par>
<line>Page 1 sur 14</line></par>
</text>
</block>

</page>
<page width="2479" height="3508" resolution="300">
<block><region><rect/></region>
<text>
<par>
<line>Commune de ROCHEJEAN Approbation 14/06/2018</line></par>
</text>
<text>
<par>
<line>La future voirie devra être réalisée dans l’optique d’une voie partagée entre tous les modes de</line>
<line>circulation (véhicule, cycle, piéton).</line></par>
<par>
<line>Dans le cadre de l’aménagement de la zone, un trottoir ou un accotement sera donc réalisé afin de</line>
<line>circuler à pieds au sein de l’opération, cheminement qui devra trouver une continuité avec</line>
<line>l’accessibilité piétonne au bourg.</line></par>
<par>
<line>Aussi, dans le cadre de l’opération, il devra être démontré une accessibilité piétonne depuis</line>
<line>l’opération à la zone naturelle riveraine le long de la façade Nord de la zone AU. Cette accessibilité</line>
<line>devra être garantie par une voie et un accès interne à l’opération, permettant de rejoindre le</line>
<line>cheminement piéton existant situé dans le prolongement du lotissement « la Côte des Jardins ».</line></par>
</text>
</block>
<block><region><rect/></region>
<text>
<par>
<line>Insertion urbaine des constructions</line></par>
<par>
<line>Sans que ces dispositions ne portent préjudice à la réalisation d’un projet rationnel,</line>
<line>l’aménagement du site devra tenir compte de la localisation préférentielle des différents types</line>
<line>d’habitat. Ainsi, l’habitat intermédiaire plus dense devra être réalisé au sein du secteur 2, au plus</line>
<line>près du centre de l’opération pour permettre notamment un épannelage des constructions et une</line>
<line>meilleure intégration dans l’environnement.</line></par>
<par>
<line>Les secteurs 1 et 3 ont vocation à accueillir du logement individuel, groupé ou jumelé.</line></par>
<par>
<line>Il est toutefois admis la possibilité de réaliser du logement intermédiaire sur le secteur 1. Dans ce</line>
<line>cas, l’habitat intermédiaire sera localisé au Sud-Ouest du secteur 1 en appui de l’habitat</line>
<line>intermédiaire prévu sur le secteur 2.</line></par>
<par>
<line>Les vergers présents au Nord de la zone, identifiés au sein du secteur Uj, devront être préservés,</line>
<line>aucun accès n’y étant autorisé.</line></par>
</text>
</block>
<block><region><rect/></region>
<text>
<par>
<line>Principes d'aménagement paysager et environnemental du site</line></par>
<par>
<line>Situé dans un environnement ouvert de grande qualité, l’opération doit faire l’objet</line>
<line>d’aménagements permettant une intégration optimale des nouvelles constructions dans le paysage</line>
<line>urbain du bourg.</line></par>
</text>
</block>
<block><region><rect/></region>
<text>
<par>
<line>Gestion des eaux pluviales</line></par>
<par>
<line>Les eaux pluviales privatives devront être majoritairement infiltrées à la parcelle sauf exception,</line>
<line>par des systèmes de collecte et de rétention des eaux de toiture (cuves enterrées ou non), et/ou des</line>
<line>toitures retenant les eaux pluviales (végétalisées par exemple), et/ou infiltration par des drains et</line>
<line>puits perdus, et/ou limitation des surfaces imperméabilisées par l'utilisation de matériaux de</line>
<line>recouvrement de sol partiellement poreux, etc.</line></par>
<par>
<line>Des noues végétalisées devront être créées pour traiter tout ou partie des eaux pluviales de la zone</line>
<line>aux abords des voies. Ces dernières devront se rejeter dans une ou plusieurs zones de rétention</line>
<line>et/ou infiltration à créer à l’Ouest (point bas), qui devront être traitées en espace vert.</line></par>
</text>
</block>
<block><region><rect/></region>
<text>
<par>
<line>Orientations d’Aménagement et de Programmation</line></par>
</text>
</block>
<block><region><rect/></region>
<text>
<par>
<line>Page 2 sur 14</line></par>
</text>
</block>
</page>
<page width="2479" height="3508" resolution="300">
<block><region><rect/></region>
<text>
<par>
<line>Commune de ROCHEJEAN Approbation 14/06/2018</line></par>
</text>
<text>
<par>
<line>Dans l’ensemble, l’altimétrie de la future voirie, ainsi que celle des futures constructions devra être</line>
<line>adaptée à la problématique des eaux pluviales.</line></par>
<par>
<line>Une zone tampon de rétention et/ou infiltration sera à prévoir le long de la façade Nord de la zone</line>
<line>pour prévenir tout risque d’inondation éventuel lié à la percolation des eaux pluviales.</line></par>
</text>
</block>
<block><region><rect/></region>
<text>
<par>
<line>Prise en compte des contraintes techniques</line></par>
<par>
<line>Il est rappelé que la zone est traversée par une canalisation d’eaux pluviales dont le tracé est</line>
<line>reporté à titre indicatif.</line></par>
</text>
</block>
<block><region><rect/></region>
<text>
<par>
<line>Orientations d’Aménagement et de Programmation</line></par>
</text>
</block>
<block><region><rect/></region>
<text>
<par>
<line>Page 3 sur 14</line></par>
</text>
</block>
</page>
<page width="2479" height="3508" resolution="300">
<block><region><rect/></region>
<text>
<par>
<line>Commune de ROCHEJEAN</line></par>
</text>
</block>
<block><region><rect/></region>
<text>
<par>
<line>Approbation 14/06/2018</line></par>
</text>
</block>
<block><region><rect/></region>
<text>
<par/>
</text>
</block>
<block><region><rect/></region>
<text>
<par>
<line>O</line></par>
</text>
</block>
<block><region><rect/></region>
<text>
<par>
<line>CO</line></par>
</text>
</block>
<block><region><rect/></region>
<text>
<par>
<line>E</line></par>
</text>
</block>
<block><region><rect/></region>
<text>
<par>
<line>E</line></par>
</text>
</block>
<block><region><rect/></region>
<text>
<par>
<line>CO</line></par>
</text>
</block>
<block><region><rect/></region>
<text>
<par>
<line>O)</line></par>
</text>
</block>
<block><region><rect/></region>
<text>
<par>
<line>0) O) 0)</line></par>
</text>
</block>
<block><region><rect/></region>
<text>
<par>
<line>0&gt; O O)</line></par>
</text>
</block>
<block><region><rect/></region>
<text>
<par>
<line>O</line></par>
</text>
</block>
<block><region><rect/></region>
<text>
<par>
<line>0) -O)</line></par>
</text>
</block>
<block><region><rect/></region>
<text>
<par>
<line>t — O —</line></par>
</text>
</block>
<block><region><rect/></region>
<text>
<par>
<line>CD tn CM m</line></par>
</text>
</block>
<block><region><rect/></region>
<text>
<par>
<line>Q.</line></par>
</text>
</block>
<block><region><rect/></region>
<text>
<par>
<line>0) 0)</line></par>
</text>
</block>
<block><region><rect/></region>
<text>
<par>
<line>CD</line></par>
</text>
</block>
<block><region><rect/></region>
<text>
<par>
<line>CM CO</line></par>
</text>
</block>
<block><region><rect/></region>
<text>
<par>
<line>0</line></par>
</text>
</block>
<block><region><rect/></region>
<text>
<par>
<line>0) (1)</line></par>
</text>
</block>
<block><region><rect/></region>
<text>
<par>
<line>T3</line></par>
</text>
</block>
<block><region><rect/></region>
<text>
<par>
<line>ü O</line></par>
</text>
</block>
<block><region><rect/></region>
<text>
<par>
<line>0) CD</line></par>
</text>
</block>
<block><region><rect/></region>
<text>
<par>
<line>c</line></par>
</text>
</block>
<block><region><rect/></region>
<text>
<par>
<line>= CD</line></par>
</text>
</block>
<block><region><rect/></region>
<text>
<par>
<line>.£3 -=</line></par>
</text>
</block>
<block><region><rect/></region>
<text>
<par>
<line>0</line></par>
</text>
</block>
<block><region><rect/></region>
<text>
<par>
<line>TT CD</line></par>
</text>
</block>
<block><region><rect/></region>
<text>
<par>
<line>O ^</line></par>
</text>
</block>
<block><region><rect/></region>
<text>
<par>
<line>^ E</line></par>
</text>
</block>
<block><region><rect/></region>
<text>
<par>
<line>Q. Ç</line></par>
</text>
</block>
<block><region><rect/></region>
<text>
<par>
<line>D)</line></par>
</text>
</block>
<block><region><rect/></region>
<text>
<par>
<line>CD îl'</line></par>
</text>
</block>
<block><region><rect/></region>
<text>
<par>
<line>O =</line></par>
</text>
</block>
<block><region><rect/></region>
<text>
<par/>
</text>
</block>
<block><region><rect/></region>
<text>
<par>
<line>0)</line></par>
</text>
</block>
<block><region><rect/></region>
<text>
<par>
<line>O n</line></par>
</text>
</block>
<block><region><rect/></region>
<text>
<par>
<line>t</line></par>
</text>
</block>
<block><region><rect/></region>
<text>
<par/>
</text>
</block>
<block><region><rect/></region>
<text>
<par>
<line>Q.</line></par>
</text>
</block>
<block><region><rect/></region>
<text>
<par>
<line>i • J</line></par>
</text>
</block>
<block><region><rect/></region>
<text>
<par>
<line>10</line></par>
</text>
</block>
<block><region><rect/></region>
<text>
<par>
<line>O</line></par>
</text>
</block>
<block><region><rect/></region>
<text>
<par/>
</text>
</block>
<block><region><rect/></region>
<text>
<par>
<line>C</line></par>
</text>
</block>
<block><region><rect/></region>
<text>
<par>
<line>O</line></par>
</text>
</block>
<block><region><rect/></region>
<text>
<par>
<line>0</line></par>
</text>
</block>
<block><region><rect/></region>
<text>
<par>
<line>E</line></par>
</text>
</block>
<block><region><rect/></region>
<text>
<par>
<line>E</line></par>
</text>
</block>
<block><region><rect/></region>
<text>
<par>
<line>0</line></par>
</text>
</block>
<block><region><rect/></region>
<text>
<par>
<line>LU</line></par>
</text>
</block>
<block><region><rect/></region>
<text>
<par>
<line>O)</line></par>
</text>
</block>
<block><region><rect/></region>
<text>
<par/>
</text>
</block>
<block><region><rect/></region>
<text>
<par>
<line>O</line></par>
</text>
</block>
<block><region><rect/></region>
<text>
<par>
<line>00</line></par>
</text>
</block>
<block><region><rect/></region>
<text>
<par>
<line>&gt;</line></par>
</text>
</block>
<block><region><rect/></region>
<text>
<par>
<line>Q.</line></par>
</text>
</block>
<block><region><rect/></region>
<text>
<par>
<line>O</line></par>
</text>
</block>
<block><region><rect/></region>
<text>
<par/>
</text>
</block>
<block><region><rect/></region>
<text>
<par>
<line>&lt;</line></par>
</text>
</block>
<block><region><rect/></region>
<text>
<par>
<line>0</line></par>
</text>
</block>
<block><region><rect/></region>
<text>
<par>
<line>&lt;o</line></par>
</text>
</block>
<block><region><rect/></region>
<text>
<par>
<line>O</line></par>
</text>
</block>
<block><region><rect/></region>
<text>
<par/>
</text>
</block>
<block><region><rect/></region>
<text>
<par/>
</text>
</block>
<block><region><rect/></region>
<text>
<par>
<line>O.</line></par>
</text>
</block>
<block><region><rect/></region>
<text>
<par/>
</text>
</block>
<block><region><rect/></region>
<text>
<par>
<line>LU</line></par>
</text>
</block>
<block><region><rect/></region>
<text>
<par>
<line>0</line></par>
</text>
</block>
<block><region><rect/></region>
<text>
<par>
<line>cr</line></par>
</text>
</block>
<block><region><rect/></region>
<text>
<par>
<line>c</line></par>
</text>
</block>
<block><region><rect/></region>
<text>
<par>
<line>LU</line></par>
</text>
</block>
<block><region><rect/></region>
<text>
<par/>
</text>
</block>
<block><region><rect/></region>
<text>
<par>
<line>0</line></par>
</text>
</block>
<block><region><rect/></region>
<text>
<par>
<line>cr</line></par>
</text>
</block>
<block><region><rect/></region>
<text>
<par>
<line>E</line></par>
</text>
</block>
<block><region><rect/></region>
<text>
<par>
<line>Q.</line></par>
</text>
</block>
<block><region><rect/></region>
<text>
<par>
<line>cr</line></par>
</text>
</block>
<block><region><rect/></region>
<text>
<par/>
</text>
</block>
<block><region><rect/></region>
<text>
<par>
<line>0</line></par>
</text>
</block>
<block><region><rect/></region>
<text>
<par>
<line>LU</line></par>
</text>
</block>
<block><region><rect/></region>
<text>
<par>
<line>O)</line></par>
</text>
</block>
<block><region><rect/></region>
<text>
<par>
<line>■a</line></par>
</text>
</block>
<block><region><rect/></region>
<text>
<par>
<line>0</line></par>
</text>
</block>
<block><region><rect/></region>
<text>
<par>
<line>Q</line></par>
</text>
</block>
<block><region><rect/></region>
<text>
<par/>
</text>
</block>
<block><region><rect/></region>
<text>
<par>
<line>c;</line></par>
</text>
</block>
<block><region><rect/></region>
<text>
<par>
<line>0</line></par>
</text>
</block>
<block><region><rect/></region>
<text>
<par>
<line>E</line></par>
</text>
</block>
<block><region><rect/></region>
<text>
<par/>
</text>
</block>
<block><region><rect/></region>
<text>
<par>
<line>Q</line></par>
</text>
</block>
<block><region><rect/></region>
<text>
<par>
<line>0</line></par>
</text>
</block>
<block><region><rect/></region>
<text>
<par>
<line>0</line></par>
</text>
</block>
<block><region><rect/></region>
<text>
<par/>
</text>
</block>
<block><region><rect/></region>
<text>
<par>
<line>O</line></par>
</text>
</block>
<block><region><rect/></region>
<text>
<par>
<line>TJ</line></par>
</text>
</block>
<block><region><rect/></region>
<text>
<par>
<line>0</line></par>
</text>
</block>
<block><region><rect/></region>
<text>
<par>
<line>O</line></par>
</text>
</block>
<block><region><rect/></region>
<text>
<par>
<line>œ</line></par>
</text>
</block>
<block><region><rect/></region>
<text>
<par>
<line>(J)</line></par>
</text>
</block>
<block><region><rect/></region>
<text>
<par>
<line>O</line></par>
</text>
</block>
<block><region><rect/></region>
<text>
<par>
<line>c;</line></par>
</text>
</block>
<block><region><rect/></region>
<text>
<par>
<line>O</line></par>
</text>
</block>
<block><region><rect/></region>
<text>
<par/>
</text>
</block>
<block><region><rect/></region>
<text>
<par>
<line>O</line></par>
</text>
</block>
<block><region><rect/></region>
<text>
<par/>
</text>
</block>
<block><region><rect/></region>
<text>
<par>
<line>0</line></par>
</text>
</block>
<block><region><rect/></region>
<text>
<par>
<line>CO</line></par>
</text>
</block>
<block><region><rect/></region>
<text>
<par>
<line>V</line></par>
</text>
</block>
<block><region><rect/></region>
<text>
<par/>
</text>
</block>
<block><region><rect/></region>
<text>
<par>
<line>c</line></par>
</text>
</block>
<block><region><rect/></region>
<text>
<par>
<line>V</line></par>
</text>
</block>
<block><region><rect/></region>
<text>
<par>
<line>N</line></par>
</text>
</block>
<block><region><rect/></region>
<text>
<par>
<line>0</line></par>
</text>
</block>
<block><region><rect/></region>
<text>
<par>
<line>V</line></par>
</text>
</block>
<block><region><rect/></region>
<text>
<par>
<line>O</line></par>
</text>
</block>
<block><region><rect/></region>
<text>
<par>
<line>V</line></par>
</text>
</block>
<block><region><rect/></region>
<text>
<par>
<line>Orientations d’Aménagement et de Programmation</line></par>
</text>
</block>
<block><region><rect/></region>
<text>
<par>
<line>Page 4 sur 14</line></par>
</text>
</block>

















<block blockType="Picture" blockName="" l="454" t="1836" r="529" b="1883"><region><rect/></region>
</block>
</page>
</OAP>