<?xml version="1.0" encoding="UTF-8"?><OAP>
<page width="2480" height="3508" resolution="300">
<block><region><rect/></region>
<text>
<par>
<line>0</line></par>
</text>
</block>
<block><region><rect/></region>
<text>
<par>
<line>I</line></par>
</text>
</block>
<block><region><rect/></region>
<text>
<par>
<line>Plan Local</line>
<line>d’Urbanisme</line></par>
</text>
</block>
<block><region><rect/></region>
<text>
<par>
<line>GénissLemc</line></par>
</text>
</block>
<block><region><rect/></region>
<text>
<par>
<line>(26750)</line></par>
</text>
</block>
<block><region><rect/><rect/></region>
<text>
<par>
<line>Prescription: 10/11/2014</line>
<line>Arrêt : 21/02/2017</line></par>
<par>
<line>Approbation : 29/03/2018</line></par>
</text>
</block>
<block><region><rect/></region>
<text>
<par>
<line>2b. Orientations d’Aménagennent</line>
<line>et de Programmation (OAP)</line></par>
</text>
</block>
<block><region><rect/></region>
<text>
<par/>
</text>
</block>
<block><region><rect/></region>
<text>
<par>
<line>BEAUR</line></par>
</text>
</block>
<block><region><rect/><rect/></region>
<text>
<par>
<line>10 me Condorcet - 26100 Romans-sur Isère</line>
<line>Tél : 04 75 72 42 00 - Fax : 04 75 72 48 61</line></par>
<par>
<line>Courriel : contact@beaurfr - Site : www.beaurfr</line></par>
</text>
</block>
<block blockType="Table" blockName="" l="1905" t="2941" r="2187" b="3222"><region><rect/></region>
<row>
<cell leftBorder="White" topBorder="White" rightBorder="White" bottomBorder="White" width="80" height="136">
<text>
<par>
<line>lO</line></par>
<par>
<line>O</line></par>
</text></cell>
<cell leftBorder="White" topBorder="White" rightBorder="White" bottomBorder="White" width="202" height="136">
<text>
<par>
<line>Mars</line></par>
</text></cell></row>
<row>
<cell leftBorder="White" topBorder="White" rightBorder="White" bottomBorder="White" width="80" height="145">
<text>
<par>
<line>lO</line></par>
<par>
<line>lO</line></par>
</text></cell>
<cell leftBorder="White" topBorder="White" rightBorder="White" bottomBorder="White" width="202" height="145">
<text>
<par>
<line>2018</line></par>
</text></cell></row>
</block>



<block blockType="Picture" blockName="" l="394" t="810" r="943" b="1034"><region><rect/></region>
</block>
<block blockType="Picture" blockName="" l="1911" t="2946" r="2182" b="3217"><region><rect/></region>
</block>
<block blockType="Picture" blockName="" l="388" t="804" r="950" b="1041"><region><rect/></region>
</block>
</page>
<page width="2480" height="3508" resolution="300">
<block><region><rect/></region>
<text>
<par>
<line>lA/03/18</line></par>
</text>
</block>
<block><region><rect/></region>
<text>
<par>
<line>Plan Local d'Urbanisme - GÉNISSIEUX - O,A,P,</line></par>
</text>
</block>
<block><region><rect/></region>
<text>
<par>
<line>PREAMBULE</line></par>
</text>
</block>
<block><region><rect/></region>
<text>
<par>
<line>Les Orientations d'Aménagement et de Programmation sont des dispositions particulières permettant de préciser</line>
<line>le projet d'aménagement et de développement durables sur certains secteurs de la commune.</line></par>
<par>
<line>L'article L.151-2 stipule que les Plans locaux d'urbanisme comprennent des Orientations d'Aménagement et de</line>
<line>Programmation.</line></par>
<par>
<line>Ces Orientations d'Aménagement et de Programmation sont définies de la façon suivante :</line></par>
<par>
<line>Article L.151-6 du code de l'urbanisme :</line></par>
<par>
<line>« Les orientations d'aménagement et de programmation comprennent, en cohérence avec le projet</line>
<line>d'aménagement et de développement durables, des dispositions portant sur l'aménagement, l'habitat, les</line>
<line>transports et les déplacements ».</line></par>
<par>
<line>Article L.151-7 du code de l'urbanisme :</line></par>
<par>
<line>« Les orientations d'aménagement et de programmation peuvent notamment :</line></par>
<par>
<line>1° Définir les actions et opérations nécessaires pour mettre en valeur l'environnement, notamment les continuités</line>
<line>écologiques, les paysages, les entrées de villes et le patrimoine, luttercontre l'insalubrité, permettre le</line>
<line>renouvellement urbain et assurer le développement de la commune ;</line></par>
<par>
<line>2° Favoriser la mixité fonctionnelle en prévoyant qu'en cas de réalisation d'opérations d'aménagement, de</line>
<line>construction ou de réhabilitation un pourcentage de ces opérations est destiné à la réalisation de commerces ;</line></par>
<par>
<line>3° Comporter un échéancier prévisionnel de l'ouverture à l'urbanisation des zones à urbaniser ët de la réalisation</line>
<line>des équipements correspondants ;</line></par>
<par>
<line>4° Porter sur des quartiers ou des secteurs à mettre en valeur, réhabiliter, restructurer ou aménager ;</line></par>
<par>
<line>5° Prendre la forme de schémas d'aménagement et préciser les principales caractéristiques des voies et</line>
<line>espaces publics ;</line></par>
<par>
<line>6° Adapter la délimitation des périmètres, en fonction de la qualité de la desserte, où s'applique le plafonnement</line>
<line>à proximité des transports prévu aux articles L^. 151-35 et L. 151-36. [^.] »</line></par>
</text>
</block>
<block><region><rect/></region>
<text>
<par>
<line>Ainsi, les Orientations d'Aménagement du PLU, permettent de préciser les principes d'aménagement retenus</line>
<line>pour des quartiers, rues ou secteurs particuliers de la commune.</line></par>
<par>
<line>Tous travaux ou constructions doivent être compatibles avec ces orientations d'aménagement, lorsqu'elles</line>
<line>existent, et avec leurs documents graphiques.</line></par>
</text>
</block>
<block><region><rect/></region>
<text>
<par>
<line>SOMMAIRE</line></par>
</text>
</block>
<block><region><rect/></region>
<text>
<par>
<line>1- OAP n°1 : Secteurs AUf1 et AUf2 - Les Sables.3</line></par>
<par>
<line>2- OAP n°2 : Secteur en mutation en zone UD.8</line></par>
</text>
</block>
<block><region><rect/></region>
<text>
<par>
<line>\\SRVDATA\Beaur\PRODUCTlON\PLU\2015\5151C6_GENISSIEUX_PLU\DOSSIER\ApprDbation\515105-OAP-apprD.doc</line></par>
</text>
</block>
<block><region><rect/></region>
<text>
<par>
<line>1</line></par>
</text>
</block>






</page>
<page width="2480" height="3508" resolution="300">
<block><region><rect/></region>
<text>
<par>
<line>lA/03/18</line></par>
</text>
</block>
<block><region><rect/></region>
<text>
<par>
<line>Plan Local d'Urbanisme - GÉNISSIEUX - O,A,P,</line></par>
</text>
</block>
<block><region><rect/></region>
<text>
<par>
<line>Orientations d'aménagement et de programmation</line></par>
</text>
</block>
<block><region><rect/></region>
<text>
<par>
<line>Ces orientations d'aménagement concernent :</line></par>
<par>
<line>- les zones à urbaniser. Elles visent à assurer un développement urbain respectueux des orientations</line>
<line>communales générales exprimées dans le P.A.D.D. et notamment à prévoir un aménagement adapté au site</line>
<line>et connecté au reste du village ;</line></par>
<par>
<line>- une zone urbaine appelée à muter.</line></par>
</text>
</block>
<block><region><rect/></region>
<text>
<par>
<line>\\SRVDATA\Beaur\PRODUCTlON\PLU\2015\5151C6_GENISSIEUX_PLU\DOSSIER\ApprDbatiorl\515105-OAP-apprD.doc</line></par>
</text>
</block>
<block><region><rect/></region>
<text>
<par>
<line>2</line></par>
</text>
</block>



</page>
<page width="2480" height="3508" resolution="300">
<block><region><rect/></region>
<text>
<par>
<line>lA/03/18</line></par>
</text>
</block>
<block><region><rect/></region>
<text>
<par>
<line>Plan Local d'Urbanisme - GÉNISSIEUX - O,A,P,</line></par>
</text>
</block>
<block><region><rect/></region>
<text>
<par>
<line>1- OAP1 n°1 : Secteurs AUf1 et AUf2 - Les Sables</line></par>
</text>
</block>
<block><region><rect/></region>
<text>
<par>
<line>1.1Description générale</line></par>
<par>
<line>Le quartier des Sables est situé en continuité du tissu urbain du village. Il est encadré par deux voies</line>
<line>départementales au Nord et au Sud, qui se rejoignent à l'Est formant ainsi un triangle représentant au total 8 ha</line>
<line>environ, seulement occupés par quelques constructions isolées et des espaces agricoles.</line></par>
<par>
<line>Ce secteur a été retenu pour le développement de l'urbanisation, mais n'ont été classées en zone à urbaniser</line>
<line>que les surfaces nécessaires pour répondre aux objectifs de production de logements du PADD : seule la partie</line>
<line>Ouest du quartier pour un total d'environ 4 ha, dont environ 3,3 ha non déjà bâti, est ainsi classée en zone à</line>
<line>urbaniser, qui fait l'objet des présentes orientations d'aménagement:</line></par>
</text>
</block>
<block><region><rect/></region>
<text>
<par/>
</text>
</block>
<block><region><rect/></region>
<text>
<par>
<line>Secteur Mudie</line></par>
</text>
</block>
<block><region><rect/></region>
<text>
<par>
<line>Zories a urtanL«er wnceroeee par</line></par>
</text>
</block>
<block><region><rect/></region>
<text>
<par>
<line>—^ des onentalions</line></par>
</text>
</block>
<block><region><rect/></region>
<text>
<par>
<line>AUfî</line></par>
</text>
</block>
<block><region><rect/></region>
<text>
<par>
<line>4</line></par>
</text>
</block>
<block><region><rect/></region>
<text>
<par/>
</text>
</block>
<block><region><rect/></region>
<text>
<par/>
</text>
</block>
<block><region><rect/></region>
<text>
<par>
<line>Auri</line></par>
</text>
</block>
<block><region><rect/></region>
<text>
<par/>
</text>
</block>
<block><region><rect/></region>
<text>
<par/>
</text>
</block>
<block><region><rect/></region>
<text>
<par/>
</text>
</block>
<block><region><rect/></region>
<text>
<par>
<line>i - '</line></par>
</text>
</block>
<block><region><rect/></region>
<text>
<par/>
</text>
</block>
<block><region><rect/></region>
<text>
<par>
<line>1.2Principes d'aménagement du quartier</line></par>
<par>
<line>Ces principes ont été étudiés sur l'ensemble du quartier (limité par les pointillés jaunes sur la cartographie</line>
<line>précédente), afin de préparer un développement ultérieur cohérent et organisé. Sur les schémas ci-dessous, les</line>
<line>intentions en matière d'organisation sont donc présentées pour l'ensemble du secteur étudié.</line></par>
<par>
<line>Cependant, les principes d'aménagement ne sont évidemment applicables qu'aux secteurs urbanisables</line>
<line>dans le présent PLU, à savoir la zone AUf (avec 2 secteurs AUll et AUfZ afin de les distinguer), qui ne</line>
<line>concerne que la partie ouest du quartier (encadrée en rouge sur la cartographie).</line></par>
<par>
<line>Enjeux :</line></par>
<par>
<line>- Traiter le futur seuil d'entrée de ville et les carrefours de manière qualitative et sécurisée ;</line></par>
<par>
<line>- Relier le quartier au centre ancien et au cœur de village pour les piétons ;</line></par>
<par>
<line>- Créer un maillage viaire qui évite les raccourcis à travers le quartier ;</line></par>
<par>
<line>- Proposer une variété de formes urbaines ;</line></par>
<par>
<line>- Conserver les éléments remarquables du paysage : allée boisée^</line></par>
<par>
<line>- Appuyer les logements collectifs sur un espace public qualitatif (mail)</line></par>
</text>
</block>
<block><region><rect/></region>
<text>
<par>
<line>1 OAP : Orientation d'Aménagement et de Programmation</line></par>
</text>
</block>
<block><region><rect/></region>
<text>
<par>
<line>\\SRVDATA\Beaur\PRODUCTlON\PLU\2015\5151C6_GENISSIEUX_PLU\DOSSIER\ApprDbation\515105-OAP-apprD.doc</line></par>
</text>
</block>
<block><region><rect/></region>
<text>
<par>
<line>3</line></par>
</text>
</block>















<block blockType="Picture" blockName="" l="1103" t="1501" r="1189" b="1556"><region><rect/></region>
</block>
<block blockType="Picture" blockName="" l="628" t="1032" r="1853" b="1979"><region><rect/></region>
</block>
</page>
<page width="2480" height="3508" resolution="300">
<block><region><rect/></region>
<text>
<par>
<line>lA/03/18</line></par>
</text>
</block>
<block><region><rect/></region>
<text>
<par>
<line>Plan Local d'Urbanisme - GÉNISSIEUX - O,A,P,</line></par>
</text>
</block>
<block><region><rect/></region>
<text>
<par>
<line>Principe d'organisation des dessertes viaires et cheminements doux à l'échelle du quartier étudié :</line></par>
</text>
</block>
<block><region><rect/></region>
<text>
<par>
<line>m</line></par>
</text>
</block>
<block><region><rect/></region>
<text>
<par/>
</text>
</block>
<block><region><rect/></region>
<text>
<par/>
</text>
</block>
<block><region><rect/></region>
<text>
<par/>
</text>
</block>
<block><region><rect/></region>
<text>
<par>
<line>3-</line></par>
</text>
</block>
<block><region><rect/></region>
<text>
<par/>
</text>
</block>
<block><region><rect/></region>
<text>
<par/>
</text>
</block>
<block><region><rect/></region>
<text>
<par/>
</text>
</block>
<block><region><rect/></region>
<text>
<par>
<line>?</line></par>
</text>
</block>
<block><region><rect/></region>
<text>
<par/>
</text>
</block>
<block><region><rect/></region>
<text>
<par/>
</text>
</block>
<block><region><rect/></region>
<text>
<par>
<line>A</line></par>
</text>
</block>
<block><region><rect/></region>
<text>
<par>
<line>5Qm</line></par>
</text>
</block>
<block><region><rect/></region>
<text>
<par/>
</text>
</block>
<block><region><rect/></region>
<text>
<par>
<line>\\SRVDATA\Beaur\PRODUCTlON\PLU\2015^15105_GENISSIEUX_PLU\DOSSIER\ApprDbaïon\515105-OAP-apprD.doc</line></par>
</text>
</block>
<block><region><rect/></region>
<text>
<par>
<line>4</line></par>
</text>
</block>















<block blockType="Picture" blockName="" l="329" t="1649" r="439" b="1687"><region><rect/></region>
</block>
<block blockType="Picture" blockName="" l="295" t="422" r="2278" b="1848"><region><rect/></region>
</block>
</page>
<page width="2480" height="3508" resolution="300">
<block><region><rect/></region>
<text>
<par>
<line>lA/03/18</line></par>
</text>
</block>
<block><region><rect/></region>
<text>
<par>
<line>Plan Local d'Urbanisme - GÉNISSIEUX - O,A,P,</line></par>
</text>
</block>
<block><region><rect/></region>
<text>
<par>
<line>Composition du quartier et formes urbaines attendues :</line></par>
</text>
</block>
<block><region><rect/></region>
<text>
<par>
<line>VespaceS</line></par>
<par>
<line>■ '</line></par>
</text>
</block>
<block><region><rect/></region>
<text>
<par>
<line>otriwAtifs</line></par>
</text>
</block>
<block><region><rect/></region>
<text>
<par>
<line>logements coflEctifs R+2-I-C max</line></par>
</text>
</block>
<block><region><rect/></region>
<text>
<par>
<line>I ogE merits g rou pes ou I nte rm cdia i hâHeTî-f-I maK</line></par>
<par>
<line>® . ■</line>
<line>[ûgements iftrfjviduels R+rmax,. - .</line></par>
</text>
</block>
<block><region><rect/></region>
<text>
<par/>
</text>
</block>
<block><region><rect/></region>
<text>
<par>
<line>oyéptation du bâti .</line></par>
<par>
<line>àlfg ném ent d u pa r ra pport à la voie</line></par>
</text>
</block>
<block><region><rect/></region>
<text>
<par>
<line>-r#\</line></par>
</text>
</block>
<block><region><rect/></region>
<text>
<par>
<line>'W"</line></par>
</text>
</block>
<block><region><rect/></region>
<text>
<par/>
</text>
</block>
<block><region><rect/></region>
<text>
<par>
<line>ESPACES COMMUNS</line></par>
</text>
</block>
<block><region><rect/></region>
<text>
<par>
<line>carrefour a traiter</line></par>
</text>
</block>
<block><region><rect/><rect/><rect/><rect/></region>
<text>
<par>
<line>voie de deçaerte mlerne - position imposée</line>
<line>voie de'ldesSerle interne - posilitm indicative</line>
<line>.• liaison doucft - pofiifion irnposée</line></par>
<par>
<line>liaison dûucE - position iridJtadvë</line>
<line>lalignemant d''arbrâs</line>
<line>—• ^—fossé existant, proposé</line></par>
<par>
<line>espace publie paysager (surface hors chaussée</line>
<line>comprenantl/3 de stationnements max.l</line></par>
</text>
</block>
<block><region><rect/></region>
<text>
<par>
<line>ELEMEmS PAIR MON AUX</line></par>
</text>
</block>
<block><region><rect/></region>
<text>
<par>
<line>ahgnement d arbres</line></par>
</text>
</block>
<block><region><rect/></region>
<text>
<par>
<line>Dans la partie Sud :</line></par>
</text>
</block>
<block><region><rect/></region>
<text>
<par>
<line>N</line></par>
</text>
</block>
<block><region><rect/></region>
<text>
<par>
<line>f</line></par>
</text>
</block>
<block><region><rect/></region>
<text>
<par>
<line>R+2+C</line></par>
</text>
</block>
<block><region><rect/></region>
<text>
<par>
<line>R+1</line></par>
</text>
</block>
<block><region><rect/></region>
<text>
<par>
<line>Proposer des volumes bâtis de differentes hauteurs.</line></par>
</text>
</block>
<block><region><rect/></region>
<text>
<par>
<line>assurent un protection vis-e-vis du vent du Nord, a</line></par>
</text>
</block>
<block><region><rect/></region>
<text>
<par>
<line>rimâge du bâti traditionnel local</line></par>
</text>
</block>
<block><region><rect/></region>
<text>
<par>
<line>\\SRVDATA\Beaur\PRODUCTlON\PLU\2015\5151C6_GENISSIEUX_PLU\DOSSIER\ApprDbatiorl\515105-OAP-apprD.doc</line></par>
</text>
</block>
<block><region><rect/></region>
<text>
<par>
<line>5</line></par>
</text>
</block>





<block blockType="Picture" blockName="" l="452" t="706" r="822" b="791"><region><rect/></region>
</block>
<block blockType="Picture" blockName="" l="1053" t="1227" r="1160" b="1294"><region><rect/></region>
</block>
</page>
<page width="2480" height="3508" resolution="300">
<block><region><rect/></region>
<text>
<par>
<line>14/03/18</line></par>
</text>
</block>
<block><region><rect/></region>
<text>
<par>
<line>Plan Local d'UrtBnisrre- GÉNISSIEUX- OAP,</line></par>
</text>
</block>
<block><region><rect/></region>
<text>
<par>
<line>1.3Orientations d'aménagement</line>
<line>Conditions d'ouverture à l'urbanisation :</line></par>
<par>
<line>- les 2 secteurs AUfl et AUf2 ne pourront s'urbaniser qu'après modification du PLU car ils nécessitent :</line>
<line>l'élargissement de la route des Sables et de l'allée des Chardonnerets et le renforcement du réseau</line>
<line>électrique.</line></par>
</text>
</block>
<block><region><rect/></region>
<text>
<par>
<line>1.3.1Orientation : logements et formes urbaines</line></par>
<par>
<line>■ Nombres et typologie de logements :</line></par>
<par>
<line>Environ 106 logerrents nouveaux sont attendus sur l'enserrble des 2 secteurs AUfl et AUf2 avec la répartition</line>
<line>suivante :</line></par>
<par>
<line>- en secteur AUfl :</line></par>
<par>
<line>Au moins 2 logements individuels dans la partie sud-ouest de la zone et au moins 72 logements avec des formes</line>
<line>urbaines s'inspirant des dorr^ines traditionnels, avec des volurres bâtis de différentes hauteurs pouvant aller</line>
<line>jusqu'à R-t-2-tcorrbles pour des logements de type collectif et/ou intermédiaire et des logements groupés. Soit au</line>
<line>total au moins 74 logerrents.</line></par>
<par>
<line>- en secteur AUf2 :</line></par>
<par>
<line>Une douzaine de logements individuels et une vingtaine de logements groupés ou intermédiaires en R-HL au</line>
<line>rr^xirrum Soit au total 32 logerrents au moins.</line></par>
<par>
<line>En outre, le règlemeit graphique impose qu'au moins 20% du futur prograrrrre de logements de ces zones soit</line>
<line>affecté à des logerrents sociaux.</line></par>
<par>
<line>■ Rapport à la rue, front bâti et sens de faîtage :</line></par>
<par>
<line>- En secteur AUfl:</line></par>
<par>
<line>Les bâtiments devront respecter le sens des faîtages indiqués sur le schérra.</line></par>
<par>
<line>Le long de l'Allée des Chardonnerets et de la route des Sables, les bâtiments devront présenter un front bâti</line>
<line>organisé où la najorité des façades sera implaitée selon le mêrre recul vis-à-vis de ces voies.</line></par>
<par>
<line>Les constructions en R-t-2 seront implantées plutôt au nord des futurs ilôts avec les cours et jardins au Sud.</line></par>
<par>
<line>- En secteur AUf2 :</line></par>
<par>
<line>Les bâtiments devront être orientés parallèlerrent ou perpendiculairement aux voies en privilégiant des</line>
<line>irrplantations au nord des parcelles pour les bâtiments afin de dégager des jardins au Sud.</line></par>
</text>
</block>
<block><region><rect/></region>
<text>
<par>
<line>\\SRVDATA\BeauhPRODUCTlON\PLU\2015\5151C6_GENISSIEUX_PLU\DOSSIER\Approbatior1\515105-OAP-appro.doc</line></par>
</text>
</block>
<block><region><rect/></region>
<text>
<par>
<line>6</line></par>
</text>
</block>



</page>
<page width="2480" height="3508" resolution="300">
<block><region><rect/></region>
<text>
<par>
<line>14/03/18</line></par>
</text>
</block>
<block><region><rect/></region>
<text>
<par>
<line>Plan Local d'UrtBnisrre- GÉNISSIEUX- OAP,</line></par>
</text>
</block>
<block><region><rect/></region>
<text>
<par>
<line>1.3.2Orientation : voiries et déplacements</line></par>
<par>
<line>■ Accès et desserte</line></par>
<par>
<line>Le secteur AUfl sera desservi à partir de la route des Sables à l'Est pour une (ou des) voie(s) intBme(s). Seules</line>
<line>les constructions individuelles prévues dans la partie sud-ouest de la zone pourront être desservies à partir de</line>
<line>l'accès privé existant sur la RD 608.</line></par>
<par>
<line>Un ou deux accès à des espaces de stationnerrent ou des garages, pour les bâtiments qui seront irrplantés en</line>
<line>façade nord de la zone, pourroit être réalisés à partir de l'Allée des Chardonnerets au Nord, à élargir et</line>
<line>aménager sous forme de mail avec plantation et cherrinerreit pour modes doux.</line></par>
<par>
<line>Le secteur AUf2 sera desservi par une voie interne principale connectée sur l'impasse des Chardonnerets au</line>
<line>Sud et la voie de la Moucherolle au Nord-Ouest</line></par>
<par>
<line>■ Cheminements pour mode doux</line></par>
<par>
<line>Des cherrinerrents modes doux seront aménagés à l'intérieur des secteurs AUfl et AUf2, de manière à relier les</line>
<line>logerrents aux liaisons douces périphériques existantes ou en projet :</line></par>
<par>
<line>- le long de l'allée des Chardonnerets,</line></par>
<par>
<line>- sur la partie Nord de la route des Sables ;</line></par>
<par>
<line>- le long du réseau pluvial à l'Ouest des 2 zones;</line></par>
<par>
<line>- le long de la RD608.</line></par>
<par>
<line>Ces liaisons douces pourront être aménagées sous la forrre de trottoirs ou chemins piétons le long de voies</line>
<line>internes, ou sous la forme de cheminements indépendants des voies ou bien encore dans le cadre de voies</line>
<line>partagées (20KrrVh) sur lesquelles pourront circuler les véhicules et les piétons et cycles.</line></par>
</text>
</block>
<block><region><rect/></region>
<text>
<par>
<line>1.3.3Orientation : paysage - environnement</line></par>
<par>
<line>Les limites des opérations devront être traitées de rranière qualitative et harmonisée à l'échelle de chaque</line>
<line>secteur.</line></par>
<par>
<line>Les constructions devroit présenter un aspect en harmonie dans l'ensemble de la zone AUf : type et couverture</line>
<line>de toitures sirrilaires, coloris et type des façades harmonisés rrêrre si des coloris différents sort possibles. Pas</line>
<line>d'éléments architecturaux disparates selon les constructions (génoises ou bandage ou...).</line></par>
</text>
</block>
<block><region><rect/></region>
<text>
<par>
<line>\\SRVDATA\BeauhPRODUCTlON\PLU\2015\5151C6_GENISSIEUX_PLU\DOSSIER\Approbatior1\515105-OAP-appro.doc</line></par>
</text>
</block>
<block><region><rect/></region>
<text>
<par>
<line>7</line></par>
</text>
</block>


</page>
<page width="2480" height="3508" resolution="300">
<block><region><rect/></region>
<text>
<par>
<line>lA/03/18</line></par>
</text>
</block>
<block><region><rect/></region>
<text>
<par>
<line>Plan Local d'Urbanisme - GÉNISSIEUX - O,A,P,</line></par>
</text>
</block>
<block><region><rect/></region>
<text>
<par>
<line>2- OAP n°2 : Secteur en mutation en zone UD</line></par>
</text>
</block>
<block><region><rect/></region>
<text>
<par>
<line>2.1 Description générale</line></par>
</text>
</block>
<block><region><rect/></region>
<text>
<par>
<line>Le site se situe à l'entrée sud du</line>
<line>village face à la maison de</line>
<line>retraite et au cœur de village. Il</line>
<line>comprend un ancien poulailler</line>
<line>utilisé par un artisan menuisier.</line></par>
</text>
</block>
<block><region><rect/></region>
<text>
<par>
<line>Enjeux :</line></par>
<par>
<line>Il s'agit de préparer et d'anticiper</line>
<line>la mutation pour l'habitat de ce</line>
<line>secteur situé à l'entrée du</line>
<line>village. C'est pourquoi il est</line>
<line>classé en zone UD, mais ne sera</line>
<line>constructible que sous réserve</line>
<line>de la démolition des anciens</line>
<line>bâtiments.</line></par>
</text>
</block>
<block><region><rect/></region>
<text>
<par/>
</text>
</block>
<block><region><rect/></region>
<text>
<par/>
</text>
</block>
<block><region><rect/></region>
<text>
<par/>
</text>
</block>
<block><region><rect/></region>
<text>
<par>
<line>re</line></par>
</text>
</block>
<block><region><rect/></region>
<text>
<par/>
</text>
</block>
<block><region><rect/></region>
<text>
<par/>
</text>
</block>
<block><region><rect/></region>
<text>
<par/>
</text>
</block>
<block><region><rect/></region>
<text>
<par/>
</text>
</block>
<block><region><rect/></region>
<text>
<par/>
</text>
</block>
<block><region><rect/></region>
<text>
<par>
<line>â</line></par>
</text>
</block>
<block><region><rect/></region>
<text>
<par>
<line>&gt;9</line></par>
</text>
</block>
<block><region><rect/></region>
<text>
<par>
<line>2.2Orientations d'aménagement</line>
<line>Schéma illustrant les principes d'aménagement :</line></par>
</text>
</block>
<block><region><rect/></region>
<text>
<par/>
</text>
</block>
<block><region><rect/><rect/></region>
<text>
<par/>
</text>
</block>
<block><region><rect/></region>
<text>
<par>
<line>ESPACES COMMUNS</line></par>
<par>
<line>carrefour à traiter ' f</line></par>
<par>
<line>" _ voie de desserte interne - position imposée</line></par>
<par>
<line>voie de desserte interne - position indicative^</line>
<line>Itaison douce - position imposée , - ■'</line></par>
<par>
<line>J^^^liaison douce - po^sition indicative</line>
<line>alignement d'arbres /</line></par>
<par>
<line>frange paysagère _</line></par>
<par>
<line>““ stationnements paysagers “</line></par>
</text>
</block>
<block><region><rect/></region>
<text>
<par>
<line>:{ rJESPACES PRIVATIFS</line></par>
</text>
</block>
<block><region><rect/><rect/><rect/></region>
<text>
<par>
<line>’S'-'É:</line></par>
</text>
</block>
<block><region><rect/><rect/></region>
<text>
<par>
<line>logements collectifs ou intermédiaires R+1 max.</line>
<line>■logements individuels groupés ;</line></par>
<par>
<line>^LMntermédiaires. R+1 max. ' ^</line></par>
<par>
<line>^^entation du bâti -</line></par>
<par>
<line>alignement du bâti par rapport à la voie</line></par>
</text>
</block>
<block><region><rect/></region>
<text>
<par>
<line>\\SRVDATA\Beaur\PRODUCTlON\PLU\2015\5151C6_GENISSIEUX_PLU\DOSSIER\ApprDbatiorl\515105-OAP-appfD.doc</line></par>
</text>
</block>
<block><region><rect/></region>
<text>
<par>
<line>8</line></par>
</text>
</block>











<block blockType="Picture" blockName="" l="892" t="565" r="2261" b="1627"><region><rect/></region>
</block>
</page>
<page width="2480" height="3508" resolution="300">
<block><region><rect/></region>
<text>
<par>
<line>14/03/18</line></par>
</text>
</block>
<block><region><rect/></region>
<text>
<par>
<line>Plan Local d'UrtBnisrre- GÉNISSIEUX- OAP,</line></par>
</text>
</block>
<block><region><rect/></region>
<text>
<par>
<line>2.2.1 Orientation : logements attendus</line>
<line>La zone devra accueillir au moins 14 logements avec :</line></par>
<par>
<line>- des logements collectifs ou interrrédiaires en R+1 en façade et parallèlement à la route des Chasses.</line></par>
<par>
<line>- des logements groupés ou iitermédiaires en R+1 maximum à l'arrière.</line></par>
<par>
<line>En outre, le règlement graphique irrpose qu'au moins 20% du prograrrrre de logements de ce secteur soit</line>
<line>affecte à des logerrents sociaux.</line></par>
</text>
</block>
<block><region><rect/></region>
<text>
<par>
<line>2.2.2Orientation : voiries et déplacements</line></par>
<par>
<line>■ Accès et desserte</line></par>
<par>
<line>Les accès véhicules seront réalisés depuis l'accès existant à l'ouest par une voie interne.</line></par>
<par>
<line>■ Cheminements pour mode doux</line></par>
<par>
<line>Ils devront relier les futurs logements à la route des Chasses au Nord (équipée de cherrinerrents piétons et</line>
<line>d'une piste cyclable) et à la rue Marie Curie au Sud-Ouest</line></par>
</text>
</block>
<block><region><rect/></region>
<text>
<par>
<line>2.2.3Orientation : paysage - environnement</line></par>
<par>
<line>La qualité architecturale de l'opération ainsi que l'irrplantation des constructions contribueront à une intégration</line>
<line>qualitative de ce nouvel enserrible bâti dans le paysage urbain.</line></par>
<par>
<line>Les volumes en façade sur la route des Chasses seront implantes parallèlement à cet axe en dégageant les</line>
<line>jardins ou cours au sud.</line></par>
<par>
<line>Les espaces de stationnement ou garages seront situés à l'arrière du bâtiment en façade.</line></par>
</text>
</block>
<block><region><rect/></region>
<text>
<par>
<line>\\SRVDATA\BeauhPRODUCTlON\PLU\2015\5151C6_GENISSIEUX_PLU\DOSSIER\Approbatior1\515105-OAP-appro.doc</line></par>
</text>
</block>
<block><region><rect/></region>
<text>
<par>
<line>9</line></par>
</text>
</block>


</page>
</OAP>