<?xml version="1.0" encoding="UTF-8"?><OAP>
<page width="2479" height="3508" resolution="300">
<block><region><rect/></region>
<text>
<par>
<line>0</line></par>
</text>
</block>
<block><region><rect/></region>
<text>
<par>
<line>I</line></par>
</text>
</block>
<block><region><rect/></region>
<text>
<par>
<line>Plan Local</line>
<line>d’Urbanisme</line></par>
</text>
</block>
<block><region><rect/></region>
<text>
<par>
<line>DEPARTE/^ENTDE LA DRO/^E</line></par>
</text>
</block>
<block><region><rect/></region>
<text>
<par/>
</text>
</block>
<block><region><rect/></region>
<text>
<par>
<line>fl*</line></par>
</text>
</block>
<block><region><rect/><rect/><rect/><rect/></region>
<text>
<par>
<line>Prescription : 8 septembre 2014</line></par>
<par>
<line>12 décembre 2016 i</line>
<line>Arrêt: 24 juillet 2017</line></par>
<par>
<line>Approbation : 25 juin 2018.</line></par>
</text>
</block>
<block><region><rect/></region>
<text>
<par>
<line>2b. Orientations d’Aménagement</line>
<line>et de Programmation (OAP)</line></par>
</text>
</block>
<block><region><rect/></region>
<text>
<par/>
</text>
</block>
<block><region><rect/></region>
<text>
<par>
<line>BEAU R</line></par>
</text>
</block>
<block><region><rect/><rect/></region>
<text>
<par>
<line>10 me Condorcet - 26100 Romans-sur Isère</line>
<line>Tél : 04 75 72 42 00 - Fax : 04 75 72 48 61</line>
<line>Courriel : contacl@beaur.fr ■ Site : www.beaur.fr</line></par>
</text>
</block>
<block><region><rect/></region>
<text>
<par>
<line>5 Juin</line>
<line>^2018</line></par>
</text>
</block>



<block blockType="Picture" blockName="" l="1911" t="2947" r="2182" b="3217"><region><rect/></region>
</block>
</page>
<page width="2479" height="3508" resolution="300">
<block><region><rect/></region>
<text>
<par>
<line>14/06/2018</line></par>
</text>
</block>
<block><region><rect/></region>
<text>
<par>
<line>Plan Local d'Urbanisme- JAILLANS - O.A.P.</line></par>
</text>
</block>
<block><region><rect/></region>
<text>
<par>
<line>PREAMBULE</line></par>
</text>
</block>
<block><region><rect/></region>
<text>
<par>
<line>Les Orientations d'Aménagement et de Programmation sont des dispositions particulières permettant de préciser</line>
<line>le projet d'aménagement et de développement durables sur certains secteurs de la commune.</line></par>
<par>
<line>L'article L.151-2 stipule que les Plans locaux d'urbanisme comprennent des Orientations d'Aménagement et de</line>
<line>Programmation.</line></par>
<par>
<line>Ces orientations d'Aménagement et de Programmation sont définies de la façon suivante :</line></par>
<par>
<line>Article L.151-6 du code de l'urbanisme :</line></par>
<par>
<line>ff Les orientations d'aménagement et de programmation comprennent, en cohérence avec le projet</line>
<line>d'aménagement et de développement durables, des dispositions portant sur l'aménagement, l'habitat, les</line>
<line>transports et les déplacements ».</line></par>
<par>
<line>Article L.151-7 du code de l'urbanisme :</line></par>
<par>
<line>ff Les orientations d'aménagement et de programmation peuvent notamment :</line></par>
<par>
<line>1° Définir les actions et opérations nécessaires pour mettre en valeur l'environnement, notamment les continuités</line>
<line>écologiques, les paysages, les entrées de villes et le patrimoine, lutter contre l'insalubrité, permettre le</line>
<line>renouvellement urbain et assurer le développement de la commune ;</line></par>
<par>
<line>2° Favoriser la mixité fonctionnelle en prévoyant qu'en cas de réalisation d'opérations d'aménagement, de</line>
<line>construction ou de réhabilitation un pourcentage de ces opérations est destiné à la réalisation de commerces ;</line></par>
<par>
<line>3° Comporter un échéancier prévisionnel de l'ouverture à l'urbanisation des zones à urbaniser et de la réalisation</line>
<line>des équipements correspondants ;</line></par>
<par>
<line>4° Porter sur des quartiers ou des secteurs à mettre en valeur, réhabiliter, restructurer ou aménager;</line></par>
<par>
<line>5° Prendre la forme de schémas d'aménagement et préciser les principales caractéristiques des voies et</line>
<line>espaces publics ;</line></par>
<par>
<line>6° Adapter la délimitation des périmètres, en fonction de la qualité de la desserte, où s'applique le plafonnement</line>
<line>à proximité des transports prévu aux articles L. 151-35 et L. 151-36. [^] »</line></par>
</text>
</block>
<block><region><rect/></region>
<text>
<par>
<line>Ainsi, les Orientations d'Aménagement du PLU, permettent de préciser les principes d'aménagement retenus</line>
<line>pour des quartiers, rues ou secteurs particuliers de la commune.</line></par>
<par>
<line>Tous travaux ou constructions doivent être compatibles avec ces orientations d'aménagement, lorsqu'elles</line>
<line>existent, et avec leurs documents graphiques.</line></par>
</text>
</block>
<block><region><rect/></region>
<text>
<par>
<line>SOMMAIRE</line></par>
</text>
</block>
<block><region><rect/></region>
<text>
<par>
<line>1- ZoneAUoI.4</line></par>
<par>
<line>2- ZoneAUo2.6</line></par>
<par>
<line>3- ZoneAUf.8</line></par>
<par>
<line>4- ZoneAUo3.10</line></par>
<par>
<line>5- Secteur en zone UD.12</line></par>
</text>
</block>
<block><region><rect/></region>
<text>
<par>
<line>W;\PRÛDUCTIÛN\PLU\2015\515130_|AILLANS_PLU\DÛSSlER\*pprobation\515130-ÛAP-appro.doc</line></par>
</text>
</block>
<block><region><rect/></region>
<text>
<par>
<line>1</line></par>
</text>
</block>









</page>
<page width="2479" height="3508" resolution="300">
<block><region><rect/></region>
<text>
<par>
<line>14/06/2018</line></par>
</text>
</block>
<block><region><rect/></region>
<text>
<par>
<line>Plan Local d'Urbanisme - J AILLANS - O.A.P.</line></par>
</text>
</block>
<block><region><rect/></region>
<text>
<par>
<line>Orientations d’aménagement et de programmation</line></par>
</text>
</block>
<block><region><rect/></region>
<text>
<par>
<line>Objectif :</line></par>
<par>
<line>Organiser l'urbanisation des secteurs à enjeux, afin de mettre en œuvre les orientations du PADD :</line></par>
<par>
<line>- de bonne intégration des opérations et constructions au tissu urbain du village ;</line></par>
<par>
<line>- de modération de la consommation d'espace ;</line></par>
<par>
<line>- de diversification de l'offre de logements.</line></par>
</text>
</block>
<block><region><rect/></region>
<text>
<par>
<line>Les présentes orientations d'aménagement concernent les zones à urbaniser et un secteur de la zone urbaine,</line>
<line>tous situés dans le village.</line></par>
</text>
</block>
<block><region><rect/></region>
<text>
<par>
<line>Situation et rappel du zonage des secteurs faisant l’objet d’orientations d’aménagement ;</line></par>
</text>
</block>
<block><region><rect/></region>
<text>
<par/>
</text>
</block>
<block><region><rect/></region>
<text>
<par/>
</text>
</block>
<block><region><rect/></region>
<text>
<par/>
</text>
</block>
<block><region><rect/></region>
<text>
<par/>
</text>
</block>
<block><region><rect/></region>
<text>
<par>
<line>y ■■</line></par>
</text>
</block>
<block><region><rect/></region>
<text>
<par/>
</text>
</block>
<block><region><rect/></region>
<text>
<par/>
</text>
</block>
<block><region><rect/></region>
<text>
<par/>
</text>
</block>
<block><region><rect/><rect/></region>
<text>
<par/>
</text>
</block>
<block><region><rect/></region>
<text>
<par>
<line>AUol</line></par>
</text>
</block>
<block><region><rect/></region>
<text>
<par>
<line>AUf</line></par>
</text>
</block>
<block><region><rect/></region>
<text>
<par>
<line>^ Vt</line></par>
<par>
<line>V-- -</line></par>
</text>
</block>
<block><region><rect/></region>
<text>
<par>
<line>- AUo2</line></par>
</text>
</block>
<block><region><rect/></region>
<text>
<par>
<line>: UD</line></par>
</text>
</block>
<block><region><rect/></region>
<text>
<par>
<line>\</line></par>
</text>
</block>
<block><region><rect/></region>
<text>
<par>
<line>Ecoe</line></par>
</text>
</block>
<block><region><rect/></region>
<text>
<par/>
</text>
</block>
<block><region><rect/></region>
<text>
<par/>
</text>
</block>
<block><region><rect/><rect/><rect/></region>
<text>
<par/>
</text>
</block>
<block><region><rect/></region>
<text>
<par>
<line>•</line></par>
</text>
</block>
<block><region><rect/><rect/></region>
<text>
<par/>
</text>
</block>
<block><region><rect/></region>
<text>
<par/>
</text>
</block>
<block><region><rect/></region>
<text>
<par>
<line>AUo3</line></par>
</text>
</block>
<block><region><rect/></region>
<text>
<par>
<line>V '.</line></par>
</text>
</block>
<block><region><rect/></region>
<text>
<par>
<line>iv». •:i'</line></par>
</text>
</block>
<block><region><rect/><rect/></region>
<text>
<par/>
</text>
</block>
<block><region><rect/></region>
<text>
<par/>
</text>
</block>
<block><region><rect/></region>
<text>
<par>
<line>i';\PRÛDUCTIÛN\PLU\2015\515130j AILLANS_PLU\DÛSSlERWppTObaticin\515130-ÛAP-a[:</line></par>
</text>
</block>
<block><region><rect/></region>
<text>
<par>
<line>2</line></par>
</text>
</block>



<block blockType="Picture" blockName="" l="537" t="1117" r="581" b="1199"><region><rect/></region>
</block>
<block blockType="Picture" blockName="" l="590" t="1230" r="669" b="1332"><region><rect/></region>
</block>
<block blockType="Picture" blockName="" l="1335" t="1735" r="1413" b="1779"><region><rect/></region>
</block>
</page>
<page width="2479" height="3508" resolution="300">
<block><region><rect/></region>
<text>
<par>
<line>14/06/2018</line></par>
</text>
</block>
<block><region><rect/></region>
<text>
<par>
<line>Plan Local d'Urbanisme- JAILLANS - O.A.P.</line></par>
</text>
</block>
<block><region><rect/><rect/><rect/><rect/><rect/><rect/><rect/><rect/><rect/></region>
<text>
<par>
<line>Schéma illustrant les principes d’aménagement :</line></par>
<par>
<line>LEGENDE Habitat individuel</line></par>
<par>
<line>I I Contour des secteurs concernés Habitat groupè/intermédiaire/collectif</line></par>
</text>
</block>
<block><region><rect/></region>
<text>
<par/>
</text>
</block>
<block><region><rect/></region>
<text>
<par>
<line>Principe de desserte (position indicative)</line></par>
</text>
</block>
<block><region><rect/></region>
<text>
<par>
<line>Implantation indicative du bati</line></par>
</text>
</block>
<block><region><rect/></region>
<text>
<par>
<line>. Liaisons piétonnes a prévoir</line></par>
</text>
</block>
<block><region><rect/></region>
<text>
<par>
<line>Sens de faîtage principal</line></par>
</text>
</block>
<block><region><rect/></region>
<text>
<par>
<line>Cheminement piéton existant</line></par>
</text>
</block>
<block><region><rect/></region>
<text>
<par>
<line>Haie arbustive et/ou arborée</line></par>
</text>
</block>
<block><region><rect/></region>
<text>
<par/>
</text>
</block>
<block><region><rect/></region>
<text>
<par/>
</text>
</block>
<block><region><rect/></region>
<text>
<par>
<line>%</line></par>
</text>
</block>
<block><region><rect/></region>
<text>
<par/>
</text>
</block>
<block><region><rect/></region>
<text>
<par/>
</text>
</block>
<block><region><rect/></region>
<text>
<par/>
</text>
</block>
<block><region><rect/></region>
<text>
<par/>
</text>
</block>
<block><region><rect/></region>
<text>
<par>
<line>%</line></par>
</text>
</block>
<block><region><rect/></region>
<text>
<par/>
</text>
</block>
<block><region><rect/></region>
<text>
<par>
<line>m</line></par>
</text>
</block>
<block><region><rect/></region>
<text>
<par/>
</text>
</block>
<block><region><rect/></region>
<text>
<par/>
</text>
</block>
<block><region><rect/></region>
<text>
<par/>
</text>
</block>
<block><region><rect/></region>
<text>
<par/>
</text>
</block>
<block><region><rect/></region>
<text>
<par/>
</text>
</block>
<block><region><rect/></region>
<text>
<par/>
</text>
</block>
<block><region><rect/></region>
<text>
<par/>
</text>
</block>
<block><region><rect/></region>
<text>
<par/>
</text>
</block>
<block><region><rect/></region>
<text>
<par/>
</text>
</block>
<block><region><rect/></region>
<text>
<par/>
</text>
</block>
<block><region><rect/></region>
<text>
<par>
<line>Les orientations d’aménagement relatives à chaque secteur sont détaillées ci-après.</line></par>
</text>
</block>
<block><region><rect/></region>
<text>
<par>
<line>W;\PRÛDUCTIÛN\PLU\2015\515130_|AILLANS_PLU\DÛSSlER\*pprobation\515130-ÛAP-appro.doc</line></par>
</text>
</block>
<block><region><rect/></region>
<text>
<par>
<line>3</line></par>
</text>
</block>












<block blockType="Picture" blockName="" l="1329" t="1629" r="1407" b="1695"><region><rect/></region>
</block>
<block blockType="Picture" blockName="" l="1004" t="503" r="1089" b="555"><region><rect/></region>
</block>
</page>
<page width="2479" height="3508" resolution="300">
<block><region><rect/></region>
<text>
<par>
<line>14/06/2018</line></par>
</text>
</block>
<block><region><rect/></region>
<text>
<par>
<line>Plan Local d'Urbanisme- JAILLANS - O.A.P.</line></par>
</text>
</block>
<block><region><rect/></region>
<text>
<par>
<line>1-Zone AUo1</line></par>
</text>
</block>
<block><region><rect/></region>
<text>
<par>
<line>Description générale :</line></par>
<par>
<line>La surface constructible (hors voiries externes) de la zone AUo1 représente 6100 Cette zone, aujourd'hui</line>
<line>occupée par une prairie, est bordée par la RD 564 (route de Musan) à l'Ouest, qu'elle surplombe, et par le</line>
<line>chemin du Prieuré au Nord, dont l'élargissement est prévu et fait l'objet d'un emplacement réservé.</line></par>
<par>
<line>Les réseaux d'eau potable, d'électricité et d'assainissement sont présents au droit de la zone.</line></par>
<par>
<line>Enjeux :</line></par>
<par>
<line>- Assurer une qualité urbaine et paysagère le long de l'axe principal du village.</line></par>
<par>
<line>- Proposer des formes urbaines et typologies d'habitat variées.</line></par>
<par>
<line>- Assurer une liaison piétonne avec les autres zones à urbaniser du quartier.</line></par>
</text>
</block>
<block><region><rect/></region>
<text>
<par>
<line>1.1 Orientations d’aménagement :</line></par>
<par>
<line>Rappel des conditions d’ouverture à l’urbanisation : cette zone devra s’urbaniser dans le cadre d’une opération</line>
<line>d’aménagement d’ensemble.</line></par>
<par>
<line>1.1.1 Orientation : logements attendus</line></par>
<par>
<line>La zone AUo1 devra accueillir au moins 9 logements, sous forme de logements groupés et/ou</line>
<line>intermédiaires et/ou collectifs en majorité et de logements individuels.</line></par>
</text>
</block>
<block><region><rect/></region>
<text>
<par>
<line>1.1.2 Orientation : voiries et déplacements</line></par>
<par>
<line>- Accès</line></par>
<par>
<line>La zone sera desservie à partir du chemin du Prieuré</line>
<line>au Nord. Pas d'accès sur la RD564.</line></par>
<par>
<line>- Cheminements pour mode doux</line></par>
<par>
<line>Un cheminement doux depuis le chemin du Prieuré</line>
<line>jusqu'à la zone à urbaniser au Sud-Est sera prévu le</line>
<line>long de la limite Nord-Est de la zone.</line></par>
<par>
<line>Un cheminement doux vers la RD564 sera également</line>
<line>prévu.</line></par>
<par>
<line>La voirie interne de l'opération pourra être traitée sous</line>
<line>forme de voie partagée (20Km/h) sur laquelle</line>
<line>circuleront les véhicules et les piétons et cycles, ou</line>
<line>d'une voie accompagnée d'un trottoir ou chemin</line>
<line>piétons.</line></par>
</text>
</block>
<block><region><rect/></region>
<text>
<par>
<line>Zo</line></par>
</text>
</block>
<block><region><rect/></region>
<text>
<par>
<line>AUo1</line></par>
</text>
</block>
<block><region><rect/></region>
<text>
<par>
<line>ne</line></par>
</text>
</block>
<block><region><rect/></region>
<text>
<par/>
</text>
</block>
<block><region><rect/></region>
<text>
<par/>
</text>
</block>
<block><region><rect/></region>
<text>
<par>
<line>1</line></par>
</text>
</block>
<block><region><rect/><rect/><rect/></region>
<text>
<par>
<line>%</line></par>
</text>
</block>
<block><region><rect/></region>
<text>
<par>
<line>»</line></par>
</text>
</block>
<block><region><rect/></region>
<text>
<par/>
</text>
</block>
<block><region><rect/></region>
<text>
<par/>
</text>
</block>
<block><region><rect/></region>
<text>
<par>
<line>%</line></par>
</text>
</block>
<block><region><rect/></region>
<text>
<par>
<line>■V</line></par>
</text>
</block>
<block><region><rect/></region>
<text>
<par/>
</text>
</block>
<block><region><rect/></region>
<text>
<par/>
</text>
</block>
<block><region><rect/></region>
<text>
<par>
<line>%</line></par>
</text>
</block>
<block><region><rect/></region>
<text>
<par>
<line>A*</line></par>
</text>
</block>
<block><region><rect/></region>
<text>
<par/>
</text>
</block>
<block><region><rect/></region>
<text>
<par>
<line>X</line></par>
</text>
</block>
<block><region><rect/></region>
<text>
<par/>
</text>
</block>
<block><region><rect/></region>
<text>
<par/>
</text>
</block>
<block><region><rect/></region>
<text>
<par/>
</text>
</block>
<block><region><rect/></region>
<text>
<par>
<line>Vf</line></par>
</text>
</block>
<block><region><rect/></region>
<text>
<par/>
</text>
</block>
<block><region><rect/></region>
<text>
<par>
<line>»■ \ _</line></par>
</text>
</block>
<block><region><rect/></region>
<text>
<par>
<line>I I Contour des secteurs concernés</line></par>
</text>
</block>
<block><region><rect/></region>
<text>
<par>
<line>Principe de desserte (position indicative)</line></par>
</text>
</block>
<block><region><rect/></region>
<text>
<par>
<line>Liaisons piétonnes</line></par>
</text>
</block>
<block><region><rect/></region>
<text>
<par>
<line>Haie arbustive et/ou arborée</line></par>
</text>
</block>
<block><region><rect/></region>
<text>
<par>
<line>Habitat individuel</line></par>
</text>
</block>
<block><region><rect/></region>
<text>
<par>
<line>Habitat groupe/intermediaire/collectif</line></par>
</text>
</block>
<block><region><rect/></region>
<text>
<par>
<line>Implantation indicative du bâti</line></par>
</text>
</block>
<block><region><rect/></region>
<text>
<par>
<line>Sens de faîtage principal</line></par>
</text>
</block>
<block><region><rect/></region>
<text>
<par>
<line>W;\PRÛDUCTIÛN\PLU\2015\515130_|AILLANS_PLU\DÛSSlER\*pprobation\515130-ÛAP-appro.doc</line></par>
</text>
</block>
<block><region><rect/></region>
<text>
<par>
<line>4</line></par>
</text>
</block>







</page>
<page width="2479" height="3508" resolution="300">
<block><region><rect/></region>
<text>
<par>
<line>14/06/2018</line></par>
</text>
</block>
<block><region><rect/></region>
<text>
<par>
<line>Plan Local d'Urbanisme- JAILLANS - O.A.P.</line></par>
</text>
</block>
<block><region><rect/></region>
<text>
<par>
<line>1.1.3 Orientation : paysage - environnement</line></par>
<par>
<line>La limite ouest de l'opération, le long de la RD564, doit être traitée de manière qualitative et impérativement</line>
<line>végétalisée sous forme de haie vive arborée.</line></par>
<par>
<line>Les constructions devront présenter un aspect en harmonie dans l'ensemble de la zone : type et couverture de</line>
<line>toitures similaires, coloris et type des façades harmonisés même si des coloriés différents sont possibles. Pas</line>
<line>d'éléments architecturaux disparates selon les constructions (génoises ou bardage).</line></par>
<par>
<line>Le long de la RD564 et du chemin du Prieuré les clôtures seront similaires.</line></par>
<par>
<line>1.1.4 Orientation : constructions</line></par>
<par>
<line>- Typologie de logement</line></par>
<par>
<line>Il s'agira de constructions en R+1 au maximum, que ce soit pour les logements individuels ou pour les logements</line>
<line>groupés (maisons de village) ou logements intermédiaires (comprenant un logement en rez-de-chaussée et un</line>
<line>logement indépendant à l'étage) ou petits collectifs.</line></par>
<par>
<line>- Rapport à la rue, front bâti et sens de faîtage :</line></par>
<par>
<line>Les formes bâties plus denses seront situées dans la partie Ouest de l'opération et présenteront une façade</line>
<line>urbaine qualitative le long de la RD 564.</line></par>
<par>
<line>Les bâtiments seront implantés soit parallèlement à la RD 564, soit perpendiculairement.</line></par>
</text>
</block>
<block><region><rect/></region>
<text>
<par>
<line>W;\PRÛDUCTIÛN\PLU\2015\515130_|AILLANS_PLU\DÛSSlER\*pprobation\515130-ÛAP-appro.doc</line></par>
</text>
</block>
<block><region><rect/></region>
<text>
<par>
<line>5</line></par>
</text>
</block>


</page>
<page width="2479" height="3508" resolution="300">
<block><region><rect/></region>
<text>
<par>
<line>14/06/2018</line></par>
</text>
</block>
<block><region><rect/></region>
<text>
<par>
<line>Plan Local d'Urbanisme- JAILLANS - O.A.P.</line></par>
</text>
</block>
<block><region><rect/></region>
<text>
<par>
<line>2-Zone AUo2</line></par>
</text>
</block>
<block><region><rect/></region>
<text>
<par>
<line>Description générale :</line></par>
<par>
<line>La surface constructible de la zone AUo2 représente 6600 Cette zone, aujourd'hui occupée en partie par une</line>
<line>prairie et en partie utilisée par l'entreprise au sud, jouxte la route des Tonnets au Sud. Elle est longée à l'Ouest</line>
<line>par la voie de desserte du lotissement voisin et au sud par un chemin privé.</line></par>
<par>
<line>Les réseaux d'eau potable, d'électricité et d'assainissement sont présents au droit de la zone.</line></par>
<par>
<line>Enjeux :</line></par>
<par>
<line>- Proposer des formes urbaines et typologies d'habitat variées.</line></par>
<par>
<line>- Assurer une liaison piétonne avec les autres zones à urbaniser du quartier.</line></par>
<par>
<line>2.1Orientations d’aménagement :</line></par>
</text>
</block>
<block><region><rect/></region>
<text>
<par>
<line>Rappel des conditions d’ouverture à l’urbanisation : cette zone devra s’urbaniser dans le cadre d’une opération</line>
<line>d’aménagement d’ensemble.</line></par>
<par>
<line>2.1.1Orientation : logements attendus</line></par>
<par>
<line>La zone AUo2 devra accueillir au moins 9 logements, sous forme de logements groupés et/ou</line>
<line>intermédiaires et/ou collectifs en majorité et de logements individuels. Ce programme de logements</line>
<line>comprendra au moins 4 logements locatifs sociaux.</line></par>
</text>
</block>
<block><region><rect/></region>
<text>
<par>
<line>2.1.2Orientation : voiries et déplacements</line></par>
<par>
<line>- Accès</line></par>
<par>
<line>La zone sera desservie à partir de la route des Tonnets par</line>
<line>les chemins privés existants.</line></par>
<par>
<line>- Cheminements pour mode doux</line></par>
<par>
<line>Un cheminement doux vers le trottoir existant le long de la</line>
<line>voie de desserte du lotissement à l'Ouest sera prévu.</line></par>
<par>
<line>La voirie interne de l'opération pourra être traitée sous</line>
<line>forme de voie partagée (20Km/h) sur laquelle circuleront les</line>
<line>véhicules et les piétons et cycles, ou d'une voie</line>
<line>accompagnée d'un trottoir ou chemin piétons.</line></par>
</text>
</block>
<block><region><rect/></region>
<text>
<par/>
</text>
</block>
<block><region><rect/></region>
<text>
<par>
<line>1</line></par>
</text>
</block>
<block><region><rect/></region>
<text>
<par>
<line>*</line></par>
</text>
</block>
<block><region><rect/></region>
<text>
<par>
<line>%</line></par>
</text>
</block>
<block><region><rect/></region>
<text>
<par/>
</text>
</block>
<block><region><rect/></region>
<text>
<par/>
</text>
</block>
<block><region><rect/></region>
<text>
<par>
<line>*</line></par>
</text>
</block>
<block><region><rect/></region>
<text>
<par/>
</text>
</block>
<block><region><rect/></region>
<text>
<par/>
</text>
</block>
<block><region><rect/></region>
<text>
<par/>
</text>
</block>
<block><region><rect/></region>
<text>
<par/>
</text>
</block>
<block><region><rect/></region>
<text>
<par>
<line>• -1</line></par>
</text>
</block>
<block><region><rect/></region>
<text>
<par>
<line>I I Contour des secteurs concernés</line></par>
</text>
</block>
<block><region><rect/></region>
<text>
<par>
<line>Zone AUo2</line></par>
</text>
</block>
<block><region><rect/></region>
<text>
<par>
<line>Principe de desserte (position indicatve)</line></par>
</text>
</block>
<block><region><rect/></region>
<text>
<par>
<line>Liaisons piétonnes</line></par>
</text>
</block>
<block><region><rect/></region>
<text>
<par>
<line>Haie arbustive et/ou arborée</line></par>
</text>
</block>
<block><region><rect/></region>
<text>
<par>
<line>Habitat individuel</line></par>
</text>
</block>
<block><region><rect/></region>
<text>
<par>
<line>Ha bitat grou pe/intermed la ire/collectif</line></par>
</text>
</block>
<block><region><rect/></region>
<text>
<par>
<line>Implantation indicative du bâti</line></par>
</text>
</block>
<block><region><rect/></region>
<text>
<par>
<line>Sens de faîtage principal</line></par>
</text>
</block>
<block><region><rect/></region>
<text>
<par>
<line>W;\PRÛDUCTIÛN\PLU\2015\515130_|AILLANS_PLU\DÛSSlER\*pprobation\515130-ÛAP-appro.doc</line></par>
</text>
</block>
<block><region><rect/></region>
<text>
<par>
<line>6</line></par>
</text>
</block>








</page>
<page width="2479" height="3508" resolution="300">
<block><region><rect/></region>
<text>
<par>
<line>14/06/2018</line></par>
</text>
</block>
<block><region><rect/></region>
<text>
<par>
<line>Plan Local d'Urbanisme- JAILLANS - O.A.P.</line></par>
</text>
</block>
<block><region><rect/></region>
<text>
<par>
<line>2.1.3 Orientation : paysage - environnement</line></par>
<par>
<line>La limite ouest de l'opération doit être traitée de manière qualitative et impérativement végétalisée sous forme de</line>
<line>haie vive arborée ou d'alignement d'arbres.</line></par>
<par>
<line>Les constructions devront présenter un aspect en harmonie dans l'ensemble de la zone : type et couverture de</line>
<line>toitures similaires, coloris et type des façades harmonisés même si des coloriés différents sont possibles. Pas</line>
<line>d'éléments architecturaux disparates selon les constructions (génoises ou bardage).</line></par>
<par>
<line>Le long de la desserte principale de l'opération les clôtures seront similaires.</line></par>
<par>
<line>2.1.4 Orientation : constructions</line></par>
<par>
<line>- Typologie de logement</line></par>
<par>
<line>Il s'agira de constructions en R+1 au maximum, que ce soit pour les logements individuels ou pour les logements</line>
<line>groupés (maisons de village) ou logements intermédiaires (comprenant un logement en rez-de-chaussée et un</line>
<line>logement indépendant à l'étage) ou petits collectifs.</line></par>
<par>
<line>- Rapport à la rue, front bâti et sens de faîtage :</line></par>
<par>
<line>Les bâtiments seront implantés soit parallèlement, soit perpendiculairement à la voie de desserte longeant la</line>
<line>limite Ouest de la zone.</line></par>
<par>
<line>La localisation des formes bâties plus denses n'est pas imposée : le schéma de principe ne présente qu'une</line>
<line>possibilité d'implantation.</line></par>
</text>
</block>
<block><region><rect/></region>
<text>
<par>
<line>W;\PRÛDUCTIÛN\PLU\2015\515130_|AILLANS_PLU\DÛSSlER\*pprobation\515130-ÛAP-appro.doc</line></par>
</text>
</block>
<block><region><rect/></region>
<text>
<par>
<line>7</line></par>
</text>
</block>


</page>
<page width="2479" height="3508" resolution="300">
<block><region><rect/></region>
<text>
<par>
<line>14/06/2018</line></par>
</text>
</block>
<block><region><rect/></region>
<text>
<par>
<line>Plan Local d'Urbanisme- JAILLANS - O.A.P.</line></par>
</text>
</block>
<block><region><rect/></region>
<text>
<par>
<line>3-ZoneAUf</line></par>
</text>
</block>
<block><region><rect/></region>
<text>
<par>
<line>Description générale :</line></par>
<par>
<line>La surface à urbaniser de la zone AUf représente 8400 Cette zone est aujourd'hui occupée par une prairie.</line>
<line>Enjeux :</line></par>
<par>
<line>- Proposer des formes urbaines et typologies d'habitat variées.</line></par>
<par>
<line>- Assurer une liaison piétonne avec les autres zones à urbaniser du quartier.</line></par>
<par>
<line>3.1 Orientations d’aménagement :</line></par>
<par>
<line>Rappel des conditions d’ouverture à l’urbanisation : il s’agit d’une zone à urbaniser fermée qui ne pourra</line>
<line>s’urbaniser qu’après modification du PLU, une fois les réseaux réalisés au droit de cette zone.</line></par>
<par>
<line>3.1.1 Orientation : logements attendus</line></par>
</text>
</block>
<block><region><rect/><rect/></region>
<text>
<par>
<line>La zone AUf devra accueillir au moins 10 logements, sous forme de logements individuels en majorité, et de</line>
<line>logements groupés et/ou intermédiaires et/ou collectifs.</line></par>
<par>
<line>3.1.2Orientation : voiries et déplacements</line></par>
<par>
<line>- Accès</line></par>
<par>
<line>La zone sera desservie à partir de la voie de desserte du</line>
<line>lotissement au Sud-Ouest et/ou de la future voie de</line>
<line>desserte de la zone AUo2 au Sud.</line></par>
<par>
<line>- Cheminements pour mode doux</line></par>
<par>
<line>Un cheminement doux le long de la limite Ouest de la zone</line>
<line>sera prévu pour faire le lien entre le trottoir existant le long</line>
<line>de la voie de desserte du lotissement au Sud et la zone à</line>
<line>urbaniser au Nord-Ouest.</line></par>
<par>
<line>La voirie interne de l'opération pourra être traitée sous</line>
<line>forme de voie partagée (20Km/h) sur laquelle pourront</line>
<line>circuler les véhicules et les piétons et cycles ou d'une voie</line>
<line>accompagnée d'un trottoir ou chemin piétons.</line></par>
</text>
</block>
<block><region><rect/><rect/><rect/></region>
<text>
<par>
<line>I I Contour des secteurs concernés</line></par>
<par>
<line>Principe de desserte (position indicativo)</line>
<line>► Liaisons piétonnes</line>
<line>Haie arbustive et/ou arborée</line>
<line>Habitat individuel</line></par>
<par>
<line>Habitat groupé/intermèdiaire/collectif</line>
<line>Implantation indicative du bâti</line>
<line>*—&gt; Sens de faîtage principal</line></par>
</text>
</block>
<block><region><rect/></region>
<text>
<par>
<line>w:</line></par>
</text>
</block>
<block><region><rect/></region>
<text>
<par/>
</text>
</block>
<block><region><rect/></region>
<text>
<par>
<line>ZoneAUf</line></par>
</text>
</block>
<block><region><rect/></region>
<text>
<par>
<line>%</line></par>
</text>
</block>
<block><region><rect/></region>
<text>
<par>
<line>%</line></par>
</text>
</block>
<block><region><rect/></region>
<text>
<par/>
</text>
</block>
<block><region><rect/></region>
<text>
<par>
<line>%</line></par>
</text>
</block>
<block><region><rect/></region>
<text>
<par>
<line>%</line></par>
</text>
</block>
<block><region><rect/></region>
<text>
<par>
<line>%</line></par>
</text>
</block>
<block><region><rect/></region>
<text>
<par/>
</text>
</block>
<block><region><rect/></region>
<text>
<par>
<line>» Il</line></par>
</text>
</block>
<block><region><rect/></region>
<text>
<par>
<line>%</line></par>
</text>
</block>
<block><region><rect/></region>
<text>
<par/>
</text>
</block>
<block><region><rect/></region>
<text>
<par/>
</text>
</block>
<block><region><rect/></region>
<text>
<par/>
</text>
</block>
<block><region><rect/></region>
<text>
<par>
<line>4</line></par>
</text>
</block>
<block><region><rect/></region>
<text>
<par/>
</text>
</block>
<block><region><rect/></region>
<text>
<par/>
</text>
</block>
<block><region><rect/></region>
<text>
<par>
<line>fC</line></par>
</text>
</block>
<block><region><rect/></region>
<text>
<par>
<line>V:</line></par>
</text>
</block>
<block><region><rect/></region>
<text>
<par/>
</text>
</block>
<block><region><rect/></region>
<text>
<par>
<line>W;\PRÛDUCTIÛN\PLU\2015\515130_|AILLANS_PLU\DÛSSlER\*pprobation\515130-ÛAP-appro.doc</line></par>
</text>
</block>
<block><region><rect/></region>
<text>
<par>
<line>8</line></par>
</text>
</block>








</page>
<page width="2479" height="3508" resolution="300">
<block><region><rect/></region>
<text>
<par>
<line>14/06/2018</line></par>
</text>
</block>
<block><region><rect/></region>
<text>
<par>
<line>Plan Local d'Urbanisme- JAILLANS - O.A.P.</line></par>
</text>
</block>
<block><region><rect/></region>
<text>
<par>
<line>3.1.3 Orientation : paysage - environnement</line></par>
<par>
<line>La limite ouest de l'opération doit être traitée de manière qualitative et impérativement végétalisée sous forme de</line>
<line>haie vive arborée ou d'alignement d'arbres.</line></par>
<par>
<line>Les constructions devront présenter un aspect en harmonie dans l'ensemble de la zone : type et couverture de</line>
<line>toitures similaires, coloris et type des façades harmonisés même si des coloriés différents sont possibles. Pas</line>
<line>d'éléments architecturaux disparates selon les constructions (génoises ou bardage ou_).</line></par>
<par>
<line>Le long de la desserte principale de l'opération les clôtures seront similaires.</line></par>
<par>
<line>3.1.4 Orientation : constructions</line></par>
<par>
<line>- Typologie de logement</line></par>
<par>
<line>Il s'agira de constructions en R+1 au maximum, que ce soit pour les logements individuels ou pour les logements</line>
<line>groupés (maisons de village) ou logements intermédiaires (comprenant un logement en rez-de-chaussée et un</line>
<line>logement indépendant à l'étage) ou petits collectifs.</line></par>
<par>
<line>- Rapport à la rue, front bâti et sens de faîtage :</line></par>
<par>
<line>Les bâtiments seront implantés soit parallèlement, soit perpendiculairement à la limite Ouest de la zone.</line></par>
<par>
<line>La localisation des formes bâties plus denses n'est pas imposée : le schéma de principe ne présente qu'une</line>
<line>possibilité d'implantation.</line></par>
</text>
</block>
<block><region><rect/></region>
<text>
<par>
<line>W;\PRÛDUCTIÛN\PLU\2015\515130_|AILLANS_PLU\DÛSSlER\*pprobation\515130-ÛAP-appro.doc</line></par>
</text>
</block>
<block><region><rect/></region>
<text>
<par>
<line>9</line></par>
</text>
</block>


</page>
<page width="2479" height="3508" resolution="300">
<block><region><rect/></region>
<text>
<par>
<line>14/06/2018</line></par>
</text>
</block>
<block><region><rect/></region>
<text>
<par>
<line>Plan Local d'Urbanisme- JAILLANS - O.A.P.</line></par>
</text>
</block>
<block><region><rect/></region>
<text>
<par>
<line>4-Zone AUo3</line></par>
<par>
<line>Description générale :</line></par>
<par>
<line>La surface constructible de la zone AUo3 représente 8700 Cette zone, qui appartient à la commune, est</line>
<line>occupée par une prairie. Elle est bordée par la route de Beauregard à l'Ouest et par les équipements de sports et</line>
<line>loisirs communaux au Nord.</line></par>
</text>
</block>
<block><region><rect/></region>
<text>
<par>
<line>Les réseaux d'eau potable, d'électricité et d'assainissement sont présents au droit de la zone.</line></par>
<par>
<line>Enjeux :</line></par>
<par>
<line>- Assurer une qualité urbaine et paysagère le long de la route de Beauregard, située en continuité des</line>
<line>équipements de sports et loisirs communaux.</line></par>
<par>
<line>- Proposer des formes urbaines et typologies d'habitat variées.</line></par>
</text>
</block>
<block><region><rect/></region>
<text>
<par>
<line>4.1 Orientations d’aménagement :</line></par>
<par>
<line>Rappel des conditions d’ouverture à l’urbanisation : cette zone pourra s’urbaniser au fur et à mesure de la</line>
<line>réalisation des équipements internes nécessaires à l’opération.</line></par>
<par>
<line>4.1.1 Orientation : logements attendus</line></par>
</text>
</block>
<block><region><rect/></region>
<text>
<par>
<line>La zone AUo3 devra accueillir au moins 20 logements, sous forme de logements groupés et/ou</line>
<line>intermédiaires et/ou collectifs en majorité et de logements individuels. Ce programme de logements</line>
<line>comprendra au moins 3 logements locatifs sociaux.</line></par>
</text>
</block>
<block><region><rect/></region>
<text>
<par>
<line>4.1.2Orientation : voiries et déplacements</line></par>
<par>
<line>- Accès</line></par>
<par>
<line>La zone sera desservie à partir de la route de Beauregard à</line>
<line>l'Ouest.</line></par>
<par>
<line>- Cheminements pour mode doux</line></par>
<par>
<line>Un cheminement doux entre le chemin de Beauregard et</line>
<line>l'espace d'équipements communaux sera prévue.</line></par>
<par>
<line>La voirie interne de l'opération pourra être traitée sous forme</line>
<line>de voie partagée (20Km/h) sur laquelle circuleront les</line>
<line>véhicules et les piétons et cycles ou d'une voie accompagnée</line>
<line>d'un trottoir ou chemin piétons.</line></par>
</text>
</block>
<block><region><rect/><rect/></region>
<text>
<par/>
</text>
</block>
<block><region><rect/></region>
<text>
<par>
<line>Zone AUo3</line></par>
</text>
</block>
<block><region><rect/></region>
<text>
<par>
<line>&lt;■</line></par>
</text>
</block>
<block><region><rect/></region>
<text>
<par>
<line>S</line></par>
</text>
</block>
<block><region><rect/></region>
<text>
<par/>
</text>
</block>
<block><region><rect/></region>
<text>
<par/>
</text>
</block>
<block><region><rect/></region>
<text>
<par/>
</text>
</block>
<block><region><rect/></region>
<text>
<par/>
</text>
</block>
<block><region><rect/></region>
<text>
<par/>
</text>
</block>
<block><region><rect/></region>
<text>
<par>
<line>m</line></par>
</text>
</block>
<block><region><rect/></region>
<text>
<par/>
</text>
</block>
<block><region><rect/></region>
<text>
<par>
<line>m</line></par>
</text>
</block>
<block><region><rect/></region>
<text>
<par/>
</text>
</block>
<block><region><rect/></region>
<text>
<par>
<line>I I Contour des secteurs concernés</line></par>
<par>
<line>Principe de desserte (position indicativo)</line>
<line>► Liaisons piétonnes</line>
<line>Haie arbustive et/ou arborée</line>
<line>Habitat individuel</line></par>
<par>
<line>Habitat groupé/intermèdiaire/collectif</line>
<line>Implantation indicative du bâti</line>
<line>*—&gt; Sens de faîtage principal</line></par>
</text>
</block>
<block><region><rect/></region>
<text>
<par>
<line>W;\PRÛDUCTIÛN\PLU\2015\515130_|AILLANS_PLU\DÛSSlER\*pprobation\515130-ÛAP-appro.doc</line></par>
</text>
</block>
<block><region><rect/></region>
<text>
<par>
<line>10</line></par>
</text>
</block>












</page>
<page width="2479" height="3508" resolution="300">
<block><region><rect/></region>
<text>
<par>
<line>14/06/2018</line></par>
</text>
</block>
<block><region><rect/></region>
<text>
<par>
<line>Plan Local d'Urbanisme- JAILLANS - O.A.P.</line></par>
</text>
</block>
<block><region><rect/></region>
<text>
<par>
<line>4.1.3 Orientation : paysage - environnement</line></par>
<par>
<line>La limite ouest de l'opération doit être traitée de manière qualitative et impérativement végétalisée sous forme de</line>
<line>haie vive arborée.</line></par>
<par>
<line>Les constructions devront présenter un aspect en harmonie dans l'ensemble de la zone : type et couverture de</line>
<line>toitures similaires, coloris et type des façades harmonisés même si des coloriés différents sont possibles. Pas</line>
<line>d'éléments architecturaux disparates selon les constructions (génoises ou bardage ou_).</line></par>
<par>
<line>Le long de la route de Beauregard et de la desserte principale de l'opération les clôtures seront similaires.</line></par>
<par>
<line>4.1.4 Orientation : constructions</line></par>
<par>
<line>- Typologie de logement</line></par>
<par>
<line>Il s'agira de constructions en R+1 au maximum, que ce soit pour les logements individuels ou pour les logements</line>
<line>groupés (maisons de village) ou logements intermédiaires (comprenant un logement en rez-de-chaussée et un</line>
<line>logement indépendant à l'étage) ou petits collectifs.</line></par>
<par>
<line>- Rapport à la rue, front bâti et sens de faîtage :</line></par>
<par>
<line>Les formes bâties plus denses seront situées dans la partie Ouest de l'opération et présenteront une façade</line>
<line>urbaine qualitative le long de la route de Beauregard.</line></par>
<par>
<line>Les bâtiments seront implantés soit parallèlement à cette route, soit perpendiculairement.</line></par>
</text>
</block>
<block><region><rect/></region>
<text>
<par>
<line>W;\PRÛDUCTIÛN\PLU\2015\515130_|AILLANS_PLU\DÛSSlER\*pprobation\515130-ÛAP-appro.doc</line></par>
</text>
</block>
<block><region><rect/></region>
<text>
<par>
<line>11</line></par>
</text>
</block>


</page>
<page width="2479" height="3508" resolution="300">
<block><region><rect/></region>
<text>
<par>
<line>14/06/2018</line></par>
</text>
</block>
<block><region><rect/></region>
<text>
<par>
<line>Plan Local d'Urbanisme- JAILLANS - O.A.P.</line></par>
</text>
</block>
<block><region><rect/></region>
<text>
<par>
<line>5-Secteur en zone UD</line></par>
<par>
<line>Description générale :</line></par>
<par>
<line>Il s'agit d'un tènement de la zone UD dont la surface constructible représente 3500 Ce secteur, occupé par</line>
<line>une prairie, est bordé à l'Ouest par un ruisseau et sa ripisylve et au Nord et au Sud par des constructions</line>
<line>individuelles. Ce secteur est desservi par l'allée des Cerisiers (qui est une impasse).</line></par>
<par>
<line>5.1 Orientations d’aménagement :</line></par>
<par>
<line>5.1.1 Orientation : logements attendus</line></par>
<par>
<line>Ce secteur devra accueillir au moins 4 logements, sous forme de logements individuels.</line></par>
</text>
</block>
<block><region><rect/></region>
<text>
<par>
<line>5.1.2Orientation : paysage - environnement</line></par>
<par>
<line>La limite ouest de l'opération doit être impérativement</line>
<line>végétalisée.</line></par>
<par>
<line>Les constructions devront présenter un aspect en harmonie</line>
<line>dans l'ensemble du secteur : type et couverture de toitures</line>
<line>similaires, coloris et type des façades harmonisés même si des</line>
<line>coloriés différents sont possibles. Pas d'éléments</line>
<line>architecturaux disparates selon les constructions (génoises ou</line>
<line>bardage ou_).</line></par>
<par>
<line>Les clôtures le long des voies seront similaires.</line></par>
</text>
</block>
<block><region><rect/><rect/><rect/></region>
<text>
<par/>
</text>
</block>
<block><region><rect/></region>
<text>
<par>
<line>y'</line></par>
</text>
</block>
<block><region><rect/></region>
<text>
<par>
<line>K.</line></par>
</text>
</block>
<block><region><rect/></region>
<text>
<par>
<line>W;\PRÛDUCTIÛN\PLU\2015\515130_|AILLANS_PLU\DÛSSlER\*pprobation\515130-ÛAP-appro.doc</line></par>
</text>
</block>
<block><region><rect/></region>
<text>
<par>
<line>12</line></par>
</text>
</block>





</page>
</OAP>