<?xml version="1.0" encoding="UTF-8"?><OAP>
<page width="2489" height="3511" resolution="300">
<block><region><rect/><rect/></region>
<text>
<par>
<line>Commune de</line></par>
<par>
<line>Puchay</line></par>
<par>
<line>Département de l'Eure</line></par>
<par>
<line>Plan local d'urbanisme</line></par>
<par>
<line>Orientations d'Aménagement et</line>
<line>de Programmation</line></par>
</text>
</block>
<block><region><rect/></region>
<text>
<par/>
</text>
</block>
<block><region><rect/><rect/><rect/><rect/><rect/></region>
<text>
<par/>
</text>
</block>
<block><region><rect/><rect/></region>
<text>
<par>
<line>le maire,</line></par>
<par>
<line>Thierry WWB''</line></par>
</text>
</block>
<block><region><rect/></region>
<text>
<par/>
</text>
</block>
<block><region><rect/></region>
<text>
<par/>
</text>
</block>
<block><region><rect/></region>
<text>
<par>
<line>. A</line></par>
</text>
</block>
<block><region><rect/></region>
<text>
<par>
<line>t,</line></par>
</text>
</block>
<block><region><rect/></region>
<text>
<par/>
</text>
</block>
<block><region><rect/></region>
<text>
<par>
<line>\ l</line></par>
</text>
</block>
<block><region><rect/></region>
<text>
<par>
<line>PLU approuvé par délibération du Conseil Municipal</line>
<line>du 24 février 2017</line></par>
<par>
<line>Document 03</line></par>
</text>
</block>
<block><region><rect/></region>
<text>
<par>
<line>Mairie de Puchay, 7 rue du Bout de Bas (27 150)</line>
<line>Tel : 02 32 55 76 58</line></par>
</text>
</block>
<block><region><rect/></region>
<text>
<par>
<line>Le Dez - Legendre - 23, avenue Carnot - 91370 Verrières-le-Buisson</line></par>
<par>
<line>Atelier Altern paysagistes, ingénieurs ENSNP - 74 rue Victor Hugo - 93500 Pantin</line></par>
</text>
</block>
<block><region><rect/></region>
<text>
<par>
<line>1</line></par>
</text>
</block>





</page>
<page width="2479" height="3508" resolution="300">
</page>
<page width="2479" height="3508" resolution="300">
<block><region><rect/></region>
<text>
<par>
<line>Orientations d'Aménagement et de Programmation - Puchay - novembre 2015</line></par>
</text>
</block>
<block><region><rect/></region>
<text>
<par>
<line>SOMMAIRE</line></par>
</text>
</block>
<block><region><rect/></region>
<text>
<par>
<line>I. OAP THEMATIQUE : TRAITEMENT DES LIMITES ET JARDINS.3</line></par>
<par>
<line>Constats.3</line></par>
<par>
<line>Enjeux.3</line></par>
<par>
<line>Actions.3</line></par>
<par>
<line>Les limites parcellaires et jardins.5</line></par>
<par>
<line>Distance de plantation et hauteur des végétaux près des limites de propriété.6</line></par>
</text>
</block>
<block><region><rect/></region>
<text>
<par>
<line>2</line></par>
</text>
</block>
<block><region><rect/></region>
<text>
<par>
<line>Le Dez - Legendre - 23, avenue Carnot - 91370 Verrières-ie-Buisson</line></par>
<par>
<line>Atelier Aitern paysagistes, ingénieurs ENSNP - 74 rue Victor Hugo - 93500 Pantin</line></par>
</text>
</block>








</page>
<page width="2479" height="3508" resolution="300">
<block><region><rect/></region>
<text>
<par>
<line>Orientations d'Aménagement et de Programmation - Puchay - novembre 2015</line></par>
</text>
</block>
<block><region><rect/></region>
<text>
<par>
<line>I. OAP THÉMATIQUE : TRAITEMENT DES LIMITES ET</line>
<line>JARDINS</line></par>
</text>
</block>
<block><region><rect/></region>
<text>
<par>
<line>Il s'agit de développer un langage commun que les projets spécifiques viendront développer et</line>
<line>enrichir, autour des questions d'aménagement des limites de devant et de fond de parcelle :</line>
<line>traitement des clôtures, et des plantations.</line></par>
</text>
</block>
<block><region><rect/></region>
<text>
<par>
<line>Constats</line></par>
<par>
<line>Les villages ruraux du canton d'Etrepagny ont bien souvent une silhouette caractéristique, qui se</line>
<line>détache du plateau agricole : celle du village-bosquet. Le motif végétal est ainsi visible de loin, et</line>
<line>définit une figure paysagère particulière.</line></par>
<par>
<line>À l'échelle parcellaire, on s'aperçoit que cette trame paysagère est issue d'une organisation</line>
<line>spécifique des villages : les fonds de parcelles, et le chemin de tour de ville, portaient</line>
<line>traditionnellement les arbres de grand développement. Les parcelles en limites de village</line>
<line>présentaient des prairies ouvertes sur le grand paysage, ainsi que des vergers. Enfin, en cœur de</line>
<line>village, lorsque les constructions ne sont pas construites au droit de la rue, des haies et des arbres</line>
<line>de petit développement agrémentent le paysage de la rue traversant le bourg.</line></par>
<par>
<line>Certaines masses arborées sont encore très présentes, même si le remembrement et la disparition</line>
<line>de nombreux chemins de tour de village ont emporté avec eux quelques beaux sujets.</line></par>
<par>
<line>Cependant, les constructions nouvelles se font souvent sans tenir compte de cette logique végétale</line>
<line>et d'un traitement des limites spécifique et contextualisé.</line></par>
</text>
</block>
<block><region><rect/></region>
<text>
<par>
<line>Enjeux</line></par>
<par>
<line>- Aménager des parcelles de jardins liées aux constructions nouvelles, qui, lorsqu'elles sont</line>
<line>plantées d'arbres, participent, les unes associées aux autres, à entretenir et porter l'image et la</line>
<line>silhouette des villages-bosquets.</line></par>
<par>
<line>- Améliorer la trame arborée des villages en ayant recours à des arbres de haut jet, ou des arbres</line>
<line>à plus petit développement, tels des fruitiers, selon les situations et la place disponible.</line></par>
<par>
<line>- Adapter la gestion des limites en fonction du contexte (sur rue ou sur champs), afin de mieux</line>
<line>inscrire l'opération dans son paysage</line></par>
</text>
</block>
<block><region><rect/></region>
<text>
<par>
<line>Actions</line>
<line>Trame arborée</line></par>
<par>
<line>- L'ambiance et le caractère végétalisé 'initial du site doivent être maintenus.</line></par>
<par>
<line>- La conservation de la majorité 'des éléments végétaux identifiés, ou leur restauration, doit être</line>
<line>intégrée à l'aménagement des espaces libres de constructions et installations autorisées.</line>
<line>L'implantation des constructions sur la parcelle doit rechercher en priorité 'la préservation de ces</line>
<line>éléments végétaux et les faire participer à l'agrément du projet.</line></par>
</text>
</block>
<block><region><rect/></region>
<text>
<par>
<line>Haies</line></par>
<par>
<line>Concernant la création de haies, y compris en limites séparatives, des essences locales et variées</line>
<line>doivent être privilégiées. Elles devront également être adaptées aux caractéristiques pédologiques</line>
<line>et climatiques de la zone plantée.</line></par>
</text>
</block>
<block><region><rect/></region>
<text>
<par>
<line>Le Dez - Legendre - 23, avenue Carnot - 91370 Verrières-le-Buisson</line></par>
<par>
<line>Atelier Altern paysagistes, ingénieurs ENSNP - 74 rue Victor Hugo - 93500 Pantin</line></par>
</text>
</block>
<block><region><rect/></region>
<text>
<par>
<line>3</line></par>
</text>
</block>


</page>
<page width="2479" height="3508" resolution="300">
<block><region><rect/></region>
<text>
<par>
<line>Orientations d'Aménagement et de Programmation - Puchay - novembre 2015</line></par>
</text>
</block>
<block><region><rect/></region>
<text>
<par>
<line>Clôtures et haies : sur rue</line></par>
<par>
<line>La clôture assure la transition entre l'espace privé et l'espace public et participe à la qualité 'du</line>
<line>paysage.</line></par>
<par>
<line>Une attention particulière doit donc être apportée dans la conception et la réalisation de ces</line>
<line>clôtures :</line></par>
<par>
<line>• en évitant la multiplicité 'des matériaux,</line></par>
<par>
<line>• en recherchant la simplicité 'des formes et des structures,</line></par>
<par>
<line>• en tenant compte du bâti et du site environnants ainsi que des clôtures adjacentes.</line></par>
<par>
<line>Les coffrets de comptage, boites à lettres, etc. doivent être soigneusement intégrés à ces clôtures.</line>
<line>Les clôtures éventuelles peuvent être constituées par des haies composées d'essences locales</line>
<line>doublées ou non d'un grillage, des murs en pierres ou en maçonnerie, des parois en bois, des</line>
<line>grilles ou des barreaudages ou par des dispositifs associant ces différents éléments sous réserve de</line>
<line>respecter les dispositions du PLU.</line></par>
<par>
<line>Les plaques béton, les végétaux artificiels et l'emploi brut en parement extérieur de matériaux</line>
<line>fabriqués en vue d'être recouverts d'un enduit sont interdits.</line></par>
<par>
<line>En limite d'emprise publique, l'usage de matériaux de synthèse comme le PVC n'est autorisé que</line>
<line>pour les lisses, barreaudages et portails.</line></par>
<par>
<line>En bordure des emprises publiques la hauteur maximale d'une clôture est de 1,40 mètre.</line></par>
<par>
<line>Des hauteurs plus importantes, sans toutefois dépasser 2,00 mètres et sous réserve d'une bonne</line>
<line>intégration dans l'environnement, pourront être autorisées lorsque la clôture est édifiée dans le</line>
<line>prolongement de murs anciens en pierres en bon état de conservation.</line></par>
</text>
</block>
<block><region><rect/></region>
<text>
<par>
<line>Clôtures et haies : en limites séparatives</line></par>
<par>
<line>La hauteur maximale des clôtures est de 2,00 mètres.</line></par>
</text>
</block>
<block><region><rect/></region>
<text>
<par>
<line>Clôtures et haies : sur espace agricole</line></par>
<par>
<line>En bordure des espaces agricoles, les clôtures doivent entre constituées uniquement par des haies</line>
<line>vives composées d'essences locales doublées éventuellement d'un grillage ou d'un treillis soudé</line>
<line>réalisé 'en galvanisé sans couleur, ou d'une couleur gris foncé RAL 7016 ou similaire. Les grillages</line>
<line>verts sont à éviter.</line></par>
<par>
<line>La hauteur maximale est de 2,00 mètres.</line></par>
</text>
</block>
<block><region><rect/></region>
<text>
<par>
<line>La hauteur de la clôture se mesure à partir du sol de l'emprise publique qui la jouxte ou du sol sur</line>
<line>son emprise pour les clôtures en limites séparatives, avant tout remaniement de terrain. Des</line>
<line>dérogations ponctuelles de hauteur pourront être accordées si le relief naturel le justifie.</line></par>
</text>
</block>
<block><region><rect/></region>
<text>
<par>
<line>Composition des haies</line></par>
<par>
<line>Les haies pourront être des haies vives diversifiées, ou monospécifiques, en favorisant toutefois les</line>
<line>espèces locales (charme, hêtre, etc.). Le thuya est à proscrire.</line></par>
<par>
<line>Elles pourront être taillées, ou laissées en port libre, sans toutefois dépasser les 2m de hauteur.</line></par>
</text>
</block>
<block><region><rect/></region>
<text>
<par>
<line>4</line></par>
</text>
</block>
<block><region><rect/></region>
<text>
<par>
<line>Le Dez - Legendre - 23, avenue Carnot - 91370 Verrières-le-Buisson</line></par>
<par>
<line>Atelier Altern paysagistes, ingénieurs ENSNP - 74 rue Victor Hugo - 93500 Pantin</line></par>
</text>
</block>


</page>
<page width="2868" height="4058" resolution="347">
<block><region><rect/></region>
<text>
<par>
<line>Orientations d'Aménagement et de Programmation - Puchay - novembre 2015</line></par>
</text>
</block>
<block><region><rect/></region>
<text>
<par>
<line>Les limites parcellaires et jardins</line></par>
</text>
</block>
<block><region><rect/><rect/></region>
<text>
<par>
<line>Ce schéma illustre le cas où la</line>
<line>parcelle est située en limite de</line>
<line>plusieurs emprises : rue principale</line>
<line>(celle de l'adresse postale), champ en</line>
<line>fond de parcelle et chemin piétonnier.</line></par>
<par>
<line>Pour toute construction nouvelle</line>
<line>prévoyant de clôturer son terrain, il</line>
<line>sera judicieux de concevoir le projet</line>
<line>en cohérence avec le statut des</line>
<line>différents espaces de la parcelle (bâti,</line>
<line>jardin de «devant», jardin privatif à</line>
<line>l'arrière) et celui des espaces qui l'environnent</line></par>
</text>
</block>
<block><region><rect/></region>
<text>
<par/>
</text>
</block>
<block><region><rect/></region>
<text>
<par/>
</text>
</block>
<block><region><rect/></region>
<text>
<par>
<line>hita</line></par>
</text>
</block>
<block><region><rect/></region>
<text>
<par>
<line>isi</line></par>
</text>
</block>
<block><region><rect/></region>
<text>
<par>
<line>ha</line></par>
</text>
</block>
<block><region><rect/></region>
<text>
<par/>
</text>
</block>
<block><region><rect/></region>
<text>
<par>
<line>ch®</line></par>
</text>
</block>
<block><region><rect/></region>
<text>
<par/>
</text>
</block>
<block><region><rect/></region>
<text>
<par>
<line>En façade principale sur rue, une clôture de faible hauteur permettra de mettre en scène la</line>
<line>maison et son jardin de «devant». La clôture peut être végétalisée, et/ou de type grillage ou</line>
<line>muret. Ce devant de maison pourra être planté d'arbres de petit taille..</line></par>
<par>
<line>En bordure de chemin piétonnier ou en limite mitoyenne avec une habitation voisine, une</line></par>
<par>
<line>hauteur supérieure à 1,40 m est tolérée pour protéger l'intimité de l'espace privatif. La clôture peut</line>
<line>être végétalisée, et/ou de type grillage ou muret.</line></par>
<par>
<line>En bordure d'espace agricole, il est recommandé d'avoir recours à des haies. Le jardin arrière</line>
<line>pourra être investi d'arbres de grand développement, en veillant toutefois à ne pas gêner la</line>
<line>parcelle voisine (implanté en respectant un retrait minimum de 5 m par rapport à la limite</line>
<line>séparative).</line></par>
</text>
</block>
<block><region><rect/></region>
<text>
<par>
<line>Quelle que soit la situation (sur rue, sur champs, ou limite mitoyenne d'une autre habitation...) les</line>
<line>haies seront toujours implantées à au moins 1 m de la limite de propriété, afin d'en faciliter</line>
<line>l'entretien.</line></par>
</text>
</block>
<block><region><rect/></region>
<text>
<par>
<line>Plus la largeur du chemin piétonnier est étroite et plus une clôture constituée partiellement ou en</line>
<line>totalité par une haie conférera une ambiance agréable au cheminement tout en assurant une</line>
<line>protection efficace des jardins.</line></par>
</text>
</block>
<block><region><rect/></region>
<text>
<par>
<line>Le Dez - Legendre - 23, avenue Carnot - 91370 Verrières-le-Buisson</line></par>
<par>
<line>Atelier Altern paysagistes, ingénieurs ENSNP - 74 rue Victor Hugo - 93500 Pantin</line></par>
</text>
</block>
<block><region><rect/></region>
<text>
<par>
<line>5</line></par>
</text>
</block>





</page>
<page width="2479" height="3508" resolution="300">
<block><region><rect/></region>
<text>
<par>
<line>Orientations d'Aménagement et de Programmation - Puchay - novembre 2015</line></par>
</text>
</block>
<block><region><rect/></region>
<text>
<par>
<line>Distance de plantation et hauteur des végétaux près des limites de propriété</line></par>
</text>
</block>
<block><region><rect/></region>
<text>
<par>
<line>V</line></par>
</text>
</block>
<block><region><rect/></region>
<text>
<par>
<line>&gt;</line></par>
</text>
</block>
<block><region><rect/></region>
<text>
<par>
<line>2</line></par>
</text>
</block>
<block><region><rect/></region>
<text>
<par/>
</text>
</block>
<block><region><rect/></region>
<text>
<par>
<line>flS</line></par>
</text>
</block>
<block><region><rect/></region>
<text>
<par/>
</text>
</block>
<block><region><rect/></region>
<text>
<par>
<line>Li</line></par>
</text>
</block>
<block><region><rect/></region>
<text>
<par/>
</text>
</block>
<block><region><rect/></region>
<text>
<par>
<line>U</line></par>
</text>
</block>
<block><region><rect/></region>
<text>
<par/>
</text>
</block>
<block><region><rect/></region>
<text>
<par>
<line>w</line></par>
</text>
</block>
<block><region><rect/></region>
<text>
<par/>
</text>
</block>
<block><region><rect/></region>
<text>
<par/>
</text>
</block>
<block><region><rect/></region>
<text>
<par>
<line>B</line></par>
</text>
</block>
<block><region><rect/></region>
<text>
<par/>
</text>
</block>
<block><region><rect/></region>
<text>
<par>
<line>E</line></par>
</text>
</block>
<block><region><rect/></region>
<text>
<par>
<line>;</line></par>
</text>
</block>
<block><region><rect/></region>
<text>
<par>
<line>2.00 m</line></par>
</text>
</block>
<block><region><rect/></region>
<text>
<par>
<line>h</line></par>
</text>
</block>
<block><region><rect/></region>
<text>
<par/>
</text>
</block>
<block blockType="Table" blockName="" l="1298" t="1229" r="1711" b="1454"><region><rect/></region>
<row>
<cell rowSpan="2" leftBorder="White" topBorder="White" rightBorder="White" bottomBorder="White" width="167" height="178">
<text>
<par>
<line>^ A</line></par>
</text></cell>
<cell leftBorder="White" topBorder="White" rightBorder="White" bottomBorder="White" width="246" height="127">
<text>
<par>
<line>Un</line></par>
</text></cell></row>
<row>
<cell leftBorder="White" topBorder="White" rightBorder="White" bottomBorder="White" width="246" height="51">
<text>
<par>
<line>mètres</line></par>
</text></cell></row>
<row>
<cell leftBorder="White" topBorder="White" rightBorder="White" bottomBorder="White" width="167" height="47">
<text>
<par>
<line>r_jr</line></par>
</text></cell>
<cell leftBorder="White" topBorder="White" rightBorder="White" bottomBorder="White" width="246" height="47">
<text>
<par>
<line>moins</line></par>
</text></cell></row>
</block>
<block><region><rect/><rect/></region>
<text>
<par>
<line>cinq mètres de la</line>
<line>limite séparative.Une haie de</line>
<line>moins de deux mètres peut</line>
<line>être plantée à partir de 1 m</line>
<line>de la limite séparative.</line></par>
</text>
</block>
<block><region><rect/></region>
<text>
<par>
<line>4]</line></par>
<par>
<line>2</line></par>
<par>
<line>fSi</line></par>
<par>
<line>o-</line></par>
</text>
</block>
<block><region><rect/></region>
<text>
<par>
<line>?.3o.r[:L</line></par>
</text>
</block>
<block><region><rect/></region>
<text>
<par>
<line>&lt;Li</line></par>
</text>
</block>
<block><region><rect/></region>
<text>
<par>
<line>E</line></par>
</text>
</block>
<block><region><rect/></region>
<text>
<par>
<line>h-</line></par>
</text>
</block>
<block><region><rect/></region>
<text>
<par>
<line>V-</line></par>
</text>
</block>
<block><region><rect/></region>
<text>
<par/>
</text>
</block>
<block><region><rect/></region>
<text>
<par/>
</text>
</block>
<block><region><rect/></region>
<text>
<par/>
</text>
</block>
<block><region><rect/></region>
<text>
<par/>
</text>
</block>
<block><region><rect/></region>
<text>
<par/>
</text>
</block>
<block><region><rect/></region>
<text>
<par>
<line>A</line></par>
</text>
</block>
<block><region><rect/></region>
<text>
<par>
<line>B</line></par>
</text>
</block>
<block><region><rect/></region>
<text>
<par/>
</text>
</block>
<block><region><rect/></region>
<text>
<par>
<line>Si le végétal dépasse 2</line>
<line>mètres de hauteur alors qu'il</line>
<line>se trouve implanté à moins</line>
<line>de 5 mètres de la limite</line>
<line>séparative, le voisin (B) peut</line>
<line>exiger que A arrache l'arbre</line>
<line>ou le réduise à la hauteur</line>
<line>légale.</line></par>
</text>
</block>
<block><region><rect/></region>
<text>
<par>
<line>6</line></par>
</text>
</block>
<block><region><rect/></region>
<text>
<par>
<line>Le Dez - Legendre - 23, avenue Carnot - 91370 Verrières-ie-Buisson</line></par>
<par>
<line>Ateiier Aitern paysagistes, ingénieurs ENSNP - 74 rue Victor Hugo - 93500 Pantin</line></par>
</text>
</block>










<block blockType="Picture" blockName="" l="1179" t="1529" r="1446" b="1641"><region><rect/></region>
</block>
<block blockType="Picture" blockName="" l="861" t="1531" r="1100" b="1641"><region><rect/></region>
</block>
</page>
<page width="2479" height="3508" resolution="300">
<block><region><rect/></region>
<text>
<par>
<line>Orientations d'Aménagement et de Programmation - Puchay - novembre 2015</line></par>
</text>
</block>
<block><region><rect/></region>
<text>
<par>
<line>î</line></par>
<par>
<line>n</line></par>
<par>
<line>Cl</line></par>
<par>
<line>’flj</line></par>
<par>
<line>« I</line></par>
<par>
<line>ëI</line></par>
</text>
</block>
<block><region><rect/></region>
<text>
<par>
<line>— l_,</line></par>
</text>
</block>
<block><region><rect/></region>
<text>
<par/>
</text>
</block>
<block><region><rect/></region>
<text>
<par>
<line>IV</line></par>
<par>
<line>’S</line></par>
</text>
</block>
<block><region><rect/></region>
<text>
<par>
<line>B</line></par>
</text>
</block>
<block><region><rect/></region>
<text>
<par>
<line>cc</line></par>
</text>
</block>
<block><region><rect/></region>
<text>
<par>
<line>U.</line></par>
</text>
</block>
<block><region><rect/></region>
<text>
<par>
<line>U</line></par>
</text>
</block>
<block><region><rect/></region>
<text>
<par/>
</text>
</block>
<block><region><rect/></region>
<text>
<par>
<line>a</line></par>
</text>
</block>
<block><region><rect/></region>
<text>
<par>
<line>E</line></par>
</text>
</block>
<block><region><rect/></region>
<text>
<par>
<line>A</line></par>
</text>
</block>
<block><region><rect/></region>
<text>
<par>
<line>Si le mur appartient à B :</line>
<line>A n'a pas le droit de planter</line>
<line>en espalier.</line></par>
<par>
<line>B a le droit de planter en</line>
<line>espalier sans dépasser la</line>
<line>hauteur H du mur.</line></par>
<par>
<line>Si le mur est mitoyen :</line></par>
<par>
<line>A et B ont le droit de planter</line>
<line>en espalier.</line></par>
<par>
<line>Si l'espalier de B dépasse la</line>
<line>hauteur H, A pourra exiger de</line>
<line>B qu'il soit réduit jusqu'à H.</line></par>
</text>
</block>
<block><region><rect/></region>
<text>
<par>
<line>(V</line></par>
</text>
</block>
<block><region><rect/></region>
<text>
<par/>
</text>
</block>
<block><region><rect/></region>
<text>
<par>
<line>CD</line></par>
</text>
</block>
<block><region><rect/></region>
<text>
<par>
<line>CL</line></par>
</text>
</block>
<block><region><rect/></region>
<text>
<par>
<line>U</line></par>
</text>
</block>
<block><region><rect/></region>
<text>
<par>
<line>en</line></par>
</text>
</block>
<block><region><rect/></region>
<text>
<par>
<line>V</line></par>
</text>
</block>
<block><region><rect/></region>
<text>
<par>
<line>^ 1-</line></par>
</text>
</block>
<block><region><rect/></region>
<text>
<par/>
</text>
</block>
<block><region><rect/></region>
<text>
<par>
<line>^ /J</line></par>
</text>
</block>
<block><region><rect/></region>
<text>
<par>
<line>i</line></par>
</text>
</block>
<block><region><rect/></region>
<text>
<par/>
</text>
</block>
<block><region><rect/></region>
<text>
<par>
<line>f . T</line></par>
</text>
</block>
<block><region><rect/></region>
<text>
<par>
<line>Ll ^</line></par>
</text>
</block>
<block><region><rect/></region>
<text>
<par>
<line>1%</line></par>
</text>
</block>
<block><region><rect/></region>
<text>
<par/>
</text>
</block>
<block><region><rect/></region>
<text>
<par/>
</text>
</block>
<block><region><rect/><rect/><rect/></region>
<text>
<par>
<line>B ne peut pas couper les</line>
<line>branches débordant sur sa</line>
<line>propriété d'un arbre planté à</line>
<line>la distance réglementaire par</line>
<line>A, mais il peut contraindre</line>
<line>celui-ci à le faire. Les fruits</line>
<line>tombés naturellement de ces</line>
<line>g branches lui appartiennent,</line>
<line>g a par contre le droit de</line>
<line>couper lui-même les racines</line>
<line>qui dépassent la limite sépa¬</line>
<line>rative.</line></par>
</text>
</block>
<block><region><rect/></region>
<text>
<par>
<line>Le Dez - Legendre - 23, avenue Carnot - 91370 Verrières-ie-Buisson</line></par>
<par>
<line>Ateiier Aitern paysagistes, ingénieurs ENSNP - 74 rue Victor Hugo - 93500 Pantin</line></par>
</text>
</block>
<block><region><rect/></region>
<text>
<par>
<line>7</line></par>
</text>
</block>















<block blockType="Picture" blockName="" l="670" t="1012" r="715" b="1110"><region><rect/></region>
</block>
</page>
</OAP>