<?xml version="1.0" encoding="UTF-8"?><OAP>
<page width="2479" height="3508" resolution="300">
<block><region><rect/></region>
<text>
<par>
<line>PLAN LOCAL D'URBANISME</line></par>
<par>
<line>COMMUNE D'ARGOL</line></par>
</text>
</block>
<block><region><rect/></region>
<text>
<par>
<line>ORIENTATIONS D'AMENAGEMENT</line></par>
</text>
</block>
<block><region><rect/></region>
<text>
<par>
<line>Elaboration prescrite par délibération du Conseil Municipal le : 27 juin 2002</line>
<line>Débat préalable organisé au sein du CM le : 08 juillet 2005</line>
<line>PLU arrêté par délibération du Conseil Municipal le : 14 octobre 2005</line>
<line>PLU approuvé par délibération du Conseil Municipal le : 15 septembre 2006</line>
<line>PLU rendu exécutoire le : 15 novembre 2006</line></par>
</text>
</block>
<block><region><rect/></region>
<text>
<par>
<line>page 1</line></par>
</text>
</block>




</page>
<page width="2479" height="3508" resolution="300">
<block><region><rect/></region>
<text>
<par>
<line>LES DISPOSITIONS QUI ACCOMPAGNENT CE PROJ ET</line></par>
</text>
</block>
<block><region><rect/></region>
<text>
<par>
<line>1- La préservation et la création de nouveaux centres villes</line></par>
<par>
<line>Le PLU ne préconise pas la création de nouveaux centres urbains. L'aménagement du centre</line>
<line>bourg d'ARGOL se poursuit par la mise à disposition de surfaces constructibles au cœur du</line>
<line>bourg ou en périphérie.</line></par>
<par>
<line>Cette réflexion vise à maintenir un cadre de vie urbain de qualité et une certaine attractivité du</line>
<line>centre bourg en terme de constructions neuves, de services et de commerces.</line></par>
<par>
<line>Dans ce secteur, l'image urbaine recherchée, la densité autorisée et le règlement imposé</line>
<line>permettent la conservation d'une forte mixité habitat - commerces - activités.</line></par>
</text>
</block>
<block><region><rect/></region>
<text>
<par>
<line>2- La restructuration, la réhabilitation et la lutte contre l'insalubrité (îlots, secteurs,</line>
<line>quartiers, immeubles^)</line></par>
<par>
<line>La commune d'ARGOL n'est pas concernée par de telles dispositions.</line></par>
</text>
</block>
<block><region><rect/></region>
<text>
<par>
<line>3- Le traitement des entrées de ville (art L.111-1-4)</line></par>
<par>
<line>La commune compte deux voies classées à grande circulation : la RD791 et la RD887.</line></par>
<par>
<line>Parcourant la commune en partie Nord selon un axe Est-Ouest, la RD 791 permet de relier la</line>
<line>Presqu'île de CROZON à l'agglomération brestoise. Cet axe n'engendre pas de contrainte en</line>
<line>terme de constructibilité.</line></par>
<par>
<line>De même, la RD 887, voie favorisant le désenclavement de la Presqu'île à partir du Pays de</line>
<line>Cornouaille, traverse sur 1,5 km le territoire communal. Cette dernière n'affecte pas le</line>
<line>développement de l'urbanisation.</line></par>
<par>
<line>Néanmoins, des aménagements urbains pourront venir accompagner la réalisation de voies</line>
<line>nouvelles et l'amélioration des existantes.</line></par>
<par>
<line>La commune s'est engagée dans ce sens avec l'aménagement du centre bourg qui permet de</line>
<line>disposer dès à présent d'une amélioration de la sécurité (vitesse réduite par des aménagements,</line>
<line>signalétique^), du paysage naturel et urbain (mobilier urbain, plantations...).</line></par>
</text>
</block>
<block><region><rect/></region>
<text>
<par>
<line>4- Les mesures assurant la préservation des paysages</line></par>
<par>
<line>Le paysage communal, dans ses variantes, ses diversités et ses richesses, représente aujourd'hui</line></par>
<par>
<line>l'atout premier d'ARGOL.</line></par>
<par>
<line>Le P.A.D.D retient les dispositions suivantes :</line></par>
<par>
<line>■ maintenir une zone agricole équilibrée sur l'ensemble du territoire communal, notamment par</line>
<line>la préservation des talus qui assure une régulation hydrologique ;</line></par>
<par>
<line>■ protéger et mettre en valeur les zones de vallées, les zones humides et boisements</line>
<line>significatifs (vallée de l'Aulne, la Montagne d'ARGOL) de la commune ;</line></par>
<par>
<line>■ prendre en compte l'architecture traditionnelle locale dans les projets de construction et</line>
<line>d'aménagement en centre bourg ;</line></par>
<par>
<line>■ protéger durablement l'espace littoral et estuarien de la commune, afin d'y assurer une</line>
<line>diversité naturelle, écologique et floristique ;</line></par>
<par>
<line>■ mettre en valeur les éléments du petit patrimoine historique de la commune : puits, calvaires,</line>
<line>croix, en les répertoriant au titre de l'article L.123-1-7 du Code de l'Urbanisme.</line></par>
</text>
</block>
<block><region><rect/></region>
<text>
<par>
<line>page 2</line></par>
</text>
</block>
</page>
<page width="2479" height="3508" resolution="300">
<block><region><rect/></region>
<text>
<par>
<line>EMPLACEMENTS RESERVES</line></par>
</text>
</block>
<block><region><rect/></region>
<text>
<par>
<line>Les "emplacements réservés" sont des terrains ou bâtiments affectés au profit de la collectivité</line>
<line>(commune, département...) à des opérations d'aménagements publics d'intérêt général.</line></par>
<par>
<line>Il s'agit de réserver les terrains nécessaires à la réalisation d'équipements publics afin qu'ils ne</line>
<line>puissent être affectés à une autre utilisation :</line></par>
</text>
</block>
<block blockType="Table" blockName="" l="340" t="796" r="2134" b="1067"><region><rect/></region>
<row>
<cell width="117" height="109">
<text>
<par>
<line>n°</line></par>
</text></cell>
<cell width="843" height="109">
<text>
<par>
<line>Désignation de l'opération</line></par>
</text></cell>
<cell width="416" height="109">
<text>
<par>
<line>Emprise de</line>
<line>l'opération</line></par>
</text></cell>
<cell width="418" height="109">
<text>
<par>
<line>Collectivité</line></par>
<par>
<line>concernée</line></par>
</text></cell></row>
<row>
<cell width="117" height="162">
<text>
<par>
<line>1</line></par>
</text></cell>
<cell width="843" height="162">
<text>
<par>
<line>Extension du cimetière</line></par>
</text></cell>
<cell width="416" height="162">
<text>
<par>
<line>2190,64 m^</line></par>
</text></cell>
<cell width="418" height="162">
<text>
<par>
<line>commune</line></par>
</text></cell></row>
</block>
<block><region><rect/></region>
<text>
<par>
<line>page 3</line></par>
</text>
</block>





</page>
<page width="2479" height="3508" resolution="300">
<block><region><rect/></region>
<text>
<par>
<line>PRINCIPES D'AMENAGEMENT ET</line>
<line>D'EQUIPEMENT DES ZONES AU</line></par>
</text>
</block>
<block><region><rect/></region>
<text>
<par>
<line>■ La zone 1AUc du terrain de football :</line></par>
<par>
<line>Bordée en partie Nord et Ouest par un tissu urbain dense caractéristique d'un centre bourg breton</line>
<line>(petites parcelles, alignement des constructions par rapport aux voies, hauteur présentant un R +</line>
<line>1 + comble) et sur sa frange Sud par un quartier pavillonnaire, la zone 1AUc du terrain de football</line>
<line>représente le site privilégié du développement de l'urbanisation au centre bourg d'ARGOL.</line></par>
<par>
<line>Sa position centrale, en cœur du bourg d'ARGOL, nécessite d'engager une réflexion globale</line>
<line>d'aménagement en définissant différents enjeux :</line></par>
<par>
<line>■ Articuler ce futur site avec le tissu urbain environnant :</line></par>
<par>
<line>- Favoriser les liaisons entre ce morceau de ville et le tissu urbain environnant par la création de</line>
<line>voiries automobiles et de cheminements piétons (en direction du stade de football, de l'école, de</line>
<line>la cité du Roi Gradlon).</line></par>
<par>
<line>- Disposer d'un espace fonctionnel et fluide tant pour le piéton que pour l'automobiliste afin de</line>
<line>bénéficier de l'accessibilité aux équipements et services (école, commerces^).</line></par>
<par>
<line>■ Introduire des densités et des formes urbaines adaptées à la typologie du bâti :</line></par>
<par>
<line>- Assurer une certaine transition entre les densités et les formes urbaines afin de sauvegarder une</line>
<line>cohérence urbaine au centre bourg d'ARGOL.</line></par>
<par>
<line>- La partie Nord et Ouest du site, dans la continuité du cœur de bourg, constitue un site potentiel</line>
<line>pour l'implantation de maisons de ville, de logements locatifs. Ces constructions à la typologie</line>
<line>proche du bâti de centre bourg, formeront une image plus urbaine dans le prolongement du</line>
<line>centre bourg.</line></par>
<par>
<line>- A l'opposé, les franges Sud accueilleront un habitat de type pavillonnaire aux densités plus</line>
<line>faibles afin d'assurer le lien avec le tissu urbain pavillonnaire.</line></par>
<par>
<line>■ Proposer des aménagements urbains et paysagers de qualité en accompagnement du</line>
<line>projet : l'éclairage public, la signalétique, le traitement paysager des entrées de quartier</line>
<line>et la mise en valeur des espaces publics :</line></par>
<par>
<line>- Mettre en valeur la place du Vieux Four qui assurera le lien entre le cœur de bourg et ce</line>
<line>nouveau quartier en lui conférant sa véritable vocation de place : espace public traversant, lieu</line>
<line>d'animation^</line></par>
<par>
<line>- Affirmer les entrées de site par des aménagements paysagers traduisant la vocation de la zone :</line>
<line>partage des modes de circulation par des végétaux, introduction des essences végétales</line>
<line>locales^</line></par>
<par>
<line>- Assurer la sécurisation des abords de la RD 60, en partie Nord du site par la poursuite des</line>
<line>dispositifs de sécurité : instauration d'une zone 30_</line></par>
<par>
<line>- Créer un îlot vert au cœur du futur quartier en prolongement de la place du Vieux Four afin de</line>
<line>disposer d'un espace de respiration au centre bourg.</line></par>
</text>
</block>
<block><region><rect/></region>
<text>
<par>
<line>page 4</line></par>
</text>
</block>
</page>
<page width="2479" height="3508" resolution="300">
<block><region><rect/></region>
<text>
<par>
<line>■ Assurer une mixité sociale et une diversité en terme de construction par la mise à</line>
<line>disposition de logements sociaux, de maisons de ville et de maisons individuelles :</line></par>
<par>
<line>- Offrir une diversité de statut d'occupation sur la commune d'ARGOL par la création de</line>
<line>logements locatifs, en accession à la propriétés</line></par>
<par>
<line>- Privilégier un habitat de type pavillonnaire et une diversité au niveau de la superficie des lots</line>
<line>projetés (de 650 à 1200 m^).</line></par>
<par>
<line>- Saisir l'opportunité d'envisager un emplacement destiné aux logements des personnes âgées.</line></par>
</text>
</block>
<block><region><rect/></region>
<text>
<par>
<line>■ Permettre l'implantation d'équipements publics en cœur de bourg :</line></par>
<par>
<line>- Accompagner « la restructuration » de la place du Vieux Four par la création d'un équipement</line>
<line>sportif de type salle de sport en front de place.</line></par>
<par>
<line>- Bénéficier de l'emprise foncière en arrière de l'école afin d'y implanter une maison de l'enfance</line>
<line>ou d'y projeter l'extension de l'équipement scolaire.</line></par>
</text>
</block>
<block><region><rect/></region>
<text>
<par>
<line>page 5</line></par>
</text>
</block>
</page>
<page width="3508" height="2479" resolution="300">
<block><region><rect/></region>
<text>
<par>
<line>Création d'un nouveau quartier à ARGOL - Notice descriptive détaillée du projét</line></par>
</text>
</block>
<block><region><rect/></region>
<text>
<par>
<line>Commune d'ARGOL - 29560</line></par>
</text>
</block>
<block><region><rect/></region>
<text>
<par>
<line>Création d'un quartier d'habitation au centre bourg et</line>
<line>requalification de rentrée Est du bourg.</line></par>
</text>
</block>
<block><region><rect/></region>
<text>
<par>
<line>■</line></par>
</text>
</block>
<block><region><rect/></region>
<text>
<par>
<line>l er juin 2004</line></par>
</text>
</block>
<block><region><rect/></region>
<text>
<par>
<line>Bernard LEOPOLD - Architecte D.P.L.G. et U de M (Montréal) - Urbaniste</line></par>
<par>
<line>15, place des otages - 29600 MORLAIX - Tel : 02.98.63.24.05 - Fax : 02.98.88.79.93</line></par>
<par>
<line>Cabinet J ANKOWSKY - ROUX - Géomètre Expert 1 rue Chanoine - 29160 CROZON -</line>
<line>Tél. 02.98.27.27.16 - Fax : 02.98.27.27.16</line></par>
</text>
</block>
<block><region><rect/></region>
<text>
<par>
<line>Page 1</line></par>
</text>
</block>


</page>
<page width="3508" height="2479" resolution="300">
<block><region><rect/></region>
<text>
<par>
<line>Création d'un nouveau quartier à ARGOL - Notice descriptive détaillée du projet</line></par>
</text>
</block>
<block><region><rect/></region>
<text>
<par>
<line>Sommaire :</line></par>
<par>
<line>1 - Introduction</line></par>
<par>
<line>2 - Note de présentation</line></par>
<par>
<line>3 - Diagnostic territorial - P.L.U. et plan de développement</line></par>
<par>
<line>4 - L'analyse et la fonctionnalité du bourg</line></par>
<par>
<line>5 - Les projets</line></par>
<par>
<line>6 - Devis détaillé au stade de l'avant projet</line></par>
<par>
<line>7 - Plan de financement prévisionnel</line></par>
<par>
<line>8 - Echéancier prévisionnel de réalisation du projet</line></par>
</text>
</block>
<block><region><rect/></region>
<text>
<par>
<line>Page 2</line></par>
</text>
</block>
</page>
<page width="3508" height="2479" resolution="300">
<block><region><rect/></region>
<text>
<par>
<line>Création d'un nouveau quartier à ARGOL - Notice descriptive détaillée du projet</line></par>
</text>
</block>
<block><region><rect/></region>
<text>
<par>
<line>1 - Introduction</line></par>
</text>
</block>
<block><region><rect/></region>
<text>
<par>
<line>La commune a entrepris depuis 2005, une démarche globale d'aménagement de</line>
<line>l'agglomération du bourg en liaison avec l'élaboration du P.L.U.</line></par>
<par>
<line>Cette réflexion a pour objectifs principaux de :</line></par>
<par>
<line>- déterminer l'importance du développement de l'habitat et sa typologie,</line></par>
<par>
<line>- définir les axes importants de liaisons entre le centre bourg et les voies existantes,</line></par>
<par>
<line>- repérer et créer les liaisons piétonnes pour mettre en relation le bourg, les quartiers existants</line>
<line>et à créer et l'espace rural,</line></par>
<par>
<line>- identifier les espaces naturels existants à protéger pour maintenir l'identité rurale forte du</line>
<line>bourg,</line></par>
<par>
<line>- de proposer l'implantation nouvelle ou l'espace de développement nécessaire aux</line>
<line>équipements publics (mairie, salle polyvalente, ...).</line></par>
</text>
</block>
<block><region><rect/></region>
<text>
<par>
<line>Au vu de cette réflexion la commune a décidé la mise en oeuvre de deux opérations</line>
<line>majeures :</line></par>
<par>
<line>- la création d'un nouveau quartier au Sud-Est du bourg,</line></par>
<par>
<line>- le réaménagement de l'entrée Est du centre bourg.</line></par>
<par>
<line>Ce projet fait l'objet de la présente demande de subventions.</line></par>
</text>
</block>
<block><region><rect/></region>
<text>
<par>
<line>Page 3</line></par>
</text>
</block>
</page>
<page width="3508" height="2479" resolution="300">
<block><region><rect/></region>
<text>
<par>
<line>Création dun nouveau quartier à ARGOL - Notice descriptive détaillée du projet</line></par>
</text>
</block>
<block><region><rect/></region>
<text>
<par/>
</text>
</block>
<block><region><rect/></region>
<text>
<par/>
</text>
</block>
<block><region><rect/></region>
<text>
<par>
<line>aS!&lt;SC^</line></par>
</text>
</block>
<block><region><rect/></region>
<text>
<par/>
</text>
</block>
<block><region><rect/></region>
<text>
<par/>
</text>
</block>
<block><region><rect/></region>
<text>
<par>
<line>m</line></par>
</text>
</block>
<block><region><rect/></region>
<text>
<par/>
</text>
</block>
<block><region><rect/></region>
<text>
<par>
<line>ajSïSlr»</line></par>
</text>
</block>
<block><region><rect/></region>
<text>
<par/>
</text>
</block>
<block><region><rect/></region>
<text>
<par/>
</text>
</block>
<block><region><rect/></region>
<text>
<par/>
</text>
</block>
<block><region><rect/></region>
<text>
<par/>
</text>
</block>
<block><region><rect/></region>
<text>
<par>
<line>WiW</line></par>
</text>
</block>
<block><region><rect/></region>
<text>
<par>
<line>mm</line></par>
</text>
</block>
<block><region><rect/></region>
<text>
<par/>
</text>
</block>
<block><region><rect/></region>
<text>
<par/>
</text>
</block>
<block><region><rect/></region>
<text>
<par>
<line>' '</line></par>
</text>
</block>
<block><region><rect/></region>
<text>
<par>
<line>- *</line></par>
</text>
</block>
<block><region><rect/></region>
<text>
<par/>
</text>
</block>
<block><region><rect/></region>
<text>
<par/>
</text>
</block>
<block><region><rect/></region>
<text>
<par/>
</text>
</block>
<block><region><rect/></region>
<text>
<par>
<line>2 - Note de présentation</line></par>
</text>
</block>
<block><region><rect/></region>
<text>
<par>
<line>2.1 - ARGOL dans son contexte global</line></par>
<par>
<line>La commune d'ARGOL est située à l'Ouest du département du Finistère, à l'entrée de la</line>
<line>Presqu'île de Crozon. Elle est située à 15 km à l'Est de CROZON, le chef lieu de canton, à 22</line>
<line>km à l'Ouest de CHATEAULIN, chef lieu d'arrondissement, à 50 km de BREST et à 45 km de</line>
<line>QUIMPER.</line></par>
<par>
<line>Commune littorale, elle dispose d'un faible débouché, au Sud, sur la Baie de Douarnenez et au</line>
<line>Nord, sur la Rade de Brest. Cette spécificité territoriale contribue à la qualité de vie du territoire</line>
<line>ainsi qu'à sa diversité paysagère et écologique.</line></par>
<par>
<line>Elle s'inscrit dans un contexte local spécifique :</line></par>
<par>
<line>• le canton de Crozon,</line></par>
<par>
<line>• l'arrondissement de CHATEAULIN,</line></par>
<par>
<line>• la communauté de communes de la Presqu'île de Crozon, créée le 19 décembre 1994,</line></par>
<par>
<line>• le Pays touristique du Menez Hom Atlantique,</line></par>
<par>
<line>• le Parc Naturel Régional d'Armorique,</line></par>
<par>
<line>• le Pays de Brest, contexte naturel, maritime et agricole, bassin de vie, d'emplois et</line>
<line>d'économie dont les influences se font sentir, notamment pour les emplois, l'éducation,</line>
<line>mais aussi pour l'unité et la complémentarité locale en terme d'activités et de services,</line></par>
<par>
<line>• le Schéma de Cohérence Territorial du pays de BREST, outil de planification stratégique</line>
<line>oeuvrant à l'instauration d'un projet de territoire.</line></par>
</text>
</block>
<block><region><rect/></region>
<text>
<par>
<line>2.2 - ARGOL dans son contexte local</line></par>
<par>
<line>La commune d'ARGOL s'étend sur une superficie de 3 173 ha, répartie en deux entités</line>
<line>territoriales : Un "couloir " d'une longueur de 1,5 km sépare le "territoire communal principal".</line></par>
<par>
<line>Le territoire communal principal est limité :</line></par>
<par>
<line>• au Nord par la commune de LANDEVENNEC,</line></par>
<par>
<line>• à ['Ouest par la commune de TELGRUC sur Mer,</line></par>
<par>
<line>• au Sud par la Baie de Douarnenez et la commune de ST-NIC,</line></par>
<par>
<line>• à l'Est par la commune de TREGARVAN.</line></par>
<par>
<line>Le "couloir" est limité :</line></par>
<par>
<line>• au Nord par la rade de Brest,</line></par>
<par>
<line>• à l'Ouest par la commune de LANDEVENNEC,</line></par>
<par>
<line>• au Sud par la commune de TELGRUC sur Mer,</line></par>
<par>
<line>• à l'Est par la commune de CROZON.</line></par>
</text>
</block>
<block><region><rect/></region>
<text>
<par>
<line>Page 4</line></par>
</text>
</block>




















<block blockType="Picture" blockName="" l="1045" t="772" r="1222" b="823"><region><rect/></region>
</block>
<block blockType="Picture" blockName="" l="1233" t="1017" r="1409" b="1060"><region><rect/></region>
</block>
<block blockType="Picture" blockName="" l="346" t="218" r="1570" b="1299"><region><rect/></region>
</block>
</page>
<page width="3508" height="2479" resolution="300">
<block><region><rect/></region>
<text>
<par>
<line>Création d'un nouveau quartier à ARGOL - Notice descriptive détaillée du projet</line></par>
</text>
</block>
<block><region><rect/></region>
<text>
<par/>
</text>
</block>
<block><region><rect/></region>
<text>
<par>
<line>H</line></par>
</text>
</block>
<block><region><rect/></region>
<text>
<par>
<line>«K</line></par>
</text>
</block>
<block><region><rect/></region>
<text>
<par/>
</text>
</block>
<block><region><rect/></region>
<text>
<par/>
</text>
</block>
<block><region><rect/></region>
<text>
<par/>
</text>
</block>
<block><region><rect/></region>
<text>
<par/>
</text>
</block>
<block><region><rect/></region>
<text>
<par/>
</text>
</block>
<block><region><rect/></region>
<text>
<par/>
</text>
</block>
<block><region><rect/></region>
<text>
<par/>
</text>
</block>
<block><region><rect/></region>
<text>
<par/>
</text>
</block>
<block><region><rect/></region>
<text>
<par>
<line>m</line></par>
</text>
</block>
<block><region><rect/></region>
<text>
<par>
<line>m</line></par>
</text>
</block>
<block><region><rect/></region>
<text>
<par>
<line>à</line></par>
</text>
</block>
<block><region><rect/></region>
<text>
<par/>
</text>
</block>
<block><region><rect/></region>
<text>
<par>
<line>4-^</line></par>
</text>
</block>
<block><region><rect/></region>
<text>
<par/>
</text>
</block>
<block><region><rect/></region>
<text>
<par>
<line>î::;:j</line></par>
</text>
</block>
<block><region><rect/></region>
<text>
<par/>
</text>
</block>
<block><region><rect/></region>
<text>
<par>
<line>f-T</line></par>
</text>
</block>
<block><region><rect/></region>
<text>
<par>
<line>m</line></par>
</text>
</block>
<block><region><rect/></region>
<text>
<par/>
</text>
</block>
<block><region><rect/></region>
<text>
<par/>
</text>
</block>
<block><region><rect/></region>
<text>
<par>
<line>w</line></par>
</text>
</block>
<block><region><rect/></region>
<text>
<par/>
</text>
</block>
<block><region><rect/></region>
<text>
<par>
<line>LCi^</line></par>
</text>
</block>
<block><region><rect/></region>
<text>
<par>
<line>3^</line></par>
</text>
</block>
<block><region><rect/></region>
<text>
<par>
<line>• Le bourg d'ARGOL, au centre du territoire communal, au croisement des RD 60 et 163,</line>
<line>concentre près du tiers de la population communale,</line></par>
<par>
<line>De nombreux hameaux d'une dizaine d'habitations sont répartis sur l'ensemble du territoire.</line></par>
<par>
<line>Les principaux axes de communication d'ARGOL sont :</line></par>
<par>
<line>• la RD 791 qui passe au Nord du bourg et traverse la commune d'Ouest en Est pour relier</line>
<line>CROZON au FAOU,</line></par>
<par>
<line>• la RD 887 qui passe au Sud du bourg et traverse la commune d'Ouest en Est pour relier</line>
<line>CROZON à CHATEAULIN,</line></par>
<par>
<line>• la RD 163 qui relie le bourg d'ARGOL à la RD 88,</line></par>
<par>
<line>• la RD 60 qui relie le bourg d'ARGOL à la RD 791.</line></par>
</text>
</block>
<block><region><rect/></region>
<text>
<par>
<line>* éléments de géographie :</line></par>
<par>
<line>La commune d'ARGOL présente une topographie assez marquée, depuis le sommet de la</line>
<line>montagne d'ARGOL (183 mètres), prolongement du massif du Menez Nom jusqu'aux bordures</line>
<line>côtières de la baie de DOUARNENEZ.</line></par>
<par>
<line>Le centre bourg d'ARGOL s'inscrit dans un contexte topographique varié, marqué par la</line>
<line>dépression de la vallée de l'Aber en partie Nord et le versant de la Montagne d'ARGOL</line>
<line>s'échappant vers le Sud. Ainsi, les altitudes du bourg oscillent entre 58 mètres au niveau de</line>
<line>du moulin d'ARGOL pour atteindre 80 mètres à la sortie du bourg en direction de la RD 877.</line>
<line>Cette topographie accidentée a contribué à façonner l'image du bourg d'ARGOL telle qu'on</line>
<line>l'appréhende aujourd'hui.</line></par>
</text>
</block>
<block><region><rect/></region>
<text>
<par>
<line>Page 5</line></par>
</text>
</block>



















<block blockType="Picture" blockName="" l="533" t="265" r="622" b="311"><region><rect/></region>
</block>
</page>
<page width="3508" height="2479" resolution="300">
<block><region><rect/></region>
<text>
<par>
<line>Création d'un nouveau quartier à ARGOL - Notice descriptive détaillée du projet</line></par>
</text>
</block>
<block><region><rect/><rect/></region>
<text>
<par/>
</text>
</block>
<block><region><rect/></region>
<text>
<par/>
</text>
</block>
<block><region><rect/></region>
<text>
<par/>
</text>
</block>
<block><region><rect/></region>
<text>
<par/>
</text>
</block>
<block><region><rect/></region>
<text>
<par>
<line>m</line></par>
</text>
</block>
<block><region><rect/><rect/></region>
<text>
<par/>
</text>
</block>
<block><region><rect/></region>
<text>
<par/>
</text>
</block>
<block><region><rect/><rect/></region>
<text>
<par/>
</text>
</block>
<block><region><rect/></region>
<text>
<par>
<line>1/2500'</line></par>
</text>
</block>
<block><region><rect/></region>
<text>
<par>
<line>3 - Diagnostic territorial</line>
<line>P.L.U. et plan de développement</line></par>
<par>
<line>Une approche globale et concertée au travers du P.LU et d'un plan de développement</line>
<line>de l'agglomération</line></par>
<par>
<line>L'étude d'aménagement de l'agglomération du bourg a été menée en interrelation avec la</line>
<line>définition du Projet d'aménagement et de Développement Durable du P.L.U. Elle a été</line>
<line>présentée au Conseil Municipal le 08 juillet 2005 et exposée à la population lors d'une réunion</line>
<line>publique organisée le 13 janvier 2005.</line></par>
<par>
<line>Afin de rendre compte des dispositions issues de la loi littoral et de répondre aux mutations de</line>
<line>son territoire (déclin de l'activité agricole, développement des infrastructures touristiques,</line>
<line>pression résidentielle...), la commune a prescrit par délibération en date du 27 juin 2002,</line>
<line>l'élaboration d'un Plan Local d'Urbanisme, qui est actuellement en phase d'enquête publique.</line></par>
</text>
</block>
<block><region><rect/></region>
<text>
<par>
<line>te“ri</line></par>
</text>
</block>
<block><region><rect/></region>
<text>
<par/>
</text>
</block>
<block><region><rect/></region>
<text>
<par/>
</text>
</block>
<block><region><rect/></region>
<text>
<par/>
</text>
</block>
<block><region><rect/></region>
<text>
<par/>
</text>
</block>
<block><region><rect/></region>
<text>
<par/>
</text>
</block>
<block><region><rect/></region>
<text>
<par/>
</text>
</block>
<block><region><rect/></region>
<text>
<par/>
</text>
</block>
<block><region><rect/></region>
<text>
<par/>
</text>
</block>
<block><region><rect/></region>
<text>
<par>
<line>bA.gj</line></par>
</text>
</block>
<block><region><rect/></region>
<text>
<par/>
</text>
</block>
<block><region><rect/></region>
<text>
<par>
<line>V[“ ;</line></par>
</text>
</block>
<block><region><rect/></region>
<text>
<par/>
</text>
</block>
<block><region><rect/></region>
<text>
<par/>
</text>
</block>
<block><region><rect/></region>
<text>
<par/>
</text>
</block>
<block><region><rect/></region>
<text>
<par>
<line>msoçr</line></par>
</text>
</block>
<block><region><rect/></region>
<text>
<par/>
</text>
</block>
<block><region><rect/></region>
<text>
<par/>
</text>
</block>
<block><region><rect/></region>
<text>
<par/>
</text>
</block>
<block><region><rect/></region>
<text>
<par>
<line>ÎZSÜC</line></par>
</text>
</block>
<block><region><rect/></region>
<text>
<par>
<line>lAU</line></par>
</text>
</block>
<block><region><rect/></region>
<text>
<par/>
</text>
</block>
<block><region><rect/></region>
<text>
<par>
<line>IMJc</line></par>
</text>
</block>
<block><region><rect/></region>
<text>
<par>
<line>UP</line></par>
</text>
</block>
<block><region><rect/></region>
<text>
<par/>
</text>
</block>
<block><region><rect/></region>
<text>
<par/>
</text>
</block>
<block><region><rect/></region>
<text>
<par>
<line>w</line></par>
</text>
</block>
<block><region><rect/></region>
<text>
<par/>
</text>
</block>
<block><region><rect/></region>
<text>
<par/>
</text>
</block>
<block><region><rect/></region>
<text>
<par>
<line>MU</line></par>
</text>
</block>
<block><region><rect/></region>
<text>
<par/>
</text>
</block>
<block><region><rect/></region>
<text>
<par>
<line>&lt;r-lÊ</line></par>
</text>
</block>
<block><region><rect/></region>
<text>
<par>
<line>SiS*</line></par>
</text>
</block>
<block><region><rect/></region>
<text>
<par/>
</text>
</block>
<block><region><rect/></region>
<text>
<par/>
</text>
</block>
<block><region><rect/></region>
<text>
<par/>
</text>
</block>
<block><region><rect/></region>
<text>
<par>
<line>*</line></par>
</text>
</block>
<block><region><rect/></region>
<text>
<par/>
</text>
</block>
<block><region><rect/></region>
<text>
<par>
<line>1/2500</line></par>
</text>
</block>
<block><region><rect/></region>
<text>
<par>
<line>MUt</line></par>
</text>
</block>
<block><region><rect/></region>
<text>
<par>
<line>La réalisation d'un diagnostic communal socio économique et environnemental a permis</line>
<line>d'appréhender dans son ensemble le territoire tout en tenant compte de ses potentialités et</line>
<line>faiblesses.</line></par>
<par>
<line>De cette analyse territoriale, des contraintes et enjeux s'appliquant sur le territoire a découlé le</line>
<line>Projet d'Aménagement et Développement durable, qui traduit les volontés politiques de la</line>
<line>commune en définissant des orientations d'aménagement et d'urbanisme sur du court, moyen</line>
<line>et long terme.</line></par>
<par>
<line>Commune littorale, ARGOL doit faire face à de nombreuses pressions liées à sa situation</line>
<line>privilégiée proche des pôles d'emplois principaux (BREST) et secondaires (CROZON,</line>
<line>CHATEAU LIN).</line></par>
<par>
<line>La commune d'ARGOL connaît un accroissement de population importante qui induit une</line>
<line>demande nouvelle de terrains à construire. Un cadre de vie préservé entre terre et mer, un</line>
<line>coût de foncier relativement faible et enfin une situation stratégique à l'entrée de la Presqu'île</line>
<line>de Crozon, représentent autant d'atouts de l'attractivité du territoire.</line></par>
<par>
<line>Il ressort de l'analyse démographique sur la commune que d'une part, la population est en</line>
<line>augmentation constante depuis 1990 et d'autre part, que la population de 15 à 59 ans a cru de</line>
<line>13 % depuis cette période.</line></par>
<par>
<line>Soucieux de garantir un cadre de vie de qualité pour tous les habitants, tout en favorisant le</line>
<line>développement des activités économiques traditionnelles ou émergeantes, les responsables</line>
<line>communaux ont mis en oeuvre 3 thématiques s'inscrivant dans une approche de</line>
<line>développement durable :</line></par>
<par>
<line>• poursuivre et organiser de façon cohérente l'habitat et les éléments d'accompagnement,</line></par>
<par>
<line>• maintenir des activités économiques locales,</line></par>
<par>
<line>• proposer un cadre de vie de qualité.</line></par>
</text>
</block>
<block><region><rect/></region>
<text>
<par>
<line>En rouge</line>
<line>En rose</line></par>
</text>
</block>
<block><region><rect/></region>
<text>
<par>
<line>périmètre de réflexion</line>
<line>: périmètre opérationnel</line></par>
</text>
</block>
<block><region><rect/></region>
<text>
<par>
<line>Page 6</line></par>
</text>
</block>






































<block blockType="Picture" blockName="" l="558" t="344" r="1511" b="940"><region><rect/></region>
</block>
</page>
<page width="3508" height="2479" resolution="300">
<block><region><rect/></region>
<text>
<par>
<line>Création d'un nouveau quartier à ARGOL - Notice descriptive détaillée du projet</line></par>
</text>
</block>
<block><region><rect/></region>
<text>
<par>
<line>Ceci induit une pression foncière importante sur le territoire communal et plus particulièrement</line>
<line>sur l'agglomération du bourg.</line></par>
<par>
<line>Face à cette pression, les responsables communaux ont décidé la mise en oeuvre de deux</line>
<line>projets importants qui permettent de répondre à cette attente en respectant les exigences du</line>
<line>"développement durable" :</line></par>
<par>
<line>• Création d'un quartier d'habitation en coeur de bourg :</line></par>
<par>
<line>O Diversification des formes d'habitat au sein de la zone (maison de ville, en bande...).</line></par>
<par>
<line>O Mise en oeuvre d'une politique de l'habitat garante de l'objectif de mixité sociale.</line></par>
<par>
<line>O Promotion d'espaces publics de qualité et divers dans leur composition (récréatifs,</line>
<line>végétalisés, ...).</line></par>
</text>
</block>
<block><region><rect/></region>
<text>
<par>
<line>• Réaménagement de l'entée de ville Est du bourg :</line></par>
<par>
<line>O Sécurisation de l'entrée Est de l'agglomération par la réalisation de dispositifs adaptés</line>
<line>de type giratoire à l'intersection de la rue de Kerneyet et RD 60.</line></par>
<par>
<line>O P rolongement du cheminement piéton depuis l'école jusqu'à la rue de Kerneyet.</line></par>
<par>
<line>O Amélioration paysagère du site par l'instauration d'une gradation végétale : espace</line>
<line>naturel- semi urbain (talutage) et urbain (plantation d'arbres de haute tige).</line></par>
</text>
</block>
<block><region><rect/></region>
<text>
<par>
<line>Page 7</line></par>
</text>
</block>
</page>
<page width="3508" height="2479" resolution="300">
<block><region><rect/></region>
<text>
<par>
<line>Création d'un nouveau quartier à ARGOL - Notice descriptive détaillée du projét</line></par>
</text>
</block>
<block><region><rect/></region>
<text>
<par/>
</text>
</block>
<block><region><rect/></region>
<text>
<par/>
</text>
</block>
<block><region><rect/></region>
<text>
<par/>
</text>
</block>
<block><region><rect/></region>
<text>
<par/>
</text>
</block>
<block><region><rect/></region>
<text>
<par>
<line>r</line></par>
</text>
</block>
<block><region><rect/></region>
<text>
<par>
<line>mm</line></par>
</text>
</block>
<block><region><rect/></region>
<text>
<par>
<line>sm</line></par>
</text>
</block>
<block><region><rect/></region>
<text>
<par>
<line>Esea</line></par>
</text>
</block>
<block><region><rect/></region>
<text>
<par>
<line>H</line></par>
</text>
</block>
<block><region><rect/></region>
<text>
<par>
<line>—</line></par>
</text>
</block>
<block><region><rect/></region>
<text>
<par>
<line>Echelle 11500e</line></par>
</text>
</block>
<block><region><rect/></region>
<text>
<par>
<line>tfx«in</line></par>
</text>
</block>
<block><region><rect/></region>
<text>
<par>
<line>Po^-LOrtl;</line></par>
</text>
</block>
<block><region><rect/></region>
<text>
<par/>
</text>
</block>
<block><region><rect/></region>
<text>
<par/>
</text>
</block>
<block><region><rect/></region>
<text>
<par/>
</text>
</block>
<block><region><rect/></region>
<text>
<par>
<line>■tor</line></par>
</text>
</block>
<block><region><rect/></region>
<text>
<par/>
</text>
</block>
<block><region><rect/></region>
<text>
<par/>
</text>
</block>
<block><region><rect/></region>
<text>
<par/>
</text>
</block>
<block><region><rect/></region>
<text>
<par>
<line>a--.</line></par>
</text>
</block>
<block><region><rect/></region>
<text>
<par>
<line>Tisr.</line></par>
</text>
</block>
<block><region><rect/></region>
<text>
<par>
<line>t'r-</line></par>
</text>
</block>
<block><region><rect/></region>
<text>
<par/>
</text>
</block>
<block><region><rect/></region>
<text>
<par/>
</text>
</block>
<block><region><rect/></region>
<text>
<par/>
</text>
</block>
<block><region><rect/></region>
<text>
<par/>
</text>
</block>
<block><region><rect/></region>
<text>
<par>
<line>Përt#-R«9</line></par>
</text>
</block>
<block><region><rect/></region>
<text>
<par/>
</text>
</block>
<block><region><rect/></region>
<text>
<par>
<line>CUDARD</line></par>
</text>
</block>
<block><region><rect/></region>
<text>
<par>
<line>Echelle 1/500e</line></par>
</text>
</block>
<block><region><rect/></region>
<text>
<par>
<line>En rouge : périmètre de réflexion</line>
<line>En rose : périmètre opérationnel</line></par>
</text>
</block>
<block><region><rect/></region>
<text>
<par>
<line>4 - L'analyse et la fonctionnalité du bourg</line></par>
<par>
<line>L'agglomération d'ARGOL est distante d'environ 2 km des deux axes stratégiques permettant le</line>
<line>désenclavement de la Presqu'île de Crozon : la RD 791 au Nord facilitant la liaison vers BREST</line>
<line>et la RD 887 au Sud favorisant les liens avec la Cornouaille et QUIMPER. Cette position</line>
<line>charnière de porte d'entrée de la Presqu'île confère à la commune une certaine attractivité</line>
<line>résidentielle et touristique.</line></par>
<par>
<line>• Le paysage</line></par>
<par>
<line>Le bourg d'ARGOL présente quelques caractéristiques et séquences paysagères qui</line>
<line>participent à la diversité de son territoire.</line></par>
<par>
<line>La topographie vigoureuse du site induisant de nombreuses perspectives, la présence d'un</line>
<line>ruisseau tangentant le bourg, représentent autant d'éléments permettant d'identifier</line>
<line>l'agglomération d'ARGOL.</line></par>
<par>
<line>Les perceptions lointaines mettent en évidence un bourg relativement compact ceinturé par</line>
<line>des formations végétales tantôt rases (champs ouverts en partie Sud de l'agglomération)</line>
<line>tantôt verticales (boisement de Kerdary, vallée de l'Aber).</line></par>
<par>
<line>L'analyse du paysage urbain confirme l'allure compacte d'un centre bourg massé autour de la</line>
<line>place de l'Eglise et des voies y convergeant, une pénétration forte de l'espace agricole aux</line>
<line>abords du terrain de football pouvant nuire à l'unité du bourg et enfin un habitat diffus se</line>
<line>développant au gré des opportunités foncières.</line></par>
<par>
<line>Paradoxalement, les éléments végétaux et paysagers en cœur de bourg (jardins, végétation</line>
<line>urbaine, plantations...) se révèlent effacés au profit du minéral et dénotent avec la périphérie</line>
<line>"verte" de l'agglomération.</line></par>
<par>
<line>• La trame viaire</line></par>
<par>
<line>Le noyau urbain ancien d'ARGOL s'est établi à la croisée de deux voies structurantes, la RD</line>
<line>60 et la RD 163, induisant une urbanisation linéaire en front de voie. Point de convergence de</line>
<line>ces deux axes, la place de l'Eglise constitue encore aujourd'hui le centre de gravité du bourg.</line>
<line>Cette trame viaire est complétée par des anciens chemins ruraux maillant la périphérie du</line>
<line>bourg, ainsi que par l'ouverture récente de nouvelles voies liées au développement urbain</line>
<line>pavillonnaire (rue de Goarem Vanel...).</line></par>
<par>
<line>De cette réalité historique et stratégique découle un tissu au sein duquel l'urbanisation linéaire</line>
<line>domine délaissant de nombreux espaces vierges au sein de l'agglomération. Néanmoins, la</line>
<line>convergence dé ces deux voies de circulation au niveau de la place de l'Eglise a permis de</line>
<line>créer un véritable espace de centralité au sein de l'agglomération concentrant les fonctions</line>
<line>commerciales et cultuelles.</line></par>
<par>
<line>Le bâti ancien se masse autour de cette place centrale ainsi qu'en bordure des rues de l'Ecole,</line>
<line>Saint Guénolé et du Roi Gradlon. Il se caractérise par son implantation à l'alignement par</line>
<line>rapport aux voies, sa mitoyenneté et enfin des hauteurs s'apparentant à du R+14C.</line></par>
<par>
<line>A partir de ce noyau urbain central, s'est développée une urbanisation diffuse à la faveur des</line>
<line>opportunités foncières et sans organisation cohérente. Les voies de communication existantes</line>
<line>ont été privilégiées laissant de nombreux espaces vierges au sein de l'agglomération.</line></par>
</text>
</block>
<block><region><rect/></region>
<text>
<par>
<line>Page 8</line></par>
</text>
</block>





























<block blockType="Picture" blockName="" l="183" t="213" r="1648" b="1119"><region><rect/></region>
</block>
</page>
<page width="3508" height="2479" resolution="300">
<block><region><rect/></region>
<text>
<par>
<line>Création dun nouveau quartier à ARGOL - Notice descriptive détaillée du projet</line></par>
</text>
</block>
<block><region><rect/></region>
<text>
<par/>
</text>
</block>
<block><region><rect/></region>
<text>
<par>
<line>n</line></par>
</text>
</block>
<block><region><rect/></region>
<text>
<par>
<line>L'actuelle Mairie, rue du moulin d'Argot,</line>
<line>souffre d'une implantation trop en retrait.</line></par>
</text>
</block>
<block><region><rect/></region>
<text>
<par>
<line>L'école publique a fait l'objet d'une</line>
<line>récente extension.</line></par>
</text>
</block>
<block><region><rect/></region>
<text>
<par>
<line>La place de l'Eglise</line>
<line>Le centre de gravité du bourg</line></par>
</text>
</block>
<block><region><rect/></region>
<text>
<par>
<line>» Le parcellaire</line></par>
<par>
<line>Le parcellaire du centre bourg d'ARGOL s'apparente à une évolution identitaire des tissus</line>
<line>urbains bretons.</line></par>
<par>
<line>• de petites parcelles resserrées au centre bourg et le long des voies principales,</line></par>
<par>
<line>• des parcelles à caractère agricole en arrière des constructions nées à des petites</line>
<line>exploitations agricoles autrefois implantées à proximité immédiate du bourg,</line></par>
<par>
<line>• une trame parcellaire favorisant le découpage géométrique issu des lotissements.</line></par>
<par>
<line>Le bourg d'ARGOL a conservé en partie ses caractéristiques parcellaires. En effet, il subsiste</line>
<line>au coeur du noyau historique d'ARGOL ainsi qu'en bordure de la rue de l'Ecole, une trame</line>
<line>parcellaire ancienne.</line></par>
<par>
<line>En outre, la présence au sein du tissu urbain de parcelles exploitées et d'anciens hangars</line>
<line>agricoles (Kerneron, Bourgogne...) confère au bourg un caractère rural qui nuit à la lisibilité</line>
<line>des espaces urbains. Enfin, les extensions récentes sous forme d'habitat pavillonnaire</line>
<line>développées au gré des opportunités foncières marquent une rupture avec la morphologie</line>
<line>urbaine du centre bourg.</line></par>
<par>
<line>• Les places publiques</line></par>
<par>
<line>Le centre bourg d'ARGOL offre quelques places publiques (du Vieux Four, des Anciens</line>
<line>Combattants et de l'Église) qui remplissent des fonctions diverses.</line></par>
<par>
<line>En effet, les spécificités du réseau viaire ont facilité le renforcement d'une place symbolisant la</line>
<line>centralité et permettant d'accueillir des manifestations. La place de l'église, par ses fonctions,</line>
<line>sa localisation et son unité architecturale représente le centre de gravité du bourg où se</line>
<line>concentrent les principales activités : commerciales, culturelles et cultuelles.</line></par>
<par>
<line>La Place du Vieux Four, implantée face à l'école, marque la transition entre le tissu urbain</line>
<line>lâche et le noyau ancien. Malgré une position avantageuse, elle ne contribue pas à structurer</line>
<line>l'espace dans la mesure où aucun front bâti ne la borde. Sa fonction de place publique se</line>
<line>limite principalement aujourd'hui au stationnement de l'école.</line></par>
<par>
<line>La réflexion d'aménagement initiée par la collectivité vise à requalifier cette place en lui</line>
<line>conférant un statut plus urbain et en mettant en valeur les éléments qui Ia composent : le vieux</line>
<line>four, le calvaire.</line></par>
<par>
<line>Enfin, la place des Anciens Combattants, localisée en arrière de la rue Saint Guénolé, s'inscrit</line>
<line>dans un contexte bâti composite mêlant maisons de bourg et habitat pavillonnaire nuisant ainsi</line>
<line>à la lisibilité du site. L'implantation prochaine de la mairie en front de la place permettra de</line>
<line>remodeler ce site en lui conférant la fonction véritable d'espace de centralité.</line></par>
</text>
</block>
<block><region><rect/></region>
<text>
<par>
<line>Page 9</line></par>
</text>
</block>
</page>
<page width="3508" height="2479" resolution="300">
<block><region><rect/></region>
<text>
<par>
<line>Création d'un nouveau quartier à ARGOL - Notice descriptive détaillée du projet</line></par>
</text>
</block>
<block><region><rect/></region>
<text>
<par/>
</text>
</block>
<block><region><rect/></region>
<text>
<par/>
</text>
</block>
<block><region><rect/></region>
<text>
<par>
<line>■</line></par>
</text>
</block>
<block><region><rect/></region>
<text>
<par>
<line>■</line></par>
</text>
</block>
<block><region><rect/><rect/></region>
<text>
<par>
<line>'Æ</line></par>
</text>
</block>
<block><region><rect/></region>
<text>
<par/>
</text>
</block>
<block><region><rect/></region>
<text>
<par>
<line>Le musé des Vieux Métiers</line>
<line>un outil de développement local au</line>
<line>coeur du bourg</line></par>
</text>
</block>
<block><region><rect/></region>
<text>
<par>
<line>m</line></par>
</text>
</block>
<block><region><rect/></region>
<text>
<par>
<line>SIS</line></par>
</text>
</block>
<block><region><rect/></region>
<text>
<par/>
</text>
</block>
<block><region><rect/></region>
<text>
<par/>
</text>
</block>
<block><region><rect/></region>
<text>
<par>
<line>Le pôle sportif</line></par>
</text>
</block>
<block><region><rect/></region>
<text>
<par>
<line>• Les équipements publics</line></par>
<par>
<line>Le centre bourg d'ARGOL dispose d'un niveau d'équipements satisfaisant pour une commune</line>
<line>de cette importance. Ces équipements sont principalement concentrés dans un rayon de 300</line>
<line>mètres autour de la place de l'Eglise renforçant ainsi les fonctionnalités du bourg.</line></par>
<par>
<line>L'actuelle mairie est implantée en bordure de la rue du moulin d'ARGOL face au parc des jeux</line>
<line>bretons. Cet "équipement symbolique souffre aujourd'hui de quelques disfonctionnements qui</line>
<line>ont conduit les responsables communaux à la transférer Place des Anciens Combattants :</line></par>
<par>
<line>- position peu centrale en périphérie du noyau central,</line></par>
<par>
<line>- manque de stationnements et d'espace public attenant,</line></par>
<par>
<line>- locaux peu fonctionnels et vétustes ne répondant plus aux besoins.</line></par>
<par>
<line>L'église et son enclos constituent le monument symbolique et identifiant du centre bourg.</line>
<line>L'enclos paroissial formé par une statue équestre du roi Gradlon, le calvaire, l'ossuaire,</line>
<line>l'église et son parcours lumineux, est classé Monument Historique.</line></par>
<par>
<line>Le musée des Vieux Métiers, localisé en bordure de la rue de Saint Guénolé, témoigne du</line>
<line>passé agricole de la commune et contribue à la renommée de celle-ci. Riche d'une</line>
<line>fréquentation d'environ 25 000 personnes, ce musée représente un outil de développement</line>
<line>touristique pour un territoire à dominante rurale. Sa récente réhabilitation (année 2000) a</line>
<line>permis d'assurer une meilleure fonctionnalité des lieux tout en l'ouvrant sur le bourg.</line></par>
<par>
<line>Cette structure sert également de lieu d'animation lors des manifestations communales.</line></par>
<par>
<line>L'école publique est localisée en bordure de la rue de Ecole à 180 mètres environ de la place</line>
<line>de l'Eglise. Ses bâtiments ont fait l'objet d'une extension en 2002.</line></par>
<par>
<line>La mise en oeuvre d'une réserve d'urbanisation destinée à l'implantation d'un équipement en</line>
<line>arrière de l'école actuelle, permettrait de concentrer en un même lieu le pôle scolaire.</line></par>
<par>
<line>Le terrain de sports, implanté à la périphérie Est du centre bourg d'ARGOL, s'inscrit dans un</line>
<line>contexte environnant marqué par un tissu urbain pavillonnaire (rue de Kerneyer, lotissement</line>
<line>de Ker-Ys) au sein duquel se fonde une vaste entité agricole. Cette enclave agricole forme</line>
<line>aujourd'hui une barrière fonctionnelle à l'intégration des différentes composantes</line>
<line>(résidentielle, sportive, ...) du bourg.</line></par>
<par>
<line>Le réaménagement du stationnement aux abords du stade et l'implantation d'un espace</line>
<line>ludique multifonction représentent autant d'actions visant à conforter le pôle sportif.</line></par>
</text>
</block>
<block><region><rect/></region>
<text>
<par>
<line>Page 10</line></par>
</text>
</block>









</page>
<page width="3508" height="2479" resolution="300">
<block><region><rect/></region>
<text>
<par>
<line>Création d'un nouveau quartier à ARGOL - Notice descriptive détaillée du projét</line></par>
</text>
</block>
<block><region><rect/></region>
<text>
<par>
<line>• L'habitat</line></par>
<par>
<line>La typologie de l'habitat du centre bourg d'ARGOL correspond à celle des centres bourg</line>
<line>ruraux bretons.</line></par>
<par>
<line>Elle est représentée par :</line></par>
<par>
<line>• un habitat ancien groupé aux abords de la place de l'Eglise et des voies principales (rue</line>
<line>Saint Guénolé, rue de l'Ecole, rue du Roi Gradlon),</line></par>
<par>
<line>• une structure de hameaux héritée du passé agricole de la commune au sein duquel les</line>
<line>crèches réhabilitées côtoient les hangars agricoles (site de Bourgogne, Goarem Vanel et</line>
<line>Kerneron),</line></par>
<par>
<line>- un habitat pavillonnaire sous forme de lotissements, en périphérie Est et Sud du bourg,</line></par>
<par>
<line>- un habitat social en bande à Kervillar et Roi Gradlon.</line></par>
<par>
<line>• Le commerce et les équipements commerciaux</line></par>
<par>
<line>L'activité commerciale du bourg d'ARGOL s'apparente à celle d'un petit bourg rural bénéficiant</line>
<line>néanmoins des retombées économiques liées au tourisme.</line></par>
<par>
<line>Regroupés autour de la Place de L'Eglise, les commerces permettent d'assurer une vie sociale</line>
<line>tout au long de l'année et contribuent au dynamisme et à l'animation en offrant un tissu</line>
<line>commercial relativement étoffé. On y recense ainsi :</line></par>
<par>
<line>- une boulangerie - épicerie,</line></par>
<par>
<line>- un artisan d'installation électrique,</line></par>
<par>
<line>- un restaurant,</line></par>
<par>
<line>- un bar tabac,</line></par>
<par>
<line>- un bar - taxi,</line></par>
<par>
<line>- une épicerie - dépôt de pain,</line></par>
<par>
<line>- une crêperie.</line></par>
<par>
<line>• Le patrimoine architectural</line></par>
<par>
<line>Le patrimoine architectural d'ARGOL possède une certaine unité par la nature des matériaux,</line>
<line>la forme et la densité du bâti.</line></par>
<par>
<line>Outre les monuments historiques du bourg :</line></par>
<par>
<line>- L'église et son arc de triomphe dont le classement remonte au 12/11/1914_</line></par>
<par>
<line>- Le cimetière avec ses arbres et sa clôture dont l'inscription date du 09/05/1930.</line></par>
<par>
<line>Ces caractéristiques urbaines et architecturales s'inscrivent notamment dans l'unité de la place</line>
<line>de l'Eglise.</line></par>
</text>
</block>
<block><region><rect/></region>
<text>
<par>
<line>Page 11</line></par>
</text>
</block>




</page>
<page width="3508" height="2479" resolution="300">
<block><region><rect/></region>
<text>
<par>
<line>Création dun nouveau quartier à ARGOL - Notice descriptive détaillée du projet</line></par>
</text>
</block>
<block><region><rect/></region>
<text>
<par/>
</text>
</block>
<block><region><rect/></region>
<text>
<par>
<line>Entrée Est de l'agglomération</line></par>
</text>
</block>
<block><region><rect/></region>
<text>
<par>
<line>mm</line></par>
</text>
</block>
<block><region><rect/></region>
<text>
<par>
<line>Entrée Nord de l'agglomération</line></par>
</text>
</block>
<block><region><rect/></region>
<text>
<par>
<line>■</line></par>
</text>
</block>
<block><region><rect/></region>
<text>
<par>
<line>■</line></par>
</text>
</block>
<block><region><rect/><rect/></region>
<text>
<par>
<line>Entrée Sud de l'agglomération</line></par>
</text>
</block>
<block><region><rect/></region>
<text>
<par>
<line>» Les entrées du bourg</line></par>
<par>
<line>L'agglomération d'ARGOL bénéficie de trois entrées d'agglomération qui supportent un certain</line>
<line>trafic. Ce réseau étoilé permet de rejoindre aisément les deux « artères» principales drainant</line>
<line>la Presqu'île de Crozon.</line></par>
<par>
<line>Entrée Est d'ARGOL depuis la RD 60 : la première perception urbaine du visiteur venant de la</line>
<line>RD 791, est marquée par l'intersection et la structure urbaine de Pont Lorbic qui se compose</line>
<line>d'un bail lâche noyé dans la verdure. Passé la vallée de l'Aber, le contexte urbain s'intensifie et</line>
<line>la silhouette du bourg se dévoile avec ces images bucoliques : espaces agricoles en coeur de</line>
<line>bourg, le clocher de l'église, les maisons de bourg.</line></par>
<par>
<line>La linéarité de cette entrée de bourg implique la réalisation de dispositifs sécurisés afin de</line>
<line>rompre avec le caractère routier du site.</line></par>
<par>
<line>Entrée Sud d'ARGOL depuis la RD 163 : la topographie accidentée du site depuis la</line>
<line>Montagne d'ARGOL offre de belles perspectives sur le bourg d'ARGOL en contrebas. Cette</line>
<line>entrée de ville symbolise la porte touristique du territoire à partir de laquelle on atteint les</line>
<line>principaux sites de la commune (plages de la Baie de Douarnenez, VVF, ...).</line></par>
<par>
<line>La mise en œuvre de dispositifs de sécurité «légers » (réduction de l'emprise voirie) radicaux</line>
<line>(la RD 163 n'étant plus prioritaire) a favorisé une réduction de la vitesse et conforté le</line>
<line>caractère urbain du site.</line></par>
<par>
<line>Entrée Ouest depuis la RD 60 : cette entrée de bourg ne fait pas l'objet de projet</line>
<line>d'aménagement et le maintien en l'état permettra d'assurer une entrée de bourg esthétique.</line></par>
</text>
</block>
<block><region><rect/></region>
<text>
<par>
<line>Page 12</line></par>
</text>
</block>




</page>
<page width="3513" height="2486" resolution="300">
<block><region><rect/><rect/></region>
<text>
<par>
<line>«un uw OVWJfSfW«/«; u^nvs/i»</line></par>
<par>
<line>I, schéma d'organisation du centre tmurg</line></par>
<par>
<line>' ■ Echelle: ISSOOe</line></par>
</text>
</block>
<block><region><rect/></region>
<text>
<par>
<line>f /</line></par>
</text>
</block>
<block><region><rect/><rect/><rect/><rect/><rect/><rect/><rect/><rect/></region>
<text>
<par>
<line>tëssu urbain anaan</line>
<line>dévetoppament urbain pavillonnaira</line>
<line>hameaux ruraux à préserver</line>
<line>site à urbaniser à court et moyen terme</line></par>
<par>
<line>réserve d'urtiamsaffon sur du long ternie</line>
<line>places publiques majeures</line></par>
<par>
<line>enlaces de respiration (square, zone humide.,,)</line>
<line>voirie de transit-axe stmcturant</line>
<line>voirie de desserte</line>
<line>voirie interne</line></par>
<par>
<line>liaison piétonne à cïéerou conforter</line>
<line>entrée d'agglomération à aMrmer</line>
<line>conSnuité végétale S préserver autour du bourg</line>
<line>périmètre de réSexion du plan de développemen</line>
<line>périmètre opérationnel du quartier d'habitation</line></par>
</text>
</block>
<block blockType="Table" blockName="" l="2349" t="196" r="3105" b="352"><region><rect/></region>
<row>
<cell leftBorder="White" rightBorder="White" width="588" height="25">
<text>
<par>
<line>f ■■ /y^ ' f</line></par>
</text></cell>
<cell leftBorder="White" rightBorder="White" width="168" height="25">
<text>
<par>
<line> . 'J^</line></par>
</text></cell></row>
<row>
<cell colSpan="2" leftBorder="White" rightBorder="White" width="756" height="26">
<text>
<par>
<line>\-s-;-i ;■</line></par>
</text></cell></row>
<row>
<cell colSpan="2" leftBorder="White" rightBorder="White" width="756" height="24">
<text>
<par>
<line>1 /T 1 1</line></par>
</text></cell></row>
<row>
<cell leftBorder="White" rightBorder="White" width="588" height="23">
<text>
<par/>
</text></cell>
<cell leftBorder="White" rightBorder="White" width="168" height="23">
<text>
<par>
<line>r</line></par>
</text></cell></row>
<row>
<cell leftBorder="White" rightBorder="White" width="588" height="25">
<text>
<par>
<line>1 n' /</line></par>
</text></cell>
<cell leftBorder="White" rightBorder="White" width="168" height="25">
<text>
<par/>
</text></cell></row>
<row>
<cell leftBorder="White" rightBorder="White" width="588" height="33">
<text>
<par>
<line>-Â/-r'</line></par>
</text></cell>
<cell leftBorder="White" rightBorder="White" width="168" height="33">
<text>
<par>
<line>f</line></par>
</text></cell></row>
</block>
<block><region><rect/></region>
<text>
<par>
<line>■—.nj</line></par>
</text>
</block>
<block><region><rect/></region>
<text>
<par>
<line>\</line></par>
</text>
</block>
<block><region><rect/></region>
<text>
<par/>
</text>
</block>
<block><region><rect/></region>
<text>
<par>
<line>o?a</line></par>
</text>
</block>
<block><region><rect/></region>
<text>
<par>
<line>or g</line></par>
</text>
</block>
<block><region><rect/></region>
<text>
<par>
<line>M-</line></par>
</text>
</block>
<block><region><rect/></region>
<text>
<par/>
</text>
</block>
<block><region><rect/></region>
<text>
<par>
<line>W</line></par>
</text>
</block>
<block><region><rect/></region>
<text>
<par/>
</text>
</block>
<block><region><rect/></region>
<text>
<par>
<line>B</line></par>
</text>
</block>
<block><region><rect/></region>
<text>
<par>
<line>Cf</line></par>
</text>
</block>
<block><region><rect/></region>
<text>
<par>
<line>onnem</line></par>
</text>
</block>
<block><region><rect/></region>
<text>
<par>
<line>N</line></par>
</text>
</block>
<block><region><rect/></region>
<text>
<par>
<line>i E3</line></par>
</text>
</block>
<block><region><rect/></region>
<text>
<par>
<line>BJ</line></par>
</text>
</block>
<block><region><rect/></region>
<text>
<par>
<line>tÉi3</line></par>
</text>
</block>
<block><region><rect/></region>
<text>
<par>
<line>ü</line></par>
</text>
</block>
<block><region><rect/></region>
<text>
<par>
<line>Q\</line></par>
</text>
</block>
<block><region><rect/></region>
<text>
<par>
<line>D</line></par>
</text>
</block>
<block><region><rect/></region>
<text>
<par>
<line>C3</line></par>
</text>
</block>
<block><region><rect/></region>
<text>
<par/>
</text>
</block>
<block><region><rect/></region>
<text>
<par>
<line>ü</line></par>
</text>
</block>
<block><region><rect/></region>
<text>
<par>
<line>0</line></par>
</text>
</block>
<block><region><rect/></region>
<text>
<par/>
</text>
</block>
<block><region><rect/></region>
<text>
<par>
<line>d</line></par>
</text>
</block>
<block><region><rect/></region>
<text>
<par>
<line>O</line></par>
</text>
</block>
<block><region><rect/></region>
<text>
<par>
<line>a</line></par>
</text>
</block>
<block><region><rect/></region>
<text>
<par>
<line>0</line></par>
</text>
</block>
<block><region><rect/></region>
<text>
<par>
<line>U</line></par>
</text>
</block>
<block><region><rect/></region>
<text>
<par>
<line>Q</line></par>
</text>
</block>
<block><region><rect/><rect/><rect/><rect/><rect/><rect/><rect/><rect/></region>
<text>
<par>
<line>(ijt '</line></par>
<par>
<line>I . •£! in T</line></par>
<par>
<line>\r.</line></par>
</text>
</block>
<block><region><rect/><rect/><rect/><rect/></region>
<text>
<par>
<line>^ i l n i I’*' f</line></par>
<par>
<line>ï=r ? I ^ ! j tsî</line></par>
<par>
<line>^ J ; - -■ - - :</line></par>
</text>
</block>
<block><region><rect/></region>
<text>
<par>
<line>^ [il j)i^\</line></par>
</text>
</block>
<block><region><rect/></region>
<text>
<par>
<line>^tfÿP-Opr-,</line></par>
<par>
<line>s</line></par>
</text>
</block>
<block><region><rect/></region>
<text>
<par>
<line>□ Ci</line></par>
</text>
</block>
<block><region><rect/></region>
<text>
<par>
<line>C:?</line></par>
</text>
</block>
<block><region><rect/></region>
<text>
<par/>
</text>
</block>
<block><region><rect/></region>
<text>
<par/>
</text>
</block>
<block><region><rect/></region>
<text>
<par/>
</text>
</block>
<block><region><rect/></region>
<text>
<par/>
</text>
</block>
<block><region><rect/></region>
<text>
<par>
<line>(/i.f &gt;ÎUryj; )■- /JoifO l'iK iK '-</line></par>
</text>
</block>









































































































































</page>
<page width="3508" height="2479" resolution="300">
<block><region><rect/></region>
<text>
<par>
<line>Création d'un nouveau quartier à ARGOL - Notice descriptive détaillée du projet</line></par>
</text>
</block>
<block><region><rect/></region>
<text>
<par>
<line>5 - Les projets</line></par>
</text>
</block>
<block><region><rect/></region>
<text>
<par>
<line>5.1 - Création d'un quartier d'habitation en coeur de bourg</line></par>
</text>
</block>
<block><region><rect/></region>
<text>
<par/>
</text>
</block>
<block><region><rect/></region>
<text>
<par>
<line>■■</line></par>
</text>
</block>
<block><region><rect/></region>
<text>
<par>
<line>sm</line></par>
</text>
</block>
<block><region><rect/></region>
<text>
<par>
<line>■</line></par>
</text>
</block>
<block><region><rect/></region>
<text>
<par>
<line>H</line></par>
</text>
</block>
<block><region><rect/></region>
<text>
<par>
<line>m</line></par>
</text>
</block>
<block><region><rect/></region>
<text>
<par/>
</text>
</block>
<block><region><rect/></region>
<text>
<par>
<line>Couvrant une surface de près de 5,10 hectares sur les parcelles n‘249 et 224 appartenant à la</line>
<line>collectivité, le projet d'aménagement s'inscrit dans un environnement urbain délimité au Nord</line>
<line>par la route de Pont Lorbic (RD 60), à l'Est par la rue de Kerneyet et enfin au Sud par la rue de</line>
<line>Goarem Vanel.</line></par>
<par>
<line>Constituant une enclave agricole au sein du tissu urbain de l'agglomération d'ARGOL, ce site</line>
<line>se présente à l'interface du noyau ancien dense, de l'habitat pavillonnaire et des équipements</line>
<line>(sportifs, scolaires...). Perçu aujourd'hui comme une barrière fonctionnelle à l'intégration des</line>
<line>différentes composantes du bourg, l'enjeu majeur du projet repose sur la réussite de cette</line>
<line>greffe urbaine.</line></par>
<par>
<line>La position stratégique du site au coeur de l'agglomération et l'importance de l'opération ont</line>
<line>conduit les élus à élaborer un programme ambitieux mêlant habitat, équipements et espaces</line>
<line>publics.</line></par>
</text>
</block>
<block><region><rect/></region>
<text>
<par>
<line>H</line></par>
</text>
</block>
<block><region><rect/></region>
<text>
<par>
<line>■</line></par>
</text>
</block>
<block><region><rect/></region>
<text>
<par>
<line>B</line></par>
</text>
</block>
<block><region><rect/></region>
<text>
<par>
<line>m</line></par>
</text>
</block>
<block><region><rect/></region>
<text>
<par>
<line>m</line></par>
</text>
</block>
<block><region><rect/></region>
<text>
<par>
<line>H</line></par>
</text>
</block>
<block><region><rect/></region>
<text>
<par>
<line>H</line></par>
</text>
</block>
<block><region><rect/></region>
<text>
<par>
<line>■</line></par>
</text>
</block>
<block><region><rect/></region>
<text>
<par>
<line>m</line></par>
</text>
</block>
<block><region><rect/></region>
<text>
<par/>
</text>
</block>
<block><region><rect/></region>
<text>
<par>
<line>a)La mise en place d'une mixité sociale et des usages</line>
<line>Choix d'aménagements qui encouragent la mixité sociale et générationnelle :</line></par>
<par>
<line>O Création de logements sociaux en accession à la propriété en bordure de la route de</line>
<line>l'école. Cette opération portée par les organismes HLM, Habitat 29 et le Logis Breton,</line>
<line>totalise 12 logements, soit Y, environ de l'offre de logements.</line></par>
<par>
<line>O Mise à disposition aux abords du terrain de sports d'un espace récréatif multisports (skate-</line>
<line>park, aire de sport...) pour les jeunes de la commune.</line></par>
<par>
<line>Création de lieux de convivialité et renforcement du lien social</line></par>
<par>
<line>O Restructuration des places en affirmant leur rôle de centralité : place des Anciens</line>
<line>Combattants et place du Vieux Four.</line></par>
<par>
<line>O Conception d'un espace public central au coeur du nouveau quartier, formé par une place</line>
<line>et un site végétalisé.</line></par>
</text>
</block>
<block><region><rect/></region>
<text>
<par>
<line>Prévention des conflits d'usage :</line></par>
<par>
<line>O Rationnalisation de l'espace voirie au sein des opérations d'aménagement afin de garantir</line>
<line>une meilleure cohabitation des différents modes de transport : automobile, piéton,</line>
<line>cycliste...</line></par>
<par>
<line>O Hiérarchisation de la trame viaire en fonction du statut et de la vocation future de la voie</line>
<line>(voie de transit - voie de desserte - voie interne).</line></par>
<par>
<line>O P romotion d'espaces traversants et fluides au sein du nouveau quartier d'habitat en évitant</line>
<line>les formes urbaines débouchant en raquette.</line></par>
</text>
</block>
<block><region><rect/></region>
<text>
<par>
<line>Page 14</line></par>
</text>
</block>

</page>
<page width="3508" height="2479" resolution="300">
<block><region><rect/></region>
<text>
<par>
<line>Création d'un nouveau quartier à ARGOL - Notice descriptive détaillée du projét</line></par>
</text>
<text>
<par>
<line>b) Innovation et exemplarité environnementale</line></par>
<par>
<line>• Promotion de la qualité urbaine et paysagère</line></par>
<par>
<line>O Valorisation du paysage et du patrimoine existant par la préservation des perspectives sur</line>
<line>la montagne d'ARGOL et la vallée de l'Aber.</line></par>
<par>
<line>O Préservation de coupures d'urbanisation entre le bourg et le hameau de Pont Lorbic.</line>
<line>Utilisation de matériaux mettant en valeur le bourg et son caractère rural (plantations en</line>
<line>pied de bâtiment, revêtements colorés)</line></par>
<par>
<line>O Réservation d'espaces de respiration en coeur de bourg afin de garantir la diversité</line>
<line>écologique et biologique du site urbain tout en offrant des lieux de convivialité : le jardin</line>
<line>d'eau, le square du roi Gradlon,</line></par>
<par>
<line>O Requalification de l'entrée de bourg Est de l'agglomération d'ARGOL par la mise en</line>
<line>oeuvre d'une gradation paysagère et végétale.</line></par>
<par>
<line>• Développement d'un urbanisme de qualité et de formes urbaines plus</line></par>
<par>
<line>conviviales</line></par>
<par>
<line>O Introduction en partie Nord du site de formes urbaines s'inspirant du tissu urbain</line>
<line>traditionnel (parcelles de taille réduite, priorité à la mitoyenneté...) garantes d'une</line>
<line>gestion économe de l'espace.</line></par>
<par>
<line>O Réalisation d'une opération d'aménagement originale dans sa conception rompant avec</line>
<line>les formes urbaines stéréotypées.</line></par>
<par>
<line>O Sélection d'un revêtement en stabilisé pour les cheminements piétons favorisant la</line>
<line>perméabilité du sol.</line></par>
<par>
<line>c) Gestion durable des espaces et des ressources</line></par>
<par>
<line>• Une gestion économe de l'espace</line></par>
<par>
<line>O Aménagement d'un nouveau quartier d'habitat en coeur de bourg renforçant l'attractivité</line>
<line>résidentielle de l'agglomération d'ARGOL tout en promouvant un cadre de vie de qualité,</line></par>
<par>
<line>O Définition d'un programme portant sur la densité des constructions au sein de ce</line>
<line>nouveau quartier : la partie Nord du site composée de la Place du Vieux Four et de la</line>
<line>route de l'Ecole, comprend 14,5 logements à l'hectare affirmant ainsi le caractère urbain</line>
<line>du site.</line></par>
<par>
<line>La partie Sud de l'opération bénéficie d'une densité de constructions plus faible de l'ordre</line>
<line>de 8,6 logements à l'hectare en préservant des espaces de respiration nombreux et</line>
<line>divers (le jardin d'eau, la place...)</line></par>
<par>
<line>O L'implantation de ce quartier résidentiel en coeur de bourg favorise l'intégration de toutes</line>
<line>ses composantes (pôle sportif, pôle services et équipements publics, pôle commercial</line>
<line>sur la place de l'Eglise) et contribue à la fonctionnalité du tissu urbain. Par exemple, le</line>
<line>temps de parcours entre la future mairie, le pôle sportif et l'école ne dépasse pas les 5</line>
<line>minutes.</line></par>
<par>
<line>O Suppression dans le projet d'aménagement de l'imposante haie de cyprès ceinturant le</line>
<line>terrain de football. Son remplacement par une haie bocagère favorisera des espèces</line>
<line>locales telles que le charme, le chêne pédonculé ou le châtaignier en s'inscrivant dans</line>
<line>l'environnement végétal de l'agglomération (Pont Lorbic, l'Aber...)</line></par>
</text>
</block>
<block><region><rect/></region>
<text>
<par>
<line>Page 15</line></par>
</text>
</block>
</page>
<page width="3508" height="2479" resolution="300">
<block><region><rect/></region>
<text>
<par>
<line>Création d'un nouveau quartier à ARGOL - Notice descriptive détaillée du projet</line></par>
</text>
</block>
<block><region><rect/></region>
<text>
<par>
<line>O Réalisation d'un talus planté en bordure de la rue de Pont Lorbic par la plantation</line>
<line>d'arbustes d'essences locales : houx, noisetier, troène...</line></par>
<par>
<line>• Mise en place de déplacements multimodaux</line></par>
<par>
<line>O Création d'un réseau piétonnier au coeur de l'agglomération d'ARGOI connectant le</line>
<line>nouveau quartier d'habitation et les différents équipements et services du bourg.</line></par>
<par>
<line>O Mise en œuvre d'itinéraires doux au départ du centre bourg d'ARGOL en direction de</line>
<line>l'espace rural : vers Koad Bizoudard, Kerdary et Kerneron.</line></par>
<par>
<line>• Mise en place d'une gestion durable des eaux de pluie</line></par>
<par>
<line>O Limitation des surfaces imperméables (bitume, béton...) et promotion des</line>
<line>revêtements poreux (stabilisé, gravier...) et végétaux.</line></par>
<par>
<line>O Réalisation en partie basse du nouveau quartier, d'un bassin de rétention paysager</line>
<line>en pente douce permettant de récolter les eaux pluviales. Cet ouvrage, couvrant une</line>
<line>surface de 2300 m2 se composera d'une pelouse agrémentée d'une végétation</line>
<line>arbustive de type saules, peupliers.</line></par>
<par>
<line>Outre sa fonction de récolte des eaux pluviales, ce site représente un espace public,</line>
<line>support éventuel d'activités ludiques et de détente.</line></par>
<par>
<line>O Création d'un ouvrage de collecte et de stockage des eaux pluviales en bordure de la</line>
<line>route de Pont Lorbic. Ce fossé peu profond s'implantera sur un linéaire de 140</line>
<line>mètres en partie Sud de la voie.</line></par>
<par>
<line>• Renforcement des liaisons entre espaces urbanisés et espaces naturels</line></par>
<par>
<line>O Conservation de la forme urbaine compacte du bourg d'ARGOL par le comblement</line>
<line>des espaces vierges au sein du tissu urbain existant. Cette structure urbaine bien</line>
<line>identifiée contribue également à façonner un cadre de vie de qualité en privilégiant</line>
<line>les lieux et fonctions de proximité : résidentiel - économique - commercial et</line>
<line>administratif.</line></par>
<par>
<line>O Constitution autour de l'agglomération d'une ceinture verte (la vallée de l'Aber,</line>
<line>périmètre de captage des eaux, ruisseau de Kerneron...) permettant de borner le</line>
<line>développement urbain futur et d'impulser une approche économe de l'espace au sein</line>
<line>des opérations d'aménagement.</line></par>
<par>
<line>O Mise en oeuvre d'itinéraires doux au départ du centre bourg d'ARGOL en direction</line>
<line>de l'espace rural : vers Koad Bizoudard, Kerdary et Kerneron</line></par>
</text>
</block>
<block><region><rect/></region>
<text>
<par>
<line>Page 16</line></par>
</text>
</block>
</page>
<page width="3508" height="2479" resolution="300">
<block><region><rect/></region>
<text>
<par>
<line>Création d'un nouveau quartier à ARGOL - Notice descriptive détaillée du projét</line></par>
</text>
</block>
<block><region><rect/></region>
<text>
<par>
<line>5.2 - Réaménagement de l'entrée Est du bourg :</line></par>
<par>
<line>La création d'un nouveau quartier d'habitat s'accompagne également de la requalification de</line>
<line>l'entrée Est de l'agglomération d'ARGOL qui pâtit de quelques maux redondants : un tracé</line>
<line>trop linéaire, une emprise de voirie trop large laissant peu de place aux piétons et une «</line>
<line>perception visuelle » plus routière qu'urbaine.</line></par>
<par>
<line>La valorisation et la sécurisation de cette porte d'entrée du bourg constituent les deux</line>
<line>objectifs majeurs de ce projet d'aménagement qui s'inscrit depuis Pont Lorbic jusqu'à la</line>
<line>place du Vieux four.</line></par>
<par>
<line>• Réduction de l'emprise voirie et prolongement du cheminement piéton :</line></par>
<par>
<line>Le projet d'aménagement envisage la création d'un cheminement piéton stabilisé de 2</line>
<line>mètres depuis l'intersection de Kerneyet jusqu'au site de l'école. Cette rationalisation de</line>
<line>l'espace voirie assurera d'une part, une liaison piétonne continue depuis la place de l'Eglise</line>
<line>jusqu'à Kerneyet et d'autre part, un gabarit de voirie de 6 mètres plus adapté au futur statut</line>
<line>de la voie.</line></par>
<par>
<line>En outre, la portion de voirie jouxtant l'école sera traitée à la manière d'un aménagement de</line>
<line>type place avec un marquage au sol différencié d'aspect sablé (enrobé grenaillé) et</line>
<line>végétalisation des abords (arbres de haute tige)</line></par>
<par>
<line>• Aménagement d'un talus planté</line></par>
<par>
<line>Afin de garantir une unité végétale en bordure de la route de l'Ecole, la collectivité envisage</line>
<line>d'acquérir une bande de 2 mètres pour y créer un talus planté.</line></par>
<par>
<line>Le parti d'aménagement préconisé vise à assurer une certaine gradation dans la perception</line>
<line>paysagère entre un espace rural - périurbain - urbain.</line></par>
<par>
<line>La réalisation d'un talus planté se déployant entre l'intersection de Kemeyet et le parking de</line>
<line>l'école répond à cet enjeu.</line></par>
<par>
<line>Il se composera de façon préférentielle de végétaux d'essences variées de type noisetiers,</line>
<line>houx, troènes, ...</line></par>
<par>
<line>L'effet recherché ne vise pas à créer une barrière végétale dissimulant et isolant le futur</line>
<line>quartier de la route de l'école mais ambitionne d'égayer cette entrée de bourg par des</line>
<line>aménagements paysagers de qualité.</line></par>
<par>
<line>• Implantation d'un rond point franchissable à l'intersection de la route de Kerneyet</line>
<line>et de la route de Pont Lorbic :</line></par>
<par>
<line>Le projet de réaménagement de l'entrée Est d'ARGOL préconise la création d'un petit rond</line>
<line>point franchissable au carrefour de la route de Pont Lorbic et de la rue de Kemeyet. Ce</line>
<line>dispositif permettra de briser la vitesse en entrée de bourg, de réguler les flux de circulation</line>
<line>au sein de l'agglomération et enfin de mieux identifier l'entrée du centre bourg.</line></par>
<par>
<line>Les matériaux utilisés devront privilégier les enrobés de synthèse ou les pavés.</line></par>
<par>
<line>■ Autres dispositifs :</line></par>
<par>
<line>^ La récolte des eaux pluviales s'effectuera par la création en partie Sud de la voie d'un</line>
<line>fossé sur une longueur de 150 mètres environ.</line></par>
<par>
<line>O P rolongement de l'éclairage public au-delà de l'école jusqu'au carrefour de Kerneyet.</line></par>
</text>
</block>
<block><region><rect/></region>
<text>
<par>
<line>Page 17</line></par>
</text>
</block>


</page>
<page width="3518" height="2494" resolution="300">
<block><region><rect/></region>
<text>
<par>
<line>Création d'un nouveau quartier à ARGOL - Notice descriptive détaillée du projet</line></par>
</text>
</block>
<block><region><rect/></region>
<text>
<par>
<line>an pç aeveioppvmeni • commune a MnvL/i.</line></par>
</text>
</block>
<block><region><rect/></region>
<text>
<par>
<line>.'insertion d&amp;J projet dans le tssu urbain</line></par>
</text>
</block>
<block><region><rect/></region>
<text>
<par>
<line>J espaces de respiration</line></par>
</text>
</block>
<block><region><rect/></region>
<text>
<par>
<line>^ voine de transit-axe structurant</line></par>
</text>
</block>
<block><region><rect/></region>
<text>
<par>
<line>§ voirie de desserte</line></par>
</text>
</block>
<block><region><rect/></region>
<text>
<par>
<line>J vome interne</line></par>
</text>
</block>
<block><region><rect/></region>
<text>
<par>
<line>^ liaison piétonne à créer ou conforter</line></par>
</text>
</block>
<block><region><rect/></region>
<text>
<par>
<line>J imp/anfation du</line></par>
</text>
</block>
<block><region><rect/></region>
<text>
<par>
<line>public</line></par>
</text>
</block>
<block><region><rect/></region>
<text>
<par>
<line>nez</line></par>
</text>
</block>
<block><region><rect/></region>
<text>
<par>
<line>espace</line></par>
</text>
</block>
<block><region><rect/></region>
<text>
<par>
<line>EsheJte</line></par>
</text>
</block>
<block><region><rect/></region>
<text>
<par>
<line>i/2S00e</line></par>
</text>
</block>
<block><region><rect/></region>
<text>
<par>
<line>ibormêm^it</line></par>
</text>
</block>
<block><region><rect/></region>
<text>
<par>
<line>iT&amp;v</line></par>
</text>
</block>
<block><region><rect/></region>
<text>
<par/>
</text>
</block>
<block><region><rect/></region>
<text>
<par/>
</text>
</block>
<block><region><rect/></region>
<text>
<par/>
</text>
</block>
<block><region><rect/></region>
<text>
<par/>
</text>
</block>
<block><region><rect/></region>
<text>
<par/>
</text>
</block>
<block><region><rect/></region>
<text>
<par/>
</text>
</block>
<block><region><rect/></region>
<text>
<par/>
</text>
</block>
<block><region><rect/></region>
<text>
<par/>
</text>
</block>
<block><region><rect/></region>
<text>
<par/>
</text>
</block>
<block><region><rect/></region>
<text>
<par/>
</text>
</block>
<block><region><rect/></region>
<text>
<par>
<line>H</line></par>
</text>
</block>
<block><region><rect/></region>
<text>
<par>
<line>%</line></par>
</text>
</block>
<block><region><rect/></region>
<text>
<par/>
</text>
</block>
<block><region><rect/></region>
<text>
<par>
<line>eron</line></par>
</text>
</block>
<block><region><rect/><rect/></region>
<text>
<par>
<line>"-T"-"--</line></par>
</text>
</block>
<block><region><rect/></region>
<text>
<par>
<line>,#f</line></par>
<par>
<line>■ * ' tl ■ ■ %F',</line></par>
</text>
</block>
<block><region><rect/></region>
<text>
<par/>
</text>
</block>
<block><region><rect/></region>
<text>
<par>
<line>rity:</line></par>
</text>
</block>
<block><region><rect/></region>
<text>
<par>
<line>•K:</line></par>
</text>
</block>
<block><region><rect/></region>
<text>
<par/>
</text>
</block>
<block><region><rect/></region>
<text>
<par/>
</text>
</block>
<block><region><rect/></region>
<text>
<par>
<line>ï J</line></par>
</text>
</block>
<block><region><rect/><rect/><rect/></region>
<text>
<par/>
</text>
</block>
<block><region><rect/></region>
<text>
<par>
<line>? . .</line></par>
</text>
</block>
<block><region><rect/></region>
<text>
<par/>
</text>
</block>
<block><region><rect/></region>
<text>
<par>
<line>Page 18</line></par>
</text>
</block>











<block blockType="Picture" blockName="" l="1353" t="798" r="1477" b="829"><region><rect/></region>
</block>
<block blockType="Picture" blockName="" l="2506" t="1407" r="2624" b="1448"><region><rect/></region>
</block>
</page>
<page width="3298" height="2330" resolution="282">
<block><region><rect/></region>
<text>
<par>
<line>Création d'un nouveau quartier à ARGOL - Notice descriptive détaillée du projet</line></par>
</text>
</block>
<block><region><rect/></region>
<text>
<par>
<line>i</line></par>
</text>
</block>
<block><region><rect/></region>
<text>
<par>
<line>9</line></par>
</text>
</block>
<block><region><rect/></region>
<text>
<par>
<line>T</line></par>
</text>
</block>
<block><region><rect/></region>
<text>
<par>
<line>d-</line></par>
</text>
</block>
<block><region><rect/></region>
<text>
<par/>
</text>
</block>
<block><region><rect/></region>
<text>
<par>
<line>f</line></par>
</text>
</block>
<block><region><rect/></region>
<text>
<par>
<line>I</line></par>
</text>
</block>
<block><region><rect/></region>
<text>
<par/>
</text>
</block>
<block><region><rect/></region>
<text>
<par/>
</text>
</block>
<block><region><rect/></region>
<text>
<par>
<line>I</line></par>
</text>
</block>
<block><region><rect/></region>
<text>
<par>
<line>h</line></par>
</text>
</block>
<block><region><rect/></region>
<text>
<par>
<line>\</line></par>
</text>
</block>
<block><region><rect/></region>
<text>
<par/>
</text>
</block>
<block><region><rect/></region>
<text>
<par/>
</text>
</block>
<block><region><rect/></region>
<text>
<par>
<line>I —</line></par>
</text>
</block>
<block><region><rect/></region>
<text>
<par/>
</text>
</block>
<block><region><rect/></region>
<text>
<par>
<line>i</line></par>
</text>
</block>
<block><region><rect/></region>
<text>
<par/>
</text>
</block>
<block><region><rect/></region>
<text>
<par>
<line>a</line></par>
</text>
</block>
<block><region><rect/></region>
<text>
<par>
<line>T</line></par>
</text>
</block>
<block><region><rect/></region>
<text>
<par>
<line>i</line></par>
</text>
</block>
<block><region><rect/></region>
<text>
<par>
<line>□</line></par>
</text>
</block>
<block><region><rect/></region>
<text>
<par>
<line>n</line></par>
</text>
</block>
<block><region><rect/></region>
<text>
<par/>
</text>
</block>
<block><region><rect/></region>
<text>
<par/>
</text>
</block>
<block><region><rect/></region>
<text>
<par/>
</text>
</block>
<block><region><rect/></region>
<text>
<par>
<line>h</line></par>
</text>
</block>
<block><region><rect/></region>
<text>
<par>
<line>n</line></par>
</text>
</block>
<block><region><rect/></region>
<text>
<par/>
</text>
</block>
<block><region><rect/></region>
<text>
<par>
<line>Page 19</line></par>
</text>
</block>






















































































<block blockType="Picture" blockName="" l="1286" t="1040" r="1354" b="1110"><region><rect/></region>
</block>
<block blockType="Picture" blockName="" l="582" t="1150" r="670" b="1180"><region><rect/></region>
</block>
<block blockType="Picture" blockName="" l="650" t="1252" r="692" b="1341"><region><rect/></region>
</block>
</page>
</OAP>