<?xml version="1.0" encoding="UTF-8"?><OAP>
<page width="2480" height="3508" resolution="300">
<block><region><rect/></region>
<text>
<par>
<line>LA FEU LIEE</line></par>
</text>
</block>
<block><region><rect/></region>
<text>
<par>
<line>&lt;</line></par>
</text>
</block>
<block><region><rect/></region>
<text>
<par>
<line>PLAN LOCAL D'URBANISME</line></par>
<par>
<line>ÉLABORATION</line></par>
</text>
</block>
<block><region><rect/></region>
<text>
<par/>
</text>
</block>
<block><region><rect/></region>
<text>
<par>
<line>Orientations d'Aménagement</line></par>
</text>
</block>
<block><region><rect/></region>
<text>
<par>
<line>CD</line></par>
<par>
<line>^(D</line></par>
<par>
<line>-I—I</line></par>
<par>
<line>LO</line></par>
</text>
</block>
<block><region><rect/></region>
<text>
<par>
<line>Arrêté le : 17 mars 2006</line></par>
<par>
<line>Approuvé le : 06 avril 2007, modifié le 14 septembre 2007</line>
<line>Rendu exécutoire le : 17 novembre 2007</line></par>
</text>
</block>
<block><region><rect/></region>
<text>
<par>
<line>Siège Social Brest : 7 Rue Le Reun - 29480 LE RELECQ KERHUON - Tél : 02 98 28 13 16 - Fax : 02 98 28 30 12</line>
<line>Agence Saint-Brieuc : 12 Rue du Point du Jour ZA La Ville Auvray - 22590 PORDIC - Tél 02 96 58 28 74 - 02 96 58 28 15</line></par>
<par>
<line>GÉOLITT : Adresse postale - 7 Rue Le Reun - 29480 LE RELECQ KERHUON - geolitt@wanadoo.fr</line>
<line>Société Cécile FEREC. S.A.R.L. unipersonnelle - capital 8 000 euros - R.C.S. Brest : B 382 133 809 - NAF 742C - Siret N° 382 133 809 00030 N° TVA intracommunautaire : FR523821339809</line></par>
</text>
</block>









</page>
<page width="2480" height="3508" resolution="300">
<block><region><rect/></region>
<text>
<par>
<line>Commune de La Feuillée</line></par>
</text>
</block>
<block><region><rect/></region>
<text>
<par>
<line>Otientations d'Aménagement</line></par>
</text>
</block>
<block><region><rect/></region>
<text>
<par>
<line>SOMMAIRE</line></par>
<par>
<line>SOMMAIRE_1</line></par>
<par>
<line>1. SECTEUR DE LA RUE JEAN LOUIS GOARNISSON_3</line></par>
<par>
<line>2. SECTEUR DE LEIN HALEG_4</line></par>
<par>
<line>3. SECTEUR SUD DE LA MAIRIE_5</line></par>
<par>
<line>4. ZONE D'ACTIVITES QUALIPARC DE CROAS AN HERRY_6</line></par>
</text>
</block>
<block><region><rect/></region>
<text>
<par>
<line>GEOLITT/ URBA-EPLU-02-086 1</line></par>
</text>
</block>







</page>
<page width="2480" height="3508" resolution="300">
<block><region><rect/></region>
<text>
<par>
<line>Commune de La Feuillée</line></par>
</text>
</block>
<block><region><rect/></region>
<text>
<par>
<line>Orientations d'Aménagement</line></par>
</text>
</block>
<block><region><rect/></region>
<text>
<par>
<line>L'article L.123-1 du Code de l'Urbanisme, modifié parla loi Urbanisme et Habitat du 2 juillet 2003, indique</line>
<line>que les Plans Locaux d'Urbanisme peuvent comporter « des orientations particulières d'aménagement,</line>
<line>relatives à des quartiers ou à des secteurs à mettre en valeur, réhabiliter, restructurer ou aménager. Les</line>
<line>orientations peuvent, en cohérence avec le Projet d'Aménagement et de Développement Durable, prévoir</line>
<line>les actions à mettre en oeuvre, notamment pour mettre en valeur l'environnement, les paysages, les</line>
<line>entrées de villes et le patrimoine, lutter contre l'insalubrité, permettre le renouvellement urbain et assurer</line>
<line>le développement de la commune. Elles peuvent prendre la forme de schémas d'aménagement et</line>
<line>préciser les principales caractéristiques des voies et espaces publics ».</line></par>
</text>
</block>
<block><region><rect/></region>
<text>
<par>
<line>Les élus de La Feuillée ont souhaité préciser certains principes d'aménagement pour les zones d'habitat</line>
<line>qui seront urbanisées dans le court terme. Ces principes visent à une consommation économe de</line>
<line>l'espace, à l'aménagement d'accès sécurisé, à l'insertion paysagère de la future urbanisation.</line></par>
</text>
</block>
<block><region><rect/></region>
<text>
<par>
<line>Ils découlent du Projet d'Aménagement et de Développement Durable et se traduisent également dans</line>
<line>les différents documents du Plan Local d'Urbanisme :</line>
<line>sur le plan de zonage,</line>
<line>dans les différents articles du règlement.</line></par>
</text>
</block>
<block><region><rect/></region>
<text>
<par>
<line>Note importante :</line></par>
<par>
<line>Conformément aux stipulations des l'articles AUh.2 et AUI.2 du règlement écrit « Conditions et utilisations</line>
<line>du sol soumises à des conditions particulières », les propriétaires, aménageurs ou lotisseurs des zones</line>
<line>ouvertes à l'urbanisation devront se conformer aux schémas d'aménagement de l'ensemble de la zone</line>
<line>ou du secteur considérés, ces schémas précisant notamment l'emplacement de la voirie et des réseaux,</line>
<line>ainsi que les caractéristiques de ces derniers.</line></par>
<par>
<line>La participation financière des propriétaires, aménageurs ou lotisseurs de ces zones ou secteurs, sera</line>
<line>sollicitée au cas par cas, par le biais des différents outils prévus (ou à prévoir) par le code de</line>
<line>l'urbanisme: Programme d'Aménagement d'Ensemble (PAE), Participation pour création de Voirie et</line>
<line>Réseaux (PVR), etc.</line></par>
</text>
</block>
<block><region><rect/></region>
<text>
<par>
<line>GEOLITT/URBA-EPLU-02-086</line></par>
</text>
</block>
<block><region><rect/></region>
<text>
<par>
<line>2</line></par>
</text>
</block>


</page>
<page width="2480" height="3508" resolution="300">
<block><region><rect/></region>
<text>
<par>
<line>Commune de La Feuillée</line></par>
</text>
</block>
<block><region><rect/></region>
<text>
<par>
<line>Otientations d'Aménagement</line></par>
</text>
</block>
<block><region><rect/></region>
<text>
<par>
<line>1. SECTEUR DE LA RUE JEAN LOUIS GOARNISSON</line></par>
</text>
</block>
<block><region><rect/></region>
<text>
<par/>
</text>
</block>
<block><region><rect/></region>
<text>
<par>
<line>%</line></par>
</text>
</block>
<block><region><rect/></region>
<text>
<par/>
</text>
</block>
<block><region><rect/></region>
<text>
<par>
<line>0</line></par>
</text>
</block>
<block><region><rect/></region>
<text>
<par>
<line>%</line></par>
</text>
</block>
<block><region><rect/></region>
<text>
<par>
<line>10m</line></par>
</text>
</block>
<block><region><rect/></region>
<text>
<par>
<line>10</line></par>
</text>
</block>
<block><region><rect/></region>
<text>
<par>
<line>50m</line></par>
</text>
</block>
<block><region><rect/></region>
<text>
<par/>
</text>
</block>
<block><region><rect/></region>
<text>
<par>
<line>h</line></par>
</text>
</block>
<block><region><rect/></region>
<text>
<par>
<line>k</line></par>
</text>
</block>
<block><region><rect/></region>
<text>
<par>
<line>0 10^ y ^50mi</line></par>
</text>
</block>
<block><region><rect/></region>
<text>
<par>
<line>LEGENDE :</line></par>
</text>
</block>
<block><region><rect/></region>
<text>
<par>
<line>frj</line></par>
</text>
</block>
<block><region><rect/></region>
<text>
<par>
<line>Limite de la zone</line>
<line>Boisement à conserver</line>
<line>Principe de desserte</line>
<line>Principe d'accès</line>
<line>Sentier piéton</line></par>
</text>
</block>
<block><region><rect/></region>
<text>
<par/>
</text>
</block>
<block><region><rect/></region>
<text>
<par>
<line>^ Marge de recul</line></par>
</text>
</block>
<block><region><rect/></region>
<text>
<par>
<line>Poteau incendie</line></par>
</text>
</block>
<block><region><rect/></region>
<text>
<par>
<line>Emplacement réservé</line></par>
</text>
</block>
<block><region><rect/></region>
<text>
<par>
<line>GEOLITT/ URBA-EPLU-02-086</line></par>
</text>
</block>
<block><region><rect/></region>
<text>
<par>
<line>3</line></par>
</text>
</block>








































<block blockType="Picture" blockName="" l="354" t="1981" r="1098" b="3083"><region><rect/></region>
</block>
</page>
<page width="2480" height="3508" resolution="300">
<block><region><rect/></region>
<text>
<par>
<line>Commune de La Feuillée</line></par>
</text>
</block>
<block><region><rect/></region>
<text>
<par>
<line>Otientations d'Aménagement</line></par>
</text>
</block>
<block><region><rect/></region>
<text>
<par>
<line>2. SECTEUR DE LEIN HALEG</line></par>
</text>
</block>
<block><region><rect/></region>
<text>
<par/>
</text>
</block>
<block><region><rect/></region>
<text>
<par/>
</text>
</block>
<block><region><rect/></region>
<text>
<par>
<line>aieg</line></par>
</text>
</block>
<block><region><rect/></region>
<text>
<par>
<line>Jh</line></par>
</text>
</block>
<block><region><rect/></region>
<text>
<par>
<line>1</line></par>
</text>
</block>
<block><region><rect/></region>
<text>
<par>
<line>&gt;r</line></par>
</text>
</block>
<block><region><rect/></region>
<text>
<par/>
</text>
</block>
<block><region><rect/></region>
<text>
<par/>
</text>
</block>
<block><region><rect/></region>
<text>
<par>
<line>%</line></par>
</text>
</block>
<block><region><rect/></region>
<text>
<par>
<line>m</line></par>
</text>
</block>
<block><region><rect/></region>
<text>
<par>
<line>%</line></par>
</text>
</block>
<block><region><rect/></region>
<text>
<par>
<line>0 10</line></par>
</text>
</block>
<block><region><rect/></region>
<text>
<par>
<line>50m 70 10m</line></par>
</text>
</block>
<block><region><rect/></region>
<text>
<par>
<line>M.</line></par>
</text>
</block>
<block><region><rect/></region>
<text>
<par>
<line>LEGENDE</line></par>
</text>
</block>
<block><region><rect/></region>
<text>
<par/>
</text>
</block>
<block><region><rect/><rect/><rect/></region>
<text>
<par>
<line>Limite de la zone</line>
<line>Boisement à conserver</line>
<line>Principe de desserte</line>
<line>Principe d'accès</line>
<line>• Sentier piéton</line></par>
</text>
</block>
<block><region><rect/></region>
<text>
<par>
<line>7^</line></par>
</text>
</block>
<block><region><rect/></region>
<text>
<par/>
</text>
</block>
<block><region><rect/><rect/><rect/></region>
<text>
<par>
<line>Marge de recul</line>
<line>^ Poteau incendie</line></par>
</text>
</block>
<block><region><rect/></region>
<text>
<par>
<line>Emplacement réservé</line></par>
</text>
</block>
<block><region><rect/></region>
<text>
<par>
<line>GEOLITT/ URBA-EPLU-02-086</line></par>
</text>
</block>
<block><region><rect/></region>
<text>
<par>
<line>4</line></par>
</text>
</block>










































<block blockType="Picture" blockName="" l="354" t="1853" r="1098" b="2956"><region><rect/></region>
</block>
</page>
<page width="2480" height="3508" resolution="300">
<block><region><rect/></region>
<text>
<par>
<line>Commune de La Feuillée</line></par>
</text>
</block>
<block><region><rect/></region>
<text>
<par>
<line>Orientations d'Aménagement</line></par>
</text>
</block>
<block><region><rect/></region>
<text>
<par>
<line>3. SECTEUR SUD DE LA MAIRIE</line></par>
</text>
</block>
<block><region><rect/></region>
<text>
<par>
<line>N</line></par>
</text>
</block>
<block><region><rect/></region>
<text>
<par>
<line>L</line></par>
</text>
</block>
<block><region><rect/></region>
<text>
<par/>
</text>
</block>
<block><region><rect/></region>
<text>
<par/>
</text>
</block>
<block><region><rect/></region>
<text>
<par>
<line>%</line></par>
</text>
</block>
<block><region><rect/></region>
<text>
<par/>
</text>
</block>
<block><region><rect/></region>
<text>
<par>
<line>1AÜ</line></par>
</text>
</block>
<block><region><rect/></region>
<text>
<par>
<line>2</line></par>
</text>
</block>
<block><region><rect/></region>
<text>
<par>
<line>ER</line></par>
</text>
</block>
<block><region><rect/></region>
<text>
<par>
<line>w</line></par>
</text>
</block>
<block><region><rect/></region>
<text>
<par/>
</text>
</block>
<block><region><rect/></region>
<text>
<par/>
</text>
</block>
<block><region><rect/></region>
<text>
<par>
<line>LEGENDE :</line></par>
</text>
</block>
<block><region><rect/></region>
<text>
<par>
<line>a</line></par>
</text>
</block>
<block><region><rect/></region>
<text>
<par>
<line>Limite de la zone</line>
<line>Boisement à conserver</line>
<line>Principe de desserte</line>
<line>Principe d'accès</line>
<line>Sentier piéton</line></par>
</text>
</block>
<block><region><rect/></region>
<text>
<par/>
</text>
</block>
<block><region><rect/></region>
<text>
<par>
<line>^ Marge de recul</line></par>
</text>
</block>
<block><region><rect/><rect/><rect/></region>
<text>
<par>
<line>^ Poteau incendie</line></par>
<par>
<line>Emplacement réservé</line></par>
</text>
</block>
<block><region><rect/></region>
<text>
<par>
<line>GEOLITT/ URBA-EPLU-02-086</line></par>
</text>
</block>
<block><region><rect/></region>
<text>
<par>
<line>5</line></par>
</text>
</block>












































<block blockType="Picture" blockName="" l="354" t="2034" r="1098" b="3136"><region><rect/></region>
</block>
</page>
<page width="4963" height="3508" resolution="300">
<block><region><rect/></region>
<text>
<par>
<line>Commune de La Feuillée</line></par>
</text>
</block>
<block><region><rect/></region>
<text>
<par>
<line>Orientations d'Aménagement</line></par>
</text>
</block>
<block><region><rect/></region>
<text>
<par>
<line>4. ZONE D'ACTIVITES QUALIPARC DE CROAS AN HERRY</line></par>
</text>
</block>
<block><region><rect/></region>
<text>
<par/>
</text>
</block>
<block><region><rect/></region>
<text>
<par>
<line>6'.</line></par>
</text>
</block>
<block><region><rect/></region>
<text>
<par>
<line>5?</line></par>
</text>
</block>
<block><region><rect/></region>
<text>
<par/>
</text>
</block>
<block><region><rect/></region>
<text>
<par/>
</text>
</block>
<block><region><rect/></region>
<text>
<par>
<line>N</line></par>
</text>
</block>
<block><region><rect/></region>
<text>
<par>
<line>ffù</line></par>
</text>
</block>
<block><region><rect/></region>
<text>
<par>
<line>'64</line></par>
</text>
</block>
<block><region><rect/></region>
<text>
<par/>
</text>
</block>
<block><region><rect/></region>
<text>
<par>
<line>Hero/</line></par>
</text>
</block>
<block><region><rect/></region>
<text>
<par>
<line>#</line></par>
</text>
</block>
<block><region><rect/></region>
<text>
<par/>
</text>
</block>
<block><region><rect/></region>
<text>
<par>
<line>lAUiB</line></par>
</text>
</block>
<block><region><rect/></region>
<text>
<par>
<line>LO</line></par>
</text>
</block>
<block><region><rect/></region>
<text>
<par/>
</text>
</block>
<block><region><rect/></region>
<text>
<par>
<line>Q</line></par>
</text>
</block>
<block><region><rect/></region>
<text>
<par>
<line>ce Apài</line></par>
</text>
</block>
<block><region><rect/></region>
<text>
<par>
<line>OsjO»</line></par>
</text>
</block>
<block><region><rect/></region>
<text>
<par>
<line>■lllll</line></par>
</text>
</block>
<block><region><rect/></region>
<text>
<par>
<line>€3</line></par>
<par>
<line>AAW</line></par>
<par>
<line>►</line></par>
</text>
</block>
<block><region><rect/></region>
<text>
<par>
<line>Haies à conserver de façon stricte</line>
<line>Haies à conserver si possible</line></par>
<par>
<line>Bassin tampon à mettre en place</line></par>
<par>
<line>Accès sommaire à prévoir pour l'entretien</line>
<line>du secteur</line></par>
<par>
<line>Voie de desserte existante</line>
<line>Voie de desserts à créer</line></par>
<par>
<line>Marge de recul</line></par>
<par>
<line>Limite de la zone</line></par>
<par>
<line>Interdiction d'accès</line></par>
<par>
<line>Principe d'accès</line></par>
<par>
<line>Limite du secteur constructible</line></par>
<par>
<line>Zone non constructible gérée</line>
<line>par la collectivité</line></par>
<par>
<line>Zone naturelle</line></par>
</text>
</block>
<block><region><rect/></region>
<text>
<par>
<line>GEOLITT/ URBA-EPLU-02-086</line></par>
</text>
</block>
<block><region><rect/></region>
<text>
<par>
<line>6</line></par>
</text>
</block>


































































</page>
</OAP>