<?xml version="1.0" encoding="UTF-8"?><OAP>
<page width="2479" height="3508" resolution="300">
<block><region><rect/></region>
<text>
<par>
<line>PLAN LOCAL D’URBANISME (PLU)</line></par>
</text>
</block>
<block><region><rect/></region>
<text>
<par>
<line>rrrrr</line></par>
<par>
<line>rTTTTl</line></par>
</text>
</block>
<block><region><rect/></region>
<text>
<par>
<line>ADELE-SFI Urbanisme</line></par>
<par>
<line>434 rue Etienne Lenoir</line>
<line>30 900 Nîmes</line>
<line>adelesfi@wanadoo.fr</line>
<line>Tél/Fax : 04.66.64.01.74</line>
<line>www.adele-sfi.com</line></par>
</text>
</block>
<block><region><rect/><rect/></region>
<text>
<par>
<line>Commune de Saze</line></par>
<par>
<line>Département du Gard</line></par>
</text>
</block>
<block><region><rect/></region>
<text>
<par>
<line>Orientations</line>
<line>P^d’Aménagement et de</line>
<line>■Programmation (O.A.P.)</line></par>
</text>
</block>
<block><region><rect/></region>
<text>
<par/>
</text>
</block>
<block><region><rect/></region>
<text>
<par/>
</text>
</block>
<block><region><rect/></region>
<text>
<par/>
</text>
</block>
<block><region><rect/></region>
<text>
<par/>
</text>
</block>
<block><region><rect/></region>
<text>
<par/>
</text>
</block>
<block><region><rect/></region>
<text>
<par>
<line>Approbation du POS : DCM du 05/12/1986</line>
<line>Prescription de la révision du P.O.S. : DCM du 18/07/2007</line>
<line>Arrêt du projet de P. L. U. : DCM du 07/04/2016</line>
<line>Approbation du P.L. U. : DCM du</line></par>
</text>
</block>
<block><region><rect/></region>
<text>
<par>
<line>Vu pour être annexé à la délibération du</line></par>
</text>
</block>
<block><region><rect/></region>
<text>
<par>
<line>Février 2017</line></par>
</text>
</block>
<block><region><rect/></region>
<text>
<par>
<line>ADELE</line></par>
</text>
</block>
<block><region><rect/></region>
<text>
<par>
<line>SF</line></par>
</text>
</block>
<block><region><rect/></region>
<text>
<par>
<line>urbanisme</line></par>
</text>
</block>



















<block blockType="Picture" blockName="" l="201" t="121" r="2326" b="387"><region><rect/></region>
</block>
<block blockType="Picture" blockName="" l="786" t="1116" r="1041" b="1308"><region><rect/></region>
</block>
<block blockType="Picture" blockName="" l="1649" t="1928" r="1838" b="1974"><region><rect/></region>
</block>
<block blockType="Picture" blockName="" l="1416" t="1903" r="1595" b="1945"><region><rect/></region>
</block>
<block blockType="Picture" blockName="" l="192" t="112" r="2332" b="397"><region><rect/></region>
</block>
</page>
<page width="2479" height="3508" resolution="300">
<block><region><rect/></region>
<text>
<par>
<line>2</line></par>
</text>
</block>
<block><region><rect/></region>
<text>
<par>
<line>SOMMAIRE</line></par>
</text>
</block>
<block><region><rect/></region>
<text>
<par>
<line>Préambule.3</line></par>
<par>
<line>I. Orientations d’Aménagement et de Programmation sur le secteur de la Vanade / Carlac et</line></par>
<par>
<line>Coulouves.5</line></par>
<par>
<line>II. Orientations d’Aménagement et de Programmation sur le secteur de la future zone artisanale de</line></par>
<par>
<line>la route de Rochefort.10</line></par>
<par>
<line>III. Orientations d’Aménagement et de Programmation sur le secteur du lotissement « les Chênes de</line></par>
<par>
<line>la Coste ».14</line></par>
</text>
</block>
<block><region><rect/></region>
<text>
<par>
<line>SFI</line></par>
</text>
</block>
<block><region><rect/></region>
<text>
<par>
<line>Commune de Saze</line></par>
<par>
<line>Plan Local d’UrbanIsme</line></par>
</text>
</block>
<block><region><rect/></region>
<text>
<par>
<line>Pièce n°3 - Orientations d’Aménagement et de Programmation - Février 2017</line></par>
</text>
</block>




</page>
<page width="2479" height="3508" resolution="300">
<block><region><rect/></region>
<text>
<par>
<line>3</line></par>
</text>
</block>
<block><region><rect/></region>
<text>
<par>
<line>PREAMBULE</line></par>
</text>
</block>
<block><region><rect/></region>
<text>
<par>
<line>Objet des orientations d’Amenagement et de Programmation :</line></par>
<par>
<line>Les modifications du code de l'urbanisme issues notamment des lois du 13 décembre 2000 (dite loi SRU),</line>
<line>du 2 juillet 2003 (dite loi Urbanisme et Habitat) et de leurs décrets d'application, introduisent dans les</line>
<line>nouveaux documents d'urbanisme communaux appelés « Plans Locaux d'Urbanisme (PLU) », pour</line>
<line>l'élaboration du projet communal : le Projet d'Aménagement et de Développement Durables (PADD) et les</line>
<line>Orientations d'Aménagement et de Programmation (OAP).</line></par>
<par>
<line>Selon l'article L151-6 du Code de l'Urbanisme :</line></par>
<par>
<line>« Les orientations d'aménagement et de programmation comprennent, en cohérence avec le projet</line>
<line>d'aménagement et de développement durables, des dispositions portant sur l'aménagement, l'habitat, les</line>
<line>transports et les déplacements.</line></par>
<par>
<line>En l'absence de schéma de cohérence territoriale, les orientations d'aménagement et de programmation</line>
<line>d'un plan local d'urbanisme élaboré par un établissement public de coopération intercommunale</line>
<line>comprennent les dispositions relatives à l'équipement commercial et artisanal mentionnées aux articles</line>
<line>L. 141-16 et L. 141-17. »</line></par>
</text>
</block>
<block><region><rect/></region>
<text>
<par>
<line>Selon le Code de l'Urbanisme :</line></par>
<par>
<line>« Les orientations d'aménagement et de programmation peuvent notamment :</line></par>
<par>
<line>1° Définir les actions et opérations nécessaires pour mettre en valeur l'environnement, notamment les</line>
<line>continuités écologiques, les paysages, les entrées de villes et le patrimoine, lutter contre l'insalubrité,</line>
<line>permettre le renouvellement urbain et assurer le développement de la commune ;</line></par>
<par>
<line>2° Favoriser la mixité fonctionnelle en prévoyant qu'en cas de réalisation d'opérations d'aménagement, de</line>
<line>construction ou de réhabilitation un pourcentage de ces opérations est destiné à la réalisation de</line>
<line>commerces ;</line></par>
<par>
<line>3° Comporter un échéancier prévisionnel de l'ouverture à l'urbanisation des zones à urbaniser et de la</line>
<line>réalisation des équipements correspondants ;</line></par>
<par>
<line>4° Porter sur des quartiers ou des secteurs à mettre en valeur, réhabiliter, restructurer ou aménager ;</line></par>
<par>
<line>5° Prendre la forme de schémas d'aménagement et préciser les principales caractéristiques des voies et</line>
<line>espaces publics ;</line></par>
<par>
<line>6° Adapter la délimitation des périmètres, en fonction de la qualité de la desserte, où s'applique le</line>
<line>plafonnement à proximité des transports prévu à l'article L. 151-35 ».</line></par>
<par>
<line>Contenu des Orientations d’Amenagement et de Programmation</line></par>
<par>
<line>L’article R123-3-1 du Code de l’urbanisme précise que :</line></par>
<par>
<line>« Les orientations d'aménagement et de programmation mentionnées au 1 de l'article L. 123-1-4 peuvent,</line>
<line>le cas échéant par quartier ou par secteur, prévoir les actions et opérations d'aménagement prévues par</line>
<line>ces dispositions.</line></par>
<par>
<line>Lorsque le plan local d'urbanisme est élaboré par un établissement public de coopération intercommunale,</line>
<line>les orientations d'aménagement et de programmation mentionnées aux 2 et 3 de l'article L. 123-1-4</line>
<line>définissent :</line></par>
<par>
<line>1° En ce qui concerne l'habitat, les objectifs et les principes mentionnés au 2° de l'article L. 123-1-4. Elles</line>
<line>comprennent, notamment, les objectifs mentionnés aux d, e et g de l'article R. 302-1-2 du code de la</line>
<line>construction et de l'habitation ainsi que le programme d'actions défini à l'article R. 302-1-3 du même code ;</line></par>
</text>
</block>
<block><region><rect/></region>
<text>
<par>
<line>SFI</line></par>
</text>
</block>
<block><region><rect/></region>
<text>
<par>
<line>Commune de Saze</line></par>
<par>
<line>Plan Local d’Urbanisme</line></par>
</text>
</block>
<block><region><rect/></region>
<text>
<par>
<line>Pièce n°3 - Orientations d’Aménagement et de Programmation - Février 2017</line></par>
</text>
</block>



</page>
<page width="2545" height="3602" resolution="308">
<block><region><rect/></region>
<text>
<par>
<line>4</line></par>
</text>
</block>
<block><region><rect/></region>
<text>
<par>
<line>2° Le cas échéant, en ce qui concerne les transports et les déplacements, l'organisation des transports de</line>
<line>personnes et de marchandises, de la circulation et le stationnement. Elles déterminent les mesures</line>
<line>arrêtées pour permettre d'assurer la réalisation des objectifs mentionnés à l'article L. 1214-2 du code des</line>
<line>transports.</line></par>
<par>
<line>Ces orientations d'aménagement et de programmation peuvent, en outre, comprendre tout élément</line>
<line>d'information nécessaire à la mise en œuvre des politiques du logement et du transport et des</line>
<line>déplacements ».</line></par>
<par>
<line>Dans ce cadre, la commune de Saze a souhaité affirmer des Orientations d’Aménagement et de</line>
<line>Programmation afin de favoriser une urbanisation de qualité et cohérente sur les secteurs suivants :</line></par>
<par>
<line>• La Vanade / Carlac et Coulouves (zones 1AU, 1AUp et UD1).</line></par>
<par>
<line>• Future zone artisanale située route de Rochefort (zones UE et 1AUE).</line></par>
<par>
<line>• Lotissement « les chênes de la Coste » (Zone UD1 du PLU).</line></par>
<par>
<line>Ces Orientations d’Aménagement et de Programmation s’imposent à tout projet d’aménagement</line>
<line>qu’il porte sur tout ou partie de la zone. Elles sont cohérentes avec le Projet d’Aménagement et de</line>
<line>Développement Durables (PADD), le règlement (qu’elles complètent) et les documents graphiques. Les</line>
<line>Orientations d’Aménagement et de Programmation suivantes présentent les premières intentions</line>
<line>d’aménagement et de programmation qui seront amenées à être précisées fonction des évolutions</line>
<line>de la réflexion globale d’aménagement menée sur ces secteur.</line></par>
</text>
</block>
<block><region><rect/></region>
<text>
<par>
<line>Localisation des secteurs concernés par les Orientations d’Aménagement et de Programmation</line></par>
</text>
</block>
<block><region><rect/></region>
<text>
<par/>
</text>
</block>
<block><region><rect/></region>
<text>
<par/>
</text>
</block>
<block><region><rect/></region>
<text>
<par>
<line>Future zone artisanale de</line></par>
</text>
</block>
<block><region><rect/></region>
<text>
<par>
<line>la route de Rochefort</line></par>
</text>
</block>
<block><region><rect/></region>
<text>
<par/>
</text>
</block>
<block><region><rect/></region>
<text>
<par/>
</text>
</block>
<block><region><rect/></region>
<text>
<par/>
</text>
</block>
<block><region><rect/></region>
<text>
<par/>
</text>
</block>
<block><region><rect/><rect/></region>
<text>
<par/>
</text>
</block>
<block><region><rect/></region>
<text>
<par>
<line>rnioS</line></par>
</text>
</block>
<block><region><rect/></region>
<text>
<par>
<line>1</line></par>
</text>
</block>
<block><region><rect/></region>
<text>
<par/>
</text>
</block>
<block><region><rect/></region>
<text>
<par/>
</text>
</block>
<block><region><rect/></region>
<text>
<par/>
</text>
</block>
<block><region><rect/></region>
<text>
<par/>
</text>
</block>
<block><region><rect/></region>
<text>
<par/>
</text>
</block>
<block><region><rect/></region>
<text>
<par/>
</text>
</block>
<block><region><rect/></region>
<text>
<par/>
</text>
</block>
<block><region><rect/></region>
<text>
<par/>
</text>
</block>
<block><region><rect/></region>
<text>
<par/>
</text>
</block>
<block><region><rect/></region>
<text>
<par>
<line>fW</line></par>
</text>
</block>
<block><region><rect/><rect/><rect/></region>
<text>
<par>
<line>Ecole '</line></par>
</text>
</block>
<block><region><rect/></region>
<text>
<par>
<line>^ LaCondamlne ^</line></par>
</text>
</block>
<block><region><rect/></region>
<text>
<par/>
</text>
</block>
<block><region><rect/></region>
<text>
<par>
<line>La Vanade</line></par>
</text>
</block>
<block><region><rect/></region>
<text>
<par>
<line>' Stade</line></par>
</text>
</block>
<block><region><rect/></region>
<text>
<par>
<line>i,, ' iV</line></par>
</text>
</block>
<block><region><rect/></region>
<text>
<par>
<line>Car ac et Cou ouves</line></par>
</text>
</block>
<block><region><rect/></region>
<text>
<par>
<line>■■</line></par>
</text>
</block>
<block><region><rect/></region>
<text>
<par>
<line>a 't</line></par>
</text>
</block>
<block><region><rect/></region>
<text>
<par/>
</text>
</block>
<block><region><rect/></region>
<text>
<par>
<line>Lotissement « es</line></par>
</text>
</block>
<block><region><rect/></region>
<text>
<par/>
</text>
</block>
<block><region><rect/></region>
<text>
<par>
<line>■"liK.</line></par>
</text>
</block>
<block><region><rect/></region>
<text>
<par>
<line>chênes de la Coste»</line></par>
</text>
</block>
<block><region><rect/></region>
<text>
<par/>
</text>
</block>
<block><region><rect/></region>
<text>
<par>
<line>Centre du ^</line></par>
</text>
</block>
<block><region><rect/></region>
<text>
<par>
<line>Carlac et</line>
<line>Coulouves</line></par>
</text>
</block>
<block><region><rect/></region>
<text>
<par>
<line>Village Vg.</line></par>
</text>
</block>
<block><region><rect/></region>
<text>
<par>
<line>fiw.</line></par>
</text>
</block>
<block><region><rect/></region>
<text>
<par/>
</text>
</block>
<block><region><rect/></region>
<text>
<par>
<line>La Vanade</line></par>
</text>
</block>
<block><region><rect/></region>
<text>
<par>
<line>m</line></par>
</text>
</block>
<block><region><rect/></region>
<text>
<par/>
</text>
</block>
<block><region><rect/></region>
<text>
<par>
<line>!■</line></par>
</text>
</block>
<block><region><rect/></region>
<text>
<par/>
</text>
</block>
<block><region><rect/></region>
<text>
<par/>
</text>
</block>
<block><region><rect/></region>
<text>
<par>
<line>0 100 200</line></par>
</text>
</block>
<block><region><rect/></region>
<text>
<par>
<line>SFI</line></par>
</text>
</block>
<block><region><rect/></region>
<text>
<par>
<line>Commune de Saze</line></par>
<par>
<line>Plan Local d’Urbanisme</line></par>
</text>
</block>
<block><region><rect/></region>
<text>
<par>
<line>Pièce n°3 - Orientations d’Aménagement et de Programmation - Février 2017</line></par>
</text>
</block>

















<block blockType="Picture" blockName="" l="406" t="1555" r="2181" b="3258"><region><rect/></region>
</block>
</page>
<page width="2479" height="3508" resolution="300">
<block><region><rect/></region>
<text>
<par>
<line>5</line></par>
</text>
</block>
<block><region><rect/></region>
<text>
<par>
<line>I.ORIENTATIONS D'AMENAGEMENT ET DE</line>
<line>PROGRAMMATION SUR LE SECTEUR DE LA VANADE</line>
<line>/ CARLAC ET COULOUVES</line></par>
</text>
</block>
<block><region><rect/></region>
<text>
<par>
<line>CARACTERISTIQUES INITIALES DU SITE</line>
<line>Localisation</line></par>
<par>
<line>Il occupe une surface totale nette de 11,1 ha environ et regroupe différents secteurs situés sur les franges</line>
<line>Sud et Sud-Est du village de part et d'autre de chemin communal n°101.</line></par>
<par>
<line>Il est situé à proximité immédiate du centre du village (environ 200 mètres) et des équipements de l'école</line>
<line>et de la salle polyvalente (environ 700 mètres).</line></par>
</text>
</block>
<block><region><rect/></region>
<text>
<par>
<line>Accès</line></par>
<par>
<line>Le secteur est accessible via le chemin des Issards pour sa partie Sud et le chemin des Moulins pour sa</line>
<line>partie Nord. Ces deux voies permettent de relier le centre du village et de rejoindre ensuite la RN100 via</line>
<line>l'Allée des Platanes ou la route d'Avignon.</line></par>
</text>
</block>
<block><region><rect/></region>
<text>
<par>
<line>Réseaux</line></par>
<par>
<line>Les terrains concernés par l'OAP sont insuffisamment ou non équipés pour recevoir une urbanisation</line>
<line>immédiate.</line></par>
<par>
<line>Toutefois, le site est facilement raccordable aux réseaux compte tenu de sa situation en continuité avec les</line>
<line>zones urbaines existantes (zone UD1).</line></par>
</text>
</block>
<block><region><rect/></region>
<text>
<par>
<line>Occupation du sol, topographie et paysages</line></par>
<par>
<line>Le site est aujourd'hui majoritairement occupé par des vignes ainsi que quelques friches agricoles, dans un</line>
<line>cadre paysager de qualité, sur les franges du village : murets de pierres sèches , éléments de petit</line>
<line>patrimoine (oratoire^) haies brise vent, proximité du site des moulins^</line></par>
<par>
<line>Le secteur de la Vanade est situé en pied de coteau, avec une légère pente du Sud au Nord (dénivelé</line>
<line>d'environ 15 mètres entre le haut et le bas du terrain).</line></par>
<par>
<line>Le secteur de Carlac est Coulouves est quant à lui quasiment plat.</line></par>
</text>
</block>
<block><region><rect/></region>
<text>
<par>
<line>SFI</line></par>
</text>
</block>
<block><region><rect/></region>
<text>
<par>
<line>Commune de Saze</line></par>
<par>
<line>Plan Local d’UrbanIsme</line></par>
</text>
</block>
<block><region><rect/></region>
<text>
<par>
<line>Pièce n°3 - Orientations d’Aménagement et de Programmation - Février 2017</line></par>
</text>
</block>

</page>
<page width="2479" height="3508" resolution="300">
<block><region><rect/></region>
<text>
<par>
<line>6</line></par>
</text>
</block>
<block><region><rect/></region>
<text>
<par>
<line>Zonage du PLU</line></par>
<par>
<line>Le périmètre concerné par les Orientations d'Aménagement et de Programmation concerne plusieurs</line>
<line>zones du PLU :</line></par>
<par>
<line>• La zone 1AU de la Vanade, qui accueillera essentiellement de l'habitat et des hébergements</line>
<line>touristiques</line></par>
<par>
<line>• La zone 1AUp de Carlac et Coulouves dédiée à des équipements publics</line></par>
<par>
<line>• Une partie de la zone UD1, constituée de « dents creuses » qui accueilleront uniquement de</line>
<line>l'habitat.</line></par>
</text>
</block>
<block><region><rect/></region>
<text>
<par>
<line>Extrait du plan de zonage du PLU</line></par>
</text>
</block>
<block><region><rect/></region>
<text>
<par>
<line>A</line></par>
</text>
</block>
<block><region><rect/></region>
<text>
<par>
<line>i—</line></par>
</text>
</block>
<block><region><rect/></region>
<text>
<par/>
</text>
</block>
<block><region><rect/></region>
<text>
<par/>
</text>
</block>
<block><region><rect/></region>
<text>
<par>
<line>UDI</line></par>
</text>
</block>
<block><region><rect/></region>
<text>
<par>
<line>lAUp</line></par>
</text>
</block>
<block><region><rect/></region>
<text>
<par>
<line>lAU</line></par>
</text>
</block>
<block><region><rect/></region>
<text>
<par>
<line>A</line></par>
</text>
</block>
<block><region><rect/></region>
<text>
<par>
<line>Commune de Saze</line></par>
<par>
<line>Plan Local d’UrbanIsme</line></par>
</text>
</block>
<block><region><rect/></region>
<text>
<par>
<line>Pièce n°3 - Orientations d’Aménagement et de Programmation - Février 2017</line></par>
</text>
</block>
<block><region><rect/></region>
<text>
<par>
<line>SFI</line></par>
</text>
</block>



































































</page>
<page width="2479" height="3508" resolution="300">
<block><region><rect/></region>
<text>
<par>
<line>7</line></par>
</text>
</block>
<block><region><rect/></region>
<text>
<par>
<line>Principes d’amenagement et de composition urbaine</line></par>
<par>
<line>Rappel : les Orientations d'Aménagement et de Programmation suivantes présentent les premières</line>
<line>intentions d'aménagement et de programmation qui seront amenées à être précisées fonction des</line>
<line>évolutions de la réflexion globale d'aménagement voulue pour ce secteur de mixité urbaine.</line></par>
<par>
<line>Organisation urbaine</line></par>
<par>
<line>Les Orientation d'Aménagement et de Programmation de la Vanade / Carlac et Coulouves concernent un</line>
<line>secteur de mixité sociale et fonctionnelle qui accueillera à la fois de l'habitat, des équipements publics</line>
<line>et des hébergements touristiques.</line></par>
</text>
</block>
<block><region><rect/></region>
<text>
<par>
<line>Habitat :</line></par>
<par>
<line>De part leur situation au sein de zones pavillonnaires existantes, les deux « dents creuses » intégrées aux</line>
<line>Orientations d'Aménagement et de Programmation (partie Nord) accueilleront uniquement de l'habitat. Ces</line>
<line>secteurs sont urbanisables immédiatement (zones UD1 du PLU).</line></par>
<par>
<line>La partie Nord-Ouest du secteur de la Vanade accueillera également un programme d'habitat en raison de</line>
<line>sa proximité du centre du village et de sa situation en frange de l'habitat existant. Une densité urbaine plus</line>
<line>importante est prévue le long du chemin des Issards avec une organisation de l'habitat le long de la voie</line>
<line>afin de structurer l'entrée dans ce nouveau quartier. Ce secteur sera ouvert à l'urbanisation ultérieurement</line>
<line>(zone 1AU « bloquée » du PLU).</line></par>
<par>
<line>L'Etablissement Public Foncier (EPF) pourra être sollicité afin d'accompagner la commune si nécessaire.</line></par>
</text>
</block>
<block><region><rect/></region>
<text>
<par>
<line>Eléments de programmation sur le secteur de la Vanade destiné à de l'habitat (zone 1AU) :</line></par>
<par>
<line>&gt; Environ 90 nouveaux logements (dont 10% de logements locatifs sociaux au minimum) répartis</line>
<line>selon la typologie suivante :</line></par>
<par>
<line>■ Environ 60% maximum de logements individuels purs,</line></par>
<par>
<line>■ Environ 30% de logements individuels groupé,</line></par>
<par>
<line>■ Environ 10% minimum de logements collectifs,</line></par>
<par>
<line>&gt; Densité moyenne d'environ 30 logements / ha.</line></par>
</text>
</block>
<block><region><rect/></region>
<text>
<par>
<line>Hébergements touristiques :</line></par>
<par>
<line>Outre le programme destiné à de l'habitat, le secteur de la Vanade accueillera également un programme</line>
<line>d'hébergements touristiques dans sa partie Sud et Est. Cette localisation permettra une organisation</line>
<line>spécifique au programme touristique ainsi qu'un accès direct aux chemins de randonnées et aux vignobles</line>
<line>voisins. Ce secteur sera ouvert à l'urbanisation ultérieurement (zone 1AU « bloquée » du PLU).</line></par>
</text>
</block>
<block><region><rect/></region>
<text>
<par>
<line>Equipements publics :</line></par>
<par>
<line>Le secteur de Carlac et Coulouves (zone 1AUp) accueillera des équipements publics (par exemple un «</line>
<line>centre d'accueil sans hébergement »). Cette localisation permet une proximité avec les zones d'habitat</line>
<line>existantes et le futur quartier de la Vanade tout en réservant un secteur spécifiquement destiné aux</line>
<line>équipements publics. Ce secteur sera ouvert à l'urbanisation ultérieurement (zone 1AUp « bloquée » du</line>
<line>PLU).</line></par>
</text>
</block>
<block><region><rect/></region>
<text>
<par>
<line>SFI</line></par>
</text>
</block>
<block><region><rect/></region>
<text>
<par>
<line>Commune de Saze</line></par>
<par>
<line>Plan Local d’UrbanIsme</line></par>
</text>
</block>
<block><region><rect/></region>
<text>
<par>
<line>Pièce n°3 - Orientations d’Aménagement et de Programmation - Février 2017</line></par>
</text>
</block>





</page>
<page width="2479" height="3508" resolution="300">
<block><region><rect/></region>
<text>
<par>
<line>8</line></par>
</text>
</block>
<block><region><rect/></region>
<text>
<par>
<line>Espaces publics :</line></par>
<par>
<line>Une zone de centralité de type placette (avec commerce de proximité et équipement de type « maison en</line>
<line>partage ») sera aménagée au sein du nouveau quartier de la Vanade afin de créer une zone de rencontre</line>
<line>entre les futurs habitants du nouveau quartier.</line></par>
<par>
<line>Dans le même esprit, la gestion des eaux pluviales se fera préférentiellement sous la forme d'une noue</line>
<line>paysagée en bordure de voie, de manière à intégrer les ouvrages de manière qualitative au sein de la zone</line>
<line>(éviter les bassins « techniques » sans autre fonctionnalité).</line></par>
</text>
</block>
<block><region><rect/></region>
<text>
<par>
<line>Paysages et Trame Verte et Bleue :</line></par>
<par>
<line>Le secteur s'inscrit dans un contexte paysager remarquable composé essentiellement de vignobles en pied</line>
<line>de coteau et à proximité du site des Moulins.</line></par>
<par>
<line>L'aménagement du secteur s'appuie sur les lignes de force du paysage et notamment la présence de</line>
<line>linéaires arborés doublés de murets de pierres sèches qui seront conservés. La conservation d'une</line>
<line>« coulée verte arborée » permettra également de faire la liaison avec les espaces agricoles et boisés des</line>
<line>coteaux dominant le site au Sud (Trame Verte et Bleue).</line></par>
<par>
<line>Le relief sera également pris en compte dans l'implantation des différents types de bâtis (maisons</line>
<line>individuelles, petits collectifs, notamment dans le secteur de la Vanade qui est le secteur le plus concerné</line>
<line>par les systèmes de pentes) afin de préserver les vues et d'offrir un cadre de vie de qualité aux futures</line>
<line>habitants et utilisateurs des lieux.</line></par>
<par>
<line>Organisation du réseau viaire</line></par>
<par>
<line>La desserte du secteur s'appuie sur le réseau viaire existant et notamment sur les trois voies permettant de</line>
<line>rejoindre le centre de Saze puis la RN100 (vers Avignon ou Nîmes) : le chemin des Moulins au Nord, le</line>
<line>chemin des Issards au centre et le chemin du Puech Bénézet au Sud-Ouest. La trame viaire principale sera</line>
<line>organisée à partir d'accroches sur ces voies existantes.</line></par>
<par>
<line>La localisation à proximité immédiate du centre du village permet d'envisager une desserte du futur quartier</line>
<line>via des déplacements doux (vélos et piétons) mais aussi par le réseau des transports en commun du</line>
<line>Grand Avignon : l'arrêt situé place de la Mairie est à moins de 200 mètres du secteur.</line></par>
<par>
<line>Les zones de stationnements pourront être organisées en entrée de la zone de la Vanade afin de limiter la</line>
<line>présence de la voiture au cœur du futur quartier.</line></par>
<par>
<line>La zone touristique disposera d'une aire de stationnements spécifiquement dédiée tandis qu'une seconde</line>
<line>aire de stationnement pourra être mutualisée (habitat + tourisme).</line></par>
</text>
</block>
<block><region><rect/></region>
<text>
<par>
<line>SFI</line></par>
</text>
</block>
<block><region><rect/></region>
<text>
<par>
<line>Commune de Saze</line></par>
<par>
<line>Plan Local d’UrbanIsme</line></par>
</text>
</block>
<block><region><rect/></region>
<text>
<par>
<line>Pièce n°3 - Orientations d’Aménagement et de Programmation - Février 2017</line></par>
</text>
</block>


</page>
<page width="2595" height="3672" resolution="314">
<block><region><rect/></region>
<text>
<par>
<line>9</line></par>
</text>
</block>
<block><region><rect/></region>
<text>
<par>
<line>Orientation d’Aménagement et de Programmation</line></par>
</text>
</block>
<block><region><rect/></region>
<text>
<par>
<line>vers RN100 (Avignon /Nîmes)</line></par>
</text>
</block>
<block><region><rect/></region>
<text>
<par>
<line>vers RN100 (Avignon /Nîmes)</line></par>
</text>
</block>
<block><region><rect/></region>
<text>
<par/>
</text>
</block>
<block><region><rect/></region>
<text>
<par/>
</text>
</block>
<block><region><rect/></region>
<text>
<par/>
</text>
</block>
<block><region><rect/></region>
<text>
<par>
<line>6'</line></par>
</text>
</block>
<block><region><rect/></region>
<text>
<par/>
</text>
</block>
<block><region><rect/></region>
<text>
<par>
<line>U</line></par>
</text>
</block>
<block><region><rect/></region>
<text>
<par>
<line>-</line></par>
</text>
</block>
<block><region><rect/></region>
<text>
<par>
<line>Ch</line></par>
</text>
</block>
<block><region><rect/></region>
<text>
<par>
<line>e/77.</line></par>
</text>
</block>
<block><region><rect/></region>
<text>
<par/>
</text>
</block>
<block><region><rect/></region>
<text>
<par>
<line>Centre du '</line></par>
</text>
</block>
<block><region><rect/></region>
<text>
<par>
<line>ou//n</line></par>
</text>
</block>
<block><region><rect/></region>
<text>
<par>
<line>village</line></par>
</text>
</block>
<block><region><rect/></region>
<text>
<par/>
</text>
</block>
<block><region><rect/></region>
<text>
<par>
<line>Chem, des Issards</line></par>
</text>
</block>
<block><region><rect/></region>
<text>
<par>
<line>CARLAC ET</line>
<line>COU LOUVES</line></par>
</text>
</block>
<block><region><rect/></region>
<text>
<par/>
</text>
</block>
<block><region><rect/></region>
<text>
<par>
<line>H</line></par>
</text>
</block>
<block><region><rect/></region>
<text>
<par>
<line>Vers centre</line></par>
</text>
</block>
<block><region><rect/></region>
<text>
<par>
<line>7i</line></par>
</text>
</block>
<block><region><rect/></region>
<text>
<par>
<line>tt</line></par>
</text>
</block>
<block><region><rect/></region>
<text>
<par>
<line>Vers centre</line></par>
</text>
</block>
<block><region><rect/></region>
<text>
<par>
<line>t</line></par>
</text>
</block>
<block><region><rect/></region>
<text>
<par>
<line>t</line></par>
</text>
</block>
<block><region><rect/></region>
<text>
<par>
<line>t</line></par>
</text>
</block>
<block><region><rect/></region>
<text>
<par>
<line>|0</line></par>
</text>
</block>
<block><region><rect/></region>
<text>
<par>
<line>O</line></par>
</text>
</block>
<block><region><rect/></region>
<text>
<par/>
</text>
</block>
<block><region><rect/></region>
<text>
<par>
<line>•SW</line></par>
</text>
</block>
<block><region><rect/></region>
<text>
<par/>
</text>
</block>
<block><region><rect/></region>
<text>
<par/>
</text>
</block>
<block><region><rect/></region>
<text>
<par/>
</text>
</block>
<block><region><rect/></region>
<text>
<par>
<line>« %</line></par>
</text>
</block>
<block><region><rect/></region>
<text>
<par/>
</text>
</block>
<block><region><rect/></region>
<text>
<par>
<line>r—</line></par>
</text>
</block>
<block><region><rect/></region>
<text>
<par>
<line>25 50 m</line></par>
</text>
</block>
<block><region><rect/></region>
<text>
<par>
<line>Perimetre faisant I objet des Orientations d Amenagement</line></par>
</text>
</block>
<block><region><rect/></region>
<text>
<par>
<line>Coulee verte (Trame Verte et Bleue)</line></par>
</text>
</block>
<block><region><rect/></region>
<text>
<par>
<line>et de Programmation</line></par>
</text>
</block>
<block><region><rect/></region>
<text>
<par>
<line>Linéaires arborés à préserver</line></par>
</text>
</block>
<block><region><rect/></region>
<text>
<par>
<line>Secteur d'habitat dont :</line></par>
</text>
</block>
<block><region><rect/></region>
<text>
<par>
<line>. secteur urbanisable immédiatement</line></par>
</text>
</block>
<block><region><rect/></region>
<text>
<par>
<line>Principes de voies principales</line></par>
</text>
</block>
<block><region><rect/></region>
<text>
<par>
<line>(«dents creuses» en zone UDI )</line></par>
</text>
</block>
<block><region><rect/></region>
<text>
<par>
<line>Principes de cheminements doux</line></par>
</text>
</block>
<block><region><rect/></region>
<text>
<par>
<line>Secteur d habitat (plus forte densite)</line></par>
</text>
</block>
<block><region><rect/></region>
<text>
<par>
<line>Zone de stationnement muta ise</line></par>
</text>
</block>
<block><region><rect/></region>
<text>
<par>
<line>O</line></par>
</text>
</block>
<block><region><rect/></region>
<text>
<par>
<line>Zone de centrante (espace public, commerces de proximité...)</line></par>
</text>
</block>
<block><region><rect/></region>
<text>
<par>
<line>(habitat + tourisme)</line></par>
</text>
</block>
<block><region><rect/></region>
<text>
<par>
<line>Zone de stationnement des hebergements</line></par>
</text>
</block>
<block><region><rect/></region>
<text>
<par>
<line>Secteur d équipements</line></par>
</text>
</block>
<block><region><rect/></region>
<text>
<par>
<line>O</line></par>
</text>
</block>
<block><region><rect/></region>
<text>
<par>
<line>touristiques</line></par>
</text>
</block>
<block><region><rect/></region>
<text>
<par>
<line>Secteur d hebergements touristiques</line></par>
</text>
</block>
<block><region><rect/></region>
<text>
<par>
<line>Rétention des eaux pluviales (noue paysagee)</line></par>
</text>
</block>
<block><region><rect/></region>
<text>
<par>
<line>Commune de Saze</line></par>
<par>
<line>Plan Local dUrbanisme</line></par>
</text>
</block>
<block><region><rect/></region>
<text>
<par>
<line>Pièce n°3 - Orientations d’Aménagement et de Programmation - Février 2017</line></par>
</text>
</block>
<block><region><rect/></region>
<text>
<par>
<line>SFI</line></par>
</text>
</block>















<block blockType="Picture" blockName="" l="260" t="353" r="2379" b="2575"><region><rect/></region>
</block>
<block blockType="Picture" blockName="" l="297" t="2892" r="373" b="2948"><region><rect/></region>
</block>
<block blockType="Picture" blockName="" l="297" t="2708" r="373" b="2762"><region><rect/></region>
</block>
</page>
<page width="2479" height="3508" resolution="300">
<block><region><rect/></region>
<text>
<par>
<line>10</line></par>
</text>
</block>
<block><region><rect/></region>
<text>
<par>
<line>II.ORIENTATIONS D'AMENAGEMENT ET DE</line>
<line>PROGRAMMATION SUR LE SECTEUR DE LA FUTURE</line>
<line>ZONE ARTISANALE DE LA ROUTE DE ROCHEFORT</line></par>
</text>
</block>
<block><region><rect/></region>
<text>
<par>
<line>CARACTERISTIQUES INITIALES DU SITE</line>
<line>Localisation</line></par>
<par>
<line>Le secteur faisant l'objet des Orientations d'Aménagement et de Programmation correspond à un secteur</line>
<line>en grande partie non urbanisé, d'une superficie nette de 5 ha environ, situé à l'entrée Nord du village, à</line>
<line>proximité immédiate de la route de Rochefort (RD 287).</line></par>
</text>
</block>
<block><region><rect/></region>
<text>
<par>
<line>Accès</line></par>
<par>
<line>La partie Sud du secteur (zone 2AUE) est accessible via une voie existante (contre allée), à partir de la RD</line>
<line>287 (route de Rochefort). Le giratoire de la RN 100 est situé à proximité immédiate.</line></par>
<par>
<line>La partie Nord du secteur est bordée par la RD 287 (route de Rochefort) et le chemin communal de la Croix</line>
<line>des Chênes.</line></par>
<par>
<line>En raison de l'absence d'aménagement du carrefour entre le chemin de la Croix des Chênes et la RD287,</line>
<line>l'ouverture à l'urbanisation de la zone ne peut pas être envisagée immédiatement.</line></par>
</text>
</block>
<block><region><rect/></region>
<text>
<par>
<line>Réseaux</line></par>
<par>
<line>Les terrains concernés par l'OAP sont insuffisamment ou non équipés pour recevoir une urbanisation</line>
<line>immédiate.</line></par>
<par>
<line>Toutefois, le site est raccordable aux réseaux compte tenu de sa situation en continuité avec les zones</line>
<line>urbaines existantes (zone UD1 au Sud).</line></par>
</text>
</block>
<block><region><rect/></region>
<text>
<par>
<line>Occupation du sol, topographie et paysages</line></par>
<par>
<line>Le secteur est situé à l'interface de deux unités de paysages : les « extensions urbaines » au Sud et l'unité</line>
<line>de la « plaine à vergers » au Nord.</line></par>
<par>
<line>La partie Sud du site est en cours d'urbanisation, elle accueille notamment un bâtiment artisanal</line>
<line>(menuiserie) récemment implanté.</line></par>
<par>
<line>Le reste du site est occupée par des espaces agricoles : vignes, vergers mais aussi quelques friches. En</line>
<line>limite Ouest du secteur : des constructions à usage d'habitation se sont développées de manière linéaire le</line>
<line>long de la route de Rochefort (RD 287).</line></par>
<par>
<line>Les pentes générales sont orientées de l'Ouest vers l'Est mais la topographier du site reste peu marquée.</line></par>
<par>
<line>A l'exception de ses extrémités Nord et Sud, le site est peu perçu depuis la route de Rochefort (RD 287) en</line>
<line>raison de la présence des habitations en bordure de voie.</line></par>
<par>
<line>La partie Sud du secteur est très perçue depuis la RN 100: les enjeux paysagers sont importants (effet</line>
<line>« vitrine »)</line></par>
<par>
<line>Le secteur est situé en dehors du périmètre du monument inscrit du château et il n'est concerné par aucun</line>
<line>site archéologique.</line></par>
</text>
</block>
<block><region><rect/></region>
<text>
<par>
<line>SFI</line></par>
</text>
</block>
<block><region><rect/></region>
<text>
<par>
<line>Commune de Saze</line></par>
<par>
<line>Plan Local d’UrbanIsme</line></par>
</text>
</block>
<block><region><rect/></region>
<text>
<par>
<line>Pièce n°3 - Orientations d’Aménagement et de Programmation - Février 2017</line></par>
</text>
</block>

</page>
<page width="2479" height="3508" resolution="300">
<block><region><rect/></region>
<text>
<par>
<line>11</line></par>
</text>
</block>
<block><region><rect/></region>
<text>
<par>
<line>Zonage du PLU</line></par>
</text>
</block>
<block><region><rect/></region>
<text>
<par>
<line>Le secteur de la future zone artisanale est concerné par différentes zones du PLU :</line></par>
<par>
<line>• La zone UE qui accueille des bâtiments d'activités existants au Sud de la zone,</line></par>
<par>
<line>• La zone 1AUE, qui correspond au projet de zone d'activités artisanales,</line></par>
</text>
</block>
<block><region><rect/></region>
<text>
<par>
<line>Extrait du plan de zonage du PLU</line></par>
</text>
</block>
<block><region><rect/></region>
<text>
<par/>
</text>
</block>
<block><region><rect/></region>
<text>
<par/>
</text>
</block>
<block><region><rect/></region>
<text>
<par>
<line>UD</line></par>
</text>
</block>
<block><region><rect/></region>
<text>
<par/>
</text>
</block>
<block><region><rect/></region>
<text>
<par/>
</text>
</block>
<block><region><rect/></region>
<text>
<par>
<line>U</line></par>
</text>
</block>
<block><region><rect/></region>
<text>
<par>
<line>CP</line></par>
</text>
</block>
<block><region><rect/></region>
<text>
<par/>
</text>
</block>
<block><region><rect/></region>
<text>
<par/>
</text>
</block>
<block><region><rect/></region>
<text>
<par>
<line>UE</line></par>
</text>
</block>
<block><region><rect/></region>
<text>
<par>
<line>O</line></par>
</text>
</block>
<block><region><rect/></region>
<text>
<par>
<line>P</line></par>
</text>
</block>
<block><region><rect/></region>
<text>
<par/>
</text>
</block>
<block><region><rect/></region>
<text>
<par>
<line>LJ</line></par>
</text>
</block>
<block><region><rect/></region>
<text>
<par>
<line>r-n</line></par>
</text>
</block>
<block><region><rect/></region>
<text>
<par>
<line>Commune de Saze</line></par>
<par>
<line>Plan Local d’UrbanIsme</line></par>
</text>
</block>
<block><region><rect/></region>
<text>
<par>
<line>Pièce n°3 - Orientations d’Aménagement et de Programmation - Février 2017</line></par>
</text>
</block>
<block><region><rect/></region>
<text>
<par>
<line>SFI</line></par>
</text>
</block>







































</page>
<page width="2479" height="3508" resolution="300">
<block><region><rect/></region>
<text>
<par>
<line>12</line></par>
</text>
</block>
<block><region><rect/></region>
<text>
<par>
<line>Principes d’amenagement et de composition urbaine</line></par>
<par>
<line>Rappel : les Orientations d'Aménagement et de Programmation suivantes présentent les premières</line>
<line>intentions d'aménagement et de programmation qui seront amenées à être précisées fonction des</line>
<line>évolutions de la réflexion globale d'aménagement menée sur ce secteur.</line></par>
</text>
</block>
<block><region><rect/></region>
<text>
<par>
<line>Organisation urbaine</line></par>
<par>
<line>La partie Sud (classée en zone UE au PLU) est déjà aménagée (ou en cours d'aménagement).</line></par>
<par>
<line>La partie Nord du site fera l'objet d'un aménagement d'ensemble après modification ou révision du PLU.</line></par>
<par>
<line>Les logements (intégrés aux volumes bâtis) sont autorisés uniquement à condition que leur présence soit</line>
<line>d'une absolue nécessité pour assurer la surveillance et le fonctionnement des établissements et services</line>
<line>de la zone (logements de fonction et / ou de gardiennage) et que leur surface de plancher soit inférieure au</line>
<line>quart de la surface de plancher totale des bâtiments construits, avec un maximum de 80 m^.</line></par>
<par>
<line>Les franges avec les zones d'habitat existant (zone UD2 à l'Ouest de la zone) ainsi qu'en bordure de la</line>
<line>RD287 seront traitées sur le plan paysager («zone « tampon » avec plantations arborées, mise en place de</line>
<line>reculs^) afin de limiter les nuisances (sonores et visuelles) avec les habitations existantes et afin de</line>
<line>valoriser l'entrée de ville.</line></par>
<par>
<line>Organisation du réseau viaire et réseaux</line></par>
<par>
<line>L'accès à la zone sera organisé via un accès existant sur la route de Rochefort, au Sud, au niveau de la</line>
<line>superette. Aucun nouvel accès ne sera créé sur la RN100.</line></par>
<par>
<line>L'ensemble de la zone sera desservie par une voie à créer en limite Est du secteur, en s'appuyant sur le</line>
<line>chemin rural existant. Ce chemin sera réaménagé et élargi de manière à pouvoir supporter le trafic</line>
<line>automobile lié à la future zone d'activités économiques.</line></par>
<par>
<line>Une desserte interne de la zone sera organisée à partir de cette nouvelle voie.</line></par>
<par>
<line>La sortie Nord de la zone nécessitera l'aménagement d'un carrefour, soit sur le chemin de la Croix des</line>
<line>Chênes, soit au niveau du carrefour entre le chemin de la Croix des Chênes et de la route de Rochefort</line>
<line>(RD287).</line></par>
<par>
<line>Cet aménagement devra être validé par les services du Conseil Départemental qui est gestionnaire de la</line>
<line>RD287. Le Département devra ainsi être associé à la réflexion en amont, afin d'envisager une</line>
<line>aménagement cohérent et répondant aux exigences de sécurités au niveau de la RD287 (route de</line>
<line>Rochefort).</line></par>
<par>
<line>La future zone d'activités devra faire l'objet d'un raccordement à la fibre optique.</line></par>
</text>
</block>
<block><region><rect/></region>
<text>
<par>
<line>SFI</line></par>
</text>
</block>
<block><region><rect/></region>
<text>
<par>
<line>Commune de Saze</line></par>
<par>
<line>Plan Local d’UrbanIsme</line></par>
</text>
</block>
<block><region><rect/></region>
<text>
<par>
<line>Pièce n°3 - Orientations d’Aménagement et de Programmation - Février 2017</line></par>
</text>
</block>

</page>
<page width="2496" height="3532" resolution="302">
<block><region><rect/><rect/></region>
<text>
<par>
<line>Orientations d’Aménagement et de Programmation</line></par>
</text>
<text>
<par>
<line>Vers Rochefort-du-Gard</line></par>
</text>
</block>
<block><region><rect/></region>
<text>
<par/>
</text>
</block>
<block><region><rect/></region>
<text>
<par/>
</text>
</block>
<block><region><rect/></region>
<text>
<par/>
</text>
</block>
<block><region><rect/></region>
<text>
<par/>
</text>
</block>
<block><region><rect/></region>
<text>
<par/>
</text>
</block>
<block><region><rect/></region>
<text>
<par>
<line>Qo</line></par>
</text>
</block>
<block><region><rect/></region>
<text>
<par>
<line>Ch</line></par>
</text>
</block>
<block><region><rect/></region>
<text>
<par>
<line>e/7</line></par>
</text>
</block>
<block><region><rect/></region>
<text>
<par>
<line>es</line></par>
</text>
</block>
<block><region><rect/></region>
<text>
<par>
<line>î;</line></par>
</text>
</block>
<block><region><rect/></region>
<text>
<par>
<line>U _</line></par>
</text>
</block>
<block><region><rect/></region>
<text>
<par>
<line>r</line></par>
</text>
</block>
<block><region><rect/></region>
<text>
<par/>
</text>
</block>
<block><region><rect/></region>
<text>
<par>
<line>rs</line></par>
</text>
</block>
<block><region><rect/></region>
<text>
<par>
<line>vers Avignon</line></par>
</text>
</block>
<block><region><rect/></region>
<text>
<par>
<line>Supérette *</line></par>
</text>
</block>
<block><region><rect/></region>
<text>
<par/>
</text>
</block>
<block><region><rect/></region>
<text>
<par>
<line>lOO</line></par>
</text>
</block>
<block><region><rect/></region>
<text>
<par>
<line>Vers Nîmes/A9</line></par>
</text>
</block>
<block><region><rect/></region>
<text>
<par>
<line>H</line></par>
</text>
</block>
<block><region><rect/></region>
<text>
<par/>
</text>
</block>
<block><region><rect/></region>
<text>
<par/>
</text>
</block>
<block><region><rect/></region>
<text>
<par>
<line>centre du village</line></par>
</text>
</block>
<block><region><rect/></region>
<text>
<par>
<line>^ ni-</line></par>
</text>
</block>
<block><region><rect/></region>
<text>
<par>
<line>25 50 m</line></par>
</text>
</block>
<block><region><rect/><rect/></region>
<text>
<par>
<line>I 1 ^ ‘tfi- J." j ?g-r.- -.U/' ._</line></par>
</text>
</block>
<block><region><rect/></region>
<text>
<par>
<line>Périmètre faisant l'objet des Orientations d'Aménagement et de Programmation</line></par>
</text>
</block>
<block><region><rect/></region>
<text>
<par>
<line>Zone inondab e</line></par>
</text>
</block>
<block><region><rect/></region>
<text>
<par>
<line>Zone d Activités Economiques existante</line></par>
</text>
</block>
<block><region><rect/></region>
<text>
<par>
<line>Zone d'Activités Economiques future</line></par>
</text>
</block>
<block><region><rect/></region>
<text>
<par>
<line>Zone agricole non constructible (inondable)</line></par>
</text>
</block>
<block><region><rect/></region>
<text>
<par>
<line>Principes d'accès et de desserte de la zone</line></par>
</text>
</block>
<block><region><rect/></region>
<text>
<par>
<line>Carrefour a reamenager</line></par>
</text>
</block>
<block><region><rect/></region>
<text>
<par>
<line>Zone «tampon» à préserver : traitement paysager des franges avec l'habitat existant</line></par>
</text>
</block>
<block><region><rect/></region>
<text>
<par>
<line>et la RD287 + limitation des nuisances sonores et visuelles</line></par>
</text>
</block>
<block><region><rect/></region>
<text>
<par>
<line>13</line></par>
</text>
</block>
<block><region><rect/></region>
<text>
<par>
<line>SFI</line></par>
</text>
</block>
<block><region><rect/></region>
<text>
<par>
<line>Commune de Saze</line></par>
<par>
<line>Plan Local d’UrbanIsme</line></par>
</text>
</block>
<block><region><rect/></region>
<text>
<par>
<line>Pièce n°3 - Orientations d’Aménagement et de Programmation - Février 2017</line></par>
</text>
</block>






































<block blockType="Picture" blockName="" l="515" t="257" r="2009" b="2504"><region><rect/></region>
</block>
<block blockType="Picture" blockName="" l="523" t="2699" r="596" b="2751"><region><rect/></region>
</block>
</page>
<page width="2752" height="3894" resolution="333">
<block><region><rect/></region>
<text>
<par>
<line>14</line></par>
</text>
</block>
<block><region><rect/></region>
<text>
<par>
<line>III.ORIENTATIONS D’AMENAGEMENT ET DE</line>
<line>PROGRAMMATION SUR LE SECTEUR DU</line>
<line>LOTISSEMENT « LES CHENES DE LA COSTE »</line></par>
</text>
</block>
<block><region><rect/></region>
<text>
<par>
<line>CARACTERISTIQUES INITIALES DU SITE</line></par>
</text>
</block>
<block><region><rect/><rect/></region>
<text>
<par>
<line>Localisation</line></par>
<par>
<line>Le secteur faisant l’objet des Orientation d’Aménagement</line>
<line>et de Programmation est situé au Nord-Ouest du village,</line>
<line>dans le quartier du Pesquier.</line></par>
<par>
<line>Il correspond au lotissement « Les Chênes de la Coste »</line></par>
<par>
<line>(superficie nette d’environ 1 ha) désormais quasi</line>
<line>totalement urbanisé.</line></par>
<par>
<line>Accès</line></par>
<par>
<line>Le lotissement est accessible via le chemin du Pesquier et</line>
<line>l’allée des Bosquets.</line></par>
<par>
<line>Réseaux</line></par>
<par>
<line>Le site est desservi par l’ensemble des réseaux.</line></par>
<par>
<line>Occupation du sol, topographie et paysages</line></par>
<par>
<line>La partie Sud du lotissement « les chênes de la Coste »</line>
<line>est aujourd’hui quasi intégralement urbanisé (habitat</line>
<line>groupé), à l’exception de deux lots :</line></par>
<par>
<line>• Lot n°8 (parcelle AI 570)</line></par>
<par>
<line>• Lot n°12 (parcelle AI 574)</line></par>
<par>
<line>Les pentes générales du secteur sont orientées de l’Ouest</line>
<line>vers l’Est.</line></par>
<par>
<line>Zonage du PLU</line></par>
<par>
<line>Le lotissement « les chênes de la Coste » est intégralement classé en zone UD1 du PLU.</line></par>
<par>
<line>Principes d’amenagement et de composition urbaine</line></par>
<par>
<line>Organisation urbaine et gestion des eaux pluviales</line></par>
<par>
<line>Afin de limiter les inondations par ruissellement pluvial lors des gros épisodes orageux, les transparences</line>
<line>hydrauliques existantes au niveau des lors 8 et 12 (non encore construits) du lotissement doivent être</line>
<line>préservées.</line></par>
<par>
<line>Ainsi sur les lots n°8 et n°12 du lotissement : la bande Sud des parcelles devra être préservée libre de</line>
<line>toute construction (tels que garages avec murs pleins entre autres) empêchant le libre écoulement des</line>
<line>eaux. La création d’abris sans mur (permettant ainsi le libre écoulement des eaux) est autorisé.</line></par>
<par>
<line>Le but étant de préserver le libre écoulement des eaux depuis les reliefs situés à l’Ouest vers l’allée des</line>
<line>Bosquets (et le réseau de récupération des eaux pluviales) à l’Est.</line></par>
<par>
<line>Par ailleurs, la haie de Chênes située en limite Ouest du lotissement est à conserver.</line></par>
</text>
</block>
<block><region><rect/></region>
<text>
<par>
<line>Extrait du plan de zonage du PLU</line></par>
</text>
</block>
<block><region><rect/></region>
<text>
<par/>
</text>
</block>
<block><region><rect/></region>
<text>
<par>
<line>rp</line></par>
</text>
</block>
<block><region><rect/></region>
<text>
<par>
<line>SFI</line></par>
</text>
</block>
<block><region><rect/></region>
<text>
<par>
<line>Commune de Saze</line></par>
<par>
<line>Plan Local d'Urbanisme</line></par>
</text>
</block>
<block><region><rect/></region>
<text>
<par>
<line>Pièce n°3 - Orientations d’Aménagement et de Programmation - Février 2017</line></par>
</text>
</block>














<block blockType="Picture" blockName="" l="1523" t="797" r="2522" b="2292"><region><rect/></region>
</block>
</page>
<page width="2479" height="3508" resolution="300">
<block><region><rect/></region>
<text>
<par>
<line>15</line></par>
</text>
</block>
<block><region><rect/><rect/><rect/></region>
<text>
<par>
<line>Orientation d’Aménagement et de Programmation</line></par>
</text>
<text>
<par>
<line>Vers RN100</line></par>
</text>
</block>
<block><region><rect/></region>
<text>
<par>
<line>Lot</line></par>
</text>
</block>
<block><region><rect/></region>
<text>
<par>
<line>Lot</line></par>
</text>
</block>
<block><region><rect/></region>
<text>
<par>
<line>Lot</line></par>
</text>
</block>
<block><region><rect/></region>
<text>
<par>
<line>Lot</line></par>
</text>
</block>
<block><region><rect/></region>
<text>
<par>
<line>Q.</line></par>
</text>
</block>
<block><region><rect/></region>
<text>
<par>
<line>Lot</line></par>
</text>
</block>
<block><region><rect/></region>
<text>
<par>
<line>“O</line></par>
</text>
</block>
<block><region><rect/></region>
<text>
<par>
<line>Ecole</line></par>
</text>
</block>
<block><region><rect/></region>
<text>
<par>
<line>Lot</line></par>
</text>
</block>
<block><region><rect/></region>
<text>
<par>
<line>Lot</line></par>
</text>
</block>
<block><region><rect/></region>
<text>
<par>
<line>Lot</line></par>
</text>
</block>
<block><region><rect/></region>
<text>
<par>
<line>Lot</line></par>
</text>
</block>
<block><region><rect/></region>
<text>
<par>
<line>Lot</line></par>
</text>
</block>
<block><region><rect/></region>
<text>
<par>
<line>Lot</line></par>
</text>
</block>
<block><region><rect/></region>
<text>
<par>
<line>Lot</line></par>
</text>
</block>
<block><region><rect/></region>
<text>
<par>
<line>Lot</line></par>
</text>
</block>
<block><region><rect/></region>
<text>
<par>
<line>Lot</line></par>
</text>
</block>
<block><region><rect/></region>
<text>
<par>
<line>Lot</line></par>
</text>
</block>
<block><region><rect/></region>
<text>
<par>
<line>Lot</line></par>
</text>
</block>
<block><region><rect/></region>
<text>
<par>
<line>Lot</line></par>
</text>
</block>
<block><region><rect/></region>
<text>
<par>
<line>Lot</line></par>
</text>
</block>
<block><region><rect/></region>
<text>
<par>
<line>Lot</line></par>
</text>
</block>
<block><region><rect/></region>
<text>
<par>
<line>/</line></par>
</text>
</block>
<block><region><rect/></region>
<text>
<par>
<line>Vers centre</line></par>
</text>
</block>
<block><region><rect/></region>
<text>
<par>
<line>Perimetre faisant I objet des Orientations d Amenagement et de Programmation</line></par>
</text>
</block>
<block><region><rect/></region>
<text>
<par>
<line>Transparences hydrauliques à préserver</line></par>
</text>
</block>
<block><region><rect/></region>
<text>
<par>
<line>25 m</line></par>
</text>
</block>
<block><region><rect/></region>
<text>
<par>
<line>OO Haie de chênes à préserver</line></par>
</text>
</block>
<block><region><rect/></region>
<text>
<par>
<line>Commune de Saze</line></par>
<par>
<line>Plan Local d’UrbanIsme</line></par>
</text>
</block>
<block><region><rect/></region>
<text>
<par>
<line>Pièce n°3 - Orientations d’Aménagement et de Programmation - Février 2017</line></par>
</text>
</block>
<block><region><rect/></region>
<text>
<par>
<line>SFI</line></par>
</text>
</block>


































</page>
</OAP>