<?xml version="1.0" encoding="UTF-8"?><OAP>
<page width="2481" height="3508" resolution="300">
<block><region><rect/></region>
<text>
<par>
<line>Commune de TORNAC (30)</line></par>
</text>
</block>
<block><region><rect/></region>
<text>
<par>
<line>Orientations d'Aménagement</line></par>
</text>
</block>
<block><region><rect/></region>
<text>
<par>
<line>PLU - Orientations d'Aménagement et de Programmation</line></par>
<par>
<line>La Madeleine</line></par>
<par>
<line>Document approuvé le 26 juin 2018</line></par>
</text>
</block>
<block blockType="Table" blockName="" l="294" t="2028" r="2274" b="2443"><region><rect/></region>
<row>
<cell width="381" height="59">
<text>
<par/>
</text></cell>
<cell width="401" height="59">
<text>
<par/>
</text></cell>
<cell width="395" height="59">
<text>
<par/>
</text></cell>
<cell width="400" height="59">
<text>
<par/>
</text></cell>
<cell width="403" height="59">
<text>
<par/>
</text></cell></row>
<row>
<cell width="381" height="64">
<text>
<par>
<line>Elaboration</line></par>
</text></cell>
<cell width="401" height="64">
<text>
<par>
<line>16 août 2004</line></par>
</text></cell>
<cell width="395" height="64">
<text>
<par>
<line>31 août 2017</line></par>
</text></cell>
<cell width="400" height="64">
<text>
<par/>
</text></cell>
<cell width="403" height="64">
<text>
<par>
<line>26 juin 2018</line></par>
</text></cell></row>
<row>
<cell width="381" height="58">
<text>
<par>
<line>Procédure</line></par>
</text></cell>
<cell width="401" height="58">
<text>
<par>
<line>Prescription</line></par>
</text></cell>
<cell width="395" height="58">
<text>
<par>
<line>Arrêt</line></par>
</text></cell>
<cell width="400" height="58">
<text>
<par>
<line>Publication</line></par>
</text></cell>
<cell width="403" height="58">
<text>
<par>
<line>Approbation</line></par>
</text></cell></row>
<row>
<cell width="381" height="234">
<text>
<par>
<line>3b</line></par>
</text></cell>
<cell width="401" height="234">
<text>
<par/>
</text></cell>
<cell width="395" height="234">
<text>
<par/>
</text></cell>
<cell width="400" height="234">
<text>
<par/>
</text></cell>
<cell width="403" height="234">
<text>
<par/>
</text></cell></row>
</block>
<block><region><rect/></region>
<text>
<par>
<line>Equipe d'étude :</line></par>
</text>
</block>
<block><region><rect/></region>
<text>
<par>
<line>9</line></par>
</text>
</block>
<block><region><rect/></region>
<text>
<par>
<line>yc</line></par>
</text>
</block>
<block><region><rect/></region>
<text>
<par>
<line>au</line></par>
</text>
</block>
<block><region><rect/></region>
<text>
<par>
<line>Fabien Clauzon</line></par>
<par>
<line>consultant en aménagement du territoire</line></par>
</text>
</block>
<block><region><rect/></region>
<text>
<par>
<line>Yvette Carneiro</line>
<line>architecte et urbaniste</line></par>
</text>
</block>
















</page>
<page width="2481" height="3508" resolution="300">
<block><region><rect/></region>
<text>
<par>
<line>TORNAC (30) &gt; Orientations d'Aménagement et de Programmation : La Madeieine - Document pour approbation</line></par>
</text>
</block>
<block><region><rect/></region>
<text>
<par>
<line>2</line></par>
</text>
</block>
<block><region><rect/></region>
<text>
<par>
<line>ORIENTATIONS D'AMENAGEMENT ET DE PROGRAMMATION</line></par>
</text>
</block>
<block><region><rect/></region>
<text>
<par>
<line>(art. L.151-6 du Code de l'Urbanisme)</line></par>
</text>
</block>
<block><region><rect/></region>
<text>
<par>
<line>Les orientations d'aménagement viennent préciser certains points stratégiques élaborés à large échelle</line>
<line>dans le Projet d'Aménagement et de Développement Durable. Elles serviront de fondement au(x)</line>
<line>futur(s) règlement(s). Les principes d'aménagement déterminés dans le présent dossier s'imposeront à</line>
<line>toute opération d'aménagement future sur les secteurs concernés.</line></par>
</text>
</block>
<block><region><rect/></region>
<text>
<par>
<line>Nota Bene : Les orientations d'aménagement définissent des principes d'aménagement qui s'imposent</line>
<line>aux occupations et utilisations du sol dans un rapport de simple compatibilité selon les conditions</line>
<line>définies par le Code de l'urbanisme. En fonction des situations, ces principes peuvent faire aussi l'objet</line>
<line>de traductions plus strictes dans le règlement et ses documents graphiques.</line></par>
</text>
</block>


</page>
<page width="2481" height="3508" resolution="300">
<block><region><rect/></region>
<text>
<par>
<line>TORNAC (30) &gt; Orientations d'Aménagement et de Programmation : La Madeieine - Document pour approbation</line></par>
</text>
</block>
<block><region><rect/></region>
<text>
<par>
<line>3</line></par>
</text>
</block>
<block><region><rect/></region>
<text>
<par>
<line>1 - CONTEXTE GENERAL</line></par>
</text>
</block>
<block><region><rect/></region>
<text>
<par>
<line>Le hameau de La Madeleine fait l'objet d'Orientation d'Aménagement et de Programmation afin</line>
<line>d'organiser son développement économique et résidentiel.</line></par>
<par>
<line>Il constitue le centre économique communal car c'est dans ce hameau que se localise la majeure partie</line>
<line>des activités implantées sur son territoire. Le secteur étudié occupe un site stratégique.</line></par>
<par>
<line>Il se place en entrée de ville ce qui va nécessiter de travailler sur la transition entre espace agricole et</line>
<line>espace urbain. Le site composera la première image urbaine de la commune depuis la RD 907 en arrivant</line>
<line>de l'est.</line></par>
<par>
<line>Il est traversé par la future voie verte. C'est un atout qui induit de créer une offre adaptée aux usagers</line>
<line>de la voie. Il sera donc opportun de proposer un programme offrant des services de type restauration,</line>
<line>hébergement touristique, etc.</line></par>
<par>
<line>La programmation de la zone devra permettre une diversification des activités en favorisant les activités</line>
<line>et services peu ou pas représentés sur la commune.</line></par>
</text>
</block>
<block><region><rect/></region>
<text>
<par>
<line>La Madeleine présente un secteur au potentiel de réinvestissement à vocation d'habitat que la présente</line>
<line>orientation d'aménagement et de programmation étudiera également. Le but étant d'améliorer l'offre</line>
<line>en logement du hameau.</line></par>
</text>
</block>
<block><region><rect/></region>
<text>
<par>
<line>L'étude prendra en compte les caractéristiques identitaires du site afin de les mettre en valeur.</line></par>
</text>
</block>


</page>
<page width="2481" height="3508" resolution="300">
<block><region><rect/></region>
<text>
<par>
<line>TORNAC (30) &gt; Orientations d'Aménagement et de Programmation : La Madeieine - Document pour approbation</line></par>
</text>
</block>
<block><region><rect/></region>
<text>
<par>
<line>4</line></par>
</text>
</block>
<block><region><rect/></region>
<text>
<par>
<line>2 - LOCALISATION DES SECTEURS</line></par>
</text>
</block>
<block><region><rect/></region>
<text>
<par>
<line>Le site d'étude se localise dans le hameau de La Madeleine. Ce hameau présente un aspect hétéroclite</line>
<line>que le projet communal prévoit de corriger afin de promouvoir une image plus qualitative. La zone</line>
<line>d'étude présente les particularités suivantes :</line></par>
<par>
<line>• Elle est traversée par la future voie verte et la RD 907.</line></par>
<par>
<line>• Elle présente un mur en pierre en limite ouest, au droit de la RD 982.</line></par>
<par>
<line>• Elle présente un alignement d'arbres en entrée de ville.</line></par>
<par>
<line>• Elle présente une stèle commémorative à l'extrémité sud de la zone.</line></par>
<par>
<line>• Elle présente une intersection dangereuse avec la RD 982.</line></par>
<par>
<line>Localisation dans la commune du secteur soumis à Orientations d'Aménagement.</line></par>
</text>
</block>
<block><region><rect/></region>
<text>
<par>
<line>Site étudié</line></par>
</text>
</block>
<block><region><rect/></region>
<text>
<par>
<line>Polarité secondaire</line></par>
</text>
</block>
<block><region><rect/></region>
<text>
<par/>
</text>
</block>
<block><region><rect/></region>
<text>
<par/>
</text>
</block>
<block><region><rect/></region>
<text>
<par/>
</text>
</block>
<block><region><rect/></region>
<text>
<par/>
</text>
</block>
<block><region><rect/></region>
<text>
<par/>
</text>
</block>
<block><region><rect/></region>
<text>
<par>
<line>r %</line></par>
</text>
</block>
<block><region><rect/></region>
<text>
<par/>
</text>
</block>
<block><region><rect/></region>
<text>
<par/>
</text>
</block>
<block><region><rect/></region>
<text>
<par>
<line>t t</line></par>
</text>
</block>
<block><region><rect/></region>
<text>
<par/>
</text>
</block>
<block><region><rect/></region>
<text>
<par/>
</text>
</block>
<block><region><rect/></region>
<text>
<par>
<line>_♦</line></par>
</text>
</block>
<block><region><rect/></region>
<text>
<par/>
</text>
</block>
<block><region><rect/></region>
<text>
<par/>
</text>
</block>
<block><region><rect/></region>
<text>
<par/>
</text>
</block>
<block><region><rect/></region>
<text>
<par>
<line>r&gt; «</line></par>
</text>
</block>
<block><region><rect/></region>
<text>
<par>
<line>■ »</line></par>
</text>
</block>
<block><region><rect/></region>
<text>
<par>
<line>Polarité principale</line></par>
</text>
</block>
<block><region><rect/></region>
<text>
<par/>
</text>
</block>
<block><region><rect/></region>
<text>
<par/>
</text>
</block>
<block><region><rect/></region>
<text>
<par>
<line>■ •</line></par>
</text>
</block>
<block><region><rect/></region>
<text>
<par>
<line>Péftm^re étudié</line></par>
<par>
<line>Urbanisation</line></par>
<par>
<line>Ccoiraiitc à constituât</line></par>
<par>
<line>d^ctoppempnt urbain</line>
<line>mixte : coeur de viftage</line></par>
<par>
<line>Enfwx de deve*oppement</line>
<line>economique</line></par>
<par>
<line>Enjeux de maintien / développement</line>
<line>d’habitats structures</line></par>
</text>
</block>
<block><region><rect/></region>
<text>
<par>
<line>Pôle agrK oie</line></par>
<par>
<line>^ ' L«fns urbams à favoriser</line></par>
</text>
</block>
<block><region><rect/></region>
<text>
<par>
<line>V»-nOuisv*i:</line></par>
</text>
</block>






<block blockType="Picture" blockName="" l="333" t="2448" r="470" b="2632"><region><rect/></region>
</block>
<block blockType="Picture" blockName="" l="336" t="2257" r="466" b="2339"><region><rect/></region>
</block>
</page>
<page width="2481" height="3508" resolution="300">
<block><region><rect/></region>
<text>
<par>
<line>TORNAC (30) &gt; Orientations d'Aménagement et de Programmation : La Madeieine - Document pour approbation</line></par>
</text>
</block>
<block><region><rect/></region>
<text>
<par>
<line>5</line></par>
</text>
</block>
<block><region><rect/></region>
<text>
<par>
<line>L'étude porte sur la zone lAUE et une partie de la zone Ube. Elle occupe une surface de 5,97 hectares.</line></par>
<par>
<line>La zone d'étude est actuellement occupée par :</line></par>
<par>
<line>• Au nord de la RD 907, un secteur en friche et d'habitat à réinvestir,</line></par>
<par>
<line>• Au sud de la RD 907 et au nord de la future voie verte une parcelle en friche située en entrée de</line>
<line>ville,</line></par>
<par>
<line>• Au sud de la future voie verte, un espace actuellement occupée par des chevaux.</line></par>
</text>
</block>
<block><region><rect/></region>
<text>
<par>
<line>Carte du périmètre objet de l'étude</line></par>
</text>
</block>
<block><region><rect/></region>
<text>
<par>
<line>a</line></par>
<par>
<line>CO</line></par>
<par>
<line>o&gt;</line></par>
<par>
<line>Q</line></par>
<par>
<line>QC</line></par>
</text>
</block>
<block><region><rect/></region>
<text>
<par>
<line>★</line></par>
</text>
</block>
<block><region><rect/><rect/><rect/><rect/><rect/></region>
<text>
<par>
<line>pote^el</line></par>
<par>
<line>^/deréinvestissemen</line></par>
</text>
</block>
<block><region><rect/></region>
<text>
<par>
<line>(K.</line></par>
</text>
</block>
<block><region><rect/></region>
<text>
<par/>
</text>
</block>
<block><region><rect/></region>
<text>
<par>
<line>JJ</line></par>
</text>
</block>
<block><region><rect/></region>
<text>
<par/>
</text>
</block>
<block><region><rect/></region>
<text>
<par>
<line>. parcelle cultivée</line></par>
</text>
</block>
<block><region><rect/></region>
<text>
<par>
<line>a chevaux</line></par>
</text>
</block>
<block><region><rect/></region>
<text>
<par/>
</text>
</block>
<block><region><rect/></region>
<text>
<par/>
</text>
</block>
<block><region><rect/></region>
<text>
<par/>
</text>
</block>
<block><region><rect/></region>
<text>
<par>
<line>. : V</line></par>
</text>
</block>
<block><region><rect/><rect/></region>
<text>
<par/>
</text>
</block>
<block><region><rect/></region>
<text>
<par/>
</text>
</block>

<block blockType="Picture" blockName="" l="1637" t="2317" r="1737" b="2387"><region><rect/></region>
</block>
</page>
<page width="2481" height="3508" resolution="300">
<block><region><rect/></region>
<text>
<par>
<line>TORNAC (30) &gt; Orientations d'Aménagement et de Programmation : La Madeieine - Document pour approbation</line></par>
</text>
</block>
<block><region><rect/></region>
<text>
<par/>
</text>
</block>
<block><region><rect/></region>
<text>
<par/>
</text>
</block>
<block><region><rect/></region>
<text>
<par>
<line>Intersection dangereuse et la stèle commémorative</line></par>
</text>
</block>
<block><region><rect/></region>
<text>
<par>
<line>Vues depuis la RD 982</line></par>
</text>
</block>
<block><region><rect/></region>
<text>
<par/>
</text>
</block>
<block><region><rect/></region>
<text>
<par/>
</text>
</block>
<block><region><rect/></region>
<text>
<par/>
</text>
</block>
<block><region><rect/></region>
<text>
<par>
<line>«</line></par>
</text>
</block>
<block><region><rect/></region>
<text>
<par/>
</text>
</block>
<block><region><rect/></region>
<text>
<par/>
</text>
</block>
<block><region><rect/></region>
<text>
<par/>
</text>
</block>
<block><region><rect/></region>
<text>
<par>
<line>Intersection de la voie verte et de là RD982 Vue du site depuis l'entrée de ville ouest</line></par>
</text>
</block>
<block><region><rect/></region>
<text>
<par>
<line>* '</line></par>
</text>
</block>
<block><region><rect/></region>
<text>
<par/>
</text>
</block>
<block><region><rect/></region>
<text>
<par>
<line>Vue depuis la RD 907</line></par>
</text>
</block>
<block><region><rect/></region>
<text>
<par/>
</text>
</block>
<block><region><rect/></region>
<text>
<par/>
</text>
</block>
<block><region><rect/></region>
<text>
<par/>
</text>
</block>
<block><region><rect/></region>
<text>
<par>
<line>Vues depuis le chemin rural</line></par>
</text>
</block>













<block blockType="Picture" blockName="" l="303" t="1977" r="2232" b="2412"><region><rect/></region>
</block>
<block blockType="Picture" blockName="" l="303" t="967" r="2223" b="1381"><region><rect/></region>
</block>
<block blockType="Picture" blockName="" l="302" t="1480" r="2241" b="1879"><region><rect/></region>
</block>
<block blockType="Picture" blockName="" l="305" t="353" r="1226" b="900"><region><rect/></region>
</block>
</page>
<page width="2481" height="3508" resolution="300">
<block><region><rect/></region>
<text>
<par>
<line>TORNAC (30) &gt; Orientations d'Aménagement et de Programmation : La Madeieine - Document pour approbation</line></par>
</text>
</block>
<block><region><rect/></region>
<text>
<par>
<line>7</line></par>
</text>
</block>
<block><region><rect/></region>
<text>
<par>
<line>3-Lepôle économique de La Madeleine</line></par>
</text>
</block>
<block><region><rect/></region>
<text>
<par>
<line>3.1Nature et objectifs :</line></par>
<par>
<line>L'opération concernée par la présente orientation d'aménagement et de programmation repose sur les</line>
<line>objectifs majeurs suivants :</line></par>
<par>
<line>• Conforter le pôle économique de La Madeleine.</line></par>
<par>
<line>• Améliorer l'accessibilité à la zone.</line></par>
</text>
</block>
<block><region><rect/></region>
<text>
<par>
<line>Enjeux :</line></par>
<par>
<line>• Améliorer le fonctionnement urbain de la zone à partir des grands axes existants (RD, voie</line>
<line>verte).</line></par>
<par>
<line>• Accueillir de nouvelles activités économiques dont une partie en lien avec la voie verte.</line></par>
<par>
<line>• Offrir un cadre de travail, de loisirs et/ou de chalandise qualitatif à tous ceux susceptibles de</line>
<line>fréquenter la zone.</line></par>
<par>
<line>• Offrir une image dynamique de la commune.</line></par>
<par>
<line>• Tirer profit de la traversée de la voie verte pour promouvoir les déplacements doux et toutes les</line>
<line>initiatives en faveur de l'environnement.</line></par>
</text>
</block>
<block><region><rect/></region>
<text>
<par>
<line>3.2Parti d'aménagement :</line></par>
<par>
<line>L'aménagement du site d'étude a pour objectif de conforter un pôle économique en créant une zone</line>
<line>réservée aux activités.</line></par>
<par>
<line>Le parti d'aménagement propose de créer un réseau de voies dédiées aux pratiques des déplacements</line>
<line>doux en lien avec la voie verte traversant la zone.</line></par>
<par>
<line>Les activités commerciales sont réparties dans des secteurs stratégiques :</line></par>
<par>
<line>• autour d'une nouvelle placette qui permettra de mettre en valeur la stèle présente à proximité</line>
<line>du site ;</line></par>
<par>
<line>• en lien avec la voie verte.</line></par>
<par>
<line>La zone est accessible depuis une nouvelle intersection avec la RD 982.</line></par>
<par>
<line>Le fonctionnement urbain est modifié en déplaçant l'intersection avec la RD 907 de manière à améliorer</line>
<line>la sécurité de celle-ci. Il est prévu une unique entrée vers la future zone d'activité depuis la RD907 (pas</line>
<line>de sortie). Les parcelles touchées par ce changement sont toutes accessibles par un chemin rural qui</line>
<line>deviendra une impasse réservée aux riverains.</line></par>
<par>
<line>Au nord de la RD 907, le secteur est dédié à l'habitat dans la continuité du tissu urbain existant. Il s'agit</line>
<line>d'un secteur de réinvestissement urbain.</line></par>
<par>
<line>La problématique liée au fonctionnement hydraulique du secteur devra faire l'objet d'une attention et</line>
<line>d'une réflexion particulière afin d'apporter des solutions aux disfonctionnements observés.</line></par>
<par>
<line>L'entrée de ville depuis la RD907 est modifiée. La création d'un ilôt paysager permettra d'améliorer la</line>
<line>sécurité de cette séquence de la voie.</line></par>
</text>
</block>



</page>
<page width="2481" height="3508" resolution="300">
<block><region><rect/></region>
<text>
<par>
<line>TORNAC (30) &gt; Orientations d'Aménagement et de Programmation : La Madeleine - Document pour approbation</line></par>
</text>
</block>
<block><region><rect/></region>
<text>
<par>
<line>8</line></par>
</text>
</block>
<block><region><rect/></region>
<text>
<par>
<line>i</line></par>
<par>
<line>t</line></par>
<par>
<line>i</line></par>
<par>
<line>i</line></par>
<par>
<line>$</line></par>
</text>
</block>
<block><region><rect/></region>
<text>
<par>
<line>aménagement</line>
<line>de carrefour</line></par>
</text>
</block>
<block><region><rect/></region>
<text>
<par/>
</text>
</block>
<block><region><rect/><rect/></region>
<text>
<par>
<line>/</line></par>
<par>
<line>/</line></par>
<par>
<line>(</line></par>
<par>
<line>M</line></par>
</text>
</block>
<block><region><rect/></region>
<text>
<par/>
</text>
</block>
<block><region><rect/></region>
<text>
<par>
<line>N</line></par>
</text>
</block>
<block><region><rect/></region>
<text>
<par>
<line>N</line></par>
</text>
</block>
<block><region><rect/></region>
<text>
<par/>
</text>
</block>
<block><region><rect/><rect/></region>
<text>
<par>
<line>» \/</line></par>
</text>
</block>
<block><region><rect/></region>
<text>
<par>
<line>/</line></par>
</text>
</block>
<block><region><rect/><rect/></region>
<text>
<par/>
</text>
</block>
<block><region><rect/><rect/><rect/></region>
<text>
<par>
<line>v</line></par>
</text>
</block>
<block><region><rect/></region>
<text>
<par/>
</text>
</block>
<block><region><rect/><rect/><rect/><rect/><rect/></region>
<text>
<par/>
</text>
</block>
<block><region><rect/></region>
<text>
<par>
<line>%, fe-. .</line></par>
</text>
</block>
<block><region><rect/><rect/></region>
<text>
<par/>
</text>
</block>
<block><region><rect/></region>
<text>
<par>
<line>M</line></par>
</text>
</block>
<block><region><rect/><rect/><rect/><rect/></region>
<text>
<par/>
</text>
</block>
<block><region><rect/></region>
<text>
<par/>
</text>
</block>
<block><region><rect/></region>
<text>
<par/>
</text>
</block>
<block><region><rect/></region>
<text>
<par>
<line>X</line></par>
</text>
</block>
<block><region><rect/></region>
<text>
<par/>
</text>
</block>
<block><region><rect/></region>
<text>
<par/>
</text>
</block>
<block><region><rect/><rect/></region>
<text>
<par>
<line>/?</line></par>
<par>
<line>/</line></par>
<par>
<line>/</line></par>
</text>
</block>
<block><region><rect/><rect/></region>
<text>
<par>
<line>■%:</line></par>
</text>
</block>
<block><region><rect/></region>
<text>
<par>
<line>/</line></par>
</text>
</block>
<block><region><rect/><rect/></region>
<text>
<par>
<line>• ■</line></par>
</text>
</block>
<block><region><rect/></region>
<text>
<par>
<line>% /</line></par>
</text>
</block>
<block><region><rect/></region>
<text>
<par>
<line>'%e</line></par>
</text>
</block>
<block><region><rect/><rect/></region>
<text>
<par>
<line>%</line></par>
</text>
</block>
<block><region><rect/><rect/></region>
<text>
<par>
<line>✓</line></par>
</text>
</block>
<block><region><rect/></region>
<text>
<par>
<line>b</line></par>
</text>
</block>
<block><region><rect/><rect/><rect/></region>
<text>
<par/>
</text>
</block>
<block><region><rect/><rect/><rect/></region>
<text>
<par/>
</text>
</block>
<block><region><rect/></region>
<text>
<par/>
</text>
</block>
<block><region><rect/><rect/><rect/></region>
<text>
<par>
<line>&lt;f‘- y</line></par>
<par>
<line>y</line></par>
</text>
</block>
<block><region><rect/></region>
<text>
<par>
<line>Izone dédiée aux activités</line>
<line>commerciales et touristiques</line></par>
</text>
</block>
<block><region><rect/></region>
<text>
<par>
<line>Izone dédiée aux activités</line>
<line>artisanales</line></par>
</text>
</block>
<block><region><rect/></region>
<text>
<par>
<line>I zone dédiée aux logements</line></par>
</text>
</block>
<block><region><rect/></region>
<text>
<par>
<line>Izone dédiée aux aménagements</line>
<line>paysagers</line></par>
</text>
</block>
<block><region><rect/></region>
<text>
<par>
<line>indication de voirie de desserte</line></par>
</text>
</block>
<block><region><rect/></region>
<text>
<par>
<line>indication de voie dédiée aux</line>
<line>déplacements doux</line></par>
</text>
</block>
<block><region><rect/></region>
<text>
<par>
<line>alignement d'arbres à conserver</line></par>
</text>
</block>
<block><region><rect/></region>
<text>
<par>
<line>noues ou fossés plantés</line>
<line>(aménagement hydraulique)</line></par>
</text>
</block>
<block><region><rect/></region>
<text>
<par>
<line>Schéma de principe</line></par>
</text>
</block>



</page>
<page width="2481" height="3508" resolution="300">
<block><region><rect/></region>
<text>
<par>
<line>TORNAC (30) &gt; Orientations d'Aménagement et de Programmation : La Madeieine - Document pour approbation</line></par>
</text>
</block>
<block><region><rect/></region>
<text>
<par>
<line>9</line></par>
</text>
</block>
<block><region><rect/></region>
<text>
<par>
<line>aménagement</line>
<line>de carrefour</line></par>
</text>
</block>
<block><region><rect/></region>
<text>
<par>
<line>IS.</line></par>
</text>
</block>
<block><region><rect/></region>
<text>
<par/>
</text>
</block>
<block><region><rect/></region>
<text>
<par>
<line>/ \</line></par>
</text>
</block>
<block><region><rect/></region>
<text>
<par/>
</text>
</block>
<block><region><rect/></region>
<text>
<par/>
</text>
</block>
<block><region><rect/></region>
<text>
<par>
<line>%</line></par>
</text>
</block>
<block><region><rect/></region>
<text>
<par>
<line>/</line></par>
</text>
</block>
<block><region><rect/></region>
<text>
<par/>
</text>
</block>
<block><region><rect/></region>
<text>
<par>
<line>r</line></par>
</text>
</block>
<block><region><rect/></region>
<text>
<par/>
</text>
</block>
<block><region><rect/></region>
<text>
<par/>
</text>
</block>
<block><region><rect/></region>
<text>
<par>
<line>V</line></par>
</text>
</block>
<block><region><rect/></region>
<text>
<par>
<line>^ &lt;V</line></par>
</text>
</block>
<block><region><rect/></region>
<text>
<par/>
</text>
</block>
<block><region><rect/></region>
<text>
<par/>
</text>
</block>
<block><region><rect/></region>
<text>
<par/>
</text>
</block>
<block><region><rect/></region>
<text>
<par>
<line>« SI</line></par>
</text>
</block>
<block><region><rect/></region>
<text>
<par>
<line>m,:</line></par>
</text>
</block>
<block><region><rect/></region>
<text>
<par/>
</text>
</block>
<block><region><rect/></region>
<text>
<par/>
</text>
</block>
<block><region><rect/></region>
<text>
<par>
<line>N</line></par>
</text>
</block>
<block><region><rect/></region>
<text>
<par>
<line>9</line></par>
</text>
</block>
<block><region><rect/></region>
<text>
<par/>
</text>
</block>
<block><region><rect/></region>
<text>
<par/>
</text>
</block>
<block><region><rect/></region>
<text>
<par/>
</text>
</block>
<block><region><rect/></region>
<text>
<par/>
</text>
</block>
<block><region><rect/></region>
<text>
<par/>
</text>
</block>
<block><region><rect/></region>
<text>
<par/>
</text>
</block>
<block><region><rect/></region>
<text>
<par>
<line>'v.</line></par>
</text>
</block>
<block><region><rect/></region>
<text>
<par>
<line>y</line></par>
</text>
</block>
<block><region><rect/></region>
<text>
<par/>
</text>
</block>
<block><region><rect/></region>
<text>
<par>
<line>y»</line></par>
</text>
</block>
<block><region><rect/></region>
<text>
<par>
<line>«</line></par>
</text>
</block>
<block><region><rect/></region>
<text>
<par>
<line>indication de voirie de desserte</line></par>
</text>
</block>
<block><region><rect/></region>
<text>
<par>
<line>indication de voie dédiée aux</line>
<line>déplacements doux</line></par>
</text>
</block>
<block><region><rect/></region>
<text>
<par>
<line>implantation bâti possible ou existent</line>
<line>alignementd'arbres à conserver</line></par>
</text>
</block>
<block><region><rect/></region>
<text>
<par>
<line>noues ou tassés plantés</line>
<line>(aménagement hydraulique)</line></par>
</text>
</block>
<block><region><rect/></region>
<text>
<par>
<line>Exemple d'implantation possible</line></par>
</text>
</block>




</page>
<page width="2481" height="3508" resolution="300">
<block><region><rect/></region>
<text>
<par>
<line>TORNAC (30) &gt; Orientations d'Aménagement et de Programmation : La Madeieine - Document pour approbation</line></par>
</text>
</block>
<block><region><rect/></region>
<text>
<par>
<line>10</line></par>
</text>
</block>
<block><region><rect/></region>
<text>
<par>
<line>3.3 Programme :</line></par>
<par>
<line>Le programme de la zone d'étude permettra la réalisation :</line></par>
<par>
<line>D'environ 2 logements,</line></par>
<par>
<line>De surfaces dédiées aux activités commerciales,</line></par>
<par>
<line>De surfaces dédiées aux activités de services et liées à l'activité touristique (mutualisation du</line>
<line>parking pour les activités et la voie verte, etc.).</line></par>
<par>
<line>D'un maillage d'aménagement et de voies piétonnes et/ou vélos en lien avec la voie verte.</line></par>
<par>
<line>Les aménagements de compensation et de correction pour réduire les effets liés à</line>
<line>l'imperméabilisation (aménagement de rétention des eaux pluviales).</line></par>
<par>
<line>L'aménagement d'une nouvelle intersection avec la RD982 permettant une meilleure sécurité</line>
<line>que l'intersection existant plus au Sud,</line></par>
<par>
<line>La requalification de l'entrée de ville.</line></par>
<par>
<line>3.4 Intégration du risque ruissellement :</line></par>
<par>
<line>Les nouveaux aménagements devront contribuer à limiter l'imperméabilisation des sols et à ne pas</line>
<line>augmenter les risques inondations par ruissellement. Les actions suivantes sont préconisées :</line></par>
<par>
<line>Une emprise au sol limitée impliquant une optimisation des hauteurs de constructions ;</line></par>
<par>
<line>Le traitement en pleine terre du maximum d'espaces libres notamment sur les places de</line>
<line>stationnement ;</line></par>
<par>
<line>Une orientation des bâtiments respectant les axes d'écoulement des eaux de ruissellement ;</line></par>
<par>
<line>La mise en place d'un système de gestion des eaux pluviales (noues, bassin de rétention et</line>
<line>chaussées drainantes, etc.) ;</line></par>
<par>
<line>La création de noues sera privilégiée (peu coûteuses en création, faciles d'entretien, intérêts</line>
<line>paysagers et écologiques) ;</line></par>
<par>
<line>Les clôtures seront limitées et devront être perméable au libre écoulement des eaux.</line></par>
</text>
</block>

</page>
</OAP>