<?xml version="1.0" encoding="UTF-8"?><OAP>
<page width="2481" height="3508" resolution="300">
<block><region><rect/></region>
<text>
<par>
<line>Département de la HAUTE - GARONNE</line></par>
</text>
</block>
<block><region><rect/></region>
<text>
<par>
<line>Commune de</line></par>
</text>
</block>
<block><region><rect/></region>
<text>
<par>
<line>ROQUESERIERE</line></par>
</text>
</block>
<block><region><rect/></region>
<text>
<par>
<line>PLAN LOCAL D'URBAN SME</line></par>
</text>
</block>
<block><region><rect/></region>
<text>
<par>
<line>P èce : 3</line></par>
</text>
</block>
<block><region><rect/></region>
<text>
<par>
<line>ORIENTATIONS D'AMENAGEMENT</line></par>
</text>
</block>
<block><region><rect/></region>
<text>
<par>
<line>Dossier d Approbation</line></par>
</text>
</block>
<block><region><rect/></region>
<text>
<par>
<line>Maître d oeuvre</line></par>
</text>
</block>
<block><region><rect/></region>
<text>
<par>
<line>SARL INTERFACES+</line></par>
</text>
</block>
<block><region><rect/></region>
<text>
<par>
<line>&lt;1 'I racee</line></par>
</text>
</block>
<block><region><rect/></region>
<text>
<par>
<line>12 Rue Louis Courtois de Viçose</line></par>
</text>
</block>
<block><region><rect/></region>
<text>
<par>
<line>Les Arches - Bâtiment 3</line></par>
</text>
</block>
<block><region><rect/></region>
<text>
<par>
<line>31100 TOULOUSE</line></par>
</text>
</block>
<block><region><rect/></region>
<text>
<par>
<line>Octobre 2012</line></par>
</text>
</block>







</page>
<page width="2481" height="3508" resolution="300">
<block><region><rect/></region>
<text>
<par>
<line>Commune de ROQUESERIERE - Plan Local d’Urbanisme - ORIENTATIONS D’AMENAGEMENT ET DE PROGRAMMATION</line></par>
</text>
</block>
<block><region><rect/></region>
<text>
<par>
<line>Les secteurs d’extension urbaine du projet de PLU de Roquesérière ont été choisis de</line>
<line>façon à ce que leur aménagement soit cohérent avec l’existant.</line></par>
<par>
<line>Chaque zone fait l’objet de propositions d’orientations d’aménagement qui définissent</line>
<line>leurs conditions d’urbanisation.</line></par>
<par>
<line>A i nsi sont préci sés I es pri nci pes :</line></par>
<par>
<line>les phases d’ouverture à l’urbanisation,</line></par>
<par>
<line>- de tracé des voi ri es nouvel I es,</line></par>
<par>
<line>- de mai 11 âges de voi es et de I i ai sons douces,</line></par>
<par>
<line>- d’implantation d’équi pements pubi les,</line></par>
<par>
<line>de typologie de l’habitat,</line></par>
<par>
<line>- de desserte en assai ni ssement.</line></par>
<par>
<line>Ces orientations d’aménagement sont opposables en terme de compati bi I i té, et ne</line>
<line>peuvent pas être remises en cause par les autorisations d’occupation du sol et les opérations</line>
<line>d’urbanisme. Elles pourront être modifiées par une procédure de modification du PLU avec</line>
<line>enquête publique.</line></par>
</text>
</block>
<block><region><rect/></region>
<text>
<par>
<line>Les zones d’urbanisation futures concernées :</line></par>
<par>
<line>■ zone 1 : AUI de« Graubielle»</line></par>
<par>
<line>■ zone 2 : AU0_1 de « Graubielle»</line></par>
<par>
<line>■ zone3 : AU0_1 du « Chemin du Château»</line></par>
<par>
<line>■ zone 4 : AU0_1 de « L’allée »</line></par>
<par>
<line>■ zones : AUO 2 « LeM oulin »</line></par>
</text>
</block>
<block><region><rect/></region>
<text>
<par>
<line>Cabinet Interfaces'^</line></par>
</text>
<text>
<par>
<line>Etudes - Conseils en Aménagement et Urbanisme</line></par>
<par>
<line>12, R ue Loui s Courtoi s de V i çose - L es A rches B âti ment 3-31100 TOULOUSE</line></par>
</text>
</block>
<block><region><rect/></region>
<text>
<par>
<line>2</line></par>
</text>
</block>



</page>
<page width="2481" height="3508" resolution="300">
<block><region><rect/></region>
<text>
<par>
<line>Commune de ROQUESERIERE - Plan Local d’Urbanisme - ORIENTATIONS D’AMENAGEMENT ET DE PROGRAMMATION</line></par>
</text>
</block>
<block><region><rect/></region>
<text>
<par>
<line>1.La zone AUI de « Graubielle »</line></par>
<par>
<line>La commune souhaite ouvri r cette zone en conti nui té au nord du village. L’objectif est</line>
<line>d’urbaniser ce secteur de façon « progressive» dans la densité des constructions depuis la</line>
<line>route de St Sulpice jusqu’à l’espace public central.</line></par>
<par>
<line>L’aménagement de la zone doit prévoir une possibilité de bouclage avec l’opération qui</line></par>
<par>
<line>pourrai t se réal i ser ul téri eurement sur I a zone A U 0 en I i mi te ouest.</line></par>
</text>
</block>
<block><region><rect/></region>
<text>
<par>
<line>Conditions d’ouverture de la zone AU 1 « Graubielle » :</line></par>
<par>
<line>Phase 1: 4 ha en prévision de réalisation de 35 logements dans le cadre d’une opération</line>
<line>d’ensemble raccordée au futur réseau d’assainissement collectif des eaux usées. La densité</line>
<line>des constructions sera de 8,75 logements à l’hectare.</line></par>
</text>
</block>
<block><region><rect/></region>
<text>
<par>
<line>2.Les zones AU0_1</line></par>
<par>
<line>L’objectif du classement de ces zones en AU0_1 est de suivre un phasage pour</line>
<line>l’ouverture à l’urbanisation en parallèle avec le développement du futur réseau</line>
<line>d’assainissement collectif des eaux usées.</line></par>
<par>
<line>Les densités finales de ces zones pourront évoluer en fonction des besoins de développement</line>
<line>de la commune. Elles seront définies lors de l’ouverture de chaque zone après modification ou</line>
<line>révision du PLU.</line></par>
<par>
<line>La zone de « Graubielle»</line></par>
</text>
</block>
<block><region><rect/></region>
<text>
<par>
<line>Conditions d’onvertnre de la zone AUO « Graubielle » :</line></par>
<par>
<line>Phase 2 : 2,5 ha à urbaniser dans le cadre d’une opération d’ensemble raccordée au futur</line>
<line>réseau d’assainissement collectif des eaux usées. La densité des constructions prévue sur cette</line>
<line>zone est de 10 logements à l’hectare._</line></par>
</text>
</block>
<block><region><rect/></region>
<text>
<par>
<line>La zone du « Chemin du Château »</line></par>
</text>
</block>
<block><region><rect/></region>
<text>
<par>
<line>Conditions d’onvertnre de la zone AUO « chemi n du C hâteau »</line></par>
</text>
</block>
<block><region><rect/></region>
<text>
<par>
<line>Phase 3 : 2 ha à urbaniser dans le cadre d’une opération d’ensemble raccordée au futur réseau</line>
<line>d’assainissement collectif des eaux usées. La densité des constructions prévue sur cette zone</line>
<line>est de 10 logements à l’hectare.</line></par>
<par>
<line>L’aménagement de la zone doit prévoir une possibilité de bouclage avec les opérations qui</line>
<line>pourraient se réaliser ultérieurement en limite ouest.</line></par>
<par>
<line>L’étude de faisabilité de l’assainissement collectif des eaux usées ayant souligné des</line>
<line>difficultés d’évacuation des eaux pluviales dans ce secteur, L’opération prévue doit respecter</line>
<line>les recommandations de l’étude qui demande de modérer les écoulements par l’aménagement</line>
<line>de mesures de rétention.</line></par>
</text>
</block>
<block><region><rect/></region>
<text>
<par>
<line>Cabinet Interfaces'^</line></par>
</text>
<text>
<par>
<line>Etudes - Conseils en Aménagement et Urbanisme</line></par>
<par>
<line>12, R ue Loui s Courtoi s de V i çose - L es A rches B âti ment 3-31100 TOULOUSE</line></par>
</text>
</block>
<block><region><rect/></region>
<text>
<par>
<line>3</line></par>
</text>
</block>












</page>
<page width="2481" height="3508" resolution="300">
<block><region><rect/></region>
<text>
<par>
<line>Commune de ROQUESERIERE - Plan Local d’Urbanisme - ORIENTATIONS D’AMENAGEMENT ET DE PROGRAMMATION</line></par>
</text>
</block>
<block><region><rect/></region>
<text>
<par>
<line>La zone de « L’allée »</line></par>
</text>
</block>
<block><region><rect/></region>
<text>
<par>
<line>Conditions d’ouverture de la zone AUO « L’allée » :</line></par>
<par>
<line>Phase 3 : D’une superficie de 1,08 ha, dont 0,88 ha reste constructible car la zone intègre déjà</line>
<line>une maison individuelle d’habitation. La densité des constructions prévue sur cette zone est de</line>
<line>10 logements à l’hectare.</line></par>
<par>
<line>Afin d’éviter la multiplication des accès directs sur la RD 22 au niveau du bourg ancien, les</line>
<line>constructions situées dans ce secteur devront obligatoirement avoir leur accès sur le chemin</line>
<line>du château.</line></par>
</text>
</block>
<block><region><rect/></region>
<text>
<par>
<line>3.La zone AU0_2 « Le Moulin »</line></par>
<par>
<line>Il s’agit d’un terrain non construit d’environ 1 ha, situé dans une zone déjà urbanisée. Avec la</line>
<line>situation du terrain entre des zones UC à caractère résidentiel, la municipalité souhaite</line>
<line>encadrer l’urbanisation de la zone afin de maintenir ce tissu urbain. Une densification trop</line>
<line>importante d’une part engendrerait des gênes sur le fonctionnement des exutoires et fossés de</line>
<line>collecte des eaux pluviales ; d’autre part mettrait en péril le projet de confortement du centre</line>
<line>bourg dont la priorité est le développement d’opérations d’aménagement d’ensemble sur les</line>
<line>zones desservies par le futur réseau d’assainissement collectif des eaux usées.</line></par>
</text>
</block>
<block><region><rect/></region>
<text>
<par>
<line>Conditions d’ouverture de la zone AU0_2 « Le M oulin » :</line></par>
<par>
<line>En 3^'^^ phase : 1 ha à urbaniser dans le cadre d’une opération d’ensemble équipée d’un</line>
<line>assainissement autonome regroupé des eaux usées et après mise en place d’un schéma</line>
<line>d’assainissement pluvial. La densité des constructions sera définie entre 6 et 10 logements à</line>
<line>l’hectare après modification ou révision du PLU.</line></par>
</text>
</block>
<block><region><rect/></region>
<text>
<par>
<line>• Le développement des modes de déplacement doux, ainsi que la liaison des</line>
<line>futures zones à urbaniser avec le village âant un des objectifs du projet de PLU,</line>
<line>la commune souhaite créer des cheminements piétons (proposition decirculade).</line></par>
<par>
<line>• L’urbanisation de chaque zone sera réalisée en respectant les principes</line>
<line>d’aménagement et de circulation prévus dans les schémas d’orientation</line>
<line>d’aménagement ci-après (voirie Structurante et voirie secondaire).</line></par>
<par>
<line>• Afin de répondre aux prescriptions du SCOT et de favoriser la diversité dans la</line>
<line>typologie des logements et les formes urbaines, les élus souhaitent la réalisation</line>
<line>d’un pourcentage de 25% minimum de logements collectifs et/ou groupés dans</line>
<line>chaque opération d’ensemble prévue en zones AUI et AU0_1.</line></par>
</text>
</block>
<block><region><rect/></region>
<text>
<par>
<line>Cabinet Interfaces'^</line></par>
</text>
<text>
<par>
<line>Etudes - Conseils en Aménagement et Urbanisme</line></par>
<par>
<line>12, R ue Loui s Courtoi s de V i çose - L es A rches B âti ment 3-31100 TOULOUSE</line></par>
</text>
</block>
<block><region><rect/></region>
<text>
<par>
<line>4</line></par>
</text>
</block>







</page>
<page width="2481" height="3508" resolution="300">
<block><region><rect/></region>
<text>
<par>
<line>Commune de ROQUESERIERE - Plan Local d’Urbanisme - ORIENTATIONS D’AMENAGEMENT ET DE PROGRAMMATION</line></par>
</text>
</block>
<block><region><rect/></region>
<text>
<par>
<line>lit</line></par>
</text>
</block>
<block><region><rect/></region>
<text>
<par>
<line>US</line></par>
</text>
</block>
<block><region><rect/></region>
<text>
<par>
<line>lai 11</line></par>
</text>
</block>
<block><region><rect/></region>
<text>
<par/>
</text>
</block>
<block><region><rect/></region>
<text>
<par>
<line>Station dépuration</line></par>
</text>
</block>
<block><region><rect/></region>
<text>
<par/>
</text>
</block>
<block><region><rect/></region>
<text>
<par>
<line>■J</line></par>
</text>
</block>
<block><region><rect/></region>
<text>
<par>
<line>1</line></par>
</text>
</block>
<block><region><rect/></region>
<text>
<par/>
</text>
</block>
<block><region><rect/></region>
<text>
<par/>
</text>
</block>
<block><region><rect/></region>
<text>
<par/>
</text>
</block>
<block><region><rect/></region>
<text>
<par>
<line>♦ A? J/</line></par>
<par>
<line>• Semi-wlleftifiet</line></par>
<par>
<line>....</line></par>
</text>
</block>
<block><region><rect/></region>
<text>
<par>
<line>%</line></par>
</text>
</block>
<block><region><rect/><rect/></region>
<text>
<par/>
</text>
</block>
<block><region><rect/></region>
<text>
<par>
<line>A</line></par>
</text>
</block>
<block><region><rect/></region>
<text>
<par>
<line>• •</line></par>
</text>
</block>
<block><region><rect/></region>
<text>
<par>
<line>•l9 m</line></par>
</text>
</block>
<block><region><rect/></region>
<text>
<par>
<line>Il *</line></par>
</text>
</block>
<block><region><rect/></region>
<text>
<par/>
</text>
</block>
<block><region><rect/></region>
<text>
<par>
<line>ri</line></par>
</text>
</block>
<block><region><rect/></region>
<text>
<par/>
</text>
</block>
<block><region><rect/></region>
<text>
<par/>
</text>
</block>
<block><region><rect/></region>
<text>
<par>
<line>•• ^</line></par>
</text>
</block>
<block><region><rect/></region>
<text>
<par/>
</text>
</block>
<block><region><rect/></region>
<text>
<par>
<line>«tcodiTmces</line></par>
</text>
</block>
<block><region><rect/></region>
<text>
<par>
<line>Zé</line></par>
</text>
</block>
<block><region><rect/></region>
<text>
<par>
<line>^0</line></par>
</text>
</block>
<block><region><rect/></region>
<text>
<par/>
</text>
</block>
<block><region><rect/></region>
<text>
<par/>
</text>
</block>
<block><region><rect/></region>
<text>
<par>
<line>'■'À</line></par>
</text>
</block>
<block><region><rect/></region>
<text>
<par>
<line>%</line></par>
</text>
</block>
<block><region><rect/></region>
<text>
<par/>
</text>
</block>
<block><region><rect/></region>
<text>
<par/>
</text>
</block>
<block><region><rect/></region>
<text>
<par>
<line>- 4-</line></par>
</text>
</block>
<block><region><rect/></region>
<text>
<par>
<line>yr.</line></par>
</text>
</block>
<block><region><rect/></region>
<text>
<par>
<line>a-À</line></par>
</text>
</block>
<block><region><rect/></region>
<text>
<par/>
</text>
</block>
<block><region><rect/></region>
<text>
<par/>
</text>
</block>
<block><region><rect/></region>
<text>
<par>
<line>L4</line></par>
</text>
</block>
<block><region><rect/></region>
<text>
<par/>
</text>
</block>
<block><region><rect/></region>
<text>
<par>
<line>Source : CAUE 31- Février 2011</line></par>
</text>
</block>
<block><region><rect/></region>
<text>
<par>
<line>Cabinet Interfaces'^</line></par>
</text>
<text>
<par>
<line>Etudes - Conseils en Aménagement et Urbanisme</line></par>
<par>
<line>12, R ue Loui s Courtoi s de V i çose - L es A rches B âti ment 3-31100 TOULOUSE</line></par>
</text>
</block>




<block blockType="Picture" blockName="" l="372" t="402" r="2105" b="2680"><region><rect/></region>
</block>
</page>
<page width="2481" height="3508" resolution="300">
<block><region><rect/></region>
<text>
<par>
<line>Commune de ROQUESERIERE - Plan Local d’Urbanisme - ORIENTATIONS D’AMENAGEMENT ET DE PROGRAMMATION</line></par>
</text>
</block>
<block><region><rect/></region>
<text>
<par/>
</text>
</block>
<block><region><rect/></region>
<text>
<par>
<line>%</line></par>
</text>
</block>
<block><region><rect/></region>
<text>
<par/>
</text>
</block>
<block><region><rect/></region>
<text>
<par/>
</text>
</block>
<block><region><rect/></region>
<text>
<par/>
</text>
</block>
<block><region><rect/></region>
<text>
<par/>
</text>
</block>
<block><region><rect/></region>
<text>
<par/>
</text>
</block>
<block><region><rect/></region>
<text>
<par/>
</text>
</block>
<block><region><rect/></region>
<text>
<par/>
</text>
</block>
<block><region><rect/></region>
<text>
<par/>
</text>
</block>
<block><region><rect/></region>
<text>
<par/>
</text>
</block>
<block><region><rect/></region>
<text>
<par>
<line>A</line></par>
</text>
</block>
<block><region><rect/></region>
<text>
<par/>
</text>
</block>
<block><region><rect/></region>
<text>
<par/>
</text>
</block>
<block><region><rect/></region>
<text>
<par/>
</text>
</block>
<block><region><rect/></region>
<text>
<par>
<line>Face» ||L</line></par>
</text>
</block>
<block><region><rect/></region>
<text>
<par>
<line>Zone 5 "Le Moulin</line></par>
</text>
</block>
<block><region><rect/></region>
<text>
<par>
<line>Mal 2012</line></par>
</text>
</block>
<block><region><rect/></region>
<text>
<par>
<line>Cabinet Interfaces'^</line></par>
</text>
<text>
<par>
<line>Etudes - Conseils en Aménagement et Urbanisme</line></par>
<par>
<line>12, R ue Loui s Courtoi s de V i çose - L es A rches B âti ment 3-31100 TOULOUSE</line></par>
</text>
</block>

















<block blockType="Picture" blockName="" l="1040" t="1151" r="1138" b="1219"><region><rect/></region>
</block>
</page>
</OAP>