<?xml version="1.0" encoding="UTF-8"?><OAP>
<page width="1668" height="2344" resolution="200">
<block><region><rect/></region>
<text>
<par>
<line>PREFECTURE DE LA HAUTE-GARONNE</line>
<line>COMMUNE DE;</line></par>
</text>
</block>
<block><region><rect/></region>
<text>
<par>
<line>SEILHAN</line></par>
</text>
</block>
<block><region><rect/></region>
<text>
<par>
<line>Bureau d’études :</line></par>
<par>
<line>Henry-Luc MAMAR</line>
<line>ARCHITECTE</line>
<line>URBANISTE</line>
<line>3 bis rue de l'Esquile</line>
<line>310Q0 TOULOUSE</line>
<line>06 61 21 80 31</line></par>
</text>
</block>
<block><region><rect/></region>
<text>
<par>
<line>Conduite d’études :</line></par>
<par>
<line>DIRECTION</line>
<line>DEPARTEMENTALE</line>
<line>DE L'EQUIPEMENT</line>
<line>DE LA HTE-GARONNE</line></par>
<par>
<line>SERVICE DE</line>
<line>L'URBANISME ET DE</line>
<line>LAMENAGEMENT</line></par>
</text>
</block>
<block><region><rect/></region>
<text>
<par>
<line>Cité Administrative</line>
<line>Bât G</line></par>
<par>
<line>Bd, Armand Duportal</line>
<line>31074 TOULOUSE Cedex</line>
<line>05 61 58 65 24</line></par>
</text>
</block>
<block><region><rect/></region>
<text>
<par>
<line>PLAN LOCAL D'URBAN SME</line></par>
</text>
</block>
<block><region><rect/></region>
<text>
<par>
<line>Elaboration</line></par>
</text>
</block>
<block><region><rect/></region>
<text>
<par>
<line>If^cécutoî're</line></par>
</text>
</block>
<block><region><rect/></region>
<text>
<par/>
</text>
</block>
<block><region><rect/></region>
<text>
<par>
<line>APPROBATION</line></par>
</text>
</block>
<block><region><rect/></region>
<text>
<par>
<line>ELABORATION</line></par>
</text>
</block>
<block><region><rect/></region>
<text>
<par>
<line>Vu pour être annexé à la délibération du</line>
<line>Conseil Municipal du 3 g DEC-, £006</line>
<line>approuvant le P.L.U,</line></par>
</text>
</block>
<block><region><rect/></region>
<text>
<par>
<line>Arrête le</line></par>
<par>
<line>QCL 200!</line></par>
<par>
<line>Approuvé le</line></par>
</text>
</block>
<block><region><rect/></region>
<text>
<par>
<line>Modifications - Révisions simplifiées - Mises à jour</line></par>
</text>
</block>
<block><region><rect/></region>
<text>
<par>
<line>Executoire le</line></par>
</text>
</block>
<block><region><rect/></region>
<text>
<par>
<line>VISA\</line></par>
<par>
<line>Date:</line></par>
<par>
<line>Le Maire, m\</line></par>
</text>
</block>
<block><region><rect/></region>
<text>
<par/>
</text>
</block>
<block><region><rect/></region>
<text>
<par>
<line>5</line></par>
</text>
</block>
<block><region><rect/></region>
<text>
<par/>
</text>
</block>
<block><region><rect/></region>
<text>
<par>
<line>INTERVENANTS</line></par>
</text>
</block>
<block blockType="Table" blockName="" l="436" t="1994" r="1556" b="2252"><region><rect/></region>
<row>
<cell colSpan="2" topBorder="White" width="1120" height="65">
<text>
<par/>
</text></cell></row>
<row>
<cell rightBorder="White" width="919" height="193">
<text>
<par>
<line>Principes des aménagements</line>
<line>spécifiques</line></par>
</text></cell>
<cell leftBorder="White" width="201" height="193">
<text>
<par>
<line>3.1</line></par>
</text></cell></row>
</block>









































<block blockType="Barcode" blockName="" l="255" t="1539" r="327" b="1575"><region><rect/></region>
<text>
<par><line>37</line></par>
</text>
<barcodeInfo type="MATRIX25"/>
</block>
</page>
<page width="1675" height="2349" resolution="200">
<block><region><rect/></region>
<text>
<par>
<line>SECTEUR DE LA CROIX DU BAZERT : LOCALISATION DES AMENAGEMENTS SPECIFIQUES</line></par>
</text>
</block>
<block><region><rect/></region>
<text>
<par>
<line>Les aménagements spécifiques de la Croix du Bazert portent sur la requalification de l'ancienne RN 125,</line>
<line>suite à la réalisation du nouveau carrefour routier et déclinent les nouveaux projets économiques et</line>
<line>touristiques.</line></par>
</text>
</block>
<block><region><rect/></region>
<text>
<par/>
</text>
</block>
<block><region><rect/></region>
<text>
<par>
<line>'-«i</line></par>
</text>
</block>
<block><region><rect/></region>
<text>
<par/>
</text>
</block>
<block><region><rect/></region>
<text>
<par/>
</text>
</block>
<block><region><rect/></region>
<text>
<par>
<line>i.-</line></par>
</text>
</block>
<block><region><rect/></region>
<text>
<par/>
</text>
</block>
<block><region><rect/></region>
<text>
<par/>
</text>
</block>
<block><region><rect/></region>
<text>
<par>
<line>Futur lotissement</line></par>
</text>
</block>
<block><region><rect/></region>
<text>
<par/>
</text>
</block>
<block><region><rect/><rect/></region>
<text>
<par>
<line>artisanal</line></par>
</text>
</block>
<block><region><rect/></region>
<text>
<par/>
</text>
</block>
<block><region><rect/></region>
<text>
<par/>
</text>
</block>
<block><region><rect/></region>
<text>
<par>
<line>Futur projet touristique</line>
<line>"Porte des Pyrénées"</line></par>
</text>
</block>
<block><region><rect/></region>
<text>
<par>
<line>Requai ification</line>
<line>de Tancienne RN 12</line></par>
</text>
</block>
<block><region><rect/><rect/></region>
<text>
<par>
<line>'!f--:</line></par>
</text>
</block>
<block><region><rect/></region>
<text>
<par>
<line>P.L.U. SEILHAN - Principes des aménagements spécifiques -1-</line></par>
</text>
</block>














</page>
<page width="4988" height="3534" resolution="300">
<block><region><rect/></region>
<text>
<par>
<line>SCHEMA D'AMENAGEMENT PORTE DES PYRÉNÉES - ACCOEUL TOORISTUaUE ET COMMERCnAL</line></par>
<par>
<line>PIROPOSOTBOINI A</line></par>
</text>
</block>
<block><region><rect/><rect/><rect/><rect/><rect/></region>
<text>
<par>
<line>1 - TOTte^ès Pyrérïées- ' o , '</line>
<line>bâtinne^R+1 ■ o. . '</line></par>
<par>
<line>façade à^minarité.lattis en bois à'cfàife-yoie</line>
<line>toiture tuileWànal-</line></par>
<par>
<line>Aire de stationhVnent 30 placés'. . . ' ^</line></par>
</text>
</block>
<block><region><rect/></region>
<text>
<par>
<line>s</line></par>
</text>
</block>
<block><region><rect/></region>
<text>
<par>
<line>- Allée pavée en galecs^plats ‘.</line>
<line>largeur: 5 m \\',</line></par>
</text>
</block>
<block><region><rect/></region>
<text>
<par>
<line>Terrasse extérieure</line></par>
</text>
</block>
<block><region><rect/></region>
<text>
<par/>
</text>
</block>
<block><region><rect/></region>
<text>
<par/>
</text>
</block>
<block><region><rect/></region>
<text>
<par>
<line>y^acis</line></par>
</text>
</block>
<block><region><rect/></region>
<text>
<par/>
</text>
</block>
<block><region><rect/></region>
<text>
<par>
<line>onné</line></par>
</text>
</block>
<block><region><rect/></region>
<text>
<par>
<line>Fut</line></par>
</text>
</block>
<block><region><rect/><rect/></region>
<text>
<par/>
</text>
</block>
<block><region><rect/></region>
<text>
<par/>
</text>
</block>
<block><region><rect/></region>
<text>
<par>
<line>'2Ss</line></par>
</text>
</block>
<block><region><rect/></region>
<text>
<par/>
</text>
</block>
<block><region><rect/></region>
<text>
<par/>
</text>
</block>
<block><region><rect/></region>
<text>
<par/>
</text>
</block>
<block><region><rect/></region>
<text>
<par/>
</text>
</block>
<block><region><rect/></region>
<text>
<par>
<line>15</line></par>
</text>
</block>
<block><region><rect/></region>
<text>
<par>
<line>Glacis engazonné</line></par>
</text>
</block>
<block><region><rect/></region>
<text>
<par>
<line>m</line></par>
</text>
</block>
<block><region><rect/></region>
<text>
<par/>
</text>
</block>
<block><region><rect/></region>
<text>
<par>
<line>mini</line></par>
</text>
</block>
<block><region><rect/></region>
<text>
<par/>
</text>
</block>
<block><region><rect/></region>
<text>
<par>
<line>«</line></par>
</text>
</block>
<block><region><rect/></region>
<text>
<par>
<line>mm</line></par>
</text>
</block>
<block><region><rect/></region>
<text>
<par/>
</text>
</block>
<block><region><rect/></region>
<text>
<par>
<line>fo</line></par>
</text>
</block>
<block><region><rect/></region>
<text>
<par>
<line>4 2</line></par>
</text>
</block>
<block><region><rect/></region>
<text>
<par>
<line>I</line></par>
</text>
</block>
<block><region><rect/></region>
<text>
<par/>
</text>
</block>
<block><region><rect/></region>
<text>
<par>
<line>m</line></par>
</text>
</block>
<block><region><rect/></region>
<text>
<par/>
</text>
</block>
<block><region><rect/></region>
<text>
<par>
<line>»</line></par>
</text>
</block>
<block><region><rect/></region>
<text>
<par>
<line>/</line></par>
</text>
</block>
<block><region><rect/></region>
<text>
<par>
<line>N7</line></par>
</text>
</block>
<block><region><rect/></region>
<text>
<par/>
</text>
</block>
<block><region><rect/></region>
<text>
<par/>
</text>
</block>
<block><region><rect/></region>
<text>
<par>
<line>flOO</line></par>
</text>
</block>
<block><region><rect/></region>
<text>
<par/>
</text>
</block>
<block><region><rect/></region>
<text>
<par/>
</text>
</block>
<block><region><rect/></region>
<text>
<par>
<line>HO.</line></par>
</text>
</block>
<block><region><rect/></region>
<text>
<par>
<line>a</line></par>
</text>
</block>
<block><region><rect/></region>
<text>
<par/>
</text>
</block>
<block><region><rect/></region>
<text>
<par>
<line>n</line></par>
</text>
</block>














































































</page>
<page width="4993" height="3540" resolution="300">
<block><region><rect/></region>
<text>
<par>
<line>SEHCTigUR CROIX DU BAZERT - PRINCIPES DE REQUALIFECATION DE L'ENTREE DE SEILHAN</line></par>
</text>
</block>
<block><region><rect/></region>
<text>
<par/>
</text>
</block>
<block><region><rect/></region>
<text>
<par>
<line>x#p</line></par>
</text>
</block>
<block><region><rect/></region>
<text>
<par>
<line>ü O</line></par>
</text>
</block>
<block><region><rect/></region>
<text>
<par>
<line>V a</line></par>
</text>
</block>
<block><region><rect/></region>
<text>
<par>
<line>Croix de Bfo.zert''</line></par>
</text>
</block>
<block><region><rect/></region>
<text>
<par>
<line>0*3 /</line></par>
<par>
<line>:r</line></par>
</text>
</block>
<block><region><rect/></region>
<text>
<par>
<line>i fl</line></par>
</text>
</block>
<block><region><rect/></region>
<text>
<par>
<line>I</line></par>
</text>
</block>
<block><region><rect/></region>
<text>
<par>
<line>r</line></par>
</text>
</block>
<block><region><rect/></region>
<text>
<par>
<line>lAISON</line></par>
<par>
<line>■ROJET</line></par>
</text>
</block>
<block><region><rect/></region>
<text>
<par>
<line>4l« 1*</line></par>
</text>
</block>
<block><region><rect/></region>
<text>
<par>
<line>RENEES"</line></par>
</text>
</block>
<block><region><rect/></region>
<text>
<par>
<line>'va</line></par>
<par>
<line>r-Qi’</line></par>
</text>
</block>
<block><region><rect/></region>
<text>
<par/>
</text>
</block>
<block><region><rect/></region>
<text>
<par>
<line>0 0 4</line></par>
</text>
</block>
<block><region><rect/></region>
<text>
<par/>
</text>
</block>
<block><region><rect/></region>
<text>
<par>
<line>r&gt; »</line></par>
</text>
</block>
<block><region><rect/></region>
<text>
<par>
<line>as</line></par>
</text>
</block>
<block><region><rect/></region>
<text>
<par/>
</text>
</block>
<block><region><rect/></region>
<text>
<par>
<line>ESPACE /</line>
<line>PUBLIC</line>
<line>A QUALIFIER</line></par>
</text>
</block>
<block><region><rect/></region>
<text>
<par/>
</text>
</block>
<block><region><rect/></region>
<text>
<par>
<line>Sâïa. J. A</line></par>
</text>
</block>
<block><region><rect/></region>
<text>
<par/>
</text>
</block>
<block><region><rect/></region>
<text>
<par/>
</text>
</block>
<block><region><rect/></region>
<text>
<par>
<line>SftSSî</line></par>
</text>
</block>
<block><region><rect/><rect/><rect/></region>
<text>
<par/>
</text>
</block>
<block><region><rect/></region>
<text>
<par/>
</text>
</block>
<block><region><rect/></region>
<text>
<par>
<line>CT)</line></par>
</text>
</block>
<block><region><rect/></region>
<text>
<par>
<line>m</line></par>
</text>
</block>
<block><region><rect/></region>
<text>
<par/>
</text>
</block>
<block><region><rect/></region>
<text>
<par>
<line>mi</line></par>
</text>
</block>
<block><region><rect/></region>
<text>
<par/>
</text>
</block>
<block><region><rect/></region>
<text>
<par>
<line>VERGER</line></par>
</text>
</block>
<block><region><rect/></region>
<text>
<par/>
</text>
</block>
<block><region><rect/></region>
<text>
<par>
<line>ÏTOÏ!;</line></par>
</text>
</block>
<block><region><rect/></region>
<text>
<par/>
</text>
</block>
<block><region><rect/></region>
<text>
<par>
<line>AaHBUS</line></par>
</text>
</block>
<block><region><rect/></region>
<text>
<par>
<line>ADCPOS</line></par>
</text>
</block>
<block><region><rect/></region>
<text>
<par>
<line>ACCES</line></par>
<par>
<line>EVENTUEL</line></par>
</text>
</block>
<block><region><rect/></region>
<text>
<par>
<line>-^2'6{îDntt!l2i5isü£</line></par>
</text>
</block>
<block><region><rect/></region>
<text>
<par/>
</text>
</block>
<block><region><rect/></region>
<text>
<par/>
</text>
</block>
<block><region><rect/></region>
<text>
<par>
<line>pfRIVATIVES</line></par>
</text>
</block>
<block><region><rect/></region>
<text>
<par/>
</text>
</block>
<block><region><rect/></region>
<text>
<par>
<line>Ui</line></par>
</text>
</block>
<block><region><rect/></region>
<text>
<par>
<line>^£.1.</line></par>
</text>
</block>
<block><region><rect/></region>
<text>
<par/>
</text>
</block>
<block><region><rect/></region>
<text>
<par/>
</text>
</block>
<block><region><rect/></region>
<text>
<par/>
</text>
</block>
<block><region><rect/></region>
<text>
<par/>
</text>
</block>
<block><region><rect/></region>
<text>
<par>
<line>■teeStSL</line></par>
</text>
</block>
<block><region><rect/></region>
<text>
<par/>
</text>
</block>
<block><region><rect/></region>
<text>
<par/>
</text>
</block>
<block><region><rect/></region>
<text>
<par/>
</text>
</block>
<block><region><rect/></region>
<text>
<par>
<line>MDNTREX'^tl</line></par>
</text>
</block>
<block><region><rect/></region>
<text>
<par>
<line>3C»</line></par>
</text>
</block>
<block><region><rect/></region>
<text>
<par>
<line>a</line></par>
</text>
</block>
<block><region><rect/></region>
<text>
<par>
<line>Y</line></par>
</text>
</block>
<block><region><rect/></region>
<text>
<par/>
</text>
</block>
<block><region><rect/></region>
<text>
<par/>
</text>
</block>
<block><region><rect/></region>
<text>
<par>
<line>fr 4i</line></par>
</text>
</block>
<block><region><rect/></region>
<text>
<par>
<line>ut</line></par>
</text>
</block>
<block><region><rect/></region>
<text>
<par>
<line>SON</line></par>
</text>
</block>
<block><region><rect/></region>
<text>
<par>
<line>DOU</line></par>
</text>
</block>
<block><region><rect/></region>
<text>
<par>
<line>J</line></par>
</text>
</block>
<block><region><rect/></region>
<text>
<par>
<line>w»</line></par>
</text>
</block>
<block><region><rect/></region>
<text>
<par>
<line>TONS</line></par>
</text>
</block>
<block><region><rect/></region>
<text>
<par>
<line>CY</line></par>
</text>
</block>
<block><region><rect/></region>
<text>
<par>
<line>f==^ïr7</line></par>
</text>
</block>
<block><region><rect/></region>
<text>
<par>
<line>A / *</line></par>
</text>
</block>
<block><region><rect/></region>
<text>
<par>
<line>P</line></par>
</text>
</block>
<block><region><rect/></region>
<text>
<par/>
</text>
</block>
<block><region><rect/></region>
<text>
<par>
<line>i;Ja</line></par>
</text>
</block>
<block><region><rect/></region>
<text>
<par/>
</text>
</block>
<block><region><rect/></region>
<text>
<par/>
</text>
</block>
<block><region><rect/></region>
<text>
<par>
<line>'Pfr</line></par>
</text>
</block>
<block><region><rect/></region>
<text>
<par>
<line>V</line></par>
</text>
</block>
<block><region><rect/></region>
<text>
<par>
<line>n^-</line></par>
</text>
</block>
<block><region><rect/></region>
<text>
<par>
<line>SSEMÈIïl</line></par>
</text>
</block>
<block><region><rect/><rect/></region>
<text>
<par>
<line>FUTUR LOTISSEM</line>
<line>ARTISANAL DU BAZË</line></par>
</text>
</block>
<block><region><rect/></region>
<text>
<par>
<line>BAZ</line></par>
</text>
</block>
<block><region><rect/></region>
<text>
<par>
<line>RT</line></par>
</text>
</block>
<block><region><rect/></region>
<text>
<par>
<line>!</line></par>
<par>
<line>i—i V</line></par>
</text>
</block>
<block><region><rect/></region>
<text>
<par>
<line>0=Oîî=U</line></par>
</text>
</block>
<block><region><rect/></region>
<text>
<par>
<line>/</line></par>
</text>
</block>
<block><region><rect/></region>
<text>
<par/>
</text>
</block>
<block><region><rect/></region>
<text>
<par>
<line>//</line></par>
</text>
</block>
<block><region><rect/></region>
<text>
<par>
<line>7/</line></par>
</text>
</block>
<block><region><rect/></region>
<text>
<par>
<line>Cia</line></par>
</text>
</block>
<block><region><rect/></region>
<text>
<par>
<line>X</line></par>
</text>
</block>
<block><region><rect/></region>
<text>
<par>
<line>O</line></par>
</text>
</block>
<block><region><rect/></region>
<text>
<par>
<line>£</line></par>
</text>
</block>
<block><region><rect/></region>
<text>
<par/>
</text>
</block>
<block><region><rect/></region>
<text>
<par/>
</text>
</block>
<block><region><rect/></region>
<text>
<par>
<line>Voie ferrée</line></par>
</text>
</block>
<block><region><rect/></region>
<text>
<par/>
</text>
</block>
<block><region><rect/></region>
<text>
<par>
<line>Echelle 1/2000e</line></par>
</text>
</block>
<block blockType="Table" blockName="" l="152" t="2639" r="622" b="3250"><region><rect/></region>
<row>
<cell colSpan="2" leftBorder="White" topBorder="White" rightBorder="White" bottomBorder="White" width="470" height="83">
<text>
<par>
<line>LEGENDE</line></par>
</text></cell></row>
<row>
<cell leftBorder="White" topBorder="White" rightBorder="White" bottomBorder="White" width="98" height="114">
<text>
<par>
<line>O</line></par>
</text></cell>
<cell leftBorder="White" topBorder="White" rightBorder="White" bottomBorder="White" width="372" height="114">
<text>
<par>
<line>ARBRES EXISTATvITS</line></par>
</text></cell></row>
<row>
<cell leftBorder="White" topBorder="White" rightBorder="White" bottomBorder="White" width="98" height="129">
<text>
<par>
<line>e</line></par>
</text></cell>
<cell leftBorder="White" topBorder="White" rightBorder="White" bottomBorder="White" width="372" height="129">
<text>
<par>
<line>CYPRES, PLANTATIONS</line>
<line>A REALISER</line></par>
</text></cell></row>
<row>
<cell leftBorder="White" topBorder="White" rightBorder="White" bottomBorder="White" width="98" height="117">
<text>
<par>
<line>«</line></par>
</text></cell>
<cell leftBorder="White" topBorder="White" rightBorder="White" bottomBorder="White" width="372" height="117">
<text>
<par>
<line>FUSAINS, PLANTATIONS</line>
<line>A REALISER</line></par>
</text></cell></row>
<row>
<cell leftBorder="White" topBorder="White" rightBorder="White" bottomBorder="White" width="98" height="93">
<text>
<par>
<line>O</line></par>
</text></cell>
<cell leftBorder="White" topBorder="White" rightBorder="White" bottomBorder="White" width="372" height="93">
<text>
<par>
<line>STABILISE</line></par>
</text></cell></row>
<row>
<cell leftBorder="White" topBorder="White" rightBorder="White" bottomBorder="White" width="98" height="75">
<text>
<par>
<line>iS3</line></par>
</text></cell>
<cell leftBorder="White" topBorder="White" rightBorder="White" bottomBorder="White" width="372" height="75">
<text>
<par>
<line>SURFACE ENGAZONNEE</line></par>
</text></cell></row>
</block>
<block><region><rect/></region>
<text>
<par/>
</text>
</block>
<block><region><rect/></region>
<text>
<par>
<line>fznf</line></par>
</text>
</block>
<block><region><rect/></region>
<text>
<par>
<line>MARGEAMENAGES</line>
<line>CYCLES ET PIETONS</line></par>
</text>
</block>
<block><region><rect/><rect/><rect/><rect/><rect/></region>
<text>
<par>
<line>; vl. .,".S^ol stebllfs’^ *.■- : i,:M</line>
<line>vv'?vv^vvvv^v^'&lt;r</line>
<line>Végétation basse-^ vv v v v vv</line></par>
<par>
<line>ÜMITË DOMAINE PUBLIC</line></par>
</text>
</block>
<block><region><rect/></region>
<text>
<par>
<line>0,8m</line></par>
</text>
</block>
<block><region><rect/></region>
<text>
<par>
<line>6,5m</line></par>
</text>
</block>
<block><region><rect/></region>
<text>
<par>
<line>P</line></par>
<par>
<line>'1</line></par>
</text>
</block>
<block><region><rect/></region>
<text>
<par>
<line>_//-m</line></par>
</text>
</block>
<block><region><rect/></region>
<text>
<par>
<line>4,5m</line></par>
</text>
</block>
<block><region><rect/><rect/></region>
<text>
<par>
<line>/T</line></par>
<par>
<line>'•'' 2,5m 1m</line></par>
</text>
</block>
<block><region><rect/></region>
<text>
<par>
<line>5,5m</line></par>
</text>
</block>
<block><region><rect/></region>
<text>
<par>
<line>Im</line></par>
</text>
</block>
<block><region><rect/></region>
<text>
<par>
<line>Fossé existant</line></par>
</text>
</block>
<block><region><rect/></region>
<text>
<par>
<line>COUPE DE PRINCIPE AA'</line></par>
</text>
</block>
<block><region><rect/></region>
<text>
<par>
<line>P.L.U. de SEILHAN ■ Principes des aménagements spécifiques - 4 -</line></par>
</text>
</block>




























































































































</page>
<page width="5683" height="4631" resolution="300">
<block><region><rect/></region>
<text>
<par>
<line>. Marge engazonnés</line></par>
</text>
</block>
<block><region><rect/></region>
<text>
<par>
<line>7 m</line></par>
</text>
</block>
<block><region><rect/></region>
<text>
<par>
<line>Haie basse</line></par>
</text>
</block>
<block><region><rect/></region>
<text>
<par>
<line>12</line></par>
</text>
</block>
<block><region><rect/></region>
<text>
<par>
<line>Cour</line></par>
<par>
<line>de service</line></par>
</text>
</block>
<block><region><rect/></region>
<text>
<par/>
</text>
</block>
<block><region><rect/></region>
<text>
<par>
<line>Mas</line></par>
</text>
</block>
<block><region><rect/></region>
<text>
<par/>
</text>
</block>
<block><region><rect/></region>
<text>
<par>
<line>►</line></par>
</text>
</block>
<block><region><rect/></region>
<text>
<par>
<line>tOf/</line></par>
</text>
</block>
<block><region><rect/></region>
<text>
<par/>
</text>
</block>
<block><region><rect/></region>
<text>
<par>
<line>'^Afr</line></par>
</text>
</block>
<block><region><rect/></region>
<text>
<par/>
</text>
</block>
<block><region><rect/></region>
<text>
<par/>
</text>
</block>
<block><region><rect/></region>
<text>
<par>
<line>Al,</line></par>
</text>
</block>
<block><region><rect/></region>
<text>
<par/>
</text>
</block>
<block><region><rect/></region>
<text>
<par/>
</text>
</block>
<block><region><rect/></region>
<text>
<par>
<line>I</line></par>
</text>
</block>
<block><region><rect/></region>
<text>
<par/>
</text>
</block>
<block><region><rect/></region>
<text>
<par/>
</text>
</block>
<block><region><rect/></region>
<text>
<par>
<line>ï</line></par>
</text>
</block>
<block><region><rect/></region>
<text>
<par>
<line>if</line></par>
</text>
</block>
<block><region><rect/></region>
<text>
<par/>
</text>
</block>
<block><region><rect/></region>
<text>
<par>
<line>JEAU-</line></par>
</text>
</block>
<block><region><rect/></region>
<text>
<par/>
</text>
</block>
<block><region><rect/></region>
<text>
<par/>
</text>
</block>
<block><region><rect/></region>
<text>
<par/>
</text>
</block>
<block><region><rect/></region>
<text>
<par/>
</text>
</block>
<block><region><rect/></region>
<text>
<par>
<line>.T</line></par>
</text>
</block>
<block><region><rect/></region>
<text>
<par/>
</text>
</block>
<block><region><rect/></region>
<text>
<par>
<line>. - . / : .'O; i</line></par>
</text>
</block>
<block><region><rect/></region>
<text>
<par/>
</text>
</block>
<block><region><rect/></region>
<text>
<par>
<line>r^'.-^r*'. »z»</line></par>
</text>
</block>
<block><region><rect/></region>
<text>
<par>
<line>v;</line></par>
</text>
</block>
<block><region><rect/></region>
<text>
<par>
<line>©-*4-</line></par>
</text>
</block>
<block><region><rect/></region>
<text>
<par>
<line>HBi'l H»</line></par>
</text>
</block>
<block><region><rect/></region>
<text>
<par>
<line>r</line></par>
</text>
</block>
<block><region><rect/></region>
<text>
<par>
<line>◄</line></par>
</text>
</block>
<block><region><rect/></region>
<text>
<par>
<line>◄</line></par>
</text>
</block>
<block><region><rect/></region>
<text>
<par>
<line>©</line></par>
</text>
</block>
<block><region><rect/></region>
<text>
<par>
<line>©</line></par>
</text>
</block>
<block><region><rect/></region>
<text>
<par>
<line>«</line></par>
</text>
</block>
<block><region><rect/></region>
<text>
<par>
<line>9 p—ij®</line></par>
</text>
</block>
<block><region><rect/></region>
<text>
<par>
<line>©</line></par>
</text>
</block>
<block><region><rect/></region>
<text>
<par>
<line>-♦</line></par>
</text>
</block>
<block><region><rect/></region>
<text>
<par/>
</text>
</block>
<block><region><rect/></region>
<text>
<par>
<line>i</line></par>
</text>
</block>
<block><region><rect/></region>
<text>
<par>
<line>&gt;</line></par>
</text>
</block>
<block><region><rect/></region>
<text>
<par>
<line>&lt;</line></par>
</text>
</block>
<block><region><rect/></region>
<text>
<par>
<line>©</line></par>
</text>
</block>
<block><region><rect/></region>
<text>
<par>
<line>©</line></par>
</text>
</block>
<block><region><rect/></region>
<text>
<par>
<line>©</line></par>
</text>
</block>
<block><region><rect/></region>
<text>
<par>
<line>,©</line></par>
</text>
</block>
<block><region><rect/></region>
<text>
<par>
<line>►</line></par>
</text>
</block>
<block><region><rect/></region>
<text>
<par>
<line>4 ^ . k</line></par>
<par>
<line>~ ©*^ ©—</line></par>
</text>
</block>
<block><region><rect/></region>
<text>
<par>
<line>; Ligne électrique ejciStanti</line></par>
<par>
<line>I—: Moyenne Tension -</line></par>
</text>
</block>
<block><region><rect/></region>
<text>
<par/>
</text>
</block>
<block><region><rect/></region>
<text>
<par>
<line>J</line></par>
</text>
</block>
<block><region><rect/></region>
<text>
<par/>
</text>
</block>
<block><region><rect/></region>
<text>
<par>
<line>«..—</line></par>
</text>
</block>
<block><region><rect/><rect/></region>
<text>
<par>
<line>T-7 . Q ■ r-,</line></par>
</text>
</block>
<block><region><rect/></region>
<text>
<par>
<line>zy/i:i</line></par>
</text>
</block>
<block><region><rect/></region>
<text>
<par>
<line>* • I»</line></par>
</text>
</block>
<block><region><rect/></region>
<text>
<par>
<line>• • •</line></par>
</text>
</block>
<block><region><rect/></region>
<text>
<par>
<line>" “ * CTè'ï 'î</line></par>
</text>
</block>
<block><region><rect/></region>
<text>
<par>
<line>• •</line></par>
</text>
</block>
<block><region><rect/></region>
<text>
<par/>
</text>
</block>
<block><region><rect/></region>
<text>
<par>
<line>-f. • •</line></par>
</text>
</block>
<block><region><rect/></region>
<text>
<par/>
</text>
</block>
<block><region><rect/></region>
<text>
<par>
<line>P”Eî.î^i-^4.-</line></par>
</text>
</block>
<block><region><rect/></region>
<text>
<par>
<line>&gt;</line></par>
</text>
</block>
<block><region><rect/></region>
<text>
<par>
<line>r*.-.</line></par>
</text>
</block>
<block><region><rect/></region>
<text>
<par/>
</text>
</block>
<block><region><rect/></region>
<text>
<par/>
</text>
</block>
<block><region><rect/></region>
<text>
<par/>
</text>
</block>
<block><region><rect/></region>
<text>
<par>
<line>•»»•••*iJ</line></par>
</text>
</block>
<block><region><rect/></region>
<text>
<par/>
</text>
</block>
<block><region><rect/></region>
<text>
<par>
<line>•-.&amp;JI..*./i</line></par>
</text>
</block>
<block><region><rect/></region>
<text>
<par/>
</text>
</block>
<block><region><rect/></region>
<text>
<par>
<line>O</line></par>
</text>
</block>
<block><region><rect/></region>
<text>
<par>
<line>-UijLL</line></par>
</text>
</block>
<block><region><rect/></region>
<text>
<par>
<line>'Vk</line></par>
</text>
</block>
<block><region><rect/></region>
<text>
<par>
<line>©rt</line></par>
</text>
</block>
<block><region><rect/></region>
<text>
<par/>
</text>
</block>
<block><region><rect/></region>
<text>
<par>
<line>»</line></par>
</text>
</block>
<block><region><rect/></region>
<text>
<par>
<line>^°/7e//e</line></par>
</text>
</block>
<block><region><rect/></region>
<text>
<par>
<line>7000</line></par>
</text>
</block>
<block><region><rect/></region>
<text>
<par>
<line>HL.ü</line></par>
</text>
</block>
<block><region><rect/></region>
<text>
<par>
<line>som</line></par>
</text>
</block>
<block><region><rect/><rect/></region>
<text>
<par/>
</text>
</block>
<block><region><rect/></region>
<text>
<par/>
</text>
</block>
<block><region><rect/></region>
<text>
<par>
<line>Pr</line></par>
</text>
</block>
<block><region><rect/></region>
<text>
<par>
<line>'««/bas</line></par>
</text>
</block>
<block><region><rect/></region>
<text>
<par/>
</text>
</block>
<block><region><rect/></region>
<text>
<par>
<line>■vJefjf</line></par>
</text>
</block>
<block><region><rect/></region>
<text>
<par/>
</text>
</block>










































































































































































































</page>
<page width="1687" height="2358" resolution="200">
<block><region><rect/></region>
<text>
<par>
<line>REQUALIFICATION URBAINE ET PAYSAGERE DU SITE DU BAZERT</line></par>
</text>
</block>
<block><region><rect/></region>
<text>
<par>
<line>Principes de recomposition</line></par>
<par>
<line>Recalibrage de la voirie de l'ancienne RN 125 liée aux nouveaux usages : Desserte des habitations, des</line>
<line>activités existantes ; et accès au village de Seilhan et au tutur lotissement artisanal du Bazert.</line></par>
<par>
<line>Mise en œuvre d'une liaison latérale le long de l'ancienne RN 125 destinée aux piétons et cycles traitée en</line>
<line>sol stabilisé ; accès matérialisés aux riverains à maintenir.</line></par>
<par>
<line>Alignement de cyprès lusains qualifiant l'ensemble du site en séparant ies usages de l'espace public ; et</line>
<line>constituant un premier pian végétal générant une cohérence et structurant l'ensemble du site, atténuant ainsi</line>
<line>l'hétérogénéité des constructions existantes.</line></par>
<par>
<line>Traitement paysager par la réappropriation de l'espace central en parterre engazonné et plantations de</line>
<line>cyprès à réaliser dans le prolongement de la haie végétale existantei</line></par>
<par>
<line>Eclairage ponctuel par sources lumineuses encastrées au sol soulignant la haie végétale de cyprès en limite</line>
<line>de l’aire engazonnée ; et éclairage approprié par bornes lumineuses de la voirie et de l'alignement de cyprès</line>
<line>ftjsains.</line></par>
<par>
<line>Eclairage spécifique de l'espace public à mettre en œuvre.</line></par>
<par>
<line>Traitement du sol en^tebjlisé.du.noijveLespace..public-de-la-Croix du-Bazert-apboréd’un-mai-.de platanes-;---</line>
<line>matérialisation latérale de la piste cyclable.</line></par>
</text>
</block>
<block><region><rect/></region>
<text>
<par>
<line>Recommandations</line></par>
<par>
<line>La délimitation de la liaison piétons et cycles tout le long de l'ancienne RN 125 devra prendre en compte tes</line>
<line>emprises fossés (à buser) et terres pleins latéraux, afin de permettre la réalisation d'une haie arbustive basse côté</line>
<line>limites privatives. La largeur totale de l'emprise de la liaison douce paysagère correspond à 4,5 mètres (selon vue</line>
<line>détail de principe).</line></par>
</text>
</block>
<block><region><rect/></region>
<text>
<par>
<line>P.L.U. de SEILHAN - Principes des aménagements spécifiques - 5 -</line></par>
</text>
</block>
</page>
</OAP>