<?xml version="1.0" encoding="UTF-8"?><OAP>
<page width="3508" height="2479" resolution="300">
<block><region><rect/></region>
<text>
<par>
<line>1</line></par>
</text>
</block>
<block><region><rect/></region>
<text>
<par>
<line>INTRODUCTION</line></par>
</text>
</block>
<block><region><rect/></region>
<text>
<par>
<line>Le document des ‘'orientations d'aménagement'' est facultatif et possède un caractère opposable. Il fait partie du dossier du</line>
<line>Plan Local d'Urbanisme au même titre que le rapport de présentation, les orientations générales du PADD, le règlement, les</line>
<line>documents graphiques et les annexes.</line></par>
<par>
<line>Il respecte et précise les orientations générales du PADD.</line></par>
</text>
</block>
<block><region><rect/></region>
<text>
<par>
<line>Dans le respect des principes des orientations générales du PADD, il peut préciser :</line></par>
<par>
<line>- les mesures de nature à préserver les centres villes et les centres de quartiers, les développer ou en créer de</line>
<line>nouveaux,</line></par>
<par>
<line>- les actions et opérations relatives à la restructuration ou à la réhabilitation d'îlots, de quartiers ou de secteurs, les</line>
<line>interventions destinées à lutter contre l'insalubrité et à restructurer, restaurer ou réhabiliter des îlots ou des</line>
<line>immeubles,</line></par>
<par>
<line>- les caractéristiques et le traitement des rues, sentiers piétonniers et pistes cyclables et des espaces et ouvrages</line>
<line>publics à conserver, à modifier ou à créer,</line></par>
<par>
<line>- les actions et opérations d'aménagement de nature à assurer la sauvegarde de la diversité commerciale des quartiers,</line></par>
<par>
<line>- les conditions d'aménagement des entrées de ville en application de l'article L.111.1.4 (recul par rapport à l'axe des</line>
<line>autoroutes, routes express, déviations et routes classées à grande circulation),</line></par>
<par>
<line>- les mesures de nature à assurer la préservation des paysages.</line></par>
</text>
</block>
<block><region><rect/></region>
<text>
<par>
<line>Atelier de Paysage &amp; d'Urbanisme</line></par>
</text>
</block>
<block><region><rect/></region>
<text>
<par>
<line>ELABORATION du P.L.U - COMMUNE DE DOMPIERRE-DU-CHEMIN - Orientations d'Aménagement</line></par>
</text>
</block>



</page>
<page width="3508" height="2479" resolution="300">
<block><region><rect/></region>
<text>
<par>
<line>2</line></par>
</text>
</block>
<block><region><rect/></region>
<text>
<par>
<line>LES ORIENTATIONS D'AMENAGEMENT DU PLU DE DOMPIERRE -DU-CHEMIN</line></par>
</text>
</block>
<block><region><rect/></region>
<text>
<par>
<line>Ce document est destiné à préciser :</line></par>
<par>
<line>- les mesures de nature à préserver les centres villes et les centres de quartiers, les développer ou en créer de</line>
<line>nouveaux,</line></par>
<par>
<line>- les actions et opérations relatives à la restructuration ou à la réhabilitation dTlots, de quartiers ou de secteurs, les</line>
<line>interventions destinées à lutter contre l'insalubrité et à restructurer, restaurer ou réhabiliter des îlots ou des</line>
<line>immeubles,</line></par>
<par>
<line>- les caractéristiques et le traitement des rues, sentiers piétonniers et pistes cyclables et des espaces et ouvrages</line>
<line>publics à conserver, à modifier ou à créer,</line></par>
<par>
<line>- les actions et opérations d'aménagement de nature à assurer la sauvegarde de la diversité commerciale des quartiers,</line></par>
<par>
<line>- les conditions d'aménagement des entrées de ville en application de l'article L.111.1.4 (recul par rapport à l'axe des</line>
<line>autoroutes, routes express, déviations et routes classées à grande circulation),</line></par>
<par>
<line>- les mesures de nature à assurer la préservation des paysages.</line></par>
</text>
</block>
<block><region><rect/></region>
<text>
<par>
<line>Pour DOMPIERRE -DU-CHEMIN, elles ne concernent que les principes de l'étude urbanistique et paysagère pour</line>
<line>l'aménagement des secteurs d'urbanisation de type UE, et les secteurs d'urbanisation à court ou moyen terme de type 1AUE</line>
<line>et 1AUA qui sont destinés à accueillir en priorité l'habitat ainsi que des activités, auxquels des dispositions particulières sont</line>
<line>rattachées.</line></par>
</text>
</block>
<block><region><rect/></region>
<text>
<par>
<line>Atelier de Paysage &amp; d'Urbanisme</line></par>
</text>
</block>
<block><region><rect/></region>
<text>
<par>
<line>ELABORATION du P.L.U - COMMUNE DE DOMPIERRE-DU-CHEMIN - Orientations d'Aménagement</line></par>
</text>
</block>



</page>
<page width="3508" height="2479" resolution="300">
<block><region><rect/></region>
<text>
<par>
<line>1 - Secteurs de types UE :</line></par>
</text>
</block>
<block><region><rect/></region>
<text>
<par>
<line>3</line></par>
</text>
</block>
<block><region><rect/></region>
<text>
<par>
<line>Secteur UEB n°1 : Les constructions pourront être réalisées au coup par coup. Elles devront respecter le schéma de principe ci-</line>
<line>dessous :</line></par>
</text>
</block>
<block><region><rect/></region>
<text>
<par/>
</text>
</block>
<block><region><rect/></region>
<text>
<par/>
</text>
</block>
<block><region><rect/></region>
<text>
<par>
<line>1^.</line></par>
</text>
</block>
<block><region><rect/></region>
<text>
<par>
<line>LA GRANDE PRÉE</line></par>
</text>
</block>
<block><region><rect/></region>
<text>
<par>
<line>UB-e</line></par>
</text>
</block>
<block><region><rect/></region>
<text>
<par/>
</text>
</block>
<block><region><rect/></region>
<text>
<par/>
</text>
</block>
<block><region><rect/></region>
<text>
<par>
<line>Talus existant</line></par>
</text>
</block>
<block><region><rect/></region>
<text>
<par>
<line>conserver</line></par>
</text>
</block>
<block><region><rect/></region>
<text>
<par>
<line>UN</line></par>
</text>
</block>
<block><region><rect/></region>
<text>
<par>
<line>DE</line></par>
</text>
</block>
<block><region><rect/></region>
<text>
<par>
<line>Cône de visibilité</line></par>
</text>
</block>
<block><region><rect/></region>
<text>
<par>
<line>rrJS</line></par>
</text>
</block>
<block><region><rect/></region>
<text>
<par/>
</text>
</block>
<block><region><rect/></region>
<text>
<par>
<line>- Le cône de visibilité sera préservé en sortie.</line></par>
<par>
<line>- Le talus planté existant sera répertorié au plan pour assurer sa préservation (art L123-1.7).</line></par>
<par>
<line>- La desserte du secteur se fera depuis la rue de la mairie</line></par>
<par>
<line>- L'implantation du bâti se fera en retrait minimum de 75 m par rapport à l'axe de la RD 178.</line></par>
</text>
</block>
<block><region><rect/></region>
<text>
<par>
<line>Atelier de Paysage &amp; d'Urbanisme</line></par>
</text>
</block>
<block><region><rect/></region>
<text>
<par>
<line>ELABORATION du P.L.U - COMMUNE DE DOMPIERRE-DU-CHEMIN - Orientations d'Aménagement</line></par>
</text>
</block>













</page>
<page width="4537" height="3206" resolution="388">
<block><region><rect/></region>
<text>
<par>
<line>4</line></par>
</text>
</block>
<block><region><rect/></region>
<text>
<par>
<line>Secteur UEB :</line></par>
</text>
</block>
<block><region><rect/></region>
<text>
<par>
<line>Les constructions pourront être réalisées au coup par coup. Elles devront respecter le schéma de principe ci-dessous :</line></par>
</text>
</block>
<block><region><rect/></region>
<text>
<par>
<line>GRAND CH A</line></par>
</text>
</block>
<block><region><rect/></region>
<text>
<par>
<line>MP</line></par>
</text>
</block>
<block><region><rect/></region>
<text>
<par>
<line>vote</line></par>
</text>
</block>
<block><region><rect/></region>
<text>
<par>
<line>existante</line></par>
</text>
</block>
<block><region><rect/></region>
<text>
<par>
<line>Les</line></par>
</text>
</block>
<block><region><rect/></region>
<text>
<par>
<line>Haris</line></par>
</text>
</block>
<block><region><rect/></region>
<text>
<par>
<line>Neuf</line></par>
</text>
</block>
<block><region><rect/></region>
<text>
<par>
<line>+</line></par>
</text>
</block>
<block><region><rect/></region>
<text>
<par>
<line>“h</line></par>
</text>
</block>
<block><region><rect/></region>
<text>
<par/>
</text>
</block>
<block><region><rect/></region>
<text>
<par>
<line>605</line></par>
</text>
</block>
<block><region><rect/></region>
<text>
<par>
<line>+</line></par>
</text>
</block>
<block><region><rect/></region>
<text>
<par>
<line>Ligne</line></par>
</text>
</block>
<block><region><rect/></region>
<text>
<par>
<line>tiretees</line></par>
</text>
</block>
<block><region><rect/></region>
<text>
<par>
<line>GRAND</line></par>
</text>
</block>
<block><region><rect/></region>
<text>
<par>
<line>Ta US existant a conserver</line></par>
</text>
</block>
<block><region><rect/></region>
<text>
<par>
<line>U VE</line></par>
</text>
</block>
<block><region><rect/></region>
<text>
<par>
<line>MAJSON</line></par>
</text>
</block>
<block><region><rect/></region>
<text>
<par>
<line>et maintenir ou remplacer les</line></par>
</text>
</block>
<block><region><rect/></region>
<text>
<par>
<line>plantations existantes pour</line></par>
</text>
</block>
<block><region><rect/></region>
<text>
<par>
<line>conserver le rideau végétal</line></par>
</text>
</block>
<block><region><rect/></region>
<text>
<par>
<line>Dans la marge de recul des 35 m, les haies bocagères et</line>
<line>talus existants seront répertoriés au plan pour assurer leur</line>
<line>préservation (art L123-1.7).</line></par>
<par>
<line>Pour les secteurs Sud, l'implantation du bâtiment principal est</line>
<line>autorisée jusqu'à la limite définie par la ligne tiretée (en gras).</line>
<line>En dehors de la ligne tiretée, la construction de bâtiments</line>
<line>annexes reste autorisée.</line></par>
<par>
<line>La desserte du secteur se fera depuis la rue de la J alaine et</line>
<line>depuis la voie existante en accroche sur la RD 798.</line></par>
<par>
<line>Depuis la RD 798, les accès aux parcelles se feront depuis</line>
<line>les accès existant pour assurer le désenclavement.</line></par>
</text>
</block>
<block><region><rect/></region>
<text>
<par>
<line>bâti en retrait de 6 m mini</line></par>
</text>
</block>
<block><region><rect/></region>
<text>
<par>
<line>L'implantation du bâti se fera en recul de 6 m minimum par rapport à l'alignement de la rue de la J alaine et</line>
<line>en retrait minimum de 35 m par rapport à l'axe de la RD 178.</line></par>
</text>
</block>
<block><region><rect/></region>
<text>
<par>
<line>Atelier de Paysage &amp; d'U rbanisme</line></par>
</text>
</block>
<block><region><rect/></region>
<text>
<par>
<line>ELABORATION du P.L.U - COMMUNE DE DOMPIERRE-DU-CHEMIN - Orientations d'Aménagement</line></par>
</text>
</block>





























</page>
<page width="3508" height="2479" resolution="300">
<block><region><rect/></region>
<text>
<par>
<line>5</line></par>
</text>
</block>
<block><region><rect/></region>
<text>
<par>
<line>2 - Secteurs de types 1 AUE :</line></par>
</text>
</block>
<block><region><rect/></region>
<text>
<par>
<line>Les nouvelles constructions se feront sous forme de lotissements ou d'opérations groupées.</line></par>
<par>
<line>Secteur 1AUE n°1 : L'aménagement du secteur 1AUE n°1 se fera en quatre opérations maximum qui devront respecter le schéma</line>
<line>de principe ci-dessous :</line></par>
</text>
</block>
<block><region><rect/></region>
<text>
<par>
<line>+</line></par>
<par>
<line>Cheminement</line></par>
</text>
</block>
<block><region><rect/></region>
<text>
<par/>
</text>
</block>
<block><region><rect/></region>
<text>
<par/>
</text>
</block>
<block><region><rect/></region>
<text>
<par/>
</text>
</block>
<block><region><rect/></region>
<text>
<par>
<line>piétonnier</line></par>
</text>
</block>
<block><region><rect/></region>
<text>
<par>
<line>Liaison oe bouciage</line>
<line>non figée à</line></par>
</text>
</block>
<block><region><rect/></region>
<text>
<par>
<line>A</line></par>
</text>
</block>
<block><region><rect/></region>
<text>
<par>
<line>+</line></par>
</text>
</block>
<block><region><rect/></region>
<text>
<par/>
</text>
</block>
<block><region><rect/></region>
<text>
<par/>
</text>
</block>
<block><region><rect/></region>
<text>
<par>
<line>1 AUE n"1</line></par>
<par>
<line>■</line></par>
</text>
</block>
<block><region><rect/></region>
<text>
<par>
<line>-4.</line></par>
</text>
</block>
<block><region><rect/></region>
<text>
<par/>
</text>
</block>
<block><region><rect/></region>
<text>
<par/>
</text>
</block>
<block><region><rect/></region>
<text>
<par>
<line>\ +</line></par>
</text>
</block>
<block><region><rect/></region>
<text>
<par>
<line>Espace vert non figé</line></par>
</text>
</block>
<block><region><rect/></region>
<text>
<par>
<line>^ So</line></par>
</text>
</block>
<block><region><rect/></region>
<text>
<par>
<line>'S</line></par>
</text>
</block>
<block><region><rect/></region>
<text>
<par>
<line>Plantations en limite</line>
<line>de la zone</line></par>
</text>
</block>
<block><region><rect/></region>
<text>
<par>
<line>Cl,</line></par>
</text>
</block>
<block><region><rect/></region>
<text>
<par>
<line>üu</line></par>
</text>
</block>
<block><region><rect/></region>
<text>
<par/>
</text>
</block>
<block><region><rect/></region>
<text>
<par>
<line>Sut</line></par>
</text>
</block>
<block><region><rect/></region>
<text>
<par/>
</text>
</block>
<block><region><rect/></region>
<text>
<par>
<line>\</line></par>
</text>
</block>
<block><region><rect/></region>
<text>
<par>
<line>Liaison de bouclage \ Vw</line>
<line>non figée / \\</line></par>
</text>
</block>
<block><region><rect/></region>
<text>
<par>
<line>Hafes répertoriées</line>
<line>' à conserver</line></par>
</text>
</block>
<block><region><rect/></region>
<text>
<par/>
</text>
</block>
<block><region><rect/></region>
<text>
<par>
<line>Espace</line></par>
</text>
</block>
<block><region><rect/></region>
<text>
<par>
<line>vert</line></par>
</text>
</block>
<block><region><rect/></region>
<text>
<par>
<line>figé</line></par>
</text>
</block>
<block><region><rect/></region>
<text>
<par>
<line>non</line></par>
</text>
</block>
<block><region><rect/></region>
<text>
<par>
<line>+</line></par>
</text>
</block>
<block><region><rect/></region>
<text>
<par>
<line>Atelier de Paysage &amp; d'Urbanisme</line></par>
</text>
</block>
<block><region><rect/></region>
<text>
<par>
<line>ELABORATION du P.L.U - COMMUNE DE DOMPIERRE-DU-CHEMIN - Orientations d'Aménagement</line></par>
</text>
</block>












</page>
<page width="3508" height="2479" resolution="300">
<block><region><rect/></region>
<text>
<par>
<line>6</line></par>
</text>
</block>
<block><region><rect/></region>
<text>
<par>
<line>- Les voies internes à la desserte de la zone devront créer des liaisons de bouclage entre les voies principales :</line></par>
<par>
<line>- Une voie permettra de relier les points B et C {\e point C est figé), elle assurera une liaison entre la rue du Stade et le Chemin du</line>
<line>Champ Haut.</line></par>
<par>
<line>- La création d'une voie ou/et d'un chemin piétonnier à partir du point A permettra d'assurer une liaison entre le lotissement du</line>
<line>Champs Moulin et la voie de desserte projetée entre les points B et C.</line></par>
<par>
<line>- Une voie permettra de relier les point D (figé) et E, cette voie pourra dans un premier temps se terminer en impasse, puis elle</line>
<line>débouchera sur le Chemin du Champ haut pour rejoindre le point C afin d'assurer une liaison entre le Chemin du Champ Haut et la</line>
<line>rue du Saut Roland.</line></par>
<par>
<line>- Les accès aux parcelles se feront depuis les voies à créer pour assurer le désenclavement.</line></par>
<par>
<line>- Des liaisons piétonnes créées permettront de relier les points F et G et les points H et I.</line></par>
<par>
<line>- Le chemin du Champ Haut conservera son statut piétonnier.</line></par>
<par>
<line>- Des espaces verts suffisants (non plantés) seront maintenus entre les voies de bouclage créées et la limite Sud-Est, afin d'anticiper</line>
<line>le désenclavement des zones contigües (les emplacements ne sont pas figés).</line></par>
<par>
<line>- Les haies bocagères repérées au plan sont à conserver</line></par>
<par>
<line>- Plantations en limite Est et Sud-Est de la zone : espace vert et bande boisée de 3 m minimum (en dehors des espaces verts non</line>
<line>plantés) intégrant un chemin piétonnier.</line></par>
</text>
</block>
<block><region><rect/></region>
<text>
<par>
<line>Atelier de Paysage &amp; d'Urbanisme</line></par>
</text>
</block>
<block><region><rect/></region>
<text>
<par>
<line>ELABORATION du P.L.U - COMMUNE DE DOMPIERRE-DU-CHEMIN - Orientations d'Aménagement</line></par>
</text>
</block>



</page>
<page width="3508" height="2479" resolution="300">
<block><region><rect/></region>
<text>
<par>
<line>7</line></par>
</text>
</block>
<block><region><rect/></region>
<text>
<par>
<line>Secteur 1AUE n°2 : L'aménagement du secteur 1AUE n°2 devra respecte r le schéma de principe ci-dessous :</line></par>
</text>
</block>
<block><region><rect/></region>
<text>
<par/>
</text>
</block>
<block><region><rect/></region>
<text>
<par>
<line>%</line></par>
</text>
</block>
<block><region><rect/></region>
<text>
<par>
<line>%</line></par>
</text>
</block>
<block><region><rect/></region>
<text>
<par>
<line>4-</line></par>
</text>
</block>
<block><region><rect/></region>
<text>
<par/>
</text>
</block>
<block><region><rect/></region>
<text>
<par>
<line>de</line></par>
</text>
</block>
<block><region><rect/></region>
<text>
<par>
<line>bo</line></par>
</text>
</block>
<block><region><rect/></region>
<text>
<par>
<line>ison</line></par>
</text>
</block>
<block><region><rect/></region>
<text>
<par>
<line>ge</line></par>
</text>
</block>
<block><region><rect/></region>
<text>
<par>
<line>ée</line></par>
</text>
</block>
<block><region><rect/></region>
<text>
<par>
<line>non</line></par>
</text>
</block>
<block><region><rect/></region>
<text>
<par>
<line>S</line></par>
</text>
</block>
<block><region><rect/></region>
<text>
<par>
<line>AUE</line></par>
</text>
</block>
<block><region><rect/></region>
<text>
<par>
<line>Haies bocagères</line></par>
</text>
</block>
<block><region><rect/></region>
<text>
<par/>
</text>
</block>
<block><region><rect/></region>
<text>
<par>
<line>conserver</line></par>
</text>
</block>
<block><region><rect/></region>
<text>
<par>
<line>A</line></par>
</text>
</block>
<block><region><rect/></region>
<text>
<par/>
</text>
</block>
<block><region><rect/></region>
<text>
<par>
<line>Cheminement</line></par>
</text>
</block>
<block><region><rect/></region>
<text>
<par>
<line>OKAfEAia</line></par>
</text>
</block>
<block><region><rect/></region>
<text>
<par>
<line>LEÏ</line></par>
</text>
</block>
<block><region><rect/></region>
<text>
<par>
<line>piétonnier</line></par>
</text>
</block>
<block><region><rect/></region>
<text>
<par/>
</text>
</block>
<block><region><rect/></region>
<text>
<par>
<line>Une voie interne à la desserte de la zone devra</line>
<line>créer une liaison de bouclage entre les voies</line>
<line>principales. Elle permettra de relier les point A et</line>
<line>B (points non figés), elle assurera une liaison</line>
<line>entre la rue du Saut Roland et la rue des Etangs.</line></par>
<par>
<line>Les accès aux parcelles se feront depuis les</line>
<line>voies à créer pour assurer le désenclavement.</line></par>
<par>
<line>Une liaison piétonne sera créée, elle permettra</line>
<line>de relier les points C et D via l'emplacement</line>
<line>réservé n'23</line></par>
<par>
<line>Les haies bocagères repérées au plan sont à</line>
<line>conserver</line></par>
</text>
</block>
<block><region><rect/></region>
<text>
<par>
<line>Atelier de Paysage &amp; d'Urbanisme</line></par>
</text>
</block>
<block><region><rect/></region>
<text>
<par>
<line>ELABORATION du P.L.U - COMMUNE DE DOMPIERRE-DU-CHEMIN - Orientations d'Aménagement</line></par>
</text>
</block>





</page>
<page width="3508" height="2479" resolution="300">
<block><region><rect/></region>
<text>
<par>
<line>8</line></par>
</text>
</block>
<block><region><rect/></region>
<text>
<par>
<line>Secteur 1AUE n'S et 1AUE n°4 :</line></par>
</text>
</block>
<block><region><rect/></region>
<text>
<par>
<line>Les constructions pourront être réalisées au coup par coup.</line></par>
</text>
</block>
<block><region><rect/></region>
<text>
<par>
<line>Chemin pietonnier</line>
<line>Voie existante \</line></par>
</text>
</block>
<block><region><rect/></region>
<text>
<par>
<line>-AI AUE</line></par>
</text>
</block>
<block><region><rect/></region>
<text>
<par>
<line>-t-</line></par>
</text>
</block>
<block><region><rect/></region>
<text>
<par>
<line>r*.--</line></par>
</text>
</block>
<block><region><rect/></region>
<text>
<par/>
</text>
</block>
<block><region><rect/></region>
<text>
<par/>
</text>
</block>
<block><region><rect/></region>
<text>
<par/>
</text>
</block>
<block><region><rect/></region>
<text>
<par>
<line>Voie existante</line></par>
</text>
</block>
<block><region><rect/></region>
<text>
<par>
<line>1 AUE n 4</line></par>
</text>
</block>
<block><region><rect/></region>
<text>
<par>
<line>Les Haris N</line></par>
</text>
</block>
<block><region><rect/></region>
<text>
<par>
<line>is</line></par>
</text>
</block>
<block><region><rect/></region>
<text>
<par>
<line>fil</line></par>
</text>
</block>
<block><region><rect/></region>
<text>
<par/>
</text>
</block>
<block><region><rect/></region>
<text>
<par>
<line>U</line></par>
</text>
</block>
<block><region><rect/></region>
<text>
<par>
<line>%</line></par>
</text>
</block>
<block><region><rect/></region>
<text>
<par>
<line>B9</line></par>
</text>
</block>
<block><region><rect/></region>
<text>
<par>
<line>#</line></par>
</text>
</block>
<block><region><rect/></region>
<text>
<par>
<line>75</line></par>
</text>
</block>
<block><region><rect/></region>
<text>
<par>
<line>#</line></par>
</text>
</block>
<block><region><rect/></region>
<text>
<par>
<line>zji</line></par>
</text>
</block>
<block><region><rect/></region>
<text>
<par/>
</text>
</block>
<block><region><rect/></region>
<text>
<par>
<line>- Les accès aux parcelles se feront depuis les voies existantes au plan (le nombre d'accès est figuratif - les points d'accès ne sont</line>
<line>pas figés).</line></par>
<par>
<line>- L'implantation du bâti se fera en recul de 5m minimum par rapport à l'alignement de des voies existantes.</line></par>
<par>
<line>- Pour la zone 1AUE n°3 un chemin piétonnier sera crée via l'emplacement réservé n'24</line></par>
</text>
</block>
<block><region><rect/></region>
<text>
<par>
<line>Atelier de Paysage &amp; d'Urbanisme</line></par>
</text>
</block>
<block><region><rect/></region>
<text>
<par>
<line>ELABORATION du P.L.U - COMMUNE DE DOMPIERRE-DU-CHEMIN - Orientations d'Aménagement</line></par>
</text>
</block>







</page>
<page width="3508" height="2479" resolution="300">
<block><region><rect/></region>
<text>
<par>
<line>9</line></par>
</text>
</block>
<block><region><rect/></region>
<text>
<par>
<line>Secteur 1AUE B n°1 :</line></par>
</text>
</block>
<block><region><rect/></region>
<text>
<par>
<line>L'aménagement du secteur 1 AUE B n°1 devra respecter le schéma de principe ci dessous. Les constructions pourront être</line>
<line>réalisées au coup par coup</line></par>
</text>
</block>
<block><region><rect/></region>
<text>
<par>
<line>^S7</line></par>
</text>
</block>
<block><region><rect/></region>
<text>
<par/>
</text>
</block>
<block><region><rect/></region>
<text>
<par>
<line>2Z7</line></par>
</text>
</block>
<block><region><rect/></region>
<text>
<par>
<line>w</line></par>
</text>
</block>
<block><region><rect/></region>
<text>
<par/>
</text>
</block>
<block><region><rect/></region>
<text>
<par>
<line>zn</line></par>
</text>
</block>
<block><region><rect/></region>
<text>
<par>
<line>m</line></par>
</text>
</block>
<block><region><rect/></region>
<text>
<par>
<line>-a</line></par>
</text>
</block>
<block><region><rect/></region>
<text>
<par>
<line>O</line></par>
</text>
</block>
<block><region><rect/></region>
<text>
<par>
<line>O</line></par>
</text>
</block>
<block><region><rect/></region>
<text>
<par/>
</text>
</block>
<block><region><rect/></region>
<text>
<par>
<line>CP</line></par>
</text>
</block>
<block><region><rect/></region>
<text>
<par/>
</text>
</block>
<block><region><rect/></region>
<text>
<par>
<line>y*</line></par>
</text>
</block>
<block><region><rect/></region>
<text>
<par/>
</text>
</block>
<block><region><rect/></region>
<text>
<par/>
</text>
</block>
<block><region><rect/></region>
<text>
<par/>
</text>
</block>
<block><region><rect/></region>
<text>
<par/>
</text>
</block>
<block><region><rect/></region>
<text>
<par/>
</text>
</block>
<block><region><rect/></region>
<text>
<par>
<line>it.'</line></par>
</text>
</block>
<block><region><rect/></region>
<text>
<par/>
</text>
</block>
<block><region><rect/></region>
<text>
<par>
<line>Zi**</line></par>
</text>
</block>
<block><region><rect/></region>
<text>
<par>
<line>42-</line></par>
</text>
</block>
<block><region><rect/></region>
<text>
<par/>
</text>
</block>
<block><region><rect/></region>
<text>
<par/>
</text>
</block>
<block><region><rect/></region>
<text>
<par/>
</text>
</block>
<block><region><rect/></region>
<text>
<par/>
</text>
</block>
<block><region><rect/></region>
<text>
<par>
<line>ili*</line></par>
</text>
</block>
<block><region><rect/></region>
<text>
<par>
<line>tî5</line></par>
</text>
</block>
<block><region><rect/></region>
<text>
<par/>
</text>
</block>
<block><region><rect/></region>
<text>
<par/>
</text>
</block>
<block><region><rect/></region>
<text>
<par/>
</text>
</block>
<block><region><rect/></region>
<text>
<par>
<line>GRAND</line></par>
</text>
</block>
<block><region><rect/></region>
<text>
<par>
<line>VA</line></par>
</text>
</block>
<block><region><rect/></region>
<text>
<par>
<line>LE</line></par>
</text>
</block>
<block><region><rect/></region>
<text>
<par>
<line>\</line></par>
</text>
</block>
<block><region><rect/></region>
<text>
<par>
<line>IDB</line></par>
</text>
</block>
<block><region><rect/></region>
<text>
<par>
<line>Talus existant a conserver</line>
<line>et maintenir ou remplacer les</line>
<line>plantations existantes pour</line>
<line>conserver le rideau végétal</line></par>
</text>
</block>
<block><region><rect/></region>
<text>
<par>
<line>MAisaïf</line></par>
</text>
</block>
<block><region><rect/></region>
<text>
<par>
<line>VE</line></par>
</text>
</block>
<block><region><rect/></region>
<text>
<par/>
</text>
</block>
<block><region><rect/></region>
<text>
<par>
<line>Ligne tiretee</line></par>
</text>
</block>
<block><region><rect/></region>
<text>
<par/>
</text>
</block>
<block><region><rect/></region>
<text>
<par>
<line>V</line></par>
</text>
</block>
<block><region><rect/></region>
<text>
<par>
<line>AUE</line></par>
</text>
</block>
<block><region><rect/></region>
<text>
<par>
<line>i in</line></par>
</text>
</block>
<block><region><rect/></region>
<text>
<par>
<line>+</line></par>
</text>
</block>
<block><region><rect/></region>
<text>
<par>
<line>T</line></par>
</text>
</block>
<block><region><rect/></region>
<text>
<par>
<line>«s-</line></par>
</text>
</block>
<block><region><rect/></region>
<text>
<par>
<line>Atelier de Paysage &amp; d'Urbanisme</line></par>
</text>
</block>
<block><region><rect/></region>
<text>
<par>
<line>ELABORATION du P.L.U - COMMUNE DE DOMPIERRE-DU-CHEMIN - Orientations d'Aménagement</line></par>
</text>
</block>













</page>
<page width="3508" height="2479" resolution="300">
<block><region><rect/></region>
<text>
<par>
<line>10</line></par>
</text>
</block>
<block><region><rect/></region>
<text>
<par>
<line>- Dans la marge de recul des 35 m, les haies bocagères et talus existants seront répertoriés au plan pour assurer leur préservation (art</line>
<line>L123-1.7).</line></par>
<par>
<line>- L'implantation du bâtiment principal est autorisée jusqu'à la limite définie par la ligne tiretée (en gras). En dehors de la ligne tiretée, la</line>
<line>construction de bâtiments annexes reste autorisée.</line></par>
<par>
<line>- La desserte du secteur se fera depuis la rue de la J alaine</line></par>
<par>
<line>- L'implantation du bâti se fera en recul de 6m minimum par rapport à l'alignement de la rue de la J alaine.</line></par>
<par>
<line>- Les accès aux parcelles se feront depuis les voies existantes {\e nombre d'accès est figuratif - les points d'accès ne sont pas figés).</line></par>
</text>
</block>
<block><region><rect/></region>
<text>
<par>
<line>Secteur 1AUE B n°2. : Les constructions pourront être réalisées au coup par coup.</line></par>
</text>
</block>
<block><region><rect/></region>
<text>
<par>
<line>nVTT-CTTTTTITT'</line></par>
</text>
</block>
<block><region><rect/></region>
<text>
<par>
<line>Ligne</line></par>
</text>
</block>
<block><region><rect/></region>
<text>
<par>
<line>iiteiée</line></par>
</text>
</block>
<block><region><rect/></region>
<text>
<par>
<line>Les</line></par>
</text>
</block>
<block><region><rect/></region>
<text>
<par/>
</text>
</block>
<block><region><rect/></region>
<text>
<par/>
</text>
</block>
<block><region><rect/></region>
<text>
<par>
<line>O</line></par>
</text>
</block>
<block><region><rect/></region>
<text>
<par>
<line>AUE</line></par>
</text>
</block>
<block><region><rect/></region>
<text>
<par/>
</text>
</block>
<block><region><rect/></region>
<text>
<par/>
</text>
</block>
<block><region><rect/></region>
<text>
<par/>
</text>
</block>
<block><region><rect/></region>
<text>
<par/>
</text>
</block>
<block><region><rect/></region>
<text>
<par>
<line>T"</line></par>
</text>
</block>
<block><region><rect/></region>
<text>
<par/>
</text>
</block>
<block><region><rect/></region>
<text>
<par/>
</text>
</block>
<block><region><rect/></region>
<text>
<par>
<line>m</line></par>
</text>
</block>
<block><region><rect/></region>
<text>
<par>
<line>- Les accès aux parcelles se feront depuis la rue de la</line>
<line>J alaine (le nombre d'accès est figuratif - les points</line>
<line>d'accès ne sont pas figés).</line></par>
<par>
<line>- L'implantation du bâti par rapport à l'alignement de la</line>
<line>rue de la J alaine se fera au-delà de la marge située</line>
<line>entre la rue de la J alaine et la ligne tiretée figurée au</line>
<line>plan et en retrait minimum de 35 m par rapport à l'axe</line>
<line>de la RD 178.</line></par>
</text>
</block>
<block><region><rect/></region>
<text>
<par>
<line>Atelier de Paysage &amp; d'Urbanisme</line></par>
</text>
</block>
<block><region><rect/></region>
<text>
<par>
<line>ELABORATION du P.L.U - COMMUNE DE DOM PI ERRE-DU-CH EM IN - Orientationsd'Aménagement</line></par>
</text>
</block>






</page>
<page width="3508" height="2479" resolution="300">
<block><region><rect/></region>
<text>
<par>
<line>11</line></par>
</text>
</block>
<block><region><rect/></region>
<text>
<par>
<line>3 - Secteurs de types 1 AUA :</line></par>
</text>
</block>
<block><region><rect/></region>
<text>
<par>
<line>Conditions particulières aux nouvelles opérations</line></par>
<par>
<line>Dès lors que les équipements publics nécessaires à l'urbanisation des secteurs seront réalisés ou programmés, les opérations</line>
<line>nouvelles pourront être réalisées. Elles devront respecter les principes ci-dessous :</line></par>
</text>
</block>
<block><region><rect/></region>
<text>
<par/>
</text>
</block>
<block><region><rect/></region>
<text>
<par/>
</text>
</block>
<block><region><rect/></region>
<text>
<par>
<line>-68-</line></par>
</text>
</block>
<block><region><rect/></region>
<text>
<par>
<line>lii-</line></par>
</text>
</block>
<block><region><rect/></region>
<text>
<par>
<line>UN</line></par>
</text>
</block>
<block><region><rect/></region>
<text>
<par>
<line>DE</line></par>
</text>
</block>
<block><region><rect/></region>
<text>
<par/>
</text>
</block>
<block><region><rect/></region>
<text>
<par/>
</text>
</block>
<block><region><rect/></region>
<text>
<par/>
</text>
</block>
<block><region><rect/></region>
<text>
<par>
<line>+</line></par>
</text>
</block>
<block><region><rect/></region>
<text>
<par/>
</text>
</block>
<block><region><rect/></region>
<text>
<par>
<line>O</line></par>
</text>
</block>
<block><region><rect/></region>
<text>
<par/>
</text>
</block>
<block><region><rect/></region>
<text>
<par>
<line>d'AuDiQM</line></par>
</text>
</block>
<block><region><rect/></region>
<text>
<par/>
</text>
</block>
<block><region><rect/></region>
<text>
<par>
<line>CP</line></par>
</text>
</block>
<block><region><rect/></region>
<text>
<par>
<line>ILLARDE</line></par>
</text>
</block>
<block><region><rect/></region>
<text>
<par>
<line>LA</line></par>
</text>
</block>
<block><region><rect/></region>
<text>
<par>
<line>Talus exilants a conserver at</line>
<line>maintenir ou remplacer les</line>
<line>plantations existantes pour</line>
<line>conserver un rideau végétal</line></par>
</text>
</block>
<block><region><rect/></region>
<text>
<par/>
</text>
</block>
<block><region><rect/></region>
<text>
<par>
<line>PlantatiDfiS existartéE</line>
<line>maintenues pour conserver</line>
<line>un rideau végétal</line></par>
</text>
</block>
<block><region><rect/></region>
<text>
<par>
<line>MARAIS</line></par>
</text>
</block>
<block><region><rect/></region>
<text>
<par>
<line>L'accès au secteur se fera depuis la</line>
<line>voie de desserte interne existante</line>
<line>(qui prend naissance rue de la mairie)</line>
<line>et son extension.</line></par>
<par>
<line>L'implantation du bâti se fera en</line>
<line>retrait minimum de 35 m par rapport à</line>
<line>l'axe de la RD 178.</line></par>
<par>
<line>Dans la marge de recul des 35 m par</line>
<line>rapport à l'axe de la voie, les haies</line>
<line>bocagères et talus existants seront</line>
<line>répertoriés au plan pour assurer leur</line>
<line>préservation.</line></par>
<par>
<line>Les plantations existantes seront</line>
<line>répertoriées pour conserver un rideau</line>
<line>végétal</line></par>
</text>
</block>
<block><region><rect/></region>
<text>
<par>
<line>Atelier de Paysage &amp; d'Urbanisme</line></par>
</text>
</block>
<block><region><rect/></region>
<text>
<par>
<line>ELABORATION du P.L.U - COMMUNE DE DOMPIERRE-DU-CHEMIN - Orientations d'Aménagement</line></par>
</text>
</block>












</page>
</OAP>