<?xml version="1.0" encoding="UTF-8"?><OAP>
<page width="3336" height="2380" resolution="200">
<block><region><rect/></region>
<text>
<par>
<line>COMMÜ/yE de SAINT GERMAIN sur ILLE</line></par>
<par>
<line>(llle àVilaine)</line></par>
</text>
</block>
<block><region><rect/></region>
<text>
<par>
<line>ELABOIWIÛN OU PLAN LOCAL dURSANISME</line></par>
</text>
</block>
<block><region><rect/></region>
<text>
<par>
<line>Orientations d'Aménagement</line></par>
</text>
</block>
<block><region><rect/></region>
<text>
<par>
<line>¥si peur être annexé</line></par>
<par>
<line>àja délibération du</line></par>
</text>
</block>
<block><region><rect/></region>
<text>
<par>
<line>0 4 JÜIL. 2005</line></par>
</text>
</block>
<block><region><rect/></region>
<text>
<par/>
</text>
</block>
<block><region><rect/></region>
<text>
<par>
<line>U</line></par>
</text>
</block>
<block><region><rect/></region>
<text>
<par>
<line>/à7</line></par>
</text>
</block>
<block><region><rect/></region>
<text>
<par/>
</text>
</block>
<block><region><rect/></region>
<text>
<par>
<line>^ !</line></par>
</text>
</block>
<block><region><rect/></region>
<text>
<par>
<line>Yves-Miche! FRESNEAU, architecte DPLG urbaniste iEP</line>
<line>25bis, rue des Trente 35 000 RENNES</line></par>
</text>
</block>
<block><region><rect/></region>
<text>
<par/>
</text>
</block>
<block><region><rect/></region>
<text>
<par/>
</text>
</block>
<block><region><rect/></region>
<text>
<par/>
</text>
</block>
<block><region><rect/></region>
<text>
<par/>
</text>
</block>
<block><region><rect/></region>
<text>
<par/>
</text>
</block>
<block><region><rect/></region>
<text>
<par/>
</text>
</block>
<block><region><rect/></region>
<text>
<par>
<line>AvrÜEOOS</line></par>
</text>
</block>
<block><region><rect/></region>
<text>
<par>
<line>LA RUE DE SAINT MEOARD</line></par>
<par>
<line>La route de Saint Médard est actuellement une petite route de campagne, qui n’est pas appelée à connaître de fortes évolu¬</line>
<line>tions en matière de trafic. Son emplacement dans la future partie agglomérée de Saint Germain sur llle lui confère à long terme</line>
<line>une vocation de rue, plutôt que de route. A cet effet, il est souhaité que le bâti qui la borde lui confère petit à petit des am¬</line>
<line>biances de RUE de BOURG. Cela se traduit par le souhait que:</line></par>
<par>
<line>- les constructions la bordant en rive ouest soient desservies directement par la rue,</line></par>
<par>
<line>- les faîtages des constructions soient parallèles à la rue.</line></par>
<par>
<line>La future rue de Saint Médard aura ainsi le gabarit suivant:</line></par>
</text>
</block>
<block><region><rect/></region>
<text>
<par>
<line>j'-i.</line></par>
</text>
</block>
<block><region><rect/></region>
<text>
<par/>
</text>
</block>
<block><region><rect/></region>
<text>
<par/>
</text>
</block>
<block><region><rect/></region>
<text>
<par>
<line>:■ l</line></par>
</text>
</block>
<block><region><rect/></region>
<text>
<par/>
</text>
</block>
<block><region><rect/></region>
<text>
<par>
<line>En rive est, le dénivelé du terrain (présence d’un talus) rend difficile l’application de ces principes, particulièrement l'accès</line>
<line>direct par la rue. C’est pourquoi, afin de retenir les terres en rive de rue, les parcelles seront bordées par des murets de sou¬</line>
<line>tènement en pierre du pays, d’une hauteur ne dépassant pas 1.20m.</line></par>
</text>
</block>











</page>
</OAP>