<?xml version="1.0" encoding="UTF-8"?><OAP>
<page width="2479" height="3508" resolution="300">
<block><region><rect/></region>
<text>
<par>
<line>Commune de Chaveignes</line></par>
<par>
<line>Elaboration du P.L.U. - Approbation - Orientations d'Aménagement</line></par>
</text>
</block>
<block><region><rect/></region>
<text>
<par>
<line>SOMMAIRE</line></par>
<par>
<line>PRÉAMBULE.2</line></par>
<par>
<line>ORIENTATION D'AMÉNAGEMENT N°L : L'URBANISATION DE LA ZONE "AU” DE Champvent .3</line></par>
<par>
<line>ORIENTATION D'AMÉNAGEMENT N‘2 : PRINCPES DE TRAITEMENT DE LA R.D.757 DANS SA TRAVERSÉE DE</line>
<line>L'AGGLOMÉRATION .7</line></par>
</text>
</block>
<block><region><rect/></region>
<text>
<par>
<line>Sommaire</line></par>
</text>
</block>





</page>
<page width="2479" height="3508" resolution="300">
<block><region><rect/></region>
<text>
<par>
<line>Commune de Chaveignes</line></par>
<par>
<line>Elaboration du P.L.U. - Approbation - Orientations d'Aménagement</line></par>
</text>
</block>
<block><region><rect/></region>
<text>
<par>
<line>PRÉAMBULE</line></par>
</text>
</block>
<block><region><rect/></region>
<text>
<par>
<line>Véritables réponses aux orientations générales du projet d'aménagement et de développement durable,</line>
<line>les présentes orientations d'aménagement s'inscrivent dans le cadre d'une stratégie clairement</line>
<line>exprimée et justifiée dans les 2ème et 3ème parties du Rapport de Présentation du P.L.U..</line></par>
<par>
<line>Ces actions, dont la mise en œuvre s'inscrit parfois à long terme, représentent un guide à</line>
<line>l'aménagement, tout à la fois précis dans ses intentions et objectifs, mais gardant les souplesses</line>
<line>nécessaires à un développement échelonné et par ailleurs évalué au fur et à mesure de sa mise en</line>
<line>œuvre.</line></par>
<par>
<line>Pour chacun des points présentés dans ce chapitre il convient de se référer aux documents graphiques</line>
<line>qui restent cependant des illustrations des intentions et non des documents techniques de réalisation.</line></par>
</text>
</block>
<block><region><rect/></region>
<text>
<par>
<line>La commune de CHAVEIGNES souhaite organiser le développement de plusieurs secteurs stratégiques</line>
<line>en indiquant des orientations d'aménagement :</line></par>
</text>
</block>
<block><region><rect/></region>
<text>
<par>
<line>1- Au sud-ouest de l'agglomération principale (Champvent/la Coupure du Parc) :</line></par>
<par>
<line>Secteur de Champvent, rive Nord de la rue du 19 Mars : zone 1AUb d'une superficie d'environ</line>
<line>1,82 hectares</line></par>
</text>
</block>
<block><region><rect/></region>
<text>
<par>
<line>2- Au cœur de l'agglomération :</line></par>
<par>
<line>I Le traitement paysager et urbain de la R.D.757 dans sa traversée de l'agglomération</line></par>
</text>
</block>
<block><region><rect/></region>
<text>
<par/>
</text>
</block>
<block><region><rect/></region>
<text>
<par>
<line>Préambule</line></par>
</text>
</block>
<block><region><rect/></region>
<text>
<par>
<line>2</line></par>
</text>
</block>





</page>
<page width="2479" height="3508" resolution="300">
<block><region><rect/></region>
<text>
<par>
<line>Commune de Chaveignes</line></par>
<par>
<line>Elaboration du P.L.U. - Approbation - Orientations d'Aménagement</line></par>
</text>
</block>
<block><region><rect/></region>
<text>
<par>
<line>ORIENTATION D'AMÉNAGEMENT N°1 : L'URBANISATION DU</line>
<line>SECTEUR DE CHAMPVENT - RUE DU 19 MARS (PARTIE NORD )</line></par>
<par>
<line>Les secteurs s'étendant au sud du village de Champvent constituent une articulation majeure en terme</line>
<line>urbain et de déplacements, formant un point de centralité potentiel. Il doit son caractère non-bâti à la</line>
<line>présence d'une exploitation agricole, dont l'activité a désormais cessé.</line></par>
<par>
<line>Si l'on peut aisément envisager, en partie nord, un développement de l'habitat d'une certaine densité (17</line>
<line>logements hectares), la partie sud paraît réservée à une urbanisation possible à très long terme dont le</line>
<line>contenu et le traitement relève indiscutablement d'une évaluation des évolutions urbaines prévues par le</line>
<line>P.A.D.D et d'une démarche intercommunale affirmée. C'est notamment l'un des lieux où l'on peut</line>
<line>envisagé à long terme des équipements publics ou collectifs nouveaux</line></par>
<par>
<line>Secteur de Champvent (Nord et sud)</line></par>
</text>
</block>
<block blockType="Table" blockName="" l="275" t="1340" r="2205" b="3253"><region><rect/></region>
<row>
<cell width="503" height="163">
<text>
<par>
<line>Surface</line></par>
</text></cell>
<cell width="459" height="163">
<text>
<par>
<line>1,82 ha</line></par>
<par>
<line>zone1AUb</line></par>
</text></cell>
<cell width="483" height="163">
<text>
<par>
<line>Estimation du</line>
<line>potentiel constructible ^</line></par>
</text></cell>
<cell width="485" height="163">
<text>
<par>
<line>27 logements</line></par>
<par>
<line>(maximum)</line></par>
<par>
<line>1AUb</line></par>
</text></cell></row>
<row>
<cell width="503" height="314">
<text>
<par>
<line>Situation</line></par>
</text></cell>
<cell colSpan="3" width="1427" height="314">
<text>
<par>
<line>Articulation urbaine majeure entre Champvent, le</line>
<line>Sablon et les Courtils , desservie par un axe de desserte</line>
<line>singulier de l’agglomération (la rue du 19 Mars, lien entre le</line>
<line>pôle commercial des Courtils, la route de Chinon et le collège</line>
<line>de Richelieu)</line></par>
</text></cell></row>
<row>
<cell width="503" height="315">
<text>
<par>
<line>Desserte par</line>
<line>l’assainissement</line></par>
</text></cell>
<cell width="459" height="315">
<text>
<par>
<line>Assainissement</line>
<line>présent en partie</line>
<line>ou à proximité</line></par>
</text></cell>
<cell width="483" height="315">
<text>
<par>
<line>Contrainte (s)</line>
<line>particulière (s)</line></par>
</text></cell>
<cell width="485" height="315">
<text>
<par>
<line>Renforcement de</line>
<line>réseaux à prévoir en</line>
<line>cas de densification</line>
<line>notable (bouclage</line>
<line>AEP notamment)</line></par>
</text></cell></row>
<row>
<cell width="503" height="1121">
<text>
<par>
<line>Type</line>
<line>d’urbanisation</line>
<line>attendue -</line>
<line>Principales</line>
<line>caractéristiques</line></par>
</text></cell>
<cell colSpan="3" width="1427" height="1121">
<text>
<par>
<line>* Secteur de renouvellement et d’épaississement urbain, sur une</line>
<line>articulation viaire à fort impact (et attractivité) dans un</line>
<line>positionnement de centralité secondaire au sein de</line>
<line>l’agglomération (Chaveignes/Richelieu) .</line></par>
<par>
<line>* Forte dominante de l’habitat au nord de la rue du 19 Mars, avec</line>
<line>quelques possibilités pour des activités tertiaires</line></par>
<par>
<line>* Typologie de l’habitat : dominante « maisons de ville » et individuels</line>
<line>sur petites parcelles (17 logements à l’hectare). L’émergence ici d’un</line>
<line>pôle de densité suppose également une diversité de l’offre de</line>
<line>logements qui y sera proposée, avec des locatifs et des logements</line>
<line>aidés.</line></par>
<par>
<line>* Fonctionnalité : habitat et quelques activités tertiaires (bureaux,</line>
<line>services)¬</line>
<line>* Formes urbaines privilégiant les constructions à l’alignement et</line></par>
<par>
<line>accolées les unes aux autres sur au moins une limite séparative de</line>
<line>manière à former des façades homogènes le long des voiries</line>
<line>principales.</line></par>
</text></cell></row>
</block>
<block><region><rect/></region>
<text>
<par/>
</text>
</block>
<block><region><rect/></region>
<text>
<par>
<line>Orientation d'aménagement</line></par>
</text>
</block>
<block><region><rect/></region>
<text>
<par>
<line>3</line></par>
</text>
</block>
















</page>
<page width="2479" height="3508" resolution="300">
<block><region><rect/></region>
<text>
<par>
<line>Commune de Chaveignes</line></par>
<par>
<line>Elaboration du P.L.U. - Approbation - Orientations d'Aménagement</line></par>
</text>
</block>
<block blockType="Table" blockName="" l="275" t="295" r="2205" b="3014"><region><rect/></region>
<row>
<cell bottomBorder="White" width="503" height="583">
<text>
<par>
<line>Type</line>
<line>d’urbanisation</line>
<line>attendu -</line>
<line>Principales</line>
<line>caractéristiques</line></par>
</text></cell>
<cell bottomBorder="White" width="1427" height="583">
<text>
<par>
<line>La délimitation des alignements le long des voiries principales devra</line>
<line>prendre en compte un traitement paysager linéaire et une gestion fine</line>
<line>des cheminements piétons et cyclables</line></par>
<par>
<line>Formes urbaines privilégiant les constructions à faible consommation</line>
<line>énergétique et d’eau ainsi que l’usage des énergies renouvelables.</line>
<line>Les implantations des constructions devront tenir compte de</line>
<line>l’ensoleillement (exposition), de la luminosité en même temps que de</line>
<line>l’organisation en façade urbaine le long des axes principaux.</line></par>
</text></cell></row>
<row>
<cell topBorder="White" width="503" height="136">
<text>
<par/>
</text></cell>
<cell topBorder="White" width="1427" height="136">
<text>
<par>
<line>Une harmonisation des formes, volumétries et colorimétrie avec le</line>
<line>village ancien de Champvent est à privilégier.</line></par>
</text></cell></row>
<row>
<cell bottomBorder="White" width="503" height="818">
<text>
<par>
<line>Dessertes</line></par>
</text></cell>
<cell bottomBorder="White" width="1427" height="818">
<text>
<par>
<line>• Desserte principale : traitement en avenue de la rue du 19 Mars</line>
<line>(Emplacement réservé n°1) ;</line></par>
<par>
<line>• Desserte secondaire importante à réaliser entre la rue du 19 Mars et</line>
<line>le chemin de Champvent de manière à faciliter et diversifier les</line>
<line>circulations dans le village (voirie d’intention et emplacement réservés</line>
<line>n°5). Un positionnement central est à privilégier de manière à</line>
<line>formaliser une intersection structurante avec la rue du 19 Mars</line>
<line>(gestion et sécurisation des flux dans la traversée d’agglomération).</line></par>
<par>
<line>Un positionnement plus à l’ouest de l’itinéraire piéton est également</line>
<line>opérant, notamment vis-à-vis des évolutions ultérieures possibles de</line>
<line>la partie sud du site de Champvent /le Sablon.</line></par>
<par>
<line>• Pour la desserte viaire tertiaire des systèmes de venelles peuvent être</line>
<line>envisagés.</line></par>
</text></cell></row>
<row>
<cell topBorder="White" bottomBorder="White" width="503" height="214">
<text>
<par/>
</text></cell>
<cell topBorder="White" bottomBorder="White" width="1427" height="214">
<text>
<par>
<line>• Les Itinéraires piétons et cyclables s’articuleront avec les voies de</line>
<line>desserte principales spécialement dans le cadre de l’aménagement</line>
<line>de des rives de l’avenue du 19 Mars.</line></par>
</text></cell></row>
<row>
<cell topBorder="White" bottomBorder="White" width="503" height="472">
<text>
<par>
<line>Traitement</line></par>
<par>
<line>paysager</line></par>
</text></cell>
<cell topBorder="White" bottomBorder="White" width="1427" height="472">
<text>
<par>
<line>• Traitement paysager d’ensemble. Il repose :</line></par>
<par>
<line>Sur la qualification de la rue du 19 Mars sous une forme d’avenue,</line>
<line>avec des plantations arborées d’alignements et un traitement des</line>
<line>itinéraires piétons/cycles afférents. La mise en valeur d’un itinéraire</line>
<line>piéton/cycle de Champvent à la Blanchisserie et à la Coupure du Parc</line>
<line>ou l’entrée nord de Richelieu , en arrière du Sablon est à préserver</line>
<line>dans une optique de long terme.</line></par>
</text></cell></row>
<row>
<cell topBorder="White" width="503" height="496">
<text>
<par>
<line>Réseaux et Eaux</line>
<line>pluviales</line></par>
</text></cell>
<cell topBorder="White" width="1427" height="496">
<text>
<par>
<line>La proximité des réseaux et le dimensionnement de la zone limitent</line>
<line>les interventions directes sur ce site. Toutefois des renforcements de</line>
<line>réseaux, déjà engagés à l’occasion de l’aménagement du site du</line>
<line>lotissement communal de Champvent, sont à poursuivre, ce qui</line>
<line>explique pour une part l’échelonnement possible de la</line>
<line>programmation de l’ouverture à l’urbanisation.</line></par>
</text></cell></row>
</block>
<block><region><rect/></region>
<text>
<par/>
</text>
</block>
<block><region><rect/></region>
<text>
<par>
<line>Orientation d'aménagement</line></par>
</text>
</block>
<block><region><rect/></region>
<text>
<par>
<line>4</line></par>
</text>
</block>










</page>
<page width="4628" height="6549" resolution="560">
<block><region><rect/></region>
<text>
<par>
<line>Commune de Chaveignes</line></par>
<par>
<line>Elaboration du P.L.U. - Approbation - Orientations d'Aménagement</line></par>
</text>
</block>
<block><region><rect/></region>
<text>
<par>
<line>□</line></par>
</text>
</block>
<block><region><rect/></region>
<text>
<par/>
</text>
</block>
<block><region><rect/></region>
<text>
<par>
<line>a</line></par>
</text>
</block>
<block><region><rect/></region>
<text>
<par/>
</text>
</block>
<block><region><rect/></region>
<text>
<par>
<line>I</line></par>
</text>
</block>
<block><region><rect/></region>
<text>
<par>
<line>pî</line></par>
</text>
</block>
<block><region><rect/></region>
<text>
<par>
<line>O</line></par>
</text>
</block>
<block><region><rect/></region>
<text>
<par/>
</text>
</block>
<block><region><rect/></region>
<text>
<par/>
</text>
</block>
<block><region><rect/></region>
<text>
<par/>
</text>
</block>
<block><region><rect/></region>
<text>
<par/>
</text>
</block>
<block><region><rect/></region>
<text>
<par/>
</text>
</block>
<block><region><rect/></region>
<text>
<par/>
</text>
</block>
<block><region><rect/></region>
<text>
<par>
<line>m</line></par>
</text>
</block>
<block><region><rect/></region>
<text>
<par/>
</text>
</block>
<block><region><rect/></region>
<text>
<par>
<line>s;</line></par>
</text>
</block>
<block><region><rect/></region>
<text>
<par/>
</text>
</block>
<block><region><rect/></region>
<text>
<par>
<line>'P situation sur photographie aérienne</line></par>
</text>
</block>
<block><region><rect/></region>
<text>
<par/>
</text>
</block>
<block><region><rect/></region>
<text>
<par/>
</text>
</block>
<block><region><rect/></region>
<text>
<par>
<line>^ Positionnement au P.A.D.D</line></par>
</text>
</block>
<block><region><rect/></region>
<text>
<par>
<line>Classement en zone naturelle de la partie</line>
<line>sud du site de Champvent - Site mixte</line>
<line>équipements/services logements possible</line>
<line>à très long terme qui représente une</line>
<line>hypothèse de réversibilité à envisager</line>
<line>dans le cadre du traitement des axes</line>
<line>routiers et cheminements doux</line></par>
</text>
</block>
<block><region><rect/></region>
<text>
<par/>
</text>
</block>
<block><region><rect/></region>
<text>
<par>
<line>Orientation d'aménagement</line></par>
</text>
</block>
<block><region><rect/></region>
<text>
<par>
<line>5</line></par>
</text>
</block>




























</page>
<page width="2554" height="3614" resolution="309">
<block><region><rect/></region>
<text>
<par>
<line>Commune de Chaveignes</line></par>
<par>
<line>Elaboration du P.L.U. - Approbation - Orientations d'Aménagement</line></par>
</text>
</block>
<block><region><rect/></region>
<text>
<par>
<line>502</line></par>
</text>
</block>
<block><region><rect/></region>
<text>
<par>
<line>iée verte</line></par>
</text>
</block>
<block><region><rect/></region>
<text>
<par>
<line>89</line></par>
</text>
</block>
<block><region><rect/></region>
<text>
<par>
<line>26 C</line></par>
</text>
</block>
<block><region><rect/></region>
<text>
<par>
<line>73</line></par>
</text>
</block>
<block><region><rect/></region>
<text>
<par>
<line>580</line></par>
</text>
</block>
<block><region><rect/></region>
<text>
<par>
<line>503</line></par>
</text>
</block>
<block><region><rect/></region>
<text>
<par>
<line>256</line></par>
</text>
</block>
<block><region><rect/></region>
<text>
<par>
<line>467</line></par>
</text>
</block>
<block><region><rect/></region>
<text>
<par>
<line>247</line></par>
</text>
</block>
<block><region><rect/></region>
<text>
<par>
<line>O</line></par>
</text>
</block>
<block><region><rect/></region>
<text>
<par>
<line>246</line></par>
</text>
</block>
<block><region><rect/></region>
<text>
<par>
<line>505</line></par>
</text>
</block>
<block><region><rect/></region>
<text>
<par>
<line>248</line></par>
</text>
</block>
<block><region><rect/></region>
<text>
<par>
<line>519</line></par>
</text>
</block>
<block><region><rect/></region>
<text>
<par>
<line>562</line></par>
</text>
</block>
<block><region><rect/></region>
<text>
<par>
<line>T A</line></par>
</text>
</block>
<block><region><rect/></region>
<text>
<par>
<line>• r A</line></par>
</text>
</block>
<block><region><rect/></region>
<text>
<par/>
</text>
</block>
<block><region><rect/></region>
<text>
<par>
<line>24</line></par>
</text>
</block>
<block><region><rect/></region>
<text>
<par>
<line>I</line></par>
</text>
</block>
<block><region><rect/></region>
<text>
<par>
<line>278</line></par>
</text>
</block>
<block><region><rect/></region>
<text>
<par>
<line>üa:</line></par>
</text>
</block>
<block><region><rect/></region>
<text>
<par>
<line>• K</line></par>
</text>
</block>
<block><region><rect/></region>
<text>
<par>
<line>642</line></par>
</text>
</block>
<block><region><rect/></region>
<text>
<par>
<line>|B^37|</line></par>
</text>
</block>
<block><region><rect/></region>
<text>
<par>
<line>58</line></par>
</text>
</block>
<block><region><rect/></region>
<text>
<par>
<line>“I *</line></par>
</text>
</block>
<block><region><rect/></region>
<text>
<par>
<line>%</line></par>
</text>
</block>
<block><region><rect/></region>
<text>
<par/>
</text>
</block>
<block><region><rect/></region>
<text>
<par>
<line>239</line></par>
</text>
</block>
<block><region><rect/></region>
<text>
<par/>
</text>
</block>
<block><region><rect/></region>
<text>
<par>
<line>240</line></par>
</text>
</block>
<block><region><rect/></region>
<text>
<par>
<line>r</line></par>
</text>
</block>
<block><region><rect/></region>
<text>
<par>
<line>□</line></par>
</text>
</block>
<block><region><rect/></region>
<text>
<par/>
</text>
</block>
<block><region><rect/></region>
<text>
<par>
<line>ri</line></par>
</text>
</block>
<block><region><rect/></region>
<text>
<par/>
</text>
</block>
<block><region><rect/></region>
<text>
<par>
<line>233</line></par>
</text>
</block>
<block><region><rect/></region>
<text>
<par>
<line>498</line></par>
</text>
</block>
<block><region><rect/></region>
<text>
<par/>
</text>
</block>
<block><region><rect/></region>
<text>
<par/>
</text>
</block>
<block><region><rect/></region>
<text>
<par>
<line>526 2;</line></par>
</text>
</block>
<block><region><rect/></region>
<text>
<par/>
</text>
</block>
<block><region><rect/></region>
<text>
<par>
<line>r -</line></par>
</text>
</block>
<block><region><rect/></region>
<text>
<par/>
</text>
</block>
<block><region><rect/></region>
<text>
<par>
<line>I*</line></par>
</text>
</block>
<block><region><rect/></region>
<text>
<par>
<line>&gt;</line></par>
</text>
</block>
<block><region><rect/></region>
<text>
<par>
<line>238</line></par>
</text>
</block>
<block><region><rect/></region>
<text>
<par>
<line>i</line></par>
</text>
</block>
<block><region><rect/></region>
<text>
<par>
<line>?r</line></par>
</text>
</block>
<block><region><rect/></region>
<text>
<par>
<line>. «i</line></par>
</text>
</block>
<block><region><rect/></region>
<text>
<par>
<line>499</line></par>
</text>
</block>
<block><region><rect/></region>
<text>
<par>
<line>&lt;1</line></par>
</text>
</block>
<block><region><rect/></region>
<text>
<par/>
</text>
</block>
<block><region><rect/></region>
<text>
<par>
<line>618</line></par>
</text>
</block>
<block><region><rect/></region>
<text>
<par>
<line>E? r •</line></par>
</text>
</block>
<block><region><rect/></region>
<text>
<par/>
</text>
</block>
<block><region><rect/></region>
<text>
<par>
<line>528</line></par>
</text>
</block>
<block><region><rect/></region>
<text>
<par>
<line>9</line></par>
</text>
</block>
<block><region><rect/></region>
<text>
<par>
<line>236</line></par>
</text>
</block>
<block><region><rect/></region>
<text>
<par/>
</text>
</block>
<block><region><rect/></region>
<text>
<par>
<line>£</line></par>
</text>
</block>
<block><region><rect/></region>
<text>
<par>
<line>4</line></par>
</text>
</block>
<block><region><rect/></region>
<text>
<par/>
</text>
</block>
<block><region><rect/></region>
<text>
<par>
<line>546</line></par>
</text>
</block>
<block><region><rect/></region>
<text>
<par>
<line>54</line></par>
</text>
</block>
<block><region><rect/></region>
<text>
<par>
<line>^^^ \ ' \I</line></par>
<par>
<line>Classement en zone n.aturefi|e\de la ''pàFtie</line>
<line>sud du site - Site mixte '</line>
<line>équipements/services loaements-p^tsfbL</line>
<line>à très^^nn-terme-fhvpothèsë'a'ënVisaner</line>
<line>Te traitement des axes routiers et</line>
<line>cheminements doux</line></par>
</text>
</block>
<block><region><rect/></region>
<text>
<par>
<line>Ot</line></par>
</text>
</block>
<block><region><rect/></region>
<text>
<par/>
</text>
</block>
<block><region><rect/><rect/><rect/><rect/><rect/></region>
<text>
<par>
<line>typologie « maisons de</line>
<line>Ville » prenant en compte</line>
<line>'exposition et l'alignement</line>
<line>en façade sur voie</line></par>
<par>
<line>typologie urbaine</line>
<line>potentiellement moins dense</line></par>
</text>
</block>
<block><region><rect/></region>
<text>
<par>
<line>typologie</line></par>
<par>
<line>« logements denses » tenant</line>
<line>compte de l'exposition et de</line>
<line>la perception d'une façade</line>
<line>urbaine</line></par>
</text>
</block>
<block><region><rect/></region>
<text>
<par>
<line>Aménagement du</line>
<line>carrefour de la Croix</line>
<line>Moussée et des</line>
<line>intersection et flux</line>
<line>piétons traversants</line>
<line>le long de la rue du</line>
<line>19 Mars (ce ne sont</line>
<line>pas nécessairement</line>
<line>des ronds-points)</line></par>
</text>
</block>
<block><region><rect/></region>
<text>
<par>
<line>Ce document reste une illustration des intentions (évoquées ci-avant) et non un documents technique de</line>
<line>réalisation.</line></par>
<par>
<line>Légende :</line></par>
<par>
<line>En bleu gris : voirie maillage des voiries principales</line>
<line>En tireté vert : itinéraires piétons/cycles principaux</line>
<line>En rouge : espace à forte densité (20 à 22 logements à l'hectare)</line></par>
<par>
<line>En orange : espace de densité médiane (type maison de ville - 15 à 17</line>
<line>logements/hectare)</line></par>
<par>
<line>En jaune (résillé) : espace de densité plus faible (type pavillonnaire - 12 à</line>
<line>15 logements/ hectare)</line></par>
<par>
<line>En vert (aplat) : traitement paysager</line></par>
<par>
<line>en bleu (aplat) : site réservé à un possible équipement à très long terme</line>
<line>(bleu et rouge : équipements services et logements</line>
<line>denses</line></par>
</text>
</block>
<block><region><rect/></region>
<text>
<par>
<line>Orientation d'aménagement</line></par>
</text>
</block>
<block><region><rect/></region>
<text>
<par>
<line>6</line></par>
</text>
</block>
<block><region><rect/></region>
<text>
<par/>
</text>
</block>



























</page>
<page width="2479" height="3508" resolution="300">
<block><region><rect/></region>
<text>
<par>
<line>Commune de Chaveignes</line></par>
<par>
<line>Elaboration du P.L.U. - Approbation - Orientations d'Aménagement</line></par>
</text>
</block>
<block><region><rect/></region>
<text>
<par>
<line>ORIENTATION D'AMÉNAGEMENT N°2 : PRINCIPES DE</line>
<line>TRAITEMENT DE LA R.D.757 DANS SA TRAVERSEE DE</line>
<line>L'AGGLOMERATION</line></par>
<par>
<line>Secteur de la route de Thuet</line></par>
</text>
</block>
<block><region><rect/></region>
<text>
<par>
<line>Caractéristiques</line></par>
</text>
</block>
<block><region><rect/></region>
<text>
<par>
<line>1,99 km du</line></par>
<par>
<line>rond point de Chauvin à la</line>
<line>limite avec la commune</line>
<line>de Richelieu</line></par>
</text>
</block>
<block><region><rect/></region>
<text>
<par>
<line>Emprise de la</line>
<line>voie ^</line></par>
</text>
</block>
<block><region><rect/></region>
<text>
<par>
<line>13 mètres en</line>
<line>moyenne avec des</line>
<line>variations de 12 mètres en</line>
<line>secteur urbain à 14</line>
<line>mètres à Chauvin</line></par>
</text>
</block>
<block><region><rect/><rect/></region>
<text>
<par>
<line>Desserte majeure de l’agglomération (accès au centre ville de</line>
<line>Richelieu et desserte urbaine de Chaveignes, notamment du pôle commercial des</line>
<line>Courtils et du pôle touristique du Plessis)</line></par>
</text>
</block>
<block><region><rect/></region>
<text>
<par>
<line>Situation/</line></par>
<par>
<line>Contexte</line></par>
</text>
</block>
<block><region><rect/></region>
<text>
<par>
<line>4 segments majeurs :</line></par>
<par>
<line>1 la voie urbaine (680 ml environs, 12 m de large de Richelieu au</line>
<line>carrefour avec la rue de la Croix Moussée)</line></par>
<par>
<line>2 La voie périurbaine section I : 680 ml environs, du carrefour avec la rue</line>
<line>de la Croix Moussée à l’intersection avec la rue des Lisons</line></par>
<par>
<line>3 La coupure verte (310 ml environs entre le carrefour de la rue des</line>
<line>Lisons et l’entrée dans Chauvin )</line></par>
<par>
<line>4 La voie périurbaine section II : 320 ml environs, dans la traversée de</line>
<line>Chauvin jusqu’au rond point avec les R.D n° 357 et n°20</line></par>
</text>
</block>
<block><region><rect/></region>
<text>
<par>
<line>* Segment urbain (1)</line></par>
<par>
<line>• Typologie de traitement de l’espace viaire : Dominante minérale :</line>
<line>chaussée rétrécie à 6 mètres accueillant les circulations automobiles</line>
<line>et cyclables ,</line></par>
</text>
</block>
<block><region><rect/></region>
<text>
<par>
<line>Principes de</line>
<line>traitement paysager</line>
<line>et urbain</line></par>
</text>
</block>
<block><region><rect/></region>
<text>
<par>
<line>continuités des trottoirs sur les deux rives pouvant très</line>
<line>ponctuellement accueillir des places de « stationnement-minute »</line>
<line>pour les commerces</line></par>
<par>
<line>des bornes basses, petits massifs végétalisés ou végétations sur</line>
<line>treillages peuvent être envisagés pour matérialiser les continuités,</line>
<line>l’ensemble devant resté d’élévation faible en proportion avec la</line>
<line>hauteur des fronts bâtis riverains. De ce fait les rebords de trottoirs</line>
<line>devront restés bas. Un traitement en fil d’eau + bornes est possible.</line></par>
<par>
<line>des plateaux mixtes légèrement surélévés doivent être envisagés</line>
<line>entre le carrefour du Sablon et le pont du Mâble et au niveau du</line>
<line>carrefour avec la rue de la Croix Moussée et la rue de Thuet. Un</line>
<line>dispositif intermédiaire peut également être envisagé entre ces deux</line>
<line>points (calage des stationnement minute notamment ).</line></par>
<par>
<line>Formes urbaines : Les constructions à l’alignement et d’une limite</line>
<line>séparative à l’autre doivent être imposées sur cette section de la rue.</line>
<line>Pour les parcelles ayant une façade de plus de 12 mètres sur la rue</line>
<line>des dispositifs constructifs intégrant habitation en pignon, murs de</line>
<line>clôtures et bâtiments annexes peuvent être proposées selon les</line>
<line>dispositions prévues par le règlement du PLU.</line></par>
</text>
</block>
<block><region><rect/></region>
<text>
<par/>
</text>
</block>
<block><region><rect/></region>
<text>
<par>
<line>Orientation d'aménagement</line></par>
</text>
</block>
<block><region><rect/></region>
<text>
<par>
<line>7</line></par>
</text>
</block>











</page>
<page width="2479" height="3508" resolution="300">
<block><region><rect/></region>
<text>
<par>
<line>Commune de Chaveignes</line></par>
<par>
<line>Elaboration du P.L.U. - Approbation - Orientations d'Aménagement</line></par>
</text>
</block>
<block><region><rect/></region>
<text>
<par>
<line>• Segment périurbain (2 et 4)</line></par>
<par>
<line>• Typologie de traitement de l’espace viaire : Dominante végétale en</line>
<line>rives de voies, avec chaussée rétrécie à 6 mètres, accueillant les</line>
<line>circulations automobiles et cyclables - Rives enherbées et plantées</line>
<line>séparant les flux routiers, des flux piétons : Des plantations d’arbres</line>
<line>de moyen jet en alignement ne sont possibles que sur une seule rive</line>
<line>de la voie, a priori, la rive Est, aux Courtils comme à Chauvin ; un</line>
<line>traitement arboré non masquant peut être envisagé au droit de</line>
<line>l’entrée du pôle commercial des Courtils avec une légère déviation de</line>
<line>l’axe de la chaussée.</line></par>
<par>
<line>• Le carrefour de la rue des Lisons devra matérialiser l’entrée dans</line>
<line>l’agglomération - plateforme légèrement surélevée plutôt qu’ un îlot</line>
<line>directionnel. Des aménagements transitoires peuvent être envisagés</line>
<line>mais l’environnement du carrefour devra prendre en compte des</line>
<line>haies taillées en pourtour, éventuellement ponctuées par un arbre de</line>
<line>haut jet aux angles.</line></par>
<par>
<line>• Les espèces végétales et ligneuses calcicoles ou tolérant le calcaire</line>
<line>devront être privilégiées (charme, tilleuls, ^.)</line></par>
<par>
<line>Formes urbaines : Les constructions à l’alignement doivent être</line>
<line>privilégiées, de même que l’accolement des constructions sur au</line>
<line>moins une limite séparative.</line></par>
<par>
<line>• Segment de la coulée verte de la Veude (3)</line></par>
<par>
<line>Typologie de traitement de l’espace viaire et de son environnement :</line></par>
<par>
<line>Maintien du caractère le plus naturel possible. Un rideau d’arbres de</line>
<line>haut jet peut cependant être envisagé en rive ouest de la voie sous</line>
<line>réserve de maintenir des vues latérales</line></par>
</text>
</block>
<block><region><rect/></region>
<text>
<par/>
</text>
</block>
<block><region><rect/></region>
<text>
<par>
<line>Orientation d'aménagement</line></par>
</text>
</block>
<block><region><rect/></region>
<text>
<par>
<line>8</line></par>
</text>
</block>







</page>
</OAP>