<?xml version="1.0" encoding="UTF-8"?><OAP>
<page width="2481" height="3508" resolution="300">
<block><region><rect/></region>
<text>
<par>
<line>Commune de Ingrandes-de-Touraine (37)</line></par>
</text>
</block>
<block><region><rect/></region>
<text>
<par>
<line>Élaboration</line></par>
</text>
</block>
<block><region><rect/><rect/></region>
<text>
<par>
<line>I OAP</line></par>
<par>
<line>I</line>
<line>I</line></par>
</text>
</block>
<block><region><rect/></region>
<text>
<par>
<line>Orientations</line>
<line>D’Aménagement et de</line>
<line>Programmation</line></par>
</text>
</block>
<block><region><rect/></region>
<text>
<par/>
</text>
</block>
<block><region><rect/></region>
<text>
<par>
<line>■</line></par>
</text>
</block>
<block><region><rect/></region>
<text>
<par>
<line>l'innovation au de nos ^.•iicts</line></par>
<par>
<line>URBANISME / PAYSAGE / ARCHITECTURE</line></par>
</text>
</block>
<block><region><rect/></region>
<text>
<par>
<line>\tHEMA</line></par>
</text>
</block>
<block><region><rect/></region>
<text>
<par>
<line>Vu pour être annexé à la</line>
<line>délibération du Conseil Municipal en</line>
<line>date du 5 octobre 2016 approuvant</line></par>
</text>
</block>
<block><region><rect/></region>
<text>
<par>
<line>l'élaboration du PLU.</line></par>
</text>
</block>
<block><region><rect/><rect/></region>
<text>
<par>
<line>Le Mairel</line>
<line>Jean DUF</line></par>
</text>
</block>
<block><region><rect/></region>
<text>
<par>
<line>0^5</line></par>
</text>
</block>
<block><region><rect/></region>
<text>
<par/>
</text>
</block>
<block><region><rect/></region>
<text>
<par/>
</text>
</block>












<block blockType="Picture" blockName="" l="1584" t="2603" r="2240" b="3222"><region><rect/></region>
</block>
</page>
<page width="2481" height="3508" resolution="300">
<block><region><rect/></region>
<text>
<par>
<line>Le maître d’ouvrage</line></par>
</text>
</block>
<block><region><rect/></region>
<text>
<par>
<line>Commune d’Ingrandes-de-Touraine</line></par>
<par>
<line>12 Place de l'Eglise</line>
<line>37140 Ingrandes de Touraine</line></par>
</text>
</block>
<block><region><rect/></region>
<text>
<par>
<line>L’équipe</line></par>
</text>
</block>
<block><region><rect/></region>
<text>
<par>
<line>uk1&gt;a.&gt;&gt;</line></par>
</text>
</block>
<block><region><rect/></region>
<text>
<par>
<line>I innovation au de nos &lt;</line></par>
<par>
<line>URBANISME / PAYSAGE / ARCHITECTURE</line></par>
</text>
</block>
<block><region><rect/></region>
<text>
<par>
<line>URBAN’/sm</line></par>
<par>
<line>9 rue du Picard</line>
<line>37140 BOURGUEIL</line></par>
</text>
</block>
<block><region><rect/></region>
<text>
<par>
<line>THEMA Environnement</line></par>
</text>
</block>
<block><region><rect/></region>
<text>
<par>
<line>\THEMA</line></par>
</text>
</block>
<block><region><rect/></region>
<text>
<par>
<line>1 mail de la Papoterie</line>
<line>37170 CHAMBRAY LES TOURS</line></par>
</text>
</block>
<block><region><rect/></region>
<text>
<par>
<line>PLU d’Ingrandes-de-Touraine</line></par>
</text>
</block>
<block><region><rect/></region>
<text>
<par>
<line>OAP</line></par>
</text>
</block>


</page>
<page width="2481" height="3508" resolution="300">
<block><region><rect/></region>
<text>
<par>
<line>Préambule</line></par>
</text>
</block>
<block><region><rect/></region>
<text>
<par>
<line>Dans le respect des orientations définies par le projet d'aménagement et de développement durables, les orientations</line>
<line>d'aménagement et de programmation peuvent définir les actions et opérations nécessaires pour mettre en valeur</line>
<line>l'environnement, notamment les continuités écologiques, les paysages, les entrées de villes et le patrimoine, lutter contre</line>
<line>l'insalubrité, permettre le renouvellement urbain et assurer le développement de la commune. Elles peuvent favoriser la mixité</line>
<line>fonctionnelle en prévoyant qu'en cas de réalisation d'opérations d'aménagement, de construction ou de réhabilitation, un</line>
<line>pourcentage de ces opérations est destiné à la réalisation de commerces.</line></par>
<par>
<line>Elles peuvent comporter un échéancier prévisionnel de l'ouverture à l'urbanisation des zones à urbaniser et de la réalisation</line>
<line>des équipements correspondants.</line></par>
<par>
<line>Elles peuvent porter sur des quartiers ou des secteurs à mettre en valeur, réhabiliter, restructurer ou aménager.</line></par>
<par>
<line>Elles peuvent prendre la forme de schémas d'aménagement et préciser les principales caractéristiques des voies et espaces</line>
<line>publics.</line></par>
<par>
<line>Elles peuvent adapter la délimitation des périmètres, en fonction de la qualité de la desserte, où s'applique le plafonnement à</line>
<line>proximité des transports.</line></par>
</text>
</block>
<block><region><rect/></region>
<text>
<par>
<line>PLU d'Ingrandes-de-Touraine</line></par>
</text>
</block>
<block><region><rect/></region>
<text>
<par>
<line>OAP</line></par>
</text>
</block>
</page>
<page width="2481" height="3508" resolution="300">
<block><region><rect/></region>
<text>
<par>
<line>Orientations relatives à l’aménagement du secteur dit « La</line>
<line>Galechere »</line></par>
</text>
</block>
<block><region><rect/></region>
<text>
<par>
<line>Objectifs :</line></par>
<par>
<line>D’une superficie voisine de 0,5 ha, ie secteur dit « La Gaiéchère » constitue un des rares espaces non urbanisés hors AOC</line>
<line>viticoies au sein de ia terrasse aiiuviaie. Situé au nord du iotissement des Muiottes, cet espace se prête à ia réaiisation d’une</line>
<line>opération d’aménagement d’ensembie à vocation principaie d’habitat permettant de répondre à court ou moyen terme aux</line>
<line>besoins en iogements de ia commune, en veiiiant à optimiser ie foncier disponibie.</line></par>
</text>
</block>
<block><region><rect/></region>
<text>
<par>
<line>Programme :</line></par>
<par>
<line>D’une superficie voisine de 0,5 ha, ie secteur dit « La Gaiéchére » doit satisfaire ia réaiisation d’une dizaine de iogements</line>
<line>individueis (purs ou groupés).</line></par>
</text>
</block>
<block><region><rect/></region>
<text>
<par>
<line>Contraintes à prendre en compte :</line></par>
<par>
<line>Situé entre ie ruisseau de ia Marche, à i’ouest, et ia rue de ia Gaiottiére (RD 71), à i’est, ie secteur dit « La Gaiéchére » se</line>
<line>trouve en contrebas de ia route départementaie ; en outre, une entrée de cave ionge une partie de ia façade du secteur sur</line>
<line>cette dernière. La sécurité routière au iong de ia Gaiottiére au droit du site est jugée dangereuse en raison d’une visibiiité</line>
<line>réduite et de vitesses dépassant fréquemment ia iimite autorisée. Lors de fortes précipitations, ie niveau de ia Marche peut</line>
<line>monter rapidement, occasionnant des débordements à ces abords. Le ruisseau de ia Marche représente égaiement un corridor</line>
<line>écoiogique dont ii convient de préserver ia fonctionnaiité.</line></par>
<par>
<line>Le secteur dit « La Gaiéchère » fait face à une expioitation viticoie dont ies iocaux d’expioitation sont situés de i’autre côté de ia</line>
<line>rue de ia Gaiottiére. Les futurs habitants doivent donc savoir qu’iis pourront être exposés à d’éventueiies nuisances causées</line>
<line>par cette entreprise, notamment ie bruit à des heures tardives pendant ies vendanges.</line></par>
<par>
<line>En outre, une buse d’évacuation des eaux piuviaies de ia route départementaie et des chais de i’expioitation viticoie voisine</line>
<line>traverse ie secteur, 2 mètres environ sous ia parceiie 1743.</line></par>
</text>
</block>
<block><region><rect/></region>
<text>
<par>
<line>Parti d’aménagement :</line></par>
<par>
<line>L’urbanisation du site de ia Gaiéchère fera i’objet d’une opération d’aménagement d’ensembie. La desserte automobiie du site</line>
<line>s’effectuera préférentieiiement depuis ie proiongement de ia rue des Muiottes, passant entre ies maisons existantes et i’entrée</line>
<line>de cave bordant ia rue de ia Gaiottiére. Le débouché de cette voie de desserte interne à i’opération sur ia rue de ia Gaiottiére</line>
<line>n’est pas envisageabie aujourd’hui pour des questions de sécurité routière, ii ne pourrait être envisagé que si ia sécurité</line>
<line>routière s’est améiiorée entre-temps, et s’ii est démontré que c’est possibie dans des conditions satisfaisantes de sécurité.</line></par>
<par>
<line>Les abords de ia Marche conserveront un caractère naturei de manière à préserver ia fonctionnaiité écoiogique du corridor et</line>
<line>épargner ies habitations du risque de débordement du ruisseau ; afin de se prémunir d’un risque d’inondation aussi bref que</line>
<line>soudain, notamment en cas de rupture de ia digue de i’étang ; ii sera donc demandé de suréiever ies habitations d’une hauteur</line>
<line>de 1 mètre par rapport au terrain naturei aux abords de ia Marche.</line></par>
<par>
<line>Une iiaison douce sera réaiisée au sein de i’opération de manière à permettre aux habitants futurs de rejoindre ia iiaison douce</line>
<line>qui reste à aménager au iong de ia Marche, afin d’offrir un accès sécurisé au centre-bourg.</line></par>
</text>
</block>
<block><region><rect/></region>
<text>
<par>
<line>PLU d’Ingrandes-de-Touraine</line></par>
</text>
</block>
<block><region><rect/></region>
<text>
<par>
<line>GAP</line></par>
</text>
</block>
</page>
<page width="2481" height="3508" resolution="300">
<block><region><rect/></region>
<text>
<par>
<line>L’orientation essentieiiement est-ouest de</line>
<line>ia voie de desserte interne de i’opération</line>
<line>se prête à un découpage parceiiaire en</line>
<line>bande, i’impiantation des constructions sur</line>
<line>ies parceiies devant répondre à deux</line>
<line>impératifs : recherche d’une orientation ia</line>
<line>pius propice aux économies d’énergie et</line>
<line>recherche d’impiantations ménageant des</line>
<line>espaces d’intimité :</line></par>
</text>
</block>
<block blockType="Table" blockName="" l="545" t="966" r="1507" b="1285"><region><rect/></region>
<row>
<cell leftBorder="White" topBorder="White" rightBorder="White" bottomBorder="White" width="148" height="87">
<text>
<par/>
</text></cell>
<cell leftBorder="White" topBorder="White" rightBorder="White" bottomBorder="White" width="155" height="87">
<text>
<par/>
</text></cell>
<cell leftBorder="White" topBorder="White" rightBorder="White" bottomBorder="White" width="146" height="87">
<text>
<par/>
</text></cell>
<cell leftBorder="White" topBorder="White" rightBorder="White" bottomBorder="White" width="246" height="87">
<text>
<par>
<line>jardin à l'arrière</line></par>
</text></cell>
<cell leftBorder="White" topBorder="White" rightBorder="White" bottomBorder="White" width="267" height="87">
<text>
<par>
<line>zone d'intimité Â</line></par>
</text></cell></row>
<row>
<cell leftBorder="White" topBorder="White" rightBorder="White" bottomBorder="White" width="148" height="38">
<text>
<par/>
</text></cell>
<cell leftBorder="White" topBorder="White" rightBorder="White" bottomBorder="White" width="155" height="38">
<text>
<par/>
</text></cell>
<cell leftBorder="White" topBorder="White" rightBorder="White" bottomBorder="White" width="146" height="38">
<text>
<par/>
</text></cell>
<cell leftBorder="White" topBorder="White" rightBorder="White" bottomBorder="White" width="246" height="38">
<text>
<par>
<line>d'un seul tenant</line></par>
</text></cell>
<cell leftBorder="White" topBorder="White" rightBorder="White" bottomBorder="White" width="267" height="38">
<text>
<par>
<line>protégée du vent '</line></par>
</text></cell></row>
<row>
<cell leftBorder="White" topBorder="White" rightBorder="White" bottomBorder="White" width="148" height="44">
<text>
<par/>
</text></cell>
<cell leftBorder="White" topBorder="White" rightBorder="White" bottomBorder="White" width="155" height="44">
<text>
<par/>
</text></cell>
<cell leftBorder="White" topBorder="White" rightBorder="White" bottomBorder="White" width="146" height="44">
<text>
<par/>
</text></cell>
<cell leftBorder="White" topBorder="White" rightBorder="White" bottomBorder="White" width="246" height="44">
<text>
<par>
<line>offrant des</line></par>
</text></cell>
<cell leftBorder="White" topBorder="White" rightBorder="White" bottomBorder="White" width="267" height="44">
<text>
<par/>
</text></cell></row>
<row>
<cell leftBorder="White" topBorder="White" rightBorder="White" bottomBorder="White" width="148" height="66">
<text>
<par/>
</text></cell>
<cell leftBorder="White" topBorder="White" rightBorder="White" bottomBorder="White" width="155" height="66">
<text>
<par/>
</text></cell>
<cell leftBorder="White" topBorder="White" rightBorder="White" bottomBorder="White" width="146" height="66">
<text>
<par/>
</text></cell>
<cell leftBorder="White" topBorder="White" rightBorder="White" bottomBorder="White" width="246" height="66">
<text>
<par>
<line>possibilités</line>
<line>d'extension de la</line></par>
</text></cell>
<cell leftBorder="White" topBorder="White" rightBorder="White" bottomBorder="White" width="267" height="66">
<text>
<par/>
</text></cell></row>
<row>
<cell leftBorder="White" topBorder="White" rightBorder="White" bottomBorder="White" width="148" height="84">
<text>
<par>
<line>Sources :</line></par>
</text></cell>
<cell leftBorder="White" topBorder="White" rightBorder="White" bottomBorder="White" width="155" height="84">
<text>
<par>
<line>CAUE</line></par>
</text></cell>
<cell leftBorder="White" topBorder="White" rightBorder="White" bottomBorder="White" width="146" height="84">
<text>
<par>
<line>du</line></par>
</text></cell>
<cell leftBorder="White" topBorder="White" rightBorder="White" bottomBorder="White" width="246" height="84">
<text>
<par>
<line>construction</line></par>
</text></cell>
<cell leftBorder="White" topBorder="White" rightBorder="White" bottomBorder="White" width="267" height="84">
<text>
<par/>
</text></cell></row>
</block>
<block><region><rect/></region>
<text>
<par>
<line>Implantation en milieu</line>
<line>de parcelle</line></par>
</text>
</block>
<block><region><rect/></region>
<text>
<par>
<line>Implantation en limite separative</line></par>
</text>
</block>
<block><region><rect/></region>
<text>
<par/>
</text>
</block>
<block><region><rect/></region>
<text>
<par/>
</text>
</block>
<block><region><rect/></region>
<text>
<par/>
</text>
</block>
<block><region><rect/></region>
<text>
<par>
<line>J</line></par>
</text>
</block>
<block><region><rect/></region>
<text>
<par/>
</text>
</block>
<block><region><rect/></region>
<text>
<par/>
</text>
</block>
<block><region><rect/></region>
<text>
<par/>
</text>
</block>
<block><region><rect/></region>
<text>
<par>
<line>jardin sans intimité, perte</line>
<line>d'espace devant la maison</line>
<line>s'ouvrant sur la rue, espace</line>
<line>résiduel sur les côtés, impropres</line>
<line>au jardinage, jardin à l'arrière de</line>
<line>la maison sans profondeur pour</line>
<line>les plantations, les jeux pour</line>
<line>enfants...</line></par>
</text>
</block>
<block><region><rect/></region>
<text>
<par>
<line>5</line></par>
</text>
</block>
<block><region><rect/></region>
<text>
<par>
<line>PLU d’Ingrandes-de-Touraine</line></par>
</text>
</block>
<block><region><rect/></region>
<text>
<par>
<line>OAP</line></par>
</text>
</block>


<block blockType="Picture" blockName="" l="1299" t="426" r="1442" b="608"><region><rect/></region>
</block>
<block blockType="Picture" blockName="" l="1574" t="397" r="2062" b="458"><region><rect/></region>
</block>
<block blockType="Picture" blockName="" l="1904" t="639" r="2351" b="748"><region><rect/></region>
</block>
</page>
<page width="2481" height="3508" resolution="300">
<block><region><rect/></region>
<text>
<par>
<line>Morbihan</line></par>
</text>
</block>
<block><region><rect/><rect/></region>
<text>
<par>
<line>Orientation d'aménagement et de Programmation</line></par>
<par>
<line>"LAGALECHERE"</line></par>
</text>
</block>
<block><region><rect/></region>
<text>
<par>
<line>PLU INGRANDES-DE-TOURAINE</line></par>
</text>
</block>
<block><region><rect/></region>
<text>
<par/>
</text>
</block>
<block><region><rect/></region>
<text>
<par>
<line>e&lt;</line></par>
</text>
</block>
<block><region><rect/></region>
<text>
<par>
<line>10 20 m</line></par>
</text>
</block>
<block><region><rect/></region>
<text>
<par>
<line>Février 2016</line></par>
</text>
</block>
<block><region><rect/></region>
<text>
<par>
<line>15^</line></par>
</text>
</block>
<block><region><rect/></region>
<text>
<par>
<line>I_I</line></par>
</text>
</block>
<block><region><rect/></region>
<text>
<par>
<line>Périmètre de IOAP</line>
<line>Liaison douce à aménager</line></par>
</text>
</block>
<block><region><rect/></region>
<text>
<par>
<line>Accès automobile depuis la</line>
<line>rue des Mulottes à créer</line></par>
</text>
</block>
<block><region><rect/></region>
<text>
<par>
<line>Secteur sous-cavé</line></par>
</text>
</block>
<block><region><rect/></region>
<text>
<par>
<line>□</line></par>
</text>
</block>
<block><region><rect/></region>
<text>
<par/>
</text>
</block>
<block><region><rect/></region>
<text>
<par/>
</text>
</block>
<block><region><rect/></region>
<text>
<par/>
</text>
</block>
<block><region><rect/></region>
<text>
<par/>
</text>
</block>
<block><region><rect/></region>
<text>
<par/>
</text>
</block>
<block><region><rect/></region>
<text>
<par>
<line>A</line></par>
</text>
</block>
<block><region><rect/></region>
<text>
<par/>
</text>
</block>
<block><region><rect/></region>
<text>
<par>
<line>vwTomerwigw</line></par>
</text>
</block>
<block><region><rect/></region>
<text>
<par>
<line>•i</line></par>
</text>
</block>
<block><region><rect/></region>
<text>
<par>
<line>'h.</line></par>
</text>
</block>
<block><region><rect/></region>
<text>
<par/>
</text>
</block>
<block><region><rect/></region>
<text>
<par>
<line>PLU d’Ingrandes-de-Touraine</line></par>
</text>
</block>
<block><region><rect/></region>
<text>
<par>
<line>OAP</line></par>
</text>
</block>































































<block blockType="Picture" blockName="" l="1704" t="1240" r="2199" b="1536"><region><rect/></region>
</block>
<block blockType="Picture" blockName="" l="1877" t="1059" r="2206" b="1500"><region><rect/></region>
</block>
<block blockType="Picture" blockName="" l="1521" t="497" r="1637" b="559"><region><rect/></region>
</block>
<block blockType="Barcode" blockName="" l="1408" t="2692" r="2034" b="2900"><region><rect/></region>
<text>
<par><line>7</line></par>
</text>
<barcodeInfo type="IATA25"/>
</block>
</page>
<page width="2481" height="3508" resolution="300">
<block><region><rect/></region>
<text>
<par>
<line>Orientations relatives à l’aménagement du parking en centre</line></par>
<par>
<line>BOURG</line></par>
</text>
</block>
<block><region><rect/><rect/></region>
<text>
<par>
<line>Objectifs :</line></par>
<par>
<line>Le bourg n’accueille que peu de places de stationnement pour les automobilistes. Ces places (au nombre de 30) se</line>
<line>concentrent autour de l’église, à proximité des équipements, commerces et services de la commune (école, salle des fêtes,</line>
<line>mairie). Certaines sont également occupées en permanence par les locataires des logements HLM voisins ne disposant pas</line>
<line>de places de stationnement privées.</line></par>
<par>
<line>Il est donc ressenti un besoin de places de stationnement supplémentaires, particuliérement aux horaires d’entrée et de sortie</line>
<line>des classes, mais également lors d’animations à la salle des fêtes.</line></par>
<par>
<line>Outre l’augmentation du nombre de places de stationnement, la volonté communale est aussi de rendre mieux perceptible la</line>
<line>proximité du centre-bourg depuis la rue de Touraine (RD 35). C’est pourquoi un emplacement réservé a été défini au droit du</line>
<line>chemin traversant les vignes entre la rue de Touraine et la place de l’église par la salle des fêtes et la mairie.</line></par>
<par>
<line>Parti d’aménagement :</line></par>
<par>
<line>L’aménagement du parking doit impérativement</line>
<line>préserver le caractère bucolique de la vue sur</line>
<line>l’église au travers des vignes depuis la RD 35.</line>
<line>Cette image doit être valorisée pour inciter aussi</line>
<line>le touriste en transit à faire une halte à Ingrandes.</line>
<line>L’aménagement devra donc conservé un</line>
<line>caractère aussi naturel que possible : parking en</line>
<line>épi végétalisé sous la forme de stationnements</line>
<line>enherbés.</line></par>
</text>
</block>
<block><region><rect/></region>
<text>
<par/>
</text>
</block>
<block><region><rect/></region>
<text>
<par/>
</text>
</block>
<block><region><rect/></region>
<text>
<par>
<line>*&lt;sfe</line></par>
</text>
</block>
<block><region><rect/><rect/></region>
<text>
<par/>
</text>
</block>
<block><region><rect/></region>
<text>
<par/>
</text>
</block>
<block><region><rect/></region>
<text>
<par>
<line>..</line></par>
</text>
</block>
<block><region><rect/></region>
<text>
<par/>
</text>
</block>
<block><region><rect/></region>
<text>
<par/>
</text>
</block>
<block><region><rect/></region>
<text>
<par/>
</text>
</block>
<block><region><rect/><rect/><rect/></region>
<text>
<par/>
</text>
</block>
<block><region><rect/></region>
<text>
<par/>
</text>
</block>
<block><region><rect/></region>
<text>
<par/>
</text>
</block>
<block><region><rect/></region>
<text>
<par>
<line>PLU d’Ingrandes-de-Touraine</line></par>
</text>
</block>
<block><region><rect/></region>
<text>
<par>
<line>OAP</line></par>
</text>
</block>





</page>
</OAP>