<?xml version="1.0" encoding="UTF-8"?><OAP>
<page width="3508" height="2480" resolution="300">
<block><region><rect/></region>
<text>
<par>
<line>rA</line></par>
</text>
</block>
<block><region><rect/></region>
<text>
<par>
<line>Tf</line></par>
</text>
</block>
<block><region><rect/></region>
<text>
<par/>
</text>
</block>
<block><region><rect/></region>
<text>
<par>
<line>37240 Mahthelan</line></par>
</text>
</block>
<block><region><rect/><rect/></region>
<text>
<par>
<line>- 02 47 59 9^ 35</line></par>
</text>
</block>
<block><region><rect/></region>
<text>
<par>
<line>Département d'Indre-et-Loire</line></par>
</text>
</block>
<block><region><rect/></region>
<text>
<par>
<line>Commune de</line>
<line>Preuilly-sur-Claise</line></par>
<par>
<line>Plan Local d'Urbanisme</line></par>
</text>
</block>
<block><region><rect/></region>
<text>
<par>
<line>Orientations d'Amenagement</line>
<line>ET DE Programmation</line></par>
</text>
</block>
<block><region><rect/></region>
<text>
<par>
<line>PLU approuvé par délibération le 18 juillet 2013</line></par>
</text>
</block>












<block blockType="Picture" blockName="" l="686" t="1154" r="776" b="1356"><region><rect/></region>
</block>
</page>
<page width="3508" height="2480" resolution="300">
</page>
<page width="3508" height="2480" resolution="300">
<block><region><rect/></region>
<text>
<par>
<line>SOMMAIRE</line></par>
</text>
</block>
<block><region><rect/></region>
<text>
<par>
<line>AGENCE URBA 37 - Commune de PREUILLY-SUR-CLAISE</line></par>
</text>
</block>
<block><region><rect/></region>
<text>
<par>
<line>1</line></par>
</text>
</block>
<block><region><rect/></region>
<text>
<par>
<line>PREAMBULE .</line></par>
<par>
<line>1. Le secteur des Tilleuls.</line></par>
<par>
<line>2. Le secteur de Saint-Nicolas</line></par>
<par>
<line>3. Le secteur de Saint-Marc....</line></par>
<par>
<line>4. Le secteur du Pontereau.</line></par>
</text>
</block>
<block><region><rect/></region>
<text>
<par>
<line>..4</line></par>
<par>
<line>..6</line></par>
<par>
<line>..8</line></par>
<par>
<line>10</line></par>
<par>
<line>12</line></par>
</text>
</block>
<block><region><rect/></region>
<text>
<par>
<line>Plan Local d’Urbanisme - OAP</line></par>
</text>
</block>






</page>
<page width="3508" height="2480" resolution="300">
<block><region><rect/></region>
<text>
<par>
<line>AGENCE URBA 37 - Commune de PREUILLY-SUR-CLAISE</line></par>
</text>
</block>
<block><region><rect/></region>
<text>
<par>
<line>2</line></par>
</text>
</block>
<block><region><rect/></region>
<text>
<par>
<line>Plan Local d’UrbanIsme - OAP</line></par>
</text>
</block>

</page>
<page width="3508" height="2480" resolution="300">
<block><region><rect/></region>
<text>
<par>
<line>AGENCE URBA 37 - Commune de PREUILLY-SUR-CLAISE</line></par>
</text>
</block>
<block><region><rect/></region>
<text>
<par>
<line>3</line></par>
</text>
</block>
<block><region><rect/></region>
<text>
<par>
<line>Plan Local d’UrbanIsme - OAP</line></par>
</text>
</block>

</page>
<page width="3508" height="2480" resolution="300">
<block><region><rect/></region>
<text>
<par>
<line>PREAMBULE</line></par>
</text>
</block>
<block><region><rect/></region>
<text>
<par>
<line>La loi Grenelle II a remplacé les Orientations d’Aménagement par des Orientations</line>
<line>d’Aménagement et de Programmation (OAP) qui constituent désormais une pièce</line>
<line>obligatoire du PLU.</line></par>
<par>
<line>Elles ont vocation à s’appliquer à l’ensemble du territoire communal, même si elles</line>
<line>peuvent toujours se concentrer sur des secteurs à mettre en valeur, à restructurer ou à</line>
<line>aménager.</line></par>
<par>
<line>Les OAP peuvent comprendre des documents graphiques.</line></par>
<par>
<line>Le nouvel article L.123-1-4 du Code de l’Urbanisme fixe le contenu des Orientations</line>
<line>d’Aménagement et de Programmation.</line></par>
<par>
<line>L'article L.123-1-4 du Code de l'Urbanisme relatif aux Orientations</line>
<line>d'Amenagement et de Programmation (OAP)</line></par>
<par>
<line>« Dans le respect des orientations définies par le Projet d’Aménagement et de</line>
<line>Développement Durables, les Orientations d’Aménagement et de Programmation</line>
<line>comprennent des dispositions portant sur l’aménagement, l’habitat, les transports et les</line>
<line>déplacements.</line></par>
<par>
<line>En ce qui concerne l’aménagement, les orientations peuvent définir les actions et</line>
<line>opérations nécessaires pour mettre en valeur l’environnement, les paysages, les entrées</line>
<line>de villes et le patrimoine, lutter contre l’insalubrité, permettre le renouvellement urbain et</line>
<line>assurer le développement de la commune.</line></par>
<par>
<line>Elles peuvent comporter un échéancier prévisionnel de l’ouverture à l’urbanisation des</line>
<line>zones à urbaniser et de la réalisation des équipements correspondants.</line></par>
<par>
<line>Elles peuvent porter sur des quartiers ou des secteurs à mettre en valeur, réhabiliter,</line>
<line>restructurer ou aménager.</line></par>
<par>
<line>Elles peuvent prendre la forme de schémas d’aménagement et préciser les principales</line>
<line>caractéristiques des voies et espaces publics... »</line></par>
</text>
</block>
<block><region><rect/></region>
<text>
<par>
<line>AGENCE URBA 37 - Commune de PREUILLY-SUR-CLAISE</line></par>
</text>
</block>
<block><region><rect/></region>
<text>
<par>
<line>La commune de Preuilly-sur-Claise a choisi quatre secteurs d’habitat à développer qui</line>
<line>font l’objet d’orientations d’aménagement :</line></par>
<par>
<line>Les Tilleuls</line>
<line>Saint-Nicolas</line>
<line>Saint-Marc</line>
<line>Le Pontereau</line></par>
</text>
</block>
<block><region><rect/></region>
<text>
<par>
<line>Plan Local d’Urbanisme - OAP</line></par>
</text>
</block>

</page>
<page width="3508" height="2480" resolution="300">
<block><region><rect/></region>
<text>
<par/>
</text>
</block>
<block><region><rect/></region>
<text>
<par>
<line>Les Tilleuls</line></par>
</text>
</block>
<block><region><rect/></region>
<text>
<par>
<line>Saint-Nico as</line></par>
</text>
</block>
<block><region><rect/></region>
<text>
<par/>
</text>
</block>
<block><region><rect/></region>
<text>
<par/>
</text>
</block>
<block><region><rect/></region>
<text>
<par/>
</text>
</block>
<block><region><rect/></region>
<text>
<par>
<line>Saint-Marc</line></par>
</text>
</block>
<block><region><rect/></region>
<text>
<par>
<line>&lt;</line></par>
</text>
</block>
<block><region><rect/></region>
<text>
<par>
<line>Le Pontereau</line></par>
</text>
</block>
<block><region><rect/></region>
<text>
<par/>
</text>
</block>
<block><region><rect/></region>
<text>
<par>
<line>\</line></par>
</text>
</block>
<block><region><rect/></region>
<text>
<par>
<line>AGENCE URBA 37 - Commune de PREUILLY-SUR-CLAISE</line></par>
</text>
</block>
<block><region><rect/></region>
<text>
<par>
<line>5</line></par>
</text>
</block>
<block><region><rect/></region>
<text>
<par>
<line>Plan Local d’Urbanisme - OAP</line></par>
</text>
</block>




























<block blockType="Picture" blockName="" l="1696" t="735" r="1808" b="790"><region><rect/></region>
</block>
<block blockType="Picture" blockName="" l="1674" t="409" r="1772" b="484"><region><rect/></region>
</block>
<block blockType="Picture" blockName="" l="1498" t="807" r="1566" b="906"><region><rect/></region>
</block>
<block blockType="Picture" blockName="" l="1898" t="1287" r="1944" b="1397"><region><rect/></region>
</block>
</page>
<page width="3508" height="2480" resolution="300">
<block><region><rect/></region>
<text>
<par>
<line>1. Le secteur des Tilleuls</line></par>
</text>
</block>
<block><region><rect/></region>
<text>
<par>
<line>Ce secteur se situe à l’ouest de la ville de Preuilly, entre le site d’activité de l’entreprise</line>
<line>Dennery au nord, et la vallée de la Glaise au sud, le long de la route de Chaumussay.</line></par>
<par>
<line>Il constitue un espace libre entre une ancienne ferme en cours de restauration et des</line>
<line>constructions pavillonnaires plus récentes le long de la route de Chaumussay et de la rue</line>
<line>des Tilleuls. Il représente une surface totale de 7 100 m^.</line></par>
</text>
</block>
<block><region><rect/></region>
<text>
<par>
<line>A</line></par>
</text>
</block>
<block><region><rect/></region>
<text>
<par/>
</text>
</block>
<block><region><rect/></region>
<text>
<par>
<line>. ^</line></par>
</text>
</block>
<block><region><rect/></region>
<text>
<par/>
</text>
</block>
<block><region><rect/></region>
<text>
<par>
<line>I</line></par>
</text>
</block>
<block><region><rect/></region>
<text>
<par>
<line>\</line></par>
</text>
</block>
<block><region><rect/></region>
<text>
<par/>
</text>
</block>
<block><region><rect/></region>
<text>
<par>
<line>ic:</line></par>
</text>
</block>
<block><region><rect/></region>
<text>
<par>
<line>AGENCE URBA 37 - Commune de PREUILLY-SUR-CLAISE</line></par>
</text>
</block>
<block><region><rect/></region>
<text>
<par>
<line>6</line></par>
</text>
</block>
<block><region><rect/></region>
<text>
<par>
<line>Une première partie de la zone est directement accessible depuis la route de</line>
<line>Chaumussay. De nouvelles constructions pourraient être implantées dans la continuité</line>
<line>des pavillons existants.</line></par>
<par>
<line>Une seconde partie deviendra accessible par l’aménagement d’une voie qui desservira</line>
<line>d’autres terrains en contrebas de la route de Chaumussay, tournés vers la Glaise. La</line>
<line>mise en place de cet accès est assurée par la création d’un Emplacement Réservé.</line></par>
<par>
<line>Des principes d’alignement différents sont présentés pour chaque partie. Un recul</line>
<line>d’alignement est toléré dans la partie haute du secteur de façon à ne pas dénoter avec</line>
<line>les constructions voisines existantes, alors qu’un alignement plus proche de la voie est</line>
<line>attendu dans la partie basse, de façon à optimiser les surfaces de terrain non bâties. Ces</line>
<line>principes sont repris dans le Règlement du PLU.</line></par>
<par>
<line>L’urbanisation de ce secteur permettra de combler une dent creuse dans le tissu bâti de</line>
<line>la ville et donc de limiter son étalement ainsi que la consommation de terres cultivées.</line></par>
</text>
</block>
<block><region><rect/></region>
<text>
<par/>
</text>
</block>
<block><region><rect/></region>
<text>
<par/>
</text>
</block>
<block><region><rect/></region>
<text>
<par/>
</text>
</block>
<block><region><rect/></region>
<text>
<par/>
</text>
</block>
<block><region><rect/></region>
<text>
<par>
<line>Plan Local d’UrbanIsme - OAP</line></par>
</text>
</block>













<block blockType="Picture" blockName="" l="814" t="883" r="929" b="926"><region><rect/></region>
</block>
<block blockType="Picture" blockName="" l="240" t="790" r="1808" b="2301"><region><rect/></region>
</block>
<block blockType="Picture" blockName="" l="1905" t="1232" r="3397" b="2228"><region><rect/></region>
</block>
</page>
<page width="3508" height="2480" resolution="300">
<block><region><rect/></region>
<text>
<par>
<line>L/</line></par>
</text>
</block>
<block><region><rect/></region>
<text>
<par>
<line>I57^</line></par>
</text>
</block>
<block><region><rect/></region>
<text>
<par>
<line>iiSi</line></par>
</text>
</block>
<block><region><rect/></region>
<text>
<par/>
</text>
</block>
<block><region><rect/></region>
<text>
<par>
<line>]m</line></par>
</text>
</block>
<block><region><rect/></region>
<text>
<par>
<line>HB4</line></par>
</text>
</block>
<block><region><rect/></region>
<text>
<par>
<line>fîde Ch</line></par>
</text>
</block>
<block><region><rect/></region>
<text>
<par>
<line>CV.wr»</line></par>
</text>
</block>
<block><region><rect/></region>
<text>
<par>
<line>rhûurrLi55û¥</line></par>
</text>
</block>
<block><region><rect/></region>
<text>
<par>
<line>1389</line></par>
</text>
</block>
<block><region><rect/></region>
<text>
<par>
<line>1563</line></par>
</text>
</block>
<block><region><rect/></region>
<text>
<par>
<line>]%4</line></par>
</text>
</block>
<block><region><rect/></region>
<text>
<par>
<line>1284</line></par>
</text>
</block>
<block><region><rect/></region>
<text>
<par>
<line>1365</line></par>
</text>
</block>
<block><region><rect/></region>
<text>
<par/>
</text>
</block>
<block><region><rect/></region>
<text>
<par/>
</text>
</block>
<block><region><rect/></region>
<text>
<par>
<line>234</line></par>
</text>
</block>
<block><region><rect/></region>
<text>
<par>
<line>274</line></par>
</text>
</block>
<block><region><rect/></region>
<text>
<par>
<line>l%7</line></par>
</text>
</block>
<block><region><rect/></region>
<text>
<par>
<line>1369</line></par>
</text>
</block>
<block><region><rect/></region>
<text>
<par>
<line>366</line></par>
</text>
</block>
<block><region><rect/></region>
<text>
<par>
<line>1370</line></par>
</text>
</block>
<block><region><rect/></region>
<text>
<par/>
</text>
</block>
<block><region><rect/></region>
<text>
<par>
<line>^73</line></par>
</text>
</block>
<block><region><rect/></region>
<text>
<par>
<line>IE37</line></par>
</text>
</block>
<block><region><rect/></region>
<text>
<par>
<line>1372</line></par>
</text>
</block>
<block><region><rect/></region>
<text>
<par>
<line>1238</line></par>
</text>
</block>
<block><region><rect/></region>
<text>
<par>
<line>1332</line></par>
</text>
</block>
<block blockType="Table" blockName="" l="2237" t="264" r="3369" b="1869"><region><rect/></region>
<row>
<cell colSpan="3" width="1132" height="157">
<text>
<par>
<line>Principes d’amenagement</line></par>
</text></cell></row>
<row>
<cell width="267" height="156">
<text>
<par/>
</text></cell>
<cell width="672" height="156">
<text>
<par>
<line>Emprise de la zone</line></par>
</text></cell>
<cell width="193" height="156">
<text>
<par/>
</text></cell></row>
<row>
<cell rowSpan="2" width="267" height="449">
<text>
<par>
<line>Desserte et</line></par>
<par>
<line>sécurité de</line></par>
<par>
<line>circulation</line></par>
</text></cell>
<cell width="672" height="257">
<text>
<par>
<line>Créer une voie de desserte interne à</line></par>
<par>
<line>la zone qui s’appuie sur un chemin</line></par>
<par>
<line>existant</line></par>
</text></cell>
<cell width="193" height="257">
<text>
<par>
<line>—</line></par>
</text></cell></row>
<row>
<cell width="672" height="192">
<text>
<par>
<line>Assurer la connexion de la voie créée</line></par>
<par>
<line>avec le réseau de voirie existant</line></par>
</text></cell>
<cell width="193" height="192">
<text>
<par/>
</text></cell></row>
<row>
<cell width="267" height="584">
<text>
<par>
<line>Insertion au</line></par>
<par>
<line>tissu urbain</line></par>
<par>
<line>existant</line></par>
</text></cell>
<cell width="672" height="584">
<text>
<par>
<line>Imposer un principe d’alignement des</line></par>
<par>
<line>constructions : en recul de la voie le</line></par>
<par>
<line>long de la route de Chaumussay en</line></par>
<par>
<line>accord avec les constructions</line></par>
<par>
<line>existantes et plus proches de la voie</line></par>
<par>
<line>de desserte dans la partie basse de</line></par>
<par>
<line>la zone afin de favoriser les espaces</line></par>
<par>
<line>privatifs sur l’arriére des parcelles</line></par>
</text></cell>
<cell width="193" height="584">
<text>
<par/>
</text></cell></row>
<row>
<cell width="267" height="259">
<text>
<par>
<line>Nombre de</line></par>
<par>
<line>logements</line></par>
<par>
<line>envisagé</line></par>
</text></cell>
<cell width="672" height="259">
<text>
<par>
<line>10 à 14 logements</line></par>
</text></cell>
<cell width="193" height="259">
<text>
<par/>
</text></cell></row>
</block>
<block><region><rect/></region>
<text>
<par>
<line>AGENCE URBA 37 - Commune de PREUILLY-SUR-CLAISE</line></par>
</text>
</block>
<block><region><rect/></region>
<text>
<par>
<line>7</line></par>
</text>
</block>
<block><region><rect/></region>
<text>
<par>
<line>Plan Local d’Urbanisme - OAP</line></par>
</text>
</block>





















<block blockType="Picture" blockName="" l="3209" t="464" r="3350" b="532"><region><rect/></region>
</block>
</page>
<page width="3508" height="2480" resolution="300">
<block><region><rect/></region>
<text>
<par>
<line>2. Le secteur de Saint-Nicolas</line></par>
</text>
</block>
<block><region><rect/></region>
<text>
<par>
<line>L’îlot Saint-Nicolas jouxte le centre ancien de la ville, en amont du faubourg Saint-</line>
<line>Nicolas. Il est bordé par le faubourg Saint-Nicolas au sud, la rue Saint-Nicolas à l’est, le</line>
<line>réseau des anciennes douves et le quartier d’habitat collectif des Tilleuls à l’ouest (en</line>
<line>bleu ci-dessous).</line></par>
<par>
<line>Il représente une superficie totale de 7 600 m^, dont 1 800 m^ constructibles, le reste</line>
<line>étant classé en zone Nj (jardin).</line></par>
<par>
<line>Ce secteur présente aujourd’hui une faible densité de construction. Son centre forme une</line>
<line>dépression et est jardiné. Les locaux d’un ancien garage marquent la limite nord.</line></par>
</text>
</block>
<block><region><rect/></region>
<text>
<par/>
</text>
</block>
<block><region><rect/></region>
<text>
<par>
<line>r</line></par>
</text>
</block>
<block><region><rect/></region>
<text>
<par>
<line>X</line></par>
</text>
</block>
<block><region><rect/><rect/></region>
<text>
<par/>
</text>
</block>
<block><region><rect/></region>
<text>
<par/>
</text>
</block>
<block><region><rect/><rect/><rect/></region>
<text>
<par>
<line>I-</line></par>
</text>
</block>
<block><region><rect/></region>
<text>
<par>
<line>\</line></par>
</text>
</block>
<block><region><rect/></region>
<text>
<par>
<line>AGENCE URBA 37 - Commune de PREUILLY-SUR-CLAISE</line></par>
</text>
</block>
<block><region><rect/></region>
<text>
<par>
<line>Des constructions anciennes alignées sur le faubourg Saint-Nicolas forment la limite sud.</line>
<line>Deux constructions, une habitation et une grange, ont été construites le long de la rue</line>
<line>Saint-Nicolas.</line></par>
<par>
<line>Situé en plein centre de la ville, cet Ilot gagnerait à être densifié et valorisé. Dans un</line>
<line>premier temps, les bâtiments du garage pourront être démontés afin d’ouvrir la</line>
<line>perspective sur la rue Saint-Nicolas et le réseau de douves. Un Emplacement Réservé a</line>
<line>été positionné dans ce but. Un espace public ouvert pourra être aménagé et une zone de</line>
<line>stationnement organisée.</line></par>
<par>
<line>De cet espace pourra démarrer un cheminement piéton le long des douves qui traversera</line>
<line>le petit chenal. Celui-ci permettra de joindre la cité des Tilleuls au centre de Preuilly à</line>
<line>pied dans un cadre verdoyant. Un principe de végétalisation du coeur de l’ilot, permettra</line>
<line>de préserver son occupation actuelle en potagers et jardinets. La densification se fera par</line>
<line>de nouvelles constructions en alignement sur la rue Saint-Nicolas, en accès direct depuis</line>
<line>la voie avec un rez-de-jardin vers le coeur de l’ilot.</line></par>
<par>
<line>L’aménagement proposé permet la densification d’une dent creuse et participe donc à la</line>
<line>rénovation et à la valorisation de la ville.</line></par>
<par>
<line>Certains principes de l’OAP sont consolidés par des dispositions réglementaires, tel que</line>
<line>le principe d’alignement des constructions à l’emprise publique repris dans l’article Ua6,</line>
<line>et la délimitation des zones dans le Zonage.</line></par>
</text>
</block>
<block><region><rect/></region>
<text>
<par>
<line>Plan Local d’UrbanIsme - OAP</line></par>
</text>
</block>















<block blockType="Picture" blockName="" l="240" t="863" r="1809" b="2379"><region><rect/></region>
</block>
</page>
<page width="3508" height="2480" resolution="300">
<block><region><rect/><rect/></region>
<text>
<par/>
</text>
</block>
<block><region><rect/></region>
<text>
<par>
<line>O</line></par>
</text>
</block>
<block><region><rect/></region>
<text>
<par/>
</text>
</block>
<block><region><rect/></region>
<text>
<par>
<line>0^</line></par>
</text>
</block>
<block><region><rect/></region>
<text>
<par>
<line>ISS</line></par>
</text>
</block>
<block><region><rect/></region>
<text>
<par/>
</text>
</block>
<block><region><rect/></region>
<text>
<par>
<line>1563</line></par>
</text>
</block>
<block><region><rect/></region>
<text>
<par>
<line>lb64</line></par>
</text>
</block>
<block><region><rect/></region>
<text>
<par/>
</text>
</block>
<block><region><rect/></region>
<text>
<par/>
</text>
</block>
<block><region><rect/></region>
<text>
<par>
<line>1407</line></par>
</text>
</block>
<block><region><rect/></region>
<text>
<par>
<line>1565</line></par>
</text>
</block>
<block><region><rect/></region>
<text>
<par>
<line>1324</line></par>
</text>
</block>
<block><region><rect/></region>
<text>
<par>
<line>566</line></par>
</text>
</block>
<block><region><rect/></region>
<text>
<par>
<line>1326</line></par>
</text>
</block>
<block><region><rect/></region>
<text>
<par>
<line>meo:</line></par>
</text>
</block>
<block><region><rect/></region>
<text>
<par>
<line>1563</line></par>
</text>
</block>
<block><region><rect/><rect/><rect/></region>
<text>
<par/>
</text>
</block>
<block><region><rect/></region>
<text>
<par>
<line>1544</line></par>
</text>
</block>
<block><region><rect/></region>
<text>
<par>
<line>m</line></par>
</text>
</block>
<block><region><rect/></region>
<text>
<par>
<line>m</line></par>
</text>
</block>
<block><region><rect/></region>
<text>
<par/>
</text>
</block>
<block><region><rect/></region>
<text>
<par>
<line>Uie</line></par>
</text>
</block>
<block><region><rect/></region>
<text>
<par>
<line>1M4</line></par>
</text>
</block>
<block><region><rect/></region>
<text>
<par>
<line>U49</line></par>
</text>
</block>
<block><region><rect/></region>
<text>
<par>
<line>1593</line></par>
</text>
</block>
<block><region><rect/></region>
<text>
<par>
<line>114S</line></par>
</text>
</block>
<block><region><rect/></region>
<text>
<par>
<line>—TQ</line></par>
</text>
</block>
<block><region><rect/></region>
<text>
<par/>
</text>
</block>
<block><region><rect/></region>
<text>
<par>
<line>Wcojfc</line></par>
</text>
</block>
<block><region><rect/></region>
<text>
<par>
<line>(Route Depar'</line></par>
</text>
</block>
<block><region><rect/></region>
<text>
<par/>
</text>
</block>
<block><region><rect/></region>
<text>
<par>
<line>tewntole noi?&gt;</line></par>
</text>
</block>
<block><region><rect/></region>
<text>
<par>
<line>Ht</line></par>
</text>
</block>
<block><region><rect/></region>
<text>
<par>
<line>iaG6</line></par>
</text>
</block>
<block><region><rect/></region>
<text>
<par>
<line>Principes d’amenagement</line></par>
</text>
</block>
<block><region><rect/></region>
<text>
<par>
<line>Emprise de la zone</line></par>
</text>
</block>
<block><region><rect/></region>
<text>
<par>
<line>Emprise de la zone inconstructible</line></par>
</text>
</block>
<block><region><rect/></region>
<text>
<par/>
</text>
</block>
<block><region><rect/></region>
<text>
<par>
<line>Desserte et</line>
<line>sécurité de</line>
<line>circulation</line></par>
</text>
</block>
<block><region><rect/></region>
<text>
<par>
<line>Développer les cheminements</line>
<line>piétons traversant la zone et</line>
<line>permettant de lier celle-ci au centre</line>
<line>de la ville</line></par>
</text>
</block>
<block><region><rect/></region>
<text>
<par>
<line>Insertion</line></par>
<par>
<line>paysagère</line></par>
</text>
</block>
<block><region><rect/></region>
<text>
<par>
<line>Aménager des franges paysagères</line>
<line>afin de préserver les vis-à-vis</line>
<line>Préserver le coeur de l’ilot jardiné,</line>
<line>soit en potagers, soit en jardinets</line>
<line>d’agrément</line></par>
</text>
</block>
<block><region><rect/></region>
<text>
<par>
<line>Insertion au</line>
<line>tissu urbain</line>
<line>existant</line></par>
</text>
</block>
<block><region><rect/></region>
<text>
<par>
<line>Imposer un alignement des</line>
<line>constructions afin de garantir la mise</line>
<line>en place d’un front bâti le long de la</line>
<line>rue Saint-Nicolas</line></par>
</text>
</block>
<block><region><rect/></region>
<text>
<par>
<line>Aménager un espace public destiné</line>
<line>à valoriser l’entrée dans le centre</line>
<line>ancien de la ville</line></par>
</text>
</block>
<block><region><rect/></region>
<text>
<par>
<line>Nombre</line></par>
<par>
<line>logements</line></par>
<par>
<line>envisagé</line></par>
</text>
</block>
<block><region><rect/></region>
<text>
<par>
<line>de</line></par>
</text>
</block>
<block><region><rect/></region>
<text>
<par>
<line>2 à 4 logements</line></par>
</text>
</block>
<block><region><rect/></region>
<text>
<par>
<line>AGENCE URBA 37 - Commune de PREUILLY-SUR-CLAISE</line></par>
</text>
</block>
<block><region><rect/></region>
<text>
<par>
<line>9</line></par>
</text>
</block>
<block><region><rect/></region>
<text>
<par>
<line>Plan Local d’UrbanIsme - GAP</line></par>
</text>
</block>






















<block blockType="Picture" blockName="" l="3210" t="440" r="3351" b="508"><region><rect/></region>
</block>
</page>
<page width="3508" height="2480" resolution="300">
<block><region><rect/></region>
<text>
<par>
<line>3.</line></par>
</text>
</block>
<block><region><rect/></region>
<text>
<par>
<line>Le secteur de Saint-Marc</line></par>
</text>
</block>
<block><region><rect/></region>
<text>
<par>
<line>Ce secteur de 6 400 représente une dent creuse dans le tissu bâti du sud du bourg. Il</line>
<line>est accessible par la rue de Saint-Marc et est traversé par une voie sans issue qui</line>
<line>compte déjà 3 constructions situées dans la deuxième partie de la voie.</line></par>
<par>
<line>Les terrains ont actuellement une vocation naturelle et sont fauchés régulièrement.</line></par>
</text>
</block>
<block><region><rect/></region>
<text>
<par/>
</text>
</block>
<block><region><rect/></region>
<text>
<par/>
</text>
</block>
<block><region><rect/></region>
<text>
<par/>
</text>
</block>
<block><region><rect/></region>
<text>
<par/>
</text>
</block>
<block><region><rect/></region>
<text>
<par/>
</text>
</block>
<block><region><rect/></region>
<text>
<par/>
</text>
</block>
<block><region><rect/></region>
<text>
<par/>
</text>
</block>
<block><region><rect/></region>
<text>
<par/>
</text>
</block>
<block><region><rect/></region>
<text>
<par>
<line>I</line></par>
</text>
</block>
<block><region><rect/></region>
<text>
<par/>
</text>
</block>
<block><region><rect/></region>
<text>
<par/>
</text>
</block>
<block><region><rect/></region>
<text>
<par>
<line>\</line></par>
</text>
</block>
<block><region><rect/></region>
<text>
<par/>
</text>
</block>
<block><region><rect/></region>
<text>
<par>
<line>AGENCE URBA 37 - Commune de PREUILLY-SUR-CLAISE</line></par>
</text>
</block>
<block><region><rect/></region>
<text>
<par>
<line>10</line></par>
</text>
</block>
<block><region><rect/></region>
<text>
<par>
<line>Le secteur a une fonction principalement résidentielle.</line></par>
<par>
<line>Un principe d’alignement des constructions à la voie est imposé de façon à assurer une</line>
<line>certaine densité de construction sur la zone et de garantir une intimité préservée sur</line>
<line>l’arrière des parcelles.</line></par>
</text>
</block>
<block><region><rect/></region>
<text>
<par>
<line>-«7</line></par>
</text>
</block>
<block><region><rect/></region>
<text>
<par/>
</text>
</block>
<block><region><rect/><rect/><rect/></region>
<text>
<par>
<line>ÉS</line></par>
</text>
</block>
<block><region><rect/></region>
<text>
<par/>
</text>
</block>
<block><region><rect/></region>
<text>
<par/>
</text>
</block>
<block><region><rect/></region>
<text>
<par/>
</text>
</block>
<block><region><rect/></region>
<text>
<par/>
</text>
</block>
<block><region><rect/></region>
<text>
<par>
<line>Plan Local d’Urbanisme - OAP</line></par>
</text>
</block>















<block blockType="Picture" blockName="" l="1047" t="2135" r="1141" b="2183"><region><rect/></region>
</block>
<block blockType="Picture" blockName="" l="240" t="672" r="1806" b="2187"><region><rect/></region>
</block>
<block blockType="Picture" blockName="" l="1906" t="711" r="3398" b="1707"><region><rect/></region>
</block>
</page>
<page width="3508" height="2480" resolution="300">
<block><region><rect/></region>
<text>
<par>
<line>/ -</line></par>
</text>
</block>
<block><region><rect/><rect/><rect/><rect/><rect/><rect/><rect/><rect/><rect/><rect/><rect/></region>
<text>
<par>
<line>3ENCE</line></par>
</text>
</block>
<block><region><rect/><rect/><rect/><rect/><rect/><rect/><rect/><rect/><rect/><rect/><rect/></region>
<text>
<par>
<line>URBA37</line></par>
</text>
</block>
<block><region><rect/><rect/><rect/><rect/><rect/><rect/><rect/><rect/><rect/><rect/><rect/><rect/><rect/><rect/><rect/><rect/><rect/><rect/><rect/><rect/><rect/><rect/><rect/><rect/><rect/></region>
<text>
<par>
<line>- Commi</line></par>
</text>
</block>
<block><region><rect/><rect/><rect/><rect/><rect/><rect/><rect/><rect/><rect/><rect/><rect/><rect/><rect/><rect/><rect/></region>
<text>
<par>
<line>,une</line></par>
</text>
</block>
<block><region><rect/><rect/><rect/><rect/><rect/><rect/><rect/><rect/><rect/><rect/><rect/><rect/></region>
<text>
<par>
<line>de</line></par>
</text>
</block>
<block><region><rect/><rect/><rect/><rect/><rect/><rect/><rect/><rect/><rect/><rect/><rect/><rect/><rect/><rect/><rect/><rect/><rect/><rect/></region>
<text>
<par>
<line>PREi</line></par>
</text>
</block>
<block><region><rect/><rect/><rect/><rect/><rect/><rect/><rect/><rect/><rect/><rect/><rect/><rect/><rect/><rect/><rect/><rect/><rect/><rect/><rect/><rect/><rect/><rect/><rect/><rect/><rect/><rect/></region>
<text>
<par>
<line>.UILLY</line></par>
</text>
</block>
<block><region><rect/><rect/><rect/><rect/><rect/><rect/><rect/><rect/></region>
<text>
<par>
<line>-SUR-</line></par>
</text>
</block>
<block><region><rect/><rect/><rect/><rect/><rect/><rect/><rect/></region>
<text>
<par>
<line>■CLAISE</line></par>
</text>
</block>
<block blockType="Table" blockName="" l="2269" t="353" r="3414" b="1964"><region><rect/></region>
<row>
<cell colSpan="3" width="1145" height="162">
<text>
<par>
<line>Principes d’amenagement</line></par>
</text></cell></row>
<row>
<cell width="267" height="161">
<text>
<par/>
</text></cell>
<cell width="682" height="161">
<text>
<par>
<line>Emprise de la zone</line></par>
</text></cell>
<cell width="196" height="161">
<text>
<par/>
</text></cell></row>
<row>
<cell rowSpan="2" width="267" height="449">
<text>
<par>
<line>Desserte et</line></par>
<par>
<line>sécurité de</line></par>
<par>
<line>circulation</line></par>
</text></cell>
<cell width="682" height="192">
<text>
<par>
<line>Aménager une voie de desserte</line></par>
<par>
<line>interne à la zone (chemin existant)</line></par>
</text></cell>
<cell width="196" height="192">
<text>
<par>
<line>—</line></par>
</text></cell></row>
<row>
<cell width="682" height="257">
<text>
<par>
<line>Assurer la connexion de la voie</line></par>
<par>
<line>aménagée avec le réseau de voirie</line></par>
<par>
<line>existant</line></par>
</text></cell>
<cell width="196" height="257">
<text>
<par/>
</text></cell></row>
<row>
<cell width="267" height="258">
<text>
<par>
<line>Insertion au</line></par>
<par>
<line>tissu urbain</line></par>
<par>
<line>existant</line></par>
</text></cell>
<cell width="682" height="258">
<text>
<par>
<line>Imposer une orientation des faîtages</line></par>
<par>
<line>afin de garantir l’organisation de la</line></par>
<par>
<line>trame bâtie.</line></par>
</text></cell>
<cell width="196" height="258">
<text>
<par>
<line>—</line></par>
</text></cell></row>
<row>
<cell width="267" height="322">
<text>
<par>
<line>Insertion</line></par>
<par>
<line>paysagère</line></par>
</text></cell>
<cell width="682" height="322">
<text>
<par>
<line>Aménager des franges paysagères</line></par>
<par>
<line>afin de préserver les vis-à-vis et de</line></par>
<par>
<line>respecter le caractère naturel de</line></par>
<par>
<line>certains espaces</line></par>
</text></cell>
<cell width="196" height="322">
<text>
<par>
<line>• • •</line></par>
</text></cell></row>
<row>
<cell width="267" height="259">
<text>
<par>
<line>Nombre de</line></par>
<par>
<line>logements</line></par>
<par>
<line>envisagé</line></par>
</text></cell>
<cell width="682" height="259">
<text>
<par>
<line>9 à 13 logements</line></par>
</text></cell>
<cell width="196" height="259">
<text>
<par/>
</text></cell></row>
</block>
<block><region><rect/></region>
<text>
<par>
<line>Plan Local d’UrbanIsme - OAP</line></par>
</text>
</block>












<block blockType="Picture" blockName="" l="3251" t="561" r="3392" b="629"><region><rect/></region>
</block>
</page>
<page width="3508" height="2480" resolution="300">
<block><region><rect/></region>
<text>
<par>
<line>4. Le secteur du Pontereau</line></par>
</text>
</block>
<block><region><rect/></region>
<text>
<par>
<line>La zone du Pontereau se situe en limite sud de la zone urbanisée. Elle représente une</line>
<line>surface totale de 38 600 m^ aujourd’hui cultivée.</line></par>
<par>
<line>La zone est accessible par ses deux extrémités : à l’est par le chemin de Saint-Marc et à</line>
<line>l’ouest par la rue des Varennes.</line></par>
<par>
<line>Située en bordure du Pontereau, petit cours d’eau qui coule en fond de vallée, la zone</line>
<line>s’insère dans un environnement paysager de qualité. A ce jour, le cours d’eau ne fait</line>
<line>l’objet d’aucune mesure de protection particulière (recul de culture...).</line></par>
</text>
</block>
<block><region><rect/></region>
<text>
<par>
<line>F</line></par>
</text>
</block>
<block><region><rect/></region>
<text>
<par/>
</text>
</block>
<block><region><rect/></region>
<text>
<par/>
</text>
</block>
<block><region><rect/></region>
<text>
<par>
<line>f /</line></par>
</text>
</block>
<block><region><rect/></region>
<text>
<par>
<line>■&gt;</line></par>
</text>
</block>
<block><region><rect/></region>
<text>
<par>
<line>.V*</line></par>
</text>
</block>
<block><region><rect/></region>
<text>
<par>
<line>F</line></par>
</text>
</block>
<block><region><rect/></region>
<text>
<par/>
</text>
</block>
<block><region><rect/></region>
<text>
<par/>
</text>
</block>
<block><region><rect/></region>
<text>
<par>
<line>tX F</line></par>
</text>
</block>
<block><region><rect/></region>
<text>
<par/>
</text>
</block>
<block><region><rect/></region>
<text>
<par/>
</text>
</block>
<block><region><rect/></region>
<text>
<par/>
</text>
</block>
<block><region><rect/></region>
<text>
<par>
<line>AGENCE URBA 37 - Commune de PREUILLY-SUR-CLAISE</line></par>
</text>
</block>
<block><region><rect/></region>
<text>
<par>
<line>12</line></par>
</text>
</block>
<block><region><rect/></region>
<text>
<par>
<line>Ce secteur destiné à une occupation résidentielle constitue une des rares réserves</line>
<line>foncières de la commune. Il fait l’objet d’un projet mixte de résidence seniors associée à</line>
<line>des lots destinés à l’accession situés aux deux entrées du site.</line></par>
<par>
<line>Une voirie interne à la zone permettra de joindre le chemin de Saint-Marc à l’ouest à la</line>
<line>rue des Varennes à l’est. Un principe de boucle interne permettra de valoriser au mieux</line>
<line>l’espace ouvert à l’urbanisation et d’assurer une certaine densité sur l’ensemble du</line>
<line>secteur, notamment dans la partie centrale de la zone qui doit accueillir les logements</line>
<line>facilitateurs de la résidence senior.</line></par>
<par>
<line>Le cours d’eau situé en aval de la zone sera valorisé par l’aménagement d’un</line>
<line>cheminement piéton paysager. Cet aménagement permettra d’assurer la préservation du</line>
<line>cours d’eau et la végétation empêchera les écoulements directs des eaux pluviales dans</line>
<line>celui-ci. Il visera aussi à intégrer le quartier dans le paysage.</line></par>
<par>
<line>L’aménagement paysager couplé au cheminement piétonnier devra occuper une bande</line>
<line>d’au minimum 10 mètres de large à compter du bord du cours d’eau, et être composé de</line>
<line>végétaux de différentes tailles (essences locales arborées, arbustives, vivaces, et</line>
<line>tapissantes).</line></par>
</text>
</block>
<block><region><rect/></region>
<text>
<par>
<line>Plan Local d’UrbanIsme - OAP</line></par>
</text>
</block>















<block blockType="Picture" blockName="" l="2435" t="1879" r="2529" b="1913"><region><rect/></region>
</block>
<block blockType="Picture" blockName="" l="243" t="831" r="1807" b="2348"><region><rect/></region>
</block>
</page>
<page width="3508" height="2480" resolution="300">
<block><region><rect/></region>
<text>
<par>
<line>/</line></par>
</text>
</block>
<block blockType="Table" blockName="" l="2272" t="257" r="3414" b="2212"><region><rect/></region>
<row>
<cell colSpan="3" width="1142" height="159">
<text>
<par>
<line>Principes d’amenagement</line></par>
</text></cell></row>
<row>
<cell width="267" height="158">
<text>
<par/>
</text></cell>
<cell width="679" height="158">
<text>
<par>
<line>Emprise de la zone</line></par>
</text></cell>
<cell width="196" height="158">
<text>
<par/>
</text></cell></row>
<row>
<cell rowSpan="3" width="267" height="575">
<text>
<par>
<line>Desserte et</line></par>
<par>
<line>sécurité de</line></par>
<par>
<line>circulation</line></par>
</text></cell>
<cell width="679" height="192">
<text>
<par>
<line>Créer une voie de desserte interne à</line></par>
<par>
<line>la zone</line></par>
</text></cell>
<cell width="196" height="192">
<text>
<par>
<line>—</line></par>
</text></cell></row>
<row>
<cell width="679" height="192">
<text>
<par>
<line>Assurer la connexion de la voie créée</line></par>
<par>
<line>avec le réseau de voirie existant</line></par>
</text></cell>
<cell width="196" height="192">
<text>
<par/>
</text></cell></row>
<row>
<cell width="679" height="191">
<text>
<par>
<line>Aménager un cheminement piéton le</line></par>
<par>
<line>long du cours d’eau relié à la zone</line></par>
</text></cell>
<cell width="196" height="191">
<text>
<par>
<line>■ ■ ■ ■</line></par>
</text></cell></row>
<row>
<cell width="267" height="323">
<text>
<par>
<line>Insertion</line></par>
<par>
<line>paysagère</line></par>
</text></cell>
<cell width="679" height="323">
<text>
<par>
<line>Aménager des franges paysagères</line></par>
<par>
<line>afin de limiter l’impact paysager du</line></par>
<par>
<line>projet et ses incidences sur le cours</line></par>
<par>
<line>d’eau</line></par>
</text></cell>
<cell width="196" height="323">
<text>
<par>
<line>• • •</line></par>
</text></cell></row>
<row>
<cell width="267" height="323">
<text>
<par>
<line>Insertion au</line></par>
<par>
<line>tissu urbain</line></par>
<par>
<line>existant</line></par>
</text></cell>
<cell width="679" height="323">
<text>
<par>
<line>Imposer un alignement des</line></par>
<par>
<line>constructions afin de garantir la mise</line></par>
<par>
<line>en place d’un front bâti le long de la</line></par>
<par>
<line>voie à créer</line></par>
</text></cell>
<cell width="196" height="323">
<text>
<par/>
</text></cell></row>
<row>
<cell width="267" height="158">
<text>
<par>
<line>Densité bâtie</line></par>
</text></cell>
<cell width="679" height="158">
<text>
<par>
<line>18 à 25 logements</line></par>
</text></cell>
<cell width="196" height="158">
<text>
<par/>
</text></cell></row>
<row>
<cell width="267" height="259">
<text>
<par>
<line>Nombre de</line></par>
<par>
<line>logements</line></par>
<par>
<line>envisagé</line></par>
</text></cell>
<cell width="679" height="259">
<text>
<par>
<line>39 à 52 logements</line></par>
</text></cell>
<cell width="196" height="259">
<text>
<par/>
</text></cell></row>
</block>
<block><region><rect/></region>
<text>
<par>
<line>AGENCE URBA 37 - Commune de PREUILLY-SUR-CLAISE</line></par>
</text>
</block>
<block><region><rect/></region>
<text>
<par>
<line>13</line></par>
</text>
</block>
<block><region><rect/></region>
<text>
<par>
<line>Plan Local d’UrbanIsme - OAP</line></par>
</text>
</block>




















<block blockType="Picture" blockName="" l="3252" t="460" r="3393" b="528"><region><rect/></region>
</block>
</page>
</OAP>