<?xml version="1.0" encoding="UTF-8"?><OAP>
<page width="2479" height="3504" resolution="300">
<block><region><rect/></region>
<text>
<par/>
</text>
</block>
<block><region><rect/></region>
<text>
<par>
<line>1''%"*'"' J»</line></par>
</text>
</block>
<block><region><rect/></region>
<text>
<par>
<line>Commune de Saint-Patrice</line></par>
</text>
</block>
<block><region><rect/></region>
<text>
<par>
<line>Elaboration du Plan Local d'Urbanisme</line></par>
</text>
</block>
<block><region><rect/></region>
<text>
<par>
<line>Orientations d'Aménagement</line></par>
</text>
</block>
<block><region><rect/></region>
<text>
<par>
<line>pièce n°3</line></par>
</text>
</block>
<block><region><rect/></region>
<text>
<par>
<line>s«*«*J««eii@Msss@ss^2iBaîs*^5»w!e*!«a«@isese«gîse«se#ï»s®ss««»iss»j*@5BV.se«^ssw4easæ3î6'ta^:</line></par>
</text>
</block>
<block blockType="Table" blockName="" l="1602" t="1656" r="2270" b="2060"><region><rect/></region>
<row>
<cell width="147" height="279">
<text>
<par>
<line>SOUS-</line></par>
</text></cell>
<cell width="372" height="279">
<text>
<par>
<line>PRÉFECTURE DE C</line></par>
<par>
<line>-1 JUIL. 2008</line></par>
</text></cell>
<cell width="149" height="279">
<text>
<par>
<line>HINQN</line></par>
</text></cell></row>
<row>
<cell colSpan="3" width="668" height="125">
<text>
<par>
<line>CONTRÔLE DE LÉGALITÉ</line>
<line>(Loi du 2 mars 1982)</line></par>
</text></cell></row>
</block>
<block><region><rect/></region>
<text>
<par>
<line>Vu pour être annexé à la délibération</line>
<line>du Conseil Municipal</line></par>
<par>
<line>en date du ^ Q JUIN 2008</line>
<line>approuvant l’élaboration du PLU.</line></par>
<par>
<line>Le Maire,</line></par>
</text>
</block>
<block><region><rect/></region>
<text>
<par>
<line>ur</line></par>
</text>
</block>
<block><region><rect/></region>
<text>
<par/>
</text>
</block>
<block><region><rect/></region>
<text>
<par>
<line>2 rue de nie Saint-Martin - 37420 HUISMES</line>
<line>Téléphone : 02 47 95 57 06</line>
<line>Télécopie : 02 47 95 57 16</line>
<line>Courriel : urban-ism@)wanadoo.fr</line></par>
</text>
</block>





</page>
<page width="2486" height="3509" resolution="300">
<block><region><rect/></region>
<text>
<par>
<line>Orientations D'Aménagement</line></par>
</text>
</block>
<block><region><rect/></region>
<text>
<par>
<line>O</line></par>
<par>
<line>R</line></par>
<par>
<line>I</line></par>
<par>
<line>E</line></par>
<par>
<line>N</line></par>
<par>
<line>T</line></par>
<par>
<line>A</line></par>
<par>
<line>T</line></par>
<par>
<line>I</line></par>
<par>
<line>O</line></par>
<par>
<line>N</line></par>
<par>
<line>S</line></par>
</text>
</block>
<block><region><rect/></region>
<text>
<par>
<line>D’</line></par>
<par>
<line>A</line></par>
<par>
<line>AA</line></par>
<par>
<line>E</line></par>
<par>
<line>N</line></par>
<par>
<line>A</line></par>
<par>
<line>G</line></par>
<par>
<line>E</line></par>
<par>
<line>AA</line></par>
<par>
<line>E</line></par>
<par>
<line>N</line></par>
<par>
<line>T</line></par>
</text>
</block>
<block><region><rect/></region>
<text>
<par>
<line>ORIENTATIONS D’AMENAGEMENT</line></par>
</text>
</block>
<block><region><rect/></region>
<text>
<par>
<line>Les orientations d’aménagement relatives à des quartiers ou à des secteurs à</line>
<line>mettre en valeur, réhabiliter, restructurer ou aménager, peuvent, en cohérence</line>
<line>avec le PADD, prévoir les actions et opérations d’aménagement à mettre en</line>
<line>œuvre, notamment pour mettre en valeur l’environnement, les paysages, les</line>
<line>entrées de villes et le patrimoine, lutter contre l’insalubrité, permettre le</line>
<line>renouvellement urbain et assurer le développement de la commune.</line></par>
</text>
</block>
<block><region><rect/></region>
<text>
<par>
<line>Pouvant prendre la forme de schémas d’aménagement et préciser les principales</line>
<line>caractéristiques des voies et espaces publics, ces orientations intéressent les</line>
<line>secteurs d’extension urbaine sous forme organisée à vocation d’habitat ouverts à</line>
<line>l’urbanisation : le centre-bourg et le Bourg des Galteaux.</line></par>
</text>
</block>
<block><region><rect/></region>
<text>
<par>
<line>Ces principes « minimaux » d’aménagement ont un caractère opposable ; Ils</line>
<line>devront être respectés dans leur esprit et non au pied de la lettre (cf. art. L. 123-5</line>
<line>du Code de l’urbanisme). A titre d’exemple, lorsqu’une voie à créer est inscrite sur</line>
<line>l’un des schémas de principe ci-après, son tracé n’est pas figé mais en revanche</line>
<line>le fait qu’elle débouche sur telle rue constitue un principe intangible.</line></par>
</text>
</block>
<block><region><rect/></region>
<text>
<par>
<line>Éîa'BorSSiônBü PLÜdë SalÆPcffl</line></par>
</text>
</block>
<block><region><rect/><rect/><rect/></region>
<text>
<par>
<line>1</line></par>
</text>
</block>




</page>
<page width="2486" height="3509" resolution="300">
<block><region><rect/></region>
<text>
<par>
<line>Orientations d'Aménagement</line></par>
</text>
</block>
<block><region><rect/></region>
<text>
<par>
<line>♦ L’insertion du projet dans son environnement</line></par>
<par>
<line>Ce secteur ne pourra être urbanisé que sous la forme d’une opération d’aménagement</line>
<line>d’ensemble cohérente, la viabilisation des terrains constituant un préalable incontournable</line>
<line>à toute délivrance d’une autorisation de construire.</line></par>
<par>
<line>La desserte automobile du secteur doit impérativement déboucher sur le chemin du bourg</line>
<line>des Arraults, aucun accès automobile ne pouvant être créé sur la route de la Cueille Cadot</line>
<line>pour des raisons de sécurité routière.</line></par>
<par>
<line>En revanche des liaisons douces doivent permettre de gagner rapidement cette route peu</line>
<line>fréquentée ; le sentier rural du Bourg des Galteaux qui relie le chemin du bourg des Arraults</line>
<line>à la route des Galteaux mériterait également d’être préservé, tout au moins dans son</line>
<line>principe.</line></par>
<par>
<line>La typologie du bâti s’inspirera du caractère du hameau ancien du Bourg des Galteaux tant</line>
<line>en terme de densité que d’organisation et de volumétrie du bâti.</line></par>
<par>
<line>Appartenant à un environnement dorénavant boisé, ce secteur doit être aménagé dans le</line>
<line>souci de conserver le caractère rural des lieux. Le maintien de bandes boisées sur les</line>
<line>franges de l’opération, notamment au long de la route de la Cueille Cadot, contribuera à</line>
<line>son intégration paysagère. En outre, un repérage des arbres d’avenir au sein du taillis</line>
<line>actuel pourrait être intéressant, leur préservation pouvant être des moteurs du plan de</line>
<line>composition du secteur.</line></par>
</text>
</block>
<block><region><rect/></region>
<text>
<par>
<line>Elaboroflori du PLU de Salnt-Poirlce - ÜRBAN'Ism</line></par>
</text>
</block>
<block><region><rect/></region>
<text>
<par>
<line>3</line></par>
</text>
</block>

</page>
<page width="2479" height="3504" resolution="300">
<block><region><rect/></region>
<text orientation="RotatedCounterclockwise">
<par>
<line>ELABORATION DU PLU DE SAINT-PATRICE</line></par>
</text>
</block>
<block><region><rect/></region>
<text>
<par>
<line>i \\</line></par>
</text>
</block>
<block><region><rect/></region>
<text>
<par>
<line>JC.</line></par>
</text>
</block>
<block><region><rect/></region>
<text>
<par>
<line>-Q 'O</line></par>
</text>
</block>
<block><region><rect/></region>
<text>
<par>
<line>2 n</line></par>
</text>
</block>
<block><region><rect/></region>
<text>
<par>
<line>0 &lt;5</line></par>
</text>
</block>
<block><region><rect/></region>
<text>
<par>
<line>Q TJ</line></par>
</text>
</block>
<block><region><rect/></region>
<text>
<par>
<line>C</line></par>
</text>
</block>
<block><region><rect/></region>
<text>
<par>
<line>to •</line></par>
</text>
</block>
<block><region><rect/></region>
<text>
<par>
<line>■&lt;D 0</line></par>
</text>
</block>
<block><region><rect/></region>
<text>
<par>
<line>ü t</line></par>
</text>
</block>
<block><region><rect/></region>
<text>
<par>
<line>0 B</line></par>
</text>
</block>
<block><region><rect/></region>
<text>
<par>
<line>Q ü</line></par>
</text>
</block>
<block><region><rect/></region>
<text>
<par>
<line>-O 0</line></par>
</text>
</block>
<block><region><rect/></region>
<text>
<par>
<line>U</line></par>
</text>
</block>
<block><region><rect/></region>
<text>
<par>
<line>LU -O</line></par>
</text>
</block>
<block><region><rect/></region>
<text>
<par>
<line>O</line></par>
</text>
</block>
<block><region><rect/></region>
<text>
<par>
<line>ni</line></par>
</text>
</block>
<block><region><rect/></region>
<text>
<par>
<line>s\</line></par>
</text>
</block>
<block><region><rect/></region>
<text>
<par>
<line>O</line></par>
<par>
<line>c</line></par>
<par>
<line>I</line></par>
<par>
<line>a</line></par>
<par>
<line>*5</line></par>
<par>
<line>-Q</line></par>
<par>
<line>B</line></par>
<par>
<line>O</line></par>
<par>
<line>ü</line></par>
<par>
<line>0</line></par>
<par>
<line>TJ</line></par>
<par>
<line>0</line></par>
<par>
<line>a</line></par>
<par>
<line>O</line></par>
<par>
<line>c</line></par>
</text>
</block>



































</page>
<page width="2479" height="3504" resolution="300">
<block><region><rect/></region>
<text orientation="RotatedCounterclockwise">
<par>
<line>ELABORATION DU PLU DE SAINT-PATRICE</line></par>
</text>
</block>
<block><region><rect/></region>
<text>
<par/>
</text>
</block>
<block><region><rect/></region>
<text>
<par>
<line>lA</line></par>
</text>
</block>
<block><region><rect/></region>
<text>
<par>
<line>U</line></par>
</text>
</block>
<block><region><rect/></region>
<text>
<par>
<line>#/</line></par>
</text>
</block>
<block><region><rect/></region>
<text>
<par>
<line>I</line></par>
</text>
</block>
<block><region><rect/></region>
<text>
<par>
<line>I</line></par>
</text>
</block>
<block><region><rect/></region>
<text>
<par>
<line>J</line></par>
</text>
</block>
<block><region><rect/></region>
<text>
<par>
<line>#</line></par>
</text>
</block>
<block><region><rect/></region>
<text>
<par>
<line>LD</line></par>
</text>
</block>
<block><region><rect/></region>
<text>
<par>
<line>I</line></par>
</text>
</block>
<block><region><rect/></region>
<text>
<par>
<line>I</line></par>
</text>
</block>
<block><region><rect/></region>
<text>
<par>
<line>I</line></par>
</text>
</block>
<block><region><rect/></region>
<text>
<par>
<line>I</line></par>
</text>
</block>
<block><region><rect/></region>
<text>
<par>
<line>O</line></par>
</text>
</block>
<block><region><rect/></region>
<text>
<par>
<line>O</line></par>
</text>
</block>
<block><region><rect/></region>
<text>
<par>
<line>SE</line></par>
</text>
</block>
<block><region><rect/></region>
<text>
<par/>
</text>
</block>
<block><region><rect/></region>
<text>
<par/>
</text>
</block>
<block><region><rect/></region>
<text>
<par>
<line>OS!</line></par>
</text>
</block>
<block><region><rect/></region>
<text>
<par/>
</text>
</block>
<block><region><rect/></region>
<text>
<par/>
</text>
</block>
<block><region><rect/></region>
<text>
<par/>
</text>
</block>
<block><region><rect/></region>
<text>
<par>
<line>«</line></par>
</text>
</block>
<block><region><rect/></region>
<text>
<par>
<line>m</line></par>
</text>
</block>
<block><region><rect/></region>
<text>
<par/>
</text>
</block>
<block><region><rect/></region>
<text>
<par/>
</text>
</block>
<block><region><rect/></region>
<text>
<par>
<line>Slc</line></par>
</text>
</block>
<block><region><rect/></region>
<text>
<par>
<line>»9</line></par>
</text>
</block>
<block><region><rect/></region>
<text>
<par>
<line>Sàp</line></par>
</text>
</block>
<block><region><rect/></region>
<text>
<par>
<line>-inog</line></par>
</text>
</block>
<block><region><rect/></region>
<text>
<par>
<line>-4-&gt;</line></par>
</text>
</block>
<block><region><rect/></region>
<text>
<par>
<line>âjO</line></par>
</text>
</block>
<block><region><rect/></region>
<text>
<par/>
</text>
</block>
<block><region><rect/></region>
<text>
<par/>
</text>
</block>
<block><region><rect/></region>
<text>
<par>
<line>A</line></par>
</text>
</block>
<block><region><rect/></region>
<text>
<par>
<line>T5</line></par>
</text>
</block>
<block><region><rect/></region>
<text>
<par/>
</text>
</block>
<block><region><rect/></region>
<text>
<par>
<line>t</line></par>
</text>
</block>
<block><region><rect/></region>
<text>
<par>
<line>LD</line></par>
</text>
</block>
<block><region><rect/></region>
<text>
<par>
<line>-4-&gt;</line></par>
</text>
</block>
<block><region><rect/></region>
<text>
<par>
<line>O</line></par>
</text>
</block>
<block><region><rect/></region>
<text>
<par>
<line>-Z5</line></par>
</text>
</block>
<block><region><rect/></region>
<text>
<par/>
</text>
</block>
<block><region><rect/></region>
<text>
<par>
<line>O</line></par>
</text>
</block>
<block><region><rect/></region>
<text>
<par>
<line>•l</line></par>
</text>
</block>
<block><region><rect/></region>
<text>
<par/>
</text>
</block>
<block><region><rect/></region>
<text>
<par>
<line>CQ</line></par>
</text>
</block>
<block><region><rect/></region>
<text>
<par>
<line>TJ</line></par>
</text>
</block>
<block><region><rect/></region>
<text>
<par>
<line>TJ</line></par>
</text>
</block>
<block><region><rect/></region>
<text>
<par>
<line>D)</line></par>
</text>
</block>
<block><region><rect/></region>
<text>
<par>
<line>O</line></par>
</text>
</block>
<block><region><rect/></region>
<text>
<par>
<line>f</line></par>
</text>
</block>
<block><region><rect/></region>
<text>
<par>
<line>Jl</line></par>
</text>
</block>













































































<block blockType="Picture" blockName="" l="1076" t="2465" r="1134" b="2604"><region><rect/></region>
</block>
</page>
</OAP>