<?xml version="1.0" encoding="UTF-8"?><OAP>
<page width="2481" height="3508" resolution="300">
<block><region><rect/></region>
<text>
<par>
<line>Savonn</line></par>
</text>
</block>
<block><region><rect/></region>
<text>
<par>
<line>PLAN LOCAL</line></par>
</text>
</block>
<block><region><rect/></region>
<text>
<par>
<line>J</line></par>
</text>
</block>
<block><region><rect/></region>
<text>
<par/>
</text>
</block>
<block><region><rect/></region>
<text>
<par>
<line>tf</line></par>
</text>
</block>
<block><region><rect/></region>
<text>
<par/>
</text>
</block>
<block><region><rect/></region>
<text>
<par/>
</text>
</block>
<block><region><rect/></region>
<text>
<par>
<line>€</line></par>
</text>
</block>
<block><region><rect/></region>
<text>
<par>
<line>4.ORIENTATIONS</line>
<line>D'AMENAGEMENT ET DE</line>
<line>PROGRAMMATION</line></par>
</text>
</block>
<block><region><rect/></region>
<text>
<par>
<line>Approbation du PLU,</line>
<line>vu pour être annexé à la délibération</line>
<line>du conseil municipal du 1er septembre 2016,</line>
<line>N°2016/034 :</line></par>
</text>
</block>
<block><region><rect/></region>
<text>
<par>
<line>atu.-'</line></par>
</text>
</block>
<block><region><rect/></region>
<text>
<par>
<line>Agence d’Urbanisme de l’Agglomération de Tours</line></par>
</text>
</block>
<block><region><rect/></region>
<text>
<par/>
</text>
</block>
<block><region><rect/></region>
<text>
<par>
<line>Departement de l lndre et Loire</line></par>
</text>
</block>
<block><region><rect/></region>
<text>
<par/>
</text>
</block>
<block><region><rect/></region>
<text>
<par>
<line>3 cour du 56, avenue Marcel Dassault</line>
<line>BP 601 - 37206 Tours cedex 3</line>
<line>Téléphone : 02 47 71 70 70</line>
<line>Télécopie : 02 47 71 97 35</line>
<line>Courriel : atu@atu37.org</line>
<line>www.atu37.org</line></par>
</text>
</block>
<block><region><rect/></region>
<text>
<par>
<line>SAVONNIERES</line></par>
</text>
</block>













<block blockType="Picture" blockName="" l="436" t="1062" r="884" b="1181"><region><rect/></region>
</block>
<block blockType="Picture" blockName="" l="1342" t="1192" r="2432" b="2347"><region><rect/></region>
</block>
<block blockType="Picture" blockName="" l="91" t="3248" r="446" b="3356"><region><rect/></region>
</block>
</page>
<page width="2481" height="3508" resolution="300">
<block><region><rect/></region>
<text>
<par>
<line>ORIENTATIONS D'AMENAGEMENT ET DE PR OGRAMMATION</line></par>
</text>
</block>
<block blockType="Table" blockName="" l="231" t="405" r="2131" b="1813"><region><rect/></region>
<row>
<cell leftBorder="White" topBorder="White" rightBorder="White" bottomBorder="White" width="1444" height="119">
<text>
<par>
<line>SOMMAIRE</line></par>
</text></cell>
<cell leftBorder="White" topBorder="White" rightBorder="White" bottomBorder="White" width="456" height="119">
<text>
<par>
<line>P 2</line></par>
</text></cell></row>
<row>
<cell leftBorder="White" topBorder="White" rightBorder="White" bottomBorder="White" width="1444" height="186">
<text>
<par>
<line>Préambule</line></par>
</text></cell>
<cell leftBorder="White" topBorder="White" rightBorder="White" bottomBorder="White" width="456" height="186">
<text>
<par>
<line>p 3</line></par>
</text></cell></row>
<row>
<cell leftBorder="White" topBorder="White" rightBorder="White" bottomBorder="White" width="1444" height="194">
<text>
<par>
<line>1. Rue Chaude</line></par>
</text></cell>
<cell leftBorder="White" topBorder="White" rightBorder="White" bottomBorder="White" width="456" height="194">
<text>
<par>
<line>p 4</line></par>
</text></cell></row>
<row>
<cell leftBorder="White" topBorder="White" rightBorder="White" bottomBorder="White" width="1444" height="194">
<text>
<par>
<line>2. Le site de la Butte</line></par>
</text></cell>
<cell leftBorder="White" topBorder="White" rightBorder="White" bottomBorder="White" width="456" height="194">
<text>
<par>
<line>P 8</line></par>
</text></cell></row>
<row>
<cell leftBorder="White" topBorder="White" rightBorder="White" bottomBorder="White" width="1444" height="192">
<text>
<par>
<line>3. Le site des Fontaines</line></par>
</text></cell>
<cell leftBorder="White" topBorder="White" rightBorder="White" bottomBorder="White" width="456" height="192">
<text>
<par>
<line>p 11</line></par>
</text></cell></row>
<row>
<cell leftBorder="White" topBorder="White" rightBorder="White" bottomBorder="White" width="1444" height="193">
<text>
<par>
<line>4 Le site du Plésseau</line></par>
</text></cell>
<cell leftBorder="White" topBorder="White" rightBorder="White" bottomBorder="White" width="456" height="193">
<text>
<par>
<line>p 14</line></par>
</text></cell></row>
<row>
<cell leftBorder="White" topBorder="White" rightBorder="White" bottomBorder="White" width="1444" height="193">
<text>
<par>
<line>5. Le site de la Bassellerie</line></par>
</text></cell>
<cell leftBorder="White" topBorder="White" rightBorder="White" bottomBorder="White" width="456" height="193">
<text>
<par>
<line>P 17</line></par>
</text></cell></row>
<row>
<cell leftBorder="White" topBorder="White" rightBorder="White" bottomBorder="White" width="1444" height="137">
<text>
<par>
<line>6. Le site de l'Audeverdière (long terme)</line></par>
</text></cell>
<cell leftBorder="White" topBorder="White" rightBorder="White" bottomBorder="White" width="456" height="137">
<text>
<par>
<line>P 20</line></par>
</text></cell></row>
</block>
<block><region><rect/></region>
<text>
<par>
<line>PLU</line></par>
</text>
</block>
<block><region><rect/></region>
<text>
<par>
<line>VILLE DE SAVONNIERES</line></par>
</text>
</block>
<block><region><rect/></region>
<text>
<par>
<line>2</line></par>
</text>
</block>








</page>
<page width="2481" height="3508" resolution="300">
<block><region><rect/></region>
<text>
<par>
<line>ORIENTATIONS D'AMENAGEMENT ET DE PROGRAMMATION</line></par>
</text>
</block>
<block><region><rect/></region>
<text>
<par>
<line>Préambule</line></par>
<par>
<line>Les Orientations d'Aménagement et de Programmation définissent les principes d'organisation des nouveaux</line>
<line>secteurs de développement de la commune de Savonnières. Elles sont établies en application de l'article L 151-7</line>
<line>du code de l'urbanisme en cohérence avec les orientations du PADD.</line></par>
<par>
<line>Elles énoncent le parti général d'aménagement et définissent des principes d'accès, d'insertion dans</line>
<line>l'environnement et de composition des espaces non bâtis et bâtis à respecter.</line></par>
<par>
<line>"Les orientations d'aménagement et de programmation peuvent notamment</line></par>
<par>
<line>1° Définir les actions et opérations nécessaires pour mettre en valeur l'environnement, notamment les continuités</line>
<line>écologiques, les paysages, les entrées de villes et le patrimoine, lutter contre l'insalubrité, permettre le</line>
<line>renouvellement urbain et assurer le développement de la commune</line></par>
<par>
<line>2° Favoriser la mixité fonctionnelle en prévoyant qu'en cas de réalisation d'opérations d'aménagement, de</line>
<line>construction ou de réhabilitation un pourcentage de ces opérations est destiné à la réalisation de commerces</line>
<line>3° Comporter un échéancier prévisionnel de l'ouverture à l'urbanisation des zones à urbaniser et de la réalisation</line>
<line>des équipements correspondants</line></par>
<par>
<line>4° Porter sur des quartiers ou des secteurs à mettre en valeur, réhabiliter, restructurer ou aménager</line></par>
<par>
<line>5° Prendre la forme de schémas d'aménagement et préciser les principales caractéristiques des voies et espaces</line></par>
<par>
<line>publics</line></par>
<par>
<line>6° Adapter la délimitation des périmètres, en fonction de la qualité de la desserte, où s'applique le plafonnement à</line>
<line>proximité des transports prévu aux articles L. 151-35 et L. 151-36".</line></par>
<par>
<line>Pour chacun des sites, et préalablement à l'énoncé des principes d'aménagement, les éléments clés de contexte</line>
<line>ainsi que les objectifs poursuivis sont rappelés. Les principes d'aménagement sont illustrés par un schéma de</line>
<line>principes.</line></par>
<par>
<line>Les sites concernés</line></par>
<par>
<line>6 sites sont concernés par les orientations d'aménagement et de programmation :</line></par>
<par>
<line>■ Le site du cimetière : rue Chaude, en entrée Sud-Ouest du centre-bourg ;</line></par>
<par>
<line>■ Le site de la Butte, à la remontée du vallon, par la rue de Paradis ;</line></par>
<par>
<line>■ Le site des Fontaines, en rive Sud du Stade de football ;</line></par>
<par>
<line>■Le Plesseau, en entrée Sud-Est du bourg, à proximité du nouveau CTM ;</line></par>
<par>
<line>■ L'Audeverdière : zone d'urbanisation future localisée dans le prolongement Sud du quartier des Fontaines ;</line></par>
<par>
<line>■Le site de la Bassellerie, au cœur du hameau.</line></par>
<par>
<line>Les orientations d'aménagement sont opposables aux tiers</line></par>
<par>
<line>Tout projet de construction ou d'aménagement doit tenir compte des orientations définies pour le quartier ou le</line>
<line>secteur où se situe le projet et ce dans un rapport de compatibilité.</line></par>
<par>
<line>Cette compatibilité s'apprécie à l'occasion de l'instruction des demandes d'autorisation d'urbanisme.</line></par>
<par>
<line>C'est « l'esprit » du projet qui doit être respecté.</line></par>
<par>
<line>Les orientations d'aménagement s'inscrivent en cohérence et en complément du règlement d'urbanisme.</line></par>
</text>
</block>
<block><region><rect/></region>
<text>
<par>
<line>PLU</line></par>
</text>
</block>
<block><region><rect/></region>
<text>
<par>
<line>VILLE DE SAVONNIERES</line></par>
</text>
</block>
<block><region><rect/></region>
<text>
<par>
<line>3</line></par>
</text>
</block>











</page>
<page width="2481" height="3508" resolution="300">
<block><region><rect/></region>
<text>
<par>
<line>ORIENTATIONS D'AMENAGEMENT ET DE PR OGRAMMATION</line></par>
</text>
</block>
<block><region><rect/></region>
<text>
<par>
<line>' Localisation des secteurs faisant l'objet d'une OAP</line></par>
</text>
</block>
<block><region><rect/></region>
<text>
<par/>
</text>
</block>
<block><region><rect/></region>
<text>
<par>
<line>■ ■</line></par>
</text>
</block>
<block><region><rect/></region>
<text>
<par/>
</text>
</block>
<block><region><rect/></region>
<text>
<par/>
</text>
</block>
<block><region><rect/></region>
<text>
<par>
<line>.Vÿ-, K: ï,:*</line></par>
</text>
</block>
<block><region><rect/></region>
<text>
<par/>
</text>
</block>
<block><region><rect/></region>
<text>
<par/>
</text>
</block>
<block><region><rect/></region>
<text>
<par/>
</text>
</block>
<block><region><rect/></region>
<text>
<par>
<line>A</line></par>
</text>
</block>
<block><region><rect/></region>
<text>
<par>
<line>«î</line></par>
</text>
</block>
<block><region><rect/></region>
<text>
<par/>
</text>
</block>
<block><region><rect/></region>
<text>
<par/>
</text>
</block>
<block><region><rect/></region>
<text>
<par/>
</text>
</block>
<block><region><rect/></region>
<text>
<par/>
</text>
</block>
<block><region><rect/></region>
<text>
<par/>
</text>
</block>
<block><region><rect/></region>
<text>
<par>
<line>#■-’ - i-vP</line></par>
</text>
</block>
<block><region><rect/></region>
<text>
<par/>
</text>
</block>
<block><region><rect/></region>
<text>
<par/>
</text>
</block>
<block><region><rect/></region>
<text>
<par/>
</text>
</block>
<block><region><rect/></region>
<text>
<par/>
</text>
</block>
<block><region><rect/></region>
<text>
<par>
<line>K’</line></par>
</text>
</block>
<block><region><rect/></region>
<text>
<par>
<line>w*</line></par>
</text>
</block>
<block><region><rect/></region>
<text>
<par/>
</text>
</block>
<block><region><rect/></region>
<text>
<par/>
</text>
</block>
<block><region><rect/></region>
<text>
<par/>
</text>
</block>
<block><region><rect/></region>
<text>
<par/>
</text>
</block>
<block><region><rect/></region>
<text>
<par/>
</text>
</block>
<block><region><rect/></region>
<text>
<par/>
</text>
</block>
<block><region><rect/></region>
<text>
<par>
<line>«</line></par>
</text>
</block>
<block><region><rect/></region>
<text>
<par/>
</text>
</block>
<block><region><rect/></region>
<text>
<par/>
</text>
</block>
<block><region><rect/></region>
<text>
<par/>
</text>
</block>
<block><region><rect/></region>
<text>
<par/>
</text>
</block>
<block><region><rect/></region>
<text>
<par/>
</text>
</block>
<block><region><rect/></region>
<text>
<par/>
</text>
</block>
<block><region><rect/></region>
<text>
<par/>
</text>
</block>
<block><region><rect/></region>
<text>
<par/>
</text>
</block>
<block><region><rect/></region>
<text>
<par>
<line>Rue Chaude</line></par>
</text>
</block>
<block><region><rect/></region>
<text>
<par>
<line>âl?aïButte</line></par>
</text>
</block>
<block><region><rect/></region>
<text>
<par/>
</text>
</block>
<block><region><rect/></region>
<text>
<par/>
</text>
</block>
<block><region><rect/></region>
<text>
<par/>
</text>
</block>
<block><region><rect/></region>
<text>
<par/>
</text>
</block>
<block><region><rect/></region>
<text>
<par>
<line>^ Jil^BasselilerÆ</line></par>
</text>
</block>
<block><region><rect/></region>
<text>
<par>
<line>Les" Fontaines</line></par>
</text>
</block>
<block><region><rect/></region>
<text>
<par>
<line>P esseau</line></par>
</text>
</block>
<block><region><rect/></region>
<text>
<par/>
</text>
</block>
<block><region><rect/></region>
<text>
<par/>
</text>
</block>
<block><region><rect/></region>
<text>
<par/>
</text>
</block>
<block><region><rect/></region>
<text>
<par/>
</text>
</block>
<block><region><rect/></region>
<text>
<par/>
</text>
</block>
<block><region><rect/></region>
<text>
<par/>
</text>
</block>
<block><region><rect/></region>
<text>
<par/>
</text>
</block>
<block><region><rect/></region>
<text>
<par/>
</text>
</block>
<block><region><rect/></region>
<text>
<par/>
</text>
</block>
<block><region><rect/></region>
<text>
<par>
<line>Audever.dier.e</line></par>
</text>
</block>
<block><region><rect/></region>
<text>
<par>
<line>% :</line></par>
</text>
</block>
<block><region><rect/></region>
<text>
<par/>
</text>
</block>
<block><region><rect/></region>
<text>
<par>
<line>ÏNeÈ</line></par>
</text>
</block>
<block><region><rect/></region>
<text>
<par/>
</text>
</block>
<block><region><rect/></region>
<text>
<par/>
</text>
</block>
<block><region><rect/></region>
<text>
<par/>
</text>
</block>
<block><region><rect/><rect/></region>
<text>
<par/>
</text>
</block>
<block><region><rect/></region>
<text>
<par/>
</text>
</block>
<block><region><rect/></region>
<text>
<par>
<line>V.;-</line></par>
</text>
</block>
<block><region><rect/></region>
<text>
<par/>
</text>
</block>
<block><region><rect/></region>
<text>
<par/>
</text>
</block>
<block><region><rect/></region>
<text>
<par/>
</text>
</block>
<block><region><rect/></region>
<text>
<par/>
</text>
</block>
<block><region><rect/></region>
<text>
<par/>
</text>
</block>
<block><region><rect/></region>
<text>
<par/>
</text>
</block>
<block><region><rect/></region>
<text>
<par/>
</text>
</block>
<block><region><rect/></region>
<text>
<par/>
</text>
</block>
<block><region><rect/></region>
<text>
<par/>
</text>
</block>
<block><region><rect/></region>
<text>
<par>
<line>s-</line></par>
</text>
</block>
<block><region><rect/></region>
<text>
<par/>
</text>
</block>
<block><region><rect/></region>
<text>
<par/>
</text>
</block>
<block><region><rect/></region>
<text>
<par/>
</text>
</block>
<block><region><rect/></region>
<text>
<par/>
</text>
</block>
<block><region><rect/></region>
<text>
<par>
<line>PLU</line></par>
</text>
</block>
<block><region><rect/></region>
<text>
<par>
<line>VILLE DE SAVONNIERES</line></par>
</text>
</block>
<block><region><rect/></region>
<text>
<par>
<line>4</line></par>
</text>
</block>























<block blockType="Picture" blockName="" l="255" t="507" r="572" b="572"><region><rect/></region>
</block>
<block blockType="Picture" blockName="" l="251" t="503" r="2295" b="2367"><region><rect/></region>
</block>
</page>
<page width="2481" height="3508" resolution="300">
<block><region><rect/></region>
<text>
<par>
<line>ORIENTATIONS D'AMENAGEMENT ET DE PROGRAMMATION</line></par>
</text>
</block>
<block><region><rect/></region>
<text>
<par/>
</text>
</block>
<block><region><rect/></region>
<text>
<par>
<line>1.Rue Chaude</line></par>
<par>
<line>1,2ha dont 0,3 pour des équipements publics servant au-delà de la zone</line>
<line>Zonage PLU : lAUa, U B</line></par>
</text>
</block>
<block><region><rect/></region>
<text>
<par>
<line>■ ' 1 - Contexte</line></par>
</text>
</block>
<block><region><rect/></region>
<text>
<par>
<line>Le secteur de projet de 1,2 ha est localisé en entrée Sud-Ouest du Bourg, le long de la rue Chaude.</line></par>
<par>
<line>Cet axe d'accès direct au centre-bourg est principalement urbanisé dans sa partie Nord avec la présence d'un</line>
<line>espace dédié à de l'habitat individuel établi sur un parcellaire peu dense qui est prolongé à l'Est par le cimetière de</line>
<line>la commune. La présence de cet équipement et les évolutions urbaines à venir nécessitent d'adapter l'offre en</line>
<line>stationnement.</line></par>
<par>
<line>En poursuivant vers le bourg, la rue chaude se resserre, offrant une ambiance plus urbaine.</line></par>
<par>
<line>Côté Sud de la voie, le site à urbaniser s'inscrit dans une topographie et une ambiance paysagères de grande</line>
<line>qualité marquée par une trame réseau de haies qui vient cadrer la limite des terrains.</line></par>
<par>
<line>Le long des haies, on note également la présence d'un ruisseau qui participe à l'écoulement des eaux pluviales et</line>
<line>qui nécessite une prise en compte dans le futur aménagement.</line></par>
</text>
</block>
<block><region><rect/></region>
<text>
<par>
<line>'*100 marches</line></par>
</text>
</block>
<block><region><rect/></region>
<text>
<par/>
</text>
</block>
<block><region><rect/></region>
<text>
<par>
<line>terres de pâture</line></par>
</text>
</block>
<block><region><rect/></region>
<text>
<par/>
</text>
</block>
<block><region><rect/></region>
<text>
<par>
<line>PLU</line></par>
</text>
</block>
<block><region><rect/></region>
<text>
<par>
<line>VILLE DESAVONNIERES</line></par>
</text>
</block>













<block blockType="Picture" blockName="" l="1301" t="1981" r="1469" b="2003"><region><rect/></region>
</block>
<block blockType="Picture" blockName="" l="1243" t="2748" r="1433" b="2774"><region><rect/></region>
</block>
<block blockType="Picture" blockName="" l="305" t="450" r="377" b="517"><region><rect/></region>
</block>
</page>
<page width="2481" height="3508" resolution="300">
<block><region><rect/></region>
<text>
<par>
<line>ORIENTATIONS D'AMENAGEMENT ET DE PROGRAMMATION</line></par>
</text>
</block>
<block><region><rect/></region>
<text>
<par>
<line>■ ' 2 - Objectifs</line></par>
<par>
<line>• Aménager l'entrée Sud-Ouest du bourg</line></par>
<par>
<line>• Valoriser les caractéristiques paysagères du site</line></par>
<par>
<line>• Construire une façade urbaine</line></par>
<par>
<line>• Implanter le centre d'intervention des pompiers (CPI)</line></par>
<par>
<line>• Développer l'offre de logements à proximité du centre-bourg avec la construction de 15 à 20 logements</line></par>
<par>
<line>• Développer l'offre de logements locatifs (25% du programme)</line></par>
<par>
<line>• Répondre aux besoins de gestion de l'eau pluviale du secteur.</line></par>
<par>
<line>• Compléter le maillage de circulations douces</line></par>
<par>
<line>• Répondre au besoin de stationnement particulier du secteur</line></par>
<par>
<line>. ' 3 - Principes d'aménagement</line></par>
<par>
<line>• Entre la zone d'habitat et l'aire de stationnement, permettre l'implantation du centre de secours des pompiers.</line>
<line>Sa volumétrie et son architecture permettront son intégration dans une séquence d'entrée de bourg.</line></par>
<par>
<line>• Aménager dans la partie haute de la rue Chaude un programme de logements permettant l'expression d'une</line>
<line>densité de centre-bourg destinée à marquer le caractère urbain de l'entrée de ville et favorable à la diversité de</line>
<line>l'habitat.</line></par>
<par>
<line>• Desservir la zone d'habitat à partir d'un accès unique dans le prolongement de la rue des Verreries.</line></par>
<par>
<line>La possibilité d'aménager à plus ou moins long terme une liaison vers les quartiers situés autour de la prairie</line>
<line>Mexme devra également être prise en compte dans le schéma d'aménagement.</line></par>
<par>
<line>•Organiser l'implantation des constructions de part et d'autre de cette voie d'accès Les bâtiments seront orientés</line>
<line>de manière à préserver les vues vers le Sud du site en direction des haies et de la prairie Mexme. Cette</line>
<line>implantation perpendiculaire à la rue Chaude favorisera également une exposition très favorable Nord/Sud.</line></par>
<par>
<line>• S'appuyer sur l'urbanisation du site pour développer le réseau de circulations douces (piétons, vélos).</line></par>
<par>
<line>La recherche d'une continuité Nord/Sud est à privilégier pour assurer la liaison entre la prairie Mexme et le</line>
<line>centre-bourg en empruntant la rue des Verreries puis le passage des cent marches.</line></par>
<par>
<line>Un cheminement en rive Sud de l'opération, longeant les haies et le bassin de retenue des eaux pluviales est</line>
<line>également à prendre en compte.</line></par>
<par>
<line>• Préserver les caractéristiques bocagères du paysage. Le réseau de haies présent au Sud et à l'Ouest du site sera</line>
<line>si possible conservé, valorisé et prolongé dans l'aménagement des espaces non bâtis.</line></par>
<par>
<line>• Faire de la présence de l'eau un des éléments de valorisation du site.</line></par>
<par>
<line>L'aménagement du bassin de rétention des eaux pluviales devra être conçu comme un élément de composition</line>
<line>d'animation afin de mettre en scène le circuit de l'eau. Il en sera de même pour les abords du fossé. Pour</line>
<line>permettre son entretien, une zone d'accès doit donc être réservée à cet effet.</line></par>
<par>
<line>• Réorganiser l'aire de stationnement pour répondre aux besoins diversifiés du secteur (accueil cimetière,</line>
<line>pompiers, visiteurs). Son traitement paysagé participera à la qualification de la rue.</line></par>
</text>
</block>
<block><region><rect/></region>
<text>
<par>
<line>PLU</line></par>
</text>
</block>
<block><region><rect/></region>
<text>
<par>
<line>VILLE DESAVONNIERES</line></par>
</text>
</block>
<block><region><rect/></region>
<text>
<par>
<line>6</line></par>
</text>
</block>











</page>
<page width="2481" height="3508" resolution="300">
<block><region><rect/></region>
<text>
<par>
<line>ORIENTATIONS D'AMENAGEMENT ET DE PR OGRAMMATION</line></par>
</text>
</block>
<block><region><rect/></region>
<text>
<par>
<line>' Orientation graphique d'aménagement</line></par>
</text>
</block>
<block><region><rect/></region>
<text>
<par>
<line>%</line></par>
</text>
</block>
<block><region><rect/></region>
<text>
<par/>
</text>
</block>
<block><region><rect/></region>
<text>
<par>
<line>m</line></par>
</text>
</block>
<block><region><rect/></region>
<text>
<par/>
</text>
</block>
<block><region><rect/></region>
<text>
<par>
<line>■s</line></par>
</text>
</block>
<block><region><rect/></region>
<text>
<par>
<line>t**</line></par>
</text>
</block>
<block><region><rect/></region>
<text>
<par>
<line>"1</line></par>
</text>
</block>
<block><region><rect/><rect/></region>
<text>
<par/>
</text>
</block>
<block><region><rect/></region>
<text>
<par/>
</text>
</block>
<block><region><rect/></region>
<text>
<par/>
</text>
</block>
<block><region><rect/></region>
<text>
<par/>
</text>
</block>
<block><region><rect/></region>
<text>
<par/>
</text>
</block>
<block><region><rect/></region>
<text>
<par/>
</text>
</block>
<block><region><rect/></region>
<text>
<par>
<line>«••T*</line></par>
</text>
</block>
<block><region><rect/></region>
<text>
<par/>
</text>
</block>
<block><region><rect/></region>
<text>
<par/>
</text>
</block>
<block><region><rect/></region>
<text>
<par>
<line>5^</line></par>
</text>
</block>
<block><region><rect/></region>
<text>
<par/>
</text>
</block>
<block><region><rect/></region>
<text>
<par/>
</text>
</block>
<block><region><rect/></region>
<text>
<par/>
</text>
</block>
<block><region><rect/></region>
<text>
<par/>
</text>
</block>
<block><region><rect/></region>
<text>
<par/>
</text>
</block>
<block><region><rect/></region>
<text>
<par/>
</text>
</block>
<block><region><rect/></region>
<text>
<par/>
</text>
</block>
<block><region><rect/></region>
<text>
<par/>
</text>
</block>
<block><region><rect/></region>
<text>
<par>
<line>TT</line></par>
</text>
</block>
<block><region><rect/></region>
<text>
<par/>
</text>
</block>
<block><region><rect/></region>
<text>
<par/>
</text>
</block>
<block><region><rect/></region>
<text>
<par>
<line>J*</line></par>
</text>
</block>
<block><region><rect/></region>
<text>
<par>
<line>%</line></par>
</text>
</block>
<block><region><rect/></region>
<text>
<par/>
</text>
</block>
<block><region><rect/></region>
<text>
<par>
<line>Cheminement doux a créer</line></par>
</text>
</block>
<block><region><rect/></region>
<text>
<par>
<line>*•••</line></par>
</text>
</block>
<block><region><rect/></region>
<text>
<par/>
</text>
</block>
<block><region><rect/></region>
<text>
<par>
<line>voine de desserte a creer</line></par>
</text>
</block>
<block><region><rect/></region>
<text>
<par>
<line>Axe pnnapal de composition</line></par>
</text>
</block>
<block><region><rect/></region>
<text>
<par>
<line>4LO</line></par>
</text>
</block>
<block><region><rect/></region>
<text>
<par>
<line>h</line></par>
</text>
</block>
<block><region><rect/></region>
<text>
<par>
<line>Implantation a ralignement</line></par>
</text>
</block>
<block><region><rect/></region>
<text>
<par/>
</text>
</block>
<block><region><rect/></region>
<text>
<par>
<line>•»#</line></par>
</text>
</block>
<block><region><rect/></region>
<text>
<par/>
</text>
</block>
<block><region><rect/></region>
<text>
<par>
<line>Façade urbaine</line></par>
</text>
</block>
<block><region><rect/></region>
<text>
<par>
<line>Espace d accompagnement (p«ton et enbetwn fossé)</line></par>
</text>
</block>
<block><region><rect/></region>
<text>
<par>
<line>Traitement de I eau (noue^ssm)</line></par>
</text>
</block>
<block><region><rect/></region>
<text>
<par/>
</text>
</block>
<block><region><rect/></region>
<text>
<par>
<line>Accès pnncipal au site</line></par>
</text>
</block>
<block><region><rect/></region>
<text>
<par/>
</text>
</block>
<block><region><rect/></region>
<text>
<par>
<line>Stationnement mutualisé</line></par>
</text>
</block>
<block><region><rect/></region>
<text>
<par/>
</text>
</block>
<block><region><rect/></region>
<text>
<par>
<line>CPI</line></par>
</text>
</block>
<block><region><rect/></region>
<text>
<par>
<line>Logement</line></par>
</text>
</block>
<block><region><rect/></region>
<text>
<par>
<line>a</line></par>
</text>
</block>
<block><region><rect/></region>
<text>
<par>
<line>U</line></par>
</text>
</block>
<block><region><rect/></region>
<text>
<par>
<line>i</line></par>
</text>
</block>
<block><region><rect/></region>
<text>
<par>
<line>Créer une zone d'habitat</line>
<line>Renforcer l'intensité bâtie</line></par>
<par>
<line>(densité, hauteur, mixité)</line></par>
<par>
<line>Créer une façade urbaine</line>
<line>(pas d'arrière de bâti sur la voie, alignement)</line></par>
<par>
<line>-Implanter les pignons à</line></par>
<par>
<line>l'alignement</line></par>
<par>
<line>- ■ — Implanter le bâti perpendiculaire¬</line>
<line>ment à la voie pour préserver les</line>
<line>vues sur le paysage</line></par>
</text>
</block>
<block><region><rect/></region>
<text>
<par>
<line>Aménager un accès qualitatif au</line></par>
</text>
</block>
<block><region><rect/></region>
<text>
<par>
<line>site dans le prolongement de la</line></par>
</text>
</block>
<block><region><rect/></region>
<text>
<par>
<line>rue de a Verrerie</line></par>
</text>
</block>
<block><region><rect/></region>
<text>
<par>
<line>Tracé de principe de voirie</line></par>
</text>
</block>
<block><region><rect/></region>
<text>
<par>
<line>de desserte a creer</line></par>
</text>
</block>
<block><region><rect/></region>
<text>
<par>
<line>• Tracé de principe de chemine¬</line></par>
</text>
</block>
<block><region><rect/></region>
<text>
<par>
<line>ment doux à créer</line></par>
</text>
</block>
<block><region><rect/></region>
<text>
<par>
<line>Cheminement doux existant a relier</line></par>
</text>
</block>
<block><region><rect/></region>
<text>
<par>
<line>SI possible</line></par>
</text>
</block>
<block><region><rect/></region>
<text>
<par>
<line>Se connecter aux routes existantes</line></par>
</text>
</block>
<block><region><rect/></region>
<text>
<par>
<line>Préserver un espace pour permettre</line>
<line>l'entretien du fossé</line></par>
</text>
</block>
<block><region><rect/></region>
<text>
<par>
<line>Aménager et paysager un bassin</line>
<line>d'orage de 200 ms en extréminté</line>
<line>Nord de l'opération</line></par>
</text>
</block>
<block blockType="Picture" blockName="" l="1596" t="2504" r="2286" b="2580"><region><rect/></region>
</block>
<block><region><rect/></region>
<text>
<par>
<line>^ ÿ Composer avec les éléments du</line>
<line>^ ^ paysage bocager ; haies, massifs</line></par>
</text>
</block>
<block><region><rect/></region>
<text>
<par>
<line>PLU</line></par>
</text>
</block>
<block><region><rect/></region>
<text>
<par>
<line>VILLE DE SAVONNIERES</line></par>
</text>
</block>
<block><region><rect/></region>
<text>
<par>
<line>7</line></par>
</text>
</block>





























<block blockType="Picture" blockName="" l="1997" t="670" r="2088" b="740"><region><rect/></region>
</block>
<block blockType="Picture" blockName="" l="1971" t="844" r="2120" b="884"><region><rect/></region>
</block>
<block blockType="Picture" blockName="" l="1805" t="851" r="1962" b="922"><region><rect/></region>
</block>
<block blockType="Picture" blockName="" l="279" t="570" r="2412" b="2164"><region><rect/></region>
</block>
<block blockType="Picture" blockName="" l="960" t="2405" r="1062" b="2557"><region><rect/></region>
</block>
<block blockType="Picture" blockName="" l="299" t="2392" r="402" b="2529"><region><rect/></region>
</block>
<block blockType="Picture" blockName="" l="961" t="2592" r="1061" b="2656"><region><rect/></region>
</block>
</page>
<page width="2481" height="3508" resolution="300">
<block><region><rect/></region>
<text>
<par>
<line>ORIENTATIONS D'AMENAGEMENT ET DE PROGRAMMATION</line></par>
</text>
</block>
<block><region><rect/></region>
<text>
<par>
<line>J—^</line></par>
</text>
</block>
<block><region><rect/></region>
<text>
<par>
<line>1</line></par>
</text>
</block>
<block><region><rect/></region>
<text>
<par>
<line>2.Le site de la Butte</line></par>
<par>
<line>1,2ha</line></par>
<par>
<line>Zonage PLU : UB</line></par>
</text>
</block>
<block><region><rect/></region>
<text>
<par>
<line>. ' 1 - Contexte</line></par>
<par>
<line>Le site de la Butte se situe à la remontée du vallon, par la rue de Paradis. Il constitue le point d'articulation entre le</line>
<line>bourg ancien et ses extensions en direction du plateau et le pôle d'habitat et d'équipement des Fontaines. Il introduit</line>
<line>la ville "contemporaine" destinée à se développer à terme jusqu'au hameau de l'Audeverdière.</line></par>
<par>
<line>Le site de projet encadré par les rues des Fontaines et de la Bijonnerie, compte tenue de la topographie se trouve</line>
<line>pour partie en surplomb par rapport à la voie.</line></par>
<par>
<line>Il se caractérise également par la présence d'un bâtiment ancien dont une partie pourrait être réhabilitée en fonction</line>
<line>du diagnostic technique.</line></par>
</text>
</block>
<block><region><rect/><rect/><rect/></region>
<text>
<par>
<line>K '</line></par>
</text>
</block>
<block><region><rect/><rect/><rect/></region>
<text>
<par/>
</text>
</block>
<block><region><rect/></region>
<text>
<par>
<line>€ s</line></par>
</text>
</block>
<block><region><rect/></region>
<text>
<par/>
</text>
</block>
<block><region><rect/></region>
<text>
<par/>
</text>
</block>
<block><region><rect/></region>
<text>
<par/>
</text>
</block>
<block><region><rect/></region>
<text>
<par/>
</text>
</block>
<block><region><rect/></region>
<text>
<par>
<line>PLU</line></par>
</text>
</block>
<block><region><rect/></region>
<text>
<par>
<line>VILLE DESAVONNIERES</line></par>
</text>
</block>
<block><region><rect/></region>
<text>
<par>
<line>8</line></par>
</text>
</block>










<block blockType="Picture" blockName="" l="1046" t="1939" r="1108" b="2019"><region><rect/></region>
</block>
<block blockType="Picture" blockName="" l="203" t="1583" r="2167" b="2900"><region><rect/></region>
</block>
<block blockType="Picture" blockName="" l="324" t="435" r="415" b="494"><region><rect/></region>
</block>
</page>
<page width="2481" height="3508" resolution="300">
<block><region><rect/></region>
<text>
<par>
<line>ORIENTATIONS D'AMENAGEMENT ET DE PROGRAMMATION</line></par>
</text>
</block>
<block><region><rect/></region>
<text>
<par>
<line>■ ' 2 - Objectifs</line></par>
<par>
<line>• Prendre en compte les éléments bâtis intéressants (en fonction du diagnostic des bâtiments)</line></par>
<par>
<line>• Développer l'offre de logements locatifs sur une partie du site (environ 5 à 6 logements)</line></par>
<par>
<line>• Economiser l'espace en restructurant et en densifiant les sites propices.</line></par>
<par>
<line>• Etoffer l'offre d'équipements.</line></par>
<par>
<line>• Poursuivre la structuration du pôle des Fontaines.</line></par>
<par>
<line>• Qualifier l'ensemble du site.</line></par>
<par>
<line>. ' 3 - Principes d'aménagement</line></par>
<par>
<line>• Mettre en valeur la tête de l'îlot par l'aménagement de l'espace vert paysagé existant à l'intersection de la rue</line>
<line>des Fontaines et de la rue de la Bijonnerie.</line></par>
<par>
<line>• Intégrer les constructions dans les caractéristiques topographiques des lieux : le parti de construction pourra</line>
<line>composer avec le talus.</line></par>
<par>
<line>- Le long de la rue de la Bijonnerie, il est préconisé une orientation Nord/Sud des bâtiments avec pignon sur rue</line>
<line>et accès garage en Rdc de la voie.</line></par>
<par>
<line>- Le long de la route de la Butte, il est préconisé de reprendre les mêmes implantations que les bâtiments</line>
<line>anciens.</line></par>
<par>
<line>• Insérer une partie du programme (équipements et/ou logements dans le bâtiment ancien pouvant être</line>
<line>réhabilité (la grange).</line></par>
<par>
<line>• Assurer la desserte du programme principal de logement à partir de l'accès existant, rue des Fontaines.</line></par>
<par>
<line>L'accès aux équipements et/ou au programme de logements secondaires s'effectuera par le chemin rural</line>
<line>existant à partir de la rue de la Bijonnerie.</line></par>
</text>
</block>
<block><region><rect/></region>
<text>
<par>
<line>PLU</line></par>
</text>
</block>
<block><region><rect/></region>
<text>
<par>
<line>VILLE DESAVONNIERES</line></par>
</text>
</block>
<block><region><rect/></region>
<text>
<par>
<line>9</line></par>
</text>
</block>












</page>
<page width="2481" height="3508" resolution="300">
<block><region><rect/></region>
<text>
<par>
<line>ORIENTATIONS D'AMENAGEMENT ET DE PR OGRAMMATION</line></par>
</text>
</block>
<block><region><rect/></region>
<text>
<par>
<line>' Orientation graphique d'aménagement</line></par>
</text>
</block>
<block><region><rect/></region>
<text>
<par/>
</text>
</block>
<block><region><rect/></region>
<text>
<par/>
</text>
</block>
<block><region><rect/></region>
<text>
<par/>
</text>
</block>
<block><region><rect/></region>
<text>
<par/>
</text>
</block>
<block><region><rect/></region>
<text>
<par>
<line>:3k</line></par>
</text>
</block>
<block><region><rect/></region>
<text>
<par/>
</text>
</block>
<block><region><rect/></region>
<text>
<par/>
</text>
</block>
<block><region><rect/></region>
<text>
<par/>
</text>
</block>
<block><region><rect/></region>
<text>
<par/>
</text>
</block>
<block><region><rect/></region>
<text>
<par/>
</text>
</block>
<block><region><rect/></region>
<text>
<par>
<line>W-</line></par>
</text>
</block>
<block><region><rect/></region>
<text>
<par>
<line>iJ</line></par>
</text>
</block>
<block><region><rect/></region>
<text>
<par/>
</text>
</block>
<block><region><rect/></region>
<text>
<par/>
</text>
</block>
<block><region><rect/></region>
<text>
<par/>
</text>
</block>
<block><region><rect/></region>
<text>
<par/>
</text>
</block>
<block><region><rect/></region>
<text>
<par>
<line>?</line></par>
</text>
</block>
<block><region><rect/></region>
<text>
<par/>
</text>
</block>
<block><region><rect/></region>
<text>
<par>
<line>f/. / :</line></par>
</text>
</block>
<block><region><rect/></region>
<text>
<par>
<line>3F</line></par>
</text>
</block>
<block><region><rect/></region>
<text>
<par/>
</text>
</block>
<block><region><rect/></region>
<text>
<par/>
</text>
</block>
<block><region><rect/></region>
<text>
<par>
<line>-i</line></par>
</text>
</block>
<block><region><rect/></region>
<text>
<par/>
</text>
</block>
<block><region><rect/></region>
<text>
<par/>
</text>
</block>
<block><region><rect/></region>
<text>
<par>
<line>%</line></par>
</text>
</block>
<block><region><rect/></region>
<text>
<par/>
</text>
</block>
<block><region><rect/></region>
<text>
<par/>
</text>
</block>
<block><region><rect/></region>
<text>
<par/>
</text>
</block>
<block><region><rect/></region>
<text>
<par>
<line>-’-V,</line></par>
</text>
</block>
<block><region><rect/></region>
<text>
<par>
<line>V.</line></par>
</text>
</block>
<block><region><rect/></region>
<text>
<par/>
</text>
</block>
<block><region><rect/></region>
<text>
<par>
<line>-J</line></par>
</text>
</block>
<block><region><rect/></region>
<text>
<par/>
</text>
</block>
<block><region><rect/></region>
<text>
<par>
<line>W;-rï</line></par>
</text>
</block>
<block><region><rect/></region>
<text>
<par/>
</text>
</block>
<block><region><rect/></region>
<text>
<par/>
</text>
</block>
<block><region><rect/></region>
<text>
<par/>
</text>
</block>
<block><region><rect/></region>
<text>
<par/>
</text>
</block>
<block><region><rect/><rect/></region>
<text>
<par/>
</text>
</block>
<block><region><rect/></region>
<text>
<par/>
</text>
</block>
<block><region><rect/></region>
<text>
<par>
<line>iK</line></par>
</text>
</block>
<block><region><rect/></region>
<text>
<par>
<line>n;</line></par>
</text>
</block>
<block><region><rect/></region>
<text>
<par/>
</text>
</block>
<block><region><rect/></region>
<text>
<par/>
</text>
</block>
<block><region><rect/></region>
<text>
<par/>
</text>
</block>
<block><region><rect/></region>
<text>
<par>
<line>».</line></par>
</text>
</block>
<block><region><rect/></region>
<text>
<par/>
</text>
</block>
<block><region><rect/></region>
<text>
<par/>
</text>
</block>
<block><region><rect/></region>
<text>
<par>
<line>^ .:àv</line></par>
</text>
</block>
<block><region><rect/></region>
<text>
<par/>
</text>
</block>
<block><region><rect/></region>
<text>
<par/>
</text>
</block>
<block><region><rect/></region>
<text>
<par>
<line>Equipement /logement</line></par>
<par>
<line>Logement</line></par>
<par>
<line>Réhabilitation</line></par>
<par>
<line>Espace vert</line></par>
<par>
<line>Accès</line></par>
<par>
<line>Axe de composition</line></par>
</text>
</block>
<block><region><rect/></region>
<text>
<par/>
</text>
</block>
<block><region><rect/></region>
<text>
<par>
<line>i</line></par>
</text>
</block>
<block><region><rect/></region>
<text>
<par/>
</text>
</block>
<block><region><rect/><rect/><rect/></region>
<text>
<par>
<line>^ c</line></par>
</text>
</block>
<block><region><rect/></region>
<text>
<par/>
</text>
</block>
<block><region><rect/></region>
<text>
<par>
<line>PLU</line></par>
</text>
</block>
<block><region><rect/></region>
<text>
<par>
<line>VILLE DE SAVONNIERES</line></par>
</text>
</block>
<block><region><rect/></region>
<text>
<par>
<line>10</line></par>
</text>
</block>



























<block blockType="Picture" blockName="" l="795" t="1169" r="875" b="1225"><region><rect/></region>
</block>
<block blockType="Picture" blockName="" l="435" t="1515" r="537" b="1545"><region><rect/></region>
</block>
<block blockType="Picture" blockName="" l="1379" t="2498" r="2444" b="3147"><region><rect/></region>
</block>
</page>
<page width="2481" height="3508" resolution="300">
<block><region><rect/></region>
<text>
<par>
<line>ORIENTATIONS D'AMENAGEMENT ET DE PROGRAMMATION</line></par>
</text>
</block>
<block><region><rect/></region>
<text>
<par>
<line>t</line></par>
</text>
</block>
<block><region><rect/></region>
<text>
<par/>
</text>
</block>
<block><region><rect/></region>
<text>
<par>
<line>y</line></par>
</text>
</block>
<block><region><rect/></region>
<text>
<par/>
</text>
</block>
<block><region><rect/></region>
<text>
<par>
<line>3.Le site des Fontaines</line></par>
<par>
<line>0,2 ha</line></par>
<par>
<line>Zonage PLU : UB</line></par>
</text>
</block>
<block><region><rect/></region>
<text>
<par>
<line>. 1 - Contexte</line></par>
<par>
<line>Le site de projet se localise au cœur du quartier des Fontaines, en rive Sud du stade de football.</line></par>
<par>
<line>Il est bordé à l'Est et à l'Ouest par un habitat individuel à R+C avec à chaque extrémité de la zone une amorce de</line>
<line>voie.</line></par>
<par>
<line>Situé dans la continuité Nord du site de l'Audeverdière, il constitue une sorte de Belvédère sur le terrain de sport</line>
<line>et le grand paysage de la vallée du Cher, ce qui implique une attention particulière dans les principes</line>
<line>d'aménagement afin de conserver les perspectives visuelles les plus intéressantes.</line></par>
<par>
<line>En rive Ouest un chemin rural permet l'accès aux équipements sportifs. Ce chemin est connecté au Sud à la route</line>
<line>de la Guillonnière.</line></par>
</text>
</block>
<block><region><rect/></region>
<text>
<par>
<line>PLU</line></par>
</text>
</block>
<block><region><rect/></region>
<text>
<par>
<line>VILLE DESAVONNIERES</line></par>
</text>
</block>
<block><region><rect/></region>
<text>
<par>
<line>11</line></par>
</text>
</block>












<block blockType="Picture" blockName="" l="893" t="1591" r="966" b="1669"><region><rect/></region>
</block>
<block blockType="Picture" blockName="" l="381" t="2010" r="2006" b="3125"><region><rect/></region>
</block>
<block blockType="Picture" blockName="" l="347" t="476" r="418" b="526"><region><rect/></region>
</block>
</page>
<page width="2481" height="3508" resolution="300">
<block><region><rect/></region>
<text>
<par>
<line>ORIENTATIONS D'AMENAGEMENT ET DE PROGRAMMATION</line></par>
</text>
</block>
<block><region><rect/></region>
<text>
<par>
<line>. ' 2- Objectifs</line></par>
<par>
<line>• Terminer l'urbanisation du secteur par la construction d'un programme d'une dizaine de logements à</line>
<line>proximité des équipements existants.</line></par>
<par>
<line>• Assurer une couture urbaine "fine" entre les deux rives bâties.</line></par>
<par>
<line>• Renforcer l'offre de logements locatifs (25% minimum du programme).</line></par>
<par>
<line>• Insérer le programme dans l'environnement du quartier.</line></par>
<par>
<line>• Développer les circulations douces.</line></par>
<par>
<line>• Compléter le maillage de la voirie.</line></par>
</text>
</block>
<block><region><rect/></region>
<text>
<par>
<line>■ ' 3 - Principes d'aménagement</line></par>
<par>
<line>• Organiser l'implantation des constructions de manière à préserver les vues sur le grand paysage. Dans cette</line>
<line>perspective, les continuités bâties Est-Ouest devront être évitées afin de préserver des perméabilités</line>
<line>Nord/Sud.</line></par>
<par>
<line>• Assurer une insertion douce du programme de logements au sein de l'environnement bâti existant.</line></par>
<par>
<line>• L'habitat individuel sera privilégié avec des hauteurs à R+C et le nombre de logements sera limité (10 unités</line>
<line>environ)</line></par>
<par>
<line>• Aménager une voie Est/Ouest dans la continuité des deux amorces existantes : connexion de la rue des</line>
<line>Sources à la rue des Acacias pour développer le maillage urbain.</line></par>
<par>
<line>• Caler la limite bâtie de manière à laisser suffisamment d'espace public en rive Nord et préserver ainsi la</line>
<line>perception sur le grand paysage.</line></par>
<par>
<line>• Maintenir et valoriser une continuité de liaison douce (Nord/Sud) permettant d'accéder aux équipements</line>
<line>sportifs. Ce chemin constituera le prolongement de la colonne vertébrale du futur quartier de l'Audeverdière</line>
<line>(voir rOAP correspondante).</line></par>
</text>
</block>
<block blockType="Table" blockName="" l="91" t="3230" r="2336" b="3356"><region><rect/></region>
<row>
<cell topBorder="White" rightBorder="White" bottomBorder="White" width="91" height="42">
<text>
<par>
<line>|L—L-</line></par>
</text></cell>
<cell leftBorder="White" topBorder="White" bottomBorder="White" width="263" height="42">
<text>
<par/>
</text></cell>
<cell topBorder="White" rightBorder="White" bottomBorder="White" width="1465" height="42">
<text>
<par/>
</text></cell>
<cell leftBorder="White" topBorder="White" bottomBorder="White" width="426" height="42">
<text>
<par/>
</text></cell></row>
<row>
<cell topBorder="White" rightBorder="White" width="91" height="84">
<text>
<par/>
</text></cell>
<cell leftBorder="White" topBorder="White" width="263" height="84">
<text>
<par>
<line>PLU</line></par>
</text></cell>
<cell topBorder="White" rightBorder="White" width="1465" height="84">
<text>
<par>
<line>VILLE DESAVONNIERES</line></par>
</text></cell>
<cell leftBorder="White" topBorder="White" width="426" height="84">
<text>
<par>
<line>12</line></par>
</text></cell></row>
</block>








</page>
<page width="2481" height="3508" resolution="300">
<block><region><rect/></region>
<text>
<par>
<line>ORIENTATIONS D'AMENAGEMENT ET DE PR OGRAMMATION</line></par>
</text>
</block>
<block><region><rect/></region>
<text>
<par>
<line>' Orientation graphique d'aménagement</line></par>
</text>
</block>
<block><region><rect/></region>
<text>
<par/>
</text>
</block>
<block><region><rect/></region>
<text>
<par/>
</text>
</block>
<block><region><rect/></region>
<text>
<par/>
</text>
</block>
<block><region><rect/></region>
<text>
<par>
<line>■\'l</line></par>
</text>
</block>
<block><region><rect/></region>
<text>
<par>
<line>r- , ..Jt</line></par>
</text>
</block>
<block><region><rect/></region>
<text>
<par/>
</text>
</block>
<block><region><rect/></region>
<text>
<par/>
</text>
</block>
<block><region><rect/></region>
<text>
<par/>
</text>
</block>
<block><region><rect/></region>
<text>
<par/>
</text>
</block>
<block><region><rect/></region>
<text>
<par/>
</text>
</block>
<block><region><rect/></region>
<text>
<par/>
</text>
</block>
<block><region><rect/><rect/><rect/></region>
<text>
<par/>
</text>
</block>
<block><region><rect/></region>
<text>
<par/>
</text>
</block>
<block><region><rect/></region>
<text>
<par/>
</text>
</block>
<block><region><rect/></region>
<text>
<par/>
</text>
</block>
<block><region><rect/></region>
<text>
<par/>
</text>
</block>
<block><region><rect/></region>
<text>
<par>
<line>î. '"O</line></par>
</text>
</block>
<block><region><rect/></region>
<text>
<par/>
</text>
</block>
<block><region><rect/></region>
<text>
<par/>
</text>
</block>
<block><region><rect/></region>
<text>
<par/>
</text>
</block>
<block><region><rect/></region>
<text>
<par/>
</text>
</block>
<block><region><rect/></region>
<text>
<par/>
</text>
</block>
<block><region><rect/></region>
<text>
<par/>
</text>
</block>
<block><region><rect/></region>
<text>
<par/>
</text>
</block>
<block><region><rect/></region>
<text>
<par>
<line>Æ</line></par>
</text>
</block>
<block><region><rect/></region>
<text>
<par>
<line>A'.</line></par>
</text>
</block>
<block><region><rect/></region>
<text>
<par>
<line>,- &gt;1</line></par>
</text>
</block>
<block><region><rect/></region>
<text>
<par/>
</text>
</block>
<block><region><rect/></region>
<text>
<par/>
</text>
</block>
<block><region><rect/></region>
<text>
<par>
<line>fciS</line></par>
</text>
</block>
<block><region><rect/></region>
<text>
<par>
<line>Vue perspective</line></par>
</text>
</block>
<block><region><rect/></region>
<text>
<par/>
</text>
</block>
<block><region><rect/></region>
<text>
<par>
<line>y;, t.</line></par>
</text>
</block>
<block><region><rect/></region>
<text>
<par>
<line>Secteur constructible</line></par>
</text>
</block>
<block><region><rect/></region>
<text>
<par>
<line>— • - Axe de composition</line></par>
</text>
</block>
<block><region><rect/></region>
<text>
<par>
<line>Limite bâtie</line></par>
</text>
</block>
<block><region><rect/></region>
<text>
<par>
<line>OOO Cheminement doux à prolonger</line></par>
</text>
</block>
<block><region><rect/></region>
<text>
<par/>
</text>
</block>
<block><region><rect/><rect/></region>
<text>
<par>
<line>m-s</line></par>
</text>
</block>
<block><region><rect/></region>
<text>
<par/>
</text>
</block>
<block><region><rect/></region>
<text>
<par>
<line>f Voirie a prolonger</line></par>
</text>
</block>
<block><region><rect/></region>
<text>
<par>
<line>iTJf</line></par>
</text>
</block>
<block><region><rect/></region>
<text>
<par>
<line>k</line></par>
</text>
</block>
<block><region><rect/></region>
<text>
<par/>
</text>
</block>
<block><region><rect/></region>
<text>
<par/>
</text>
</block>
<block><region><rect/></region>
<text>
<par>
<line>PLU</line></par>
</text>
</block>
<block><region><rect/></region>
<text>
<par>
<line>VILLE DE SAVONNIERES</line></par>
</text>
</block>
<block><region><rect/></region>
<text>
<par>
<line>13</line></par>
</text>
</block>




































<block blockType="Picture" blockName="" l="195" t="729" r="2423" b="2449"><region><rect/></region>
</block>
</page>
<page width="2481" height="3508" resolution="300">
<block><region><rect/></region>
<text>
<par>
<line>ORIENTATIONS D'AMENAGEMENT ET DE PROGRAMMATION</line></par>
</text>
</block>
<block><region><rect/></region>
<text>
<par/>
</text>
</block>
<block><region><rect/></region>
<text>
<par/>
</text>
</block>
<block><region><rect/></region>
<text>
<par>
<line>4.Le site du Plesseau</line></par>
<par>
<line>2,3ha</line></par>
<par>
<line>Zonage PLU : lAUb</line></par>
</text>
</block>
<block><region><rect/></region>
<text>
<par>
<line>. ' 1 - Contexte</line></par>
</text>
</block>
<block><region><rect/></region>
<text>
<par>
<line>Le site de projet se localise sur le plateau, à l'entrée Sud-est de la commune par la route de Ballan.</line></par>
<par>
<line>D'une emprise de 2,3 ha, il s'établit à 300 mètres du pôle d'équipements des Fontaines et à proximité du nouveau</line>
<line>centre technique municipal.</line></par>
<par>
<line>Les terrains sont occupés par des fonds de jardins, des terres en herbage ou en friche, en accroche immédiate de</line>
<line>l'urbanisation existante.</line></par>
</text>
</block>
<block><region><rect/></region>
<text>
<par>
<line>Le secteur bâti alentour est résidentiel de type pavillonnaire. Quelques constructions traditionnelles sont</line>
<line>également en accroche immédiate du site ; leur organisation pourra inspirer l'urbanisation du site.</line></par>
<par>
<line>Le site se trouve dans le périmètre de protection des monuments historiques lié au Manoir du Plessis.</line></par>
<par>
<line>Un corridor écologique le jouxte à l'Est, s'appuyant sur une haie clairsemée.</line></par>
</text>
</block>
<block><region><rect/></region>
<text>
<par>
<line>Vue vers le nord : des vues a préserver</line></par>
</text>
</block>
<block blockType="Table" blockName="" l="577" t="1982" r="1373" b="2434"><region><rect/></region>
<row>
<cell leftBorder="White" topBorder="White" rightBorder="White" bottomBorder="White" width="272" height="124">
<text>
<par>
<line>Schéma de</line></par>
</text></cell>
<cell leftBorder="White" topBorder="White" rightBorder="White" bottomBorder="White" width="524" height="124">
<text>
<par>
<line>synthèse du</line></par>
</text></cell></row>
<row>
<cell leftBorder="White" topBorder="White" rightBorder="White" bottomBorder="White" width="272" height="33">
<text>
<par/>
</text></cell>
<cell leftBorder="White" topBorder="White" rightBorder="White" bottomBorder="White" width="524" height="33">
<text>
<par/>
</text></cell></row>
<row>
<cell leftBorder="White" topBorder="White" rightBorder="White" bottomBorder="White" width="272" height="47">
<text>
<par/>
</text></cell>
<cell leftBorder="White" topBorder="White" rightBorder="White" bottomBorder="White" width="524" height="47">
<text>
<par>
<line>/r J ■‘t</line></par>
</text></cell></row>
<row>
<cell leftBorder="White" topBorder="White" rightBorder="White" bottomBorder="White" width="272" height="61">
<text>
<par/>
</text></cell>
<cell leftBorder="White" topBorder="White" rightBorder="White" bottomBorder="White" width="524" height="61">
<text>
<par>
<line>^ J ^</line></par>
</text></cell></row>
<row>
<cell leftBorder="White" topBorder="White" rightBorder="White" bottomBorder="White" width="272" height="124">
<text>
<par/>
</text></cell>
<cell leftBorder="White" topBorder="White" rightBorder="White" bottomBorder="White" width="524" height="124">
<text>
<par>
<line>_ bàtinmaniutblt :^)roçné!e pmie §</line></par>
<par>
<line>1</line></par>
</text></cell></row>
<row>
<cell leftBorder="White" topBorder="White" rightBorder="White" bottomBorder="White" width="272" height="63">
<text>
<par/>
</text></cell>
<cell leftBorder="White" topBorder="White" rightBorder="White" bottomBorder="White" width="524" height="63">
<text>
<par>
<line>^ y 'c In</line></par>
<par>
<line>1} rbétnmMut</line></par>
</text></cell></row>
</block>
<block><region><rect/></region>
<text>
<par>
<line>raüLl</line></par>
</text>
</block>
<block><region><rect/></region>
<text>
<par>
<line>rTMtre</line></par>
</text>
</block>
<block><region><rect/></region>
<text>
<par>
<line>Drotacuon</line></par>
</text>
</block>
<block><region><rect/></region>
<text>
<par>
<line>PLU</line></par>
</text>
</block>
<block><region><rect/></region>
<text>
<par>
<line>VILLE DESAVONNIERES</line></par>
</text>
</block>
<block><region><rect/></region>
<text>
<par>
<line>14</line></par>
</text>
</block>












<block blockType="Picture" blockName="" l="537" t="1955" r="1866" b="3033"><region><rect/></region>
</block>
<block blockType="Picture" blockName="" l="182" t="1503" r="2370" b="1881"><region><rect/></region>
</block>
<block blockType="Picture" blockName="" l="168" t="249" r="646" b="686"><region><rect/></region>
</block>
</page>
<page width="2481" height="3508" resolution="300">
<block><region><rect/></region>
<text>
<par>
<line>ORIENTATIONS D'AMENAGEMENT ET DE PROGRAMMATION</line></par>
</text>
</block>
<block><region><rect/></region>
<text>
<par>
<line>■ ' 2 - Objectifs</line></par>
<par>
<line>• Composer une entrée Sud-Est du bourg depuis le plateau</line></par>
<par>
<line>• Compléter et diversifier le parc de logements (entre 25 et 35 logements)</line></par>
<par>
<line>• Développer l'offre de logements locatifs (25% minimum)</line></par>
<par>
<line>• Respecter l'intimité des zones habitées existantes et prendre en compte le fonctionnement du CTM</line></par>
<par>
<line>• Prendre en compte et prolonger la trame verte au sein du quartier</line></par>
<par>
<line>• Développer les circulations douces</line></par>
<par>
<line>• Compléter le maillage de la voirie</line></par>
<par>
<line>. ' 3- Principes d'aménagement</line></par>
<par>
<line>1/ Concevoir l'aménagement d'un secteur résidentiel qui structure et marque l'entrée Sud-Est de la commune.</line></par>
<par>
<line>Il s'agit d'offrir des ambiances variables allant de l'habitat individuel isolé en secteur "boisé ", à l'habitat individuel</line>
<line>groupé. Sa proximité avec le pôle des Fontaines offre également la possibilité d'y proposer des modes d'habiter</line>
<line>divers affirmant le contraste contemporain (le centre technique) / patrimoine ancien (le manoir du Plessis) déjà</line>
<line>visible sur le site.</line></par>
<par>
<line>2/ Dans la partie Ouest du site, prolonger le caractère et l'ambiance boisée des lieux par une végétalisation des</line>
<line>parcelles et le traitement des rives par des haies champêtres.</line></par>
<par>
<line>3/ Dans la partie Est du site, développer les densités les plus importantes en accompagnement de l'aménagement</line>
<line>de l'entrée de la commune. Les implantations traditionnelles rurales (gabarit/orientation/volume) pourront être</line>
<line>recherchées en s'inspirant des constructions existantes.</line></par>
<par>
<line>4/ Prévoir/ anticiper l'aménagement d'un carrefour urbain à la croisée de la rue des Fontaines et de la route du</line>
<line>Bois Plesseau.</line></par>
<par>
<line>5/ Organiser la desserte principale du site depuis la rue des Fontaines et la route du Bois Plesseau. Aucune voie ne</line>
<line>doit déboucher au Sud de la zone sur le chemin communal.</line></par>
<par>
<line>6/ Aménager une circulation douce (piétons, vélos) d'orientation Nord/Sud, connectée aux massifs boisés</line>
<line>alentours et au chemin rural allant vers la route de la Guillonnière.</line></par>
<par>
<line>7/ Accompagner l'opération par un traitement végétal privilégiant les essences et les ambiances locales.</line></par>
</text>
</block>
<block blockType="Table" blockName="" l="91" t="3230" r="2336" b="3356"><region><rect/></region>
<row>
<cell topBorder="White" rightBorder="White" bottomBorder="White" width="88" height="42">
<text>
<par>
<line>|L-L-</line></par>
</text></cell>
<cell leftBorder="White" topBorder="White" bottomBorder="White" width="266" height="42">
<text>
<par/>
</text></cell>
<cell topBorder="White" rightBorder="White" bottomBorder="White" width="1465" height="42">
<text>
<par/>
</text></cell>
<cell leftBorder="White" topBorder="White" bottomBorder="White" width="426" height="42">
<text>
<par/>
</text></cell></row>
<row>
<cell topBorder="White" rightBorder="White" width="88" height="84">
<text>
<par/>
</text></cell>
<cell leftBorder="White" topBorder="White" width="266" height="84">
<text>
<par>
<line>PLU</line></par>
</text></cell>
<cell topBorder="White" rightBorder="White" width="1465" height="84">
<text>
<par>
<line>VILLE DESAVONNIERES</line></par>
</text></cell>
<cell leftBorder="White" topBorder="White" width="426" height="84">
<text>
<par>
<line>15</line></par>
</text></cell></row>
</block>









</page>
<page width="2481" height="3508" resolution="300">
<block><region><rect/></region>
<text>
<par>
<line>ORIENTATIONS D'AMENAGEMENT ET DE PR OGRAMMATION</line></par>
</text>
</block>
<block><region><rect/></region>
<text>
<par>
<line>' 4. Orientation graphique d'aménagement</line></par>
</text>
</block>
<block><region><rect/></region>
<text>
<par/>
</text>
</block>
<block><region><rect/></region>
<text>
<par/>
</text>
</block>
<block><region><rect/></region>
<text>
<par/>
</text>
</block>
<block><region><rect/></region>
<text>
<par>
<line>module</line></par>
</text>
</block>
<block><region><rect/></region>
<text>
<par>
<line>. (M|k«nstriiC</line></par>
<par>
<line>référent^fi</line></par>
</text>
</block>
<block><region><rect/></region>
<text>
<par/>
</text>
</block>
<block><region><rect/></region>
<text>
<par/>
</text>
</block>
<block><region><rect/></region>
<text>
<par/>
</text>
</block>
<block><region><rect/></region>
<text>
<par>
<line>ontainès</line></par>
</text>
</block>
<block><region><rect/></region>
<text>
<par/>
</text>
</block>
<block><region><rect/></region>
<text>
<par/>
</text>
</block>
<block><region><rect/></region>
<text>
<par/>
</text>
</block>
<block><region><rect/></region>
<text>
<par>
<line>P . • P iU .[ ^ *'i</line></par>
</text>
</block>
<block><region><rect/></region>
<text>
<par/>
</text>
</block>
<block><region><rect/></region>
<text>
<par/>
</text>
</block>
<block><region><rect/></region>
<text>
<par/>
</text>
</block>
<block><region><rect/></region>
<text>
<par>
<line>m</line></par>
</text>
</block>
<block><region><rect/></region>
<text>
<par/>
</text>
</block>
<block><region><rect/></region>
<text>
<par>
<line>m</line></par>
</text>
</block>
<block><region><rect/></region>
<text>
<par>
<line>m</line></par>
</text>
</block>
<block><region><rect/><rect/><rect/></region>
<text>
<par/>
</text>
</block>
<block><region><rect/></region>
<text>
<par>
<line>m</line></par>
</text>
</block>
<block><region><rect/></region>
<text>
<par/>
</text>
</block>
<block><region><rect/></region>
<text>
<par>
<line>1</line></par>
</text>
</block>
<block><region><rect/></region>
<text>
<par>
<line>w</line></par>
</text>
</block>
<block><region><rect/></region>
<text>
<par>
<line>'4</line></par>
</text>
</block>
<block><region><rect/></region>
<text>
<par/>
</text>
</block>
<block><region><rect/></region>
<text>
<par/>
</text>
</block>
<block><region><rect/></region>
<text>
<par>
<line>100</line></par>
</text>
</block>
<block><region><rect/></region>
<text>
<par/>
</text>
</block>
<block><region><rect/></region>
<text>
<par>
<line>td</line></par>
</text>
</block>
<block><region><rect/></region>
<text>
<par/>
</text>
</block>
<block><region><rect/></region>
<text>
<par>
<line>A</line></par>
</text>
</block>
<block><region><rect/></region>
<text>
<par>
<line>... connectée à son environnement :</line></par>
</text>
</block>
<block><region><rect/></region>
<text>
<par/>
</text>
</block>
<block><region><rect/></region>
<text>
<par>
<line>Routes existantes</line></par>
</text>
</block>
<block><region><rect/></region>
<text>
<par>
<line>Cheminements doux existants</line></par>
</text>
</block>
<block><region><rect/></region>
<text>
<par>
<line>voirie de desserte principale à</line></par>
</text>
</block>
<block><region><rect/></region>
<text>
<par>
<line>aménager (tracé de principe)</line></par>
</text>
</block>
<block><region><rect/></region>
<text>
<par/>
</text>
</block>
<block><region><rect/></region>
<text>
<par>
<line>Tracé de principe de cheminement</line></par>
</text>
</block>
<block><region><rect/></region>
<text>
<par>
<line>doux a créer</line></par>
</text>
</block>
<block><region><rect/></region>
<text>
<par>
<line>Aménager un carrefour urbain</line></par>
</text>
</block>
<block><region><rect/></region>
<text>
<par>
<line>tenant compte de la trame verte</line></par>
</text>
</block>
<block><region><rect/></region>
<text>
<par>
<line>Conserver les boisements</line></par>
</text>
</block>
<block><region><rect/></region>
<text>
<par>
<line>Préserver/ ou renforcer/ ou prolonger</line></par>
</text>
</block>
<block><region><rect/></region>
<text>
<par>
<line>es haies</line></par>
</text>
</block>
<block><region><rect/><rect/></region>
<text>
<par>
<line>Créer une zone d'habitat</line></par>
</text>
</block>
<block><region><rect/></region>
<text>
<par>
<line>Habitat dans un espace végétalisé,</line>
<line>prolongeant la trame verte (boisé)</line></par>
<par>
<line>Habitat individuel isolé</line>
<line>Habitat plutôt groupé avec des</line>
<line>formes reprenant les implantations</line>
<line>existantes environnantes</line></par>
</text>
</block>
<block><region><rect/></region>
<text>
<par>
<line>PLU</line></par>
</text>
</block>
<block><region><rect/></region>
<text>
<par>
<line>VILLE DE SAVONNIERES</line></par>
</text>
</block>
<block><region><rect/></region>
<text>
<par>
<line>16</line></par>
</text>
</block>



















<block blockType="Picture" blockName="" l="1029" t="1412" r="1148" b="1465"><region><rect/></region>
</block>
</page>
<page width="2481" height="3508" resolution="300">
<block><region><rect/></region>
<text>
<par>
<line>ORIENTATIONS D'AMENAGEMENT ET DE PROGRAMMATION</line></par>
</text>
</block>
<block><region><rect/></region>
<text>
<par/>
</text>
</block>
<block><region><rect/></region>
<text>
<par>
<line>€</line></par>
</text>
</block>
<block><region><rect/></region>
<text>
<par>
<line>0^</line></par>
</text>
</block>
<block><region><rect/></region>
<text>
<par/>
</text>
</block>
<block><region><rect/></region>
<text>
<par/>
</text>
</block>
<block><region><rect/></region>
<text>
<par/>
</text>
</block>
<block><region><rect/></region>
<text>
<par>
<line>rm</line></par>
</text>
</block>
<block><region><rect/></region>
<text>
<par/>
</text>
</block>
<block><region><rect/></region>
<text>
<par>
<line>m</line></par>
<par>
<line>A' i</line></par>
</text>
</block>
<block><region><rect/></region>
<text>
<par/>
</text>
</block>
<block><region><rect/></region>
<text>
<par>
<line>•a</line></par>
</text>
</block>
<block><region><rect/></region>
<text>
<par>
<line>5.Le site de la Bassellerie</line></par>
<par>
<line>1,2 ha dont 0,3 pour des équipements publics servant au-delà de la zone</line>
<line>Zonage PLU : lAUc</line></par>
</text>
</block>
<block><region><rect/></region>
<text>
<par>
<line>. ' - Contexte</line></par>
<par>
<line>Le site de projet est constitué par un cœur d'îlot localisé au sein du hameau de la Bassellerie.</line></par>
<par>
<line>Il est encadré par trois voies : route du Petit Bois au Sud et d'Ouest en Est, route de la Bassellerie et route du Pied</line>
<line>Fleury.</line></par>
<par>
<line>Ces voies sont le support d'une urbanisation résidentielle de faible densité avec une présence du végétal assez</line>
<line>marquée.</line></par>
<par>
<line>La rive Ouest est marquée par l'existence d'un fil d'eau canalisé par un fossé.</line></par>
<par>
<line>En rive Nord du site la présence d'un grand massif boisé accentue la perception de l'ambiance naturelle des lieux.</line></par>
</text>
</block>
<block><region><rect/></region>
<text>
<par/>
</text>
</block>
<block><region><rect/></region>
<text>
<par/>
</text>
</block>
<block><region><rect/></region>
<text>
<par/>
</text>
</block>
<block><region><rect/></region>
<text>
<par>
<line>i</line></par>
</text>
</block>
<block><region><rect/></region>
<text>
<par>
<line>i</line></par>
</text>
</block>
<block><region><rect/></region>
<text>
<par/>
</text>
</block>
<block><region><rect/></region>
<text>
<par>
<line>17</line></par>
</text>
</block>
<block><region><rect/></region>
<text>
<par>
<line>PLU</line></par>
</text>
</block>
<block><region><rect/></region>
<text>
<par>
<line>VILLE DESAVONNIERES</line></par>
</text>
</block>












<block blockType="Picture" blockName="" l="172" t="319" r="650" b="753"><region><rect/></region>
</block>
</page>
<page width="2481" height="3508" resolution="300">
<block><region><rect/></region>
<text>
<par>
<line>ORIENTATIONS D'AMENAGEMENT ET DE PROGRAMMATION</line></par>
</text>
</block>
<block><region><rect/></region>
<text>
<par>
<line>■ ' 2 - Objectifs</line></par>
<par>
<line>• Terminer l'urbanisation du Hameau de la Bassellerie.</line></par>
<par>
<line>• Urbaniser de manière légère le cœur du site (25 logements environ).</line></par>
<par>
<line>• Prendre en compte le fil d'eau existant à l'Est du site dans l'aménagement.</line></par>
<par>
<line>• Développer une trame urbaine compatible avec l'environnement du bâti existant.</line></par>
<par>
<line>• Garder la perception de l'ambiance végétale du site.</line></par>
<par>
<line>. ' 3 - Principes d'aménagement</line></par>
<par>
<line>• L'urbanisation du site s'organisera à partir d'une desserte tous modes Nord/Sud assurant la connexion entre la</line>
<line>route du Petit Bois et la route du pied Fleury.</line></par>
<par>
<line>• L'emprise de la voie sera limitée pour demeurer dans le registre du "chemin" en privilégiant le traitement</line>
<line>végétal des rives.</line></par>
<par>
<line>• Les perméabilités piétonnes seront recherchées en façade Ouest de l'opération à partir de la route de la</line>
<line>Bassellerie.</line></par>
<par>
<line>• L'organisation et la densité du projet devront rester compatibles avec la forme urbaine existante en privilégiant</line>
<line>une urbanisation aérée et laisser une place importante au traitement végétal sur la parcelle.</line></par>
<par>
<line>• Le fil d'eau existant en rive Est de l'opération sera le support d'une trame végétale qui s'épanouira dans sa</line>
<line>partie Nord. L'ensemble constituera également un axe privilégié pour les circulations douces.</line></par>
<par>
<line>• Cette trame végétale se développera également d'Est en Ouest du site pour servir de colonne vertébrale à la</line>
<line>structuration de l'opération d'habitat.</line></par>
<par>
<line>• Les clôtures seront constituées de végétaux ou grillages ; pas de murs bétonnés.</line></par>
</text>
</block>
<block><region><rect/></region>
<text>
<par>
<line>PLU</line></par>
</text>
</block>
<block><region><rect/></region>
<text>
<par>
<line>VILLE DESAVONNIERES</line></par>
</text>
</block>
<block><region><rect/></region>
<text>
<par>
<line>18</line></par>
</text>
</block>











</page>
<page width="2481" height="3508" resolution="300">
<block><region><rect/></region>
<text>
<par>
<line>ORIENTATIONS D'AMENAGEMENT ET DE PR OGRAMMATION</line></par>
</text>
</block>
<block><region><rect/></region>
<text>
<par>
<line>Orientation graphique d'aménagement</line></par>
</text>
</block>
<block><region><rect/></region>
<text>
<par/>
</text>
</block>
<block><region><rect/></region>
<text>
<par>
<line>I</line></par>
</text>
</block>
<block><region><rect/></region>
<text>
<par/>
</text>
</block>
<block><region><rect/></region>
<text>
<par/>
</text>
</block>
<block><region><rect/></region>
<text>
<par/>
</text>
</block>
<block><region><rect/></region>
<text>
<par/>
</text>
</block>
<block><region><rect/></region>
<text>
<par/>
</text>
</block>
<block><region><rect/></region>
<text>
<par>
<line>A</line></par>
</text>
</block>
<block><region><rect/></region>
<text>
<par>
<line>Vm</line></par>
</text>
</block>
<block><region><rect/></region>
<text>
<par>
<line>i\</line></par>
</text>
</block>
<block><region><rect/></region>
<text>
<par>
<line>y</line></par>
</text>
</block>
<block><region><rect/></region>
<text>
<par>
<line>I</line></par>
</text>
</block>
<block><region><rect/></region>
<text>
<par/>
</text>
</block>
<block><region><rect/></region>
<text>
<par/>
</text>
</block>
<block><region><rect/></region>
<text>
<par/>
</text>
</block>
<block><region><rect/></region>
<text>
<par>
<line>à</line></par>
</text>
</block>
<block><region><rect/></region>
<text>
<par/>
</text>
</block>
<block><region><rect/></region>
<text>
<par/>
</text>
</block>
<block><region><rect/></region>
<text>
<par>
<line>r</line></par>
</text>
</block>
<block><region><rect/></region>
<text>
<par>
<line>ti</line></par>
</text>
</block>
<block><region><rect/></region>
<text>
<par/>
</text>
</block>
<block><region><rect/></region>
<text>
<par/>
</text>
</block>
<block><region><rect/></region>
<text>
<par/>
</text>
</block>
<block><region><rect/></region>
<text>
<par/>
</text>
</block>
<block><region><rect/></region>
<text>
<par/>
</text>
</block>
<block><region><rect/></region>
<text>
<par>
<line>O</line></par>
</text>
</block>
<block><region><rect/></region>
<text>
<par/>
</text>
</block>
<block><region><rect/></region>
<text>
<par/>
</text>
</block>
<block><region><rect/></region>
<text>
<par/>
</text>
</block>
<block><region><rect/></region>
<text>
<par/>
</text>
</block>
<block><region><rect/></region>
<text>
<par/>
</text>
</block>
<block><region><rect/></region>
<text>
<par>
<line>PLU</line></par>
</text>
</block>
<block><region><rect/></region>
<text>
<par>
<line>VILLE DE SAVONNIERES</line></par>
</text>
</block>
<block><region><rect/></region>
<text>
<par>
<line>19</line></par>
</text>
</block>
<block blockType="Picture" blockName="" l="326" t="376" r="384" b="434"><region><rect/></region>
</block>

















<block blockType="Picture" blockName="" l="1831" t="2945" r="1906" b="3006"><region><rect/></region>
</block>
<block blockType="Picture" blockName="" l="313" t="628" r="2143" b="3205"><region><rect/></region>
</block>
<block blockType="Picture" blockName="" l="98" t="150" r="453" b="243"><region><rect/></region>
</block>
</page>
<page width="2481" height="3508" resolution="300">
<block><region><rect/></region>
<text>
<par>
<line>ORIENTATIONS D'AMENAGEMENT ET DE PROGRAMMATION</line></par>
</text>
</block>
<block><region><rect/></region>
<text>
<par/>
</text>
</block>
<block><region><rect/></region>
<text>
<par>
<line>I:</line></par>
</text>
</block>
<block><region><rect/></region>
<text>
<par>
<line>y</line></par>
</text>
</block>
<block><region><rect/></region>
<text>
<par/>
</text>
</block>
<block><region><rect/></region>
<text>
<par>
<line>6.Le site de l'Audeverdière</line></par>
<par>
<line>5,5 ha</line></par>
<par>
<line>Zonage PLU : AU</line></par>
</text>
</block>
<block><region><rect/></region>
<text>
<par>
<line>■ ' 1 - Contexte</line></par>
</text>
</block>
<block><region><rect/></region>
<text>
<par>
<line>Le site de l'Audeverdière constitue un vaste terrain de 5,5 ha situé à 1 km du centre-bourg. Il est bordé à l'Ouest</line>
<line>par la rue de la Bijonnerie et au Sud par la route de l'Audeverdière.</line></par>
<par>
<line>Il s'établit dans la continuité du quartier des Fontaines dont l'urbanisation s'est structurée au cours des 15</line>
<line>dernières années à partir de plusieurs opérations d'habitat individuel organisées autour du pôle d'équipements de</line>
<line>sports et de loisirs du plateau (stade et salle omnisport).</line></par>
<par>
<line>Au Sud, le hameau de l'Audeverdière constitue la limite d'urbanisation du plateau. Au-delà l'espace agricole</line>
<line>s'établit jusqu'en limite de commune.</line></par>
<par>
<line>Ce site bénéficie de larges perspectives visuelles en direction Ouest et Nord de la prairie Mexme (qui a vocation à</line>
<line>devenir un espace vert, de loisirs structurant à l'échelle du plateau) et en arrière-plan sur la vallée du Cher. En rive</line>
<line>Est du site un chemin rural d'orientation Nord/Sud permet de rejoindre le pôle d'équipements.</line></par>
<par>
<line>Il constitue le principal espace de développement à moyen/long terme et est soumis à une procédure de</line>
<line>modification ou de révision du PLU.</line></par>
</text>
</block>
<block><region><rect/></region>
<text>
<par>
<line>Son ouverture à l'urbanisation sera notamment conditionnée par la réalisation d'une nouvelle station d'épuration.</line></par>
</text>
</block>
<block><region><rect/></region>
<text>
<par>
<line>Schéma</line></par>
</text>
</block>
<block><region><rect/></region>
<text>
<par>
<line>svnthese rdu</line></par>
</text>
</block>
<block><region><rect/><rect/></region>
<text>
<par>
<line>I J</line></par>
</text>
</block>
<block><region><rect/></region>
<text>
<par>
<line>PLU</line></par>
</text>
</block>
<block><region><rect/></region>
<text>
<par>
<line>VILLE DESAVONNIERES</line></par>
</text>
</block>
<block><region><rect/></region>
<text>
<par>
<line>20</line></par>
</text>
</block>











<block blockType="Picture" blockName="" l="377" t="1936" r="508" b="1964"><region><rect/></region>
</block>
<block blockType="Picture" blockName="" l="343" t="1906" r="1584" b="3092"><region><rect/></region>
</block>
<block blockType="Picture" blockName="" l="1653" t="2612" r="2452" b="3092"><region><rect/></region>
</block>
<block blockType="Picture" blockName="" l="163" t="251" r="647" b="691"><region><rect/></region>
</block>
</page>
<page width="2481" height="3508" resolution="300">
<block><region><rect/></region>
<text>
<par>
<line>ORIENTATIONS D'AMENAGEMENT ET DE PROGRAMMATION</line></par>
</text>
</block>
<block><region><rect/></region>
<text>
<par>
<line>. ' 2 Objectifs</line></par>
<par>
<line>• Conforter à terme un axe majeur d'urbanisation depuis le centre ancien jusqu'au hameau de l'Audeverdière.</line></par>
<par>
<line>• Développer un nouveau quartier d'habitat résidentiel prolongeant la ville sur le plateau.</line></par>
<par>
<line>• S'appuyer sur les caractéristiques topographiques et paysagères du site pour composer le projet (paysage ouvert</line>
<line>de plateau, covisibilités avec l'autre rive de la Loire).</line></par>
<par>
<line>• Développer et diversifier le parc de logements (entre 70 et 80 logements).</line></par>
<par>
<line>• Développer l'offre de logements locatifs (30 % du programme).</line></par>
<par>
<line>• Répondre aux besoins de gestion de l'eau pluviale du secteur.</line></par>
<par>
<line>• Organiser le maillage urbain.</line></par>
<par>
<line>• Compléter le maillage de circulations douces.</line></par>
<par>
<line>• Concevoir le quartier dans la perspective de son extension ultérieure en direction du hameau de</line>
<line>l'Audeverdière.</line></par>
</text>
</block>
<block><region><rect/></region>
<text>
<par>
<line>. ' 3 - Principes d'aménagement</line></par>
<par>
<line>■ Organiser la structure du quartier a partir des éléments cles suivants :</line></par>
<par>
<line>«Une grande allée» qui se décline naturellement du Nord-Est au Sud-Ouest du site suivant le dessin des courbes de</line>
<line>niveau. Elle constitue la colonne vertébrale du quartier sur lequel est permise une mixité d'usages et de fonctions. Il</line>
<line>est support de tout type de circulation (piéton, vélo, véhicule motorisé et potentiellement support de transport en</line>
<line>commun -TC).</line></par>
<par>
<line>Un axe transversal Est-Ouest</line></par>
<par>
<line>Il est support d'urbanisation en rive Nord du site. Il trouvera son plein épanouissement dans le cadre de</line>
<line>l'aménagement à terme de la partie Sud du site. Compte tenu de sa localisation, un traitement végétal sera</line>
<line>privilégié</line></par>
<par>
<line>Deux espaces publics localisés à chaque extrémité du mail aux caractéristiques et fonctions distinctes :</line></par>
<par>
<line>Au Nord du site il constitue l'espace commun, l'espace d'articulation avec le quartier d'habitat des Fontaines.</line></par>
<par>
<line>Au Sud : il s'établit sur le point haut du site, il donne à voir le grand paysage.</line></par>
<par>
<line>■ S'appuyer sur le relief pour guider la composition du quartier et préserver les vues</line></par>
<par>
<line>Il s'agira ainsi de s'appuyer sur l'orientation du réseau de voiries et l'organisation des volumes bâtis pour préserver</line>
<line>et valoriser les perspectives sur les éléments structurants de l'identité paysagère locale (le paysage rural, le val du</line>
<line>Cher, la prairie Mexme ainsi que tout autre élément plus complexe ou ténu quant à sa perception).</line></par>
<par>
<line>La conservation des éléments de compréhension de la géographie locale constitue un des marqueurs de la qualité</line>
<line>d'aménagement du site.</line></par>
<par>
<line>Une attention particulière devra être apportée à la composition urbaine le long de la RD 300 afin de ne pas masquer</line>
<line>la perception du grand paysage. Une étude paysagère de détail pourra permettre de préciser notamment les</line>
<line>implantations des constructions.</line></par>
<par>
<line>■ DEVELOPPER DES TYPOLOGIES VARIEES D'HABITAT</line></par>
<par>
<line>Proposer des volumes, gabarits, jeux d'implantations variés pour composer un paysage urbain original, entre le</line>
<line>tissu ancien du centre bourg et le tissu pavillonnaire traditionnel tout en restant dans les typologies et</line></par>
</text>
</block>
<block><region><rect/></region>
<text>
<par>
<line>PLU</line></par>
</text>
</block>
<block><region><rect/></region>
<text>
<par>
<line>VILLE DESAVONNIERES</line></par>
</text>
</block>
<block><region><rect/></region>
<text>
<par>
<line>21</line></par>
</text>
</block>












</page>
<page width="2481" height="3508" resolution="300">
<block><region><rect/></region>
<text>
<par>
<line>ORIENTATIONS D'AMENAGEMENT ET DE PROGRAMMATION</line></par>
</text>
</block>
<block><region><rect/></region>
<text>
<par>
<line>morphologies existantes à la périphérie du secteur : habitat individuel dense, habitat individuel isolé, maison en</line>
<line>bande, grande et petites parcelles...</line></par>
</text>
</block>
<block><region><rect/></region>
<text>
<par>
<line>■ Concevoir le quartier dans la perspective de son extension au Sud</line></par>
<par>
<line>Les terrains localisés entre le hameau de l'Audeverdière et la rive Sud du site de projet constituent l'espace</line>
<line>préférentiel de développement à long terme de la ville (voir PADD).</line></par>
<par>
<line>L'aménagement de la partie Nord de l'Audeverdière, qui constitue donc une première phase de évolution urbaine</line>
<line>du plateau (soumis à une procédure de modification ou de révision du PLU) devra prendre en compte cette option</line>
<line>notamment en permettant le prolongement des espaces publics (le mail, la place) et en adaptant, le partie de</line>
<line>construction en rive Nord de l'opération.</line></par>
<par>
<line>■ Inscrire le site dans la continuité du reseau de voiries existant</line></par>
<par>
<line>Un schéma de desserte hiérarchisé du site sera aménagé à partir des 3 points d'entrée suivants :</line></par>
<par>
<line>- à l'Ouest depuis la rue de la Bijonnerie ;</line></par>
<par>
<line>- au Nord/Est dans la continuité de la rue des Tilleuls ;</line></par>
<par>
<line>- à l'Est dans le prolongement de la rue de la Guillonnière.</line></par>
<par>
<line>Le réseau constitué assurera la continuité des déplacements. Les voies en impasse seront à éviter.</line></par>
<par>
<line>■ DEVELOPPER LES LIAISONS DOUCES</line></par>
<par>
<line>L'irrigation du quartier par les circulations douces (piéton/vélo) constitue un enjeu majeur de l'aménagement du</line>
<line>plateau avec des liens à créer entre les différentes entités urbaines.</line></par>
<par>
<line>Dans cette perspective un axe Nord/Sud dédié aux déplacements à vitesse lente doit progressivement se</line>
<line>structurer. Il s'appuiera sur le chemin rural existant à l'Est du site pour desservir le pôle d'équipements sportifs.</line>
<line>Son prolongement à travers la prairie Mexme permettra également un lien direct avec le centre-bourg.</line>
<line>L'aménagement d'un axe Est/Ouest permettra également de connecter les chemins ruraux existants en rives et de</line>
<line>renforcer ainsi l'offre et la continuité des itinéraires.</line></par>
</text>
</block>
<block><region><rect/></region>
<text>
<par>
<line>PLU</line></par>
</text>
</block>
<block><region><rect/></region>
<text>
<par>
<line>VILLE DESAVONNIERES</line></par>
</text>
</block>
<block><region><rect/></region>
<text>
<par>
<line>22</line></par>
</text>
</block>










</page>
<page width="2481" height="3508" resolution="300">
<block><region><rect/></region>
<text>
<par>
<line>ORIENTATIONS D'AMENAGEMENT ET DE PR OGRAMMATION</line></par>
</text>
</block>
<block><region><rect/></region>
<text>
<par>
<line>. ' Orientation graphique d'aménagement</line></par>
</text>
</block>
<block><region><rect/></region>
<text>
<par>
<line>m</line></par>
</text>
</block>
<block><region><rect/></region>
<text>
<par/>
</text>
</block>
<block><region><rect/></region>
<text>
<par/>
</text>
</block>
<block><region><rect/></region>
<text>
<par/>
</text>
</block>
<block><region><rect/></region>
<text>
<par>
<line>D</line></par>
</text>
</block>
<block><region><rect/></region>
<text>
<par>
<line>m</line></par>
</text>
</block>
<block><region><rect/></region>
<text>
<par/>
</text>
</block>
<block><region><rect/></region>
<text>
<par/>
</text>
</block>
<block><region><rect/></region>
<text>
<par/>
</text>
</block>
<block><region><rect/></region>
<text>
<par>
<line>31k'</line></par>
</text>
</block>
<block><region><rect/></region>
<text>
<par>
<line>L</line></par>
</text>
</block>
<block><region><rect/></region>
<text>
<par/>
</text>
</block>
<block><region><rect/></region>
<text>
<par/>
</text>
</block>
<block><region><rect/></region>
<text>
<par>
<line>U</line></par>
</text>
</block>
<block><region><rect/></region>
<text>
<par>
<line>oo</line></par>
</text>
</block>
<block><region><rect/></region>
<text>
<par/>
</text>
</block>
<block><region><rect/></region>
<text>
<par/>
</text>
</block>
<block><region><rect/></region>
<text>
<par/>
</text>
</block>
<block><region><rect/></region>
<text>
<par>
<line>M</line></par>
</text>
</block>
<block><region><rect/></region>
<text>
<par>
<line>075</line></par>
</text>
</block>
<block><region><rect/></region>
<text>
<par/>
</text>
</block>
<block><region><rect/></region>
<text>
<par/>
</text>
</block>
<block><region><rect/></region>
<text>
<par/>
</text>
</block>
<block><region><rect/></region>
<text>
<par/>
</text>
</block>
<block><region><rect/></region>
<text>
<par>
<line>*1,</line></par>
</text>
</block>
<block><region><rect/></region>
<text>
<par>
<line>I</line></par>
</text>
</block>
<block><region><rect/></region>
<text>
<par>
<line>k</line></par>
</text>
</block>
<block><region><rect/></region>
<text>
<par/>
</text>
</block>
<block><region><rect/></region>
<text>
<par/>
</text>
</block>
<block><region><rect/></region>
<text>
<par/>
</text>
</block>
<block><region><rect/></region>
<text>
<par/>
</text>
</block>
<block><region><rect/></region>
<text>
<par>
<line>'^t-</line></par>
</text>
</block>
<block><region><rect/></region>
<text>
<par/>
</text>
</block>
<block><region><rect/></region>
<text>
<par>
<line>«lÉi.'ftllSl</line></par>
</text>
</block>
<block><region><rect/></region>
<text>
<par>
<line>Habitat : densité exprimée</line>
<line>Espace public structurant (mail)</line>
<line>Espace public urbain (place)</line></par>
</text>
</block>
<block><region><rect/></region>
<text>
<par>
<line>Perspectives / vues a valoriser</line></par>
</text>
</block>
<block><region><rect/></region>
<text>
<par>
<line>Tracé de principe de voirie</line>
<line>de desserte à créer</line></par>
<par>
<line>Localisation des accès du site</line></par>
</text>
</block>
<block><region><rect/></region>
<text>
<par>
<line>Tracé de principe de chemine¬</line>
<line>ment doux à créer</line></par>
<par>
<line>Connecter aux cheminements</line>
<line>doux existants</line></par>
<par>
<line>Connecter aux routes existantes</line></par>
</text>
</block>
<block><region><rect/></region>
<text>
<par>
<line>PLU</line></par>
</text>
</block>
<block><region><rect/></region>
<text>
<par>
<line>VILLE DE SAVONNIERES</line></par>
</text>
</block>
<block><region><rect/></region>
<text>
<par>
<line>23</line></par>
</text>
</block>











<block blockType="Picture" blockName="" l="411" t="1757" r="533" b="1795"><region><rect/></region>
</block>
</page>
</OAP>