<?xml version="1.0" encoding="UTF-8"?><OAP>
<page width="2481" height="3508" resolution="300">
<block><region><rect/></region>
<text>
<par>
<line>P</line></par>
</text>
</block>
<block><region><rect/></region>
<text>
<par>
<line>Commune de Thilouze (37)</line></par>
</text>
</block>
<block><region><rect/></region>
<text>
<par>
<line>Élaborcition</line></par>
</text>
</block>
<block><region><rect/></region>
<text>
<par>
<line>I OAP</line></par>
<par>
<line>I Orientations</line>
<line>D'Aménagement</line>
<line>I et de Programmation</line></par>
</text>
</block>
<block><region><rect/></region>
<text>
<par/>
</text>
</block>
<block><region><rect/></region>
<text>
<par>
<line>«CP</line></par>
</text>
</block>
<block><region><rect/></region>
<text>
<par/>
</text>
</block>
<block><region><rect/></region>
<text>
<par/>
</text>
</block>
<block><region><rect/></region>
<text>
<par/>
</text>
</block>
<block><region><rect/></region>
<text>
<par/>
</text>
</block>
<block><region><rect/></region>
<text>
<par>
<line>i</line></par>
</text>
</block>
<block><region><rect/></region>
<text>
<par>
<line>EftI</line></par>
</text>
</block>
<block><region><rect/></region>
<text>
<par/>
</text>
</block>
<block><region><rect/></region>
<text>
<par>
<line>Vu pour être annexé à la délibération du</line>
<line>Conseil Municipal en date 16 mars 2017</line>
<line>approuvant le PLU.</line></par>
</text>
</block>
<block><region><rect/></region>
<text>
<par>
<line>Le Maire,</line></par>
</text>
</block>
<block><region><rect/></region>
<text>
<par/>
</text>
</block>
<block><region><rect/></region>
<text>
<par/>
</text>
</block>
<block><region><rect/></region>
<text>
<par>
<line>LO</line></par>
</text>
</block>
<block><region><rect/></region>
<text>
<par>
<line>Eric</line></par>
</text>
</block>
<block><region><rect/></region>
<text>
<par>
<line>ot</line></par>
</text>
</block>
<block><region><rect/></region>
<text>
<par/>
</text>
</block>
<block><region><rect/></region>
<text>
<par>
<line>a</line></par>
</text>
</block>
<block><region><rect/></region>
<text>
<par>
<line>m</line></par>
</text>
</block>
<block><region><rect/></region>
<text>
<par>
<line>iS^w</line></par>
</text>
</block>
<block><region><rect/></region>
<text>
<par>
<line>l'(ixii3V4lwn de rx»</line></par>
<par>
<line>URSANiSMEPAYSAGE / ARCHi fECTuAE</line></par>
</text>
</block>
<block><region><rect/></region>
<text>
<par/>
</text>
</block>

















</page>
<page width="2481" height="3508" resolution="300">
<block><region><rect/></region>
<text>
<par>
<line>SITE IMPASSE DU RUISSEAU/LE BAS BOURG.3</line></par>
<par>
<line>Présentation (extrait du rapport de présentation).3</line></par>
<par>
<line>Objectifs.3</line></par>
<par>
<line>Programmation.3</line></par>
<par>
<line>Orientations.3</line></par>
<par>
<line>SITE DU CLOS SAINT-MICHEL.6</line></par>
<par>
<line>Présentation (extrait du rapport de présentation).6</line></par>
<par>
<line>Objectifs.6</line></par>
<par>
<line>Programmation.6</line></par>
<par>
<line>Orientations.6</line></par>
<par>
<line>2 SITE DE LA BARONNE.9</line></par>
<par>
<line>Présentation (extrait du rapport de présentation).9</line></par>
<par>
<line>Objectifs.9</line></par>
<par>
<line>Programmation.9</line></par>
<par>
<line>Orientations.9</line></par>
<par>
<line>SITE DE LA ZONE D'ACTIVITÉ DU PLESSIS.12</line></par>
<par>
<line>Présentation (extrait du rapport de présentation).12</line></par>
<par>
<line>Objectifs. 12</line></par>
<par>
<line>Programmation. 12</line></par>
<par>
<line>Orientations. 12</line></par>
</text>
</block>
<block><region><rect/></region>
<text>
<par>
<line>PLU de Thilouze</line></par>
</text>
</block>
<block><region><rect/></region>
<text>
<par>
<line>OAP</line></par>
</text>
</block>




















</page>
<page width="2481" height="3508" resolution="300">
<block><region><rect/></region>
<text>
<par>
<line>Site impasse du Ruisseau/le Bas Bourg</line></par>
</text>
</block>
<block><region><rect/></region>
<text>
<par>
<line>Présentation (extrait du rapport de présentation)</line></par>
</text>
</block>
<block><region><rect/></region>
<text>
<par>
<line>O Un cadre de vie attractif, avec un environnen^nt très arboré et végétaiisé en raison de ia proxinité du vaiion</line>
<line>paysager au nord-est du site, dont i'an^nagen^nt en un parc pubiic accessibie à tous est envisagé, dans ie</line>
<line>cadre de ia création d'une continuité piétonne de i'écoie à i'égiise.</line></par>
<par>
<line>O Une proximité imn^iate avec un équipement majeur de ia commune (pôie scoiaire) et des opportunités de</line>
<line>connexion rapide avec ie centre-bourg.</line></par>
<par>
<line>O Des perspecti\ÆS visueiies sur ie patrimoine bâti du bourg et son égiise à vaioriser.</line></par>
<par>
<line>O Des réseaux d'inftastnxtures en capacité à proximité.</line></par>
<par>
<line>O Une desserte routière peu évidente à partir de i'impasse du Ruisseau.</line></par>
</text>
</block>
<block><region><rect/></region>
<text>
<par>
<line>Objectifs</line></par>
</text>
</block>
<block><region><rect/></region>
<text>
<par>
<line>S'inscrire dans un schéma de déveioppen^ntà courtterrrc d'un secteur en situation intermédiaire entre ie pôie scoiaire</line>
<line>et ie pôie comrcrciai du centre-bourg, au sein d'un environnen^nt présentant une certaine quaiité paysagère (vue sur ie</line>
<line>fond de vaiion) et patrimoniaie (vue sur i'égiise partieiien^nt inscrite à i'Inventaire Suppién^ntaire des Monun^nts</line>
<line>Historiques).</line></par>
</text>
</block>
<block><region><rect/></region>
<text>
<par>
<line>Programmation</line></par>
</text>
</block>
<block><region><rect/></region>
<text>
<par>
<line>Le secteur de i'impasse du Ruisseau représente une superficie de i'ordre de 0,5 ha. Son an^nagen^nt devra se réaiiser</line>
<line>d'un seui tenant</line></par>
<par>
<line>Ce site est adapté à ia réaiisation d'une opération groupée d'une dizaine de iogen^nts et ia production majoritaire de</line>
<line>iogen^nts de type NI adaptés à de jeunes n^nages en début de parcours résidentiei ou à des personnes âgées</line>
<line>désireuses de se rapprocher des commodités du centre-bourg.</line></par>
</text>
</block>
<block><region><rect/></region>
<text>
<par>
<line>Orientations</line></par>
</text>
</block>
<block><region><rect/></region>
<text>
<par>
<line>Mobilité</line></par>
<par>
<line>La proximité de i'écoie et du centre-bourg invite à ia réaiisation d'un quartier sans voiture oij ie stationnen^nt serait</line>
<line>exterreiisé aux abords du parWng de i'écoie (mutuaiisation possibie avec ies besoins iiés à i'écoie). Aucune connexion</line>
<line>routière entre i'impasse du Ruisseau et ie parWng de i'écoie ne pourra être créée.</line></par>
<par>
<line>La desserte interne de i'opération sera traitée seion un principe de chaussée mixte priviiégiant ie piéton à ia voiture. Une</line>
<line>(ou piusieurs) iiaisons douces devront être aménagées reiiant i'opération à i'écoie ainsi qu'au centre-bourg.</line></par>
<par>
<line>Environnemeivt et paysage</line></par>
<par>
<line>L'an^nagen^nt du site devra vaioriser ies vues existantes sur i'égiise (tran^ viaire, impiantations bâties et hauteur des</line>
<line>constnjctions pensées en conséquence). Les impiantations bâties à i'aiignen^nt seront priviiégiées de manière à</line>
<line>assurer ia greffe avec ie tissu urbain du centie-bourg.</line></par>
<par>
<line>Afin de faciiiter i'intégration des constinctions dans ie paysage, notamn^nt ies vues depuis ie vaiion au nord, ia iisière</line>
<line>nord du site fera i'objet d'un traiten^nt paysager (piantation d'une haie...).</line></par>
<par>
<line>Un point d'apport des déchets sera aménagé aux abords du parWng de i'écoie au sein de i'aire de stationnen^nt</line>
<line>exterreiisée.</line></par>
</text>
</block>
<block><region><rect/></region>
<text>
<par>
<line>PLU deThiiouze</line></par>
</text>
</block>
<block><region><rect/></region>
<text>
<par>
<line>OAP</line></par>
</text>
</block>
<block blockType="Picture" blockName="" l="257" t="410" r="2213" b="490"><region><rect/></region>
</block>
<block blockType="Picture" blockName="" l="257" t="1133" r="2213" b="1213"><region><rect/></region>
</block>
<block blockType="Picture" blockName="" l="257" t="1584" r="2213" b="1664"><region><rect/></region>
</block>
<block blockType="Picture" blockName="" l="257" t="2135" r="2213" b="2215"><region><rect/></region>
</block>
<block blockType="Picture" blockName="" l="251" t="404" r="2220" b="497"><region><rect/></region>
</block>
<block blockType="Picture" blockName="" l="251" t="1127" r="2220" b="1220"><region><rect/></region>
</block>
<block blockType="Picture" blockName="" l="251" t="1578" r="2220" b="1671"><region><rect/></region>
</block>
<block blockType="Picture" blockName="" l="251" t="2129" r="2220" b="2222"><region><rect/></region>
</block>
</page>
<page width="2481" height="3508" resolution="300">
<block><region><rect/></region>
<text>
<par>
<line>Energie</line></par>
</text>
</block>
<block><region><rect/></region>
<text>
<par>
<line>L'implantation des constructions sur les parcelles sera finement; étudiée afin d'assurer une orientation la plus favorable</line>
<line>possible aux économies d'énergie, tout en évitant tout systématisme, et afin de bénéficier d'une parcelle cohérente</line>
<line>ménageant des espaces d'intimité (cf. exemples, ci-après). A cette fin, une implantation préférentielle avec la façade</line>
<line>principale s'ouvrant au sud-ouest ou au sud-est en fonction de la trame parcellaire du lieu concerné, est à privilégier ;</line>
<line>celle-ci s'inspirant des implantations anciennes et favorisant les apports solaires.</line></par>
</text>
</block>
<block><region><rect/></region>
<text>
<par>
<line>F-</line></par>
</text>
</block>
<block><region><rect/></region>
<text>
<par>
<line>113m</line></par>
</text>
</block>
<block><region><rect/></region>
<text>
<par>
<line>parcelles de 600¬</line>
<line>700 avec</line>
<line>implantation da</line>
<line>bâti au milieu de</line>
<line>la parcelle</line></par>
</text>
</block>
<block><region><rect/></region>
<text>
<par>
<line>eOOm</line></par>
</text>
</block>
<block><region><rect/></region>
<text>
<par>
<line>660m</line></par>
</text>
</block>
<block><region><rect/></region>
<text>
<par>
<line>wOm</line></par>
</text>
</block>
<block><region><rect/></region>
<text>
<par>
<line>*</line></par>
</text>
</block>
<block><region><rect/></region>
<text>
<par>
<line>H</line></par>
</text>
</block>
<block><region><rect/></region>
<text>
<par>
<line>24m</line></par>
</text>
</block>
<block><region><rect/></region>
<text>
<par>
<line>2Qm</line></par>
</text>
</block>
<block><region><rect/></region>
<text>
<par>
<line>2üTn</line></par>
</text>
</block>
<block><region><rect/></region>
<text>
<par/>
</text>
</block>
<block><region><rect/></region>
<text>
<par>
<line>22.7Dm</line></par>
</text>
</block>
<block><region><rect/></region>
<text>
<par>
<line>86 m</line></par>
</text>
</block>
<block><region><rect/></region>
<text>
<par>
<line>16m 18m</line></par>
</text>
</block>
<block><region><rect/></region>
<text>
<par>
<line>15m 7m 15m</line></par>
</text>
</block>
<block><region><rect/></region>
<text>
<par>
<line>Le meme nombre de parcelles avec les</line>
<line>mêmes superficies, mais selon une</line>
<line>configuration étroite observée dans les</line>
<line>centres-bourgs avec implantation du</line>
<line>bâti à l'alignement et en mitoyenneté :</line>
<line>moins de longueur de voirie et de</line>
<line>réseaux et plus d'intim/té.</line></par>
</text>
</block>
<block><region><rect/></region>
<text>
<par>
<line>o'IOm 72{]m</line></par>
</text>
</block>
<block><region><rect/></region>
<text>
<par>
<line>eOQm</line></par>
</text>
</block>
<block><region><rect/></region>
<text>
<par>
<line>60Qjn</line></par>
</text>
</block>
<block><region><rect/></region>
<text>
<par>
<line>MH ;</line></par>
<par>
<line>mÊl:</line></par>
</text>
</block>
<block><region><rect/></region>
<text>
<par>
<line>ûû</line></par>
</text>
</block>
<block><region><rect/></region>
<text>
<par>
<line>sources : CAUt du Morbihor)</line></par>
</text>
</block>
<block><region><rect/></region>
<text>
<par/>
</text>
</block>
<block><region><rect/></region>
<text>
<par>
<line>Vue sur jardin</line></par>
</text>
</block>
<block><region><rect/></region>
<text>
<par>
<line>Implantation en limite separatïve</line></par>
</text>
</block>
<block><region><rect/></region>
<text>
<par>
<line>Implantation en miheu</line></par>
</text>
</block>
<block><region><rect/></region>
<text>
<par/>
</text>
</block>
<block><region><rect/></region>
<text>
<par>
<line>de parcelle</line></par>
</text>
</block>
<block><region><rect/></region>
<text>
<par/>
</text>
</block>
<block><region><rect/></region>
<text>
<par/>
</text>
</block>
<block><region><rect/></region>
<text>
<par>
<line>jardin a I arriéré</line>
<line>d'un seul tenant</line>
<line>offrant des</line>
<line>possibilités</line>
<line>d'extension de la</line>
<line>construction</line></par>
</text>
</block>
<block><region><rect/></region>
<text>
<par>
<line>zone d’intimite</line>
<line>protégée du vent</line></par>
</text>
</block>
<block><region><rect/></region>
<text>
<par/>
</text>
</block>
<block><region><rect/></region>
<text>
<par>
<line>jardin sans intimité, perte</line></par>
</text>
</block>
<block><region><rect/></region>
<text>
<par>
<line>d espace devant la maison</line></par>
</text>
</block>
<block><region><rect/></region>
<text>
<par>
<line>s ouvrant sur la rue. espace</line></par>
</text>
</block>
<block><region><rect/></region>
<text>
<par>
<line>résiduel sur les cotes, impropres</line></par>
</text>
</block>
<block><region><rect/></region>
<text>
<par>
<line>au Jardinage, jardin a Tarriere de</line></par>
</text>
</block>
<block><region><rect/></region>
<text>
<par>
<line>la maison sans profondeur pour</line></par>
</text>
</block>
<block><region><rect/></region>
<text>
<par>
<line>les plantations, les jeux pour</line></par>
</text>
</block>
<block><region><rect/></region>
<text>
<par>
<line>enfants...</line></par>
</text>
</block>
<block><region><rect/></region>
<text>
<par>
<line>Illustration d'une recherche d'implantation des constructions garantissant l'intimité des parcelles</line></par>
<par>
<line>Source : CAUE du Morbihan</line></par>
</text>
</block>
<block><region><rect/></region>
<text>
<par>
<line>PLU de Thilouze</line></par>
</text>
</block>
<block><region><rect/></region>
<text>
<par>
<line>OAP</line></par>
</text>
</block>






































<block blockType="Picture" blockName="" l="1344" t="596" r="1614" b="1023"><region><rect/></region>
</block>
<block blockType="Picture" blockName="" l="336" t="1533" r="1015" b="1586"><region><rect/></region>
</block>
<block blockType="Picture" blockName="" l="1283" t="1771" r="1809" b="1835"><region><rect/></region>
</block>
<block blockType="Picture" blockName="" l="1637" t="2032" r="2120" b="2150"><region><rect/></region>
</block>
</page>
<page width="2481" height="3508" resolution="300">
<block><region><rect/></region>
<text>
<par>
<line>QJ</line></par>
</text>
</block>
<block><region><rect/></region>
<text>
<par>
<line>en</line></par>
</text>
</block>
<block><region><rect/></region>
<text>
<par>
<line>HJ HJ</line></par>
</text>
</block>
<block><region><rect/></region>
<text>
<par>
<line>— XI</line></par>
</text>
</block>
<block><region><rect/></region>
<text>
<par>
<line>O</line></par>
</text>
</block>
<block><region><rect/></region>
<text>
<par>
<line>D" ?</line></par>
</text>
</block>
<block><region><rect/></region>
<text>
<par>
<line>ro E</line></par>
</text>
</block>
<block><region><rect/></region>
<text>
<par>
<line>--</line></par>
</text>
</block>
<block><region><rect/><rect/></region>
<text>
<par>
<line>’jz °</line></par>
</text>
</block>
<block><region><rect/></region>
<text>
<par>
<line>Q. m</line></par>
</text>
</block>
<block><region><rect/></region>
<text>
<par>
<line>ÛG</line></par>
</text>
</block>
<block><region><rect/></region>
<text>
<par>
<line>&lt;</line></par>
</text>
</block>
<block><region><rect/></region>
<text>
<par>
<line>a</line></par>
</text>
</block>
<block><region><rect/></region>
<text>
<par>
<line>&gt;P»</line></par>
</text>
</block>
<block><region><rect/></region>
<text>
<par>
<line>— c</line></par>
</text>
</block>
<block><region><rect/></region>
<text>
<par>
<line>DI CO</line></par>
</text>
</block>
<block><region><rect/></region>
<text>
<par>
<line>&lt;</line></par>
</text>
</block>
<block><region><rect/></region>
<text>
<par>
<line>ai O</line></par>
</text>
</block>
<block><region><rect/></region>
<text>
<par>
<line>eu ^</line></par>
</text>
</block>
<block><region><rect/></region>
<text>
<par>
<line>cE</line></par>
</text>
</block>
<block><region><rect/></region>
<text>
<par>
<line>3.-2^</line></par>
</text>
</block>
<block><region><rect/></region>
<text>
<par>
<line>(J</line></par>
</text>
</block>
<block><region><rect/></region>
<text>
<par>
<line>/S'-s</line></par>
</text>
</block>
<block><region><rect/></region>
<text>
<par>
<line>TJ -t;</line></par>
</text>
</block>
<block><region><rect/></region>
<text>
<par>
<line>ro</line></par>
</text>
</block>
<block><region><rect/></region>
<text>
<par>
<line>O</line></par>
</text>
</block>
<block><region><rect/></region>
<text>
<par/>
</text>
</block>
<block><region><rect/></region>
<text>
<par>
<line>/□%</line></par>
</text>
</block>
<block><region><rect/></region>
<text>
<par>
<line>HJ HJ</line></par>
</text>
</block>
<block><region><rect/></region>
<text>
<par>
<line>O —</line></par>
</text>
</block>
<block><region><rect/></region>
<text>
<par>
<line>'_. jii</line></par>
</text>
</block>
<block><region><rect/></region>
<text>
<par>
<line>CL</line></par>
</text>
</block>
<block><region><rect/></region>
<text>
<par>
<line>JJ NU</line></par>
</text>
</block>
<block><region><rect/></region>
<text>
<par>
<line>— !r</line></par>
</text>
</block>
<block><region><rect/></region>
<text>
<par>
<line>CL 5</line></par>
</text>
</block>
<block><region><rect/></region>
<text>
<par>
<line>O E</line></par>
</text>
</block>
<block><region><rect/></region>
<text>
<par>
<line>'c Ê</line></par>
</text>
</block>
<block><region><rect/></region>
<text>
<par>
<line>J'</line></par>
</text>
</block>
<block><region><rect/></region>
<text>
<par>
<line>■TD -r</line></par>
</text>
</block>
<block><region><rect/></region>
<text>
<par>
<line>T}</line></par>
</text>
</block>
<block><region><rect/></region>
<text>
<par>
<line>3 .</line></par>
</text>
</block>
<block><region><rect/><rect/><rect/></region>
<text>
<par>
<line>É £</line></par>
</text>
</block>
<block><region><rect/></region>
<text>
<par>
<line>h- X</line></par>
</text>
</block>
<block><region><rect/></region>
<text>
<par>
<line>«</line></par>
</text>
</block>
<block><region><rect/></region>
<text>
<par>
<line>LU</line></par>
</text>
</block>
<block><region><rect/></region>
<text>
<par>
<line>JJ</line></par>
</text>
</block>
<block><region><rect/></region>
<text>
<par>
<line>&lt;</line></par>
</text>
</block>
<block><region><rect/></region>
<text>
<par>
<line>&lt;</line></par>
</text>
</block>
<block><region><rect/></region>
<text>
<par>
<line>T5</line></par>
</text>
</block>
<block><region><rect/></region>
<text>
<par>
<line>:$&gt;</line></par>
</text>
</block>
<block><region><rect/></region>
<text>
<par>
<line>O</line></par>
</text>
</block>
<block><region><rect/></region>
<text>
<par>
<line>&lt;</line></par>
</text>
</block>
<block><region><rect/></region>
<text>
<par/>
</text>
</block>
<block><region><rect/></region>
<text>
<par>
<line>a</line></par>
</text>
</block>
<block><region><rect/></region>
<text>
<par>
<line>oc</line></par>
</text>
</block>
<block><region><rect/></region>
<text>
<par>
<line>05</line></par>
</text>
</block>
<block><region><rect/></region>
<text>
<par>
<line>O</line></par>
</text>
</block>
<block><region><rect/></region>
<text>
<par>
<line>O</line></par>
</text>
</block>
<block><region><rect/></region>
<text>
<par>
<line>Z)</line></par>
</text>
</block>
<block><region><rect/></region>
<text>
<par/>
</text>
</block>
<block><region><rect/></region>
<text>
<par>
<line>O</line></par>
</text>
</block>
<block><region><rect/></region>
<text>
<par/>
</text>
</block>
<block><region><rect/></region>
<text>
<par>
<line>PQ</line></par>
</text>
</block>
<block><region><rect/></region>
<text>
<par>
<line>OQ</line></par>
</text>
</block>
<block><region><rect/></region>
<text>
<par>
<line>tu</line></par>
</text>
</block>
<block><region><rect/></region>
<text>
<par>
<line>CQ</line></par>
</text>
</block>
<block><region><rect/></region>
<text>
<par>
<line>-J</line></par>
</text>
</block>
<block><region><rect/></region>
<text>
<par>
<line>O</line></par>
</text>
</block>
<block><region><rect/></region>
<text>
<par>
<line>'r</line></par>
</text>
</block>
<block><region><rect/></region>
<text>
<par>
<line>Oi/</line></par>
</text>
</block>
<block><region><rect/></region>
<text>
<par/>
</text>
</block>
<block><region><rect/></region>
<text>
<par>
<line>l'i/a</line></par>
</text>
</block>
<block><region><rect/></region>
<text>
<par>
<line>‘U/p</line></par>
</text>
</block>
<block><region><rect/></region>
<text>
<par>
<line>fv</line></par>
</text>
</block>
<block><region><rect/></region>
<text>
<par>
<line>&lt;A Ql</line></par>
</text>
</block>
<block><region><rect/></region>
<text>
<par/>
</text>
</block>
<block><region><rect/></region>
<text>
<par>
<line>' 13</line></par>
</text>
</block>
<block><region><rect/></region>
<text>
<par>
<line>liSN</line></par>
</text>
</block>
<block><region><rect/></region>
<text>
<par>
<line>îf&gt;</line></par>
</text>
</block>
<block><region><rect/></region>
<text>
<par/>
</text>
</block>
<block><region><rect/></region>
<text>
<par>
<line>^ r</line></par>
</text>
</block>
<block><region><rect/></region>
<text>
<par>
<line>lis</line></par>
</text>
</block>
<block><region><rect/></region>
<text>
<par/>
</text>
</block>
<block><region><rect/></region>
<text>
<par>
<line>■O</line></par>
</text>
</block>
<block><region><rect/></region>
<text>
<par>
<line>-O</line></par>
</text>
</block>
<block><region><rect/></region>
<text>
<par>
<line>E .ü</line></par>
</text>
</block>
<block><region><rect/></region>
<text>
<par>
<line>_ G</line>
<line>C C G</line></par>
<par>
<line>■S s ^</line></par>
<par>
<line>2 ^ E</line></par>
<par>
<line>I g «</line></par>
<par>
<line>S O. Q.</line></par>
</text>
</block>
<block><region><rect/></region>
<text>
<par/>
</text>
</block>
<block><region><rect/></region>
<text>
<par>
<line>'U G U</line>
<line>J *-</line></par>
</text>
</block>
<block><region><rect/></region>
<text>
<par>
<line>U</line></par>
</text>
</block>
<block><region><rect/></region>
<text>
<par>
<line>Q.</line></par>
</text>
</block>
<block><region><rect/></region>
<text>
<par>
<line>*- Si</line></par>
</text>
</block>
<block><region><rect/></region>
<text>
<par/>
</text>
</block>
<block><region><rect/></region>
<text>
<par>
<line>L -</line></par>
<par>
<line>^ I</line></par>
</text>
</block>
<block><region><rect/></region>
<text>
<par>
<line>aznoiiqiap auniULUO^</line></par>
</text>
</block>
<block><region><rect/></region>
<text>
<par>
<line>a :</line></par>
</text>
</block>
<block><region><rect/></region>
<text>
<par>
<line>■S»</line></par>
</text>
</block>
<block><region><rect/></region>
<text>
<par>
<line>P</line></par>
</text>
</block>
<block><region><rect/></region>
<text>
<par>
<line>Q.</line></par>
</text>
</block>
<block><region><rect/></region>
<text>
<par>
<line>PLU de Thilouze</line></par>
</text>
</block>
<block><region><rect/></region>
<text>
<par>
<line>OAP</line></par>
</text>
</block>






</page>
<page width="2481" height="3508" resolution="300">
<block><region><rect/></region>
<text>
<par>
<line>Site du Clos Saiintt-Michel</line></par>
</text>
</block>
<block><region><rect/></region>
<text>
<par>
<line>Présentation (extrait du rapport de présentation)</line></par>
</text>
</block>
<block><region><rect/></region>
<text>
<par>
<line>O Un secteur grimpant sur le plateau agricole (relief peu marqué) sensible sur le plan paysager car perceptible de</line>
<line>loin, prenant appui sur des bolsen^nts de versant</line></par>
<par>
<line>O Une Implantation en entrée de bourg, au long de la RD19 (me Honoré de Balzac).</line></par>
<par>
<line>Z&gt; Un centre-bourg perceptible par le clocher de l'église.</line></par>
<par>
<line>O Des connexions vlaires en attente au long de la rue du Plessis.</line></par>
<par>
<line>O Des réseaux d'Infrastmctures en capacité à proxlnite.</line></par>
</text>
</block>
<block><region><rect/></region>
<text>
<par>
<line>Objectifs</line></par>
</text>
</block>
<block><region><rect/></region>
<text>
<par>
<line>S'inscrire dans un schéma de développen^nt à moyen terme d'une greffe urbaine de qualité s'intégrant tant avec le</line>
<line>reste de l'urbanisation du bourg que dans les paysages mraux.</line></par>
</text>
</block>
<block><region><rect/></region>
<text>
<par>
<line>Programmation</line></par>
</text>
</block>
<block><region><rect/></region>
<text>
<par>
<line>Ce site présente une superficie voisine de 4,4 ha, perrrctiant d'envisager la production d'une sorantaine de logen^nts.</line>
<line>Cette opération devra proposer une offre de logements \ariée (maison Individuel, maison mitoyenne, et^ou habitat</line>
<line>intermédiaire), adaptée au parcours résidentiel (taille des parcelles variée), et contribuant à préserver la mixité sociale.</line></par>
<par>
<line>Dans la n^ure oij ce secteur intéresse différents propriétaires, dont certains \Aoisins ayant acheté du foncier pour</line>
<line>préserver leur tranquillité, son antenagen^nt pourra difficilen^nt s'envisager d'un seul tenant Dans le respect d'un plan</line>
<line>d'antenagen^nt d'ensemble, sa réalisation s'opérera en plusieurs tranches, au fur et à n^ure de la réalisation des</line>
<line>voies de desserte interne.</line></par>
</text>
</block>
<block><region><rect/></region>
<text>
<par>
<line>Orientations</line></par>
</text>
</block>
<block><region><rect/></region>
<text>
<par>
<line>Mobilité</line></par>
<par>
<line>La desserte du site se fera par une voie principale à créer assurant un bouclage entre la rue Honoré de Balzac et la rue</line>
<line>du Plessis. L'antenagen^nt du site pourra se réaliser en plusieurs tranches au fur et à n^ure de la réalisation de cette</line>
<line>voie interne. Cette voie principale pourra être complétée par un réseau de voiries secondaires ou tertiaires si nécessaire.</line></par>
<par>
<line>La voie principale de desserte perrmttra la circulation des véhicules et des piétons. Une connexion douce devra être</line>
<line>créée en direction du jardin public de quartier existant dans le lotissen^nt rue du Plessis.</line></par>
<par>
<line>L'ancien chemin de l'association foncière sera prolongé et antenagé en liaison douce ceinturant l'urbanisation ; ce</line>
<line>chemin perrmttra le passage d'engins pour l'entretien du traiten^nt paysager mis en oeuvre au pourtour de l'opération.</line></par>
<par>
<line>Environnemeimt et paysage</line></par>
<par>
<line>Le tracé de la voie principale de desserte devra veiller à préserver la perception lointaine du clocher de l'église. Elle</line>
<line>s'accompagnera ponctuel tenant d'un traiten^nt paysager en épaisseur (événen^nts végétal isés, création d'espaces de</line>
<line>stationnen^nt dilatation des espaces publics ...) perrmtiant de retrouver une tran^ viaire diversifiée et déclinant le</line>
<line>registre de bourg mral. Afin de créer un effet de rue, les voies de desserte seront égalenrent tra\ailiées a\rec quelques</line>
<line>implantations bâties à l'alignenrent de la voie (annexes à l'habitation, façades ou pignons des constmctions principales</line>
<line>...).</line></par>
</text>
</block>
<block><region><rect/></region>
<text>
<par>
<line>PLU deThilouze</line></par>
</text>
</block>
<block><region><rect/></region>
<text>
<par>
<line>OAP</line></par>
</text>
</block>
<block blockType="Picture" blockName="" l="257" t="410" r="2213" b="490"><region><rect/></region>
</block>
<block blockType="Picture" blockName="" l="257" t="1033" r="2213" b="1113"><region><rect/></region>
</block>
<block blockType="Picture" blockName="" l="257" t="1368" r="2213" b="1448"><region><rect/></region>
</block>
<block blockType="Picture" blockName="" l="257" t="2018" r="2213" b="2098"><region><rect/></region>
</block>
<block blockType="Picture" blockName="" l="251" t="404" r="2220" b="497"><region><rect/></region>
</block>
<block blockType="Picture" blockName="" l="251" t="1027" r="2220" b="1120"><region><rect/></region>
</block>
<block blockType="Picture" blockName="" l="251" t="1362" r="2220" b="1455"><region><rect/></region>
</block>
<block blockType="Picture" blockName="" l="251" t="2012" r="2220" b="2105"><region><rect/></region>
</block>
</page>
<page width="2481" height="3508" resolution="300">
<block><region><rect/></region>
<text>
<par>
<line>Afin de faciliter l'intégration des constructions dans le grand paysage, notamment la perception de l'urbanisation depuis</line>
<line>le plateau agricole, la transition sera aménagée sous la forme d'un alignement d'arbres (pommiers, poiriers, pruniers,</line>
<line>noyers, chêne _).</line></par>
<par>
<line>Eau</line></par>
<par>
<line>L'urbanisation des terres agricoles va générer un surplus d'eaux de pluie et de ruissellement à contenir par la réalisation</line>
<line>d'un ou plusieurs bassins de rétention. Leur conception veillera à leur assurer une bonne intégration paysagère et à leur</line>
<line>conférer une utilisation plurifonctionnelle (aire de jeu, aire de détente _).</line></par>
<par>
<line>Energie</line></par>
<par>
<line>L'implantation des constructions sur les parcelles sera finement étudiée afin d'assurer une orientation la plus favorable</line>
<line>possible aux économies d'énergie, tout en évitant tout systématisme, et afin de bénéficier d'une parcelle cohérente</line>
<line>ménageant des espaces d'intimité (cf. exemples, ci-après). A cetle fin, une implantation préférentielle avec la façade</line>
<line>principale s'ouvrant au sud-ouest ou au sud-est en fonction de la trame parcellaire du lieu concerné, est à privilégier ;</line>
<line>celle-ci s'inspirant des implantations anciennes et favorisant les apports solaires.</line></par>
</text>
</block>
<block><region><rect/></region>
<text>
<par>
<line>t13m</line></par>
</text>
</block>
<block><region><rect/></region>
<text>
<par>
<line>parcelles de 600¬</line>
<line>700 avec</line>
<line>implantation du</line>
<line>àâti au milieu de</line>
<line>fa parcelle</line></par>
</text>
</block>
<block><region><rect/></region>
<text>
<par>
<line>bSom</line></par>
</text>
</block>
<block><region><rect/></region>
<text>
<par>
<line>N</line></par>
</text>
</block>
<block><region><rect/></region>
<text>
<par/>
</text>
</block>
<block><region><rect/></region>
<text>
<par>
<line>24m</line></par>
</text>
</block>
<block><region><rect/></region>
<text>
<par>
<line>2ûm</line></par>
</text>
</block>
<block><region><rect/></region>
<text>
<par>
<line>2Qm</line></par>
</text>
</block>
<block><region><rect/></region>
<text>
<par>
<line>21.3Dm</line></par>
</text>
</block>
<block><region><rect/></region>
<text>
<par>
<line>2i70m</line></par>
</text>
</block>
<block><region><rect/></region>
<text>
<par>
<line>86m</line></par>
</text>
</block>
<block><region><rect/></region>
<text>
<par>
<line>16m 18m</line></par>
</text>
</block>
<block><region><rect/></region>
<text>
<par>
<line>15m</line></par>
</text>
</block>
<block><region><rect/></region>
<text>
<par>
<line>l/m 15m</line></par>
</text>
</block>
<block><region><rect/></region>
<text>
<par>
<line>Le meme nombre de parcelles avec les</line>
<line>mêmes superficies, mais selon une</line>
<line>configuration étroite observée dans les</line>
<line>centres-bourgs avec implantation du</line>
<line>bâti à f'ofignement et en mitoyenneté :</line>
<line>moins de longueur de voirie et de</line>
<line>réseaux et plus d'intimité.</line></par>
</text>
</block>
<block><region><rect/></region>
<text>
<par>
<line>û-ium- 720m</line></par>
</text>
</block>
<block><region><rect/></region>
<text>
<par>
<line>500m</line></par>
</text>
</block>
<block><region><rect/></region>
<text>
<par>
<line>631jm</line></par>
</text>
</block>
<block><region><rect/></region>
<text>
<par/>
</text>
</block>
<block><region><rect/></region>
<text>
<par/>
</text>
</block>
<block><region><rect/></region>
<text>
<par>
<line>sources ; CAU£ du Morbihan</line></par>
</text>
</block>
<block><region><rect/></region>
<text>
<par>
<line>Vue sur jardin</line></par>
</text>
</block>
<block><region><rect/></region>
<text>
<par>
<line>Implantation en limite separative</line></par>
</text>
</block>
<block><region><rect/></region>
<text>
<par>
<line>Implantation en milieu</line></par>
</text>
</block>
<block><region><rect/></region>
<text>
<par/>
</text>
</block>
<block><region><rect/></region>
<text>
<par>
<line>de parcelle</line></par>
</text>
</block>
<block><region><rect/></region>
<text>
<par/>
</text>
</block>
<block><region><rect/></region>
<text>
<par/>
</text>
</block>
<block><region><rect/></region>
<text>
<par>
<line>jardin a l'arriere</line>
<line>d'un seul tenant</line>
<line>offrant des</line>
<line>possibilités</line>
<line>d'extension de la</line>
<line>construction</line></par>
</text>
</block>
<block><region><rect/></region>
<text>
<par>
<line>zone d intimité</line>
<line>protégée du vent</line></par>
</text>
</block>
<block><region><rect/></region>
<text>
<par>
<line>ardin sans mtjmite; perte</line></par>
</text>
</block>
<block><region><rect/></region>
<text>
<par>
<line>d'espace devant la maison</line></par>
</text>
</block>
<block><region><rect/></region>
<text>
<par>
<line>s ouvrant sur la rue, espace</line></par>
</text>
</block>
<block><region><rect/></region>
<text>
<par>
<line>résiduel sur les cotes, impropres</line></par>
</text>
</block>
<block><region><rect/></region>
<text>
<par>
<line>au Jardinage, jardin a l'arriere de</line></par>
</text>
</block>
<block><region><rect/></region>
<text>
<par>
<line>la maison sans profondeur pour</line></par>
</text>
</block>
<block><region><rect/></region>
<text>
<par>
<line>les plantations, les jeux pour</line></par>
</text>
</block>
<block><region><rect/></region>
<text>
<par>
<line>enfants...</line></par>
</text>
</block>
<block><region><rect/></region>
<text>
<par>
<line>7</line></par>
</text>
</block>
<block><region><rect/></region>
<text>
<par>
<line>Illustration d'une recherche d'implantation des constructions garantissant l'intimité des parcelles</line></par>
<par>
<line>Source : CAUE du Morbihan</line></par>
</text>
</block>
<block><region><rect/></region>
<text>
<par>
<line>PLU de Thilouze</line></par>
</text>
</block>
<block><region><rect/></region>
<text>
<par>
<line>OAP</line></par>
</text>
</block>



































<block blockType="Picture" blockName="" l="1178" t="1108" r="1413" b="1481"><region><rect/></region>
</block>
<block blockType="Picture" blockName="" l="745" t="1753" r="832" b="1850"><region><rect/></region>
</block>
<block blockType="Picture" blockName="" l="295" t="1928" r="888" b="1973"><region><rect/></region>
</block>
<block blockType="Picture" blockName="" l="1124" t="2135" r="1584" b="2193"><region><rect/></region>
</block>
<block blockType="Picture" blockName="" l="1428" t="2363" r="1857" b="2467"><region><rect/></region>
</block>
</page>
<page width="2481" height="3508" resolution="300">
<block><region><rect/></region>
<text>
<par>
<line>OJ</line></par>
</text>
</block>
<block><region><rect/></region>
<text>
<par/>
</text>
</block>
<block><region><rect/></region>
<text>
<par/>
</text>
</block>
<block><region><rect/></region>
<text>
<par>
<line>O</line></par>
</text>
</block>
<block><region><rect/></region>
<text>
<par>
<line>CT</line></par>
</text>
</block>
<block><region><rect/></region>
<text>
<par/>
</text>
</block>
<block><region><rect/></region>
<text>
<par>
<line>O</line></par>
</text>
</block>
<block><region><rect/></region>
<text>
<par>
<line>&lt;</line></par>
</text>
</block>
<block><region><rect/></region>
<text>
<par>
<line>CL</line></par>
</text>
</block>
<block><region><rect/></region>
<text>
<par/>
</text>
</block>
<block><region><rect/></region>
<text>
<par>
<line>rti</line></par>
</text>
</block>
<block><region><rect/></region>
<text>
<par>
<line>□</line></par>
</text>
</block>
<block><region><rect/></region>
<text>
<par/>
</text>
</block>
<block><region><rect/></region>
<text>
<par>
<line>c</line></par>
</text>
</block>
<block><region><rect/></region>
<text>
<par>
<line>ai</line></par>
</text>
</block>
<block><region><rect/></region>
<text>
<par>
<line>(O</line></par>
</text>
</block>
<block><region><rect/></region>
<text>
<par/>
</text>
</block>
<block><region><rect/></region>
<text>
<par>
<line>&lt;</line></par>
</text>
</block>
<block><region><rect/></region>
<text>
<par>
<line>OJ l/l</line></par>
</text>
</block>
<block><region><rect/></region>
<text>
<par>
<line>cc</line></par>
</text>
</block>
<block><region><rect/></region>
<text>
<par>
<line>(J</line></par>
</text>
</block>
<block><region><rect/></region>
<text>
<par>
<line>t/ï</line></par>
</text>
</block>
<block><region><rect/></region>
<text>
<par>
<line>0</line></par>
</text>
</block>
<block><region><rect/></region>
<text>
<par>
<line>0</line></par>
</text>
</block>
<block><region><rect/><rect/></region>
<text>
<par>
<line>O '^ —</line>
<line>^ û- U</line></par>
</text>
</block>
<block><region><rect/></region>
<text>
<par>
<line>fü</line></par>
</text>
</block>
<block><region><rect/></region>
<text>
<par>
<line>OC</line></par>
</text>
</block>
<block><region><rect/></region>
<text>
<par/>
</text>
</block>
<block><region><rect/></region>
<text>
<par>
<line>C3</line></par>
</text>
</block>
<block><region><rect/></region>
<text>
<par>
<line>Q.</line></par>
</text>
</block>
<block><region><rect/></region>
<text>
<par>
<line>T3</line></par>
</text>
</block>
<block><region><rect/></region>
<text>
<par>
<line>S £2</line></par>
</text>
</block>
<block><region><rect/></region>
<text>
<par/>
</text>
</block>
<block><region><rect/></region>
<text>
<par>
<line>□</line></par>
</text>
</block>
<block><region><rect/></region>
<text>
<par>
<line>□</line></par>
</text>
</block>
<block><region><rect/></region>
<text>
<par>
<line>a</line></par>
</text>
</block>
<block><region><rect/></region>
<text>
<par>
<line>O O O O o&gt;^l</line></par>
</text>
</block>
<block><region><rect/></region>
<text>
<par/>
</text>
</block>
<block><region><rect/></region>
<text>
<par>
<line>O</line></par>
</text>
</block>
<block><region><rect/></region>
<text>
<par>
<line>□</line></par>
</text>
</block>
<block><region><rect/></region>
<text>
<par>
<line>c?</line></par>
</text>
</block>
<block><region><rect/></region>
<text>
<par>
<line>'O</line></par>
</text>
</block>
<block><region><rect/></region>
<text>
<par>
<line>&lt;</line></par>
</text>
</block>
<block><region><rect/></region>
<text>
<par>
<line>O</line></par>
</text>
</block>
<block><region><rect/></region>
<text>
<par>
<line>C5</line></par>
</text>
</block>
<block><region><rect/></region>
<text>
<par>
<line>0</line></par>
</text>
</block>
<block><region><rect/></region>
<text>
<par>
<line>Cb</line></par>
</text>
</block>
<block><region><rect/></region>
<text>
<par/>
</text>
</block>
<block><region><rect/></region>
<text>
<par>
<line>n</line></par>
</text>
</block>
<block><region><rect/></region>
<text>
<par>
<line>n</line></par>
</text>
</block>
<block><region><rect/></region>
<text>
<par/>
</text>
</block>
<block><region><rect/></region>
<text>
<par>
<line>&lt;</line></par>
</text>
</block>
<block><region><rect/></region>
<text>
<par>
<line>a</line></par>
</text>
</block>
<block><region><rect/></region>
<text>
<par>
<line>n</line></par>
</text>
</block>
<block><region><rect/></region>
<text>
<par>
<line>O</line></par>
</text>
</block>
<block><region><rect/></region>
<text>
<par>
<line>•n</line></par>
</text>
</block>
<block><region><rect/></region>
<text>
<par>
<line>sissdid npôrj</line></par>
</text>
</block>
<block><region><rect/></region>
<text>
<par>
<line>n</line></par>
</text>
</block>
<block><region><rect/></region>
<text>
<par>
<line>a</line></par>
</text>
</block>
<block><region><rect/></region>
<text>
<par>
<line>$</line></par>
</text>
</block>
<block><region><rect/></region>
<text>
<par>
<line>O</line></par>
</text>
</block>
<block><region><rect/></region>
<text>
<par>
<line>a</line></par>
</text>
</block>
<block><region><rect/></region>
<text>
<par>
<line>□</line></par>
<par>
<line>i</line></par>
</text>
</block>
<block><region><rect/></region>
<text>
<par>
<line>&lt;</line></par>
</text>
</block>
<block><region><rect/></region>
<text>
<par>
<line>O</line></par>
</text>
</block>
<block><region><rect/></region>
<text>
<par>
<line>□</line></par>
</text>
</block>
<block><region><rect/></region>
<text>
<par>
<line>0</line></par>
</text>
</block>
<block><region><rect/></region>
<text>
<par>
<line>rn</line></par>
</text>
</block>
<block><region><rect/></region>
<text>
<par>
<line>cc</line></par>
</text>
</block>
<block><region><rect/></region>
<text>
<par>
<line>C5</line></par>
</text>
</block>
<block><region><rect/></region>
<text>
<par>
<line>O</line></par>
</text>
</block>
<block><region><rect/></region>
<text>
<par>
<line>a</line></par>
</text>
</block>
<block><region><rect/></region>
<text>
<par>
<line>O</line></par>
</text>
</block>
<block><region><rect/></region>
<text>
<par>
<line>□</line></par>
</text>
</block>
<block><region><rect/></region>
<text>
<par/>
</text>
</block>
<block><region><rect/></region>
<text>
<par>
<line>0</line></par>
</text>
</block>
<block><region><rect/></region>
<text>
<par/>
</text>
</block>
<block><region><rect/></region>
<text>
<par>
<line>a</line></par>
</text>
</block>
<block><region><rect/></region>
<text>
<par>
<line>n</line></par>
</text>
</block>
<block><region><rect/></region>
<text>
<par/>
</text>
</block>
<block><region><rect/></region>
<text>
<par>
<line>i</line></par>
</text>
</block>
<block><region><rect/></region>
<text>
<par>
<line>SfHbnotédeBalîac</line></par>
</text>
</block>
<block><region><rect/></region>
<text>
<par>
<line>D</line></par>
</text>
</block>
<block><region><rect/></region>
<text>
<par/>
</text>
</block>
<block><region><rect/></region>
<text>
<par>
<line>c:3</line></par>
</text>
</block>
<block><region><rect/></region>
<text>
<par>
<line>0</line></par>
</text>
</block>
<block><region><rect/></region>
<text>
<par>
<line>RD19</line></par>
</text>
</block>
<block><region><rect/></region>
<text>
<par>
<line>n</line></par>
</text>
</block>
<block><region><rect/></region>
<text>
<par>
<line>O</line></par>
</text>
</block>
<block><region><rect/></region>
<text>
<par/>
</text>
</block>
<block><region><rect/></region>
<text>
<par>
<line>Q</line></par>
</text>
</block>
<block><region><rect/></region>
<text>
<par>
<line>Q</line></par>
</text>
</block>
<block><region><rect/></region>
<text>
<par>
<line>D</line></par>
</text>
</block>
<block><region><rect/></region>
<text>
<par>
<line>3</line></par>
</text>
</block>
<block><region><rect/></region>
<text>
<par>
<line>C3</line></par>
</text>
</block>
<block><region><rect/></region>
<text>
<par>
<line>ïD</line></par>
</text>
</block>
<block><region><rect/></region>
<text>
<par>
<line>Q</line></par>
</text>
</block>
<block><region><rect/></region>
<text>
<par>
<line>O</line></par>
</text>
</block>
<block><region><rect/></region>
<text>
<par>
<line>Or OJ j::</line></par>
</text>
</block>
<block><region><rect/></region>
<text>
<par/>
</text>
</block>
<block><region><rect/></region>
<text>
<par>
<line>r ^</line></par>
</text>
</block>
<block><region><rect/></region>
<text>
<par>
<line>&gt;&gt; ai</line></par>
</text>
</block>
<block><region><rect/></region>
<text>
<par>
<line>l.'V 'OJ</line></par>
</text>
</block>
<block><region><rect/></region>
<text>
<par>
<line>O 5</line></par>
</text>
</block>
<block><region><rect/></region>
<text>
<par/>
</text>
</block>
<block><region><rect/></region>
<text>
<par>
<line>r Q-O</line></par>
<par>
<line>0, S- &amp; Ïi</line></par>
<par>
<line>2 E S.-I</line></par>
<par>
<line>w ra c 3</line></par>
</text>
</block>
<block><region><rect/></region>
<text>
<par>
<line>n</line></par>
</text>
</block>
<block><region><rect/></region>
<text>
<par>
<line>a&gt; O</line></par>
</text>
</block>
<block><region><rect/></region>
<text>
<par/>
</text>
</block>
<block><region><rect/></region>
<text>
<par>
<line>C3</line></par>
</text>
</block>
<block><region><rect/></region>
<text>
<par/>
</text>
</block>
<block><region><rect/></region>
<text>
<par>
<line>□</line></par>
</text>
</block>
<block><region><rect/></region>
<text>
<par/>
</text>
</block>
<block><region><rect/></region>
<text>
<par>
<line>Q</line></par>
</text>
</block>
<block><region><rect/></region>
<text>
<par>
<line>O</line></par>
</text>
</block>
<block><region><rect/></region>
<text>
<par>
<line>O) a»</line></par>
</text>
</block>
<block><region><rect/></region>
<text>
<par>
<line>a O</line></par>
</text>
</block>
<block><region><rect/></region>
<text>
<par>
<line>&lt;u ifl</line></par>
</text>
</block>
<block><region><rect/></region>
<text>
<par>
<line>&lt;?</line></par>
</text>
</block>
<block><region><rect/></region>
<text>
<par>
<line>D</line></par>
</text>
</block>
<block><region><rect/></region>
<text>
<par>
<line>tn C</line></par>
</text>
</block>
<block><region><rect/></region>
<text>
<par>
<line>O</line></par>
</text>
</block>
<block><region><rect/></region>
<text>
<par>
<line>Jf E</line></par>
</text>
</block>
<block><region><rect/></region>
<text>
<par>
<line>V c i/i</line></par>
<par>
<line>.tr OJ VI</line></par>
</text>
</block>
<block><region><rect/></region>
<text>
<par>
<line>o=</line></par>
</text>
</block>
<block><region><rect/></region>
<text>
<par>
<line>■D ^</line></par>
</text>
</block>
<block><region><rect/></region>
<text>
<par>
<line>’D 3 C</line></par>
<par>
<line>_ TJ = CTI</line></par>
</text>
</block>
<block><region><rect/></region>
<text>
<par>
<line>O</line></par>
</text>
</block>
<block><region><rect/></region>
<text>
<par/>
</text>
</block>
<block><region><rect/></region>
<text>
<par>
<line>ra n</line></par>
</text>
</block>
<block><region><rect/></region>
<text>
<par>
<line>Ü</line></par>
</text>
</block>
<block><region><rect/></region>
<text>
<par>
<line>^ ir.</line></par>
<par>
<line>O Oi "O .Ë^</line></par>
</text>
</block>
<block><region><rect/></region>
<text>
<par/>
</text>
</block>
<block><region><rect/></region>
<text>
<par>
<line>O O»</line></par>
</text>
</block>
<block><region><rect/></region>
<text>
<par>
<line>ITÏ OJ 3</line></par>
</text>
</block>
<block><region><rect/></region>
<text>
<par/>
</text>
</block>
<block><region><rect/></region>
<text>
<par>
<line>"O</line></par>
</text>
</block>
<block><region><rect/></region>
<text>
<par>
<line>O 0=^</line></par>
</text>
</block>
<block><region><rect/></region>
<text>
<par>
<line>c c</line></par>
</text>
</block>
<block><region><rect/></region>
<text>
<par/>
</text>
</block>
<block><region><rect/></region>
<text>
<par>
<line>U O 5</line></par>
<par>
<line>y ^ 2</line></par>
</text>
</block>
<block><region><rect/></region>
<text>
<par>
<line>iïï C</line></par>
</text>
</block>
<block><region><rect/></region>
<text>
<par>
<line>— c i</line></par>
</text>
</block>
<block><region><rect/></region>
<text>
<par/>
</text>
</block>
<block><region><rect/></region>
<text>
<par>
<line>^ E</line></par>
</text>
</block>
<block><region><rect/></region>
<text>
<par/>
</text>
</block>
<block><region><rect/></region>
<text>
<par>
<line>= m</line></par>
</text>
</block>
<block><region><rect/></region>
<text>
<par>
<line>4&gt; (U</line></par>
</text>
</block>
<block><region><rect/></region>
<text>
<par>
<line>^ _aj —</line>
<line>Or n] &lt;U</line></par>
<par>
<line>û. .9- U</line></par>
</text>
</block>
<block><region><rect/></region>
<text>
<par>
<line>ii&gt; &lt;□</line></par>
</text>
</block>
<block><region><rect/></region>
<text>
<par/>
</text>
</block>
<block><region><rect/></region>
<text>
<par>
<line>c "O</line></par>
</text>
</block>
<block><region><rect/></region>
<text>
<par/>
</text>
</block>
<block><region><rect/></region>
<text>
<par>
<line>0} R</line></par>
</text>
</block>
<block><region><rect/></region>
<text>
<par>
<line>N c c</line></par>
</text>
</block>
<block><region><rect/></region>
<text>
<par>
<line>Q.</line></par>
</text>
</block>
<block><region><rect/></region>
<text>
<par>
<line>a™</line></par>
</text>
</block>
<block><region><rect/></region>
<text>
<par>
<line>■a</line></par>
</text>
</block>
<block><region><rect/></region>
<text>
<par>
<line>O</line></par>
</text>
</block>
<block><region><rect/></region>
<text>
<par>
<line>■O</line></par>
</text>
</block>
<block><region><rect/></region>
<text>
<par>
<line>U U</line>
<line>C C N</line></par>
</text>
</block>
<block><region><rect/></region>
<text>
<par>
<line>C O .2.</line></par>
</text>
</block>
<block><region><rect/></region>
<text>
<par>
<line>dû w</line></par>
</text>
</block>
<block><region><rect/></region>
<text>
<par>
<line>.= û.</line></par>
</text>
</block>
<block><region><rect/></region>
<text>
<par>
<line>O.</line></par>
</text>
</block>
<block><region><rect/></region>
<text>
<par>
<line>Su</line></par>
</text>
</block>
<block><region><rect/></region>
<text>
<par>
<line>s|l&gt; Ol</line></par>
<par>
<line>Û. T3</line></par>
</text>
</block>
<block><region><rect/></region>
<text>
<par>
<line>^ OP eu Q</line>
<line>Û» ^ L_ □.</line></par>
</text>
</block>
<block><region><rect/></region>
<text>
<par>
<line>Û. a ^</line></par>
</text>
</block>
<block><region><rect/></region>
<text>
<par/>
</text>
</block>
<block><region><rect/></region>
<text>
<par>
<line>Q. n Cû</line></par>
</text>
</block>
<block><region><rect/></region>
<text>
<par>
<line>Q.</line></par>
</text>
</block>
<block><region><rect/></region>
<text>
<par>
<line>A</line></par>
</text>
</block>
<block><region><rect/></region>
<text>
<par>
<line>-ü C ^</line></par>
<par>
<line>4«i £: tA</line></par>
</text>
</block>
<block><region><rect/></region>
<text>
<par>
<line>4P</line></par>
</text>
</block>
<block><region><rect/></region>
<text>
<par/>
</text>
</block>
<block><region><rect/></region>
<text>
<par>
<line>ê</line></par>
</text>
</block>
<block><region><rect/></region>
<text>
<par>
<line>&gt;.■*—</line></par>
</text>
</block>
<block><region><rect/></region>
<text>
<par>
<line>a ? a</line></par>
</text>
</block>
<block><region><rect/></region>
<text>
<par>
<line>o«</line></par>
</text>
</block>
<block><region><rect/></region>
<text>
<par>
<line>O;</line></par>
</text>
</block>
<block><region><rect/></region>
<text>
<par>
<line>i</line></par>
</text>
</block>
<block><region><rect/></region>
<text>
<par>
<line>9«</line></par>
</text>
</block>
<block><region><rect/></region>
<text>
<par>
<line>a. a.</line></par>
</text>
</block>
<block><region><rect/></region>
<text>
<par>
<line>V</line></par>
</text>
</block>
<block><region><rect/></region>
<text>
<par/>
</text>
</block>
<block><region><rect/></region>
<text>
<par>
<line>T</line></par>
</text>
</block>
<block><region><rect/></region>
<text>
<par>
<line>.3</line></par>
</text>
</block>
<block><region><rect/></region>
<text>
<par>
<line>a-3</line></par>
</text>
</block>
<block><region><rect/></region>
<text>
<par>
<line>9zno mi ap aunoiujo^</line></par>
</text>
</block>
<block><region><rect/></region>
<text>
<par>
<line>3 ït</line></par>
</text>
</block>
<block><region><rect/></region>
<text>
<par/>
</text>
</block>
<block><region><rect/></region>
<text>
<par>
<line>■=</line></par>
</text>
</block>
<block><region><rect/></region>
<text>
<par>
<line>•S</line></par>
</text>
</block>
<block><region><rect/></region>
<text>
<par>
<line>PLU de Thilouze</line></par>
</text>
</block>
<block><region><rect/></region>
<text>
<par>
<line>OAP</line></par>
</text>
</block>










































































</page>
<page width="2481" height="3508" resolution="300">
<block><region><rect/></region>
<text>
<par>
<line>Site de la Baronne</line></par>
</text>
</block>
<block><region><rect/></region>
<text>
<par>
<line>Présentation (extrait du rapport de présentation)</line></par>
</text>
</block>
<block><region><rect/></region>
<text>
<par>
<line>O Un secteur au relief peu marqué prenant appui sur des boisen^nts.</line></par>
<par>
<line>O Une implantation en entrée de bourg, au long de la RDS (rue de la Baronne), face au stade de la Baronne.</line>
<line>O Des réseaux d'inffastnxtures à renforcer.</line></par>
<par>
<line>O Une urbanisation risquant d'enclaver des terres agricoles.</line></par>
</text>
</block>
<block><region><rect/></region>
<text>
<par>
<line>Objectifs</line></par>
</text>
</block>
<block><region><rect/></region>
<text>
<par>
<line>S'inscrire dans un schéma de développen^nt à moyen terme d'une greffe urbaine de qualité s'intégrant tant avec le</line>
<line>reste de l'urbanisation du bourg que dans les paysages ruraux</line></par>
</text>
</block>
<block><region><rect/></region>
<text>
<par>
<line>Programmation</line></par>
</text>
</block>
<block><region><rect/></region>
<text>
<par>
<line>Ce site présente une superficie voisine de 2,4 ha, perrotiant d'envisager la production d'une trentaine de logen^nts.</line>
<line>Son antenagen^nt devra se réaliser d'un seul tenant</line></par>
<par>
<line>Cette opération devra proposer une offre de logements \ariée (maison individuel, maison mitoyenne, et^ou habitat</line>
<line>intermédiaire), adaptée au parcours résidentiel (taille des parcelles variée), et contribuant à préserver la mixité sociale.</line></par>
</text>
</block>
<block><region><rect/></region>
<text>
<par>
<line>Orientations</line></par>
</text>
</block>
<block><region><rect/></region>
<text>
<par>
<line>Mobilité</line></par>
<par>
<line>La desserte du site se fera par une voie principale à créer assurant un bouclage entre la rue de la Baronne et la rue</line>
<line>Buissonnière.</line></par>
<par>
<line>La voie principale de desserte perrottra la circulation des véhicules et des piétons. Une connexion douce devra être</line>
<line>créée en direction du boisen^nt séparant l'opération du stade de la Baronne, cet espace étant appelé à se transforror</line>
<line>en parc urbain.</line></par>
<par>
<line>Un terrain sera réservé côte nord de la voie de desserte principale afin de maintenir un accès aux terres agricoles</line>
<line>dominant l'opération.</line></par>
<par>
<line>ENVIRONNEMEm" ET PAYSAGE</line></par>
<par>
<line>Une haie bocagère sera plantée au long de la rue de la Baronne afin de préserver le caractère rural de cette entrée de</line>
<line>bourg.</line></par>
<par>
<line>Energie</line></par>
<par>
<line>L'implantation des consfructions sur les parcelles sera finen^nt étudiée afin d'assurer une orientation la plus favorable</line>
<line>possible aux économies d'énergie, tout en évitant tout systématisn^, et afin de bénéficier d'une parcelle cohérente</line>
<line>ntenageant des espaces d'intinite (cf. exemples, ci-après). A cette fin, une implantation préférentielle avec la façade</line>
<line>principale s'ouvrant au sud-ouest ou au sud-est en fonction de la tran^ parcellaire du lieu concerné, est à privilégier ;</line>
<line>celle-ci s'inspirant des implantations anciennes et favorisant les apports solaires.</line></par>
</text>
</block>
<block><region><rect/></region>
<text>
<par>
<line>PLU deThilouze</line></par>
</text>
</block>
<block><region><rect/></region>
<text>
<par>
<line>OAP</line></par>
</text>
</block>
<block blockType="Picture" blockName="" l="257" t="410" r="2213" b="490"><region><rect/></region>
</block>
<block blockType="Picture" blockName="" l="257" t="907" r="2213" b="987"><region><rect/></region>
</block>
<block blockType="Picture" blockName="" l="257" t="1243" r="2213" b="1323"><region><rect/></region>
</block>
<block blockType="Picture" blockName="" l="257" t="1719" r="2213" b="1799"><region><rect/></region>
</block>
<block blockType="Picture" blockName="" l="251" t="404" r="2220" b="497"><region><rect/></region>
</block>
<block blockType="Picture" blockName="" l="251" t="901" r="2220" b="994"><region><rect/></region>
</block>
<block blockType="Picture" blockName="" l="251" t="1237" r="2220" b="1330"><region><rect/></region>
</block>
<block blockType="Picture" blockName="" l="251" t="1713" r="2220" b="1806"><region><rect/></region>
</block>
</page>
<page width="2481" height="3508" resolution="300">
<block><region><rect/></region>
<text>
<par>
<line>10</line></par>
</text>
</block>
<block><region><rect/></region>
<text>
<par>
<line>113m</line></par>
</text>
</block>
<block><region><rect/></region>
<text>
<par>
<line>parcelles de 600¬</line>
<line>700 avec</line>
<line>implantation du</line>
<line>bâti au milieu de</line>
<line>la parcelle</line></par>
</text>
</block>
<block><region><rect/></region>
<text>
<par>
<line>60Qm</line></par>
</text>
</block>
<block><region><rect/></region>
<text>
<par>
<line>DfiOm</line></par>
</text>
</block>
<block><region><rect/></region>
<text>
<par>
<line>&amp;00m</line></par>
</text>
</block>
<block><region><rect/></region>
<text>
<par/>
</text>
</block>
<block><region><rect/></region>
<text>
<par>
<line>n</line></par>
</text>
</block>
<block><region><rect/></region>
<text>
<par>
<line>21.30m</line></par>
</text>
</block>
<block><region><rect/></region>
<text>
<par>
<line>24m</line></par>
</text>
</block>
<block><region><rect/></region>
<text>
<par>
<line>20m</line></par>
</text>
</block>
<block><region><rect/></region>
<text>
<par>
<line>22.70m</line></par>
</text>
</block>
<block><region><rect/></region>
<text>
<par>
<line>ZOm</line></par>
</text>
</block>
<block><region><rect/></region>
<text>
<par>
<line>86m</line></par>
</text>
</block>
<block><region><rect/></region>
<text>
<par>
<line>16m 18m</line></par>
</text>
</block>
<block><region><rect/></region>
<text>
<par>
<line>15m l/m</line></par>
</text>
</block>
<block><region><rect/></region>
<text>
<par>
<line>15m</line></par>
</text>
</block>
<block><region><rect/></region>
<text>
<par>
<line>Le meme nombre de parcelles avec les</line>
<line>mêmes superficies, mais selon une</line>
<line>configuration étroite observée dons les</line>
<line>centres-bourgs avec implantation du</line>
<line>bâti à l'aiignement et en mitoyenneté :</line>
<line>moins de iongueur de voirie et de</line>
<line>réseaux et plus d'intimité.</line></par>
</text>
</block>
<block><region><rect/></region>
<text>
<par>
<line>fi'lOin /Mm</line></par>
</text>
</block>
<block><region><rect/></region>
<text>
<par>
<line>6uOfri</line></par>
</text>
</block>
<block><region><rect/></region>
<text>
<par>
<line>âfiûm</line></par>
</text>
</block>
<block><region><rect/></region>
<text>
<par>
<line>600m</line></par>
</text>
</block>
<block><region><rect/></region>
<text>
<par/>
</text>
</block>
<block><region><rect/></region>
<text>
<par/>
</text>
</block>
<block><region><rect/></region>
<text>
<par>
<line>ûü</line></par>
</text>
</block>
<block><region><rect/></region>
<text>
<par>
<line>sources : CAUt du Morbihan</line></par>
</text>
</block>
<block><region><rect/></region>
<text>
<par/>
</text>
</block>
<block><region><rect/></region>
<text>
<par>
<line>Vue sur jardin</line></par>
</text>
</block>
<block><region><rect/></region>
<text>
<par>
<line>Implantation en limite separative</line></par>
</text>
</block>
<block><region><rect/></region>
<text>
<par>
<line>Implantation en milieu</line></par>
</text>
</block>
<block><region><rect/></region>
<text>
<par/>
</text>
</block>
<block><region><rect/></region>
<text>
<par>
<line>de parcelle</line></par>
</text>
</block>
<block><region><rect/></region>
<text>
<par/>
</text>
</block>
<block><region><rect/></region>
<text>
<par/>
</text>
</block>
<block><region><rect/></region>
<text>
<par>
<line>jardin a I arriéré</line>
<line>d'un seul tenant</line>
<line>offrant des</line>
<line>possibilités</line>
<line>d'extension de la</line>
<line>construction</line></par>
</text>
</block>
<block><region><rect/></region>
<text>
<par>
<line>toned mtimite</line>
<line>protégée du vent</line></par>
</text>
</block>
<block><region><rect/></region>
<text>
<par/>
</text>
</block>
<block><region><rect/></region>
<text>
<par>
<line>lardm sans intimité, perte</line></par>
</text>
</block>
<block><region><rect/></region>
<text>
<par>
<line>d'espace devant la maison</line></par>
</text>
</block>
<block><region><rect/></region>
<text>
<par>
<line>s ouvrant sur la rue, espace</line></par>
</text>
</block>
<block><region><rect/></region>
<text>
<par>
<line>résiduel suries cotes, impropres</line></par>
</text>
</block>
<block><region><rect/></region>
<text>
<par>
<line>au jardinage, jardin a rarnere de</line></par>
</text>
</block>
<block><region><rect/></region>
<text>
<par>
<line>la maison sans profondeur pour</line></par>
</text>
</block>
<block><region><rect/></region>
<text>
<par>
<line>les plantations, les jeux pour</line></par>
</text>
</block>
<block><region><rect/></region>
<text>
<par>
<line>enfants</line></par>
</text>
</block>
<block><region><rect/></region>
<text>
<par>
<line>Illustration d'une recherche d'implantation des constructions aarantissanl: l'intimitÉ des parcelles</line></par>
<par>
<line>Source : CAUE du Morbihan</line></par>
</text>
</block>
<block><region><rect/></region>
<text>
<par>
<line>PLU de Thilouze</line></par>
</text>
</block>
<block><region><rect/></region>
<text>
<par>
<line>OAP</line></par>
</text>
</block>






































<block blockType="Picture" blockName="" l="1278" t="183" r="1540" b="598"><region><rect/></region>
</block>
<block blockType="Picture" blockName="" l="798" t="927" r="836" b="1007"><region><rect/></region>
</block>
<block blockType="Picture" blockName="" l="582" t="976" r="702" b="1005"><region><rect/></region>
</block>
<block blockType="Picture" blockName="" l="299" t="1093" r="958" b="1145"><region><rect/></region>
</block>
<block blockType="Picture" blockName="" l="1218" t="1324" r="1730" b="1386"><region><rect/></region>
</block>
<block blockType="Picture" blockName="" l="1563" t="1577" r="2032" b="1692"><region><rect/></region>
</block>
</page>
<page width="2481" height="3508" resolution="300">
<block><region><rect/></region>
<text orientation="RotatedCounterclockwise">
<par>
<line>Hrtwv..,, ORIENTATION d'AMENAGEMENT et de PROGRAMMATION</line></par>
<par>
<line>Avrii2oi5 Partie graphique</line></par>
<par>
<line>La Baronne</line></par>
</text>
</block>
<block><region><rect/></region>
<text>
<par/>
</text>
</block>
<block><region><rect/></region>
<text>
<par>
<line>T</line></par>
</text>
</block>
<block><region><rect/></region>
<text>
<par>
<line>Qi .=</line></par>
</text>
</block>
<block><region><rect/></region>
<text>
<par/>
</text>
</block>
<block><region><rect/></region>
<text>
<par>
<line>a&gt; V</line></par>
</text>
</block>
<block><region><rect/></region>
<text>
<par>
<line>lT</line></par>
</text>
</block>
<block><region><rect/></region>
<text>
<par>
<line>c</line></par>
</text>
</block>
<block><region><rect/></region>
<text>
<par>
<line>y&gt; c</line></par>
</text>
</block>
<block><region><rect/></region>
<text>
<par/>
</text>
</block>
<block><region><rect/></region>
<text>
<par/>
</text>
</block>
<block><region><rect/></region>
<text>
<par>
<line>a&gt; ^</line></par>
</text>
</block>
<block><region><rect/></region>
<text>
<par>
<line>Il&gt; CL</line></par>
</text>
</block>
<block><region><rect/></region>
<text>
<par>
<line>C »_</line></par>
</text>
</block>
<block><region><rect/></region>
<text>
<par>
<line>//</line></par>
</text>
</block>
<block><region><rect/></region>
<text>
<par/>
</text>
</block>
<block><region><rect/></region>
<text>
<par>
<line>? Ht</line></par>
</text>
</block>
<block><region><rect/></region>
<text>
<par>
<line>O tï</line></par>
</text>
</block>
<block><region><rect/></region>
<text>
<par>
<line>« a&gt;</line></par>
</text>
</block>
<block><region><rect/></region>
<text>
<par>
<line>P T&gt;</line></par>
</text>
</block>
<block><region><rect/></region>
<text>
<par>
<line>Û. Jü</line></par>
</text>
</block>
<block><region><rect/></region>
<text>
<par>
<line>3 --</line></par>
</text>
</block>
<block><region><rect/></region>
<text>
<par>
<line>3 -Tï</line></par>
</text>
</block>
<block><region><rect/></region>
<text>
<par>
<line>3 O»</line></par>
</text>
</block>
<block><region><rect/></region>
<text>
<par>
<line>Of ^</line></par>
</text>
</block>
<block><region><rect/></region>
<text>
<par>
<line>O. (O</line></par>
</text>
</block>
<block><region><rect/></region>
<text>
<par>
<line>i_- ^</line></par>
</text>
</block>
<block><region><rect/></region>
<text>
<par>
<line>^ ro</line></par>
</text>
</block>
<block><region><rect/></region>
<text>
<par>
<line>3 m</line></par>
</text>
</block>
<block><region><rect/></region>
<text>
<par>
<line>rs 73</line></par>
</text>
</block>
<block><region><rect/></region>
<text>
<par>
<line>&lt;y -ai</line></par>
</text>
</block>
<block><region><rect/></region>
<text>
<par>
<line>O</line></par>
</text>
</block>
<block><region><rect/></region>
<text>
<par>
<line>ji» y</line></par>
</text>
</block>
<block><region><rect/></region>
<text>
<par>
<line>- a»</line></par>
</text>
</block>
<block><region><rect/></region>
<text>
<par>
<line>Q- 3</line></par>
</text>
</block>
<block><region><rect/></region>
<text>
<par>
<line>!sJ ^ 5</line></par>
<par>
<line>« J=f S</line></par>
<par>
<line>"D &lt;i&gt;</line></par>
</text>
</block>
<block><region><rect/></region>
<text>
<par>
<line>ai 3</line></par>
</text>
</block>
<block><region><rect/></region>
<text>
<par>
<line>-D d&gt;</line></par>
</text>
</block>
<block><region><rect/></region>
<text>
<par>
<line>a&gt; ru ^</line></par>
<par>
<line>Ci. Q. CO</line></par>
<par>
<line>w v âf</line>
<line>c c P</line></par>
</text>
</block>
<block><region><rect/></region>
<text>
<par>
<line>CL ^</line></par>
</text>
</block>
<block><region><rect/></region>
<text>
<par>
<line>!“ a&gt;</line></par>
</text>
</block>
<block><region><rect/></region>
<text>
<par>
<line>'Z C</line></par>
</text>
</block>
<block><region><rect/></region>
<text>
<par>
<line>O. a J?</line></par>
</text>
</block>
<block><region><rect/></region>
<text>
<par>
<line>K TS</line></par>
</text>
</block>
<block><region><rect/></region>
<text>
<par>
<line>G, T3</line></par>
</text>
</block>
<block><region><rect/></region>
<text>
<par>
<line>)</line></par>
</text>
</block>
<block><region><rect/></region>
<text>
<par>
<line>♦</line></par>
</text>
</block>
<block><region><rect/></region>
<text>
<par>
<line>..J</line></par>
</text>
</block>
<block><region><rect/></region>
<text>
<par/>
</text>
</block>
<block><region><rect/></region>
<text>
<par/>
</text>
</block>
<block><region><rect/></region>
<text>
<par>
<line>"O</line></par>
</text>
</block>
<block><region><rect/></region>
<text>
<par>
<line>£ S</line></par>
</text>
</block>
<block><region><rect/></region>
<text>
<par>
<line>T3</line></par>
</text>
</block>
<block><region><rect/></region>
<text>
<par>
<line>■O</line></par>
</text>
</block>
<block><region><rect/></region>
<text>
<par>
<line>■O</line></par>
</text>
</block>
<block><region><rect/></region>
<text>
<par>
<line>'U</line></par>
</text>
</block>
<block><region><rect/></region>
<text>
<par>
<line>'Ol</line></par>
</text>
</block>
<block><region><rect/></region>
<text>
<par>
<line>c *;</line></par>
</text>
</block>
<block><region><rect/></region>
<text>
<par>
<line>c -O</line></par>
</text>
</block>
<block><region><rect/></region>
<text>
<par>
<line>D) 'QJ</line></par>
</text>
</block>
<block><region><rect/></region>
<text>
<par>
<line>Q)</line></par>
</text>
</block>
<block><region><rect/></region>
<text>
<par>
<line>O C</line></par>
</text>
</block>
<block><region><rect/></region>
<text>
<par>
<line>a. M</line></par>
</text>
</block>
<block><region><rect/></region>
<text>
<par>
<line>11</line></par>
</text>
</block>
<block><region><rect/></region>
<text>
<par>
<line>azno|!L|j_ap aunoioio^</line></par>
</text>
</block>
<block><region><rect/></region>
<text>
<par>
<line>a.</line></par>
</text>
</block>
<block><region><rect/></region>
<text>
<par>
<line>PLU de Thilouze</line></par>
</text>
</block>
<block><region><rect/></region>
<text>
<par>
<line>OAP</line></par>
</text>
</block>










</page>
<page width="2481" height="3508" resolution="300">
<block><region><rect/></region>
<text>
<par>
<line>Site de la zone d'activité du Plessis</line></par>
</text>
</block>
<block><region><rect/></region>
<text>
<par>
<line>Présentation (extrait du rapport de présentation)</line></par>
</text>
</block>
<block><region><rect/></region>
<text>
<par>
<line>O Partie de parcelle cultivée</line>
<line>O S ituée entre la TA actuel le et un ensemble boisé</line>
<line>O Desservie par une vole en attente au cœur de la zone d'activité</line></par>
</text>
</block>
<block><region><rect/></region>
<text>
<par>
<line>Objectifs</line></par>
</text>
</block>
<block><region><rect/></region>
<text>
<par>
<line>S'inscrire dans un schéma de dé\Æloppenœntà moyen ou long ternie d'une extension de qualité s'intégrant avec la zone</line>
<line>d'activité existante.</line></par>
</text>
</block>
<block><region><rect/></region>
<text>
<par>
<line>Programmation</line></par>
</text>
</block>
<block><region><rect/></region>
<text>
<par>
<line>Ce site présente une superficie d'environ 1.15 ha et pemœt d'envisager une extension de la ZA actuelle.</line></par>
</text>
</block>
<block><region><rect/></region>
<text>
<par>
<line>Orientations</line></par>
</text>
</block>
<block><region><rect/></region>
<text>
<par>
<line>Mobilité</line></par>
<par>
<line>La desserte du site se fera par une vole principale à créer depuis la route existante au sein de la ZA du Plessis.</line></par>
<par>
<line>La vole de desserte pemœttra la circulation des véhicules et des piétons.</line></par>
<par>
<line>ENVIRONNEMEm" ET PAYSAGE</line></par>
<par>
<line>Une haie bocagère sera plantée sur les pourtours de l'opération afin d'intégrer les nouveaux bâtinœnts et de préserver le</line>
<line>caractère rural de cette entrée de bourg.</line></par>
</text>
</block>
<block><region><rect/></region>
<text>
<par>
<line>PLU deThilouze</line></par>
</text>
</block>
<block><region><rect/></region>
<text>
<par>
<line>OAP</line></par>
</text>
</block>
<block blockType="Picture" blockName="" l="257" t="410" r="2213" b="490"><region><rect/></region>
</block>
<block blockType="Picture" blockName="" l="257" t="847" r="2213" b="927"><region><rect/></region>
</block>
<block blockType="Picture" blockName="" l="257" t="1183" r="2213" b="1263"><region><rect/></region>
</block>
<block blockType="Picture" blockName="" l="257" t="1461" r="2213" b="1541"><region><rect/></region>
</block>
<block blockType="Picture" blockName="" l="251" t="404" r="2220" b="497"><region><rect/></region>
</block>
<block blockType="Picture" blockName="" l="251" t="841" r="2220" b="934"><region><rect/></region>
</block>
<block blockType="Picture" blockName="" l="251" t="1177" r="2220" b="1270"><region><rect/></region>
</block>
<block blockType="Picture" blockName="" l="251" t="1455" r="2220" b="1548"><region><rect/></region>
</block>
</page>
<page width="2481" height="3508" resolution="300">
<block><region><rect/></region>
<text>
<par/>
</text>
</block>
<block><region><rect/></region>
<text>
<par>
<line>00</line></par>
</text>
</block>
<block><region><rect/></region>
<text>
<par>
<line>(U to</line></par>
</text>
</block>
<block><region><rect/></region>
<text>
<par>
<line>h-</line></par>
</text>
</block>
<block><region><rect/></region>
<text>
<par>
<line>O</line></par>
</text>
</block>
<block><region><rect/></region>
<text>
<par>
<line>“ O"</line></par>
</text>
</block>
<block><region><rect/></region>
<text>
<par>
<line>- &lt;L</line></par>
</text>
</block>
<block><region><rect/></region>
<text>
<par>
<line>&lt; -E</line></par>
</text>
</block>
<block><region><rect/></region>
<text>
<par>
<line>CL ^</line></par>
</text>
</block>
<block><region><rect/></region>
<text>
<par>
<line>■C</line></par>
</text>
</block>
<block><region><rect/></region>
<text>
<par>
<line>CTI</line></par>
</text>
</block>
<block><region><rect/></region>
<text>
<par>
<line>c</line></par>
</text>
</block>
<block><region><rect/><rect/></region>
<text>
<par>
<line>ce 'dJ</line></par>
</text>
</block>
<block><region><rect/></region>
<text>
<par>
<line>O</line></par>
</text>
</block>
<block><region><rect/></region>
<text>
<par>
<line>Q. rg</line></par>
</text>
</block>
<block><region><rect/></region>
<text>
<par>
<line>O</line></par>
</text>
</block>
<block><region><rect/></region>
<text>
<par>
<line>* T3</line></par>
</text>
</block>
<block><region><rect/></region>
<text>
<par>
<line>m</line></par>
</text>
</block>
<block><region><rect/></region>
<text>
<par>
<line>en CL</line></par>
</text>
</block>
<block><region><rect/></region>
<text>
<par>
<line>c</line></par>
</text>
</block>
<block><region><rect/></region>
<text>
<par>
<line>Û_</line></par>
</text>
</block>
<block><region><rect/></region>
<text>
<par>
<line>O</line></par>
</text>
</block>
<block><region><rect/></region>
<text>
<par>
<line>&gt;u 'S</line></par>
</text>
</block>
<block><region><rect/></region>
<text>
<par>
<line>.52</line></par>
</text>
</block>
<block><region><rect/></region>
<text>
<par>
<line>^ E</line></par>
</text>
</block>
<block><region><rect/></region>
<text>
<par>
<line>sa. 5</line></par>
</text>
</block>
<block><region><rect/></region>
<text>
<par>
<line>"O</line></par>
</text>
</block>
<block><region><rect/></region>
<text>
<par>
<line>T3</line></par>
</text>
</block>
<block><region><rect/></region>
<text>
<par>
<line>«U ns</line></par>
</text>
</block>
<block><region><rect/></region>
<text>
<par>
<line>□. &gt;</line></par>
</text>
</block>
<block><region><rect/></region>
<text>
<par>
<line>£ &gt;</line></par>
</text>
</block>
<block><region><rect/></region>
<text>
<par>
<line>&lt;b</line></par>
</text>
</block>
<block><region><rect/></region>
<text>
<par>
<line>OJ</line></par>
</text>
</block>
<block><region><rect/></region>
<text>
<par>
<line>T3 O,</line></par>
</text>
</block>
<block><region><rect/></region>
<text>
<par>
<line>N</line></par>
</text>
</block>
<block><region><rect/></region>
<text>
<par>
<line>CL X3</line></par>
</text>
</block>
<block><region><rect/></region>
<text>
<par/>
</text>
</block>
<block><region><rect/></region>
<text>
<par/>
</text>
</block>
<block><region><rect/></region>
<text>
<par>
<line>O</line></par>
</text>
</block>
<block><region><rect/></region>
<text>
<par>
<line>..J</line></par>
</text>
</block>
<block><region><rect/></region>
<text>
<par>
<line>&lt;</line></par>
</text>
</block>
<block><region><rect/></region>
<text>
<par>
<line>00</line></par>
</text>
</block>
<block><region><rect/></region>
<text>
<par>
<line>CO</line></par>
</text>
</block>
<block><region><rect/></region>
<text>
<par>
<line>CO</line></par>
</text>
</block>
<block><region><rect/></region>
<text>
<par>
<line>UJ</line></par>
</text>
</block>
<block><region><rect/></region>
<text>
<par>
<line>&lt;</line></par>
</text>
</block>
<block><region><rect/></region>
<text>
<par>
<line>-J</line></par>
</text>
</block>
<block><region><rect/></region>
<text>
<par>
<line>T3</line></par>
</text>
</block>
<block><region><rect/></region>
<text>
<par>
<line>CL</line></par>
</text>
</block>
<block><region><rect/></region>
<text>
<par>
<line>O</line></par>
</text>
</block>
<block><region><rect/></region>
<text>
<par>
<line>Uj</line></par>
</text>
</block>
<block><region><rect/></region>
<text>
<par>
<line>-J</line></par>
</text>
</block>
<block><region><rect/></region>
<text>
<par>
<line>&lt;</line></par>
</text>
</block>
<block><region><rect/></region>
<text>
<par>
<line>CO</line></par>
</text>
</block>
<block><region><rect/></region>
<text>
<par>
<line>'T</line></par>
</text>
</block>
<block><region><rect/></region>
<text>
<par>
<line>CN</line></par>
</text>
</block>
<block><region><rect/></region>
<text>
<par>
<line>CN</line></par>
</text>
</block>
<block><region><rect/></region>
<text>
<par>
<line>ce</line></par>
</text>
</block>
<block><region><rect/></region>
<text>
<par>
<line>O</line></par>
</text>
</block>
<block><region><rect/></region>
<text>
<par>
<line>CM</line></par>
</text>
</block>
<block><region><rect/></region>
<text>
<par/>
</text>
</block>
<block><region><rect/></region>
<text>
<par>
<line>CO</line></par>
</text>
</block>
<block><region><rect/></region>
<text>
<par>
<line>À</line></par>
</text>
</block>
<block><region><rect/></region>
<text>
<par>
<line>H</line></par>
</text>
</block>
<block><region><rect/></region>
<text>
<par/>
</text>
</block>
<block><region><rect/></region>
<text>
<par/>
</text>
</block>
<block><region><rect/></region>
<text>
<par>
<line>CD</line></par>
</text>
</block>
<block><region><rect/></region>
<text>
<par/>
</text>
</block>
<block><region><rect/></region>
<text>
<par>
<line>'T</line></par>
</text>
</block>
<block><region><rect/></region>
<text>
<par>
<line>CQ</line></par>
</text>
</block>
<block><region><rect/></region>
<text>
<par>
<line>CO</line></par>
</text>
</block>
<block><region><rect/></region>
<text>
<par/>
</text>
</block>
<block><region><rect/></region>
<text>
<par>
<line>CM</line></par>
</text>
</block>
<block><region><rect/></region>
<text>
<par>
<line>CM</line></par>
</text>
</block>
<block><region><rect/></region>
<text>
<par/>
</text>
</block>
<block><region><rect/></region>
<text>
<par>
<line>k</line></par>
</text>
</block>
<block><region><rect/></region>
<text>
<par>
<line>0 0 A/mTT^ 111</line></par>
</text>
</block>
<block><region><rect/></region>
<text>
<par>
<line>Z</line></par>
</text>
</block>
<block><region><rect/></region>
<text>
<par>
<line>^maueiilfeg^Q ajnojj qbzibh gp</line></par>
</text>
</block>
<block><region><rect/></region>
<text>
<par>
<line>\ a&gt;</line></par>
</text>
</block>
<block><region><rect/></region>
<text>
<par>
<line>O)</line></par>
</text>
</block>
<block><region><rect/></region>
<text>
<par>
<line>00</line></par>
</text>
</block>
<block><region><rect/></region>
<text>
<par/>
</text>
</block>
<block><region><rect/></region>
<text>
<par>
<line>V</line></par>
</text>
</block>
<block><region><rect/></region>
<text>
<par>
<line>azno miap auntuLuo^</line></par>
</text>
</block>
<block><region><rect/></region>
<text>
<par>
<line>i-ltt _</line></par>
</text>
</block>
<block><region><rect/></region>
<text>
<par>
<line>5</line></par>
</text>
</block>
<block><region><rect/></region>
<text>
<par>
<line>13</line></par>
</text>
</block>
<block><region><rect/></region>
<text>
<par>
<line>PLU de Thilouze</line></par>
</text>
</block>
<block><region><rect/></region>
<text>
<par>
<line>OAP</line></par>
</text>
</block>
<block><region><rect/></region>
<text orientation="RotatedCounterclockwise">
<par>
<line>Pour une présentation du site, des</line>
<line>objectifs et du programme attendu, se</line>
<line>référer au texte pages précédentes</line></par>
</text>
</block>









































</page>
</OAP>