<?xml version="1.0" encoding="UTF-8"?><OAP>
<page width="2481" height="3508" resolution="300">
<block><region><rect/></region>
<text>
<par>
<line>PLAN LOCAL</line>
<line>D'URBANISME DE</line>
<line>BRIE-ET-ANGONNES</line></par>
</text>
</block>
<block><region><rect/></region>
<text>
<par>
<line>PIECE N°4</line></par>
<par>
<line>LES ORIENTATIONS DAMENAGEMENT ET</line>
<line>DE PROGRAMMATION</line></par>
</text>
</block>
<block><region><rect/></region>
<text>
<par>
<line>l</line></par>
</text>
</block>
<block><region><rect/></region>
<text>
<par>
<line>/</line></par>
</text>
</block>
<block><region><rect/></region>
<text>
<par>
<line>Avril 2018</line></par>
</text>
</block>
<block><region><rect/><rect/></region>
<text>
<par>
<line>[Vu pour être</line>
<line>annexé à la</line>
<line>délibération</line>
<line>du Conseil</line>
<line>Métropolitain</line>
<line>du</line></par>
<par>
<line>06 avril 2018</line></par>
</text>
</block>
<block><region><rect/></region>
<text>
<par/>
</text>
</block>
<block><region><rect/></region>
<text>
<par>
<line>AGENCE</line></par>
</text>
</block>
<block><region><rect/></region>
<text>
<par>
<line>d’URBANISME</line></par>
</text>
</block>
<block><region><rect/></region>
<text>
<par>
<line>DE LA RÉGION GRENOBLOISE</line></par>
</text>
</block>
<block blockType="Picture" blockName="" l="2063" t="3216" r="2352" b="3271"><region><rect/></region>
</block>
<block blockType="Picture" blockName="" l="1912" t="3287" r="2352" b="3345"><region><rect/></region>
</block>
</page>
<page width="2481" height="3508" resolution="300">
</page>
<page width="2481" height="3508" resolution="300">
<block><region><rect/></region>
<text>
<par>
<line>SOMMAIRE</line></par>
</text>
</block>
<block><region><rect/></region>
<text>
<par>
<line>PREAMBULE.3</line></par>
<par>
<line>OAP N°1 : SITE DE « Le Chuzet ».7</line></par>
<par>
<line>OAP n°2 : Site « Les Bioux".10</line></par>
<par>
<line>OAP N°3 : SITE DE « LA Lechere ».13</line></par>
<par>
<line>OAP n°4 : SITE DU « Pre de la Pierre.16</line></par>
</text>
</block>





<block blockType="Picture" blockName="" l="103" t="199" r="2378" b="316"><region><rect/></region>
</block>
</page>
<page width="2481" height="3508" resolution="300">
<block><region><rect/></region>
<text>
<par>
<line>PREAMBULE</line></par>
</text>
</block>
<block><region><rect/></region>
<text>
<par>
<line>Les orientations d'aménagement et de programmation (OAP) sont établies dans le respect des</line>
<line>orientations définies par le projet d'Aménagement et de Développement Durables (PADD). Leur</line>
<line>contenu est encadré par les articles L151 -6 et L151 -7 du code de l'urbanisme :</line></par>
<par>
<line>Art. L151-6 C.Urb</line></par>
<par>
<line>« Les orientations d’aménagement et de programmation comprennent, en cohérence avec ie projet d’amé¬</line>
<line>nagement et de déveioppement durabies, des dispositions portant sur i’aménagement, i’habitat, ies trans¬</line>
<line>ports et ies dépiacements (...). »</line></par>
<par>
<line>Art. L151-6 C.Urb</line></par>
<par>
<line>« Les orientations d’aménagement et de programmation peuvent notamment :</line></par>
<par>
<line>1° Définir ies actions et opérations nécessaires pour mettre en vaieur i’environnement, notamment ies con¬</line>
<line>tinuités écoiogiques, ies paysages, ies entrées de viiies et ie patrimoine, iutter contre i’insaiubrité, permettre</line>
<line>ie renouveiiement urbain et assurer ie déveioppement de ia commune</line></par>
<par>
<line>2° Favoriser ia mixité fonctionneiie en prévoyant qu’en cas de réaiisation d’opérations d’aménagement, de</line>
<line>construction ou de réhabiiitation un pourcentage de ces opérations est destiné à ia réaiisation de commerces</line>
<line>3° Comporter un échéancier prévisionnei de i’ouverture à i’urbanisation des zones à urbaniser et de ia réa¬</line>
<line>iisation des équipements correspondants</line></par>
<par>
<line>4° Porter sur des quartiers ou des secteurs à mettre en vaieur, réhabiiiter, restructurer ou aménager</line>
<line>5° Prendre ia forme de schémas d’aménagement et préciser ies principaies caractéristiques des voies et es¬</line>
<line>paces pubiics</line></par>
<par>
<line>6° Adapter ia déiimitation des périmètres, en fonction de ia quaiité de ia desserte, où s’appiique ie piafonne-</line>
<line>ment à proximité des transports prévu aux articies L. 151-35 et L. 151-36. »</line></par>
<par>
<line>En cohérence avec le Projet d'Aménagement et de Développement Durables, la commune de</line>
<line>Brié-et-Angonnes a souhaité établir des orientations d'aménagement et de programmation sur</line></par>
<par>
<line>4 sites localisés dans le secteur de Tavernolles :</line></par>
<par>
<line>&gt; Le site « Le Chuzet » (OAP n°1 )</line></par>
<par>
<line>&gt; Le site « Les Bioux » (OAP n°2)</line></par>
<par>
<line>&gt; Le site « La Léchère » (OAP n°3)</line></par>
<par>
<line>&gt; Le site du « Pré de la Pierre » (OAP n°4)</line></par>
<par>
<line>La valorisation de ces différents sites s'inscrit dans le cadre d'un projet global pour le dévelop¬</line>
<line>pement du secteur de Tavernolles dont l'ambition et la portée dépassent les limites de la com¬</line>
<line>mune de Brié-et-Angonnes.</line></par>
</text>
</block>
</page>
<page width="2481" height="3508" resolution="300">
<block><region><rect/></region>
<text>
<par>
<line>Valoriser le positionnement stratégique de Brié-et-Angonnes et de Ta-</line>
<line>vernolles au sud de la métropole</line></par>
</text>
</block>
<block><region><rect/></region>
<text>
<par>
<line>Lieu de convergence des flux en provenance du sud de la métropole et du plateau de Champa-</line>
<line>gnier, le développement du secteur de Tavernolles vise à valoriser son rôle de porte d'accès et</line>
<line>d'articulation avec le cœur dense de la métropole et le plateau de Champagnier. Sur le ter¬</line>
<line>ritoire de Brié-et-Angonnes, le secteur de Tavernolles joue un rôle majeur en termes de déplace¬</line>
<line>ment au sud de la métropole.</line></par>
<par>
<line>Son développement urbain doit à terme accompagner l'évolution de l'offre de transport mul-</line>
<line>timodale en confortant sa fonction de pôle d'échange (anticipation de l'amélioration de la</line>
<line>desserte en transport en commun et valorisation du parking relais, amélioration des liaisons pour</line>
<line>les modes actifs en direction d'Eybens et du centre historique de Brié, accompagnement du dé¬</line>
<line>veloppement de l'autostop organisé, etc.).</line></par>
<par>
<line>Traversée par la route Napoléon, itinéraire emblématique et touristique de la métropole, ce</line>
<line>secteur constitue un point d'accès privilégié au plateau de Champagnier et plus largement au</line>
<line>massif de Belledonne. Le secteur de Tavernolles assume ainsi des fonctions de services et de</line>
<line>loisirs à l'échelle de la métropole, et joue un rôle de lien et de lieu de diffusion vers les espaces</line>
<line>naturels environnants.</line></par>
</text>
</block>
<block><region><rect/></region>
<text>
<par>
<line>Renforcer l'attractivité du pôle de vie de Tavernolles à l'échelle de Brié-</line>
<line>et-Angonnes et du plateau de Champagnier</line></par>
</text>
</block>
<block><region><rect/></region>
<text>
<par>
<line>Le secteur de Tavernolles est l'un des pôles majeurs du plateau de Champagnier au regard</line>
<line>de sa localisation et de la présence d'équipements publics, de commerces et services de proxi¬</line>
<line>mité.</line></par>
<par>
<line>Le projet porté par le PLU vise à renforcer l'attractivité de ce pôle par le maintien et le dévelop¬</line>
<line>pement de la mixité des fonctions urbaines.</line></par>
<par>
<line>A travers le projet de développement du secteur de Tavernolles, la commune souhaite notam¬</line>
<line>ment :</line></par>
<par>
<line>&gt; Conforter et développer l'offre en services et équipements pour mieux répondre aux be¬</line>
<line>soins de proximité des habitants de la commune et des communes périphériques.</line></par>
<par>
<line>&gt; Diversifier l'offre d'habitat à l'échelle de la commune pour mieux répondre à l'évolution des</line>
<line>besoins de la population (diversité des formes urbaines et de la typologie des logements). A tra¬</line>
<line>vers les OAP, le règlement graphique et écrit, le PLU offre les conditions permettant de cons¬</line>
<line>truire à terme environ 80 logements dont environ 30 logements locatifs sociaux.</line></par>
<par>
<line>&gt; Développer les activités économiques par la création d'une zone d'activité sur le site du Pré</line>
<line>de la Pierre.</line></par>
<par>
<line>&gt; Améliorer la qualité des espaces publics au service de l'attractivité du pôle et promouvoir</line>
<line>l'usage des modes actifs (sécurisation, lisibilité, confort, continuité des cheminements, accessi¬</line>
<line>bilité aux principales fonctions urbaines du pôle, etc.).</line></par>
</text>
</block>
<block blockType="Picture" blockName="" l="103" t="199" r="2378" b="317"><region><rect/></region>
</block>
</page>
<page width="2481" height="3508" resolution="300">
<block><region><rect/></region>
<text>
<par>
<line>Inscrire le projet de développement de Tavernolles dans son contexte</line>
<line>environnemental et paysager</line></par>
</text>
</block>
<block><region><rect/></region>
<text>
<par>
<line>La commune de Brié-et-Angonnes bénéficie d'un cadre environnemental et paysager remar¬</line>
<line>quable mais sensible qui devra être pris en compte et valorisé.</line></par>
<par>
<line>Le projet de développement s'appuiera sur les qualités géographiques et paysagères du</line></par>
<par>
<line>site en veillant notamment à :</line></par>
<par>
<line>&gt; Inscrire le projet dans la trame verte communale et métropolitaine en garantissant les</line>
<line>continuités végétales et en renforçant les liens avec les espaces naturels environnants.</line></par>
<par>
<line>&gt; Garantir l'insertion paysagère des nouvelles constructions en préservant les vues sur le</line>
<line>grand paysage, en adaptant les volumes bâtis et les implantations au contexte géographique et</line>
<line>topographique ainsi qu'au tissu urbain environnant, en assurant des transitions douces et pro¬</line>
<line>gressives entre les constructions et les espaces naturels et agricoles environnants, etc.</line></par>
<par>
<line>&gt; Promouvoir une architecture contextuelle et de qualité (traitement des volumes et des fa¬</line>
<line>çades, choix des matériaux, ouverture des logements sur l'extérieur, limitation des vis-à-vis, etc.).</line></par>
<par>
<line>&gt; Valoriser le patrimoine bâti existant.</line></par>
<par>
<line>&gt; Intégrer les risques (glissement de terrain et inondation) et les nuisances dans la conception</line>
<line>du projet.</line></par>
</text>
</block>
<block><region><rect/></region>
<text>
<par>
<line>Maîtriser le développement urbain de la commune et limiter l'étale¬</line>
<line>ment urbain</line></par>
<par>
<line>La commune de Brié-et-Angonnes fait l'objet d'une pression urbaine importante qui a conduit</line>
<line>depuis quelques années à l'amplification du processus d'étalement urbain lié au développe¬</line>
<line>ment d'un habitat diffus.</line></par>
<par>
<line>Le développement urbain du secteur de Tavernolles s'appuie sur des sites clairement identifiés</line>
<line>dans le PLU qui pourront faire l'objet d'opérations d'aménagement d'ensemble. Ce choix</line>
<line>doit permettre une plus grande maîtrise du développement urbain de la commune (nombre de</line>
<line>logements produits, qualité des constructions, etc.) et mieux préserver les espaces agricoles dans</line>
<line>la durée.</line></par>
<par>
<line>Le développement de ces sites favorisera l'émergence de projets aux formes urbaines com¬</line>
<line>pactes et qualitatives favorisant la diversification du parc de logement de la commune. Le dé¬</line>
<line>veloppement de Tavernolles répond également aux objectifs du SCoT qui identifie ce secteur</line>
<line>comme un espace de développement prioritaire devant être le support d'une grande partie du</line>
<line>développement de la commune.</line></par>
</text>
</block>
</page>
<page width="2481" height="3508" resolution="300">
<block><region><rect/></region>
<text>
<par>
<line>&gt; Pôle de vie de Tavernolles et perspectives de développement</line></par>
</text>
</block>
<block><region><rect/></region>
<text>
<par>
<line>Vers</line></par>
</text>
</block>
<block><region><rect/></region>
<text>
<par>
<line>] Eybens</line></par>
</text>
</block>
<block><region><rect/></region>
<text>
<par>
<line>Coeur dense</line></par>
</text>
</block>
<block><region><rect/></region>
<text>
<par>
<line>• de fo Métropole</line></par>
</text>
</block>
<block><region><rect/></region>
<text>
<par/>
</text>
</block>
<block><region><rect/></region>
<text>
<par>
<line>Vers</line></par>
</text>
</block>
<block><region><rect/></region>
<text>
<par>
<line>Herbeys</line></par>
</text>
</block>
<block><region><rect/></region>
<text>
<par>
<line>0AP2</line></par>
</text>
</block>
<block><region><rect/></region>
<text>
<par>
<line>ü •</line></par>
</text>
</block>
<block><region><rect/></region>
<text>
<par>
<line>«Les Bioux»</line></par>
</text>
</block>
<block><region><rect/></region>
<text>
<par>
<line>400</line></par>
</text>
</block>
<block><region><rect/></region>
<text>
<par>
<line>Vers</line></par>
</text>
</block>
<block><region><rect/></region>
<text>
<par>
<line>Herbeys</line></par>
</text>
</block>
<block><region><rect/></region>
<text>
<par>
<line>Vers</line></par>
</text>
</block>
<block><region><rect/><rect/></region>
<text>
<par>
<line>X</line></par>
</text>
</block>
<block><region><rect/></region>
<text>
<par>
<line>Cretes</line></par>
</text>
</block>
<block><region><rect/></region>
<text>
<par>
<line>Fort de Montovie</line></par>
</text>
</block>
<block><region><rect/></region>
<text>
<par>
<line>OAP</line></par>
</text>
</block>
<block><region><rect/></region>
<text>
<par>
<line>«Pre</line></par>
</text>
</block>
<block><region><rect/></region>
<text>
<par>
<line>de</line></par>
</text>
</block>
<block><region><rect/></region>
<text>
<par>
<line>Pierre</line></par>
</text>
</block>
<block><region><rect/></region>
<text>
<par>
<line>X</line></par>
</text>
</block>
<block><region><rect/></region>
<text>
<par>
<line>\</line></par>
</text>
</block>
<block><region><rect/></region>
<text>
<par>
<line>m</line></par>
</text>
</block>
<block><region><rect/></region>
<text>
<par>
<line>..«««"““■'■A</line></par>
</text>
</block>
<block><region><rect/></region>
<text>
<par>
<line>renW®</line></par>
</text>
</block>
<block><region><rect/></region>
<text>
<par/>
</text>
</block>
<block><region><rect/></region>
<text>
<par>
<line>en</line></par>
</text>
</block>
<block><region><rect/></region>
<text>
<par>
<line>♦</line></par>
</text>
</block>
<block><region><rect/></region>
<text>
<par/>
</text>
</block>
<block><region><rect/></region>
<text>
<par/>
</text>
</block>
<block><region><rect/></region>
<text>
<par>
<line>Rte des</line></par>
</text>
</block>
<block><region><rect/></region>
<text>
<par>
<line>DE V E</line></par>
</text>
</block>
<block><region><rect/></region>
<text>
<par>
<line>TAVERNOLLES</line></par>
</text>
</block>
<block><region><rect/></region>
<text>
<par>
<line>OAP 3</line></par>
</text>
</block>
<block><region><rect/></region>
<text>
<par/>
</text>
</block>
<block><region><rect/></region>
<text>
<par/>
</text>
</block>
<block><region><rect/></region>
<text>
<par>
<line>La Lechere</line></par>
</text>
</block>
<block><region><rect/></region>
<text>
<par>
<line>OAP 1</line></par>
</text>
</block>
<block><region><rect/></region>
<text>
<par>
<line>/</line></par>
</text>
</block>
<block><region><rect/></region>
<text>
<par>
<line>«Le Chüzet»</line></par>
</text>
</block>
<block><region><rect/></region>
<text>
<par>
<line>xifllP</line></par>
</text>
</block>
<block><region><rect/></region>
<text>
<par>
<line>y</line></par>
</text>
</block>
<block><region><rect/></region>
<text>
<par>
<line>y</line></par>
</text>
</block>
<block><region><rect/></region>
<text>
<par>
<line>Vers</line></par>
</text>
</block>
<block><region><rect/></region>
<text>
<par>
<line>Fort de Montovie</line></par>
</text>
</block>
<block><region><rect/></region>
<text>
<par/>
</text>
</block>
<block><region><rect/></region>
<text>
<par>
<line>Reserve naturelle</line></par>
</text>
</block>
<block><region><rect/></region>
<text>
<par/>
</text>
</block>
<block><region><rect/></region>
<text>
<par>
<line>de Haute</line></par>
</text>
</block>
<block><region><rect/></region>
<text>
<par/>
</text>
</block>
<block><region><rect/></region>
<text>
<par>
<line>deJarrie</line></par>
</text>
</block>
<block><region><rect/></region>
<text>
<par>
<line>Vers Centre-Bourg</line></par>
</text>
</block>
<block><region><rect/></region>
<text>
<par>
<line>Brie</line></par>
</text>
</block>
<block><region><rect/></region>
<text>
<par>
<line>Vlzille</line></par>
</text>
</block>
<block><region><rect/></region>
<text>
<par>
<line>Y&gt;</line></par>
</text>
</block>
<block><region><rect/></region>
<text>
<par>
<line>Massif de Belledonne</line></par>
</text>
</block>
<block><region><rect/></region>
<text>
<par>
<line>Vers</line></par>
</text>
</block>
<block><region><rect/></region>
<text>
<par>
<line>Haute Jorne</line></par>
</text>
</block>
<block><region><rect/></region>
<text>
<par>
<line>Espace public structurant</line></par>
</text>
</block>
<block><region><rect/></region>
<text>
<par>
<line>Va briser es e ements constitutifs</line></par>
</text>
</block>
<block><region><rect/></region>
<text>
<par>
<line>Perimetre des OAP</line></par>
</text>
</block>
<block><region><rect/></region>
<text>
<par>
<line>de la trame verte et bleue</line></par>
</text>
</block>
<block><region><rect/></region>
<text>
<par>
<line>Parking relais</line></par>
</text>
</block>
<block><region><rect/></region>
<text>
<par>
<line>Perimetre en attente</line></par>
</text>
</block>
<block><region><rect/></region>
<text>
<par/>
</text>
</block>
<block><region><rect/></region>
<text>
<par>
<line>Aire de covoiturage</line></par>
</text>
</block>
<block><region><rect/></region>
<text>
<par>
<line>Valoriser le patrimoine bâti</line></par>
</text>
</block>
<block><region><rect/></region>
<text>
<par>
<line>/ de projet inscrit au PLU</line></par>
</text>
</block>
<block><region><rect/></region>
<text>
<par>
<line>Liaisons TC structurante</line></par>
</text>
</block>
<block><region><rect/></region>
<text>
<par>
<line>Liaisons modes actifs</line></par>
</text>
</block>
<block><region><rect/></region>
<text>
<par>
<line>4...^</line></par>
</text>
</block>
<block><region><rect/></region>
<text>
<par>
<line>Equipements /services</line></par>
</text>
</block>
<block><region><rect/></region>
<text>
<par>
<line>Arrêt TC existant</line></par>
</text>
</block>
<block><region><rect/></region>
<text>
<par>
<line>Liaison TC a ternative</line></par>
</text>
</block>
<block><region><rect/></region>
<text>
<par/>
</text>
</block>
<block><region><rect/></region>
<text>
<par>
<line>OU envisageable</line></par>
</text>
</block>
<block><region><rect/></region>
<text>
<par>
<line>(ancienne route Napoléon)</line></par>
</text>
</block>
<block><region><rect/></region>
<text>
<par>
<line>Départ itinéraire de randonnée</line></par>
</text>
</block>
<block><region><rect/></region>
<text>
<par>
<line>Rue a aménager</line></par>
</text>
</block>













<block blockType="Picture" blockName="" l="103" t="199" r="2378" b="317"><region><rect/></region>
</block>
</page>
<page width="2481" height="3508" resolution="300">
<block><region><rect/></region>
<text>
<par>
<line>1.0APN°1 :SITEDE«LECHUZET»</line></par>
</text>
</block>
<block><region><rect/></region>
<text>
<par>
<line>1.Contexte et situation</line></par>
<par>
<line>Ce site d'environ 5 000 m^, aujourd'hui non bâti et enherbé, bénéficie d'une localisation privilégiée</line>
<line>à proximité immédiate des principaux commerces et services du pôle de Tavernolles et d'un arrêt</line>
<line>de transport en commun. L'aménagement du site devra tenir compte des spécificités du contexte</line>
<line>urbain, environnemental et paysager (déclivité du site, environnement bâti composé d'im¬</line>
<line>meubles d'habitat collectifs de locaux d'activités, de maisons individuelles et d'un vaste espace</line>
<line>agricole qui s'ouvre vers l'est).</line></par>
<par>
<line>Le site de « le Chuzet », bénéficie pour son accès d'une servitude de passage sur la parcelle ca¬</line>
<line>dastrée BA 2 appartenant à la copropriété des Asphodèles.</line></par>
<par>
<line>Ce site est principalement destiné accueillir des logements.</line></par>
</text>
</block>
<block><region><rect/></region>
<text>
<par>
<line>Perceptions du site</line></par>
</text>
</block>
<block><region><rect/></region>
<text>
<par>
<line>3</line></par>
</text>
</block>
<block><region><rect/></region>
<text>
<par/>
</text>
</block>
<block><region><rect/></region>
<text>
<par/>
</text>
</block>
<block><region><rect/></region>
<text>
<par/>
</text>
</block>
<block><region><rect/></region>
<text>
<par>
<line>* À</line></par>
</text>
</block>
<block><region><rect/></region>
<text>
<par>
<line>Accès potentiels</line></par>
</text>
</block>
<block><region><rect/></region>
<text>
<par>
<line>m</line></par>
</text>
</block>
<block><region><rect/></region>
<text>
<par/>
</text>
</block>


<block blockType="Picture" blockName="" l="352" t="1478" r="1492" b="2312"><region><rect/></region>
</block>
</page>
<page width="2481" height="3508" resolution="300">
<block><region><rect/></region>
<text>
<par>
<line>2.Objectifs d’aménagement</line></par>
</text>
</block>
<block><region><rect/></region>
<text>
<par>
<line>&gt; Développer une opération d'aménagement dont les formes urbaines permettent de répondre</line>
<line>aux objectifs de diversification de l'offre d'habitat et de mixité sociale (production de 12 loge¬</line>
<line>ments locatifs sociaux à minima).</line></par>
<par>
<line>&gt; Garantir l'insertion paysagère des nouvelles constructions en valorisant les vues et perspectives</line>
<line>existantes depuis le rond-point de Tavernolles et la route des Angonnes.</line></par>
<par>
<line>&gt; Assurer une transition paysagère progressive entre les constructions et les espaces agricoles</line>
<line>limitrophes.</line></par>
</text>
</block>
<block><region><rect/></region>
<text>
<par>
<line>3.Orientations d’aménagement et principes d’organisation</line></par>
<par>
<line>Principes d'aménagement paysagers</line></par>
<par>
<line>&gt; Assurer une transition paysagère qualitative entre les nouvelles constructions, les espaces agri¬</line>
<line>coles situés à l'est et les constructions limitrophes (création d'espaces végétalisés « tampons »,</line>
<line>mise en œuvre d'un épannelage gradué des constructions favorisant des silhouettes bâties dé¬</line>
<line>coupées adaptées à la topographie du site, etc.).</line></par>
<par>
<line>&gt; Limiter l'imperméabilisation des sols notamment par l'aménagement d'espaces végétalisés</line>
<line>entre la résidence les « Asphodèles » et les espaces d'implantation des constructions.</line></par>
<par>
<line>&gt; Valoriser les arbres et les masses boisées présents sur le site.</line></par>
<par>
<line>Principes de desserte et d'accès</line></par>
<par>
<line>&gt; Assurer la connexion au maillage viaire existant. Privilégier l'accès pour les véhicules motorisés</line>
<line>via l'ensemble immobilier existant « Les Asphodèles ».</line></par>
<par>
<line>&gt; Aménager des cheminements piétons lisibles et confortables, notamment pour accéder aux</line>
<line>commerces et services de Tavernolles ainsi qu'aux espaces verts situés à proximité (aménage¬</line>
<line>ment du talus arboré notamment).</line></par>
<par>
<line>&gt; Privilégier le stationnement en sous-sol afin de garantir le maintien d'espaces libres végétalisés.</line></par>
</text>
</block>
<block><region><rect/></region>
<text>
<par>
<line>O</line></par>
</text>
</block>
<block blockType="Picture" blockName="" l="103" t="199" r="2378" b="317"><region><rect/></region>
</block>
</page>
<page width="2481" height="3508" resolution="300">
<block><region><rect/></region>
<text>
<par/>
</text>
</block>
<block><region><rect/></region>
<text>
<par>
<line>O</line></par>
</text>
</block>
<block><region><rect/></region>
<text>
<par>
<line>Périmètre de l'OAP</line></par>
<par>
<line>Zone d'implantation privilégiée des constructions</line></par>
<par>
<line>Espace tampon végétalisé participant à l'insertion</line>
<line>paysagère</line></par>
<par>
<line>Percée visuelle au-delà du rez de Jardin à valoriser</line>
<line>Perspective sur le grand paysage à conserver</line>
<line>Cheminement mode doux à valoriser</line>
<line>Accès principal au secteur</line>
<line>Carrefour à traiter</line></par>
</text>
</block>

<block blockType="Picture" blockName="" l="352" t="553" r="1453" b="1493"><region><rect/></region>
</block>
</page>
<page width="2481" height="3508" resolution="300">
<block><region><rect/></region>
<text>
<par>
<line>2.OAP N°2 : SITE « LES BIOUX"</line></par>
</text>
</block>
<block><region><rect/></region>
<text>
<par>
<line>1.Contexte et situation</line></par>
</text>
</block>
<block><region><rect/></region>
<text>
<par>
<line>Ce site d'environ 7 000 se situe dans le secteur des Bioux sur le flanc est du coteau, entre la</line>
<line>route Napoléon (RDS) et la route de Montavie. Ce site aujourd'hui non bâti et majoritairement</line>
<line>enherbé occupe la fonction de verger avec la présence de plusieurs arbres fruitiers. Ce site sur¬</line>
<line>plombant le noyau historique de Tavernolles est marqué par une déclivité relativement forte in¬</line>
<line>duisant une forte visibilité depuis la route Napoléon et les versants opposés.</line></par>
<par>
<line>L'aménagement du site devra ainsi tenir compte des spécificités du contexte urbain, environne¬</line>
<line>mental et paysager (forte déclivité du site et visibilité importante, environnement bâti immédiat,</line>
<line>transition avec les espaces agricoles situés au nord du chemin des Bioux). Ce site est principale¬</line>
<line>ment destiné accueillir des logements. Il n'est aujourd'hui pas raccordé au réseau d'assainisse¬</line>
<line>ment collectif et est impacté par des aléas faibles de glissement de terrain et de ruissellement.</line></par>
</text>
</block>
<block><region><rect/></region>
<text>
<par>
<line>Perceptions du site</line></par>
</text>
</block>
<block><region><rect/></region>
<text>
<par>
<line>ri</line></par>
</text>
</block>
<block><region><rect/></region>
<text>
<par/>
</text>
</block>
<block><region><rect/></region>
<text>
<par/>
</text>
</block>
<block><region><rect/></region>
<text>
<par/>
</text>
</block>
<block><region><rect/></region>
<text>
<par>
<line>y</line></par>
</text>
</block>
<block><region><rect/></region>
<text>
<par/>
</text>
</block>
<block><region><rect/></region>
<text>
<par/>
</text>
</block>
<block><region><rect/></region>
<text>
<par/>
</text>
</block>
<block><region><rect/></region>
<text>
<par>
<line>SS</line></par>
</text>
</block>
<block><region><rect/></region>
<text>
<par>
<line>a</line></par>
</text>
</block>
<block><region><rect/></region>
<text>
<par/>
</text>
</block>
<block><region><rect/></region>
<text>
<par/>
</text>
</block>
<block><region><rect/></region>
<text>
<par/>
</text>
</block>
<block><region><rect/></region>
<text>
<par/>
</text>
</block>
<block><region><rect/></region>
<text>
<par/>
</text>
</block>
<block><region><rect/></region>
<text>
<par/>
</text>
</block>
<block><region><rect/></region>
<text>
<par/>
</text>
</block>
<block><region><rect/></region>
<text>
<par>
<line>Accès potentieis</line></par>
</text>
</block>
<block><region><rect/></region>
<text>
<par/>
</text>
</block>
<block><region><rect/></region>
<text>
<par/>
</text>
</block>
<block><region><rect/></region>
<text>
<par/>
</text>
</block>
<block><region><rect/></region>
<text>
<par/>
</text>
</block>








<block blockType="Picture" blockName="" l="351" t="2825" r="1027" b="3274"><region><rect/></region>
</block>
<block blockType="Picture" blockName="" l="103" t="199" r="2378" b="317"><region><rect/></region>
</block>
</page>
<page width="2481" height="3508" resolution="300">
<block><region><rect/></region>
<text>
<par>
<line>2.Objectifs d’aménagement</line></par>
</text>
</block>
<block><region><rect/></region>
<text>
<par>
<line>&gt; Développer une opération d'aménagement dont les formes urbaines permettent de répondre</line>
<line>aux objectifs de diversification de l'offre d'habitat et de mixité sociale (production de 8 logements</line>
<line>locatifs sociaux à minima).</line></par>
<par>
<line>&gt; Garantir l'insertion paysagère des nouvelles constructions dans la pente et limiter leur impact</line>
<line>visuel.</line></par>
<par>
<line>&gt; Assurer une transition paysagère progressive entre les constructions et les espaces agricoles</line>
<line>situés au nord du chemin des Bioux.</line></par>
</text>
</block>
<block><region><rect/></region>
<text>
<par>
<line>3.Orientations d’aménagement et principes d’organisation</line></par>
<par>
<line>Principes d'aménagement paysagers</line></par>
<par>
<line>&gt; Adapter les constructions au contexte topographique en respectant le terrain naturel en cher¬</line>
<line>chant à limiter les volumes de déblais et de remblais (implantation des constructions en « cas¬</line>
<line>cade », encastrement partiel, etc.) et en tirant profit de cette spécificité (dégagement des vues,</line>
<line>accès de plain-pied aux logements, limitation des vis-à-vis, etc.).</line></par>
<par>
<line>&gt; Maintenir des ouvertures paysagères orientées Est-Ouest.</line></par>
<par>
<line>&gt; Assurer une transition paysagère qualitative entre les nouvelles constructions, les espaces agri¬</line>
<line>coles situés à l'est et les constructions limitrophes.</line></par>
<par>
<line>&gt; Limiter l'imperméabilisation des sols notamment par l'aménagement d'espaces végétalisés.</line></par>
<par>
<line>&gt; Valoriser les arbres présents sur le site.</line></par>
<par>
<line>Principes de desserte et d'accès</line></par>
<par>
<line>&gt; Assurer la connexion au maillage viaire existant :</line></par>
<par>
<line>- Sur la partie basse du site : Accès depuis l'ancienne route Napoléon et la rue du centre.</line></par>
<par>
<line>- Sur la partie haute du site : Accès depuis le chemin des Bioux.</line></par>
<par>
<line>Compte tenu des contraintes topographiques, la circulation des véhicules sera privilégiée sur la</line>
<line>partie inférieure du site.</line></par>
<par>
<line>&gt; Aménager des cheminements piétons lisibles et confortables, notamment pour accéder aux</line>
<line>commerces et services de Tavernolles ainsi qu'aux espaces naturels environnants.</line></par>
</text>
</block>
<block><region><rect/></region>
<text>
<par>
<line>&gt; Privilégier le stationnement en sous-sol afin de garantir le maintien d'espaces libres végétalisés.</line></par>
</text>
</block>
</page>
<page width="2481" height="3508" resolution="300">
<block><region><rect/></region>
<text>
<par>
<line>&gt; Principes d'aménagement</line></par>
</text>
</block>
<block><region><rect/></region>
<text>
<par/>
</text>
</block>
<block><region><rect/></region>
<text>
<par>
<line>Vers</line></par>
</text>
</block>
<block><region><rect/></region>
<text>
<par>
<line>Fort de</line></par>
</text>
</block>
<block><region><rect/></region>
<text>
<par>
<line>Montavie</line></par>
</text>
</block>
<block><region><rect/></region>
<text>
<par/>
</text>
</block>
<block><region><rect/></region>
<text>
<par/>
</text>
</block>
<block><region><rect/></region>
<text>
<par/>
</text>
</block>
<block><region><rect/></region>
<text>
<par>
<line>^1</line></par>
</text>
</block>
<block><region><rect/></region>
<text>
<par>
<line>centre</line></par>
</text>
</block>
<block><region><rect/></region>
<text>
<par>
<line>du</line></par>
</text>
</block>
<block><region><rect/></region>
<text>
<par>
<line>( ) Périmètre des OAP</line></par>
<par>
<line>Principe d'impiantation</line>
<line>des constructions</line></par>
<par>
<line>O Point d'accroche avec ie</line>
<line>maiiiage viaire existant</line></par>
<par>
<line>Principaux accès véhicuies</line>
<line>— — Principe de liaison interne</line></par>
<par>
<line>Ouverture paysagère</line>
<line>à maintenir</line></par>
<par>
<line>Espace végétalisé à créer</line></par>
</text>
</block>
<block><region><rect/></region>
<text>
<par>
<line>&gt; Périmètre</line></par>
</text>
</block>
<block><region><rect/></region>
<text>
<par>
<line>i</line></par>
</text>
</block>
<block><region><rect/></region>
<text>
<par>
<line>I</line></par>
</text>
</block>
<block><region><rect/></region>
<text>
<par>
<line>N</line></par>
</text>
</block>
<block><region><rect/></region>
<text>
<par>
<line>2</line></par>
</text>
</block>
<block><region><rect/></region>
<text>
<par>
<line>L</line></par>
</text>
</block>
<block><region><rect/></region>
<text>
<par>
<line>h</line></par>
</text>
</block>
<block><region><rect/></region>
<text>
<par/>
</text>
</block>
<block><region><rect/></region>
<text>
<par>
<line>¥</line></par>
</text>
</block>
<block><region><rect/><rect/></region>
<text>
<par>
<line>i -J 1,</line></par>
<par>
<line>T '</line></par>
<par>
<line>3 I ^I</line></par>
</text>
</block>
<block><region><rect/></region>
<text>
<par/>
</text>
</block>
<block><region><rect/></region>
<text>
<par>
<line>31 I</line></par>
</text>
</block>
<block><region><rect/></region>
<text>
<par>
<line>L2</line></par>
</text>
</block>
<block><region><rect/></region>
<text>
<par>
<line>AUà</line></par>
</text>
</block>
<block><region><rect/></region>
<text>
<par/>
</text>
</block>
<block><region><rect/></region>
<text>
<par>
<line>LJ</line></par>
</text>
</block>
<block><region><rect/></region>
<text>
<par>
<line>47\</line></par>
</text>
</block>






















<block blockType="Picture" blockName="" l="352" t="553" r="1480" b="1755"><region><rect/></region>
</block>
<block blockType="Picture" blockName="" l="103" t="199" r="2378" b="317"><region><rect/></region>
</block>
</page>
<page width="2481" height="3508" resolution="300">
<block><region><rect/></region>
<text orientation="RotatedCounterclockwise">
<par/>
</text>
</block>
<block><region><rect/></region>
<text>
<par>
<line>3.0APN°3:SITEDE«LALECHERE»</line></par>
</text>
</block>
<block><region><rect/></region>
<text>
<par>
<line>1.Contexte et situation</line></par>
<par>
<line>Ce site d'environ 4 000 se situe sur un terrain plat au sein de la partie dense du secteur de</line>
<line>Tavernolles. Il est aujourd'hui occupé par un parking, une salle polyvalente ainsi qu'une crèche</line>
<line>(en cours de réhabilitation) et son jardin d'agrément. Le site est également traversé par un ruis¬</line>
<line>seau canalisé. L'accès actuel s'effectue uniquement par le chemin étroit de la Léchère.</line></par>
<par>
<line>Le périmètre de l'OAP intègre une partie du front urbain de la route Napoléon. La requalification</line>
<line>de cette séquence de la rue offre l'opportunité de créer à terme une meilleur visibilité et accroche</line>
<line>sur cet axe.</line></par>
<par>
<line>Ce site est principalement destiné accueillir des logements.</line></par>
<par>
<line>L'aménagement de ce secteur devra tenir compte de l'environnement urbain existant relative¬</line>
<line>ment dense et proche ainsi que des opportunités de développement envisageables à court,</line>
<line>moyen et plus long terme liées à la mutabilité des bâtiments existants.</line></par>
</text>
</block>
<block><region><rect/></region>
<text>
<par/>
</text>
</block>
<block><region><rect/></region>
<text>
<par/>
</text>
</block>
<block><region><rect/></region>
<text>
<par>
<line>L'abris de jardin</line>
<line>La salle polyvalente</line></par>
<par>
<line>La crèche</line>
<line>L'habitat</line></par>
</text>
</block>








</page>
<page width="2481" height="3508" resolution="300">
<block><region><rect/></region>
<text>
<par>
<line>Accès potentiels</line></par>
</text>
</block>
<block><region><rect/></region>
<text>
<par>
<line>m</line></par>
</text>
</block>
<block><region><rect/></region>
<text>
<par>
<line>2.Objectifs d’aménagement</line></par>
<par>
<line>&gt; Développer une opération d'aménagement dont les formes urbaines permettent de répondre</line>
<line>aux objectifs de diversification de l'offre d'habitat et de mixité sociale (production de 7 logements</line>
<line>locatifs sociaux a minima).</line></par>
<par>
<line>&gt; Garantir l'insertion paysagère des nouvelles constructions notamment vis-à-vis des construc¬</line>
<line>tions existantes.</line></par>
</text>
</block>
<block><region><rect/></region>
<text>
<par>
<line>3.Orientations d’aménagement et principes d’organisation</line></par>
<par>
<line>Principes d'aménagement paysagers</line></par>
<par>
<line>&gt; Promouvoir des formes bâties respectant le contexte urbain environnant (épannelage gradué</line>
<line>des constructions, façades découpées, maintien d'espaces de respiration entre les constructions,</line>
<line>préserver les conditions d'ensoleillement des constructions existantes, limiter les vis-à-vis, etc.).</line></par>
<par>
<line>&gt; Limiter l'imperméabilisation des sols notamment par l'aménagement d'espaces végétalisés.</line></par>
<par>
<line>&gt; Requalifier le front urbain de la route Napoléon en assurant un ancrage urbain de qualité au</line>
<line>site de la Léchère.</line></par>
<par>
<line>&gt; Créer un espace public de qualité assurant l'articulation entre le site de la Léchère et la route</line>
<line>Napoléon offrant une ouverture paysagère vers l'Ouest. Intégrer les perspectives de valorisation</line>
<line>du cours d'eau dans l'aménagement de cet espace.</line></par>
</text>
</block>


<block blockType="Picture" blockName="" l="103" t="199" r="2378" b="317"><region><rect/></region>
</block>
<block blockType="Picture" blockName="" l="1361" t="664" r="1459" b="735"><region><rect/></region>
</block>
</page>
<page width="2481" height="3508" resolution="300">
<block><region><rect/></region>
<text orientation="RotatedClockwise">
<par>
<line>Chernii^</line></par>
</text>
</block>
<block><region><rect/></region>
<text>
<par>
<line>&gt; Principes d'aménagement</line></par>
</text>
</block>
<block><region><rect/></region>
<text>
<par/>
</text>
</block>
<block><region><rect/></region>
<text>
<par>
<line>ÏÏi</line></par>
</text>
</block>
<block><region><rect/></region>
<text>
<par/>
</text>
</block>
<block><region><rect/></region>
<text>
<par>
<line>O</line></par>
</text>
</block>
<block><region><rect/></region>
<text>
<par>
<line>Q_</line></par>
</text>
</block>
<block><region><rect/></region>
<text>
<par/>
</text>
</block>
<block><region><rect/></region>
<text>
<par>
<line>%</line></par>
</text>
</block>
<block><region><rect/></region>
<text>
<par/>
</text>
</block>
<block><region><rect/><rect/><rect/></region>
<text>
<par/>
</text>
</block>
<block><region><rect/></region>
<text>
<par>
<line>••</line></par>
</text>
</block>
<block><region><rect/></region>
<text>
<par/>
</text>
</block>
<block><region><rect/></region>
<text>
<par/>
</text>
</block>
<block><region><rect/></region>
<text>
<par/>
</text>
</block>
<block><region><rect/></region>
<text>
<par/>
</text>
</block>
<block><region><rect/></region>
<text>
<par>
<line>Arrêt</line></par>
</text>
</block>
<block><region><rect/></region>
<text>
<par>
<line>O</line></par>
</text>
</block>
<block><region><rect/></region>
<text>
<par>
<line>TC</line></par>
</text>
</block>
<block><region><rect/></region>
<text>
<par>
<line>&gt; Périmètre</line></par>
</text>
</block>
<block><region><rect/></region>
<text>
<par>
<line>w</line></par>
</text>
</block>
<block><region><rect/></region>
<text>
<par/>
</text>
</block>
<block><region><rect/></region>
<text>
<par>
<line>1</line></par>
</text>
</block>
<block><region><rect/></region>
<text>
<par>
<line>12*</line></par>
</text>
</block>
<block><region><rect/></region>
<text>
<par>
<line>L3</line></par>
</text>
</block>
<block><region><rect/></region>
<text>
<par>
<line>%</line></par>
</text>
</block>
<block><region><rect/></region>
<text>
<par>
<line>■</line></par>
</text>
</block>
<block><region><rect/></region>
<text>
<par>
<line>iî7</line></par>
</text>
</block>
<block><region><rect/></region>
<text>
<par/>
</text>
</block>
<block><region><rect/></region>
<text>
<par/>
</text>
</block>
<block><region><rect/></region>
<text>
<par>
<line>Périmètre des OAP</line></par>
<par>
<line>Principe d'implantation des constructions</line></par>
<par>
<line>Point d'accroche avec le maillage viaire</line>
<line>existant</line></par>
<par>
<line>Accès des véhicules à privilégier</line></par>
<par>
<line>Principes de liaisons piétonnes à créer</line></par>
<par>
<line>Espace public à créer en accroche</line>
<line>sur la route Napoléon</line></par>
<par>
<line>Ouverture paysagère à créer</line></par>
<par>
<line>Espace végétalisé à créer</line></par>
<par>
<line>Espace de transition avec les</line>
<line>habitations riveraines à créer</line>
<line>Cours d'eau à valoriser</line>
<line>Végétation présente sur le site</line>
<line>à valoriser</line></par>
</text>
</block>







</page>
<page width="2481" height="3508" resolution="300">
<block><region><rect/></region>
<text>
<par>
<line>4.0APN°4: SITE DU «PRE DE LA PIERRE</line></par>
</text>
</block>
<block><region><rect/></region>
<text>
<par>
<line>1.Contexte et situation</line></par>
<par>
<line>Ce site de plus de 2 ha se situe sur à l'Ouest de la route des Angonnes. Il est aujourd'hui non bâti</line>
<line>et accueille des boisements dans sa partie sud.</line></par>
<par>
<line>Légèrement en pente et fortement visible depuis la route des Angonnes et du rond-point de Ta-</line>
<line>vernolles, une attention forte sera accordée à l'insertion paysagère des constructions.</line></par>
<par>
<line>Ce site est destiné accueillir des activités économiques. Il n'est aujourd'hui pas raccordé au réseau</line>
<line>d'assainissement collectif. Il est impacté par des aléas de glissement de terrain et de ruissellement</line>
<line>apportant des contraintes en termes de gestion des eaux pluviales.</line></par>
</text>
</block>
<block><region><rect/></region>
<text>
<par>
<line>Perceptions du site</line></par>
</text>
</block>
<block><region><rect/></region>
<text>
<par/>
</text>
</block>
<block><region><rect/></region>
<text>
<par>
<line>K</line></par>
</text>
</block>
<block><region><rect/></region>
<text>
<par>
<line>U</line></par>
</text>
</block>
<block><region><rect/><rect/><rect/></region>
<text>
<par/>
</text>
</block>
<block><region><rect/></region>
<text>
<par/>
</text>
</block>
<block><region><rect/></region>
<text>
<par>
<line>\</line></par>
</text>
</block>
<block><region><rect/></region>
<text>
<par>
<line>ÿ</line></par>
</text>
</block>
<block><region><rect/></region>
<text>
<par/>
</text>
</block>
<block><region><rect/></region>
<text>
<par>
<line>X</line></par>
</text>
</block>
<block><region><rect/></region>
<text>
<par/>
</text>
</block>
<block><region><rect/></region>
<text>
<par/>
</text>
</block>
<block><region><rect/></region>
<text>
<par>
<line>m</line></par>
</text>
</block>
<block><region><rect/></region>
<text>
<par/>
</text>
</block>
<block><region><rect/></region>
<text>
<par/>
</text>
</block>
<block><region><rect/></region>
<text>
<par/>
</text>
</block>
<block><region><rect/></region>
<text>
<par/>
</text>
</block>
<block><region><rect/></region>
<text>
<par/>
</text>
</block>
<block><region><rect/><rect/></region>
<text>
<par>
<line>mmm</line></par>
</text>
</block>



<block blockType="Picture" blockName="" l="1043" t="2701" r="1133" b="2797"><region><rect/></region>
</block>
<block blockType="Picture" blockName="" l="352" t="1462" r="1858" b="2465"><region><rect/></region>
</block>
<block blockType="Picture" blockName="" l="103" t="199" r="2378" b="317"><region><rect/></region>
</block>
</page>
<page width="2481" height="3508" resolution="300">
<block><region><rect/></region>
<text>
<par>
<line>Accès potentiels</line></par>
</text>
</block>
<block><region><rect/></region>
<text>
<par/>
</text>
</block>
<block><region><rect/></region>
<text>
<par/>
</text>
</block>
<block><region><rect/></region>
<text>
<par>
<line>2.Objectifs d’aménagement</line></par>
</text>
</block>
<block><region><rect/></region>
<text>
<par>
<line>&gt; Permettre l'accueil d'une zone d'activités artisanales destinée aux petites et moyennes entre¬</line>
<line>prises. Elle sera aménagée par phases, au fur et à mesure de la réalisation des équipements né¬</line>
<line>cessaires (assainissement, eau, desserte, énergie).</line></par>
<par>
<line>&gt; Garantir l'insertion paysagère des constructions, notamment aux abords de la route des An-</line>
<line>gonnes et du rond-point de Tavernolles.</line></par>
<par>
<line>&gt; La temporalité de l'aménagement de ce site sera étudiée en cohérence avec les propositions</line>
<line>du Schéma Directeur des Espaces Economiques en cours. L'aménagement des voiries et réseaux</line>
<line>divers sera réalisé à moyens termes.</line></par>
</text>
</block>
<block><region><rect/></region>
<text>
<par>
<line>3.Orientations d’aménagement et principes d’organisation</line></par>
<par>
<line>&gt; Valoriser les éléments constitutifs de la trame naturelle et paysagère du site (valorisation des</line>
<line>masses boisées, valorisation des abords du ruisseau du Pont de l'Evêque, etc.).</line></par>
<par>
<line>&gt; Créer une silhouette urbaine et des perspectives de qualité depuis de la route des Angonnes et</line>
<line>du rond-point de Tavernolles (façades vitrines). Veiller à un traitement qualitatif des toitures vi¬</line>
<line>sibles depuis ces axes. Maintenir des vues lointaines sur le grand paysage.</line></par>
<par>
<line>&gt; Aménager des espaces de respiration avec les habitations riveraines.</line></par>
<par>
<line>&gt; Limiter l'imperméabilisation des sols notamment par l'aménagement d'espaces végétalisés.</line></par>
<par>
<line>&gt; Mutualiser le stationnement à proximité de l'accès depuis la voirie publique.</line></par>
<par>
<line>&gt; Favoriser la production et l'usage des énergies renouvelables en s'appuyant sur le potentiel</line>
<line>solaire lié à l'exposition du site.</line></par>
</text>
</block>




</page>
<page width="2481" height="3508" resolution="300">
<block><region><rect/></region>
<text>
<par>
<line>&gt; Principes d'aménagement</line></par>
</text>
</block>
<block><region><rect/></region>
<text>
<par>
<line>F**</line></par>
</text>
</block>
<block><region><rect/></region>
<text>
<par/>
</text>
</block>
<block><region><rect/></region>
<text>
<par/>
</text>
</block>
<block><region><rect/></region>
<text>
<par/>
</text>
</block>
<block><region><rect/></region>
<text>
<par/>
</text>
</block>
<block><region><rect/></region>
<text>
<par/>
</text>
</block>
<block><region><rect/></region>
<text>
<par>
<line>Périmètre de l'OAP</line></par>
</text>
</block>
<block><region><rect/></region>
<text>
<par>
<line>Zone d'implantation privilégiée des constructions</line>
<line>et traitement qualitatif des façades vitrines</line>
<line>**""**■ discontinues</line></par>
</text>
</block>
<block><region><rect/></region>
<text>
<par>
<line>Espace tampon végétalisé participant a l'insertion</line>
<line>paysagère et à la gestion des eaux pluviales</line></par>
</text>
</block>
<block><region><rect/></region>
<text>
<par>
<line>Parking mutualisé accessible depuis la voirie</line>
<line>pu bique</line></par>
</text>
</block>
<block><region><rect/></region>
<text>
<par/>
</text>
</block>
<block><region><rect/></region>
<text>
<par>
<line>O</line></par>
</text>
</block>
<block><region><rect/></region>
<text>
<par>
<line>Traitement qualitatif de la desserte interne et</line>
<line>cheminement mode doux à valoriser</line></par>
</text>
</block>
<block><region><rect/></region>
<text>
<par>
<line>Accès véhicule principal au secteur</line></par>
</text>
</block>
<block><region><rect/></region>
<text>
<par>
<line>Carrefour à traiter</line></par>
</text>
</block>
<block><region><rect/></region>
<text>
<par>
<line>&gt; Périmètre</line></par>
</text>
</block>
<block><region><rect/></region>
<text>
<par/>
</text>
</block>
<block><region><rect/></region>
<text>
<par/>
</text>
</block>
<block><region><rect/></region>
<text>
<par/>
</text>
</block>
<block><region><rect/></region>
<text>
<par>
<line>A</line></par>
</text>
</block>
<block><region><rect/></region>
<text>
<par>
<line>«3</line></par>
</text>
</block>
<block><region><rect/></region>
<text>
<par>
<line>f</line></par>
</text>
</block>
<block><region><rect/></region>
<text>
<par>
<line>AU</line></par>
</text>
</block>
<block><region><rect/></region>
<text>
<par>
<line>r</line></par>
</text>
</block>
<block><region><rect/></region>
<text>
<par/>
</text>
</block>
<block><region><rect/></region>
<text>
<par/>
</text>
</block>
<block><region><rect/></region>
<text>
<par>
<line>U</line></par>
</text>
</block>
<block><region><rect/></region>
<text>
<par>
<line>m</line></par>
</text>
</block>
<block><region><rect/></region>
<text>
<par>
<line>U/</line></par>
</text>
</block>
<block><region><rect/></region>
<text>
<par/>
</text>
</block>
<block><region><rect/></region>
<text>
<par>
<line>%</line></par>
</text>
</block>
<block><region><rect/></region>
<text>
<par>
<line>O</line></par>
</text>
</block>





















<block blockType="Picture" blockName="" l="352" t="544" r="1352" b="1356"><region><rect/></region>
</block>
<block blockType="Picture" blockName="" l="103" t="199" r="2378" b="317"><region><rect/></region>
</block>
<block blockType="Picture" blockName="" l="755" t="2360" r="852" b="2472"><region><rect/></region>
</block>
</page>
<page width="2481" height="3508" resolution="300">
<block><region><rect/></region>
<text>
<par/>
</text>
</block>
<block><region><rect/></region>
<text>
<par>
<line>Maîtrise d’œuvre</line></par>
</text>
</block>
<block><region><rect/></region>
<text>
<par>
<line>H</line></par>
</text>
</block>
<block><region><rect/></region>
<text>
<par/>
</text>
</block>
<block><region><rect/></region>
<text>
<par/>
</text>
</block>
<block><region><rect/></region>
<text>
<par/>
</text>
</block>
<block><region><rect/></region>
<text>
<par>
<line>/</line></par>
</text>
</block>
<block><region><rect/></region>
<text>
<par/>
</text>
</block>
<block><region><rect/></region>
<text>
<par/>
</text>
</block>
<block><region><rect/></region>
<text>
<par/>
</text>
</block>
<block><region><rect/></region>
<text>
<par>
<line>/</line></par>
</text>
</block>
<block><region><rect/></region>
<text>
<par>
<line>/</line></par>
</text>
</block>
<block><region><rect/></region>
<text>
<par/>
</text>
</block>
<block><region><rect/></region>
<text>
<par/>
</text>
</block>
<block><region><rect/></region>
<text>
<par>
<line>X</line></par>
</text>
</block>
<block><region><rect/></region>
<text>
<par/>
</text>
</block>
<block><region><rect/></region>
<text>
<par>
<line>AGENCE</line></par>
</text>
</block>
<block><region><rect/></region>
<text>
<par>
<line>d’URBANISME</line></par>
</text>
</block>
<block><region><rect/></region>
<text>
<par>
<line>DE LA RÉGION GRENOBLOISE</line></par>
</text>
</block>
<block><region><rect/></region>
<text>
<par>
<line>21, rue Lesdiguières - 38000 Grenoble</line>
<line>Tél. : 04 76 28 86 00 • Fax : 04 76 28 8612</line>
<line>accueil@aurq.asso.fr</line>
<line>www.aurg.org</line></par>
</text>
</block>

<block blockType="Picture" blockName="" l="257" t="1853" r="509" b="1900"><region><rect/></region>
</block>
<block blockType="Picture" blockName="" l="126" t="1915" r="509" b="1965"><region><rect/></region>
</block>
</page>
</OAP>