<?xml version="1.0" encoding="UTF-8"?><OAP>
<page width="2479" height="3508" resolution="300">
<block><region><rect/></region>
<text>
<par>
<line>SAINT-BARTHELEMY-DE-SECHILIENNE (38220)</line>
<line>PLAN LOCAL D'URBANISME</line></par>
</text>
</block>
<block><region><rect/></region>
<text>
<par>
<line>ORIENTATIONS D'AMÉNAGEMENT ET</line>
<line>DE PROGRAMMATION (OAP)</line></par>
</text>
</block>
<block><region><rect/></region>
<text>
<par>
<line>SOMMAIRE</line></par>
</text>
</block>
<block><region><rect/></region>
<text>
<par>
<line>1. Cadre réglementaire général p. 1</line></par>
<par>
<line>2. Localisation des OAP p. 2</line></par>
<par>
<line>3. Cadre général de présentation des OAP p. 4</line></par>
<par>
<line>4. OAP 1 - ZONE AUb, SOUS LE VILLAGE p. 5</line></par>
<par>
<line>5. OAP 2 - ZONE AUc, SOUS LE VILLAGE p. 9</line></par>
<par>
<line>6. OAP 3 - ZONE AUi, PERROSSIER p. 14</line></par>
</text>
</block>
<block><region><rect/></region>
<text>
<par>
<line>1. CADRE RÉGLEMENTAIRE</line></par>
<par>
<line>Article L123-1-4 du Code de l'urbanisme</line></par>
</text>
</block>
<block><region><rect/></region>
<text>
<par>
<line>« Dans le respect des orientations définies par le projet d'aménagement et de développement durables, les</line>
<line>orientations d'aménagement et de programmation comprennent des dispositions portant sur l'aménagement,</line>
<line>l'habitat, les transports et les déplacements.</line></par>
<par>
<line>1. En ce qui concerne l'aménagement, les orientations peuvent définir les actions et opérations nécessaires</line>
<line>pour mettre en valeur l'environnement, les paysages, les entrées de villes et le patrimoine, lutter contre</line>
<line>l'insalubrité, permettre le renouvellement urbain et assurer le développement de la commune.</line></par>
<par>
<line>Elles peuvent comporter un échéancier prévisionnel de l'ouverture à l'urbanisation des zones à urbaniser et de</line>
<line>la réalisation des équipements correspondants.</line></par>
<par>
<line>Elles peuvent porter sur des quartiers ou des secteurs à mettre en valeur, réhabiliter, restructurer ou</line>
<line>aménager.</line></par>
<par>
<line>Elles peuvent prendre la forme de schémas d'aménagement et préciser les principales caractéristiques des</line>
<line>voies et espaces publics.</line></par>
<par>
<line>2. En ce qui concerne l'habitat, elles définissent les objectifs et les principes d'une politique visant à répondre</line>
<line>aux besoins en logements et en hébergements, à favoriser le renouvellement urbain et la mixité sociale et à</line>
<line>améliorer l'accessibilité du cadre bâti aux personnes handicapées en assurant entre les communes et entre les</line>
<line>quartiers d'une même commune une répartition équilibrée et diversifiée de l'offre de logements.</line></par>
<par>
<line>Elles tiennent lieu du programme local de l'habitat défini par les articles L. 302-1 à L. 302-4 du code de la</line></par>
<par>
<line>construction et de l'habitation.</line></par>
<par>
<line>3. En ce qui concerne les transports et les déplacements, elles définissent l'organisation des transports de</line>
<line>personnes et de marchandises, de la circulation et du stationnement.</line></par>
<par>
<line>Elles tiennent lieu du pian de déplacements urbains défini par les articles 28 à 28-4 de la loi n° 82-1153 du 30</line>
<line>décembre 1982 d'orientation des transports intérieurs. (...) »</line></par>
</text>
</block>
<block><region><rect/></region>
<text>
<par>
<line>SAINT-BARTHELEMY-DE-SECHILIENNE (38220) - PLU - OAP dossier approbation V15/02/2014</line></par>
</text>
</block>
<block><region><rect/></region>
<text>
<par>
<line>1</line></par>
</text>
</block>


</page>
<page width="2479" height="3508" resolution="300">
<block><region><rect/></region>
<text>
<par>
<line>2. LOCALISATION DES OAP</line></par>
</text>
</block>
<block><region><rect/></region>
<text>
<par/>
</text>
</block>
<block><region><rect/></region>
<text>
<par>
<line>154^^</line></par>
</text>
</block>
<block><region><rect/></region>
<text>
<par/>
</text>
</block>
<block><region><rect/></region>
<text>
<par>
<line>•V^</line></par>
</text>
</block>
<block><region><rect/></region>
<text>
<par/>
</text>
</block>
<block><region><rect/></region>
<text>
<par/>
</text>
</block>
<block><region><rect/></region>
<text>
<par/>
</text>
</block>
<block><region><rect/></region>
<text>
<par/>
</text>
</block>
<block><region><rect/></region>
<text>
<par/>
</text>
</block>
<block><region><rect/></region>
<text>
<par>
<line>D114</line></par>
</text>
</block>
<block><region><rect/></region>
<text>
<par/>
</text>
</block>
<block><region><rect/></region>
<text>
<par>
<line>•&gt;,</line></par>
</text>
</block>
<block><region><rect/></region>
<text>
<par/>
</text>
</block>
<block><region><rect/></region>
<text>
<par/>
</text>
</block>
<block><region><rect/></region>
<text>
<par/>
</text>
</block>
<block><region><rect/></region>
<text>
<par/>
</text>
</block>
<block><region><rect/></region>
<text>
<par>
<line>iJ*</line></par>
</text>
</block>
<block><region><rect/></region>
<text>
<par/>
</text>
</block>
<block><region><rect/></region>
<text>
<par/>
</text>
</block>
<block><region><rect/></region>
<text>
<par>
<line>S»</line></par>
</text>
</block>
<block><region><rect/></region>
<text>
<par/>
</text>
</block>
<block><region><rect/></region>
<text>
<par/>
</text>
</block>
<block><region><rect/></region>
<text>
<par/>
</text>
</block>
<block><region><rect/></region>
<text>
<par/>
</text>
</block>
<block><region><rect/></region>
<text>
<par>
<line>‘rr-</line></par>
</text>
</block>
<block><region><rect/></region>
<text>
<par>
<line>&lt;•</line></par>
</text>
</block>
<block><region><rect/></region>
<text>
<par/>
</text>
</block>
<block><region><rect/></region>
<text>
<par/>
</text>
</block>
<block><region><rect/></region>
<text>
<par>
<line>«■</line></par>
</text>
</block>
<block><region><rect/></region>
<text>
<par/>
</text>
</block>
<block><region><rect/></region>
<text>
<par/>
</text>
</block>
<block><region><rect/></region>
<text>
<par>
<line>TiÈ</line></par>
</text>
</block>
<block><region><rect/></region>
<text>
<par>
<line>#</line></par>
</text>
</block>
<block><region><rect/></region>
<text>
<par>
<line>«</line></par>
</text>
</block>
<block><region><rect/></region>
<text>
<par/>
</text>
</block>
<block><region><rect/></region>
<text>
<par/>
</text>
</block>
<block><region><rect/></region>
<text>
<par/>
</text>
</block>
<block><region><rect/></region>
<text>
<par/>
</text>
</block>
<block><region><rect/></region>
<text>
<par/>
</text>
</block>
<block><region><rect/></region>
<text>
<par>
<line>ütSiBU</line></par>
</text>
</block>
<block><region><rect/></region>
<text>
<par>
<line>repérage des OAP - vue googleEarth 2012</line></par>
</text>
</block>
<block><region><rect/></region>
<text>
<par>
<line>OAP1 : ZONE AUb, SOUS LE VILLAGE</line>
<line>OAP2 : ZONE AUc, SOUS LE VILLAGE</line>
<line>OAP3 : ZONE AUi, PERROSSIER</line></par>
</text>
</block>
<block><region><rect/></region>
<text>
<par>
<line>SAINT-BARTHELEMY-DE-SECHILIENNE (38220) - PLU - OAP dossier approbation V15/02/2014</line></par>
</text>
</block>
<block><region><rect/></region>
<text>
<par>
<line>2</line></par>
</text>
</block>







<block blockType="Picture" blockName="" l="948" t="874" r="1056" b="903"><region><rect/></region>
</block>
<block blockType="Picture" blockName="" l="1599" t="1184" r="1702" b="1218"><region><rect/></region>
</block>
<block blockType="Picture" blockName="" l="1316" t="1710" r="1396" b="1806"><region><rect/></region>
</block>
<block blockType="Picture" blockName="" l="1655" t="1799" r="1717" b="1904"><region><rect/></region>
</block>
</page>
<page width="2504" height="3543" resolution="303">
<block><region><rect/></region>
<text>
<par>
<line>S LA BROU</line></par>
</text>
</block>
<block><region><rect/></region>
<text>
<par>
<line>"AU</line></par>
</text>
</block>
<block><region><rect/></region>
<text>
<par>
<line>MP:BOMT:ET:</line></par>
</text>
</block>
<block><region><rect/></region>
<text>
<par>
<line>DEMAISON</line></par>
</text>
</block>
<block><region><rect/></region>
<text>
<par>
<line>::::C</line></par>
</text>
</block>
<block><region><rect/></region>
<text>
<par>
<line>FT;fp</line></par>
</text>
</block>
<block><region><rect/></region>
<text>
<par>
<line>CO N</line></par>
</text>
</block>
<block><region><rect/></region>
<text>
<par>
<line>^MINE^s-i4: -ft ‘.’yÀJ. :-3^^^2rFT</line></par>
</text>
</block>
<block><region><rect/></region>
<text>
<par/>
</text>
</block>
<block><region><rect/></region>
<text>
<par/>
</text>
</block>
<block><region><rect/></region>
<text>
<par>
<line>ac MT,fp'</line></par>
</text>
</block>
<block><region><rect/></region>
<text>
<par>
<line>U c</line></par>
</text>
</block>
<block><region><rect/></region>
<text>
<par>
<line>OAP</line></par>
</text>
</block>
<block><region><rect/><rect/></region>
<text>
<par>
<line>Aurni</line></par>
</text>
</block>
<block><region><rect/></region>
<text>
<par>
<line>PERRO</line></par>
</text>
</block>
<block><region><rect/></region>
<text>
<par>
<line>IER</line></par>
</text>
</block>
<block><region><rect/></region>
<text>
<par>
<line>A</line></par>
</text>
</block>
<block><region><rect/></region>
<text>
<par/>
</text>
</block>
<block><region><rect/></region>
<text>
<par/>
</text>
</block>
<block><region><rect/></region>
<text>
<par>
<line>/</line></par>
</text>
</block>
<block><region><rect/></region>
<text>
<par>
<line>-7</line></par>
</text>
</block>
<block><region><rect/></region>
<text>
<par>
<line>FP-fv</line></par>
</text>
</block>
<block><region><rect/></region>
<text>
<par>
<line>UG:</line></par>
</text>
</block>
<block><region><rect/></region>
<text>
<par>
<line>ER-ir</line></par>
</text>
</block>
<block><region><rect/></region>
<text>
<par>
<line>P DE LA COU</line></par>
</text>
</block>
<block><region><rect/></region>
<text>
<par>
<line>LE</line></par>
</text>
</block>
<block><region><rect/></region>
<text>
<par>
<line>AN</line></par>
</text>
</block>
<block><region><rect/></region>
<text>
<par>
<line>A</line></par>
</text>
</block>
<block><region><rect/></region>
<text>
<par>
<line>CHAMP</line></par>
</text>
</block>
<block><region><rect/></region>
<text>
<par>
<line>LA C</line></par>
</text>
</block>
<block><region><rect/></region>
<text>
<par>
<line>m.</line></par>
</text>
</block>
<block><region><rect/></region>
<text>
<par>
<line>fp,v</line></par>
</text>
</block>
<block><region><rect/></region>
<text>
<par/>
</text>
</block>
<block><region><rect/></region>
<text>
<par>
<line>A</line></par>
</text>
</block>
<block><region><rect/></region>
<text>
<par/>
</text>
</block>
<block><region><rect/></region>
<text>
<par>
<line>:-F?:fP’:VFG;P-fv</line></par>
</text>
</block>
<block><region><rect/></region>
<text>
<par>
<line>fg,.v</line></par>
</text>
</block>
<block><region><rect/></region>
<text>
<par>
<line>FGV</line></par>
</text>
</block>
<block><region><rect/></region>
<text>
<par>
<line>E)!</line></par>
</text>
</block>
<block><region><rect/></region>
<text>
<par>
<line>F.G&lt;V:fp</line></par>
</text>
</block>
<block><region><rect/></region>
<text>
<par>
<line>U</line></par>
</text>
</block>
<block><region><rect/></region>
<text>
<par>
<line>F.G-fp’</line></par>
</text>
</block>
<block><region><rect/></region>
<text>
<par>
<line>MY</line></par>
</text>
</block>
<block><region><rect/></region>
<text>
<par>
<line>AUX'iViiGNES</line></par>
</text>
</block>
<block><region><rect/></region>
<text>
<par>
<line>NT -</line></par>
</text>
</block>
<block><region><rect/></region>
<text>
<par>
<line>A</line></par>
</text>
</block>
<block><region><rect/></region>
<text>
<par>
<line>Pr:;</line></par>
</text>
</block>
<block><region><rect/></region>
<text>
<par>
<line>fg,p</line></par>
</text>
</block>
<block><region><rect/></region>
<text>
<par>
<line>^«11</line></par>
</text>
</block>
<block><region><rect/></region>
<text>
<par>
<line>rn</line></par>
</text>
</block>
<block><region><rect/></region>
<text>
<par>
<line>LEMIN</line></par>
</text>
</block>
<block><region><rect/></region>
<text>
<par>
<line>anc</line></par>
</text>
</block>
<block><region><rect/></region>
<text>
<par>
<line>situation, extrait du Règ lement graphiiqu e (plan de zonage) du PLL,I 1/5000</line></par>
</text>
</block>
<block><region><rect/></region>
<text>
<par>
<line>SAINT-BARTHELEMY-DE-SECHILIENNE (38220) - PLU - OAP dossier approbation V15/02/2014</line></par>
</text>
</block>
<block><region><rect/></region>
<text>
<par>
<line>3</line></par>
</text>
</block>






























































































































































































































































































































































































































































































































































































































































































































































































</page>
<page width="2479" height="3508" resolution="300">
<block><region><rect/></region>
<text>
<par>
<line>3. CADRE GÉNÉRAL DE PRÉSENTATION DES OAP</line></par>
</text>
</block>
<block><region><rect/></region>
<text>
<par>
<line>Chacune des OAP présentées développe les points suivants :</line></par>
<par>
<line>1/ SITUATION, QUESTIONS, ENJEUX</line></par>
<par>
<line>particularités de la situation : état des lieux, diagnostic, questions, problématique^</line></par>
<par>
<line>2/ OBJECTIFS</line></par>
<par>
<line>Parmi les objectifs génériques possibles : continuité urbaine, insertion paysagère, préservation de</line>
<line>l'environnement, mise en valeur d'éléments de patrimoine, dynamique de renouvellement urbain,</line>
<line>densification, valorisation d'un équipement ou d'une infrastructure nouvelle (TCSP, par exemple),</line>
<line>sécurité et maîtrise des risques naturels, embellissement, etc.</line></par>
<par>
<line>3/ HYPOTHÈSES</line></par>
<par>
<line>Au-delà de l'état existant, conditions particulières de réalisation d'une opération : par exemple,</line>
<line>ouverture d'une nouvelle ligne de TC, réalisation de travaux abaissant le niveau des risques naturels,</line>
<line>projet de nouvelles infrastructures publiques ou d'équipements, etc.</line></par>
<par>
<line>4/ PRINCIPES ET CONDITIONS D'AMÉNAGEMENT</line></par>
<par>
<line>L'OAP précise les conditions particulières d'aménagement des secteurs concernés :</line></par>
<par>
<line>- Organisation, accès, distribution, tracés, desserte, maillage</line></par>
<par>
<line>- Zonage, périmètres d'intervention, découpage opérationnel</line></par>
<par>
<line>- Découpage foncier, implantations, gabarits, silhouettes, vues, etc_</line></par>
<par>
<line>- Vues, alignements, dégagements, etc.</line></par>
<par>
<line>- Procédure opérationnelle (orientations)</line></par>
<par>
<line>- Prescriptions à traduire sur le plan réglementaire</line></par>
<par>
<line>5/ ORIENTATIONS DE PROGRAMME</line></par>
<par>
<line>L'OAP évalue la capacité de programme constructible qui constitue un objectif pour la valorisation du</line>
<line>foncier et l'économie du sol. Elle peut définir des formes urbaines plus ou moins précises,</line>
<line>notamment en matière d'habitat.</line></par>
<par>
<line>6/ TRADUCTION RÉGLEMENTAIRE</line></par>
<par>
<line>Pour davantage de fiabilité et d'engagement juridique, certains choix de la collectivité peuvent être</line>
<line>traduits en termes réglementaires dans les documents du PLU.</line></par>
<par>
<line>7/ INCIDENCES SUR L'ENVIRONNEMENT</line></par>
<par>
<line>Incidences des projets sur l'environnement, notamment sur les milieux naturels, les ressources et</line>
<line>réseaux et la consommation d'espace par l'urbanisation.</line></par>
</text>
</block>
<block><region><rect/></region>
<text>
<par>
<line>SAINT-BARTHELEMY-DE-SECHILIENNE (38220) - PLU - OAP dossier approbation V15/02/2014</line></par>
</text>
</block>
<block><region><rect/></region>
<text>
<par>
<line>4</line></par>
</text>
</block>
</page>
<page width="2479" height="3508" resolution="300">
<block><region><rect/></region>
<text>
<par>
<line>4. OAP 1 - ZONE AUb, SOUS LE VILLAGE</line></par>
</text>
</block>
<block><region><rect/></region>
<text>
<par>
<line>1/ SITUATION, QUESTIONS, ENJEUX</line></par>
</text>
</block>
<block><region><rect/></region>
<text>
<par/>
</text>
</block>
<block><region><rect/></region>
<text>
<par/>
</text>
</block>
<block><region><rect/></region>
<text>
<par/>
</text>
</block>
<block><region><rect/></region>
<text>
<par/>
</text>
</block>
<block><region><rect/></region>
<text>
<par>
<line>#</line></par>
</text>
</block>
<block><region><rect/></region>
<text>
<par/>
</text>
</block>
<block><region><rect/></region>
<text>
<par>
<line>»</line></par>
</text>
</block>
<block><region><rect/></region>
<text>
<par>
<line>h</line></par>
</text>
</block>
<block><region><rect/></region>
<text>
<par>
<line>r.</line></par>
</text>
</block>
<block><region><rect/></region>
<text>
<par/>
</text>
</block>
<block><region><rect/></region>
<text>
<par>
<line>41«</line></par>
</text>
</block>
<block><region><rect/></region>
<text>
<par/>
</text>
</block>
<block><region><rect/></region>
<text>
<par/>
</text>
</block>
<block><region><rect/></region>
<text>
<par>
<line>Ml</line></par>
</text>
</block>
<block><region><rect/></region>
<text>
<par>
<line>4</line></par>
</text>
</block>
<block><region><rect/></region>
<text>
<par>
<line>M2</line></par>
</text>
</block>
<block><region><rect/></region>
<text>
<par>
<line>411</line></par>
</text>
</block>
<block><region><rect/></region>
<text>
<par>
<line>¥</line></par>
</text>
</block>
<block><region><rect/></region>
<text>
<par/>
</text>
</block>
<block><region><rect/></region>
<text>
<par>
<line>«14</line></par>
</text>
</block>
<block><region><rect/></region>
<text>
<par/>
</text>
</block>
<block><region><rect/></region>
<text>
<par>
<line>U(</line></par>
</text>
</block>
<block><region><rect/></region>
<text>
<par/>
</text>
</block>
<block><region><rect/></region>
<text>
<par/>
</text>
</block>
<block><region><rect/></region>
<text>
<par>
<line>1(2</line></par>
</text>
</block>
<block><region><rect/></region>
<text>
<par/>
</text>
</block>
<block><region><rect/></region>
<text>
<par>
<line>P</line></par>
</text>
</block>
<block><region><rect/></region>
<text>
<par/>
</text>
</block>
<block><region><rect/></region>
<text>
<par/>
</text>
</block>
<block><region><rect/></region>
<text>
<par/>
</text>
</block>
<block><region><rect/></region>
<text>
<par>
<line>241</line></par>
</text>
</block>
<block><region><rect/></region>
<text>
<par/>
</text>
</block>
<block><region><rect/></region>
<text>
<par>
<line>t</line></par>
</text>
</block>
<block><region><rect/></region>
<text>
<par/>
</text>
</block>
<block><region><rect/></region>
<text>
<par>
<line>2M</line></par>
</text>
</block>
<block><region><rect/></region>
<text>
<par/>
</text>
</block>
<block><region><rect/></region>
<text>
<par>
<line>«r</line></par>
</text>
</block>
<block><region><rect/></region>
<text>
<par>
<line>J*</line></par>
</text>
</block>
<block><region><rect/></region>
<text>
<par>
<line>•J4</line></par>
</text>
</block>
<block><region><rect/></region>
<text>
<par>
<line>r</line></par>
</text>
</block>
<block><region><rect/></region>
<text>
<par/>
</text>
</block>
<block><region><rect/></region>
<text>
<par/>
</text>
</block>
<block><region><rect/></region>
<text>
<par>
<line>MS</line></par>
</text>
</block>
<block><region><rect/></region>
<text>
<par>
<line>«</line></par>
</text>
</block>
<block><region><rect/></region>
<text>
<par>
<line>217</line></par>
</text>
</block>
<block><region><rect/></region>
<text>
<par>
<line>22%</line></par>
</text>
</block>
<block><region><rect/></region>
<text>
<par>
<line>Slf</line></par>
</text>
</block>
<block><region><rect/></region>
<text>
<par/>
</text>
</block>
<block><region><rect/></region>
<text>
<par/>
</text>
</block>
<block><region><rect/></region>
<text>
<par>
<line>(S</line></par>
</text>
</block>
<block><region><rect/></region>
<text>
<par>
<line>M(</line></par>
</text>
</block>
<block><region><rect/></region>
<text>
<par>
<line>50</line></par>
</text>
</block>
<block><region><rect/></region>
<text>
<par>
<line>OAP 1 : situation, photo aérienne et cadastre 1/2000 - source geoportail.fr</line></par>
</text>
</block>
<block><region><rect/></region>
<text>
<par>
<line>L'OAP 1 correspond à un petit secteur non bâti situé en aval du village, au-dessus de la RD 113, en</line>
<line>prolongement direct de l'urbanisation.</line></par>
<par>
<line>Les enjeux de ce secteur sont les suivants :</line></par>
<par>
<line>- difficulté d'accès depuis la RD 113 : bien que l'on se trouve en agglomération, la voie a un caractère</line>
<line>routier et un débouché direct est délicat ;</line></par>
<par>
<line>- visibilité depuis l'aval, en remontant la RD 113 : le secteur se présente sinon comme l'entrée du</line>
<line>village, du moins comme un premier signe important qui pourrait l'annoncer ;</line></par>
<par>
<line>- nécessité d'un caractère urbain, qui puisse participe à la lisibilité de l'agglomération, et qui ne peut</line>
<line>être assuré par une densité faible et une forme urbaine trop isolée.</line></par>
</text>
</block>
<block><region><rect/></region>
<text>
<par>
<line>Risques naturels : une partie des terrains, en limite nord-ouest de la zone le long du torrent, est</line>
<line>inconstructible (recul minimal de 25 m par rapport à l'axe du torrent).</line></par>
<par>
<line>Les terrains sont situés en secteur de glissement de terrain (G1) où l'infiltration des eaux (usées ou</line>
<line>pluviales) est interdite.</line></par>
</text>
</block>
<block><region><rect/></region>
<text>
<par>
<line>SAINT-BARTHELEMY-DE-SECHILIENNE (38220) - PLU - OAP dossier approbation V15/02/2014</line></par>
</text>
</block>
<block><region><rect/></region>
<text>
<par>
<line>5</line></par>
</text>
</block>
















<block blockType="Picture" blockName="" l="1412" t="2035" r="1503" b="2093"><region><rect/></region>
</block>
</page>
<page width="2479" height="3508" resolution="300">
<block><region><rect/></region>
<text>
<par>
<line>le secteur de l'OAP 1 en aval du village, vue depuis le relais de Belle Lauze</line></par>
</text>
</block>
<block><region><rect/></region>
<text>
<par>
<line>SAINT-BARTHELEMY-DE-SECHILIENNE (38220) - PLU - OAP dossier approbation V15/02/2014</line></par>
</text>
</block>
<block><region><rect/></region>
<text>
<par>
<line>6</line></par>
</text>
</block>
<block blockType="Picture" blockName="" l="303" t="259" r="2192" b="1619"><region><rect/></region>
</block>
</page>
<page width="3487" height="4935" resolution="422">
<block><region><rect/></region>
<text>
<par>
<line>I aval du village, vue aerienne oblique vers le sud</line></par>
</text>
</block>
<block><region><rect/></region>
<text>
<par/>
</text>
</block>
<block><region><rect/></region>
<text>
<par/>
</text>
</block>
<block><region><rect/></region>
<text>
<par/>
</text>
</block>
<block><region><rect/></region>
<text>
<par/>
</text>
</block>
<block><region><rect/></region>
<text>
<par/>
</text>
</block>
<block><region><rect/></region>
<text>
<par/>
</text>
</block>
<block><region><rect/></region>
<text>
<par/>
</text>
</block>
<block><region><rect/></region>
<text>
<par/>
</text>
</block>
<block><region><rect/></region>
<text>
<par>
<line>le secteur de l'OAP 1, vue depuis la RD 113 en remontant vers le village</line></par>
<par>
<line>On se trouve dans le périmètre de l'agglomération (vitesse limitée à 50 km/h) mais le caractère de la</line>
<line>voie reste routier, avec une visibilité médiocre du débouché du terrain sur la RD 113.</line></par>
</text>
</block>
<block><region><rect/></region>
<text>
<par/>
</text>
</block>
<block><region><rect/></region>
<text>
<par/>
</text>
</block>
<block><region><rect/></region>
<text>
<par/>
</text>
</block>
<block><region><rect/></region>
<text>
<par/>
</text>
</block>
<block><region><rect/></region>
<text>
<par/>
</text>
</block>
<block><region><rect/></region>
<text>
<par/>
</text>
</block>
<block><region><rect/></region>
<text>
<par>
<line>'f</line></par>
</text>
</block>
<block><region><rect/></region>
<text>
<par>
<line>\ '</line></par>
</text>
</block>
<block><region><rect/></region>
<text>
<par>
<line>U</line></par>
</text>
</block>
<block><region><rect/></region>
<text>
<par/>
</text>
</block>
<block><region><rect/></region>
<text>
<par>
<line>a</line></par>
</text>
</block>
<block><region><rect/></region>
<text>
<par>
<line>141.» ü '</line></par>
</text>
</block>
<block><region><rect/></region>
<text>
<par>
<line>m</line></par>
</text>
</block>
<block><region><rect/></region>
<text>
<par>
<line>i i'Éfc", ' i</line></par>
</text>
</block>
<block><region><rect/></region>
<text>
<par/>
</text>
</block>
<block><region><rect/></region>
<text>
<par>
<line>f</line></par>
</text>
</block>
<block><region><rect/></region>
<text>
<par>
<line>.1 I î</line></par>
</text>
</block>
<block><region><rect/></region>
<text>
<par>
<line>,t4i</line></par>
</text>
</block>
<block><region><rect/></region>
<text>
<par>
<line>gm</line></par>
</text>
</block>
<block><region><rect/></region>
<text>
<par>
<line>m.</line></par>
</text>
</block>
<block><region><rect/></region>
<text>
<par/>
</text>
</block>
<block><region><rect/></region>
<text>
<par/>
</text>
</block>
<block><region><rect/></region>
<text>
<par>
<line>au croisement entre la RD 113 et l'ancien chemin montant vers le village</line></par>
<par>
<line>Un croisement et une traversée de route à aménager, pour inciter à la modération du trafic.</line></par>
</text>
</block>
<block><region><rect/></region>
<text>
<par>
<line>2/ OBJECTIFS</line></par>
<par>
<line>- AMÉNAGER la traversée de la RD 113 et un accès au secteur depuis l'ancien chemin, et non</line>
<line>directement depuis la RD ;</line></par>
<par>
<line>- DENSIFIER un secteur stratégique qui se trouve en zone d'assainissement collectif, à proximité du</line>
<line>village ;</line></par>
<par>
<line>- DIVERSIFIER les formes d'habitat, pour une meilleure continuité avec l'urbanisation existante.</line></par>
</text>
</block>
<block><region><rect/></region>
<text>
<par>
<line>3/ HYPOTHÈSES</line></par>
<par>
<line>Réfection des réseaux pris en charge par les collectivités publiques :</line></par>
<par>
<line>- rénovation prévue des réseaux EU et AEP dans l'ancien chemin,</line></par>
<par>
<line>- enfouissement des réseaux électriques.</line></par>
<par>
<line>Aménagement du croisement à réaliser, en relation avec le Conseil général (compétent pour la RD</line>
<line>113) et l'aménageur du secteur.</line></par>
<par>
<line>SAINT-BARTHÉLEMY-DE-SÉCHILIENNE (38220) - PLU - OAP dossier approbation V15/02/2014 7</line></par>
</text>
</block>








</page>
<page width="4958" height="7017" resolution="600">
<block><region><rect/></region>
<text>
<par>
<line>4/ PRINCIPES ET CONDITIONS D'AMÉNAGEMENT</line></par>
</text>
</block>
<block><region><rect/></region>
<text>
<par>
<line>V 7'</line></par>
</text>
</block>
<block><region><rect/></region>
<text>
<par>
<line>192</line></par>
</text>
</block>
<block><region><rect/></region>
<text>
<par/>
</text>
</block>
<block><region><rect/></region>
<text>
<par>
<line>191</line></par>
</text>
</block>
<block><region><rect/></region>
<text>
<par/>
</text>
</block>
<block><region><rect/></region>
<text>
<par>
<line>299</line></par>
</text>
</block>
<block><region><rect/></region>
<text>
<par>
<line>415</line></par>
</text>
</block>
<block><region><rect/></region>
<text>
<par>
<line>O</line></par>
</text>
</block>
<block><region><rect/></region>
<text>
<par>
<line>189</line></par>
</text>
</block>
<block><region><rect/></region>
<text>
<par>
<line>16</line></par>
</text>
</block>
<block><region><rect/></region>
<text>
<par>
<line>45</line></par>
</text>
</block>
<block><region><rect/></region>
<text>
<par>
<line>305</line></par>
</text>
</block>
<block><region><rect/></region>
<text>
<par>
<line>553</line></par>
</text>
</block>
<block><region><rect/></region>
<text>
<par>
<line>188</line></par>
</text>
</block>
<block><region><rect/></region>
<text>
<par>
<line>45</line></par>
</text>
</block>
<block><region><rect/></region>
<text>
<par>
<line>&lt;75</line></par>
</text>
</block>
<block><region><rect/></region>
<text>
<par/>
</text>
</block>
<block><region><rect/></region>
<text>
<par/>
</text>
</block>
<block><region><rect/></region>
<text>
<par>
<line>O</line></par>
</text>
</block>
<block><region><rect/></region>
<text>
<par>
<line>186</line></par>
</text>
</block>
<block><region><rect/></region>
<text>
<par>
<line>187</line></par>
</text>
</block>
<block><region><rect/></region>
<text>
<par>
<line>142</line></par>
</text>
</block>
<block><region><rect/></region>
<text>
<par/>
</text>
</block>
<block><region><rect/></region>
<text>
<par>
<line>.O</line></par>
</text>
</block>
<block><region><rect/></region>
<text>
<par>
<line>28</line></par>
</text>
</block>
<block><region><rect/></region>
<text>
<par>
<line>86</line></par>
</text>
</block>
<block><region><rect/></region>
<text>
<par>
<line>185</line></par>
</text>
</block>
<block><region><rect/></region>
<text>
<par>
<line>182</line></par>
</text>
</block>
<block><region><rect/></region>
<text>
<par>
<line>55</line></par>
</text>
</block>
<block><region><rect/></region>
<text>
<par>
<line>50</line></par>
</text>
</block>
<block><region><rect/></region>
<text>
<par>
<line>18</line></par>
</text>
</block>
<block><region><rect/></region>
<text>
<par>
<line>34</line></par>
</text>
</block>
<block><region><rect/></region>
<text>
<par>
<line>CS</line></par>
</text>
</block>
<block><region><rect/></region>
<text>
<par>
<line>67</line></par>
</text>
</block>
<block><region><rect/></region>
<text>
<par>
<line>322</line></par>
</text>
</block>
<block><region><rect/></region>
<text>
<par>
<line>LESt^lES</line></par>
</text>
</block>
<block><region><rect/></region>
<text>
<par>
<line>245</line></par>
</text>
</block>
<block><region><rect/></region>
<text>
<par>
<line>556</line></par>
</text>
</block>
<block><region><rect/></region>
<text>
<par>
<line>246</line></par>
</text>
</block>
<block><region><rect/></region>
<text>
<par>
<line>33</line></par>
</text>
</block>
<block><region><rect/></region>
<text>
<par>
<line>34&lt;</line></par>
</text>
</block>
<block><region><rect/></region>
<text>
<par>
<line>180</line></par>
</text>
</block>
<block><region><rect/></region>
<text>
<par>
<line>40</line></par>
</text>
</block>
<block><region><rect/></region>
<text>
<par>
<line>/V</line></par>
</text>
</block>
<block><region><rect/></region>
<text>
<par>
<line>304</line></par>
</text>
</block>
<block><region><rect/></region>
<text>
<par>
<line>LEGENDE</line></par>
</text>
</block>
<block><region><rect/></region>
<text>
<par>
<line>34</line></par>
</text>
</block>
<block><region><rect/></region>
<text>
<par>
<line>303</line></par>
</text>
</block>
<block><region><rect/></region>
<text>
<par/>
</text>
</block>
<block><region><rect/></region>
<text>
<par>
<line>024</line></par>
</text>
</block>
<block><region><rect/></region>
<text>
<par>
<line>U«E$</line></par>
</text>
</block>
<block><region><rect/></region>
<text>
<par>
<line>359</line></par>
</text>
</block>
<block><region><rect/></region>
<text>
<par>
<line>Périmètre de TOAP</line></par>
<par>
<line>Accès et desserte à aménager</line></par>
<par>
<line>Foncier valorisable</line></par>
</text>
</block>
<block><region><rect/><rect/></region>
<text>
<par>
<line>Bâti potentiel,</line></par>
<par>
<line>^ principes d'implantation</line></par>
<par>
<line>'^27 90 /353X/</line></par>
</text>
</block>
<block><region><rect/></region>
<text>
<par>
<line>OAP 1, schéma de principe 1/2000</line></par>
</text>
</block>
<block><region><rect/></region>
<text>
<par>
<line>PRINCIPES ET CONDITIONS D'AMÉNAGEMENT</line></par>
<par>
<line>- Accès au secteur depuis l'ancien chemin, avec un aménagement concerté de la traversée de la RD</line>
<line>113</line></par>
<par>
<line>- Voie de desserte intérieure permettant de distribuer plusieurs lots ou constructions</line></par>
<par>
<line>- Implantation et orientation des constructions prenant en compte le climat (ouvertures vers le sud-</line>
<line>sud-ouest, selon les courbes de niveau et le tracé de la voie nouvelle).</line></par>
<par>
<line>- Collecte des eaux pluviales avant rejet au milieu naturel (otorrent).</line></par>
<par>
<line>5/ ORIENTATIONS DE PROGRAMME</line></par>
<par>
<line>Programme potentiel pour l'optimisation du foncier : 4 à 5 constructions nouvelles (maisons de 1 ou</line>
<line>plusieurs logements).</line></par>
</text>
</block>
<block><region><rect/></region>
<text>
<par>
<line>6/TRADUCTION RÉGLEMENTAIRE</line></par>
<par>
<line>Zonage : classement en zone AUb, avec COS maximal de 0,70</line></par>
<par>
<line>Volumétrie et hauteurs maximales : règles correspondant à la zone Ub proche, pour permettre une</line>
<line>bonne continuité.</line></par>
</text>
</block>
<block><region><rect/></region>
<text>
<par>
<line>7/ INCIDENCES SUR L'ENVIRONNEMENT</line></par>
<par>
<line>- pas d'incidence notable sur un milieu naturel banal et anthropisé (prairie de fauche), sur une faible</line>
<line>étendue concernée</line></par>
<par>
<line>- optimisation des réseaux dans le projet (raccordement au réseau projeté d'assainissement collectif)</line></par>
<par>
<line>- bonne économie foncière, contribuant à la limitation de la consommation d'espace par</line>
<line>l'urbanisation</line></par>
<par>
<line>- maîtrise nécessaire des rejets d'eaux pluviales.</line></par>
</text>
</block>
<block><region><rect/></region>
<text>
<par>
<line>SAINT-BARTHÉLEMY-DE-SÉCHILIENNE (38220) - PLU - OAP dossier approbation V15/02/2014</line></par>
</text>
</block>
<block><region><rect/></region>
<text>
<par>
<line>8</line></par>
</text>
</block>























<block blockType="Picture" blockName="" l="1722" t="2966" r="1848" b="3056"><region><rect/></region>
</block>
</page>
<page width="2479" height="3508" resolution="300">
<block><region><rect/></region>
<text>
<par>
<line>0AP2 - ZONE AUc, SOUS LE VILLAGE</line></par>
</text>
</block>
<block><region><rect/></region>
<text>
<par>
<line>1/ SITUATION, QUESTIONS, ENJEUX</line></par>
</text>
</block>
<block><region><rect/></region>
<text>
<par/>
</text>
</block>
<block><region><rect/></region>
<text>
<par>
<line>r</line></par>
</text>
</block>
<block><region><rect/></region>
<text>
<par/>
</text>
</block>
<block><region><rect/></region>
<text>
<par/>
</text>
</block>
<block><region><rect/></region>
<text>
<par/>
</text>
</block>
<block><region><rect/></region>
<text>
<par/>
</text>
</block>
<block><region><rect/></region>
<text>
<par/>
</text>
</block>
<block><region><rect/></region>
<text>
<par>
<line>4U</line></par>
</text>
</block>
<block><region><rect/></region>
<text>
<par>
<line>1t»</line></par>
</text>
</block>
<block><region><rect/></region>
<text>
<par>
<line>4U</line></par>
</text>
</block>
<block><region><rect/></region>
<text>
<par>
<line>r</line></par>
</text>
</block>
<block><region><rect/></region>
<text>
<par>
<line>r</line></par>
</text>
</block>
<block><region><rect/></region>
<text>
<par>
<line>êt</line></par>
</text>
</block>
<block><region><rect/></region>
<text>
<par>
<line>412</line></par>
</text>
</block>
<block><region><rect/></region>
<text>
<par/>
</text>
</block>
<block><region><rect/></region>
<text>
<par>
<line>4SI</line></par>
</text>
</block>
<block><region><rect/></region>
<text>
<par>
<line>¥</line></par>
</text>
</block>
<block><region><rect/></region>
<text>
<par/>
</text>
</block>
<block><region><rect/></region>
<text>
<par/>
</text>
</block>
<block><region><rect/></region>
<text>
<par>
<line>4f0</line></par>
</text>
</block>
<block><region><rect/></region>
<text>
<par>
<line>é</line></par>
</text>
</block>
<block><region><rect/></region>
<text>
<par>
<line>If</line></par>
</text>
</block>
<block><region><rect/></region>
<text>
<par/>
</text>
</block>
<block><region><rect/></region>
<text>
<par>
<line>I4t</line></par>
</text>
</block>
<block><region><rect/></region>
<text>
<par>
<line>0</line></par>
</text>
</block>
<block><region><rect/></region>
<text>
<par>
<line>%</line></par>
</text>
</block>
<block><region><rect/></region>
<text>
<par/>
</text>
</block>
<block><region><rect/></region>
<text>
<par/>
</text>
</block>
<block><region><rect/></region>
<text>
<par/>
</text>
</block>
<block><region><rect/></region>
<text>
<par>
<line>Z4f</line></par>
</text>
</block>
<block><region><rect/></region>
<text>
<par/>
</text>
</block>
<block><region><rect/></region>
<text>
<par/>
</text>
</block>
<block><region><rect/></region>
<text>
<par/>
</text>
</block>
<block><region><rect/></region>
<text>
<par>
<line>«</line></par>
</text>
</block>
<block><region><rect/></region>
<text>
<par>
<line>0</line></par>
</text>
</block>
<block><region><rect/></region>
<text>
<par>
<line>y</line></par>
</text>
</block>
<block><region><rect/></region>
<text>
<par>
<line>SM</line></par>
</text>
</block>
<block><region><rect/></region>
<text>
<par>
<line>X</line></par>
</text>
</block>
<block><region><rect/></region>
<text>
<par/>
</text>
</block>
<block><region><rect/></region>
<text>
<par>
<line>f.</line></par>
</text>
</block>
<block><region><rect/></region>
<text>
<par>
<line>m</line></par>
</text>
</block>
<block><region><rect/></region>
<text>
<par/>
</text>
</block>
<block><region><rect/></region>
<text>
<par>
<line>r</line></par>
</text>
</block>
<block><region><rect/></region>
<text>
<par/>
</text>
</block>
<block><region><rect/></region>
<text>
<par>
<line>sn</line></par>
</text>
</block>
<block><region><rect/></region>
<text>
<par>
<line>2sr</line></par>
</text>
</block>
<block><region><rect/></region>
<text>
<par>
<line>i</line></par>
</text>
</block>
<block><region><rect/></region>
<text>
<par/>
</text>
</block>
<block><region><rect/></region>
<text>
<par/>
</text>
</block>
<block><region><rect/></region>
<text>
<par>
<line>*</line></par>
</text>
</block>
<block><region><rect/></region>
<text>
<par>
<line>Mf</line></par>
</text>
</block>
<block><region><rect/></region>
<text>
<par>
<line>OAP 2 : situation, photo aérienne et cadastre 1/2000 - source geoportail.fr</line></par>
</text>
</block>
<block><region><rect/></region>
<text>
<par>
<line>L'OAP 2 correspond à un secteur non bâti situé en aval du village, au-dessous de la RD 113, formé de</line>
<line>plusieurs parties :</line></par>
<par>
<line>- en amont, un terrain partiellement constructible en contrebas de la RD ;</line></par>
<par>
<line>- en aval, un vaste terrain en limite de la zone agricole.</line></par>
<par>
<line>Entre ces 2 parties se trouve une ancienne micro-centrale, propriété de la commune</line>
<line>Surface concernée : 0,8 ha</line></par>
</text>
</block>
<block><region><rect/></region>
<text>
<par>
<line>Risques naturels : la partie aval au droit de la micro-centrale est située en limite du torrent où une</line>
<line>marge de 20 m par rapport à l'axe du torrent est inconstructible/</line></par>
<par>
<line>Les terrains sont situés en secteur d'aléa faible de glissement de terrain (G1) où l'infiltration des eaux</line>
<line>(usées ou pluviales) est interdite.</line></par>
<par>
<line>La partie amont du site est située en secteur l'aléa faible de ruissellement de versant (V1)</line></par>
<par>
<line>Les enjeux de ce secteur sont les suivants :</line></par>
<par>
<line>- difficultés d'accès depuis la RD 113 : aussi bien en aval qu'en amont, les 2 accès possibles sont</line>
<line>délicats et nécessitent un projet concerté;</line></par>
<par>
<line>- relation entre les deux parties du secteur : avec la possibilité d'accéder à l'ancienne micro-centrale ;</line></par>
</text>
</block>
<block><region><rect/></region>
<text>
<par>
<line>SAINT-BARTHELEMY-DE-SECHILIENNE (38220) - PLU - OAP dossier approbation V15/02/2014</line></par>
</text>
</block>
<block><region><rect/></region>
<text>
<par>
<line>9</line></par>
</text>
</block>











<block blockType="Picture" blockName="" l="1193" t="2055" r="1283" b="2117"><region><rect/></region>
</block>
</page>
<page width="3562" height="5040" resolution="431">
<block><region><rect/></region>
<text>
<par>
<line>- sensibilité paysagère et environnementale : pas de valeur particulière des boisements qui ont</line>
<line>envahi spontanément le haut du secteur, mais mise en valeur possible des anciens tracés des canaux</line>
<line>et fossés qui évacuaient les eaux et les conduisaient à la micro-centrale. Prise en compte, dans la</line>
<line>partie haute, des problèmes de ruissellement autrefois contrôlés mais générés par un maque</line>
<line>d'entretien des fossés.</line></par>
</text>
</block>
<block><region><rect/></region>
<text>
<par/>
</text>
</block>
<block><region><rect/></region>
<text>
<par>
<line>m</line></par>
</text>
</block>
<block><region><rect/></region>
<text>
<par>
<line>■«</line></par>
</text>
</block>
<block><region><rect/></region>
<text>
<par>
<line>i</line></par>
</text>
</block>
<block><region><rect/></region>
<text>
<par/>
</text>
</block>
<block><region><rect/></region>
<text>
<par>
<line>yjec</line></par>
</text>
</block>
<block><region><rect/></region>
<text>
<par>
<line>vue aérienne oblique sur le secteur</line></par>
<par>
<line>On distingue la partie haute, très boisée (mais boisements spontanées sans valeur particulière, qui</line>
<line>ont tendance à étouffer les constructions proches), et la partie aval (prairies en longueur).</line></par>
</text>
</block>
<block><region><rect/></region>
<text>
<par/>
</text>
</block>
<block><region><rect/></region>
<text>
<par/>
</text>
</block>
<block><region><rect/></region>
<text>
<par/>
</text>
</block>
<block><region><rect/></region>
<text>
<par/>
</text>
</block>
<block><region><rect/></region>
<text>
<par/>
</text>
</block>
<block><region><rect/></region>
<text>
<par/>
</text>
</block>
<block><region><rect/></region>
<text>
<par/>
</text>
</block>
<block><region><rect/></region>
<text>
<par>
<line>K</line></par>
</text>
</block>
<block><region><rect/></region>
<text>
<par/>
</text>
</block>
<block><region><rect/></region>
<text>
<par/>
</text>
</block>
<block><region><rect/></region>
<text>
<par/>
</text>
</block>
<block><region><rect/></region>
<text>
<par>
<line>zîm</line></par>
</text>
</block>
<block><region><rect/></region>
<text>
<par/>
</text>
</block>
<block><region><rect/></region>
<text>
<par/>
</text>
</block>
<block><region><rect/></region>
<text>
<par/>
</text>
</block>
<block><region><rect/></region>
<text>
<par/>
</text>
</block>
<block><region><rect/></region>
<text>
<par/>
</text>
</block>
<block><region><rect/></region>
<text>
<par/>
</text>
</block>
<block><region><rect/></region>
<text>
<par/>
</text>
</block>
<block><region><rect/></region>
<text>
<par/>
</text>
</block>
<block><region><rect/></region>
<text>
<par/>
</text>
</block>
<block><region><rect/></region>
<text>
<par/>
</text>
</block>
<block><region><rect/></region>
<text>
<par/>
</text>
</block>
<block><region><rect/></region>
<text>
<par>
<line>m</line></par>
</text>
</block>
<block><region><rect/></region>
<text>
<par>
<line>SAINT-BARTHÉLEMY-DE-SÉCHILIENNE (38220) - PLU - OAP dossier approbation V15/02/2014</line></par>
</text>
</block>
<block><region><rect/></region>
<text>
<par>
<line>10</line></par>
</text>
</block>




<block blockType="Picture" blockName="" l="592" t="3326" r="792" b="3384"><region><rect/></region>
</block>
</page>
<page width="2479" height="3508" resolution="300">
<block><region><rect/></region>
<text>
<par>
<line>à l'intérieur du secteur : l'ancienne micro-centrale, en articulation entre le haut et la bas ; la bande</line>
<line>de terrain avec l'ancien fossé descendant de la RD 113 à la micro-centrale</line></par>
</text>
</block>
<block><region><rect/></region>
<text>
<par>
<line>Le cœur du secteur est actuellement enfoui dans une végétation non maîtrisée. Le tracé des anciens</line>
<line>fossé ou biefs représente un atout paysager à mettre en valeur.</line></par>
</text>
</block>
<block><region><rect/></region>
<text>
<par>
<line>BART</line></par>
</text>
</block>
<block><region><rect/></region>
<text>
<par>
<line>PtNE</line></par>
</text>
</block>
<block><region><rect/></region>
<text>
<par/>
</text>
</block>
<block><region><rect/></region>
<text>
<par/>
</text>
</block>
<block><region><rect/></region>
<text>
<par/>
</text>
</block>
<block><region><rect/></region>
<text>
<par/>
</text>
</block>
<block><region><rect/></region>
<text>
<par/>
</text>
</block>
<block><region><rect/></region>
<text>
<par/>
</text>
</block>
<block><region><rect/></region>
<text>
<par>
<line>rstÆ</line></par>
</text>
</block>
<block><region><rect/></region>
<text>
<par/>
</text>
</block>
<block><region><rect/></region>
<text>
<par/>
</text>
</block>
<block><region><rect/></region>
<text>
<par>
<line>... ^</line></par>
</text>
</block>
<block><region><rect/></region>
<text>
<par>
<line>croisement de Tancien chemin et de la RD 113 en aval du secteur</line></par>
<par>
<line>L'indication du panneau d'agglomération est peu crédible, et un virage descendant à droite masque</line>
<line>la visibilité d'un débouché éventuel de la zone.</line></par>
</text>
</block>
<block><region><rect/></region>
<text>
<par>
<line>2/ OBJECTIFS</line></par>
<par>
<line>- AMÉNAGER les traversées de la RD 113 et les accès au secteur en aval et en amont</line></par>
<par>
<line>- DENSIFIER un secteur stratégique qui se trouve en zone d'assainissement collectif, à proximité du</line>
<line>village ;</line></par>
<par>
<line>- DIVERSIFIER les formes d'habitat, pour une meilleure continuité avec l'urbanisation existante.</line></par>
</text>
</block>
<block><region><rect/></region>
<text>
<par>
<line>3/ HYPOTHÈSES</line></par>
<par>
<line>Réfection des réseaux pris en charge par les collectivités publiques :</line></par>
<par>
<line>- rénovation prévue des réseaux EU et AEP dans l'ancien chemin,</line></par>
<par>
<line>- enfouissement des réseaux électriques.</line></par>
<par>
<line>Aménagement des croisements à réaliser, en relation avec le Conseil général (compétent pour la RD</line>
<line>113) et les constructeurs ou aménageurs du secteur.</line></par>
</text>
</block>
<block><region><rect/></region>
<text>
<par>
<line>SAINT-BARTHELEMY-DE-SECHILIENNE (38220) - PLU - OAP dossier approbation V15/02/2014</line></par>
</text>
</block>
<block><region><rect/></region>
<text>
<par>
<line>11</line></par>
</text>
</block>




<block blockType="Picture" blockName="" l="548" t="838" r="603" b="919"><region><rect/></region>
</block>
</page>
<page width="4958" height="7017" resolution="600">
<block><region><rect/></region>
<text>
<par>
<line>4/ PRINCIPES ET CONDITIONS D'AMÉNAGEMENT</line></par>
</text>
</block>
<block><region><rect/><rect/><rect/></region>
<text>
<par>
<line>LÉGENDE ^</line></par>
<par>
<line>Périmètre de l'OAP</line></par>
<par>
<line>^■■■■■iAccès et desserte à aménager \&gt;^</line></par>
<par>
<line>Cheminements doux à aménager</line>
<line>I Foncier valorisable</line></par>
</text>
</block>
<block><region><rect/></region>
<text>
<par/>
</text>
</block>
<block><region><rect/></region>
<text>
<par>
<line>313</line></par>
</text>
</block>
<block><region><rect/></region>
<text>
<par>
<line>417</line></par>
</text>
</block>
<block><region><rect/></region>
<text>
<par>
<line>Bâti potentiel,</line>
<line>principes d'implantation</line></par>
</text>
</block>
<block><region><rect/></region>
<text>
<par/>
</text>
</block>
<block><region><rect/></region>
<text>
<par>
<line>299</line></par>
</text>
</block>
<block><region><rect/></region>
<text>
<par>
<line>I</line></par>
</text>
</block>
<block><region><rect/></region>
<text>
<par>
<line>415</line></par>
</text>
</block>
<block><region><rect/></region>
<text>
<par>
<line>O</line></par>
</text>
</block>
<block><region><rect/></region>
<text>
<par>
<line>89</line></par>
</text>
</block>
<block><region><rect/></region>
<text>
<par>
<line>16</line></par>
</text>
</block>
<block><region><rect/></region>
<text>
<par>
<line>45</line></par>
</text>
</block>
<block><region><rect/></region>
<text>
<par>
<line>305</line></par>
</text>
</block>
<block><region><rect/></region>
<text>
<par>
<line>451</line></par>
</text>
</block>
<block><region><rect/></region>
<text>
<par>
<line>&lt;5^</line></par>
</text>
</block>
<block><region><rect/></region>
<text>
<par/>
</text>
</block>
<block><region><rect/></region>
<text>
<par/>
</text>
</block>
<block><region><rect/></region>
<text>
<par>
<line>O</line></par>
</text>
</block>
<block><region><rect/></region>
<text>
<par>
<line>87</line></par>
</text>
</block>
<block><region><rect/></region>
<text>
<par>
<line>142</line></par>
</text>
</block>
<block><region><rect/></region>
<text>
<par>
<line>450</line></par>
</text>
</block>
<block><region><rect/></region>
<text>
<par/>
</text>
</block>
<block><region><rect/></region>
<text>
<par/>
</text>
</block>
<block><region><rect/></region>
<text>
<par>
<line>28</line></par>
</text>
</block>
<block><region><rect/></region>
<text>
<par/>
</text>
</block>
<block><region><rect/></region>
<text>
<par>
<line>0</line></par>
</text>
</block>
<block><region><rect/></region>
<text>
<par>
<line>55</line></par>
</text>
</block>
<block><region><rect/></region>
<text>
<par>
<line>50</line></par>
</text>
</block>
<block><region><rect/></region>
<text>
<par/>
</text>
</block>
<block><region><rect/></region>
<text>
<par/>
</text>
</block>
<block><region><rect/></region>
<text>
<par>
<line>245</line></par>
</text>
</block>
<block><region><rect/></region>
<text>
<par/>
</text>
</block>
<block><region><rect/></region>
<text>
<par>
<line>246</line></par>
</text>
</block>
<block><region><rect/></region>
<text>
<par>
<line>344</line></par>
</text>
</block>
<block><region><rect/></region>
<text>
<par>
<line>40</line></par>
</text>
</block>
<block><region><rect/></region>
<text>
<par>
<line>71</line></par>
</text>
</block>
<block><region><rect/></region>
<text>
<par>
<line>304</line></par>
</text>
</block>
<block><region><rect/></region>
<text>
<par>
<line>34</line></par>
</text>
</block>
<block><region><rect/></region>
<text>
<par>
<line>OAP 2, schéma 1/2000</line></par>
</text>
</block>
<block><region><rect/></region>
<text>
<par>
<line>PRINCIPES ET CONDITIONS D'AMÉNAGEMENT</line></par>
<par>
<line>- Accès haut au secteur depuis la RD 113, avec un aménagement de la traversée de la RD 113</line></par>
<par>
<line>- Accès bas au secteur par une voie nouvelle rabattue sur l'ancien chemin, et non directement sur la</line>
<line>RD, avec un aménagement de la traversée de la RD 113</line></par>
<par>
<line>- Voie de desserte intérieure permettant de distribuer plusieurs lots ou constructions, et d'accéder à</line>
<line>l'ancienne micro-centrale</line></par>
<par>
<line>- Chemin pour les modes « doux » depuis la RD 113, sur la parcelle 318 (appartenant à la commune)</line></par>
<par>
<line>- Implantation et orientation des constructions prenant en compte le climat (ouvertures vers le sud</line>
<line>ou le sud-ouest, selon les courbes de niveau et le tracé des voies).</line></par>
<par>
<line>- Possibilité de réaliser l'aménagement en 2 phases indépendantes (sans hiérarchie dans le temps),</line>
<line>amont et aval.</line></par>
<par>
<line>5/ ORIENTATIONS DE PROGRAMME</line></par>
<par>
<line>Programme potentiel pour l'optimisation du foncier :</line></par>
<par>
<line>- en amont : 4 à 6 logements constructions nouvelles (maisons de 1 ou plusieurs logements).</line></par>
<par>
<line>6/TRADUCTION RÉGLEMENTAIRE</line></par>
<par>
<line>Zonage :</line></par>
<par>
<line>- partie haute : classement en zone Ub, avec COS maximal de 0,70, e</line></par>
<par>
<line>- partie basse : classement en zone AUc, avec COS maximal de 0,35, pour optimisation du foncier et</line>
<line>des infrastructures.</line></par>
<par>
<line>Volumétrie et hauteurs maximales : règles correspondant à l'environnement proche, pour permettre</line>
<line>une bonne continuité.</line></par>
</text>
</block>
<block><region><rect/></region>
<text>
<par>
<line>SAINT-BARTHÉLEMY-DE-SÉCHILIENNE (38220) - PLU - OAP dossier approbation V15/02/2014</line></par>
</text>
</block>
<block><region><rect/></region>
<text>
<par>
<line>12</line></par>
</text>
</block>
















</page>
<page width="2479" height="3508" resolution="300">
<block><region><rect/></region>
<text>
<par>
<line>Il INCIDENCES SUR L'ENVIRONNEMENT</line></par>
<par>
<line>- pas d'incidence notable sur un milieu naturel banal (prairie et ancien verger en aval) ou</line>
<line>problématique (friches, boisement spontané trop proches d'habitation) ; les étendues concernées</line>
<line>restent très faibles</line></par>
<par>
<line>- intégration des risques naturels (risque faible de ruissellement de versant sur une partie du secteur)</line>
<line>et de la gestion de l'eau (eaux pluviales, eaux de ruissellement, anciens fossés et biefs) dans le projet</line></par>
<par>
<line>- optimisation des réseaux dans le projet (raccordement au réseau projeté d'assainissement collectif)</line></par>
<par>
<line>- bonne économie foncière, contribuant à la limitation de la consommation d'espace par</line>
<line>l'urbanisation.</line></par>
<par>
<line>- maîtrise nécessaire des eaux pluviales (collecte sans infiltration) et drainage éventuel des terrains.</line></par>
</text>
</block>
<block><region><rect/></region>
<text>
<par>
<line>SAINT-BARTHELEMY-DE-SECHILIENNE (38220) - PLU - OAP dossier approbation V15/02/2014</line></par>
</text>
</block>
<block><region><rect/></region>
<text>
<par>
<line>13</line></par>
</text>
</block>
</page>
<page width="2479" height="3508" resolution="300">
<block><region><rect/></region>
<text>
<par>
<line>OAP3 - ZONE AUi de PERROSSIER</line></par>
</text>
</block>
<block><region><rect/></region>
<text>
<par>
<line>1/ SITUATION, QUESTIONS, ENJEUX</line></par>
</text>
</block>
<block><region><rect/></region>
<text>
<par>
<line>113</line></par>
</text>
</block>
<block><region><rect/></region>
<text>
<par/>
</text>
</block>
<block><region><rect/></region>
<text>
<par/>
</text>
</block>
<block><region><rect/></region>
<text>
<par>
<line>mi’</line></par>
</text>
</block>
<block><region><rect/></region>
<text>
<par>
<line>ti&lt;</line></par>
</text>
</block>
<block><region><rect/></region>
<text>
<par/>
</text>
</block>
<block><region><rect/></region>
<text>
<par>
<line>m</line></par>
</text>
</block>
<block><region><rect/></region>
<text>
<par/>
</text>
</block>
<block><region><rect/></region>
<text>
<par>
<line>m</line></par>
</text>
</block>
<block><region><rect/></region>
<text>
<par/>
</text>
</block>
<block><region><rect/></region>
<text>
<par/>
</text>
</block>
<block><region><rect/></region>
<text>
<par>
<line>s</line></par>
</text>
</block>
<block><region><rect/></region>
<text>
<par>
<line>m</line></par>
</text>
</block>
<block><region><rect/></region>
<text>
<par>
<line>m</line></par>
</text>
</block>
<block><region><rect/></region>
<text>
<par/>
</text>
</block>
<block><region><rect/></region>
<text>
<par>
<line>m</line></par>
</text>
</block>
<block><region><rect/></region>
<text>
<par>
<line>443</line></par>
</text>
</block>
<block><region><rect/></region>
<text>
<par>
<line>i*.</line></par>
</text>
</block>
<block><region><rect/></region>
<text>
<par>
<line>ni</line></par>
</text>
</block>
<block><region><rect/></region>
<text>
<par/>
</text>
</block>
<block><region><rect/></region>
<text>
<par>
<line>m</line></par>
</text>
</block>
<block><region><rect/></region>
<text>
<par/>
</text>
</block>
<block><region><rect/></region>
<text>
<par/>
</text>
</block>
<block><region><rect/></region>
<text>
<par/>
</text>
</block>
<block><region><rect/></region>
<text>
<par>
<line>1&lt;7</line></par>
</text>
</block>
<block><region><rect/></region>
<text>
<par/>
</text>
</block>
<block><region><rect/></region>
<text>
<par/>
</text>
</block>
<block><region><rect/></region>
<text>
<par>
<line>MO</line></par>
</text>
</block>
<block><region><rect/></region>
<text>
<par>
<line>■d</line></par>
</text>
</block>
<block><region><rect/></region>
<text>
<par>
<line>n^</line></par>
</text>
</block>
<block><region><rect/></region>
<text>
<par>
<line>0 I</line></par>
</text>
</block>
<block><region><rect/></region>
<text>
<par>
<line>I 50 m</line></par>
</text>
</block>
<block><region><rect/></region>
<text>
<par>
<line>OAP 3 : situation, photo aérienne et cadastre 1/2000 - source geoportail.fr</line></par>
</text>
</block>
<block><region><rect/></region>
<text>
<par>
<line>L'OAP 3 correspond à un secteur non bâti situé en aval de l'agglomération, au-dessous de la RD 113,</line>
<line>en continuité d'un petit groupe de constructions anciennes (à l'ouest), qui couvre une partie de la</line>
<line>zone AUi.</line></par>
<par>
<line>À l'est de ce secteur se trouve une ancienne scierie actuellement à l'arrêt, mais qui pourrait être</line>
<line>remise en activité (comme scierie ou pout tout autre type d'activités).</line></par>
<par>
<line>Surface concernée : 0,8 ha</line></par>
</text>
</block>
<block><region><rect/></region>
<text>
<par>
<line>Risques naturels : la partie aval à, l'est du secteur, est située en limite du torrent où ne marge de</line>
<line>20 m par rapport à l'axe d'écoulement est inconstructible.</line></par>
<par>
<line>L'ensemble des parcelles est situé en secteur d'aléa faible de glissement de terrain (G1) où</line>
<line>l'infiltration des eaux (usées ou pluviales) est interdite.</line></par>
</text>
</block>
<block><region><rect/></region>
<text>
<par>
<line>Les enjeux de ce secteur sont les suivants :</line></par>
<par>
<line>- opportunité de développement d'une petite zone d'activités, sur un terrain peu utilisé par</line>
<line>l'agriculture, sans nuisances pour l'environnement habité ;</line></par>
<par>
<line>- facilité d'accès depuis la RD 113 :</line></par>
</text>
</block>
<block><region><rect/></region>
<text>
<par>
<line>SAINT-BARTHÉLEMY-DE-SÉCHILIENNE (38220) - PLU - OAP dossier approbation V15/02/2014 14</line></par>
</text>
</block>






</page>
<page width="2479" height="3508" resolution="300">
<block><region><rect/></region>
<text>
<par>
<line>- sensibilité aux risques naturels : les parties de terrains proches du torrent sont soumis à un aléa fort</line>
<line>de débordement torrentiel.</line></par>
</text>
</block>
<block><region><rect/></region>
<text>
<par>
<line>l</line></par>
</text>
</block>
<block><region><rect/></region>
<text>
<par>
<line>secteur de Perrossier, vue aérienne vers le nord</line></par>
</text>
</block>
<block><region><rect/></region>
<text>
<par>
<line>K</line></par>
</text>
</block>
<block><region><rect/></region>
<text>
<par>
<line>m</line></par>
</text>
</block>
<block><region><rect/></region>
<text>
<par/>
</text>
</block>
<block><region><rect/></region>
<text>
<par/>
</text>
</block>
<block><region><rect/></region>
<text>
<par/>
</text>
</block>
<block><region><rect/></region>
<text>
<par>
<line>A</line></par>
</text>
</block>
<block><region><rect/></region>
<text>
<par/>
</text>
</block>
<block><region><rect/></region>
<text>
<par>
<line>secteur de Perrossier, vue aérienne vers le nord</line></par>
</text>
</block>
<block><region><rect/></region>
<text>
<par>
<line>rJHiT</line></par>
</text>
</block>
<block><region><rect/></region>
<text>
<par/>
</text>
</block>
<block><region><rect/></region>
<text>
<par/>
</text>
</block>
<block><region><rect/></region>
<text>
<par>
<line>WA</line></par>
</text>
</block>
<block><region><rect/></region>
<text>
<par/>
</text>
</block>
<block><region><rect/></region>
<text>
<par/>
</text>
</block>
<block><region><rect/></region>
<text>
<par>
<line>secteur de Perrossier, vue depuis le relais de Belle Lauze (vers l'ouest)</line>
<line>SAINT-BARTHÉLEMY-DE-SÉCHILIENNE (38220) - PLU - OAP dossier approbation V15/02/2014</line></par>
</text>
</block>
<block><region><rect/></region>
<text>
<par>
<line>15</line></par>
</text>
</block>


<block blockType="Picture" blockName="" l="1329" t="778" r="1455" b="818"><region><rect/></region>
</block>
</page>
<page width="4958" height="7017" resolution="600">
<block><region><rect/></region>
<text>
<par>
<line>Le secteur de l'OAP 3 est à la fois en continuité de l'existant et relativement isolé, en limite de</line>
<line>territoire agricole (zone boisée au nord) et sans nuisances pour les habitations proches (à l'ouest).</line></par>
<par>
<line>2/ OBJECTIFS</line></par>
<par>
<line>- DÉVELOPPER un nouveau secteur d'activités artisanales, à partir de l'ancienne scierie existante</line></par>
<par>
<line>- STRUCTURER la zone d'activités à partir d'un accès unique sur la RD 113 et d'une desserte interne</line></par>
<par>
<line>- PRENDRE EN COMPTE les risques naturels (débordements torrentiels) dans l'aménagement de la</line>
<line>zone</line></par>
<par>
<line>- INTÉGRER le nouveau réseau d'assainissement collectif dans l'aménagement de la zone</line></par>
<par>
<line>- OPTIMISER la zone (foncier et infrastructures)par une densité de constructions élevée.</line></par>
</text>
</block>
<block><region><rect/></region>
<text>
<par>
<line>3/ HYPOTHÈSES</line></par>
<par>
<line>Réalisation du nouveau réseau d'assainissement collectif permettant la desserte de la zone</line>
<line>Aménagement des croisements à réaliser, en relation avec le Conseil général (compétent pour la RD</line>
<line>113) et les constructeurs ou aménageurs du secteur.</line></par>
</text>
</block>
<block><region><rect/></region>
<text>
<par>
<line>4/ PRINCIPES ET CONDITIONS D'AMÉNAGEMENT</line></par>
</text>
</block>
<block><region><rect/></region>
<text>
<par>
<line>111</line></par>
</text>
</block>
<block><region><rect/></region>
<text>
<par>
<line>122</line></par>
</text>
</block>
<block><region><rect/></region>
<text>
<par>
<line>163</line></par>
</text>
</block>
<block><region><rect/></region>
<text>
<par>
<line>24</line></par>
</text>
</block>
<block><region><rect/></region>
<text>
<par>
<line>447</line></par>
</text>
</block>
<block><region><rect/></region>
<text>
<par>
<line>126</line></par>
</text>
</block>
<block><region><rect/></region>
<text>
<par/>
</text>
</block>
<block><region><rect/></region>
<text>
<par>
<line>44</line></par>
</text>
</block>
<block><region><rect/></region>
<text>
<par>
<line>44</line></par>
</text>
</block>
<block><region><rect/></region>
<text>
<par>
<line>161</line></par>
</text>
</block>
<block><region><rect/></region>
<text>
<par>
<line>LEGENDE</line></par>
</text>
</block>
<block><region><rect/></region>
<text>
<par>
<line>258</line></par>
</text>
</block>
<block><region><rect/></region>
<text>
<par>
<line>9Rn</line></par>
</text>
</block>
<block><region><rect/></region>
<text>
<par/>
</text>
</block>
<block><region><rect/><rect/><rect/></region>
<text>
<par>
<line>OAP 3, schéma 1/2000</line></par>
</text>
</block>
<block><region><rect/><rect/></region>
<text>
<par>
<line>Périmètre de TOAP</line>
<line>Accès et desserte à aménager</line>
<line>Foncier valorisable</line></par>
<par>
<line>Aménagement lié aux</line>
<line>risques naturels</line>
<line>MM |Mii| Bâti potentiel;</line></par>
<par>
<line>• •• I principes d'implantation</line></par>
</text>
</block>
<block><region><rect/></region>
<text>
<par>
<line>PRINCIPES ET CONDITIONS D'AMÉNAGEMENT</line></par>
<par>
<line>- Accès unique depuis la RD 113. avec une bonne visibilité (sécurité routière)</line></par>
<par>
<line>- Voie de desserte intérieure permettant de distribuer plusieurs lots ou constructions</line></par>
<par>
<line>- Pas de constructions aux abords du torrent (possibilité d'un aménagement collectif)</line></par>
<par>
<line>- Implantation et orientation des constructions prenant en compte le climat (ouvertures possibles</line>
<line>vers le sud) et le tracé des voies (autour de la voie nouvelle, faible impact depuis la RD 113</line></par>
</text>
</block>
<block><region><rect/></region>
<text>
<par>
<line>5/ ORIENTATIONS DE PROGRAMME</line></par>
<par>
<line>Programme potentiel pour l'optimisation du foncier : 4 à 5 lots</line></par>
</text>
<text>
<par>
<line>SAINT-BARTHÉLEMY-DE-SÉCHILIENNE (38220) - PLU - OAP dossier approbation V15/02/2014</line></par>
</text>
</block>
<block><region><rect/></region>
<text>
<par>
<line>16</line></par>
</text>
</block>















</page>
<page width="2479" height="3508" resolution="300">
<block><region><rect/></region>
<text>
<par>
<line>(en plus de l'ancienne scierie, non concernée par l'OAP)</line></par>
</text>
</block>
<block><region><rect/></region>
<text>
<par>
<line>6/ TRADUCTION RÉGLEMENTAIRE</line></par>
<par>
<line>Zonage : classement en zone AUi,</line></par>
<par>
<line>Volumétrie, hauteurs maximales, aspect des constructions : règles correspondant à une densification</line>
<line>optimale de la zone, sans impact paysager important.</line></par>
</text>
</block>
<block><region><rect/></region>
<text>
<par>
<line>7/ INCIDENCES SUR L'ENVIRONNEMENT</line></par>
<par>
<line>- pas d'incidence notable sur un milieu naturel banal et anthropisé (pâture à chevaux), sur une faible</line>
<line>étendue concernée</line></par>
<par>
<line>- intégration des risques naturels (débordement torrentiel en limite du torrent) et de la gestion des</line>
<line>eaux pluviales dans le projet</line></par>
<par>
<line>- optimisation des réseaux dans le projet (raccordement au réseau projeté d'assainissement collectif)</line></par>
<par>
<line>- bonne économie foncière, contribuant à la limitation de la consommation d'espace par</line>
<line>l'urbanisation</line></par>
<par>
<line>- obligation de collecte des eaux pluviales avant rejet au milieu naturel.</line></par>
</text>
</block>
<block><region><rect/></region>
<text>
<par>
<line>SAINT-BARTHELEMY-DE-SECHILIENNE (38220) - PLU - OAP dossier approbation V15/02/2014</line></par>
</text>
</block>
<block><region><rect/></region>
<text>
<par>
<line>17</line></par>
</text>
</block>


</page>
</OAP>