<?xml version="1.0" encoding="UTF-8"?><OAP>
<page width="2475" height="3500" resolution="300">
<block><region><rect/></region>
<text>
<par>
<line>Pièce n°3</line></par>
</text>
</block>
<block><region><rect/></region>
<text>
<par>
<line>sQ)</line></par>
</text>
</block>
<block><region><rect/></region>
<text>
<par>
<line>O</line></par>
<par>
<line>DÛ</line></par>
<par>
<line>OJ</line></par>
<par>
<line>■a</line></par>
<par>
<line>QJ</line></par>
<par>
<line>£</line></par>
<par>
<line>LO</line></par>
</text>
</block>
<block><region><rect/></region>
<text>
<par>
<line>c</line></par>
<par>
<line>O</line></par>
<par>
<line>'■4-&gt;</line></par>
<par>
<line>CD</line></par>
<par>
<line>O</line></par>
<par>
<line>_CD</line></par>
<par>
<line>LU</line></par>
</text>
</block>
<block><region><rect/></region>
<text>
<par>
<line>fD</line></par>
</text>
</block>
<block><region><rect/></region>
<text>
<par>
<line>3</line></par>
<par>
<line>•n,</line></par>
<par>
<line>■D</line></par>
<par>
<line>"fÜ</line></par>
<par>
<line>U</line></par>
<par>
<line>O</line></par>
</text>
</block>
<block><region><rect/></region>
<text>
<par>
<line>_cp</line></par>
<par>
<line>û.</line></par>
<par>
<line>“D</line></par>
</text>
</block>
<block><region><rect/></region>
<text>
<par>
<line>Orientation</line>
<line>d’Aménagement</line>
<line>et de</line></par>
<par>
<line>Programmation</line></par>
</text>
</block>
<block><region><rect/></region>
<text>
<par>
<line>Approbation</line></par>
</text>
</block>
<block><region><rect/></region>
<text>
<par>
<line>Octobre 2014</line></par>
</text>
</block>
<block><region><rect/></region>
<text>
<par>
<line>UK</line></par>
</text>
</block>
<block><region><rect/></region>
<text>
<par/>
</text>
</block>
<block><region><rect/></region>
<text>
<par>
<line>URBAN'ism - Agence d'UrbanIsme,</line></par>
<par>
<line>Architecture &amp; Paysages</line></par>
<par>
<line>9 rue du Picard - 37140 BOURGUEIL</line></par>
<par>
<line>tél : 02 47 95 57 06</line></par>
<par>
<line>fax : 02 4 7 95 57 16</line></par>
<par>
<line>mai! : contact@urban-ism.fr</line></par>
</text>
</block>
<block><region><rect/><rect/></region>
<text>
<par>
<line>f Vu pour être annexé à la délibération du conseil</line>
<line>municipal du IS octobre 2014,</line></par>
<par>
<line>approuvant l'élaboration du PLU</line></par>
<par>
<line>V/Le Maire,</line></par>
<par>
<line>Monsieur Llamien HENAULT</line></par>
</text>
</block>
<block><region><rect/></region>
<text>
<par/>
</text>
</block>
<block><region><rect/></region>
<text>
<par/>
</text>
</block>
<block><region><rect/></region>
<text>
<par/>
</text>
</block>
<block><region><rect/></region>
<text>
<par/>
</text>
</block>






</page>
<page width="2475" height="3500" resolution="300">
<block><region><rect/></region>
<text orientation="RotatedCounterclockwise">
<par>
<line>Commune de Bourré</line></par>
</text>
</block>
<block><region><rect/><rect/><rect/><rect/></region>
<text>
<par>
<line>ORIENTATION d'AMENAGEMEMT et de PROGRAMMATION</line></par>
<par>
<line>ZAD des Granges Rouges</line></par>
</text>
</block>
<block><region><rect/></region>
<text>
<par>
<line>APPROBATION</line></par>
</text>
</block>
<block><region><rect/></region>
<text>
<par>
<line>Périmètre de l'Orientation d'Aménagement et de Programmation</line>
<line>Zone d'activité occupée</line></par>
<par>
<line>Espace tampon paysager, arboré, à aménager par rapport à l'espace agricole.</line>
<line>Il pourra intégrer les espaces de gestion des eaux de pluie.</line></par>
</text>
</block>
<block><region><rect/></region>
<text>
<par>
<line>Aménagement paysager, constitué partiellement d’arbres de hautes tiges, à réaliser sur 5 à 10 m pour</line>
<line>créer un espace tampon avec la zone agricole et favoriser l'intégration des constructions dans le</line>
<line>paysage</line></par>
</text>
</block>
<block><region><rect/></region>
<text>
<par>
<line>A</line></par>
</text>
</block>
<block><region><rect/><rect/><rect/></region>
<text>
<par>
<line>L'accès se fera depuis le chemin du Poliveau</line></par>
<par>
<line>cBèf</line></par>
</text>
</block>
<block><region><rect/></region>
<text>
<par/>
</text>
</block>
<block><region><rect/></region>
<text>
<par/>
</text>
</block>
<block><region><rect/></region>
<text>
<par>
<line>■À</line></par>
</text>
</block>
<block><region><rect/></region>
<text>
<par>
<line>A</line></par>
</text>
</block>
<block><region><rect/></region>
<text>
<par>
<line>A</line></par>
</text>
</block>
<block><region><rect/></region>
<text>
<par/>
</text>
</block>
<block><region><rect/></region>
<text>
<par>
<line>LL</line></par>
</text>
</block>
<block><region><rect/></region>
<text>
<par/>
</text>
</block>
<block><region><rect/></region>
<text>
<par>
<line>C</line></par>
</text>
</block>
<block><region><rect/></region>
<text>
<par/>
</text>
</block>
<block><region><rect/></region>
<text>
<par/>
</text>
</block>
<block><region><rect/></region>
<text>
<par>
<line>A</line></par>
</text>
</block>
<block><region><rect/></region>
<text>
<par>
<line>•O</line></par>
</text>
</block>
<block><region><rect/></region>
<text>
<par/>
</text>
</block>
<block><region><rect/></region>
<text>
<par/>
</text>
</block>
<block><region><rect/></region>
<text>
<par>
<line>\ nN</line></par>
</text>
</block>
<block><region><rect/></region>
<text>
<par>
<line>A</line></par>
</text>
</block>
<block><region><rect/></region>
<text>
<par>
<line>O,</line></par>
</text>
</block>
<block><region><rect/></region>
<text>
<par>
<line>^ v«r</line></par>
</text>
</block>
<block><region><rect/></region>
<text>
<par/>
</text>
</block>
<block><region><rect/></region>
<text>
<par>
<line>4</line></par>
</text>
</block>
<block><region><rect/></region>
<text>
<par>
<line>L'implantation des constructions sur les parcelles sera finement étudiée, afin d'assurer une orientation la plus</line>
<line>favorable possible aux économies d'énergie, tout en évitant tout systématisme.</line></par>
<par>
<line>La mutualisation des espaces de stationnement, pour les salariés et les visiteurs, sera recherchée.</line></par>
</text>
</block>
<block><region><rect/></region>
<text>
<par/>
</text>
</block>
<block><region><rect/></region>
<text>
<par>
<line>âÛM</line></par>
</text>
</block>






<block blockType="Picture" blockName="" l="343" t="498" r="528" b="572"><region><rect/></region>
</block>
</page>
<page width="2475" height="3500" resolution="300">
<block><region><rect/></region>
<text orientation="RotatedCounterclockwise">
<par>
<line>ORIENTATION d'AMENAGEMENT et de PROGRAMMATION</line>
<line>APPROBATION Secteur de la Gare</line></par>
</text>
</block>
<block><region><rect/></region>
<text>
<par/>
</text>
</block>
<block><region><rect/></region>
<text>
<par/>
</text>
</block>
<block><region><rect/></region>
<text>
<par>
<line>TJ</line></par>
</text>
</block>
<block><region><rect/></region>
<text>
<par>
<line>—tü</line></par>
</text>
</block>
<block><region><rect/></region>
<text>
<par>
<line>â</line></par>
</text>
</block>
<block><region><rect/></region>
<text>
<par>
<line>a. O</line></par>
</text>
</block>
<block><region><rect/></region>
<text>
<par/>
</text>
</block>
<block><region><rect/></region>
<text>
<par/>
</text>
</block>
<block><region><rect/></region>
<text>
<par/>
</text>
</block>
<block><region><rect/></region>
<text>
<par>
<line>"ttk</line></par>
</text>
</block>
<block><region><rect/></region>
<text>
<par>
<line>-ij.</line></par>
</text>
</block>
<block><region><rect/></region>
<text>
<par/>
</text>
</block>
<block><region><rect/></region>
<text>
<par>
<line>et</line></par>
</text>
</block>
<block><region><rect/></region>
<text>
<par>
<line>^ =</line></par>
</text>
</block>
<block><region><rect/></region>
<text>
<par>
<line>fC QJ</line></par>
</text>
</block>
<block><region><rect/></region>
<text>
<par>
<line>C -O</line></par>
</text>
</block>
<block><region><rect/></region>
<text>
<par>
<line>Â.</line></par>
</text>
</block>
<block><region><rect/></region>
<text>
<par/>
</text>
</block>
<block><region><rect/></region>
<text>
<par>
<line>c &lt;</line></par>
</text>
</block>
<block><region><rect/></region>
<text>
<par>
<line>TJ ID</line></par>
</text>
</block>
<block><region><rect/></region>
<text>
<par>
<line>^ &lt;L</line></par>
</text>
</block>
<block><region><rect/></region>
<text>
<par>
<line>!Sz</line></par>
</text>
</block>
<block><region><rect/></region>
<text>
<par>
<line>5. "C</line></par>
</text>
</block>
<block><region><rect/></region>
<text>
<par>
<line>4- TJ</line></par>
</text>
</block>
<block><region><rect/></region>
<text>
<par/>
</text>
</block>
<block><region><rect/></region>
<text>
<par>
<line>t</line></par>
</text>
</block>
<block><region><rect/></region>
<text>
<par>
<line>D ^</line></par>
</text>
</block>
<block><region><rect/></region>
<text>
<par>
<line>/É</line></par>
</text>
</block>
<block><region><rect/></region>
<text>
<par>
<line>C T]</line></par>
</text>
</block>
<block><region><rect/></region>
<text>
<par/>
</text>
</block>
<block><region><rect/></region>
<text>
<par>
<line>!£</line></par>
</text>
</block>
<block><region><rect/></region>
<text>
<par/>
</text>
</block>
<block><region><rect/></region>
<text>
<par>
<line>lUJ</line></par>
</text>
</block>
<block><region><rect/></region>
<text>
<par>
<line>T3 ai</line></par>
</text>
</block>
<block><region><rect/></region>
<text>
<par/>
</text>
</block>
<block><region><rect/></region>
<text>
<par>
<line>I a</line></par>
</text>
</block>
<block><region><rect/></region>
<text>
<par>
<line>te.</line></par>
</text>
</block>
<block><region><rect/></region>
<text>
<par>
<line>'±=,'</line></par>
</text>
</block>
<block><region><rect/></region>
<text>
<par>
<line>lëh</line></par>
</text>
</block>
<block><region><rect/></region>
<text>
<par>
<line>ë</line></par>
</text>
</block>
<block><region><rect/></region>
<text>
<par>
<line>±:</line></par>
</text>
</block>
<block><region><rect/></region>
<text>
<par/>
</text>
</block>
<block><region><rect/></region>
<text>
<par>
<line>■Q I</line></par>
</text>
</block>
<block><region><rect/></region>
<text>
<par/>
</text>
</block>
<block><region><rect/></region>
<text>
<par>
<line>c: *</line></par>
</text>
</block>
<block><region><rect/></region>
<text>
<par/>
</text>
</block>
<block><region><rect/></region>
<text>
<par>
<line>3v</line></par>
</text>
</block>
<block><region><rect/></region>
<text>
<par>
<line>£</line></par>
</text>
</block>
<block><region><rect/></region>
<text>
<par>
<line>C JD</line></par>
</text>
</block>
<block><region><rect/></region>
<text>
<par>
<line>li. CÛ</line></par>
</text>
</block>
<block><region><rect/></region>
<text>
<par>
<line>iE:</line></par>
</text>
</block>
<block><region><rect/></region>
<text>
<par>
<line>«</line></par>
</text>
</block>
<block><region><rect/></region>
<text>
<par>
<line>te</line></par>
</text>
</block>
<block><region><rect/></region>
<text>
<par/>
</text>
</block>
<block><region><rect/></region>
<text>
<par>
<line>i?=</line></par>
</text>
</block>
<block><region><rect/></region>
<text>
<par/>
</text>
</block>
<block><region><rect/></region>
<text>
<par/>
</text>
</block>
<block><region><rect/></region>
<text>
<par>
<line>f</line></par>
</text>
</block>
<block><region><rect/></region>
<text>
<par>
<line>ajjnog ep Buntuiuo^</line></par>
</text>
</block>
<block><region><rect/></region>
<text>
<par>
<line>I</line></par>
</text>
</block>







</page>
</OAP>