<?xml version="1.0" encoding="UTF-8"?><OAP>
<page width="2480" height="3508" resolution="300">
<block><region><rect/></region>
<text>
<par>
<line>Pièce n°3</line></par>
</text>
</block>
<block><region><rect/></region>
<text>
<par>
<line>rü</line></par>
<par>
<line>U</line></par>
</text>
</block>
<block><region><rect/></region>
<text>
<par>
<line>eu</line></par>
<par>
<line>"D</line></par>
<par>
<line>eu</line></par>
</text>
</block>
<block><region><rect/></region>
<text>
<par>
<line>E</line></par>
<par>
<line>LO</line></par>
</text>
</block>
<block><region><rect/></region>
<text>
<par>
<line>CD</line></par>
</text>
</block>
<block><region><rect/></region>
<text>
<par>
<line>Orientations</line>
<line>d'Aménagement</line>
<line>et de</line></par>
<par>
<line>Programmation</line></par>
</text>
</block>
<block><region><rect/></region>
<text>
<par>
<line>Approbation</line></par>
</text>
</block>
<block><region><rect/></region>
<text>
<par>
<line>"D</line></par>
</text>
</block>
<block><region><rect/></region>
<text>
<par>
<line>CD</line></par>
<par>
<line>L_</line></par>
<par>
<line>O</line></par>
<par>
<line>_fD</line></par>
<par>
<line>LU</line></par>
</text>
</block>
<block><region><rect/></region>
<text>
<par>
<line>CD</line></par>
<par>
<line>U</line></par>
</text>
</block>
<block><region><rect/></region>
<text>
<par>
<line>_fD</line></par>
<par>
<line>Û.</line></par>
<par>
<line>"D</line></par>
</text>
</block>
<block><region><rect/></region>
<text>
<par>
<line>UKt&gt;&lt;&lt;K</line></par>
<par>
<line>:5A'-</line></par>
<par>
<line>URBAN'ism - Agence d'Urbanisme,</line>
<line>Architecture &amp; Paysages</line></par>
<par>
<line>9 rue du Picard - 37140 BOURGUEIL</line></par>
<par>
<line>tél : 02 47 95 57 06</line></par>
<par>
<line>fax : 02 47 95 5716</line></par>
<par>
<line>mai! : contact@urban-ism.fr</line></par>
</text>
</block>
<block><region><rect/></region>
<text>
<par>
<line>Vu pour être annexé à la délibération du Conseil</line>
<line>Municipal,</line></par>
<par>
<line>en date du 21 novembre 2014,</line>
<line>approuvant l'élaboration du PLU.</line></par>
<par>
<line>Le Maire,</line></par>
<par>
<line>Jean-Marie JANSSENS</line></par>
</text>
</block>






</page>
<page width="4963" height="3818" resolution="300">
<block><region><rect/></region>
<text orientation="RotatedCounterclockwise">
<par>
<line>Commune de Montrichard</line></par>
</text>
</block>
<block><region><rect/></region>
<text>
<par/>
</text>
</block>
<block><region><rect/></region>
<text>
<par>
<line>0</line></par>
</text>
</block>
<block><region><rect/></region>
<text>
<par>
<line>50 m</line></par>
</text>
</block>
<block><region><rect/></region>
<text>
<par>
<line>ORIENTATION d'AMENAGEMENT et de PROGRAMMATION</line></par>
<par>
<line>Les Epinettes</line></par>
</text>
</block>
<block><region><rect/></region>
<text>
<par/>
</text>
</block>
<block><region><rect/></region>
<text>
<par>
<line>Surface du site : 1,9 ha au total</line></par>
<par>
<line>Nombre minimal de logements : 23 logements</line></par>
<par>
<line>Forme urbaine : Habitat individuel groupé. Habitat individuel pur (lots</line>
<line>libres)</line></par>
<par>
<line>Phasage : Réalisation possible en plusieurs tranches opérationnelles au fur</line>
<line>et à mesure de la réalisation de la voie principale de desserte, sous réserve</line>
<line>d'un schéma d'ensemble cohérent</line></par>
</text>
</block>
<block blockType="Table" blockName="" l="845" t="2324" r="1875" b="3087"><region><rect/></region>
<row>
<cell rightBorder="White" bottomBorder="White" width="296" height="122">
<text>
<par/>
</text></cell>
<cell leftBorder="White" bottomBorder="White" width="734" height="122">
<text>
<par>
<line>Périmètre de l'OAP</line></par>
</text></cell></row>
<row>
<cell topBorder="White" rightBorder="White" bottomBorder="White" width="296" height="158">
<text>
<par/>
</text></cell>
<cell leftBorder="White" topBorder="White" bottomBorder="White" width="734" height="158">
<text>
<par>
<line>Accès principal depuis la rue des</line>
<line>Epinettes</line></par>
</text></cell></row>
<row>
<cell topBorder="White" rightBorder="White" bottomBorder="White" width="296" height="175">
<text>
<par/>
</text></cell>
<cell leftBorder="White" topBorder="White" bottomBorder="White" width="734" height="175">
<text>
<par>
<line>Préserver au moins deux accès</line>
<line>piétons/cycles à la voie</line></par>
<par>
<line>communale n°51</line></par>
</text></cell></row>
<row>
<cell topBorder="White" rightBorder="White" bottomBorder="White" width="296" height="95">
<text>
<par>
<line>— — —</line></par>
</text></cell>
<cell leftBorder="White" topBorder="White" bottomBorder="White" width="734" height="95">
<text>
<par>
<line>Accès automobile individuel interdit</line></par>
</text></cell></row>
<row>
<cell topBorder="White" rightBorder="White" width="296" height="213">
<text>
<par/>
</text></cell>
<cell leftBorder="White" topBorder="White" width="734" height="213">
<text>
<par>
<line>Espace tampon paysager à</line>
<line>aménager avec l'espace rural sur 2 à</line></par>
<par>
<line>4 m</line></par>
</text></cell></row>
</block>
<block><region><rect/></region>
<text>
<par>
<line>262 \</line></par>
</text>
</block>
<block><region><rect/></region>
<text>
<par>
<line>Jes</line></par>
</text>
</block>
<block><region><rect/></region>
<text>
<par/>
</text>
</block>
<block><region><rect/></region>
<text>
<par>
<line>«</line></par>
</text>
</block>
<block><region><rect/></region>
<text>
<par>
<line>e</line></par>
</text>
</block>
<block><region><rect/></region>
<text>
<par/>
</text>
</block>
<block><region><rect/></region>
<text>
<par/>
</text>
</block>
<block><region><rect/></region>
<text>
<par>
<line>à.®</line></par>
</text>
</block>
<block><region><rect/></region>
<text>
<par>
<line>e</line></par>
</text>
</block>
<block><region><rect/></region>
<text>
<par/>
</text>
</block>
<block><region><rect/></region>
<text>
<par/>
</text>
</block>
<block><region><rect/></region>
<text>
<par/>
</text>
</block>
<block><region><rect/></region>
<text>
<par/>
</text>
</block>
<block><region><rect/></region>
<text>
<par/>
</text>
</block>
<block><region><rect/></region>
<text>
<par/>
</text>
</block>
<block><region><rect/></region>
<text>
<par>
<line>K</line></par>
</text>
</block>
<block><region><rect/></region>
<text>
<par/>
</text>
</block>
<block><region><rect/></region>
<text>
<par/>
</text>
</block>
<block><region><rect/></region>
<text>
<par>
<line>-i- -O</line></par>
</text>
</block>
<block><region><rect/></region>
<text>
<par/>
</text>
</block>
<block><region><rect/></region>
<text>
<par/>
</text>
</block>
<block><region><rect/></region>
<text>
<par>
<line>m</line></par>
</text>
</block>
<block><region><rect/></region>
<text>
<par>
<line>''•c:57</line></par>
</text>
</block>
<block><region><rect/></region>
<text>
<par>
<line>SI "</line></par>
</text>
</block>
<block><region><rect/></region>
<text>
<par>
<line>A</line></par>
<par>
<line>t</line></par>
</text>
</block>
<block><region><rect/></region>
<text>
<par>
<line>La desserte principale du secteur se fera depuis la rue des Epinettes. Des</line>
<line>accès secondaires peuvent être prévus, notamment rue du Pontcher. Aucun</line>
<line>accès indivuel ne pourra être aménagé sur la VC n°51 (contrairement à la</line>
<line>rue du Pontcher). Au moins deux connexions piétonnes devront être</line>
<line>conservées entre le coeur du quartier et la VC n°51.</line></par>
<par>
<line>Favoriser une bonne orientation des futures constructions, en privilégiant</line>
<line>une forme allongée des parcelles, qui permet une utilisation rationnelle de</line>
<line>la parcelle tant en ce qui concerne la préservation de l'intimité par une</line>
<line>implantation maîtrisée,que pour la création d'un « vrai » jardin agréable.</line></par>
<par>
<line>Constructions préférentiellement implantées au nord de la parcelle</line>
<line>permettant ainsi une exposition sud/ sud-ouest agréable et</line>
<line>énergétiquement favorable, pour répondre aux exigences de la RT2012.</line></par>
</text>
</block>
<block><region><rect/></region>
<text>
<par/>
</text>
</block>































</page>
<page width="3508" height="2480" resolution="300">
<block><region><rect/></region>
<text orientation="RotatedCounterclockwise">
<par>
<line>Commune de Montrichard</line></par>
</text>
</block>
<block><region><rect/></region>
<text>
<par/>
</text>
</block>
<block><region><rect/></region>
<text>
<par>
<line>aa .</line></par>
</text>
</block>
<block><region><rect/></region>
<text>
<par/>
</text>
</block>
<block><region><rect/></region>
<text>
<par>
<line>ORIENTATION d'AMENAGEMENT et de PROGRAMMATION</line></par>
<par>
<line>Village Beaune (Chissay-en-Touraine)</line>
<line>- La Serpe (Montrichard)</line></par>
</text>
</block>
<block><region><rect/><rect/></region>
<text>
<par/>
</text>
</block>
<block><region><rect/></region>
<text>
<par/>
</text>
</block>
<block><region><rect/></region>
<text>
<par/>
</text>
</block>
<block><region><rect/></region>
<text>
<par/>
</text>
</block>
<block><region><rect/></region>
<text>
<par/>
</text>
</block>
<block><region><rect/></region>
<text>
<par/>
</text>
</block>
<block><region><rect/></region>
<text>
<par>
<line>LA</line></par>
</text>
</block>
<block><region><rect/></region>
<text>
<par/>
</text>
</block>
<block><region><rect/></region>
<text>
<par/>
</text>
</block>
<block><region><rect/></region>
<text>
<par>
<line>0</line></par>
</text>
</block>
<block><region><rect/></region>
<text>
<par/>
</text>
</block>
<block><region><rect/></region>
<text>
<par/>
</text>
</block>
<block><region><rect/></region>
<text>
<par/>
</text>
</block>
<block><region><rect/></region>
<text>
<par>
<line>(j'Arnboiss</line></par>
</text>
</block>
<block><region><rect/></region>
<text>
<par>
<line>cca. “S*</line></par>
</text>
</block>
<block><region><rect/></region>
<text>
<par/>
</text>
</block>
<block><region><rect/></region>
<text>
<par/>
</text>
</block>
<block><region><rect/></region>
<text>
<par>
<line>CLDS DES^ CHATAIGNIERS</line></par>
</text>
</block>
<block><region><rect/></region>
<text>
<par/>
</text>
</block>
<block><region><rect/></region>
<text>
<par>
<line>Commune I Commune</line></par>
<par>
<line>de Chissay-en-Touraine * rfe Montrichard</line></par>
</text>
</block>
<block><region><rect/></region>
<text>
<par/>
</text>
</block>
<block><region><rect/><rect/></region>
<text>
<par>
<line>Limites communales</line></par>
<par>
<line>Périmètre de l'OAP</line></par>
<par>
<line>Accès automobile interdit</line></par>
<par>
<line>Haie arbustive et arborée à planter, créant</line>
<line>un espace tampon paysager avec l'un des</line>
<line>grands axes d'entrée de l'agglomération de</line>
<line>Montrichard</line></par>
<par>
<line>Accès principal au site</line></par>
<par>
<line>Voie d'accès principal au site du Village de</line>
<line>Beaune, à sens unique, en appui sur le</line>
<line>chemin rural existant.</line></par>
</text>
</block>
<block><region><rect/><rect/></region>
<text>
<par>
<line>Une connexion douce' à conserver entre</line>
<line>l'intérieur du quartier et la rue Vieille</line></par>
</text>
</block>
<block><region><rect/></region>
<text>
<par>
<line>' d'Amboise</line></par>
</text>
</block>
<block><region><rect/></region>
<text>
<par>
<line>t</line></par>
</text>
</block>
<block><region><rect/></region>
<text>
<par>
<line>Surface du site :</line></par>
<par>
<line>dont</line></par>
<par>
<line>dont</line></par>
</text>
</block>
<block><region><rect/></region>
<text>
<par>
<line>10065 m2 au total</line></par>
<par>
<line>4135 sur Chissay-en-Touraine</line></par>
<par>
<line>5930 sur Mon tri ch ard</line></par>
</text>
</block>
<block><region><rect/></region>
<text>
<par>
<line>Nombre minimal de logements sur Montrichard : 6 logements</line></par>
<par>
<line>Forme urbaine : Habitat intermédiaire (voire petit collectif (R+1+attique ou</line>
<line>combles)),Habitat individuel groupé,Habitat individuel pur (lots libres)</line></par>
<par>
<line>Phasage : Réalisation d'un seul tenant sur Chissay-en-Touraine / Sur</line></par>
<par>
<line>Montrichard : réalisation possible en plusieurs tranches opérationnelles au</line>
<line>fur et à mesure de la réalisation de la voie principale de desserte, sous</line>
<line>réserve d'un schéma d'ensemble cohérent</line></par>
</text>
</block>
<block><region><rect/></region>
<text>
<par>
<line>La desserte du secteur du Village Beaune, situé sur Chissay-en-Touraine, se</line>
<line>fera depuis la rue des Bournais, par une voie en sens unique, qui bouclera</line>
<line>avec cette même rue via la voie de desserte à aménager sur le secteur de La</line>
<line>Serpe sur Montrichard.</line></par>
<par>
<line>L'accès principal du site, de la Serpe, se ferra depuis la rue des Bournais au</line>
<line>nord. Un bouclage devra être assuré entre cet axe, l'axe en sens unique à</line>
<line>créer à rest,et la placette à aménager à l'est du site.</line></par>
<par>
<line>Favoriser une bonne orientation des futures constructions, en privilégiant</line>
<line>une forme allongée des parcelles, qui permet une utilisation rationnelle de</line>
<line>la parcelle tant en ce qui concerne la préservation de l'intimité par une</line>
<line>implantation maîtrisée,que pour la création d'un «vrai » jardin agréable.</line></par>
<par>
<line>Constructions préférentiellement implantées au nord de la parcelle</line>
<line>permettant ainsi une exposition sud/ sud-ouest agréable et</line>
<line>énergétiquement favorable, pour répondre aux exigences de la RT2012.</line></par>
</text>
</block>





























</page>
<page width="3508" height="2480" resolution="300">
<block><region><rect/></region>
<text orientation="RotatedCounterclockwise">
<par>
<line>Commune de Montrichard</line></par>
</text>
</block>
<block><region><rect/></region>
<text>
<par>
<line>.!&gt;</line></par>
</text>
</block>
<block><region><rect/></region>
<text>
<par/>
</text>
</block>
<block><region><rect/></region>
<text>
<par/>
</text>
</block>
<block><region><rect/></region>
<text>
<par>
<line>ORIENTATION d'AMENAGEMENT et de PROGRAMMATION</line></par>
<par>
<line>Le Coteau Rouet</line></par>
</text>
</block>
<block><region><rect/></region>
<text>
<par>
<line>. J</line></par>
</text>
</block>
<block><region><rect/><rect/><rect/></region>
<text>
<par>
<line>Périmètre de l'OAP</line></par>
<par>
<line>Accès automobile Individuel Interdit</line></par>
<par>
<line>I Accès véhicule Interdit</line></par>
<par>
<line>Accès au site depuis la rue du Donjon</line></par>
<par>
<line>Espace tampon paysager à</line>
<line>aménager sur une bande de 4 à 5 m,</line>
<line>composé ponctuellement d'arbres</line>
<line>de hautes tiges possibilité de garder</line>
<line>les plantations existantes)</line></par>
<par>
<line>{cf.exemples photographiques</line>
<line>ci-dessous)</line></par>
</text>
</block>
<block><region><rect/></region>
<text>
<par>
<line>Surfacedu site: 1,1 ha</line></par>
<par>
<line>Nombre minimal de logements : 13 logements</line></par>
<par>
<line>Forme urbaine : Habitat individuel groupé, Habitat individuel pur</line>
<line>(lots libres)</line></par>
<par>
<line>Phasage :réalisation d'un seul tenant</line></par>
</text>
</block>
<block><region><rect/></region>
<text>
<par>
<line>Favoriser une bonne orientation des futures constructions, en</line>
<line>privilégiant une forme allongée des parcelles (façade étroite et</line>
<line>profondeur étirée), qui permet une utilisation rationnelle de la parcelle</line>
<line>tant en ce qui concerne la préservation de l'intimité par une</line>
<line>implantation maîtrisée,que pour la création d'un «vrai »jardin agréable.</line></par>
<par>
<line>Constructions préférentiellement implantées au nord de la parcelle</line>
<line>permettant ainsi une exposition sud/ sud-ouest agréable et</line>
<line>énergétiquement favorable, pour répondre aux exigences de la RT2012.</line></par>
</text>
</block>
<block><region><rect/></region>
<text>
<par/>
</text>
</block>
<block><region><rect/></region>
<text>
<par>
<line>'1</line></par>
</text>
</block>
<block><region><rect/></region>
<text>
<par/>
</text>
</block>
<block><region><rect/></region>
<text>
<par/>
</text>
</block>
<block><region><rect/></region>
<text>
<par>
<line>M</line></par>
<par>
<line>t</line></par>
</text>
</block>
<block><region><rect/></region>
<text>
<par>
<line>^ ^ Liaison douce à aménager à travers le site, en</line></par>
<par>
<line>direction de la V.C.37, en appui sur un</line>
<line>aménagement paysager arboré (possibilité de</line>
<line>garder les plantations existantes)</line></par>
</text>
</block>
<block><region><rect/></region>
<text>
<par>
<line>J)</line></par>
<par>
<line>-SÛK</line></par>
</text>
</block>
<block><region><rect/></region>
<text>
<par>
<line>^7^</line></par>
</text>
</block>
<block><region><rect/></region>
<text>
<par/>
</text>
</block>
<block><region><rect/></region>
<text>
<par>
<line>S?</line></par>
</text>
</block>
<block><region><rect/></region>
<text>
<par>
<line>L/</line></par>
</text>
</block>
<block><region><rect/></region>
<text>
<par>
<line>CLOS</line></par>
</text>
</block>
<block><region><rect/></region>
<text>
<par/>
</text>
</block>
<block><region><rect/></region>
<text>
<par/>
</text>
</block>
<block><region><rect/></region>
<text>
<par/>
</text>
</block>
<block><region><rect/></region>
<text>
<par/>
</text>
</block>
<block><region><rect/></region>
<text>
<par>
<line>M</line></par>
</text>
</block>
<block><region><rect/></region>
<text>
<par>
<line>ou</line></par>
</text>
</block>
<block><region><rect/></region>
<text>
<par>
<line>ILL</line></par>
</text>
</block>
<block><region><rect/></region>
<text>
<par>
<line>BL</line></par>
</text>
</block>
<block><region><rect/></region>
<text>
<par>
<line>N</line></par>
</text>
</block>
<block><region><rect/></region>
<text>
<par>
<line>LE</line></par>
</text>
</block>
<block><region><rect/></region>
<text>
<par>
<line>OUET</line></par>
</text>
</block>
<block><region><rect/></region>
<text>
<par>
<line>%</line></par>
</text>
</block>
<block><region><rect/></region>
<text>
<par/>
</text>
</block>
<block><region><rect/></region>
<text>
<par>
<line>N</line></par>
</text>
</block>
<block><region><rect/></region>
<text>
<par>
<line>R\0»</line></par>
</text>
</block>
<block><region><rect/></region>
<text>
<par>
<line>N.</line></par>
</text>
</block>
<block><region><rect/></region>
<text>
<par>
<line>de</line></par>
</text>
</block>
<block><region><rect/></region>
<text>
<par>
<line>u\e\w®</line></par>
</text>
</block>
<block><region><rect/></region>
<text>
<par/>
</text>
</block>
<block><region><rect/></region>
<text>
<par>
<line>N,</line></par>
</text>
</block>
<block><region><rect/></region>
<text>
<par>
<line>tue</line></par>
</text>
</block>
<block><region><rect/></region>
<text>
<par/>
</text>
</block>
<block><region><rect/></region>
<text>
<par/>
</text>
</block>
<block><region><rect/></region>
<text>
<par>
<line>0</line></par>
</text>
</block>
<block><region><rect/></region>
<text>
<par>
<line>N</line></par>
</text>
</block>
<block><region><rect/></region>
<text>
<par/>
</text>
</block>
<block><region><rect/></region>
<text>
<par>
<line>7222</line></par>
</text>
</block>





















</page>
<page width="3508" height="2480" resolution="300">
<block><region><rect/></region>
<text orientation="RotatedCounterclockwise">
<par>
<line>Commune de Montrichard</line></par>
</text>
</block>
<block><region><rect/></region>
<text>
<par/>
</text>
</block>
<block><region><rect/></region>
<text>
<par>
<line>ROCHES'NEUV</line></par>
</text>
</block>
<block><region><rect/></region>
<text>
<par/>
</text>
</block>
<block><region><rect/></region>
<text>
<par/>
</text>
</block>
<block><region><rect/></region>
<text>
<par/>
</text>
</block>
<block><region><rect/></region>
<text>
<par>
<line>0</line></par>
</text>
</block>
<block><region><rect/></region>
<text>
<par/>
</text>
</block>
<block><region><rect/></region>
<text>
<par/>
</text>
</block>
<block><region><rect/></region>
<text>
<par>
<line>mè</line></par>
</text>
</block>
<block><region><rect/></region>
<text>
<par/>
</text>
</block>
<block><region><rect/></region>
<text>
<par/>
</text>
</block>
<block><region><rect/></region>
<text>
<par>
<line>CLOS</line></par>
</text>
</block>
<block><region><rect/></region>
<text>
<par/>
</text>
</block>
<block><region><rect/></region>
<text>
<par>
<line>ORIENTATION d'AMENAGEMENT et de PROGRAMMATION</line></par>
<par>
<line>Les Belitres</line></par>
</text>
</block>
<block><region><rect/></region>
<text>
<par>
<line>EZI</line></par>
</text>
</block>
<block><region><rect/></region>
<text>
<par>
<line>14S I</line></par>
</text>
</block>
<block><region><rect/></region>
<text>
<par>
<line>LE</line></par>
</text>
</block>
<block><region><rect/><rect/></region>
<text>
<par/>
</text>
</block>
<block><region><rect/></region>
<text>
<par>
<line>£1</line></par>
</text>
</block>
<block><region><rect/></region>
<text>
<par/>
</text>
</block>
<block><region><rect/></region>
<text>
<par>
<line>Æ</line></par>
</text>
</block>
<block><region><rect/></region>
<text>
<par/>
</text>
</block>
<block><region><rect/></region>
<text>
<par/>
</text>
</block>
<block><region><rect/></region>
<text>
<par/>
</text>
</block>
<block><region><rect/></region>
<text>
<par>
<line>Favoriser une bonne orientation des futures constructions, en</line>
<line>privilégiant une forme allongée des parcelles (façade étroite et</line>
<line>profondeur étirée), qui permet une utilisation rationnelle de la parcelle</line>
<line>tant en ce qui concerne la préservation de l'intimité par une</line>
<line>implantation maîtrisée,que pour la création d'un «vrai »jardin agréable.</line></par>
<par>
<line>Constructions préférentiellement implantées au nord de la parcelle</line>
<line>permettant ainsi une exposition sud/ sud-ouest agréable et</line>
<line>énergétiquement favorable, pour répondre aux exigences de la RT2012.</line></par>
</text>
</block>
<block><region><rect/></region>
<text>
<par>
<line>Surface du site : 4,1 ha</line></par>
<par>
<line>Nombre minimal de logements : 50 logements</line></par>
<par>
<line>dont 10 % minimum de logements aidés (location, acession,</line></par>
<par>
<line>location-accession) avec la moitié au moins de logements locatifs</line></par>
<par>
<line>aidés</line></par>
<par>
<line>Forme urbaine : Habitat intermédiaire (voire petit collectif</line>
<line>(R-i-1-i-attique ou combles)). Habitat individuel groupé. Habitat</line>
<line>individuel pur (lots libres)</line></par>
<par>
<line>Phasage : réalisation possible par phases, au fur et à mesure de la</line>
<line>réalisation de la voie de bouclage à réaliser</line></par>
</text>
</block>
<block><region><rect/></region>
<text>
<par>
<line>Une voie interne de desserte principale sera réalisée à travers le site,</line>
<line>en bouclant entre la rue Vieille de Blois et la route de Blois. La voie</line>
<line>communale n''34 au nord du site constituera le cheminement doux</line>
<line>nord-sud privilégié à l'intérieur du site, et pourra ponctuellement</line>
<line>accepter un partage de la chaussée avec des automobiles.</line></par>
<par>
<line>Les eaux de pluie seront gérées en point bas du site, et le site de</line>
<line>recueillement devra s'accompagner d'un aménagement paysager.</line></par>
</text>
</block>
<block><region><rect/></region>
<text>
<par>
<line>Périmètre de l'OAP</line></par>
</text>
</block>
<block><region><rect/></region>
<text>
<par>
<line>Accès automobile interdit</line></par>
</text>
</block>
<block><region><rect/></region>
<text>
<par>
<line>Accès automobile au site</line></par>
</text>
</block>
<block><region><rect/></region>
<text>
<par/>
</text>
</block>
<block><region><rect/></region>
<text>
<par>
<line>Liaison piétonne à aménager</line></par>
</text>
</block>
<block><region><rect/></region>
<text>
<par/>
</text>
</block>
<block><region><rect/></region>
<text>
<par>
<line>Liaison piétonne pouvant accepter ponctuellement un</line>
<line>partage de la chaussée avec des automobiles (principe</line>
<line>de voie tertiaire)</line></par>
<par>
<line>Corridor végétalisé à maintenir, en lien avec des</line>
<line>liaisons douces, pouvant être couplé à une gestion</line>
<line>des eaux pluviales et être traversé pour une desserte</line>
<line>automobile.</line></par>
</text>
</block>
<block><region><rect/></region>
<text>
<par>
<line>Aménagement paysager sur une bande de 5 m</line>
<line>rninimum</line></par>
</text>
</block>
<block><region><rect/></region>
<text>
<par>
<line>Secteur de logements groupés qualifiant l'entrée du</line>
<line>futur quartier</line></par>
</text>
</block>
























</page>
<page width="2480" height="3508" resolution="300">
<block><region><rect/></region>
<text orientation="RotatedCounterclockwise">
<par>
<line>Commune de Montrichard</line></par>
</text>
</block>
<block><region><rect/></region>
<text>
<par>
<line>ORIENTATION d'AMENAGEMENT et de PROGRAMMATION</line></par>
<par>
<line>Les Montponnes</line></par>
</text>
</block>
<block><region><rect/></region>
<text>
<par/>
</text>
</block>
<block><region><rect/></region>
<text>
<par/>
</text>
</block>
<block><region><rect/></region>
<text>
<par/>
</text>
</block>
<block><region><rect/></region>
<text>
<par/>
</text>
</block>
<block><region><rect/></region>
<text>
<par/>
</text>
</block>
<block><region><rect/></region>
<text>
<par/>
</text>
</block>
<block><region><rect/></region>
<text>
<par>
<line>û</line></par>
</text>
</block>
<block><region><rect/></region>
<text>
<par>
<line>CLOS</line></par>
</text>
</block>
<block><region><rect/></region>
<text>
<par>
<line>BON</line></par>
</text>
</block>
<block><region><rect/></region>
<text>
<par/>
</text>
</block>
<block><region><rect/></region>
<text>
<par>
<line>6®</line></par>
</text>
</block>
<block><region><rect/></region>
<text>
<par/>
</text>
</block>
<block><region><rect/></region>
<text>
<par/>
</text>
</block>
<block><region><rect/></region>
<text>
<par>
<line>km</line></par>
</text>
</block>
<block><region><rect/></region>
<text>
<par>
<line>••</line></par>
</text>
</block>
<block><region><rect/></region>
<text>
<par>
<line>••</line></par>
</text>
</block>
<block><region><rect/></region>
<text>
<par>
<line>••</line></par>
</text>
</block>
<block><region><rect/></region>
<text>
<par/>
</text>
</block>
<block><region><rect/></region>
<text>
<par>
<line>4</line></par>
</text>
</block>
<block><region><rect/></region>
<text>
<par>
<line>UT</line></par>
</text>
</block>
<block><region><rect/></region>
<text>
<par>
<line>DU FOURNEAU</line></par>
</text>
</block>
<block><region><rect/></region>
<text>
<par>
<line>S?</line></par>
</text>
</block>
<block><region><rect/></region>
<text>
<par/>
</text>
</block>
<block><region><rect/></region>
<text>
<par>
<line>Sir</line></par>
</text>
</block>
<block><region><rect/></region>
<text>
<par>
<line>Périmètre de l'OAP</line></par>
</text>
</block>
<block><region><rect/></region>
<text>
<par/>
</text>
</block>
<block><region><rect/></region>
<text>
<par/>
</text>
</block>
<block><region><rect/><rect/></region>
<text>
<par>
<line>Voie à créer (dite "Voie Percevauit") entre ia rue du</line>
<line>Fourneau et ia rue des Bois, constituant i'axe majeur de</line>
<line>desserte du site des Montponnes et des Hauts</line>
<line>Fourneaux</line></par>
<par>
<line>Principe de iiaison douce à créer depuis ie quartier en</line>
<line>direction de i'espace de détente et de ioisirs, et entreia VC12</line>
<line>et ia VC 15</line></par>
</text>
</block>
<block><region><rect/></region>
<text>
<par>
<line>Equipements et instaiiations pubiiques (dont parking lü )</line>
<line>existants en périphérie des sites concernés par i'Orientation</line>
<line>d'Aménagement et de Programmation</line></par>
<par>
<line>Espace de ioisirs existant en périphérie des sites concernés par</line>
<line>l'Orientation d'Aménagement et de Programmation</line></par>
<par>
<line>Sites d'activités existants en périphérie des sites concernés par</line>
<line>i'Orientation d'Aménagement et de Programmation</line></par>
</text>
</block>
<block><region><rect/><rect/></region>
<text>
<par>
<line>Surface du site: 1,9 ha</line></par>
<par>
<line>Nombre minimal de logements ; 30 logements</line></par>
<par>
<line>Forme urbaine du secteur des Montponnes: Habitat intermédiaire (voire petit coiiectif</line></par>
<par>
<line>(R+1+attique ou combies)). Habitat intiividuei groupé. Habitat individuei pur (iots iibres)</line></par>
<par>
<line>Phasage: réaiisation possibie en deux phases, au fur et à mesure de ia réaiisation des voies à créer</line></par>
<par>
<line>Favoriser une bonne orientation des futures constructions, en priviiégiant une forme aiiongée des</line>
<line>parceiies (façade étroite et profondeur étirée), qui permet une utiiisation rationneiie de ia parceiie</line>
<line>tant en ce qui concerne ia préservation de l'intimité par une implantation maîtrisée,que pour la</line>
<line>création d’un «vrai »Jardin agréable.</line></par>
<par>
<line>Constructions préférentiellement implantées au nord de la parcelle permettant ainsi une exposition</line>
<line>sud/sud-ouest agréable et énergétiquement favorable, pour répondre aux exigences de la RT2012.</line></par>
<par>
<line>L'aménagement du quartier doit permettre le maintien de la desserte agricole du secteur cultivé.</line>
<line>Afin de garder une perméabilité du nouveau quartier, favoriser et maintenir les circulation des</line>
<line>péitons et des vélos, une connexion piétone/cycle devra être aménagé en direction de l'espace de</line>
<line>loisirs etde détente à créer. Un cheminement doux, assurant un bouclage entre la VC 15 et la VC 12</line>
<line>devra également être aménagé à travers le quartier.</line></par>
<par>
<line>Afin de desservir le quartier, une voie principale de desserte sera à créer,assurant un bouclage entre</line>
<line>le quartier des lièvrerires(vla le parkirvç parcelle 213) et la vie communale n°15.</line></par>
</text>
</block>
<block><region><rect/></region>
<text orientation="RotatedClockwise">
<par>
<line>kWWI _!\XVOI k\\\l k\\\i \\^XM \ WA</line></par>
</text>
</block>









































</page>
<page width="2480" height="3508" resolution="300">
<block><region><rect/></region>
<text>
<par>
<line>ORIENTATION d'AMENAGEMENT et de PROGRAMMATION</line>
<line>Le Haut du Fourneau - secteur d'activités</line></par>
</text>
</block>
<block><region><rect/></region>
<text>
<par/>
</text>
</block>
<block><region><rect/></region>
<text>
<par/>
</text>
</block>
<block><region><rect/></region>
<text>
<par/>
</text>
</block>
<block><region><rect/></region>
<text>
<par/>
</text>
</block>
<block><region><rect/></region>
<text>
<par/>
</text>
</block>
<block><region><rect/></region>
<text>
<par>
<line>Liaison douce existante a prolonger en</line>
<line>direction de la rue des Montponnes via</line>
<line>l'équipement à créer.</line></par>
</text>
</block>
<block><region><rect/></region>
<text>
<par/>
</text>
</block>
<block><region><rect/></region>
<text>
<par>
<line>Zone d activités infërcom</line></par>
</text>
</block>
<block><region><rect/></region>
<text>
<par/>
</text>
</block>
<block><region><rect/></region>
<text>
<par/>
</text>
</block>
<block><region><rect/></region>
<text>
<par>
<line>ru</line></par>
</text>
</block>
<block><region><rect/></region>
<text>
<par>
<line>U</line></par>
</text>
</block>
<block><region><rect/></region>
<text>
<par>
<line>CLOS</line></par>
</text>
</block>
<block><region><rect/></region>
<text>
<par>
<line>BON^fETRI</line></par>
</text>
</block>
<block><region><rect/></region>
<text>
<par>
<line>1</line></par>
</text>
</block>
<block><region><rect/></region>
<text>
<par/>
</text>
</block>
<block><region><rect/></region>
<text>
<par>
<line>c</line></par>
</text>
</block>
<block><region><rect/></region>
<text>
<par>
<line>O</line></par>
</text>
</block>
<block><region><rect/></region>
<text>
<par/>
</text>
</block>
<block><region><rect/></region>
<text>
<par/>
</text>
</block>
<block><region><rect/></region>
<text>
<par>
<line>OJ</line></par>
</text>
</block>
<block><region><rect/></region>
<text>
<par/>
</text>
</block>
<block><region><rect/></region>
<text>
<par/>
</text>
</block>
<block><region><rect/></region>
<text>
<par>
<line>eu</line></par>
</text>
</block>
<block><region><rect/></region>
<text>
<par>
<line>LES MO.</line></par>
</text>
</block>
<block><region><rect/></region>
<text>
<par>
<line>\</line></par>
</text>
</block>
<block><region><rect/></region>
<text>
<par>
<line>C</line></par>
</text>
</block>
<block><region><rect/></region>
<text>
<par>
<line>***</line></par>
</text>
</block>
<block><region><rect/></region>
<text>
<par>
<line>w y</line></par>
</text>
</block>
<block><region><rect/></region>
<text>
<par>
<line>D</line></par>
</text>
</block>
<block><region><rect/></region>
<text>
<par>
<line>U</line></par>
</text>
</block>
<block><region><rect/></region>
<text>
<par>
<line>O</line></par>
</text>
</block>
<block><region><rect/></region>
<text>
<par>
<line>U</line></par>
</text>
</block>
<block><region><rect/></region>
<text>
<par>
<line>vUT DU FOURNEAU</line></par>
</text>
</block>
<block><region><rect/></region>
<text>
<par>
<line>Circulation douce (piéton,</line>
<line>vélo...) à maintenir</line></par>
</text>
</block>
<block><region><rect/></region>
<text>
<par/>
</text>
</block>
<block><region><rect/></region>
<text>
<par>
<line>Surface du site: 5,4 ha</line></par>
</text>
</block>
<block><region><rect/></region>
<text>
<par/>
</text>
</block>
<block><region><rect/><rect/><rect/></region>
<text>
<par>
<line>i&gt;t#arking de rhopital</line></par>
<par>
<line>/ .ût crtn ûYtûncirtn</line></par>
</text>
</block>
<block><region><rect/><rect/></region>
<text>
<par>
<line>et son extension</line>
<line>envisagée</line></par>
</text>
</block>
<block><region><rect/></region>
<text>
<par>
<line>r</line></par>
</text>
</block>
<block><region><rect/></region>
<text>
<par>
<line>CLOS</line></par>
</text>
</block>
<block><region><rect/></region>
<text>
<par>
<line>DU</line></par>
</text>
</block>
<block><region><rect/></region>
<text>
<par>
<line>UR</line></par>
</text>
</block>
<block><region><rect/></region>
<text>
<par>
<line>AU</line></par>
</text>
</block>
<block><region><rect/></region>
<text>
<par>
<line>ZZ3</line></par>
</text>
</block>
<block><region><rect/></region>
<text>
<par>
<line>tt</line></par>
</text>
</block>
<block><region><rect/></region>
<text>
<par/>
</text>
</block>
<block><region><rect/><rect/><rect/></region>
<text>
<par>
<line>L'aménagement du quartier doit permettre le maintien de la desserte agricole</line>
<line>du secteur cultivé à l'ouest (espace agricole). La desserte principale du site se</line>
<line>fera, soit par la rue de Blois, soit via la voie nord-sud à créer dans le prolongement</line>
<line>de la rue des Montponnes. Les aménagement veilleront à conserver les</line>
<line>circulations douces nord-sud, qui s'appuient aujourd'hui sur la voie communale</line>
<line>n°16.</line></par>
<par>
<line>L’implantation des constructions sur les parcelles sera finement étudiée, afin</line>
<line>d’assurer une orientation la plus favorable possible aux économies d’énergie,</line>
<line>tout en évitant tout systématisme.</line></par>
<par>
<line>La mutualisation des espaces de stationnement, pour les salariés et les visiteurs,</line>
<line>sera recherché.</line></par>
<par>
<line>Afin de favoriser l'intégration paysagère des constructions, et prendre en compte</line>
<line>la proximité d'un secteur à vocation résidentielle, un traitement paysager est</line>
<line>imposé, en limite avec l'espace agricole.</line></par>
<par>
<line>JE</line></par>
<par>
<line>Périmètre de l'OAP</line></par>
</text>
</block>
<block><region><rect/><rect/></region>
<text>
<par>
<line>Equipements et installations publiques (dont parking ||</line>
<line>existants en périphérie des sites concernés par l'Orientation</line>
<line>d'Aménagement et de Programmation</line></par>
<par>
<line>Espace de loisirs existant en périphérie des sites concernés par</line>
<line>l’Orientation d'Aménagement et de Programmation</line></par>
<par>
<line>Sites d'activités existants en périphérie des sites concernés par</line>
<line>l'Orientation d'Aménagement et de Programmation</line></par>
</text>
</block>
<block><region><rect/></region>
<text>
<par>
<line>Principe de voie principale nord-sud à créer, dans le prolongement de la rue des</line>
<line>Monponnes,en appui partiel sur la voie communale n°16 existante.</line></par>
</text>
</block>
<block><region><rect/><rect/><rect/><rect/></region>
<text>
<par>
<line>Voie à créer (dite "Voie Percevault") entre la rue du Fourneau et la rue des Bois,</line>
<line>constituant l'axe majeur de desserte du site des Montponnes et des Hauts</line>
<line>Fourneaux</line></par>
</text>
</block>





























































</page>
</OAP>