<?xml version="1.0" encoding="UTF-8"?><OAP>
<page width="2819" height="3987" resolution="341">
<block><region><rect/></region>
<text>
<par>
<line>etrAl</line></par>
</text>
</block>
<block><region><rect/></region>
<text>
<par>
<line>L</line></par>
</text>
</block>
<block><region><rect/></region>
<text>
<par>
<line>APPROBATION : 01-10-2013</line>
<line>MODIFICATION SIMPLIFIEE : 09-03-2017</line></par>
</text>
</block>
<block><region><rect/><rect/></region>
<text>
<par>
<line>Plan Local</line></par>
<par>
<line>d'uroanisme</line></par>
</text>
</block>
<block><region><rect/></region>
<text>
<par/>
</text>
</block>
<block><region><rect/></region>
<text>
<par/>
</text>
</block>
<block><region><rect/></region>
<text>
<par/>
</text>
</block>
<block><region><rect/></region>
<text>
<par>
<line>3a</line></par>
</text>
</block>
<block><region><rect/><rect/></region>
<text>
<par>
<line>Orientations d'aménagement</line>
<line>et de programmation</line></par>
<par>
<line>epares^</line></par>
</text>
</block>
<block><region><rect/></region>
<text>
<par>
<line>'Agence d’urbanisme de la région stéphanoise</line></par>
</text>
</block>






<block blockType="Picture" blockName="" l="779" t="3450" r="973" b="3642"><region><rect/></region>
</block>
</page>
<page width="2479" height="3508" resolution="300">
<block><region><rect/></region>
<text>
<par>
<line>ORIENTATIONS D'AM ENAGEM ENT ET DE PROGRAMMATION</line></par>
</text>
</block>
<block><region><rect/></region>
<text>
<par>
<line>SOMMAIRE :</line></par>
<par>
<line>Préambule</line></par>
<par>
<line>1. Secteur du bourg</line></par>
<par>
<line>2. Secteur du des Bierces</line></par>
<par>
<line>3. Secteur de Moulin Picon</line></par>
<par>
<line>4. Secteur des Flaches</line></par>
</text>
</block>
<block><region><rect/></region>
<text>
<par>
<line>Préambule</line></par>
<par>
<line>Les orientations d'aménagement et de programmation ont pour objectif d'apporter des</line>
<line>précisions sur certains secteurs de la commune. Elles constituent la pièce 3a du PLU</line></par>
<par>
<line>Selon l'article L.123-1-4 du Code de l'Urbanisme, elles sont « relatives à des quartiers ou à des</line>
<line>secteurs à mettre en valeur, réhabiliter, restructurer ou aménager. Ces orientations peuvent, en</line>
<line>cohérence avec le Projet d'Aménagement et de Développement Durable, prévoir les actions et</line>
<line>opérations d'aménagement à mettre en œuvre, notamment pour mettre en valeur l'environnement,</line>
<line>les paysages, les entrées de ville et le patrimoine, lutter contre l'insalubrité, permettre le</line>
<line>renouvellement urbain et assurer le développement de la commune. Elles peuvent comporter un</line>
<line>échéancier prévisionnel de l'ouverture à l'urbanisation des zones à urbaniser et de la réalisation des</line>
<line>équipements correspondants. Elles peuvent prendre la forme de schémas d'aménagement et</line>
<line>préciser les principales caractéristiques des voies et espaces publics ».</line></par>
<par>
<line>En application de l'article L.123-5 du Code de l'Urbanisme, tous les travaux, les constructions ou</line>
<line>opérations doivent être compatibles avec les orientations d'aménagement et avec leurs</line>
<line>documents graphiques.</line></par>
<par>
<line>Cette compatibilité signifie que les travaux et opérations réalisés dans les secteurs concernés sont</line>
<line>opposables au tiers, qu'ils ne peuvent être contraires aux orientations d'aménagement retenues,</line>
<line>mais contribuer à leur mise en œuvre ou tout au moins ne pas les remettre en cause.</line></par>
<par>
<line>La compatibilité s'apprécie lors de l'instruction des demandes d'autorisation d'urbanisme.</line></par>
<par>
<line>Les orientations par secteur sont complémentaires des dispositions d'urbanisme contenues dans le</line>
<line>règlement écrit et graphique.</line></par>
<par>
<line>Cette complémentarité s'exprime également par leur portée réciproque. En effet, les opérations</line>
<line>d'aménagement et de construction seront instruites en termes de compatibilité avec les</line>
<line>orientations par secteur et en termes de conformité avec les dispositions réglementaires.</line></par>
<par>
<line>La règle d'urbanisme est établie en cohérence avec les orientations par secteur. Cette cohérence</line>
<line>s'exprime au travers du zonage, de la règle écrite.</line></par>
<par>
<line>Le document d'orientations particulières peut selon les secteurs, définir des principes du parti</line>
<line>d'aménagement ainsi que l'organisation urbaine retenue (articulation de l'espace public et privé,</line>
<line>équipements et espaces collectifs, ordonnancement des constructions).</line></par>
<par>
<line>La règle d'urbanisme définit le cadre dans lequel les constructions doivent s'inscrire et être conçues.</line></par>
</text>
</block>
</page>
<page width="2479" height="3508" resolution="300">
<block><region><rect/></region>
<text>
<par>
<line>Ainsi, les opérations d'aménagement et de construction doivent être réalisées dans le respect des</line>
<line>orientations d'aménagement et de programmation et conformément au règlement de PLU.</line></par>
<par>
<line>Un permis de construire pourra être refusé au motif qu'il n'est pas compatible avec les orientations</line>
<line>d'aménagement et de programmation définies dans le document.</line></par>
</text>
</block>
</page>
<page width="2479" height="3508" resolution="300">
<block><region><rect/></region>
<text>
<par>
<line>1.Secteur du Bourg</line></par>
</text>
</block>
<block><region><rect/></region>
<text>
<par>
<line>Contexte La zone concernée est insérée entre le centre bourg et la rivière le Furan. Elle est desservie</line>
<line>actuellement par la rue J ean Moulin. La zone est classée en zones UA et N au Plan Local d'Urbanisme.</line></par>
<par>
<line>Objet :</line></par>
<par>
<line>La commune souhaite imposer les éléments suivants :</line></par>
<par>
<line>- des principes de composition générale</line></par>
<par>
<line>- une diversité de forme</line></par>
<par>
<line>- des princi pes de desserte</line></par>
<par>
<line>Surface de la zone : 1 ha</line>
<line>La composition générale</line></par>
<par>
<line>Cette zone doit s'intégrer au tissu urbain existant. IL conviendra de s'appuyer sur les éléments</line>
<line>naturels présents pour aménager la zone, de maintenir la bande d'espace boisé classé existante et</line>
<line>de créer de nouvelles plantations. L'aménageur devra fournir un relevé des espaces boisés existants</line>
<line>afin de délimiter correctement l'emplacement des arbres. La zone verte prévue à l'extrémité Est de</line>
<line>la zone devra être aménagée (démolition de la carrosserie) dans le cadre du réaménagement du</line>
<line>secteur.</line></par>
<par>
<line>Concernant les espaces non construits</line></par>
<par>
<line>Ces espaces verts collectifs devront représenter au moins 20% de la surface de la zone. En cas de</line>
<line>réalisation d'ouvrage pour le stockage des eaux pluviales (fossé ou bassin^), il est préconisé un</line>
<line>traitement paysagé de ces ouvrages.</line></par>
<par>
<line>Qualité de l'insertion paysagère et orientation du bâti</line></par>
<par>
<line>Une attention spécifique sera apportée à la qualité de l'insertion de l'opération dans le paysage (qualité</line>
<line>des constructions, traitement des clôtures...). L'implantation des constructions devra être conçue afin</line>
<line>de permettre une exploitation optimum des énergies naturelles et notamment l'ensoleillement</line>
<line>naturel des pièces à vivre. Les matériaux devront favoriser les économies d'énergie et anticiper les</line>
<line>normes thermiques en vigueur.</line></par>
<par>
<line>Les constructions devront être implantées dans les espaces déterminés sur le plan.</line></par>
<par>
<line>Accès</line></par>
<par>
<line>La zone devra être desservie uniquement par le prolongement de la rue J ean Moulin.</line></par>
<par>
<line>Mode doux</line></par>
<par>
<line>Des cheminements piétons devront être aménagés afin de relier le secteur au centre ville (voir plan).</line>
<line>Eaux pluviales</line></par>
<par>
<line>Pour le traitement des eaux pluviales, il est conseillé :</line></par>
<par>
<line>- de réaliser des ouvrages collectifs de rétention aériens de type bassins, noues ou fossés.</line></par>
<par>
<line>- de gérer les eaux pluviales à la parcelle (type cuve de rétention individuelle équipée d'un</line>
<line>ouvrage de régulation calibré permettant un stockage temporaire)</line></par>
<par>
<line>- de rendre indépendant la collecte des eaux pluviales des eaux usées.</line></par>
<par>
<line>- de limiter l'imperméabilisation des sols, notamment en limitant l'usage de l'enrobé (espaces</line>
<line>libres autour de la maison, aires de stationnement, etc.)</line></par>
<par>
<line>Eaux usées et Déchets</line></par>
<par>
<line>Les réseaux sont présents en limite de zone. Un point de collecte collective devra être réalisé sur la</line>
<line>zone.</line></par>
</text>
</block>









</page>
<page width="2479" height="3508" resolution="300">
<block><region><rect/></region>
<text>
<par>
<line>Programme</line></par>
<par>
<line>Sur l'ensemble du secteur, il est demandé de réaliser des petits collectifs.</line></par>
<par>
<line>L'aménagement de la zone devra s'inscrire dans la densité recommandée à savoir : 25 logements</line>
<line>minimum à l'hectare.</line></par>
</text>
</block>
<block><region><rect/></region>
<text>
<par>
<line>Commune de Etrat</line></par>
</text>
</block>
<block><region><rect/></region>
<text>
<par>
<line>f</line></par>
</text>
</block>
<block><region><rect/></region>
<text>
<par/>
</text>
</block>
<block><region><rect/></region>
<text>
<par>
<line>Orientations d'aménagement concernant</line></par>
</text>
</block>
<block><region><rect/></region>
<text>
<par>
<line>la zone du Bourg</line></par>
</text>
</block>
<block><region><rect/></region>
<text>
<par>
<line>f</line></par>
</text>
</block>
<block><region><rect/></region>
<text>
<par/>
</text>
</block>
<block><region><rect/></region>
<text>
<par>
<line>Sfliema de prmape a titre indicatif</line></par>
</text>
</block>
<block><region><rect/></region>
<text>
<par/>
</text>
</block>
<block><region><rect/></region>
<text>
<par>
<line>i</line></par>
</text>
</block>
<block><region><rect/></region>
<text>
<par>
<line>I</line></par>
</text>
</block>
<block><region><rect/></region>
<text>
<par>
<line>UA</line></par>
</text>
</block>
<block><region><rect/></region>
<text>
<par>
<line>m</line></par>
</text>
</block>
<block><region><rect/></region>
<text>
<par>
<line>OJt</line></par>
</text>
</block>
<block><region><rect/></region>
<text>
<par/>
</text>
</block>
<block><region><rect/></region>
<text>
<par>
<line>%</line></par>
</text>
</block>
<block><region><rect/></region>
<text>
<par>
<line>Zone</line></par>
</text>
</block>
<block><region><rect/></region>
<text>
<par>
<line>pace</line></par>
</text>
</block>
<block><region><rect/></region>
<text>
<par>
<line>nst</line></par>
</text>
</block>
<block><region><rect/></region>
<text>
<par>
<line>Espace</line></par>
</text>
</block>
<block><region><rect/></region>
<text>
<par>
<line>tib e</line></par>
</text>
</block>
<block><region><rect/></region>
<text>
<par/>
</text>
</block>
<block><region><rect/></region>
<text>
<par>
<line>constructible</line></par>
</text>
</block>
<block><region><rect/></region>
<text>
<par>
<line>Dé</line></par>
</text>
</block>
<block><region><rect/></region>
<text>
<par>
<line>Zone</line></par>
</text>
</block>
<block><region><rect/></region>
<text>
<par>
<line>mo</line></par>
</text>
</block>
<block><region><rect/></region>
<text>
<par/>
</text>
</block>
<block><region><rect/></region>
<text>
<par>
<line>du</line></par>
</text>
</block>
<block><region><rect/></region>
<text>
<par>
<line>ant</line></par>
</text>
</block>
<block><region><rect/></region>
<text>
<par/>
</text>
</block>
<block><region><rect/></region>
<text>
<par>
<line>rme</line></par>
</text>
</block>
<block><region><rect/></region>
<text>
<par/>
</text>
</block>
<block><region><rect/></region>
<text>
<par>
<line>N</line></par>
</text>
</block>
<block><region><rect/></region>
<text>
<par>
<line>Légende</line></par>
</text>
</block>
<block><region><rect/></region>
<text>
<par>
<line>Emprise c-anstiu crible [R+2, R+3&gt;</line></par>
</text>
</block>
<block><region><rect/></region>
<text>
<par>
<line>O</line></par>
</text>
</block>
<block><region><rect/></region>
<text>
<par>
<line>Boisements a conserver ou a créer</line></par>
</text>
</block>
<block><region><rect/></region>
<text>
<par>
<line>Cheminements piétcns à créer</line></par>
</text>
</block>
<block><region><rect/></region>
<text>
<par>
<line>\</line></par>
</text>
</block>
<block><region><rect/></region>
<text>
<par>
<line>Zor&gt;e verte a amera-ger a terme s</line></par>
</text>
</block>
<block><region><rect/></region>
<text>
<par>
<line>Voie de désserte â créer</line></par>
</text>
</block>
<block><region><rect/></region>
<text>
<par>
<line>\</line></par>
</text>
</block>
<block><region><rect/></region>
<text>
<par>
<line>50% du total des logements autorisés dans la zone devront être réservés pour l'accession sociale.</line></par>
</text>
</block>












































<block blockType="Picture" blockName="" l="527" t="1402" r="605" b="1464"><region><rect/></region>
</block>
</page>
<page width="2479" height="3508" resolution="300">
<block><region><rect/></region>
<text>
<par>
<line>2.Secteur Moulin Picon</line></par>
</text>
</block>
<block><region><rect/></region>
<text>
<par>
<line>Contexte Le site est situé au sud entre le centre bourg et le quartier du Moulin Picon. La zone est</line>
<line>classée en zone AUC, une partie de la zone est située en zone inondable (zone blanche), le projet</line>
<line>devra être validé par les services hydrauliques.</line></par>
<par>
<line>Objet :</line></par>
<par>
<line>L'objectif principal consiste à réaliser :</line></par>
<par>
<line>- Un programme diversifié associant l'ensemble des formes urbaines, petit collectif, maisons</line>
<line>groupées, habitat intermédiaire. La maison individuelle isolée est interdite.</line></par>
<par>
<line>- des principes de desserte de la zone</line>
<line>Surface de la zone : 2,5 ha</line></par>
<par>
<line>La composition générale</line></par>
<par>
<line>Il conviendra de s'appuyer sur les éléments naturels existants pour aménager la zone et prendre en</line>
<line>compte les contraintes de la zone inondable.</line></par>
<par>
<line>Concernant les espaces non construits</line></par>
<par>
<line>Ces espaces verts collectifs devront représenter au moins 20% de la surface de la zone. En cas de</line>
<line>réalisation d'ouvrage pour le stockage des eaux pluviales (fossé ou bassin^), il est préconisé un</line>
<line>traitement paysagé de ces ouvrages.</line></par>
<par>
<line>Qualité de l'insertion paysagère et orientation du bâti</line></par>
<par>
<line>Une attention spécifique sera apportée à la qualité de l'insertion de l'opération dans le paysage (qualité</line>
<line>des constructions, traitement des clôtures...) L'implantation des constructions devra être conçue afin</line>
<line>de permettre une exploitation optimum des énergies naturelles et notamment l'ensoleillement</line>
<line>naturel des pièces à vivre. Les matériaux devront favoriser les économies d'énergie et anticiper les</line>
<line>normes thermiques en vigueur.</line></par>
<par>
<line>Trame viaire</line></par>
<par>
<line>L'accès principal est prévu à partir de la RD11, le carrefour devra être aménagé pour réguler la</line>
<line>circulation. Une voie longitudinale sera créée pour desservir l'ensemble de la zone.</line></par>
<par>
<line>Mode doux</line></par>
<par>
<line>Des liaisons piétonnes seront aménagées afin d'assurer la continuité des circulations douces sur ce</line>
<line>secteur en relation avec le centre bourg.</line></par>
<par>
<line>Eaux pluviales</line></par>
<par>
<line>Pour le traitement des eaux pluviales, il est conseillé :</line></par>
<par>
<line>- de réaliser des ouvrages collectifs de rétention aériens de type bassins, noues ou fossés.</line></par>
<par>
<line>- de gérer les eaux pluviales à la parcelle (type cuve de rétention individuelle équipée d'un</line>
<line>ouvrage de régulation calibré permettant un stockage temporaire)</line></par>
<par>
<line>- de rendre indépendant la collecte des eaux pluviales des eaux usées.</line></par>
<par>
<line>- de limiter l'imperméabilisation des sols, notamment en limitant l'usage de l'enrobé (espaces</line>
<line>libres autour de la maison, aires de stationnement, etc.)</line></par>
<par>
<line>Eaux usées et Déchets</line></par>
<par>
<line>Les réseaux sont présents en limite de zone. Un point de collecte collective devra être réalisé pour le</line>
<line>ramassage des déchets.</line></par>
</text>
</block>








</page>
<page width="2479" height="3508" resolution="300">
<block><region><rect/></region>
<text>
<par>
<line>Programme</line></par>
<par>
<line>Sur l'ensemble du secteur, il est demandé de réaliser des petits collectifs dans la partie ouest et de</line>
<line>l'habitat groupé ou intermédiaire sur le reste de la zone.</line></par>
<par>
<line>L'aménagement de la zone devra s'inscrire dans la densité recommandée à savoir : 25 logements</line>
<line>minimum à l'hectare.</line></par>
</text>
</block>
<block><region><rect/></region>
<text>
<par/>
</text>
</block>
<block><region><rect/></region>
<text>
<par/>
</text>
</block>
<block><region><rect/></region>
<text>
<par>
<line>habitât</line></par>
</text>
</block>
<block><region><rect/></region>
<text>
<par>
<line>ecteu'</line></par>
</text>
</block>
<block><region><rect/></region>
<text>
<par>
<line>rése</line></par>
</text>
</block>
<block><region><rect/></region>
<text>
<par>
<line>Commune de Etrat</line></par>
</text>
</block>
<block><region><rect/></region>
<text>
<par>
<line>iPQtIts cdlKt</line></par>
</text>
</block>
<block><region><rect/></region>
<text>
<par>
<line>bitat groi4&gt;é)</line></par>
</text>
</block>
<block><region><rect/></region>
<text>
<par>
<line>O ri e n tati o n s d'a m é n a geme n t co ncern a nt</line></par>
</text>
</block>
<block><region><rect/></region>
<text>
<par/>
</text>
</block>
<block><region><rect/></region>
<text>
<par>
<line>a zonadâMou In PIcon</line></par>
</text>
</block>
<block><region><rect/></region>
<text>
<par>
<line>Scnemadt principe a titre indicatif</line></par>
</text>
</block>
<block><region><rect/></region>
<text>
<par/>
</text>
</block>
<block><region><rect/></region>
<text>
<par>
<line>SKteir ré</line></par>
</text>
</block>
<block><region><rect/></region>
<text>
<par>
<line>à mabitatcol eair</line></par>
</text>
</block>
<block><region><rect/></region>
<text>
<par>
<line>^ . /</line></par>
</text>
</block>
<block><region><rect/></region>
<text>
<par>
<line>Û</line></par>
</text>
</block>
<block><region><rect/></region>
<text>
<par/>
</text>
</block>
<block><region><rect/></region>
<text>
<par>
<line>T7</line></par>
</text>
</block>
<block><region><rect/></region>
<text>
<par>
<line>O</line></par>
</text>
</block>
<block><region><rect/></region>
<text>
<par/>
</text>
</block>
<block><region><rect/></region>
<text>
<par>
<line>Aire</line></par>
</text>
</block>
<block><region><rect/></region>
<text>
<par>
<line>£&gt;</line></par>
</text>
</block>
<block><region><rect/></region>
<text>
<par>
<line>P'D</line></par>
</text>
</block>
<block><region><rect/></region>
<text>
<par>
<line>de petournement</line></par>
</text>
</block>
<block><region><rect/></region>
<text>
<par/>
</text>
</block>
<block><region><rect/></region>
<text>
<par>
<line>v-</line></par>
</text>
</block>
<block><region><rect/></region>
<text>
<par>
<line>O.</line></par>
</text>
</block>
<block><region><rect/></region>
<text>
<par/>
</text>
</block>
<block><region><rect/></region>
<text>
<par>
<line>Espace-</line></par>
</text>
</block>
<block><region><rect/></region>
<text>
<par>
<line>O</line></par>
</text>
</block>
<block><region><rect/></region>
<text>
<par>
<line>collectlr</line></par>
</text>
</block>
<block><region><rect/></region>
<text>
<par>
<line>vert</line></par>
</text>
</block>
<block><region><rect/></region>
<text>
<par>
<line>£?</line></par>
</text>
</block>
<block><region><rect/></region>
<text>
<par>
<line>O</line></par>
</text>
</block>
<block><region><rect/></region>
<text>
<par>
<line>O»</line></par>
</text>
</block>
<block><region><rect/></region>
<text>
<par/>
</text>
</block>
<block><region><rect/></region>
<text>
<par/>
</text>
</block>
<block><region><rect/></region>
<text>
<par>
<line>0^</line></par>
</text>
</block>
<block><region><rect/></region>
<text>
<par/>
</text>
</block>
<block><region><rect/></region>
<text>
<par>
<line>Légende</line></par>
</text>
</block>
<block><region><rect/></region>
<text>
<par>
<line>4^</line></par>
</text>
</block>
<block><region><rect/></region>
<text>
<par>
<line>O.</line></par>
</text>
</block>
<block><region><rect/></region>
<text>
<par>
<line>Emprfseconstmctlble</line>
<line>Boisements â conserver ou â créer</line>
<line>■ * Cheminements piétons â créer</line>
<line>Espace vert collectif</line>
<line>Vole de desserte â créer</line></par>
</text>
</block>
<block><region><rect/></region>
<text>
<par/>
</text>
</block>
<block><region><rect/></region>
<text>
<par/>
</text>
</block>
<block><region><rect/></region>
<text>
<par>
<line>ç&gt;</line></par>
</text>
</block>
<block><region><rect/></region>
<text>
<par/>
</text>
</block>
<block><region><rect/></region>
<text>
<par/>
</text>
</block>
<block><region><rect/></region>
<text>
<par>
<line>l^lmplairtathtn ots bétfmenrs «r à titre</line>
<line>it'exemple.</line></par>
</text>
</block>
<block><region><rect/></region>
<text>
<par/>
</text>
</block>










</page>
<page width="2479" height="3508" resolution="300">
<block><region><rect/></region>
<text>
<par>
<line>3.Secteur des Bierces</line></par>
</text>
</block>
<block><region><rect/></region>
<text>
<par>
<line>Contexte La zone concernée est située au sud de la commune. . Elle est desservie actuellement par le</line>
<line>chemin des Bierces Moulin. La zone est classée en zones UCa au Plan Local d'Urbanisme.</line></par>
<par>
<line>Objet :</line></par>
<par>
<line>La commune souhaite imposer les éléments suivants :</line></par>
<par>
<line>- des principes de composition générale</line></par>
<par>
<line>- une diversité de forme</line></par>
<par>
<line>- des princi pes de desserte</line></par>
<par>
<line>Surface de la zone : 1 ha</line>
<line>La composition générale</line></par>
<par>
<line>Il conviendra de s'appuyer sur les éléments naturels existants pour aménager la zone et de maintenir</line>
<line>la bande d'espace boisé classé existante et de créer de nouvelles plantations. L'aménageur devra</line>
<line>fournir un relevé des espaces boisés existants afin de délimiter correctement l'emplacement des</line>
<line>arbres. La zone verte prévue à l'extrémité Est de la zone devra être aménagée (démolition de la</line>
<line>carrosserie) dans le cadre du réaménagement du secteur.</line></par>
<par>
<line>Concernant les espaces non construits:</line></par>
<par>
<line>Ces espaces verts collectifs devront représenter au moins 20% de la surface de la zone. En cas de</line>
<line>réalisation d'ouvrage pour le stockage des eaux pluviales (fossé ou bassin^), il est préconisé un</line>
<line>traitement paysagé de ces ouvrages.</line></par>
<par>
<line>Qualité de l'insertion paysagère et orientation du bâti</line></par>
<par>
<line>Une attention spécifique sera apportée à la qualité de l'insertion de l'opération dans le paysage</line>
<line>(qualité des constructions, traitement des clôtures...). L'implantation des constructions devra être</line>
<line>conçue afin de permettre une exploitation optimum des énergies naturelles et notamment</line>
<line>l'ensoleillement naturel des pièces à vivre. Les matériaux devront favoriser les économies d'énergie</line>
<line>et anticiper les normes thermiques en vigueur. Les constructions devront être réalisées dans les</line>
<line>espaces déterminés sur le plan.</line></par>
<par>
<line>Accès</line></par>
<par>
<line>La zone devra être desservie par un seul accès à partir du chemin des Blerces</line>
<line>Mode doux</line></par>
<par>
<line>Des cheminements piétons devront être aménagés afin de relier le secteur au centre ville</line>
<line>Eaux pluviales</line></par>
<par>
<line>Pour le traitement des eaux pluviales, il est conseillé :</line></par>
<par>
<line>- de réaliser des ouvrages collectifs de rétention aériens de type bassins, noues ou fossés.</line></par>
<par>
<line>- de gérer les eaux pluviales à la parcelle (type cuve de rétention individuelle équipée d'un</line>
<line>ouvrage de régulation calibré permettant un stockage temporaire</line></par>
<par>
<line>- de rendre indépendant la collecte des eaux pluviales des eaux usées.</line></par>
<par>
<line>- de limiter l'imperméabilisation des sols, notamment en limitant l'usage de l'enrobé (espaces</line>
<line>libres autour de la maison, aires de stationnement, etc.)</line></par>
<par>
<line>- Eaux usées et Déchets</line></par>
<par>
<line>- Les réseaux sont présents en limite de zone. Un point de collecte collective devra être réalisé</line>
<line>pour le ramassage des déchets.</line></par>
</text>
</block>









</page>
<page width="2479" height="3508" resolution="300">
<block><region><rect/></region>
<text>
<par>
<line>Programme</line></par>
<par>
<line>Sur l'ensemble du secteur, il est demandé de réaliser des petits collectifs</line>
<line>L'aménagement de la zone devra s'inscrire dans la densité recommandée à savoir : 25 logements</line>
<line>minimum à l'hectare. 50% du total des logements autorisés dans la zone devra être réservé pour</line>
<line>l'accession sociale.</line></par>
</text>
</block>
<block><region><rect/></region>
<text>
<par/>
</text>
</block>
<block><region><rect/></region>
<text>
<par>
<line>O</line></par>
</text>
</block>
<block><region><rect/></region>
<text>
<par>
<line>R^Ori</line></par>
</text>
</block>
<block><region><rect/></region>
<text>
<par>
<line>□</line></par>
</text>
</block>
<block><region><rect/></region>
<text>
<par>
<line>Commune de I Etrat</line></par>
</text>
</block>
<block><region><rect/></region>
<text>
<par>
<line>1*-^ LT Orientations d amenagement concernant</line></par>
</text>
</block>
<block><region><rect/></region>
<text>
<par>
<line>la zone des Bierces</line></par>
</text>
</block>
<block><region><rect/></region>
<text>
<par>
<line>Schéma de pnncipe a t\tre mdKQtif</line></par>
</text>
</block>
<block><region><rect/></region>
<text>
<par/>
</text>
</block>
<block><region><rect/></region>
<text>
<par>
<line>D</line></par>
</text>
</block>
<block><region><rect/></region>
<text>
<par/>
</text>
</block>
<block><region><rect/></region>
<text>
<par/>
</text>
</block>
<block><region><rect/></region>
<text>
<par>
<line>✓</line></par>
</text>
</block>
<block><region><rect/></region>
<text>
<par/>
</text>
</block>
<block><region><rect/></region>
<text>
<par/>
</text>
</block>
<block><region><rect/></region>
<text>
<par>
<line>AUc</line></par>
</text>
</block>
<block><region><rect/></region>
<text>
<par/>
</text>
</block>
<block><region><rect/></region>
<text>
<par>
<line>Création de petits collectifs</line></par>
</text>
</block>
<block><region><rect/></region>
<text>
<par>
<line>avec obligation de réaliser</line></par>
</text>
</block>
<block><region><rect/></region>
<text>
<par>
<line>50% de logements accessibles</line></par>
</text>
</block>
<block><region><rect/></region>
<text>
<par>
<line>socialement sur le total</line></par>
</text>
</block>
<block><region><rect/></region>
<text>
<par>
<line>O</line></par>
</text>
</block>
<block><region><rect/></region>
<text>
<par>
<line>de logements autorises</line></par>
</text>
</block>
<block><region><rect/></region>
<text>
<par/>
</text>
</block>
<block><region><rect/></region>
<text>
<par>
<line>N</line></par>
</text>
</block>
<block><region><rect/></region>
<text>
<par/>
</text>
</block>
<block><region><rect/></region>
<text>
<par/>
</text>
</block>
<block><region><rect/></region>
<text>
<par>
<line>♦</line></par>
</text>
</block>
<block><region><rect/></region>
<text>
<par>
<line>(te</line></par>
</text>
</block>
<block><region><rect/></region>
<text>
<par>
<line>vie</line></par>
</text>
</block>
<block><region><rect/></region>
<text>
<par>
<line>rt\e</line></par>
</text>
</block>
<block><region><rect/></region>
<text>
<par/>
</text>
</block>
<block><region><rect/></region>
<text>
<par/>
</text>
</block>
<block><region><rect/></region>
<text>
<par>
<line>%</line></par>
</text>
</block>
<block><region><rect/></region>
<text>
<par/>
</text>
</block>
<block><region><rect/></region>
<text>
<par>
<line>O</line></par>
</text>
</block>
<block><region><rect/></region>
<text>
<par>
<line>%</line></par>
</text>
</block>
<block><region><rect/></region>
<text>
<par>
<line>n</line></par>
</text>
</block>
<block><region><rect/></region>
<text>
<par/>
</text>
</block>
<block><region><rect/></region>
<text>
<par/>
</text>
</block>
<block><region><rect/></region>
<text>
<par>
<line>Accès a la zone</line></par>
</text>
</block>
<block><region><rect/></region>
<text>
<par>
<line>amenagement</line></par>
</text>
</block>
<block><region><rect/></region>
<text>
<par>
<line>charge de l amenageur</line></par>
</text>
</block>
<block><region><rect/></region>
<text>
<par/>
</text>
</block>
<block><region><rect/></region>
<text>
<par>
<line>%</line></par>
</text>
</block>
<block><region><rect/></region>
<text>
<par/>
</text>
</block>
<block><region><rect/></region>
<text>
<par/>
</text>
</block>
<block><region><rect/></region>
<text>
<par/>
</text>
</block>
<block><region><rect/></region>
<text>
<par/>
</text>
</block>
<block><region><rect/></region>
<text>
<par>
<line>&amp;</line></par>
</text>
</block>
<block><region><rect/></region>
<text>
<par/>
</text>
</block>
<block><region><rect/></region>
<text>
<par/>
</text>
</block>
<block><region><rect/></region>
<text>
<par>
<line>D</line></par>
</text>
</block>
<block><region><rect/></region>
<text>
<par/>
</text>
</block>
<block><region><rect/></region>
<text>
<par>
<line>n</line></par>
</text>
</block>
<block><region><rect/></region>
<text>
<par>
<line>0</line></par>
</text>
</block>
<block><region><rect/></region>
<text>
<par/>
</text>
</block>
<block><region><rect/></region>
<text>
<par/>
</text>
</block>
<block><region><rect/></region>
<text>
<par>
<line>^ wKO</line></par>
</text>
</block>
<block><region><rect/></region>
<text>
<par/>
</text>
</block>
<block><region><rect/></region>
<text>
<par/>
</text>
</block>
<block><region><rect/></region>
<text>
<par>
<line>O</line></par>
</text>
</block>
<block><region><rect/></region>
<text>
<par/>
</text>
</block>
<block><region><rect/></region>
<text>
<par>
<line>O</line></par>
</text>
</block>
<block><region><rect/></region>
<text>
<par>
<line>Q</line></par>
</text>
</block>
<block><region><rect/></region>
<text>
<par/>
</text>
</block>
<block><region><rect/></region>
<text>
<par>
<line>&lt;&gt;</line></par>
</text>
</block>
<block><region><rect/></region>
<text>
<par/>
</text>
</block>
<block><region><rect/></region>
<text>
<par>
<line>50% du total des logements autorisés dans la zone devront être réservés pour</line></par>
<par>
<line>l'accession sociale.</line></par>
</text>
</block>



























</page>
<page width="2479" height="3508" resolution="300">
<block><region><rect/></region>
<text>
<par>
<line>4.Secteur des Flaches</line></par>
</text>
</block>
<block><region><rect/></region>
<text>
<par>
<line>Contexte :</line></par>
<par>
<line>La zone concernée est située au nord du bourg. Elle est desservie actuellement par la rue de la</line>
<line>Ferrandière. La zone est classée en zone UC.</line></par>
<par>
<line>Objet :</line></par>
<par>
<line>La commune souhaite imposer les éléments suivants :</line></par>
<par>
<line>- une diversité de forme</line></par>
<par>
<line>- des princi pes de desserte</line></par>
<par>
<line>- la réalisation de 20% de logements sociaux</line>
<line>Surface de la zone : 1 ha</line></par>
<par>
<line>La composition générale</line></par>
<par>
<line>Il conviendra de s'appuyer sur les éléments naturels existants pour aménager la zone et de maintenir</line>
<line>si possible la structure paysagère dans le plan de composition.</line></par>
<par>
<line>Concernant les espaces non construits</line></par>
<par>
<line>Ces espaces verts collectifs devront représenter au moins 20% de la surface de la zone. En cas de</line>
<line>réalisation d'ouvrage pour le stockage des eaux pluviales (fossé ou bassin^), il est préconisé un</line>
<line>traitement paysagé de ces ouvrages.</line></par>
<par>
<line>Qualité de l'insertion paysagère et orientation du bâti</line></par>
<par>
<line>Une attention spécifique sera apportée à la qualité de l'insertion de l'opération dans le paysage</line>
<line>(qualité des constructions, traitement des clôtures...). L'implantation des constructions devra être</line>
<line>conçue afin de permettre une exploitation optimum des énergies naturelles et notamment</line>
<line>l'ensoleillement naturel des pièces à vivre. Les matériaux devront favoriser les économies d'énergie</line>
<line>et anticiper les normes thermiques en vigueur.</line></par>
<par>
<line>Accès</line></par>
<par>
<line>La zone sera desservie à partir de la rue de la Ferrandière</line>
<line>Mode doux</line></par>
<par>
<line>Des cheminements piétons devront être aménagés afin de relier le secteur au centre ville.</line></par>
<par>
<line>Eaux pluviales</line></par>
<par>
<line>Pour le traitement des eaux pluviales, il est conseillé :</line></par>
<par>
<line>- de réaliser des ouvrages collectifs de rétention aériens de type bassins, noues ou fossés.</line></par>
<par>
<line>- de gérer les eaux pluviales à la parcelle (type cuve de rétention individuelle équipée d'un</line>
<line>ouvrage de régulation calibré permettant un stockage temporaire)</line></par>
<par>
<line>- de rendre indépendant la collecte des eux pluviales des eaux usées.</line></par>
<par>
<line>- de limiter l'imperméabilisation des sols, notamment en limitant l'usage de l'enrobé (espaces</line>
<line>libres autour de la maison, aires de stationnement, etc.)</line></par>
<par>
<line>Eaux usées et Déchets</line></par>
<par>
<line>Les réseaux sont présents en limite de zone. Un point de collecte collective devra être réalisé pour le</line>
<line>ramassage des déchets.</line></par>
</text>
</block>








</page>
<page width="2479" height="3508" resolution="300">
<block><region><rect/></region>
<text>
<par>
<line>Programme</line></par>
<par>
<line>La zone est réservée pour l'accueil d'habitat jumelé ou groupé.</line></par>
<par>
<line>L'aménagement de la zone devra s'inscrire dans la densité recommandée à savoir : 25 logements</line>
<line>minimum à l'hectare. 20 % du total des logements autorisés dans la zone devra être réservé des</line>
<line>logements locatifs sociaux.</line></par>
</text>
</block>
<block><region><rect/></region>
<text>
<par>
<line>Commune de Etrat</line></par>
</text>
</block>
<block><region><rect/></region>
<text>
<par>
<line>Orientations d amenagement concernant</line></par>
</text>
</block>
<block><region><rect/></region>
<text>
<par>
<line>la zone des Flaches</line></par>
</text>
</block>
<block><region><rect/></region>
<text>
<par>
<line>I</line></par>
</text>
</block>
<block><region><rect/></region>
<text>
<par>
<line>Schéma de principe à titre indicatif</line></par>
</text>
</block>
<block><region><rect/></region>
<text>
<par>
<line>FEK</line></par>
</text>
</block>
<block><region><rect/></region>
<text>
<par>
<line>RAND E</line></par>
</text>
</block>
<block><region><rect/></region>
<text>
<par>
<line>*</line></par>
</text>
</block>
<block><region><rect/></region>
<text>
<par>
<line>r</line></par>
</text>
</block>
<block><region><rect/></region>
<text>
<par/>
</text>
</block>
<block><region><rect/></region>
<text>
<par>
<line>ft</line></par>
</text>
</block>
<block><region><rect/></region>
<text>
<par>
<line>\</line></par>
</text>
</block>
<block><region><rect/></region>
<text>
<par>
<line>Accès</line></par>
</text>
</block>
<block><region><rect/></region>
<text>
<par>
<line>t</line></par>
</text>
</block>
<block><region><rect/></region>
<text>
<par>
<line>a.</line></par>
</text>
</block>
<block><region><rect/></region>
<text>
<par>
<line>t</line></par>
</text>
</block>
<block><region><rect/></region>
<text>
<par>
<line>CHES</line></par>
</text>
</block>
<block><region><rect/></region>
<text>
<par>
<line>4k</line></par>
</text>
</block>
<block><region><rect/></region>
<text>
<par>
<line>ZoneVéservée</line></par>
</text>
</block>
<block><region><rect/></region>
<text>
<par>
<line>pour rhabitalt</line></par>
</text>
</block>
<block><region><rect/></region>
<text>
<par>
<line>groRpe</line></par>
</text>
</block>
<block><region><rect/></region>
<text>
<par>
<line>I</line></par>
</text>
</block>
<block><region><rect/></region>
<text>
<par>
<line>■</line></par>
</text>
</block>
<block><region><rect/></region>
<text>
<par>
<line>I</line></par>
</text>
</block>
<block><region><rect/></region>
<text>
<par>
<line>LE \ BOUR</line></par>
</text>
</block>
<block><region><rect/></region>
<text>
<par>
<line>I</line></par>
</text>
</block>
<block><region><rect/></region>
<text>
<par>
<line>Oi</line></par>
</text>
</block>
<block><region><rect/></region>
<text>
<par>
<line>piet</line></par>
</text>
</block>
<block><region><rect/></region>
<text>
<par/>
</text>
</block>
<block><region><rect/></region>
<text>
<par/>
</text>
</block>
<block><region><rect/></region>
<text>
<par/>
</text>
</block>
<block><region><rect/></region>
<text>
<par>
<line>20 % du total des logements autorisés dans la zone devront être réservés à des</line>
<line>logements locatifs sociaux.</line></par>
</text>
</block>
































<block blockType="Picture" blockName="" l="989" t="2589" r="1103" b="2625"><region><rect/></region>
</block>
</page>
</OAP>