<?xml version="1.0" encoding="UTF-8"?><OAP>
<page width="2479" height="3508" resolution="300">
<block><region><rect/></region>
<text>
<par>
<line>AMENAGEMENT DU CENTRE ANCIEN</line></par>
</text>
</block>
<block><region><rect/></region>
<text>
<par>
<line>□ OBJECTIFS.</line></par>
<par>
<line>^ Requalifier l’espace public.</line></par>
<par>
<line>^ Améliorer l’accessibilité par la rue de la Gazelle et Rue Sous Tranchée.</line>
<line>^ Maintenir les alignements existants sur la place et la rue Aristide Briand.</line></par>
</text>
</block>
<block><region><rect/></region>
<text>
<par>
<line>□ VOCATION ET ORIENTATIONS DU PROGRAMME</line></par>
<par>
<line>^ La Place du Postel a une vocation de place de Marchés, Foires, fêtes</line>
<line>foraines qui sera maintenue.</line></par>
<par>
<line>^ Elle offre des possibilités de stationnement indispensables pour ce secteur</line>
<line>(écoles, riverains, visiteurs).</line></par>
</text>
</block>
<block><region><rect/></region>
<text>
<par>
<line>□ ORIENTATIONS D’AMENAGEMENT</line></par>
<par>
<line>Accessibilité, Desserte, stationnement</line></par>
<par>
<line>^ La modification de l’alignement dans les rues de la Gazelle et rue sous</line>
<line>Tranchée sur l’îlot qu’elles délimitent et dont certaines parcelles sont</line>
<line>propriété de la ville, facilitera la desserte.</line></par>
<par>
<line>^ La réorganisation du stationnement actuellement anarchique permettra son</line>
<line>maintien.</line></par>
<par>
<line>^ L’éventualité de création d’un parking souterrain est possible avec</line>
<line>accessibilité de plain pied par la rue sous Tranchée.</line></par>
<par>
<line>Prescriptions urbaines, architecturales et paysagères</line></par>
<par>
<line>^ Maintien de l’alignement de la parcelle 1313 par conservation de la</line>
<line>construction.</line></par>
<par>
<line>^ Conservation ou restructuration de l’îlot entre rue de la Gazelle et rue sous</line>
<line>Tranchée h=R+3. Maintien de l’alignement actuel sur la Place.</line></par>
<par>
<line>^ Végétalisation de la place tout en maintenant un espace vide permettant le</line>
<line>maintien des usages.</line></par>
</text>
</block>
<block><region><rect/></region>
<text>
<par>
<line>19</line></par>
</text>
</block>
<block><region><rect/></region>
<text>
<par>
<line>COMMUNE DE BRIOUDE - REVISION DU PLU - PADD- ORIENTATIONS D'AMENAGEMENT</line>
<line>JM FREYDEFONT /SYCOMORE - K. ENJOLRAS 7 Novembre 2003</line></par>
</text>
</block>




<block blockType="Picture" blockName="" l="295" t="443" r="2182" b="565"><region><rect/></region>
</block>
<block blockType="Picture" blockName="" l="294" t="438" r="2186" b="569"><region><rect/></region>
</block>
<block blockType="Picture" blockName="" l="294" t="695" r="2186" b="793"><region><rect/></region>
</block>
</page>
<page width="2479" height="3508" resolution="300">
<block><region><rect/></region>
<text>
<par>
<line>20</line></par>
</text>
</block>
<block><region><rect/></region>
<text>
<par>
<line>^ Aménagement de la placette proche de la rue Aristide Briand et de la rue du</line>
<line>Midi.</line></par>
</text>
</block>
<block><region><rect/></region>
<text>
<par/>
</text>
</block>
<block><region><rect/></region>
<text>
<par>
<line>w</line></par>
</text>
</block>
<block><region><rect/></region>
<text>
<par>
<line>O</line></par>
</text>
</block>
<block><region><rect/></region>
<text>
<par>
<line>D</line></par>
</text>
</block>
<block><region><rect/></region>
<text>
<par/>
</text>
</block>
<block><region><rect/></region>
<text>
<par>
<line>O</line></par>
</text>
</block>
<block><region><rect/></region>
<text>
<par>
<line>D</line></par>
</text>
</block>
<block><region><rect/></region>
<text>
<par>
<line>Pac#tte</line></par>
</text>
</block>
<block><region><rect/></region>
<text>
<par>
<line>amâfiaoâr</line></par>
</text>
</block>
<block><region><rect/></region>
<text>
<par>
<line>a</line></par>
</text>
</block>
<block><region><rect/></region>
<text>
<par>
<line>Q</line></par>
</text>
</block>
<block><region><rect/></region>
<text>
<par>
<line>Q</line></par>
</text>
</block>
<block><region><rect/></region>
<text>
<par>
<line>Q</line></par>
</text>
</block>
<block><region><rect/></region>
<text>
<par/>
</text>
</block>
<block><region><rect/></region>
<text>
<par>
<line>O</line></par>
</text>
</block>
<block><region><rect/></region>
<text>
<par>
<line>Alignement ancien</line></par>
</text>
</block>
<block><region><rect/></region>
<text>
<par>
<line>Alignement imposé</line></par>
</text>
</block>
<block><region><rect/></region>
<text>
<par>
<line>\</line></par>
</text>
</block>
<block><region><rect/></region>
<text>
<par/>
</text>
</block>
<block><region><rect/></region>
<text>
<par>
<line>Immeuble à conserver</line></par>
</text>
</block>
<block><region><rect/></region>
<text>
<par>
<line>Espace à restructurer</line>
<line>(stationnement, végétalisation)</line></par>
<par>
<line>Espace piétonnier</line></par>
<par>
<line>mise en valeur de la fontaine</line></par>
</text>
</block>
<block><region><rect/></region>
<text>
<par>
<line>Z.P.P.A.U.P. de Brioude - juin 2004</line></par>
</text>
</block>
<block><region><rect/></region>
<text>
<par>
<line>1. LE POSTEL</line></par>
</text>
</block>
<block><region><rect/></region>
<text>
<par>
<line>CEMENT</line>
<line>5re 2003</line></par>
</text>
</block>





<block blockType="Picture" blockName="" l="420" t="2368" r="580" b="2466"><region><rect/></region>
</block>
<block blockType="Picture" blockName="" l="421" t="2644" r="579" b="2738"><region><rect/></region>
</block>
</page>
</OAP>