<?xml version="1.0" encoding="UTF-8"?><OAP>
<page width="4963" height="3508" resolution="300">
<block><region><rect/></region>
<text>
<par>
<line>D ' A N C E N I S</line></par>
</text>
</block>
<block><region><rect/></region>
<text>
<par>
<line>COMMUNE</line></par>
</text>
</block>
<block><region><rect/></region>
<text>
<par>
<line>U</line></par>
</text>
</block>
<block><region><rect/></region>
<text>
<par>
<line>. m ^ ^ ^</line></par>
<par>
<line>C ■'</line></par>
<par>
<line>1_J 4^^ *</line></par>
</text>
</block>
<block><region><rect/></region>
<text>
<par>
<line>U V ii</line></par>
</text>
</block>
<block><region><rect/></region>
<text>
<par/>
</text>
</block>
<block><region><rect/></region>
<text>
<par>
<line>3</line></par>
</text>
</block>
<block><region><rect/></region>
<text>
<par>
<line>ORIENTATIONS d'AMENAGEMENT et de PROGRAMMATION</line></par>
<par>
<line>APRES MODIFICATION n°2 &amp; REVISION ALLEGEE n°1</line></par>
<par>
<line>-Le 20 juin 2016-</line></par>
</text>
</block>
<block blockType="Table" blockName="" l="897" t="2514" r="3154" b="3102"><region><rect/></region>
<row>
<cell width="903" height="148">
<text>
<par>
<line>P.LU.</line></par>
</text></cell>
<cell topBorder="White" bottomBorder="White" width="51" height="148">
<text>
<par/>
</text></cell>
<cell width="624" height="148">
<text>
<par>
<line>PRESCRITE</line></par>
</text></cell>
<cell topBorder="White" bottomBorder="White" width="51" height="148">
<text>
<par/>
</text></cell>
<cell width="628" height="148">
<text>
<par>
<line>PROJET ARRETE</line></par>
</text></cell></row>
<row>
<cell bottomBorder="White" width="903" height="77">
<text>
<par>
<line>Elaboration du P.L.U.</line></par>
</text></cell>
<cell topBorder="White" bottomBorder="White" width="51" height="77">
<text>
<par/>
</text></cell>
<cell bottomBorder="White" width="624" height="77">
<text>
<par>
<line>Le 14 janvier 2008</line></par>
</text></cell>
<cell topBorder="White" bottomBorder="White" width="51" height="77">
<text>
<par/>
</text></cell>
<cell bottomBorder="White" width="628" height="77">
<text>
<par>
<line>Le 19 Novembre 2012</line></par>
</text></cell></row>
<row>
<cell topBorder="White" bottomBorder="White" width="903" height="65">
<text>
<par>
<line>Modification Simplifiée n°1</line></par>
</text></cell>
<cell topBorder="White" bottomBorder="White" width="51" height="65">
<text>
<par/>
</text></cell>
<cell topBorder="White" bottomBorder="White" width="624" height="65">
<text>
<par>
<line>Le 16 juin 2014</line></par>
</text></cell>
<cell topBorder="White" bottomBorder="White" width="51" height="65">
<text>
<par/>
</text></cell>
<cell topBorder="White" bottomBorder="White" width="628" height="65">
<text>
<par>
<line>//////////////////////////</line></par>
</text></cell></row>
<row>
<cell topBorder="White" bottomBorder="White" width="903" height="63">
<text>
<par>
<line>Modification n°1</line></par>
</text></cell>
<cell topBorder="White" bottomBorder="White" width="51" height="63">
<text>
<par/>
</text></cell>
<cell topBorder="White" bottomBorder="White" width="624" height="63">
<text>
<par>
<line>Le 16 juin 2014</line></par>
</text></cell>
<cell topBorder="White" bottomBorder="White" width="51" height="63">
<text>
<par/>
</text></cell>
<cell topBorder="White" bottomBorder="White" width="628" height="63">
<text>
<par>
<line>//////////////////////////</line></par>
</text></cell></row>
<row>
<cell topBorder="White" bottomBorder="White" width="903" height="65">
<text>
<par>
<line>Révision Allégée n° 1</line></par>
</text></cell>
<cell topBorder="White" bottomBorder="White" width="51" height="65">
<text>
<par/>
</text></cell>
<cell topBorder="White" bottomBorder="White" width="624" height="65">
<text>
<par>
<line>Le 16 juin 2014</line></par>
</text></cell>
<cell topBorder="White" bottomBorder="White" width="51" height="65">
<text>
<par/>
</text></cell>
<cell topBorder="White" bottomBorder="White" width="628" height="65">
<text>
<par>
<line>Le 14 décembre 2015</line></par>
</text></cell></row>
<row>
<cell topBorder="White" width="903" height="170">
<text>
<par>
<line>Modification n° 2</line></par>
</text></cell>
<cell topBorder="White" bottomBorder="White" width="51" height="170">
<text>
<par/>
</text></cell>
<cell topBorder="White" width="624" height="170">
<text>
<par>
<line>//////////////////////////</line></par>
</text></cell>
<cell topBorder="White" bottomBorder="White" width="51" height="170">
<text>
<par/>
</text></cell>
<cell topBorder="White" width="628" height="170">
<text>
<par>
<line>//////////////////////////</line></par>
</text></cell></row>
</block>
<block><region><rect/></region>
<text>
<par>
<line>APPROUVEE</line></par>
</text>
</block>
<block><region><rect/></region>
<text>
<par>
<line>Le 28 avril 2014</line>
<line>Le 22 septembre 2014</line>
<line>Le 28 septembre 2015</line>
<line>Le 20 juin 2016</line>
<line>Le 20 juin 2016</line></par>
</text>
</block>
<block><region><rect/></region>
<text>
<par/>
</text>
</block>
<block><region><rect/></region>
<text>
<par>
<line>Ancenis</line></par>
</text>
</block>
<block><region><rect/></region>
<text>
<par>
<line>Vu pour être annexé à la décision</line>
<line>en date du 20 juin 2016</line></par>
<par>
<line>Le Maire</line></par>
</text>
</block>













<block blockType="Picture" blockName="" l="1606" t="1406" r="1881" b="1446"><region><rect/></region>
</block>
</page>
<page width="4963" height="3508" resolution="300">
<block><region><rect/></region>
<text>
<par>
<line>Commune d’Ancenis/ PLU</line></par>
</text>
</block>
<block><region><rect/></region>
<text>
<par>
<line>ORIENTATIONS D'AMENAGEMENT ET DE PROGRAMMATION</line>
<line>- préambule -</line></par>
<par>
<line>« Dans le respect des orientations définies par le projet d'aménagement et de développement durables, les</line>
<line>orientations d'aménagement et de programmation comprennent des dispositions portant sur</line>
<line>l'aménagement, l'habitat, les transports et les déplacements.</line></par>
<par>
<line>1. En ce qui concerne l'aménagement, les orientations peuvent définir les actions et opérations nécessaires</line>
<line>pour mettre en valeur l'environnement, les paysages, les entrées de villes et le patrimoine, lutter contre</line>
<line>l'insalubrité, permettre le renouvellement urbain et assurer le développement de la commune.</line></par>
<par>
<line>Elles peuvent comporter un échéancier prévisionnel de l'ouverture à l'urbanisation des zones à urbaniser et</line>
<line>de la réalisation des équipements correspondants.</line></par>
<par>
<line>Elles peuvent porter sur des quartiers ou des secteurs à mettre en valeur, réhabiliter, restructurer ou</line>
<line>aménager.</line></par>
<par>
<line>Elles peuvent prendre la forme de schémas d'aménagement et préciser les principales caractéristiques des</line>
<line>voies et espaces publics.</line></par>
<par>
<line>2. En ce qui concerne l'habitat, elles définissent les objectifs et les principes d'une politique visant à</line>
<line>répondre aux besoins en logements et en hébergements, à favoriser le renouvellement urbain et la mixité</line>
<line>sociale et à améliorer l'accessibilité du cadre bâti aux personnes handicapées en assurant entre les</line>
<line>communes et entre les quartiers d'une même commune une répartition équilibrée et diversifiée de l'offre de</line>
<line>logements. Elles tiennent lieu du programme local de l'habitat défini par les articles L. 302-1 à L. 302-4 du</line>
<line>code de la construction et de l'habitation.</line></par>
<par>
<line>3. En ce qui concerne les transports et les déplacements, elles définissent l'organisation des transports de</line>
<line>personnes et de marchandises, de la circulation et du stationnement.</line></par>
<par>
<line>Elles tiennent lieu du plan de déplacements urbains défini par les articles 28 à 28-4 de la loi no 82-1153 du</line>
<line>30 décembre 1982 d'orientation des transports intérieurs.</line></par>
<par>
<line>Lorsqu'un plan local d'urbanisme est établi et approuvé par une commune non membre d'un établissement</line>
<line>public de coopération intercommunale, il ne comprend pas les règles, orientations et programmations</line>
<line>prévues au 2 et au présent 3. Lorsqu'un plan local d'urbanisme est établi et approuvé par un établissement</line>
<line>public de coopération intercommunale qui n'est pas autorité compétente pour l'organisation des transports</line>
<line>urbains, il ne comprend pas les règles, orientations et programmations prévues au présent 3.»</line></par>
<par>
<line>(Article L.123-1-4 du code de l'urbanisme).</line></par>
</text>
</block>
<block><region><rect/></region>
<text>
<par>
<line>Les orientations d'aménagement permettent à la commune de préciser les conditions d'aménagement de</line>
<line>certains secteurs qui vont connaître un développement ou une restructuration particulière. Elles n'ont</line>
<line>d'intérêt que dans les quartiers qui connaissent une évolution significative ...</line></par>
<par>
<line>Les opérations de construction ou d'aménagement décidées dans ces secteurs devront être compatibles</line>
<line>avec les orientations d'aménagement, c'est-à-dire qu'elles doivent les respecter dans l'esprit et non au pied</line>
<line>de la lettre. Les orientations d'aménagement doivent être comprises comme des intentions d'aménagement</line>
<line>indiquant les principes de structuration et de requalification de secteurs à aménager ou à réhabiliter, et non</line>
<line>comme la présentation d'un état fini. Par exemple, la commune peut prévoir un schéma des futures voies</line>
<line>d'une zone à urbaniser, sans aller jusqu'à inscrire leur localisation précise par un emplacement réservé.</line>
<line>Ceci permet d'organiser un quartier avec la souplesse nécessaire.</line></par>
</text>
</block>
<block><region><rect/></region>
<text>
<par>
<line>Orientations d'Aménagementetde Programmation - Dossier approuvé le 20 juin2016</line></par>
</text>
</block>
<block><region><rect/></region>
<text>
<par>
<line>Des orientations d'aménagement qui répondent aux objectifs de rééquilibrage des</line>
<line>fonctions urbaines</line></par>
<par>
<line>Le PADD met l'accent sur les objectifs de développement et d'équilibre des fonctions urbaines de la ville</line>
<line>entre :</line></par>
<par>
<line>■ Le centre-ville historique,</line></par>
<par>
<line>■ Le secteur Gare / Arcades / Grands Champs, globalement compris entre le bd Bad Brückenau et la voie</line>
<line>ferrée,</line></par>
<par>
<line>■ Le secteur du Bois j auni,</line></par>
<par>
<line>■ Les opérations de reconquête des anciennes places fortes industrielles autour de la Gare (ZAC</line>
<line>Gare),</line></par>
<par>
<line>avec pour chacun de ces secteurs :</line></par>
<par>
<line>■ une intensification de l'habitat (renouvellement urbain et optimisation des espaces libres) avec une offre</line>
<line>diversifiée en termes de typologie de logements.</line></par>
<par>
<line>■ une réappropriation et requalification d'anciens axes routiers en voies urbaines de coeur</line>
<line>d'agglomération, tant en terme de rives bâties que de reconfiguration et de traitement d'espaces</line>
<line>publics (anciennes RD 723 et RD 923)</line></par>
<par>
<line>■ le maintien des équilibres commerciaux et leur complémentarité sur la base des 4 pôles majeurs</line>
<line>identifiés (centre ville historique. Grands Champs / U rien. Arcades, Bois j auni).</line></par>
<par>
<line>■ l'introduction et la valorisation du végétal dans la ville via l'aménagement des liaisons douces,</line></par>
<par>
<line>■ étant entendu que ces grandes thématiques communes doivent s'enrichir et se moduler suivant</line>
<line>les spécificités urbaines et les potentialités de chaque quartier.</line></par>
<par>
<line>Logiquement ces 4 secteurs font l'objet d'une traduction sous forme d'orientations d'aménagement et de</line>
<line>programmation au sens de l'article L.123-1-4 du code de l'urbanisme, auxquels s'ajoutent le secteur des</line>
<line>Bleuets / Vieilles Haies.</line></par>
<par>
<line>Des orientations d'aménagement qui tiennent lieu d'étude de projet urbain au sens de</line>
<line>l'article L.111-1-4 du code de l'urbanisme</line></par>
<par>
<line>Les 3 secteurs dit de Château Rouge (Aéropole - fonderie), de L'Aubinière - La Savinière et de l'Hermitage -</line>
<line>La Planche font l'objet d'orientations d'aménagement et de programmation qui font office d'étude de projet</line>
<line>urbain au sens du 5®™ alinéa de l'article L.111-1-4 du code de l'urbanisme.</line></par>
<par>
<line>Dans le P05 approuvé en 2001 ces 3 secteurs étaient en effet soumis aux dispositions de l'article L.111-1-</line>
<line>4 du code de l'urbanisme car situés à l'origine en dehors des espaces urbanisés et le long d'axes routiers à</line>
<line>grande circulation :</line></par>
<par>
<line>■ RD 923 pour les secteurs dits de Château Rouge (aéropole - fonderie), et de L'Aubinière - La Savinière</line>
<line>au Nord de la commune,</line></par>
<par>
<line>■ nouvelle RD 723 (déviation Nord de l'agglomération d'Ancenis) pour le secteur dit de l'Hermitage - La</line>
<line>Planche, à l'Est de la commune.</line></par>
<par>
<line>Bien que dorénavant urbanisés, les dispositions issues des projets urbains restent en grande partie</line>
<line>d'actualité afin de pérenniser les règles de composition urbaine de ces nouveaux quartiers. Le PLU les</line>
<line>reconduit donc sous forme d'orientations d'aménagement et de programmation tout en effectuant les mises</line>
<line>à jour et les adaptations nécessaires.</line></par>
<par>
<line>Comme prévu par le cinquième alinéa de l'article L.111-1-4 du code de l'urbanisme, le PLU fixe pour ces</line>
<line>trois secteurs, des règles d'implantation spécifiques à l'appui d'une "étude justifiant, en fonction des</line>
<line>spécificités locales, que ces règles sont compatibles avec la prise en compte des nuisances, de la sécurité,</line>
<line>de la qualité architecturale, ainsi que de la qualité de l'urbanisme et des paysages".</line></par>
<par>
<line>Par souci de cohérence et pour une meilleure compréhension du parti d'aménagement, ces études</line>
<line>accompagnent les orientations d'aménagement et de programmation propres à ces trois secteurs.</line></par>
<par>
<line>Un phasage dans le temps des extensions urbaines à dominante d'habitat</line></par>
<par>
<line>Cette orientation de programmation traduit l'objectif de maîtrise de l'habitat et des extensions urbaines dans</line>
<line>le temps</line></par>
<par>
<line>Nota : pour l'ensemble du document, seules les pages intitulées « Orientations d'Aménagement et de Programmation » sont</line>
<line>opposables au titre de l’article L.123-1-4 du code de l’urbanisme.</line></par>
<par>
<line>Les cartographies d’état des lieux, les photographies, les approches de faisabilité, figurent à titre informatif et ne sont en aucun</line>
<line>cas opposables aux demandes d’occupation et d’utilisation du sol.</line></par>
</text>
</block>
<block><region><rect/></region>
<text>
<par>
<line>2</line></par>
</text>
</block>
</page>
<page width="4963" height="3508" resolution="300">
<block><region><rect/></region>
<text>
<par>
<line>Commune d’Ancenis/ PLU</line></par>
</text>
</block>
<block><region><rect/></region>
<text>
<par>
<line>SOMMAIRE</line></par>
<par>
<line>1. SECTEUR DU BOIS J AUNI.5</line></par>
<par>
<line>1.1. ETAT DES LIEUX/ENJ EUX.5</line></par>
<par>
<line>1.2. LE BOIS J AUNI : PRINCIPES DIRECTEURS D'AMENAGEMENT.7</line></par>
<par>
<line>1.2.1. Rappel des orientations majeures du PADD.7</line></par>
<par>
<line>1.2.2. Objectifs urbains et paysagers.7</line></par>
<par>
<line>1.3. LE BOISjAUNI : ORIE NTATIONS d'AMENAGEMENT ET DE PROGRAMMATION.9</line></par>
<par>
<line>1.3.1. Mise en scène conjointe d'une façade de quartier et d'une entrée de ville rue de Chateaubriand 9</line></par>
<par>
<line>1.3.2. Valorisation du potentiel arboré et de l'entrée de quartier rue de la Gllarderle.11</line></par>
<par>
<line>1.3.3. Une polarité de quartier s'appuyant sur le pôle commercial.13</line></par>
<par>
<line>1.3.4. ORIENTATIONS POUR L'ENSEMBLE DU OUARTIER.14</line></par>
<par>
<line>2. SECTEUR BD BAD BRUCKENAU / VOIE FERREE.17</line></par>
<par>
<line>2.1. ETAT DES LIEUX/ENj EUX.17</line></par>
<par>
<line>2.2. SECTEUR BD BAD BRUCKENAU / VOIE FERREE : PRINCIPES DIRECTEURS D'AMENAGEMENT</line>
<line>18</line></par>
<par>
<line>2.2.1. Rappel des orientations majeures du PADD.18</line></par>
<par>
<line>2.2.2. Objectifs urbains et paysagers.18</line></par>
<par>
<line>2.3. BD BAD BRUCKENAU/ VOIE FERREE: ORIENTATIONS d'AMENAGEMENT ET DE</line></par>
<par>
<line>PROGRAMMATION.19</line></par>
<par>
<line>2.3.1. En rive Nord du boulevard : affirmer des séquences urbaines Identitaires en valorisant les</line></par>
<par>
<line>espaces plantés.19</line></par>
<par>
<line>2.3.2. Secteur central : Aménagement d'une promenade commerciale pour structurer le quartier des</line></par>
<par>
<line>Grands Champs.23</line></par>
<par>
<line>2.3.3. Secteur Sud : Désenclaver le secteur Lamoriclère.25</line></par>
<par>
<line>3. LE CENTRE VILLE HISTORIQUE.29</line></par>
<par>
<line>3.1. ETAT DES LIEUX/ENj EUX.29</line></par>
<par>
<line>3.1.1. Le quartier Saint Fiacre/République.29</line></par>
<par>
<line>3.1.2. Le château d'AncenIs et ses abords.29</line></par>
<par>
<line>3.2. CENTRE VILLE HISTORIOUE : PRINCIPES DIRECTEURS D'AMENAGEMENT.30</line></par>
<par>
<line>3.2.1. Rappel des orientations majeures du PADD.30</line></par>
<par>
<line>3.2.2. Objectifs urbains et paysagers.30</line></par>
<par>
<line>3.3. LE CENTRE VILLE HISTORIOUE: ORIENTATIONS D'AMENAGEMENT ET DE PROGRAMMATION</line>
<line>32</line></par>
<par>
<line>3.3.1. Le quartier Saint Fiacre/République (OAP).32</line></par>
<par>
<line>3.3.2. Le Château d'AncenIs et ses abords (OAP).33</line></par>
</text>
</block>
<block><region><rect/></region>
<text>
<par>
<line>Orientations d'Aménagementetde Programmation - Dossier approuvé le 20 juin2016</line></par>
</text>
</block>
<block><region><rect/></region>
<text>
<par>
<line>4. LE NOUVEAU QUARTIER DE LA GARE - SECTEUR GARE - LEON SECHE.34</line></par>
<par>
<line>4.1. ETAT DES LIEUX/ENj EUX.34</line></par>
<par>
<line>4.2. LE NOUVEAU OUARTIER DE LA GARE : PRINCIPES DIRECTEURS D'AMENAGEMENT.34</line></par>
<par>
<line>4.2.1. Rappel des orientations majeures du PADD.34</line></par>
<par>
<line>4.2.2. Objectifs urbains et paysagers.34</line></par>
<par>
<line>4.3. LE NOUVEAU OUARTIER DE LA GARE: ORIENTATIONS D'AMENAGEMENT ET DE</line></par>
<par>
<line>PROGRAMMATION.35</line></par>
<par>
<line>5. SECTEUR DE CHATEAU ROUGE : AEROPOLE - FONDERIE - RD 923.36</line></par>
<par>
<line>5.1. ETAT DES LIEUX/ENj EUX.36</line></par>
<par>
<line>5.2. ORIENTATIONS D'AMENAGEMENT ET DE PROGRAMMATION.38</line></par>
<par>
<line>6. SECTEUR DE L'AUFRESNE - AUBINIERE / SAVINIERE - RD 923/A 11.40</line></par>
<par>
<line>6.1. ETAT DES LIEUX/ENj EUX.40</line></par>
<par>
<line>6.2. ORIENTATIONS D'AMENAGEMENT ET DE PROGRAMMATION.41</line></par>
<par>
<line>7. SECTEUR DE L'HERMITAGE - LA PLANCHE - RD 723 .44</line></par>
<par>
<line>7.1. ETAT DES LIEUX/ENj EUX.44</line></par>
<par>
<line>7.2. ORIENTATIONS D'AMENAGEMENT ET DE PROGRAMMATION.47</line></par>
<par>
<line>8. SECTEUR DES BLEUETS - VIEILLES HAIES.51</line></par>
<par>
<line>8.1. ETAT DES LIEUX.51</line></par>
<par>
<line>8.2. SECTEUR DES BLEUETS - VIEILLES HAIES : Principes directeurs d'aménagement.52</line></par>
<par>
<line>8.3. SECTEUR DES BLEUETS - VIEILLES HAIES :.53</line></par>
<par>
<line>9. ILOT URIEN - RIEUX.54</line></par>
<par>
<line>9.1. ETAT DES LIEUX - ENj EUX.54</line></par>
<par>
<line>9.2. ILOT URIEN - RIEUX : Principes directeurs d'aménagement.55</line></par>
<par>
<line>9.3. ILOT URIEN - RIEUX :.56</line></par>
<par>
<line>10. ILOT OTTMAN - GILARDERIE.57</line></par>
<par>
<line>10.1. ETAT DES LIEUX - ENj EUX.57</line></par>
<par>
<line>10.2. ILOT OTTMAN - GILARDERIE : Principes directeurs d'aménagement.58</line></par>
<par>
<line>10.3. ILOT OTTMAN-GILARDERIE:.58</line></par>
<par>
<line>11. LA BLORDIERE .59</line></par>
<par>
<line>11.1. ETAT DES LIEUX - ENj EUX.59</line></par>
<par>
<line>11.2. LA BLORDIERE : Principes directeurs d'aménagement.60</line></par>
<par>
<line>11.3. LA BLORDIERE:.60</line></par>
<par>
<line>12. PHASAGE DANS LE TEMPS DES EXTENSIONS URBAINES A DOMINANTE</line></par>
<par>
<line>D'HABITAT.61</line></par>
<par>
<line>13. PRESCRIPTIONS ET PRECONISATIONS ENVIRONNEMENTALES.63</line></par>
</text>
</block>
<block><region><rect/></region>
<text>
<par>
<line>3</line></par>
</text>
</block>



























































</page>
<page width="4963" height="3508" resolution="300">
<block><region><rect/></region>
<text>
<par>
<line>Commune d’Ancenis/ PLU</line></par>
</text>
</block>
<block><region><rect/></region>
<text>
<par>
<line>Orientations d’Aménagementetde Programmation - Dossier approuvé le 20 juin2016</line></par>
</text>
</block>
<block><region><rect/></region>
<text>
<par>
<line>12. PHASAGE DANS LE TEMPS DES EXTENSIONS URBAINES A</line>
<line>DOMINANTE D'HABITAT</line></par>
</text>
</block>
<block><region><rect/></region>
<text>
<par>
<line>Cette orientation traduit l'objectif de maîtrise de l'habitat et des extensions urbaines dans le temps, en accord</line>
<line>avec le Programme Local de l'Habitat et le PADD d'AncenIs :</line></par>
</text>
</block>
<block><region><rect/></region>
<text>
<par>
<line>En priorité (à court terme) :</line></par>
<par>
<line>- poursuivre l'urbanisation des espaces libres au sein des espaces urbanisés (agglomération) et achever</line>
<line>l'urbanisation des opérations publiques à dominante d'habitat engagées dans le centre ville (ZAC Grands</line>
<line>Champs, ZAC de la Gare - Léon Séché).</line></par>
</text>
</block>
<block><region><rect/></region>
<text>
<par>
<line>A moyen - long termes :</line></par>
<par>
<line>- achever l'urbanisation des espaces périphériques à la ville situés au Nord Est de la commune (La</line>
<line>Gilarderie).</line></par>
</text>
</block>
<block><region><rect/></region>
<text>
<par>
<line>En conséquence l'ouverture à l'urbanisation du secteur 2AU de La Gilarderie sera conditionnée à un</line>
<line>bilan des rythmes d'évolution démographique et de consommation spatiale, notamment par rapport au</line>
<line>PLH.</line></par>
<par>
<line>L'ouverture à l'urbanisation (par voie de Modification ou de Révision du PLU) ne pourra être admise</line>
<line>seulement en cas de déficits constatés sur 3 années consécutives par rapport aux objectifs affichés</line>
<line>de production de 70 logements par an.</line></par>
<par>
<line>Ainsi l'ouverture à l'urbanisation du secteur 2AU de La Gilarderie ne pourra être admise que si le</line>
<line>nombre de nouveaux logements produits (neufs, changements de destination, réhabilitation) en</line>
<line>cumul sur 3 ans est inférieur à 210 unités.</line></par>
</text>
</block>
<block><region><rect/></region>
<text>
<par>
<line>61</line></par>
</text>
</block>
</page>
</OAP>