<?xml version="1.0" encoding="UTF-8"?><OAP>
<page width="2479" height="3508" resolution="300">
<block><region><rect/></region>
<text>
<par>
<line>PREAMBULE</line></par>
</text>
</block>
<block><region><rect/></region>
<text>
<par>
<line>L’article L. 123-1 du code de l’urbanisme spécifie que le PLU comprend « des orientations</line>
<line>d'aménagement et de programmation »</line></par>
<par>
<line>L’article L.123-1-4 de ce même code précise, « Dans le respect des orientations définies par le</line>
<line>projet d'aménagement et de développement durables, les orientations d'aménagement et de</line>
<line>programmation comprennent des dispositions portant sur l'aménagement, l'habitat, les transports</line>
<line>et les déplacements.</line></par>
<par>
<line>[^] En ce qui concerne l'aménagement, les orientations peuvent définir les actions et opérations</line>
<line>nécessaires pour mettre en valeur l'environnement, les paysages, les entrées de villes et le</line>
<line>patrimoine, lutter contre l'insalubrité, permettre le renouvellement urbain et assurer le</line>
<line>développement de la commune.</line></par>
<par>
<line>Elles peuvent comporter un échéancier prévisionnel de l'ouverture à l'urbanisation des zones à</line>
<line>urbaniser et de la réalisation des équipements correspondants.</line></par>
<par>
<line>Elles peuvent porter sur des quartiers ou des secteurs à mettre en valeur, réhabiliter, restructurer</line>
<line>ou aménager.</line></par>
<par>
<line>Elles peuvent prendre la forme de schémas d'aménagement et préciser les principales</line>
<line>caractéristiques des voies et espaces publics [...] »</line></par>
<par>
<line>Ainsi le présent document expose les orientations retenues dans le cadre du PLU de Fontenay-sur-</line>
<line>Loing.</line></par>
<par>
<line>Ces orientations d’aménagement et de programmation, élaborées en cohérence avec le PADD,</line>
<line>permettent à la commune de préciser les conditions d’aménagement de ses futurs quartiers aux</line>
<line>lieux-dits :</line></par>
<par>
<line>- « Les Gillets », et « La Petite Ferme » à vocation économique.</line></par>
<par>
<line>- « La pente de la Belle Fosse » à vocation économique.</line></par>
<par>
<line>- « Puy-la-Laude » à vocation économique.</line></par>
<par>
<line>- « Clos des deux Routes » et « Les Sables » à vocation d’habitat.</line></par>
<par>
<line>De ce fait, les opérations de constructions ou d’aménagement dans ces secteurs doivent être</line>
<line>compatibles avec les présentes orientations d’aménagement.</line></par>
</text>
</block>
<block><region><rect/></region>
<text>
<par>
<line>1</line></par>
</text>
</block>


<block blockType="Picture" blockName="" l="293" t="239" r="2188" b="281"><region><rect/></region>
</block>
<block blockType="Picture" blockName="" l="288" t="235" r="2192" b="286"><region><rect/></region>
</block>
</page>
<page width="2479" height="3508" resolution="300">
<block><region><rect/></region>
<text>
<par>
<line>CARTE DE SITUATION</line></par>
</text>
</block>
<block><region><rect/></region>
<text>
<par>
<line>fæ*'</line></par>
</text>
</block>
<block><region><rect/></region>
<text>
<par/>
</text>
</block>
<block><region><rect/></region>
<text>
<par/>
</text>
</block>
<block><region><rect/></region>
<text>
<par>
<line>*5 1C(^|Ü'T|aauK</line>
<line>çt Fontiws^—</line></par>
</text>
</block>
<block><region><rect/></region>
<text>
<par/>
</text>
</block>
<block><region><rect/></region>
<text>
<par/>
</text>
</block>
<block><region><rect/><rect/></region>
<text>
<par/>
</text>
</block>
<block><region><rect/></region>
<text>
<par/>
</text>
</block>
<block><region><rect/></region>
<text>
<par>
<line>Rouge</line></par>
</text>
</block>
<block><region><rect/></region>
<text>
<par/>
</text>
</block>
<block><region><rect/></region>
<text>
<par>
<line>euvèm</line></par>
</text>
</block>
<block><region><rect/></region>
<text>
<par>
<line>* J «</line></par>
</text>
</block>
<block><region><rect/></region>
<text>
<par>
<line>04</line></par>
</text>
</block>
<block><region><rect/></region>
<text>
<par/>
</text>
</block>
<block><region><rect/></region>
<text>
<par>
<line>iigr H</line></par>
</text>
</block>
<block><region><rect/></region>
<text>
<par>
<line>Chat, if fau</line>
<line>® .</line></par>
</text>
</block>
<block><region><rect/></region>
<text>
<par/>
</text>
</block>
<block><region><rect/></region>
<text>
<par>
<line>Et:</line></par>
</text>
</block>
<block><region><rect/></region>
<text>
<par>
<line>i</line></par>
</text>
</block>
<block><region><rect/></region>
<text>
<par>
<line>31</line></par>
</text>
</block>
<block><region><rect/></region>
<text>
<par/>
</text>
</block>
<block><region><rect/></region>
<text>
<par/>
</text>
</block>
<block><region><rect/></region>
<text>
<par/>
</text>
</block>
<block><region><rect/></region>
<text>
<par/>
</text>
</block>
<block><region><rect/></region>
<text>
<par/>
</text>
</block>
<block><region><rect/></region>
<text>
<par>
<line>grefi</line></par>
</text>
</block>
<block><region><rect/></region>
<text>
<par>
<line>Æte</line></par>
</text>
</block>
<block><region><rect/></region>
<text>
<par/>
</text>
</block>
<block><region><rect/></region>
<text>
<par>
<line>ICI.:</line></par>
</text>
</block>
<block><region><rect/></region>
<text>
<par/>
</text>
</block>
<block><region><rect/></region>
<text>
<par>
<line>k. t</line></par>
</text>
</block>
<block><region><rect/></region>
<text>
<par/>
</text>
</block>
<block><region><rect/></region>
<text>
<par>
<line>J</line></par>
</text>
</block>
<block><region><rect/></region>
<text>
<par/>
</text>
</block>
<block><region><rect/></region>
<text>
<par>
<line>;pnten3y</line></par>
</text>
</block>
<block><region><rect/></region>
<text>
<par>
<line>501</line></par>
</text>
</block>
<block><region><rect/></region>
<text>
<par/>
</text>
</block>
<block><region><rect/></region>
<text>
<par>
<line>ISi</line></par>
</text>
</block>
<block><region><rect/></region>
<text>
<par/>
</text>
</block>
<block><region><rect/></region>
<text>
<par>
<line>- rAuaïL</line></par>
</text>
</block>
<block><region><rect/></region>
<text>
<par/>
</text>
</block>
<block><region><rect/></region>
<text>
<par/>
</text>
</block>
<block><region><rect/></region>
<text>
<par>
<line>104</line></par>
</text>
</block>
<block><region><rect/></region>
<text>
<par>
<line>fiËs</line></par>
</text>
</block>
<block><region><rect/></region>
<text>
<par>
<line>ÙL</line></par>
</text>
</block>
<block><region><rect/></region>
<text>
<par>
<line>au</line></par>
</text>
</block>
<block><region><rect/></region>
<text>
<par>
<line>HABITAT</line>
<line>Les Sables</line></par>
<par>
<line>\</line></par>
</text>
</block>
<block><region><rect/></region>
<text>
<par>
<line>ACTIVITES</line>
<line>La Petite Ferme</line></par>
</text>
</block>
<block><region><rect/></region>
<text>
<par/>
</text>
</block>
<block><region><rect/></region>
<text>
<par>
<line>ArïHI</line></par>
</text>
</block>
<block><region><rect/></region>
<text>
<par>
<line>1</line></par>
</text>
</block>
<block><region><rect/></region>
<text>
<par>
<line>se</line></par>
</text>
</block>
<block><region><rect/></region>
<text>
<par>
<line>'m</line></par>
</text>
</block>
<block><region><rect/></region>
<text>
<par>
<line>r. I . ■</line></par>
</text>
</block>
<block><region><rect/></region>
<text>
<par/>
</text>
</block>
<block><region><rect/></region>
<text>
<par/>
</text>
</block>
<block><region><rect/></region>
<text>
<par>
<line>iây,/ W."&gt;</line></par>
</text>
</block>
<block><region><rect/><rect/><rect/></region>
<text>
<par/>
</text>
</block>
<block><region><rect/></region>
<text>
<par/>
</text>
</block>
<block><region><rect/></region>
<text>
<par/>
</text>
</block>
<block><region><rect/></region>
<text>
<par/>
</text>
</block>
<block><region><rect/></region>
<text>
<par>
<line>:uj£^e</line></par>
</text>
</block>
<block><region><rect/></region>
<text>
<par>
<line>%Mr-i</line></par>
</text>
</block>
<block><region><rect/></region>
<text>
<par>
<line>K;</line></par>
</text>
</block>
<block><region><rect/></region>
<text>
<par>
<line>t_r-</line></par>
</text>
</block>
<block><region><rect/></region>
<text>
<par>
<line>via f*«tte Éeimt</line></par>
</text>
</block>
<block><region><rect/></region>
<text>
<par>
<line>ACTIVITES</line>
<line>Les Gillets</line></par>
<par>
<line>üourüetsY ' 1 o9j]</line></par>
</text>
</block>
<block><region><rect/></region>
<text>
<par/>
</text>
</block>
<block><region><rect/></region>
<text>
<par>
<line>Cor</line></par>
</text>
</block>
<block><region><rect/></region>
<text>
<par>
<line>QU</line></par>
</text>
</block>
<block><region><rect/></region>
<text>
<par/>
</text>
</block>
<block><region><rect/></region>
<text>
<par/>
</text>
</block>
<block><region><rect/></region>
<text>
<par>
<line>'■.'6-:h</line></par>
</text>
</block>
<block><region><rect/></region>
<text>
<par>
<line>indus</line></par>
</text>
</block>
<block><region><rect/></region>
<text>
<par>
<line>SS</line></par>
</text>
</block>
<block><region><rect/></region>
<text>
<par/>
</text>
</block>
<block><region><rect/></region>
<text>
<par>
<line>i</line></par>
</text>
</block>
<block><region><rect/></region>
<text>
<par/>
</text>
</block>
<block><region><rect/></region>
<text>
<par/>
</text>
</block>
<block><region><rect/></region>
<text>
<par>
<line>îàr</line></par>
</text>
</block>
<block><region><rect/></region>
<text>
<par/>
</text>
</block>
<block><region><rect/></region>
<text>
<par/>
</text>
</block>
<block><region><rect/></region>
<text>
<par>
<line>CT</line></par>
</text>
</block>
<block><region><rect/></region>
<text>
<par/>
</text>
</block>
<block><region><rect/></region>
<text>
<par>
<line>âî55</line></par>
</text>
</block>
<block><region><rect/></region>
<text>
<par>
<line>iFOtS</line></par>
</text>
</block>
<block><region><rect/></region>
<text>
<par>
<line>errferes</line></par>
</text>
</block>
<block><region><rect/></region>
<text>
<par/>
</text>
</block>
<block><region><rect/></region>
<text>
<par>
<line>hSî&amp;«</line></par>
</text>
</block>
<block><region><rect/></region>
<text>
<par>
<line>M _ 7VV/;</line></par>
</text>
</block>
<block><region><rect/></region>
<text>
<par/>
</text>
</block>
<block><region><rect/></region>
<text>
<par>
<line>■=k</line></par>
</text>
</block>
<block><region><rect/></region>
<text>
<par>
<line>f/</line></par>
</text>
</block>
<block><region><rect/></region>
<text>
<par>
<line>liînc</line></par>
</text>
</block>
<block><region><rect/></region>
<text>
<par>
<line>is»n</line></par>
</text>
</block>
<block><region><rect/></region>
<text>
<par>
<line>■ ■ ■ le Pofl</line></par>
</text>
</block>
<block><region><rect/></region>
<text>
<par>
<line>omcalla^.</line></par>
</text>
</block>
<block><region><rect/></region>
<text>
<par/>
</text>
</block>
<block><region><rect/></region>
<text>
<par>
<line>•u . -.| ^ ‘..wc^, i/ni f c-s ^.syy / t</line></par>
</text>
</block>
<block><region><rect/></region>
<text>
<par>
<line>:s</line></par>
</text>
</block>
<block><region><rect/></region>
<text>
<par>
<line>102</line></par>
</text>
</block>
<block><region><rect/></region>
<text>
<par/>
</text>
</block>
<block><region><rect/></region>
<text>
<par>
<line>J</line></par>
</text>
</block>
<block><region><rect/></region>
<text>
<par>
<line>tf?ee</line></par>
</text>
</block>
<block><region><rect/></region>
<text>
<par>
<line>jne</line></par>
</text>
</block>
<block><region><rect/></region>
<text>
<par>
<line>HABITAT</line></par>
<par>
<line>Le Clos des Deux Routes</line></par>
</text>
</block>
<block><region><rect/></region>
<text>
<par/>
</text>
</block>
<block><region><rect/></region>
<text>
<par>
<line>ï&gt; V?</line></par>
</text>
</block>
<block><region><rect/></region>
<text>
<par>
<line>: m</line></par>
</text>
</block>
<block><region><rect/><rect/></region>
<text>
<par>
<line>m</line></par>
</text>
</block>
<block><region><rect/></region>
<text>
<par>
<line>04</line></par>
</text>
</block>
<block><region><rect/></region>
<text>
<par/>
</text>
</block>
<block><region><rect/></region>
<text>
<par/>
</text>
</block>
<block><region><rect/></region>
<text>
<par/>
</text>
</block>
<block><region><rect/></region>
<text>
<par/>
</text>
</block>
<block><region><rect/></region>
<text>
<par>
<line>i fy KenarcL</line>
<line>Ki^^bà</line></par>
</text>
</block>
<block><region><rect/></region>
<text>
<par>
<line>Air jlg</line></par>
</text>
</block>
<block><region><rect/></region>
<text>
<par>
<line>' V : - . IfeS^'î</line></par>
<par>
<line>Ritordefl</line></par>
</text>
</block>
<block><region><rect/></region>
<text>
<par/>
</text>
</block>
<block><region><rect/></region>
<text>
<par>
<line>SOIS</line></par>
</text>
</block>
<block><region><rect/></region>
<text>
<par>
<line>m£r .fi^ , / 4\</line></par>
</text>
</block>
<block><region><rect/></region>
<text>
<par>
<line>craïf</line></par>
</text>
</block>
<block><region><rect/></region>
<text>
<par>
<line>9Î</line></par>
</text>
</block>
<block><region><rect/></region>
<text>
<par/>
</text>
</block>
<block><region><rect/></region>
<text>
<par>
<line>g\jK Gantions ■</line>
<line>Beauvoir 'S</line></par>
</text>
</block>
<block><region><rect/></region>
<text>
<par>
<line>Monts bon</line></par>
</text>
</block>
<block><region><rect/><rect/></region>
<text>
<par/>
</text>
</block>
<block><region><rect/></region>
<text>
<par>
<line>Corbelir</line></par>
</text>
</block>
<block><region><rect/></region>
<text>
<par/>
</text>
</block>
<block><region><rect/></region>
<text>
<par>
<line>Coûté</line></par>
</text>
</block>
<block><region><rect/></region>
<text>
<par>
<line>Rue</line></par>
</text>
</block>
<block><region><rect/></region>
<text>
<par>
<line>Rns Gns</line></par>
</text>
</block>
<block><region><rect/><rect/><rect/></region>
<text>
<par>
<line>I I &lt;|de&gt;‘Etani</line></par>
</text>
</block>
<block><region><rect/><rect/></region>
<text>
<par>
<line>g /trviéi-fî HjÇj .'; V. . .ïïl</line></par>
</text>
</block>
<block><region><rect/></region>
<text>
<par/>
</text>
</block>
<block><region><rect/></region>
<text>
<par>
<line>RI</line></par>
</text>
</block>
<block><region><rect/></region>
<text>
<par>
<line>es Portes</line></par>
<par>
<line>'Rüùoes/</line></par>
</text>
</block>
<block><region><rect/></region>
<text>
<par>
<line>erfc</line></par>
</text>
</block>
<block><region><rect/></region>
<text>
<par/>
</text>
</block>
<block><region><rect/></region>
<text>
<par>
<line>J&gt;</line></par>
</text>
</block>
<block><region><rect/></region>
<text>
<par/>
</text>
</block>
<block><region><rect/></region>
<text>
<par/>
</text>
</block>
<block><region><rect/></region>
<text>
<par>
<line>a</line></par>
</text>
</block>
<block><region><rect/></region>
<text>
<par>
<line>H:</line></par>
</text>
</block>
<block><region><rect/></region>
<text>
<par>
<line>■ssîr</line></par>
</text>
</block>
<block><region><rect/></region>
<text>
<par>
<line>tf^-K W</line></par>
</text>
</block>
<block><region><rect/></region>
<text>
<par>
<line>Corchten</line></par>
</text>
</block>
<block><region><rect/></region>
<text>
<par/>
</text>
</block>
<block><region><rect/></region>
<text>
<par>
<line>;&gt;</line></par>
</text>
</block>
<block><region><rect/></region>
<text>
<par/>
</text>
</block>
<block><region><rect/></region>
<text>
<par>
<line>J.</line></par>
</text>
</block>
<block><region><rect/></region>
<text>
<par/>
</text>
</block>
<block><region><rect/></region>
<text>
<par/>
</text>
</block>
<block><region><rect/></region>
<text>
<par>
<line>aunoüâ</line></par>
</text>
</block>
<block><region><rect/></region>
<text>
<par/>
</text>
</block>
<block><region><rect/></region>
<text>
<par>
<line>ACTIVITES</line></par>
</text>
</block>
<block><region><rect/></region>
<text>
<par>
<line>»■ :</line></par>
</text>
</block>
<block><region><rect/></region>
<text>
<par/>
</text>
</block>
<block><region><rect/></region>
<text>
<par>
<line>ehé-l</line></par>
</text>
</block>
<block><region><rect/></region>
<text>
<par>
<line>-V.</line></par>
</text>
</block>
<block><region><rect/></region>
<text>
<par>
<line>Bois</line></par>
</text>
</block>
<block><region><rect/></region>
<text>
<par>
<line>t02</line></par>
</text>
</block>
<block><region><rect/></region>
<text>
<par>
<line>34</line></par>
</text>
</block>
<block><region><rect/></region>
<text>
<par>
<line>rall'Niitsire</line></par>
</text>
</block>
<block><region><rect/></region>
<text>
<par>
<line>sCÉfeEf/w^ A19</line></par>
</text>
</block>
<block><region><rect/></region>
<text>
<par>
<line>- N</line></par>
</text>
</block>
<block><region><rect/></region>
<text>
<par/>
</text>
</block>
<block><region><rect/></region>
<text>
<par>
<line>es^t</line></par>
</text>
</block>
<block><region><rect/></region>
<text>
<par>
<line>ACTIVITES</line></par>
<par>
<line>Puy-la-Laude</line></par>
<par>
<line>- v'-V--T"</line></par>
</text>
</block>
<block><region><rect/></region>
<text>
<par>
<line>&amp;</line></par>
</text>
</block>
<block><region><rect/></region>
<text>
<par/>
</text>
</block>
<block><region><rect/></region>
<text>
<par>
<line>'«r</line></par>
</text>
</block>
<block><region><rect/></region>
<text>
<par>
<line>TT</line></par>
</text>
</block>
<block><region><rect/></region>
<text>
<par>
<line>V/V x'</line></par>
</text>
</block>
<block><region><rect/></region>
<text>
<par>
<line>93</line></par>
</text>
</block>
<block><region><rect/></region>
<text>
<par/>
</text>
</block>
<block><region><rect/></region>
<text>
<par>
<line>M</line></par>
</text>
</block>
<block><region><rect/></region>
<text>
<par>
<line>\</line></par>
</text>
</block>
<block><region><rect/></region>
<text>
<par/>
</text>
</block>
<block><region><rect/></region>
<text>
<par>
<line>^ ■ Ù: %</line></par>
<par>
<line>Ji.</line></par>
<par>
<line>&gt;7 'wi. T-loilaude</line></par>
</text>
</block>
<block><region><rect/></region>
<text>
<par/>
</text>
</block>
<block><region><rect/></region>
<text>
<par>
<line>FyQ K El T</line></par>
</text>
</block>
<block><region><rect/></region>
<text>
<par>
<line>m</line></par>
</text>
</block>
<block><region><rect/></region>
<text>
<par>
<line>np.</line></par>
</text>
</block>
<block><region><rect/></region>
<text>
<par>
<line>[e MouIak</line></par>
</text>
</block>
<block><region><rect/></region>
<text>
<par>
<line>si**</line></par>
</text>
</block>
<block><region><rect/><rect/></region>
<text>
<par/>
</text>
</block>
<block><region><rect/></region>
<text>
<par>
<line>D 0</line></par>
</text>
</block>
<block><region><rect/></region>
<text>
<par>
<line>f. u„7 ■</line></par>
</text>
</block>
<block><region><rect/></region>
<text>
<par>
<line>08</line></par>
</text>
</block>
<block><region><rect/></region>
<text>
<par/>
</text>
</block>
<block><region><rect/></region>
<text>
<par/>
</text>
</block>
<block><region><rect/></region>
<text>
<par/>
</text>
</block>
<block><region><rect/></region>
<text>
<par>
<line>2</line></par>
</text>
</block>



































</page>
<page width="2479" height="3508" resolution="300">
<block><region><rect/></region>
<text>
<par>
<line>Orientations d’aménagement et de programmation n°1 et 2: zone UEa « La Petite</line></par>
<par>
<line>Ferme » et zone AUE « Les Gillets »</line></par>
</text>
</block>
<block><region><rect/></region>
<text>
<par>
<line>Contexte</line></par>
</text>
</block>
<block><region><rect/></region>
<text>
<par>
<line>Ces deux secteurs sont implantés à proximité l’un de l’autre. Ils sont simplement séparés par la</line>
<line>gare de Fontenay-sur-Loing et par une zone naturelle.</line></par>
<par>
<line>Implantées en rive de la R.D.2007 les parcelles qui constituent le site sont actuellement en friches.</line></par>
<par>
<line>- Le secteur de la Petite Ferme s’étend sur une surface d’environ 1 hectare. Il comprend</line>
<line>sur sa partie Nord un bâtiment toujours en activité.</line></par>
<par>
<line>- Le secteur des Gillets s’étend sur une surface d’environ 3 hectares. Cette friche</line>
<line>industrielle marque le paysage avec ses anciens bâtiments à l’abandon.</line></par>
</text>
</block>
<block><region><rect/></region>
<text>
<par>
<line>Objectifs d’aménagement de la zone</line></par>
<par>
<line>■ Créer un effet « vitrine » le long de la RD 2007.</line></par>
<par>
<line>■ Requalifier une friche industrielle et des espaces banalisés.</line></par>
<par>
<line>■ Sécuriser les accès le long de la RD 2007.</line></par>
</text>
</block>
<block><region><rect/></region>
<text>
<par>
<line>Définition des principes d’aménagement</line></par>
<par>
<line>Le projet a défini plusieurs principes d’aménagement : cf. préconisations et schémas ci-après.</line></par>
<par>
<line>1.Les accès à la zone</line></par>
<par>
<line>Les accès directs à la R.D.2007 sont interdits :</line></par>
<par>
<line>- Pour le secteur de la Petite Ferme, les accès se réaliseront à partir de la place de la</line>
<line>Gare.</line></par>
<par>
<line>- Pour le secteur des Gillets, les accès se réaliseront à partir de la rue des Gillets.</line></par>
</text>
</block>
<block><region><rect/></region>
<text>
<par>
<line>2.Urbanisme et paysage</line></par>
<par>
<line>- Une bande non aedificandi de 10 m de large est créée depuis la limite de la R.D.2007. Elle sera</line>
<line>constituée d’un espace paysager avec la plantation d’un alignement d’arbres qui maintiendra</line>
<line>une unité de traitement dans la traversée du bourg.</line></par>
<par>
<line>- Une bande d’implantation obligatoire de la façade principale du bâtiment principal de 10 m de</line>
<line>large est créée, au-delà des 15 m de la limite de la R.D.2007.</line></par>
<par>
<line>- Les clôtures en limites séparatives ou à l’alignement seront constituées de clôtures ajourées</line>
<line>(type grillage) et de poteaux de couleur verte.</line></par>
<par>
<line>- Le long de la limite Nord du site des Gillets compte tenu de l’ouverture visuelle qui existe au</line>
<line>niveau du carrefour avec la rue Jean Moulin, un accompagnement paysager identique à celui</line>
<line>prévu en limite de la R.D.2007 sera imposé pour permettre d’atténuer l’impact du futur projet.</line></par>
</text>
</block>
<block><region><rect/></region>
<text>
<par>
<line>3</line></par>
</text>
</block>



<block blockType="Picture" blockName="" l="293" t="278" r="2188" b="378"><region><rect/></region>
</block>
<block blockType="Picture" blockName="" l="288" t="274" r="2192" b="383"><region><rect/></region>
</block>
</page>
<page width="2487" height="3513" resolution="300">
<block><region><rect/></region>
<text>
<par>
<line>LA PETITE FERME</line></par>
</text>
</block>
<block><region><rect/></region>
<text>
<par/>
</text>
</block>
<block><region><rect/></region>
<text>
<par/>
</text>
</block>
<block><region><rect/></region>
<text>
<par>
<line>EZZl</line></par>
</text>
</block>
<block><region><rect/></region>
<text>
<par/>
</text>
</block>
<block><region><rect/></region>
<text>
<par/>
</text>
</block>
<block><region><rect/></region>
<text>
<par>
<line>Alignement de platanes à préserver et ou à remplacer pour :</line></par>
</text>
</block>
<block><region><rect/></region>
<text>
<par>
<line>- maintenir une unité de traitement dans la traversée du</line></par>
</text>
</block>
<block><region><rect/></region>
<text>
<par>
<line>bourg,</line></par>
</text>
</block>
<block><region><rect/></region>
<text>
<par>
<line>-obtenir un effet vitrine" en façade des lots</line></par>
</text>
</block>
<block><region><rect/></region>
<text>
<par>
<line>Bâtiment existant</line></par>
</text>
</block>
<block><region><rect/></region>
<text>
<par>
<line>• conserver un filtre végéta] vis à vis des riverains</line></par>
</text>
</block>
<block><region><rect/></region>
<text>
<par>
<line>préservé</line></par>
</text>
</block>
<block><region><rect/></region>
<text>
<par>
<line>implantés à l'Est de la R.D,</line></par>
</text>
</block>
<block><region><rect/></region>
<text>
<par/>
</text>
</block>
<block><region><rect/></region>
<text>
<par>
<line>g</line></par>
</text>
</block>
<block><region><rect/></region>
<text>
<par>
<line>K</line></par>
</text>
</block>
<block><region><rect/></region>
<text>
<par/>
</text>
</block>
<block><region><rect/></region>
<text>
<par>
<line>LA CROIX ROUGE</line></par>
</text>
</block>
<block><region><rect/></region>
<text>
<par>
<line>Bande non aedmcandl de 10 m de large depuis</line></par>
</text>
</block>
<block><region><rect/></region>
<text>
<par>
<line>la limite de la R.D.2007 constituée d'un espace</line></par>
</text>
</block>
<block><region><rect/></region>
<text>
<par>
<line>paysager avec plantation d un alignement</line></par>
</text>
</block>
<block><region><rect/><rect/><rect/></region>
<text>
<par>
<line>t</line></par>
</text>
</block>
<block><region><rect/></region>
<text>
<par>
<line>0</line></par>
</text>
</block>
<block><region><rect/></region>
<text>
<par>
<line>d arbres qui renforcera l'effet 'Vitrine" et qui</line></par>
</text>
</block>
<block><region><rect/></region>
<text>
<par>
<line>f#</line></par>
</text>
</block>
<block><region><rect/></region>
<text>
<par>
<line>maintiendra une unité de traitement dans la</line></par>
</text>
</block>
<block><region><rect/></region>
<text>
<par>
<line>traversée du bourg.</line></par>
</text>
</block>
<block><region><rect/></region>
<text>
<par/>
</text>
</block>
<block><region><rect/></region>
<text>
<par/>
</text>
</block>
<block><region><rect/></region>
<text>
<par>
<line>B</line></par>
</text>
</block>
<block><region><rect/></region>
<text>
<par>
<line>f</line></par>
</text>
</block>
<block><region><rect/></region>
<text>
<par>
<line>m</line></par>
</text>
</block>
<block><region><rect/></region>
<text>
<par/>
</text>
</block>
<block><region><rect/></region>
<text>
<par/>
</text>
</block>
<block><region><rect/></region>
<text>
<par>
<line>tw</line></par>
</text>
</block>
<block><region><rect/></region>
<text>
<par/>
</text>
</block>
<block><region><rect/></region>
<text>
<par>
<line>I#</line></par>
</text>
</block>
<block><region><rect/></region>
<text>
<par>
<line>LA PETITE FERME</line></par>
</text>
</block>
<block><region><rect/></region>
<text>
<par/>
</text>
</block>
<block><region><rect/></region>
<text>
<par>
<line>f</line></par>
</text>
</block>
<block><region><rect/></region>
<text>
<par/>
</text>
</block>
<block><region><rect/></region>
<text>
<par>
<line>Accès obligatoire au site à partir</line></par>
</text>
</block>
<block><region><rect/></region>
<text>
<par>
<line>Bande d'implantation obligatoire de la</line></par>
</text>
</block>
<block><region><rect/></region>
<text>
<par>
<line>des abords de la gare (aucun</line></par>
</text>
</block>
<block><region><rect/></region>
<text>
<par>
<line>façade principale du bâtiment principal</line></par>
</text>
</block>
<block><region><rect/></region>
<text>
<par>
<line>accès direct sur la R.D.2007).</line></par>
</text>
</block>
<block><region><rect/></region>
<text>
<par>
<line>pour obtenir un effet vitrine".</line></par>
</text>
</block>
<block><region><rect/></region>
<text>
<par>
<line>I®</line></par>
</text>
</block>
<block><region><rect/></region>
<text>
<par>
<line>%</line></par>
</text>
</block>
<block><region><rect/></region>
<text>
<par/>
</text>
</block>
<block><region><rect/></region>
<text>
<par>
<line>a</line></par>
</text>
</block>
<block><region><rect/></region>
<text>
<par>
<line>4</line></par>
</text>
</block>



















































































</page>
<page width="2485" height="3512" resolution="300">
<block><region><rect/></region>
<text>
<par>
<line>LES GILLETS</line></par>
</text>
</block>
<block><region><rect/></region>
<text>
<par>
<line>9</line></par>
</text>
</block>
<block><region><rect/></region>
<text>
<par>
<line>0</line></par>
</text>
</block>
<block><region><rect/></region>
<text>
<par>
<line>0</line></par>
</text>
</block>
<block><region><rect/></region>
<text>
<par>
<line>m</line></par>
</text>
</block>
<block><region><rect/></region>
<text>
<par>
<line>É.</line></par>
</text>
</block>
<block><region><rect/></region>
<text>
<par>
<line>0</line></par>
</text>
</block>
<block><region><rect/></region>
<text>
<par>
<line>0</line></par>
</text>
</block>
<block><region><rect/></region>
<text>
<par>
<line>0</line></par>
</text>
</block>
<block><region><rect/></region>
<text>
<par/>
</text>
</block>
<block><region><rect/></region>
<text>
<par>
<line>Q</line></par>
</text>
</block>
<block><region><rect/></region>
<text>
<par/>
</text>
</block>
<block><region><rect/></region>
<text>
<par>
<line>0</line></par>
</text>
</block>
<block><region><rect/></region>
<text>
<par>
<line>0</line></par>
</text>
</block>
<block><region><rect/></region>
<text>
<par>
<line>Accès obligatoire au site à partir</line></par>
</text>
</block>
<block><region><rect/></region>
<text>
<par>
<line>de la Rue des Gillets (aucun</line></par>
</text>
</block>
<block><region><rect/></region>
<text>
<par>
<line>Bande non aedincandi de 10 m de large depuis</line></par>
</text>
</block>
<block><region><rect/></region>
<text>
<par>
<line>O</line></par>
</text>
</block>
<block><region><rect/></region>
<text>
<par>
<line>0</line></par>
</text>
</block>
<block><region><rect/></region>
<text>
<par>
<line>accès direct sur ia R.D.2007)</line></par>
</text>
</block>
<block><region><rect/></region>
<text>
<par>
<line>la limite de ta R.D.2007 constituée d’un espace</line></par>
</text>
</block>
<block><region><rect/></region>
<text>
<par>
<line>paysager avec plantation d'un alignement</line></par>
</text>
</block>
<block><region><rect/></region>
<text>
<par>
<line>O</line></par>
</text>
</block>
<block><region><rect/></region>
<text>
<par>
<line>d'arbres qui renforcera I effet "vitrine" et qui</line></par>
</text>
</block>
<block><region><rect/></region>
<text>
<par>
<line>maintiendra une unité de traitement dans la</line></par>
</text>
</block>
<block><region><rect/></region>
<text>
<par>
<line>S</line></par>
</text>
</block>
<block><region><rect/></region>
<text>
<par>
<line>traversée du bourg.</line></par>
</text>
</block>
<block><region><rect/></region>
<text>
<par>
<line>0</line></par>
</text>
</block>
<block><region><rect/></region>
<text>
<par>
<line>0</line></par>
</text>
</block>
<block><region><rect/></region>
<text>
<par>
<line>Bande d implantation obligatoire de la</line></par>
</text>
</block>
<block><region><rect/></region>
<text>
<par/>
</text>
</block>
<block><region><rect/></region>
<text>
<par>
<line>PORT</line></par>
</text>
</block>
<block><region><rect/></region>
<text>
<par>
<line>façade principale du bâtiment principal</line></par>
</text>
</block>
<block><region><rect/></region>
<text>
<par>
<line>pour obtenir un effet "vitrine”.</line></par>
</text>
</block>
<block><region><rect/></region>
<text>
<par/>
</text>
</block>
<block><region><rect/></region>
<text>
<par>
<line>0</line></par>
</text>
</block>
<block><region><rect/></region>
<text>
<par>
<line>0</line></par>
</text>
</block>
<block><region><rect/></region>
<text>
<par>
<line>0</line></par>
</text>
</block>
<block><region><rect/></region>
<text>
<par>
<line>0</line></par>
</text>
</block>
<block><region><rect/></region>
<text>
<par/>
</text>
</block>
<block><region><rect/></region>
<text>
<par>
<line>•0</line></par>
</text>
</block>
<block><region><rect/></region>
<text>
<par>
<line>0</line></par>
</text>
</block>
<block><region><rect/></region>
<text>
<par>
<line>rsj</line></par>
</text>
</block>
<block><region><rect/></region>
<text>
<par>
<line>0</line></par>
</text>
</block>
<block><region><rect/></region>
<text>
<par>
<line>Q</line></par>
</text>
</block>
<block><region><rect/></region>
<text>
<par>
<line>•0</line></par>
</text>
</block>
<block><region><rect/></region>
<text>
<par>
<line>a:</line></par>
</text>
</block>
<block><region><rect/></region>
<text>
<par>
<line>0</line></par>
</text>
</block>
<block><region><rect/></region>
<text>
<par>
<line>LE!</line></par>
</text>
</block>
<block><region><rect/></region>
<text>
<par>
<line>0</line></par>
</text>
</block>
<block><region><rect/></region>
<text>
<par>
<line>Alignement de platanes à préserver et ou à remplacer pour :</line></par>
</text>
</block>
<block><region><rect/></region>
<text>
<par>
<line>0Z</line></par>
</text>
</block>
<block><region><rect/></region>
<text>
<par>
<line>maintenir une unité de traitement dans la traversée du</line></par>
</text>
</block>
<block><region><rect/></region>
<text>
<par>
<line>f</line></par>
</text>
</block>
<block><region><rect/></region>
<text>
<par>
<line>bourg,</line></par>
</text>
</block>
<block><region><rect/></region>
<text>
<par>
<line>0</line></par>
</text>
</block>
<block><region><rect/></region>
<text>
<par>
<line>- obtenir un effet "vitrine" en façade des lots,</line></par>
</text>
</block>
<block><region><rect/></region>
<text>
<par/>
</text>
</block>
<block><region><rect/></region>
<text>
<par>
<line>conserver un nitre végétal vis à vis des riverains</line></par>
</text>
</block>
<block><region><rect/></region>
<text>
<par>
<line>Implantés à I Est de la R.D.</line></par>
</text>
</block>
<block><region><rect/></region>
<text>
<par>
<line>•0</line></par>
</text>
</block>
<block><region><rect/></region>
<text>
<par>
<line>0</line></par>
</text>
</block>
<block><region><rect/></region>
<text>
<par/>
</text>
</block>
<block><region><rect/></region>
<text>
<par/>
</text>
</block>
<block><region><rect/></region>
<text>
<par>
<line>OB</line></par>
</text>
</block>
<block><region><rect/></region>
<text>
<par>
<line>a</line></par>
</text>
</block>
<block><region><rect/></region>
<text>
<par>
<line>Q</line></par>
</text>
</block>
<block><region><rect/></region>
<text>
<par>
<line>S</line></par>
</text>
</block>
<block><region><rect/></region>
<text>
<par>
<line>Q</line></par>
</text>
</block>
<block><region><rect/></region>
<text>
<par/>
</text>
</block>
<block><region><rect/></region>
<text>
<par>
<line>5</line></par>
</text>
</block>



























</page>
<page width="2479" height="3508" resolution="300">
<block><region><rect/></region>
<text>
<par>
<line>Orientations d’aménagement et de programmation n°3 : zone UEa « Pente de la Belle</line></par>
<par>
<line>Fosse »</line></par>
</text>
</block>
<block><region><rect/></region>
<text>
<par>
<line>Contexte</line></par>
</text>
</block>
<block><region><rect/></region>
<text>
<par>
<line>Le site est implanté au Sud de la commune, en rive de la R.D.2007, aux abords de l’échangeur avec</line>
<line>l’autoroute A19.</line></par>
<par>
<line>Les parcelles qui constituent le terrain d’assiette sont d’anciennes friches ou en friches. Elles</line>
<line>forment une des premières visions du montargois pour les usagers de l’A19 qui prennent la direction</line>
<line>de Montargis.</line></par>
</text>
</block>
<block><region><rect/></region>
<text>
<par>
<line>Objectifs d’aménagement de la zone</line></par>
<par>
<line>■ Créer un effet « vitrine » le long de la RD 2007.</line></par>
<par>
<line>■ Requalifier des espaces banalisés.</line></par>
<par>
<line>■ Sécuriser les accès le long de la RD 2007.</line></par>
<par>
<line>■ Créer une unité de traitement en façade des projets d’activités du secteur.</line></par>
</text>
</block>
<block><region><rect/></region>
<text>
<par>
<line>Définition des principes d’aménagement</line></par>
<par>
<line>Le projet a défini plusieurs principes d’aménagement : cf. préconisations et schémas ci-après.</line></par>
<par>
<line>1. Les accès à la zone</line></par>
<par>
<line>Les accès directs à la R.D.2007 sont interdits. Ils se réaliseront à partir de la voie communale n°16</line>
<line>ou à partir du giratoire d’accès à l’autoroute A19.</line></par>
<par>
<line>2. Urbanisme et paysage</line></par>
<par>
<line>Une bande non aedificandi de 10 m de large depuis la limite de la R.D.2007 est créée. Elle sera</line>
<line>constituée d’un espace paysager avec la plantation d’un alignement d’arbres qui maintiendra une</line>
<line>unité de traitement.</line></par>
</text>
</block>
<block><region><rect/></region>
<text>
<par>
<line>Une bande d’implantation obligatoire de la façade principale du bâtiment principal de 10 m de</line>
<line>large est également imposée, au-delà des 15 m de la limite de la R.D.2007.</line></par>
<par>
<line>Les clôtures en limites séparatives ou à l’alignement seront constituées de clôtures ajourées (type</line>
<line>grillage) et de poteaux de couleur verte.</line></par>
</text>
</block>
<block><region><rect/></region>
<text>
<par>
<line>6</line></par>
</text>
</block>



<block blockType="Picture" blockName="" l="293" t="239" r="2188" b="339"><region><rect/></region>
</block>
<block blockType="Picture" blockName="" l="288" t="235" r="2192" b="344"><region><rect/></region>
</block>
</page>
<page width="2479" height="3508" resolution="300">
<block><region><rect/></region>
<text>
<par>
<line>PENTE DE LA BELLE FOSSE</line></par>
</text>
</block>
<block><region><rect/></region>
<text>
<par>
<line>DU BOIS^IES COURILLC</line></par>
</text>
</block>
<block><region><rect/></region>
<text>
<par/>
</text>
</block>
<block><region><rect/></region>
<text>
<par>
<line>f</line></par>
</text>
</block>
<block><region><rect/></region>
<text>
<par/>
</text>
</block>
<block><region><rect/></region>
<text>
<par>
<line>Bande d implantation obligatoire de la</line></par>
</text>
</block>
<block><region><rect/></region>
<text>
<par>
<line>façade principale du bâtiment principal</line></par>
</text>
</block>
<block><region><rect/></region>
<text>
<par>
<line>pour obtenir un effet vitrine</line></par>
</text>
</block>
<block><region><rect/></region>
<text>
<par/>
</text>
</block>
<block><region><rect/></region>
<text>
<par/>
</text>
</block>
<block><region><rect/></region>
<text>
<par>
<line>Bande non aedtficandi de tO m de large depuis</line></par>
</text>
</block>
<block><region><rect/></region>
<text>
<par>
<line>la limite de la R.D.2007 cortstituee d un espace</line></par>
</text>
</block>
<block><region><rect/></region>
<text>
<par>
<line>pay^sager avec plantation d un alignement</line></par>
</text>
</block>
<block><region><rect/></region>
<text>
<par>
<line>d arbres qui renforcera l'effet "vitrine" et qui</line></par>
</text>
</block>
<block><region><rect/></region>
<text>
<par>
<line>maintiendra une unité de traitement dans a</line></par>
</text>
</block>
<block><region><rect/></region>
<text>
<par>
<line>traversée du bourg.</line></par>
</text>
</block>
<block><region><rect/></region>
<text>
<par>
<line>Accès obligatoire au site à partir de</line></par>
</text>
</block>
<block><region><rect/></region>
<text>
<par/>
</text>
</block>
<block><region><rect/></region>
<text>
<par>
<line>la voie communale n 16 ou à partir</line></par>
</text>
</block>
<block><region><rect/></region>
<text>
<par>
<line>du giratoire au Nord du site (aucun</line></par>
</text>
</block>
<block><region><rect/></region>
<text>
<par>
<line>accès direct sur la R.D.2007).</line></par>
</text>
</block>
<block><region><rect/></region>
<text>
<par>
<line>a</line></par>
</text>
</block>
<block><region><rect/></region>
<text>
<par>
<line>/O</line></par>
</text>
</block>
<block><region><rect/></region>
<text>
<par>
<line>O</line></par>
</text>
</block>
<block><region><rect/></region>
<text>
<par>
<line>im</line></par>
</text>
</block>
<block><region><rect/></region>
<text>
<par>
<line>•0</line></par>
</text>
</block>
<block><region><rect/></region>
<text>
<par>
<line>7</line></par>
</text>
</block>






















</page>
<page width="2479" height="3508" resolution="300">
<block><region><rect/></region>
<text>
<par>
<line>Orientations d’aménagement et de programmation n°4 : zone UEa « Puy-La-Laude »</line></par>
</text>
</block>
<block><region><rect/></region>
<text>
<par>
<line>Contexte</line></par>
</text>
</block>
<block><region><rect/></region>
<text>
<par>
<line>Les parcelles qui constituent le terrain d’assiette sont en friches. Elles forment une des premières</line>
<line>visions du Montargois pour les usagers de la RD 2007 qui sortent de l’A19 et qui prennent la</line>
<line>direction de Montargis.</line></par>
<par>
<line>Ces parcelles, maintenues en friche, et qui constituent une façade ouverte sur la RD 2007,</line>
<line>mériterait d’être urbanisées et aménagées afin de qualifier l’entrée de la zone d’activités et</line>
<line>améliorer l’effet « vitrine » actuel sur la RD 2007. Elles sont déjà desservies par la voirie interne de</line>
<line>la zone d’activités existante.</line></par>
<par>
<line>Ce secteur est délimité :</line></par>
<par>
<line>- côtés Sud et Nord par des implantations industrielles ou commerciales existantes,</line></par>
<par>
<line>- côté Ouest par la RD2007.</line></par>
</text>
</block>
<block><region><rect/></region>
<text>
<par>
<line>Objectifs d’aménagement de la zone</line></par>
<par>
<line>■ Créer un effet « vitrine » le long de la RD 2007.</line></par>
<par>
<line>■ Requalifier des espaces banalisés.</line></par>
<par>
<line>■ Créer une unité de traitement en façade des projets d’activités du secteur.</line></par>
</text>
</block>
<block><region><rect/></region>
<text>
<par>
<line>Définition des principes d’aménagement</line></par>
<par>
<line>Le projet a défini plusieurs principes d’aménagement : cf. préconisations et schémas ci-après.</line></par>
<par>
<line>1. Les accès à la zone</line></par>
<par>
<line>Les accès directs à la R.D.2007 sont interdits. Ils se réaliseront à partir de la voie de desserte</line>
<line>existante de la zone d’activités « Puy-la-Laude ».</line></par>
<par>
<line>2. Urbanisme et paysage</line></par>
<par>
<line>Une bande non aedificandi de 10 m de large depuis la limite de la R.D.2007 est créée. Elle sera</line>
<line>constituée d’un espace paysager avec la plantation d’un alignement d’arbres qui maintiendra une</line>
<line>unité de traitement.</line></par>
<par>
<line>Les clôtures en limites séparatives ou à l’alignement seront constituées de clôtures ajourées (type</line>
<line>grillage) et de poteaux de couleur verte.</line></par>
</text>
</block>
<block><region><rect/></region>
<text>
<par>
<line>8</line></par>
</text>
</block>



<block blockType="Picture" blockName="" l="293" t="239" r="2188" b="286"><region><rect/></region>
</block>
<block blockType="Picture" blockName="" l="288" t="235" r="2192" b="291"><region><rect/></region>
</block>
</page>
<page width="2479" height="3508" resolution="300">
<block><region><rect/></region>
<text>
<par>
<line>PUY-LA-LAUDE</line></par>
</text>
</block>
<block><region><rect/></region>
<text>
<par>
<line>/9r</line></par>
</text>
</block>
<block><region><rect/></region>
<text>
<par>
<line>a,</line></par>
</text>
</block>
<block><region><rect/></region>
<text>
<par/>
</text>
</block>
<block><region><rect/></region>
<text>
<par/>
</text>
</block>
<block><region><rect/></region>
<text>
<par>
<line>a/</line></par>
</text>
</block>
<block><region><rect/></region>
<text>
<par/>
</text>
</block>
<block><region><rect/></region>
<text>
<par>
<line>iSt</line></par>
</text>
</block>
<block><region><rect/></region>
<text>
<par/>
</text>
</block>
<block><region><rect/></region>
<text>
<par>
<line>kl</line></par>
</text>
</block>
<block><region><rect/></region>
<text>
<par>
<line>iQl</line></par>
</text>
</block>
<block><region><rect/></region>
<text>
<par>
<line>il</line></par>
</text>
</block>
<block><region><rect/></region>
<text>
<par>
<line>oi</line></par>
</text>
</block>
<block><region><rect/></region>
<text>
<par>
<line>r&gt;</line></par>
</text>
</block>
<block><region><rect/></region>
<text>
<par>
<line>(1</line></par>
</text>
</block>
<block><region><rect/></region>
<text>
<par>
<line>Bande non eedificandi de 10 m de large depuis</line></par>
</text>
</block>
<block><region><rect/></region>
<text>
<par>
<line>a</line></par>
</text>
</block>
<block><region><rect/></region>
<text>
<par>
<line>la limite de la R.D.2007 constituée d un espace</line></par>
</text>
</block>
<block><region><rect/></region>
<text>
<par>
<line>paysager avec plantation d Un alignement</line></par>
</text>
</block>
<block><region><rect/></region>
<text>
<par>
<line>d'arbres qui renforcera l’effet "vitrine ' et qui</line></par>
</text>
</block>
<block><region><rect/></region>
<text>
<par>
<line>maintiendra une un té de traitement dans la</line></par>
</text>
</block>
<block><region><rect/></region>
<text>
<par>
<line>'Ol</line></par>
</text>
</block>
<block><region><rect/></region>
<text>
<par>
<line>traversée du bourg.</line></par>
</text>
</block>
<block><region><rect/></region>
<text>
<par>
<line>Accès obligatoire à partir de la</line></par>
</text>
</block>
<block><region><rect/></region>
<text>
<par>
<line>voirie existante de la zone</line></par>
</text>
</block>
<block><region><rect/></region>
<text>
<par>
<line>d’activités (aucun accès direct sur</line></par>
</text>
</block>
<block><region><rect/></region>
<text>
<par>
<line>4</line></par>
</text>
</block>
<block><region><rect/></region>
<text>
<par>
<line>la R.D.20l&gt;7</line></par>
</text>
</block>
<block><region><rect/></region>
<text>
<par/>
</text>
</block>
<block><region><rect/></region>
<text>
<par>
<line>^1</line></par>
</text>
</block>
<block><region><rect/></region>
<text>
<par>
<line>O</line></par>
</text>
</block>
<block><region><rect/></region>
<text>
<par>
<line>Bande non aedtficanui de 10 m de large depuis</line></par>
</text>
</block>
<block><region><rect/></region>
<text>
<par>
<line>la limite de la R.D.2Q07 constituée d un espace</line></par>
</text>
</block>
<block><region><rect/></region>
<text>
<par>
<line>paysager avec plantation d un alignement</line></par>
</text>
</block>
<block><region><rect/></region>
<text>
<par>
<line>d'arbres qui renforcera I effet ' vitrine et qui</line></par>
</text>
</block>
<block><region><rect/></region>
<text>
<par>
<line>Oï</line></par>
</text>
</block>
<block><region><rect/></region>
<text>
<par>
<line>maintiendra une unité de traitement dans la</line></par>
</text>
</block>
<block><region><rect/></region>
<text>
<par>
<line>traversée du bourg.</line></par>
</text>
</block>
<block><region><rect/></region>
<text>
<par>
<line>Hl</line></par>
</text>
</block>
<block><region><rect/></region>
<text>
<par>
<line>m</line></par>
</text>
</block>
<block><region><rect/></region>
<text>
<par>
<line>PI</line></par>
</text>
</block>
<block><region><rect/></region>
<text>
<par>
<line>O. LA PLAINE DE PIUY-LA-LAUDE</line></par>
</text>
</block>
<block><region><rect/></region>
<text>
<par>
<line>©I</line></par>
</text>
</block>
<block><region><rect/></region>
<text>
<par>
<line>O</line></par>
</text>
</block>
<block><region><rect/></region>
<text>
<par>
<line>Ol</line></par>
</text>
</block>
<block><region><rect/></region>
<text>
<par>
<line>lo</line></par>
</text>
</block>
<block><region><rect/></region>
<text>
<par>
<line>-si</line></par>
</text>
</block>
<block><region><rect/></region>
<text>
<par/>
</text>
</block>
<block><region><rect/></region>
<text>
<par>
<line>Ol</line></par>
</text>
</block>
<block><region><rect/></region>
<text>
<par>
<line>9</line></par>
</text>
</block>















</page>
<page width="2479" height="3508" resolution="300">
<block><region><rect/></region>
<text>
<par>
<line>Orientations d’aménagement et de programmation n°5 : zone UBa « Clos des Deux</line></par>
<par>
<line>Routes »</line></par>
</text>
</block>
<block><region><rect/></region>
<text>
<par>
<line>Contexte</line></par>
</text>
</block>
<block><region><rect/></region>
<text>
<par>
<line>Implanté en rive de la R.D.2007, le site est localisé en dehors du bourg.</line></par>
<par>
<line>Les parcelles qui constituent le terrain d’assiette sont actuellement en friches. Elles forment une</line>
<line>ouverture visuelle pour les usagers de la R.D.2007. Cependant aucune perception éloignée</line>
<line>n’existent, les parcelles situées en amont et en aval étant urbanisées ou fortement arborées.</line></par>
<par>
<line>Objectifs d’aménagement de la zone</line></par>
<par>
<line>■ Densifier la rue Du Clos des deux Routes en relation avec le bâti environnant.</line></par>
<par>
<line>■ Assurer une bonne couture avec le tissu adjacent par des liaisons piétonnes et automobiles.</line></par>
<par>
<line>■ Prendre en compte les contraintes liées à la RD 2007 en terme d’accès et de paysage.</line></par>
</text>
</block>
<block><region><rect/></region>
<text>
<par>
<line>Définition des principes d’aménagement</line></par>
<par>
<line>Le projet a défini plusieurs principes d’aménagement : cf. préconisations et schémas ci-après.</line></par>
<par>
<line>1. Les accès à la zone</line></par>
<par>
<line>Les accès directs à la R.D.2007 sont interdits. Ils se réaliseront à partir de la voie communale à l’Est</line>
<line>du site.</line></par>
<par>
<line>Les accès routiers (hors modes doux) non mentionnés au plan d’aménagement sont interdits quelque</line>
<line>soit leur nature, et notamment les accès aux lots privatifs à partir des terrains extérieurs au</line>
<line>périmètre de l’opération.</line></par>
</text>
</block>
<block><region><rect/></region>
<text>
<par>
<line>2. Urbanisme et paysage</line></par>
<par>
<line>Une bande non aedificandi de 30 m de large depuis l’axe de la R.D.2007 est créée afin d’imposer en</line>
<line>fond de lot des plantations denses qui formeront un écran phonique et visuel.</line></par>
<par>
<line>Un écran vert sera préservé ou reconstitué en limite de la voie communale à l’Est.</line></par>
<par>
<line>Les clôtures en limites Ouest seront constituées de clôtures ajourées (type grillage) et de poteaux</line>
<line>de couleur verte.</line></par>
</text>
</block>
<block><region><rect/></region>
<text>
<par>
<line>10</line></par>
</text>
</block>



<block blockType="Picture" blockName="" l="293" t="327" r="2188" b="426"><region><rect/></region>
</block>
<block blockType="Picture" blockName="" l="288" t="323" r="2192" b="431"><region><rect/></region>
</block>
</page>
<page width="2479" height="3508" resolution="300">
<block><region><rect/></region>
<text>
<par>
<line>CLOS DES DEUX ROUTES</line></par>
</text>
</block>
<block><region><rect/></region>
<text>
<par/>
</text>
</block>
<block><region><rect/></region>
<text>
<par>
<line>&amp;</line></par>
</text>
</block>
<block><region><rect/></region>
<text>
<par>
<line>Bande non aedlficandi de 30 m</line></par>
</text>
</block>
<block><region><rect/></region>
<text>
<par>
<line>de large depuis i axe de la voie</line></par>
</text>
</block>
<block><region><rect/></region>
<text>
<par>
<line>avec plantations denses sur</line></par>
</text>
</block>
<block><region><rect/></region>
<text>
<par>
<line>parcelles pour création d'un</line></par>
</text>
</block>
<block><region><rect/></region>
<text>
<par>
<line>écran phonique et visuel.</line></par>
</text>
</block>
<block><region><rect/></region>
<text>
<par>
<line>CLOS DES DEUX ROUTES</line></par>
</text>
</block>
<block><region><rect/></region>
<text>
<par>
<line>Accès direct au site (aucun</line></par>
</text>
</block>
<block><region><rect/></region>
<text>
<par>
<line>accès direct sur la R.D.2CH)7)</line></par>
</text>
</block>
<block><region><rect/></region>
<text>
<par/>
</text>
</block>
<block><region><rect/></region>
<text>
<par>
<line>O</line></par>
</text>
</block>
<block><region><rect/></region>
<text>
<par>
<line>O</line></par>
</text>
</block>
<block><region><rect/></region>
<text>
<par>
<line>CM</line></par>
</text>
</block>
<block><region><rect/></region>
<text>
<par>
<line>Q</line></par>
</text>
</block>
<block><region><rect/></region>
<text>
<par/>
</text>
</block>
<block><region><rect/></region>
<text>
<par/>
</text>
</block>
<block><region><rect/></region>
<text>
<par>
<line>Kaie existante a conserver pour :</line></par>
</text>
</block>
<block><region><rect/></region>
<text>
<par>
<line>maintenir un écran visuel pour les</line></par>
</text>
</block>
<block><region><rect/></region>
<text>
<par>
<line>usagers de la voie</line></par>
</text>
</block>
<block><region><rect/></region>
<text>
<par>
<line>- maintenir un écran visuel et</line></par>
</text>
</block>
<block><region><rect/></region>
<text>
<par>
<line>phonique pour les riverains</line></par>
</text>
</block>
<block><region><rect/></region>
<text>
<par>
<line>existants a l Est de la voie</line></par>
</text>
</block>
<block><region><rect/></region>
<text>
<par>
<line>a</line></par>
</text>
</block>
<block><region><rect/></region>
<text>
<par/>
</text>
</block>
<block><region><rect/></region>
<text>
<par>
<line>/</line></par>
</text>
</block>
<block><region><rect/></region>
<text>
<par/>
</text>
</block>
<block><region><rect/></region>
<text>
<par/>
</text>
</block>
<block><region><rect/></region>
<text>
<par>
<line>11</line></par>
</text>
</block>


































<block blockType="Picture" blockName="" l="1531" t="1668" r="1595" b="1756"><region><rect/></region>
</block>
</page>
<page width="2479" height="3508" resolution="300">
<block><region><rect/></region>
<text>
<par>
<line>Orientations d’aménagement et de programmation n°6 : zone UBo « Les Sables »</line></par>
</text>
</block>
<block><region><rect/></region>
<text>
<par>
<line>Contexte</line></par>
<par>
<line>Ce secteur se situe en cœur d’îlot, au lieu-dit « Les Sables » dans un secteur pavillonnaire implanté</line>
<line>à l’Est de la RD 2007.</line></par>
<par>
<line>Les parcelles qui constituent le terrain d’assiette sont actuellement en friches.</line></par>
<par>
<line>Objectifs d’aménagement de la zone</line></par>
<par>
<line>■ Poursuivre la densification de ce quartier.</line></par>
<par>
<line>■ Assurer une bonne couture avec le tissu adjacent par des liaisons piétonnes et automobiles.</line></par>
<par>
<line>■ Réduire les déplacements vers les équipements publics.</line></par>
<par>
<line>Définition des principes d’aménagement</line></par>
<par>
<line>Le projet a défini plusieurs principes d’aménagement : cf. préconisations et schémas ci-après.</line></par>
</text>
</block>
<block><region><rect/></region>
<text>
<par>
<line>1. Les voies routières et les accès à la zone</line></par>
<par>
<line>Les liaisons avec le quartier environnant seront au nombre de deux : un accès à partir de la rue</line>
<line>Jean-Baptiste Petit et un accès à partir de l’allée des Pêcheurs.</line></par>
<par>
<line>Les accès routiers (hors modes doux) non mentionnés au plan d’aménagement sont interdits quelque</line>
<line>soit leur nature, et notamment les accès aux lots privatifs à partir des terrains extérieurs au</line>
<line>périmètre de l’opération.</line></par>
<par>
<line>Ces accès sont matérialisés au plan de zonage par des emplacements réservés.</line></par>
</text>
</block>
<block><region><rect/></region>
<text>
<par>
<line>2. Les cheminements piétonniers</line></par>
<par>
<line>La voirie s’accompagnera systématiquement d’un cheminement piétonnier. Un accès piétonnier</line>
<line>sera également réalisé pour rejoindre la rue Jean Moulin dans l’objectif de réduire les trajets vers</line>
<line>les équipements publics (écoles notamment).</line></par>
<par>
<line>Ce cheminement piéton est matérialisé au plan de zonage par un emplacement réservé.</line></par>
</text>
</block>
<block><region><rect/></region>
<text>
<par>
<line>3.Les aires de stationnement</line></par>
<par>
<line>La zone devra comprendre des places de stationnement sur le domaine public afin d’éviter la</line>
<line>surcharge des trottoirs lors de l’accueil de visiteurs. Ce stationnement devra être dispersé sur tout</line>
<line>le secteur.</line></par>
</text>
</block>
<block><region><rect/></region>
<text>
<par>
<line>12</line></par>
</text>
</block>



<block blockType="Picture" blockName="" l="293" t="278" r="2188" b="325"><region><rect/></region>
</block>
<block blockType="Picture" blockName="" l="288" t="274" r="2192" b="329"><region><rect/></region>
</block>
</page>
<page width="3736" height="2815" resolution="300">
<block><region><rect/></region>
<text>
<par>
<line>'aménagement et de programmation</line></par>
</text>
</block>
<block><region><rect/></region>
<text>
<par>
<line>Orientations d</line></par>
</text>
</block>
<block><region><rect/></region>
<text>
<par>
<line>«Les Sables»</line></par>
</text>
</block>
<block><region><rect/></region>
<text>
<par/>
</text>
</block>
<block><region><rect/></region>
<text>
<par/>
</text>
</block>
<block><region><rect/></region>
<text>
<par/>
</text>
</block>
<block><region><rect/></region>
<text>
<par>
<line>■' /</line></par>
</text>
</block>
<block><region><rect/></region>
<text>
<par>
<line>J N</line></par>
</text>
</block>
<block><region><rect/></region>
<text>
<par>
<line>itftJ *■</line></par>
</text>
</block>
<block><region><rect/></region>
<text>
<par/>
</text>
</block>
<block><region><rect/></region>
<text>
<par>
<line>ou/</line></par>
</text>
</block>
<block><region><rect/></region>
<text>
<par>
<line>'n -,</line></par>
</text>
</block>
<block><region><rect/></region>
<text>
<par/>
</text>
</block>
<block><region><rect/></region>
<text>
<par>
<line>■r</line></par>
</text>
</block>
<block><region><rect/></region>
<text>
<par/>
</text>
</block>
<block><region><rect/></region>
<text>
<par/>
</text>
</block>
<block><region><rect/></region>
<text>
<par>
<line>O</line></par>
</text>
</block>
<block><region><rect/></region>
<text>
<par>
<line>LEGENDB</line></par>
</text>
</block>
<block><region><rect/></region>
<text>
<par/>
</text>
</block>
<block><region><rect/></region>
<text>
<par>
<line>Etat initial</line></par>
</text>
</block>
<block><region><rect/></region>
<text>
<par>
<line>Périmètre de la zone UBo</line></par>
</text>
</block>
<block><region><rect/></region>
<text>
<par>
<line>a</line></par>
</text>
</block>
<block><region><rect/></region>
<text>
<par>
<line>Voirie existante</line></par>
</text>
</block>
<block><region><rect/></region>
<text>
<par>
<line>IP</line></par>
</text>
</block>
<block><region><rect/></region>
<text>
<par/>
</text>
</block>
<block><region><rect/></region>
<text>
<par>
<line>pi;.</line></par>
</text>
</block>
<block><region><rect/></region>
<text>
<par>
<line>g,,,ent Végétai, stationnement</line></par>
</text>
</block>
<block><region><rect/></region>
<text>
<par>
<line>^ Voirie</line></par>
</text>
</block>
<block><region><rect/></region>
<text>
<par>
<line>voirie avec accompa</line></par>
</text>
</block>
<block><region><rect/></region>
<text>
<par/>
</text>
</block>
<block><region><rect/></region>
<text>
<par/>
</text>
</block>
<block><region><rect/></region>
<text>
<par>
<line>accroche à la voirie existante</line></par>
</text>
</block>
<block><region><rect/></region>
<text>
<par>
<line>O</line></par>
</text>
</block>
<block><region><rect/></region>
<text>
<par>
<line>Cheminement piéton</line></par>
</text>
</block>
<block><region><rect/></region>
<text>
<par>
<line>13</line></par>
</text>
</block>




































</page>
</OAP>