<?xml version="1.0" encoding="UTF-8"?><OAP>
<page width="1288" height="1812" resolution="150">
<block><region><rect/></region>
<text>
<par>
<line>Aménagement</line></par>
</text>
</block>
<block><region><rect/></region>
<text>
<par>
<line>opqpbi</line></par>
<par>
<line>ÇI5JI_6 1733</line></par>
</text>
</block>
<block><region><rect/></region>
<text>
<par>
<line>SESAER</line></par>
</text>
</block>
<block><region><rect/></region>
<text>
<par>
<line>TA de Roumagnac - 81 600 GAILLAC</line>
<line>î 05-63-57-19-09/1 05-63-57-12-92</line></par>
</text>
</block>
<block><region><rect/></region>
<text>
<par>
<line>Urbanisme</line></par>
</text>
</block>
<block><region><rect/></region>
<text>
<par/>
</text>
</block>
<block><region><rect/></region>
<text>
<par/>
</text>
</block>
<block><region><rect/></region>
<text>
<par>
<line>sous</line></par>
</text>
</block>
<block><region><rect/></region>
<text>
<par>
<line>ml</line></par>
</text>
</block>
<block><region><rect/></region>
<text>
<par/>
</text>
</block>
<block><region><rect/></region>
<text>
<par/>
</text>
</block>
<block><region><rect/></region>
<text>
<par>
<line>Reçu</line></par>
</text>
</block>
<block><region><rect/></region>
<text>
<par/>
</text>
</block>
<block><region><rect/></region>
<text>
<par>
<line>GCAC</line></par>
</text>
</block>
<block><region><rect/></region>
<text>
<par>
<line>Fl</line></par>
</text>
</block>
<block><region><rect/></region>
<text>
<par>
<line>de</line></par>
</text>
</block>
<block><region><rect/></region>
<text>
<par>
<line>DEPARTEMENT</line>
<line>DU LOT</line></par>
</text>
</block>
<block><region><rect/></region>
<text>
<par>
<line>Vu pour &amp;re annexé à la délibération Commune de Saint Feux</line></par>
<par>
<line>en date du :. . r. .5. ilA^. .?PP7</line>
<line>approuvant le P LU</line></par>
</text>
</block>
<block><region><rect/></region>
<text>
<par>
<line>PLAN LOCAL D’URBANISME</line>
<line>ELABORATION</line></par>
</text>
</block>
<block><region><rect/></region>
<text>
<par>
<line>PLU approuvé par délibération</line>
<line>du Conseil Municipal en date</line>
<line>du 5 Janvier 2007Le MAIRE,</line></par>
</text>
</block>
<block><region><rect/></region>
<text>
<par>
<line>Le M</line></par>
</text>
</block>
<block><region><rect/></region>
<text>
<par/>
</text>
</block>
<block><region><rect/></region>
<text>
<par/>
</text>
</block>
<block><region><rect/></region>
<text>
<par>
<line>EFOY</line></par>
</text>
</block>
<block><region><rect/></region>
<text>
<par/>
</text>
</block>
<block><region><rect/></region>
<text>
<par>
<line>h</line></par>
</text>
</block>
<block><region><rect/></region>
<text>
<par>
<line>4. ORIENTATIONS D’AMENAGEMENT</line></par>
</text>
</block>
























<block blockType="Picture" blockName="" l="188" t="516" r="1182" b="619"><region><rect/></region>
</block>
</page>
<page width="1316" height="1831" resolution="150">
<block><region><rect/></region>
<text>
<par>
<line>SESAER Aménagement Urbanisme</line></par>
</text>
</block>
<block><region><rect/></region>
<text>
<par>
<line>Etude n‘'G-8074</line></par>
</text>
</block>
<block><region><rect/></region>
<text>
<par>
<line>COMMUNE DE SAINT FEUX</line>
<line>4.1. NOTICE EXPLICATIVE DES ORIENTATIONS</line></par>
<par>
<line>D’AMENAGEMENT</line></par>
</text>
</block>
<block><region><rect/></region>
<text>
<par>
<line>Les zones d'ouverture à l’urbanisation, appelées AU1, sont</line>
<line>développement par des opérations d’ensemble.</line></par>
<par>
<line>Le développement du Causse</line></par>
</text>
</block>
<block><region><rect/><rect/><rect/></region>
<text>
<par>
<line>ie^Ijâl ^p^^ièg^^'ÆE</line></par>
</text>
</block>
<block><region><rect/></region>
<text>
<par>
<line>:cr;.</line></par>
<par>
<line>Ir</line></par>
</text>
</block>
<block><region><rect/></region>
<text>
<par>
<line>16 JAN. 2007</line></par>
</text>
</block>
<block><region><rect/></region>
<text>
<par>
<line>N'</line></par>
</text>
</block>
<block><region><rect/></region>
<text>
<par>
<line>Ua J'îC.liAC (LOT)</line></par>
</text>
</block>
<block><region><rect/></region>
<text>
<par>
<line>Le développement de l'urbanisation doit permettre une connexion entre les différents quartiers'</line>
<line>existants et à créer. Le développement de l’urbanisation s'appuie sur la densification du bâti</line>
<line>au sein de ce secteur, situé en continuité du bourg et des zones d'habitat plus éparses.</line></par>
</text>
</block>
<block><region><rect/></region>
<text>
<par>
<line>Les orientations d'aménagement identifiées sont renforcées par des emplacements réservés</line>
<line>qui favoriseront une meilleure accessibilité de la zone et une bonne gestion des eaux</line>
<line>pluviales.</line></par>
</text>
</block>
<block><region><rect/></region>
<text>
<par>
<line>L’accès imposé permet d'utiliser les voies déjà existantes pour desservir certaines parcelles</line>
<line>non accessibles autrement.</line></par>
</text>
</block>
<block><region><rect/></region>
<text>
<par>
<line>Les dessertes internes à créer permettront une connexion entre les zones AU1 et U et</line>
<line>formeront un carrefour sécurisé permettant ainsi la desserte d'un maximum de parcelles. Elles</line>
<line>permettront également de centraliser les accès sur un chemin communal présentant un faible</line>
<line>risque routier.</line></par>
<par>
<line>Ces dessertes internes devront permettre le libre passage des résidents de la zone mais</line>
<line>aussi de l’ensemble de la population. Elles auront un caractère de voie publique qui pourra</line>
<line>être formalisé par le ou les porteurs de projets. PO“'-«(re •.</line></par>
<par>
<line>Les réseaux d’eau sont présents en limite de zone : en date du - 5 J.AN</line></par>
<par>
<line>■ en diamètre 90 mm au nord-est sous la RD 206 epprouvani lepi, û .</line></par>
<par>
<line>■ en diamètre 63 mm sous la voie qui longe l’ouest de la zone</line></par>
<par>
<line>L’assainissement n’est pas encore mis en place, mais, à terme, la zone est prévue en</line>
<line>collectif. Les réseaux séparatifs s’arrêtent pour le moment au niveau du bourg ancien de Saint</line>
<line>Félix et des extensions au nord.</line></par>
</text>
</block>
<block><region><rect/></region>
<text>
<par>
<line>L’électricité est présente en limite de la zone.</line></par>
<par>
<line>En revanche la zone AU2 ne sera ouverte que lorsque les réseaux d'eau et d’assainissement</line>
<line>ainsi que la desserte interne arrivera en limite de la zone et après modification du PLU.</line></par>
<par>
<line>Le développement de La Garrigue</line></par>
<par>
<line>Le développement de La Garrigue reste très modeste et concerne une seule grande parcelle</line>
<line>permettant une connexion entre les nouvelles constructions et le hameau ancien.</line></par>
<par>
<line>Le développement de l'urbanisation s'appuie sur une voie de desserte interne permettant</line>
<line>une desserte optimale des parcelles ainsi qu’un lien entre les différentes zones d’habitat.</line></par>
<par>
<line>Les réseaux d’eau et d'électricité sont présents non loin de la zone et de capacité suffisante.</line></par>
</text>
</block>
<block><region><rect/></region>
<text>
<par>
<line>P.L.U. de Saint Félix</line></par>
</text>
</block>
<block><region><rect/></region>
<text>
<par>
<line>Notice des Orientations d'Aménagement</line></par>
</text>
</block>
<block><region><rect/></region>
<text>
<par>
<line>1</line></par>
</text>
</block>















</page>
<page width="1307" height="1825" resolution="150">
<block><region><rect/></region>
<text>
<par>
<line>4,2. ORIENTATIONS D'AMENAGEMENT</line></par>
<par>
<line>Secteur de La Garrigue</line></par>
</text>
</block>
<block><region><rect/></region>
<text>
<par/>
</text>
</block>
<block><region><rect/></region>
<text>
<par>
<line>«Ta</line></par>
</text>
</block>
<block><region><rect/></region>
<text>
<par>
<line>(622</line></par>
</text>
</block>
<block><region><rect/></region>
<text>
<par/>
</text>
</block>
<block><region><rect/></region>
<text>
<par/>
</text>
</block>
<block><region><rect/></region>
<text>
<par>
<line>t«U</line></par>
</text>
</block>
<block><region><rect/></region>
<text>
<par>
<line>O</line></par>
</text>
</block>
<block><region><rect/></region>
<text>
<par/>
</text>
</block>
<block><region><rect/></region>
<text>
<par>
<line>isas</line></par>
</text>
</block>
<block><region><rect/></region>
<text>
<par>
<line>;ûus-</line></par>
</text>
</block>
<block><region><rect/></region>
<text>
<par>
<line>r’^CTUR</line></par>
<par>
<line>-«6^</line></par>
</text>
</block>
<block><region><rect/></region>
<text>
<par>
<line>B2S</line></par>
</text>
</block>
<block><region><rect/></region>
<text>
<par>
<line>J?</line></par>
</text>
</block>
<block><region><rect/></region>
<text>
<par>
<line>Keçi</line></par>
<par>
<line>le</line></par>
</text>
</block>
<block><region><rect/></region>
<text>
<par>
<line>16</line></par>
</text>
</block>
<block><region><rect/></region>
<text>
<par>
<line>AN. 2007</line></par>
</text>
</block>
<block><region><rect/></region>
<text>
<par>
<line>Il7«</line></par>
</text>
</block>
<block><region><rect/></region>
<text>
<par>
<line>77</line></par>
</text>
</block>
<block><region><rect/></region>
<text>
<par>
<line>'r</line></par>
</text>
</block>
<block><region><rect/></region>
<text>
<par>
<line>de ICI</line></par>
</text>
</block>
<block><region><rect/></region>
<text>
<par>
<line>a»</line></par>
</text>
</block>
<block><region><rect/></region>
<text>
<par>
<line>09</line></par>
</text>
</block>
<block><region><rect/></region>
<text>
<par>
<line>&gt;ÏS8</line></par>
</text>
</block>
<block><region><rect/></region>
<text>
<par>
<line>a«</line></par>
</text>
</block>
<block><region><rect/></region>
<text>
<par>
<line>IT</line></par>
</text>
</block>
<block><region><rect/></region>
<text>
<par>
<line>1^89</line></par>
</text>
</block>
<block><region><rect/></region>
<text>
<par>
<line>6IS</line></par>
</text>
</block>
<block><region><rect/></region>
<text>
<par>
<line>70i</line></par>
</text>
</block>
<block><region><rect/></region>
<text>
<par/>
</text>
</block>
<block><region><rect/></region>
<text>
<par>
<line>«</line></par>
</text>
</block>
<block><region><rect/></region>
<text>
<par>
<line>ffM</line></par>
</text>
</block>
<block><region><rect/></region>
<text>
<par/>
</text>
</block>
<block><region><rect/></region>
<text>
<par>
<line>“iP</line></par>
</text>
</block>
<block><region><rect/></region>
<text>
<par>
<line>Desserte Interne à créer</line>
<line>^ a29</line></par>
</text>
</block>
<block><region><rect/></region>
<text>
<par/>
</text>
</block>
<block><region><rect/></region>
<text>
<par/>
</text>
</block>
<block><region><rect/></region>
<text>
<par>
<line>812</line></par>
</text>
</block>
<block><region><rect/></region>
<text>
<par>
<line>/</line></par>
</text>
</block>
<block><region><rect/></region>
<text>
<par/>
</text>
</block>
<block><region><rect/></region>
<text>
<par>
<line>610</line></par>
</text>
</block>
<block><region><rect/></region>
<text>
<par/>
</text>
</block>
<block><region><rect/></region>
<text>
<par>
<line>806</line></par>
</text>
</block>
<block><region><rect/></region>
<text>
<par>
<line>832</line></par>
</text>
</block>
<block><region><rect/></region>
<text>
<par>
<line>r</line></par>
</text>
</block>
<block><region><rect/></region>
<text>
<par>
<line>I486</line></par>
</text>
</block>
<block><region><rect/></region>
<text>
<par>
<line>\</line></par>
</text>
</block>
<block><region><rect/></region>
<text>
<par>
<line>G A</line></par>
</text>
</block>
<block><region><rect/></region>
<text>
<par>
<line>ao4</line></par>
</text>
</block>
<block><region><rect/></region>
<text>
<par>
<line>VL</line></par>
</text>
</block>
<block><region><rect/></region>
<text>
<par>
<line>Vu pour êti annexé à la délibération</line></par>
<par>
<line>83* du conseil municipal</line></par>
<par>
<line>en date c^.5 .JAK-.</line>
<line>approuvj nilePLU.</line></par>
</text>
</block>
<block><region><rect/></region>
<text>
<par>
<line>«64</line></par>
</text>
</block>
<block><region><rect/></region>
<text>
<par/>
</text>
</block>
<block><region><rect/></region>
<text>
<par>
<line>1565</line></par>
</text>
</block>
<block><region><rect/></region>
<text>
<par>
<line>\STE</line></par>
</text>
</block>
<block><region><rect/></region>
<text>
<par>
<line>1457</line></par>
</text>
</block>
<block><region><rect/></region>
<text>
<par>
<line>fl</line></par>
<par>
<line>... 836 f/w</line></par>
</text>
</block>
<block><region><rect/></region>
<text>
<par>
<line>798</line></par>
</text>
</block>
<block><region><rect/></region>
<text>
<par>
<line>798</line></par>
</text>
</block>
<block><region><rect/></region>
<text>
<par>
<line>tfl</line></par>
</text>
</block>
<block><region><rect/></region>
<text>
<par>
<line>837</line></par>
</text>
</block>
<block><region><rect/></region>
<text>
<par/>
</text>
</block>
<block><region><rect/></region>
<text>
<par>
<line>856</line></par>
</text>
</block>
<block><region><rect/></region>
<text>
<par/>
</text>
</block>
<block><region><rect/></region>
<text>
<par>
<line>66»</line>
<line>lâtî «</line></par>
<par>
<line>G AR</line></par>
</text>
</block>
<block><region><rect/></region>
<text>
<par>
<line>839</line></par>
</text>
</block>
<block><region><rect/></region>
<text>
<par>
<line>as3</line></par>
</text>
</block>
<block><region><rect/></region>
<text>
<par/>
</text>
</block>
<block><region><rect/></region>
<text>
<par>
<line>1 GUE</line></par>
</text>
</block>
<block><region><rect/></region>
<text>
<par>
<line>795</line></par>
</text>
</block>
<block><region><rect/></region>
<text>
<par/>
</text>
</block>
<block><region><rect/></region>
<text>
<par>
<line>866</line></par>
</text>
</block>
<block><region><rect/></region>
<text>
<par>
<line>\</line></par>
</text>
</block>
<block><region><rect/></region>
<text>
<par>
<line>840</line></par>
</text>
</block>
<block><region><rect/></region>
<text>
<par>
<line>t/i</line></par>
</text>
</block>
<block><region><rect/></region>
<text>
<par>
<line>âS3</line></par>
</text>
</block>
<block><region><rect/></region>
<text>
<par>
<line>eu</line></par>
</text>
</block>
<block><region><rect/></region>
<text>
<par>
<line>1</line></par>
</text>
</block>
<block><region><rect/></region>
<text>
<par>
<line>Mi</line></par>
</text>
</block>
<block><region><rect/></region>
<text>
<par>
<line>+</line></par>
</text>
</block>
<block><region><rect/></region>
<text>
<par>
<line>Echelle : 1/2500e</line></par>
</text>
</block>
<block><region><rect/></region>
<text>
<par>
<line>792</line></par>
</text>
</block>
<block><region><rect/></region>
<text>
<par>
<line>Z</line></par>
</text>
</block>
<block><region><rect/></region>
<text>
<par>
<line>849</line></par>
</text>
</block>
<block><region><rect/></region>
<text>
<par>
<line>l^</line></par>
</text>
</block>
<block><region><rect/></region>
<text>
<par>
<line>Bureau d'études - Assainissement - Environnement opqibi</line>
<line>Valorisalion Agricole - Suivi Agronomique - Urhanisme</line></par>
</text>
</block>
<block><region><rect/></region>
<text>
<par>
<line>SESAER</line></par>
</text>
</block>

































































<block blockType="Picture" blockName="" l="1058" t="1606" r="1204" b="1623"><region><rect/></region>
</block>
</page>
<page width="1300" height="1820" resolution="150">
<block><region><rect/></region>
<text>
<par>
<line>4.2. ORIENTATIONS D'AMENAGEMENT</line></par>
<par>
<line>Secteur du Causse</line></par>
</text>
</block>
<block><region><rect/></region>
<text>
<par/>
</text>
</block>
<block><region><rect/></region>
<text>
<par/>
</text>
</block>
<block><region><rect/></region>
<text>
<par/>
</text>
</block>
<block><region><rect/></region>
<text>
<par>
<line>-U»*</line></par>
</text>
</block>
<block><region><rect/></region>
<text>
<par>
<line>+</line></par>
</text>
</block>
<block><region><rect/></region>
<text>
<par/>
</text>
</block>
<block><region><rect/></region>
<text>
<par>
<line>-#■</line></par>
</text>
</block>
<block><region><rect/></region>
<text>
<par/>
</text>
</block>
<block><region><rect/></region>
<text>
<par>
<line>m</line></par>
</text>
</block>
<block><region><rect/></region>
<text>
<par/>
</text>
</block>
<block><region><rect/></region>
<text>
<par>
<line>m</line></par>
</text>
</block>
<block><region><rect/></region>
<text>
<par>
<line>\</line></par>
</text>
</block>
<block><region><rect/></region>
<text>
<par>
<line>/</line></par>
</text>
</block>
<block><region><rect/></region>
<text>
<par>
<line>U9</line></par>
</text>
</block>
<block><region><rect/></region>
<text>
<par>
<line>a»</line></par>
</text>
</block>
<block><region><rect/></region>
<text>
<par/>
</text>
</block>
<block><region><rect/></region>
<text>
<par>
<line>Ok.</line></par>
</text>
</block>
<block><region><rect/></region>
<text>
<par/>
</text>
</block>
<block><region><rect/></region>
<text>
<par>
<line>S29</line></par>
</text>
</block>
<block><region><rect/></region>
<text>
<par/>
</text>
</block>
<block><region><rect/></region>
<text>
<par/>
</text>
</block>
<block><region><rect/></region>
<text>
<par>
<line>283</line></par>
</text>
</block>
<block><region><rect/></region>
<text>
<par>
<line>ar</line></par>
</text>
</block>
<block><region><rect/></region>
<text>
<par>
<line>/</line></par>
</text>
</block>
<block><region><rect/></region>
<text>
<par>
<line>8(6</line></par>
</text>
</block>
<block><region><rect/></region>
<text>
<par>
<line>2</line></par>
</text>
</block>
<block><region><rect/></region>
<text>
<par/>
</text>
</block>
<block><region><rect/></region>
<text>
<par>
<line>«&gt;</line></par>
</text>
</block>
<block><region><rect/></region>
<text>
<par>
<line>fier</line></par>
</text>
</block>
<block><region><rect/></region>
<text>
<par>
<line>?</line></par>
</text>
</block>
<block><region><rect/></region>
<text>
<par>
<line>na</line></par>
</text>
</block>
<block><region><rect/></region>
<text>
<par>
<line>/</line></par>
</text>
</block>
<block><region><rect/></region>
<text>
<par>
<line>L</line></par>
</text>
</block>
<block><region><rect/></region>
<text>
<par>
<line>C</line></par>
</text>
</block>
<block><region><rect/></region>
<text>
<par>
<line>A</line></par>
</text>
</block>
<block><region><rect/></region>
<text>
<par/>
</text>
</block>
<block><region><rect/></region>
<text>
<par>
<line>4</line></par>
</text>
</block>
<block><region><rect/></region>
<text>
<par>
<line>693</line></par>
</text>
</block>
<block><region><rect/></region>
<text>
<par>
<line>«</line></par>
</text>
</block>
<block><region><rect/></region>
<text>
<par>
<line>6«%</line></par>
</text>
</block>
<block><region><rect/></region>
<text>
<par>
<line>\</line></par>
</text>
</block>
<block><region><rect/></region>
<text>
<par/>
</text>
</block>
<block><region><rect/></region>
<text>
<par/>
</text>
</block>
<block><region><rect/></region>
<text>
<par>
<line>M4</line></par>
</text>
</block>
<block><region><rect/></region>
<text>
<par>
<line>«94</line></par>
</text>
</block>
<block><region><rect/></region>
<text>
<par>
<line>KMS</line></par>
</text>
</block>
<block><region><rect/></region>
<text>
<par>
<line>/</line></par>
</text>
</block>
<block><region><rect/></region>
<text>
<par/>
</text>
</block>
<block><region><rect/></region>
<text>
<par>
<line>es</line></par>
</text>
</block>
<block><region><rect/></region>
<text>
<par>
<line>■360-</line></par>
</text>
</block>
<block><region><rect/></region>
<text>
<par/>
</text>
</block>
<block><region><rect/></region>
<text>
<par>
<line>«</line></par>
</text>
</block>
<block><region><rect/></region>
<text>
<par>
<line>CM</line></par>
</text>
</block>
<block><region><rect/></region>
<text>
<par>
<line>876</line></par>
</text>
</block>
<block><region><rect/></region>
<text>
<par>
<line>&lt;St</line></par>
</text>
</block>
<block><region><rect/></region>
<text>
<par>
<line>»</line></par>
</text>
</block>
<block><region><rect/></region>
<text>
<par>
<line>oro</line></par>
</text>
</block>
<block><region><rect/></region>
<text>
<par>
<line>)i</line></par>
</text>
</block>
<block><region><rect/></region>
<text>
<par>
<line>lft04</line></par>
</text>
</block>
<block><region><rect/></region>
<text>
<par>
<line>302</line></par>
</text>
</block>
<block><region><rect/></region>
<text>
<par>
<line>297</line></par>
</text>
</block>
<block><region><rect/></region>
<text>
<par/>
</text>
</block>
<block><region><rect/></region>
<text>
<par>
<line>6»</line></par>
</text>
</block>
<block><region><rect/></region>
<text>
<par>
<line>/ •</line></par>
</text>
</block>
<block><region><rect/></region>
<text>
<par>
<line>270</line></par>
</text>
</block>
<block><region><rect/></region>
<text>
<par>
<line>mi</line></par>
</text>
</block>
<block><region><rect/></region>
<text>
<par>
<line>Irm</line></par>
</text>
</block>
<block><region><rect/></region>
<text>
<par>
<line>276</line></par>
</text>
</block>
<block><region><rect/></region>
<text>
<par>
<line>&gt;•-«</line></par>
</text>
</block>
<block><region><rect/></region>
<text>
<par>
<line>1»</line></par>
</text>
</block>
<block><region><rect/></region>
<text>
<par/>
</text>
</block>
<block><region><rect/></region>
<text>
<par>
<line>L</line></par>
</text>
</block>
<block><region><rect/></region>
<text>
<par/>
</text>
</block>
<block><region><rect/></region>
<text>
<par/>
</text>
</block>
<block><region><rect/></region>
<text>
<par/>
</text>
</block>
<block><region><rect/></region>
<text>
<par>
<line>t«43</line></par>
</text>
</block>
<block><region><rect/></region>
<text>
<par>
<line>t»</line></par>
</text>
</block>
<block><region><rect/></region>
<text>
<par>
<line>900</line></par>
</text>
</block>
<block><region><rect/></region>
<text>
<par>
<line>'.LE. BOür\</line></par>
<par>
<line>\ A</line></par>
<par>
<line>.'Ouvrage hydraulique à \ \</line>
<line>'créer (bassin de rétention</line></par>
<par>
<line>des eaux pluviales et v</line></par>
<par>
<line>^/ réserve d’incendie)'.;'</line></par>
<par>
<line>Croix da Jord^^ '</line></par>
</text>
</block>
<block><region><rect/></region>
<text>
<par>
<line>1791</line></par>
</text>
</block>
<block><region><rect/></region>
<text>
<par>
<line>m</line></par>
</text>
</block>
<block><region><rect/></region>
<text>
<par>
<line>\7</line></par>
</text>
</block>
<block><region><rect/></region>
<text>
<par>
<line>traa</line></par>
</text>
</block>
<block><region><rect/></region>
<text>
<par>
<line>«Il</line></par>
</text>
</block>
<block><region><rect/></region>
<text>
<par>
<line>tu</line></par>
</text>
</block>
<block><region><rect/></region>
<text>
<par/>
</text>
</block>
<block><region><rect/></region>
<text>
<par>
<line>7796</line></par>
</text>
</block>
<block><region><rect/></region>
<text>
<par>
<line>274</line></par>
</text>
</block>
<block><region><rect/></region>
<text>
<par>
<line>179}</line></par>
</text>
</block>
<block><region><rect/></region>
<text>
<par/>
</text>
</block>
<block><region><rect/></region>
<text>
<par>
<line>(MB</line></par>
</text>
</block>
<block><region><rect/></region>
<text>
<par>
<line>Echelle : 1/2500e</line></par>
</text>
</block>
<block><region><rect/></region>
<text>
<par>
<line>H&amp;4</line></par>
</text>
</block>
<block><region><rect/></region>
<text>
<par>
<line>J'</line></par>
</text>
</block>
<block><region><rect/></region>
<text>
<par>
<line>U</line></par>
</text>
</block>
<block><region><rect/></region>
<text>
<par>
<line>A</line></par>
</text>
</block>
<block><region><rect/></region>
<text>
<par/>
</text>
</block>
<block blockType="Table" blockName="" l="883" t="302" r="1168" b="468"><region><rect/></region>
<row>
<cell colSpan="3" bottomBorder="White" width="285" height="51">
<text>
<par>
<line>SOUS - PREFECTURE</line></par>
</text></cell></row>
<row>
<cell rowSpan="2" topBorder="White" width="52" height="115">
<text>
<par>
<line>Ueçii</line></par>
<par>
<line>Me</line></par>
<par>
<line>\</line></par>
<par>
<line>nK</line></par>
</text></cell>
<cell width="179" height="65">
<text>
<par>
<line>1 G JAN. 2007</line></par>
</text></cell>
<cell topBorder="White" bottomBorder="White" width="54" height="65">
<text>
<par>
<line>-</line></par>
</text></cell></row>
<row>
<cell leftBorder="White" rightBorder="White" width="179" height="50">
<text>
<par>
<line>de FlGIiAC (LOT)</line></par>
</text></cell>
<cell leftBorder="White" topBorder="White" width="54" height="50">
<text>
<par/>
</text></cell></row>
</block>
<block><region><rect/><rect/><rect/><rect/></region>
<text>
<par>
<line>^ A&gt;o</line></par>
</text>
</block>
<block><region><rect/></region>
<text>
<par/>
</text>
</block>
<block><region><rect/></region>
<text>
<par>
<line>Bureau d'études - Assainissement - Environnement</line>
<line>Valorisation Agncole - Suivi Agronomique - Urbanisme</line></par>
<par>
<line>s c s A t R</line></par>
</text>
</block>
<block><region><rect/></region>
<text>
<par>
<line>opqibi</line></par>
</text>
</block>
<block><region><rect/></region>
<text>
<par>
<line>CERTIFICAT</line></par>
</text>
</block>
<block><region><rect/></region>
<text>
<par>
<line>iN' 05 06 17331</line></par>
</text>
</block>





































<block blockType="Picture" blockName="" l="692" t="1268" r="720" b="1307"><region><rect/></region>
</block>
<block blockType="Picture" blockName="" l="1054" t="1632" r="1201" b="1649"><region><rect/></region>
</block>
</page>
</OAP>