<?xml version="1.0" encoding="UTF-8"?><OAP>
<page width="2516" height="3530" resolution="300">
<block><region><rect/></region>
<text>
<par>
<line>MODIFICATION DU PLAN LOCAL D'URBANISME</line></par>
<par>
<line>(L.153-36 ET SUIVANT DU CODE DE L'URBANISME)</line>
<line>COMMUNE : DONVILLE-LES-BAINS</line></par>
</text>
</block>
<block><region><rect/></region>
<text>
<par>
<line>REÇU le</line></par>
<par>
<line>3 1 MARS 2017</line></par>
<par>
<line>SOUS-PREFECTURE D'AVRANCHES</line></par>
</text>
</block>
<block><region><rect/></region>
<text>
<par>
<line>« Vu pour être annexé à la</line>
<line>délibération du 20 mars 2017</line>
<line>Le maire.</line></par>
</text>
</block>
<block><region><rect/></region>
<text>
<par>
<line>J^ai&gt;ÏWLMJNAY</line></par>
</text>
</block>







</page>
<page width="2498" height="3518" resolution="300">
<block><region><rect/></region>
<text>
<par>
<line>DONVILLE-LES-BAINS - ZAC DE LA HERBERDIERE</line></par>
</text>
</block>
<block><region><rect/></region>
<text>
<par/>
</text>
</block>
<block><region><rect/></region>
<text>
<par>
<line>b- Suppression de la zone de 30 mètres inconstructible</line></par>
<par>
<line>A travers la définition de l'orientation d'aménagement, une zone de retrait inconstructible a été</line>
<line>définie, imposée par la présence de la route départementale. Dans la perspective de la</line>
<line>requalification de cette route en un « boulevard urbain », la zone de retrait est supprimée. Les</line>
<line>aménagements prévus respectent le programme de constructions de la ZAC.</line></par>
</text>
</block>
<block><region><rect/></region>
<text>
<par>
<line>AVANT</line></par>
</text>
</block>
<block><region><rect/></region>
<text>
<par>
<line>• •••il</line></par>
</text>
</block>
<block><region><rect/><rect/></region>
<text>
<par>
<line>‘^ntncNne végétai &lt;f intérêt paysager ^</line>
<line>ecotogtque s conserver ou à régénérer (sauf</line>
<line>accès «ncistartb ou à c rêer)</line></par>
</text>
</block>
<block><region><rect/></region>
<text>
<par>
<line>I ~1 Eapacea conserver en l'èi«t</line></par>
</text>
</block>
<block><region><rect/><rect/><rect/><rect/><rect/><rect/><rect/><rect/></region>
<text>
<par>
<line>Espaoe pubte. amer^emar^ pavssger.</line>
<line>stotiorutement</line></par>
<par>
<line>Anien!gem«)t paysager irttegrari une gesfeon</line>
<line>dxice des eaux piuviaies</line></par>
<par>
<line>Bassifl de rètenkon (enplacement</line></par>
<par>
<line>tfxfecalf)</line></par>
<par>
<line>Les wtes seront acconpagnèes, aubnl que fane ..</line>
<line>peut dm aménagemeni paysager gérant les m»</line>
<line>I ptuveles (noues, lossés à oel ouwrt. ei:. )</line></par>
</text>
</block>
<block><region><rect/></region>
<text>
<par>
<line>r</line></par>
</text>
</block>
<block><region><rect/><rect/><rect/><rect/></region>
<text>
<par>
<line>Accès et enKiroe ifes voies fuUes [enpiacerüe nt</line>
<line>mdcaéf paratMe ajxcouftiK de nrveeu</line></par>
<par>
<line>Ciicuiatiarisdciuce5(tNcéons.cyclistes j</line>
<line>AmeragernentaprevMpDurseainserlepie^</line></par>
</text>
</block>
<block><region><rect/></region>
<text>
<par/>
</text>
</block>
<block><region><rect/><rect/></region>
<text>
<par>
<line>,v'' \ y# jÿ-/</line></par>
</text>
</block>
<block><region><rect/></region>
<text>
<par>
<line>t/ers Ctieminde la</line>
<line>Petits Vile$«t</line></par>
</text>
</block>
<block><region><rect/><rect/><rect/><rect/><rect/><rect/></region>
<text>
<par>
<line>‘V</line></par>
<par>
<line>''■y y</line></par>
<par>
<line>V</line></par>
<par>
<line>A ^ \ ^ ^•w</line></par>
<par>
<line>. 'w '.\ \ \ \ «</line></par>
<par>
<line>Vv^ \ \«' ^</line></par>
<par>
<line>VV\N»S \</line></par>
<par>
<line>. •^V. X \ N ^</line></par>
</text>
</block>
<block><region><rect/></region>
<text>
<par/>
</text>
</block>
<block><region><rect/></region>
<text>
<par>
<line>Z.</line></par>
</text>
</block>
<block><region><rect/><rect/><rect/></region>
<text>
<par/>
</text>
</block>
<block><region><rect/></region>
<text>
<par>
<line>y</line></par>
</text>
</block>
<block><region><rect/></region>
<text>
<par>
<line>&lt;</line></par>
</text>
</block>
<block><region><rect/></region>
<text>
<par/>
</text>
</block>
<block><region><rect/></region>
<text>
<par/>
</text>
</block>
<block><region><rect/></region>
<text>
<par>
<line>2AU</line></par>
</text>
</block>
<block><region><rect/></region>
<text>
<par>
<line>/ .</line></par>
</text>
</block>
<block><region><rect/></region>
<text>
<par>
<line>y</line></par>
</text>
</block>
<block><region><rect/></region>
<text>
<par/>
</text>
</block>
<block><region><rect/></region>
<text>
<par>
<line>.1^</line></par>
</text>
</block>
<block><region><rect/></region>
<text>
<par>
<line>2AU</line></par>
</text>
</block>
<block><region><rect/></region>
<text>
<par>
<line>1AU</line></par>
</text>
</block>
<block><region><rect/></region>
<text>
<par/>
</text>
</block>
<block><region><rect/></region>
<text>
<par>
<line>.A</line></par>
</text>
</block>
<block><region><rect/></region>
<text>
<par/>
</text>
</block>
<block><region><rect/></region>
<text>
<par/>
</text>
</block>
<block><region><rect/></region>
<text>
<par/>
</text>
</block>
<block><region><rect/></region>
<text>
<par>
<line>.-y</line></par>
</text>
</block>
<block><region><rect/></region>
<text>
<par/>
</text>
</block>
<block><region><rect/></region>
<text>
<par/>
</text>
</block>
<block><region><rect/></region>
<text>
<par>
<line>C2f</line></par>
</text>
</block>
<block><region><rect/></region>
<text>
<par>
<line>J</line></par>
</text>
</block>
<block><region><rect/></region>
<text>
<par>
<line>ms</line></par>
</text>
</block>
<block><region><rect/></region>
<text>
<par/>
</text>
</block>
<block><region><rect/></region>
<text>
<par/>
</text>
</block>
<block><region><rect/></region>
<text>
<par/>
</text>
</block>
<block><region><rect/></region>
<text>
<par/>
</text>
</block>
<block><region><rect/></region>
<text>
<par/>
</text>
</block>
<block><region><rect/><rect/><rect/><rect/></region>
<text>
<par>
<line>les OHJx /’Aut</line></par>
</text>
</block>
<block><region><rect/></region>
<text>
<par>
<line>Orientation (t'vnSiKiSeinent n’2 Le</line>
<line>~{ quartier de le HetberdiSre a</line></par>
</text>
</block>
<block><region><rect/></region>
<text>
<par>
<line>APRES</line></par>
</text>
</block>
<block blockType="Table" blockName="" l="356" t="2040" r="1291" b="2230"><region><rect/></region>
<row>
<cell leftBorder="White" topBorder="White" bottomBorder="White" width="96" height="47">
<text>
<par>
<line>• • • • 1</line></par>
</text></cell>
<cell topBorder="White" rightBorder="White" bottomBorder="White" width="375" height="47">
<text>
<par>
<line>Petrurone «^ri» c rie’é* pASage e;</line></par>
</text></cell>
<cell leftBorder="White" topBorder="White" rightBorder="White" bottomBorder="White" width="464" height="47">
<text>
<par>
<line>Acoe9e*i«»o*ce«!«o«ifAirtt[eni:iacef«'4</line></par>
</text></cell></row>
<row>
<cell leftBorder="White" topBorder="White" bottomBorder="White" width="96" height="24">
<text>
<par/>
</text></cell>
<cell topBorder="White" bottomBorder="White" width="375" height="24">
<text>
<par>
<line>ecotsgquee conserve* «üS regenerei (ssU</line></par>
</text></cell>
<cell topBorder="White" rightBorder="White" bottomBorder="White" width="464" height="24">
<text>
<par>
<line>~ ~ nocjdpiraieieaj«:«v&lt;tiesdeniveei.</line></par>
</text></cell></row>
<row>
<cell leftBorder="White" topBorder="White" bottomBorder="White" width="96" height="43">
<text>
<par/>
</text></cell>
<cell topBorder="White" bottomBorder="White" width="375" height="43">
<text>
<par>
<line>»'ceî e&gt;«e« ouéc’ee*)</line></par>
</text></cell>
<cell topBorder="White" bottomBorder="White" width="464" height="43">
<text>
<par>
<line>4«a«^ C'Meor^OsjoestP'etcns cycare )</line></par>
</text></cell></row>
<row>
<cell leftBorder="White" topBorder="White" rightBorder="White" bottomBorder="White" width="96" height="44">
<text>
<par/>
</text></cell>
<cell leftBorder="White" topBorder="White" bottomBorder="White" width="375" height="44">
<text>
<par>
<line>1</line></par>
</text></cell>
<cell topBorder="White" width="464" height="44">
<text>
<par>
<line>Ar’fTagrrvr'eprewpouiMcu'aeiieF^rtf</line></par>
</text></cell></row>
<row>
<cell leftBorder="White" topBorder="White" rightBorder="White" bottomBorder="White" width="96" height="32">
<text>
<par>
<line>■1</line></par>
</text></cell>
<cell leftBorder="White" topBorder="White" rightBorder="White" bottomBorder="White" width="375" height="32">
<text>
<par>
<line>tîp»*fmtc e-’fTajwfwpeyseg»* ^</line></par>
</text></cell>
<cell leftBorder="White" rightBorder="White" bottomBorder="White" width="464" height="32">
<text>
<par/>
</text></cell></row>
</block>
<block><region><rect/><rect/><rect/></region>
<text>
<par>
<line>. A»Tienegem«&lt;Xp«yMge()ntBgf»Wunegeî&gt;cn</line>
<line>(touoe des efsf</line></par>
</text>
<text>
<par>
<line>bRMdprfPfl*'-</line>
<line>nOcaifi</line></par>
</text>
</block>
<block><region><rect/><rect/><rect/><rect/><rect/></region>
<text>
<par>
<line>Lir. ««t*. îe‘;T 9x-*“pe5i*f« «jtnî ‘s'e le</line>
<line>Pt'/ Bifi e^rs^fie-t perag?' •«</line>
<line>p4Uir&gt;flV‘»JK feMeî • «. Wvf*» etc</line></par>
<par>
<line>i û</line></par>
</text>
</block>
<block><region><rect/><rect/><rect/></region>
<text>
<par>
<line>M-v! ■ 'tZ-.ÂT''".</line></par>
<par>
<line>' s. • &lt; *,</line></par>
</text>
</block>
<block><region><rect/></region>
<text>
<par/>
</text>
</block>
<block><region><rect/></region>
<text>
<par>
<line>2AU</line></par>
</text>
</block>
<block><region><rect/></region>
<text>
<par/>
</text>
</block>
<block><region><rect/></region>
<text>
<par>
<line>nt&gt;</line></par>
</text>
</block>
<block><region><rect/></region>
<text>
<par>
<line>2AU</line></par>
</text>
</block>
<block><region><rect/></region>
<text>
<par>
<line>-</line></par>
</text>
</block>
<block><region><rect/><rect/></region>
<text>
<par/>
</text>
</block>
<block><region><rect/></region>
<text>
<par>
<line>1AU</line></par>
</text>
</block>
<block><region><rect/></region>
<text>
<par/>
</text>
</block>
<block><region><rect/></region>
<text>
<par/>
</text>
</block>
<block><region><rect/></region>
<text>
<par/>
</text>
</block>
<block><region><rect/></region>
<text>
<par>
<line>r; - . :</line></par>
<par>
<line>1 V'-’-'L</line></par>
</text>
</block>
<block><region><rect/></region>
<text>
<par/>
</text>
</block>
<block><region><rect/></region>
<text>
<par>
<line>f-e-irvir.îd</line></par>
</text>
</block>
<block><region><rect/></region>
<text>
<par>
<line>i*</line></par>
</text>
</block>
<block><region><rect/></region>
<text>
<par>
<line>V</line></par>
</text>
</block>
<block><region><rect/></region>
<text>
<par/>
</text>
</block>
<block><region><rect/></region>
<text>
<par/>
</text>
</block>
<block><region><rect/></region>
<text>
<par/>
</text>
</block>
<block><region><rect/></region>
<text>
<par>
<line>i**</line></par>
</text>
</block>
<block><region><rect/></region>
<text>
<par/>
</text>
</block>
<block><region><rect/></region>
<text>
<par/>
</text>
</block>
<block><region><rect/></region>
<text>
<par>
<line>Orientation tj'^mén^ement n*2 : Le</line>
<line>quartier àc ia Hcri&gt;crc{lère 4</line></par>
</text>
</block>
<block><region><rect/></region>
<text>
<par>
<line>J</line></par>
<par>
<line>I</line></par>
<par>
<line>J</line></par>
</text>
</block>
<block><region><rect/></region>
<text>
<par>
<line>15</line></par>
</text>
</block>
<block><region><rect/></region>
<text>
<par>
<line>I</line></par>
</text>
</block>























</page>
<page width="1249" height="1760" resolution="150">
<block><region><rect/></region>
<text>
<par>
<line>PLANÎS</line></par>
</text>
</block>
<block><region><rect/></region>
<text>
<par>
<line>(I C't'i ’ ' fAfk«4Ae«i^t ' Ufb4nis««</line></par>
</text>
</block>
<block><region><rect/></region>
<text>
<par>
<line>210, rue Alexis de Tocqueville</line>
<line>SO 000 SAINT LO</line>
<line>Tel : 02 33 75 63 52</line>
<line>Fax : 02 33 75 62 47</line>
<line>Email : contact@planis.fr</line></par>
</text>
</block>
<block><region><rect/></region>
<text>
<par>
<line>DEPARTEMENT DE LA MANCHE</line></par>
<par>
<line>Commune de</line>
<line>Donville les Bains</line></par>
</text>
</block>
<block><region><rect/></region>
<text>
<par/>
</text>
</block>
<block><region><rect/></region>
<text>
<par>
<line>rff</line></par>
</text>
</block>
<block><region><rect/></region>
<text>
<par>
<line>■il</line></par>
</text>
</block>
<block><region><rect/></region>
<text>
<par/>
</text>
</block>
<block><region><rect/></region>
<text>
<par>
<line>Révision Simpiifiée du</line></par>
</text>
</block>
<block blockType="Table" blockName="" l="719" t="1140" r="1142" b="1352"><region><rect/></region>
<row>
<cell rowSpan="2" leftBorder="White" topBorder="White" bottomBorder="White" width="92" height="143">
<text>
<par>
<line>LIi</line></par>
</text></cell>
<cell topBorder="White" rightBorder="White" width="331" height="59">
<text>
<par>
<line>1 Kc:.v^ 1</line></par>
</text></cell></row>
<row>
<cell width="331" height="84">
<text>
<par>
<line>f. ^ 1</line></par>
<par>
<line>- 2 AVR. 2010</line></par>
</text></cell></row>
<row>
<cell leftBorder="White" topBorder="White" rightBorder="White" bottomBorder="White" width="92" height="69">
<text>
<par/>
</text></cell>
<cell leftBorder="White" bottomBorder="White" width="331" height="69">
<text>
<par>
<line>c^nUR-PREFECTURE D'AVRANCHES</line></par>
</text></cell></row>
</block>
<block blockType="Table" blockName="" l="371" t="1388" r="1135" b="1678"><region><rect/></region>
<row>
<cell bottomBorder="White" width="316" height="91">
<text>
<par/>
</text></cell>
<cell bottomBorder="White" width="448" height="91">
<text>
<par>
<line>Vu pour être annexé à la Délibération du</line>
<line>Conseil Municipal en date du 29 mars 2010</line></par>
</text></cell></row>
<row>
<cell topBorder="White" bottomBorder="White" width="316" height="33">
<text>
<par/>
</text></cell>
<cell topBorder="White" bottomBorder="White" width="448" height="33">
<text>
<par/>
</text></cell></row>
<row>
<cell topBorder="White" bottomBorder="White" width="316" height="113">
<text>
<par>
<line>APPROBATION</line></par>
</text></cell>
<cell topBorder="White" bottomBorder="White" width="448" height="113">
<text>
<par>
<line>Le Maire</line></par>
</text></cell></row>
<row>
<cell topBorder="White" width="316" height="53">
<text>
<par/>
</text></cell>
<cell topBorder="White" width="448" height="53">
<text>
<par>
<line>\ ^Æ^aul LAUNijLY</line></par>
</text></cell></row>
</block>














<block blockType="Picture" blockName="" l="179" t="1400" r="344" b="1413"><region><rect/></region>
</block>
<block blockType="Picture" blockName="" l="88" t="1401" r="173" b="1414"><region><rect/></region>
</block>
<block blockType="Picture" blockName="" l="74" t="138" r="363" b="1661"><region><rect/></region>
</block>
</page>
<page width="1654" height="2339" resolution="200">
<block><region><rect/></region>
<text>
<par>
<line>4 - ORIENTATIONS D’AMENAGEMENT</line></par>
</text>
</block>



</page>
<page width="1754" height="1240" resolution="150">
<block blockType="Table" blockName="" l="169" t="86" r="1587" b="546"><region><rect/></region>
<row>
<cell rightBorder="White" width="851" height="121">
<text>
<par>
<line>1</line></par>
<par>
<line>Les orientations d’aménagement</line></par>
</text></cell>
<cell rowSpan="2" leftBorder="White" rightBorder="White" bottomBorder="White" width="567" height="335">
<text>
<par/>
</text></cell></row>
<row>
<cell leftBorder="White" rightBorder="White" bottomBorder="White" width="851" height="214">
<text>
<par>
<line>Préambule :</line></par>
<par>
<line>Les Orientations d’Aménagement sont au nombre de trois : 3- Le quartier de La j</line>
<line>Mairie, 2- le quartier de la Herberdière, 3- Le quartier des Minquiers. i</line></par>
</text></cell></row>
<row>
<cell leftBorder="White" topBorder="White" rightBorder="White" bottomBorder="White" width="851" height="70">
<text>
<par>
<line>Elles prennent la forme de schémas d’aménagement de principe de hJtures zones i</line>
<line>à urbaniser (AU) ou de zones U. ;</line></par>
</text></cell>
<cell leftBorder="White" topBorder="White" rightBorder="White" bottomBorder="White" width="567" height="70">
<text>
<par/>
</text></cell></row>
<row>
<cell leftBorder="White" topBorder="White" rightBorder="White" bottomBorder="White" width="851" height="55">
<text>
<par>
<line>Elles sont opposables aux tiers dans un rapport de compatibilité, c’est à dire que</line>
<line>leurs orescriotions doivent être resoectées « dans l’esorit ». Le zonaae et le *</line></par>
</text></cell>
<cell leftBorder="White" topBorder="White" rightBorder="White" bottomBorder="White" width="567" height="55">
<text>
<par/>
</text></cell></row>
</block>
<block><region><rect/></region>
<text>
<par>
<line>règlement sont élaborés en cohérence avec ces orientations.</line></par>
</text>
</block>
<block><region><rect/></region>
<text>
<par>
<line>-&gt;Les orientations d'aménagement ont pour ambition de préciser les modalités d’aménagement futur de la commune dans un souci de</line>
<line>développement durable. Dans le cas présent, les problématiques inhérentes à la gestion des eaux pluviales et à la protection du patrimoine</line>
<line>végétal et de la blodiversité ont été plus particulièrement mis en avant.</line></par>
<par>
<line>La démarche :</line></par>
<par>
<line>-Une analyse préalable de l’état initial du site et ses abords assez fine permet de dégager les enjeux du secteur (enjeux en terme de</line>
<line>paysage, de déplacement, d’environnement...)</line></par>
<par>
<line>-Une lecture transversale de ces différents enjeux a permis de proposer des principes d’aménagement pertinents et adaptés au secteur</line>
<line>considéré</line></par>
<par>
<line>-Une présentation de ces principes d’aménagement et leur déclinaison dans le règlement des secteurs U et AU permet à la collectivité</line>
<line>d’atteindre une phase pré-opérationnelle du projet.</line></par>
</text>
</block>
<block><region><rect/></region>
<text>
<par/>
</text>
</block>
<block><region><rect/></region>
<text>
<par>
<line>Les orientations d’aménagement se traduisent réglementairement. Elles sont opposables. Cependant, la notion de compatibilité laisse une</line></par>
<par>
<line>certaine souplesse dans l’inteiprétation des prescriptions apportées.</line></par>
</text>
</block>
<block><region><rect/></region>
<text>
<par>
<line>2</line></par>
</text>
</block>










</page>
<page width="1758" height="1246" resolution="150">
<block><region><rect/><rect/></region>
<text>
<par>
<line>OHentation 4'3rnén9gement n'1 : Le quartier 4e U</line></par>
<par>
<line>m^iHe</line></par>
</text>
</block>
<block><region><rect/></region>
<text>
<par>
<line>tesstf</line></par>
</text>
</block>
<block><region><rect/></region>
<text>
<par>
<line>tTtC</line></par>
</text>
</block>
<block><region><rect/></region>
<text>
<par>
<line>□ « F âplanad^ » : Ouverture</line></par>
<par>
<line>nouveau centre-ville sur la vallée</line>
<line>du &amp;osca</line></par>
</text>
</block>
<block><region><rect/></region>
<text>
<par/>
</text>
</block>
<block><region><rect/></region>
<text>
<par/>
</text>
</block>
<block><region><rect/></region>
<text>
<par>
<line>m.</line></par>
</text>
</block>
<block><region><rect/></region>
<text>
<par>
<line>ZT</line></par>
</text>
</block>
<block><region><rect/></region>
<text>
<par>
<line>'7 oncs bâtie» existantes</line>
<line>(Continuité urbaine à privilégier</line>
<line>le long de l’esplanade *</line></par>
</text>
</block>
<block><region><rect/></region>
<text>
<par/>
</text>
</block>
<block><region><rect/></region>
<text>
<par/>
</text>
</block>
<block><region><rect/></region>
<text>
<par/>
</text>
</block>
<block><region><rect/></region>
<text>
<par>
<line>*</line></par>
</text>
</block>
<block><region><rect/></region>
<text>
<par/>
</text>
</block>
<block><region><rect/></region>
<text>
<par/>
</text>
</block>
<block><region><rect/></region>
<text>
<par/>
</text>
</block>
<block><region><rect/></region>
<text>
<par/>
</text>
</block>
<block><region><rect/></region>
<text>
<par>
<line>£</line></par>
</text>
</block>
<block><region><rect/></region>
<text>
<par>
<line>iT</line></par>
</text>
</block>
<block><region><rect/></region>
<text>
<par>
<line>à'</line></par>
</text>
</block>
<block><region><rect/></region>
<text>
<par/>
</text>
</block>
<block><region><rect/></region>
<text>
<par/>
</text>
</block>
<block><region><rect/></region>
<text>
<par>
<line>C</line></par>
</text>
</block>
<block><region><rect/></region>
<text>
<par>
<line>hc</line></par>
</text>
</block>
<block><region><rect/></region>
<text>
<par>
<line>H3</line></par>
</text>
</block>
<block><region><rect/></region>
<text>
<par/>
</text>
</block>
<block><region><rect/></region>
<text>
<par/>
</text>
</block>
<block><region><rect/><rect/></region>
<text>
<par>
<line>J*</line></par>
</text>
</block>
<block><region><rect/></region>
<text>
<par>
<line>N'</line></par>
</text>
</block>
<block><region><rect/></region>
<text>
<par>
<line>m</line></par>
</text>
</block>
<block><region><rect/></region>
<text>
<par/>
</text>
</block>
<block><region><rect/></region>
<text>
<par>
<line>«g</line></par>
</text>
</block>
<block><region><rect/></region>
<text>
<par>
<line>X</line></par>
</text>
</block>
<block><region><rect/></region>
<text>
<par/>
</text>
</block>
<block><region><rect/></region>
<text>
<par/>
</text>
</block>
<block><region><rect/></region>
<text>
<par>
<line>is;</line></par>
</text>
</block>
<block><region><rect/></region>
<text>
<par>
<line>&gt;</line></par>
</text>
</block>
<block><region><rect/></region>
<text>
<par/>
</text>
</block>
<block><region><rect/></region>
<text>
<par>
<line>ï?</line></par>
</text>
</block>
<block><region><rect/></region>
<text>
<par>
<line>O</line></par>
</text>
</block>
<block><region><rect/></region>
<text>
<par/>
</text>
</block>
<block><region><rect/></region>
<text>
<par/>
</text>
</block>
<block><region><rect/></region>
<text>
<par/>
</text>
</block>
<block><region><rect/></region>
<text>
<par/>
</text>
</block>
<block><region><rect/></region>
<text>
<par/>
</text>
</block>
<block><region><rect/></region>
<text>
<par/>
</text>
</block>
<block><region><rect/></region>
<text>
<par>
<line>îts</line></par>
</text>
</block>
<block><region><rect/><rect/><rect/></region>
<text>
<par>
<line>□ f’arc naturel (après dépollution</line>
<line>du site)</line></par>
</text>
</block>
<block><region><rect/><rect/><rect/></region>
<text>
<par>
<line>farc naturel (continuité</line>
<line>souhaitable sur^ranville)</line></par>
</text>
</block>
<block><region><rect/><rect/><rect/><rect/></region>
<text>
<par>
<line>I. . de confinement de la</line></par>
<par>
<line>Voies routières existantes</line></par>
<par>
<line>(Circulations piétonnes (et</line>
<line>i^clistes) existantes ...</line>
<line>kemin de la petite vitesse</line></par>
<par>
<line>Circulations piétonnes (et</line>
<line>cyclistes) à créer</line></par>
<par>
<line>Passage piéton à créerau</line>
<line>travers du bâti</line></par>
<par>
<line>f assage sous la voie ferrée</line>
<line>;élargissenicnt projeté pour</line>
<line>permettre la mixité des usages)</line></par>
<par>
<line>Limite communale</line>
<line>\ Rivière L* &amp;oscq</line></par>
</text>
</block>
<block><region><rect/><rect/></region>
<text>
<par>
<line>' Un programme d'habitat na paut pas être défini à ce stade des études, dans la mesure où /'ouverture à l'urbanisation de cette zone est</line>
<line>conditionnée à une dépollution du site.</line></par>
</text>
</block>
<block><region><rect/></region>
<text orientation="RotatedCounterclockwise">
<par>
<line>tV !•'</line></par>
</text>
</block>










<block blockType="Picture" blockName="" l="1038" t="506" r="1072" b="554"><region><rect/></region>
</block>
<block blockType="Picture" blockName="" l="1126" t="522" r="1168" b="573"><region><rect/></region>
</block>
<block blockType="Picture" blockName="" l="1551" t="905" r="1585" b="938"><region><rect/></region>
</block>
</page>
<page width="1760" height="1249" resolution="150">
<block><region><rect/></region>
<text>
<par/>
</text>
</block>
<block><region><rect/></region>
<text>
<par>
<line>Orientation d'arnén^gement n'5 : Le</line>
<line>quartier « Les Minquiers »</line></par>
</text>
</block>
<block><region><rect/></region>
<text>
<par/>
</text>
</block>
<block><region><rect/></region>
<text>
<par>
<line>s.</line></par>
</text>
</block>
<block><region><rect/></region>
<text>
<par>
<line>Tt</line></par>
</text>
</block>
<block><region><rect/></region>
<text>
<par/>
</text>
</block>
<block><region><rect/></region>
<text>
<par/>
</text>
</block>
<block><region><rect/></region>
<text>
<par>
<line>&lt;arv</line></par>
</text>
</block>
<block><region><rect/></region>
<text>
<par/>
</text>
</block>
<block><region><rect/></region>
<text>
<par/>
</text>
</block>
<block><region><rect/></region>
<text>
<par/>
</text>
</block>
<block><region><rect/></region>
<text>
<par/>
</text>
</block>
<block><region><rect/></region>
<text>
<par/>
</text>
</block>
<block><region><rect/></region>
<text>
<par/>
</text>
</block>
<block><region><rect/></region>
<text>
<par/>
</text>
</block>
<block><region><rect/></region>
<text>
<par>
<line>*</line></par>
</text>
</block>
<block><region><rect/></region>
<text>
<par/>
</text>
</block>
<block><region><rect/></region>
<text>
<par/>
</text>
</block>
<block><region><rect/></region>
<text>
<par/>
</text>
</block>
<block><region><rect/></region>
<text>
<par/>
</text>
</block>
<block><region><rect/></region>
<text>
<par>
<line>N</line></par>
</text>
</block>
<block><region><rect/></region>
<text>
<par/>
</text>
</block>
<block><region><rect/></region>
<text>
<par>
<line>Je'</line></par>
</text>
</block>
<block><region><rect/></region>
<text>
<par>
<line>i:</line></par>
</text>
</block>
<block><region><rect/></region>
<text>
<par/>
</text>
</block>
<block><region><rect/></region>
<text>
<par>
<line>c.</line></par>
</text>
</block>
<block><region><rect/></region>
<text>
<par/>
</text>
</block>
<block><region><rect/></region>
<text>
<par>
<line>V</line></par>
</text>
</block>
<block><region><rect/></region>
<text>
<par/>
</text>
</block>
<block><region><rect/></region>
<text>
<par/>
</text>
</block>
<block><region><rect/></region>
<text>
<par>
<line>✓</line></par>
</text>
</block>
<block><region><rect/></region>
<text>
<par>
<line>• • •</line></par>
</text>
</block>
<block><region><rect/></region>
<text>
<par/>
</text>
</block>
<block><region><rect/></region>
<text>
<par/>
</text>
</block>
<block><region><rect/></region>
<text>
<par/>
</text>
</block>
<block><region><rect/></region>
<text>
<par>
<line>»</line></par>
</text>
</block>
<block><region><rect/></region>
<text>
<par>
<line>«</line></par>
</text>
</block>
<block><region><rect/></region>
<text>
<par/>
</text>
</block>
<block><region><rect/></region>
<text>
<par>
<line>yr</line></par>
</text>
</block>
<block><region><rect/></region>
<text>
<par/>
</text>
</block>
<block><region><rect/></region>
<text>
<par>
<line>K</line></par>
</text>
</block>
<block><region><rect/></region>
<text>
<par/>
</text>
</block>
<block><region><rect/></region>
<text>
<par>
<line>wî</line></par>
</text>
</block>
<block><region><rect/></region>
<text>
<par>
<line>-i^</line></par>
</text>
</block>
<block><region><rect/></region>
<text>
<par>
<line>I</line></par>
</text>
</block>
<block><region><rect/></region>
<text>
<par/>
</text>
</block>
<block><region><rect/></region>
<text>
<par/>
</text>
</block>
<block><region><rect/></region>
<text>
<par>
<line>"•iOl</line></par>
</text>
</block>
<block><region><rect/></region>
<text>
<par>
<line>T&gt;£-</line></par>
</text>
</block>
<block><region><rect/></region>
<text>
<par>
<line>1^5</line></par>
</text>
</block>
<block><region><rect/></region>
<text>
<par>
<line>Secteur où la hauteur des constructions est</line>
<line>limitée à 9 mètres</line></par>
<par>
<line>Chemin piétonnier sécurisé en haut de falaise</line>
<line>(à poursuivre)</line></par>
<par>
<line>Liaison avec les lotissements existants</line></par>
<par>
<line>Liaison vers l'espace public à assurer (le cas</line>
<line>échéant. Ex: liaison piétonne)</line></par>
<par>
<line>Chemin piétonnier fâ feconouérirV</line></par>
<par>
<line>Bande de terrain non-aedificandi réservée</line>
<line>notamment pour un chemin piétonnier (de 30-</line>
<line>35 mètres de profortdeur)</line></par>
<par>
<line>Haie bocaoere à consen/er et à régénérer</line>
<line>(aubépirte, fusain. églantier, pommier</line>
<line>sauvage...)</line></par>
<par>
<line>Espace oublie à créer (conserver les deux</line>
<line>belles aubépines existantes, prévoir des</line></par>
</text>
</block>
<block><region><rect/></region>
<text>
<par>
<line>revêtements perméables pour les espac</line>
<line>stationnement)</line></par>
</text>
</block>
<block><region><rect/></region>
<text>
<par>
<line>8</line></par>
</text>
</block>














<block blockType="Picture" blockName="" l="829" t="842" r="882" b="898"><region><rect/></region>
</block>
<block blockType="Picture" blockName="" l="763" t="956" r="833" b="1016"><region><rect/></region>
</block>
<block blockType="Picture" blockName="" l="1113" t="920" r="1172" b="951"><region><rect/></region>
</block>
</page>
<page width="1757" height="1244" resolution="150">
<block><region><rect/></region>
<text>
<par>
<line>Orientation 4'3ménagement n'5 : Le</line>
<line>c{u3rtiei'« Les Mincjuiett »</line></par>
</text>
</block>
<block><region><rect/></region>
<text>
<par>
<line>Secteur « lAUa »</line></par>
</text>
</block>
<block><region><rect/></region>
<text>
<par>
<line>N</line></par>
</text>
</block>
<block><region><rect/></region>
<text>
<par>
<line>y...</line></par>
</text>
</block>
<block><region><rect/></region>
<text>
<par>
<line>•v</line></par>
</text>
</block>
<block><region><rect/></region>
<text>
<par/>
</text>
</block>
<block><region><rect/></region>
<text>
<par>
<line>£</line></par>
</text>
</block>
<block><region><rect/></region>
<text>
<par/>
</text>
</block>
<block><region><rect/></region>
<text>
<par>
<line>(esChandins 8!eus</line>
<line>Coton, de Vic ‘</line></par>
</text>
</block>
<block><region><rect/></region>
<text>
<par/>
</text>
</block>
<block><region><rect/></region>
<text>
<par/>
</text>
</block>
<block><region><rect/></region>
<text>
<par/>
</text>
</block>
<block><region><rect/></region>
<text>
<par>
<line>• K!</line></par>
</text>
</block>
<block><region><rect/></region>
<text>
<par/>
</text>
</block>
<block><region><rect/></region>
<text>
<par/>
</text>
</block>
<block><region><rect/></region>
<text>
<par/>
</text>
</block>
<block><region><rect/></region>
<text>
<par/>
</text>
</block>
<block><region><rect/></region>
<text>
<par/>
</text>
</block>
<block><region><rect/></region>
<text>
<par>
<line>L</line></par>
</text>
</block>
<block><region><rect/></region>
<text>
<par/>
</text>
</block>
<block><region><rect/></region>
<text>
<par/>
</text>
</block>
<block><region><rect/></region>
<text>
<par>
<line>C -</line></par>
</text>
</block>
<block><region><rect/></region>
<text>
<par>
<line>35S</line></par>
</text>
</block>
<block><region><rect/><rect/><rect/></region>
<text>
<par/>
</text>
</block>
<block><region><rect/></region>
<text>
<par/>
</text>
</block>
<block><region><rect/></region>
<text>
<par>
<line>•^SiSS^</line></par>
</text>
</block>
<block><region><rect/></region>
<text>
<par>
<line>iÊ.</line></par>
</text>
</block>
<block><region><rect/><rect/><rect/><rect/><rect/></region>
<text>
<par>
<line>^ ^ -^^L-aB^ssfe</line></par>
</text>
</block>
<block><region><rect/></region>
<text>
<par>
<line>Le secteur «1AUa» est enchâssé entre deux lotissements en haut de la falaise morte. Cette zone se</line>
<line>situe donc dans les Espaces proches du Rivage de la commune.</line></par>
<par>
<line>Depuis la zone dépressionnaire en bas de la falaise morte, nous distinguons aisément les</line>
<line>constructions actuelles (sur la gauche sur la photographie ci-dessus).</line></par>
</text>
</block>
<block><region><rect/></region>
<text>
<par>
<line>Les enjeux, les éléments de l’environnement à prendre en compte :</line></par>
<par>
<line>Cette zone se situant immédiatement en haut de la falaise morte, l'impact des éléments constnjits en première rangée sera notable. Aussi, il est</line>
<line>convenu de limiter la hauteur des constructions à 9 mètres pour la première rangée de constructions bénéficiant d'une vue sur la mer.</line></par>
<par>
<line>A l'exception de cette première frange (vue sur la mer), les constructions ne devront pas dépasser une hauteur de 13 mètres pour les bâtiments</line>
<line>collectifs et 11 mètres pour les autres constructions.</line></par>
<par>
<line>Le patrimoine végétal présent est riche, malgré la modeste superficie de la zone. Il paraît intéressant d'assurer la poursuite du chemin piéton en</line>
<line>sommet de la falaise (en prévoyant des passages sécurisés). La bande de terrain non-aedificandi résen/ée pour ce chemin piétonnier doit</line>
<line>permettre aussi d'assurer une certaine sécurité.</line></par>
<par>
<line>De même, un ancien chemin rural aujourd'hui envahi perpendiculaire au front de falaise devra être remis en état et aménagé pour les piétons, le</line>
<line>cas échéant pour les vélos. Ce chemin transversal permettra d'assurer une liaison inter-quartiers vers le chemin en haut de falaise. Les haies</line>
<line>bocagères existantes de part et d'autre de cet ancien chemin seront conservées (aubépine, fusain, églantier, pommier sauvage...) et régénérées.</line>
<line>Ceci permettra aussi de conserver une certaine biodiversité sur le secteur.</line></par>
<par>
<line>Une liaison (au moins) avec les lotissements existants devra être assurée. Il apparaît intéressant de prévoir une liaison vers l'espace public (le cas</line>
<line>échéant, par une simple liaison piétonne).</line></par>
<par>
<line>Un espace public sera créé (en conservant un aspect bocager et naturel). L'aménageur devra composer avec les deux belles aubépines existantes</line>
<line>au port retombant. Il conviendra également de prévoir des revêtements perméables pour les espaces de stationnement.</line></par>
</text>
</block>
<block><region><rect/></region>
<text>
<par>
<line>g</line></par>
</text>
</block>









</page>
</OAP>