<?xml version="1.0" encoding="UTF-8"?><OAP>
<page width="2481" height="3508" resolution="300">
<block><region><rect/></region>
<text>
<par>
<line>PLAN LOCAL D'URBANISME DE LA</line>
<line>COMMUNE DE SAINT-J EAN LE THOMAS</line></par>
</text>
</block>
<block><region><rect/></region>
<text>
<par>
<line>PIECE 3- ORIENTATIONS D'AMENAGEMENT ET DE</line></par>
<par>
<line>PROGRAMMATION</line></par>
</text>
</block>
<block><region><rect/><rect/><rect/></region>
<text>
<par/>
</text>
</block>
<block><region><rect/></region>
<text>
<par>
<line>Vu pour être annexé à la délibération communautaire du</line></par>
</text>
</block>
<block blockType="Table" blockName="" l="294" t="2739" r="2185" b="2928"><region><rect/></region>
<row>
<cell width="630" height="94">
<text>
<par>
<line>POS/PLU</line></par>
</text></cell>
<cell width="522" height="94">
<text>
<par>
<line>Prescrit</line></par>
</text></cell>
<cell width="422" height="94">
<text>
<par>
<line>Arrêté</line></par>
</text></cell>
<cell width="317" height="94">
<text>
<par>
<line>Approuvé</line></par>
</text></cell></row>
<row>
<cell width="630" height="95">
<text>
<par>
<line>Elaboration du PLU</line></par>
</text></cell>
<cell width="522" height="95">
<text>
<par/>
</text></cell>
<cell width="422" height="95">
<text>
<par/>
</text></cell>
<cell width="317" height="95">
<text>
<par/>
</text></cell></row>
</block>
<block><region><rect/></region>
<text>
<par>
<line>Orientations d'aménagement et de Programmation. Commune de Saint-Jean le Thomas</line></par>
</text>
</block>
<block><region><rect/></region>
<text>
<par>
<line>1</line></par>
</text>
</block>












</page>
<page width="2481" height="3508" resolution="300">
<block><region><rect/></region>
<text>
<par>
<line>PREAMBULE</line></par>
</text>
</block>
<block><region><rect/></region>
<text>
<par>
<line>Les Orientations d'Aménagement et de Programmation sont des dispositions particuiières permettant</line>
<line>de préciser ie projet d'aménagement et de déveioppement durabies sur certains secteurs de ia</line>
<line>commune. Ces orientations d'Aménagement et de Programmation sont définies de ia façon suivante :</line></par>
<par>
<line>Dans ie respect des orientations définies parie projet d'aménagement et de déveioppement durabies,</line>
<line>ies orientations d'aménagement et de programmation comprennent des dispositions portantsur</line>
<line>i'aménagement, i'habitat, ies transports et ies dépiacements.</line></par>
<par>
<line>1. En ce qui concerne i'aménagement, ies orientations peuvent définir ies actions et opérations</line>
<line>nécessaires pour mettre en vaieur i'environnement, ies paysages, ies entrées de viiies et ie patrimoine,</line>
<line>iutter contre i'insaiubrité, permettre ie renouveiiement urbain et assurer ie déveioppement de ia</line>
<line>commune. Eiies peuvent comporter un échéancier prévisionnei de i'ouverture à i'urbanisation des zones</line>
<line>à urbaniser et de ia réaiisation des équipements correspondants. Eiies peuvent porter sur des quartiers</line>
<line>ou des secteurs à mettre en vaieur, réhabiiiter, restructurer ou aménager. Eiies peuvent prendre ia</line>
<line>forme de schémas d'aménagement et préciser ies principaies caractéristiques des voies et espaces</line>
<line>pubiics.</line></par>
</text>
</block>
<block><region><rect/></region>
<text>
<par>
<line>2. En ce qui concerne i'habitat, eiies définissent ies objectifs et ies principes d'une poiitique</line>
<line>visant à répondre aux besoins en iogements et en hébergements, à favoriser ie renouveiiement</line>
<line>urbain et ia mixité sociaie età améiiorer i'accessibiiité du cadre bâtit aux personnes handicapées</line>
<line>en assurant entre ies communes et entre ies quartiers d'une même commune une répartition équiiibrée</line>
<line>et diversifiée de i'offre de iogements. Eiies tiennent iieu du programme iocai de i'habitat.</line></par>
</text>
</block>
<block><region><rect/></region>
<text>
<par>
<line>Lorsqu'un pian iocai d'urbanisme est étabii et approuvé par un étabiissement pubiic de coopération</line>
<line>intercommunaie qui n'est pas autorité compétente pour i'organisation des transports urbains, ii ne</line>
<line>comprend pas ies régies, orientations et programmations prévues au présents.</line></par>
<par>
<line>Ainsi, ies Orientations d'Aménagement et de Programmation du PLU permettent de préciser ies</line>
<line>principes d'aménagement retenus pour des quartiers, rues ou secteurs particuiiers de ia commune.</line>
<line>Tous travaux ou constructions doivent être compatibies avec ces orientations d'aménagement et de</line>
<line>programmation, iorsqu'eiies existent, et avec ieurs documents graphiques.</line></par>
</text>
</block>
<block><region><rect/></region>
<text>
<par>
<line>L'ambition de ia commune, au travers du document d'urbanisme, se traduit par ia voionté de renforcer</line>
<line>ie caractère attractif du viiiage en préservant sa dimension et son caractère rurai dans ie respect de son</line>
<line>environnement naturei.</line></par>
<par>
<line>En dehors du bourg de 5aint-j ean ie Thomas, ies espaces natureis etagricoies ne sont pas ouverts à</line>
<line>i'urbanisation. Seuie une réhabiiitation et/ou une extension iimitée de i'habitat actuei en continuité du</line>
<line>bâti existant sont autorisées.</line></par>
<par>
<line>En continuité du bourg, ii est envisagé d'ouvrir à i'urbanisation un secteur s'inscrivant sur ie site dit</line>
<line>« i'Amontde ia Pennerie » pour une superficie de i'ordre de 2,9 ha à destination de iogements</line></par>
</text>
</block>
<block><region><rect/></region>
<text>
<par>
<line>Orientations d'aménagement et de Programmation. Commune de Saint-Jean le Thomas</line></par>
</text>
</block>
<block><region><rect/></region>
<text>
<par>
<line>2</line></par>
</text>
</block>

</page>
<page width="2481" height="3508" resolution="300">
<block><region><rect/></region>
<text>
<par>
<line>Les Orientations d'Aménaqement et de Programmation.</line></par>
</text>
</block>
<block><region><rect/></region>
<text>
<par>
<line>SECTEUR D'AMENAGEMENT DE L'AMONT DE PENNERIE.</line></par>
</text>
</block>
<block><region><rect/></region>
<text>
<par>
<line>Localisation :</line></par>
</text>
</block>
<block><region><rect/></region>
<text>
<par>
<line>Le secteur se situe à l'Est du bourg, en continuité</line>
<line>directe du bourg ancien. Etant donné le contexte de</line>
<line>ce secteur, il est important et nécessaire d'apporter</line>
<line>des précisions réglementaires pour encadrer son</line>
<line>évolution et son aménagement. En effet, il présente</line>
<line>des enjeux paysagers et patrimoniaux importants :</line></par>
<par>
<line>• Perceptions du MontStMichel et de sa baie</line></par>
<par>
<line>• Co-visibilité avec l'église de St J ean le</line>
<line>Thomas, inscrite au titre des monuments</line>
<line>historiques</line></par>
<par>
<line>• Positionnement en entrée de ville...</line></par>
</text>
</block>
<block><region><rect/><rect/></region>
<text>
<par>
<line>Vocation :</line></par>
<par>
<line>Ce secteur d'aménagement est dédié à la réalisation de logements et doit permettre de proposer au</line>
<line>sein de la commune, une offre diversifiée en taille de parcelle et en surface de logements afin de</line>
<line>répondre aux demandes des familles et à l'installation de jeunes ménages ainsi qu'au maintien des</line>
<line>personnes âgée en permettant un véritable parcours résidentiel sur la commune.</line></par>
<par>
<line>L'aménagement de ce site doit permettre de :</line></par>
<par>
<line>Favoriser la construction de nouveaux logements localisés non loin des équipements du centre-</line>
<line>bourg..</line></par>
<par>
<line>Optimiser ce site proche du centre du village en autorisant un développement urbain à proximité</line>
<line>des services et desservi par les réseaux divers et les infrastructures routières.</line></par>
</text>
</block>
<block><region><rect/></region>
<text>
<par/>
</text>
</block>
<block><region><rect/></region>
<text>
<par/>
</text>
</block>
<block><region><rect/></region>
<text>
<par/>
</text>
</block>
<block><region><rect/></region>
<text>
<par/>
</text>
</block>
<block><region><rect/></region>
<text>
<par/>
</text>
</block>
<block><region><rect/></region>
<text>
<par>
<line>Orientations d'aménagement et de Programmation. Commune de Saint-Jean le Thomas</line></par>
</text>
</block>
<block><region><rect/></region>
<text>
<par>
<line>3</line></par>
</text>
</block>











</page>
<page width="2481" height="3508" resolution="300">
<block><region><rect/></region>
<text>
<par>
<line>Orientations d'Aménaqement et de Programmation :</line></par>
</text>
</block>
<block><region><rect/></region>
<text>
<par>
<line>SECTEUR D'AMENAGEMENT DE «L'AMONT DE LA PENNERIE»</line></par>
</text>
</block>
<block><region><rect/></region>
<text>
<par>
<line>Programmation et phasage :</line></par>
</text>
</block>
<block><region><rect/></region>
<text>
<par>
<line>La densité minimaie sur ce secteur est de 15 iogements à i'hectare. Le verger et ie piateau préservés</line>
<line>ne sont pas à prendre en compte pour ie caicui de ia densité.</line></par>
</text>
</block>
<block><region><rect/></region>
<text>
<par>
<line>Ainsi, ia partie Nord (A) du secteur doit accueiiiir</line>
<line>8 iogements au minimum. La partie Sud (B) doit</line>
<line>accueiiiir 36 iogements au minimum.</line></par>
<par>
<line>La partie Nord (A) devra faire i'objet d'une</line>
<line>opération d'ensembie. La partie Sud (B) sera</line>
<line>programmée en deux phases, afin que ie rythme</line>
<line>d'urbanisation demeure en cohérence avec ie</line>
<line>rythme de déveioppement souhaité par ia</line>
<line>commune.</line></par>
<par>
<line>L'ensembie de ia partie Sud peut faire i'objet</line>
<line>d'une opération d'ensembie (avec phasage), ou</line>
<line>de trois opérations d'ensembie distinctes</line>
<line>intervenant i'une après i'autre.</line></par>
<par>
<line>Phase 1 : 21 iogements au minimum, dont au</line>
<line>moins 8 de type maisons groupées ou jumeiées</line>
<line>et/ou iogements semi-coiiectifs.</line></par>
<par>
<line>Phase 2 : 15 iogements au minimum, dont au</line>
<line>moins 4 de type maisons groupées ou jumeiées</line>
<line>et/ou iogements semi-coiiectifs.</line></par>
</text>
</block>
<block><region><rect/></region>
<text>
<par/>
</text>
</block>
<block><region><rect/></region>
<text>
<par/>
</text>
</block>
<block><region><rect/></region>
<text>
<par/>
</text>
</block>
<block><region><rect/></region>
<text>
<par/>
</text>
</block>
<block><region><rect/></region>
<text>
<par/>
</text>
</block>
<block><region><rect/></region>
<text>
<par/>
</text>
</block>
<block><region><rect/></region>
<text>
<par>
<line>r</line></par>
</text>
</block>
<block><region><rect/></region>
<text>
<par>
<line>.'tel</line></par>
</text>
</block>
<block><region><rect/></region>
<text>
<par/>
</text>
</block>
<block><region><rect/></region>
<text>
<par>
<line>•■îf</line></par>
</text>
</block>
<block><region><rect/></region>
<text>
<par>
<line>vN</line></par>
</text>
</block>
<block><region><rect/></region>
<text>
<par>
<line>n;</line></par>
</text>
</block>
<block><region><rect/></region>
<text>
<par>
<line>U</line></par>
</text>
</block>
<block><region><rect/></region>
<text>
<par>
<line>A</line></par>
</text>
</block>
<block><region><rect/></region>
<text>
<par>
<line>»</line></par>
</text>
</block>
<block><region><rect/></region>
<text>
<par/>
</text>
</block>
<block><region><rect/></region>
<text>
<par/>
</text>
</block>
<block><region><rect/></region>
<text>
<par>
<line>V</line></par>
</text>
</block>
<block><region><rect/></region>
<text>
<par/>
</text>
</block>
<block><region><rect/></region>
<text>
<par>
<line>? h</line></par>
</text>
</block>
<block><region><rect/></region>
<text>
<par/>
</text>
</block>
<block><region><rect/></region>
<text>
<par/>
</text>
</block>
<block><region><rect/></region>
<text>
<par/>
</text>
</block>
<block><region><rect/></region>
<text>
<par/>
</text>
</block>
<block><region><rect/></region>
<text>
<par/>
</text>
</block>
<block><region><rect/></region>
<text>
<par>
<line>#</line></par>
</text>
</block>
<block><region><rect/></region>
<text>
<par>
<line>X</line></par>
</text>
</block>
<block><region><rect/></region>
<text>
<par/>
</text>
</block>
<block><region><rect/></region>
<text>
<par/>
</text>
</block>
<block><region><rect/></region>
<text>
<par/>
</text>
</block>
<block><region><rect/></region>
<text>
<par/>
</text>
</block>
<block><region><rect/></region>
<text>
<par/>
</text>
</block>
<block><region><rect/></region>
<text>
<par>
<line>s</line></par>
</text>
</block>
<block><region><rect/></region>
<text>
<par>
<line>Impiantation du bâti :</line></par>
<par>
<line>Le bâti s'inscrit dans ia topographie du site. Sur</line>
<line>ies espaces ies pius pentus ie bâti s'impiante</line>
<line>paraiièiement aux courbes de niveau,</line>
<line>L'impiantation du bâti se fait toujours en rapport</line>
<line>avec ia rue.</line></par>
<par>
<line>Impiantation aitimétrioue</line></par>
<par>
<line>Les dalles des garages et car-ports doivent être</line>
<line>implantées de sorte que leur accès automobile</line>
<line>soit situé à plus ou moins 50 cm du terrain naturel</line>
<line>(TN) ou du niveau de la rue au droit de cet accès.</line></par>
<par>
<line>Il faut considérer que les aménagements seront</line>
<line>guidés en principal par des décaissements et non</line>
<line>des remblais pour une bonne intégration au site.</line>
<line>Ceci correspond pleinement au bourg actuel de</line>
<line>Stj ean le Thomas.</line></par>
</text>
</block>
<block><region><rect/></region>
<text>
<par>
<line>Principe d'impfaniation du bâti</line></par>
</text>
</block>
<block><region><rect/></region>
<text>
<par>
<line>Le bail suit les</line>
<line>courbes de niveau</line></par>
</text>
</block>
<block><region><rect/></region>
<text>
<par>
<line>\</line></par>
</text>
</block>
<block><region><rect/></region>
<text>
<par/>
</text>
</block>
<block><region><rect/></region>
<text>
<par>
<line>Imofaniation affimétrique</line></par>
</text>
</block>
<block><region><rect/></region>
<text>
<par/>
</text>
</block>
<block><region><rect/></region>
<text>
<par>
<line>TN * &amp;D</line></par>
</text>
</block>
<block><region><rect/></region>
<text>
<par>
<line>niveau de la</line></par>
</text>
</block>
<block><region><rect/></region>
<text>
<par>
<line>TN ■ 50</line></par>
</text>
</block>
<block><region><rect/></region>
<text>
<par>
<line>TN ■ 50</line></par>
</text>
</block>
<block><region><rect/></region>
<text>
<par>
<line>Orientations d'aménagement et de Programmation. Commune de Saint-Jean le Thomas</line></par>
</text>
</block>
<block><region><rect/></region>
<text>
<par>
<line>4</line></par>
</text>
</block>











<block blockType="Picture" blockName="" l="1214" t="791" r="2184" b="1752"><region><rect/></region>
</block>
<block blockType="Picture" blockName="" l="1678" t="2782" r="1772" b="2851"><region><rect/></region>
</block>
</page>
<page width="2481" height="3508" resolution="300">
<block><region><rect/></region>
<text>
<par>
<line>Implantation des constructions par rapport à la rue</line></par>
</text>
</block>
<block><region><rect/></region>
<text>
<par>
<line>&gt; Les voies remontant face à la pente</line></par>
<par>
<line>Pour ces voies, les constructions s’implantent à l’alignement sur</line>
<line>pignon ou volume secondaire en pignon, en permettant une</line>
<line>implantation de façades suivant la ligne de courbe.</line></par>
<par>
<line>D’une manière générale, il paraît nécessaire de de réaliser les</line>
<line>constructions à l'alignement, soit par les volumes principaux ou les</line>
<line>volumes secondaires, ainsi que par les constructions annexes.</line>
<line>Ceux-ci pouvant jouer un rôle de soutènement pour les parties de</line>
<line>terrain en pente.</line></par>
</text>
</block>
<block><region><rect/></region>
<text>
<par>
<line>Mouvements de terrain</line>
<line>absorbés par la végétation</line></par>
</text>
</block>
<block><region><rect/></region>
<text>
<par/>
</text>
</block>
<block><region><rect/></region>
<text>
<par/>
</text>
</block>
<block><region><rect/></region>
<text>
<par>
<line>m</line></par>
</text>
</block>
<block><region><rect/></region>
<text>
<par>
<line>HV*. •</line></par>
</text>
</block>
<block><region><rect/></region>
<text>
<par>
<line>h</line></par>
</text>
</block>
<block><region><rect/></region>
<text>
<par/>
</text>
</block>
<block><region><rect/></region>
<text>
<par/>
</text>
</block>
<block><region><rect/></region>
<text>
<par>
<line>'•fnfa ; J JJ</line></par>
</text>
</block>
<block><region><rect/></region>
<text>
<par>
<line>a</line></par>
</text>
</block>
<block><region><rect/></region>
<text>
<par>
<line>&gt; Les voies parallèles aux courbes de niveau</line></par>
<par>
<line>Pour les parcelles desservies par le Nord, la construction devra</line>
<line>s’implanter avec un retrait maximal de 3 mètres. Pour permettre le</line>
<line>stationnement sur la parcelle, des volumes secondaires (par</line>
<line>exemple garage ou car-port) pourront s’implanter avec un retrait</line>
<line>maximal de 5 mètres.</line></par>
<par>
<line>Pour les parcelles desservies par le Sud, le retrait pourra être plus</line>
<line>important pour dégager des cours et Jardins au Sud,</line></par>
</text>
</block>
<block><region><rect/></region>
<text>
<par>
<line>Parcelle desservie par le Nord</line></par>
</text>
</block>
<block><region><rect/></region>
<text>
<par/>
</text>
</block>
<block><region><rect/></region>
<text>
<par>
<line>max</line></par>
</text>
</block>
<block><region><rect/></region>
<text>
<par>
<line>Retrait plus important</line></par>
</text>
</block>
<block><region><rect/></region>
<text>
<par/>
</text>
</block>
<block><region><rect/><rect/></region>
<text>
<par>
<line>Retrait maximal de 3m pour le</line>
<line>[rorps princ^ de la oonstiuclk)*!</line></par>
</text>
</block>
<block><region><rect/></region>
<text>
<par>
<line>Chemin de Amant de Pennene</line></par>
</text>
</block>
<block><region><rect/></region>
<text>
<par>
<line>Orientations d'aménagement et de Programmation. Commune de Saint-Jean le Thomas</line></par>
</text>
</block>
<block><region><rect/></region>
<text>
<par>
<line>5</line></par>
</text>
</block>































</page>
<page width="2481" height="3508" resolution="300">
<block><region><rect/></region>
<text>
<par>
<line>Caractéristiques du bâti</line></par>
</text>
</block>
<block><region><rect/></region>
<text>
<par>
<line>Voiumes</line></par>
<par>
<line>Le voiume principai de ia construction</line>
<line>devra être couvert par une toiture à deux</line>
<line>pans symétriques, avec des pentes</line>
<line>comprises entre 41 et 44°.</line></par>
<par>
<line>Les constructions annexes sont</line>
<line>détachées du voiume principai et ses</line>
<line>éventueis voiumes secondaires. La</line>
<line>iargeur des pignons est iimitée à 8</line>
<line>mètres. Une épaisseur suppiémentaire</line>
<line>peut être obtenue par i'ajout d'un voiume</line>
<line>secondaire.</line></par>
</text>
</block>
<block><region><rect/></region>
<text>
<par>
<line>Définitions</line></par>
</text>
</block>
<block><region><rect/></region>
<text>
<par>
<line>Volume principal</line></par>
</text>
</block>
<block><region><rect/></region>
<text>
<par>
<line>Volume principal</line></par>
</text>
</block>
<block><region><rect/></region>
<text>
<par>
<line>I -</line></par>
</text>
</block>
<block><region><rect/></region>
<text>
<par/>
</text>
</block>
<block><region><rect/></region>
<text>
<par>
<line>Volume secondaire</line></par>
</text>
</block>
<block blockType="Table" blockName="" l="1666" t="744" r="2150" b="1018"><region><rect/></region>
<row>
<cell leftBorder="White" topBorder="White" rightBorder="White" bottomBorder="White" width="140" height="43">
<text>
<par/>
</text></cell>
<cell leftBorder="White" topBorder="White" rightBorder="White" width="137" height="43">
<text>
<par/>
</text></cell>
<cell leftBorder="White" topBorder="White" rightBorder="White" width="144" height="43">
<text>
<par/>
</text></cell>
<cell leftBorder="White" topBorder="White" rightBorder="White" bottomBorder="White" width="63" height="43">
<text>
<par>
<line>/</line></par>
</text></cell></row>
<row>
<cell leftBorder="White" topBorder="White" bottomBorder="White" width="140" height="83">
<text>
<par/>
</text></cell>
<cell rightBorder="White" width="137" height="83">
<text>
<par>
<line>J</line></par>
</text></cell>
<cell leftBorder="White" width="144" height="83">
<text>
<par>
<line>1-</line></par>
<par>
<line>/</line></par>
</text></cell>
<cell topBorder="White" rightBorder="White" bottomBorder="White" width="63" height="83">
<text>
<par>
<line>/</line></par>
</text></cell></row>
<row>
<cell leftBorder="White" topBorder="White" width="140" height="119">
<text>
<par>
<line>rn</line></par>
</text></cell>
<cell rightBorder="White" width="137" height="119">
<text>
<par>
<line>n</line></par>
</text></cell>
<cell leftBorder="White" width="144" height="119">
<text>
<par/>
</text></cell>
<cell topBorder="White" rightBorder="White" width="63" height="119">
<text>
<par/>
</text></cell></row>
<row>
<cell leftBorder="White" rightBorder="White" bottomBorder="White" width="140" height="29">
<text>
<par>
<line>\</line></par>
</text></cell>
<cell leftBorder="White" rightBorder="White" bottomBorder="White" width="137" height="29">
<text>
<par/>
</text></cell>
<cell leftBorder="White" rightBorder="White" bottomBorder="White" width="144" height="29">
<text>
<par/>
</text></cell>
<cell leftBorder="White" rightBorder="White" bottomBorder="White" width="63" height="29">
<text>
<par/>
</text></cell></row>
</block>
<block><region><rect/></region>
<text>
<par>
<line>Vülurr^e secondaire</line></par>
</text>
</block>
<block blockType="Table" blockName="" l="450" t="1203" r="765" b="1451"><region><rect/></region>
<row>
<cell topBorder="White" rightBorder="White" bottomBorder="White" width="64" height="135">
<text>
<par/>
</text></cell>
<cell leftBorder="White" topBorder="White" width="174" height="135">
<text>
<par/>
</text></cell>
<cell bottomBorder="White" width="77" height="135">
<text>
<par/>
</text></cell></row>
<row>
<cell topBorder="White" bottomBorder="White" width="64" height="36">
<text>
<par/>
</text></cell>
<cell bottomBorder="White" width="174" height="36">
<text>
<par>
<line>Volume</line></par>
</text></cell>
<cell topBorder="White" bottomBorder="White" width="77" height="36">
<text>
<par/>
</text></cell></row>
<row>
<cell topBorder="White" width="64" height="38">
<text>
<par/>
</text></cell>
<cell topBorder="White" width="174" height="38">
<text>
<par>
<line>principal</line></par>
</text></cell>
<cell topBorder="White" bottomBorder="White" width="77" height="38">
<text>
<par/>
</text></cell></row>
<row>
<cell colSpan="2" width="238" height="39">
<text>
<par/>
</text></cell>
<cell topBorder="White" width="77" height="39">
<text>
<par/>
</text></cell></row>
</block>
<block><region><rect/></region>
<text>
<par>
<line>Volumes ^</line>
<line>secondaires</line></par>
</text>
</block>
<block><region><rect/></region>
<text>
<par>
<line>Construction</line></par>
<par>
<line>annexe</line></par>
</text>
</block>
<block><region><rect/></region>
<text>
<par>
<line>Eoatsseur par l'Bjout d'an voiume secondaire</line></par>
</text>
</block>
<block blockType="Table" blockName="" l="1540" t="1434" r="1812" b="1638"><region><rect/></region>
<row>
<cell leftBorder="White" topBorder="White" width="139" height="111">
<text>
<par>
<line>1 i</line></par>
<par>
<line>J_ 1</line></par>
</text></cell>
<cell topBorder="White" rightBorder="White" width="133" height="111">
<text>
<par/>
</text></cell></row>
<row>
<cell leftBorder="White" bottomBorder="White" width="139" height="93">
<text>
<par>
<line>L</line></par>
<par>
<line>*■ -ï</line></par>
</text></cell>
<cell rightBorder="White" bottomBorder="White" width="133" height="93">
<text>
<par>
<line>»_^</line></par>
</text></cell></row>
</block>
<block><region><rect/></region>
<text>
<par>
<line>STAP de ta fvSaœ^e et d'ilie-et-Viiafne</line></par>
</text>
</block>
<block><region><rect/></region>
<text>
<par>
<line>La hauteur du bâti est iimitée à 2 niveaux</line>
<line>pius combie (R+l+C), avec une hauteur</line>
<line>maximaie au faîtage de 10 mètres. Ces</line>
<line>hauteurs sont régiementées par rapport</line>
<line>au niveau de ia rue de desserte, au droit</line>
<line>de ia construction.</line></par>
</text>
</block>
<block><region><rect/></region>
<text>
<par>
<line>-1 F</line></par>
</text>
</block>
<block><region><rect/></region>
<text>
<par/>
</text>
</block>
<block><region><rect/><rect/></region>
<text>
<par>
<line>STAP de la Manche etdTIIe-eî-Vifaine</line>
<line>Gstbarii à 3 nivéaax (R+1-*-C}</line></par>
</text>
</block>
<block><region><rect/></region>
<text>
<par>
<line>Pignon sur rue</line></par>
<par>
<line>Haufeur maximale : 10m</line></par>
</text>
</block>
<block><region><rect/></region>
<text>
<par>
<line>^,</line></par>
</text>
</block>
<block><region><rect/></region>
<text>
<par/>
</text>
</block>
<block><region><rect/></region>
<text>
<par/>
</text>
</block>
<block><region><rect/></region>
<text>
<par>
<line>Façade sur rue</line>
<line>Hauleur maximaîe : 10m</line></par>
</text>
</block>
<block><region><rect/></region>
<text>
<par/>
</text>
</block>
<block><region><rect/></region>
<text>
<par/>
</text>
</block>
<block><region><rect/></region>
<text>
<par>
<line>Orientations d'aménagement et de Programmation. Commune de Saint-Jean le Thomas</line></par>
</text>
</block>
<block><region><rect/></region>
<text>
<par>
<line>6</line></par>
</text>
</block>







































<block blockType="Picture" blockName="" l="1219" t="818" r="1349" b="922"><region><rect/></region>
</block>
<block blockType="Picture" blockName="" l="1477" t="2620" r="1548" b="2667"><region><rect/></region>
</block>
</page>
<page width="2481" height="3508" resolution="300">
<block><region><rect/></region>
<text>
<par>
<line>Teintes et matériaux</line></par>
</text>
</block>
<block><region><rect/><rect/></region>
<text>
<par>
<line>Les toitures deux pans des voiumes principaux des constructions seront couvertes d'ardoises. Pour ies</line>
<line>murs des voiumes principaux des constructions, ies teintes devront se rapprocher des matériaux de</line>
<line>type pierre, terre..., avec des teintes grises et ocres. Les teintes devront présenter des vaieurs</line>
<line>équivaientes à ceiies observées sur ie bâti</line>
<line>traditionnei de ia commune.</line></par>
</text>
</block>
<block><region><rect/></region>
<text>
<par>
<line>Exempies de teintes pour ies murs,</line></par>
<par>
<line>enduits, bardaaes et toitures</line></par>
</text>
</block>
<block><region><rect/><rect/></region>
<text>
<par/>
</text>
</block>
<block><region><rect/></region>
<text>
<par/>
</text>
</block>
<block><region><rect/></region>
<text>
<par/>
</text>
</block>
<block><region><rect/></region>
<text>
<par/>
</text>
</block>
<block><region><rect/></region>
<text>
<par>
<line>«K</line></par>
</text>
</block>
<block><region><rect/></region>
<text>
<par>
<line>Source : Construire dans ie grand paysage du « Mont-Saint-</line></par>
<par>
<line>Michei et sa baie » : 5TAP de ia Manche etd'Iiie-et-Viiaine</line></par>
</text>
</block>
<block><region><rect/></region>
<text>
<par>
<line>Les ciôtures</line></par>
<par>
<line>Les ciôtures sontessentieiies dans ia iecture d'un paysage urbain. La voionté est de créer une interface</line>
<line>urbaine entre ie centre bourg dense et éminemment minérai et i'espace rurai.</line></par>
<par>
<line>De ce fait, ies ciôtures donnant sur ie domaine pubiic seront constituées de végétaux. Les éiéments</line>
<line>maçonnés pourront être toiérés pour i'impiantation de porta iis et portiiions, i'intégration des coffrets</line>
<line>techniques, boîtes aux iettres..., sur une iongueur maximaie de 1,50 m.</line></par>
<par>
<line>Essences végétaies recommandées :</line></par>
<par>
<line>• Pittosporum variegatum (pittosporum)</line></par>
<par>
<line>• Ligustrum ovaiifoiium aureum (troène)</line></par>
<par>
<line>• Griseiiina (griseiine)</line></par>
<par>
<line>• Euonymus japonicus (fusain du J apon)</line></par>
<par>
<line>• Cytisus praecox (genet)</line></par>
<par>
<line>• Atripiex haiimus (pourpier de mer)</line></par>
<par>
<line>• Hydrangea (hortensia)</line></par>
<par>
<line>• Lupinus arboreus (iupin arboré)...</line></par>
</text>
</block>
<block><region><rect/></region>
<text>
<par>
<line>Orientations d'aménagement et de Programmation. Commune de Saint-Jean le Thomas</line></par>
</text>
</block>
<block><region><rect/></region>
<text>
<par>
<line>7</line></par>
</text>
</block>
















<block blockType="Picture" blockName="" l="1121" t="623" r="2144" b="1565"><region><rect/></region>
</block>
</page>
<page width="2481" height="3508" resolution="300">
<block><region><rect/></region>
<text>
<par>
<line>Les espaces publics</line></par>
</text>
</block>
<block><region><rect/></region>
<text>
<par>
<line>La desserte viaire devra créer un</line>
<line>maillage et éviter les impasses. Seul</line>
<line>le secteur Nord pourra être desservi</line>
<line>par une impasse, afin de respecter</line>
<line>la topographie du lieu en préservant</line>
<line>ses hauts talus périphériques.</line></par>
<par>
<line>Sur le secteur Sud, des liaisons</line>
<line>viaires sont créées depuis le chemin</line>
<line>de l'Amontde la Pennerie, suivant le</line>
<line>principe du schéma ci-contre. Ces</line>
<line>liaisons sont parallèles ou</line>
<line>perpendiculaires aux courbes de</line>
<line>niveau.</line></par>
<par>
<line>Les dessertes parcellaires sont</line>
<line>interdites sur le chemin de l'Amont</line>
<line>de la Pennerie, afin de s'assurer du</line>
<line>maintien du talus et ainsi préserver</line>
<line>le caractère rural de ce chemin en</line>
<line>covisibilité avec l'église. Pour la</line>
<line>gestion des eaux pluviales, une</line>
<line>noue accompagnera ce talus.</line></par>
</text>
</block>
<block><region><rect/></region>
<text>
<par>
<line>Dessertes</line></par>
<par>
<line>parcellaires</line></par>
<par>
<line>interdites</line></par>
</text>
</block>
<block><region><rect/></region>
<text>
<par/>
</text>
</block>
<block><region><rect/></region>
<text>
<par/>
</text>
</block>
<block><region><rect/></region>
<text>
<par>
<line>ueisons</line>
<line>viaires a créer</line></par>
</text>
</block>
<block><region><rect/></region>
<text>
<par>
<line>Desserte en</line>
<line>impasse</line></par>
</text>
</block>
<block><region><rect/></region>
<text>
<par>
<line>Placette et</line>
<line>espace vert</line>
<line>commun en</line>
<line>lien direct</line></par>
</text>
</block>
<block><region><rect/></region>
<text>
<par>
<line>Maillage</line></par>
<par>
<line>doux</line></par>
<par>
<line>interne</line></par>
</text>
</block>
<block><region><rect/></region>
<text>
<par>
<line>En termes d'espaces public, le nouveau quartier s'inscrit dans un principe de rues. Un maillage piéton</line>
<line>s'appuie surces espaces et permet des liaisons directes entre les voies. A l'Est, le projetdevra préserver</line>
<line>l'intégrité du chemin creux.</line></par>
</text>
</block>
<block><region><rect/></region>
<text>
<par>
<line>Les matériaux et la forme des</line>
<line>espaces publics sont essentiels</line>
<line>dans la perception et l'intégration</line>
<line>du projet. Ainsi, il est demandé de</line>
<line>reprendre les composantes du</line>
<line>bourg de Saint] ean de Thomas,</line>
<line>et éviter le schéma stéréotypé de</line>
<line>voirie de lotissement.</line></par>
<par>
<line>Une alternance de sections au</line>
<line>caractère minimal et d'autres au</line>
<line>caractère plus paysager doit</line>
<line>permettre un juste équilibre des</line>
<line>formes urbaines au caractère</line>
<line>rural.Les rues nouvelles seront</line>
<line>réfléchies dans le principe</line>
<line>« d'espace partagé » où piétons</line>
<line>et vélos sont prioritaires. Le</line>
<line>stationnement sur les espaces</line>
<line>communes se fera de manière</line>
<line>parcimonieuse, intégré le long</line>
<line>des voies ou en enclave.</line></par>
</text>
</block>
<block><region><rect/></region>
<text>
<par>
<line>A privilégier ^</line></par>
</text>
</block>
<block><region><rect/></region>
<text>
<par/>
</text>
</block>
<block><region><rect/></region>
<text>
<par>
<line>viü.&gt;b</line></par>
</text>
</block>
<block><region><rect/></region>
<text>
<par/>
</text>
</block>
<block><region><rect/></region>
<text>
<par>
<line>Orientations d'aménagement et de Programmation. Commune de Saint-Jean le Thomas</line></par>
</text>
</block>
<block><region><rect/></region>
<text>
<par>
<line>8</line></par>
</text>
</block>


















<block blockType="Picture" blockName="" l="1409" t="2591" r="1537" b="2637"><region><rect/></region>
</block>
<block blockType="Picture" blockName="" l="1353" t="777" r="1487" b="839"><region><rect/></region>
</block>
<block blockType="Picture" blockName="" l="1257" t="1644" r="2119" b="2291"><region><rect/></region>
</block>
</page>
<page width="2481" height="3508" resolution="300">
<block><region><rect/><rect/></region>
<text>
<par>
<line>La structure paysagère</line></par>
<par>
<line>La trame paysagère s'appuiera sur la trame</line>
<line>verte existante, en la renforçant. A l'Ouest,</line>
<line>la partie Nord du verger doit être conservée,</line>
<line>puisqu'elle participe de la qualité et</line>
<line>l'ambiance de l'entrée de ville, et dans son</line>
<line>prolongement le plateau le plus exposé aux</line>
<line>perceptions sera conservé en espace</line>
<line>naturel.</line></par>
<par>
<line>Les structures bocagères existantes sont à</line>
<line>préserver :</line></par>
<par>
<line>&gt; Les boisements sur talus le long de</line>
<line>la RD241 et sur l'allée Charles</line>
<line>KULA ;</line></par>
<par>
<line>&gt; L'intégralité des boisements</line>
<line>accompagnant le chemin creux à</line>
<line>l'Est. Le chemin creux doit être</line>
<line>préservé dans son intégralité :</line>
<line>boisements et topographie ;</line></par>
<par>
<line>Des linéaires de boisements sont à créer</line>
<line>pour renforcer l'intégration des</line>
<line>constructions à implanter :</line></par>
<par>
<line>&gt; En transversale Nord / Sud, en</line>
<line>s'appuyant sur les quelques arbres</line>
<line>présents sur la limite entre les deux</line>
<line>champs (résiduel d'une haie</line>
<line>bocagère) ;</line></par>
<par>
<line>&gt; Le long du chemin de l'Amont de Pennerie, sur le talus préservé, qui sera par ailleurs doublé</line>
<line>par une noue pour la gestion des eaux de pluie ;</line></par>
<par>
<line>&gt; Une coupure intermédiaire, correspondantauxjardins, suivantes courbes de niveau renforcera</line>
<line>l'intégration des constructions.</line></par>
<par>
<line>L'ensemble des talus périphériques devront être conservés, hormis au droit des accès viaires. La vue</line>
<line>sur le Mont-5t-Michel, repérée sur le schéma ci-contre, esta préserver et mettre en valeur (axe d'une</line>
<line>voie nouvelle).</line></par>
<par>
<line>Réseaux :</line></par>
<par>
<line>Les réseaux d'eau potable, d'assainissement et d'électricité existent au droit de la zone à aménager.</line></par>
</text>
</block>
<block><region><rect/></region>
<text>
<par>
<line>Verger à</line>
<line>préserver</line></par>
</text>
</block>
<block><region><rect/></region>
<text>
<par>
<line>Linéaire</line>
<line>bocager à</line>
<line>rentoncer</line></par>
</text>
</block>
<block><region><rect/></region>
<text>
<par>
<line>Linéaire</line>
<line>bocager à</line>
<line>reconstituer</line></par>
</text>
</block>
<block><region><rect/></region>
<text>
<par>
<line>—&gt;</line></par>
</text>
</block>
<block><region><rect/></region>
<text>
<par>
<line>Linéaires</line>
<line>bocagers à</line>
<line>préserver</line></par>
</text>
</block>
<block><region><rect/></region>
<text>
<par>
<line>Plates J</line>
<line>conservé</line>
<line>en espace</line>
<line>naturel</line></par>
</text>
</block>
<block><region><rect/></region>
<text>
<par>
<line>Vue à</line>
<line>préserver</line></par>
</text>
</block>
<block><region><rect/></region>
<text>
<par>
<line>Chemin</line>
<line>creux à</line>
<line>préserver</line></par>
</text>
</block>
<block><region><rect/></region>
<text>
<par>
<line>Orientations d'aménagement et de Programmation. Commune de Saint-Jean le Thomas</line></par>
</text>
</block>
<block><region><rect/></region>
<text>
<par>
<line>9</line></par>
</text>
</block>
















</page>
</OAP>