<?xml version="1.0" encoding="UTF-8"?><OAP>
<page width="1656" height="2339" resolution="200">
<block><region><rect/></region>
<text>
<par>
<line>Syndicat des Vallées</line>
<line>de la Marne et de l’Orconté</line></par>
<par>
<line>Communes de Cloyes-sur-Marne, Isle-sur-Marne,</line>
<line>Matignicourt-Goncourt,Éncetz-l’Abbaye</line></par>
</text>
</block>
<block><region><rect/></region>
<text>
<par>
<line>Plan Local d'Urbanisme</line></par>
</text>
</block>
<block><region><rect/></region>
<text>
<par>
<line>'JiStà</line></par>
</text>
</block>
<block><region><rect/></region>
<text>
<par/>
</text>
</block>
<block><region><rect/></region>
<text>
<par>
<line>s</line></par>
</text>
</block>
<block><region><rect/></region>
<text>
<par/>
</text>
</block>
<block><region><rect/></region>
<text>
<par/>
</text>
</block>
<block><region><rect/></region>
<text>
<par/>
</text>
</block>
<block><region><rect/></region>
<text>
<par/>
</text>
</block>
<block><region><rect/></region>
<text>
<par/>
</text>
</block>
<block><region><rect/><rect/></region>
<text>
<par>
<line>Orientations d'Aménagement</line></par>
<par>
<line>■q=n(:tZO^</line></par>
</text>
</block>
<block><region><rect/><rect/><rect/><rect/><rect/><rect/><rect/></region>
<text>
<par>
<line>“Vu pour être annexé à la délibération du 19/01/2006</line>
<line>approuvant les dispositions du Plan Local d'Urbanisme</line>
<line>mis en révision.”</line></par>
<par>
<line>Fait à Cloyes-sur-Marn^5</line></par>
<par>
<line>I A DrAoSi^Anf '-St</line></par>
</text>
</block>
<block><region><rect/></region>
<text>
<par>
<line>Le Président,</line></par>
</text>
</block>
<block><region><rect/></region>
<text>
<par>
<line>Etude réalisée par :</line></par>
</text>
</block>
<block><region><rect/></region>
<text>
<par>
<line>Le</line></par>
</text>
</block>
<block><region><rect/></region>
<text>
<par>
<line>REÇU LE</line></par>
</text>
</block>
<block><region><rect/></region>
<text>
<par>
<line>3 1 AOUT m</line></par>
</text>
</block>
<block><region><rect/><rect/></region>
<text>
<par>
<line>do^n RŸ-‘.'fc ■ .anL'qis</line></par>
</text>
</block>
<block><region><rect/><rect/><rect/><rect/></region>
<text>
<par>
<line>. ^ /ARRETE LE : 30/11/2004</line></par>
<par>
<line>le : 19/01/2006</line></par>
</text>
</block>
<block><region><rect/></region>
<text>
<par>
<line>fà</line></par>
</text>
</block>
<block><region><rect/></region>
<text>
<par>
<line>Environnement Conseil</line></par>
<par>
<line>Urbanisme Environnement Communication</line></par>
<par>
<line>61 chemin du Barrage 51000 CHALONS-EN-CHAMPAGNE</line>
<line>Tél. : 03.26.64.05.01 Fax : 03.26.64.73.32</line>
<line>environnement.conseil@wanadoo.fr</line></par>
</text>
</block>




















<block blockType="Picture" blockName="" l="562" t="896" r="617" b="999"><region><rect/></region>
</block>
<block blockType="Picture" blockName="" l="616" t="961" r="663" b="1041"><region><rect/></region>
</block>
<block blockType="Picture" blockName="" l="858" t="974" r="898" b="1048"><region><rect/></region>
</block>
</page>
<page width="2483" height="3508" resolution="300">
<block><region><rect/></region>
<text>
<par>
<line>J</line></par>
</text>
</block>
<block><region><rect/></region>
<text>
<par>
<line>r»; J-*'</line></par>
</text>
</block>
</page>
<page width="1656" height="2339" resolution="200">
<block><region><rect/></region>
<text>
<par>
<line>'S^</line></par>
<par>
<line>»! Environnement Conseil</line></par>
</text>
</block>
<block><region><rect/></region>
<text>
<par>
<line>SOMMAIRE</line></par>
<par>
<line>PREAMBULE.2</line></par>
<par>
<line>LES ORIENTATIONS D'AMENAGEMENT.»..3</line></par>
</text>
<text>
<par>
<line>PLU du Syndicat Intercommunal des Vallées de la Marne et de l’Orconté- Orientations d'Aménagement 1</line></par>
</text>
</block>


<block blockType="Picture" blockName="" l="138" t="276" r="1512" b="469"><region><rect/></region>
</block>
</page>
<page width="1656" height="2339" resolution="200">
<block><region><rect/></region>
<text>
<par>
<line>'S^</line></par>
<par>
<line>il Environnement Conseil</line></par>
</text>
</block>
<block><region><rect/></region>
<text>
<par>
<line>PREAMBULE</line></par>
</text>
</block>
<block><region><rect/></region>
<text>
<par>
<line>Les orientations d'aménagement peuvent, par quartier ou par secteur, prévoir les actions et</line>
<line>opérations d’aménagement mentionnées au troisième alinéa de l'article L. 123-1.</line></par>
<par>
<line>Les orientations d'aménagement permettent à la commune de préciser les conditions</line>
<line>d'aménagement de certains secteurs qui vont connaître un développement particulier.</line></par>
<par>
<line>Les opérations de construction ou d'aménagement décidées dans ces secteurs doivent être</line>
<line>compatibles avec les orientations d'aménagement, c'est à dire qu'elles doivent les respecter dans</line>
<line>l'esprit.</line></par>
</text>
</block>
<block><region><rect/></region>
<text>
<par>
<line>PLU du Syndicat Intercommunal des Vallées de la Marne et de l'Orconté- Orientations d'Aménagement</line></par>
</text>
</block>
<block><region><rect/></region>
<text>
<par>
<line>2</line></par>
</text>
</block>
<block blockType="Picture" blockName="" l="142" t="231" r="1516" b="419"><region><rect/></region>
</block>
</page>
<page width="1656" height="2339" resolution="200">
<block><region><rect/></region>
<text>
<par>
<line>■</line></par>
<par>
<line>i€ Environnement Conseil</line></par>
</text>
</block>
<block><region><rect/></region>
<text>
<par>
<line>LES ORIENTATIONS</line>
<line>D'AMENAGEMENT</line></par>
<par>
<line>Les orientations d'aménagement concernent l’aménagement des différentes zones 1 AU.</line></par>
</text>
</block>
<block><region><rect/></region>
<text>
<par>
<line>Les opérations de constructions et d'aménagement doivent donc être compatibles avec les schémas</line>
<line>suivant.</line></par>
</text>
</block>
<block><region><rect/></region>
<text>
<par>
<line>Les orientations d'aménagement concernent spécifiquement l'organisation de la desserte et des</line>
<line>voiries et le raccordement aux réseaux existants. Tout aménagement pourra se faire par phase sous</line>
<line>conditions d’une prise en compte globale des Orientations d’Aménagement.</line></par>
</text>
</block>
<block><region><rect/></region>
<text>
<par>
<line>PLU du Syndicat Intercommunal des Vallées de la Marne et de l'Orconté- Orientations d'Aménagement</line></par>
</text>
</block>
<block><region><rect/></region>
<text>
<par>
<line>3</line></par>
</text>
</block>
<block blockType="Picture" blockName="" l="137" t="196" r="1515" b="467"><region><rect/></region>
</block>
</page>
<page width="2483" height="3508" resolution="300">
<block><region><rect/></region>
<text>
<par>
<line>► *</line></par>
</text>
</block>
</page>
<page width="2339" height="1656" resolution="200">
<block><region><rect/></region>
<text>
<par>
<line>Communes de Cloyes-sur-Marne, Isle-sur-Marné,</line>
<line>Matignicourt-Goncourt et Moncetz-l'Abbaye</line>
<line>Plan Local d'Urbanisme</line></par>
</text>
</block>
<block><region><rect/></region>
<text>
<par>
<line>Orientations d'aménagement</line></par>
</text>
</block>
<block><region><rect/></region>
<text>
<par>
<line>Â</line></par>
</text>
</block>
<block><region><rect/></region>
<text>
<par>
<line>IMG</line></par>
</text>
</block>
<block><region><rect/></region>
<text>
<par>
<line>l/a</line></par>
</text>
</block>
<block><region><rect/></region>
<text>
<par>
<line>w O r r</line></par>
</text>
</block>
<block><region><rect/></region>
<text>
<par>
<line>/</line></par>
</text>
</block>
<block><region><rect/></region>
<text>
<par>
<line>MB</line></par>
</text>
</block>
<block><region><rect/></region>
<text>
<par>
<line>kxA / A/</line></par>
</text>
</block>
<block><region><rect/></region>
<text>
<par/>
</text>
</block>
<block><region><rect/></region>
<text>
<par/>
</text>
</block>
<block><region><rect/></region>
<text>
<par/>
</text>
</block>
<block><region><rect/></region>
<text>
<par>
<line>/ /</line></par>
</text>
</block>
<block><region><rect/></region>
<text>
<par>
<line>/ /</line></par>
</text>
</block>
<block><region><rect/></region>
<text>
<par/>
</text>
</block>
<block><region><rect/></region>
<text>
<par/>
</text>
</block>
<block><region><rect/></region>
<text>
<par>
<line>S</line></par>
</text>
</block>
<block><region><rect/></region>
<text>
<par>
<line>Raccordement aux réseaux</line>
<line>existants</line></par>
</text>
</block>
<block><region><rect/></region>
<text>
<par/>
</text>
</block>
<block><region><rect/></region>
<text>
<par>
<line>\</line></par>
</text>
</block>
<block><region><rect/></region>
<text>
<par>
<line>/</line></par>
</text>
</block>
<block><region><rect/></region>
<text>
<par>
<line>/ .A,</line></par>
</text>
</block>
<block><region><rect/></region>
<text>
<par>
<line>F</line></par>
</text>
</block>
<block><region><rect/></region>
<text>
<par/>
</text>
</block>
<block><region><rect/></region>
<text>
<par/>
</text>
</block>
<block><region><rect/></region>
<text>
<par>
<line>1AUE</line></par>
</text>
</block>
<block><region><rect/></region>
<text>
<par/>
</text>
</block>
<block><region><rect/></region>
<text>
<par>
<line>A/'-</line></par>
</text>
</block>
<block><region><rect/></region>
<text>
<par>
<line>7</line></par>
</text>
</block>
<block><region><rect/></region>
<text>
<par>
<line>h y</line></par>
</text>
</block>
<block><region><rect/></region>
<text>
<par>
<line>'' /</line></par>
</text>
</block>
<block><region><rect/></region>
<text>
<par/>
</text>
</block>
<block><region><rect/></region>
<text>
<par/>
</text>
</block>
<block><region><rect/></region>
<text>
<par/>
</text>
</block>
<block><region><rect/></region>
<text>
<par>
<line>A</line></par>
</text>
</block>
<block><region><rect/></region>
<text>
<par>
<line>/</line></par>
</text>
</block>
<block><region><rect/></region>
<text>
<par>
<line>A</line></par>
</text>
</block>
<block><region><rect/></region>
<text>
<par>
<line>\</line></par>
</text>
</block>
<block><region><rect/></region>
<text>
<par>
<line>\</line></par>
</text>
</block>
<block><region><rect/></region>
<text>
<par>
<line>\</line></par>
</text>
</block>
<block><region><rect/></region>
<text>
<par>
<line>LA UOTTE/ -</line></par>
</text>
</block>
<block><region><rect/></region>
<text>
<par/>
</text>
</block>
<block><region><rect/></region>
<text>
<par>
<line>N</line></par>
</text>
</block>
<block><region><rect/></region>
<text>
<par>
<line>\</line></par>
</text>
</block>
<block><region><rect/></region>
<text>
<par>
<line>/ 7</line></par>
</text>
</block>
<block><region><rect/></region>
<text>
<par>
<line>\</line></par>
</text>
</block>
<block><region><rect/></region>
<text>
<par>
<line>N</line></par>
</text>
</block>
<block><region><rect/></region>
<text>
<par/>
</text>
</block>
<block><region><rect/></region>
<text>
<par>
<line>\</line></par>
</text>
</block>
<block><region><rect/></region>
<text>
<par>
<line>! /</line></par>
</text>
</block>
<block><region><rect/></region>
<text>
<par>
<line>/</line></par>
</text>
</block>
<block><region><rect/></region>
<text>
<par>
<line>S</line></par>
</text>
</block>
<block><region><rect/></region>
<text>
<par>
<line>\</line></par>
</text>
</block>
<block><region><rect/></region>
<text>
<par/>
</text>
</block>
<block><region><rect/></region>
<text>
<par>
<line>\</line></par>
</text>
</block>
<block><region><rect/></region>
<text>
<par/>
</text>
</block>
<block><region><rect/></region>
<text>
<par/>
</text>
</block>
<block><region><rect/></region>
<text>
<par>
<line>X</line></par>
</text>
</block>
<block><region><rect/></region>
<text>
<par>
<line>\</line></par>
</text>
</block>
<block><region><rect/></region>
<text>
<par>
<line>UE</line></par>
</text>
</block>
<block><region><rect/></region>
<text>
<par/>
</text>
</block>
<block><region><rect/></region>
<text>
<par>
<line>2AU</line></par>
</text>
</block>
<block><region><rect/></region>
<text>
<par>
<line>/A</line></par>
</text>
</block>
<block><region><rect/></region>
<text>
<par/>
</text>
</block>
<block><region><rect/></region>
<text>
<par>
<line>V</line></par>
</text>
</block>
<block><region><rect/></region>
<text>
<par>
<line>N</line></par>
</text>
</block>
<block><region><rect/></region>
<text>
<par>
<line>Ne</line></par>
</text>
</block>
<block><region><rect/></region>
<text>
<par>
<line>//V \</line></par>
</text>
</block>
<block><region><rect/></region>
<text>
<par>
<line>/ /\</line></par>
</text>
</block>
<block><region><rect/></region>
<text>
<par>
<line>/</line></par>
</text>
</block>
<block><region><rect/></region>
<text>
<par/>
</text>
</block>
<block><region><rect/></region>
<text>
<par>
<line>/</line></par>
</text>
</block>
<block><region><rect/></region>
<text>
<par/>
</text>
</block>
<block><region><rect/></region>
<text>
<par>
<line>/y</line></par>
</text>
</block>
<block><region><rect/></region>
<text>
<par>
<line>\</line></par>
</text>
</block>
<block><region><rect/></region>
<text>
<par/>
</text>
</block>
<block><region><rect/></region>
<text>
<par>
<line>/</line></par>
</text>
</block>
<block><region><rect/></region>
<text>
<par>
<line>N</line></par>
</text>
</block>
<block><region><rect/></region>
<text>
<par>
<line>\</line></par>
</text>
</block>
<block><region><rect/></region>
<text>
<par/>
</text>
</block>
<block><region><rect/></region>
<text>
<par>
<line>/</line></par>
</text>
</block>
<block><region><rect/></region>
<text>
<par>
<line>Aménagement paysager</line></par>
</text>
</block>
<block><region><rect/></region>
<text>
<par/>
</text>
</block>
<block><region><rect/></region>
<text>
<par>
<line>\</line></par>
</text>
</block>
<block><region><rect/></region>
<text>
<par>
<line>\</line></par>
</text>
</block>
<block><region><rect/></region>
<text>
<par>
<line>\</line></par>
</text>
</block>
<block><region><rect/></region>
<text>
<par>
<line>ynm</line></par>
</text>
</block>
<block><region><rect/></region>
<text>
<par>
<line>\</line></par>
</text>
</block>
<block><region><rect/></region>
<text>
<par>
<line>1AU</line></par>
</text>
</block>
<block><region><rect/></region>
<text>
<par>
<line>\</line></par>
</text>
</block>
<block><region><rect/></region>
<text>
<par>
<line>\</line></par>
</text>
</block>
<block><region><rect/></region>
<text>
<par/>
</text>
</block>
<block><region><rect/></region>
<text>
<par>
<line>y</line></par>
</text>
</block>
<block><region><rect/></region>
<text>
<par>
<line>\</line></par>
</text>
</block>
<block><region><rect/></region>
<text>
<par>
<line>y</line></par>
</text>
</block>
<block><region><rect/></region>
<text>
<par/>
</text>
</block>
<block><region><rect/></region>
<text>
<par>
<line>\</line></par>
</text>
</block>
<block><region><rect/></region>
<text>
<par>
<line>yé</line></par>
</text>
</block>
<block><region><rect/></region>
<text>
<par>
<line>/ “ //'</line></par>
</text>
</block>
<block><region><rect/></region>
<text>
<par/>
</text>
</block>
<block><region><rect/></region>
<text>
<par>
<line>\</line></par>
</text>
</block>
<block><region><rect/></region>
<text>
<par>
<line>A</line></par>
</text>
</block>
<block><region><rect/></region>
<text>
<par>
<line>/ /</line></par>
</text>
</block>
<block><region><rect/></region>
<text>
<par>
<line>s</line></par>
</text>
</block>
<block><region><rect/></region>
<text>
<par>
<line>\ /</line></par>
</text>
</block>
<block><region><rect/></region>
<text>
<par>
<line>Raccordement aux reseaux</line>
<line>existants</line></par>
</text>
</block>
<block><region><rect/></region>
<text>
<par/>
</text>
</block>
<block><region><rect/></region>
<text>
<par/>
</text>
</block>
<block><region><rect/></region>
<text>
<par>
<line>/</line></par>
</text>
</block>
<block><region><rect/></region>
<text>
<par>
<line>/f?</line></par>
</text>
</block>
<block><region><rect/></region>
<text>
<par>
<line>\</line></par>
</text>
</block>
<block><region><rect/></region>
<text>
<par/>
</text>
</block>
<block><region><rect/></region>
<text>
<par>
<line>\</line></par>
</text>
</block>
<block><region><rect/></region>
<text>
<par>
<line>HtCB CAKBBE</line></par>
</text>
</block>
<block><region><rect/></region>
<text>
<par>
<line>/</line></par>
</text>
</block>
<block><region><rect/></region>
<text>
<par>
<line>\</line></par>
</text>
</block>
<block><region><rect/></region>
<text>
<par/>
</text>
</block>
<block><region><rect/></region>
<text>
<par>
<line>L £•</line></par>
</text>
</block>
<block><region><rect/></region>
<text>
<par>
<line>champ</line></par>
</text>
</block>
<block><region><rect/></region>
<text>
<par>
<line>L ! EN</line></par>
</text>
</block>
<block><region><rect/></region>
<text>
<par>
<line>N</line></par>
</text>
</block>
<block><region><rect/></region>
<text>
<par/>
</text>
</block>
<block><region><rect/></region>
<text>
<par>
<line>ILtA</line></par>
</text>
</block>
<block><region><rect/></region>
<text>
<par/>
</text>
</block>
<block><region><rect/></region>
<text>
<par>
<line>/</line></par>
</text>
</block>
<block><region><rect/></region>
<text>
<par>
<line>Cû</line></par>
</text>
</block>
<block><region><rect/></region>
<text>
<par/>
</text>
</block>
<block><region><rect/></region>
<text>
<par>
<line>/</line></par>
</text>
</block>
<block><region><rect/></region>
<text>
<par>
<line>1AU</line></par>
</text>
</block>
<block><region><rect/></region>
<text>
<par>
<line>/</line></par>
</text>
</block>
<block><region><rect/></region>
<text>
<par/>
</text>
</block>
<block><region><rect/></region>
<text>
<par/>
</text>
</block>
<block><region><rect/></region>
<text>
<par>
<line>/</line></par>
</text>
</block>
<block><region><rect/></region>
<text>
<par>
<line>U</line></par>
</text>
</block>
<block><region><rect/></region>
<text>
<par/>
</text>
</block>
<block><region><rect/></region>
<text>
<par/>
</text>
</block>
<block><region><rect/></region>
<text>
<par/>
</text>
</block>
<block><region><rect/></region>
<text>
<par>
<line>/</line></par>
</text>
</block>
<block><region><rect/></region>
<text>
<par/>
</text>
</block>
<block><region><rect/></region>
<text>
<par/>
</text>
</block>
<block><region><rect/></region>
<text>
<par>
<line>COâfVt'W</line></par>
</text>
</block>
<block><region><rect/></region>
<text>
<par>
<line>/</line></par>
</text>
</block>
<block><region><rect/></region>
<text>
<par>
<line>U ISM</line></par>
</text>
</block>
<block><region><rect/></region>
<text>
<par>
<line>y</line></par>
</text>
</block>
<block><region><rect/></region>
<text>
<par>
<line>A</line></par>
</text>
</block>
<block><region><rect/></region>
<text>
<par>
<line>\</line></par>
</text>
</block>
<block><region><rect/></region>
<text>
<par/>
</text>
</block>
<block><region><rect/></region>
<text>
<par/>
</text>
</block>
<block><region><rect/></region>
<text>
<par/>
</text>
</block>
<block><region><rect/></region>
<text>
<par/>
</text>
</block>
<block><region><rect/></region>
<text>
<par>
<line>0 40 60 120 m</line></par>
</text>
</block>
<block><region><rect/></region>
<text>
<par>
<line>Mord</line></par>
</text>
</block>
<block><region><rect/></region>
<text>
<par>
<line>A</line></par>
</text>
</block>
<block><region><rect/></region>
<text>
<par>
<line>y4/</line></par>
</text>
</block>
<block><region><rect/></region>
<text>
<par/>
</text>
</block>
<block><region><rect/></region>
<text>
<par>
<line>/ M</line></par>
</text>
</block>
<block><region><rect/></region>
<text>
<par>
<line>Environnement Conseil</line></par>
</text>
</block>









<block blockType="Picture" blockName="" l="1697" t="215" r="2263" b="265"><region><rect/></region>
</block>
<block blockType="Picture" blockName="" l="1922" t="293" r="2233" b="344"><region><rect/></region>
</block>
<block blockType="Picture" blockName="" l="1114" t="744" r="1448" b="791"><region><rect/></region>
</block>
</page>
<page width="1656" height="2339" resolution="200">
<block><region><rect/></region>
<text>
<par/>
</text>
</block>
</page>
<page width="2339" height="1656" resolution="200">
<block><region><rect/></region>
<text>
<par>
<line>~ ^</line></par>
</text>
</block>
<block><region><rect/></region>
<text>
<par>
<line>PL</line></par>
</text>
</block>
<block><region><rect/></region>
<text>
<par>
<line>A</line></par>
</text>
</block>
<block><region><rect/></region>
<text>
<par>
<line>^Cff£S</line></par>
</text>
</block>
<block><region><rect/></region>
<text>
<par>
<line>io</line></par>
</text>
</block>
<block><region><rect/><rect/></region>
<text>
<par/>
</text>
</block>
<block><region><rect/><rect/><rect/></region>
<text>
<par/>
</text>
</block>
<block><region><rect/></region>
<text>
<par/>
</text>
</block>
<block><region><rect/></region>
<text>
<par/>
</text>
</block>
<block><region><rect/><rect/></region>
<text>
<par/>
</text>
</block>
<block><region><rect/></region>
<text>
<par>
<line>e?</line></par>
</text>
</block>
<block><region><rect/></region>
<text>
<par>
<line>\7</line></par>
</text>
</block>
<block><region><rect/></region>
<text>
<par/>
</text>
</block>
<block><region><rect/></region>
<text>
<par/>
</text>
</block>
<block><region><rect/></region>
<text>
<par/>
</text>
</block>
<block><region><rect/></region>
<text>
<par>
<line>f^IÈCE</line></par>
</text>
</block>
<block><region><rect/></region>
<text>
<par>
<line>I&gt;Ë</line></par>
</text>
</block>
<block><region><rect/></region>
<text>
<par>
<line>66^</line></par>
</text>
</block>
<block><region><rect/></region>
<text>
<par/>
</text>
</block>
<block><region><rect/></region>
<text>
<par>
<line>W£*</line></par>
</text>
</block>
<block><region><rect/><rect/></region>
<text>
<par>
<line>44</line></par>
</text>
</block>
<block><region><rect/></region>
<text>
<par>
<line>h-</line></par>
</text>
</block>
<block><region><rect/></region>
<text>
<par>
<line>68</line></par>
</text>
</block>
<block><region><rect/></region>
<text>
<par>
<line>&lt;2</line></par>
</text>
</block>
<block><region><rect/></region>
<text>
<par/>
</text>
</block>
<block><region><rect/></region>
<text>
<par>
<line>64</line></par>
</text>
</block>
<block><region><rect/></region>
<text>
<par>
<line>\</line></par>
</text>
</block>
<block><region><rect/></region>
<text>
<par>
<line>•8</line></par>
</text>
</block>
<block><region><rect/></region>
<text>
<par>
<line>\</line></par>
</text>
</block>
<block><region><rect/></region>
<text>
<par>
<line>Ob</line></par>
</text>
</block>
<block><region><rect/></region>
<text>
<par>
<line>\</line></par>
</text>
</block>
<block><region><rect/></region>
<text>
<par>
<line>Raccordement aux réseaux</line>
<line>et voiries existantes</line></par>
</text>
</block>
<block><region><rect/></region>
<text>
<par/>
</text>
</block>
<block><region><rect/></region>
<text>
<par>
<line>SI?</line></par>
</text>
</block>
<block><region><rect/></region>
<text>
<par/>
</text>
</block>
<block><region><rect/></region>
<text>
<par>
<line>**</line></par>
</text>
</block>
<block><region><rect/></region>
<text>
<par>
<line>I Jb</line></par>
</text>
</block>
<block><region><rect/></region>
<text>
<par>
<line>PW6«</line></par>
</text>
</block>
<block><region><rect/></region>
<text>
<par>
<line>me'?'*;</line></par>
</text>
</block>
<block><region><rect/></region>
<text>
<par/>
</text>
</block>
<block><region><rect/></region>
<text>
<par/>
</text>
</block>
<block><region><rect/></region>
<text>
<par/>
</text>
</block>
<block><region><rect/></region>
<text>
<par>
<line>#*■</line></par>
</text>
</block>
<block><region><rect/></region>
<text>
<par>
<line>6**</line></par>
</text>
</block>
<block><region><rect/></region>
<text>
<par>
<line>55»</line></par>
</text>
</block>
<block><region><rect/></region>
<text>
<par/>
</text>
</block>
<block><region><rect/><rect/><rect/></region>
<text>
<par>
<line>. 1:2</line></par>
</text>
</block>
<block><region><rect/><rect/></region>
<text>
<par>
<line>trî</line></par>
</text>
</block>
<block><region><rect/><rect/><rect/></region>
<text>
<par>
<line>se</line></par>
</text>
</block>
<block><region><rect/></region>
<text>
<par>
<line>sue</line></par>
</text>
</block>
<block><region><rect/></region>
<text>
<par/>
</text>
</block>
<block><region><rect/></region>
<text>
<par>
<line>Environnement Conseil</line></par>
</text>
</block>
<block><region><rect/><rect/></region>
<text>
<par>
<line>Communes de CIoyes-sur-Marne, Isle-sur-Marné,</line>
<line>Matignicourt-Goncourt et Moncetz-I'Abbaye</line>
<line>Plan Local d'Urbanisme</line></par>
<par>
<line>gk^</line></par>
</text>
</block>
<block><region><rect/></region>
<text>
<par>
<line>Orientations d'aménagement</line></par>
</text>
</block>
<block><region><rect/></region>
<text>
<par>
<line>\Aâ</line></par>
</text>
</block>
<block><region><rect/></region>
<text>
<par>
<line>P</line></par>
</text>
</block>
<block><region><rect/></region>
<text>
<par>
<line>\63</line></par>
</text>
</block>
<block><region><rect/></region>
<text>
<par>
<line>/</line></par>
</text>
</block>
<block><region><rect/></region>
<text>
<par>
<line>6Q</line></par>
</text>
</block>
<block><region><rect/></region>
<text>
<par/>
</text>
</block>
<block><region><rect/></region>
<text>
<par>
<line>Ax</line></par>
</text>
</block>
<block><region><rect/></region>
<text>
<par>
<line>i</line></par>
</text>
</block>
<block><region><rect/></region>
<text>
<par/>
</text>
</block>
<block><region><rect/></region>
<text>
<par>
<line>MO</line></par>
</text>
</block>
<block><region><rect/></region>
<text>
<par/>
</text>
</block>
<block><region><rect/></region>
<text>
<par>
<line>IfR^^</line></par>
</text>
</block>
<block><region><rect/></region>
<text>
<par>
<line>S</line></par>
</text>
</block>
<block><region><rect/></region>
<text>
<par>
<line>le ,</line></par>
</text>
</block>
<block><region><rect/></region>
<text>
<par>
<line>\bA</line></par>
</text>
</block>
<block><region><rect/></region>
<text>
<par>
<line>\A7</line></par>
</text>
</block>
<block><region><rect/></region>
<text>
<par>
<line>e</line></par>
</text>
</block>
<block><region><rect/></region>
<text>
<par/>
</text>
</block>
<block><region><rect/></region>
<text>
<par/>
</text>
</block>
<block><region><rect/></region>
<text>
<par>
<line>^7</line></par>
</text>
</block>
<block><region><rect/></region>
<text>
<par>
<line>ÆU'</line></par>
</text>
</block>
<block><region><rect/></region>
<text>
<par/>
</text>
</block>
<block><region><rect/></region>
<text>
<par/>
</text>
</block>
<block><region><rect/></region>
<text>
<par>
<line>1</line></par>
</text>
</block>
<block><region><rect/></region>
<text>
<par>
<line>CO</line></par>
</text>
</block>
<block><region><rect/></region>
<text>
<par>
<line>Ux</line></par>
</text>
</block>
































<block blockType="Picture" blockName="" l="1694" t="217" r="2258" b="267"><region><rect/></region>
</block>
<block blockType="Picture" blockName="" l="519" t="1032" r="877" b="1090"><region><rect/></region>
</block>
</page>
<page width="1656" height="2339" resolution="200">
</page>
<page width="2339" height="1656" resolution="200">
<block><region><rect/></region>
<text>
<par>
<line>vifpy</line></par>
</text>
</block>
<block><region><rect/></region>
<text>
<par>
<line>Conçois</line></par>
</text>
</block>
<block><region><rect/></region>
<text>
<par>
<line>r</line></par>
</text>
</block>
<block><region><rect/></region>
<text>
<par>
<line>Communes de Cloyes-sur-Marne, Isie-sur-Marné,</line>
<line>Matignicourt-Goncourt et Moncetz-I'Abbaye</line>
<line>Plan Local d'Urbanisme</line></par>
</text>
</block>
<block><region><rect/></region>
<text>
<par>
<line>Orientations d'aménagement</line></par>
</text>
</block>
<block><region><rect/></region>
<text>
<par>
<line>Raccordement aux réseaux</line>
<line>et voiries existantes</line></par>
</text>
</block>
<block><region><rect/></region>
<text>
<par>
<line>lAU</line></par>
</text>
</block>
<block><region><rect/></region>
<text>
<par>
<line>/</line></par>
</text>
</block>
<block><region><rect/></region>
<text>
<par>
<line>/</line></par>
</text>
</block>
<block><region><rect/></region>
<text>
<par>
<line>s</line></par>
</text>
</block>
<block><region><rect/></region>
<text>
<par>
<line>E</line></par>
</text>
</block>
<block><region><rect/></region>
<text>
<par>
<line>L</line></par>
</text>
</block>
<block><region><rect/></region>
<text>
<par>
<line>S</line></par>
</text>
</block>
<block><region><rect/></region>
<text>
<par>
<line>é</line></par>
</text>
</block>
<block><region><rect/></region>
<text>
<par>
<line>h</line></par>
</text>
</block>
<block><region><rect/></region>
<text>
<par>
<line>A</line></par>
</text>
</block>
<block><region><rect/></region>
<text>
<par>
<line>.1-</line></par>
</text>
</block>
<block><region><rect/></region>
<text>
<par>
<line>+</line></par>
</text>
</block>
<block><region><rect/></region>
<text>
<par/>
</text>
</block>
<block><region><rect/></region>
<text>
<par>
<line>■r /</line></par>
</text>
</block>
<block><region><rect/></region>
<text>
<par>
<line>I I</line></par>
</text>
</block>
<block><region><rect/></region>
<text>
<par>
<line>Raccordement aux reseaux</line>
<line>et voiries existantes</line></par>
</text>
</block>
<block><region><rect/></region>
<text>
<par>
<line>■Vr</line></par>
</text>
</block>
<block><region><rect/></region>
<text>
<par/>
</text>
</block>
<block><region><rect/></region>
<text>
<par/>
</text>
</block>
<block><region><rect/></region>
<text>
<par>
<line>-r</line></par>
</text>
</block>
<block><region><rect/></region>
<text>
<par/>
</text>
</block>
<block><region><rect/></region>
<text>
<par>
<line>s</line></par>
</text>
</block>
<block><region><rect/></region>
<text>
<par>
<line>€</line></par>
</text>
</block>
<block><region><rect/></region>
<text>
<par/>
</text>
</block>
<block><region><rect/></region>
<text>
<par/>
</text>
</block>
<block><region><rect/></region>
<text>
<par>
<line>1A</line></par>
</text>
</block>
<block><region><rect/></region>
<text>
<par>
<line>Amenagement paysager</line></par>
</text>
</block>
<block><region><rect/></region>
<text>
<par/>
</text>
</block>
<block><region><rect/></region>
<text>
<par>
<line>U</line></par>
</text>
</block>
<block><region><rect/></region>
<text>
<par>
<line>••</line></par>
</text>
</block>
<block><region><rect/></region>
<text>
<par>
<line>40</line></par>
</text>
</block>
<block><region><rect/></region>
<text>
<par>
<line>20</line></par>
</text>
</block>
<block><region><rect/></region>
<text>
<par>
<line>X</line></par>
</text>
</block>
<block><region><rect/></region>
<text>
<par>
<line>35</line></par>
</text>
</block>
<block><region><rect/></region>
<text>
<par/>
</text>
</block>
<block><region><rect/></region>
<text>
<par>
<line>25</line></par>
</text>
</block>
<block><region><rect/></region>
<text>
<par>
<line>0</line></par>
</text>
</block>
<block><region><rect/></region>
<text>
<par>
<line>A</line></par>
</text>
</block>
<block><region><rect/></region>
<text>
<par>
<line>36</line></par>
</text>
</block>
<block><region><rect/></region>
<text>
<par>
<line>«2</line></par>
</text>
</block>
<block><region><rect/></region>
<text>
<par>
<line>43</line></par>
</text>
</block>
<block><region><rect/></region>
<text>
<par>
<line>r</line></par>
</text>
</block>
<block><region><rect/></region>
<text>
<par>
<line>26</line></par>
</text>
</block>
<block><region><rect/></region>
<text>
<par>
<line>26</line></par>
</text>
</block>
<block><region><rect/></region>
<text>
<par/>
</text>
</block>
<block><region><rect/></region>
<text>
<par/>
</text>
</block>
<block><region><rect/></region>
<text>
<par>
<line>27</line></par>
</text>
</block>
<block><region><rect/></region>
<text>
<par>
<line>23</line></par>
</text>
</block>
<block><region><rect/></region>
<text>
<par/>
</text>
</block>
<block><region><rect/></region>
<text>
<par>
<line>Raccordement aux reseaux</line>
<line>et voiries existantes</line></par>
</text>
</block>
<block><region><rect/></region>
<text>
<par>
<line>U</line></par>
</text>
</block>
<block><region><rect/></region>
<text>
<par>
<line>25</line></par>
</text>
</block>
<block><region><rect/></region>
<text>
<par>
<line>75 m</line></par>
</text>
</block>
<block><region><rect/></region>
<text>
<par>
<line>50</line></par>
</text>
</block>
<block><region><rect/></region>
<text>
<par>
<line>SS</line></par>
</text>
</block>
<block><region><rect/></region>
<text>
<par>
<line>1</line></par>
</text>
</block>
<block><region><rect/></region>
<text>
<par>
<line>î« Environnement Conseil [\</line></par>
</text>
</block>
<block><region><rect/></region>
<text>
<par/>
</text>
</block>
<block><region><rect/></region>
<text>
<par>
<line>X</line></par>
</text>
</block>
<block><region><rect/></region>
<text>
<par/>
</text>
</block>













































<block blockType="Picture" blockName="" l="1692" t="216" r="2256" b="267"><region><rect/></region>
</block>
<block blockType="Picture" blockName="" l="319" t="291" r="677" b="350"><region><rect/></region>
</block>
<block blockType="Picture" blockName="" l="1714" t="890" r="2069" b="949"><region><rect/></region>
</block>
<block blockType="Picture" blockName="" l="772" t="1129" r="1096" b="1163"><region><rect/></region>
</block>
<block blockType="Picture" blockName="" l="534" t="1483" r="892" b="1541"><region><rect/></region>
</block>
<block blockType="Picture" blockName="" l="315" t="281" r="682" b="357"><region><rect/></region>
</block>
<block blockType="Picture" blockName="" l="767" t="1124" r="1101" b="1169"><region><rect/></region>
</block>
</page>
<page width="2483" height="3508" resolution="300">
</page>
<page width="2339" height="1656" resolution="200">
<block><region><rect/></region>
<text>
<par>
<line>Communes de Cloyes-sur-Marne, Isle-sur-Marnë,</line>
<line>Matignîcourt-Goncourt et Moncetz-I'Abbaye</line>
<line>Plan Local d'Urbanisme</line></par>
</text>
</block>
<block><region><rect/></region>
<text>
<par>
<line>Orientations d'aménagement</line></par>
</text>
</block>
<block><region><rect/></region>
<text>
<par>
<line>i?.</line></par>
</text>
</block>
<block><region><rect/></region>
<text>
<par>
<line>«</line></par>
</text>
</block>
<block><region><rect/></region>
<text>
<par>
<line>1AU</line></par>
</text>
</block>
<block><region><rect/></region>
<text>
<par>
<line>5g</line></par>
</text>
</block>
<block><region><rect/></region>
<text>
<par>
<line>C5</line></par>
</text>
</block>
<block><region><rect/></region>
<text>
<par/>
</text>
</block>
<block><region><rect/></region>
<text>
<par/>
</text>
</block>
<block><region><rect/></region>
<text>
<par>
<line>VN</line></par>
</text>
</block>
<block><region><rect/></region>
<text>
<par>
<line>A</line></par>
</text>
</block>
<block><region><rect/></region>
<text>
<par>
<line>(c</line></par>
</text>
</block>
<block><region><rect/></region>
<text>
<par/>
</text>
</block>
<block><region><rect/></region>
<text>
<par/>
</text>
</block>
<block><region><rect/></region>
<text>
<par>
<line>/?</line></par>
</text>
</block>
<block><region><rect/></region>
<text>
<par/>
</text>
</block>
<block><region><rect/></region>
<text>
<par/>
</text>
</block>
<block><region><rect/></region>
<text>
<par/>
</text>
</block>
<block><region><rect/></region>
<text>
<par/>
</text>
</block>
<block><region><rect/></region>
<text>
<par>
<line>1A</line></par>
</text>
</block>
<block><region><rect/></region>
<text>
<par>
<line>•r</line></par>
</text>
</block>
<block><region><rect/></region>
<text>
<par/>
</text>
</block>
<block><region><rect/></region>
<text>
<par>
<line>••</line></par>
</text>
</block>
<block><region><rect/></region>
<text>
<par/>
</text>
</block>
<block><region><rect/></region>
<text>
<par/>
</text>
</block>
<block><region><rect/></region>
<text>
<par/>
</text>
</block>
<block><region><rect/></region>
<text>
<par>
<line>Secunsat on de 'accès</line></par>
</text>
</block>
<block><region><rect/></region>
<text>
<par/>
</text>
</block>
<block><region><rect/></region>
<text>
<par>
<line>H</line></par>
</text>
</block>
<block><region><rect/></region>
<text>
<par>
<line>Arnénagement paysager</line></par>
</text>
</block>
<block><region><rect/></region>
<text>
<par>
<line>y</line></par>
</text>
</block>
<block><region><rect/></region>
<text>
<par>
<line>y</line></par>
</text>
</block>
<block><region><rect/></region>
<text>
<par>
<line>V</line></par>
</text>
</block>
<block><region><rect/></region>
<text>
<par>
<line>U</line></par>
</text>
</block>
<block><region><rect/></region>
<text>
<par/>
</text>
</block>
<block><region><rect/></region>
<text>
<par/>
</text>
</block>
<block><region><rect/></region>
<text>
<par/>
</text>
</block>
<block><region><rect/></region>
<text>
<par>
<line>as.</line></par>
</text>
</block>
<block><region><rect/></region>
<text>
<par>
<line>i</line></par>
</text>
</block>
<block><region><rect/></region>
<text>
<par/>
</text>
</block>
<block><region><rect/></region>
<text>
<par/>
</text>
</block>
<block><region><rect/></region>
<text>
<par/>
</text>
</block>
<block><region><rect/></region>
<text>
<par>
<line>Ca</line></par>
</text>
</block>
<block><region><rect/></region>
<text>
<par>
<line>Z</line></par>
</text>
</block>
<block><region><rect/></region>
<text>
<par>
<line>^Ël</line></par>
</text>
</block>
<block><region><rect/></region>
<text>
<par/>
</text>
</block>
<block><region><rect/></region>
<text>
<par>
<line>N</line></par>
</text>
</block>
<block><region><rect/></region>
<text>
<par/>
</text>
</block>
<block><region><rect/><rect/><rect/><rect/></region>
<text>
<par>
<line>Raccordement aux reseaux</line>
<line>et voiries existantes</line>
<line>îii</line></par>
</text>
</block>
<block><region><rect/></region>
<text>
<par>
<line>\</line></par>
</text>
</block>
<block><region><rect/></region>
<text>
<par>
<line>Sécurisation de i'acces</line></par>
</text>
</block>
<block><region><rect/></region>
<text>
<par>
<line>Z</line></par>
</text>
</block>
<block><region><rect/></region>
<text>
<par/>
</text>
</block>
<block><region><rect/></region>
<text>
<par>
<line>.y</line></par>
</text>
</block>
<block><region><rect/></region>
<text>
<par>
<line>^ Cr</line></par>
</text>
</block>
<block><region><rect/></region>
<text>
<par>
<line>S</line></par>
</text>
</block>
<block><region><rect/></region>
<text>
<par/>
</text>
</block>
<block><region><rect/></region>
<text>
<par>
<line>S</line></par>
</text>
</block>
<block><region><rect/></region>
<text>
<par>
<line>A</line></par>
</text>
</block>
<block><region><rect/></region>
<text>
<par>
<line>Ht</line></par>
</text>
</block>
<block><region><rect/></region>
<text>
<par>
<line>/P</line></par>
</text>
</block>
<block><region><rect/></region>
<text>
<par/>
</text>
</block>
<block><region><rect/></region>
<text>
<par>
<line>Hi</line></par>
</text>
</block>
<block><region><rect/></region>
<text>
<par>
<line>/</line></par>
</text>
</block>
<block><region><rect/></region>
<text>
<par/>
</text>
</block>
<block><region><rect/></region>
<text>
<par>
<line>^^20__4^^60 m</line></par>
</text>
<text>
<par>
<line>Mord</line></par>
</text>
</block>
<block><region><rect/></region>
<text>
<par>
<line>^O.</line></par>
</text>
</block>
<block><region><rect/></region>
<text>
<par/>
</text>
</block>
<block><region><rect/></region>
<text>
<par>
<line>'y?e</line></par>
</text>
</block>
<block><region><rect/></region>
<text>
<par>
<line>m Environnement Conseil</line></par>
</text>
</block>











<block blockType="Picture" blockName="" l="1696" t="216" r="2261" b="266"><region><rect/></region>
</block>
<block blockType="Picture" blockName="" l="879" t="765" r="1204" b="800"><region><rect/></region>
</block>
<block blockType="Picture" blockName="" l="1610" t="1156" r="1977" b="1231"><region><rect/></region>
</block>
<block blockType="Picture" blockName="" l="874" t="761" r="1210" b="806"><region><rect/></region>
</block>
<block blockType="Picture" blockName="" l="513" t="626" r="607" b="718"><region><rect/></region>
</block>
</page>
</OAP>