<?xml version="1.0" encoding="UTF-8"?><OAP>
<page width="2482" height="3510" resolution="300">
<block><region><rect/></region>
<text>
<par>
<line>département de</line></par>
</text>
</block>
<block><region><rect/></region>
<text>
<par>
<line>LA Marne</line></par>
</text>
</block>
<block><region><rect/></region>
<text>
<par>
<line>C</line></par>
</text>
</block>
<block><region><rect/></region>
<text>
<par>
<line>ommune</line></par>
</text>
</block>
<block><region><rect/></region>
<text>
<par>
<line>J’ oger</line></par>
</text>
</block>
<block><region><rect/></region>
<text>
<par>
<line>Planl-^ocal (l’T_Jrl)ani</line></par>
</text>
</block>
<block><region><rect/></region>
<text>
<par>
<line>anisme</line></par>
</text>
</block>
<block><region><rect/></region>
<text>
<par>
<line>Orientations</line></par>
<par>
<line>d’Aménagement Sectoriel</line></par>
</text>
</block>
<block><region><rect/></region>
<text>
<par>
<line>Document n°3</line></par>
</text>
</block>
<block blockType="Table" blockName="" l="288" t="2103" r="2136" b="2700"><region><rect/></region>
<row>
<cell bottomBorder="White" width="914" height="76">
<text>
<par>
<line>"Vu pour être annexé</line></par>
</text></cell>
<cell topBorder="White" bottomBorder="White" width="150" height="76">
<text>
<par/>
</text></cell>
<cell bottomBorder="White" width="784" height="76">
<text>
<par>
<line>Cachet de la mairie et</line></par>
</text></cell></row>
<row>
<cell topBorder="White" bottomBorder="White" width="914" height="120">
<text>
<par>
<line>à la délibération du :</line></par>
</text></cell>
<cell topBorder="White" bottomBorder="White" width="150" height="120">
<text>
<par/>
</text></cell>
<cell topBorder="White" bottomBorder="White" width="784" height="120">
<text>
<par>
<line>Signature du maice :</line></par>
</text></cell></row>
<row>
<cell topBorder="White" bottomBorder="White" width="914" height="213">
<text>
<par>
<line>GG . âjûLO</line></par>
</text></cell>
<cell topBorder="White" bottomBorder="White" width="150" height="213">
<text>
<par/>
</text></cell>
<cell topBorder="White" bottomBorder="White" width="784" height="213">
<text>
<par/>
</text></cell></row>
<row>
<cell topBorder="White" bottomBorder="White" width="914" height="101">
<text>
<par>
<line>Approuvant le</line></par>
</text></cell>
<cell topBorder="White" bottomBorder="White" width="150" height="101">
<text>
<par/>
</text></cell>
<cell topBorder="White" bottomBorder="White" width="784" height="101">
<text>
<par/>
</text></cell></row>
<row>
<cell topBorder="White" width="914" height="87">
<text>
<par>
<line>Plan Local d'Urbanisme"</line></par>
</text></cell>
<cell topBorder="White" bottomBorder="White" width="150" height="87">
<text>
<par/>
</text></cell>
<cell topBorder="White" width="784" height="87">
<text>
<par/>
</text></cell></row>
</block>
<block><region><rect/><rect/></region>
<text>
<par>
<line>^^Lgeogram</line></par>
<par>
<line>V.^.</line></par>
</text>
</block>
<block><region><rect/></region>
<text>
<par>
<line>ENVIRONNEMENT- URBANISME</line></par>
</text>
</block>
<block><region><rect/></region>
<text>
<par>
<line>16 rue Rayet Liénart - 51 420 Witry-lès-Reims</line>
<line>tel : 03 26 50 36 86 - fax : 03 26 50 36 80</line>
<line>e-mail : bureau.etudes@geogram.fr</line></par>
</text>
</block>












</page>
<page width="2490" height="3516" resolution="300">
<block><region><rect/></region>
<text>
<par>
<line>() r i f n r ;i ! 1 O ii s</line></par>
</text>
</block>
<block><region><rect/></region>
<text>
<par>
<line>d ' A m ù n a g e m e n t S c c r r) i i c 1</line>
<line>P 1 a n L O c a 1 d ’ U r h a ii i ? m e</line></par>
</text>
</block>
<block><region><rect/></region>
<text>
<par>
<line>Propositions d’accès et principes d’amenagement</line>
<line>DE certains secteurs DU TERRITOIRE COMMUNAL</line></par>
</text>
</block>
<block><region><rect/></region>
<text>
<par>
<line>En plus du règlement (document graphique et pièce écrite), le PLU peut intégrer sur</line>
<line>certaines parties du territoire, des Orientations d’Aménagement qui indiquent les</line>
<line>principes à respecter pour l’aménagement des secteurs considérés. Ils trouvent tout leur</line>
<line>intérêt au travers les perspectives de développement des zones à urbaniser retenues.</line></par>
<par>
<line>A OGER, on peut distinguer deux types de zones à urbaniser : celles à vocation d’habitat</line>
<line>et celle à vocation d’activités.</line></par>
<par>
<line>Les principes d’aménagement de ces zones sont présentés dans ce document. Ces</line>
<line>schémas ont pour objectif de constituer une base de réflexion pour la localisation des</line>
<line>équipements internes aux zones concernées, comme par exemple :</line></par>
<par>
<line>La disposition ou les caractéristiques des voies d’accès,</line></par>
<par>
<line>La disposition ou les caractéristiques des voies de desserte interne,</line>
<line>les équipements publics,</line>
<line>ou encore les espaces verts...</line></par>
</text>
</block>
<block><region><rect/></region>
<text>
<par>
<line>Ce document présente les principes d’aménagement qui ont été retenus dans certains</line>
<line>secteurs de la commune. Pour chacune de ces zones un schéma a été réahsé accompagné</line>
<line>d’une fiche descriptive exposant :</line></par>
<par>
<line>le bilan urbanistique du projet (superficie totale de la zone, capacité</line>
<line>d’accueil...),</line></par>
<par>
<line>une proposition d’accès et de desserte,</line></par>
<par>
<line>les principes d’aménagement à ne pas compromettre pour certaines de ces</line>
<line>zones et ce, quelque soit le projet de construction envisagé.</line></par>
</text>
</block>
<block><region><rect/></region>
<text>
<par>
<line>Bien que la représentation graphique de ces orientations ne soit qu’indicative, les</line>
<line>principes d’aménagement édictés ne devront pas être remis en cause lors des</line>
<line>opérations de constructions.</line></par>
</text>
</block>
<block><region><rect/></region>
<text>
<par>
<line>Bureau d’études GEOGRAM</line></par>
</text>
</block>
<block><region><rect/></region>
<text>
<par>
<line>1</line></par>
</text>
</block>




</page>
<page width="2482" height="3510" resolution="300">
<block><region><rect/></region>
<text>
<par>
<line>O r i f n t ;i t i O 11</line></par>
</text>
</block>
<block><region><rect/></region>
<text>
<par>
<line>s d ’ A m e n a g e m e 11 t Sectoriel</line>
<line>P 1 a n L O cal d ’ IW' b a n i s m e</line></par>
</text>
</block>
<block><region><rect/></region>
<text>
<par>
<line>K</line></par>
</text>
</block>
<block><region><rect/></region>
<text>
<par/>
</text>
</block>
<block><region><rect/></region>
<text>
<par/>
</text>
</block>
<block><region><rect/></region>
<text>
<par>
<line>v*</line></par>
</text>
</block>
<block><region><rect/></region>
<text>
<par/>
</text>
</block>
<block><region><rect/></region>
<text>
<par>
<line>Schéma des zones</line></par>
<par>
<line>1AU et2AU</line></par>
<par>
<line>« La Pièce des Vordes »</line></par>
</text>
</block>
<block blockType="Table" blockName="" l="236" t="1268" r="2202" b="2817"><region><rect/></region>
<row>
<cell rightBorder="White" width="1034" height="88">
<text>
<par>
<line>Bilan urbanistique du projet</line></par>
</text></cell>
<cell leftBorder="White" width="932" height="88">
<text>
<par/>
</text></cell></row>
<row>
<cell colSpan="2" leftBorder="White" rightBorder="White" bottomBorder="White" width="1966" height="191">
<text>
<par>
<line>► Zone 1AU</line></par>
</text></cell></row>
<row>
<cell leftBorder="White" topBorder="White" rightBorder="White" bottomBorder="White" width="1034" height="114">
<text>
<par>
<line>Superficie totale de la zone 1AU ;</line></par>
</text></cell>
<cell leftBorder="White" topBorder="White" rightBorder="White" bottomBorder="White" width="932" height="114">
<text>
<par>
<line>37 400</line></par>
</text></cell></row>
<row>
<cell leftBorder="White" topBorder="White" rightBorder="White" bottomBorder="White" width="1034" height="108">
<text>
<par>
<line>Emprise des voiries à réaliser (20%) :</line></par>
</text></cell>
<cell leftBorder="White" topBorder="White" rightBorder="White" bottomBorder="White" width="932" height="108">
<text>
<par>
<line>7 480</line></par>
</text></cell></row>
<row>
<cell leftBorder="White" topBorder="White" rightBorder="White" bottomBorder="White" width="1034" height="112">
<text>
<par>
<line>Espaces verts et plantations (5%)</line></par>
</text></cell>
<cell leftBorder="White" topBorder="White" rightBorder="White" bottomBorder="White" width="932" height="112">
<text>
<par>
<line>1 870</line></par>
</text></cell></row>
<row>
<cell leftBorder="White" topBorder="White" rightBorder="White" bottomBorder="White" width="1034" height="253">
<text>
<par>
<line>Capacité d’accueil de la zone ;</line></par>
</text></cell>
<cell leftBorder="White" topBorder="White" rightBorder="White" bottomBorder="White" width="932" height="253">
<text>
<par>
<line>28 050</line>
<line>soit environ</line></par>
<par>
<line>30 à 35 logements nouveaux^</line></par>
</text></cell></row>
<row>
<cell colSpan="2" leftBorder="White" topBorder="White" rightBorder="White" bottomBorder="White" width="1966" height="143">
<text>
<par>
<line>► Zone 2AU</line></par>
</text></cell></row>
<row>
<cell leftBorder="White" topBorder="White" rightBorder="White" bottomBorder="White" width="1034" height="114">
<text>
<par>
<line>Superficie totale de la zone 2AU ;</line></par>
</text></cell>
<cell leftBorder="White" topBorder="White" rightBorder="White" bottomBorder="White" width="932" height="114">
<text>
<par>
<line>35 400</line></par>
</text></cell></row>
<row>
<cell leftBorder="White" topBorder="White" rightBorder="White" bottomBorder="White" width="1034" height="108">
<text>
<par>
<line>Emprise des voiries à réaliser (20%) :</line></par>
</text></cell>
<cell leftBorder="White" topBorder="White" rightBorder="White" bottomBorder="White" width="932" height="108">
<text>
<par>
<line>7 080</line></par>
</text></cell></row>
<row>
<cell leftBorder="White" topBorder="White" rightBorder="White" bottomBorder="White" width="1034" height="113">
<text>
<par>
<line>Espaces verts et plantations (5%)</line></par>
</text></cell>
<cell leftBorder="White" topBorder="White" rightBorder="White" bottomBorder="White" width="932" height="113">
<text>
<par>
<line>1 770</line></par>
</text></cell></row>
<row>
<cell leftBorder="White" topBorder="White" rightBorder="White" bottomBorder="White" width="1034" height="205">
<text>
<par>
<line>Capacité d’accueil de la zone :</line></par>
</text></cell>
<cell leftBorder="White" topBorder="White" rightBorder="White" bottomBorder="White" width="932" height="205">
<text>
<par>
<line>26 550</line>
<line>soit environ</line></par>
<par>
<line>30 à 35 logements nouveaux2</line></par>
</text></cell></row>
</block>
<block><region><rect/></region>
<text>
<par>
<line>' La capacité d’accueil en logements de cette zone est calculée sur la base d’une assiette foncière d’environ</line>
<line>800 par lot à créer et en tenant compte des emprises de la voirie interne. Le règlement impose une taille</line>
<line>minimale de parcelle de 700m^.</line></par>
<par>
<line>^ La capacité d’accueil en logements de cette zone est calculée sur la base d’une assiette foncière d’environ</line>
<line>800 m^ par lot à créer et en tenant compte des emprises de la voirie interne.</line></par>
</text>
</block>
<block><region><rect/></region>
<text>
<par>
<line>Bureau d'études G E O G R A M</line></par>
</text>
</block>
<block><region><rect/></region>
<text>
<par>
<line>2</line></par>
</text>
</block>






















</page>
<page width="2482" height="3510" resolution="300">
<block><region><rect/></region>
<text>
<par>
<line>Orientations</line></par>
</text>
</block>
<block><region><rect/></region>
<text>
<par>
<line>d ’ ,-\ m c n âge ni e n t S e c t o r i e 1</line>
<line>Plan L O c a 1 d ’ Il r li a n i s m e</line></par>
</text>
</block>
<block><region><rect/></region>
<text>
<par>
<line>Accès à la zone_</line></par>
<par>
<line>En matière d’accès et de desserte, cette proposition prévoit rutilisation de voiries</line>
<line>existantes. Les habitants devront traverser les zones d’activités existantes, à partir du</line>
<line>carrefour de la RD9 et du chemin rural d’Oger à Pocancy, pour rejoindre le secteur de la</line>
<line>Pièce des Vordes. Aucun nouvel accès n’est envisagé sur la RD9.</line></par>
<par>
<line>Ils pourront alors emprunter le chemin de Magenta qu’il conviendra de renforcer. Un</line>
<line>emplacement réservé est prévu dans ce but. Cet élargissement s’avère nécessaire vu les</line>
<line>perspectives d’évolution de ces zones et leur capacité d’accueil. Le chemin devra à terme</line>
<line>absorber les flux de véhicules générés par la réahsation de l’aménagement de la zone lAU</line>
<line>mais également de la zone 2AU.</line></par>
<par>
<line>En complément, d’autres emplacements réservés sont prévus pour assurer l’accès à ces</line>
<line>zones, par le chemin de Magenta (ER n°6, 7 et 8). Ils sont définis dans la zone UBa</line>
<line>riveraine.</line></par>
<par>
<line>A noter qu’un autre accès est possible par le chemin rural d’Avize à Oger, à l’Est de la</line>
<line>zone.</line></par>
</text>
</block>
<block><region><rect/></region>
<text>
<par>
<line>Desserte interne_</line></par>
<par>
<line>Les formes de ces zones ont été définies sur la base d’une voirie interne transversale,</line>
<line>parallèle au chemin de Magenta. Située au centre de la zone, elle permettrait de desservir</line>
<line>des habitations de part et d’autre.</line></par>
<par>
<line>Les emplacements réservés 6, 7 et 8 identifient trois accès possibles à la zone, qui devront</line>
<line>être prolongés pour rejoindre cette voirie transversale et assurer une desserte interne</line>
<line>cohérente, c’est-à-dire permettant l’accès à l’ensemble des terrains et en limitant les voies</line>
<line>en impasse.</line></par>
</text>
</block>
<block><region><rect/></region>
<text>
<par>
<line>Autres principes d’aménagement à respecter pour Tensemble de la zone</line></par>
<par>
<line>L’aménagement de la zone lAU ne devra en aucun cas contraindre l’aménagement</line>
<line>ultérieur de la zone 2AU. Deux accès au minimum devront être préservés et maintenus</line>
<line>inconstructibles pour assurer les haisons entre ces deux zones. Ces espaces devront</line>
<line>respectés une largeur d’au moins 8 mètres comme le prévoit le règlement du PU.</line></par>
</text>
</block>
<block><region><rect/></region>
<text>
<par>
<line>Le PLU a délimité un Espace Boisé Classé à l’Ouest de ces zones, assurant l’insertion du</line>
<line>projet dans son environnement. Lors de l’aménagement, des plantations devront prévues</line>
<line>en limite des zones lAU et 2AU et de la zone agricole pour assurer une transition douce</line>
<line>entre espaces agricoles et zones urbanisées.</line></par>
</text>
</block>
<block><region><rect/></region>
<text>
<par>
<line>Bureau d ' é l u d e s G E O G R A M</line></par>
</text>
</block>
<block><region><rect/></region>
<text>
<par>
<line>3</line></par>
</text>
</block>






</page>
<page width="3510" height="2482" resolution="300">
<block><region><rect/></region>
<text>
<par>
<line>D3</line></par>
</text>
</block>
<block><region><rect/></region>
<text>
<par>
<line>Cl.</line></par>
<par>
<line>n-</line></par>
<par>
<line>c</line></par>
<par>
<line>Cl</line></par>
<par>
<line>et</line></par>
<par>
<line>Ui</line></par>
<par>
<line>O</line></par>
<par>
<line>m</line></par>
<par>
<line>Q</line></par>
<par>
<line>pa</line></par>
</text>
</block>
<block><region><rect/></region>
<text>
<par>
<line>-fL</line></par>
</text>
</block>
<block><region><rect/></region>
<text>
<par/>
</text>
</block>
<block><region><rect/><rect/><rect/><rect/></region>
<text>
<par>
<line>’ir-</line></par>
</text>
</block>
<block><region><rect/></region>
<text>
<par>
<line>Commune d’OGER (51)</line>
<line>Plan Local d'Urbanlsme</line></par>
</text>
</block>
<block><region><rect/><rect/></region>
<text>
<par>
<line>geogram Orientations d’Aménagement Sectoriel</line>
<line>"La Pièce des Vordes”</line></par>
</text>
</block>
<block><region><rect/></region>
<text>
<par>
<line>; êtiv'îSÎCHHfMrftI • IJiQAMlSMe</line></par>
</text>
</block>
<block><region><rect/></region>
<text>
<par/>
</text>
</block>
<block><region><rect/></region>
<text>
<par/>
</text>
</block>
<block><region><rect/></region>
<text>
<par>
<line>Zone 1AU : 37 400</line>
<line>Zone 2AU : 35 400 rai</line></par>
</text>
</block>
<block><region><rect/></region>
<text>
<par>
<line>• r-irvR e'</line></par>
</text>
</block>
<block><region><rect/></region>
<text>
<par/>
</text>
</block>
<block><region><rect/></region>
<text>
<par>
<line>Liaisons a prévoir entre</line>
<line>les zones 1AU et 2Ali!</line></par>
</text>
</block>
<block><region><rect/></region>
<text>
<par/>
</text>
</block>
<block><region><rect/></region>
<text>
<par/>
</text>
</block>
<block><region><rect/></region>
<text>
<par/>
</text>
</block>
<block><region><rect/></region>
<text>
<par/>
</text>
</block>
<block><region><rect/></region>
<text>
<par/>
</text>
</block>
<block><region><rect/></region>
<text>
<par/>
</text>
</block>
<block><region><rect/></region>
<text>
<par/>
</text>
</block>
<block><region><rect/></region>
<text>
<par>
<line>m</line></par>
</text>
</block>
<block><region><rect/></region>
<text>
<par/>
</text>
</block>
<block><region><rect/></region>
<text>
<par>
<line>&gt;UB</line></par>
</text>
</block>
<block><region><rect/></region>
<text>
<par/>
</text>
</block>
<block><region><rect/></region>
<text>
<par/>
</text>
</block>
<block><region><rect/></region>
<text>
<par/>
</text>
</block>
<block><region><rect/></region>
<text>
<par>
<line>Voiri^xl^thnfe</line></par>
<par>
<line>âè/at^</line></par>
</text>
</block>
<block><region><rect/></region>
<text>
<par/>
</text>
</block>
<block><region><rect/></region>
<text>
<par>
<line>IbÜm de vue n°1</line></par>
</text>
</block>
<block><region><rect/></region>
<text>
<par>
<line>f/'*</line></par>
</text>
</block>
<block><region><rect/></region>
<text>
<par/>
</text>
</block>
<block><region><rect/></region>
<text>
<par>
<line>Uxh</line></par>
</text>
</block>
<block><region><rect/></region>
<text>
<par>
<line>ll5V</line></par>
</text>
</block>
<block><region><rect/></region>
<text>
<par/>
</text>
</block>
<block><region><rect/></region>
<text>
<par/>
</text>
</block>
<block><region><rect/></region>
<text>
<par/>
</text>
</block>
<block><region><rect/></region>
<text>
<par>
<line>-«'■ -H .</line></par>
</text>
</block>
<block><region><rect/></region>
<text>
<par>
<line>&lt;a.o'</line></par>
</text>
</block>
<block><region><rect/></region>
<text>
<par>
<line>3</line></par>
</text>
</block>
<block><region><rect/></region>
<text>
<par>
<line>-r</line></par>
</text>
</block>
<block><region><rect/></region>
<text>
<par/>
</text>
</block>
<block><region><rect/></region>
<text>
<par>
<line>^ \</line></par>
</text>
</block>
<block><region><rect/></region>
<text>
<par>
<line>Loguabœ</line></par>
</text>
</block>
<block><region><rect/></region>
<text>
<par>
<line>-3 I LOgL</line></par>
</text>
</block>
<block><region><rect/></region>
<text>
<par/>
</text>
</block>
<block><region><rect/></region>
<text>
<par/>
</text>
</block>
<block><region><rect/></region>
<text>
<par>
<line>%</line></par>
</text>
</block>
<block><region><rect/></region>
<text>
<par/>
</text>
</block>
<block><region><rect/></region>
<text>
<par>
<line>lAUX</line></par>
</text>
</block>
<block><region><rect/></region>
<text>
<par>
<line>0.^</line></par>
</text>
</block>
<block><region><rect/></region>
<text>
<par/>
</text>
</block>
<block><region><rect/></region>
<text>
<par/>
</text>
</block>
<block><region><rect/></region>
<text>
<par>
<line>% \</line></par>
</text>
</block>
<block><region><rect/></region>
<text>
<par>
<line>fPrfeè de vue n®2</line></par>
</text>
</block>
<block><region><rect/></region>
<text>
<par>
<line>ÜX</line></par>
</text>
</block>
<block><region><rect/></region>
<text>
<par>
<line>n</line></par>
</text>
</block>
<block><region><rect/></region>
<text>
<par/>
</text>
</block>
<block><region><rect/></region>
<text>
<par>
<line>; h' " \ '</line></par>
<par>
<line>I _ . ; 'Mt</line></par>
</text>
</block>
<block><region><rect/><rect/></region>
<text>
<par/>
</text>
</block>
<block><region><rect/></region>
<text>
<par/>
</text>
</block>
<block><region><rect/></region>
<text>
<par/>
</text>
</block>
<block><region><rect/></region>
<text>
<par>
<line>\</line></par>
</text>
</block>
<block><region><rect/></region>
<text>
<par>
<line>MP</line></par>
</text>
</block>
<block><region><rect/></region>
<text>
<par/>
</text>
</block>
<block><region><rect/></region>
<text>
<par/>
</text>
</block>
<block><region><rect/></region>
<text>
<par/>
</text>
</block>
<block><region><rect/></region>
<text>
<par/>
</text>
</block>
<block><region><rect/></region>
<text>
<par/>
</text>
</block>
<block><region><rect/></region>
<text>
<par>
<line>ux</line></par>
</text>
</block>
<block><region><rect/></region>
<text>
<par>
<line>'■\'</line></par>
</text>
</block>
<block><region><rect/></region>
<text>
<par>
<line>Carrefour existant Vi</line>
<line>\Accésunique pourdesservir</line></par>
<par>
<line>l’ensemble des zones '</line>
<line>(habitai et activités]</line></par>
<par>
<line>\ . ■'% ^-^''*1. '</line></par>
<par>
<line>\ ■ \</line></par>
</text>
</block>
<block><region><rect/></region>
<text>
<par/>
</text>
</block>
<block><region><rect/></region>
<text>
<par>
<line>Ppfïse de vue n°3</line></par>
</text>
</block>
<block><region><rect/></region>
<text>
<par>
<line>P &gt;, \‘</line></par>
</text>
</block>
<block><region><rect/></region>
<text>
<par>
<line>* %.</line></par>
</text>
</block>
<block><region><rect/></region>
<text>
<par>
<line>\</line></par>
</text>
</block>
<block><region><rect/></region>
<text>
<par>
<line>I Limite des zones</line></par>
</text>
</block>
<block><region><rect/></region>
<text>
<par>
<line>100 m</line></par>
</text>
</block>
<block><region><rect/></region>
<text>
<par/>
</text>
</block>
<block><region><rect/></region>
<text>
<par>
<line>!._F</line></par>
</text>
</block>
<block><region><rect/></region>
<text>
<par>
<line>Av,.-'</line></par>
</text>
</block>
<block><region><rect/></region>
<text>
<par>
<line>Desserre interne proposée</line>
<line>Parcelles otn-ertes à i’urbaiiisation</line></par>
</text>
</block>
<block><region><rect/></region>
<text>
<par>
<line>vt</line></par>
</text>
</block>
<block><region><rect/></region>
<text>
<par/>
</text>
</block>
<block><region><rect/></region>
<text>
<par>
<line>&gt;\v</line></par>
</text>
</block>
<block><region><rect/></region>
<text>
<par>
<line>-- ".V.</line></par>
</text>
</block>































<block blockType="Picture" blockName="" l="367" t="824" r="879" b="2009"><region><rect/></region>
</block>
<block blockType="Picture" blockName="" l="2643" t="340" r="3087" b="495"><region><rect/></region>
</block>
</page>
<page width="2482" height="3510" resolution="300">
<block><region><rect/></region>
<text>
<par>
<line>O r i e n t ;&gt; t ions d ’ A ménagement S e c t o t t c 1</line></par>
<par>
<line>Plan L O c a 1 d ’ U r b a u i ? m e</line></par>
</text>
</block>
<block><region><rect/><rect/></region>
<text>
<par/>
</text>
</block>
<block><region><rect/></region>
<text>
<par/>
</text>
</block>
<block><region><rect/></region>
<text>
<par>
<line>S'</line></par>
</text>
</block>
<block><region><rect/></region>
<text>
<par/>
</text>
</block>
<block><region><rect/></region>
<text>
<par>
<line>C'x ^AU^\''\-^\''K'\'''\</line></par>
</text>
</block>
<block><region><rect/></region>
<text>
<par/>
</text>
</block>
<block><region><rect/></region>
<text>
<par>
<line>; .'*&lt;1</line></par>
</text>
</block>
<block><region><rect/></region>
<text>
<par>
<line>Schéma de la zone</line></par>
<par>
<line>d’activités</line></par>
<par>
<line>1AUX</line></par>
</text>
</block>
<block><region><rect/></region>
<text>
<par>
<line>« Le Chemin des Foins »</line></par>
</text>
</block>
<block><region><rect/></region>
<text>
<par>
<line>Accès et de desserte de la zone</line></par>
</text>
</block>
<block><region><rect/></region>
<text>
<par>
<line>Ces 2ones sont disposées à accueillir des entreprises. Il est difficile d’anticiper les besoins</line>
<line>qui émaneront. Toutefois, quelques principes peuvent être édictés.</line></par>
</text>
</block>
<block><region><rect/></region>
<text>
<par>
<line>Il est envisagé pour accéder à la zone lAUX, d’emprunter l’accès acmel par la route</line>
<line>départementale n°9. Aucun nouvel accès sur cette voie ne sera créé. Le chemin rural</line>
<line>d’Oger à Pocancy est déjà suffisamment dimensionné pour rejoindre la zone. Les</line>
<line>véhicules légers comme les poids lourds peuvent se croiser sur cette voie.</line></par>
<par>
<line>Le chemin d’Oger à Pocancy se prolonge et dessine la limite Sud de la zone. La desserte</line>
<line>de la zone s’appuiera sur ce chemin. Aucune desserte interne ne sera réalisée. Tout projet</line>
<line>devra prévoir un accès direct sur cette voie.</line></par>
<par>
<line>Les réseaux s’arrêtent à la limite entre les zones UX et lAUX. Ils devront être prolongés</line>
<line>et dimensionnés suffisamment selon les projets.</line></par>
</text>
</block>
<block><region><rect/></region>
<text>
<par>
<line>Autres principes d’aménagement à respecter pour l’ensemble de la zone</line></par>
</text>
</block>
<block><region><rect/></region>
<text>
<par>
<line>Tout comme pour la zone UX existante, la voirie devra disposer d’un aménagement</line>
<line>paysager de qualité, dans la continuité de ce qui a déjà été réalisé au sein de la zone UX.</line></par>
<par>
<line>Deux dimensions devront être prises en compte lors de la phase opérationnelle :</line>
<line>l’insertion des constructions et de leurs enseignes dans l’environnement.</line></par>
</text>
</block>
<block><region><rect/></region>
<text>
<par>
<line>Bureau d'études G E O G R A M</line></par>
</text>
</block>
<block><region><rect/></region>
<text>
<par>
<line>5</line></par>
</text>
</block>
















</page>
<page width="3513" height="2487" resolution="300">
<block><region><rect/></region>
<text>
<par>
<line>^IS</line></par>
</text>
</block>
<block><region><rect/></region>
<text>
<par>
<line>Commune d’OGER (51)</line>
<line>Pian Local d’Urbanisme</line></par>
</text>
</block>
<block><region><rect/><rect/></region>
<text>
<par>
<line>gèogram , Orientation d’Aménagement Sectoriel</line>
<line>“Du Chemin des Foins”</line></par>
</text>
</block>
<block><region><rect/></region>
<text>
<par>
<line>IMV'PONNEMÎNl. '.fia^hlSVC</line></par>
</text>
</block>
<block><region><rect/></region>
<text>
<par>
<line>|100 m|</line></par>
</text>
</block>
<block><region><rect/><rect/><rect/></region>
<text>
<par>
<line>! Limite des zones</line></par>
<par>
<line>J</line></par>
<par>
<line>■ Axes de circuJation existants et principe d’accroche</line>
<line>" Desserte interne proposée</line></par>
<par>
<line>Parcelles ouvertes à l’urbanisation</line></par>
</text>
</block>
<block><region><rect/></region>
<text>
<par/>
</text>
</block>
<block><region><rect/></region>
<text>
<par/>
</text>
</block>
<block><region><rect/></region>
<text>
<par/>
</text>
</block>
<block><region><rect/></region>
<text>
<par/>
</text>
</block>
<block><region><rect/></region>
<text>
<par/>
</text>
</block>
<block><region><rect/></region>
<text>
<par>
<line>r:</line></par>
</text>
</block>
<block><region><rect/></region>
<text>
<par/>
</text>
</block>
<block><region><rect/></region>
<text>
<par/>
</text>
</block>
<block><region><rect/></region>
<text>
<par/>
</text>
</block>
<block><region><rect/></region>
<text>
<par/>
</text>
</block>
<block><region><rect/></region>
<text>
<par/>
</text>
</block>
<block><region><rect/></region>
<text>
<par/>
</text>
</block>
<block><region><rect/></region>
<text>
<par>
<line>i-WM’W'ï</line></par>
</text>
</block>
<block><region><rect/></region>
<text>
<par/>
</text>
</block>
<block><region><rect/></region>
<text>
<par>
<line>a</line></par>
</text>
</block>
<block><region><rect/></region>
<text>
<par/>
</text>
</block>
<block><region><rect/></region>
<text>
<par>
<line>...z\</line></par>
</text>
</block>
<block><region><rect/></region>
<text>
<par/>
</text>
</block>
<block><region><rect/></region>
<text>
<par/>
</text>
</block>
<block><region><rect/></region>
<text>
<par/>
</text>
</block>
<block><region><rect/></region>
<text>
<par/>
</text>
</block>
<block><region><rect/></region>
<text>
<par/>
</text>
</block>
<block><region><rect/></region>
<text>
<par>
<line>Carrefour existant</line>
<line>Accès unique pour desservir</line>
<line>i'ensembie des zones</line>
<line>(habitat et activités)</line></par>
</text>
</block>
<block><region><rect/></region>
<text>
<par>
<line>A w '</line></par>
<par>
<line>A</line></par>
</text>
</block>
<block><region><rect/></region>
<text>
<par/>
</text>
</block>
<block><region><rect/></region>
<text>
<par>
<line>i Pirise de vue n^l</line></par>
</text>
</block>
<block><region><rect/></region>
<text>
<par>
<line>ilPrise de vue n°2</line></par>
</text>
</block>
<block><region><rect/></region>
<text>
<par>
<line>' i</line></par>
</text>
</block>
<block><region><rect/></region>
<text>
<par>
<line>U^h</line></par>
</text>
</block>
<block><region><rect/></region>
<text>
<par>
<line>i»#</line></par>
</text>
</block>
<block><region><rect/></region>
<text>
<par/>
</text>
</block>
<block><region><rect/></region>
<text>
<par>
<line>Zone 1AUX: 120 600 m</line></par>
</text>
</block>
<block><region><rect/></region>
<text>
<par/>
</text>
</block>
<block><region><rect/></region>
<text>
<par/>
</text>
</block>
<block><region><rect/></region>
<text>
<par>
<line>\\ ^</line></par>
</text>
</block>
<block><region><rect/></region>
<text>
<par>
<line>S</line></par>
</text>
</block>
<block><region><rect/></region>
<text>
<par/>
</text>
</block>
<block><region><rect/></region>
<text>
<par>
<line>lAUX</line></par>
</text>
</block>
<block><region><rect/></region>
<text>
<par/>
</text>
</block>
<block><region><rect/></region>
<text>
<par>
<line>ux</line></par>
</text>
</block>
<block><region><rect/></region>
<text>
<par>
<line>%</line></par>
</text>
</block>
<block><region><rect/></region>
<text>
<par/>
</text>
</block>
<block><region><rect/></region>
<text>
<par/>
</text>
</block>
<block><region><rect/></region>
<text>
<par>
<line>\ ^</line></par>
</text>
</block>
<block><region><rect/></region>
<text>
<par>
<line>3</line></par>
</text>
</block>
<block><region><rect/></region>
<text>
<par>
<line>3S auront un %\\\</line>
<line>hèinin existant</line></par>
</text>
</block>
<block><region><rect/><rect/></region>
<text>
<par>
<line>KToutes lès oèrcellès</line></par>
</text>
</block>
<block><region><rect/></region>
<text>
<par/>
</text>
</block>
<block><region><rect/></region>
<text>
<par>
<line>DoèsdkecbsurHe che</line></par>
</text>
</block>
<block><region><rect/></region>
<text>
<par/>
</text>
</block>
<block><region><rect/></region>
<text>
<par>
<line>ac</line></par>
</text>
</block>
<block><region><rect/></region>
<text>
<par>
<line>ec</line></par>
</text>
</block>
<block><region><rect/></region>
<text>
<par>
<line>e c</line></par>
</text>
</block>
<block><region><rect/></region>
<text>
<par>
<line>\ V \ \</line></par>
</text>
</block>
<block><region><rect/></region>
<text>
<par>
<line>A ''</line></par>
</text>
</block>
<block><region><rect/></region>
<text>
<par>
<line>4^</line></par>
</text>
</block>
<block><region><rect/></region>
<text>
<par>
<line>Prise de vue n°3</line></par>
</text>
</block>
<block><region><rect/></region>
<text>
<par>
<line>UX</line></par>
</text>
</block>
<block><region><rect/></region>
<text>
<par>
<line>\f\</line></par>
<par>
<line>k '■“,3\ t' V*’</line></par>
</text>
</block>
<block><region><rect/></region>
<text>
<par>
<line>\</line></par>
</text>
</block>
<block><region><rect/></region>
<text>
<par/>
</text>
</block>
























</page>
</OAP>