<?xml version="1.0" encoding="UTF-8"?><OAP>
<page width="1656" height="2339" resolution="200">
<block><region><rect/></region>
<text>
<par>
<line>JACKY</line></par>
<par>
<line>MONCUIT</line></par>
<par>
<line>ARCHITECTE</line>
<line>D P L G</line>
<line>URBANISTE</line>
<line>D E S S A R</line></par>
</text>
</block>
<block><region><rect/></region>
<text>
<par>
<line>CHAMPAGNE</line></par>
<par>
<line>15. AVENUE DES COMTES</line>
<line>DE CHAMPAGNE</line>
<line>51130 BERGERES lES VERTUS</line></par>
<par>
<line>TEL 03 26 52 17 25</line>
<line>FAX 03 26 52 00 62</line></par>
</text>
</block>
<block><region><rect/></region>
<text>
<par/>
</text>
</block>
<block><region><rect/></region>
<text>
<par>
<line>O</line></par>
</text>
</block>
<block><region><rect/></region>
<text>
<par/>
</text>
</block>
<block><region><rect/></region>
<text>
<par/>
</text>
</block>
<block><region><rect/></region>
<text>
<par/>
</text>
</block>
<block><region><rect/></region>
<text>
<par>
<line>m</line></par>
</text>
</block>
<block><region><rect/></region>
<text>
<par/>
</text>
</block>
<block><region><rect/></region>
<text>
<par/>
</text>
</block>
<block><region><rect/></region>
<text>
<par/>
</text>
</block>
<block><region><rect/></region>
<text>
<par/>
</text>
</block>
<block><region><rect/></region>
<text>
<par/>
</text>
</block>
<block><region><rect/></region>
<text>
<par>
<line>oe</line></par>
</text>
</block>
<block><region><rect/></region>
<text>
<par>
<line>Vu pour être annexé à la délibération</line></par>
</text>
</block>
<block><region><rect/></region>
<text>
<par/>
</text>
</block>
<block><region><rect/></region>
<text>
<par>
<line>du Conseil Municipal de Somme-Suippe</line>
<line>en date du.^..^.^^''^^</line>
<line>approuvant le Plan Local d'arbanisme ,</line></par>
<par>
<line>mis à jour par arrrêté municipal .</line></par>
<par>
<line>en date du •Z^^-9</line></par>
<par>
<line>Le Maire, ^</line></par>
</text>
</block>
<block><region><rect/></region>
<text>
<par>
<line>m</line></par>
</text>
</block>
<block><region><rect/></region>
<text>
<par/>
</text>
</block>
<block><region><rect/></region>
<text>
<par>
<line>4f.</line></par>
</text>
</block>
<block><region><rect/></region>
<text>
<par>
<line>9^</line></par>
</text>
</block>
<block><region><rect/></region>
<text>
<par>
<line>:Hfc</line></par>
</text>
</block>
<block><region><rect/></region>
<text>
<par>
<line>S</line></par>
</text>
</block>
<block><region><rect/></region>
<text>
<par>
<line>m</line></par>
</text>
</block>
<block><region><rect/></region>
<text>
<par/>
</text>
</block>
<block><region><rect/></region>
<text>
<par/>
</text>
</block>
<block><region><rect/></region>
<text>
<par/>
</text>
</block>
<block><region><rect/></region>
<text>
<par>
<line>P.LU</line></par>
<par>
<line>approuvé</line></par>
<par>
<line>SOAAME-SUIPPE</line></par>
</text>
</block>
<block><region><rect/></region>
<text>
<par>
<line>1b</line></par>
</text>
</block>
<block><region><rect/></region>
<text>
<par>
<line>Orientations</line>
<line>d'aménagement et de</line>
<line>développement durable</line></par>
</text>
</block>



<block blockType="Picture" blockName="" l="375" t="122" r="608" b="356"><region><rect/></region>
</block>
</page>
<page width="1669" height="2348" resolution="200">
<block><region><rect/></region>
<text>
<par>
<line>III. Orientations et prescriptions particulières</line></par>
</text>
</block>
<block><region><rect/></region>
<text>
<par>
<line>Les orientations et les prescriptions présentent l'expression territorialisée et</line>
<line>thématique des orientations générales d'aménagement et d'urbanisme de la</line>
<line>commune.</line></par>
<par>
<line>Ces orientations et prescriptions se déclinent selon des Fiches Sectorielles ou selon</line>
<line>des Fiches Thématiques en fonction de leur nature.</line></par>
<par>
<line>Fiches Secteurs :</line></par>
<par>
<line>- une zone en entrée de ville Ouest de part et d'autre de la RD 931,</line></par>
<par>
<line>- une zone située au lieu-dit "la Voie des Auges*',</line></par>
<par>
<line>- une zone localisée en entrée de ville Est de part et d'autre de la RD 931,</line></par>
<par>
<line>- une zone située au lieu-dit "Derrière les Bourgs”,</line></par>
<par>
<line>■ une zone le long des chemins dits "des Montants n^S" et "des Goulots”.</line></par>
</text>
</block>
<block><region><rect/></region>
<text>
<par>
<line>Les principes présidant à l’aménagement des différentes zones sont illustrés par les</line>
<line>schémas suivants :</line></par>
</text>
</block>
<block><region><rect/></region>
<text>
<par>
<line>PLU de SOMME SUIPPE - ORIENTATIONS D'AMÉNAGEMENT FACULTATIVES</line></par>
</text>
</block>
<block><region><rect/></region>
<text>
<par>
<line>1</line></par>
</text>
</block>
</page>
<page width="1674" height="2351" resolution="200">
<block><region><rect/></region>
<text>
<par>
<line>)</line></par>
</text>
</block>
<block><region><rect/></region>
<text>
<par>
<line>23</line></par>
</text>
</block>
<block><region><rect/></region>
<text>
<par/>
</text>
</block>
<block><region><rect/></region>
<text>
<par>
<line>LES</line></par>
</text>
</block>
<block><region><rect/></region>
<text>
<par>
<line>36</line></par>
</text>
</block>
<block><region><rect/></region>
<text>
<par>
<line>37</line></par>
</text>
</block>
<block><region><rect/></region>
<text>
<par>
<line>AU</line></par>
</text>
</block>
<block><region><rect/></region>
<text>
<par/>
</text>
</block>
<block><region><rect/></region>
<text>
<par/>
</text>
</block>
<block><region><rect/></region>
<text>
<par>
<line>ER</line></par>
</text>
</block>
<block><region><rect/></region>
<text>
<par>
<line>AU</line></par>
</text>
</block>
<block><region><rect/></region>
<text>
<par/>
</text>
</block>
<block><region><rect/></region>
<text>
<par/>
</text>
</block>
<block><region><rect/></region>
<text>
<par>
<line>■^1</line></par>
</text>
</block>
<block><region><rect/></region>
<text>
<par>
<line>95</line></par>
</text>
</block>
<block><region><rect/></region>
<text>
<par/>
</text>
</block>
<block><region><rect/></region>
<text>
<par>
<line>as</line></par>
</text>
</block>
<block><region><rect/></region>
<text>
<par>
<line>25</line></par>
</text>
</block>
<block><region><rect/></region>
<text>
<par>
<line>38</line></par>
</text>
</block>
<block><region><rect/></region>
<text>
<par>
<line>AU</line></par>
</text>
</block>
<block><region><rect/></region>
<text>
<par/>
</text>
</block>
<block><region><rect/></region>
<text>
<par>
<line>1B47</line></par>
</text>
</block>
<block><region><rect/></region>
<text>
<par>
<line>40</line></par>
</text>
</block>
<block><region><rect/></region>
<text>
<par>
<line>S»</line></par>
</text>
</block>
<block><region><rect/></region>
<text>
<par>
<line>39</line></par>
</text>
</block>
<block><region><rect/></region>
<text>
<par>
<line>uld</line></par>
</text>
</block>
<block><region><rect/></region>
<text>
<par>
<line>50 931</line></par>
</text>
</block>
<block><region><rect/></region>
<text>
<par>
<line>Sl^es^arreliers'</line></par>
</text>
</block>
<block><region><rect/></region>
<text>
<par>
<line>principe d'accès a respecter</line></par>
</text>
</block>
<block><region><rect/></region>
<text>
<par>
<line>CA</line></par>
</text>
</block>
<block><region><rect/></region>
<text>
<par>
<line>n«6</line></par>
</text>
</block>
<block><region><rect/></region>
<text>
<par>
<line>dit</line></par>
</text>
</block>
<block><region><rect/></region>
<text>
<par>
<line>Lat</line></par>
</text>
</block>
<block><region><rect/></region>
<text>
<par/>
</text>
</block>
<block><region><rect/><rect/><rect/></region>
<text>
<par/>
</text>
</block>
<block><region><rect/></region>
<text>
<par>
<line>accès a conforter</line>
<line>possibilités d'accès individuels</line></par>
</text>
</block>
<block><region><rect/></region>
<text>
<par>
<line>33</line></par>
</text>
</block>
<block><region><rect/></region>
<text>
<par>
<line>34</line></par>
</text>
</block>
<block><region><rect/></region>
<text>
<par>
<line>hors amenagements internes</line>
<line>espaces "tampon"</line></par>
</text>
</block>
<block><region><rect/></region>
<text>
<par>
<line>35</line></par>
</text>
</block>
<block><region><rect/></region>
<text>
<par>
<line>AU</line></par>
</text>
</block>
<block><region><rect/></region>
<text>
<par>
<line>^fripasse</line></par>
</text>
</block>
<block><region><rect/></region>
<text>
<par>
<line>Jean</line></par>
</text>
</block>
<block><region><rect/></region>
<text>
<par>
<line>M5u/in</line></par>
</text>
</block>
<block><region><rect/></region>
<text>
<par>
<line>SCHEMA D'INTENTION DE DESSERTE</line>
<line>DES ZONES A URBANISER (1/2500)</line></par>
</text>
</block>
<block><region><rect/></region>
<text>
<par>
<line>40</line></par>
</text>
</block>
<block><region><rect/></region>
<text>
<par>
<line>39</line></par>
</text>
</block>
<block><region><rect/></region>
<text>
<par>
<line>46</line></par>
</text>
</block>
<block><region><rect/></region>
<text>
<par/>
</text>
</block>
<block><region><rect/><rect/><rect/></region>
<text>
<par>
<line>%</line></par>
</text>
</block>
<block><region><rect/></region>
<text>
<par>
<line>417</line></par>
</text>
</block>
<block><region><rect/></region>
<text>
<par>
<line>42</line></par>
</text>
</block>
<block><region><rect/></region>
<text>
<par/>
</text>
</block>
<block><region><rect/></region>
<text>
<par>
<line>y.</line></par>
</text>
</block>
<block><region><rect/></region>
<text>
<par>
<line>y</line></par>
</text>
</block>
<block><region><rect/></region>
<text>
<par>
<line>y</line></par>
</text>
</block>
<block><region><rect/></region>
<text>
<par>
<line>/y</line></par>
</text>
</block>
<block><region><rect/></region>
<text>
<par>
<line>44</line></par>
</text>
</block>
<block><region><rect/></region>
<text>
<par>
<line>43</line></par>
</text>
</block>
<block><region><rect/></region>
<text>
<par>
<line>47</line></par>
</text>
</block>
<block><region><rect/></region>
<text>
<par>
<line>VOE</line></par>
</text>
</block>
<block><region><rect/></region>
<text>
<par>
<line>AUGES</line></par>
</text>
</block>
<block><region><rect/></region>
<text>
<par>
<line>49</line></par>
</text>
</block>
<block><region><rect/></region>
<text>
<par>
<line>52</line></par>
</text>
</block>
<block><region><rect/></region>
<text>
<par>
<line>AU</line></par>
</text>
</block>
<block><region><rect/></region>
<text>
<par>
<line>n-i</line></par>
</text>
</block>











<block blockType="Picture" blockName="" l="993" t="1478" r="1075" b="1534"><region><rect/></region>
</block>
</page>
<page width="1684" height="2359" resolution="200">
<block><region><rect/></region>
<text>
<par>
<line>r.^«&lt;ian fUtH JlâM RaWPgt»</line></par>
</text>
</block>
<block><region><rect/></region>
<text>
<par>
<line>+</line></par>
</text>
</block>
<block><region><rect/></region>
<text>
<par/>
</text>
</block>
<block><region><rect/></region>
<text>
<par>
<line>AU</line></par>
</text>
</block>
<block><region><rect/></region>
<text>
<par>
<line>§</line></par>
</text>
</block>
<block><region><rect/></region>
<text>
<par/>
</text>
</block>
<block><region><rect/></region>
<text>
<par/>
</text>
</block>
<block><region><rect/></region>
<text>
<par>
<line>AU</line></par>
</text>
</block>
<block><region><rect/></region>
<text>
<par>
<line>T</line></par>
</text>
</block>
<block><region><rect/></region>
<text>
<par>
<line>S</line></par>
</text>
</block>
<block><region><rect/></region>
<text>
<par>
<line>na</line></par>
</text>
</block>
<block><region><rect/></region>
<text>
<par>
<line>pm</line></par>
</text>
</block>
<block><region><rect/></region>
<text>
<par>
<line>orurM</line></par>
</text>
</block>
<block><region><rect/></region>
<text>
<par>
<line>wéom</line></par>
</text>
</block>
<block><region><rect/></region>
<text>
<par>
<line>»7t</line></par>
</text>
</block>
<block><region><rect/></region>
<text>
<par>
<line>Mtfntio</line></par>
</text>
</block>
<block><region><rect/></region>
<text>
<par>
<line>Rut</line></par>
</text>
</block>
<block><region><rect/></region>
<text>
<par/>
</text>
</block>
<block><region><rect/></region>
<text>
<par/>
</text>
</block>
<block><region><rect/></region>
<text>
<par/>
</text>
</block>
<block><region><rect/></region>
<text>
<par>
<line>•Pi</line></par>
</text>
</block>
<block><region><rect/></region>
<text>
<par/>
</text>
</block>
<block><region><rect/></region>
<text>
<par/>
</text>
</block>
<block><region><rect/></region>
<text>
<par/>
</text>
</block>
<block><region><rect/></region>
<text>
<par>
<line>7.</line></par>
</text>
</block>
<block><region><rect/></region>
<text>
<par>
<line>h</line></par>
</text>
</block>
<block><region><rect/></region>
<text>
<par>
<line>X</line></par>
</text>
</block>
<block><region><rect/></region>
<text>
<par>
<line>+</line></par>
</text>
</block>
<block><region><rect/></region>
<text>
<par>
<line>O</line></par>
</text>
</block>
<block><region><rect/></region>
<text>
<par/>
</text>
</block>
<block><region><rect/></region>
<text>
<par>
<line>itos</line></par>
</text>
</block>
<block><region><rect/></region>
<text>
<par/>
</text>
</block>
<block><region><rect/></region>
<text>
<par>
<line>X</line></par>
</text>
</block>
<block><region><rect/></region>
<text>
<par/>
</text>
</block>
<block><region><rect/></region>
<text>
<par>
<line>101</line></par>
</text>
</block>
<block><region><rect/></region>
<text>
<par/>
</text>
</block>
<block><region><rect/></region>
<text>
<par/>
</text>
</block>
<block><region><rect/></region>
<text>
<par>
<line>Dmanat</line></par>
<par>
<line>•mt'CUuda</line></par>
</text>
</block>
<block><region><rect/></region>
<text>
<par>
<line>ja&gt;</line></par>
</text>
</block>
<block><region><rect/></region>
<text>
<par>
<line>U</line></par>
</text>
</block>
<block><region><rect/></region>
<text>
<par>
<line>4</line></par>
</text>
</block>
<block><region><rect/></region>
<text>
<par>
<line>100</line></par>
</text>
</block>
<block><region><rect/></region>
<text>
<par/>
</text>
</block>
<block><region><rect/></region>
<text>
<par>
<line>C</line></par>
</text>
</block>
<block><region><rect/></region>
<text>
<par>
<line>ERE</line></par>
</text>
</block>
<block><region><rect/></region>
<text>
<par/>
</text>
</block>
<block><region><rect/></region>
<text>
<par>
<line>Dé</line></par>
</text>
</block>
<block><region><rect/></region>
<text>
<par/>
</text>
</block>
<block><region><rect/></region>
<text>
<par>
<line>POfTe</line></par>
</text>
</block>
<block><region><rect/></region>
<text>
<par/>
</text>
</block>
<block><region><rect/></region>
<text>
<par>
<line>'neofa/</line></par>
</text>
</block>
<block><region><rect/></region>
<text>
<par/>
</text>
</block>
<block><region><rect/></region>
<text>
<par/>
</text>
</block>
<block><region><rect/></region>
<text>
<par/>
</text>
</block>
<block><region><rect/></region>
<text>
<par/>
</text>
</block>
<block><region><rect/></region>
<text>
<par>
<line>sà</line></par>
</text>
</block>
<block><region><rect/></region>
<text>
<par/>
</text>
</block>
<block><region><rect/></region>
<text>
<par/>
</text>
</block>
<block><region><rect/></region>
<text>
<par>
<line>®a/n(e.</line></par>
</text>
</block>
<block><region><rect/></region>
<text>
<par>
<line>^eneho</line></par>
</text>
</block>
<block><region><rect/></region>
<text>
<par>
<line>Ü/rt</line></par>
</text>
</block>
<block><region><rect/></region>
<text>
<par/>
</text>
</block>
<block><region><rect/></region>
<text>
<par/>
</text>
</block>
<block><region><rect/></region>
<text>
<par>
<line>AU</line></par>
</text>
</block>
<block blockType="Table" blockName="" l="96" t="1919" r="690" b="2275"><region><rect/></region>
<row>
<cell topBorder="White" rightBorder="White" bottomBorder="White" width="154" height="80">
<text>
<par/>
</text></cell>
<cell leftBorder="White" topBorder="White" bottomBorder="White" width="440" height="80">
<text>
<par>
<line>'^pe;:aco.s...pe;. ^</line></par>
</text></cell></row>
<row>
<cell topBorder="White" rightBorder="White" bottomBorder="White" width="154" height="50">
<text>
<par/>
</text></cell>
<cell leftBorder="White" topBorder="White" bottomBorder="White" width="440" height="50">
<text>
<par>
<line>accès à conforter</line></par>
</text></cell></row>
<row>
<cell topBorder="White" rightBorder="White" bottomBorder="White" width="154" height="82">
<text>
<par/>
</text></cell>
<cell leftBorder="White" topBorder="White" bottomBorder="White" width="440" height="82">
<text>
<par>
<line>possibilités d'accès individuels</line>
<line>hors aménagements internes</line></par>
</text></cell></row>
<row>
<cell topBorder="White" rightBorder="White" bottomBorder="White" width="154" height="52">
<text>
<par>
<line>H</line></par>
</text></cell>
<cell leftBorder="White" topBorder="White" bottomBorder="White" width="440" height="52">
<text>
<par>
<line>espaces "tampon"</line></par>
</text></cell></row>
<row>
<cell colSpan="2" topBorder="White" width="594" height="92">
<text>
<par>
<line>SCHEMA D'INTENTION DE DESSERTE</line>
<line>DES ZONES A URBANISER (1/2500)</line></par>
</text></cell></row>
</block>
<block><region><rect/></region>
<text orientation="RotatedCounterclockwise">
<par>
<line>rîTîiaHm;T</line></par>
</text>
</block>






























<block blockType="Picture" blockName="" l="1507" t="1700" r="1606" b="1765"><region><rect/></region>
</block>
<block blockType="Picture" blockName="" l="113" t="2123" r="195" b="2180"><region><rect/></region>
</block>
</page>
</OAP>