<?xml version="1.0" encoding="UTF-8"?><OAP>
<page width="1654" height="2339" resolution="200">
<block><region><rect/></region>
<text>
<par>
<line>eOMMUIIille¥illDieNY</line></par>
</text>
</block>
<block><region><rect/></region>
<text>
<par>
<line>Plan loeal d'Urbanlsme</line></par>
</text>
</block>
<block><region><rect/></region>
<text>
<par>
<line>ORIENTATIONS SEGTORIELIES D'AMENAGEMENT</line></par>
</text>
</block>
<block><region><rect/></region>
<text>
<par>
<line>(à©</line></par>
<par>
<line>W0DD©</line></par>
</text>
</block>
<block><region><rect/></region>
<text>
<par>
<line>L-B. Lebrun architecte d.p.l.g. urbaniste</line></par>
<par>
<line>17, rue du Breuil - 5^180 Heiilecourt - tél 03.83.51.38.72 - fax: 03.8354.10.12</line></par>
<par>
<line>L Jacquey architecte paysagiste d.p.l.g.</line></par>
<par>
<line>2, rue Tour de Village - 882(K) Eaon-aux-Bois - tél : 03.29.62.6l.94</line></par>
</text>
</block>










</page>
<page width="1654" height="2339" resolution="200">
<block><region><rect/></region>
<text>
<par>
<line>Commune de Vaudigny - Plan Local d'Urbanisme</line></par>
</text>
</block>
<block><region><rect/></region>
<text>
<par>
<line>P.A.D.D. Orientations sectorielles d'aménagement</line></par>
</text>
</block>
<block><region><rect/></region>
<text>
<par>
<line>Orientations Sectorielles d'Âménagement</line></par>
<par>
<line>Les Orientations Sectorielles d'Ainénagement ont pour objet d'expliciter en tenues précis et concrets les</line>
<line>orientations générales contenues et exprimées dans le Projet d'Aniénagement et de Développement Durable.</line></par>
<par>
<line>Ces Orientations Sectorielles d'Ainénagement sont compatibles avec le P.A.D.D., c'est à dire qu'elles sont en</line>
<line>adéquation avec les orientations ou les principes fondamentaux du PAD.D.</line></par>
<par>
<line>Les autorisations d'occupation du sol seront délivrées en compatibilité avec les Orientations Sectorielles d'</line>
<line>Aménagement.</line></par>
</text>
</block>
<block><region><rect/></region>
<text>
<par>
<line>Rappel des orientations d'aménagemetU urbain du PAD.D.</line></par>
<par>
<line>• Favoriser un développement urbain mesuré à l'échelle de la commune, ne portant pas at¬</line>
<line>teinte au caractère de "village parc".</line></par>
</text>
</block>
<block><region><rect/></region>
<text>
<par>
<line>Orientations Sectorielles d'Aménagement applicables dans les zones U et AU</line></par>
<par>
<line>■ promouvoir des formes urbaines respectant:</line></par>
<par>
<line>* une des spécificités de Vaudigny, à savoir, son caractère de village parc, où le bâti et son fon¬</line>
<line>cier support possède un certain rapport d'échelle et dont l'environnement végétal sert de médiation entre le paysage et le</line>
<line>bâti;</line></par>
<par>
<line>- des plantations en fond de parcelle d'essences locales assurent la médiation avec les espaces naturels ou</line>
<line>agricoles environnants</line></par>
<par>
<line>■ conserver un rapport propriété privé et domaine public de type ouvert faisant référence à l'espace usoir.</line></par>
<par>
<line>* si clôture il y a elle est constituée:</line></par>
<par>
<line>d'une haie mélangée (thuyas et if exclus);</line></par>
<par>
<line>d'un système en bois à claire-voie, hauteur maxi 1,30m.</line></par>
</text>
</block>
<block><region><rect/></region>
<text>
<par>
<line>• Respecter le patrimoine bâti traditionnel au sein du village</line></par>
<par>
<line>Orientations Sectorielles d'Aménagement applicables en zone ü</line></par>
<par>
<line>Volumes</line></par>
<par>
<line>Le volume général initial des bâtiments est à respecter.</line></par>
<par>
<line>Toutefois des volumes trop considérables ou présentant une trop grande profondeur pour, une maison</line>
<line>d'habitation, pourront amener à réaliser des démolitions partielles sur les arrières des bâtiments et la reconstruction de</line>
<line>cette façade, qui peut être d'esprit contemporain, favorisera l’entrée de la lumière et les vues sur la parcelle.</line></par>
<par>
<line>Toitures</line></par>
<par>
<line>Les pentes sont conservées.</line></par>
<par>
<line>Le matériau exclusif de couverture est la tuile terre cuite de couleur rouge.</line></par>
<par>
<line>L'apposition sur les toimres de dispositifs de captation d'énergie solaire est possible.</line></par>
<par>
<line>Les couvertures terrasses partielles sont possibles, si elles pennettent un traitement ou un passage en vo¬</line>
<line>lume intéressant sur le plan architectural entre différentes toitures.</line></par>
</text>
</block>
<block><region><rect/></region>
<text>
<par>
<line>page -1 -</line></par>
</text>
</block>










</page>
<page width="1654" height="2339" resolution="200">
<block><region><rect/></region>
<text>
<par>
<line>Commune de Vaudigny - Plan Local d'Urbanisme</line></par>
</text>
</block>
<block><region><rect/></region>
<text>
<par>
<line>P.A.D.D. Orientations seciorieiles d'ainénagemeni</line></par>
</text>
</block>
<block><region><rect/></region>
<text>
<par>
<line>Les toitures à une pente sont possibles pour les adjonctions réduites à des bâtiments existants ou pour de</line>
<line>petits édifices sur cour et jardin, dans l'esprit de la toiture principale.</line></par>
<par>
<line>Façades principales sur rue</line></par>
<par>
<line>Les percements, baies et portes, seront respectés dans leurs dispositions et leurs proportions. Si de nouvel¬</line>
<line>les ouvertures devaient être pratiquées, elles seront intégrées à la composition préexistante.</line></par>
<par>
<line>Les enduits sont réalisés dans les techniques traditionnelles à base de chaux.</line></par>
<par>
<line>Le ton général est donné par le sable (produit local) et les liants hydrauliques (chaux).</line></par>
<par>
<line>On peut y substituer des peintures sur enduit de ciment et de chaux dont les coloris sont choisis dans une</line>
<line>même palette de teintes que les enduits naturels. Se référer au document original du Conseil d'Architecture, d'Urbanisme</line>
<line>et de l’Environnement (C.A.U.E.) "Le ravalement en Meurthe et Moselle".</line></par>
<par>
<line>Les menuiseries extérieures</line></par>
<par>
<line>Les menuiseries extérieures sont en bois naturel clair ou peint. Les menuiseries en polychlorure de vinyle</line>
<line>ou en aluminium laqué sont exclues dans les teintes primaires et blanches.</line></par>
<par>
<line>Les croisées quels que soient leurs modèles restent posées en ménageant un tableau.</line></par>
<par>
<line>Les croisées reçoivent des colorations en harmonie avec les enduits.</line></par>
<par>
<line>Sur les façades anciennes les volets et persiennes sont conservés.</line></par>
<par>
<line>Les volets roulants sont envisageables mais posés en ménageant un tableau et sans coffre ou enroulement</line>
<line>visible à l'extérieur.</line></par>
<par>
<line>Les portes charretières sont respectées dans leur forme et leur situation dans la maçonnerie: pieds droits,</line>
<line>arcs en plein cintre ou en anse de panier ou encore linteau droit.</line></par>
<par>
<line>Si elles gardent une fonction d'accès de véhicules, les portes battantes en bois sont conservées avec por¬</line>
<line>tillon et occuli éventuels.</line></par>
<par>
<line>S'il est donné aux portes charretières une fonction contemporaine en créant derrière celle-ci des pièces de</line>
<line>vie (séjour, entrée,...) avec l'introduction d'ensembles menuisés largement vitrés, le cintre en est bien exprimé par le res¬</line>
<line>pect de la référence de son diamètre. Les planchers, traités en entresol, viennent sur la référence du diamètre de l’arc;</line>
<line>dans le cas contraire le plancher est laissé en retrait créant vide de type mezzanine.</line></par>
<par>
<line>Les coffrets renfermant compteurs, raccordements, sont encastrés dans les maçomieries de façade.</line></par>
<par>
<line>Abords</line></par>
<par>
<line>L'aménagement du terrain entre la façade et l'alignement du domaine public ne comporte pas d'ouvrage</line>
<line>plus haut que le sol naturel, c'est-à-dire ne dépassant pas la cote de la bordure de chaussée à l'exception des marches</line>
<line>d'escaliers, murs de soutènement, trappes de caves, etc...</line></par>
<par>
<line>Le premier niveau aura son accès de plain-pied, en cas de pente importante du profil en long de la voirie ou</line>
<line>du terrain (+ de 5 %), et lorsque l'usoir est assez important quelques marches sont aménagées le long de la façade (leur</line>
<line>nombre sera suffisamment réduit pour ne pas justifier de garde-corps.</line></par>
<par>
<line>Les clôtures y sont interdites.</line></par>
</text>
</block>
<block><region><rect/></region>
<text>
<par>
<line>•Insérer les constructions nouvelles</line></par>
<par>
<line>Orientations Sectorielles d'Aniénagemetit applicables dans les zones U et AU</line></par>
</text>
</block>
<block><region><rect/></region>
<text>
<par>
<line>page -2 -</line></par>
</text>
</block>







</page>
<page width="1654" height="2339" resolution="200">
<block><region><rect/></region>
<text>
<par>
<line>Commune de Vaudigny - Plan Local d'Urbanisme</line></par>
</text>
</block>
<block><region><rect/></region>
<text>
<par>
<line>P.A.D.D. Orientations sectorielles d’aménagement</line></par>
</text>
</block>
<block><region><rect/></region>
<text>
<par>
<line>Volume ■ toiture</line></par>
<par>
<line>Une simplicité de volume est demandée, tout en exprunant l'organisation de la vie intérieure du bâtiment.</line>
<line>Vu les sites, il est recherché des silhouettes assez basses avec de long-pan de toiture accompagnant la to¬</line>
<line>pographie du terrain.</line></par>
<par>
<line>Aux abords des bâtiments, les dénivelés ou talus, et en règle générale, toutes modifications de profil du</line>
<line>terrain naturel, devront être modelées et traitées de façon à éviter toute rupture brutale avec le terrain naturel (déblais</line>
<line>-0.70m maxi, remblais +0.70m mæd). Les perrons extérieurs n’auront pas plus de quatre hauteurs soit trois emmarche-</line>
<line>ments.</line></par>
<par>
<line>Les toitures présentent des pentes comprises entre 25 et 35 % et évitent une trop grande complexité.</line></par>
<par>
<line>Une pente différente peut être donnée pour assurer la continuité avec une maison voisine.</line></par>
<par>
<line>Les lignes principales de faîtage ont une orientation parallèle à la voie.</line></par>
<par>
<line>La toiture présente une dominante de deux pans principaux.</line></par>
<par>
<line>Le matériau exclusif de couverture est la tuile terre cuite de couleur rouge.</line></par>
<par>
<line>Les fenêtres de toit sont de dimensions maximales 78x98; pour des éléments plus Importants la tedmique</line>
<line>de la verrière lui est préférée.</line></par>
<par>
<line>Les lucarnes et chien-assis sont prohibés.</line></par>
<par>
<line>Les dispositifs de captation d'énergie solaire sont possibles posés dans le plan de la couverture support.</line></par>
<par>
<line>Les conduits de fumée sont intégrés dans le volume de la construction avec une souche en maçonnerie tra-</line></par>
<par>
<line>ditionneüe.</line></par>
</text>
</block>
<block><region><rect/></region>
<text>
<par>
<line>Façade</line></par>
<par>
<line>Les façades sont conçues dans l'esprit de celles existant dans le village et composées selon le modèle très simple</line>
<line>de murs percés de baies rectangulaires verticales ( proportions : environ 1 de large x 1,5 de hauteur ) réparties selon le</line>
<line>rytlime des travées de la maison.</line></par>
<par>
<line>Cette règle ne s'applique pas aux portes de garages, aux œils-de-bœuf ou aux petites fenêtres de greniers ou de</line>
<line>combles qui peuvent présenter des formes et dimensions différentes.</line></par>
<par>
<line>Sont prohibés les retraits de façades d'un étage sur l'autre et ne sont pas comptés comme retrait d'un étage sur</line>
<line>l'autre : les loggias et les aménagements liés à l'accès des constructions.</line></par>
<par>
<line>Les murs en pavés en verre translucides sont interdits.</line></par>
<par>
<line>En fonction de la situation et des vues offertes sur les bâtiments, les façades perçues du type pignon sont animés</line>
<line>et traités comme les façades dites principales.</line></par>
<par>
<line>Les menuiseries extérieures sont en bois naturel clair ou peint. Les menuiseries en polychlorure de vinyle ou en</line>
<line>aluminium laqué sont exclues dans les teintes primaires et blanches.</line></par>
<par>
<line>Les couleurs des matériaux offrirent une hannonie et une bonne insertion dans les contextes bâtis et naturels</line>
<line>environnants, en excluant les teintes primaires et les blancs purs.</line></par>
<par>
<line>Se référer au document original du Conseil d'Architecture, d'Urbanisme et de l'Environnement (C.A.U.E.) "Le ra¬</line>
<line>valement en Meurthe et Moselle".</line></par>
</text>
</block>
<block><region><rect/></region>
<text>
<par>
<line>Abords et clôtures</line></par>
<par>
<line>Les marges de reculement, prescrites dans les zones AU, parfois libres de toute clôture, prolongent visuellement</line>
<line>les voies communes. Leur plantation sera faite d'un bel arbre, d'enherbement et des massifs de fleurs en pleine terre.</line></par>
<par>
<line>Si clôture il y a elle est constituée d'une haie mélangée et/ou d'un système en bois à claire-voie, hauteur maxi</line></par>
<par>
<line>1,30m.</line></par>
<par>
<line>Les haies de thuyas, d'ifs, sont interdites. Des essences différentes, haies dites mélangées, retenues en fonction</line>
<line>de l'espace disponible et de la hauteur désirée sont plantées en port libre ou mise en forme. Elles s'adaptent bien aux si¬</line>
<line>tuations de contact avec un environnement naturel.</line></par>
<par>
<line>Ces aménagements seront portés au plan de masse et figureront à la demande de permis de construire.</line></par>
</text>
</block>
<block><region><rect/></region>
<text>
<par>
<line>page -3 -</line></par>
</text>
</block>










</page>
<page width="1660" height="2343" resolution="200">
<block><region><rect/></region>
<text>
<par>
<line>Commune de Vaudigny - Plan Local d'Urbanisme</line></par>
</text>
</block>
<block><region><rect/></region>
<text>
<par>
<line>P.A.D.D. Orientations sectorielles d'aménagement</line></par>
</text>
</block>
<block><region><rect/></region>
<text>
<par>
<line>Rappel</line></par>
<par>
<line>Pour les zones AU situées en entrée de village, la commune entend réaliser une opération d'aménagement de</line>
<line>ces entrées qui s'inspireront du dispositif énoncé, à titre de schéma d'intention, dans le Rapport de Présentation du</line>
<line>P.LU..</line></par>
</text>
</block>
<block><region><rect/></region>
<text>
<par>
<line>Dispositioîisparticulières aux maisons à l'architecture contemporaine</line></par>
<par>
<line>Pour les projets innovants ou présentants un intérêt architectural partiailier, le Maire prendra l'avis du CAU.E.</line>
<line>de Meurte et Moselle pour motiver son autorisation ou son relus.</line></par>
</text>
</block>
<block><region><rect/></region>
<text>
<par>
<line>page - 4 -</line></par>
</text>
</block>







</page>
</OAP>