<?xml version="1.0" encoding="UTF-8"?><OAP>
<page width="2480" height="3508" resolution="300">
<block blockType="Table" blockName="" l="562" t="396" r="2046" b="2562"><region><rect/></region>
<row>
<cell rowSpan="2" width="183" height="1397">
<text>
<par/>
</text></cell>
<cell width="1301" height="1186">
<text>
<par>
<line>PLAN LOCAL D’URBANISME</line></par>
</text></cell></row>
<row>
<cell width="1301" height="211">
<text>
<par/>
</text></cell></row>
<row>
<cell rowSpan="2" width="183" height="769">
<text>
<par>
<line>1</line></par>
</text></cell>
<cell width="1301" height="178">
<text>
<par>
<line>ORIENTATIONS D’AMENAGEMENT</line></par>
<par>
<line>ET DE PROGRAMMATION</line></par>
</text></cell></row>
<row>
<cell width="1301" height="591">
<text>
<par>
<line>■ Commune de XIROCOURT</line></par>
</text></cell></row>
</block>
<block><region><rect/></region>
<text>
<par>
<line>1</line></par>
</text>
</block>








</page>
<page width="2480" height="3508" resolution="300">
<block><region><rect/></region>
<text>
<par>
<line>INTRODUCTION</line></par>
</text>
</block>
<block><region><rect/></region>
<text>
<par>
<line>Après la loi Grenelle II, les Orientations d'Aménagement et de Programmation sont</line>
<line>obligatoires pour les PLU.</line></par>
<par>
<line>Les O.A.P. permettent à la commune de préciser les conditions d'aménagement</line>
<line>de certains secteurs qui vont connaître un développement ou une restructuration</line>
<line>particulière. Précisément, elles permettent d'affiner la réflexion et de prévoir des</line>
<line>actions et opérations d'aménagement à réaliser, notamment pour mettre en valeur</line>
<line>l'environnement, les paysages, les entrées de ville et le patrimoine, permettre le</line>
<line>développement urbain et assurer le développement de la commune.</line></par>
<par>
<line>Les opérations de construction ou d'aménagement décidées dans ces secteurs</line>
<line>devront être compatibles avec les orientations d'aménagement et de programmation,</line>
<line>c'est-à-dire qu'elles devront les respecter dans l'esprit et non au pied de la lettre.</line></par>
<par>
<line>Sur la commune de XIROCOURT, des Orientations d'Aménagement et de</line>
<line>Programmation « Aménagement » ont été définies et concernent deux secteurs.</line></par>
<par>
<line>Précisément, il s'agit de :</line></par>
<par>
<line>1- RD904 - Entrée Nord-Ouest du village</line></par>
<par>
<line>2- Haut de la Vigne.</line></par>
</text>
</block>
<block><region><rect/></region>
<text>
<par>
<line>2</line></par>
</text>
</block>

</page>
<page width="2480" height="3508" resolution="300">
<block><region><rect/></region>
<text>
<par>
<line>1-RD904 - entrée Nord-Ouest du village</line></par>
</text>
</block>
<block><region><rect/></region>
<text>
<par>
<line>1- Description du site</line></par>
<par>
<line>Actuellement occupée par des prairies et des terres agricoles, cette zone se situe au</line>
<line>Nord-Ouest du village de Xirocourt.</line></par>
<par>
<line>S'étendant sur une surface de 1 hectare, elle s'étend de part et d'autre de la RD904.</line></par>
</text>
</block>
<block><region><rect/></region>
<text>
<par>
<line>2-Enjeux identifiés</line></par>
<par>
<line>Il s'agit bien d'une « dent creuse » identifiée dans le tissu bâti actuel et de considérer</line>
<line>cette séquence de la route départementale comme une rue urbaine de Xirocourt,</line>
<line>l'entrée du bourg s'effectuant à hauteur du garage.</line></par>
<par>
<line>Secteur plat, il permettra de conforter la notion de densification et non d'étirement</line>
<line>urbain. En effet, les dernières constructions (un garage et deux maisons d'habitation)</line>
<line>se situent au-delà du secteur concerné.</line></par>
<par>
<line>Il s'agit d'exploiter la profondeur des parcelles et de garantir par la localisation de la</line>
<line>zone, la compacité de la trame urbaine.</line></par>
<par>
<line>En outre, ce site permet d'économiser les espaces naturels en ouvrant à</line>
<line>l'urbanisation des terrains proches de la zone agglomérée actuelle.</line></par>
</text>
</block>
<block><region><rect/></region>
<text>
<par>
<line>3-Principes d'aménagement retenus</line></par>
<par>
<line>La zone constructible correspond à deux bandes d'une profondeur de 40 mètres,</line>
<line>situées de part et d'autre de la RD904 en allant vers Vézelise.</line></par>
<par>
<line>Le principe de la contre-allée sera poursuivi pour la bande située au Nord. La contre-</line>
<line>allée devra être viabilisée afin de desservir les futures constructions.</line></par>
<par>
<line>Les accès aux parcelles seront directs sur la RD904 pour la bande située au Sud, en</line>
<line>contrebas de la voie routière, avec un accès groupé pour deux parcelles contigües.</line></par>
</text>
</block>
<block><region><rect/></region>
<text>
<par>
<line>3</line></par>
</text>
</block>

</page>
<page width="2480" height="3508" resolution="300">
<block><region><rect/></region>
<text>
<par>
<line>Des règles d'implantation obligatoire des façades principales ont été définies.</line>
<line>L'orientation du faîtage principal des futures constructions devra être parallèle à la</line>
<line>rue.</line></par>
<par>
<line>Ces principes sont retenus afin d'une part de structurer le vide existant entre des</line>
<line>groupes de constructions et d'autre part de produire un effet de ralentissement au</line>
<line>regard des automobilistes empruntant cet axe linéaire.</line></par>
<par>
<line>Afin de favoriser la densification urbaine, un programme d'habitat individuel avec une</line>
<line>densité de l'ordre de 12 à 15 logements/ha devra être réalisé.</line></par>
<par>
<line>Afin de répondre aux objectifs du SDAGE, il s'agira d'encourager la rétention de l'eau</line>
<line>de pluie à la parcelle et l'infiltration des eaux pluviales directement sur la parcelle,</line>
<line>pour le secteur Nord. Concernant le secteur Sud, au regard de la topographie et de</line>
<line>l'existence d'un fossé, il s'agira de réaliser une noue paysagère reprenant un talweg</line>
<line>existant, afin de recueillir les eaux pluviales. En outre, le terrain naturel devra être</line>
<line>maintenu à l'arrière de la bande constructible.</line></par>
<par>
<line>En termes de capacité d'accueil, cette zone représente un potentiel d'environ 15</line>
<line>constructions nouvelles.</line></par>
<par>
<line>4-Classement de la zone dans le zonage du P.L.U.</line></par>
<par>
<line>Zone UB car secteur desservi par les réseaux.</line></par>
</text>
</block>
<block><region><rect/></region>
<text>
<par>
<line>4</line></par>
</text>
</block>
</page>
<page width="2480" height="3508" resolution="300">
<block><region><rect/></region>
<text orientation="RotatedCounterclockwise">
<par>
<line>O.A.P. RD 904 (entrée Nord-Ouest) Commune de XIROCOURT</line></par>
</text>
</block>
<block><region><rect/></region>
<text>
<par>
<line>A</line></par>
</text>
</block>
<block><region><rect/></region>
<text>
<par/>
</text>
</block>
<block><region><rect/></region>
<text>
<par>
<line>5</line></par>
</text>
</block>
<block><region><rect/></region>
<text>
<par/>
</text>
</block>
<block><region><rect/></region>
<text>
<par/>
</text>
</block>
<block><region><rect/></region>
<text>
<par/>
</text>
</block>
<block><region><rect/></region>
<text>
<par>
<line>&lt;3 ^</line></par>
</text>
</block>
<block><region><rect/></region>
<text>
<par>
<line>if I</line></par>
</text>
</block>
<block><region><rect/></region>
<text>
<par>
<line>ç €</line></par>
</text>
</block>
<block><region><rect/></region>
<text>
<par>
<line>a T3</line></par>
</text>
</block>
<block><region><rect/></region>
<text>
<par>
<line>OJ -O</line></par>
</text>
</block>
<block><region><rect/></region>
<text>
<par/>
</text>
</block>
<block><region><rect/></region>
<text>
<par>
<line>c a</line></par>
</text>
</block>
<block><region><rect/></region>
<text>
<par>
<line>O 15</line></par>
</text>
</block>
<block><region><rect/></region>
<text>
<par/>
</text>
</block>
<block><region><rect/></region>
<text>
<par>
<line>y S</line></par>
</text>
</block>
<block><region><rect/></region>
<text>
<par>
<line>s ^</line></par>
</text>
</block>
<block><region><rect/></region>
<text>
<par>
<line>Z'</line></par>
</text>
</block>
<block><region><rect/></region>
<text>
<par>
<line>ŒI □</line></par>
</text>
</block>
<block><region><rect/></region>
<text>
<par>
<line>IT</line></par>
</text>
</block>
<block><region><rect/></region>
<text>
<par/>
</text>
</block>
<block><region><rect/></region>
<text>
<par>
<line>/</line></par>
</text>
</block>
<block><region><rect/></region>
<text>
<par>
<line>/</line></par>
</text>
</block>
<block><region><rect/></region>
<text>
<par/>
</text>
</block>
<block><region><rect/></region>
<text>
<par>
<line>t</line></par>
</text>
</block>
<block><region><rect/></region>
<text>
<par>
<line>/</line></par>
</text>
</block>
<block><region><rect/></region>
<text>
<par>
<line>/</line></par>
</text>
</block>
<block><region><rect/></region>
<text>
<par>
<line>Y</line></par>
</text>
</block>
<block><region><rect/></region>
<text>
<par/>
</text>
</block>
<block><region><rect/></region>
<text>
<par/>
</text>
</block>
<block><region><rect/></region>
<text>
<par/>
</text>
</block>
<block><region><rect/></region>
<text>
<par/>
</text>
</block>
<block><region><rect/></region>
<text>
<par>
<line>/</line></par>
</text>
</block>
<block><region><rect/></region>
<text>
<par>
<line>/</line></par>
</text>
</block>
<block><region><rect/></region>
<text>
<par>
<line>/</line></par>
</text>
</block>
<block><region><rect/></region>
<text>
<par>
<line>/</line></par>
</text>
</block>
<block><region><rect/></region>
<text>
<par>
<line>/</line></par>
</text>
</block>
<block><region><rect/></region>
<text>
<par>
<line>mr</line></par>
</text>
</block>
<block><region><rect/></region>
<text>
<par>
<line>/</line></par>
</text>
</block>
<block><region><rect/></region>
<text>
<par/>
</text>
</block>
<block><region><rect/></region>
<text>
<par>
<line>/</line></par>
</text>
</block>
<block><region><rect/></region>
<text>
<par>
<line>/</line></par>
</text>
</block>
<block><region><rect/></region>
<text>
<par/>
</text>
</block>
<block><region><rect/></region>
<text>
<par>
<line>/</line></par>
</text>
</block>
<block><region><rect/></region>
<text>
<par/>
</text>
</block>
<block><region><rect/></region>
<text>
<par>
<line>/</line></par>
</text>
</block>
<block><region><rect/></region>
<text>
<par>
<line>✓</line></par>
</text>
</block>
<block><region><rect/></region>
<text>
<par>
<line>✓</line></par>
</text>
</block>
<block><region><rect/></region>
<text>
<par>
<line>/</line></par>
</text>
</block>
<block><region><rect/></region>
<text>
<par>
<line>✓</line></par>
</text>
</block>
<block><region><rect/></region>
<text>
<par>
<line>#</line></par>
</text>
</block>
<block><region><rect/></region>
<text>
<par>
<line>m</line></par>
</text>
</block>
<block><region><rect/></region>
<text>
<par/>
</text>
</block>
<block><region><rect/></region>
<text>
<par/>
</text>
</block>
<block><region><rect/></region>
<text>
<par>
<line>a</line></par>
</text>
</block>
<block><region><rect/></region>
<text>
<par/>
</text>
</block>
<block><region><rect/></region>
<text>
<par>
<line>\</line></par>
</text>
</block>
<block><region><rect/></region>
<text>
<par/>
</text>
</block>
<block><region><rect/></region>
<text>
<par/>
</text>
</block>
<block><region><rect/></region>
<text>
<par/>
</text>
</block>
<block><region><rect/></region>
<text>
<par>
<line>A/</line></par>
</text>
</block>
<block><region><rect/></region>
<text>
<par>
<line>#</line></par>
</text>
</block>
<block><region><rect/></region>
<text>
<par/>
</text>
</block>
<block><region><rect/></region>
<text>
<par/>
</text>
</block>
<block><region><rect/></region>
<text>
<par>
<line>5</line></par>
</text>
</block>
<block><region><rect/></region>
<text orientation="RotatedCounterclockwise">
<par>
<line>screrre</line></par>
</text>
</block>












<block blockType="Picture" blockName="" l="1941" t="2042" r="1991" b="2116"><region><rect/></region>
</block>
</page>
<page width="2480" height="3508" resolution="300">
<block><region><rect/></region>
<text>
<par>
<line>2- HAUT DE LA VIGNE</line></par>
</text>
</block>
<block><region><rect/></region>
<text>
<par>
<line>1- Description du site</line></par>
<par>
<line>S'étendant sur une surface d'environ 1 hectare 40, ce site s'étend sur trois parcelles</line>
<line>dont une est propriété communale.</line></par>
<par>
<line>Actuellement occupée par des terres agricoles, cette zone jouxte le secteur de la</line>
<line>nouvelle école, l'école du Madon.</line></par>
<par>
<line>2- Enjeux identifiés</line></par>
<par>
<line>Le site « Haut de la Vigne » se développant sur un secteur plat offre une bonne</line>
<line>exposition, constitue une extension naturelle du village sans discontinuité du bâti, en</line>
<line>lui conférant un aspect groupé.</line></par>
<par>
<line>Il offre une implantation satisfaisante au regard du développement urbain de</line>
<line>Xirocourt. Il est proche de la nouvelle école et permet de conforter la notion de</line>
<line>densification et non d'étirement urbain. Ce site présente une réelle appartenance au</line>
<line>village de Xirocourt.</line></par>
<par>
<line>Localisé sur le plateau surplombant le village ancien, ce projet de zone d'extension</line>
<line>n'engendre aucun impact visuel sur le caractère patrimonial de Xirocourt. Secteur</line>
<line>offrant d'une part, sur sa partie Nord un plateau et deux pentes différentes : une</line>
<line>première orientée vers la rue de Verdun et une seconde vers la vallée du Madon.</line>
<line>Secteur permettant de densifier le nouveau quartier de l'école.</line></par>
<par>
<line>Secteur situé à l'écart des axes routiers traversant la commune de Xirocourt.</line></par>
<par>
<line>Notons la proximité des réseaux ainsi que l'implantation proche du futur dispositif de</line>
<line>traitement des eaux usées.</line></par>
</text>
</block>
<block><region><rect/></region>
<text>
<par>
<line>3-Principes d'aménagement retenus</line></par>
<par>
<line>Au regard du contexte existant, tout accès direct aux parcelles depuis le chemin de</line>
<line>Naboncourt est interdit.</line></par>
</text>
</block>
<block><region><rect/></region>
<text>
<par>
<line>6</line></par>
</text>
</block>

</page>
<page width="2480" height="3508" resolution="300">
<block><region><rect/></region>
<text>
<par>
<line>Afin d'assurer le meilleur fonctionnement urbain possible, il s'agit de créer une voirie</line>
<line>dont l'axe sera perpendiculaire au chemin de Naboncourt et permettra de desservir</line>
<line>deux lignes de constructions. Une aire de retournement est imposée à l'extrémité Est</line>
<line>de la future desserte routière afin de ne pas bloquer le potentiel de développement</line>
<line>de la commune vers le secteur Est du « Haut de la Vigne ». En outre, elle permettra</line>
<line>d'assurer la commodité de la circulation, l'accès et l'approche des moyens de lutte</line>
<line>contre l'incendie et passage de camions bennes pour ordures ménagères.</line></par>
<par>
<line>Afin de structurer ce nouveau quartier, l'orientation du faîtage principal des futures</line>
<line>constructions devra être parallèle à la rue.</line></par>
<par>
<line>Afin de maintenir la qualité paysagère du lieu, il s'agit de protéger et de conserver un</line>
<line>jeune verger qui constitue un espace de transition entre la zone 1AU et une</line>
<line>potentielle zone d'extension vers l'Est ainsi qu'un espace de verger au Sud-Est de</line>
<line>l'école du Madon.</line></par>
<par>
<line>Concernant les liaisons douces, il s'agira de poursuivre le cheminement piéton</line>
<line>existant longeant la limite Sud-Est du site de l'école du Madon. Le but est bien de</line>
<line>développer la notion de pédibus et d'assurer une liaison inter-quartier entre l'école et</line>
<line>le futur quartier résidentiel.</line></par>
<par>
<line>Afin de favoriser la densification urbaine, un programme d'habitat individuel et jumelé</line>
<line>avec une densité de l'ordre de 15 logements/ha devra être réalisé.</line></par>
<par>
<line>Afin de répondre aux objectifs du SDAGE, il s'agira d'encourager la rétention de l'eau</line>
<line>de pluie à la parcelle et l'infiltration des eaux pluviales directement sur la parcelle.</line></par>
</text>
</block>
<block><region><rect/></region>
<text>
<par>
<line>4-Classement de la zone dans le zonage du P.L.U.</line>
<line>Zone 1AU car secteur non équipé.</line></par>
</text>
</block>
<block><region><rect/></region>
<text>
<par>
<line>7</line></par>
</text>
</block>
</page>
<page width="2480" height="3508" resolution="300">
<block><region><rect/></region>
<text orientation="RotatedCounterclockwise">
<par>
<line>OAR HAUT DE LA VIGNE Commune de XIROCOURT</line></par>
</text>
</block>
<block><region><rect/><rect/></region>
<text>
<par/>
</text>
</block>
<block><region><rect/></region>
<text>
<par>
<line>II»</line></par>
</text>
</block>
<block><region><rect/></region>
<text>
<par>
<line>&lt;11 Zi</line></par>
</text>
</block>
<block><region><rect/></region>
<text>
<par>
<line>6 e</line></par>
</text>
</block>
<block><region><rect/></region>
<text>
<par>
<line>3 JH</line></par>
</text>
</block>
<block><region><rect/></region>
<text>
<par>
<line>2 *6</line></par>
</text>
</block>
<block><region><rect/></region>
<text>
<par>
<line>S £</line></par>
</text>
</block>
<block><region><rect/></region>
<text>
<par>
<line>'Soi</line></par>
</text>
</block>
<block><region><rect/></region>
<text>
<par/>
</text>
</block>
<block><region><rect/></region>
<text>
<par>
<line>N B</line></par>
</text>
</block>
<block><region><rect/></region>
<text>
<par>
<line>SS*</line></par>
</text>
</block>
<block><region><rect/></region>
<text>
<par>
<line>7</line></par>
</text>
</block>
<block><region><rect/></region>
<text>
<par>
<line>,£</line></par>
</text>
</block>
<block><region><rect/></region>
<text>
<par>
<line>Æ w&gt;i</line></par>
</text>
</block>
<block><region><rect/><rect/></region>
<text>
<par>
<line>g</line></par>
<par>
<line>Cl G -&lt;3</line></par>
</text>
</block>
<block><region><rect/></region>
<text>
<par/>
</text>
</block>
<block><region><rect/></region>
<text>
<par>
<line>□ Hli</line></par>
</text>
</block>
<block><region><rect/></region>
<text>
<par>
<line>4/4</line></par>
</text>
</block>
<block><region><rect/></region>
<text>
<par>
<line>r</line></par>
</text>
</block>
<block><region><rect/></region>
<text>
<par>
<line>*fe</line></par>
</text>
</block>
<block><region><rect/></region>
<text>
<par>
<line>ÏJS</line></par>
</text>
</block>
<block><region><rect/></region>
<text>
<par/>
</text>
</block>
<block><region><rect/></region>
<text>
<par/>
</text>
</block>
<block><region><rect/></region>
<text>
<par>
<line>/</line></par>
</text>
</block>
<block><region><rect/></region>
<text>
<par>
<line>/</line></par>
</text>
</block>
<block><region><rect/></region>
<text>
<par>
<line>/</line></par>
</text>
</block>
<block><region><rect/></region>
<text>
<par>
<line>/</line></par>
</text>
</block>
<block><region><rect/></region>
<text>
<par/>
</text>
</block>
<block><region><rect/></region>
<text>
<par>
<line>/</line></par>
</text>
</block>
<block><region><rect/></region>
<text>
<par>
<line>/</line></par>
</text>
</block>
<block><region><rect/></region>
<text>
<par/>
</text>
</block>
<block><region><rect/></region>
<text>
<par>
<line>/</line></par>
</text>
</block>
<block><region><rect/></region>
<text>
<par>
<line>/</line></par>
</text>
</block>
<block><region><rect/></region>
<text>
<par>
<line>V.</line></par>
</text>
</block>
<block><region><rect/></region>
<text>
<par/>
</text>
</block>
<block><region><rect/></region>
<text>
<par>
<line>/</line></par>
</text>
</block>
<block><region><rect/></region>
<text>
<par>
<line>/</line></par>
</text>
</block>
<block><region><rect/></region>
<text>
<par>
<line>••</line></par>
</text>
</block>
<block><region><rect/></region>
<text>
<par>
<line>/</line></par>
</text>
</block>
<block><region><rect/></region>
<text>
<par/>
</text>
</block>
<block><region><rect/></region>
<text>
<par>
<line>?*6iw</line></par>
</text>
</block>
<block><region><rect/></region>
<text>
<par>
<line>es»</line></par>
</text>
</block>
<block><region><rect/></region>
<text>
<par/>
</text>
</block>
<block><region><rect/></region>
<text>
<par>
<line>8</line></par>
</text>
</block>














</page>
<page width="2480" height="3508" resolution="300">
<block><region><rect/></region>
<text>
<par>
<line>Ces orientations d'aménagement répondent à différents objectifs communaux :</line></par>
<par>
<line>- poursuivre une urbanisation du village de façon mesurée ;</line></par>
<par>
<line>- développer l'urbanisation du village dans des secteurs n'affectant pas l'image</line>
<line>patrimoniale de Xirocourt ;</line></par>
<par>
<line>- tisser des liens entre le tissu ancien et le nouveau quartier ;</line></par>
<par>
<line>- proposer un schéma d'organisation cohérent.</line></par>
<par>
<line>La localisation de ces extensions urbaines à vocation d'habitat prévue au Plan Local</line>
<line>d'Urbanisme offre une insertion dans le site opportune à la fois pour une intégration</line>
<line>dans l'enveloppe bâtie et pour la qualité résidentielle des futures habitations.</line></par>
<par>
<line>Tout projet de construction doit respecter les principes énoncés ci-dessus afin de</line>
<line>garantir un développement résidentiel cohérent pour ces futurs secteurs à urbaniser.</line></par>
</text>
</block>
<block><region><rect/></region>
<text>
<par>
<line>9</line></par>
</text>
</block>
</page>
</OAP>