<?xml version="1.0" encoding="UTF-8"?><OAP>
<page width="2481" height="3508" resolution="300">
<block><region><rect/></region>
<text>
<par>
<line>Département de îa Meurthe et Moselle</line>
<line>Communauté de Communes de Vezouze en Piémont</line></par>
<par>
<line>COMMUNE DE XOUSSE</line></par>
</text>
</block>
<block><region><rect/></region>
<text>
<par>
<line>Plan Local d’Urbanisme</line></par>
</text>
</block>
<block><region><rect/></region>
<text>
<par>
<line>04 - Orientation d’aménagement</line>
<line>et de programmation</line></par>
</text>
</block>
<block blockType="Table" blockName="" l="326" t="1963" r="2214" b="2149"><region><rect/></region>
<row>
<cell rightBorder="White" width="885" height="63">
<text>
<par>
<line>Prescription de l’élaboration du PLU</line></par>
</text></cell>
<cell leftBorder="White" rightBorder="White" width="383" height="63">
<text>
<par>
<line>DCM</line></par>
</text></cell>
<cell leftBorder="White" width="620" height="63">
<text>
<par>
<line>18/08/2014</line></par>
</text></cell></row>
<row>
<cell rightBorder="White" width="885" height="59">
<text>
<par>
<line>Arrêt du projet de PLU</line></par>
</text></cell>
<cell leftBorder="White" rightBorder="White" width="383" height="59">
<text>
<par>
<line>DCM</line></par>
</text></cell>
<cell leftBorder="White" width="620" height="59">
<text>
<par>
<line>30/01/2017</line></par>
</text></cell></row>
<row>
<cell rightBorder="White" width="885" height="64">
<text>
<par>
<line>Approbation de la révision générale du PLU</line></par>
</text></cell>
<cell leftBorder="White" rightBorder="White" width="383" height="64">
<text>
<par>
<line>DCM</line></par>
</text></cell>
<cell leftBorder="White" width="620" height="64">
<text>
<par>
<line>19/02/2018</line></par>
</text></cell></row>
</block>
<block><region><rect/></region>
<text>
<par>
<line>APPROBATION DE LA REVISION DU POS ET SA</line></par>
</text>
</block>
<block><region><rect/><rect/><rect/></region>
<text>
<par>
<line>TRANSFORMATION EN PLU PAR D.</line></par>
</text>
</block>
<block><region><rect/></region>
<text>
<par>
<line>Date de référence : février</line></par>
</text>
</block>
<block><region><rect/></region>
<text>
<par>
<line>c</line></par>
</text>
</block>
<block><region><rect/></region>
<text>
<par>
<line>XOo.</line></par>
</text>
</block>
<block><region><rect/></region>
<text>
<par>
<line>^5</line></par>
</text>
</block>
<block><region><rect/></region>
<text>
<par/>
</text>
</block>
<block><region><rect/></region>
<text>
<par/>
</text>
</block>
<block><region><rect/></region>
<text>
<par>
<line>Uj</line></par>
</text>
</block>
<block><region><rect/></region>
<text>
<par/>
</text>
</block>
<block><region><rect/></region>
<text>
<par>
<line>DU 19/02/2018</line></par>
</text>
</block>
<block><region><rect/></region>
<text>
<par>
<line>.IJZ&amp;’l</line></par>
</text>
</block>
<block><region><rect/></region>
<text>
<par>
<line>~ Néant -</line></par>
</text>
</block>
<block><region><rect/></region>
<text>
<par>
<line>1 rue du Four</line>
<line>54520 Laxou</line>
<line>Tét : 03 83 26 34 54</line></par>
</text>
</block>
<block><region><rect/></region>
<text>
<par>
<line>1</line></par>
</text>
</block>














</page>
</OAP>